# i j distance_m; directed OSRM/OSM truck distance; depot 0 + customers 1..100
0 0 0.000
0 1 7045.400
0 2 1714.700
0 3 8050.500
0 4 7090.400
0 5 5784.100
0 6 5358.300
0 7 7511.400
0 8 5898.200
0 9 5926.200
0 10 7121.900
0 11 4364.500
0 12 4571.000
0 13 2734.600
0 14 8497.200
0 15 6017.500
0 16 7150.400
0 17 3234.700
0 18 6221.700
0 19 8195.800
0 20 6633.200
0 21 9227.200
0 22 8325.400
0 23 8825.600
0 24 5138.300
0 25 5379.800
0 26 5212.000
0 27 6772.400
0 28 1380.000
0 29 3705.100
0 30 5143.600
0 31 6913.300
0 32 5414.500
0 33 6955.700
0 34 9196.400
0 35 1164.300
0 36 4893.500
0 37 2830.100
0 38 5166.500
0 39 4129.300
0 40 3520.200
0 41 7015.400
0 42 7844.900
0 43 7880.000
0 44 4706.200
0 45 5933.700
0 46 3483.100
0 47 2599.100
0 48 4455.400
0 49 6992.800
0 50 3910.800
0 51 3505.300
0 52 8746.800
0 53 8134.700
0 54 9855.000
0 55 3125.800
0 56 4461.600
0 57 4236.900
0 58 5342.300
0 59 7702.200
0 60 4565.400
0 61 10563.400
0 62 3845.700
0 63 8003.100
0 64 8600.300
0 65 6425.900
0 66 4175.900
0 67 3966.900
0 68 1658.700
0 69 3419.800
0 70 3810.300
0 71 3153.300
0 72 5789.600
0 73 7168.200
0 74 7620.700
0 75 8242.800
0 76 8607.600
0 77 7683.400
0 78 7295.000
0 79 5183.000
0 80 4447.700
0 81 7479.700
0 82 4878.400
0 83 6462.800
0 84 8231.400
0 85 6368.500
0 86 7640.700
0 87 8166.800
0 88 7085.700
0 89 5050.400
0 90 3635.400
0 91 8967.600
0 92 5034.600
0 93 6360.600
0 94 2905.400
0 95 6454.400
0 96 6947.600
0 97 2627.600
0 98 7420.100
0 99 4494.300
0 100 8166.200
1 0 5591.100
1 1 0.000
1 2 4924.200
1 3 2743.900
1 4 5883.700
1 5 3441.000
1 6 8364.400
1 7 2204.800
1 8 10986.000
1 9 9068.500
1 10 8506.500
1 11 8768.000
1 12 5955.600
1 13 5827.300
1 14 3190.600
1 15 4586.300
1 16 4325.200
1 17 4547.000
1 18 7215.800
1 19 2889.200
1 20 11597.800
1 21 10611.800
1 22 8572.000
1 23 9942.300
1 24 10102.900
1 25 3758.100
1 26 8218.100
1 27 1794.500
1 28 5665.700
1 29 4767.900
1 30 7817.100
1 31 1935.500
1 32 8236.200
1 33 7797.300
1 34 11240.600
1 35 6174.200
1 36 6553.400
1 37 5565.100
1 38 5711.800
1 39 4234.600
1 40 7923.700
1 41 7498.000
1 42 9889.000
1 43 8942.500
1 44 3163.700
1 45 9259.800
1 46 6489.200
1 47 7005.000
1 48 7006.000
1 49 8377.400
1 50 5930.400
1 51 6637.300
1 52 7073.900
1 53 9519.300
1 54 9146.900
1 55 7348.500
1 56 4891.700
1 57 7243.000
1 58 9264.300
1 59 9425.600
1 60 7273.400
1 61 3893.000
1 62 8249.300
1 63 5984.500
1 64 3293.700
1 65 7810.500
1 66 6395.600
1 67 8231.800
1 68 7355.300
1 69 8530.300
1 70 7717.200
1 71 7418.100
1 72 1512.900
1 73 8755.500
1 74 8205.300
1 75 8154.300
1 76 3301.000
1 77 4519.300
1 78 9339.100
1 79 9586.500
1 80 8851.300
1 81 8864.200
1 82 8924.600
1 83 11427.400
1 84 5809.900
1 85 11333.100
1 86 5101.400
1 87 1496.300
1 88 871.000
1 89 6452.200
1 90 6061.400
1 91 9267.800
1 92 9999.100
1 93 7669.700
1 94 6548.700
1 95 5501.600
1 96 7651.700
1 97 4406.200
1 98 7017.700
1 99 3896.300
1 100 11362.800
2 0 666.900
2 1 6527.100
2 2 0.000
2 3 7532.100
2 4 6572.000
2 5 5265.800
2 6 4839.900
2 7 6993.000
2 8 5938.600
2 9 5405.500
2 10 6603.600
2 11 3843.800
2 12 4052.600
2 13 2216.300
2 14 7978.900
2 15 5499.100
2 16 6632.000
2 17 2716.300
2 18 6408.000
2 19 7677.500
2 20 6673.500
2 21 8708.900
2 22 7807.000
2 23 8307.200
2 24 5178.600
2 25 4861.500
2 26 4693.700
2 27 6254.000
2 28 1816.500
2 29 3186.700
2 30 4625.300
2 31 6395.000
2 32 4896.100
2 33 6437.400
2 34 8675.700
2 35 1249.900
2 36 4375.100
2 37 5192.600
2 38 4648.100
2 39 3610.900
2 40 2999.500
2 41 6494.700
2 42 7324.200
2 43 7361.700
2 44 4187.800
2 45 5415.300
2 46 2964.700
2 47 2080.800
2 48 3937.000
2 49 6474.500
2 50 3392.500
2 51 2986.900
2 52 8228.400
2 53 7616.400
2 54 9336.600
2 55 2607.500
2 56 5995.000
2 57 3718.500
2 58 4821.600
2 59 7181.400
2 60 4751.700
2 61 10045.100
2 62 3325.000
2 63 7484.800
2 64 8082.000
2 65 5907.500
2 66 4362.200
2 67 3778.100
2 68 2431.100
2 69 3606.100
2 70 3561.800
2 71 2904.800
2 72 5271.300
2 73 6647.500
2 74 7102.400
2 75 7724.500
2 76 8089.300
2 77 7165.000
2 78 6774.300
2 79 4662.300
2 80 3927.000
2 81 6961.300
2 82 4357.700
2 83 6503.200
2 84 7713.100
2 85 6408.900
2 86 9174.200
2 87 7648.400
2 88 6567.400
2 89 4532.100
2 90 5826.700
2 91 8449.200
2 92 5074.900
2 93 5842.300
2 94 2656.900
2 95 7987.900
2 96 7133.900
2 97 4684.900
2 98 6901.700
2 99 3975.900
2 100 8206.500
3 0 5390.700
3 1 1868.500
3 2 4723.900
3 3 0.000
3 4 6558.400
3 5 4232.500
3 6 8164.000
3 7 1587.300
3 8 10785.600
3 9 8868.100
3 10 9181.100
3 11 8567.600
3 12 6630.200
3 13 6224.600
3 14 1747.900
3 15 5260.900
3 16 6152.200
3 17 4346.600
3 18 6742.900
3 19 2271.700
3 20 11397.400
3 21 11286.400
3 22 9239.200
3 23 10609.500
3 24 9902.500
3 25 3557.700
3 26 8017.700
3 27 909.000
3 28 5465.300
3 29 5422.000
3 30 7949.400
3 31 1319.900
3 32 8220.200
3 33 8496.300
3 34 11040.200
3 35 5973.800
3 36 7207.600
3 37 5364.700
3 38 6410.900
3 39 4034.200
3 40 7723.300
3 41 7297.600
3 42 9688.600
3 43 9609.700
3 44 2963.300
3 45 8739.400
3 46 6288.800
3 47 6804.600
3 48 7261.100
3 49 9052.100
3 50 6584.600
3 51 6311.000
3 52 7748.600
3 53 10879.000
3 54 9814.100
3 55 7148.200
3 56 4806.000
3 57 7042.600
3 58 9063.900
3 59 9225.200
3 60 7073.000
3 61 5045.700
3 62 8048.900
3 63 6659.100
3 64 1851.000
3 65 8485.100
3 66 6195.200
3 67 8031.400
3 68 7154.900
3 69 8329.900
3 70 7516.800
3 71 7217.700
3 72 1974.200
3 73 8555.100
3 74 8872.500
3 75 8821.500
3 76 1858.300
3 77 5672.000
3 78 9138.700
3 79 9386.100
3 80 8650.900
3 81 9538.900
3 82 8724.200
3 83 11227.000
3 84 6962.500
3 85 11132.700
3 86 2698.600
3 87 2649.000
3 88 1285.000
3 89 7126.800
3 90 5861.000
3 91 9935.000
3 92 9798.700
3 93 8368.700
3 94 6348.300
3 95 4058.900
3 96 6209.000
3 97 4205.900
3 98 7709.900
3 99 4012.300
3 100 11162.400
4 0 6525.500
4 1 6414.400
4 2 6102.100
4 3 7611.100
4 4 0.000
4 5 3186.000
4 6 9126.700
4 7 7072.100
4 8 12177.300
4 9 10266.900
4 10 4139.300
4 11 9702.400
4 12 4036.600
4 13 5482.000
4 14 8249.600
4 15 1557.600
4 16 1709.700
4 17 5724.900
4 18 8414.100
4 19 6842.100
4 20 13729.100
4 21 5897.300
4 22 2284.400
4 23 4486.400
4 24 11037.300
4 25 4956.500
4 26 8824.600
4 27 6333.100
4 28 6843.600
4 29 4424.700
4 30 7215.700
4 31 6474.000
4 32 7634.700
4 33 3171.200
4 34 13187.200
4 35 7108.600
4 36 5024.500
4 37 6763.500
4 38 2707.600
4 39 4694.800
4 40 8858.100
4 41 8696.300
4 42 11835.700
4 43 3486.600
4 44 4266.900
4 45 8450.800
4 46 7118.200
4 47 7939.400
4 48 6660.700
4 49 5359.500
4 50 5330.400
4 51 6037.300
4 52 1627.200
4 53 4755.900
4 54 3691.000
4 55 8001.000
4 56 6090.000
4 57 7849.500
4 58 10462.600
4 59 10624.000
4 60 8471.700
4 61 5502.800
4 62 9183.700
4 63 3292.100
4 64 8161.000
4 65 4884.100
4 66 7593.900
4 67 8884.200
4 68 8289.700
4 69 9464.700
4 70 8028.100
4 71 8070.600
4 72 5350.300
4 73 9953.800
4 74 2604.500
4 75 2698.400
4 76 8047.100
4 77 4203.600
4 78 11285.800
4 79 10520.900
4 80 9785.700
4 81 4443.900
4 82 9577.000
4 83 12361.800
4 84 1141.000
4 85 12267.500
4 86 9269.200
4 87 5485.300
4 88 6646.400
4 89 4683.200
4 90 7259.800
4 91 3811.900
4 92 10933.500
4 93 3987.700
4 94 7201.200
4 95 8082.900
4 96 9148.200
4 97 5584.100
4 98 2021.200
4 99 3634.500
4 100 12554.100
5 0 4516.300
5 1 3534.300
5 2 3943.900
5 3 5503.800
5 4 3529.200
5 5 0.000
5 6 7581.200
5 7 4964.800
5 8 10026.100
5 9 8108.700
5 10 6152.000
5 11 7693.200
5 12 3601.000
5 13 3472.700
5 14 5656.000
5 15 2231.700
5 16 3123.000
5 17 3566.700
5 18 6255.900
5 19 4248.500
5 20 10523.000
5 21 8257.300
5 22 6217.500
5 23 7587.800
5 24 9028.000
5 25 2798.200
5 26 7071.500
5 27 3221.400
5 28 4685.300
5 29 2413.300
5 30 5462.600
5 31 3362.400
5 32 5881.600
5 33 5442.700
5 34 10280.700
5 35 5099.300
5 36 4198.900
5 37 4605.200
5 38 3357.300
5 39 2602.000
5 40 6848.900
5 41 6538.100
5 42 8929.200
5 43 6588.000
5 44 2108.600
5 45 6905.300
5 46 5363.700
5 47 5930.200
5 48 4651.500
5 49 6022.900
5 50 3575.900
5 51 4282.800
5 52 4719.400
5 53 7164.800
5 54 6792.400
5 55 6246.500
5 56 3931.800
5 57 6096.400
5 58 8304.400
5 59 8465.800
5 60 6313.500
5 61 5001.900
5 62 7174.500
5 63 3629.900
5 64 5875.700
5 65 5455.900
5 66 5435.700
5 67 7129.700
5 68 6280.500
5 69 6191.800
5 70 6275.000
5 71 6316.000
5 72 2238.600
5 73 7795.600
5 74 5850.800
5 75 5799.800
5 76 5453.500
5 77 2121.800
5 78 8379.300
5 79 8511.700
5 80 7776.500
5 81 6509.700
5 82 7822.500
5 83 10352.600
5 84 4650.400
5 85 10258.300
5 86 6402.600
5 87 2605.200
5 88 3631.000
5 89 4097.700
5 90 5101.500
5 91 6913.300
5 92 8924.300
5 93 5315.100
5 94 5446.600
5 95 5924.700
5 96 6989.900
5 97 3425.900
5 98 4663.200
5 99 1541.800
5 100 10402.900
6 0 5214.500
6 1 9005.200
6 2 5574.200
6 3 10010.200
6 4 8357.300
6 5 7156.600
6 6 0.000
6 7 9471.200
6 8 8571.800
6 9 8038.700
6 10 6287.700
6 11 6449.700
6 12 5775.400
6 13 4673.500
6 14 10457.000
6 15 7647.500
6 16 8780.400
6 17 5194.500
6 18 9952.300
6 19 10155.600
6 20 9306.800
6 21 6170.700
6 22 8644.700
6 23 7399.300
6 24 7811.800
6 25 7339.600
6 26 2820.700
6 27 8732.200
6 28 6315.600
6 29 5664.900
6 30 1936.100
6 31 8873.100
6 32 1216.200
6 33 7278.600
6 34 11308.900
6 35 5149.200
6 36 4298.500
6 37 7765.700
6 38 6796.500
6 39 6089.000
6 40 5601.900
6 41 9127.900
6 42 9957.400
6 43 6983.400
6 44 6665.900
6 45 1559.600
6 46 2822.300
6 47 5740.700
6 48 2916.600
6 49 4959.000
6 50 4249.900
6 51 3844.300
6 52 9508.400
6 53 6417.300
6 54 9024.700
6 55 4312.600
6 56 8473.200
6 57 2737.500
6 58 7454.800
6 59 9814.700
6 60 8296.000
6 61 12158.500
6 62 5958.300
6 63 9633.200
6 64 10560.100
6 65 5252.700
6 66 7995.600
6 67 4073.300
6 68 6107.800
6 69 7239.500
6 70 2916.100
6 71 3727.100
6 72 7749.400
6 73 9280.800
6 74 7569.600
6 75 7412.600
6 76 10567.400
6 77 9278.400
6 78 9407.500
6 79 7264.700
6 80 6560.300
6 81 5762.300
6 82 4766.100
6 83 9136.400
6 84 9498.400
6 85 9042.100
6 86 11652.300
6 87 9761.800
6 88 9045.500
6 89 5120.100
6 90 8571.000
6 91 7541.300
6 92 7708.100
6 93 7142.100
6 94 4006.500
6 95 10466.000
6 96 10678.200
6 97 7163.000
6 98 8093.300
6 99 6454.100
6 100 10839.700
7 0 6435.000
7 1 2324.200
7 2 5768.200
7 3 1779.900
7 4 6969.000
7 5 5420.900
7 6 9208.300
7 7 0.000
7 8 10955.300
7 9 9809.700
7 10 9978.000
7 11 9611.900
7 12 7674.500
7 13 7268.900
7 14 1731.300
7 15 6305.200
7 16 7162.200
7 17 5390.900
7 18 6842.900
7 19 1034.400
7 20 12441.700
7 21 12330.700
7 22 8782.200
7 23 10479.400
7 24 10946.800
7 25 4602.000
7 26 9062.000
7 27 1953.300
7 28 6509.600
7 29 6747.700
7 30 8993.700
7 31 2779.400
7 32 9264.500
7 33 8513.400
7 34 11981.700
7 35 7018.100
7 36 8533.300
7 37 6429.100
7 38 7455.200
7 39 5078.600
7 40 8767.600
7 41 8239.200
7 42 10630.200
7 43 9479.600
7 44 4007.600
7 45 9783.700
7 46 7333.100
7 47 7848.900
7 48 8305.400
7 49 10096.400
7 50 7910.200
7 51 7355.300
7 52 8125.100
7 53 10748.900
7 54 9099.900
7 55 8192.500
7 56 4906.000
7 57 8086.900
7 58 10005.400
7 59 10296.100
7 60 8014.500
7 61 3817.100
7 62 9093.200
7 63 8114.800
7 64 1951.000
7 65 9529.400
7 66 7259.500
7 67 9075.700
7 68 8199.200
7 69 8015.600
7 70 8561.100
7 71 8262.000
7 72 3018.500
7 73 9496.600
7 74 8871.300
7 75 9865.800
7 76 1528.800
7 77 6033.100
7 78 10080.300
7 79 10430.400
7 80 9695.200
7 81 10282.600
7 82 9768.500
7 83 12271.300
7 84 5734.000
7 85 12177.000
7 86 2477.900
7 87 2565.300
7 88 1768.700
7 89 8171.100
7 90 6925.400
7 91 10979.300
7 92 10843.100
7 93 9413.100
7 94 7392.600
7 95 4158.900
7 96 6309.000
7 97 5250.200
7 98 8120.600
7 99 5056.700
7 100 12206.700
8 0 5606.600
8 1 9812.300
8 2 7496.600
8 3 10377.000
8 4 10870.700
8 5 8544.800
8 6 7861.200
8 7 10192.900
8 8 0.000
8 9 1142.800
8 10 11004.100
8 11 1893.100
8 12 8453.200
8 13 6616.800
8 14 10353.500
8 15 9573.200
8 16 10464.500
8 17 7116.900
8 18 3646.400
8 19 10877.300
8 20 1816.500
8 21 13109.400
8 22 13551.500
8 23 12707.800
8 24 2424.100
8 25 6908.700
8 26 6674.300
8 27 9539.300
8 28 5752.900
8 29 7587.300
8 30 7507.100
8 31 8871.400
8 32 7917.500
8 33 10837.900
8 34 3170.000
8 35 4984.100
8 36 8775.600
8 37 5236.100
8 38 9048.600
8 39 8011.400
8 40 3852.000
8 41 2477.700
8 42 1818.400
8 43 11762.200
8 44 7473.000
8 45 8436.600
8 46 6629.500
8 47 4270.300
8 48 7550.700
8 49 10875.000
8 50 7793.000
8 51 7387.500
8 52 12060.900
8 53 12016.900
8 54 14126.400
8 55 4657.700
8 56 5883.800
8 57 6739.800
8 58 2040.200
8 59 3164.500
8 60 3301.800
8 61 13660.000
8 62 2928.600
8 63 10971.400
8 64 8537.800
8 65 10308.100
8 66 3849.300
8 67 5082.500
8 68 4483.900
8 69 3093.200
8 70 6048.700
8 71 5945.700
8 72 8556.500
8 73 2630.600
8 74 11502.900
8 75 13133.800
8 76 10463.900
8 77 10450.300
8 78 1268.500
8 79 3692.200
8 80 3530.600
8 81 11361.800
8 82 5082.000
8 83 3748.600
8 84 11991.800
8 85 2603.500
8 86 8923.600
8 87 11150.000
8 88 9852.600
8 89 8932.600
8 90 5136.600
8 91 14247.300
8 92 2320.300
8 93 10242.800
8 94 6218.100
8 95 7876.600
8 96 5299.600
8 97 5908.800
8 98 11302.200
8 99 8324.700
8 100 2762.100
9 0 6507.900
9 1 9208.600
9 2 6846.700
9 3 9567.600
9 4 10322.600
9 5 7941.000
9 6 7211.300
9 7 9383.500
9 8 1142.800
9 9 0.000
9 10 10354.100
9 11 1890.400
9 12 7803.200
9 13 5966.800
9 14 9544.100
9 15 9249.700
9 16 10382.600
9 17 6466.900
9 18 3485.300
9 19 10067.900
9 20 2779.800
9 21 12459.400
9 22 11557.600
9 23 12057.800
9 24 2421.300
9 25 6305.000
9 26 6024.300
9 27 8935.500
9 28 5750.100
9 29 6937.300
9 30 6857.200
9 31 8267.700
9 32 7267.500
9 33 10187.900
9 34 3514.300
9 35 5058.400
9 36 8125.700
9 37 4677.000
9 38 8398.700
9 39 7361.500
9 40 3590.400
9 41 2660.800
9 42 2162.700
9 43 11112.200
9 44 6869.300
9 45 7786.700
9 46 5979.500
9 47 4308.800
9 48 6900.800
9 49 10225.100
9 50 7143.100
9 51 6737.500
9 52 11979.000
9 53 11366.900
9 54 13087.200
9 55 4007.700
9 56 5280.000
9 57 6089.900
9 58 897.400
9 59 3347.600
9 60 1829.000
9 61 12850.500
9 62 2278.700
9 63 11235.400
9 64 7728.400
9 65 9658.100
9 66 3846.600
9 67 4432.500
9 68 4481.200
9 69 3090.500
9 70 5398.800
9 71 5295.800
9 72 7952.800
9 73 2813.700
9 74 10852.900
9 75 11475.100
9 76 9654.500
9 77 9846.500
9 78 1612.800
9 79 4485.800
9 80 2880.700
9 81 10711.900
9 82 5012.100
9 83 3745.900
9 84 11463.600
9 85 3651.600
9 86 8114.100
9 87 10546.300
9 88 9248.900
9 89 8282.600
9 90 3924.700
9 91 12199.800
9 92 2317.600
9 93 9592.800
9 94 5568.100
9 95 7272.900
9 96 4211.100
9 97 5305.100
9 98 10652.300
9 99 7726.500
9 100 3725.300
10 0 6398.300
10 1 10589.500
10 2 7035.600
10 3 11594.500
10 4 3178.300
10 5 7176.900
10 6 6129.600
10 7 11055.500
10 8 11670.000
10 9 11136.900
10 10 0.000
10 11 9575.200
10 12 3772.800
10 13 5354.700
10 14 12041.300
10 15 4666.700
10 16 4888.000
10 17 6655.900
10 18 12397.500
10 19 10020.400
10 20 12405.000
10 21 2211.300
10 22 2832.000
10 23 1586.700
10 24 10910.000
10 25 8939.800
10 26 6714.700
10 27 10316.500
10 28 7777.000
10 29 5269.800
10 30 4852.500
10 31 10457.400
10 32 5125.900
10 33 1466.000
10 34 14407.100
10 35 6981.300
10 36 4055.400
10 37 9227.100
10 38 3666.700
10 39 7169.100
10 40 8730.900
10 41 12226.100
10 42 13055.600
10 43 1170.700
10 44 8250.200
10 45 5453.700
10 46 5999.700
10 47 7812.200
10 48 5202.500
10 49 1677.900
10 50 4361.300
10 51 5068.200
10 52 3695.800
10 53 1417.400
10 54 3212.100
10 55 7031.900
10 56 10073.400
10 57 5914.900
10 58 10553.000
10 59 12912.900
10 60 10483.100
10 61 8681.100
10 62 9056.500
10 63 7397.300
10 64 12144.400
10 65 1945.300
10 66 10093.600
10 67 7250.700
10 68 8162.500
10 69 9337.500
10 70 6093.600
10 71 6904.500
10 72 9333.700
10 73 12379.000
10 74 1756.900
10 75 1600.000
10 76 12151.700
10 77 7381.900
10 78 12505.700
10 79 10393.700
10 80 9658.500
10 81 762.300
10 82 7943.500
10 83 12234.600
10 84 4319.300
10 85 12140.300
10 86 13252.600
10 87 9782.200
10 88 10629.800
10 89 4514.000
10 90 10032.400
10 91 1728.700
10 92 10806.300
10 93 3418.400
10 94 6232.000
10 95 12066.300
10 96 13131.500
10 97 8624.400
10 98 2280.600
10 99 6108.900
10 100 13937.900
11 0 4189.800
11 1 8843.000
11 2 5412.000
11 3 10339.000
11 4 8887.900
11 5 7581.700
11 6 5776.600
11 7 9308.900
11 8 2748.900
11 9 2343.000
11 10 8919.500
11 11 0.000
11 12 6368.500
11 13 4532.200
11 14 10315.400
11 15 7815.000
11 16 8947.900
11 17 5032.200
11 18 4256.600
11 19 9993.400
11 20 3483.900
11 21 11024.800
11 22 10122.900
11 23 10623.100
11 24 1989.000
11 25 7076.300
11 26 4589.600
11 27 8570.000
11 28 4336.000
11 29 5502.600
11 30 5422.500
11 31 8710.900
11 32 5832.800
11 33 8753.300
11 34 5613.200
11 35 3567.200
11 36 6691.000
11 37 3262.900
11 38 6964.000
11 39 5926.800
11 40 1686.800
11 41 3432.200
11 42 4261.700
11 43 9677.600
11 44 6503.700
11 45 6352.000
11 46 4544.800
11 47 2853.400
11 48 5466.100
11 49 8790.400
11 50 5708.400
11 51 5302.800
11 52 10544.300
11 53 9932.300
11 54 11652.500
11 55 2573.100
11 56 6051.400
11 57 4655.200
11 58 1759.100
11 59 4119.000
11 60 2600.400
11 61 12361.000
11 62 1511.800
11 63 9800.700
11 64 8499.800
11 65 8223.400
11 66 2432.400
11 67 2997.900
11 68 3067.000
11 69 1676.300
11 70 3964.100
11 71 3861.100
11 72 7587.200
11 73 3585.100
11 74 9418.300
11 75 10040.400
11 76 10425.800
11 77 9480.900
11 78 3711.800
11 79 3207.600
11 80 2113.800
11 81 9277.200
11 82 3248.400
11 83 3313.500
11 84 10029.000
11 85 3219.200
11 86 8885.500
11 87 9964.300
11 88 8883.300
11 89 6848.000
11 90 3896.900
11 91 10765.100
11 92 1885.200
11 93 8158.200
11 94 4133.500
11 95 8044.200
11 96 4982.500
11 97 4360.200
11 98 9217.600
11 99 6291.800
11 100 5016.900
12 0 3585.800
12 1 7399.500
12 2 4223.100
12 3 8247.000
12 4 2834.800
12 5 3865.100
12 6 6267.000
12 7 7708.000
12 8 8857.500
12 9 8324.400
12 10 2720.500
12 11 6762.700
12 12 0.000
12 13 2542.300
12 14 8693.800
12 15 2125.800
12 16 3258.700
12 17 3843.400
12 18 9050.000
12 19 8113.600
12 20 9592.500
12 21 4825.800
12 22 4029.500
12 23 4424.200
12 24 8097.600
12 25 5592.400
12 26 6852.200
12 27 6969.000
12 28 4964.600
12 29 2457.300
12 30 4278.400
12 31 7109.900
12 32 4697.400
12 33 2729.900
12 34 11594.600
12 35 4168.900
12 36 2087.300
12 37 6414.700
12 38 1125.800
12 39 4306.500
12 40 5918.400
12 41 9413.600
12 42 10243.100
12 43 3478.600
12 44 4902.800
12 45 5591.100
12 46 4180.900
12 47 4999.700
12 48 3721.000
12 49 2591.400
12 50 2393.100
12 51 3100.000
12 52 4495.500
12 53 3733.300
12 54 5453.500
12 55 5063.700
12 56 6725.900
12 57 4912.200
12 58 7740.600
12 59 10100.400
12 60 7670.700
12 61 7663.800
12 62 6244.000
12 63 4584.900
12 64 8796.900
12 65 2024.500
12 66 7281.100
12 67 5946.900
12 68 5350.000
12 69 6525.000
12 70 5090.800
12 71 5133.300
12 72 5986.200
12 73 9566.500
12 74 3324.900
12 75 3841.400
12 76 8804.200
12 77 5244.200
12 78 9693.200
12 79 7581.200
12 80 6846.000
12 81 3078.200
12 82 6639.700
12 83 9422.100
12 84 3975.800
12 85 9327.800
12 86 9905.100
12 87 6470.400
12 88 7496.100
12 89 1743.500
12 90 7219.900
12 91 4566.200
12 92 7993.800
12 93 1959.200
12 94 4263.900
12 95 8718.800
12 96 9784.100
12 97 5811.900
12 98 3124.200
12 99 3364.700
12 100 11125.500
13 0 1786.600
13 1 5854.900
13 2 2423.900
13 3 6859.900
13 4 4355.800
13 5 3049.500
13 6 4278.000
13 7 6320.800
13 8 7058.200
13 9 6525.100
13 10 4387.300
13 11 4963.400
13 12 1836.400
13 13 0.000
13 14 7306.700
13 15 3282.900
13 16 4415.700
13 17 2044.100
13 18 7527.700
13 19 7298.000
13 20 7793.200
13 21 6492.600
13 22 5590.800
13 23 6091.000
13 24 6298.300
13 25 4189.300
13 26 4131.800
13 27 5581.800
13 28 3165.300
13 29 1501.800
13 30 2610.000
13 31 5722.800
13 32 3358.900
13 33 4221.100
13 34 9795.400
13 35 2369.600
13 36 2174.900
13 37 4615.400
13 38 2431.900
13 39 2938.700
13 40 4119.100
13 41 7614.300
13 42 8443.800
13 43 5145.400
13 44 3515.600
13 45 4468.700
13 46 2402.800
13 47 3200.400
13 48 1855.500
13 49 4258.200
13 50 1250.900
13 51 1321.900
13 52 6012.200
13 53 5400.100
13 54 7120.400
13 55 3285.600
13 56 5322.800
13 57 3156.600
13 58 5941.300
13 59 8301.100
13 60 5871.400
13 61 8051.400
13 62 4444.700
13 63 5268.500
13 64 7409.700
13 65 3691.300
13 66 5481.800
13 67 4168.800
13 68 3550.800
13 69 4725.700
13 70 3374.100
13 71 3355.200
13 72 4599.000
13 73 7767.200
13 74 4886.100
13 75 5508.200
13 76 7417.000
13 77 5171.400
13 78 7893.900
13 79 5781.900
13 80 5046.700
13 81 4745.000
13 82 4861.600
13 83 7622.800
13 84 5496.800
13 85 7528.600
13 86 8502.000
13 87 5654.800
13 88 5895.200
13 89 2315.800
13 90 5420.600
13 91 6233.000
13 92 6194.600
13 93 3626.000
13 94 2485.800
13 95 7315.700
13 96 8253.500
13 97 4012.700
13 98 4685.400
13 99 2549.000
13 100 9326.200
14 0 6992.500
14 1 2898.200
14 2 6325.600
14 3 1734.200
14 4 7740.100
14 5 5834.300
14 6 9765.800
14 7 1550.100
14 8 10786.300
14 9 9640.700
14 10 10782.900
14 11 10169.400
14 12 8232.000
14 13 7826.400
14 14 0.000
14 15 6862.700
14 16 7933.300
14 17 5948.400
14 18 6673.900
14 19 1599.000
14 20 12855.400
14 21 12888.200
14 22 10841.000
14 23 11250.500
14 24 11360.500
14 25 5159.500
14 26 9619.500
14 27 2510.800
14 28 7067.100
14 29 7023.800
14 30 9551.100
14 31 2516.300
14 32 9822.000
14 33 9284.400
14 34 11812.800
14 35 7575.500
14 36 8809.400
14 37 6260.100
14 38 8012.700
14 39 5636.000
14 40 9325.100
14 41 8070.200
14 42 10461.200
14 43 10250.700
14 44 4565.100
14 45 10341.200
14 46 7890.600
14 47 8406.400
14 48 8862.900
14 49 10653.800
14 50 8186.400
14 51 7912.800
14 52 8896.100
14 53 11519.900
14 54 9870.900
14 55 8749.900
14 56 4737.100
14 57 8644.400
14 58 9836.500
14 59 10127.100
14 60 7845.600
14 61 4588.100
14 62 9650.700
14 63 8885.900
14 64 1782.100
14 65 10086.900
14 66 7090.600
14 67 9633.200
14 68 8756.700
14 69 7846.700
14 70 9118.600
14 71 8819.500
14 72 3576.000
14 73 9327.700
14 74 9642.400
14 75 10423.300
14 76 845.500
14 77 6804.100
14 78 9911.300
14 79 10987.900
14 80 10252.700
14 81 11140.700
14 82 10326.000
14 83 12685.000
14 84 6505.000
14 85 12590.700
14 86 1493.200
14 87 3336.400
14 88 2342.700
14 89 8728.600
14 90 6756.400
14 91 11536.800
14 92 11256.700
14 93 9970.500
14 94 7950.100
14 95 3989.900
14 96 6140.000
14 97 6296.200
14 98 8891.600
14 99 5614.100
14 100 11941.600
15 0 4967.900
15 1 5485.000
15 2 4866.800
15 3 6375.800
15 4 1539.100
15 5 1950.700
15 6 7569.100
15 7 5836.800
15 8 10941.900
15 9 9031.600
15 10 4022.600
15 11 8144.800
15 12 2479.000
15 13 3924.300
15 14 6822.600
15 15 0.000
15 16 1132.900
15 17 4489.600
15 18 7178.800
15 19 6199.200
15 20 10974.600
15 21 6127.900
15 22 3386.500
15 23 4704.900
15 24 9479.700
15 25 3721.100
15 26 7267.000
15 27 5097.800
15 28 5608.200
15 29 2867.100
15 30 5658.100
15 31 5238.700
15 32 6077.100
15 33 3235.400
15 34 11951.900
15 35 5551.000
15 36 3466.900
15 37 5528.100
15 38 1150.000
15 39 3137.200
15 40 7300.500
15 41 7461.000
15 42 10600.400
15 43 3705.100
15 44 3031.500
15 45 6893.200
15 46 5560.600
15 47 6381.800
15 48 5103.100
15 49 3893.500
15 50 3772.800
15 51 4479.700
15 52 2729.300
15 53 5035.400
15 54 4793.000
15 55 6443.400
15 56 4854.700
15 57 6291.900
15 58 9122.700
15 59 9388.700
15 60 7236.400
15 61 5735.800
15 62 7626.100
15 63 2658.000
15 64 6925.700
15 65 3326.500
15 66 6358.600
15 67 7326.600
15 68 6732.100
15 69 7907.100
15 70 6470.500
15 71 6513.000
15 72 4115.000
15 73 8718.500
15 74 3096.800
15 75 3800.500
15 76 6933.000
15 77 3442.500
15 78 10050.500
15 79 8963.300
15 80 8228.100
15 81 4380.300
15 82 8019.400
15 83 10804.200
15 84 2680.100
15 85 10709.900
15 86 8033.900
15 87 4556.000
15 88 5411.100
15 89 3125.600
15 90 6024.400
15 91 4914.000
15 92 9375.900
15 93 3107.800
15 94 5643.500
15 95 6847.600
15 96 7912.800
15 97 4348.800
15 98 2455.900
15 99 2076.900
15 100 11318.700
16 0 6105.500
16 1 4704.700
16 2 5682.100
16 3 6674.200
16 4 1767.600
16 5 2766.000
16 6 8706.700
16 7 6135.100
16 8 11757.200
16 9 9846.900
16 10 5160.200
16 11 9282.400
16 12 3616.600
16 13 5061.900
16 14 6826.400
16 15 1137.600
16 16 0.000
16 17 5304.900
16 18 7994.100
16 19 5418.800
16 20 13309.000
16 21 7265.400
16 22 3615.000
16 23 5278.000
16 24 10617.200
16 25 4536.400
16 26 8404.600
16 27 5913.100
16 28 6423.500
16 29 4004.700
16 30 6795.700
16 31 6054.000
16 32 7214.700
16 33 3311.900
16 34 12767.200
16 35 6688.500
16 36 4604.500
16 37 6343.400
16 38 2287.600
16 39 4274.700
16 40 8438.100
16 41 8276.300
16 42 11415.700
16 43 4278.200
16 44 3846.800
16 45 8030.800
16 46 6698.200
16 47 7519.400
16 48 6240.700
16 49 5031.100
16 50 4910.400
16 51 5617.300
16 52 2957.800
16 53 5547.400
16 54 5021.500
16 55 7581.000
16 56 5670.000
16 57 7429.500
16 58 10042.600
16 59 10204.000
16 60 8051.700
16 61 4660.200
16 62 8763.700
16 63 1582.400
16 64 7046.100
16 65 4464.100
16 66 7173.900
16 67 8464.200
16 68 7869.700
16 69 9044.700
16 70 7608.100
16 71 7650.500
16 72 4930.300
16 73 9533.800
16 74 3669.900
16 75 4029.000
16 76 6623.900
16 77 2309.600
16 78 10865.800
16 79 10100.900
16 80 9365.700
16 81 5517.900
16 82 9157.000
16 83 11941.800
16 84 2602.800
16 85 11847.500
16 86 7573.000
16 87 3775.600
16 88 4801.300
16 89 4263.200
16 90 6839.700
16 91 5142.500
16 92 10513.500
16 93 3874.200
16 94 6781.100
16 95 7662.900
16 96 8728.100
16 97 5164.100
16 98 2919.100
16 99 3214.500
16 100 12134.000
17 0 1996.100
17 1 4013.500
17 2 1329.200
17 3 5018.500
17 4 4612.100
17 5 2747.000
17 6 4769.400
17 7 4479.400
17 8 7267.800
17 9 6734.700
17 10 6103.500
17 11 5173.000
17 12 3552.500
17 13 2378.500
17 14 5465.300
17 15 3775.400
17 16 4666.700
17 17 0.000
17 18 5805.500
17 19 5163.800
17 20 8002.800
17 21 8208.700
17 22 7753.700
17 23 9124.000
17 24 6507.800
17 25 2347.900
17 26 4623.100
17 27 3740.400
17 28 2070.700
17 29 1739.800
17 30 4554.700
17 31 3881.400
17 32 4825.600
17 33 6139.900
17 34 10004.900
17 35 2579.100
17 36 3710.100
17 37 3520.700
17 38 4054.400
17 39 1097.300
17 40 4328.700
17 41 6087.700
17 42 8653.400
17 43 8124.200
17 44 1674.200
17 45 5344.800
17 46 2894.200
17 47 3410.000
17 48 3866.500
17 49 5974.400
17 50 3321.900
17 51 2916.400
17 52 6263.100
17 53 7116.200
17 54 8328.600
17 55 3753.500
17 56 3481.400
17 57 3648.000
17 58 6150.800
17 59 8510.700
17 60 5863.100
17 61 7531.500
17 62 4654.300
17 63 5172.000
17 64 5568.300
17 65 5407.400
17 66 3974.200
17 67 4636.700
17 68 3760.300
17 69 4935.300
17 70 4122.200
17 71 3823.100
17 72 2757.700
17 73 7976.800
17 74 6001.300
17 75 7336.000
17 76 5575.600
17 77 4651.400
17 78 8103.500
17 79 5991.500
17 80 5256.300
17 81 6461.200
17 82 5329.500
17 83 7832.400
17 84 5753.100
17 85 7738.100
17 86 6660.600
17 87 5134.800
17 88 4053.800
17 89 4049.100
17 90 4326.000
17 91 8449.500
17 92 6404.100
17 93 5200.900
17 94 2953.700
17 95 5474.300
17 96 6539.600
17 97 2918.000
17 98 5360.300
17 99 1462.300
17 100 9535.700
18 0 6195.100
18 1 7832.800
18 2 5472.800
18 3 6668.800
18 4 8616.600
18 5 6290.700
18 6 9965.800
18 7 6484.700
18 8 4601.700
18 9 3456.200
18 10 11239.400
18 11 4644.900
18 12 8688.400
18 13 7149.700
18 14 6645.300
18 15 7319.100
18 16 8210.400
18 17 6404.800
18 18 0.000
18 19 7169.100
18 20 6670.800
18 21 13344.700
18 22 11297.400
18 23 12667.800
18 24 5175.900
18 25 4654.600
18 26 8778.800
18 27 7445.400
18 28 4325.600
18 29 7480.300
18 30 9611.700
18 31 6691.200
18 32 10022.100
18 33 10554.600
18 34 5628.200
18 35 5572.500
18 36 9265.900
18 37 2875.500
18 38 8469.100
18 39 6092.500
18 40 6345.000
18 41 1885.600
18 42 4276.700
18 43 11667.900
18 44 5219.000
18 45 10541.200
18 46 7594.500
18 47 4858.700
18 48 8653.200
18 49 11110.300
18 50 8048.600
18 51 7643.100
18 52 9806.800
18 53 12937.200
18 54 11872.300
18 55 6762.300
18 56 3629.700
18 57 8844.400
18 58 3651.900
18 59 3813.300
18 60 1661.000
18 61 9951.800
18 62 5033.200
18 63 8717.300
18 64 4829.600
18 65 10543.300
18 66 4049.500
18 67 7187.100
18 68 5072.300
18 69 3293.400
18 70 8153.300
18 71 7015.700
18 72 6302.400
18 73 3143.100
18 74 10930.700
18 75 10879.800
18 76 6755.700
18 77 8196.200
18 78 3726.800
18 79 7240.300
18 80 4169.600
18 81 11597.100
18 82 7766.700
18 83 6500.400
18 84 9737.800
18 85 6406.100
18 86 5215.300
18 87 8700.000
18 88 7277.300
18 89 9185.100
18 90 2953.400
18 91 11993.300
18 92 5072.200
18 93 10427.000
18 94 6767.800
18 95 5280.900
18 96 1083.400
18 97 3548.200
18 98 9768.100
18 99 6070.600
18 100 5757.000
19 0 6687.200
19 1 2576.400
19 2 6020.300
19 3 2032.000
19 4 6640.600
19 5 5092.400
19 6 9460.400
19 7 1228.300
19 8 11207.400
19 9 10061.900
19 10 9649.600
19 11 9864.100
19 12 8481.600
19 13 7521.100
19 14 1618.700
19 15 7112.300
19 16 6833.800
19 17 5643.100
19 18 7095.100
19 19 0.000
19 20 12693.900
19 21 11403.200
19 22 8453.800
19 23 10151.000
19 24 11198.900
19 25 4854.200
19 26 9314.200
19 27 2205.400
19 28 6761.700
19 29 6419.300
19 30 9468.500
19 31 3031.500
19 32 9516.700
19 33 8184.900
19 34 12233.900
19 35 7270.200
19 36 8204.800
19 37 6681.200
19 38 7363.200
19 39 5330.700
19 40 9019.800
19 41 8491.300
19 42 10882.400
19 43 9151.200
19 44 4259.800
19 45 10035.900
19 46 7585.200
19 47 8101.100
19 48 8557.500
19 49 10903.400
19 50 7581.800
19 51 7607.500
19 52 7796.600
19 53 10420.400
19 54 8771.400
19 55 8444.600
19 56 5158.200
19 57 8339.100
19 58 10257.600
19 59 10548.200
19 60 8266.700
19 61 3488.600
19 62 9345.300
19 63 7786.300
19 64 2203.200
19 65 10336.500
19 66 7511.700
19 67 9327.800
19 68 8451.400
19 69 8267.800
19 70 8813.200
19 71 8514.200
19 72 3270.600
19 73 9748.800
19 74 8542.900
19 75 8867.800
19 76 1416.300
19 77 5704.600
19 78 10332.500
19 79 10682.600
19 80 9947.400
19 81 9954.100
19 82 10020.600
19 83 12523.500
19 84 5405.500
19 85 12429.200
19 86 2365.400
19 87 2236.800
19 88 2020.800
19 89 8978.200
19 90 7177.500
19 91 9981.300
19 92 11095.200
19 93 9321.000
19 94 7644.800
19 95 4411.000
19 96 6561.100
19 97 5502.300
19 98 7792.100
19 99 5308.800
19 100 12458.800
20 0 6339.200
20 1 11660.200
20 2 8229.200
20 3 12014.000
20 4 11705.100
20 5 10398.900
20 6 8593.800
20 7 11829.900
20 8 1816.500
20 9 2779.800
20 10 11736.700
20 11 2625.700
20 12 9185.700
20 13 7349.300
20 14 11990.500
20 15 10632.200
20 16 11765.100
20 17 7849.400
20 18 5283.400
20 19 12514.300
20 20 0.000
20 21 13842.000
20 22 12940.100
20 23 13440.300
20 24 1960.400
20 25 8545.700
20 26 7406.800
20 27 11387.100
20 28 6485.400
20 29 8319.800
20 30 8239.700
20 31 11528.100
20 32 8650.000
20 33 11570.500
20 34 4807.000
20 35 5716.700
20 36 9508.200
20 37 5412.300
20 38 9781.200
20 39 8744.000
20 40 4584.600
20 41 4114.700
20 42 3455.400
20 43 12494.800
20 44 9320.900
20 45 9169.200
20 46 7362.000
20 47 5002.800
20 48 8283.300
20 49 11607.600
20 50 8525.600
20 51 8120.000
20 52 13361.500
20 53 12749.500
20 54 14469.700
20 55 5390.300
20 56 7520.700
20 57 7472.400
20 58 3908.600
20 59 4801.500
20 60 4749.800
20 61 15178.200
20 62 3661.200
20 63 12617.900
20 64 10174.800
20 65 11040.600
20 66 4581.900
20 67 5815.000
20 68 5216.500
20 69 3825.800
20 70 6781.300
20 71 6678.300
20 72 10404.300
20 73 4267.600
20 74 12235.400
20 75 12857.600
20 76 12100.900
20 77 12298.100
20 78 2905.500
20 79 1865.200
20 80 4263.200
20 81 12094.400
20 82 5814.600
20 83 1666.300
20 84 12846.200
20 85 782.200
20 86 10560.500
20 87 12781.500
20 88 11700.500
20 89 9665.100
20 90 6046.400
20 91 13582.300
20 92 2653.200
20 93 10975.400
20 94 6950.700
20 95 9513.600
20 96 6936.600
20 97 6509.700
20 98 12034.800
20 99 9109.000
20 100 1535.500
21 0 7341.900
21 1 11082.300
21 2 7979.200
21 3 11986.100
21 4 5577.200
21 5 7547.900
21 6 6537.300
21 7 11447.000
21 8 12613.500
21 9 12080.400
21 10 3502.600
21 11 10518.800
21 12 4716.300
21 13 6298.300
21 14 12432.900
21 15 5610.300
21 16 6743.200
21 17 7599.400
21 18 12789.100
21 19 11796.400
21 20 13348.500
21 21 0.000
21 22 5001.900
21 23 2299.200
21 24 11853.600
21 25 9331.400
21 26 7122.500
21 27 10708.100
21 28 8720.600
21 29 6213.400
21 30 5260.300
21 31 10849.000
21 32 5533.600
21 33 3784.700
21 34 15350.700
21 35 7924.900
21 36 4999.200
21 37 10170.700
21 38 4610.200
21 39 8112.700
21 40 9674.400
21 41 13169.600
21 42 13999.100
21 43 3200.200
21 44 8641.800
21 45 5861.400
21 46 6407.500
21 47 8755.700
21 48 5610.200
21 49 1733.100
21 50 5305.100
21 51 6012.000
21 52 5984.000
21 53 2076.400
21 54 5382.000
21 55 7975.700
21 56 10465.000
21 57 6322.700
21 58 11496.600
21 59 13856.400
21 60 11426.700
21 61 11419.900
21 62 10000.000
21 63 8340.900
21 64 12536.000
21 65 2322.900
21 66 11037.100
21 67 7658.500
21 68 9106.100
21 69 10281.000
21 70 6501.300
21 71 7312.300
21 72 9725.300
21 73 13322.500
21 74 4010.900
21 75 3853.900
21 76 12543.300
21 77 9052.800
21 78 13449.200
21 79 11337.200
21 80 10602.000
21 81 2357.800
21 82 8351.300
21 83 13178.100
21 84 6718.200
21 85 13083.900
21 86 13644.100
21 87 10153.200
21 88 11021.400
21 89 5499.600
21 90 10975.900
21 91 2915.100
21 92 11749.900
21 93 4361.900
21 94 7175.900
21 95 12457.800
21 96 13523.100
21 97 9568.000
21 98 4641.400
21 99 7052.500
21 100 14881.500
22 0 7238.400
22 1 8650.200
22 2 8146.200
22 3 9655.200
22 4 2500.500
22 5 5237.600
22 6 9093.300
22 7 9116.100
22 8 14221.300
22 9 12310.900
22 10 3421.500
22 11 10415.300
22 12 4612.900
22 13 6194.800
22 14 10101.900
22 15 3340.300
22 16 3492.400
22 17 7768.900
22 18 10458.100
22 19 8583.200
22 20 13245.100
22 21 5175.100
22 22 0.000
22 23 3922.900
22 24 11750.100
22 25 7000.500
22 26 9678.500
22 27 8377.100
22 28 8887.600
22 29 5928.300
22 30 7816.300
22 31 8518.100
22 32 8089.600
22 33 2453.400
22 34 15231.300
22 35 7821.400
22 36 5739.800
22 37 8807.500
22 38 3537.800
22 39 6231.400
22 40 9571.000
22 41 10740.400
22 42 13879.700
22 43 2923.000
22 44 6310.900
22 45 8417.400
22 46 7833.500
22 47 8652.300
22 48 7373.600
22 49 4641.700
22 50 6045.700
22 51 6752.600
22 52 1595.400
22 53 4192.300
22 54 1904.900
22 55 8716.300
22 56 8134.100
22 57 8564.800
22 58 11393.100
22 59 12668.000
22 60 10515.700
22 61 7243.900
22 62 9896.500
22 63 5074.800
22 64 10205.000
22 65 4291.800
22 66 9637.900
22 67 9599.500
22 68 9002.600
22 69 10177.600
22 70 8743.400
22 71 8785.800
22 72 7394.300
22 73 11997.900
22 74 1921.500
22 75 1461.400
22 76 10212.300
22 77 5944.700
22 78 13329.800
22 79 11233.800
22 80 10498.600
22 81 3726.000
22 82 10292.300
22 83 13074.700
22 84 2882.100
22 85 12980.400
22 86 11313.200
22 87 7842.800
22 88 8690.400
22 89 5396.100
22 90 9303.800
22 91 2574.900
22 92 11646.400
22 93 4586.300
22 94 7916.400
22 95 10126.900
22 96 11192.200
22 97 7628.200
22 98 1252.700
22 99 5171.200
22 100 14598.100
23 0 7867.200
23 1 10460.100
23 2 9956.100
23 3 11465.200
23 4 4150.100
23 5 7047.600
23 6 7792.600
23 7 10926.100
23 8 16031.300
23 9 12605.700
23 10 2590.500
23 11 11044.000
23 12 5241.600
23 13 6823.600
23 14 11911.900
23 15 5429.700
23 16 5581.800
23 17 8124.700
23 18 12268.100
23 19 11296.000
23 20 13873.800
23 21 2279.400
23 22 2702.700
23 23 0.000
23 24 12378.900
23 25 8810.500
23 26 8377.700
23 27 10187.100
23 28 10697.600
23 29 6738.700
23 30 6515.500
23 31 10328.000
23 32 6788.900
23 33 2998.400
23 34 17041.300
23 35 8450.200
23 36 5524.300
23 37 10617.500
23 38 4811.800
23 39 8604.000
23 40 10199.700
23 41 12550.400
23 42 15689.700
23 43 1698.500
23 44 8120.900
23 45 7116.600
23 46 7662.700
23 47 9281.000
23 48 6865.500
23 49 3340.900
23 50 5830.100
23 51 6537.000
23 52 3684.800
23 53 1493.600
23 54 3082.700
23 55 8500.700
23 56 9944.100
23 57 7577.900
23 58 12021.900
23 59 14478.000
23 60 12325.700
23 61 9333.300
23 62 10525.300
23 63 7754.800
23 64 12015.000
23 65 3608.300
23 66 11447.900
23 67 8913.700
23 68 9631.400
23 69 10806.300
23 70 7756.600
23 71 8567.500
23 72 9204.300
23 73 13807.800
23 74 2509.200
23 75 2328.900
23 76 12022.300
23 77 8034.100
23 78 15139.800
23 79 11862.500
23 80 11127.300
23 81 2425.300
23 82 9606.500
23 83 13703.400
23 84 4971.500
23 85 13609.200
23 86 13123.200
23 87 9652.800
23 88 10500.400
23 89 5982.800
23 90 11113.800
23 91 615.800
23 92 12275.200
23 93 4887.200
23 94 7700.900
23 95 11936.900
23 96 13002.200
23 97 9438.100
23 98 3139.700
23 99 7543.800
23 100 16408.100
24 0 4705.700
24 1 10026.700
24 2 6595.700
24 3 10854.900
24 4 10071.600
24 5 8765.400
24 6 6960.300
24 7 10492.600
24 8 2313.100
24 9 2858.900
24 10 10103.200
24 11 992.200
24 12 7552.200
24 13 5715.800
24 14 10831.400
24 15 8998.700
24 16 10131.600
24 17 6215.900
24 18 4772.600
24 19 11177.000
24 20 2229.800
24 21 12208.400
24 22 11306.600
24 23 11806.800
24 24 0.000
24 25 7592.300
24 26 5773.300
24 27 9753.600
24 28 4851.900
24 29 6686.300
24 30 6606.200
24 31 9894.600
24 32 7016.500
24 33 9937.000
24 34 6129.200
24 35 4083.200
24 36 7874.700
24 37 3778.800
24 38 8147.700
24 39 7110.500
24 40 2505.100
24 41 3948.100
24 42 4777.600
24 43 10861.300
24 44 7687.400
24 45 7535.700
24 46 5728.500
24 47 3369.300
24 48 6649.800
24 49 9974.100
24 50 6892.100
24 51 6486.500
24 52 11728.000
24 53 11115.900
24 54 12836.200
24 55 3756.700
24 56 6567.300
24 57 5838.900
24 58 2275.100
24 59 4634.900
24 60 3116.300
24 61 13544.700
24 62 2027.700
24 63 10984.400
24 64 9015.700
24 65 9407.100
24 66 2948.400
24 67 4181.500
24 68 3583.000
24 69 2192.200
24 70 5147.800
24 71 5044.800
24 72 8770.800
24 73 4101.000
24 74 10601.900
24 75 11224.100
24 76 10941.800
24 77 10664.600
24 78 4227.700
24 79 3141.500
24 80 2629.700
24 81 10460.900
24 82 3735.100
24 83 1618.600
24 84 11212.700
24 85 1965.100
24 86 9401.400
24 87 11148.000
24 88 10067.000
24 89 8031.600
24 90 4412.900
24 91 11948.800
24 92 1019.600
24 93 9341.900
24 94 5317.200
24 95 8560.200
24 96 5498.400
24 97 4876.200
24 98 10401.300
24 99 7475.500
24 100 3762.700
25 0 5114.000
25 1 5223.300
25 2 4447.100
25 3 3283.700
25 4 6281.600
25 5 3955.700
25 6 7887.300
25 7 5582.000
25 8 6456.000
25 9 5310.400
25 10 8904.400
25 11 6499.200
25 12 6353.500
25 13 5947.900
25 14 5742.600
25 15 4984.200
25 16 5875.400
25 17 4069.900
25 18 3457.600
25 19 6266.500
25 20 8525.100
25 21 11009.700
25 22 8962.500
25 23 10332.800
25 24 7030.200
25 25 0.000
25 26 7741.000
25 27 3823.500
25 28 3089.900
25 29 5145.300
25 30 7672.600
25 31 1962.800
25 32 7943.500
25 33 8219.600
25 34 7482.500
25 35 5697.000
25 36 6930.900
25 37 1807.000
25 38 6134.200
25 39 3757.500
25 40 7446.600
25 41 3739.900
25 42 6130.900
25 43 9333.000
25 44 2884.000
25 45 8462.700
25 46 6012.100
25 47 6527.900
25 48 6984.400
25 49 8775.300
25 50 6307.900
25 51 6034.300
25 52 7471.900
25 53 10602.200
25 54 9537.400
25 55 6871.400
25 56 1133.600
25 57 6765.900
25 58 5506.200
25 59 5667.500
25 60 3515.200
25 61 9049.100
25 62 6887.500
25 63 6382.400
25 64 3927.000
25 65 8208.400
25 66 2637.400
25 67 7754.700
25 68 3592.100
25 69 3393.500
25 70 7240.100
25 71 6941.000
25 72 3967.500
25 73 4997.300
25 74 8595.800
25 75 8544.800
25 76 5853.000
25 77 5861.200
25 78 5581.000
25 79 9094.600
25 80 6023.900
25 81 9262.200
25 82 8447.400
25 83 8354.700
25 84 7402.800
25 85 8260.400
25 86 4312.700
25 87 6561.000
25 88 4199.500
25 89 6850.100
25 90 2303.300
25 91 9658.300
25 92 6926.400
25 93 8092.000
25 94 6071.600
25 95 3126.400
25 96 4191.700
25 97 1843.000
25 98 7433.200
25 99 3735.600
25 100 7611.300
26 0 4387.400
26 1 8178.100
26 2 4747.100
26 3 9183.100
26 4 7893.000
26 5 6783.600
26 6 2424.500
26 7 8644.100
26 8 6166.200
26 9 5633.100
26 10 6304.200
26 11 4044.100
26 12 4968.600
26 13 3846.400
26 14 9629.900
26 15 6820.100
26 16 7953.000
26 17 4367.400
26 18 7546.800
26 19 9328.500
26 20 6901.200
26 21 6706.300
26 22 8657.200
26 23 7934.900
26 24 5406.300
26 25 6512.500
26 26 0.000
26 27 7905.100
26 28 5488.500
26 29 4837.800
26 30 2125.700
26 31 8046.000
26 32 2480.800
26 33 7278.500
26 34 8903.300
26 35 3917.000
26 36 4405.400
26 37 6420.500
26 38 5969.100
26 39 5261.900
26 40 3196.300
26 41 6722.300
26 42 7551.800
26 43 7062.300
26 44 5838.800
26 45 2999.900
26 46 1995.200
26 47 3673.700
26 48 2244.000
26 49 5494.500
26 50 3422.800
26 51 3017.200
26 52 9549.400
26 53 6952.900
26 54 9037.300
26 55 2365.100
26 56 7646.100
26 57 914.500
26 58 5049.300
26 59 7409.100
26 60 5890.500
26 61 11785.500
26 62 3552.700
26 63 8805.800
26 64 9733.000
26 65 5608.200
26 66 5590.100
26 67 1667.700
26 68 4875.600
26 69 4834.000
26 70 2089.000
26 71 2900.000
26 72 6922.300
26 73 6875.200
26 74 7582.100
26 75 7425.200
26 76 9740.300
26 77 8905.400
26 78 7001.900
26 79 4859.100
26 80 4154.700
26 81 6297.800
26 82 2370.600
26 83 6730.800
26 84 9034.100
26 85 6636.500
26 86 10825.200
26 87 9388.800
26 88 8218.400
26 89 4747.100
26 90 7054.600
26 91 8076.900
26 92 5302.500
26 93 7152.800
26 94 3179.400
26 95 9638.900
26 96 8272.600
26 97 6335.900
26 98 8222.700
26 99 5627.000
26 100 8434.200
27 0 4722.000
27 1 1261.200
27 2 4055.100
27 3 2266.300
27 4 5889.600
27 5 3563.700
27 6 7495.200
27 7 1727.200
27 8 10116.800
27 9 8199.400
27 10 8512.400
27 11 7898.900
27 12 5961.500
27 13 5555.900
27 14 2713.000
27 15 4592.200
27 16 5483.400
27 17 3677.900
27 18 6346.600
27 19 2411.600
27 20 10728.700
27 21 10617.700
27 22 8570.400
27 23 9940.800
27 24 9233.700
27 25 2889.000
27 26 7349.000
27 27 0.000
27 28 4796.500
27 29 4753.300
27 30 7280.600
27 31 1066.300
27 32 7551.500
27 33 7827.600
27 34 10371.400
27 35 5305.000
27 36 6538.900
27 37 4696.000
27 38 5742.100
27 39 3365.500
27 40 7054.600
27 41 6628.900
27 42 9019.900
27 43 8941.000
27 44 2294.600
27 45 8070.600
27 46 5620.000
27 47 6135.900
27 48 6592.300
27 49 8383.300
27 50 5915.800
27 51 5642.300
27 52 7079.800
27 53 10210.200
27 54 9145.300
27 55 6479.400
27 56 4022.600
27 57 6373.900
27 58 8395.100
27 59 8556.500
27 60 6404.200
27 61 5062.200
27 62 7380.100
27 63 5990.400
27 64 2816.100
27 65 7816.400
27 66 5526.400
27 67 7362.600
27 68 6486.200
27 69 7661.200
27 70 6848.000
27 71 6549.000
27 72 1305.400
27 73 7886.300
27 74 8203.700
27 75 8152.800
27 76 2823.400
27 77 5271.800
27 78 8470.000
27 79 8717.400
27 80 7982.100
27 81 8870.100
27 82 8055.400
27 83 10558.300
27 84 6979.100
27 85 10464.000
27 86 4623.800
27 87 2665.500
27 88 1301.500
27 89 6458.100
27 90 5192.300
27 91 9266.300
27 92 9130.000
27 93 7700.000
27 94 5679.600
27 95 5024.000
27 96 7174.100
27 97 3537.100
27 98 7041.100
27 99 3343.600
27 100 10493.600
28 0 1814.200
28 1 6075.100
28 2 1147.300
28 3 7080.100
28 4 6673.700
28 5 4808.600
28 6 5987.200
28 7 6541.100
28 8 5950.200
28 9 6552.700
28 10 6502.900
28 11 4991.000
28 12 3951.900
28 13 2420.300
28 14 7526.900
28 15 5837.000
28 16 6728.300
28 17 2264.400
28 18 4255.800
28 19 7225.500
28 20 6685.200
28 21 8608.200
28 22 7551.300
28 23 8206.500
28 24 5190.300
28 25 3286.400
28 26 5840.900
28 27 5802.100
28 28 0.000
28 29 2734.800
28 30 4892.100
28 31 5943.000
28 32 6043.400
28 33 6181.600
28 34 8584.600
28 35 2397.200
28 36 4290.400
28 37 1450.100
28 38 4392.400
28 39 3158.900
28 40 4146.700
28 41 4538.100
28 42 7233.100
28 43 7261.000
28 44 3735.800
28 45 6562.600
28 46 4112.000
28 47 3228.000
28 48 4137.600
28 49 6373.800
28 50 3533.000
28 51 3604.000
28 52 8324.700
28 53 7515.700
28 54 10390.200
28 55 3754.700
28 56 3081.500
28 57 4865.800
28 58 5968.900
28 59 6465.700
28 60 4617.400
28 61 9593.100
28 62 4472.300
28 63 7233.600
28 64 5874.900
28 65 5806.800
28 66 1903.600
28 67 4925.400
28 68 2858.300
28 69 2659.700
28 70 4709.100
28 71 4052.100
28 72 4819.300
28 73 5795.500
28 74 6846.600
28 75 7623.800
28 76 7637.300
28 77 6713.100
28 78 6683.200
28 79 5809.500
28 80 4192.200
28 81 6860.600
28 82 5505.000
28 83 6514.900
28 84 7814.800
28 85 6420.600
28 86 6260.700
28 87 7196.500
28 88 6115.400
28 89 4431.400
28 90 2255.300
28 91 8348.500
28 92 5086.600
28 93 5610.900
28 94 3804.200
28 95 5074.400
28 96 4989.900
28 97 1247.500
28 98 6646.000
28 99 3524.000
28 100 8218.200
29 0 2103.000
29 1 5186.000
29 2 2740.300
29 3 6191.000
29 4 4321.100
29 5 2748.200
29 6 4660.600
29 7 5651.900
29 8 7374.700
29 9 6841.600
29 10 4352.600
29 11 5279.900
29 12 1801.700
29 13 1059.400
29 14 6637.700
29 15 3248.200
29 16 4381.000
29 17 2360.500
29 18 6978.000
29 19 6336.300
29 20 8109.600
29 21 6457.900
29 22 5556.100
29 23 6056.300
29 24 6614.700
29 25 3520.400
29 26 4514.400
29 27 4912.900
29 28 3481.700
29 29 0.000
29 30 2992.700
29 31 5053.900
29 32 3741.600
29 33 4186.400
29 34 10111.800
29 35 2686.000
29 36 2140.400
29 37 4931.800
29 38 2397.200
29 39 2269.800
29 40 4435.500
29 41 7930.700
29 42 8760.200
29 43 5110.700
29 44 2846.700
29 45 4846.800
29 46 2785.400
29 47 3516.900
29 48 2238.100
29 49 4223.500
29 50 1517.400
29 51 1704.500
29 52 5977.500
29 53 5365.400
29 54 7085.700
29 55 3668.200
29 56 4653.900
29 57 3539.300
29 58 6257.700
29 59 8617.500
29 60 6187.800
29 61 7750.100
29 62 4761.100
29 63 5046.200
29 64 6740.800
29 65 3656.600
29 66 5798.300
29 67 4551.400
29 68 3867.200
29 69 5042.200
29 70 3756.700
29 71 3737.800
29 72 3930.100
29 73 8083.600
29 74 4851.400
29 75 5473.500
29 76 6748.100
29 77 4870.000
29 78 8210.300
29 79 6098.400
29 80 5363.100
29 81 4710.300
29 82 5244.200
29 83 7939.300
29 84 5462.100
29 85 7845.000
29 86 7833.100
29 87 5353.400
29 88 5226.200
29 89 2281.100
29 90 5737.000
29 91 6198.300
29 92 6511.000
29 93 3591.300
29 94 2868.400
29 95 6646.800
29 96 7712.000
29 97 4329.100
29 98 4650.700
29 99 1897.000
29 100 9642.600
30 0 3914.900
30 1 7983.200
30 2 4552.200
30 3 8988.200
30 4 6404.900
30 5 5177.800
30 6 2807.600
30 7 8449.200
30 8 7728.000
30 9 7194.900
30 10 4970.600
30 11 5605.900
30 12 3480.400
30 13 2871.300
30 14 9435.000
30 15 5332.000
30 16 6464.900
30 17 4172.500
30 18 9108.600
30 19 9133.600
30 20 8463.000
30 21 4853.600
30 22 7327.600
30 23 6082.200
30 24 6968.100
30 25 6317.600
30 26 2868.900
30 27 7710.200
30 28 5293.600
30 29 3630.100
30 30 0.000
30 31 7851.100
30 32 1022.000
30 33 5961.500
30 34 10465.100
30 35 4497.900
30 36 2917.300
30 37 6743.700
30 38 4481.000
30 39 5067.000
30 40 4758.100
30 41 8284.100
30 42 9113.600
30 43 5666.300
30 44 5643.900
30 45 2131.700
30 46 1978.500
30 47 4896.900
30 48 980.500
30 49 3641.900
30 50 1934.600
30 51 2048.900
30 52 8061.300
30 53 5100.200
30 54 7707.600
30 55 3468.800
30 56 7451.200
30 57 1893.700
30 58 6611.100
30 59 8970.900
30 60 7452.300
30 61 10179.700
30 62 5114.500
30 63 7317.600
30 64 9538.100
30 65 3935.500
30 66 7151.900
30 67 3229.500
30 68 5264.000
30 69 6395.800
30 70 2072.400
30 71 2883.300
30 72 6727.400
30 73 8437.000
30 74 6252.500
30 75 6095.500
30 76 9545.400
30 77 7299.700
30 78 8563.700
30 79 6420.900
30 80 5716.500
30 81 4445.200
30 82 3922.300
30 83 8292.600
30 84 7545.900
30 85 8198.300
30 86 10630.300
30 87 7783.100
30 88 8023.500
30 89 3259.000
30 90 7548.900
30 91 6224.200
30 92 6864.300
30 93 5664.700
30 94 3162.700
30 95 9444.000
30 96 9834.400
30 97 6141.000
30 98 6734.600
30 99 4677.300
30 100 9996.000
31 0 4794.100
31 1 2633.400
31 2 4127.200
31 3 1318.300
31 4 5961.700
31 5 3635.800
31 6 7567.400
31 7 2367.900
31 8 8225.200
31 9 7079.600
31 10 8584.500
31 11 7971.000
31 12 6033.600
31 13 5628.000
31 14 2528.500
31 15 4664.300
31 16 5555.500
31 17 3750.000
31 18 5226.900
31 19 3052.300
31 20 10800.800
31 21 10689.800
31 22 8642.600
31 23 10012.900
31 24 9305.800
31 25 2961.100
31 26 7421.100
31 27 1858.100
31 28 4868.700
31 29 4825.400
31 30 7352.700
31 31 0.000
31 32 7623.600
31 33 7899.700
31 34 9251.700
31 35 5377.100
31 36 6611.000
31 37 3576.200
31 38 5814.300
31 39 3437.600
31 40 7126.700
31 41 5509.100
31 42 7900.100
31 43 9013.100
31 44 2366.700
31 45 8142.800
31 46 5692.200
31 47 6208.000
31 48 6664.500
31 49 8455.400
31 50 5988.000
31 51 5714.400
31 52 7152.000
31 53 10282.300
31 54 9217.500
31 55 6551.500
31 56 2902.800
31 57 6446.000
31 58 7275.400
31 59 7436.700
31 60 5284.500
31 61 5835.000
31 62 7452.300
31 63 6062.500
31 64 2631.600
31 65 7888.500
31 66 4406.700
31 67 7434.700
31 68 6558.300
31 69 5162.800
31 70 6920.200
31 71 6621.100
31 72 1377.600
31 73 6766.600
31 74 8275.900
31 75 8224.900
31 76 2638.900
31 77 5343.900
31 78 7350.200
31 79 8789.500
31 80 8054.300
31 81 8942.300
31 82 8127.500
31 83 10630.400
31 84 7082.900
31 85 10536.100
31 86 3649.400
31 87 3598.100
31 88 2234.100
31 89 6530.200
31 90 4072.500
31 91 9338.400
31 92 9202.100
31 93 7772.100
31 94 5751.700
31 95 3105.500
31 96 6199.700
31 97 3612.300
31 98 7113.300
31 99 3415.700
31 100 10565.800
32 0 5272.800
32 1 9063.500
32 2 5632.500
32 3 10068.500
32 4 6999.900
32 5 6397.900
32 6 1785.700
32 7 9529.400
32 8 8357.800
32 9 7824.700
32 10 4930.300
32 11 6235.700
32 12 4418.000
32 13 4731.700
32 14 10515.300
32 15 6290.100
32 16 7423.000
32 17 5252.700
32 18 9738.400
32 19 10213.800
32 20 9092.800
32 21 4813.300
32 22 7287.300
32 23 6041.900
32 24 7597.900
32 25 7397.900
32 26 2370.900
32 27 8790.400
32 28 6373.900
32 29 4847.100
32 30 1994.400
32 31 8931.400
32 32 0.000
32 33 5921.200
32 34 11094.900
32 35 5207.400
32 36 3539.800
32 37 7824.000
32 38 5439.100
32 39 6147.300
32 40 5387.900
32 41 8913.900
32 42 9743.400
32 43 5626.000
32 44 6724.200
32 45 1109.800
32 46 2880.600
32 47 5799.000
32 48 3129.300
32 49 3601.600
32 50 3474.000
32 51 3902.600
32 52 8151.000
32 53 5059.900
32 54 7667.300
32 55 4370.900
32 56 8531.400
32 57 2795.800
32 58 7240.900
32 59 9600.700
32 60 8082.100
32 61 11354.700
32 62 5744.300
32 63 8275.800
32 64 10618.300
32 65 3895.200
32 66 7781.700
32 67 3859.300
32 68 6166.100
32 69 7025.600
32 70 2974.400
32 71 3785.400
32 72 7807.600
32 73 9066.800
32 74 6212.200
32 75 6055.200
32 76 10625.600
32 77 8519.700
32 78 9193.500
32 79 7050.700
32 80 6346.300
32 81 4404.900
32 82 4562.200
32 83 8922.400
32 84 8140.900
32 85 8828.100
32 86 11710.600
32 87 9003.100
32 88 9103.800
32 89 4361.400
32 90 8629.200
32 91 6183.900
32 92 7494.100
32 93 5784.700
32 94 4064.800
32 95 10524.300
32 96 10464.200
32 97 7221.300
32 98 6735.900
32 99 5897.400
32 100 10625.800
33 0 6618.000
33 1 8188.100
33 2 7255.300
33 3 9091.900
33 4 1643.400
33 5 4653.700
33 6 7013.200
33 7 8552.800
33 8 11889.700
33 9 11356.600
33 10 1341.400
33 11 9794.900
33 12 3992.500
33 13 5574.400
33 14 9538.700
33 15 2716.100
33 16 3353.100
33 17 6875.600
33 18 9894.900
33 19 8485.500
33 20 12624.700
33 21 3095.000
33 22 2093.300
33 23 2425.900
33 24 11129.700
33 25 6437.200
33 26 7598.400
33 27 7813.900
33 28 7996.800
33 29 4412.000
33 30 5736.200
33 31 7954.800
33 32 6009.500
33 33 0.000
33 34 14626.800
33 35 7201.000
33 36 4275.100
33 37 9446.800
33 38 2008.000
33 39 5218.500
33 40 8950.600
33 41 10177.100
33 42 13275.300
33 43 1426.000
33 44 5747.600
33 45 6337.300
33 46 6368.800
33 47 8031.900
33 48 6037.000
33 49 2561.600
33 50 4581.000
33 51 5287.900
33 52 2603.100
33 53 2301.000
33 54 3253.500
33 55 7251.600
33 56 7570.800
33 57 7100.100
33 58 10772.800
33 59 13132.600
33 60 10702.800
33 61 7146.200
33 62 9276.200
33 63 4935.500
33 64 9641.800
33 65 2211.800
33 66 10313.300
33 67 8134.800
33 68 8382.200
33 69 9557.200
33 70 7278.700
33 71 7321.200
33 72 6831.100
33 73 12598.700
33 74 833.900
33 75 1873.900
33 76 9690.500
33 77 5847.000
33 78 12725.400
33 79 10613.400
33 80 9878.200
33 81 1646.000
33 82 8827.600
33 83 12454.300
33 84 2784.500
33 85 12360.000
33 86 10749.900
33 87 7259.000
33 88 8127.200
33 89 4733.700
33 90 8740.500
33 91 2567.900
33 92 11026.000
33 93 3638.100
33 94 6451.700
33 95 9563.600
33 96 10628.900
33 97 7064.900
33 98 1188.000
33 99 4158.300
33 100 14034.800
34 0 10389.700
34 1 11400.100
34 2 10624.000
34 3 11965.600
34 4 12453.900
34 5 10132.600
34 6 11093.100
34 7 11866.100
34 8 3560.300
34 9 3904.600
34 10 14236.000
34 11 5031.300
34 12 11685.100
34 13 9848.700
34 14 11942.100
34 15 11156.400
34 16 12047.700
34 17 10348.800
34 18 5235.000
34 19 12550.500
34 20 2260.400
34 21 16341.300
34 22 15134.700
34 23 16505.100
34 24 4366.000
34 25 8497.300
34 26 9906.200
34 27 11127.100
34 28 8274.700
34 29 10819.200
34 30 10739.000
34 31 11268.100
34 32 11149.400
34 33 14391.900
34 34 0.000
34 35 8940.200
34 36 12007.500
34 37 6824.600
34 38 12306.400
34 39 9934.400
34 40 6266.200
34 41 4066.300
34 42 3115.400
34 43 15505.200
34 44 9060.900
34 45 11668.500
34 46 9861.400
34 47 8190.700
34 48 10782.600
34 49 14106.900
34 50 11024.900
34 51 10619.400
34 52 13644.100
34 53 15248.800
34 54 15709.600
34 55 7889.600
34 56 7472.300
34 57 9971.700
34 58 4779.200
34 59 4753.100
34 60 4890.300
34 61 15134.500
34 62 6160.500
34 63 12554.600
34 64 10126.400
34 65 13540.000
34 66 7118.100
34 67 8314.400
34 68 7622.100
34 69 6362.000
34 70 9280.600
34 71 9177.600
34 72 10144.300
34 73 4219.200
34 74 14768.000
34 75 14717.000
34 76 12052.500
34 77 12038.100
34 78 2565.500
34 79 4023.200
34 80 6762.500
34 81 14593.700
34 82 7496.200
34 83 3927.800
34 84 13575.000
34 85 2934.500
34 86 10512.100
34 87 12737.900
34 88 11440.400
34 89 12164.500
34 90 6725.200
34 91 15830.500
34 92 5058.800
34 93 13474.700
34 94 9450.000
34 95 9465.200
34 96 6888.200
34 97 7497.400
34 98 13605.400
34 99 9912.500
34 100 1085.400
35 0 834.400
35 1 6398.200
35 2 2967.200
35 3 7403.200
35 4 6443.100
35 5 5136.900
35 6 4514.900
35 7 6864.100
35 8 5385.900
35 9 4852.800
35 10 6474.700
35 11 3291.100
35 12 3923.700
35 13 2087.400
35 14 7850.000
35 15 5370.200
35 16 6503.100
35 17 2587.500
35 18 5537.800
35 19 7548.600
35 20 6120.900
35 21 8580.000
35 22 7678.100
35 23 8178.300
35 24 4625.900
35 25 4732.600
35 26 4368.600
35 27 6125.200
35 28 1856.500
35 29 3057.900
35 30 4160.800
35 31 6266.100
35 32 4571.100
35 33 6308.500
35 34 8123.000
35 35 0.000
35 36 4246.200
35 37 4322.400
35 38 4519.200
35 39 3482.000
35 40 2446.800
35 41 5942.000
35 42 6771.500
35 43 7232.800
35 44 4058.900
35 45 5090.300
35 46 2835.800
35 47 1525.800
35 48 3808.100
35 49 6345.600
35 50 3263.600
35 51 2858.000
35 52 8099.500
35 53 7487.500
35 54 9207.700
35 55 2052.500
35 56 5866.200
35 57 3393.500
35 58 4269.000
35 59 6628.800
35 60 3881.500
35 61 9916.200
35 62 2772.400
35 63 7355.900
35 64 7953.100
35 65 5778.600
35 66 3491.900
35 67 2859.000
35 68 1560.900
35 69 2735.800
35 70 2702.400
35 71 2045.400
35 72 5142.400
35 73 6094.900
35 74 6973.500
35 75 7595.600
35 76 7960.400
35 77 7036.100
35 78 6221.600
35 79 4109.600
35 80 3374.400
35 81 6832.400
35 82 3551.800
35 83 5950.500
35 84 7584.200
35 85 5856.200
35 86 9045.300
35 87 7519.500
35 88 6438.500
35 89 4403.200
35 90 4956.400
35 91 8320.300
35 92 4522.200
35 93 5713.400
35 94 1797.500
35 95 7859.000
35 96 6263.600
35 97 4556.000
35 98 6772.800
35 99 3847.000
35 100 7653.900
36 0 3511.400
36 1 7467.900
36 2 4148.700
36 3 8337.100
36 4 4184.900
36 5 3933.600
36 6 5013.700
36 7 7798.000
36 8 8783.000
36 9 8249.900
36 10 3453.000
36 11 6688.200
36 12 1260.400
36 13 2467.800
36 14 8783.800
36 15 3112.000
36 16 4244.800
36 17 3768.900
36 18 9140.000
36 19 8182.100
36 20 9518.000
36 21 4219.200
36 22 5806.000
36 23 5156.600
36 24 8023.100
36 25 5682.400
36 26 4504.000
36 27 7059.000
36 28 4890.100
36 29 2382.900
36 30 2895.100
36 31 7199.900
36 32 3314.100
36 33 4427.200
36 34 11520.200
36 35 4094.400
36 36 0.000
36 37 6340.200
36 38 2261.000
36 39 4493.400
36 40 5843.900
36 41 9339.100
36 42 10168.600
36 43 4211.100
36 44 4992.800
36 45 4337.800
36 46 2797.600
36 47 4631.900
36 48 2465.800
36 49 3007.500
36 50 1009.800
36 51 1716.700
36 52 5841.300
36 53 4465.800
36 54 6186.000
36 55 3680.400
36 56 6816.000
36 57 3528.800
36 58 7666.100
36 59 10025.900
36 60 7319.700
36 61 8176.600
36 62 6169.500
36 63 5097.600
36 64 8886.900
36 65 2756.900
36 66 6930.100
36 67 4563.600
36 68 4999.000
36 69 6174.000
36 70 3707.500
36 71 3749.900
36 72 6076.200
36 73 9492.000
36 74 4730.800
36 75 4573.900
36 76 8894.200
36 77 6055.500
36 78 9618.700
36 79 7506.700
36 80 6771.500
36 81 3810.700
36 82 5256.400
36 83 9347.600
36 84 5325.900
36 85 9253.400
36 86 9995.100
36 87 6538.900
36 88 7564.600
36 89 1162.500
36 90 7145.400
36 91 5298.600
36 92 7919.400
36 93 3444.700
36 94 2880.500
36 95 8808.800
36 96 9874.100
36 97 5737.500
36 98 4514.500
36 99 3433.100
36 100 11051.000
37 0 3264.200
37 1 5493.600
37 2 2597.300
37 3 6264.100
37 4 6551.900
37 5 4226.000
37 6 6928.300
37 7 6079.900
37 8 4877.100
37 9 4658.500
37 10 7952.900
37 11 3935.400
37 12 5402.000
37 13 3870.400
37 14 6240.500
37 15 5254.500
37 16 6145.700
37 17 3714.400
37 18 2805.700
37 19 6764.300
37 20 5612.100
37 21 10058.200
37 22 9232.800
37 23 10603.100
37 24 4117.200
37 25 2590.000
37 26 6782.100
37 27 5220.500
37 28 1450.100
37 29 4184.800
37 30 6342.200
37 31 4552.700
37 32 6984.600
37 33 8489.900
37 34 6830.600
37 35 3015.700
37 36 5740.500
37 37 0.000
37 38 6404.500
37 39 4027.800
37 40 5641.100
37 41 3088.000
37 42 5479.000
37 43 9603.300
37 44 3154.300
37 45 7503.800
37 46 5037.700
37 47 3546.300
37 48 5587.700
37 49 7823.900
37 50 4983.100
37 51 5054.100
37 52 7742.100
37 53 8965.700
37 54 9807.700
37 55 4389.300
37 56 1631.500
37 57 5807.000
37 58 4648.300
37 59 5015.600
37 60 2863.300
37 61 9547.000
37 62 4329.300
37 63 6652.700
37 64 4424.900
37 65 7256.900
37 66 830.400
37 67 5272.500
37 68 1785.100
37 69 1586.500
37 70 5115.800
37 71 4458.800
37 72 4237.700
37 73 4345.500
37 74 8866.100
37 75 8815.100
37 76 6350.900
37 77 6131.500
37 78 4929.100
37 79 6530.800
37 80 3119.000
37 81 8310.700
37 82 5965.300
37 83 5441.700
37 84 7673.100
37 85 5347.400
37 86 4810.600
37 87 6831.300
37 88 5533.900
37 89 5881.400
37 90 805.200
37 91 9928.600
37 92 4013.400
37 93 7060.900
37 94 4210.900
37 95 3624.300
37 96 3539.800
37 97 1097.400
37 98 7703.500
37 99 4005.900
37 100 7145.100
38 0 4104.500
38 1 6622.000
38 2 4741.800
38 3 7525.800
38 4 2222.900
38 5 3087.600
38 6 6569.100
38 7 6986.700
38 8 9376.200
38 9 8843.100
38 10 3022.500
38 11 7281.400
38 12 1479.000
38 13 3060.900
38 14 7972.600
38 15 1150.000
38 16 2282.900
38 17 4362.000
38 18 8328.800
38 19 7336.100
38 20 10111.100
38 21 5127.800
38 22 3307.700
38 23 4211.100
38 24 8616.200
38 25 4871.100
38 26 7154.200
38 27 6247.700
38 28 5483.200
38 29 2622.800
38 30 4797.000
38 31 6388.700
38 32 5216.100
38 33 2008.000
38 34 12113.300
38 35 4687.500
38 36 2605.900
38 37 6933.300
38 38 0.000
38 39 3652.400
38 40 6437.100
38 41 8611.000
38 42 10761.700
38 43 3211.300
38 44 4181.500
38 45 5893.200
38 46 4699.600
38 47 5518.400
38 48 4239.600
38 49 2893.400
38 50 2911.700
38 51 3618.700
38 52 3879.300
38 53 4035.300
38 54 5040.100
38 55 5582.300
38 56 6004.700
38 57 5430.800
38 58 8259.200
38 59 10619.000
38 60 8189.300
38 61 6991.100
38 62 6762.600
38 63 3912.100
38 64 8075.700
38 65 2326.500
38 66 7799.800
38 67 6465.600
38 68 5868.700
38 69 7043.700
38 70 5609.500
38 71 5651.900
38 72 5265.000
38 73 10085.100
38 74 2603.000
38 75 3731.100
38 76 8083.000
38 77 4592.500
38 78 10211.800
38 79 8099.900
38 80 7364.600
38 81 3380.300
38 82 7158.400
38 83 9940.800
38 84 3363.900
38 85 9846.500
38 86 9183.800
38 87 5692.900
38 88 6561.100
38 89 2262.200
38 90 7174.400
38 91 4353.100
38 92 8512.500
38 93 2107.800
38 94 4782.500
38 95 7997.500
38 96 9062.800
38 97 5498.800
38 98 2402.400
38 99 2592.200
38 100 12468.700
39 0 2862.700
39 1 2917.200
39 2 2195.800
39 3 3922.200
39 4 3975.500
39 5 1649.700
39 6 5636.000
39 7 3383.100
39 8 8478.400
39 9 6561.000
39 10 6598.300
39 11 6039.600
39 12 4047.400
39 13 3696.600
39 14 4369.000
39 15 2678.100
39 16 3569.300
39 17 1818.600
39 18 4708.200
39 19 4067.600
39 20 8869.400
39 21 8703.600
39 22 6656.400
39 23 8026.700
39 24 7374.400
39 25 1250.600
39 26 5489.700
39 27 2644.200
39 28 2937.200
39 29 2839.200
39 30 5421.300
39 31 2785.100
39 32 5692.200
39 33 5913.500
39 34 8733.000
39 35 3445.700
39 36 4624.800
39 37 3057.600
39 38 3828.100
39 39 0.000
39 40 5195.300
39 41 4990.400
39 42 7381.500
39 43 7026.900
39 44 577.900
39 45 6211.400
39 46 3760.700
39 47 4276.600
39 48 4733.000
39 49 6469.300
39 50 4001.800
39 51 3783.000
39 52 5165.800
39 53 8296.200
39 54 7231.300
39 55 4620.100
39 56 2384.100
39 57 4514.600
39 58 7017.400
39 59 6918.100
39 60 4765.800
39 61 6435.200
39 62 5520.900
39 63 4076.300
39 64 4472.100
39 65 5902.300
39 66 3888.000
39 67 5503.300
39 68 4626.900
39 69 5801.900
39 70 4988.800
39 71 4689.700
39 72 1661.400
39 73 6247.900
39 74 6289.700
39 75 6238.700
39 76 4479.400
39 77 3555.100
39 78 6831.600
39 79 6858.100
39 80 6122.900
39 81 6956.100
39 82 6196.100
39 83 8699.000
39 84 5096.700
39 85 8604.700
39 86 5563.300
39 87 4038.500
39 88 2957.500
39 89 4544.000
39 90 3553.800
39 91 7352.200
39 92 7270.700
39 93 5785.900
39 94 3820.300
39 95 4377.000
39 96 5442.300
39 97 1677.800
39 98 5127.100
39 99 1429.500
39 100 8855.200
40 0 3645.300
40 1 7415.000
40 2 3984.100
40 3 8420.100
40 4 7460.000
40 5 6153.700
40 6 4327.300
40 7 7881.000
40 8 3886.100
40 9 3353.000
40 10 7491.500
40 11 1764.100
40 12 4940.600
40 13 3104.200
40 14 8866.800
40 15 6387.100
40 16 7520.000
40 17 3604.300
40 18 5266.700
40 19 8565.400
40 20 4621.100
40 21 9596.800
40 22 8695.000
40 23 9195.200
40 24 3126.200
40 25 5749.400
40 26 3140.300
40 27 7142.000
40 28 4725.500
40 29 4074.700
40 30 3973.200
40 31 7283.000
40 32 4383.500
40 33 7325.300
40 34 6623.300
40 35 2195.800
40 36 5263.100
40 37 4140.400
40 38 5536.100
40 39 4498.900
40 40 0.000
40 41 4442.200
40 42 5271.700
40 43 8249.600
40 44 5075.800
40 45 4902.700
40 46 3095.500
40 47 1446.200
40 48 4016.800
40 49 7362.500
40 50 4280.500
40 51 3874.900
40 52 9116.400
40 53 8504.300
40 54 10224.600
40 55 1145.100
40 56 7061.400
40 57 3205.900
40 58 2769.200
40 59 5129.000
40 60 3610.400
40 61 10933.100
40 62 1272.600
40 63 8372.800
40 64 8969.900
40 65 6795.500
40 66 3310.000
40 67 1548.500
40 68 3944.600
40 69 2553.900
40 70 2514.800
40 71 2411.800
40 72 6159.200
40 73 4595.100
40 74 7990.300
40 75 8612.500
40 76 8977.200
40 77 8053.000
40 78 4721.800
40 79 2579.100
40 80 1874.600
40 81 7849.300
40 82 2128.100
40 83 4450.700
40 84 8601.000
40 85 4356.500
40 86 9895.600
40 87 8536.400
40 88 7455.300
40 89 5420.000
40 90 4774.500
40 91 9337.200
40 92 3022.500
40 93 6730.200
40 94 2705.500
40 95 9054.300
40 96 5992.600
40 97 5237.800
40 98 7789.700
40 99 4863.900
40 100 6154.100
41 0 6509.800
41 1 7943.900
41 2 5965.000
41 3 8508.600
41 4 9002.200
41 5 6676.300
41 6 9286.900
41 7 8324.500
41 8 3289.100
41 9 2777.300
41 10 12429.800
41 11 3966.000
41 12 9878.800
41 13 8042.500
41 14 8485.100
41 15 7704.800
41 16 8596.000
41 17 6790.500
41 18 1778.000
41 19 9008.900
41 20 4926.000
41 21 14535.100
41 22 11683.100
41 23 13053.400
41 24 4497.000
41 25 5040.300
41 26 8100.000
41 27 7670.800
41 28 4817.700
41 29 7865.900
41 30 8932.800
41 31 7003.000
41 32 9343.200
41 33 10940.200
41 34 4315.500
41 35 5887.300
41 36 10201.300
41 37 3367.600
41 38 8854.800
41 39 6478.100
41 40 5666.100
41 41 0.000
41 42 2964.000
41 43 12053.600
41 44 5604.600
41 45 9862.300
41 46 8055.200
41 47 5173.500
41 48 8976.400
41 49 12300.700
41 50 9218.700
41 51 8813.100
41 52 10192.500
41 53 13442.600
41 54 12258.000
41 55 6083.400
41 56 4015.300
41 57 8165.500
41 58 2973.000
41 59 1927.600
41 60 1975.700
41 61 11791.500
41 62 4354.300
41 63 9103.000
41 64 6669.400
41 65 11733.700
41 66 4364.200
41 67 6508.200
41 68 5387.100
41 69 3608.100
41 70 7474.400
41 71 7371.400
41 72 6688.100
41 73 1257.500
41 74 11316.400
41 75 11265.400
41 76 8595.500
41 77 8581.800
41 78 2414.100
41 79 6561.400
41 80 4956.300
41 81 12787.500
41 82 7087.800
41 83 5821.500
41 84 10123.400
41 85 5727.200
41 86 7055.100
41 87 9281.600
41 88 7984.200
41 89 10358.300
41 90 3268.200
41 91 12378.900
41 92 4393.300
41 93 11668.500
41 94 7643.800
41 95 6008.200
41 96 2952.600
41 97 4040.400
41 98 10153.800
41 99 6456.200
41 100 4906.300
42 0 11246.700
42 1 12257.100
42 2 11481.000
42 3 12822.600
42 4 13310.900
42 5 10989.600
42 6 11950.100
42 7 12723.100
42 8 4417.300
42 9 4761.600
42 10 15093.000
42 11 5888.300
42 12 12542.100
42 13 10705.700
42 14 12799.100
42 15 12013.400
42 16 12904.700
42 17 11205.800
42 18 6092.000
42 19 13407.500
42 20 3117.400
42 21 17198.300
42 22 15991.700
42 23 17362.100
42 24 5223.100
42 25 9354.300
42 26 10763.200
42 27 11984.100
42 28 9131.700
42 29 11676.200
42 30 11596.000
42 31 12125.100
42 32 12006.400
42 33 15248.900
42 34 1351.500
42 35 9797.200
42 36 12864.600
42 37 7681.600
42 38 13163.400
42 39 10791.400
42 40 7123.200
42 41 4923.300
42 42 0.000
42 43 16362.200
42 44 9917.900
42 45 12525.500
42 46 10718.400
42 47 9047.700
42 48 11639.600
42 49 14963.900
42 50 11881.900
42 51 11476.400
42 52 14501.100
42 53 16105.800
42 54 16566.600
42 55 8746.600
42 56 8329.300
42 57 10828.700
42 58 5636.200
42 59 5610.100
42 60 5747.300
42 61 15991.500
42 62 7017.500
42 63 13411.600
42 64 10983.400
42 65 14397.000
42 66 7975.100
42 67 9171.400
42 68 8479.100
42 69 7219.000
42 70 10137.600
42 71 10034.600
42 72 11001.300
42 73 5076.200
42 74 15625.000
42 75 15574.100
42 76 12909.500
42 77 12895.100
42 78 3422.500
42 79 4880.300
42 80 7619.500
42 81 15450.700
42 82 8353.200
42 83 4784.800
42 84 14432.100
42 85 3791.500
42 86 11369.100
42 87 13594.900
42 88 12297.400
42 89 13021.500
42 90 7582.200
42 91 16687.500
42 92 5915.800
42 93 14331.700
42 94 10307.000
42 95 10322.200
42 96 7745.200
42 97 8354.400
42 98 14462.400
42 99 10769.500
42 100 1942.400
43 0 6654.000
43 1 10227.100
43 2 7291.300
43 3 11232.200
43 4 3035.500
43 5 6814.600
43 6 6579.400
43 7 10693.100
43 8 11925.700
43 9 11392.600
43 10 1377.400
43 11 9830.900
43 12 4028.500
43 13 5610.400
43 14 11678.900
43 15 4130.000
43 16 4745.200
43 17 6911.600
43 18 12035.100
43 19 9877.600
43 20 12660.700
43 21 2406.300
43 22 2469.700
43 23 999.800
43 24 11165.800
43 25 8577.500
43 26 7164.600
43 27 9954.100
43 28 8032.800
43 29 5525.500
43 30 5302.400
43 31 10095.100
43 32 5575.700
43 33 1721.700
43 34 14662.800
43 35 7237.000
43 36 4311.100
43 37 9482.800
43 38 3922.400
43 39 6632.400
43 40 8986.600
43 41 12317.400
43 42 13311.300
43 43 0.000
43 44 7887.900
43 45 5903.500
43 46 6449.600
43 47 8067.900
43 48 5652.300
43 49 2127.800
43 50 4617.000
43 51 5323.900
43 52 3451.800
43 53 1269.300
43 54 2849.700
43 55 7287.600
43 56 9711.100
43 57 6364.800
43 58 10808.800
43 59 13168.600
43 60 10738.900
43 61 8538.300
43 62 9312.200
43 63 6327.600
43 64 11782.000
43 65 2395.200
43 66 10349.300
43 67 7700.600
43 68 8418.200
43 69 9593.200
43 70 6543.400
43 71 7354.400
43 72 8971.300
43 73 12634.700
43 74 1394.600
43 75 1237.600
43 76 11789.300
43 77 7239.100
43 78 12761.400
43 79 10649.400
43 80 9914.200
43 81 1212.200
43 82 8393.400
43 83 12490.300
43 84 4176.500
43 85 12396.000
43 86 12890.200
43 87 9419.800
43 88 10267.400
43 89 4769.700
43 90 10880.800
43 91 1141.800
43 92 11062.000
43 93 3674.100
43 94 6487.800
43 95 11703.900
43 96 12769.200
43 97 8880.100
43 98 2025.100
43 99 5572.100
43 100 14193.700
44 0 4189.400
44 1 2339.300
44 2 3522.500
44 3 3344.300
44 4 4968.500
44 5 2525.800
44 6 6962.600
44 7 2805.200
44 8 9584.300
44 9 7666.800
44 10 7591.300
44 11 7366.300
44 12 5040.400
44 13 5023.300
44 14 3791.000
44 15 3671.100
44 16 4143.700
44 17 3145.300
44 18 5814.000
44 19 3489.600
44 20 10196.100
44 21 9696.600
44 22 8037.900
44 23 9408.200
44 24 8701.100
44 25 2356.400
44 26 6816.400
44 27 2066.200
44 28 4263.900
44 29 3852.700
44 30 6748.000
44 31 2207.200
44 32 7018.900
44 33 6882.100
44 34 9838.800
44 35 4772.400
44 36 5638.200
44 37 4163.400
44 38 4796.600
44 39 2832.900
44 40 6522.000
44 41 6096.300
44 42 8487.300
44 43 8408.400
44 44 0.000
44 45 7538.100
44 46 5087.400
44 47 5603.300
44 48 6059.700
44 49 7462.200
44 50 5015.200
44 51 5109.700
44 52 6158.700
44 53 8604.100
44 54 8612.700
44 55 5946.800
44 56 3490.000
44 57 5841.300
44 58 7862.500
44 59 8023.900
44 60 5871.600
44 61 5857.300
44 62 6847.600
44 63 5058.900
44 64 3894.100
44 65 6895.300
44 66 4993.800
44 67 6830.000
44 68 5953.600
44 69 7128.600
44 70 6315.400
44 71 6016.400
44 72 1083.400
44 73 7353.700
44 74 7671.100
44 75 7620.200
44 76 3901.400
44 77 2977.200
44 78 7937.400
44 79 8184.800
44 80 7449.600
44 81 7949.000
44 82 7522.800
44 83 10025.700
44 84 6079.400
44 85 9931.400
44 86 5701.800
44 87 3460.600
44 88 2379.500
44 89 5537.000
44 90 4659.700
44 91 8733.700
44 92 8597.400
44 93 6754.500
44 94 5147.000
44 95 6102.000
44 96 6548.100
44 97 3004.500
44 98 6102.500
44 99 2811.000
44 100 9961.000
45 0 5658.300
45 1 9449.000
45 2 6018.000
45 3 10454.100
45 4 8029.500
45 5 7427.400
45 6 1392.500
45 7 9915.000
45 8 7437.300
45 9 6904.200
45 10 5959.900
45 11 5315.200
45 12 5447.600
45 13 5117.300
45 14 10900.800
45 15 7319.700
45 16 8452.500
45 17 5638.300
45 18 8817.800
45 19 10599.400
45 20 8172.200
45 21 5842.900
45 22 8316.800
45 23 7071.400
45 24 6677.300
45 25 7783.400
45 26 1450.300
45 27 9176.000
45 28 6759.500
45 29 6108.700
45 30 2379.900
45 31 9316.900
45 32 1660.000
45 33 6950.800
45 34 10174.400
45 35 5188.000
45 36 4569.300
45 37 7691.600
45 38 6468.600
45 39 6532.900
45 40 4467.400
45 41 7993.400
45 42 8822.900
45 43 6655.500
45 44 7109.800
45 45 0.000
45 46 3266.200
45 47 4944.700
45 48 3360.500
45 49 4631.100
45 50 4693.700
45 51 4288.200
45 52 9180.600
45 53 6089.500
45 54 8696.900
45 55 3636.100
45 56 8917.000
45 57 2364.800
45 58 6320.300
45 59 8680.100
45 60 7161.500
45 61 12384.300
45 62 4823.700
45 63 9305.300
45 64 11003.900
45 65 4924.800
45 66 6861.100
45 67 2938.800
45 68 6146.700
45 69 6105.000
45 70 3360.000
45 71 3758.300
45 72 8193.200
45 73 8146.200
45 74 7241.700
45 75 7084.700
45 76 11011.200
45 77 9549.300
45 78 8273.000
45 79 6130.200
45 80 5425.700
45 81 5434.400
45 82 3641.600
45 83 8001.900
45 84 9170.500
45 85 7907.600
45 86 12096.100
45 87 10032.700
45 88 9489.300
45 89 5391.000
45 90 8325.600
45 91 7213.500
45 92 6573.600
45 93 6814.200
45 94 4591.900
45 95 10909.800
45 96 9543.700
45 97 7606.800
45 98 7765.400
45 99 6897.900
45 100 9705.200
46 0 2713.800
46 1 6504.500
46 2 3073.500
46 3 7509.600
46 4 6219.500
46 5 5110.000
46 6 2162.600
46 7 6970.500
46 8 6632.400
46 9 6099.300
46 10 5487.600
46 11 4510.300
46 12 3295.000
46 13 2172.800
46 14 7956.300
46 15 5146.600
46 16 6279.400
46 17 2693.800
46 18 7133.500
46 19 7654.900
46 20 7367.400
46 21 6464.200
46 22 7840.600
46 23 7191.200
46 24 5872.500
46 25 4838.900
46 26 2016.400
46 27 6231.500
46 28 3815.000
46 29 3164.200
46 30 1948.000
46 31 6372.400
46 32 2218.900
46 33 6461.800
46 34 9369.500
46 35 2197.900
46 36 2731.900
46 37 5265.000
46 38 4295.600
46 39 3588.400
46 40 3662.500
46 41 7188.500
46 42 8018.000
46 43 6245.700
46 44 4165.300
46 45 2738.100
46 46 0.000
46 47 2789.500
46 48 1158.300
46 49 5252.400
46 50 1749.200
46 51 1343.700
46 52 7875.900
46 53 6500.400
46 54 8220.600
46 55 1837.900
46 56 5972.500
46 57 1041.300
46 58 5515.500
46 59 7875.300
46 60 5477.200
46 61 10111.900
46 62 4018.900
46 63 7132.200
46 64 8059.400
46 65 4791.500
46 66 5087.600
46 67 2133.900
46 68 3156.500
46 69 4331.500
46 70 976.800
46 71 1787.700
46 72 5248.700
46 73 7341.400
46 74 6765.400
46 75 6608.500
46 76 8066.700
46 77 7231.900
46 78 7468.100
46 79 5325.300
46 80 4620.900
46 81 5845.300
46 82 2826.700
46 83 7197.000
46 84 7360.500
46 85 7102.700
46 86 9151.600
46 87 7715.300
46 88 6544.800
46 89 3073.500
46 90 6070.300
46 91 7333.200
46 92 5768.700
46 93 5479.300
46 94 1601.800
46 95 7965.300
46 96 7859.300
46 97 4662.300
46 98 6549.100
46 99 3953.400
46 100 8900.400
47 0 3670.400
47 1 7440.200
47 2 4009.200
47 3 8445.200
47 4 7485.100
47 5 6178.900
47 6 5239.400
47 7 7906.100
47 8 4621.100
47 9 4088.000
47 10 7516.700
47 11 2526.300
47 12 4965.700
47 13 3129.400
47 14 8892.000
47 15 6412.200
47 16 7545.100
47 17 3629.400
47 18 4783.100
47 19 8590.600
47 20 5356.100
47 21 9622.000
47 22 8720.100
47 23 9220.300
47 24 3861.100
47 25 5774.600
47 26 4052.400
47 27 7167.100
47 28 4750.600
47 29 4099.800
47 30 4885.300
47 31 7308.100
47 32 5295.600
47 33 7350.500
47 34 7358.200
47 35 2221.100
47 36 4994.300
47 37 3567.700
47 38 5561.200
47 39 4524.000
47 40 1682.000
47 41 5177.200
47 42 6006.700
47 43 8274.800
47 44 5100.900
47 45 5814.800
47 46 2933.700
47 47 0.000
47 48 4850.100
47 49 7387.600
47 50 4011.600
47 51 3606.100
47 52 9141.500
47 53 8529.500
47 54 10249.700
47 55 1287.600
47 56 6577.900
47 57 4118.000
47 58 3504.100
47 59 5864.000
47 60 3126.900
47 61 10958.200
47 62 2007.600
47 63 8397.900
47 64 9026.200
47 65 6820.600
47 66 2737.300
47 67 2460.600
47 68 2592.100
47 69 1981.200
47 70 3426.900
47 71 2492.100
47 72 6184.400
47 73 5330.100
47 74 8015.500
47 75 8637.600
47 76 9002.400
47 77 8078.100
47 78 5456.800
47 79 3344.800
47 80 2609.600
47 81 7874.400
47 82 3040.200
47 83 5185.700
47 84 8626.200
47 85 5091.400
47 86 9412.000
47 87 8561.500
47 88 7480.500
47 89 5445.200
47 90 4201.800
47 91 9362.300
47 92 3757.400
47 93 6755.400
47 94 2730.800
47 95 8570.700
47 96 5509.000
47 97 4665.100
47 98 7814.800
47 99 4889.000
47 100 6889.000
48 0 3377.300
48 1 7445.600
48 2 4014.600
48 3 8450.600
48 4 5867.300
48 5 4640.200
48 6 2908.800
48 7 7911.600
48 8 7621.700
48 9 7088.600
48 10 5135.400
48 11 5499.600
48 12 2942.800
48 13 2333.700
48 14 8897.400
48 15 4794.400
48 16 5927.300
48 17 3634.900
48 18 9002.300
48 19 8596.000
48 20 8356.700
48 21 6112.000
48 22 7488.400
48 23 6839.000
48 24 6861.800
48 25 5780.000
48 26 2762.600
48 27 7172.600
48 28 4756.000
48 29 3092.500
48 30 1202.000
48 31 7313.500
48 32 1950.900
48 33 6109.600
48 34 10358.800
48 35 3960.300
48 36 2379.700
48 37 6206.100
48 38 3943.400
48 39 4529.400
48 40 4651.800
48 41 8177.800
48 42 9007.300
48 43 5893.500
48 44 5106.300
48 45 3060.700
48 46 1721.100
48 47 4426.600
48 48 0.000
48 49 4900.300
48 50 1397.000
48 51 1511.300
48 52 7523.700
48 53 6148.200
48 54 7868.400
48 55 3475.000
48 56 6913.600
48 57 1787.500
48 58 6504.800
48 59 8864.600
48 60 7346.000
48 61 9642.100
48 62 5008.200
48 63 6780.000
48 64 9000.500
48 65 4439.300
48 66 7045.600
48 67 3123.200
48 68 4793.700
48 69 6289.500
48 70 1966.100
48 71 2777.000
48 72 6189.800
48 73 8330.700
48 74 6413.300
48 75 6256.300
48 76 9007.800
48 77 6762.100
48 78 8457.400
48 79 6314.600
48 80 5610.200
48 81 5493.100
48 82 3816.000
48 83 8186.300
48 84 7008.300
48 85 8092.000
48 86 10092.700
48 87 7245.500
48 88 7485.900
48 89 2721.400
48 90 7011.400
48 91 6981.000
48 92 6758.000
48 93 5127.100
48 94 2675.200
48 95 8906.400
48 96 9728.100
48 97 5603.400
48 98 6197.000
48 99 4139.700
48 100 9889.700
49 0 5577.300
49 1 9317.800
49 2 6214.700
49 3 10221.600
49 4 3812.600
49 5 5783.400
49 6 4774.100
49 7 9682.500
49 8 10849.000
49 9 10315.900
49 10 1624.900
49 11 8754.200
49 12 2951.800
49 13 4533.800
49 14 10668.400
49 15 3845.800
49 16 4978.600
49 17 5834.900
49 18 11024.600
49 19 10031.900
49 20 11584.000
49 21 1211.800
49 22 3971.500
49 23 2726.100
49 24 10089.100
49 25 7566.900
49 26 5359.200
49 27 8943.500
49 28 6956.100
49 29 4448.900
49 30 3497.000
49 31 9084.500
49 32 3770.400
49 33 2605.400
49 34 13586.200
49 35 6160.400
49 36 3228.800
49 37 8406.200
49 38 2845.700
49 39 6348.200
49 40 7909.900
49 41 11405.100
49 42 12234.600
49 43 2310.100
49 44 6877.300
49 45 4098.100
49 46 4644.200
49 47 6991.200
49 48 3847.000
49 49 0.000
49 50 3534.600
49 51 4241.500
49 52 4835.200
49 53 1744.100
49 54 4351.500
49 55 6205.200
49 56 8700.500
49 57 4559.400
49 58 9732.100
49 59 12091.900
49 60 9662.200
49 61 9655.300
49 62 8235.500
49 63 6576.400
49 64 10771.400
49 65 589.800
49 66 9272.600
49 67 5895.200
49 68 7341.500
49 69 8516.500
49 70 4738.100
49 71 5549.000
49 72 7960.700
49 73 11558.000
49 74 2896.300
49 75 2739.400
49 76 10778.700
49 77 7288.300
49 78 11684.700
49 79 9572.700
49 80 8837.500
49 81 1089.000
49 82 6588.000
49 83 11413.600
49 84 4953.700
49 85 11319.300
49 86 11879.600
49 87 8388.700
49 88 9256.900
49 89 3687.300
49 90 9211.400
49 91 2868.100
49 92 9985.300
49 93 2597.400
49 94 5405.400
49 95 10693.300
49 96 11758.600
49 97 7803.400
49 98 3420.000
49 99 5287.900
49 100 13117.000
50 0 2593.200
50 1 6915.400
50 2 3230.500
50 3 7666.500
50 4 4490.500
50 5 3381.100
50 6 3683.300
50 7 7127.500
50 8 7864.900
50 9 7331.800
50 10 3758.600
50 11 5770.100
50 12 1566.100
50 13 1549.600
50 14 8113.300
50 15 3417.600
50 16 4550.500
50 17 2850.800
50 18 7986.500
50 19 7629.500
50 20 8599.800
50 21 4735.300
50 22 6111.600
50 23 5462.300
50 24 7104.900
50 25 5129.900
50 26 3537.100
50 27 6388.500
50 28 3971.900
50 29 1830.300
50 30 2265.200
50 31 6529.400
50 32 2684.200
50 33 4732.900
50 34 10602.000
50 35 3176.200
50 36 1002.900
50 37 5422.000
50 38 2566.600
50 39 3745.300
50 40 4925.800
50 41 8421.000
50 42 9250.500
50 43 4516.700
50 44 4322.200
50 45 3707.900
50 46 1808.100
50 47 3642.500
50 48 1288.600
50 49 3523.500
50 50 0.000
50 51 727.200
50 52 6146.900
50 53 4771.400
50 54 6491.700
50 55 2690.900
50 56 6263.400
50 57 2561.900
50 58 6747.900
50 59 9107.700
50 60 6330.200
50 61 8383.000
50 62 5251.300
50 63 5403.300
50 64 8216.400
50 65 3062.600
50 66 5940.600
50 67 3574.100
50 68 4009.600
50 69 5184.500
50 70 3077.600
50 71 2760.500
50 72 5405.700
50 73 8573.800
50 74 5036.500
50 75 4879.500
50 76 8223.700
50 77 5502.900
50 78 8700.600
50 79 6588.600
50 80 5853.300
50 81 4116.400
50 82 4266.900
50 83 8429.500
50 84 5631.600
50 85 8335.200
50 86 9442.600
50 87 5986.300
50 88 7012.100
50 89 1344.600
50 90 6227.200
50 91 5604.300
50 92 7001.200
50 93 3750.300
50 94 1891.100
50 95 8256.300
50 96 8712.300
50 97 4819.300
50 98 4820.200
50 99 2880.600
50 100 10132.800
51 0 2437.500
51 1 6228.200
51 2 2797.200
51 3 7233.200
51 4 5118.700
51 5 3812.500
51 6 3889.300
51 7 6694.200
51 8 7709.200
51 9 7176.100
51 10 4701.400
51 11 5614.400
51 12 2599.300
51 13 1505.900
51 14 7680.000
51 15 4045.800
51 16 5178.700
51 17 2417.500
51 18 8020.200
51 19 7378.600
51 20 8444.200
51 21 5678.100
51 22 6353.700
51 23 6405.100
51 24 6949.200
51 25 4562.600
51 26 3743.100
51 27 5955.200
51 28 3538.600
51 29 2264.800
51 30 2322.200
51 31 6096.100
51 32 3071.100
51 33 5675.700
51 34 10446.300
51 35 3020.500
51 36 1945.700
51 37 4988.700
51 38 3194.800
51 39 3312.000
51 40 4770.100
51 41 8265.300
51 42 9094.800
51 43 5459.500
51 44 3889.000
51 45 4180.800
51 46 2014.100
51 47 3851.400
51 48 1567.600
51 49 4466.300
51 50 963.100
51 51 0.000
51 52 6775.100
51 53 5714.200
51 54 7434.400
51 55 2873.500
51 56 5696.200
51 57 2768.000
51 58 6592.200
51 59 8952.100
51 60 6522.300
51 61 8814.400
51 62 5095.700
51 63 6031.500
51 64 7783.100
51 65 4005.400
51 66 5442.200
51 67 3756.700
51 68 4201.700
51 69 5376.700
51 70 3086.200
51 71 2943.100
51 72 4972.400
51 73 8418.200
51 74 5649.100
51 75 5822.300
51 76 7790.400
51 77 5934.300
51 78 8544.900
51 79 6432.900
51 80 5697.700
51 81 5059.100
51 82 4449.500
51 83 8273.800
51 84 6259.800
51 85 8179.500
51 86 8875.300
51 87 6417.700
51 88 6268.500
51 89 2287.400
51 90 5794.000
51 91 6547.100
51 92 6845.500
51 93 4389.000
51 94 2073.700
51 95 7689.000
51 96 8754.300
51 97 4386.000
51 98 5448.400
51 99 3312.000
51 100 9977.100
52 0 6925.100
52 1 6814.000
52 2 6501.700
52 3 8010.700
52 4 1364.400
52 5 3585.600
52 6 9526.300
52 7 7471.700
52 8 12576.800
52 9 10666.500
52 10 4301.800
52 11 10102.000
52 12 4436.200
52 13 5881.500
52 14 8457.500
52 15 1957.200
52 16 2109.300
52 17 6124.500
52 18 8813.700
52 19 7200.000
52 20 14128.600
52 21 6059.800
52 22 2446.900
52 23 4648.900
52 24 11436.800
52 25 5356.000
52 26 9224.200
52 27 6732.700
52 28 7243.100
52 29 4824.300
52 30 7615.300
52 31 6873.600
52 32 8034.300
52 33 3333.800
52 34 13586.800
52 35 7508.100
52 36 5424.100
52 37 7163.000
52 38 3107.200
52 39 5094.300
52 40 9257.700
52 41 9095.900
52 42 12235.300
52 43 3649.100
52 44 4666.400
52 45 8850.400
52 46 7517.800
52 47 8339.000
52 48 7060.300
52 49 5522.000
52 50 5730.000
52 51 6436.900
52 52 0.000
52 53 4918.400
52 54 3853.500
52 55 8400.600
52 56 6489.600
52 57 8249.100
52 58 10862.200
52 59 11023.600
52 60 8871.300
52 61 5860.800
52 62 9583.300
52 63 3691.700
52 64 8560.600
52 65 5283.700
52 66 7993.500
52 67 9283.800
52 68 8689.300
52 69 9864.300
52 70 8427.700
52 71 8470.100
52 72 5749.900
52 73 10353.400
52 74 2767.000
52 75 2860.900
52 76 8405.100
52 77 4561.600
52 78 11685.400
52 79 10920.500
52 80 10185.300
52 81 4606.400
52 82 9976.600
52 83 12761.400
52 84 1499.000
52 85 12667.100
52 86 9668.800
52 87 5884.900
52 88 7046.000
52 89 5082.800
52 90 7659.300
52 91 3974.400
52 92 11333.100
52 93 4387.300
52 94 7600.700
52 95 8482.500
52 96 9547.700
52 97 5983.700
52 98 2183.700
52 99 4034.100
52 100 12953.600
53 0 7779.400
53 1 11083.700
53 2 8416.700
53 3 12088.800
53 4 3892.100
53 5 7985.500
53 6 6252.900
53 7 11549.700
53 8 13051.100
53 9 12518.000
53 10 1570.000
53 11 10956.300
53 12 5153.900
53 13 6735.800
53 14 12535.500
53 15 6047.800
53 16 5601.800
53 17 8037.000
53 18 12891.700
53 19 10734.200
53 20 13786.000
53 21 1053.100
53 22 3326.300
53 23 1191.400
53 24 12291.100
53 25 9434.100
53 26 6838.100
53 27 10810.700
53 28 9158.100
53 29 6650.900
53 30 4975.900
53 31 10951.700
53 32 5249.200
53 33 2312.500
53 34 15788.200
53 35 8362.400
53 36 4533.500
53 37 10608.200
53 38 5047.800
53 39 8550.200
53 40 10112.000
53 41 13607.200
53 42 14436.700
53 43 1440.500
53 44 8744.500
53 45 5577.000
53 46 6123.100
53 47 9193.300
53 48 5325.800
53 49 1801.300
53 50 4839.400
53 51 5546.300
53 52 4308.400
53 53 0.000
53 54 3706.300
53 55 7510.000
53 56 10567.700
53 57 6038.300
53 58 11934.100
53 59 14293.900
53 60 11864.200
53 61 9394.900
53 62 10437.500
53 63 8778.400
53 64 12638.600
53 65 2068.700
53 66 11474.700
53 67 7374.100
53 68 9543.600
53 69 10718.600
53 70 6216.900
53 71 7027.900
53 72 9827.900
53 73 13760.000
53 74 2251.200
53 75 2094.200
53 76 12645.900
53 77 8095.700
53 78 13886.800
53 79 11774.800
53 80 11039.500
53 81 885.700
53 82 8066.900
53 83 13615.700
53 84 5033.100
53 85 13521.400
53 86 13746.800
53 87 10590.700
53 88 11124.000
53 89 4992.100
53 90 11413.400
53 91 1703.500
53 92 12187.400
53 93 4799.400
53 94 6710.200
53 95 12560.500
53 96 13625.800
53 97 10005.500
53 98 2881.700
53 99 7490.000
53 100 15319.000
54 0 8595.800
54 1 9955.200
54 2 9451.200
54 3 10960.200
54 4 4331.900
54 5 6542.600
54 6 8979.500
54 7 10421.100
54 8 15526.300
54 9 13615.900
54 10 3319.100
54 11 11772.600
54 12 5970.200
54 13 7552.200
54 14 11406.900
54 15 4924.800
54 16 5076.800
54 17 9073.900
54 18 11763.200
54 19 9063.700
54 20 14602.400
54 21 4736.200
54 22 2197.700
54 23 3310.800
54 24 13107.500
54 25 8305.500
54 26 9564.700
54 27 9682.100
54 28 10192.600
54 29 7910.300
54 30 7702.500
54 31 9823.100
54 32 7975.800
54 33 3565.800
54 34 16536.300
54 35 9178.800
54 36 6252.900
54 37 10112.500
54 38 5281.500
54 39 8099.000
54 40 10928.300
54 41 12045.400
54 42 15184.700
54 43 2665.300
54 44 7615.900
54 45 8303.600
54 46 8346.600
54 47 10009.600
54 48 8014.800
54 49 4527.900
54 50 6558.700
54 51 7265.600
54 52 3179.800
54 53 3673.800
54 54 0.000
54 55 9229.300
54 56 9439.100
54 57 9077.800
54 58 12750.500
54 59 13973.000
54 60 11820.700
54 61 7724.500
54 62 11253.900
54 63 7249.800
54 64 11510.000
54 65 4189.500
54 66 10943.000
54 67 10112.500
54 68 10360.000
54 69 11534.900
54 70 9256.400
54 71 9298.900
54 72 8699.300
54 73 13302.900
54 74 3076.600
54 75 1823.900
54 76 10268.800
54 77 6425.300
54 78 14634.800
54 79 12591.100
54 80 11855.900
54 81 3612.300
54 82 10805.300
54 83 14432.000
54 84 4466.600
54 85 14337.800
54 86 12618.200
54 87 9147.800
54 88 9995.400
54 89 6711.400
54 90 10608.800
54 91 2650.900
54 92 13003.800
54 93 5615.800
54 94 8429.500
54 95 11431.900
54 96 12497.200
54 97 8933.200
54 98 2996.300
54 99 7038.800
54 100 15903.100
55 0 3471.000
55 1 7240.800
55 2 3809.800
55 3 8245.800
55 4 7162.100
55 5 6052.700
55 6 3674.000
55 7 7706.700
55 8 5019.700
55 9 4486.600
55 10 6430.200
55 11 2897.600
55 12 4237.700
55 13 2929.900
55 14 8692.500
55 15 6089.200
55 16 7222.100
55 17 3430.000
55 18 6400.300
55 19 8391.100
55 20 5754.700
55 21 7406.900
55 22 8783.200
55 23 8133.900
55 24 4259.800
55 25 5575.200
55 26 3217.100
55 27 6967.700
55 28 4551.200
55 29 3900.400
55 30 3319.900
55 31 7108.700
55 32 3730.200
55 33 7404.500
55 34 7756.800
55 35 2021.600
55 36 3674.500
55 37 5274.000
55 38 5238.200
55 39 4324.600
55 40 2049.800
55 41 5575.800
55 42 6405.300
55 43 7188.300
55 44 4901.500
55 45 4249.400
55 46 1646.000
55 47 1272.100
55 48 3296.500
55 49 6195.100
55 50 2691.900
55 51 2286.300
55 52 8818.500
55 53 7443.000
55 54 9163.200
55 55 0.000
55 56 6708.700
55 57 2552.600
55 58 3902.800
55 59 6262.600
55 60 4744.000
55 61 10758.800
55 62 2406.200
55 63 8074.900
55 64 8795.600
55 65 5734.200
55 66 4443.600
55 67 1625.300
55 68 2965.800
55 69 3687.500
55 70 1861.500
55 71 1204.500
55 72 5984.900
55 73 5728.700
55 74 7708.100
55 75 7551.100
55 76 8802.900
55 77 7878.700
55 78 5855.400
55 79 3712.600
55 80 3008.200
55 81 6787.900
55 82 2204.900
55 83 5584.300
55 84 8303.200
55 85 5490.000
55 86 9887.900
55 87 8362.100
55 88 7281.000
55 89 4016.200
55 90 5908.100
55 91 8275.900
55 92 4156.000
55 93 6421.900
55 94 1411.000
55 95 8701.600
55 96 7126.100
55 97 5398.500
55 98 7491.800
55 99 4689.600
55 100 7287.700
56 0 5582.800
56 1 5808.500
56 2 4916.000
56 3 4644.500
56 4 6750.500
56 5 4424.600
56 6 8356.100
56 7 4460.400
56 8 6802.000
56 9 5656.400
56 10 9373.200
56 11 6845.200
56 12 6822.300
56 13 6416.700
56 14 4621.000
56 15 5453.000
56 16 6344.300
56 17 4538.700
56 18 2773.500
56 19 5144.800
56 20 8871.100
56 21 11478.500
56 22 9431.300
56 23 10801.600
56 24 7376.200
56 25 2788.500
56 26 8209.800
56 27 5421.100
56 28 3558.700
56 29 5614.200
56 30 8141.500
56 31 2689.500
56 32 8412.300
56 33 8688.400
56 34 7828.500
56 35 6165.900
56 36 7399.700
56 37 2275.800
56 38 6603.000
56 39 4226.300
56 40 7915.400
56 41 4085.900
56 42 6476.900
56 43 9801.800
56 44 3352.800
56 45 8931.500
56 46 6480.900
56 47 6996.700
56 48 7453.200
56 49 9244.200
56 50 6776.700
56 51 6503.100
56 52 7940.700
56 53 11071.100
56 54 10006.200
56 55 7340.300
56 56 0.000
56 57 7234.700
56 58 5852.200
56 59 6013.500
56 60 3861.200
56 61 7927.500
56 62 7233.500
56 63 6851.200
56 64 2805.300
56 65 8677.200
56 66 3106.300
56 67 8223.500
56 68 4060.900
56 69 3862.400
56 70 7708.900
56 71 7409.800
56 72 4436.300
56 73 5343.400
56 74 9064.600
56 75 9013.600
56 76 4731.400
56 77 6330.000
56 78 5927.000
56 79 9440.600
56 80 6369.900
56 81 9731.000
56 82 8916.300
56 83 8700.700
56 84 7871.600
56 85 8606.400
56 86 3191.100
56 87 6675.700
56 88 5253.000
56 89 7318.900
56 90 2772.100
56 91 10127.100
56 92 7272.400
56 93 8560.800
56 94 6540.400
56 95 2004.800
56 96 3424.300
56 97 2311.800
56 98 7902.000
56 99 4204.400
56 100 7957.300
57 0 3472.900
57 1 7263.600
57 2 3832.600
57 3 8268.700
57 4 6978.600
57 5 5869.100
57 6 1510.100
57 7 7729.600
57 8 6830.200
57 9 6297.100
57 10 5389.800
57 11 4708.100
57 12 4054.100
57 13 2931.900
57 14 8715.400
57 15 5905.700
57 16 7038.500
57 17 3452.900
57 18 8210.800
57 19 8414.000
57 20 7565.200
57 21 5791.800
57 22 7742.800
57 23 7020.400
57 24 6070.300
57 25 5598.000
57 26 975.100
57 27 6990.600
57 28 4574.100
57 29 3923.300
57 30 1211.300
57 31 7131.500
57 32 1566.300
57 33 6364.000
57 34 9567.300
57 35 3407.600
57 36 3491.000
57 37 6024.100
57 38 5054.600
57 39 4347.500
57 40 3860.300
57 41 7386.300
57 42 8215.800
57 43 6147.900
57 44 4924.400
57 45 2085.500
57 46 1080.800
57 47 3999.100
57 48 1329.500
57 49 4580.100
57 50 2508.300
57 51 2102.800
57 52 8634.900
57 53 6038.400
57 54 8122.800
57 55 2571.000
57 56 6731.600
57 57 0.000
57 58 5713.300
57 59 8073.100
57 60 6554.500
57 61 10871.000
57 62 4216.700
57 63 7891.300
57 64 8818.500
57 65 4693.700
57 66 6254.100
57 67 2331.700
57 68 4366.200
57 69 5498.000
57 70 1174.600
57 71 1985.500
57 72 6007.800
57 73 7539.200
57 74 6667.700
57 75 6510.700
57 76 8825.800
57 77 7991.000
57 78 7665.900
57 79 5523.100
57 80 4818.700
57 81 5383.400
57 82 3024.500
57 83 7394.800
57 84 8119.600
57 85 7300.500
57 86 9910.700
57 87 8474.300
57 88 7303.900
57 89 3832.600
57 90 6829.400
57 91 7162.400
57 92 5966.500
57 93 6238.400
57 94 2264.900
57 95 8724.400
57 96 8936.600
57 97 5421.400
57 98 7308.200
57 99 4712.500
57 100 9098.200
58 0 4706.600
58 1 10027.500
58 2 6596.500
58 3 10855.800
58 4 10072.500
58 5 8766.200
58 6 6961.100
58 7 10493.500
58 8 1478.900
58 9 2859.800
58 10 10104.000
58 11 993.000
58 12 7553.100
58 13 5716.700
58 14 10832.200
58 15 8999.600
58 16 10132.400
58 17 6216.800
58 18 4773.400
58 19 11177.900
58 20 3018.900
58 21 12209.300
58 22 11307.500
58 23 11807.700
58 24 1524.000
58 25 7593.100
58 26 5774.200
58 27 9754.500
58 28 4852.800
58 29 6687.200
58 30 6607.000
58 31 9895.400
58 32 7017.400
58 33 9937.800
58 34 4377.000
58 35 4084.000
58 36 7875.600
58 37 3779.600
58 38 8148.600
58 39 7111.400
58 40 2952.000
58 41 3949.000
58 42 3025.500
58 43 10862.100
58 44 7688.300
58 45 7536.600
58 46 5729.400
58 47 3370.200
58 48 6650.600
58 49 9974.900
58 50 6892.900
58 51 6487.400
58 52 11728.900
58 53 11116.800
58 54 12837.100
58 55 3757.600
58 56 6568.200
58 57 5839.800
58 58 0.000
58 59 4635.800
58 60 3117.200
58 61 13545.500
58 62 2028.500
58 63 10985.200
58 64 9016.500
58 65 9408.000
58 66 2949.200
58 67 4182.400
58 68 3583.800
58 69 2193.100
58 70 5148.600
58 71 5045.700
58 72 8771.700
58 73 4101.900
58 74 10602.800
58 75 11224.900
58 76 10942.600
58 77 10665.500
58 78 2475.600
58 79 3588.400
58 80 2630.600
58 81 10461.700
58 82 4181.900
58 83 2848.500
58 84 11213.500
58 85 2754.300
58 86 9402.300
58 87 11148.900
58 88 10067.800
58 89 8032.500
58 90 4413.700
58 91 11949.700
58 92 1420.300
58 93 9342.700
58 94 5318.000
58 95 8561.000
58 96 5499.300
58 97 4877.000
58 98 10402.100
58 99 7476.400
58 100 4551.900
59 0 8569.200
59 1 10131.400
59 2 8908.000
59 3 10169.600
59 4 12561.000
59 5 8863.900
59 6 9272.600
59 7 9985.400
59 8 2529.600
59 9 2762.900
59 10 12415.500
59 11 3951.700
59 12 9864.500
59 13 8028.100
59 14 10146.000
59 15 11263.600
59 16 12154.800
59 17 8528.200
59 18 3965.500
59 19 10669.800
59 20 4166.600
59 21 14520.700
59 22 15241.800
59 23 14119.100
59 24 4482.700
59 25 7227.800
59 26 8085.600
59 27 9858.400
59 28 7005.200
59 29 8998.600
59 30 8918.500
59 31 9190.500
59 32 9328.800
59 33 12249.300
59 34 3556.100
59 35 7119.700
59 36 10187.000
59 37 5555.200
59 38 10460.000
59 39 8665.700
59 40 5651.800
59 41 2796.800
59 42 2204.600
59 43 13173.600
59 44 7792.100
59 45 9848.000
59 46 8040.800
59 47 6370.200
59 48 8962.100
59 49 12286.400
59 50 9204.400
59 51 8798.800
59 52 13751.200
59 53 13428.200
59 54 15816.700
59 55 6069.000
59 56 6202.800
59 57 8151.200
59 58 2958.700
59 59 0.000
59 60 3069.800
59 61 13452.500
59 62 4340.000
59 63 12661.800
59 64 8330.300
59 65 11719.400
59 66 5297.500
59 67 6493.800
59 68 6542.500
59 69 4541.400
59 70 7460.100
59 71 7357.100
59 72 8875.600
59 73 670.200
59 74 12914.200
59 75 14824.200
59 76 10256.400
59 77 10769.400
59 78 1654.700
59 79 6547.100
59 80 4942.000
59 81 12773.200
59 82 7073.400
59 83 5807.200
59 84 13682.200
59 85 5712.900
59 86 8716.100
59 87 11469.100
59 88 10171.700
59 89 10343.900
59 90 5165.500
59 91 15937.700
59 92 4378.900
59 93 11654.200
59 94 7629.500
59 95 8195.700
59 96 3277.000
59 97 6227.900
59 98 12713.600
59 99 8643.800
59 100 4146.900
60 0 4534.100
60 1 7403.900
60 2 5439.400
60 3 7763.000
60 4 8462.300
60 5 6136.400
60 6 8304.800
60 7 7578.800
60 8 2940.800
60 9 1795.200
60 10 9876.100
60 11 2983.900
60 12 7325.100
60 13 5488.800
60 14 7739.400
60 15 7164.900
60 16 8056.100
60 17 5988.800
60 18 1680.600
60 19 8263.300
60 20 5009.800
60 21 11981.400
60 22 11143.200
60 23 12513.500
60 24 3514.900
60 25 4500.300
60 26 7117.900
60 27 7130.900
60 28 4292.100
60 29 6459.200
60 30 7950.700
60 31 6463.100
60 32 8361.100
60 33 10400.300
60 34 3967.200
60 35 3911.600
60 36 7370.300
60 37 2827.700
60 38 8314.800
60 39 5938.200
60 40 4684.000
60 41 1786.200
60 42 2615.700
60 43 11513.700
60 44 5064.700
60 45 8880.200
60 46 5933.600
60 47 3197.700
60 48 6992.200
60 49 9747.000
60 50 6387.600
60 51 5982.100
60 52 9652.500
60 53 10888.900
60 54 11718.000
60 55 5101.300
60 56 3475.400
60 57 7183.500
60 58 1990.900
60 59 2473.000
60 60 0.000
60 61 11045.900
60 62 3372.200
60 63 8563.100
60 64 5923.800
60 65 9180.000
60 66 2388.500
60 67 5526.100
60 68 3411.400
60 69 1632.400
60 70 6492.300
60 71 5354.700
60 72 6148.100
60 73 1939.100
60 74 10776.400
60 75 10725.500
60 76 7849.800
60 77 8041.900
60 78 2065.800
60 79 5579.300
60 80 2508.600
60 81 10233.800
60 82 6105.700
60 83 4839.500
60 84 9583.500
60 85 4745.200
60 86 6309.500
60 87 8741.700
60 88 7444.200
60 89 7804.600
60 90 2120.000
60 91 11839.000
60 92 3411.200
60 93 9114.800
60 94 5106.800
60 95 5468.200
60 96 2406.500
60 97 3500.400
60 98 9613.900
60 99 5916.300
60 100 4558.000
61 0 9114.800
61 1 3920.200
61 2 8588.900
61 3 4926.600
61 4 4934.800
61 5 5672.800
61 6 11937.300
61 7 4122.800
61 8 14664.100
61 9 12753.700
61 10 7943.800
61 11 12291.700
61 12 6775.800
61 13 8071.200
61 14 4878.000
61 15 5406.500
61 16 5128.000
61 17 8211.700
61 18 9989.600
61 19 3470.500
61 20 16215.900
61 21 9697.400
61 22 6748.000
61 23 8445.200
61 24 13626.500
61 25 7443.300
61 26 11413.800
61 27 5100.000
61 28 9330.400
61 29 7013.900
61 30 9804.900
61 31 5926.100
61 32 10223.900
61 33 6479.100
61 34 15674.000
61 35 9697.800
61 36 7613.800
61 37 9250.300
61 38 6556.500
61 39 7229.300
61 40 11447.300
61 41 11183.200
61 42 14322.500
61 43 7445.400
61 44 6753.700
61 45 11261.300
61 46 9707.400
61 47 10528.600
61 48 9249.900
61 49 9197.700
61 50 7919.600
61 51 8626.500
61 52 6090.800
61 53 8714.700
61 54 7065.600
61 55 10590.200
61 56 8052.700
61 57 10438.700
61 58 12949.400
61 59 13110.800
61 60 10958.500
61 61 0.000
61 62 11772.900
61 63 6080.600
61 64 5097.800
61 65 8630.700
61 66 10080.700
61 67 11473.400
61 68 10879.000
61 69 12053.900
61 70 10617.300
61 71 10659.800
61 72 6165.200
61 73 12440.600
61 74 6837.100
61 75 7162.000
61 76 4675.500
61 77 3998.900
61 78 13772.600
61 79 13110.100
61 80 12374.900
61 81 8248.400
61 82 12166.200
61 83 14951.000
61 84 3699.700
61 85 14856.800
61 86 5624.600
61 87 3023.100
61 88 4016.900
61 89 7272.500
61 90 9746.600
61 91 8275.500
61 92 13522.800
61 93 8424.200
61 94 9790.400
61 95 7305.600
61 96 9455.700
61 97 8070.900
61 98 6086.300
61 99 6169.000
61 100 15040.900
62 0 3794.700
62 1 9176.600
62 2 5745.600
62 3 10076.400
62 4 9221.600
62 5 7915.300
62 6 6110.200
62 7 9642.600
62 8 2613.500
62 9 2080.400
62 10 9253.100
62 11 1671.900
62 12 6702.200
62 13 4865.800
62 14 10052.900
62 15 8148.700
62 16 9281.500
62 17 5365.900
62 18 3994.100
62 19 10327.000
62 20 3348.500
62 21 11358.400
62 22 10456.600
62 23 10956.800
62 24 1853.600
62 25 6813.800
62 26 4923.300
62 27 8903.600
62 28 3941.000
62 29 5836.300
62 30 5756.200
62 31 9044.500
62 32 6166.500
62 33 9086.900
62 34 5350.700
62 35 3172.200
62 36 7024.700
62 37 2867.800
62 38 7297.700
62 39 6260.500
62 40 2489.400
62 41 3169.600
62 42 3999.100
62 43 10011.200
62 44 6837.400
62 45 6685.700
62 46 4878.500
62 47 2458.400
62 48 5799.700
62 49 9124.000
62 50 6042.000
62 51 5636.500
62 52 10878.000
62 53 10265.900
62 54 11986.200
62 55 2906.700
62 56 5788.800
62 57 4988.900
62 58 1496.600
62 59 3856.400
62 60 2337.800
62 61 12694.600
62 62 0.000
62 63 10134.300
62 64 8237.200
62 65 8557.100
62 66 2037.400
62 67 3331.500
62 68 2672.000
62 69 1281.300
62 70 4297.700
62 71 4194.800
62 72 7920.800
62 73 3322.500
62 74 9751.900
62 75 10374.000
62 76 10163.300
62 77 9814.600
62 78 3449.200
62 79 4152.200
62 80 602.000
62 81 9610.900
62 82 3911.100
62 83 3178.100
62 84 10362.600
62 85 3083.800
62 86 8622.900
62 87 10298.000
62 88 9216.900
62 89 7181.600
62 90 3501.900
62 91 11098.800
62 92 1749.800
62 93 8491.800
62 94 4467.100
62 95 7781.700
62 96 4719.900
62 97 3965.200
62 98 9551.200
62 99 6625.500
62 100 4881.500
63 0 13131.800
63 1 9219.000
63 2 12605.900
63 3 10225.400
63 4 8927.100
63 5 9689.800
63 6 15954.300
63 7 9421.600
63 8 18681.100
63 9 16770.700
63 10 11936.100
63 11 16308.700
63 12 10792.800
63 13 12088.200
63 14 10176.700
63 15 9423.500
63 16 9145.000
63 17 12228.700
63 18 14917.900
63 19 8769.200
63 20 20232.900
63 21 13689.700
63 22 10740.300
63 23 12437.500
63 24 17643.500
63 25 11460.300
63 26 15430.800
63 27 10398.700
63 28 13347.400
63 29 11030.900
63 30 13821.900
63 31 11224.800
63 32 14240.900
63 33 10471.400
63 34 19691.000
63 35 13714.800
63 36 11630.800
63 37 13267.300
63 38 10573.500
63 39 11246.300
63 40 15464.300
63 41 15200.200
63 42 18339.500
63 43 11437.700
63 44 10770.700
63 45 15278.300
63 46 13724.400
63 47 14545.600
63 48 13266.900
63 49 13214.700
63 50 11936.600
63 51 12643.500
63 52 10083.100
63 53 12706.900
63 54 11057.900
63 55 14607.200
63 56 12593.900
63 57 14455.700
63 58 16966.400
63 59 17127.800
63 60 14975.500
63 61 8072.300
63 62 15789.900
63 63 0.000
63 64 10396.500
63 65 12647.700
63 66 14097.700
63 67 15490.400
63 68 14896.000
63 69 16070.900
63 70 14634.300
63 71 14676.800
63 72 11854.100
63 73 16457.600
63 74 10829.400
63 75 11154.300
63 76 9974.300
63 77 8015.900
63 78 17789.600
63 79 17127.100
63 80 16391.900
63 81 12240.600
63 82 16183.200
63 83 18968.000
63 84 7692.000
63 85 18873.800
63 86 10923.400
63 87 8321.900
63 88 9315.700
63 89 11289.500
63 90 13763.600
63 91 12267.800
63 92 17539.800
63 93 12441.200
63 94 13807.400
63 95 12604.300
63 96 14754.400
63 97 12087.900
63 98 10078.600
63 99 10186.000
63 100 19057.900
64 0 7097.500
64 1 3003.200
64 2 6430.700
64 3 1839.200
64 4 8274.100
64 5 5939.300
64 6 9870.800
64 7 1655.100
64 8 9004.200
64 9 7858.700
64 10 10888.000
64 11 9047.400
64 12 8337.000
64 13 7931.400
64 14 1815.700
64 15 6967.700
64 16 7859.000
64 17 6053.400
64 18 4891.900
64 19 2339.500
64 20 11073.300
64 21 12993.200
64 22 10946.000
64 23 12316.300
64 24 9578.400
64 25 5264.500
64 26 9724.500
64 27 2615.800
64 28 5761.000
64 29 7128.900
64 30 9656.200
64 31 2621.300
64 32 9927.000
64 33 9818.400
64 34 10030.700
64 35 7680.600
64 36 8914.400
64 37 4478.000
64 38 8117.700
64 39 5741.100
64 40 9430.100
64 41 6288.100
64 42 8679.200
64 43 11316.500
64 44 4670.100
64 45 10446.200
64 46 7995.600
64 47 8511.400
64 48 8967.900
64 49 10758.900
64 50 8291.400
64 51 8017.800
64 52 9430.100
64 53 12585.800
64 54 11520.900
64 55 8855.000
64 56 2955.000
64 57 8749.400
64 58 8054.400
64 59 8345.000
64 60 6063.500
64 61 5122.200
64 62 9435.700
64 63 8365.900
64 64 0.000
64 65 10191.900
64 66 5308.500
64 67 9738.200
64 68 6263.200
64 69 6064.600
64 70 9223.600
64 71 8924.500
64 72 3681.000
64 73 7545.600
64 74 10579.300
64 75 10528.300
64 76 1926.100
64 77 7338.200
64 78 8129.300
64 79 11092.900
64 80 8572.100
64 81 11245.700
64 82 10431.000
64 83 10902.900
64 84 7039.000
64 85 10808.700
64 86 1807.700
64 87 3870.400
64 88 2447.700
64 89 8833.600
64 90 4974.300
64 91 11641.800
64 92 9474.700
64 93 10075.600
64 94 8055.100
64 95 2207.800
64 96 4357.900
64 97 4514.100
64 98 9425.600
64 99 5719.200
64 100 10159.500
65 0 5662.000
65 1 9402.400
65 2 6299.300
65 3 10306.200
65 4 3721.600
65 5 5868.000
65 6 5041.400
65 7 9767.100
65 8 10933.600
65 9 10400.500
65 10 1035.100
65 11 8838.800
65 12 3036.400
65 13 4618.400
65 14 10753.000
65 15 3930.400
65 16 5063.300
65 17 5919.500
65 18 11109.200
65 19 10116.500
65 20 11668.600
65 21 1801.600
65 22 3388.100
65 23 2738.700
65 24 10173.700
65 25 7651.500
65 26 5626.600
65 27 9028.100
65 28 7040.700
65 29 4533.500
65 30 3764.400
65 31 9169.100
65 32 4037.700
65 33 2009.300
65 34 13670.800
65 35 6245.000
65 36 3319.100
65 37 8490.800
65 38 2930.300
65 39 6432.800
65 40 7994.500
65 41 11489.700
65 42 12319.200
65 43 1793.200
65 44 6961.900
65 45 4365.500
65 46 4911.600
65 47 7075.800
65 48 4114.300
65 49 589.800
65 50 3624.900
65 51 4331.800
65 52 4370.200
65 53 2047.800
65 54 3768.100
65 55 6295.500
65 56 8785.100
65 57 4826.800
65 58 9816.700
65 59 12176.500
65 60 9746.800
65 61 9739.900
65 62 8320.100
65 63 6661.000
65 64 10856.100
65 65 0.000
65 66 9357.200
65 67 6162.600
65 68 7426.200
65 69 8601.100
65 70 5005.400
65 71 5816.400
65 72 8045.400
65 73 11642.600
65 74 2312.900
65 75 2156.000
65 76 10863.300
65 77 7372.900
65 78 11769.300
65 79 9657.300
65 80 8922.100
65 81 1392.800
65 82 6855.400
65 83 11498.200
65 84 4862.700
65 85 11403.900
65 86 11964.200
65 87 8473.300
65 88 9341.500
65 89 3777.600
65 90 9296.000
65 91 2880.700
65 92 10070.000
65 93 2682.000
65 94 5495.700
65 95 10777.900
65 96 11843.200
65 97 7888.000
65 98 2943.400
65 99 5372.600
65 100 13201.600
66 0 3717.700
66 1 6324.000
66 2 3050.900
66 3 7094.500
66 4 7382.400
66 5 5056.500
66 6 6588.000
66 7 6910.400
66 8 3877.500
66 9 4185.600
66 10 8639.900
66 11 2935.800
66 12 6088.900
66 13 4252.600
66 14 7071.000
66 15 6084.900
66 16 6976.200
66 17 4168.000
66 18 4046.700
66 19 7594.800
66 20 4612.400
66 21 10745.200
66 22 10063.200
66 23 10343.500
66 24 3117.500
66 25 3420.400
66 26 7075.300
66 27 6051.000
66 28 1903.600
66 29 4638.400
66 30 6233.900
66 31 5383.200
66 32 6644.300
66 33 8473.700
66 34 6357.600
66 35 2675.400
66 36 6134.100
66 37 830.400
66 38 6684.400
66 39 5062.500
66 40 4641.400
66 41 4176.600
66 42 5006.100
66 43 9398.000
66 44 3984.800
66 45 7163.400
66 46 4697.400
66 47 2546.700
66 48 5756.000
66 49 8510.800
66 50 5151.400
66 51 4745.900
66 52 8572.600
66 53 9652.700
66 54 10638.100
66 55 4048.900
66 56 2461.900
66 57 5466.600
66 58 3648.600
66 59 4863.400
66 60 2390.400
66 61 10377.500
66 62 3329.700
66 63 7483.100
66 64 5255.300
66 65 7943.800
66 66 0.000
66 67 5483.500
66 68 1444.800
66 69 756.100
66 70 4775.500
66 71 4118.500
66 72 5068.200
66 73 4329.500
66 74 9696.500
66 75 9645.600
66 76 7181.400
66 77 6962.000
66 78 4456.200
66 79 5531.200
66 80 2119.400
66 81 8997.600
66 82 6063.100
66 83 4442.100
66 84 8503.600
66 85 4347.800
66 86 5641.100
66 87 7661.700
66 88 6364.300
66 89 6568.400
66 90 1635.700
66 91 10759.000
66 92 3013.800
66 93 7878.600
66 94 3870.600
66 95 4454.800
66 96 4772.500
66 97 1927.800
66 98 8533.900
66 99 4836.400
66 100 6145.400
67 0 4243.600
67 1 8013.400
67 2 4582.400
67 3 9018.500
67 4 8058.400
67 5 6752.100
67 6 3921.500
67 7 8479.400
67 8 4537.200
67 9 4004.100
67 10 7052.800
67 11 2415.100
67 12 5539.000
67 13 3702.600
67 14 9465.200
67 15 6985.500
67 16 8118.300
67 17 4202.700
67 18 5917.700
67 19 9163.800
67 20 5272.200
67 21 8029.400
67 22 9293.400
67 23 8756.400
67 24 3777.200
67 25 6347.800
67 26 2734.500
67 27 7740.400
67 28 5323.900
67 29 4673.100
67 30 3567.400
67 31 7881.300
67 32 3977.700
67 33 8027.000
67 34 7274.300
67 35 2794.200
67 36 4297.100
67 37 4791.500
67 38 6134.500
67 39 5097.300
67 40 1567.300
67 41 5093.300
67 42 5922.800
67 43 7810.900
67 44 5674.200
67 45 4496.900
67 46 2268.600
67 47 2044.600
67 48 3611.000
67 49 6817.700
67 50 3314.400
67 51 2908.900
67 52 9714.800
67 53 8065.600
67 54 9785.800
67 55 736.000
67 56 7712.500
67 57 2800.100
67 58 3420.200
67 59 5780.100
67 60 4261.400
67 61 11531.400
67 62 1923.600
67 63 8971.100
67 64 9568.300
67 65 6356.700
67 66 3961.000
67 67 0.000
67 68 4595.600
67 69 3204.900
67 70 2109.000
67 71 1827.100
67 72 6757.600
67 73 5246.100
67 74 8588.700
67 75 8173.700
67 76 9575.600
67 77 8651.400
67 78 5372.900
67 79 3230.100
67 80 2525.600
67 81 7410.500
67 82 1722.300
67 83 5101.800
67 84 9199.400
67 85 5007.500
67 86 10546.600
67 87 9134.800
67 88 8053.700
67 89 4638.800
67 90 5425.500
67 91 8898.400
67 92 3673.500
67 93 7328.600
67 94 2033.600
67 95 9705.300
67 96 6643.600
67 97 5888.900
67 98 8388.000
67 99 5462.300
67 100 6805.100
68 0 1696.800
68 1 7448.900
68 2 4017.900
68 3 8453.900
68 4 7493.800
68 5 6187.600
68 6 5473.500
68 7 7914.800
68 8 4692.000
68 9 4149.400
68 10 7525.400
68 11 3750.300
68 12 4974.400
68 13 3138.000
68 14 8900.600
68 15 6420.900
68 16 7553.800
68 17 3638.100
68 18 5015.400
68 19 8599.200
68 20 5427.000
68 21 9630.600
68 22 8728.800
68 23 9229.000
68 24 3932.000
68 25 5783.300
68 26 5327.300
68 27 7175.800
68 28 4027.300
68 29 4108.500
68 30 5119.400
68 31 7316.800
68 32 5529.800
68 33 7359.200
68 34 7326.400
68 35 1560.900
68 36 5019.600
68 37 2954.200
68 38 5569.900
68 39 4532.700
68 40 3473.900
68 41 5145.400
68 42 5974.900
68 43 8283.500
68 44 5109.600
68 45 6048.900
68 46 3582.800
68 47 2552.800
68 48 4641.500
68 49 7396.300
68 50 4036.900
68 51 3631.400
68 52 9150.200
68 53 8538.100
68 54 10258.400
68 55 2934.400
68 56 4585.700
68 57 4352.100
68 58 3565.600
68 59 5832.100
68 60 3359.200
68 61 10966.900
68 62 3799.500
68 63 8406.600
68 64 7379.000
68 65 6829.300
68 66 2123.700
68 67 3817.700
68 68 0.000
68 69 2213.500
68 70 3661.000
68 71 3004.000
68 72 6193.000
68 73 5298.200
68 74 8024.100
68 75 8646.300
68 76 9011.000
68 77 8086.800
68 78 5425.000
68 79 5136.700
68 80 2933.900
68 81 7883.100
68 82 4510.400
68 83 5256.600
68 84 8634.900
68 85 5162.300
68 86 7764.800
68 87 8570.200
68 88 7489.200
68 89 5453.800
68 90 3759.400
68 91 9371.000
68 92 3828.300
68 93 6764.100
68 94 2756.100
68 95 6578.500
68 96 5741.300
68 97 4051.600
68 98 7823.500
68 99 4897.700
68 100 6960.000
69 0 3379.700
69 1 7080.100
69 2 3807.000
69 3 7850.600
69 4 8690.100
69 5 5812.600
69 6 6669.800
69 7 7666.500
69 8 3032.800
69 9 3429.500
69 10 8721.700
69 11 2091.200
69 12 6170.700
69 13 4334.400
69 14 7827.100
69 15 7617.200
69 16 7732.300
69 17 4834.500
69 18 3290.600
69 19 8350.900
69 20 3767.800
69 21 10827.000
69 22 9925.100
69 23 10425.300
69 24 2272.900
69 25 4176.500
69 26 6230.700
69 27 6807.100
69 28 2659.700
69 29 5304.900
69 30 6315.800
69 31 6139.300
69 32 6726.100
69 33 8555.500
69 34 5601.500
69 35 2757.200
69 36 6215.900
69 37 1586.500
69 38 6766.200
69 39 5729.000
69 40 3796.800
69 41 3420.500
69 42 4250.000
69 43 9479.800
69 44 4740.900
69 45 7245.300
69 46 4779.200
69 47 2043.400
69 48 5837.800
69 49 8592.600
69 50 5233.300
69 51 4827.700
69 52 9328.700
69 53 9734.500
69 54 11394.200
69 55 3221.300
69 56 3218.000
69 57 5548.500
69 58 2804.000
69 59 4107.300
69 60 1634.300
69 61 11133.600
69 62 2485.000
69 63 8239.200
69 64 6011.400
69 65 8025.600
69 66 756.100
69 67 4638.900
69 68 2257.000
69 69 0.000
69 70 4857.300
69 71 4200.300
69 72 5824.300
69 73 3573.400
69 74 9220.500
69 75 9842.600
69 76 7937.500
69 77 7718.100
69 78 3700.100
69 79 4686.600
69 80 1274.800
69 81 9079.400
69 82 5218.500
69 83 3597.400
69 84 9831.200
69 85 3503.200
69 86 6397.200
69 87 8417.800
69 88 7120.400
69 89 6650.200
69 90 2391.800
69 91 10567.300
69 92 2169.200
69 93 7960.400
69 94 3952.400
69 95 5210.900
69 96 4016.400
69 97 2683.900
69 98 9019.800
69 99 6094.000
69 100 5300.800
70 0 3067.400
70 1 7647.500
70 2 4216.600
70 3 8652.600
70 4 7388.000
70 5 6278.500
70 6 2535.300
70 7 8113.500
70 8 5655.600
70 9 5122.500
70 10 6656.100
70 11 3533.500
70 12 4463.600
70 13 3315.800
70 14 9099.300
70 15 6315.100
70 16 7448.000
70 17 3836.800
70 18 7036.200
70 19 8797.900
70 20 6390.600
70 21 6651.100
70 22 9009.100
70 23 7879.600
70 24 4895.700
70 25 5982.000
70 26 2389.000
70 27 7374.500
70 28 4958.000
70 29 4307.200
70 30 2181.200
70 31 7515.500
70 32 2591.500
70 33 7630.400
70 34 8392.800
70 35 2233.000
70 36 3900.400
70 37 5909.900
70 38 5464.100
70 39 4731.400
70 40 2685.700
70 41 6211.700
70 42 7041.200
70 43 7414.200
70 44 5308.300
70 45 3110.700
70 46 1303.500
70 47 2824.600
70 48 2224.800
70 49 5439.300
70 50 2917.800
70 51 2512.200
70 52 9044.400
70 53 6897.700
70 54 9389.100
70 55 1396.500
70 56 7115.500
70 57 1413.900
70 58 4538.700
70 59 6898.500
70 60 5379.900
70 61 11280.400
70 62 3042.100
70 63 8300.800
70 64 9202.400
70 65 5960.100
70 66 5079.500
70 67 1157.100
70 68 3191.700
70 69 4323.400
70 70 0.000
70 71 811.000
70 72 6391.700
70 73 6364.600
70 74 7934.000
70 75 7777.000
70 76 9209.700
70 77 8400.400
70 78 6491.300
70 79 4348.500
70 80 3644.100
70 81 6242.600
70 82 1849.900
70 83 6220.200
70 84 8529.000
70 85 6125.900
70 86 10294.700
70 87 8883.800
70 88 7687.800
70 89 4242.100
70 90 6544.000
70 91 8021.600
70 92 4792.000
70 93 6647.800
70 94 1636.900
70 95 9108.400
70 96 7762.100
70 97 5805.300
70 98 7717.700
70 99 5096.400
70 100 7923.600
71 0 2591.400
71 1 7171.500
71 2 3740.500
71 3 8176.500
71 4 6912.000
71 5 5802.500
71 6 3180.100
71 7 7637.500
71 8 5491.700
71 9 4958.700
71 10 6180.100
71 11 3369.700
71 12 3987.500
71 13 2839.800
71 14 8623.300
71 15 5839.100
71 16 6971.900
71 17 3360.800
71 18 6872.300
71 19 8321.900
71 20 6226.700
71 21 7156.700
71 22 8533.100
71 23 7883.700
71 24 4731.800
71 25 5505.900
71 26 3033.800
71 27 6898.500
71 28 4481.900
71 29 3831.200
71 30 2826.000
71 31 7039.400
71 32 3236.300
71 33 7154.300
71 34 8228.900
71 35 1757.000
71 36 3424.400
71 37 5477.100
71 38 4988.000
71 39 4255.300
71 40 2521.900
71 41 6047.800
71 42 6877.300
71 43 6938.100
71 44 4832.300
71 45 3755.500
71 46 1152.100
71 47 1857.600
71 48 2869.600
71 49 5944.900
71 50 2441.700
71 51 2036.200
71 52 8568.300
71 53 7192.800
71 54 8913.100
71 55 585.500
71 56 6639.500
71 57 2058.700
71 58 4374.800
71 59 6734.600
71 60 5216.000
71 61 10804.400
71 62 2878.200
71 63 7824.700
71 64 8726.400
71 65 5484.000
71 66 4646.700
71 67 1524.200
71 68 2715.600
71 69 3890.600
71 70 1367.600
71 71 0.000
71 72 5915.700
71 73 6200.700
71 74 7457.900
71 75 7301.000
71 76 8733.700
71 77 7924.300
71 78 6327.400
71 79 4184.700
71 80 3480.200
71 81 6537.800
71 82 2217.000
71 83 6056.400
71 84 8053.000
71 85 5962.100
71 86 9818.600
71 87 8407.700
71 88 7211.800
71 89 3766.000
71 90 6111.200
71 91 8025.700
71 92 4628.100
71 93 6171.800
71 94 1160.900
71 95 8632.300
71 96 7598.200
71 97 5329.300
71 98 7241.600
71 99 4620.400
71 100 7759.700
72 0 5361.100
72 1 1837.500
72 2 4694.200
72 3 2842.600
72 4 6528.700
72 5 4202.800
72 6 8134.400
72 7 2303.500
72 8 10756.000
72 9 8838.500
72 10 9151.500
72 11 8538.000
72 12 6600.600
72 13 6195.000
72 14 3289.300
72 15 5231.300
72 16 6122.500
72 17 4317.000
72 18 6985.700
72 19 2987.900
72 20 11367.800
72 21 11256.800
72 22 9209.600
72 23 10579.900
72 24 9872.800
72 25 3528.100
72 26 7988.100
72 27 1564.500
72 28 5435.700
72 29 5392.400
72 30 7919.700
72 31 1705.400
72 32 8190.600
72 33 8466.700
72 34 11010.600
72 35 5944.100
72 36 7178.000
72 37 5335.100
72 38 6381.300
72 39 4004.600
72 40 7693.700
72 41 7268.000
72 42 9659.000
72 43 9580.100
72 44 2933.700
72 45 8709.800
72 46 6259.200
72 47 6775.000
72 48 7231.500
72 49 9022.400
72 50 6555.000
72 51 6281.400
72 52 7719.000
72 53 10849.300
72 54 9784.500
72 55 7118.500
72 56 4661.700
72 57 7013.000
72 58 9034.300
72 59 9195.600
72 60 7043.300
72 61 5638.500
72 62 8019.300
72 63 6629.500
72 64 3392.400
72 65 8455.500
72 66 6165.500
72 67 8001.700
72 68 7125.300
72 69 8300.300
72 70 7487.200
72 71 7188.100
72 72 0.000
72 73 8525.500
72 74 8842.900
72 75 8791.900
72 76 3399.700
72 77 6264.800
72 78 9109.100
72 79 9356.500
72 80 8621.300
72 81 9509.300
72 82 8694.500
72 83 11197.400
72 84 7555.400
72 85 11103.100
72 86 5200.100
72 87 3241.800
72 88 1877.800
72 89 7097.200
72 90 5831.400
72 91 9905.400
72 92 9769.100
72 93 8339.100
72 94 6318.700
72 95 5600.200
72 96 7750.300
72 97 4176.200
72 98 7680.300
72 99 3982.700
72 100 11132.800
73 0 7899.000
73 1 9461.200
73 2 8237.800
73 3 10426.600
73 4 10519.600
73 5 8193.700
73 6 8602.400
73 7 10242.500
73 8 2036.100
73 9 2092.800
73 10 11745.300
73 11 3281.500
73 12 9194.400
73 13 7358.000
73 14 10403.100
73 15 9222.100
73 16 10113.400
73 17 7858.100
73 18 3295.300
73 19 10926.900
73 20 3673.100
73 21 13850.600
73 22 13200.400
73 23 13448.900
73 24 3812.500
73 25 6557.600
73 26 7415.500
73 27 9188.200
73 28 6335.100
73 29 8328.500
73 30 8248.300
73 31 8520.400
73 32 8658.700
73 33 11579.100
73 34 3062.500
73 35 6449.500
73 36 9516.800
73 37 4885.000
73 38 9789.800
73 39 7995.500
73 40 4981.600
73 41 2126.600
73 42 1711.000
73 43 12503.400
73 44 7122.000
73 45 9177.800
73 46 7370.700
73 47 5700.000
73 48 8291.900
73 49 11616.200
73 50 8534.200
73 51 8128.700
73 52 11709.800
73 53 12758.100
73 54 13775.300
73 55 5398.900
73 56 5532.700
73 57 7481.000
73 58 2288.500
73 59 670.200
73 60 2399.600
73 61 13709.500
73 62 3669.800
73 63 10620.300
73 64 8587.400
73 65 11049.300
73 66 4627.400
73 67 5823.700
73 68 5872.300
73 69 3871.300
73 70 6789.900
73 71 6686.900
73 72 8205.400
73 73 0.000
73 74 12244.100
73 75 12782.800
73 76 10513.400
73 77 10099.200
73 78 1161.100
73 79 5876.900
73 80 4271.800
73 81 12103.000
73 82 6403.300
73 83 5137.000
73 84 11640.800
73 85 5042.800
73 86 8973.100
73 87 10798.900
73 88 9501.500
73 89 9673.800
73 90 4495.300
73 91 13896.300
73 92 3708.800
73 93 10984.000
73 94 6959.300
73 95 7525.500
73 96 3296.100
73 97 5557.700
73 98 12043.400
73 99 7973.600
73 100 3653.400
74 0 6332.600
74 1 8536.800
74 2 6969.900
74 3 9440.600
74 4 1970.300
74 5 5002.500
74 6 7314.600
74 7 8901.600
74 8 11604.300
74 9 11071.200
74 10 1654.200
74 11 9509.500
74 12 3707.100
74 13 5289.000
74 14 9887.400
74 15 3064.800
74 16 3680.000
74 17 6590.200
74 18 10243.600
74 19 8812.400
74 20 12339.300
74 21 3406.700
74 22 1551.500
74 23 2000.300
74 24 10844.300
74 25 6785.900
74 26 7899.800
74 27 8162.600
74 28 7711.300
74 29 5022.500
74 30 6037.600
74 31 8303.500
74 32 6310.900
74 33 834.000
74 34 14341.400
74 35 6915.600
74 36 4588.000
74 37 8592.900
74 38 2632.000
74 39 5567.200
74 40 8665.200
74 41 10525.800
74 42 12989.900
74 43 1000.400
74 44 6096.300
74 45 6638.700
74 46 6681.600
74 47 7746.500
74 48 6349.900
74 49 2863.000
74 50 4893.800
74 51 5600.700
74 52 2061.400
74 53 2269.700
74 54 2437.100
74 55 7564.400
74 56 7919.500
74 57 7412.900
74 58 10487.300
74 59 12847.200
74 60 10301.200
74 61 7473.100
74 62 8990.700
74 63 5262.400
74 64 9990.500
74 65 2524.600
74 66 10027.900
74 67 8447.600
74 68 8096.800
74 69 9271.800
74 70 7591.500
74 71 7634.000
74 72 7179.800
74 73 11783.300
74 74 0.000
74 75 964.000
74 76 10017.400
74 77 6173.900
74 78 12440.000
74 79 10328.000
74 80 9592.700
74 81 1947.400
74 82 9140.400
74 83 12168.900
74 84 3111.400
74 85 12074.600
74 86 11098.700
74 87 7607.700
74 88 8475.900
74 89 5046.500
74 90 9089.200
74 91 2142.300
74 92 10740.600
74 93 3950.900
74 94 6764.600
74 95 9912.400
74 96 10977.600
74 97 7413.600
74 98 646.200
74 99 4507.000
74 100 14383.500
75 0 6771.900
75 1 9015.700
75 2 7409.200
75 3 10020.700
75 4 2893.600
75 5 5603.100
75 6 7155.600
75 7 9481.600
75 8 12043.500
75 9 11510.400
75 10 1495.200
75 11 9948.700
75 12 4146.300
75 13 5728.300
75 14 10467.500
75 15 3988.100
75 16 4137.400
75 17 7029.400
75 18 10823.700
75 19 9851.600
75 20 12778.500
75 21 3247.700
75 22 1258.200
75 23 1841.300
75 24 11283.600
75 25 7366.000
75 26 7740.800
75 27 8742.600
75 28 8150.600
75 29 5643.400
75 30 5878.600
75 31 8883.600
75 32 6151.900
75 33 1741.900
75 34 15596.800
75 35 7354.900
75 36 4429.000
75 37 9173.000
75 38 3555.300
75 39 7159.600
75 40 9104.400
75 41 11105.900
75 42 14245.300
75 43 841.400
75 44 6676.400
75 45 6479.700
75 46 6522.700
75 47 8185.700
75 48 6190.900
75 49 2704.000
75 50 4734.800
75 51 5441.700
75 52 2240.300
75 53 2110.700
75 54 1638.300
75 55 7405.400
75 56 8499.600
75 57 7253.900
75 58 10926.600
75 59 13033.500
75 60 10881.300
75 61 7888.900
75 62 9430.000
75 63 6310.400
75 64 10570.600
75 65 2365.600
75 66 10003.500
75 67 8288.600
75 68 8536.100
75 69 9711.000
75 70 7432.500
75 71 7475.000
75 72 7759.900
75 73 12363.400
75 74 1252.700
75 75 0.000
75 76 10577.900
75 77 6589.600
75 78 13695.400
75 79 10767.200
75 80 10032.000
75 81 1788.400
75 82 8981.400
75 83 12608.100
75 84 3527.100
75 85 12513.900
75 86 11678.700
75 87 8208.400
75 88 9056.000
75 89 4887.500
75 90 9669.300
75 91 1759.200
75 92 11179.900
75 93 3791.900
75 94 6605.600
75 95 10492.400
75 96 11557.700
75 97 7993.700
75 98 1883.200
75 99 6099.300
75 100 14963.600
76 0 7273.700
76 1 3179.400
76 2 6606.900
76 3 2015.400
76 4 8007.600
76 5 6115.500
76 6 10047.000
76 7 1831.300
76 8 11067.500
76 9 9922.000
76 10 11064.200
76 11 10450.600
76 12 8513.200
76 13 8107.600
76 14 853.800
76 15 7143.900
76 16 8200.800
76 17 6229.600
76 18 6955.200
76 19 2208.900
76 20 13136.600
76 21 13169.400
76 22 11122.200
76 23 12492.600
76 24 11641.700
76 25 5440.700
76 26 9900.700
76 27 2792.000
76 28 7348.300
76 29 7305.100
76 30 9832.400
76 31 2797.500
76 32 10103.200
76 33 9551.900
76 34 12094.000
76 35 7856.800
76 36 9090.600
76 37 6541.300
76 38 8293.900
76 39 5917.300
76 40 9606.300
76 41 8351.400
76 42 10742.500
76 43 11492.700
76 44 4846.300
76 45 10622.400
76 46 8171.800
76 47 8687.600
76 48 9144.100
76 49 10935.100
76 50 8467.600
76 51 8194.000
76 52 9163.600
76 53 12762.000
76 54 10138.400
76 55 9031.200
76 56 5018.300
76 57 8925.600
76 58 10117.700
76 59 10408.300
76 60 8126.800
76 61 4855.600
76 62 9931.900
76 63 9153.300
76 64 2063.300
76 65 10368.100
76 66 7371.800
76 67 9914.400
76 68 9037.900
76 69 8127.900
76 70 9399.800
76 71 9100.700
76 72 3857.200
76 73 9608.900
76 74 10755.500
76 75 10704.500
76 76 0.000
76 77 7071.600
76 78 10192.600
76 79 11269.100
76 80 10533.900
76 81 11421.900
76 82 10607.200
76 83 12966.200
76 84 6772.500
76 85 12872.000
76 86 1454.500
76 87 3603.800
76 88 2623.900
76 89 9009.800
76 90 7037.600
76 91 11818.000
76 92 11538.000
76 93 10251.800
76 94 8231.300
76 95 4271.100
76 96 6421.200
76 97 6577.400
76 98 9159.100
76 99 5895.400
76 100 12222.800
77 0 5115.900
77 1 5208.300
77 2 4590.100
77 3 6099.100
77 4 2705.100
77 5 1674.000
77 6 7938.400
77 7 5560.000
77 8 10665.200
77 9 8754.800
77 10 5327.900
77 11 8292.800
77 12 2777.000
77 13 4072.300
77 14 6545.900
77 15 1407.700
77 16 1824.100
77 17 4212.800
77 18 6902.100
77 19 5922.400
77 20 12217.000
77 21 7433.200
77 22 5393.400
77 23 6763.800
77 24 9627.600
77 25 3444.400
77 26 7415.000
77 27 4821.000
77 28 5331.500
77 29 3015.100
77 30 5806.100
77 31 4962.000
77 32 6225.100
77 33 4643.100
77 34 11675.200
77 35 5698.900
77 36 3614.900
77 37 5251.400
77 38 2557.700
77 39 3230.400
77 40 7448.500
77 41 7184.300
77 42 10323.700
77 43 5763.900
77 44 2754.800
77 45 7262.500
77 46 5708.600
77 47 6529.800
77 48 5251.100
77 49 5198.800
77 50 3920.800
77 51 4627.700
77 52 3895.300
77 53 6340.700
77 54 5968.300
77 55 6591.400
77 56 4578.000
77 57 6439.800
77 58 8950.600
77 59 9111.900
77 60 6959.700
77 61 5159.500
77 62 7774.100
77 63 2081.700
77 64 6649.000
77 65 4631.900
77 66 6081.900
77 67 7474.600
77 68 6880.100
77 69 8055.100
77 70 6618.500
77 71 6660.900
77 72 3838.300
77 73 8441.800
77 74 5026.700
77 75 4975.700
77 76 6656.300
77 77 0.000
77 78 9773.800
77 79 9111.300
77 80 8376.100
77 81 5685.600
77 82 8167.400
77 83 10952.200
77 84 3102.100
77 85 10857.900
77 86 7757.100
77 87 4279.200
77 88 5134.400
77 89 3273.600
77 90 5747.700
77 91 6089.200
77 92 9523.900
77 93 4425.400
77 94 5791.500
77 95 6570.800
77 96 7636.100
77 97 4072.100
77 98 3856.700
77 99 2170.200
77 100 11042.000
78 0 11796.600
78 1 12807.000
78 2 12030.900
78 3 13372.500
78 4 13860.800
78 5 11539.500
78 6 12500.000
78 7 13273.000
78 8 4967.200
78 9 5311.500
78 10 15642.900
78 11 6438.200
78 12 13092.000
78 13 11255.600
78 14 13349.000
78 15 12563.300
78 16 13454.600
78 17 11755.700
78 18 6641.900
78 19 13957.400
78 20 3667.300
78 21 17748.200
78 22 16541.600
78 23 17912.000
78 24 5773.000
78 25 9904.200
78 26 11313.100
78 27 12534.000
78 28 9681.600
78 29 12226.100
78 30 12145.900
78 31 12675.000
78 32 12556.300
78 33 15798.800
78 34 1901.400
78 35 10347.200
78 36 13414.500
78 37 8231.500
78 38 13713.300
78 39 11341.300
78 40 7673.100
78 41 5473.200
78 42 549.900
78 43 16912.100
78 44 10467.800
78 45 13075.400
78 46 11268.300
78 47 9597.600
78 48 12189.500
78 49 15513.800
78 50 12431.800
78 51 12026.300
78 52 15051.000
78 53 16655.700
78 54 17116.500
78 55 9296.500
78 56 8879.200
78 57 11378.600
78 58 6186.100
78 59 6160.000
78 60 6297.200
78 61 16541.400
78 62 7567.400
78 63 13961.500
78 64 11533.300
78 65 14946.900
78 66 8525.000
78 67 9721.300
78 68 9029.000
78 69 7768.900
78 70 10687.500
78 71 10584.500
78 72 11551.200
78 73 5626.100
78 74 16174.900
78 75 16124.000
78 76 13459.400
78 77 13445.000
78 78 0.000
78 79 5430.200
78 80 8169.400
78 81 16000.600
78 82 8903.100
78 83 5334.700
78 84 14982.000
78 85 4341.400
78 86 11919.000
78 87 14144.800
78 88 12847.300
78 89 13571.400
78 90 8132.100
78 91 17237.400
78 92 6465.700
78 93 14881.600
78 94 10856.900
78 95 10872.100
78 96 8295.100
78 97 8904.300
78 98 15012.300
78 99 11319.400
78 100 2492.300
79 0 5888.200
79 1 9658.000
79 2 6227.000
79 3 10663.000
79 4 9703.000
79 5 8396.700
79 6 6570.200
79 7 10124.000
79 8 3692.200
79 9 5089.500
79 10 9734.500
79 11 3222.700
79 12 7183.600
79 13 5347.200
79 14 11109.800
79 15 8630.100
79 16 9762.900
79 17 5847.300
79 18 7003.100
79 19 10808.400
79 20 1870.500
79 21 11839.800
79 22 10938.000
79 23 11438.200
79 24 2752.500
79 25 7992.400
79 26 5275.100
79 27 9385.000
79 28 6968.500
79 29 6317.700
79 30 6216.100
79 31 9525.900
79 32 6626.500
79 33 9568.300
79 34 7377.700
79 35 4438.800
79 36 7506.100
79 37 6009.300
79 38 7779.100
79 39 6741.900
79 40 2243.000
79 41 6178.600
79 42 6026.100
79 43 10492.600
79 44 7318.800
79 45 7145.700
79 46 5338.500
79 47 3689.200
79 48 6259.700
79 49 9605.400
79 50 6523.400
79 51 6117.900
79 52 11359.400
79 53 10747.300
79 54 12467.600
79 55 3388.100
79 56 8797.900
79 57 5448.900
79 58 4505.600
79 59 6865.400
79 60 5346.800
79 61 13176.000
79 62 3515.600
79 63 10615.700
79 64 11212.900
79 65 9038.500
79 66 5178.900
79 67 3791.500
79 68 5813.500
79 69 4422.800
79 70 4757.700
79 71 4654.800
79 72 8402.200
79 73 6331.500
79 74 10233.300
79 75 10855.400
79 76 11220.200
79 77 10296.000
79 78 5476.200
79 79 0.000
79 80 4117.600
79 81 10092.200
79 82 3472.900
79 83 1706.500
79 84 10844.000
79 85 1500.700
79 86 11632.000
79 87 10779.400
79 88 9698.300
79 89 7663.000
79 90 6643.400
79 91 11580.200
79 92 3445.200
79 93 8973.200
79 94 4948.500
79 95 10790.700
79 96 7729.000
79 97 7106.700
79 98 10032.600
79 99 7106.900
79 100 3298.400
80 0 3192.700
80 1 8458.200
80 2 5027.200
80 3 9503.600
80 4 8503.200
80 5 7196.900
80 6 6142.900
80 7 9319.400
80 8 2646.200
80 9 2113.100
80 10 8534.700
80 11 1704.500
80 12 5983.800
80 13 4147.400
80 14 9480.000
80 15 7430.200
80 16 8563.100
80 17 4647.500
80 18 3421.200
80 19 10003.800
80 20 3381.200
80 21 10640.000
80 22 9738.200
80 23 10238.400
80 24 1886.200
80 25 4855.800
80 26 4955.900
80 27 8185.200
80 28 3339.000
80 29 5117.900
80 30 5788.800
80 31 8326.100
80 32 6199.100
80 33 8368.500
80 34 5383.300
80 35 2570.200
80 36 6028.900
80 37 2265.800
80 38 6579.200
80 39 5542.000
80 40 2522.100
80 41 3202.300
80 42 4031.800
80 43 9292.800
80 44 6118.900
80 45 6718.300
80 46 4592.200
80 47 1856.400
80 48 5650.900
80 49 8405.600
80 50 5046.300
80 51 4640.700
80 52 10159.500
80 53 9547.500
80 54 11267.700
80 55 2939.300
80 56 5216.000
80 57 5021.500
80 58 1529.200
80 59 3889.100
80 60 1764.900
80 61 11976.200
80 62 1210.300
80 63 9415.900
80 64 7664.300
80 65 7838.700
80 66 1435.400
80 67 3364.100
80 68 2070.000
80 69 679.300
80 70 4330.400
80 71 4013.300
80 72 7202.400
80 73 3355.100
80 74 9033.500
80 75 9655.600
80 76 9590.400
80 77 9096.200
80 78 3481.900
80 79 4184.900
80 80 0.000
80 81 8892.400
80 82 3943.700
80 83 3210.800
80 84 9644.200
80 85 3116.500
80 86 8050.100
80 87 9579.600
80 88 8498.500
80 89 6463.200
80 90 2899.900
80 91 10380.400
80 92 1782.500
80 93 7773.400
80 94 3765.400
80 95 7208.800
80 96 4147.100
80 97 3363.200
80 98 8832.800
80 99 5907.100
80 100 4914.100
81 0 6356.600
81 1 10097.000
81 2 6993.900
81 3 11921.200
81 4 3505.000
81 5 6562.600
81 6 5733.100
81 7 11382.100
81 8 11628.200
81 9 11095.100
81 10 1050.100
81 11 9533.400
81 12 3731.000
81 13 5313.000
81 14 12367.900
81 15 4625.000
81 16 5214.700
81 17 6614.100
81 18 12724.100
81 19 10347.000
81 20 12363.200
81 21 1449.000
81 22 3158.700
81 23 1609.700
81 24 10868.300
81 25 9266.500
81 26 6318.200
81 27 10643.100
81 28 7735.300
81 29 5228.100
81 30 4456.000
81 31 10784.100
81 32 4729.300
81 33 1792.600
81 34 14365.400
81 35 6939.600
81 36 4013.700
81 37 9185.400
81 38 3624.900
81 39 7127.400
81 40 8689.100
81 41 12184.300
81 42 13013.800
81 43 1497.400
81 44 8576.900
81 45 5057.100
81 46 5603.200
81 47 7770.400
81 48 4806.000
81 49 1281.400
81 50 4319.500
81 51 5026.400
81 52 4022.400
81 53 655.100
81 54 3538.700
81 55 6990.100
81 56 10400.100
81 57 5518.400
81 58 10511.300
81 59 12871.100
81 60 10441.400
81 61 9007.800
81 62 9014.700
81 63 7355.600
81 64 12471.000
81 65 1548.800
81 66 10051.800
81 67 6854.200
81 68 8120.800
81 69 9295.700
81 70 5697.100
81 71 6508.000
81 72 9660.300
81 73 12337.200
81 74 2083.600
81 75 1926.600
81 76 12478.300
81 77 7708.600
81 78 12463.900
81 79 10351.900
81 80 9616.700
81 81 0.000
81 82 7547.000
81 83 12192.800
81 84 4646.000
81 85 12098.500
81 86 13579.200
81 87 9167.900
81 88 10956.400
81 89 4472.200
81 90 9990.600
81 91 1902.600
81 92 10764.600
81 93 3376.600
81 94 6190.300
81 95 12392.900
81 96 13458.200
81 97 8582.600
81 98 2607.300
81 99 6067.200
81 100 13896.200
82 0 5882.100
82 1 9651.900
82 2 6220.900
82 3 10656.900
82 4 9696.900
82 5 8390.600
82 6 4031.100
82 7 10117.900
82 8 4537.500
82 9 5083.300
82 10 8198.300
82 11 3216.600
82 12 7177.500
82 13 5341.100
82 14 11103.700
82 15 8623.900
82 16 9756.800
82 17 5841.200
82 18 6997.000
82 19 10802.300
82 20 5272.500
82 21 8376.700
82 22 10551.300
82 23 9605.200
82 24 3190.600
82 25 7986.300
82 26 2491.700
82 27 9378.900
82 28 6962.300
82 29 6311.600
82 30 3906.800
82 31 9519.800
82 32 4317.100
82 33 9172.500
82 34 8353.600
82 35 3775.200
82 36 5442.600
82 37 6003.200
82 38 7772.900
82 39 6735.700
82 40 2236.800
82 41 6172.500
82 42 7002.000
82 43 8956.300
82 44 7312.600
82 45 4046.100
82 46 3029.100
82 47 3683.100
82 48 3950.400
82 49 7164.900
82 50 4459.900
82 51 4054.400
82 52 11353.200
82 53 8623.300
82 54 10931.300
82 55 2171.300
82 56 8791.700
82 57 3139.500
82 58 4499.500
82 59 6859.300
82 60 5340.700
82 61 13169.900
82 62 3509.500
82 63 10609.600
82 64 11206.800
82 65 7502.200
82 66 5172.800
82 67 1473.900
82 68 4733.800
82 69 4416.700
82 70 2448.400
82 71 2345.400
82 72 8396.100
82 73 6325.400
82 74 9476.100
82 75 9319.200
82 76 11214.100
82 77 10289.900
82 78 6452.100
82 79 2936.000
82 80 4111.500
82 81 7968.200
82 82 0.000
82 83 4322.200
82 84 10837.900
82 85 4436.800
82 86 11625.900
82 87 10773.300
82 88 9692.200
82 89 5784.200
82 90 6637.300
82 91 9747.200
82 92 3673.900
82 93 8189.900
82 94 3179.100
82 95 10784.600
82 96 7722.900
82 97 7100.600
82 98 10026.500
82 99 7100.800
82 100 6234.400
83 0 5647.800
83 1 9417.500
83 2 5986.600
83 3 10422.600
83 4 9462.500
83 5 8156.200
83 6 6329.800
83 7 9883.500
83 8 3616.500
83 9 4162.200
83 10 9494.000
83 11 2295.500
83 12 6943.100
83 13 5106.700
83 14 10869.300
83 15 8389.600
83 16 9522.500
83 17 5606.800
83 18 6075.900
83 19 10567.900
83 20 4351.400
83 21 11599.300
83 22 10697.500
83 23 11197.700
83 24 2269.500
83 25 7752.000
83 26 5034.600
83 27 9144.500
83 28 6155.300
83 29 6077.200
83 30 5975.700
83 31 9285.500
83 32 6386.000
83 33 9327.800
83 34 7432.500
83 35 4198.300
83 36 7265.600
83 37 5082.100
83 38 7538.600
83 39 6501.400
83 40 2002.500
83 41 5251.400
83 42 6080.900
83 43 10252.100
83 44 7078.300
83 45 6905.200
83 46 5098.000
83 47 3448.700
83 48 6019.300
83 49 9365.000
83 50 6283.000
83 51 5877.400
83 52 11118.900
83 53 10506.800
83 54 12227.100
83 55 3147.600
83 56 7870.600
83 57 5208.400
83 58 3578.400
83 59 5938.200
83 60 4419.600
83 61 12935.600
83 62 3275.100
83 63 10375.300
83 64 10319.000
83 65 8798.000
83 66 4251.700
83 67 3551.000
83 68 4886.300
83 69 3495.600
83 70 4517.300
83 71 4414.300
83 72 8161.700
83 73 5404.300
83 74 9992.800
83 75 10615.000
83 76 10979.700
83 77 10055.500
83 78 5531.000
83 79 2638.900
83 80 3877.100
83 81 9851.800
83 82 3232.500
83 83 0.000
83 84 10603.500
83 85 4086.800
83 86 10704.800
83 87 10538.900
83 88 9457.800
83 89 7422.500
83 90 5716.200
83 91 11339.700
83 92 2752.800
83 93 8732.700
83 94 4708.000
83 95 9863.500
83 96 6801.800
83 97 6179.500
83 98 9792.200
83 99 6866.400
83 100 5884.400
84 0 6910.100
84 1 6215.400
84 2 6675.600
84 3 7221.800
84 4 1235.100
84 5 3759.500
84 6 9374.700
84 7 6418.000
84 8 12750.700
84 9 10840.300
84 10 4244.100
84 11 10087.000
84 12 4284.500
84 13 5866.500
84 14 7173.100
84 15 2131.100
84 16 2283.100
84 17 6298.300
84 18 8987.600
84 19 5765.600
84 20 14302.500
84 21 5997.700
84 22 3048.300
84 23 4745.500
84 24 11421.800
84 25 5529.900
84 26 9959.800
84 27 6906.500
84 28 7417.000
84 29 5019.200
84 30 7810.200
84 31 7047.500
84 32 8229.200
84 33 2779.400
84 34 13760.700
84 35 7493.100
84 36 5619.000
84 37 7336.900
84 38 3281.000
84 39 5289.200
84 40 9242.600
84 41 9269.800
84 42 12409.200
84 43 3745.600
84 44 4840.300
84 45 8698.700
84 46 7712.700
84 47 8323.900
84 48 7045.200
84 49 5464.300
84 50 5924.900
84 51 6631.800
84 52 2391.100
84 53 5014.900
84 54 4092.600
84 55 8595.500
84 56 6663.500
84 57 8444.000
84 58 11064.800
84 59 11197.400
84 60 9045.200
84 61 4426.400
84 62 9568.200
84 63 3865.500
84 64 7392.900
84 65 5132.100
84 66 8167.400
84 67 9478.700
84 68 8674.300
84 69 9849.200
84 70 8622.600
84 71 8665.000
84 72 5923.800
84 73 10527.300
84 74 3137.400
84 75 3462.300
84 76 6970.700
84 77 3127.100
84 78 11859.300
84 79 10905.400
84 80 10170.200
84 81 4548.600
84 82 10171.500
84 83 12746.300
84 84 0.000
84 85 12652.100
84 86 7919.800
84 87 5318.300
84 88 6312.100
84 89 5277.700
84 90 7833.200
84 91 4575.800
84 92 11318.100
84 93 4258.000
84 94 7795.600
84 95 8656.300
84 96 9721.600
84 97 6157.600
84 98 2386.600
84 99 4229.000
84 100 13127.500
85 0 6077.300
85 1 11398.300
85 2 7967.300
85 3 12226.500
85 4 11443.200
85 5 10137.000
85 6 8331.900
85 7 11864.200
85 8 2638.200
85 9 4230.500
85 10 11474.800
85 11 2363.800
85 12 8923.800
85 13 7087.500
85 14 12203.000
85 15 10370.300
85 16 11503.200
85 17 7587.500
85 18 6144.200
85 19 12548.600
85 20 816.500
85 21 13580.100
85 22 12678.200
85 23 13178.400
85 24 1698.500
85 25 8963.900
85 26 7144.900
85 27 11125.200
85 28 6223.500
85 29 8057.900
85 30 7977.800
85 31 11266.200
85 32 8388.100
85 33 11308.600
85 34 6323.700
85 35 5454.800
85 36 9246.300
85 37 5150.400
85 38 9519.300
85 39 8482.100
85 40 3746.000
85 41 5319.700
85 42 4972.200
85 43 12232.900
85 44 9059.000
85 45 8907.300
85 46 7100.100
85 47 4740.900
85 48 8021.400
85 49 11345.700
85 50 8263.700
85 51 7858.100
85 52 13099.600
85 53 12487.600
85 54 14207.800
85 55 5128.400
85 56 7938.900
85 57 7210.500
85 58 3646.700
85 59 6006.500
85 60 4487.900
85 61 14916.300
85 62 3399.300
85 63 12356.000
85 64 10387.300
85 65 10778.700
85 66 4320.000
85 67 5553.100
85 68 4954.600
85 69 3563.900
85 70 6519.400
85 71 6416.400
85 72 10142.500
85 73 5472.600
85 74 11973.600
85 75 12595.700
85 76 12313.400
85 77 12036.200
85 78 4422.300
85 79 1503.000
85 80 4001.300
85 81 11832.500
85 82 5552.700
85 83 1404.400
85 84 12584.300
85 85 0.000
85 86 10773.100
85 87 12519.600
85 88 11438.600
85 89 9403.300
85 90 5784.500
85 91 13320.400
85 92 2391.300
85 93 10713.500
85 94 6688.800
85 95 9931.800
85 96 6870.100
85 97 6247.800
85 98 11772.900
85 99 8847.100
85 100 2244.400
86 0 8178.900
86 1 4856.600
86 2 7512.000
86 3 2681.800
86 4 8687.700
86 5 7020.600
86 6 10952.200
86 7 3508.400
86 8 9398.100
86 9 8252.500
86 10 11969.300
86 11 9441.300
86 12 9418.400
86 13 9012.800
86 14 1490.100
86 15 8049.100
86 16 8940.300
86 17 7134.800
86 18 5285.700
86 19 2546.600
86 20 11467.200
86 21 14074.600
86 22 12027.400
86 23 13397.700
86 24 9972.200
86 25 5384.600
86 26 10805.900
86 27 4469.100
86 28 6154.800
86 29 8210.200
86 30 10737.500
86 31 3463.900
86 32 11008.400
86 33 10232.000
86 34 10424.500
86 35 8761.900
86 36 9995.800
86 37 4871.900
86 38 9199.100
86 39 6822.400
86 40 10511.500
86 41 6682.000
86 42 9073.000
86 43 12397.900
86 44 6523.500
86 45 11527.600
86 46 9077.000
86 47 9592.800
86 48 10049.300
86 49 11840.200
86 50 9372.800
86 51 9099.200
86 52 9843.700
86 53 13667.100
86 54 10818.500
86 55 9936.300
86 56 3348.800
86 57 9830.800
86 58 8448.200
86 59 8738.900
86 60 6457.300
86 61 5535.800
86 62 9829.600
86 63 9833.500
86 64 1853.400
86 65 11273.300
86 66 5702.300
86 67 10819.500
86 68 6657.000
86 69 6458.400
86 70 10305.000
86 71 10005.900
86 72 5534.300
86 73 7939.400
86 74 11660.700
86 75 11609.700
86 76 1454.500
86 77 7751.800
86 78 8523.100
86 79 12036.600
86 80 8966.000
86 81 12327.100
86 82 11512.300
86 83 11296.800
86 84 7452.600
86 85 11202.500
86 86 0.000
86 87 4284.000
86 88 4301.000
86 89 9915.000
86 90 5368.200
86 91 12723.200
86 92 9868.500
86 93 11156.900
86 94 9136.500
86 95 2601.700
86 96 4751.800
86 97 4907.900
86 98 9839.200
86 99 6800.500
86 100 10553.400
87 0 7481.300
87 1 2093.000
87 2 6908.900
87 3 3099.400
87 4 5548.600
87 5 4051.500
87 6 10546.200
87 7 2295.600
87 8 12274.800
87 9 11129.200
87 10 8557.600
87 11 10658.200
87 12 7389.600
87 13 6437.700
87 14 3050.700
87 15 6020.300
87 16 5741.800
87 17 6531.600
87 18 8162.400
87 19 1643.200
87 20 13487.900
87 21 10311.200
87 22 7361.800
87 23 9059.000
87 24 11993.000
87 25 5763.200
87 26 10036.500
87 27 3272.700
87 28 7650.300
87 29 5378.300
87 30 8427.600
87 31 4098.800
87 32 8846.600
87 33 7092.900
87 34 13301.200
87 35 8064.300
87 36 7163.900
87 37 7748.600
87 38 7170.300
87 39 5567.000
87 40 9813.900
87 41 9558.600
87 42 11949.700
87 43 8059.200
87 44 5073.600
87 45 9870.300
87 46 8328.700
87 47 8895.200
87 48 7616.400
87 49 9811.500
87 50 6540.800
87 51 7247.700
87 52 6704.600
87 53 9328.400
87 54 7679.400
87 55 9211.400
87 56 6225.500
87 57 9061.400
87 58 11324.900
87 59 11615.500
87 60 9334.000
87 61 2396.600
87 62 10139.400
87 63 6694.400
87 64 3270.500
87 65 9244.500
87 66 8579.000
87 67 10094.700
87 68 9245.500
87 69 9335.100
87 70 9240.000
87 71 9281.000
87 72 4338.000
87 73 10816.100
87 74 7450.900
87 75 7775.800
87 76 2848.300
87 77 4612.600
87 78 11399.800
87 79 11476.700
87 80 10741.400
87 81 8862.200
87 82 10787.400
87 83 13317.600
87 84 4313.500
87 85 13223.300
87 86 3797.400
87 87 0.000
87 88 2189.700
87 89 7886.200
87 90 8244.800
87 91 8889.300
87 92 11889.300
87 93 9038.000
87 94 8411.600
87 95 5478.300
87 96 7628.400
87 97 6390.900
87 98 6700.100
87 99 4506.800
87 100 13367.900
88 0 5856.000
88 1 870.200
88 2 5189.100
88 3 2116.500
88 4 6038.100
88 5 3595.400
88 6 8629.300
88 7 1577.400
88 8 11250.900
88 9 9333.400
88 10 8660.900
88 11 9032.900
88 12 6110.000
88 13 5981.700
88 14 2563.200
88 15 4740.700
88 16 4479.600
88 17 4811.900
88 18 7558.200
88 19 2261.800
88 20 11862.700
88 21 10766.200
88 22 8726.400
88 23 10096.700
88 24 10367.700
88 25 4023.000
88 26 8483.000
88 27 2289.800
88 28 5930.600
88 29 4922.300
88 30 7971.500
88 31 2200.300
88 32 8390.600
88 33 7951.700
88 34 11505.500
88 35 6439.000
88 36 6707.800
88 37 5830.000
88 38 5866.200
88 39 4499.500
88 40 8188.600
88 41 7762.900
88 42 10153.900
88 43 9096.900
88 44 3428.600
88 45 9414.200
88 46 6754.100
88 47 7269.900
88 48 7160.400
88 49 8531.800
88 50 6084.800
88 51 6791.700
88 52 7228.300
88 53 9673.700
88 54 9301.300
88 55 7613.400
88 56 5621.300
88 57 7507.900
88 58 9529.200
88 59 9690.500
88 60 7538.200
88 61 4047.400
88 62 8514.200
88 63 6138.900
88 64 2666.300
88 65 7964.900
88 66 6660.400
88 67 8496.600
88 68 7620.200
88 69 8795.200
88 70 7982.100
88 71 7683.000
88 72 2439.500
88 73 9020.400
88 74 8359.700
88 75 8308.700
88 76 2673.600
88 77 4673.700
88 78 9604.000
88 79 9851.400
88 80 9116.200
88 81 9018.600
88 82 9189.400
88 83 11692.300
88 84 5964.300
88 85 11598.000
88 86 4474.000
88 87 1650.700
88 88 0.000
88 89 6606.600
88 90 6326.300
88 91 9422.200
88 92 10264.000
88 93 7824.100
88 94 6813.600
88 95 4874.100
88 96 7024.200
88 97 4671.100
88 98 7172.100
88 99 4050.700
88 100 11627.700
89 0 2395.600
89 1 6352.200
89 2 3032.900
89 3 7221.300
89 4 4121.100
89 5 2817.900
89 6 5258.300
89 7 6682.200
89 8 7667.300
89 9 7134.200
89 10 4152.600
89 11 5572.500
89 12 1601.700
89 13 1352.000
89 14 7668.100
89 15 3048.200
89 16 4181.000
89 17 2653.200
89 18 8024.300
89 19 7066.300
89 20 8402.300
89 21 6257.900
89 22 5356.100
89 23 5856.300
89 24 6907.300
89 25 4566.600
89 26 4748.600
89 27 5943.300
89 28 3774.300
89 29 1267.100
89 30 3139.700
89 31 6084.200
89 32 3558.700
89 33 3986.400
89 34 10404.400
89 35 2978.600
89 36 1876.000
89 37 5224.400
89 38 2197.200
89 39 3377.600
89 40 4728.200
89 41 8223.400
89 42 9052.900
89 43 4910.700
89 44 3877.000
89 45 4582.400
89 46 3040.800
89 47 3809.500
89 48 2530.800
89 49 4023.500
89 50 1253.000
89 51 1959.900
89 52 5777.500
89 53 5165.400
89 54 6885.700
89 55 3923.600
89 56 5700.200
89 57 3773.500
89 58 6550.300
89 59 8910.200
89 60 6480.400
89 61 7819.700
89 62 5053.800
89 63 5033.800
89 64 7771.200
89 65 3456.600
89 66 6090.900
89 67 4806.800
89 68 4159.800
89 69 5334.800
89 70 3952.100
89 71 3993.200
89 72 4960.500
89 73 8376.300
89 74 4651.400
89 75 5273.500
89 76 7778.500
89 77 4939.700
89 78 8503.000
89 79 6391.000
89 80 5655.800
89 81 4510.400
89 82 5499.600
89 83 8231.900
89 84 5262.100
89 85 8137.600
89 86 8879.300
89 87 5423.100
89 88 6448.800
89 89 0.000
89 90 6029.700
89 91 5998.300
89 92 6803.600
89 93 3391.300
89 94 3123.700
89 95 7693.100
89 96 8758.300
89 97 4621.700
89 98 4450.700
89 99 2317.400
89 100 9935.200
90 0 4069.500
90 1 5979.400
90 2 3402.600
90 3 6760.400
90 4 7037.800
90 5 4711.900
90 6 7337.400
90 7 6576.200
90 8 5486.700
90 9 4341.100
90 10 8758.200
90 11 4391.300
90 12 6207.300
90 13 4675.600
90 14 6736.800
90 15 5740.300
90 16 6631.600
90 17 4519.700
90 18 2513.800
90 19 7260.600
90 20 6067.900
90 21 10863.500
90 22 9718.600
90 23 11089.000
90 24 4573.000
90 25 3075.800
90 26 7191.200
90 27 5706.400
90 28 2255.300
90 29 4990.100
90 30 7147.500
90 31 5038.600
90 32 7393.600
90 33 8975.800
90 34 6513.200
90 35 3424.700
90 36 6545.800
90 37 805.200
90 38 6890.300
90 39 4513.700
90 40 6096.900
90 41 2770.600
90 42 5161.600
90 43 10089.100
90 44 3640.200
90 45 7912.800
90 46 5446.700
90 47 4264.000
90 48 6392.900
90 49 8629.100
90 50 5788.300
90 51 5859.300
90 52 8228.000
90 53 9771.000
90 54 10293.500
90 55 4798.300
90 56 2127.800
90 57 6216.000
90 58 4536.900
90 59 4698.200
90 60 2546.000
90 61 10043.300
90 62 4785.100
90 63 7138.500
90 64 4921.100
90 65 8062.200
90 66 1635.700
90 67 5681.500
90 68 2194.200
90 69 2391.800
90 70 5524.900
90 71 4867.900
90 72 4723.600
90 73 4028.100
90 74 9351.900
90 75 9301.000
90 76 6847.200
90 77 6617.400
90 78 4611.700
90 79 6986.700
90 80 3574.900
90 81 9115.900
90 82 6374.300
90 83 5897.500
90 84 8159.000
90 85 5803.300
90 86 5306.900
90 87 7317.100
90 88 6019.700
90 89 6686.700
90 90 0.000
90 91 10414.500
90 92 4469.300
90 93 7866.200
90 94 4620.000
90 95 4120.600
90 96 3239.700
90 97 1627.500
90 98 8189.300
90 99 4491.800
90 100 6642.000
91 0 7466.900
91 1 10531.000
91 2 8104.200
91 3 11536.000
91 4 3749.800
91 5 7118.400
91 6 7392.300
91 7 10996.900
91 8 12738.600
91 9 12205.500
91 10 2190.300
91 11 10643.800
91 12 4841.400
91 13 6423.300
91 14 11982.700
91 15 4844.300
91 16 5652.600
91 17 7724.500
91 18 12338.900
91 19 11366.900
91 20 13473.500
91 21 2309.500
91 22 2773.500
91 23 884.000
91 24 11978.600
91 25 8881.300
91 26 7977.500
91 27 10257.900
91 28 8845.600
91 29 6338.400
91 30 6115.300
91 31 10398.900
91 32 6388.600
91 33 2598.100
91 34 17112.100
91 35 8049.900
91 36 5124.000
91 37 10688.300
91 38 4411.500
91 39 7346.700
91 40 9799.500
91 41 12621.200
91 42 15760.500
91 43 1298.300
91 44 8191.700
91 45 6716.400
91 46 7262.500
91 47 8880.800
91 48 6465.200
91 49 2940.700
91 50 5429.800
91 51 6136.800
91 52 3755.600
91 53 1523.600
91 54 3153.600
91 55 8100.400
91 56 10014.900
91 57 7177.700
91 58 11621.600
91 59 14548.800
91 60 12396.500
91 61 9404.100
91 62 10125.000
91 63 7825.600
91 64 12085.800
91 65 3208.000
91 66 11518.700
91 67 8513.400
91 68 9231.100
91 69 10406.100
91 70 7356.300
91 71 8167.300
91 72 9275.100
91 73 13878.700
91 74 2108.900
91 75 1952.000
91 76 12093.100
91 77 8104.900
91 78 15210.600
91 79 11462.300
91 80 10727.000
91 81 2025.000
91 82 9206.200
91 83 13303.200
91 84 5042.400
91 85 13208.900
91 86 13194.000
91 87 9723.600
91 88 10571.200
91 89 5582.600
91 90 11184.600
91 91 0.000
91 92 11874.900
91 93 4486.900
91 94 7300.600
91 95 12007.700
91 96 13073.000
91 97 9509.000
91 98 2739.400
91 99 6286.500
91 100 16478.900
92 0 4739.400
92 1 10060.400
92 2 6629.400
92 3 10888.700
92 4 10105.400
92 5 8799.100
92 6 6994.000
92 7 10526.400
92 8 2346.900
92 9 2892.700
92 10 10136.900
92 11 1025.900
92 12 7586.000
92 13 5749.600
92 14 10865.100
92 15 9032.500
92 16 10165.300
92 17 6249.700
92 18 4806.300
92 19 11210.800
92 20 2625.700
92 21 12242.200
92 22 11340.400
92 23 11840.600
92 24 1130.700
92 25 7626.000
92 26 5807.100
92 27 9787.400
92 28 4885.700
92 29 6720.100
92 30 6639.900
92 31 9928.300
92 32 7050.300
92 33 9970.700
92 34 6162.900
92 35 4116.900
92 36 7908.500
92 37 3812.500
92 38 8181.400
92 39 7144.200
92 40 2984.900
92 41 3981.900
92 42 4811.400
92 43 10895.000
92 44 7721.200
92 45 7569.400
92 46 5762.300
92 47 3403.100
92 48 6683.500
92 49 10007.800
92 50 6925.800
92 51 6520.300
92 52 11761.700
92 53 11149.700
92 54 12869.900
92 55 3790.500
92 56 6601.100
92 57 5872.600
92 58 2308.800
92 59 4668.700
92 60 3150.000
92 61 13578.400
92 62 2061.400
92 63 11018.100
92 64 9049.400
92 65 9440.900
92 66 2982.100
92 67 4215.300
92 68 3616.700
92 69 2226.000
92 70 5181.500
92 71 5078.500
92 72 8804.600
92 73 4134.700
92 74 10635.700
92 75 11257.800
92 76 10975.500
92 77 10698.400
92 78 4261.500
92 79 3621.300
92 80 2663.400
92 81 10494.600
92 82 4214.800
92 83 2455.300
92 84 11246.400
92 85 2361.000
92 86 9435.200
92 87 11181.800
92 88 10100.700
92 89 8065.400
92 90 4446.600
92 91 11982.600
92 92 0.000
92 93 9375.600
92 94 5350.900
92 95 8593.900
92 96 5532.200
92 97 4909.900
92 98 10435.000
92 99 7509.300
92 100 4158.600
93 0 4703.200
93 1 8298.600
93 2 5340.600
93 3 9202.500
93 4 2754.300
93 5 4764.300
93 6 5909.600
93 7 8663.400
93 8 9974.900
93 9 9441.800
93 10 1875.000
93 11 7880.100
93 12 2077.700
93 13 3659.700
93 14 9649.200
93 15 2826.700
93 16 3959.500
93 17 4960.800
93 18 10005.500
93 19 9012.800
93 20 10709.900
93 21 3681.800
93 22 3530.500
93 23 3578.700
93 24 9215.000
93 25 6547.800
93 26 6494.800
93 27 7924.400
93 28 6082.000
93 29 3574.800
93 30 4632.600
93 31 8065.400
93 32 4905.900
93 33 2849.300
93 34 12712.100
93 35 5286.300
93 36 3242.300
93 37 7532.100
93 38 1826.600
93 39 5329.100
93 40 7035.800
93 41 10531.000
93 42 11360.500
93 43 2633.100
93 44 5858.200
93 45 5233.700
93 46 5336.000
93 47 6117.100
93 48 4838.400
93 49 1745.900
93 50 3548.200
93 51 4255.100
93 52 4415.000
93 53 2887.800
93 54 4608.000
93 55 6218.800
93 56 7681.400
93 57 6067.300
93 58 8858.000
93 59 11217.800
93 60 8788.100
93 61 8257.100
93 62 7361.400
93 63 5702.300
93 64 9752.300
93 65 1179.000
93 66 8398.500
93 67 7102.000
93 68 6467.500
93 69 7642.400
93 70 6245.900
93 71 6288.400
93 72 6941.600
93 73 10683.900
93 74 3152.900
93 75 2995.900
93 76 9759.600
93 77 6269.200
93 78 10810.600
93 79 8698.600
93 80 7963.400
93 81 2232.700
93 82 7794.800
93 83 10539.500
93 84 3895.300
93 85 10445.200
93 86 10860.500
93 87 7369.600
93 88 8237.800
93 89 2860.900
93 90 8337.300
93 91 3720.700
93 92 9111.300
93 93 0.000
93 94 5419.000
93 95 9674.200
93 96 10739.500
93 97 6929.300
93 98 2625.200
93 99 4268.800
93 100 12242.900
94 0 2219.900
94 1 6010.600
94 2 2579.600
94 3 7015.700
94 4 5751.100
94 5 4641.600
94 6 2701.900
94 7 6476.600
94 8 6623.500
94 9 6090.400
94 10 5019.200
94 11 4528.700
94 12 2826.600
94 13 1678.900
94 14 7462.400
94 15 4678.200
94 16 5811.000
94 17 2199.900
94 18 7107.300
94 19 7161.000
94 20 7358.500
94 21 5995.800
94 22 7372.200
94 23 6722.800
94 24 5863.500
94 25 4345.000
94 26 2555.700
94 27 5737.600
94 28 3321.100
94 29 2670.300
94 30 2487.300
94 31 5878.500
94 32 2758.200
94 33 5993.400
94 34 9360.600
94 35 2171.800
94 36 2263.500
94 37 4771.100
94 38 3827.200
94 39 3094.500
94 40 3684.400
94 41 7179.600
94 42 8009.100
94 43 5777.300
94 44 3671.400
94 45 3277.400
94 46 826.700
94 47 2763.300
94 48 1885.400
94 49 4784.100
94 50 1280.800
94 51 875.300
94 52 7407.500
94 53 6032.000
94 54 7752.200
94 55 1811.800
94 56 5478.600
94 57 1580.600
94 58 5506.600
94 59 7866.400
94 60 5451.100
94 61 9643.500
94 62 4010.000
94 63 6663.800
94 64 7565.500
94 65 4323.100
94 66 5061.500
94 67 2695.000
94 68 3130.400
94 69 4305.400
94 70 2054.700
94 71 1881.300
94 72 4754.800
94 73 7332.500
94 74 6297.100
94 75 6140.100
94 76 7572.800
94 77 6763.500
94 78 7459.200
94 79 5347.200
94 80 4612.000
94 81 5376.900
94 82 3387.800
94 83 7188.100
94 84 6892.100
94 85 7093.800
94 86 8657.700
94 87 7246.900
94 88 6050.900
94 89 2605.200
94 90 5576.400
94 91 6864.800
94 92 5759.800
94 93 5010.900
94 94 0.000
94 95 7471.400
94 96 7833.200
94 97 4168.400
94 98 6080.700
94 99 3459.500
94 100 8891.400
95 0 5590.100
95 1 5847.700
95 2 4923.200
95 3 4683.700
95 4 6757.700
95 5 4431.900
95 6 8363.400
95 7 4499.500
95 8 6809.300
95 9 5663.700
95 10 9380.500
95 11 6852.500
95 12 6829.600
95 13 6424.000
95 14 4660.100
95 15 5460.300
95 16 6351.500
95 17 4546.000
95 18 2760.100
95 19 5183.900
95 20 8878.400
95 21 11485.800
95 22 9438.600
95 23 10808.900
95 24 7383.500
95 25 2795.800
95 26 8217.100
95 27 5460.200
95 28 3566.000
95 29 5621.400
95 30 8148.700
95 31 2750.900
95 32 8419.600
95 33 8695.700
95 34 7835.800
95 35 6173.200
95 36 7407.000
95 37 2283.100
95 38 6610.300
95 39 4233.600
95 40 7922.700
95 41 4093.200
95 42 6484.200
95 43 9809.100
95 44 3360.100
95 45 8938.800
95 46 6488.200
95 47 7004.000
95 48 7460.500
95 49 9251.500
95 50 6784.000
95 51 6510.400
95 52 7948.000
95 53 11078.400
95 54 10013.500
95 55 7347.500
95 56 755.100
95 57 7242.000
95 58 5859.500
95 59 6020.800
95 60 3868.500
95 61 7966.600
95 62 7240.800
95 63 6858.500
95 64 2844.500
95 65 8684.500
95 66 3113.500
95 67 8230.800
95 68 4068.200
95 69 3869.700
95 70 7716.200
95 71 7417.100
95 72 4443.600
95 73 5350.700
95 74 9071.900
95 75 9020.900
95 76 4770.500
95 77 6337.300
95 78 5934.300
95 79 9447.900
95 80 6377.200
95 81 9738.300
95 82 8923.600
95 83 8708.000
95 84 7878.900
95 85 8613.700
95 86 3230.200
95 87 6714.800
95 88 5292.100
95 89 7326.200
95 90 2779.400
95 91 10134.400
95 92 7279.700
95 93 8568.100
95 94 6547.700
95 95 0.000
95 96 3410.900
95 97 2319.100
95 98 7909.300
95 99 4211.700
95 100 7964.600
96 0 6790.500
96 1 7340.400
96 2 6123.700
96 3 6176.400
96 4 9160.900
96 5 6835.000
96 6 10691.700
96 7 5992.300
96 8 5327.600
96 9 4182.000
96 10 11783.700
96 11 5370.800
96 12 9232.800
96 13 7875.600
96 14 6152.900
96 15 7863.500
96 16 8754.700
96 17 6949.200
96 18 1083.400
96 19 6676.700
96 20 7396.700
96 21 13889.000
96 22 11841.800
96 23 13212.100
96 24 5901.800
96 25 5198.900
96 26 9504.700
96 27 6952.900
96 28 4976.400
96 29 8024.600
96 30 10337.600
96 31 6198.800
96 32 10747.900
96 33 11098.900
96 34 6354.100
96 35 6298.400
96 36 9810.200
96 37 3526.300
96 38 9013.500
96 39 6636.800
96 40 7070.900
96 41 2611.500
96 42 5002.500
96 43 12212.300
96 44 5763.300
96 45 11267.100
96 46 8320.400
96 47 5584.600
96 48 9863.600
96 49 11654.600
96 50 9187.100
96 51 8368.900
96 52 10351.100
96 53 13481.500
96 54 12416.600
96 55 7488.100
96 56 4174.000
96 57 9570.300
96 58 4377.800
96 59 3682.200
96 60 2386.800
96 61 9459.300
96 62 5759.100
96 63 9261.700
96 64 4337.200
96 65 11087.700
96 66 4356.800
96 67 7912.900
96 68 5798.200
96 69 4019.200
96 70 8879.200
96 71 7741.600
96 72 6846.700
96 73 3901.200
96 74 11475.100
96 75 11424.100
96 76 6263.200
96 77 8740.500
96 78 4452.600
96 79 7966.200
96 80 4895.500
96 81 12141.400
96 82 8492.500
96 83 7226.300
96 84 11376.200
96 85 7132.000
96 86 4722.900
96 87 8207.500
96 88 6784.800
96 89 9729.400
96 90 3679.300
96 91 12537.600
96 92 5798.000
96 93 10971.300
96 94 7493.700
96 95 4788.500
96 96 0.000
96 97 4199.100
96 98 10312.500
96 99 6614.900
96 100 6482.900
97 0 2775.500
97 1 4942.500
97 2 2108.600
97 3 5947.500
97 4 6000.800
97 5 3674.900
97 6 6948.500
97 7 5408.400
97 8 6476.900
97 9 5331.300
97 10 7464.200
97 11 5032.800
97 12 4913.200
97 13 3381.600
97 14 6710.800
97 15 4703.400
97 16 5594.600
97 17 3225.700
97 18 3478.500
97 19 6092.800
97 20 6709.500
97 21 9569.500
97 22 8681.700
97 23 10052.000
97 24 5214.500
97 25 2038.800
97 26 6802.200
97 27 4669.400
97 28 1246.900
97 29 3696.100
97 30 5853.400
97 31 4001.600
97 32 7004.700
97 33 7938.800
97 34 7503.300
97 35 3358.500
97 36 5251.700
97 37 1097.400
97 38 5853.400
97 39 2576.900
97 40 5108.000
97 41 3760.700
97 42 6151.800
97 43 9052.200
97 44 2603.200
97 45 7523.900
97 46 5073.300
97 47 4189.300
97 48 5098.900
97 49 7335.100
97 50 4494.300
97 51 4565.300
97 52 7191.000
97 53 8477.000
97 54 9256.500
97 55 4716.000
97 56 2101.700
97 57 5827.100
97 58 5527.000
97 59 5688.400
97 60 3536.100
97 61 8676.800
97 62 5433.600
97 63 6101.600
97 64 4895.100
97 65 6768.100
97 66 1927.800
97 67 5886.700
97 68 2882.500
97 69 2683.900
97 70 5670.400
97 71 5013.400
97 72 3686.600
97 73 5018.200
97 74 8315.000
97 75 8264.000
97 76 6821.100
97 77 5580.400
97 78 5601.900
97 79 6770.800
97 80 4216.400
97 81 7821.900
97 82 6466.300
97 83 6539.100
97 84 7122.000
97 85 6444.800
97 86 5280.800
97 87 6280.200
97 88 4982.700
97 89 5392.700
97 90 1582.600
97 91 9377.500
97 92 5110.800
97 93 6572.200
97 94 4765.500
97 95 4094.500
97 96 4212.500
97 97 0.000
97 98 7152.400
97 99 3454.800
97 100 7632.100
98 0 6052.200
98 1 7662.300
98 2 6689.500
98 3 8859.000
98 4 1247.900
98 5 4414.000
98 6 7907.100
98 7 8319.900
98 8 11323.800
98 9 10790.700
98 10 2235.200
98 11 9229.100
98 12 3426.600
98 13 5008.600
98 14 9497.400
98 15 2476.300
98 16 2957.600
98 17 6309.700
98 18 9662.000
98 19 8089.900
98 20 12058.800
98 21 3988.800
98 22 1001.300
98 23 2736.700
98 24 10563.900
98 25 6204.300
98 26 8492.200
98 27 7581.000
98 28 7430.900
98 29 4708.600
98 30 6630.000
98 31 7721.900
98 32 6903.400
98 33 1267.200
98 34 14435.100
98 35 6635.200
98 36 4553.600
98 37 8011.300
98 38 2351.600
98 39 4978.700
98 40 8384.700
98 41 9944.200
98 42 13083.600
98 43 1736.800
98 44 5514.700
98 45 7231.200
98 46 6647.300
98 47 7466.000
98 48 6187.300
98 49 3455.400
98 50 4859.400
98 51 5566.300
98 52 1511.100
98 53 3006.100
98 54 2733.700
98 55 7530.000
98 56 7337.900
98 57 7378.500
98 58 10206.900
98 59 11871.800
98 60 9719.600
98 61 6750.700
98 62 8710.300
98 63 4540.000
98 64 9408.900
98 65 3105.600
98 66 8841.800
98 67 8413.200
98 68 7816.400
98 69 8991.300
98 70 7557.200
98 71 7599.600
98 72 6598.200
98 73 11201.700
98 74 735.300
98 75 1741.100
98 76 9295.000
98 77 5451.400
98 78 12533.700
98 79 10047.500
98 80 9312.300
98 81 2539.800
98 82 9106.000
98 83 11888.400
98 84 2388.900
98 85 11794.200
98 86 10517.000
98 87 6733.200
98 88 7894.300
98 89 4209.900
98 90 8507.600
98 91 2854.600
98 92 10460.200
98 93 3400.100
98 94 6730.200
98 95 9330.700
98 96 10396.000
98 97 6832.000
98 98 0.000
98 99 3918.500
98 100 13801.900
99 0 3391.400
99 1 3977.400
99 2 2724.600
99 3 4982.400
99 4 3149.800
99 5 1289.000
99 6 6816.000
99 7 4443.400
99 8 9538.700
99 9 7621.200
99 10 5412.700
99 11 6568.300
99 12 2861.700
99 13 2707.500
99 14 5429.200
99 15 2076.900
99 16 3181.400
99 17 2347.300
99 18 5768.400
99 19 5127.800
99 20 9398.100
99 21 7517.900
99 22 4899.300
99 23 6147.000
99 24 7903.200
99 25 2310.800
99 26 6306.400
99 27 3704.400
99 28 3466.000
99 29 1648.200
99 30 4697.400
99 31 3845.300
99 32 5116.400
99 33 4677.500
99 34 9793.300
99 35 3974.500
99 36 3433.700
99 37 4117.800
99 38 2592.100
99 39 1060.200
99 40 5724.000
99 41 6050.700
99 42 8441.700
99 43 5147.200
99 44 1638.200
99 45 6140.100
99 46 4289.500
99 47 4805.300
99 48 3886.300
99 49 5283.600
99 50 2810.700
99 51 3517.600
99 52 4777.800
99 53 6425.400
99 54 6850.800
99 55 5481.300
99 56 3444.400
99 57 5331.200
99 58 7546.200
99 59 7978.300
99 60 5826.000
99 61 6290.900
99 62 6049.600
99 63 3709.700
99 64 5532.300
99 65 4716.600
99 66 4948.200
99 67 6364.500
99 68 5155.600
99 69 6330.600
99 70 5509.800
99 71 5550.900
99 72 2721.600
99 73 7308.100
99 74 4538.900
99 75 5858.200
99 76 5539.600
99 77 3410.800
99 78 7891.800
99 79 7386.800
99 80 6651.600
99 81 5770.400
99 82 7057.300
99 83 9227.700
99 84 4290.800
99 85 9133.400
99 86 6623.500
99 87 3894.200
99 88 4017.700
99 89 3358.300
99 90 4614.100
99 91 6971.700
99 92 7799.400
99 93 4549.900
99 94 4681.500
99 95 5437.200
99 96 6502.500
99 97 2738.100
99 98 3898.000
99 99 0.000
99 100 9915.500
100 0 9964.400
100 1 11462.200
100 2 10303.100
100 3 11540.300
100 4 12515.900
100 5 10194.700
100 6 10667.800
100 7 11356.100
100 8 3134.900
100 9 3479.200
100 10 13810.600
100 11 4589.400
100 12 11259.700
100 13 9423.300
100 14 11516.700
100 15 11218.500
100 16 12109.700
100 17 9923.400
100 18 4809.600
100 19 12040.500
100 20 1818.500
100 21 15915.900
100 22 15196.800
100 23 16567.100
100 24 3924.200
100 25 8071.900
100 26 9480.800
100 27 11189.200
100 28 7849.300
100 29 10393.800
100 30 10313.700
100 31 11330.100
100 32 10724.000
100 33 14453.900
100 34 4041.600
100 35 8514.900
100 36 11582.200
100 37 6399.300
100 38 12368.500
100 39 9996.500
100 40 5824.400
100 41 3640.900
100 42 2690.000
100 43 15567.300
100 44 9122.900
100 45 11243.200
100 46 9436.000
100 47 7765.300
100 48 10357.200
100 49 13681.500
100 50 10599.500
100 51 10194.000
100 52 13706.100
100 53 14823.400
100 54 15771.600
100 55 7464.200
100 56 7047.000
100 57 9546.400
100 58 4353.800
100 59 4327.700
100 60 4465.000
100 61 15196.600
100 62 5735.200
100 63 12616.700
100 64 9701.000
100 65 13114.600
100 66 6692.700
100 67 7889.000
100 68 7180.200
100 69 5936.600
100 70 8855.200
100 71 8752.300
100 72 10206.400
100 73 3793.800
100 74 14830.100
100 75 14779.100
100 76 11627.100
100 77 12100.200
100 78 2140.100
100 79 3581.400
100 80 6337.200
100 81 14168.400
100 82 7054.300
100 83 3485.900
100 84 13637.100
100 85 2492.700
100 86 10086.800
100 87 12799.900
100 88 11502.500
100 89 11739.100
100 90 6299.800
100 91 15892.600
100 92 4616.900
100 93 13049.300
100 94 9024.600
100 95 9039.800
100 96 6462.800
100 97 7072.000
100 98 13667.500
100 99 9974.600
100 100 0.000
