# i j distance_m; Euclidean drone distance; depot 0 + customers 1..100
0 0 0.000
0 1 2937.229
0 2 3202.281
0 3 1820.463
0 4 4905.584
0 5 4270.265
0 6 3482.164
0 7 2612.110
0 8 4592.041
0 9 6294.811
0 10 3955.293
0 11 5033.437
0 12 2898.248
0 13 6325.409
0 14 4270.497
0 15 5275.566
0 16 3700.423
0 17 2361.175
0 18 4062.804
0 19 2804.107
0 20 5422.420
0 21 2013.263
0 22 3694.547
0 23 1199.772
0 24 2637.778
0 25 3271.056
0 26 807.513
0 27 876.481
0 28 5092.560
0 29 1596.362
0 30 1297.638
0 31 5680.327
0 32 3702.207
0 33 1614.040
0 34 4726.972
0 35 3787.343
0 36 3974.460
0 37 760.226
0 38 5081.381
0 39 3885.249
0 40 2341.239
0 41 4372.600
0 42 3378.287
0 43 3545.816
0 44 2200.232
0 45 2184.734
0 46 2379.753
0 47 2169.604
0 48 6152.523
0 49 3691.407
0 50 5852.152
0 51 5077.673
0 52 2373.331
0 53 1612.096
0 54 1784.028
0 55 5354.439
0 56 247.005
0 57 5423.330
0 58 4761.474
0 59 5929.242
0 60 1186.219
0 61 2886.404
0 62 2048.004
0 63 3234.085
0 64 2687.645
0 65 5127.222
0 66 4768.038
0 67 1710.342
0 68 4392.004
0 69 4587.275
0 70 5041.709
0 71 4352.969
0 72 2393.967
0 73 1753.811
0 74 2491.196
0 75 1791.466
0 76 2028.531
0 77 3930.571
0 78 3841.525
0 79 6503.225
0 80 4668.730
0 81 2638.742
0 82 4366.688
0 83 5569.087
0 84 3002.495
0 85 1648.901
0 86 5564.935
0 87 3627.685
0 88 3470.727
0 89 4690.768
0 90 1336.766
0 91 3898.628
0 92 4568.931
0 93 3319.486
0 94 350.089
0 95 4529.683
0 96 1690.695
0 97 3134.809
0 98 6616.518
0 99 4395.682
0 100 4865.389
1 0 2937.229
1 1 0.000
1 2 3687.714
1 3 3972.670
1 4 2345.445
1 5 1338.610
1 6 6419.034
1 7 5538.490
1 8 3704.318
1 9 3572.686
1 10 6761.035
1 11 2256.732
1 12 5016.228
1 13 9233.294
1 14 6397.684
1 15 3048.041
1 16 2623.787
1 17 3693.115
1 18 1951.948
1 19 786.310
1 20 2752.735
1 21 2601.924
1 22 1294.042
1 23 3946.781
1 24 753.543
1 25 1421.409
1 26 2208.970
1 27 3800.915
1 28 8028.805
1 29 2988.347
1 30 1875.392
1 31 4989.092
1 32 6127.550
1 33 1412.981
1 34 4815.901
1 35 5055.669
1 36 6647.342
1 37 2709.695
1 38 3580.622
1 39 1031.258
1 40 5219.109
1 41 2582.716
1 42 5509.467
1 43 3436.486
1 44 786.288
1 45 1204.564
1 46 4751.078
1 47 1135.226
1 48 5740.522
1 49 782.126
1 50 3377.673
1 51 7680.884
1 52 5014.909
1 53 4374.095
1 54 4450.809
1 55 4412.520
1 56 2718.132
1 57 5301.503
1 58 7462.105
1 59 6002.047
1 60 3090.402
1 61 4421.103
1 62 2746.337
1 63 4716.332
1 64 3471.457
1 65 7911.299
1 66 7282.094
1 67 1250.802
1 68 4059.923
1 69 2055.737
1 70 2108.284
1 71 2215.659
1 72 3729.314
1 73 3823.974
1 74 2428.877
1 75 1690.946
1 76 4962.450
1 77 4300.040
1 78 2036.027
1 79 6238.597
1 80 6551.932
1 81 1758.408
1 82 6713.026
1 83 6093.366
1 84 3989.017
1 85 4164.877
1 86 2679.383
1 87 4579.125
1 88 6312.532
1 89 7589.822
1 90 2529.438
1 91 6824.318
1 92 2994.627
1 93 777.870
1 94 3286.697
1 95 3043.844
1 96 1951.641
1 97 2760.064
1 98 9496.635
1 99 7311.540
1 100 7760.774
2 0 3202.281
2 1 3687.714
2 2 0.000
2 3 5018.776
2 4 4000.860
2 5 4660.308
2 6 5309.164
2 7 4872.923
2 8 7012.617
2 9 5304.590
2 10 6467.914
2 11 5782.536
2 12 6065.877
2 13 8252.082
2 14 7384.711
2 15 3763.811
2 16 5936.090
2 17 5491.727
2 18 5608.034
2 19 2940.491
2 20 4533.921
2 21 4818.429
2 22 3233.460
2 23 4240.197
2 24 4075.726
2 25 4938.906
2 26 2775.654
2 27 3395.031
2 28 6657.716
2 29 1608.839
2 30 3670.893
2 31 8261.997
2 32 6699.349
2 33 2790.731
2 34 7622.992
2 35 6965.140
2 36 6716.314
2 37 2452.584
2 38 2815.127
2 39 4612.680
2 40 3933.612
2 41 2749.150
2 42 6524.281
2 43 6277.523
2 44 3115.409
2 45 2543.525
2 46 2582.447
2 47 3953.632
2 48 8890.249
2 49 3978.436
2 50 4514.392
2 51 7825.465
2 52 5322.726
2 53 3133.661
2 54 4792.810
2 55 7783.519
2 56 3254.512
2 57 8264.391
2 58 7398.046
2 59 8863.722
2 60 4334.454
2 61 6075.575
2 62 1233.127
2 63 1441.354
2 64 528.904
2 65 7580.106
2 66 7628.602
2 67 3355.894
2 68 7088.355
2 69 5726.623
2 70 5058.781
2 71 3142.794
2 72 1067.676
2 73 1971.254
2 74 5084.674
2 75 4057.317
2 76 4133.082
2 77 6887.417
2 78 2603.838
2 79 9317.952
2 80 7837.211
2 81 4794.346
2 82 7375.108
2 83 8638.933
2 84 610.763
2 85 2617.918
2 86 5184.285
2 87 938.937
2 88 5951.669
2 89 6812.186
2 90 4227.635
2 91 5441.568
2 92 6551.912
2 93 3323.112
2 94 3296.960
2 95 2485.727
2 96 2041.819
2 97 5687.163
2 98 8669.212
2 99 5761.295
2 100 6010.823
3 0 1820.463
3 1 3972.670
3 2 5018.776
3 3 0.000
3 4 6241.196
3 5 5160.406
3 6 3337.424
3 7 2374.693
3 8 3923.581
3 9 7539.899
3 10 3000.968
3 11 5601.734
3 12 1118.845
3 13 5613.766
3 14 2530.733
3 15 6768.900
3 16 3404.371
3 17 998.967
3 18 4285.530
3 19 4154.450
3 20 6700.760
3 21 1660.544
3 22 5049.501
3 23 992.519
3 24 3377.162
3 25 3610.583
3 26 2443.601
3 27 1880.042
3 28 4812.011
3 29 3410.124
3 30 2123.842
3 31 4712.178
3 32 2154.996
3 33 3035.698
3 34 3459.849
3 35 2073.598
3 36 2742.412
3 37 2579.627
3 38 6771.242
3 39 4676.482
3 40 2870.593
3 41 5968.102
3 42 1619.792
3 43 2687.441
3 44 3438.039
3 45 3668.182
3 46 3694.362
3 47 2879.889
3 48 4979.135
3 49 4748.351
3 50 7250.888
3 51 3722.142
3 52 1219.319
3 53 2677.348
3 54 894.339
3 55 4578.433
3 56 1814.316
3 57 4174.680
3 58 3554.032
3 59 4533.820
3 60 898.795
3 61 1173.148
3 62 3864.826
3 63 4889.511
3 64 4499.727
3 65 4069.938
3 66 3310.287
3 67 2798.633
3 68 3430.793
3 69 4988.703
3 70 5990.443
3 71 5844.223
3 72 4156.445
3 73 3384.560
3 74 2191.814
3 75 2311.941
3 76 2301.185
3 77 2654.727
3 78 5401.519
3 79 5224.668
3 80 2864.977
3 81 2784.786
3 82 2756.237
3 83 4002.526
3 84 4781.996
3 85 3015.969
3 86 6628.914
3 87 5382.780
3 88 2661.460
3 89 4007.168
3 90 1446.255
3 91 3873.273
3 92 4331.590
3 93 4583.043
3 94 1747.785
3 95 6203.886
3 96 3395.049
3 97 2634.488
3 98 5779.319
3 99 4390.500
3 100 4927.289
4 0 4905.584
4 1 2345.445
4 2 4000.860
4 3 6241.196
4 4 0.000
4 5 1808.357
4 6 8257.023
4 7 7479.327
4 8 5653.999
4 9 1419.739
4 10 8857.184
4 11 2727.650
4 12 7318.366
4 13 11192.731
4 14 8715.448
4 15 913.382
4 16 4679.691
4 17 6034.805
4 18 3591.445
4 19 2116.001
4 20 556.245
4 21 4946.783
4 22 1213.381
4 23 6051.335
4 24 3077.387
4 25 3480.026
4 26 4099.071
4 27 5678.190
4 28 9827.486
4 29 4247.092
4 30 4117.562
4 31 6878.335
4 32 8387.058
4 33 3305.908
4 34 6992.644
4 35 7396.755
4 36 8825.093
4 37 4411.557
4 38 2102.943
4 39 2228.618
4 40 6926.304
4 41 1359.509
4 42 7817.317
4 43 5667.846
4 44 2808.239
4 45 2723.383
4 46 6045.612
4 47 3477.511
4 48 7690.370
4 49 1682.778
4 50 1032.420
4 51 9896.213
4 52 7188.454
4 53 6019.940
4 54 6602.972
4 55 6243.211
4 56 4736.399
4 57 7387.037
4 58 9630.330
4 59 8110.375
4 60 5343.682
4 61 6763.410
4 62 3736.210
4 63 5397.747
4 64 4101.585
4 65 10026.967
4 66 9526.959
4 67 3442.806
4 68 6174.992
4 69 3149.698
4 70 1515.599
4 71 863.394
4 72 4616.282
4 73 5125.992
4 74 4754.386
4 75 4020.568
4 76 6813.034
4 77 6565.400
4 78 1406.740
4 79 8216.547
4 80 8892.080
4 81 4050.260
4 82 8997.050
4 83 8316.477
4 84 4543.488
4 85 5659.698
4 86 1269.375
4 87 4914.674
4 88 8376.224
4 89 9575.501
4 90 4822.413
4 91 8580.369
4 92 4705.424
4 93 1658.534
4 94 5229.730
4 95 1862.715
4 96 3367.430
4 97 5005.179
4 98 11507.896
4 99 9020.457
4 100 9401.872
5 0 4270.265
5 1 1338.610
5 2 4660.308
5 3 5160.406
5 4 1808.357
5 5 0.000
5 6 7752.261
5 7 6861.706
5 8 3872.669
5 9 2610.997
5 10 8036.336
5 11 1141.556
5 12 6140.554
5 13 10541.853
5 14 7474.575
5 15 2708.983
5 16 2955.201
5 17 4722.030
5 18 1794.953
5 19 1804.771
5 20 1964.474
5 21 3631.447
5 22 1513.863
5 23 5240.312
5 24 1783.764
5 25 1835.880
5 26 3547.277
5 27 5137.404
5 28 9362.821
5 29 4239.925
5 30 3142.328
5 31 5077.744
5 32 7298.458
5 33 2743.739
5 34 5286.017
5 35 5935.768
5 36 7881.929
5 37 4038.537
5 38 3696.317
5 39 519.812
5 40 6557.418
5 41 2732.491
5 42 6617.014
5 43 4028.922
5 44 2115.412
5 45 2424.984
5 46 6041.222
5 47 2287.255
5 48 5895.347
5 49 696.059
5 50 2730.665
5 51 8882.269
5 52 6265.275
5 53 5708.164
5 54 5718.573
5 55 4439.020
5 56 4046.591
5 57 5630.073
5 58 8697.694
5 59 6357.445
5 60 4311.736
5 61 5430.168
5 62 3911.562
5 63 5849.798
5 64 4550.301
5 65 9172.574
5 66 8459.463
5 67 2567.761
5 68 4444.432
5 69 1365.148
5 70 832.331
5 71 2200.561
5 72 4900.567
5 73 5103.727
5 74 3298.460
5 75 2850.530
5 76 6297.705
5 77 4944.240
5 78 2372.570
5 79 6424.632
5 80 7548.296
5 81 2564.978
5 82 7848.251
5 83 6630.597
5 84 5061.190
5 85 5482.045
5 86 1521.357
5 87 5592.126
5 88 7602.273
5 89 8896.646
5 90 3721.378
5 91 8161.885
5 92 2899.687
5 93 1341.021
5 94 4620.222
5 95 3279.236
5 96 3202.332
5 97 3401.671
5 98 10791.211
5 99 8649.992
5 100 9099.073
6 0 3482.164
6 1 6419.034
6 2 5309.164
6 3 3337.424
6 4 8257.023
6 5 7752.261
6 6 0.000
6 7 975.659
6 8 7260.422
6 9 9672.176
6 10 1607.236
6 11 8475.855
6 12 3355.445
6 13 2982.693
6 14 3770.073
6 15 8472.516
6 16 6670.797
6 17 4326.315
6 18 7360.403
6 19 6220.137
6 20 8796.991
6 21 4841.686
6 22 7072.673
6 23 2672.885
6 24 6081.029
6 25 6599.112
6 26 4236.495
6 27 2623.235
6 28 1611.099
6 29 4135.970
6 30 4684.982
6 31 8005.948
6 32 2862.024
6 33 5061.977
6 34 6660.338
6 35 4894.617
6 36 2193.085
6 37 3848.274
6 38 7941.145
6 39 7358.415
6 40 1393.191
6 41 7473.745
6 42 3426.363
6 43 6024.651
6 44 5671.171
6 45 5562.722
6 46 2772.868
6 47 5587.018
6 48 8176.521
6 49 7167.225
6 50 9128.010
6 51 3031.904
6 52 2251.789
6 53 2285.144
6 54 2448.860
6 55 7910.566
6 56 3707.240
6 57 7353.486
6 58 2498.082
6 59 7571.766
6 60 3779.014
6 61 4220.367
6 62 4722.830
6 63 4286.188
6 64 4844.281
6 65 2431.749
6 66 3102.371
6 67 5188.123
6 68 6749.024
6 69 7971.825
6 70 8520.856
6 71 7592.215
6 72 4247.002
6 73 3390.024
6 74 5404.826
6 75 5110.136
6 76 1460.458
6 77 5895.740
6 78 7027.769
6 79 8339.782
6 80 4440.356
6 81 5842.329
6 82 3328.815
6 83 6851.224
6 84 4769.633
6 85 2746.172
6 86 9022.744
6 87 5071.548
6 88 1272.255
6 89 1515.992
6 90 4340.785
6 91 546.721
6 92 7600.941
6 93 6753.328
6 94 3132.415
6 95 7467.391
6 96 4891.264
6 97 5930.514
6 98 3369.546
6 99 1054.292
6 100 1593.800
7 0 2612.110
7 1 5538.490
7 2 4872.923
7 3 2374.693
7 4 7479.327
7 5 6861.706
7 6 975.659
7 7 0.000
7 8 6293.342
7 9 8883.424
7 10 1598.393
7 11 7544.636
7 12 2526.382
7 13 3717.968
7 14 3215.708
7 15 7764.248
7 16 5695.190
7 17 3369.730
7 18 6399.430
7 19 5401.896
7 20 8008.346
7 21 3866.906
7 22 6277.710
7 23 1706.524
7 24 5158.188
7 25 5644.940
7 26 3399.178
7 27 1801.406
7 28 2546.226
7 29 3516.341
7 30 3757.326
7 31 7067.852
7 32 2319.257
7 33 4220.876
7 34 5750.504
7 35 4053.060
7 36 1949.312
7 37 3081.523
7 38 7349.314
7 39 6450.346
7 40 1083.484
7 41 6794.938
7 42 2692.790
7 43 5061.162
7 44 4812.160
7 45 4760.254
7 46 2535.799
7 47 4657.891
7 48 7272.377
7 49 6300.543
7 50 8388.901
7 51 3005.936
7 52 1371.187
7 53 1739.262
7 54 1481.564
7 55 6952.878
7 56 2821.282
7 57 6452.635
7 58 2541.010
7 59 6712.009
7 60 2807.949
7 61 3317.985
7 62 4108.164
7 63 4071.708
7 64 4370.619
7 65 2715.337
7 66 2909.749
7 67 4294.202
7 68 5799.231
7 69 7023.562
7 70 7646.476
7 71 6861.966
7 72 3809.715
7 73 2901.888
7 74 4429.870
7 75 4164.519
7 76 742.253
7 77 4971.083
7 78 6314.015
7 79 7461.335
7 80 3856.812
7 81 4877.984
7 82 2909.892
7 83 6035.726
7 84 4394.924
7 85 2256.782
7 86 8177.028
7 87 4803.386
7 88 1086.379
7 89 2097.615
7 90 3376.945
7 91 1500.662
7 92 6625.404
7 93 5925.399
7 94 2269.160
7 95 6844.563
7 96 4141.919
7 97 4955.477
7 98 4031.295
7 99 2020.584
7 100 2554.474
8 0 4592.041
8 1 3704.318
8 2 7012.617
8 3 3923.581
8 4 5653.999
8 5 3872.669
8 6 7260.422
8 7 6293.342
8 8 0.000
8 9 6395.787
8 10 6732.531
8 11 3408.695
8 12 4265.730
8 13 9330.987
8 14 5119.305
8 15 6520.042
8 16 1096.707
8 17 2947.988
8 18 2081.438
8 19 4448.387
8 20 5833.510
8 21 2600.849
8 22 4922.831
8 23 4701.140
8 24 3052.375
8 25 2287.667
8 26 4460.208
8 27 5271.815
8 28 8715.406
8 29 5746.087
8 30 3481.594
8 31 1286.459
8 32 5415.291
8 33 4222.762
8 34 1630.914
8 35 3163.603
8 36 6288.874
8 37 5004.850
8 38 7264.098
8 39 3425.549
8 40 6625.035
8 41 6257.651
8 42 4551.078
8 43 1243.779
8 44 3971.080
8 45 4547.564
8 46 6971.794
8 47 3063.762
8 48 2050.657
8 49 4046.227
8 50 6603.334
8 51 6956.390
8 52 5084.318
8 53 6129.975
8 54 4812.437
8 55 778.746
8 56 4373.967
8 57 1783.320
8 58 7007.471
8 59 2509.972
8 60 3645.988
8 61 3273.851
8 62 5830.890
8 63 7619.681
8 64 6639.468
8 65 7619.183
8 66 6446.329
8 67 3658.277
8 68 811.926
8 69 2715.366
8 70 4505.196
8 71 5825.007
8 72 6640.583
8 73 6269.642
8 74 2102.172
8 75 3010.209
8 76 6109.791
8 77 1775.145
8 78 5732.591
8 79 2567.645
8 80 4872.273
8 81 2218.386
8 82 5699.750
8 83 2950.313
8 84 7113.242
8 85 6240.264
8 86 5227.871
8 87 7765.240
8 88 6494.584
8 89 7810.568
8 90 3264.259
8 91 7793.840
8 92 1081.393
8 93 4444.442
8 94 4824.408
8 95 6741.496
8 96 4976.335
8 97 1457.379
8 98 9401.269
8 99 8312.533
8 100 8847.798
9 0 6294.811
9 1 3572.686
9 2 5304.590
9 3 7539.899
9 4 1419.739
9 5 2610.997
9 6 9672.176
9 7 8883.424
9 8 6395.787
9 9 0.000
9 10 10235.207
9 11 3071.165
9 12 8588.703
9 13 12599.802
9 14 9965.145
9 15 1611.497
9 16 5548.837
9 17 7238.056
9 18 4328.059
9 19 3491.204
9 20 875.597
9 21 6139.402
9 22 2605.729
9 23 7419.185
9 24 4242.278
9 25 4445.126
9 26 5491.758
9 27 7083.904
9 28 11245.849
9 29 5663.054
9 30 5423.768
9 31 7524.402
9 32 9694.445
9 33 4684.266
9 34 7875.754
9 35 8520.756
9 36 10176.286
9 37 5824.636
9 38 2927.644
9 39 3125.003
9 40 8345.422
9 41 2559.570
9 42 9080.953
9 43 6639.519
9 44 4147.131
9 45 4123.170
9 46 7452.381
9 47 4697.398
9 48 8357.352
9 49 2813.881
9 50 902.320
9 51 11231.551
9 52 8538.037
9 53 7439.429
9 54 7958.564
9 55 6873.128
9 56 6115.546
9 57 8175.583
9 58 10986.456
9 59 8903.776
9 60 6650.116
9 61 7960.648
9 62 5142.855
9 63 6729.961
9 64 5459.135
9 65 11401.375
9 66 10845.025
9 67 4760.631
9 68 7023.516
9 69 3698.918
9 70 1890.818
9 71 2196.353
9 72 5996.834
9 73 6538.630
9 74 5868.408
9 75 5261.003
9 76 8224.847
9 77 7555.128
9 78 2776.247
9 79 8892.997
9 80 10091.667
9 81 5138.640
9 82 10285.293
9 83 9226.022
9 84 5874.356
9 85 7078.363
9 86 1172.926
9 87 6186.504
9 88 9761.253
9 89 10977.148
9 90 6100.510
9 91 9999.377
9 92 5355.068
9 93 2991.285
9 94 6624.994
9 95 2932.622
9 96 4785.201
9 97 6011.095
9 98 12907.652
9 99 10440.192
9 100 10820.678
10 0 3955.293
10 1 6761.035
10 2 6467.914
10 3 3000.968
10 4 8857.184
10 5 8036.336
10 6 1607.236
10 7 1598.393
10 8 6732.531
10 9 10235.207
10 10 0.000
10 11 8575.305
10 12 2484.506
10 13 2621.773
10 14 2371.111
10 15 9218.100
10 16 6369.756
10 17 3837.472
10 18 7285.766
10 19 6746.622
10 20 9366.744
10 21 4660.991
10 22 7644.355
10 23 2820.649
10 24 6267.352
10 25 6596.589
10 26 4762.753
10 27 3263.937
10 28 2220.483
10 29 5070.364
10 30 4896.541
10 31 7252.344
10 32 1542.912
10 33 5553.260
10 34 5815.371
10 35 3911.865
10 36 656.796
10 37 4543.524
10 38 8889.118
10 39 7581.154
10 40 2633.396
10 41 8280.920
10 42 2332.641
10 43 5498.677
10 44 6097.085
10 45 6139.680
10 46 4106.319
10 47 5758.277
10 48 7273.972
10 49 7541.244
10 50 9807.025
10 51 1452.971
10 52 1796.521
10 53 3335.314
10 54 2317.963
10 55 7281.137
10 56 4121.448
10 57 6456.695
10 58 951.065
10 59 6543.451
10 60 3747.612
10 61 3473.172
10 62 5657.700
10 63 5648.392
10 64 5961.795
10 65 1172.824
10 66 1497.557
10 67 5514.970
10 68 6094.020
10 69 7981.052
10 70 8851.567
10 71 8300.671
10 72 5406.554
10 73 4496.731
10 74 5189.922
10 75 5211.358
10 76 2334.989
10 77 5138.754
10 78 7773.635
10 79 7349.899
10 80 3038.983
10 81 5777.365
10 82 1825.442
10 83 5731.623
10 84 5993.288
10 85 3854.180
10 86 9438.530
10 87 6393.341
10 88 517.294
10 89 1099.329
10 90 4349.624
10 91 1993.537
10 92 7284.539
10 93 7246.114
10 94 3644.698
10 95 8369.292
10 96 5595.750
10 97 5586.428
10 98 2781.784
10 99 2312.981
10 100 2785.662
11 0 5033.437
11 1 2256.732
11 2 5782.536
11 3 5601.734
11 4 2727.650
11 5 1141.556
11 6 8475.855
11 7 7544.636
11 8 3408.695
11 9 3071.165
11 10 8575.305
11 11 0.000
11 12 6465.933
11 13 11147.511
11 14 7708.065
11 15 3637.560
11 16 2744.603
11 17 4983.508
11 18 1481.074
11 19 2876.472
11 20 2691.949
11 21 3963.025
11 22 2653.544
11 23 5862.354
11 24 2398.361
11 25 1996.462
11 26 4391.190
11 27 5909.721
11 28 10082.565
11 29 5243.928
11 30 3790.973
11 31 4470.193
11 32 7664.220
11 33 3644.380
11 34 4979.211
11 35 5985.548
11 36 8342.417
11 37 4929.484
11 38 4752.912
11 39 1226.578
11 40 7368.994
11 41 3824.679
11 42 6908.430
11 43 3912.838
11 44 3031.718
11 45 3442.284
11 46 7001.942
11 47 2888.916
11 48 5305.014
11 49 1804.490
11 50 3473.137
11 51 9273.593
11 52 6779.634
11 53 6564.587
11 54 6276.588
11 55 3818.435
11 56 4794.016
11 57 5188.088
11 58 9150.445
11 59 5910.534
11 60 4833.071
11 61 5638.273
11 62 4969.949
11 63 6929.318
11 64 5645.939
11 65 9670.657
11 66 8817.557
11 67 3338.483
11 68 4114.425
11 69 720.401
11 70 1259.798
11 71 3277.613
11 72 5959.715
11 73 6079.102
11 74 3507.261
11 75 3389.738
11 76 7047.083
11 77 4810.482
11 78 3502.913
11 79 5841.106
11 80 7681.974
11 81 2826.802
11 82 8153.201
11 83 6329.729
11 84 6160.883
11 85 6396.065
11 86 1905.303
11 87 6709.075
11 88 8179.102
11 89 9507.250
11 90 4231.257
11 91 8920.986
11 92 2334.913
11 93 2460.254
11 94 5379.613
11 95 4374.996
11 96 4205.110
11 97 3393.692
11 98 11355.396
11 99 9424.613
11 100 9898.806
12 0 2898.248
12 1 5016.228
12 2 6065.877
12 3 1118.845
12 4 7318.366
12 5 6140.554
12 6 3355.445
12 7 2526.382
12 8 4265.730
12 9 8588.703
12 10 2484.506
12 11 6465.933
12 12 0.000
12 13 5065.753
12 14 1414.039
12 15 7871.818
12 16 4012.994
12 17 1492.504
12 18 5066.330
12 19 5250.395
12 20 7762.731
12 21 2521.983
12 22 6138.335
12 23 1852.616
12 24 4373.487
12 25 4474.595
12 26 3558.561
12 27 2765.950
12 28 4591.245
12 29 4460.834
12 30 3207.918
12 31 4778.071
12 32 1208.968
12 33 4149.506
12 34 3362.423
12 35 1539.283
12 36 2025.585
12 37 3657.085
12 38 7889.944
12 39 5639.656
12 40 3352.329
12 41 7084.051
12 42 503.296
12 43 3046.987
12 44 4528.289
12 45 4781.816
12 46 4463.199
12 47 3895.757
12 48 4855.931
12 49 5780.364
12 50 8335.818
12 51 2819.632
12 52 1162.579
12 53 3433.523
12 54 1393.619
12 55 4797.114
12 56 2918.095
12 57 4032.066
12 58 2774.187
12 59 4216.763
12 60 2002.375
12 61 992.938
12 62 4945.095
12 63 5797.359
12 64 5540.569
12 65 3366.521
12 66 2352.116
12 67 3884.578
12 68 3610.096
12 69 5809.204
12 70 6972.793
12 71 6949.513
12 72 5150.442
12 73 4320.109
12 74 2961.613
12 75 3328.923
12 76 2770.993
12 77 2657.724
12 78 6515.510
12 79 4991.095
12 80 1772.833
12 81 3647.952
12 82 1707.697
12 83 3510.800
12 84 5783.193
12 85 3857.611
12 86 7636.443
12 87 6356.446
12 88 2323.413
12 89 3578.569
12 90 2496.240
12 91 3898.758
12 92 4896.509
12 93 5660.580
12 94 2768.937
12 95 7322.726
12 96 4509.982
12 97 3229.555
12 98 5142.905
12 99 4378.214
12 100 4915.421
13 0 6325.409
13 1 9233.294
13 2 8252.082
13 3 5613.766
13 4 11192.731
13 5 10541.853
13 6 2982.693
13 7 3717.968
13 8 9330.987
13 9 12599.802
13 10 2621.773
13 11 11147.511
13 12 5065.753
13 13 0.000
13 14 4558.632
13 15 11443.944
13 16 8991.529
13 17 6457.465
13 18 9891.203
13 19 9119.856
13 20 11724.441
13 21 7269.788
13 22 9994.163
13 23 5305.223
13 24 8799.763
13 25 9185.564
13 26 7116.877
13 27 5515.898
13 28 1688.564
13 29 7117.815
13 30 7405.708
13 31 9772.244
13 32 3966.590
13 33 7937.359
13 34 8311.810
13 35 6384.193
13 36 3051.026
13 37 6784.561
13 38 10921.103
13 39 10108.714
13 40 4373.735
13 41 10451.841
13 42 4828.924
13 43 8105.108
13 44 8522.373
13 45 8476.947
13 46 5677.041
13 47 8291.731
13 48 9709.733
13 49 10003.178
13 50 12087.612
13 51 2725.126
13 52 4398.029
13 53 5267.164
13 54 4871.836
13 55 9849.226
13 56 6526.436
13 57 8910.809
13 58 2431.460
13 59 8898.228
13 60 6316.273
13 61 6058.528
13 62 7705.371
13 63 7116.237
13 64 7804.966
13 65 1792.849
13 66 3202.452
13 67 7983.228
13 68 8665.008
13 69 10573.264
13 70 11340.326
13 71 10554.633
13 72 7200.895
13 73 6365.096
13 74 7805.417
13 75 7762.525
13 76 4385.443
13 77 7687.561
13 78 9996.032
13 79 9719.293
13 80 5130.553
13 81 8374.561
13 82 3911.128
13 83 8024.704
13 84 7689.880
13 85 5725.901
13 86 11887.794
13 87 7919.497
13 88 2970.690
13 89 1645.454
13 90 6917.058
13 91 2815.650
13 92 9905.739
13 93 9642.566
13 94 5985.427
13 95 10450.015
13 96 7840.349
13 97 8208.106
13 98 516.902
13 99 2582.669
13 100 2576.320
14 0 4270.497
14 1 6397.684
14 2 7384.711
14 3 2530.733
14 4 8715.448
14 5 7474.575
14 6 3770.073
14 7 3215.708
14 8 5119.305
14 9 9965.145
14 10 2371.111
14 11 7708.065
14 12 1414.039
14 13 4558.632
14 14 0.000
14 15 9282.619
14 16 5107.592
14 17 2754.393
14 18 6262.608
14 19 6659.201
14 20 9149.525
14 21 3843.958
14 22 7543.093
14 23 3145.511
14 24 5730.502
14 25 5743.957
14 26 4960.910
14 27 4010.939
14 28 4579.070
14 29 5794.596
14 30 4614.970
14 31 5319.475
14 32 911.567
14 33 5563.544
14 34 3851.106
14 35 1966.751
14 36 1719.640
14 37 5021.956
14 38 9298.247
14 39 6964.789
14 40 4235.815
14 41 8497.921
14 42 911.177
14 43 4010.182
14 44 5935.343
14 45 6195.854
14 46 5541.411
14 47 5267.891
14 48 5173.860
14 49 7151.796
14 50 9736.835
14 51 1908.869
14 52 2123.978
14 53 4545.986
14 54 2597.625
14 55 5499.195
14 56 4310.709
14 57 4393.760
14 58 2129.079
14 59 4340.367
14 60 3416.107
14 61 2070.042
14 62 6304.760
14 63 6976.872
14 64 6856.161
14 65 2766.040
14 66 1392.533
14 67 5290.834
14 68 4359.304
14 69 7024.088
14 70 8304.196
14 71 8361.454
14 72 6423.194
14 73 5552.274
14 74 4215.668
14 75 4706.738
14 76 3705.318
14 77 3356.879
14 78 7929.547
14 79 5162.005
14 80 673.945
14 81 4934.533
14 82 648.399
14 83 3468.603
14 84 7056.502
14 85 5021.912
14 86 8984.364
14 87 7596.155
14 88 2511.782
14 89 3387.448
14 90 3895.406
14 91 4257.272
14 92 5919.873
14 93 7059.872
14 94 4103.968
14 95 8732.399
14 96 5911.008
14 97 4355.770
14 98 4497.010
14 99 4646.452
14 100 5142.358
15 0 5275.566
15 1 3048.041
15 2 3763.811
15 3 6768.900
15 4 913.382
15 5 2708.983
15 6 8472.516
15 7 7764.248
15 8 6520.042
15 9 1611.497
15 10 9218.100
15 11 3637.560
15 12 7871.818
15 13 11443.944
15 14 9282.619
15 15 0.000
15 16 5517.798
15 17 6670.545
15 18 4475.144
15 19 2625.748
15 20 1100.189
15 21 5606.316
15 22 1773.081
15 23 6461.022
15 24 3800.606
15 25 4300.767
15 26 4474.774
15 27 5974.284
15 28 10000.234
15 29 4356.175
15 30 4669.582
15 31 7759.175
15 32 8883.843
15 33 3747.149
15 34 7807.905
15 35 8083.748
15 36 9246.013
15 37 4687.106
15 38 1348.892
15 39 3100.725
15 40 7102.858
15 41 1037.730
15 42 8374.733
15 43 6456.418
15 44 3352.205
15 45 3121.409
15 46 6066.569
15 47 4143.748
15 48 8564.379
15 49 2490.540
15 50 753.718
15 51 10340.306
15 52 7624.558
15 53 6194.775
15 54 7032.853
15 55 7129.269
15 56 5138.327
15 57 8231.727
15 58 10036.913
15 59 8950.659
15 60 5872.318
15 61 7397.172
15 62 3790.945
15 63 5203.141
15 64 3978.628
15 65 10390.787
15 66 10001.053
15 67 3996.456
15 68 7007.464
15 69 4059.629
15 70 2408.255
15 71 927.894
15 72 4550.447
15 73 5192.917
15 74 5476.050
15 75 4653.097
15 76 7063.546
15 77 7337.949
15 78 1450.244
15 79 9086.956
15 80 9508.433
15 81 4799.918
15 82 9516.352
15 83 9114.669
15 84 4353.624
15 85 5781.564
15 86 2026.471
15 87 4615.189
15 88 8721.114
15 89 9857.584
15 90 5396.868
15 91 8747.895
15 92 5595.467
15 93 2287.936
15 94 5574.400
15 95 1327.602
15 96 3627.250
15 97 5784.717
15 98 11789.350
15 99 9157.275
15 100 9499.421
16 0 3700.423
16 1 2623.787
16 2 5936.090
16 3 3404.371
16 4 4679.691
16 5 2955.201
16 6 6670.797
16 7 5695.190
16 8 1096.707
16 9 5548.837
16 10 6369.756
16 11 2744.603
16 12 4012.994
16 13 8991.529
16 14 5107.592
16 15 5517.798
16 16 0.000
16 17 2543.724
16 18 1270.299
16 19 3356.544
16 20 4913.396
16 21 1836.249
16 22 3868.546
16 23 4020.462
16 24 1956.545
16 25 1226.147
16 26 3461.492
16 27 4456.984
16 28 8199.954
16 29 4723.263
16 30 2496.517
16 31 2381.025
16 32 5217.556
16 33 3152.446
16 34 2330.834
16 35 3278.913
16 36 6011.943
16 37 4025.542
16 38 6198.122
16 39 2467.611
16 40 5878.073
16 41 5194.402
16 42 4392.410
16 43 1171.406
16 44 2876.168
16 45 3453.955
16 46 6062.663
16 47 1982.458
16 48 3116.871
16 49 3027.912
16 50 5663.341
16 51 6818.237
16 52 4620.001
16 53 5290.471
16 54 4245.778
16 55 1851.271
16 56 3466.911
16 57 2714.224
16 58 6784.020
16 59 3433.291
16 60 2915.650
16 61 3078.083
16 62 4770.137
16 63 6602.661
16 64 5577.702
16 65 7361.381
16 66 6329.776
16 67 2591.610
16 68 1495.848
16 69 2025.049
16 70 3673.489
16 71 4781.635
16 72 5611.548
16 73 5305.209
16 74 1274.762
16 75 1999.948
16 76 5405.912
16 77 2066.754
16 78 4658.469
16 79 3616.299
16 80 5002.278
16 81 1158.106
16 82 5617.436
16 83 3677.689
16 84 6060.589
16 85 5340.890
16 86 4405.634
16 87 6708.961
16 88 6061.839
16 89 7405.116
16 90 2429.257
16 91 7184.672
16 92 930.910
16 93 3377.633
16 94 3970.749
16 95 5667.034
16 96 3908.132
16 97 786.216
16 98 9119.744
16 99 7706.588
16 100 8230.015
17 0 2361.175
17 1 3693.115
17 2 5491.727
17 3 998.967
17 4 6034.805
17 5 4722.030
17 6 4326.315
17 7 3369.730
17 8 2947.988
17 9 7238.056
17 10 3837.472
17 11 4983.508
17 12 1492.504
17 13 6457.465
17 14 2754.393
17 15 6670.545
17 16 2543.724
17 17 0.000
17 18 3574.144
17 19 4057.093
17 20 6441.190
17 21 1098.755
17 22 4902.451
17 23 1914.380
17 24 2995.778
17 25 3000.527
17 26 2740.035
17 27 2703.521
17 28 5767.746
17 29 3919.623
17 30 2064.133
17 31 3714.765
17 32 2700.858
17 33 3098.575
17 34 2500.886
17 35 1501.529
17 36 3468.747
17 37 3058.170
17 38 6871.348
17 39 4210.910
17 40 3843.534
17 41 5983.315
17 42 1925.179
17 43 1705.084
17 44 3333.768
17 45 3703.942
17 46 4533.741
17 47 2558.170
17 48 4008.318
17 49 4426.122
17 50 7065.223
17 51 4312.101
17 52 2137.796
17 53 3552.320
17 54 1892.319
17 55 3584.400
17 56 2253.026
17 57 3217.041
17 58 4246.843
17 59 3633.703
17 60 1175.948
17 61 728.771
17 62 4275.564
17 63 5584.374
17 64 4998.331
17 65 4818.281
17 66 3841.832
17 67 2701.692
17 68 2431.917
17 69 4319.595
17 70 5550.677
17 71 5769.865
17 72 4752.003
17 73 4084.405
17 74 1476.293
17 75 2019.985
17 76 3284.586
17 77 1687.277
17 78 5401.668
17 79 4282.877
17 80 2858.968
17 81 2182.878
17 82 3169.905
17 83 3210.606
17 84 5350.930
17 85 3820.713
17 86 6235.330
17 87 5984.389
17 88 3561.029
17 89 4892.686
17 90 1345.668
17 91 4865.347
17 92 3449.290
17 93 4398.935
17 94 2422.566
17 95 6296.874
17 96 3639.285
17 97 1757.533
17 98 6576.627
17 99 5380.472
17 100 5918.763
18 0 4062.804
18 1 1951.948
18 2 5608.034
18 3 4285.530
18 4 3591.445
18 5 1794.953
18 6 7360.403
18 7 6399.430
18 8 2081.438
18 9 4328.059
18 10 7285.766
18 11 1481.074
18 12 5066.330
18 13 9891.203
18 14 6262.608
18 15 4475.144
18 16 1270.299
18 17 3574.144
18 18 0.000
18 19 2737.290
18 20 3752.464
18 21 2624.994
18 22 2989.235
18 23 4693.112
18 24 1591.329
18 25 793.982
18 26 3580.882
18 27 4912.903
18 28 8944.057
18 29 4683.666
18 30 2765.188
18 31 3286.896
18 32 6273.527
18 33 3004.984
18 34 3560.290
18 35 4507.766
18 36 7000.252
18 37 4159.810
18 38 5327.583
18 39 1377.818
18 40 6384.161
18 41 4324.554
18 42 5489.204
18 43 2433.547
18 44 2516.219
18 45 3069.441
18 46 6277.119
18 47 1933.883
18 48 4101.106
18 49 2057.816
18 50 4524.431
18 51 7885.360
18 52 5494.256
18 53 5667.000
18 54 5036.728
18 55 2654.128
18 56 3815.803
18 57 3851.617
18 58 7797.301
18 59 4580.058
18 60 3605.064
18 61 4198.079
18 62 4570.915
18 63 6519.750
18 64 5343.705
18 65 8342.984
18 66 7415.477
18 67 2532.041
18 68 2701.051
18 69 768.596
18 70 2438.996
18 71 3846.769
18 72 5514.861
18 73 5415.631
18 74 2114.274
18 75 2282.384
18 76 5988.061
18 77 3336.508
18 78 3849.111
18 79 4629.794
18 80 6212.015
18 81 1525.342
18 82 6731.396
18 83 4914.199
18 84 5855.692
18 85 5600.430
18 86 3168.455
18 87 6471.862
18 88 6924.109
18 89 8267.325
18 90 3022.816
18 91 7840.956
18 92 1125.236
18 93 2570.405
18 94 4387.024
18 95 4842.004
18 96 3713.862
18 97 1921.113
18 98 10064.825
18 99 8357.245
18 100 8858.007
19 0 2804.107
19 1 786.310
19 2 2940.491
19 3 4154.450
19 4 2116.001
19 5 1804.771
19 6 6220.137
19 7 5401.896
19 8 4448.387
19 9 3491.204
19 10 6746.622
19 11 2876.472
19 12 5250.395
19 13 9119.856
19 14 6659.201
19 15 2625.748
19 16 3356.544
19 17 4057.093
19 18 2737.290
19 19 0.000
19 20 2620.409
19 21 3015.949
19 22 904.315
19 23 3936.206
19 24 1408.015
19 25 2185.332
19 26 2003.717
19 27 3608.774
19 28 7813.647
19 29 2453.599
19 30 2044.545
19 31 5734.840
19 32 6287.565
19 33 1193.530
19 34 5464.507
19 35 5498.406
19 36 6709.281
19 37 2385.508
19 38 2921.307
19 39 1677.510
19 40 4937.329
19 41 1960.739
19 42 5752.763
19 43 4067.774
19 44 726.814
19 45 669.387
19 46 4274.116
19 47 1597.914
19 48 6467.937
19 49 1110.481
19 50 3103.034
19 51 7783.054
19 52 5073.104
19 53 4050.112
19 54 4487.072
19 55 5172.422
19 56 2625.397
19 57 5989.135
19 58 7514.338
19 59 6674.982
19 60 3255.872
19 61 4780.680
19 62 2107.055
19 63 4054.771
19 64 2770.711
19 65 7914.820
19 66 7420.400
19 67 1370.710
19 68 4747.911
19 69 2787.030
19 70 2409.068
19 71 1713.897
19 72 3096.649
19 73 3331.783
19 74 2968.453
19 75 2053.558
19 76 4762.717
19 77 4888.390
19 78 1382.012
19 79 6955.693
19 80 6884.533
19 81 2381.458
19 82 6908.712
19 83 6700.598
19 84 3286.791
19 85 3762.810
19 86 2816.545
19 87 3851.015
19 88 6270.361
19 89 7491.150
19 90 2771.143
19 91 6580.224
19 92 3776.718
19 93 540.574
19 94 3136.958
19 95 2361.318
19 96 1431.829
19 97 3394.878
19 98 9419.506
19 99 7044.607
19 100 7461.752
20 0 5422.420
20 1 2752.735
20 2 4533.921
20 3 6700.760
20 4 556.245
20 5 1964.474
20 6 8796.991
20 7 8008.346
20 8 5833.510
20 9 875.597
20 10 9366.744
20 11 2691.949
20 12 7762.731
20 13 11724.441
20 14 9149.525
20 15 1100.189
20 16 4913.396
20 17 6441.190
20 18 3752.464
20 19 2620.409
20 20 0.000
20 21 5345.286
20 22 1730.718
20 23 6553.392
20 24 3453.282
20 25 3752.327
20 26 4618.362
20 27 6208.555
20 28 10372.098
20 29 4801.797
20 30 4579.056
20 31 7020.236
20 32 8852.981
20 33 3813.938
20 34 7242.533
20 35 7764.141
20 36 9317.248
20 37 4949.230
20 38 2431.442
20 39 2447.402
20 40 7472.692
20 41 1836.637
20 42 8258.359
20 43 5955.744
20 44 3288.066
20 45 3248.162
20 46 6601.813
20 47 3886.594
20 48 7844.269
20 49 2023.547
20 50 785.656
20 51 10378.993
20 52 7679.107
20 53 6567.553
20 54 7097.210
20 55 6375.281
20 56 5245.772
20 57 7594.477
20 58 10125.742
20 59 8321.911
20 60 5806.930
20 61 7167.677
20 62 4292.451
20 63 5940.408
20 64 4649.848
20 65 10534.241
20 66 9999.487
20 67 3910.266
20 68 6406.082
20 69 3216.471
20 70 1432.153
20 71 1391.672
20 72 5169.761
20 73 5681.600
20 74 5110.621
20 75 4443.200
20 76 7349.276
20 77 6864.809
20 78 1953.854
20 79 8376.108
20 80 9299.794
20 81 4390.140
20 82 9452.417
20 83 8581.779
20 84 5085.128
20 85 6212.304
20 86 933.284
20 87 5439.213
20 88 8890.599
20 89 10102.541
20 90 5268.383
20 91 9126.393
20 92 4836.966
20 93 2130.361
20 94 5751.299
20 95 2292.543
20 96 3911.492
20 97 5307.360
20 98 12033.473
20 99 9569.480
20 100 9954.048
21 0 2013.263
21 1 2601.924
21 2 4818.429
21 3 1660.544
21 4 4946.783
21 5 3631.447
21 6 4841.686
21 7 3866.906
21 8 2600.849
21 9 6139.402
21 10 4660.991
21 11 3963.025
21 12 2521.983
21 13 7269.788
21 14 3843.958
21 15 5606.316
21 16 1836.249
21 17 1098.755
21 18 2624.994
21 19 3015.949
21 20 5345.286
21 21 0.000
21 22 3833.733
21 23 2184.326
21 24 1897.160
21 25 1966.568
21 26 2061.762
21 27 2672.762
21 28 6388.049
21 29 3352.312
21 30 1165.126
21 31 3667.900
21 32 3707.237
21 33 2183.519
21 34 2811.938
21 35 2482.881
21 36 4386.278
21 37 2530.375
21 38 5889.022
21 39 3124.328
21 40 4057.384
21 41 4966.916
21 42 2988.826
21 43 1539.739
21 44 2306.167
21 45 2741.000
21 46 4386.327
21 47 1470.326
21 48 4168.313
21 49 3328.068
21 50 5978.542
21 51 5313.213
21 52 2871.760
21 53 3529.184
21 54 2440.611
21 55 3351.286
21 56 1812.823
21 57 3477.249
21 58 5190.527
21 59 4048.694
21 60 1080.502
21 61 1822.653
21 62 3585.727
21 63 5168.802
21 64 4367.277
21 65 5723.735
21 66 4865.327
21 67 1705.939
21 68 2386.383
21 69 3333.367
21 70 4462.131
21 71 4718.578
21 72 4239.689
21 73 3741.003
21 74 563.437
21 75 962.799
21 76 3572.673
21 77 2070.715
21 78 4384.368
21 79 4549.921
21 80 3954.870
21 81 1136.240
21 82 4226.598
21 83 3852.476
21 84 4785.051
21 85 3652.679
21 86 5140.642
21 87 5438.335
21 88 4307.341
21 89 5652.887
21 90 676.861
21 91 5351.280
21 92 2762.830
21 93 3323.654
21 94 2226.167
21 95 5316.206
21 96 2832.517
21 97 1152.591
21 98 7439.860
21 99 5873.077
21 100 6394.867
22 0 3694.547
22 1 1294.042
22 2 3233.460
22 3 5049.501
22 4 1213.381
22 5 1513.863
22 6 7072.673
22 7 6277.710
22 8 4922.831
22 9 2605.729
22 10 7644.355
22 11 2653.544
22 12 6138.335
22 13 9994.163
22 14 7543.093
22 15 1773.081
22 16 3868.546
22 17 4902.451
22 18 2989.235
22 19 904.315
22 20 1730.718
22 21 3833.733
22 22 0.000
22 23 4838.053
22 24 2046.287
22 25 2643.397
22 26 2889.097
22 27 4478.292
22 28 8654.518
22 29 3148.892
22 30 2930.621
22 31 6196.011
22 32 7188.078
22 33 2092.527
22 34 6103.261
22 35 6310.693
22 36 7613.212
22 37 3224.583
22 38 2347.107
22 39 1664.997
22 40 5761.091
22 41 1340.068
22 42 6639.587
22 43 4729.058
22 44 1611.559
22 45 1517.468
22 46 4974.673
22 47 2370.879
22 48 6971.959
22 49 946.307
22 50 2202.010
22 51 8687.310
22 52 5977.311
22 53 4860.796
22 54 5390.939
22 55 5593.228
22 56 3523.243
22 57 6570.709
22 58 8417.658
22 59 7278.223
22 60 4150.747
22 61 5630.170
22 62 2695.243
22 63 4524.216
22 64 3205.419
22 65 8813.837
22 66 8323.228
22 67 2253.866
22 68 5332.466
22 69 2796.791
22 70 1827.156
22 71 922.769
22 72 3644.583
22 73 4037.764
22 74 3711.216
22 75 2883.061
22 76 5621.757
22 77 5593.793
22 78 877.259
22 79 7480.671
22 80 7747.995
22 81 3052.262
22 82 7805.358
22 83 7386.876
22 84 3695.407
22 85 4530.440
22 86 2059.224
22 87 4172.389
22 88 7164.626
22 89 8371.845
22 90 3648.330
22 91 7412.538
22 92 4103.923
22 93 519.043
22 94 4021.407
22 95 1853.135
22 96 2202.106
22 97 4053.047
22 98 10302.954
22 99 7864.160
22 100 8262.663
23 0 1199.772
23 1 3946.781
23 2 4240.197
23 3 992.519
23 4 6051.335
23 5 5240.312
23 6 2672.885
23 7 1706.524
23 8 4701.140
23 9 7419.185
23 10 2820.649
23 11 5862.354
23 12 1852.616
23 13 5305.223
23 14 3145.511
23 15 6461.022
23 16 4020.462
23 17 1914.380
23 18 4693.112
23 19 3936.206
23 20 6553.392
23 21 2184.326
23 22 4838.053
23 23 0.000
23 24 3495.764
23 25 3942.038
23 26 1987.013
23 27 921.075
23 28 4251.194
23 29 2650.241
23 30 2100.632
23 31 5599.872
23 32 2515.784
23 33 2745.950
23 34 4413.496
23 35 3054.336
23 36 2785.388
23 37 1909.451
23 38 6277.458
23 39 4803.505
23 40 1941.653
23 41 5570.399
23 42 2289.186
23 43 3503.709
23 44 3276.963
23 45 3349.799
23 46 2706.660
23 47 2988.800
23 48 5922.596
23 49 4724.909
23 50 7018.724
23 51 3881.887
23 52 1173.561
23 53 1685.490
23 54 585.812
23 55 5403.940
23 56 1323.457
23 57 5129.815
23 58 3582.434
23 59 5515.904
23 60 1109.349
23 61 2162.558
23 62 3173.800
23 63 3957.496
23 64 3712.031
23 65 3982.707
23 66 3568.404
23 67 2697.582
23 68 4300.026
23 69 5324.281
23 70 6046.458
23 71 5535.444
23 72 3300.641
23 73 2469.666
23 74 2747.105
23 75 2473.280
23 76 1408.748
23 77 3600.972
23 78 5034.358
23 79 6190.816
23 80 3609.246
23 81 3171.510
23 82 3186.370
23 83 4994.933
23 84 3934.123
23 85 2044.232
23 86 6620.915
23 87 4503.833
23 88 2365.789
23 89 3659.897
23 90 1670.445
23 91 3171.486
23 92 4946.783
23 93 4428.369
23 94 969.305
23 95 5728.079
23 96 2890.397
23 97 3306.819
23 98 5552.182
23 99 3692.671
23 100 4211.514
24 0 2637.778
24 1 753.543
24 2 4075.726
24 3 3377.162
24 4 3077.387
24 5 1783.764
24 6 6081.029
24 7 5158.188
24 8 3052.375
24 9 4242.278
24 10 6267.352
24 11 2398.361
24 12 4373.487
24 13 8799.763
24 14 5730.502
24 15 3800.606
24 16 1956.545
24 17 2995.778
24 18 1591.329
24 19 1408.015
24 20 3453.282
24 21 1897.160
24 22 2046.287
24 23 3495.764
24 24 0.000
24 25 864.043
24 26 2042.823
24 27 3513.292
24 28 7689.648
24 29 3093.138
24 30 1401.198
24 31 4337.561
24 32 5519.448
24 33 1413.980
24 34 4078.119
24 35 4320.067
24 36 6099.454
24 37 2610.183
24 38 4302.355
24 39 1313.803
24 40 4977.269
24 41 3314.234
24 42 4857.378
24 43 2691.040
24 44 960.696
24 45 1538.670
24 46 4724.676
24 47 509.241
24 48 5061.491
24 49 1431.911
24 50 4109.074
24 51 7099.275
24 52 4487.825
24 53 4194.283
24 54 3950.216
24 55 3791.514
24 56 2396.815
24 57 4585.135
24 58 6915.072
24 59 5276.767
24 60 2530.811
24 61 3719.085
24 62 2991.760
24 63 4930.743
24 64 3777.120
24 65 7395.858
24 66 6679.871
24 67 974.134
24 68 3343.064
24 69 1972.587
24 70 2613.283
24 71 2966.332
24 72 3925.350
24 73 3842.134
24 74 1680.024
24 75 1066.850
24 76 4648.807
24 77 3547.625
24 78 2753.466
24 79 5547.743
24 80 5850.933
24 81 1006.602
24 82 6079.836
24 83 5344.592
24 84 4284.024
24 85 4072.121
24 86 3263.173
24 87 4911.133
24 88 5844.510
24 89 7154.887
24 90 1937.922
24 91 6522.772
24 92 2476.870
24 93 1528.271
24 94 2982.532
24 95 3753.489
24 96 2128.338
24 97 2014.320
24 98 9033.073
24 99 7026.300
24 100 7502.108
25 0 3271.056
25 1 1421.409
25 2 4938.906
25 3 3610.583
25 4 3480.026
25 5 1835.880
25 6 6599.112
25 7 5644.940
25 8 2287.667
25 9 4445.126
25 10 6596.589
25 11 1996.462
25 12 4474.595
25 13 9185.564
25 14 5743.957
25 15 4300.767
25 16 1226.147
25 17 3000.527
25 18 793.982
25 19 2185.332
25 20 3752.327
25 21 1966.568
25 22 2643.397
25 23 3942.038
25 24 864.043
25 25 0.000
25 26 2792.279
25 27 4125.180
25 28 8191.165
25 29 3924.537
25 30 1973.897
25 31 3570.065
25 32 5669.586
25 33 2253.633
25 34 3513.154
25 35 4116.636
25 36 6348.530
25 37 3372.458
25 38 4978.413
25 39 1320.191
25 40 5597.488
25 41 3972.981
25 42 4924.739
25 43 2203.667
25 44 1823.501
25 45 2398.622
25 46 5488.193
25 47 1144.421
25 48 4332.008
25 49 1810.779
25 50 4481.841
25 51 7277.996
25 52 4800.147
25 53 4873.555
25 54 4316.240
25 55 2991.374
25 56 3024.066
25 57 3936.980
25 58 7155.241
25 59 4652.063
25 60 2873.606
25 61 3676.573
25 62 3851.032
25 63 5778.557
25 64 4639.807
25 65 7680.512
25 66 6824.749
25 67 1754.872
25 68 2707.127
25 69 1388.139
25 70 2626.681
25 71 3555.492
25 72 4772.934
25 73 4635.231
25 74 1528.350
25 75 1499.043
25 76 5211.744
25 77 3115.163
25 78 3444.928
25 79 4837.851
25 80 5764.149
25 81 830.340
25 82 6168.866
25 83 4838.304
25 84 5145.265
25 85 4807.982
25 86 3346.431
25 87 5774.378
25 88 6214.893
25 89 7552.194
25 90 2278.796
25 91 7071.812
25 92 1616.960
25 93 2157.633
25 94 3597.747
25 95 4453.829
25 96 2984.565
25 97 1566.025
25 98 9378.351
25 99 7586.023
25 100 8082.209
26 0 807.513
26 1 2208.970
26 2 2775.654
26 3 2443.601
26 4 4099.071
26 5 3547.277
26 6 4236.495
26 7 3399.178
26 8 4460.208
26 9 5491.758
26 10 4762.753
26 11 4391.190
26 12 3558.561
26 13 7116.877
26 14 4960.910
26 15 4474.774
26 16 3461.492
26 17 2740.035
26 18 3580.882
26 19 2003.717
26 20 4618.362
26 21 2061.762
26 22 2889.097
26 23 1987.013
26 24 2042.823
26 25 2792.279
26 26 0.000
26 27 1614.291
26 28 5840.436
26 29 1300.847
26 30 979.141
26 31 5643.291
26 32 4453.635
26 33 825.662
26 34 4873.619
26 35 4234.020
26 36 4771.314
26 37 581.299
26 38 4340.900
26 39 3201.659
26 40 3010.158
26 41 3590.047
26 42 4054.293
26 43 3569.451
26 44 1439.941
26 45 1377.281
26 46 2696.269
26 47 1647.904
26 48 6204.873
26 49 2935.945
26 50 5045.103
26 51 5868.545
26 52 3155.346
26 53 2175.176
26 54 2563.292
26 55 5238.264
26 56 669.173
26 57 5535.544
26 58 5563.254
26 59 6108.930
26 60 1627.939
26 61 3371.241
26 62 1545.722
26 63 3160.891
26 64 2309.070
26 65 5934.554
26 66 5543.952
26 67 1068.834
26 68 4404.878
26 69 4014.850
26 70 4292.157
26 71 3550.229
26 72 2196.315
26 73 1859.320
26 74 2402.325
26 75 1461.710
26 76 2776.040
26 77 4120.594
26 78 3048.182
26 79 6603.900
26 80 5305.274
26 81 2317.397
26 82 5107.738
26 83 5863.279
26 84 2724.352
26 85 2029.648
26 86 4787.508
26 87 3378.606
26 88 4277.808
26 89 5487.459
26 90 1452.022
26 91 4623.365
26 92 4250.538
26 93 2526.548
26 94 1133.445
26 95 3779.302
26 96 951.525
26 97 3040.720
26 98 7416.377
26 99 5105.579
26 100 5551.824
27 0 876.481
27 1 3800.915
27 2 3395.031
27 3 1880.042
27 4 5678.190
27 5 5137.404
27 6 2623.235
27 7 1801.406
27 8 5271.815
27 9 7083.904
27 10 3263.937
27 11 5909.721
27 12 2765.950
27 13 5515.898
27 14 4010.939
27 15 5974.284
27 16 4456.984
27 17 2703.521
27 18 4912.903
27 19 3608.774
27 20 6208.555
27 21 2672.762
27 22 4478.292
27 23 921.075
27 24 3513.292
27 25 4125.180
27 26 1614.291
27 27 0.000
27 28 4229.974
27 29 1856.857
27 30 2154.257
27 31 6277.812
27 32 3304.351
27 33 2439.945
27 34 5189.400
27 35 3953.617
27 36 3390.699
27 37 1287.248
27 38 5633.058
27 39 4759.739
27 40 1472.796
27 41 5020.940
27 42 3184.511
27 43 4142.999
27 44 3048.085
27 45 2961.252
27 46 1831.959
27 47 3040.145
27 48 6672.210
27 49 4544.422
27 50 6589.984
27 51 4508.783
27 52 1927.700
27 53 866.724
27 54 1414.285
27 55 6012.860
27 56 1116.723
27 57 5902.363
27 58 4134.369
27 59 6336.986
27 60 1648.823
27 61 3051.265
27 62 2425.588
27 63 3036.584
27 64 2866.822
27 65 4431.952
27 66 4264.346
27 67 2584.671
27 68 4974.093
27 69 5456.473
27 70 5898.877
27 71 5066.402
27 72 2412.284
27 73 1555.148
27 74 3203.035
27 75 2631.169
27 76 1163.198
27 77 4375.782
27 78 4525.097
27 79 6976.283
27 80 4507.230
27 81 3452.523
27 82 3980.172
27 83 5865.425
27 84 3045.576
27 85 1136.307
27 86 6401.782
27 87 3596.908
27 88 2756.989
27 89 3898.672
27 90 2029.978
27 91 3025.535
27 92 5352.905
27 93 4137.471
27 94 531.422
27 95 5107.296
27 96 2347.350
27 97 3824.648
27 98 5832.121
27 99 3520.034
27 100 3989.101
28 0 5092.560
28 1 8028.805
28 2 6657.716
28 3 4812.011
28 4 9827.486
28 5 9362.821
28 6 1611.099
28 7 2546.226
28 8 8715.406
28 9 11245.849
28 10 2220.483
28 11 10082.565
28 12 4591.245
28 13 1688.564
28 14 4579.070
28 15 10000.234
28 16 8199.954
28 17 5767.746
28 18 8944.057
28 19 7813.647
28 20 10372.098
28 21 6388.049
28 22 8654.518
28 23 4251.194
28 24 7689.648
28 25 8191.165
28 26 5840.436
28 27 4229.974
28 28 0.000
28 29 5644.499
28 30 6291.761
28 31 9358.488
28 32 3762.183
28 33 6665.070
28 34 7953.664
28 35 6085.912
28 36 2860.680
28 37 5432.433
28 38 9384.641
28 39 8969.335
28 40 2903.694
28 41 8986.052
28 42 4519.931
28 43 7471.822
28 44 7277.667
28 45 7151.933
28 46 4075.585
28 47 7193.746
28 48 9440.252
28 49 8774.218
28 50 10673.735
28 51 3172.489
28 52 3631.510
28 53 3812.882
28 54 3954.267
28 55 9325.086
28 56 5318.309
28 57 8617.859
28 58 2669.032
28 59 8743.525
28 60 5345.244
28 61 5543.138
28 62 6218.309
28 63 5465.008
28 64 6235.236
28 65 2222.402
28 66 3481.672
28 67 6799.193
28 68 8145.036
28 69 9569.202
28 70 10128.848
28 71 9137.480
28 72 5626.161
28 73 4836.701
28 74 6948.030
28 75 6708.937
28 76 3066.968
28 77 7233.747
28 78 8565.385
28 79 9542.744
28 80 5238.357
28 81 7421.057
28 82 3995.892
28 83 7946.222
28 84 6079.270
28 85 4222.207
28 86 10622.559
28 87 6270.009
28 88 2267.855
28 89 1229.104
28 90 5921.245
28 91 1252.357
28 92 9130.596
28 93 8349.384
28 94 4742.646
28 95 8938.979
28 96 6460.686
28 97 7441.691
28 98 2181.346
28 99 908.679
28 100 929.681
29 0 1596.362
29 1 2988.347
29 2 1608.839
29 3 3410.124
29 4 4247.092
29 5 4239.925
29 6 4135.970
29 7 3516.341
29 8 5746.087
29 9 5663.054
29 10 5070.364
29 11 5243.928
29 12 4460.834
29 13 7117.815
29 14 5794.596
29 15 4356.175
29 16 4723.263
29 17 3919.623
29 18 4683.666
29 19 2453.599
29 20 4801.797
29 21 3352.312
29 22 3148.892
29 23 2650.241
29 24 3093.138
29 25 3924.537
29 26 1300.847
29 27 1856.857
29 28 5644.499
29 29 0.000
29 30 2274.237
29 31 6941.417
29 32 5141.571
29 33 1679.278
29 34 6160.079
29 35 5374.909
29 36 5241.770
29 37 861.456
29 38 3833.718
29 39 4017.366
29 40 2752.955
29 41 3343.248
29 42 4924.452
29 43 4869.312
29 44 2232.270
29 45 1815.338
29 46 1829.350
29 47 2808.088
29 48 7505.146
29 49 3555.093
29 50 5039.288
29 51 6359.505
29 52 3767.287
29 53 1850.829
29 54 3216.346
29 55 6524.817
29 56 1667.401
29 57 6829.457
29 58 5968.637
29 59 7390.031
29 60 2749.680
29 61 4478.733
29 62 592.474
29 63 1879.567
29 64 1091.286
29 65 6221.966
29 66 6121.166
29 67 2179.168
29 68 5705.670
29 69 4996.340
29 70 4858.073
29 71 3507.222
29 72 896.487
29 73 889.096
29 74 3702.453
29 75 2736.298
29 76 2782.643
29 77 5393.789
29 78 2928.833
29 79 7900.480
29 80 6233.255
29 81 3566.990
29 82 5817.006
29 83 7102.703
29 84 1440.768
29 85 1426.672
29 86 5202.735
29 87 2089.240
29 88 4554.829
29 89 5570.646
29 90 2715.417
29 91 4392.284
29 92 5465.462
29 93 2978.262
29 94 1694.004
29 95 3338.571
29 96 1040.477
29 97 4338.442
29 98 7487.464
29 99 4803.650
29 100 5162.749
30 0 1297.638
30 1 1875.392
30 2 3670.893
30 3 2123.842
30 4 4117.562
30 5 3142.328
30 6 4684.982
30 7 3757.326
30 8 3481.594
30 9 5423.768
30 10 4896.541
30 11 3790.973
30 12 3207.918
30 13 7405.708
30 14 4614.970
30 15 4669.582
30 16 2496.517
30 17 2064.133
30 18 2765.188
30 19 2044.545
30 20 4579.056
30 21 1165.126
30 22 2930.621
30 23 2100.632
30 24 1401.198
30 25 1973.897
30 26 979.141
30 27 2154.257
30 28 6291.761
30 29 2274.237
30 30 0.000
30 31 4667.198
30 32 4273.968
30 33 1040.154
30 34 3952.831
30 35 3552.474
30 36 4771.981
30 37 1530.186
30 38 4807.344
30 39 2703.432
30 40 3627.036
30 41 3930.148
30 42 3709.606
30 43 2614.225
30 44 1320.535
30 45 1640.093
30 46 3586.714
30 47 902.060
30 48 5243.706
30 49 2657.430
30 50 5129.873
30 51 5810.652
30 52 3140.066
30 53 2905.209
30 54 2580.717
30 55 4259.420
30 56 1050.650
30 57 4595.697
30 58 5586.715
30 59 5194.426
30 60 1227.921
30 61 2770.714
30 62 2442.390
30 63 4139.994
30 64 3237.471
30 65 6040.391
30 66 5421.591
30 67 676.757
30 68 3440.607
30 69 3306.072
30 70 3955.027
30 71 3752.153
30 72 3170.724
30 73 2808.691
30 74 1431.787
30 75 508.062
30 76 3264.236
30 77 3231.903
30 78 3350.911
30 79 5655.515
30 80 4849.108
30 81 1374.249
30 82 4879.488
30 83 5017.400
30 84 3678.884
30 85 2879.014
30 86 4553.537
30 87 4334.476
30 88 4460.004
30 89 5760.297
30 90 733.152
30 91 5135.794
30 92 3318.261
30 93 2459.245
30 94 1624.984
30 95 4232.888
30 96 1667.919
30 97 2064.236
30 98 7649.111
30 99 5643.871
30 100 6129.347
31 0 5680.327
31 1 4989.092
31 2 8261.997
31 3 4712.178
31 4 6878.335
31 5 5077.744
31 6 8005.948
31 7 7067.852
31 8 1286.459
31 9 7524.402
31 10 7252.344
31 11 4470.193
31 12 4778.071
31 13 9772.244
31 14 5319.475
31 15 7759.175
31 16 2381.025
31 17 3714.765
31 18 3286.896
31 19 5734.840
31 20 7020.236
31 21 3667.900
31 22 6196.011
31 23 5599.872
31 24 4337.561
31 25 3570.065
31 26 5643.291
31 27 6277.812
31 28 9358.488
31 29 6941.417
31 30 4667.198
31 31 0.000
31 32 5805.730
31 33 5472.181
31 34 1469.486
31 35 3392.764
31 36 6730.262
31 37 6164.771
31 38 8540.786
31 39 4658.468
31 40 7541.269
31 41 7533.646
31 42 4946.890
31 43 2139.476
31 44 5248.853
31 45 5822.666
31 46 8045.046
31 47 4328.384
31 48 834.921
31 49 5304.321
31 50 7799.317
31 51 7224.096
31 52 5763.912
31 53 7144.478
31 54 5601.620
31 55 651.849
31 56 5479.768
31 57 1046.669
31 58 7368.596
31 59 1613.225
31 60 4628.989
31 61 3815.679
31 62 7064.726
31 63 8800.341
31 64 7872.191
31 65 8002.462
31 66 6706.192
31 67 4907.050
31 68 1304.514
31 69 3827.574
31 70 5646.704
31 71 7090.919
31 72 7837.899
31 73 7403.839
31 74 3242.908
31 75 4222.562
31 76 6993.083
31 77 2124.741
31 78 7014.015
31 79 1370.947
31 80 4922.844
31 81 3475.202
31 82 5950.552
31 83 2365.518
31 84 8334.529
31 85 7311.244
31 86 6351.497
31 87 8989.136
31 88 7094.719
31 89 8350.751
31 90 4344.737
31 91 8550.526
31 92 2183.286
31 93 5723.912
31 94 5874.705
31 95 8022.590
31 96 6220.819
31 97 2602.975
31 98 9776.799
31 99 9058.038
31 100 9598.766
32 0 3702.207
32 1 6127.550
32 2 6699.349
32 3 2154.996
32 4 8387.058
32 5 7298.458
32 6 2862.024
32 7 2319.257
32 8 5415.291
32 9 9694.445
32 10 1542.912
32 11 7664.220
32 12 1208.968
32 13 3966.590
32 14 911.567
32 15 8883.843
32 16 5217.556
32 17 2700.858
32 18 6273.527
32 19 6287.565
32 20 8852.981
32 21 3707.237
32 22 7188.078
32 23 2515.784
32 24 5519.448
32 25 5669.586
32 26 4453.635
32 27 3304.351
32 28 3762.183
32 29 5141.571
32 30 4273.968
32 31 5805.730
32 32 0.000
32 33 5136.757
32 34 4347.205
32 35 2421.542
32 36 938.345
32 37 4425.234
32 38 8782.230
32 39 6805.437
32 40 3361.175
32 41 8039.548
32 42 867.961
32 43 4220.361
32 44 5579.446
32 45 5764.796
32 46 4712.923
32 47 5028.240
32 48 5770.404
32 49 6902.388
32 50 9389.883
32 51 1611.919
32 52 1376.852
32 53 3745.570
32 54 1933.228
32 55 5895.049
32 56 3785.921
32 57 4960.970
32 58 1592.183
32 59 5011.723
32 60 3046.058
32 61 2159.192
32 62 5682.696
32 63 6185.211
32 64 6171.168
32 65 2210.168
32 66 1161.201
32 67 4945.357
32 68 4716.385
32 69 7013.507
32 70 8130.303
32 71 7956.249
32 72 5700.491
32 73 4807.043
32 74 4165.192
32 75 4459.180
32 76 2853.116
32 77 3728.390
32 78 7486.702
32 79 5823.075
32 80 1578.541
32 81 4840.405
32 82 675.970
32 83 4189.941
32 84 6329.092
32 85 4240.829
32 86 8778.526
32 87 6838.847
32 88 1613.689
32 89 2618.500
32 90 3599.452
32 91 3356.789
32 92 6092.522
32 93 6730.686
32 94 3483.673
32 95 8227.040
32 96 5386.039
32 97 4435.775
32 98 3993.549
32 99 3761.311
32 100 4268.120
33 0 1614.040
33 1 1412.981
33 2 2790.731
33 3 3035.698
33 4 3305.908
33 5 2743.739
33 6 5061.977
33 7 4220.876
33 8 4222.762
33 9 4684.266
33 10 5553.260
33 11 3644.380
33 12 4149.506
33 13 7937.359
33 14 5563.544
33 15 3747.149
33 16 3152.446
33 17 3098.575
33 18 3004.984
33 19 1193.530
33 20 3813.938
33 21 2183.519
33 22 2092.527
33 23 2745.950
33 24 1413.980
33 25 2253.633
33 26 825.662
33 27 2439.945
33 28 6665.070
33 29 1679.278
33 30 1040.154
33 31 5472.181
33 32 5136.757
33 33 0.000
33 34 4909.035
33 35 4591.402
33 36 5524.965
33 37 1296.732
33 38 3780.503
33 39 2431.413
33 40 3821.803
33 41 2935.688
33 42 4652.524
33 43 3530.172
33 44 628.454
33 45 632.489
33 46 3361.828
33 47 1175.623
33 48 6114.190
33 49 2116.055
33 50 4276.547
33 51 6606.602
33 52 3892.124
33 53 2964.506
33 54 3303.229
33 55 4995.357
33 56 1431.895
33 57 5519.277
33 58 6327.087
33 59 6150.461
33 60 2148.769
33 61 3795.277
33 62 1621.733
33 63 3525.058
33 64 2426.956
33 65 6721.901
33 66 6256.459
33 67 565.216
33 68 4318.447
33 69 3336.401
33 70 3472.481
33 71 2819.493
33 72 2519.542
33 73 2452.715
33 74 2338.729
33 75 1300.640
33 76 3601.546
33 77 4224.773
33 78 2366.081
33 79 6556.059
33 80 5841.976
33 81 2004.422
33 82 5772.043
33 83 6027.327
33 84 2917.626
33 85 2755.096
33 86 3961.904
33 87 3560.933
33 88 5077.014
33 89 6304.505
33 90 1755.270
33 91 5444.783
33 92 3825.785
33 93 1705.628
33 94 1951.980
33 95 3206.799
33 96 755.778
33 97 2912.426
33 98 8230.505
33 99 5923.125
33 100 6361.878
34 0 4726.972
34 1 4815.901
34 2 7622.992
34 3 3459.849
34 4 6992.644
34 5 5286.017
34 6 6660.338
34 7 5750.504
34 8 1630.914
34 9 7875.754
34 10 5815.371
34 11 4979.211
34 12 3362.423
34 13 8311.810
34 14 3851.106
34 15 7807.905
34 16 2330.834
34 17 2500.886
34 18 3560.290
34 19 5464.507
34 20 7242.533
34 21 2811.938
34 22 6103.261
34 23 4413.496
34 24 4078.119
34 25 3513.154
34 26 4873.619
34 27 5189.400
34 28 7953.664
34 29 6160.079
34 30 3952.831
34 31 1469.486
34 32 4347.205
34 33 4909.035
34 34 0.000
34 35 1927.904
34 36 5276.942
34 37 5324.749
34 38 8378.595
34 39 4795.348
34 40 6329.946
34 41 7392.270
34 42 3494.754
34 43 1399.849
34 44 4851.953
34 45 5381.864
34 46 7010.015
34 47 3897.134
34 48 1523.471
34 49 5321.775
34 50 7987.379
34 51 5754.757
34 52 4408.555
34 53 6046.524
34 54 4321.292
34 55 1715.164
34 56 4563.296
34 57 716.319
34 58 5902.321
34 59 1242.559
34 60 3576.841
34 61 2439.983
34 62 6392.190
34 63 7947.925
34 64 7178.395
34 65 6537.379
34 66 5236.839
34 67 4368.461
34 68 864.788
34 69 4266.798
34 70 5993.617
34 71 7025.783
34 72 7041.828
34 73 6480.776
34 74 2572.128
34 75 3608.642
34 76 5760.466
34 77 814.453
34 78 6830.073
34 79 1787.168
34 80 3473.708
34 81 3083.319
34 82 4481.110
34 83 1354.086
34 84 7595.846
34 85 6286.175
34 86 6725.098
34 87 8248.250
34 88 5685.817
34 89 6914.694
34 90 3448.998
34 91 7207.030
34 92 2694.637
34 93 5592.560
34 94 4857.197
34 95 7824.618
34 96 5610.438
34 97 2069.630
34 98 8309.431
34 99 7704.449
34 100 8244.987
35 0 3787.343
35 1 5055.669
35 2 6965.140
35 3 2073.598
35 4 7396.755
35 5 5935.768
35 6 4894.617
35 7 4053.060
35 8 3163.603
35 9 8520.756
35 10 3911.865
35 11 5985.548
35 12 1539.283
35 13 6384.193
35 14 1966.751
35 15 8083.748
35 16 3278.913
35 17 1501.529
35 18 4507.766
35 19 5498.406
35 20 7764.141
35 21 2482.881
35 22 6310.693
35 23 3054.336
35 24 4320.067
35 25 4116.636
35 26 4234.020
35 27 3953.617
35 28 6085.912
35 29 5374.909
35 30 3552.474
35 31 3392.764
35 32 2421.542
35 33 4591.402
35 34 1927.904
35 35 0.000
35 36 3354.955
35 37 4516.572
35 38 8352.146
35 39 5415.965
35 40 4805.960
35 41 7445.084
35 42 1579.835
35 43 2124.680
35 44 4784.804
35 45 5187.148
35 46 5760.899
35 47 3940.201
35 48 3362.160
35 49 5741.421
35 50 8428.838
35 51 3848.074
35 52 2681.954
35 53 4736.275
35 54 2766.906
35 55 3535.532
35 56 3711.437
35 57 2545.549
35 58 3975.834
35 59 2679.071
35 60 2630.777
35 61 909.024
35 62 5759.798
35 63 6951.413
35 64 6462.425
35 65 4610.003
35 66 3331.018
35 67 4168.002
35 68 2393.483
35 69 5276.188
35 70 6741.752
35 71 7200.862
35 72 6176.066
35 73 5443.830
35 74 2654.434
35 75 3444.848
35 76 4220.053
35 77 1392.573
35 78 6862.413
35 79 3462.167
35 80 1733.116
35 81 3382.128
35 82 2575.182
35 83 1990.442
35 84 6789.555
35 85 5089.341
35 86 7455.684
35 87 7409.367
35 88 3826.015
35 89 5009.237
35 90 2844.535
35 91 5437.499
35 92 4020.627
35 93 5797.049
35 94 3784.785
35 95 7777.902
35 96 5140.449
35 97 2593.868
35 98 6384.310
35 99 5913.737
35 100 6449.424
36 0 3974.460
36 1 6647.342
36 2 6716.314
36 3 2742.412
36 4 8825.093
36 5 7881.929
36 6 2193.085
36 7 1949.312
36 8 6288.874
36 9 10176.286
36 10 656.796
36 11 8342.417
36 12 2025.585
36 13 3051.026
36 14 1719.640
36 15 9246.013
36 16 6011.943
36 17 3468.747
36 18 7000.252
36 19 6709.281
36 20 9317.248
36 21 4386.278
36 22 7613.212
36 23 2785.388
36 24 6099.454
36 25 6348.530
36 26 4771.314
36 27 3390.699
36 28 2860.680
36 29 5241.770
36 30 4771.981
36 31 6730.262
36 32 938.345
36 33 5524.965
36 34 5276.942
36 35 3354.955
36 36 0.000
36 37 4629.478
36 38 9011.712
36 39 7407.636
36 40 3030.974
36 41 8344.758
36 42 1783.419
36 43 5072.519
36 44 6029.770
36 45 6134.310
36 46 4481.825
36 47 5594.704
36 48 6708.075
36 49 7429.290
36 50 9801.085
36 51 1118.102
36 52 1638.280
36 53 3618.606
36 54 2222.291
36 55 6798.209
36 56 4108.799
36 57 5897.388
36 58 815.864
36 59 5947.787
36 60 3570.648
36 61 3015.187
36 62 5816.005
36 63 6011.337
36 64 6197.754
36 65 1349.536
36 66 961.750
36 67 5420.057
36 68 5614.271
36 69 7719.432
36 70 8707.608
36 71 8320.753
36 72 5671.854
36 73 4758.797
36 74 4887.212
36 75 5033.089
36 76 2633.797
36 77 4637.224
36 78 7815.856
36 79 6760.361
36 80 2384.528
36 81 5519.863
36 82 1170.498
36 83 5117.608
36 84 6280.014
36 85 4137.773
36 86 9324.127
36 87 6725.774
36 88 941.743
36 89 1687.535
36 90 4161.965
36 91 2622.260
36 92 6909.452
36 93 7187.156
36 94 3696.124
36 95 8475.122
36 96 5655.764
36 97 5225.762
36 98 3117.980
36 99 2964.381
36 100 3441.998
37 0 760.226
37 1 2709.695
37 2 2452.584
37 3 2579.627
37 4 4411.557
37 5 4038.537
37 6 3848.274
37 7 3081.523
37 8 5004.850
37 9 5824.636
37 10 4543.524
37 11 4929.484
37 12 3657.085
37 13 6784.561
37 14 5021.956
37 15 4687.106
37 16 4025.542
37 17 3058.170
37 18 4159.810
37 19 2385.508
37 20 4949.230
37 21 2530.375
37 22 3224.583
37 23 1909.451
37 24 2610.183
37 25 3372.458
37 26 581.299
37 27 1287.248
37 28 5432.433
37 29 861.456
37 30 1530.186
37 31 6164.771
37 32 4425.234
37 33 1296.732
37 34 5324.749
37 35 4516.572
37 36 4629.478
37 37 0.000
37 38 4384.480
37 39 3724.348
37 40 2552.275
37 41 3737.415
37 42 4134.323
37 43 4063.321
37 44 1924.688
37 45 1720.305
37 46 2118.031
37 47 2228.057
37 48 6697.396
37 49 3398.103
37 50 5307.665
37 51 5743.529
37 52 3071.533
37 53 1674.578
37 54 2493.391
37 55 5780.950
37 56 806.337
37 57 6003.223
37 58 5394.971
37 59 6548.572
37 60 1888.932
37 61 3623.607
37 62 1288.126
37 63 2640.296
37 64 1945.855
37 65 5714.118
37 66 5461.386
37 67 1637.439
37 68 4906.512
37 69 4578.402
37 70 4750.983
37 71 3780.830
37 72 1718.700
37 73 1282.502
37 74 2923.368
37 75 2027.298
37 76 2401.622
37 77 4549.109
37 78 3237.850
37 79 7078.578
37 80 5428.349
37 81 2889.387
37 82 5095.243
37 83 6244.548
37 84 2297.195
37 85 1468.259
37 86 5201.223
37 87 2939.446
37 88 4040.315
37 89 5178.554
37 90 1875.810
37 91 4195.447
37 92 4827.190
37 93 2924.361
37 94 944.249
37 95 3845.659
37 96 1060.792
37 97 3568.973
37 98 7112.185
37 99 4659.516
37 100 5083.136
38 0 5081.381
38 1 3580.622
38 2 2815.127
38 3 6771.242
38 4 2102.943
38 5 3696.317
38 6 7941.145
38 7 7349.314
38 8 7264.098
38 9 2927.644
38 10 8889.118
38 11 4752.912
38 12 7889.944
38 13 10921.103
38 14 9298.247
38 15 1348.892
38 16 6198.122
38 17 6871.348
38 18 5327.583
38 19 2921.307
38 20 2431.442
38 21 5889.022
38 22 2347.107
38 23 6277.458
38 24 4302.355
38 25 4978.413
38 26 4340.900
38 27 5633.058
38 28 9384.641
38 29 3833.718
38 30 4807.344
38 31 8540.786
38 32 8782.230
38 33 3780.503
38 34 8378.595
38 35 8352.146
38 36 9011.712
38 37 4384.480
38 38 0.000
38 39 3972.284
38 40 6548.200
38 41 1007.350
38 42 8389.174
38 43 6985.231
38 44 3591.149
38 45 3167.418
38 46 5332.465
38 47 4516.089
38 48 9310.420
38 49 3270.232
38 50 2029.082
38 51 10127.154
38 52 7448.730
38 53 5666.896
38 54 6863.181
38 55 7940.249
38 56 5002.029
38 57 8881.294
38 58 9767.081
38 59 9578.177
38 60 5908.494
38 61 7574.753
38 62 3241.416
38 63 4230.569
38 64 3163.566
38 65 10048.551
38 66 9842.661
38 67 4186.397
38 68 7639.233
38 69 5055.142
38 70 3602.140
38 71 1497.854
38 72 3771.737
38 73 4557.870
38 74 5886.433
38 75 4932.144
38 76 6616.316
38 77 7809.155
38 78 1548.890
38 79 9814.341
38 80 9612.316
38 81 5296.414
38 82 9442.879
38 83 9621.886
38 84 3425.850
38 85 5195.394
38 86 3334.544
38 87 3544.212
38 88 8376.358
38 89 9399.214
38 90 5533.535
38 91 8144.281
38 92 6447.208
38 93 2821.010
38 94 5325.508
38 95 574.482
38 96 3397.455
38 97 6310.284
38 98 11306.716
38 99 8505.072
38 100 8790.129
39 0 3885.249
39 1 1031.258
39 2 4612.680
39 3 4676.482
39 4 2228.618
39 5 519.812
39 6 7358.415
39 7 6450.346
39 8 3425.549
39 9 3125.003
39 10 7581.154
39 11 1226.578
39 12 5639.656
39 13 10108.714
39 14 6964.789
39 15 3100.725
39 16 2467.611
39 17 4210.910
39 18 1377.818
39 19 1677.510
39 20 2447.402
39 21 3124.328
39 22 1664.997
39 23 4803.505
39 24 1313.803
39 25 1320.191
39 26 3201.659
39 27 4759.739
39 28 8969.335
39 29 4017.366
39 30 2703.432
39 31 4658.468
39 32 6805.437
39 33 2431.413
39 34 4795.348
39 35 5415.965
39 36 7407.636
39 37 3724.348
39 38 3972.284
39 39 0.000
39 40 6202.328
39 41 2977.624
39 42 6112.505
39 43 3519.418
39 44 1811.629
39 45 2217.884
39 46 5781.125
39 47 1822.927
39 48 5465.102
39 49 719.306
39 50 3196.507
39 51 8395.525
39 52 5800.564
39 53 5376.238
39 54 5263.933
39 55 4030.289
39 56 3653.307
39 57 5163.331
39 58 8222.781
39 59 5888.573
39 60 3842.400
39 61 4915.883
39 62 3751.237
39 63 5716.000
39 64 4445.213
39 65 8708.471
39 66 7966.631
39 67 2175.111
39 68 3962.353
39 69 1147.358
39 70 1340.076
39 71 2481.035
39 72 4739.667
39 73 4855.159
39 74 2780.323
39 75 2375.727
39 76 5912.375
39 77 4433.299
39 78 2541.360
39 79 5989.623
39 80 7031.305
39 81 2047.077
39 82 7346.983
39 83 6134.737
39 84 4962.154
39 85 5186.495
39 86 2040.595
39 87 5527.938
39 88 7156.973
39 89 8463.400
39 90 3246.140
39 91 7783.869
39 92 2502.396
39 93 1332.757
39 94 4234.814
39 95 3508.858
39 96 2978.587
39 97 2886.095
39 98 10345.939
39 99 8279.623
39 100 8741.166
40 0 2341.239
40 1 5219.109
40 2 3933.612
40 3 2870.593
40 4 6926.304
40 5 6557.418
40 6 1393.191
40 7 1083.484
40 8 6625.035
40 9 8345.422
40 10 2633.396
40 11 7368.994
40 12 3352.329
40 13 4373.735
40 14 4235.815
40 15 7102.858
40 16 5878.073
40 17 3843.534
40 18 6384.161
40 19 4937.329
40 20 7472.692
40 21 4057.384
40 22 5761.091
40 23 1941.653
40 24 4977.269
40 25 5597.488
40 26 3010.158
40 27 1472.796
40 28 2903.694
40 29 2752.955
40 30 3627.036
40 31 7541.269
40 32 3361.175
40 33 3821.803
40 34 6329.946
40 35 4805.960
40 36 3030.974
40 37 2552.275
40 38 6548.200
40 39 6202.328
40 40 0.000
40 41 6095.647
40 42 3614.867
40 43 5441.568
40 44 4446.466
40 45 4270.474
40 46 1473.281
40 47 4510.314
40 48 7847.235
40 49 5937.464
40 50 7771.081
40 51 4069.558
40 52 2211.977
40 53 909.444
40 54 2045.152
40 55 7339.248
40 56 2585.460
40 57 7045.129
40 58 3584.411
40 59 7388.917
40 60 2984.238
40 61 3977.271
40 62 3335.976
40 63 3015.668
40 64 3458.510
40 65 3678.589
40 66 3992.196
40 67 4033.092
40 68 6241.670
40 69 6927.647
40 70 7293.493
40 71 6234.625
40 72 2867.262
40 73 1997.950
40 74 4608.194
40 75 4101.830
40 76 585.956
40 77 5522.343
40 78 5664.056
40 79 8093.692
40 80 4853.236
40 81 4912.264
40 82 3976.086
40 83 6793.071
40 84 3413.092
40 85 1352.993
40 86 7753.447
40 87 3770.071
40 88 2139.996
40 89 2879.686
40 90 3453.299
40 91 1654.150
40 92 6788.422
40 93 5476.557
40 94 2002.827
40 95 6077.205
40 96 3561.883
40 97 5204.475
40 98 4761.912
40 99 2107.289
40 100 2541.666
41 0 4372.600
41 1 2582.716
41 2 2749.150
41 3 5968.102
41 4 1359.509
41 5 2732.491
41 6 7473.745
41 7 6794.938
41 8 6257.651
41 9 2559.570
41 10 8280.920
41 11 3824.679
41 12 7084.051
41 13 10451.841
41 14 8497.921
41 15 1037.730
41 16 5194.402
41 17 5983.315
41 18 4324.554
41 19 1960.739
41 20 1836.637
41 21 4966.916
41 22 1340.068
41 23 5570.399
41 24 3314.234
41 25 3972.981
41 26 3590.047
41 27 5020.940
41 28 8986.052
41 29 3343.248
41 30 3930.148
41 31 7533.646
41 32 8039.548
41 33 2935.688
41 34 7392.270
41 35 7445.084
41 36 8344.758
41 37 3737.415
41 38 1007.350
41 39 2977.624
41 40 6095.647
41 41 0.000
41 42 7586.753
41 43 6003.603
41 44 2660.915
41 45 2304.748
41 46 5031.496
41 47 3557.597
41 48 8304.809
41 49 2269.291
41 50 1774.357
41 51 9450.222
41 52 6742.581
41 53 5190.440
41 54 6151.042
41 55 6932.977
41 56 4259.216
41 57 7883.957
41 58 9123.473
41 59 8584.469
41 60 5084.403
41 61 6698.607
41 62 2768.744
41 63 4182.519
41 64 2943.027
41 65 9451.421
41 66 9133.723
41 67 3282.018
41 68 6642.588
41 69 4078.562
41 70 2747.995
41 71 554.871
41 72 3512.737
41 73 4165.827
41 74 4927.093
41 75 4004.537
41 76 6082.582
41 77 6841.778
41 78 582.680
41 79 8810.116
41 80 8772.773
41 81 4314.941
41 82 8687.192
41 83 8649.950
41 84 3329.368
41 85 4764.096
41 86 2625.893
41 87 3627.451
41 88 7777.183
41 89 8880.432
41 90 4662.942
41 91 7734.274
41 92 5442.324
41 93 1816.818
41 94 4651.776
41 95 550.463
41 96 2690.456
41 97 5327.305
41 98 10808.220
41 99 8135.752
41 100 8470.314
42 0 3378.287
42 1 5509.467
42 2 6524.281
42 3 1619.792
42 4 7817.317
42 5 6617.014
42 6 3426.363
42 7 2692.790
42 8 4551.078
42 9 9080.953
42 10 2332.641
42 11 6908.430
42 12 503.296
42 13 4828.924
42 14 911.177
42 15 8374.733
42 16 4392.410
42 17 1925.179
42 18 5489.204
42 19 5752.763
42 20 8258.359
42 21 2988.826
42 22 6639.587
42 23 2289.186
42 24 4857.378
42 25 4924.739
42 26 4054.293
42 27 3184.511
42 28 4519.931
42 29 4924.452
42 30 3709.606
42 31 4946.890
42 32 867.961
42 33 4652.524
42 34 3494.754
42 35 1579.835
42 36 1783.419
42 37 4134.323
42 38 8389.174
42 39 6112.505
42 40 3614.867
42 41 7586.753
42 42 0.000
42 43 3365.882
42 44 5030.117
42 45 5284.882
42 46 4815.799
42 47 4385.035
42 48 4941.539
42 49 6270.269
42 50 8836.059
42 51 2429.496
42 52 1407.514
42 53 3795.725
42 54 1777.865
42 55 5027.367
42 56 3408.487
42 57 4125.344
42 58 2458.210
42 59 4223.797
42 60 2505.664
42 61 1315.712
42 62 5420.867
42 63 6196.272
42 64 5997.147
42 65 3078.124
42 66 1937.390
42 67 4386.102
42 68 3848.431
42 69 6240.560
42 70 7448.715
42 71 7452.646
42 72 5587.944
42 73 4738.371
42 74 3401.406
42 75 3819.965
42 76 3048.496
42 77 2861.241
42 78 7018.574
42 79 5023.728
42 80 1322.719
42 81 4103.232
42 82 1244.775
42 83 3446.394
42 84 6221.736
42 85 4244.690
42 86 8118.553
42 87 6781.408
42 88 2277.578
42 89 3429.453
42 90 2994.938
42 91 3956.274
42 92 5251.632
42 93 6160.082
42 94 3230.457
42 95 7822.680
42 96 5005.217
42 97 3617.538
42 98 4861.504
42 99 4407.385
42 100 4934.610
43 0 3545.816
43 1 3436.486
43 2 6277.523
43 3 2687.441
43 4 5667.846
43 5 4028.922
43 6 6024.651
43 7 5061.162
43 8 1243.779
43 9 6639.519
43 10 5498.677
43 11 3912.838
43 12 3046.987
43 13 8105.108
43 14 4010.182
43 15 6456.418
43 16 1171.406
43 17 1705.084
43 18 2433.547
43 19 4067.774
43 20 5955.744
43 21 1539.739
43 22 4729.058
43 23 3503.709
43 24 2691.040
43 25 2203.667
43 26 3569.451
43 27 4142.999
43 28 7471.822
43 29 4869.312
43 30 2614.225
43 31 2139.476
43 32 4220.361
43 33 3530.172
43 34 1399.849
43 35 2124.680
43 36 5072.519
43 37 4063.321
43 38 6985.231
43 39 3519.418
43 40 5441.568
43 41 6003.603
43 42 3365.882
43 43 0.000
43 44 3452.438
43 45 3986.008
43 46 5905.868
43 47 2497.391
43 48 2636.109
43 49 3986.288
43 50 6679.511
43 51 5791.042
43 52 3840.592
43 53 5009.151
43 54 3579.614
43 55 1901.561
43 56 3351.402
43 57 1990.074
43 58 5809.342
43 59 2629.959
43 60 2495.172
43 61 2062.827
43 62 5054.019
43 63 6703.557
43 64 5851.596
43 65 6411.589
43 66 5288.915
43 67 2981.286
43 68 846.863
43 69 3194.473
43 70 4788.652
43 71 5651.590
43 72 5762.362
43 73 5280.555
43 74 1194.443
43 75 2231.288
43 76 4910.030
43 77 916.678
43 78 5437.724
43 79 3041.675
43 80 3856.329
43 81 1689.094
43 82 4555.592
43 83 2659.212
43 84 6289.718
43 85 5172.161
43 86 5518.346
43 87 6945.044
43 88 5252.342
43 89 6572.064
43 90 2214.173
43 91 6560.575
43 92 1910.073
43 93 4214.355
43 94 3735.249
43 95 6428.838
43 96 4247.752
43 97 676.750
43 98 8189.785
43 99 7077.929
43 100 7614.631
44 0 2200.232
44 1 786.288
44 2 3115.409
44 3 3438.039
44 4 2808.239
44 5 2115.412
44 6 5671.171
44 7 4812.160
44 8 3971.080
44 9 4147.131
44 10 6097.085
44 11 3031.718
44 12 4528.289
44 13 8522.373
44 14 5935.343
44 15 3352.205
44 16 2876.168
44 17 3333.768
44 18 2516.219
44 19 726.814
44 20 3288.066
44 21 2306.167
44 22 1611.559
44 23 3276.963
44 24 960.696
44 25 1823.501
44 26 1439.941
44 27 3048.085
44 28 7277.667
44 29 2232.270
44 30 1320.535
44 31 5248.853
44 32 5579.446
44 33 628.454
44 34 4851.953
44 35 4784.804
44 36 6029.770
44 37 1924.688
44 38 3591.149
44 39 1811.629
44 40 4446.466
44 41 2660.915
44 42 5030.117
44 43 3452.438
44 44 0.000
44 45 580.894
44 46 3970.422
44 47 955.551
44 48 5943.281
44 49 1496.654
44 50 3812.913
44 51 7091.931
44 52 4391.503
44 53 3592.752
44 54 3811.462
44 55 4724.836
44 56 1996.439
44 57 5412.581
44 58 6839.382
44 59 6079.187
44 60 2539.345
44 61 4055.912
44 62 2057.202
44 63 4017.601
44 64 2828.274
44 65 7259.277
44 66 6718.834
44 67 644.740
44 68 4180.930
44 69 2765.940
44 70 2852.412
44 71 2440.181
44 72 3017.158
44 73 3048.704
44 74 2308.293
44 75 1344.398
44 76 4211.270
44 77 4235.138
44 78 2078.293
44 79 6412.569
44 80 6157.750
44 81 1798.721
44 82 6194.070
44 83 6050.965
44 84 3339.517
44 85 3378.639
44 86 3365.566
44 87 3959.073
44 88 5632.565
44 89 6883.830
44 90 2044.758
44 91 6063.232
44 92 3437.556
44 93 1157.710
44 94 2545.918
44 95 3021.171
44 96 1214.167
44 97 2792.544
44 98 8802.951
44 99 6545.035
44 100 6987.455
45 0 2184.734
45 1 1204.564
45 2 2543.525
45 3 3668.182
45 4 2723.383
45 5 2424.984
45 6 5562.722
45 7 4760.254
45 8 4547.564
45 9 4123.170
45 10 6139.680
45 11 3442.284
45 12 4781.816
45 13 8476.947
45 14 6195.854
45 15 3121.409
45 16 3453.955
45 17 3703.942
45 18 3069.441
45 19 669.387
45 20 3248.162
45 21 2741.000
45 22 1517.468
45 23 3349.799
45 24 1538.670
45 25 2398.622
45 26 1377.281
45 27 2961.252
45 28 7151.933
45 29 1815.338
45 30 1640.093
45 31 5822.666
45 32 5764.796
45 33 632.489
45 34 5381.864
45 35 5187.148
45 36 6134.310
45 37 1720.305
45 38 3167.418
45 39 2217.884
45 40 4270.474
45 41 2304.748
45 42 5284.882
45 43 3986.008
45 44 580.894
45 45 0.000
45 46 3621.549
45 47 1506.075
45 48 6508.003
45 49 1744.001
45 50 3670.357
45 51 7222.607
45 52 4506.634
45 53 3381.250
45 54 3915.767
45 55 5303.782
45 56 2026.967
45 57 5959.947
45 58 6931.845
45 59 6615.956
45 60 2780.581
45 61 4409.534
45 62 1541.907
45 63 3512.074
45 64 2281.730
45 65 7311.153
45 66 6879.656
45 67 1037.762
45 68 4735.083
45 69 3256.321
45 70 3070.444
45 71 2193.550
45 72 2525.377
45 73 2681.324
45 74 2817.386
45 75 1804.341
45 76 4108.260
45 77 4736.428
45 78 1733.695
45 79 6971.233
45 80 6469.441
45 81 2359.869
45 82 6402.553
45 83 6549.780
45 84 2797.566
45 85 3095.717
45 86 3484.989
45 87 3403.954
45 88 5654.984
45 89 6854.541
45 90 2368.534
45 91 5915.731
45 92 4014.678
45 93 1209.954
45 94 2506.367
45 95 2592.939
45 96 777.768
45 97 3337.103
45 98 8786.003
45 99 6377.567
45 100 6792.746
46 0 2379.753
46 1 4751.078
46 2 2582.447
46 3 3694.362
46 4 6045.612
46 5 6041.222
46 6 2772.868
46 7 2535.799
46 8 6971.794
46 9 7452.381
46 10 4106.319
46 11 7001.942
46 12 4463.199
46 13 5677.041
46 14 5541.411
46 15 6066.569
46 16 6062.663
46 17 4533.741
46 18 6277.119
46 19 4274.116
46 20 6601.813
46 21 4386.327
46 22 4974.673
46 23 2706.660
46 24 4724.676
46 25 5488.193
46 26 2696.269
46 27 1831.959
46 28 4075.585
46 29 1829.350
46 30 3586.714
46 31 8045.046
46 32 4712.923
46 33 3361.828
46 34 7010.015
46 35 5760.899
46 36 4481.825
46 37 2118.031
46 38 5332.465
46 39 5781.125
46 40 1473.281
46 41 5031.496
46 42 4815.799
46 43 5905.868
46 44 3970.422
46 45 3621.549
46 46 0.000
46 47 4344.009
46 48 8478.559
46 49 5365.410
46 50 6780.619
46 51 5537.972
46 52 3428.106
46 53 1031.811
46 54 3070.078
46 55 7733.373
46 56 2601.706
46 57 7720.237
46 58 5057.199
46 59 8167.416
46 60 3440.922
46 61 4867.270
46 62 2309.828
46 63 1542.403
46 64 2169.824
46 65 5141.030
46 66 5439.000
46 67 3754.190
46 68 6748.153
46 69 6686.734
46 70 6682.420
46 71 5269.263
46 72 1560.794
46 73 942.690
46 74 4870.639
46 75 4094.657
46 76 1869.952
46 77 6198.175
46 78 4685.808
46 79 8797.061
46 80 6114.857
46 81 4960.883
46 82 5358.617
46 83 7692.511
46 84 2012.861
46 85 733.935
46 86 7030.903
46 87 2305.869
46 88 3609.503
46 89 4288.631
46 90 3712.474
46 91 2862.563
46 92 6904.779
46 93 4803.831
46 94 2171.634
46 95 4917.241
46 96 2844.911
46 97 5514.545
46 98 6104.711
46 99 3181.923
46 100 3459.634
47 0 2169.604
47 1 1135.226
47 2 3953.632
47 3 2879.889
47 4 3477.511
47 5 2287.255
47 6 5587.018
47 7 4657.891
47 8 3063.762
47 9 4697.398
47 10 5758.277
47 11 2888.916
47 12 3895.757
47 13 8291.731
47 14 5267.891
47 15 4143.748
47 16 1982.458
47 17 2558.170
47 18 1933.883
47 19 1597.914
47 20 3886.594
47 21 1470.326
47 22 2370.879
47 23 2988.800
47 24 509.241
47 25 1144.421
47 26 1647.904
47 27 3040.145
47 28 7193.746
47 29 2808.088
47 30 902.060
47 31 4328.384
47 32 5028.240
47 33 1175.623
47 34 3897.134
47 35 3940.201
47 36 5594.704
47 37 2228.057
47 38 4516.089
47 39 1822.927
47 40 4510.314
47 41 3557.597
47 42 4385.035
47 43 2497.391
47 44 955.551
47 45 1506.075
47 46 4344.009
47 47 0.000
47 48 5002.833
47 49 1885.240
47 50 4508.822
47 51 6601.325
47 52 3980.030
47 53 3752.832
47 54 3441.017
47 55 3831.126
47 56 1924.854
47 57 4458.594
47 58 6410.492
47 59 5123.636
47 60 2024.552
47 61 3286.429
47 62 2797.327
47 63 4678.883
47 64 3602.274
47 65 6888.010
47 66 6187.401
47 67 629.793
47 68 3229.963
47 69 2417.686
47 70 3113.834
47 71 3269.324
47 72 3676.410
47 73 3493.681
47 74 1370.735
47 75 569.114
47 76 4163.144
47 77 3293.875
47 78 2979.903
47 79 5465.248
47 80 5416.814
47 81 855.508
47 82 5598.692
47 83 5108.359
47 84 4092.757
47 85 3667.427
47 86 3750.310
47 87 4736.546
47 88 5335.439
47 89 6647.081
47 90 1435.883
47 91 6035.920
47 92 2659.986
47 93 1856.934
47 94 2508.767
47 95 3951.585
47 96 1930.568
47 97 1837.305
47 98 8523.893
47 99 6542.555
47 100 7024.380
48 0 6152.523
48 1 5740.522
48 2 8890.249
48 3 4979.135
48 4 7690.370
48 5 5895.347
48 6 8176.521
48 7 7272.377
48 8 2050.657
48 9 8357.352
48 10 7273.972
48 11 5305.014
48 12 4855.931
48 13 9709.733
48 14 5173.860
48 15 8564.379
48 16 3116.871
48 17 4008.318
48 18 4101.106
48 19 6467.937
48 20 7844.269
48 21 4168.313
48 22 6971.959
48 23 5922.596
48 24 5061.491
48 25 4332.008
48 26 6204.873
48 27 6672.210
48 28 9440.252
48 29 7505.146
48 30 5243.706
48 31 834.921
48 32 5770.404
48 33 6114.190
48 34 1523.471
48 35 3362.160
48 36 6708.075
48 37 6697.396
48 38 9310.420
48 39 5465.102
48 40 7847.235
48 41 8304.809
48 42 4941.539
48 43 2636.109
48 44 5943.281
48 45 6508.003
48 46 8478.559
48 47 5002.833
48 48 0.000
48 49 6096.101
48 50 8621.403
48 51 7078.368
48 52 5925.491
48 53 7534.987
48 54 5844.359
48 55 1486.580
48 56 5970.230
48 57 824.203
48 58 7281.676
48 59 984.835
48 60 5037.700
48 61 3957.688
48 62 7675.161
48 63 9336.919
48 64 8477.298
48 65 7920.799
48 66 6564.782
48 67 5552.652
48 68 1803.734
48 69 4659.364
48 70 6477.499
48 71 7875.592
48 72 8398.462
48 73 7900.009
48 74 3813.257
48 75 4832.964
48 76 7280.318
48 77 2324.916
48 78 7774.197
48 79 536.107
48 80 4694.446
48 81 4148.139
48 82 5820.010
48 83 1881.162
48 84 8922.307
48 85 7749.012
48 86 7184.428
48 87 9577.858
48 88 7174.348
48 89 8370.890
48 90 4835.729
48 91 8723.219
48 92 3009.714
48 93 6489.540
48 94 6311.654
48 95 8783.033
48 96 6850.815
48 97 3203.654
48 98 9670.197
48 99 9217.370
48 100 9757.356
49 0 3691.407
49 1 782.126
49 2 3978.436
49 3 4748.351
49 4 1682.778
49 5 696.059
49 6 7167.225
49 7 6300.543
49 8 4046.227
49 9 2813.881
49 10 7541.244
49 11 1804.490
49 12 5780.364
49 13 10003.178
49 14 7151.796
49 15 2490.540
49 16 3027.912
49 17 4426.122
49 18 2057.816
49 19 1110.481
49 20 2023.547
49 21 3328.068
49 22 946.307
49 23 4724.909
49 24 1431.911
49 25 1810.779
49 26 2935.945
49 27 4544.422
49 28 8774.218
49 29 3555.093
49 30 2657.430
49 31 5304.321
49 32 6902.388
49 33 2116.055
49 34 5321.775
49 35 5741.421
49 36 7429.290
49 37 3398.103
49 38 3270.232
49 39 719.306
49 40 5937.464
49 41 2269.291
49 42 6270.269
49 43 3986.288
49 44 1496.654
49 45 1744.001
49 46 5365.410
49 47 1885.240
49 48 6096.101
49 49 0.000
49 50 2704.097
49 51 8460.609
49 52 5797.034
49 53 5072.502
49 54 5232.417
49 55 4688.820
49 56 3479.621
49 57 5742.125
49 58 8244.133
49 59 6460.267
49 60 3869.914
49 61 5150.525
49 62 3216.298
49 63 5154.109
49 64 3856.505
49 65 8692.777
49 66 8058.578
49 67 2027.331
49 68 4516.970
49 69 1859.268
49 70 1356.506
49 71 1791.377
49 72 4204.910
49 73 4425.303
49 74 3089.202
49 75 2451.498
49 76 5707.617
49 77 4882.625
49 78 1822.125
49 79 6613.259
49 80 7282.575
49 81 2374.443
49 82 7481.489
49 83 6638.354
49 84 4368.523
49 85 4823.891
49 86 1897.741
49 87 4906.728
49 88 7090.185
49 89 8361.132
49 90 3302.941
49 91 7559.225
49 92 3179.888
49 93 655.784
49 94 4038.960
49 95 2794.802
49 96 2521.488
49 97 3322.449
49 98 10271.991
49 99 8039.114
49 100 8476.512
50 0 5852.152
50 1 3377.673
50 2 4514.392
50 3 7250.888
50 4 1032.420
50 5 2730.665
50 6 9128.010
50 7 8388.901
50 8 6603.334
50 9 902.320
50 10 9807.025
50 11 3473.137
50 12 8335.818
50 13 12087.612
50 14 9736.835
50 15 753.718
50 16 5663.341
50 17 7065.223
50 18 4524.431
50 19 3103.034
50 20 785.656
50 21 5978.542
50 22 2202.010
50 23 7018.724
50 24 4109.074
50 25 4481.841
50 26 5045.103
50 27 6589.984
50 28 10673.735
50 29 5039.288
50 30 5129.873
50 31 7799.317
50 32 9389.883
50 33 4276.547
50 34 7987.379
50 35 8428.838
50 36 9801.085
50 37 5307.665
50 38 2029.082
50 39 3196.507
50 40 7771.081
50 41 1774.357
50 42 8836.059
50 43 6679.511
50 44 3812.913
50 45 3670.357
50 46 6780.619
50 47 4508.822
50 48 8621.403
50 49 2704.097
50 50 0.000
50 51 10882.127
50 52 8168.570
50 53 6861.645
50 54 7579.727
50 55 7155.706
50 56 5696.922
50 57 8356.823
50 58 10601.159
50 59 9083.175
50 60 6352.247
50 61 7793.940
50 62 4487.641
50 63 5952.338
50 64 4716.352
50 65 10979.271
50 66 10523.299
50 67 4453.384
50 68 7158.661
50 69 4001.437
50 70 2214.148
50 71 1536.536
50 72 5279.877
50 73 5892.277
50 74 5784.735
50 75 5049.019
50 76 7702.234
50 77 7582.127
50 78 2110.508
50 79 9152.246
50 80 9921.479
50 81 5077.076
50 82 10006.981
50 83 9319.661
50 84 5101.128
50 85 6465.756
50 86 1645.760
50 87 5368.900
50 88 9317.880
50 89 10486.189
50 90 5841.728
50 91 9421.923
50 92 5616.464
50 93 2677.140
50 94 6165.165
50 95 2077.783
50 96 4248.452
50 97 6021.770
50 98 12419.845
50 99 9842.410
50 100 10197.368
51 0 5077.673
51 1 7680.884
51 2 7825.465
51 3 3722.142
51 4 9896.213
51 5 8882.269
51 6 3031.904
51 7 3005.936
51 8 6956.390
51 9 11231.551
51 10 1452.971
51 11 9273.593
51 12 2819.632
51 13 2725.126
51 14 1908.869
51 15 10340.306
51 16 6818.237
51 17 4312.101
51 18 7885.360
51 19 7783.054
51 20 10378.993
51 21 5313.213
51 22 8687.310
51 23 3881.887
51 24 7099.275
51 25 7277.996
51 26 5868.545
51 27 4508.783
51 28 3172.489
51 29 6359.505
51 30 5810.652
51 31 7224.096
51 32 1611.919
51 33 6606.602
51 34 5754.757
51 35 3848.074
51 36 1118.102
51 37 5743.529
51 38 10127.154
51 39 8395.525
51 40 4069.558
51 41 9450.222
51 42 2429.496
51 43 5791.042
51 44 7091.931
51 45 7222.607
51 46 5537.972
51 47 6601.325
51 48 7078.368
51 49 8460.609
51 50 10882.127
51 51 0.000
51 52 2716.032
51 53 4713.615
51 54 3307.477
51 55 7381.519
51 56 5202.449
51 57 6302.268
51 58 543.463
51 59 6225.368
51 60 4590.704
51 61 3744.822
51 62 6934.106
51 63 7076.867
51 64 7308.973
51 65 1000.134
51 66 517.931
51 67 6470.963
51 68 6222.906
51 69 8625.173
51 70 9712.556
51 71 9413.587
51 72 6776.063
51 73 5862.605
51 74 5776.894
51 75 6033.914
51 76 3718.953
51 77 5221.238
51 78 8916.244
51 79 7047.603
51 80 2422.625
51 81 6448.143
51 82 1274.137
51 83 5333.710
51 84 7378.688
51 85 5234.119
51 86 10347.842
51 87 7807.367
51 88 1929.569
51 89 1959.729
51 90 5165.929
51 91 3346.513
51 92 7681.097
51 93 8249.263
51 94 4807.038
51 95 9588.615
51 96 6763.746
51 97 6039.493
51 98 2605.580
51 99 3560.961
51 100 3949.122
52 0 2373.331
52 1 5014.909
52 2 5322.726
52 3 1219.319
52 4 7188.454
52 5 6265.275
52 6 2251.789
52 7 1371.187
52 8 5084.318
52 9 8538.037
52 10 1796.521
52 11 6779.634
52 12 1162.579
52 13 4398.029
52 14 2123.978
52 15 7624.558
52 16 4620.001
52 17 2137.796
52 18 5494.256
52 19 5073.104
52 20 7679.107
52 21 2871.760
52 22 5977.311
52 23 1173.561
52 24 4487.825
52 25 4800.147
52 26 3155.346
52 27 1927.700
52 28 3631.510
52 29 3767.287
52 30 3140.066
52 31 5763.912
52 32 1376.852
52 33 3892.124
52 34 4408.555
52 35 2681.954
52 36 1638.280
52 37 3071.533
52 38 7448.730
52 39 5800.564
52 40 2211.977
52 41 6742.581
52 42 1407.514
52 43 3840.592
52 44 4391.503
52 45 4506.634
52 46 3428.106
52 47 3980.030
52 48 5925.491
52 49 5797.034
52 50 8168.570
52 51 2716.032
52 52 0.000
52 53 2423.223
52 54 592.095
52 55 5698.846
52 56 2487.778
52 57 5102.947
52 58 2449.653
52 59 5343.332
52 60 1958.945
52 61 1968.605
52 62 4314.364
52 63 4853.113
52 64 4794.443
52 65 2908.034
52 66 2395.040
52 67 3783.067
52 68 4524.139
52 69 6185.087
52 70 7086.911
52 71 6697.668
52 72 4329.054
52 73 3442.606
52 74 3410.014
52 75 3425.863
52 76 1641.411
52 77 3647.293
52 78 6203.491
52 79 6098.847
52 80 2687.316
52 81 3982.010
52 82 2052.799
52 83 4666.286
52 84 4959.493
52 85 2898.635
52 86 7693.596
52 87 5482.235
52 88 1442.488
52 89 2787.893
52 90 2559.148
52 91 2798.476
52 92 5544.920
52 93 5548.938
52 94 2127.285
52 95 6900.858
52 96 4063.945
52 97 3845.181
52 98 4578.215
52 99 3298.252
52 100 3839.160
53 0 1612.096
53 1 4374.095
53 2 3133.661
53 3 2677.348
53 4 6019.940
53 5 5708.164
53 6 2285.144
53 7 1739.262
53 8 6129.975
53 9 7439.429
53 10 3335.314
53 11 6564.587
53 12 3433.523
53 13 5267.164
53 14 4545.986
53 15 6194.775
53 16 5290.471
53 17 3552.320
53 18 5667.000
53 19 4050.112
53 20 6567.553
53 21 3529.184
53 22 4860.796
53 23 1685.490
53 24 4194.283
53 25 4873.555
53 26 2175.176
53 27 866.724
53 28 3812.882
53 29 1850.829
53 30 2905.209
53 31 7144.478
53 32 3745.570
53 33 2964.506
53 34 6046.524
53 35 4736.275
53 36 3618.606
53 37 1674.578
53 38 5666.896
53 39 5376.238
53 40 909.444
53 41 5190.440
53 42 3795.725
53 43 5009.151
53 44 3592.752
53 45 3381.250
53 46 1031.811
53 47 3752.832
53 48 7534.987
53 49 5072.502
53 50 6861.645
53 51 4713.615
53 52 2423.223
53 53 0.000
53 54 2039.936
53 55 6875.065
53 56 1857.489
53 57 6760.777
53 58 4270.481
53 59 7181.089
53 60 2515.499
53 61 3847.976
53 62 2438.518
53 63 2439.642
53 64 2633.240
53 65 4449.618
53 66 4557.051
53 67 3229.565
53 68 5840.811
53 69 6162.984
53 70 6425.532
53 71 5325.183
53 72 2071.258
53 73 1162.766
53 74 4049.729
53 75 3403.075
53 76 1000.592
53 77 5232.234
53 78 4754.884
53 79 7832.376
53 80 5103.017
53 81 4249.582
53 82 4405.705
53 83 6679.756
53 84 2665.306
53 85 520.669
53 86 6866.223
53 87 3114.656
53 88 2819.912
53 89 3733.886
53 90 2874.840
53 91 2562.337
53 92 6172.907
53 93 4590.476
53 94 1319.754
53 95 5184.916
53 96 2659.207
53 97 4678.620
53 98 5641.267
53 99 3003.493
53 100 3411.711
54 0 1784.028
54 1 4450.809
54 2 4792.810
54 3 894.339
54 4 6602.972
54 5 5718.573
54 6 2448.860
54 7 1481.564
54 8 4812.437
54 9 7958.564
54 10 2317.963
54 11 6276.588
54 12 1393.619
54 13 4871.836
54 14 2597.625
54 15 7032.853
54 16 4245.778
54 17 1892.319
54 18 5036.728
54 19 4487.072
54 20 7097.210
54 21 2440.611
54 22 5390.939
54 23 585.812
54 24 3950.216
54 25 4316.240
54 26 2563.292
54 27 1414.285
54 28 3954.267
54 29 3216.346
54 30 2580.717
54 31 5601.620
54 32 1933.228
54 33 3303.229
54 34 4321.292
54 35 2766.906
54 36 2222.291
54 37 2493.391
54 38 6863.181
54 39 5263.933
54 40 2045.152
54 41 6151.042
54 42 1777.865
54 43 3579.614
54 44 3811.462
54 45 3915.767
54 46 3070.078
54 47 3441.017
54 48 5844.359
54 49 5232.417
54 50 7579.727
54 51 3307.477
54 52 592.095
54 53 2039.936
54 54 0.000
54 55 5472.569
54 56 1895.696
54 57 5032.181
54 58 3028.545
54 59 5348.994
54 60 1444.457
54 61 1933.644
54 62 3750.560
54 63 4419.221
54 64 4263.918
54 65 3460.542
54 66 2984.376
54 67 3211.102
54 68 4324.123
54 69 5704.377
54 70 6535.111
54 71 6106.116
54 72 3825.992
54 73 2963.439
54 74 2997.094
54 75 2898.155
54 76 1461.242
54 77 3525.758
54 78 5611.413
54 79 6066.787
54 80 3099.118
54 81 3513.141
54 82 2605.931
54 83 4750.079
54 84 4459.535
54 85 2470.581
54 86 7130.110
54 87 5007.845
54 88 1902.525
54 89 3235.958
54 90 2045.440
54 91 2981.553
54 92 5176.523
54 93 4967.898
54 94 1550.675
54 95 6313.320
54 96 3474.625
54 97 3491.601
54 98 5085.458
54 99 3500.127
54 100 4035.603
55 0 5354.439
55 1 4412.520
55 2 7783.519
55 3 4578.433
55 4 6243.211
55 5 4439.020
55 6 7910.566
55 7 6952.878
55 8 778.746
55 9 6873.128
55 10 7281.137
55 11 3818.435
55 12 4797.114
55 13 9849.226
55 14 5499.195
55 15 7129.269
55 16 1851.271
55 17 3584.400
55 18 2654.128
55 19 5172.422
55 20 6375.281
55 21 3351.286
55 22 5593.228
55 23 5403.940
55 24 3791.514
55 25 2991.374
55 26 5238.264
55 27 6012.860
55 28 9325.086
55 29 6524.817
55 30 4259.420
55 31 651.849
55 32 5895.049
55 33 4995.357
55 34 1715.164
55 35 3535.532
55 36 6798.209
55 37 5780.950
55 38 7940.249
55 39 4030.289
55 40 7339.248
55 41 6932.977
55 42 5027.367
55 43 1901.561
55 44 4724.836
55 45 5303.782
55 46 7733.373
55 47 3831.126
55 48 1486.580
55 49 4688.820
55 50 7155.706
55 51 7381.519
55 52 5698.846
55 53 6875.065
55 54 5472.569
55 55 0.000
55 56 5140.040
55 57 1534.660
55 58 7480.138
55 59 2193.446
55 60 4374.543
55 61 3808.744
55 62 6606.563
55 63 8398.122
55 64 7415.086
55 65 8104.921
55 66 6865.233
55 67 4431.640
55 68 1187.124
55 69 3177.298
55 70 4996.885
55 71 6479.083
55 72 7419.326
55 73 7042.846
55 74 2870.049
55 75 3788.948
55 76 6811.109
55 77 2167.720
55 78 6423.747
55 79 2022.674
55 80 5169.455
55 81 2991.384
55 82 6110.057
55 83 2845.731
55 84 7890.533
55 85 7000.640
55 86 5700.262
55 87 8542.069
55 88 7079.458
55 89 8371.954
55 90 4021.515
55 91 8449.687
55 92 1539.929
55 93 5131.561
55 94 5577.439
55 95 7430.518
55 96 5749.887
55 97 2222.298
55 98 9887.700
55 99 8964.788
55 100 9503.163
56 0 247.005
56 1 2718.132
56 2 3254.512
56 3 1814.316
56 4 4736.399
56 5 4046.591
56 6 3707.240
56 7 2821.282
56 8 4373.967
56 9 6115.546
56 10 4121.448
56 11 4794.016
56 12 2918.095
56 13 6526.436
56 14 4310.709
56 15 5138.327
56 16 3466.911
56 17 2253.026
56 18 3815.803
56 19 2625.397
56 20 5245.772
56 21 1812.823
56 22 3523.243
56 23 1323.457
56 24 2396.815
56 25 3024.066
56 26 669.173
56 27 1116.723
56 28 5318.309
56 29 1667.401
56 30 1050.650
56 31 5479.768
56 32 3785.921
56 33 1431.895
56 34 4563.296
56 35 3711.437
56 36 4108.799
56 37 806.337
56 38 5002.029
56 39 3653.307
56 40 2585.460
56 41 4259.216
56 42 3408.487
56 43 3351.402
56 44 1996.439
56 45 2026.967
56 46 2601.706
56 47 1924.854
56 48 5970.230
56 49 3479.621
56 50 5696.922
56 51 5202.449
56 52 2487.778
56 53 1857.489
56 54 1895.696
56 55 5140.040
56 56 0.000
56 57 5253.051
56 58 4904.909
56 59 5776.177
56 60 1082.616
56 61 2821.610
56 62 2064.289
56 63 3384.945
56 64 2751.445
56 65 5290.596
56 66 4874.924
56 67 1480.884
56 68 4198.265
56 69 4342.292
56 70 4825.541
56 71 4212.312
56 72 2506.606
56 73 1930.242
56 74 2271.794
56 75 1545.591
56 76 2259.288
56 77 3775.286
56 78 3716.072
56 79 6332.009
56 80 4678.518
56 81 2395.792
56 82 4442.156
56 83 5446.855
56 84 3098.575
56 85 1875.089
56 86 5361.419
56 87 3735.595
56 88 3645.945
56 89 4887.391
56 90 1137.249
56 91 4132.098
56 92 4329.372
56 93 3130.874
56 94 585.717
56 95 4443.158
56 96 1605.106
56 97 2918.131
56 98 6807.711
56 99 4631.930
56 100 5105.295
57 0 5423.330
57 1 5301.503
57 2 8264.391
57 3 4174.680
57 4 7387.037
57 5 5630.073
57 6 7353.486
57 7 6452.635
57 8 1783.320
57 9 8175.583
57 10 6456.695
57 11 5188.088
57 12 4032.066
57 13 8910.809
57 14 4393.760
57 15 8231.727
57 16 2714.224
57 17 3217.041
57 18 3851.617
57 19 5989.135
57 20 7594.477
57 21 3477.249
57 22 6570.709
57 23 5129.815
57 24 4585.135
57 25 3936.980
57 26 5535.544
57 27 5902.363
57 28 8617.859
57 29 6829.457
57 30 4595.697
57 31 1046.669
57 32 4960.970
57 33 5519.277
57 34 716.319
57 35 2545.549
57 36 5897.388
57 37 6003.223
57 38 8881.294
57 39 5163.331
57 40 7045.129
57 41 7883.957
57 42 4125.344
57 43 1990.074
57 44 5412.581
57 45 5959.947
57 46 7720.237
57 47 4458.594
57 48 824.203
57 49 5742.125
57 50 8356.823
57 51 6302.268
57 52 5102.947
57 53 6760.777
57 54 5032.181
57 55 1534.660
57 56 5253.051
57 57 0.000
57 58 6486.980
57 59 728.451
57 60 4283.166
57 61 3136.067
57 62 7037.994
57 63 8634.594
57 64 7831.529
57 65 7125.400
57 66 5786.292
57 67 4967.484
57 68 1242.322
57 69 4498.519
57 70 6284.773
57 71 7488.534
57 72 7716.443
57 73 7176.553
57 74 3184.387
57 75 4221.245
57 76 6474.629
57 77 1530.047
57 78 7333.866
57 79 1079.989
57 80 3947.612
57 81 3618.472
57 82 5036.293
57 83 1324.977
57 84 8259.885
57 85 6994.747
57 86 7009.368
57 87 8914.036
57 88 6351.398
57 89 7554.577
57 90 4129.010
57 91 7900.148
57 92 2853.809
57 93 6070.220
57 94 5562.744
57 95 8337.534
57 96 6237.490
57 97 2622.846
57 98 8883.755
57 99 8393.605
57 100 8933.499
58 0 4761.474
58 1 7462.105
58 2 7398.046
58 3 3554.032
58 4 9630.330
58 5 8697.694
58 6 2498.082
58 7 2541.010
58 8 7007.471
58 9 10986.456
58 10 951.065
58 11 9150.445
58 12 2774.187
58 13 2431.460
58 14 2129.079
58 15 10036.913
58 16 6784.020
58 17 4246.843
58 18 7797.301
58 19 7514.338
58 20 10125.742
58 21 5190.527
58 22 8417.658
58 23 3582.434
58 24 6915.072
58 25 7155.241
58 26 5563.254
58 27 4134.369
58 28 2669.032
58 29 5968.637
58 30 5586.715
58 31 7368.596
58 32 1592.183
58 33 6327.087
58 34 5902.321
58 35 3975.834
58 36 815.864
58 37 5394.971
58 38 9767.081
58 39 8222.781
58 40 3584.411
58 41 9123.473
58 42 2458.210
58 43 5809.342
58 44 6839.382
58 45 6931.845
58 46 5057.199
58 47 6410.492
58 48 7281.676
58 49 8244.133
58 50 10601.159
58 51 543.463
58 52 2449.653
58 53 4270.481
58 54 3028.545
58 55 7480.138
58 56 4904.909
58 57 6486.980
58 58 0.000
58 59 6467.107
58 60 4386.505
58 61 3746.625
58 62 6550.777
58 63 6599.126
58 64 6887.364
58 65 639.268
58 66 829.606
58 67 6232.703
58 68 6304.801
58 69 8521.951
58 70 9523.467
58 71 9113.369
58 72 6340.592
58 73 5428.508
58 74 5683.063
58 75 5848.594
58 76 3270.350
58 77 5312.426
58 78 8601.468
58 79 7287.976
58 80 2722.454
58 81 6325.695
58 82 1483.628
58 83 5597.424
58 84 6933.428
58 85 4790.708
58 86 10139.388
58 87 7341.801
58 88 1454.675
58 89 1443.707
58 90 4977.427
58 91 2803.352
58 92 7670.681
58 93 7996.239
58 94 4471.752
58 95 9237.523
58 96 6433.018
58 97 5998.916
58 98 2409.600
58 99 3021.193
58 100 3419.207
59 0 5929.242
59 1 6002.047
59 2 8863.722
59 3 4533.820
59 4 8110.375
59 5 6357.445
59 6 7571.766
59 7 6712.009
59 8 2509.972
59 9 8903.776
59 10 6543.451
59 11 5910.534
59 12 4216.763
59 13 8898.228
59 14 4340.367
59 15 8950.659
59 16 3433.291
59 17 3633.703
59 18 4580.058
59 19 6674.982
59 20 8321.911
59 21 4048.694
59 22 7278.223
59 23 5515.904
59 24 5276.767
59 25 4652.063
59 26 6108.930
59 27 6336.986
59 28 8743.525
59 29 7390.031
59 30 5194.426
59 31 1613.225
59 32 5011.723
59 33 6150.461
59 34 1242.559
59 35 2679.071
59 36 5947.787
59 37 6548.572
59 38 9578.177
59 39 5888.573
59 40 7388.917
59 41 8584.469
59 42 4223.797
59 43 2629.959
59 44 6079.187
59 45 6615.956
59 46 8167.416
59 47 5123.636
59 48 984.835
59 49 6460.267
59 50 9083.175
59 51 6225.368
59 52 5343.332
59 53 7181.089
59 54 5348.994
59 55 2193.446
59 56 5776.177
59 57 728.451
59 58 6467.107
59 59 0.000
59 60 4760.801
59 61 3416.598
59 62 7632.248
59 63 9159.847
59 64 8415.949
59 65 7105.380
59 66 5718.572
59 67 5607.652
59 68 1946.408
59 69 5224.200
59 70 7012.958
59 71 8197.999
59 72 8267.148
59 73 7680.394
59 74 3812.407
59 75 4849.861
59 76 6808.450
59 77 2000.939
59 78 8029.538
59 79 822.306
59 80 3812.786
59 81 4295.809
59 82 4988.625
59 83 921.530
59 84 8828.141
59 85 7452.355
59 86 7737.170
59 87 9479.175
59 88 6495.099
59 89 7629.701
59 90 4675.171
59 91 8115.497
59 92 3575.622
59 93 6774.193
59 94 6037.918
59 95 9030.041
59 96 6852.979
59 97 3287.675
59 98 8829.002
59 99 8592.799
59 100 9128.274
60 0 1186.219
60 1 3090.402
60 2 4334.454
60 3 898.795
60 4 5343.682
60 5 4311.736
60 6 3779.014
60 7 2807.949
60 8 3645.988
60 9 6650.116
60 10 3747.612
60 11 4833.071
60 12 2002.375
60 13 6316.273
60 14 3416.107
60 15 5872.318
60 16 2915.650
60 17 1175.948
60 18 3605.064
60 19 3255.872
60 20 5806.930
60 21 1080.502
60 22 4150.747
60 23 1109.349
60 24 2530.811
60 25 2873.606
60 26 1627.939
60 27 1648.823
60 28 5345.244
60 29 2749.680
60 30 1227.921
60 31 4628.989
60 32 3046.058
60 33 2148.769
60 34 3576.841
60 35 2630.777
60 36 3570.648
60 37 1888.932
60 38 5908.494
60 39 3842.400
60 40 2984.238
60 41 5084.403
60 42 2505.664
60 43 2495.172
60 44 2539.345
60 45 2780.581
60 46 3440.922
60 47 2024.552
60 48 5037.700
60 49 3869.914
60 50 6352.247
60 51 4590.704
60 52 1958.945
60 53 2515.499
60 54 1444.457
60 55 4374.543
60 56 1082.616
60 57 4283.166
60 58 4386.505
60 59 4760.801
60 60 0.000
60 61 1749.206
60 62 3131.908
60 63 4416.183
60 64 3833.787
60 65 4866.286
60 66 4194.963
60 67 1900.877
60 68 3325.367
60 69 4261.586
60 70 5136.963
60 71 4948.626
60 72 3576.098
60 73 2923.259
60 74 1640.990
60 75 1467.040
60 76 2492.313
60 77 2770.142
60 78 4514.069
60 79 5361.924
60 80 3704.093
60 81 2079.755
60 82 3654.740
60 83 4382.910
60 84 4176.764
60 85 2712.543
60 86 5759.257
60 87 4808.699
60 88 3346.462
60 89 4679.664
60 90 602.305
60 91 4280.759
60 92 3839.700
60 93 3686.002
60 94 1280.410
60 95 5337.928
60 96 2566.914
60 97 2220.716
60 98 6524.241
60 99 4802.008
60 100 5320.376
61 0 2886.404
61 1 4421.103
61 2 6075.575
61 3 1173.148
61 4 6763.410
61 5 5430.168
61 6 4220.367
61 7 3317.985
61 8 3273.851
61 9 7960.648
61 10 3473.172
61 11 5638.273
61 12 992.938
61 13 6058.528
61 14 2070.042
61 15 7397.172
61 16 3078.083
61 17 728.771
61 18 4198.079
61 19 4780.680
61 20 7167.677
61 21 1822.653
61 22 5630.170
61 23 2162.558
61 24 3719.085
61 25 3676.573
61 26 3371.241
61 27 3051.265
61 28 5543.138
61 29 4478.733
61 30 2770.714
61 31 3815.679
61 32 2159.192
61 33 3795.277
61 34 2439.983
61 35 909.024
61 36 3015.187
61 37 3623.607
61 38 7574.753
61 39 4915.883
61 40 3977.271
61 41 6698.607
61 42 1315.712
61 43 2062.827
61 44 4055.912
61 45 4409.534
61 46 4867.270
61 47 3286.429
61 48 3957.688
61 49 5150.525
61 50 7793.940
61 51 3744.822
61 52 1968.605
61 53 3847.976
61 54 1933.644
61 55 3808.744
61 56 2821.610
61 57 3136.067
61 58 3746.625
61 59 3416.598
61 60 1749.206
61 61 0.000
61 62 4880.223
61 63 6042.493
61 64 5568.432
61 65 4349.857
61 66 3252.331
61 67 3419.975
61 68 2621.718
61 69 4956.887
61 70 6255.825
61 71 6494.228
61 72 5270.771
61 73 4534.867
61 74 2149.439
61 75 2748.349
61 76 3394.580
61 77 1691.144
61 78 6117.897
61 79 4147.060
61 80 2132.223
61 81 2874.584
61 82 2542.030
61 83 2836.200
61 84 5886.677
61 85 4187.563
61 86 6947.297
61 87 6503.507
61 88 3282.006
61 89 4563.253
61 90 2041.303
61 91 4767.068
61 92 3937.069
61 93 5127.416
61 94 2876.104
61 95 7000.578
61 96 4296.618
61 97 2307.147
61 98 6129.860
61 99 5265.042
61 100 5805.737
62 0 2048.004
62 1 2746.337
62 2 1233.127
62 3 3864.826
62 4 3736.210
62 5 3911.562
62 6 4722.830
62 7 4108.164
62 8 5830.890
62 9 5142.855
62 10 5657.700
62 11 4969.949
62 12 4945.095
62 13 7705.371
62 14 6304.760
62 15 3790.945
62 16 4770.137
62 17 4275.564
62 18 4570.915
62 19 2107.055
62 20 4292.451
62 21 3585.727
62 22 2695.243
62 23 3173.800
62 24 2991.760
62 25 3851.032
62 26 1545.722
62 27 2425.588
62 28 6218.309
62 29 592.474
62 30 2442.390
62 31 7064.726
62 32 5682.696
62 33 1621.733
62 34 6392.190
62 35 5759.798
62 36 5816.005
62 37 1288.126
62 38 3241.416
62 39 3751.237
62 40 3335.976
62 41 2768.744
62 42 5420.867
62 43 5054.019
62 44 2057.202
62 45 1541.907
62 46 2309.828
62 47 2797.327
62 48 7675.161
62 49 3216.298
62 50 4487.641
62 51 6934.106
62 52 4314.364
62 53 2438.518
62 54 3750.560
62 55 6606.563
62 56 2064.289
62 57 7037.994
62 58 6550.777
62 59 7632.248
62 60 3131.908
62 61 4880.223
62 62 0.000
62 63 1970.219
62 64 808.579
62 65 6811.753
62 66 6684.239
62 67 2178.596
62 68 5871.688
62 69 4797.185
62 70 4466.079
62 71 2964.959
62 72 990.371
62 73 1404.640
62 74 3863.829
62 75 2845.652
62 76 3375.064
62 77 5654.338
62 78 2382.278
62 79 8095.640
62 80 6716.474
62 81 3616.400
62 82 6356.384
62 83 7407.912
62 84 1297.034
62 85 1996.129
62 86 4753.628
62 87 1939.500
62 88 5142.851
62 89 6162.573
62 90 2996.731
62 91 4967.093
62 92 5441.998
62 93 2598.515
62 94 2205.372
62 95 2747.363
62 96 869.363
62 97 4476.012
62 98 8077.971
62 99 5367.488
62 100 5710.608
63 0 3234.085
63 1 4716.332
63 2 1441.354
63 3 4889.511
63 4 5397.747
63 5 5849.798
63 6 4286.188
63 7 4071.708
63 8 7619.681
63 9 6729.961
63 10 5648.392
63 11 6929.318
63 12 5797.359
63 13 7116.237
63 14 6976.872
63 15 5203.141
63 16 6602.661
63 17 5584.374
63 18 6519.750
63 19 4054.771
63 20 5940.408
63 21 5168.802
63 22 4524.216
63 23 3957.496
63 24 4930.743
63 25 5778.557
63 26 3160.891
63 27 3036.584
63 28 5465.008
63 29 1879.567
63 30 4139.994
63 31 8800.341
63 32 6185.211
63 33 3525.058
63 34 7947.925
63 35 6951.413
63 36 6011.337
63 37 2640.296
63 38 4230.569
63 39 5716.000
63 40 3015.668
63 41 4182.519
63 42 6196.272
63 43 6703.557
63 44 4017.601
63 45 3512.074
63 46 1542.403
63 47 4678.883
63 48 9336.919
63 49 5154.109
63 50 5952.338
63 51 7076.867
63 52 4853.113
63 53 2439.642
63 54 4419.221
63 55 8398.122
63 56 3384.945
63 57 8634.594
63 58 6599.126
63 59 9159.847
63 60 4416.183
63 61 6042.493
63 62 1970.219
63 63 0.000
63 64 1318.871
63 65 6677.970
63 66 6964.276
63 67 4049.095
63 68 7546.740
63 69 6767.143
63 70 6343.235
63 71 4550.010
63 72 1005.682
63 73 1507.743
63 74 5557.433
63 75 4612.373
63 76 3382.236
63 77 7159.341
63 78 3991.326
63 79 9712.197
63 80 7514.799
63 81 5446.557
63 82 6844.299
63 83 8794.876
63 84 855.901
63 85 1955.468
63 86 6539.973
63 87 805.070
63 88 5149.850
63 89 5799.823
63 90 4506.425
63 91 4310.971
63 92 7338.750
63 93 4516.177
63 94 3172.632
63 95 3925.692
63 96 2807.231
63 97 6199.634
63 98 7565.704
63 99 4556.518
63 100 4736.460
64 0 2687.645
64 1 3471.457
64 2 528.904
64 3 4499.727
64 4 4101.585
64 5 4550.301
64 6 4844.281
64 7 4370.619
64 8 6639.468
64 9 5459.135
64 10 5961.795
64 11 5645.939
64 12 5540.569
64 13 7804.966
64 14 6856.161
64 15 3978.628
64 16 5577.702
64 17 4998.331
64 18 5343.705
64 19 2770.711
64 20 4649.848
64 21 4367.277
64 22 3205.419
64 23 3712.031
64 24 3777.120
64 25 4639.807
64 26 2309.070
64 27 2866.822
64 28 6235.236
64 29 1091.286
64 30 3237.471
64 31 7872.191
64 32 6171.168
64 33 2426.956
64 34 7178.395
64 35 6462.425
64 36 6197.754
64 37 1945.855
64 38 3163.566
64 39 4445.213
64 40 3458.510
64 41 2943.027
64 42 5997.147
64 43 5851.596
64 44 2828.274
64 45 2281.730
64 46 2169.824
64 47 3602.274
64 48 8477.298
64 49 3856.505
64 50 4716.352
64 51 7308.973
64 52 4794.443
64 53 2633.240
64 54 4263.918
64 55 7415.086
64 56 2751.445
64 57 7831.529
64 58 6887.364
64 59 8415.949
64 60 3833.787
64 61 5568.432
64 62 808.579
64 63 1318.871
64 64 0.000
64 65 7082.858
64 66 7105.879
64 67 2986.113
64 68 6673.570
64 69 5526.799
64 70 5025.767
64 71 3266.058
64 72 609.632
64 73 1472.131
64 74 4664.382
64 75 3651.469
64 76 3629.024
64 77 6429.647
64 78 2696.046
64 79 8892.986
64 80 7311.193
64 81 4424.682
64 82 6846.992
64 83 8164.223
64 84 517.736
64 85 2123.660
64 86 5224.972
64 87 1135.973
64 88 5444.875
64 89 6337.646
64 90 3757.542
64 91 5004.913
64 92 6239.103
64 93 3211.528
64 94 2771.801
64 95 2766.768
64 96 1671.754
64 97 5280.904
64 98 8211.700
64 99 5348.196
64 100 5626.570
65 0 5127.222
65 1 7911.299
65 2 7580.106
65 3 4069.938
65 4 10026.967
65 5 9172.574
65 6 2431.749
65 7 2715.337
65 8 7619.183
65 9 11401.375
65 10 1172.824
65 11 9670.657
65 12 3366.521
65 13 1792.849
65 14 2766.040
65 15 10390.787
65 16 7361.381
65 17 4818.281
65 18 8342.984
65 19 7914.820
65 20 10534.241
65 21 5723.735
65 22 8813.837
65 23 3982.707
65 24 7395.858
65 25 7680.512
65 26 5934.554
65 27 4431.952
65 28 2222.402
65 29 6221.966
65 30 6040.391
65 31 8002.462
65 32 2210.168
65 33 6721.901
65 34 6537.379
65 35 4610.003
65 36 1349.536
65 37 5714.118
65 38 10048.551
65 39 8708.471
65 40 3678.589
65 41 9451.421
65 42 3078.124
65 43 6411.589
65 44 7259.277
65 45 7311.153
65 46 5141.030
65 47 6888.010
65 48 7920.799
65 49 8692.777
65 50 10979.271
65 51 1000.134
65 52 2908.034
65 53 4449.618
65 54 3460.542
65 55 8104.921
65 56 5290.596
65 57 7125.400
65 58 639.268
65 59 7105.380
65 60 4866.286
65 61 4349.857
65 62 6811.753
65 63 6677.970
65 64 7082.858
65 65 0.000
65 66 1428.215
65 67 6669.455
65 68 6926.510
65 69 9056.639
65 70 9992.652
65 71 9473.495
65 72 6513.761
65 73 5611.682
65 74 6231.739
65 75 6333.319
65 76 3457.443
65 77 5937.773
65 78 8945.952
65 79 7926.467
65 80 3348.095
65 81 6853.961
65 82 2119.027
65 83 6233.277
65 84 7083.424
65 85 4962.370
65 86 10590.511
65 87 7445.653
65 88 1675.114
65 89 1072.725
65 90 5464.980
65 91 2618.858
65 92 8257.478
65 93 8410.955
65 94 4817.520
65 95 9533.090
65 96 6767.699
65 97 6575.220
65 98 1783.550
65 99 2731.485
65 100 3057.232
66 0 4768.038
66 1 7282.094
66 2 7628.602
66 3 3310.287
66 4 9526.959
66 5 8459.463
66 6 3102.371
66 7 2909.749
66 8 6446.329
66 9 10845.025
66 10 1497.557
66 11 8817.557
66 12 2352.116
66 13 3202.452
66 14 1392.533
66 15 10001.053
66 16 6329.776
66 17 3841.832
66 18 7415.477
66 19 7420.400
66 20 9999.487
66 21 4865.327
66 22 8323.228
66 23 3568.404
66 24 6679.871
66 25 6824.749
66 26 5543.952
66 27 4264.346
66 28 3481.672
66 29 6121.166
66 30 5421.591
66 31 6706.192
66 32 1161.201
66 33 6256.459
66 34 5236.839
66 35 3331.018
66 36 961.750
66 37 5461.386
66 38 9842.661
66 39 7966.631
66 40 3992.196
66 41 9133.723
66 42 1937.390
66 43 5288.915
66 44 6718.834
66 45 6879.656
66 46 5439.000
66 47 6187.401
66 48 6564.782
66 49 8058.578
66 50 10523.299
66 51 517.931
66 52 2395.040
66 53 4557.051
66 54 2984.376
66 55 6865.233
66 56 4874.924
66 57 5786.292
66 58 829.606
66 59 5718.572
66 60 4194.963
66 61 3252.331
66 62 6684.239
66 63 6964.276
66 64 7105.879
66 65 1428.215
66 66 0.000
66 67 6089.422
66 68 5708.708
66 69 8160.820
66 70 9291.224
66 71 9073.206
66 72 6594.751
66 73 5683.994
66 74 5313.677
66 75 5618.487
66 76 3582.760
66 77 4706.520
66 78 8589.787
66 79 6540.873
66 80 1928.448
66 81 5996.582
66 82 756.346
66 83 4832.106
66 84 7209.619
66 85 5073.585
66 86 9937.643
66 87 7670.015
66 88 1890.135
66 89 2252.575
66 90 4756.326
66 91 3483.014
66 92 7184.429
66 93 7873.415
66 94 4518.038
66 95 9295.793
66 96 6458.733
66 97 5554.454
66 98 3110.581
66 99 3761.166
66 100 4192.084
67 0 1710.342
67 1 1250.802
67 2 3355.894
67 3 2798.633
67 4 3442.806
67 5 2567.761
67 6 5188.123
67 7 4294.202
67 8 3658.277
67 9 4760.631
67 10 5514.970
67 11 3338.483
67 12 3884.578
67 13 7983.228
67 14 5290.834
67 15 3996.456
67 16 2591.610
67 17 2701.692
67 18 2532.041
67 19 1370.710
67 20 3910.266
67 21 1705.939
67 22 2253.866
67 23 2697.582
67 24 974.134
67 25 1754.872
67 26 1068.834
67 27 2584.671
67 28 6799.193
67 29 2179.168
67 30 676.757
67 31 4907.050
67 32 4945.357
67 33 565.216
67 34 4368.461
67 35 4168.002
67 36 5420.057
67 37 1637.439
67 38 4186.397
67 39 2175.111
67 40 4033.092
67 41 3282.018
67 42 4386.102
67 43 2981.286
67 44 644.740
67 45 1037.762
67 46 3754.190
67 47 629.793
67 48 5552.652
67 49 2027.331
67 50 4453.384
67 51 6470.963
67 52 3783.067
67 53 3229.565
67 54 3211.102
67 55 4431.640
67 56 1480.884
67 57 4967.484
67 58 6232.703
67 59 5607.652
67 60 1900.877
67 61 3419.975
67 62 2178.596
67 63 4049.095
67 64 2986.113
67 65 6669.455
67 66 6089.422
67 67 0.000
67 68 3759.749
67 69 2946.034
67 70 3357.158
67 71 3082.253
67 72 3046.819
67 73 2883.590
67 74 1796.625
67 75 768.870
67 76 3738.325
67 77 3704.885
67 78 2700.093
67 79 5998.417
67 80 5515.312
67 81 1440.279
67 82 5554.797
67 83 5515.938
67 84 3470.910
67 85 3097.988
67 86 3923.741
67 87 4117.764
67 88 5062.924
67 89 6339.391
67 90 1400.450
67 91 5608.925
67 92 3289.718
67 93 1785.378
67 94 2060.130
67 95 3612.779
67 96 1318.250
67 97 2353.567
67 98 8246.008
67 99 6104.653
67 100 6568.728
68 0 4392.004
68 1 4059.923
68 2 7088.355
68 3 3430.793
68 4 6174.992
68 5 4444.432
68 6 6749.024
68 7 5799.231
68 8 811.926
68 9 7023.516
68 10 6094.020
68 11 4114.425
68 12 3610.096
68 13 8665.008
68 14 4359.304
68 15 7007.464
68 16 1495.848
68 17 2431.917
68 18 2701.051
68 19 4747.911
68 20 6406.082
68 21 2386.383
68 22 5332.466
68 23 4300.026
68 24 3343.064
68 25 2707.127
68 26 4404.878
68 27 4974.093
68 28 8145.036
68 29 5705.670
68 30 3440.607
68 31 1304.514
68 32 4716.385
68 33 4318.447
68 34 864.788
68 35 2393.483
68 36 5614.271
68 37 4906.512
68 38 7639.233
68 39 3962.353
68 40 6241.670
68 41 6642.588
68 42 3848.431
68 43 846.863
68 44 4180.930
68 45 4735.083
68 46 6748.153
68 47 3229.963
68 48 1803.734
68 49 4516.970
68 50 7158.661
68 51 6222.906
68 52 4524.139
68 53 5840.811
68 54 4324.123
68 55 1187.124
68 56 4198.265
68 57 1242.322
68 58 6304.801
68 59 1946.408
68 60 3325.367
68 61 2621.718
68 62 5871.688
68 63 7546.740
68 64 6673.570
68 65 6926.510
68 66 5708.708
68 67 3759.749
68 68 0.000
68 69 3402.249
68 70 5137.968
68 71 6251.791
68 72 6600.255
68 73 6127.334
68 74 2009.623
68 75 3031.296
68 76 5697.814
68 77 1003.057
68 78 6091.629
68 79 2239.025
68 80 4080.678
68 81 2383.147
68 82 4956.312
68 83 2217.200
68 84 7119.470
68 85 6014.790
68 86 5868.643
68 87 7775.057
68 88 5895.168
68 89 7184.969
68 90 3061.034
68 91 7290.863
68 92 1841.221
68 93 4829.946
68 94 4576.692
68 95 7095.216
68 96 5050.514
68 97 1406.235
68 98 8709.934
68 99 7803.110
68 100 8342.772
69 0 4587.275
69 1 2055.737
69 2 5726.623
69 3 4988.703
69 4 3149.698
69 5 1365.148
69 6 7971.825
69 7 7023.562
69 8 2715.366
69 9 3698.918
69 10 7981.052
69 11 720.401
69 12 5809.204
69 13 10573.264
69 14 7024.088
69 15 4059.629
69 16 2025.049
69 17 4319.595
69 18 768.596
69 19 2787.030
69 20 3216.471
69 21 3333.367
69 22 2796.791
69 23 5324.281
69 24 1972.587
69 25 1388.139
69 26 4014.850
69 27 5456.473
69 28 9569.202
69 29 4996.340
69 30 3306.072
69 31 3827.574
69 32 7013.507
69 33 3336.401
69 34 4266.798
69 35 5276.188
69 36 7719.432
69 37 4578.402
69 38 5055.142
69 39 1147.358
69 40 6927.647
69 41 4078.562
69 42 6240.560
69 43 3194.473
69 44 2765.940
69 45 3256.321
69 46 6686.734
69 47 2417.686
69 48 4659.364
69 49 1859.268
69 50 4001.437
69 51 8625.173
69 52 6185.087
69 53 6162.984
69 54 5704.377
69 55 3177.298
69 56 4342.292
69 57 4498.519
69 58 8521.951
69 59 5224.200
69 60 4261.586
69 61 4956.887
69 62 4797.185
69 63 6767.143
69 64 5526.799
69 65 9056.639
69 66 8160.820
69 67 2946.034
69 68 3402.249
69 69 0.000
69 70 1819.843
69 71 3557.405
69 72 5774.038
69 73 5788.466
69 74 2848.317
69 75 2861.704
69 76 6567.881
69 77 4090.348
69 78 3673.720
69 79 5194.714
69 80 6980.156
69 81 2204.361
69 82 7484.344
69 83 5619.116
69 84 6044.452
69 85 6043.275
69 86 2526.286
69 87 6629.377
69 88 7602.662
69 89 8940.328
69 90 3665.607
69 91 8435.776
69 92 1657.470
69 93 2479.205
69 94 4925.344
69 95 4619.769
69 96 3977.708
69 97 2689.210
69 98 10762.752
69 99 8946.716
69 100 9435.175
70 0 5041.709
70 1 2108.284
70 2 5058.781
70 3 5990.443
70 4 1515.599
70 5 832.331
70 6 8520.856
70 7 7646.476
70 8 4505.196
70 9 1890.818
70 10 8851.567
70 11 1259.798
70 12 6972.793
70 13 11340.326
70 14 8304.196
70 15 2408.255
70 16 3673.489
70 17 5550.677
70 18 2438.996
70 19 2409.068
70 20 1432.153
70 21 4462.131
70 22 1827.156
70 23 6046.458
70 24 2613.283
70 25 2626.681
70 26 4292.157
70 27 5898.877
70 28 10128.848
70 29 4858.073
70 30 3955.027
70 31 5646.704
70 32 8130.303
70 33 3472.481
70 34 5993.617
70 35 6741.752
70 36 8707.608
70 37 4750.983
70 38 3602.140
70 39 1340.076
70 40 7293.493
70 41 2747.995
70 42 7448.715
70 43 4788.652
70 44 2852.412
70 45 3070.444
70 46 6682.420
70 47 3113.834
70 48 6477.499
70 49 1356.506
70 50 2214.148
70 51 9712.556
70 52 7086.911
70 53 6425.532
70 54 6535.111
70 55 4996.885
70 56 4825.541
70 57 6284.773
70 58 9523.467
70 59 7012.958
70 60 5136.963
70 61 6255.825
70 62 4466.079
70 63 6343.235
70 64 5025.767
70 65 9992.652
70 66 9291.224
70 67 3357.158
70 68 5137.968
70 69 1819.843
70 70 0.000
70 71 2193.884
70 72 5439.045
70 73 5739.822
70 74 4117.365
70 75 3679.277
70 76 7061.933
70 77 5705.217
70 78 2550.336
70 79 7012.377
70 80 8369.260
70 81 3384.972
70 82 8680.487
70 83 7346.034
70 84 5520.393
70 85 6164.551
70 86 732.147
70 87 5997.622
70 88 8411.390
70 89 9696.219
70 90 4549.370
70 91 8915.518
70 92 3470.083
70 93 1879.911
70 94 5390.292
70 95 3291.251
70 96 3840.753
70 97 4182.838
70 98 11598.588
70 99 9395.590
70 100 9831.799
71 0 4352.969
71 1 2215.659
71 2 3142.794
71 3 5844.223
71 4 863.394
71 5 2200.561
71 6 7592.215
71 7 6861.966
71 8 5825.007
71 9 2196.353
71 10 8300.671
71 11 3277.613
71 12 6949.513
71 13 10554.633
71 14 8361.454
71 15 927.894
71 16 4781.635
71 17 5769.865
71 18 3846.769
71 19 1713.897
71 20 1391.672
71 21 4718.578
71 22 922.769
71 23 5535.444
71 24 2966.332
71 25 3555.492
71 26 3550.229
71 27 5066.402
71 28 9137.480
71 29 3507.222
71 30 3752.153
71 31 7090.919
71 32 7956.249
71 33 2819.493
71 34 7025.783
71 35 7200.862
71 36 8320.753
71 37 3780.830
71 38 1497.854
71 39 2481.035
71 40 6234.625
71 41 554.871
71 42 7452.646
71 43 5651.590
71 44 2440.181
71 45 2193.550
71 46 5269.263
71 47 3269.324
71 48 7875.592
71 49 1791.377
71 50 1536.536
71 51 9413.587
71 52 6697.668
71 53 5325.183
71 54 6106.116
71 55 6479.083
71 56 4212.312
71 57 7488.534
71 58 9113.369
71 59 8197.999
71 60 4948.626
71 61 6494.228
71 62 2964.959
71 63 4550.010
71 64 3266.058
71 65 9473.495
71 66 9073.206
71 67 3082.253
71 68 6251.791
71 69 3557.405
71 70 2193.884
71 71 0.000
71 72 3800.592
71 73 4368.208
71 74 4622.795
71 75 3759.273
71 76 6169.882
71 77 6513.772
71 78 583.467
71 79 8388.082
71 80 8597.495
71 81 3972.856
71 82 8589.742
71 83 8309.009
71 84 3694.408
71 85 4932.773
71 86 2105.640
71 87 4052.579
71 88 7806.242
71 89 8958.142
71 90 4482.057
71 91 7885.807
71 92 4970.429
71 93 1438.229
71 94 4655.991
71 95 1102.976
71 96 2720.116
71 97 4975.430
71 98 10891.363
71 99 8308.479
71 100 8668.858
72 0 2393.967
72 1 3729.314
72 2 1067.676
72 3 4156.445
72 4 4616.282
72 5 4900.567
72 6 4247.002
72 7 3809.715
72 8 6640.583
72 9 5996.834
72 10 5406.554
72 11 5959.715
72 12 5150.442
72 13 7200.895
72 14 6423.194
72 15 4550.447
72 16 5611.548
72 17 4752.003
72 18 5514.861
72 19 3096.649
72 20 5169.761
72 21 4239.689
72 22 3644.583
72 23 3300.641
72 24 3925.350
72 25 4772.934
72 26 2196.315
72 27 2412.284
72 28 5626.161
72 29 896.487
72 30 3170.724
72 31 7837.899
72 32 5700.491
72 33 2519.542
72 34 7041.828
72 35 6176.066
72 36 5671.854
72 37 1718.700
72 38 3771.737
72 39 4739.667
72 40 2867.262
72 41 3512.737
72 42 5587.944
72 43 5762.362
72 44 3017.158
72 45 2525.377
72 46 1560.794
72 47 3676.410
72 48 8398.462
72 49 4204.910
72 50 5279.877
72 51 6776.063
72 52 4329.054
72 53 2071.258
72 54 3825.992
72 55 7419.326
72 56 2506.606
72 57 7716.443
72 58 6340.592
72 59 8267.148
72 60 3576.098
72 61 5270.771
72 62 990.371
72 63 1005.682
72 64 609.632
72 65 6513.761
72 66 6594.751
72 67 3046.819
72 68 6600.255
72 69 5774.038
72 70 5439.045
72 71 3800.592
72 72 0.000
72 73 913.459
72 74 4598.493
72 75 3630.384
72 76 3071.784
72 77 6267.809
72 78 3221.438
72 79 8789.525
72 80 6909.406
72 81 4453.912
72 82 6374.162
72 83 7953.124
72 84 633.870
72 85 1553.048
72 86 5693.039
72 87 1233.861
72 88 4891.121
72 89 5746.638
72 90 3593.086
72 91 4397.639
72 92 6336.352
72 93 3581.428
72 94 2408.664
72 95 3364.756
72 96 1804.356
72 97 5234.924
72 98 7611.517
72 99 4738.578
72 100 5019.024
73 0 1753.811
73 1 3823.974
73 2 1971.254
73 3 3384.560
73 4 5125.992
73 5 5103.727
73 6 3390.024
73 7 2901.888
73 8 6269.642
73 9 6538.630
73 10 4496.731
73 11 6079.102
73 12 4320.109
73 13 6365.096
73 14 5552.274
73 15 5192.917
73 16 5305.209
73 17 4084.405
73 18 5415.631
73 19 3331.783
73 20 5681.600
73 21 3741.003
73 22 4037.764
73 23 2469.666
73 24 3842.134
73 25 4635.231
73 26 1859.320
73 27 1555.148
73 28 4836.701
73 29 889.096
73 30 2808.691
73 31 7403.839
73 32 4807.043
73 33 2452.715
73 34 6480.776
73 35 5443.830
73 36 4758.797
73 37 1282.502
73 38 4557.870
73 39 4855.159
73 40 1997.950
73 41 4165.827
73 42 4738.371
73 43 5280.555
73 44 3048.704
73 45 2681.324
73 46 942.690
73 47 3493.681
73 48 7900.009
73 49 4425.303
73 50 5892.277
73 51 5862.605
73 52 3442.606
73 53 1162.766
73 54 2963.439
73 55 7042.846
73 56 1930.242
73 57 7176.553
73 58 5428.508
73 59 7680.394
73 60 2923.259
73 61 4534.867
73 62 1404.640
73 63 1507.743
73 64 1472.131
73 65 5611.682
73 66 5683.994
73 67 2883.590
73 68 6127.334
73 69 5788.466
73 70 5739.822
73 71 4368.208
73 72 913.459
73 73 0.000
73 74 4175.025
73 75 3308.915
73 76 2161.834
73 77 5683.262
73 78 3786.115
73 79 8256.321
73 80 6060.945
73 81 4171.839
73 82 5478.491
73 83 7293.416
73 84 1527.212
73 85 651.979
73 86 6091.782
73 87 2044.658
73 88 3980.640
73 89 4872.140
73 90 3066.992
73 91 3590.347
73 92 6109.204
73 93 3861.141
73 94 1666.403
73 95 4102.413
73 96 1903.923
73 97 4823.119
73 98 6759.482
73 99 3973.205
73 100 4306.746
74 0 2491.196
74 1 2428.877
74 2 5084.674
74 3 2191.814
74 4 4754.386
74 5 3298.460
74 6 5404.826
74 7 4429.870
74 8 2102.172
74 9 5868.408
74 10 5189.922
74 11 3507.261
74 12 2961.613
74 13 7805.417
74 14 4215.668
74 15 5476.050
74 16 1274.762
74 17 1476.293
74 18 2114.274
74 19 2968.453
74 20 5110.621
74 21 563.437
74 22 3711.216
74 23 2747.105
74 24 1680.024
74 25 1528.350
74 26 2402.325
74 27 3203.035
74 28 6948.030
74 29 3702.453
74 30 1431.787
74 31 3242.908
74 32 4165.192
74 33 2338.729
74 34 2572.128
74 35 2654.434
74 36 4887.212
74 37 2923.368
74 38 5886.433
74 39 2780.323
74 40 4608.194
74 41 4927.093
74 42 3401.406
74 43 1194.443
74 44 2308.293
74 45 2817.386
74 46 4870.639
74 47 1370.735
74 48 3813.257
74 49 3089.202
74 50 5784.735
74 51 5776.894
74 52 3410.014
74 53 4049.729
74 54 2997.094
74 55 2870.049
74 56 2271.794
74 57 3184.387
74 58 5683.063
74 59 3812.407
74 60 1640.990
74 61 2149.439
74 62 3863.829
74 63 5557.433
74 64 4664.382
74 65 6231.739
74 66 5313.677
74 67 1796.625
74 68 2009.623
74 69 2848.317
74 70 4117.365
74 71 4622.795
74 72 4598.493
74 73 4175.025
74 74 0.000
74 75 1038.295
74 76 4131.361
74 77 1926.872
74 78 4350.304
74 79 4233.280
74 80 4251.951
74 81 733.530
74 82 4646.165
74 83 3742.680
74 84 5110.450
74 85 4140.033
74 86 4819.625
74 87 5766.040
74 88 4850.245
74 89 6196.383
74 90 1174.924
74 91 5914.711
74 92 2199.701
74 93 3192.396
74 94 2734.668
74 95 5320.917
74 96 3053.319
74 97 648.192
74 98 7963.129
74 99 6436.502
74 100 6958.071
75 0 1791.466
75 1 1690.946
75 2 4057.317
75 3 2311.941
75 4 4020.568
75 5 2850.530
75 6 5110.136
75 7 4164.519
75 8 3010.209
75 9 5261.003
75 10 5211.358
75 11 3389.738
75 12 3328.923
75 13 7762.525
75 14 4706.738
75 15 4653.097
75 16 1999.948
75 17 2019.985
75 18 2282.384
75 19 2053.558
75 20 4443.200
75 21 962.799
75 22 2883.061
75 23 2473.280
75 24 1066.850
75 25 1499.043
75 26 1461.710
75 27 2631.169
75 28 6708.937
75 29 2736.298
75 30 508.062
75 31 4222.562
75 32 4459.180
75 33 1300.640
75 34 3608.642
75 35 3444.848
75 36 5033.089
75 37 2027.298
75 38 4932.144
75 39 2375.727
75 40 4101.830
75 41 4004.537
75 42 3819.965
75 43 2231.288
75 44 1344.398
75 45 1804.341
75 46 4094.657
75 47 569.114
75 48 4832.964
75 49 2451.498
75 50 5049.019
75 51 6033.914
75 52 3425.863
75 53 3403.075
75 54 2898.155
75 55 3788.948
75 56 1545.591
75 57 4221.245
75 58 5848.594
75 59 4849.861
75 60 1467.040
75 61 2748.349
75 62 2845.652
75 63 4612.373
75 64 3651.469
75 65 6333.319
75 66 5618.487
75 67 768.870
75 68 3031.296
75 69 2861.704
75 70 3679.277
75 71 3759.273
75 72 3630.384
75 73 3308.915
75 74 1038.295
75 75 0.000
75 76 3713.315
75 77 2936.250
75 78 3422.094
75 79 5264.459
75 80 4872.634
75 81 866.707
75 82 5030.553
75 83 4747.091
75 84 4112.288
75 85 3386.774
75 86 4319.347
75 87 4766.654
75 88 4798.549
75 89 6120.124
75 90 871.189
75 91 5576.394
75 92 2810.638
75 93 2379.085
75 94 2107.381
75 95 4360.420
75 96 2019.713
75 97 1630.760
75 98 7983.599
75 99 6089.273
75 100 6583.612
76 0 2028.531
76 1 4962.450
76 2 4133.082
76 3 2301.185
76 4 6813.034
76 5 6297.705
76 6 1460.458
76 7 742.253
76 8 6109.791
76 9 8224.847
76 10 2334.989
76 11 7047.083
76 12 2770.993
76 13 4385.443
76 14 3705.318
76 15 7063.546
76 16 5405.912
76 17 3284.586
76 18 5988.061
76 19 4762.717
76 20 7349.276
76 21 3572.673
76 22 5621.757
76 23 1408.748
76 24 4648.807
76 25 5211.744
76 26 2776.040
76 27 1163.198
76 28 3066.968
76 29 2782.643
76 30 3264.236
76 31 6993.083
76 32 2853.116
76 33 3601.546
76 34 5760.466
76 35 4220.053
76 36 2633.797
76 37 2401.622
76 38 6616.316
76 39 5912.375
76 40 585.956
76 41 6082.582
76 42 3048.496
76 43 4910.030
76 44 4211.270
76 45 4108.260
76 46 1869.952
76 47 4163.144
76 48 7280.318
76 49 5707.617
76 50 7702.234
76 51 3718.953
76 52 1641.411
76 53 1000.592
76 54 1461.242
76 55 6811.109
76 56 2259.288
76 57 6474.629
76 58 3270.350
76 59 6808.450
76 60 2492.313
76 61 3394.580
76 62 3375.064
76 63 3382.236
76 64 3629.024
76 65 3457.443
76 66 3582.760
76 67 3738.325
76 68 5697.814
76 69 6567.881
76 70 7061.933
76 71 6169.882
76 72 3071.784
76 73 2161.834
76 74 4131.361
76 75 3713.315
76 76 0.000
76 77 4955.825
76 78 5614.102
76 79 7518.653
76 80 4307.184
76 81 4489.517
76 82 3491.100
76 83 6207.448
76 84 3663.560
76 85 1520.418
76 86 7562.603
76 87 4092.376
76 88 1819.339
76 89 2797.965
76 90 3002.305
76 91 1874.020
76 92 6326.033
76 93 5294.569
76 94 1678.469
76 95 6117.057
76 96 3455.084
76 97 4708.339
76 98 4726.636
76 99 2379.640
76 100 2870.497
77 0 3930.571
77 1 4300.040
77 2 6887.417
77 3 2654.727
77 4 6565.400
77 5 4944.240
77 6 5895.740
77 7 4971.083
77 8 1775.145
77 9 7555.128
77 10 5138.754
77 11 4810.482
77 12 2657.724
77 13 7687.561
77 14 3356.879
77 15 7337.949
77 16 2066.754
77 17 1687.277
77 18 3336.508
77 19 4888.390
77 20 6864.809
77 21 2070.715
77 22 5593.793
77 23 3600.972
77 24 3547.625
77 25 3115.163
77 26 4120.594
77 27 4375.782
77 28 7233.747
77 29 5393.789
77 30 3231.903
77 31 2124.741
77 32 3728.390
77 33 4224.773
77 34 814.453
77 35 1392.573
77 36 4637.224
77 37 4549.109
77 38 7809.155
77 39 4433.299
77 40 5522.343
77 41 6841.778
77 42 2861.241
77 43 916.678
77 44 4235.138
77 45 4736.428
77 46 6198.175
77 47 3293.875
77 48 2324.916
77 49 4882.625
77 50 7582.127
77 51 5221.238
77 52 3647.293
77 53 5232.234
77 54 3525.758
77 55 2167.720
77 56 3775.286
77 57 1530.047
77 58 5312.426
77 59 2000.939
77 60 2770.142
77 61 1691.144
77 62 5654.338
77 63 7159.341
77 64 6429.647
77 65 5937.773
77 66 4706.520
77 67 3704.885
77 68 1003.057
77 69 4090.348
77 70 5705.217
77 71 6513.772
77 72 6267.809
77 73 5683.262
77 74 1926.872
77 75 2936.250
77 76 4955.825
77 77 0.000
77 78 6268.375
77 79 2600.535
77 80 3098.281
77 81 2541.636
77 82 3953.596
77 83 1815.837
77 84 6833.421
77 85 5475.817
77 86 6435.012
77 87 7482.940
77 88 4970.443
77 89 6235.219
77 90 2678.458
77 91 6441.693
77 92 2689.789
77 93 5075.884
77 94 4050.278
77 95 7245.446
77 96 4899.433
77 97 1560.459
77 98 7720.244
77 99 6945.117
77 100 7486.055
78 0 3841.525
78 1 2036.027
78 2 2603.838
78 3 5401.519
78 4 1406.740
78 5 2372.570
78 6 7027.769
78 7 6314.015
78 8 5732.591
78 9 2776.247
78 10 7773.635
78 11 3502.913
78 12 6515.510
78 13 9996.032
78 14 7929.547
78 15 1450.244
78 16 4658.469
78 17 5401.668
78 18 3849.111
78 19 1382.012
78 20 1953.854
78 21 4384.368
78 22 877.259
78 23 5034.358
78 24 2753.466
78 25 3444.928
78 26 3048.182
78 27 4525.097
78 28 8565.385
78 29 2928.833
78 30 3350.911
78 31 7014.015
78 32 7486.702
78 33 2366.081
78 34 6830.073
78 35 6862.413
78 36 7815.856
78 37 3237.850
78 38 1548.890
78 39 2541.360
78 40 5664.056
78 41 582.680
78 42 7018.574
78 43 5437.724
78 44 2078.293
78 45 1733.695
78 46 4685.808
78 47 2979.903
78 48 7774.197
78 49 1822.125
78 50 2110.508
78 51 8916.244
78 52 6203.491
78 53 4754.884
78 54 5611.413
78 55 6423.747
78 56 3716.072
78 57 7333.866
78 58 8601.468
78 59 8029.538
78 60 4514.069
78 61 6117.897
78 62 2382.278
78 63 3991.326
78 64 2696.046
78 65 8945.952
78 66 8589.787
78 67 2700.093
78 68 6091.629
78 69 3673.720
78 70 2550.336
78 71 583.467
78 72 3221.438
78 73 3786.115
78 74 4350.304
78 75 3422.094
78 76 5614.102
78 77 6268.375
78 78 0.000
78 79 8274.225
78 80 8196.469
78 81 3748.662
78 82 8129.942
78 83 8078.816
78 84 3137.606
78 85 4355.250
78 86 2586.901
78 87 3528.115
78 88 7274.654
78 89 8407.460
78 90 4083.980
78 91 7313.259
78 92 4954.826
78 93 1292.290
78 94 4132.778
78 95 1008.965
78 96 2179.085
78 97 4762.307
78 98 10339.434
78 99 7731.931
78 100 8088.587
79 0 6503.225
79 1 6238.597
79 2 9317.952
79 3 5224.668
79 4 8216.547
79 5 6424.632
79 6 8339.782
79 7 7461.335
79 8 2567.645
79 9 8892.997
79 10 7349.899
79 11 5841.106
79 12 4991.095
79 13 9719.293
79 14 5162.005
79 15 9086.956
79 16 3616.299
79 17 4282.877
79 18 4629.794
79 19 6955.693
79 20 8376.108
79 21 4549.921
79 22 7480.671
79 23 6190.816
79 24 5547.743
79 25 4837.851
79 26 6603.900
79 27 6976.283
79 28 9542.744
79 29 7900.480
79 30 5655.515
79 31 1370.947
79 32 5823.075
79 33 6556.059
79 34 1787.168
79 35 3462.167
79 36 6760.361
79 37 7078.578
79 38 9814.341
79 39 5989.623
79 40 8093.692
79 41 8810.116
79 42 5023.728
79 43 3041.675
79 44 6412.569
79 45 6971.233
79 46 8797.061
79 47 5465.248
79 48 536.107
79 49 6613.259
79 50 9152.246
79 51 7047.603
79 52 6098.847
79 53 7832.376
79 54 6066.787
79 55 2022.674
79 56 6332.009
79 57 1079.989
79 58 7287.976
79 59 822.306
79 60 5361.924
79 61 4147.060
79 62 8095.640
79 63 9712.197
79 64 8892.986
79 65 7926.467
79 66 6540.873
79 67 5998.417
79 68 2239.025
79 69 5194.714
79 70 7012.377
79 71 8388.082
79 72 8789.525
79 73 8256.321
79 74 4233.280
79 75 5264.459
79 76 7518.653
79 77 2600.535
79 78 8274.225
79 79 0.000
79 80 4633.907
79 81 4613.991
79 82 5810.337
79 83 1730.290
79 84 9327.409
79 85 8072.659
79 86 7720.084
79 87 9982.228
79 88 7287.353
79 89 8439.371
79 90 5205.900
79 91 8885.197
79 92 3543.589
79 93 6993.575
79 94 6641.859
79 95 9282.429
79 96 7284.067
79 97 3644.886
79 98 9651.308
79 99 9369.036
79 100 9906.513
80 0 4668.730
80 1 6551.932
80 2 7837.211
80 3 2864.977
80 4 8892.080
80 5 7548.296
80 6 4440.356
80 7 3856.812
80 8 4872.273
80 9 10091.667
80 10 3038.983
80 11 7681.974
80 12 1772.833
80 13 5130.553
80 14 673.945
80 15 9508.433
80 16 5002.278
80 17 2858.968
80 18 6212.015
80 19 6884.533
80 20 9299.794
80 21 3954.870
80 22 7747.995
80 23 3609.246
80 24 5850.933
80 25 5764.149
80 26 5305.274
80 27 4507.230
80 28 5238.357
80 29 6233.255
80 30 4849.108
80 31 4922.844
80 32 1578.541
80 33 5841.976
80 34 3473.708
80 35 1733.116
80 36 2384.528
80 37 5428.349
80 38 9612.316
80 39 7031.305
80 40 4853.236
80 41 8772.773
80 42 1322.719
80 43 3856.329
80 44 6157.750
80 45 6469.441
80 46 6114.857
80 47 5416.814
80 48 4694.446
80 49 7282.575
80 50 9921.479
80 51 2422.625
80 52 2687.316
80 53 5103.017
80 54 3099.118
80 55 5169.455
80 56 4678.518
80 57 3947.612
80 58 2722.454
80 59 3812.786
80 60 3704.093
80 61 2132.223
80 62 6716.474
80 63 7514.799
80 64 7311.193
80 65 3348.095
80 66 1928.448
80 67 5515.312
80 68 4080.678
80 69 6980.156
80 70 8369.260
80 71 8597.495
80 72 6909.406
80 73 6060.945
80 74 4251.951
80 75 4872.634
80 76 4307.184
80 77 3098.281
80 78 8196.469
80 79 4633.907
80 80 0.000
80 81 4984.436
80 82 1254.394
80 83 2913.194
80 84 7543.081
80 85 5561.115
80 86 9068.306
80 87 8104.123
80 88 3185.005
80 89 4036.176
80 90 4116.764
80 91 4930.452
80 92 5753.397
80 93 7250.115
80 94 4540.444
80 95 9041.204
80 96 6255.659
80 97 4290.955
80 98 5027.807
80 99 5320.184
80 100 5814.796
81 0 2638.742
81 1 1758.408
81 2 4794.346
81 3 2784.786
81 4 4050.260
81 5 2564.978
81 6 5842.329
81 7 4877.984
81 8 2218.386
81 9 5138.640
81 10 5777.365
81 11 2826.802
81 12 3647.952
81 13 8374.561
81 14 4934.533
81 15 4799.918
81 16 1158.106
81 17 2182.878
81 18 1525.342
81 19 2381.458
81 20 4390.140
81 21 1136.240
81 22 3052.262
81 23 3171.510
81 24 1006.602
81 25 830.340
81 26 2317.397
81 27 3452.523
81 28 7421.057
81 29 3566.990
81 30 1374.249
81 31 3475.202
81 32 4840.405
81 33 2004.422
81 34 3083.319
81 35 3382.128
81 36 5519.863
81 37 2889.387
81 38 5296.414
81 39 2047.077
81 40 4912.264
81 41 4314.941
81 42 4103.232
81 43 1689.094
81 44 1798.721
81 45 2359.869
81 46 4960.883
81 47 855.508
81 48 4148.139
81 49 2374.443
81 50 5077.076
81 51 6448.143
81 52 3982.010
81 53 4249.582
81 54 3513.141
81 55 2991.384
81 56 2395.792
81 57 3618.472
81 58 6325.695
81 59 4295.809
81 60 2079.755
81 61 2874.584
81 62 3616.400
81 63 5446.557
81 64 4424.682
81 65 6853.961
81 66 5996.582
81 67 1440.279
81 68 2383.147
81 69 2204.361
81 70 3384.972
81 71 3972.856
81 72 4453.912
81 73 4171.839
81 74 733.530
81 75 866.707
81 76 4489.517
81 77 2541.636
81 78 3748.662
81 79 4613.991
81 80 4984.436
81 81 0.000
81 82 5346.114
81 83 4338.565
81 84 4904.370
81 85 4250.767
81 86 4086.102
81 87 5553.954
81 88 5405.120
81 89 6746.422
81 90 1501.575
81 91 6329.511
81 92 1944.018
81 93 2534.688
81 94 2939.576
81 95 4741.319
81 96 2758.528
81 97 1013.966
81 98 8558.874
81 99 6847.809
81 100 7354.586
82 0 4366.688
82 1 6713.026
82 2 7375.108
82 3 2756.237
82 4 8997.050
82 5 7848.251
82 6 3328.815
82 7 2909.892
82 8 5699.750
82 9 10285.293
82 10 1825.442
82 11 8153.201
82 12 1707.697
82 13 3911.128
82 14 648.399
82 15 9516.352
82 16 5617.436
82 17 3169.905
82 18 6731.396
82 19 6908.712
82 20 9452.417
82 21 4226.598
82 22 7805.358
82 23 3186.370
82 24 6079.836
82 25 6168.866
82 26 5107.738
82 27 3980.172
82 28 3995.892
82 29 5817.006
82 30 4879.488
82 31 5950.552
82 32 675.970
82 33 5772.043
82 34 4481.110
82 35 2575.182
82 36 1170.498
82 37 5095.243
82 38 9442.879
82 39 7346.983
82 40 3976.086
82 41 8687.192
82 42 1244.775
82 43 4555.592
82 44 6194.070
82 45 6402.553
82 46 5358.617
82 47 5598.692
82 48 5820.010
82 49 7481.489
82 50 10006.981
82 51 1274.137
82 52 2052.799
82 53 4405.705
82 54 2605.931
82 55 6110.057
82 56 4442.156
82 57 5036.293
82 58 1483.628
82 59 4988.625
82 60 3654.740
82 61 2542.030
82 62 6356.384
82 63 6844.299
82 64 6846.992
82 65 2119.027
82 66 756.346
82 67 5554.797
82 68 4956.312
82 69 7484.344
82 70 8680.487
82 71 8589.742
82 72 6374.162
82 73 5478.491
82 74 4646.165
82 75 5030.553
82 76 3491.100
82 77 3953.596
82 78 8129.942
82 79 5810.337
82 80 1254.394
82 81 5346.114
82 82 0.000
82 83 4114.307
82 84 7001.959
82 85 4905.716
82 86 9343.004
82 87 7506.608
82 88 2056.744
82 89 2785.598
82 90 4185.148
82 91 3782.295
82 92 6458.054
82 93 7338.668
82 94 4155.257
82 95 8885.285
82 96 6045.509
82 97 4849.167
82 98 3850.197
82 99 4134.721
82 100 4610.916
83 0 5569.087
83 1 6093.366
83 2 8638.933
83 3 4002.526
83 4 8316.477
83 5 6630.597
83 6 6851.224
83 7 6035.726
83 8 2950.313
83 9 9226.022
83 10 5731.623
83 11 6329.729
83 12 3510.800
83 13 8024.704
83 14 3468.603
83 15 9114.669
83 16 3677.689
83 17 3210.606
83 18 4914.199
83 19 6700.598
83 20 8581.779
83 21 3852.476
83 22 7386.876
83 23 4994.933
83 24 5344.592
83 25 4838.304
83 26 5863.279
83 27 5865.425
83 28 7946.222
83 29 7102.703
83 30 5017.400
83 31 2365.518
83 32 4189.941
83 33 6027.327
83 34 1354.086
83 35 1990.442
83 36 5117.608
83 37 6244.548
83 38 9621.886
83 39 6134.737
83 40 6793.071
83 41 8649.950
83 42 3446.394
83 43 2659.212
83 44 6050.965
83 45 6549.780
83 46 7692.511
83 47 5108.359
83 48 1881.162
83 49 6638.354
83 50 9319.661
83 51 5333.710
83 52 4666.286
83 53 6679.756
83 54 4750.079
83 55 2845.731
83 56 5446.855
83 57 1324.977
83 58 5597.424
83 59 921.530
83 60 4382.910
83 61 2836.200
83 62 7407.912
83 63 8794.876
83 64 8164.223
83 65 6233.277
83 66 4832.106
83 67 5515.938
83 68 2217.200
83 69 5619.116
83 70 7346.034
83 71 8309.009
83 72 7953.124
83 73 7293.416
83 74 3742.680
83 75 4747.091
83 76 6207.448
83 77 1815.837
83 78 8078.816
83 79 1730.290
83 80 2913.194
83 81 4338.565
83 82 4114.307
83 83 0.000
83 84 8541.691
83 85 6998.782
83 86 8077.772
83 87 9182.167
83 88 5722.998
83 89 6804.890
83 90 4411.351
83 91 7389.006
83 92 4028.185
83 93 6871.057
83 94 5628.608
83 95 9059.453
83 96 6683.388
83 97 3334.072
83 98 7939.262
83 99 7850.419
83 100 8379.900
84 0 3002.495
84 1 3989.017
84 2 610.763
84 3 4781.996
84 4 4543.488
84 5 5061.190
84 6 4769.633
84 7 4394.924
84 8 7113.242
84 9 5874.356
84 10 5993.288
84 11 6160.883
84 12 5783.193
84 13 7689.880
84 14 7056.502
84 15 4353.624
84 16 6060.589
84 17 5350.930
84 18 5855.692
84 19 3286.791
84 20 5085.128
84 21 4785.051
84 22 3695.407
84 23 3934.123
84 24 4284.024
84 25 5145.265
84 26 2724.352
84 27 3045.576
84 28 6079.270
84 29 1440.768
84 30 3678.884
84 31 8334.529
84 32 6329.092
84 33 2917.626
84 34 7595.846
84 35 6789.555
84 36 6280.014
84 37 2297.195
84 38 3425.850
84 39 4962.154
84 40 3413.092
84 41 3329.368
84 42 6221.736
84 43 6289.718
84 44 3339.517
84 45 2797.566
84 46 2012.861
84 47 4092.757
84 48 8922.307
84 49 4368.523
84 50 5101.128
84 51 7378.688
84 52 4959.493
84 53 2665.306
84 54 4459.535
84 55 7890.533
84 56 3098.575
84 57 8259.885
84 58 6933.428
84 59 8828.141
84 60 4176.764
84 61 5886.677
84 62 1297.034
84 63 855.901
84 64 517.736
84 65 7083.424
84 66 7209.619
84 67 3470.910
84 68 7119.470
84 69 6044.452
84 70 5520.393
84 71 3694.408
84 72 633.870
84 73 1527.212
84 74 5110.450
84 75 4112.288
84 76 3663.560
84 77 6833.421
84 78 3137.606
84 79 9327.409
84 80 7543.081
84 81 4904.370
84 82 7001.959
84 83 8541.691
84 84 0.000
84 85 2144.669
84 86 5695.130
84 87 655.593
84 88 5480.259
84 89 6280.813
84 90 4154.994
84 91 4875.039
84 92 6738.944
84 93 3721.054
84 94 3035.043
84 95 3089.785
84 96 2166.393
84 97 5736.062
84 98 8116.111
84 99 5178.533
84 100 5414.429
85 0 1648.901
85 1 4164.877
85 2 2617.918
85 3 3015.969
85 4 5659.698
85 5 5482.045
85 6 2746.172
85 7 2256.782
85 8 6240.264
85 9 7078.363
85 10 3854.180
85 11 6396.065
85 12 3857.611
85 13 5725.901
85 14 5021.912
85 15 5781.564
85 16 5340.890
85 17 3820.713
85 18 5600.430
85 19 3762.810
85 20 6212.304
85 21 3652.679
85 22 4530.440
85 23 2044.232
85 24 4072.121
85 25 4807.982
85 26 2029.648
85 27 1136.307
85 28 4222.207
85 29 1426.672
85 30 2879.014
85 31 7311.244
85 32 4240.829
85 33 2755.096
85 34 6286.175
85 35 5089.341
85 36 4137.773
85 37 1468.259
85 38 5195.394
85 39 5186.495
85 40 1352.993
85 41 4764.096
85 42 4244.690
85 43 5172.161
85 44 3378.639
85 45 3095.717
85 46 733.935
85 47 3667.427
85 48 7749.012
85 49 4823.891
85 50 6465.756
85 51 5234.119
85 52 2898.635
85 53 520.669
85 54 2470.581
85 55 7000.640
85 56 1875.089
85 57 6994.747
85 58 4790.708
85 59 7452.355
85 60 2712.543
85 61 4187.563
85 62 1996.129
85 63 1955.468
85 64 2123.660
85 65 4962.370
85 66 5073.585
85 67 3097.988
85 68 6014.790
85 69 6043.275
85 70 6164.551
85 71 4932.773
85 72 1553.048
85 73 651.979
85 74 4140.033
85 75 3386.774
85 76 1520.418
85 77 5475.817
85 78 4355.250
85 79 8072.659
85 80 5561.115
85 81 4250.767
85 82 4905.716
85 83 6998.782
85 84 2144.669
85 85 0.000
85 86 6564.866
85 87 2603.613
85 88 3339.342
85 89 4221.687
85 90 2979.320
85 91 2971.012
85 92 6192.866
85 93 4301.810
85 94 1438.956
85 95 4728.110
85 96 2338.734
85 97 4782.893
85 98 6114.265
85 99 3376.981
85 100 3742.325
86 0 5564.935
86 1 2679.383
86 2 5184.285
86 3 6628.914
86 4 1269.375
86 5 1521.357
86 6 9022.744
86 7 8177.028
86 8 5227.871
86 9 1172.926
86 10 9438.530
86 11 1905.303
86 12 7636.443
86 13 11887.794
86 14 8984.364
86 15 2026.471
86 16 4405.634
86 17 6235.330
86 18 3168.455
86 19 2816.545
86 20 933.284
86 21 5140.642
86 22 2059.224
86 23 6620.915
86 24 3263.173
86 25 3346.431
86 26 4787.508
86 27 6401.782
86 28 10622.559
86 29 5202.735
86 30 4553.537
86 31 6351.497
86 32 8778.526
86 33 3961.904
86 34 6725.098
86 35 7455.684
86 36 9324.127
86 37 5201.223
86 38 3334.544
86 39 2040.595
86 40 7753.447
86 41 2625.893
86 42 8118.553
86 43 5518.346
86 44 3365.566
86 45 3484.989
86 46 7030.903
86 47 3750.310
86 48 7184.428
86 49 1897.741
86 50 1645.760
86 51 10347.842
86 52 7693.596
86 53 6866.223
86 54 7130.110
86 55 5700.262
86 56 5361.419
86 57 7009.368
86 58 10139.388
86 59 7737.170
86 60 5759.257
86 61 6947.297
86 62 4753.628
86 63 6539.973
86 64 5224.972
86 65 10590.511
86 66 9937.643
86 67 3923.741
86 68 5868.643
86 69 2526.286
86 70 732.147
86 71 2105.640
86 72 5693.039
86 73 6091.782
86 74 4819.625
86 75 4319.347
86 76 7562.603
86 77 6435.012
86 78 2586.901
86 79 7720.084
86 80 9068.306
86 81 4086.102
86 82 9343.004
86 83 8077.772
86 84 5695.130
86 85 6564.866
86 86 0.000
86 87 6113.491
86 88 8985.308
86 89 10248.337
86 90 5182.924
86 91 9393.719
86 92 4182.978
86 93 2276.894
86 94 5908.926
86 95 3131.331
86 96 4226.227
86 97 4907.478
86 98 12163.978
86 99 9860.723
86 100 10277.558
87 0 3627.685
87 1 4579.125
87 2 938.937
87 3 5382.780
87 4 4914.674
87 5 5592.126
87 6 5071.548
87 7 4803.386
87 8 7765.240
87 9 6186.504
87 10 6393.341
87 11 6709.075
87 12 6356.446
87 13 7919.497
87 14 7596.155
87 15 4615.189
87 16 6708.961
87 17 5984.389
87 18 6471.862
87 19 3851.015
87 20 5439.213
87 21 5438.335
87 22 4172.389
87 23 4503.833
87 24 4911.133
87 25 5774.378
87 26 3378.606
87 27 3596.908
87 28 6270.009
87 29 2089.240
87 30 4334.476
87 31 8989.136
87 32 6838.847
87 33 3560.933
87 34 8248.250
87 35 7409.367
87 36 6725.774
87 37 2939.446
87 38 3544.212
87 39 5527.938
87 40 3770.071
87 41 3627.451
87 42 6781.408
87 43 6945.044
87 44 3959.073
87 45 3403.954
87 46 2305.869
87 47 4736.546
87 48 9577.858
87 49 4906.728
87 50 5368.900
87 51 7807.367
87 52 5482.235
87 53 3114.656
87 54 5007.845
87 55 8542.069
87 56 3735.595
87 57 8914.036
87 58 7341.801
87 59 9479.175
87 60 4808.699
87 61 6503.507
87 62 1939.500
87 63 805.070
87 64 1135.973
87 65 7445.653
87 66 7670.015
87 67 4117.764
87 68 7775.057
87 69 6629.377
87 70 5997.622
87 71 4052.579
87 72 1233.861
87 73 2044.658
87 74 5766.040
87 75 4766.654
87 76 4092.376
87 77 7482.940
87 78 3528.115
87 79 9982.228
87 80 8104.123
87 81 5553.954
87 82 7506.608
87 83 9182.167
87 84 655.593
87 85 2603.613
87 86 6113.491
87 87 0.000
87 88 5888.024
87 89 6587.117
87 90 4804.641
87 91 5111.606
87 92 7375.016
87 93 4252.599
87 94 3635.949
87 95 3302.392
87 96 2806.620
87 97 6391.299
87 98 8366.723
87 99 5361.551
87 100 5538.129
88 0 3470.727
88 1 6312.532
88 2 5951.669
88 3 2661.460
88 4 8376.224
88 5 7602.273
88 6 1272.255
88 7 1086.379
88 8 6494.584
88 9 9761.253
88 10 517.294
88 11 8179.102
88 12 2323.413
88 13 2970.690
88 14 2511.782
88 15 8721.114
88 16 6061.839
88 17 3561.029
88 18 6924.109
88 19 6270.361
88 20 8890.599
88 21 4307.341
88 22 7164.626
88 23 2365.789
88 24 5844.510
88 25 6214.893
88 26 4277.808
88 27 2756.989
88 28 2267.855
88 29 4554.829
88 30 4460.004
88 31 7094.719
88 32 1613.689
88 33 5077.014
88 34 5685.817
88 35 3826.015
88 36 941.743
88 37 4040.315
88 38 8376.358
88 39 7156.973
88 40 2139.996
88 41 7777.183
88 42 2277.578
88 43 5252.342
88 44 5632.565
88 45 5654.984
88 46 3609.503
88 47 5335.439
88 48 7174.348
88 49 7090.185
88 50 9317.880
88 51 1929.569
88 52 1442.488
88 53 2819.912
88 54 1902.525
88 55 7079.458
88 56 3645.945
88 57 6351.398
88 58 1454.675
88 59 6495.099
88 60 3346.462
88 61 3282.006
88 62 5142.851
88 63 5149.850
88 64 5444.875
88 65 1675.114
88 66 1890.135
88 67 5062.924
88 68 5895.168
88 69 7602.662
88 70 8411.390
88 71 7806.242
88 72 4891.121
88 73 3980.640
88 74 4850.245
88 75 4798.549
88 76 1819.339
88 77 4970.443
88 78 7274.654
88 79 7287.353
88 80 3185.005
88 81 5405.120
88 82 2056.744
88 83 5722.998
88 84 5480.259
88 85 3339.342
88 86 8985.308
88 87 5888.024
88 88 0.000
88 89 1346.139
88 90 3947.889
88 91 1745.492
88 92 6985.662
88 93 6776.010
88 94 3152.721
88 95 7858.773
88 96 5095.725
88 97 5285.382
88 98 3189.320
88 99 2151.676
88 100 2667.568
89 0 4690.768
89 1 7589.822
89 2 6812.186
89 3 4007.168
89 4 9575.501
89 5 8896.646
89 6 1515.992
89 7 2097.615
89 8 7810.568
89 9 10977.148
89 10 1099.329
89 11 9507.250
89 12 3578.569
89 13 1645.454
89 14 3387.448
89 15 9857.584
89 16 7405.116
89 17 4892.686
89 18 8267.325
89 19 7491.150
89 20 10102.541
89 21 5652.887
89 22 8371.845
89 23 3659.897
89 24 7154.887
89 25 7552.194
89 26 5487.459
89 27 3898.672
89 28 1229.104
89 29 5570.646
89 30 5760.297
89 31 8350.751
89 32 2618.500
89 33 6304.505
89 34 6914.694
89 35 5009.237
89 36 1687.535
89 37 5178.554
89 38 9399.214
89 39 8463.400
89 40 2879.686
89 41 8880.432
89 42 3429.453
89 43 6572.064
89 44 6883.830
89 45 6854.541
89 46 4288.631
89 47 6647.081
89 48 8370.890
89 49 8361.132
89 50 10486.189
89 51 1959.729
89 52 2787.893
89 53 3733.886
89 54 3235.958
89 55 8371.954
89 56 4887.391
89 57 7554.577
89 58 1443.707
89 59 7629.701
89 60 4679.664
89 61 4563.253
89 62 6162.573
89 63 5799.823
89 64 6337.646
89 65 1072.725
89 66 2252.575
89 67 6339.391
89 68 7184.969
89 69 8940.328
89 70 9696.219
89 71 8958.142
89 72 5746.638
89 73 4872.140
89 74 6196.383
89 75 6120.124
89 76 2797.965
89 77 6235.219
89 78 8407.460
89 79 8439.371
89 80 4036.176
89 81 6746.422
89 82 2785.598
89 83 6804.890
89 84 6280.813
89 85 4221.687
89 86 10248.337
89 87 6587.117
89 88 1346.139
89 89 0.000
89 90 5278.990
89 91 1587.443
89 92 8327.261
89 93 8010.121
89 94 4354.239
89 95 8909.010
89 96 6238.492
89 97 6626.791
89 98 1933.709
89 99 1659.278
89 100 1997.431
90 0 1336.766
90 1 2529.438
90 2 4227.635
90 3 1446.255
90 4 4822.413
90 5 3721.378
90 6 4340.785
90 7 3376.945
90 8 3264.259
90 9 6100.510
90 10 4349.624
90 11 4231.257
90 12 2496.240
90 13 6917.058
90 14 3895.406
90 15 5396.868
90 16 2429.257
90 17 1345.668
90 18 3022.816
90 19 2771.143
90 20 5268.383
90 21 676.861
90 22 3648.330
90 23 1670.445
90 24 1937.922
90 25 2278.796
90 26 1452.022
90 27 2029.978
90 28 5921.245
90 29 2715.417
90 30 733.152
90 31 4344.737
90 32 3599.452
90 33 1755.270
90 34 3448.998
90 35 2844.535
90 36 4161.965
90 37 1875.810
90 38 5533.535
90 39 3246.140
90 40 3453.299
90 41 4662.942
90 42 2994.938
90 43 2214.173
90 44 2044.758
90 45 2368.534
90 46 3712.474
90 47 1435.883
90 48 4835.729
90 49 3302.941
90 50 5841.728
90 51 5165.929
90 52 2559.148
90 53 2874.840
90 54 2045.440
90 55 4021.515
90 56 1137.249
90 57 4129.010
90 58 4977.427
90 59 4675.171
90 60 602.305
90 61 2041.303
90 62 2996.731
90 63 4506.425
90 64 3757.542
90 65 5464.980
90 66 4756.326
90 67 1400.450
90 68 3061.034
90 69 3665.607
90 70 4549.370
90 71 4482.057
90 72 3593.086
90 73 3066.992
90 74 1174.924
90 75 871.189
90 76 3002.305
90 77 2678.458
90 78 4083.980
90 79 5205.900
90 80 4116.764
90 81 1501.575
90 82 4185.148
90 83 4411.351
90 84 4154.994
90 85 2979.320
90 86 5182.924
90 87 4804.641
90 88 3947.889
90 89 5278.990
90 90 0.000
90 91 4830.048
90 92 3335.137
90 93 3165.238
90 94 1561.389
90 95 4959.314
90 96 2307.152
90 97 1807.931
90 98 7126.546
90 99 5349.212
90 100 5859.398
91 0 3898.628
91 1 6824.318
91 2 5441.568
91 3 3873.273
91 4 8580.369
91 5 8161.885
91 6 546.721
91 7 1500.662
91 8 7793.840
91 9 9999.377
91 10 1993.537
91 11 8920.986
91 12 3898.758
91 13 2815.650
91 14 4257.272
91 15 8747.895
91 16 7184.672
91 17 4865.347
91 18 7840.956
91 19 6580.224
91 20 9126.393
91 21 5351.280
91 22 7412.538
91 23 3171.486
91 24 6522.772
91 25 7071.812
91 26 4623.365
91 27 3025.535
91 28 1252.357
91 29 4392.284
91 30 5135.794
91 31 8550.526
91 32 3356.789
91 33 5444.783
91 34 7207.030
91 35 5437.499
91 36 2622.260
91 37 4195.447
91 38 8144.281
91 39 7783.869
91 40 1654.150
91 41 7734.274
91 42 3956.274
91 43 6560.575
91 44 6063.232
91 45 5915.731
91 46 2862.563
91 47 6035.920
91 48 8723.219
91 49 7559.225
91 50 9421.923
91 51 3346.513
91 52 2798.476
91 53 2562.337
91 54 2981.553
91 55 8449.687
91 56 4132.098
91 57 7900.148
91 58 2803.352
91 59 8115.497
91 60 4280.759
91 61 4767.068
91 62 4967.093
91 63 4310.971
91 64 5004.913
91 65 2618.858
91 66 3483.014
91 67 5608.925
91 68 7290.863
91 69 8435.776
91 70 8915.518
91 71 7885.807
91 72 4397.639
91 73 3590.347
91 74 5914.711
91 75 5576.394
91 76 1874.020
91 77 6441.693
91 78 7313.259
91 79 8885.197
91 80 4930.452
91 81 6329.511
91 82 3782.295
91 83 7389.006
91 84 4875.039
91 85 2971.012
91 86 9393.719
91 87 5111.606
91 88 1745.492
91 89 1587.443
91 90 4830.048
91 91 0.000
91 92 8113.548
91 93 7117.879
91 94 3549.106
91 95 7692.437
91 96 5215.133
91 97 6451.769
91 98 3255.123
91 99 521.927
91 100 1054.076
92 0 4568.931
92 1 2994.627
92 2 6551.912
92 3 4331.590
92 4 4705.424
92 5 2899.687
92 6 7600.941
92 7 6625.404
92 8 1081.393
92 9 5355.068
92 10 7284.539
92 11 2334.913
92 12 4896.509
92 13 9905.739
92 14 5919.873
92 15 5595.467
92 16 930.910
92 17 3449.290
92 18 1125.236
92 19 3776.718
92 20 4836.966
92 21 2762.830
92 22 4103.923
92 23 4946.783
92 24 2476.870
92 25 1616.960
92 26 4250.538
92 27 5352.905
92 28 9130.596
92 29 5465.462
92 30 3318.261
92 31 2183.286
92 32 6092.522
92 33 3825.785
92 34 2694.637
92 35 4020.627
92 36 6909.452
92 37 4827.190
92 38 6447.208
92 39 2502.396
92 40 6788.422
92 41 5442.324
92 42 5251.632
92 43 1910.073
92 44 3437.556
92 45 4014.678
92 46 6904.779
92 47 2659.986
92 48 3009.714
92 49 3179.888
92 50 5616.464
92 51 7681.097
92 52 5544.920
92 53 6172.907
92 54 5176.523
92 55 1539.929
92 56 4329.372
92 57 2853.809
92 58 7670.681
92 59 3575.622
92 60 3839.700
92 61 3937.069
92 62 5441.998
92 63 7338.750
92 64 6239.103
92 65 8257.478
92 66 7184.429
92 67 3289.718
92 68 1841.221
92 69 1657.470
92 70 3470.083
92 71 4970.429
92 72 6336.352
92 73 6109.204
92 74 2199.701
92 75 2810.638
92 76 6326.033
92 77 2689.789
92 78 4954.826
92 79 3543.589
92 80 5753.397
92 81 1944.018
92 82 6458.054
92 83 4028.185
92 84 6738.944
92 85 6192.866
92 86 4182.978
92 87 7375.016
92 88 6985.662
92 89 8327.261
92 90 3335.137
92 91 8113.548
92 92 0.000
92 93 3666.889
92 94 4854.914
92 95 5954.002
92 96 4572.674
92 97 1700.472
92 98 10023.403
92 99 8635.420
92 100 9157.697
93 0 3319.486
93 1 777.870
93 2 3323.112
93 3 4583.043
93 4 1658.534
93 5 1341.021
93 6 6753.328
93 7 5925.399
93 8 4444.442
93 9 2991.285
93 10 7246.114
93 11 2460.254
93 12 5660.580
93 13 9642.566
93 14 7059.872
93 15 2287.936
93 16 3377.633
93 17 4398.935
93 18 2570.405
93 19 540.574
93 20 2130.361
93 21 3323.654
93 22 519.043
93 23 4428.369
93 24 1528.271
93 25 2157.633
93 26 2526.548
93 27 4137.471
93 28 8349.384
93 29 2978.262
93 30 2459.245
93 31 5723.912
93 32 6730.686
93 33 1705.628
93 34 5592.560
93 35 5797.049
93 36 7187.156
93 37 2924.361
93 38 2821.010
93 39 1332.757
93 40 5476.557
93 41 1816.818
93 42 6160.082
93 43 4214.355
93 44 1157.710
93 45 1209.954
93 46 4803.831
93 47 1856.934
93 48 6489.540
93 49 655.784
93 50 2677.140
93 51 8249.263
93 52 5548.938
93 53 4590.476
93 54 4967.898
93 55 5131.561
93 56 3130.874
93 57 6070.220
93 58 7996.239
93 59 6774.193
93 60 3686.002
93 61 5127.416
93 62 2598.515
93 63 4516.177
93 64 3211.528
93 65 8410.955
93 66 7873.415
93 67 1785.378
93 68 4829.946
93 69 2479.205
93 70 1879.911
93 71 1438.229
93 72 3581.428
93 73 3861.141
93 74 3192.396
93 75 2379.085
93 76 5294.569
93 77 5075.884
93 78 1292.290
93 79 6993.575
93 80 7250.115
93 81 2534.688
93 82 7338.668
93 83 6871.057
93 84 3721.054
93 85 4301.810
93 86 2276.894
93 87 4252.599
93 88 6776.010
93 89 8010.121
93 90 3165.238
93 91 7117.879
93 92 3666.889
93 93 0.000
93 94 3657.182
93 95 2299.336
93 96 1967.155
93 97 3537.926
93 98 9935.572
93 99 7583.837
93 100 8002.160
94 0 350.089
94 1 3286.697
94 2 3296.960
94 3 1747.785
94 4 5229.730
94 5 4620.222
94 6 3132.415
94 7 2269.160
94 8 4824.408
94 9 6624.994
94 10 3644.698
94 11 5379.613
94 12 2768.937
94 13 5985.427
94 14 4103.968
94 15 5574.400
94 16 3970.749
94 17 2422.566
94 18 4387.024
94 19 3136.958
94 20 5751.299
94 21 2226.167
94 22 4021.407
94 23 969.305
94 24 2982.532
94 25 3597.747
94 26 1133.445
94 27 531.422
94 28 4742.646
94 29 1694.004
94 30 1624.984
94 31 5874.705
94 32 3483.673
94 33 1951.980
94 34 4857.197
94 35 3784.785
94 36 3696.124
94 37 944.249
94 38 5325.508
94 39 4234.814
94 40 2002.827
94 41 4651.776
94 42 3230.457
94 43 3735.249
94 44 2545.918
94 45 2506.367
94 46 2171.634
94 47 2508.767
94 48 6311.654
94 49 4038.960
94 50 6165.165
94 51 4807.038
94 52 2127.285
94 53 1319.754
94 54 1550.675
94 55 5577.439
94 56 585.717
94 57 5562.744
94 58 4471.752
94 59 6037.918
94 60 1280.410
94 61 2876.104
94 62 2205.372
94 63 3172.632
94 64 2771.801
94 65 4817.520
94 66 4518.038
94 67 2060.130
94 68 4576.692
94 69 4925.344
94 70 5390.292
94 71 4655.991
94 72 2408.664
94 73 1666.403
94 74 2734.668
94 75 2107.381
94 76 1678.469
94 77 4050.278
94 78 4132.778
94 79 6641.859
94 80 4540.444
94 81 2939.576
94 82 4155.257
94 83 5628.608
94 84 3035.043
94 85 1438.956
94 86 5908.926
94 87 3635.949
94 88 3152.721
94 89 4354.239
94 90 1561.389
94 91 3549.106
94 92 4854.914
94 93 3657.182
94 94 0.000
94 95 4782.528
94 96 1961.344
94 97 3369.044
94 98 6282.941
94 99 4047.229
94 100 4519.579
95 0 4529.683
95 1 3043.844
95 2 2485.727
95 3 6203.886
95 4 1862.715
95 5 3279.236
95 6 7467.391
95 7 6844.563
95 8 6741.496
95 9 2932.622
95 10 8369.292
95 11 4374.996
95 12 7322.726
95 13 10450.015
95 14 8732.399
95 15 1327.602
95 16 5667.034
95 17 6296.874
95 18 4842.004
95 19 2361.318
95 20 2292.543
95 21 5316.206
95 22 1853.135
95 23 5728.079
95 24 3753.489
95 25 4453.829
95 26 3779.302
95 27 5107.296
95 28 8938.979
95 29 3338.571
95 30 4232.888
95 31 8022.590
95 32 8227.040
95 33 3206.799
95 34 7824.618
95 35 7777.902
95 36 8475.122
95 37 3845.659
95 38 574.482
95 39 3508.858
95 40 6077.205
95 41 550.463
95 42 7822.680
95 43 6428.838
95 44 3021.171
95 45 2592.939
95 46 4917.241
95 47 3951.585
95 48 8783.033
95 49 2794.802
95 50 2077.783
95 51 9588.615
95 52 6900.858
95 53 5184.916
95 54 6313.320
95 55 7430.518
95 56 4443.158
95 57 8337.534
95 58 9237.523
95 59 9030.041
95 60 5337.928
95 61 7000.578
95 62 2747.363
95 63 3925.692
95 64 2766.768
95 65 9533.090
95 66 9295.793
95 67 3612.779
95 68 7095.216
95 69 4619.769
95 70 3291.251
95 71 1102.976
95 72 3364.756
95 73 4102.413
95 74 5320.917
95 75 4360.420
95 76 6117.057
95 77 7245.446
95 78 1008.965
95 79 9282.429
95 80 9041.204
95 81 4741.319
95 82 8885.285
95 83 9059.453
95 84 3089.785
95 85 4728.110
95 86 3131.331
95 87 3302.392
95 88 7858.773
95 89 8909.010
95 90 4959.314
95 91 7692.437
95 92 5954.002
95 93 2299.336
95 94 4782.528
95 95 0.000
95 96 2841.119
95 97 5755.197
95 98 10825.291
95 99 8069.855
95 100 8375.685
96 0 1690.695
96 1 1951.641
96 2 2041.819
96 3 3395.049
96 4 3367.430
96 5 3202.332
96 6 4891.264
96 7 4141.919
96 8 4976.335
96 9 4785.201
96 10 5595.750
96 11 4205.110
96 12 4509.982
96 13 7840.349
96 14 5911.008
96 15 3627.250
96 16 3908.132
96 17 3639.285
96 18 3713.862
96 19 1431.829
96 20 3911.492
96 21 2832.517
96 22 2202.106
96 23 2890.397
96 24 2128.338
96 25 2984.565
96 26 951.525
96 27 2347.350
96 28 6460.686
96 29 1040.477
96 30 1667.919
96 31 6220.819
96 32 5386.039
96 33 755.778
96 34 5610.438
96 35 5140.449
96 36 5655.764
96 37 1060.792
96 38 3397.455
96 39 2978.587
96 40 3561.883
96 41 2690.456
96 42 5005.217
96 43 4247.752
96 44 1214.167
96 45 777.768
96 46 2844.911
96 47 1930.568
96 48 6850.815
96 49 2521.488
96 50 4248.452
96 51 6763.746
96 52 4063.945
96 53 2659.207
96 54 3474.625
96 55 5749.887
96 56 1605.106
96 57 6237.490
96 58 6433.018
96 59 6852.979
96 60 2566.914
96 61 4296.618
96 62 869.363
96 63 2807.231
96 64 1671.754
96 65 6767.699
96 66 6458.733
96 67 1318.250
96 68 5050.514
96 69 3977.708
96 70 3840.753
96 71 2720.116
96 72 1804.356
96 73 1903.923
96 74 3053.319
96 75 2019.713
96 76 3455.084
96 77 4899.433
96 78 2179.085
96 79 7284.067
96 80 6255.659
96 81 2758.528
96 82 6045.509
96 83 6683.388
96 84 2166.393
96 85 2338.734
96 86 4226.227
96 87 2806.620
96 88 5095.725
96 89 6238.492
96 90 2307.152
96 91 5215.133
96 92 4572.674
96 93 1967.155
96 94 1961.344
96 95 2841.119
96 96 0.000
96 97 3647.178
96 98 8171.962
96 99 5662.698
96 100 6061.484
97 0 3134.809
97 1 2760.064
97 2 5687.163
97 3 2634.488
97 4 5005.179
97 5 3401.671
97 6 5930.514
97 7 4955.477
97 8 1457.379
97 9 6011.095
97 10 5586.428
97 11 3393.692
97 12 3229.555
97 13 8208.106
97 14 4355.770
97 15 5784.717
97 16 786.216
97 17 1757.533
97 18 1921.113
97 19 3394.878
97 20 5307.360
97 21 1152.591
97 22 4053.047
97 23 3306.819
97 24 2014.320
97 25 1566.025
97 26 3040.720
97 27 3824.648
97 28 7441.691
97 29 4338.442
97 30 2064.236
97 31 2602.975
97 32 4435.775
97 33 2912.426
97 34 2069.630
97 35 2593.868
97 36 5225.762
97 37 3568.973
97 38 6310.284
97 39 2886.095
97 40 5204.475
97 41 5327.305
97 42 3617.538
97 43 676.750
97 44 2792.544
97 45 3337.103
97 46 5514.545
97 47 1837.305
97 48 3203.654
97 49 3322.449
97 50 6021.770
97 51 6039.493
97 52 3845.181
97 53 4678.620
97 54 3491.601
97 55 2222.298
97 56 2918.131
97 57 2622.846
97 58 5998.916
97 59 3287.675
97 60 2220.716
97 61 2307.147
97 62 4476.012
97 63 6199.634
97 64 5280.904
97 65 6575.220
97 66 5554.454
97 67 2353.567
97 68 1406.235
97 69 2689.210
97 70 4182.838
97 71 4975.430
97 72 5234.924
97 73 4823.119
97 74 648.192
97 75 1630.760
97 76 4708.339
97 77 1560.459
97 78 4762.307
97 79 3644.886
97 80 4290.955
97 81 1013.966
97 82 4849.167
97 83 3334.072
97 84 5736.062
97 85 4782.893
97 86 4907.478
97 87 6391.299
97 88 5285.382
97 89 6626.791
97 90 1807.931
97 91 6451.769
97 92 1700.472
97 93 3537.926
97 94 3369.044
97 95 5755.197
97 96 3647.178
97 97 0.000
97 98 8333.802
97 99 6973.402
97 100 7501.663
98 0 6616.518
98 1 9496.635
98 2 8669.212
98 3 5779.319
98 4 11507.896
98 5 10791.211
98 6 3369.546
98 7 4031.295
98 8 9401.269
98 9 12907.652
98 10 2781.784
98 11 11355.396
98 12 5142.905
98 13 516.902
98 14 4497.010
98 15 11789.350
98 16 9119.744
98 17 6576.627
98 18 10064.825
98 19 9419.506
98 20 12033.473
98 21 7439.860
98 22 10302.954
98 23 5552.182
98 24 9033.073
98 25 9378.351
98 26 7416.377
98 27 5832.121
98 28 2181.346
98 29 7487.464
98 30 7649.111
98 31 9776.799
98 32 3993.549
98 33 8230.505
98 34 8309.431
98 35 6384.310
98 36 3117.980
98 37 7112.185
98 38 11306.716
98 39 10345.939
98 40 4761.912
98 41 10808.220
98 42 4861.504
98 43 8189.785
98 44 8802.951
98 45 8786.003
98 46 6104.711
98 47 8523.893
98 48 9670.197
98 49 10271.991
98 50 12419.845
98 51 2605.580
98 52 4578.215
98 53 5641.267
98 54 5085.458
98 55 9887.700
98 56 6807.711
98 57 8883.755
98 58 2409.600
98 59 8829.002
98 60 6524.241
98 61 6129.860
98 62 8077.971
98 63 7565.704
98 64 8211.700
98 65 1783.550
98 66 3110.581
98 67 8246.008
98 68 8709.934
98 69 10762.752
98 70 11598.588
98 71 10891.363
98 72 7611.517
98 73 6759.482
98 74 7963.129
98 75 7983.599
98 76 4726.636
98 77 7720.244
98 78 10339.434
98 79 9651.308
98 80 5027.807
98 81 8558.874
98 82 3850.197
98 83 7939.262
98 84 8116.111
98 85 6114.265
98 86 12163.978
98 87 8366.723
98 88 3189.320
98 89 1933.709
98 90 7126.546
98 91 3255.123
98 92 10023.403
98 93 9935.572
98 94 6282.941
98 95 10825.291
98 96 8171.962
98 97 8333.802
98 98 0.000
98 99 3060.548
98 100 3083.061
99 0 4395.682
99 1 7311.540
99 2 5761.295
99 3 4390.500
99 4 9020.457
99 5 8649.992
99 6 1054.292
99 7 2020.584
99 8 8312.533
99 9 10440.192
99 10 2312.981
99 11 9424.613
99 12 4378.214
99 13 2582.669
99 14 4646.452
99 15 9157.275
99 16 7706.588
99 17 5380.472
99 18 8357.245
99 19 7044.607
99 20 9569.480
99 21 5873.077
99 22 7864.160
99 23 3692.671
99 24 7026.300
99 25 7586.023
99 26 5105.579
99 27 3520.034
99 28 908.679
99 29 4803.650
99 30 5643.871
99 31 9058.038
99 32 3761.311
99 33 5923.125
99 34 7704.449
99 35 5913.737
99 36 2964.381
99 37 4659.516
99 38 8505.072
99 39 8279.623
99 40 2107.289
99 41 8135.752
99 42 4407.385
99 43 7077.929
99 44 6545.035
99 45 6377.567
99 46 3181.923
99 47 6542.555
99 48 9217.370
99 49 8039.114
99 50 9842.410
99 51 3560.961
99 52 3298.252
99 53 3003.493
99 54 3500.127
99 55 8964.788
99 56 4631.930
99 57 8393.605
99 58 3021.193
99 59 8592.799
99 60 4802.008
99 61 5265.042
99 62 5367.488
99 63 4556.518
99 64 5348.196
99 65 2731.485
99 66 3761.166
99 67 6104.653
99 68 7803.110
99 69 8946.716
99 70 9395.590
99 71 8308.479
99 72 4738.578
99 73 3973.205
99 74 6436.502
99 75 6089.273
99 76 2379.640
99 77 6945.117
99 78 7731.931
99 79 9369.036
99 80 5320.184
99 81 6847.809
99 82 4134.721
99 83 7850.419
99 84 5178.533
99 85 3376.981
99 86 9860.723
99 87 5361.551
99 88 2151.676
99 89 1659.278
99 90 5349.212
99 91 521.927
99 92 8635.420
99 93 7583.837
99 94 4047.229
99 95 8069.855
99 96 5662.698
99 97 6973.402
99 98 3060.548
99 99 0.000
99 100 540.938
100 0 4865.389
100 1 7760.774
100 2 6010.823
100 3 4927.289
100 4 9401.872
100 5 9099.073
100 6 1593.800
100 7 2554.474
100 8 8847.798
100 9 10820.678
100 10 2785.662
100 11 9898.806
100 12 4915.421
100 13 2576.320
100 14 5142.358
100 15 9499.421
100 16 8230.015
100 17 5918.763
100 18 8858.007
100 19 7461.752
100 20 9954.048
100 21 6394.867
100 22 8262.663
100 23 4211.514
100 24 7502.108
100 25 8082.209
100 26 5551.824
100 27 3989.101
100 28 929.681
100 29 5162.749
100 30 6129.347
100 31 9598.766
100 32 4268.120
100 33 6361.878
100 34 8244.987
100 35 6449.424
100 36 3441.998
100 37 5083.136
100 38 8790.129
100 39 8741.166
100 40 2541.666
100 41 8470.314
100 42 4934.610
100 43 7614.631
100 44 6987.455
100 45 6792.746
100 46 3459.634
100 47 7024.380
100 48 9757.356
100 49 8476.512
100 50 10197.368
100 51 3949.122
100 52 3839.160
100 53 3411.711
100 54 4035.603
100 55 9503.163
100 56 5105.295
100 57 8933.499
100 58 3419.207
100 59 9128.274
100 60 5320.376
100 61 5805.737
100 62 5710.608
100 63 4736.460
100 64 5626.570
100 65 3057.232
100 66 4192.084
100 67 6568.728
100 68 8342.772
100 69 9435.175
100 70 9831.799
100 71 8668.858
100 72 5019.024
100 73 4306.746
100 74 6958.071
100 75 6583.612
100 76 2870.497
100 77 7486.055
100 78 8088.587
100 79 9906.513
100 80 5814.796
100 81 7354.586
100 82 4610.916
100 83 8379.900
100 84 5414.429
100 85 3742.325
100 86 10277.558
100 87 5538.129
100 88 2667.568
100 89 1997.431
100 90 5859.398
100 91 1054.076
100 92 9157.697
100 93 8002.160
100 94 4519.579
100 95 8375.685
100 96 6061.484
100 97 7501.663
100 98 3083.061
100 99 540.938
100 100 0.000
