# i j distance_m; directed OSRM/OSM truck distance; depot 0 + customers 1..100
0 0 0.000
0 1 5285.900
0 2 5650.000
0 3 2344.400
0 4 7894.500
0 5 7090.400
0 6 5093.000
0 7 3845.700
0 8 7404.000
0 9 9899.400
0 10 5926.200
0 11 8631.100
0 12 3870.000
0 13 8199.500
0 14 6190.200
0 15 8298.700
0 16 6722.200
0 17 5379.800
0 18 7162.800
0 19 4864.700
0 20 8242.800
0 21 4129.300
0 22 6360.600
0 23 1582.500
0 24 5587.100
0 25 6360.400
0 26 2734.600
0 27 1619.300
0 28 6448.500
0 29 3810.200
0 30 4204.000
0 31 8195.800
0 32 5207.400
0 33 3656.800
0 34 8280.000
0 35 6454.400
0 36 4934.200
0 37 3361.700
0 38 8399.700
0 39 6870.000
0 40 3520.200
0 41 7226.200
0 42 7038.000
0 43 6349.000
0 44 4639.600
0 45 4427.300
0 46 4291.600
0 47 5263.900
0 48 8592.500
0 49 6224.000
0 50 8751.500
0 51 6928.100
0 52 3785.800
0 53 3125.800
0 54 2743.800
0 55 8379.100
0 56 2313.800
0 57 8243.000
0 58 6657.300
0 59 8916.300
0 60 1814.100
0 61 4118.900
0 62 4830.200
0 63 6620.700
0 64 5143.600
0 65 7295.000
0 66 7101.100
0 67 4247.500
0 68 7004.700
0 69 8021.200
0 70 8158.200
0 71 6857.700
0 72 4264.200
0 73 3821.600
0 74 4904.000
0 75 4452.700
0 76 2941.600
0 77 7517.400
0 78 6425.900
0 79 9463.100
0 80 7293.900
0 81 5510.400
0 82 6633.600
0 83 7184.300
0 84 5035.200
0 85 3153.300
0 86 8325.400
0 87 5491.100
0 88 5342.300
0 89 6324.100
0 90 3507.400
0 91 6462.800
0 92 7716.500
0 93 6070.700
0 94 781.200
0 95 7461.600
0 96 4001.900
0 97 6063.600
0 98 9196.400
0 99 5990.700
0 100 5940.200
1 0 4342.500
1 1 0.000
1 2 4908.300
1 3 6685.600
1 4 2506.700
1 5 1835.000
1 6 8247.900
1 7 7000.600
1 8 5910.300
1 9 4846.800
1 10 9081.000
1 11 3375.700
1 12 7253.600
1 13 11754.300
1 14 7909.300
1 15 3622.900
1 16 3860.400
1 17 4483.200
1 18 2683.800
1 19 916.400
1 20 3493.400
1 21 3264.500
1 22 2345.800
1 23 5930.000
1 24 1849.700
1 25 1798.600
1 26 3298.900
1 27 4776.500
1 28 10164.500
1 29 4286.400
1 30 2638.100
1 31 6948.200
1 32 7837.200
1 33 2130.200
1 34 7367.400
1 35 7609.600
1 36 8367.200
1 37 3911.400
1 38 4538.300
1 39 1614.600
1 40 6675.000
1 41 3364.800
1 42 6467.400
1 43 5436.400
1 44 1388.800
1 45 1877.100
1 46 6795.700
1 47 1703.300
1 48 7679.900
1 49 1038.500
1 50 3899.300
1 51 9240.400
1 52 7647.600
1 53 5820.300
1 54 6605.700
1 55 6533.200
1 56 3679.100
1 57 7330.400
1 58 9812.100
1 59 8003.700
1 60 5815.500
1 61 5274.100
1 62 4852.500
1 63 6818.200
1 64 5035.000
1 65 10812.500
1 66 9216.700
1 67 2060.300
1 68 6092.100
1 69 3542.200
1 70 2902.800
1 71 2996.200
1 72 5696.100
1 73 5507.000
1 74 3336.000
1 75 2285.000
1 76 6098.800
1 77 6604.900
1 78 2564.500
1 79 8550.500
1 80 8274.900
1 81 2444.200
1 82 8352.800
1 83 8339.500
1 84 5706.000
1 85 5889.900
1 86 3070.000
1 87 5688.500
1 88 8497.200
1 89 10040.000
1 90 3481.500
1 91 10178.700
1 92 3729.300
1 93 1100.100
1 94 4306.100
1 95 3600.200
1 96 3054.000
1 97 5151.000
1 98 12714.000
1 99 9145.600
1 100 9095.100
2 0 4700.400
2 1 4406.900
2 2 0.000
2 3 7043.500
2 4 4967.700
2 5 6211.300
2 6 7579.800
2 7 6363.300
2 8 8333.200
2 9 6400.500
2 10 8443.700
2 11 7752.000
2 12 8639.100
2 13 11278.100
2 14 10325.800
2 15 4484.800
2 16 6283.300
2 17 6871.400
2 18 6283.700
2 19 3985.700
2 20 5316.100
2 21 5682.400
2 22 5045.600
2 23 6287.900
2 24 4925.600
2 25 5481.300
2 26 3656.800
2 27 5134.500
2 28 9527.100
2 29 2090.200
2 30 4181.100
2 31 9371.100
2 32 9343.100
2 33 2992.300
2 34 9755.600
2 35 9997.800
2 36 8514.800
2 37 3334.300
2 38 4260.400
2 39 5990.900
2 40 6006.900
2 41 3095.800
2 42 8855.600
2 43 7824.600
2 44 3978.200
2 45 3014.900
2 46 3839.700
2 47 4602.400
2 48 10068.100
2 49 5344.900
2 50 5228.700
2 51 9445.700
2 52 8010.600
2 53 4698.500
2 54 6963.700
2 55 8956.100
2 56 4037.000
2 57 9718.700
2 58 9174.800
2 59 10391.900
2 60 6173.500
2 61 7662.300
2 62 1944.700
2 63 2415.800
2 64 877.800
2 65 9812.500
2 66 9618.700
2 67 3586.000
2 68 8480.300
2 69 7142.100
2 70 7279.100
2 71 4152.700
2 72 2412.900
2 73 3313.300
2 74 5725.500
2 75 4454.400
2 76 5886.300
2 77 8993.100
2 78 3156.100
2 79 10938.700
2 80 10663.100
2 81 4853.100
2 82 10487.900
2 83 10727.700
2 84 1175.200
2 85 4113.000
2 86 6548.200
2 87 1286.200
2 88 7859.900
2 89 9402.600
2 90 4799.100
2 91 9541.400
2 92 7277.600
2 93 4556.400
2 94 4664.000
2 95 3331.200
2 96 2601.200
2 97 7539.200
2 98 11713.900
2 99 8477.500
2 100 8427.000
3 0 2778.500
3 1 5476.200
3 2 6428.300
3 3 0.000
3 4 8239.800
3 5 7230.600
3 6 4746.600
3 7 4631.000
3 8 6530.800
3 9 10530.700
3 10 5533.800
3 11 8771.300
3 12 1718.500
3 13 7480.000
3 14 3452.800
3 15 8644.000
3 16 6065.400
3 17 3268.600
3 18 6489.800
3 19 5055.000
3 20 9493.700
3 21 4123.300
3 22 6575.200
3 23 3834.800
3 24 5635.600
3 25 5709.900
3 26 3384.700
3 27 3212.600
3 28 5729.100
3 29 4910.700
3 30 4198.100
3 31 7443.000
3 32 2937.600
3 33 3827.200
3 34 6244.000
3 35 4302.900
3 36 4214.800
3 37 4955.000
3 38 8745.000
3 39 6544.000
3 40 5111.100
3 41 7571.500
3 42 3122.900
3 43 5475.700
3 44 4810.000
3 45 4772.600
3 46 5882.500
3 47 5312.400
3 48 7272.000
3 49 6414.300
3 50 9096.800
3 51 4784.000
3 52 1522.200
3 53 4719.100
3 54 1850.400
3 55 7626.300
3 56 2307.800
3 57 6665.000
3 58 5274.100
3 59 6207.000
3 60 1126.800
3 61 1967.500
3 62 5476.800
3 63 8214.000
3 64 5856.500
3 65 5911.800
3 66 4760.200
3 67 4417.800
3 68 6131.400
3 69 7348.200
3 70 7832.200
3 71 7203.000
3 72 5857.400
3 73 5645.800
3 74 4029.700
3 75 4446.800
3 76 4166.200
3 77 5356.000
3 78 6771.200
3 79 7790.500
3 80 3818.400
3 81 4636.100
3 82 3896.300
3 83 5032.800
3 84 6628.500
3 85 4760.500
3 86 9911.400
3 87 7084.400
3 88 4950.000
3 89 5604.600
3 90 3501.400
3 91 5743.400
3 92 7059.600
3 93 6086.100
3 94 2742.200
3 95 7806.900
3 96 4347.200
3 97 5190.400
3 98 7813.200
3 99 5566.100
3 100 6380.400
4 0 6423.900
4 1 2554.000
4 2 4908.900
4 3 8767.000
4 4 0.000
4 5 2146.200
4 6 10329.300
4 7 9082.000
4 8 8388.900
4 9 2591.000
4 10 11162.400
4 11 3686.900
4 12 9732.200
4 13 14233.000
4 14 10387.900
4 15 1142.800
4 16 6339.000
4 17 6961.800
4 18 4596.800
4 19 3082.400
4 20 1013.200
4 21 5743.100
4 22 3443.900
4 23 8011.400
4 24 4328.300
4 25 4277.200
4 26 5380.300
4 27 6857.900
4 28 12245.900
4 29 5651.600
4 30 5147.600
4 31 8988.300
4 32 10315.900
4 33 4336.000
4 34 9846.100
4 35 10088.300
4 36 10877.500
4 37 5522.300
4 38 3013.600
4 39 3647.300
4 40 8756.400
4 41 1840.400
4 42 8946.100
4 43 7915.000
4 44 3898.200
4 45 3958.500
4 46 8032.800
4 47 4182.000
4 48 10095.700
4 49 1931.000
4 50 1419.200
4 51 12164.400
4 52 9729.000
4 53 7057.400
4 54 8687.100
4 55 8573.300
4 56 5760.500
4 57 9809.100
4 58 11893.600
4 59 10610.900
4 60 7896.900
4 61 7752.800
4 62 6279.800
4 63 6818.800
4 64 5530.600
4 65 12531.200
4 66 12337.400
4 67 4569.700
4 68 8570.700
4 69 3963.500
4 70 3184.900
4 71 1806.700
4 72 6815.800
4 73 6744.100
4 74 5814.600
4 75 4763.600
4 76 8180.200
4 77 9083.500
4 78 2017.600
4 79 10966.200
4 80 10753.500
4 81 4922.800
4 82 10831.400
4 83 10818.100
4 84 6365.900
4 85 7127.000
4 86 2041.100
4 87 5689.100
4 88 10578.600
4 89 12121.400
4 90 5990.900
4 91 12260.100
4 92 5690.400
4 93 2399.400
4 94 6387.500
4 95 2824.700
4 96 4789.300
4 97 7629.700
4 98 14432.700
4 99 11227.000
4 100 11176.500
5 0 6525.500
5 1 2319.700
5 2 7125.500
5 3 7807.900
5 4 3224.800
5 5 0.000
5 6 10431.000
5 7 9183.700
5 8 6090.700
5 9 3735.400
5 10 10266.900
5 11 1540.700
5 12 7726.800
5 13 12227.600
5 14 8382.600
5 15 4136.000
5 16 4346.700
5 17 4956.500
5 18 2450.600
5 19 3236.000
5 20 2698.400
5 21 4694.800
5 22 3987.700
5 23 8113.100
5 24 3280.000
5 25 2271.900
5 26 5482.000
5 27 6959.600
5 28 12347.500
5 29 6469.500
5 30 4373.800
5 31 6842.100
5 32 8310.500
5 33 4291.100
5 34 7840.700
5 35 8082.900
5 36 8840.500
5 37 6094.500
5 38 6011.100
5 39 1501.100
5 40 8858.100
5 41 4843.900
5 42 6940.700
5 43 5909.700
5 44 3504.800
5 45 4060.200
5 46 8976.300
5 47 3133.600
5 48 7949.400
5 49 1756.100
5 50 3667.400
5 51 9713.700
5 52 7984.000
5 53 8001.000
5 54 8788.800
5 55 6427.100
5 56 5862.200
5 57 7990.200
5 58 9899.800
5 59 8464.600
5 60 6937.900
5 61 5747.400
5 62 7223.400
5 63 9137.900
5 64 7215.700
5 65 11285.800
5 66 9689.900
5 67 3936.700
5 68 6565.400
5 69 1817.200
5 70 1038.600
5 71 4810.200
5 72 7876.800
5 73 7687.700
5 74 3809.300
5 75 3715.300
5 76 8281.900
5 77 7078.100
5 78 4884.100
5 79 8820.000
5 80 8748.200
5 81 2917.500
5 82 8826.000
5 83 8812.700
5 84 7886.700
5 85 8070.600
5 86 2284.400
5 87 8008.200
5 88 10462.600
5 89 12603.100
5 90 4759.800
5 91 12361.800
5 92 3544.100
5 93 2530.700
5 94 6489.200
5 95 5828.300
5 96 5237.100
5 97 5624.300
5 98 13187.200
5 99 11328.600
5 100 11278.200
6 0 4795.100
6 1 7816.200
6 2 6640.100
6 3 4169.900
6 4 10424.700
6 5 9620.600
6 6 0.000
6 7 2117.100
6 8 9934.200
6 9 12429.600
6 10 2948.300
6 11 11161.300
6 12 5359.400
6 13 3709.500
6 14 4830.400
6 15 10828.900
6 16 9252.500
6 17 7910.100
6 18 9693.000
6 19 7394.900
6 20 10773.100
6 21 6659.500
6 22 8890.900
6 23 4690.000
6 24 8117.300
6 25 8890.600
6 26 5264.800
6 27 3941.800
6 28 1958.600
6 29 6340.500
6 30 6734.300
6 31 10726.000
6 32 3847.700
6 33 6187.100
6 34 10245.600
6 35 8649.600
6 36 3019.400
6 37 5892.000
6 38 10929.900
6 39 9400.200
6 40 2160.600
6 41 9756.500
6 42 5678.200
6 43 8879.200
6 44 7169.900
6 45 6957.600
6 46 3701.900
6 47 7794.200
6 48 11122.700
6 49 8754.200
6 50 11281.700
6 51 3950.300
6 52 2647.700
6 53 3305.700
6 54 2912.900
6 55 10909.300
6 56 4844.000
6 57 10666.600
6 58 3679.400
6 59 10208.600
6 60 5103.800
6 61 6314.100
6 62 6263.800
6 63 6261.500
6 64 6133.800
6 65 4317.100
6 66 4123.300
6 67 6777.700
6 68 9534.900
6 69 10551.400
6 70 10688.400
6 71 9387.900
6 72 5393.800
6 73 4686.700
6 74 7434.200
6 75 6982.900
6 76 2956.200
6 77 10047.700
6 78 8956.100
6 79 12447.000
6 80 5934.200
6 81 8040.600
6 82 4992.500
6 83 9034.400
6 84 6164.800
6 85 4572.400
6 86 10855.600
6 87 6620.700
6 88 2364.500
6 89 2828.400
6 90 6037.600
6 91 1476.100
6 92 10246.700
6 93 8600.900
6 94 4582.900
6 95 9991.800
6 96 6532.200
6 97 8593.800
6 98 6218.600
6 99 1298.800
6 100 2609.900
7 0 3794.700
7 1 7417.100
7 2 6262.500
7 3 3169.500
7 4 10025.700
7 5 9221.600
7 6 2181.300
7 7 0.000
7 8 9535.200
7 9 12030.600
7 10 2080.400
7 11 10762.300
7 12 4491.500
7 13 4914.800
7 14 3962.500
7 15 10429.900
7 16 8853.400
7 17 6813.800
7 18 9294.000
7 19 6995.900
7 20 10374.000
7 21 6260.500
7 22 8491.800
7 23 3689.600
7 24 7718.300
7 25 8491.600
7 26 4865.800
7 27 2941.500
7 28 3163.800
7 29 5941.400
7 30 6335.200
7 31 10327.000
7 32 2979.800
7 33 5788.000
7 34 9377.700
7 35 7781.700
7 36 2151.500
7 37 5492.900
7 38 10530.900
7 39 9001.200
7 40 2489.400
7 41 9357.400
7 42 4810.300
7 43 8480.200
7 44 6770.800
7 45 6558.500
7 46 3324.300
7 47 7395.100
7 48 10405.700
7 49 8355.200
7 50 10882.700
7 51 3082.400
7 52 1647.300
7 53 2906.700
7 54 1912.500
7 55 10510.300
7 56 4445.000
7 57 9798.700
7 58 2811.500
7 59 9340.700
7 60 4103.400
7 61 5446.200
7 62 5886.100
7 63 6342.200
7 64 5756.200
7 65 3449.200
7 66 3255.400
7 67 6378.700
7 68 9135.900
7 69 10152.400
7 70 10289.400
7 71 8988.800
7 72 5016.100
7 73 4309.000
7 74 7035.200
7 75 6583.900
7 76 1665.600
7 77 8834.800
7 78 8557.100
7 79 11579.100
7 80 5066.300
7 81 7641.500
7 82 4124.600
7 83 8166.500
7 84 5787.200
7 85 4194.800
7 86 10456.600
7 87 6243.100
7 88 1496.600
7 89 3039.300
7 90 5638.600
7 91 3178.100
7 92 9847.700
7 93 8201.900
7 94 3582.600
7 95 9592.800
7 96 6133.100
7 97 8194.800
7 98 5350.700
7 99 3000.900
7 100 3815.100
8 0 5741.800
8 1 5063.900
8 2 7466.900
8 3 6780.700
8 4 7540.100
8 5 5623.700
8 6 9647.300
8 7 8400.000
8 8 0.000
8 9 8931.300
8 10 9219.200
8 11 6032.500
8 12 6679.200
8 13 11187.000
8 14 7835.500
8 15 9331.900
8 16 1437.400
8 17 3908.800
8 18 4883.000
8 19 5980.300
8 20 7894.400
8 21 4385.300
8 22 7409.700
8 23 7329.400
8 24 4007.000
8 25 4103.100
8 26 5567.300
8 27 6175.900
8 28 11563.800
8 29 6554.800
8 30 4457.000
8 31 2570.700
8 32 7262.800
8 33 4865.600
8 34 2833.200
8 35 5183.000
8 36 7792.800
8 37 6179.800
8 38 9524.300
8 39 4937.200
8 40 8074.400
8 41 8350.800
8 42 5893.000
8 43 1521.800
8 44 5013.700
8 45 5569.100
8 46 8474.600
8 47 3683.800
8 48 2967.400
8 49 5764.500
8 50 8863.300
8 51 8666.000
8 52 6936.400
8 53 7499.200
8 54 8005.100
8 55 2464.600
8 56 5271.100
8 57 2617.900
8 58 8852.200
8 59 3291.200
8 60 5910.700
8 61 4699.700
8 62 7120.900
8 63 9686.900
8 64 7557.200
8 65 9489.800
8 66 8642.300
8 67 4183.300
8 68 882.600
8 69 6209.900
8 70 6225.400
8 71 7982.200
8 72 7421.000
8 73 7209.300
8 74 3511.200
8 75 3717.100
8 76 7498.200
8 77 2690.200
8 78 7550.500
8 79 3838.000
8 80 6680.100
8 81 2912.500
8 82 8279.000
8 83 4326.400
8 84 8192.000
8 85 7568.800
8 86 8312.000
8 87 8557.300
8 88 9415.000
8 89 11562.500
8 90 3732.600
8 91 11578.100
8 92 2461.900
8 93 6240.800
8 94 5705.500
8 95 8586.200
8 96 5385.900
8 97 2599.200
8 98 11391.300
8 99 10544.900
8 100 10494.500
9 0 8037.200
9 1 4566.700
9 2 6522.200
9 3 10598.400
9 4 2012.700
9 5 3773.400
9 6 11942.600
9 7 10695.300
9 8 9194.600
9 9 0.000
9 10 13057.300
9 11 3579.200
9 12 10517.300
9 13 15018.100
9 14 11173.000
9 15 2495.300
9 16 7144.700
9 17 7746.900
9 18 5849.700
9 19 4878.800
9 20 1265.300
9 21 7540.400
9 22 5057.200
9 23 9624.700
9 24 6141.300
9 25 5069.800
9 26 6993.600
9 27 8471.200
9 28 13859.200
9 29 7264.900
9 30 7235.100
9 31 9383.100
9 32 11100.900
9 33 5949.300
9 34 10631.100
9 35 10873.300
9 36 11630.900
9 37 7135.600
9 38 4291.500
9 39 4309.600
9 40 10369.700
9 41 3453.700
9 42 9731.100
9 43 8700.100
9 44 6366.100
9 45 5571.800
9 46 9646.100
9 47 5995.000
9 48 10943.600
9 49 3943.700
9 50 1947.700
9 51 12504.100
9 52 10774.500
9 53 8670.700
9 54 10300.400
9 55 8968.100
9 56 7373.800
9 57 10594.200
9 58 12690.300
9 59 11267.400
9 60 9728.300
9 61 8537.800
9 62 7893.100
9 63 8432.100
9 64 7143.900
9 65 14076.300
9 66 12480.400
9 67 6798.000
9 68 9355.800
9 69 4584.200
9 70 3610.100
9 71 3420.000
9 72 8429.100
9 73 8357.400
9 74 6831.000
9 75 6561.000
9 76 9793.500
9 77 9868.600
9 78 3630.900
9 79 11814.200
9 80 11538.600
9 81 5715.400
9 82 11616.500
9 83 11603.200
9 84 7979.200
9 85 8740.300
9 86 1639.100
9 87 7302.400
9 88 12191.900
9 89 15393.500
9 90 7550.200
9 91 13873.400
9 92 6352.700
9 93 4568.100
9 94 8000.800
9 95 4438.000
9 96 6402.600
9 97 8414.700
9 98 15977.700
9 99 12840.300
9 100 12789.800
10 0 6507.900
10 1 8518.200
10 2 7363.500
10 3 4978.700
10 4 11126.700
10 5 10322.600
10 6 2399.800
10 7 2278.700
10 8 9567.200
10 9 13131.600
10 10 0.000
10 11 11863.300
10 12 3982.700
10 13 3758.600
10 14 3453.700
10 15 11530.900
10 16 9101.700
10 17 6305.000
10 18 10395.000
10 19 8096.900
10 20 11475.100
10 21 7361.500
10 22 9592.800
10 23 5498.800
10 24 8819.300
10 25 8746.300
10 26 5966.800
10 27 4750.600
10 28 3731.600
10 29 7042.500
10 30 7436.200
10 31 10067.900
10 32 2471.000
10 33 6889.000
10 34 8868.900
10 35 7272.900
10 36 1642.700
10 37 6594.000
10 38 11631.900
10 39 10102.200
10 40 3590.400
10 41 10458.400
10 42 4301.500
10 43 8512.100
10 44 7871.900
10 45 7659.600
10 46 4425.300
10 47 8496.100
10 48 9896.900
10 49 9456.200
10 50 11983.700
10 51 2573.600
10 52 3456.500
10 53 4007.700
10 54 3721.700
10 55 10251.200
10 56 5546.000
10 57 9289.900
10 58 2302.700
10 59 8831.900
10 60 5912.600
10 61 4937.400
10 62 6987.200
10 63 7443.300
10 64 6857.200
10 65 1612.800
10 66 2746.600
10 67 7479.700
10 68 9167.800
10 69 11253.400
10 70 11390.400
10 71 10089.900
10 72 6117.200
10 73 5410.100
10 74 7066.100
10 75 7684.900
10 76 3435.300
10 77 8325.900
10 78 9658.100
10 79 11070.300
10 80 4557.500
10 81 7672.500
10 82 3615.800
10 83 7657.700
10 84 6888.200
10 85 5295.800
10 86 11557.600
10 87 7344.100
10 88 897.400
10 89 1568.600
10 90 6739.600
10 91 3745.900
10 92 10096.000
10 93 9302.900
10 94 6471.500
10 95 10693.800
10 96 7234.100
10 97 8226.700
10 98 3514.300
10 99 3568.600
10 100 4382.900
11 0 7134.500
11 1 3117.600
11 2 7700.400
11 3 8605.800
11 4 3503.300
11 5 1459.500
11 6 11040.000
11 7 9792.700
11 8 6051.500
11 9 4857.400
11 10 11064.800
11 11 0.000
11 12 8524.700
11 13 13025.500
11 14 9180.500
11 15 4619.500
11 16 5144.700
11 17 5754.400
11 18 3248.500
11 19 3708.400
11 20 3686.800
11 21 5513.700
11 22 4482.400
11 23 8722.100
11 24 4098.900
11 25 3069.800
11 26 6091.000
11 27 7568.600
11 28 12956.500
11 29 7078.500
11 30 5192.800
11 31 5925.500
11 32 9108.400
11 33 5110.100
11 34 7410.800
11 35 9760.600
11 36 9638.400
11 37 6703.500
11 38 6335.900
11 39 2299.000
11 40 9467.100
11 41 5173.100
11 42 7738.600
11 43 6707.600
11 44 4323.700
11 45 4879.100
11 46 9795.300
11 47 3952.600
11 48 7032.900
11 49 2250.900
11 50 4655.700
11 51 10511.600
11 52 8781.900
11 53 8819.900
11 54 9397.800
11 55 5510.500
11 56 6471.200
11 57 7073.700
11 58 10697.700
11 59 7548.100
11 60 7735.800
11 61 6545.300
11 62 7644.600
11 63 9610.300
11 64 8034.600
11 65 12083.700
11 66 10487.800
11 67 4755.600
11 68 6802.000
11 69 900.700
11 70 2027.000
11 71 5139.400
11 72 8695.700
11 73 8506.600
11 74 4607.200
11 75 4534.200
11 76 8890.900
11 77 7876.000
11 78 5356.600
11 79 7903.400
11 80 9546.100
11 81 3715.400
11 82 9623.900
11 83 8904.000
11 84 8705.600
11 85 8889.500
11 86 3272.700
11 87 8480.600
11 88 11289.300
11 89 13401.000
11 90 5557.700
11 91 12970.800
11 92 3708.200
11 93 3025.400
11 94 7098.200
11 95 6157.500
11 96 5846.100
11 97 6422.200
11 98 13985.200
11 99 11937.600
11 100 11887.200
12 0 4304.100
12 1 6435.300
12 2 8793.500
12 3 1718.500
12 4 9928.000
12 5 6970.700
12 6 5484.800
12 7 5369.200
12 8 6270.900
12 9 10270.900
12 10 4414.300
12 11 8511.400
12 12 0.000
12 13 6388.800
12 14 2530.000
12 15 10671.400
12 16 5805.500
12 17 3008.700
12 18 6230.000
12 19 7351.700
12 20 9233.900
12 21 4446.600
12 22 8781.100
12 23 4573.000
12 24 5333.500
12 25 5450.100
12 26 4910.300
12 27 3824.800
12 28 6467.300
12 29 7028.300
12 30 5018.300
12 31 7116.700
12 32 2457.900
12 33 6192.100
12 34 5917.700
12 35 3976.700
12 36 2987.900
12 37 6579.800
12 38 10871.300
12 39 6284.200
12 40 6681.000
12 41 9697.800
12 42 1477.800
12 43 5215.900
12 44 6360.700
12 45 6916.100
12 46 6404.500
12 47 5010.400
12 48 6945.700
12 49 7135.900
12 50 10202.900
12 51 3861.100
12 52 2260.400
12 53 5429.100
12 54 2588.600
12 55 7300.000
12 56 3833.400
12 57 6338.700
12 58 4047.300
12 59 5880.700
12 60 2525.500
12 61 1641.200
12 62 8048.300
12 63 9838.800
12 64 8361.700
12 65 4684.900
12 66 3837.400
12 67 5509.900
12 68 5871.600
12 69 7088.400
12 70 7572.400
12 71 9329.200
12 72 7482.300
12 73 6167.000
12 74 3769.900
12 75 4505.500
12 76 4904.400
12 77 5029.700
12 78 8897.500
12 79 7464.200
12 80 2895.600
12 81 4376.300
12 82 2973.500
12 83 4706.500
12 84 8253.300
12 85 5498.700
12 86 9651.600
12 87 8709.200
12 88 4610.100
12 89 5985.700
12 90 3793.900
12 91 6481.600
12 92 6799.700
12 93 7504.900
12 94 4267.800
12 95 9933.200
12 96 6712.400
12 97 4930.500
12 98 6586.400
12 99 6304.300
12 100 7118.600
13 0 7985.900
13 1 11702.400
13 2 10392.700
13 3 7287.200
13 4 15195.100
13 5 12237.800
13 6 3789.600
13 7 5307.900
13 8 11542.700
13 9 15538.000
13 10 3688.500
13 11 13778.500
13 12 5958.900
13 13 0.000
13 14 5889.000
13 15 15938.500
13 16 11077.300
13 17 8281.200
13 18 11497.100
13 19 10741.700
13 20 14501.000
13 21 9718.400
13 22 12237.600
13 23 7880.800
13 24 10605.300
13 25 10717.200
13 26 8611.500
13 27 7132.600
13 28 1683.600
13 29 9687.200
13 30 10290.100
13 31 12334.500
13 32 5055.500
13 33 9533.800
13 34 11050.800
13 35 9249.100
13 36 4488.000
13 37 9238.700
13 38 14276.600
13 39 11551.300
13 40 5507.300
13 41 13103.200
13 42 6277.800
13 43 10487.600
13 44 11627.800
13 45 10304.300
13 46 7454.500
13 47 10282.100
13 48 12078.900
13 49 12403.000
13 50 15470.000
13 51 3763.000
13 52 5838.500
13 53 6652.500
13 54 6103.700
13 55 12517.800
13 56 8190.700
13 57 11471.800
13 58 3492.200
13 59 11013.800
13 60 8094.200
13 61 6913.600
13 62 10016.400
13 63 9608.200
13 64 9886.400
13 65 2349.500
13 66 3936.000
13 67 10781.600
13 68 11143.300
13 69 12355.500
13 70 12839.500
13 71 12734.600
13 72 9146.400
13 73 8439.300
13 74 9041.600
13 75 9777.200
13 76 6464.600
13 77 10302.200
13 78 12302.800
13 79 12597.400
13 80 6869.500
13 81 9648.000
13 82 4805.200
13 83 9839.600
13 84 9917.400
13 85 8325.000
13 86 14918.700
13 87 10373.300
13 88 4563.200
13 89 2275.900
13 90 9065.600
13 91 3168.900
13 92 12071.500
13 93 12772.000
13 94 7773.800
13 95 13338.500
13 96 9878.900
13 97 10202.300
13 98 4250.900
13 99 2797.400
13 100 2906.900
14 0 6176.500
14 1 7786.900
14 2 10099.500
14 3 3366.400
14 4 11279.600
14 5 8322.300
14 6 5135.800
14 7 5014.700
14 8 6961.100
14 9 11622.500
14 10 3437.600
14 11 9863.000
14 12 2038.000
14 13 5412.000
14 14 0.000
14 15 12023.000
14 16 7157.100
14 17 4360.400
14 18 7581.600
14 19 8703.300
14 20 10585.500
14 21 5798.200
14 22 10132.700
14 23 6071.400
14 24 6685.100
14 25 6801.700
14 26 7131.200
14 27 5323.300
14 28 6467.600
14 29 7929.500
14 30 6369.900
14 31 6753.300
14 32 1481.200
14 33 7543.700
14 34 5554.200
14 35 4865.100
14 36 2011.200
14 37 7567.300
14 38 12222.900
14 39 7635.800
14 40 6326.400
14 41 11049.400
14 42 1406.200
14 43 7291.300
14 44 7712.300
14 45 8267.700
14 46 7161.300
14 47 6362.000
14 48 6582.300
14 49 8487.500
14 50 11554.500
14 51 2884.400
14 52 3640.800
14 53 6743.700
14 54 4294.300
14 55 6936.500
14 56 5481.200
14 57 5975.300
14 58 3070.500
14 59 5517.300
14 60 4173.300
14 61 2992.800
14 62 9723.200
14 63 10179.200
14 64 9593.200
14 65 3708.200
14 66 1803.900
14 67 6861.500
14 68 7324.500
14 69 8440.000
14 70 8924.000
14 71 10680.800
14 72 8853.200
14 73 8146.100
14 74 5121.500
14 75 5857.100
14 76 4842.000
14 77 5663.100
14 78 10249.100
14 79 7100.800
14 80 917.000
14 81 5727.900
14 82 979.800
14 83 4343.100
14 84 9624.200
14 85 6997.200
14 86 11003.200
14 87 10080.100
14 88 3633.300
14 89 5009.000
14 90 5145.500
14 91 6481.900
14 92 8151.300
14 93 8856.500
14 94 5964.400
14 95 11284.800
14 96 8064.000
14 97 6282.100
14 98 5609.600
14 99 6304.600
14 100 7118.900
15 0 7040.400
15 1 3680.000
15 2 4518.200
15 3 9383.500
15 4 1126.000
15 5 3272.200
15 6 10945.900
15 7 9698.600
15 8 10261.900
15 9 2039.300
15 10 11779.000
15 11 4812.900
15 12 11584.500
15 13 16085.300
15 14 12240.300
15 15 0.000
15 16 8212.000
15 17 8814.200
15 18 5722.800
15 19 3882.100
15 20 1474.300
15 21 6869.100
15 22 4060.500
15 23 8627.900
15 24 6164.800
15 25 6137.100
15 26 5996.800
15 27 7474.500
15 28 12862.400
15 29 5721.700
15 30 6521.200
15 31 10114.300
15 32 12168.200
15 33 4952.500
15 34 11698.400
15 35 11940.600
15 36 11494.000
15 37 6138.900
15 38 1754.000
15 39 4773.200
15 40 9373.000
15 41 1449.600
15 42 10798.400
15 43 9767.400
15 44 5252.400
15 45 4575.000
15 46 7851.900
15 47 5307.900
15 48 12010.900
15 49 3056.900
15 50 867.500
15 51 12780.900
15 52 10345.600
15 53 7674.000
15 54 9303.700
15 55 9699.300
15 56 6377.100
15 57 11661.400
15 58 12510.100
15 59 12334.700
15 60 8513.500
15 61 9605.100
15 62 5576.200
15 63 6428.100
15 64 5139.900
15 65 13147.800
15 66 12954.000
15 67 5923.000
15 68 10423.100
15 69 5089.400
15 70 4310.800
15 71 1447.000
15 72 6425.100
15 73 6392.200
15 74 7898.300
15 75 5889.600
15 76 8796.800
15 77 10935.800
15 78 2232.600
15 79 12881.500
15 80 12605.900
15 81 6782.700
15 82 12683.700
15 83 12670.500
15 84 5975.200
15 85 7191.900
15 86 2706.400
15 87 5298.400
15 88 11195.100
15 89 12737.900
15 90 7139.100
15 91 12876.700
15 92 6816.300
15 93 3571.300
15 94 7004.100
15 95 2434.000
15 96 5405.800
15 97 9482.000
15 98 15049.200
15 99 11843.500
15 100 11793.000
16 0 5173.500
16 1 3626.500
16 2 6029.500
16 3 6306.900
16 4 6102.700
16 5 4186.300
16 6 9078.900
16 7 7831.600
16 8 2627.000
16 9 7494.000
16 10 8765.800
16 11 5727.000
16 12 6225.800
16 13 10733.600
16 14 6881.500
16 15 7894.500
16 16 0.000
16 17 3455.400
16 18 3445.600
16 19 4542.900
16 20 6457.000
16 21 3259.200
16 22 5972.300
16 23 6761.000
16 24 2569.600
16 25 2665.700
16 26 4129.900
16 27 5607.600
16 28 10995.500
16 29 5117.400
16 30 3019.600
16 31 3664.900
16 32 6809.400
16 33 3428.200
16 34 5150.200
16 35 6581.800
16 36 7339.400
16 37 4742.400
16 38 8086.900
16 39 3499.800
16 40 7506.100
16 41 6913.400
16 42 5439.600
16 43 3116.700
16 44 3576.400
16 45 4131.700
16 46 7879.000
16 47 2246.400
16 48 4772.200
16 49 4327.100
16 50 7425.900
16 51 8212.600
16 52 6482.900
16 53 6903.600
16 54 7436.700
16 55 3249.900
16 56 4510.100
16 57 4813.100
16 58 8398.700
16 59 5287.400
16 60 5436.800
16 61 4246.300
16 62 5683.500
16 63 8249.500
16 64 6119.800
16 65 9036.400
16 66 8188.900
16 67 2745.900
16 68 3377.500
16 69 4304.000
16 70 4788.000
16 71 6544.900
16 72 6780.800
16 73 6943.500
16 74 1917.600
16 75 2279.700
16 76 6929.800
16 77 4285.200
16 78 6113.100
16 79 5642.800
16 80 7247.100
16 81 1475.100
16 82 7325.000
16 83 6643.400
16 84 6790.800
16 85 6973.200
16 86 6874.600
16 87 7119.900
16 88 8961.600
16 89 11109.100
16 90 3258.700
16 91 11009.800
16 92 1571.300
16 93 4803.500
16 94 5137.100
16 95 7148.800
16 96 3948.500
16 97 2831.300
16 98 10937.900
16 99 9976.600
16 100 9926.100
17 0 5114.000
17 1 5746.200
17 2 8104.400
17 3 2485.600
17 4 9238.900
17 5 6281.600
17 6 7008.600
17 7 6887.500
17 8 4517.800
17 9 9581.800
17 10 5310.400
17 11 7822.300
17 12 2770.400
17 13 7284.800
17 14 3426.100
17 15 9982.300
17 16 5116.400
17 17 0.000
17 18 5540.900
17 19 6662.600
17 20 8544.800
17 21 3757.500
17 22 8092.000
17 23 6701.600
17 24 4644.500
17 25 4761.000
17 26 5947.900
17 27 5548.100
17 28 8340.400
17 29 6339.200
17 30 4329.200
17 31 6266.500
17 32 3354.000
17 33 5503.000
17 34 3484.100
17 35 3126.400
17 36 3884.000
17 37 5890.700
17 38 10182.200
17 39 5595.100
17 40 7446.600
17 41 9008.700
17 42 1984.200
17 43 2431.700
17 44 5671.600
17 45 6227.000
17 46 7846.800
17 47 4321.300
17 48 6095.500
17 49 6446.800
17 50 9513.800
17 51 4757.200
17 52 3027.500
17 53 6871.400
17 54 3355.700
17 55 6449.700
17 56 4643.300
17 57 5488.500
17 58 4943.300
17 59 5030.500
17 60 2655.900
17 61 790.900
17 62 7359.200
17 63 9149.700
17 64 7672.600
17 65 5581.000
17 66 4733.500
17 67 4820.800
17 68 4118.500
17 69 6399.300
17 70 6883.300
17 71 8640.200
17 72 6793.200
17 73 6581.500
17 74 3080.800
17 75 3816.400
17 76 6714.800
17 77 2166.200
17 78 8208.400
17 79 6614.000
17 80 3791.700
17 81 3687.200
17 82 3869.500
17 83 3856.300
17 84 7564.200
17 85 6941.000
17 86 8962.500
17 87 8020.100
17 88 5506.200
17 89 6881.800
17 90 3104.800
17 91 8354.700
17 92 6110.700
17 93 6815.800
17 94 5077.700
17 95 9244.100
17 96 6023.300
17 97 4241.400
17 98 7482.500
17 99 8177.400
17 100 8991.700
18 0 7736.000
18 1 4789.800
18 2 8335.900
18 3 8916.000
18 4 5140.800
18 5 3097.000
18 6 11641.400
18 7 10394.200
18 8 5384.600
18 9 5832.800
18 10 11374.900
18 11 2344.500
18 12 8834.900
18 13 13335.700
18 14 9490.600
18 15 6256.900
18 16 5454.800
18 17 6064.500
18 18 0.000
18 19 5525.200
18 20 5324.200
18 21 5850.500
18 22 6119.900
18 23 9323.500
18 24 4490.400
18 25 3080.400
18 26 6692.400
18 27 8170.100
18 28 13558.000
18 29 7679.900
18 30 5584.300
18 31 5258.600
18 32 9418.500
18 33 5501.600
18 34 6743.900
18 35 9093.700
18 36 9948.500
18 37 7304.900
18 38 9225.800
18 39 3936.400
18 40 10068.600
18 41 6810.600
18 42 8048.700
18 43 7017.700
18 44 4715.200
18 45 5270.600
18 46 10186.800
18 47 4344.100
18 48 6365.900
18 49 3888.300
18 50 6293.200
18 51 10821.700
18 52 9092.100
18 53 9211.400
18 54 9999.300
18 55 4843.600
18 56 7072.600
18 57 6406.700
18 58 11007.900
18 59 6881.100
18 60 8045.900
18 61 6855.400
18 62 8433.900
18 63 10569.600
18 64 8426.100
18 65 12393.800
18 66 10798.000
18 67 5147.200
18 68 6135.100
18 69 858.400
18 70 3664.400
18 71 6776.900
18 72 9087.200
18 73 8898.100
18 74 4917.300
18 75 4871.000
18 76 9492.300
18 77 8186.200
18 78 7252.000
18 79 7236.500
18 80 9856.200
18 81 4025.500
18 82 9934.100
18 83 8237.100
18 84 9097.100
18 85 9281.000
18 86 4910.200
18 87 9440.000
18 88 11570.700
18 89 13711.100
18 90 5867.800
18 91 13572.300
18 92 3041.300
18 93 4662.900
18 94 7699.700
18 95 8287.600
18 96 6447.500
18 97 6732.300
18 98 14295.300
18 99 12539.100
18 100 12488.600
19 0 3449.500
19 1 979.700
19 2 4137.700
19 3 5792.600
19 4 3262.400
19 5 2450.700
19 6 7354.900
19 7 6107.600
19 8 6792.400
19 9 5267.300
19 10 8188.000
19 11 3991.400
19 12 7388.200
19 13 11022.400
19 14 8735.100
19 15 3666.600
19 16 4742.500
19 17 5309.000
19 18 3461.200
19 19 0.000
19 20 3610.800
19 21 4141.600
19 22 1575.100
19 23 5037.000
19 24 2426.900
19 25 2658.800
19 26 2405.900
19 27 3883.500
19 28 9271.500
19 29 3393.400
19 30 2763.800
19 31 7830.300
19 32 8176.300
19 33 1227.800
19 34 8193.300
19 35 8435.500
19 36 7903.100
19 37 3018.400
19 38 3767.600
19 39 2594.300
19 40 5782.000
19 41 2594.200
19 42 7293.300
19 43 6262.200
19 44 1514.500
19 45 984.100
19 46 5902.700
19 47 2683.000
19 48 8505.800
19 49 1614.100
19 50 4119.400
19 51 9190.000
19 52 6754.600
19 53 4927.300
19 54 5712.700
19 55 7415.300
19 56 2786.100
19 57 8156.300
19 58 8919.100
19 59 8829.500
19 60 4922.500
19 61 6100.000
19 62 4149.800
19 63 6047.600
19 64 4142.000
19 65 9556.800
19 66 9363.000
19 67 2186.000
19 68 6917.900
19 69 4319.600
19 70 3522.800
19 71 2225.600
19 72 4803.100
19 73 4614.000
19 74 4161.800
19 75 2913.500
19 76 5205.800
19 77 7430.700
19 78 1793.800
19 79 9376.300
19 80 9100.700
19 81 3312.300
19 82 9178.600
19 83 9165.300
19 84 4813.000
19 85 4996.900
19 86 3645.500
19 87 4917.900
19 88 7604.200
19 89 9147.000
19 90 3607.100
19 91 9285.700
19 92 4709.000
19 93 1086.000
19 94 3413.100
19 95 2829.500
19 96 2161.000
19 97 5976.900
19 98 11458.300
19 99 8252.600
19 100 8202.100
20 0 6771.900
20 1 3301.400
20 2 5256.900
20 3 9115.000
20 4 747.400
20 5 2893.600
20 6 10677.300
20 7 9430.000
20 8 8813.700
20 9 1682.700
20 10 11510.400
20 11 3198.300
20 12 10136.400
20 13 14637.200
20 14 10792.100
20 15 1490.800
20 16 6763.800
20 17 7366.000
20 18 5468.800
20 19 3613.500
20 20 0.000
20 21 7159.600
20 22 3791.900
20 23 8359.400
20 24 5760.400
20 25 4688.900
20 26 5728.300
20 27 7205.900
20 28 12593.800
20 29 5999.600
20 30 6252.600
20 31 9851.600
20 32 10720.000
20 33 4683.900
20 34 10250.200
20 35 10492.400
20 36 11250.000
20 37 5870.300
20 38 3361.600
20 39 3928.700
20 40 9104.400
20 41 2188.400
20 42 9350.300
20 43 8319.200
20 44 4645.600
20 45 4306.500
20 46 8380.700
20 47 4929.400
20 48 10562.800
20 49 2678.400
20 50 1614.700
20 51 12123.300
20 52 10077.000
20 53 7405.400
20 54 9035.100
20 55 9436.600
20 56 6108.500
20 57 10213.300
20 58 12309.400
20 59 10886.500
20 60 8244.900
20 61 8157.000
20 62 6627.800
20 63 7166.800
20 64 5878.600
20 65 13695.400
20 66 12099.500
20 67 5654.400
20 68 8974.900
20 69 4203.300
20 70 3229.200
20 71 2154.700
20 72 7163.800
20 73 7092.100
20 74 6450.100
20 75 6180.100
20 76 8528.200
20 77 9487.700
20 78 2365.600
20 79 11433.300
20 80 11157.700
20 81 5334.600
20 82 11235.600
20 83 11222.300
20 84 6713.900
20 85 7475.000
20 86 1258.200
20 87 6037.100
20 88 10926.600
20 89 12469.400
20 90 7169.300
20 91 12608.100
20 92 5971.800
20 93 3302.800
20 94 6735.500
20 95 3172.700
20 96 5137.300
20 97 8033.800
20 98 15596.800
20 99 11575.000
20 100 11524.500
21 0 2862.700
21 1 3440.200
21 2 5798.300
21 3 3901.600
21 4 6932.800
21 5 3975.500
21 6 6768.200
21 7 5520.900
21 8 3275.800
21 9 7275.700
21 10 6561.000
21 11 5516.200
21 12 4020.900
21 13 8528.800
21 14 4676.700
21 15 7676.200
21 16 2594.000
21 17 1250.600
21 18 3234.800
21 19 4356.500
21 20 6238.700
21 21 0.000
21 22 5785.900
21 23 4450.300
21 24 2338.400
21 25 2454.900
21 26 3696.600
21 27 3296.800
21 28 8684.700
21 29 4087.900
21 30 1908.100
21 31 4067.600
21 32 4604.600
21 33 3196.900
21 34 4151.700
21 35 4377.000
21 36 5134.600
21 37 3639.400
21 38 7876.100
21 39 3289.000
21 40 5195.300
21 41 6702.600
21 42 3234.800
21 43 2220.700
21 44 3365.600
21 45 3920.900
21 46 5595.400
21 47 2015.200
21 48 4464.300
21 49 4140.700
21 50 7207.700
21 51 6007.800
21 52 4278.100
21 53 4620.100
21 54 5126.000
21 55 4250.900
21 56 2392.000
21 57 4114.800
21 58 6193.900
21 59 4788.000
21 60 3031.600
21 61 2041.500
21 62 5107.900
21 63 6898.400
21 64 5421.300
21 65 6831.600
21 66 5984.000
21 67 2514.700
21 68 2876.400
21 69 4093.200
21 70 4577.200
21 71 6334.100
21 72 4541.800
21 73 4330.200
21 74 774.700
21 75 1510.300
21 76 4619.100
21 77 3389.200
21 78 5902.300
21 79 5334.800
21 80 5042.300
21 81 1381.100
21 82 5120.100
21 83 5106.800
21 84 5312.900
21 85 4689.700
21 86 6656.400
21 87 5768.800
21 88 7017.400
21 89 8904.200
21 90 853.500
21 91 8699.000
21 92 3588.200
21 93 4509.700
21 94 2826.400
21 95 6938.000
21 96 3717.200
21 97 1935.300
21 98 8733.000
21 99 7665.800
21 100 7615.400
22 0 4703.200
22 1 2064.600
22 2 4010.900
22 3 7046.400
22 4 2647.600
22 5 2754.300
22 6 8608.700
22 7 7361.400
22 8 7974.900
22 9 4652.500
22 10 9441.800
22 11 4295.000
22 12 8642.000
22 13 12276.200
22 14 9973.900
22 15 3051.800
22 16 5925.000
22 17 6547.800
22 18 4861.900
22 19 1411.100
22 20 2995.900
22 21 5329.100
22 22 0.000
22 23 6290.800
22 24 3827.600
22 25 3863.200
22 26 3659.700
22 27 5137.300
22 28 10525.200
22 29 4647.200
22 30 4184.000
22 31 9012.800
22 32 9430.100
22 33 2615.300
22 34 9432.000
22 35 9674.200
22 36 9156.900
22 37 4272.200
22 38 3154.000
22 39 3679.200
22 40 7035.800
22 41 1979.300
22 42 8532.000
22 43 7501.000
22 44 2915.200
22 45 2237.900
22 46 7194.100
22 47 3768.000
22 48 9744.500
22 49 1917.600
22 50 3504.600
22 51 10443.800
22 52 8008.400
22 53 6218.800
22 54 6966.500
22 55 8597.800
22 56 4039.900
22 57 9395.100
22 58 10172.900
22 59 10068.300
22 60 6176.300
22 61 7338.700
22 62 5441.200
22 63 5920.800
22 64 4632.600
22 65 10810.600
22 66 10616.800
22 67 3585.800
22 68 8156.700
22 69 4571.500
22 70 3826.400
22 71 1610.700
22 72 5917.800
22 73 5905.500
22 74 5400.600
22 75 4314.300
22 76 6459.600
22 77 8669.500
22 78 1179.000
22 79 10615.100
22 80 10339.500
22 81 4508.800
22 82 11486.000
22 83 10404.100
22 84 5467.900
22 85 6288.400
22 86 3530.500
22 87 4791.100
22 88 8858.000
22 89 10400.700
22 90 4802.000
22 91 10539.500
22 92 5794.000
22 93 1049.900
22 94 4666.900
22 95 2214.600
22 96 3414.800
22 97 7215.600
22 98 12712.100
22 99 9506.300
22 100 9455.900
23 0 1620.600
23 1 5672.100
23 2 5608.500
23 3 3239.100
23 4 8280.700
23 5 7476.600
23 6 5029.500
23 7 3782.200
23 8 7790.200
23 9 10285.600
23 10 4881.300
23 11 9017.300
23 12 5879.700
23 13 8033.000
23 14 6023.600
23 15 8684.900
23 16 7108.400
23 17 5766.000
23 18 7549.000
23 19 5250.900
23 20 8629.000
23 21 4515.500
23 22 6746.800
23 23 0.000
23 24 5973.300
23 25 6746.600
23 26 3120.800
23 27 1312.900
23 28 6282.000
23 29 3919.100
23 30 4590.200
23 31 8582.000
23 32 5040.900
23 33 4043.000
23 34 8666.200
23 35 8892.400
23 36 4767.700
23 37 3556.900
23 38 8785.900
23 39 7256.200
23 40 3456.700
23 41 7612.400
23 42 6871.400
23 43 6735.200
23 44 5025.800
23 45 4813.500
23 46 3892.500
23 47 5650.100
23 48 8978.700
23 49 6610.200
23 50 9137.700
23 51 6097.800
23 52 3619.200
23 53 2917.200
23 54 2577.300
23 55 8765.300
23 56 2700.000
23 57 8629.200
23 58 5827.000
23 59 9302.500
23 60 2708.800
23 61 6557.000
23 62 4999.200
23 63 6718.800
23 64 5102.200
23 65 6464.700
23 66 6270.900
23 67 4633.700
23 68 7390.900
23 69 8407.400
23 70 8544.400
23 71 7243.900
23 72 4362.200
23 73 3655.100
23 74 5290.200
23 75 4838.900
23 76 2878.100
23 77 7903.600
23 78 6812.100
23 79 9849.300
23 80 7127.400
23 81 5896.600
23 82 6467.100
23 83 9622.300
23 84 5133.200
23 85 2986.800
23 86 8711.600
23 87 5589.100
23 88 4297.400
23 89 6157.500
23 90 3893.600
23 91 6296.300
23 92 8102.700
23 93 6456.900
23 94 1406.800
23 95 7847.800
23 96 4388.100
23 97 6449.800
23 98 8366.100
23 99 5927.200
23 100 5876.700
24 0 4053.400
24 1 1056.900
24 2 4653.300
24 3 5793.100
24 4 3533.100
24 5 2002.500
24 6 7958.800
24 7 6711.500
24 8 4948.500
24 9 5747.900
24 10 8792.000
24 11 3543.200
24 12 6340.200
24 13 10841.000
24 14 6996.000
24 15 4649.300
24 16 2898.600
24 17 3569.900
24 18 1722.000
24 19 1973.200
24 20 4711.000
24 21 2302.700
24 22 3402.700
24 23 5640.900
24 24 0.000
24 25 919.700
24 26 3009.800
24 27 4487.500
24 28 9875.400
24 29 3997.300
24 30 1901.600
24 31 5986.400
24 32 6923.900
24 33 1819.000
24 34 6454.100
24 35 6696.300
24 36 7453.900
24 37 3622.300
24 38 5543.100
24 39 1753.800
24 40 6386.000
24 41 4369.700
24 42 5554.100
24 43 4523.100
24 44 1032.600
24 45 1588.000
24 46 6504.100
24 47 741.500
24 48 6766.600
24 49 1757.500
24 50 5679.900
24 51 8327.100
24 52 7358.600
24 53 5528.800
24 54 6316.600
24 55 5571.400
24 56 3390.000
24 57 6417.100
24 58 8513.200
24 59 7090.400
24 60 4923.100
24 61 4360.800
24 62 4751.200
24 63 6887.000
24 64 4743.500
24 65 9899.200
24 66 8303.300
24 67 1464.500
24 68 5178.800
24 69 2580.400
24 70 3042.000
24 71 4001.100
24 72 5404.600
24 73 5215.500
24 74 2422.700
24 75 1323.200
24 76 5809.700
24 77 5691.500
24 78 3569.300
24 79 7637.200
24 80 7361.600
24 81 1468.400
24 82 7439.400
24 83 7426.100
24 84 5414.500
24 85 5598.400
24 86 3752.000
24 87 5757.400
24 88 8208.100
24 89 9750.900
24 90 2745.000
24 91 9889.700
24 92 3353.300
24 93 2233.800
24 94 4017.000
24 95 4605.000
24 96 2764.900
24 97 4237.700
24 98 11800.600
24 99 8856.500
24 100 8806.000
25 0 4952.000
25 1 2005.800
25 2 5551.900
25 3 6131.900
25 4 4482.000
25 5 2541.200
25 6 8857.400
25 7 7610.100
25 8 4720.600
25 9 5848.800
25 10 8590.900
25 11 3420.800
25 12 6050.800
25 13 10551.600
25 14 6706.600
25 15 6249.300
25 16 2670.700
25 17 3280.500
25 18 1076.300
25 19 2741.200
25 20 4811.800
25 21 3066.500
25 22 4261.400
25 23 6539.500
25 24 1706.400
25 25 0.000
25 26 3908.400
25 27 5386.000
25 28 10774.000
25 29 4895.900
25 30 2800.200
25 31 5758.500
25 32 6634.500
25 33 2717.600
25 34 6164.700
25 35 6406.900
25 36 7164.500
25 37 4520.900
25 38 6441.700
25 39 1854.600
25 40 7284.500
25 41 5268.300
25 42 5264.700
25 43 4233.700
25 44 1931.200
25 45 2486.600
25 46 7402.700
25 47 1560.100
25 48 6477.200
25 49 2706.400
25 50 5780.800
25 51 8037.700
25 52 6308.000
25 53 6427.400
25 54 7215.200
25 55 5343.500
25 56 4288.600
25 57 6127.700
25 58 8223.800
25 59 6801.000
25 60 5261.900
25 61 4071.400
25 62 5649.800
25 63 7785.600
25 64 5642.100
25 65 9609.800
25 66 8013.900
25 67 2363.100
25 68 4889.400
25 69 1934.700
25 70 3142.800
25 71 4899.700
25 72 6303.200
25 73 6114.100
25 74 2133.300
25 75 2087.000
25 76 6708.300
25 77 5402.100
25 78 4467.900
25 79 7347.800
25 80 7072.200
25 81 1241.500
25 82 7150.000
25 83 7136.700
25 84 6313.100
25 85 6497.000
25 86 5229.500
25 87 6655.900
25 88 8786.600
25 89 10927.100
25 90 3083.800
25 91 10788.200
25 92 2707.600
25 93 3075.300
25 94 4915.600
25 95 5503.600
25 96 3663.500
25 97 3948.300
25 98 11511.300
25 99 9755.100
25 100 9704.600
26 0 1786.600
26 1 2551.300
26 2 3116.400
26 3 4129.700
26 4 5159.900
26 5 4355.800
26 6 5692.000
26 7 4444.700
26 8 6260.100
26 9 7164.800
26 10 6525.100
26 11 5896.500
26 12 5725.300
26 13 9359.500
26 14 7496.100
26 15 5564.100
26 16 4210.200
26 17 4189.300
26 18 4428.200
26 19 2130.100
26 20 5508.200
26 21 2938.700
26 22 3626.000
26 23 3374.100
26 24 2852.500
26 25 3625.800
26 26 0.000
26 27 2220.600
26 28 7608.600
26 29 1664.300
26 30 2111.100
26 31 7298.000
26 32 6513.400
26 33 922.200
26 34 7089.400
26 35 7315.700
26 36 6240.200
26 37 1289.300
26 38 5665.100
26 39 4135.400
26 40 4119.100
26 41 4491.600
26 42 6173.500
26 43 5158.400
26 44 1905.000
26 45 1692.700
26 46 4260.900
26 47 2529.300
26 48 7401.900
26 49 3489.400
26 50 6016.900
26 51 7527.100
26 52 5091.700
26 53 3285.600
26 54 4049.800
26 55 6883.000
26 56 1123.200
26 57 7052.500
26 58 7256.200
26 59 7725.700
26 60 3259.600
26 61 4980.200
26 62 2230.400
26 63 5155.800
26 64 2610.000
26 65 7893.900
26 66 7700.100
26 67 1512.900
26 68 5814.100
26 69 5286.600
26 70 5423.600
26 71 4123.000
26 72 3183.900
26 73 2972.300
26 74 3713.400
26 75 2381.200
26 76 3542.900
26 77 6326.900
26 78 3691.300
26 79 8272.500
26 80 7981.000
26 81 2780.000
26 82 8569.300
26 83 8045.500
26 84 3610.900
26 85 3355.200
26 86 5590.800
26 87 3977.100
26 88 5941.300
26 89 7484.100
26 90 2316.800
26 91 7622.800
26 92 5204.400
26 93 3336.100
26 94 1750.200
26 95 4727.000
26 96 1267.300
26 97 4873.000
26 98 9795.400
26 99 6589.700
26 100 6539.200
27 0 1205.900
27 1 4359.200
27 2 4295.600
27 3 4393.300
27 4 6967.800
27 5 6163.700
27 6 3716.600
27 7 2469.300
27 8 6477.300
27 9 8972.700
27 10 4549.800
27 11 7704.400
27 12 5131.500
27 13 7384.100
27 14 5275.500
27 15 7372.000
27 16 5795.600
27 17 4453.100
27 18 6236.100
27 19 3938.000
27 20 7316.100
27 21 3202.600
27 22 5433.900
27 23 1312.900
27 24 4660.400
27 25 5433.700
27 26 1807.900
27 27 0.000
27 28 5633.200
27 29 2606.200
27 30 3277.300
27 31 7269.100
27 32 4292.700
27 33 2730.100
27 34 7353.300
27 35 7579.600
27 36 4019.500
27 37 2244.000
27 38 7473.000
27 39 5943.300
27 40 2143.800
27 41 6299.500
27 42 6123.300
27 43 5422.300
27 44 3712.900
27 45 3500.600
27 46 2579.600
27 47 4337.200
27 48 7665.800
27 49 5297.300
27 50 7824.800
27 51 5551.700
27 52 2871.100
27 53 1604.300
27 54 1829.200
27 55 7452.400
27 56 1387.100
27 57 7316.300
27 58 5280.900
27 59 7989.600
27 60 3523.500
27 61 5244.100
27 62 3686.300
27 63 5405.900
27 64 3789.300
27 65 5918.600
27 66 5724.700
27 67 3320.800
27 68 6078.000
27 69 7094.500
27 70 7231.500
27 71 5931.000
27 72 3049.300
27 73 2342.200
27 74 3977.300
27 75 3526.000
27 76 1565.200
27 77 6590.800
27 78 5499.200
27 79 8536.400
27 80 6379.300
27 81 4583.700
27 82 5718.900
27 83 8309.400
27 84 3820.300
27 85 1673.900
27 86 7398.700
27 87 4276.200
27 88 3965.900
27 89 5508.700
27 90 2580.700
27 91 5647.500
27 92 6789.800
27 93 5144.000
27 94 993.700
27 95 6534.900
27 96 3075.200
27 97 5136.900
27 98 7820.000
27 99 4614.300
27 100 4563.800
28 0 6302.300
28 1 9479.200
28 2 8709.100
28 3 5677.100
28 4 12087.800
28 5 11283.700
28 6 2106.000
28 7 3624.300
28 8 11597.300
28 9 17084.100
28 10 3074.700
28 11 12824.400
28 12 6518.300
28 13 1750.900
28 14 6337.600
28 15 12492.000
28 16 10915.500
28 17 8840.600
28 18 13043.100
28 19 9058.000
28 20 12436.100
28 21 8322.600
28 22 10553.900
28 23 6197.100
28 24 9780.400
28 25 12263.200
28 26 6927.900
28 27 5449.000
28 28 0.000
28 29 8003.500
28 30 8397.300
28 31 12389.100
28 32 5354.900
28 33 7850.100
28 34 11610.200
28 35 9808.500
28 36 4526.600
28 37 7555.000
28 38 12593.000
28 39 13097.300
28 40 3823.700
28 41 11419.500
28 42 6837.200
28 43 10542.300
28 44 8832.900
28 45 8620.600
28 46 5770.900
28 47 9457.200
28 48 12638.300
28 49 10417.300
28 50 12944.800
28 51 4322.400
28 52 4154.800
28 53 4968.800
28 54 4420.000
28 55 12572.400
28 56 6507.100
28 57 12031.200
28 58 4051.500
28 59 11573.200
28 60 6610.900
28 61 7473.000
28 62 8332.800
28 63 7924.600
28 64 8202.800
28 65 3895.500
28 66 4495.400
28 67 8440.800
28 68 11198.000
28 69 13901.500
28 70 14385.500
28 71 11051.000
28 72 7462.800
28 73 6755.700
28 74 9097.300
28 75 8646.000
28 76 4780.900
28 77 10861.600
28 78 10619.200
28 79 13156.800
28 80 7441.400
28 81 9703.700
28 82 5364.600
28 83 10399.000
28 84 8233.800
28 85 6641.400
28 86 12518.700
28 87 8689.700
28 88 3871.700
28 89 1738.500
28 90 7700.700
28 91 1485.300
28 92 11909.800
28 93 10264.000
28 94 6090.100
28 95 11654.900
28 96 8195.200
28 97 10256.900
28 98 5797.000
28 99 1113.800
28 100 1223.200
29 0 3056.900
29 1 3742.400
29 2 1775.500
29 3 4977.400
29 4 5587.500
29 5 5546.900
29 6 6291.900
29 7 5075.300
29 8 7061.200
29 9 7592.400
29 10 7155.800
29 11 7087.600
29 12 6573.100
29 13 9990.100
29 14 7767.800
29 15 5991.700
29 16 5480.500
29 17 5037.000
29 18 5619.200
29 19 3321.200
29 20 5935.900
29 21 3786.500
29 22 4806.600
29 23 3805.200
29 24 4122.800
29 25 4816.900
29 26 2013.300
29 27 2492.300
29 28 8239.200
29 29 0.000
29 30 3381.400
29 31 7853.000
29 32 6785.100
29 33 2192.500
29 34 7937.200
29 35 8163.500
29 36 6511.900
29 37 1510.000
29 38 6093.900
29 39 5326.500
29 40 4719.000
29 41 4813.200
29 42 7021.300
29 43 6006.200
29 44 3175.300
29 45 2329.600
29 46 3282.500
29 47 3799.600
29 48 8249.700
29 49 4680.500
29 50 6444.500
29 51 8157.700
29 52 5363.400
29 53 2503.800
29 54 4321.500
29 55 8036.300
29 56 1971.000
29 57 7900.200
29 58 7886.900
29 59 8573.500
29 60 4107.400
29 61 5828.000
29 62 889.500
29 63 3814.900
29 64 1269.200
29 65 8524.600
29 66 8330.700
29 67 2783.200
29 68 6661.900
29 69 6477.700
29 70 6614.700
29 71 4550.700
29 72 1881.900
29 73 2044.500
29 74 4561.200
29 75 3651.500
29 76 3797.800
29 77 7174.700
29 78 4118.900
29 79 9120.300
29 80 8828.700
29 81 4050.300
29 82 9200.000
29 83 8893.300
29 84 2270.000
29 85 2844.200
29 86 7168.000
29 87 2636.300
29 88 6571.900
29 89 8114.700
29 90 3164.600
29 91 8253.500
29 92 6474.700
29 93 4317.500
29 94 3020.500
29 95 5048.600
29 96 1625.500
29 97 5720.800
29 98 10426.000
29 99 7189.500
29 100 7139.100
30 0 2712.200
30 1 2884.600
30 2 4387.200
30 3 4190.400
30 4 5360.800
30 5 3830.200
30 6 6617.700
30 7 5370.400
30 8 5038.900
30 9 7575.600
30 10 7450.800
30 11 5370.900
30 12 5785.100
30 13 10292.900
30 14 6440.800
30 15 6459.100
30 16 3130.100
30 17 3014.700
30 18 3549.700
30 19 2859.600
30 20 6538.700
30 21 1764.200
30 22 4379.800
30 23 4299.800
30 24 1827.700
30 25 2747.400
30 26 1668.600
30 27 3146.300
30 28 8534.200
30 29 2656.200
30 30 0.000
30 31 5830.700
30 32 6368.800
30 33 1572.600
30 34 5914.900
30 35 6141.200
30 36 6898.800
30 37 2281.200
30 38 6560.100
30 39 3581.500
30 40 5044.800
30 41 5386.700
30 42 4999.000
30 43 3983.900
30 44 1800.800
30 45 2605.000
30 46 5252.800
30 47 1504.500
30 48 6227.400
30 49 3585.200
30 50 6912.000
30 51 8452.800
30 52 6017.400
30 53 4277.500
30 54 4975.500
30 55 5802.900
30 56 2048.900
30 57 5877.900
30 58 8181.900
30 59 6551.200
30 60 3320.400
30 61 3805.700
30 62 3222.300
30 63 6607.200
30 64 3601.900
30 65 8819.600
30 66 7748.200
30 67 1103.600
30 68 4639.600
30 69 4408.100
30 70 4869.700
30 71 5018.100
30 72 4175.800
30 73 3964.200
30 74 2183.500
30 75 599.700
30 76 4468.600
30 77 5152.300
30 78 4586.300
30 79 7098.000
30 80 6806.400
30 81 1700.800
30 82 6884.300
30 83 6871.000
30 84 4602.800
30 85 4347.100
30 86 5579.700
30 87 4969.000
30 88 6867.000
30 89 8409.700
30 90 1142.300
30 91 8548.500
30 92 4124.300
30 93 4010.000
30 94 2675.900
30 95 5622.000
30 96 2306.200
30 97 3698.500
30 98 10721.000
30 99 7515.300
30 100 7464.900
31 0 6687.200
31 1 6975.300
31 2 9378.300
31 3 7726.100
31 4 8684.400
31 5 6640.600
31 6 10592.600
31 7 9345.300
31 8 2120.600
31 9 9376.400
31 10 10061.900
31 11 5888.100
31 12 7521.800
31 13 12132.400
31 14 7063.500
31 15 9800.500
31 16 3348.700
31 17 4854.200
31 18 6944.800
31 19 7891.600
31 20 8867.800
31 21 5330.700
31 22 9321.000
31 23 8274.700
31 24 5918.400
31 25 6164.900
31 26 7521.100
31 27 7121.300
31 28 12509.200
31 29 7912.400
31 30 5902.400
31 31 0.000
31 32 8105.500
31 33 6776.900
31 34 2061.200
31 35 4411.000
31 36 8635.500
31 37 7463.900
31 38 12310.300
31 39 7723.200
31 40 9019.800
31 41 11136.800
31 42 6735.700
31 43 2467.200
31 44 7799.700
31 45 8355.100
31 46 9419.900
31 47 5595.200
31 48 1318.600
31 49 7431.900
31 50 9836.800
31 51 9508.700
31 52 7901.800
31 53 8444.600
31 54 8950.500
31 55 889.300
31 56 6216.500
31 57 1359.400
31 58 9694.800
31 59 1833.800
31 60 6856.100
31 61 5645.100
31 62 8932.400
31 63 10722.900
31 64 9468.500
31 65 10332.500
31 66 8566.600
31 67 6094.700
31 68 2500.400
31 69 6065.500
31 70 7208.000
31 71 10768.300
31 72 8366.300
31 73 8154.700
31 74 4456.600
31 75 5389.600
31 76 8443.500
31 77 3635.600
31 78 10336.500
31 79 2024.000
31 80 5908.100
31 81 4823.800
31 82 7507.000
31 83 3554.400
31 84 9137.400
31 85 8514.200
31 86 8453.800
31 87 9593.300
31 88 10257.600
31 89 11633.300
31 90 4678.000
31 91 12523.500
31 92 4373.300
31 93 8206.500
31 94 6650.900
31 95 11372.200
31 96 7297.300
31 97 3544.600
31 98 12233.900
31 99 11490.300
31 100 11439.800
32 0 5118.700
32 1 7306.400
32 2 8561.100
32 3 2885.800
32 4 10799.100
32 5 7841.800
32 6 4585.600
32 7 4464.500
32 8 7142.000
32 9 11142.000
32 10 2887.400
32 11 9382.500
32 12 1557.500
32 13 4861.900
32 14 1028.600
32 15 11542.500
32 16 6676.600
32 17 3879.800
32 18 7101.000
32 19 8222.800
32 20 10105.000
32 21 5317.700
32 22 9652.200
32 23 5013.600
32 24 6204.600
32 25 6321.100
32 26 6073.400
32 27 4265.500
32 28 5401.700
32 29 6871.700
32 30 5889.400
32 31 7642.700
32 32 0.000
32 33 7063.200
32 34 6443.700
32 35 4847.700
32 36 1461.000
32 37 6509.500
32 38 11742.300
32 39 7155.200
32 40 5776.300
32 41 10568.900
32 42 1876.400
32 43 6087.000
32 44 7231.800
32 45 7787.200
32 46 6611.100
32 47 5881.400
32 48 7471.800
32 49 8007.000
32 50 11073.900
32 51 2334.300
32 52 2583.000
32 53 6193.600
32 54 3236.500
32 55 7826.000
32 56 5000.700
32 57 6864.700
32 58 2520.400
32 59 6406.700
32 60 3692.800
32 61 2512.200
32 62 7951.700
32 63 9629.100
32 64 8054.800
32 65 3158.000
32 66 2310.500
32 67 6380.900
32 68 6742.700
32 69 7959.500
32 70 8443.400
32 71 10200.300
32 72 7314.800
32 73 6607.700
32 74 4641.000
32 75 5376.600
32 76 3784.200
32 77 5900.800
32 78 9768.600
32 79 7990.300
32 80 2132.400
32 81 5247.300
32 82 1472.000
32 83 5232.500
32 84 8085.800
32 85 5939.400
32 86 10522.600
32 87 8541.700
32 88 3083.200
32 89 4458.900
32 90 4665.000
32 91 5416.000
32 92 7670.800
32 93 8376.000
32 94 4906.600
32 95 10804.200
32 96 7583.500
32 97 5801.600
32 98 5059.500
32 99 5238.700
32 100 6052.900
33 0 2237.400
33 1 1649.100
33 2 3029.900
33 3 4433.900
33 4 4125.300
33 5 3453.500
33 6 6142.800
33 7 4895.500
33 8 5723.300
33 9 6428.100
33 10 6976.000
33 11 4994.200
33 12 6029.500
33 13 9810.300
33 14 7687.600
33 15 4827.400
33 16 3673.400
33 17 4261.400
33 18 3525.900
33 19 1227.800
33 20 4771.500
33 21 3072.400
33 22 2748.100
33 23 3824.900
33 24 2315.700
33 25 2723.500
33 26 1193.800
33 27 2671.500
33 28 8059.400
33 29 2181.300
33 30 1574.100
33 31 6761.100
33 32 6964.200
33 33 0.000
33 34 7145.700
33 35 7387.900
33 36 6691.000
33 37 1806.300
33 38 4928.300
33 39 3233.100
33 40 4570.000
33 41 3754.900
33 42 6245.700
33 43 5214.600
33 44 1368.200
33 45 973.200
33 46 4778.000
33 47 1992.500
33 48 7458.200
33 49 2587.100
33 50 5280.200
33 51 7977.900
33 52 5542.600
33 53 3802.600
33 54 4500.700
33 55 6346.100
33 56 1574.000
33 57 7108.700
33 58 7707.100
33 59 7781.900
33 60 3563.900
33 61 5052.400
33 62 2747.400
33 63 5250.000
33 64 3120.200
33 65 8344.800
33 66 8150.900
33 67 976.000
33 68 5870.300
33 69 4384.300
33 70 4521.300
33 71 3386.300
33 72 3781.300
33 73 3943.900
33 74 3115.500
33 75 1844.400
33 76 3993.700
33 77 6383.100
33 78 2954.600
33 79 8328.700
33 80 8053.200
33 81 2243.100
33 82 9020.200
33 83 8117.700
33 84 3791.200
33 85 3872.200
33 86 4688.500
33 87 4120.300
33 88 6392.100
33 89 7934.900
33 90 2192.100
33 91 8073.700
33 92 4667.600
33 93 2258.900
33 94 2201.100
33 95 3990.200
33 96 948.900
33 97 4929.300
33 98 10246.200
33 99 7040.500
33 100 6990.000
34 0 6102.500
34 1 6734.700
34 2 9092.800
34 3 7141.400
34 4 10227.400
34 5 7270.100
34 6 10007.900
34 7 8760.600
34 8 2315.000
34 9 10570.200
34 10 8999.100
34 11 7359.800
34 12 6459.100
34 13 11547.700
34 14 6000.800
34 15 10970.800
34 16 3561.700
34 17 4269.400
34 18 6529.300
34 19 7651.000
34 20 9533.300
34 21 4746.000
34 22 9080.500
34 23 7690.000
34 24 5632.900
34 25 5749.400
34 26 6936.300
34 27 6536.500
34 28 11924.400
34 29 7327.700
34 30 5317.700
34 31 2177.600
34 32 7042.700
34 33 6491.500
34 34 0.000
34 35 3348.300
34 36 7572.700
34 37 6879.200
34 38 11170.600
34 39 6583.500
34 40 8435.000
34 41 9997.200
34 42 5672.900
34 43 1882.400
34 44 6660.100
34 45 7215.500
34 46 8835.200
34 47 5309.700
34 48 2006.700
34 49 7435.300
34 50 10502.200
34 51 8445.900
34 52 6839.100
34 53 7859.900
34 54 8365.700
34 55 2360.900
34 56 5631.700
34 57 1399.600
34 58 8632.100
34 59 2072.900
34 60 6271.300
34 61 3909.800
34 62 8347.700
34 63 10138.200
34 64 8661.100
34 65 9269.700
34 66 7503.900
34 67 5809.200
34 68 1915.700
34 69 7537.200
34 70 7871.700
34 71 9628.600
34 72 7781.600
34 73 7570.000
34 74 3871.900
34 75 4804.800
34 76 7858.800
34 77 1488.700
34 78 9196.800
34 79 2525.200
34 80 4845.400
34 81 4675.600
34 82 6444.200
34 83 2491.700
34 84 8552.600
34 85 7929.500
34 86 9950.900
34 87 9008.500
34 88 9194.900
34 89 10570.500
34 90 4093.200
34 91 11938.700
34 92 4586.300
34 93 7804.200
34 94 6066.100
34 95 10232.500
34 96 7011.800
34 97 2959.900
34 98 11171.200
34 99 10905.600
34 100 10855.100
35 0 5590.100
35 1 6222.400
35 2 8580.500
35 3 2961.700
35 4 9715.000
35 5 6757.700
35 6 7361.900
35 7 7240.800
35 8 5391.800
35 9 10057.900
35 10 5663.700
35 11 8298.400
35 12 3123.700
35 13 7638.100
35 14 2728.600
35 15 10458.400
35 16 5592.500
35 17 2795.800
35 18 6017.000
35 19 7138.700
35 20 9020.900
35 21 4233.600
35 22 8568.100
35 23 7177.700
35 24 5120.600
35 25 5237.100
35 26 6424.000
35 27 6024.200
35 28 8693.700
35 29 6815.400
35 30 4805.300
35 31 5183.900
35 32 3707.300
35 33 5979.100
35 34 3984.900
35 35 0.000
35 36 4237.300
35 37 6366.900
35 38 10658.300
35 39 6071.200
35 40 7922.700
35 41 9484.800
35 42 2337.500
35 43 3219.900
35 44 6147.800
35 45 6703.100
35 46 8322.900
35 47 4797.400
35 48 5013.000
35 49 6922.900
35 50 9989.900
35 51 5110.500
35 52 3503.600
35 53 7347.500
35 54 3831.800
35 55 5367.200
35 56 5119.400
35 57 4406.000
35 58 5296.600
35 59 3948.000
35 60 3132.000
35 61 1428.200
35 62 7835.300
35 63 9625.900
35 64 8148.700
35 65 5934.300
35 66 5086.800
35 67 5296.900
35 68 5755.200
35 69 6875.400
35 70 7359.400
35 71 9116.300
35 72 7269.300
35 73 7057.600
35 74 3556.900
35 75 4292.500
35 76 7068.100
35 77 3097.000
35 78 8684.500
35 79 5531.500
35 80 3024.400
35 81 4163.300
35 82 3172.000
35 83 2773.800
35 84 8040.300
35 85 7417.100
35 86 9438.600
35 87 8496.200
35 88 5859.500
35 89 7235.100
35 90 3580.900
35 91 8708.000
35 92 6586.800
35 93 7291.900
35 94 5553.800
35 95 9720.200
35 96 6499.400
35 97 4717.500
35 98 7835.800
35 99 8530.700
35 100 9345.000
36 0 7232.700
36 1 9242.900
36 2 8088.300
36 3 4854.400
36 4 11851.500
36 5 9810.400
36 6 3124.600
36 7 3003.500
36 8 9110.600
36 9 13110.500
36 10 1426.400
36 11 11351.100
36 12 3526.100
36 13 3862.800
36 14 3456.200
36 15 12255.700
36 16 8645.200
36 17 5848.400
36 18 9069.600
36 19 8821.700
36 20 12073.500
36 21 7286.200
36 22 10317.600
36 23 6223.600
36 24 8173.200
36 25 8289.700
36 26 6691.600
36 27 5475.400
36 28 4456.400
36 29 7767.200
36 30 8161.000
36 31 9817.000
36 32 2622.600
36 33 7613.800
36 34 8618.000
36 35 6816.300
36 36 0.000
36 37 7318.700
36 38 12356.700
36 39 9123.800
36 40 4315.200
36 41 11183.200
36 42 3845.000
36 43 8055.500
36 44 8596.600
36 45 8384.300
36 46 5150.100
36 47 7850.000
36 48 9646.000
36 49 10181.000
36 50 13042.500
36 51 1330.200
36 52 2777.800
36 53 4732.500
36 54 4446.500
36 55 10000.300
36 56 6270.800
36 57 9039.000
36 58 1059.300
36 59 8581.000
36 60 5661.400
36 61 4480.800
36 62 7711.900
36 63 8168.000
36 64 7582.000
36 65 1697.000
36 66 1503.200
36 67 8204.500
36 68 8711.200
36 69 9928.000
36 70 10412.000
36 71 10814.700
36 72 6842.000
36 73 6134.900
36 74 6609.500
36 75 7345.100
36 76 4160.100
36 77 7869.400
36 78 10382.900
36 79 10164.500
36 80 4436.700
36 81 7215.900
36 82 2372.400
36 83 7406.800
36 84 7613.000
36 85 6020.600
36 86 12491.200
36 87 8068.900
36 88 1622.100
36 89 2997.800
36 90 6633.500
36 91 4470.700
36 92 9639.400
36 93 10027.700
36 94 7196.300
36 95 11418.600
36 96 7958.900
36 97 7770.200
36 98 3598.400
36 99 4293.400
36 100 5107.600
37 0 1975.700
37 1 3437.000
37 2 2951.200
37 3 4041.200
37 4 5596.700
37 5 5241.500
37 6 5881.100
37 7 4633.800
37 8 6125.000
37 9 7601.600
37 10 6714.300
37 11 6782.200
37 12 5636.800
37 13 9548.600
37 14 7526.900
37 15 6000.900
37 16 5095.900
37 17 4100.800
37 18 5313.900
37 19 3015.800
37 20 5945.000
37 21 2850.200
37 22 4511.700
37 23 3563.200
37 24 3738.200
37 25 4511.500
37 26 1434.600
37 27 2409.800
37 28 7797.700
37 29 1499.100
37 30 2925.000
37 31 6916.800
37 32 6702.500
37 33 1807.900
37 34 7000.900
37 35 7227.200
37 36 6429.300
37 37 0.000
37 38 6103.100
37 39 5021.100
37 40 4308.200
37 41 4822.400
37 42 6085.000
37 43 5069.900
37 44 2790.700
37 45 2338.800
37 46 3376.000
37 47 3415.000
37 48 7313.500
37 49 4375.100
37 50 6453.700
37 51 7716.200
37 52 5280.900
37 53 2400.700
37 54 4238.900
37 55 7100.000
37 56 1034.700
37 57 6964.000
37 58 7445.400
37 59 7637.200
37 60 3171.100
37 61 4891.700
37 62 2065.200
37 63 4679.000
37 64 2444.900
37 65 8083.000
37 66 7889.200
37 67 2398.600
37 68 5725.600
37 69 6172.300
37 70 6309.300
37 71 4559.800
37 72 2322.400
37 73 2110.800
37 74 3624.900
37 75 3173.700
37 76 3732.000
37 77 6238.400
37 78 4128.100
37 79 8184.000
37 80 7892.500
37 81 3665.700
37 82 8758.400
37 83 7957.000
37 84 3093.500
37 85 2470.300
37 86 6476.500
37 87 3549.400
37 88 6130.400
37 89 7673.200
37 90 2228.300
37 91 7812.000
37 92 6090.100
37 93 4221.700
37 94 1939.300
37 95 5057.700
37 96 1240.900
37 97 4784.500
37 98 9984.500
37 99 6778.800
37 100 6728.300
38 0 6611.200
38 1 4117.600
38 2 3909.200
38 3 8954.300
38 4 3553.400
38 5 4846.500
38 6 10516.700
38 7 9269.400
38 8 10027.900
38 9 4905.200
38 10 11349.800
38 11 6387.200
38 12 10549.900
38 13 14184.100
38 14 12026.900
38 15 3070.500
38 16 7978.000
38 17 8600.800
38 18 6769.900
38 19 3452.900
38 20 3901.800
38 21 7382.100
38 22 3631.300
38 23 8198.800
38 24 5735.600
38 25 5916.200
38 26 5567.600
38 27 7045.300
38 28 12433.200
38 29 5112.700
38 30 6092.000
38 31 11065.700
38 32 11338.000
38 33 4523.300
38 34 11485.000
38 35 11727.200
38 36 11064.800
38 37 5709.700
38 38 0.000
38 39 5732.100
38 40 8943.800
38 41 1681.500
38 42 10585.000
38 43 9554.000
38 44 4823.200
38 45 4145.800
38 46 7242.900
38 47 5820.900
38 48 11797.500
38 49 4009.800
38 50 3814.400
38 51 12351.700
38 52 9916.400
38 53 7244.800
38 54 8874.500
38 55 10650.700
38 56 5947.900
38 57 11448.000
38 58 12080.900
38 59 12121.300
38 60 8084.300
38 61 9391.700
38 62 4967.200
38 63 5819.100
38 64 4530.900
38 65 12718.600
38 66 12524.800
38 67 5493.800
38 68 10209.700
38 69 6663.700
38 70 5918.600
38 71 2738.400
38 72 5816.100
38 73 5783.200
38 74 7453.600
38 75 6222.200
38 76 8367.600
38 77 10722.400
38 78 1689.500
38 79 12668.100
38 80 12392.500
38 81 6561.800
38 82 13394.000
38 83 12457.000
38 84 5366.200
38 85 6582.900
38 86 5133.900
38 87 4689.400
38 88 10766.000
38 89 12308.700
38 90 6710.000
38 91 12447.500
38 92 7846.900
38 93 3142.100
38 94 6574.900
38 95 631.000
38 96 4976.600
38 97 9268.600
38 98 14620.000
38 99 11414.300
38 100 11363.900
39 0 5445.200
39 1 1449.300
39 2 6011.100
39 3 7211.800
39 4 2742.800
39 5 1036.600
39 6 9350.700
39 7 8103.400
39 8 6470.200
39 9 4335.000
39 10 10183.800
39 11 2577.300
39 12 7813.500
39 13 12314.300
39 14 8469.200
39 15 3859.000
39 16 4420.300
39 17 5043.100
39 18 3243.800
39 19 2019.100
39 20 3298.000
39 21 3824.400
39 22 2793.100
39 23 7032.800
39 24 2409.600
39 25 2358.500
39 26 4401.600
39 27 5879.300
39 28 11267.200
39 29 5389.200
39 30 3503.500
39 31 7508.100
39 32 8397.200
39 33 3025.200
39 34 7927.400
39 35 8169.600
39 36 8927.200
39 37 5014.200
39 38 5641.000
39 39 0.000
39 40 7777.800
39 41 4467.600
39 42 7027.400
39 43 5996.300
39 44 2634.400
39 45 2979.800
39 46 7898.400
39 47 2263.300
39 48 8239.900
39 49 869.400
39 50 4266.900
39 51 9800.400
39 52 8750.400
39 53 6923.100
39 54 7708.500
39 55 7093.100
39 56 4781.900
39 57 7890.400
39 58 9986.500
39 59 8563.600
39 60 6341.800
39 61 5834.100
39 62 5955.300
39 63 7921.000
39 64 6137.800
39 65 11372.500
39 66 9776.600
39 67 3066.300
39 68 6652.000
39 69 2853.800
39 70 1638.200
39 71 4099.000
39 72 6798.900
39 73 6609.800
39 74 3862.500
39 75 2844.900
39 76 7201.600
39 77 7164.800
39 78 3667.300
39 79 9110.400
39 80 8834.800
39 81 2990.100
39 82 8912.700
39 83 8899.400
39 84 6808.800
39 85 6992.700
39 86 2884.000
39 87 6791.300
39 88 9600.000
39 89 12689.800
39 90 4163.700
39 91 11281.500
39 92 4289.300
39 93 1336.100
39 94 5408.900
39 95 4702.900
39 96 4156.800
39 97 5711.000
39 98 13273.900
39 99 10248.300
39 100 10197.900
40 0 3645.300
40 1 5655.600
40 2 4479.500
40 3 4442.100
40 4 8264.100
40 5 7460.000
40 6 2489.100
40 7 1272.600
40 8 7773.600
40 9 10269.000
40 10 3353.000
40 11 9000.700
40 12 5764.100
40 13 6187.400
40 14 5235.200
40 15 8668.300
40 16 7091.900
40 17 5749.400
40 18 7532.400
40 19 5234.300
40 20 8612.500
40 21 4498.900
40 22 6730.200
40 23 3200.300
40 24 5956.700
40 25 6730.000
40 26 3104.200
40 27 2046.900
40 28 4436.400
40 29 4179.900
40 30 4573.600
40 31 8565.400
40 32 4252.400
40 33 4026.400
40 34 8649.600
40 35 9054.300
40 36 3424.100
40 37 3731.400
40 38 8769.300
40 39 7239.600
40 40 0.000
40 41 7595.800
40 42 6083.000
40 43 6718.600
40 44 5009.300
40 45 4797.000
40 46 1541.300
40 47 5633.500
40 48 8962.100
40 49 6593.600
40 50 9121.100
40 51 4355.000
40 52 2919.900
40 53 1145.100
40 54 3185.100
40 55 8748.700
40 56 2683.400
40 57 8612.700
40 58 4084.100
40 59 9285.900
40 60 4819.800
40 61 6718.800
40 62 4103.200
40 63 4559.300
40 64 3973.200
40 65 4721.800
40 66 4528.000
40 67 4617.100
40 68 7374.300
40 69 8390.800
40 70 8527.800
40 71 7227.300
40 72 3233.200
40 73 2526.100
40 74 5273.600
40 75 4822.300
40 76 795.600
40 77 7887.100
40 78 6795.500
40 79 9832.700
40 80 6338.900
40 81 5880.000
40 82 5397.200
40 83 9439.100
40 84 4004.200
40 85 2411.800
40 86 8695.000
40 87 4460.100
40 88 2769.200
40 89 4312.000
40 90 3877.000
40 91 4450.700
40 92 8086.100
40 93 6440.300
40 94 3608.900
40 95 7831.200
40 96 4371.500
40 97 6433.200
40 98 6623.300
40 99 3386.800
40 100 3336.300
41 0 5786.200
41 1 3292.600
41 2 3084.200
41 3 8129.300
41 4 1911.100
41 5 3837.900
41 6 9691.700
41 7 8444.400
41 8 9202.900
41 9 3343.900
41 10 10524.800
41 11 5378.600
41 12 9725.000
41 13 13359.200
41 14 11201.900
41 15 1428.200
41 16 7153.000
41 17 7775.800
41 18 5944.900
41 19 2627.900
41 20 2259.500
41 21 6557.100
41 22 2806.300
41 23 7373.800
41 24 4910.600
41 25 5091.200
41 26 4742.700
41 27 6220.300
41 28 11608.200
41 29 4287.700
41 30 5267.000
41 31 10240.800
41 32 10513.000
41 33 3698.300
41 34 10660.000
41 35 10902.200
41 36 10239.800
41 37 4879.000
41 38 1858.000
41 39 4907.200
41 40 8118.800
41 41 0.000
41 42 9760.000
41 43 8729.000
41 44 3998.200
41 45 3320.800
41 46 6418.000
41 47 4996.000
41 48 10972.500
41 49 3184.800
41 50 2172.100
41 51 11526.800
41 52 9091.400
41 53 6414.100
41 54 8049.500
41 55 9825.800
41 56 5122.900
41 57 10623.100
41 58 11255.900
41 59 11296.300
41 60 7259.300
41 61 8566.700
41 62 4142.300
41 63 4994.100
41 64 3705.900
41 65 11893.600
41 66 11699.800
41 67 4668.800
41 68 9384.700
41 69 5655.100
41 70 4876.500
41 71 1096.100
41 72 4991.100
41 73 4958.300
41 74 6628.600
41 75 5397.300
41 76 7542.600
41 77 9897.500
41 78 798.700
41 79 11843.100
41 80 11567.500
41 81 5736.800
41 82 12569.000
41 83 11632.100
41 84 4541.200
41 85 5757.900
41 86 3491.600
41 87 3864.400
41 88 9941.000
41 89 11483.700
41 90 5885.000
41 91 11622.500
41 92 7022.000
41 93 2317.100
41 94 5749.900
41 95 1000.000
41 96 4146.000
41 97 8443.600
41 98 13795.000
41 99 10589.300
41 100 10538.900
42 0 5902.800
42 1 6535.000
42 2 8893.100
42 3 2721.000
42 4 10027.700
42 5 7070.400
42 6 5024.400
42 7 4903.300
42 8 6370.600
42 9 10370.600
42 10 3326.200
42 11 8611.100
42 12 786.100
42 13 5300.600
42 14 1441.900
42 15 10771.100
42 16 5905.200
42 17 3108.400
42 18 6329.700
42 19 7451.400
42 20 9333.600
42 21 4546.300
42 22 8880.800
42 23 5960.000
42 24 5433.200
42 25 5549.800
42 26 6736.700
42 27 5211.900
42 28 6356.200
42 29 7128.000
42 30 5118.000
42 31 7187.800
42 32 1369.800
42 33 6291.800
42 34 5988.800
42 35 4076.300
42 36 1899.800
42 37 6679.500
42 38 10971.000
42 39 6383.900
42 40 6215.000
42 41 9797.500
42 42 0.000
42 43 5315.600
42 44 6460.400
42 45 7015.800
42 46 7049.900
42 47 5110.100
42 48 7016.800
42 49 7235.600
42 50 10302.600
42 51 2773.000
42 52 3529.400
42 53 6632.300
42 54 4182.900
42 55 7371.100
42 56 5432.100
42 57 6409.800
42 58 2959.100
42 59 5951.800
42 60 3444.700
42 61 1740.900
42 62 8148.000
42 63 10067.800
42 64 8461.400
42 65 3596.800
42 66 2749.200
42 67 5609.500
42 68 5971.300
42 69 7188.100
42 70 7672.000
42 71 9428.900
42 72 7581.900
42 73 8034.600
42 74 3869.600
42 75 4605.200
42 76 4730.600
42 77 5129.400
42 78 8997.200
42 79 7535.300
42 80 1807.500
42 81 4476.000
42 82 1885.300
42 83 4777.600
42 84 8353.000
42 85 6885.700
42 86 9751.300
42 87 8808.900
42 88 3521.900
42 89 4897.600
42 90 3893.600
42 91 6370.500
42 92 6899.400
42 93 7604.600
42 94 5866.500
42 95 10032.900
42 96 6812.100
42 97 5030.200
42 98 5498.200
42 99 6193.200
42 100 7007.400
43 0 4229.700
43 1 4862.000
43 2 7220.100
43 3 5268.700
43 4 8354.700
43 5 5397.400
43 6 8135.200
43 7 6887.900
43 8 2427.600
43 9 8697.500
43 10 7707.200
43 11 6938.100
43 12 5167.100
43 13 9674.900
43 14 5822.800
43 15 9098.100
43 16 3674.300
43 17 2396.700
43 18 4656.600
43 19 5778.300
43 20 7660.500
43 21 2873.300
43 22 7207.800
43 23 5817.300
43 24 3760.200
43 25 3876.700
43 26 5063.600
43 27 4663.800
43 28 10051.700
43 29 5455.000
43 30 3445.000
43 31 3219.400
43 32 5750.800
43 33 4618.800
43 34 1931.000
43 35 3661.700
43 36 6280.800
43 37 5006.500
43 38 9297.900
43 39 4710.800
43 40 6562.300
43 41 8124.500
43 42 4381.000
43 43 0.000
43 44 4787.400
43 45 5342.800
43 46 6962.500
43 47 3437.000
43 48 3616.100
43 49 5562.500
43 50 8629.500
43 51 7154.000
43 52 5424.300
43 53 5987.200
43 54 6493.000
43 55 3402.700
43 56 3759.000
43 57 2686.700
43 58 7340.100
43 59 3359.900
43 60 4398.600
43 61 3187.700
43 62 6475.000
43 63 8265.500
43 64 6788.400
43 65 7977.800
43 66 7130.200
43 67 3936.500
43 68 2028.300
43 69 5515.000
43 70 5999.000
43 71 7755.900
43 72 5908.900
43 73 5697.200
43 74 1999.100
43 75 2932.100
43 76 5986.100
43 77 1168.500
43 78 7324.100
43 79 3812.200
43 80 6188.400
43 81 2802.900
43 82 6266.300
43 83 3749.200
43 84 6679.900
43 85 6056.700
43 86 8078.200
43 87 7135.800
43 88 7902.900
43 89 10050.400
43 90 2220.500
43 91 10066.000
43 92 4698.900
43 93 5931.500
43 94 4193.400
43 95 8359.800
43 96 5139.100
43 97 1087.200
43 98 9879.200
43 99 9032.800
43 100 8982.400
44 0 3142.900
44 1 1297.800
44 2 3742.800
44 3 5486.000
44 4 3774.000
44 5 3102.200
44 6 7048.300
44 7 5801.000
44 8 5711.700
44 9 6132.300
44 10 7881.400
44 11 4642.900
44 12 7020.200
44 13 10715.800
44 14 7675.900
44 15 4531.600
44 16 3661.800
44 17 4249.800
44 18 3174.600
44 19 932.100
44 20 4475.800
44 21 3060.800
44 22 2452.300
44 23 4730.400
44 24 1583.100
44 25 2372.300
44 26 2099.300
44 27 3576.900
44 28 8964.800
44 29 3086.800
44 30 1683.000
44 31 6749.500
44 32 7869.700
44 33 908.500
44 34 7134.100
44 35 7376.300
44 36 7596.500
44 37 2711.800
44 38 4632.600
44 39 2881.800
44 40 5475.400
44 41 3459.200
44 42 6234.100
44 43 5203.000
44 44 0.000
44 45 677.500
44 46 5593.600
44 47 1561.500
44 48 7446.600
44 49 2235.900
44 50 4984.400
44 51 8883.400
44 52 6448.000
44 53 4618.300
44 54 5406.100
44 55 6334.500
44 56 2479.500
44 57 7097.100
44 58 8612.500
44 59 7770.300
44 60 4615.900
44 61 5040.800
44 62 3840.700
44 63 5976.500
44 64 3833.000
44 65 9250.200
44 66 9056.400
44 67 671.500
44 68 5858.700
44 69 4033.000
44 70 4170.000
44 71 3090.600
44 72 4494.100
44 73 4305.000
44 74 3103.900
44 75 1832.800
44 76 4899.200
44 77 6371.500
44 78 2658.800
44 79 8317.100
44 80 8041.500
44 81 2231.500
44 82 8119.400
44 83 8106.100
44 84 4504.000
44 85 4687.900
44 86 4337.200
44 87 4846.800
44 88 7297.600
44 89 8840.300
44 90 2526.400
44 91 8979.100
44 92 4805.900
44 93 2082.500
44 94 3106.500
44 95 3694.500
44 96 1854.400
44 97 4917.700
44 98 11151.700
44 99 7946.000
44 100 7895.500
45 0 3018.700
45 1 1969.700
45 2 3027.000
45 3 5361.800
45 4 4025.400
45 5 3774.200
45 6 6924.100
45 7 5676.800
45 8 6651.500
45 9 6030.300
45 10 7757.300
45 11 5314.900
45 12 6957.400
45 13 10591.600
45 14 8615.800
45 15 4592.600
45 16 4601.600
45 17 5189.700
45 18 3846.600
45 19 1548.500
45 20 4373.700
45 21 4000.700
45 22 3024.900
45 23 4606.200
45 24 2812.300
45 25 3044.200
45 26 1975.100
45 27 3452.800
45 28 8840.700
45 29 2496.800
45 30 2499.400
45 31 7689.400
45 32 7745.500
45 33 1310.600
45 34 8073.900
45 35 8316.100
45 36 7472.300
45 37 2367.400
45 38 4368.200
45 39 3553.800
45 40 5351.300
45 41 3203.600
45 42 7173.900
45 43 6142.900
45 44 1899.800
45 45 0.000
45 46 4877.900
45 47 2920.700
45 48 8386.400
45 49 2907.800
45 50 5336.500
45 51 8759.200
45 52 6323.900
45 53 3902.500
45 54 5282.000
45 55 7274.400
45 56 2355.300
45 57 8037.000
45 58 8488.400
45 59 8710.200
45 60 4491.800
45 61 5980.600
45 62 3125.000
45 63 5404.700
45 64 3117.200
45 65 9126.100
45 66 8932.200
45 67 1904.300
45 68 6798.600
45 69 4705.000
45 70 4842.000
45 71 2988.500
45 72 3778.300
45 73 3589.200
45 74 4043.800
45 75 2772.700
45 76 4775.000
45 77 7311.400
45 78 2556.800
45 79 9257.000
45 80 8981.400
45 81 3171.400
45 82 9801.500
45 83 9046.000
45 84 3788.200
45 85 3972.100
45 86 5009.200
45 87 4275.100
45 88 7173.400
45 89 8716.200
45 90 3117.400
45 91 8855.000
45 92 5477.900
45 93 2754.500
45 94 2982.300
45 95 3439.000
45 96 1591.500
45 97 5857.500
45 98 11027.500
45 99 7821.800
45 100 7771.300
46 0 4843.600
46 1 6238.400
46 2 3525.800
46 3 5693.100
46 4 8083.500
46 5 8042.900
46 6 3740.100
46 7 2523.600
46 8 8971.900
46 9 10088.400
46 10 4604.000
46 11 9583.600
46 12 7015.000
46 13 7438.300
46 14 6486.100
46 15 7899.900
46 16 8094.100
46 17 6947.800
46 18 8115.200
46 19 5817.200
46 20 8431.900
46 21 5697.200
46 22 7302.600
46 23 3829.300
46 24 6736.400
46 25 7312.900
46 26 4302.500
46 27 2516.400
46 28 5687.400
46 29 2956.100
46 30 5772.000
46 31 9763.700
46 32 5503.400
46 33 4803.100
46 34 9847.900
46 35 10305.300
46 36 4675.100
46 37 3109.800
46 38 7675.500
46 39 7822.500
46 40 2167.200
46 41 6511.000
46 42 7333.900
46 43 7916.900
46 44 5788.900
46 45 4825.600
46 46 0.000
46 47 6413.200
46 48 10160.400
46 49 7176.500
46 50 8643.800
46 51 5606.000
46 52 4170.900
46 53 1336.000
46 54 4436.100
46 55 9947.000
46 56 3881.700
46 57 9811.000
46 58 5335.100
46 59 10484.200
46 60 6018.100
46 61 7969.800
46 62 3149.500
46 63 3017.900
46 64 3019.500
46 65 5972.800
46 66 5779.000
46 67 5396.700
46 68 8572.600
46 69 8973.700
46 70 9110.600
46 71 7046.700
46 72 2279.500
46 73 1572.400
46 74 6471.900
46 75 6020.600
46 76 2046.600
46 77 9085.400
46 78 6614.900
46 79 11031.000
46 80 7589.900
46 81 6663.900
46 82 6648.200
46 83 10690.100
46 84 3050.500
46 85 1458.100
46 86 9663.900
46 87 3506.400
46 88 4020.200
46 89 5562.900
46 90 5075.300
46 91 5701.700
46 92 9088.300
46 93 6813.500
46 94 3510.100
46 95 6746.300
46 96 4412.000
46 97 7631.500
46 98 7874.200
46 99 4637.700
46 100 4587.300
47 0 3446.400
47 1 1712.600
47 2 4302.400
47 3 5184.000
47 4 4188.800
47 5 2658.200
47 6 7351.800
47 7 6104.500
47 8 4544.500
47 9 6403.600
47 10 8184.900
47 11 4198.900
47 12 5853.100
47 13 10360.900
47 14 6508.800
47 15 5305.000
47 16 2494.600
47 17 3082.700
47 18 2377.700
47 19 2227.500
47 20 5366.600
47 21 1893.700
47 22 3747.700
47 23 5033.900
47 24 655.700
47 25 1575.400
47 26 2402.800
47 27 3880.400
47 28 9268.300
47 29 3390.300
47 30 1292.500
47 31 5582.400
47 32 6436.700
47 33 1701.100
47 34 5966.900
47 35 6209.100
47 36 6966.700
47 37 3015.300
47 38 5928.000
47 39 2409.500
47 40 5778.900
47 41 4754.500
47 42 5066.900
47 43 4035.900
47 44 1168.600
47 45 1972.800
47 46 6151.800
47 47 0.000
47 48 6279.400
47 49 2413.200
47 50 6335.600
47 51 7839.900
47 52 6751.500
47 53 5176.500
47 54 5709.600
47 55 5167.400
47 56 2783.000
47 57 5929.900
47 58 8026.000
47 59 6603.200
47 60 4313.900
47 61 3873.600
47 62 3956.400
47 63 6522.400
47 64 4392.700
47 65 8663.700
47 66 7816.200
47 67 761.200
47 68 4691.600
47 69 3236.100
47 70 3697.600
47 71 4385.900
47 72 5053.700
47 73 5216.400
47 74 1936.800
47 75 914.200
47 76 5202.700
47 77 5204.400
47 78 3954.200
47 79 7150.000
47 80 6874.400
47 81 1064.400
47 82 6952.200
47 83 6939.000
47 84 5063.600
47 85 5246.100
47 86 4407.700
47 87 5392.800
47 88 7601.100
47 89 9143.800
47 90 2135.800
47 91 9282.600
47 92 3488.800
47 93 2889.500
47 94 3410.000
47 95 4989.900
47 96 2221.400
47 97 3750.500
47 98 10565.200
47 99 8249.500
47 100 8199.000
48 0 7121.000
48 1 7753.300
48 2 10111.400
48 3 7305.300
48 4 9789.200
48 5 7745.400
48 6 11026.500
48 7 9779.200
48 8 2554.400
48 9 10481.200
48 10 10007.300
48 11 6992.900
48 12 7467.300
48 13 11981.700
48 14 7009.000
48 15 10905.400
48 16 4453.600
48 17 5288.000
48 18 8049.700
48 19 8669.600
48 20 10551.800
48 21 5764.500
48 22 10099.000
48 23 8708.600
48 24 6651.500
48 25 7269.800
48 26 7954.900
48 27 7555.100
48 28 13037.300
48 29 8346.300
48 30 6336.200
48 31 1680.300
48 32 8050.900
48 33 7510.000
48 34 2006.700
48 35 4356.500
48 36 8580.900
48 37 7897.800
48 38 12189.200
48 39 7602.100
48 40 9453.600
48 41 11015.700
48 42 6681.100
48 43 2901.000
48 44 7678.700
48 45 8234.100
48 46 9853.800
48 47 6328.300
48 48 0.000
48 49 8536.800
48 50 11520.800
48 51 9454.100
48 52 7847.200
48 53 8878.400
48 54 8175.400
48 55 1994.100
48 56 6650.300
48 57 1113.300
48 58 9640.200
48 59 1453.300
48 60 7289.900
48 61 5771.800
48 62 9366.200
48 63 11156.800
48 64 9679.700
48 65 10277.900
48 66 8512.100
48 67 6827.800
48 68 2934.300
48 69 7170.400
48 70 8312.900
48 71 10647.200
48 72 8800.200
48 73 8588.500
48 74 4890.400
48 75 5823.400
48 76 8877.400
48 77 2869.800
48 78 10215.400
48 79 948.000
48 80 5853.600
48 81 5694.200
48 82 7452.400
48 83 3499.900
48 84 9571.200
48 85 8948.000
48 86 9558.600
48 87 10027.100
48 88 10203.100
48 89 11578.700
48 90 5111.800
48 91 13051.600
48 92 5478.200
48 93 8822.800
48 94 7084.700
48 95 11251.100
48 96 8030.300
48 97 3978.500
48 98 12179.400
48 99 11924.100
48 100 11873.700
49 0 4894.800
49 1 940.300
49 2 5460.700
49 3 7237.900
49 4 1902.600
49 5 947.200
49 6 8800.200
49 7 7552.900
49 8 6610.900
49 9 4090.000
49 10 9633.400
49 11 2487.900
49 12 8118.500
49 13 12619.300
49 14 8774.200
49 15 3018.800
49 16 4561.000
49 17 5348.100
49 18 3384.400
49 19 1468.700
49 20 3053.000
49 21 3965.000
49 22 2242.700
49 23 6482.300
49 24 2550.300
49 25 2663.500
49 26 3851.200
49 27 5328.900
49 28 10716.800
49 29 4838.700
49 30 3533.900
49 31 7648.700
49 32 8702.200
49 33 2474.700
49 34 8232.300
49 35 8474.600
49 36 9232.200
49 37 4463.700
49 38 5090.600
49 39 2479.500
49 40 7227.400
49 41 3459.400
49 42 7332.400
49 43 6301.300
49 44 2284.500
49 45 2429.400
49 46 7348.000
49 47 2403.900
49 48 8544.900
49 49 0.000
49 50 3295.200
49 51 10105.400
49 52 8200.000
49 53 6372.600
49 54 7158.000
49 55 7233.700
49 56 4231.400
49 57 8195.400
49 58 10364.500
49 59 8868.600
49 60 6367.800
49 61 6139.100
49 62 5404.800
49 63 7370.500
49 64 5587.300
49 65 11002.100
49 66 10081.600
49 67 2956.000
49 68 6957.000
49 69 2764.400
49 70 1985.900
49 71 3548.600
49 72 6248.400
49 73 6059.300
49 74 4003.100
49 75 2985.600
49 76 6651.100
49 77 7469.800
49 78 3116.800
49 79 9415.400
49 80 9139.800
49 81 3130.800
49 82 9217.700
49 83 9204.400
49 84 6258.300
49 85 6442.200
49 86 2313.200
49 87 6240.900
49 88 9049.500
49 89 10592.300
49 90 4377.200
49 91 10731.100
49 92 4594.300
49 93 785.700
49 94 4858.400
49 95 4152.500
49 96 3606.300
49 97 6015.900
49 98 12903.600
49 99 9697.900
49 100 9647.400
50 0 7265.600
50 1 3956.400
50 2 5292.300
50 3 9608.700
50 4 1402.400
50 5 3548.600
50 6 11171.100
50 7 9923.800
50 8 9985.600
50 9 1491.700
50 10 12004.200
50 11 4370.200
50 12 11308.300
50 13 15809.000
50 14 11964.000
50 15 867.500
50 16 7935.700
50 17 8537.900
50 18 6640.700
50 19 4107.300
50 20 1750.700
50 21 7145.500
50 22 4285.700
50 23 8853.200
50 24 5730.700
50 25 5860.800
50 26 6222.100
50 27 7699.700
50 28 13087.600
50 29 6495.800
50 30 6746.400
50 31 11023.400
50 32 11891.900
50 33 5177.700
50 34 11422.100
50 35 11664.300
50 36 12421.900
50 37 6364.100
50 38 2406.100
50 39 5100.600
50 40 9598.200
50 41 2223.800
50 42 10522.100
50 43 9491.100
50 44 5300.600
50 45 4800.300
50 46 8626.100
50 47 5584.300
50 48 11734.600
50 49 3333.400
50 50 0.000
50 51 13295.100
50 52 10570.800
50 53 7899.200
50 54 9528.900
50 55 10608.400
50 56 6602.300
50 57 11385.100
50 58 12735.300
50 59 12058.400
50 60 8738.700
50 61 9328.800
50 62 6350.400
50 63 7202.200
50 64 5914.000
50 65 14867.200
50 66 13271.400
50 67 6148.200
50 68 10146.800
50 69 5375.100
50 70 4401.100
50 71 2190.100
50 72 7199.200
50 73 7166.400
50 74 7622.000
50 75 6166.000
50 76 9022.000
50 77 10659.600
50 78 3006.800
50 79 12605.200
50 80 12329.600
50 81 6506.400
50 82 12407.400
50 83 12394.200
50 84 6749.300
50 85 7966.000
50 86 2430.100
50 87 6072.500
50 88 11420.400
50 89 12963.100
50 90 8341.200
50 91 13101.900
50 92 7143.600
50 93 3796.500
50 94 7229.300
50 95 2941.100
50 96 5631.100
50 97 9205.700
50 98 16768.700
50 99 12068.700
50 100 12018.300
51 0 7658.900
51 1 9669.200
51 2 8514.500
51 3 5323.500
51 4 12277.700
51 5 10279.500
51 6 3550.800
51 7 3429.700
51 8 9579.700
51 9 13579.600
51 10 1852.600
51 11 11820.200
51 12 3995.200
51 13 3655.300
51 14 3925.300
51 15 12681.900
51 16 9114.300
51 17 6317.500
51 18 9538.700
51 19 9248.000
51 20 12542.700
51 21 7755.400
51 22 10743.900
51 23 6649.800
51 24 8642.300
51 25 8758.800
51 26 7117.900
51 27 5901.700
51 28 4882.600
51 29 8193.500
51 30 8587.300
51 31 10686.700
51 32 2801.500
51 33 8040.100
51 34 9487.700
51 35 7285.400
51 36 1973.200
51 37 7745.000
51 38 12782.900
51 39 9592.900
51 40 4741.500
51 41 11609.500
51 42 4314.100
51 43 8524.600
51 44 9022.900
51 45 8810.600
51 46 5576.300
51 47 8319.100
51 48 10515.800
51 49 10607.200
51 50 13511.600
51 51 0.000
51 52 3997.100
51 53 5158.800
51 54 4872.700
51 55 10870.000
51 56 6697.000
51 57 9908.700
51 58 851.800
51 59 9450.700
51 60 6130.500
51 61 4949.900
51 62 8138.200
51 63 8594.300
51 64 8008.200
51 65 1489.500
51 66 1972.300
51 67 8630.700
51 68 9180.300
51 69 10397.100
51 70 10881.100
51 71 11240.900
51 72 7268.200
51 73 6561.100
51 74 7078.600
51 75 7814.200
51 76 4586.400
51 77 8338.500
51 78 10809.100
51 79 11034.300
51 80 3669.000
51 81 7685.000
51 82 2841.500
51 83 8276.600
51 84 8039.200
51 85 6446.800
51 86 12960.300
51 87 8495.100
51 88 2048.400
51 89 2790.300
51 90 7102.600
51 91 4896.900
51 92 10108.500
51 93 10453.900
51 94 7622.600
51 95 11844.800
51 96 8385.200
51 97 8239.300
51 98 3390.900
51 99 4719.700
51 100 5533.900
52 0 3533.700
52 1 7039.700
52 2 6976.100
52 3 1522.200
52 4 9648.300
52 5 7772.500
52 6 3055.100
52 7 2939.600
52 8 7072.700
52 9 11072.600
52 10 3795.500
52 11 9313.200
52 12 2260.400
52 13 5788.600
52 14 3625.000
52 15 10052.500
52 16 6607.300
52 17 3810.500
52 18 7031.700
52 19 6618.500
52 20 10035.700
52 21 5452.600
52 22 8114.400
52 23 3428.600
52 24 6135.300
52 25 6251.800
52 26 4488.400
52 27 2680.500
52 28 4037.700
52 29 5286.700
52 30 5527.400
52 31 7984.900
52 32 2642.300
52 33 5410.600
52 34 6785.900
52 35 4844.900
52 36 2369.100
52 37 4924.500
52 38 10153.500
52 39 7085.900
52 40 4251.300
52 41 8980.000
52 42 3664.900
52 43 6017.700
52 44 6393.400
52 45 6181.100
52 46 5086.200
52 47 5812.100
52 48 7813.900
52 49 7977.800
52 50 11004.600
52 51 3699.200
52 52 0.000
52 53 3650.800
52 54 1430.100
52 55 8168.200
52 56 3637.100
52 57 7206.900
52 58 3428.400
52 59 6748.900
52 60 2456.100
52 61 2509.400
52 62 6366.700
52 63 8104.100
52 64 6469.800
52 65 4066.100
52 66 3872.300
52 67 6001.300
52 68 6673.400
52 69 7890.100
52 70 8374.100
52 71 8611.400
52 72 5729.800
52 73 5022.700
52 74 4571.600
52 75 5307.200
52 76 2474.700
52 77 5897.900
52 78 8179.700
52 79 8332.400
52 80 4728.800
52 81 5178.000
52 82 4068.500
52 83 5574.700
52 84 6500.800
52 85 4354.400
52 86 10453.300
52 87 6956.700
52 88 3258.500
52 89 3913.200
52 90 4595.600
52 91 4052.000
52 92 7601.500
52 93 7824.500
52 94 3321.600
52 95 9215.400
52 96 5755.700
52 97 5732.300
52 98 5967.500
52 99 3874.700
52 100 4688.900
53 0 3471.000
53 1 5357.700
53 2 3826.200
53 3 5575.700
53 4 7202.800
53 5 7162.100
53 6 3622.700
53 7 2406.200
53 8 7599.300
53 9 9207.700
53 10 4486.600
53 11 8702.800
53 12 6897.600
53 13 7321.000
53 14 6368.700
53 15 7607.000
53 16 6917.600
53 17 5575.200
53 18 7234.500
53 19 4936.400
53 20 7551.100
53 21 4324.600
53 22 6421.900
53 23 2948.500
53 24 5855.600
53 25 6432.100
53 26 2929.900
53 27 1635.600
53 28 5570.000
53 29 2591.300
53 30 4399.400
53 31 8391.100
53 32 5386.000
53 33 3852.200
53 34 8475.300
53 35 8701.600
53 36 4557.700
53 37 2229.000
53 38 7709.200
53 39 6941.700
53 40 2049.800
53 41 6428.500
53 42 7216.500
53 43 6544.300
53 44 4908.200
53 45 3944.900
53 46 1618.100
53 47 5532.500
53 48 8787.800
53 49 6295.700
53 50 8059.800
53 51 5488.600
53 52 4053.500
53 53 0.000
53 54 4318.700
53 55 8574.400
53 56 2509.100
53 57 8438.400
53 58 5217.700
53 59 9111.600
53 60 4645.500
53 61 6366.100
53 62 3449.900
53 63 4936.500
53 64 3319.900
53 65 5855.400
53 66 5661.600
53 67 4516.000
53 68 7200.000
53 69 8092.900
53 70 8229.900
53 71 6165.900
53 72 2579.900
53 73 1571.800
53 74 5099.300
53 75 4648.000
53 76 1614.600
53 77 7712.800
53 78 5734.200
53 79 9658.400
53 80 7472.500
53 81 5783.100
53 82 6530.800
53 83 9431.400
53 84 3350.900
53 85 1204.500
53 86 8783.200
53 87 3806.800
53 88 3902.800
53 89 5445.500
53 90 3702.700
53 91 5584.300
53 92 7911.800
53 93 5932.800
53 94 2643.800
53 95 6663.800
53 96 3531.300
53 97 6258.900
53 98 7756.800
53 99 4520.300
53 100 4469.900
54 0 2612.600
54 1 6118.600
54 2 6055.000
54 3 2455.100
54 4 8727.100
54 5 7923.000
54 6 3459.000
54 7 3343.400
54 8 8236.600
54 9 10732.000
54 10 4246.200
54 11 9463.700
54 12 3193.300
54 13 6192.400
54 14 4183.100
54 15 9131.300
54 16 7554.900
54 17 4743.300
54 18 7995.400
54 19 5697.300
54 20 9075.500
54 21 4961.900
54 22 7193.300
54 23 2507.500
54 24 6419.700
54 25 7193.000
54 26 3567.200
54 27 1759.300
54 28 4441.500
54 29 4365.500
54 30 5036.700
54 31 9028.400
54 32 3200.400
54 33 4489.500
54 34 7718.700
54 35 5777.700
54 36 2927.200
54 37 4003.300
54 38 9232.300
54 39 7702.600
54 40 3903.100
54 41 8058.900
54 42 5030.900
54 43 7181.600
54 44 5472.300
54 45 5260.000
54 46 4339.000
54 47 6096.600
54 48 9425.100
54 49 7056.600
54 50 9584.100
54 51 4257.300
54 52 932.800
54 53 3363.600
54 54 0.000
54 55 9211.700
54 56 3146.400
54 57 8139.700
54 58 3986.500
54 59 7681.700
54 60 3389.000
54 61 3442.200
54 62 5445.600
54 63 7165.200
54 64 5548.600
54 65 4624.200
54 66 4430.300
54 67 5080.100
54 68 7837.300
54 69 8853.800
54 70 8990.800
54 71 7690.300
54 72 4808.600
54 73 4101.500
54 74 5736.600
54 75 5285.300
54 76 2878.600
54 77 6830.800
54 78 7258.500
54 79 9265.300
54 80 5286.900
54 81 6343.000
54 82 4626.600
54 83 6507.500
54 84 5579.600
54 85 3433.200
54 86 9158.000
54 87 6035.500
54 88 3662.300
54 89 4317.000
54 90 4340.000
54 91 4455.800
54 92 8549.100
54 93 6903.300
54 94 2400.400
54 95 8294.200
54 96 4834.500
54 97 6896.200
54 98 6525.600
54 99 4278.500
54 100 5092.800
55 0 7078.500
55 1 6307.100
55 2 8710.200
55 3 8117.400
55 4 8016.200
55 5 5972.400
55 6 10983.900
55 7 9736.600
55 8 2142.100
55 9 8708.200
55 10 10453.100
55 11 5219.900
55 12 7913.100
55 13 12523.700
55 14 7454.800
55 15 9132.400
55 16 2680.600
55 17 5245.500
55 18 6276.700
55 19 7223.500
55 20 8199.700
55 21 5722.000
55 22 8652.900
55 23 8666.000
55 24 5250.200
55 25 5496.800
55 26 6810.500
55 27 7512.600
55 28 12900.500
55 29 7798.000
55 30 5700.200
55 31 967.200
55 32 8496.700
55 33 6108.800
55 34 2452.500
55 35 4802.300
55 36 9026.700
55 37 7423.000
55 38 11642.200
55 39 7055.000
55 40 9411.000
55 41 10468.700
55 42 7126.900
55 43 2858.400
55 44 7131.600
55 45 7687.000
55 46 9811.200
55 47 4927.100
55 48 2074.500
55 49 6763.800
55 50 9168.600
55 51 9899.900
55 52 8293.100
55 53 8835.900
55 54 9341.700
55 55 0.000
55 56 6607.800
55 57 2115.300
55 58 10086.100
55 59 2589.700
55 60 7247.300
55 61 6036.400
55 62 8364.100
55 63 10930.200
55 64 8800.400
55 65 10723.700
55 66 8957.900
55 67 5426.600
55 68 2892.500
55 69 5397.400
55 70 6539.900
55 71 10100.100
55 72 8757.600
55 73 8546.000
55 74 4847.900
55 75 4960.300
55 76 8834.800
55 77 4026.900
55 78 9668.400
55 79 2945.100
55 80 6299.400
55 81 4155.700
55 82 7898.200
55 83 3945.700
55 84 9528.600
55 85 8905.500
55 86 7785.700
55 87 9800.500
55 88 10648.900
55 89 12024.500
55 90 5069.200
55 91 12914.800
55 92 3705.200
55 93 7538.300
55 94 7042.100
55 95 10704.000
55 96 6629.100
55 97 3935.900
55 98 12625.200
55 99 11881.600
55 100 11831.100
56 0 1582.100
56 1 3168.400
56 2 4120.400
56 3 3006.500
56 4 5932.000
56 5 5330.300
56 6 5487.600
56 7 4240.300
56 8 5090.200
56 9 9091.200
56 10 6320.700
56 11 6871.000
56 12 4602.100
56 13 9155.000
56 14 6492.200
56 15 6336.200
56 16 4408.500
56 17 3066.100
56 18 5050.300
56 19 2747.200
56 20 6280.300
56 21 1815.500
56 22 4267.400
56 23 3169.600
56 24 3327.800
56 25 4270.400
56 26 1076.900
56 27 2016.200
56 28 7404.100
56 29 2602.900
56 30 1890.300
56 31 5882.000
56 32 6308.900
56 33 1519.300
56 34 5966.200
56 35 6192.500
56 36 6035.700
56 37 2227.900
56 38 6437.200
56 39 5104.500
56 40 3914.700
56 41 5263.700
56 42 5050.300
56 43 4035.200
56 44 2502.200
56 45 2464.800
56 46 4686.100
56 47 3004.600
56 48 6278.700
56 49 4106.500
56 50 6789.000
56 51 7322.600
56 52 4335.800
56 53 3522.700
56 54 3845.400
56 55 6065.300
56 56 0.000
56 57 5929.300
56 58 7051.800
56 59 6602.500
56 60 2136.400
56 61 3857.000
56 62 3169.000
56 63 6003.300
56 64 3548.700
56 65 7689.500
56 66 7495.700
56 67 2110.000
56 68 4690.900
56 69 5908.700
56 70 6392.700
56 71 4895.100
56 72 3646.700
56 73 3435.000
56 74 2590.200
56 75 2138.900
56 76 3338.500
56 77 5203.700
56 78 4463.400
56 79 7149.300
56 80 6857.800
56 81 3196.600
56 82 6935.600
56 83 6922.300
56 84 4417.700
56 85 3794.500
56 86 6207.900
56 87 4873.600
56 88 5736.800
56 89 7279.600
56 90 1193.600
56 91 7418.400
56 92 5402.700
56 93 3778.300
56 94 1545.800
56 95 5499.100
56 96 2039.400
56 97 3749.800
56 98 9590.900
56 99 6385.200
56 100 6334.700
57 0 6738.300
57 1 7370.600
57 2 9728.700
57 3 6684.600
57 4 9529.700
57 5 7485.900
57 6 10643.800
57 7 9396.500
57 8 2188.200
57 9 10221.700
57 10 9386.600
57 11 6733.400
57 12 6846.500
57 13 11361.000
57 14 6388.200
57 15 10645.800
57 16 4194.100
57 17 4905.300
57 18 7790.200
57 19 8286.900
57 20 10169.100
57 21 5381.900
57 22 9716.400
57 23 8325.900
57 24 6268.800
57 25 7010.300
57 26 7572.200
57 27 7172.400
57 28 12416.500
57 29 7963.600
57 30 5953.500
57 31 1344.800
57 32 7430.100
57 33 7127.300
57 34 1385.900
57 35 3735.700
57 36 7960.200
57 37 7515.100
57 38 11806.500
57 39 7219.400
57 40 9070.900
57 41 10633.000
57 42 6060.400
57 43 2518.300
57 44 7296.000
57 45 7851.400
57 46 9471.100
57 47 5945.600
57 48 1113.300
57 49 8071.100
57 50 11138.100
57 51 8833.400
57 52 7226.500
57 53 8495.800
57 54 7554.600
57 55 1734.600
57 56 6267.600
57 57 0.000
57 58 9019.500
57 59 777.100
57 60 6907.200
57 61 5151.000
57 62 8983.500
57 63 10774.100
57 64 9297.000
57 65 9657.200
57 66 7891.300
57 67 6445.100
57 68 2551.600
57 69 6910.900
57 70 8053.300
57 71 10264.500
57 72 8417.500
57 73 8205.800
57 74 4507.700
57 75 5440.700
57 76 8494.700
57 77 2249.100
57 78 9832.700
57 79 1399.200
57 80 5232.800
57 81 5311.500
57 82 6831.700
57 83 2879.100
57 84 9188.500
57 85 8565.300
57 86 10586.800
57 87 9644.400
57 88 9582.300
57 89 10958.000
57 90 4729.100
57 91 12430.800
57 92 5218.600
57 93 8440.100
57 94 6702.000
57 95 10868.400
57 96 7647.700
57 97 3595.800
57 98 11558.600
57 99 11541.400
57 100 11491.000
58 0 8335.600
58 1 11019.300
58 2 9191.200
58 3 5449.100
58 4 14512.000
58 5 11554.700
58 6 4227.500
58 7 4106.400
58 8 9705.300
58 9 14854.800
58 10 1867.600
58 11 13095.400
58 12 4120.800
58 13 2814.100
58 14 4050.900
58 15 13358.600
58 16 9239.900
58 17 6443.100
58 18 10813.900
58 19 9924.600
58 20 13817.900
58 21 7881.000
58 22 11420.600
58 23 7326.500
58 24 8767.900
58 25 10034.000
58 26 7794.500
58 27 6578.300
58 28 3455.200
58 29 8870.200
58 30 8452.700
58 31 10411.700
58 32 3217.400
58 33 8716.800
58 34 9212.700
58 35 7411.000
58 36 2649.900
58 37 8421.700
58 38 13459.600
58 39 10868.100
58 40 5418.200
58 41 12286.200
58 42 4439.700
58 43 8650.300
58 44 9699.600
58 45 9487.300
58 46 6253.000
58 47 8444.700
58 48 10240.800
58 49 11719.900
58 50 14786.800
58 51 791.400
58 52 4673.800
58 53 5835.400
58 54 5549.400
58 55 10595.000
58 56 7373.700
58 57 9633.700
58 58 0.000
58 59 9175.700
58 60 6256.100
58 61 5075.500
58 62 8814.900
58 63 9271.000
58 64 8684.900
58 65 648.300
58 66 2097.900
58 67 9307.400
58 68 9306.000
58 69 11672.300
58 70 12156.300
58 71 11917.600
58 72 7944.900
58 73 7237.800
58 74 7204.300
58 75 7939.800
58 76 5263.100
58 77 8464.100
58 78 11485.800
58 79 10759.300
58 80 4460.500
58 81 7810.600
58 82 2967.100
58 83 8001.600
58 84 8715.900
58 85 7123.500
58 86 14235.500
58 87 9171.800
58 88 2725.100
58 89 1949.100
58 90 7228.300
58 91 5573.600
58 92 10234.100
58 93 11130.600
58 94 8299.200
58 95 12521.500
58 96 9061.900
58 97 8364.900
58 98 2549.800
58 99 5396.300
58 100 4678.500
59 0 7408.500
59 1 8040.800
59 2 10398.900
59 3 6268.300
59 4 10199.900
59 5 8156.100
59 6 10668.400
59 7 10066.700
59 8 2858.400
59 9 10891.900
59 10 8970.300
59 11 7403.600
59 12 6430.200
59 13 10944.700
59 14 5971.900
59 15 11316.000
59 16 4864.300
59 17 5575.500
59 18 8460.400
59 19 8957.100
59 20 10839.300
59 21 6052.100
59 22 10386.600
59 23 8996.100
59 24 6939.000
59 25 7680.500
59 26 8242.400
59 27 7842.600
59 28 12000.200
59 29 8633.800
59 30 6623.800
59 31 2015.000
59 32 7013.800
59 33 7797.600
59 34 2056.100
59 35 3319.400
59 36 7543.800
59 37 8185.300
59 38 12476.700
59 39 7889.600
59 40 9741.100
59 41 11303.300
59 42 5644.100
59 43 3188.500
59 44 7966.200
59 45 8521.600
59 46 10141.300
59 47 6615.800
59 48 1406.400
59 49 8741.300
59 50 11808.300
59 51 8417.100
59 52 6810.200
59 53 9166.000
59 54 7138.300
59 55 2404.800
59 56 6937.800
59 57 774.100
59 58 8603.200
59 59 0.000
59 60 6438.500
59 61 4734.700
59 62 9653.800
59 63 11444.300
59 64 9967.200
59 65 9240.900
59 66 7475.000
59 67 7115.300
59 68 3221.800
59 69 7581.100
59 70 8723.600
59 71 10934.700
59 72 9087.700
59 73 8876.000
59 74 5177.900
59 75 6110.900
59 76 9164.900
59 77 3820.500
59 78 10502.900
59 79 1474.700
59 80 4816.500
59 81 5981.700
59 82 6415.400
59 83 1607.400
59 84 9858.700
59 85 9235.500
59 86 11257.000
59 87 10314.600
59 88 9166.000
59 89 10541.700
59 90 5399.300
59 91 12014.500
59 92 5888.800
59 93 9110.300
59 94 7372.200
59 95 11538.600
59 96 8317.900
59 97 4266.000
59 98 11142.300
59 99 11837.300
59 100 12161.200
60 0 1983.600
60 1 4681.300
60 2 5633.300
60 3 1126.800
60 4 7444.800
60 5 6843.100
60 6 5889.000
60 7 4641.700
60 8 6603.100
60 9 10114.500
60 10 6722.100
60 11 8383.800
60 12 2513.700
60 13 8413.900
60 14 4248.000
60 15 7849.000
60 16 5921.300
60 17 2852.400
60 18 6073.600
60 19 4260.000
60 20 7793.200
60 21 3328.300
60 22 5780.300
60 23 3571.100
60 24 4840.600
60 25 5293.700
60 26 2589.700
60 27 2417.600
60 28 6663.000
60 29 4115.800
60 30 3403.100
60 31 7394.900
60 32 3710.000
60 33 3032.200
60 34 6836.600
60 35 4895.600
60 36 5148.600
60 37 4160.100
60 38 7950.000
60 39 6127.800
60 40 4316.100
60 41 6776.600
60 42 3715.600
60 43 5548.000
60 44 4015.000
60 45 3977.700
60 46 5087.600
60 47 4517.500
60 48 7791.600
60 49 5619.300
60 50 8301.800
60 51 5579.100
60 52 2456.100
60 53 3924.100
60 54 2784.200
60 55 7578.200
60 56 1512.800
60 57 7442.100
60 58 6208.000
60 59 6799.600
60 60 0.000
60 61 2560.100
60 62 4681.900
60 63 7419.100
60 64 5061.500
60 65 6845.600
60 66 5555.300
60 67 3622.800
60 68 6203.700
60 69 6932.000
60 70 7416.000
60 71 6408.000
60 72 5062.500
60 73 4850.800
60 74 4103.100
60 75 3651.800
60 76 3739.900
60 77 5018.600
60 78 5976.200
60 79 8662.100
60 80 4613.600
60 81 4219.900
60 82 4691.400
60 83 5625.400
60 84 5833.500
60 85 4221.500
60 86 7720.700
60 87 6289.400
60 88 6138.300
60 89 6538.500
60 90 2706.400
60 91 6677.300
60 92 6915.500
60 93 5291.100
60 94 1947.200
60 95 7011.900
60 96 3552.300
60 97 5262.700
60 98 8747.100
60 99 6786.700
60 100 6736.200
61 0 4870.100
61 1 5502.300
61 2 7860.500
61 3 2241.700
61 4 8995.000
61 5 6037.700
61 6 6641.900
61 7 6520.800
61 8 5337.900
61 9 9337.900
61 10 4943.700
61 11 7578.400
61 12 2403.600
61 13 6918.100
61 14 3059.400
61 15 9738.400
61 16 4872.500
61 17 2075.800
61 18 5297.000
61 19 6418.700
61 20 8300.900
61 21 3513.600
61 22 7848.100
61 23 6457.700
61 24 4400.600
61 25 4517.100
61 26 5704.000
61 27 5304.200
61 28 7973.700
61 29 6095.300
61 30 4085.300
61 31 5487.100
61 32 2987.300
61 33 5259.100
61 34 4288.000
61 35 2347.000
61 36 3517.300
61 37 5646.800
61 38 9938.300
61 39 5351.200
61 40 7202.700
61 41 8764.800
61 42 1617.500
61 43 4282.900
61 44 5427.700
61 45 5983.100
61 46 7602.900
61 47 4077.400
61 48 5316.100
61 49 6202.900
61 50 9269.900
61 51 4390.500
61 52 2783.600
61 53 6627.500
61 54 3111.800
61 55 5670.400
61 56 4399.400
61 57 4709.100
61 58 4576.600
61 59 4251.100
61 60 2412.000
61 61 0.000
61 62 7115.300
61 63 8905.800
61 64 7428.700
61 65 5214.300
61 66 4366.700
61 67 4576.900
61 68 4938.600
61 69 6155.400
61 70 6639.400
61 71 8396.200
61 72 6549.300
61 73 6337.600
61 74 2836.900
61 75 3572.500
61 76 6348.100
61 77 3400.100
61 78 7964.500
61 79 5834.600
61 80 3425.000
61 81 3443.300
61 82 3502.800
61 83 3076.900
61 84 7320.300
61 85 6697.100
61 86 8718.600
61 87 7776.200
61 88 5139.400
61 89 6515.100
61 90 2860.900
61 91 7988.000
61 92 5866.800
61 93 6571.900
61 94 4833.800
61 95 9000.200
61 96 5779.400
61 97 3997.500
61 98 7115.700
61 99 7810.700
61 100 8625.000
62 0 3549.800
62 1 4235.400
62 2 1649.700
62 3 5892.900
62 4 6080.500
62 5 6039.800
62 6 6166.000
62 7 4949.500
62 8 8023.400
62 9 8085.400
62 10 7029.900
62 11 7580.500
62 12 7488.500
62 13 9864.300
62 14 8912.000
62 15 6484.700
62 16 5973.500
62 17 5952.500
62 18 6112.200
62 19 3814.100
62 20 6428.800
62 21 4702.000
62 22 5299.600
62 23 4875.400
62 24 4615.800
62 25 5309.800
62 26 2506.200
62 27 3562.500
62 28 8113.300
62 29 876.900
62 30 3874.300
62 31 8768.500
62 32 7929.300
62 33 2685.500
62 34 8852.700
62 35 9078.900
62 36 7101.000
62 37 2112.400
62 38 6586.900
62 39 5819.400
62 40 4593.100
62 41 4745.500
62 42 7936.700
62 43 6921.700
62 44 3668.300
62 45 2822.600
62 46 3156.600
62 47 4292.600
62 48 9165.200
62 49 5173.400
62 50 6937.500
62 51 8031.900
62 52 6596.800
62 53 3303.900
62 54 5391.700
62 55 8646.200
62 56 2886.500
62 57 8815.700
62 58 7761.000
62 59 9489.000
62 60 5022.900
62 61 6743.500
62 62 0.000
62 63 3689.100
62 64 1143.300
62 65 8398.700
62 66 8204.900
62 67 3276.100
62 68 7577.400
62 69 6970.600
62 70 7107.600
62 71 5043.600
62 72 1756.000
62 73 1918.700
62 74 5476.700
62 75 4144.500
62 76 4472.500
62 77 8090.100
62 78 4611.900
62 79 10035.800
62 80 10015.800
62 81 4543.200
62 82 9074.100
62 83 9808.800
62 84 2144.200
62 85 2718.300
62 86 7660.900
62 87 2510.400
62 88 6446.100
62 89 7988.800
62 90 4080.100
62 91 8127.600
62 92 6967.700
62 93 4810.500
62 94 3513.500
62 95 4980.900
62 96 2118.500
62 97 6636.300
62 98 10300.100
62 99 7063.700
62 100 7013.200
63 0 5225.600
63 1 6927.100
63 2 2085.600
63 3 7291.200
63 4 7075.400
63 5 8368.500
63 6 7212.700
63 7 5996.200
63 8 9374.900
63 9 8508.100
63 10 8076.600
63 11 9909.200
63 12 8886.800
63 13 10910.900
63 14 9958.700
63 15 6592.500
63 16 8328.400
63 17 7350.700
63 18 8804.000
63 19 6505.900
63 20 7423.800
63 21 6100.200
63 22 7153.200
63 23 6101.700
63 24 6970.700
63 25 8001.600
63 26 4684.600
63 27 4788.800
63 28 9160.000
63 29 3021.800
63 30 6174.900
63 31 10166.700
63 32 8975.900
63 33 5037.400
63 34 10250.900
63 35 10477.200
63 36 8147.700
63 37 3823.700
63 38 6368.100
63 39 8511.200
63 40 5639.800
63 41 5203.500
63 42 9335.000
63 43 8319.900
63 44 6023.300
63 45 5060.000
63 46 3472.600
63 47 6647.500
63 48 10563.400
63 49 7531.800
63 50 7336.400
63 51 9078.500
63 52 7643.400
63 53 4323.800
63 54 6618.000
63 55 10350.000
63 56 4284.700
63 57 10213.900
63 58 8807.700
63 59 10887.200
63 60 6421.100
63 61 8141.700
63 62 3014.200
63 63 0.000
63 64 1947.200
63 65 9445.400
63 66 9251.600
63 67 5631.100
63 68 8975.600
63 69 9662.400
63 70 9440.600
63 71 6260.300
63 72 1746.700
63 73 2938.600
63 74 6874.900
63 75 6423.600
63 76 5519.200
63 77 9488.400
63 78 5263.800
63 79 11434.000
63 80 11062.500
63 81 6898.200
63 82 10120.800
63 83 11207.000
63 84 1296.800
63 85 3738.300
63 86 8655.800
63 87 1303.900
63 88 7492.800
63 89 9035.500
63 90 5478.300
63 91 9174.300
63 92 9322.700
63 93 6664.100
63 94 5189.300
63 95 5438.900
63 96 4430.800
63 97 8034.500
63 98 11346.800
63 99 8110.300
63 100 8059.900
64 0 3914.900
64 1 4600.400
64 2 779.400
64 3 6258.000
64 4 5747.100
64 5 6404.900
64 6 6331.000
64 7 5114.500
64 8 8388.400
64 9 7179.900
64 10 7194.900
64 11 7945.600
64 12 7853.600
64 13 10029.200
64 14 9077.000
64 15 5264.200
64 16 6338.500
64 17 6317.600
64 18 6477.300
64 19 4179.200
64 20 6095.500
64 21 5067.000
64 22 5664.700
64 23 5246.800
64 24 4980.800
64 25 5674.900
64 26 2871.300
64 27 3933.900
64 28 8278.300
64 29 1212.400
64 30 4239.400
64 31 9133.600
64 32 8094.300
64 33 3050.500
64 34 9217.800
64 35 9444.000
64 36 7266.000
64 37 2477.500
64 38 5039.800
64 39 6184.500
64 40 4758.100
64 41 3875.300
64 42 8301.800
64 43 7286.700
64 44 4033.400
64 45 3187.700
64 46 3321.600
64 47 4657.600
64 48 9530.300
64 49 5538.500
64 50 6008.100
64 51 8196.900
64 52 6761.800
64 53 3468.800
64 54 5763.100
64 55 9011.300
64 56 3251.500
64 57 9180.800
64 58 7926.000
64 59 9854.000
64 60 5388.000
64 61 7108.500
64 62 1066.900
64 63 2818.800
64 64 0.000
64 65 8563.700
64 66 8369.900
64 67 3641.200
64 68 7942.400
64 69 7335.700
64 70 7472.700
64 71 4932.100
64 72 2052.200
64 73 2083.700
64 74 5841.800
64 75 4509.600
64 76 4637.500
64 77 8455.200
64 78 3935.500
64 79 10400.800
64 80 10180.800
64 81 4908.300
64 82 9239.100
64 83 10173.900
64 84 1273.900
64 85 2883.300
64 86 7327.600
64 87 1640.200
64 88 6611.100
64 89 8153.800
64 90 4445.100
64 91 8292.600
64 92 7332.800
64 93 5175.500
64 94 3878.600
64 95 4110.600
64 96 2483.500
64 97 7001.400
64 98 10465.100
64 99 7228.600
64 100 7178.200
65 0 11796.600
65 1 13325.400
65 2 12652.300
65 3 8910.200
65 4 16818.100
65 5 13860.800
65 6 5955.400
65 7 7567.400
65 8 13165.600
65 9 17160.900
65 10 5311.500
65 11 15401.500
65 12 7581.900
65 13 2165.800
65 14 7511.900
65 15 17561.500
65 16 12700.200
65 17 9904.200
65 18 13120.000
65 19 13385.700
65 20 16124.000
65 21 11341.300
65 22 14881.600
65 23 10046.600
65 24 12228.200
65 25 12340.100
65 26 11255.600
65 27 9298.400
65 28 3849.400
65 29 12331.200
65 30 11913.000
65 31 13957.400
65 32 6678.400
65 33 12177.800
65 34 12673.800
65 35 10872.100
65 36 6111.000
65 37 11882.700
65 38 16920.700
65 39 13174.200
65 40 7673.100
65 41 15747.200
65 42 7900.700
65 43 12110.600
65 44 13250.800
65 45 12948.300
65 46 9714.100
65 47 11905.100
65 48 13701.800
65 49 14026.000
65 50 17092.900
65 51 5386.000
65 52 8134.900
65 53 9296.500
65 54 8269.500
65 55 14140.700
65 56 10834.800
65 57 13094.800
65 58 5115.100
65 59 12636.800
65 60 9717.200
65 61 8536.600
65 62 12275.900
65 63 12732.000
65 64 12145.900
65 65 0.000
65 66 5559.000
65 67 12404.500
65 68 12766.300
65 69 13978.400
65 70 14462.400
65 71 15378.600
65 72 11405.900
65 73 10698.800
65 74 10664.600
65 75 11400.200
65 76 8724.100
65 77 11925.100
65 78 14946.900
65 79 14220.300
65 80 8492.500
65 81 11271.000
65 82 6428.200
65 83 11462.600
65 84 12177.000
65 85 10584.500
65 86 16541.600
65 87 12632.800
65 88 6186.100
65 89 5393.000
65 90 10688.600
65 91 5334.700
65 92 13694.400
65 93 14394.900
65 94 11760.300
65 95 15982.500
65 96 12522.900
65 97 11825.200
65 98 1901.400
65 99 4963.200
65 100 5072.700
66 0 8440.100
66 1 9173.000
66 2 9295.800
66 3 4752.400
66 4 12665.700
66 5 9708.400
66 6 4332.100
66 7 4210.900
66 8 9008.600
66 9 13008.600
66 10 2633.900
66 11 11249.100
66 12 3424.100
66 13 4436.500
66 14 1780.000
66 15 13409.100
66 16 8543.200
66 17 5746.400
66 18 8967.600
66 19 10029.200
66 20 11971.600
66 21 7184.300
66 22 11525.100
66 23 7431.000
66 24 8071.200
66 25 8187.700
66 26 7899.100
66 27 6682.900
66 28 5663.900
66 29 8974.700
66 30 7756.000
66 31 8640.700
66 32 2520.700
66 33 8821.300
66 34 7441.600
66 35 6714.300
66 36 3050.700
66 37 8526.200
66 38 13564.100
66 39 9021.800
66 40 5522.700
66 41 12390.700
66 42 3065.600
66 43 7953.600
66 44 9098.400
66 45 9591.800
66 46 6357.600
66 47 7748.000
66 48 8469.700
66 49 9873.600
66 50 12940.500
66 51 874.000
66 52 4680.300
66 53 5940.000
66 54 5653.900
66 55 8824.000
66 56 7478.200
66 57 7862.700
66 58 1633.000
66 59 7404.700
66 60 5559.400
66 61 4378.800
66 62 8919.400
66 63 9375.500
66 64 8789.400
66 65 2270.700
66 66 0.000
66 67 8247.500
66 68 8609.300
66 69 9826.100
66 70 10310.000
66 71 12022.100
66 72 8049.400
66 73 7342.300
66 74 6507.600
66 75 7243.200
66 76 5367.600
66 77 7767.400
66 78 11590.400
66 79 8988.200
66 80 2572.000
66 81 7113.900
66 82 2042.800
66 83 6230.500
66 84 8820.400
66 85 7228.000
66 86 12389.200
66 87 9276.300
66 88 2829.600
66 89 3571.500
66 90 6531.600
66 91 5678.100
66 92 9537.400
66 93 10242.600
66 94 8403.800
66 95 12626.000
66 96 9166.400
66 97 7668.200
66 98 4172.100
66 99 5500.900
66 100 6315.100
67 0 3165.400
67 1 1969.300
67 2 4021.400
67 3 4903.000
67 4 4445.500
67 5 3388.900
67 6 7070.800
67 7 5823.500
67 8 5040.100
67 9 7134.300
67 10 7904.000
67 11 4929.600
67 12 6348.700
67 13 10856.500
67 14 7004.400
67 15 5203.100
67 16 2990.300
67 17 3578.300
67 18 3108.500
67 19 1603.600
67 20 5147.300
67 21 2389.300
67 22 3123.800
67 23 4752.900
67 24 1493.500
67 25 2306.100
67 26 2121.800
67 27 3599.500
67 28 8987.400
67 29 3109.300
67 30 1011.500
67 31 6078.000
67 32 6932.400
67 33 1580.000
67 34 6462.600
67 35 6704.800
67 36 7462.400
67 37 2734.300
67 38 5304.100
67 39 3140.200
67 40 5497.900
67 41 4130.700
67 42 5562.600
67 43 4531.500
67 44 671.500
67 45 1349.000
67 46 5870.900
67 47 1309.400
67 48 6775.100
67 49 2907.400
67 50 5655.900
67 51 8335.600
67 52 6470.600
67 53 4895.500
67 54 5428.600
67 55 5663.000
67 56 2502.000
67 57 6425.600
67 58 8635.100
67 59 7098.800
67 60 4033.000
67 61 4369.300
67 62 3675.400
67 63 6648.000
67 64 4111.700
67 65 9272.700
67 66 8311.800
67 67 0.000
67 68 5187.200
67 69 3966.900
67 70 4428.400
67 71 3762.100
67 72 4772.700
67 73 4935.400
67 74 2432.400
67 75 1161.300
67 76 4921.700
67 77 5700.000
67 78 3330.300
67 79 7645.600
67 80 7370.000
67 81 1560.000
67 82 7447.900
67 83 7434.600
67 84 4782.700
67 85 4965.100
67 86 5008.800
67 87 5518.300
67 88 7320.100
67 89 8862.900
67 90 1854.900
67 91 9001.700
67 92 3984.500
67 93 2754.000
67 94 3129.000
67 95 4366.000
67 96 1940.400
67 97 4246.100
67 98 11174.200
67 99 7968.500
67 100 7918.000
68 0 6197.900
68 1 6201.800
68 2 8604.800
68 3 7236.900
68 4 10322.800
68 5 7622.800
68 6 10103.400
68 7 8856.100
68 8 1328.500
68 9 10665.700
68 10 9951.300
68 11 6870.300
68 12 7411.200
68 13 11643.100
68 14 6953.000
68 15 11066.300
68 16 2575.200
68 17 4364.900
68 18 6020.800
68 19 7118.100
68 20 9628.700
68 21 4841.500
68 22 8547.500
68 23 7785.500
68 24 5144.900
68 25 5240.900
68 26 7031.800
68 27 6632.000
68 28 12019.900
68 29 7423.200
68 30 5413.100
68 31 1688.100
68 32 7994.900
68 33 6003.400
68 34 1950.700
68 35 4300.500
68 36 8524.900
68 37 6974.700
68 38 10662.100
68 39 6075.000
68 40 8530.500
68 41 9488.700
68 42 6625.100
68 43 1977.900
68 44 6151.600
68 45 6707.000
68 46 8930.700
68 47 4821.700
68 48 2084.800
68 49 6902.300
68 50 10597.700
68 51 9398.100
68 52 7791.200
68 53 7955.400
68 54 8461.200
68 55 1871.400
68 56 5727.200
68 57 1735.400
68 58 9584.200
68 59 2408.600
68 60 6366.800
68 61 5155.900
68 62 8443.100
68 63 10233.700
68 64 8695.000
68 65 10221.900
68 66 8456.100
68 67 5321.200
68 68 0.000
68 69 7047.700
68 70 7363.200
68 71 9120.100
68 72 7877.100
68 73 7665.400
68 74 3967.300
68 75 4900.300
68 76 7954.300
68 77 3146.400
68 78 8688.300
68 79 2955.400
68 80 5797.600
68 81 4050.300
68 82 7396.400
68 83 3443.900
68 84 8648.100
68 85 8024.900
68 86 10046.400
68 87 9104.000
68 88 10147.000
68 89 11522.700
68 90 4188.700
68 91 12034.200
68 92 3599.800
68 93 7378.700
68 94 6161.600
68 95 9724.000
68 96 6523.800
68 97 3055.400
68 98 12123.300
68 99 11001.000
68 100 10950.600
69 0 7706.800
69 1 3569.300
69 2 8306.700
69 3 8886.800
69 4 3955.000
69 5 1911.300
69 6 11612.200
69 7 10364.900
69 8 5355.400
69 9 5327.100
69 10 11345.700
69 11 1155.100
69 12 8805.700
69 13 13306.400
69 14 9461.400
69 15 5071.200
69 16 5425.600
69 17 6035.300
69 18 3831.100
69 19 4160.200
69 20 4138.500
69 21 5821.300
69 22 4934.200
69 23 9294.300
69 24 4461.200
69 25 3051.200
69 26 6663.200
69 27 8140.900
69 28 13528.800
69 29 7650.700
69 30 5555.100
69 31 5229.400
69 32 9389.300
69 33 5472.400
69 34 6714.700
69 35 9064.500
69 36 9919.300
69 37 7275.700
69 38 6787.700
69 39 2750.700
69 40 10039.400
69 41 5624.800
69 42 8019.500
69 43 6988.500
69 44 4686.000
69 45 5241.400
69 46 10157.600
69 47 4314.900
69 48 6336.700
69 49 2702.600
69 50 5107.400
69 51 10792.500
69 52 9062.800
69 53 9182.200
69 54 9970.100
69 55 4814.400
69 56 7043.400
69 57 6377.500
69 58 10978.600
69 59 6851.900
69 60 8016.700
69 61 6826.200
69 62 8404.700
69 63 10540.400
69 64 8396.900
69 65 12364.600
69 66 10768.800
69 67 5117.900
69 68 6105.900
69 69 0.000
69 70 2478.700
69 71 5591.100
69 72 9058.000
69 73 8868.900
69 74 4888.100
69 75 4841.800
69 76 9463.100
69 77 8157.000
69 78 5808.300
69 79 7207.300
69 80 9827.000
69 81 3996.300
69 82 9904.900
69 83 8207.900
69 84 9067.900
69 85 9251.800
69 86 3724.500
69 87 9410.800
69 88 11541.500
69 89 13681.900
69 90 5838.600
69 91 13543.100
69 92 3012.100
69 93 3477.100
69 94 7670.500
69 95 6609.200
69 96 6418.300
69 97 6703.100
69 98 14266.100
69 99 12509.900
69 100 12459.400
70 0 6968.300
70 1 3013.800
70 2 6873.800
70 3 8583.800
70 4 2186.100
70 5 1740.700
70 6 10873.700
70 7 9626.400
70 8 6866.600
70 9 2696.800
70 10 11042.800
70 11 1546.600
70 12 8502.700
70 13 13003.500
70 14 9158.500
70 15 3097.300
70 16 5122.600
70 17 5732.400
70 18 3226.500
70 19 3542.200
70 20 1659.800
70 21 5470.700
70 22 4316.200
70 23 8555.800
70 24 4055.900
70 25 3047.800
70 26 5924.700
70 27 7402.400
70 28 12790.300
70 29 6912.200
70 30 5149.700
70 31 7576.400
70 32 9086.400
70 33 4548.200
70 34 8616.600
70 35 8858.800
70 36 9616.400
70 37 6537.200
70 38 4972.500
70 39 2277.000
70 40 9300.900
70 41 3805.200
70 42 7716.600
70 43 6685.600
70 44 4280.700
70 45 4502.900
70 46 9421.500
70 47 3909.600
70 48 8683.700
70 49 2390.800
70 50 2628.700
70 51 10489.600
70 52 8759.900
70 53 8446.200
70 54 9231.600
70 55 7161.400
70 56 6304.900
70 57 8579.600
70 58 10675.700
70 59 9198.900
70 60 7713.800
70 61 6523.300
70 62 7478.300
70 63 8783.700
70 64 7495.500
70 65 12061.700
70 66 10465.800
70 67 4712.600
70 68 7341.300
70 69 2551.500
70 70 0.000
70 71 3771.600
70 72 8780.700
70 73 8132.800
70 74 4585.200
70 75 4491.200
70 76 8724.600
70 77 7854.000
70 78 3971.000
70 79 9554.300
70 80 9524.100
70 81 3693.400
70 82 9601.900
70 83 9588.600
70 84 8330.800
70 85 8515.700
70 86 1245.800
70 87 7654.000
70 88 11123.000
70 89 13379.000
70 90 5535.700
70 91 12804.600
70 92 4320.000
70 93 2859.200
70 94 6932.000
70 95 4789.600
70 96 5679.800
70 97 6400.200
70 98 13963.100
70 99 11771.400
70 100 11720.900
71 0 5625.800
71 1 3132.100
71 2 4051.400
71 3 7968.900
71 4 1091.900
71 5 3005.900
71 6 9531.200
71 7 8283.900
71 8 9042.400
71 9 3096.800
71 10 10364.300
71 11 4546.600
71 12 9564.500
71 13 13198.700
71 14 11041.400
71 15 1389.900
71 16 6992.500
71 17 7615.300
71 18 5784.400
71 19 2467.400
71 20 1440.200
71 21 6396.600
71 22 2645.800
71 23 7213.300
71 24 4750.200
71 25 4930.700
71 26 4582.200
71 27 6059.800
71 28 11447.800
71 29 4853.500
71 30 5106.500
71 31 9848.000
71 32 10352.600
71 33 3537.900
71 34 10499.600
71 35 10741.800
71 36 10079.400
71 37 4724.200
71 38 2761.500
71 39 4746.700
71 40 7958.300
71 41 1598.600
71 42 9599.600
71 43 8568.500
71 44 3837.700
71 45 3160.400
71 46 7234.700
71 47 4835.500
71 48 10812.100
71 49 3022.900
71 50 1948.900
71 51 11366.300
71 52 8930.900
71 53 6259.300
71 54 7889.000
71 55 9433.000
71 56 4962.400
71 57 10462.600
71 58 11095.500
71 59 11135.800
71 60 7098.800
71 61 8406.300
71 62 5481.700
71 63 5961.300
71 64 4673.100
71 65 11733.100
71 66 11539.300
71 67 4508.300
71 68 9224.200
71 69 4823.100
71 70 4044.600
71 71 0.000
71 72 5958.300
71 73 5946.000
71 74 6468.100
71 75 5236.800
71 76 7382.100
71 77 9737.000
71 78 1219.500
71 79 11682.600
71 80 11407.000
71 81 5576.300
71 82 12408.500
71 83 11471.600
71 84 5508.400
71 85 6328.900
71 86 2672.300
71 87 4831.600
71 88 9780.500
71 89 11323.300
71 90 5724.500
71 91 11462.000
71 92 6861.500
71 93 2156.700
71 94 5589.400
71 95 2255.200
71 96 3991.200
71 97 8283.100
71 98 13634.600
71 99 10428.900
71 100 10378.400
72 0 3478.900
72 1 5180.100
72 2 1716.900
72 3 5544.400
72 4 6168.300
72 5 6984.500
72 6 5439.200
72 7 4222.700
72 8 7628.200
72 9 8446.600
72 10 6303.100
72 11 8525.200
72 12 7140.000
72 13 9137.400
72 14 8185.200
72 15 6530.900
72 16 7035.800
72 17 5604.000
72 18 7056.900
72 19 4758.900
72 20 6516.700
72 21 4353.400
72 22 6244.300
72 23 4355.000
72 24 5678.100
72 25 6254.600
72 26 2937.900
72 27 3042.100
72 28 7386.500
72 29 1275.000
72 30 4428.200
72 31 8420.000
72 32 7202.400
72 33 3744.700
72 34 8504.200
72 35 8730.400
72 36 6374.200
72 37 2077.000
72 38 6306.500
72 39 6764.100
72 40 3866.300
72 41 5142.000
72 42 7588.200
72 43 6573.100
72 44 4730.600
72 45 3767.300
72 46 2429.800
72 47 5354.900
72 48 8816.700
72 49 6118.200
72 50 7274.800
72 51 7305.000
72 52 5869.900
72 53 2577.000
72 54 4871.300
72 55 8603.300
72 56 2537.900
72 57 8467.200
72 58 7034.200
72 59 9140.400
72 60 4674.400
72 61 6394.900
72 62 1421.900
72 63 2372.000
72 64 1210.500
72 65 7671.900
72 66 7478.100
72 67 4338.400
72 68 7228.800
72 69 7915.300
72 70 8052.300
72 71 5131.500
72 72 0.000
72 73 1191.900
72 74 5128.200
72 75 4676.900
72 76 3745.700
72 77 7741.600
72 78 4699.700
72 79 9687.200
72 80 9289.000
72 81 5605.500
72 82 8347.300
72 83 9460.300
72 84 786.500
72 85 1991.500
72 86 7748.800
72 87 1242.400
72 88 5719.300
72 89 7262.000
72 90 3731.500
72 91 7400.800
72 92 8030.000
72 93 5755.200
72 94 3442.600
72 95 5377.300
72 96 2838.500
72 97 6287.800
72 98 9573.300
72 99 6336.800
72 100 6286.400
73 0 3283.300
73 1 4984.500
73 2 2428.800
73 3 5348.800
73 4 6829.600
73 5 6788.900
73 6 4665.900
73 7 3449.400
73 8 7432.600
73 9 8834.500
73 10 5529.900
73 11 8329.600
73 12 7940.900
73 13 8364.200
73 14 7412.000
73 15 7233.800
73 16 6840.200
73 17 5408.400
73 18 6861.300
73 19 4563.300
73 20 7177.900
73 21 4157.800
73 22 6048.700
73 23 3065.000
73 24 5482.400
73 25 6058.900
73 26 2742.200
73 27 1752.200
73 28 6613.300
73 29 1817.800
73 30 4232.600
73 31 8224.400
73 32 6429.200
73 33 3549.100
73 34 8308.600
73 35 8534.800
73 36 5601.000
73 37 1881.400
73 38 6578.600
73 39 6568.500
73 40 3093.100
73 41 5414.000
73 42 7392.600
73 43 6377.500
73 44 4535.000
73 45 3571.700
73 46 1656.600
73 47 5159.300
73 48 8621.100
73 49 5922.500
73 50 7686.600
73 51 6531.800
73 52 4623.300
73 53 1763.600
73 54 3581.300
73 55 8407.700
73 56 2342.300
73 57 8271.600
73 58 6261.000
73 59 8944.800
73 60 4478.700
73 61 6199.300
73 62 2052.500
73 63 3539.100
73 64 1922.500
73 65 6898.600
73 66 6704.800
73 67 4142.800
73 68 7033.200
73 69 7719.700
73 70 7856.700
73 71 5792.700
73 72 1182.500
73 73 0.000
73 74 4932.500
73 75 4481.300
73 76 2972.400
73 77 7546.000
73 78 5361.000
73 79 9491.600
73 80 8515.700
73 81 5409.900
73 82 7574.000
73 83 9264.600
73 84 1953.500
73 85 1218.300
73 86 8410.000
73 87 2409.400
73 88 4946.000
73 89 6488.800
73 90 3535.900
73 91 6627.600
73 92 7834.400
73 93 5559.600
73 94 3246.900
73 95 5649.300
73 96 3167.400
73 97 6092.100
73 98 8800.100
73 99 5563.600
73 100 5513.100
74 0 3591.800
74 1 3965.100
74 2 6323.200
74 3 4630.700
74 4 7457.800
74 5 4500.500
74 6 7497.200
74 7 6249.900
74 8 3267.900
74 9 7800.600
74 10 7089.700
74 11 6041.200
74 12 4549.600
74 13 9057.400
74 14 5205.300
74 15 8201.200
74 16 1871.900
74 17 1779.200
74 18 3759.700
74 19 4881.500
74 20 6763.700
74 21 2235.300
74 22 6310.900
74 23 5179.300
74 24 2863.300
74 25 2979.800
74 26 4425.700
74 27 4025.900
74 28 9413.800
74 29 4817.000
74 30 2433.000
74 31 4059.700
74 32 5133.300
74 33 3721.900
74 34 4143.900
74 35 4905.700
74 36 5663.300
74 37 4368.500
74 38 8401.000
74 39 3813.900
74 40 5924.400
74 41 7227.600
74 42 3763.500
74 43 2212.900
74 44 3890.500
74 45 4445.900
74 46 6324.500
74 47 2540.100
74 48 4456.400
74 49 4665.700
74 50 7732.600
74 51 6536.500
74 52 4806.800
74 53 5349.200
74 54 5855.000
74 55 4243.000
74 56 3121.100
74 57 4106.900
74 58 6722.600
74 59 4780.200
74 60 3760.700
74 61 2570.200
74 62 5837.000
74 63 7627.500
74 64 6150.400
74 65 7360.300
74 66 6512.700
74 67 3039.600
74 68 2868.600
74 69 4618.100
74 70 5102.100
74 71 6859.000
74 72 5270.900
74 73 5059.300
74 74 0.000
74 75 2035.200
74 76 5348.100
74 77 3381.300
74 78 6427.200
74 79 5326.900
74 80 5570.900
74 81 1906.000
74 82 5648.800
74 83 5815.400
74 84 6042.000
74 85 5418.800
74 86 7181.300
74 87 6497.800
74 88 7285.400
74 89 9432.900
74 90 1582.600
74 91 9428.100
74 92 2866.100
74 93 5034.600
74 94 3555.400
74 95 7462.900
74 96 4242.200
74 97 1927.500
74 98 9261.700
74 99 8394.900
74 100 8344.400
75 0 3328.000
75 1 2284.900
75 2 4433.000
75 3 4366.900
75 4 4761.100
75 5 3230.500
75 6 7233.400
75 7 5986.100
75 8 4580.300
75 9 6976.000
75 10 8066.600
75 11 4771.200
75 12 5348.500
75 13 9856.400
75 14 6004.300
75 15 5877.300
75 16 2530.400
75 17 2578.200
75 18 2950.100
75 19 2905.400
75 20 5939.000
75 21 1327.600
75 22 4425.600
75 23 4915.500
75 24 1228.000
75 25 2147.700
75 26 2533.300
75 27 3762.100
75 28 9150.000
75 29 3520.900
75 30 772.000
75 31 5618.200
75 32 5932.200
75 33 1831.600
75 34 5479.400
75 35 5704.600
75 36 6462.200
75 37 3145.800
75 38 6605.900
75 39 2981.800
75 40 5660.600
75 41 5432.400
75 42 4562.400
75 43 3548.300
75 44 1846.500
75 45 2650.700
75 46 6060.700
75 47 904.800
75 48 5791.900
75 49 2985.500
75 50 6907.900
75 51 7335.400
75 52 5696.200
75 53 5085.400
75 54 5591.300
75 55 5203.200
75 56 2913.600
75 57 5442.400
75 58 7521.500
75 59 6115.600
75 60 3496.900
75 61 3369.100
75 62 4086.900
75 63 6653.000
75 64 4523.200
75 65 8159.200
75 66 7311.600
75 67 1149.400
75 68 4204.000
75 69 3808.500
75 70 4270.000
75 71 5063.800
75 72 5007.100
75 73 4795.500
75 74 1583.900
75 75 0.000
75 76 5084.300
75 77 4716.800
75 78 4632.100
75 79 6662.400
75 80 6369.900
75 81 1101.200
75 82 6447.700
75 83 6434.400
75 84 5194.200
75 85 5155.000
75 86 4980.100
75 87 5523.300
75 88 7482.700
75 89 9025.500
75 90 1318.800
75 91 9164.300
75 92 3524.600
75 93 3461.900
75 94 3291.700
75 95 5667.800
75 96 2351.900
75 97 3262.900
75 98 10060.600
75 99 8131.100
75 100 8080.600
76 0 3903.700
76 1 5914.000
76 2 5187.600
76 3 3942.600
76 4 8522.500
76 5 7718.400
76 6 1946.500
76 7 1030.300
76 8 8032.100
76 9 10527.500
76 10 3110.700
76 11 9259.100
76 12 5521.800
76 13 5945.100
76 14 4992.800
76 15 8926.800
76 16 7350.300
76 17 6007.900
76 18 7790.800
76 19 5492.800
76 20 8870.900
76 21 4757.300
76 22 6988.700
76 23 3436.100
76 24 6215.200
76 25 6988.500
76 26 3362.700
76 27 2305.400
76 28 4194.100
76 29 4144.300
76 30 4832.100
76 31 8823.900
76 32 4010.100
76 33 4284.900
76 34 8908.100
76 35 8812.000
76 36 3181.800
76 37 3989.800
76 38 9027.700
76 39 7498.000
76 40 1478.000
76 41 7854.300
76 42 5840.700
76 43 6977.000
76 44 5267.700
76 45 5055.400
76 46 2249.400
76 47 5892.000
76 48 9220.600
76 49 6852.100
76 50 9379.600
76 51 4112.700
76 52 2420.400
76 53 1521.000
76 54 2436.000
76 55 9007.200
76 56 2941.800
76 57 8871.100
76 58 3841.800
76 59 9544.300
76 60 5078.300
76 61 6476.500
76 62 4811.300
76 63 5267.300
76 64 4681.300
76 65 4479.500
76 66 4285.700
76 67 4875.500
76 68 7632.700
76 69 8649.200
76 70 8786.200
76 71 7485.700
76 72 3941.300
76 73 3234.200
76 74 5532.000
76 75 5080.800
76 76 0.000
76 77 8145.500
76 78 7054.000
76 79 10091.100
76 80 6096.600
76 81 6138.400
76 82 5154.900
76 83 9196.800
76 84 4712.300
76 85 2725.400
76 86 8953.400
76 87 5168.200
76 88 2526.900
76 89 4069.600
76 90 4135.400
76 91 4208.400
76 92 8344.500
76 93 6698.700
76 94 3076.600
76 95 8089.600
76 96 4630.000
76 97 6691.700
76 98 6381.000
76 99 3948.500
76 100 3898.000
77 0 5398.200
77 1 6030.400
77 2 8388.600
77 3 4303.600
77 4 9523.100
77 5 6565.800
77 6 9303.700
77 7 8056.400
77 8 2539.400
77 9 9866.000
77 10 7128.400
77 11 8106.500
77 12 4588.400
77 13 9102.900
77 14 5244.100
77 15 10266.500
77 16 3786.100
77 17 3565.200
77 18 5825.100
77 19 6946.800
77 20 8829.000
77 21 4041.700
77 22 8376.200
77 23 6985.800
77 24 4928.700
77 25 5045.200
77 26 6232.100
77 27 5832.300
77 28 10158.400
77 29 6623.400
77 30 4613.400
77 31 3039.300
77 32 5172.000
77 33 5787.200
77 34 1505.600
77 35 2493.200
77 36 5702.000
77 37 6174.900
77 38 10466.400
77 39 5879.300
77 40 7730.800
77 41 9292.900
77 42 3802.200
77 43 1168.500
77 44 5955.800
77 45 6511.200
77 46 8131.000
77 47 4605.500
77 48 2868.300
77 49 6731.000
77 50 9798.000
77 51 6575.200
77 52 4845.600
77 53 7155.600
77 54 5173.700
77 55 3222.600
77 56 4927.500
77 57 2261.300
77 58 6761.400
77 59 3755.000
77 60 5567.100
77 61 2608.900
77 62 7643.400
77 63 9433.900
77 64 7956.800
77 65 7399.000
77 66 6551.500
77 67 5105.000
77 68 2140.000
77 69 6683.500
77 70 7167.500
77 71 8924.300
77 72 7077.400
77 73 6865.700
77 74 3167.600
77 75 4100.600
77 76 7154.600
77 77 0.000
77 78 8492.600
77 79 3386.800
77 80 4934.500
77 81 3971.400
77 82 5687.600
77 83 2580.800
77 84 7848.400
77 85 7225.200
77 86 9246.700
77 87 8304.300
77 88 7324.200
77 89 8699.800
77 90 3389.000
77 91 10172.700
77 92 4810.700
77 93 7100.000
77 94 5361.900
77 95 9528.300
77 96 6307.500
77 97 2255.600
77 98 9300.500
77 99 10201.300
77 100 10150.900
78 0 5662.000
78 1 3168.300
78 2 3142.700
78 3 8005.100
78 4 1807.600
78 5 3721.600
78 6 9567.400
78 7 8320.100
78 8 9078.600
78 9 3812.500
78 10 10400.500
78 11 5262.300
78 12 9600.700
78 13 13234.900
78 14 11077.600
78 15 2211.800
78 16 7028.700
78 17 7651.500
78 18 5820.600
78 19 2503.600
78 20 2156.000
78 21 6432.800
78 22 2682.000
78 23 7249.500
78 24 4786.300
78 25 4966.900
78 26 4618.400
78 27 6096.000
78 28 11483.900
78 29 4346.200
78 30 5142.700
78 31 10116.500
78 32 10388.800
78 33 3574.000
78 34 10535.700
78 35 10777.900
78 36 10115.600
78 37 4760.400
78 38 1916.500
78 39 4782.900
78 40 7994.500
78 41 823.200
78 42 9635.800
78 43 8604.700
78 44 3873.900
78 45 3196.600
78 46 6476.500
78 47 4871.700
78 48 10848.300
78 49 3060.600
78 50 2664.600
78 51 11402.500
78 52 8967.100
78 53 6295.500
78 54 7925.200
78 55 9701.500
78 56 4998.600
78 57 10498.800
78 58 11131.600
78 59 11172.000
78 60 7135.000
78 61 8442.500
78 62 4200.700
78 63 5052.600
78 64 3764.400
78 65 11769.300
78 66 11575.500
78 67 4544.500
78 68 9260.400
78 69 5538.900
78 70 4760.300
78 71 770.800
78 72 5049.600
78 73 5016.800
78 74 6504.300
78 75 5273.000
78 76 7418.300
78 77 9773.200
78 78 0.000
78 79 11718.800
78 80 11443.200
78 81 5612.500
78 82 12444.700
78 83 11507.800
78 84 4599.700
78 85 5816.400
78 86 3388.100
78 87 3922.900
78 88 9816.700
78 89 11359.400
78 90 5760.700
78 91 11498.200
78 92 6897.700
78 93 2192.900
78 94 5625.600
78 95 1058.500
78 96 4027.400
78 97 8319.300
78 98 13670.800
78 99 10465.100
78 100 10414.600
79 0 7877.900
79 1 8510.100
79 2 10868.300
79 3 7726.800
79 4 10546.100
79 5 8502.300
79 6 11783.400
79 7 10536.100
79 8 3311.300
79 9 11238.100
79 10 10428.800
79 11 7749.800
79 12 7888.800
79 13 13323.100
79 14 7430.500
79 15 11662.200
79 16 5210.500
79 17 6044.900
79 18 8806.600
79 19 9426.500
79 20 11308.700
79 21 6521.400
79 22 10855.900
79 23 9465.500
79 24 7408.300
79 25 8026.700
79 26 8711.800
79 27 8312.000
79 28 13699.900
79 29 9103.100
79 30 7093.100
79 31 1915.200
79 32 8472.400
79 33 8266.900
79 34 2428.200
79 35 4778.000
79 36 9002.400
79 37 8654.600
79 38 12946.100
79 39 8359.000
79 40 10210.500
79 41 11772.600
79 42 7102.600
79 43 3657.900
79 44 8435.500
79 45 8990.900
79 46 10610.700
79 47 7085.200
79 48 806.500
79 49 9293.600
79 50 12277.700
79 51 9875.600
79 52 8268.800
79 53 9635.300
79 54 8596.900
79 55 2751.000
79 56 7407.200
79 57 1308.700
79 58 10061.700
79 59 1398.200
79 60 8046.800
79 61 6193.300
79 62 10123.100
79 63 11913.600
79 64 10436.500
79 65 10699.400
79 66 8933.600
79 67 7584.700
79 68 3691.100
79 69 7927.300
79 70 9069.800
79 71 11404.000
79 72 9557.100
79 73 9345.400
79 74 5647.300
79 75 6580.300
79 76 9634.300
79 77 3291.300
79 78 10972.300
79 79 0.000
79 80 6275.100
79 81 6451.100
79 82 7873.900
79 83 2772.600
79 84 10328.100
79 85 9704.900
79 86 10315.500
79 87 10784.000
79 88 10624.600
79 89 12000.200
79 90 5868.700
79 91 13714.200
79 92 6235.100
79 93 9579.700
79 94 7841.600
79 95 12008.000
79 96 8787.200
79 97 4735.300
79 98 12600.900
79 99 12681.000
79 100 12630.600
80 0 6404.000
80 1 8239.000
80 2 11190.300
80 3 3818.400
80 4 11731.700
80 5 8774.400
80 6 6226.600
80 7 6105.400
80 8 6231.600
80 9 12074.600
80 10 4528.400
80 11 11205.800
80 12 2490.100
80 13 6502.800
80 14 1627.200
80 15 12475.100
80 16 7668.900
80 17 4812.400
80 18 8033.700
80 19 9155.400
80 20 11037.600
80 21 6250.300
80 22 10584.800
80 23 7162.200
80 24 7137.200
80 25 7253.800
80 26 7010.200
80 27 6414.000
80 28 7558.400
80 29 8832.000
80 30 6822.000
80 31 6023.700
80 32 2572.000
80 33 7995.800
80 34 4824.700
80 35 4135.500
80 36 3102.000
80 37 8383.500
80 38 12675.000
80 39 8087.900
80 40 7417.200
80 41 11501.500
80 42 1858.300
80 43 6561.700
80 44 8164.400
80 45 8719.800
80 46 8252.100
80 47 6814.100
80 48 5852.700
80 49 8939.600
80 50 12006.600
80 51 3975.200
80 52 4731.600
80 53 7834.500
80 54 5385.100
80 55 6207.000
80 56 5933.300
80 57 5245.700
80 58 4161.300
80 59 4787.700
80 60 4625.400
80 61 3444.900
80 62 9852.000
80 63 11270.000
80 64 10683.900
80 65 4799.000
80 66 2572.000
80 67 7313.500
80 68 6594.900
80 69 8892.100
80 70 9376.000
80 71 11132.900
80 72 9285.900
80 73 9236.800
80 74 5573.600
80 75 6309.200
80 76 5932.800
80 77 4933.600
80 78 10701.200
80 79 6371.200
80 80 0.000
80 81 6180.000
80 82 2070.600
80 83 3613.500
80 84 10057.000
80 85 8087.900
80 86 11455.300
80 87 10512.900
80 88 4724.100
80 89 6099.800
80 90 5597.600
80 91 7572.700
80 92 8693.500
80 93 9308.600
80 94 6367.700
80 95 11736.800
80 96 8516.100
80 97 6734.200
80 98 6700.400
80 99 7395.400
80 100 8209.600
81 0 4784.900
81 1 3237.900
81 2 5640.900
81 3 5918.300
81 4 5714.100
81 5 3797.700
81 6 8690.300
81 7 7443.000
81 8 3479.100
81 9 7105.400
81 10 8377.200
81 11 5338.400
81 12 5837.200
81 13 10345.000
81 14 6492.900
81 15 7505.900
81 16 1429.300
81 17 3066.800
81 18 3057.000
81 19 4154.300
81 20 6068.400
81 21 2870.600
81 22 5583.700
81 23 6372.400
81 24 2181.000
81 25 2277.100
81 26 3741.300
81 27 5219.000
81 28 10606.900
81 29 4728.800
81 30 2631.000
81 31 4517.000
81 32 6420.800
81 33 3039.600
81 34 6002.300
81 35 6193.200
81 36 6950.800
81 37 4353.800
81 38 7698.300
81 39 3111.200
81 40 7117.500
81 41 6524.800
81 42 5051.000
81 43 3066.600
81 44 3187.700
81 45 3743.100
81 46 7490.400
81 47 1857.800
81 48 5624.400
81 49 3938.500
81 50 7037.300
81 51 7824.000
81 52 6094.300
81 53 6515.000
81 54 7048.100
81 55 4102.000
81 56 4121.500
81 57 5665.200
81 58 8010.100
81 59 6139.600
81 60 5048.200
81 61 3857.700
81 62 5294.900
81 63 7860.900
81 64 5731.200
81 65 8647.800
81 66 7800.300
81 67 2357.300
81 68 4229.600
81 69 3915.400
81 70 4399.400
81 71 6156.300
81 72 6392.200
81 73 6554.900
81 74 1920.900
81 75 1891.100
81 76 6541.200
81 77 4235.000
81 78 5724.500
81 79 6494.900
81 80 6858.500
81 81 0.000
81 82 6936.400
81 83 7495.500
81 84 6402.200
81 85 6584.600
81 86 6486.000
81 87 6731.300
81 88 8573.000
81 89 10720.500
81 90 2870.100
81 91 10621.200
81 92 2423.500
81 93 4414.900
81 94 4748.500
81 95 6760.200
81 96 3559.900
81 97 2781.200
81 98 10549.300
81 99 9588.000
81 100 9537.500
82 0 6677.600
82 1 8634.600
82 2 10393.700
82 3 4214.100
82 4 12127.300
82 5 9170.000
82 6 5430.000
82 7 5308.800
82 8 7899.600
82 9 12470.200
82 10 3731.800
82 11 10710.700
82 12 2885.700
82 13 5534.400
82 14 1066.600
82 15 12870.700
82 16 8004.800
82 17 5208.100
82 18 8429.300
82 19 9551.000
82 20 11433.200
82 21 6645.900
82 22 10980.400
82 23 6572.500
82 24 7532.900
82 25 7649.400
82 26 8997.000
82 27 5824.300
82 28 6761.700
82 29 10072.600
82 30 7217.600
82 31 7691.700
82 32 1982.300
82 33 8391.400
82 34 6492.700
82 35 5803.600
82 36 2512.300
82 37 9624.100
82 38 13070.600
82 39 8483.500
82 40 6620.600
82 41 11897.100
82 42 2116.600
82 43 7415.200
82 44 8560.000
82 45 9115.400
82 46 7455.400
82 47 7209.700
82 48 7520.800
82 49 9335.200
82 50 12402.200
82 51 1971.900
82 52 4141.900
82 53 7037.900
82 54 4795.400
82 55 7875.000
82 56 8576.100
82 57 6913.700
82 58 2730.900
82 59 6455.700
82 60 5021.000
82 61 3840.500
82 62 10017.300
82 63 10473.400
82 64 9887.300
82 65 3368.600
82 66 1948.100
82 67 7709.200
82 68 8070.900
82 69 9287.700
82 70 9771.700
82 71 11528.500
82 72 9147.300
82 73 8440.200
82 74 5969.200
82 75 6704.800
82 76 5343.100
82 77 6601.600
82 78 11096.800
82 79 8039.300
82 80 1849.400
82 81 6575.600
82 82 0.000
82 83 5281.500
82 84 9918.300
82 85 8325.900
82 86 11850.900
82 87 10374.200
82 88 3927.500
82 89 4669.400
82 90 5993.200
82 91 6776.000
82 92 8999.100
82 93 9704.200
82 94 6465.500
82 95 12132.500
82 96 10264.300
82 97 7129.800
82 98 5270.000
82 99 6598.800
82 100 7413.000
83 0 8190.000
83 1 8822.200
83 2 11180.300
83 3 5561.600
83 4 12314.900
83 5 9357.600
83 6 9961.800
83 7 9840.600
83 8 4411.800
83 9 12657.800
83 10 8263.600
83 11 9386.000
83 12 5723.500
83 13 10238.000
83 14 5265.200
83 15 13058.300
83 16 5849.200
83 17 5395.600
83 18 8616.800
83 19 9738.600
83 20 11620.800
83 21 6833.500
83 22 11168.000
83 23 9777.500
83 24 7720.400
83 25 7836.900
83 26 9023.900
83 27 8624.100
83 28 11293.600
83 29 9415.200
83 30 7405.200
83 31 4203.900
83 32 6307.200
83 33 8579.000
83 34 3004.900
83 35 2612.800
83 36 6837.200
83 37 8966.700
83 38 13258.100
83 39 8671.000
83 40 10522.600
83 41 12084.700
83 42 4937.400
83 43 4741.900
83 44 8747.600
83 45 9303.000
83 46 10922.700
83 47 7397.200
83 48 2394.400
83 49 9522.800
83 50 12589.700
83 51 7710.400
83 52 6103.500
83 53 9947.400
83 54 6431.600
83 55 4387.200
83 56 7719.300
83 57 1762.100
83 58 7896.500
83 59 1174.200
83 60 5731.900
83 61 4028.000
83 62 10435.200
83 63 12225.700
83 64 10748.600
83 65 8534.200
83 66 6768.300
83 67 7896.700
83 68 4775.200
83 69 9563.500
83 70 9959.200
83 71 11716.100
83 72 9869.100
83 73 9657.500
83 74 6731.400
83 75 6892.400
83 76 9668.000
83 77 3113.800
83 78 11284.400
83 79 3412.600
83 80 4109.900
83 81 6763.100
83 82 5708.700
83 83 0.000
83 84 10640.200
83 85 10017.000
83 86 12038.400
83 87 11096.000
83 88 8459.300
83 89 9835.000
83 90 6180.800
83 91 11307.900
83 92 6873.800
83 93 9891.800
83 94 8153.700
83 95 12320.000
83 96 9099.300
83 97 5819.400
83 98 10435.600
83 99 11130.600
83 100 11944.800
84 0 4249.300
84 1 5950.500
84 2 1407.100
84 3 6314.800
84 4 6563.700
84 5 7755.000
84 6 6209.600
84 7 4993.100
84 8 8398.600
84 9 7996.400
84 10 7073.500
84 11 9295.700
84 12 7910.400
84 13 9907.900
84 14 8955.600
84 15 6080.700
84 16 7806.200
84 17 6374.400
84 18 7827.400
84 19 5529.300
84 20 6912.000
84 21 5123.900
84 22 6641.500
84 23 5125.400
84 24 6448.500
84 25 7025.000
84 26 3708.300
84 27 3812.500
84 28 8156.900
84 29 2045.400
84 30 5198.600
84 31 9190.400
84 32 7972.900
84 33 4515.200
84 34 9274.600
84 35 9500.800
84 36 7144.600
84 37 2847.400
84 38 5856.300
84 39 7534.600
84 40 4636.700
84 41 4691.800
84 42 8358.700
84 43 7343.600
84 44 5501.000
84 45 4537.800
84 46 3200.200
84 47 6125.300
84 48 9587.100
84 49 6888.600
84 50 6824.600
84 51 8075.500
84 52 6640.400
84 53 3347.500
84 54 5641.700
84 55 9373.700
84 56 3308.400
84 57 9237.600
84 58 7804.600
84 59 9910.900
84 60 5444.800
84 61 7165.400
84 62 2192.300
84 63 1921.800
84 64 1268.700
84 65 8442.300
84 66 8248.500
84 67 5108.900
84 68 7999.300
84 69 8685.800
84 70 8822.800
84 71 5748.600
84 72 770.400
84 73 1962.300
84 74 5898.600
84 75 5447.300
84 76 4516.100
84 77 8512.000
84 78 4752.100
84 79 10457.700
84 80 10059.400
84 81 6376.000
84 82 9117.700
84 83 10230.700
84 84 0.000
84 85 2761.900
84 86 8144.100
84 87 792.200
84 88 6489.700
84 89 8032.400
84 90 4502.000
84 91 8171.200
84 92 8800.400
84 93 6152.300
84 94 4213.000
84 95 4927.100
84 96 3608.900
84 97 7058.200
84 98 10343.700
84 99 7107.300
84 100 7056.800
85 0 2591.400
85 1 5107.500
85 2 3332.300
85 3 5446.300
85 4 6952.600
85 5 6912.000
85 6 4094.700
85 7 2878.200
85 8 7530.100
85 9 8957.500
85 10 4958.700
85 11 8452.700
85 12 7369.700
85 13 7793.000
85 14 6840.800
85 15 7356.800
85 16 6963.200
85 17 5505.900
85 18 6984.400
85 19 4686.300
85 20 7301.000
85 21 4255.300
85 22 6171.800
85 23 2698.400
85 24 5605.500
85 25 6182.000
85 26 2839.800
85 27 1385.500
85 28 6042.100
85 29 2341.100
85 30 4330.100
85 31 8321.900
85 32 5858.000
85 33 3672.200
85 34 8406.100
85 35 8632.300
85 36 5029.800
85 37 1978.900
85 38 7459.000
85 39 6691.600
85 40 2521.900
85 41 6178.300
85 42 7490.100
85 43 6475.100
85 44 4658.000
85 45 3694.700
85 46 1616.300
85 47 5282.300
85 48 8718.600
85 49 6045.600
85 50 7809.600
85 51 5960.600
85 52 4256.600
85 53 585.500
85 54 3214.700
85 55 8505.200
85 56 2439.900
85 57 8369.100
85 58 5689.800
85 59 9042.400
85 60 4576.300
85 61 6296.800
85 62 2956.000
85 63 4442.600
85 64 2826.000
85 65 6327.400
85 66 6133.600
85 67 4265.900
85 68 7130.800
85 69 7842.800
85 70 7979.800
85 71 5915.800
85 72 2086.000
85 73 1077.900
85 74 5030.100
85 75 4578.800
85 76 2200.100
85 77 7643.500
85 78 5484.000
85 79 9589.200
85 80 7944.500
85 81 5533.000
85 82 7002.800
85 83 9362.200
85 84 2857.000
85 85 0.000
85 86 8533.100
85 87 3312.900
85 88 4374.800
85 89 5917.600
85 90 3633.500
85 91 6056.400
85 92 7957.400
85 93 5682.600
85 94 2379.200
85 95 6413.700
85 96 3281.100
85 97 6189.700
85 98 8228.900
85 99 4992.400
85 100 4941.900
86 0 7238.400
86 1 3283.900
86 2 7194.600
86 3 9852.000
86 4 2456.200
86 5 2500.500
86 6 11143.800
86 7 9896.500
86 8 8448.200
86 9 2509.800
86 10 12310.900
86 11 2553.400
86 12 9770.900
86 13 14271.600
86 14 10426.600
86 15 3572.400
86 16 6398.300
86 17 7000.500
86 18 4233.300
86 19 3812.300
86 20 1461.400
86 21 6231.400
86 22 4586.300
86 23 8825.900
86 24 4816.600
86 25 4323.400
86 26 6194.800
86 27 7672.500
86 28 13060.400
86 29 7182.300
86 30 5877.500
86 31 8583.200
86 32 10354.500
86 33 4818.300
86 34 9884.700
86 35 10126.900
86 36 10884.500
86 37 6807.300
86 38 5288.900
86 39 3283.800
86 40 9571.000
86 41 4126.000
86 42 8984.700
86 43 7953.700
86 44 4628.200
86 45 4773.000
86 46 9691.600
86 47 4670.300
86 48 10197.200
86 49 2660.900
86 50 2430.400
86 51 11757.700
86 52 10028.000
86 53 8716.300
86 54 9501.700
86 55 8168.200
86 56 6575.000
86 57 9847.800
86 58 11943.800
86 59 10521.000
86 60 8981.900
86 61 7791.400
86 62 7748.400
86 63 9104.500
86 64 7816.300
86 65 13329.800
86 66 11734.000
86 67 5299.700
86 68 8609.400
86 69 3558.300
86 70 2584.300
86 71 4092.400
86 72 9101.500
86 73 8402.900
86 74 6084.600
86 75 5251.900
86 76 8994.700
86 77 9122.200
86 78 4291.800
86 79 11067.800
86 80 10792.200
86 81 4969.000
86 82 10870.100
86 83 10856.800
86 84 8651.600
86 85 8785.800
86 86 0.000
86 87 7974.800
86 88 11393.100
86 89 14647.100
86 90 6803.800
86 91 13074.700
86 92 5326.800
86 93 3129.300
86 94 7202.100
86 95 5110.400
86 96 5949.900
86 97 7668.300
86 98 15231.300
86 99 12041.500
86 100 11991.000
87 0 4712.800
87 1 5623.200
87 2 1357.800
87 3 6778.300
87 4 5771.500
87 5 7064.600
87 6 6400.800
87 7 5184.300
87 8 8862.000
87 9 7204.300
87 10 7264.700
87 11 8605.300
87 12 8373.900
87 13 10099.100
87 14 9146.800
87 15 5288.600
87 16 7623.200
87 17 6837.900
87 18 7500.100
87 19 5202.000
87 20 6119.900
87 21 5587.300
87 22 5849.300
87 23 5588.800
87 24 6265.500
87 25 6697.700
87 26 4171.700
87 27 4276.000
87 28 8348.100
87 29 2508.900
87 30 5662.100
87 31 9653.800
87 32 8164.100
87 33 4332.200
87 34 9738.000
87 35 9964.300
87 36 7335.800
87 37 3310.800
87 38 5064.200
87 39 7207.300
87 40 4827.900
87 41 3899.600
87 42 8822.100
87 43 7807.000
87 44 5318.100
87 45 4354.800
87 46 2660.700
87 47 5942.400
87 48 10050.500
87 49 6227.900
87 50 6032.500
87 51 8266.700
87 52 6831.600
87 53 3810.900
87 54 6105.100
87 55 9837.100
87 56 3771.800
87 57 9701.100
87 58 7995.800
87 59 10374.300
87 60 5908.200
87 61 7628.800
87 62 2655.700
87 63 1236.800
87 64 1434.400
87 65 8633.500
87 66 8439.700
87 67 4925.900
87 68 8462.700
87 69 8358.500
87 70 8136.700
87 71 4956.400
87 72 1233.900
87 73 2425.700
87 74 6362.000
87 75 5794.300
87 76 4707.300
87 77 8975.500
87 78 3959.900
87 79 10921.100
87 80 10250.600
87 81 6193.000
87 82 9308.900
87 83 10694.100
87 84 783.900
87 85 3225.400
87 86 7352.000
87 87 0.000
87 88 6680.900
87 89 8223.600
87 90 4965.400
87 91 8362.400
87 92 8617.500
87 93 5360.200
87 94 4676.400
87 95 4135.000
87 96 3941.200
87 97 7521.600
87 98 10534.900
87 99 7298.500
87 100 7248.000
88 0 4706.600
88 1 8268.000
88 2 7113.400
88 3 4081.300
88 4 10876.600
88 5 10072.500
88 6 1502.500
88 7 2028.500
88 8 10386.100
88 9 12881.500
88 10 2859.800
88 11 11613.200
88 12 5270.800
88 13 4585.200
88 14 4741.900
88 15 11280.800
88 16 9704.300
88 17 7593.100
88 18 10144.900
88 19 7846.800
88 20 11224.900
88 21 7111.400
88 22 9342.700
88 23 4601.400
88 24 8569.200
88 25 9342.500
88 26 5716.700
88 27 3853.300
88 28 2834.300
88 29 6792.300
88 30 7186.100
88 31 11177.900
88 32 3759.100
88 33 6638.900
88 34 10157.000
88 35 8561.000
88 36 2930.900
88 37 6343.800
88 38 11381.800
88 39 9852.100
88 40 2952.000
88 41 10208.300
88 42 5589.700
88 43 9331.100
88 44 7621.700
88 45 7409.400
88 46 4175.200
88 47 8246.000
88 48 11185.100
88 49 9206.100
88 50 11733.600
88 51 3861.700
88 52 2559.100
88 53 3757.600
88 54 2824.300
88 55 11361.200
88 56 5295.900
88 57 10578.000
88 58 3590.900
88 59 10120.000
88 60 5015.200
88 61 6225.500
88 62 6737.000
88 63 7052.900
88 64 6607.000
88 65 2475.600
88 66 4034.800
88 67 7229.600
88 68 9986.800
88 69 11003.300
88 70 11140.300
88 71 9839.700
88 72 5867.000
88 73 5159.900
88 74 7886.100
88 75 7434.800
88 76 3185.200
88 77 9614.100
88 78 9408.000
88 79 12358.400
88 80 5845.700
88 81 8492.400
88 82 4904.000
88 83 8945.900
88 84 6638.100
88 85 5045.700
88 86 11307.500
88 87 7094.000
88 88 0.000
88 89 1904.700
88 90 6489.500
88 91 2848.500
88 92 10698.500
88 93 9052.800
88 94 4494.400
88 95 10443.700
88 96 6984.000
88 97 9045.700
88 98 4377.000
88 99 2671.300
88 100 3485.500
89 0 6032.400
89 1 9593.900
89 2 8439.300
89 3 5407.200
89 4 12202.500
89 5 11296.500
89 6 2828.400
89 7 3354.400
89 8 10596.700
89 9 14596.600
89 10 1568.600
89 11 12837.200
89 12 5012.200
89 13 2343.200
89 14 4942.300
89 15 12606.700
89 16 10131.300
89 17 7334.500
89 18 10555.700
89 19 9172.700
89 20 13559.700
89 21 8437.300
89 22 10668.600
89 23 5927.300
89 24 9659.300
89 25 9775.800
89 26 7042.600
89 27 5179.200
89 28 1738.500
89 29 8118.200
89 30 8512.000
89 31 11303.100
89 32 4108.700
89 33 7964.800
89 34 10104.100
89 35 8302.400
89 36 3541.300
89 37 7669.700
89 38 12707.700
89 39 10609.900
89 40 4277.900
89 41 11534.200
89 42 5331.100
89 43 9541.700
89 44 8947.600
89 45 8735.300
89 46 5501.100
89 47 9336.100
89 48 11132.200
89 49 10532.000
89 50 13059.500
89 51 2816.300
89 52 3885.000
89 53 5083.500
89 54 4150.200
89 55 11486.400
89 56 6621.800
89 57 10525.100
89 58 2545.400
89 59 10067.100
89 60 7147.500
89 61 5966.900
89 62 8062.900
89 63 8378.800
89 64 7932.900
89 65 1694.400
89 66 2989.300
89 67 8555.500
89 68 10197.400
89 69 11414.100
89 70 11898.100
89 71 11165.600
89 72 7192.900
89 73 6485.800
89 74 8095.700
89 75 8831.200
89 76 4511.100
89 77 9355.500
89 78 10733.900
89 79 11650.700
89 80 5922.800
89 81 8702.000
89 82 3858.500
89 83 8892.900
89 84 7964.000
89 85 6371.500
89 86 13977.300
89 87 8419.800
89 88 2466.000
89 89 0.000
89 90 8119.600
89 91 3119.200
89 92 11125.500
89 93 10378.600
89 94 5820.300
89 95 11769.600
89 96 8309.900
89 97 9256.300
89 98 3595.800
89 99 2747.700
89 100 2961.800
90 0 2009.200
90 1 3718.900
90 2 5074.200
90 3 3048.100
90 4 6195.100
90 5 4664.500
90 6 5914.700
90 7 4667.400
90 8 4424.400
90 9 8425.400
90 10 6747.800
90 11 6205.200
90 12 4643.800
90 13 9678.400
90 14 5826.300
90 15 7332.600
90 16 3742.700
90 17 2400.200
90 18 4384.500
90 19 3733.100
90 20 7388.400
90 21 1149.700
90 22 5253.300
90 23 3596.800
90 24 2662.000
90 25 3604.600
90 26 2843.100
90 27 2443.300
90 28 7831.200
90 29 3234.400
90 30 1224.400
90 31 5216.200
90 32 5754.300
90 33 2334.800
90 34 5300.400
90 35 5526.700
90 36 6284.300
90 37 2786.000
90 38 7433.600
90 39 4438.700
90 40 4341.800
90 41 6260.100
90 42 4384.500
90 43 3369.400
90 44 2674.200
90 45 3478.400
90 46 4742.000
90 47 2338.800
90 48 5612.900
90 49 4419.400
90 50 8357.400
90 51 7749.800
90 52 4377.500
90 53 3766.600
90 54 4272.500
90 55 5399.500
90 56 1538.500
90 57 5263.400
90 58 7478.900
90 59 5936.700
90 60 2178.100
90 61 3191.200
90 62 4254.400
90 63 6045.000
90 64 4567.800
90 65 8116.600
90 66 7133.700
90 67 1977.100
90 68 4025.100
90 69 5242.900
90 70 5726.900
90 71 5891.600
90 72 3688.400
90 73 3476.700
90 74 1924.400
90 75 1473.100
90 76 3765.600
90 77 4537.800
90 78 5459.800
90 79 6483.500
90 80 6191.900
90 81 2530.800
90 82 6269.800
90 83 6256.500
90 84 4459.400
90 85 3836.200
90 86 7806.100
90 87 4915.300
90 88 6164.000
90 89 7706.700
90 90 0.000
90 91 7845.500
90 92 4736.900
90 93 4895.800
90 94 1972.900
90 95 6495.500
90 96 2854.900
90 97 3084.000
90 98 10018.000
90 99 6812.300
90 100 6761.900
91 0 5647.800
91 1 7658.100
91 2 6482.000
91 3 5383.800
91 4 10266.600
91 5 9462.500
91 6 1925.000
91 7 3275.100
91 8 9776.100
91 9 12271.500
91 10 4162.200
91 11 11003.200
91 12 6573.300
91 13 5917.700
91 14 6044.400
91 15 10670.800
91 16 9094.400
91 17 7752.000
91 18 9534.900
91 19 7236.800
91 20 10615.000
91 21 6501.400
91 22 8732.700
91 23 5202.800
91 24 7959.200
91 25 8732.500
91 26 5106.700
91 27 4049.400
91 28 4166.800
91 29 6182.400
91 30 6576.100
91 31 10567.900
91 32 5061.600
91 33 6028.900
91 34 10652.100
91 35 9863.500
91 36 4233.300
91 37 5733.900
91 38 10771.800
91 39 9242.100
91 40 2002.500
91 41 9598.300
91 42 6892.200
91 43 8721.100
91 44 7011.800
91 45 6799.500
91 46 3543.800
91 47 7636.000
91 48 10964.600
91 49 8596.100
91 50 11123.600
91 51 5164.200
91 52 3861.600
91 53 3147.600
91 54 4126.800
91 55 10751.200
91 56 4685.900
91 57 10615.200
91 58 4893.300
91 59 11288.400
91 60 6822.300
91 61 7528.000
91 62 6105.700
91 63 6103.400
91 64 5975.700
91 65 5531.000
91 66 5337.200
91 67 6619.600
91 68 9376.800
91 69 10393.300
91 70 10530.300
91 71 9229.800
91 72 5235.700
91 73 4528.600
91 74 7276.100
91 75 6824.800
91 76 2798.100
91 77 9889.600
91 78 8798.000
91 79 11835.200
91 80 7148.100
91 81 7882.500
91 82 6206.400
91 83 10248.300
91 84 6006.700
91 85 4414.300
91 86 10697.500
91 87 6462.600
91 88 3578.400
91 89 4042.300
91 90 5879.500
91 91 0.000
91 92 10088.600
91 93 8442.800
91 94 5611.400
91 95 9833.700
91 96 6374.000
91 97 8435.700
91 98 7432.500
91 99 3446.700
91 100 3396.200
92 0 6728.000
92 1 3781.800
92 2 7327.900
92 3 7907.900
92 4 5656.200
92 5 3612.400
92 6 10633.400
92 7 9386.100
92 8 2546.500
92 9 7624.800
92 10 10366.900
92 11 4143.100
92 12 7826.800
92 13 12327.600
92 14 8482.600
92 15 6772.300
92 16 1387.500
92 17 5056.500
92 18 1798.600
92 19 4517.200
92 20 6587.800
92 21 4842.500
92 22 6037.400
92 23 8315.500
92 24 3482.400
92 25 2072.400
92 26 5684.400
92 27 7162.000
92 28 12549.900
92 29 6671.900
92 30 4576.200
92 31 3584.400
92 32 8410.500
92 33 4493.600
92 34 5069.700
92 35 7419.500
92 36 8940.500
92 37 6296.900
92 38 8217.700
92 39 2925.800
92 40 9060.500
92 41 7044.300
92 42 7040.700
92 43 3936.200
92 44 3707.200
92 45 4262.600
92 46 9178.700
92 47 3336.100
92 48 4691.800
92 49 3795.200
92 50 7556.800
92 51 9813.700
92 52 8084.000
92 53 8203.400
92 54 8991.200
92 55 3169.400
92 56 6064.600
92 57 4732.600
92 58 9999.800
92 59 5207.000
92 60 7037.900
92 61 5847.400
92 62 7425.800
92 63 9561.600
92 64 7418.100
92 65 11385.800
92 66 9789.900
92 67 4139.100
92 68 3297.000
92 69 2657.000
92 70 4214.000
92 71 6675.700
92 72 8079.200
92 73 7890.100
92 74 2909.900
92 75 3863.000
92 76 8484.300
92 77 5104.700
92 78 6243.900
92 79 5562.300
92 80 8916.600
92 81 3017.500
92 82 8926.000
92 83 6562.900
92 84 8089.100
92 85 8273.000
92 86 5459.800
92 87 8431.900
92 88 10562.600
92 89 12703.100
92 90 4859.800
92 91 12564.200
92 92 0.000
92 93 4261.900
92 94 6691.600
92 95 7279.600
92 96 5439.500
92 97 2153.600
92 98 13287.200
92 99 11531.100
92 100 11480.600
93 0 4196.500
93 1 1147.600
93 2 4792.300
93 3 6539.600
93 4 2335.900
93 5 1704.400
93 6 8102.000
93 7 6854.700
93 8 6982.600
93 9 4675.900
93 10 8935.100
93 11 3245.100
93 12 8325.800
93 13 12826.600
93 14 8981.600
93 15 3452.100
93 16 4932.700
93 17 5555.500
93 18 3756.100
93 19 916.500
93 20 3322.500
93 21 4336.700
93 22 1457.000
93 23 5784.100
93 24 3139.200
93 25 2870.900
93 26 3152.900
93 27 4630.600
93 28 10018.500
93 29 4140.500
93 30 3476.100
93 31 8020.400
93 32 8909.500
93 33 1996.000
93 34 8439.700
93 35 8681.900
93 36 8650.100
93 37 3765.500
93 38 3856.000
93 39 2686.800
93 40 6529.100
93 41 2682.500
93 42 7539.700
93 43 6508.700
93 44 2226.800
93 45 1731.100
93 46 6649.700
93 47 2775.600
93 48 8752.200
93 49 867.700
93 50 3728.500
93 51 9937.100
93 52 7501.700
93 53 5674.400
93 54 6459.800
93 55 7605.400
93 56 3533.200
93 57 8402.700
93 58 9666.200
93 59 9076.000
93 60 5669.600
93 61 6346.400
93 62 4706.600
93 63 6702.100
93 64 4889.100
93 65 10303.900
93 66 10110.100
93 67 2898.300
93 68 7164.400
93 69 3521.600
93 70 2776.500
93 71 2314.000
93 72 5550.200
93 73 5361.100
93 74 4408.300
93 75 3357.300
93 76 5952.900
93 77 7677.100
93 78 1882.200
93 79 9622.800
93 80 9347.200
93 81 3516.500
93 82 9425.000
93 83 9411.700
93 84 5560.100
93 85 5744.000
93 86 2899.100
93 87 5572.500
93 88 8351.300
93 89 9894.000
93 90 4319.400
93 91 10032.800
93 92 4801.600
93 93 0.000
93 94 4160.200
93 95 2917.900
93 96 2908.100
93 97 6223.300
93 98 12205.300
93 99 8999.600
93 100 8949.200
94 0 323.900
94 1 4491.800
94 2 4855.900
94 3 2437.900
94 4 7100.400
94 5 6296.300
94 6 4298.900
94 7 3051.600
94 8 6609.900
94 9 9105.300
94 10 5132.100
94 11 7837.000
94 12 3963.400
94 13 7966.400
94 14 6100.700
94 15 7504.600
94 16 5928.100
94 17 4585.700
94 18 6368.700
94 19 4070.600
94 20 7448.700
94 21 3335.200
94 22 5566.500
94 23 1406.800
94 24 4793.000
94 25 5566.300
94 26 1940.500
94 27 825.200
94 28 6215.500
94 29 3016.100
94 30 3409.900
94 31 7401.700
94 32 5118.000
94 33 2862.700
94 34 7485.900
94 35 7712.200
94 36 4844.800
94 37 2567.600
94 38 7605.600
94 39 6075.900
94 40 2726.100
94 41 6432.100
94 42 6570.000
94 43 5554.900
94 44 3845.500
94 45 3633.200
94 46 3497.500
94 47 4469.800
94 48 7798.400
94 49 5429.900
94 50 7957.400
94 51 6134.000
94 52 3696.300
94 53 2331.700
94 54 2654.400
94 55 7585.000
94 56 1519.700
94 57 7448.900
94 58 5863.200
94 59 8122.200
94 60 1907.500
94 61 5376.700
94 62 4036.100
94 63 5826.600
94 64 4349.500
94 65 6500.900
94 66 6307.000
94 67 3453.400
94 68 6210.600
94 69 7227.100
94 70 7364.100
94 71 6063.600
94 72 3470.100
94 73 3258.400
94 74 4109.900
94 75 3658.600
94 76 2147.500
94 77 6723.300
94 78 5631.800
94 79 8669.000
94 80 7204.500
94 81 4716.300
94 82 6544.200
94 83 8442.000
94 84 4241.100
94 85 2629.100
94 86 7531.300
94 87 4697.000
94 88 4548.200
94 89 6091.000
94 90 2713.300
94 91 6229.800
94 92 6922.400
94 93 5276.600
94 94 0.000
94 95 6667.500
94 96 3207.800
94 97 5269.500
94 98 8402.300
94 99 5196.600
94 100 5146.100
95 0 6046.100
95 1 3552.400
95 2 3344.100
95 3 8389.200
95 4 2859.700
95 5 4281.400
95 6 9951.500
95 7 8704.200
95 8 9462.700
95 9 4292.500
95 10 10784.700
95 11 5822.100
95 12 9984.800
95 13 13619.000
95 14 11461.700
95 15 2376.800
95 16 7412.900
95 17 8035.600
95 18 6204.800
95 19 2887.800
95 20 3208.100
95 21 6816.900
95 22 3066.100
95 23 7633.600
95 24 5170.500
95 25 5351.000
95 26 5002.500
95 27 6480.200
95 28 11868.100
95 29 4547.600
95 30 5526.800
95 31 10500.600
95 32 10772.900
95 33 3958.200
95 34 10919.900
95 35 11162.100
95 36 10499.700
95 37 5138.900
95 38 858.000
95 39 5167.000
95 40 8378.700
95 41 987.800
95 42 10019.900
95 43 8988.800
95 44 4258.000
95 45 3580.700
95 46 6677.800
95 47 5255.800
95 48 11232.400
95 49 3444.700
95 50 3120.700
95 51 11786.600
95 52 9351.300
95 53 6674.000
95 54 8309.300
95 55 10085.600
95 56 5382.700
95 57 10882.900
95 58 11515.800
95 59 11556.100
95 60 7519.100
95 61 8826.600
95 62 4402.100
95 63 5253.900
95 64 3965.800
95 65 12153.400
95 66 11959.600
95 67 4928.600
95 68 9644.500
95 69 6098.600
95 70 5353.400
95 71 2044.700
95 72 5251.000
95 73 5218.100
95 74 6888.400
95 75 5657.100
95 76 7802.400
95 77 10157.300
95 78 1058.500
95 79 12102.900
95 80 11827.300
95 81 5996.700
95 82 12828.800
95 83 11891.900
95 84 4801.000
95 85 6017.800
95 86 4440.200
95 87 4124.300
95 88 10200.800
95 89 11743.600
95 90 6144.800
95 91 11882.400
95 92 7281.800
95 93 2577.000
95 94 6009.700
95 95 0.000
95 96 4405.800
95 97 8703.500
95 98 14054.900
95 99 10849.200
95 100 10798.700
96 0 2786.200
96 1 2590.700
96 2 2079.600
96 3 5129.300
96 4 4435.800
96 5 4395.200
96 6 6691.600
96 7 5444.300
96 8 6419.000
96 9 6440.700
96 10 7524.700
96 11 5935.900
96 12 6724.900
96 13 10359.100
96 14 8219.200
96 15 4840.000
96 16 4369.100
96 17 4957.200
96 18 4467.600
96 19 2169.500
96 20 4784.200
96 21 3768.200
96 22 3655.000
96 23 4256.600
96 24 3011.400
96 25 3665.200
96 26 1742.600
96 27 2943.700
96 28 8608.100
96 29 1549.300
96 30 2266.900
96 31 7456.900
96 32 7236.400
96 33 1078.100
96 34 7841.400
96 35 8083.600
96 36 6963.200
96 37 1420.000
96 38 4942.200
96 39 4174.800
96 40 5118.700
96 41 3661.500
96 42 6941.400
96 43 5910.400
96 44 2063.900
96 45 1100.700
96 46 3930.500
96 47 2688.200
96 48 8153.900
96 49 3528.800
96 50 5292.800
96 51 8526.700
96 52 5814.800
96 53 2955.100
96 54 4772.900
96 55 7041.900
96 56 2122.800
96 57 7804.400
96 58 8255.800
96 59 8477.700
96 60 4259.200
96 61 5748.100
96 62 2177.500
96 63 4299.600
96 64 2169.800
96 65 8893.500
96 66 8699.700
96 67 1671.800
96 68 6566.100
96 69 5326.000
96 70 5463.000
96 71 3399.000
96 72 2830.900
96 73 2993.600
96 74 3811.300
96 75 2540.100
96 76 4249.200
96 77 7078.800
96 78 2967.200
96 79 9024.500
96 80 8748.900
96 81 2938.900
96 82 9568.900
96 83 8813.400
96 84 2840.800
96 85 3024.700
96 86 6016.300
96 87 3169.900
96 88 6940.900
96 89 8483.700
96 90 2884.900
96 91 8622.400
96 92 5363.300
96 93 3165.800
96 94 2749.800
96 95 3896.900
96 96 0.000
96 97 5625.000
96 98 10795.000
96 99 7589.300
96 100 7538.800
97 0 4480.900
97 1 4224.000
97 2 6627.000
97 3 5519.800
97 4 6700.300
97 5 4783.900
97 6 8386.400
97 7 7139.100
97 8 2989.400
97 9 8091.500
97 10 7958.300
97 11 6563.500
97 12 5418.300
97 13 9926.100
97 14 6074.000
97 15 8492.000
97 16 1651.800
97 17 2647.900
97 18 4219.000
97 19 5140.400
97 20 7054.500
97 21 3124.400
97 22 6569.800
97 23 6068.500
97 24 3167.100
97 25 3439.100
97 26 4727.400
97 27 4915.000
97 28 10302.900
97 29 5714.900
97 30 3617.100
97 31 3781.200
97 32 6001.900
97 33 4025.700
97 34 3865.300
97 35 6393.500
97 36 6531.900
97 37 5257.600
97 38 8684.400
97 39 4097.300
97 40 6813.500
97 41 7510.900
97 42 4632.100
97 43 1934.300
97 44 4173.900
97 45 4729.300
97 46 7213.700
97 47 2844.000
97 48 4177.900
97 49 4924.600
97 50 8023.400
97 51 7405.100
97 52 5675.400
97 53 6238.300
97 54 6744.200
97 55 3964.400
97 56 4010.200
97 57 3828.400
97 58 7591.200
97 59 4501.600
97 60 4649.800
97 61 3438.800
97 62 6281.000
97 63 8516.600
97 64 6717.300
97 65 8228.900
97 66 7381.400
97 67 3343.400
97 68 2590.000
97 69 5077.400
97 70 5385.500
97 71 7142.400
97 72 6160.100
97 73 5948.400
97 74 1698.100
97 75 2877.200
97 76 6237.300
97 77 3102.800
97 78 6710.600
97 79 5048.400
97 80 6439.600
97 81 2072.600
97 82 6517.500
97 83 5536.900
97 84 6931.100
97 85 6307.900
97 86 7472.100
97 87 7387.000
97 88 8154.100
97 89 10301.600
97 90 2471.700
97 91 10317.200
97 92 2118.300
97 93 5401.000
97 94 4444.600
97 95 7746.300
97 96 4546.000
97 97 0.000
97 98 10130.400
97 99 9284.000
97 100 9233.600
98 0 10389.700
98 1 11918.500
98 2 11245.400
98 3 7503.300
98 4 15411.200
98 5 12453.900
98 6 4548.500
98 7 6160.500
98 8 11758.700
98 9 15754.000
98 10 3904.600
98 11 13994.600
98 12 6174.900
98 13 758.900
98 14 6105.000
98 15 16154.600
98 16 11293.300
98 17 8497.300
98 18 11713.100
98 19 11978.800
98 20 14717.000
98 21 9934.400
98 22 13474.700
98 23 8639.700
98 24 10821.300
98 25 10933.200
98 26 9848.700
98 27 7891.500
98 28 2442.500
98 29 10924.300
98 30 10506.100
98 31 12550.500
98 32 5271.500
98 33 10770.900
98 34 11266.900
98 35 9465.200
98 36 4704.100
98 37 10475.800
98 38 15513.700
98 39 11767.300
98 40 6266.200
98 41 14340.300
98 42 6493.800
98 43 10703.700
98 44 11843.900
98 45 11541.400
98 46 8307.200
98 47 10498.100
98 48 12294.900
98 49 12619.100
98 50 15686.000
98 51 3979.100
98 52 6728.000
98 53 7889.600
98 54 6862.600
98 55 12733.800
98 56 9427.800
98 57 11687.900
98 58 3708.200
98 59 11229.900
98 60 8310.300
98 61 7129.700
98 62 10869.000
98 63 11325.100
98 64 10739.000
98 65 2565.500
98 66 4152.100
98 67 10997.600
98 68 11359.400
98 69 12571.500
98 70 13055.500
98 71 13971.700
98 72 9999.000
98 73 9291.900
98 74 9257.700
98 75 9993.300
98 76 7317.200
98 77 10518.200
98 78 13540.000
98 79 12813.400
98 80 7085.600
98 81 9864.100
98 82 5021.300
98 83 10055.700
98 84 10770.000
98 85 9177.600
98 86 15134.700
98 87 11225.900
98 88 4779.200
98 89 3986.100
98 90 9281.700
98 91 3927.800
98 92 12287.500
98 93 12988.000
98 94 10353.400
98 95 14575.600
98 96 11116.000
98 97 10418.300
98 98 0.000
98 99 3556.300
98 100 3665.800
99 0 6716.800
99 1 8727.100
99 2 7551.100
99 3 5337.500
99 4 11335.700
99 5 10531.600
99 6 1298.800
99 7 3284.700
99 8 10845.200
99 9 13340.600
99 10 4115.900
99 11 12072.300
99 12 6526.900
99 13 2862.600
99 14 5998.000
99 15 11739.900
99 16 10163.400
99 17 8821.000
99 18 10603.900
99 19 8305.900
99 20 11684.000
99 21 7570.400
99 22 9801.800
99 23 5857.500
99 24 9028.300
99 25 9801.600
99 26 6175.800
99 27 5109.400
99 28 1111.700
99 29 7251.400
99 30 7645.200
99 31 11637.000
99 32 5015.200
99 33 7098.000
99 34 11413.100
99 35 9817.100
99 36 4187.000
99 37 6802.900
99 38 11840.800
99 39 10311.200
99 40 3071.500
99 41 10667.400
99 42 6845.800
99 43 9790.100
99 44 8080.800
99 45 7868.500
99 46 4612.900
99 47 8705.100
99 48 12033.700
99 49 9665.200
99 50 12192.700
99 51 5117.900
99 52 3815.200
99 53 4216.700
99 54 4080.400
99 55 11820.300
99 56 5754.900
99 57 11684.200
99 58 4847.000
99 59 11376.200
99 60 6271.300
99 61 7481.700
99 62 7174.700
99 63 7172.500
99 64 7044.700
99 65 5484.700
99 66 5290.900
99 67 7688.600
99 68 10445.800
99 69 11462.300
99 70 11599.300
99 71 10298.800
99 72 6304.700
99 73 5597.600
99 74 8345.200
99 75 7893.900
99 76 3867.200
99 77 10958.600
99 78 9867.100
99 79 12904.200
99 80 7101.800
99 81 8951.500
99 82 6160.100
99 83 10202.000
99 84 7075.700
99 85 5483.300
99 86 11766.600
99 87 7531.600
99 88 3532.100
99 89 2747.700
99 90 6948.500
99 91 715.400
99 92 11157.600
99 93 9511.800
99 94 6680.500
99 95 10902.700
99 96 7443.100
99 97 9504.800
99 98 7386.100
99 99 0.000
99 100 965.100
100 0 6645.500
100 1 8655.800
100 2 7479.700
100 3 6148.600
100 4 11264.300
100 5 10460.200
100 6 2577.500
100 7 4272.900
100 8 10773.900
100 9 13269.300
100 10 4927.000
100 11 12000.900
100 12 7338.100
100 13 2974.200
100 14 6809.100
100 15 11668.500
100 16 10092.100
100 17 8749.700
100 18 10532.600
100 19 8234.600
100 20 11612.700
100 21 7499.100
100 22 9730.500
100 23 6200.600
100 24 8957.000
100 25 9730.300
100 26 6104.500
100 27 5047.100
100 28 1223.200
100 29 7180.100
100 30 7573.900
100 31 11565.700
100 32 5826.400
100 33 7026.700
100 34 11649.900
100 35 10628.300
100 36 4998.100
100 37 6731.600
100 38 11769.500
100 39 10239.800
100 40 3000.200
100 41 10596.100
100 42 7657.000
100 43 9718.800
100 44 8009.500
100 45 7797.200
100 46 4541.500
100 47 8633.800
100 48 11962.400
100 49 9593.800
100 50 12121.400
100 51 5929.000
100 52 4626.400
100 53 4145.400
100 54 4891.600
100 55 11749.000
100 56 5683.600
100 57 11612.900
100 58 5658.100
100 59 12286.100
100 60 7820.100
100 61 8292.800
100 62 7103.400
100 63 7101.200
100 64 6973.400
100 65 5118.800
100 66 6102.000
100 67 7617.300
100 68 10374.500
100 69 11391.000
100 70 11528.000
100 71 10227.500
100 72 6233.400
100 73 5526.300
100 74 8273.800
100 75 7822.600
100 76 3795.900
100 77 10887.300
100 78 9795.700
100 79 12832.900
100 80 7912.900
100 81 8880.200
100 82 6971.200
100 83 11013.100
100 84 7004.400
100 85 5412.000
100 86 11695.200
100 87 7460.300
100 88 4343.200
100 89 2961.800
100 90 6877.200
100 91 1949.400
100 92 11086.300
100 93 9440.500
100 94 6609.200
100 95 10831.400
100 96 7371.800
100 97 9433.500
100 98 7020.200
100 99 965.100
100 100 0.000
