# i j distance_m; directed OSRM/OSM truck distance; depot 0 + customers 1..100
0 0 0.000
0 1 6335.800
0 2 6551.100
0 3 6955.700
0 4 5316.200
0 5 5035.200
0 6 5008.600
0 7 2599.100
0 8 8437.500
0 9 6454.400
0 10 4706.200
0 11 5933.700
0 12 8535.900
0 13 8497.200
0 14 6324.100
0 15 5650.000
0 16 6699.700
0 17 973.700
0 18 1348.900
0 19 2949.200
0 20 5357.500
0 21 6237.200
0 22 7492.400
0 23 3970.400
0 24 5515.900
0 25 4108.800
0 26 4744.600
0 27 8751.500
0 28 1891.400
0 29 5034.600
0 30 9036.900
0 31 7162.800
0 32 6360.600
0 33 3161.700
0 34 6984.600
0 35 2453.500
0 36 1814.100
0 37 5749.600
0 38 4945.800
0 39 2822.100
0 40 3539.800
0 41 8539.100
0 42 4364.500
0 43 7679.000
0 44 10689.300
0 45 7426.600
0 46 6358.600
0 47 7293.900
0 48 8042.000
0 49 9039.100
0 50 7793.600
0 51 7184.300
0 52 8166.800
0 53 7171.800
0 54 8158.200
0 55 2765.100
0 56 3664.800
0 57 8412.100
0 58 4566.800
0 59 7689.100
0 60 9009.500
0 61 7420.100
0 62 4830.200
0 63 1280.300
0 64 3750.200
0 65 5093.000
0 66 4498.200
0 67 1845.000
0 68 1307.300
0 69 7702.700
0 70 6190.200
0 71 7085.700
0 72 6192.600
0 73 6888.300
0 74 5865.500
0 75 8967.200
0 76 3081.900
0 77 8299.400
0 78 6841.700
0 79 5789.600
0 80 7168.200
0 81 5685.900
0 82 4893.500
0 83 6401.200
0 84 3510.700
0 85 8231.400
0 86 2577.600
0 87 8628.400
0 88 6038.400
0 89 2909.800
0 90 4843.900
0 91 6992.800
0 92 9855.000
0 93 5183.000
0 94 9074.500
0 95 7150.400
0 96 3682.100
0 97 6772.400
0 98 3696.200
0 99 6425.900
0 100 2743.800
1 0 6580.100
1 1 0.000
1 2 9463.900
1 3 11010.500
1 4 2854.800
1 5 8781.300
1 6 10133.900
1 7 5243.800
1 8 8656.300
1 9 6078.500
1 10 5674.900
1 11 9679.800
1 12 10518.100
1 13 8555.400
1 14 3532.300
1 15 9256.600
1 16 6825.300
1 17 5294.300
1 18 5292.700
1 19 4505.500
1 20 7205.800
1 21 9610.000
1 22 1156.600
1 23 9095.700
1 24 9262.000
1 25 8232.600
1 26 9869.800
1 27 12304.700
1 28 4772.400
1 29 4210.700
1 30 11275.800
1 31 8331.800
1 32 11485.900
1 33 8287.000
1 34 3053.800
1 35 6531.100
1 36 4923.600
1 37 7961.500
1 38 8122.900
1 39 4549.300
1 40 4905.000
1 41 9422.500
1 42 3783.400
1 43 11837.600
1 44 13162.600
1 45 12496.200
1 46 5534.700
1 47 3698.900
1 48 8925.400
1 49 11512.400
1 50 12918.900
1 51 6669.000
1 52 9351.900
1 53 8139.500
1 54 9674.200
1 55 7890.400
1 56 5691.600
1 57 7669.300
1 58 7558.900
1 59 12814.400
1 60 7563.800
1 61 10224.100
1 62 8880.200
1 63 6463.500
1 64 7222.000
1 65 4292.900
1 66 8977.400
1 67 4423.000
1 68 6199.800
1 69 8671.500
1 70 2718.300
1 71 8054.500
1 72 8298.800
1 73 7850.800
1 74 1934.700
1 75 3903.700
1 76 7200.000
1 77 4853.100
1 78 8733.100
1 79 6758.400
1 80 1074.900
1 81 4862.000
1 82 10018.800
1 83 7586.300
1 84 6426.800
1 85 10193.700
1 86 3690.500
1 87 12799.300
1 88 11163.700
1 89 8035.100
1 90 2348.900
1 91 12118.100
1 92 12328.300
1 93 6378.800
1 94 9038.100
1 95 8666.300
1 96 2929.300
1 97 7741.200
1 98 7177.700
1 99 11551.200
1 100 4697.900
2 0 5321.500
2 1 9489.100
2 2 0.000
2 3 1282.700
2 4 9450.100
2 5 6685.000
2 6 3437.400
2 7 6735.300
2 8 8323.400
2 9 8433.900
2 10 4617.900
2 11 7110.100
2 12 1974.500
2 13 8408.900
2 14 11019.000
2 15 5887.400
2 16 6611.400
2 17 6105.500
2 18 6189.700
2 19 5371.800
2 20 2841.300
2 21 1286.900
2 22 9084.000
2 23 3328.400
2 24 6394.100
2 25 6542.300
2 26 2005.500
2 27 3174.700
2 28 6732.300
2 29 9729.500
2 30 2602.800
2 31 2979.500
2 32 2669.400
2 33 5585.900
2 34 7349.700
2 35 6169.100
2 36 6606.100
2 37 1718.500
2 38 7356.700
2 39 7663.000
2 40 7673.700
2 41 6498.200
2 42 8498.400
2 43 2205.000
2 44 4457.900
2 45 2477.300
2 46 11053.500
2 47 9099.200
2 48 7103.200
2 49 2807.800
2 50 3365.900
2 51 9163.800
2 52 6129.200
2 53 3578.900
2 54 1567.600
2 55 4310.700
2 56 7798.700
2 57 8323.800
2 58 2913.300
2 59 4663.900
2 60 9086.800
2 61 889.900
2 62 5831.500
2 63 5416.500
2 64 4284.500
2 65 9226.900
2 66 2815.600
2 67 6976.800
2 68 6633.800
2 69 5842.500
2 70 8733.600
2 71 7155.000
2 72 1059.100
2 73 4628.200
2 74 7950.000
2 75 13309.100
2 76 6797.500
2 77 10854.600
2 78 784.700
2 79 5701.300
2 80 10304.800
2 81 10380.800
2 82 3822.900
2 83 4363.700
2 84 4041.200
2 85 1670.000
2 86 7709.300
2 87 2924.400
2 88 3156.000
2 89 4604.900
2 90 9125.600
2 91 3967.600
2 92 3623.600
2 93 9316.800
2 94 8960.300
2 95 2238.700
2 96 8523.000
2 97 6684.100
2 98 6753.000
2 99 3543.500
2 100 7584.700
3 0 6618.000
3 1 11766.200
3 2 1285.500
3 3 0.000
3 4 10746.700
3 5 6571.500
3 6 3940.200
3 7 8031.900
3 8 9437.800
3 9 9563.600
3 10 5747.600
3 11 6337.300
3 12 3338.500
3 13 9538.700
3 14 12315.500
3 15 5114.500
3 16 7741.200
3 17 7590.500
3 18 7486.300
3 19 6670.100
3 20 3794.700
3 21 1762.700
3 22 10213.700
3 23 3781.000
3 24 5621.300
3 25 6994.500
3 26 2392.600
3 27 2351.800
3 28 8028.900
3 29 11026.000
3 30 2804.800
3 31 4094.000
3 32 3638.100
3 33 6038.200
3 34 8479.400
3 35 6621.300
3 36 8091.100
3 37 2448.200
3 38 7804.000
3 39 8959.500
3 40 8970.200
3 41 7612.600
3 42 9794.900
3 43 1310.100
3 44 4087.800
3 45 1071.300
3 46 12350.100
3 47 10228.900
3 48 8217.700
3 49 2437.600
3 50 1959.900
3 51 10293.500
3 52 7259.000
3 53 4708.600
3 54 2682.100
3 55 5607.200
3 56 7841.700
3 57 9453.600
3 58 3961.800
3 59 3257.900
3 60 10201.300
3 61 1188.000
3 62 6474.000
3 63 6713.100
3 64 5534.700
3 65 10523.500
3 66 4112.100
3 67 8461.800
3 68 7930.400
3 69 6972.200
3 70 9863.300
3 71 8127.200
3 72 2344.600
3 73 5757.900
3 74 9079.700
3 75 14397.600
3 76 7249.800
3 77 11984.300
3 78 1899.200
3 79 6831.100
3 80 12598.700
3 81 11677.300
3 82 4275.100
3 83 5493.400
3 84 4817.600
3 85 2784.500
3 86 9194.300
3 87 2101.500
3 88 2348.800
3 89 5492.900
3 90 10981.300
3 91 2561.600
3 92 3253.500
3 93 10613.400
3 94 10074.800
3 95 3353.100
3 96 9819.600
3 97 7813.900
3 98 7205.200
3 99 2211.800
3 100 8881.300
4 0 6539.600
4 1 1143.000
4 2 9815.000
4 3 10219.700
4 4 0.000
4 5 6919.900
4 6 8272.600
4 7 4340.600
4 8 8806.700
4 9 6434.600
4 10 6031.100
4 11 7818.400
4 12 10874.200
4 13 8705.800
4 14 2302.000
4 15 7395.300
4 16 7181.400
4 17 5528.300
4 18 4348.200
4 19 4861.600
4 20 7561.900
4 21 9501.100
4 22 2299.600
4 23 7234.400
4 24 7400.600
4 25 6371.300
4 26 8008.500
4 27 12015.500
4 28 3827.900
4 29 2349.400
4 30 11631.900
4 31 8687.900
4 32 9624.600
4 33 6425.700
4 34 3410.000
4 35 4669.700
4 36 5279.700
4 37 9013.600
4 38 6261.600
4 39 2688.000
4 40 3043.700
4 41 9572.900
4 42 1922.100
4 43 10943.000
4 44 13518.700
4 45 10690.500
4 46 3673.400
4 47 3719.200
4 48 9075.800
4 49 11868.500
4 50 11057.600
4 51 6819.400
4 52 9708.000
4 53 8495.700
4 54 10030.300
4 55 6029.100
4 56 3830.300
4 57 7819.800
4 58 7830.700
4 59 10953.100
4 60 7714.200
4 61 10684.000
4 62 7018.900
4 63 4602.200
4 64 7014.200
4 65 2431.600
4 66 7762.100
4 67 4657.000
4 68 5255.300
4 69 9027.600
4 70 2615.500
4 71 8410.600
4 72 9456.500
4 73 8207.000
4 74 2290.900
4 75 3774.400
4 76 5338.600
4 77 4724.700
4 78 9089.200
4 79 7114.500
4 80 1975.400
4 81 3000.700
4 82 8157.400
4 83 7942.400
4 84 6774.700
4 85 10549.900
4 86 3924.500
4 87 11892.300
4 88 9302.400
4 89 6173.800
4 90 1269.200
4 91 10256.800
4 92 12684.400
4 93 4517.500
4 94 9188.600
4 95 9022.500
4 96 1713.200
4 97 8097.300
4 98 5316.400
4 99 9689.900
4 100 3753.400
5 0 4249.300
5 1 7483.100
5 2 7215.600
5 3 6778.000
5 4 6463.600
5 5 0.000
5 6 4665.300
5 7 4775.500
5 8 9432.100
5 9 9500.800
5 10 5700.800
5 11 1234.800
5 12 9200.500
5 13 9491.800
5 14 8032.400
5 15 1407.100
5 16 7694.300
5 17 4944.200
5 18 4246.700
5 19 6406.900
5 20 6218.900
5 21 6901.800
5 22 8639.700
5 23 4831.800
5 24 817.000
5 25 2482.900
5 26 5409.100
5 27 6824.600
5 28 4789.300
5 29 6742.900
5 30 9209.600
5 31 7827.400
5 32 6641.500
5 33 2647.400
5 34 8416.600
5 35 3193.700
5 36 5444.800
5 37 6414.200
5 38 2481.300
5 39 5370.700
5 40 4656.300
5 41 9533.700
5 42 5484.500
5 43 6348.200
5 44 8388.400
5 45 5838.100
5 46 8067.000
5 47 10059.400
5 48 9036.600
5 49 7708.300
5 50 5575.600
5 51 10230.700
5 52 9250.800
5 53 8166.400
5 54 8822.800
5 55 3759.700
5 56 3290.500
5 57 9406.700
5 58 5428.100
5 59 5154.600
5 60 10004.100
5 61 7592.700
5 62 2192.300
5 63 3870.300
5 64 4744.800
5 65 6209.600
5 66 5162.800
5 67 5815.500
5 68 4850.200
5 69 8697.300
5 70 8955.600
5 71 8080.300
5 72 6857.200
5 73 7749.700
5 74 8631.000
5 75 10114.500
5 76 2540.300
5 77 11928.600
5 78 7506.300
5 79 6784.200
5 80 8315.600
5 81 7394.300
5 82 4267.400
5 83 7485.200
5 84 4505.300
5 85 8896.000
5 86 6548.000
5 87 6410.400
5 88 5559.700
5 89 3171.400
5 90 7609.400
5 91 4458.400
5 92 8524.200
5 93 6299.500
5 94 10069.100
5 95 7814.900
5 96 6476.800
5 97 7767.000
5 98 1877.500
5 99 4752.100
5 100 5641.700
6 0 3317.700
6 1 8465.800
6 2 2864.600
6 3 3269.300
6 4 7446.300
6 5 4544.300
6 6 0.000
6 7 4731.500
6 8 8365.900
6 9 8450.600
6 10 4634.600
6 11 5329.800
6 12 4849.500
6 13 8425.600
6 14 9015.200
6 15 3783.100
6 16 6628.100
6 17 4290.100
6 18 4185.900
6 19 5557.100
6 20 2212.500
6 21 2550.800
6 22 9622.400
6 23 1923.200
6 24 4613.700
6 25 4401.600
6 26 1058.100
6 27 5045.600
6 28 4728.500
6 29 7725.700
6 30 5350.500
6 31 3476.300
6 32 2654.700
6 33 3445.200
6 34 7366.300
6 35 4028.400
6 36 4790.700
6 37 2063.200
6 38 5216.000
6 39 5659.200
6 40 5669.900
6 41 6972.600
6 42 6494.500
6 43 3973.100
6 44 6983.300
6 45 3720.600
6 46 9049.700
6 47 9115.900
6 48 7577.600
6 49 5333.200
6 50 4087.600
6 51 9180.400
6 52 6202.200
6 53 3595.600
6 54 4471.700
6 55 2306.900
6 56 5248.800
6 57 8340.500
6 58 2379.600
6 59 3983.100
6 60 8937.900
6 61 3733.600
6 62 3881.100
6 63 3412.700
6 64 2234.300
6 65 7223.100
6 66 811.800
6 67 5161.400
6 68 4630.000
6 69 5915.500
6 70 8750.300
6 71 7227.900
6 72 2506.200
6 73 4701.200
6 74 7966.700
6 75 11097.300
6 76 4656.800
6 77 10871.300
6 78 3155.200
6 79 5718.000
6 80 9298.300
6 81 8377.000
6 82 1682.200
6 83 4436.600
6 84 3029.500
6 85 4545.000
6 86 5893.900
6 87 4922.400
6 88 2332.500
6 89 2601.100
6 90 7681.000
6 91 3286.900
6 92 6149.000
6 93 7313.000
6 94 9002.900
6 95 3463.900
6 96 6519.200
6 97 6700.800
6 98 4612.300
6 99 2719.900
6 100 5580.900
7 0 3670.400
7 1 4497.600
7 2 6945.800
7 3 7350.500
7 4 3478.100
7 5 4916.300
7 6 5403.400
7 7 0.000
7 8 8832.300
7 9 8570.700
7 10 5100.900
7 11 5814.800
7 12 8930.700
7 13 8892.000
7 14 5046.900
7 15 5391.600
7 16 7094.400
7 17 4344.300
7 18 2141.700
7 19 5020.600
7 20 5752.200
7 21 6631.900
7 22 5654.200
7 23 4365.200
7 24 5397.000
7 25 3293.700
7 26 5139.300
7 27 9146.300
7 28 1621.400
7 29 3757.400
7 30 9431.700
7 31 7557.500
7 32 6755.400
7 33 3556.500
7 34 5546.100
7 35 1629.700
7 36 4844.900
7 37 6144.300
7 38 4258.000
7 39 1383.500
7 40 1701.600
7 41 8933.900
7 42 2526.300
7 43 8073.800
7 44 11084.000
7 45 7821.300
7 46 5081.500
7 47 5855.400
7 48 8436.800
7 49 9433.800
7 50 8188.300
7 51 8955.600
7 52 8561.500
7 53 7566.600
7 54 8552.900
7 55 3159.900
7 56 1826.600
7 57 8806.900
7 58 4961.500
7 59 8083.800
7 60 9850.300
7 61 7814.800
7 62 5015.200
7 63 1733.100
7 64 4145.000
7 65 3254.800
7 66 4892.900
7 67 4175.900
7 68 3048.800
7 69 8097.500
7 70 4751.600
7 71 7480.500
7 72 6587.300
7 73 7283.100
7 74 4427.000
7 75 7129.000
7 76 2420.700
7 77 6860.800
7 78 7236.400
7 79 6184.400
7 80 5330.100
7 81 4408.700
7 82 4994.300
7 83 6796.000
7 84 3905.400
7 85 8626.200
7 86 3443.400
7 87 9023.100
7 88 6433.200
7 89 3304.600
7 90 3405.300
7 91 7387.600
7 92 10249.700
7 93 3344.800
7 94 9469.200
7 95 7545.100
7 96 2243.600
7 97 7167.100
7 98 3312.700
7 99 6820.600
7 100 2362.800
8 0 7107.100
8 1 8626.500
8 2 7981.800
8 3 9134.800
8 4 10015.400
8 5 9557.300
8 6 8799.000
8 7 8521.000
8 8 0.000
8 9 4104.500
8 10 4679.700
8 11 10455.800
8 12 7150.100
8 13 1115.500
8 14 11326.800
8 15 10097.500
8 16 2881.600
8 17 6775.400
8 18 7975.400
8 19 5527.500
8 20 6408.000
8 21 8812.200
8 22 8221.500
8 23 7419.100
8 24 10038.000
8 25 8630.900
8 26 8299.100
8 27 11506.900
8 28 8518.000
8 29 11371.400
8 30 8960.300
8 31 7894.700
8 32 10085.200
8 33 7683.900
8 34 5742.200
8 35 8234.300
8 36 7276.000
8 37 7163.800
8 38 9467.900
8 39 9448.700
8 40 9459.300
8 41 1999.100
8 42 10284.000
8 43 11039.900
8 44 10555.600
8 45 10329.300
8 46 12695.400
8 47 5601.600
8 48 1502.000
8 49 10714.600
8 50 11569.200
8 51 3247.900
8 52 3186.700
8 53 6446.300
8 54 8157.900
8 55 7087.800
8 56 9584.400
8 57 2232.700
8 58 6761.100
8 59 11464.700
8 60 1423.800
8 61 8742.000
8 62 9352.400
8 63 7202.200
8 64 6424.300
8 65 11012.600
8 66 8179.600
8 67 7646.700
8 68 8419.500
8 69 3046.400
8 70 6757.000
8 71 2457.300
8 72 7501.000
8 73 6060.000
8 74 7087.400
8 75 11698.200
8 76 8862.800
8 77 10005.800
8 78 7778.400
8 79 3690.600
8 80 9442.300
8 81 12022.700
8 82 8924.000
8 83 4525.300
8 84 5629.000
8 85 6355.400
8 86 6627.300
8 87 10776.500
8 88 9814.000
8 89 7432.000
8 90 8263.000
8 91 10768.500
8 92 9721.300
8 93 11102.500
8 94 621.000
8 95 7783.600
8 96 8843.500
8 97 2625.400
8 98 8924.600
8 99 10201.500
8 100 7923.400
9 0 5590.100
9 1 4534.900
9 2 7149.100
9 3 8695.700
9 4 5923.800
9 5 8040.300
9 6 7282.000
9 7 7004.000
9 8 4761.000
9 9 0.000
9 10 3360.100
9 11 8938.800
9 12 8203.300
9 13 4660.100
9 14 7235.100
9 15 8580.500
9 16 2502.900
9 17 3972.300
9 18 4633.800
9 19 2713.900
9 20 4891.000
9 21 7295.200
9 22 4129.800
9 23 5902.100
9 24 8521.000
9 25 7113.900
9 26 6782.100
9 27 9989.900
9 28 4684.200
9 29 7279.700
9 30 8961.000
9 31 6017.000
9 32 8568.100
9 33 6166.800
9 34 1629.900
9 35 6717.300
9 36 3132.000
9 37 5646.700
9 38 7950.900
9 39 6287.600
9 40 7974.100
9 41 5527.300
9 42 6852.500
9 43 9522.800
9 44 10847.800
9 45 10181.400
9 46 8603.800
9 47 3024.400
9 48 5030.200
9 49 9197.600
9 50 10052.200
9 51 2773.800
9 52 6714.800
9 53 5824.700
9 54 7359.400
9 55 5570.800
9 56 8067.400
9 57 3774.100
9 58 5244.100
9 59 9947.700
9 60 3668.500
9 61 7909.300
9 62 7835.300
9 63 5685.200
9 64 4907.200
9 65 7361.900
9 66 6662.600
9 67 3268.200
9 68 6902.500
9 69 5881.200
9 70 2728.600
9 71 5292.100
9 72 5984.000
9 73 5536.000
9 74 2995.800
9 75 7606.600
9 76 7345.700
9 77 5914.100
9 78 6418.300
9 79 4443.600
9 80 5350.700
9 81 7931.000
9 82 7407.000
9 83 5271.500
9 84 4112.000
9 85 7878.900
9 86 2535.700
9 87 10484.500
9 88 8297.000
9 89 5915.000
9 90 4171.400
9 91 9251.500
9 92 10013.500
9 93 9447.900
9 94 5142.900
9 95 6351.500
9 96 4751.800
9 97 5460.200
9 98 7407.600
9 99 8684.500
9 100 3831.800
10 0 4189.400
10 1 6537.900
10 2 5342.300
10 3 6882.100
10 4 8318.100
10 5 6639.600
10 6 5492.800
10 7 5603.300
10 8 3731.300
10 9 6102.000
10 10 0.000
10 11 7538.100
10 12 6414.100
10 13 3791.000
10 14 10010.100
10 15 6811.700
10 16 1993.500
10 17 3857.600
10 18 5057.700
10 19 2609.700
10 20 3122.200
10 21 5473.500
10 22 6132.900
10 23 4133.400
10 24 7120.300
10 25 5713.200
10 26 5084.100
10 27 8589.200
10 28 5600.300
10 29 8597.400
10 30 7171.700
10 31 4217.400
10 32 6754.500
10 33 4766.100
10 34 4398.600
10 35 5316.600
10 36 4358.300
10 37 3878.000
10 38 6550.200
10 39 6530.900
10 40 6541.600
10 41 3832.900
10 42 7366.300
10 43 8122.100
10 44 9447.000
10 45 8780.700
10 46 9921.400
10 47 6148.100
10 48 3335.800
10 49 7796.900
10 50 8263.000
10 51 5245.400
10 52 3460.600
10 53 2302.900
10 54 5570.100
10 55 4170.100
10 56 6666.600
10 57 3705.900
10 58 3475.300
10 59 8158.500
10 60 4303.400
10 61 6102.500
10 62 6434.600
10 63 4284.500
10 64 3506.500
10 65 8094.800
10 66 4873.400
10 67 4728.900
10 68 5501.700
10 69 2996.600
10 70 5782.500
10 71 2379.500
10 72 4456.500
10 73 2543.500
10 74 4998.900
10 75 9609.700
10 76 5945.000
10 77 7910.600
10 78 4629.100
10 79 1083.400
10 80 7353.700
10 81 9248.700
10 82 5638.200
10 83 1695.000
10 84 2711.300
10 85 6079.400
10 86 4415.900
10 87 9083.800
10 88 6507.800
10 89 4514.200
10 90 6174.500
10 91 7462.200
10 92 8612.700
10 93 8184.800
10 94 4368.300
10 95 4143.700
10 96 6754.900
10 97 2066.200
10 98 6006.800
10 99 6895.300
10 100 6452.700
11 0 5658.300
11 1 7313.800
11 2 7519.800
11 3 6950.800
11 4 6294.200
11 5 1729.500
11 6 5302.900
11 7 4944.700
11 8 10841.100
11 9 10909.800
11 10 7109.800
11 11 0.000
11 12 9475.000
11 13 10900.800
11 14 7863.100
11 15 2322.700
11 16 9103.300
11 17 6353.200
11 18 5250.700
11 19 7815.900
11 20 7000.800
11 21 7206.000
11 22 8470.400
11 23 5613.700
11 24 1381.400
11 25 3891.900
11 26 6046.700
11 27 6997.400
11 28 5793.300
11 29 6573.600
11 30 9382.300
11 31 8465.000
11 32 6814.200
11 33 4056.400
11 34 9580.800
11 35 4197.700
11 36 6853.800
11 37 7051.800
11 38 1655.900
11 39 5201.300
11 40 4487.000
11 41 10942.700
11 42 5315.200
11 43 6520.900
11 44 8561.100
11 45 6010.900
11 46 7897.600
11 47 9890.000
11 48 10445.600
11 49 7881.000
11 50 5748.300
11 51 11639.700
11 52 10032.700
11 53 8584.200
11 54 9101.500
11 55 5168.700
11 56 3121.200
11 57 10815.700
11 58 6210.100
11 59 5327.400
11 60 11413.100
11 61 7765.400
11 62 3446.900
11 63 4874.400
11 64 6153.800
11 65 6040.300
11 66 5800.400
11 67 7224.500
11 68 5854.200
11 69 10106.300
11 70 8786.300
11 71 9489.300
11 72 7494.800
11 73 8531.600
11 74 8461.700
11 75 9945.200
11 76 3769.400
11 77 10895.500
11 78 7810.500
11 79 8193.200
11 80 8146.200
11 81 7224.900
11 82 4569.300
11 83 8267.100
11 84 5914.300
11 85 9170.500
11 86 7567.200
11 87 6583.100
11 88 5525.000
11 89 4580.400
11 90 7440.000
11 91 4631.100
11 92 8696.900
11 93 6130.200
11 94 11478.100
11 95 8452.500
11 96 6307.400
11 97 9176.000
11 98 3286.500
11 99 4924.800
11 100 6736.200
12 0 7717.700
12 1 10102.600
12 2 2434.100
12 3 3587.000
12 4 11846.400
12 5 8851.200
12 6 5603.600
12 7 9131.600
12 8 7461.000
12 9 10343.800
12 10 5231.400
12 11 9506.400
12 12 0.000
12 13 7916.200
12 14 13567.600
12 15 8283.600
12 16 7224.900
12 17 7401.800
12 18 8586.000
12 19 6153.900
12 20 4411.900
12 21 3496.500
12 22 9697.500
12 23 4898.900
12 24 8790.300
12 25 8708.500
12 26 3959.600
12 27 4394.900
12 28 9128.600
12 29 12125.700
12 30 1906.900
12 31 3415.100
12 32 5065.600
12 33 7752.100
12 34 7963.200
12 35 8335.300
12 36 7902.400
12 37 3306.400
12 38 9522.900
12 39 10059.200
12 40 10069.900
12 41 5635.800
12 42 10894.600
12 43 3927.800
12 44 4170.400
12 45 4781.600
12 46 13449.800
12 47 9712.700
12 48 6240.900
12 49 3602.600
12 50 5670.200
12 51 9487.200
12 52 6061.400
12 53 4192.400
12 54 1766.100
12 55 6706.900
12 56 10194.900
12 57 8471.900
12 58 4483.800
12 59 6968.200
12 60 8224.500
12 61 2748.700
12 62 8227.700
12 63 7812.800
12 64 5855.000
12 65 11623.200
12 66 5211.800
12 67 8273.100
12 68 9030.100
12 69 6617.000
12 70 9347.100
12 71 7055.100
12 72 2409.100
12 73 5254.800
12 74 8563.500
12 75 13922.600
12 76 8963.700
12 77 11468.100
12 78 2230.700
12 79 6314.800
12 80 10918.300
12 81 12777.000
12 82 5989.100
12 83 4990.200
12 84 5611.700
12 85 807.600
12 86 7980.600
12 87 5228.700
12 88 5552.300
12 89 7001.200
12 90 9739.100
12 91 6271.900
12 92 3336.100
12 93 11713.100
12 94 8098.000
12 95 2674.200
12 96 10319.500
12 97 7297.600
12 98 8919.100
12 99 5939.700
12 100 9981.000
13 0 6992.500
13 1 8511.900
13 2 8131.400
13 3 9284.400
13 4 9900.800
13 5 9442.700
13 6 8684.400
13 7 8406.400
13 8 1115.500
13 9 3989.900
13 10 4565.100
13 11 10341.200
13 12 7299.700
13 13 0.000
13 14 11212.100
13 15 9982.900
13 16 2766.900
13 17 6660.800
13 18 7860.800
13 19 5412.900
13 20 6293.400
13 21 8697.600
13 22 8106.800
13 23 7304.500
13 24 9923.400
13 25 8516.300
13 26 8184.500
13 27 11392.300
13 28 8403.400
13 29 11256.700
13 30 9110.000
13 31 8044.300
13 32 9970.500
13 33 7569.200
13 34 5627.600
13 35 8119.700
13 36 7161.400
13 37 7049.100
13 38 9353.300
13 39 9334.100
13 40 9344.700
13 41 2148.800
13 42 10169.400
13 43 10925.200
13 44 10705.200
13 45 10479.000
13 46 12580.800
13 47 5487.000
13 48 1651.700
13 49 10600.000
13 50 11454.600
13 51 3133.300
13 52 3336.400
13 53 6595.900
13 54 8307.500
13 55 6973.200
13 56 9469.800
13 57 2118.000
13 58 6646.500
13 59 11350.100
13 60 1054.800
13 61 8891.600
13 62 9237.700
13 63 7087.600
13 64 6309.600
13 65 10898.000
13 66 8065.000
13 67 7532.100
13 68 8304.900
13 69 2931.800
13 70 6642.400
13 71 2342.700
13 72 7386.400
13 73 6209.600
13 74 6972.800
13 75 11583.600
13 76 8748.100
13 77 9891.100
13 78 7928.100
13 79 3576.000
13 80 9327.700
13 81 11908.100
13 82 8809.400
13 83 4675.000
13 84 5514.400
13 85 6505.000
13 86 6512.700
13 87 10926.100
13 88 9699.400
13 89 7317.400
13 90 8148.400
13 91 10653.800
13 92 9870.900
13 93 10987.900
13 94 1497.400
13 95 7933.300
13 96 8728.800
13 97 2510.800
13 98 8810.000
13 99 10086.900
13 100 7808.800
14 0 6032.400
14 1 2223.900
14 2 10859.000
14 3 11263.700
14 4 2530.300
14 5 7964.000
14 6 9316.600
14 7 4696.100
14 8 10880.200
14 9 8302.400
14 10 7898.900
14 11 8862.400
14 12 12742.000
14 13 10779.300
14 14 0.000
14 15 8439.300
14 16 9049.200
14 17 6585.000
14 18 4745.000
14 19 6729.400
14 20 9429.700
14 21 10545.200
14 22 3380.500
14 23 8278.400
14 24 8444.700
14 25 7415.300
14 26 9052.500
14 27 13059.500
14 28 4224.700
14 29 2746.200
14 30 13499.700
14 31 10555.700
14 32 10668.600
14 33 7469.700
14 34 5277.800
14 35 5713.800
14 36 7147.500
14 37 10185.500
14 38 7305.600
14 39 3732.000
14 40 3497.600
14 41 11646.400
14 42 2318.900
14 43 11987.000
14 44 15386.500
14 45 11734.500
14 46 2225.100
14 47 5922.800
14 48 11149.300
14 49 13736.300
14 50 12101.600
14 51 8892.900
14 52 11575.800
14 53 10363.500
14 54 11898.100
14 55 7073.100
14 56 4874.300
14 57 9893.300
14 58 8874.700
14 59 11997.100
14 60 9787.700
14 61 11728.000
14 62 8062.900
14 63 5646.200
14 64 8058.200
14 65 2828.400
14 66 8806.200
14 67 5713.700
14 68 5652.100
14 69 10895.400
14 70 4942.300
14 71 10278.400
14 72 10522.700
14 73 10074.800
14 74 4158.700
14 75 3366.600
14 76 6382.700
14 77 5830.800
14 78 10957.000
14 79 8982.300
14 80 3056.400
14 81 2679.900
14 82 9201.500
14 83 9810.200
14 84 7818.700
14 85 12417.700
14 86 4981.200
14 87 12936.300
14 88 10346.400
14 89 7217.800
14 90 4006.100
14 91 11300.800
14 92 14552.200
14 93 3319.200
14 94 11262.100
14 95 10890.300
14 96 3721.400
14 97 9965.100
14 98 6360.400
14 99 10733.900
14 100 4150.200
15 0 4700.400
15 1 8853.300
15 2 5672.000
15 3 5182.100
15 4 7833.800
15 5 1175.200
15 6 3121.700
15 7 6114.300
15 8 9913.100
15 9 9997.800
15 10 6181.800
15 11 1728.800
15 12 7656.900
15 13 9972.800
15 14 9402.600
15 15 0.000
15 16 8175.300
15 17 5672.800
15 18 5568.700
15 19 6965.400
15 20 4696.000
15 21 5358.100
15 22 10009.900
15 23 3308.900
15 24 1012.700
15 25 3833.900
15 26 3865.500
15 27 5228.700
15 28 6111.200
15 29 8113.100
15 30 7613.600
15 31 6283.700
15 32 5045.600
15 33 3656.000
15 34 8913.600
15 35 4239.100
15 36 6173.500
15 37 4870.500
15 38 3195.400
15 39 6740.900
15 40 6026.500
15 41 8498.200
15 42 6854.700
15 43 4752.300
15 44 6792.500
15 45 4242.200
15 46 9437.200
15 47 10663.100
15 48 9103.300
15 49 6112.400
15 50 3979.700
15 51 10727.700
15 52 7727.900
15 53 6486.000
15 54 7279.100
15 55 3689.600
15 56 4660.700
15 57 9887.800
15 58 3905.300
15 59 3558.700
15 60 10485.200
15 61 5996.800
15 62 1944.700
15 63 4795.400
15 64 3617.000
15 65 7579.800
15 66 3619.100
15 67 6544.100
15 68 6012.700
15 69 7441.100
15 70 10325.800
15 71 8753.600
15 72 5313.500
15 73 6226.800
15 74 9513.900
15 75 11484.800
15 76 3891.400
15 77 12425.600
15 78 5962.600
15 79 7265.200
15 80 9685.800
15 81 8764.500
15 82 2264.500
15 83 5962.300
15 84 4412.200
15 85 7352.400
15 86 7276.600
15 87 4814.500
15 88 4016.000
15 89 3110.700
15 90 8979.600
15 91 2862.500
15 92 6928.200
15 93 7669.700
15 94 10550.100
15 95 6271.300
15 96 7847.000
15 97 8248.000
15 98 3228.500
15 99 3156.100
15 100 6963.700
16 0 4946.700
16 1 5548.100
16 2 6505.700
16 3 8052.400
16 4 6937.000
16 5 7396.900
16 6 6638.600
16 7 6360.600
16 8 2880.000
16 9 2944.700
16 10 2519.300
16 11 8295.400
16 12 7559.900
16 13 2779.200
16 14 8248.400
16 15 7937.100
16 16 0.000
16 17 4615.000
16 18 5815.000
16 19 3367.100
16 20 4247.600
16 21 6651.800
16 22 5143.100
16 23 5258.700
16 24 7877.600
16 25 6470.500
16 26 6138.700
16 27 9346.500
16 28 6357.600
16 29 8293.000
16 30 8317.600
16 31 5373.600
16 32 7924.800
16 33 5523.500
16 34 3408.700
16 35 6073.900
16 36 5115.600
16 37 5003.400
16 38 7307.500
16 39 7288.300
16 40 7298.900
16 41 3646.300
16 42 8123.600
16 43 8879.500
16 44 10204.400
16 45 9538.000
16 46 9617.000
16 47 5385.900
16 48 3149.200
16 49 8554.200
16 50 9408.800
16 51 3032.200
16 52 3848.800
16 53 4822.300
16 54 6716.000
16 55 4927.400
16 56 7424.000
16 57 1901.500
16 58 4600.700
16 59 9304.300
16 60 3291.500
16 61 7265.900
16 62 7192.000
16 63 5041.800
16 64 4263.800
16 65 8852.200
16 66 6019.200
16 67 5486.300
16 68 6259.100
16 69 3101.800
16 70 4792.600
16 71 2484.800
16 72 5340.600
16 73 4892.700
16 74 4009.000
16 75 8619.800
16 76 6702.300
16 77 6927.400
16 78 5774.900
16 79 1530.200
16 80 6363.900
16 81 8944.300
16 82 6763.600
16 83 4214.400
16 84 3468.600
16 85 7235.500
16 86 3426.100
16 87 9841.200
16 88 7653.600
16 89 5271.600
16 90 5184.600
16 91 8608.100
16 92 9370.100
16 93 8942.100
16 94 3261.900
16 95 5708.200
16 96 5765.100
16 97 2108.700
16 98 6764.200
16 99 8041.100
16 100 4722.200
17 0 1407.900
17 1 6556.000
17 2 5370.700
17 3 5775.300
17 4 5536.500
17 5 5257.800
17 6 3983.300
17 7 2821.700
17 8 7060.900
17 9 5480.700
17 10 3329.500
17 11 6156.300
17 12 7713.000
17 13 7120.600
17 14 7105.300
17 15 5057.600
17 16 5323.100
17 17 0.000
17 18 2276.100
17 19 1975.400
17 20 4035.300
17 21 5056.800
17 22 4981.000
17 23 2770.100
17 24 5738.500
17 25 4331.400
17 26 3564.200
17 27 7726.100
17 28 2818.700
17 29 5815.900
17 30 7856.500
17 31 5987.400
17 32 5204.600
17 33 3384.300
17 34 4351.100
17 35 2946.000
17 36 840.300
17 37 4791.100
17 38 5168.400
17 39 3749.400
17 40 3760.000
17 41 7162.500
17 42 4584.700
17 43 6653.700
17 44 10818.200
17 45 6401.200
17 46 7139.900
17 47 4996.200
17 48 6665.400
17 49 9168.000
17 50 6768.200
17 51 6210.500
17 52 6790.200
17 53 5795.200
17 54 7329.800
17 55 1388.500
17 56 3885.100
17 57 7035.500
17 58 3366.400
17 59 6663.700
17 60 7105.300
17 61 6239.700
17 62 4106.200
17 63 1502.900
17 64 2373.600
17 65 5313.300
17 66 3389.200
17 67 871.300
17 68 2720.200
17 69 6326.100
17 70 4630.600
17 71 5709.100
17 72 5369.600
17 73 5506.500
17 74 3847.000
17 75 9187.500
17 76 3574.400
17 77 6765.300
17 78 6048.400
17 79 4413.000
17 80 7388.500
17 81 6467.200
17 82 3884.100
17 83 5024.600
17 84 2134.100
17 85 7408.500
17 86 1603.800
17 87 7603.000
17 88 5013.100
17 89 3132.500
17 90 5302.200
17 91 5967.500
17 92 9983.900
17 93 5403.200
17 94 7697.800
17 95 6322.000
17 96 4140.400
17 97 5395.800
17 98 4188.700
17 99 5400.500
17 100 3028.100
18 0 1287.500
18 1 4323.100
18 2 6058.600
18 3 6463.200
18 4 3089.000
18 5 4254.500
18 6 4516.100
18 7 1656.900
18 8 7945.000
18 9 8013.800
18 10 4213.700
18 11 5153.000
18 12 8043.400
18 13 8004.700
18 14 4975.200
18 15 4729.800
18 16 6207.200
18 17 3457.100
18 18 0.000
18 19 4919.800
18 20 4865.000
18 21 5744.700
18 22 5166.200
18 23 3477.900
18 24 4735.200
18 25 2969.200
18 26 4252.100
18 27 8259.000
18 28 542.600
18 29 3685.700
18 30 8544.400
18 31 6670.300
18 32 5868.100
18 33 2478.200
18 34 5635.800
18 35 1408.300
18 36 3957.700
18 37 5257.100
18 38 4165.100
18 39 1473.200
18 40 2597.600
18 41 8046.600
18 42 3607.700
18 43 7186.500
18 44 10196.800
18 45 6934.100
18 46 5009.700
18 47 5945.100
18 48 7549.500
18 49 8546.600
18 50 7301.100
18 51 9045.200
18 52 7674.300
18 53 6679.300
18 54 7665.700
18 55 2272.600
18 56 2722.600
18 57 7919.600
18 58 4074.300
18 59 7196.600
18 60 8517.100
18 61 6927.600
18 62 4120.500
18 63 845.900
18 64 3257.700
18 65 4150.800
18 66 4005.700
18 67 4265.600
18 68 907.100
18 69 7210.300
18 70 4841.300
18 71 6593.200
18 72 5700.100
18 73 6395.800
18 74 4516.700
18 75 6954.600
18 76 2036.700
18 77 6950.500
18 78 6349.200
18 79 5297.100
18 80 5155.600
18 81 4337.000
18 82 4123.700
18 83 5908.700
18 84 3018.200
18 85 7738.900
18 86 3533.100
18 87 8135.900
18 88 5416.000
18 89 2417.300
18 90 3495.000
18 91 6500.400
18 92 9362.500
18 93 4240.800
18 94 8582.000
18 95 6657.900
18 96 2333.300
18 97 6279.900
18 98 2651.000
18 99 5933.400
18 100 1395.000
19 0 3104.100
19 1 4597.200
19 2 5684.900
19 3 7224.600
19 4 6074.400
19 5 5988.700
19 6 5586.600
19 7 4518.000
19 8 6490.300
19 9 4489.300
19 10 2759.000
19 11 6887.200
19 12 7142.400
19 13 6550.000
19 14 6755.100
19 15 6603.500
19 16 2855.600
19 17 1974.800
19 18 3972.400
19 19 0.000
19 20 3464.800
19 21 5816.100
19 22 4192.100
19 23 4111.700
19 24 6469.400
19 25 5062.300
19 26 5086.700
19 27 9389.800
19 28 3853.300
19 29 5465.600
19 30 8360.800
19 31 5416.900
19 32 6782.600
19 33 4115.300
19 34 3562.300
19 35 4665.700
19 36 1134.500
19 37 4220.500
19 38 5899.300
19 39 4536.200
19 40 5456.300
19 41 6591.900
19 42 5387.600
19 43 8922.700
19 44 10247.600
19 45 7989.800
19 46 6789.700
19 47 4207.300
19 48 6094.800
19 49 8597.500
19 50 8356.800
19 51 5219.200
19 52 6219.600
19 53 5224.600
19 54 6759.200
19 55 3084.800
19 56 5581.400
19 57 6219.500
19 58 3453.600
19 59 8252.300
19 60 6113.900
19 61 6445.100
19 62 5783.800
19 63 3199.200
19 64 2855.700
19 65 5897.100
19 66 4967.300
19 67 1761.900
19 68 4416.500
19 69 5755.500
19 70 3841.700
19 71 5138.500
19 72 4799.100
19 73 4935.900
19 74 3058.100
19 75 7668.900
19 76 5294.200
19 77 5976.400
19 78 5477.800
19 79 3842.400
19 80 5413.000
19 81 6116.900
19 82 5847.000
19 83 4454.000
19 84 2060.400
19 85 6837.900
19 86 1704.800
19 87 9884.400
19 88 6601.700
19 89 3863.400
19 90 4233.700
19 91 7556.100
19 92 9413.300
19 93 7099.500
19 94 7127.300
19 95 5751.400
19 96 4113.200
19 97 4825.200
19 98 5356.000
19 99 6989.100
19 100 3000.800
20 0 4283.000
20 1 7981.000
20 2 2220.200
20 3 3759.900
20 4 8411.600
20 5 5644.100
20 6 2396.500
20 7 5696.900
20 8 6841.200
20 9 6925.900
20 10 3109.900
20 11 6429.600
20 12 3677.600
20 13 6900.900
20 14 9980.500
20 15 4882.900
20 16 5103.400
20 17 4652.100
20 18 5151.300
20 19 3713.100
20 20 0.000
20 21 2351.400
20 22 7576.000
20 23 1691.800
20 24 5713.500
20 25 5501.400
20 26 1961.900
20 27 5909.500
20 28 5693.800
20 29 8691.000
20 30 4693.200
20 31 1951.600
20 32 3632.300
20 33 4545.000
20 34 5841.600
20 35 5128.200
20 36 5152.700
20 37 755.800
20 38 6315.800
20 39 6624.500
20 40 6635.200
20 41 5240.900
20 42 7459.900
20 43 4185.500
20 44 6767.400
20 45 4457.800
20 46 10015.000
20 47 7591.200
20 48 5845.900
20 49 5117.200
20 50 5166.600
20 51 7655.700
20 52 4470.500
20 53 2070.900
20 54 3271.600
20 55 3272.200
20 56 6760.200
20 57 6815.800
20 58 1731.900
20 59 5062.200
20 60 7413.200
20 61 2980.300
20 62 4980.800
20 63 4378.000
20 64 2647.900
20 65 8188.400
20 66 1777.100
20 67 5523.400
20 68 5595.300
20 69 4183.800
20 70 7225.600
20 71 5496.300
20 72 1334.300
20 73 2969.500
20 74 6442.000
20 75 11801.100
20 76 5756.600
20 77 9346.600
20 78 2013.100
20 79 4193.300
20 80 8796.800
20 81 9342.300
20 82 2782.000
20 83 2704.900
20 84 2587.700
20 85 3373.100
20 86 6255.900
20 87 4905.000
20 88 3411.500
20 89 3566.400
20 90 7617.600
20 91 4365.900
20 92 5933.100
20 93 8278.400
20 94 7478.200
20 95 2263.700
20 96 7484.500
20 97 5176.100
20 98 5712.000
20 99 3798.900
20 100 6546.200
21 0 4609.200
21 1 8856.100
21 2 1349.800
21 3 2488.100
21 4 8737.900
21 5 5972.800
21 6 2725.100
21 7 6023.100
21 8 7716.300
21 9 7801.000
21 10 3985.000
21 11 6397.900
21 12 3471.900
21 13 7776.000
21 14 10306.700
21 15 5175.100
21 16 5978.500
21 17 5381.100
21 18 5477.500
21 19 4907.500
21 20 2293.800
21 21 0.000
21 22 8451.100
21 23 2280.200
21 24 5681.800
21 25 5830.000
21 26 942.100
21 27 3883.500
21 28 6020.100
21 29 9017.200
21 30 3765.600
21 31 2875.200
21 32 2612.500
21 33 4873.700
21 34 6716.700
21 35 5456.800
21 36 5881.700
21 37 685.600
21 38 6644.500
21 39 6950.700
21 40 6961.400
21 41 6266.700
21 42 7786.100
21 43 2913.700
21 44 5620.800
21 45 3186.000
21 46 10341.300
21 47 8466.300
21 48 6871.700
21 49 3970.600
21 50 4198.900
21 51 8530.800
21 52 5496.300
21 53 2945.900
21 54 3094.100
21 55 3598.400
21 56 7086.400
21 57 7690.900
21 58 2461.000
21 59 4094.400
21 60 8288.300
21 61 2148.800
21 62 5119.200
21 63 4704.300
21 64 3377.000
21 65 8514.700
21 66 2103.300
21 67 6252.400
21 68 5921.600
21 69 5209.600
21 70 8100.700
21 71 6364.500
21 72 1128.500
21 73 3995.300
21 74 7317.100
21 75 12676.200
21 76 6085.300
21 77 10221.700
21 78 1640.400
21 79 5068.400
21 80 9671.900
21 81 9668.500
21 82 3110.600
21 83 3730.700
21 84 3316.700
21 85 3167.400
21 86 6984.900
21 87 3633.200
21 88 2443.800
21 89 3892.700
21 90 8492.700
21 91 3398.200
21 92 4786.500
21 93 8604.600
21 94 8353.300
21 95 2086.300
21 96 7810.800
21 97 6051.200
21 98 6040.700
21 99 2831.200
21 100 6872.500
22 0 6445.300
22 1 907.400
22 2 9329.100
22 3 10875.700
22 4 3503.000
22 5 9429.500
22 6 9462.000
22 7 5109.000
22 8 7619.800
22 9 5943.700
22 10 5540.100
22 11 10328.000
22 12 10383.300
22 13 7518.900
22 14 4180.600
22 15 9904.800
22 16 6690.500
22 17 5159.500
22 18 5157.900
22 19 4370.700
22 20 7071.000
22 21 9475.200
22 22 0.000
22 23 8082.100
22 24 9910.200
22 25 8880.800
22 26 8962.100
22 27 12169.900
22 28 4637.600
22 29 4858.900
22 30 11141.000
22 31 8197.000
22 32 10748.100
22 33 8935.300
22 34 2919.000
22 35 7179.300
22 36 4788.800
22 37 7826.700
22 38 8771.200
22 39 4330.300
22 40 5553.300
22 41 8386.000
22 42 4431.700
22 43 11702.800
22 44 13027.800
22 45 12361.400
22 46 6183.000
22 47 1964.800
22 48 7888.900
22 49 11377.600
22 50 12232.200
22 51 5632.500
22 52 9217.100
22 53 8004.700
22 54 9539.400
22 55 8538.700
22 56 6339.900
22 57 6632.800
22 58 7424.100
22 59 12127.700
22 60 6527.300
22 61 10089.300
22 62 9528.500
22 63 7111.800
22 64 7087.200
22 65 4941.100
22 66 8842.600
22 67 4288.200
22 68 6065.000
22 69 8536.700
22 70 1182.100
22 71 7919.700
22 72 8164.000
22 73 7716.100
22 74 1799.900
22 75 4552.000
22 76 7848.200
22 77 4718.300
22 78 8598.300
22 79 6623.600
22 80 1723.200
22 81 5510.300
22 82 10667.000
22 83 7451.500
22 84 6292.000
22 85 10058.900
22 86 3555.700
22 87 12664.600
22 88 10477.000
22 89 8683.400
22 90 2214.100
22 91 11431.500
22 92 12193.500
22 93 7027.100
22 94 8001.600
22 95 8531.600
22 96 2794.500
22 97 7606.400
22 98 7826.000
22 99 10864.500
22 100 4563.100
23 0 2955.800
23 1 8104.000
23 2 3481.800
23 3 3636.800
23 4 7084.400
23 5 4573.100
23 6 1925.500
23 7 4369.700
23 8 6965.800
23 9 7050.500
23 10 3234.400
23 11 5344.800
23 12 4939.300
23 13 7025.500
23 14 8653.300
23 15 3811.800
23 16 5228.000
23 17 3878.000
23 18 3824.100
23 19 4018.100
23 20 1261.600
23 21 2918.200
23 22 7700.600
23 23 0.000
23 24 4628.700
23 25 4428.900
23 26 1425.600
23 27 5653.600
23 28 4366.600
23 29 7363.800
23 30 5718.000
23 31 3167.800
23 32 3121.500
23 33 3472.500
23 34 5966.200
23 35 4055.700
23 36 4378.700
23 37 2017.400
23 38 5244.800
23 39 5297.300
23 40 5308.000
23 41 5550.900
23 42 6132.700
23 43 4581.200
23 44 7983.600
23 45 4328.700
23 46 8687.800
23 47 7715.800
23 48 6155.900
23 49 6333.400
23 50 4695.700
23 51 7780.300
23 52 4780.500
23 53 3538.700
23 54 4487.700
23 55 1792.800
23 56 5433.000
23 57 6940.400
23 58 957.900
23 59 4591.200
23 60 7537.800
23 61 4101.100
23 62 3465.800
23 63 3050.800
23 64 1318.600
23 65 6861.200
23 66 1306.200
23 67 4749.400
23 68 4268.100
23 69 4493.800
23 70 7350.200
23 71 5806.300
23 72 2595.900
23 73 3279.500
23 74 6566.500
23 75 10735.400
23 76 4684.100
23 77 9478.200
23 78 3274.700
23 79 4317.900
23 80 8936.400
23 81 8015.100
23 82 2311.100
23 83 3014.900
23 84 1813.700
23 85 4634.700
23 86 5481.900
23 87 5530.500
23 88 2940.500
23 89 2239.200
23 90 7319.100
23 91 3895.000
23 92 7149.300
23 93 6951.200
23 94 7602.700
23 95 3479.900
23 96 6157.300
23 97 5300.700
23 98 4641.000
23 99 3328.000
23 100 5219.000
24 0 4879.100
24 1 7840.600
24 2 6361.800
24 3 5792.800
24 4 6821.100
24 5 950.200
24 6 4144.900
24 7 5405.300
24 8 10061.800
24 9 10130.600
24 10 6330.500
24 11 716.100
24 12 8317.000
24 13 10121.600
24 14 8389.900
24 15 1164.700
24 16 8324.000
24 17 5573.900
24 18 4876.500
24 19 7036.600
24 20 5842.800
24 21 6048.000
24 22 8997.200
24 23 4455.700
24 24 0.000
24 25 3112.600
24 26 4888.700
24 27 5839.400
24 28 5419.000
24 29 7100.400
24 30 8224.300
24 31 7306.900
24 32 5656.200
24 33 3277.100
24 34 9046.300
24 35 3823.400
24 36 6074.500
24 37 5893.800
24 38 2182.700
24 39 5728.200
24 40 5013.800
24 41 9645.000
24 42 5842.000
24 43 5362.900
24 44 7403.100
24 45 4852.900
24 46 8424.500
24 47 10416.900
24 48 9666.300
24 49 6723.000
24 50 4590.300
24 51 10860.400
24 52 8874.700
24 53 7426.200
24 54 7943.500
24 55 4389.500
24 56 3648.000
24 57 10036.500
24 58 5052.100
24 59 4169.400
24 60 10633.900
24 61 6607.400
24 62 2822.000
24 63 4500.100
24 64 4763.800
24 65 6567.100
24 66 4642.400
24 67 6445.200
24 68 5479.900
24 69 8587.900
24 70 9313.100
24 71 8710.100
24 72 6336.800
24 73 7373.600
24 74 8988.500
24 75 10472.000
24 76 3170.100
24 77 11422.400
24 78 6652.400
24 79 7413.900
24 80 8673.100
24 81 7751.800
24 82 3411.300
24 83 7109.100
24 84 5135.000
24 85 8012.500
24 86 7177.700
24 87 5425.100
24 88 4367.000
24 89 3801.200
24 90 7966.900
24 91 3473.100
24 92 7538.900
24 93 6657.000
24 94 10698.800
24 95 7294.500
24 96 6834.300
24 97 8396.700
24 98 2507.200
24 99 3766.800
24 100 6271.400
25 0 3339.600
25 1 6540.300
25 2 6305.900
25 3 6593.500
25 4 5520.800
25 5 1332.300
25 6 3755.600
25 7 3160.700
25 8 8522.300
25 9 8591.100
25 10 4791.000
25 11 2230.800
25 12 8290.800
25 13 8582.100
25 14 7089.700
25 15 1947.100
25 16 6784.500
25 17 4034.400
25 18 2631.900
25 19 5497.100
25 20 5309.100
25 21 5992.000
25 22 7696.900
25 23 3922.100
25 24 1813.000
25 25 0.000
25 26 4499.400
25 27 7175.800
25 28 3174.500
25 29 5800.200
25 30 8791.700
25 31 6917.600
25 32 6105.000
25 33 1737.600
25 34 7506.800
25 35 1578.900
25 36 4535.000
25 37 5504.400
25 38 1242.900
25 39 4427.900
25 40 3713.600
25 41 8624.000
25 42 4541.800
25 43 6176.400
25 44 9186.600
25 45 5923.900
25 46 7124.200
25 47 9116.600
25 48 8126.900
25 49 7536.500
25 50 5926.800
25 51 9320.900
25 52 8341.000
25 53 7256.700
25 54 7913.000
25 55 2850.000
25 56 2347.700
25 57 8497.000
25 58 4518.400
25 59 5505.800
25 60 9094.400
25 61 7174.900
25 62 1645.400
25 63 2255.500
25 64 3835.100
25 65 5266.800
25 66 4253.000
25 67 4905.700
25 68 3235.400
25 69 7787.600
25 70 8012.900
25 71 7170.600
25 72 5947.400
25 73 6839.900
25 74 7688.200
25 75 9171.800
25 76 1597.600
25 77 10122.100
25 78 6596.500
25 79 5874.500
25 80 7372.800
25 81 6451.500
25 82 3357.600
25 83 6575.400
25 84 3595.500
25 85 7986.200
25 86 5638.200
25 87 6761.600
25 88 4649.900
25 89 2261.700
25 90 6666.600
25 91 4809.600
25 92 8352.300
25 93 5356.800
25 94 9159.300
25 95 6905.200
25 96 5534.000
25 97 6857.200
25 98 934.700
25 99 4923.200
25 100 4026.900
26 0 3609.500
26 1 8757.700
26 2 1987.900
26 3 3181.900
26 4 7738.100
26 5 4973.000
26 6 1725.400
26 7 5023.400
26 8 7737.000
26 9 7821.700
26 10 4005.600
26 11 5758.500
26 12 3958.500
26 13 7796.700
26 14 9307.000
26 15 4211.800
26 16 5999.200
26 17 4670.800
26 18 4477.800
26 19 4928.100
26 20 1583.500
26 21 1674.100
26 22 8471.800
26 23 1569.900
26 24 5042.400
26 25 4830.300
26 26 0.000
26 27 4577.300
26 28 5020.300
26 29 8017.500
26 30 4459.500
26 31 2847.400
26 32 2492.400
26 33 3873.900
26 34 6737.400
26 35 4457.100
26 36 5171.400
26 37 1172.200
26 38 5644.800
26 39 5951.000
26 40 5961.700
26 41 6343.600
26 42 6786.400
26 43 3607.600
26 44 6314.700
26 45 3711.800
26 46 9341.500
26 47 8486.900
26 48 6948.700
26 49 4664.500
26 50 4078.800
26 51 8551.500
26 52 5573.300
26 53 2966.600
26 54 3580.800
26 55 2598.700
26 56 6086.700
26 57 7711.600
26 58 1750.700
26 59 3974.300
26 60 8309.000
26 61 2842.700
26 62 4309.800
26 63 3704.500
26 64 2666.700
26 65 7514.900
26 66 1103.600
26 67 5542.100
26 68 4921.800
26 69 5286.500
26 70 8121.300
26 71 6599.000
26 72 1615.200
26 73 4072.200
26 74 7337.700
26 75 11389.100
26 76 5085.500
26 77 10242.400
26 78 2278.600
26 79 5089.100
26 80 9590.100
26 81 8668.800
26 82 2110.900
26 83 3807.700
26 84 2606.400
26 85 3654.000
26 86 6274.600
26 87 4327.000
26 88 2323.600
26 89 2892.900
26 90 7972.800
26 91 3278.100
26 92 5480.400
26 93 7604.900
26 94 8373.900
26 95 2573.000
26 96 6811.000
26 97 6071.900
26 98 5041.000
26 99 2711.100
26 100 5872.800
27 0 7265.600
27 1 12719.500
27 2 3190.700
27 3 2396.900
27 4 11394.300
27 5 6749.300
27 6 4587.900
27 7 8679.500
27 8 11579.600
27 9 11664.300
27 10 7848.300
27 11 6515.100
27 12 4147.500
27 13 11639.300
27 14 12963.100
27 15 5292.300
27 16 9841.800
27 17 8238.100
27 18 8133.900
27 19 8770.800
27 20 5983.400
27 21 3689.600
27 22 12314.400
27 23 5871.200
27 24 5799.100
27 25 7687.000
27 26 4594.900
27 27 0.000
27 28 8676.500
27 29 11673.600
27 30 3595.400
27 31 6640.700
27 32 4285.700
27 33 6685.800
27 34 10580.100
27 35 7268.900
27 36 8738.700
27 37 4375.200
27 38 7981.800
27 39 9607.200
27 40 9617.800
27 41 10150.600
27 42 10442.500
27 43 1186.900
27 44 1883.700
27 45 1393.400
27 46 12997.700
27 47 12329.600
27 48 10755.600
27 49 1946.400
27 50 1372.600
27 51 12394.200
27 52 9380.200
27 53 6816.800
27 54 4401.100
27 55 6254.800
27 56 8494.600
27 57 11554.200
27 58 6150.600
27 59 2713.500
27 60 12151.700
27 61 2538.200
27 62 6350.400
27 63 7360.700
27 64 6182.300
27 65 11171.100
27 66 4759.700
27 67 9109.400
27 68 8578.000
27 69 9093.500
27 70 11964.000
27 71 10227.800
27 72 4250.700
27 73 7879.200
27 74 11180.400
27 75 16539.500
27 76 7744.400
27 77 14085.000
27 78 3804.400
27 79 8931.700
27 80 13535.200
27 81 12325.000
27 82 4922.800
27 83 7614.600
27 84 6977.500
27 85 4699.000
27 86 9841.900
27 87 893.600
27 88 2996.500
27 89 6140.500
27 90 12356.000
27 91 2739.400
27 92 2810.100
27 93 11261.000
27 94 12216.600
27 95 5309.200
27 96 10467.200
27 97 9914.500
27 98 7081.500
27 99 3006.800
27 100 9528.900
28 0 1830.100
28 1 3802.900
28 2 6601.100
28 3 7005.800
28 4 2568.800
28 5 4797.100
28 6 5058.700
28 7 1621.400
28 8 8487.600
28 9 8140.200
28 10 4756.300
28 11 5695.600
28 12 8586.000
28 13 8547.300
28 14 4454.900
28 15 5272.400
28 16 6749.800
28 17 3999.700
28 18 542.600
28 19 4590.000
28 20 5407.600
28 21 6287.300
28 22 4646.000
28 23 4020.500
28 24 5277.800
28 25 3511.800
28 26 4794.600
28 27 8801.600
28 28 0.000
28 29 3165.400
28 30 9087.000
28 31 7212.900
28 32 6410.700
28 33 3020.800
28 34 5115.500
28 35 1950.800
28 36 4500.300
28 37 5799.700
28 38 4707.700
28 39 953.000
28 40 3140.200
28 41 8589.200
28 42 3087.500
28 43 7729.100
28 44 10739.400
28 45 7476.700
28 46 4489.500
28 47 5424.800
28 48 8092.100
28 49 9089.200
28 50 7843.700
28 51 8525.000
28 52 8216.900
28 53 7221.900
28 54 8208.300
28 55 2815.200
28 56 3265.200
28 57 8462.200
28 58 4616.900
28 59 7739.200
28 60 9419.800
28 61 7470.100
28 62 4663.000
28 63 1388.400
28 64 3800.300
28 65 3596.900
28 66 4548.300
28 67 3745.300
28 68 1449.700
28 69 7752.800
28 70 4321.000
28 71 7135.800
28 72 6242.700
28 73 6938.400
28 74 3996.400
28 75 6434.300
28 76 2579.300
28 77 6430.300
28 78 6891.800
28 79 5839.700
28 80 4635.400
28 81 3816.800
28 82 4666.200
28 83 6451.300
28 84 3560.800
28 85 8281.500
28 86 3012.800
28 87 8678.400
28 88 5958.600
28 89 2959.900
28 90 2974.800
28 91 7042.900
28 92 9905.100
28 93 4783.400
28 94 9124.600
28 95 7200.400
28 96 1813.000
28 97 6822.500
28 98 3193.500
28 99 6476.000
28 100 852.400
29 0 4739.400
29 1 3302.300
29 2 9566.000
29 3 9970.700
29 4 2282.700
29 5 6671.000
29 6 8023.600
29 7 3403.100
29 8 10966.000
29 9 8593.900
29 10 7721.200
29 11 7569.400
29 12 11550.900
29 13 10865.100
29 14 2772.700
29 15 7146.300
29 16 9714.700
29 17 5292.000
29 18 3452.000
29 19 5265.400
29 20 8372.500
29 21 9252.200
29 22 4458.900
29 23 6985.400
29 24 7151.700
29 25 6122.300
29 26 7759.500
29 27 11766.500
29 28 2931.700
29 29 0.000
29 30 12051.900
29 31 10177.700
29 32 9375.600
29 33 6176.700
29 34 5569.300
29 35 4420.800
29 36 5048.100
29 37 8764.600
29 38 6012.600
29 39 2439.000
29 40 2119.700
29 41 11554.100
29 42 1025.900
29 43 10694.000
29 44 13704.200
29 45 10441.500
29 46 2351.000
29 47 5878.500
29 48 11057.000
29 49 12054.100
29 50 10808.600
29 51 8978.700
29 52 11181.800
29 53 10186.800
29 54 11173.200
29 55 5780.100
29 56 3581.300
29 57 9979.100
29 58 7581.700
29 59 10704.100
29 60 9873.500
29 61 10435.000
29 62 6769.900
29 63 4353.200
29 64 6765.200
29 65 1535.300
29 66 7513.200
29 67 4420.700
29 68 4359.100
29 69 10717.700
29 70 4774.800
29 71 10100.700
29 72 9207.600
29 73 9903.300
29 74 4450.200
29 75 5933.700
29 76 5089.700
29 77 7679.600
29 78 9856.600
29 79 8804.600
29 80 4134.700
29 81 1678.300
29 82 7908.500
29 83 9416.200
29 84 6525.700
29 85 11246.400
29 86 3688.200
29 87 11643.300
29 88 9053.400
29 89 5924.800
29 90 3428.500
29 91 10007.800
29 92 12869.900
29 93 3621.300
29 94 11347.900
29 95 10165.300
29 96 2428.400
29 97 9787.400
29 98 5067.400
29 99 9440.900
29 100 2857.200
30 0 7531.600
30 1 10749.400
30 2 2435.900
30 3 2746.600
30 4 11660.300
30 5 8944.800
30 6 6313.500
30 7 8945.500
30 8 9171.200
30 9 9694.200
30 10 5878.200
30 11 8710.600
30 12 2159.400
30 13 9626.400
30 14 14214.400
30 15 7487.800
30 16 7871.700
30 17 8048.600
30 18 8399.900
30 19 6800.700
30 20 5058.700
30 21 3310.400
30 22 10344.300
30 23 5545.700
30 24 7994.500
30 25 8752.500
30 26 4215.700
30 27 3517.900
30 28 8942.500
30 29 11939.600
30 30 0.000
30 31 4061.900
30 32 4879.500
30 33 7796.100
30 34 8610.000
30 35 8379.200
30 36 8549.200
30 37 3953.200
30 38 10177.300
30 39 9873.200
30 40 9883.800
30 41 7346.000
30 42 10708.500
30 43 3050.800
30 44 2801.300
30 45 3444.600
30 46 13263.700
30 47 10359.500
30 48 7951.000
30 49 2725.600
30 50 4333.200
30 51 10424.100
30 52 7096.600
30 53 4839.200
30 54 2412.900
30 55 6520.800
30 56 10008.900
30 57 9584.100
30 58 5130.600
30 59 5631.200
30 60 9934.700
30 61 1545.900
30 62 8041.700
30 63 7626.700
30 64 6501.800
30 65 11437.100
30 66 5025.700
30 67 8919.900
30 68 8844.000
30 69 6809.900
30 70 9993.900
30 71 8257.700
30 72 3055.900
30 73 5901.600
30 74 9210.300
30 75 14569.400
30 76 9007.700
30 77 12114.900
30 78 2764.100
30 79 6961.600
30 80 11565.200
30 81 12590.900
30 82 6033.100
30 83 5637.000
30 84 6258.500
30 85 2710.800
30 86 8627.400
30 87 3891.700
30 88 4722.100
30 89 6815.100
30 90 10385.900
30 91 4934.900
30 92 1967.000
30 93 11527.000
30 94 9808.200
30 95 3321.000
30 96 10966.300
30 97 7944.400
30 98 8963.100
30 99 4585.000
30 100 9794.900
31 0 7736.000
31 1 10246.100
31 2 3488.400
31 3 4641.300
31 4 11864.700
31 5 9097.100
31 6 5849.500
31 7 9149.900
31 8 6210.900
31 9 9093.700
31 10 5374.900
31 11 9882.600
31 12 2656.600
31 13 6666.100
31 14 13711.100
31 15 8335.900
31 16 7368.400
31 17 7545.300
31 18 8604.300
31 19 6297.400
31 20 4657.800
31 21 4550.800
31 22 9841.000
31 23 5144.800
31 24 9166.500
31 25 8954.400
31 26 5349.600
31 27 6293.200
31 28 9146.900
31 29 12144.000
31 30 4466.900
31 31 0.000
31 32 6119.900
31 33 7998.000
31 34 8106.700
31 35 8581.200
31 36 8045.900
31 37 4474.400
31 38 9768.800
31 39 10077.500
31 40 10088.200
31 41 4385.700
31 42 10912.900
31 43 5563.600
31 44 6062.100
31 45 5835.900
31 46 13468.100
31 47 9856.200
31 48 4990.700
31 49 5500.900
31 50 6724.500
31 51 8237.100
31 52 4811.200
31 53 4335.900
31 54 3664.400
31 55 6725.200
31 56 10213.200
31 57 7221.800
31 58 5184.900
31 59 8515.200
31 60 6974.400
31 61 4248.500
31 62 8433.900
31 63 7831.100
31 64 6101.000
31 65 11641.400
31 66 5230.100
31 67 8416.600
31 68 9048.300
31 69 5366.900
31 70 9490.600
31 71 5805.000
31 72 4121.500
31 73 5398.300
31 74 8707.000
31 75 14066.100
31 76 9209.600
31 77 11611.600
31 78 3285.000
31 79 6458.300
31 80 11061.900
31 81 12795.300
31 82 6235.000
31 83 5133.700
31 84 5802.900
31 85 1861.900
31 86 8124.100
31 87 6283.000
31 88 6864.500
31 89 7019.400
31 90 9882.600
31 91 7818.900
31 92 5227.800
31 93 11731.400
31 94 6847.900
31 95 1348.200
31 96 10463.000
31 97 6888.100
31 98 9165.100
31 99 7252.000
31 100 9999.300
32 0 4703.200
32 1 9851.400
32 2 2244.700
32 3 2849.300
32 4 8831.900
32 5 5467.900
32 6 2907.400
32 7 6117.100
32 8 9589.500
32 9 9674.200
32 10 5858.200
32 11 5233.700
32 12 4199.900
32 13 9649.200
32 14 10400.700
32 15 4010.900
32 16 7851.700
32 17 5675.700
32 18 5571.500
32 19 6780.700
32 20 3598.000
32 21 1930.800
32 22 11008.000
32 23 3308.800
32 24 4517.600
32 25 5961.800
32 26 2211.200
32 27 3504.600
32 28 6114.100
32 29 9111.300
32 30 4242.000
32 31 4861.900
32 32 0.000
32 33 5005.400
32 34 8590.000
32 35 5588.500
32 36 6176.300
32 37 2558.800
32 38 6700.300
32 39 7044.800
32 40 7055.400
32 41 8139.900
32 42 7880.100
32 43 2432.100
32 44 5442.300
32 45 2179.600
32 46 10435.300
32 47 10339.500
32 48 8745.000
32 49 3792.200
32 50 2546.700
32 51 10404.100
32 52 7369.600
32 53 4819.200
32 54 3826.400
32 55 3692.500
32 56 7180.500
32 57 9564.100
32 58 3765.200
32 59 2442.200
32 60 10161.600
32 61 2625.200
32 62 5441.200
32 63 4798.300
32 64 3619.900
32 65 8608.700
32 66 2197.300
32 67 6547.000
32 68 6015.600
32 69 7082.800
32 70 9973.900
32 71 8237.800
32 72 2491.900
32 73 5868.500
32 74 9190.300
32 75 12482.900
32 76 6217.000
32 77 12094.900
32 78 2535.300
32 79 6941.600
32 80 10683.900
32 81 9762.600
32 82 3242.300
32 83 5604.000
32 84 4415.100
32 85 3895.300
32 86 7279.500
32 87 3381.400
32 88 1316.000
32 89 3986.700
32 90 9066.600
32 91 1745.900
32 92 4608.000
32 93 8698.600
32 94 10226.500
32 95 3959.500
32 96 7904.800
32 97 7924.400
32 98 6172.400
32 99 1179.000
32 100 6966.500
33 0 1601.900
33 1 6750.100
33 2 4877.300
33 3 5282.000
33 4 5730.600
33 5 2719.700
33 6 2873.400
33 7 3015.800
33 8 6784.700
33 9 6853.400
33 10 3053.400
33 11 3618.200
33 12 6862.200
33 13 6844.400
33 14 7299.400
33 15 3358.200
33 16 5046.900
33 17 2296.800
33 18 2470.200
33 19 3759.500
33 20 3683.800
33 21 4563.500
33 22 7906.700
33 23 2296.700
33 24 3200.400
33 25 1793.300
33 26 3070.800
33 27 6860.700
33 28 3012.800
33 29 6009.900
33 30 7363.200
33 31 5489.000
33 32 4686.900
33 33 0.000
33 34 5769.200
33 35 1396.700
33 36 2797.400
33 37 4075.900
33 38 2630.300
33 39 3943.400
33 40 3954.100
33 41 6886.300
33 42 4778.800
33 43 5788.200
33 44 8798.500
33 45 5535.700
33 46 7334.000
33 47 7518.700
33 48 6389.200
33 49 7148.300
33 50 5902.800
33 51 7583.300
33 52 6514.000
33 53 5519.000
33 54 6484.500
33 55 1112.300
33 56 2617.100
33 57 6759.300
33 58 2893.000
33 59 5692.300
33 60 7356.700
33 61 5746.300
33 62 2472.200
33 63 1697.000
33 64 2097.400
33 65 5507.400
33 66 2824.500
33 67 3168.100
33 68 2914.300
33 69 6049.900
33 70 7153.100
33 71 5432.900
33 72 4518.900
33 73 5214.600
33 74 6369.500
33 75 9381.500
33 76 2025.200
33 77 9281.200
33 78 5167.900
33 79 4136.800
33 80 7582.600
33 81 6661.200
33 82 2475.400
33 83 4748.400
33 84 1857.900
33 85 6557.700
33 86 3900.600
33 87 6737.500
33 88 3767.700
33 89 551.800
33 90 5965.200
33 91 4996.000
33 92 7964.100
33 93 5597.300
33 94 7421.700
33 95 5476.600
33 96 4803.500
33 97 5119.600
33 98 2087.000
33 99 4535.100
33 100 3865.200
34 0 5888.100
34 1 2834.200
34 2 7447.100
34 3 8993.700
34 4 4223.100
34 5 8338.300
34 6 7580.000
34 7 5365.600
34 8 5752.400
34 9 3035.300
34 10 3658.100
34 11 9236.800
34 12 8501.300
34 13 5651.500
34 14 5534.400
34 15 8878.500
34 16 3494.300
34 17 4535.600
34 18 5414.500
34 19 3011.900
34 20 5189.000
34 21 7593.200
34 22 2429.100
34 23 6200.100
34 24 8819.000
34 25 7411.900
34 26 7080.100
34 27 10287.900
34 28 4894.200
34 29 5579.000
34 30 9259.000
34 31 6315.000
34 32 8866.100
34 33 6464.800
34 34 0.000
34 35 6822.700
34 36 3430.000
34 37 5944.700
34 38 8248.900
34 39 4586.900
34 40 6273.400
34 41 6518.600
34 42 5151.800
34 43 9820.800
34 44 11145.800
34 45 10479.400
34 46 6903.100
34 47 1529.900
34 48 6021.500
34 49 9495.600
34 50 10350.200
34 51 3765.100
34 52 7706.200
34 53 6122.700
34 54 7657.400
34 55 5868.800
34 56 7059.900
34 57 4765.500
34 58 5542.100
34 59 10245.700
34 60 4659.900
34 61 8207.300
34 62 8133.300
34 63 5983.200
34 64 5205.200
34 65 5661.200
34 66 6960.600
34 67 3664.300
34 68 6321.600
34 69 6872.600
34 70 1234.100
34 71 6283.500
34 72 6282.000
34 73 5834.000
34 74 1295.100
34 75 5905.900
34 76 7451.200
34 77 4213.400
34 78 6716.300
34 79 4741.600
34 80 3649.900
34 81 6230.300
34 82 7705.000
34 83 5569.500
34 84 4410.000
34 85 8176.900
34 86 2931.800
34 87 10782.500
34 88 8595.000
34 89 6213.000
34 90 2470.700
34 91 9549.500
34 92 10311.500
34 93 7747.200
34 94 6134.300
34 95 6649.500
34 96 3051.100
34 97 6451.600
34 98 8546.000
34 99 8982.500
34 100 4819.700
35 0 2211.300
35 1 5413.000
35 2 5992.500
35 3 6774.200
35 4 4393.500
35 5 2993.200
35 6 3442.200
35 7 1968.400
35 8 8183.500
35 9 8252.200
35 10 4452.100
35 11 3891.700
35 12 7977.400
35 13 8243.200
35 14 5962.300
35 15 3468.500
35 16 6445.700
35 17 3695.500
35 18 1439.600
35 19 5158.300
35 20 4995.800
35 21 5678.700
35 22 6569.600
35 23 3608.700
35 24 3473.900
35 25 1895.000
35 26 4186.000
35 27 7429.500
35 28 1982.200
35 29 4672.800
35 30 8478.400
35 31 6604.200
35 32 5791.600
35 33 1398.800
35 34 7075.400
35 35 0.000
35 36 4196.200
35 37 5191.100
35 38 2903.800
35 39 2912.800
35 40 2586.200
35 41 8285.100
35 42 3414.400
35 43 6357.100
35 44 9367.300
35 45 6104.600
35 46 5996.900
35 47 7384.600
35 48 7788.000
35 49 7717.100
35 50 6471.600
35 51 8982.100
35 52 8027.600
35 53 6917.800
35 54 7599.600
35 55 2511.100
35 56 1220.400
35 57 8158.100
35 58 4205.000
35 59 6261.100
35 60 8755.500
35 61 6861.500
35 62 3041.100
35 63 1063.200
35 64 3496.200
35 65 4139.500
35 66 3939.700
35 67 4566.800
35 68 2043.100
35 69 7448.700
35 70 6280.900
35 71 6831.700
35 72 5634.100
35 73 6526.600
35 74 5956.300
35 75 8044.400
35 76 775.400
35 77 8390.100
35 78 6283.100
35 79 5535.600
35 80 6245.500
35 81 5324.100
35 82 3044.200
35 83 6262.100
35 84 3256.700
35 85 7672.900
35 86 4972.700
35 87 7306.400
35 88 4336.600
35 89 1922.800
35 90 4934.600
35 91 5564.800
35 92 8533.000
35 93 4229.400
35 94 8820.400
35 95 6591.800
35 96 3772.900
35 97 6518.400
35 98 1389.600
35 99 5103.900
35 100 2834.600
36 0 1983.600
36 1 5003.400
36 2 5946.400
36 3 6351.000
36 4 6112.200
36 5 5833.500
36 6 4559.000
36 7 3397.400
36 8 7636.600
36 9 4895.600
36 10 3905.200
36 11 6732.000
36 12 8288.700
36 13 7696.300
36 14 6538.500
36 15 5633.300
36 16 4567.100
36 17 840.300
36 18 2851.800
36 19 1135.100
36 20 4611.000
36 21 5632.500
36 22 4598.400
36 23 3345.800
36 24 6314.200
36 25 4907.100
36 26 4139.900
36 27 8301.800
36 28 3394.400
36 29 5249.000
36 30 8432.200
36 31 6073.600
36 32 5780.300
36 33 3960.000
36 34 3968.500
36 35 3521.700
36 36 0.000
36 37 5366.800
36 38 5744.100
36 39 4325.100
36 40 4335.700
36 41 7738.200
36 42 5160.400
36 43 7229.400
36 44 10904.400
36 45 6976.900
36 46 6573.000
36 47 4613.600
36 48 7241.100
36 49 9254.200
36 50 7343.900
36 51 5625.400
36 52 7365.900
36 53 5881.300
36 54 7416.000
36 55 1964.200
36 56 4460.800
36 57 6625.700
36 58 3942.100
36 59 7239.400
36 60 6520.200
36 61 6815.400
36 62 4681.900
36 63 2078.600
36 64 2949.300
36 65 5889.000
36 66 3964.900
36 67 627.400
36 68 3295.900
36 69 6901.800
36 70 4248.000
36 71 6284.800
36 72 5945.300
36 73 5592.600
36 74 3464.300
36 75 8517.900
36 76 4150.100
36 77 6382.700
36 78 6624.100
36 79 4988.700
36 80 5819.200
36 81 5900.300
36 82 4459.800
36 83 5600.300
36 84 2709.800
36 85 7984.200
36 86 1359.900
36 87 8178.700
36 88 5588.800
36 89 3708.200
36 90 5058.300
36 91 6543.200
36 92 10070.100
36 93 5978.900
36 94 8273.500
36 95 6408.100
36 96 3896.600
36 97 5971.500
36 98 4764.400
36 99 5976.200
36 100 2784.200
37 0 4836.600
37 1 8588.200
37 2 1746.500
37 3 2967.600
37 4 8965.300
37 5 6200.200
37 6 2952.500
37 7 6250.500
37 8 7448.400
37 9 7533.100
37 10 3717.000
37 11 6625.300
37 12 3204.000
37 13 7508.100
37 14 12053.300
37 15 5402.500
37 16 5710.600
37 17 4968.600
37 18 5704.900
37 19 4234.900
37 20 1704.400
37 21 1515.400
37 22 8183.200
37 23 2191.500
37 24 5909.200
37 25 6057.500
37 26 1169.600
37 27 4363.000
37 28 6247.500
37 29 9244.600
37 30 4219.500
37 31 2371.200
37 32 2840.000
37 33 5101.100
37 34 6448.800
37 35 5684.200
37 36 5469.200
37 37 0.000
37 38 6871.900
37 39 7178.200
37 40 7188.800
37 41 5762.700
37 42 8013.500
37 43 3393.200
37 44 6074.600
37 45 3665.500
37 46 10568.700
37 47 8198.400
37 48 6367.700
37 49 4424.500
37 50 4426.400
37 51 8262.900
37 52 4992.300
37 53 2678.000
37 54 2830.500
37 55 3825.800
37 56 7313.900
37 57 7423.000
37 58 1776.400
37 59 4321.900
37 60 8020.400
37 61 2506.700
37 62 5346.700
37 63 4931.700
37 64 3147.600
37 65 8742.100
37 66 2330.700
37 67 5839.900
37 68 6149.000
37 69 4705.600
37 70 7832.800
37 71 6018.100
37 72 860.600
37 73 3491.300
37 74 7049.100
37 75 12408.200
37 76 6312.700
37 77 9953.800
37 78 1539.400
37 79 4800.500
37 80 9404.000
37 81 9896.000
37 82 3338.100
37 83 3226.800
37 84 2904.300
37 85 2899.400
37 86 6572.400
37 87 4112.700
37 88 2671.200
37 89 4120.100
37 90 8224.700
37 91 3625.600
37 92 5240.300
37 93 8832.000
37 94 8085.300
37 95 1818.400
37 96 8038.200
37 97 5783.300
37 98 6268.100
37 99 3058.700
37 100 7099.900
38 0 4181.800
38 1 6164.400
38 2 7148.100
38 3 7072.900
38 4 5144.900
38 5 1895.900
38 6 4597.800
38 7 3795.400
38 8 9364.600
38 9 9433.400
38 10 5633.300
38 11 2794.400
38 12 9133.000
38 13 9424.300
38 14 6713.700
38 15 2426.500
38 16 7626.800
38 17 4876.700
38 18 4101.400
38 19 6339.400
38 20 6151.400
38 21 6834.300
38 22 7321.000
38 23 4764.300
38 24 2376.600
38 25 2415.400
38 26 5341.600
38 27 7655.200
38 28 4644.000
38 29 5424.200
38 30 9634.000
38 31 7759.900
38 32 6947.300
38 33 2579.900
38 34 8431.400
38 35 3048.400
38 36 5377.300
38 37 6346.700
38 38 0.000
38 39 4051.900
38 40 3337.600
38 41 9466.200
38 42 4165.800
38 43 6655.800
38 44 9666.000
38 45 6403.300
38 46 6748.300
38 47 8740.700
38 48 8969.100
38 49 8015.900
38 50 6406.200
38 51 10163.200
38 52 9183.300
38 53 8098.900
38 54 8755.300
38 55 3692.200
38 56 1971.800
38 57 9339.200
38 58 5360.600
38 59 5985.200
38 60 9936.600
38 61 8017.100
38 62 2124.800
38 63 3725.000
38 64 4677.300
38 65 4890.900
38 66 5095.300
38 67 5748.000
38 68 4704.900
38 69 8629.800
38 70 7636.900
38 71 8012.800
38 72 6789.700
38 73 7682.200
38 74 7312.300
38 75 8795.800
38 76 2472.800
38 77 9746.200
38 78 7438.800
38 79 6716.700
38 80 6996.900
38 81 6075.500
38 82 4199.900
38 83 7417.700
38 84 4437.800
38 85 8828.500
38 86 6417.800
38 87 7241.000
38 88 5492.200
38 89 3104.000
38 90 6290.700
38 91 5289.000
38 92 8831.700
38 93 4980.800
38 94 10001.600
38 95 7747.400
38 96 5158.000
38 97 7699.500
38 98 1810.000
38 99 5402.700
38 100 5586.900
39 0 2760.700
39 1 2635.300
39 2 7531.800
39 3 7936.500
39 4 1615.800
39 5 5932.400
39 6 5989.400
39 7 1383.500
39 8 9418.300
39 9 7926.900
39 10 5686.900
39 11 6830.900
39 12 9516.700
39 13 10198.100
39 14 3184.600
39 15 6407.800
39 16 7680.500
39 17 4339.900
39 18 1473.200
39 19 4313.200
39 20 6338.300
39 21 7217.900
39 22 3791.900
39 23 4951.200
39 24 6413.100
39 25 4442.500
39 26 5725.300
39 27 9732.300
39 28 953.000
39 29 1895.100
39 30 10017.700
39 31 8143.500
39 32 7341.400
39 33 3951.400
39 34 4902.300
39 35 2881.500
39 36 4096.000
39 37 6730.400
39 38 5274.100
39 39 0.000
39 40 2056.200
39 41 9519.900
39 42 1817.100
39 43 8659.800
39 44 11670.000
39 45 8407.300
39 46 3219.200
39 47 5211.600
39 48 9022.800
39 49 10019.900
39 50 8774.300
39 51 8311.800
39 52 9147.500
39 53 8152.600
39 54 9138.900
39 55 3745.900
39 56 2842.800
39 57 9312.100
39 58 5547.500
39 59 8669.800
39 60 9206.500
39 61 8400.800
39 62 5593.700
39 63 2319.100
39 64 4731.000
39 65 2326.600
39 66 5478.900
39 67 3468.600
39 68 2380.400
39 69 8683.500
39 70 4107.800
39 71 8066.500
39 72 7173.300
39 73 7869.100
39 74 3783.200
39 75 5266.700
39 76 3509.900
39 77 6217.100
39 78 7822.400
39 79 6770.400
39 80 3467.800
39 81 2546.400
39 82 5596.900
39 83 7382.000
39 84 4491.500
39 85 9212.200
39 86 2736.100
39 87 9609.100
39 88 6889.200
39 89 3890.600
39 90 2761.600
39 91 7973.600
39 92 10835.700
39 93 4297.500
39 94 10055.200
39 95 8131.100
39 96 1536.300
39 97 7753.200
39 98 4328.900
39 99 7406.600
39 100 1655.500
40 0 4238.300
40 1 3488.600
40 2 7513.700
40 3 7918.400
40 4 2469.100
40 5 4597.200
40 6 5971.300
40 7 2039.300
40 8 9400.200
40 9 8780.200
40 10 5668.800
40 11 5495.700
40 12 9498.600
40 13 9459.900
40 14 3497.600
40 15 5072.500
40 16 7662.400
40 17 4912.200
40 18 3074.100
40 19 5319.200
40 20 6320.100
40 21 7199.800
40 22 4645.200
40 23 4933.100
40 24 5077.900
40 25 4048.500
40 26 5707.200
40 27 9714.200
40 28 2985.600
40 29 2208.100
40 30 9999.600
40 31 8125.400
40 32 7323.300
40 33 4124.400
40 34 5755.600
40 35 2368.400
40 36 5412.800
40 37 6712.200
40 38 3938.900
40 39 1376.100
40 40 0.000
40 41 9501.800
40 42 1093.800
40 43 8641.700
40 44 11651.900
40 45 8389.200
40 46 3532.200
40 47 6064.900
40 48 9004.700
40 49 10001.700
40 50 8756.200
40 51 9165.000
40 52 9129.400
40 53 8134.500
40 54 9120.800
40 55 3727.800
40 56 1507.600
40 57 9374.800
40 58 5529.400
40 59 8651.700
40 60 10059.800
40 61 8382.700
40 62 4696.200
40 63 2300.900
40 64 4712.900
40 65 1380.300
40 66 5460.800
40 67 4474.500
40 68 3518.100
40 69 8665.400
40 70 4961.100
40 71 8048.400
40 72 7155.200
40 73 7851.000
40 74 4636.500
40 75 6120.000
40 76 2871.300
40 77 7070.300
40 78 7804.300
40 79 6752.300
40 80 4321.100
40 81 2859.400
40 82 5856.100
40 83 7363.900
40 84 4473.400
40 85 9194.100
40 86 3742.000
40 87 9591.000
40 88 7001.100
40 89 3872.500
40 90 3614.800
40 91 7955.500
40 92 10817.600
40 93 2113.900
40 94 10037.100
40 95 8113.000
40 96 2482.200
40 97 7735.100
40 98 2993.700
40 99 7388.500
40 100 2911.100
41 0 6984.100
41 1 9230.000
41 2 6373.700
41 3 7526.700
41 4 10618.900
41 5 9434.300
41 6 8275.800
41 7 8398.000
41 8 1825.200
41 9 4708.000
41 10 4556.700
41 11 10332.800
41 12 5542.000
41 13 2280.400
41 14 11930.200
41 15 8720.100
41 16 3481.100
41 17 6652.400
41 18 7852.400
41 19 5404.500
41 20 5030.600
41 21 7436.100
41 22 8824.900
41 23 6041.700
41 24 9536.900
41 25 8507.900
41 26 7775.900
41 27 9178.500
41 28 8395.000
41 29 11392.200
41 30 7352.300
41 31 6286.600
41 32 8662.800
41 33 7560.900
41 34 6345.700
41 35 8111.300
41 36 7153.000
41 37 5786.300
41 38 9344.900
41 39 9325.700
41 40 9336.300
41 41 0.000
41 42 10161.000
41 43 8449.000
41 44 8947.500
41 45 8721.300
41 46 12716.200
41 47 6205.100
41 48 605.000
41 49 8386.300
41 50 9609.900
41 51 3851.400
41 52 1578.600
41 53 4838.200
41 54 6549.800
41 55 6701.000
41 56 9461.400
41 57 2836.100
41 58 5383.600
41 59 10941.500
41 60 2588.700
41 61 7133.900
41 62 8374.000
41 63 7079.200
41 64 6226.800
41 65 10889.600
41 66 7656.400
41 67 7523.700
41 68 8296.500
41 69 2134.200
41 70 7360.500
41 71 2572.400
41 72 6364.800
41 73 4451.900
41 74 7690.900
41 75 12301.700
41 76 8739.800
41 77 10705.300
41 78 6170.400
41 79 3567.600
41 80 10045.700
41 81 12043.500
41 82 7546.600
41 83 2917.200
41 84 5506.000
41 85 4747.300
41 86 7230.800
41 87 9168.400
41 88 9290.800
41 89 7309.000
41 90 8866.500
41 91 10245.200
41 92 8113.200
41 93 10979.500
41 94 2462.200
41 95 6175.500
41 96 9446.900
41 97 2502.400
41 98 8801.600
41 99 9678.300
41 100 9247.400
42 0 4189.800
42 1 2752.600
42 2 8348.600
42 3 8753.300
42 4 1733.100
42 5 5453.500
42 6 6806.200
42 7 2853.400
42 8 10416.300
42 9 8044.200
42 10 6503.700
42 11 6352.000
42 12 10333.500
42 13 10315.400
42 14 3174.700
42 15 5928.800
42 16 8497.300
42 17 4742.300
42 18 2902.300
42 19 4715.700
42 20 7155.000
42 21 8034.700
42 22 3909.200
42 23 5768.000
42 24 5934.200
42 25 4904.800
42 26 6542.100
42 27 10549.100
42 28 2382.000
42 29 1885.200
42 30 10834.500
42 31 8960.300
42 32 8158.200
42 33 4959.300
42 34 5019.600
42 35 3203.300
42 36 4498.400
42 37 7547.100
42 38 4795.200
42 39 1889.300
42 40 1093.800
42 41 10336.700
42 42 0.000
42 43 9476.600
42 44 12486.800
42 45 9224.100
42 46 3209.300
42 47 5328.900
42 48 9839.600
42 49 10836.600
42 50 9591.100
42 51 8429.100
42 52 9964.300
42 53 8969.400
42 54 9955.700
42 55 4562.700
42 56 2363.900
42 57 9429.400
42 58 6364.300
42 59 9486.600
42 60 9323.800
42 61 9217.600
42 62 5552.500
42 63 3135.800
42 64 5547.800
42 65 1449.300
42 66 6295.700
42 67 3871.000
42 68 3809.400
42 69 9500.300
42 70 4225.100
42 71 8883.300
42 72 7990.100
42 73 8685.900
42 74 3900.500
42 75 5384.000
42 76 3872.200
42 77 6334.400
42 78 8639.200
42 79 7587.200
42 80 3585.100
42 81 2536.600
42 82 6691.000
42 83 8198.800
42 84 5308.300
42 85 10029.000
42 86 3138.500
42 87 10425.900
42 88 7836.000
42 89 4707.400
42 90 2878.800
42 91 8790.400
42 92 11652.500
42 93 3207.600
42 94 10798.200
42 95 8947.900
42 96 1878.700
42 97 8570.000
42 98 3850.000
42 99 8223.400
42 100 2307.500
43 0 6216.700
43 1 11364.900
43 2 2003.800
43 3 1210.000
43 4 10345.300
43 5 6158.700
43 6 3538.900
43 7 7630.600
43 8 10156.100
43 9 11115.400
43 10 7299.300
43 11 5924.600
43 12 3501.700
43 13 11090.400
43 14 11914.200
43 15 4701.800
43 16 9292.900
43 17 7189.100
43 18 7085.000
43 19 8221.800
43 20 4796.500
43 21 2502.700
43 22 11765.500
43 23 4822.200
43 24 5208.500
43 25 6593.200
43 26 3408.000
43 27 1212.000
43 28 7627.600
43 29 10624.700
43 30 2968.100
43 31 4812.300
43 32 3236.700
43 33 5636.800
43 34 10031.100
43 35 6220.000
43 36 7689.800
43 37 3188.300
43 38 7391.200
43 39 8558.200
43 40 8568.900
43 41 8330.900
43 42 9393.600
43 43 0.000
43 44 3095.500
43 45 658.500
43 46 11948.700
43 47 11780.700
43 48 8935.900
43 49 1445.300
43 50 1547.100
43 51 11845.200
43 52 7999.000
43 53 5448.700
43 54 3400.300
43 55 5205.900
43 56 7440.400
43 57 11005.300
43 58 4963.700
43 59 2845.100
43 60 11602.700
43 61 1351.200
43 62 6072.700
43 63 6311.800
43 64 5133.300
43 65 10122.100
43 66 3710.800
43 67 8060.400
43 68 7529.000
43 69 7712.300
43 70 11415.100
43 71 9678.900
43 72 3063.800
43 73 6498.000
43 74 10631.400
43 75 13996.300
43 76 6848.400
43 77 13536.100
43 78 2617.500
43 79 8382.800
43 80 12197.300
43 81 11276.000
43 82 3873.800
43 83 6233.500
43 84 5928.600
43 85 3502.700
43 86 8792.900
43 87 961.700
43 88 1947.500
43 89 5091.500
43 90 10580.000
43 91 2148.800
43 92 2261.200
43 93 10212.100
43 94 10793.100
43 95 4071.400
43 96 9418.200
43 97 9365.600
43 98 6803.900
43 99 1810.400
43 100 8480.000
44 0 8429.200
44 1 12320.500
44 2 4193.000
44 3 3399.200
44 4 12557.800
44 5 8371.200
44 6 5751.400
44 7 9843.000
44 8 11180.600
44 9 11265.300
44 10 7449.300
44 11 8137.000
44 12 3748.600
44 13 11240.300
44 14 15785.500
44 15 6914.200
44 16 9442.800
44 17 9619.700
44 18 9297.400
44 19 8371.800
44 20 6700.700
44 21 4691.900
44 22 11915.400
44 23 7187.700
44 24 7421.000
44 25 8805.700
44 26 5597.200
44 27 2339.700
44 28 9840.000
44 29 12837.200
44 30 3220.800
44 31 6241.700
44 32 5449.200
44 33 7849.300
44 34 10181.100
44 35 8432.500
44 36 10120.300
44 37 5542.400
44 38 9603.700
44 39 10770.700
44 40 10781.300
44 41 8737.900
44 42 11606.000
44 43 2212.500
44 44 0.000
44 45 2871.000
44 46 14161.200
44 47 11930.600
44 48 9342.900
44 49 1547.500
44 50 3392.400
44 51 11995.200
44 52 8981.200
44 53 6417.800
44 54 4002.100
44 55 7418.400
44 56 9652.900
44 57 11155.200
44 58 7227.800
44 59 5057.600
44 60 11752.700
44 61 3543.400
44 62 8285.100
44 63 8524.200
44 64 7345.800
44 65 12334.600
44 66 5923.200
44 67 10491.000
44 68 9741.500
44 69 8694.500
44 70 11565.000
44 71 9828.800
44 72 4645.100
44 73 7480.200
44 74 10781.400
44 75 16140.500
44 76 9060.900
44 77 13686.000
44 78 4353.300
44 79 8532.700
44 80 13136.300
44 81 13488.500
44 82 6086.300
44 83 7215.700
44 84 8473.300
44 85 4300.000
44 86 10198.500
44 87 2913.400
44 88 4160.000
44 89 7304.000
44 90 11957.000
44 91 4361.300
44 92 979.000
44 93 12424.500
44 94 11817.600
44 95 4910.200
44 96 12537.400
44 97 9515.500
44 98 9016.300
44 99 4022.900
44 100 10692.400
45 0 6210.700
45 1 11358.800
45 2 2632.800
45 3 1278.300
45 4 10339.300
45 5 5500.200
45 6 3532.900
45 7 7624.500
45 8 11793.900
45 9 11878.600
45 10 8062.600
45 11 5266.000
45 12 4243.500
45 13 11853.600
45 14 11908.200
45 15 4043.200
45 16 10056.100
45 17 7183.100
45 18 7078.900
45 19 8985.100
45 20 5105.500
45 21 3244.500
45 22 12528.700
45 23 4816.200
45 24 4549.900
45 25 6437.900
45 26 3863.700
45 27 1324.900
45 28 7621.500
45 29 10618.700
45 30 3709.900
45 31 5441.300
45 32 3230.700
45 33 5630.800
45 34 10794.400
45 35 6214.000
45 36 7683.700
45 37 4211.200
45 38 6732.700
45 39 8552.200
45 40 8562.900
45 41 8959.900
45 42 9387.600
45 43 848.500
45 44 2888.700
45 45 0.000
45 46 11942.700
45 47 12543.900
45 48 9564.900
45 49 2208.600
45 50 888.600
45 51 12608.500
45 52 9594.500
45 53 7031.100
45 54 4029.300
45 55 5199.900
45 56 7245.500
45 57 11768.500
45 58 5272.600
45 59 2186.600
45 60 12366.000
45 61 2093.000
45 62 5101.200
45 63 6305.700
45 64 5127.300
45 65 10116.100
45 66 3704.800
45 67 8054.400
45 68 7523.000
45 69 9307.800
45 70 12178.300
45 71 10442.100
45 72 3691.900
45 73 8093.500
45 74 11394.700
45 75 13990.300
45 76 6495.300
45 77 14299.300
45 78 3246.500
45 79 9146.000
45 80 12191.300
45 81 11270.000
45 82 3867.800
45 83 7829.000
45 84 5922.500
45 85 4131.700
45 86 8786.900
45 87 1074.600
45 88 1941.500
45 89 5085.500
45 90 10574.000
45 91 1490.300
45 92 3024.500
45 93 10206.000
45 94 12430.900
45 95 4700.400
45 96 9412.200
45 97 10128.800
45 98 5832.400
45 99 1757.700
45 100 8473.900
46 0 5761.000
46 1 4323.800
46 2 10587.600
46 3 10992.300
46 4 3304.300
46 5 7692.500
46 6 9045.200
46 7 4424.700
46 8 11987.600
46 9 9615.500
46 10 8742.700
46 11 8591.000
46 12 12572.500
46 13 11886.700
46 14 2220.400
46 15 8167.800
46 16 10736.300
46 17 6313.600
46 18 4473.500
46 19 6286.900
46 20 9394.100
46 21 10273.700
46 22 5480.500
46 23 8007.000
46 24 8173.200
46 25 7143.800
46 26 8781.100
46 27 12788.100
46 28 3953.300
46 29 2075.000
46 30 13073.500
46 31 11199.300
46 32 10397.200
46 33 7198.300
46 34 6590.900
46 35 5442.300
46 36 6069.700
46 37 9786.200
46 38 7034.200
46 39 3460.600
46 40 3141.300
46 41 12575.700
46 42 2047.500
46 43 11715.600
46 44 14725.800
46 45 11463.100
46 46 0.000
46 47 6900.100
46 48 12078.600
46 49 13075.700
46 50 11830.100
46 51 10000.300
46 52 12203.300
46 53 11208.400
46 54 12194.700
46 55 6801.700
46 56 4602.900
46 57 11000.600
46 58 8603.300
46 59 11725.700
46 60 10895.100
46 61 11456.600
46 62 7791.500
46 63 5374.800
46 64 7786.800
46 65 1564.700
46 66 8534.700
46 67 5442.300
46 68 5380.700
46 69 11739.300
46 70 5796.400
46 71 11122.300
46 72 10229.100
46 73 10924.900
46 74 5471.700
46 75 6955.300
46 76 6111.200
46 77 5823.000
46 78 10878.200
46 79 9826.200
46 80 5156.300
46 81 648.900
46 82 8930.000
46 83 10437.800
46 84 7547.300
46 85 12268.000
46 86 4709.800
46 87 12664.900
46 88 10075.000
46 89 6946.400
46 90 4450.100
46 91 11029.400
46 92 13891.500
46 93 1806.700
46 94 12369.500
46 95 11186.900
46 96 3450.000
46 97 10809.000
46 98 6089.000
46 99 10462.400
46 100 3878.800
47 0 6404.000
47 1 3399.500
47 2 9165.800
47 3 10712.400
47 4 4788.500
47 5 10057.000
47 6 9298.700
47 7 5930.900
47 8 5600.800
47 9 4135.500
47 10 5376.800
47 11 10955.500
47 12 10220.000
47 13 5499.900
47 14 6099.800
47 15 11190.300
47 16 5385.000
47 17 4996.200
47 18 5979.800
47 19 4207.300
47 20 6907.600
47 21 9311.900
47 22 1964.800
47 23 7918.800
47 24 10537.700
47 25 9130.600
47 26 8798.800
47 27 12006.600
47 28 5459.600
47 29 6144.400
47 30 10977.600
47 31 8033.700
47 32 10584.800
47 33 8183.500
47 34 1805.000
47 35 7388.100
47 36 4625.400
47 37 7663.400
47 38 10056.600
47 39 5152.300
47 40 6838.700
47 41 6367.000
47 42 5717.100
47 43 11539.500
47 44 12864.400
47 45 12198.100
47 46 7468.400
47 47 0.000
47 48 5869.900
47 49 11214.300
47 50 12068.900
47 51 3613.500
47 52 7554.600
47 53 7841.400
47 54 9376.000
47 55 6384.700
47 56 7625.300
47 57 4613.800
47 58 7260.700
47 59 11964.400
47 60 4508.300
47 61 9926.000
47 62 9852.000
47 63 6825.700
47 64 6923.900
47 65 6226.600
47 66 8679.300
47 67 4124.900
47 68 6887.000
47 69 6720.900
47 70 1627.200
47 71 6131.800
47 72 8000.600
47 73 7552.700
47 74 1872.700
47 75 6471.200
47 76 8016.500
47 77 4778.800
47 78 8435.000
47 79 6460.200
47 80 4215.300
47 81 6795.700
47 82 9423.700
47 83 7288.200
47 84 6128.700
47 85 10723.200
47 86 3392.400
47 87 12501.200
47 88 10313.700
47 89 7931.600
47 90 3036.100
47 91 11268.100
47 92 12030.100
47 93 8312.500
47 94 5982.600
47 95 8368.200
47 96 3616.500
47 97 6300.000
47 98 9111.400
47 99 10701.200
47 100 5385.100
48 0 6379.100
48 1 8624.900
48 2 7047.400
48 3 8200.400
48 4 10013.800
48 5 8829.300
48 6 8071.000
48 7 7793.000
48 8 1220.200
48 9 4102.900
48 10 3951.700
48 11 9727.800
48 12 6215.700
48 13 1675.300
48 14 11325.200
48 15 9393.800
48 16 2876.100
48 17 6047.400
48 18 7247.400
48 19 4799.400
48 20 5704.300
48 21 8109.800
48 22 8219.900
48 23 6715.400
48 24 9310.000
48 25 7902.900
48 26 7571.100
48 27 10778.900
48 28 7790.000
48 29 10787.100
48 30 8026.000
48 31 6960.300
48 32 9357.100
48 33 6955.800
48 34 5740.600
48 35 7506.300
48 36 6548.000
48 37 6460.000
48 38 8739.900
48 39 8720.600
48 40 8731.300
48 41 1064.800
48 42 9556.000
48 43 10311.800
48 44 9621.200
48 45 9395.000
48 46 12111.200
48 47 5600.000
48 48 0.000
48 49 9986.600
48 50 10283.600
48 51 3246.300
48 52 2252.300
48 53 5511.900
48 54 7223.500
48 55 6359.800
48 56 8856.300
48 57 2231.100
48 58 6057.300
48 59 10736.700
48 60 1983.600
48 61 7807.600
48 62 8624.300
48 63 6474.200
48 64 5696.200
48 65 10284.600
48 66 7451.600
48 67 6918.700
48 68 7691.500
48 69 2808.000
48 70 6755.400
48 71 1712.800
48 72 6773.000
48 73 5125.600
48 74 7085.800
48 75 11696.600
48 76 8134.700
48 77 10100.300
48 78 6844.100
48 79 2962.600
48 80 9440.700
48 81 11438.400
48 82 8220.300
48 83 3590.900
48 84 4901.000
48 85 5421.000
48 86 6625.700
48 87 9842.100
48 88 9086.000
48 89 6703.900
48 90 8261.400
48 91 10040.400
48 92 8786.900
48 93 10374.500
48 94 1857.100
48 95 6849.200
48 96 8841.900
48 97 1897.300
48 98 8196.600
48 99 9473.500
48 100 8642.400
49 0 7738.000
49 1 12088.000
49 2 3663.000
49 3 2869.200
49 4 11866.600
49 5 7221.600
49 6 5060.200
49 7 9151.800
49 8 10948.200
49 9 11032.900
49 10 7216.900
49 11 6987.500
49 12 3516.100
49 13 11007.900
49 14 15553.100
49 15 5764.700
49 16 9210.400
49 17 9387.300
49 18 8606.300
49 19 8139.300
49 20 6468.200
49 21 4162.000
49 22 11683.000
49 23 6955.300
49 24 6271.400
49 25 8159.300
49 26 5067.200
49 27 792.300
49 28 9148.800
49 29 12146.000
49 30 2964.000
49 31 6009.300
49 32 4758.000
49 33 7158.100
49 34 9948.600
49 35 7741.300
49 36 9887.900
49 37 4847.500
49 38 8454.100
49 39 10079.500
49 40 10090.200
49 41 9519.200
49 42 10914.900
49 43 1659.200
49 44 1252.300
49 45 1865.800
49 46 13470.000
49 47 11698.200
49 48 10124.200
49 49 0.000
49 50 1844.900
49 51 11762.700
49 52 8748.800
49 53 6185.400
49 54 3769.700
49 55 6727.200
49 56 8966.900
49 57 10922.800
49 58 6995.400
49 59 3443.400
49 60 11520.200
49 61 3010.500
49 62 6822.700
49 63 7833.000
49 64 6654.600
49 65 11643.400
49 66 5232.100
49 67 10258.600
49 68 9050.300
49 69 8462.100
49 70 11332.600
49 71 9596.400
49 72 4412.600
49 73 7247.800
49 74 10548.900
49 75 15908.100
49 76 8216.700
49 77 13453.600
49 78 4120.900
49 79 8300.300
49 80 12903.800
49 81 12797.300
49 82 5395.100
49 83 6983.200
49 84 8240.900
49 85 4067.500
49 86 9966.000
49 87 1365.900
49 88 3468.800
49 89 6612.800
49 90 11724.600
49 91 3211.700
49 92 2178.700
49 93 11733.300
49 94 11585.200
49 95 4677.800
49 96 12305.000
49 97 9283.100
49 98 7553.900
49 99 3479.100
49 100 10001.200
50 0 6575.600
50 1 11723.800
50 2 3366.100
50 3 2011.700
50 4 10704.300
50 5 5510.400
50 6 3897.800
50 7 7989.500
50 8 12527.300
50 9 12612.000
50 10 8796.000
50 11 5276.200
50 12 4976.800
50 13 12587.000
50 14 12273.100
50 15 4053.400
50 16 10789.500
50 17 7548.100
50 18 7443.900
50 19 9718.400
50 20 5470.400
50 21 3977.800
50 22 12880.400
50 23 5181.100
50 24 4560.100
50 25 6448.000
50 26 4228.600
50 27 1372.600
50 28 7986.500
50 29 10983.600
50 30 4443.200
50 31 6734.300
50 32 3595.700
50 33 5995.800
50 34 11527.700
50 35 6578.900
50 36 8048.700
50 37 4576.200
50 38 6742.900
50 39 8917.100
50 40 8927.800
50 41 9693.200
50 42 9752.500
50 43 1581.900
50 44 2936.400
50 45 1071.800
50 46 12307.700
50 47 13277.300
50 48 10298.300
50 49 2941.900
50 50 0.000
50 51 13341.800
50 52 9386.900
50 53 6836.600
50 54 4762.700
50 55 5564.800
50 56 7255.700
50 57 12501.900
50 58 5637.600
50 59 1556.300
50 60 13099.300
50 61 2826.400
50 62 5111.400
50 63 6670.700
50 64 5492.300
50 65 10481.100
50 66 4069.700
50 67 8419.400
50 68 7888.000
50 69 9100.200
50 70 12911.700
50 71 11175.500
50 72 4548.500
50 73 7885.900
50 74 12128.000
50 75 14355.200
50 76 6505.500
50 77 15032.700
50 78 3979.800
50 79 9879.400
50 80 12556.300
50 81 11634.900
50 82 4232.700
50 83 7621.400
50 84 6287.500
50 85 4865.100
50 86 9151.900
50 87 834.800
50 88 2306.400
50 89 5450.500
50 90 10938.900
50 91 1500.500
50 92 3757.800
50 93 10571.000
50 94 13164.300
50 95 5433.700
50 96 9777.200
50 97 10862.200
50 98 5842.600
50 99 1767.900
50 100 8838.900
51 0 8190.000
51 1 7134.700
51 2 9749.000
51 3 11295.600
51 4 8523.700
51 5 10640.200
51 6 9881.900
51 7 9603.900
51 8 2294.400
51 9 2612.800
51 10 6534.600
51 11 11538.600
51 12 9698.200
51 13 1946.600
51 14 9835.000
51 15 11180.300
51 16 3565.300
51 17 6572.200
51 18 7233.700
51 19 5313.800
51 20 7490.800
51 21 9895.100
51 22 6729.700
51 23 8502.000
51 24 11120.900
51 25 9713.800
51 26 9381.900
51 27 12589.700
51 28 7284.000
51 29 9879.600
51 30 11508.500
51 31 8616.800
51 32 11168.000
51 33 8766.700
51 34 4250.400
51 35 9317.100
51 36 5731.900
51 37 8246.600
51 38 10550.800
51 39 8887.500
51 40 10573.900
51 41 4547.200
51 42 9452.300
51 43 12122.700
51 44 13447.600
51 45 12781.200
51 46 11203.600
51 47 4109.900
51 48 4050.100
51 49 11797.500
51 50 12652.100
51 51 0.000
51 52 5734.800
51 53 7996.900
51 54 9959.200
51 55 8170.600
51 56 10667.200
51 57 2794.100
51 58 7843.900
51 59 12547.600
51 60 894.800
51 61 10509.100
51 62 10435.200
51 63 8285.000
51 64 7507.100
51 65 9961.800
51 66 9262.500
51 67 5868.000
51 68 9502.300
51 69 4901.200
51 70 5265.200
51 71 4312.100
51 72 8583.800
51 73 7610.600
51 74 5595.600
51 75 10206.400
51 76 9945.600
51 77 8514.000
51 78 9018.100
51 79 5545.400
51 80 7950.500
51 81 10530.900
51 82 10006.900
51 83 6075.900
51 84 6711.900
51 85 8903.500
51 86 5135.500
51 87 13084.400
51 88 10896.900
51 89 8514.800
51 90 6771.200
51 91 11851.300
51 92 12613.300
51 93 12047.700
51 94 3554.700
51 95 8951.400
51 96 7351.700
51 97 4480.200
51 98 10007.400
51 99 11284.400
51 100 6431.600
52 0 7481.300
52 1 10000.300
52 2 5940.000
52 3 7092.900
52 4 11389.200
52 5 9098.600
52 6 7842.000
52 7 8895.200
52 8 2595.600
52 9 5478.300
52 10 5073.600
52 11 9870.300
52 12 5108.200
52 13 3050.700
52 14 12700.600
52 15 8337.300
52 16 4251.500
52 17 7244.000
52 18 8349.600
52 19 5996.100
52 20 4647.800
52 21 7002.400
52 22 9595.300
52 23 5659.000
52 24 9154.200
52 25 8954.400
52 26 7342.100
52 27 8744.800
52 28 8892.100
52 29 11889.300
52 30 6918.500
52 31 5852.900
52 32 9038.000
52 33 7998.000
52 34 7116.000
52 35 8581.200
52 36 7744.600
52 37 5403.600
52 38 9770.300
52 39 9822.800
52 40 9833.500
52 41 770.400
52 42 10658.200
52 43 8015.200
52 44 8513.700
52 45 8287.500
52 46 13213.300
52 47 6975.400
52 48 1375.400
52 49 7952.500
52 50 9176.100
52 51 4621.700
52 52 0.000
52 53 4455.500
52 54 6116.000
52 55 6318.300
52 56 9958.500
52 57 3606.500
52 58 5000.900
52 59 10507.700
52 60 3359.000
52 61 6700.100
52 62 7991.300
52 63 7576.300
52 64 5844.100
52 65 11386.700
52 66 7222.600
52 67 8115.300
52 68 8793.600
52 69 1751.500
52 70 8130.800
52 71 2189.700
52 72 6544.000
52 73 4069.200
52 74 8461.200
52 75 13072.000
52 76 9209.600
52 77 11317.400
52 78 5736.600
52 79 4338.000
52 80 10816.100
52 81 12540.600
52 82 7163.900
52 83 2534.500
52 84 5519.400
52 85 4313.500
52 86 8001.100
52 87 8734.600
52 88 8857.000
52 89 6764.700
52 90 9636.800
52 91 9811.500
52 92 7679.400
52 93 11476.700
52 94 3232.500
52 95 5741.800
52 96 10217.300
52 97 3272.700
52 98 9166.500
52 99 9244.500
52 100 9744.500
53 0 5189.900
53 1 7559.000
53 2 4143.600
53 3 5690.300
53 4 9318.600
53 5 6696.200
53 6 4276.600
53 7 6603.800
53 8 5808.500
53 9 6503.800
53 10 2687.800
53 11 7467.900
53 12 5628.200
53 13 5832.700
53 14 11282.700
53 15 5935.000
53 16 4035.200
53 17 4858.200
53 18 6058.200
53 19 3610.300
53 20 2245.500
53 21 4289.700
53 22 7153.900
53 23 3256.600
53 24 6751.900
53 25 6713.700
53 26 3776.600
53 27 6991.900
53 28 6600.800
53 29 9597.900
53 30 5955.500
53 31 2971.500
53 32 5562.700
53 33 5595.700
53 34 5419.600
53 35 6317.100
53 36 5358.800
53 37 3001.300
53 38 7367.900
53 39 7531.500
53 40 7542.100
53 41 3983.300
53 42 8366.800
53 43 6524.800
53 44 7849.800
53 45 6679.700
53 46 10922.000
53 47 7169.100
53 48 4588.400
53 49 6199.600
53 50 7046.700
53 51 7287.000
53 52 3213.000
53 53 0.000
53 54 4353.900
53 55 3915.900
53 56 7667.200
53 57 5747.600
53 58 2598.600
53 59 6942.200
53 60 6572.000
53 61 4903.800
53 62 5589.000
53 63 5285.000
53 64 3441.800
53 65 9095.400
53 66 3657.200
53 67 5729.500
53 68 6502.300
53 69 2926.200
53 70 6803.500
53 71 4238.700
53 72 2978.500
53 73 2329.100
53 74 6019.900
53 75 11637.700
53 76 6945.500
53 77 9183.200
53 78 3412.800
53 79 3125.100
53 80 8374.700
53 81 10249.300
53 82 4761.500
53 83 1447.400
53 84 3117.100
53 85 4833.500
53 86 5437.000
53 87 7486.500
53 88 5291.600
53 89 4362.400
53 90 7195.500
53 91 6246.000
53 92 7015.500
53 93 9185.300
53 94 6445.500
53 95 2897.800
53 96 7775.900
53 97 4107.900
53 98 6764.200
53 99 5679.000
53 100 7453.200
54 0 6968.300
54 1 9913.900
54 2 1872.500
54 3 2132.600
54 4 11097.000
54 5 8330.800
54 6 5699.500
54 7 8382.200
54 8 8528.700
54 9 8858.800
54 10 5042.800
54 11 8096.600
54 12 1323.900
54 13 8833.800
54 14 13379.000
54 15 6873.800
54 16 7036.300
54 17 7213.200
54 18 7836.600
54 19 5965.300
54 20 4223.300
54 21 2747.100
54 22 9508.900
54 23 4710.300
54 24 7380.500
54 25 8189.100
54 26 3652.400
54 27 2628.700
54 28 8379.200
54 29 11376.300
54 30 1601.600
54 31 3226.500
54 32 4316.200
54 33 7232.800
54 34 7774.500
54 35 7815.900
54 36 7713.800
54 37 3117.800
54 38 9563.200
54 39 9309.800
54 40 9320.500
54 41 6703.500
54 42 10145.200
54 43 2161.700
54 44 3486.600
54 45 2830.600
54 46 12700.300
54 47 9524.100
54 48 7308.500
54 49 1836.500
54 50 3719.200
54 51 9588.600
54 52 6261.200
54 53 4003.700
54 54 0.000
54 55 5957.500
54 56 9445.500
54 57 8748.700
54 58 4295.200
54 59 5017.100
54 60 9292.200
54 61 982.600
54 62 7478.300
54 63 7063.400
54 64 5666.400
54 65 10873.700
54 66 4462.400
54 67 8084.500
54 68 8280.600
54 69 5974.500
54 70 9158.500
54 71 7422.300
54 72 2220.400
54 73 5066.100
54 74 8374.800
54 75 13734.000
54 76 8444.400
54 77 11279.500
54 78 1928.700
54 79 6126.200
54 80 10729.700
54 81 12027.600
54 82 5469.700
54 83 4801.600
54 84 5423.100
54 85 1875.300
54 86 7791.900
54 87 3123.400
54 88 4108.100
54 89 6251.700
54 90 9550.500
54 91 4320.900
54 92 2652.300
54 93 10963.700
54 94 9165.700
54 95 2485.600
54 96 10130.900
54 97 7109.000
54 98 8399.800
54 99 3971.000
54 100 9231.600
55 0 1130.700
55 1 6278.900
55 2 3982.200
55 3 4386.800
55 4 5259.400
55 5 4098.200
55 6 2594.800
55 7 2544.600
55 8 6481.700
55 9 6550.400
55 10 2750.300
55 11 5202.000
55 12 5967.000
55 13 6541.400
55 14 6828.200
55 15 3669.100
55 16 4743.900
55 17 1993.700
55 18 1999.000
55 19 3456.500
55 20 2768.700
55 21 3668.300
55 22 7435.500
55 23 1381.600
55 24 4486.000
55 25 3515.800
55 26 2175.700
55 27 6337.600
55 28 2541.600
55 29 5538.700
55 30 6468.000
55 31 4652.900
55 32 3816.000
55 33 2559.500
55 34 5466.100
55 35 2668.800
55 36 2494.400
55 37 3180.700
55 38 4352.800
55 39 3472.300
55 40 3482.900
55 41 6570.900
55 42 4307.600
55 43 5265.200
55 44 8275.400
55 45 5012.700
55 46 6862.800
55 47 7215.700
55 48 6086.200
55 49 6625.200
55 50 5379.700
55 51 7280.200
55 52 5800.500
55 53 4558.700
55 54 5589.300
55 55 0.000
55 56 3608.000
55 57 6456.300
55 58 1977.900
55 59 5275.200
55 60 7053.700
55 61 4851.200
55 62 2717.700
55 63 1225.800
55 64 985.100
55 65 5036.200
55 66 2000.700
55 67 2865.000
55 68 2443.100
55 69 5746.900
55 70 6840.300
55 71 5129.900
55 72 3623.700
55 73 4299.500
55 74 6066.500
55 75 8910.400
55 76 3297.300
55 77 8978.200
55 78 4272.800
55 79 3833.800
55 80 7111.400
55 81 6190.100
55 82 2495.600
55 83 4034.900
55 84 1554.900
55 85 5662.500
55 86 3597.500
55 87 6214.500
55 88 3624.500
55 89 1491.100
55 90 5494.100
55 91 4579.000
55 92 7441.100
55 93 5126.100
55 94 7118.600
55 95 4581.500
55 96 4332.300
55 97 4816.600
55 98 3787.900
55 99 4012.000
55 100 3394.000
56 0 4022.600
56 1 4192.600
56 2 7298.000
56 3 7702.700
56 4 3173.100
56 5 3377.300
56 6 4761.700
56 7 1823.600
56 8 9184.400
56 9 9484.300
56 10 5453.100
56 11 4275.800
56 12 9282.900
56 13 9244.100
56 14 4741.900
56 15 3852.700
56 16 7446.600
56 17 4696.500
56 18 2858.400
56 19 6023.200
56 20 6104.400
56 21 6984.100
56 22 5349.200
56 23 4717.400
56 24 3858.000
56 25 2828.700
56 26 5491.500
56 27 9498.400
56 28 3689.600
56 29 3452.400
56 30 9783.800
56 31 7909.700
56 32 7107.600
56 33 2718.200
56 34 6459.600
56 35 1319.400
56 36 5197.100
56 37 6496.500
56 38 2719.000
56 39 2080.100
56 40 1365.800
56 41 9286.000
56 42 2194.000
56 43 8426.000
56 44 11436.200
56 45 8173.500
56 46 4776.500
56 47 6768.900
56 48 8788.900
56 49 9786.000
56 50 8540.500
56 51 9869.100
56 52 8913.700
56 53 7918.700
56 54 8905.100
56 55 3512.100
56 56 0.000
56 57 9159.100
56 58 5313.700
56 59 7300.700
56 60 9756.500
56 61 8167.000
56 62 3476.300
56 63 2085.100
56 64 4497.200
56 65 2919.100
56 66 5245.100
56 67 5178.500
56 68 3302.400
56 69 8449.700
56 70 5665.100
56 71 7832.700
56 72 6939.500
56 73 7635.200
56 74 5340.500
56 75 6824.000
56 76 1796.000
56 77 7774.400
56 78 7588.600
56 79 6536.500
56 80 5025.100
56 81 4103.700
56 82 4363.700
56 83 7148.100
56 84 4257.600
56 85 8978.400
56 86 4446.000
56 87 9375.300
56 88 5656.000
56 89 3656.800
56 90 4318.900
56 91 6604.400
56 92 10601.900
56 93 3009.000
56 94 9821.400
56 95 7897.300
56 96 3186.200
56 97 7519.300
56 98 1773.800
56 99 7172.800
56 100 3615.100
57 0 6197.500
57 1 7659.400
57 2 7756.500
57 3 9303.100
57 4 9048.400
57 5 8647.600
57 6 7889.400
57 7 7611.400
57 8 2252.600
57 9 3137.500
57 10 3770.100
57 11 9546.100
57 12 8169.700
57 13 2151.700
57 14 10359.700
57 15 9187.800
57 16 1847.400
57 17 5865.700
57 18 7065.800
57 19 4617.800
57 20 5498.300
57 21 7902.500
57 22 7254.400
57 23 6509.500
57 24 9128.400
57 25 7721.300
57 26 7389.400
57 27 10597.200
57 28 7608.300
57 29 10605.500
57 30 9568.300
57 31 6624.300
57 32 9175.500
57 33 6774.200
57 34 4775.100
57 35 7324.600
57 36 6366.400
57 37 6254.100
57 38 8558.200
57 39 8539.000
57 40 8549.700
57 41 3018.800
57 42 9374.400
57 43 10130.200
57 44 11455.100
57 45 10788.700
57 46 11929.500
57 47 4634.600
57 48 2521.700
57 49 9805.000
57 50 10659.500
57 51 2280.900
57 52 3455.700
57 53 5804.400
57 54 7966.700
57 55 6178.100
57 56 8674.700
57 57 0.000
57 58 5851.400
57 59 10555.100
57 60 3175.600
57 61 8516.600
57 62 8442.700
57 63 6292.500
57 64 5514.600
57 65 10102.900
57 66 7270.000
57 67 6737.000
57 68 7509.800
57 69 2708.800
57 70 5790.000
57 71 2091.700
57 72 6591.300
57 73 5418.100
57 74 6120.300
57 75 10731.100
57 76 7953.100
57 77 9918.700
57 78 7025.600
57 79 2780.900
57 80 8475.200
57 81 11256.800
57 82 8014.400
57 83 3883.500
57 84 4719.400
57 85 7375.000
57 86 5660.200
57 87 11091.900
57 88 8904.400
57 89 6522.300
57 90 7296.000
57 91 9858.800
57 92 10620.800
57 93 10192.900
57 94 2634.400
57 95 6958.900
57 96 7876.400
57 97 1715.700
57 98 8014.900
57 99 9291.800
57 100 6956.300
58 0 3266.700
58 1 7147.700
58 2 3010.900
58 3 4550.600
58 4 7395.400
58 5 4884.000
58 6 2614.400
58 7 4680.600
58 8 6007.900
58 9 6092.600
58 10 2276.500
58 11 5655.700
58 12 4468.400
58 13 6067.600
58 14 8964.200
58 15 4122.800
58 16 4270.100
58 17 3793.900
58 18 4135.000
58 19 3060.200
58 20 790.700
58 21 3142.100
58 22 6742.700
58 23 1351.300
58 24 4939.600
58 25 4739.800
58 26 2114.500
58 27 6753.400
58 28 4677.600
58 29 7674.700
58 30 5483.900
58 31 2742.400
58 32 4423.000
58 33 3783.400
58 34 5008.300
58 35 4366.600
58 36 4294.500
58 37 1546.500
58 38 5555.700
58 39 5608.200
58 40 5618.900
58 41 4593.000
58 42 6443.600
58 43 4976.300
58 44 7611.200
58 45 5017.600
58 46 8998.800
58 47 6757.800
58 48 5198.000
58 49 5961.100
58 50 5384.600
58 51 6822.400
58 52 3822.600
58 53 2580.800
58 54 4115.400
58 55 2103.700
58 56 5743.900
58 57 5982.500
58 58 0.000
58 59 5280.100
58 60 6579.900
58 61 3771.100
58 62 3776.700
58 63 3361.800
58 64 1629.500
58 65 7172.200
58 66 1995.000
58 67 4665.200
58 68 4579.000
58 69 3535.900
58 70 6392.200
58 71 4848.300
58 72 2125.000
58 73 2321.600
58 74 5608.600
58 75 10219.400
58 76 4995.000
58 77 8520.300
58 78 2803.800
58 79 3360.000
58 80 7963.500
58 81 8326.000
58 82 2949.300
58 83 2057.000
58 84 1729.500
58 85 4163.900
58 86 5397.700
58 87 5695.700
58 88 3629.400
58 89 2550.100
58 90 6784.200
58 91 4583.800
58 92 6776.900
58 93 7262.100
58 94 6644.800
58 95 3107.600
58 96 6468.300
58 97 4342.800
58 98 4951.900
58 99 4016.900
58 100 5530.000
59 0 6273.600
59 1 11421.800
59 2 3999.300
59 3 3301.600
59 4 10402.300
59 5 5028.600
59 6 3609.500
59 7 7687.500
59 8 11304.900
59 9 11389.600
59 10 7573.600
59 11 4794.400
59 12 5954.400
59 13 11364.600
59 14 11971.100
59 15 3571.600
59 16 9567.100
59 17 7246.000
59 18 7141.900
59 19 8496.000
59 20 5168.400
59 21 3685.400
59 22 12578.400
59 23 4879.100
59 24 4078.300
59 25 5966.200
59 26 3926.600
59 27 3348.200
59 28 7684.500
59 29 10681.600
59 30 5733.100
59 31 6432.300
59 32 3293.700
59 33 5688.100
59 34 10305.300
59 35 6271.200
59 36 7746.700
59 37 4274.100
59 38 6261.000
59 39 8615.100
59 40 8625.800
59 41 9855.300
59 42 9450.500
59 43 2871.800
59 44 4356.600
59 45 2361.700
59 46 12005.700
59 47 12054.900
59 48 10460.300
59 49 4231.900
59 50 2099.200
59 51 12119.400
59 52 9084.900
59 53 6534.500
59 54 5581.000
59 55 5262.800
59 56 6773.800
59 57 11279.500
59 58 5335.500
59 59 0.000
59 60 11876.900
59 61 4116.300
59 62 4629.600
59 63 6368.700
59 64 5190.200
59 65 10179.000
59 66 3767.700
59 67 8117.300
59 68 7585.900
59 69 8798.200
59 70 11689.300
59 71 9953.100
59 72 4246.500
59 73 7583.900
59 74 10905.600
59 75 14053.200
59 76 6023.700
59 77 13810.300
59 78 4289.900
59 79 8657.000
59 80 12254.300
59 81 11332.900
59 82 3925.000
59 83 7319.300
59 84 5985.500
59 85 5649.900
59 86 8849.800
59 87 2508.800
59 88 2004.400
59 89 5142.800
59 90 10636.900
59 91 696.300
59 92 5047.700
59 93 10269.000
59 94 11941.900
59 95 5674.900
59 96 9475.100
59 97 9639.800
59 98 5360.800
59 99 1286.100
59 100 8536.900
60 0 7501.800
60 1 7562.000
60 2 8640.700
60 3 9793.700
60 4 8950.900
60 5 9952.000
60 6 9193.700
60 7 8915.700
60 8 1399.600
60 9 3040.000
60 10 5074.400
60 11 10850.500
60 12 7809.000
60 13 1051.800
60 14 10262.200
60 15 10492.200
60 16 3276.200
60 17 7170.100
60 18 8370.100
60 19 5741.000
60 20 6802.600
60 21 9206.900
60 22 7156.900
60 23 7813.800
60 24 10432.700
60 25 9025.600
60 26 8693.800
60 27 11901.600
60 28 7711.300
60 29 10306.800
60 30 9619.300
60 31 8553.600
60 32 10479.800
60 33 8078.500
60 34 4677.700
60 35 8629.000
60 36 6159.100
60 37 7558.400
60 38 9862.600
60 39 9314.700
60 40 9854.000
60 41 2658.100
60 42 9879.600
60 43 11434.500
60 44 11214.500
60 45 10988.300
60 46 11630.900
60 47 4537.100
60 48 2161.000
60 49 11109.300
60 50 11963.900
60 51 1328.000
60 52 3845.600
60 53 7105.200
60 54 8816.800
60 55 7482.500
60 56 9979.000
60 57 2627.300
60 58 7155.700
60 59 11859.400
60 60 0.000
60 61 9400.900
60 62 9747.000
60 63 7596.900
60 64 6818.900
60 65 10389.000
60 66 8574.300
60 67 6295.300
60 68 8814.200
60 69 3441.000
60 70 5692.500
60 71 2851.900
60 72 7895.700
60 73 6718.900
60 74 6022.900
60 75 10633.700
60 76 9257.400
60 77 8941.200
60 78 8437.400
60 79 4085.300
60 80 8377.800
60 81 10958.200
60 82 9318.700
60 83 5184.300
60 84 6023.700
60 85 7014.300
60 86 5562.800
60 87 11435.400
60 88 10208.700
60 89 7826.600
60 90 7198.500
60 91 11163.100
60 92 10380.200
60 93 11497.200
60 94 1608.400
60 95 8442.600
60 96 7778.900
60 97 3020.000
60 98 9319.300
60 99 10596.200
60 100 6858.900
61 0 6052.200
61 1 10385.900
61 2 889.900
61 3 1267.200
61 4 10180.800
61 5 7465.300
61 6 4834.100
61 7 7466.000
61 8 9042.300
61 9 9330.700
61 10 5514.700
61 11 7231.200
61 12 2246.500
61 13 9497.400
61 14 11749.700
61 15 6008.400
61 16 7508.300
61 17 7024.600
61 18 6920.400
61 19 6437.200
61 20 3731.300
61 21 1830.900
61 22 9980.800
61 23 4111.100
61 24 6515.100
61 25 7273.000
61 26 2736.200
61 27 2662.600
61 28 7463.000
61 29 10460.200
61 30 1712.800
61 31 3698.400
61 32 3400.100
61 33 6316.600
61 34 8246.500
61 35 6899.800
61 36 7525.200
61 37 2516.500
61 38 8697.800
61 39 8393.700
61 40 8404.400
61 41 7217.100
61 42 9229.100
61 43 1692.800
61 44 3568.000
61 45 1965.100
61 46 11784.200
61 47 9996.000
61 48 7822.100
61 49 1917.800
61 50 2853.700
61 51 10060.600
61 52 6733.200
61 53 4475.700
61 54 2286.500
61 55 5041.400
61 56 8529.400
61 57 9220.700
61 58 3803.200
61 59 4151.700
61 60 9805.700
61 61 0.000
61 62 6562.200
61 63 6147.200
61 64 4968.800
61 65 9957.600
61 66 3546.300
61 67 7895.900
61 68 7364.500
61 69 6446.400
61 70 9630.400
61 71 7894.300
61 72 1949.100
61 73 5518.200
61 74 8846.800
61 75 14205.900
61 76 7528.200
61 77 11751.400
61 78 1503.600
61 79 6598.200
61 80 11201.700
61 81 11111.500
61 82 4553.600
61 83 5253.600
61 84 4931.100
61 85 2388.900
61 86 8263.900
61 87 2412.300
61 88 3242.700
61 89 5335.600
61 90 10022.400
61 91 3455.400
61 92 2733.700
61 93 10047.500
61 94 9679.200
61 95 2957.600
61 96 9253.700
61 97 7581.000
61 98 7483.600
61 99 3105.600
61 100 8315.400
62 0 3549.800
62 1 7439.500
62 2 5500.500
62 3 6282.200
62 4 6420.000
62 5 2144.200
62 6 2950.200
62 7 4525.600
62 8 9010.200
62 9 9078.900
62 10 5278.900
62 11 3002.000
62 12 7485.400
62 13 9069.900
62 14 7988.800
62 15 1649.700
62 16 7272.400
62 17 4522.300
62 18 3996.700
62 19 5985.000
62 20 4386.100
62 21 5186.600
62 22 8596.100
62 23 2999.100
62 24 2285.900
62 25 2288.100
62 26 3694.000
62 27 6937.500
62 28 4539.300
62 29 6699.300
62 30 7986.300
62 31 6112.200
62 32 5299.600
62 33 2380.200
62 34 7994.700
62 35 2943.700
62 36 5022.900
62 37 4699.000
62 38 2437.700
62 39 5327.100
62 40 4612.700
62 41 8188.400
62 42 5440.900
62 43 5865.000
62 44 8875.200
62 45 5612.500
62 46 8023.400
62 47 10015.800
62 48 8793.400
62 49 7225.100
62 50 5979.600
62 51 9808.800
62 52 7418.000
62 53 6176.200
62 54 7107.600
62 55 2539.000
62 56 3246.900
62 57 8984.800
62 58 3595.400
62 59 5208.400
62 60 9582.200
62 61 6369.500
62 62 0.000
62 63 3644.900
62 64 3310.200
62 65 6166.000
62 66 3447.600
62 67 5393.600
62 68 4600.200
62 69 7131.300
62 70 8912.000
62 71 7658.400
62 72 5142.000
62 73 5917.000
62 74 8587.400
62 75 10070.900
62 76 2496.700
62 77 11506.700
62 78 5791.100
62 79 6362.300
62 80 8272.000
62 81 7350.700
62 82 2552.200
62 83 5652.400
62 84 4083.400
62 85 7180.900
62 86 6126.100
62 87 6814.300
62 88 3844.500
62 89 1888.800
62 90 7565.800
62 91 4512.100
62 92 8040.900
62 93 6255.900
62 94 9647.200
62 95 6099.800
62 96 6433.200
62 97 7345.100
62 98 1833.900
62 99 4611.900
62 100 5391.700
63 0 1322.300
63 1 5055.500
63 2 5270.700
63 3 5675.400
63 4 4035.900
63 5 3754.900
63 6 3728.300
63 7 1318.800
63 8 7157.200
63 9 7225.900
63 10 3425.900
63 11 4653.400
63 12 7255.600
63 13 7216.900
63 14 5604.800
63 15 4369.700
63 16 5419.400
63 17 2669.300
63 18 773.200
63 19 4132.000
63 20 4077.200
63 21 4956.900
63 22 6212.100
63 23 2690.100
63 24 4235.600
63 25 2828.500
63 26 3464.200
63 27 7471.200
63 28 1315.800
63 29 4315.300
63 30 7756.600
63 31 5882.500
63 32 5080.300
63 33 1881.400
63 34 6141.700
63 35 1443.000
63 36 3169.900
63 37 4469.300
63 38 3665.500
63 39 2246.500
63 40 2259.500
63 41 7258.800
63 42 3084.200
63 43 6398.700
63 44 9409.000
63 45 6146.300
63 46 5639.300
63 47 6718.300
63 48 6761.700
63 49 7758.800
63 50 6513.300
63 51 7955.800
63 52 6886.500
63 53 5891.500
63 54 6877.900
63 55 1484.800
63 56 2384.500
63 57 7131.800
63 58 3286.500
63 59 6408.800
63 60 7729.200
63 61 6139.700
63 62 3549.900
63 63 0.000
63 64 2469.900
63 65 3812.700
63 66 3217.900
63 67 3540.600
63 68 1217.300
63 69 6422.400
63 70 5614.500
63 71 5805.400
63 72 4912.300
63 73 5608.000
63 74 5289.900
63 75 7686.900
63 76 2071.500
63 77 7723.800
63 78 5561.400
63 79 4509.300
63 80 5887.900
63 81 4966.600
63 82 3613.200
63 83 5120.900
63 84 2230.400
63 85 6951.100
63 86 4306.300
63 87 7348.100
63 88 4758.100
63 89 1629.500
63 90 4268.300
63 91 5712.500
63 92 8574.700
63 93 3902.700
63 94 7794.200
63 95 5870.000
63 96 3106.500
63 97 5492.100
63 98 2685.700
63 99 5145.600
63 100 2168.200
64 0 2148.100
64 1 7296.300
64 2 3922.600
64 3 4327.300
64 4 6276.800
64 5 4038.700
64 6 2535.300
64 7 3562.000
64 8 6112.200
64 9 6181.000
64 10 2380.900
64 11 4896.500
64 12 5839.900
64 13 6171.900
64 14 7845.600
64 15 3544.100
64 16 4374.400
64 17 2859.600
64 18 3016.400
64 19 3087.000
64 20 2162.200
64 21 3608.800
64 22 6831.100
64 23 1322.100
64 24 4180.400
64 25 3456.300
64 26 2116.100
64 27 6278.100
64 28 3559.000
64 29 6556.100
64 30 6408.500
64 31 4113.900
64 32 3756.500
64 33 2499.900
64 34 5096.700
64 35 3083.100
64 36 3360.200
64 37 2918.000
64 38 4293.300
64 39 4489.600
64 40 4500.300
64 41 5909.100
64 42 5325.000
64 43 5205.700
64 44 8215.900
64 45 4953.200
64 46 7880.200
64 47 6846.200
64 48 5716.700
64 49 6565.700
64 50 5320.200
64 51 6910.800
64 52 5138.800
64 53 3925.000
64 54 5433.800
64 55 985.100
64 56 4625.300
64 57 6086.800
64 58 1614.900
64 59 5215.700
64 60 6684.300
64 61 4791.600
64 62 2658.100
64 63 2243.200
64 64 0.000
64 65 6053.600
64 66 1941.200
64 67 3730.900
64 68 3460.500
64 69 4852.000
64 70 6480.600
64 71 4760.400
64 72 3496.500
64 73 3637.700
64 74 5697.000
64 75 9927.700
64 76 3711.500
64 77 8608.700
64 78 4175.300
64 79 3464.300
64 80 8128.800
64 81 7207.400
64 82 2436.100
64 83 3373.200
64 84 795.200
64 85 5535.300
64 86 4463.400
64 87 6155.000
64 88 3565.000
64 89 1431.600
64 90 6511.400
64 91 4519.500
64 92 7381.600
64 93 6143.500
64 94 6749.200
64 95 4425.900
64 96 5349.700
64 97 4447.100
64 98 3728.400
64 99 3952.500
64 100 4411.400
65 0 4795.100
65 1 3357.900
65 2 9081.300
65 3 9486.000
65 4 2338.400
65 5 6164.800
65 6 7538.900
65 7 3458.700
65 8 11021.700
65 9 8649.600
65 10 7236.400
65 11 7063.300
65 12 11066.200
65 13 10920.800
65 14 2828.400
65 15 6640.100
65 16 9229.900
65 17 5347.600
65 18 3507.600
65 19 5321.000
65 20 7887.700
65 21 8767.400
65 22 4514.500
65 23 6500.700
65 24 6645.500
65 25 5616.100
65 26 7274.800
65 27 11281.700
65 28 2987.400
65 29 1538.900
65 30 11567.100
65 31 9693.000
65 32 8890.900
65 33 5692.000
65 34 5624.900
65 35 3936.000
65 36 5103.800
65 37 8279.800
65 38 5398.300
65 39 2494.700
65 40 1380.300
65 41 11069.300
65 42 1081.600
65 43 10209.300
65 44 13219.500
65 45 9956.800
65 46 1440.800
65 47 5934.200
65 48 10572.200
65 49 11569.300
65 50 10323.800
65 51 9034.400
65 52 10697.000
65 53 9702.000
65 54 10688.400
65 55 5295.400
65 56 3075.100
65 57 10034.700
65 58 7097.000
65 59 10219.300
65 60 9929.200
65 61 9950.300
65 62 6263.800
65 63 3868.400
65 64 6280.500
65 65 0.000
65 66 7028.400
65 67 4476.300
65 68 4414.800
65 69 10233.000
65 70 4830.400
65 71 9616.000
65 72 8722.800
65 73 9418.500
65 74 4505.800
65 75 5989.400
65 76 4438.900
65 77 7197.200
65 78 9371.900
65 79 8319.800
65 80 4190.400
65 81 1166.700
65 82 7423.700
65 83 8931.400
65 84 6040.900
65 85 10761.700
65 86 3743.800
65 87 11158.600
65 88 8568.600
65 89 5440.100
65 90 3484.200
65 91 9523.100
65 92 12385.200
65 93 2797.000
65 94 11403.500
65 95 9680.600
65 96 2484.000
65 97 9302.600
65 98 4561.200
65 99 8956.100
65 100 2912.900
66 0 2505.900
66 1 7654.100
66 2 3006.700
66 3 3411.400
66 4 6634.600
66 5 4059.700
66 6 1464.300
66 7 3919.800
66 8 7715.600
66 9 7800.300
66 10 3984.300
66 11 4831.400
66 12 4991.600
66 13 7775.300
66 14 8203.400
66 15 3298.500
66 16 5977.800
66 17 3478.300
66 18 3374.200
66 19 4509.600
66 20 2498.500
66 21 2692.800
66 22 8810.700
66 23 1111.400
66 24 4115.300
66 25 3814.100
66 26 1200.200
66 27 5207.100
66 28 3916.800
66 29 6913.900
66 30 5492.500
66 31 3618.400
66 32 2816.300
66 33 2857.700
66 34 6716.100
66 35 3440.900
66 36 3979.000
66 37 2205.200
66 38 4651.100
66 39 4847.400
66 40 4858.100
66 41 6300.700
66 42 5682.800
66 43 4134.700
66 44 7144.900
66 45 3882.200
66 46 8238.000
66 47 8465.600
66 48 6905.800
66 49 5494.700
66 50 4249.200
66 51 8530.200
66 52 5530.400
66 53 3737.600
66 54 4613.800
66 55 1495.100
66 56 4983.100
66 57 7690.200
66 58 1707.800
66 59 4144.700
66 60 8287.700
66 61 3875.700
66 62 3015.900
66 63 2601.000
66 64 1422.600
66 65 6411.400
66 66 0.000
66 67 4349.600
66 68 3818.300
66 69 5243.600
66 70 8215.500
66 71 6556.100
66 72 2648.200
66 73 4029.300
66 74 7316.400
66 75 10285.500
66 76 4069.300
66 77 10228.100
66 78 3297.300
66 79 5067.700
66 80 8486.600
66 81 7565.200
66 82 1849.800
66 83 3764.800
66 84 2217.800
66 85 4687.100
66 86 5082.200
66 87 5084.000
66 88 2494.100
66 89 1789.400
66 90 6869.200
66 91 3448.500
66 92 6310.600
66 93 6501.300
66 94 8352.600
66 95 3606.000
66 96 5707.500
66 97 6050.500
66 98 4127.600
66 99 2881.500
66 100 4769.200
67 0 2279.200
67 1 4514.700
67 2 6242.000
67 3 6646.600
67 4 5230.300
67 5 6129.100
67 6 4854.600
67 7 3693.000
67 8 7326.500
67 9 4609.400
67 10 4200.900
67 11 7027.600
67 12 8584.300
67 13 7225.600
67 14 5911.100
67 15 5928.900
67 16 5194.500
67 17 871.300
67 18 3147.400
67 19 1762.600
67 20 4906.600
67 21 5928.100
67 22 4109.700
67 23 3641.400
67 24 6609.800
67 25 5202.700
67 26 4435.500
67 27 8597.500
67 28 3009.200
67 29 4621.600
67 30 8727.800
67 31 6858.700
67 32 6075.900
67 33 4255.600
67 34 3479.800
67 35 3817.300
67 36 627.400
67 37 5662.400
67 38 6039.700
67 39 3692.200
67 40 4631.400
67 41 8033.800
67 42 4543.600
67 43 7525.000
67 44 11689.500
67 45 7272.500
67 46 5945.600
67 47 4124.900
67 48 7536.700
67 49 10039.300
67 50 7639.500
67 51 5339.200
67 52 7661.500
67 53 6666.500
67 54 8201.100
67 55 2259.800
67 56 4756.400
67 57 6339.600
67 58 4237.700
67 59 7535.000
67 60 6234.000
67 61 7111.000
67 62 4977.500
67 63 2374.200
67 64 3244.900
67 65 5053.000
67 66 4260.500
67 67 0.000
67 68 3591.500
67 69 7197.400
67 70 3759.300
67 71 6580.400
67 72 6240.900
67 73 6377.800
67 74 2975.700
67 75 7890.400
67 76 4445.700
67 77 5894.000
67 78 6919.700
67 79 5284.300
67 80 5330.500
67 81 5272.900
67 82 4755.400
67 83 5895.900
67 84 3005.400
67 85 8279.800
67 86 732.500
67 87 8474.300
67 88 5884.400
67 89 4003.800
67 90 4430.900
67 91 6838.800
67 92 10855.200
67 93 6274.500
67 94 7708.400
67 95 7193.300
67 96 3269.100
67 97 6267.100
67 98 5060.000
67 99 6271.800
67 100 2156.800
68 0 1345.400
68 1 5230.300
68 2 6662.000
68 3 7066.700
68 4 3996.200
68 5 4858.000
68 6 5119.600
68 7 2260.400
68 8 8548.500
68 9 8617.200
68 10 4817.200
68 11 5756.500
68 12 8646.900
68 13 8608.200
68 14 5882.300
68 15 5333.300
68 16 6810.700
68 17 1593.300
68 18 907.100
68 19 3568.700
68 20 5468.500
68 21 6348.200
68 22 6073.400
68 23 4081.400
68 24 5338.700
68 25 3572.700
68 26 4855.600
68 27 8862.500
68 28 1449.700
68 29 4592.800
68 30 9147.900
68 31 7273.800
68 32 6471.600
68 33 3081.700
68 34 6542.900
68 35 2011.700
68 36 2433.600
68 37 5860.600
68 38 4768.600
68 39 2380.400
68 40 3201.100
68 41 8650.100
68 42 4025.800
68 43 7790.000
68 44 10800.300
68 45 7537.600
68 46 5916.900
68 47 6852.200
68 48 8153.000
68 49 9150.100
68 50 7904.600
68 51 9347.100
68 52 8277.800
68 53 7282.800
68 54 8269.200
68 55 2876.100
68 56 3326.100
68 57 8523.100
68 58 4677.800
68 59 7800.100
68 60 9120.500
68 61 7531.100
68 62 4724.000
68 63 1449.400
68 64 3861.200
68 65 4754.300
68 66 4609.200
68 67 2464.600
68 68 0.000
68 69 7813.700
68 70 5748.400
68 71 7196.700
68 72 6303.600
68 73 6999.300
68 74 5423.800
68 75 7861.700
68 76 2640.200
68 77 7857.700
68 78 6952.700
68 79 5900.600
68 80 6062.800
68 81 5244.200
68 82 4727.100
68 83 6512.200
68 84 3621.700
68 85 8342.400
68 86 4440.200
68 87 8739.400
68 88 6019.500
68 89 3020.800
68 90 4402.200
68 91 7103.800
68 92 9966.000
68 93 4844.300
68 94 9185.500
68 95 7261.400
68 96 3240.400
68 97 6883.400
68 98 3254.400
68 99 6536.900
68 100 2302.100
69 0 6025.600
69 1 8489.000
69 2 5412.200
69 3 6952.000
69 4 10154.200
69 5 7642.800
69 6 5562.700
69 7 7439.400
69 8 3512.900
69 9 5508.000
69 10 3617.900
69 11 8414.600
69 12 6209.800
69 13 3197.100
69 14 11961.200
69 15 6881.600
69 16 2474.600
69 17 5788.300
69 18 6893.800
69 19 4540.400
69 20 3192.100
69 21 5543.400
69 22 8084.000
69 23 4203.300
69 24 7698.500
69 25 7498.700
69 26 5154.000
69 27 8278.000
69 28 7436.400
69 29 10433.600
69 30 8020.100
69 31 4297.700
69 32 6824.400
69 33 6542.300
69 34 6349.600
69 35 7125.400
69 36 6288.900
69 37 3947.900
69 38 8314.500
69 39 8367.100
69 40 8377.700
69 41 1872.000
69 42 9202.400
69 43 7811.000
69 44 9135.900
69 45 7965.800
69 46 11757.600
69 47 7005.100
69 48 2477.000
69 49 7485.700
69 50 8332.900
69 51 4651.400
69 52 1101.600
69 53 2999.800
69 54 5640.000
69 55 4862.500
69 56 8502.800
69 57 3966.500
69 58 3545.200
69 59 8228.400
69 60 3709.400
69 61 6172.400
69 62 6535.600
69 63 6120.600
69 64 4388.400
69 65 9931.000
69 66 4943.300
69 67 6659.600
69 68 7337.900
69 69 0.000
69 70 7733.600
69 71 1253.000
69 72 4526.400
69 73 2613.400
69 74 6950.000
69 75 11560.700
69 76 7753.900
69 77 9861.700
69 78 4699.000
69 79 2561.100
69 80 9304.800
69 81 11084.900
69 82 5708.100
69 83 1078.800
69 84 4063.700
69 85 5415.100
69 86 6367.000
69 87 8772.700
69 88 6577.700
69 89 5309.000
69 90 8125.600
69 91 7532.100
69 92 8301.600
69 93 10020.900
69 94 4149.800
69 95 3479.900
69 96 8706.000
69 97 2181.100
69 98 7710.800
69 99 6965.200
69 100 8288.800
70 0 6176.500
70 1 2308.800
70 2 8713.700
70 3 10260.300
70 4 3697.700
70 5 9624.200
70 6 8846.600
70 7 4840.200
70 8 6330.300
70 9 4865.100
70 10 4924.700
70 11 10522.700
70 12 9767.900
70 13 6229.400
70 14 5009.000
70 15 10099.500
70 16 6114.600
70 17 4544.100
70 18 4889.100
70 19 3755.200
70 20 6455.500
70 21 8859.800
70 22 1206.000
70 23 7466.700
70 24 10104.900
70 25 9075.500
70 26 8346.700
70 27 11554.500
70 28 4368.800
70 29 5053.600
70 30 10525.500
70 31 7581.600
70 32 10132.700
70 33 7367.200
70 34 1352.900
70 35 6297.300
70 36 4173.300
70 37 7211.300
70 38 8965.900
70 39 4061.500
70 40 5748.000
70 41 7096.600
70 42 4626.400
70 43 11087.400
70 44 12412.400
70 45 11746.000
70 46 6377.700
70 47 917.000
70 48 6599.500
70 49 10762.200
70 50 11616.800
70 51 4343.100
70 52 8284.100
70 53 7389.300
70 54 8924.000
70 55 5932.600
70 56 6534.500
70 57 5343.400
70 58 6808.600
70 59 11512.300
70 60 5237.800
70 61 9473.900
70 62 9723.200
70 63 5734.900
70 64 6471.800
70 65 5135.800
70 66 8227.200
70 67 3672.800
70 68 5796.200
70 69 7450.500
70 70 0.000
70 71 6861.400
70 72 7548.600
70 73 7100.600
70 74 1052.000
70 75 5380.500
70 76 6925.800
70 77 3688.000
70 78 7982.900
70 79 6008.100
70 80 3124.500
70 81 5704.900
70 82 8971.600
70 83 6836.100
70 84 5676.600
70 85 9443.500
70 86 2940.300
70 87 12049.100
70 88 9861.600
70 89 7306.400
70 90 1945.300
70 91 10816.000
70 92 11578.100
70 93 7221.700
70 94 6712.200
70 95 7916.100
70 96 2525.700
70 97 7029.500
70 98 8020.600
70 99 10249.100
70 100 4294.300
71 0 5856.000
71 1 8204.600
71 2 6411.900
71 3 7951.700
71 4 9984.700
71 5 8642.500
71 6 6562.400
71 7 7269.900
71 8 2503.500
71 9 4874.100
71 10 3428.600
71 11 9414.200
71 12 6759.000
71 13 2563.200
71 14 11676.700
71 15 7881.300
71 16 2353.000
71 17 5524.300
71 18 6724.300
71 19 4276.300
71 20 4191.800
71 21 6543.100
71 22 7799.500
71 23 5202.900
71 24 8698.200
71 25 7379.800
71 26 6153.700
71 27 9277.700
71 28 7266.900
71 29 10264.000
71 30 8569.300
71 31 5297.300
71 32 7824.100
71 33 6432.700
71 34 6511.800
71 35 6983.200
71 36 6024.900
71 37 4947.600
71 38 8216.800
71 39 8197.500
71 40 8208.200
71 41 2421.100
71 42 9032.900
71 43 8810.600
71 44 10135.600
71 45 8965.500
71 46 11588.100
71 47 6371.200
71 48 2108.000
71 49 8485.400
71 50 9332.600
71 51 4017.500
71 52 1650.700
71 53 3999.400
71 54 6639.700
71 55 5862.200
71 56 8333.200
71 57 2957.200
71 58 4544.900
71 59 9228.100
71 60 3075.500
71 61 7172.100
71 62 7535.300
71 63 5951.100
71 64 5388.100
71 65 9761.500
71 66 5943.000
71 67 6395.600
71 68 7168.400
71 69 903.800
71 70 7526.600
71 71 0.000
71 72 5526.100
71 73 3613.100
71 74 6665.500
71 75 11276.300
71 76 7611.600
71 77 9577.200
71 78 5698.600
71 79 2439.500
71 80 9020.400
71 81 10915.300
71 82 6707.800
71 83 2078.500
71 84 4377.900
71 85 5964.300
71 86 6082.600
71 87 9772.300
71 88 7577.400
71 89 6308.700
71 90 7841.100
71 91 8531.800
71 92 9301.300
71 93 9851.400
71 94 3140.500
71 95 4479.600
71 96 8421.500
71 97 2289.800
71 98 7673.500
71 99 7964.900
71 100 8119.300
72 0 5143.000
72 1 8426.400
72 2 1168.500
72 3 2321.500
72 4 9271.700
72 5 6504.200
72 6 3256.500
72 7 6556.900
72 8 7286.600
72 9 7371.200
72 10 3555.200
72 11 7289.600
72 12 2626.000
72 13 7346.300
72 14 11891.400
72 15 5742.900
72 16 5548.700
72 17 5329.000
72 18 6011.300
72 19 4477.700
72 20 2064.800
72 21 1299.700
72 22 8021.300
72 23 2551.900
72 24 6573.500
72 25 6361.500
72 26 1612.600
72 27 4213.500
72 28 6553.900
72 29 9551.000
72 30 3569.200
72 31 2731.600
72 32 2868.800
72 33 5405.100
72 34 6287.000
72 35 5988.200
72 36 5829.600
72 37 942.000
72 38 7175.900
72 39 7484.600
72 40 7495.200
72 41 6123.100
72 42 8319.900
72 43 3243.700
72 44 5454.300
72 45 3516.000
72 46 10875.100
72 47 8036.500
72 48 6728.100
72 49 3804.100
72 50 4869.300
72 51 8101.100
72 52 5352.700
72 53 2516.200
72 54 1967.600
72 55 4132.200
72 56 7620.300
72 57 7261.200
72 58 2136.800
72 59 4764.800
72 60 7858.600
72 61 1928.700
72 62 5840.900
72 63 5238.100
72 64 3508.000
72 65 9048.500
72 66 2637.100
72 67 6200.300
72 68 6455.400
72 69 5066.000
72 70 7670.900
72 71 5934.800
72 72 0.000
72 73 3851.700
72 74 6887.300
72 75 12246.400
72 76 6616.700
72 77 9791.900
72 78 676.500
72 79 4638.700
72 80 9242.200
72 81 10202.400
72 82 3642.000
72 83 3587.200
72 84 3264.700
72 85 2321.500
72 86 6304.400
72 87 3963.200
72 88 3114.200
72 89 4426.500
72 90 8062.900
72 91 4068.600
72 92 4620.000
72 93 9138.400
72 94 7923.500
72 95 1656.600
72 96 8344.600
72 97 5621.400
72 98 6572.100
72 99 3501.600
72 100 7406.300
73 0 4002.300
73 1 6371.300
73 2 5068.500
73 3 6608.200
73 4 8130.900
73 5 6452.400
73 6 5218.900
73 7 5416.100
73 8 4413.800
73 9 5316.100
73 10 982.400
73 11 7350.900
73 12 6140.200
73 13 4473.500
73 14 9843.400
73 15 6537.800
73 16 2676.000
73 17 3670.500
73 18 4870.600
73 19 2422.600
73 20 2848.300
73 21 5199.700
73 22 5966.200
73 23 3859.500
73 24 6933.200
73 25 5526.100
73 26 4810.200
73 27 8143.100
73 28 5413.100
73 29 8410.300
73 30 6897.900
73 31 3943.600
73 32 6480.600
73 33 4579.000
73 34 4231.900
73 35 5129.400
73 36 4171.100
73 37 3604.100
73 38 6363.000
73 39 6343.800
73 40 6354.500
73 41 3957.100
73 42 7179.200
73 43 7676.100
73 44 9001.000
73 45 8334.600
73 46 9734.300
73 47 5981.400
73 48 4018.300
73 49 7350.800
73 50 7989.100
73 51 5927.800
73 52 3186.800
73 53 2029.100
73 54 5296.300
73 55 3982.900
73 56 6479.500
73 57 4388.400
73 58 3201.400
73 59 7884.600
73 60 4985.800
73 61 5828.700
73 62 6247.500
73 63 4097.300
73 64 3319.400
73 65 7907.700
73 66 4599.500
73 67 4541.800
73 68 5314.600
73 69 2900.000
73 70 5615.800
73 71 3062.000
73 72 4182.600
73 73 0.000
73 74 4832.200
73 75 9443.000
73 76 5757.900
73 77 7743.900
73 78 4355.200
73 79 1765.900
73 80 7187.100
73 81 9061.600
73 82 5364.400
73 83 1421.200
73 84 2524.200
73 85 5805.500
73 86 4249.300
73 87 8637.800
73 88 6233.900
73 89 4327.100
73 90 6007.800
73 91 7188.400
73 92 8166.700
73 93 7997.600
73 94 5050.700
73 95 3869.800
73 96 6588.200
73 97 2748.700
73 98 5819.700
73 99 6621.400
73 100 6265.500
74 0 5406.900
74 1 1539.100
74 2 8219.700
74 3 9766.400
74 4 2928.000
74 5 8854.500
74 6 8352.700
74 7 4070.500
74 8 7081.900
74 9 4834.300
74 10 4430.800
74 11 9753.000
74 12 9273.900
74 13 6981.000
74 14 4239.300
74 15 9329.800
74 16 5581.100
74 17 4050.100
74 18 4119.400
74 19 3261.300
74 20 5961.600
74 21 8365.800
74 22 1134.000
74 23 6972.800
74 24 9335.200
74 25 8305.800
74 26 7852.700
74 27 11060.500
74 28 3599.100
74 29 4284.000
74 30 10031.600
74 31 7087.600
74 32 9638.800
74 33 6597.600
74 34 1809.700
74 35 5527.700
74 36 3679.400
74 37 6717.400
74 38 8196.200
74 39 3291.800
74 40 4978.300
74 41 7848.100
74 42 3856.700
74 43 10593.500
74 44 11918.400
74 45 11252.000
74 46 5608.000
74 47 1994.400
74 48 7351.000
74 49 10268.200
74 50 11122.800
74 51 5094.600
74 52 8107.700
74 53 6895.400
74 54 8430.000
74 55 6392.100
74 56 5764.900
74 57 6094.900
74 58 6314.700
74 59 11018.300
74 60 5989.400
74 61 8979.900
74 62 8953.500
74 63 4965.300
74 64 5977.900
74 65 4366.100
74 66 7733.300
74 67 3178.800
74 68 5026.500
74 69 7427.300
74 70 890.700
74 71 6810.300
74 72 7054.600
74 73 6606.700
74 74 0.000
74 75 4610.800
74 76 6156.100
74 77 2918.300
74 78 7488.900
74 79 5514.200
74 80 2354.900
74 81 4935.300
74 82 8477.600
74 83 6342.100
74 84 5182.600
74 85 8949.600
74 86 2446.300
74 87 11555.200
74 88 9367.700
74 89 6536.800
74 90 1175.600
74 91 10322.100
74 92 11084.100
74 93 6452.100
74 94 7463.700
74 95 7422.200
74 96 1756.000
74 97 6497.000
74 98 7251.000
74 99 9755.100
74 100 3524.600
75 0 10589.000
75 1 3586.000
75 2 13044.500
75 3 14591.200
75 4 5042.800
75 5 10969.300
75 6 12322.000
75 7 8390.000
75 8 12242.300
75 9 9664.500
75 10 9260.200
75 11 11867.800
75 12 14098.700
75 13 12141.400
75 14 4185.400
75 15 11444.700
75 16 10411.300
75 17 8880.300
75 18 7656.600
75 19 8091.400
75 20 10791.000
75 21 13190.600
75 22 4742.600
75 23 11283.800
75 24 11450.000
75 25 10420.700
75 26 12057.900
75 27 15885.300
75 28 7136.400
75 29 5258.100
75 30 14856.400
75 31 11912.400
75 32 13674.000
75 33 10475.100
75 34 6639.800
75 35 8719.100
75 36 8509.500
75 37 11802.400
75 38 10311.000
75 39 6737.400
75 40 7093.100
75 41 13093.100
75 42 5230.600
75 43 15418.300
75 44 16743.200
75 45 16076.800
75 46 3269.400
75 47 7284.900
75 48 12596.000
75 49 15093.000
75 50 15107.000
75 51 10255.000
75 52 12937.100
75 53 11720.200
75 54 13254.800
75 55 10078.500
75 56 7879.700
75 57 11255.300
75 58 11144.100
75 59 15002.500
75 60 11149.800
75 61 13804.700
75 62 11068.300
75 63 8651.600
75 64 10807.300
75 65 4747.800
75 66 11811.500
75 67 8009.000
75 68 8563.800
75 69 12256.700
75 70 6304.300
75 71 11639.700
75 72 11879.400
75 73 11436.100
75 74 5520.700
75 75 0.000
75 76 9388.000
75 77 4107.800
75 78 12313.700
75 79 10343.600
75 80 4418.500
75 81 3831.900
75 82 12206.800
75 83 11171.600
75 84 10012.100
75 85 13774.300
75 86 7276.500
75 87 16380.000
75 88 13351.800
75 89 10223.200
75 90 5368.100
75 91 14306.200
75 92 15908.900
75 93 4222.500
75 94 12624.100
75 95 12247.000
75 96 5812.100
75 97 11326.400
75 98 9365.800
75 99 13739.300
75 100 7061.900
76 0 2812.000
76 1 5234.700
76 2 6593.200
76 3 7374.900
76 4 4215.200
76 5 2325.600
76 6 4042.900
76 7 2569.100
76 8 8784.200
76 9 8852.900
76 10 5052.900
76 11 3224.000
76 12 8578.100
76 13 8843.900
76 14 5784.000
76 15 2800.900
76 16 7046.400
76 17 4296.200
76 18 2040.300
76 19 5759.000
76 20 5596.500
76 21 6279.400
76 22 6391.300
76 23 4209.400
76 24 2806.300
76 25 1732.700
76 26 4786.700
76 27 8030.200
76 28 2582.900
76 29 4494.500
76 30 9079.100
76 31 7204.900
76 32 6392.300
76 33 1999.500
76 34 7501.700
76 35 987.300
76 36 4796.900
76 37 5791.800
76 38 2236.200
76 39 3122.200
76 40 2407.900
76 41 8885.800
76 42 3236.100
76 43 6957.800
76 44 9968.000
76 45 6705.300
76 46 5818.600
76 47 7811.000
76 48 8388.700
76 49 8317.800
76 50 7072.300
76 51 9582.800
76 52 8628.300
76 53 7518.500
76 54 8200.400
76 55 3111.800
76 56 1042.100
76 57 8758.800
76 58 4805.700
76 59 6248.900
76 60 9356.200
76 61 7462.200
76 62 2424.500
76 63 1663.900
76 64 4096.900
76 65 3961.200
76 66 4540.400
76 67 5167.500
76 68 2643.800
76 69 8049.400
76 70 6707.200
76 71 7432.400
76 72 6234.800
76 73 7127.300
76 74 6382.600
76 75 7866.100
76 76 0.000
76 77 8816.400
76 78 6883.800
76 79 6136.300
76 80 6067.200
76 81 5145.800
76 82 3645.000
76 83 6862.800
76 84 3857.400
76 85 8273.600
76 86 5488.100
76 87 7907.100
76 88 4937.300
76 89 2523.500
76 90 5360.900
76 91 5552.600
76 92 9133.700
76 93 4051.100
76 94 9421.100
76 95 7192.500
76 96 4228.300
76 97 7119.100
76 98 722.000
76 99 5704.600
76 100 3435.300
77 0 8485.900
77 1 1482.900
77 2 10946.800
77 3 12166.000
77 4 2939.800
77 5 8866.300
77 6 10218.900
77 7 6286.900
77 8 10139.200
77 9 7561.400
77 10 7157.800
77 11 9764.800
77 12 12001.000
77 13 10038.300
77 14 2099.500
77 15 9341.600
77 16 8308.200
77 17 6777.200
77 18 6294.500
77 19 5988.400
77 20 8688.700
77 21 11447.500
77 22 2639.500
77 23 9180.700
77 24 9347.000
77 25 8317.600
77 26 9954.800
77 27 13787.600
77 28 5774.300
77 29 4295.700
77 30 12758.700
77 31 9814.700
77 32 11570.900
77 33 8372.000
77 34 4536.700
77 35 6616.100
77 36 6406.500
77 37 9444.500
77 38 8208.000
77 39 4634.300
77 40 4990.000
77 41 10905.400
77 42 3868.500
77 43 13320.600
77 44 14645.500
77 45 12636.900
77 46 4082.900
77 47 5181.800
77 48 10408.300
77 49 12995.300
77 50 13003.900
77 51 8151.900
77 52 10834.800
77 53 9622.500
77 54 11157.100
77 55 7975.400
77 56 5776.600
77 57 9152.200
77 58 9041.800
77 59 12899.400
77 60 9046.700
77 61 11707.000
77 62 8965.200
77 63 6548.500
77 64 8960.500
77 65 4377.900
77 66 9708.500
77 67 5905.900
77 68 7201.700
77 69 10154.400
77 70 4201.300
77 71 9537.400
77 72 9781.700
77 73 9333.800
77 74 3417.600
77 75 2454.500
77 76 7285.000
77 77 0.000
77 78 10216.000
77 79 8241.300
77 80 2315.400
77 81 4947.000
77 82 10103.800
77 83 9069.200
77 84 7909.700
77 85 11676.600
77 86 5173.400
77 87 13838.700
77 88 11248.700
77 89 8120.100
77 90 3265.100
77 91 12203.100
77 92 13811.200
77 93 6463.800
77 94 10521.100
77 95 10149.300
77 96 3709.100
77 97 9224.100
77 98 7262.700
77 99 11636.200
77 100 5699.800
78 0 5641.000
78 1 9420.400
78 2 704.500
78 3 1857.500
78 4 9769.600
78 5 7004.500
78 6 3756.900
78 7 7054.900
78 8 8132.700
78 9 8365.300
78 10 4549.300
78 11 7429.700
78 12 1783.800
78 13 8340.300
78 14 12885.500
78 15 6206.900
78 16 6542.800
78 17 6036.900
78 18 6509.300
78 19 5303.200
78 20 2772.700
78 21 1419.800
78 22 9015.400
78 23 3259.800
78 24 6713.600
78 25 6861.800
78 26 2325.000
78 27 3749.500
78 28 7051.800
78 29 10049.000
78 30 2978.500
78 31 2788.800
78 32 2988.900
78 33 5905.400
78 34 7281.100
78 35 6488.600
78 36 6537.500
78 37 1649.900
78 38 7676.200
78 39 7982.500
78 40 7993.200
78 41 6307.500
78 42 8817.900
78 43 2779.800
78 44 4863.500
78 45 3052.100
78 46 11373.000
78 47 9030.600
78 48 6912.500
78 49 3213.400
78 50 3940.700
78 51 9095.100
78 52 6060.600
78 53 3510.300
78 54 1376.900
78 55 4630.200
78 56 8118.200
78 57 8255.200
78 58 2844.600
78 59 5126.200
78 60 8896.100
78 61 1464.700
78 62 6151.000
78 63 5736.000
78 64 4215.900
78 65 9546.400
78 66 3135.100
78 67 6908.200
78 68 6953.300
78 69 5773.900
78 70 8665.000
78 71 7086.400
78 72 707.900
78 73 4559.600
78 74 7881.400
78 75 13240.500
78 76 7117.000
78 77 10786.000
78 78 0.000
78 79 5632.700
78 80 10236.200
78 81 10700.300
78 82 4142.400
78 83 4295.100
78 84 3972.600
78 85 1479.300
78 86 7640.700
78 87 3499.200
78 88 3475.500
78 89 4924.400
78 90 9057.000
78 91 4429.900
78 92 4029.200
78 93 9636.400
78 94 8769.600
78 95 2048.000
78 96 8842.500
78 97 6615.500
78 98 7072.500
78 99 3863.000
78 100 7904.200
79 0 5361.100
79 1 7709.700
79 2 6920.100
79 3 8466.700
79 4 9489.800
79 5 7811.300
79 6 7053.000
79 7 6775.000
79 8 3229.600
79 9 5600.200
79 10 2933.700
79 11 8709.800
79 12 8350.100
79 13 3289.300
79 14 11181.800
79 15 8351.500
79 16 1858.100
79 17 5029.400
79 18 6229.400
79 19 3781.400
79 20 4661.900
79 21 7066.200
79 22 7304.600
79 23 5673.100
79 24 8292.000
79 25 6884.900
79 26 6553.100
79 27 9760.900
79 28 6772.000
79 29 9769.100
79 30 8731.900
79 31 5788.000
79 32 8339.100
79 33 5937.800
79 34 5570.300
79 35 6488.300
79 36 5530.000
79 37 5417.700
79 38 7721.900
79 39 7702.600
79 40 7713.300
79 41 3331.200
79 42 8538.000
79 43 9293.800
79 44 10618.800
79 45 9952.400
79 46 11093.200
79 47 7097.300
79 48 2834.100
79 49 8968.600
79 50 9823.200
79 51 4743.600
79 52 3241.800
79 53 5590.500
79 54 7130.400
79 55 5341.800
79 56 7838.300
79 57 3204.200
79 58 5015.000
79 59 9718.700
79 60 3801.600
79 61 7680.300
79 62 7606.300
79 63 5456.200
79 64 4678.200
79 65 9266.600
79 66 6433.600
79 67 5900.700
79 68 6673.500
79 69 2494.800
79 70 6954.200
79 71 1877.800
79 72 5755.000
79 73 5204.200
79 74 6170.600
79 75 10781.400
79 76 7116.700
79 77 9082.300
79 78 6189.300
79 79 0.000
79 80 8525.500
79 81 10420.400
79 82 7178.000
79 83 3669.500
79 84 3883.000
79 85 7555.400
79 86 5587.700
79 87 10255.500
79 88 8068.000
79 89 5685.900
79 90 7346.200
79 91 9022.400
79 92 9784.500
79 93 9356.500
79 94 3866.600
79 95 6122.500
79 96 7926.600
79 97 1564.500
79 98 7178.600
79 99 8455.500
79 100 7624.400
80 0 7899.000
80 1 1447.000
80 2 11174.400
80 3 11579.100
80 4 2352.800
80 5 8279.300
80 6 9632.000
80 7 5700.000
80 8 10504.000
80 9 7525.500
80 10 7122.000
80 11 9177.800
80 12 11965.100
80 13 10403.100
80 14 2461.900
80 15 8754.700
80 16 8272.300
80 17 6741.400
80 18 5707.600
80 19 5952.500
80 20 8652.800
80 21 10860.500
80 22 2603.700
80 23 8593.800
80 24 8760.000
80 25 7730.700
80 26 9367.900
80 27 13751.700
80 28 5187.300
80 29 3708.800
80 30 12722.800
80 31 9778.800
80 32 10984.000
80 33 7785.100
80 34 4500.900
80 35 6029.100
80 36 6370.600
80 37 9408.600
80 38 7621.000
80 39 4047.400
80 40 4403.100
80 41 11270.200
80 42 3281.500
80 43 12302.400
80 44 14609.600
80 45 12049.900
80 46 5032.800
80 47 3909.100
80 48 10773.100
80 49 12959.400
80 50 12417.000
80 51 8516.700
80 52 10798.900
80 53 9586.600
80 54 11121.200
80 55 7388.500
80 56 5189.700
80 57 9517.000
80 58 9190.100
80 59 12312.500
80 60 9411.500
80 61 12043.400
80 62 8378.300
80 63 5961.600
80 64 8373.600
80 65 3791.000
80 66 9121.500
80 67 5870.100
80 68 6614.700
80 69 10118.500
80 70 4165.400
80 71 9501.500
80 72 9745.800
80 73 9297.900
80 74 3381.800
80 75 2833.300
80 76 6698.000
80 77 6300.100
80 78 10180.100
80 79 8205.400
80 80 0.000
80 81 4360.100
80 82 9516.800
80 83 9033.400
80 84 8134.100
80 85 11640.800
80 86 5137.600
80 87 13251.700
80 88 10661.800
80 89 7533.200
80 90 2678.100
80 91 11616.200
80 92 13775.300
80 93 5876.900
80 94 10885.800
80 95 10113.400
80 96 3122.100
80 97 9188.200
80 98 6675.800
80 99 11049.300
80 100 5112.800
81 0 5112.200
81 1 3675.000
81 2 9938.700
81 3 10343.400
81 4 2655.500
81 5 7043.700
81 6 8396.300
81 7 3775.800
81 8 11338.700
81 9 8966.600
81 10 8093.900
81 11 7942.200
81 12 11923.600
81 13 11237.800
81 14 3145.400
81 15 7519.000
81 16 10087.400
81 17 5664.700
81 18 3824.700
81 19 5638.100
81 20 8745.200
81 21 9624.900
81 22 4831.600
81 23 7358.100
81 24 7524.400
81 25 6495.000
81 26 8132.200
81 27 12139.200
81 28 3304.400
81 29 1426.100
81 30 12424.600
81 31 10550.500
81 32 9748.300
81 33 6549.400
81 34 5942.000
81 35 4793.500
81 36 5420.800
81 37 9137.300
81 38 6385.300
81 39 2811.700
81 40 2492.400
81 41 11926.800
81 42 1398.600
81 43 11066.700
81 44 14077.000
81 45 10814.200
81 46 1522.300
81 47 6251.300
81 48 11429.700
81 49 12426.800
81 50 11181.300
81 51 9351.500
81 52 11554.500
81 53 10559.500
81 54 11545.900
81 55 6152.800
81 56 3954.000
81 57 10351.800
81 58 7954.400
81 59 11076.800
81 60 10246.200
81 61 10807.700
81 62 7142.600
81 63 4725.900
81 64 7137.900
81 65 1060.500
81 66 7885.900
81 67 4793.400
81 68 4731.800
81 69 11090.400
81 70 5147.500
81 71 10473.400
81 72 9580.300
81 73 10276.000
81 74 4822.900
81 75 6306.400
81 76 5462.400
81 77 6850.900
81 78 10229.400
81 79 9177.300
81 80 4507.500
81 81 0.000
81 82 8281.200
81 83 9788.900
81 84 6898.400
81 85 11619.100
81 86 4060.900
81 87 12016.000
81 88 9426.100
81 89 6297.500
81 90 3801.200
81 91 10380.500
81 92 13242.700
81 93 2621.000
81 94 11720.600
81 95 10538.000
81 96 2801.100
81 97 10160.100
81 98 5440.100
81 99 9813.600
81 100 3229.900
82 0 3511.400
82 1 8659.500
82 2 3645.500
82 3 4427.200
82 4 7640.000
82 5 3566.100
82 6 1095.200
82 7 4631.900
82 8 8724.100
82 9 8808.800
82 10 4992.800
82 11 4337.800
82 12 5630.400
82 13 8783.800
82 14 9208.900
82 15 2804.800
82 16 6986.300
82 17 4483.800
82 18 4103.100
82 19 5776.400
82 20 2993.400
82 21 3331.700
82 22 9816.100
82 23 2119.900
82 24 3621.700
82 25 3423.300
82 26 1839.000
82 27 5082.500
82 28 4645.700
82 29 7919.400
82 30 6131.400
82 31 4257.300
82 32 3444.700
82 33 2466.900
82 34 7724.600
82 35 3050.100
82 36 4984.400
82 37 2844.100
82 38 4237.800
82 39 5576.400
82 40 5863.600
82 41 7309.200
82 42 6688.200
82 43 4010.100
82 44 7020.300
82 45 3757.600
82 46 9243.400
82 47 9474.100
82 48 7914.300
82 49 5370.100
82 50 4124.600
82 51 9538.700
82 52 6538.900
82 53 4376.500
82 54 5252.700
82 55 2500.600
82 56 4270.500
82 57 8698.700
82 58 2716.200
82 59 3703.700
82 60 9296.100
82 61 4514.500
82 62 2902.800
82 63 3606.400
82 64 2428.000
82 65 7416.800
82 66 1592.700
82 67 5355.100
82 68 4823.700
82 69 6252.100
82 70 9108.500
82 71 7564.600
82 72 3287.100
82 73 5037.800
82 74 8324.900
82 75 11291.000
82 76 3678.500
82 77 11236.600
82 78 3936.200
82 79 6076.200
82 80 9492.000
82 81 8570.700
82 82 0.000
82 83 4773.300
82 84 3223.200
82 85 5325.900
82 86 6087.600
82 87 4959.400
82 88 1989.600
82 89 1921.600
82 90 7598.200
82 91 3007.500
82 92 6186.000
82 93 7506.700
82 94 9361.100
82 95 4244.800
82 96 6436.400
82 97 7059.000
82 98 3634.000
82 99 2756.900
82 100 5498.100
83 0 4946.800
83 1 7410.300
83 2 4333.500
83 3 5873.200
83 4 9075.400
83 5 6564.100
83 6 4483.900
83 7 6360.700
83 8 5047.300
83 9 6355.100
83 10 2539.100
83 11 7335.800
83 12 5405.200
83 13 5038.200
83 14 10882.400
83 15 5802.800
83 16 3240.700
83 17 4709.500
83 18 5815.100
83 19 3461.600
83 20 2113.300
83 21 4464.700
83 22 7005.200
83 23 3124.500
83 24 6619.700
83 25 6419.900
83 26 4075.200
83 27 7199.200
83 28 6357.600
83 29 9354.800
83 30 6162.900
83 31 3218.900
83 32 5745.600
83 33 5463.500
83 34 5270.900
83 35 6046.700
83 36 5210.100
83 37 2869.100
83 38 7235.800
83 39 7288.300
83 40 7299.000
83 41 3222.100
83 42 8123.700
83 43 6732.200
83 44 8057.100
83 45 6887.100
83 46 10678.800
83 47 7020.400
83 48 3827.100
83 49 6406.900
83 50 7254.100
83 51 6492.600
83 52 2451.700
83 53 1921.000
83 54 4561.300
83 55 3783.800
83 56 7424.000
83 57 4953.100
83 58 2466.400
83 59 7149.600
83 60 5810.800
83 61 5093.700
83 62 5456.800
83 63 5041.800
83 64 3309.600
83 65 8852.200
83 66 3864.500
83 67 5580.800
83 68 6259.100
83 69 2165.000
83 70 6654.800
83 71 3477.500
83 72 3447.600
83 73 1534.700
83 74 5871.200
83 75 10482.000
83 76 6675.100
83 77 8782.900
83 78 3620.200
83 79 2330.600
83 80 8226.100
83 81 10006.100
83 82 4629.400
83 83 0.000
83 84 2984.900
83 85 5080.800
83 86 5288.300
83 87 7693.900
83 88 5498.900
83 89 4230.200
83 90 7046.800
83 91 6453.300
83 92 7222.800
83 93 8942.200
83 94 5684.300
83 95 3553.400
83 96 7627.200
83 97 3313.400
83 98 6632.000
83 99 5886.400
83 100 7210.000
84 0 2396.100
84 1 6440.900
84 2 4160.600
84 3 5700.300
84 4 6524.800
84 5 4846.300
84 6 3526.200
84 7 3810.000
84 8 5317.000
84 9 5385.700
84 10 1585.700
84 11 5744.800
84 12 5618.100
84 13 5376.700
84 14 8093.600
84 15 4339.400
84 16 3579.200
84 17 2064.300
84 18 3264.400
84 19 2291.800
84 20 1940.400
84 21 4291.800
84 22 6035.800
84 23 2051.200
84 24 4975.600
84 25 3919.900
84 26 3026.300
84 27 8216.500
84 28 3807.000
84 29 6804.100
84 30 6633.600
84 31 3892.100
84 32 4722.200
84 33 2972.800
84 34 4301.500
84 35 3523.300
84 36 2565.000
84 37 2696.200
84 38 4756.900
84 39 4737.600
84 40 4748.300
84 41 5418.600
84 42 5573.000
84 43 6181.800
84 44 9074.300
84 45 5929.300
84 46 8128.200
84 47 6051.000
84 48 4921.500
84 49 7424.200
84 50 6296.400
84 51 6115.600
84 52 4917.000
84 53 4051.300
84 54 5585.900
84 55 1780.300
84 56 4873.300
84 57 5291.600
84 58 1393.100
84 59 6191.900
84 60 5889.000
84 61 4920.800
84 62 3453.400
84 63 2491.200
84 64 795.200
84 65 6301.600
84 66 2906.800
84 67 2935.700
84 68 3708.400
84 69 4582.200
84 70 5685.400
84 71 3965.200
84 72 3274.700
84 73 3415.900
84 74 4901.800
84 75 10175.700
84 76 4151.700
84 77 7813.500
84 78 3953.500
84 79 2669.100
84 80 7256.700
84 81 7455.400
84 82 3231.300
84 83 3151.400
84 84 0.000
84 85 5313.600
84 86 3668.200
84 87 7131.100
84 88 4541.200
84 89 2226.800
84 90 6077.400
84 91 5495.600
84 92 8240.000
84 93 6391.500
84 94 5954.000
84 95 4578.100
84 96 5597.700
84 97 3651.900
84 98 4213.500
84 99 4928.700
84 100 4659.400
85 0 6910.100
85 1 9711.500
85 2 1626.400
85 3 2779.400
85 4 11038.700
85 5 8481.200
85 6 5233.500
85 7 8323.900
85 8 6718.000
85 9 8656.300
85 10 4840.300
85 11 8698.700
85 12 794.700
85 13 7173.100
85 14 13176.500
85 15 7476.000
85 16 6833.800
85 17 7010.700
85 18 7778.300
85 19 5762.800
85 20 4041.800
85 21 2688.800
85 22 9306.400
85 23 4528.900
85 24 7982.700
85 25 8338.400
85 26 3568.500
85 27 4431.300
85 28 8320.900
85 29 11318.100
85 30 3331.700
85 31 3024.000
85 32 4258.000
85 33 7382.100
85 34 7572.100
85 35 7965.200
85 36 7511.300
85 37 2915.300
85 38 9152.900
85 39 9251.600
85 40 9262.300
85 41 4892.800
85 42 10087.000
85 43 3701.700
85 44 4926.900
85 45 3974.000
85 46 12642.100
85 47 9321.600
85 48 5497.800
85 49 3639.000
85 50 4862.600
85 51 8744.100
85 52 5318.300
85 53 3801.300
85 54 1802.500
85 55 5899.300
85 56 9387.300
85 57 7728.900
85 58 4113.700
85 59 6160.500
85 60 7481.400
85 61 2386.600
85 62 7420.100
85 63 7005.100
85 64 5485.000
85 65 10815.500
85 66 4404.200
85 67 7882.000
85 68 8222.400
85 69 5873.900
85 70 8956.000
85 71 6312.100
85 72 2259.600
85 73 4863.700
85 74 8172.400
85 75 13531.500
85 76 8593.700
85 77 11077.000
85 78 1423.100
85 79 5923.800
85 80 10527.300
85 81 11969.400
85 82 5619.000
85 83 4599.100
85 84 5241.600
85 85 0.000
85 86 7589.500
85 87 4421.100
85 88 4744.600
85 89 6193.500
85 90 9348.000
85 91 5464.300
85 92 4092.600
85 93 10905.400
85 94 7354.900
85 95 2283.100
85 96 9928.400
85 97 6906.500
85 98 8549.100
85 99 5132.100
85 100 9173.300
86 0 3011.700
86 1 3782.200
86 2 7195.900
86 3 7379.100
86 4 4497.800
86 5 6861.600
86 6 5587.100
86 7 3422.000
86 8 6594.000
86 9 3876.900
86 10 3406.900
86 11 7760.100
86 12 8250.000
86 13 6493.100
86 14 5178.600
86 15 6661.400
86 16 4557.300
86 17 1603.800
86 18 2226.400
86 19 1705.400
86 20 4937.700
86 21 6660.600
86 22 3377.200
86 23 4373.900
86 24 7342.300
86 25 5935.200
86 26 5168.000
86 27 10036.600
86 28 2276.700
86 29 3889.100
86 30 9007.700
86 31 6063.700
86 32 6808.400
86 33 4988.200
86 34 2747.300
86 35 3634.600
86 36 1359.900
86 37 5693.500
86 38 6772.200
86 39 2959.600
86 40 4938.200
86 41 7360.200
86 42 3811.100
86 43 8257.500
86 44 10894.500
86 45 8005.000
86 46 5213.100
86 47 3392.400
86 48 6863.100
86 49 9244.400
86 50 8372.000
86 51 4606.700
86 52 7083.800
86 53 5871.500
86 54 7406.100
86 55 2992.300
86 56 5724.800
86 57 5607.000
86 58 4970.200
86 59 8267.500
86 60 5501.500
86 61 7956.000
86 62 5710.000
86 63 3106.700
86 64 3977.400
86 65 4320.500
86 66 4993.000
86 67 732.500
86 68 3133.500
86 69 6403.400
86 70 3026.800
86 71 5786.400
86 72 6030.700
86 73 5582.800
86 74 2243.100
86 75 7157.900
86 76 4263.100
86 77 5161.500
86 78 6465.000
86 79 4490.300
86 80 4598.000
86 81 4540.400
86 82 5487.900
86 83 5318.300
86 84 3737.900
86 85 7925.700
86 86 0.000
86 87 9206.800
86 88 6616.900
86 89 4736.300
86 90 3698.400
86 91 7571.300
86 92 10060.200
86 93 6406.500
86 94 6975.900
86 95 6398.300
86 96 2536.600
86 97 5473.100
86 98 4877.300
86 99 7004.300
86 100 1424.300
87 0 7015.300
87 1 12163.500
87 2 2940.400
87 3 2146.600
87 4 11144.000
87 5 6304.800
87 6 4337.500
87 7 8429.200
87 8 11882.000
87 9 11966.700
87 10 8150.700
87 11 6070.600
87 12 4449.900
87 13 11941.700
87 14 12712.800
87 15 4847.900
87 16 10144.200
87 17 7987.800
87 18 7883.600
87 19 9073.200
87 20 5733.100
87 21 3439.300
87 22 12616.800
87 23 5620.900
87 24 5354.600
87 25 7242.500
87 26 4344.600
87 27 893.600
87 28 8426.200
87 29 11423.300
87 30 3904.700
87 31 5748.900
87 32 4035.400
87 33 6435.500
87 34 10882.500
87 35 7018.600
87 36 8488.400
87 37 4124.900
87 38 7537.300
87 39 9356.900
87 40 9367.500
87 41 9267.500
87 42 10192.200
87 43 936.600
87 44 2457.400
87 45 1143.100
87 46 12747.400
87 47 12632.000
87 48 9872.500
87 49 2296.700
87 50 834.800
87 51 12696.600
87 52 9682.600
87 53 7119.200
87 54 4336.900
87 55 6004.500
87 56 8050.100
87 57 11856.600
87 58 5900.300
87 59 2176.000
87 60 12454.000
87 61 2287.800
87 62 5905.900
87 63 7110.400
87 64 5932.000
87 65 10920.800
87 66 4509.400
87 67 8859.100
87 68 8327.700
87 69 9395.900
87 70 12266.400
87 71 10530.200
87 72 4000.400
87 73 8181.600
87 74 11482.800
87 75 14794.900
87 76 7299.900
87 77 14387.400
87 78 3554.100
87 79 9234.100
87 80 12996.000
87 81 12074.700
87 82 4672.400
87 83 7917.000
87 84 6727.200
87 85 4439.300
87 86 9591.600
87 87 0.000
87 88 2746.200
87 89 5890.200
87 90 11378.700
87 91 2294.900
87 92 3112.500
87 93 11010.700
87 94 12519.000
87 95 5008.000
87 96 10216.900
87 97 10216.900
87 98 6637.100
87 99 2562.300
87 100 9278.600
88 0 4732.300
88 1 9880.400
88 2 3028.600
88 3 2437.600
88 4 8860.900
88 5 4188.300
88 6 1728.900
88 7 6146.100
88 8 9780.500
88 9 9865.200
88 10 6049.200
88 11 3954.100
88 12 4983.800
88 13 9840.200
88 14 10429.700
88 15 2731.300
88 16 8042.700
88 17 5704.700
88 18 5600.500
88 19 6971.600
88 20 3627.000
88 21 2714.700
88 22 11037.000
88 23 3337.800
88 24 3238.100
88 25 4763.800
88 26 2472.700
88 27 3093.000
88 28 6143.100
88 29 9140.300
88 30 4988.600
88 31 4890.900
88 32 2323.000
88 33 3807.400
88 34 8780.900
88 35 4390.600
88 36 6205.300
88 37 3303.500
88 38 5420.800
88 39 7073.800
88 40 7084.400
88 41 8387.200
88 42 7909.100
88 43 2020.500
88 44 5030.700
88 45 1768.000
88 46 10464.300
88 47 10530.500
88 48 8992.200
88 49 3380.600
88 50 2135.000
88 51 10595.000
88 52 7616.800
88 53 5010.100
88 54 4610.300
88 55 3721.500
88 56 5611.000
88 57 9755.100
88 58 3794.200
88 59 2053.400
88 60 10352.500
88 61 3371.700
88 62 3789.400
88 63 4827.300
88 64 3648.900
88 65 8637.700
88 66 2226.300
88 67 6576.000
88 68 6044.600
88 69 7330.000
88 70 10164.900
88 71 8642.500
88 72 3275.800
88 73 6115.700
88 74 9381.200
88 75 12511.900
88 76 5019.000
88 77 12285.900
88 78 3319.200
88 79 7132.600
88 80 10712.900
88 81 9791.600
88 82 2044.400
88 83 5851.200
88 84 4444.100
88 85 4679.300
88 86 7308.500
88 87 2969.800
88 88 0.000
88 89 3262.100
88 90 9095.600
88 91 1357.100
88 92 4196.400
88 93 8727.600
88 94 10417.500
88 95 4704.200
88 96 7933.800
88 97 8115.400
88 98 4520.600
88 99 767.300
88 100 6995.500
89 0 2103.700
89 1 7251.900
89 2 4423.200
89 3 5653.500
89 4 6232.400
89 5 3232.500
89 6 2321.500
89 7 3517.600
89 8 7286.500
89 9 7355.200
89 10 3555.100
89 11 4130.900
89 12 6408.100
89 13 7346.200
89 14 7801.200
89 15 2806.400
89 16 5548.700
89 17 2798.500
89 18 2972.000
89 19 4261.300
89 20 3229.700
89 21 4109.400
89 22 8408.500
89 23 1842.600
89 24 3442.600
89 25 2306.100
89 26 2616.800
89 27 6308.800
89 28 3514.600
89 29 6511.700
89 30 6909.100
89 31 5035.000
89 32 4232.800
89 33 1359.000
89 34 6271.000
89 35 1909.400
89 36 3299.200
89 37 3621.800
89 38 3143.100
89 39 4445.200
89 40 4455.900
89 41 7031.900
89 42 5280.600
89 43 5236.400
89 44 8246.600
89 45 4983.900
89 46 7835.700
89 47 8020.500
89 48 6891.000
89 49 6596.400
89 50 5350.900
89 51 8085.100
89 52 6261.600
89 53 5019.700
89 54 6030.400
89 55 1382.600
89 56 3129.800
89 57 7261.100
89 58 2439.000
89 59 5140.400
89 60 7858.500
89 61 5292.300
89 62 1920.400
89 63 2198.800
89 64 2153.800
89 65 6009.100
89 66 2370.400
89 67 3669.800
89 68 3416.000
89 69 5974.800
89 70 7654.900
89 71 5934.700
89 72 4064.800
89 73 4760.500
89 74 6871.300
89 75 9883.300
89 76 2537.900
89 77 9783.000
89 78 4713.900
89 79 4638.600
89 80 8084.400
89 81 7163.000
89 82 1923.600
89 83 4496.000
89 84 2359.700
89 85 6103.600
89 86 4402.300
89 87 6185.700
89 88 3215.900
89 89 0.000
89 90 6467.000
89 91 4444.200
89 92 7412.300
89 93 6099.100
89 94 7923.400
89 95 5022.600
89 96 5305.200
89 97 5621.400
89 98 2599.700
89 99 3983.200
89 100 4367.000
90 0 5079.500
90 1 1652.000
90 2 8550.800
90 3 10097.500
90 4 2600.700
90 5 8527.200
90 6 8683.700
90 7 3743.200
90 8 7537.500
90 9 5165.400
90 10 4761.800
90 11 9425.700
90 12 9605.000
90 13 7436.600
90 14 3912.000
90 15 9002.500
90 16 5912.200
90 17 4381.200
90 18 3792.100
90 19 3592.400
90 20 6292.700
90 21 8696.900
90 22 1671.200
90 23 7303.800
90 24 9007.900
90 25 7978.500
90 26 8183.800
90 27 11391.600
90 28 3271.800
90 29 3956.600
90 30 10362.700
90 31 7418.700
90 32 9969.900
90 33 6270.300
90 34 2140.700
90 35 5200.300
90 36 4010.500
90 37 7048.500
90 38 7868.900
90 39 2964.500
90 40 4651.000
90 41 8303.700
90 42 3529.400
90 43 10924.600
90 44 12249.500
90 45 11583.100
90 46 5280.700
90 47 2450.000
90 48 7806.600
90 49 10599.300
90 50 11453.900
90 51 5550.200
90 52 8438.800
90 53 7226.500
90 54 8761.100
90 55 6064.700
90 56 5437.500
90 57 6550.500
90 58 6645.800
90 59 11349.400
90 60 6445.000
90 61 9311.000
90 62 8626.200
90 63 4637.900
90 64 6308.900
90 65 4038.800
90 66 8064.300
90 67 3509.900
90 68 4699.200
90 69 7758.400
90 70 1346.200
90 71 7141.400
90 72 7385.700
90 73 6937.800
90 74 1021.600
90 75 4283.500
90 76 5828.800
90 77 3455.500
90 78 7820.000
90 79 5845.300
90 80 2484.500
90 81 4607.900
90 82 7915.700
90 83 6673.200
90 84 5513.700
90 85 9280.600
90 86 2777.400
90 87 11886.300
90 88 9698.700
90 89 6209.400
90 90 0.000
90 91 10653.200
90 92 11415.200
90 93 6124.800
90 94 7919.300
90 95 7753.300
90 96 1428.700
90 97 6828.100
90 98 6923.600
90 99 10086.200
90 100 3197.300
91 0 5577.300
91 1 10725.500
91 2 3303.000
91 3 2605.400
91 4 9706.000
91 5 4332.300
91 6 2913.300
91 7 6991.200
91 8 10608.600
91 9 10693.300
91 10 6877.300
91 11 4098.100
91 12 5258.200
91 13 10668.400
91 14 11274.800
91 15 2875.400
91 16 8870.800
91 17 6549.800
91 18 6445.600
91 19 7799.800
91 20 4472.100
91 21 2989.100
91 22 11882.100
91 23 4182.900
91 24 3382.100
91 25 5270.000
91 26 3230.400
91 27 2652.000
91 28 6988.200
91 29 9985.300
91 30 5036.900
91 31 5736.000
91 32 2597.400
91 33 4991.800
91 34 9609.100
91 35 5575.000
91 36 7050.400
91 37 3577.900
91 38 5564.800
91 39 7918.900
91 40 7929.500
91 41 9159.000
91 42 8754.200
91 43 2175.600
91 44 4215.700
91 45 1665.500
91 46 11309.400
91 47 11358.600
91 48 9764.100
91 49 3535.600
91 50 1403.000
91 51 11423.200
91 52 8388.700
91 53 5838.300
91 54 4884.700
91 55 4566.500
91 56 6077.600
91 57 10583.300
91 58 4639.300
91 59 696.300
91 60 11180.700
91 61 3420.000
91 62 3933.400
91 63 5672.400
91 64 4494.000
91 65 9482.800
91 66 3071.400
91 67 7421.100
91 68 6889.700
91 69 8101.900
91 70 10993.000
91 71 9256.900
91 72 3550.300
91 73 6887.600
91 74 10209.400
91 75 13357.000
91 76 5327.400
91 77 13114.000
91 78 3593.600
91 79 7960.700
91 80 11558.000
91 81 10636.700
91 82 3228.800
91 83 6623.100
91 84 5289.200
91 85 4953.700
91 86 8153.600
91 87 2237.700
91 88 1308.200
91 89 4446.500
91 90 9940.700
91 91 0.000
91 92 4351.500
91 93 9572.700
91 94 11245.600
91 95 4978.600
91 96 8778.900
91 97 8943.500
91 98 4664.600
91 99 589.800
91 100 7840.600
92 0 8595.800
92 1 12487.100
92 2 3886.300
92 3 3565.800
92 4 12724.400
92 5 8537.800
92 6 5918.000
92 7 10009.600
92 8 10016.100
92 9 11431.900
92 10 7615.900
92 11 8303.600
92 12 3915.200
92 13 11406.900
92 14 15952.100
92 15 7080.800
92 16 9609.400
92 17 9786.300
92 18 9464.000
92 19 8538.400
92 20 6867.300
92 21 4760.800
92 22 12082.000
92 23 7354.300
92 24 7587.600
92 25 8972.300
92 26 5666.100
92 27 2506.300
92 28 10006.600
92 29 13003.800
92 30 2673.800
92 31 6408.300
92 32 5615.800
92 33 8015.900
92 34 10347.700
92 35 8599.100
92 36 10286.900
92 37 5446.400
92 38 9770.300
92 39 10937.300
92 40 10948.000
92 41 8190.900
92 42 11772.600
92 43 2379.100
92 44 834.300
92 45 3037.600
92 46 14327.800
92 47 12097.200
92 48 8795.900
92 49 1714.100
92 50 3559.000
92 51 12161.800
92 52 9147.800
92 53 6584.400
92 54 4168.700
92 55 7585.000
92 56 9819.500
92 57 11321.800
92 58 7394.400
92 59 5224.200
92 60 10779.600
92 61 2996.300
92 62 8451.700
92 63 8690.800
92 64 7512.400
92 65 12501.200
92 66 6089.900
92 67 10657.600
92 68 9908.100
92 69 8861.100
92 70 11731.600
92 71 9995.400
92 72 4811.700
92 73 7646.800
92 74 10948.000
92 75 16307.100
92 76 9227.500
92 77 13852.600
92 78 4520.000
92 79 8699.300
92 80 13302.900
92 81 13655.100
92 82 6252.900
92 83 7382.300
92 84 8639.900
92 85 4466.600
92 86 10365.100
92 87 3080.000
92 88 4326.600
92 89 7470.600
92 90 12123.600
92 91 4527.900
92 92 0.000
92 93 12591.100
92 94 10653.100
92 95 5076.800
92 96 12704.000
92 97 9682.100
92 98 9182.900
92 99 4189.500
92 100 10859.000
93 0 5888.200
93 1 5499.100
93 2 9163.600
93 3 9568.300
93 4 4479.500
93 5 6247.200
93 6 7621.200
93 7 3689.200
93 8 11050.100
93 9 10790.700
93 10 7318.800
93 11 7145.700
93 12 11148.500
93 13 11109.800
93 14 3319.200
93 15 6722.500
93 16 9312.300
93 17 6562.100
93 18 4724.000
93 19 7462.100
93 20 7970.100
93 21 8849.800
93 22 6655.700
93 23 6583.000
93 24 6727.900
93 25 5698.500
93 26 7357.100
93 27 11364.100
93 28 5128.500
93 29 3445.200
93 30 11649.500
93 31 9775.400
93 32 8973.200
93 33 5774.300
93 34 7766.100
93 35 4018.400
93 36 7062.800
93 37 8362.200
93 38 5480.600
93 39 3893.200
93 40 2186.600
93 41 11151.700
93 42 3222.700
93 43 10291.600
93 44 13301.900
93 45 10039.100
93 46 1564.300
93 47 8075.300
93 48 10654.600
93 49 11651.700
93 50 10406.200
93 51 11175.500
93 52 10779.400
93 53 9784.400
93 54 10770.800
93 55 5377.700
93 56 3157.500
93 57 11024.700
93 58 7179.300
93 59 10301.700
93 60 11622.100
93 61 10032.600
93 62 6346.100
93 63 3950.800
93 64 6362.800
93 65 2852.200
93 66 7110.800
93 67 6617.500
93 68 5168.100
93 69 10315.300
93 70 6971.600
93 71 9698.300
93 72 8805.200
93 73 9500.900
93 74 6647.000
93 75 7148.500
93 76 4521.200
93 77 6819.300
93 78 9454.300
93 79 8402.200
93 80 6331.500
93 81 2019.100
93 82 7506.100
93 83 9013.800
93 84 6123.300
93 85 10844.000
93 86 5885.000
93 87 11240.900
93 88 8651.000
93 89 5522.400
93 90 5625.300
93 91 9605.400
93 92 12467.600
93 93 0.000
93 94 11687.100
93 95 9762.900
93 96 4625.200
93 97 9385.000
93 98 4643.600
93 99 9038.500
93 100 5054.000
94 0 7586.300
94 1 9008.400
94 2 8602.100
94 3 9755.000
94 4 10397.300
94 5 10036.500
94 6 9278.200
94 7 9000.200
94 8 621.000
94 9 4486.400
94 10 5158.900
94 11 10935.000
94 12 7770.300
94 13 1497.400
94 14 11708.600
94 15 10576.600
94 16 3263.400
94 17 7254.500
94 18 8454.600
94 19 6006.600
94 20 6887.100
94 21 9291.400
94 22 8603.300
94 23 7898.300
94 24 10517.200
94 25 9110.100
94 26 8778.300
94 27 11986.100
94 28 8997.200
94 29 11994.300
94 30 9580.600
94 31 8515.000
94 32 10564.300
94 33 8163.000
94 34 6124.100
94 35 8713.500
94 36 7755.200
94 37 7642.900
94 38 9947.100
94 39 9927.800
94 40 9938.500
94 41 2619.400
94 42 10763.200
94 43 11519.000
94 44 11175.800
94 45 10949.600
94 46 13318.400
94 47 5983.500
94 48 2122.300
94 49 11193.800
94 50 12048.400
94 51 3629.800
94 52 3807.000
94 53 7066.600
94 54 8778.200
94 55 7567.000
94 56 10063.500
94 57 2614.500
94 58 7240.200
94 59 11943.900
94 60 1644.000
94 61 9362.200
94 62 9831.500
94 63 7681.400
94 64 6903.400
94 65 11491.800
94 66 8658.800
94 67 8125.900
94 68 8898.600
94 69 3509.100
94 70 7138.900
94 71 2920.000
94 72 7980.200
94 73 6680.200
94 74 7469.300
94 75 12080.100
94 76 9341.900
94 77 10387.600
94 78 8398.700
94 79 4169.700
94 80 9824.100
94 81 12645.600
94 82 9403.200
94 83 5145.600
94 84 6108.200
94 85 6975.600
94 86 7009.200
94 87 11396.700
94 88 10293.200
94 89 7911.100
94 90 8644.900
94 91 11247.600
94 92 10341.500
94 93 11581.700
94 94 0.000
94 95 8403.900
94 96 9225.300
94 97 3104.500
94 98 9403.700
94 99 10680.700
94 100 8305.300
95 0 6105.500
95 1 8718.000
95 2 2158.900
95 3 3311.900
95 4 10234.200
95 5 7466.700
95 6 4219.000
95 7 7519.400
95 8 6371.200
95 9 7662.900
95 10 3846.800
95 11 8030.800
95 12 3213.100
95 13 6826.400
95 14 12183.100
95 15 6705.400
95 16 5840.400
95 17 6017.200
95 18 6973.800
95 19 4769.300
95 20 3027.300
95 21 2305.000
95 22 8313.000
95 23 3514.400
95 24 7314.700
95 25 7323.900
95 26 2575.000
95 27 4998.000
95 28 7516.400
95 29 10513.500
95 30 3970.800
95 31 740.900
95 32 3874.200
95 33 6367.500
95 34 6578.600
95 35 6950.700
95 36 6517.900
95 37 1921.800
95 38 8138.400
95 39 8447.000
95 40 8457.700
95 41 4546.000
95 42 9282.400
95 43 4530.900
95 44 5855.800
95 45 4506.500
95 46 11837.600
95 47 8328.100
95 48 5151.000
95 49 4205.700
95 50 5831.800
95 51 8397.300
95 52 3775.600
95 53 2807.800
95 54 2369.200
95 55 5094.700
95 56 8582.700
95 57 7382.100
95 58 3099.200
95 59 5727.300
95 60 7134.700
95 61 2919.100
95 62 6803.400
95 63 6200.600
95 64 4470.500
95 65 10011.000
95 66 3599.600
95 67 6888.500
95 68 7417.900
95 69 3488.900
95 70 7962.500
95 71 4801.300
95 72 1024.500
95 73 3870.200
95 74 7178.900
95 75 12538.000
95 76 7579.100
95 77 10083.600
95 78 1428.100
95 79 4930.300
95 80 9533.800
95 81 11164.800
95 82 4604.500
95 83 3198.200
95 84 4227.100
95 85 2602.800
95 86 6596.000
95 87 4953.600
95 88 4076.600
95 89 5389.000
95 90 8354.500
95 91 5031.100
95 92 5021.500
95 93 10100.900
95 94 7008.100
95 95 0.000
95 96 8935.000
95 97 5913.100
95 98 7534.600
95 99 4464.100
95 100 8368.800
96 0 3650.800
96 1 1989.900
96 2 8421.900
96 3 8826.600
96 4 2938.500
96 5 6617.900
96 6 6879.500
96 7 2314.500
96 8 8699.300
96 9 6327.200
96 10 5923.600
96 11 7516.400
96 12 10766.800
96 13 8598.400
96 14 4249.900
96 15 7093.200
96 16 7074.000
96 17 3815.100
96 18 2363.400
96 19 3788.500
96 20 7454.400
96 21 8108.100
96 22 2833.000
96 23 5841.300
96 24 7098.600
96 25 5332.600
96 26 6615.400
96 27 10622.400
96 28 1843.100
96 29 2519.800
96 30 10907.800
96 31 8580.500
96 32 8231.500
96 33 4841.500
96 34 3302.500
96 35 3771.600
96 36 3571.200
96 37 7620.500
96 38 6528.500
96 39 1535.800
96 40 3568.900
96 41 9465.500
96 42 2441.800
96 43 9549.900
96 44 13411.300
96 45 9297.400
96 46 3843.800
96 47 3611.800
96 48 8968.400
96 49 11761.100
96 50 9664.500
96 51 6712.000
96 52 9600.600
96 53 8388.200
96 54 9922.900
96 55 4636.000
96 56 4355.500
96 57 7712.300
96 58 6437.600
96 59 9560.000
96 60 7606.800
96 61 9290.900
96 62 6483.800
96 63 3209.200
96 64 5621.100
96 65 2951.200
96 66 6369.100
96 67 2943.800
96 68 3270.500
96 69 8920.200
96 70 2508.000
96 71 8303.200
96 72 8063.500
96 73 8099.500
96 74 2183.400
96 75 4621.300
96 76 4400.100
96 77 4617.300
96 78 8981.800
96 79 7007.000
96 80 2822.400
96 81 3171.100
96 82 6487.000
96 83 7835.000
96 84 5381.600
96 85 10442.400
96 86 2211.300
96 87 10499.200
96 88 7779.300
96 89 4780.700
96 90 1161.800
96 91 8863.700
96 92 12577.000
96 93 5037.200
96 94 9081.100
96 95 8915.000
96 96 0.000
96 97 7989.800
96 98 5014.300
96 99 8296.800
96 100 1768.600
97 0 4722.000
97 1 7070.500
97 2 6281.000
97 3 7827.600
97 4 8850.600
97 5 7172.200
97 6 6413.900
97 7 6135.900
97 8 2653.300
97 9 5024.000
97 10 2294.600
97 11 8070.600
97 12 7335.200
97 13 2713.000
97 14 10542.700
97 15 7712.300
97 16 1218.900
97 17 4390.200
97 18 5590.300
97 19 3142.300
97 20 4022.800
97 21 6427.100
97 22 6665.500
97 23 5034.000
97 24 7652.900
97 25 6245.800
97 26 5913.900
97 27 9121.700
97 28 6132.900
97 29 9130.000
97 30 8092.800
97 31 5148.800
97 32 7700.000
97 33 5298.700
97 34 4931.100
97 35 5849.100
97 36 4890.900
97 37 4778.600
97 38 7082.800
97 39 7063.500
97 40 7074.200
97 41 2754.900
97 42 7898.900
97 43 8654.700
97 44 9979.600
97 45 9313.200
97 46 10454.000
97 47 6521.100
97 48 2257.800
97 49 8329.500
97 50 9184.100
97 51 4167.400
97 52 2665.500
97 53 4597.500
97 54 6491.200
97 55 4702.600
97 56 7199.200
97 57 2565.100
97 58 4375.900
97 59 9079.600
97 60 3225.400
97 61 7041.100
97 62 6967.200
97 63 4817.100
97 64 4039.100
97 65 8627.400
97 66 5794.500
97 67 5261.500
97 68 6034.300
97 69 1918.600
97 70 6315.100
97 71 1301.500
97 72 5115.800
97 73 4627.900
97 74 5531.500
97 75 10142.200
97 76 6477.600
97 77 8443.200
97 78 5550.100
97 79 1305.400
97 80 7886.300
97 81 9781.300
97 82 6538.900
97 83 3093.300
97 84 3243.900
97 85 6979.100
97 86 4948.500
97 87 9616.400
97 88 7428.900
97 89 5046.800
97 90 6707.100
97 91 8383.300
97 92 9145.300
97 93 8717.400
97 94 3290.300
97 95 5483.400
97 96 7287.500
97 97 0.000
97 98 6539.400
97 99 7816.400
97 100 6985.300
98 0 3633.200
98 1 5870.800
98 2 6599.500
98 3 6875.200
98 4 4851.200
98 5 1828.100
98 6 4049.200
98 7 3163.200
98 8 8816.000
98 9 8884.700
98 10 5084.700
98 11 2726.600
98 12 8584.400
98 13 8875.700
98 14 6420.100
98 15 2303.400
98 16 7078.200
98 17 4328.100
98 18 2634.400
98 19 5790.800
98 20 5602.800
98 21 6285.700
98 22 7027.400
98 23 4215.700
98 24 2308.800
98 25 1279.400
98 26 4793.000
98 27 7421.400
98 28 3176.900
98 29 5130.600
98 30 9085.400
98 31 7211.300
98 32 6398.700
98 33 2031.300
98 34 8137.800
98 35 1581.300
98 36 4828.700
98 37 5798.100
98 38 1738.700
98 39 3758.300
98 40 3044.000
98 41 8917.600
98 42 3872.200
98 43 6458.000
98 44 9468.200
98 45 6205.500
98 46 6454.600
98 47 8447.000
98 48 8420.500
98 49 7818.100
98 50 6172.400
98 51 9614.600
98 52 8634.600
98 53 7550.300
98 54 8206.700
98 55 3143.600
98 56 1678.200
98 57 8790.600
98 58 4812.000
98 59 5751.400
98 60 9388.000
98 61 7468.500
98 62 1927.000
98 63 2258.000
98 64 4128.700
98 65 4597.300
98 66 4546.700
98 67 5199.400
98 68 3237.900
98 69 8081.200
98 70 7343.300
98 71 7464.200
98 72 6241.100
98 73 7133.600
98 74 7018.700
98 75 8502.200
98 76 928.000
98 77 9452.500
98 78 6890.200
98 79 6168.100
98 80 6703.200
98 81 5781.900
98 82 3651.300
98 83 6869.100
98 84 3889.200
98 85 8279.900
98 86 6124.200
98 87 7007.200
98 88 4943.600
98 89 2555.300
98 90 5997.000
98 91 5055.200
98 92 8633.900
98 93 4687.200
98 94 9453.000
98 95 7198.800
98 96 4864.400
98 97 7150.900
98 98 0.000
98 99 5204.900
98 100 4029.400
99 0 5662.000
99 1 10810.100
99 2 3363.700
99 3 2009.300
99 4 9790.600
99 5 4599.700
99 6 2984.200
99 7 7075.800
99 8 10693.200
99 9 10777.900
99 10 6961.900
99 11 4365.500
99 12 5105.500
99 13 10753.000
99 14 11359.400
99 15 3142.700
99 16 8955.400
99 17 6634.400
99 18 6530.200
99 19 7884.400
99 20 4556.700
99 21 3073.700
99 22 11966.700
99 23 4267.500
99 24 3649.400
99 25 5537.400
99 26 3315.000
99 27 2664.600
99 28 7072.800
99 29 10070.000
99 30 4560.300
99 31 5820.600
99 32 2682.000
99 33 5082.100
99 34 9693.700
99 35 5665.300
99 36 7135.000
99 37 3662.500
99 38 5832.200
99 39 8003.500
99 40 8014.100
99 41 9243.600
99 42 8838.800
99 43 1592.200
99 44 4602.400
99 45 1339.700
99 46 11394.000
99 47 11443.200
99 48 9848.700
99 49 2952.200
99 50 1706.700
99 51 11507.800
99 52 8473.300
99 53 5922.900
99 54 4760.300
99 55 4651.200
99 56 6345.000
99 57 10667.900
99 58 4723.900
99 59 1286.100
99 60 11265.300
99 61 2943.400
99 62 4200.700
99 63 5757.000
99 64 4578.600
99 65 9567.400
99 66 3156.000
99 67 7505.700
99 68 6974.300
99 69 8186.500
99 70 11077.600
99 71 9341.500
99 72 3634.900
99 73 6972.200
99 74 10294.000
99 75 13441.600
99 76 5594.800
99 77 13198.600
99 78 3678.200
99 79 8045.400
99 80 11642.600
99 81 10721.300
99 82 3319.100
99 83 6707.700
99 84 5373.800
99 85 4862.700
99 86 8238.200
99 87 2541.500
99 88 1392.800
99 89 4536.800
99 90 10025.300
99 91 589.800
99 92 3768.100
99 93 9657.300
99 94 11330.200
99 95 5063.300
99 96 8863.500
99 97 9028.100
99 98 4931.900
99 99 0.000
99 100 7925.200
100 0 2612.600
100 1 3665.000
100 2 7383.700
100 3 7788.300
100 4 3636.300
100 5 5579.600
100 6 5841.300
100 7 2560.400
100 8 8494.800
100 9 5777.700
100 10 5538.800
100 11 6478.100
100 12 9368.600
100 13 8393.900
100 14 4317.000
100 15 6055.000
100 16 7532.300
100 17 3632.800
100 18 1325.100
100 19 3606.200
100 20 6190.100
100 21 7069.800
100 22 4508.100
100 23 4803.100
100 24 6060.300
100 25 4294.400
100 26 5577.200
100 27 9584.100
100 28 852.400
100 29 3027.500
100 30 9869.500
100 31 7995.400
100 32 7193.300
100 33 3803.300
100 34 4977.600
100 35 2733.400
100 36 3389.000
100 37 6582.200
100 38 5490.200
100 39 2098.100
100 40 4076.700
100 41 9371.700
100 42 2949.500
100 43 8511.700
100 44 11521.900
100 45 8259.200
100 46 4351.600
100 47 5286.900
100 48 8874.600
100 49 9871.700
100 50 8626.200
100 51 6507.500
100 52 8999.400
100 53 8004.400
100 54 8990.800
100 55 3597.800
100 56 4047.700
100 57 7507.900
100 58 5399.400
100 59 8521.700
100 60 7402.300
100 61 8252.700
100 62 5445.600
100 63 2171.000
100 64 4582.900
100 65 3459.000
100 66 5330.800
100 67 2761.500
100 68 2232.300
100 69 8535.400
100 70 4183.100
100 71 7918.300
100 72 7025.200
100 73 7720.900
100 74 3858.500
100 75 6296.400
100 76 3361.800
100 77 6292.400
100 78 7674.300
100 79 6622.200
100 80 4497.400
100 81 3678.800
100 82 5448.800
100 83 7233.800
100 84 4343.300
100 85 9064.000
100 86 2029.000
100 87 9461.000
100 88 6741.100
100 89 3742.500
100 90 2836.900
100 91 7825.500
100 92 10687.600
100 93 5544.900
100 94 8876.700
100 95 7983.000
100 96 1675.100
100 97 7605.000
100 98 3976.100
100 99 7258.500
100 100 0.000
