# i j distance_m; Euclidean drone distance; depot 0 + customers 1..100
0 0 0.000
0 1 5553.059
0 2 5354.439
0 3 4332.149
0 4 122.443
0 5 2851.782
0 6 3789.298
0 7 1623.691
0 8 2041.375
0 9 3470.727
0 10 6007.941
0 11 5948.658
0 12 2282.907
0 13 3658.135
0 14 6468.080
0 15 3700.423
0 16 5360.358
0 17 2116.499
0 18 4510.678
0 19 3157.850
0 20 2287.466
0 21 3691.407
0 22 4129.132
0 23 1934.377
0 24 4123.204
0 25 3212.125
0 26 2395.223
0 27 2143.942
0 28 4587.275
0 29 5415.462
0 30 5144.768
0 31 1248.118
0 32 3787.343
0 33 4782.079
0 34 1208.762
0 35 4924.857
0 36 3202.887
0 37 3222.200
0 38 2860.022
0 39 5114.548
0 40 6453.712
0 41 5311.344
0 42 5822.209
0 43 4661.215
0 44 3904.511
0 45 3026.809
0 46 807.513
0 47 4893.635
0 48 5550.232
0 49 3849.077
0 50 3049.939
0 51 2061.572
0 52 3004.814
0 53 5413.160
0 54 5077.673
0 55 5246.167
0 56 4185.531
0 57 2527.034
0 58 2395.736
0 59 954.467
0 60 4763.834
0 61 5677.587
0 62 5419.321
0 63 5176.154
0 64 2198.314
0 65 3082.726
0 66 3224.839
0 67 1781.793
0 68 2013.263
0 69 5127.222
0 70 2781.504
0 71 1885.308
0 72 2491.196
0 73 5554.425
0 74 2798.877
0 75 2455.286
0 76 3697.750
0 77 4423.653
0 78 4256.553
0 79 1608.147
0 80 996.051
0 81 5287.944
0 82 2393.327
0 83 1046.592
0 84 2638.742
0 85 4761.474
0 86 5085.334
0 87 4818.774
0 88 2409.288
0 89 4125.593
0 90 1071.006
0 91 4395.682
0 92 4617.200
0 93 4257.595
0 94 3955.293
0 95 4390.510
0 96 1612.096
0 97 3450.353
0 98 4654.936
0 99 491.654
0 100 4853.415
1 0 5553.059
1 1 0.000
1 2 5316.670
1 3 1377.410
1 4 5444.622
1 5 6921.480
1 6 8956.298
1 7 4118.100
1 8 6858.624
1 9 8929.576
1 10 1617.361
1 11 2520.109
1 12 7821.155
1 13 3223.293
1 14 2150.091
1 15 4100.342
1 16 673.498
1 17 7240.200
1 18 9451.785
1 19 2517.245
1 20 7206.521
1 21 1862.652
1 22 3291.354
1 23 3702.505
1 24 9412.929
1 25 6064.432
1 26 4738.318
1 27 5791.995
1 28 2159.525
1 29 2948.090
1 30 5803.844
1 31 4306.514
1 32 7220.385
1 33 5190.561
1 34 6719.648
1 35 2387.015
1 36 7588.160
1 37 8149.390
1 38 5252.561
1 39 10639.638
1 40 7131.284
1 41 6773.538
1 42 7897.089
1 43 10152.810
1 44 1927.515
1 45 4432.368
1 46 4797.366
1 47 2611.303
1 48 10986.280
1 49 9365.664
1 50 3154.028
1 51 7517.225
1 52 8347.812
1 53 7317.713
1 54 10228.532
1 55 510.859
1 56 8558.382
1 57 3180.575
1 58 3894.125
1 59 5708.924
1 60 954.253
1 61 10894.196
1 62 1630.126
1 63 7567.564
1 64 6378.329
1 65 2832.436
1 66 6909.098
1 67 4531.442
1 68 4968.569
1 69 10511.438
1 70 8309.721
1 71 5085.926
1 72 4610.473
1 73 6283.635
1 74 3333.056
1 75 7977.484
1 76 9250.035
1 77 9793.348
1 78 8904.695
1 79 5468.859
1 80 5817.480
1 81 3523.518
1 82 3195.283
1 83 6320.553
1 84 3880.279
1 85 10041.551
1 86 6259.253
1 87 1460.445
1 88 7807.362
1 89 1878.137
1 90 5061.953
1 91 9897.074
1 92 4514.102
1 93 1302.184
1 94 9370.288
1 95 1853.370
1 96 6919.369
1 97 8239.384
1 98 2834.275
1 99 5977.242
1 100 1287.407
2 0 5354.439
2 1 5316.670
2 2 0.000
2 3 4260.393
2 4 5346.626
2 5 8140.014
2 6 6451.284
2 7 5374.440
2 8 4813.652
2 9 7079.458
2 10 6838.449
2 11 7526.314
2 12 6618.149
2 13 2540.969
2 14 7410.609
2 15 1851.271
2 16 5764.236
2 17 5346.461
2 18 6458.058
2 19 3985.367
2 20 7630.105
2 21 4688.820
2 22 7008.562
2 23 4202.108
2 24 7014.680
2 25 8112.899
2 26 6763.892
2 27 7196.248
2 28 3177.298
2 29 7579.663
2 30 697.947
2 31 4765.566
2 32 3535.532
2 33 586.148
2 34 5785.469
2 35 6868.894
2 36 4627.832
2 37 8524.456
2 38 7441.641
2 39 9488.550
2 40 1815.982
2 41 1741.898
2 42 2889.614
2 43 8167.067
2 44 5481.133
2 45 2360.272
2 46 5238.264
2 47 2711.563
2 48 8654.349
2 49 7651.196
2 50 3174.570
2 51 7099.462
2 52 6365.000
2 53 2367.644
2 54 7381.519
2 55 4811.356
2 56 5156.126
2 57 5224.397
2 58 6043.432
2 59 6219.194
2 60 5406.591
2 61 8042.957
2 62 6584.244
2 63 2848.593
2 64 4054.365
2 65 5574.815
2 66 3669.388
2 67 3623.470
2 68 3351.286
2 69 8104.921
2 70 6907.392
2 71 6602.865
2 72 2870.049
2 73 1026.550
2 74 5859.838
2 75 7245.522
2 76 8001.784
2 77 9299.727
2 78 5693.035
2 79 3887.002
2 80 4664.557
2 81 7917.856
2 82 4267.451
2 83 6382.121
2 84 2991.384
2 85 7480.138
2 86 1266.397
2 87 3866.948
2 88 6133.831
2 89 3705.116
2 90 5902.742
2 91 8964.788
2 92 933.616
2 93 4889.620
2 94 7281.137
2 95 5989.332
2 96 6875.065
2 97 5439.501
2 98 7031.453
2 99 5377.476
2 100 5888.125
3 0 4332.149
3 1 1377.410
3 2 4260.393
3 3 0.000
3 4 4232.222
3 5 6073.654
3 6 7606.158
3 7 3059.848
3 8 5504.667
3 9 7627.539
3 10 2628.671
3 11 3266.089
3 12 6562.478
3 13 1924.622
3 14 3208.319
3 15 2819.442
3 16 1575.871
3 17 5903.068
3 18 8083.401
3 19 1191.821
3 20 6187.128
3 21 860.026
3 22 3144.797
3 23 2418.608
3 24 8074.115
3 25 5411.375
3 26 3982.765
3 27 4930.284
3 28 1161.906
3 29 3380.460
3 30 4658.195
3 31 3090.488
3 32 5855.904
3 33 4036.147
3 34 5457.301
3 35 2681.824
3 36 6211.899
3 37 7156.167
3 38 4594.321
3 39 9446.438
3 40 6063.714
3 41 5565.393
3 42 6655.195
3 43 8855.823
3 44 1475.295
3 45 3078.610
3 46 3627.942
3 47 1739.316
3 48 9667.881
3 49 8083.931
3 50 1777.996
3 51 6356.617
3 52 7024.795
3 53 6076.520
3 54 8870.616
3 55 950.115
3 56 7180.996
3 57 2218.512
3 58 3089.136
3 59 4626.137
3 60 1146.939
3 61 9540.057
3 62 2324.803
3 63 6281.918
3 64 5006.021
3 65 2101.496
3 66 5534.438
3 67 3170.244
3 68 3593.680
3 69 9182.900
3 70 7040.645
3 71 4202.824
3 72 3234.592
3 73 5159.282
3 74 2595.502
3 75 6784.576
3 76 8019.179
3 77 8683.928
3 78 7528.932
3 79 4106.448
3 80 4496.332
3 81 3807.362
3 82 1938.823
3 83 5188.121
3 84 2503.431
3 85 8698.188
3 86 5063.808
3 87 714.447
3 88 6499.935
3 89 569.403
3 90 4001.506
3 91 8721.660
3 92 3380.985
3 93 678.874
3 94 8054.012
3 95 1834.064
3 96 5797.343
3 97 6870.036
3 98 2950.133
3 99 4723.959
3 100 1630.977
4 0 122.443
4 1 5444.622
4 2 5346.626
4 3 4232.222
4 4 0.000
4 5 2831.000
4 6 3911.024
4 7 1501.523
4 8 2147.719
4 9 3591.248
4 10 5888.199
4 11 5826.322
4 12 2398.592
4 13 3600.376
4 14 6347.070
4 15 3670.573
4 16 5245.919
4 17 2234.491
4 18 4630.057
4 19 3062.273
4 20 2314.506
4 21 3582.349
4 22 4008.148
4 23 1843.873
4 24 4245.646
4 25 3144.527
4 26 2290.632
4 27 2081.798
4 28 4508.618
4 29 5293.290
4 30 5152.541
4 31 1143.615
4 32 3862.090
4 33 4777.490
4 34 1329.292
4 35 4802.486
4 36 3303.918
4 37 3260.851
4 38 2769.562
4 39 5214.491
4 40 6475.702
4 41 5343.277
4 42 5875.534
4 43 4779.724
4 44 3786.409
4 45 3008.215
4 46 686.566
4 47 4825.208
4 48 5670.581
4 49 3966.265
4 50 2980.222
4 51 2145.359
4 52 3127.248
4 53 5458.404
4 54 5199.783
4 55 5142.409
4 56 4291.748
4 57 2407.569
4 58 2274.894
4 59 913.996
4 60 4650.047
4 61 5800.020
4 62 5298.915
4 63 5232.913
4 64 2277.725
4 65 2961.554
4 66 3301.358
4 67 1752.946
4 68 2017.469
4 69 5248.784
4 70 2898.206
4 71 1791.245
4 72 2478.377
4 73 5569.151
4 74 2676.435
4 75 2552.513
4 76 3805.413
4 77 4504.095
4 78 4369.768
4 79 1646.171
4 80 1075.567
4 81 5167.582
4 82 2293.915
4 83 1087.197
4 84 2592.307
4 85 4883.903
4 86 5106.566
4 87 4727.614
4 88 2531.602
4 89 4035.473
4 90 967.262
4 91 4491.313
4 92 4595.584
4 93 4147.720
4 94 4076.709
4 95 4270.203
4 96 1670.129
4 97 3564.475
4 98 4532.699
4 99 613.827
4 100 4735.497
5 0 2851.782
5 1 6921.480
5 2 8140.014
5 3 6073.654
5 4 2831.000
5 5 0.000
5 6 5377.244
5 7 3097.335
5 8 4474.485
5 9 4516.786
5 10 6692.931
5 11 6199.606
5 12 3374.788
5 13 6123.896
5 14 6963.695
5 15 6386.902
5 16 6478.431
5 17 4251.731
5 18 6240.517
5 19 5126.555
5 20 1135.859
5 21 5237.162
5 22 4152.115
5 23 4172.613
5 24 5431.630
5 25 1281.227
5 26 2193.060
5 27 1143.747
5 28 6741.425
5 29 5439.757
5 30 7978.554
5 31 3463.981
5 32 6473.575
5 33 7581.610
5 34 3104.046
5 35 5288.629
5 36 5615.324
5 37 1530.550
5 38 1834.869
5 39 4701.326
5 40 9305.078
5 41 8159.675
5 42 8614.557
5 43 5302.236
5 44 4996.139
5 45 5781.466
5 46 2926.746
5 47 7184.925
5 48 6251.494
5 49 4539.381
5 50 5420.071
5 51 2301.360
5 52 4496.712
5 53 8235.956
5 54 6445.102
5 55 6800.372
5 56 6433.229
5 57 3855.221
5 58 3032.053
5 59 1927.509
5 60 5978.108
5 61 6852.102
5 62 6095.623
5 63 7956.106
5 64 4900.086
5 65 4092.647
5 66 5911.247
5 67 4516.582
5 68 4844.257
5 69 6039.475
5 70 3732.865
5 71 1870.833
5 72 5274.575
5 73 8399.854
5 74 3588.606
5 75 2781.511
5 76 3914.323
5 77 3461.421
5 78 6302.046
5 79 4455.946
5 80 3767.207
5 81 5006.957
5 82 4402.706
5 83 1979.846
5 84 5243.820
5 85 5964.210
5 86 7936.331
5 87 6727.919
5 88 3989.754
5 89 6106.310
5 90 2291.129
5 91 3952.799
5 92 7340.623
5 93 5698.856
5 94 5013.250
5 95 5217.905
5 96 1850.683
5 97 5535.288
5 98 4822.640
5 99 3018.517
5 100 5816.567
6 0 3789.298
6 1 8956.298
6 2 6451.284
6 3 7606.158
6 4 3911.024
6 5 5377.244
6 6 0.000
6 7 5395.704
6 8 2102.484
6 9 1097.107
6 10 9679.799
6 11 9711.458
6 12 2002.591
6 13 6199.641
6 14 10175.663
6 15 5683.961
6 16 8906.214
6 17 1739.024
6 18 868.763
6 19 6439.078
6 20 4253.397
6 21 7174.384
6 22 7916.668
6 23 5293.570
6 24 563.471
6 25 6368.670
6 26 6053.587
6 27 5385.947
6 28 7414.229
6 29 9202.586
6 30 5878.039
6 31 4852.655
6 32 3009.263
6 33 5921.473
6 34 2656.488
6 35 8692.008
6 36 1824.272
6 37 4478.102
6 38 6343.701
6 39 3421.517
6 40 6514.073
6 41 5318.423
6 42 5014.935
6 43 1765.990
6 44 7560.472
6 45 4995.217
6 46 4575.366
6 47 7474.700
6 48 2223.804
6 49 1550.978
6 50 5915.400
6 51 3082.721
6 52 886.319
6 53 4978.896
6 54 1297.684
6 55 8555.922
6 56 1699.057
6 57 6236.149
6 58 6183.362
6 59 4334.637
6 60 8307.681
6 61 1941.137
6 62 9114.641
6 63 4427.434
6 64 2702.217
6 65 6818.404
6 66 2781.944
6 67 4438.811
6 68 4083.686
6 69 1681.149
6 70 1697.841
6 71 5476.388
6 72 4574.941
6 73 6003.238
6 74 6578.949
6 75 2671.560
6 76 2265.225
6 77 3885.565
6 78 1236.942
6 79 3509.090
6 80 3176.593
6 81 9071.445
6 82 5808.889
6 83 3753.166
6 84 5219.342
6 85 1108.157
6 86 5463.379
6 87 7884.038
6 88 1459.217
6 89 7222.583
6 90 4787.599
6 91 3210.686
6 92 6204.180
6 93 7733.850
6 94 947.831
6 95 8091.790
6 96 3572.286
6 97 1021.059
6 98 8441.328
6 99 3298.006
6 100 8490.124
7 0 1623.691
7 1 4118.100
7 2 5374.440
7 3 3059.848
7 4 1501.523
7 5 3097.335
7 6 5395.704
7 7 0.000
7 8 3504.752
7 9 5086.975
7 10 4407.167
7 11 4325.564
7 12 3869.996
7 13 3098.812
7 14 4852.631
7 15 3531.547
7 16 3835.972
7 17 3686.429
7 18 6083.744
7 19 2033.776
7 20 3128.339
7 21 2284.996
7 22 2567.265
7 23 1178.436
7 24 5744.827
7 25 2761.113
7 26 1394.360
7 27 1984.955
7 28 3644.748
7 29 3811.383
7 30 5375.031
7 31 746.995
7 32 4869.772
7 33 4870.983
7 34 2827.359
7 35 3302.302
7 36 4583.812
7 37 4096.327
7 38 2067.701
7 39 6548.399
7 40 6820.591
7 41 5837.369
7 42 6594.647
7 43 6262.509
7 44 2334.735
7 45 3080.703
7 46 821.267
7 47 4091.727
7 48 7164.465
7 49 5441.513
7 50 2378.726
7 51 3416.628
7 52 4627.071
7 53 6098.585
7 54 6689.469
7 55 3888.355
7 56 5606.349
7 57 953.733
7 58 887.318
7 59 1591.343
7 60 3254.735
7 61 7297.492
7 62 3811.209
7 63 6007.008
7 64 3408.521
7 65 1469.129
7 66 4348.922
7 67 1975.918
7 68 2508.861
7 69 6748.912
7 70 4373.318
7 71 1289.180
7 72 2698.923
7 73 5856.815
7 74 1183.935
7 75 3902.299
7 76 5212.973
7 77 5675.766
7 78 5756.437
7 79 2517.589
7 80 2333.555
7 81 3734.665
7 82 1309.048
7 83 2211.362
7 84 2383.350
7 85 6383.701
7 86 5487.471
7 87 3670.947
7 88 4032.833
7 89 3024.556
7 90 948.577
7 91 5795.429
7 92 4491.409
7 93 2820.589
7 94 5576.389
7 95 2785.281
7 96 2803.492
7 97 4966.975
7 98 3049.642
7 99 2111.719
7 100 3280.327
8 0 2041.375
8 1 6858.624
8 2 4813.652
8 3 5504.667
8 4 2147.719
8 5 4474.485
8 6 2102.484
8 7 3504.752
8 8 0.000
8 9 2345.626
8 10 7638.737
8 11 7742.112
8 12 1846.559
8 13 4140.373
8 14 8151.909
8 15 3717.138
8 16 6828.509
8 17 534.352
8 18 2636.945
8 19 4342.334
8 20 3533.343
8 21 5095.751
8 22 6071.746
8 23 3223.989
8 24 2591.012
8 25 5135.032
8 26 4436.598
8 27 4065.225
8 28 5335.177
8 29 7296.079
8 30 4363.289
8 31 2870.020
8 32 2056.910
8 33 4238.878
8 34 1383.810
8 35 6736.530
8 36 1178.427
8 37 4189.274
8 38 4879.529
8 39 4681.041
8 40 5362.108
8 41 4127.309
8 42 4289.278
8 43 3536.882
8 44 5528.312
8 45 2994.371
8 46 2718.101
8 47 5432.754
8 48 4235.980
8 49 2898.137
8 50 3818.004
8 51 2598.848
8 52 1645.956
8 53 4017.476
8 54 3370.675
8 55 6454.171
8 56 2144.213
8 57 4255.567
8 58 4359.625
8 59 2864.471
8 60 6232.818
8 61 4035.998
8 62 7089.417
8 63 3622.453
8 64 759.991
8 65 4847.630
8 66 1525.195
8 67 2336.343
8 68 2003.451
8 69 3721.695
8 70 2094.306
8 71 3917.026
8 72 2525.058
8 73 4628.540
8 74 4675.296
8 75 2564.817
8 76 3188.413
8 77 4541.422
8 78 2251.689
8 79 1408.595
8 80 1173.730
8 81 7239.075
8 82 3736.536
8 83 2513.851
8 84 3132.288
8 85 3201.746
8 86 4089.094
8 87 5786.518
8 88 1321.358
8 89 5121.489
8 90 3112.374
8 91 4154.724
8 92 4376.140
8 93 5649.787
8 94 2665.137
8 95 6078.408
8 96 2691.423
8 97 1468.497
8 98 6536.656
8 99 1615.378
8 100 6441.423
9 0 3470.727
9 1 8929.576
9 2 7079.458
9 3 7627.539
9 4 3591.248
9 5 4516.786
9 6 1097.107
9 7 5086.975
9 8 2345.626
9 9 0.000
9 10 9477.817
9 11 9398.172
9 12 1272.142
9 13 6443.884
9 14 9937.872
9 15 6061.839
9 16 8797.368
9 17 1830.759
9 18 1909.849
9 19 6437.050
9 20 3380.987
9 21 7090.185
9 22 7495.720
9 23 5227.399
9 24 930.570
9 25 5609.124
9 26 5509.093
9 27 4702.731
9 28 7602.662
9 29 8822.100
9 30 6565.290
9 31 4665.520
9 32 3826.015
9 33 6519.755
9 34 2261.990
9 35 8373.699
9 36 2584.804
9 37 3468.001
9 38 5699.218
9 39 2473.624
9 40 7355.982
9 41 6131.491
9 42 5960.559
9 43 1230.065
9 44 7368.998
9 45 5335.779
9 46 4277.808
9 47 7744.490
9 48 2079.714
9 49 573.922
9 50 6047.910
9 51 2230.337
9 52 715.117
9 53 5860.380
9 54 1929.569
9 55 8572.045
9 56 2738.864
9 57 5996.858
9 58 5785.600
9 59 3793.057
9 60 8197.197
9 61 2367.619
9 62 8890.048
9 63 5341.155
9 64 3083.325
9 65 6552.201
9 66 3480.251
9 67 4541.068
9 68 4307.341
9 69 1675.114
9 70 804.314
9 71 4918.969
9 72 4850.245
9 73 6754.828
9 74 6243.556
9 75 1737.605
9 76 1176.890
9 77 2795.234
9 78 2322.827
9 79 3677.720
9 80 3137.272
9 81 8621.056
9 82 5734.972
9 83 3145.019
9 84 5405.120
9 85 1454.675
9 86 6208.370
9 87 7995.122
9 88 1129.263
9 89 7309.939
9 90 4339.849
9 91 2151.676
9 92 6707.091
9 93 7658.654
9 94 517.294
9 95 7861.222
9 96 2819.912
9 97 1905.045
9 98 8069.533
9 99 2997.497
9 100 8316.167
10 0 6007.941
10 1 1617.361
10 2 6838.449
10 3 2628.671
10 4 5888.199
10 5 6692.931
10 6 9679.799
10 7 4407.167
10 8 7638.737
10 9 9477.817
10 10 0.000
10 11 998.783
10 12 8275.968
10 13 4547.580
10 14 579.691
10 15 5442.941
10 16 1074.213
10 17 7940.870
10 18 10275.345
10 19 3460.956
10 20 7221.946
10 21 2610.065
10 22 2592.280
10 23 4420.605
10 24 10080.599
10 25 5625.749
10 26 4539.914
10 27 5646.880
10 28 3662.250
10 29 1667.698
10 30 7274.587
10 31 4836.109
10 32 8345.165
10 33 6653.542
10 34 7216.448
10 35 1439.256
10 36 8522.108
10 37 8088.842
10 38 4880.628
10 39 10886.018
10 40 8652.918
10 41 8193.930
10 42 9281.003
10 43 10665.985
10 44 2119.991
10 45 5633.854
10 46 5202.344
10 47 4169.526
10 48 11557.532
10 49 9847.449
10 50 4282.250
10 51 7768.992
10 52 8974.322
10 53 8702.903
10 54 10975.646
10 55 2073.455
10 56 9533.183
10 57 3481.024
10 58 3867.189
10 59 5902.775
10 60 1525.453
10 61 11614.127
10 62 609.501
10 63 8892.260
10 64 7282.888
10 65 2939.375
10 66 7963.646
10 67 5421.220
10 68 5936.332
10 69 11124.729
10 70 8778.822
10 71 5025.002
10 72 5690.758
10 73 7769.925
10 74 3323.502
10 75 8280.042
10 76 9605.666
10 77 9888.519
10 78 9813.102
10 79 6329.409
10 80 6505.527
10 81 2304.081
10 82 3916.061
10 83 6567.145
10 84 4966.430
10 85 10719.972
10 86 7691.191
10 87 2983.465
10 88 8394.902
10 89 3197.664
10 90 5264.408
10 91 10118.884
10 92 5989.021
10 93 2135.125
10 94 9956.222
10 95 1622.063
10 96 7120.885
10 97 9085.929
10 98 1947.185
10 99 6481.553
10 100 1200.550
11 0 5948.658
11 1 2520.109
11 2 7526.314
11 3 3266.089
11 4 5826.322
11 5 6199.606
11 6 9711.458
11 7 4325.564
11 8 7742.112
11 9 9398.172
11 10 998.783
11 11 0.000
11 12 8156.987
11 13 5110.486
11 14 859.241
11 15 5992.878
11 16 1883.180
11 17 7985.815
11 18 10367.001
11 19 3849.335
11 20 6858.176
11 21 2994.399
11 22 2056.257
11 23 4601.834
11 24 10070.243
11 25 5041.924
11 26 4147.822
11 27 5234.755
11 28 4388.530
11 29 808.744
11 30 7904.860
11 31 4876.261
11 32 8675.733
11 33 7283.488
11 34 7146.955
11 35 1024.606
11 36 8713.451
11 37 7662.690
11 38 4364.738
11 39 10601.608
11 40 9326.524
11 41 8766.771
11 42 9810.606
11 43 10548.896
11 44 2305.267
11 45 6075.126
11 46 5146.082
11 47 4933.975
11 48 11468.351
11 49 9720.500
11 50 4726.034
11 51 7534.778
11 52 8952.631
11 53 9238.740
11 54 11007.913
11 55 2915.941
11 56 9739.050
11 57 3487.552
11 58 3631.279
11 59 5686.099
11 60 2121.722
11 61 11621.959
11 62 950.937
11 63 9373.526
11 64 7477.170
11 65 2897.719
11 66 8249.048
11 67 5660.374
11 68 6208.478
11 69 11067.045
11 70 8659.844
11 71 4690.877
11 72 6046.314
11 73 8411.154
11 74 3154.956
11 75 8066.598
11 76 9403.352
11 77 9525.898
11 78 9968.783
11 79 6518.558
11 80 6577.268
11 81 1416.273
11 82 4134.686
11 83 6360.342
11 84 5351.755
11 85 10709.234
11 86 8279.875
11 87 3751.000
11 88 8357.917
11 89 3823.642
11 90 5080.058
11 91 9828.474
11 92 6639.407
11 93 2654.082
11 94 9894.271
11 95 1721.007
11 96 6871.220
11 97 9208.612
11 98 1393.819
11 99 6437.283
11 100 1641.107
12 0 2282.907
12 1 7821.155
12 2 6618.149
12 3 6562.478
12 4 2398.592
12 5 3374.788
12 6 2002.591
12 7 3869.996
12 8 1846.559
12 9 1272.142
12 10 8275.968
12 11 8156.987
12 12 0.000
12 13 5579.025
12 14 8720.333
12 15 5339.643
12 16 7643.034
12 17 1352.510
12 18 2866.202
12 19 5372.854
12 20 2254.412
12 21 5963.840
12 22 6233.289
12 23 4143.899
12 24 2109.348
12 25 4390.496
12 26 4236.971
12 27 3448.638
12 28 6665.316
12 29 7565.189
12 30 6198.045
12 31 3518.028
12 32 3797.598
12 33 6036.289
12 34 1105.182
12 35 7133.678
12 36 2646.935
12 37 2596.470
12 38 4437.369
12 39 2988.279
12 40 7202.970
12 41 5966.178
12 42 6040.747
12 43 2394.410
12 44 6182.860
12 45 4602.105
12 46 3078.712
12 47 6876.047
12 48 3313.641
12 49 1571.551
12 50 5095.081
12 51 1088.056
12 52 1123.462
12 53 5820.930
12 54 3130.246
12 55 7493.699
12 56 3226.945
12 57 4800.296
12 58 4533.158
12 59 2522.883
12 60 7045.999
12 61 3625.519
12 62 7681.197
12 63 5381.653
12 64 2583.840
12 65 5339.125
12 66 3318.094
12 67 3615.598
12 68 3509.604
12 69 2942.725
12 70 503.721
12 71 3646.827
12 72 4072.789
12 73 6474.195
12 74 5006.971
12 75 787.186
12 76 1490.717
12 77 2696.616
12 78 2993.357
12 79 2873.647
12 80 2186.265
12 81 7353.004
12 82 4635.012
12 83 1872.956
12 84 4518.132
12 85 2701.227
12 86 5935.476
12 87 6990.299
12 88 701.691
12 89 6296.574
12 90 3083.364
12 91 2370.074
12 92 6102.636
12 93 6531.809
12 94 1787.972
12 95 6654.678
12 96 1585.718
12 97 2295.495
12 98 6816.015
12 99 1844.091
12 100 7132.165
13 0 3658.135
13 1 3223.293
13 2 2540.969
13 3 1924.622
13 4 3600.376
13 5 6123.896
13 6 6199.641
13 7 3098.812
13 8 4140.373
13 9 6443.884
13 10 4547.580
13 11 5110.486
13 12 5579.025
13 13 0.000
13 14 5127.049
13 15 895.432
13 16 3500.488
13 17 4621.845
13 18 6543.136
13 19 1445.635
13 20 5878.388
13 21 2173.526
13 22 4468.178
13 23 1953.565
13 24 6718.169
13 25 5849.371
13 26 4426.876
13 27 5059.980
13 28 1242.827
13 29 5081.914
13 30 2813.135
13 31 2668.382
13 32 4050.433
13 33 2198.759
13 34 4525.999
13 35 4372.017
13 36 4602.550
13 37 6845.113
13 38 5109.405
13 39 8565.337
13 40 4270.564
13 41 3659.699
13 42 4733.472
13 43 7660.927
13 44 2960.101
13 45 1272.508
13 46 3233.789
13 47 1302.292
13 48 8374.793
13 49 6963.512
13 50 721.558
13 51 5686.037
13 52 5770.871
13 53 4155.628
13 54 7395.876
13 55 2725.667
13 56 5498.287
13 57 2748.358
13 58 3624.779
13 59 4314.049
13 60 3036.974
13 61 8079.505
13 62 4197.115
13 63 4359.435
13 64 3499.681
13 65 3046.763
13 66 3807.565
13 67 1969.261
13 68 2140.153
13 69 7854.588
13 70 5999.908
13 71 4386.078
13 72 1624.700
13 73 3325.319
13 74 3367.842
13 75 5998.410
13 76 7068.924
13 77 8041.632
13 78 5908.936
13 79 2766.248
13 80 3392.762
13 81 5389.201
13 82 1841.824
13 83 4684.585
13 84 1061.678
13 85 7307.762
13 86 3169.414
13 87 1841.716
13 88 5333.602
13 89 1363.477
13 90 3835.009
13 91 7908.905
13 92 1608.529
13 93 2459.758
13 94 6801.017
13 95 3492.717
13 96 5269.076
13 97 5341.455
13 98 4502.685
13 99 3889.624
13 100 3476.049
14 0 6468.080
14 1 2150.091
14 2 7410.609
14 3 3208.319
14 4 6347.070
14 5 6963.695
14 6 10175.663
14 7 4852.631
14 8 8151.909
14 9 9937.872
14 10 579.691
14 11 859.241
14 12 8720.333
14 13 5127.049
14 14 0.000
14 15 6022.369
14 16 1648.615
14 17 8438.296
14 18 10788.610
14 19 4022.574
14 20 7561.098
14 21 3166.138
14 22 2814.168
14 23 4944.953
14 24 10564.143
14 25 5840.703
14 26 4855.860
14 27 5957.782
14 28 4233.417
14 29 1661.284
14 30 7852.068
14 31 5323.755
14 32 8906.817
14 33 7231.283
14 34 7676.253
14 35 1680.427
14 36 9057.909
14 37 8398.443
14 38 5133.126
14 39 11267.249
14 40 9225.805
14 41 8773.493
14 42 9860.509
14 43 11114.157
14 44 2623.686
14 45 6206.791
14 46 5660.593
14 47 4732.372
14 48 12016.431
14 49 10291.135
14 50 4853.537
14 51 8167.465
14 52 9452.961
14 53 9282.470
14 54 11472.945
14 55 2626.281
14 56 10073.130
14 57 3949.499
14 58 4249.271
14 59 6303.644
14 60 2100.831
14 61 12104.669
14 62 1062.573
14 63 9469.950
14 64 7817.722
14 65 3385.672
14 66 8517.579
14 67 5962.105
14 68 6484.989
14 69 11593.989
14 70 9223.988
14 71 5371.112
14 72 6253.168
14 73 8346.423
14 74 3727.638
14 75 8688.016
14 76 10020.109
14 77 10232.456
14 78 10342.029
14 79 6861.383
14 80 7007.823
14 81 2275.514
14 82 4446.889
14 83 6974.077
14 84 5531.829
14 85 11204.031
14 86 8270.475
14 87 3549.751
14 88 8867.760
14 89 3777.248
14 90 5675.810
14 91 10496.640
14 92 6565.661
14 93 2707.140
14 94 10422.876
14 95 2084.870
14 96 7511.466
14 97 9606.051
14 98 2144.285
14 99 6948.109
14 100 1743.672
15 0 3700.423
15 1 4100.342
15 2 1851.271
15 3 2819.442
15 4 3670.573
15 5 6386.902
15 6 5683.961
15 7 3531.547
15 8 3717.138
15 9 6061.839
15 10 5442.941
15 11 5992.878
15 12 5339.643
15 13 895.432
15 14 6022.369
15 15 0.000
15 16 4395.155
15 17 4233.978
15 18 5934.068
15 19 2235.178
15 20 5984.838
15 21 3027.912
15 22 5233.054
15 23 2355.286
15 24 6225.077
15 25 6282.006
15 26 4916.861
15 27 5396.362
15 28 2025.049
15 29 5932.593
15 30 1986.915
15 31 2953.969
15 32 3278.913
15 33 1400.980
15 34 4362.345
15 35 5225.828
15 36 3981.380
15 37 6921.186
15 38 5596.384
15 39 8315.633
15 40 3464.184
15 41 2774.037
15 42 3838.270
15 43 7249.502
15 44 3801.103
15 45 737.673
15 46 3461.492
15 47 1873.430
15 48 7896.131
15 49 6607.860
15 50 1367.533
15 51 5616.695
15 52 5362.209
15 53 3260.730
15 54 6818.237
15 55 3596.909
15 56 4804.345
15 57 3387.675
15 58 4193.011
15 59 4492.507
15 60 3930.665
15 61 7503.177
15 62 5086.503
15 63 3469.781
15 64 3003.773
15 65 3772.881
15 66 3111.990
15 67 1918.770
15 68 1836.249
15 69 7361.381
15 70 5713.913
15 71 4777.691
15 72 1274.762
15 73 2499.714
15 74 4026.598
15 75 5856.224
15 76 6808.109
15 77 7926.246
15 78 5254.375
15 79 2466.605
15 80 3199.808
15 81 6207.537
15 82 2423.933
15 83 4746.836
15 84 1158.106
15 85 6784.020
15 86 2294.079
15 87 2683.287
15 88 4992.772
15 89 2255.964
15 90 4114.286
15 91 7706.588
15 92 963.614
15 93 3348.048
15 94 6369.756
15 95 4350.851
15 96 5290.471
15 97 4761.532
15 98 5324.094
15 99 3823.002
15 100 4363.467
16 0 5360.358
16 1 673.498
16 2 5764.236
16 3 1575.871
16 4 5245.919
16 5 6478.431
16 6 8906.214
16 7 3835.972
16 8 6828.509
16 9 8797.368
16 10 1074.213
16 11 1883.180
16 12 7643.034
16 13 3500.488
16 14 1648.615
16 15 4395.155
16 16 0.000
16 17 7172.600
16 18 9452.611
16 19 2529.519
16 20 6849.207
16 21 1732.876
16 22 2680.725
16 23 3612.720
16 24 9337.442
16 25 5551.606
16 26 4285.385
16 27 5368.139
16 28 2588.258
16 29 2275.039
16 30 6204.099
16 31 4133.633
16 32 7380.448
16 33 5583.644
16 34 6554.257
16 35 1721.757
16 36 7641.108
16 37 7769.705
16 38 4752.055
16 39 10384.289
16 40 7578.757
16 41 7132.844
16 42 8229.488
16 43 10008.604
16 44 1521.344
16 45 4629.912
16 46 4574.738
16 47 3101.175
16 48 10870.158
16 49 9205.290
16 50 3293.483
16 51 7252.337
16 52 8249.497
16 53 7650.501
16 54 10193.286
16 55 1033.687
16 56 8636.308
16 57 2882.279
16 58 3485.467
16 59 5408.270
16 60 600.714
16 61 10847.245
16 62 964.707
16 63 7856.983
16 64 6410.590
16 65 2443.534
16 66 7026.921
16 67 4543.258
16 68 5027.360
16 69 10413.428
16 70 8139.971
16 71 4683.711
16 72 4732.620
16 73 6697.868
16 74 2917.235
16 75 7735.550
16 76 9035.186
16 77 9476.769
16 78 8947.911
16 79 5472.384
16 80 5735.532
16 81 2851.170
16 82 3097.336
16 83 6046.054
16 84 4000.375
16 85 9972.838
16 86 6627.317
16 87 1913.090
16 88 7688.783
16 89 2140.774
16 90 4757.975
16 91 9629.814
16 92 4917.177
16 93 1185.619
16 94 9256.637
16 95 1288.301
16 96 6630.975
16 97 8248.501
16 98 2183.776
16 99 5810.169
16 100 684.459
17 0 2116.499
17 1 7240.200
17 2 5346.461
17 3 5903.068
17 4 2234.491
17 5 4251.731
17 6 1739.024
17 7 3686.429
17 8 534.352
17 9 1830.759
17 10 7940.870
17 11 7985.815
17 12 1352.510
17 13 4621.845
17 14 8438.296
17 15 4233.978
17 16 7172.600
17 17 0.000
17 18 2399.335
17 19 4724.830
17 20 3240.301
17 21 5442.393
17 22 6234.559
17 23 3560.418
17 24 2172.745
17 25 5026.666
17 26 4475.158
17 27 3975.498
17 28 5797.797
17 29 7497.747
17 30 4888.470
17 31 3117.355
17 32 2459.578
17 33 4772.521
17 34 1168.137
17 35 6969.571
17 36 1387.511
17 37 3810.440
17 38 4855.588
17 39 4146.709
17 40 5853.571
17 41 4616.126
17 42 4705.457
17 43 3039.392
17 44 5821.726
17 45 3505.829
17 46 2872.212
17 47 5920.158
17 48 3779.949
17 49 2374.223
17 50 4259.036
17 51 2213.913
17 52 1149.585
17 53 4470.652
17 54 3035.082
17 55 6852.954
17 56 2197.967
17 57 4503.896
17 58 4504.103
17 59 2814.064
17 60 6573.277
17 61 3677.056
17 62 7376.843
17 63 4042.678
17 64 1294.085
17 65 5089.308
17 66 1966.846
17 67 2757.522
17 68 2482.127
17 69 3282.306
17 70 1564.124
17 71 3924.032
17 72 3020.486
17 73 5142.237
17 74 4869.841
17 75 2105.235
17 76 2655.334
17 77 4033.648
17 78 2169.181
17 79 1860.712
17 80 1438.485
17 81 7397.541
17 82 4075.869
17 83 2356.171
17 84 3594.154
17 85 2803.012
17 86 4600.171
17 87 6221.879
17 88 787.477
17 89 5546.602
17 90 3165.187
17 91 3626.099
17 92 4908.120
17 93 6004.325
17 94 2183.264
17 95 6355.196
17 96 2416.499
17 97 1360.461
17 98 6736.022
17 99 1638.050
17 100 6751.174
18 0 4510.678
18 1 9451.785
18 2 6458.058
18 3 8083.401
18 4 4630.057
18 5 6240.517
18 6 868.763
18 7 6083.744
18 8 2636.945
18 9 1909.849
18 10 10275.345
18 11 10367.001
18 12 2866.202
18 13 6543.136
18 14 10788.610
18 15 5934.068
18 16 9452.611
18 17 2399.335
18 18 0.000
18 19 6945.880
18 20 5119.446
18 21 7721.644
18 22 8633.758
18 23 5857.929
18 24 1071.050
18 25 7211.693
18 26 6832.759
18 27 6213.199
18 28 7779.818
18 29 9894.134
18 30 5834.427
18 31 5490.780
18 32 2924.302
18 33 5968.514
18 34 3437.905
18 35 9355.453
18 36 1952.875
18 37 5340.543
18 38 7155.131
18 39 4006.583
18 40 6277.622
18 41 5141.386
18 42 4657.898
18 43 2205.704
18 44 8165.119
18 45 5292.904
18 46 5271.292
18 47 7779.073
18 48 2306.214
18 49 2264.584
18 50 6343.558
18 51 3949.440
18 52 1743.917
18 53 4719.067
18 54 923.774
18 55 9027.250
18 56 1341.806
18 57 6879.728
18 58 6902.642
18 59 5128.074
18 60 8859.678
18 61 1591.253
18 62 9726.072
18 63 4135.449
18 64 3082.058
18 65 7469.455
18 66 2860.926
18 67 4922.521
18 68 4498.710
18 69 1778.371
18 70 2564.404
18 71 6264.281
18 72 4935.329
18 73 5885.443
18 74 7266.184
18 75 3539.530
18 76 3032.054
18 77 4638.280
18 78 782.018
18 79 3986.054
18 80 3790.296
18 81 9796.191
18 82 6368.515
18 83 4572.920
18 84 5625.803
18 85 1148.613
18 86 5364.823
18 87 8298.528
18 88 2286.536
18 89 7660.987
18 90 5542.471
18 91 3916.675
18 92 6335.522
18 93 8269.922
18 94 1606.445
18 95 8713.362
18 96 4425.001
18 97 1214.010
18 98 9132.567
18 99 4025.461
18 100 9077.463
19 0 3157.850
19 1 2517.245
19 2 3985.367
19 3 1191.821
19 4 3062.273
19 5 5126.555
19 6 6439.078
19 7 2033.776
19 8 4342.334
19 9 6437.050
19 10 3460.956
19 11 3849.335
19 12 5372.854
19 13 1445.635
19 14 4022.574
19 15 2235.178
19 16 2529.519
19 17 4724.830
19 18 6945.880
19 19 0.000
19 20 5113.666
19 21 862.034
19 22 3023.208
19 23 1230.845
19 24 6897.463
19 25 4642.198
19 26 3189.970
19 27 3999.939
19 28 1618.723
19 29 3712.966
19 30 4217.938
19 31 1930.092
19 32 4884.617
19 33 3616.415
19 34 4267.822
19 35 3012.969
19 36 5113.197
19 37 6090.755
19 38 3855.855
19 39 8270.822
19 40 5690.103
19 41 4980.289
19 42 5981.627
19 43 7664.864
19 44 1582.670
19 45 2226.360
19 46 2489.003
19 47 2105.678
19 48 8481.602
19 49 6892.110
19 50 889.436
19 51 5200.203
19 52 5839.582
19 53 5416.151
19 54 7712.840
19 55 2135.281
19 56 6106.804
19 57 1403.043
19 58 2323.175
19 59 3530.049
19 60 1957.343
19 61 8377.325
19 62 3003.364
19 63 5526.692
19 64 3886.588
19 65 1610.974
19 66 4507.449
19 67 2024.024
19 68 2497.857
19 69 8000.560
19 70 5849.541
19 71 3280.865
19 72 2230.606
19 73 4731.511
19 74 1976.269
19 75 5613.116
19 76 6834.152
19 77 7544.171
19 78 6422.810
19 79 2959.828
19 80 3309.279
19 81 3972.363
19 82 779.163
19 83 4053.377
19 84 1512.561
19 85 7524.968
19 86 4518.759
19 87 1677.055
19 88 5310.096
19 89 1000.661
19 90 2935.373
19 91 7553.159
19 92 3052.023
19 93 1346.604
19 94 6866.753
19 95 2152.745
19 96 4663.825
19 97 5736.287
19 98 3089.180
19 99 3537.317
19 100 2284.752
20 0 2287.466
20 1 7206.521
20 2 7630.105
20 3 6187.128
20 4 2314.506
20 5 1135.859
20 6 4253.397
20 7 3128.339
20 8 3533.343
20 9 3380.987
20 10 7221.946
20 11 6858.176
20 12 2254.412
20 13 5878.388
20 14 7561.098
20 15 5984.838
20 16 6849.207
20 17 3240.301
20 18 5119.446
20 19 5113.666
20 20 0.000
20 21 5406.163
20 22 4808.407
20 23 3997.894
20 24 4296.239
20 25 2298.991
20 26 2710.967
20 27 1636.288
20 28 6676.721
20 29 6147.427
20 30 7383.514
20 31 3248.037
20 32 5579.821
20 33 7052.984
20 34 2151.772
20 35 5885.041
20 36 4625.106
20 37 978.426
20 38 2610.838
20 39 3780.469
20 40 8627.431
20 41 7438.375
20 42 7780.122
20 43 4195.842
20 44 5329.242
20 45 5313.895
20 46 2668.245
20 47 7052.768
20 48 5150.558
20 49 3417.401
20 50 5219.434
20 51 1171.139
20 52 3377.854
20 53 7446.857
20 54 5309.254
20 55 7008.383
20 56 5383.233
20 57 4031.229
20 58 3376.141
20 59 1589.545
20 60 6299.997
20 61 5720.482
20 62 6613.160
20 63 7114.278
20 64 4057.440
20 65 4405.905
20 66 5029.089
20 67 4066.463
20 68 4279.198
20 69 4917.804
20 70 2598.003
20 71 2196.963
20 72 4775.963
20 73 7766.128
20 74 3940.948
20 75 1646.778
20 76 2827.732
20 77 2671.403
20 78 5216.355
20 79 3789.001
20 80 3034.134
20 81 5791.137
20 82 4341.968
20 83 1248.099
20 84 4898.206
20 85 4829.302
20 86 7271.473
20 87 6780.923
20 88 2894.325
20 89 6114.326
20 90 2186.728
20 91 3009.598
20 92 6904.638
20 93 5925.001
20 94 3878.532
20 95 5655.078
20 96 843.579
20 97 4468.980
20 98 5464.378
20 99 2280.253
20 100 6226.019
21 0 3691.407
21 1 1862.652
21 2 4688.820
21 3 860.026
21 4 3582.349
21 5 5237.162
21 6 7174.384
21 7 2284.996
21 8 5095.751
21 9 7090.185
21 10 2610.065
21 11 2994.399
21 12 5963.840
21 13 2173.526
21 14 3166.138
21 15 3027.912
21 16 1732.876
21 17 5442.393
21 18 7721.644
21 19 862.034
21 20 5406.163
21 21 0.000
21 22 2409.417
21 23 1882.024
21 24 7609.921
21 25 4551.689
21 26 3126.494
21 27 4093.526
21 28 1859.268
21 29 2908.911
21 30 4986.052
21 31 2446.422
21 32 5741.421
21 33 4372.251
21 34 4864.930
21 35 2199.836
21 36 5926.622
21 37 6366.110
21 38 3734.366
21 39 8779.055
21 40 6442.863
21 41 5796.592
21 42 6821.115
21 43 8308.574
21 44 792.656
21 45 3082.169
21 46 2935.945
21 47 2433.301
21 48 9156.653
21 49 7514.624
21 50 1731.663
21 51 5660.679
21 52 6527.714
21 53 6251.699
21 54 8460.609
21 55 1603.470
21 56 6931.192
21 57 1389.207
21 58 2234.352
21 59 3873.510
21 60 1138.064
21 61 9115.509
21 62 2141.460
21 63 6379.179
21 64 4691.038
21 65 1244.034
21 66 5353.664
21 67 2823.614
21 68 3328.068
21 69 8692.777
21 70 6454.997
21 71 3368.029
21 72 3089.202
21 73 5498.611
21 74 1735.495
21 75 6116.046
21 76 7387.687
21 77 7954.607
21 78 7227.407
21 79 3746.144
21 80 4006.873
21 81 3230.389
21 82 1366.658
21 83 4469.416
21 84 2374.443
21 85 8244.133
21 86 5321.968
21 87 1565.125
21 88 5974.309
21 89 1133.704
21 90 3233.570
21 91 8039.114
21 92 3766.027
21 93 568.788
21 94 7541.244
21 95 1322.973
21 96 5072.502
21 97 6519.566
21 98 2344.952
21 99 4121.184
21 100 1424.737
22 0 4129.132
22 1 3291.354
22 2 7008.562
22 3 3144.797
22 4 4008.148
22 5 4152.115
22 6 7916.668
22 7 2567.265
22 8 6071.746
22 9 7495.720
22 10 2592.280
22 11 2056.257
22 12 6233.289
22 13 4468.178
22 14 2814.168
22 15 5233.054
22 16 2680.725
22 17 6234.559
22 18 8633.758
22 19 3023.208
22 20 4808.407
22 21 2409.417
22 22 0.000
22 23 3238.295
22 24 8226.886
22 25 3037.509
22 26 2103.712
22 27 3180.267
22 28 4255.541
22 29 1349.596
22 30 7219.505
22 31 3248.982
22 32 7331.178
22 33 6628.512
22 34 5284.728
22 35 1155.517
22 36 7143.001
22 37 5606.584
22 38 2319.415
22 39 8566.333
22 40 8697.232
22 41 7908.335
22 42 8822.363
22 43 8607.231
22 44 1670.176
22 45 5070.061
22 46 3365.119
22 47 4834.971
22 48 9543.299
22 49 7776.585
22 50 3865.526
22 51 5534.374
22 52 7110.416
22 53 8280.901
22 54 9199.949
22 55 3405.423
22 56 8168.415
22 57 1990.710
22 58 1733.482
22 59 3720.021
22 60 2390.724
22 61 9783.552
22 62 2029.906
22 63 8295.232
22 64 5946.700
22 65 1477.879
22 66 6839.960
22 67 4298.330
22 68 4867.206
22 69 9170.834
22 70 6730.886
22 71 2665.312
22 72 4870.975
22 73 7731.511
22 74 1423.627
22 75 6074.753
22 76 7410.304
22 77 7472.809
22 78 8323.409
22 79 5019.607
22 80 4900.783
22 81 1167.400
22 82 2908.423
22 83 4390.324
22 84 4294.923
22 85 8859.595
22 86 7477.204
22 87 3841.042
22 88 6508.222
22 89 3537.538
22 90 3157.827
22 91 7792.660
22 92 6075.226
22 93 2493.061
22 94 8003.175
22 95 1450.548
22 96 4867.184
22 97 7531.982
22 98 670.593
22 99 4619.450
22 100 2008.224
23 0 1934.377
23 1 3702.505
23 2 4202.108
23 3 2418.608
23 4 1843.873
23 5 4172.613
23 6 5293.570
23 7 1178.436
23 8 3223.989
23 9 5227.399
23 10 4420.605
23 11 4601.834
23 12 4143.899
23 13 1953.565
23 14 4944.953
23 15 2355.286
23 16 3612.720
23 17 3560.418
23 18 5857.929
23 19 1230.845
23 20 3997.894
23 21 1882.024
23 22 3238.295
23 23 0.000
23 24 5728.284
23 25 3937.659
23 26 2561.971
23 27 3108.424
23 28 2688.001
23 29 4268.835
23 30 4232.800
23 31 750.218
23 32 4124.266
23 33 3709.656
23 34 3038.717
23 35 3636.478
23 36 4119.846
23 37 4975.002
23 38 3241.098
23 39 7042.645
23 40 5694.160
23 41 4769.032
23 42 5612.138
23 43 6451.952
23 44 2327.011
23 45 1950.553
23 46 1330.103
23 47 3057.066
23 48 7285.003
23 49 5671.111
23 50 1248.178
23 51 3988.624
23 52 4650.106
23 53 5086.687
23 54 6581.967
23 55 3352.607
23 56 5141.790
23 57 1247.585
23 58 1881.868
23 59 2410.815
23 60 3014.158
23 61 7234.549
23 62 3885.116
23 63 5065.589
23 64 2880.262
23 65 1801.009
23 66 3664.604
23 67 1076.181
23 68 1642.475
23 69 6815.165
23 70 4623.398
23 71 2447.977
23 72 1651.564
23 73 4724.630
23 74 1854.026
23 75 4388.359
23 76 5603.307
23 77 6343.505
23 78 5397.187
23 79 1921.257
23 80 2125.196
23 81 4357.290
23 82 515.466
23 83 2871.576
23 84 1216.905
23 85 6362.167
23 86 4385.854
23 87 2884.438
23 88 4104.942
23 89 2191.689
23 90 1888.790
23 91 6329.270
23 92 3313.612
23 93 2445.397
23 94 5668.939
23 95 2896.289
23 96 3478.881
23 97 4665.377
23 98 3541.255
23 99 2306.532
23 100 3221.007
24 0 4123.204
24 1 9412.929
24 2 7014.680
24 3 8074.115
24 4 4245.646
24 5 5431.630
24 6 563.471
24 7 5744.827
24 8 2591.012
24 9 930.570
24 10 10080.599
24 11 10070.243
24 12 2109.348
24 13 6718.169
24 14 10564.143
24 15 6225.077
24 16 9337.442
24 17 2172.745
24 18 1071.050
24 19 6897.463
24 20 4296.239
24 21 7609.921
24 22 8226.886
24 23 5728.284
24 24 0.000
24 25 6495.115
24 26 6300.587
24 27 5556.255
24 28 7923.454
24 29 9532.811
24 30 6440.926
24 31 5244.533
24 32 3566.159
24 33 6484.091
24 34 2942.207
24 35 9047.120
24 36 2387.728
24 37 4396.194
24 38 6538.943
24 39 2963.485
24 40 7059.570
24 41 5870.758
24 42 5532.640
24 43 1228.480
24 44 7961.042
24 45 5528.646
24 46 4924.169
24 47 8000.587
24 48 1671.880
24 49 1197.860
24 50 6408.137
24 51 3134.397
24 52 1118.696
24 53 5517.935
24 54 1021.430
24 55 9024.177
24 56 2188.156
24 57 6615.480
24 58 6498.918
24 59 4574.677
24 60 8737.309
24 61 1556.784
24 62 9506.403
24 63 4958.705
24 64 3230.698
24 65 7189.515
24 66 3345.378
24 67 4917.644
24 68 4590.090
24 69 1137.979
24 70 1699.297
24 71 5714.738
24 72 5094.731
24 73 6562.258
24 74 6922.030
24 75 2660.281
24 76 1976.059
24 77 3571.488
24 78 1674.172
24 79 3998.387
24 80 3603.103
24 81 9370.514
24 82 6243.369
24 83 3955.123
24 84 5722.366
24 85 639.934
24 86 6023.384
24 87 8376.089
24 88 1719.074
24 89 7707.379
24 90 5074.607
24 91 2845.628
24 92 6761.096
24 93 8173.534
24 94 538.346
24 95 8479.453
24 96 3692.196
24 97 1582.460
24 98 8773.918
24 99 3633.295
24 100 8898.808
25 0 3212.125
25 1 6064.432
25 2 8112.899
25 3 5411.375
25 4 3144.527
25 5 1281.227
25 6 6368.670
25 7 2761.113
25 8 5135.032
25 9 5609.124
25 10 5625.749
25 11 5041.924
25 12 4390.496
25 13 5849.371
25 14 5840.703
25 15 6282.006
25 16 5551.606
25 17 5026.666
25 18 7211.693
25 19 4642.198
25 20 2298.991
25 21 4551.689
25 22 3037.509
25 23 3937.659
25 24 6495.115
25 25 0.000
25 26 1452.895
25 27 1074.326
25 28 6244.678
25 29 4258.083
25 30 8060.872
25 31 3353.268
25 32 6997.855
25 33 7590.909
25 34 3861.391
25 35 4192.719
25 36 6312.018
25 37 2810.357
25 38 820.137
25 39 5979.478
25 40 9468.969
25 41 8402.565
25 42 9007.964
25 43 6490.440
25 44 4152.981
25 45 5778.778
25 46 2946.603
25 47 6747.827
25 48 7446.726
25 49 5700.213
25 50 5127.814
25 51 3383.542
25 52 5482.956
25 53 8570.716
25 54 7516.435
25 55 6020.460
25 56 7220.850
25 57 3256.331
25 58 2338.847
25 59 2285.302
25 60 5110.204
25 61 7972.556
25 62 5048.044
25 63 8371.722
25 64 5405.854
25 65 3322.317
25 66 6434.117
25 67 4566.657
25 68 5006.852
25 69 7197.118
25 70 4807.219
25 71 1512.673
25 72 5333.628
25 73 8522.525
25 74 2818.327
25 75 3909.243
25 76 5126.573
25 77 4741.623
25 78 7169.492
25 79 4765.202
25 80 4206.802
25 81 3782.716
25 82 4020.031
25 83 2674.100
25 84 5126.122
25 85 7063.605
25 86 8109.160
25 87 6106.975
25 88 4925.618
25 89 5553.827
25 90 2289.789
25 91 5226.643
25 92 7244.653
25 93 4934.851
25 94 6119.803
25 95 4264.563
25 96 2804.782
25 97 6372.348
25 98 3700.834
25 99 3540.246
25 100 4870.755
26 0 2395.223
26 1 4738.318
26 2 6763.892
26 3 3982.765
26 4 2290.632
26 5 2193.060
26 6 6053.587
26 7 1394.360
26 8 4436.598
26 9 5509.093
26 10 4539.914
26 11 4147.822
26 12 4236.971
26 13 4426.876
26 14 4855.860
26 15 4916.861
26 16 4285.385
26 17 4475.158
26 18 6832.759
26 19 3189.970
26 20 2710.967
26 21 3126.494
26 22 2103.712
26 23 2561.971
26 24 6300.587
26 25 1452.895
26 26 0.000
26 27 1106.968
26 28 4792.069
26 29 3450.424
26 30 6768.683
26 31 2085.147
26 32 6069.363
26 33 6264.660
26 34 3399.263
26 35 3176.966
26 36 5593.968
26 37 3549.408
26 38 683.249
26 39 6462.675
26 40 8210.522
26 41 7207.716
26 42 7919.146
26 43 6570.201
26 44 2810.829
26 45 4474.188
26 46 1837.197
26 47 5295.642
26 48 7518.072
26 49 5741.901
26 50 3706.808
26 51 3455.151
26 52 5202.903
26 53 7441.356
26 54 7302.719
26 55 4643.972
26 56 6580.732
26 57 1804.711
26 58 894.472
26 59 1725.951
26 60 3790.523
26 61 7846.679
26 62 3935.092
26 63 7311.646
26 64 4522.393
26 65 1925.642
26 66 5522.628
26 67 3335.035
26 68 3837.539
26 69 7176.854
26 70 4721.666
26 71 590.594
26 72 4078.503
26 73 7248.608
26 74 1416.037
26 75 4001.139
26 76 5330.501
26 77 5380.988
26 78 6637.360
26 79 3730.886
26 80 3341.636
26 81 3148.185
26 82 2587.373
26 83 2364.746
26 84 3774.720
26 85 6918.873
26 86 6871.159
26 87 4669.752
26 88 4603.592
26 89 4104.034
26 90 1324.237
26 91 5688.995
26 92 5872.852
26 93 3545.582
26 94 6024.291
26 95 3028.332
26 96 2788.351
26 97 5828.346
26 98 2754.262
26 99 2844.319
26 100 3624.660
27 0 2143.942
27 1 5791.995
27 2 7196.248
27 3 4930.284
27 4 2081.798
27 5 1143.747
27 6 5385.947
27 7 1984.955
27 8 4065.225
27 9 4702.731
27 10 5646.880
27 11 5234.755
27 12 3448.638
27 13 5059.980
27 14 5957.782
27 15 5396.362
27 16 5368.139
27 17 3975.498
27 18 6213.199
27 19 3999.939
27 20 1636.288
27 21 4093.526
27 22 3180.267
27 23 3108.424
27 24 5556.255
27 25 1074.326
27 26 1106.968
27 27 0.000
27 28 5617.932
27 29 4513.938
27 30 7096.955
27 31 2442.666
27 32 5926.129
27 33 6655.986
27 34 2817.520
27 35 4277.616
27 36 5243.146
27 37 2442.913
27 38 1010.119
27 39 5414.356
27 40 8478.504
27 41 7384.746
27 42 7955.623
27 43 5676.541
27 44 3871.306
27 45 4840.763
27 46 1964.472
27 47 6075.676
27 48 6633.641
27 49 4861.122
27 50 4345.887
27 51 2528.037
27 52 4505.852
27 53 7529.672
27 54 6575.498
27 55 5660.200
27 56 6163.282
27 57 2711.775
27 58 1897.968
27 59 1210.986
27 60 4853.961
27 61 7068.999
27 62 5041.955
27 63 7314.549
27 64 4333.429
27 65 2959.856
27 66 5361.925
27 67 3596.658
27 68 3999.386
27 69 6337.414
27 70 3899.220
27 71 727.789
27 72 4366.338
27 73 7544.523
27 74 2460.654
27 75 3075.116
27 76 4371.215
27 77 4292.791
27 78 6131.520
27 79 3716.812
27 80 3136.327
27 81 4156.525
27 82 3293.876
27 83 1642.556
27 84 4239.992
27 85 6147.930
27 86 7112.392
27 87 5587.357
27 88 3929.951
27 89 4972.093
27 90 1296.358
27 91 4642.111
27 92 6358.676
27 93 4558.931
27 94 5219.323
27 95 4125.369
27 96 1887.932
27 97 5329.071
27 98 3841.750
27 99 2466.270
27 100 4716.414
28 0 4587.275
28 1 2159.525
28 2 3177.298
28 3 1161.906
28 4 4508.618
28 5 6741.425
28 6 7414.229
28 7 3644.748
28 8 5335.177
28 9 7602.662
28 10 3662.250
28 11 4388.530
28 12 6665.316
28 13 1242.827
28 14 4233.417
28 15 2025.049
28 16 2588.258
28 17 5797.797
28 18 7779.818
28 19 1618.723
28 20 6676.721
28 21 1859.268
28 22 4255.541
28 23 2688.001
28 24 7923.454
28 25 6244.678
28 26 4792.069
28 27 5617.932
28 28 0.000
28 29 4540.682
28 30 3644.731
28 31 3436.394
28 32 5276.188
28 33 3031.058
28 34 5580.967
28 35 3843.590
28 36 5843.071
28 37 7655.052
28 38 5447.110
28 39 9632.207
28 40 4992.868
28 41 4618.596
28 42 5751.105
28 43 8827.983
28 44 2592.833
28 45 2514.210
28 46 4014.850
28 47 582.017
28 48 9569.774
28 49 8105.413
28 50 1570.256
28 51 6648.427
28 52 6946.501
28 53 5172.792
28 54 8625.173
28 55 1649.070
28 56 6740.596
28 57 2988.996
28 58 3910.400
28 59 5087.176
28 60 2271.968
28 61 9307.603
28 62 3438.604
28 63 5451.740
28 64 4722.284
28 65 3051.660
28 66 5048.733
28 67 3066.530
28 68 3333.367
28 69 9056.639
28 70 7109.888
28 71 4899.576
28 72 2848.317
28 73 4127.568
28 74 3498.170
28 75 7012.319
28 76 8153.712
28 77 9010.925
28 78 7151.138
28 79 3937.655
28 80 4494.693
28 81 4967.129
28 82 2349.733
28 83 5557.699
28 84 2204.361
28 85 8521.951
28 86 4102.532
28 87 699.091
28 88 6480.377
28 89 727.652
28 90 4521.047
28 91 8946.716
28 92 2354.712
28 93 1838.795
28 94 7981.052
28 95 2993.181
28 96 6162.984
28 97 6574.731
28 98 4104.229
28 99 4894.449
28 100 2772.839
29 0 5415.462
29 1 2948.090
29 2 7579.663
29 3 3380.460
29 4 5293.290
29 5 5439.757
29 6 9202.586
29 7 3811.383
29 8 7296.079
29 9 8822.100
29 10 1667.698
29 11 808.744
29 12 7565.189
29 13 5081.914
29 14 1661.284
29 15 5932.593
29 16 2275.039
29 17 7497.747
29 18 9894.134
29 19 3712.966
29 20 6147.427
29 21 2908.911
29 22 1349.596
29 23 4268.835
29 24 9532.811
29 25 4258.083
29 26 3450.424
29 27 4513.938
29 28 4540.682
29 29 0.000
29 30 7894.848
29 31 4431.284
29 32 8390.600
29 33 7280.216
29 34 6593.037
29 35 710.990
29 36 8321.411
29 37 6922.073
29 38 3608.175
29 39 9912.430
29 40 9348.595
29 41 8692.328
29 42 9687.375
29 43 9946.034
29 44 2132.596
29 45 5916.081
29 46 4628.762
29 47 5112.336
29 48 10878.038
29 49 9115.535
29 50 4602.207
29 51 6883.241
29 52 8414.374
29 53 9125.535
29 54 10493.033
29 55 3253.206
29 56 9350.142
29 57 3069.229
29 58 3037.797
29 59 5060.857
29 60 2307.541
29 61 11089.176
29 62 1331.673
29 63 9209.699
29 64 7099.196
29 65 2481.068
29 66 7932.169
29 67 5344.495
29 68 5907.786
29 69 10496.521
29 70 8064.890
29 71 4014.889
29 72 5815.569
29 73 8407.228
29 74 2628.020
29 75 7422.777
29 76 8758.793
29 77 8805.133
29 78 9542.308
29 79 6149.334
29 80 6122.740
29 81 636.700
29 82 3847.612
29 83 5733.106
29 84 5160.716
29 85 10168.597
29 86 8225.146
29 87 3968.793
29 88 7814.117
29 89 3898.243
29 90 4482.784
29 91 9138.754
29 92 6665.337
29 93 2712.241
29 94 9326.226
29 95 1591.360
29 96 6216.224
29 97 8763.914
29 98 761.745
29 99 5907.100
29 100 1800.118
30 0 5144.768
30 1 5803.844
30 2 697.947
30 3 4658.195
30 4 5152.541
30 5 7978.554
30 6 5878.039
30 7 5375.031
30 8 4363.289
30 9 6565.290
30 10 7274.587
30 11 7904.860
30 12 6198.045
30 13 2813.135
30 14 7852.068
30 15 1986.915
30 16 6204.099
30 17 4888.470
30 18 5834.427
30 19 4217.938
30 20 7383.514
30 21 4986.052
30 22 7219.505
30 23 4232.800
30 24 6440.926
30 25 8060.872
30 26 6768.683
30 27 7096.955
30 28 3644.731
30 29 7894.848
30 30 0.000
30 31 4712.310
30 32 2911.998
30 33 622.101
30 34 5439.908
30 35 7185.115
30 36 4055.805
30 37 8242.611
30 38 7434.651
30 39 9004.296
30 40 1479.079
30 41 1062.505
30 42 2224.009
30 43 7615.581
30 44 5769.689
30 45 2294.501
30 46 5133.501
30 47 3238.121
30 48 8061.754
30 49 7139.090
30 50 3354.232
30 51 6763.248
30 52 5855.018
30 53 1683.989
30 54 6757.986
30 55 5293.691
30 56 4516.736
30 57 5348.827
30 58 6110.020
30 59 6051.213
30 60 5801.547
30 61 7411.467
30 62 6976.260
30 63 2151.188
30 64 3614.444
30 65 5755.967
30 66 3105.664
30 67 3501.122
30 68 3135.261
30 69 7512.389
30 70 6452.045
30 71 6549.201
30 72 2731.348
30 73 513.641
30 74 5989.472
30 75 6863.518
30 76 7535.290
30 77 8893.286
30 78 5061.857
30 79 3596.718
30 80 4365.337
30 81 8188.695
30 82 4380.133
30 83 6142.827
30 84 3021.420
30 85 6881.763
30 86 569.484
30 87 4343.572
30 88 5671.006
30 89 4090.819
30 90 5801.661
30 91 8514.222
30 92 1290.298
30 93 5251.300
30 94 6735.270
30 95 6305.835
30 96 6597.407
30 97 4859.139
30 98 7303.692
30 99 5106.393
30 100 6264.314
31 0 1248.118
31 1 4306.514
31 2 4765.566
31 3 3090.488
31 4 1143.615
31 5 3463.981
31 6 4852.655
31 7 746.995
31 8 2870.020
31 9 4665.520
31 10 4836.109
31 11 4876.261
31 12 3518.028
31 13 2668.382
31 14 5323.755
31 15 2953.969
31 16 4133.633
31 17 3117.355
31 18 5490.780
31 19 1930.092
31 20 3248.037
31 21 2446.422
31 22 3248.982
31 23 750.218
31 24 5244.533
31 25 3353.268
31 26 2085.147
31 27 2442.666
31 28 3436.394
31 29 4431.284
31 30 4712.310
31 31 0.000
31 32 4129.296
31 33 4238.046
31 34 2422.241
31 35 3867.115
31 36 3899.338
31 37 4224.906
31 38 2732.416
31 39 6357.574
31 40 6137.772
31 41 5122.569
31 42 5855.066
31 43 5874.978
31 44 2716.948
31 45 2425.634
31 46 579.923
31 47 3805.439
31 48 6741.529
31 49 5073.720
31 50 1981.987
31 51 3270.831
31 52 4139.313
31 53 5365.339
31 54 6150.242
31 55 3998.860
31 56 4927.024
31 57 1389.040
31 58 1626.767
31 59 1662.332
31 60 3534.291
31 61 6781.214
31 62 4263.790
31 63 5262.920
31 64 2697.947
31 65 1979.076
31 66 3614.829
31 67 1249.975
31 68 1767.031
31 69 6295.371
31 70 4011.009
31 71 1840.677
31 72 1998.380
31 73 5181.894
31 74 1829.124
31 75 3694.553
31 76 4945.721
31 77 5614.996
31 78 5111.587
31 79 1783.514
31 80 1701.240
31 81 4411.670
31 82 1154.867
31 83 2130.031
31 84 1797.340
31 85 5884.000
31 86 4790.761
31 87 3604.224
31 88 3565.246
31 89 2917.075
31 90 1173.270
31 91 5631.197
31 92 3916.772
31 93 3013.970
31 94 5131.522
31 95 3239.324
31 96 2739.467
31 97 4338.421
31 98 3674.542
31 99 1677.806
31 100 3658.291
32 0 3787.343
32 1 7220.385
32 2 3535.532
32 3 5855.904
32 4 3862.090
32 5 6473.575
32 6 3009.263
32 7 4869.772
32 8 2056.910
32 9 3826.015
32 10 8345.165
32 11 8675.733
32 12 3797.598
32 13 4050.433
32 14 8906.817
32 15 3278.913
32 16 7380.448
32 17 2459.578
32 18 2924.302
32 19 4884.617
32 20 5579.821
32 21 5741.421
32 22 7331.178
32 23 4124.266
32 24 3566.159
32 25 6997.855
32 26 6069.363
32 27 5926.129
32 28 5276.188
32 29 8390.600
32 30 2911.998
32 31 4129.296
32 32 0.000
32 33 3061.467
32 34 3428.620
32 35 7744.080
32 36 1241.485
32 37 6243.510
32 38 6614.177
32 39 6299.638
32 40 3531.165
32 41 2315.496
32 42 2245.882
32 43 4771.145
32 44 6370.753
32 45 2793.491
32 46 4234.020
32 47 5148.647
32 48 5158.463
32 49 4392.224
32 50 4088.872
32 51 4649.215
32 52 3151.857
32 53 2047.951
32 54 3848.074
32 55 6741.908
32 56 1627.448
32 57 5355.314
32 58 5755.183
32 59 4718.838
32 60 6832.081
32 61 4507.433
32 62 7877.754
32 63 1584.210
32 64 1593.375
32 65 5924.088
32 66 565.419
32 67 3048.228
32 68 2482.881
32 69 4610.003
32 70 3905.891
32 71 5632.371
32 72 2654.434
32 73 2997.675
32 74 5912.246
32 75 4563.629
32 76 4911.055
32 77 6421.895
32 78 2157.640
32 79 2355.325
32 80 2791.488
32 81 8471.488
32 82 4551.624
32 83 4494.019
32 84 3382.128
32 85 3975.834
32 86 2462.482
32 87 5890.609
32 88 3145.194
32 89 5344.857
32 90 4792.619
32 91 5913.737
32 92 3489.176
32 93 6218.090
32 94 3911.865
32 95 6954.749
32 96 4736.275
32 97 1990.964
32 98 7665.440
32 99 3483.576
32 100 7166.031
33 0 4782.079
33 1 5190.561
33 2 586.148
33 3 4036.147
33 4 4777.490
33 5 7581.610
33 6 5921.473
33 7 4870.983
33 8 4238.878
33 9 6519.755
33 10 6653.542
33 11 7283.488
33 12 6036.289
33 13 2198.759
33 14 7231.283
33 15 1400.980
33 16 5583.644
33 17 4772.521
33 18 5968.514
33 19 3616.415
33 20 7052.984
33 21 4372.251
33 22 6628.512
33 23 3709.656
33 24 6484.091
33 25 7590.909
33 26 6264.660
33 27 6655.986
33 28 3031.058
33 29 7280.216
33 30 622.101
33 31 4238.046
33 32 3061.467
33 33 0.000
33 34 5199.322
33 35 6569.991
33 36 4102.932
33 37 7942.809
33 38 6937.904
33 39 8917.513
33 40 2074.341
33 41 1610.783
33 42 2769.868
33 43 7622.308
33 44 5158.259
33 45 1815.708
33 46 4693.368
33 47 2644.064
33 48 8134.051
33 49 7090.110
33 50 2764.896
33 51 6513.546
33 52 5804.730
33 53 2204.934
33 54 6889.744
33 55 4679.978
33 56 4688.895
33 57 4785.674
33 58 5573.610
33 59 5657.347
33 60 5179.456
33 61 7558.328
33 62 6354.281
33 63 2596.980
33 64 3478.979
33 65 5172.652
33 66 3144.833
33 67 3068.631
33 68 2773.930
33 69 7585.303
33 70 6331.195
33 71 6078.589
33 72 2307.074
33 73 1128.864
33 74 5425.394
33 75 6660.075
33 76 7427.227
33 77 8715.546
33 78 5213.922
33 79 3302.132
33 80 4079.668
33 81 7582.682
33 82 3819.349
33 83 5805.413
33 84 2492.769
33 85 6965.910
33 86 1090.105
33 87 3730.149
33 88 5559.987
33 89 3468.718
33 90 5360.224
33 91 8386.521
33 92 678.791
33 93 4630.253
33 94 6734.696
33 95 5690.165
33 96 6293.291
33 97 4917.015
33 98 6696.824
33 99 4795.569
33 100 5642.777
34 0 1208.762
34 1 6719.648
34 2 5785.469
34 3 5457.301
34 4 1329.292
34 5 3104.046
34 6 2656.488
34 7 2827.359
34 8 1383.810
34 9 2261.990
34 10 7216.448
34 11 7146.955
34 12 1105.182
34 13 4525.999
34 14 7676.253
34 15 4362.345
34 16 6554.257
34 17 1168.137
34 18 3437.905
34 19 4267.822
34 20 2151.772
34 21 4864.930
34 22 5284.728
34 23 3038.717
34 24 2942.207
34 25 3861.391
34 26 3399.263
34 27 2817.520
34 28 5580.967
34 29 6593.037
34 30 5439.908
34 31 2422.241
34 32 3428.620
34 33 5199.322
34 34 0.000
34 35 6122.431
34 36 2511.469
34 37 2860.929
34 38 3725.643
34 39 4051.843
34 40 6583.141
34 41 5367.683
34 42 5639.434
34 43 3456.645
34 44 5110.526
34 45 3631.564
34 46 2015.857
34 47 5814.251
34 48 4341.471
34 49 2651.506
34 50 4011.732
34 51 1323.705
34 52 1826.142
34 53 5328.382
34 54 3922.025
34 55 6388.902
34 56 3366.073
34 57 3735.432
34 58 3557.257
34 59 1690.683
34 60 5955.631
34 61 4498.952
34 62 6628.070
34 63 4972.508
34 64 1936.709
34 65 4290.632
34 66 2880.669
34 67 2556.778
34 68 2528.672
34 69 3921.727
34 70 1590.210
34 71 2826.857
34 72 3087.668
34 73 5773.558
34 74 3992.628
34 75 1493.883
34 76 2577.724
34 77 3564.413
34 78 3314.014
34 79 1918.915
34 80 1162.551
34 81 6430.412
34 82 3530.744
34 83 1188.545
34 84 3465.038
34 85 3576.116
34 86 5254.359
34 87 5890.083
34 88 1223.585
34 89 5195.771
34 90 2136.347
34 91 3382.915
34 92 5184.729
34 93 5433.418
34 94 2749.079
34 95 5599.272
34 96 1308.669
34 97 2512.338
34 98 5835.433
34 99 744.436
34 100 6058.803
35 0 4924.857
35 1 2387.015
35 2 6868.894
35 3 2681.824
35 4 4802.486
35 5 5288.629
35 6 8692.008
35 7 3302.302
35 8 6736.530
35 9 8373.699
35 10 1439.256
35 11 1024.606
35 12 7133.678
35 13 4372.017
35 14 1680.427
35 15 5225.828
35 16 1721.757
35 17 6969.571
35 18 9355.453
35 19 3012.969
35 20 5885.041
35 21 2199.836
35 22 1155.517
35 23 3636.478
35 24 9047.120
35 25 4192.719
35 26 3176.966
35 27 4277.616
35 28 3843.590
35 29 710.990
35 30 7185.115
35 31 3867.115
35 32 7744.080
35 33 6569.991
35 34 6122.431
35 35 0.000
35 36 7728.108
35 37 6718.016
35 38 3462.931
35 39 9607.372
35 40 8637.845
35 41 7989.076
35 42 8992.817
35 43 9526.254
35 44 1430.321
35 45 5225.765
35 46 4123.217
35 47 4418.553
35 48 10444.409
35 49 8698.303
35 50 3902.339
35 51 6525.484
35 52 7929.239
35 53 8428.741
35 54 9987.825
35 55 2631.587
35 56 8755.780
35 57 2481.882
35 58 2613.072
35 59 4670.756
35 60 1645.200
35 61 10599.553
35 62 904.563
35 63 8523.927
35 64 6496.552
35 65 1889.104
35 66 7299.098
35 67 4706.945
35 68 5264.553
35 69 10042.440
35 70 7636.723
35 71 3700.807
35 72 5145.251
35 73 7697.301
35 74 2130.358
35 75 7054.043
35 76 8390.063
35 77 8556.325
35 78 8971.157
35 79 5540.479
35 80 5568.078
35 81 1160.061
35 82 3192.593
35 83 5344.590
35 84 4477.048
35 85 9685.915
35 86 7519.234
35 87 3290.598
35 88 7334.003
35 89 3191.661
35 90 4059.351
35 91 8835.247
35 92 5954.350
35 93 2008.932
35 94 8869.665
35 95 880.413
35 96 5864.168
35 97 8204.496
35 98 512.833
35 99 5413.903
35 100 1150.677
36 0 3202.887
36 1 7588.160
36 2 4627.832
36 3 6211.899
36 4 3303.918
36 5 5615.324
36 6 1824.272
36 7 4583.812
36 8 1178.427
36 9 2584.804
36 10 8522.108
36 11 8713.451
36 12 2646.935
36 13 4602.550
36 14 9057.909
36 15 3981.380
36 16 7641.108
36 17 1387.511
36 18 1952.875
36 19 5113.197
36 20 4625.106
36 21 5926.622
36 22 7143.001
36 23 4119.846
36 24 2387.728
36 25 6312.018
36 26 5593.968
36 27 5243.146
36 28 5843.071
36 29 8321.411
36 30 4055.805
36 31 3899.338
36 32 1241.485
36 33 4102.932
36 34 2511.469
36 35 7728.108
36 36 0.000
36 37 5186.190
36 38 6053.116
36 39 5058.394
36 40 4771.340
36 41 3549.601
36 42 3429.809
36 43 3563.557
36 44 6446.308
36 45 3344.500
36 46 3831.013
36 47 5827.937
36 48 4031.153
36 49 3152.134
36 50 4447.537
36 51 3593.502
36 52 1913.077
36 53 3283.355
36 54 2843.229
36 55 7145.534
36 56 1028.731
36 57 5254.338
36 58 5458.416
36 59 4042.830
36 60 7059.337
36 61 3526.723
36 62 8001.251
36 63 2786.841
36 64 1240.324
36 65 5846.180
36 66 958.837
36 67 3103.211
36 68 2621.100
36 69 3482.566
36 70 2696.996
36 71 5085.872
36 72 3011.795
36 73 4198.766
36 74 5727.699
36 75 3430.585
36 76 3675.979
36 77 5208.680
36 78 1318.180
36 79 2198.638
36 80 2269.964
36 81 8308.441
36 82 4611.250
36 83 3675.878
36 84 3722.102
36 85 2866.989
36 86 3655.076
36 87 6382.234
36 88 1963.121
36 89 5762.407
36 90 4271.177
36 91 4678.925
36 92 4416.066
36 93 6455.772
36 94 2690.521
36 95 7015.647
36 96 3795.432
36 97 814.354
36 98 7568.888
36 99 2791.751
36 100 7322.157
37 0 3222.200
37 1 8149.390
37 2 8524.456
37 3 7156.167
37 4 3260.851
37 5 1530.550
37 6 4478.102
37 7 4096.327
37 8 4189.274
37 9 3468.001
37 10 8088.842
37 11 7662.690
37 12 2596.470
37 13 6845.113
37 14 8398.443
37 15 6921.186
37 16 7769.705
37 17 3810.440
37 18 5340.543
37 19 6090.755
37 20 978.426
37 21 6366.110
37 22 5606.584
37 23 4975.002
37 24 4396.194
37 25 2810.357
37 26 3549.408
37 27 2442.913
37 28 7655.052
37 29 6922.073
37 30 8242.611
37 31 4224.906
37 32 6243.510
37 33 7942.809
37 34 2860.929
37 35 6718.016
37 36 5186.190
37 37 0.000
37 38 3319.151
37 39 3193.536
37 40 9435.550
37 41 8225.996
37 42 8478.103
37 43 4017.054
37 44 6254.875
37 45 6235.680
37 46 3644.989
37 47 8028.466
37 48 4933.719
37 49 3339.869
37 50 6192.502
37 51 1597.187
37 52 3661.019
37 53 8185.504
37 54 5362.056
37 55 7965.763
37 56 5823.404
37 57 4984.330
37 58 4284.832
37 59 2567.906
37 60 7231.964
37 61 5669.919
37 62 7483.022
37 63 7811.041
37 64 4797.260
37 65 5331.861
37 66 5713.268
37 67 5003.413
37 68 5177.142
37 69 4801.894
37 70 2782.950
37 71 3088.342
37 72 5692.184
37 73 8603.616
37 74 4852.929
37 75 1829.029
37 76 2615.040
37 77 1931.267
37 78 5572.032
37 79 4649.790
37 80 3877.404
37 81 6515.220
37 82 5319.927
37 83 2175.913
37 84 5852.584
37 85 4842.144
37 86 8094.826
37 87 7756.054
37 88 3295.319
37 89 7091.367
37 90 3159.994
37 91 2465.593
37 92 7827.362
37 93 6876.720
37 94 3910.228
37 95 6551.043
37 96 1649.525
37 97 4891.958
37 98 6273.275
37 99 3147.246
37 100 7133.125
38 0 2860.022
38 1 5252.561
38 2 7441.641
38 3 4594.321
38 4 2769.562
38 5 1834.869
38 6 6343.701
38 7 2067.701
38 8 4879.529
38 9 5699.218
38 10 4880.628
38 11 4364.738
38 12 4437.369
38 13 5109.405
38 14 5133.126
38 15 5596.384
38 16 4752.055
38 17 4855.588
38 18 7155.131
38 19 3855.855
38 20 2610.838
38 21 3734.366
38 22 2319.415
38 23 3241.098
38 24 6538.943
38 25 820.137
38 26 683.249
38 27 1010.119
38 28 5447.110
38 29 3608.175
38 30 7434.651
38 31 2732.416
38 32 6614.177
38 33 6937.904
38 34 3725.643
38 35 3462.931
38 36 6053.116
38 37 3319.151
38 38 0.000
38 39 6388.166
38 40 8869.059
38 41 7847.467
38 42 8525.926
38 43 6686.115
38 44 3336.334
38 45 5140.787
38 46 2418.769
38 47 5960.042
38 48 7642.957
38 49 5869.433
38 50 4389.643
38 51 3537.649
38 52 5471.077
38 53 8060.863
38 54 7555.032
38 55 5201.413
38 56 7012.595
38 57 2459.153
38 58 1536.780
38 59 2041.881
38 60 4298.420
38 61 8062.335
38 62 4291.255
38 63 7907.622
38 64 5042.206
38 65 2502.549
38 66 6058.800
38 67 3977.519
38 68 4461.346
38 69 7341.856
38 70 4897.373
38 71 981.963
38 72 4730.763
38 73 7910.434
38 74 1999.694
38 75 4085.066
38 76 5379.410
38 77 5222.908
38 78 7024.334
38 79 4304.627
38 80 3843.465
38 81 3199.603
38 82 3269.035
38 83 2591.586
38 84 4450.940
38 85 7138.591
38 86 7523.074
38 87 5292.382
38 88 4884.487
38 89 4749.299
38 90 1821.558
38 91 5619.068
38 92 6553.679
38 93 4114.806
38 94 6216.387
38 95 3468.625
38 96 2892.974
38 97 6216.042
38 98 2989.961
38 99 3264.810
38 100 4074.520
39 0 5114.548
39 1 10639.638
39 2 9488.550
39 3 9446.438
39 4 5214.491
39 5 4701.326
39 6 3421.517
39 7 6548.399
39 8 4681.041
39 9 2473.624
39 10 10886.018
39 11 10601.608
39 12 2988.279
39 13 8565.337
39 14 11267.249
39 15 8315.633
39 16 10384.289
39 17 4146.709
39 18 4006.583
39 19 8270.822
39 20 3780.469
39 21 8779.055
39 22 8566.333
39 23 7042.645
39 24 2963.485
39 25 5979.478
39 26 6462.675
39 27 5414.356
39 28 9632.207
39 29 9912.430
39 30 9004.296
39 31 6357.574
39 32 6299.638
39 33 8917.513
39 34 4051.843
39 35 9607.372
39 36 5058.394
39 37 3193.536
39 38 6388.166
39 39 0.000
39 40 9829.359
39 41 8603.455
39 42 8415.209
39 43 1830.953
39 44 8876.071
39 45 7578.172
39 46 5843.173
39 47 9860.078
39 48 2343.377
39 49 1911.074
39 50 8063.460
39 51 3132.051
39 52 3162.800
39 53 8331.764
39 54 3482.866
39 55 10354.497
39 56 5120.225
39 57 7502.023
39 58 7022.139
39 59 4989.393
39 60 9801.824
39 61 3415.459
39 62 10277.626
39 63 7805.741
39 64 5440.688
39 65 7975.604
39 66 5943.177
39 67 6598.811
39 68 6492.921
39 69 2540.664
39 70 2605.522
39 71 5910.740
39 72 7055.149
39 73 9214.376
39 74 7562.911
39 75 2664.151
39 76 1507.594
39 77 1338.382
39 78 4631.533
39 79 5854.708
39 80 5173.217
39 81 9570.802
39 82 7507.703
39 83 4339.025
39 84 7503.875
39 85 2973.214
39 86 8667.756
39 87 9921.000
39 88 3360.225
39 89 9226.149
39 90 5636.009
39 91 773.686
39 92 9043.997
39 93 9337.735
39 94 2475.346
39 95 9278.996
39 96 3766.570
39 97 4358.195
39 98 9211.370
39 99 4748.074
39 100 9812.749
40 0 6453.712
40 1 7131.284
40 2 1815.982
40 3 6063.714
40 4 6475.702
40 5 9305.078
40 6 6514.073
40 7 6820.591
40 8 5362.108
40 9 7355.982
40 10 8652.918
40 11 9326.524
40 12 7202.970
40 13 4270.564
40 14 9225.805
40 15 3464.184
40 16 7578.757
40 17 5853.571
40 18 6277.622
40 19 5690.103
40 20 8627.431
40 21 6442.863
40 22 8697.232
40 23 5694.160
40 24 7059.570
40 25 9468.969
40 26 8210.522
40 27 8478.504
40 28 4992.868
40 29 9348.595
40 30 1479.079
40 31 6137.772
40 32 3531.165
40 33 2074.341
40 34 6583.141
40 35 8637.845
40 36 4771.340
40 37 9435.550
40 38 8869.059
40 39 9829.359
40 40 0.000
40 41 1237.936
40 42 1766.238
40 43 8279.973
40 44 7230.659
40 45 3745.522
40 46 6525.669
40 47 4522.913
40 48 8578.999
40 49 7923.217
40 50 4831.706
40 51 7897.427
40 52 6673.875
40 53 1559.065
40 54 7174.916
40 55 6626.741
40 56 4939.634
40 57 6825.633
40 58 7575.007
40 59 7386.846
40 60 7210.652
40 61 7775.607
40 62 8388.481
40 63 2149.900
40 64 4665.484
40 65 7234.912
40 66 3912.177
40 67 4903.383
40 68 4481.103
40 69 8040.155
40 70 7382.135
40 71 7962.736
40 72 4140.472
40 73 972.012
40 74 7466.265
40 75 7924.101
40 76 8421.718
40 77 9884.428
40 78 5499.126
40 79 4858.150
40 80 5594.378
40 81 9656.933
40 82 5856.867
40 83 7408.282
40 84 4489.700
40 85 7401.033
40 86 1369.309
40 87 5682.908
40 88 6603.337
40 89 5502.920
40 90 7190.529
40 91 9421.467
40 92 2688.989
40 93 6679.963
40 94 7434.508
40 95 7757.505
40 96 7812.784
40 97 5507.903
40 98 8770.968
40 99 6352.162
40 100 7686.002
41 0 5311.344
41 1 6773.538
41 2 1741.898
41 3 5565.393
41 4 5343.277
41 5 8159.675
41 6 5318.423
41 7 5837.369
41 8 4127.309
41 9 6131.491
41 10 8193.930
41 11 8766.771
41 12 5966.178
41 13 3659.699
41 14 8773.493
41 15 2774.037
41 16 7132.844
41 17 4616.126
41 18 5141.386
41 19 4980.289
41 20 7438.375
41 21 5796.592
41 22 7908.335
41 23 4769.032
41 24 5870.758
41 25 8402.565
41 26 7207.716
41 27 7384.746
41 28 4618.596
41 29 8692.328
41 30 1062.505
41 31 5122.569
41 32 2315.496
41 33 1610.783
41 34 5367.683
41 35 7989.076
41 36 3549.601
41 37 8225.996
41 38 7847.467
41 39 8603.455
41 40 1237.936
41 41 0.000
41 42 1164.319
41 43 7083.180
41 44 6559.986
41 45 2842.933
41 46 5458.170
41 47 4253.240
41 48 7426.658
41 49 6700.879
41 50 4092.364
41 51 6676.009
41 52 5444.135
41 53 626.014
41 54 6053.808
41 55 6262.779
41 56 3799.929
41 57 5965.917
41 58 6641.185
41 59 6257.272
41 60 6693.917
41 61 6678.854
41 62 7856.814
41 63 1152.970
41 64 3440.297
41 65 6430.727
41 66 2675.756
41 67 3872.774
41 68 3396.414
41 69 6882.479
41 70 6144.681
41 71 6912.008
41 72 3140.327
41 73 813.800
41 74 6600.239
41 75 6690.964
41 76 7187.452
41 77 8646.512
41 78 4359.370
41 79 3704.040
41 80 4414.882
41 81 8936.203
41 82 5008.785
41 83 6234.082
41 84 3617.435
41 85 6243.732
41 86 520.728
41 87 5316.008
41 88 5365.545
41 89 4996.268
41 90 6113.191
41 91 8186.283
41 92 2285.188
41 93 6119.192
41 94 6227.216
41 95 7118.233
41 96 6615.009
41 97 4304.002
41 98 8060.002
41 99 5174.433
41 100 7135.335
42 0 5822.209
42 1 7897.089
42 2 2889.614
42 3 6655.195
42 4 5875.534
42 5 8614.557
42 6 5014.935
42 7 6594.647
42 8 4289.278
42 9 5960.559
42 10 9281.003
42 11 9810.606
42 12 6040.747
42 13 4733.472
42 14 9860.509
42 15 3838.270
42 16 8229.488
42 17 4705.457
42 18 4657.898
42 19 5981.627
42 20 7780.122
42 21 6821.115
42 22 8822.363
42 23 5612.138
42 24 5532.640
42 25 9007.964
42 26 7919.146
42 27 7955.623
42 28 5751.105
42 29 9687.375
42 30 2224.009
42 31 5855.066
42 32 2245.882
42 33 2769.868
42 34 5639.434
42 35 8992.817
42 36 3429.809
42 37 8478.103
42 38 8525.926
42 39 8415.209
42 40 1766.238
42 41 1164.319
42 42 0.000
42 43 6760.960
42 44 7563.367
42 45 3774.180
42 46 6107.506
42 47 5405.917
42 48 6961.812
42 49 6507.464
42 50 5093.831
42 51 6887.662
42 52 5327.044
42 53 579.616
42 54 5524.288
42 55 7387.238
42 56 3352.444
42 57 6845.754
42 58 7440.709
42 59 6775.915
42 60 7768.079
42 61 6093.427
42 62 8917.699
42 63 667.245
42 64 3726.635
42 65 7348.718
42 66 2764.869
42 67 4623.071
42 68 4088.146
42 69 6435.987
42 70 6126.043
42 71 7560.628
42 72 3961.066
42 73 1895.737
42 74 7465.552
42 75 6809.248
42 76 7091.285
42 77 8638.429
42 78 3898.300
42 79 4242.834
42 80 4854.980
42 81 9890.416
42 82 5915.212
42 83 6642.248
42 84 4541.064
42 85 5802.107
42 86 1681.732
42 87 6445.187
42 88 5378.784
42 89 6088.716
42 90 6732.927
42 91 8092.330
42 92 3439.062
42 93 7180.145
42 94 5959.228
42 95 8133.587
42 96 6938.257
42 97 4058.705
42 98 9026.551
42 99 5596.263
42 100 8192.661
43 0 4661.215
43 1 10152.810
43 2 8167.067
43 3 8855.823
43 4 4779.724
43 5 5302.236
43 6 1765.990
43 7 6262.509
43 8 3536.882
43 9 1230.065
43 10 10665.985
43 11 10548.896
43 12 2394.410
43 13 7660.927
43 14 11114.157
43 15 7249.502
43 16 10008.604
43 17 3039.392
43 18 2205.704
43 19 7664.864
43 20 4195.842
43 21 8308.574
43 22 8607.231
43 23 6451.952
43 24 1228.480
43 25 6490.440
43 26 6570.201
43 27 5676.541
43 28 8827.983
43 29 9946.034
43 30 7615.581
43 31 5874.978
43 32 4771.145
43 33 7622.308
43 34 3456.645
43 35 9526.254
43 36 3563.557
43 37 4017.054
43 38 6686.115
43 39 1830.953
43 40 8279.973
43 41 7083.180
43 42 6760.960
43 43 0.000
43 44 8565.695
43 45 6530.689
43 46 5464.316
43 47 8959.549
43 48 958.106
43 49 830.646
43 50 7275.996
43 51 3148.512
43 52 1892.426
43 53 6742.609
43 54 1661.325
43 55 9799.418
43 56 3413.845
43 57 7186.815
43 58 6921.193
43 59 4887.241
43 60 9409.195
43 61 1719.590
43 62 10073.131
43 63 6186.092
43 64 4250.697
43 65 7731.432
43 66 4510.038
43 67 5769.083
43 68 5521.497
43 69 811.572
43 70 1890.712
43 71 5981.010
43 72 6057.581
43 73 7759.249
43 74 7400.900
43 75 2602.138
43 76 1404.526
43 77 2724.223
43 78 2888.386
43 79 4896.794
43 80 4367.290
43 81 9710.372
43 82 6957.547
43 83 4218.915
43 84 6627.767
43 85 1142.565
43 86 7217.042
43 87 9224.964
43 88 2359.310
43 89 8539.989
43 90 5470.632
43 91 1930.688
43 92 7854.323
43 93 8877.319
43 94 888.781
43 95 9045.700
43 96 3799.690
43 97 2780.183
43 98 9201.034
43 99 4199.412
43 100 9514.465
44 0 3904.511
44 1 1927.515
44 2 5481.133
44 3 1475.295
44 4 3786.409
44 5 4996.139
44 6 7560.472
44 7 2334.735
44 8 5528.312
44 9 7368.998
44 10 2119.991
44 11 2305.267
44 12 6182.860
44 13 2960.101
44 14 2623.686
44 15 3801.103
44 16 1521.344
44 17 5821.726
44 18 8165.119
44 19 1582.670
44 20 5329.242
44 21 792.656
44 22 1670.176
44 23 2327.011
44 24 7961.042
44 25 4152.981
44 26 2810.829
44 27 3871.306
44 28 2592.833
44 29 2132.596
44 30 5769.689
44 31 2716.948
44 32 6370.753
44 33 5158.259
44 34 5110.526
44 35 1430.321
44 36 6446.308
44 37 6254.875
44 38 3336.334
44 39 8876.071
44 40 7230.659
44 41 6559.986
44 42 7563.367
44 43 8565.695
44 44 0.000
44 45 3799.708
44 46 3104.155
44 47 3174.181
44 48 9448.177
44 49 7752.352
44 50 2472.019
44 51 5744.503
44 52 6856.075
44 53 6998.661
44 54 8856.746
44 55 1875.554
44 56 7466.569
44 57 1385.460
44 58 1976.707
44 59 3892.522
44 60 982.668
44 61 9494.197
44 62 1561.410
44 63 7099.991
44 64 5206.264
44 65 923.605
44 66 5949.042
44 67 3366.680
44 68 3908.052
44 69 9009.562
44 70 6683.893
44 71 3174.283
44 72 3743.554
44 73 6282.831
44 74 1410.770
44 75 6236.405
44 76 7547.021
44 77 7955.875
44 78 7722.770
44 79 4247.716
44 80 4387.739
44 81 2437.750
44 82 1840.488
44 83 4537.211
44 84 3058.828
44 85 8600.294
44 86 6092.824
44 87 2177.207
44 88 6279.139
44 89 1884.452
44 90 3242.823
44 91 8118.290
44 92 4557.276
44 93 841.951
44 94 7842.874
44 95 584.535
44 96 5116.493
44 97 6982.850
44 98 1552.602
44 99 4371.514
44 100 949.309
45 0 3026.809
45 1 4432.368
45 2 2360.272
45 3 3078.610
45 4 3008.215
45 5 5781.466
45 6 4995.217
45 7 3080.703
45 8 2994.371
45 9 5335.779
45 10 5633.854
45 11 6075.126
45 12 4602.105
45 13 1272.508
45 14 6206.791
45 15 737.673
45 16 4629.912
45 17 3505.829
45 18 5292.904
45 19 2226.360
45 20 5313.895
45 21 3082.169
45 22 5070.061
45 23 1950.553
45 24 5528.646
45 25 5778.778
45 26 4474.188
45 27 4840.763
45 28 2514.210
45 29 5916.081
45 30 2294.501
45 31 2425.634
45 32 2793.491
45 33 1815.708
45 34 3631.564
45 35 5225.765
45 36 3344.500
45 37 6235.680
45 38 5140.787
45 39 7578.172
45 40 3745.522
45 41 2842.933
45 42 3774.180
45 43 6530.689
45 44 3799.708
45 45 0.000
45 46 2879.471
45 47 2488.631
45 48 7196.735
45 49 5878.150
45 50 1355.597
45 51 4897.676
45 52 4640.315
45 53 3219.531
45 54 6160.096
45 55 3949.721
45 56 4226.420
45 57 3123.829
45 58 3832.420
45 59 3864.620
45 60 4108.707
45 61 6845.064
45 62 5214.129
45 63 3300.972
45 64 2298.461
45 65 3592.255
45 66 2535.057
45 67 1266.006
45 68 1102.959
45 69 6666.480
45 70 4977.034
45 71 4266.110
45 72 548.539
45 73 2778.114
45 74 3759.854
45 75 5125.031
45 76 6070.691
45 77 7195.972
45 78 4643.691
45 79 1729.543
45 80 2469.752
45 81 6119.188
45 82 2166.166
45 83 4068.624
45 84 775.317
45 85 6100.279
45 86 2438.846
45 87 3102.158
45 88 4259.459
45 89 2554.572
45 90 3545.465
45 91 6969.465
45 92 1591.824
45 93 3499.653
45 94 5654.676
45 95 4376.270
45 96 4595.331
45 97 4101.294
45 98 5252.694
45 99 3113.721
45 100 4489.554
46 0 807.513
46 1 4797.366
46 2 5238.264
46 3 3627.942
46 4 686.566
46 5 2926.746
46 6 4575.366
46 7 821.267
46 8 2718.101
46 9 4277.808
46 10 5202.344
46 11 5146.082
46 12 3078.712
46 13 3233.789
46 14 5660.593
46 15 3461.492
46 16 4574.738
46 17 2872.212
46 18 5271.292
46 19 2489.003
46 20 2668.245
46 21 2935.945
46 22 3365.119
46 23 1330.103
46 24 4924.169
46 25 2946.603
46 26 1837.197
46 27 1964.472
46 28 4014.850
46 29 4628.762
46 30 5133.501
46 31 579.923
46 32 4234.020
46 33 4693.368
46 34 2015.857
46 35 4123.217
46 36 3831.013
46 37 3644.989
46 38 2418.769
46 39 5843.173
46 40 6525.669
46 41 5458.170
46 42 6107.506
46 43 5464.316
46 44 3104.155
46 45 2879.471
46 46 0.000
46 47 4384.791
46 48 6357.093
46 49 4648.640
46 50 2556.838
46 51 2731.422
46 52 3806.794
46 53 5647.527
46 54 5868.545
46 55 4516.805
46 56 4843.580
46 57 1722.545
46 58 1642.405
46 59 1084.391
46 60 3981.688
46 61 6476.377
46 62 4612.436
46 63 5489.310
46 64 2703.967
46 65 2275.218
46 66 3690.788
46 67 1632.516
46 68 2061.762
46 69 5934.554
46 70 3580.002
46 71 1457.572
46 72 2402.325
46 73 5585.122
46 74 2003.591
46 75 3180.179
46 76 4462.563
46 77 5058.761
46 78 4966.416
46 79 1894.532
46 80 1561.718
46 81 4530.558
46 82 1709.870
46 83 1564.698
46 84 2317.397
46 85 5563.254
46 86 5163.571
46 87 4166.007
46 88 3213.950
46 89 3483.331
46 90 668.277
46 91 5105.579
46 92 4418.241
46 93 3496.202
46 94 4762.753
46 95 3583.799
46 96 2175.176
46 97 4170.015
46 98 3867.135
46 99 1291.886
46 100 4053.463
47 0 4893.635
47 1 2611.303
47 2 2711.563
47 3 1739.316
47 4 4825.208
47 5 7184.925
47 6 7474.700
47 7 4091.727
47 8 5432.754
47 9 7744.490
47 10 4169.526
47 11 4933.975
47 12 6876.047
47 13 1302.292
47 14 4732.372
47 15 1873.430
47 16 3101.175
47 17 5920.158
47 18 7779.073
47 19 2105.678
47 20 7052.768
47 21 2433.301
47 22 4834.971
47 23 3057.066
47 24 8000.587
47 25 6747.827
47 26 5295.642
47 27 6075.676
47 28 582.017
47 29 5112.336
47 30 3238.121
47 31 3805.439
47 32 5148.647
47 33 2644.064
47 34 5814.251
47 35 4418.553
47 36 5827.937
47 37 8028.466
47 38 5960.042
47 39 9860.078
47 40 4522.913
47 41 4253.240
47 42 5405.917
47 43 8959.549
47 44 3174.181
47 45 2488.631
47 46 4384.791
47 47 0.000
47 48 9662.495
47 49 8265.597
47 50 1845.149
47 51 6943.182
47 52 7068.324
47 53 4833.360
47 54 8648.724
47 55 2111.774
47 56 6674.992
47 57 3502.386
47 58 4424.931
47 59 5467.561
47 60 2828.570
47 61 9333.677
47 62 3983.042
47 63 5161.120
47 64 4772.625
47 65 3605.753
47 66 4980.625
47 67 3261.287
47 68 3438.127
47 69 9138.236
47 70 7300.747
47 71 5366.360
47 72 2908.652
47 73 3698.664
47 74 4037.757
47 75 7275.988
47 76 8366.557
47 77 9304.963
47 78 7116.018
47 79 4067.435
47 80 4690.303
47 81 5546.487
47 82 2783.100
47 83 5896.279
47 84 2358.678
47 85 8581.758
47 86 3732.682
47 87 1188.695
47 88 6635.671
47 89 1299.652
47 90 4930.879
47 91 9195.926
47 92 1968.112
47 93 2417.698
47 94 8096.415
47 95 3572.764
47 96 6493.381
47 97 6589.912
47 98 4685.449
47 99 5159.319
47 100 3333.821
48 0 5550.232
48 1 10986.280
48 2 8654.349
48 3 9667.881
48 4 5670.581
48 5 6251.494
48 6 2223.804
48 7 7164.465
48 8 4235.980
48 9 2079.714
48 10 11557.532
48 11 11468.351
48 12 3313.641
48 13 8374.793
48 14 12016.431
48 15 7896.131
48 16 10870.158
48 17 3779.949
48 18 2306.214
48 19 8481.602
48 20 5150.558
48 21 9156.653
48 22 9543.299
48 23 7285.003
48 24 1671.880
48 25 7446.726
48 26 7518.072
48 27 6633.641
48 28 9569.774
48 29 10878.038
48 30 8061.754
48 31 6741.529
48 32 5158.463
48 33 8134.051
48 34 4341.471
48 35 10444.409
48 36 4031.153
48 37 4933.719
48 38 7642.957
48 39 2343.377
48 40 8578.999
48 41 7426.658
48 42 6961.812
48 43 958.106
48 44 9448.177
48 45 7196.735
48 46 6357.093
48 47 9662.495
48 48 0.000
48 49 1777.318
48 50 8038.564
48 51 4105.660
48 52 2643.499
48 53 7021.657
48 54 1464.492
48 55 10615.974
48 56 3639.393
48 57 8076.565
48 58 7846.768
48 59 5825.273
48 60 10269.623
48 61 1129.189
48 62 10969.493
48 63 6440.478
48 64 4898.280
48 65 8630.872
48 66 4989.367
48 67 6537.248
48 68 6239.427
48 69 549.541
48 70 2813.147
48 71 6928.152
48 72 6754.266
48 73 8150.822
48 74 8315.504
48 75 3559.878
48 76 2340.366
48 77 3479.094
48 78 3080.330
48 79 5633.937
48 80 5172.327
48 81 10653.639
48 82 7796.113
48 83 5160.737
48 84 7365.650
48 85 1183.826
48 86 7619.985
48 87 10001.731
48 88 3182.396
48 89 9325.010
48 90 6396.966
48 91 2685.410
48 92 8427.774
48 93 9724.349
48 94 1616.067
48 95 9940.733
48 96 4754.450
48 97 3217.057
48 98 10129.601
48 99 5076.875
48 100 10394.929
49 0 3849.077
49 1 9365.664
49 2 7651.196
49 3 8083.931
49 4 3966.265
49 5 4539.381
49 6 1550.978
49 7 5441.513
49 8 2898.137
49 9 573.922
49 10 9847.449
49 11 9720.500
49 12 1571.551
49 13 6963.512
49 14 10291.135
49 15 6607.860
49 16 9205.290
49 17 2374.223
49 18 2264.584
49 19 6892.110
49 20 3417.401
49 21 7514.624
49 22 7776.585
49 23 5671.111
49 24 1197.860
49 25 5700.213
49 26 5741.901
49 27 4861.122
49 28 8105.413
49 29 9115.535
49 30 7139.090
49 31 5073.720
49 32 4392.224
49 33 7090.110
49 34 2651.506
49 35 8698.303
49 36 3152.134
49 37 3339.869
49 38 5869.433
49 39 1911.074
49 40 7923.217
49 41 6700.879
49 42 6507.464
49 43 830.646
49 44 7752.352
49 45 5878.150
49 46 4648.640
49 47 8265.597
49 48 1777.318
49 49 0.000
49 50 6543.047
49 51 2335.189
49 52 1286.289
49 53 6421.031
49 54 2049.680
49 55 9023.234
49 56 3241.472
49 57 6370.857
49 58 6091.813
49 59 4056.598
49 60 8606.947
49 61 2334.203
49 62 9252.721
49 63 5895.096
49 64 3643.649
49 65 6910.636
49 66 4053.473
49 67 5039.064
49 68 4834.204
49 69 1500.547
49 70 1068.762
49 71 5152.325
49 72 5383.410
49 73 7328.084
49 74 6574.415
49 75 1794.354
49 76 789.008
49 77 2374.066
49 78 2786.058
49 79 4199.402
49 80 3617.971
49 81 8880.533
49 82 6171.812
49 83 3388.529
49 84 5916.637
49 85 1514.637
49 86 6781.686
49 87 8476.386
49 88 1629.926
49 89 7787.107
49 90 4641.355
49 91 1664.224
49 92 7268.824
49 93 8083.325
49 94 659.525
49 95 8226.221
49 96 2978.460
49 97 2448.925
49 98 8370.935
49 99 3395.931
49 100 8701.568
50 0 3049.939
50 1 3154.028
50 2 3174.570
50 3 1777.996
50 4 2980.222
50 5 5420.071
50 6 5915.400
50 7 2378.726
50 8 3818.004
50 9 6047.910
50 10 4282.250
50 11 4726.034
50 12 5095.081
50 13 721.558
50 14 4853.537
50 15 1367.533
50 16 3293.483
50 17 4259.036
50 18 6343.558
50 19 889.436
50 20 5219.434
50 21 1731.663
50 22 3865.526
50 23 1248.178
50 24 6408.137
50 25 5127.814
50 26 3706.808
50 27 4345.887
50 28 1570.256
50 29 4602.207
50 30 3354.232
50 31 1981.987
50 32 4088.872
50 33 2764.896
50 34 4011.732
50 35 3902.339
50 36 4447.537
50 37 6192.502
50 38 4389.643
50 39 8063.460
50 40 4831.706
50 41 4092.364
50 42 5093.831
50 43 7275.996
50 44 2472.019
50 45 1355.597
50 46 2556.838
50 47 1845.149
50 48 8038.564
50 49 6543.047
50 50 0.000
50 51 5104.093
50 52 5403.552
50 53 4527.319
50 54 7156.382
50 55 2699.387
50 56 5406.326
50 57 2056.796
50 58 2914.376
50 59 3641.155
50 60 2758.531
50 61 7833.202
50 62 3858.729
50 63 4647.760
50 64 3261.683
50 65 2408.427
50 66 3756.602
50 67 1506.917
50 68 1845.480
50 69 7534.376
50 70 5541.152
50 71 3666.947
50 72 1456.618
50 73 3866.665
50 74 2687.754
50 75 5451.954
50 76 6583.502
50 77 7467.216
50 78 5765.709
50 79 2409.770
50 80 2927.715
50 81 4850.702
50 82 1125.850
50 83 4051.938
50 84 727.203
50 85 7018.824
50 86 3635.265
50 87 1968.743
50 88 4922.065
50 89 1317.559
50 90 3136.707
50 91 7382.361
50 92 2245.361
50 93 2147.134
50 94 6439.119
50 95 3039.770
50 96 4648.253
50 97 5129.882
50 98 3970.592
50 99 3332.662
50 100 3133.985
51 0 2061.572
51 1 7517.225
51 2 7099.462
51 3 6356.617
51 4 2145.359
51 5 2301.360
51 6 3082.721
51 7 3416.628
51 8 2598.848
51 9 2230.337
51 10 7768.992
51 11 7534.778
51 12 1088.056
51 13 5686.037
51 14 8167.465
51 15 5616.695
51 16 7252.337
51 17 2213.913
51 18 3949.440
51 19 5200.203
51 20 1171.139
51 21 5660.679
51 22 5534.374
51 23 3988.624
51 24 3134.397
51 25 3383.542
51 26 3455.151
51 27 2528.037
51 28 6648.427
51 29 6883.241
51 30 6763.248
51 31 3270.831
51 32 4649.215
51 33 6513.546
51 34 1323.705
51 35 6525.484
51 36 3593.502
51 37 1597.187
51 38 3537.649
51 39 3132.051
51 40 7897.427
51 41 6676.009
51 42 6887.662
51 43 3148.512
51 44 5744.503
51 45 4897.676
51 46 2731.422
51 47 6943.182
51 48 4105.660
51 49 2335.189
51 50 5104.093
51 51 0.000
51 52 2209.970
51 53 6608.518
51 54 4151.764
51 55 7247.756
51 56 4274.095
51 57 4370.127
51 58 3918.812
51 59 1866.289
51 60 6670.806
51 61 4589.463
51 62 7162.285
51 63 6221.058
51 64 3236.108
51 65 4847.384
51 66 4124.041
51 67 3742.342
51 68 3801.932
51 69 3821.718
51 70 1435.398
51 71 2873.857
51 72 4349.386
51 73 7096.244
51 74 4446.706
51 75 548.997
51 76 1876.528
51 77 2363.364
51 78 4072.002
51 79 3217.407
51 80 2442.935
51 81 6603.264
51 82 4425.561
51 83 1207.326
51 84 4640.577
51 85 3684.549
51 86 6575.126
51 87 6870.616
51 88 1753.138
51 89 6179.580
51 90 2507.805
51 91 2380.466
51 92 6471.544
51 93 6215.091
51 94 2737.676
51 95 6155.676
51 96 667.548
51 97 3348.118
51 98 6157.193
51 99 1803.376
51 100 6682.861
52 0 3004.814
52 1 8347.812
52 2 6365.000
52 3 7024.795
52 4 3127.248
52 5 4496.712
52 6 886.319
52 7 4627.071
52 8 1645.956
52 9 715.117
52 10 8974.322
52 11 8952.631
52 12 1123.462
52 13 5770.871
52 14 9452.961
52 15 5362.209
52 16 8249.497
52 17 1149.585
52 18 1743.917
52 19 5839.582
52 20 3377.854
52 21 6527.714
52 22 7110.416
52 23 4650.106
52 24 1118.696
52 25 5482.956
52 26 5202.903
52 27 4505.852
52 28 6946.501
52 29 8414.374
52 30 5855.018
52 31 4139.313
52 32 3151.857
52 33 5804.730
52 34 1826.142
52 35 7929.239
52 36 1913.077
52 37 3661.019
52 38 5471.077
52 39 3162.800
52 40 6673.875
52 41 5444.135
52 42 5327.044
52 43 1892.426
52 44 6856.075
52 45 4640.315
52 46 3806.794
52 47 7068.324
52 48 2643.499
52 49 1286.289
52 50 5403.552
52 51 2209.970
52 52 0.000
52 53 5196.405
52 54 2100.478
52 55 7973.266
52 56 2230.714
52 57 5503.500
52 58 5381.291
52 59 3478.263
52 60 7648.836
52 61 2674.814
52 62 8396.786
52 63 4693.904
52 64 2373.425
52 65 6074.879
52 66 2780.405
52 67 3898.811
52 68 3630.822
52 69 2165.167
52 70 897.224
52 71 4620.649
52 72 4165.188
52 73 6052.857
52 74 5803.523
52 75 1834.369
52 76 1765.046
52 77 3330.746
52 78 1916.070
52 79 3010.117
52 80 2530.785
52 81 8256.442
52 82 5163.345
52 83 2879.540
52 84 4743.333
52 85 1756.696
52 86 5506.220
52 87 7362.574
52 88 602.838
52 89 6683.497
52 90 3961.412
52 91 2767.494
52 92 5994.770
52 93 7093.902
52 94 1035.567
52 95 7368.909
52 96 2686.041
52 97 1323.434
52 98 7655.331
52 99 2515.358
52 100 7797.050
53 0 5413.160
53 1 7317.713
53 2 2367.644
53 3 6076.520
53 4 5458.404
53 5 8235.956
53 6 4978.896
53 7 6098.585
53 8 4017.476
53 9 5860.380
53 10 8702.903
53 11 9238.740
53 12 5820.930
53 13 4155.628
53 14 9282.470
53 15 3260.730
53 16 7650.501
53 17 4470.652
53 18 4719.067
53 19 5416.151
53 20 7446.857
53 21 6251.699
53 22 8280.901
53 23 5086.687
53 24 5517.935
53 25 8570.716
53 26 7441.356
53 27 7529.672
53 28 5172.792
53 29 9125.535
53 30 1683.989
53 31 5365.339
53 32 2047.951
53 33 2204.934
53 34 5328.382
53 35 8428.741
53 36 3283.355
53 37 8185.504
53 38 8060.863
53 39 8331.764
53 40 1559.065
53 41 626.014
53 42 579.616
53 43 6742.609
53 44 6998.661
53 45 3219.531
53 46 5647.527
53 47 4833.360
53 48 7021.657
53 49 6421.031
53 50 4527.319
53 51 6608.518
53 52 5196.405
53 53 0.000
53 54 5615.961
53 55 6807.943
53 56 3382.423
53 57 6311.942
53 58 6932.412
53 59 6367.259
53 60 7191.171
53 61 6219.453
53 62 8342.830
53 63 596.963
53 64 3393.911
53 65 6804.834
53 66 2503.962
53 67 4122.766
53 68 3603.819
53 69 6484.070
53 70 5951.034
53 71 7104.680
53 72 3435.906
53 73 1419.839
53 74 6936.850
53 75 6572.275
53 76 6957.986
53 77 8466.384
53 78 3941.379
53 79 3813.898
53 80 4468.814
53 81 9338.714
53 82 5372.478
53 83 6277.636
53 84 3990.808
53 85 5845.208
53 86 1125.396
53 87 5866.363
53 88 5184.556
53 89 5509.760
53 90 6285.618
53 91 7960.848
53 92 2868.781
53 93 6604.818
53 94 5909.197
53 95 7566.664
53 96 6610.406
53 97 3984.598
53 98 8471.256
53 99 5221.700
53 100 7618.160
54 0 5077.673
54 1 10228.532
54 2 7381.519
54 3 8870.616
54 4 5199.783
54 5 6445.102
54 6 1297.684
54 7 6689.469
54 8 3370.675
54 9 1929.569
54 10 10975.646
54 11 11007.913
54 12 3130.246
54 13 7395.876
54 14 11472.945
54 15 6818.237
54 16 10193.286
54 17 3035.082
54 18 923.774
54 19 7712.840
54 20 5309.254
54 21 8460.609
54 22 9199.949
54 23 6581.967
54 24 1021.430
54 25 7516.435
54 26 7302.719
54 27 6575.498
54 28 8625.173
54 29 10493.033
54 30 6757.986
54 31 6150.242
54 32 3848.074
54 33 6889.744
54 34 3922.025
54 35 9987.825
54 36 2843.229
54 37 5362.056
54 38 7555.032
54 39 3482.866
54 40 7174.916
54 41 6053.808
54 42 5524.288
54 43 1661.325
54 44 8856.746
54 45 6160.096
54 46 5868.545
54 47 8648.724
54 48 1464.492
54 49 2049.680
54 50 7156.382
54 51 4151.764
54 52 2100.478
54 53 5615.961
54 54 0.000
54 55 9818.953
54 56 2255.712
54 57 7533.790
54 58 7467.790
54 59 5577.382
54 60 9595.741
54 61 685.159
54 62 10411.729
54 63 5027.012
54 64 3904.686
54 65 8115.715
54 66 3771.222
54 67 5700.392
54 68 5313.213
54 69 1000.134
54 70 2716.481
54 71 6719.327
54 72 5776.894
54 73 6804.348
54 74 7871.912
54 75 3667.172
54 76 2832.418
54 77 4338.279
54 78 1699.814
54 79 4764.578
54 80 4470.710
54 81 10350.556
54 82 7096.806
54 83 4967.499
54 84 6448.143
54 85 543.463
54 86 6286.024
54 87 9121.311
54 88 2702.102
54 89 8470.334
54 90 6058.355
54 91 3560.961
54 92 7247.299
54 93 9017.636
54 94 1452.971
54 95 9389.265
54 96 4713.615
54 97 2059.017
54 98 9732.242
54 99 4586.019
54 100 9784.689
55 0 5246.167
55 1 510.859
55 2 4811.356
55 3 950.115
55 4 5142.409
55 5 6800.372
55 6 8555.922
55 7 3888.355
55 8 6454.171
55 9 8572.045
55 10 2073.455
55 11 2915.941
55 12 7493.699
55 13 2725.667
55 14 2626.281
55 15 3596.909
55 16 1033.687
55 17 6852.954
55 18 9027.250
55 19 2135.281
55 20 7008.383
55 21 1603.470
55 22 3405.423
55 23 3352.607
55 24 9024.177
55 25 6020.460
55 26 4643.972
55 27 5660.200
55 28 1649.070
55 29 3253.206
55 30 5293.691
55 31 3998.860
55 32 6741.908
55 33 4679.978
55 34 6388.902
55 35 2631.587
55 36 7145.534
55 37 7965.763
55 38 5201.413
55 39 10354.497
55 40 6626.741
55 41 6262.779
55 42 7387.238
55 43 9799.418
55 44 1875.554
55 45 3949.721
55 46 4516.805
55 47 2111.774
55 48 10615.974
55 49 9023.234
55 50 2699.387
55 51 7247.756
55 52 7973.266
55 53 6807.943
55 54 9818.953
55 55 0.000
55 56 8104.587
55 57 2982.091
55 58 3770.881
55 59 5475.717
55 60 1019.996
55 61 10489.155
55 62 1984.546
55 63 7061.752
55 64 5947.382
55 65 2718.350
55 66 6444.277
55 67 4118.977
55 68 4532.407
55 69 10132.293
55 70 7975.625
55 71 4940.924
55 72 4151.417
55 73 5774.582
55 74 3227.948
55 75 7690.431
55 76 8941.285
55 77 9554.091
55 78 8463.503
55 79 5054.409
55 80 5443.812
55 81 3789.859
55 82 2859.436
55 83 6063.957
55 84 3426.437
55 85 9648.290
55 86 5748.406
55 87 950.121
55 88 7445.344
55 89 1398.270
55 90 4836.928
55 91 9621.760
55 92 4003.772
55 93 1101.533
55 94 9001.548
55 95 1958.061
55 96 6669.494
55 97 7813.450
55 98 3029.867
55 99 5651.473
55 100 1482.375
56 0 4185.531
56 1 8558.382
56 2 5156.126
56 3 7180.996
56 4 4291.748
56 5 6433.229
56 6 1699.057
56 7 5606.349
56 8 2144.213
56 9 2738.864
56 10 9533.183
56 11 9739.050
56 12 3226.945
56 13 5498.287
56 14 10073.130
56 15 4804.345
56 16 8636.308
56 17 2197.967
56 18 1341.806
56 19 6106.804
56 20 5383.233
56 21 6931.192
56 22 8168.415
56 23 5141.790
56 24 2188.156
56 25 7220.850
56 26 6580.732
56 27 6163.282
56 28 6740.596
56 29 9350.142
56 30 4516.736
56 31 4927.024
56 32 1627.448
56 33 4688.895
56 34 3366.073
56 35 8755.780
56 36 1028.731
56 37 5823.404
56 38 7012.595
56 39 5120.225
56 40 4939.634
56 41 3799.929
56 42 3352.444
56 43 3413.845
56 44 7466.569
56 45 4226.420
56 46 4843.580
56 47 6674.992
56 48 3639.393
56 49 3241.472
56 50 5406.326
56 51 4274.095
56 52 2230.714
56 53 3382.423
56 54 2255.712
56 55 8104.587
56 56 0.000
56 57 6282.947
56 58 6477.240
56 59 4981.510
56 60 8059.622
56 61 2896.414
56 62 9018.617
56 63 2804.081
56 64 2262.099
56 65 6874.663
56 66 1695.408
56 67 4112.035
56 68 3608.949
56 69 3101.994
56 70 3122.173
56 71 6057.040
56 72 3953.678
56 73 4549.128
56 74 6754.761
56 75 4003.463
56 76 3913.298
56 77 5523.826
56 78 560.238
56 79 3221.172
56 80 3282.307
56 81 9334.451
56 82 5628.661
56 83 4553.626
56 84 4679.186
56 85 2463.530
56 86 4033.659
56 87 7310.499
56 88 2529.507
56 89 6712.169
56 90 5256.537
56 91 4887.484
56 92 5103.243
56 93 7452.558
56 94 2645.170
56 95 8038.077
56 96 4585.287
56 97 931.667
56 98 8597.511
56 99 3749.813
56 100 8334.373
57 0 2527.034
57 1 3180.575
57 2 5224.397
57 3 2218.512
57 4 2407.569
57 5 3855.221
57 6 6236.149
57 7 953.733
57 8 4255.567
57 9 5996.858
57 10 3481.024
57 11 3487.552
57 12 4800.296
57 13 2748.358
57 14 3949.499
57 15 3387.675
57 16 2882.279
57 17 4503.896
57 18 6879.728
57 19 1403.043
57 20 4031.229
57 21 1389.207
57 22 1990.710
57 23 1247.585
57 24 6615.480
57 25 3256.331
57 26 1804.711
57 27 2711.775
57 28 2988.996
57 29 3069.229
57 30 5348.827
57 31 1389.040
57 32 5355.314
57 33 4785.674
57 34 3735.432
57 35 2481.882
57 36 5254.338
57 37 4984.330
57 38 2459.153
57 39 7502.023
57 40 6825.633
57 41 5965.917
57 42 6845.754
57 43 7186.815
57 44 1385.460
57 45 3123.829
57 46 1722.545
57 47 3502.386
57 48 8076.565
57 49 6370.857
57 50 2056.796
57 51 4370.127
57 52 5503.500
57 53 6311.942
57 54 7533.790
57 55 2982.091
57 56 6282.947
57 57 0.000
57 58 922.741
57 59 2534.084
57 60 2302.750
57 61 8158.994
57 62 2895.193
57 63 6308.777
57 64 4029.981
57 65 593.109
57 66 4878.187
57 67 2312.225
57 68 2881.249
57 69 7646.750
57 70 5302.129
57 71 1984.400
57 72 2886.857
57 73 5853.831
57 74 640.653
57 75 4855.254
57 76 6162.378
57 77 6615.877
57 78 6489.610
57 79 3081.081
57 80 3089.737
57 81 3116.531
57 82 968.769
57 83 3164.239
57 84 2352.267
57 85 7255.412
57 86 5556.988
57 87 2883.406
57 88 4918.816
57 89 2299.952
57 90 1884.651
57 91 6748.331
57 92 4299.394
57 93 1893.784
57 94 6476.887
57 95 1866.367
57 96 3752.893
57 97 5723.088
57 98 2323.487
57 99 3001.471
57 100 2333.956
58 0 2395.736
58 1 3894.125
58 2 6043.432
58 3 3089.136
58 4 2274.894
58 5 3032.053
58 6 6183.362
58 7 887.318
58 8 4359.625
58 9 5785.600
58 10 3867.189
58 11 3631.279
58 12 4533.158
58 13 3624.779
58 14 4249.271
58 15 4193.011
58 16 3485.467
58 17 4504.103
58 18 6902.642
58 19 2323.175
58 20 3376.141
58 21 2234.352
58 22 1733.482
58 23 1881.868
58 24 6498.918
58 25 2338.847
58 26 894.472
58 27 1897.968
58 28 3910.400
58 29 3037.797
58 30 6110.020
58 31 1626.767
58 32 5755.183
58 33 5573.610
58 34 3557.257
58 35 2613.072
58 36 5458.416
58 37 4284.832
58 38 1536.780
58 39 7022.139
58 40 7575.007
58 41 6641.185
58 42 7440.709
58 43 6921.193
58 44 1976.707
58 45 3832.420
58 46 1642.405
58 47 4424.931
58 48 7846.768
58 49 6091.813
58 50 2914.376
58 51 3918.812
58 52 5381.291
58 53 6932.412
58 54 7467.790
58 55 3770.881
58 56 6477.240
58 57 922.741
58 58 0.000
58 59 2058.506
58 60 2958.659
58 61 8055.683
58 62 3257.921
58 63 6865.093
58 64 4293.310
58 65 1061.894
58 66 5236.037
58 67 2818.915
58 68 3368.384
58 69 7459.469
58 70 5034.677
58 71 1198.509
58 72 3504.897
58 73 6604.722
58 74 568.233
58 75 4443.142
58 76 5778.239
58 77 6030.175
58 78 6608.782
58 79 3404.468
58 80 3196.381
58 81 2893.549
58 82 1789.791
58 83 2731.866
58 84 3088.722
58 85 7133.373
58 86 6266.510
58 87 3775.308
58 88 4779.845
58 89 3215.209
58 90 1450.576
58 91 6253.446
58 92 5131.539
58 93 2669.646
58 94 6288.696
58 95 2280.092
58 96 3262.272
58 97 5812.083
58 98 2283.958
58 99 2885.968
58 100 2851.039
59 0 954.467
59 1 5708.924
59 2 6219.194
59 3 4626.137
59 4 913.996
59 5 1927.509
59 6 4334.637
59 7 1591.343
59 8 2864.471
59 9 3793.057
59 10 5902.775
59 11 5686.099
59 12 2522.883
59 13 4314.049
59 14 6303.644
59 15 4492.507
59 16 5408.270
59 17 2814.064
59 18 5128.074
59 19 3530.049
59 20 1589.545
59 21 3873.510
59 22 3720.021
59 23 2410.815
59 24 4574.677
59 25 2285.302
59 26 1725.951
59 27 1210.986
59 28 5087.176
59 29 5060.857
59 30 6051.213
59 31 1662.332
59 32 4718.838
59 33 5657.347
59 34 1690.683
59 35 4670.756
59 36 4042.830
59 37 2567.906
59 38 2041.881
59 39 4989.393
59 40 7386.846
59 41 6257.272
59 42 6775.915
59 43 4887.241
59 44 3892.522
59 45 3864.620
59 46 1084.391
59 47 5467.561
59 48 5825.273
59 49 4056.598
59 50 3641.155
59 51 1866.289
59 52 3478.263
59 53 6367.259
59 54 5577.382
59 55 5475.717
59 56 4981.510
59 57 2534.084
59 58 2058.506
59 59 0.000
59 60 4835.434
59 61 6121.841
59 62 5295.996
59 63 6128.447
59 64 3125.522
59 65 2986.599
59 66 4154.054
59 67 2598.643
59 68 2917.668
59 69 5465.593
59 70 3015.558
59 71 1142.519
59 72 3350.562
59 73 6475.149
59 74 2580.510
59 75 2384.990
59 76 3719.734
59 77 4084.518
59 78 4982.519
59 79 2558.423
59 80 1933.703
59 81 4830.787
59 82 2755.420
59 83 674.292
59 84 3369.285
59 85 5194.014
59 86 6017.548
59 87 5202.260
59 88 2880.456
59 89 4530.339
59 90 650.352
59 91 4227.692
59 92 5436.921
59 93 4411.930
59 94 4306.231
59 95 4290.757
59 96 1224.373
59 97 4174.435
59 98 4321.052
59 99 1256.868
59 100 4824.576
60 0 4763.834
60 1 954.253
60 2 5406.591
60 3 1146.939
60 4 4650.047
60 5 5978.108
60 6 8307.681
60 7 3254.735
60 8 6232.818
60 9 8197.197
60 10 1525.453
60 11 2121.722
60 12 7045.999
60 13 3036.974
60 14 2100.831
60 15 3930.665
60 16 600.714
60 17 6573.277
60 18 8859.678
60 19 1957.343
60 20 6299.997
60 21 1138.064
60 22 2390.724
60 23 3014.158
60 24 8737.309
60 25 5110.204
60 26 3790.523
60 27 4853.961
60 28 2271.968
60 29 2307.541
60 30 5801.547
60 31 3534.291
60 32 6832.081
60 33 5179.456
60 34 5955.631
60 35 1645.200
60 36 7059.337
60 37 7231.964
60 38 4298.420
60 39 9801.824
60 40 7210.652
60 41 6693.917
60 42 7768.079
60 43 9409.195
60 44 982.668
60 45 4108.707
60 46 3981.688
60 47 2828.570
60 48 10269.623
60 49 8606.947
60 50 2758.531
60 51 6670.806
60 52 7648.836
60 53 7191.171
60 54 9595.741
60 55 1019.996
60 56 8059.622
60 57 2302.750
60 58 2958.659
60 59 4835.434
60 60 0.000
60 61 10248.578
60 62 1177.891
60 63 7369.857
60 64 5825.769
60 65 1901.083
60 66 6464.213
60 67 3957.848
60 68 4451.926
60 69 9812.722
60 70 7542.234
60 71 4155.338
60 72 4178.692
60 73 6304.222
60 74 2393.363
60 75 7148.861
60 76 8443.793
60 77 8912.512
60 78 8362.832
60 79 4883.284
60 80 5135.840
60 81 2804.109
60 82 2499.009
60 83 5466.097
60 84 3450.216
60 85 9372.937
60 86 6197.153
60 87 1664.538
60 88 7088.141
60 89 1711.016
60 90 4185.279
60 91 9050.129
60 92 4527.166
60 93 613.990
60 94 8655.992
60 95 940.531
60 96 6055.566
60 97 7657.506
60 98 2015.786
60 99 5211.378
60 100 508.804
61 0 5677.587
61 1 10894.196
61 2 8042.957
61 3 9540.057
61 4 5800.020
61 5 6852.102
61 6 1941.137
61 7 7297.492
61 8 4035.998
61 9 2367.619
61 10 11614.127
61 11 11621.959
61 12 3625.519
61 13 8079.505
61 14 12104.669
61 15 7503.177
61 16 10847.245
61 17 3677.056
61 18 1591.253
61 19 8377.325
61 20 5720.482
61 21 9115.509
61 22 9783.552
61 23 7234.549
61 24 1556.784
61 25 7972.556
61 26 7846.679
61 27 7068.999
61 28 9307.603
61 29 11089.176
61 30 7411.467
61 31 6781.214
61 32 4507.433
61 33 7558.328
61 34 4498.952
61 35 10599.553
61 36 3526.723
61 37 5669.919
61 38 8062.335
61 39 3415.459
61 40 7775.607
61 41 6678.854
61 42 6093.427
61 43 1719.590
61 44 9494.197
61 45 6845.064
61 46 6476.377
61 47 9333.677
61 48 1129.189
61 49 2334.203
61 50 7833.202
61 51 4589.463
61 52 2674.814
61 53 6219.453
61 54 685.159
61 55 10489.155
61 56 2896.414
61 57 8158.994
61 58 8055.683
61 59 6121.841
61 60 10248.578
61 61 0.000
61 62 11045.001
61 63 5625.803
61 64 4585.980
61 65 8736.538
61 66 4449.747
61 67 6370.214
61 68 5991.690
61 69 910.056
61 70 3171.933
61 71 7258.956
61 72 6459.535
61 73 7441.272
61 74 8476.370
61 75 4075.265
61 76 3067.968
61 77 4438.147
61 78 2350.403
61 79 5436.087
61 80 5115.529
61 81 10926.224
61 82 7749.909
61 83 5491.488
61 84 7127.312
61 85 927.829
61 86 6929.459
61 87 9799.474
61 88 3275.843
61 89 9145.700
61 90 6630.321
61 91 3641.010
61 92 7925.486
61 93 9674.912
61 94 1853.393
61 95 10019.880
61 96 5187.524
61 97 2744.132
61 98 10330.015
61 99 5186.941
61 100 10426.936
62 0 5419.321
62 1 1630.126
62 2 6584.244
62 3 2324.803
62 4 5298.915
62 5 6095.623
62 6 9114.641
62 7 3811.209
62 8 7089.417
62 9 8890.048
62 10 609.501
62 11 950.937
62 12 7681.197
62 13 4197.115
62 14 1062.573
62 15 5086.503
62 16 964.707
62 17 7376.843
62 18 9726.072
62 19 3003.364
62 20 6613.160
62 21 2141.460
62 22 2029.906
62 23 3885.116
62 24 9506.403
62 25 5048.044
62 26 3935.092
62 27 5041.955
62 28 3438.604
62 29 1331.673
62 30 6976.260
62 31 4263.790
62 32 7877.754
62 33 6354.281
62 34 6628.070
62 35 904.563
62 36 8001.251
62 37 7483.022
62 38 4291.255
62 39 10277.626
62 40 8388.481
62 41 7856.814
62 42 8917.699
62 43 10073.131
62 44 1561.410
62 45 5214.129
62 46 4612.436
62 47 3983.042
62 48 10969.493
62 49 9252.721
62 50 3858.729
62 51 7162.285
62 52 8396.786
62 53 8342.830
62 54 10411.729
62 55 1984.546
62 56 9018.617
62 57 2895.193
62 58 3257.921
62 59 5295.996
62 60 1177.891
62 61 11045.001
62 62 0.000
62 63 8500.363
62 64 6760.927
62 65 2342.096
62 66 7476.685
62 67 4910.157
62 68 5439.538
62 69 10541.936
62 70 8184.466
62 71 4416.198
62 72 5228.725
62 73 7480.136
62 74 2715.907
62 75 7675.035
62 76 9002.216
62 77 9279.261
62 78 9282.228
62 79 5803.560
62 80 5945.588
62 81 1937.408
62 82 3390.206
62 83 5961.561
62 84 4515.885
62 85 10146.187
62 86 7364.080
62 87 2800.632
62 88 7813.757
62 89 2887.425
62 90 4659.211
62 91 9510.163
62 92 5704.265
62 93 1738.490
62 94 9371.873
62 95 1028.984
62 96 6513.038
62 97 8544.194
62 98 1415.889
62 99 5896.403
62 100 725.981
63 0 5176.154
63 1 7567.564
63 2 2848.593
63 3 6281.918
63 4 5232.913
63 5 7956.106
63 6 4427.434
63 7 6007.008
63 8 3622.453
63 9 5341.155
63 10 8892.260
63 11 9373.526
63 12 5381.653
63 13 4359.435
63 14 9469.950
63 15 3469.781
63 16 7856.983
63 17 4042.678
63 18 4135.449
63 19 5526.692
63 20 7114.278
63 21 6379.179
63 22 8295.232
63 23 5065.589
63 24 4958.705
63 25 8371.722
63 26 7311.646
63 27 7314.549
63 28 5451.740
63 29 9209.699
63 30 2151.188
63 31 5262.920
63 32 1584.210
63 33 2596.980
63 34 4972.508
63 35 8523.927
63 36 2786.841
63 37 7811.041
63 38 7907.622
63 39 7805.741
63 40 2149.900
63 41 1152.970
63 42 667.245
63 43 6186.092
63 44 7099.991
63 45 3300.972
63 46 5489.310
63 47 5161.120
63 48 6440.478
63 49 5895.096
63 50 4647.760
63 51 6221.058
63 52 4693.904
63 53 596.963
63 54 5027.012
63 55 7061.752
63 56 2804.081
63 57 6308.777
63 58 6865.093
63 59 6128.447
63 60 7369.857
63 61 5625.803
63 62 8500.363
63 63 0.000
63 64 3063.071
63 65 6829.618
63 66 2097.773
63 67 4047.497
63 68 3498.704
63 69 5905.526
63 70 5478.353
63 71 6937.104
63 72 3424.443
63 73 1966.764
63 74 6918.409
63 75 6147.412
63 76 6458.916
63 77 7993.249
63 78 3360.897
63 79 3610.521
63 80 4202.103
63 81 9384.028
63 82 5398.416
63 83 5981.582
63 84 4049.002
63 85 5267.449
63 86 1582.203
63 87 6134.009
63 88 4725.006
63 89 5722.907
63 90 6105.038
63 91 7461.354
63 92 3226.718
63 93 6770.563
63 94 5365.113
63 95 7677.225
63 96 6272.115
63 97 3448.537
63 98 8530.722
63 99 4938.858
63 100 7774.430
64 0 2198.314
64 1 6378.329
64 2 4054.365
64 3 5006.021
64 4 2277.725
64 5 4900.086
64 6 2702.217
64 7 3408.521
64 8 759.991
64 9 3083.325
64 10 7282.888
64 11 7477.170
64 12 2583.840
64 13 3499.681
64 14 7817.722
64 15 3003.773
64 16 6410.590
64 17 1294.085
64 18 3082.058
64 19 3886.588
64 20 4057.440
64 21 4691.038
64 22 5946.700
64 23 2880.262
64 24 3230.698
64 25 5405.854
64 26 4522.393
64 27 4333.429
64 28 4722.284
64 29 7099.196
64 30 3614.444
64 31 2697.947
64 32 1593.375
64 33 3478.979
64 34 1936.709
64 35 6496.552
64 36 1240.324
64 37 4797.260
64 38 5042.206
64 39 5440.688
64 40 4665.484
64 41 3440.297
64 42 3726.635
64 43 4250.697
64 44 5206.264
64 45 2298.461
64 46 2703.967
64 47 4772.625
64 48 4898.280
64 49 3643.649
64 50 3261.683
64 51 3236.108
64 52 2373.425
64 53 3393.911
64 54 3904.686
64 55 5947.382
64 56 2262.099
64 57 4029.981
64 58 4293.310
64 59 3125.522
64 60 5825.769
64 61 4585.980
64 62 6760.927
64 63 3063.071
64 64 0.000
64 65 4619.845
64 66 1028.571
64 67 1867.923
64 68 1416.659
64 69 4368.661
64 70 2853.033
64 71 4060.742
64 72 1875.822
64 73 3897.577
64 74 4525.104
64 75 3268.746
64 76 3948.250
64 77 5279.944
64 78 2537.341
64 79 959.155
64 80 1202.775
64 81 7107.900
64 82 3370.965
64 83 2921.765
64 84 2546.298
64 85 3809.761
64 86 3363.784
64 87 5220.363
64 88 2081.333
64 89 4578.998
64 90 3223.514
64 91 4911.742
64 92 3625.192
64 93 5224.974
64 94 3367.820
64 95 5776.455
64 96 3218.241
64 97 1868.225
64 98 6350.614
64 99 1893.901
64 100 6082.707
65 0 3082.726
65 1 2832.436
65 2 5574.815
65 3 2101.496
65 4 2961.554
65 5 4092.647
65 6 6818.404
65 7 1469.129
65 8 4847.630
65 9 6552.201
65 10 2939.375
65 11 2897.719
65 12 5339.125
65 13 3046.763
65 14 3385.672
65 15 3772.881
65 16 2443.534
65 17 5089.308
65 18 7469.455
65 19 1610.974
65 20 4405.905
65 21 1244.034
65 22 1477.879
65 23 1801.009
65 24 7189.515
65 25 3322.317
65 26 1925.642
65 27 2959.856
65 28 3051.660
65 29 2481.068
65 30 5755.967
65 31 1979.076
65 32 5924.088
65 33 5172.652
65 34 4290.632
65 35 1889.104
65 36 5846.180
65 37 5331.861
65 38 2502.549
65 39 7975.604
65 40 7234.912
65 41 6430.727
65 42 7348.718
65 43 7731.432
65 44 923.605
65 45 3592.255
65 46 2275.218
65 47 3605.753
65 48 8630.872
65 49 6910.636
65 50 2408.427
65 51 4847.384
65 52 6074.879
65 53 6804.834
65 54 8115.715
65 55 2718.350
65 56 6874.663
65 57 593.109
65 58 1061.894
65 59 2986.599
65 60 1901.083
65 61 8736.538
65 62 2342.096
65 63 6829.618
65 64 4619.845
65 65 0.000
65 66 5455.688
65 67 2876.075
65 68 3443.383
65 69 8209.567
65 70 5842.438
65 71 2255.061
65 72 3406.199
65 73 6266.521
65 74 509.744
65 75 5349.356
65 76 6670.071
65 77 7037.151
65 78 7082.693
65 79 3668.468
65 80 3680.315
65 81 2560.747
65 82 1433.565
65 83 3641.043
65 84 2817.205
65 85 7829.341
65 86 6002.136
65 87 2809.158
65 88 5486.011
65 89 2327.865
65 90 2339.886
65 91 7214.217
65 92 4641.868
65 93 1620.546
65 94 7037.937
65 95 1317.370
65 96 4210.734
65 97 6315.455
65 98 1742.405
65 99 3564.554
65 100 1838.466
66 0 3224.839
66 1 6909.098
66 2 3669.388
66 3 5534.438
66 4 3301.358
66 5 5911.247
66 6 2781.944
66 7 4348.922
66 8 1525.195
66 9 3480.251
66 10 7963.646
66 11 8249.048
66 12 3318.094
66 13 3807.565
66 14 8517.579
66 15 3111.990
66 16 7026.921
66 17 1966.846
66 18 2860.926
66 19 4507.449
66 20 5029.089
66 21 5353.664
66 22 6839.960
66 23 3664.604
66 24 3345.378
66 25 6434.117
66 26 5522.628
66 27 5361.925
66 28 5048.733
66 29 7932.169
66 30 3105.664
66 31 3614.829
66 32 565.419
66 33 3144.833
66 34 2880.669
66 35 7299.098
66 36 958.837
66 37 5713.268
66 38 6058.800
66 39 5943.177
66 40 3912.177
66 41 2675.756
66 42 2764.869
66 43 4510.038
66 44 5949.042
66 45 2535.057
66 46 3690.788
66 47 4980.625
66 48 4989.367
66 49 4053.473
66 50 3756.602
66 51 4124.041
66 52 2780.405
66 53 2503.962
66 54 3771.222
66 55 6444.277
66 56 1695.408
66 57 4878.187
66 58 5236.037
66 59 4154.054
66 60 6464.213
66 61 4449.747
66 62 7476.685
66 63 2097.773
66 64 1028.571
66 65 5455.688
66 66 0.000
66 67 2592.228
66 68 2041.016
66 69 4440.510
66 70 3470.953
66 71 5076.837
66 72 2300.648
66 73 3274.611
66 74 5417.336
66 75 4068.788
66 76 4512.878
66 77 5979.156
66 78 2148.517
66 79 1831.844
66 80 2228.788
66 81 7988.873
66 82 4114.622
66 83 3931.435
66 84 3033.815
66 85 3821.993
66 86 2728.229
66 87 5629.314
66 88 2694.706
66 89 5047.150
66 90 4237.597
66 91 5510.799
66 92 3476.092
66 93 5851.656
66 94 3629.913
66 95 6530.584
66 96 4185.641
66 97 1772.329
66 98 7197.919
66 99 2918.212
66 100 6773.930
67 0 1781.793
67 1 4531.442
67 2 3623.470
67 3 3170.244
67 4 1752.946
67 5 4516.582
67 6 4438.811
67 7 1975.918
67 8 2336.343
67 9 4541.068
67 10 5421.220
67 11 5660.374
67 12 3615.598
67 13 1969.261
67 14 5962.105
67 15 1918.770
67 16 4543.258
67 17 2757.522
67 18 4922.521
67 19 2024.024
67 20 4066.463
67 21 2823.614
67 22 4298.330
67 23 1076.181
67 24 4917.644
67 25 4566.657
67 26 3335.035
67 27 3596.658
67 28 3066.530
67 29 5344.495
67 30 3501.122
67 31 1249.975
67 32 3048.228
67 33 3068.631
67 34 2556.778
67 35 4706.945
67 36 3103.211
67 37 5003.413
67 38 3977.519
67 39 6598.811
67 40 4903.383
67 41 3872.774
67 42 4623.071
67 43 5769.083
67 44 3366.680
67 45 1266.006
67 46 1632.516
67 47 3261.287
67 48 6537.248
67 49 5039.064
67 50 1506.917
67 51 3742.342
67 52 3898.811
67 53 4122.766
67 54 5700.392
67 55 4118.977
67 56 4112.035
67 57 2312.225
67 58 2818.915
67 59 2598.643
67 60 3957.848
67 61 6370.214
67 62 4910.157
67 63 4047.497
67 64 1867.923
67 65 2876.075
67 66 2592.228
67 67 0.000
67 68 569.074
67 69 6037.993
67 70 4048.257
67 71 3059.368
67 72 769.819
67 73 3956.272
67 74 2891.909
67 75 4033.305
67 76 5106.309
67 77 6085.985
67 78 4405.119
67 79 937.420
67 80 1432.314
67 81 5428.109
67 82 1526.781
67 83 2828.339
67 84 908.443
67 85 5535.707
67 86 3548.526
67 87 3464.501
67 88 3415.811
67 89 2790.211
67 90 2300.773
67 91 5939.660
67 92 2844.866
67 93 3357.734
67 94 4934.249
67 95 3945.117
67 96 3378.743
67 97 3712.305
67 98 4617.214
67 99 1938.995
67 100 4222.369
68 0 2013.263
68 1 4968.569
68 2 3351.286
68 3 3593.680
68 4 2017.469
68 5 4844.257
68 6 4083.686
68 7 2508.861
68 8 2003.451
68 9 4307.341
68 10 5936.332
68 11 6208.478
68 12 3509.604
68 13 2140.153
68 14 6484.989
68 15 1836.249
68 16 5027.360
68 17 2482.127
68 18 4498.710
68 19 2497.857
68 20 4279.198
68 21 3328.068
68 22 4867.206
68 23 1642.475
68 24 4590.090
68 25 5006.852
68 26 3837.539
68 27 3999.386
68 28 3333.367
68 29 5907.786
68 30 3135.261
68 31 1767.031
68 32 2482.881
68 33 2773.930
68 34 2528.672
68 35 5264.553
68 36 2621.100
68 37 5177.142
68 38 4461.346
68 39 6492.921
68 40 4481.103
68 41 3396.414
68 42 4088.146
68 43 5521.497
68 44 3908.052
68 45 1102.959
68 46 2061.762
68 47 3438.127
68 48 6239.427
68 49 4834.204
68 50 1845.480
68 51 3801.932
68 52 3630.822
68 53 3603.819
68 54 5313.213
68 55 4532.407
68 56 3608.949
68 57 2881.249
68 58 3368.384
68 59 2917.668
68 60 4451.926
68 61 5991.690
68 62 5439.538
68 63 3498.704
68 64 1416.659
68 65 3443.383
68 66 2041.016
68 67 569.074
68 68 0.000
68 69 5723.735
68 70 3899.635
68 71 3516.690
68 72 563.437
68 73 3558.724
68 74 3459.030
68 75 4022.073
68 76 4986.820
68 77 6093.054
68 78 3936.361
68 79 639.399
68 80 1367.320
68 81 5996.906
68 82 2074.986
68 83 3031.496
68 84 1136.240
68 85 5190.527
68 86 3113.544
68 87 3808.099
68 88 3205.628
68 89 3162.501
68 90 2718.589
68 91 5873.077
68 92 2670.410
68 93 3843.817
68 94 4660.991
68 95 4489.612
68 96 3529.184
68 97 3284.820
68 98 5183.526
68 99 2034.773
68 100 4741.814
69 0 5127.222
69 1 10511.438
69 2 8104.921
69 3 9182.900
69 4 5248.784
69 5 6039.475
69 6 1681.149
69 7 6748.912
69 8 3721.695
69 9 1675.114
69 10 11124.729
69 11 11067.045
69 12 2942.725
69 13 7854.588
69 14 11593.989
69 15 7361.381
69 16 10413.428
69 17 3282.306
69 18 1778.371
69 19 8000.560
69 20 4917.804
69 21 8692.777
69 22 9170.834
69 23 6815.165
69 24 1137.979
69 25 7197.118
69 26 7176.854
69 27 6337.414
69 28 9056.639
69 29 10496.521
69 30 7512.389
69 31 6295.371
69 32 4610.003
69 33 7585.303
69 34 3921.727
69 35 10042.440
69 36 3482.566
69 37 4801.894
69 38 7341.856
69 39 2540.664
69 40 8040.155
69 41 6882.479
69 42 6435.987
69 43 811.572
69 44 9009.562
69 45 6666.480
69 46 5934.554
69 47 9138.236
69 48 549.541
69 49 1500.547
69 50 7534.376
69 51 3821.718
69 52 2165.167
69 53 6484.070
69 54 1000.134
69 55 10132.293
69 56 3101.994
69 57 7646.750
69 58 7459.469
69 59 5465.593
69 60 9812.722
69 61 910.056
69 62 10541.936
69 63 5905.526
69 64 4368.661
69 65 8209.567
69 66 4440.510
69 67 6037.993
69 68 5723.735
69 69 0.000
69 70 2455.547
69 71 6586.312
69 72 6231.739
69 73 7603.501
69 74 7912.100
69 75 3288.086
69 76 2188.136
69 77 3528.269
69 78 2544.760
69 79 5125.860
69 80 4693.980
69 81 10295.162
69 82 7328.508
69 83 4812.193
69 84 6853.961
69 85 639.268
69 86 7071.906
69 87 9500.681
69 88 2730.461
69 89 8828.030
69 90 6014.716
69 91 2731.485
69 92 7882.879
69 93 9259.060
69 94 1172.824
69 95 9513.038
69 96 4449.618
69 97 2668.314
69 98 9743.221
69 99 4645.933
69 100 9953.403
70 0 2781.504
70 1 8309.721
70 2 6907.392
70 3 7040.645
70 4 2898.206
70 5 3732.865
70 6 1697.841
70 7 4373.318
70 8 2094.306
70 9 804.314
70 10 8778.822
70 11 8659.844
70 12 503.721
70 13 5999.908
70 14 9223.988
70 15 5713.913
70 16 8139.971
70 17 1564.124
70 18 2564.404
70 19 5849.541
70 20 2598.003
70 21 6454.997
70 22 6730.886
70 23 4623.398
70 24 1699.297
70 25 4807.219
70 26 4721.666
70 27 3899.220
70 28 7109.888
70 29 8064.890
70 30 6452.045
70 31 4011.009
70 32 3905.891
70 33 6331.195
70 34 1590.210
70 35 7636.723
70 36 2696.996
70 37 2782.950
70 38 4897.373
70 39 2605.522
70 40 7382.135
70 41 6144.681
70 42 6126.043
70 43 1890.712
70 44 6683.893
70 45 4977.034
70 46 3580.002
70 47 7300.747
70 48 2813.147
70 49 1068.762
70 50 5541.152
70 51 1435.398
70 52 897.224
70 53 5951.034
70 54 2716.481
70 55 7975.625
70 56 3122.173
70 57 5302.129
70 58 5034.677
70 59 3015.558
70 60 7542.234
70 61 3171.933
70 62 8184.466
70 63 5478.353
70 64 2853.033
70 65 5842.438
70 66 3470.953
70 67 4048.257
70 68 3899.635
70 69 2455.547
70 70 0.000
70 71 4131.082
70 72 4459.624
70 73 6697.800
70 74 5510.446
70 75 977.134
70 76 1100.250
70 77 2516.026
70 78 2810.798
70 79 3260.259
70 80 2616.274
70 81 7846.258
70 82 5119.233
70 83 2357.394
70 84 4942.609
70 85 2256.894
70 86 6153.818
70 87 7453.790
70 88 783.088
70 89 6761.511
70 90 3584.404
70 91 2062.179
70 92 6439.909
70 93 7023.404
70 94 1320.170
70 95 7157.724
70 96 2015.601
70 97 2202.943
70 98 7316.831
70 99 2333.876
70 100 7633.149
71 0 1885.308
71 1 5085.926
71 2 6602.865
71 3 4202.824
71 4 1791.245
71 5 1870.833
71 6 5476.388
71 7 1289.180
71 8 3917.026
71 9 4918.969
71 10 5025.002
71 11 4690.877
71 12 3646.827
71 13 4386.078
71 14 5371.112
71 15 4777.691
71 16 4683.711
71 17 3924.032
71 18 6264.281
71 19 3280.865
71 20 2196.963
71 21 3368.029
71 22 2665.312
71 23 2447.977
71 24 5714.738
71 25 1512.673
71 26 590.594
71 27 727.789
71 28 4899.576
71 29 4014.889
71 30 6549.201
71 31 1840.677
71 32 5632.371
71 33 6078.589
71 34 2826.857
71 35 3700.807
71 36 5085.872
71 37 3088.342
71 38 981.963
71 39 5910.740
71 40 7962.736
71 41 6912.008
71 42 7560.628
71 43 5981.010
71 44 3174.283
71 45 4266.110
71 46 1457.572
71 47 5366.360
71 48 6928.152
71 49 5152.325
71 50 3666.947
71 51 2873.857
71 52 4620.649
71 53 7104.680
71 54 6719.327
71 55 4940.924
71 56 6057.040
71 57 1984.400
71 58 1198.509
71 59 1142.519
71 60 4155.338
71 61 7258.956
71 62 4416.198
71 63 6937.104
71 64 4060.742
71 65 2255.061
71 66 5076.837
71 67 3059.368
71 68 3516.690
71 69 6586.312
71 70 4131.082
71 71 0.000
71 72 3824.220
71 73 7013.158
71 74 1766.613
71 75 3417.954
71 76 4750.318
71 77 4865.073
71 78 6091.663
71 79 3329.416
71 80 2863.213
71 81 3732.998
71 82 2590.780
71 83 1774.304
71 84 3620.141
71 85 6331.238
71 86 6606.335
71 87 4859.844
71 88 4022.956
71 89 4247.527
71 90 839.876
71 91 5137.683
71 92 5741.158
71 93 3840.560
71 94 5434.382
71 95 3465.040
71 96 2206.348
71 97 5282.195
71 98 3301.686
71 99 2307.968
71 100 4044.817
72 0 2491.196
72 1 4610.473
72 2 2870.049
72 3 3234.592
72 4 2478.377
72 5 5274.575
72 6 4574.941
72 7 2698.923
72 8 2525.058
72 9 4850.245
72 10 5690.758
72 11 6046.314
72 12 4072.789
72 13 1624.700
72 14 6253.168
72 15 1274.762
72 16 4732.620
72 17 3020.486
72 18 4935.329
72 19 2230.606
72 20 4775.963
72 21 3089.202
72 22 4870.975
72 23 1651.564
72 24 5094.731
72 25 5333.628
72 26 4078.503
72 27 4366.338
72 28 2848.317
72 29 5815.569
72 30 2731.348
72 31 1998.380
72 32 2654.434
72 33 2307.074
72 34 3087.668
72 35 5145.251
72 36 3011.795
72 37 5692.184
72 38 4730.763
72 39 7055.149
72 40 4140.472
72 41 3140.327
72 42 3961.066
72 43 6057.581
72 44 3743.554
72 45 548.539
72 46 2402.325
72 47 2908.652
72 48 6754.266
72 49 5383.410
72 50 1456.618
72 51 4349.386
72 52 4165.188
72 53 3435.906
72 54 5776.894
72 55 4151.417
72 56 3953.678
72 57 2886.857
72 58 3504.897
72 59 3350.562
72 60 4178.692
72 61 6459.535
72 62 5228.725
72 63 3424.443
72 64 1875.822
72 65 3406.199
72 66 2300.648
72 67 769.819
72 68 563.437
72 69 6231.739
72 70 4459.624
72 71 3824.220
72 72 0.000
72 73 3189.032
72 74 3504.492
72 75 4581.528
72 76 5548.635
72 77 6651.787
72 78 4328.154
72 79 1200.455
72 80 1925.178
72 81 5963.845
72 82 1978.414
72 83 3529.058
72 84 733.530
72 85 5683.063
72 86 2792.960
72 87 3370.444
72 88 3757.387
72 89 2758.655
72 90 3070.570
72 91 6436.502
72 92 2136.100
72 93 3564.775
72 94 5189.922
72 95 4327.818
72 96 4049.729
72 97 3727.496
72 98 5118.977
72 99 2565.694
72 100 4513.882
73 0 5554.425
73 1 6283.635
73 2 1026.550
73 3 5159.282
73 4 5569.151
73 5 8399.854
73 6 6003.238
73 7 5856.815
73 8 4628.540
73 9 6754.828
73 10 7769.925
73 11 8411.154
73 12 6474.195
73 13 3325.319
73 14 8346.423
73 15 2499.714
73 16 6697.868
73 17 5142.237
73 18 5885.443
73 19 4731.511
73 20 7766.128
73 21 5498.611
73 22 7731.511
73 23 4724.630
73 24 6562.258
73 25 8522.525
73 26 7248.608
73 27 7544.523
73 28 4127.568
73 29 8407.228
73 30 513.641
73 31 5181.894
73 32 2997.675
73 33 1128.864
73 34 5773.558
73 35 7697.301
73 36 4198.766
73 37 8603.616
73 38 7910.434
73 39 9214.376
73 40 972.012
73 41 813.800
73 42 1895.737
73 43 7759.249
73 44 6282.831
73 45 2778.114
73 46 5585.122
73 47 3698.664
73 48 8150.822
73 49 7328.084
73 50 3866.665
73 51 7096.244
73 52 6052.857
73 53 1419.839
73 54 6804.348
73 55 5774.582
73 56 4549.128
73 57 5853.831
73 58 6604.722
73 59 6475.149
73 60 6304.222
73 61 7441.272
73 62 7480.136
73 63 1966.764
73 64 3897.577
73 65 6266.521
73 66 3274.611
73 67 3956.272
73 68 3558.724
73 69 7603.501
73 70 6697.800
73 71 7013.158
73 72 3189.032
73 73 0.000
73 74 6494.445
73 75 7165.093
73 76 7766.461
73 77 9169.948
73 78 5104.920
73 79 3978.830
73 80 4734.795
73 81 8702.335
73 82 4885.080
73 83 6533.547
73 84 3518.275
73 85 6967.095
73 86 546.641
73 87 4825.006
73 88 5914.712
73 89 4593.211
73 90 6252.117
73 91 8756.088
73 92 1780.928
73 93 5758.462
73 94 6889.281
73 95 6817.778
73 96 6966.004
73 97 4982.556
73 98 7817.313
73 99 5485.880
73 100 6770.210
74 0 2798.877
74 1 3333.056
74 2 5859.838
74 3 2595.502
74 4 2676.435
74 5 3588.606
74 6 6578.949
74 7 1183.935
74 8 4675.296
74 9 6243.556
74 10 3323.502
74 11 3154.956
74 12 5006.971
74 13 3367.842
74 14 3727.638
74 15 4026.598
74 16 2917.235
74 17 4869.841
74 18 7266.184
74 19 1976.269
74 20 3940.948
74 21 1735.495
74 22 1423.627
74 23 1854.026
74 24 6922.030
74 25 2818.327
74 26 1416.037
74 27 2460.654
74 28 3498.170
74 29 2628.020
74 30 5989.472
74 31 1829.124
74 32 5912.246
74 33 5425.394
74 34 3992.628
74 35 2130.358
74 36 5727.699
74 37 4852.929
74 38 1999.694
74 39 7562.911
74 40 7466.265
74 41 6600.239
74 42 7465.552
74 43 7400.900
74 44 1410.770
74 45 3759.854
74 46 2003.591
74 47 4037.757
74 48 8315.504
74 49 6574.415
74 50 2687.754
74 51 4446.706
74 52 5803.523
74 53 6936.850
74 54 7871.912
74 55 3227.948
74 56 6754.761
74 57 640.653
74 58 568.233
74 59 2580.510
74 60 2393.363
74 61 8476.370
74 62 2715.907
74 63 6918.409
74 64 4525.104
74 65 509.744
74 66 5417.336
74 67 2891.909
74 68 3459.030
74 69 7912.100
74 70 5510.446
74 71 1766.613
74 72 3504.492
74 73 6494.445
74 74 0.000
74 75 4962.275
74 76 6292.886
74 77 6589.429
74 78 6925.356
74 79 3595.983
74 80 3501.640
74 81 2582.888
74 82 1609.415
74 83 3248.134
74 84 2990.205
74 85 7560.059
74 86 6195.209
74 87 3297.212
74 88 5206.545
74 89 2782.998
74 90 1948.223
74 91 6796.627
74 92 4932.748
74 93 2130.233
74 94 6739.339
74 95 1721.494
74 96 3797.387
74 97 6141.339
74 98 1866.388
74 99 3289.469
74 100 2285.074
75 0 2455.286
75 1 7977.484
75 2 7245.522
75 3 6784.576
75 4 2552.513
75 5 2781.511
75 6 2671.560
75 7 3902.299
75 8 2564.817
75 9 1737.605
75 10 8280.042
75 11 8066.598
75 12 787.186
75 13 5998.410
75 14 8688.016
75 15 5856.224
75 16 7735.550
75 17 2105.235
75 18 3539.530
75 19 5613.116
75 20 1646.778
75 21 6116.046
75 22 6074.753
75 23 4388.359
75 24 2660.281
75 25 3909.243
75 26 4001.139
75 27 3075.116
75 28 7012.319
75 29 7422.777
75 30 6863.518
75 31 3694.553
75 32 4563.629
75 33 6660.075
75 34 1493.883
75 35 7054.043
75 36 3430.585
75 37 1829.029
75 38 4085.066
75 39 2664.151
75 40 7924.101
75 41 6690.964
75 42 6809.248
75 43 2602.138
75 44 6236.405
75 45 5125.031
75 46 3180.179
75 47 7275.988
75 48 3559.878
75 49 1794.354
75 50 5451.954
75 51 548.997
75 52 1834.369
75 53 6572.275
75 54 3667.172
75 55 7690.431
75 56 4003.463
75 57 4855.254
75 58 4443.142
75 59 2384.990
75 60 7148.861
75 61 4075.265
75 62 7675.035
75 63 6147.412
75 64 3268.746
75 65 5349.356
75 66 4068.788
75 67 4033.305
75 68 4022.073
75 69 3288.086
75 70 977.134
75 71 3417.954
75 72 4581.528
75 73 7165.093
75 74 4962.275
75 75 0.000
75 76 1337.014
75 77 2071.374
75 78 3743.041
75 79 3406.810
75 80 2656.434
75 81 7149.290
75 82 4846.428
75 83 1714.160
75 84 4940.918
75 85 3182.717
75 86 6632.512
75 87 7271.675
75 88 1487.497
75 89 6577.608
75 90 3015.824
75 91 1941.007
75 92 6671.799
75 93 6676.030
75 94 2231.823
75 95 6662.561
75 96 1212.915
75 97 3071.986
75 98 6693.068
75 99 2119.300
75 100 7179.452
76 0 3697.750
76 1 9250.035
76 2 8001.784
76 3 8019.179
76 4 3805.413
76 5 3914.323
76 6 2265.225
76 7 5212.973
76 8 3188.413
76 9 1176.890
76 10 9605.666
76 11 9403.352
76 12 1490.717
76 13 7068.924
76 14 10020.109
76 15 6808.109
76 16 9035.186
76 17 2655.334
76 18 3032.054
76 19 6834.152
76 20 2827.732
76 21 7387.687
76 22 7410.304
76 23 5603.307
76 24 1976.059
76 25 5126.573
76 26 5330.501
76 27 4371.215
76 28 8153.712
76 29 8758.793
76 30 7535.290
76 31 4945.721
76 32 4911.055
76 33 7427.227
76 34 2577.724
76 35 8390.063
76 36 3675.979
76 37 2615.040
76 38 5379.410
76 39 1507.594
76 40 8421.718
76 41 7187.452
76 42 7091.285
76 43 1404.526
76 44 7547.021
76 45 6070.691
76 46 4462.563
76 47 8366.557
76 48 2340.366
76 49 789.008
76 50 6583.502
76 51 1876.528
76 52 1765.046
76 53 6957.986
76 54 2832.418
76 55 8941.285
76 56 3913.298
76 57 6162.378
76 58 5778.239
76 59 3719.734
76 60 8443.793
76 61 3067.968
76 62 9002.216
76 63 6458.916
76 64 3948.250
76 65 6670.071
76 66 4512.878
76 67 5106.309
76 68 4986.820
76 69 2188.136
76 70 1100.250
76 71 4750.318
76 72 5548.635
76 73 7766.461
76 74 6292.886
76 75 1337.014
76 76 0.000
76 77 1620.369
76 78 3497.712
76 79 4348.199
76 80 3676.394
76 81 8478.076
76 82 6083.214
76 83 3046.910
76 84 6008.372
76 85 2293.020
76 86 7220.818
76 87 8466.754
76 88 1868.110
76 89 7772.147
76 90 4344.800
76 91 1002.953
76 92 7540.111
76 93 7952.503
76 94 1440.076
76 95 7985.841
76 96 2544.075
76 97 3057.490
76 98 8030.016
76 99 3297.066
76 100 8493.299
77 0 4423.653
77 1 9793.348
77 2 9299.727
77 3 8683.928
77 4 4504.095
77 5 3461.421
77 6 3885.565
77 7 5675.766
77 8 4541.422
77 9 2795.234
77 10 9888.519
77 11 9525.898
77 12 2696.616
77 13 8041.632
77 14 10232.456
77 15 7926.246
77 16 9476.769
77 17 4033.648
77 18 4638.280
77 19 7544.171
77 20 2671.403
77 21 7954.607
77 22 7472.809
77 23 6343.505
77 24 3571.488
77 25 4741.623
77 26 5380.988
77 27 4292.791
77 28 9010.925
77 29 8805.133
77 30 8893.286
77 31 5614.996
77 32 6421.895
77 33 8715.546
77 34 3564.413
77 35 8556.325
77 36 5208.680
77 37 1931.267
77 38 5222.908
77 39 1338.382
77 40 9884.428
77 41 8646.512
77 42 8638.429
77 43 2724.223
77 44 7955.875
77 45 7195.972
77 46 5058.761
77 47 9304.963
77 48 3479.094
77 49 2374.066
77 50 7467.216
77 51 2363.364
77 52 3330.746
77 53 8466.384
77 54 4338.279
77 55 9554.091
77 56 5523.826
77 57 6615.877
77 58 6030.175
77 59 4084.518
77 60 8912.512
77 61 4438.147
77 62 9279.261
77 63 7993.249
77 64 5279.944
77 65 7037.151
77 66 5979.156
77 67 6085.985
77 68 6093.054
77 69 3528.269
77 70 2516.026
77 71 4865.073
77 72 6651.787
77 73 9169.948
77 74 6589.429
77 75 2071.374
77 76 1620.369
77 77 0.000
77 78 5117.599
77 79 5477.842
77 80 4726.645
77 81 8422.365
77 82 6766.144
77 83 3495.846
77 84 6990.207
77 85 3795.966
77 86 8630.209
77 87 9219.216
77 88 3284.683
77 89 8530.976
77 90 4731.786
77 91 798.584
77 92 8741.903
77 93 8496.230
77 94 3033.368
77 95 8309.699
77 96 2886.777
77 97 4648.009
77 98 8132.206
77 99 4152.116
77 100 8870.305
78 0 4256.553
78 1 8904.695
78 2 5693.035
78 3 7528.932
78 4 4369.768
78 5 6302.046
78 6 1236.942
78 7 5756.437
78 8 2251.689
78 9 2322.827
78 10 9813.102
78 11 9968.783
78 12 2993.357
78 13 5908.936
78 14 10342.029
78 15 5254.375
78 16 8947.911
78 17 2169.181
78 18 782.018
78 19 6422.810
78 20 5216.355
78 21 7227.407
78 22 8323.409
78 23 5397.187
78 24 1674.172
78 25 7169.492
78 26 6637.360
78 27 6131.520
78 28 7151.138
78 29 9542.308
78 30 5061.857
78 31 5111.587
78 32 2157.640
78 33 5213.922
78 34 3314.014
78 35 8971.157
78 36 1318.180
78 37 5572.032
78 38 7024.334
78 39 4631.533
78 40 5499.126
78 41 4359.370
78 42 3898.300
78 43 2888.386
78 44 7722.770
78 45 4643.691
78 46 4966.416
78 47 7116.018
78 48 3080.330
78 49 2786.058
78 50 5765.709
78 51 4072.002
78 52 1916.070
78 53 3941.379
78 54 1699.814
78 55 8463.503
78 56 560.238
78 57 6489.610
78 58 6608.782
78 59 4982.519
78 60 8362.832
78 61 2350.403
78 62 9282.228
78 63 3360.897
78 64 2537.341
78 65 7082.693
78 66 2148.517
78 67 4405.119
78 68 3936.361
78 69 2544.760
78 70 2810.798
78 71 6091.663
78 72 4328.154
78 73 5104.920
78 74 6925.356
78 75 3743.041
78 76 3497.712
78 77 5117.599
78 78 0.000
78 79 3484.147
78 80 3424.209
78 81 9490.714
78 82 5897.292
78 83 4496.299
78 84 5040.249
78 85 1907.311
78 86 4586.286
78 87 7698.155
78 88 2322.617
78 89 7080.504
78 90 5320.036
78 91 4447.472
78 92 5604.558
78 93 7762.293
78 94 2161.616
78 95 8285.324
78 96 4453.420
78 97 809.475
78 98 8784.117
78 99 3793.349
78 100 8612.552
79 0 1608.147
79 1 5468.859
79 2 3887.002
79 3 4106.448
79 4 1646.171
79 5 4455.946
79 6 3509.090
79 7 2517.589
79 8 1408.595
79 9 3677.720
79 10 6329.409
79 11 6518.558
79 12 2873.647
79 13 2766.248
79 14 6861.383
79 15 2466.605
79 16 5472.384
79 17 1860.712
79 18 3986.054
79 19 2959.828
79 20 3789.001
79 21 3746.144
79 22 5019.607
79 23 1921.257
79 24 3998.387
79 25 4765.202
79 26 3730.886
79 27 3716.812
79 28 3937.655
79 29 6149.334
79 30 3596.718
79 31 1783.514
79 32 2355.325
79 33 3302.132
79 34 1918.915
79 35 5540.479
79 36 2198.638
79 37 4649.790
79 38 4304.627
79 39 5854.708
79 40 4858.150
79 41 3704.040
79 42 4242.834
79 43 4896.794
79 44 4247.716
79 45 1729.543
79 46 1894.532
79 47 4067.435
79 48 5633.937
79 49 4199.402
79 50 2409.770
79 51 3217.407
79 52 3010.117
79 53 3813.898
79 54 4764.578
79 55 5054.409
79 56 3221.172
79 57 3081.081
79 58 3404.468
79 59 2558.423
79 60 4883.284
79 61 5436.087
79 62 5803.560
79 63 3610.521
79 64 959.155
79 65 3668.468
79 66 1831.844
79 67 937.420
79 68 639.399
79 69 5125.860
79 70 3260.259
79 71 3329.416
79 72 1200.455
79 73 3978.830
79 74 3595.983
79 75 3406.810
79 76 4348.199
79 77 5477.842
79 78 3484.147
79 79 0.000
79 80 777.557
79 81 6175.231
79 82 2414.649
79 83 2554.975
79 84 1733.568
79 85 4610.236
79 86 3493.321
79 87 4378.048
79 88 2569.823
79 89 3713.525
79 90 2494.948
79 91 5239.995
79 92 3265.998
79 93 4287.735
79 94 4043.831
79 95 4817.343
79 96 3002.083
79 97 2777.374
79 98 5404.232
79 99 1509.868
79 100 5128.898
80 0 996.051
80 1 5817.480
80 2 4664.557
80 3 4496.332
80 4 1075.567
80 5 3767.207
80 6 3176.593
80 7 2333.555
80 8 1173.730
80 9 3137.272
80 10 6505.527
80 11 6577.268
80 12 2186.265
80 13 3392.762
80 14 7007.823
80 15 3199.808
80 16 5735.532
80 17 1438.485
80 18 3790.296
80 19 3309.279
80 20 3034.134
80 21 4006.873
80 22 4900.783
80 23 2125.196
80 24 3603.103
80 25 4206.802
80 26 3341.636
80 27 3136.327
80 28 4494.693
80 29 6122.740
80 30 4365.337
80 31 1701.240
80 32 2791.488
80 33 4079.668
80 34 1162.551
80 35 5568.078
80 36 2269.964
80 37 3877.404
80 38 3843.465
80 39 5173.217
80 40 5594.378
80 41 4414.882
80 42 4854.980
80 43 4367.290
80 44 4387.739
80 45 2469.752
80 46 1561.718
80 47 4690.303
80 48 5172.327
80 49 3617.971
80 50 2927.715
80 51 2442.935
80 52 2530.785
80 53 4468.814
80 54 4470.710
80 55 5443.812
80 56 3282.307
80 57 3089.737
80 58 3196.381
80 59 1933.703
80 60 5135.840
80 61 5115.529
80 62 5945.588
80 63 4202.103
80 64 1202.775
80 65 3680.315
80 66 2228.788
80 67 1432.314
80 68 1367.320
80 69 4693.980
80 70 2616.274
80 71 2863.213
80 72 1925.178
80 73 4734.795
80 74 3501.640
80 75 2656.434
80 76 3676.394
80 77 4726.645
80 78 3424.209
80 79 777.557
80 80 0.000
80 81 6068.179
80 82 2640.276
80 83 1819.311
80 84 2331.979
80 85 4237.461
80 86 4237.356
80 87 4860.290
80 88 2008.013
80 89 4173.334
80 90 2029.707
80 91 4528.626
80 92 4031.189
80 93 4570.535
80 94 3557.764
80 95 4927.518
80 96 2232.836
80 97 2641.184
80 98 5363.088
80 99 759.554
80 100 5313.997
81 0 5287.944
81 1 3523.518
81 2 7917.856
81 3 3807.362
81 4 5167.582
81 5 5006.957
81 6 9071.445
81 7 3734.665
81 8 7239.075
81 9 8621.056
81 10 2304.081
81 11 1416.273
81 12 7353.004
81 13 5389.201
81 14 2275.514
81 15 6207.537
81 16 2851.170
81 17 7397.541
81 18 9796.191
81 19 3972.363
81 20 5791.137
81 21 3230.389
81 22 1167.400
81 23 4357.290
81 24 9370.514
81 25 3782.716
81 26 3148.185
81 27 4156.525
81 28 4967.129
81 29 636.700
81 30 8188.695
81 31 4411.670
81 32 8471.488
81 33 7582.682
81 34 6430.412
81 35 1160.061
81 36 8308.441
81 37 6515.220
81 38 3199.603
81 39 9570.802
81 40 9656.933
81 41 8936.203
81 42 9890.416
81 43 9710.372
81 44 2437.750
81 45 6119.188
81 46 4530.558
81 47 5546.487
81 48 10653.639
81 49 8880.533
81 50 4850.702
81 51 6603.264
81 52 8256.442
81 53 9338.714
81 54 10350.556
81 55 3789.859
81 56 9334.451
81 57 3116.531
81 58 2893.549
81 59 4830.787
81 60 2804.109
81 61 10926.224
81 62 1937.408
81 63 9384.028
81 64 7107.900
81 65 2560.747
81 66 7988.873
81 67 5428.109
81 68 5996.906
81 69 10295.162
81 70 7846.258
81 71 3732.998
81 72 5963.845
81 73 8702.335
81 74 2582.888
81 75 7149.290
81 76 8478.076
81 77 8422.365
81 78 9490.714
81 79 6175.231
81 80 6068.179
81 81 0.000
81 82 3986.121
81 83 5492.912
81 84 5349.405
81 85 10000.460
81 86 8485.765
81 87 4438.793
81 88 7653.678
81 89 4290.896
81 90 4295.936
81 91 8798.635
81 92 6991.991
81 93 3128.788
81 94 9131.855
81 95 1973.953
81 96 5936.535
81 97 8698.760
81 98 886.651
81 99 5776.963
81 100 2310.498
82 0 2393.327
82 1 3195.283
82 2 4267.451
82 3 1938.823
82 4 2293.915
82 5 4402.706
82 6 5808.889
82 7 1309.048
82 8 3736.536
82 9 5734.972
82 10 3916.061
82 11 4134.686
82 12 4635.012
82 13 1841.824
82 14 4446.889
82 15 2423.933
82 16 3097.336
82 17 4075.869
82 18 6368.515
82 19 779.163
82 20 4341.968
82 21 1366.658
82 22 2908.423
82 23 515.466
82 24 6243.369
82 25 4020.031
82 26 2587.373
82 27 3293.876
82 28 2349.733
82 29 3847.612
82 30 4380.133
82 31 1154.867
82 32 4551.624
82 33 3819.349
82 34 3530.744
82 35 3192.593
82 36 4611.250
82 37 5319.927
82 38 3269.035
82 39 7507.703
82 40 5856.867
82 41 5008.785
82 42 5915.212
82 43 6957.547
82 44 1840.488
82 45 2166.166
82 46 1709.870
82 47 2783.100
82 48 7796.113
82 49 6171.812
82 50 1125.850
82 51 4425.561
82 52 5163.345
82 53 5372.478
82 54 7096.806
82 55 2859.436
82 56 5628.661
82 57 968.769
82 58 1789.791
82 59 2755.420
82 60 2499.009
82 61 7749.909
82 62 3390.206
82 63 5398.416
82 64 3370.965
82 65 1433.565
82 66 4114.622
82 67 1526.781
82 68 2074.986
82 69 7328.508
82 70 5119.233
82 71 2590.780
82 72 1978.414
82 73 4885.080
82 74 1609.415
82 75 4846.428
82 76 6083.214
82 77 6766.144
82 78 5897.292
82 79 2414.649
82 80 2640.276
82 81 3986.121
82 82 0.000
82 83 3274.356
82 84 1391.362
82 85 6877.476
82 86 4592.560
82 87 2456.215
82 88 4614.780
82 89 1776.341
82 90 2172.741
82 91 6784.669
82 92 3348.167
82 93 1930.858
82 94 6180.160
82 95 2418.344
82 96 3884.825
82 97 5172.737
82 98 3141.746
82 99 2792.117
82 100 2715.575
83 0 1046.592
83 1 6320.553
83 2 6382.121
83 3 5188.121
83 4 1087.197
83 5 1979.846
83 6 3753.166
83 7 2211.362
83 8 2513.851
83 9 3145.019
83 10 6567.145
83 11 6360.342
83 12 1872.956
83 13 4684.585
83 14 6974.077
83 15 4746.836
83 16 6046.054
83 17 2356.171
83 18 4572.920
83 19 4053.377
83 20 1248.099
83 21 4469.416
83 22 4390.324
83 23 2871.576
83 24 3955.123
83 25 2674.100
83 26 2364.746
83 27 1642.556
83 28 5557.699
83 29 5733.106
83 30 6142.827
83 31 2130.031
83 32 4494.019
83 33 5805.413
83 34 1188.545
83 35 5344.590
83 36 3675.878
83 37 2175.913
83 38 2591.586
83 39 4339.025
83 40 7408.282
83 41 6234.082
83 42 6642.248
83 43 4218.915
83 44 4537.211
83 45 4068.624
83 46 1564.698
83 47 5896.279
83 48 5160.737
83 49 3388.529
83 50 4051.938
83 51 1207.326
83 52 2879.540
83 53 6277.636
83 54 4967.499
83 55 6063.957
83 56 4553.626
83 57 3164.239
83 58 2731.866
83 59 674.292
83 60 5466.097
83 61 5491.488
83 62 5961.561
83 63 5981.582
83 64 2921.765
83 65 3641.043
83 66 3931.435
83 67 2828.339
83 68 3031.496
83 69 4812.193
83 70 2357.394
83 71 1774.304
83 72 3529.058
83 73 6533.547
83 74 3248.134
83 75 1714.160
83 76 3046.910
83 77 3495.846
83 78 4496.299
83 79 2554.975
83 80 1819.311
83 81 5492.912
83 82 3274.356
83 83 0.000
83 84 3679.275
83 85 4564.514
83 86 6046.510
83 87 5730.191
83 88 2294.292
83 89 5045.807
83 90 1302.927
83 91 3584.124
83 92 5660.120
83 93 5019.168
83 94 3660.869
83 95 4951.354
83 96 610.483
83 97 3698.249
83 98 4994.777
83 99 1059.923
83 100 5475.738
84 0 2638.742
84 1 3880.279
84 2 2991.384
84 3 2503.431
84 4 2592.307
84 5 5243.820
84 6 5219.342
84 7 2383.350
84 8 3132.288
84 9 5405.120
84 10 4966.430
84 11 5351.755
84 12 4518.132
84 13 1061.678
84 14 5531.829
84 15 1158.106
84 16 4000.375
84 17 3594.154
84 18 5625.803
84 19 1512.561
84 20 4898.206
84 21 2374.443
84 22 4294.923
84 23 1216.905
84 24 5722.366
84 25 5126.122
84 26 3774.720
84 27 4239.992
84 28 2204.361
84 29 5160.716
84 30 3021.420
84 31 1797.340
84 32 3382.128
84 33 2492.769
84 34 3465.038
84 35 4477.048
84 36 3722.102
84 37 5852.584
84 38 4450.940
84 39 7503.875
84 40 4489.700
84 41 3617.435
84 42 4541.064
84 43 6627.767
84 44 3058.828
84 45 775.317
84 46 2317.397
84 47 2358.678
84 48 7365.650
84 49 5916.637
84 50 727.203
84 51 4640.577
84 52 4743.333
84 53 3990.808
84 54 6448.143
84 55 3426.437
84 56 4679.186
84 57 2352.267
84 58 3088.722
84 59 3369.285
84 60 3450.216
84 61 7127.312
84 62 4515.885
84 63 4049.002
84 64 2546.298
84 65 2817.205
84 66 3033.815
84 67 908.443
84 68 1136.240
84 69 6853.961
84 70 4942.609
84 71 3620.141
84 72 733.530
84 73 3518.275
84 74 2990.205
84 75 4940.918
84 76 6008.372
84 77 6990.207
84 78 5040.249
84 79 1733.568
84 80 2331.979
84 81 5349.405
84 82 1391.362
84 83 3679.275
84 84 0.000
84 85 6325.695
84 86 3205.006
84 87 2674.085
84 88 4287.825
84 89 2040.396
84 90 2962.591
84 91 6847.809
84 92 2121.703
84 93 2836.252
84 94 5777.365
84 95 3640.367
84 96 4249.582
84 97 4413.073
84 98 4486.899
84 99 2839.183
84 100 3796.890
85 0 4761.474
85 1 10041.551
85 2 7480.138
85 3 8698.188
85 4 4883.903
85 5 5964.210
85 6 1108.157
85 7 6383.701
85 8 3201.746
85 9 1454.675
85 10 10719.972
85 11 10709.234
85 12 2701.227
85 13 7307.762
85 14 11204.031
85 15 6784.020
85 16 9972.838
85 17 2803.012
85 18 1148.613
85 19 7524.968
85 20 4829.302
85 21 8244.133
85 22 8859.595
85 23 6362.167
85 24 639.934
85 25 7063.605
85 26 6918.873
85 27 6147.930
85 28 8521.951
85 29 10168.597
85 30 6881.763
85 31 5884.000
85 32 3975.834
85 33 6965.910
85 34 3576.116
85 35 9685.915
85 36 2866.989
85 37 4842.144
85 38 7138.591
85 39 2973.214
85 40 7401.033
85 41 6243.732
85 42 5802.107
85 43 1142.565
85 44 8600.294
85 45 6100.279
85 46 5563.254
85 47 8581.758
85 48 1183.826
85 49 1514.637
85 50 7018.824
85 51 3684.549
85 52 1756.696
85 53 5845.208
85 54 543.463
85 55 9648.290
85 56 2463.530
85 57 7255.412
85 58 7133.373
85 59 5194.014
85 60 9372.937
85 61 927.829
85 62 10146.187
85 63 5267.449
85 64 3809.761
85 65 7829.341
85 66 3821.993
85 67 5535.707
85 68 5190.527
85 69 639.268
85 70 2256.894
85 71 6331.238
85 72 5683.063
85 73 6967.095
85 74 7560.059
85 75 3182.717
85 76 2293.020
85 77 3795.966
85 78 1907.311
85 79 4610.236
85 80 4237.461
85 81 10000.460
85 82 6877.476
85 83 4564.514
85 84 6325.695
85 85 0.000
85 86 6436.729
85 87 8987.555
85 88 2354.653
85 89 8323.121
85 90 5704.827
85 91 3021.193
85 92 7278.467
85 93 8806.888
85 94 951.065
85 95 9119.318
85 96 4270.481
85 97 2053.579
85 98 9410.216
85 99 4272.014
85 100 9537.461
86 0 5085.334
86 1 6259.253
86 2 1266.397
86 3 5063.808
86 4 5106.566
86 5 7936.331
86 6 5463.379
86 7 5487.471
86 8 4089.094
86 9 6208.370
86 10 7691.191
86 11 8279.875
86 12 5935.476
86 13 3169.414
86 14 8270.475
86 15 2294.079
86 16 6627.317
86 17 4600.171
86 18 5364.823
86 19 4518.759
86 20 7271.473
86 21 5321.968
86 22 7477.204
86 23 4385.854
86 24 6023.384
86 25 8109.160
86 26 6871.159
86 27 7112.392
86 28 4102.532
86 29 8225.146
86 30 569.484
86 31 4790.761
86 32 2462.482
86 33 1090.105
86 34 5254.359
86 35 7519.234
86 36 3655.076
86 37 8094.826
86 38 7523.074
86 39 8667.756
86 40 1369.309
86 41 520.728
86 42 1681.732
86 43 7217.042
86 44 6092.824
86 45 2438.846
86 46 5163.571
86 47 3732.682
86 48 7619.985
86 49 6781.686
86 50 3635.265
86 51 6575.126
86 52 5506.220
86 53 1125.396
86 54 6286.024
86 55 5748.406
86 56 4033.659
86 57 5556.988
86 58 6266.510
86 59 6017.548
86 60 6197.153
86 61 6929.459
86 62 7364.080
86 63 1582.203
86 64 3363.784
86 65 6002.136
86 66 2728.229
86 67 3548.526
86 68 3113.544
86 69 7071.906
86 70 6153.818
86 71 6606.335
86 72 2792.960
86 73 546.641
86 74 6195.209
86 75 6632.512
86 76 7220.818
86 77 8630.209
86 78 4586.286
86 79 3493.321
86 80 4237.356
86 81 8485.765
86 82 4592.560
86 83 6046.510
86 84 3205.006
86 85 6436.729
86 86 0.000
86 87 4800.604
86 88 5370.769
86 89 4494.409
86 90 5826.823
86 91 8211.221
86 92 1764.742
86 93 5628.438
86 94 6345.489
86 95 6644.875
86 96 6463.325
86 97 4442.380
86 98 7605.752
86 99 4992.989
86 100 6644.716
87 0 4818.774
87 1 1460.445
87 2 3866.948
87 3 714.447
87 4 4727.614
87 5 6727.919
87 6 7884.038
87 7 3670.947
87 8 5786.518
87 9 7995.122
87 10 2983.465
87 11 3751.000
87 12 6990.299
87 13 1841.716
87 14 3549.751
87 15 2683.287
87 16 1913.090
87 17 6221.879
87 18 8298.528
87 19 1677.055
87 20 6780.923
87 21 1565.125
87 22 3841.042
87 23 2884.438
87 24 8376.089
87 25 6106.975
87 26 4669.752
87 27 5587.357
87 28 699.091
87 29 3968.793
87 30 4343.572
87 31 3604.224
87 32 5890.609
87 33 3730.149
87 34 5890.083
87 35 3290.598
87 36 6382.234
87 37 7756.054
87 38 5292.382
87 39 9921.000
87 40 5682.908
87 41 5316.008
87 42 6445.187
87 43 9224.964
87 44 2177.207
87 45 3102.158
87 46 4166.007
87 47 1188.695
87 48 10001.731
87 49 8476.386
87 50 1968.743
87 51 6870.616
87 52 7362.574
87 53 5866.363
87 54 9121.311
87 55 950.121
87 56 7310.499
87 57 2883.406
87 58 3775.308
87 59 5202.260
87 60 1664.538
87 61 9799.474
87 62 2800.632
87 63 6134.009
87 64 5220.363
87 65 2809.158
87 66 5629.314
87 67 3464.501
87 68 3808.099
87 69 9500.681
87 70 7453.790
87 71 4859.844
87 72 3370.444
87 73 4825.006
87 74 3297.212
87 75 7271.675
87 76 8466.754
87 77 9219.216
87 78 7698.155
87 79 4378.048
87 80 4860.290
87 81 4438.793
87 82 2456.215
87 83 5730.191
87 84 2674.085
87 85 8987.555
87 86 4800.604
87 87 0.000
87 88 6866.390
87 89 694.927
87 90 4596.259
87 91 9212.677
87 92 3053.695
87 93 1349.663
87 94 8397.702
87 95 2482.254
87 96 6340.590
87 97 7086.525
87 98 3603.910
87 99 5174.428
87 100 2173.284
88 0 2409.288
88 1 7807.362
88 2 6133.831
88 3 6499.935
88 4 2531.602
88 5 3989.754
88 6 1459.217
88 7 4032.833
88 8 1321.358
88 9 1129.263
88 10 8394.902
88 11 8357.917
88 12 701.691
88 13 5333.602
88 14 8867.760
88 15 4992.772
88 16 7688.783
88 17 787.477
88 18 2286.536
88 19 5310.096
88 20 2894.325
88 21 5974.309
88 22 6508.222
88 23 4104.942
88 24 1719.074
88 25 4925.618
88 26 4603.592
88 27 3929.951
88 28 6480.377
88 29 7814.117
88 30 5671.006
88 31 3565.246
88 32 3145.194
88 33 5559.987
88 34 1223.585
88 35 7334.003
88 36 1963.121
88 37 3295.319
88 38 4884.487
88 39 3360.225
88 40 6603.337
88 41 5365.545
88 42 5378.784
88 43 2359.310
88 44 6279.139
88 45 4259.459
88 46 3213.950
88 47 6635.671
88 48 3182.396
88 49 1629.926
88 50 4922.065
88 51 1753.138
88 52 602.838
88 53 5184.556
88 54 2702.102
88 55 7445.344
88 56 2529.507
88 57 4918.816
88 58 4779.845
88 59 2880.456
88 60 7088.141
88 61 3275.843
88 62 7813.757
88 63 4725.006
88 64 2081.333
88 65 5486.011
88 66 2694.706
88 67 3415.811
88 68 3205.628
88 69 2730.461
88 70 783.088
88 71 4022.956
88 72 3757.387
88 73 5914.712
88 74 5206.545
88 75 1487.497
88 76 1868.110
88 77 3284.683
88 78 2322.617
88 79 2569.823
88 80 2008.013
88 81 7653.678
88 82 4614.780
88 83 2294.292
88 84 4287.825
88 85 2354.653
88 86 5370.769
88 87 6866.390
88 88 0.000
88 89 6180.793
88 90 3358.574
88 91 2843.898
88 92 5688.628
88 93 6542.117
88 94 1567.855
88 95 6785.131
88 96 2150.994
88 97 1599.346
88 98 7055.580
88 99 1922.168
88 100 7223.016
89 0 4125.593
89 1 1878.137
89 2 3705.116
89 3 569.403
89 4 4035.473
89 5 6106.310
89 6 7222.583
89 7 3024.556
89 8 5121.489
89 9 7309.939
89 10 3197.664
89 11 3823.642
89 12 6296.574
89 13 1363.477
89 14 3777.248
89 15 2255.964
89 16 2140.774
89 17 5546.602
89 18 7660.987
89 19 1000.661
89 20 6114.326
89 21 1133.704
89 22 3537.538
89 23 2191.689
89 24 7707.379
89 25 5553.827
89 26 4104.034
89 27 4972.093
89 28 727.652
89 29 3898.243
89 30 4090.819
89 31 2917.075
89 32 5344.857
89 33 3468.718
89 34 5195.771
89 35 3191.661
89 36 5762.407
89 37 7091.367
89 38 4749.299
89 39 9226.149
89 40 5502.920
89 41 4996.268
89 42 6088.716
89 43 8539.989
89 44 1884.452
89 45 2554.572
89 46 3483.331
89 47 1299.652
89 48 9325.010
89 49 7787.107
89 50 1317.559
89 51 6179.580
89 52 6683.497
89 53 5509.760
89 54 8470.334
89 55 1398.270
89 56 6712.169
89 57 2299.952
89 58 3215.209
89 59 4530.339
89 60 1711.016
89 61 9145.700
89 62 2887.425
89 63 5722.907
89 64 4578.998
89 65 2327.865
89 66 5047.150
89 67 2790.211
89 68 3162.501
89 69 8828.030
89 70 6761.511
89 71 4247.527
89 72 2758.655
89 73 4593.211
89 74 2782.998
89 75 6577.608
89 76 7772.147
89 77 8530.976
89 78 7080.504
89 79 3713.525
89 80 4173.334
89 81 4290.896
89 82 1776.341
89 83 5045.807
89 84 2040.396
89 85 8323.121
89 86 4494.409
89 87 694.927
89 88 6180.793
89 89 0.000
89 90 3935.064
89 91 8518.575
89 92 2816.943
89 93 1188.943
89 94 7717.845
89 95 2322.779
89 96 5655.857
89 97 6447.223
89 98 3417.152
89 99 4479.504
89 100 2183.635
90 0 1071.006
90 1 5061.953
90 2 5902.742
90 3 4001.506
90 4 967.262
90 5 2291.129
90 6 4787.599
90 7 948.577
90 8 3112.374
90 9 4339.849
90 10 5264.408
90 11 5080.058
90 12 3083.364
90 13 3835.009
90 14 5675.810
90 15 4114.286
90 16 4757.975
90 17 3165.187
90 18 5542.471
90 19 2935.373
90 20 2186.728
90 21 3233.570
90 22 3157.827
90 23 1888.790
90 24 5074.607
90 25 2289.789
90 26 1324.237
90 27 1296.358
90 28 4521.047
90 29 4482.784
90 30 5801.661
90 31 1173.270
90 32 4792.619
90 33 5360.224
90 34 2136.347
90 35 4059.351
90 36 4271.177
90 37 3159.994
90 38 1821.558
90 39 5636.009
90 40 7190.529
90 41 6113.191
90 42 6732.927
90 43 5470.632
90 44 3242.823
90 45 3545.465
90 46 668.277
90 47 4930.879
90 48 6396.966
90 49 4641.355
90 50 3136.707
90 51 2507.805
90 52 3961.412
90 53 6285.618
90 54 6058.355
90 55 4836.928
90 56 5256.537
90 57 1884.651
90 58 1450.576
90 59 650.352
90 60 4185.279
90 61 6630.321
90 62 4659.211
90 63 6105.038
90 64 3223.514
90 65 2339.886
90 66 4237.597
90 67 2300.773
90 68 2718.589
90 69 6014.716
90 70 3584.404
90 71 839.876
90 72 3070.570
90 73 6252.117
90 74 1948.223
90 75 3015.824
90 76 4344.800
90 77 4731.786
90 78 5320.036
90 79 2494.948
90 80 2029.707
90 81 4295.936
90 82 2172.741
90 83 1302.927
90 84 2962.591
90 85 5704.827
90 86 5826.823
90 87 4596.259
90 88 3358.574
90 89 3935.064
90 90 0.000
90 91 4876.035
90 92 5074.220
90 93 3766.985
90 94 4845.845
90 95 3648.510
90 96 1873.676
90 97 4511.972
90 98 3732.651
90 99 1528.055
90 100 4176.777
91 0 4395.682
91 1 9897.074
91 2 8964.788
91 3 8721.660
91 4 4491.313
91 5 3952.799
91 6 3210.686
91 7 5795.429
91 8 4154.724
91 9 2151.676
91 10 10118.884
91 11 9828.474
91 12 2370.074
91 13 7908.905
91 14 10496.640
91 15 7706.588
91 16 9629.814
91 17 3626.099
91 18 3916.675
91 19 7553.159
91 20 3009.598
91 21 8039.114
91 22 7792.660
91 23 6329.270
91 24 2845.628
91 25 5226.643
91 26 5688.995
91 27 4642.111
91 28 8946.716
91 29 9138.754
91 30 8514.222
91 31 5631.197
91 32 5913.737
91 33 8386.521
91 34 3382.915
91 35 8835.247
91 36 4678.925
91 37 2465.593
91 38 5619.068
91 39 773.686
91 40 9421.467
91 41 8186.283
91 42 8092.330
91 43 1930.688
91 44 8118.290
91 45 6969.465
91 46 5105.579
91 47 9195.926
91 48 2685.410
91 49 1664.224
91 50 7382.361
91 51 2380.466
91 52 2767.494
91 53 7960.848
91 54 3560.961
91 55 9621.760
91 56 4887.484
91 57 6748.331
91 58 6253.446
91 59 4227.692
91 60 9050.129
91 61 3641.010
91 62 9510.163
91 63 7461.354
91 64 4911.742
91 65 7214.217
91 66 5510.799
91 67 5939.660
91 68 5873.077
91 69 2731.485
91 70 2062.179
91 71 5137.683
91 72 6436.502
91 73 8756.088
91 74 6796.627
91 75 1941.007
91 76 1002.953
91 77 798.584
91 78 4447.472
91 79 5239.995
91 80 4528.626
91 81 8798.635
91 82 6784.669
91 83 3584.124
91 84 6847.809
91 85 3021.193
91 86 8211.221
91 87 9212.677
91 88 2843.898
91 89 8518.575
91 90 4876.035
91 91 0.000
91 92 8471.247
91 93 8594.892
91 94 2312.981
91 95 8514.466
91 96 3003.493
91 97 4050.499
91 98 8437.976
91 99 4052.525
91 100 9052.263
92 0 4617.200
92 1 4514.102
92 2 933.616
92 3 3380.985
92 4 4595.584
92 5 7340.623
92 6 6204.180
92 7 4491.409
92 8 4376.140
92 9 6707.091
92 10 5989.021
92 11 6639.407
92 12 6102.636
92 13 1608.529
92 14 6565.661
92 15 963.614
92 16 4917.177
92 17 4908.120
92 18 6335.522
92 19 3052.023
92 20 6904.638
92 21 3766.027
92 22 6075.226
92 23 3313.612
92 24 6761.096
92 25 7244.653
92 26 5872.852
92 27 6358.676
92 28 2354.712
92 29 6665.337
92 30 1290.298
92 31 3916.772
92 32 3489.176
92 33 678.791
92 34 5184.729
92 35 5954.350
92 36 4416.066
92 37 7827.362
92 38 6553.679
92 39 9043.997
92 40 2688.989
92 41 2285.188
92 42 3439.062
92 43 7854.323
92 44 4557.276
92 45 1591.824
92 46 4418.241
92 47 1968.112
92 48 8427.774
92 49 7268.824
92 50 2245.361
92 51 6471.544
92 52 5994.770
92 53 2868.781
92 54 7247.299
92 55 4003.772
92 56 5103.243
92 57 4299.394
92 58 5131.539
92 59 5436.921
92 60 4527.166
92 61 7925.486
92 62 5704.265
92 63 3226.718
92 64 3625.192
92 65 4641.868
92 66 3476.092
92 67 2844.866
92 68 2670.410
92 69 7882.879
92 70 6439.909
92 71 5741.158
92 72 2136.100
92 73 1780.928
92 74 4932.748
92 75 6671.799
92 76 7540.111
92 77 8741.903
92 78 5604.558
92 79 3265.998
92 80 4031.189
92 81 6991.991
92 82 3348.167
92 83 5660.120
92 84 2121.703
92 85 7278.467
92 86 1764.742
92 87 3053.695
92 88 5688.628
92 89 2816.943
92 90 5074.220
92 91 8471.247
92 92 0.000
92 93 3991.060
92 94 6966.130
92 95 5074.008
92 96 6185.824
92 97 5226.001
92 98 6105.359
92 99 4699.697
92 100 4998.444
93 0 4257.595
93 1 1302.184
93 2 4889.620
93 3 678.874
93 4 4147.720
93 5 5698.856
93 6 7733.850
93 7 2820.589
93 8 5649.787
93 9 7658.654
93 10 2135.125
93 11 2654.082
93 12 6531.809
93 13 2459.758
93 14 2707.140
93 15 3348.048
93 16 1185.619
93 17 6004.325
93 18 8269.922
93 19 1346.604
93 20 5925.001
93 21 568.788
93 22 2493.061
93 23 2445.397
93 24 8173.534
93 25 4934.851
93 26 3545.582
93 27 4558.931
93 28 1838.795
93 29 2712.241
93 30 5251.300
93 31 3013.970
93 32 6218.090
93 33 4630.253
93 34 5433.418
93 35 2008.932
93 36 6455.772
93 37 6876.720
93 38 4114.806
93 39 9337.735
93 40 6679.963
93 41 6119.192
93 42 7180.145
93 43 8877.319
93 44 841.951
93 45 3499.653
93 46 3496.202
93 47 2417.698
93 48 9724.349
93 49 8083.325
93 50 2147.134
93 51 6215.091
93 52 7093.902
93 53 6604.818
93 54 9017.636
93 55 1101.533
93 56 7452.558
93 57 1893.784
93 58 2669.646
93 59 4411.930
93 60 613.990
93 61 9674.912
93 62 1738.490
93 63 6770.563
93 64 5224.974
93 65 1620.546
93 66 5851.656
93 67 3357.734
93 68 3843.817
93 69 9259.060
93 70 7023.404
93 71 3840.560
93 72 3564.775
93 73 5758.462
93 74 2130.233
93 75 6676.030
93 76 7952.503
93 77 8496.230
93 78 7762.293
93 79 4287.735
93 80 4570.535
93 81 3128.788
93 82 1930.858
93 83 5019.168
93 84 2836.252
93 85 8806.888
93 86 5628.438
93 87 1349.663
93 88 6542.117
93 89 1188.943
93 90 3766.985
93 91 8594.892
93 92 3991.060
93 93 0.000
93 94 8108.758
93 95 1155.222
93 96 5619.125
93 97 7064.493
93 98 2271.988
93 99 4689.542
93 100 1016.318
94 0 3955.293
94 1 9370.288
94 2 7281.137
94 3 8054.012
94 4 4076.709
94 5 5013.250
94 6 947.831
94 7 5576.389
94 8 2665.137
94 9 517.294
94 10 9956.222
94 11 9894.271
94 12 1787.972
94 13 6801.017
94 14 10422.876
94 15 6369.756
94 16 9256.637
94 17 2183.264
94 18 1606.445
94 19 6866.753
94 20 3878.532
94 21 7541.244
94 22 8003.175
94 23 5668.939
94 24 538.346
94 25 6119.803
94 26 6024.291
94 27 5219.323
94 28 7981.052
94 29 9326.226
94 30 6735.270
94 31 5131.522
94 32 3911.865
94 33 6734.696
94 34 2749.079
94 35 8869.665
94 36 2690.521
94 37 3910.228
94 38 6216.387
94 39 2475.346
94 40 7434.508
94 41 6227.216
94 42 5959.228
94 43 888.781
94 44 7842.874
94 45 5654.676
94 46 4762.753
94 47 8096.415
94 48 1616.067
94 49 659.525
94 50 6439.119
94 51 2737.676
94 52 1035.567
94 53 5909.197
94 54 1452.971
94 55 9001.548
94 56 2645.170
94 57 6476.887
94 58 6288.696
94 59 4306.231
94 60 8655.992
94 61 1853.393
94 62 9371.873
94 63 5365.113
94 64 3367.820
94 65 7037.937
94 66 3629.913
94 67 4934.249
94 68 4660.991
94 69 1172.824
94 70 1320.170
94 71 5434.382
94 72 5189.922
94 73 6889.281
94 74 6739.339
94 75 2231.823
94 76 1440.076
94 77 3033.368
94 78 2161.616
94 79 4043.831
94 80 3557.764
94 81 9131.855
94 82 6180.160
94 83 3660.869
94 84 5777.365
94 85 951.065
94 86 6345.489
94 87 8397.702
94 88 1567.855
94 89 7717.845
94 90 4845.845
94 91 2312.981
94 92 6966.130
94 93 8108.758
94 94 0.000
94 95 8342.899
94 96 3335.314
94 97 1926.735
94 98 8572.112
94 99 3475.471
94 100 8788.066
95 0 4390.510
95 1 1853.370
95 2 5989.332
95 3 1834.064
95 4 4270.203
95 5 5217.905
95 6 8091.790
95 7 2785.281
95 8 6078.408
95 9 7861.222
95 10 1622.063
95 11 1721.007
95 12 6654.678
95 13 3492.717
95 14 2084.870
95 15 4350.851
95 16 1288.301
95 17 6355.196
95 18 8713.362
95 19 2152.745
95 20 5655.078
95 21 1322.973
95 22 1450.548
95 23 2896.289
95 24 8479.453
95 25 4264.563
95 26 3028.332
95 27 4125.369
95 28 2993.181
95 29 1591.360
95 30 6305.835
95 31 3239.324
95 32 6954.749
95 33 5690.165
95 34 5599.272
95 35 880.413
95 36 7015.647
95 37 6551.043
95 38 3468.625
95 39 9278.996
95 40 7757.505
95 41 7118.233
95 42 8133.587
95 43 9045.700
95 44 584.535
95 45 4376.270
95 46 3583.799
95 47 3572.764
95 48 9940.733
95 49 8226.221
95 50 3039.770
95 51 6155.676
95 52 7368.909
95 53 7566.664
95 54 9389.265
95 55 1958.061
95 56 8038.077
95 57 1866.367
95 58 2280.092
95 59 4290.757
95 60 940.531
95 61 10019.880
95 62 1028.984
95 63 7677.225
95 64 5776.455
95 65 1317.370
95 66 6530.584
95 67 3945.117
95 68 4489.612
95 69 9513.038
95 70 7157.724
95 71 3465.040
95 72 4327.818
95 73 6817.778
95 74 1721.494
95 75 6662.561
95 76 7985.841
95 77 8309.699
95 78 8285.324
95 79 4817.343
95 80 4927.518
95 81 1973.953
95 82 2418.344
95 83 4951.354
95 84 3640.367
95 85 9119.318
95 86 6644.875
95 87 2482.254
95 88 6785.131
95 89 2322.779
95 90 3648.510
95 91 8514.466
95 92 5074.008
95 93 1155.222
95 94 8342.899
95 95 0.000
95 96 5512.426
95 97 7538.239
95 98 1121.726
95 99 4867.432
95 100 606.247
96 0 1612.096
96 1 6919.369
96 2 6875.065
96 3 5797.343
96 4 1670.129
96 5 1850.683
96 6 3572.286
96 7 2803.492
96 8 2691.423
96 9 2819.912
96 10 7120.885
96 11 6871.220
96 12 1585.718
96 13 5269.076
96 14 7511.466
96 15 5290.471
96 16 6630.975
96 17 2416.499
96 18 4425.001
96 19 4663.825
96 20 843.579
96 21 5072.502
96 22 4867.184
96 23 3478.881
96 24 3692.196
96 25 2804.782
96 26 2788.351
96 27 1887.932
96 28 6162.984
96 29 6216.224
96 30 6597.407
96 31 2739.467
96 32 4736.275
96 33 6293.291
96 34 1308.669
96 35 5864.168
96 36 3795.432
96 37 1649.525
96 38 2892.974
96 39 3766.570
96 40 7812.784
96 41 6615.009
96 42 6938.257
96 43 3799.690
96 44 5116.493
96 45 4595.331
96 46 2175.176
96 47 6493.381
96 48 4754.450
96 49 2978.460
96 50 4648.253
96 51 667.548
96 52 2686.041
96 53 6610.406
96 54 4713.615
96 55 6669.494
96 56 4585.287
96 57 3752.893
96 58 3262.272
96 59 1224.373
96 60 6055.566
96 61 5187.524
96 62 6513.038
96 63 6272.115
96 64 3218.241
96 65 4210.734
96 66 4185.641
96 67 3378.743
96 68 3529.184
96 69 4449.618
96 70 2015.601
96 71 2206.348
96 72 4049.729
96 73 6966.004
96 74 3797.387
96 75 1212.915
96 76 2544.075
96 77 2886.777
96 78 4453.420
96 79 3002.083
96 80 2232.836
96 81 5936.535
96 82 3884.825
96 83 610.483
96 84 4249.582
96 85 4270.481
96 86 6463.325
96 87 6340.590
96 88 2150.994
96 89 5655.857
96 90 1873.676
96 91 3003.493
96 92 6185.824
96 93 5619.125
96 94 3335.314
96 95 5512.426
96 96 0.000
96 97 3684.631
96 98 5491.654
96 99 1497.723
96 100 6048.876
97 0 3450.353
97 1 8239.384
97 2 5439.501
97 3 6870.036
97 4 3564.475
97 5 5535.288
97 6 1021.059
97 7 4966.975
97 8 1468.497
97 9 1905.045
97 10 9085.929
97 11 9208.612
97 12 2295.495
97 13 5341.455
97 14 9606.051
97 15 4761.532
97 16 8248.501
97 17 1360.461
97 18 1214.010
97 19 5736.287
97 20 4468.980
97 21 6519.566
97 22 7531.982
97 23 4665.377
97 24 1582.460
97 25 6372.348
97 26 5828.346
97 27 5329.071
97 28 6574.731
97 29 8763.914
97 30 4859.139
97 31 4338.421
97 32 1990.964
97 33 4917.015
97 34 2512.338
97 35 8204.496
97 36 814.354
97 37 4891.958
97 38 6216.042
97 39 4358.195
97 40 5507.903
97 41 4304.002
97 42 4058.705
97 43 2780.183
97 44 6982.850
97 45 4101.294
97 46 4170.015
97 47 6589.912
97 48 3217.057
97 49 2448.925
97 50 5129.882
97 51 3348.118
97 52 1323.434
97 53 3984.598
97 54 2059.017
97 55 7813.450
97 56 931.667
97 57 5723.088
97 58 5812.083
97 59 4174.435
97 60 7657.506
97 61 2744.132
97 62 8544.194
97 63 3448.537
97 64 1868.225
97 65 6315.455
97 66 1772.329
97 67 3712.305
97 68 3284.820
97 69 2668.314
97 70 2202.943
97 71 5282.195
97 72 3727.496
97 73 4982.556
97 74 6141.339
97 75 3071.986
97 76 3057.490
97 77 4648.009
97 78 809.475
97 79 2777.374
97 80 2641.184
97 81 8698.760
97 82 5172.737
97 83 3698.249
97 84 4413.073
97 85 2053.579
97 86 4442.380
97 87 7086.525
97 88 1599.346
97 89 6447.223
97 90 4511.972
97 91 4050.499
97 92 5226.001
97 93 7064.493
97 94 1926.735
97 95 7538.239
97 96 3684.631
97 97 0.000
97 98 8004.121
97 99 2984.697
97 100 7886.352
98 0 4654.936
98 1 2834.275
98 2 7031.453
98 3 2950.133
98 4 4532.699
98 5 4822.640
98 6 8441.328
98 7 3049.642
98 8 6536.656
98 9 8069.533
98 10 1947.185
98 11 1393.819
98 12 6816.015
98 13 4502.685
98 14 2144.285
98 15 5324.094
98 16 2183.776
98 17 6736.022
98 18 9132.567
98 19 3089.180
98 20 5464.378
98 21 2344.952
98 22 670.593
98 23 3541.255
98 24 8773.918
98 25 3700.834
98 26 2754.262
98 27 3841.750
98 28 4104.229
98 29 761.745
98 30 7303.692
98 31 3674.542
98 32 7665.440
98 33 6696.824
98 34 5835.433
98 35 512.833
98 36 7568.888
98 37 6273.275
98 38 2989.961
98 39 9211.370
98 40 8770.968
98 41 8060.002
98 42 9026.551
98 43 9201.034
98 44 1552.602
98 45 5252.694
98 46 3867.135
98 47 4685.449
98 48 10129.601
98 49 8370.935
98 50 3970.592
98 51 6157.193
98 52 7655.331
98 53 8471.256
98 54 9732.242
98 55 3029.867
98 56 8597.511
98 57 2323.487
98 58 2283.958
98 59 4321.052
98 60 2015.786
98 61 10330.015
98 62 1415.889
98 63 8530.722
98 64 6350.614
98 65 1742.405
98 66 7197.919
98 67 4617.214
98 68 5183.526
98 69 9743.221
98 70 7316.831
98 71 3301.686
98 72 5118.977
98 73 7817.313
98 74 1866.388
98 75 6693.068
98 76 8030.016
98 77 8132.206
98 78 8784.117
98 79 5404.232
98 80 5363.088
98 81 886.651
98 82 3141.746
98 83 4994.777
98 84 4486.899
98 85 9410.216
98 86 7605.752
98 87 3603.910
98 88 7055.580
98 89 3417.152
98 90 3732.651
98 91 8437.976
98 92 6105.359
98 93 2271.988
98 94 8572.112
98 95 1121.726
98 96 5491.654
98 97 8004.121
98 98 0.000
98 99 5146.526
98 100 1557.958
99 0 491.654
99 1 5977.242
99 2 5377.476
99 3 4723.959
99 4 613.827
99 5 3018.517
99 6 3298.006
99 7 2111.719
99 8 1615.378
99 9 2997.497
99 10 6481.553
99 11 6437.283
99 12 1844.091
99 13 3889.624
99 14 6948.109
99 15 3823.002
99 16 5810.169
99 17 1638.050
99 18 4025.461
99 19 3537.317
99 20 2280.253
99 21 4121.184
99 22 4619.450
99 23 2306.532
99 24 3633.295
99 25 3540.246
99 26 2844.319
99 27 2466.270
99 28 4894.449
99 29 5907.100
99 30 5106.393
99 31 1677.806
99 32 3483.576
99 33 4795.569
99 34 744.436
99 35 5413.903
99 36 2791.751
99 37 3147.246
99 38 3264.810
99 39 4748.074
99 40 6352.162
99 41 5174.433
99 42 5596.263
99 43 4199.412
99 44 4371.514
99 45 3113.721
99 46 1291.886
99 47 5159.319
99 48 5076.875
99 49 3395.931
99 50 3332.662
99 51 1803.376
99 52 2515.358
99 53 5221.700
99 54 4586.019
99 55 5651.473
99 56 3749.813
99 57 3001.471
99 58 2885.968
99 59 1256.868
99 60 5211.378
99 61 5186.941
99 62 5896.403
99 63 4938.858
99 64 1893.901
99 65 3564.554
99 66 2918.212
99 67 1938.995
99 68 2034.773
99 69 4645.933
99 70 2333.876
99 71 2307.968
99 72 2565.694
99 73 5485.880
99 74 3289.469
99 75 2119.300
99 76 3297.066
99 77 4152.116
99 78 3793.349
99 79 1509.868
99 80 759.554
99 81 5776.963
99 82 2792.117
99 83 1059.923
99 84 2839.183
99 85 4272.014
99 86 4992.989
99 87 5174.428
99 88 1922.168
99 89 4479.504
99 90 1528.055
99 91 4052.525
99 92 4699.697
99 93 4689.542
99 94 3475.471
99 95 4867.432
99 96 1497.723
99 97 2984.697
99 98 5146.526
99 99 0.000
99 100 5318.925
100 0 4853.415
100 1 1287.407
100 2 5888.125
100 3 1630.977
100 4 4735.497
100 5 5816.567
100 6 8490.124
100 7 3280.327
100 8 6441.423
100 9 8316.167
100 10 1200.550
100 11 1641.107
100 12 7132.165
100 13 3476.049
100 14 1743.672
100 15 4363.467
100 16 684.459
100 17 6751.174
100 18 9077.463
100 19 2284.752
100 20 6226.019
100 21 1424.737
100 22 2008.224
100 23 3221.007
100 24 8898.808
100 25 4870.755
100 26 3624.660
100 27 4716.414
100 28 2772.839
100 29 1800.118
100 30 6264.314
100 31 3658.291
100 32 7166.031
100 33 5642.777
100 34 6058.803
100 35 1150.677
100 36 7322.157
100 37 7133.125
100 38 4074.520
100 39 9812.749
100 40 7686.002
100 41 7135.335
100 42 8192.661
100 43 9514.465
100 44 949.309
100 45 4489.554
100 46 4053.463
100 47 3333.821
100 48 10394.929
100 49 8701.568
100 50 3133.985
100 51 6682.861
100 52 7797.050
100 53 7618.160
100 54 9784.689
100 55 1482.375
100 56 8334.373
100 57 2333.956
100 58 2851.039
100 59 4824.576
100 60 508.804
100 61 10426.936
100 62 725.981
100 63 7774.430
100 64 6082.707
100 65 1838.466
100 66 6773.930
100 67 4222.369
100 68 4741.814
100 69 9953.403
100 70 7633.149
100 71 4044.817
100 72 4513.882
100 73 6770.210
100 74 2285.074
100 75 7179.452
100 76 8493.299
100 77 8870.305
100 78 8612.552
100 79 5128.898
100 80 5313.997
100 81 2310.498
100 82 2715.575
100 83 5475.738
100 84 3796.890
100 85 9537.461
100 86 6644.716
100 87 2173.284
100 88 7223.016
100 89 2183.635
100 90 4176.777
100 91 9052.263
100 92 4998.444
100 93 1016.318
100 94 8788.066
100 95 606.247
100 96 6048.876
100 97 7886.352
100 98 1557.958
100 99 5318.925
100 100 0.000
