# i j distance_m; Euclidean drone distance; depot 0 + customers 1..100
0 0 0.000
0 1 6514.578
0 2 7265.256
0 3 5223.426
0 4 4782.079
0 5 1025.308
0 6 3134.809
0 7 1413.636
0 8 3694.547
0 9 8410.520
0 10 1784.028
0 11 3271.056
0 12 7981.146
0 13 8705.402
0 14 3806.184
0 15 3095.906
0 16 1306.682
0 17 2826.225
0 18 8570.095
0 19 3948.116
0 20 203.741
0 21 7409.704
0 22 5866.783
0 23 4370.464
0 24 1596.362
0 25 4761.474
0 26 5533.808
0 27 2198.314
0 28 1056.294
0 29 1753.811
0 30 9461.742
0 31 4924.857
0 32 4395.682
0 33 6744.690
0 34 2809.455
0 35 8059.161
0 36 5906.887
0 37 5707.291
0 38 6123.418
0 39 5901.057
0 40 4865.389
0 41 2093.571
0 42 4125.593
0 43 3696.421
0 44 4390.510
0 45 6846.157
0 46 2662.416
0 47 2860.022
0 48 2111.571
0 49 5423.330
0 50 3977.526
0 51 6132.752
0 52 7725.274
0 53 5584.440
0 54 8148.983
0 55 7389.936
0 56 7275.716
0 57 2414.427
0 58 6964.790
0 59 5425.149
0 60 561.673
0 61 3592.788
0 62 6365.432
0 63 2048.004
0 64 7427.511
0 65 7204.276
0 66 5550.232
0 67 7370.729
0 68 6587.958
0 69 5569.087
0 70 7635.726
0 71 7164.830
0 72 4576.591
0 73 6355.026
0 74 1199.772
0 75 6499.914
0 76 3574.141
0 77 9086.425
0 78 8412.782
0 79 3691.407
0 80 1192.659
0 81 2894.039
0 82 6453.712
0 83 4529.683
0 84 7716.026
0 85 6901.979
0 86 3917.389
0 87 5835.645
0 88 7215.145
0 89 6574.545
0 90 2298.411
0 91 6296.268
0 92 3307.106
0 93 5092.864
0 94 10241.954
0 95 2061.572
0 96 7272.238
0 97 9615.635
0 98 7236.007
0 99 5195.931
0 100 2377.625
1 0 6514.578
1 1 0.000
1 2 6419.692
1 3 1728.717
1 4 4350.779
1 5 5557.589
1 6 4527.589
1 7 6721.886
1 8 3984.290
1 9 2920.600
1 10 7672.691
1 11 3356.723
1 12 2181.075
1 13 6851.428
1 14 9892.959
1 15 7854.844
1 16 7476.523
1 17 4516.193
1 18 5329.483
1 19 2881.427
1 20 6615.725
1 21 13895.647
1 22 712.397
1 23 9816.744
1 24 6738.563
1 25 10463.055
1 26 2300.352
1 27 6654.408
1 28 6806.581
1 29 7579.315
1 30 8306.552
1 31 4470.274
1 32 10895.478
1 33 4983.449
1 34 3711.921
1 35 3949.578
1 36 6233.637
1 37 4694.894
1 38 4171.539
1 39 12304.788
1 40 11376.742
1 41 4510.364
1 42 2406.408
1 43 8770.912
1 44 3828.865
1 45 13108.869
1 46 5331.937
1 47 6965.205
1 48 8259.564
1 49 5760.369
1 50 10404.398
1 51 7333.492
1 52 6231.571
1 53 2126.562
1 54 5796.724
1 55 5722.748
1 56 13790.117
1 57 5023.111
1 58 1296.068
1 59 11884.415
1 60 6401.047
1 61 8434.215
1 62 1763.343
1 63 6444.762
1 64 5189.150
1 65 13698.891
1 66 11525.792
1 67 1241.174
1 68 13083.409
1 69 7023.730
1 70 6396.029
1 71 2835.814
1 72 5842.811
1 73 2975.926
1 74 7291.034
1 75 6650.697
1 76 5636.640
1 77 8263.688
1 78 4508.259
1 79 3238.379
1 80 7650.461
1 81 8257.442
1 82 5947.017
1 83 5525.376
1 84 3225.169
1 85 4178.976
1 86 5025.394
1 87 1773.138
1 88 3819.666
1 89 13008.870
1 90 8460.065
1 91 1148.291
1 92 9056.961
1 93 3182.016
1 94 5702.532
1 95 8574.246
1 96 6946.366
1 97 5651.475
1 98 743.063
1 99 3620.830
1 100 6973.279
2 0 7265.256
2 1 6419.692
2 2 0.000
2 3 7058.726
2 4 2834.383
2 5 6462.244
2 6 4345.594
2 7 6196.904
2 8 8066.856
2 9 9311.907
2 10 6848.624
2 11 5437.144
2 12 8553.356
2 13 1550.790
2 14 8227.895
2 15 10217.140
2 16 8558.717
2 17 7821.652
2 18 11580.802
2 19 4966.221
2 20 7177.570
2 21 12541.049
2 22 6478.767
2 23 7265.390
2 24 8639.749
2 25 7998.048
2 26 7925.973
2 27 5442.791
2 28 8246.879
2 29 9016.699
2 30 2274.282
2 31 9359.916
2 32 10138.414
2 33 1450.488
2 34 6259.023
2 35 10297.019
2 36 11146.387
2 37 9972.393
2 38 9791.099
2 39 10777.542
2 40 10674.957
2 41 6805.612
2 42 6196.529
2 43 6318.774
2 44 8479.933
2 45 11008.267
2 46 8465.539
2 47 9679.787
2 48 9313.115
2 49 1850.364
2 50 9375.734
2 51 2136.299
2 52 713.092
2 53 4374.489
2 54 11828.676
2 55 917.014
2 56 12851.426
2 57 4933.021
2 58 5436.334
2 59 11781.287
2 60 7646.332
2 61 10774.943
2 62 7938.762
2 63 8816.017
2 64 11113.839
2 65 13165.743
2 66 9165.326
2 67 5927.381
2 68 11916.622
2 69 2402.649
2 70 12075.164
2 71 9132.114
2 72 2743.380
2 73 8954.239
2 74 6971.899
2 75 11723.056
2 76 3713.368
2 77 2020.088
2 78 10851.029
2 79 7174.257
2 80 7670.677
2 81 10142.225
2 82 814.925
2 83 9890.880
2 84 9593.936
2 85 2372.623
2 86 3377.607
2 87 7648.508
2 88 9967.283
2 89 12900.653
2 90 7527.110
2 91 7362.640
2 92 7244.155
2 93 3542.556
2 94 12120.185
2 95 8678.590
2 96 634.360
2 97 12045.824
2 98 6885.475
2 99 8850.687
2 100 9335.140
3 0 5223.426
3 1 1728.717
3 2 7058.726
3 3 0.000
3 4 4497.744
3 5 4372.821
3 6 4021.282
3 7 5723.849
3 8 2270.607
3 9 3260.561
3 10 6624.644
3 11 2512.359
3 12 2763.217
3 13 7803.591
3 14 8852.249
3 15 6190.139
3 16 6024.444
3 17 2882.618
3 18 4586.714
3 19 2418.253
3 20 5357.456
3 21 12625.874
3 22 1047.313
3 23 8991.751
3 24 5185.866
3 25 9573.664
3 26 868.104
3 27 5851.828
3 28 5334.930
3 29 6056.062
3 30 9163.372
3 31 2809.874
3 32 9609.176
3 33 5725.750
3 34 2476.848
3 35 3470.892
3 36 4631.007
3 37 3162.880
3 38 2797.028
3 39 11117.617
3 40 10060.767
3 41 3133.408
3 42 1279.330
3 43 8009.346
3 44 2109.246
3 45 12015.188
3 46 3668.061
3 47 5287.612
3 48 6765.598
3 49 5965.861
3 50 9195.521
3 51 7490.355
3 52 7036.457
3 53 2778.452
3 54 4769.953
3 55 6527.467
3 56 12445.880
3 57 4285.885
3 58 2858.378
3 59 10446.036
3 60 5008.265
3 61 6758.443
3 62 1223.833
3 63 4832.301
3 64 4060.417
3 65 12286.769
3 66 10554.049
3 67 2948.713
3 68 11799.770
3 69 7077.684
3 70 5103.601
3 71 2324.808
3 72 5779.723
3 73 1913.715
3 74 6164.238
3 75 5101.585
3 76 5287.147
3 77 9033.053
3 78 3984.450
3 79 1631.071
3 80 6406.685
3 81 6637.355
3 82 6434.446
3 83 3814.815
3 84 2880.748
3 85 5115.790
3 86 4820.470
3 87 721.232
3 88 2954.612
3 89 11543.470
3 90 7359.774
3 91 1079.661
3 92 8112.244
3 93 3523.947
3 94 5587.061
3 95 7240.111
3 96 7489.216
3 97 5250.671
3 98 2271.310
3 99 2022.513
3 100 5337.306
4 0 4782.079
4 1 4350.779
4 2 2834.383
4 3 4497.744
4 4 0.000
4 5 3855.215
4 6 1659.314
4 7 4031.505
4 8 5245.249
4 9 7236.315
4 10 4891.553
4 11 2606.588
4 12 6520.131
4 13 4056.622
4 14 6783.200
4 15 7545.494
4 16 6085.658
4 17 4989.183
4 18 9084.458
4 19 2197.185
4 20 4740.738
4 21 11136.483
4 22 4167.086
4 23 6238.281
4 24 5986.619
4 25 6965.910
4 26 5340.754
4 27 3478.979
4 28 5666.354
4 29 6481.988
4 30 5102.508
4 31 6569.991
4 32 8386.521
4 33 1974.855
4 34 3424.788
4 35 7915.776
4 36 8331.343
4 37 7216.644
4 38 7105.068
4 39 9393.212
4 40 8924.312
4 41 3999.188
4 42 3468.718
4 43 5159.889
4 44 5690.165
4 45 9912.044
4 46 5650.269
4 47 6937.904
4 48 6892.023
4 49 1470.072
4 50 7701.198
4 51 3022.258
4 52 3098.662
4 53 2265.061
4 54 9213.028
4 55 2686.081
4 56 11275.125
4 57 2368.429
4 58 3821.866
4 59 9841.874
4 60 5068.476
4 61 8124.327
4 62 5544.869
4 63 6092.237
4 64 8474.570
4 65 11433.334
4 66 8134.051
4 67 4367.088
4 68 10409.529
4 69 2675.374
4 70 9350.909
4 71 6742.757
4 72 1536.542
4 73 6409.012
4 74 4817.901
4 75 8915.213
4 76 1763.512
4 77 4847.935
4 78 8450.511
4 79 4372.251
4 80 5457.967
4 81 7559.118
4 82 2074.341
4 83 7059.659
4 84 7259.688
4 85 2196.705
4 86 1077.090
4 87 5163.082
4 88 7452.329
4 89 10999.208
4 90 5683.839
4 91 5043.021
4 92 5803.917
4 93 1183.008
4 94 9917.707
4 95 6513.546
4 96 3118.397
4 97 9698.411
4 98 4992.857
4 99 6123.505
4 100 6632.944
5 0 1025.308
5 1 5557.589
5 2 6462.244
5 3 4372.821
5 4 3855.215
5 5 0.000
5 6 2195.932
5 7 1483.437
5 8 3179.458
5 9 7612.118
5 10 2281.480
5 11 2262.504
5 12 7134.555
5 13 7851.697
5 14 4489.882
5 15 3756.954
5 16 2268.508
5 17 2385.501
5 18 8070.056
5 19 2927.096
5 20 1078.297
5 21 8338.300
5 22 4931.905
5 23 4793.172
5 24 2178.648
5 25 5296.149
5 26 4784.768
5 27 1988.493
5 28 1811.617
5 29 2629.657
5 30 8700.485
5 31 4545.718
5 32 5339.812
5 33 5829.472
5 34 1901.658
5 35 7418.239
5 36 5805.664
5 37 5336.688
5 38 5643.170
5 39 6769.273
5 40 5828.099
5 41 1357.877
5 42 3202.870
5 43 3942.406
5 44 3877.711
5 45 7642.789
5 46 2538.241
5 47 3295.239
5 48 3095.628
5 49 4651.572
5 50 4856.233
5 51 5552.063
5 52 6873.971
5 53 4559.367
5 54 7758.253
5 55 6509.724
5 56 8247.018
5 57 1530.555
5 58 5954.265
5 59 6441.481
5 60 1213.388
5 61 4313.011
5 62 5557.147
5 63 2419.575
5 64 7012.192
5 65 8205.974
5 66 6210.522
5 67 6371.034
5 68 7526.045
5 69 4991.504
5 70 7390.232
5 71 6448.376
5 72 3865.679
5 73 5691.561
5 74 1792.403
5 75 6416.586
5 76 2871.622
5 77 8353.024
5 78 7814.545
5 79 2951.310
5 80 2093.819
5 81 3708.301
5 82 5647.343
5 83 4396.080
5 84 7010.944
5 85 5927.841
5 86 3084.700
5 87 5025.725
5 88 6620.125
5 89 7593.873
5 90 2988.506
5 91 5426.907
5 92 3816.346
5 93 4084.260
5 94 9614.843
5 95 3058.462
5 96 6531.318
5 97 9052.350
5 98 6288.342
5 99 4652.227
5 100 2898.095
6 0 3134.809
6 1 4527.589
6 2 4345.594
6 3 4021.282
6 4 1659.314
6 5 2195.932
6 6 0.000
6 7 2557.025
6 8 4053.047
6 9 7157.679
6 10 3491.601
6 11 1566.025
6 12 6525.273
6 13 5678.774
6 14 5583.494
6 15 5905.613
6 16 4433.783
6 17 3608.291
6 18 8456.856
6 19 1679.102
6 20 3106.089
6 21 9839.816
6 22 4096.155
6 23 5323.279
6 24 4338.442
6 25 5998.916
6 26 4746.415
6 27 2219.159
6 28 4007.255
6 29 4823.119
6 30 6612.890
6 31 5468.545
6 32 6973.402
6 33 3633.620
6 34 2149.368
6 35 7473.000
6 36 7104.866
6 37 6193.494
6 38 6237.292
6 39 8139.227
6 40 7501.663
6 41 2506.135
6 42 2768.916
6 43 4260.379
6 44 4618.462
6 45 8795.028
6 46 4164.960
6 47 5335.837
6 48 5246.367
6 49 2622.846
6 50 6342.420
6 51 3844.723
6 52 4706.199
6 53 2874.151
6 54 8409.988
6 55 4323.979
6 56 9896.976
6 57 745.241
6 58 4471.375
6 59 8326.466
6 60 3409.163
6 61 6478.623
6 62 5219.282
6 63 4476.012
6 64 7650.763
6 65 9985.790
6 66 7109.927
6 67 4975.494
6 68 9075.565
6 69 3334.072
6 70 8353.233
6 71 6344.036
6 72 2027.225
6 73 5812.240
6 74 3306.819
6 75 7709.505
6 76 1287.635
6 77 6303.435
6 78 7964.647
6 79 3322.449
6 80 3897.024
6 81 5901.346
6 82 3537.590
6 83 5755.197
6 84 6901.982
6 85 3773.979
6 86 1049.909
6 87 4741.743
6 88 6852.370
6 89 9487.989
6 90 4308.012
6 91 4857.266
6 92 4664.105
6 93 2085.999
6 94 9608.244
6 95 4951.601
6 96 4497.091
6 97 9238.024
6 98 5258.534
6 99 5205.935
6 100 5004.791
7 0 1413.636
7 1 6721.886
7 2 6196.904
7 3 5723.849
7 4 4031.505
7 5 1483.437
7 6 2557.025
7 7 0.000
7 8 4662.346
7 9 8983.572
7 10 961.031
7 11 3367.986
7 12 8461.906
7 13 7699.318
7 14 3171.603
7 15 4470.855
7 16 2504.700
7 17 3856.157
7 18 9552.926
7 19 3894.377
7 20 1234.962
7 21 7305.990
7 22 6154.892
7 23 3320.471
7 24 3008.617
7 25 3857.192
7 26 6209.061
7 27 825.258
7 28 2452.037
7 29 3032.318
7 30 8312.431
7 31 6016.782
7 32 4416.390
7 33 5897.578
7 34 3260.206
7 35 8877.562
7 36 7188.864
7 37 6808.256
7 38 7126.457
7 39 5635.483
7 40 4944.999
7 41 2834.463
7 42 4487.755
7 43 2462.409
7 44 5361.069
7 45 6388.024
7 46 3904.133
7 47 4273.536
7 48 3168.509
7 49 4350.611
7 50 3797.122
7 51 4845.425
7 52 6727.870
7 53 5371.485
7 54 9236.176
7 55 6452.581
7 56 7341.218
7 57 1840.021
7 58 6910.526
7 59 5810.910
7 60 1966.836
7 61 4931.790
7 62 6933.906
7 63 3452.011
7 64 8492.314
7 65 7434.697
7 66 4837.344
7 67 7380.247
7 68 6530.112
7 69 4288.048
7 70 8835.245
7 71 7880.052
7 72 3454.521
7 73 7148.550
7 74 793.003
7 75 7793.197
7 76 2500.930
7 77 7907.469
7 78 9284.715
7 79 4399.363
7 80 1476.216
7 81 4180.625
7 82 5405.360
7 83 5787.289
7 84 8445.972
7 85 6226.689
7 86 3017.063
7 87 6406.109
7 88 8092.904
7 89 6969.274
7 90 1773.445
7 91 6743.115
7 92 2388.696
7 93 4642.998
7 94 11074.670
7 95 2509.943
7 96 6121.133
7 97 10528.040
7 98 7464.316
7 99 6134.611
7 100 3789.784
8 0 3694.547
8 1 3984.290
8 2 8066.856
8 3 2270.607
8 4 5245.249
8 5 3179.458
8 6 4053.047
8 7 4662.346
8 8 0.000
8 9 4967.027
8 10 5390.939
8 11 2643.397
8 12 4701.500
8 13 9119.245
8 14 7500.441
8 15 3951.222
8 16 4133.401
8 17 875.752
8 18 4901.002
8 19 3128.092
8 20 3876.143
8 21 10852.378
8 22 3279.088
8 23 7955.721
8 24 3148.892
8 25 8417.658
8 26 2119.717
8 27 5093.500
8 28 3446.468
8 29 4037.764
8 30 10313.902
8 31 1435.432
8 32 7864.160
8 33 6950.656
8 34 1903.961
8 35 4383.647
8 36 3088.242
8 37 2204.359
8 38 2464.763
8 39 9483.789
8 40 8262.663
8 41 1856.221
8 42 2075.688
8 43 7121.482
8 44 702.076
8 45 10496.145
8 46 1469.522
8 47 3039.040
8 48 4774.028
8 49 6570.709
8 50 7577.155
8 51 7895.235
8 52 8230.450
8 53 4381.187
8 54 4588.864
8 55 7754.582
8 56 10573.367
8 57 3903.979
8 58 4994.630
8 59 8468.355
8 60 3302.821
8 61 4505.824
8 62 3057.717
8 63 2695.243
8 64 3837.536
8 65 10325.189
8 66 9244.327
8 67 5170.454
8 68 10018.351
8 69 7386.876
8 70 4339.484
8 71 3584.979
8 72 6077.412
8 73 2718.976
8 74 4838.053
8 75 3679.795
8 76 5278.155
8 77 10086.276
8 78 4719.865
8 79 946.307
8 80 4860.141
8 81 4452.346
8 82 7319.581
8 83 1853.135
8 84 4107.232
8 85 6589.275
8 86 5083.454
8 87 2590.717
8 88 3523.380
8 89 9518.352
8 90 5989.728
8 91 3247.188
8 92 6942.081
8 93 4678.965
8 94 6553.837
8 95 5495.256
8 96 8358.403
8 97 5922.859
8 98 4538.116
8 99 1501.626
8 100 3146.659
9 0 8410.520
9 1 2920.600
9 2 9311.907
9 3 3260.561
9 4 7236.315
9 5 7612.118
9 6 7157.679
9 7 8983.572
9 8 4967.027
9 9 0.000
9 10 9877.717
9 11 5732.107
9 12 762.338
9 13 9614.408
9 14 12100.489
9 15 8789.040
9 16 9067.140
9 17 5791.034
9 18 3121.681
9 19 5483.322
9 20 8558.859
9 21 15761.509
9 22 3101.583
9 23 12248.867
9 24 8113.999
9 25 12834.207
9 26 2894.562
9 27 9099.122
9 28 8373.093
9 29 9003.093
9 30 11101.058
9 31 4533.077
9 32 12751.305
9 33 7865.737
9 34 5729.462
9 35 1727.658
9 36 5714.977
9 37 4243.856
9 38 3486.450
9 39 14309.633
9 40 13177.308
9 41 6321.759
9 42 4521.214
9 43 11256.630
9 44 4420.130
9 45 15242.129
9 46 6423.776
9 47 7878.362
9 48 9737.694
9 49 8667.702
9 50 12386.437
9 51 10240.497
9 52 9076.025
9 53 5044.983
9 54 3959.731
9 55 8574.758
9 56 15521.208
9 57 7507.984
9 58 3928.654
9 59 13434.543
9 60 8132.434
9 61 9285.912
9 62 2055.007
9 63 7655.772
9 64 3666.224
9 65 15290.906
9 66 13809.790
9 67 3524.413
9 68 14929.600
9 69 9911.010
9 70 4982.288
9 71 1490.822
9 72 8690.863
9 73 2381.842
9 74 9404.065
9 75 5882.655
9 76 8368.012
9 77 11098.993
9 78 2167.276
9 79 4720.956
9 80 9602.527
9 81 9365.192
9 82 8864.003
9 83 5690.763
9 84 1216.690
9 85 7012.312
9 86 7812.958
9 87 2586.400
9 88 2303.892
9 89 14483.685
9 90 10600.076
9 91 2301.423
9 92 11372.198
9 93 6085.212
9 94 2833.137
9 95 10370.896
9 96 9853.308
9 97 2985.613
9 98 2442.164
9 99 3728.690
9 100 8073.567
10 0 1784.028
10 1 7672.691
10 2 6848.624
10 3 6624.644
10 4 4891.553
10 5 2281.480
10 6 3491.601
10 7 961.031
10 8 5390.939
10 9 9877.717
10 10 0.000
10 11 4316.240
10 12 9376.070
10 13 8380.888
10 14 2232.311
10 15 4479.873
10 16 2414.149
10 17 4544.504
10 18 10290.654
10 19 4854.535
10 20 1581.446
10 21 6352.780
10 22 7095.285
10 23 2590.458
10 24 3216.346
10 25 3028.545
10 26 7065.469
10 27 1439.556
10 28 2626.570
10 29 2963.439
10 30 8870.496
10 31 6680.349
10 32 3500.127
10 33 6690.104
10 34 4148.886
10 35 9691.948
10 36 7686.203
10 37 7467.735
10 38 7847.804
10 39 4674.947
10 40 4035.603
10 41 3629.394
10 42 5408.695
10 43 1955.541
10 44 6092.888
10 45 5436.657
10 46 4445.244
10 47 4479.155
10 48 2868.088
10 49 5032.181
10 50 2850.823
10 51 5283.260
10 52 7424.835
10 53 6326.827
10 54 9909.019
10 55 7190.498
10 56 6411.550
10 57 2790.621
10 58 7871.116
10 59 4984.503
10 60 2318.083
10 61 4852.114
10 62 7823.584
10 63 3750.560
10 64 9179.146
10 65 6541.951
10 66 3933.171
10 67 8341.260
10 68 5584.057
10 69 4750.079
10 70 9418.662
10 71 8729.855
10 72 4123.052
10 73 7967.846
10 74 585.812
10 75 8275.726
10 76 3249.896
10 77 8438.807
10 78 10077.186
10 79 5232.417
10 80 1077.550
10 81 4046.986
10 82 6084.126
10 83 6313.320
10 84 9292.332
10 85 7086.336
10 86 3841.349
10 87 7293.201
10 88 8880.064
10 89 6131.964
10 90 817.300
10 91 7659.497
10 92 1551.144
10 93 5573.251
10 94 11887.068
10 95 1882.428
10 96 6701.607
10 97 11303.757
10 98 8414.411
10 99 6886.396
10 100 3965.140
11 0 3271.056
11 1 3356.723
11 2 5437.144
11 3 2512.359
11 4 2606.588
11 5 2262.504
11 6 1566.025
11 7 3367.986
11 8 2643.397
11 9 5732.107
11 10 4316.240
11 11 0.000
11 12 5152.829
11 13 6562.102
11 14 6539.552
11 15 5359.334
11 16 4399.703
11 17 2422.249
11 18 6890.971
11 19 724.146
11 20 3340.456
11 21 10567.748
11 22 2792.310
11 23 6539.465
11 24 3924.537
11 25 7155.241
11 26 3192.834
11 27 3374.962
11 28 3800.773
11 29 4635.231
11 30 7696.872
11 31 4003.668
11 32 7586.023
11 33 4397.632
11 34 860.199
11 35 5928.063
11 36 5731.622
11 37 4693.306
11 38 4688.825
11 39 8955.156
11 40 8082.209
11 41 1622.778
11 42 1234.932
11 43 5529.186
11 44 3131.771
11 45 9752.779
11 46 3155.560
11 47 4617.737
11 48 5225.357
11 49 3936.980
11 50 7064.202
11 51 5318.573
11 52 5642.074
11 53 2379.956
11 54 6855.600
11 55 5184.793
11 56 10502.746
11 57 1777.474
11 58 3693.879
11 59 8696.169
11 60 3286.444
11 61 5959.990
11 62 3731.830
11 63 3851.032
11 64 6098.196
11 65 10468.227
11 66 8189.749
11 67 4109.466
11 68 9763.749
11 69 4838.304
11 70 6850.333
11 71 4816.580
11 72 3514.710
11 73 4251.925
11 74 3942.038
11 75 6321.017
11 76 2853.660
11 77 7453.693
11 78 6410.768
11 79 1810.779
11 80 4344.815
11 81 5547.699
11 82 4679.694
11 83 4453.829
11 84 5380.067
11 85 4189.333
11 86 2513.219
11 87 3231.721
11 88 5289.026
11 89 9844.333
11 90 5104.208
11 91 3442.011
11 92 5723.506
11 93 2219.516
11 94 8082.174
11 95 5320.555
11 96 5715.434
11 97 7684.406
11 98 4098.187
11 99 3664.175
11 100 4417.646
12 0 7981.146
12 1 2181.075
12 2 8553.356
12 3 2763.217
12 4 6520.131
12 5 7134.555
12 6 6525.273
12 7 8461.906
12 8 4701.500
12 9 762.338
12 10 9376.070
12 11 5152.829
12 12 0.000
12 13 8853.839
12 14 11606.735
12 15 8611.893
12 16 8722.628
12 17 5477.978
12 18 3706.874
12 19 4846.185
12 20 8118.486
12 21 15373.219
12 22 2433.900
12 23 11690.933
12 24 7815.424
12 25 12295.507
12 26 2582.093
12 27 8527.768
12 28 8028.300
12 29 8701.288
12 30 10339.465
12 31 4491.066
12 32 12357.030
12 33 7106.269
12 34 5235.179
12 35 2261.295
12 36 5871.062
12 37 4333.321
12 38 3605.343
12 39 13879.006
12 40 12799.626
12 41 5888.042
12 42 3974.796
12 43 10680.504
12 44 4231.379
12 45 14777.342
12 46 6171.020
12 47 7695.654
12 48 9427.923
12 49 7939.935
12 50 11956.289
12 51 9513.170
12 52 8313.895
12 53 4307.534
12 54 4451.363
12 55 7812.918
12 56 15169.608
12 57 6917.408
12 58 3166.737
12 59 13125.608
12 60 7742.824
12 61 9135.255
12 62 1653.541
12 63 7393.477
12 64 4053.087
12 65 14976.726
12 66 13298.613
12 67 2770.068
12 68 14544.713
12 69 9195.375
12 70 5373.173
12 71 1601.512
12 72 7992.196
12 73 2364.884
12 74 8924.745
12 75 6111.159
12 76 7709.764
12 77 10336.659
12 78 2768.279
12 79 4324.308
12 80 9167.276
12 81 9148.724
12 82 8113.751
12 83 5660.721
12 84 1596.804
12 85 6250.206
12 86 7135.059
12 87 2164.641
12 88 2610.823
12 89 14198.761
12 90 10119.514
12 91 1719.037
12 92 10845.728
12 93 5359.168
12 94 3594.540
12 95 9981.562
12 96 9097.947
12 97 3704.757
12 98 1679.829
12 99 3630.744
12 100 7845.184
13 0 8705.402
13 1 6851.428
13 2 1550.790
13 3 7803.591
13 4 4056.622
13 5 7851.697
13 6 5678.774
13 7 7699.318
13 8 9119.245
13 9 9614.408
13 10 8380.888
13 11 6562.102
13 12 8853.839
13 13 0.000
13 14 9776.091
13 15 11584.345
13 16 10008.241
13 17 8983.363
13 18 12160.949
13 19 5993.160
13 20 8630.902
13 21 14079.423
13 22 7063.426
13 23 8792.378
13 24 10015.002
13 25 9520.370
13 26 8664.433
13 27 6963.889
13 28 9656.146
13 29 10446.841
13 30 1505.062
13 31 10321.812
13 32 11688.686
13 33 2169.804
13 34 7414.514
13 35 10800.590
13 36 12151.128
13 37 10868.263
13 38 10595.458
13 39 12317.805
13 40 12225.445
13 41 8045.992
13 42 7130.714
13 43 7861.214
13 44 9452.726
13 45 12521.749
13 46 9683.734
13 47 10993.950
13 48 10780.577
13 49 3353.831
13 50 10926.497
13 51 3590.883
13 52 980.133
13 53 5026.065
13 54 12524.520
13 55 1379.302
13 56 14398.885
13 57 6324.594
13 58 5689.950
13 59 13326.350
13 60 9054.333
13 61 12155.533
13 62 8517.452
13 63 10145.000
13 64 11844.989
13 65 14716.489
13 66 10680.329
13 67 6101.025
13 68 13461.984
13 69 3925.438
13 70 12901.779
13 71 9670.348
13 72 4260.834
13 73 9629.389
13 74 8481.825
13 75 12703.986
13 76 5200.731
13 77 1643.408
13 78 11359.334
13 79 8191.047
13 80 9175.490
13 81 11555.709
13 82 2298.407
13 83 10969.243
13 84 10076.541
13 85 2701.858
13 86 4788.484
13 87 8309.560
13 88 10592.749
13 89 14448.405
13 90 9070.430
13 91 7909.029
13 92 8793.816
13 93 4446.439
13 94 12447.446
13 95 10195.110
13 96 1914.167
13 97 12488.879
13 98 7178.805
13 99 9721.839
13 100 10680.856
14 0 3806.184
14 1 9892.959
14 2 8227.895
14 3 8852.249
14 4 6783.200
14 5 4489.882
14 6 5583.494
14 7 3171.603
14 8 7500.441
14 9 12100.489
14 10 2232.311
14 11 6539.552
14 12 11606.735
14 13 9776.091
14 14 0.000
14 15 5684.540
14 16 3819.273
14 17 6632.157
14 18 12369.621
14 19 7051.063
14 20 3625.258
14 21 4373.257
14 22 9324.386
14 23 1391.732
14 24 4867.009
14 25 1209.622
14 26 9268.960
14 27 3372.280
14 28 4325.315
14 29 4269.942
14 30 9972.298
14 31 8704.940
14 32 2082.697
14 33 8381.543
14 34 6375.436
14 35 11854.312
14 36 9482.068
14 37 9477.135
14 38 9923.762
14 39 2614.807
14 40 2571.089
14 41 5813.975
14 42 7640.947
14 43 1946.667
14 44 8196.665
14 45 3223.482
14 46 6389.824
14 47 5995.551
14 48 3793.669
14 49 6561.827
14 50 1300.060
14 51 6316.147
14 52 8882.236
14 53 8455.670
14 54 11911.442
14 55 8745.899
14 56 4623.990
14 57 4936.371
14 58 10033.988
14 59 3864.752
14 60 4242.854
14 61 5857.159
14 62 10045.544
14 63 5456.665
14 64 11204.467
14 65 4970.976
14 66 1744.089
14 67 10519.181
14 68 3697.635
14 69 5880.344
14 70 11307.324
14 71 10924.924
14 72 5692.990
14 73 10140.027
14 74 2702.452
14 75 10038.786
14 76 5030.459
14 77 9494.781
14 78 12216.884
14 79 7427.074
14 80 2672.539
14 81 5051.346
14 82 7553.079
14 83 8179.410
14 84 11483.598
14 85 8925.459
14 86 5706.153
14 87 9514.409
14 88 11018.838
14 89 4858.734
14 90 1514.988
14 91 9890.930
14 92 997.028
14 93 7618.936
14 94 14042.314
14 95 2496.474
14 96 7935.508
14 97 13421.757
14 98 10635.565
14 99 9001.971
14 100 5485.720
15 0 3095.906
15 1 7854.844
15 2 10217.140
15 3 6190.139
15 4 7545.494
15 5 3756.954
15 6 5905.613
15 7 4470.855
15 8 3951.222
15 9 8789.040
15 10 4479.873
15 11 5359.334
15 12 8611.893
15 13 11584.345
15 14 5684.540
15 15 0.000
15 16 2066.214
15 17 3341.241
15 18 7809.520
15 19 6076.036
15 20 3248.193
15 21 7699.718
15 22 7142.515
15 23 6745.413
15 24 1578.351
15 25 6870.708
15 26 6048.006
15 27 5282.061
15 28 2040.846
15 29 1519.654
15 30 12457.245
15 31 4343.465
15 32 5021.467
15 33 9512.450
15 34 4556.086
15 35 7840.308
15 36 4255.459
15 37 4910.959
15 38 5599.102
15 39 6733.636
15 40 5238.949
15 41 3736.817
15 42 5598.212
15 43 6396.040
15 44 4383.752
15 45 7915.707
15 46 2524.747
15 47 916.469
15 48 1895.223
15 49 8407.716
15 50 5099.979
15 51 9219.800
15 52 10610.719
15 53 7691.247
15 54 7071.535
15 55 10226.851
15 56 7222.168
15 57 5284.195
15 58 8705.771
15 59 4984.288
15 60 2613.145
15 61 601.762
15 62 6990.121
15 63 1508.722
15 64 6504.735
15 65 6795.622
15 66 7245.145
15 67 8972.149
15 68 6894.306
15 69 8655.694
15 70 6167.565
15 71 7324.553
15 72 7605.081
15 73 6421.517
15 74 3971.144
15 75 4703.150
15 76 6602.630
15 77 12106.030
15 78 8006.273
15 79 4617.587
15 80 3420.976
15 81 734.676
15 82 9402.439
15 83 3323.977
15 84 7773.026
15 85 9485.388
15 86 6839.843
15 87 6539.351
15 88 6921.346
15 89 5882.092
15 90 4528.117
15 91 7196.983
15 92 5666.003
15 93 7538.038
15 94 9807.977
15 95 3188.444
15 96 10284.602
15 97 8991.593
15 98 8459.247
15 99 5067.154
15 100 941.745
16 0 1306.682
16 1 7476.523
16 2 8558.717
16 3 6024.444
16 4 6085.658
16 5 2268.508
16 6 4433.783
16 7 2504.700
16 8 4133.401
16 9 9067.140
16 10 2414.149
16 11 4399.703
16 12 8722.628
16 13 10008.241
16 14 3819.273
16 15 2066.214
16 16 0.000
16 17 3280.242
16 18 8786.054
16 19 5107.979
16 20 1381.232
16 21 6719.507
16 22 6794.508
16 23 4746.056
16 24 1086.066
16 25 4952.857
16 26 6175.879
16 27 3329.921
16 28 694.747
16 29 550.471
16 30 10739.252
16 31 5103.278
16 32 3745.076
16 33 8050.535
16 34 3792.431
16 35 8483.198
16 36 5679.007
16 37 5834.363
16 38 6377.340
16 39 5405.297
16 40 4129.859
16 41 2967.457
16 42 5071.831
16 43 4334.778
16 44 4772.603
16 45 6485.503
16 46 2778.599
16 47 2186.093
16 48 831.167
16 49 6712.459
16 50 3548.185
16 51 7342.164
16 52 9028.212
16 53 6765.081
16 54 8225.485
16 55 8696.100
16 56 6454.399
16 57 3719.587
16 58 8058.611
16 59 4423.159
16 60 1113.294
16 61 2456.399
16 62 7073.005
16 63 1675.203
16 64 7554.271
16 65 6262.620
16 66 5495.938
16 67 8427.489
16 68 5885.418
16 69 6781.875
16 70 7533.921
16 71 7716.899
16 72 5851.794
16 73 6850.879
16 74 1920.364
16 75 6225.701
16 76 4854.612
16 77 10353.976
16 78 8769.106
16 79 4406.323
16 80 1357.959
16 81 1679.497
16 82 7749.174
16 83 4422.474
16 84 8240.259
16 85 8191.277
16 86 5221.619
16 87 6558.327
16 88 7592.229
16 89 5534.458
16 90 2513.249
16 91 7102.413
16 92 3653.549
16 93 6349.919
16 94 10612.824
16 95 1432.174
16 96 8546.609
16 97 9902.666
16 98 8170.724
16 99 5572.510
16 100 1670.697
17 0 2826.225
17 1 4516.193
17 2 7821.652
17 3 2882.618
17 4 4989.183
17 5 2385.501
17 6 3608.291
17 7 3856.157
17 8 875.752
17 9 5791.034
17 10 4544.504
17 11 2422.249
17 12 5477.978
17 13 8983.363
17 14 6632.157
17 15 3341.241
17 16 3280.242
17 17 0.000
17 18 5749.890
17 19 3047.904
17 20 3011.179
17 21 9993.710
17 22 3804.321
17 23 7121.873
17 24 2337.508
17 25 7565.884
17 26 2907.621
17 27 4348.930
17 28 2588.549
17 29 3223.630
17 30 10091.686
17 31 2161.069
17 32 6998.736
17 33 6819.861
17 34 1570.056
17 35 5259.191
17 36 3540.165
17 37 2952.446
17 38 3304.530
17 39 8611.086
17 40 7404.582
17 41 1165.122
17 42 2295.016
17 43 6318.350
17 44 1564.883
17 45 9620.455
17 46 835.682
17 47 2466.211
17 48 3952.891
17 49 6210.111
17 50 6702.616
17 51 7432.937
17 52 8057.615
17 53 4521.316
17 54 5381.946
17 55 7605.284
17 56 9731.544
17 57 3323.244
17 58 5385.678
17 59 7651.940
17 60 2427.070
17 61 3926.613
17 62 3824.508
17 63 1949.922
17 64 4642.503
17 65 9506.057
17 66 8376.245
17 67 5634.083
17 68 9160.000
17 69 6902.767
17 70 5016.712
17 71 4440.239
17 72 5624.120
17 73 3586.299
17 74 3983.523
17 75 4152.599
17 76 4750.732
17 77 9827.197
17 78 5593.582
17 79 1277.834
17 80 3985.963
17 81 3755.880
17 82 7043.024
17 83 2157.002
17 84 4970.876
17 85 6576.591
17 86 4658.056
17 87 3326.260
17 88 4397.938
17 89 8720.806
17 90 5123.975
17 91 3929.903
17 92 6094.369
17 93 4614.383
17 94 7428.968
17 95 4625.717
17 96 8053.707
17 97 6789.648
17 98 5136.930
17 99 2372.322
17 100 2460.379
18 0 8570.095
18 1 5329.483
18 2 11580.802
18 3 4586.714
18 4 9084.458
18 5 8070.056
18 6 8456.856
18 7 9552.926
18 8 4901.002
18 9 3121.681
18 10 10290.654
18 11 6890.971
18 12 3706.874
18 13 12160.949
18 14 12369.621
18 15 7809.520
18 16 8786.054
18 17 5749.890
18 18 0.000
18 19 6968.160
18 20 8758.557
18 21 15399.691
18 22 5116.346
18 23 12855.858
18 24 7708.943
18 25 13315.198
18 26 3755.210
18 27 9923.883
18 28 8148.699
18 29 8537.351
18 30 13591.124
18 31 3686.696
18 32 12507.015
18 33 10193.671
18 34 6487.979
18 35 1450.133
18 36 3767.418
18 37 2959.596
18 38 2446.681
18 39 14188.719
18 40 12840.244
18 41 6721.855
18 42 5718.588
18 43 12003.145
18 44 4198.980
18 45 15265.725
18 46 6023.211
18 47 7002.966
18 48 9255.684
18 49 10552.289
18 50 12327.164
18 51 12069.494
18 52 11484.046
18 53 7213.206
18 54 1030.472
18 55 10971.446
18 56 14995.552
18 57 8546.580
18 58 6578.693
18 59 12777.634
18 60 8131.603
18 61 8160.936
18 62 3652.478
18 63 7139.546
18 64 1314.059
18 65 14603.224
18 66 14112.426
18 67 6307.636
18 68 14572.892
18 69 11642.379
18 70 2258.976
18 71 2494.298
18 72 10330.995
18 73 2678.936
18 74 9733.161
18 75 3629.719
18 76 9744.425
18 77 13509.674
18 78 954.542
18 79 5248.182
18 80 9704.731
18 81 8506.748
18 82 10995.668
18 83 4497.772
18 84 2164.678
18 85 9466.333
18 86 9349.662
18 87 3941.359
18 88 1632.219
18 89 13689.772
18 90 10868.101
18 91 4253.116
18 92 11841.610
18 93 8082.316
18 94 2100.742
18 95 10211.026
18 96 12043.233
18 97 1197.734
18 98 5164.326
18 99 3418.782
18 100 7370.777
19 0 3948.116
19 1 2881.427
19 2 4966.221
19 3 2418.253
19 4 2197.185
19 5 2927.096
19 6 1679.102
19 7 3894.377
19 8 3128.092
19 9 5483.322
19 10 4854.535
19 11 724.146
19 12 4846.185
19 13 5993.160
19 14 7051.063
19 15 6076.036
19 16 5107.979
19 17 3047.904
19 18 6968.160
19 19 0.000
19 20 4002.802
19 21 11165.151
19 22 2418.015
19 23 6935.321
19 24 4648.657
19 25 7584.042
19 26 3213.778
19 27 3774.421
19 28 4518.954
19 29 5355.166
19 30 7195.398
19 31 4393.911
19 32 8205.516
19 33 3823.692
19 34 1537.595
19 35 5888.941
19 36 6187.653
19 37 5022.943
19 38 4913.278
19 39 9523.070
19 40 8710.917
19 41 2339.877
19 42 1277.554
19 43 5891.576
19 44 3513.777
19 45 10274.011
19 46 3819.689
19 47 5320.615
19 48 5936.001
19 49 3628.481
19 50 7653.371
19 51 5108.307
19 52 5103.236
19 53 1659.906
19 54 7038.569
19 55 4626.561
19 56 11131.314
19 57 2143.816
19 58 3044.501
19 59 9368.345
19 60 3995.127
19 61 6677.224
19 62 3578.866
19 63 4567.318
19 64 6293.626
19 65 11123.344
19 66 8657.376
19 67 3492.804
19 68 10370.294
19 69 4674.254
19 70 7153.784
19 71 4736.199
19 72 3366.500
19 73 4291.367
19 74 4528.899
19 75 6759.028
19 76 2895.352
19 77 6985.348
19 78 6401.356
19 79 2212.691
19 80 4980.562
19 81 6271.683
19 82 4249.343
19 83 4976.210
19 84 5283.640
19 85 3528.691
19 86 2402.294
19 87 3127.182
19 88 5340.405
19 89 10520.934
19 90 5659.635
19 91 3185.831
19 92 6189.841
19 93 1570.590
19 94 7986.030
19 95 5979.944
19 96 5303.972
19 97 7668.799
19 98 3621.334
19 99 3926.426
19 100 5134.328
20 0 203.741
20 1 6615.725
20 2 7177.570
20 3 5357.456
20 4 4740.738
20 5 1078.297
20 6 3106.089
20 7 1234.962
20 8 3876.143
20 9 8558.859
20 10 1581.446
20 11 3340.456
20 12 8118.486
20 13 8630.902
20 14 3625.258
20 15 3248.193
20 16 1381.232
20 17 3011.179
20 18 8758.557
20 19 4002.802
20 20 0.000
20 21 7290.772
20 22 5976.471
20 23 4169.190
20 24 1775.495
20 25 4566.661
20 26 5689.024
20 27 2034.745
20 28 1218.187
20 29 1862.703
20 30 9360.617
20 31 5119.303
20 32 4281.859
20 33 6694.436
20 34 2922.528
20 35 8232.734
20 36 6110.599
20 37 5902.988
20 38 6311.973
20 39 5760.520
20 40 4761.338
20 41 2237.208
20 42 4237.629
20 43 3493.052
20 44 4573.970
20 45 6688.403
20 46 2864.092
20 47 3044.817
20 48 2157.005
20 49 5331.259
20 50 3838.070
20 51 5998.834
20 52 7651.114
20 53 5625.996
20 54 8344.889
20 55 7325.764
20 56 7177.358
20 57 2373.640
20 58 7032.556
20 59 5365.997
20 60 760.371
20 61 3730.395
20 62 6510.285
20 63 2242.683
20 64 7621.619
20 65 7127.797
20 66 5368.688
20 67 7447.994
20 68 6472.707
20 69 5435.973
20 70 7837.545
20 71 7327.093
20 72 4473.083
20 73 6524.333
20 74 998.087
20 75 6703.649
20 76 3474.277
20 77 8978.946
20 78 8591.639
20 79 3844.335
20 80 1049.394
20 81 3011.515
20 82 6368.335
20 83 4732.865
20 84 7880.449
20 85 6879.555
20 86 3847.680
20 87 5979.612
20 88 7393.624
20 89 6520.313
20 90 2113.596
20 91 6426.678
20 92 3108.662
20 93 5098.278
20 94 10418.240
20 95 1980.191
20 96 7168.750
20 97 9798.737
20 98 7341.440
20 99 5377.764
20 100 2556.138
21 0 7409.704
21 1 13895.647
21 2 12541.049
21 3 12625.874
21 4 11136.483
21 5 8338.300
21 6 9839.816
21 7 7305.990
21 8 10852.378
21 9 15761.509
21 10 6352.780
21 11 10567.748
21 12 15373.219
21 13 14079.423
21 14 4373.257
21 15 7699.718
21 16 6719.507
21 17 9993.710
21 18 15399.691
21 19 11165.151
21 20 7290.772
21 21 0.000
21 22 13265.853
21 23 5305.587
21 24 7746.635
21 25 4605.274
21 26 12867.095
21 27 7678.334
21 28 7406.474
21 29 6882.118
21 30 14142.148
21 31 11758.540
21 32 3016.733
21 33 12753.385
21 34 10213.267
21 35 15193.118
21 36 11954.595
21 37 12443.424
21 38 13044.699
21 39 1766.986
21 40 2589.720
21 41 9492.684
21 42 11528.278
21 43 6224.424
21 44 11489.278
21 45 1934.216
21 46 9476.644
21 47 8419.216
21 48 6151.915
21 49 10923.077
21 50 3513.083
21 51 10542.496
21 52 13212.116
21 53 12677.474
21 54 14734.605
21 55 13099.529
21 56 879.270
21 57 9143.107
21 58 14203.187
21 59 2840.625
21 60 7633.089
21 61 7511.874
21 62 13739.083
21 63 8286.678
21 64 14122.287
21 65 1736.780
21 66 3536.665
21 67 14657.315
21 68 834.101
21 69 10156.258
21 70 13866.955
21 71 14433.732
21 72 10062.921
21 73 13570.366
21 74 6636.332
21 75 12395.046
21 76 9394.394
21 77 13648.762
21 78 15457.857
21 79 11053.649
21 80 6247.618
21 81 6968.884
21 82 11896.295
21 83 10917.474
21 84 14959.548
21 85 13293.413
21 86 10060.341
21 87 13214.323
21 88 14294.067
21 89 2570.824
21 90 5535.545
21 91 13702.099
21 92 5369.187
21 93 11912.869
21 94 17298.381
21 95 5393.003
21 96 12202.386
21 97 16550.350
21 98 14626.437
21 99 12284.759
21 100 8029.389
22 0 5866.783
22 1 712.397
22 2 6478.767
22 3 1047.313
22 4 4167.086
22 5 4931.905
22 6 4096.155
22 7 6154.892
22 8 3279.088
22 9 3101.583
22 10 7095.285
22 11 2792.310
22 12 2433.900
22 13 7063.426
22 14 9324.386
22 15 7142.515
22 16 6794.508
22 17 3804.321
22 18 5116.346
22 19 2418.015
22 20 5976.471
22 21 13265.853
22 22 0.000
22 23 9316.299
22 24 6037.197
22 25 9943.317
22 26 1737.200
22 27 6147.420
22 28 6119.504
22 29 6883.708
22 30 8478.196
22 31 3841.451
22 32 10258.211
22 33 5078.790
22 34 3057.384
22 35 3820.961
22 36 5641.427
22 37 4134.086
22 38 3677.680
22 39 11696.829
22 40 10732.171
22 41 3834.124
22 42 1741.613
22 43 8287.976
22 44 3156.467
22 45 12529.574
22 46 4619.542
22 47 6252.917
22 48 7570.138
22 49 5621.355
22 50 9787.638
22 51 7187.253
22 52 6367.832
22 53 2104.278
22 54 5468.788
22 55 5855.214
22 56 13140.176
22 57 4522.217
22 58 1825.427
22 59 11209.940
22 60 5729.349
22 61 7721.837
22 62 1464.152
22 63 5735.505
22 64 4811.923
22 65 13031.736
22 66 10981.950
22 67 1903.719
22 68 12449.132
22 69 6833.006
22 70 5955.605
22 71 2653.393
22 72 5594.601
22 73 2580.957
22 74 6689.488
22 75 6088.042
22 76 5276.690
22 77 8393.587
22 78 4373.190
22 79 2526.490
22 80 7018.322
22 81 7548.164
22 82 5932.976
22 83 4861.960
22 84 3129.077
22 85 4362.221
22 86 4711.722
22 87 1276.296
22 88 3529.908
22 89 12328.878
22 90 7870.042
22 91 889.753
22 92 8515.780
22 93 3054.369
22 94 5753.170
22 95 7921.142
22 96 6964.969
22 97 5584.087
22 98 1376.726
22 99 3021.254
22 100 6262.212
23 0 4370.464
23 1 9816.744
23 2 7265.390
23 3 8991.751
23 4 6238.281
23 5 4793.172
23 6 5323.279
23 7 3320.471
23 8 7955.721
23 9 12248.867
23 10 2590.458
23 11 6539.465
23 12 11690.933
23 13 8792.378
23 14 1391.732
23 15 6745.413
23 16 4746.056
23 17 7121.873
23 18 12855.858
23 19 6935.321
23 20 4169.190
23 21 5305.587
23 22 9316.299
23 23 0.000
23 24 5702.118
23 25 743.272
23 26 9518.059
23 27 3168.879
23 28 5121.837
23 29 5255.996
23 30 8843.547
23 31 9266.714
23 32 3440.178
23 33 7616.834
23 34 6558.383
23 35 12197.544
23 36 10254.596
23 37 10055.300
23 38 10418.896
23 39 3564.047
23 40 3895.342
23 41 6150.246
23 42 7728.732
23 43 1081.891
23 44 8657.395
23 45 3761.218
23 46 7032.865
23 47 6920.343
23 48 4902.945
23 49 5743.776
23 50 2675.627
23 51 5238.133
23 52 7950.276
23 53 8157.945
23 54 12495.597
23 55 7877.700
23 56 5712.479
23 57 4797.242
23 58 9776.658
23 59 5223.095
23 60 4890.280
23 61 6994.328
23 62 10211.843
23 63 6268.117
23 64 11762.449
23 65 6171.248
23 66 1927.024
23 67 10291.065
23 68 4751.124
23 69 4867.363
23 70 12005.962
23 71 11190.137
23 72 4946.302
23 73 10468.382
23 74 3171.111
23 75 10836.924
23 76 4487.534
23 77 8353.345
23 78 12604.592
23 79 7718.751
23 80 3432.363
23 81 6173.531
23 82 6661.036
23 83 8893.658
23 84 11757.190
23 85 8269.015
23 86 5188.470
23 87 9689.112
23 88 11411.821
23 89 6166.762
23 90 2232.849
23 91 9975.857
23 92 1095.515
23 93 7216.216
23 94 14394.546
23 95 3611.880
23 96 6903.367
23 97 13845.359
23 98 10556.020
23 99 9441.585
23 100 6401.156
24 0 1596.362
24 1 6738.563
24 2 8639.749
24 3 5185.866
24 4 5986.619
24 5 2178.648
24 6 4338.442
24 7 3008.617
24 8 3148.892
24 9 8113.999
24 10 3216.346
24 11 3924.537
24 12 7815.424
24 13 10015.002
24 14 4867.009
24 15 1578.351
24 16 1086.066
24 17 2337.508
24 18 7708.943
24 19 4648.657
24 20 1775.495
24 21 7746.635
24 22 6037.197
24 23 5702.118
24 24 0.000
24 25 5968.637
24 26 5241.924
24 27 3791.381
24 28 589.776
24 29 889.096
24 30 10878.901
24 31 4031.806
24 32 4803.650
24 33 7958.461
24 34 3186.191
24 35 7447.126
24 36 4615.181
24 37 4753.710
24 38 5311.844
24 39 6479.804
24 40 5162.749
24 41 2336.187
24 42 4370.419
24 43 5171.836
24 44 3753.478
24 45 7569.640
24 46 1730.704
24 47 1274.247
24 48 1625.425
24 49 6829.457
24 50 4633.390
24 51 7666.616
24 52 9039.735
24 53 6297.360
24 54 7139.635
24 55 8662.317
24 56 7433.065
24 57 3706.748
24 58 7449.397
24 59 5320.621
24 60 1064.764
24 61 2140.534
24 62 6161.995
24 63 592.474
24 64 6470.812
24 65 7176.928
24 66 6564.481
24 67 7771.235
24 68 6913.436
24 69 7102.703
24 70 6455.701
24 71 6727.393
24 72 6030.693
24 73 5846.816
24 74 2650.241
24 75 5173.964
24 76 5029.591
24 77 10528.627
24 78 7715.363
24 79 3555.093
24 80 2270.583
24 81 1624.331
24 82 7824.949
24 83 3338.571
24 84 7237.075
24 85 7971.311
24 86 5262.218
24 87 5662.275
24 88 6547.561
24 89 6383.338
24 90 3485.642
24 91 6250.367
24 92 4607.390
24 93 6046.429
24 94 9557.962
24 95 2518.195
24 96 8707.061
24 97 8833.509
24 98 7401.077
24 99 4541.381
24 100 781.284
25 0 4761.474
25 1 10463.055
25 2 7998.048
25 3 9573.664
25 4 6965.910
25 5 5296.149
25 6 5998.916
25 7 3857.192
25 8 8417.658
25 9 12834.207
25 10 3028.545
25 11 7155.241
25 12 12295.507
25 13 9520.370
25 14 1209.622
25 15 6870.708
25 16 4952.857
25 17 7565.884
25 18 13315.198
25 19 7584.042
25 20 4566.661
25 21 4605.274
25 22 9943.317
25 23 743.272
25 24 5968.637
25 25 0.000
25 26 10064.273
25 27 3809.761
25 28 5405.968
25 29 5428.508
25 30 9537.203
25 31 9685.915
25 32 3021.193
25 33 8360.059
25 34 7117.014
25 35 12714.198
25 36 10570.056
25 37 10468.744
25 38 10870.414
25 39 2889.075
25 40 3419.207
25 41 6651.400
25 42 8323.121
25 43 1806.608
25 44 9119.318
25 45 3019.393
25 46 7406.448
25 47 7138.591
25 48 4986.851
25 49 6486.980
25 50 2320.425
25 51 5954.743
25 52 8685.761
25 53 8850.933
25 54 12910.331
25 55 8618.383
25 56 5056.892
25 57 5440.401
25 58 10464.560
25 59 4773.682
25 60 5248.308
25 61 7059.905
25 62 10787.881
25 63 6550.777
25 64 12188.278
25 65 5565.023
25 66 1183.826
25 67 10973.716
25 68 4091.485
25 69 5597.424
25 70 12363.567
25 71 11734.072
25 72 5688.103
25 73 10987.693
25 74 3582.434
25 75 11139.002
25 76 5209.759
25 77 9043.501
25 78 13104.469
25 79 8244.133
25 80 3715.618
25 81 6250.353
25 82 7401.033
25 83 9237.523
25 84 12299.062
25 85 9008.834
25 86 5909.902
25 87 10261.239
25 88 11907.758
25 89 5642.420
25 90 2497.265
25 91 10577.179
25 92 1480.172
25 93 7925.924
25 94 14910.505
25 95 3684.549
25 96 7625.553
25 97 14332.301
25 98 11204.489
25 99 9914.473
25 100 6623.470
26 0 5533.808
26 1 2300.352
26 2 7925.973
26 3 868.104
26 4 5340.754
26 5 4784.768
26 6 4746.415
26 7 6209.061
26 8 2119.717
26 9 2894.562
26 10 7065.469
26 11 3192.834
26 12 2582.093
26 13 8664.433
26 14 9268.960
26 15 6048.006
26 16 6175.879
26 17 2907.621
26 18 3755.210
26 19 3213.778
26 20 5689.024
26 21 12867.095
26 22 1737.200
26 23 9518.059
26 24 5241.924
26 25 10064.273
26 26 0.000
26 27 6428.542
26 28 5481.371
26 29 6129.780
26 30 10030.043
26 31 2196.916
26 32 9857.746
26 33 6593.161
26 34 2961.881
26 35 2738.486
26 36 3933.286
26 37 2402.307
26 38 1955.673
26 39 11425.605
26 40 10282.757
26 41 3459.023
26 42 1980.685
26 43 8573.505
26 44 1702.121
26 45 12377.423
26 46 3589.191
26 47 5131.780
26 48 6860.411
26 49 6804.867
26 50 9503.635
26 51 8314.884
26 52 7903.431
26 53 3638.396
26 54 3902.954
26 55 7394.047
26 56 12630.235
26 57 4926.366
26 58 3547.353
26 59 10559.463
26 60 5240.035
26 61 6584.860
26 62 942.131
26 63 4811.673
26 64 3192.474
26 65 12413.666
26 66 10994.940
26 67 3538.489
26 68 12035.086
26 69 7887.901
26 70 4255.409
26 71 1672.097
26 72 6578.952
26 73 1077.644
26 74 6566.517
26 75 4358.761
26 76 6028.767
26 77 9901.140
26 78 3218.647
26 79 1845.428
26 80 6726.399
26 81 6569.951
26 82 7296.594
26 83 3309.480
26 84 2239.502
26 85 5971.892
26 86 5603.369
26 87 554.451
26 88 2126.666
26 89 11623.770
26 90 7758.812
26 91 1268.985
26 92 8588.797
26 93 4388.965
26 94 4912.206
26 95 7477.281
26 96 8352.513
26 97 4492.252
26 98 2650.170
26 99 1326.175
26 100 5265.178
27 0 2198.314
27 1 6654.408
27 2 5442.791
27 3 5851.828
27 4 3478.979
27 5 1988.493
27 6 2219.159
27 7 825.258
27 8 5093.500
27 9 9099.122
27 10 1439.556
27 11 3374.962
27 12 8527.768
27 13 6963.889
27 14 3372.280
27 15 5282.061
27 16 3329.921
27 17 4348.930
27 18 9923.883
27 19 3774.421
27 20 2034.745
27 21 7678.334
27 22 6147.420
27 23 3168.879
27 24 3791.381
27 25 3809.761
27 26 6428.542
27 27 0.000
27 28 3251.160
27 29 3856.080
27 30 7521.266
27 31 6496.552
27 32 4911.742
27 33 5250.931
27 34 3475.915
27 35 9146.659
27 36 7793.441
27 37 7283.792
27 38 7533.440
27 39 5953.212
27 40 5450.932
27 41 3237.385
27 42 4578.998
27 43 2157.849
27 44 5776.455
27 45 6576.885
27 46 4518.660
27 47 5042.206
27 48 3984.666
27 49 3610.356
27 50 4222.634
27 51 4023.950
27 52 6001.277
27 53 5093.056
27 54 9681.243
27 55 5755.556
27 56 7796.593
27 57 1631.314
27 58 6687.498
27 59 6424.053
27 60 2732.641
27 61 5752.076
27 62 7075.358
27 63 4199.674
27 64 8927.133
27 65 7963.640
27 66 4898.280
27 67 7185.659
27 68 6937.841
27 69 3468.558
27 70 9364.970
27 71 8095.843
27 72 2703.318
27 73 7422.873
27 74 1541.887
27 75 8403.835
27 76 1810.342
27 77 7107.854
27 78 9584.497
27 79 4691.038
27 80 2247.124
27 81 5005.192
27 82 4665.484
27 83 6384.084
27 84 8663.987
27 85 5666.374
27 86 2415.162
27 87 6559.057
27 88 8407.926
27 89 7571.015
27 90 2208.681
27 91 6815.919
27 92 2445.153
27 93 4248.822
27 94 11335.998
27 95 3236.108
27 96 5335.027
27 97 10845.257
27 98 7395.355
27 99 6515.269
27 100 4571.579
28 0 1056.294
28 1 6806.581
28 2 8246.879
28 3 5334.930
28 4 5666.354
28 5 1811.617
28 6 4007.255
28 7 2452.037
28 8 3446.468
28 9 8373.093
28 10 2626.570
28 11 3800.773
28 12 8028.300
28 13 9656.146
28 14 4325.315
28 15 2040.846
28 16 694.747
28 17 2588.549
28 18 8148.699
28 19 4518.954
28 20 1218.187
28 21 7406.474
28 22 6119.504
28 23 5121.837
28 24 589.776
28 25 5405.968
28 26 5481.371
28 27 3251.160
28 28 0.000
28 29 840.570
28 30 10465.672
28 31 4462.023
28 32 4420.426
28 33 7640.875
28 34 3146.182
28 35 7808.153
28 36 5165.130
28 37 5208.817
28 38 5726.006
28 39 6061.832
28 40 4816.908
28 41 2307.373
28 42 4406.192
28 43 4582.064
28 44 4094.417
28 45 7117.723
28 46 2126.216
28 47 1858.955
28 48 1454.793
28 49 6417.520
28 50 4179.962
28 51 7181.197
28 52 8677.222
28 53 6178.803
28 54 7621.293
28 55 8319.265
28 56 7148.865
28 57 3331.692
28 58 7425.043
28 59 5111.105
28 60 601.841
28 61 2551.312
28 62 6378.395
28 63 1147.622
28 64 6935.101
28 65 6954.136
28 66 6039.652
28 67 7780.062
28 68 6572.555
28 69 6617.186
28 70 6982.307
28 71 7027.526
28 72 5591.912
28 73 6165.268
28 74 2061.484
28 75 5733.325
28 76 4587.665
28 77 10101.310
28 78 8104.634
28 79 3713.939
28 80 1695.253
28 81 1899.564
28 82 7432.524
28 83 3855.169
28 84 7553.632
28 85 7716.943
28 86 4875.558
28 87 5864.152
28 88 6922.532
28 89 6214.445
28 90 2914.618
28 91 6412.012
28 92 4028.320
28 93 5831.260
28 94 9948.189
28 95 2068.520
28 96 8282.461
28 97 9252.302
28 98 7494.509
28 99 4897.967
28 100 1353.624
29 0 1753.811
29 1 7579.315
29 2 9016.699
29 3 6056.062
29 4 6481.988
29 5 2629.657
29 6 4823.119
29 7 3032.318
29 8 4037.764
29 9 9003.093
29 10 2963.439
29 11 4635.231
29 12 8701.288
29 13 10446.841
29 14 4269.942
29 15 1519.654
29 16 550.471
29 17 3223.630
29 18 8537.351
29 19 5355.166
29 20 1862.703
29 21 6882.118
29 22 6883.708
29 23 5255.996
29 24 889.096
29 25 5428.508
29 26 6129.780
29 27 3856.080
29 28 840.570
29 29 0.000
29 30 11215.422
29 31 4877.932
29 32 3973.205
29 33 8454.563
29 34 3958.018
29 35 8319.816
29 36 5298.136
29 37 5577.773
29 38 6163.252
29 39 5669.884
29 40 4306.746
29 41 3110.762
29 42 5191.544
29 43 4876.785
29 44 4636.570
29 45 6790.743
29 46 2609.147
29 47 1734.697
29 48 738.650
29 49 7176.553
29 50 3873.812
29 51 7855.300
29 52 9466.897
29 53 7014.605
29 54 7928.313
29 55 9120.316
29 56 6550.473
29 57 4130.605
29 58 8238.661
29 59 4431.567
29 60 1418.466
29 61 1909.575
29 62 7047.749
29 63 1404.640
29 64 7280.168
29 65 6287.834
29 66 5908.264
29 67 8581.482
29 68 6050.501
29 69 7293.416
29 70 7179.183
29 71 7614.439
29 72 6329.548
29 73 6731.727
29 74 2469.666
29 75 5824.816
29 76 5327.672
29 77 10838.417
29 78 8575.916
29 79 4425.303
29 80 1901.327
29 81 1151.256
29 82 8204.267
29 83 4102.413
29 84 8121.537
29 85 8549.847
29 86 5659.036
29 87 6545.516
29 88 7415.940
29 89 5498.358
29 90 3027.249
29 91 7125.177
29 92 4168.320
29 93 6670.621
29 94 10416.273
29 95 1803.077
29 96 9025.438
29 97 9675.692
29 98 8253.586
29 99 5419.213
29 100 1241.818
30 0 9461.742
30 1 8306.552
30 2 2274.282
30 3 9163.372
30 4 5102.508
30 5 8700.485
30 6 6612.890
30 7 8312.431
30 8 10313.902
30 9 11101.058
30 10 8870.496
30 11 7696.872
30 12 10339.465
30 13 1505.062
30 14 9972.298
30 15 12457.245
30 16 10739.252
30 17 10091.686
30 18 13591.124
30 19 7195.398
30 20 9360.617
30 21 14142.148
30 22 8478.196
30 23 8843.547
30 24 10878.901
30 25 9537.203
30 26 10030.043
30 27 7521.266
30 28 10465.672
30 29 11215.422
30 30 0.000
30 31 11578.498
30 32 11979.843
30 33 3439.885
30 34 8526.363
30 35 12249.725
30 36 13383.046
30 37 12164.244
30 38 11937.229
30 39 12407.576
30 40 12504.413
30 41 9079.830
30 42 8394.808
30 43 8025.772
30 44 10700.969
30 45 12464.710
30 46 10739.807
30 47 11941.432
30 48 11467.780
30 49 4050.153
30 50 11197.002
30 51 3663.348
30 52 2127.468
30 53 6403.653
30 54 13915.789
30 55 2636.004
30 56 14545.795
30 57 7177.483
30 58 7172.904
30 59 13688.611
30 60 9868.187
30 61 13006.569
30 62 9939.877
30 63 11074.349
30 64 13221.182
30 65 14942.900
30 66 10649.020
30 67 7595.582
30 68 13589.242
30 69 4146.670
30 70 14236.876
30 71 11107.855
30 72 4887.584
30 73 11022.602
30 74 9063.152
30 75 13952.133
30 76 5887.810
30 77 505.303
30 78 12808.236
30 79 9408.084
30 80 9768.282
30 81 12352.140
30 82 3075.446
30 83 12147.390
30 84 11529.485
30 85 4129.866
30 86 5623.930
30 87 9703.850
30 88 12005.685
30 89 14773.231
30 90 9480.903
30 91 9338.940
30 92 9029.458
30 93 5707.012
30 94 13934.000
30 95 10739.148
30 96 2193.597
30 97 13954.741
30 98 8661.476
30 99 11028.638
30 100 11586.606
31 0 4924.857
31 1 4470.274
31 2 9359.916
31 3 2809.874
31 4 6569.991
31 5 4545.718
31 6 5468.545
31 7 6016.782
31 8 1435.432
31 9 4533.077
31 10 6680.349
31 11 4003.668
31 12 4491.066
31 13 10321.812
31 14 8704.940
31 15 4343.465
31 16 5103.278
31 17 2161.069
31 18 3686.696
31 19 4393.911
31 20 5119.303
31 21 11758.540
31 22 3841.451
31 23 9266.714
31 24 4031.806
31 25 9685.915
31 26 2196.916
31 27 6496.552
31 28 4462.023
31 29 4877.932
31 30 11578.498
31 31 0.000
31 32 8835.247
31 33 8168.603
31 34 3321.940
31 35 3501.391
31 36 1850.629
31 37 791.476
31 38 1287.057
31 39 10508.308
31 40 9184.328
31 41 3266.536
31 42 3191.661
31 43 8478.599
31 44 880.413
31 45 11579.344
31 46 2336.657
31 47 3462.931
31 48 5606.710
31 49 7939.728
31 50 8640.956
31 51 9301.681
31 52 9469.619
31 53 5405.301
31 54 3228.901
31 55 8979.156
31 56 11395.322
31 57 5339.356
31 58 5664.674
31 59 9209.735
31 60 4462.086
31 61 4796.841
31 62 3035.029
31 63 3473.720
31 64 2502.744
31 65 11057.317
31 66 10444.409
31 67 5711.248
31 68 10927.746
31 69 8801.394
31 70 2904.052
31 71 3043.547
31 72 7485.876
31 73 2156.050
31 74 6109.067
31 75 2382.527
31 76 6706.967
31 77 11378.469
31 78 3708.015
31 79 2199.836
31 80 6033.939
31 81 4984.176
31 82 8637.845
31 83 1169.687
31 84 3448.774
31 85 7708.906
31 86 6487.140
31 87 2750.680
31 88 2582.980
31 89 10183.753
31 90 7214.461
31 91 3463.500
31 92 8224.319
31 93 5882.628
31 94 5542.550
31 95 6525.484
31 96 9687.923
31 97 4801.724
31 98 4845.759
31 99 888.260
31 100 3761.236
32 0 4395.682
32 1 10895.478
32 2 10138.414
32 3 9609.176
32 4 8386.521
32 5 5339.812
32 6 6973.402
32 7 4416.390
32 8 7864.160
32 9 12751.305
32 10 3500.127
32 11 7586.023
32 12 12357.030
32 13 11688.686
32 14 2082.697
32 15 5021.467
32 16 3745.076
32 17 6998.736
32 18 12507.015
32 19 8205.516
32 20 4281.859
32 21 3016.733
32 22 10258.211
32 23 3440.178
32 24 4803.650
32 25 3021.193
32 26 9857.746
32 27 4911.742
32 28 4420.426
32 29 3973.205
32 30 11979.843
32 31 8835.247
32 32 0.000
32 33 10137.766
32 34 7202.670
32 35 12227.190
32 36 9208.232
32 37 9548.123
32 38 10115.203
32 39 1715.336
32 40 540.938
32 41 6476.078
32 42 8518.575
32 43 3988.518
32 44 8514.466
32 45 2897.895
32 46 6521.881
32 47 5619.068
32 48 3273.793
32 49 8393.605
32 50 790.454
32 51 8316.497
32 52 10764.253
32 53 9759.331
32 54 11898.213
32 55 10580.769
32 56 2930.735
32 57 6251.171
32 58 11249.844
32 59 1784.234
32 60 4619.566
32 61 4978.693
32 62 10724.637
32 63 5367.488
32 64 11253.364
32 65 3055.393
32 66 2685.410
32 67 11689.891
32 68 2192.301
32 69 7850.419
32 70 11111.000
32 71 11437.638
32 72 7495.022
32 73 10582.919
32 74 3692.671
32 75 9697.109
32 76 6704.387
32 77 11511.241
32 78 12513.241
32 79 8039.114
32 80 3246.001
32 81 4293.656
32 82 9421.467
32 83 8069.855
32 84 11969.408
32 85 10577.655
32 86 7326.874
32 87 10199.132
32 88 11337.304
32 89 2797.109
32 90 2703.303
32 91 10685.589
32 92 2955.409
32 93 9059.335
32 94 14356.808
32 95 2380.466
32 96 9895.088
32 97 13636.956
32 98 11622.893
32 99 9316.484
32 100 5179.882
33 0 6744.690
33 1 4983.449
33 2 1450.488
33 3 5725.750
33 4 1974.855
33 5 5829.472
33 6 3633.620
33 7 5897.578
33 8 6950.656
33 9 7865.737
33 10 6690.104
33 11 4397.632
33 12 7106.269
33 13 2169.804
33 14 8381.543
33 15 9512.450
33 16 8050.535
33 17 6819.861
33 18 10193.671
33 19 3823.692
33 20 6694.436
33 21 12753.385
33 22 5078.790
33 23 7616.834
33 24 7958.461
33 25 8360.059
33 26 6593.161
33 27 5250.931
33 28 7640.875
33 29 8454.563
33 30 3439.885
33 31 8168.603
33 32 10137.766
33 33 0.000
33 34 5253.086
33 35 8885.675
33 36 9990.859
33 37 8734.799
33 38 8497.421
33 39 10989.538
33 40 10678.665
33 41 5908.500
33 42 4977.423
33 43 6583.406
33 44 7295.816
33 45 11372.270
33 46 7532.471
33 47 8883.472
33 48 8850.343
33 49 1881.112
33 50 9414.289
33 51 3031.894
33 52 1312.628
33 53 2982.290
33 54 10485.508
33 55 811.152
33 56 12969.156
33 57 4331.078
33 58 3986.224
33 59 11673.802
33 60 7042.499
33 61 10094.167
33 62 6542.772
33 63 8047.954
33 64 9785.375
33 65 13193.004
33 66 9543.858
33 67 4480.522
33 68 12068.714
33 69 3042.852
33 70 10797.879
33 71 7727.524
33 72 2692.273
33 73 7596.312
33 74 6690.555
33 75 10548.980
33 76 3441.353
33 77 3317.670
33 78 9441.860
33 79 6025.009
33 80 7356.496
33 81 9533.965
33 82 1239.505
33 83 8799.899
33 84 8176.177
33 85 960.106
33 86 2883.079
33 87 6280.699
33 88 8592.623
33 89 12821.939
33 90 7446.654
33 91 5955.071
33 92 7384.755
33 93 2286.097
33 94 10678.972
33 95 8404.625
33 96 2031.230
33 97 10623.219
33 98 5436.202
33 99 7594.781
33 100 8594.273
34 0 2809.455
34 1 3711.921
34 2 6259.023
34 3 2476.848
34 4 3424.788
34 5 1901.658
34 6 2149.368
34 7 3260.206
34 8 1903.961
34 9 5729.462
34 10 4148.886
34 11 860.199
34 12 5235.179
34 13 7414.514
34 14 6375.436
34 15 4556.086
34 16 3792.431
34 17 1570.056
34 18 6487.979
34 19 1537.595
34 20 2922.528
34 21 10213.267
34 22 3057.384
34 23 6558.383
34 24 3186.191
34 25 7117.014
34 26 2961.881
34 27 3475.915
34 28 3146.182
34 29 3958.018
34 30 8526.363
34 31 3321.940
34 32 7202.670
34 33 5253.086
34 34 0.000
34 35 5670.845
34 36 4970.647
34 37 4058.664
34 38 4163.778
34 39 8666.462
34 40 7674.826
34 41 850.993
34 42 1316.186
34 43 5613.198
34 44 2483.605
34 45 9543.183
34 46 2296.099
34 47 3784.737
34 48 4597.926
34 49 4689.333
34 50 6749.231
34 51 5991.458
34 52 6487.564
34 53 3135.942
34 54 6340.296
34 55 6036.038
34 56 10083.352
34 57 2070.216
34 58 4280.866
34 59 8178.742
34 60 2698.251
34 61 5157.847
34 62 3676.480
34 63 3049.380
34 64 5579.055
34 65 9987.708
34 66 8080.342
34 67 4635.865
34 68 9394.370
34 69 5483.422
34 70 6215.325
34 71 4633.590
34 72 4173.567
34 73 3947.329
34 74 3689.671
34 75 5570.926
34 76 3388.535
34 77 8269.391
34 78 6111.212
34 79 1242.125
34 80 3968.412
34 81 4794.987
34 82 5487.339
34 83 3650.999
34 84 5201.294
34 85 5045.682
34 86 3181.034
34 87 3147.299
34 88 4941.400
34 89 9310.241
34 90 4884.354
34 91 3525.402
34 92 5647.785
34 93 3076.115
34 94 7861.551
34 95 4864.867
34 96 6508.953
34 97 7375.426
34 98 4428.173
34 99 3127.785
34 100 3615.961
35 0 8059.161
35 1 3949.578
35 2 10297.019
35 3 3470.892
35 4 7915.776
35 5 7418.239
35 6 7473.000
35 7 8877.562
35 8 4383.647
35 9 1727.658
35 10 9691.948
35 11 5928.063
35 12 2261.295
35 13 10800.590
35 14 11854.312
35 15 7840.308
35 16 8483.198
35 17 5259.191
35 18 1450.133
35 19 5888.941
35 20 8232.734
35 21 15193.118
35 22 3820.961
35 23 12197.544
35 24 7447.126
35 25 12714.198
35 26 2738.486
35 27 9146.659
35 28 7808.153
35 29 8319.816
35 30 12249.725
35 31 3501.391
35 32 12227.190
35 33 8885.675
35 34 5670.845
35 35 0.000
35 36 4265.095
35 37 2980.867
35 38 2248.204
35 39 13862.798
35 40 12606.668
35 41 6063.219
35 42 4704.393
35 43 11279.365
35 44 3714.411
35 45 14879.550
35 46 5716.611
35 47 6964.315
35 48 9056.577
35 49 9384.767
35 50 11959.891
35 51 10931.036
35 52 10159.302
35 53 5923.690
35 54 2232.076
35 55 9647.803
35 56 14865.155
35 57 7663.917
35 58 5168.953
35 59 12697.886
35 60 7685.990
35 61 8273.864
35 62 2377.040
35 63 6920.593
35 64 1992.459
35 65 14549.483
35 66 13594.568
35 67 4874.770
35 68 14359.555
35 69 10535.290
35 70 3285.799
35 71 1174.674
35 72 9245.876
35 73 1729.253
35 74 9164.199
35 75 4330.160
35 76 8749.103
35 77 12190.710
35 78 558.751
35 79 4479.020
35 80 9236.743
35 81 8485.487
35 82 9751.013
35 83 4557.971
35 84 730.020
35 85 8119.865
35 86 8291.234
35 87 2766.639
35 88 918.991
35 89 13683.380
35 90 10339.472
35 91 2934.482
35 92 11234.158
35 93 6854.464
35 94 2197.155
35 95 9870.010
35 96 10785.716
35 97 1784.130
35 98 3730.991
35 99 2910.738
35 100 7250.663
36 0 5906.887
36 1 6233.637
36 2 11146.387
36 3 4631.007
36 4 8331.343
36 5 5805.664
36 6 7104.866
36 7 7188.864
36 8 3088.242
36 9 5714.977
36 10 7686.203
36 11 5731.622
36 12 5871.062
36 13 12151.128
36 14 9482.068
36 15 4255.459
36 16 5679.007
36 17 3540.165
36 18 3767.418
36 19 6187.653
36 20 6110.599
36 21 11954.595
36 22 5641.427
36 23 10254.596
36 24 4615.181
36 25 10570.056
36 26 3933.286
36 27 7793.441
36 28 5165.130
36 29 5298.136
36 30 13383.046
36 31 1850.629
36 32 9208.232
36 33 9990.859
36 34 4970.647
36 35 4265.095
36 36 0.000
36 37 1571.949
36 38 2266.027
36 39 10922.313
36 40 9468.781
36 41 4704.097
36 42 5023.216
36 43 9596.689
36 44 2700.863
36 45 12072.364
36 46 3285.330
36 47 3591.724
36 48 5946.521
36 49 9654.998
36 50 9170.522
36 51 10947.837
36 52 11284.910
36 53 7255.496
36 54 2892.419
36 55 10799.844
36 56 11469.396
36 57 6863.002
36 58 7466.115
36 59 9224.808
36 60 5368.913
36 61 4510.997
36 62 4648.981
36 63 4025.657
36 64 2472.325
36 65 11006.465
36 66 11174.659
36 67 7470.973
36 68 11146.425
36 69 10426.566
36 70 1912.422
36 71 4284.737
36 72 9131.669
36 73 3539.905
36 74 7100.396
36 75 613.598
36 76 8284.822
36 77 13166.459
36 78 4226.824
36 79 3974.993
36 80 6855.085
36 81 4985.781
36 82 10405.522
36 83 1409.758
36 84 4510.341
36 85 9553.781
36 86 8147.250
36 87 4469.582
36 88 3441.474
36 89 10060.282
36 90 8075.004
36 91 5160.524
36 92 9169.948
36 93 7705.838
36 94 5860.510
36 95 7089.559
36 96 11446.207
36 97 4962.790
36 98 6527.860
36 99 2620.367
36 100 4057.429
37 0 5707.291
37 1 4694.894
37 2 9972.393
37 3 3162.880
37 4 7216.644
37 5 5336.688
37 6 6193.494
37 7 6808.256
37 8 2204.359
37 9 4243.856
37 10 7467.735
37 11 4693.306
37 12 4333.321
37 13 10868.263
37 14 9477.135
37 15 4910.959
37 16 5834.363
37 17 2952.446
37 18 2959.596
37 19 5022.943
37 20 5902.988
37 21 12443.424
37 22 4134.086
37 23 10055.300
37 24 4753.710
37 25 10468.744
37 26 2402.307
37 27 7283.792
37 28 5208.817
37 29 5577.773
37 30 12164.244
37 31 791.476
37 32 9548.123
37 33 8734.799
37 34 4058.664
37 35 2980.867
37 36 1571.949
37 37 0.000
37 38 761.512
37 39 11232.814
37 40 9881.055
37 41 4050.168
37 42 3775.980
37 43 9270.064
37 44 1575.766
37 45 12318.850
37 46 3092.644
37 47 4069.854
37 48 6296.681
37 49 8614.859
37 50 9380.350
37 51 10009.402
37 52 10043.966
37 53 5885.452
37 54 2441.950
37 55 9545.715
37 56 12052.234
37 57 6098.905
37 58 5949.606
37 59 9845.953
37 60 5235.693
37 61 5313.996
37 62 3078.445
37 63 4181.018
37 64 1728.541
37 65 11682.838
37 66 11214.027
37 67 5925.680
37 68 11615.607
37 69 9518.995
37 70 2160.044
37 71 2773.579
37 72 8198.601
37 73 1979.823
37 74 6894.821
37 75 1956.682
37 76 7447.014
37 77 11984.924
37 78 3098.276
37 79 2883.428
37 80 6804.751
37 81 5586.679
37 82 9271.142
37 83 1592.086
37 84 3074.706
37 85 8216.579
37 86 7197.199
37 87 2922.739
37 88 2077.603
37 89 10787.661
37 90 7992.173
37 91 3601.296
37 92 9009.918
37 93 6457.232
37 94 4899.527
37 95 7263.040
37 96 10326.752
37 97 4109.789
37 98 4961.167
37 99 1152.330
37 100 4417.564
38 0 6123.418
38 1 4171.539
38 2 9791.099
38 3 2797.028
38 4 7105.068
38 5 5643.170
38 6 6237.292
38 7 7126.457
38 8 2464.763
38 9 3486.450
38 10 7847.804
38 11 4688.825
38 12 3605.343
38 13 10595.458
38 14 9923.762
38 15 5599.102
38 16 6377.340
38 17 3304.530
38 18 2446.681
38 19 4913.278
38 20 6311.973
38 21 13044.699
38 22 3677.680
38 23 10418.896
38 24 5311.844
38 25 10870.414
38 26 1955.673
38 27 7533.440
38 28 5726.006
38 29 6163.252
38 30 11937.229
38 31 1287.057
38 32 10115.203
38 33 8497.421
38 34 4163.778
38 35 2248.204
38 36 2266.027
38 37 761.512
38 38 0.000
38 39 11782.179
38 40 10468.882
38 41 4306.676
38 42 3636.957
38 43 9583.913
38 44 1765.551
38 45 12842.216
38 46 3601.072
38 47 4733.713
38 48 6893.112
38 49 8540.513
38 50 9905.614
38 51 9990.075
38 52 9810.028
38 53 5573.733
38 54 2177.387
38 55 9304.161
38 56 12681.865
38 57 6233.544
38 58 5454.840
38 59 10493.069
38 60 5688.217
38 61 6026.000
38 62 2470.088
38 63 4758.680
38 64 1416.216
38 65 12338.603
38 66 11666.929
38 67 5377.785
38 68 12213.589
38 69 9522.902
38 70 2306.987
38 71 2026.450
38 72 8199.200
38 73 1291.180
38 74 7288.039
38 75 2551.484
38 76 7515.779
38 77 11787.096
38 78 2422.471
38 79 2929.154
38 80 7260.887
38 81 6255.659
38 82 9124.341
38 83 2310.755
38 84 2313.194
38 85 7912.148
38 86 7199.502
38 87 2413.394
38 88 1333.470
38 89 11458.548
38 90 8421.474
38 91 3039.836
38 92 9398.288
38 93 6250.297
38 94 4255.494
38 95 7793.507
38 96 10183.352
38 97 3526.391
38 98 4358.154
38 99 1036.318
38 100 5046.043
39 0 5901.057
39 1 12304.788
39 2 10777.542
39 3 11117.617
39 4 9393.212
39 5 6769.273
39 6 8139.227
39 7 5635.483
39 8 9483.789
39 9 14309.633
39 10 4674.947
39 11 8955.156
39 12 13879.006
39 13 12317.805
39 14 2614.807
39 15 6733.636
39 16 5405.297
39 17 8611.086
39 18 14188.719
39 19 9523.070
39 20 5760.520
39 21 1766.986
39 22 11696.829
39 23 3564.047
39 24 6479.804
39 25 2889.075
39 26 11425.605
39 27 5953.212
39 28 6061.832
39 29 5669.884
39 30 12407.576
39 31 10508.308
39 32 1715.336
39 33 10989.538
39 34 8666.462
39 35 13862.798
39 36 10922.313
39 37 11232.814
39 38 11782.179
39 39 0.000
39 40 1566.014
39 41 7994.134
39 42 9972.135
39 43 4459.365
39 44 10148.924
39 45 1219.370
39 46 8181.739
39 47 7331.998
39 48 4982.237
39 49 9156.453
39 50 1923.538
39 51 8791.748
39 52 11446.716
39 53 10996.087
39 54 13598.181
39 55 11332.545
39 56 2173.507
39 57 7459.358
39 58 12545.994
39 59 2629.730
39 60 6196.418
39 61 6670.907
39 62 12266.435
39 63 7053.268
39 64 12945.098
39 65 2762.726
39 66 1936.310
39 67 13013.687
39 68 1208.814
39 69 8396.827
39 70 12823.604
39 71 13034.622
39 72 8298.264
39 73 12195.991
39 74 5014.032
39 75 11412.440
39 76 7644.025
39 77 11917.256
39 78 14166.416
39 79 9588.755
39 80 4711.934
39 81 6003.809
39 82 10129.622
39 83 9771.700
39 84 13575.594
39 85 11540.188
39 86 8316.206
39 87 11736.700
39 88 12982.759
39 89 3092.047
39 90 3864.020
39 91 12184.568
39 92 3607.984
39 93 10199.449
39 94 16009.888
39 95 3994.323
39 96 10446.037
39 97 15307.882
39 98 13042.121
39 99 10955.592
39 100 6887.155
40 0 4865.389
40 1 11376.742
40 2 10674.957
40 3 10060.767
40 4 8924.312
40 5 5828.099
40 6 7501.663
40 7 4944.999
40 8 8262.663
40 9 13177.308
40 10 4035.603
40 11 8082.209
40 12 12799.626
40 13 12225.445
40 14 2571.089
40 15 5238.949
40 16 4129.859
40 17 7404.582
40 18 12840.244
40 19 8710.917
40 20 4761.338
40 21 2589.720
40 22 10732.171
40 23 3895.342
40 24 5162.749
40 25 3419.207
40 26 10282.757
40 27 5450.932
40 28 4816.908
40 29 4306.746
40 30 12504.413
40 31 9184.328
40 32 540.938
40 33 10678.665
40 34 7674.826
40 35 12606.668
40 36 9468.781
40 37 9881.055
40 38 10468.882
40 39 1566.014
40 40 0.000
40 41 6931.340
40 42 8990.917
40 43 4498.887
40 44 8900.567
40 45 2785.380
40 46 6891.212
40 47 5895.659
40 48 3584.623
40 49 8933.499
40 50 1307.508
40 51 8841.320
40 52 11302.710
40 53 10275.682
40 54 12202.429
40 55 11120.975
40 56 2420.901
40 57 6776.247
40 58 11755.298
40 59 1358.474
40 60 5056.841
40 61 5136.684
40 62 11160.734
40 63 5710.608
40 64 11573.279
40 65 2514.641
40 66 2923.350
40 67 12189.780
40 68 1755.693
40 69 8379.900
40 70 11378.369
40 71 11844.355
40 72 8035.410
40 73 10980.674
40 74 4211.514
40 75 9938.493
40 76 7244.910
40 77 12033.697
40 78 12877.565
40 79 8476.512
40 80 3737.441
40 81 4504.653
40 82 9960.276
40 83 8375.685
40 84 12369.828
40 85 11116.285
40 86 7865.919
40 87 10637.860
40 88 11709.793
40 89 2287.787
40 90 3242.264
40 91 11139.134
40 92 3475.496
40 93 9587.622
40 94 14719.541
40 95 2820.730
40 96 10426.850
40 97 13982.261
40 98 12100.680
40 99 9697.304
40 100 5480.838
41 0 2093.571
41 1 4510.364
41 2 6805.612
41 3 3133.408
41 4 3999.188
41 5 1357.877
41 6 2506.135
41 7 2834.463
41 8 1856.221
41 9 6321.759
41 10 3629.394
41 11 1622.778
41 12 5888.042
41 13 8045.992
41 14 5813.975
41 15 3736.817
41 16 2967.457
41 17 1165.122
41 18 6721.855
41 19 2339.877
41 20 2237.208
41 21 9492.684
41 22 3834.124
41 23 6150.246
41 24 2336.187
41 25 6651.400
41 26 3459.023
41 27 3237.385
41 28 2307.373
41 29 3110.762
41 30 9079.830
41 31 3266.536
41 32 6476.078
41 33 5908.500
41 34 850.993
41 35 6063.219
41 36 4704.097
41 37 4050.168
41 38 4306.676
41 39 7994.134
41 40 6931.340
41 41 0.000
41 42 2104.615
41 43 5281.526
41 44 2543.547
41 45 8922.518
41 46 1662.724
41 47 3005.826
41 48 3761.886
41 49 5127.918
41 50 6070.694
41 51 6294.570
41 52 7096.434
41 53 3971.005
41 54 6444.766
41 55 6668.203
41 56 9325.492
41 57 2163.019
41 58 5128.465
41 59 7376.118
41 60 1896.030
41 61 4337.724
41 62 4273.379
41 63 2228.326
41 64 5692.116
41 65 9198.672
41 66 7545.953
41 67 5473.783
41 68 8667.187
41 69 5757.913
41 70 6155.281
41 71 5110.949
41 72 4496.036
41 73 4338.452
41 74 3112.596
41 75 5316.908
41 76 3598.517
41 77 8790.483
41 78 6456.707
41 79 1614.180
41 80 3282.867
41 81 3949.018
41 82 6010.159
41 83 3313.529
41 84 5670.154
41 85 5784.574
41 86 3551.823
41 87 3743.011
41 88 5262.283
41 89 8498.507
41 90 4301.586
41 91 4209.570
41 92 5171.250
41 93 3820.999
41 94 8259.172
41 95 4110.998
41 96 6994.921
41 97 7695.134
41 98 5210.797
41 99 3303.130
41 100 2795.080
42 0 4125.593
42 1 2406.408
42 2 6196.529
42 3 1279.330
42 4 3468.718
42 5 3202.870
42 6 2768.916
42 7 4487.755
42 8 2075.688
42 9 4521.214
42 10 5408.695
42 11 1234.932
42 12 3974.796
42 13 7130.714
42 14 7640.947
42 15 5598.212
42 16 5071.831
42 17 2295.016
42 18 5718.588
42 19 1277.554
42 20 4237.629
42 21 11528.278
42 22 1741.613
42 23 7728.732
42 24 4370.419
42 25 8323.121
42 26 1980.685
42 27 4578.998
42 28 4406.192
42 29 5191.544
42 30 8394.808
42 31 3191.661
42 32 8518.575
42 33 4977.423
42 34 1316.186
42 35 4704.393
42 36 5023.216
42 37 3775.980
42 38 3636.957
42 39 9972.135
42 40 8990.917
42 41 2104.615
42 42 0.000
42 43 6736.834
42 44 2322.779
42 45 10829.146
42 46 3129.919
42 47 4749.299
42 48 5860.673
42 49 4906.030
42 50 8058.092
42 51 6378.401
42 52 6280.638
42 53 2305.693
42 54 5762.439
42 55 5788.228
42 56 11398.568
42 57 3006.559
42 58 3108.038
42 59 9478.100
42 60 3994.851
42 61 6193.228
42 62 2501.852
42 63 4131.125
42 64 5016.365
42 65 11294.698
42 66 9325.010
42 67 3402.160
42 68 10710.080
42 69 5932.835
42 70 5889.456
42 71 3583.654
42 72 4615.978
42 73 3053.235
42 74 4977.122
42 75 5573.366
42 76 4048.765
42 77 8209.207
42 78 5196.811
42 79 1133.704
42 80 5281.887
42 81 5932.781
42 82 5502.920
42 83 3910.728
42 84 4146.110
42 85 4540.573
42 86 3631.143
42 87 1997.246
42 88 4099.380
42 89 10602.821
42 90 6166.279
42 91 2255.765
42 92 6870.956
42 93 2691.972
42 94 6849.674
42 95 6179.580
42 96 6560.790
42 97 6469.859
42 98 3114.683
42 99 2660.260
42 100 4681.653
43 0 3696.421
43 1 8770.912
43 2 6318.774
43 3 8009.346
43 4 5159.889
43 5 3942.406
43 6 4260.379
43 7 2462.409
43 8 7121.482
43 9 11256.630
43 10 1955.541
43 11 5529.186
43 12 10680.504
43 13 7861.214
43 14 1946.667
43 15 6396.040
43 16 4334.778
43 17 6318.350
43 18 12003.145
43 19 5891.576
43 20 3493.052
43 21 6224.424
43 22 8287.976
43 23 1081.891
43 24 5171.836
43 25 1806.608
43 26 8573.505
43 27 2157.849
43 28 4582.064
43 29 4876.785
43 30 8025.772
43 31 8478.599
43 32 3988.518
43 33 6583.406
43 34 5613.198
43 35 11279.365
43 36 9596.689
43 37 9270.064
43 38 9583.913
43 39 4459.365
43 40 4498.887
43 41 5281.526
43 42 6736.834
43 43 0.000
43 44 7818.418
43 45 4792.933
43 46 6325.823
43 47 6433.824
43 48 4667.540
43 49 4722.986
43 50 3198.416
43 51 4371.699
43 52 6987.692
43 53 7081.743
43 54 11698.535
43 55 6883.709
43 56 6546.042
43 57 3766.410
43 58 8702.395
43 59 5746.858
43 60 4248.244
43 61 6726.363
43 62 9232.702
43 63 5701.686
43 64 10954.104
43 65 6917.178
43 66 2981.930
43 67 9219.405
43 68 5602.702
43 69 3947.759
43 70 11283.318
43 71 10243.614
43 72 3898.557
43 73 9551.689
43 74 2527.892
43 75 10193.285
43 76 3406.424
43 77 7548.160
43 78 11704.724
43 79 6806.522
43 80 2976.836
43 81 5907.602
43 82 5675.075
43 83 8207.687
43 84 10811.713
43 85 7209.453
43 86 4107.227
43 87 8715.383
43 88 10519.605
43 89 6783.554
43 90 1956.878
43 91 8971.155
43 92 1051.405
43 93 6134.758
43 94 13473.030
43 95 3465.338
43 96 6002.334
43 97 12957.813
43 98 9507.776
43 99 8584.584
43 100 5918.818
44 0 4390.510
44 1 3828.865
44 2 8479.933
44 3 2109.246
44 4 5690.165
44 5 3877.711
44 6 4618.462
44 7 5361.069
44 8 702.076
44 9 4420.130
44 10 6092.888
44 11 3131.771
44 12 4231.379
44 13 9452.726
44 14 8196.665
44 15 4383.752
44 16 4772.603
44 17 1564.883
44 18 4198.980
44 19 3513.777
44 20 4573.970
44 21 11489.278
44 22 3156.467
44 23 8657.395
44 24 3753.478
44 25 9119.318
44 26 1702.121
44 27 5776.455
44 28 4094.417
44 29 4636.570
44 30 10700.969
44 31 880.413
44 32 8514.466
44 33 7295.816
44 34 2483.605
44 35 3714.411
44 36 2700.863
44 37 1575.766
44 38 1765.551
44 39 10148.924
44 40 8900.567
44 41 2543.547
44 42 2322.779
44 43 7818.418
44 44 0.000
44 45 11174.470
44 46 2028.788
44 47 3468.625
44 48 5375.218
44 49 7065.074
44 50 8249.042
44 51 8440.551
44 52 8594.512
44 53 4569.627
44 54 3906.520
44 55 8105.854
44 56 11186.235
44 57 4532.508
44 58 4954.271
44 59 9053.124
44 60 3985.490
44 61 4903.999
44 62 2633.810
44 63 3256.755
44 64 3150.833
44 65 10910.259
44 66 9940.733
44 67 5057.105
44 68 10655.262
44 69 7946.346
44 70 3734.852
44 71 2987.698
44 72 6627.377
44 73 2096.647
44 74 5539.094
44 75 3253.361
44 76 5871.537
44 77 10498.723
44 78 4031.643
44 79 1322.973
44 80 5549.524
44 81 4945.303
44 82 7757.505
44 83 1708.685
44 84 3485.328
44 85 6854.778
44 86 5626.730
44 87 2234.821
44 88 2838.656
44 89 10080.402
44 90 6687.422
44 91 2938.113
44 92 7644.023
44 93 5009.783
44 94 5870.312
44 95 6155.676
44 96 8807.869
44 97 5225.132
44 98 4295.374
44 99 809.405
44 100 3654.517
45 0 6846.157
45 1 13108.869
45 2 11008.267
45 3 12015.188
45 4 9912.044
45 5 7642.789
45 6 8795.028
45 7 6388.024
45 8 10496.145
45 9 15242.129
45 10 5436.657
45 11 9752.779
45 12 14777.342
45 13 12521.749
45 14 3223.482
45 15 7915.707
45 16 6485.503
45 17 9620.455
45 18 15265.725
45 19 10274.011
45 20 6688.403
45 21 1934.216
45 22 12529.574
45 23 3761.218
45 24 7569.640
45 25 3019.393
45 26 12377.423
45 27 6576.885
45 28 7117.723
45 29 6790.743
45 30 12464.710
45 31 11579.344
45 32 2897.895
45 33 11372.270
45 34 9543.183
45 35 14879.550
45 36 12072.364
45 37 12318.850
45 38 12842.216
45 39 1219.370
45 40 2785.380
45 41 8922.518
45 42 10829.146
45 43 4792.933
45 44 11174.470
45 45 0.000
45 46 9243.930
45 47 8481.030
45 48 6125.931
45 49 9503.039
45 50 2938.719
45 51 8941.030
45 52 11699.840
45 53 11669.139
45 54 14707.179
45 55 11637.661
45 56 2692.986
45 57 8158.465
45 58 13254.362
45 59 3777.299
45 60 7193.566
45 61 7873.608
45 62 13189.641
45 63 8152.516
45 64 14039.774
45 65 3473.892
45 66 1843.053
45 67 13741.818
45 68 1898.552
45 69 8605.750
45 70 13965.666
45 71 14010.436
45 72 8691.256
45 73 13191.421
45 74 5854.162
45 75 12574.419
45 76 8148.532
45 77 11964.644
45 78 15204.073
45 79 10532.631
45 80 5655.487
45 81 7190.060
45 82 10420.023
45 83 10889.289
45 84 14559.796
45 85 11998.562
45 86 8841.325
45 87 12658.124
45 88 14013.108
45 89 4042.700
45 90 4662.888
45 91 13068.217
45 92 4137.364
45 93 10806.509
45 94 17044.627
45 95 5055.839
45 96 10618.219
45 97 16367.638
45 98 13850.839
45 99 11983.666
45 100 8021.931
46 0 2662.416
46 1 5331.937
46 2 8465.539
46 3 3668.061
46 4 5650.269
46 5 2538.241
46 6 4164.960
46 7 3904.133
46 8 1469.522
46 9 6423.776
46 10 4445.244
46 11 3155.560
46 12 6171.020
46 13 9683.734
46 14 6389.824
46 15 2524.747
46 16 2778.599
46 17 835.682
46 18 6023.211
46 19 3819.689
46 20 2864.092
46 21 9476.644
46 22 4619.542
46 23 7032.865
46 24 1730.704
46 25 7406.448
46 26 3589.191
46 27 4518.660
46 28 2126.216
46 29 2609.147
46 30 10739.807
46 31 2336.657
46 32 6521.881
46 33 7532.471
46 34 2296.099
46 35 5716.611
46 36 3285.330
46 37 3092.644
46 38 3601.072
46 39 8181.739
46 40 6891.212
46 41 1662.724
46 42 3129.919
46 43 6325.823
46 44 2028.788
46 45 9243.930
46 46 0.000
46 47 1635.778
46 48 3347.697
46 49 6787.782
46 50 6306.101
46 51 7915.129
46 52 8742.270
46 53 5337.257
46 54 5521.801
46 55 8304.514
46 56 9159.612
46 57 3760.393
46 58 6220.693
46 59 7025.416
46 60 2158.348
46 61 3102.465
46 62 4526.227
46 63 1232.298
46 64 4821.153
46 65 8882.728
46 66 8123.689
46 67 6463.510
46 68 8643.211
46 69 7369.343
46 70 4973.459
46 71 5012.949
46 72 6133.600
46 73 4125.269
46 74 3862.051
46 75 3891.714
46 76 5204.691
46 77 10453.025
46 78 5991.374
46 79 2098.627
46 80 3717.749
46 81 2987.421
46 82 7671.990
46 83 1883.973
46 84 5514.069
46 85 7340.662
46 86 5206.415
46 87 4051.641
46 88 4818.726
46 89 8060.894
46 90 4916.742
46 91 4689.300
46 92 5965.527
46 93 5371.655
46 94 7834.929
46 95 4192.578
46 96 8657.287
46 97 7127.422
46 98 5935.337
46 99 2811.051
46 100 1681.156
47 0 2860.022
47 1 6965.205
47 2 9679.787
47 3 5287.612
47 4 6937.904
47 5 3295.239
47 6 5335.837
47 7 4273.536
47 8 3039.040
47 9 7878.362
47 10 4479.155
47 11 4617.737
47 12 7695.654
47 13 10993.950
47 14 5995.551
47 15 916.469
47 16 2186.093
47 17 2466.211
47 18 7002.966
47 19 5320.615
47 20 3044.817
47 21 8419.216
47 22 6252.917
47 23 6920.343
47 24 1274.247
47 25 7138.591
47 26 5131.780
47 27 5042.206
47 28 1858.955
47 29 1734.697
47 30 11941.432
47 31 3462.931
47 32 5619.068
47 33 8883.472
47 34 3784.737
47 35 6964.315
47 36 3591.724
47 37 4069.854
47 38 4733.713
47 39 7331.998
47 40 5895.659
47 41 3005.826
47 42 4749.299
47 43 6433.824
47 44 3468.625
47 45 8481.030
47 46 1635.778
47 47 0.000
47 48 2355.123
47 49 7909.204
47 50 5588.196
47 51 8843.946
47 52 10029.764
47 53 6901.840
47 54 6315.477
47 55 9623.341
47 56 7992.990
47 57 4777.773
47 58 7849.916
47 59 5777.373
47 60 2310.817
47 61 1470.923
47 62 6073.871
47 63 875.866
47 64 5711.446
47 65 7613.114
47 66 7642.957
47 67 8098.926
47 68 7599.737
47 69 8282.019
47 70 5491.931
47 71 6418.506
47 72 7153.760
47 73 5515.673
47 74 3919.584
47 75 4100.519
47 76 6165.177
47 77 11614.041
47 78 7151.563
47 79 3734.366
47 80 3495.064
47 81 1522.028
47 82 8869.059
47 83 2505.925
47 84 6874.736
47 85 8790.232
47 86 6321.213
47 87 5624.933
47 88 6045.770
47 89 6724.970
47 90 4689.526
47 91 6286.064
47 92 5825.249
47 93 6826.475
47 94 8967.925
47 95 3537.649
47 96 9794.934
47 97 8173.093
47 98 7558.477
47 99 4161.649
47 100 519.315
48 0 2111.571
48 1 8259.564
48 2 9313.115
48 3 6765.598
48 4 6892.023
48 5 3095.628
48 6 5246.367
48 7 3168.509
48 8 4774.028
48 9 9737.694
48 10 2868.088
48 11 5225.357
48 12 9427.923
48 13 10780.577
48 14 3793.669
48 15 1895.223
48 16 831.167
48 17 3952.891
48 18 9255.684
48 19 5936.001
48 20 2157.005
48 21 6151.915
48 22 7570.138
48 23 4902.945
48 24 1625.425
48 25 4986.851
48 26 6860.411
48 27 3984.666
48 28 1454.793
48 29 738.650
48 30 11467.780
48 31 5606.710
48 32 3273.793
48 33 8850.343
48 34 4597.926
48 35 9056.577
48 36 5946.521
48 37 6296.681
48 38 6893.112
48 39 4982.237
48 40 3584.623
48 41 3761.886
48 42 5860.673
48 43 4667.540
48 44 5375.218
48 45 6125.931
48 46 3347.697
48 47 2355.123
48 48 0.000
48 49 7463.209
48 50 3243.400
48 51 8007.869
48 52 9801.459
48 53 7594.030
48 54 8626.818
48 55 9481.685
48 56 5812.019
48 57 4523.619
48 58 8873.082
48 59 3699.056
48 60 1941.107
48 61 2091.437
48 62 7774.565
48 63 2137.498
48 64 7990.095
48 65 5553.849
48 66 5355.518
48 67 9233.268
48 68 5321.674
48 69 7453.223
48 70 7843.015
48 71 8352.454
48 72 6587.474
48 73 7470.283
48 74 2478.655
48 75 6452.186
48 76 5600.360
48 77 11070.460
48 78 9308.519
48 79 5137.086
48 80 1802.198
48 81 1270.980
48 82 8508.009
48 83 4798.142
48 84 8860.147
48 85 9011.269
48 86 6002.725
48 87 7269.007
48 88 8151.511
48 89 4778.595
48 90 2731.228
48 91 7838.590
48 92 3845.825
48 93 7179.009
48 94 11147.654
48 95 1303.222
48 96 9274.311
48 97 10400.106
48 98 8943.888
48 99 6157.382
48 100 1906.095
49 0 5423.330
49 1 5760.369
49 2 1850.364
49 3 5965.861
49 4 1470.072
49 5 4651.572
49 6 2622.846
49 7 4350.611
49 8 6570.709
49 9 8667.702
49 10 5032.181
49 11 3936.980
49 12 7939.935
49 13 3353.831
49 14 6561.827
49 15 8407.716
49 16 6712.459
49 17 6210.111
49 18 10552.289
49 19 3628.481
49 20 5331.259
49 21 10923.077
49 22 5621.355
49 23 5743.776
49 24 6829.457
49 25 6486.980
49 26 6804.867
49 27 3610.356
49 28 6417.520
49 29 7176.553
49 30 4050.153
49 31 7939.728
49 32 8393.605
49 33 1881.112
49 34 4689.333
49 35 9384.767
49 36 9654.998
49 37 8614.859
49 38 8540.513
49 39 9156.453
49 40 8933.499
49 41 5127.918
49 42 4906.030
49 43 4722.986
49 44 7065.074
49 45 9503.039
49 46 6787.782
49 47 7909.204
49 48 7463.209
49 49 0.000
49 50 7647.931
49 51 1573.237
49 52 2392.665
49 53 3639.374
49 54 10664.520
49 55 2189.523
49 56 11174.337
49 57 3133.793
49 58 5088.148
49 59 9995.672
49 60 5819.086
49 61 8956.486
49 62 7012.293
49 63 7037.994
49 64 9921.528
49 65 11440.348
49 66 7670.328
49 67 5629.960
49 68 10258.661
49 69 1324.977
49 70 10762.759
49 71 8211.303
49 72 909.149
49 73 7875.499
49 74 5129.815
49 75 10250.305
49 76 1863.066
49 77 3705.358
49 78 9920.282
49 79 5742.125
49 80 5825.927
49 81 8307.871
49 82 1055.834
49 83 8337.534
49 84 8725.449
49 85 2646.769
49 86 1591.847
49 87 6633.152
49 88 8920.071
49 89 11127.751
49 90 5739.625
49 91 6502.488
49 92 5565.919
49 93 2582.505
49 94 11374.522
49 95 6841.610
49 96 1885.873
49 97 11166.881
49 98 6366.852
49 99 7544.196
49 100 7542.561
50 0 3977.526
50 1 10404.398
50 2 9375.734
50 3 9195.521
50 4 7701.198
50 5 4856.233
50 6 6342.420
50 7 3797.122
50 8 7577.155
50 9 12386.437
50 10 2850.823
50 11 7064.202
50 12 11956.289
50 13 10926.497
50 14 1300.060
50 15 5099.979
50 16 3548.185
50 17 6702.616
50 18 12327.164
50 19 7653.371
50 20 3838.070
50 21 3513.083
50 22 9787.638
50 23 2675.627
50 24 4633.390
50 25 2320.425
50 26 9503.635
50 27 4222.634
50 28 4179.962
50 29 3873.812
50 30 11197.002
50 31 8640.956
50 32 790.454
50 33 9414.289
50 34 6749.231
50 35 11959.891
50 36 9170.522
50 37 9380.350
50 38 9905.614
50 39 1923.538
50 40 1307.508
50 41 6070.694
50 42 8058.092
50 43 3198.416
50 44 8249.042
50 45 2938.719
50 46 6306.101
50 47 5588.196
50 48 3243.400
50 49 7647.931
50 50 0.000
50 51 7533.854
50 52 10008.910
50 53 9167.361
50 54 11772.771
50 55 9837.134
50 56 3573.971
50 57 5636.578
50 58 10690.212
50 59 2565.984
50 60 4281.111
50 61 5149.983
50 62 10342.898
50 63 5218.569
50 64 11102.036
50 65 3793.412
50 66 2220.967
50 67 11146.014
50 68 2733.607
50 69 7073.105
50 70 11052.479
50 71 11117.275
50 72 6754.860
50 73 10284.008
50 74 3125.713
50 75 9688.702
50 76 5993.863
50 77 10726.703
50 78 12274.755
50 79 7665.691
50 80 2789.017
50 81 4399.080
50 82 8668.225
50 83 7960.752
50 84 11660.559
50 85 9883.685
50 86 6633.003
50 87 9813.171
50 88 11086.544
50 89 3585.738
50 90 2035.182
50 91 10263.816
50 92 2168.724
50 93 8423.307
50 94 14116.874
50 95 2117.346
50 96 9121.224
50 97 13431.647
50 98 11139.223
50 99 9057.428
50 100 5113.144
51 0 6132.752
51 1 7333.492
51 2 2136.299
51 3 7490.355
51 4 3022.258
51 5 5552.063
51 6 3844.723
51 7 4845.425
51 8 7895.235
51 9 10240.497
51 10 5283.260
51 11 5318.573
51 12 9513.170
51 13 3590.883
51 14 6316.147
51 15 9219.800
51 16 7342.164
51 17 7432.937
51 18 12069.494
51 19 5108.307
51 20 5998.834
51 21 10542.496
51 22 7187.253
51 23 5238.133
51 24 7666.616
51 25 5954.743
51 26 8314.884
51 27 4023.950
51 28 7181.197
51 29 7855.300
51 30 3663.348
51 31 9301.681
51 32 8316.497
51 33 3031.894
51 34 5991.458
51 35 10931.036
51 36 10947.837
51 37 10009.402
51 38 9990.075
51 39 8791.748
51 40 8841.320
51 41 6294.570
51 42 6378.401
51 43 4371.699
51 44 8440.551
51 45 8941.030
51 46 7915.129
51 47 8843.946
51 48 8007.869
51 49 1573.237
51 50 7533.854
51 51 0.000
51 52 2849.226
51 53 5211.391
51 54 12137.840
51 55 2933.403
51 56 10910.137
51 57 4155.137
51 58 6632.726
51 59 10029.455
51 60 6609.470
51 61 9725.448
51 62 8564.249
51 63 7969.505
51 64 11387.351
51 65 11286.854
51 66 7102.787
51 67 7170.537
51 68 9959.476
51 69 564.122
51 70 12168.012
51 71 9759.685
51 72 1817.941
51 73 9390.567
51 74 5544.228
51 75 11553.528
51 76 2712.286
51 77 3198.447
51 78 11461.683
51 79 7126.109
51 80 6245.792
51 81 9006.491
51 82 1803.516
51 83 9588.129
51 84 10280.424
51 85 3951.032
51 86 2814.550
51 87 8170.830
51 88 10438.474
51 89 11110.216
51 90 5845.921
51 91 8065.073
51 92 5366.870
51 93 4155.343
51 94 12939.393
51 95 7165.265
51 96 1679.018
51 97 12714.752
51 98 7935.590
51 99 8975.717
51 100 8424.160
52 0 7725.274
52 1 6231.571
52 2 713.092
52 3 7036.457
52 4 3098.662
52 5 6873.971
52 6 4706.199
52 7 6727.870
52 8 8230.450
52 9 9076.025
52 10 7424.835
52 11 5642.074
52 12 8313.895
52 13 980.133
52 14 8882.236
52 15 10610.719
52 16 9028.212
52 17 8057.615
52 18 11484.046
52 19 5103.236
52 20 7651.114
52 21 13212.116
52 22 6367.832
52 23 7950.276
52 24 9039.735
52 25 8685.761
52 26 7903.431
52 27 6001.277
52 28 8677.222
52 29 9466.897
52 30 2127.468
52 31 9469.619
52 32 10764.253
52 33 1312.628
52 34 6487.564
52 35 10159.302
52 36 11284.910
52 37 10043.966
52 38 9810.028
52 39 11446.716
52 40 11302.710
52 41 7096.434
52 42 6280.638
52 43 6987.692
52 44 8594.512
52 45 11699.840
52 46 8742.270
52 47 10029.764
52 48 9801.459
52 49 2392.665
52 50 10008.910
52 51 2849.226
52 52 0.000
52 53 4282.308
52 54 11792.281
52 55 512.627
52 56 13505.858
52 57 5345.969
52 58 5156.784
52 59 12383.863
52 60 8075.386
52 61 11180.142
52 62 7831.573
52 63 9177.375
52 64 11095.111
52 65 13801.955
52 66 9856.816
52 67 5616.544
52 68 12576.553
52 69 3099.304
52 70 12110.423
52 71 9008.479
52 72 3301.783
52 73 8900.716
52 74 7512.588
52 75 11847.734
52 76 4227.548
52 77 2032.375
52 78 10716.921
52 79 7313.045
52 80 8204.029
52 81 10576.751
52 82 1344.594
52 83 10074.184
52 84 9444.082
52 85 2063.726
52 86 3808.375
52 87 7583.172
52 88 9890.345
52 89 13511.942
52 90 8126.916
52 91 7236.570
52 92 7893.296
52 93 3589.077
52 94 11902.573
52 95 9227.889
52 96 1281.056
52 97 11882.388
52 98 6634.853
52 99 8905.574
52 100 9710.422
53 0 5584.440
53 1 2126.562
53 2 4374.489
53 3 2778.452
53 4 2265.061
53 5 4559.367
53 6 2874.151
53 7 5371.485
53 8 4381.187
53 9 5044.983
53 10 6326.827
53 11 2379.956
53 12 4307.534
53 13 5026.065
53 14 8455.670
53 15 7691.247
53 16 6765.081
53 17 4521.316
53 18 7213.206
53 19 1659.906
53 20 5625.996
53 21 12677.474
53 22 2104.278
53 23 8157.945
53 24 6297.360
53 25 8850.933
53 26 3638.396
53 27 5093.056
53 28 6178.803
53 29 7014.605
53 30 6403.653
53 31 5405.301
53 32 9759.331
53 33 2982.290
53 34 3135.942
53 35 5923.690
53 36 7255.496
53 37 5885.452
53 38 5573.733
53 39 10996.087
53 40 10275.682
53 41 3971.005
53 42 2305.693
53 43 7081.743
53 44 4569.627
53 45 11669.139
53 46 5337.257
53 47 6901.840
53 48 7594.030
53 49 3639.374
53 50 9167.361
53 51 5211.391
53 52 4282.308
53 53 0.000
53 54 7512.340
53 55 3770.350
53 56 12690.059
53 57 3537.132
53 58 1625.407
53 59 10988.095
53 60 5652.924
53 61 8292.980
53 62 3565.446
53 63 6185.272
53 64 6822.688
53 65 12719.180
53 66 9976.086
53 67 2156.622
53 68 11898.594
53 69 4919.161
53 70 7880.720
53 71 4757.640
53 72 3791.560
53 73 4619.021
53 74 6066.706
53 75 7775.782
53 76 3751.986
53 77 6299.921
53 78 6476.952
53 79 3438.787
53 80 6570.575
53 81 7917.335
53 82 3844.297
53 83 6207.719
53 84 5225.018
53 85 2338.923
53 86 3081.070
53 87 3300.893
53 88 5610.379
53 89 12144.837
53 90 7143.276
53 91 2989.306
53 92 7537.457
53 93 1082.054
53 94 7800.873
53 95 7591.633
53 96 4866.291
53 97 7679.639
53 98 2733.386
53 99 4733.253
53 100 6751.704
54 0 8148.983
54 1 5796.724
54 2 11828.676
54 3 4769.953
54 4 9213.028
54 5 7758.253
54 6 8409.988
54 7 9236.176
54 8 4588.864
54 9 3959.731
54 10 9909.019
54 11 6855.600
54 12 4451.363
54 13 12524.520
54 14 11911.442
54 15 7071.535
54 16 8225.485
54 17 5381.946
54 18 1030.472
54 19 7038.569
54 20 8344.889
54 21 14734.605
54 22 5468.788
54 23 12495.597
54 24 7139.635
54 25 12910.331
54 26 3902.954
54 27 9681.243
54 28 7621.293
54 29 7928.313
54 30 13915.789
54 31 3228.901
54 32 11898.213
54 33 10485.508
54 34 6340.296
54 35 2232.076
54 36 2892.419
54 37 2441.950
54 38 2177.387
54 39 13598.181
54 40 12202.429
54 41 6444.766
54 42 5762.439
54 43 11698.535
54 44 3906.520
54 45 14707.179
54 46 5521.801
54 47 6315.477
54 48 8626.818
54 49 10664.520
54 50 11772.771
54 51 12137.840
54 52 11792.281
54 53 7512.340
54 54 0.000
54 55 11281.141
54 56 14290.552
54 57 8409.416
54 58 7083.150
54 59 12055.765
54 60 7673.182
54 61 7376.862
54 62 4044.273
54 63 6554.738
54 64 761.279
54 65 13859.988
54 66 13645.118
54 67 6876.413
54 68 13914.948
54 69 11680.436
54 70 1233.628
54 71 3023.444
54 72 10357.851
54 73 2895.301
54 74 9336.684
54 75 2670.205
54 76 9690.716
54 77 13798.772
54 78 1865.749
54 79 5106.530
54 80 9239.044
54 81 7787.372
54 82 11195.807
54 83 3828.684
54 84 2855.234
54 85 9822.978
54 86 9360.762
54 87 4215.290
54 88 1981.403
54 89 12926.529
54 90 10431.370
54 91 4664.639
54 92 11451.826
54 93 8291.515
54 94 3083.346
54 95 9657.634
54 96 12252.907
54 97 2144.514
54 98 5749.851
54 99 3213.645
54 100 6722.846
55 0 7389.936
55 1 5722.748
55 2 917.014
55 3 6527.467
55 4 2686.081
55 5 6509.724
55 6 4323.979
55 7 6452.581
55 8 7754.582
55 9 8574.758
55 10 7190.498
55 11 5184.793
55 12 7812.918
55 13 1379.302
55 14 8745.899
55 15 10226.851
55 16 8696.100
55 17 7605.284
55 18 10971.446
55 19 4626.561
55 20 7325.764
55 21 13099.529
55 22 5855.214
55 23 7877.700
55 24 8662.317
55 25 8618.383
55 26 7394.047
55 27 5755.556
55 28 8319.265
55 29 9120.316
55 30 2636.004
55 31 8979.156
55 32 10580.769
55 33 811.152
55 34 6036.038
55 35 9647.803
55 36 10799.844
55 37 9545.715
55 38 9304.161
55 39 11332.545
55 40 11120.975
55 41 6668.203
55 42 5788.228
55 43 6883.709
55 44 8105.854
55 45 11637.661
55 46 8304.514
55 47 9623.341
55 48 9481.685
55 49 2189.523
55 50 9837.134
55 51 2933.403
55 52 512.627
55 53 3770.350
55 54 11281.141
55 55 0.000
55 56 13362.130
55 57 4990.148
55 58 4661.075
55 59 12168.131
55 60 7718.149
55 61 10802.221
55 62 7318.977
55 63 8778.238
55 64 10585.235
55 65 13629.115
55 66 9797.220
55 67 5128.929
55 68 12443.492
55 69 3093.771
55 70 11605.901
55 71 8496.288
55 72 3086.314
55 73 8389.072
55 74 7242.895
55 75 11359.146
55 76 3956.383
55 77 2543.019
55 78 10205.303
55 79 6831.781
55 80 7925.387
55 81 10217.800
55 82 1219.592
55 83 9601.972
55 84 8933.170
55 85 1564.879
55 86 3479.280
55 87 7071.242
55 88 9377.861
55 89 13305.558
55 90 7916.532
55 91 6724.263
55 92 7751.177
55 93 3096.529
55 94 11399.215
55 95 8961.179
55 96 1551.052
55 97 11372.810
55 98 6134.872
55 99 8405.163
55 100 9317.774
56 0 7275.716
56 1 13790.117
56 2 12851.426
56 3 12445.880
56 4 11275.125
56 5 8247.018
56 6 9896.976
56 7 7341.218
56 8 10573.367
56 9 15521.208
56 10 6411.550
56 11 10502.746
56 12 15169.608
56 13 14398.885
56 14 4623.990
56 15 7222.168
56 16 6454.399
56 17 9731.544
56 18 14995.552
56 19 11131.314
56 20 7177.358
56 21 879.270
56 22 13140.176
56 23 5712.479
56 24 7433.065
56 25 5056.892
56 26 12630.235
56 27 7796.593
56 28 7148.865
56 29 6550.473
56 30 14545.795
56 31 11395.322
56 32 2930.735
56 33 12969.156
56 34 10083.352
56 35 14865.155
56 36 11469.396
56 37 12052.234
56 38 12681.865
56 39 2173.507
56 40 2420.901
56 41 9325.492
56 42 11398.568
56 43 6546.042
56 44 11186.235
56 45 2692.986
56 46 9159.612
56 47 7992.990
56 48 5812.019
56 49 11174.337
56 50 3573.971
56 51 10910.137
56 52 13505.858
56 53 12690.059
56 54 14290.552
56 55 13362.130
56 56 0.000
56 57 9178.835
56 58 14175.781
56 59 2248.098
56 60 7437.855
56 61 6979.314
56 62 13523.391
56 63 7944.886
56 64 13703.507
56 65 858.027
56 66 4088.862
56 67 14610.628
56 68 965.672
56 69 10493.579
56 70 13377.661
56 71 14157.441
56 72 10293.455
56 73 13279.736
56 74 6623.404
56 75 11883.094
56 76 9562.187
56 77 14059.193
56 78 15103.213
56 79 10846.106
56 80 6157.937
56 81 6503.189
56 82 12174.733
56 83 10498.894
56 84 14670.088
56 85 13456.082
56 86 10206.227
56 87 13005.134
56 88 13956.874
56 89 1746.006
56 90 5601.641
56 91 13525.437
56 92 5613.476
56 93 11981.994
56 94 16936.049
56 95 5219.222
56 96 12548.370
56 97 16161.331
56 98 14511.271
56 99 11969.269
56 100 7638.286
57 0 2414.427
57 1 5023.111
57 2 4933.021
57 3 4285.885
57 4 2368.429
57 5 1530.555
57 6 745.241
57 7 1840.021
57 8 3903.979
57 9 7507.984
57 10 2790.621
57 11 1777.474
57 12 6917.408
57 13 6324.594
57 14 4936.371
57 15 5284.195
57 16 3719.587
57 17 3323.244
57 18 8546.580
57 19 2143.816
57 20 2373.640
57 21 9143.107
57 22 4522.217
57 23 4797.242
57 24 3706.748
57 25 5440.401
57 26 4926.366
57 27 1631.314
57 28 3331.692
57 29 4130.605
57 30 7177.483
57 31 5339.356
57 32 6251.171
57 33 4331.078
57 34 2070.216
57 35 7663.917
57 36 6863.002
57 37 6098.905
57 38 6233.544
57 39 7459.358
57 40 6776.247
57 41 2163.019
57 42 3006.559
57 43 3766.410
57 44 4532.508
57 45 8158.465
57 46 3760.393
57 47 4777.773
57 48 4523.619
57 49 3133.793
57 50 5636.578
57 51 4155.137
57 52 5345.969
57 53 3537.132
57 54 8409.416
57 55 4990.148
57 56 9178.835
57 57 0.000
57 58 5098.406
57 59 7584.030
57 60 2729.955
57 61 5843.319
57 62 5507.588
57 63 3905.124
57 64 7648.281
57 65 9252.754
57 66 6517.240
57 67 5583.432
57 68 8369.886
57 69 3609.201
57 70 8243.362
57 71 6573.996
57 72 2392.137
57 73 5960.659
57 74 2571.562
57 75 7474.917
57 76 1444.468
57 77 6839.068
57 78 8128.851
57 79 3310.617
57 80 3152.401
57 81 5231.235
57 82 4118.263
57 83 5476.385
57 84 7140.116
57 85 4513.351
57 86 1555.683
57 87 5002.838
57 88 6978.295
57 89 8745.658
57 90 3607.651
57 91 5213.641
57 92 4052.274
57 93 2817.181
57 94 9834.893
57 95 4206.560
57 96 5018.532
57 97 9399.950
57 98 5764.192
57 99 5197.792
57 100 4409.584
58 0 6964.790
58 1 1296.068
58 2 5436.334
58 3 2858.378
58 4 3821.866
58 5 5954.265
58 6 4471.375
58 7 6910.526
58 8 4994.630
58 9 3928.654
58 10 7871.116
58 11 3693.879
58 12 3166.737
58 13 5689.950
58 14 10033.988
58 15 8705.771
58 16 8058.611
58 17 5385.678
58 18 6578.693
58 19 3044.501
58 20 7032.556
58 21 14203.187
58 22 1825.427
58 23 9776.658
58 24 7449.397
58 25 10464.560
58 26 3547.353
58 27 6687.498
58 28 7425.043
58 29 8238.661
58 30 7172.904
58 31 5664.674
58 32 11249.844
58 33 3986.224
58 34 4280.866
58 35 5168.953
58 36 7466.115
58 37 5949.606
58 38 5454.840
58 39 12545.994
58 40 11755.298
58 41 5128.465
58 42 3108.038
58 43 8702.395
58 44 4954.271
58 45 13254.362
58 46 6220.693
58 47 7849.916
58 48 8873.082
58 49 5088.148
58 50 10690.212
58 51 6632.726
58 52 5156.784
58 53 1625.407
58 54 7083.150
58 55 4661.075
58 56 14175.781
58 57 5098.406
58 58 0.000
58 59 12389.692
58 60 6950.788
58 61 9299.836
58 62 3058.747
58 63 7236.829
58 64 6483.852
58 65 14159.726
58 66 11581.277
58 67 545.686
58 68 13411.850
58 69 6403.684
58 70 7691.132
58 71 4095.588
58 72 5358.343
58 73 4271.770
58 74 7569.078
58 75 7905.798
58 76 5375.697
58 77 7173.590
58 78 5724.421
58 79 4141.106
58 80 8023.128
58 81 9032.255
58 82 5074.499
58 83 6662.945
58 84 4439.027
58 85 3096.213
58 86 4699.507
58 87 3044.020
58 88 5102.913
58 89 13536.505
58 90 8683.056
58 91 2444.284
58 92 9132.139
58 93 2660.258
58 94 6761.236
58 95 9012.646
58 96 6007.419
58 97 6811.527
58 98 1488.980
58 99 4845.750
58 100 7789.304
59 0 5425.149
59 1 11884.415
59 2 11781.287
59 3 10446.036
59 4 9841.874
59 5 6441.481
59 6 8326.466
59 7 5810.910
59 8 8468.355
59 9 13434.543
59 10 4984.503
59 11 8696.169
59 12 13125.608
59 13 13326.350
59 14 3864.752
59 15 4984.288
59 16 4423.159
59 17 7651.940
59 18 12777.634
59 19 9368.345
59 20 5365.997
59 21 2840.625
59 22 11209.940
59 23 5223.095
59 24 5320.621
59 25 4773.682
59 26 10559.463
59 27 6424.053
59 28 5111.105
59 29 4431.567
59 30 13688.611
59 31 9209.735
59 32 1784.234
59 33 11673.802
59 34 8178.742
59 35 12697.886
59 36 9224.808
59 37 9845.953
59 38 10493.069
59 39 2629.730
59 40 1358.474
59 41 7376.118
59 42 9478.100
59 43 5746.858
59 44 9053.124
59 45 3777.299
59 46 7025.416
59 47 5777.373
59 48 3699.056
59 49 9995.672
59 50 2565.984
59 51 10029.455
59 52 12383.863
59 53 10988.095
59 54 12055.765
59 55 12168.131
59 56 2248.098
59 57 7584.030
59 58 12389.692
59 59 0.000
59 60 5483.416
59 61 4731.220
59 62 11472.548
59 63 5796.699
59 64 11479.708
59 65 1857.376
59 66 4252.669
59 67 12789.554
59 68 2139.143
59 69 9545.320
59 70 11131.718
59 71 12038.259
59 72 9088.226
59 73 11149.671
59 74 5030.008
59 75 9635.173
59 76 8234.377
59 77 13227.897
59 78 12915.416
59 79 8823.296
59 80 4437.251
59 81 4272.644
59 82 11039.470
59 83 8280.079
59 84 12536.708
59 85 12037.561
59 86 8812.423
59 87 10964.858
59 88 11784.304
59 89 1161.664
59 90 4256.969
59 91 11522.899
59 92 4701.528
59 93 10395.264
59 94 14740.466
59 95 3397.857
59 96 11573.637
59 97 13950.370
59 98 12586.667
59 99 9821.013
59 100 5449.012
60 0 561.673
60 1 6401.047
60 2 7646.332
60 3 5008.265
60 4 5068.476
60 5 1213.388
60 6 3409.163
60 7 1966.836
60 8 3302.821
60 9 8132.434
60 10 2318.083
60 11 3286.444
60 12 7742.824
60 13 9054.333
60 14 4242.854
60 15 2613.145
60 16 1113.294
60 17 2427.070
60 18 8131.603
60 19 3995.127
60 20 760.371
60 21 7633.089
60 22 5729.349
60 23 4890.280
60 24 1064.764
60 25 5248.308
60 26 5240.035
60 27 2732.641
60 28 601.841
60 29 1418.466
60 30 9868.187
60 31 4462.086
60 32 4619.566
60 33 7042.499
60 34 2698.251
60 35 7685.990
60 36 5368.913
60 37 5235.693
60 38 5688.217
60 39 6196.418
60 40 5056.841
60 41 1896.030
60 42 3994.851
60 43 4248.244
60 44 3985.490
60 45 7193.566
60 46 2158.348
60 47 2310.817
60 48 1941.107
60 49 5819.086
60 50 4281.111
60 51 6609.470
60 52 8075.386
60 53 5652.924
60 54 7673.182
60 55 7718.149
60 56 7437.855
60 57 2729.955
60 58 6950.788
60 59 5483.416
60 60 0.000
60 61 3141.640
60 62 6106.012
60 63 1487.445
60 64 6962.182
60 65 7302.712
60 66 5983.019
60 67 7326.893
60 68 6803.109
60 69 6045.369
60 70 7121.598
60 71 6838.249
60 72 4999.213
60 73 6003.137
60 74 1732.532
60 75 5957.644
60 76 3995.325
60 77 9506.743
60 78 8017.131
60 79 3420.697
60 80 1573.205
60 81 2501.379
60 82 6831.831
60 83 4003.655
60 84 7379.778
60 85 7131.944
60 86 4274.039
60 87 5581.783
60 88 6823.159
60 89 6612.111
60 90 2759.202
60 91 6087.710
60 92 3813.803
60 93 5261.869
60 94 9854.767
60 95 2240.093
60 96 7686.948
60 97 9200.303
60 98 7105.805
60 99 4794.820
60 100 1841.100
61 0 3592.788
61 1 8434.215
61 2 10774.943
61 3 6758.443
61 4 8124.327
61 5 4313.011
61 6 6478.623
61 7 4931.790
61 8 4505.824
61 9 9285.912
61 10 4852.114
61 11 5959.990
61 12 9135.255
61 13 12155.533
61 14 5857.159
61 15 601.762
61 16 2456.399
61 17 3926.613
61 18 8160.936
61 19 6677.224
61 20 3730.395
61 21 7511.874
61 22 7721.837
61 23 6994.328
61 24 2140.534
61 25 7059.905
61 26 6584.860
61 27 5752.076
61 28 2551.312
61 29 1909.575
61 30 13006.569
61 31 4796.841
61 32 4978.693
61 33 10094.167
61 34 5157.847
61 35 8273.864
61 36 4510.997
61 37 5313.996
61 38 6026.000
61 39 6670.907
61 40 5136.684
61 41 4337.724
61 42 6193.228
61 43 6726.363
61 44 4903.999
61 45 7873.608
61 46 3102.465
61 47 1470.923
61 48 2091.437
61 49 8956.486
61 50 5149.983
61 51 9725.448
61 52 11180.142
61 53 8292.980
61 54 7376.862
61 55 10802.221
61 56 6979.314
61 57 5843.319
61 58 9299.836
61 59 4731.220
61 60 3141.640
61 61 0.000
61 62 7525.990
61 63 2110.069
61 64 6848.624
61 65 6495.911
61 66 7341.052
61 67 9560.380
61 68 6726.341
61 69 9161.846
61 70 6409.054
61 71 7811.010
61 72 8140.785
61 73 6909.113
61 74 4376.354
61 75 4904.573
61 76 7136.780
61 77 12648.086
61 78 8411.292
61 79 5200.074
61 80 3777.148
61 81 822.607
61 82 9960.019
61 83 3722.443
61 84 8242.614
61 85 10079.394
61 86 7397.604
61 87 7086.069
61 88 7356.686
61 89 5551.078
61 90 4812.131
61 91 7752.790
61 92 5935.008
61 93 8135.051
61 94 10191.077
61 95 3388.314
61 96 10827.857
61 97 9352.051
61 98 9029.381
61 99 5557.436
61 100 1542.974
62 0 6365.432
62 1 1763.343
62 2 7938.762
62 3 1223.833
62 4 5544.869
62 5 5557.147
62 6 5219.282
62 7 6933.906
62 8 3057.717
62 9 2055.007
62 10 7823.584
62 11 3731.830
62 12 1653.541
62 13 8517.452
62 14 10045.544
62 15 6990.121
62 16 7073.005
62 17 3824.508
62 18 3652.478
62 19 3578.866
62 20 6510.285
62 21 13739.083
62 22 1464.152
62 23 10211.843
62 24 6161.995
62 25 10787.881
62 26 942.131
62 27 7075.358
62 28 6378.395
62 29 7047.749
62 30 9939.877
62 31 3035.029
62 32 10724.637
62 33 6542.772
62 34 3676.480
62 35 2377.040
62 36 4648.981
62 37 3078.445
62 38 2470.088
62 39 12266.435
62 40 11160.734
62 41 4273.379
62 42 2501.852
62 43 9232.702
62 44 2633.810
62 45 13189.641
62 46 4526.227
62 47 6073.871
62 48 7774.565
62 49 7012.293
62 50 10342.898
62 51 8564.249
62 52 7831.573
62 53 3565.446
62 54 4044.273
62 55 7318.977
62 56 13523.391
62 57 5507.588
62 58 3058.747
62 59 11472.548
62 60 6106.012
62 61 7525.990
62 62 0.000
62 63 5744.442
62 64 3425.919
62 65 13324.222
62 66 11756.171
62 67 2923.249
62 68 12909.014
62 69 8180.176
62 70 4641.366
62 71 1202.510
62 72 6904.703
62 73 1221.542
62 74 7349.185
62 75 5005.870
62 76 6470.473
62 77 9857.729
62 78 2922.337
62 79 2685.531
62 80 7556.105
62 81 7509.714
62 82 7377.899
62 83 4184.165
62 84 1718.001
62 85 5818.670
62 86 5970.670
62 87 531.627
62 88 2080.010
62 89 12545.314
62 90 8545.235
62 91 620.547
62 92 9322.509
62 93 4477.638
62 94 4409.439
62 95 8346.082
62 96 8416.570
62 97 4155.507
62 98 1889.776
62 99 2146.873
62 100 6204.314
63 0 2048.004
63 1 6444.762
63 2 8816.017
63 3 4832.301
63 4 6092.237
63 5 2419.575
63 6 4476.012
63 7 3452.011
63 8 2695.243
63 9 7655.772
63 10 3750.560
63 11 3851.032
63 12 7393.477
63 13 10145.000
63 14 5456.665
63 15 1508.722
63 16 1675.203
63 17 1949.922
63 18 7139.546
63 19 4567.318
63 20 2242.683
63 21 8286.678
63 22 5735.505
63 23 6268.117
63 24 592.474
63 25 6550.777
63 26 4811.673
63 27 4199.674
63 28 1147.622
63 29 1404.640
63 30 11074.349
63 31 3473.720
63 32 5367.488
63 33 8047.954
63 34 3049.380
63 35 6920.593
63 36 4025.657
63 37 4181.018
63 38 4758.680
63 39 7053.268
63 40 5710.608
63 41 2228.326
63 42 4131.125
63 43 5701.686
63 44 3256.755
63 45 8152.516
63 46 1232.298
63 47 875.866
63 48 2137.498
63 49 7037.994
63 50 5218.569
63 51 7969.505
63 52 9177.375
63 53 6185.272
63 54 6554.738
63 55 8778.238
63 56 7944.886
63 57 3905.124
63 58 7236.829
63 59 5796.699
63 60 1487.445
63 61 2110.069
63 62 5744.442
63 63 0.000
63 64 5892.226
63 65 7653.667
63 66 7156.668
63 67 7525.702
63 68 7455.139
63 69 7407.912
63 70 5863.229
63 71 6243.424
63 72 6278.344
63 73 5353.087
63 74 3173.800
63 75 4588.516
63 76 5289.316
63 77 10743.269
63 78 7171.657
63 79 3216.298
63 80 2842.807
63 81 1812.692
63 82 8004.070
63 83 2747.363
63 84 6740.092
63 85 7989.945
63 86 5451.821
63 87 5259.731
63 88 6014.312
63 89 6828.596
63 90 4061.769
63 91 5877.653
63 92 5175.265
63 93 6036.393
63 94 9011.706
63 95 3106.048
63 96 8923.372
63 97 8273.043
63 98 7080.828
63 99 4027.351
63 100 567.101
64 0 7427.511
64 1 5189.150
64 2 11113.839
64 3 4060.417
64 4 8474.570
64 5 7012.192
64 6 7650.763
64 7 8492.314
64 8 3837.536
64 9 3666.224
64 10 9179.146
64 11 6098.196
64 12 4053.087
64 13 11844.989
64 14 11204.467
64 15 6504.735
64 16 7554.271
64 17 4642.503
64 18 1314.059
64 19 6293.626
64 20 7621.619
64 21 14122.287
64 22 4811.923
64 23 11762.449
64 24 6470.812
64 25 12188.278
64 26 3192.474
64 27 8927.133
64 28 6935.101
64 29 7280.168
64 30 13221.182
64 31 2502.744
64 32 11253.364
64 33 9785.375
64 34 5579.055
64 35 1992.459
64 36 2472.325
64 37 1728.541
64 38 1416.216
64 39 12945.098
64 40 11573.279
64 41 5692.116
64 42 5016.365
64 43 10954.104
64 44 3150.833
64 45 14039.774
64 46 4821.153
64 47 5711.446
64 48 7990.095
64 49 9921.528
64 50 11102.036
64 51 11387.351
64 52 11095.111
64 53 6822.688
64 54 761.279
64 55 10585.235
64 56 13703.507
64 57 7648.281
64 58 6483.852
64 59 11479.708
64 60 6962.182
64 61 6848.624
64 62 3425.919
64 63 5892.226
64 64 0.000
64 65 13300.169
64 66 12942.088
64 67 6314.838
64 68 13298.095
64 69 10926.618
64 70 1321.925
64 71 2518.918
64 72 9603.531
64 73 2232.046
64 74 8609.968
64 75 2405.517
64 76 8930.701
64 77 13093.313
64 78 1809.572
64 79 4345.365
64 80 8532.344
64 81 7207.205
64 82 10469.811
64 83 3206.324
64 84 2478.280
64 85 9146.177
64 86 8605.468
64 87 3542.788
64 88 1456.636
64 89 12382.158
64 90 9716.701
64 91 4044.172
64 92 10725.055
64 93 7572.702
64 94 3390.770
64 95 8984.817
64 96 11527.988
64 97 2510.454
64 98 5209.919
64 99 2452.409
64 100 6094.563
65 0 7204.276
65 1 13698.891
65 2 13165.743
65 3 12286.769
65 4 11433.334
65 5 8205.974
65 6 9985.790
65 7 7434.697
65 8 10325.189
65 9 15290.906
65 10 6541.951
65 11 10468.227
65 12 14976.726
65 13 14716.489
65 14 4970.976
65 15 6795.622
65 16 6262.620
65 17 9506.057
65 18 14603.224
65 19 11123.344
65 20 7127.797
65 21 1736.780
65 22 13031.736
65 23 6171.248
65 24 7176.928
65 25 5565.023
65 26 12413.666
65 27 7963.640
65 28 6954.136
65 29 6287.834
65 30 14942.900
65 31 11057.317
65 32 3055.393
65 33 13193.004
65 34 9987.708
65 35 14549.483
65 36 11006.465
65 37 11682.838
65 38 12338.603
65 39 2762.726
65 40 2514.641
65 41 9198.672
65 42 11294.698
65 43 6917.178
65 44 10910.259
65 45 3473.892
65 46 8882.728
65 47 7613.114
65 48 5553.849
65 49 11440.348
65 50 3793.412
65 51 11286.854
65 52 13801.955
65 53 12719.180
65 54 13859.988
65 55 13629.115
65 56 858.027
65 57 9252.754
65 58 14159.726
65 59 1857.376
65 60 7302.712
65 61 6495.911
65 62 13324.222
65 63 7653.667
65 64 13300.169
65 65 0.000
65 66 4697.446
65 67 14574.145
65 68 1608.754
65 69 10844.204
65 70 12903.936
65 71 13895.608
65 72 10545.026
65 73 13006.738
65 74 6681.202
65 75 11391.119
65 76 9759.480
65 77 14464.087
65 78 14760.183
65 79 10668.071
65 80 6149.013
65 81 6098.276
65 82 12461.600
65 83 10108.979
65 84 14393.448
65 85 13627.083
65 86 10378.000
65 87 12814.526
65 88 13634.802
65 89 1003.279
65 90 5755.193
65 91 13364.998
65 92 5930.912
65 93 12069.446
65 94 16580.841
65 95 5147.681
65 96 12897.524
65 97 15781.247
65 98 14407.901
65 99 11676.819
65 100 7298.923
66 0 5550.232
66 1 11525.792
66 2 9165.326
66 3 10554.049
66 4 8134.051
66 5 6210.522
66 6 7109.927
66 7 4837.344
66 8 9244.327
66 9 13809.790
66 10 3933.171
66 11 8189.749
66 12 13298.613
66 13 10680.329
66 14 1744.089
66 15 7245.145
66 16 5495.938
66 17 8376.245
66 18 14112.426
66 19 8657.376
66 20 5368.688
66 21 3536.665
66 22 10981.950
66 23 1927.024
66 24 6564.481
66 25 1183.826
66 26 10994.940
66 27 4898.280
66 28 6039.652
66 29 5908.264
66 30 10649.020
66 31 10444.409
66 32 2685.410
66 33 9543.858
66 34 8080.342
66 35 13594.568
66 36 11174.659
66 37 11214.027
66 38 11666.929
66 39 1936.310
66 40 2923.350
66 41 7545.953
66 42 9325.010
66 43 2981.930
66 44 9940.733
66 45 1843.053
66 46 8123.689
66 47 7642.957
66 48 5355.518
66 49 7670.328
66 50 2220.967
66 51 7102.787
66 52 9856.816
66 53 9976.086
66 54 13645.118
66 55 9797.220
66 56 4088.862
66 57 6517.240
66 58 11581.277
66 59 4252.669
66 60 5983.019
66 61 7341.052
66 62 11756.171
66 63 7156.668
66 64 12942.088
66 65 4697.446
66 66 0.000
66 67 12083.079
66 68 3133.665
66 69 6762.885
66 70 13018.251
66 71 12655.493
66 72 6871.124
66 73 11877.859
66 74 4433.810
66 75 11720.093
66 76 6373.759
66 77 10151.239
66 78 13960.002
66 79 9156.653
66 80 4410.475
66 81 6567.544
66 82 8578.999
66 83 9893.739
66 84 13215.883
66 85 10189.778
66 86 7072.178
66 87 11226.033
66 88 12761.867
66 89 4943.351
66 90 3256.214
66 91 11580.076
66 92 2468.831
66 93 9072.555
66 94 15784.015
66 95 4105.660
66 96 8778.707
66 97 15165.837
66 98 12268.701
66 99 10745.898
66 100 7143.445
67 0 7370.729
67 1 1241.174
67 2 5927.381
67 3 2948.713
67 4 4367.088
67 5 6371.034
67 6 4975.494
67 7 7380.247
67 8 5170.454
67 9 3524.413
67 10 8341.260
67 11 4109.466
67 12 2770.068
67 13 6101.025
67 14 10519.181
67 15 8972.149
67 16 8427.489
67 17 5634.083
67 18 6307.636
67 19 3492.804
67 20 7447.994
67 21 14657.315
67 22 1903.719
67 23 10291.065
67 24 7771.235
67 25 10973.716
67 26 3538.489
67 27 7185.659
67 28 7780.062
67 29 8581.482
67 30 7595.582
67 31 5711.248
67 32 11689.891
67 33 4480.522
67 34 4635.865
67 35 4874.770
67 36 7470.973
67 37 5925.680
67 38 5377.785
67 39 13013.687
67 40 12189.780
67 41 5473.783
67 42 3402.160
67 43 9219.405
67 44 5057.105
67 45 13741.818
67 46 6463.510
67 47 8098.926
67 48 9233.268
67 49 5629.960
67 50 11146.014
67 51 7170.537
67 52 5616.544
67 53 2156.622
67 54 6876.413
67 55 5128.929
67 56 14610.628
67 57 5583.432
67 58 545.686
67 59 12789.554
67 60 7326.893
67 61 9560.380
67 62 2923.249
67 63 7525.702
67 64 6314.838
67 65 14574.145
67 66 12083.079
67 67 0.000
67 68 13860.403
67 69 6946.967
67 70 7559.119
67 71 3858.328
67 72 5903.614
67 73 4144.193
67 74 8021.009
67 75 7879.152
67 76 5908.510
67 77 7618.867
67 78 5422.938
67 79 4366.549
67 80 8453.054
67 81 9332.257
67 82 5592.956
67 83 6759.021
67 84 4147.280
67 85 3568.266
67 86 5236.244
67 87 3003.542
67 88 4897.612
67 89 13930.630
67 90 9149.681
67 91 2338.126
67 92 9627.946
67 93 3202.986
67 94 6353.415
67 95 9427.088
67 96 6508.573
67 97 6459.602
67 98 1143.881
67 99 4861.099
67 100 8069.366
68 0 6587.958
68 1 13083.409
68 2 11916.622
68 3 11799.770
68 4 10409.529
68 5 7526.045
68 6 9075.565
68 7 6530.112
68 8 10018.351
68 9 14929.600
68 10 5584.057
68 11 9763.749
68 12 14544.713
68 13 13461.984
68 14 3697.635
68 15 6894.306
68 16 5885.418
68 17 9160.000
68 18 14572.892
68 19 10370.294
68 20 6472.707
68 21 834.101
68 22 12449.132
68 23 4751.124
68 24 6913.436
68 25 4091.485
68 26 12035.086
68 27 6937.841
68 28 6572.555
68 29 6050.501
68 30 13589.242
68 31 10927.746
68 32 2192.301
68 33 12068.714
68 34 9394.370
68 35 14359.555
68 36 11146.425
68 37 11615.607
68 38 12213.589
68 39 1208.814
68 40 1755.693
68 41 8667.187
68 42 10710.080
68 43 5602.702
68 44 10655.262
68 45 1898.552
68 46 8643.211
68 47 7599.737
68 48 5321.674
68 49 10258.661
68 50 2733.607
68 51 9959.476
68 52 12576.553
68 53 11898.594
68 54 13914.948
68 55 12443.492
68 56 965.672
68 57 8369.886
68 58 13411.850
68 59 2139.143
68 60 6803.109
68 61 6726.341
68 62 12909.014
68 63 7455.139
68 64 13298.095
68 65 1608.754
68 66 3133.665
68 67 13860.403
68 68 0.000
68 69 9549.968
68 70 13058.776
68 71 13599.922
68 72 9385.158
68 73 12736.286
68 74 5842.829
68 75 11594.819
68 76 8680.704
68 77 13101.401
68 78 14625.736
68 79 10223.805
68 80 5433.022
68 81 6161.505
68 82 11249.900
68 83 10094.561
68 84 14125.501
68 85 12579.918
68 86 9336.079
68 87 12384.818
68 88 13460.980
68 89 2159.856
68 90 4767.623
68 91 12876.746
68 92 4692.756
68 93 11155.097
68 94 16466.660
68 95 4563.322
68 96 11603.540
68 97 15721.363
68 98 13812.330
68 99 11450.968
68 100 7203.917
69 0 5569.087
69 1 7023.730
69 2 2402.649
69 3 7077.684
69 4 2675.374
69 5 4991.504
69 6 3334.072
69 7 4288.048
69 8 7386.876
69 9 9911.010
69 10 4750.079
69 11 4838.304
69 12 9195.375
69 13 3925.438
69 14 5880.344
69 15 8655.694
69 16 6781.875
69 17 6902.767
69 18 11642.379
69 19 4674.254
69 20 5435.973
69 21 10156.258
69 22 6833.006
69 23 4867.363
69 24 7102.703
69 25 5597.424
69 26 7887.901
69 27 3468.558
69 28 6617.186
69 29 7293.416
69 30 4146.670
69 31 8801.394
69 32 7850.419
69 33 3042.852
69 34 5483.422
69 35 10535.290
69 36 10426.566
69 37 9518.995
69 38 9522.902
69 39 8396.827
69 40 8379.900
69 41 5757.913
69 42 5932.835
69 43 3947.759
69 44 7946.346
69 45 8605.750
69 46 7369.343
69 47 8282.019
69 48 7453.223
69 49 1324.977
69 50 7073.105
69 51 564.122
69 52 3099.304
69 53 4919.161
69 54 11680.436
69 55 3093.771
69 56 10493.579
69 57 3609.201
69 58 6403.684
69 59 9545.320
69 60 6045.369
69 61 9161.846
69 62 8180.176
69 63 7407.912
69 64 10926.618
69 65 10844.204
69 66 6762.885
69 67 6946.967
69 68 9549.968
69 69 0.000
69 70 11678.920
69 71 9368.394
69 72 1323.834
69 73 8965.382
69 74 4994.933
69 75 11034.085
69 76 2164.736
69 77 3698.041
69 78 11059.242
69 79 6638.354
69 80 5698.044
69 81 8444.511
69 82 1888.199
69 83 9059.453
69 84 9898.176
69 85 3904.596
69 86 2325.124
69 87 7769.517
69 88 10014.385
69 89 10637.979
69 90 5336.178
69 91 7700.826
69 92 4913.977
69 93 3844.093
69 94 12574.070
69 95 6629.960
69 96 2055.334
69 97 12319.264
69 98 7652.517
69 99 8501.967
69 100 7860.793
70 0 7635.726
70 1 6396.029
70 2 12075.164
70 3 5103.601
70 4 9350.909
70 5 7390.232
70 6 8353.233
70 7 8835.245
70 8 4339.484
70 9 4982.288
70 10 9418.662
70 11 6850.333
70 12 5373.173
70 13 12901.779
70 14 11307.324
70 15 6167.565
70 16 7533.921
70 17 5016.712
70 18 2258.976
70 19 7153.784
70 20 7837.545
70 21 13866.955
70 22 5955.605
70 23 12005.962
70 24 6455.701
70 25 12363.567
70 26 4255.409
70 27 9364.970
70 28 6982.307
70 29 7179.183
70 30 14236.876
70 31 2904.052
70 32 11111.000
70 33 10797.879
70 34 6215.325
70 35 3285.799
70 36 1912.422
70 37 2160.044
70 38 2306.987
70 39 12823.604
70 40 11378.369
70 41 6155.281
70 42 5889.456
70 43 11283.318
70 44 3734.852
70 45 13965.666
70 46 4973.459
70 47 5491.931
70 48 7843.015
70 49 10762.759
70 50 11052.479
70 51 12168.012
70 52 12110.423
70 53 7880.720
70 54 1233.628
70 55 11605.901
70 56 13377.661
70 57 8243.362
70 58 7691.132
70 59 11131.718
70 60 7121.598
70 61 6409.054
70 62 4641.366
70 63 5863.229
70 64 1321.925
70 65 12903.936
70 66 13018.251
70 67 7559.119
70 68 13058.776
70 69 11678.920
70 70 0.000
70 71 3822.702
70 72 10358.215
70 73 3421.219
70 74 8835.449
70 75 1537.585
70 76 9603.751
70 77 14078.332
70 78 3017.813
70 79 5042.029
70 80 8652.871
70 81 6898.188
70 82 11392.191
70 83 3128.460
70 84 3799.985
70 85 10219.078
70 86 9356.653
70 87 4680.195
70 88 2768.150
70 89 11950.263
70 90 9867.010
70 91 5248.233
70 92 10935.050
70 93 8540.179
70 94 4311.082
70 95 8956.935
70 96 12450.230
70 97 3367.892
70 98 6475.872
70 99 3229.229
70 100 5943.845
71 0 7164.830
71 1 2835.814
71 2 9132.114
71 3 2324.808
71 4 6742.757
71 5 6448.376
71 6 6344.036
71 7 7880.052
71 8 3584.979
71 9 1490.822
71 10 8729.855
71 11 4816.580
71 12 1601.512
71 13 9670.348
71 14 10924.924
71 15 7324.553
71 16 7716.899
71 17 4440.239
71 18 2494.298
71 19 4736.199
71 20 7327.093
71 21 14433.732
71 22 2653.393
71 23 11190.137
71 24 6727.393
71 25 11734.072
71 26 1672.097
71 27 8095.843
71 28 7027.526
71 29 7614.439
71 30 11107.855
71 31 3043.547
71 32 11437.638
71 33 7727.524
71 34 4633.590
71 35 1174.674
71 36 4284.737
71 37 2773.579
71 38 2026.450
71 39 13034.622
71 40 11844.355
71 41 5110.949
71 42 3583.654
71 43 10243.614
71 44 2987.698
71 45 14010.436
71 46 5012.949
71 47 6418.506
71 48 8352.454
71 49 8211.303
71 50 11117.275
71 51 9759.685
71 52 9008.479
71 53 4757.640
71 54 3023.444
71 55 8496.288
71 56 14157.441
71 57 6573.996
71 58 4095.588
71 59 12038.259
71 60 6838.249
71 61 7811.010
71 62 1202.510
71 63 6243.424
71 64 2518.918
71 65 13895.608
71 66 12655.493
71 67 3858.328
71 68 13599.922
71 69 9368.394
71 70 3822.702
71 71 0.000
71 72 8084.159
71 73 903.037
71 74 8223.255
71 75 4510.237
71 76 7611.953
71 77 11038.025
71 78 1721.105
71 79 3498.843
71 80 8354.968
71 81 7917.723
71 82 8578.832
71 83 4199.942
71 84 568.160
71 85 6979.623
71 86 7137.120
71 87 1609.110
71 88 1063.972
71 89 13068.006
71 90 9412.144
71 91 1772.566
71 92 10257.535
71 93 5680.133
71 94 3266.036
71 95 9061.252
71 96 9615.591
71 97 2955.655
71 98 2726.950
71 99 2257.408
71 100 6636.839
72 0 4576.591
72 1 5842.811
72 2 2743.380
72 3 5779.723
72 4 1536.542
72 5 3865.679
72 6 2027.225
72 7 3454.521
72 8 6077.412
72 9 8690.863
72 10 4123.052
72 11 3514.710
72 12 7992.196
72 13 4260.834
72 14 5692.990
72 15 7605.081
72 16 5851.794
72 17 5624.120
72 18 10330.995
72 19 3366.500
72 20 4473.083
72 21 10062.921
72 22 5594.601
72 23 4946.302
72 24 6030.693
72 25 5688.103
72 26 6578.952
72 27 2703.318
72 28 5591.912
72 29 6329.548
72 30 4887.584
72 31 7485.876
72 32 7495.022
72 33 2692.273
72 34 4173.567
72 35 9245.876
72 36 9131.669
72 37 8198.601
72 38 8199.200
72 39 8298.264
72 40 8035.410
72 41 4496.036
72 42 4615.978
72 43 3898.557
72 44 6627.377
72 45 8691.256
72 46 6133.600
72 47 7153.760
72 48 6587.474
72 49 909.149
72 50 6754.860
72 51 1817.941
72 52 3301.783
72 53 3791.560
72 54 10357.851
72 55 3086.314
72 56 10293.455
72 57 2392.137
72 58 5358.343
72 59 9088.226
72 60 4999.213
72 61 8140.785
72 62 6904.703
72 63 6278.344
72 64 9603.531
72 65 10545.026
72 66 6871.124
72 67 5903.614
72 68 9385.158
72 69 1323.834
72 70 10358.215
72 71 8084.159
72 72 0.000
72 73 7656.559
72 74 4228.586
72 75 9736.664
72 76 1004.259
72 77 4510.620
72 78 9764.116
72 79 5316.666
72 80 4927.428
72 81 7469.612
72 82 1962.515
72 83 7776.776
72 84 8621.247
72 85 3329.479
72 86 1001.928
72 87 6479.394
72 88 8705.487
72 89 10222.015
72 90 4833.125
72 91 6447.157
72 92 4695.962
72 93 2712.260
72 94 11309.770
72 95 5937.148
72 96 2695.975
72 97 11028.516
72 98 6505.909
72 99 7178.168
72 100 6763.487
73 0 6355.026
73 1 2975.926
73 2 8954.239
73 3 1913.715
73 4 6409.012
73 5 5691.561
73 6 5812.240
73 7 7148.550
73 8 2718.976
73 9 2381.842
73 10 7967.846
73 11 4251.925
73 12 2364.884
73 13 9629.389
73 14 10140.027
73 15 6421.517
73 16 6850.879
73 17 3586.299
73 18 2678.936
73 19 4291.367
73 20 6524.333
73 21 13570.366
73 22 2580.957
73 23 10468.382
73 24 5846.816
73 25 10987.693
73 26 1077.644
73 27 7422.873
73 28 6165.268
73 29 6731.727
73 30 11022.602
73 31 2156.050
73 32 10582.919
73 33 7596.312
73 34 3947.329
73 35 1729.253
73 36 3539.905
73 37 1979.823
73 38 1291.180
73 39 12195.991
73 40 10980.674
73 41 4338.452
73 42 3053.235
73 43 9551.689
73 44 2096.647
73 45 13191.421
73 46 4125.269
73 47 5515.673
73 48 7470.283
73 49 7875.499
73 50 10284.008
73 51 9390.567
73 52 8900.716
73 53 4619.021
73 54 2895.301
73 55 8389.072
73 56 13279.736
73 57 5960.659
73 58 4271.770
73 59 11149.671
73 60 6003.137
73 61 6909.113
73 62 1221.542
73 63 5353.087
73 64 2232.046
73 65 13006.738
73 66 11877.859
73 67 4144.193
73 68 12736.286
73 69 8965.382
73 70 3421.219
73 71 903.037
73 72 7656.559
73 73 0.000
73 74 7444.952
73 75 3842.472
73 76 7097.155
73 77 10912.308
73 78 2168.464
73 79 2749.770
73 80 7539.276
73 81 7016.313
73 82 8343.695
73 83 3320.953
73 84 1390.512
73 85 6928.036
73 86 6680.037
73 87 1319.992
73 88 1049.038
73 89 12173.082
73 90 8625.091
73 91 1827.675
73 92 9507.890
73 93 5430.359
73 94 3926.167
73 95 8211.931
73 96 9396.555
73 97 3439.440
73 98 3088.856
73 99 1354.374
73 100 5738.212
74 0 1199.772
74 1 7291.034
74 2 6971.899
74 3 6164.238
74 4 4817.901
74 5 1792.403
74 6 3306.819
74 7 793.003
74 8 4838.053
74 9 9404.065
74 10 585.812
74 11 3942.038
74 12 8924.745
74 13 8481.825
74 14 2702.452
74 15 3971.144
74 16 1920.364
74 17 3983.523
74 18 9733.161
74 19 4528.899
74 20 998.087
74 21 6636.332
74 22 6689.488
74 23 3171.111
74 24 2650.241
74 25 3582.434
74 26 6566.517
74 27 1541.887
74 28 2061.484
74 29 2469.666
74 30 9063.152
74 31 6109.067
74 32 3692.671
74 33 6690.555
74 34 3689.671
74 35 9164.199
74 36 7100.396
74 37 6894.821
74 38 7288.039
74 39 5014.032
74 40 4211.514
74 41 3112.596
74 42 4977.122
74 43 2527.892
74 44 5539.094
74 45 5854.162
74 46 3862.051
74 47 3919.584
74 48 2478.655
74 49 5129.815
74 50 3125.713
74 51 5544.228
74 52 7512.588
74 53 6066.706
74 54 9336.684
74 55 7242.895
74 56 6623.404
74 57 2571.562
74 58 7569.078
74 59 5030.008
74 60 1732.532
74 61 4376.354
74 62 7349.185
74 63 3173.800
74 64 8609.968
74 65 6681.202
74 66 4433.810
74 67 8021.009
74 68 5842.829
74 69 4994.933
74 70 8835.449
74 71 8223.255
74 72 4228.586
74 73 7444.952
74 74 0.000
74 75 7690.115
74 76 3288.413
74 77 8648.815
74 78 9539.084
74 79 4724.909
74 80 705.466
74 81 3588.290
74 82 6185.485
74 83 5728.079
74 84 8782.748
74 85 7010.969
74 86 3809.626
74 87 6817.682
74 88 8341.044
74 89 6190.136
74 90 1196.117
74 91 7214.173
74 92 2115.253
74 93 5388.501
74 94 11356.416
74 95 1718.315
74 96 6876.382
74 97 10758.040
74 98 8029.052
74 99 6337.288
74 100 3409.489
75 0 6499.914
75 1 6650.697
75 2 11723.056
75 3 5101.585
75 4 8915.213
75 5 6416.586
75 6 7709.505
75 7 7793.197
75 8 3679.795
75 9 5882.655
75 10 8275.726
75 11 6321.017
75 12 6111.159
75 13 12703.986
75 14 10038.786
75 15 4703.150
75 16 6225.701
75 17 4152.599
75 18 3629.719
75 19 6759.028
75 20 6703.649
75 21 12395.046
75 22 6088.042
75 23 10836.924
75 24 5173.964
75 25 11139.002
75 26 4358.761
75 27 8403.835
75 28 5733.325
75 29 5824.816
75 30 13952.133
75 31 2382.527
75 32 9697.109
75 33 10548.980
75 34 5570.926
75 35 4330.160
75 36 613.598
75 37 1956.682
75 38 2551.484
75 39 11412.440
75 40 9938.493
75 41 5316.908
75 42 5573.366
75 43 10193.285
75 44 3253.361
75 45 12574.419
75 46 3891.714
75 47 4100.519
75 48 6452.186
75 49 10250.305
75 50 9688.702
75 51 11553.528
75 52 11847.734
75 53 7775.782
75 54 2670.205
75 55 11359.146
75 56 11883.094
75 57 7474.917
75 58 7905.798
75 59 9635.173
75 60 5957.644
75 61 4904.573
75 62 5005.870
75 63 4588.516
75 64 2405.517
75 65 11391.119
75 66 11720.093
75 67 7879.152
75 68 11594.819
75 69 11034.085
75 70 1537.585
75 71 4510.237
75 72 9736.664
75 73 3842.472
75 74 7690.115
75 75 0.000
75 76 8894.897
75 77 13742.975
75 78 4212.239
75 79 4548.820
75 80 7427.036
75 81 5437.641
75 82 10988.473
75 83 2021.828
75 84 4666.379
75 85 10088.373
75 86 8750.050
75 87 4877.859
75 88 3579.855
75 89 10430.840
75 90 8647.142
75 91 5548.720
75 92 9749.442
75 93 8262.889
75 94 5728.423
75 95 7624.022
75 96 12032.281
75 97 4802.851
75 98 6895.255
75 99 3079.073
75 100 4583.302
76 0 3574.141
76 1 5636.640
76 2 3713.368
76 3 5287.147
76 4 1763.512
76 5 2871.622
76 6 1287.635
76 7 2500.930
76 8 5278.155
76 9 8368.012
76 10 3249.896
76 11 2853.660
76 12 7709.764
76 13 5200.731
76 14 5030.459
76 15 6602.630
76 16 4854.612
76 17 4750.732
76 18 9744.425
76 19 2895.352
76 20 3474.277
76 21 9394.394
76 22 5276.690
76 23 4487.534
76 24 5029.591
76 25 5209.759
76 26 6028.767
76 27 1810.342
76 28 4587.665
76 29 5327.672
76 30 5887.810
76 31 6706.967
76 32 6704.387
76 33 3441.353
76 34 3388.535
76 35 8749.103
76 36 8284.822
76 37 7447.014
76 38 7515.779
76 39 7644.025
76 40 7244.910
76 41 3598.517
76 42 4048.765
76 43 3406.424
76 44 5871.537
76 45 8148.532
76 46 5204.691
76 47 6165.177
76 48 5600.360
76 49 1863.066
76 50 5993.863
76 51 2712.286
76 52 4227.548
76 53 3751.986
76 54 9690.716
76 55 3956.383
76 56 9562.187
76 57 1444.468
76 58 5375.697
76 59 8234.377
76 60 3995.325
76 61 7136.780
76 62 6470.473
76 63 5289.316
76 64 8930.701
76 65 9759.480
76 66 6373.759
76 67 5908.510
76 68 8680.704
76 69 2164.736
76 70 9603.751
76 71 7611.953
76 72 1004.259
76 73 7097.155
76 74 3288.413
76 75 8894.897
76 76 0.000
76 77 5514.586
76 78 9245.510
76 79 4592.549
76 80 3976.803
76 81 6466.277
76 82 2912.175
76 83 6907.399
76 84 8166.120
76 85 3899.898
76 86 701.024
76 87 6005.121
76 88 8138.637
76 89 9381.025
76 90 4007.435
76 91 6077.038
76 92 4045.803
76 93 2749.410
76 94 10871.818
76 95 5006.161
76 96 3698.301
76 97 10518.367
76 98 6345.317
76 99 6482.159
76 100 5766.992
77 0 9086.425
77 1 8263.688
77 2 2020.088
77 3 9033.053
77 4 4847.935
77 5 8353.024
77 6 6303.435
77 7 7907.469
77 8 10086.276
77 9 11098.993
77 10 8438.807
77 11 7453.693
77 12 10336.659
77 13 1643.408
77 14 9494.781
77 15 12106.030
77 16 10353.976
77 17 9827.197
77 18 13509.674
77 19 6985.348
77 20 8978.946
77 21 13648.762
77 22 8393.587
77 23 8353.345
77 24 10528.627
77 25 9043.501
77 26 9901.140
77 27 7107.854
77 28 10101.310
77 29 10838.417
77 30 505.303
77 31 11378.469
77 32 11511.241
77 33 3317.670
77 34 8269.391
77 35 12190.710
77 36 13166.459
77 37 11984.924
77 38 11787.096
77 39 11917.256
77 40 12033.697
77 41 8790.483
77 42 8209.207
77 43 7548.160
77 44 10498.723
77 45 11964.644
77 46 10453.025
77 47 11614.041
77 48 11070.460
77 49 3705.358
77 50 10726.703
77 51 3198.447
77 52 2032.375
77 53 6299.921
77 54 13798.772
77 55 2543.019
77 56 14059.193
77 57 6839.068
77 58 7173.590
77 59 13227.897
77 60 9506.743
77 61 12648.086
77 62 9857.729
77 63 10743.269
77 64 13093.313
77 65 14464.087
77 66 10151.239
77 67 7618.867
77 68 13101.401
77 69 3698.041
77 70 14078.332
77 71 11038.025
77 72 4510.620
77 73 10912.308
77 74 8648.815
77 75 13742.975
77 76 5514.586
77 77 0.000
77 78 12748.113
77 79 9194.221
77 80 9354.281
77 81 11979.988
77 82 2784.460
77 83 11907.382
77 84 11476.159
77 85 4090.632
77 86 5293.412
77 87 9597.817
77 88 11910.285
77 89 14306.441
77 90 9033.843
77 91 9265.656
77 92 8558.200
77 93 5538.237
77 94 13928.246
77 95 10313.090
77 96 1821.707
77 97 13914.703
77 98 8656.867
77 99 10858.349
77 100 11246.992
78 0 8412.782
78 1 4508.259
78 2 10851.029
78 3 3984.450
78 4 8450.511
78 5 7814.545
78 6 7964.647
78 7 9284.715
78 8 4719.865
78 9 2167.276
78 10 10077.186
78 11 6410.768
78 12 2768.279
78 13 11359.334
78 14 12216.884
78 15 8006.273
78 16 8769.106
78 17 5593.582
78 18 954.542
78 19 6401.356
78 20 8591.639
78 21 15457.857
78 22 4373.190
78 23 12604.592
78 24 7715.363
78 25 13104.469
78 26 3218.647
78 27 9584.497
78 28 8104.634
78 29 8575.916
78 30 12808.236
78 31 3708.015
78 32 12513.241
78 33 9441.860
78 34 6111.212
78 35 558.751
78 36 4226.824
78 37 3098.276
78 38 2422.471
78 39 14166.416
78 40 12877.565
78 41 6456.707
78 42 5196.811
78 43 11704.724
78 44 4031.643
78 45 15204.073
78 46 5991.374
78 47 7151.563
78 48 9308.519
78 49 9920.282
78 50 12274.755
78 51 11461.683
78 52 10716.921
78 53 6476.952
78 54 1865.749
78 55 10205.303
78 56 15103.213
78 57 8128.851
78 58 5724.421
78 59 12915.416
78 60 8017.131
78 61 8411.292
78 62 2922.337
78 63 7171.657
78 64 1809.572
78 65 14760.183
78 66 13960.002
78 67 5422.938
78 68 14625.736
78 69 11059.242
78 70 3017.813
78 71 1721.105
78 72 9764.116
78 73 2168.464
78 74 9539.084
78 75 4212.239
78 76 9245.510
78 77 12748.113
78 78 0.000
78 79 4898.381
78 80 9579.529
78 81 8672.702
78 82 10299.823
78 83 4690.309
78 84 1286.140
78 85 8678.370
78 86 8802.417
78 87 3291.118
78 88 1198.235
78 89 13876.097
78 90 10703.918
78 91 3488.576
78 92 11624.582
78 93 7399.199
78 94 1843.761
78 95 10172.375
78 96 11336.606
78 97 1273.650
78 98 4279.832
78 99 3222.331
78 100 7468.449
79 0 3691.407
79 1 3238.379
79 2 7174.257
79 3 1631.071
79 4 4372.251
79 5 2951.310
79 6 3322.449
79 7 4399.363
79 8 946.307
79 9 4720.956
79 10 5232.417
79 11 1810.779
79 12 4324.308
79 13 8191.047
79 14 7427.074
79 15 4617.587
79 16 4406.323
79 17 1277.834
79 18 5248.182
79 19 2212.691
79 20 3844.335
79 21 11053.649
79 22 2526.490
79 23 7718.751
79 24 3555.093
79 25 8244.133
79 26 1845.428
79 27 4691.038
79 28 3713.939
79 29 4425.303
79 30 9408.084
79 31 2199.836
79 32 8039.114
79 33 6025.009
79 34 1242.125
79 35 4479.020
79 36 3974.993
79 37 2883.428
79 38 2929.154
79 39 9588.755
79 40 8476.512
79 41 1614.180
79 42 1133.704
79 43 6806.522
79 44 1322.973
79 45 10532.631
79 46 2098.627
79 47 3734.366
79 48 5137.086
79 49 5742.125
79 50 7665.691
79 51 7126.109
79 52 7313.045
79 53 3438.787
79 54 5106.530
79 55 6831.781
79 56 10846.106
79 57 3310.617
79 58 4141.106
79 59 8823.296
79 60 3420.697
79 61 5200.074
79 62 2685.531
79 63 3216.298
79 64 4345.365
79 65 10668.071
79 66 9156.653
79 67 4366.549
79 68 10223.805
79 69 6638.354
79 70 5042.029
79 71 3498.843
79 72 5316.666
79 73 2749.770
79 74 4724.909
79 75 4548.820
79 76 4592.549
79 77 9194.221
79 78 4898.381
79 79 0.000
79 80 4884.005
79 81 5027.449
79 82 6442.863
79 83 2794.802
79 84 4060.114
79 85 5645.170
79 86 4314.902
79 87 2161.348
79 88 3717.184
79 89 9915.616
79 90 5915.438
79 91 2701.512
79 92 6765.416
79 93 3745.911
79 94 6675.855
79 95 5660.679
79 96 7490.639
79 97 6155.150
79 98 3864.535
79 99 1893.076
79 100 3736.724
80 0 1192.659
80 1 7650.461
80 2 7670.677
80 3 6406.685
80 4 5457.967
80 5 2093.819
80 6 3897.024
80 7 1476.216
80 8 4860.141
80 9 9602.527
80 10 1077.550
80 11 4344.815
80 12 9167.276
80 13 9175.490
80 14 2672.539
80 15 3420.976
80 16 1357.959
80 17 3985.963
80 18 9704.731
80 19 4980.562
80 20 1049.394
80 21 6247.618
80 22 7018.322
80 23 3432.363
80 24 2270.583
80 25 3715.618
80 26 6726.399
80 27 2247.124
80 28 1695.253
80 29 1901.327
80 30 9768.282
80 31 6033.939
80 32 3246.001
80 33 7356.496
80 34 3968.412
80 35 9236.743
80 36 6855.085
80 37 6804.751
80 38 7260.887
80 39 4711.934
80 40 3737.441
80 41 3282.867
80 42 5281.887
80 43 2976.836
80 44 5549.524
80 45 5655.487
80 46 3717.749
80 47 3495.064
80 48 1802.198
80 49 5825.927
80 50 2789.017
80 51 6245.792
80 52 8204.029
80 53 6570.575
80 54 9239.044
80 55 7925.387
80 56 6157.937
80 57 3152.401
80 58 8023.128
80 59 4437.251
80 60 1573.205
80 61 3777.148
80 62 7556.105
80 63 2842.807
80 64 8532.344
80 65 6149.013
80 66 4410.475
80 67 8453.054
80 68 5433.022
80 69 5698.044
80 70 8652.871
80 71 8354.968
80 72 4927.428
80 73 7539.276
80 74 705.466
80 75 7427.036
80 76 3976.803
80 77 9354.281
80 78 9579.529
80 79 4884.005
80 80 0.000
80 81 2969.825
80 82 6881.036
80 83 5524.998
80 84 8904.616
80 85 7641.989
80 86 4473.455
80 87 7025.869
80 88 8383.505
80 89 5598.652
80 90 1220.156
80 91 7476.055
80 92 2337.176
80 93 5958.555
80 94 11413.699
80 95 1056.708
80 96 7580.916
80 97 10769.896
80 98 8379.511
80 99 6358.010
80 100 2975.918
81 0 2894.039
81 1 8257.442
81 2 10142.225
81 3 6637.355
81 4 7559.118
81 5 3708.301
81 6 5901.346
81 7 4180.625
81 8 4452.346
81 9 9365.192
81 10 4046.986
81 11 5547.699
81 12 9148.724
81 13 11555.709
81 14 5051.346
81 15 734.676
81 16 1679.497
81 17 3755.880
81 18 8506.748
81 19 6271.683
81 20 3011.515
81 21 6968.884
81 22 7548.164
81 23 6173.531
81 24 1624.331
81 25 6250.353
81 26 6569.951
81 27 5005.192
81 28 1899.564
81 29 1151.256
81 30 12352.140
81 31 4984.176
81 32 4293.656
81 33 9533.965
81 34 4794.987
81 35 8485.487
81 36 4985.781
81 37 5586.679
81 38 6255.659
81 39 6003.809
81 40 4504.653
81 41 3949.018
81 42 5932.781
81 43 5907.602
81 44 4945.303
81 45 7190.060
81 46 2987.421
81 47 1522.028
81 48 1270.980
81 49 8307.871
81 50 4399.080
81 51 9006.491
81 52 10576.751
81 53 7917.335
81 54 7787.372
81 55 10217.800
81 56 6503.189
81 57 5231.235
81 58 9032.255
81 59 4272.644
81 60 2501.379
81 61 822.607
81 62 7509.714
81 63 1812.692
81 64 7207.205
81 65 6098.276
81 66 6567.544
81 67 9332.257
81 68 6161.505
81 69 8444.511
81 70 6898.188
81 71 7917.723
81 72 7469.612
81 73 7016.313
81 74 3588.290
81 75 5437.641
81 76 6466.277
81 77 11979.988
81 78 8672.702
81 79 5027.449
81 80 2969.825
81 81 0.000
81 82 9328.377
81 83 4010.819
81 84 8384.257
81 85 9580.695
81 86 6773.948
81 87 7038.973
81 88 7567.152
81 89 5203.408
81 90 3989.707
81 91 7672.993
81 92 5112.573
81 93 7665.733
81 94 10486.080
81 95 2571.639
81 96 10164.523
81 97 9683.063
81 98 8891.508
81 99 5665.020
81 100 1306.307
82 0 6453.712
82 1 5947.017
82 2 814.925
82 3 6434.446
82 4 2074.341
82 5 5647.343
82 6 3537.590
82 7 5405.360
82 8 7319.581
82 9 8864.003
82 10 6084.126
82 11 4679.694
82 12 8113.751
82 13 2298.407
82 14 7553.079
82 15 9402.439
82 16 7749.174
82 17 7043.024
82 18 10995.668
82 19 4249.343
82 20 6368.335
82 21 11896.295
82 22 5932.976
82 23 6661.036
82 24 7824.949
82 25 7401.033
82 26 7296.594
82 27 4665.484
82 28 7432.524
82 29 8204.267
82 30 3075.446
82 31 8637.845
82 32 9421.467
82 33 1239.505
82 34 5487.339
82 35 9751.013
82 36 10405.522
82 37 9271.142
82 38 9124.341
82 39 10129.622
82 40 9960.276
82 41 6010.159
82 42 5502.920
82 43 5675.075
82 44 7757.505
82 45 10420.023
82 46 7671.990
82 47 8869.059
82 48 8508.009
82 49 1055.834
82 50 8668.225
82 51 1803.516
82 52 1344.594
82 53 3844.297
82 54 11195.807
82 55 1219.592
82 56 12174.733
82 57 4118.263
82 58 5074.499
82 59 11039.470
82 60 6831.831
82 61 9960.019
82 62 7377.899
82 63 8004.070
82 64 10469.811
82 65 12461.600
82 66 8578.999
82 67 5592.956
82 68 11249.900
82 69 1888.199
82 70 11392.191
82 71 8578.832
82 72 1962.515
82 73 8343.695
82 74 6185.485
82 75 10988.473
82 76 2912.175
82 77 2784.460
82 78 10299.823
82 79 6442.863
82 80 6881.036
82 81 9328.377
82 82 0.000
82 83 9130.571
82 84 9061.751
82 85 2184.981
82 86 2562.752
82 87 7054.381
82 88 9371.240
82 89 12167.368
82 90 6782.502
82 91 6822.487
82 92 6561.262
82 93 2914.168
82 94 11642.268
82 95 7897.427
82 96 1059.017
82 97 11516.949
82 98 6471.697
82 99 8163.127
82 100 8521.630
83 0 4529.683
83 1 5525.376
83 2 9890.880
83 3 3814.815
83 4 7059.659
83 5 4396.080
83 6 5755.197
83 7 5787.289
83 8 1853.135
83 9 5690.763
83 10 6313.320
83 11 4453.829
83 12 5660.721
83 13 10969.243
83 14 8179.410
83 15 3323.977
83 16 4422.474
83 17 2157.002
83 18 4497.772
83 19 4976.210
83 20 4732.865
83 21 10917.474
83 22 4861.960
83 23 8893.658
83 24 3338.571
83 25 9237.523
83 26 3309.480
83 27 6384.084
83 28 3855.169
83 29 4102.413
83 30 12147.390
83 31 1169.687
83 32 8069.855
83 33 8799.899
83 34 3650.999
83 35 4557.971
83 36 1409.758
83 37 1592.086
83 38 2310.755
83 39 9771.700
83 40 8375.685
83 41 3313.529
83 42 3910.728
83 43 8207.687
83 44 1708.685
83 45 10889.289
83 46 1883.973
83 47 2505.925
83 48 4798.142
83 49 8337.534
83 50 7960.752
83 51 9588.129
83 52 10074.184
83 53 6207.719
83 54 3828.684
83 55 9601.972
83 56 10498.894
83 57 5476.385
83 58 6662.945
83 59 8280.079
83 60 4003.655
83 61 3722.443
83 62 4184.165
83 63 2747.363
83 64 3206.324
83 65 10108.979
83 66 9893.739
83 67 6759.021
83 68 10094.561
83 69 9059.453
83 70 3128.460
83 71 4199.942
83 72 7776.776
83 73 3320.953
83 74 5728.079
83 75 2021.828
83 76 6907.399
83 77 11907.382
83 78 4690.309
83 79 2794.802
83 80 5524.998
83 81 4010.819
83 82 9130.571
83 83 0.000
83 84 4579.164
83 85 8439.928
83 86 6803.252
83 87 3862.475
83 88 3644.188
83 89 9204.986
83 90 6740.421
83 91 4576.989
83 92 7816.507
83 93 6531.580
83 94 6484.202
83 95 5852.222
83 96 10158.308
83 97 5672.271
83 98 5954.081
83 99 2044.176
83 100 2894.963
84 0 7716.026
84 1 3225.169
84 2 9593.936
84 3 2880.748
84 4 7259.688
84 5 7010.944
84 6 6901.982
84 7 8445.972
84 8 4107.232
84 9 1216.690
84 10 9292.332
84 11 5380.067
84 12 1596.804
84 13 10076.541
84 14 11483.598
84 15 7773.026
84 16 8240.259
84 17 4970.876
84 18 2164.678
84 19 5283.640
84 20 7880.449
84 21 14959.548
84 22 3129.077
84 23 11757.190
84 24 7237.075
84 25 12299.062
84 26 2239.502
84 27 8663.987
84 28 7553.632
84 29 8121.537
84 30 11529.485
84 31 3448.774
84 32 11969.408
84 33 8176.177
84 34 5201.294
84 35 730.020
84 36 4510.341
84 37 3074.706
84 38 2313.194
84 39 13575.594
84 40 12369.828
84 41 5670.154
84 42 4146.110
84 43 10811.713
84 44 3485.328
84 45 14559.796
84 46 5514.069
84 47 6874.736
84 48 8860.147
84 49 8725.449
84 50 11660.559
84 51 10280.424
84 52 9444.082
84 53 5225.018
84 54 2855.234
84 55 8933.170
84 56 14670.088
84 57 7140.116
84 58 4439.027
84 59 12536.708
84 60 7379.778
84 61 8242.614
84 62 1718.001
84 63 6740.092
84 64 2478.280
84 65 14393.448
84 66 13215.883
84 67 4147.280
84 68 14125.501
84 69 9898.176
84 70 3799.985
84 71 568.160
84 72 8621.247
84 73 1390.512
84 74 8782.748
84 75 4666.379
84 76 8166.120
84 77 11476.159
84 78 1286.140
84 79 4060.114
84 80 8904.616
84 81 8384.257
84 82 9061.751
84 83 4579.164
84 84 0.000
84 85 7400.034
84 86 7681.666
84 87 2161.118
84 88 1087.203
84 89 13554.289
84 90 9970.069
84 91 2239.363
84 92 10821.972
84 93 6177.260
84 94 2706.322
84 95 9596.054
84 96 10090.879
84 97 2455.253
84 98 3003.402
84 99 2722.080
84 100 7115.318
85 0 6901.979
85 1 4178.976
85 2 2372.623
85 3 5115.790
85 4 2196.705
85 5 5927.841
85 6 3773.979
85 7 6226.689
85 8 6589.275
85 9 7012.312
85 10 7086.336
85 11 4189.333
85 12 6250.206
85 13 2701.858
85 14 8925.459
85 15 9485.388
85 16 8191.277
85 17 6576.591
85 18 9466.333
85 19 3528.691
85 20 6879.555
85 21 13293.413
85 22 4362.221
85 23 8269.015
85 24 7971.311
85 25 9008.834
85 26 5971.892
85 27 5666.374
85 28 7716.943
85 29 8549.847
85 30 4129.866
85 31 7708.906
85 32 10577.655
85 33 960.106
85 34 5045.682
85 35 8119.865
85 36 9553.781
85 37 8216.579
85 38 7912.148
85 39 11540.188
85 40 11116.285
85 41 5784.574
85 42 4540.573
85 43 7209.453
85 44 6854.778
85 45 11998.562
85 46 7340.662
85 47 8790.232
85 48 9011.269
85 49 2646.769
85 50 9883.685
85 51 3951.032
85 52 2063.726
85 53 2338.923
85 54 9822.978
85 55 1564.879
85 56 13456.082
85 57 4513.351
85 58 3096.213
85 59 12037.561
85 60 7131.944
85 61 10079.394
85 62 5818.670
85 63 7989.945
85 64 9146.177
85 65 13627.083
85 66 10189.778
85 67 3568.266
85 68 12579.918
85 69 3904.596
85 70 10219.078
85 71 6979.623
85 72 3329.479
85 73 6928.036
85 74 7010.969
85 75 10088.373
85 76 3899.898
85 77 4090.632
85 78 8678.370
85 79 5645.170
85 80 7641.989
85 81 9580.695
85 82 2184.981
85 83 8439.928
85 84 7400.034
85 85 0.000
85 86 3251.549
85 87 5608.403
85 88 7891.998
85 89 13195.384
85 90 7874.353
85 91 5213.219
85 92 7935.477
85 93 1969.853
85 94 9839.146
85 95 8698.606
85 96 2976.388
85 97 9829.928
85 98 4571.346
85 99 7065.371
85 100 8550.172
86 0 3917.389
86 1 5025.394
86 2 3377.607
86 3 4820.470
86 4 1077.090
86 5 3084.700
86 6 1049.909
86 7 3017.063
86 8 5083.454
86 9 7812.958
86 10 3841.349
86 11 2513.219
86 12 7135.059
86 13 4788.484
86 14 5706.153
86 15 6839.843
86 16 5221.619
86 17 4658.056
86 18 9349.662
86 19 2402.294
86 20 3847.680
86 21 10060.341
86 22 4711.722
86 23 5188.470
86 24 5262.218
86 25 5909.902
86 26 5603.369
86 27 2415.162
86 28 4875.558
86 29 5659.036
86 30 5623.930
86 31 6487.140
86 32 7326.874
86 33 2883.079
86 34 3181.034
86 35 8291.234
86 36 8147.250
86 37 7197.199
86 38 7199.502
86 39 8316.206
86 40 7865.919
86 41 3551.823
86 42 3631.143
86 43 4107.227
86 44 5626.730
86 45 8841.325
86 46 5206.415
86 47 6321.213
86 48 6002.725
86 49 1591.847
86 50 6633.003
86 51 2814.550
86 52 3808.375
86 53 3081.070
86 54 9360.762
86 55 3479.280
86 56 10206.227
86 57 1555.683
86 58 4699.507
86 59 8812.423
86 60 4274.039
86 61 7397.604
86 62 5970.670
86 63 5451.821
86 64 8605.468
86 65 10378.000
86 66 7072.178
86 67 5236.244
86 68 9336.079
86 69 2325.124
86 70 9356.653
86 71 7137.120
86 72 1001.928
86 73 6680.037
86 74 3809.626
86 75 8750.050
86 76 701.024
86 77 5293.412
86 78 8802.417
86 79 4314.902
86 80 4473.455
86 81 6773.948
86 82 2562.752
86 83 6803.252
86 84 7681.666
86 85 3251.549
86 86 0.000
86 87 5528.547
86 88 7728.083
86 89 9966.033
86 90 4623.675
86 91 5540.772
86 92 4727.782
86 93 2057.429
86 94 10380.109
86 95 5521.919
86 96 3476.704
86 97 10070.740
86 98 5719.853
86 99 6177.144
86 100 5962.861
87 0 5835.645
87 1 1773.138
87 2 7648.508
87 3 721.232
87 4 5163.082
87 5 5025.725
87 6 4741.743
87 7 6406.109
87 8 2590.717
87 9 2586.400
87 10 7293.201
87 11 3231.721
87 12 2164.641
87 13 8309.560
87 14 9514.409
87 15 6539.351
87 16 6558.327
87 17 3326.260
87 18 3941.359
87 19 3127.182
87 20 5979.612
87 21 13214.323
87 22 1276.296
87 23 9689.112
87 24 5662.275
87 25 10261.239
87 26 554.451
87 27 6559.057
87 28 5864.152
87 29 6545.516
87 30 9703.850
87 31 2750.680
87 32 10199.132
87 33 6280.699
87 34 3147.299
87 35 2766.639
87 36 4469.582
87 37 2922.739
87 38 2413.394
87 39 11736.700
87 40 10637.860
87 41 3743.011
87 42 1997.246
87 43 8715.383
87 44 2234.821
87 45 12658.124
87 46 4051.641
87 47 5624.933
87 48 7269.007
87 49 6633.152
87 50 9813.171
87 51 8170.830
87 52 7583.172
87 53 3300.893
87 54 4215.290
87 55 7071.242
87 56 13005.134
87 57 5002.838
87 58 3044.020
87 59 10964.858
87 60 5581.783
87 61 7086.069
87 62 531.627
87 63 5259.731
87 64 3542.788
87 65 12814.526
87 66 11226.033
87 67 3003.542
87 68 12384.818
87 69 7769.517
87 70 4680.195
87 71 1609.110
87 72 6479.394
87 73 1319.992
87 74 6817.682
87 75 4877.859
87 76 6005.121
87 77 9597.817
87 78 3291.118
87 79 2161.348
87 80 7025.869
87 81 7038.973
87 82 7054.381
87 83 3862.475
87 84 2161.118
87 85 5608.403
87 86 5528.547
87 87 0.000
87 88 2319.265
87 89 12043.861
87 90 8013.712
87 91 714.764
87 92 8794.466
87 93 4140.980
87 94 4867.290
87 95 7821.540
87 96 8102.859
87 97 4550.076
87 98 2095.746
87 99 1875.713
87 100 5732.666
88 0 7215.145
88 1 3819.666
88 2 9967.283
88 3 2954.612
88 4 7452.329
88 5 6620.125
88 6 6852.370
88 7 8092.904
88 8 3523.380
88 9 2303.892
88 10 8880.064
88 11 5289.026
88 12 2610.823
88 13 10592.749
88 14 11018.838
88 15 6921.346
88 16 7592.229
88 17 4397.938
88 18 1632.219
88 19 5340.405
88 20 7393.624
88 21 14294.067
88 22 3529.908
88 23 11411.821
88 24 6547.561
88 25 11907.758
88 26 2126.666
88 27 8407.926
88 28 6922.532
88 29 7415.940
88 30 12005.685
88 31 2582.980
88 32 11337.304
88 33 8592.623
88 34 4941.400
88 35 918.991
88 36 3441.474
88 37 2077.603
88 38 1333.470
88 39 12982.759
88 40 11709.793
88 41 5262.283
88 42 4099.380
88 43 10519.605
88 44 2838.656
88 45 14013.108
88 46 4818.726
88 47 6045.770
88 48 8151.511
88 49 8920.071
88 50 11086.544
88 51 10438.474
88 52 9890.345
88 53 5610.379
88 54 1981.403
88 55 9377.861
88 56 13956.874
88 57 6978.295
88 58 5102.913
88 59 11784.304
88 60 6823.159
88 61 7356.686
88 62 2080.010
88 63 6014.312
88 64 1456.636
88 65 13634.802
88 66 12761.867
88 67 4897.612
88 68 13460.980
88 69 10014.385
88 70 2768.150
88 71 1063.972
88 72 8705.487
88 73 1049.038
88 74 8341.044
88 75 3579.855
88 76 8138.637
88 77 11910.285
88 78 1198.235
88 79 3717.184
88 80 8383.505
88 81 7567.152
88 82 9371.240
88 83 3644.188
88 84 1087.203
88 85 7891.998
88 86 7728.083
88 87 2319.265
88 88 0.000
88 89 12766.039
88 90 9505.751
88 91 2697.365
88 92 10428.045
88 93 6457.117
88 94 3031.724
88 95 8988.474
88 96 10421.154
88 97 2438.394
88 98 3776.889
88 99 2029.467
88 100 6335.931
89 0 6574.545
89 1 13008.870
89 2 12900.653
89 3 11543.470
89 4 10999.208
89 5 7593.873
89 6 9487.989
89 7 6969.274
89 8 9518.352
89 9 14483.685
89 10 6131.964
89 11 9844.333
89 12 14198.761
89 13 14448.405
89 14 4858.734
89 15 5882.092
89 16 5534.458
89 17 8720.806
89 18 13689.772
89 19 10520.934
89 20 6520.313
89 21 2570.824
89 22 12328.878
89 23 6166.762
89 24 6383.338
89 25 5642.420
89 26 11623.770
89 27 7571.015
89 28 6214.445
89 29 5498.358
89 30 14773.231
89 31 10183.753
89 32 2797.109
89 33 12821.939
89 34 9310.241
89 35 13683.380
89 36 10060.282
89 37 10787.661
89 38 11458.548
89 39 3092.047
89 40 2287.787
89 41 8498.507
89 42 10602.821
89 43 6783.554
89 44 10080.402
89 45 4042.700
89 46 8060.894
89 47 6724.970
89 48 4778.595
89 49 11127.751
89 50 3585.738
89 51 11110.216
89 52 13511.942
89 53 12144.837
89 54 12926.529
89 55 13305.558
89 56 1746.006
89 57 8745.658
89 58 13536.505
89 59 1161.664
89 60 6612.111
89 61 5551.078
89 62 12545.314
89 63 6828.596
89 64 12382.158
89 65 1003.279
89 66 4943.351
89 67 13930.630
89 68 2159.856
89 69 10637.979
89 70 11950.263
89 71 13068.006
89 72 10222.015
89 73 12173.082
89 74 6190.136
89 75 10430.840
89 76 9381.025
89 77 14306.441
89 78 13876.097
89 79 9915.616
89 80 5598.652
89 81 5203.408
89 82 12167.368
89 83 9204.986
89 84 13554.289
89 85 13195.384
89 86 9966.033
89 87 12043.861
89 88 12766.039
89 89 0.000
89 90 5389.128
89 91 12617.127
89 92 5752.486
89 93 11556.852
89 94 15686.997
89 95 4557.215
89 96 12676.512
89 97 14873.505
89 98 13705.172
89 99 10832.738
89 100 6440.664
90 0 2298.411
90 1 8460.065
90 2 7527.110
90 3 7359.774
90 4 5683.839
90 5 2988.506
90 6 4308.012
90 7 1773.445
90 8 5989.728
90 9 10600.076
90 10 817.300
90 11 5104.208
90 12 10119.514
90 13 9070.430
90 14 1514.988
90 15 4528.117
90 16 2513.249
90 17 5123.975
90 18 10868.101
90 19 5659.635
90 20 2113.596
90 21 5535.545
90 22 7870.042
90 23 2232.849
90 24 3485.642
90 25 2497.265
90 26 7758.812
90 27 2208.681
90 28 2914.618
90 29 3027.249
90 30 9480.903
90 31 7214.461
90 32 2703.303
90 33 7446.654
90 34 4884.354
90 35 10339.472
90 36 8075.004
90 37 7992.173
90 38 8421.474
90 39 3864.020
90 40 3242.264
90 41 4301.586
90 42 6166.279
90 43 1956.878
90 44 6687.422
90 45 4662.888
90 46 4916.742
90 47 4689.526
90 48 2731.228
90 49 5739.625
90 50 2035.182
90 51 5845.921
90 52 8126.916
90 53 7143.276
90 54 10431.370
90 55 7916.532
90 56 5601.641
90 57 3607.651
90 58 8683.056
90 59 4256.969
90 60 2759.202
90 61 4812.131
90 62 8545.235
90 63 4061.769
90 64 9716.701
90 65 5755.193
90 66 3256.214
90 67 9149.681
90 68 4767.623
90 69 5336.178
90 70 9867.010
90 71 9412.144
90 72 4833.125
90 73 8625.091
90 74 1196.117
90 75 8647.142
90 76 4007.435
90 77 9033.843
90 78 10703.918
90 79 5915.438
90 80 1220.156
90 81 3989.707
90 82 6782.502
90 83 6740.421
90 84 9970.069
90 85 7874.353
90 86 4623.675
90 87 8013.712
90 88 9505.751
90 89 5389.128
90 90 0.000
90 91 8407.646
90 92 1141.268
90 93 6388.135
90 94 12528.018
90 95 1508.928
90 96 7338.325
90 97 11912.313
90 98 9200.353
90 99 7491.341
90 100 4170.634
91 0 6296.268
91 1 1148.291
91 2 7362.640
91 3 1079.661
91 4 5043.021
91 5 5426.907
91 6 4857.266
91 7 6743.115
91 8 3247.188
91 9 2301.423
91 10 7659.497
91 11 3442.011
91 12 1719.037
91 13 7909.029
91 14 9890.930
91 15 7196.983
91 16 7102.413
91 17 3929.903
91 18 4253.116
91 19 3185.831
91 20 6426.678
91 21 13702.099
91 22 889.753
91 23 9975.857
91 24 6250.367
91 25 10577.179
91 26 1268.985
91 27 6815.919
91 28 6412.012
91 29 7125.177
91 30 9338.940
91 31 3463.500
91 32 10685.589
91 33 5955.071
91 34 3525.402
91 35 2934.482
91 36 5160.524
91 37 3601.296
91 38 3039.836
91 39 12184.568
91 40 11139.134
91 41 4209.570
91 42 2255.765
91 43 8971.155
91 44 2938.113
91 45 13068.217
91 46 4689.300
91 47 6286.064
91 48 7838.590
91 49 6502.488
91 50 10263.816
91 51 8065.073
91 52 7236.570
91 53 2989.306
91 54 4664.639
91 55 6724.263
91 56 13525.437
91 57 5213.641
91 58 2444.284
91 59 11522.899
91 60 6087.710
91 61 7752.790
91 62 620.547
91 63 5877.653
91 64 4044.172
91 65 13364.998
91 66 11580.076
91 67 2338.126
91 68 12876.746
91 69 7700.826
91 70 5248.233
91 71 1772.566
91 72 6447.157
91 73 1827.675
91 74 7214.173
91 75 5548.720
91 76 6077.038
91 77 9265.656
91 78 3488.576
91 79 2701.512
91 80 7476.055
91 81 7672.993
91 82 6822.487
91 83 4576.989
91 84 2239.363
91 85 5213.219
91 86 5540.772
91 87 714.764
91 88 2697.365
91 89 12617.127
91 90 8407.646
91 91 0.000
91 92 9126.691
91 93 3941.825
91 94 4874.969
91 95 8318.406
91 96 7853.206
91 97 4694.471
91 98 1382.299
91 99 2584.644
91 100 6368.281
92 0 3307.106
92 1 9056.961
92 2 7244.155
92 3 8112.244
92 4 5803.917
92 5 3816.346
92 6 4664.105
92 7 2388.696
92 8 6942.081
92 9 11372.198
92 10 1551.144
92 11 5723.506
92 12 10845.728
92 13 8793.816
92 14 997.028
92 15 5666.003
92 16 3653.549
92 17 6094.369
92 18 11841.610
92 19 6189.841
92 20 3108.662
92 21 5369.187
92 22 8515.780
92 23 1095.515
92 24 4607.390
92 25 1480.172
92 26 8588.797
92 27 2445.153
92 28 4028.320
92 29 4168.320
92 30 9029.458
92 31 8224.319
92 32 2955.409
92 33 7384.755
92 34 5647.785
92 35 11234.158
92 36 9169.948
92 37 9009.918
92 38 9398.288
92 39 3607.984
92 40 3475.496
92 41 5171.250
92 42 6870.956
92 43 1051.405
92 44 7644.023
92 45 4137.364
92 46 5965.527
92 47 5825.249
92 48 3845.825
92 49 5565.919
92 50 2168.724
92 51 5366.870
92 52 7893.296
92 53 7537.457
92 54 11451.826
92 55 7751.177
92 56 5613.476
92 57 4052.274
92 58 9132.139
92 59 4701.528
92 60 3813.803
92 61 5935.008
92 62 9322.509
92 63 5175.265
92 64 10725.055
92 65 5930.912
92 66 2468.831
92 67 9627.946
92 68 4692.756
92 69 4913.977
92 70 10935.050
92 71 10257.535
92 72 4695.962
92 73 9507.890
92 74 2115.253
92 75 9749.442
92 76 4045.803
92 77 8558.200
92 78 11624.582
92 79 6765.416
92 80 2337.176
92 81 5112.573
92 82 6561.262
92 83 7816.507
92 84 10821.972
92 85 7935.477
92 86 4727.782
92 87 8794.466
92 88 10428.045
92 89 5752.486
92 90 1141.268
92 91 9126.691
92 92 0.000
92 93 6670.010
92 94 13430.387
92 95 2575.458
92 96 6966.647
92 97 12853.667
92 98 9799.872
92 99 8437.269
92 100 5306.012
93 0 5092.864
93 1 3182.016
93 2 3542.556
93 3 3523.947
93 4 1183.008
93 5 4084.260
93 6 2085.999
93 7 4642.998
93 8 4678.965
93 9 6085.212
93 10 5573.251
93 11 2219.516
93 12 5359.168
93 13 4446.439
93 14 7618.936
93 15 7538.038
93 16 6349.919
93 17 4614.383
93 18 8082.316
93 19 1570.590
93 20 5098.278
93 21 11912.869
93 22 3054.369
93 23 7216.216
93 24 6046.429
93 25 7925.924
93 26 4388.965
93 27 4248.822
93 28 5831.260
93 29 6670.621
93 30 5707.012
93 31 5882.628
93 32 9059.335
93 33 2286.097
93 34 3076.115
93 35 6854.464
93 36 7705.838
93 37 6457.232
93 38 6250.297
93 39 10199.449
93 40 9587.622
93 41 3820.999
93 42 2691.972
93 43 6134.758
93 44 5009.783
93 45 10806.509
93 46 5371.655
93 47 6826.475
93 48 7179.009
93 49 2582.505
93 50 8423.307
93 51 4155.343
93 52 3589.077
93 53 1082.054
93 54 8291.515
93 55 3096.529
93 56 11981.994
93 57 2817.181
93 58 2660.258
93 59 10395.264
93 60 5261.869
93 61 8135.051
93 62 4477.638
93 63 6036.393
93 64 7572.702
93 65 12069.446
93 66 9072.555
93 67 3202.986
93 68 11155.097
93 69 3844.093
93 70 8540.179
93 71 5680.133
93 72 2712.260
93 73 5430.359
93 74 5388.501
93 75 8262.889
93 76 2749.410
93 77 5538.237
93 78 7399.199
93 79 3745.911
93 80 5958.555
93 81 7665.733
93 82 2914.168
93 83 6531.580
93 84 6177.260
93 85 1969.853
93 86 2057.429
93 87 4140.980
93 88 6457.117
93 89 11556.852
93 90 6388.135
93 91 3941.825
93 92 6670.010
93 93 0.000
93 94 8803.099
93 95 7006.759
93 96 3966.236
93 97 8629.029
93 98 3811.976
93 99 5323.379
93 100 6599.457
94 0 10241.954
94 1 5702.532
94 2 12120.185
94 3 5587.061
94 4 9917.707
94 5 9614.843
94 6 9608.244
94 7 11074.670
94 8 6553.837
94 9 2833.137
94 10 11887.068
94 11 8082.174
94 12 3594.540
94 13 12447.446
94 14 14042.314
94 15 9807.977
94 16 10612.824
94 17 7428.968
94 18 2100.742
94 19 7986.030
94 20 10418.240
94 21 17298.381
94 22 5753.170
94 23 14394.546
94 24 9557.962
94 25 14910.505
94 26 4912.206
94 27 11335.998
94 28 9948.189
94 29 10416.273
94 30 13934.000
94 31 5542.550
94 32 14356.808
94 33 10678.972
94 34 7861.551
94 35 2197.155
94 36 5860.510
94 37 4899.527
94 38 4255.494
94 39 16009.888
94 40 14719.541
94 41 8259.172
94 42 6849.674
94 43 13473.030
94 44 5870.312
94 45 17044.627
94 46 7834.929
94 47 8967.925
94 48 11147.654
94 49 11374.522
94 50 14116.874
94 51 12939.393
94 52 11902.573
94 53 7800.873
94 54 3083.346
94 55 11399.215
94 56 16936.049
94 57 9834.893
94 58 6761.236
94 59 14740.466
94 60 9854.767
94 61 10191.077
94 62 4409.439
94 63 9011.706
94 64 3390.770
94 65 16580.841
94 66 15784.015
94 67 6353.415
94 68 16466.660
94 69 12574.070
94 70 4311.082
94 71 3266.036
94 72 11309.770
94 73 3926.167
94 74 11356.416
94 75 5728.423
94 76 10871.818
94 77 13928.246
94 78 1843.761
94 79 6675.855
94 80 11413.699
94 81 10486.080
94 82 11642.268
94 83 6484.202
94 84 2706.322
94 85 9839.146
94 86 10380.109
94 87 4867.290
94 88 3031.724
94 89 15686.997
94 90 12528.018
94 91 4874.969
94 92 13430.387
94 93 8803.099
94 94 0.000
94 95 12015.731
94 96 12648.488
94 97 946.308
94 98 5273.406
94 99 5061.006
94 100 9298.304
95 0 2061.572
95 1 8574.246
95 2 8678.590
95 3 7240.111
95 4 6513.546
95 5 3058.462
95 6 4951.601
95 7 2509.943
95 8 5495.256
95 9 10370.896
95 10 1882.428
95 11 5320.555
95 12 9981.562
95 13 10195.110
95 14 2496.474
95 15 3188.444
95 16 1432.174
95 17 4625.717
95 18 10211.026
95 19 5979.944
95 20 1980.191
95 21 5393.003
95 22 7921.142
95 23 3611.880
95 24 2518.195
95 25 3684.549
95 26 7477.281
95 27 3236.108
95 28 2068.520
95 29 1803.077
95 30 10739.148
95 31 6525.484
95 32 2380.466
95 33 8404.625
95 34 4864.867
95 35 9870.010
95 36 7089.559
95 37 7263.040
95 38 7793.507
95 39 3994.323
95 40 2820.730
95 41 4110.998
95 42 6179.580
95 43 3465.338
95 44 6155.676
95 45 5055.839
95 46 4192.578
95 47 3537.649
95 48 1303.222
95 49 6841.610
95 50 2117.346
95 51 7165.265
95 52 9227.889
95 53 7591.633
95 54 9657.634
95 55 8961.179
95 56 5219.222
95 57 4206.560
95 58 9012.646
95 59 3397.857
95 60 2240.093
95 61 3388.314
95 62 8346.082
95 63 3106.048
95 64 8984.817
95 65 5147.681
95 66 4105.660
95 67 9427.088
95 68 4563.322
95 69 6629.960
95 70 8956.935
95 71 9061.252
95 72 5937.148
95 73 8211.931
95 74 1718.315
95 75 7624.022
95 76 5006.161
95 77 10313.090
95 78 10172.375
95 79 5660.679
95 80 1056.708
95 81 2571.639
95 82 7897.427
95 83 5852.222
95 84 9596.054
95 85 8698.606
95 86 5521.919
95 87 7821.540
95 88 8988.474
95 89 4557.215
95 90 1508.928
95 91 8318.406
95 92 2575.458
95 93 7006.759
95 94 12015.731
95 95 0.000
95 96 8561.342
95 97 11319.899
95 98 9293.040
95 99 6961.704
95 100 3041.602
96 0 7272.238
96 1 6946.366
96 2 634.360
96 3 7489.216
96 4 3118.397
96 5 6531.318
96 6 4497.091
96 7 6121.133
96 8 8358.403
96 9 9853.308
96 10 6701.607
96 11 5715.434
96 12 9097.947
96 13 1914.167
96 14 7935.508
96 15 10284.602
96 16 8546.609
96 17 8053.707
96 18 12043.233
96 19 5303.972
96 20 7168.750
96 21 12202.386
96 22 6964.969
96 23 6903.367
96 24 8707.061
96 25 7625.553
96 26 8352.513
96 27 5335.027
96 28 8282.461
96 29 9025.438
96 30 2193.597
96 31 9687.923
96 32 9895.088
96 33 2031.230
96 34 6508.953
96 35 10785.716
96 36 11446.207
96 37 10326.752
96 38 10183.352
96 39 10446.037
96 40 10426.850
96 41 6994.921
96 42 6560.790
96 43 6002.334
96 44 8807.869
96 45 10618.219
96 46 8657.287
96 47 9794.934
96 48 9274.311
96 49 1885.873
96 50 9121.224
96 51 1679.018
96 52 1281.056
96 53 4866.291
96 54 12252.907
96 55 1551.052
96 56 12548.370
96 57 5018.532
96 58 6007.419
96 59 11573.637
96 60 7686.948
96 61 10827.857
96 62 8416.570
96 63 8923.372
96 64 11527.988
96 65 12897.524
96 66 8778.707
96 67 6508.573
96 68 11603.540
96 69 2055.334
96 70 12450.230
96 71 9615.591
96 72 2695.975
96 73 9396.555
96 74 6876.382
96 75 12032.281
96 76 3698.301
96 77 1821.707
96 78 11336.606
96 79 7490.639
96 80 7580.916
96 81 10164.523
96 82 1059.017
96 83 10158.308
96 84 10090.879
96 85 2976.388
96 86 3476.704
96 87 8102.859
96 88 10421.154
96 89 12676.512
96 90 7338.325
96 91 7853.206
96 92 6966.647
96 93 3966.236
96 94 12648.488
96 95 8561.342
96 96 0.000
96 97 12545.790
96 98 7439.381
96 99 9221.050
96 100 9425.597
97 0 9615.635
97 1 5651.475
97 2 12045.824
97 3 5250.671
97 4 9698.411
97 5 9052.350
97 6 9238.024
97 7 10528.040
97 8 5922.859
97 9 2985.613
97 10 11303.757
97 11 7684.406
97 12 3704.757
97 13 12488.879
97 14 13421.757
97 15 8991.593
97 16 9902.666
97 17 6789.648
97 18 1197.734
97 19 7668.799
97 20 9798.737
97 21 16550.350
97 22 5584.087
97 23 13845.359
97 24 8833.509
97 25 14332.301
97 26 4492.252
97 27 10845.257
97 28 9252.302
97 29 9675.692
97 30 13954.741
97 31 4801.724
97 32 13636.956
97 33 10623.219
97 34 7375.426
97 35 1784.130
97 36 4962.790
97 37 4109.789
97 38 3526.391
97 39 15307.882
97 40 13982.261
97 41 7695.134
97 42 6469.859
97 43 12957.813
97 44 5225.132
97 45 16367.638
97 46 7127.422
97 47 8173.093
97 48 10400.106
97 49 11166.881
97 50 13431.647
97 51 12714.752
97 52 11882.388
97 53 7679.639
97 54 2144.514
97 55 11372.810
97 56 16161.331
97 57 9399.950
97 58 6811.527
97 59 13950.370
97 60 9200.303
97 61 9352.051
97 62 4155.507
97 63 8273.043
97 64 2510.454
97 65 15781.247
97 66 15165.837
97 67 6459.602
97 68 15721.363
97 69 12319.264
97 70 3367.892
97 71 2955.655
97 72 11028.516
97 73 3439.440
97 74 10758.040
97 75 4802.851
97 76 10518.367
97 77 13914.703
97 78 1273.650
97 79 6155.150
97 80 10769.896
97 81 9683.063
97 82 11516.949
97 83 5672.271
97 84 2455.253
97 85 9829.928
97 86 10070.740
97 87 4550.076
97 88 2438.394
97 89 14873.505
97 90 11912.313
97 91 4694.471
97 92 12853.667
97 93 8629.029
97 94 946.308
97 95 11319.899
97 96 12545.790
97 97 0.000
97 98 5332.962
97 99 4421.565
97 100 8527.226
98 0 7236.007
98 1 743.063
98 2 6885.475
98 3 2271.310
98 4 4992.857
98 5 6288.342
98 6 5258.534
98 7 7464.316
98 8 4538.116
98 9 2442.164
98 10 8414.411
98 11 4098.187
98 12 1679.829
98 13 7178.805
98 14 10635.565
98 15 8459.247
98 16 8170.724
98 17 5136.930
98 18 5164.326
98 19 3621.334
98 20 7341.440
98 21 14626.437
98 22 1376.726
98 23 10556.020
98 24 7401.077
98 25 11204.489
98 26 2650.170
98 27 7395.355
98 28 7494.509
98 29 8253.586
98 30 8661.476
98 31 4845.759
98 32 11622.893
98 33 5436.202
98 34 4428.173
98 35 3730.991
98 36 6527.860
98 37 4961.167
98 38 4358.154
98 39 13042.121
98 40 12100.680
98 41 5210.797
98 42 3114.683
98 43 9507.776
98 44 4295.374
98 45 13850.839
98 46 5935.337
98 47 7558.477
98 48 8943.888
98 49 6366.852
98 50 11139.223
98 51 7935.590
98 52 6634.853
98 53 2733.386
98 54 5749.851
98 55 6134.872
98 56 14511.271
98 57 5764.192
98 58 1488.980
98 59 12586.667
98 60 7105.805
98 61 9029.381
98 62 1889.776
98 63 7080.828
98 64 5209.919
98 65 14407.901
98 66 12268.701
98 67 1143.881
98 68 13812.330
98 69 7652.517
98 70 6475.872
98 71 2726.950
98 72 6505.909
98 73 3088.856
98 74 8029.052
98 75 6895.255
98 76 6345.317
98 77 8656.867
98 78 4279.832
98 79 3864.535
98 80 8379.511
98 81 8891.508
98 82 6471.697
98 83 5954.081
98 84 3003.402
98 85 4571.346
98 86 5719.853
98 87 2095.746
98 88 3776.889
98 89 13705.172
98 90 9200.353
98 91 1382.299
98 92 9799.872
98 93 3811.976
98 94 5273.406
98 95 9293.040
98 96 7439.381
98 97 5332.962
98 98 0.000
98 99 3966.422
98 100 7596.959
99 0 5195.931
99 1 3620.830
99 2 8850.687
99 3 2022.513
99 4 6123.505
99 5 4652.227
99 6 5205.935
99 7 6134.611
99 8 1501.626
99 9 3728.690
99 10 6886.396
99 11 3664.175
99 12 3630.744
99 13 9721.839
99 14 9001.971
99 15 5067.154
99 16 5572.510
99 17 2372.322
99 18 3418.782
99 19 3926.426
99 20 5377.764
99 21 12284.759
99 22 3021.254
99 23 9441.585
99 24 4541.381
99 25 9914.473
99 26 1326.175
99 27 6515.269
99 28 4897.967
99 29 5419.213
99 30 11028.638
99 31 888.260
99 32 9316.484
99 33 7594.781
99 34 3127.785
99 35 2910.738
99 36 2620.367
99 37 1152.330
99 38 1036.318
99 39 10955.592
99 40 9697.304
99 41 3303.130
99 42 2660.260
99 43 8584.584
99 44 809.405
99 45 11983.666
99 46 2811.051
99 47 4161.649
99 48 6157.382
99 49 7544.196
99 50 9057.428
99 51 8975.717
99 52 8905.574
99 53 4733.253
99 54 3213.645
99 55 8405.163
99 56 11969.269
99 57 5197.792
99 58 4845.750
99 59 9821.013
99 60 4794.820
99 61 5557.436
99 62 2146.873
99 63 4027.351
99 64 2452.409
99 65 11676.819
99 66 10745.898
99 67 4861.099
99 68 11450.968
99 69 8501.967
99 70 3229.229
99 71 2257.408
99 72 7178.168
99 73 1354.374
99 74 6337.288
99 75 3079.073
99 76 6482.159
99 77 10858.349
99 78 3222.331
99 79 1893.076
99 80 6358.010
99 81 5665.020
99 82 8163.127
99 83 2044.176
99 84 2722.080
99 85 7065.371
99 86 6177.144
99 87 1875.713
99 88 2029.467
99 89 10832.738
99 90 7491.341
99 91 2584.644
99 92 8437.269
99 93 5323.379
99 94 5061.006
99 95 6961.704
99 96 9221.050
99 97 4421.565
99 98 3966.422
99 99 0.000
99 100 4393.253
100 0 2377.625
100 1 6973.279
100 2 9335.140
100 3 5337.306
100 4 6632.944
100 5 2898.095
100 6 5004.791
100 7 3789.784
100 8 3146.659
100 9 8073.567
100 10 3965.140
100 11 4417.646
100 12 7845.184
100 13 10680.856
100 14 5485.720
100 15 941.745
100 16 1670.697
100 17 2460.379
100 18 7370.777
100 19 5134.328
100 20 2556.138
100 21 8029.389
100 22 6262.212
100 23 6401.156
100 24 781.284
100 25 6623.470
100 26 5265.178
100 27 4571.579
100 28 1353.624
100 29 1241.818
100 30 11586.606
100 31 3761.236
100 32 5179.882
100 33 8594.273
100 34 3615.961
100 35 7250.663
100 36 4057.429
100 37 4417.564
100 38 5046.043
100 39 6887.155
100 40 5480.838
100 41 2795.080
100 42 4681.653
100 43 5918.818
100 44 3654.517
100 45 8021.931
100 46 1681.156
100 47 519.315
100 48 1906.095
100 49 7542.561
100 50 5113.144
100 51 8424.160
100 52 9710.422
100 53 6751.704
100 54 6722.846
100 55 9317.774
100 56 7638.286
100 57 4409.584
100 58 7789.304
100 59 5449.012
100 60 1841.100
100 61 1542.974
100 62 6204.314
100 63 567.101
100 64 6094.563
100 65 7298.923
100 66 7143.445
100 67 8069.366
100 68 7203.917
100 69 7860.793
100 70 5943.845
100 71 6636.839
100 72 6763.487
100 73 5738.212
100 74 3409.489
100 75 4583.302
100 76 5766.992
100 77 11246.992
100 78 7468.449
100 79 3736.724
100 80 2975.918
100 81 1306.307
100 82 8521.630
100 83 2894.963
100 84 7115.318
100 85 8550.172
100 86 5962.861
100 87 5732.666
100 88 6335.931
100 89 6440.664
100 90 4170.634
100 91 6368.281
100 92 5306.012
100 93 6599.457
100 94 9298.304
100 95 3041.602
100 96 9425.597
100 97 8527.226
100 98 7596.959
100 99 4393.253
100 100 0.000
