# i j distance_m; directed OSRM/OSM truck distance; depot 0 + customers 1..100
0 0 0.000
0 1 11809.400
0 2 10014.500
0 3 9065.400
0 4 7349.800
0 5 4058.000
0 6 6063.600
0 7 1845.000
0 8 6360.600
0 9 12352.100
0 10 2743.800
0 11 6360.400
0 12 12813.500
0 13 10827.600
0 14 5568.800
0 15 5070.600
0 16 3431.600
0 17 4932.100
0 18 13691.100
0 19 7032.500
0 20 0.000
0 21 9072.500
0 22 11225.200
0 23 7015.400
0 24 3810.200
0 25 6657.300
0 26 8459.800
0 27 3061.400
0 28 2922.200
0 29 3821.600
0 30 12133.000
0 31 7856.200
0 32 5990.700
0 33 9423.700
0 34 5952.500
0 35 11818.600
0 36 8838.200
0 37 8882.000
0 38 8967.600
0 39 7493.800
0 40 5940.200
0 41 4477.100
0 42 8132.300
0 43 5865.500
0 44 7880.200
0 45 8948.900
0 46 5245.400
0 47 5454.300
0 48 4589.300
0 49 8243.000
0 50 5238.400
0 51 7798.100
0 52 9884.100
0 53 9458.800
0 54 13479.500
0 55 9727.400
0 56 10128.300
0 57 4648.800
0 58 12240.000
0 59 6264.600
0 60 2674.100
0 61 5933.700
0 62 10016.200
0 63 4830.200
0 64 13125.700
0 65 9207.500
0 66 7844.900
0 67 18633.000
0 68 7943.100
0 69 7184.300
0 70 10913.900
0 71 10236.200
0 72 8132.600
0 73 9416.600
0 74 1582.500
0 75 9449.500
0 76 6699.700
0 77 12510.400
0 78 12374.600
0 79 6224.000
0 80 1348.900
0 81 5438.900
0 82 9074.500
0 83 7461.600
0 84 11054.700
0 85 9938.200
0 86 6772.400
0 87 9948.900
0 88 12148.000
0 89 7526.400
0 90 2673.400
0 91 10558.400
0 92 4298.400
0 93 10563.400
0 94 14589.800
0 95 2888.300
0 96 10200.600
0 97 15175.400
0 98 12319.900
0 99 8557.900
0 100 4967.700
1 0 10809.400
1 1 0.000
1 2 11339.000
1 3 3783.600
1 4 8821.800
1 5 9084.800
1 6 9805.800
1 7 11490.100
1 8 8443.900
1 9 3930.900
1 10 13072.700
1 11 6153.800
1 12 4393.300
1 13 12177.800
1 14 14870.600
1 15 11417.100
1 16 11966.800
1 17 7399.700
1 18 6943.800
1 19 6007.700
1 20 10809.400
1 21 19325.600
1 22 2460.400
1 23 12877.800
1 24 10753.400
1 25 14081.300
1 26 3568.900
1 27 10547.200
1 28 10997.800
1 29 11744.100
1 30 13483.300
1 31 6153.900
1 32 15612.500
1 33 9397.600
1 34 7008.700
1 35 5071.300
1 36 8799.300
1 37 6549.600
1 38 5765.500
1 39 18070.900
1 40 15562.100
1 41 7731.500
1 42 6010.100
1 43 11780.400
1 44 5721.500
1 45 16883.200
1 46 7996.100
1 47 10177.500
1 48 13330.400
1 49 9480.200
1 50 15421.300
1 51 11924.300
1 52 11234.400
1 53 5369.500
1 54 7634.500
1 55 10574.300
1 56 20235.200
1 57 8389.900
1 58 7519.500
1 59 15882.100
1 60 10490.600
1 61 11131.700
1 62 2133.700
1 63 11279.800
1 64 9259.100
1 65 18825.100
1 66 16017.200
1 67 13912.500
1 68 18126.000
1 69 11310.500
1 70 8195.500
1 71 3488.800
1 72 10349.300
1 73 4067.100
1 74 12397.000
1 75 9410.600
1 76 10441.900
1 77 13860.600
1 78 5627.300
1 79 5846.400
1 80 11677.700
1 81 12114.800
1 82 9921.300
1 83 7824.700
1 84 4307.300
1 85 7972.200
1 86 9961.500
1 87 2457.100
1 88 5400.700
1 89 17143.900
1 90 13002.300
1 91 1954.100
1 92 13288.600
1 93 6992.800
1 94 7842.500
1 95 12510.100
1 96 11974.700
1 97 8428.000
1 98 3967.200
1 99 4967.000
1 100 10839.400
2 0 8759.000
2 1 11600.100
2 2 0.000
2 3 11269.600
2 4 3828.600
2 5 7828.200
2 6 5616.400
2 7 8538.400
2 8 11737.000
2 9 13033.400
2 10 9102.000
2 11 9319.300
2 12 13495.900
2 13 2316.500
2 14 11356.200
2 15 11244.600
2 16 10449.200
2 17 10359.600
2 18 15762.000
2 19 8674.200
2 20 8759.000
2 21 15824.900
2 22 10760.400
2 23 9363.400
2 24 9984.200
2 25 10566.900
2 26 11798.400
2 27 7155.600
2 28 9096.200
2 29 10226.500
2 30 3622.000
2 31 12822.000
2 32 13801.000
2 33 2511.900
2 34 9584.500
2 35 13889.500
2 36 14265.700
2 37 13361.800
2 38 13303.300
2 39 14570.200
2 40 13511.700
2 41 9680.700
2 42 9737.500
2 43 8266.000
2 44 11918.500
2 45 13382.500
2 46 10687.700
2 47 12269.800
2 48 11789.400
2 49 2219.800
2 50 12753.800
2 51 2588.100
2 52 1373.100
2 53 7085.100
2 54 16452.700
2 55 1216.400
2 56 16734.500
2 57 6273.200
2 58 8907.900
2 59 13831.700
2 60 8848.100
2 61 12107.700
2 62 10679.900
2 63 11004.200
2 64 16796.900
2 65 16774.600
2 66 11754.500
2 67 13677.200
2 68 15458.600
2 69 3571.200
2 70 15733.300
2 71 12307.000
2 72 3623.900
2 73 12744.000
2 74 10346.600
2 75 14877.000
2 76 5256.000
2 77 3999.400
2 78 14445.500
2 79 10586.300
2 80 9627.300
2 81 11612.900
2 82 1053.300
2 83 12889.100
2 84 13125.500
2 85 3661.400
2 86 4277.300
2 87 10651.800
2 88 14218.900
2 89 15093.500
2 90 11101.700
2 91 10093.600
2 92 9774.200
2 93 6643.000
2 94 16660.700
2 95 10459.700
2 96 635.800
2 97 17246.200
2 98 13069.700
2 99 12352.400
2 100 11141.700
3 0 7442.500
3 1 3228.300
3 2 10724.400
3 3 0.000
3 4 7371.400
3 5 5717.900
3 6 6541.300
3 7 8225.500
3 8 4904.700
3 9 5277.500
3 10 9705.800
3 11 3188.800
3 12 4618.200
3 13 11563.200
3 14 11606.000
3 15 9474.100
3 16 8827.300
3 17 4555.000
3 18 6616.600
3 19 4354.100
3 20 7442.500
3 21 16061.100
3 22 2388.600
3 23 9613.300
3 24 7386.500
3 25 10816.800
3 26 1308.900
3 27 7282.700
3 28 8023.200
3 29 8604.600
3 30 12868.700
3 31 4211.000
3 32 12245.600
3 33 8783.000
3 34 3203.600
3 35 4744.100
3 36 8213.500
3 37 4750.700
3 38 4491.800
3 39 14806.400
3 40 12195.200
3 41 4364.500
3 42 1958.800
3 43 8515.900
3 44 3307.400
3 45 13618.700
3 46 5792.800
3 47 7779.500
3 48 10191.000
3 49 8720.700
3 50 12054.300
3 51 10343.500
3 52 10619.800
3 53 4754.900
3 54 7307.300
3 55 9959.700
3 56 16970.600
3 57 5125.400
3 58 6905.000
3 59 12515.200
3 60 7123.700
3 61 9188.800
3 62 1802.200
3 63 8140.400
3 64 7985.400
3 65 15458.100
3 66 12752.700
3 67 13297.900
3 68 14759.100
3 69 9729.700
3 70 6921.800
3 71 3161.600
3 72 8610.200
3 73 2739.800
3 74 9030.100
3 75 8824.700
3 76 7177.400
3 77 13246.100
3 78 5300.100
3 79 2673.100
3 80 8310.800
3 81 10171.800
3 82 9306.700
3 83 5881.800
3 84 3980.100
3 85 7357.600
3 86 7250.100
3 87 1725.300
3 88 5073.500
3 89 13777.000
3 90 9635.300
3 91 1721.900
3 92 10024.100
3 93 6378.200
3 94 7515.300
3 95 9143.200
3 96 11360.200
3 97 8100.800
3 98 4192.000
3 99 3540.900
3 100 8156.300
4 0 6105.600
4 1 8953.900
4 2 3594.800
4 3 7496.300
4 4 0.000
4 5 5247.900
4 6 2963.000
4 7 6645.100
4 8 7773.400
4 9 10387.200
4 10 8368.800
4 11 4466.800
4 12 10849.600
4 13 4407.900
4 14 10461.500
4 15 8591.100
4 16 7795.700
4 17 6420.400
4 18 13086.800
4 19 3972.200
4 20 6105.600
4 21 14467.200
4 22 8114.100
4 23 8468.800
4 24 6918.600
4 25 9672.200
4 26 7969.300
4 27 6260.900
4 28 6442.800
4 29 7573.100
4 30 5713.400
4 31 9344.500
4 32 10908.700
4 33 3004.000
4 34 4882.500
4 35 11214.300
4 36 10326.600
4 37 10106.900
4 38 9371.600
4 39 13212.600
4 40 10858.200
4 41 4978.700
4 42 7091.300
4 43 7371.400
4 44 7983.600
4 45 12024.900
4 46 6748.500
4 47 7567.800
4 48 9136.000
4 49 1823.400
4 50 10717.400
4 51 4145.700
4 52 3464.500
4 53 4438.800
4 54 13218.900
4 55 3307.800
4 56 15041.900
4 57 3619.700
4 58 6078.400
4 59 11178.200
4 60 6194.600
4 61 9363.600
4 62 8033.600
4 63 7484.600
4 64 12865.200
4 65 14121.200
4 66 10859.800
4 67 14251.300
4 68 13422.200
4 69 3531.900
4 70 11801.600
4 71 9631.900
4 72 2472.700
4 73 8812.300
4 74 7693.100
4 75 10937.900
4 76 2602.500
4 77 6090.700
4 78 11770.300
4 79 6128.200
4 80 6973.900
4 81 8959.500
4 82 2654.800
4 83 8949.900
4 84 10450.300
4 85 3371.500
4 86 2182.900
4 87 8005.600
4 88 11543.700
4 89 12440.000
4 90 8298.400
4 91 7447.400
4 92 8879.500
4 93 3996.800
4 94 13985.500
4 95 7806.200
4 96 3781.000
4 97 14571.100
4 98 10423.500
4 99 8420.700
4 100 7688.400
5 0 2615.000
5 1 8879.000
5 2 7441.200
5 3 6204.000
5 4 4776.500
5 5 0.000
5 6 3490.400
5 7 3482.900
5 8 4223.400
5 9 10455.400
5 10 4878.300
5 11 3174.500
5 12 10916.800
5 13 8254.400
5 14 6996.200
5 15 4885.000
5 16 4089.600
5 17 2925.600
5 18 11794.500
5 19 3867.400
5 20 2615.000
5 21 11060.900
5 22 8039.200
5 23 6546.500
5 24 2559.000
5 25 8084.700
5 26 6141.300
5 27 4215.900
5 28 2803.400
5 29 3866.900
5 30 9559.800
5 31 5849.700
5 32 7418.100
5 33 6850.500
5 34 2766.600
5 35 9922.000
5 36 6831.800
5 37 6875.500
5 38 8079.200
5 39 9482.300
5 40 7367.700
5 41 1962.400
5 42 5299.200
5 43 5449.100
5 44 5873.700
5 45 10559.000
5 46 3238.900
5 47 3813.600
5 48 5453.300
5 49 5669.800
5 50 7226.800
5 51 7276.700
5 52 7310.900
5 53 6272.900
5 54 11926.600
5 55 7154.200
5 56 11551.400
5 57 2075.500
5 58 9054.100
5 59 7687.700
5 60 2296.200
5 61 5363.400
5 62 7958.800
5 63 3125.000
5 64 11572.800
5 65 10630.600
5 66 9272.300
5 67 15447.100
5 68 9931.600
5 69 6662.900
5 70 8907.400
5 71 8339.500
5 72 5559.300
5 73 7519.900
5 74 4202.600
5 75 7443.000
5 76 4126.500
5 77 9937.200
5 78 10478.000
5 79 4012.300
5 80 3483.300
5 81 5253.400
5 82 6501.300
5 83 5455.100
5 84 9158.000
5 85 6773.200
5 86 4199.200
5 87 7930.700
5 88 10251.400
5 89 8949.500
5 90 4807.800
5 91 7372.500
5 92 6432.800
5 93 7398.400
5 94 12693.200
5 95 4315.700
5 96 7627.400
5 97 13278.700
5 98 10348.600
5 99 7128.300
5 100 3328.800
6 0 4480.900
6 1 9121.100
6 2 5599.800
6 3 6292.700
6 4 2935.100
6 5 3550.100
6 6 0.000
6 7 5020.500
6 8 6569.800
6 9 10544.100
6 10 6744.200
6 11 3439.100
6 12 11005.500
6 13 6412.900
6 14 8380.500
6 15 6966.500
6 16 6171.100
6 17 5216.800
6 18 11883.200
6 19 2327.900
6 20 4480.900
6 21 12842.600
6 22 8281.400
6 23 6387.800
6 24 5714.900
6 25 7591.200
6 26 6765.700
6 27 4057.100
6 28 4818.100
6 29 5948.400
6 30 7718.400
6 31 8140.900
6 32 9284.000
6 33 5009.000
6 34 3678.900
6 35 10010.700
6 36 9123.000
6 37 8903.200
6 38 8168.000
6 39 11587.900
6 40 9233.600
6 41 3775.100
6 42 5697.600
6 43 5290.400
6 44 6780.000
6 45 10400.200
6 46 5544.900
6 47 6364.100
6 48 7511.300
6 49 3828.400
6 50 9092.700
6 51 6150.700
6 52 5469.400
6 53 5965.400
6 54 12015.300
6 55 5312.800
6 56 13417.300
6 57 1592.100
6 58 7604.900
6 59 9553.600
6 60 4570.000
6 61 7829.600
6 62 8200.900
6 63 6281.000
6 64 11661.500
6 65 12496.500
6 66 8778.800
6 67 15690.400
6 68 11797.500
6 69 5536.900
6 70 10597.900
6 71 8428.300
6 72 3717.900
6 73 7608.600
6 74 6068.500
6 75 9734.200
6 76 2285.000
6 77 8095.700
6 78 10566.700
6 79 4924.600
6 80 5349.200
6 81 7334.800
6 82 4659.800
6 83 7746.300
6 84 9246.700
6 85 4898.100
6 86 2357.700
6 87 8172.800
6 88 10340.100
6 89 10815.400
6 90 6673.700
6 91 7614.700
6 92 6798.500
6 93 5523.300
6 94 12781.900
6 95 6181.600
6 96 5786.000
6 97 13367.500
6 98 10590.800
6 99 7217.000
6 100 6484.800
7 0 2279.200
7 1 11760.900
7 2 8631.500
7 3 9108.300
7 4 6844.400
7 5 3552.700
7 6 5558.300
7 7 0.000
7 8 6075.900
7 9 13352.300
7 10 2156.800
7 11 6078.800
7 12 13813.700
7 13 10437.800
7 14 5482.800
7 15 6164.500
7 16 4795.400
7 17 4778.000
7 18 14691.400
7 19 6527.200
7 20 2279.200
7 21 8659.500
7 22 10921.100
7 23 4073.100
7 24 4411.400
7 25 5580.500
7 26 8150.700
7 27 1874.700
7 28 4016.100
7 29 5146.400
7 30 11743.200
7 31 7702.100
7 32 5872.600
7 33 8918.300
7 34 5648.000
7 35 12818.900
7 36 8684.200
7 37 8727.900
7 38 8813.500
7 39 7080.800
7 40 7031.800
7 41 4148.100
7 42 8180.600
7 43 2975.700
7 44 7726.200
7 45 8092.100
7 46 5091.300
7 47 5666.000
7 48 5680.800
7 49 6971.400
7 50 4825.400
7 51 5953.000
7 52 9494.300
7 53 9154.800
7 54 13325.500
7 55 9337.600
7 56 9294.600
7 57 4143.400
7 58 11935.500
7 59 7351.800
7 60 3768.000
7 61 7027.600
7 62 9707.100
7 63 4977.500
7 64 12971.700
7 65 10294.800
7 66 6768.100
7 67 18328.500
7 68 7530.200
7 69 5339.200
7 70 10759.800
7 71 11236.400
7 72 6526.300
7 73 10416.800
7 74 3866.700
7 75 9295.500
7 76 5194.500
7 77 12120.600
7 78 13374.900
7 79 5914.900
7 80 3147.400
7 81 6532.900
7 82 7708.400
7 83 7307.500
7 84 12054.900
7 85 9432.900
7 86 6267.100
7 87 10812.600
7 88 13148.300
7 89 8613.600
7 90 2919.600
7 91 10254.400
7 92 3885.400
7 93 10058.100
7 94 15590.100
7 95 3979.800
7 96 7814.100
7 97 16175.700
7 98 12010.800
7 99 10025.200
7 100 5181.200
8 0 4703.200
8 1 7014.500
8 2 12019.800
8 3 4733.600
8 4 8338.700
8 5 4086.800
8 6 7215.600
8 7 6547.000
8 8 0.000
8 9 7105.200
8 10 6966.500
8 11 3863.200
8 12 7566.500
8 13 11979.600
8 14 9084.400
8 15 5519.000
8 16 6128.100
8 17 1679.100
8 18 8444.200
8 19 5548.700
8 20 4703.200
8 21 13149.200
8 22 6757.900
8 23 10531.000
8 24 4647.200
8 25 10172.900
8 26 3664.900
8 27 7363.100
8 28 4891.600
8 29 5905.500
8 30 13285.100
8 31 2609.300
8 32 9506.300
8 33 10078.400
8 34 2920.900
8 35 6571.700
8 36 3592.500
8 37 3635.000
8 38 3720.700
8 39 11570.500
8 40 9455.900
8 41 2858.000
8 42 3796.200
8 43 9190.300
8 44 2633.300
8 45 13025.600
8 46 2157.500
8 47 4279.400
8 48 7491.800
8 49 9395.100
8 50 9315.100
8 51 11017.900
8 52 11036.100
8 53 6633.900
8 54 8232.600
8 55 10879.400
8 56 13639.600
8 57 5799.800
8 58 9939.200
8 59 9775.900
8 60 4384.400
8 61 5233.700
8 62 6039.100
8 63 5441.200
8 64 7878.800
8 65 12718.900
8 66 11360.500
8 67 16332.200
8 68 12019.800
8 69 10404.100
8 70 5666.900
8 71 4989.300
8 72 9284.600
8 73 4169.600
8 74 6290.800
8 75 4203.800
8 76 7851.700
8 77 13662.400
8 78 7127.700
8 79 1917.600
8 80 5571.500
8 81 6216.700
8 82 10226.500
8 83 2214.600
8 84 5807.700
8 85 9141.000
8 86 7924.400
8 87 6377.500
8 88 6901.100
8 89 11037.700
8 90 6896.100
8 91 6091.200
8 92 8521.000
8 93 8257.100
8 94 9342.900
8 95 6403.900
8 96 12655.500
8 97 9928.500
8 98 7525.000
8 99 3310.900
8 100 4941.300
9 0 10681.700
9 1 4296.000
9 2 13253.800
9 3 5060.800
9 4 10736.600
9 5 10257.500
9 6 11010.000
9 7 12694.300
9 8 7701.800
9 9 0.000
9 10 12945.000
9 11 7665.100
9 12 1357.700
9 13 14092.600
9 14 15062.900
9 15 10674.900
9 16 11224.600
9 17 7657.600
9 18 4999.300
9 19 7922.600
9 20 10681.700
9 21 20529.800
9 22 4375.200
9 23 14082.100
9 24 9909.500
9 25 15285.500
9 26 4035.900
9 27 11751.400
9 28 10126.200
9 29 11002.000
9 30 15398.100
9 31 5411.800
9 32 15484.800
9 33 11312.500
9 34 7475.700
9 35 3126.700
9 36 8057.100
9 37 5807.500
9 38 5023.400
9 39 19275.200
9 40 15434.400
9 41 8904.200
9 42 6445.700
9 43 12984.700
9 44 5513.100
9 45 18087.500
9 46 7254.000
9 47 9435.400
9 48 12588.300
9 49 11395.000
9 50 15293.600
9 51 13839.200
9 52 13149.200
9 53 7284.300
9 54 5690.000
9 55 12489.100
9 56 19618.100
9 57 9594.100
9 58 5849.800
9 59 15754.400
9 60 9954.300
9 61 10389.600
9 62 3096.500
9 63 10537.700
9 64 5455.000
9 65 18697.300
9 66 17221.400
9 67 11146.700
9 68 17998.300
9 69 13225.300
9 70 7453.300
9 71 1926.600
9 72 12264.100
9 73 3325.000
9 74 12269.300
9 75 8668.400
9 76 11646.100
9 77 15775.500
9 78 3682.800
9 79 6313.400
9 80 11550.000
9 81 11372.600
9 82 11836.100
9 83 7082.600
9 84 2362.800
9 85 9887.000
9 86 11718.800
9 87 3443.400
9 88 3456.200
9 89 17016.200
9 90 12874.600
9 91 3708.500
9 92 14492.800
9 93 8907.600
9 94 4407.400
9 95 12382.400
9 96 13889.600
9 97 4992.900
9 98 3582.300
9 99 4224.900
9 100 10097.300
10 0 2612.600
10 1 12642.000
10 2 9799.800
10 3 9898.000
10 4 8182.400
10 5 4890.600
10 6 6896.200
10 7 2761.500
10 8 7193.300
10 9 13184.700
10 10 0.000
10 11 7193.000
10 12 13646.100
10 13 11606.100
10 14 3888.800
10 15 5615.000
10 16 3711.500
10 17 5764.700
10 18 14523.800
10 19 7865.100
10 20 2612.600
10 21 7065.400
10 22 12057.800
10 23 4344.600
10 24 4365.500
10 25 3986.500
10 26 9292.400
10 27 3138.300
10 28 3754.800
10 29 4101.500
10 30 12911.600
10 31 8688.800
10 32 4278.500
10 33 10256.300
10 34 6785.100
10 35 12651.300
10 36 9670.900
10 37 9714.600
10 38 9800.200
10 39 5486.800
10 40 5092.800
10 41 5309.700
10 42 8964.900
10 43 3858.500
10 44 8712.800
10 45 6941.900
10 46 6078.000
10 47 5859.300
10 48 4636.600
10 49 8139.700
10 50 3231.300
10 51 7121.400
10 52 10662.600
10 53 10291.500
10 54 14312.200
10 55 10505.900
10 56 7700.500
10 57 5481.400
10 58 13072.600
10 59 6626.500
10 60 3506.700
10 61 6478.100
10 62 10848.800
10 63 5445.600
10 64 13958.400
10 65 8290.600
10 66 5174.100
10 67 19465.600
10 68 5936.100
10 69 6507.500
10 70 11746.500
10 71 11068.800
10 72 7694.700
10 73 10249.200
10 74 2507.500
10 75 10282.100
10 76 7532.300
10 77 13288.900
10 78 13207.300
10 79 7056.600
10 80 1325.100
10 81 5983.400
10 82 8876.700
10 83 8294.200
10 84 11887.300
10 85 10770.800
10 86 7605.000
10 87 10781.500
10 88 12980.700
10 89 7948.800
10 90 1325.600
10 91 11391.100
10 92 2291.300
10 93 11396.100
10 94 15422.500
10 95 3271.200
10 96 8982.400
10 97 16008.000
10 98 13152.500
10 99 9390.500
10 100 5372.700
11 0 4952.000
11 1 5978.400
11 2 8765.500
11 3 4050.000
11 4 5084.400
11 5 3227.300
11 6 3948.300
11 7 5632.600
11 8 4261.400
11 9 8301.500
11 10 7215.200
11 11 0.000
11 12 8762.800
11 13 8712.300
11 14 9013.100
11 15 6692.600
11 16 6336.800
11 17 2974.100
11 18 9640.500
11 19 2281.400
11 20 4952.000
11 21 13468.100
11 22 5138.700
11 23 7020.400
11 24 4895.900
11 25 8223.800
11 26 4523.000
11 27 4689.700
11 28 5140.300
11 29 6114.100
11 30 10017.700
11 31 5898.200
11 32 9755.100
11 33 6824.100
11 34 1475.900
11 35 7768.000
11 36 6880.300
11 37 6660.600
11 38 5925.300
11 39 12213.500
11 40 9704.600
11 41 1874.000
11 42 3455.000
11 43 5923.000
11 44 4561.800
11 45 11025.700
11 46 3302.200
11 47 5289.000
11 48 7700.400
11 49 6127.700
11 50 9563.800
11 51 7750.600
11 52 7768.800
11 53 3372.300
11 54 9772.600
11 55 7612.100
11 56 14377.700
11 57 2532.400
11 58 6154.700
11 59 10024.600
11 60 4633.100
11 61 7098.500
11 62 5058.200
11 63 5649.800
11 64 9418.900
11 65 12967.600
11 66 10159.700
11 67 12547.600
11 68 12268.500
11 69 7136.700
11 70 8355.300
11 71 6185.600
11 72 6017.200
11 73 5366.000
11 74 6539.500
11 75 7491.600
11 76 4584.400
11 77 10395.100
11 78 8324.000
11 79 2706.400
11 80 5820.200
11 81 8081.600
11 82 6959.200
11 83 5503.600
11 84 7004.000
11 85 5886.700
11 86 4657.100
11 87 5030.100
11 88 8097.400
11 89 11286.400
11 90 7144.800
11 91 4471.900
11 92 7431.100
11 93 4995.600
11 94 10539.200
11 95 6652.600
11 96 9401.200
11 97 11124.800
11 98 7448.000
11 99 4974.400
11 100 5665.800
12 0 10705.900
12 1 3792.700
12 2 12750.500
12 3 4266.500
12 4 10233.300
12 5 10281.700
12 6 11034.200
12 7 12718.500
12 8 7726.000
12 9 951.300
12 10 12969.200
12 11 7689.300
12 12 0.000
12 13 13589.300
12 14 15087.100
12 15 10699.100
12 16 11248.800
12 17 7681.800
12 18 5023.500
12 19 7419.200
12 20 10705.900
12 21 20554.000
12 22 3871.900
12 23 14106.300
12 24 9933.700
12 25 15309.700
12 26 4060.100
12 27 11775.600
12 28 10150.400
12 29 11026.200
12 30 14894.800
12 31 5435.900
12 32 15509.000
12 33 10809.100
12 34 7499.900
12 35 3150.900
12 36 8081.300
12 37 5831.700
12 38 5047.600
12 39 19299.400
12 40 15458.600
12 41 8928.400
12 42 6469.900
12 43 13008.900
12 44 5537.300
12 45 18111.700
12 46 7278.200
12 47 9459.600
12 48 12612.500
12 49 10891.700
12 50 15317.800
12 51 13335.800
12 52 12645.800
12 53 6781.000
12 54 5714.200
12 55 11985.700
12 56 19642.300
12 57 9618.300
12 58 4558.200
12 59 15778.600
12 60 9978.500
12 61 10413.800
12 62 2593.200
12 63 10561.900
12 64 5479.200
12 65 18721.500
12 66 17245.600
12 67 11323.300
12 68 18022.500
12 69 12722.000
12 70 7477.500
12 71 1950.800
12 72 11760.800
12 73 3349.200
12 74 12293.500
12 75 8692.600
12 76 11670.300
12 77 15272.100
12 78 3707.000
12 79 6337.600
12 80 11574.200
12 81 11396.800
12 82 11332.800
12 83 7106.800
12 84 2387.000
12 85 9383.700
12 86 11743.000
12 87 2940.000
12 88 3480.400
12 89 17040.400
12 90 12898.800
12 91 3205.100
12 92 14517.000
12 93 8404.200
12 94 5922.200
12 95 12406.600
12 96 13386.200
12 97 6507.700
12 98 3079.000
12 99 4249.100
12 100 10121.500
13 0 9389.300
13 1 12230.300
13 2 1988.600
13 3 11899.900
13 4 4458.900
13 5 8458.400
13 6 6246.700
13 7 9928.800
13 8 12367.300
13 9 13663.700
13 10 11090.600
13 11 9949.600
13 12 14126.100
13 13 0.000
13 14 13344.800
13 15 11874.800
13 16 11079.400
13 17 10989.800
13 18 16392.200
13 19 9304.400
13 20 9389.300
13 21 17813.500
13 22 11390.600
13 23 11352.000
13 24 10614.500
13 25 12555.500
13 26 12428.600
13 27 9144.200
13 28 9726.400
13 29 10856.800
13 30 2125.300
13 31 13452.300
13 32 14192.400
13 33 3142.100
13 34 10214.800
13 35 14519.700
13 36 14896.000
13 37 13992.000
13 38 13933.500
13 39 16558.800
13 40 14141.900
13 41 10311.000
13 42 10367.800
13 43 10254.600
13 44 12548.700
13 45 15371.100
13 46 11317.900
13 47 12900.000
13 48 12419.700
13 49 3964.300
13 50 14742.400
13 51 4576.700
13 52 983.200
13 53 7715.300
13 54 17083.000
13 55 1846.600
13 56 18325.600
13 57 6903.400
13 58 9538.200
13 59 14461.900
13 60 9478.300
13 61 12737.900
13 62 11310.100
13 63 11634.500
13 64 17427.100
13 65 17404.900
13 66 13743.100
13 67 14307.500
13 68 17447.200
13 69 5559.800
13 70 16363.500
13 71 12937.300
13 72 5295.200
13 73 13374.200
13 74 10976.800
13 75 15507.300
13 76 5886.200
13 77 2502.700
13 78 15075.700
13 79 11216.500
13 80 10257.500
13 81 12243.200
13 82 2698.000
13 83 13519.300
13 84 13755.700
13 85 4291.600
13 86 4907.500
13 87 11282.100
13 88 14849.100
13 89 15723.700
13 90 11582.100
13 91 10723.900
13 92 11762.800
13 93 7273.300
13 94 17290.900
13 95 11089.900
13 96 2624.400
13 97 17876.500
13 98 13700.000
13 99 12982.600
13 100 11772.000
14 0 5190.000
14 1 15274.900
14 2 11389.000
14 3 12530.900
14 4 10351.000
14 5 7523.500
14 6 9529.100
14 7 4871.200
14 8 9826.200
14 9 15817.600
14 10 3307.800
14 11 9825.900
14 12 16279.000
14 13 13195.200
14 14 0.000
14 15 7156.900
14 16 5797.200
14 17 8397.600
14 18 17156.700
14 19 10498.000
14 20 5190.000
14 21 5941.600
14 22 14690.700
14 23 3044.800
14 24 7275.800
14 25 2686.700
14 26 11925.300
14 27 5248.000
14 28 6387.700
14 29 5643.400
14 30 14500.700
14 31 11321.700
14 32 3154.700
14 33 11734.700
14 34 9418.000
14 35 15284.200
14 36 12303.800
14 37 12347.500
14 38 12433.100
14 39 3275.800
14 40 3969.000
14 41 7942.600
14 42 11597.800
14 43 3568.100
14 44 11345.700
14 45 4475.600
14 46 8710.900
14 47 7401.200
14 48 4956.300
14 49 9728.900
14 50 2107.500
14 51 8710.500
14 52 12251.700
14 53 12924.400
14 54 16945.100
14 55 12095.000
14 56 6576.700
14 57 8114.300
14 58 15705.600
14 59 5153.400
14 60 6139.600
14 61 8020.000
14 62 13481.700
14 63 7220.500
14 64 16591.300
14 65 7166.800
14 66 2385.600
14 67 22098.500
14 68 4812.300
14 69 8096.700
14 70 14379.400
14 71 13701.700
14 72 9283.800
14 73 12882.100
14 74 5084.900
14 75 12915.100
14 76 8458.700
14 77 14878.000
14 78 15840.200
14 79 9689.500
14 80 3902.500
14 81 7525.300
14 82 10465.800
14 83 10927.100
14 84 14520.200
14 85 12664.300
14 86 10237.900
14 87 13414.400
14 88 15613.600
14 89 6415.200
14 90 2618.800
14 91 14024.000
14 92 2742.600
14 93 13289.500
14 94 18055.400
14 95 3376.400
14 96 10571.600
14 97 18640.900
14 98 15785.400
14 99 12023.400
14 100 6914.600
15 0 4350.000
15 1 11856.800
15 2 11109.700
15 3 9140.600
15 4 8445.000
15 5 5153.200
15 6 7158.800
15 7 5916.100
15 8 6455.600
15 9 10835.400
15 10 5742.400
15 11 7304.000
15 12 11296.700
15 13 11922.800
15 14 6816.800
15 15 0.000
15 16 2749.900
15 17 5856.100
15 18 12174.400
15 19 8217.100
15 20 4350.000
15 21 10881.500
15 22 11063.500
15 23 8263.400
15 24 2146.100
15 25 7905.300
15 26 8446.500
15 27 6732.300
15 28 2206.800
15 29 2062.900
15 30 13228.300
15 31 5486.600
15 32 7207.900
15 33 10518.900
15 34 6896.000
15 35 10301.900
15 36 6123.700
15 37 6769.200
15 38 6854.800
15 39 9302.800
15 40 7157.500
15 41 5439.100
15 42 8712.700
15 43 8731.700
15 44 6376.200
15 45 10758.000
15 46 4093.300
15 47 1332.300
15 48 3598.600
15 49 9338.300
15 50 7047.400
15 51 10945.200
15 52 10979.400
15 53 10402.400
15 54 11075.600
15 55 10822.700
15 56 10291.400
15 57 5744.000
15 58 13183.600
15 59 7481.800
15 60 3036.300
15 61 1048.800
15 62 9769.300
15 63 2293.000
15 64 10721.900
15 65 9370.600
15 66 9092.900
15 67 19576.600
15 68 9752.200
15 69 10331.300
15 70 8510.000
15 71 8719.500
15 72 9227.800
15 73 7899.900
15 74 5226.100
15 75 6735.000
15 76 7795.000
15 77 13605.600
15 78 10857.900
15 79 6834.100
15 80 4347.400
15 81 2031.900
15 82 10169.700
15 83 4741.200
15 84 9537.900
15 85 11122.800
15 86 7867.700
15 87 10107.700
15 88 10631.300
15 89 7689.500
15 90 5671.900
15 91 10396.800
15 92 7193.700
15 93 11748.100
15 94 13073.100
15 95 4048.900
15 96 11295.900
15 97 13658.700
15 98 12367.300
15 99 7041.100
15 100 1558.400
16 0 2297.500
16 1 12137.800
16 2 9846.700
16 3 8593.100
16 4 7182.000
16 5 3890.200
16 6 5895.800
16 7 4653.100
16 8 5877.900
16 9 11116.300
16 10 2920.800
16 11 5888.100
16 12 11577.700
16 13 10659.800
16 14 5024.300
16 15 2667.100
16 16 0.000
16 17 4440.300
16 18 12455.400
16 19 6979.600
16 20 2297.500
16 21 9089.000
16 22 10752.900
16 23 6470.900
16 24 2047.200
16 25 6112.800
16 26 7987.500
16 27 5469.200
16 28 1387.400
16 29 717.800
16 30 11965.200
16 31 6620.400
16 32 5446.200
16 33 9255.900
16 34 5480.200
16 35 10582.900
16 36 7603.700
16 37 7646.200
16 38 7731.800
16 39 7510.400
16 40 5395.800
16 41 4201.600
16 42 7660.000
16 43 6042.500
16 44 6644.500
16 45 8965.500
16 46 3602.100
16 47 2951.100
16 48 2255.600
16 49 8075.200
16 50 5254.900
16 51 9682.100
16 52 9716.300
16 53 8986.500
16 54 12243.800
16 55 9559.600
16 56 8948.400
16 57 4481.000
16 58 11767.700
16 59 5720.100
16 60 1773.300
16 61 3530.200
16 62 10050.300
16 63 3127.300
16 64 11890.000
16 65 8027.700
16 66 7300.400
16 67 18160.700
16 68 7959.700
16 69 9068.300
16 70 9678.100
16 71 9000.400
16 72 7964.800
16 73 8180.800
16 74 2404.500
16 75 8215.000
16 76 6531.900
16 77 12342.600
16 78 11138.900
16 79 5751.700
16 80 1525.800
16 81 3035.400
16 82 8906.700
16 83 6119.800
16 84 9818.900
16 85 9885.300
16 86 6604.600
16 87 10388.600
16 88 10912.300
16 89 6346.500
16 90 2850.400
16 91 10086.100
16 92 4475.300
16 93 10510.500
16 94 13354.100
16 95 2343.800
16 96 10032.800
16 97 13939.700
16 98 12648.300
16 99 7322.100
16 100 2464.500
17 0 3602.600
17 1 7258.700
17 2 11064.100
17 3 4559.300
17 4 7383.000
17 5 2986.100
17 6 6260.000
17 7 5446.300
17 8 1704.400
17 9 7695.800
17 10 5865.800
17 11 2907.500
17 12 8157.200
17 13 11023.900
17 14 7983.700
17 15 5621.600
17 16 5146.100
17 17 0.000
17 18 9034.900
17 19 4593.000
17 20 3602.600
17 21 12048.500
17 22 6583.600
17 23 9430.300
17 24 3546.500
17 25 9072.300
17 26 3909.100
17 27 6262.500
17 28 3790.900
17 29 4923.400
17 30 12329.400
17 31 3199.900
17 32 8405.700
17 33 9122.700
17 34 1965.200
17 35 7162.400
17 36 4182.000
17 37 4225.700
17 38 4311.400
17 39 10469.800
17 40 8355.200
17 41 1757.300
17 42 3621.900
17 43 8234.600
17 44 3224.000
17 45 11924.900
17 46 2260.100
17 47 4098.300
17 48 6509.700
17 49 8439.400
17 50 8214.400
17 51 10062.200
17 52 10080.500
17 53 6057.300
17 54 8823.300
17 55 9923.800
17 56 12538.900
17 57 4844.100
17 58 8838.500
17 59 8675.200
17 60 3283.700
17 61 5336.300
17 62 5465.500
17 63 4459.200
17 64 8469.500
17 65 11618.200
17 66 10259.800
17 67 15231.500
17 68 10919.200
17 69 9448.400
17 70 6257.600
17 71 5580.000
17 72 8328.900
17 73 4760.300
17 74 5190.100
17 75 4793.300
17 76 6896.100
17 77 12706.700
17 78 7718.400
17 79 1743.300
17 80 4470.800
17 81 6319.300
17 82 9270.800
17 83 2805.300
17 84 6398.400
17 85 8185.300
17 86 6968.800
17 87 5398.200
17 88 7491.800
17 89 9937.000
17 90 5795.400
17 91 5916.900
17 92 7420.400
17 93 7680.600
17 94 9933.600
17 95 5303.200
17 96 11699.800
17 97 10519.200
17 98 7769.200
17 99 3901.600
17 100 4316.400
18 0 13090.100
18 1 7426.900
18 2 16387.900
18 3 7469.200
18 4 13870.800
18 5 11520.300
18 6 12272.700
18 7 13957.000
18 8 10110.200
18 9 5229.600
18 10 15353.400
18 11 8927.900
18 12 5239.700
18 13 17226.800
18 14 17471.300
18 15 11291.600
18 16 13633.000
18 17 10066.000
18 18 0.000
18 19 11056.700
18 20 13090.100
18 21 21792.500
18 22 7509.300
18 23 15344.800
18 24 12317.900
18 25 16548.300
18 26 6444.300
18 27 13014.200
18 28 12534.600
18 29 11657.500
18 30 18532.200
18 31 5808.400
18 32 17893.200
18 33 14446.600
18 34 9884.100
18 35 3031.500
18 36 7068.500
18 37 4818.900
18 38 4083.600
18 39 20537.900
18 40 17842.800
18 41 10166.900
18 42 7708.400
18 43 14247.400
18 44 7921.500
18 45 19350.200
18 46 9662.400
18 47 10052.000
18 48 13193.100
18 49 14529.100
18 50 17702.000
18 51 16075.000
18 52 16283.300
18 53 10418.500
18 54 1410.400
18 55 15623.200
18 56 22026.500
18 57 10856.900
18 58 11521.200
18 59 18162.800
18 60 12362.700
18 61 11006.300
18 62 5886.600
18 63 10841.500
18 64 3456.800
18 65 21105.700
18 66 18484.200
18 67 16818.000
18 68 20406.700
18 69 15461.200
18 70 5314.000
18 71 4335.000
18 72 14341.700
18 73 5733.400
18 74 14677.700
18 75 7490.800
18 76 12908.900
18 77 18909.600
18 78 2475.500
18 79 8721.800
18 80 13958.400
18 81 11989.300
18 82 14970.300
18 83 6817.800
18 84 3480.900
18 85 13021.100
18 86 12981.600
18 87 6553.500
18 88 2207.700
18 89 19424.600
18 90 15283.000
18 91 6842.600
18 92 15755.500
18 93 12041.700
18 94 2402.400
18 95 14790.800
18 96 17023.700
18 97 2401.300
18 98 6706.200
18 99 6633.300
18 100 10713.900
19 0 5766.800
19 1 6793.300
19 2 7886.500
19 3 4864.900
19 4 4205.400
19 5 4042.200
19 6 3422.400
19 7 6447.400
19 8 5076.300
19 9 9116.300
19 10 8030.100
19 11 1111.200
19 12 9577.700
19 13 8725.300
19 14 9827.900
19 15 7507.400
19 16 7151.600
19 17 3789.000
19 18 10455.400
19 19 0.000
19 20 5766.800
19 21 14283.000
19 22 5953.500
19 23 7835.200
19 24 5710.800
19 25 9038.700
19 26 5337.800
19 27 5504.600
19 28 5955.200
19 29 6928.900
19 30 10030.800
19 31 6713.100
19 32 10569.900
19 33 5945.200
19 34 2290.800
19 35 8582.900
19 36 7695.100
19 37 7475.400
19 38 6740.200
19 39 13028.300
19 40 10519.500
19 41 2688.900
19 42 4269.800
19 43 6737.800
19 44 5376.600
19 45 11840.600
19 46 4117.100
19 47 6103.800
19 48 8515.300
19 49 5601.800
19 50 10378.600
19 51 7924.200
19 52 7781.900
19 53 4187.200
19 54 10587.500
19 55 7121.800
19 56 15192.500
19 57 3347.300
19 58 6969.500
19 59 10839.500
19 60 5448.000
19 61 7913.400
19 62 5873.000
19 63 6464.700
19 64 10233.700
19 65 13782.400
19 66 10974.600
19 67 13362.500
19 68 13083.400
19 69 7310.400
19 70 9170.100
19 71 7000.400
19 72 5491.400
19 73 6180.800
19 74 7354.400
19 75 8306.400
19 76 4058.500
19 77 10408.200
19 78 9138.900
19 79 3521.200
19 80 6635.100
19 81 8896.400
19 82 6468.900
19 83 6318.500
19 84 7818.900
19 85 5007.700
19 86 4131.200
19 87 5845.000
19 88 8912.300
19 89 12101.300
19 90 7959.600
19 91 5286.800
19 92 8246.000
19 93 5810.400
19 94 11354.100
19 95 7467.500
19 96 8522.300
19 97 11939.600
19 98 8262.900
19 99 5789.200
19 100 6480.600
20 0 0.000
20 1 11809.400
20 2 10014.500
20 3 9065.400
20 4 7349.800
20 5 4058.000
20 6 6063.600
20 7 1845.000
20 8 6360.600
20 9 12352.100
20 10 2743.800
20 11 6360.400
20 12 12813.500
20 13 10827.600
20 14 5568.800
20 15 5070.600
20 16 3431.600
20 17 4932.100
20 18 13691.100
20 19 7032.500
20 20 0.000
20 21 9072.500
20 22 11225.200
20 23 7015.400
20 24 3810.200
20 25 6657.300
20 26 8459.800
20 27 3061.400
20 28 2922.200
20 29 3821.600
20 30 12133.000
20 31 7856.200
20 32 5990.700
20 33 9423.700
20 34 5952.500
20 35 11818.600
20 36 8838.200
20 37 8882.000
20 38 8967.600
20 39 7493.800
20 40 5940.200
20 41 4477.100
20 42 8132.300
20 43 5865.500
20 44 7880.200
20 45 8948.900
20 46 5245.400
20 47 5454.300
20 48 4589.300
20 49 8243.000
20 50 5238.400
20 51 7798.100
20 52 9884.100
20 53 9458.800
20 54 13479.500
20 55 9727.400
20 56 10128.300
20 57 4648.800
20 58 12240.000
20 59 6264.600
20 60 2674.100
20 61 5933.700
20 62 10016.200
20 63 4830.200
20 64 13125.700
20 65 9207.500
20 66 7844.900
20 67 18633.000
20 68 7943.100
20 69 7184.300
20 70 10913.900
20 71 10236.200
20 72 8132.600
20 73 9416.600
20 74 1582.500
20 75 9449.500
20 76 6699.700
20 77 12510.400
20 78 12374.600
20 79 6224.000
20 80 1348.900
20 81 5438.900
20 82 9074.500
20 83 7461.600
20 84 11054.700
20 85 9938.200
20 86 6772.400
20 87 9948.900
20 88 12148.000
20 89 7526.400
20 90 2673.400
20 91 10558.400
20 92 4298.400
20 93 10563.400
20 94 14589.800
20 95 2888.300
20 96 10200.600
20 97 15175.400
20 98 12319.900
20 99 8557.900
20 100 4967.700
21 0 8953.500
21 1 18628.000
21 2 15360.700
21 3 15975.500
21 4 13717.200
21 5 11287.100
21 6 12431.100
21 7 8634.800
21 8 13589.700
21 9 20219.500
21 10 7071.300
21 11 12946.000
21 12 20680.800
21 13 17167.000
21 14 6140.100
21 15 10920.400
21 16 9560.700
21 17 12161.200
21 18 21558.500
21 19 13399.900
21 20 8953.500
21 21 0.000
21 22 17788.300
21 23 6079.000
21 24 11039.300
21 25 5721.000
21 26 16448.400
21 27 9599.600
21 28 10151.300
21 29 9406.900
21 30 18472.500
21 31 15085.300
21 32 3909.200
21 33 15791.100
21 34 13401.400
21 35 19686.000
21 36 16067.300
21 37 18578.600
21 38 17843.300
21 39 2783.700
21 40 3119.600
21 41 11706.200
21 42 15380.400
21 43 7334.200
21 44 15109.300
21 45 1987.900
21 46 12474.500
21 47 11164.800
21 48 8719.800
21 49 13700.600
21 50 4214.500
21 51 12682.300
21 52 16223.500
21 53 16021.900
21 54 21690.600
21 55 16066.800
21 56 1442.000
21 57 11015.200
21 58 18804.300
21 59 4294.800
21 60 9903.200
21 61 10418.500
21 62 17707.800
21 63 10984.000
21 64 21336.800
21 65 3116.400
21 66 5128.100
21 67 25197.200
21 68 1353.500
21 69 12068.400
21 70 20273.300
21 71 18103.600
21 72 13255.600
21 73 17284.000
21 74 8848.400
21 75 16678.600
21 76 12224.700
21 77 18849.800
21 78 20242.000
21 79 14631.800
21 80 7666.100
21 81 11288.800
21 82 14437.600
21 83 14690.700
21 84 18922.000
21 85 16522.000
21 86 13139.900
21 87 17679.700
21 88 20015.400
21 89 4111.200
21 90 6382.300
21 91 17121.500
21 92 7377.700
21 93 17147.300
21 94 22457.200
21 95 7139.900
21 96 14543.300
21 97 23042.800
21 98 20097.600
21 99 16892.400
21 100 10678.200
22 0 8394.400
22 1 3890.200
22 2 8923.900
22 3 3493.800
22 4 6406.700
22 5 6669.700
22 6 7390.700
22 7 9075.000
22 8 6086.100
22 9 5323.500
22 10 10657.600
22 11 3738.800
22 12 5785.900
22 13 9762.700
22 14 12455.500
22 15 10135.000
22 16 9779.200
22 17 6416.500
22 18 8052.000
22 19 3592.700
22 20 8394.400
22 21 16910.500
22 22 0.000
22 23 10462.800
22 24 8338.300
22 25 11666.200
22 26 4088.500
22 27 8132.100
22 28 8582.700
22 29 9556.500
22 30 11068.200
22 31 6090.200
22 32 13197.500
22 33 6982.600
22 34 4918.400
22 35 6179.500
22 36 10322.700
22 37 6629.900
22 38 6403.900
22 39 15655.900
22 40 13147.000
22 41 5316.400
22 42 3005.700
22 43 9365.400
22 44 5186.700
22 45 14468.200
22 46 6744.600
22 47 8731.400
22 48 11142.800
22 49 7065.100
22 50 13006.200
22 51 9509.300
22 52 8819.300
22 53 2954.400
22 54 8742.800
22 55 8159.200
22 56 17820.100
22 57 5974.800
22 58 5104.500
22 59 13467.000
22 60 8075.500
22 61 10541.000
22 62 2969.900
22 63 9092.200
22 64 9897.400
22 65 16410.000
22 66 13602.100
22 67 11497.500
22 68 15711.000
22 69 8895.400
22 70 8833.800
22 71 4597.100
22 72 7934.200
22 73 4207.500
22 74 9981.900
22 75 10934.000
22 76 8026.800
22 77 11445.600
22 78 6735.500
22 79 3854.500
22 80 9262.600
22 81 11524.000
22 82 7506.200
22 83 7761.100
22 84 5415.600
22 85 5557.100
22 86 7546.500
22 87 2941.900
22 88 6508.900
22 89 14728.800
22 90 10587.200
22 91 2383.700
22 92 10873.500
22 93 4577.700
22 94 8950.700
22 95 10095.000
22 96 9559.700
22 97 9536.300
22 98 5359.800
22 99 5452.900
22 100 9108.200
23 0 6509.800
23 1 13163.600
23 2 9891.000
23 3 10511.100
23 4 8248.200
23 5 6903.800
23 6 6962.000
23 7 4352.700
23 8 11668.500
23 9 14755.100
23 10 4627.600
23 11 7481.600
23 12 15216.500
23 13 11697.200
23 14 3199.400
23 15 8999.200
23 16 7639.500
23 17 10239.900
23 18 16094.100
23 19 7930.900
23 20 6509.800
23 21 8431.200
23 22 12323.900
23 23 0.000
23 24 9118.100
23 25 1776.400
23 26 10984.100
23 27 4129.800
23 28 8230.100
23 29 7485.700
23 30 13002.700
23 31 12714.000
23 32 5644.300
23 33 10236.700
23 34 7876.800
23 35 14221.600
23 36 14146.100
23 37 13114.200
23 38 12378.900
23 39 5199.200
23 40 6458.500
23 41 7973.000
23 42 9916.000
23 43 1864.400
23 44 11022.800
23 45 5054.000
23 46 10553.200
23 47 9243.500
23 48 6798.600
23 49 8230.900
23 50 4597.100
23 51 7212.500
23 52 10753.800
23 53 10557.500
23 54 16226.300
23 55 10597.100
23 56 9066.200
23 57 5546.200
23 58 13339.900
23 59 7643.000
23 60 7981.900
23 61 9862.300
23 62 12243.400
23 63 9062.800
23 64 15872.500
23 65 9656.400
23 66 2964.000
23 67 19732.900
23 68 7301.800
23 69 6598.700
23 70 14808.900
23 71 12639.200
23 72 7785.800
23 73 11819.600
23 74 6404.700
23 75 14757.400
23 76 6755.000
23 77 13380.100
23 78 14777.600
23 79 9167.400
23 80 5222.400
23 81 9367.600
23 82 8967.800
23 83 12769.400
23 84 13457.700
23 85 11166.300
23 86 7670.800
23 87 12215.300
23 88 14551.000
23 89 8904.800
23 90 3938.600
23 91 11657.200
23 92 2611.100
23 93 11791.500
23 94 16992.800
23 95 5218.700
23 96 9073.600
23 97 17578.400
23 98 14633.300
23 99 11428.000
23 100 8756.900
24 0 3056.900
24 1 11066.500
24 2 9671.700
24 3 7521.900
24 4 7007.000
24 5 3284.200
24 6 5720.800
24 7 4478.100
24 8 4806.600
24 9 10045.100
24 10 4321.500
24 11 4816.900
24 12 10506.500
24 13 10484.800
24 14 6798.400
24 15 2688.300
24 16 2323.500
24 17 3467.800
24 18 11384.200
24 19 5790.700
24 20 3056.900
24 21 10863.100
24 22 9681.700
24 23 8245.000
24 24 0.000
24 25 7886.900
24 26 6916.300
24 27 5294.200
24 28 768.800
24 29 2044.500
24 30 11790.300
24 31 5549.200
24 32 7189.500
24 33 9080.900
24 34 4409.000
24 35 9511.700
24 36 6532.500
24 37 6575.000
24 38 6660.600
24 39 9284.400
24 40 7139.100
24 41 3012.800
24 42 6588.700
24 43 7679.500
24 44 5573.200
24 45 10739.600
24 46 2530.900
24 47 1579.900
24 48 3580.200
24 49 7900.200
24 50 7029.000
24 51 9507.100
24 52 9541.300
24 53 7915.300
24 54 11172.500
24 55 9384.600
24 56 10273.000
24 57 4306.000
24 58 10696.500
24 59 7463.400
24 60 1598.300
24 61 3127.800
24 62 8979.100
24 63 889.500
24 64 10818.800
24 65 9352.200
24 66 9074.500
24 67 17089.500
24 68 9733.800
24 69 8893.300
24 70 8606.900
24 71 7929.200
24 72 7789.800
24 73 7109.600
24 74 3805.200
24 75 7143.700
24 76 6356.900
24 77 12167.600
24 78 10067.700
24 79 4680.500
24 80 2926.500
24 81 3056.700
24 82 8731.700
24 83 5048.600
24 84 8747.700
24 85 8696.500
24 86 6429.600
24 87 9317.400
24 88 9841.100
24 89 7671.100
24 90 4251.100
24 91 9014.900
24 92 5876.000
24 93 9321.700
24 94 12282.900
24 95 4030.500
24 96 9857.800
24 97 12868.400
24 98 11577.000
24 99 6250.900
24 100 1093.300
25 0 8335.600
25 1 15716.100
25 2 11293.900
25 3 13063.500
25 4 9651.100
25 5 8306.700
25 6 8364.900
25 7 5755.600
25 8 11420.600
25 9 17307.500
25 10 5549.400
25 11 10034.000
25 12 17768.900
25 13 13100.100
25 14 2090.400
25 15 8751.300
25 16 7391.600
25 17 9992.000
25 18 18646.600
25 19 9333.800
25 20 8335.600
25 21 6847.300
25 22 14876.300
25 23 2012.100
25 24 8870.200
25 25 0.000
25 26 13536.500
25 27 5532.700
25 28 7982.100
25 29 7237.800
25 30 14405.600
25 31 12916.100
25 32 5396.300
25 33 11639.600
25 34 9279.700
25 35 16774.100
25 36 13898.200
25 37 13941.900
25 38 14931.300
25 39 3433.400
25 40 4678.500
25 41 9537.000
25 42 12468.500
25 43 3267.300
25 44 12940.100
25 45 3288.300
25 46 10305.300
25 47 8995.600
25 48 6550.700
25 49 9633.700
25 50 4349.200
25 51 8615.400
25 52 12156.600
25 53 13110.000
25 54 18778.700
25 55 11999.900
25 56 7756.900
25 57 6949.000
25 58 15892.300
25 59 7395.100
25 60 7734.000
25 61 9614.400
25 62 14795.800
25 63 8814.900
25 64 18424.900
25 65 7942.300
25 66 1198.200
25 67 22285.300
25 68 5521.800
25 69 8001.600
25 70 17361.300
25 71 15191.600
25 72 9188.700
25 73 14372.000
25 74 7326.500
25 75 14509.500
25 76 8157.900
25 77 14782.900
25 78 17330.100
25 79 11719.900
25 80 6144.100
25 81 9119.700
25 82 10370.700
25 83 12521.500
25 84 16010.100
25 85 12569.200
25 86 9073.700
25 87 14767.800
25 88 17103.500
25 89 8656.900
25 90 4860.400
25 91 14209.600
25 92 3310.800
25 93 13194.400
25 94 19545.300
25 95 4970.800
25 96 10476.500
25 97 20130.800
25 98 17185.700
25 99 13980.400
25 100 8509.000
26 0 6855.000
26 1 3839.600
26 2 11206.700
26 3 1121.200
26 4 7853.700
26 5 5921.200
26 6 7023.600
26 7 8707.900
26 8 4202.900
26 9 4508.600
26 10 9118.300
26 11 3671.200
26 12 4776.300
26 13 12045.600
26 14 11236.200
26 15 8319.300
26 16 8242.200
26 17 3830.900
26 18 5847.700
26 19 4836.400
26 20 6855.000
26 21 16543.400
26 22 2635.600
26 23 10095.700
26 24 6798.900
26 25 11299.100
26 26 0.000
26 27 7765.000
26 28 7043.400
26 29 8019.500
26 30 13351.000
26 31 3056.100
26 32 11658.100
26 33 9265.400
26 34 3439.800
26 35 3975.200
26 36 6321.900
26 37 3595.800
26 38 2985.800
26 39 13722.200
26 40 11607.600
26 41 4187.600
26 42 2441.200
26 43 8998.300
26 44 2152.600
26 45 14101.000
26 46 4886.900
26 47 7079.700
26 48 9605.900
26 49 9203.000
26 50 11466.800
26 51 10825.900
26 52 11102.100
26 53 5237.300
26 54 6833.100
26 55 10442.000
26 56 15791.300
26 57 5607.700
26 58 7387.300
26 59 11927.600
26 60 6536.100
26 61 8034.000
26 62 2046.400
26 63 7365.000
26 64 6479.300
26 65 14870.600
26 66 13235.000
26 67 13780.300
26 68 14171.600
26 69 10212.000
26 70 5415.800
26 71 2392.700
26 72 9092.500
26 73 2426.400
26 74 8442.500
26 75 6933.200
26 76 7659.700
26 77 13728.400
26 78 4531.200
26 79 2277.500
26 80 7723.300
26 81 9017.000
26 82 9789.100
26 83 4727.000
26 84 3211.200
26 85 7839.900
26 86 7732.400
26 87 1554.900
26 88 4304.600
26 89 13189.400
26 90 9047.800
26 91 1968.800
26 92 10506.400
26 93 6860.500
26 94 6746.400
26 95 8555.700
26 96 11842.500
26 97 7331.900
26 98 4350.100
26 99 2034.900
26 100 7741.600
27 0 3209.300
27 1 9728.400
27 2 7477.700
27 3 7075.900
27 4 4813.000
27 5 3468.600
27 6 3526.800
27 7 1874.100
27 8 7377.400
27 9 11319.900
27 10 2533.600
27 11 4046.400
27 12 11781.200
27 13 8290.800
27 14 5641.000
27 15 6885.000
27 16 6089.600
27 17 6000.000
27 18 12658.900
27 19 4495.700
27 20 3209.300
27 21 9036.300
27 22 8888.700
27 23 3648.200
27 24 5624.600
27 25 4851.700
27 26 7548.800
27 27 0.000
27 28 4736.600
27 29 5866.900
27 30 9596.300
27 31 9278.800
27 32 6249.300
27 33 6886.900
27 34 4441.600
27 35 10786.400
27 36 9906.100
27 37 9679.000
27 38 8943.700
27 39 7457.600
27 40 7063.600
27 41 4537.800
27 42 6480.800
27 43 2550.800
27 44 7587.600
27 45 7667.300
27 46 6328.100
27 47 7126.900
27 48 6610.900
27 49 5706.300
27 50 5202.200
27 51 5325.700
27 52 7347.300
27 53 7122.300
27 54 12791.000
27 55 7190.600
27 56 9671.300
27 57 2111.000
27 58 9904.700
27 59 8281.900
27 60 4488.500
27 61 7748.100
27 62 8808.200
27 63 5907.600
27 64 12437.300
27 65 11224.900
27 66 6039.300
27 67 16297.700
27 68 7906.900
27 69 4711.900
27 70 11373.700
27 71 9204.000
27 72 4941.700
27 73 8384.400
27 74 4796.800
27 75 10517.400
27 76 3319.800
27 77 9973.600
27 78 11342.400
27 79 5732.200
27 80 3335.600
27 81 7253.300
27 82 6537.700
27 83 8529.500
27 84 10022.500
27 85 7617.800
27 86 4235.600
27 87 8780.100
27 88 11115.800
27 89 9543.700
27 90 3296.400
27 91 8221.900
27 92 4262.100
27 93 8243.000
27 94 13557.600
27 95 4909.900
27 96 7186.800
27 97 14143.200
27 98 11198.000
27 99 7992.800
27 100 6782.100
28 0 2143.800
28 1 10677.600
28 2 8903.600
28 3 7933.600
28 4 6238.900
28 5 2947.100
28 6 4952.700
28 7 3710.000
28 8 5228.800
28 9 10402.800
28 10 3808.500
28 11 5228.600
28 12 10864.100
28 13 9716.700
28 14 5911.900
28 15 2149.600
28 16 1354.200
28 17 3800.300
28 18 11741.800
28 19 5921.600
28 20 2143.800
28 21 9976.700
28 22 10093.400
28 23 7358.500
28 24 933.400
28 25 7000.400
28 26 7328.000
28 27 4526.100
28 28 0.000
28 29 1131.500
28 30 11022.200
28 31 5906.900
28 32 6333.900
28 33 8312.800
28 34 4820.700
28 35 9869.300
28 36 6890.100
28 37 6932.600
28 38 7018.300
28 39 8398.000
28 40 6283.400
28 41 3345.300
28 42 7000.500
28 43 6911.400
28 44 5930.900
28 45 9853.100
28 46 2888.600
28 47 2533.400
28 48 3337.000
28 49 7132.100
28 50 6142.600
28 51 8739.000
28 52 8773.200
28 53 8327.000
28 54 11530.200
28 55 8616.500
28 56 11080.200
28 57 3537.900
28 58 11108.200
28 59 7216.500
28 60 830.200
28 61 3012.700
28 62 9336.700
28 63 2026.800
28 64 11176.400
28 65 10159.400
28 66 8188.000
28 67 17501.200
28 68 8847.300
28 69 8125.200
28 70 8964.600
28 71 8286.900
28 72 7021.700
28 73 7467.300
28 74 3292.200
28 75 7501.400
28 76 5588.800
28 77 11399.500
28 78 10425.300
28 79 5092.200
28 80 2413.500
28 81 2518.000
28 82 7963.600
28 83 5406.200
28 84 9105.300
28 85 8827.300
28 86 5661.500
28 87 9675.100
28 88 10198.700
28 89 8478.300
28 90 3738.000
28 91 9426.600
28 92 5363.000
28 93 9452.600
28 94 12640.500
28 95 3231.400
28 96 9089.800
28 97 13226.100
28 98 11188.100
28 99 6608.600
28 100 2046.800
29 0 3283.300
29 1 12308.600
29 2 10043.000
29 3 8763.900
29 4 7378.300
29 5 4086.500
29 6 6092.100
29 7 4849.400
29 8 6048.700
29 9 11287.200
29 10 3581.300
29 11 6058.900
29 12 11748.500
29 13 10856.100
29 14 5172.500
29 15 1988.900
29 16 717.800
29 17 4611.100
29 18 12626.200
29 19 7150.400
29 20 3283.300
29 21 9237.200
29 22 10923.700
29 23 6619.000
29 24 1817.800
29 25 6261.000
29 26 8158.300
29 27 5665.600
29 28 1140.100
29 29 0.000
29 30 12161.600
29 31 6394.700
29 32 5563.600
29 33 9452.200
29 34 5651.000
29 35 10753.700
29 36 7774.500
29 37 7817.000
29 38 7902.700
29 39 7658.500
29 40 5513.100
29 41 4372.400
29 42 7830.800
29 43 7087.300
29 44 6815.300
29 45 9113.600
29 46 3773.000
29 47 2233.200
29 48 1954.200
29 49 8271.600
29 50 5403.100
29 51 9878.500
29 52 9912.700
29 53 9157.400
29 54 12414.600
29 55 9756.000
29 56 8647.000
29 57 4677.300
29 58 11938.600
29 59 5837.500
29 60 1969.600
29 61 2852.000
29 62 10221.100
29 63 2052.500
29 64 12060.800
29 65 7726.300
29 66 7448.500
29 67 18331.500
29 68 8107.900
29 69 9264.600
29 70 9849.000
29 71 9171.300
29 72 8161.100
29 73 8351.700
29 74 3065.000
29 75 8385.800
29 76 6728.300
29 77 12538.900
29 78 11309.700
29 79 5922.500
29 80 2186.400
29 81 2357.300
29 82 9103.000
29 83 5649.300
29 84 9989.800
29 85 10056.100
29 86 6801.000
29 87 10559.500
29 88 11083.100
29 89 6045.200
29 90 3510.900
29 91 10257.000
29 92 5135.900
29 93 10681.400
29 94 13524.900
29 95 2404.600
29 96 10229.200
29 97 14110.500
29 98 12819.100
29 99 7493.000
29 100 1746.600
30 0 10681.500
30 1 13522.600
30 2 3280.900
30 3 13192.200
30 4 5751.200
30 5 9750.700
30 6 7539.000
30 7 11221.100
30 8 13659.600
30 9 14956.000
30 10 12382.900
30 11 11241.800
30 12 15418.400
30 13 1780.700
30 14 14637.100
30 15 13167.100
30 16 12371.700
30 17 12282.100
30 18 17684.500
30 19 10596.700
30 20 10681.500
30 21 19105.800
30 22 12682.900
30 23 12644.300
30 24 11906.800
30 25 13847.800
30 26 13720.900
30 27 10436.500
30 28 11018.700
30 29 12149.000
30 30 0.000
30 31 14744.600
30 32 15484.600
30 33 4434.400
30 34 11507.100
30 35 15812.000
30 36 16188.300
30 37 15284.300
30 38 15225.800
30 39 17851.100
30 40 15434.200
30 41 11603.300
30 42 11660.100
30 43 11546.900
30 44 13841.000
30 45 16663.400
30 46 12610.200
30 47 14192.300
30 48 13712.000
30 49 5256.600
30 50 16034.700
30 51 5869.000
30 52 2275.500
30 53 9007.600
30 54 18375.200
30 55 3138.900
30 56 19617.900
30 57 8195.700
30 58 10830.500
30 59 15754.200
30 60 10770.600
30 61 14030.200
30 62 12602.400
30 63 12926.800
30 64 18719.400
30 65 18697.200
30 66 15035.400
30 67 15599.800
30 68 18739.500
30 69 6852.100
30 70 17655.800
30 71 14229.600
30 72 6587.500
30 73 14666.500
30 74 12269.100
30 75 16799.600
30 76 7178.500
30 77 700.200
30 78 16368.000
30 79 12508.800
30 80 11549.800
30 81 13535.500
30 82 3990.300
30 83 14811.600
30 84 15048.000
30 85 5583.900
30 86 6199.800
30 87 12574.300
30 88 16141.400
30 89 17016.000
30 90 12874.400
30 91 12016.200
30 92 13055.100
30 93 8565.500
30 94 18583.200
30 95 12382.200
30 96 3916.700
30 97 19168.800
30 98 14992.300
30 99 14274.900
30 100 13064.300
31 0 6269.800
31 1 6602.100
31 2 12898.800
31 3 3885.900
31 4 10765.300
31 5 5653.300
31 6 9479.100
31 7 8113.500
31 8 3289.800
31 9 5580.700
31 10 8533.000
31 11 6134.200
31 12 6042.100
31 13 14243.100
31 14 10651.000
31 15 5474.900
31 16 6527.800
31 17 3245.700
31 18 6919.700
31 19 6486.900
31 20 6269.800
31 21 14715.700
31 22 5808.800
31 23 12097.600
31 24 5170.300
31 25 11739.500
31 26 3191.900
31 27 10220.600
31 28 5714.200
31 29 5840.900
31 30 15548.600
31 31 0.000
31 32 11072.900
31 33 10957.500
31 34 4632.500
31 35 5047.200
31 36 2846.800
31 37 1514.500
31 38 1600.200
31 39 13137.000
31 40 11022.400
31 41 4424.500
31 42 4091.700
31 43 11453.800
31 44 1121.500
31 45 16556.600
31 46 3153.800
31 47 4235.400
31 48 7376.500
31 49 11658.600
31 50 10881.600
31 51 13281.400
31 52 13299.600
31 53 6929.300
31 54 5782.700
31 55 13142.900
31 56 15206.100
31 57 8063.300
31 58 9079.400
31 59 11342.400
31 60 5542.300
31 61 5189.600
31 62 4514.600
31 63 5024.800
31 64 5428.900
31 65 14285.400
31 66 12927.100
31 67 15472.400
31 68 13586.400
31 69 12667.600
31 70 3932.500
31 71 3464.800
31 72 11548.100
31 73 2645.200
31 74 7857.300
31 75 3458.100
31 76 10115.200
31 77 15925.900
31 78 5603.200
31 79 2947.300
31 80 7138.100
31 81 6172.600
31 82 12490.000
31 83 1882.600
31 84 4283.300
31 85 9532.000
31 86 10187.900
31 87 4853.000
31 88 5376.600
31 89 12604.200
31 90 8462.600
31 91 5142.100
31 92 10087.600
31 93 8552.600
31 94 7818.400
31 95 7970.400
31 96 13534.600
31 97 8404.000
31 98 7112.600
31 99 1786.500
31 100 4897.300
32 0 6716.800
32 1 15250.600
32 2 13494.300
32 3 12506.600
32 4 10790.900
32 5 7499.200
32 6 9504.800
32 7 5643.900
32 8 9801.800
32 9 15793.300
32 10 4080.400
32 11 9801.600
32 12 16254.600
32 13 14268.700
32 14 3758.500
32 15 7111.100
32 16 5305.900
32 17 8373.200
32 18 17132.300
32 19 10473.600
32 20 6716.800
32 21 3937.100
32 22 14666.300
32 23 5205.100
32 24 7251.400
32 25 4847.000
32 26 11901.000
32 27 6020.700
32 28 6363.400
32 29 5597.600
32 30 15574.200
32 31 11297.400
32 32 0.000
32 33 12864.800
32 34 9393.700
32 35 15259.800
32 36 12279.400
32 37 12323.100
32 38 12408.800
32 39 2157.000
32 40 965.100
32 41 7918.300
32 42 11573.400
32 43 5673.400
32 44 11321.400
32 45 3612.100
32 46 8686.600
32 47 7355.400
32 48 4910.500
32 49 11684.200
32 50 1223.600
32 51 10815.800
32 52 13325.300
32 53 12900.000
32 54 16920.700
32 55 13168.600
32 56 4572.100
32 57 8089.900
32 58 15681.200
32 59 2230.300
32 60 6115.200
32 61 7974.200
32 62 13457.400
32 63 7174.700
32 64 16566.900
32 65 5173.300
32 66 6034.600
32 67 22074.200
32 68 2807.700
32 69 10202.000
32 70 14355.000
32 71 13677.400
32 72 11573.700
32 73 12857.700
32 74 5857.500
32 75 12890.700
32 76 10140.900
32 77 15951.600
32 78 15815.800
32 79 9665.200
32 80 4675.200
32 81 7479.500
32 82 12515.600
32 83 10902.700
32 84 14495.800
32 85 13379.400
32 86 10213.600
32 87 13390.000
32 88 15589.200
32 89 3492.100
32 90 3391.500
32 91 13999.600
32 92 4267.800
32 93 14004.600
32 94 18031.000
32 95 3352.000
32 96 12676.900
32 97 18616.600
32 98 15761.100
32 99 11999.000
32 100 6868.800
33 0 8010.800
33 1 8946.300
33 2 2259.500
33 3 8615.800
33 4 3080.400
33 5 7079.900
33 6 4868.200
33 7 8550.300
33 8 9821.600
33 9 10379.600
33 10 10274.000
33 11 6665.500
33 12 10842.000
33 13 3072.600
33 14 11807.600
33 15 10496.300
33 16 9700.900
33 17 8468.600
33 18 13108.100
33 19 6020.300
33 20 8010.800
33 21 16372.400
33 22 8106.500
33 23 9814.900
33 24 8966.700
33 25 11018.300
33 26 9144.500
33 27 7607.100
33 28 8348.000
33 29 9478.300
33 30 4378.100
33 31 10168.200
33 32 12813.900
33 33 0.000
33 34 6930.700
33 35 11235.600
33 36 12374.700
33 37 10707.900
33 38 10481.800
33 39 15117.800
33 40 12763.400
33 41 7026.900
33 42 7083.700
33 43 8717.500
33 44 9264.600
33 45 13930.100
33 46 8796.700
33 47 9615.900
33 48 11041.200
33 49 2535.100
33 50 12622.600
33 51 4398.000
33 52 2129.200
33 53 4431.200
33 54 13798.900
33 55 1972.500
33 56 16947.100
33 57 5524.900
33 58 6070.800
33 59 13083.400
33 60 8099.800
33 61 11359.400
33 62 8026.000
33 63 9532.800
33 64 13975.400
33 65 16026.400
33 66 12205.900
33 67 13275.100
33 68 15327.400
33 69 4878.000
33 70 12911.800
33 71 9653.200
33 72 3916.700
33 73 9263.600
33 74 9598.300
33 75 12986.000
33 76 4507.700
33 77 4755.500
33 78 11791.600
33 79 7932.400
33 80 8879.000
33 81 10864.700
33 82 1319.500
33 83 10998.100
33 84 10471.700
33 85 1033.400
33 86 3529.000
33 87 7998.000
33 88 11565.000
33 89 14345.200
33 90 10203.600
33 91 7439.800
33 92 10225.600
33 93 3989.200
33 94 14006.800
33 95 9711.400
33 96 2445.700
33 97 14592.400
33 98 10415.900
33 99 9530.900
33 100 9736.600
34 0 4238.900
34 1 6729.700
34 2 9098.800
34 3 4054.700
34 4 5417.700
34 5 2514.300
34 6 4260.000
34 7 5296.200
34 8 3472.100
34 9 8306.100
34 10 6502.200
34 11 1025.200
34 12 8767.500
34 13 9937.700
34 14 8620.100
34 15 5979.600
34 16 5623.700
34 17 2261.100
34 18 9645.200
34 19 2676.300
34 20 4238.900
34 21 13863.000
34 22 5889.900
34 23 7332.100
34 24 4182.900
34 25 8535.500
34 26 3955.900
34 27 5001.400
34 28 4427.300
34 29 5401.100
34 30 11243.100
34 31 5185.200
34 32 9042.000
34 33 7157.500
34 34 0.000
34 35 7772.700
34 36 6167.200
34 37 5125.500
34 38 5929.900
34 39 11106.200
34 40 8991.600
34 41 1161.000
34 42 3113.800
34 43 6234.700
34 44 3682.300
34 45 11420.600
34 46 2589.200
34 47 4575.900
34 48 6987.400
34 49 6439.400
34 50 8850.800
34 51 8062.300
34 52 8994.200
34 53 4123.600
34 54 9777.300
34 55 7923.800
34 56 13175.300
34 57 2844.100
34 58 6904.800
34 59 9311.600
34 60 3920.100
34 61 6385.500
34 62 5809.400
34 63 4936.800
34 64 9423.500
34 65 12254.500
34 66 10554.600
34 67 13297.800
34 68 11555.500
34 69 7448.400
34 70 8359.900
34 71 6190.200
34 72 6328.900
34 73 5370.600
34 74 5826.500
34 75 6778.500
34 76 4896.100
34 77 11620.500
34 78 8328.700
34 79 1826.900
34 80 5107.200
34 81 7368.500
34 82 7270.900
34 83 4790.600
34 84 7008.700
34 85 6220.100
34 86 4968.800
34 87 5781.400
34 88 8102.100
34 89 10573.400
34 90 6431.700
34 91 5223.200
34 92 7742.800
34 93 5746.800
34 94 10543.900
34 95 5939.600
34 96 9734.600
34 97 11129.400
34 98 8199.300
34 99 4979.000
34 100 4952.700
35 0 10964.000
35 1 5300.800
35 2 14261.800
35 3 5343.100
35 4 11744.600
35 5 10539.800
35 6 11292.300
35 7 12976.600
35 8 7984.100
35 9 2652.200
35 10 13227.300
35 11 7947.400
35 12 3113.600
35 13 15100.700
35 14 15345.200
35 15 10957.200
35 16 11506.900
35 17 7939.900
35 18 3021.900
35 19 8930.600
35 20 10964.000
35 21 20812.100
35 22 5383.200
35 23 14364.300
35 24 10191.800
35 25 15567.800
35 26 4318.200
35 27 12033.700
35 28 10408.500
35 29 11284.300
35 30 16406.100
35 31 5694.000
35 32 15767.100
35 33 12320.500
35 34 7758.000
35 35 0.000
35 36 8339.400
35 37 6089.800
35 38 5305.700
35 39 19557.400
35 40 15716.700
35 41 9186.500
35 42 6728.000
35 43 13266.900
35 44 5795.400
35 45 18369.700
35 46 7536.300
35 47 9717.600
35 48 12870.600
35 49 12403.000
35 50 15575.900
35 51 15094.500
35 52 14157.200
35 53 8292.300
35 54 4432.300
35 55 13497.100
35 56 19900.400
35 57 9876.400
35 58 9824.800
35 59 16036.700
35 60 10236.600
35 61 10671.900
35 62 3760.400
35 63 10820.000
35 64 5737.300
35 65 18979.600
35 66 17503.700
35 67 15121.700
35 68 18280.600
35 69 14480.700
35 70 7735.600
35 71 2208.900
35 72 13361.200
35 73 3607.300
35 74 12551.600
35 75 8950.700
35 76 11928.400
35 77 16783.500
35 78 556.000
35 79 6595.700
35 80 11832.300
35 81 11654.900
35 82 12844.200
35 83 7364.900
35 84 764.000
35 85 10895.000
35 86 12001.100
35 87 4427.400
35 88 3738.400
35 89 17298.500
35 90 13156.800
35 91 4716.500
35 92 14775.100
35 93 9915.600
35 94 3198.900
35 95 12664.700
35 96 14897.600
35 97 3197.800
35 98 4580.100
35 99 4507.200
35 100 10379.600
36 0 7961.100
36 1 9528.900
36 2 15422.600
36 3 6931.000
36 4 11741.500
36 5 7344.700
36 6 10618.500
36 7 9804.900
36 8 4981.200
36 9 8507.500
36 10 10224.400
36 11 7266.100
36 12 8968.800
36 13 15382.500
36 14 12342.300
36 15 6766.000
36 16 7818.900
36 17 4937.000
36 18 6716.300
36 19 8951.600
36 20 7961.100
36 21 16407.000
36 22 8735.600
36 23 13788.900
36 24 6461.400
36 25 13430.800
36 26 6218.500
36 27 10621.000
36 28 7405.800
36 29 7131.900
36 30 16687.900
36 31 3307.500
36 32 12764.200
36 33 13481.300
36 34 6323.800
36 35 7974.000
36 36 0.000
36 37 3039.900
36 38 3543.500
36 39 14828.400
36 40 12713.800
36 41 6115.900
36 42 7238.300
36 43 12593.200
36 44 4197.100
36 45 16283.500
36 46 4533.600
36 47 5526.400
36 48 8667.500
36 49 12797.900
36 50 12572.900
36 51 14420.800
36 52 14439.000
36 53 10415.900
36 54 5799.500
36 55 14282.300
36 56 16897.400
36 57 9202.600
36 58 13197.000
36 59 13033.800
36 60 7233.900
36 61 6480.700
36 62 7441.400
36 63 6315.900
36 64 5445.800
36 65 15976.700
36 66 14618.400
36 67 19590.000
36 68 15277.700
36 69 13806.900
36 70 3233.900
36 71 6391.600
36 72 12687.500
36 73 5572.000
36 74 9548.700
36 75 2488.500
36 76 11254.600
36 77 17065.300
36 78 8530.000
36 79 5359.700
36 80 8829.400
36 81 7463.700
36 82 13629.400
36 83 1979.700
36 84 7210.000
36 85 12543.800
36 86 11327.300
36 87 7779.800
36 88 8303.400
36 89 14295.600
36 90 10153.900
36 91 8068.900
36 92 11778.900
36 93 12039.100
36 94 9118.700
36 95 9661.800
36 96 16058.400
36 97 9117.600
36 98 10039.400
36 99 4797.400
36 100 6188.300
37 0 8256.100
37 1 6856.000
37 2 13372.300
37 3 4258.200
37 4 11019.200
37 5 7639.700
37 6 9733.100
37 7 10099.800
37 8 5276.200
37 9 5834.600
37 10 10519.400
37 11 6388.200
37 12 6296.000
37 13 14497.000
37 14 12637.300
37 15 6585.800
37 16 7638.600
37 17 5232.000
37 18 6247.500
37 19 6960.400
37 20 8256.100
37 21 16702.000
37 22 6062.700
37 23 12805.100
37 24 6281.100
37 25 13725.800
37 26 3552.600
37 27 10474.500
37 28 7095.500
37 29 6951.700
37 30 15802.500
37 31 1004.300
37 32 13059.200
37 33 11430.900
37 34 4712.000
37 35 5301.200
37 36 2429.400
37 37 0.000
37 38 1334.700
37 39 15123.400
37 40 13008.800
37 41 6410.900
37 42 4565.100
37 43 11707.700
37 44 2092.000
37 45 16810.500
37 46 4264.600
37 47 5346.200
37 48 8487.300
37 49 11912.500
37 50 12867.900
37 51 13535.300
37 52 13553.600
37 53 7402.800
37 54 5330.800
37 55 13396.900
37 56 17192.400
37 57 8317.200
37 58 9552.800
37 59 13328.700
37 60 6872.400
37 61 6300.400
37 62 4768.500
37 63 6135.700
37 64 4977.000
37 65 16271.700
37 66 14913.400
37 67 15945.800
37 68 15572.700
37 69 12921.500
37 70 3490.600
37 71 3718.700
37 72 11802.000
37 73 2899.100
37 74 9843.700
37 75 3040.600
37 76 10369.200
37 77 16179.900
37 78 5857.200
37 79 3308.000
37 80 9124.400
37 81 7283.500
37 82 12743.900
37 83 2178.600
37 84 4537.200
37 85 10005.500
37 86 10441.900
37 87 5106.900
37 88 5630.600
37 89 14590.500
37 90 10448.900
37 91 5396.000
37 92 12073.900
37 93 9026.000
37 94 8072.400
37 95 9956.800
37 96 14008.000
37 97 8657.900
37 98 7366.500
37 99 2040.400
37 100 6008.100
38 0 7466.900
38 1 6672.100
38 2 14373.800
38 3 4074.300
38 4 10835.300
38 5 6850.400
38 6 9549.100
38 7 9310.600
38 8 4486.900
38 9 5650.700
38 10 9730.100
38 11 6204.200
38 12 6112.000
38 13 14313.100
38 14 11848.100
38 15 7001.700
38 16 8054.600
38 17 4442.800
38 18 5949.400
38 19 7889.700
38 20 7466.900
38 21 15912.800
38 22 5878.800
38 23 12621.200
38 24 6697.100
38 25 12936.600
38 26 3361.700
38 27 10290.500
38 28 6911.300
38 29 7367.600
38 30 15618.600
38 31 1518.500
38 32 12270.000
38 33 12909.200
38 34 4938.600
38 35 5117.200
38 36 3209.000
38 37 959.400
38 38 0.000
38 39 14334.100
38 40 12219.500
38 41 5444.700
38 42 4984.800
38 43 11523.800
38 44 2318.600
38 45 16626.600
38 46 4039.100
38 47 5762.100
38 48 8903.200
38 49 11728.600
38 50 12078.700
38 51 13351.400
38 52 13369.600
38 53 7780.900
38 54 5032.600
38 55 13212.900
38 56 16403.200
38 57 8133.300
38 58 9930.900
38 59 12539.500
38 60 6739.400
38 61 6716.400
38 62 4584.600
38 63 6551.600
38 64 4678.800
38 65 15482.500
38 66 15760.500
38 67 16323.900
38 68 14783.500
38 69 12737.600
38 70 3615.200
38 71 3534.800
38 72 11618.100
38 73 2715.200
38 74 9054.400
38 75 3820.300
38 76 10185.200
38 77 15995.900
38 78 5673.200
38 79 3534.600
38 80 8335.200
38 81 7699.400
38 82 12560.000
38 83 2958.200
38 84 4353.300
38 85 10383.600
38 86 10257.900
38 87 4923.000
38 88 5446.600
38 89 13801.300
38 90 9659.700
38 91 5212.100
38 92 11284.700
38 93 9404.100
38 94 7888.400
38 95 9167.500
38 96 13686.200
38 97 8474.000
38 98 7182.600
38 99 2267.000
38 100 6424.000
39 0 7202.300
39 1 17923.500
39 2 13669.500
39 3 15270.900
39 4 13012.700
39 5 9535.800
39 6 11726.500
39 7 6883.500
39 8 11838.500
39 9 19514.900
39 10 5320.100
39 11 12241.400
39 12 19976.300
39 13 15475.800
39 14 3275.800
39 15 9169.200
39 16 7809.500
39 17 10409.900
39 18 20854.000
39 19 12695.400
39 20 7202.300
39 21 4241.200
39 22 17083.700
39 23 4387.800
39 24 9288.100
39 25 4029.800
39 26 13937.600
39 27 7908.400
39 28 8400.000
39 29 7655.700
39 30 16781.300
39 31 13334.000
39 32 2159.100
39 33 14015.300
39 34 12696.900
39 35 18981.500
39 36 14316.100
39 37 14359.800
39 38 17138.800
39 39 0.000
39 40 2268.500
39 41 9954.900
39 42 14675.900
39 43 5643.000
39 44 13358.000
39 45 1791.000
39 46 10723.200
39 47 9413.500
39 48 6968.600
39 49 12009.400
39 50 2463.200
39 51 10991.100
39 52 14532.300
39 53 15317.400
39 54 20986.100
39 55 14375.600
39 56 4876.300
39 57 10310.700
39 58 18099.700
39 59 3909.100
39 60 8151.900
39 61 10032.300
39 62 17003.200
39 63 9232.800
39 64 20632.300
39 65 5466.400
39 66 4423.600
39 67 24492.700
39 68 3111.900
39 69 10377.200
39 70 16391.700
39 71 17399.000
39 72 11564.400
39 73 16579.400
39 74 7097.200
39 75 14927.400
39 76 10533.500
39 77 17158.600
39 78 19537.500
39 79 11701.800
39 80 5914.800
39 81 9537.600
39 82 12746.400
39 83 12939.400
39 84 18217.500
39 85 15817.500
39 86 12435.300
39 87 16975.200
39 88 19310.900
39 89 5124.600
39 90 4631.100
39 91 16417.000
39 92 5507.500
39 93 16442.700
39 94 21752.700
39 95 5388.700
39 96 12852.100
39 97 22338.300
39 98 19393.100
39 99 16187.800
39 100 8926.900
40 0 6645.500
40 1 15179.300
40 2 13384.300
40 3 12435.300
40 4 10719.600
40 5 7427.900
40 6 9433.500
40 7 6455.000
40 8 9730.500
40 9 15721.900
40 10 4891.600
40 11 9730.300
40 12 16183.300
40 13 14197.400
40 14 4569.600
40 15 7039.800
40 16 5234.600
40 17 8301.900
40 18 17061.000
40 19 10402.300
40 20 6645.500
40 21 2928.600
40 22 14595.000
40 23 6016.200
40 24 7180.100
40 25 5658.100
40 26 11829.700
40 27 6831.800
40 28 6292.100
40 29 5526.300
40 30 15502.900
40 31 11226.000
40 32 965.100
40 33 12793.500
40 34 9322.400
40 35 15188.500
40 36 12208.100
40 37 12251.800
40 38 12337.400
40 39 2268.500
40 40 0.000
40 41 7846.900
40 42 11502.100
40 43 6484.500
40 44 11250.100
40 45 4629.000
40 46 8615.200
40 47 7284.100
40 48 4839.200
40 49 11612.900
40 50 2034.700
40 51 11626.900
40 52 13254.000
40 53 12828.700
40 54 16849.400
40 55 13097.300
40 56 3563.700
40 57 8018.600
40 58 15609.900
40 59 2040.400
40 60 6043.900
40 61 7902.900
40 62 13386.000
40 63 7103.400
40 64 16495.600
40 65 4983.300
40 66 5668.700
40 67 22002.900
40 68 1799.300
40 69 11013.100
40 70 14283.700
40 71 13606.000
40 72 11502.400
40 73 12786.400
40 74 6200.600
40 75 12819.400
40 76 10069.600
40 77 15880.200
40 78 15744.500
40 79 9593.800
40 80 5486.300
40 81 7408.200
40 82 12444.300
40 83 10831.400
40 84 14424.500
40 85 13308.100
40 86 10142.300
40 87 13318.700
40 88 15517.900
40 89 3302.200
40 90 4202.600
40 91 13928.300
40 92 5079.000
40 93 13933.300
40 94 17959.700
40 95 3280.700
40 96 13488.000
40 97 18545.300
40 98 15689.800
40 99 11927.700
40 100 6797.500
41 0 3550.100
41 1 7684.500
41 2 9516.100
41 3 5009.500
41 4 5835.000
41 5 1869.700
41 6 4677.200
41 7 4834.700
41 8 2859.600
41 9 9260.900
41 10 5813.400
41 11 1980.000
41 12 9722.300
41 13 10354.900
41 14 7931.300
41 15 5290.700
41 16 4934.900
41 17 1572.200
41 18 10600.000
41 19 3731.600
41 20 3550.100
41 21 11996.000
41 22 6844.700
41 23 7749.300
41 24 3494.000
41 25 9019.800
41 26 4878.900
41 27 5418.700
41 28 3738.500
41 29 4712.200
41 30 11660.400
41 31 4496.400
41 32 8353.200
41 33 7574.700
41 34 1617.500
41 35 8727.500
41 36 5478.400
41 37 5522.100
41 38 5607.800
41 39 10417.300
41 40 8302.700
41 41 0.000
41 42 4150.100
41 43 6651.900
41 44 4261.000
41 45 11761.800
41 46 1900.300
41 47 3887.100
41 48 6298.500
41 49 6856.700
41 50 8161.900
41 51 8479.500
41 52 9411.500
41 53 5078.400
41 54 10119.700
41 55 8341.100
41 56 12486.400
41 57 3261.400
41 58 7859.600
41 59 8622.700
41 60 3231.200
41 61 5696.700
41 62 6764.300
41 63 4248.000
41 64 9765.900
41 65 11565.700
41 66 10207.400
41 67 14252.600
41 68 10866.700
41 69 7865.700
41 70 7554.000
41 71 7145.000
41 72 6746.200
41 73 6325.400
41 74 5137.600
41 75 6089.700
41 76 5313.400
41 77 12037.700
41 78 9283.500
41 79 2863.200
41 80 4418.400
41 81 6679.700
41 82 7688.100
41 83 4101.700
41 84 7963.500
41 85 6637.300
41 86 5386.100
41 87 6736.200
41 88 9056.900
41 89 9884.500
41 90 5742.900
41 91 6178.000
41 92 7367.900
41 93 6701.600
41 94 11498.700
41 95 5250.800
41 96 10151.900
41 97 12084.200
41 98 9154.100
41 99 5933.800
41 100 4263.900
42 0 6088.000
42 1 5977.300
42 2 9698.000
42 3 2608.600
42 4 6016.900
42 5 4363.400
42 6 5186.800
42 7 6871.000
42 8 4227.900
42 9 6850.800
42 10 8351.300
42 11 1834.300
42 12 7312.200
42 13 9950.700
42 14 10251.500
42 15 8298.600
42 16 7472.800
42 17 3200.500
42 18 8189.900
42 19 2999.600
42 20 6088.000
42 21 14706.600
42 22 5137.500
42 23 8258.800
42 24 6032.000
42 25 9462.300
42 26 3081.500
42 27 5928.200
42 28 6668.700
42 29 7250.100
42 30 11256.200
42 31 4161.000
42 32 10891.100
42 33 7756.600
42 34 1849.100
42 35 6317.400
42 36 6859.000
42 37 4700.700
42 38 4474.600
42 39 13451.900
42 40 10840.700
42 41 3010.100
42 42 0.000
42 43 7161.400
42 44 3257.400
42 45 12264.200
42 46 4438.300
42 47 6425.000
42 48 8836.500
42 49 7366.200
42 50 10699.800
42 51 8989.000
42 52 9007.300
42 53 4309.100
42 54 8322.000
42 55 8850.600
42 56 15616.200
42 57 3770.900
42 58 7091.500
42 59 11160.700
42 60 5769.200
42 61 8013.300
42 62 5057.000
42 63 6785.900
42 64 7968.200
42 65 14103.600
42 66 11398.200
42 67 13484.400
42 68 13404.600
42 69 8375.200
42 70 6904.600
42 71 4734.900
42 72 7255.700
42 73 3915.300
42 74 7675.600
42 75 7470.300
42 76 5822.900
42 77 11633.600
42 78 6873.400
42 79 1932.900
42 80 6956.300
42 81 8996.300
42 82 8197.600
42 83 5482.300
42 84 5553.400
42 85 6819.200
42 86 5895.600
42 87 5029.000
42 88 6646.800
42 89 12422.500
42 90 8280.800
42 91 4470.800
42 92 8669.600
42 93 5932.400
42 94 9088.600
42 95 7788.700
42 96 10333.700
42 97 9674.100
42 98 6941.600
42 99 3523.700
42 100 6801.800
43 0 5406.900
43 1 11989.800
43 2 8386.900
43 3 9337.200
43 4 7348.900
43 5 5729.900
43 6 5788.200
43 7 3178.800
43 8 9638.800
43 9 13581.200
43 10 3524.600
43 11 6307.700
43 12 14042.600
43 13 10193.200
43 14 3090.100
43 15 8889.900
43 16 7530.200
43 17 8261.300
43 18 14920.300
43 19 6757.100
43 20 5406.900
43 21 7558.800
43 22 11150.000
43 23 1097.400
43 24 7159.800
43 25 2300.900
43 26 9810.200
43 27 2956.000
43 28 6549.100
43 29 7376.400
43 30 11498.600
43 31 11540.200
43 32 5535.000
43 33 8732.700
43 34 6703.000
43 35 13047.800
43 36 12167.500
43 37 11940.300
43 38 11205.100
43 39 6304.200
43 40 6349.200
43 41 6799.200
43 42 8742.200
43 43 0.000
43 44 9849.000
43 45 5116.500
43 46 8589.400
43 47 9134.200
43 48 6689.300
43 49 6726.800
43 50 4487.800
43 51 5708.400
43 52 9249.700
43 53 9383.700
43 54 15052.400
43 55 9093.000
43 56 8468.400
43 57 4372.300
43 58 12166.000
43 59 7533.700
43 60 6301.000
43 61 9753.000
43 62 11069.500
43 63 8953.500
43 64 14698.600
43 65 9657.500
43 66 3488.400
43 67 18559.000
43 68 7192.500
43 69 5094.600
43 70 13635.000
43 71 11465.300
43 72 6281.700
43 73 10645.700
43 74 5301.700
43 75 12778.800
43 76 5581.100
43 77 11876.000
43 78 13603.800
43 79 7993.600
43 80 4119.400
43 81 9258.300
43 82 7463.700
43 83 10790.800
43 84 12283.800
43 85 9662.200
43 86 6497.000
43 87 11041.500
43 88 13377.200
43 89 8795.500
43 90 2835.700
43 91 10483.300
43 92 1508.100
43 93 10287.500
43 94 15819.000
43 95 5109.400
43 96 7569.500
43 97 16404.500
43 98 13459.400
43 99 10254.100
43 100 8647.600
44 0 6116.500
44 1 5659.900
44 2 12017.300
44 3 3004.400
44 4 8887.500
44 5 5500.000
44 6 7764.500
44 7 7960.200
44 8 3136.500
44 9 5767.200
44 10 8379.700
44 11 4412.000
44 12 6228.500
44 13 12856.100
44 14 10497.600
44 15 6406.700
44 16 6659.400
44 17 3092.300
44 18 7106.200
44 19 5605.400
44 20 6116.500
44 21 14562.400
44 22 5160.900
44 23 10836.500
44 24 5344.200
44 25 11586.100
44 26 2310.300
44 27 8505.900
44 28 5560.900
44 29 6436.700
44 30 14161.600
44 31 1143.500
44 32 10919.600
44 33 10076.000
44 34 3469.700
44 35 5233.700
44 36 4123.700
44 37 2310.700
44 38 2396.400
44 39 12983.700
44 40 10869.100
44 41 3579.500
44 42 3210.100
44 43 9739.100
44 44 0.000
44 45 14841.900
44 46 2688.700
44 47 5167.100
44 48 8023.000
44 49 9943.900
44 50 10728.300
44 51 11566.700
44 52 11912.700
44 53 6047.800
44 54 6578.900
44 55 11252.600
44 56 15052.800
44 57 6348.600
44 58 8197.900
44 59 11189.100
44 60 5389.000
44 61 6121.300
44 62 3866.700
44 63 5972.400
44 64 6225.100
44 65 14132.100
44 66 12773.700
44 67 14590.800
44 68 13433.000
44 69 10952.900
44 70 4864.200
44 71 3651.300
44 72 9833.400
44 73 2831.600
44 74 7704.000
44 75 4735.000
44 76 8400.600
44 77 14539.000
44 78 5789.700
44 79 2065.800
44 80 6984.700
44 81 7104.400
44 82 10599.600
44 83 2814.400
44 84 4469.700
44 85 8650.500
44 86 8473.300
44 87 3799.400
44 88 5563.100
44 89 12450.900
44 90 8309.300
44 91 4494.200
44 92 9934.300
44 93 7671.100
44 94 8004.900
44 95 7817.100
44 96 12653.100
44 97 8590.500
44 98 6170.400
44 99 1821.400
44 100 5829.000
45 0 10512.500
45 1 16738.100
45 2 13470.800
45 3 14085.500
45 4 11827.300
45 5 10482.900
45 6 10541.100
45 7 7932.500
45 8 13597.500
45 9 18329.500
45 10 7726.300
45 11 11056.000
45 12 18790.900
45 13 15277.000
45 14 4250.200
45 15 10928.200
45 16 9568.500
45 17 12168.900
45 18 19668.600
45 19 11510.000
45 20 10512.500
45 21 4482.600
45 22 15898.300
45 23 4189.100
45 24 11047.100
45 25 3831.000
45 26 14558.500
45 27 7709.600
45 28 10159.100
45 29 9414.700
45 30 16582.500
45 31 15093.100
45 32 3679.100
45 33 13901.200
45 34 11511.400
45 35 17796.100
45 36 16075.100
45 37 16688.600
45 38 15953.300
45 39 2543.500
45 40 3788.600
45 41 11909.500
45 42 13490.500
45 43 5444.200
45 44 14597.300
45 45 0.000
45 46 12482.300
45 47 11172.500
45 48 8727.600
45 49 11810.700
45 50 4128.500
45 51 10792.300
45 52 14333.600
45 53 14132.000
45 54 19800.700
45 55 14176.900
45 56 5177.400
45 57 9125.200
45 58 16914.300
45 59 5429.100
45 60 9910.900
45 61 11791.300
45 62 15817.800
45 63 10991.800
45 64 19446.900
45 65 6188.300
45 66 3238.200
45 67 23307.300
45 68 4631.900
45 69 10178.500
45 70 18383.300
45 71 16213.600
45 72 11365.600
45 73 15394.000
45 74 9503.400
45 75 16686.400
45 76 10334.800
45 77 16959.900
45 78 18352.100
45 79 12741.900
45 80 8321.100
45 81 11296.600
45 82 12547.600
45 83 14698.400
45 84 17032.100
45 85 14632.100
45 86 11249.900
45 87 15789.800
45 88 18125.500
45 89 6644.700
45 90 7037.400
45 91 15231.600
45 92 5487.700
45 93 15257.300
45 94 20567.300
45 95 7147.700
45 96 12653.400
45 97 21152.800
45 98 18207.700
45 99 15002.400
45 100 10685.900
46 0 3854.300
46 1 9025.800
46 2 11389.000
46 3 5915.600
46 4 7708.000
46 5 3237.900
46 6 6528.700
46 7 5698.100
46 8 2765.900
46 9 8004.400
46 10 6117.600
46 11 3210.600
46 12 8465.800
46 13 11292.600
46 14 8235.500
46 15 4367.000
46 16 4052.300
46 17 1762.800
46 18 9343.400
46 19 4861.700
46 20 3854.300
46 21 12300.200
46 22 8075.400
46 23 9682.100
46 24 2737.100
46 25 9324.000
46 26 5310.000
46 27 6514.200
46 28 2953.800
46 29 3829.600
46 30 12598.100
46 31 3548.400
46 32 8657.400
46 33 9447.700
46 34 2802.700
46 35 7470.900
46 36 4185.500
46 37 4831.000
46 38 4916.600
46 39 10721.600
46 40 8607.000
46 41 2009.100
46 42 4982.500
46 43 8503.300
46 44 3532.500
46 45 12176.700
46 46 0.000
46 47 3004.500
46 48 5415.900
46 49 8708.100
46 50 8466.100
46 51 10330.900
46 52 10349.200
46 53 6309.100
46 54 9137.500
46 55 10192.500
46 56 12790.700
46 57 5112.800
46 58 9090.200
46 59 8927.000
46 60 2781.900
46 61 4081.700
46 62 6938.300
46 63 3365.300
46 64 8783.700
46 65 11869.900
46 66 10511.600
46 67 15483.200
46 68 11170.900
46 69 9717.100
46 70 6571.800
46 71 5888.500
46 72 8597.600
46 73 5068.900
46 74 5441.900
46 75 4796.800
46 76 7164.800
46 77 12975.400
46 78 8026.900
46 79 3074.200
46 80 4722.600
46 81 5064.700
46 82 9539.500
46 83 2803.000
46 84 6707.000
46 85 8510.300
46 86 7237.500
46 87 7276.700
46 88 7800.300
46 89 10188.800
46 90 6047.100
46 91 7408.700
46 92 7672.100
46 93 7932.300
46 94 10242.100
46 95 5555.000
46 96 12024.800
46 97 10827.700
46 98 9536.300
46 99 4210.200
46 100 3666.400
47 0 4268.000
47 1 10582.200
47 2 12477.500
47 3 7865.900
47 4 8796.400
47 5 4183.400
47 6 7354.500
47 7 6111.800
47 8 5181.000
47 9 9560.700
47 10 6116.200
47 11 5580.800
47 12 10022.100
47 13 12118.500
47 14 7190.600
47 15 1538.400
47 16 3123.800
47 17 4132.900
47 18 10899.800
47 19 6693.000
47 20 4268.000
47 21 11255.400
47 22 9788.900
47 23 8637.200
47 24 1565.600
47 25 8279.200
47 26 7171.900
47 27 6927.900
47 28 2580.700
47 29 2436.800
47 30 13423.900
47 31 4212.000
47 32 7581.800
47 33 10536.100
47 34 5172.900
47 35 9027.300
47 36 4849.100
47 37 5494.600
47 38 5580.200
47 39 9676.700
47 40 7531.300
47 41 3915.000
47 42 7352.600
47 43 9105.500
47 44 5101.500
47 45 11131.800
47 46 2818.700
47 47 0.000
47 48 3972.400
47 49 9533.900
47 50 7421.300
47 51 11140.800
47 52 11175.000
47 53 8679.200
47 54 9801.000
47 55 11018.300
47 56 10665.200
47 57 5939.700
47 58 11460.400
47 59 7855.700
47 60 3004.700
47 61 2012.600
47 62 8494.700
47 63 1420.100
47 64 9447.200
47 65 9744.500
47 66 9466.700
47 67 17853.400
47 68 10126.100
47 69 10527.000
47 70 7235.400
47 71 7444.800
47 72 9423.400
47 73 6625.200
47 74 5599.900
47 75 5460.400
47 76 7990.600
47 77 13801.300
47 78 9583.300
47 79 5444.400
47 80 4721.200
47 81 2995.600
47 82 10365.400
47 83 3466.600
47 84 8263.300
47 85 9598.700
47 86 8063.300
47 87 8833.000
47 88 9356.700
47 89 8063.300
47 90 6045.800
47 91 9122.100
47 92 7567.500
47 93 10223.900
47 94 11798.500
47 95 4422.800
47 96 11491.500
47 97 12384.100
47 98 11092.700
47 99 5766.500
47 100 661.900
48 0 3131.500
48 1 12971.800
48 2 10680.700
48 3 9427.200
48 4 8016.000
48 5 4724.300
48 6 6729.900
48 7 5487.100
48 8 6711.900
48 9 11950.400
48 10 3754.900
48 11 6722.200
48 12 12411.800
48 13 11493.800
48 14 5054.300
48 15 2495.200
48 16 1135.500
48 17 5274.300
48 18 13289.400
48 19 7813.600
48 20 3131.500
48 21 9119.000
48 22 11586.900
48 23 6500.900
48 24 2365.400
48 25 6142.800
48 26 8821.600
48 27 6303.300
48 28 2221.400
48 29 981.700
48 30 12799.300
48 31 6901.000
48 32 5445.400
48 33 10089.900
48 34 6314.300
48 35 11416.900
48 36 7538.100
48 37 8183.600
48 38 8269.200
48 39 7540.300
48 40 5395.000
48 41 5035.600
48 42 8494.000
48 43 6969.200
48 44 7478.500
48 45 8995.500
48 46 4436.200
48 47 2739.500
48 48 0.000
48 49 8909.300
48 50 5284.900
48 51 10516.200
48 52 10550.400
48 53 9820.600
48 54 12490.000
48 55 10393.700
48 56 8528.900
48 57 5315.000
48 58 12601.800
48 59 5719.300
48 60 2607.300
48 61 3358.300
48 62 10884.300
48 63 2558.800
48 64 12136.300
48 65 7608.100
48 66 7330.400
48 67 18994.800
48 68 7989.700
48 69 9902.300
48 70 9924.400
48 71 9834.500
48 72 8798.800
48 73 9014.900
48 74 3238.600
48 75 8149.400
48 76 7366.000
48 77 13176.600
48 78 11972.900
48 79 6585.700
48 80 2359.900
48 81 2863.500
48 82 9740.700
48 83 6155.600
48 84 10653.000
48 85 10719.300
48 86 7438.700
48 87 11222.700
48 88 11746.300
48 89 5927.000
48 90 3684.400
48 91 10920.200
48 92 5309.400
48 93 11344.600
48 94 14188.100
48 95 2286.400
48 96 10866.900
48 97 14773.700
48 98 13482.300
48 99 8156.200
48 100 2252.900
49 0 6738.300
49 1 9291.100
49 2 2381.800
49 3 8960.600
49 4 1824.400
49 5 5807.500
49 6 3595.800
49 7 7277.900
49 8 9716.400
49 9 10724.400
49 10 7554.600
49 11 7010.300
49 12 11186.800
49 13 3938.400
49 14 9808.700
49 15 9223.900
49 16 8428.500
49 17 8338.900
49 18 13452.900
49 19 6864.100
49 20 6738.300
49 21 14277.400
49 22 8451.300
49 23 7816.000
49 24 7963.600
49 25 9019.500
49 26 9489.300
49 27 5608.200
49 28 7075.500
49 29 8205.800
49 30 5243.800
49 31 10513.000
49 32 11541.400
49 33 2534.500
49 34 6780.500
49 35 11580.400
49 36 12245.100
49 37 12017.900
49 38 11282.600
49 39 13022.800
49 40 11491.000
49 41 6876.700
49 42 7428.500
49 43 6718.600
49 44 9609.400
49 45 11835.100
49 46 8667.000
49 47 9465.800
49 48 9768.800
49 49 0.000
49 50 11206.400
49 51 1911.500
49 52 2994.900
49 53 4776.000
49 54 14143.700
49 55 2838.200
49 56 15674.700
49 57 4252.500
49 58 6415.600
49 59 11811.000
49 60 6827.400
49 61 10087.000
49 62 8370.800
49 63 8983.500
49 64 14776.200
49 65 14753.900
49 66 10207.100
49 67 14588.500
49 68 13911.100
49 69 2879.100
49 70 13712.600
49 71 9998.000
49 72 1820.000
49 73 10723.300
49 74 8325.900
49 75 12856.300
49 76 2512.800
49 77 5621.200
49 78 12136.400
49 79 8071.100
49 80 7606.600
49 81 9592.300
49 82 1243.200
49 83 10868.400
49 84 10816.400
49 85 3708.700
49 86 2256.600
49 87 8342.800
49 88 11909.800
49 89 13072.800
49 90 8931.200
49 91 7784.600
49 92 8226.700
49 93 4334.000
49 94 14351.600
49 95 8439.000
49 96 2249.700
49 97 14937.200
49 98 10760.700
49 99 10331.700
49 100 9121.100
50 0 4916.000
50 1 15000.900
50 2 12447.600
50 3 12256.900
50 4 10541.300
50 5 7249.500
50 6 9255.100
50 7 4597.200
50 8 9552.200
50 9 15543.600
50 10 3033.800
50 11 9551.900
50 12 16005.000
50 13 14253.900
50 14 2711.800
50 15 6882.900
50 16 5523.200
50 17 8123.600
50 18 16882.700
50 19 10224.000
50 20 4916.000
50 21 4040.100
50 22 14416.700
50 23 4158.400
50 24 7001.800
50 25 3800.300
50 26 11651.300
50 27 4974.000
50 28 6113.700
50 29 5369.400
50 30 15559.300
50 31 11047.700
50 32 1102.300
50 33 12615.200
50 34 9144.000
50 35 15010.200
50 36 12029.800
50 37 12073.500
50 38 12159.100
50 39 2461.400
50 40 2067.400
50 41 7668.600
50 42 11323.800
50 43 4626.700
50 44 11071.700
50 45 3916.500
50 46 8436.900
50 47 7127.200
50 48 4682.300
50 49 10787.500
50 50 0.000
50 51 9769.100
50 52 13310.400
50 53 12650.400
50 54 16671.100
50 55 13153.700
50 56 4675.100
50 57 7840.300
50 58 15431.600
50 59 3707.900
50 60 5865.600
50 61 7746.000
50 62 13207.700
50 63 6946.500
50 64 16317.300
50 65 5265.300
50 66 4987.900
50 67 21824.600
50 68 2910.700
50 69 9155.300
50 70 14105.400
50 71 13427.700
50 72 10342.400
50 73 12608.100
50 74 4810.900
50 75 12641.100
50 76 9891.200
50 77 15936.700
50 78 15566.200
50 79 9415.500
50 80 3628.500
50 81 7251.300
50 82 11524.400
50 83 10653.100
50 84 14246.200
50 85 13129.700
50 86 9963.900
50 87 13140.400
50 88 15339.600
50 89 4923.500
50 90 2344.800
50 91 13750.000
50 92 3221.200
50 93 13755.000
50 94 17781.400
50 95 3102.400
50 96 11630.200
50 97 18366.900
50 98 15511.400
50 99 11749.400
50 100 6640.600
51 0 8272.300
51 1 12026.000
51 2 3413.100
51 3 10948.800
51 4 4130.400
51 5 7341.500
51 6 5901.700
51 7 5950.400
51 8 11250.300
51 9 13459.400
51 10 6514.000
51 11 7919.300
51 12 13921.800
51 13 5219.400
51 14 8768.100
51 15 10757.900
51 16 9962.500
51 17 9872.900
51 18 16531.800
51 19 8102.600
51 20 8272.300
51 21 13236.800
51 22 11186.300
51 23 6775.400
51 24 9497.500
51 25 7978.800
51 26 12224.300
51 27 4567.500
51 28 8609.500
51 29 9739.800
51 30 6524.900
51 31 13151.700
51 32 11212.900
51 33 3940.300
51 34 8314.500
51 35 14659.300
51 36 13779.000
51 37 13551.900
51 38 12816.600
51 39 11982.200
51 40 12027.100
51 41 8410.700
51 42 10163.400
51 43 5678.000
51 44 11460.500
51 45 10794.500
51 46 10201.000
51 47 10999.800
51 48 11302.700
51 49 1883.000
51 50 10165.700
51 51 0.000
51 52 4275.900
51 53 7511.000
51 54 16663.900
51 55 4119.200
51 56 14146.400
51 57 6558.500
51 58 9150.600
51 59 13211.600
51 60 8361.400
51 61 11621.000
51 62 11105.800
51 63 10517.500
51 64 16310.200
51 65 15335.500
51 66 9166.400
51 67 16580.100
51 68 12870.500
51 69 983.100
51 70 15246.600
51 71 13076.900
51 72 3063.200
51 73 12257.300
51 74 9859.900
51 75 14390.300
51 76 3647.600
51 77 6902.200
51 78 15215.300
51 79 9605.100
51 80 7316.000
51 81 11126.200
51 82 2624.000
51 83 12402.400
51 84 13895.400
51 85 6564.200
51 86 4562.500
51 87 11077.700
51 88 14988.700
51 89 14473.400
51 90 8513.600
51 91 10519.500
51 92 7186.100
51 93 7068.900
51 94 17430.500
51 95 9973.000
51 96 2595.700
51 97 18016.100
51 98 13495.600
51 99 11865.700
51 100 10655.000
52 0 8406.000
52 1 11247.100
52 2 1005.400
52 3 10916.600
52 4 3475.600
52 5 7475.200
52 6 5263.400
52 7 8945.600
52 8 11384.000
52 9 12680.500
52 10 10107.400
52 11 8966.300
52 12 13142.900
52 13 1006.500
52 14 12361.500
52 15 10891.600
52 16 10096.200
52 17 10006.600
52 18 15409.000
52 19 8321.200
52 20 8406.000
52 21 16830.200
52 22 10407.400
52 23 10368.800
52 24 9631.200
52 25 11572.300
52 26 11445.400
52 27 8161.000
52 28 8743.200
52 29 9873.500
52 30 2312.000
52 31 12469.000
52 32 13209.100
52 33 2158.900
52 34 9231.500
52 35 13536.500
52 36 13912.700
52 37 13008.800
52 38 12950.300
52 39 15575.600
52 40 13158.700
52 41 9327.700
52 42 9384.500
52 43 9271.400
52 44 11565.500
52 45 14387.900
52 46 10334.700
52 47 11916.800
52 48 11436.400
52 49 2981.000
52 50 13759.200
52 51 3593.400
52 52 0.000
52 53 6732.100
52 54 16099.700
52 55 863.400
52 56 17342.400
52 57 5920.200
52 58 8554.900
52 59 13478.700
52 60 8495.100
52 61 11754.700
52 62 10326.900
52 63 10651.200
52 64 16443.900
52 65 16421.600
52 66 12759.900
52 67 13324.200
52 68 16463.900
52 69 4576.500
52 70 15380.300
52 71 11954.000
52 72 4312.000
52 73 12391.000
52 74 9993.600
52 75 14524.000
52 76 4903.000
52 77 2689.400
52 78 14092.500
52 79 10233.300
52 80 9274.300
52 81 11259.900
52 82 1714.800
52 83 12536.100
52 84 12772.500
52 85 3308.400
52 86 3924.300
52 87 10298.800
52 88 13865.900
52 89 14740.500
52 90 10598.800
52 91 9740.600
52 92 10779.500
52 93 6290.000
52 94 16307.700
52 95 10106.700
52 96 1641.100
52 97 16893.200
52 98 12716.700
52 99 11999.400
52 100 10788.700
53 0 8317.300
53 1 5917.700
53 2 6775.800
53 3 5587.300
53 4 4258.600
53 5 6592.600
53 6 6737.500
53 7 8997.900
53 8 7626.700
53 9 7351.100
53 10 10580.500
53 11 3661.700
53 12 7813.500
53 13 7614.600
53 14 12378.400
53 15 10057.900
53 16 9702.100
53 17 6339.400
53 18 10079.600
53 19 3515.600
53 20 8317.300
53 21 16833.400
53 22 5078.000
53 23 10385.700
53 24 8261.200
53 25 11589.100
53 26 6116.000
53 27 8055.000
53 28 8505.700
53 29 9479.400
53 30 8920.100
53 31 7139.700
53 32 13120.400
53 33 4834.400
53 34 4841.300
53 35 8207.100
53 36 10245.600
53 37 7679.400
53 38 7453.300
53 39 15578.800
53 40 13069.900
53 41 5239.300
53 42 4055.100
53 43 9288.300
53 44 6236.100
53 45 14391.100
53 46 6667.500
53 47 8654.300
53 48 11065.700
53 49 4917.000
53 50 12929.100
53 51 7361.100
53 52 6671.100
53 53 0.000
53 54 10770.300
53 55 6011.000
53 56 17743.000
53 57 5897.700
53 58 3622.900
53 59 13389.900
53 60 7998.400
53 61 10463.900
53 62 4997.500
53 63 9015.100
53 64 10946.900
53 65 16332.900
53 66 13525.000
53 67 11795.900
53 68 15633.900
53 69 6747.300
53 70 9883.300
53 71 6624.700
53 72 5786.100
53 73 6235.100
53 74 9904.800
53 75 10856.900
53 76 6377.000
53 77 9297.400
53 78 8763.100
53 79 4903.900
53 80 9185.600
53 81 11446.900
53 82 5358.100
53 83 8868.900
53 84 7443.100
53 85 3409.000
53 86 5398.300
53 87 4969.400
53 88 8536.500
53 89 14651.700
53 90 10510.100
53 91 4411.300
53 92 10796.400
53 93 2429.500
53 94 10978.300
53 95 10017.900
53 96 7411.500
53 97 11563.900
53 98 7387.400
53 99 6502.400
53 100 9031.100
54 0 14157.100
54 1 8117.700
54 2 17078.700
54 3 8160.000
54 4 15643.500
54 5 13540.700
54 6 14357.300
54 7 16041.600
54 8 11177.200
54 9 5469.100
54 10 16420.400
54 11 11012.500
54 12 5930.400
54 13 17917.500
54 14 18538.300
54 15 12668.800
54 16 13721.700
54 17 11133.000
54 18 1410.400
54 19 12698.000
54 20 14157.100
54 21 23877.200
54 22 8200.100
54 23 17429.400
54 24 12364.200
54 25 18632.900
54 26 7135.000
54 27 15098.800
54 28 13178.600
54 29 13034.700
54 30 19223.000
54 31 8013.500
54 32 18960.200
54 33 15137.300
54 34 11037.800
54 35 4441.800
54 36 8010.900
54 37 6903.500
54 38 6168.200
54 39 22622.500
54 40 18909.800
54 41 12251.500
54 42 9793.000
54 43 16332.000
54 44 8811.200
54 45 21434.800
54 46 10347.700
54 47 11429.300
54 48 14570.400
54 49 16536.800
54 50 18768.900
54 51 18159.600
54 52 16974.100
54 53 11109.200
54 54 0.000
54 55 16314.000
54 56 21316.300
54 57 12941.500
54 58 12641.700
54 59 19229.700
54 60 12955.500
54 61 12383.500
54 62 6577.300
54 63 12218.700
54 64 4542.300
54 65 20395.600
54 66 20568.800
54 67 17938.500
54 68 21473.700
54 69 17545.800
54 70 4260.000
54 71 5025.700
54 72 16426.300
54 73 6424.100
54 74 15744.600
54 75 6436.800
54 76 14993.500
54 77 19600.300
54 78 3885.800
54 79 9886.300
54 80 15025.400
54 81 13366.500
54 82 15661.000
54 83 8174.800
54 84 4171.600
54 85 13711.900
54 86 15066.200
54 87 7244.200
54 88 2898.500
54 89 18714.400
54 90 16349.900
54 91 7533.300
54 92 17840.200
54 93 12732.500
54 94 3812.800
54 95 15857.800
54 96 17714.400
54 97 3811.700
54 98 7396.900
54 99 7523.000
54 100 12091.200
55 0 9374.200
55 1 10383.700
55 2 1732.500
55 3 10053.200
55 4 5112.000
55 5 8733.500
55 6 6231.600
55 7 10271.000
55 8 11259.100
55 9 11817.100
55 10 10834.600
55 11 8102.900
55 12 12279.500
55 13 2571.400
55 14 13088.700
55 15 11859.700
55 16 11064.300
55 17 9906.000
55 18 14545.600
55 19 7457.800
55 20 9374.200
55 21 17557.400
55 22 9544.000
55 23 11096.000
55 24 10404.200
55 25 12299.500
55 26 10582.000
55 27 8888.200
55 28 9711.300
55 29 10841.700
55 30 3876.800
55 31 11605.600
55 32 14177.300
55 33 2665.100
55 34 8368.100
55 35 12673.100
55 36 13812.200
55 37 12145.400
55 38 11919.300
55 39 16302.800
55 40 14126.800
55 41 8464.300
55 42 8521.100
55 43 9998.600
55 44 10702.100
55 45 15115.100
55 46 10234.100
55 47 11053.400
55 48 12404.600
55 49 3952.400
55 50 14486.400
55 51 4320.600
55 52 1627.900
55 53 5868.700
55 54 15236.300
55 55 0.000
55 56 18467.000
55 57 7098.400
55 58 7691.600
55 59 14446.800
55 60 9463.200
55 61 12849.200
55 62 9463.500
55 63 10970.300
55 64 15412.900
55 65 17389.800
55 66 13487.000
55 67 12460.800
55 68 17191.100
55 69 5303.700
55 70 14349.300
55 71 11090.600
55 72 5280.100
55 73 10701.100
55 74 10961.700
55 75 14423.500
55 76 5871.100
55 77 4254.200
55 78 13229.100
55 79 9369.900
55 80 10242.400
55 81 12228.100
55 82 2785.800
55 83 12435.500
55 84 11909.100
55 85 2445.000
55 86 4892.400
55 87 9435.400
55 88 13002.500
55 89 15708.600
55 90 12834.300
55 91 8877.300
55 92 11506.700
55 93 5426.600
55 94 15444.300
55 95 11074.800
55 96 2368.300
55 97 16029.900
55 98 11853.300
55 99 10968.400
55 100 11174.000
56 0 10818.400
56 1 19939.300
56 2 16672.000
56 3 17286.700
56 4 15028.500
56 5 11600.700
56 6 13742.300
56 7 9263.700
56 8 13903.400
56 9 21530.700
56 10 7700.200
56 11 14257.200
56 12 21992.100
56 13 18478.200
56 14 7378.300
56 15 10207.300
56 16 8847.600
56 17 12474.800
56 18 22869.800
56 19 14711.200
56 20 10818.400
56 21 1311.200
56 22 19099.500
56 23 7390.300
56 24 11353.000
56 25 7032.200
56 26 16002.500
56 27 10910.800
56 28 10464.900
56 29 8693.800
56 30 19783.700
56 31 15398.900
56 32 4538.100
56 33 17102.400
56 34 13495.200
56 35 20997.300
56 36 16381.000
56 37 16424.700
56 38 16510.300
56 39 4095.000
56 40 3748.500
56 41 12019.800
56 42 16691.700
56 43 8645.400
56 44 15422.900
56 45 3299.200
56 46 12788.100
56 47 10451.600
56 48 8006.700
56 49 15011.900
56 50 4843.400
56 51 13993.500
56 52 17534.800
56 53 17333.200
56 54 21022.300
56 55 17378.100
56 56 0.000
56 57 12326.400
56 58 20115.500
56 59 4369.500
56 60 10216.800
56 61 9559.300
56 62 17558.900
56 63 10270.900
56 64 20668.500
56 65 920.700
56 66 6439.400
56 67 26508.500
56 68 1982.400
56 69 13379.700
56 70 18456.600
56 71 19414.800
56 72 14566.800
56 73 18595.200
56 74 9477.300
56 75 16992.200
56 76 13536.000
56 77 20161.100
56 78 21553.300
56 79 13766.700
56 80 8295.000
56 81 10080.700
56 82 15748.800
56 83 13468.100
56 84 20233.300
56 85 17833.300
56 86 14451.100
56 87 18991.000
56 88 21326.700
56 89 2599.000
56 90 7011.200
56 91 18432.800
56 92 7887.600
56 93 18458.500
56 94 23768.500
56 95 7449.800
56 96 15854.600
56 97 24354.000
56 98 19862.600
56 99 18203.600
56 100 9965.000
57 0 3380.700
57 1 8359.800
57 2 5619.900
57 3 5707.300
57 4 2955.200
57 5 2449.900
57 6 1669.000
57 7 3920.300
57 8 6008.800
57 9 9951.300
57 10 5644.000
57 11 2677.800
57 12 10412.700
57 13 6433.000
57 14 7300.800
57 15 5866.300
57 16 5070.900
57 17 4631.400
57 18 11290.300
57 19 2637.900
57 20 3380.700
57 21 11762.900
57 22 7520.100
57 23 5308.100
57 24 4606.000
57 25 6511.500
57 26 6180.300
57 27 2977.400
57 28 3717.900
57 29 4848.200
57 30 7738.500
57 31 7910.200
57 32 8183.800
57 33 5029.100
57 34 3073.000
57 35 9417.800
57 36 8537.500
57 37 8310.400
57 38 7575.100
57 39 10508.200
57 40 8133.400
57 41 3169.200
57 42 5112.200
57 43 4210.700
57 44 6219.000
57 45 9320.500
57 46 4959.500
57 47 5758.300
57 48 6411.200
57 49 3848.500
57 50 7992.600
57 51 6170.800
57 52 5489.500
57 53 6611.000
57 54 11422.500
57 55 5332.800
57 56 12317.100
57 57 0.000
57 58 8536.100
57 59 8453.400
57 60 3469.800
57 61 6729.400
57 62 7439.600
57 63 5626.000
57 64 11068.700
57 65 11396.400
57 66 7699.100
57 67 14929.100
57 68 10697.300
57 69 5557.000
57 70 10005.100
57 71 7835.400
57 72 3738.000
57 73 7015.800
57 74 4968.300
57 75 9148.800
57 76 2305.100
57 77 8115.800
57 78 9973.800
57 79 4363.600
57 80 4249.000
57 81 6234.700
57 82 4679.900
57 83 7160.900
57 84 8653.900
57 85 5543.600
57 86 2377.800
57 87 7411.500
57 88 9747.200
57 89 9715.200
57 90 5573.600
57 91 6853.400
57 92 5718.800
57 93 6168.900
57 94 12189.000
57 95 5081.400
57 96 5806.100
57 97 12774.600
57 98 9829.500
57 99 6624.200
57 100 5763.500
58 0 9054.700
58 1 6655.100
58 2 7906.900
58 3 6324.600
58 4 5389.700
58 5 7330.000
58 6 8051.000
58 7 9735.300
58 8 8364.100
58 9 6189.400
58 10 11317.900
58 11 4399.100
58 12 5612.500
58 13 8745.700
58 14 13115.800
58 15 10795.300
58 16 10439.500
58 17 7076.800
58 18 10817.000
58 19 4253.000
58 20 9054.700
58 21 17570.800
58 22 5815.400
58 23 11123.100
58 24 8998.600
58 25 12326.500
58 26 6853.400
58 27 8792.400
58 28 9243.000
58 29 10216.800
58 30 10051.200
58 31 7877.000
58 32 13857.800
58 33 5965.600
58 34 5578.600
58 35 8944.500
58 36 10983.000
58 37 8416.800
58 38 8190.700
58 39 16316.200
58 40 13807.300
58 41 5976.700
58 42 4792.500
58 43 10025.700
58 44 6973.500
58 45 15128.400
58 46 7404.900
58 47 9391.700
58 48 11803.100
58 49 6048.100
58 50 13666.500
58 51 8492.300
58 52 7802.300
58 53 2838.800
58 54 11507.700
58 55 7142.200
58 56 18480.400
58 57 6635.100
58 58 0.000
58 59 14127.300
58 60 8735.800
58 61 11201.200
58 62 5734.900
58 63 9752.500
58 64 11684.300
58 65 17070.300
58 66 14262.400
58 67 9305.400
58 68 16371.300
58 69 7878.500
58 70 10620.700
58 71 7362.000
58 72 6917.200
58 73 6972.500
58 74 10642.200
58 75 11594.300
58 76 7508.200
58 77 10428.600
58 78 9500.500
58 79 5641.300
58 80 9922.900
58 81 12184.300
58 82 6489.300
58 83 9606.300
58 84 8180.500
58 85 4540.100
58 86 6529.500
58 87 5706.800
58 88 9273.900
58 89 15389.100
58 90 11247.500
58 91 5148.600
58 92 11533.800
58 93 4203.000
58 94 9867.900
58 95 10755.300
58 96 8542.700
58 97 10453.500
58 98 8124.700
58 99 7239.800
58 100 9768.500
59 0 7127.100
59 1 15660.900
59 2 13865.900
59 3 12916.900
59 4 11201.200
59 5 7909.500
59 6 9915.100
59 7 7852.600
59 8 10212.100
59 9 16203.600
59 10 6289.100
59 11 10211.900
59 12 16664.900
59 13 14679.000
59 14 5967.200
59 15 7517.700
59 16 5712.400
59 17 8783.500
59 18 17542.600
59 19 10883.900
59 20 7127.100
59 21 5265.700
59 22 15076.700
59 23 7413.800
59 24 7661.700
59 25 7055.700
59 26 12311.300
59 27 8229.400
59 28 6773.700
59 29 6004.200
59 30 15984.500
59 31 11707.700
59 32 2467.900
59 33 13275.100
59 34 9804.000
59 35 15670.100
59 36 12689.700
59 37 12733.400
59 38 12819.100
59 39 4146.700
59 40 2278.000
59 41 8328.600
59 42 11983.700
59 43 7882.100
59 44 11731.700
59 45 6431.400
59 46 9096.900
59 47 7762.000
59 48 5317.100
59 49 12094.500
59 50 3912.900
59 51 13024.500
59 52 13735.600
59 53 13310.300
59 54 17331.000
59 55 13578.900
59 56 4062.800
59 57 8500.200
59 58 16091.500
59 59 0.000
59 60 6525.500
59 61 6316.600
59 62 13867.700
59 63 7581.300
59 64 16977.200
59 65 3142.100
59 66 8243.300
59 67 22484.500
59 68 3601.800
59 69 12410.700
59 70 14765.300
59 71 14087.700
59 72 11984.000
59 73 13268.000
59 74 6678.400
59 75 13301.000
59 76 10551.200
59 77 16361.900
59 78 16226.100
59 79 10075.500
59 80 5959.200
59 81 7886.100
59 82 12925.900
59 83 11313.000
59 84 14906.100
59 85 13789.700
59 86 10623.900
59 87 13800.300
59 88 15999.500
59 89 1460.900
59 90 5600.200
59 91 14409.900
59 92 6476.500
59 93 14414.900
59 94 18441.300
59 95 3758.600
59 96 14052.100
59 97 19026.900
59 98 16171.400
59 99 12409.300
59 100 7275.400
60 0 1867.900
60 1 10079.300
60 2 8627.600
60 3 7335.300
60 4 5963.000
60 5 2671.200
60 6 4676.800
60 7 3434.100
60 8 4630.500
60 9 10307.100
60 10 4131.200
60 11 4630.300
60 12 10768.500
60 13 9440.800
60 14 6249.100
60 15 3032.100
60 16 2236.700
60 17 3202.000
60 18 11646.200
60 19 5525.000
60 20 1867.900
60 21 10313.800
60 22 9495.100
60 23 7695.700
60 24 1752.000
60 25 7337.600
60 26 6729.700
60 27 4250.200
60 28 883.700
60 29 2014.000
60 30 10746.200
60 31 5811.200
60 32 6671.000
60 33 8036.900
60 34 4222.400
60 35 9773.700
60 36 6794.500
60 37 6837.000
60 38 6922.600
60 39 8735.200
60 40 6620.600
60 41 2747.000
60 42 6402.200
60 43 6635.500
60 44 5835.300
60 45 10190.300
60 46 2792.900
60 47 3008.500
60 48 3576.900
60 49 6856.200
60 50 6479.700
60 51 8463.100
60 52 8497.300
60 53 7728.700
60 54 11434.600
60 55 8340.600
60 56 10804.300
60 57 3262.000
60 58 10509.900
60 59 6940.600
60 60 0.000
60 61 3895.200
60 62 8286.100
60 63 2318.100
60 64 11080.800
60 65 9883.500
60 66 8525.200
60 67 16902.900
60 68 9184.500
60 69 7849.300
60 70 8868.900
60 71 8191.200
60 72 6745.700
60 73 7371.600
60 74 3455.500
60 75 7405.800
60 76 5312.900
60 77 11123.600
60 78 10329.700
60 79 4493.900
60 80 2736.200
60 81 3400.400
60 82 7687.700
60 83 5310.600
60 84 9009.700
60 85 8430.700
60 86 5385.600
60 87 8218.800
60 88 10103.100
60 89 8202.400
60 90 4060.700
60 91 8828.300
60 92 5685.700
60 93 9055.900
60 94 12544.900
60 95 3568.600
60 96 8813.800
60 97 13130.500
60 98 10589.800
60 99 6512.900
60 100 2521.900
61 0 5658.300
61 1 12215.400
61 2 12418.000
61 3 9499.200
61 4 9753.400
61 5 6461.600
61 6 8467.200
61 7 7224.500
61 8 6814.200
61 9 11194.000
61 10 6736.200
61 11 7662.600
61 12 11655.400
61 13 13231.200
61 14 6546.800
61 15 1780.700
61 16 4026.300
61 17 6214.700
61 18 12533.000
61 19 8898.400
61 20 5658.300
61 21 10611.500
61 22 11422.100
61 23 7993.400
61 24 3454.400
61 25 7635.300
61 26 8805.200
61 27 8040.600
61 28 3515.200
61 29 3371.300
61 30 14536.600
61 31 5845.200
61 32 6937.900
61 33 11827.300
61 34 7254.700
61 35 10660.500
61 36 6482.400
61 37 7127.800
61 38 7213.500
61 39 9032.800
61 40 6887.500
61 41 6120.400
61 42 9071.300
61 43 8461.700
61 44 6734.800
61 45 10488.000
61 46 4452.000
61 47 2462.600
61 48 3185.400
61 49 10646.600
61 50 6777.400
61 51 12253.500
61 52 12287.700
61 53 10761.000
61 54 11434.300
61 55 12131.000
61 56 8997.000
61 57 7052.400
61 58 13542.200
61 59 5602.500
61 60 4344.700
61 61 0.000
61 62 10127.900
61 63 3446.900
61 64 11080.500
61 65 8076.300
61 66 8822.900
61 67 19935.200
61 68 9482.200
61 69 11639.700
61 70 8868.600
61 71 9078.100
61 72 10536.100
61 73 8258.500
61 74 6129.400
61 75 7093.600
61 76 9103.300
61 77 14914.000
61 78 11216.500
61 79 7192.800
61 80 5250.700
61 81 1699.600
61 82 11478.100
61 83 5099.800
61 84 9896.600
61 85 11804.100
61 86 9176.000
61 87 10466.300
61 88 10989.900
61 89 6395.100
61 90 6047.300
61 91 10755.400
61 92 6923.700
61 93 12384.300
61 94 13431.700
61 95 3778.900
61 96 12604.200
61 97 14017.300
61 98 12725.900
61 99 7399.800
61 100 2688.700
62 0 8544.400
62 1 2168.100
62 2 10503.900
62 3 1869.300
62 4 7986.700
62 5 8249.700
62 6 8970.700
62 7 10655.000
62 8 5892.300
62 9 2663.600
62 10 10807.600
62 11 5318.800
62 12 3126.100
62 13 11342.700
62 14 12925.500
62 15 9840.600
62 16 10390.300
62 17 5520.200
62 18 5367.300
62 19 5172.700
62 20 8544.400
62 21 18490.500
62 22 1625.300
62 23 12042.800
62 24 8488.300
62 25 13246.200
62 26 1689.400
62 27 9712.100
62 28 9291.800
62 29 10167.700
62 30 12648.200
62 31 4577.400
62 32 13347.500
62 33 8562.600
62 34 5129.200
62 35 3494.800
62 36 7222.800
62 37 4973.200
62 38 4189.000
62 39 17235.900
62 40 13297.000
62 41 6896.400
62 42 4130.600
62 43 10945.400
62 44 3842.000
62 45 16048.200
62 46 6419.700
62 47 8601.000
62 48 11754.000
62 49 8645.100
62 50 13156.200
62 51 11089.300
62 52 10399.300
62 53 4534.400
62 54 6058.000
62 55 9739.200
62 56 17480.700
62 57 7554.800
62 58 6684.500
62 59 13617.000
62 60 8225.500
62 61 9555.300
62 62 0.000
62 63 9703.400
62 64 7682.600
62 65 16560.000
62 66 15182.100
62 67 13077.500
62 68 15860.900
62 69 10475.500
62 70 6619.000
62 71 1912.400
62 72 9514.200
62 73 1808.400
62 74 10131.900
62 75 7834.100
62 76 9606.800
62 77 13025.600
62 78 4050.800
62 79 3966.900
62 80 9412.600
62 81 10538.300
62 82 9086.300
62 83 6248.300
62 84 2730.800
62 85 7137.100
62 86 9126.500
62 87 669.500
62 88 3824.200
62 89 14878.800
62 90 10737.200
62 91 958.600
62 92 12453.500
62 93 6157.700
62 94 6266.000
62 95 10245.000
62 96 11139.700
62 97 6851.600
62 98 2699.900
62 99 3390.600
62 100 9262.900
63 0 3549.800
63 1 11559.500
63 2 10587.100
63 3 8014.800
63 4 7922.400
63 5 3777.100
63 6 6636.300
63 7 5393.600
63 8 5299.600
63 9 10538.100
63 10 5391.700
63 11 5309.800
63 12 10999.400
63 13 11400.300
63 14 6672.500
63 15 2562.400
63 16 2454.500
63 17 3960.700
63 18 11877.100
63 19 6283.700
63 20 3549.800
63 21 10737.300
63 22 10174.600
63 23 8119.100
63 24 876.900
63 25 7761.000
63 26 7409.200
63 27 6209.700
63 28 1839.000
63 29 1918.700
63 30 12705.700
63 31 6042.200
63 32 7063.700
63 33 9996.400
63 34 4901.900
63 35 10004.600
63 36 7025.400
63 37 7067.900
63 38 7153.600
63 39 9158.600
63 40 7013.200
63 41 3505.700
63 42 7081.700
63 43 8587.400
63 44 6066.200
63 45 10613.700
63 46 3023.900
63 47 1454.000
63 48 3454.300
63 49 8815.700
63 50 6903.200
63 51 10422.600
63 52 10456.800
63 53 8408.300
63 54 11665.500
63 55 10300.100
63 56 10147.100
63 57 5221.400
63 58 11189.500
63 59 7337.500
63 60 2286.500
63 61 3002.000
63 62 9472.000
63 63 0.000
63 64 11311.700
63 65 9226.400
63 66 8948.600
63 67 17582.400
63 68 9607.900
63 69 9808.800
63 70 9099.900
63 71 8422.200
63 72 8705.200
63 73 7602.600
63 74 4875.400
63 75 7636.700
63 76 7272.400
63 77 13083.100
63 78 10560.600
63 79 5173.400
63 80 3996.700
63 81 2930.800
63 82 9647.200
63 83 4980.900
63 84 9240.600
63 85 9189.400
63 86 7345.100
63 87 9810.400
63 88 10334.000
63 89 7545.200
63 90 5321.300
63 91 9507.900
63 92 7049.400
63 93 9814.700
63 94 12775.800
63 95 3904.700
63 96 10773.300
63 97 13361.400
63 98 12070.000
63 99 6743.900
63 100 967.400
64 0 9675.400
64 1 7175.900
64 2 14877.700
64 3 4578.100
64 4 11339.100
64 5 9300.500
64 6 10053.000
64 7 11737.200
64 8 6695.400
64 9 6154.500
64 10 11938.700
64 11 6708.100
64 12 6615.900
64 13 14816.900
64 14 14056.600
64 15 9071.800
64 16 10218.300
64 17 6651.300
64 18 2044.400
64 19 8393.600
64 20 9675.400
64 21 19572.800
64 22 6382.600
64 23 13125.000
64 24 8903.200
64 25 14328.500
64 26 3865.500
64 27 10794.400
64 28 9119.800
64 29 9437.700
64 30 16122.400
64 31 3588.600
64 32 14478.500
64 33 13413.000
64 34 6733.400
64 35 5621.100
64 36 4848.700
64 37 2599.100
64 38 1863.800
64 39 18318.100
64 40 14428.000
64 41 7947.100
64 42 5488.600
64 43 12027.600
64 44 4506.800
64 45 17130.400
64 46 6247.700
64 47 7832.200
64 48 10973.300
64 49 12232.400
64 50 14287.200
64 51 13855.200
64 52 13873.500
64 53 8284.700
64 54 1127.700
64 55 13716.800
64 56 18611.700
64 57 8637.100
64 58 10434.800
64 59 14748.000
64 60 8947.900
64 61 8786.500
64 62 5088.400
64 63 8621.700
64 64 0.000
64 65 17691.000
64 66 16264.400
64 67 16827.700
64 68 16992.000
64 69 13241.400
64 70 4268.700
64 71 4038.600
64 72 12121.900
64 73 3219.000
64 74 11262.900
64 75 5460.000
64 76 10689.100
64 77 16499.700
64 78 6177.100
64 79 5581.900
64 80 10543.700
64 81 9769.500
64 82 13063.800
64 83 4598.000
64 84 4857.100
64 85 10887.400
64 86 10761.800
64 87 5426.800
64 88 2515.400
64 89 16009.800
64 90 11868.200
64 91 5715.900
64 92 13535.800
64 93 9908.000
64 94 4446.900
64 95 11376.100
64 96 14190.000
64 97 4445.800
64 98 7686.400
64 99 3218.600
64 100 8494.100
65 0 9897.600
65 1 18431.400
65 2 16636.400
65 3 15687.400
65 4 13971.700
65 5 10680.000
65 6 12685.600
65 7 9669.000
65 8 12982.600
65 9 18974.100
65 10 8105.600
65 11 12982.400
65 12 19435.400
65 13 17449.600
65 14 7783.600
65 15 9286.600
65 16 7926.900
65 17 11554.100
65 18 20313.100
65 19 13654.500
65 20 9897.600
65 21 2680.300
65 22 17847.200
65 23 8759.400
65 24 10432.200
65 25 8401.300
65 26 15081.800
65 27 10045.800
65 28 9544.200
65 29 7773.100
65 30 18755.000
65 31 14478.200
65 32 5238.400
65 33 16045.700
65 34 12574.500
65 35 18440.600
65 36 15460.200
65 37 15503.900
65 38 15589.600
65 39 5464.000
65 40 4153.800
65 41 11099.100
65 42 14754.300
65 43 10014.500
65 44 14502.200
65 45 4668.300
65 46 11867.400
65 47 9530.900
65 48 7086.000
65 49 14865.000
65 50 5248.700
65 51 15362.600
65 52 16506.100
65 53 16080.800
65 54 20101.500
65 55 16349.400
65 56 920.700
65 57 11270.700
65 58 18862.000
65 59 3448.800
65 60 9296.100
65 61 8638.500
65 62 16638.200
65 63 9350.200
65 64 19747.700
65 65 0.000
65 66 7808.500
65 67 25255.000
65 68 3351.500
65 69 14748.800
65 70 17535.900
65 71 16858.200
65 72 14754.500
65 73 16038.600
65 74 9448.900
65 75 16071.500
65 76 13321.700
65 77 19132.400
65 78 18996.600
65 79 12846.000
65 80 8729.700
65 81 9159.900
65 82 15696.500
65 83 12547.400
65 84 17676.700
65 85 16560.200
65 86 13394.400
65 87 16570.900
65 88 18770.000
65 89 1678.300
65 90 7416.600
65 91 17180.400
65 92 8293.000
65 93 17185.400
65 94 21211.800
65 95 6529.100
65 96 17223.700
65 97 21797.400
65 98 18941.900
65 99 15179.900
65 100 9044.300
66 0 11246.700
66 1 17472.300
66 2 14205.000
66 3 14819.700
66 4 12561.500
66 5 11217.100
66 6 11275.300
66 7 8666.700
66 8 14331.700
66 9 19063.700
66 10 7719.600
66 11 11790.200
66 12 19525.100
66 13 16011.200
66 14 4984.400
66 15 11662.400
66 16 10302.700
66 17 12903.100
66 18 20402.800
66 19 12244.200
66 20 11246.700
66 21 5038.300
66 22 16632.500
66 23 4923.300
66 24 11781.300
66 25 4565.200
66 26 15292.700
66 27 8443.800
66 28 10893.300
66 29 10148.900
66 30 17316.700
66 31 15827.300
66 32 4413.300
66 33 14635.400
66 34 12245.600
66 35 18530.300
66 36 16809.300
66 37 17422.800
66 38 16687.500
66 39 3277.700
66 40 4522.800
66 41 12643.700
66 42 14224.700
66 43 6178.400
66 44 15331.500
66 45 2090.000
66 46 13216.500
66 47 11906.700
66 48 9461.800
66 49 12544.900
66 50 4862.800
66 51 11526.500
66 52 15067.800
66 53 14866.200
66 54 20534.900
66 55 14911.100
66 56 5733.100
66 57 9859.400
66 58 17648.500
66 59 6163.300
66 60 10645.100
66 61 12525.500
66 62 16552.000
66 63 11726.000
66 64 20181.100
66 65 6744.100
66 66 0.000
66 67 24041.500
66 68 5366.100
66 69 10912.700
66 70 19117.500
66 71 16947.800
66 72 12099.800
66 73 16128.200
66 74 9496.700
66 75 17420.600
66 76 11069.000
66 77 17694.100
66 78 19086.300
66 79 13476.100
66 80 8314.300
66 81 12030.800
66 82 13281.800
66 83 15432.600
66 84 17766.300
66 85 15366.300
66 86 11984.100
66 87 16524.000
66 88 18859.700
66 89 7738.800
66 90 7030.600
66 91 15965.800
66 92 6221.900
66 93 15991.500
66 94 21301.500
66 95 7881.900
66 96 13387.600
66 97 21887.000
66 98 18941.900
66 99 15736.600
66 100 11420.100
67 0 9122.700
67 1 6495.600
67 2 10551.200
67 3 6165.100
67 4 7338.300
67 5 7398.100
67 6 8119.100
67 7 9803.300
67 8 8432.200
67 9 7928.900
67 10 11386.000
67 11 4467.100
67 12 8391.300
67 13 11390.000
67 14 13183.800
67 15 10863.300
67 16 10507.500
67 17 7144.900
67 18 10657.400
67 19 4321.000
67 20 9122.700
67 21 17638.800
67 22 5655.800
67 23 11191.100
67 24 9066.700
67 25 12394.600
67 26 6693.800
67 27 8860.500
67 28 9311.100
67 29 10284.800
67 30 12695.500
67 31 7717.500
67 32 13925.800
67 33 8609.800
67 34 5646.700
67 35 8784.900
67 36 11051.000
67 37 8257.200
67 38 8031.100
67 39 16384.200
67 40 13875.400
67 41 6044.700
67 42 4633.000
67 43 10093.700
67 44 6814.000
67 45 15196.500
67 46 7473.000
67 47 9459.700
67 48 11871.200
67 49 8692.400
67 50 13734.500
67 51 11136.500
67 52 10446.500
67 53 4581.700
67 54 11348.200
67 55 9786.500
67 56 18548.400
67 57 6703.200
67 58 6248.900
67 59 14195.400
67 60 8803.900
67 61 11269.300
67 62 5575.300
67 63 9820.600
67 64 11524.700
67 65 17138.300
67 66 14330.500
67 67 0.000
67 68 16439.300
67 69 10522.700
67 70 10461.100
67 71 7202.500
67 72 9561.500
67 73 6812.900
67 74 10710.300
67 75 11662.300
67 76 8755.200
67 77 13072.800
67 78 9340.900
67 79 5481.700
67 80 9991.000
67 81 12252.300
67 82 9133.500
67 83 9674.400
67 84 8021.000
67 85 7184.400
67 86 8827.900
67 87 5547.300
67 88 9114.300
67 89 15457.200
67 90 11315.500
67 91 4989.100
67 92 11601.900
67 93 6204.900
67 94 11556.100
67 95 10823.400
67 96 11186.900
67 97 12141.700
67 98 7965.200
67 99 7080.200
67 100 9836.500
68 0 7633.300
68 1 17718.200
68 2 15164.900
68 3 14974.200
68 4 13258.500
68 5 9966.800
68 6 11972.400
68 7 7314.500
68 8 12269.400
68 9 18260.900
68 10 5751.000
68 11 12269.200
68 12 18722.200
68 13 16971.100
68 14 5429.100
68 15 9600.200
68 16 8240.500
68 17 10840.900
68 18 19599.900
68 19 12941.300
68 20 7633.300
68 21 1162.600
68 22 17134.000
68 23 6954.000
68 24 9719.000
68 25 6595.900
68 26 14368.600
68 27 7691.300
68 28 8831.000
68 29 8086.600
68 30 18276.600
68 31 13765.000
68 32 2588.900
68 33 15332.500
68 34 11861.300
68 35 17727.400
68 36 14747.000
68 37 14790.800
68 38 14876.400
68 39 3128.000
68 40 1799.300
68 41 10385.900
68 42 14041.100
68 43 7344.000
68 44 13789.000
68 45 2862.900
68 46 11154.200
68 47 9844.500
68 48 7399.600
68 49 13504.800
68 50 2894.200
68 51 12486.400
68 52 16027.600
68 53 15367.600
68 54 19388.300
68 55 15870.900
68 56 1797.700
68 57 10557.500
68 58 18148.800
68 59 2974.500
68 60 8582.900
68 61 9098.200
68 62 15925.000
68 63 9663.700
68 64 19034.500
68 65 3472.100
68 66 6003.100
68 67 24541.800
68 68 0.000
68 69 11872.600
68 70 16822.700
68 71 16145.000
68 72 13059.700
68 73 15325.400
68 74 7528.100
68 75 15358.300
68 76 12608.500
68 77 18653.900
68 78 18283.400
68 79 12132.800
68 80 6345.800
68 81 9968.500
68 82 14241.700
68 83 13370.400
68 84 16963.500
68 85 15847.000
68 86 12681.200
68 87 15857.700
68 88 18056.800
68 89 3238.400
68 90 5062.100
68 91 16467.200
68 92 5938.400
68 93 16472.200
68 94 20498.600
68 95 5819.600
68 96 14347.500
68 97 21084.200
68 98 18228.700
68 99 14466.700
68 100 9357.900
69 0 8190.000
69 1 11943.700
69 2 3292.300
69 3 10866.400
69 4 4048.100
69 5 7259.200
69 6 5819.400
69 7 5868.000
69 8 11168.000
69 9 13377.000
69 10 6431.600
69 11 7836.900
69 12 13839.500
69 13 5098.500
69 14 8685.800
69 15 10675.500
69 16 9880.100
69 17 9790.500
69 18 16449.500
69 19 8020.200
69 20 8190.000
69 21 13154.500
69 22 11104.000
69 23 6693.000
69 24 9415.200
69 25 7896.500
69 26 12142.000
69 27 4485.200
69 28 8527.200
69 29 9657.500
69 30 6404.000
69 31 13069.400
69 32 11130.600
69 33 3819.500
69 34 8232.200
69 35 14577.000
69 36 13696.700
69 37 13469.500
69 38 12734.300
69 39 11899.800
69 40 11944.800
69 41 8328.400
69 42 10081.100
69 43 5595.600
69 44 11378.200
69 45 10712.100
69 46 10118.600
69 47 10917.400
69 48 11220.400
69 49 1762.100
69 50 10083.400
69 51 613.800
69 52 4155.100
69 53 7428.700
69 54 16581.600
69 55 3998.400
69 56 14064.100
69 57 6476.100
69 58 9068.200
69 59 13129.300
69 60 8279.000
69 61 11538.600
69 62 11023.500
69 63 10435.200
69 64 16227.800
69 65 15253.200
69 66 9084.100
69 67 16459.200
69 68 12788.200
69 69 0.000
69 70 15164.300
69 71 12994.600
69 72 2980.900
69 73 12174.900
69 74 9777.500
69 75 14308.000
69 76 3565.300
69 77 6781.400
69 78 15133.000
69 79 9522.800
69 80 7233.700
69 81 11043.900
69 82 3554.700
69 83 12320.000
69 84 13813.000
69 85 6443.400
69 86 4480.200
69 87 10995.400
69 88 14906.400
69 89 14391.100
69 90 8431.300
69 91 10437.200
69 92 7103.800
69 93 6986.600
69 94 17348.200
69 95 9890.700
69 96 2474.900
69 97 17933.800
69 98 13413.300
69 99 11783.400
69 100 10572.700
70 0 10325.900
70 1 9355.900
70 2 17057.600
70 3 6758.000
70 4 13519.000
70 5 9709.500
70 6 12232.900
70 7 12169.600
70 8 7346.000
70 9 8334.400
70 10 12589.200
70 11 8888.000
70 12 8795.800
70 13 16996.800
70 14 14707.100
70 15 8837.600
70 16 9890.500
70 17 7301.800
70 18 3688.400
70 19 10573.500
70 20 10325.900
70 21 18771.800
70 22 8562.600
70 23 15304.900
70 24 8533.000
70 25 15795.600
70 26 6045.500
70 27 12974.300
70 28 9347.400
70 29 9203.500
70 30 18302.300
70 31 4182.300
70 32 15129.000
70 33 15593.000
70 34 8688.600
70 35 7801.000
70 36 4179.700
70 37 3913.600
70 38 4043.800
70 39 17193.200
70 40 15078.500
70 41 8480.700
70 42 7668.600
70 43 14207.500
70 44 5071.800
70 45 19310.300
70 46 6516.500
70 47 7598.000
70 48 10739.200
70 49 14412.300
70 50 14937.700
70 51 16035.100
70 52 16053.400
70 53 10464.600
70 54 2771.700
70 55 15896.700
70 56 19262.200
70 57 10817.000
70 58 12614.700
70 59 15398.500
70 60 9124.300
70 61 8552.300
70 62 7268.400
70 63 8387.500
70 64 2417.900
70 65 18341.500
70 66 16983.200
70 67 19007.700
70 68 17642.500
70 69 15421.300
70 70 0.000
70 71 6218.500
70 72 14301.800
70 73 5398.900
70 74 11913.400
70 75 2605.600
70 76 12869.000
70 77 18679.700
70 78 6163.900
70 79 6897.700
70 80 11194.200
70 81 9535.300
70 82 15243.800
70 83 4343.600
70 84 7037.000
70 85 13067.300
70 86 12941.700
70 87 7606.700
70 88 4697.700
70 89 16660.300
70 90 12518.700
70 91 7895.800
70 92 14143.700
70 93 12087.900
70 94 6090.800
70 95 12026.600
70 96 16369.900
70 97 6089.700
70 98 9866.400
70 99 5398.500
70 100 8260.000
71 0 8932.600
71 1 3269.400
71 2 12230.400
71 3 3311.700
71 4 9713.200
71 5 8508.300
71 6 9260.800
71 7 10945.100
71 8 5952.600
71 9 2115.900
71 10 11195.800
71 11 5915.900
71 12 2577.300
71 13 13069.200
71 14 13313.700
71 15 8925.800
71 16 9475.500
71 17 5908.400
71 18 3454.900
71 19 6899.100
71 20 8932.600
71 21 18780.600
71 22 3351.800
71 23 12332.900
71 24 8160.300
71 25 13536.300
71 26 2286.700
71 27 10002.200
71 28 8377.000
71 29 9252.800
71 30 14374.700
71 31 3662.600
71 32 13735.700
71 33 10289.000
71 34 5726.600
71 35 1582.400
71 36 6308.000
71 37 4058.300
71 38 3274.200
71 39 17526.000
71 40 13685.200
71 41 7155.000
71 42 4696.500
71 43 11235.500
71 44 3764.000
71 45 16338.300
71 46 5504.800
71 47 7686.200
71 48 10839.100
71 49 10371.600
71 50 13544.400
71 51 13063.100
71 52 12125.700
71 53 6260.900
71 54 4145.700
71 55 11465.600
71 56 17868.900
71 57 7845.000
71 58 9288.500
71 59 14005.200
71 60 8205.100
71 61 8640.400
71 62 1729.000
71 63 8788.500
71 64 3910.700
71 65 16948.200
71 66 15472.200
71 67 14803.900
71 68 16249.100
71 69 12449.300
71 70 5704.200
71 71 0.000
71 72 11329.800
71 73 1575.800
71 74 10520.100
71 75 6919.300
71 76 9896.900
71 77 14752.000
71 78 2138.400
71 79 4564.200
71 80 9800.800
71 81 9623.500
71 82 10812.700
71 83 5333.400
71 84 818.500
71 85 8863.600
71 86 9969.600
71 87 2395.900
71 88 1911.800
71 89 15267.000
71 90 11125.400
71 91 2685.000
71 92 12743.600
71 93 7884.100
71 94 4353.600
71 95 10633.200
71 96 12866.100
71 97 4939.200
71 98 4043.700
71 99 2475.700
71 100 8348.100
72 0 5968.500
72 1 10203.100
72 2 3680.600
72 3 8645.000
72 4 2126.800
72 5 5037.700
72 6 2825.900
72 7 6508.100
72 8 8946.500
72 9 12889.000
72 10 8231.800
72 11 5615.500
72 12 13350.300
72 13 5095.100
72 14 9339.100
72 15 8454.100
72 16 7658.700
72 17 7569.100
72 18 14228.000
72 19 5598.800
72 20 5968.500
72 21 14330.200
72 22 9363.300
72 23 7346.400
72 24 7193.700
72 25 8549.800
72 26 9117.900
72 27 5138.500
72 28 6305.700
72 29 7436.000
72 30 6400.500
72 31 10847.900
72 32 10771.600
72 33 3691.200
72 34 6010.700
72 35 12355.500
72 36 11475.200
72 37 11248.100
72 38 10512.800
72 39 13075.500
72 40 10721.100
72 41 6106.900
72 42 8049.900
72 43 6249.000
72 44 9156.700
72 45 11887.800
72 46 7897.200
72 47 8696.000
72 48 8998.900
72 49 1685.300
72 50 10580.300
72 51 3023.300
72 52 4151.600
72 53 5688.000
72 54 14360.100
72 55 3994.900
72 56 14904.800
72 57 3482.700
72 58 7327.600
72 59 11041.100
72 60 6057.600
72 61 9317.200
72 62 9282.800
72 63 8213.700
72 64 14006.400
72 65 13984.100
72 66 9737.400
72 67 15500.500
72 68 13285.100
72 69 2409.500
72 70 12942.800
72 71 10773.100
72 72 0.000
72 73 9953.500
72 74 7556.000
72 75 12086.500
72 76 1618.400
72 77 6777.900
72 78 12911.500
72 79 7301.300
72 80 6836.800
72 81 8822.400
72 82 2422.200
72 83 10098.600
72 84 11591.500
72 85 4620.700
72 86 1486.700
72 87 9254.800
72 88 12684.900
72 89 12302.900
72 90 8161.300
72 91 8696.600
72 92 7757.100
72 93 5246.000
72 94 15126.700
72 95 7669.200
72 96 3548.400
72 97 15712.300
72 98 11672.700
72 99 9561.900
72 100 8351.200
73 0 8365.700
73 1 4117.200
73 2 12202.500
73 3 2814.700
73 4 9980.100
73 5 7941.400
73 6 8693.900
73 7 10378.200
73 8 5385.700
73 9 3095.800
73 10 10628.900
73 11 5349.000
73 12 3557.100
73 13 13041.300
73 14 12746.800
73 15 8358.900
73 16 8908.600
73 17 5341.500
73 18 4434.800
73 19 7034.500
73 20 8365.700
73 21 18213.700
73 22 3323.900
73 23 11766.000
73 24 7593.400
73 25 12969.400
73 26 1789.700
73 27 9435.300
73 28 7810.100
73 29 8685.900
73 30 14346.800
73 31 3095.700
73 32 13168.800
73 33 10261.200
73 34 5374.300
73 35 2562.300
73 36 5741.100
73 37 3491.400
73 38 2707.300
73 39 16959.100
73 40 13118.300
73 41 6588.100
73 42 4129.600
73 43 10668.600
73 44 3197.100
73 45 15771.400
73 46 4937.900
73 47 7119.300
73 48 10272.200
73 49 10873.400
73 50 12977.500
73 51 12496.200
73 52 12097.900
73 53 6233.000
73 54 5125.600
73 55 11437.800
73 56 17302.000
73 57 7278.100
73 58 8383.100
73 59 13438.300
73 60 7638.200
73 61 8073.500
73 62 2029.700
73 63 8221.600
73 64 6200.900
73 65 16381.300
73 66 14905.300
73 67 14776.100
73 68 15682.300
73 69 11882.400
73 70 5137.300
73 71 979.900
73 72 10762.900
73 73 0.000
73 74 9953.200
73 75 6352.400
73 76 9330.000
73 77 14724.200
73 78 3118.300
73 79 4272.200
73 80 9233.900
73 81 9056.600
73 82 10784.800
73 83 4766.500
73 84 1798.300
73 85 8835.700
73 86 9402.700
73 87 2368.100
73 88 2891.700
73 89 14700.100
73 90 10558.500
73 91 2657.200
73 92 12176.700
73 93 7856.300
73 94 5333.500
73 95 10066.300
73 96 12838.300
73 97 5919.100
73 98 4627.700
73 99 1908.800
73 100 7781.200
74 0 1620.600
74 1 12195.600
74 2 10400.600
74 3 9451.600
74 4 7736.000
74 5 4444.200
74 6 6449.800
74 7 2739.800
74 8 6746.800
74 9 12738.300
74 10 2577.300
74 11 6746.600
74 12 13199.700
74 13 11213.800
74 14 4523.900
74 15 5168.600
74 16 3265.100
74 17 5318.300
74 18 14077.300
74 19 7418.700
74 20 1620.600
74 21 8906.000
74 22 11611.400
74 23 6185.100
74 24 3919.100
74 25 5827.000
74 26 8846.000
74 27 3956.100
74 28 3308.400
74 29 3655.100
74 30 12519.200
74 31 8242.400
74 32 5927.200
74 33 9809.900
74 34 6338.700
74 35 12204.800
74 36 9224.400
74 37 9268.200
74 38 9353.800
74 39 7327.300
74 40 5876.700
74 41 4863.300
74 42 8518.500
74 43 5699.000
74 44 8266.400
74 45 8782.400
74 46 5631.600
74 47 5412.900
74 48 4190.200
74 49 8629.200
74 50 5071.900
74 51 10236.100
74 52 10270.300
74 53 9845.000
74 54 13865.700
74 55 10113.600
74 56 10064.800
74 57 5035.000
74 58 12626.200
74 59 6201.100
74 60 3060.300
74 61 6031.700
74 62 10402.400
74 63 4999.200
74 64 13511.900
74 65 9144.000
74 66 7014.600
74 67 19019.200
74 68 7776.600
74 69 9622.300
74 70 11300.100
74 71 10622.400
74 72 8518.700
74 73 9802.800
74 74 0.000
74 75 9835.700
74 76 7085.900
74 77 12896.600
74 78 12760.800
74 79 6610.200
74 80 1182.300
74 81 5537.000
74 82 9460.700
74 83 7847.800
74 84 11440.900
74 85 10324.400
74 86 7158.600
74 87 10335.100
74 88 12534.200
74 89 7462.900
74 90 2506.900
74 91 10944.600
74 92 4131.900
74 93 10949.600
74 94 14976.000
74 95 2824.700
74 96 10586.800
74 97 15561.600
74 98 12706.100
74 99 8944.100
74 100 4926.300
75 0 9634.600
75 1 11180.500
75 2 17096.100
75 3 8582.600
75 4 13415.000
75 5 9018.100
75 6 12291.900
75 7 11478.300
75 8 6654.600
75 9 10159.100
75 10 11897.800
75 11 8939.500
75 12 10620.400
75 13 17055.900
75 14 14015.700
75 15 8438.600
75 16 9491.500
75 17 6610.400
75 18 6106.300
75 19 10625.000
75 20 9634.600
75 21 18080.500
75 22 10387.200
75 23 15462.300
75 24 8134.000
75 25 15104.200
75 26 7870.100
75 27 12294.400
75 28 9079.200
75 29 8804.500
75 30 18361.400
75 31 4960.200
75 32 14437.700
75 33 15154.700
75 34 7997.200
75 35 9625.600
75 36 3309.200
75 37 4691.500
75 38 5195.000
75 39 16501.800
75 40 14387.200
75 41 7789.300
75 42 8911.700
75 43 14266.600
75 44 5849.700
75 45 17956.900
75 46 6207.100
75 47 7199.000
75 48 10340.100
75 49 14471.400
75 50 14246.400
75 51 16094.200
75 52 16112.400
75 53 12089.300
75 54 5189.500
75 55 15955.700
75 56 18570.900
75 57 10876.100
75 58 14870.500
75 59 14707.200
75 60 8907.400
75 61 8153.300
75 62 9093.000
75 63 7988.500
75 64 4835.700
75 65 17650.200
75 66 16291.800
75 67 21263.500
75 68 16951.100
75 69 15480.400
75 70 2623.900
75 71 8043.200
75 72 14360.900
75 73 7223.600
75 74 11222.100
75 75 0.000
75 76 12928.000
75 77 18738.700
75 78 8581.700
75 79 7033.200
75 80 10502.800
75 81 9136.300
75 82 15302.800
75 83 3652.300
75 84 8861.600
75 85 14217.300
75 86 13000.700
75 87 9431.400
75 88 7115.600
75 89 15969.000
75 90 11827.400
75 91 9720.500
75 92 13452.400
75 93 13712.500
75 94 8508.700
75 95 11335.200
75 96 17731.800
75 97 8507.600
75 98 11691.000
75 99 6514.700
75 100 7861.000
76 0 4946.700
76 1 10275.800
76 2 4520.200
76 3 7623.200
76 4 2748.800
76 5 4015.900
76 6 1804.200
76 7 5486.300
76 8 7924.800
76 9 11867.200
76 10 4722.200
76 11 4593.700
76 12 12328.600
76 13 5934.700
76 14 7099.100
76 15 7432.300
76 16 6636.900
76 17 6547.300
76 18 13206.300
76 19 4845.600
76 20 4946.700
76 21 11567.900
76 22 9436.000
76 23 5106.400
76 24 6172.000
76 25 6309.900
76 26 8096.200
76 27 2775.800
76 28 5283.900
76 29 6414.200
76 30 7240.200
76 31 9826.200
76 32 9749.800
76 33 4530.800
76 34 4988.900
76 35 11333.800
76 36 10453.500
76 37 10226.300
76 38 9491.000
76 39 10313.200
76 40 9699.400
76 41 5085.100
76 42 7028.200
76 43 4009.000
76 44 8135.000
76 45 9125.500
76 46 6875.400
76 47 7674.200
76 48 7977.200
76 49 2525.000
76 50 8496.800
76 51 3646.000
76 52 4991.300
76 53 6527.700
76 54 13338.400
76 55 4834.600
76 56 13883.100
76 57 2460.900
76 58 8167.300
76 59 10019.400
76 60 5035.800
76 61 8295.400
76 62 9355.500
76 63 7192.000
76 64 12984.600
76 65 12962.300
76 66 7497.500
76 67 16845.000
76 68 11201.600
76 69 3032.200
76 70 11921.000
76 71 9751.300
76 72 1621.900
76 73 8931.700
76 74 6534.300
76 75 11064.700
76 76 0.000
76 77 7617.500
76 78 11889.800
76 79 6279.500
76 80 5815.000
76 81 7800.700
76 82 3261.900
76 83 9076.800
76 84 10569.800
76 85 5460.400
76 86 2108.700
76 87 9327.500
76 88 11663.200
76 89 11281.200
76 90 7139.600
76 91 8769.300
76 92 5517.200
76 93 6085.600
76 94 14105.000
76 95 6647.400
76 96 5507.100
76 97 14690.500
76 98 11745.400
76 99 8540.100
76 100 7329.500
77 0 11058.900
77 1 13900.000
77 2 3658.300
77 3 13569.500
77 4 6128.500
77 5 10128.100
77 6 7916.300
77 7 11598.500
77 8 14036.900
77 9 15333.300
77 10 12760.300
77 11 11619.200
77 12 15795.800
77 13 2158.000
77 14 15014.400
77 15 13544.500
77 16 12749.100
77 17 12659.500
77 18 18061.900
77 19 10974.100
77 20 11058.900
77 21 19483.100
77 22 13060.300
77 23 13021.700
77 24 12284.100
77 25 14225.200
77 26 14098.300
77 27 10813.900
77 28 11396.100
77 29 12526.400
77 30 700.200
77 31 15121.900
77 32 15862.000
77 33 4811.800
77 34 11884.400
77 35 16189.400
77 36 16565.600
77 37 15661.600
77 38 15603.200
77 39 18228.500
77 40 15811.600
77 41 11980.600
77 42 12037.400
77 43 11924.300
77 44 14218.400
77 45 17040.800
77 46 12987.600
77 47 14569.700
77 48 14089.300
77 49 5633.900
77 50 16412.100
77 51 6246.300
77 52 2652.900
77 53 9385.000
77 54 18752.600
77 55 3516.300
77 56 19995.200
77 57 8573.100
77 58 11207.800
77 59 16131.500
77 60 11148.000
77 61 14407.600
77 62 12979.800
77 63 13304.100
77 64 19096.800
77 65 19074.500
77 66 15412.700
77 67 15977.100
77 68 19116.800
77 69 7229.400
77 70 18033.200
77 71 14606.900
77 72 6964.900
77 73 15043.900
77 74 12646.500
77 75 17176.900
77 76 7555.900
77 77 0.000
77 78 16745.400
77 79 12886.200
77 80 11927.200
77 81 13912.800
77 82 4367.700
77 83 15189.000
77 84 15425.400
77 85 5961.300
77 86 6577.100
77 87 12951.700
77 88 16518.800
77 89 17393.300
77 90 13251.700
77 91 12393.500
77 92 13432.400
77 93 8942.900
77 94 18960.600
77 95 12759.600
77 96 4294.000
77 97 19546.100
77 98 15369.600
77 99 14652.300
77 100 13441.600
78 0 11520.000
78 1 5856.800
78 2 14817.800
78 3 5899.100
78 4 12300.700
78 5 11095.800
78 6 11848.300
78 7 13532.600
78 8 8540.100
78 9 3208.200
78 10 13783.300
78 11 8503.400
78 12 3669.600
78 13 15656.700
78 14 15901.200
78 15 11513.200
78 16 12062.900
78 17 8495.900
78 18 2465.900
78 19 9486.600
78 20 11520.000
78 21 21368.100
78 22 5939.200
78 23 14920.400
78 24 10747.800
78 25 16123.800
78 26 4874.200
78 27 12589.700
78 28 10964.500
78 29 11840.300
78 30 16962.100
78 31 6250.000
78 32 16323.100
78 33 12876.500
78 34 8314.000
78 35 556.000
78 36 8895.400
78 37 6645.800
78 38 5861.700
78 39 20113.400
78 40 16272.700
78 41 9742.500
78 42 7284.000
78 43 13823.000
78 44 6351.400
78 45 18925.700
78 46 8092.300
78 47 10273.700
78 48 13426.600
78 49 12959.000
78 50 16131.900
78 51 15650.600
78 52 14713.200
78 53 8848.400
78 54 3876.300
78 55 14053.100
78 56 20456.400
78 57 10432.400
78 58 10380.800
78 59 16592.700
78 60 10792.600
78 61 11227.900
78 62 4316.400
78 63 11376.000
78 64 5922.700
78 65 19535.600
78 66 18059.700
78 67 15677.700
78 68 18836.600
78 69 15036.700
78 70 8291.600
78 71 2764.900
78 72 13917.200
78 73 4163.300
78 74 13107.600
78 75 9506.700
78 76 12484.400
78 77 17339.500
78 78 0.000
78 79 7151.700
78 80 12388.300
78 81 12210.900
78 82 13400.200
78 83 7920.900
78 84 1320.000
78 85 11451.000
78 86 12557.100
78 87 4983.400
78 88 4294.400
78 89 17854.500
78 90 13712.800
78 91 5272.500
78 92 15331.100
78 93 10471.600
78 94 2642.900
78 95 13220.700
78 96 15453.600
78 97 2641.800
78 98 5136.100
78 99 5063.200
78 100 10935.600
79 0 4894.800
79 1 5797.200
79 2 10655.700
79 3 2893.100
79 4 6974.600
79 5 3960.900
79 6 6015.900
79 7 6738.500
79 8 2242.700
79 9 6542.700
79 10 7158.000
79 11 2663.500
79 12 7004.100
79 13 10779.900
79 14 9276.000
79 15 6968.800
79 16 6282.000
79 17 1870.600
79 18 7881.800
79 19 4349.000
79 20 4894.800
79 21 13340.700
79 22 4950.800
79 23 9088.000
79 24 4838.700
79 25 10364.500
79 26 2447.600
79 27 6757.400
79 28 5083.200
79 29 6059.300
79 30 12085.400
79 31 2772.900
79 32 9697.900
79 33 8714.400
79 34 1556.900
79 35 6009.300
79 36 5529.100
79 37 3425.600
79 38 3511.300
79 39 11762.000
79 40 9647.400
79 41 2227.300
79 42 1989.100
79 43 7990.600
79 44 1869.400
79 45 13093.400
79 46 3247.400
79 47 5234.200
79 48 7645.600
79 49 8195.400
79 50 9506.600
79 51 9818.200
79 52 9836.500
79 53 4826.800
79 54 7693.900
79 55 9679.800
79 56 13831.100
79 57 4600.100
79 58 6976.800
79 59 9967.400
79 60 4575.900
79 61 6683.500
79 62 4004.000
79 63 5404.800
79 64 7340.100
79 65 12910.400
79 66 11552.000
79 67 13369.800
79 68 12211.400
79 69 9204.400
79 70 6276.500
79 71 4426.800
79 72 8084.900
79 73 3607.200
79 74 6482.300
79 75 6140.400
79 76 6652.100
79 77 12462.700
79 78 6565.300
79 79 0.000
79 80 5763.100
79 81 7666.500
79 82 9026.800
79 83 4152.500
79 84 5245.300
79 85 7429.500
79 86 6724.800
79 87 3936.700
79 88 6338.700
79 89 11229.200
79 90 7087.600
79 91 4284.100
79 92 8712.600
79 93 6450.000
79 94 8780.500
79 95 6595.400
79 96 11291.500
79 97 9366.000
79 98 6307.700
79 99 2500.100
79 100 5608.600
80 0 1287.500
80 1 11316.900
80 2 9522.000
80 3 8572.900
80 4 6857.300
80 5 3565.500
80 6 5571.100
80 7 4265.600
80 8 5868.100
80 9 11859.600
80 10 1395.000
80 11 5867.900
80 12 12321.000
80 13 10335.100
80 14 3341.500
80 15 4289.900
80 16 2386.400
80 17 4439.600
80 18 13198.600
80 19 6540.000
80 20 1287.500
80 21 7723.600
80 22 10732.700
80 23 5002.700
80 24 3040.400
80 25 4644.700
80 26 7967.300
80 27 4642.300
80 28 2429.700
80 29 2776.400
80 30 11640.500
80 31 7363.700
80 32 5048.500
80 33 8931.200
80 34 5460.000
80 35 11326.100
80 36 8345.700
80 37 8389.500
80 38 8475.100
80 39 6145.000
80 40 4998.000
80 41 3984.600
80 42 7639.800
80 43 4516.700
80 44 7387.700
80 45 7600.100
80 46 4752.900
80 47 4534.200
80 48 3311.500
80 49 7750.500
80 50 3889.500
80 51 9659.100
80 52 9391.600
80 53 8966.300
80 54 12987.000
80 55 9234.900
80 56 9186.100
80 57 4156.300
80 58 11747.500
80 59 5322.400
80 60 2181.600
80 61 5153.000
80 62 9523.700
80 63 4120.500
80 64 12633.200
80 65 8265.300
80 66 5832.200
80 67 18140.500
80 68 6594.300
80 69 9045.200
80 70 10421.400
80 71 9743.700
80 72 7640.100
80 73 8924.100
80 74 1182.300
80 75 8957.000
80 76 6207.200
80 77 12017.900
80 78 11882.100
80 79 5731.500
80 80 0.000
80 81 4658.300
80 82 8582.000
80 83 6969.100
80 84 10562.200
80 85 9445.700
80 86 6279.900
80 87 9456.400
80 88 11655.500
80 89 6584.200
80 90 1324.500
80 91 10066.000
80 92 2949.500
80 93 10070.900
80 94 14097.300
80 95 1946.100
80 96 9708.100
80 97 14682.900
80 98 11827.400
80 99 8065.400
80 100 4047.600
81 0 5521.600
81 1 12850.400
81 2 12281.300
81 3 10134.200
81 4 9616.600
81 5 6324.900
81 6 8330.500
81 7 7087.700
81 8 7449.200
81 9 11829.000
81 10 6914.000
81 11 8297.500
81 12 12290.300
81 13 13094.400
81 14 7988.400
81 15 1643.900
81 16 3921.500
81 17 6849.700
81 18 13168.000
81 19 8934.600
81 20 5521.600
81 21 12053.100
81 22 12057.100
81 23 9435.000
81 24 3317.700
81 25 9076.900
81 26 9440.100
81 27 7903.900
81 28 3378.400
81 29 3234.600
81 30 14399.900
81 31 6480.200
81 32 8379.500
81 33 11690.500
81 34 7889.600
81 35 11295.500
81 36 7117.300
81 37 7762.800
81 38 7848.400
81 39 10474.500
81 40 8329.100
81 41 6156.600
81 42 9706.300
81 43 9903.300
81 44 7369.700
81 45 11929.600
81 46 5086.900
81 47 2325.900
81 48 4862.900
81 49 10509.900
81 50 8219.000
81 51 12116.800
81 52 12151.000
81 53 11396.000
81 54 12069.200
81 55 11994.300
81 56 10674.500
81 57 6915.600
81 58 14177.200
81 59 7280.000
81 60 4207.900
81 61 1866.700
81 62 10762.900
81 63 3310.100
81 64 11715.500
81 65 9753.700
81 66 10264.500
81 67 20570.200
81 68 10923.800
81 69 11503.000
81 70 9503.600
81 71 9713.100
81 72 10399.400
81 73 8893.400
81 74 6397.700
81 75 7728.600
81 76 8966.600
81 77 14777.300
81 78 11851.500
81 79 7827.700
81 80 5519.000
81 81 0.000
81 82 11341.300
81 83 5734.800
81 84 10531.500
81 85 11840.300
81 86 9039.300
81 87 11101.200
81 88 11624.900
81 89 8072.600
81 90 6843.500
81 91 11390.400
81 92 8365.300
81 93 12465.600
81 94 14066.700
81 95 5220.600
81 96 12467.500
81 97 14652.300
81 98 13360.900
81 99 8034.700
81 100 2552.000
82 0 7586.300
82 1 10015.900
82 2 1258.300
82 3 9685.400
82 4 2655.900
82 5 6655.500
82 6 4443.700
82 7 8125.900
82 8 10564.300
82 9 11449.200
82 10 8305.300
82 11 7735.100
82 12 11911.600
82 13 2743.000
82 14 10559.400
82 15 10071.900
82 16 9276.500
82 17 9186.900
82 18 14177.700
82 19 7588.900
82 20 7586.300
82 21 15028.100
82 22 9176.100
82 23 8566.700
82 24 8811.500
82 25 9770.100
82 26 10214.100
82 27 6358.800
82 28 7923.500
82 29 9053.800
82 30 4048.500
82 31 11237.800
82 32 12389.400
82 33 1339.100
82 34 7628.500
82 35 12305.200
82 36 13093.000
82 37 11777.500
82 38 12130.600
82 39 13773.500
82 40 12338.900
82 41 7724.700
82 42 8153.300
82 43 7469.300
82 44 10334.200
82 45 12585.800
82 46 9514.900
82 47 10313.800
82 48 10616.700
82 49 1243.200
82 50 12198.100
82 51 3078.500
82 52 1799.600
82 53 5500.800
82 54 14868.500
82 55 1642.900
82 56 16522.600
82 57 5100.500
82 58 7140.400
82 59 12658.900
82 60 7675.400
82 61 10935.000
82 62 9095.600
82 63 9831.500
82 64 15624.200
82 65 15601.900
82 66 10957.700
82 67 14103.700
82 68 14902.900
82 69 3629.800
82 70 14560.600
82 71 10722.800
82 72 2570.600
82 73 11571.300
82 74 9173.800
82 75 13704.300
82 76 3263.400
82 77 4425.900
82 78 12861.200
82 79 9002.000
82 80 8454.600
82 81 10440.200
82 82 0.000
82 83 11716.400
82 84 11541.200
82 85 2372.600
82 86 3104.500
82 87 9067.600
82 88 12634.600
82 89 13920.700
82 90 9779.100
82 91 8509.400
82 92 8977.400
82 93 5058.800
82 94 15076.400
82 95 9287.000
82 96 1126.200
82 97 15662.000
82 98 11485.500
82 99 11179.700
82 100 9969.000
83 0 6046.100
83 1 8338.800
83 2 13507.600
83 3 5622.600
83 4 9826.500
83 5 5429.600
83 6 8703.500
83 7 7889.800
83 8 3066.100
83 9 7317.300
83 10 8309.300
83 11 5351.000
83 12 7778.700
83 13 13467.400
83 14 10427.300
83 15 4852.200
83 16 5905.100
83 17 3021.900
83 18 8656.400
83 19 7036.500
83 20 6046.100
83 21 14492.000
83 22 7545.500
83 23 11873.800
83 24 4547.600
83 25 11515.800
83 26 4928.500
83 27 8706.000
83 28 5362.000
83 29 5218.100
83 30 14772.900
83 31 1968.600
83 32 10849.200
83 33 11566.200
83 34 4408.800
83 35 6783.900
83 36 1502.600
83 37 2540.100
83 38 3336.800
83 39 12913.300
83 40 10798.700
83 41 4200.800
83 42 5323.300
83 43 10678.100
83 44 2858.100
83 45 14368.400
83 46 2531.000
83 47 3612.600
83 48 6753.700
83 49 10882.900
83 50 10657.900
83 51 12505.700
83 52 12524.000
83 53 8500.800
83 54 6795.000
83 55 12367.300
83 56 14982.400
83 57 7287.600
83 58 11282.000
83 59 11118.700
83 60 5312.900
83 61 4566.900
83 62 6251.300
83 63 4402.100
83 64 6441.200
83 65 14061.700
83 66 12703.300
83 67 17675.000
83 68 13362.700
83 69 11891.900
83 70 4229.400
83 71 5201.400
83 72 10772.400
83 73 4381.800
83 74 7633.600
83 75 2113.900
83 76 9339.600
83 77 15150.300
83 78 7339.900
83 79 3444.700
83 80 6914.400
83 81 5549.900
83 82 11714.300
83 83 0.000
83 84 6019.900
83 85 10628.800
83 86 9412.300
83 87 6589.600
83 88 7113.300
83 89 12380.500
83 90 8238.900
83 91 6878.700
83 92 9863.900
83 93 10124.100
83 94 9555.100
83 95 7746.700
83 96 14143.300
83 97 10140.700
83 98 8849.300
83 99 3523.100
83 100 4274.500
84 0 10200.100
84 1 4536.900
84 2 13497.900
84 3 4579.200
84 4 10980.700
84 5 9775.800
84 6 10528.300
84 7 12212.600
84 8 7220.100
84 9 1888.200
84 10 12463.300
84 11 7183.400
84 12 2349.600
84 13 14336.700
84 14 14581.200
84 15 10193.300
84 16 10743.000
84 17 7175.900
84 18 3785.900
84 19 8166.600
84 20 10200.100
84 21 20048.100
84 22 4619.300
84 23 13600.400
84 24 9427.800
84 25 14803.800
84 26 3554.200
84 27 11269.700
84 28 9644.500
84 29 10520.300
84 30 15642.200
84 31 4930.100
84 32 15003.200
84 33 11556.500
84 34 6994.100
84 35 764.000
84 36 7575.500
84 37 5325.800
84 38 4541.700
84 39 18793.500
84 40 14952.700
84 41 8422.500
84 42 5964.000
84 43 12503.000
84 44 5031.500
84 45 17605.800
84 46 6772.300
84 47 8953.700
84 48 12106.600
84 49 11639.100
84 50 14811.900
84 51 14330.600
84 52 13393.200
84 53 7528.400
84 54 5208.300
84 55 12733.100
84 56 19136.400
84 57 9112.500
84 58 9060.800
84 59 15272.700
84 60 9472.600
84 61 9907.900
84 62 2996.500
84 63 10056.000
84 64 4973.300
84 65 18215.700
84 66 16739.700
84 67 14357.700
84 68 17516.600
84 69 13716.800
84 70 6971.700
84 71 1444.900
84 72 12597.300
84 73 2843.300
84 74 11787.600
84 75 8186.800
84 76 11164.400
84 77 16019.500
84 78 1320.000
84 79 5831.700
84 80 11068.300
84 81 10891.000
84 82 12080.200
84 83 6600.900
84 84 0.000
84 85 10131.100
84 86 11237.100
84 87 3663.400
84 88 2974.500
84 89 16534.500
84 90 12392.900
84 91 3952.500
84 92 14011.100
84 93 9151.600
84 94 4126.000
84 95 11900.700
84 96 14133.600
84 97 4711.600
84 98 3816.100
84 99 3743.200
84 100 9615.600
85 0 8687.400
85 1 8056.500
85 2 3483.500
85 3 7726.000
85 4 3339.100
85 5 6960.600
85 6 5442.500
85 7 9321.400
85 8 9740.800
85 9 9489.900
85 10 10950.600
85 11 5775.700
85 12 9952.300
85 13 4322.400
85 14 12757.400
85 15 10684.200
85 16 10326.900
85 17 8453.500
85 18 12218.400
85 19 5629.600
85 20 8687.400
85 21 17164.000
85 22 7216.800
85 23 10764.700
85 24 8631.300
85 25 11968.200
85 26 8254.800
85 27 8556.900
85 28 9119.000
85 29 10457.400
85 30 5627.800
85 31 9278.400
85 32 13490.500
85 33 1360.800
85 34 6955.300
85 35 10345.900
85 36 12359.600
85 37 9818.200
85 38 9592.100
85 39 15909.300
85 40 13440.000
85 41 7353.400
85 42 6193.900
85 43 9667.300
85 44 8374.900
85 45 14721.600
85 46 8781.600
85 47 9280.500
85 48 11690.500
85 49 3997.500
85 50 13299.200
85 51 6071.600
85 52 3378.900
85 53 3541.500
85 54 12909.100
85 55 3249.500
85 56 17623.700
85 57 5325.600
85 58 5181.100
85 59 13760.000
85 60 8368.500
85 61 11076.400
85 62 7136.300
85 63 9197.400
85 64 13085.700
85 65 16703.000
85 66 13155.800
85 67 13354.000
85 68 16004.000
85 69 5827.800
85 70 12022.100
85 71 8763.400
85 72 4866.600
85 73 8373.900
85 74 10274.900
85 75 12970.900
85 76 5082.000
85 77 6005.200
85 78 10901.900
85 79 7042.700
85 80 9555.700
85 81 11469.500
85 82 2680.400
85 83 10983.000
85 84 9581.900
85 85 0.000
85 86 4478.800
85 87 7108.200
85 88 10675.300
85 89 15021.800
85 90 10880.200
85 91 6550.000
85 92 11175.500
85 93 3609.300
85 94 13117.100
85 95 10388.000
85 96 4119.300
85 97 13702.700
85 98 9526.100
85 99 8641.200
85 100 9401.200
86 0 4722.000
86 1 10019.300
86 2 4230.300
86 3 7398.500
86 4 1565.600
86 5 3791.200
86 6 1579.400
86 7 5261.500
86 8 7700.000
86 9 11642.400
86 10 6985.300
86 11 4368.900
86 12 12103.800
86 13 5043.400
86 14 8621.600
86 15 7207.500
86 16 6412.100
86 17 6322.500
86 18 12981.500
86 19 4620.900
86 20 4722.000
86 21 13083.700
86 22 9179.500
86 23 6628.900
86 24 5947.200
86 25 7832.300
86 26 7871.400
86 27 4298.200
86 28 5059.200
86 29 6189.500
86 30 6348.900
86 31 9601.400
86 32 9525.100
86 33 3639.500
86 34 4764.200
86 35 11109.000
86 36 10228.700
86 37 10001.500
86 38 9266.300
86 39 11829.000
86 40 9474.600
86 41 4860.400
86 42 6803.400
86 43 5531.500
86 44 7910.200
86 45 10641.300
86 46 6650.600
86 47 7449.400
86 48 7752.400
86 49 2458.800
86 50 9333.800
86 51 4781.200
86 52 4099.900
86 53 5504.300
86 54 13113.600
86 55 3943.200
86 56 13658.300
86 57 2236.100
86 58 7143.800
86 59 9794.600
86 60 4811.000
86 61 8070.600
86 62 9099.000
86 63 6967.200
86 64 12759.800
86 65 12737.600
86 66 9019.900
86 67 15316.700
86 68 12038.600
86 69 4167.400
86 70 11696.300
86 71 9526.600
86 72 2285.500
86 73 8706.900
86 74 6309.500
86 75 10840.000
86 76 1218.900
86 77 6726.200
86 78 11665.000
86 79 6054.800
86 80 5590.300
86 81 7575.900
86 82 3290.300
86 83 8852.000
86 84 10345.000
86 85 4436.900
86 86 0.000
86 87 9071.000
86 88 11438.400
86 89 11056.400
86 90 6914.800
86 91 8512.800
86 92 7039.600
86 93 5062.200
86 94 13880.200
86 95 6422.700
86 96 4416.400
86 97 14465.800
86 98 11488.900
86 99 8315.400
86 100 7104.700
87 0 8589.600
87 1 2490.000
87 2 10518.000
87 3 1914.500
87 4 8000.800
87 5 8263.900
87 6 8984.800
87 7 10669.100
87 8 5937.500
87 9 2985.600
87 10 10852.900
87 11 5332.900
87 12 3448.000
87 13 11356.800
87 14 12970.800
87 15 9570.900
87 16 10120.600
87 17 5565.500
87 18 5698.200
87 19 5186.800
87 20 8589.600
87 21 18504.600
87 22 1639.400
87 23 12056.900
87 24 8533.500
87 25 13260.300
87 26 1734.600
87 27 9726.200
87 28 8778.000
87 29 9897.900
87 30 12662.300
87 31 4307.700
87 32 13392.700
87 33 8576.700
87 34 5174.400
87 35 3825.700
87 36 6953.100
87 37 4703.500
87 38 3919.300
87 39 17250.000
87 40 13342.200
87 41 5922.200
87 42 4175.800
87 43 10959.500
87 44 3887.200
87 45 16062.300
87 46 6150.000
87 47 8331.300
87 48 11484.300
87 49 8659.200
87 50 13201.400
87 51 11103.400
87 52 10413.400
87 53 4548.500
87 54 6388.900
87 55 9753.300
87 56 17525.900
87 57 7568.900
87 58 6698.600
87 59 13662.200
87 60 8270.700
87 61 9285.600
87 62 632.000
87 63 9433.700
87 64 7412.900
87 65 16605.200
87 66 15196.200
87 67 13091.600
87 68 15906.200
87 69 10489.600
87 70 6349.300
87 71 2243.200
87 72 9528.300
87 73 1853.700
87 74 10177.100
87 75 7564.400
87 76 9620.900
87 77 13039.700
87 78 4381.700
87 79 4012.100
87 80 9457.900
87 81 10268.600
87 82 9100.400
87 83 5978.600
87 84 3061.700
87 85 7151.200
87 86 9140.600
87 87 0.000
87 88 4155.100
87 89 14924.000
87 90 10782.400
87 91 972.700
87 92 12467.600
87 93 6171.800
87 94 6596.900
87 95 10290.300
87 96 11153.800
87 97 7182.500
87 98 3021.800
87 99 3120.900
87 100 8993.200
88 0 9925.300
88 1 4262.100
88 2 13181.000
88 3 4278.000
88 4 10663.900
88 5 9501.100
88 6 10253.600
88 7 11937.900
88 8 6945.400
88 9 3235.200
88 10 12188.600
88 11 6908.700
88 12 3696.600
88 13 14019.900
88 14 14306.500
88 15 9918.500
88 16 10468.200
88 17 6901.200
88 18 2207.700
88 19 7849.800
88 20 9925.300
88 21 19773.400
88 22 4302.400
88 23 13325.700
88 24 9153.100
88 25 14529.100
88 26 3253.100
88 27 10995.000
88 28 9369.800
88 29 10245.600
88 30 15325.300
88 31 4655.300
88 32 14728.400
88 33 11239.700
88 34 6692.900
88 35 2701.800
88 36 6275.300
88 37 4025.600
88 38 3290.400
88 39 18518.800
88 40 14678.000
88 41 8147.800
88 42 5689.300
88 43 12228.300
88 44 4756.700
88 45 17331.100
88 46 6497.600
88 47 8679.000
88 48 11831.900
88 49 11322.200
88 50 14537.200
88 51 14055.900
88 52 13076.400
88 53 7211.600
88 54 2898.500
88 55 12416.300
88 56 18861.700
88 57 8837.700
88 58 10407.800
88 59 14998.000
88 60 9197.900
88 61 9633.200
88 62 2721.800
88 63 9781.300
88 64 2663.500
88 65 17940.900
88 66 16465.000
88 67 15704.700
88 68 17241.900
88 69 13442.000
88 70 5695.200
88 71 1589.700
88 72 12322.500
88 73 2568.600
88 74 11512.900
88 75 6886.600
88 76 10889.700
88 77 15702.700
88 78 3257.800
88 79 5530.600
88 80 10793.600
88 81 10616.200
88 82 11763.400
88 83 6326.200
88 84 1937.800
88 85 9814.200
88 86 10962.400
88 87 3385.100
88 88 0.000
88 89 16259.800
88 90 12118.200
88 91 3635.700
88 92 13736.400
88 93 8834.800
88 94 5473.000
88 95 11626.000
88 96 13816.800
88 97 4609.100
88 98 5163.100
88 99 3468.500
88 100 9340.900
89 0 8216.500
89 1 16750.200
89 2 14955.300
89 3 14006.200
89 4 12290.600
89 5 8998.800
89 6 11004.400
89 7 8942.000
89 8 11301.500
89 9 17292.900
89 10 7378.500
89 11 11301.200
89 12 17754.300
89 13 15768.400
89 14 7056.500
89 15 7605.400
89 16 6245.700
89 17 9872.900
89 18 18632.000
89 19 11973.300
89 20 8216.500
89 21 3801.900
89 22 16166.000
89 23 8503.100
89 24 8751.100
89 25 8145.100
89 26 13400.600
89 27 9318.700
89 28 7863.000
89 29 6091.900
89 30 17073.900
89 31 12797.000
89 32 3557.300
89 33 14364.500
89 34 10893.300
89 35 16759.500
89 36 13779.100
89 37 13822.800
89 38 13908.400
89 39 5140.700
89 40 3367.300
89 41 9417.900
89 42 13073.100
89 43 8971.400
89 44 12821.000
89 45 5789.900
89 46 10186.200
89 47 7849.700
89 48 5404.800
89 49 13183.900
89 50 4906.900
89 51 14113.800
89 52 14824.900
89 53 14399.700
89 54 18420.400
89 55 14668.200
89 56 2599.000
89 57 9589.600
89 58 17180.800
89 59 1767.600
89 60 7614.900
89 61 6957.400
89 62 14957.000
89 63 7669.000
89 64 18066.600
89 65 1678.300
89 66 8930.100
89 67 23573.800
89 68 3238.400
89 69 13500.000
89 70 15854.700
89 71 15177.000
89 72 13073.400
89 73 14357.400
89 74 7767.800
89 75 14390.300
89 76 11640.500
89 77 17451.200
89 78 17315.500
89 79 11164.800
89 80 7048.500
89 81 7478.800
89 82 14015.300
89 83 10866.200
89 84 15995.500
89 85 14879.000
89 86 11713.200
89 87 14889.700
89 88 17088.900
89 89 0.000
89 90 6689.500
89 91 15499.300
89 92 7565.900
89 93 15504.300
89 94 19530.700
89 95 4847.900
89 96 15141.500
89 97 20116.200
89 98 17260.700
89 99 13498.700
89 100 7363.100
90 0 2612.000
90 1 12641.400
90 2 11013.000
90 3 9897.400
90 4 8181.800
90 5 4890.000
90 6 6895.600
90 7 2941.000
90 8 7192.700
90 9 13184.100
90 10 1128.000
90 11 7192.400
90 12 13645.500
90 13 12819.300
90 14 2434.700
90 15 5614.400
90 16 3710.900
90 17 5764.100
90 18 14523.200
90 19 7864.500
90 20 2612.000
90 21 6399.100
90 22 12057.200
90 23 3678.200
90 24 4364.900
90 25 3320.100
90 26 9291.900
90 27 3317.800
90 28 3754.200
90 29 4100.900
90 30 14124.700
90 31 8688.200
90 32 3612.200
90 33 10255.700
90 34 6784.500
90 35 12650.700
90 36 9670.300
90 37 9714.000
90 38 9799.600
90 39 4820.400
90 40 4426.400
90 41 5309.100
90 42 8964.300
90 43 3192.100
90 44 8712.200
90 45 6275.500
90 46 6077.400
90 47 5858.800
90 48 3985.900
90 49 9352.900
90 50 2565.000
90 51 8334.500
90 52 11875.800
90 53 10290.900
90 54 14311.600
90 55 11719.100
90 56 7034.200
90 57 5480.800
90 58 13072.100
90 59 5661.200
90 60 3506.100
90 61 6477.500
90 62 10848.200
90 63 5445.000
90 64 13957.800
90 65 7624.300
90 66 4507.700
90 67 19465.100
90 68 5269.700
90 69 7720.700
90 70 11745.900
90 71 11068.200
90 72 8907.800
90 73 10248.600
90 74 2506.900
90 75 10281.600
90 76 7531.700
90 77 14502.100
90 78 13206.700
90 79 7056.000
90 80 1324.500
90 81 5982.800
90 82 10089.800
90 83 8293.600
90 84 11886.700
90 85 10770.200
90 86 7604.400
90 87 10780.900
90 88 12980.100
90 89 6923.000
90 90 0.000
90 91 11390.500
90 92 1625.000
90 93 11395.500
90 94 15421.900
90 95 2284.900
90 96 10195.600
90 97 16007.500
90 98 13151.900
90 99 9389.900
90 100 5372.200
91 0 9611.000
91 1 1506.500
91 2 10140.500
91 3 1865.800
91 4 7623.300
91 5 7886.400
91 6 8607.300
91 7 10291.600
91 8 7462.000
91 9 2949.000
91 10 11874.300
91 11 4955.400
91 12 3411.400
91 13 10979.400
91 14 13672.100
91 15 10435.100
91 16 10995.800
91 17 6417.800
91 18 5961.900
91 19 4809.300
91 20 9611.000
91 21 18127.100
91 22 1261.900
91 23 11679.400
91 24 9554.900
91 25 12882.800
91 26 2587.000
91 27 9348.700
91 28 9799.400
91 29 10773.100
91 30 12284.800
91 31 5172.000
91 32 14414.100
91 33 8199.200
91 34 6026.800
91 35 4089.300
91 36 7817.400
91 37 5567.700
91 38 4783.600
91 39 16872.500
91 40 14363.600
91 41 6533.000
91 42 4222.300
91 43 10582.000
91 44 4739.600
91 45 15684.800
91 46 7014.200
91 47 9195.600
91 48 12359.400
91 49 8281.700
91 50 14222.800
91 51 10725.900
91 52 10035.900
91 53 4171.000
91 54 6652.600
91 55 9375.800
91 56 19036.700
91 57 7191.500
91 58 6321.100
91 59 14683.600
91 60 9292.100
91 61 10149.800
91 62 1151.800
91 63 10308.900
91 64 8277.100
91 65 17626.600
91 66 14818.700
91 67 12714.100
91 68 16927.600
91 69 10112.100
91 70 7213.600
91 71 2506.900
91 72 9150.800
91 73 3085.200
91 74 11198.500
91 75 8428.700
91 76 9243.400
91 77 12662.200
91 78 4645.400
91 79 4864.500
91 80 10479.300
91 81 11132.800
91 82 8722.900
91 83 6842.800
91 84 3325.400
91 85 6773.700
91 86 8763.100
91 87 1475.200
91 88 4418.700
91 89 15945.400
91 90 11803.800
91 91 0.000
91 92 12090.100
91 93 5794.300
91 94 6860.500
91 95 11311.700
91 96 10776.300
91 97 7446.100
91 98 2985.300
91 99 3985.100
91 100 9857.500
92 0 4054.500
92 1 13153.700
92 2 9675.300
92 3 10501.100
92 4 8637.300
92 5 6332.500
92 6 6952.100
92 7 3347.400
92 8 8635.100
92 9 14745.100
92 10 2172.200
92 11 7471.600
92 12 15206.500
92 13 11481.600
92 14 2771.700
92 15 7056.900
92 16 5153.400
92 17 7206.600
92 18 16084.200
92 19 7920.900
92 20 4054.500
92 21 6961.300
92 22 12313.900
92 23 2340.500
92 24 5807.400
92 25 1982.400
92 26 10974.100
92 27 4119.900
92 28 5196.700
92 29 5543.400
92 30 12787.000
92 31 10130.700
92 32 4174.400
92 33 10021.100
92 34 7866.900
92 35 14211.700
92 36 11112.700
92 37 11156.500
92 38 12368.900
92 39 5382.600
92 40 4988.600
92 41 6751.600
92 42 9906.100
92 43 1854.400
92 44 10154.700
92 45 5260.000
92 46 7519.900
92 47 7301.200
92 48 5683.600
92 49 8015.200
92 50 3127.200
92 51 6996.800
92 52 10538.100
92 53 10547.600
92 54 16216.300
92 55 10381.400
92 56 7596.400
92 57 5536.200
92 58 13329.900
92 59 6522.400
92 60 4948.600
92 61 7920.000
92 62 12233.400
92 63 6887.500
92 64 15862.500
92 65 8186.500
92 66 3170.000
92 67 19722.900
92 68 5832.000
92 69 6383.000
92 70 13188.400
92 71 12629.200
92 72 7570.100
92 73 11809.600
92 74 3949.300
92 75 11724.000
92 76 6745.000
92 77 13164.400
92 78 14767.700
92 79 8498.500
92 80 2767.000
92 81 7425.300
92 82 8752.100
92 83 9736.100
92 84 13447.700
92 85 10950.600
92 86 7660.900
92 87 12205.400
92 88 14541.100
92 89 7844.700
92 90 1483.300
92 91 11647.200
92 92 0.000
92 93 11575.900
92 94 16982.900
92 95 4103.700
92 96 8857.900
92 97 17568.400
92 98 14623.300
92 99 11418.000
92 100 6814.600
93 0 9114.800
93 1 6740.000
93 2 6477.400
93 3 6409.500
93 4 3960.300
93 5 7390.100
93 6 6439.200
93 7 9795.400
93 8 8424.200
93 9 8173.300
93 10 11378.000
93 11 4459.200
93 12 8635.700
93 13 7316.300
93 14 13175.900
93 15 10855.400
93 16 10499.600
93 17 7136.900
93 18 10901.800
93 19 4313.000
93 20 9114.800
93 21 17630.900
93 22 5900.200
93 23 11183.200
93 24 9058.700
93 25 12386.600
93 26 6938.200
93 27 8852.500
93 28 9303.100
93 29 10276.900
93 30 8621.700
93 31 7961.900
93 32 13917.900
93 33 4536.100
93 34 5638.700
93 35 9029.300
93 36 11043.100
93 37 8501.600
93 38 8275.500
93 39 16376.300
93 40 13867.400
93 41 6036.800
93 42 4877.400
93 43 10085.800
93 44 7058.300
93 45 15188.500
93 46 7465.000
93 47 9451.800
93 48 11863.200
93 49 4618.600
93 50 13726.600
93 51 7062.800
93 52 6372.800
93 53 2444.800
93 54 11592.600
93 55 5712.700
93 56 18540.500
93 57 6695.200
93 58 4841.500
93 59 14187.400
93 60 8795.900
93 61 11261.300
93 62 5819.700
93 63 9812.600
93 64 11769.100
93 65 17130.400
93 66 14322.500
93 67 13292.800
93 68 16431.300
93 69 6449.000
93 70 10705.500
93 71 7446.900
93 72 5487.700
93 73 7057.300
93 74 10702.300
93 75 11654.400
93 76 6078.700
93 77 8999.100
93 78 9585.300
93 79 5726.100
93 80 9983.000
93 81 12244.400
93 82 5059.800
93 83 9666.400
93 84 8265.300
93 85 3598.700
93 86 5100.000
93 87 5791.700
93 88 9358.700
93 89 15449.200
93 90 11307.600
93 91 5233.500
93 92 11593.900
93 93 0.000
93 94 11800.500
93 95 10815.400
93 96 7113.200
93 97 12386.100
93 98 8209.600
93 99 7324.600
93 100 9828.600
94 0 13161.600
94 1 7498.400
94 2 16459.400
94 3 7540.700
94 4 13942.200
94 5 12737.300
94 6 13489.800
94 7 15174.100
94 8 10181.600
94 9 3487.600
94 10 15424.800
94 11 10144.900
94 12 5311.100
94 13 17298.200
94 14 17542.800
94 15 13154.800
94 16 13704.500
94 17 10137.400
94 18 2387.300
94 19 11128.100
94 20 13161.600
94 21 23009.600
94 22 7580.800
94 23 16561.900
94 24 12389.300
94 25 17765.400
94 26 6515.700
94 27 14231.300
94 28 12606.000
94 29 13481.800
94 30 18603.700
94 31 7891.600
94 32 17964.700
94 33 14518.000
94 34 9955.600
94 35 3168.000
94 36 10537.000
94 37 8287.300
94 38 7503.200
94 39 21755.000
94 40 17914.200
94 41 11384.000
94 42 8925.500
94 43 15464.500
94 44 7993.000
94 45 20567.300
94 46 9733.800
94 47 11915.200
94 48 15068.100
94 49 14600.600
94 50 17773.400
94 51 17292.100
94 52 16354.700
94 53 10489.900
94 54 3797.700
94 55 15694.700
94 56 22097.900
94 57 12074.000
94 58 9779.100
94 59 18234.200
94 60 12434.100
94 61 12869.400
94 62 5958.000
94 63 13017.600
94 64 5844.100
94 65 21177.200
94 66 19701.300
94 67 15076.000
94 68 20478.200
94 69 16678.300
94 70 7701.300
94 71 4406.400
94 72 15558.800
94 73 5804.800
94 74 14749.100
94 75 11148.300
94 76 14125.900
94 77 18981.000
94 78 2612.000
94 79 8793.200
94 80 14029.900
94 81 13852.500
94 82 15041.700
94 83 9562.500
94 84 4842.600
94 85 13092.600
94 86 14198.600
94 87 6624.900
94 88 5936.000
94 89 19496.000
94 90 15354.400
94 91 6914.000
94 92 16972.600
94 93 12113.100
94 94 0.000
94 95 14862.200
94 96 17095.100
94 97 1287.700
94 98 6777.600
94 99 6704.700
94 100 12577.100
95 0 3364.800
95 1 11898.600
95 2 10103.600
95 3 9154.600
95 4 7438.900
95 5 4147.100
95 6 6152.800
95 7 4910.000
95 8 6449.800
95 9 12441.200
95 10 3659.400
95 11 6449.600
95 12 12902.600
95 13 10916.700
95 14 3469.900
95 15 4251.000
95 16 1953.900
95 17 5021.200
95 18 13780.300
95 19 7121.600
95 20 3364.800
95 21 7534.700
95 22 11314.300
95 23 4916.500
95 24 3899.400
95 25 4558.400
95 26 8549.000
95 27 5726.200
95 28 3011.400
95 29 2436.400
95 30 12222.200
95 31 7945.300
95 32 3891.800
95 33 9512.800
95 34 6041.700
95 35 11907.800
95 36 8927.400
95 37 8971.100
95 38 9056.700
95 39 5956.000
95 40 3841.400
95 41 4566.200
95 42 8221.400
95 43 5384.800
95 44 7969.400
95 45 7411.100
95 46 5334.500
95 47 4495.300
95 48 2490.400
95 49 8332.200
95 50 3700.600
95 51 9939.100
95 52 9973.300
95 53 9548.000
95 54 13568.700
95 55 9816.600
95 56 8029.400
95 57 4737.900
95 58 12329.200
95 59 4165.700
95 60 2763.200
95 61 5114.100
95 62 10105.300
95 63 4919.400
95 64 13214.900
95 65 7108.700
95 66 5746.000
95 67 18722.200
95 68 6405.300
95 69 9325.200
95 70 11003.000
95 71 10325.300
95 72 8221.700
95 73 9505.700
95 74 2919.900
95 75 9538.700
95 76 6788.900
95 77 12599.500
95 78 12463.800
95 79 6313.100
95 80 2200.600
95 81 4619.400
95 82 9163.600
95 83 7550.700
95 84 11143.800
95 85 10027.400
95 86 6861.600
95 87 10038.000
95 88 12237.200
95 89 5427.500
95 90 2400.600
95 91 10647.600
95 92 3846.800
95 93 10652.600
95 94 14679.000
95 95 0.000
95 96 10289.800
95 97 15264.600
95 98 12409.100
95 99 8647.000
95 100 4008.700
96 0 9112.500
96 1 11953.500
96 2 863.700
96 3 11623.100
96 4 4182.100
96 5 8181.600
96 6 5969.900
96 7 7902.700
96 8 12090.500
96 9 13386.900
96 10 8466.300
96 11 9672.800
96 12 13849.300
96 13 2670.000
96 14 10720.400
96 15 11598.000
96 16 10802.600
96 17 10713.000
96 18 16115.400
96 19 9027.600
96 20 9112.500
96 21 15189.100
96 22 11113.800
96 23 8727.700
96 24 10337.700
96 25 9931.100
96 26 12151.800
96 27 6519.800
96 28 9449.600
96 29 10580.000
96 30 3975.400
96 31 13175.500
96 32 13165.200
96 33 2465.300
96 34 9938.000
96 35 14242.900
96 36 14619.200
96 37 13715.200
96 38 13656.700
96 39 13934.500
96 40 13979.500
96 41 10034.200
96 42 10091.000
96 43 7630.300
96 44 12271.900
96 45 12746.800
96 46 11041.100
96 47 12623.200
96 48 12142.900
96 49 2292.700
96 50 12118.100
96 51 1952.300
96 52 1726.500
96 53 7438.500
96 54 16806.200
96 55 1569.800
96 56 16098.700
96 57 6626.600
96 58 9261.400
96 59 14185.100
96 60 9201.500
96 61 12461.100
96 62 11033.300
96 63 11357.700
96 64 17150.300
96 65 17287.800
96 66 11118.700
96 67 14030.700
96 68 14822.800
96 69 2935.400
96 70 16086.700
96 71 12660.500
96 72 3696.800
96 73 13097.400
96 74 10700.000
96 75 15230.500
96 76 5599.900
96 77 4352.800
96 78 14798.900
96 79 10939.700
96 80 9980.700
96 81 11966.400
96 82 1126.200
96 83 13242.500
96 84 13478.900
96 85 4014.800
96 86 4630.700
96 87 11005.300
96 88 14572.300
96 89 15446.900
96 90 10466.000
96 91 10447.100
96 92 9138.400
96 93 6996.400
96 94 17014.100
96 95 10813.100
96 96 0.000
96 97 17599.700
96 98 13423.200
96 99 12705.800
96 100 11495.200
97 0 13792.000
97 1 8128.800
97 2 17089.800
97 3 8171.100
97 4 14572.600
97 5 13367.800
97 6 14120.300
97 7 15804.600
97 8 10812.100
97 9 4118.000
97 10 16055.300
97 11 10775.400
97 12 5941.600
97 13 17928.600
97 14 18173.200
97 15 13785.200
97 16 14334.900
97 17 10767.900
97 18 2458.300
97 19 11758.600
97 20 13792.000
97 21 23640.100
97 22 8211.200
97 23 17192.300
97 24 13019.800
97 25 18395.800
97 26 7146.200
97 27 14861.700
97 28 13236.500
97 29 14112.300
97 30 19234.100
97 31 8522.000
97 32 18595.100
97 33 15148.500
97 34 10586.000
97 35 3238.900
97 36 11167.400
97 37 8917.800
97 38 8133.700
97 39 22385.400
97 40 18544.700
97 41 12014.400
97 42 9556.000
97 43 16094.900
97 44 8623.400
97 45 21197.700
97 46 10364.300
97 47 12545.600
97 48 15698.600
97 49 15231.000
97 50 18403.800
97 51 17922.500
97 52 16985.200
97 53 11120.300
97 54 3868.600
97 55 16325.100
97 56 22728.400
97 57 12704.400
97 58 10409.500
97 59 18864.700
97 60 13064.600
97 61 13499.900
97 62 6588.400
97 63 13648.000
97 64 5915.100
97 65 21807.600
97 66 20331.700
97 67 15706.400
97 68 21108.600
97 69 17308.700
97 70 7772.300
97 71 5036.900
97 72 16189.200
97 73 6435.300
97 74 15379.600
97 75 11778.700
97 76 14756.400
97 77 19611.500
97 78 2682.900
97 79 9423.700
97 80 14660.300
97 81 14482.900
97 82 15672.200
97 83 10192.900
97 84 5473.100
97 85 13723.000
97 86 14829.100
97 87 7255.400
97 88 4666.000
97 89 20126.500
97 90 15984.800
97 91 7544.500
97 92 17603.100
97 93 12743.600
97 94 1290.800
97 95 15492.700
97 96 17725.600
97 97 0.000
97 98 7408.100
97 99 7335.200
97 100 13207.600
98 0 10962.700
98 1 3872.000
98 2 12829.800
98 3 4345.800
98 4 10312.600
98 5 10575.600
98 6 11296.600
98 7 12980.900
98 8 8982.700
98 9 3157.600
98 10 13225.900
98 11 7644.600
98 12 3079.000
98 13 13668.600
98 14 15343.800
98 15 11955.900
98 16 12505.600
98 17 7938.500
98 18 6489.900
98 19 7498.500
98 20 10962.700
98 21 20816.400
98 22 3951.200
98 23 14368.600
98 24 11190.400
98 25 15572.100
98 26 4107.700
98 27 12038.000
98 28 11407.100
98 29 12282.900
98 30 14974.100
98 31 6692.700
98 32 15765.800
98 33 10888.400
98 34 7547.500
98 35 4617.400
98 36 9338.100
98 37 7088.400
98 38 6304.300
98 39 19561.700
98 40 15715.300
98 41 9222.300
98 42 6548.900
98 43 13271.200
98 44 6260.300
98 45 18374.000
98 46 8534.900
98 47 10716.300
98 48 13869.200
98 49 10971.000
98 50 15574.500
98 51 13415.100
98 52 12725.100
98 53 6860.300
98 54 7180.700
98 55 12065.100
98 56 19899.000
98 57 9880.700
98 58 8112.200
98 59 16035.300
98 60 10643.800
98 61 11670.500
98 62 2672.500
98 63 11818.600
98 64 6945.700
98 65 18978.300
98 66 17508.000
98 67 15403.300
98 68 18279.300
98 69 12801.300
98 70 8734.300
98 71 3417.300
98 72 11840.100
98 73 4605.900
98 74 12550.200
98 75 9949.400
98 76 11932.700
98 77 15351.400
98 78 5173.400
98 79 6385.200
98 80 11831.000
98 81 12653.600
98 82 11412.100
98 83 8363.500
98 84 3853.500
98 85 9463.000
98 86 11452.300
98 87 3019.300
98 88 4946.800
98 89 17297.100
98 90 13155.500
98 91 3284.400
98 92 14779.400
98 93 8483.600
98 94 7388.600
98 95 12663.300
98 96 13465.500
98 97 7974.200
98 98 0.000
98 99 5505.800
98 100 11378.200
99 0 6556.000
99 1 5756.600
99 2 13263.500
99 3 2964.000
99 4 9725.000
99 5 5939.600
99 6 8438.800
99 7 8399.800
99 8 3576.100
99 9 4735.200
99 10 8819.300
99 11 5093.900
99 12 5196.600
99 13 13202.800
99 14 10937.200
99 15 6549.200
99 16 7098.900
99 17 3531.900
99 18 6074.300
99 19 6779.400
99 20 6556.000
99 21 15002.000
99 22 4963.400
99 23 11510.900
99 24 5783.800
99 25 12025.700
99 26 2251.400
99 27 9180.200
99 28 6000.500
99 29 6876.300
99 30 14508.300
99 31 1286.000
99 32 11359.100
99 33 11798.900
99 34 3866.500
99 35 4201.800
99 36 3931.400
99 37 1681.800
99 38 1767.400
99 39 13423.300
99 40 11308.700
99 41 4372.600
99 42 3874.500
99 43 10413.500
99 44 1387.400
99 45 15516.300
99 46 3128.300
99 47 5309.700
99 48 8462.600
99 49 10618.300
99 50 11167.900
99 51 12241.100
99 52 12259.300
99 53 6557.300
99 54 6206.400
99 55 12102.600
99 56 15492.400
99 57 7023.000
99 58 8707.400
99 59 11628.700
99 60 5828.600
99 61 6263.900
99 62 3669.200
99 63 6412.000
99 64 5852.600
99 65 14571.600
99 66 14650.300
99 67 15100.400
99 68 13872.600
99 69 11627.300
99 70 4789.000
99 71 2619.300
99 72 10507.800
99 73 1799.700
99 74 8143.600
99 75 4542.700
99 76 9074.900
99 77 14885.600
99 78 4757.800
99 79 2462.500
99 80 7424.300
99 81 7246.900
99 82 11449.700
99 83 2956.900
99 84 3437.800
99 85 9160.000
99 86 9147.600
99 87 4007.500
99 88 4531.200
99 89 12890.500
99 90 8748.900
99 91 4296.600
99 92 10373.800
99 93 8180.600
99 94 6973.000
99 95 8256.700
99 96 12575.900
99 97 7558.500
99 98 6267.200
99 99 0.000
99 100 5971.600
100 0 3606.100
100 1 11065.800
100 2 10643.400
100 3 8071.100
100 4 7978.700
100 5 3833.400
100 6 6692.600
100 7 5449.900
100 8 5355.900
100 9 10044.400
100 10 5454.300
100 11 5366.100
100 12 10505.800
100 13 11456.500
100 14 6528.700
100 15 1825.100
100 16 2461.900
100 17 4017.000
100 18 11383.500
100 19 6340.000
100 20 3606.100
100 21 10593.500
100 22 10230.900
100 23 7975.300
100 24 903.600
100 25 7617.200
100 26 7465.500
100 27 6266.000
100 28 1918.800
100 29 1774.900
100 30 12762.000
100 31 5027.700
100 32 6919.900
100 33 10052.700
100 34 4958.200
100 35 9511.000
100 36 5664.800
100 37 6310.300
100 38 6395.900
100 39 9014.800
100 40 6869.400
100 41 3562.000
100 42 7138.000
100 43 8443.600
100 44 5572.500
100 45 10469.900
100 46 2954.200
100 47 755.500
100 48 3310.500
100 49 8872.000
100 50 6759.400
100 51 10478.900
100 52 10513.100
100 53 8464.600
100 54 10616.800
100 55 10356.400
100 56 10003.300
100 57 5277.700
100 58 11245.700
100 59 7193.700
100 60 2342.800
100 61 2303.500
100 62 8978.400
100 63 758.200
100 64 10263.000
100 65 9082.600
100 66 8804.800
100 67 17638.700
100 68 9464.100
100 69 9865.100
100 70 8051.100
100 71 7928.500
100 72 8761.500
100 73 7108.900
100 74 4938.000
100 75 6276.100
100 76 7328.700
100 77 13139.400
100 78 10067.000
100 79 5229.700
100 80 4059.300
100 81 2787.000
100 82 9703.500
100 83 4282.300
100 84 8747.000
100 85 9245.700
100 86 7401.400
100 87 9316.700
100 88 9840.400
100 89 7401.400
100 90 5383.900
100 91 9564.200
100 92 6905.600
100 93 9871.000
100 94 12282.200
100 95 3760.900
100 96 10829.600
100 97 12867.700
100 98 11576.300
100 99 6250.200
100 100 0.000
