# i j distance_m; Euclidean drone distance; depot 0 + customers 1..100
0 0 0.000
0 1 4654.936
0 2 6048.144
0 3 5732.927
0 4 1962.035
0 5 4270.497
0 6 2760.826
0 7 5245.466
0 8 1460.823
0 9 5893.431
0 10 5790.903
0 11 5164.805
0 12 4946.861
0 13 4123.204
0 14 5195.931
0 15 1071.006
0 16 951.400
0 17 1417.678
0 18 1698.539
0 19 3450.353
0 20 3032.156
0 21 4889.386
0 22 215.793
0 23 5676.211
0 24 2637.778
0 25 4612.313
0 26 3054.698
0 27 3193.146
0 28 4874.219
0 29 1012.835
0 30 4088.831
0 31 4481.571
0 32 4976.557
0 33 3222.200
0 34 1622.729
0 35 4529.683
0 36 2184.734
0 37 2409.288
0 38 851.543
0 39 2579.598
0 40 6014.995
0 41 4617.200
0 42 3202.281
0 43 6190.731
0 44 3439.490
0 45 3568.889
0 46 4332.149
0 47 3765.560
0 48 4996.383
0 49 2116.499
0 50 5287.944
0 51 2419.855
0 52 5203.327
0 53 2138.064
0 54 5723.148
0 55 5707.291
0 56 4125.758
0 57 1353.332
0 58 2691.178
0 59 5360.358
0 60 6616.518
0 61 3004.814
0 62 3338.581
0 63 6355.026
0 64 4548.605
0 65 1046.592
0 66 2077.227
0 67 3629.486
0 68 3470.727
0 69 1330.886
0 70 4685.667
0 71 1682.764
0 72 2894.039
0 73 3157.850
0 74 4519.406
0 75 4949.049
0 76 2393.967
0 77 561.673
0 78 5357.169
0 79 3849.077
0 80 2587.196
0 81 3421.236
0 82 4865.389
0 83 2200.232
0 84 3282.156
0 85 2201.783
0 86 2147.126
0 87 2764.875
0 88 4782.079
0 89 2886.404
0 90 4281.319
0 91 3082.726
0 92 3789.298
0 93 3904.511
0 94 3493.258
0 95 1604.374
0 96 5033.437
0 97 4763.834
0 98 4423.653
0 99 2061.572
0 100 3898.628
1 0 4654.936
1 1 0.000
1 2 10493.192
1 3 2681.359
1 4 5631.327
1 5 8755.716
1 6 2789.115
1 7 8446.519
1 8 4137.615
1 9 7995.395
1 10 10339.511
1 11 9818.897
1 12 9572.476
1 13 8773.918
1 14 1378.447
1 15 3732.651
1 16 5029.334
1 17 5501.551
1 18 5823.998
1 19 8004.121
1 20 7368.846
1 21 9348.095
1 22 4737.195
1 23 2039.611
1 24 3481.251
1 25 1505.409
1 26 7589.655
1 27 5817.272
1 28 2964.787
1 29 5628.611
1 30 3865.700
1 31 6997.104
1 32 7690.167
1 33 6273.275
1 34 3386.026
1 35 665.754
1 36 2559.956
1 37 7055.580
1 38 4190.268
1 39 6617.782
1 40 1564.727
1 41 6105.359
1 42 3025.119
1 43 2013.229
1 44 2214.710
1 45 7917.612
1 46 2950.133
1 47 6208.384
1 48 5090.985
1 49 6736.022
1 50 886.651
1 51 6830.548
1 52 9451.674
1 53 3383.086
1 54 8636.250
1 55 1110.148
1 56 8752.641
1 57 5979.147
1 58 2734.565
1 59 2183.776
1 60 11107.014
1 61 7655.331
1 62 1317.602
1 63 2668.722
1 64 7622.654
1 65 4994.777
1 66 4092.920
1 67 1163.268
1 68 8069.533
1 69 4410.535
1 70 8842.935
1 71 6257.200
1 72 4511.719
1 73 3089.180
1 74 9034.713
1 75 819.304
1 76 3809.354
1 77 4164.323
1 78 6709.702
1 79 8370.935
1 80 5513.657
1 81 4268.476
1 82 8772.062
1 83 2882.616
1 84 3518.941
1 85 6667.809
1 86 5483.123
1 87 4152.769
1 88 6696.824
1 89 6933.604
1 90 4427.346
1 91 1742.405
1 92 8441.328
1 93 1552.602
1 94 7416.128
1 95 3108.595
1 96 3799.534
1 97 2015.786
1 98 8132.206
1 99 6157.193
1 100 8036.317
2 0 6048.144
2 1 10493.192
2 2 0.000
2 3 11771.733
2 4 4931.475
2 5 4301.449
2 6 7926.080
2 7 7720.419
2 8 6380.820
2 9 9477.236
2 10 715.417
2 11 2257.683
2 12 1726.829
2 13 2554.990
2 14 11216.042
2 15 6787.039
2 16 6204.547
2 17 4991.651
2 18 5891.312
2 19 4136.401
2 20 3124.646
2 21 4422.649
2 22 5899.969
2 23 11719.926
2 24 8514.370
2 25 10653.298
2 26 2998.118
2 27 7708.839
2 28 10850.461
2 29 5040.526
2 30 9825.119
2 31 8297.173
2 32 8288.384
2 33 4847.233
2 34 7655.474
2 35 10198.910
2 36 8204.220
2 37 3808.824
2 38 6802.303
2 39 3927.115
2 40 11966.113
2 41 9289.731
2 42 8021.476
2 43 12201.142
2 44 9482.752
2 45 4929.327
2 46 10291.790
2 47 8076.261
2 48 10364.046
2 49 4498.596
2 50 10948.952
2 51 5055.935
2 52 1303.321
2 53 7219.018
2 54 8376.931
2 55 11594.383
2 56 3365.835
2 57 5024.270
2 58 8719.975
2 59 11408.113
2 60 659.166
2 61 3351.154
2 62 9227.384
2 63 12402.571
2 64 7637.100
2 65 5500.483
2 66 7780.953
2 67 9597.244
2 68 2682.463
2 69 7004.317
2 70 1923.053
2 71 4367.102
2 72 6619.881
2 73 9100.015
2 74 1551.600
2 75 10918.449
2 76 6966.330
2 77 6421.250
2 78 9837.623
2 79 2209.418
2 80 7278.939
2 81 8977.710
2 82 2450.505
2 83 8243.652
2 84 7725.699
2 85 3865.179
2 86 6826.049
2 87 8376.995
2 88 9033.920
2 89 5774.716
2 90 9831.143
2 91 9089.429
2 92 3118.345
2 93 9945.064
2 94 6001.318
2 95 7413.221
2 96 10860.135
2 97 10810.733
2 98 3122.680
2 99 4346.745
2 100 2598.371
3 0 5732.927
3 1 2681.359
3 2 11771.733
3 3 0.000
3 4 7297.450
3 5 9090.942
3 6 4998.572
3 7 7736.258
3 8 5868.075
3 9 6702.275
3 10 11470.480
3 11 10619.439
3 12 10541.201
3 13 9647.730
3 14 1319.710
3 15 5185.006
3 16 5652.557
3 17 6969.686
3 18 6224.069
3 19 8505.343
3 20 8752.787
3 21 9603.235
3 22 5896.711
3 23 769.739
3 24 3384.238
3 25 1370.667
3 26 8773.616
3 27 5325.135
3 28 1172.933
3 29 6733.001
3 30 2630.940
3 31 6120.376
3 32 6795.568
3 33 8232.246
3 34 4116.651
3 35 3344.513
3 36 3672.726
3 37 8023.159
3 38 4973.651
3 39 8177.222
3 40 1969.636
3 41 4870.564
3 42 5402.148
3 43 1479.812
3 44 2294.154
3 45 8160.220
3 46 1677.209
3 47 5488.064
3 48 3394.218
3 49 7476.417
3 50 3310.906
3 51 7270.560
3 52 10923.298
3 53 5370.864
3 54 7720.548
3 55 2335.963
3 56 9371.777
3 57 6812.248
3 58 3052.284
3 59 511.005
3 60 12322.514
3 61 8572.570
3 62 3130.922
3 63 863.833
3 64 6957.684
3 65 6461.162
3 66 4175.486
3 67 2625.361
3 68 9140.397
3 69 4859.236
3 70 10378.704
3 71 7406.623
3 72 6704.585
3 73 2769.903
3 74 10230.845
3 75 1871.229
3 76 5903.823
3 77 5429.417
3 78 5246.976
3 79 9564.322
3 80 5304.877
3 81 3476.780
3 82 10465.032
3 83 3532.712
3 84 5901.839
3 85 7934.221
3 86 5518.470
3 87 3794.787
3 88 5546.408
3 89 7045.515
3 90 3072.981
3 91 2900.398
3 92 9200.816
3 93 1978.006
3 94 7354.871
3 95 4621.646
3 96 1861.590
3 97 1002.460
3 98 9913.924
3 99 7664.071
3 100 9574.379
4 0 1962.035
4 1 5631.327
4 2 4931.475
4 3 7297.450
4 4 0.000
4 5 4779.302
4 6 2994.669
4 7 6741.874
4 8 1497.273
4 9 7684.860
4 10 4892.501
4 11 4811.883
4 12 4355.955
4 13 3798.599
4 14 6514.203
4 15 2114.281
4 16 2776.383
4 17 618.863
4 18 3232.394
4 19 3924.546
4 20 1858.729
4 21 5377.221
4 22 1746.311
4 23 7089.876
4 24 4514.004
4 25 6032.640
4 26 2322.246
4 27 5052.233
4 28 6592.510
4 29 1568.178
4 30 5984.222
4 31 6260.955
4 32 6668.378
4 33 1284.997
4 34 3387.652
4 35 5287.590
4 36 3626.978
4 37 2353.582
4 38 2785.129
4 39 1004.698
4 40 7154.422
4 41 6548.138
4 42 3119.112
4 43 7461.278
4 44 5047.958
4 45 4411.136
4 46 6084.679
4 47 5612.790
4 48 6949.012
4 49 2700.448
4 50 6029.507
4 51 3418.701
4 52 3826.107
4 53 2292.366
4 54 7299.239
4 55 6741.157
4 56 4228.674
4 57 2257.903
4 58 4393.206
4 59 6864.041
4 60 5570.827
4 61 2849.357
4 62 4429.074
4 63 7797.441
4 64 6154.378
4 65 931.401
4 66 4027.659
4 67 4857.501
4 68 2896.477
4 69 3292.787
4 70 3211.796
4 71 1545.520
4 72 1908.064
4 73 4966.777
4 74 3593.435
4 75 6143.759
4 76 2052.477
4 77 1968.305
4 78 7278.434
4 79 2985.521
4 80 4446.171
4 81 5369.274
4 82 3184.182
4 83 3875.425
4 84 2889.359
4 85 1484.319
4 86 3962.506
4 87 4715.345
4 88 6657.815
4 89 4181.183
4 90 6218.775
4 91 4429.366
4 92 3729.723
4 93 5344.410
4 94 4778.762
4 95 2686.884
4 96 6870.238
4 97 6296.562
4 98 2617.509
4 99 666.140
4 100 2407.199
5 0 4270.497
5 1 8755.716
5 2 4301.449
5 3 9090.942
5 4 4779.302
5 5 0.000
5 6 7001.670
5 7 3426.454
5 8 5493.698
5 9 5252.038
5 10 3641.592
5 11 2141.220
5 12 2575.225
5 13 1891.065
5 14 8976.434
5 15 5338.728
5 16 3726.592
5 17 4319.394
5 18 2953.578
5 19 864.349
5 20 3612.970
5 21 622.859
5 22 4280.526
5 23 9294.197
5 24 5730.502
5 25 8318.601
5 26 2918.703
5 27 4047.961
5 28 7981.653
5 29 3555.064
5 30 6659.819
5 31 4223.757
5 32 4080.351
5 33 5709.543
5 34 5382.620
5 35 8732.399
5 36 6195.854
5 37 2436.757
5 38 4568.004
5 39 4265.036
5 40 9927.276
5 41 5431.705
5 42 7384.711
5 43 9957.850
5 44 7019.940
5 45 942.665
5 46 7430.700
5 47 4231.839
5 48 6797.613
5 49 2213.815
5 50 9475.114
5 51 1925.190
5 52 4486.427
5 53 6325.574
5 54 4079.969
5 55 9720.985
5 56 977.438
5 57 2940.840
5 58 6254.730
5 59 8866.338
5 60 4497.010
5 61 2067.941
5 62 7455.540
5 63 9875.865
5 64 3438.937
5 65 4560.730
5 66 4943.689
5 67 7631.448
5 68 2511.782
5 69 4391.816
5 70 4491.048
5 71 3252.643
5 72 6604.579
5 73 6338.091
5 74 3188.792
5 75 8874.410
5 76 6423.194
5 77 4830.280
5 78 5842.428
5 79 2988.206
5 80 3848.403
5 81 5744.473
5 82 5142.358
5 83 5935.343
5 84 7354.063
5 85 3366.172
5 86 3573.972
5 87 5307.265
5 88 5027.489
5 89 2070.042
5 90 6472.494
5 91 7044.451
5 92 1437.229
5 93 7664.622
5 94 1968.587
5 95 5857.676
5 96 7708.065
5 97 8284.715
5 98 5306.704
5 99 4189.874
5 100 4257.272
6 0 2760.826
6 1 2789.115
6 2 7926.080
6 3 4998.572
6 4 2994.669
6 5 7001.670
6 6 0.000
6 7 7762.934
6 8 1610.602
6 9 7983.252
6 10 7865.191
6 11 7599.138
6 12 7235.064
6 13 6547.251
6 14 3926.907
6 15 1699.912
6 16 3551.620
6 17 3031.534
6 18 4392.270
6 19 6159.716
6 20 4831.409
6 21 7623.895
6 22 2724.157
6 23 4578.438
6 24 3505.462
6 25 3629.308
6 26 5186.107
6 27 5331.778
6 28 4678.304
6 29 3490.330
6 30 4737.029
6 31 6680.119
6 32 7290.920
6 33 3490.692
6 34 2543.527
6 35 2339.972
6 36 1976.512
6 37 4872.529
6 38 2826.054
6 39 3999.284
6 40 4353.587
6 41 6319.455
6 42 572.038
6 43 4762.656
6 44 3152.464
6 45 6329.159
6 46 4326.552
6 47 5872.486
6 48 5985.292
6 49 4800.611
6 50 3056.681
6 51 5180.342
6 52 6801.680
6 53 725.981
6 54 8148.271
6 55 3881.377
6 56 6742.023
6 57 4060.849
6 58 2904.759
6 59 4501.309
6 60 8564.021
6 61 5465.534
6 62 1867.702
6 63 5279.586
6 64 6992.057
6 65 2592.139
6 66 3587.620
6 67 2373.772
6 68 5725.851
6 69 3350.014
6 70 6172.849
6 71 3990.892
6 72 1739.973
6 73 3594.457
6 74 6557.011
6 75 3451.118
6 76 1026.310
6 77 2202.734
6 78 7054.329
6 79 5920.903
6 80 4808.146
6 81 4571.591
6 82 6037.561
6 83 2545.646
6 84 977.527
6 85 4261.417
6 86 4525.814
6 87 4081.332
6 88 6715.373
6 89 5601.816
6 90 5190.714
6 91 2235.518
6 92 6330.201
6 93 3074.855
6 94 6191.776
6 95 1380.251
6 96 5265.868
6 97 4040.329
6 98 5375.773
6 99 3600.102
6 100 5382.430
7 0 5245.466
7 1 8446.519
7 2 7720.419
7 3 7736.258
7 4 6741.874
7 5 3426.454
7 6 7762.934
7 7 0.000
7 8 6705.250
7 9 1955.687
7 10 7067.736
7 11 5556.878
7 12 5993.983
7 13 5226.716
7 14 8124.561
7 15 6144.299
7 16 4308.665
7 17 6135.082
7 18 3580.008
7 19 3699.129
7 20 6365.812
7 21 3460.074
7 22 5391.776
7 23 8198.022
7 24 4965.516
7 25 7467.961
7 26 5773.729
7 27 2629.684
7 28 6566.542
7 29 5177.971
7 30 5109.338
7 31 1627.150
7 32 1021.825
7 33 7961.147
7 34 5358.448
7 35 8682.914
7 36 6178.867
7 37 4925.314
7 38 4940.028
7 39 6685.905
7 40 9155.545
7 41 2995.405
7 42 8290.711
7 43 8973.022
7 44 6284.293
7 45 2877.586
7 46 6124.694
7 47 2284.128
7 48 4609.641
7 49 4222.561
7 50 9307.417
7 51 3412.154
7 52 7770.597
7 53 7281.729
7 54 659.209
7 55 9139.858
7 56 4358.253
7 57 4486.056
7 58 5717.344
7 59 7700.533
7 60 7920.560
7 61 4922.042
7 62 7355.224
7 63 8598.040
7 64 823.881
7 65 6085.120
7 66 4414.334
7 67 7299.916
7 68 5580.774
7 69 4420.932
7 70 7648.732
7 71 5331.182
7 72 8129.579
7 73 5414.303
7 74 6495.331
7 75 8241.463
7 76 7622.019
7 77 5711.479
7 78 3025.785
7 79 6139.439
7 80 3011.026
7 81 4340.078
7 82 8222.111
7 83 5676.613
7 84 8467.086
7 85 5756.646
7 86 3237.248
7 87 4301.037
7 88 2349.397
7 89 2576.083
7 90 4678.429
7 91 6761.611
7 92 4689.542
7 93 6993.902
7 94 2021.641
7 95 6387.920
7 96 5972.414
7 97 7226.326
7 98 8203.455
7 99 6378.082
7 100 7216.402
8 0 1460.823
8 1 4137.615
8 2 6380.820
8 3 5868.075
8 4 1497.273
8 5 5493.698
8 6 1610.602
8 7 6705.250
8 8 0.000
8 9 7271.986
8 10 6282.138
8 11 5989.664
8 12 5626.678
8 13 4938.725
8 14 5029.954
8 15 820.568
8 16 2400.544
8 17 1426.195
8 18 3153.690
8 19 4637.026
8 20 3262.138
8 21 6116.012
8 22 1334.362
8 23 5618.947
8 24 3393.523
8 25 4571.240
8 26 3580.511
8 27 4554.368
8 28 5249.881
8 29 1940.489
8 30 4840.960
8 31 5878.967
8 32 6406.028
8 33 2385.393
8 34 2228.267
8 35 3818.123
8 36 2237.214
8 37 3277.182
8 38 1957.220
8 39 2480.701
8 40 5657.155
8 41 5849.502
8 42 1902.071
8 43 5968.650
8 44 3673.510
8 45 4898.777
8 46 4776.228
8 47 5126.670
8 48 5940.321
8 49 3279.894
8 50 4569.897
8 51 3767.111
8 52 5314.259
8 53 885.547
8 54 7174.800
8 55 5246.773
8 56 5165.044
8 57 2580.607
8 58 3101.273
8 59 5417.762
8 60 7007.949
8 61 3864.532
8 62 2934.503
8 63 6328.949
8 64 5999.706
8 65 985.250
8 66 3109.674
8 67 3372.616
8 68 4116.087
8 69 2548.917
8 70 4706.373
8 71 2389.498
8 72 1464.193
8 73 3741.479
8 74 4971.708
8 75 4648.922
8 76 952.784
8 77 1037.213
8 78 6600.156
8 79 4326.204
8 80 3962.541
8 81 4377.167
8 82 4670.356
8 83 2595.707
8 84 1874.308
8 85 2653.297
8 86 3562.681
8 87 3759.286
8 88 6100.696
8 89 4322.903
8 90 5165.109
8 91 2974.280
8 92 4736.395
8 93 3896.914
8 94 4934.827
8 95 1253.850
8 96 5626.453
8 97 4865.772
8 98 4071.198
8 99 2034.100
8 100 3898.857
9 0 5893.431
9 1 7995.395
9 2 9477.236
9 3 6702.275
9 4 7684.860
9 5 5252.038
9 6 7983.252
9 7 1955.687
9 8 7271.986
9 9 0.000
9 10 8857.149
9 11 7392.189
9 12 7765.400
9 13 6933.268
9 14 7371.721
9 15 6565.237
9 16 4959.253
9 17 7066.839
9 18 4473.507
9 19 5354.788
9 20 7719.363
9 21 5367.744
9 22 6082.946
9 23 7291.293
9 24 4664.243
9 25 6768.504
9 26 7214.555
9 27 2717.821
9 28 5592.185
9 29 6146.324
9 30 4232.047
9 31 1423.932
9 32 1189.941
9 33 8963.023
9 34 5441.016
9 35 8367.250
9 36 6133.074
9 37 6292.365
9 38 5330.890
9 39 7857.140
9 40 8384.023
9 41 1900.758
9 42 8548.258
9 43 8085.437
9 44 5783.705
9 45 4548.787
9 46 5271.764
9 47 2146.933
9 48 3325.901
9 49 5519.217
9 50 8881.857
9 51 4727.410
9 52 9376.329
9 53 7653.326
9 54 1460.860
9 55 8481.921
9 56 6122.555
9 57 5544.647
9 58 5424.454
9 59 6786.501
9 60 9734.160
9 61 6430.734
9 62 7121.006
9 63 7556.524
9 64 1840.917
9 65 6881.654
9 66 4397.648
9 67 6933.349
9 68 7132.296
9 69 4741.705
9 70 9167.602
9 71 6478.658
9 72 8736.106
9 73 4921.727
9 74 8146.004
9 75 7612.378
9 76 8093.515
9 77 6234.774
9 78 1474.281
9 79 7705.455
9 80 3312.670
9 81 3732.884
9 82 9674.918
9 83 5562.922
9 84 8825.923
9 85 6992.358
9 86 3751.038
9 87 3994.822
9 88 1309.654
9 89 3871.426
9 90 3695.726
9 91 6482.305
9 92 6375.062
9 93 6451.433
9 94 3501.432
9 95 6626.580
9 96 4844.368
9 97 6418.696
9 98 9545.745
9 99 7462.756
9 100 8631.978
10 0 5790.903
10 1 10339.511
10 2 715.417
10 3 11470.480
10 4 4892.501
10 5 3641.592
10 6 7865.191
10 7 7067.736
10 8 6282.138
10 9 8857.149
10 10 0.000
10 11 1555.246
10 12 1096.642
10 13 1996.694
10 14 10985.698
10 15 6609.262
10 16 5845.133
10 17 4863.328
10 18 5453.265
10 19 3552.750
10 20 3036.420
10 21 3728.314
10 22 5661.676
10 23 11462.318
10 24 8160.634
10 25 10401.276
10 26 2753.809
10 27 7199.328
10 28 10509.088
10 29 4778.319
10 30 9423.107
10 31 7714.226
10 32 7671.490
10 33 4994.695
10 34 7368.215
10 35 10086.734
10 36 7971.029
10 37 3449.788
10 38 6499.471
10 39 3905.713
10 40 11776.592
10 41 8757.110
10 42 8010.809
10 43 11978.706
10 44 9195.619
10 45 4321.529
10 46 9946.673
10 47 7537.888
10 48 9894.144
10 49 4074.076
10 50 10844.483
10 51 4556.123
10 52 1691.644
10 53 7145.736
10 54 7721.543
10 55 11429.509
10 56 2734.683
10 57 4667.910
10 58 8421.500
10 59 11127.956
10 60 905.487
10 61 2929.858
10 62 9050.843
10 63 12132.775
10 64 7021.152
10 65 5355.061
10 66 7406.316
10 67 9394.084
10 68 2330.787
10 69 6648.165
10 70 2205.541
10 71 4114.699
10 72 6678.720
10 73 8758.183
10 74 1310.569
10 75 10718.157
10 76 6944.899
10 77 6208.062
10 78 9278.747
10 79 1968.626
10 80 6801.268
10 81 8555.387
10 82 2838.722
10 83 7962.571
10 84 7753.096
10 85 3671.710
10 86 6367.680
10 87 7974.437
10 88 8469.181
10 89 5226.063
10 90 9395.256
10 91 8865.713
10 92 2553.374
10 93 9694.155
10 94 5408.106
10 95 7235.806
10 96 10469.132
10 97 10527.861
10 98 3440.355
10 99 4265.479
10 100 2721.556
11 0 5164.805
11 1 9818.897
11 2 2257.683
11 3 10619.439
11 4 4811.883
11 5 2141.220
11 6 7599.138
11 7 5556.878
11 8 5989.664
11 9 7392.189
11 10 1555.246
11 11 0.000
11 12 692.589
11 13 1054.679
11 14 10290.955
11 15 6127.206
11 16 4980.803
11 17 4587.355
11 18 4420.832
11 19 2248.026
11 20 3068.395
11 21 2174.715
11 22 5085.463
11 23 10703.791
11 24 7243.742
11 25 9667.726
11 26 2491.290
11 27 5961.871
11 28 9583.774
11 29 4201.185
11 30 8382.705
11 31 6321.702
11 32 6216.810
11 33 5301.881
11 34 6616.508
11 35 9660.136
11 36 7323.343
11 37 2769.249
11 38 5739.892
11 39 3953.895
11 40 11159.770
11 41 7454.532
11 42 7850.249
11 43 11289.418
11 44 8404.751
11 45 2924.022
11 46 9020.217
11 47 6235.592
11 48 8707.907
11 49 3155.310
11 50 10422.785
11 51 3414.226
11 52 2820.968
11 53 6875.160
11 54 6205.156
11 55 10869.666
11 56 1348.482
11 57 3873.649
11 58 7620.245
11 59 10325.263
11 60 2366.765
11 61 2166.718
11 62 8503.246
11 63 11341.535
11 64 5571.805
11 65 5007.144
11 66 6459.420
11 67 8781.987
11 68 1915.407
11 69 5762.838
11 70 3083.556
11 71 3618.510
11 72 6712.967
11 73 7856.307
11 74 1683.147
11 75 10091.433
11 76 6794.969
11 77 5663.002
11 78 7921.523
11 79 1967.703
11 80 5639.785
11 81 7483.564
11 82 3787.240
11 83 7209.480
11 84 7682.675
11 85 3366.360
11 86 5259.081
11 87 6954.628
11 88 7106.051
11 89 3941.812
11 90 8284.062
11 91 8218.884
11 92 1419.198
11 93 8973.452
11 94 4020.531
11 95 6732.383
11 96 9440.054
11 97 9726.598
11 98 4204.169
11 99 4145.743
11 100 3232.946
12 0 4946.861
12 1 9572.476
12 2 1726.829
12 3 10541.201
12 4 4355.955
12 5 2575.225
12 6 7235.064
12 7 5993.983
12 8 5626.678
12 9 7765.400
12 10 1096.642
12 11 692.589
12 12 0.000
12 13 927.111
12 14 10129.585
12 15 5847.504
12 16 4890.408
12 17 4203.748
12 18 4431.077
12 19 2457.524
12 20 2541.148
12 21 2732.062
12 22 4842.083
12 23 10576.016
12 24 7194.963
12 25 9524.789
12 26 2052.346
12 27 6124.028
12 28 9545.726
12 29 3948.513
12 30 8412.150
12 31 6617.715
12 32 6578.563
12 33 4729.810
12 34 6472.899
12 35 9371.095
12 36 7129.330
12 37 2543.926
12 38 5595.741
12 39 3441.399
12 40 10961.718
12 41 7670.632
12 42 7446.137
12 43 11127.266
12 44 8288.759
12 45 3225.666
12 46 8981.704
12 47 6450.344
12 48 8835.980
12 49 3079.461
12 50 10133.612
12 51 3494.628
12 52 2135.203
12 53 6509.114
12 54 6650.242
12 55 10643.936
12 56 1644.144
12 57 3732.417
12 58 7507.393
12 59 10220.165
12 60 1994.505
12 61 1970.677
12 62 8265.390
12 63 11232.117
12 64 5927.821
12 65 4658.558
12 66 6425.724
12 67 8575.808
12 68 1514.112
12 69 5689.460
12 70 2393.722
12 71 3317.235
12 72 6233.385
12 73 7800.648
12 74 1006.455
12 75 9895.899
12 76 6381.361
12 77 5409.410
12 78 8184.938
12 79 1400.137
12 80 5744.418
12 81 7531.354
12 82 3097.027
12 83 7069.211
12 84 7244.557
12 85 2973.678
12 86 5325.081
12 87 6967.613
12 88 7374.519
12 89 4137.682
12 90 8359.509
12 91 8027.897
12 92 1468.678
12 93 8822.125
12 94 4311.465
12 95 6466.219
12 96 9464.258
12 97 9619.509
12 98 3532.016
12 99 3694.834
12 100 2587.995
13 0 4123.204
13 1 8773.918
13 2 2554.990
13 3 9647.730
13 4 3798.599
13 5 1891.065
13 6 6547.251
13 7 5226.716
13 8 4938.725
13 9 6933.268
13 10 1996.694
13 11 1054.679
13 12 927.111
13 13 0.000
13 14 9274.846
13 15 5074.607
13 16 3995.559
13 17 3543.529
13 18 3508.150
13 19 1582.460
13 20 2146.876
13 21 2220.832
13 22 4037.634
13 23 9703.926
13 24 6289.057
13 25 8659.728
13 26 1503.384
13 27 5204.017
13 28 8638.325
13 29 3150.331
13 30 7489.626
13 31 5742.385
13 32 5743.410
13 33 4396.194
13 34 5605.402
13 35 8607.722
13 36 6292.107
13 37 1719.074
13 38 4727.173
13 39 2994.376
13 40 10129.528
13 41 6761.096
13 42 6806.500
13 43 10273.454
13 44 7409.607
13 45 2385.985
13 46 8074.115
13 47 5542.516
13 48 7910.016
13 49 2172.745
13 50 9370.514
13 51 2568.424
13 52 2595.381
13 53 5823.982
13 54 5885.912
13 55 9830.445
13 56 915.205
13 57 2857.337
13 58 6626.093
13 59 9337.442
13 60 2901.986
13 61 1118.696
13 62 7459.694
13 63 10351.800
13 64 5092.363
13 65 3955.123
13 66 5514.665
13 67 7747.746
13 68 930.570
13 69 4789.786
13 70 2632.068
13 71 2563.957
13 72 5705.986
13 73 6897.463
13 74 1297.789
13 75 9061.598
13 76 5755.492
13 77 4613.890
13 78 7290.782
13 79 1197.860
13 80 4817.945
13 81 6606.312
13 82 3308.184
13 83 6200.708
13 84 6651.149
13 85 2332.473
13 86 4398.136
13 87 6046.858
13 88 6484.091
13 89 3232.108
13 90 7432.783
13 91 7189.515
13 92 563.471
13 93 7961.042
13 94 3447.555
13 95 5681.983
13 96 8542.918
13 97 8737.309
13 98 3571.488
13 99 3134.397
13 100 2531.681
14 0 5195.931
14 1 1378.447
14 2 11216.042
14 3 1319.710
14 4 6514.203
14 5 8976.434
14 6 3926.907
14 7 8124.561
14 8 5029.954
14 9 7371.721
14 10 10985.698
14 11 10290.955
14 12 10129.585
14 13 9274.846
14 14 0.000
14 15 4455.510
14 16 5332.297
14 17 6275.435
14 18 6029.378
14 19 8302.130
14 20 8122.410
14 21 9533.631
14 22 5325.624
14 23 672.325
14 24 3309.664
14 25 671.096
14 26 8240.479
14 27 5555.355
14 28 1891.947
14 29 6207.748
14 30 3140.011
14 31 6567.492
14 32 7263.535
14 33 7318.731
14 34 3674.989
14 35 2044.176
14 36 3015.433
14 37 7585.675
14 38 4551.071
14 39 7455.864
14 40 1031.351
14 41 5476.789
14 42 4262.582
14 43 998.644
14 44 1964.304
14 45 8079.620
14 46 2101.912
14 47 5840.590
14 48 4209.925
14 49 7140.950
14 50 2001.238
14 51 7078.502
14 52 10267.418
14 53 4404.990
14 54 8211.921
14 55 1152.330
14 56 9120.850
14 57 6419.372
14 58 2721.874
14 59 850.234
14 60 11800.953
14 61 8166.793
14 62 2115.947
14 63 1354.374
14 64 7311.811
14 65 5758.434
14 66 4062.223
14 67 1657.433
14 68 8666.209
14 69 4595.537
14 70 9687.796
14 71 6871.926
14 72 5665.020
14 73 2755.061
14 74 9705.353
14 75 559.392
14 76 4899.930
14 77 4794.820
14 78 5981.317
14 79 9034.525
14 80 5389.096
14 81 3788.878
14 82 9697.304
14 83 3084.866
14 84 4764.767
14 85 7350.971
14 86 5485.669
14 87 3889.960
14 88 6123.505
14 89 7011.429
14 90 3680.326
14 91 2126.763
14 92 8879.310
14 93 1320.944
14 94 7412.471
14 95 3842.640
14 96 2752.069
14 97 958.782
14 98 9099.106
14 99 6961.704
14 100 8876.514
15 0 1071.006
15 1 3732.651
15 2 6787.039
15 3 5185.006
15 4 2114.281
15 5 5338.728
15 6 1699.912
15 7 6144.299
15 8 820.568
15 9 6565.237
15 10 6609.262
15 11 6127.206
15 12 5847.504
15 13 5074.607
15 14 4455.510
15 15 0.000
15 16 1868.381
15 17 1819.925
15 18 2698.782
15 19 4511.972
15 20 3674.314
15 21 5958.527
15 22 1070.818
15 23 5004.247
15 24 2573.269
15 25 3939.711
15 26 3857.535
15 27 3853.363
15 28 4493.793
15 29 1927.860
15 30 4024.292
15 31 5196.520
15 32 5759.677
15 33 3159.994
15 34 1407.752
15 35 3533.116
15 36 1512.957
15 37 3358.574
15 38 1240.050
15 39 3008.831
15 40 5179.310
15 41 5074.220
15 42 2173.254
15 43 5427.330
15 44 2936.458
15 45 4637.198
15 46 4001.506
15 47 4419.533
15 48 5120.357
15 49 3165.187
15 50 4295.936
15 51 3488.198
15 52 5811.917
15 53 1137.595
15 54 6571.817
15 55 4820.326
15 56 5155.726
15 57 2407.766
15 58 2313.536
15 59 4757.975
15 60 7389.534
15 61 3961.412
15 62 2443.402
15 63 5707.045
15 64 5401.205
15 65 1302.927
15 66 2312.105
15 67 2815.475
15 68 4339.849
15 69 1824.071
15 70 5235.348
15 71 2530.336
15 72 2215.643
15 73 2935.373
15 74 5307.507
15 75 4132.884
15 76 1528.392
15 77 509.360
15 78 5825.190
15 79 4641.355
15 80 3281.285
15 81 3560.053
15 82 5282.705
15 83 1800.000
15 84 2323.584
15 85 2938.876
15 86 2929.954
15 87 2948.634
15 88 5360.224
15 89 3906.598
15 90 4344.546
15 91 2339.886
15 92 4787.599
15 93 3242.823
15 94 4501.615
15 95 627.142
15 96 4829.979
15 97 4185.279
15 98 4731.786
15 99 2507.805
15 100 4424.653
16 0 951.400
16 1 5029.334
16 2 6204.547
16 3 5652.557
16 4 2776.383
16 5 3726.592
16 6 3551.620
16 7 4308.665
16 8 2400.544
16 9 4959.253
16 10 5845.133
16 11 4980.803
16 12 4890.408
16 13 3995.559
16 14 5332.297
16 15 1868.381
16 16 0.000
16 17 2173.874
16 18 850.866
16 19 2988.472
16 20 3418.788
16 21 4322.797
16 22 1127.166
16 23 5724.375
16 24 2315.789
16 25 4696.351
16 26 3243.661
16 27 2282.077
16 28 4664.230
16 29 1386.354
16 30 3641.703
16 31 3541.736
16 32 4025.854
16 33 4060.608
16 34 1671.775
16 35 5020.835
16 36 2469.383
16 37 2400.805
16 38 843.713
16 39 3187.590
16 40 6242.989
16 41 3780.938
16 42 4041.287
16 43 6328.024
16 44 3424.427
16 45 2911.207
16 46 4101.570
16 47 2849.000
16 48 4366.746
16 49 1827.132
16 50 5755.848
16 51 1801.701
16 52 5529.381
16 53 2999.239
16 54 4775.029
16 55 6008.138
16 56 3788.773
16 57 1180.994
16 58 2639.961
16 59 5345.488
16 60 6717.628
16 61 2925.815
16 62 3730.207
16 63 6361.300
16 64 3600.050
16 65 1926.233
16 66 1579.334
16 67 3912.090
16 68 3529.867
16 69 803.048
16 70 5085.692
16 71 1973.680
16 72 3844.332
16 73 2914.231
16 74 4652.973
16 75 5179.844
16 76 3313.918
16 77 1407.195
16 78 4505.020
16 79 4005.063
16 80 1674.111
16 81 2848.181
16 82 5376.190
16 83 2249.555
16 84 4173.793
16 85 2560.112
16 86 1208.285
16 87 2210.175
16 88 3885.187
16 89 2057.695
16 90 3722.180
16 91 3327.658
16 92 3562.385
16 93 4011.368
16 94 2640.581
16 95 2241.917
16 96 4661.710
16 97 4746.272
16 98 5029.124
16 99 2705.001
16 100 4350.073
17 0 1417.678
17 1 5501.551
17 2 4991.651
17 3 6969.686
17 4 618.863
17 5 4319.394
17 6 3031.534
17 7 6135.082
17 8 1426.195
17 9 7066.839
17 10 4863.328
17 11 4587.355
17 12 4203.748
17 13 3543.529
17 14 6275.435
17 15 1819.925
17 16 2173.874
17 17 0.000
17 18 2614.054
17 19 3456.084
17 20 1867.717
17 21 4930.224
17 22 1204.853
17 23 6819.692
17 24 4034.275
17 25 5753.140
17 26 2154.945
17 27 4442.191
17 28 6197.086
17 29 957.119
17 30 5496.085
17 31 5642.993
17 32 6049.968
17 33 1898.419
17 34 2949.041
17 35 5224.342
17 36 3306.239
17 37 1950.944
17 38 2264.500
17 39 1210.287
17 40 6983.395
17 41 5953.114
17 42 3263.250
17 43 7245.743
17 44 4689.447
17 45 3879.164
17 46 5671.950
17 47 5000.308
17 48 6411.996
17 49 2169.116
17 50 5981.293
17 51 2845.289
17 52 3992.004
17 53 2305.707
17 54 6686.840
17 55 6603.294
17 56 3857.929
17 57 1660.137
17 58 3991.851
17 59 6558.345
17 60 5607.855
17 61 2506.523
17 62 4242.671
17 63 7519.744
17 64 5538.876
17 65 517.007
17 66 3494.641
17 67 4632.846
17 68 2696.851
17 69 2735.511
17 70 3418.919
17 71 1072.704
17 72 2285.566
17 73 4523.115
17 74 3552.918
17 75 5945.594
17 76 2214.062
17 77 1547.896
17 78 6678.893
17 79 2902.330
17 80 3837.557
17 81 4838.553
17 82 3509.189
17 83 3478.266
17 84 3122.319
17 85 1230.590
17 86 3350.205
17 87 4181.988
17 88 6048.063
17 89 3583.348
17 90 5698.885
17 91 4157.514
17 92 3391.651
17 93 5051.726
17 94 4186.279
17 95 2437.881
17 96 6417.807
17 97 5976.448
17 98 3022.586
17 99 694.408
17 100 2609.743
18 0 1698.539
18 1 5823.998
18 2 5891.312
18 3 6224.069
18 4 3232.394
18 5 2953.578
18 6 4392.270
18 7 3580.008
18 8 3153.690
18 9 4473.507
18 10 5453.265
18 11 4420.832
18 12 4431.077
18 13 3508.150
18 14 6029.378
18 15 2698.782
18 16 850.866
18 17 2614.054
18 18 0.000
18 19 2286.965
18 20 3411.731
18 21 3530.569
18 22 1823.582
18 23 6371.337
18 24 2839.832
18 25 5376.170
18 26 3069.576
18 27 1983.244
18 28 5166.049
18 29 1675.674
18 30 3981.483
18 31 3054.434
18 32 3435.985
18 33 4499.311
18 34 2439.320
18 35 5846.809
18 36 3271.564
18 37 2134.416
18 38 1675.700
18 39 3405.271
18 40 6974.007
18 41 3593.298
18 42 4870.127
18 43 7015.753
18 44 4081.248
18 45 2093.642
18 46 4603.403
18 47 2491.041
18 48 4481.094
18 49 1393.184
18 50 6573.495
18 51 1053.009
18 52 5381.530
18 53 3816.914
18 54 4096.557
18 55 6770.754
18 56 3148.161
18 57 1096.909
18 58 3308.251
18 59 5961.628
18 60 6349.207
18 61 2540.633
18 62 4540.335
18 63 6977.279
18 64 2935.001
18 65 2510.027
18 66 2049.076
18 67 4687.308
18 68 3222.122
18 69 1438.311
18 70 5018.953
18 71 2044.580
18 72 4554.769
18 73 3454.174
18 74 4359.104
18 75 5920.947
18 76 4092.359
18 77 2216.159
18 78 4261.560
18 79 3756.679
18 80 1442.865
18 81 3102.870
18 82 5409.721
18 83 2982.566
18 84 4976.913
18 85 2601.710
18 86 951.982
18 87 2540.209
18 88 3549.228
18 89 1209.920
18 90 3943.916
18 91 4099.245
18 92 3013.923
18 93 4714.116
18 94 1803.565
18 95 3092.682
18 96 5035.107
18 97 5370.598
18 98 5169.057
18 99 2991.514
18 100 4357.242
19 0 3450.353
19 1 8004.121
19 2 4136.401
19 3 8505.343
19 4 3924.546
19 5 864.349
19 6 6159.716
19 7 3699.129
19 8 4637.026
19 9 5354.788
19 10 3552.750
19 11 2248.026
19 12 2457.524
19 13 1582.460
19 14 8302.130
19 15 4511.972
19 16 2988.472
19 17 3456.084
19 18 2286.965
19 19 0.000
19 20 2876.715
19 21 1482.186
19 22 3446.349
19 23 8657.115
19 24 5122.438
19 25 7654.471
19 26 2204.689
19 27 3714.363
19 28 7429.634
19 29 2696.794
19 30 6174.758
19 31 4164.047
19 32 4164.892
19 33 4891.958
19 34 4659.752
19 35 7949.242
19 36 5447.773
19 37 1599.346
19 38 3816.771
19 39 3457.479
19 40 9228.334
19 41 5226.001
19 42 6532.032
19 43 9292.853
19 44 6363.493
19 45 822.773
19 46 6870.036
19 47 4004.962
19 48 6460.279
19 49 1360.461
19 50 8698.760
19 51 1235.353
19 52 4072.087
19 53 5476.319
19 54 4356.207
19 55 8995.959
19 56 904.694
19 57 2104.851
19 58 5586.010
19 59 8248.501
19 60 4451.847
19 61 1323.434
19 62 6694.258
19 63 9263.955
19 64 3514.520
19 65 3698.249
19 66 4330.587
19 67 6898.626
19 68 1905.045
19 69 3707.670
19 70 3966.689
19 71 2391.510
19 72 5740.875
19 73 5736.287
19 74 2805.683
19 75 8167.013
19 76 5562.641
19 77 4005.976
19 78 5727.832
19 79 2448.925
19 80 3401.445
19 81 5267.021
19 82 4571.582
19 83 5230.751
19 84 6493.381
19 85 2537.244
19 86 3045.640
19 87 4768.691
19 88 4917.015
19 89 1697.991
19 90 6050.102
19 91 6315.455
19 92 1021.059
19 93 6982.850
19 94 1865.138
19 95 5049.176
19 96 7231.969
19 97 7657.506
19 98 4648.009
19 99 3348.118
19 100 3614.808
20 0 3032.156
20 1 7368.846
20 2 3124.646
20 3 8752.787
20 4 1858.729
20 5 3612.970
20 6 4831.409
20 7 6365.812
20 8 3262.138
20 9 7719.363
20 10 3036.420
20 11 3068.395
20 12 2541.148
20 13 2146.876
20 14 8122.410
20 15 3674.314
20 16 3418.788
20 17 1867.717
20 18 3411.731
20 19 2876.715
20 20 0.000
20 21 4125.501
20 22 2857.935
20 23 8648.643
20 24 5628.537
20 25 7580.333
20 26 698.691
20 27 5393.576
20 28 7904.885
20 29 2079.223
20 30 7034.190
20 31 6348.335
20 32 6577.677
20 33 2250.186
20 34 4654.207
20 35 7079.052
20 36 5125.447
20 37 1444.149
20 38 3849.030
20 39 901.113
20 40 8848.759
20 41 7004.965
20 42 4977.743
20 43 9099.972
20 44 6459.202
20 45 3600.728
20 46 7359.423
20 47 5882.639
20 48 7776.995
20 49 2200.551
20 50 7832.003
20 51 3003.530
20 52 2171.872
20 53 4114.805
20 54 6996.469
20 55 8471.008
20 56 2816.625
20 57 2338.718
20 58 5721.769
20 59 8363.061
20 60 3746.246
20 61 1557.000
20 62 6108.358
20 63 9341.673
20 64 5969.911
20 65 2379.205
20 66 4966.985
20 67 6489.526
20 68 1222.059
20 69 4169.012
20 70 1671.334
20 71 1445.118
20 72 3698.823
20 73 6177.130
20 74 1734.707
20 75 7806.780
20 76 3910.719
20 77 3338.610
20 78 7667.370
20 79 1144.825
20 80 4847.544
20 81 6266.224
20 82 1998.001
20 83 5224.034
20 84 4737.633
20 85 859.974
20 86 4345.414
20 87 5623.140
20 88 6932.357
20 89 3869.013
20 90 7140.554
20 91 5997.444
20 92 2274.973
20 93 6874.081
20 94 4352.814
20 95 4298.071
20 96 8023.445
20 97 7772.154
20 98 1840.535
20 99 1231.968
20 100 946.362
21 0 4889.386
21 1 9348.095
21 2 4422.649
21 3 9603.235
21 4 5377.221
21 5 622.859
21 6 7623.895
21 7 3460.074
21 8 6116.012
21 9 5367.744
21 10 3728.314
21 11 2174.715
21 12 2732.062
21 13 2220.832
21 14 9533.631
21 15 5958.527
21 16 4322.797
21 17 4930.224
21 18 3530.569
21 19 1482.186
21 20 4125.501
21 21 0.000
21 22 4902.035
21 23 9832.595
21 24 6264.301
21 25 8871.926
21 26 3426.847
21 27 4458.722
21 28 8479.058
21 29 4176.860
21 30 7126.786
21 31 4469.312
21 32 4232.710
21 33 6270.807
21 34 5967.983
21 35 9337.334
21 36 6789.567
21 37 3026.152
21 38 5166.029
21 39 4822.708
21 40 10495.098
21 41 5748.574
21 42 8007.529
21 43 10509.237
21 44 7572.268
21 45 1454.438
21 46 7934.373
21 47 4579.505
21 48 7180.734
21 49 2836.250
21 50 10077.083
21 51 2522.659
21 52 4774.398
21 53 6948.418
21 54 4090.287
21 55 10301.040
21 56 1341.430
21 57 3563.063
21 58 6814.716
21 59 9395.746
21 60 4528.825
21 61 2611.016
21 62 8052.937
21 63 10400.453
21 64 3616.866
21 65 5180.429
21 66 5483.797
21 67 8217.006
21 68 2968.770
21 69 4965.192
21 70 4852.728
21 71 3860.415
21 72 7215.779
21 73 6866.372
21 74 3488.541
21 75 9447.277
21 76 7044.264
21 77 5449.757
21 78 6097.254
21 79 3390.947
21 80 4320.679
21 81 6212.833
21 82 5527.400
21 83 6511.853
21 84 7975.083
21 85 3944.173
21 86 4088.284
21 87 5809.770
21 88 5290.584
21 89 2557.765
21 90 6906.293
21 91 7629.167
21 92 1871.667
21 93 8227.414
21 94 2336.475
21 95 6472.628
21 96 8165.403
21 97 8820.012
21 98 5751.198
21 99 4775.693
21 100 4700.692
22 0 215.793
22 1 4737.195
22 2 5899.969
22 3 5896.711
22 4 1746.311
22 5 4280.526
22 6 2724.157
22 7 5391.776
22 8 1334.362
22 9 6082.946
22 10 5661.676
22 11 5085.463
22 12 4842.083
22 13 4037.634
22 14 5325.624
22 15 1070.818
22 16 1127.166
22 17 1204.853
22 18 1823.582
22 19 3446.349
22 20 2857.935
22 21 4902.035
22 22 0.000
22 23 5819.958
22 24 2840.227
22 25 4753.548
22 26 2915.062
22 27 3389.953
22 28 5057.246
22 29 893.570
22 30 4295.836
22 31 4667.620
22 32 5150.316
22 33 3008.177
22 34 1799.776
22 35 4583.122
22 36 2310.200
22 37 2318.729
22 38 1060.310
22 39 2376.501
22 40 6124.362
22 41 4827.252
22 42 3138.619
22 43 6317.318
22 44 3602.600
22 45 3614.331
22 46 4519.039
22 47 3961.273
22 48 5211.305
22 49 2095.369
22 50 5344.290
22 51 2468.989
22 52 5029.746
22 53 2071.260
22 54 5881.756
22 55 5802.174
22 56 4086.326
22 57 1341.699
22 58 2865.121
22 59 5515.221
22 60 6476.732
22 61 2919.571
22 62 3425.328
22 63 6504.076
22 64 4708.690
22 65 833.596
22 66 2291.423
22 67 3738.380
22 68 3352.232
22 69 1546.514
22 70 4502.555
22 71 1546.977
22 72 2738.178
22 73 3350.665
22 74 4380.261
22 75 5061.426
22 76 2282.017
22 77 579.469
22 78 5565.861
22 79 3709.386
22 80 2782.697
22 81 3635.418
22 82 4667.616
22 83 2366.174
22 84 3187.278
22 85 2040.940
22 86 2332.744
22 87 2979.271
22 88 4983.371
22 89 2989.079
22 90 4494.238
22 91 3204.040
22 92 3727.674
22 93 4045.286
22 94 3600.579
22 95 1650.584
22 96 5232.979
22 97 4921.006
22 98 4216.648
22 99 1856.883
22 100 3710.596
23 0 5676.211
23 1 2039.611
23 2 11719.926
23 3 769.739
23 4 7089.876
23 5 9294.197
23 6 4578.438
23 7 8198.022
23 8 5618.947
23 9 7291.293
23 10 11462.318
23 11 10703.791
23 12 10576.016
23 13 9703.926
23 14 672.325
23 15 5004.247
23 16 5724.375
23 17 6819.692
23 18 6371.337
23 19 8657.115
23 20 8648.643
23 21 9832.595
23 22 5819.958
23 23 0.000
23 24 3568.466
23 25 1068.317
23 26 8730.653
23 27 5696.007
23 28 1700.084
23 29 6688.437
23 30 3108.550
23 31 6604.326
23 32 7292.437
23 33 7936.420
23 34 4103.210
23 35 2703.627
23 36 3523.214
23 37 8036.546
23 38 4980.369
23 39 8012.870
23 40 1208.339
23 41 5422.690
23 42 4927.813
23 43 794.156
23 44 2300.423
23 45 8379.517
23 46 2074.499
23 47 5922.079
23 48 4028.655
23 49 7548.493
23 50 2582.781
23 51 7424.345
23 52 10806.469
23 53 5030.799
23 54 8231.634
23 55 1569.487
23 56 9498.600
23 57 6847.808
23 58 3084.561
23 59 505.517
23 60 12292.721
23 61 8606.560
23 62 2741.790
23 63 711.214
23 64 7399.904
23 65 6303.867
23 66 4350.887
23 67 2259.835
23 68 9134.517
23 69 4957.364
23 70 10238.296
23 71 7358.798
23 72 6312.760
23 73 2972.289
23 74 10195.595
23 75 1222.534
23 76 5537.489
23 77 5310.455
23 78 5858.575
23 79 9525.157
23 80 5599.070
23 81 3870.003
23 82 10273.648
23 83 3506.885
23 84 5430.187
23 85 7857.847
23 86 5751.137
23 87 4078.691
23 88 6088.971
23 89 7286.084
23 90 3607.665
23 91 2664.852
23 92 9286.271
23 93 1775.602
23 94 7646.204
23 95 4405.049
23 96 2506.508
23 97 1015.077
23 98 9689.748
23 99 7510.878
23 100 9428.169
24 0 2637.778
24 1 3481.251
24 2 8514.370
24 3 3384.238
24 4 4514.004
24 5 5730.502
24 6 3505.462
24 7 4965.516
24 8 3393.523
24 9 4664.243
24 10 8160.634
24 11 7243.742
24 12 7194.963
24 13 6289.057
24 14 3309.664
24 15 2573.269
24 16 2315.789
24 17 4034.275
24 18 2839.832
24 19 5122.438
24 20 5628.537
24 21 6264.301
24 22 2840.227
24 23 3568.466
24 24 0.000
24 25 2639.085
24 26 5535.293
24 27 2337.127
24 28 2350.971
24 29 3550.266
24 30 1471.088
24 31 3542.007
24 32 4227.299
24 33 5685.875
24 34 1165.989
24 35 3753.489
24 36 1538.670
24 37 4715.946
24 38 1790.375
24 39 5216.478
24 40 4313.910
24 41 2868.165
24 42 4075.726
24 43 4260.859
24 44 1359.850
24 45 4811.729
24 46 1787.262
24 47 2738.594
24 48 2560.857
24 49 4117.069
24 50 4346.796
24 51 3887.238
24 52 7783.712
24 53 3388.349
24 54 5167.221
24 55 4220.373
24 56 5987.683
24 57 3495.694
24 58 769.880
24 59 3135.991
24 60 9033.073
24 61 5237.603
24 62 2465.056
24 63 4147.439
24 64 4141.635
24 65 3587.341
24 66 791.883
24 67 2342.040
24 68 5844.510
24 69 1512.829
24 70 7296.783
24 71 4206.763
24 72 4710.713
24 73 614.351
24 74 6963.072
24 75 3324.691
24 76 3925.350
24 77 2552.412
24 78 3579.971
24 79 6309.188
24 80 2087.768
24 81 1066.249
24 82 7502.108
24 83 960.696
24 84 4445.379
24 85 4774.755
24 86 2185.282
24 87 683.218
24 88 3356.572
24 89 3719.085
24 90 1775.190
24 91 1835.335
24 92 5827.106
24 93 2064.141
24 94 4103.096
24 95 2311.139
24 96 2398.361
24 97 2555.819
24 98 7055.031
24 99 4697.110
24 100 6522.772
25 0 4612.313
25 1 1505.409
25 2 10653.298
25 3 1370.667
25 4 6032.640
25 5 8318.601
25 6 3629.308
25 7 7467.961
25 8 4571.240
25 9 6768.504
25 10 10401.276
25 11 9667.726
25 12 9524.789
25 13 8659.728
25 14 671.096
25 15 3939.711
25 16 4696.351
25 17 5753.140
25 18 5376.170
25 19 7654.471
25 20 7580.333
25 21 8871.926
25 22 4753.548
25 23 1068.317
25 24 2639.085
25 25 0.000
25 26 7665.883
25 27 4889.388
25 28 1463.855
25 29 5625.003
25 30 2542.749
25 31 5922.274
25 32 6619.400
25 33 6910.059
25 34 3054.357
25 35 2124.489
25 36 2454.898
25 37 6982.711
25 38 3932.616
25 39 6948.517
25 40 1691.909
25 41 4868.628
25 42 4032.913
25 43 1639.689
25 44 1299.664
25 45 7417.577
25 46 1533.891
25 47 5185.102
25 48 3683.873
25 49 6513.692
25 50 2311.463
25 51 6427.256
25 52 9738.652
25 53 4023.318
25 54 7569.137
25 55 1713.530
25 56 8481.726
25 57 5802.392
25 58 2068.620
25 59 872.987
25 60 11228.220
25 61 7557.306
25 62 1762.411
25 63 1767.335
25 64 6652.907
25 65 5237.723
25 66 3395.328
25 67 1258.685
25 68 8075.296
25 69 3946.863
25 70 9172.009
25 71 6294.299
25 72 5342.120
25 73 2085.184
25 74 9131.105
25 75 863.930
25 76 4547.645
25 77 4242.151
25 78 5404.514
25 79 8460.465
25 80 4718.031
25 81 3140.062
25 82 9214.915
25 83 2459.191
25 84 4531.990
25 85 6790.398
25 86 4817.160
25 87 3220.600
25 88 5504.334
25 89 6344.778
25 90 3096.089
25 91 1603.386
25 92 8252.705
25 93 708.263
25 94 6742.119
25 95 3345.887
25 96 2311.490
25 97 512.779
25 98 8638.620
25 99 6444.965
25 100 8362.237
26 0 3054.698
26 1 7589.655
26 2 2998.118
26 3 8773.616
26 4 2322.246
26 5 2918.703
26 6 5186.107
26 7 5773.729
26 8 3580.511
26 9 7214.555
26 10 2753.809
26 11 2491.290
26 12 2052.346
26 13 1503.384
26 14 8240.479
26 15 3857.535
26 16 3243.661
26 17 2154.945
26 18 3069.576
26 19 2204.689
26 20 698.691
26 21 3426.847
26 22 2915.062
26 23 8730.653
26 24 5535.293
26 25 7665.883
26 26 0.000
26 27 5019.383
26 28 7860.648
26 29 2044.049
26 30 6884.555
26 31 5875.679
26 32 6052.509
26 33 2912.411
26 34 4657.473
26 35 7354.245
26 36 5225.079
26 37 948.453
26 38 3805.481
26 39 1492.425
26 40 9022.970
26 41 6636.086
26 42 5394.594
26 43 9231.153
26 44 6485.158
26 45 2958.059
26 46 7304.267
26 47 5473.811
26 48 7528.013
26 49 1734.749
26 50 8114.910
26 51 2490.202
26 52 2314.255
26 53 4460.458
26 54 6414.677
26 55 8676.977
26 56 2120.667
26 57 2079.843
26 58 5721.907
26 59 8412.061
26 60 3562.363
26 61 881.970
26 62 6297.641
26 63 9409.342
26 64 5428.842
26 65 2623.619
26 66 4822.274
26 67 6641.294
26 68 578.403
26 69 4033.717
26 70 1973.060
26 71 1371.934
26 72 4221.700
26 73 6112.756
26 74 1465.368
26 75 7965.339
26 76 4330.891
26 77 3455.173
26 78 7267.358
26 79 794.591
26 80 4509.997
26 81 6069.291
26 82 2464.621
26 83 5246.406
26 84 5202.899
26 85 930.303
26 86 4021.152
26 87 5445.841
26 88 6506.508
26 89 3343.471
26 90 6937.186
26 91 6117.140
26 92 1579.679
26 93 6957.764
26 94 3781.396
26 95 4483.471
26 96 7904.046
26 97 7814.037
26 98 2451.092
26 99 1656.429
26 100 1442.673
27 0 3193.146
27 1 5817.272
27 2 7708.839
27 3 5325.135
27 4 5052.233
27 5 4047.961
27 6 5331.778
27 7 2629.684
27 8 4554.368
27 9 2717.821
27 10 7199.328
27 11 5961.871
27 12 6124.028
27 13 5204.017
27 14 5555.355
27 15 3853.363
27 16 2282.077
27 17 4442.191
27 18 1983.244
27 19 3714.363
27 20 5393.576
27 21 4458.722
27 22 3389.953
27 23 5696.007
27 24 2337.127
27 25 4889.388
27 26 5019.383
27 27 0.000
27 28 4159.048
27 29 3572.932
27 30 2730.595
27 31 1350.538
27 32 1971.551
27 33 6337.225
27 34 2821.767
27 35 6059.476
27 36 3599.886
27 37 4072.225
27 38 2615.662
27 39 5358.794
27 40 6581.273
27 41 1616.926
27 42 5887.219
27 43 6448.024
27 44 3669.375
27 45 3115.965
27 46 3656.797
27 47 573.563
27 48 2756.412
27 49 3293.250
27 50 6677.875
27 51 2652.905
27 52 7315.476
27 53 4955.481
27 54 2876.491
27 55 6534.026
27 56 4614.675
27 57 3074.605
27 58 3087.883
27 59 5213.828
27 60 8104.797
27 61 4391.321
27 62 4738.156
27 63 6168.266
27 64 1806.069
27 65 4206.105
27 66 1816.846
27 67 4670.431
27 68 5100.907
27 69 2029.685
27 70 6984.450
27 71 4019.281
27 72 6018.407
27 73 2811.310
27 74 6219.150
27 75 5635.169
27 76 5381.487
27 77 3517.190
27 78 2280.195
27 79 5659.167
27 80 608.206
27 81 1848.401
27 82 7391.451
27 83 3071.411
27 84 6136.855
27 85 4583.562
27 86 1095.216
27 87 1681.898
27 88 1605.872
27 89 2023.181
27 90 2453.011
27 91 4136.019
27 92 4655.710
27 93 4379.929
27 94 2124.405
27 95 3957.032
27 96 3735.605
27 97 4695.986
27 98 7147.346
27 99 4914.871
27 100 6338.223
28 0 4874.219
28 1 2964.787
28 2 10850.461
28 3 1172.933
28 4 6592.510
28 5 7981.653
28 6 4678.304
28 7 6566.542
28 8 5249.881
28 9 5592.185
28 10 10509.088
28 11 9583.774
28 12 9545.726
28 13 8638.325
28 14 1891.947
28 15 4493.793
28 16 4664.230
28 17 6197.086
28 18 5166.049
28 19 7429.634
28 20 7904.885
28 21 8479.058
28 22 5057.246
28 23 1700.084
28 24 2350.971
28 25 1463.855
28 26 7860.648
28 27 4159.048
28 28 0.000
28 29 5843.362
28 30 1458.582
28 31 4954.123
28 32 5633.384
28 33 7634.892
28 34 3258.454
28 35 3561.967
28 36 3014.095
28 37 7061.547
28 38 4063.714
28 39 7405.469
28 40 2838.657
28 41 3731.547
28 42 5162.421
28 43 2494.086
28 44 1584.149
28 45 7045.003
28 46 564.216
28 47 4315.160
28 48 2340.318
28 49 6467.207
28 50 3771.810
28 51 6199.871
28 52 10073.902
28 53 4904.098
28 54 6563.864
28 55 3044.251
28 56 8309.623
28 57 5841.743
28 58 2205.532
28 59 1196.946
28 60 11377.962
28 61 7588.184
28 62 2889.908
28 63 2031.831
28 64 5785.451
28 65 5706.728
28 66 3125.603
28 67 2416.002
28 68 8188.644
28 69 3861.401
28 70 9559.159
28 71 6511.708
28 72 6283.054
28 73 1751.598
28 74 9300.720
28 75 2296.315
28 76 5461.509
28 77 4651.446
28 78 4159.153
28 79 8641.968
28 80 4164.867
28 81 2311.396
28 82 9705.549
28 83 2721.287
28 84 5640.601
28 85 7063.868
28 86 4409.271
28 87 2674.458
28 88 4402.513
28 89 5923.165
28 90 1919.967
28 91 2444.808
28 92 8170.048
28 93 1663.055
28 94 6208.525
28 95 4001.736
28 96 862.066
28 97 970.245
28 98 9200.184
28 99 6885.134
28 100 8767.415
29 0 1012.835
29 1 5628.611
29 2 5040.526
29 3 6733.001
29 4 1568.178
29 5 3555.064
29 6 3490.330
29 7 5177.971
29 8 1940.489
29 9 6146.324
29 10 4778.319
29 11 4201.185
29 12 3948.513
29 13 3150.331
29 14 6207.748
29 15 1927.860
29 16 1386.354
29 17 957.119
29 18 1675.674
29 19 2696.794
29 20 2079.223
29 21 4176.860
29 22 893.570
29 23 6688.437
29 24 3550.266
29 25 5625.003
29 26 2044.049
29 27 3572.932
29 28 5843.362
29 29 0.000
29 30 4957.945
29 31 4724.671
29 32 5108.028
29 33 2824.471
29 34 2616.433
29 35 5459.476
29 36 3194.352
29 37 1431.939
29 38 1779.732
29 39 1806.064
29 40 7016.585
29 41 5131.748
29 42 3838.672
29 43 7201.758
29 44 4442.395
29 45 3007.650
29 46 5292.775
29 47 4116.825
29 48 5747.032
29 49 1342.616
29 50 6221.929
29 51 1922.866
29 52 4235.744
29 53 2790.714
29 54 5731.272
29 55 6695.646
29 56 3253.911
29 57 714.790
29 58 3683.412
29 59 6368.115
29 60 5604.634
29 61 2034.573
29 62 4318.173
29 63 7365.534
29 64 4586.857
29 65 1021.210
29 66 2893.832
29 67 4630.375
29 68 2461.368
29 69 2096.790
29 70 3749.611
29 71 673.658
29 72 3123.230
29 73 4105.783
29 74 3507.717
29 75 5952.681
29 76 2869.156
29 77 1464.752
29 78 5839.518
29 79 2837.850
29 80 2979.497
29 81 4209.312
29 82 4000.766
29 83 3203.147
29 84 3799.960
29 85 1224.722
29 86 2478.623
29 87 3559.544
29 88 5173.184
29 89 2630.300
29 90 5083.377
29 91 4091.040
29 92 2863.830
29 93 4917.281
29 94 3236.623
29 95 2531.653
29 96 5944.255
29 97 5770.331
29 98 3642.946
29 99 1342.393
29 100 2989.014
30 0 4088.831
30 1 3865.700
30 2 9825.119
30 3 2630.940
30 4 5984.222
30 5 6659.819
30 6 4737.029
30 7 5109.338
30 8 4840.960
30 9 4232.047
30 10 9423.107
30 11 8382.705
30 12 8412.150
30 13 7489.626
30 14 3140.011
30 15 4024.292
30 16 3641.703
30 17 5496.085
30 18 3981.483
30 19 6174.758
30 20 7034.190
30 21 7126.786
30 22 4295.836
30 23 3108.550
30 24 1471.088
30 25 2542.749
30 26 6884.555
30 27 2730.595
30 28 1458.582
30 29 4957.945
30 30 0.000
30 31 3501.607
30 32 4186.006
30 33 7154.531
30 34 2625.821
30 35 4335.952
30 36 2789.934
30 37 6017.309
30 38 3237.318
30 39 6667.370
30 40 4156.721
30 41 2337.335
30 42 5288.764
30 43 3896.404
30 44 1762.259
30 45 5717.409
30 46 1045.269
30 47 2857.855
30 48 1286.054
30 49 5349.032
30 50 4744.796
30 51 4969.105
30 52 9167.778
30 53 4743.683
30 54 5123.288
30 55 4253.881
30 56 7071.931
30 57 4810.261
30 58 1840.446
30 59 2605.146
30 60 10312.222
30 61 6495.353
30 62 3277.175
30 63 3490.280
30 64 4326.886
30 65 5056.365
30 66 2068.716
30 67 2942.508
30 68 7142.752
30 69 2866.074
30 70 8705.524
30 71 5595.847
30 72 6103.426
30 73 1147.718
30 74 8276.323
30 75 3396.979
30 76 5297.277
30 77 4023.468
30 78 2865.036
30 79 7638.384
30 80 2811.697
30 81 915.378
30 82 8941.052
30 83 2282.387
30 84 5709.054
30 85 6175.063
30 86 3129.460
30 87 1449.227
30 88 2990.880
30 89 4589.839
30 90 561.962
30 91 2661.382
30 92 6989.094
30 93 2319.779
30 94 4820.808
30 95 3695.094
30 96 1057.680
30 97 2190.073
30 98 8512.265
30 99 6150.313
30 100 7945.408
31 0 4481.571
31 1 6997.104
31 2 8297.173
31 3 6120.376
31 4 6260.955
31 5 4223.757
31 6 6680.119
31 7 1627.150
31 8 5878.967
31 9 1423.932
31 10 7714.226
31 11 6321.702
31 12 6617.715
31 13 5742.385
31 14 6567.492
31 15 5196.520
31 16 3541.736
31 17 5642.993
31 18 3054.434
31 19 4164.047
31 20 6348.335
31 21 4469.312
31 22 4667.620
31 23 6604.326
31 24 3542.007
31 25 5922.274
31 26 5875.679
31 27 1350.538
31 28 4954.123
31 29 4724.671
31 30 3501.607
31 31 0.000
31 32 697.702
31 33 7539.479
31 34 4159.117
31 35 7295.479
31 36 4911.567
31 37 4939.166
31 38 3956.770
31 39 6448.528
31 40 7598.254
31 41 1397.001
31 42 7236.903
31 43 7386.271
31 44 4795.913
31 45 3403.476
31 46 4530.194
31 47 818.572
31 48 2999.630
31 49 4156.298
31 50 7873.992
31 51 3388.028
31 52 8092.026
31 53 6304.294
31 54 1648.280
31 55 7617.005
31 56 4999.039
31 57 4133.509
31 58 4311.251
31 59 6103.306
31 60 8609.216
31 61 5130.000
31 62 5997.517
31 63 6983.447
31 64 937.144
31 65 5460.890
31 66 3133.690
31 67 5878.312
31 68 5841.685
31 69 3375.495
31 70 7843.235
31 71 5073.189
31 72 7342.472
31 73 3916.983
31 74 6898.925
31 75 6723.339
31 76 6723.211
31 77 4842.955
31 78 1627.963
31 79 6415.197
31 80 1918.375
31 81 2782.504
31 82 8322.667
31 83 4363.324
31 84 7486.785
31 85 5598.782
31 86 2335.038
31 87 2859.169
31 88 826.967
31 89 2560.032
31 90 3054.915
31 91 5375.579
31 92 5178.931
31 93 5497.078
31 94 2308.313
31 95 5306.879
31 96 4345.590
31 97 5649.643
31 98 8162.335
31 99 6045.691
31 100 7273.222
32 0 4976.557
32 1 7690.167
32 2 8288.384
32 3 6795.568
32 4 6668.378
32 5 4080.351
32 6 7290.920
32 7 1021.825
32 8 6406.028
32 9 1189.941
32 10 7671.490
32 11 6216.810
32 12 6578.563
32 13 5743.410
32 14 7263.535
32 15 5759.677
32 16 4025.854
32 17 6049.968
32 18 3435.985
32 19 4164.892
32 20 6577.677
32 21 4232.710
32 22 5150.316
32 23 7292.437
32 24 4227.299
32 25 6619.400
32 26 6052.509
32 27 1971.551
32 28 5633.384
32 29 5108.028
32 30 4186.006
32 31 697.702
32 32 0.000
32 33 7932.317
32 34 4792.949
32 35 7979.925
32 36 5566.674
32 37 5141.362
32 38 4522.114
32 39 6765.254
32 40 8294.039
32 41 1989.148
32 42 7840.868
32 43 8076.361
32 44 5491.723
32 45 3359.384
32 46 5219.439
32 47 1489.762
32 48 3603.100
32 49 4378.701
32 50 8565.539
32 51 3575.437
32 52 8192.917
32 53 6882.268
32 54 950.587
32 55 8314.698
32 56 4936.871
32 57 4469.719
32 58 4995.162
32 59 6790.303
32 60 8551.433
32 61 5254.867
32 62 6675.199
32 63 7659.282
32 64 651.299
32 65 5914.722
32 66 3783.668
32 67 6566.946
32 68 5952.377
32 69 3955.357
32 70 7995.978
32 71 5385.419
32 72 7863.177
32 73 4612.983
32 74 6957.855
32 75 7421.018
32 76 7278.030
32 77 5377.442
32 78 2012.901
32 79 6524.738
32 80 2487.429
32 81 3479.913
32 82 8516.377
32 83 5027.789
32 84 8069.589
32 85 5877.321
32 86 2843.746
32 87 3545.739
32 88 1331.213
32 89 2712.025
32 90 3723.962
32 91 6057.693
32 92 5185.122
32 93 6193.796
32 94 2314.313
32 95 5912.135
32 96 5000.741
32 97 6343.022
32 98 8412.261
32 99 6395.853
32 100 7479.074
33 0 3222.200
33 1 6273.275
33 2 4847.233
33 3 8232.246
33 4 1284.997
33 5 5709.543
33 6 3490.692
33 7 7961.147
33 8 2385.393
33 9 8963.023
33 10 4994.695
33 11 5301.881
33 12 4729.810
33 13 4396.194
33 14 7318.731
33 15 3159.994
33 16 4060.608
33 17 1898.419
33 18 4499.311
33 19 4891.958
33 20 2250.186
33 21 6270.807
33 22 3008.177
33 23 7936.420
33 24 5685.875
33 25 6910.059
33 26 2912.411
33 27 6337.225
33 28 7634.892
33 29 2824.471
33 30 7154.531
33 31 7539.479
33 32 7932.317
33 33 0.000
33 34 4530.702
33 35 5823.540
33 36 4622.589
33 37 3295.319
33 38 4017.525
33 39 1448.417
33 40 7834.613
33 41 7827.362
33 42 3399.379
33 43 8212.696
33 44 6058.758
33 45 5482.681
33 46 7156.167
33 47 6897.438
33 48 8173.102
33 49 3810.440
33 50 6515.220
33 51 4582.612
33 52 3586.943
33 53 2916.557
33 54 8535.337
33 55 7371.159
33 56 5012.821
33 57 3482.404
33 58 5472.491
33 59 7769.705
33 60 5506.398
33 61 3661.019
33 62 5202.816
33 63 8647.466
33 64 7403.462
33 65 2175.913
33 66 5259.474
33 67 5676.585
33 68 3468.001
33 69 4549.944
33 70 2941.443
33 71 2650.035
33 72 1873.864
33 73 6090.755
33 74 3804.569
33 75 6888.706
33 76 2465.295
33 77 3140.782
33 78 8560.083
33 79 3339.869
33 80 5731.138
33 81 6591.688
33 82 2635.400
33 83 4959.967
33 84 3009.779
33 85 2356.476
33 86 5247.136
33 87 5943.547
33 88 7942.809
33 89 5386.853
33 90 7425.673
33 91 5331.861
33 92 4478.102
33 93 6254.875
33 94 5968.632
33 95 3637.678
33 96 7989.233
33 97 7231.964
33 98 1931.267
33 99 1597.187
33 100 2275.180
34 0 1622.729
34 1 3386.026
34 2 7655.474
34 3 4116.651
34 4 3387.652
34 5 5382.620
34 6 2543.527
34 7 5358.448
34 8 2228.267
34 9 5441.016
34 10 7368.215
34 11 6616.508
34 12 6472.899
34 13 5605.402
34 14 3674.989
34 15 1407.752
34 16 1671.775
34 17 2949.041
34 18 2439.320
34 19 4659.752
34 20 4654.207
34 21 5967.983
34 22 1799.776
34 23 4103.210
34 24 1165.989
34 25 3054.357
34 26 4657.473
34 27 2821.767
34 28 3258.454
34 29 2616.433
34 30 2625.821
34 31 4159.117
34 32 4792.949
34 33 4530.702
34 34 0.000
34 35 3447.871
34 36 855.586
34 37 3933.849
34 38 878.260
34 39 4152.921
34 40 4571.941
34 41 3798.502
34 42 3111.239
34 43 4673.186
34 44 1828.741
34 45 4532.407
34 46 2724.997
34 47 3344.601
34 48 3715.608
34 49 3466.179
34 50 4154.257
34 51 3459.692
34 52 6825.759
34 53 2295.701
34 54 5682.773
34 55 4339.982
34 56 5455.307
34 57 2748.077
34 58 1068.698
34 59 3759.902
34 60 8211.108
34 61 4503.964
34 62 2119.145
34 63 4765.426
34 64 4556.463
34 65 2474.063
34 66 1044.102
34 67 2249.217
34 68 5037.835
34 69 1033.032
34 70 6302.324
34 71 3290.013
34 72 3572.162
34 73 1579.726
34 74 6116.840
34 75 3508.125
34 76 2808.758
34 77 1419.878
34 78 4542.425
34 79 5449.117
34 80 2349.257
34 81 2167.921
34 82 6452.258
34 83 596.326
34 84 3420.789
34 85 3823.307
34 86 2181.044
34 87 1588.706
34 88 4172.549
34 89 3558.562
34 90 2937.123
34 91 1661.850
34 92 5204.328
34 93 2357.010
34 94 4068.102
34 95 1218.993
34 96 3482.622
34 97 3160.142
34 98 5967.125
34 99 3631.809
34 100 5509.062
35 0 4529.683
35 1 665.754
35 2 10198.910
35 3 3344.513
35 4 5287.590
35 5 8732.399
35 6 2339.972
35 7 8682.914
35 8 3818.123
35 9 8367.250
35 10 10086.734
35 11 9660.136
35 12 9371.095
35 13 8607.722
35 14 2044.176
35 15 3533.116
35 16 5020.835
35 17 5224.342
35 18 5846.809
35 19 7949.242
35 20 7079.052
35 21 9337.334
35 22 4583.122
35 23 2703.627
35 24 3753.489
35 25 2124.489
35 26 7354.245
35 27 6059.476
35 28 3561.967
35 29 5459.476
35 30 4335.952
35 31 7295.479
35 32 7979.925
35 33 5823.540
35 34 3447.871
35 35 0.000
35 36 2592.939
35 37 6891.118
35 38 4177.808
35 39 6287.850
35 40 2112.784
35 41 6497.962
35 42 2485.727
35 43 2622.430
35 44 2607.340
35 45 7931.458
35 46 3487.175
35 47 6490.411
35 48 5593.377
35 49 6641.763
35 50 762.972
35 51 6815.165
35 52 9112.458
35 53 2999.727
35 54 8916.817
35 55 1592.086
35 56 8655.103
35 57 5878.468
35 58 2984.784
35 59 2844.033
35 60 10825.291
35 61 7493.910
35 62 1338.274
35 63 3320.953
35 64 7861.845
35 65 4733.356
35 66 4276.650
35 67 1434.189
35 68 7858.773
35 69 4480.007
35 70 8491.118
35 71 6057.808
35 72 4010.819
35 73 3447.509
35 74 8776.732
35 75 1484.932
35 76 3364.756
35 77 4003.655
35 78 7135.819
35 79 8121.654
35 80 5700.190
35 81 4636.685
35 82 8375.685
35 83 3021.171
35 84 2963.803
35 85 6424.928
35 86 5611.399
35 87 4436.366
35 88 7059.659
35 89 7000.578
35 90 4892.244
35 91 1924.271
35 92 8310.668
35 93 2027.376
35 94 7515.905
35 95 2932.602
35 96 4374.996
35 97 2637.140
35 98 7715.733
35 99 5852.222
35 100 7692.437
36 0 2184.734
36 1 2559.956
36 2 8204.220
36 3 3672.726
36 4 3626.978
36 5 6195.854
36 6 1976.512
36 7 6178.867
36 8 2237.214
36 9 6133.074
36 10 7971.029
36 11 7323.343
36 12 7129.330
36 13 6292.107
36 14 3015.433
36 15 1512.957
36 16 2469.383
36 17 3306.239
36 18 3271.564
36 19 5447.773
36 20 5125.447
36 21 6789.567
36 22 2310.200
36 23 3523.214
36 24 1538.670
36 25 2454.898
36 26 5225.079
36 27 3599.886
36 28 3014.095
36 29 3194.352
36 30 2789.934
36 31 4911.567
36 32 5566.674
36 33 4622.589
36 34 855.586
36 35 2592.939
36 36 0.000
36 37 4587.498
36 38 1631.382
36 39 4509.339
36 40 3837.442
36 41 4390.993
36 42 2543.525
36 43 4007.724
36 44 1436.509
36 45 5364.241
36 46 2555.360
36 47 4092.995
36 48 4016.853
36 49 4201.364
36 50 3305.192
36 51 4270.736
36 52 7285.305
36 53 1965.823
36 54 6475.352
36 55 3558.249
36 56 6212.398
36 57 3454.970
36 58 950.538
36 59 3252.408
36 60 8786.003
36 61 5176.887
36 62 1269.740
36 63 4217.690
36 64 5368.761
36 65 2793.653
36 66 1783.376
36 67 1461.079
36 68 5654.984
36 69 1887.068
36 70 6723.909
36 71 3856.717
36 72 3342.858
36 73 1642.334
36 74 6690.057
36 75 2769.516
36 76 2525.377
36 77 1787.390
36 78 5112.917
36 79 6019.206
36 80 3168.910
36 81 2601.678
36 82 6792.746
36 83 580.894
36 84 2933.843
36 85 4339.360
36 86 3031.594
36 87 2154.929
36 88 4837.974
36 89 4409.534
36 90 3220.990
36 91 898.577
36 92 5925.886
36 93 1749.016
36 94 4923.461
36 95 987.859
36 96 3442.284
36 97 2674.318
36 98 6244.440
36 99 4000.042
36 100 5915.731
37 0 2409.288
37 1 7055.580
37 2 3808.824
37 3 8023.159
37 4 2353.582
37 5 2436.757
37 6 4872.529
37 7 4925.314
37 8 3277.182
37 9 6292.365
37 10 3449.788
37 11 2769.249
37 12 2543.926
37 13 1719.074
37 14 7585.675
37 15 3358.574
37 16 2400.805
37 17 1950.944
37 18 2134.416
37 19 1599.346
37 20 1444.149
37 21 3026.152
37 22 2318.729
37 23 8036.546
37 24 4715.946
37 25 6982.711
37 26 948.453
37 27 4072.225
37 28 7061.547
37 29 1431.939
37 30 6017.309
37 31 4939.166
37 32 5141.362
37 33 3295.319
37 34 3933.849
37 35 6891.118
37 36 4587.498
37 37 0.000
37 38 3059.006
37 39 1871.925
37 40 8422.767
37 41 5688.628
37 42 5171.434
37 43 8583.343
37 44 5755.937
37 45 2218.719
37 46 6499.935
37 47 4525.581
37 48 6608.859
37 49 787.477
37 50 7653.678
37 51 1566.272
37 52 3249.462
37 53 4156.148
37 54 5553.358
37 55 8115.495
37 56 1907.360
37 57 1220.259
37 58 4977.911
37 59 7688.783
37 60 4317.146
37 61 602.838
37 62 5742.223
37 63 8697.874
37 64 4528.612
37 65 2294.292
37 66 3973.376
37 67 6038.150
37 68 1129.263
37 69 3203.242
37 70 2920.392
37 71 891.582
37 72 4220.390
37 73 5310.096
37 74 2259.027
37 75 7355.875
37 76 4146.050
37 77 2894.833
37 78 6319.048
37 79 1629.926
37 80 3569.738
37 81 5178.850
37 82 3384.732
37 83 4530.026
37 84 5065.508
37 85 938.933
37 86 3086.133
37 87 4570.231
37 88 5559.987
37 89 2429.774
37 90 6039.887
37 91 5486.011
37 92 1459.217
37 93 6279.139
37 94 2909.457
37 95 3963.368
37 96 7051.338
37 97 7088.141
37 98 3284.683
37 99 1753.138
37 100 2339.628
38 0 851.543
38 1 4190.268
38 2 6802.303
38 3 4973.651
38 4 2785.129
38 5 4568.004
38 6 2826.054
38 7 4940.028
38 8 1957.220
38 9 5330.890
38 10 6499.471
38 11 5739.892
38 12 5595.741
38 13 4727.173
38 14 4551.071
38 15 1240.050
38 16 843.713
38 17 2264.500
38 18 1675.700
38 19 3816.771
38 20 3849.030
38 21 5166.029
38 22 1060.310
38 23 4980.369
38 24 1790.375
38 25 3932.616
38 26 3805.481
38 27 2615.662
38 28 4063.714
38 29 1779.732
38 30 3237.318
38 31 3956.770
38 32 4522.114
38 33 4017.525
38 34 878.260
38 35 4177.808
38 36 1631.382
38 37 3059.006
38 38 0.000
38 39 3430.519
38 40 5435.099
38 41 3902.572
38 42 3350.901
38 43 5549.573
38 44 2697.287
38 45 3753.665
38 46 3513.309
38 47 3184.063
38 48 4164.134
38 49 2593.107
38 50 4912.136
38 51 2644.058
38 52 6013.439
38 53 2361.422
38 54 5345.952
38 55 5182.269
38 56 4592.319
38 57 1869.880
38 58 1922.296
38 59 4630.195
38 60 7348.869
38 61 3626.237
38 62 2887.600
38 63 5638.883
38 64 4180.074
38 65 1854.925
38 66 1243.599
38 67 3083.639
38 68 4168.701
38 69 592.333
38 70 5513.116
38 71 2448.550
38 72 3415.307
38 73 2328.207
38 74 5258.244
38 75 4368.290
38 76 2766.625
38 77 933.568
38 78 4651.788
38 79 4593.279
38 80 2041.289
38 81 2584.155
38 82 5712.025
38 83 1474.072
38 84 3549.861
38 85 3001.944
38 86 1706.542
38 87 1930.579
38 88 4144.166
38 89 2861.901
38 90 3437.254
38 91 2503.654
38 92 4329.533
38 93 3234.522
38 94 3420.670
38 95 1464.030
38 96 4188.363
38 97 4029.669
38 98 5275.180
38 99 2913.007
38 100 4734.367
39 0 2579.598
39 1 6617.782
39 2 3927.115
39 3 8177.222
39 4 1004.698
39 5 4265.036
39 6 3999.284
39 7 6685.905
39 8 2480.701
39 9 7857.140
39 10 3905.713
39 11 3953.895
39 12 3441.399
39 13 2994.376
39 14 7455.864
39 15 3008.831
39 16 3187.590
39 17 1210.287
39 18 3405.271
39 19 3457.479
39 20 901.113
39 21 4822.708
39 22 2376.501
39 23 8012.870
39 24 5216.478
39 25 6948.517
39 26 1492.425
39 27 5358.794
39 28 7405.469
39 29 1806.064
39 30 6667.370
39 31 6448.528
39 32 6765.254
39 33 1448.417
39 34 4152.921
39 35 6287.850
39 36 4509.339
39 37 1871.925
39 38 3430.519
39 39 0.000
39 40 8128.635
39 41 6933.184
39 42 4108.969
39 43 8416.122
39 44 5899.332
39 45 4084.546
39 46 6877.629
39 47 5889.425
39 48 7527.660
39 49 2469.554
39 50 7032.033
39 51 3274.268
39 52 2833.959
39 53 3295.993
39 54 7287.911
39 55 7726.364
39 56 3568.666
39 57 2315.276
39 58 5200.781
39 59 7761.536
39 60 4567.899
39 61 2212.606
39 62 5393.302
39 63 8715.846
39 64 6195.413
39 65 1716.207
39 66 4633.273
39 67 5804.564
39 68 2064.731
39 69 3849.821
39 70 2234.229
39 71 1380.178
39 72 2798.791
39 73 5721.379
39 74 2619.206
39 75 7105.619
39 76 3046.360
39 77 2758.111
39 78 7634.087
39 79 2045.915
39 80 4774.107
39 81 5970.192
39 82 2300.091
39 83 4687.958
39 84 3849.434
39 85 946.385
39 86 4269.842
39 87 5314.482
39 88 6948.406
39 89 4118.264
39 90 6839.585
39 91 5348.131
39 92 3037.078
39 93 6250.360
39 94 4668.294
39 95 3613.419
39 96 7609.052
39 97 7182.283
39 98 1852.055
39 99 521.256
39 100 1423.261
40 0 6014.995
40 1 1564.727
40 2 11966.113
40 3 1969.636
40 4 7154.422
40 5 9927.276
40 6 4353.587
40 7 9155.545
40 8 5657.155
40 9 8384.023
40 10 11776.592
40 11 11159.770
40 12 10961.718
40 13 10129.528
40 14 1031.351
40 15 5179.310
40 16 6242.989
40 17 6983.395
40 18 6974.007
40 19 9228.334
40 20 8848.759
40 21 10495.098
40 22 6124.362
40 23 1208.339
40 24 4313.910
40 25 1691.909
40 26 9022.970
40 27 6581.273
40 28 2838.657
40 29 7016.585
40 30 4156.721
40 31 7598.254
40 32 8294.039
40 33 7834.613
40 34 4571.941
40 35 2112.784
40 36 3837.442
40 37 8422.767
40 38 5435.099
40 39 8128.635
40 40 0.000
40 41 6493.783
40 42 4577.128
40 43 615.681
40 44 2956.555
40 45 9043.657
40 46 3113.050
40 47 6871.680
40 48 5178.399
40 49 8026.481
40 50 1691.131
40 51 8015.760
40 52 10960.241
40 53 4934.378
40 54 9242.048
40 55 549.618
40 56 10026.013
40 57 7288.138
40 58 3684.900
40 59 1664.826
40 60 12567.885
40 61 9013.904
40 62 2740.726
40 63 1483.943
40 64 8342.213
40 65 6469.682
40 66 5048.961
40 67 2386.239
40 68 9476.527
40 69 5535.719
40 70 10360.780
40 71 7667.315
40 72 6075.184
40 73 3774.885
40 74 10481.242
40 75 1068.354
40 76 5372.296
40 77 5569.073
40 78 6978.500
40 79 9812.590
40 80 6399.779
40 81 4820.210
40 82 10313.730
40 83 3997.981
40 84 5065.069
40 85 8113.791
40 86 6475.475
40 87 4910.577
40 88 7145.403
40 89 7991.942
40 90 4688.571
40 91 2940.887
40 92 9758.262
40 93 2272.021
40 94 8410.291
40 95 4552.896
40 96 3678.804
40 97 1966.654
40 98 9682.790
40 99 7654.063
40 100 9551.181
41 0 4617.200
41 1 6105.359
41 2 9289.731
41 3 4870.564
41 4 6548.138
41 5 5431.705
41 6 6319.455
41 7 2995.405
41 8 5849.502
41 9 1900.758
41 10 8757.110
41 11 7454.532
41 12 7670.632
41 13 6761.096
41 14 5476.789
41 15 5074.220
41 16 3780.938
41 17 5953.114
41 18 3593.298
41 19 5226.001
41 20 7004.965
41 21 5748.574
41 22 4827.252
41 23 5422.690
41 24 2868.165
41 25 4868.628
41 26 6636.086
41 27 1616.926
41 28 3731.547
41 29 5131.748
41 30 2337.335
41 31 1397.001
41 32 1989.148
41 33 7827.362
41 34 3798.502
41 35 6497.962
41 36 4390.993
41 37 5688.628
41 38 3902.572
41 39 6933.184
41 40 6493.783
41 41 0.000
41 42 6891.208
41 43 6215.549
41 44 3899.963
41 45 4543.296
41 46 3380.985
41 47 1221.076
41 48 1614.736
41 49 4908.120
41 50 6991.991
41 51 4242.848
41 52 8929.443
41 53 6085.371
41 54 2871.232
41 55 6582.154
41 56 6108.526
41 57 4676.435
41 58 3602.828
41 59 4917.177
41 60 9661.654
41 61 5994.770
41 62 5284.362
41 63 5732.625
41 64 2331.883
41 65 5660.120
41 66 2776.830
41 67 5064.519
41 68 6707.091
41 69 3321.325
41 70 8601.298
41 71 5615.336
41 72 7289.253
41 73 3052.023
41 74 7817.594
41 75 5711.620
41 76 6574.708
41 77 4836.139
41 78 751.044
41 79 7268.824
41 80 2164.798
41 81 1866.573
41 82 9002.909
41 83 3810.549
41 84 7218.688
41 85 6186.606
41 86 2670.535
41 87 2240.593
41 88 678.791
41 89 3533.205
41 90 1815.070
41 91 4641.868
41 92 6204.180
41 93 4557.276
41 94 3464.034
41 95 5016.401
41 96 3039.302
41 97 4527.166
41 98 8741.903
41 99 6471.544
41 100 7950.537
42 0 3202.281
42 1 3025.119
42 2 8021.476
42 3 5402.148
42 4 3119.112
42 5 7384.711
42 6 572.038
42 7 8290.711
42 8 1902.071
42 9 8548.258
42 10 8010.809
42 11 7850.249
42 12 7446.137
42 13 6806.500
42 14 4262.582
42 15 2173.254
42 16 4041.287
42 17 3263.250
42 18 4870.127
42 19 6532.032
42 20 4977.743
42 21 8007.529
42 22 3138.619
42 23 4927.813
42 24 4075.726
42 25 4032.913
42 26 5394.594
42 27 5887.219
42 28 5162.421
42 29 3838.672
42 30 5288.764
42 31 7236.903
42 32 7840.868
42 33 3399.379
42 34 3111.239
42 35 2485.727
42 36 2543.525
42 37 5171.434
42 38 3350.901
42 39 4108.969
42 40 4577.128
42 41 6891.208
42 42 0.000
42 43 5034.372
42 44 3668.783
42 45 6752.411
42 46 4837.451
42 47 6431.973
42 48 6544.203
42 49 5172.296
42 50 3133.880
42 51 5607.586
42 52 6849.741
42 53 1067.363
42 54 8689.176
42 55 4073.189
42 56 7065.522
42 57 4453.184
42 58 3463.523
42 59 4896.846
42 60 8669.212
42 61 5751.856
42 62 2295.849
42 63 5615.388
42 64 7528.135
42 65 2877.738
42 66 4154.993
42 67 2798.437
42 68 5951.669
42 69 3890.990
42 70 6210.136
42 71 4280.629
42 72 1541.566
42 73 4150.328
42 74 6712.422
42 75 3754.125
42 76 1067.676
42 77 2657.466
42 78 7626.342
42 79 6097.172
42 80 5354.956
42 81 5141.618
42 82 6010.823
42 83 3115.409
42 84 502.393
42 85 4486.719
42 86 5056.584
42 87 4653.333
42 88 7283.767
42 89 6075.575
42 90 5750.784
42 91 2736.395
42 92 6629.513
42 93 3528.434
42 94 6673.602
42 95 1930.222
42 96 5782.536
42 97 4471.682
42 98 5323.370
42 99 3762.015
42 100 5441.568
43 0 6190.731
43 1 2013.229
43 2 12201.142
43 3 1479.812
43 4 7461.278
43 5 9957.850
43 6 4762.656
43 7 8973.022
43 8 5968.650
43 9 8085.437
43 10 11978.706
43 11 11289.418
43 12 11127.266
43 13 10273.454
43 14 998.644
43 15 5427.330
43 16 6328.024
43 17 7245.743
43 18 7015.753
43 19 9292.853
43 20 9099.972
43 21 10509.237
43 22 6317.318
43 23 794.156
43 24 4260.859
43 25 1639.689
43 26 9231.153
43 27 6448.024
43 28 2494.086
43 29 7201.758
43 30 3896.404
43 31 7386.271
43 32 8076.361
43 33 8212.696
43 34 4673.186
43 35 2622.430
43 36 4007.724
43 37 8583.343
43 38 5549.573
43 39 8416.122
43 40 615.681
43 41 6215.549
43 42 5034.372
43 43 0.000
43 44 2937.986
43 45 9054.800
43 46 2857.027
43 47 6692.992
43 48 4818.551
43 49 8138.848
43 50 2281.573
43 51 8066.574
43 52 11236.515
43 53 5297.370
43 54 9017.626
43 55 1143.080
43 56 10115.919
43 57 7418.008
43 58 3707.798
43 59 1299.162
43 60 12789.849
43 61 9165.120
43 62 3034.736
43 63 876.860
43 64 8170.533
43 65 6728.993
43 66 5028.352
43 67 2613.130
43 68 9661.426
43 69 5585.224
43 70 10650.094
43 71 7864.186
43 72 6499.424
43 73 3683.195
43 74 10695.371
43 75 1325.045
43 76 5765.426
43 77 5780.882
43 78 6651.947
43 79 10024.707
43 80 6321.974
43 81 4636.974
43 82 10638.805
43 83 4082.188
43 84 5530.386
43 85 8337.100
43 86 6445.113
43 87 4807.749
43 88 6880.663
43 89 7976.412
43 90 4400.485
43 91 3114.072
43 92 9877.396
43 93 2317.418
43 94 8359.772
43 95 4808.304
43 96 3291.796
43 97 1752.653
43 98 10026.547
43 99 7927.945
43 100 9838.780
44 0 3439.490
44 1 2214.710
44 2 9482.752
44 3 2294.154
44 4 5047.958
44 5 7019.940
44 6 3152.464
44 7 6284.293
44 8 3673.510
44 9 5783.705
44 10 9195.619
44 11 8404.751
44 12 8288.759
44 13 7409.607
44 14 1964.304
44 15 2936.458
44 16 3424.427
44 17 4689.447
44 18 4081.248
44 19 6363.493
44 20 6459.202
44 21 7572.268
44 22 3602.600
44 23 2300.423
44 24 1359.850
44 25 1299.664
44 26 6485.158
44 27 3669.375
44 28 1584.149
44 29 4442.395
44 30 1762.259
44 31 4795.913
44 32 5491.723
44 33 6058.758
44 34 1828.741
44 35 2607.340
44 36 1436.509
44 37 5755.937
44 38 2697.287
44 39 5899.332
44 40 2956.555
44 41 3899.963
44 42 3668.783
44 43 2937.986
44 44 0.000
44 45 6117.913
44 46 1175.046
44 47 4020.310
44 48 3045.346
44 49 5249.729
44 50 3099.975
44 51 5133.504
44 52 8630.202
44 53 3327.052
44 54 6440.754
44 55 2866.442
44 56 7199.478
44 57 4556.828
44 58 784.511
44 59 1932.911
44 60 10039.850
44 61 6318.121
44 62 1523.288
44 63 2943.375
44 64 5462.111
44 65 4186.261
44 66 2098.127
44 67 1187.147
44 68 6864.907
44 69 2658.738
44 70 8089.802
44 71 5116.006
44 72 4709.062
44 73 879.024
44 74 7945.417
44 75 1968.504
44 76 3886.549
44 77 3143.734
44 78 4528.589
44 79 7277.377
44 80 3447.617
44 81 2053.924
44 82 8194.423
44 83 1239.551
44 84 4127.401
44 85 5640.319
44 86 3522.785
44 87 1987.509
44 88 4482.856
44 89 5047.140
44 90 2304.823
44 91 941.329
44 92 6986.714
44 93 710.558
44 94 5454.313
44 95 2421.813
44 96 2114.439
44 97 1332.408
44 98 7663.985
44 99 5383.019
44 100 7287.704
45 0 3568.889
45 1 7917.612
45 2 4929.327
45 3 8160.220
45 4 4411.136
45 5 942.665
45 6 6329.159
45 7 2877.586
45 8 4898.777
45 9 4548.787
45 10 4321.529
45 11 2924.022
45 12 3225.666
45 13 2385.985
45 14 8079.620
45 15 4637.198
45 16 2911.207
45 17 3879.164
45 18 2093.642
45 19 822.773
45 20 3600.728
45 21 1454.438
45 22 3614.331
45 23 8379.517
45 24 4811.729
45 25 7417.577
45 26 2958.059
45 27 3115.965
45 28 7045.003
45 29 3007.650
45 30 5717.409
45 31 3403.476
45 32 3359.384
45 33 5482.681
45 34 4532.407
45 35 7931.458
45 36 5364.241
45 37 2218.719
45 38 3753.665
45 39 4084.546
45 40 9043.657
45 41 4543.296
45 42 6752.411
45 43 9054.800
45 44 6117.913
45 45 0.000
45 46 6496.048
45 47 3330.725
45 48 5870.476
45 49 1712.526
45 50 8663.188
45 51 1149.087
45 52 4894.679
45 53 5685.207
45 54 3534.056
45 55 8856.658
45 56 1595.827
45 57 2321.315
45 58 5361.615
45 59 7945.098
45 60 5210.861
45 61 2082.157
45 62 6632.059
45 63 8951.733
45 64 2708.092
45 65 4028.334
45 66 4029.819
45 67 6778.890
45 68 2711.128
45 69 3519.965
45 70 4778.211
45 71 2869.964
45 72 6127.856
45 73 5415.596
45 74 3627.280
45 75 7998.409
45 76 5847.670
45 77 4129.227
45 78 4997.531
45 79 3264.175
45 80 2905.855
45 81 4802.041
45 82 5369.708
45 83 5066.965
45 84 6773.085
45 85 3140.329
45 86 2641.814
45 87 4371.413
45 88 4182.154
45 89 1127.575
45 90 5531.759
45 91 6190.661
45 92 1831.901
45 93 6774.725
45 94 1097.066
45 95 5112.009
45 96 6765.402
45 97 7367.543
45 98 5409.022
45 99 3897.357
45 100 4390.700
46 0 4332.149
46 1 2950.133
46 2 10291.790
46 3 1677.209
46 4 6084.679
46 5 7430.700
46 6 4326.552
46 7 6124.694
46 8 4776.228
46 9 5271.764
46 10 9946.673
46 11 9020.217
46 12 8981.704
46 13 8074.115
46 14 2101.912
46 15 4001.506
46 16 4101.570
46 17 5671.950
46 18 4603.403
46 19 6870.036
46 20 7359.423
46 21 7934.373
46 22 4519.039
46 23 2074.499
46 24 1787.262
46 25 1533.891
46 26 7304.267
46 27 3656.797
46 28 564.216
46 29 5292.775
46 30 1045.269
46 31 4530.194
46 32 5219.439
46 33 7156.167
46 34 2724.997
46 35 3487.175
46 36 2555.360
46 37 6499.935
46 38 3513.309
46 39 6877.629
46 40 3113.050
46 41 3380.985
46 42 4837.451
46 43 2857.027
46 44 1175.046
46 45 6496.048
46 46 0.000
46 47 3852.721
46 48 2154.025
46 49 5903.068
46 50 3807.362
46 51 5639.124
46 52 9526.349
46 53 4489.461
46 54 6160.757
46 55 3230.090
46 56 7748.215
46 57 5279.889
46 58 1691.984
46 59 1575.871
46 60 10816.775
46 61 7024.795
46 62 2626.292
46 63 2511.645
46 64 5329.808
46 65 5188.121
46 66 2561.580
46 67 2198.107
46 68 7627.539
46 69 3298.590
46 70 9017.717
46 71 5959.277
46 72 5872.851
46 73 1191.821
46 74 8741.499
46 75 2397.484
46 76 5050.353
46 77 4131.127
46 78 3881.665
46 79 8083.931
46 80 3628.716
46 81 1812.127
46 82 9177.203
46 83 2209.677
46 84 5300.392
46 85 6515.122
46 86 3856.868
46 87 2124.961
46 88 4036.147
46 89 5376.981
46 90 1578.425
46 91 2101.496
46 92 7606.158
46 93 1475.295
46 94 5677.908
46 95 3540.056
46 96 949.519
46 97 1146.939
46 98 8683.928
46 99 6356.617
46 100 8229.391
47 0 3765.560
47 1 6208.384
47 2 8076.261
47 3 5488.064
47 4 5612.790
47 5 4231.839
47 6 5872.486
47 7 2284.128
47 8 5126.670
47 9 2146.933
47 10 7537.888
47 11 6235.592
47 12 6450.344
47 13 5542.516
47 14 5840.590
47 15 4419.533
47 16 2849.000
47 17 5000.308
47 18 2491.041
47 19 4004.962
47 20 5882.639
47 21 4579.505
47 22 3961.273
47 23 5922.079
47 24 2738.594
47 25 5185.102
47 26 5473.811
47 27 573.563
47 28 4315.160
47 29 4116.825
47 30 2857.855
47 31 818.572
47 32 1489.762
47 33 6897.438
47 34 3344.601
47 35 6490.411
47 36 4092.995
47 37 4525.581
47 38 3184.063
47 39 5889.425
47 40 6871.680
47 41 1221.076
47 42 6431.973
47 43 6692.992
47 44 4020.310
47 45 3330.725
47 46 3852.721
47 47 0.000
47 48 2615.403
47 49 3739.308
47 50 7080.931
47 51 3041.542
47 52 7749.381
47 53 5514.685
47 54 2429.188
47 55 6863.886
47 56 4888.795
47 57 3587.939
47 58 3505.751
47 59 5427.637
47 60 8442.098
47 61 4800.070
47 62 5186.005
47 63 6345.142
47 64 1477.858
47 65 4774.686
47 66 2315.789
47 67 5079.632
47 68 5514.513
47 69 2595.542
47 70 7445.741
47 71 4535.562
47 72 6590.520
47 73 3144.271
47 74 6615.349
47 75 5966.650
47 76 5947.925
47 77 4089.605
47 78 1793.685
47 79 6080.767
47 80 1178.612
47 81 2056.988
47 82 7877.354
47 83 3545.655
47 84 6692.677
47 85 5089.607
47 86 1650.303
47 87 2058.309
47 88 1059.019
47 89 2312.672
47 90 2481.641
47 91 4567.945
47 92 4984.620
47 93 4726.895
47 94 2264.219
47 95 4503.352
47 96 3790.181
47 97 4944.105
47 98 7658.953
47 99 5456.140
47 100 6823.283
48 0 4996.383
48 1 5090.985
48 2 10364.046
48 3 3394.218
48 4 6949.012
48 5 6797.613
48 6 5985.292
48 7 4609.641
48 8 5940.321
48 9 3325.901
48 10 9894.144
48 11 8707.907
48 12 8835.980
48 13 7910.016
48 14 4209.925
48 15 5120.357
48 16 4366.746
48 17 6411.996
48 18 4481.094
48 19 6460.279
48 20 7776.995
48 21 7180.734
48 22 5211.305
48 23 4028.655
48 24 2560.857
48 25 3683.873
48 26 7528.013
48 27 2756.412
48 28 2340.318
48 29 5747.032
48 30 1286.054
48 31 2999.630
48 32 3603.100
48 33 8173.102
48 34 3715.608
48 35 5593.377
48 36 4016.853
48 37 6608.859
48 38 4164.134
48 39 7527.660
48 40 5178.399
48 41 1614.736
48 42 6544.203
48 43 4818.551
48 44 3045.346
48 45 5870.476
48 46 2154.025
48 47 2615.403
48 48 0.000
48 49 5872.465
48 50 5957.214
48 51 5341.594
48 52 9841.209
48 53 5938.166
48 54 4467.263
48 55 5357.178
48 56 7363.511
48 57 5460.783
48 58 3080.900
48 59 3531.548
48 60 10797.278
48 61 7014.314
48 62 4562.985
48 63 4239.794
48 64 3924.402
48 65 6019.052
48 66 2921.473
48 67 4219.098
48 68 7702.846
48 69 3681.706
48 70 9434.512
48 71 6334.629
48 72 7271.195
48 73 2395.387
48 74 8839.010
48 75 4547.656
48 76 6481.469
48 77 5037.199
48 78 1857.791
48 79 8236.125
48 80 3092.970
48 81 1581.515
48 82 9742.936
48 83 3474.516
48 84 6950.017
48 85 6921.896
48 86 3538.429
48 87 2233.667
48 88 2279.294
48 89 4777.509
48 90 796.077
48 91 3946.762
48 92 7373.863
48 93 3566.772
48 94 4848.096
48 95 4867.330
48 96 1533.347
48 97 3255.435
48 98 9378.772
48 99 7024.773
48 100 8714.013
49 0 2116.499
49 1 6736.022
49 2 4498.596
49 3 7476.417
49 4 2700.448
49 5 2213.815
49 6 4800.611
49 7 4222.561
49 8 3279.894
49 9 5519.217
49 10 4074.076
49 11 3155.310
49 12 3079.461
49 13 2172.745
49 14 7140.950
49 15 3165.187
49 16 1827.132
49 17 2169.116
49 18 1393.184
49 19 1360.461
49 20 2200.551
49 21 2836.250
49 22 2095.369
49 23 7548.493
49 24 4117.069
49 25 6513.692
49 26 1734.749
49 27 3293.250
49 28 6467.207
49 29 1342.616
49 30 5349.032
49 31 4156.298
49 32 4378.701
49 33 3810.440
49 34 3466.179
49 35 6641.763
49 36 4201.364
49 37 787.477
49 38 2593.107
49 39 2469.554
49 40 8026.481
49 41 4908.120
49 42 5172.296
49 43 8138.848
49 44 5249.729
49 45 1712.526
49 46 5903.068
49 47 3739.308
49 48 5872.465
49 49 0.000
49 50 7397.541
49 51 814.227
49 52 4022.310
49 53 4115.864
49 54 4835.110
49 55 7759.323
49 56 2017.217
49 57 763.598
49 58 4465.262
49 59 7172.600
49 60 4964.967
49 61 1149.585
49 62 5419.260
49 63 8188.303
49 64 3777.459
49 65 2356.171
49 66 3346.300
49 67 5662.242
49 68 1830.759
49 69 2617.518
49 70 3707.508
49 71 1167.445
49 72 4433.573
49 73 4724.830
49 74 2966.591
49 75 6958.834
49 76 4211.772
49 77 2663.497
49 78 5532.956
49 79 2374.223
49 80 2806.960
49 81 4485.245
49 82 4166.454
49 83 4056.955
49 84 5142.570
49 85 1534.215
49 86 2335.732
49 87 3900.477
49 88 4772.521
49 89 1676.909
49 90 5333.685
49 91 5089.308
49 92 1739.024
49 93 5821.726
49 94 2201.682
49 95 3720.871
49 96 6395.955
49 97 6573.277
49 98 4033.648
49 99 2213.913
49 100 3117.246
50 0 5287.944
50 1 886.651
50 2 10948.952
50 3 3310.906
50 4 6029.507
50 5 9475.114
50 6 3056.681
50 7 9307.417
50 8 4569.897
50 9 8881.857
50 10 10844.483
50 11 10422.785
50 12 10133.612
50 13 9370.514
50 14 2001.238
50 15 4295.936
50 16 5755.848
50 17 5981.293
50 18 6573.495
50 19 8698.760
50 20 7832.003
50 21 10077.083
50 22 5344.290
50 23 2582.781
50 24 4346.796
50 25 2311.463
50 26 8114.910
50 27 6677.875
50 28 3771.810
50 29 6221.929
50 30 4744.796
50 31 7873.992
50 32 8565.539
50 33 6515.220
50 34 4154.257
50 35 762.972
50 36 3305.192
50 37 7653.678
50 38 4912.136
50 39 7032.033
50 40 1691.131
50 41 6991.991
50 42 3133.880
50 43 2281.573
50 44 3099.975
50 45 8663.188
50 46 3807.362
50 47 7080.931
50 48 5957.214
50 49 7397.541
50 50 0.000
50 51 7554.433
50 52 9850.677
50 53 3737.595
50 54 9509.911
50 55 1142.823
50 56 9412.283
50 57 6634.673
50 58 3590.077
50 59 2851.170
50 60 11577.796
50 61 8256.442
50 62 2035.749
50 63 3090.627
50 64 8483.939
50 65 5492.912
50 66 4927.839
50 67 2007.520
50 68 8621.056
50 69 5186.949
50 70 9225.583
50 71 6820.709
50 72 4674.542
50 73 3972.363
50 74 9534.180
50 75 1490.596
50 76 4072.759
50 77 4764.876
50 78 7594.047
50 79 8880.533
50 80 6352.827
50 81 5153.897
50 82 9091.598
50 83 3691.054
50 84 3585.696
50 85 7185.264
50 86 6294.792
50 87 5023.096
50 88 7582.682
50 89 7712.789
50 90 5306.738
50 91 2560.747
50 92 9071.445
50 93 2437.750
50 94 8214.973
50 95 3693.722
50 96 4622.947
50 97 2804.109
50 98 8422.365
50 99 6603.264
50 100 8430.512
51 0 2419.855
51 1 6830.548
51 2 5055.935
51 3 7270.560
51 4 3418.701
51 5 1925.190
51 6 5180.342
51 7 3412.154
51 8 3767.111
51 9 4727.410
51 10 4556.123
51 11 3414.226
51 12 3494.628
51 13 2568.424
51 14 7078.502
51 15 3488.198
51 16 1801.701
51 17 2845.289
51 18 1053.009
51 19 1235.353
51 20 3003.530
51 21 2522.659
51 22 2468.989
51 23 7424.345
51 24 3887.238
51 25 6427.256
51 26 2490.202
51 27 2652.905
51 28 6199.871
51 29 1922.866
51 30 4969.105
51 31 3388.028
51 32 3575.437
51 33 4582.612
51 34 3459.692
51 35 6815.165
51 36 4270.736
51 37 1566.272
51 38 2644.058
51 39 3274.268
51 40 8015.760
51 41 4242.848
51 42 5607.586
51 43 8066.574
51 44 5133.504
51 45 1149.087
51 46 5639.124
51 47 3041.542
51 48 5341.594
51 49 814.227
51 50 7554.433
51 51 0.000
51 52 4718.812
51 53 4540.222
51 54 4021.421
51 55 7799.456
51 56 2110.837
51 57 1212.671
51 58 4358.776
51 59 7013.590
51 60 5460.802
51 61 1760.167
51 62 5531.568
51 63 8028.845
51 64 2967.131
51 65 2931.422
51 66 3095.434
51 67 5707.604
51 68 2475.246
51 69 2483.353
51 70 4455.245
51 71 1934.034
51 72 5040.733
51 73 4501.197
51 74 3575.152
51 75 6958.682
51 76 4718.852
51 77 2980.143
51 78 4827.547
51 79 3044.600
51 80 2249.860
51 81 4069.488
51 82 4947.574
51 83 4018.911
51 84 5640.086
51 85 2345.660
51 86 1845.811
51 87 3547.819
51 88 4045.633
51 89 865.661
51 90 4877.575
51 91 5121.129
51 92 2037.462
51 93 5761.329
51 94 1394.589
51 95 3969.581
51 96 6026.668
51 97 6423.227
51 98 4841.319
51 99 2987.376
51 100 3905.441
52 0 5203.327
52 1 9451.674
52 2 1303.321
52 3 10923.298
52 4 3826.107
52 5 4486.427
52 6 6801.680
52 7 7770.597
52 8 5314.259
52 9 9376.329
52 10 1691.644
52 11 2820.968
52 12 2135.203
52 13 2595.381
52 14 10267.418
52 15 5811.917
52 16 5529.381
52 17 3992.004
52 18 5381.530
52 19 4072.087
52 20 2171.872
52 21 4774.398
52 22 5029.746
52 23 10806.469
52 24 7783.712
52 25 9738.652
52 26 2314.255
52 27 7315.476
52 28 10073.902
52 29 4235.744
52 30 9167.778
52 31 8092.026
52 32 8192.917
52 33 3586.943
52 34 6825.759
52 35 9112.458
52 36 7285.305
52 37 3249.462
52 38 6013.439
52 39 2833.959
52 40 10960.241
52 41 8929.443
52 42 6849.741
52 43 11236.515
52 44 8630.202
52 45 4894.679
52 46 9526.349
52 47 7749.381
52 48 9841.209
52 49 4022.310
52 50 9850.677
52 51 4718.812
52 52 0.000
52 53 6113.815
52 54 8428.141
52 55 10560.322
52 56 3509.801
52 57 4385.075
52 58 7893.542
52 59 10529.663
52 60 1951.687
52 61 2962.845
52 62 8222.274
52 63 11502.991
52 64 7549.702
52 65 4509.011
52 66 7099.517
52 67 8623.385
52 68 2250.381
52 69 6303.749
52 70 646.593
52 71 3577.671
52 72 5402.452
52 73 8341.111
52 74 1297.651
52 75 9931.764
52 76 5812.425
52 77 5501.816
52 78 9541.213
52 79 1676.867
52 80 6819.158
52 81 8370.460
52 82 1160.602
52 83 7395.737
52 84 6524.650
52 85 3011.612
52 86 6333.486
52 87 7739.073
52 88 8764.263
52 89 5532.383
52 90 9241.242
52 91 8147.720
52 92 3093.749
52 93 9034.201
52 94 5879.813
52 95 6428.252
52 96 10172.029
52 97 9940.463
52 98 1819.370
52 99 3309.072
52 100 1420.195
53 0 2138.064
53 1 3383.086
53 2 7219.018
53 3 5370.864
53 4 2292.366
53 5 6325.574
53 6 725.981
53 7 7281.729
53 8 885.547
53 9 7653.326
53 10 7145.736
53 11 6875.160
53 12 6509.114
53 13 5823.982
53 14 4404.990
53 15 1137.595
53 16 2999.239
53 17 2305.707
53 18 3816.914
53 19 5476.319
53 20 4114.805
53 21 6948.418
53 22 2071.260
53 23 5030.799
53 24 3388.349
53 25 4023.318
53 26 4460.458
53 27 4955.481
53 28 4904.098
53 29 2790.714
53 30 4743.683
53 31 6304.294
53 32 6882.268
53 33 2916.557
53 34 2295.701
53 35 2999.727
53 36 1965.823
53 37 4156.148
53 38 2361.422
53 39 3295.993
53 40 4934.378
53 41 6085.371
53 42 1067.363
53 43 5297.370
53 44 3327.052
53 45 5685.207
53 46 4489.461
53 47 5514.685
53 48 5938.166
53 49 4115.864
53 50 3737.595
53 51 4540.222
53 52 6113.815
53 53 0.000
53 54 7704.800
53 55 4490.796
53 56 6034.960
53 57 3389.676
53 58 2912.724
53 59 4892.215
53 60 7853.527
53 61 4746.529
53 62 2290.550
53 63 5740.792
53 64 6535.768
53 65 1869.322
53 66 3310.066
53 67 2774.238
53 68 4999.913
53 69 2930.260
53 70 5491.397
53 71 3271.300
53 72 1383.439
53 73 3599.758
53 74 5836.593
53 75 3972.821
53 76 561.373
53 77 1600.760
53 78 6832.450
53 79 5197.745
53 80 4397.231
53 81 4439.805
53 82 5391.132
53 83 2467.286
53 84 1188.697
53 85 3535.453
53 86 4062.666
53 87 3883.667
53 88 6420.737
53 89 5018.310
53 90 5143.997
53 91 2491.876
53 92 5614.992
53 93 3399.033
53 94 5619.982
53 95 1081.758
53 96 5398.377
53 97 4381.628
53 98 4749.512
53 99 2882.841
53 100 4693.633
54 0 5723.148
54 1 8636.250
54 2 8376.931
54 3 7720.548
54 4 7299.239
54 5 4079.969
54 6 8148.271
54 7 659.209
54 8 7174.800
54 9 1460.860
54 10 7721.543
54 11 6205.156
54 12 6650.242
54 13 5885.912
54 14 8211.921
54 15 6571.817
54 16 4775.029
54 17 6686.840
54 18 4096.557
54 19 4356.207
54 20 6996.469
54 21 4090.287
54 22 5881.756
54 23 8231.634
54 24 5167.221
54 25 7569.137
54 26 6414.677
54 27 2876.491
54 28 6563.864
54 29 5731.272
54 30 5123.288
54 31 1648.280
54 32 950.587
54 33 8535.337
54 34 5682.773
54 35 8916.817
54 36 6475.352
54 37 5553.358
54 38 5345.952
54 39 7287.911
54 40 9242.048
54 41 2871.232
54 42 8689.176
54 43 9017.626
54 44 6440.754
54 45 3534.056
54 46 6160.757
54 47 2429.188
54 48 4467.263
54 49 4835.110
54 50 9509.911
54 51 4021.421
54 52 8428.141
54 53 7704.800
54 54 0.000
54 55 9265.228
54 56 5016.170
54 57 5053.190
54 58 5933.116
54 59 7728.432
54 60 8570.510
54 61 5568.954
54 62 7605.604
54 63 8584.318
54 64 1175.096
54 65 6606.084
54 66 4693.061
54 67 7508.717
54 68 6233.109
54 69 4798.905
54 70 8300.526
54 71 5922.756
54 72 8616.793
54 73 5562.265
54 74 7154.055
54 75 8371.605
54 76 8073.106
54 77 6161.873
54 78 2740.205
54 79 6793.595
54 80 3344.584
54 81 4430.101
54 82 8868.166
54 83 5946.900
54 84 8893.405
54 85 6366.543
54 86 3642.221
54 87 4487.492
54 88 2193.734
54 89 3169.654
54 90 4647.734
54 91 6993.089
54 92 5348.530
54 93 7143.614
54 94 2643.914
54 95 6768.135
54 96 5907.278
54 97 7288.437
54 98 8836.116
54 99 6962.678
54 100 7856.976
55 0 5707.291
55 1 1110.148
55 2 11594.383
55 3 2335.963
55 4 6741.157
55 5 9720.985
55 6 3881.377
55 7 9139.858
55 8 5246.773
55 9 8481.921
55 10 11429.509
55 11 10869.666
55 12 10643.936
55 13 9830.445
55 14 1152.330
55 15 4820.326
55 16 6008.138
55 17 6603.294
55 18 6770.754
55 19 8995.959
55 20 8471.008
55 21 10301.040
55 22 5802.174
55 23 1569.487
55 24 4220.373
55 25 1713.530
55 26 8676.977
55 27 6534.026
55 28 3044.251
55 29 6695.646
55 30 4253.881
55 31 7617.005
55 32 8314.698
55 33 7371.159
55 34 4339.982
55 35 1592.086
55 36 3558.249
55 37 8115.495
55 38 5182.269
55 39 7726.364
55 40 549.618
55 41 6582.154
55 42 4073.189
55 43 1143.080
55 44 2866.442
55 45 8856.658
55 46 3230.090
55 47 6863.886
55 48 5357.178
55 49 7759.323
55 50 1142.823
55 51 7799.456
55 52 10560.322
55 53 4490.796
55 54 9265.228
55 55 0.000
55 56 9770.438
55 57 7010.101
55 58 3536.733
55 59 1947.073
55 60 12204.914
55 61 8712.104
55 62 2380.434
55 63 1979.823
55 64 8319.871
55 65 6094.099
55 66 4916.119
55 67 2098.828
55 68 9147.159
55 69 5336.832
55 70 9952.606
55 71 7334.407
55 72 5586.679
55 73 3726.414
55 74 10127.419
55 75 898.941
55 76 4905.870
55 77 5235.693
55 78 7110.824
55 79 9461.676
55 80 6304.208
55 81 4836.114
55 82 9881.055
55 83 3789.751
55 84 4555.030
55 85 7759.001
55 86 6337.569
55 87 4852.424
55 88 7216.644
55 89 7832.151
55 90 4803.725
55 91 2680.532
55 92 9479.828
55 93 2157.094
55 94 8278.962
55 95 4193.709
55 96 3903.936
55 97 2101.755
55 98 9238.570
55 99 7263.040
55 100 9145.624
56 0 4125.758
56 1 8752.641
56 2 3365.835
56 3 9371.777
56 4 4228.674
56 5 977.438
56 6 6742.023
56 7 4358.253
56 8 5165.044
56 9 6122.555
56 10 2734.683
56 11 1348.482
56 12 1644.144
56 13 915.205
56 14 9120.850
56 15 5155.726
56 16 3788.773
56 17 3857.929
56 18 3148.161
56 19 904.694
56 20 2816.625
56 21 1341.430
56 22 4086.326
56 23 9498.600
56 24 5987.683
56 25 8481.726
56 26 2120.667
56 27 4614.675
56 28 8309.623
56 29 3253.911
56 30 7071.931
56 31 4999.039
56 32 4936.871
56 33 5012.821
56 34 5455.307
56 35 8655.103
56 36 6212.398
56 37 1907.360
56 38 4592.319
56 39 3568.666
56 40 10026.013
56 41 6108.526
56 42 7065.522
56 43 10115.919
56 44 7199.478
56 45 1595.827
56 46 7748.215
56 47 4888.795
56 48 7363.511
56 49 2017.217
56 50 9412.283
56 51 2110.837
56 52 3509.801
56 53 6034.960
56 54 5016.170
56 55 9770.438
56 56 0.000
56 57 2778.194
56 58 6417.400
56 59 9100.915
56 60 3617.734
56 61 1381.378
56 62 7436.183
56 63 10117.601
56 64 4286.708
56 65 4189.138
56 66 5197.232
56 67 7671.990
56 68 1633.162
56 69 4541.237
56 70 3533.787
56 71 2795.901
56 72 6117.919
56 73 6602.028
56 74 2212.185
56 75 8960.075
56 76 6049.854
56 77 4662.567
56 78 6587.040
56 79 2052.697
56 80 4305.648
56 81 6166.393
56 82 4198.162
56 83 6038.074
56 84 6971.642
56 85 2751.549
56 86 3942.618
56 87 5657.772
56 88 5772.672
56 89 2593.569
56 90 6953.872
56 91 7095.232
56 92 541.824
56 93 7799.908
56 94 2691.275
56 95 5728.122
56 96 8129.512
56 97 8506.357
56 98 4409.785
56 99 3591.321
56 100 3359.373
57 0 1353.332
57 1 5979.147
57 2 5024.270
57 3 6812.248
57 4 2257.903
57 5 2940.840
57 6 4060.849
57 7 4486.056
57 8 2580.607
57 9 5544.647
57 10 4667.910
57 11 3873.649
57 12 3732.417
57 13 2857.337
57 14 6419.372
57 15 2407.766
57 16 1180.994
57 17 1660.137
57 18 1096.909
57 19 2104.851
57 20 2338.718
57 21 3563.063
57 22 1341.699
57 23 6847.808
57 24 3495.694
57 25 5802.392
57 26 2079.843
57 27 3074.605
57 28 5841.743
57 29 714.790
57 30 4810.261
57 31 4133.509
57 32 4469.719
57 33 3482.404
57 34 2748.077
57 35 5878.468
57 36 3454.970
57 37 1220.259
57 38 1869.880
57 39 2315.276
57 40 7288.138
57 41 4676.435
57 42 4453.184
57 43 7418.008
57 44 4556.828
57 45 2321.315
57 46 5279.889
57 47 3587.939
57 48 5460.783
57 49 763.598
57 50 6634.673
57 51 1212.671
57 52 4385.075
57 53 3389.676
57 54 5053.190
57 55 7010.101
57 56 2778.194
57 57 0.000
57 58 3775.011
57 59 6487.787
57 60 5537.403
57 61 1761.827
57 62 4661.763
57 63 7500.173
57 64 3924.092
57 65 1718.968
57 66 2756.980
57 67 4915.776
57 68 2349.007
57 69 1983.041
57 70 3977.661
57 71 947.700
57 72 3828.088
57 73 4090.482
57 74 3472.842
57 75 6219.828
57 76 3527.261
57 77 1903.371
57 78 5354.655
57 79 2828.567
57 80 2513.519
57 81 3989.465
57 82 4332.845
57 83 3343.411
57 84 4454.280
57 85 1510.210
57 86 2009.349
57 87 3367.784
57 88 4646.104
57 89 1924.068
57 90 4857.933
57 91 4347.773
57 92 2470.945
57 93 5104.147
57 94 2526.215
57 95 2957.603
57 96 5838.072
57 97 5887.154
57 98 4073.388
57 99 1926.142
57 100 3284.719
58 0 2691.178
58 1 2734.565
58 2 8719.975
58 3 3052.284
58 4 4393.206
58 5 6254.730
58 6 2904.759
58 7 5717.344
58 8 3101.273
58 9 5424.454
58 10 8421.500
58 11 7620.245
58 12 7507.393
58 13 6626.093
58 14 2721.874
58 15 2313.536
58 16 2639.961
58 17 3991.851
58 18 3308.251
58 19 5586.010
58 20 5721.769
58 21 6814.716
58 22 2865.121
58 23 3084.561
58 24 769.880
58 25 2068.620
58 26 5721.907
58 27 3087.883
58 28 2205.532
58 29 3683.412
58 30 1840.446
58 31 4311.251
58 32 4995.162
58 33 5472.491
58 34 1068.698
58 35 2984.784
58 36 950.538
58 37 4977.911
58 38 1922.296
58 39 5200.781
58 40 3684.900
58 41 3602.828
58 42 3463.523
58 43 3707.798
58 44 784.511
58 45 5361.615
58 46 1691.984
58 47 3505.751
58 48 3080.900
58 49 4465.262
58 50 3590.077
58 51 4358.776
58 52 7893.542
58 53 2912.724
58 54 5933.116
58 55 3536.733
58 56 6417.400
58 57 3775.011
58 58 0.000
58 59 2712.777
58 60 9270.633
58 61 5536.731
58 62 1697.898
58 63 3725.846
58 64 4893.915
58 65 3501.568
58 66 1379.854
58 67 1582.572
58 68 6090.803
58 69 1878.698
58 70 7366.234
58 71 4356.691
58 72 4284.117
58 73 692.843
58 74 7178.562
58 75 2654.557
58 76 3470.363
58 77 2445.926
58 78 4295.402
58 79 6512.151
58 80 2785.404
58 81 1750.701
58 82 7500.731
58 83 517.793
58 84 3872.545
58 85 4892.004
58 86 2801.515
58 87 1453.057
58 88 4115.237
58 89 4308.090
58 90 2287.296
58 91 1065.512
58 92 6202.210
58 93 1413.528
58 94 4742.559
58 95 1891.715
58 96 2526.472
58 97 2112.152
58 98 6996.158
58 99 4680.830
58 100 6570.047
59 0 5360.358
59 1 2183.776
59 2 11408.113
59 3 511.005
59 4 6864.041
59 5 8866.338
59 6 4501.309
59 7 7700.533
59 8 5417.762
59 9 6786.501
59 10 11127.956
59 11 10325.263
59 12 10220.165
59 13 9337.442
59 14 850.234
59 15 4757.975
59 16 5345.488
59 17 6558.345
59 18 5961.628
59 19 8248.501
59 20 8363.061
59 21 9395.746
59 22 5515.221
59 23 505.517
59 24 3135.991
59 25 872.987
59 26 8412.061
59 27 5213.828
59 28 1196.946
59 29 6368.115
59 30 2605.146
59 31 6103.306
59 32 6790.303
59 33 7769.705
59 34 3759.902
59 35 2844.033
59 36 3252.408
59 37 7688.783
59 38 4630.195
59 39 7761.536
59 40 1664.826
59 41 4917.177
59 42 4896.846
59 43 1299.162
59 44 1932.911
59 45 7945.098
59 46 1575.871
59 47 5427.637
59 48 3531.548
59 49 7172.600
59 50 2851.170
59 51 7013.590
59 52 10529.663
59 53 4892.215
59 54 7728.432
59 55 1947.073
59 56 9100.915
59 57 6487.787
59 58 2712.777
59 59 0.000
59 60 11969.757
59 61 8249.497
59 62 2635.114
59 63 1016.898
59 64 6905.102
59 65 6046.054
59 66 3925.158
59 67 2131.667
59 68 8797.368
59 69 4564.891
59 70 9974.668
59 71 7041.186
59 72 6215.003
59 73 2529.519
59 74 9874.208
59 75 1383.913
59 76 5419.317
59 77 5028.169
59 78 5356.098
59 79 9205.290
59 80 5136.758
59 81 3379.805
59 82 10040.522
59 83 3166.830
59 84 5397.241
59 85 7556.117
59 86 5308.598
59 87 3615.645
59 88 5583.644
59 89 6843.154
59 90 3102.161
59 91 2443.534
59 92 8906.214
59 93 1521.344
59 94 7187.397
59 95 4179.706
59 96 2017.470
59 97 600.714
59 98 9476.769
59 99 7252.337
59 100 9167.352
60 0 6616.518
60 1 11107.014
60 2 659.166
60 3 12322.514
60 4 5570.827
60 5 4497.010
60 6 8564.021
60 7 7920.560
60 8 7007.949
60 9 9734.160
60 10 905.487
60 11 2366.765
60 12 1994.505
60 13 2901.986
60 14 11800.953
60 15 7389.534
60 16 6717.628
60 17 5607.855
60 18 6349.207
60 19 4451.847
60 20 3746.246
60 21 4528.825
60 22 6476.732
60 23 12292.721
60 24 9033.073
60 25 11228.220
60 26 3562.363
60 27 8104.797
60 28 11377.962
60 29 5604.634
60 30 10312.222
60 31 8609.216
60 32 8551.433
60 33 5506.398
60 34 8211.108
60 35 10825.291
60 36 8786.003
60 37 4317.146
60 38 7348.869
60 39 4567.899
60 40 12567.885
60 41 9661.654
60 42 8669.212
60 43 12789.849
60 44 10039.850
60 45 5210.861
60 46 10816.775
60 47 8442.098
60 48 10797.278
60 49 4964.967
60 50 11577.796
60 51 5460.802
60 52 1951.687
60 53 7853.527
60 54 8570.510
60 55 12204.914
60 56 3617.734
60 57 5537.403
60 58 9270.633
60 59 11969.757
60 60 0.000
60 61 3816.959
60 62 9832.547
60 63 12969.767
60 64 7902.296
60 65 6112.246
60 66 8285.777
60 67 10192.557
60 68 3189.320
60 69 7520.311
60 70 2579.477
60 71 4933.985
60 72 7275.690
60 73 9626.370
60 74 2097.140
60 75 11515.617
60 76 7611.517
60 77 7009.529
60 78 10179.437
60 79 2767.773
60 80 7704.662
60 81 9449.493
60 82 3083.061
60 83 8802.951
60 84 8378.717
60 85 4455.246
60 86 7268.202
60 87 8863.050
60 88 9368.850
60 89 6129.860
60 90 10292.696
60 91 9675.977
60 92 3457.508
60 93 10520.119
60 94 6301.511
60 95 8016.559
60 96 11355.396
60 97 11370.730
60 98 3768.059
60 99 4974.835
60 100 3255.123
61 0 3004.814
61 1 7655.331
61 2 3351.154
61 3 8572.570
61 4 2849.357
61 5 2067.941
61 6 5465.534
61 7 4922.042
61 8 3864.532
61 9 6430.734
61 10 2929.858
61 11 2166.718
61 12 1970.677
61 13 1118.696
61 14 8166.793
61 15 3961.412
61 16 2925.815
61 17 2506.523
61 18 2540.633
61 19 1323.434
61 20 1557.000
61 21 2611.016
61 22 2919.571
61 23 8606.560
61 24 5237.603
61 25 7557.306
61 26 881.970
61 27 4391.321
61 28 7588.184
61 29 2034.573
61 30 6495.353
61 31 5130.000
61 32 5254.867
61 33 3661.019
61 34 4503.964
61 35 7493.910
61 36 5176.887
61 37 602.838
61 38 3626.237
61 39 2212.606
61 40 9013.904
61 41 5994.770
61 42 5751.856
61 43 9165.120
61 44 6318.121
61 45 2082.157
61 46 7024.795
61 47 4800.070
61 48 7014.314
61 49 1149.585
61 50 8256.442
61 51 1760.167
61 52 2962.845
61 53 4746.529
61 54 5568.954
61 55 8712.104
61 56 1381.378
61 57 1761.827
61 58 5536.731
61 59 8249.497
61 60 3816.959
61 61 0.000
61 62 6341.000
61 63 9261.491
61 64 4619.820
61 65 2879.540
61 66 4477.817
61 67 6630.918
61 68 715.117
61 69 3727.459
61 70 2743.539
61 71 1475.254
61 72 4744.991
61 73 5839.582
61 74 1830.452
61 75 7946.307
61 76 4716.297
61 77 3496.541
61 78 6587.637
61 79 1286.289
61 80 3935.335
61 81 5634.624
61 82 3300.093
61 83 5100.157
61 84 5628.799
61 85 1370.176
61 86 3475.891
61 87 5046.245
61 88 5804.730
61 89 2571.593
61 90 6483.038
61 91 6074.879
61 92 886.319
61 93 6856.075
61 94 2955.689
61 95 4565.672
61 96 7539.775
61 97 7648.836
61 98 3330.746
61 99 2209.970
61 100 2308.603
62 0 3338.581
62 1 1317.602
62 2 9227.384
62 3 3130.922
62 4 4429.074
62 5 7455.540
62 6 1867.702
62 7 7355.224
62 8 2934.503
62 9 7121.006
62 10 9050.843
62 11 8503.246
62 12 8265.390
62 13 7459.694
62 14 2115.947
62 15 2443.402
62 16 3730.207
62 17 4242.671
62 18 4540.335
62 19 6694.258
62 20 6108.358
62 21 8052.937
62 22 3425.328
62 23 2741.790
62 24 2465.056
62 25 1762.411
62 26 6297.641
62 27 4738.156
62 28 2889.908
62 29 4318.173
62 30 3277.175
62 31 5997.517
62 32 6675.199
62 33 5202.816
62 34 2119.145
62 35 1338.274
62 36 1269.740
62 37 5742.223
62 38 2887.600
62 39 5393.302
62 40 2740.726
62 41 5284.362
62 42 2295.849
62 43 3034.736
62 44 1523.288
62 45 6632.059
62 46 2626.292
62 47 5186.005
62 48 4562.985
62 49 5419.260
62 50 2035.749
62 51 5531.568
62 52 8222.274
62 53 2290.550
62 54 7605.604
62 55 2380.434
62 56 7436.183
62 57 4661.763
62 58 1697.898
62 59 2635.114
62 60 9832.547
62 61 6341.000
62 62 0.000
62 63 3450.954
62 64 6535.943
62 65 3729.172
62 66 2943.416
62 67 506.495
62 68 6766.954
62 69 3152.131
62 70 7627.120
62 71 4954.132
62 72 3582.720
62 73 2251.461
62 74 7750.589
62 75 1714.689
62 76 2797.156
62 77 2856.136
62 78 5957.635
62 79 7083.744
62 80 4364.777
62 81 3419.329
62 82 7604.218
62 83 1684.417
62 84 2788.307
62 85 5381.931
62 86 4273.961
62 87 3146.356
62 88 5811.460
62 89 5677.364
62 90 3806.772
62 91 642.772
62 92 7123.861
62 93 1236.369
62 94 6184.062
62 95 1816.260
62 96 3574.208
62 97 2178.790
62 98 6993.602
62 99 4914.541
62 100 6816.524
63 0 6355.026
63 1 2668.722
63 2 12402.571
63 3 863.833
63 4 7797.441
63 5 9875.865
63 6 5279.586
63 7 8598.040
63 8 6328.949
63 9 7556.524
63 10 12132.775
63 11 11341.535
63 12 11232.117
63 13 10351.800
63 14 1354.374
63 15 5707.045
63 16 6361.300
63 17 7519.744
63 18 6977.279
63 19 9263.955
63 20 9341.673
63 21 10400.453
63 22 6504.076
63 23 711.214
63 24 4147.439
63 25 1767.335
63 26 9409.342
63 27 6168.266
63 28 2031.831
63 29 7365.534
63 30 3490.280
63 31 6983.447
63 32 7659.282
63 33 8647.466
63 34 4765.426
63 35 3320.953
63 36 4217.690
63 37 8697.874
63 38 5638.883
63 39 8715.846
63 40 1483.943
63 41 5732.625
63 42 5615.388
63 43 876.860
63 44 2943.375
63 45 8951.733
63 46 2511.645
63 47 6345.142
63 48 4239.794
63 49 8188.303
63 50 3090.627
63 51 8028.845
63 52 11502.991
63 53 5740.792
63 54 8584.318
63 55 1979.823
63 56 10117.601
63 57 7500.173
63 58 3725.846
63 59 1016.898
63 60 12969.767
63 61 9261.491
63 62 3450.954
63 63 0.000
63 64 7816.923
63 65 7004.628
63 66 4937.979
63 67 2970.910
63 68 9802.894
63 69 5581.727
63 70 10938.662
63 71 8037.556
63 72 7016.313
63 73 3537.823
63 74 10873.156
63 75 1872.690
63 76 6245.001
63 77 6003.137
63 78 6096.277
63 79 10203.377
63 80 6123.300
63 81 4321.818
63 82 10980.674
63 83 4170.329
63 84 6117.341
63 85 8544.223
63 86 6312.181
63 87 4605.007
63 88 6409.012
63 89 7845.188
63 90 3936.807
63 91 3369.638
63 92 9922.563
63 93 2468.866
63 94 8175.203
63 95 5111.476
63 96 2712.198
63 97 1615.029
63 98 10399.354
63 99 8211.931
63 100 10129.134
64 0 4548.605
64 1 7622.654
64 2 7637.100
64 3 6957.684
64 4 6154.378
64 5 3438.937
64 6 6992.057
64 7 823.881
64 8 5999.706
64 9 1840.917
64 10 7021.152
64 11 5571.805
64 12 5927.821
64 13 5092.363
64 14 7311.811
64 15 5401.205
64 16 3600.050
64 17 5538.876
64 18 2935.001
64 19 3514.520
64 20 5969.911
64 21 3616.866
64 22 4708.690
64 23 7399.904
64 24 4141.635
64 25 6652.907
64 26 5428.842
64 27 1806.069
64 28 5785.451
64 29 4586.857
64 30 4326.886
64 31 937.144
64 32 651.299
64 33 7403.462
64 34 4556.463
64 35 7861.845
64 36 5368.761
64 37 4528.612
64 38 4180.074
64 39 6195.413
64 40 8342.213
64 41 2331.883
64 42 7528.135
64 43 8170.533
64 44 5462.111
64 45 2708.092
64 46 5329.808
64 47 1477.858
64 48 3924.402
64 49 3777.459
64 50 8483.939
64 51 2967.131
64 52 7549.702
64 53 6535.768
64 54 1175.096
64 55 8319.871
64 56 4286.708
64 57 3924.092
64 58 4893.915
64 59 6905.102
64 60 7902.296
64 61 4619.820
64 62 6535.943
64 63 7816.923
64 64 0.000
64 65 5441.053
64 66 3597.856
64 67 6476.478
64 68 5313.072
64 69 3642.563
64 70 7362.920
64 71 4819.411
64 72 7442.491
64 73 4593.640
64 74 6310.046
64 75 7421.219
64 76 6899.102
64 77 4987.506
64 78 2520.372
64 79 5884.438
64 80 2207.384
64 81 3533.837
64 82 7893.453
64 83 4859.804
64 84 7724.008
64 85 5292.205
64 86 2473.915
64 87 3477.776
64 88 1749.876
64 89 2101.516
64 90 3920.211
64 91 5939.691
64 92 4534.424
64 93 6172.018
64 94 1669.955
64 95 5613.152
64 96 5224.501
64 97 6420.918
64 98 7808.423
64 99 5845.946
64 100 6861.344
65 0 1046.592
65 1 4994.777
65 2 5500.483
65 3 6461.162
65 4 931.401
65 5 4560.730
65 6 2592.139
65 7 6085.120
65 8 985.250
65 9 6881.654
65 10 5355.061
65 11 5007.144
65 12 4658.558
65 13 3955.123
65 14 5758.434
65 15 1302.927
65 16 1926.233
65 17 517.007
65 18 2510.027
65 19 3698.249
65 20 2379.205
65 21 5180.429
65 22 833.596
65 23 6303.867
65 24 3587.341
65 25 5237.723
65 26 2623.619
65 27 4206.105
65 28 5706.728
65 29 1021.210
65 30 5056.365
65 31 5460.890
65 32 5914.722
65 33 2175.913
65 34 2474.063
65 35 4733.356
65 36 2793.653
65 37 2294.292
65 38 1854.925
65 39 1716.207
65 40 6469.682
65 41 5660.120
65 42 2877.738
65 43 6728.993
65 44 4186.261
65 45 4028.334
65 46 5188.121
65 47 4774.686
65 48 6019.052
65 49 2356.171
65 50 5492.912
65 51 2931.422
65 52 4509.011
65 53 1869.322
65 54 6606.084
65 55 6094.099
65 56 4189.138
65 57 1718.968
65 58 3501.568
65 59 6046.054
65 60 6112.246
65 61 2879.540
65 62 3729.172
65 63 7004.628
65 64 5441.053
65 65 0.000
65 66 3098.209
65 67 4116.224
65 68 3145.019
65 69 2374.459
65 70 3934.429
65 71 1404.912
65 72 2109.580
65 73 4053.377
65 74 4046.217
65 75 5429.946
65 76 1868.632
65 77 1057.090
65 78 6397.604
65 79 3388.529
65 80 3597.911
65 81 4438.752
65 82 4008.166
65 83 2985.489
65 84 2797.828
65 85 1693.346
65 86 3132.953
65 87 3785.495
65 88 5805.413
65 89 3587.863
65 90 5287.380
65 91 3641.043
65 92 3753.166
65 93 4537.211
65 94 4201.295
65 95 1921.564
65 96 5954.405
65 97 5466.097
65 98 3495.846
65 99 1207.326
65 100 3124.522
66 0 2077.227
66 1 4092.920
66 2 7780.953
66 3 4175.486
66 4 4027.659
66 5 4943.689
66 6 3587.620
66 7 4414.334
66 8 3109.674
66 9 4397.648
66 10 7406.316
66 11 6459.420
66 12 6425.724
66 13 5514.665
66 14 4062.223
66 15 2312.105
66 16 1579.334
66 17 3494.641
66 18 2049.076
66 19 4330.587
66 20 4966.985
66 21 5483.797
66 22 2291.423
66 23 4350.887
66 24 791.883
66 25 3395.328
66 26 4822.274
66 27 1816.846
66 28 3125.603
66 29 2893.832
66 30 2068.716
66 31 3133.690
66 32 3783.668
66 33 5259.474
66 34 1044.102
66 35 4276.650
66 36 1783.376
66 37 3973.376
66 38 1243.599
66 39 4633.273
66 40 5048.961
66 41 2776.830
66 42 4154.993
66 43 5028.352
66 44 2098.127
66 45 4029.819
66 46 2561.580
66 47 2315.789
66 48 2921.473
66 49 3346.300
66 50 4927.839
66 51 3095.434
66 52 7099.517
66 53 3310.066
66 54 4693.061
66 55 4916.119
66 56 5197.232
66 57 2756.980
66 58 1379.854
66 59 3925.158
66 60 8285.777
66 61 4477.817
66 62 2943.416
66 63 4937.979
66 64 3597.856
66 65 3098.209
66 66 0.000
66 67 2930.549
66 68 5102.379
66 69 797.973
66 70 6638.211
66 71 3527.290
66 72 4526.021
66 73 1405.782
66 74 6229.697
66 75 4030.966
66 76 3798.751
66 77 2141.308
66 78 3525.764
66 79 5584.007
66 80 1425.407
66 81 1344.018
66 82 6887.813
66 83 1262.280
66 84 4455.753
66 85 4107.425
66 86 1426.579
66 87 688.040
66 88 3129.285
66 89 2949.458
66 90 2207.247
66 91 2367.380
66 92 5044.656
66 93 2779.251
66 94 3365.018
66 95 2248.773
66 96 3082.376
66 97 3341.109
66 98 6484.668
66 99 4122.549
66 100 5882.832
67 0 3629.486
67 1 1163.268
67 2 9597.244
67 3 2625.361
67 4 4857.501
67 5 7631.448
67 6 2373.772
67 7 7299.916
67 8 3372.616
67 9 6933.349
67 10 9394.084
67 11 8781.987
67 12 8575.808
67 13 7747.746
67 14 1657.433
67 15 2815.475
67 16 3912.090
67 17 4632.846
67 18 4687.308
67 19 6898.626
67 20 6489.526
67 21 8217.006
67 22 3738.380
67 23 2259.835
67 24 2342.040
67 25 1258.685
67 26 6641.294
67 27 4670.431
67 28 2416.002
67 29 4630.375
67 30 2942.508
67 31 5878.312
67 32 6566.946
67 33 5676.585
67 34 2249.217
67 35 1434.189
67 36 1461.079
67 37 6038.150
67 38 3083.639
67 39 5804.564
67 40 2386.239
67 41 5064.519
67 42 2798.437
67 43 2613.130
67 44 1187.147
67 45 6778.890
67 46 2198.107
67 47 5079.632
67 48 4219.098
67 49 5662.242
67 50 2007.520
67 51 5707.604
67 52 8623.385
67 53 2774.238
67 54 7508.717
67 55 2098.828
67 56 7671.990
67 57 4915.776
67 58 1582.572
67 59 2131.667
67 60 10192.557
67 61 6630.918
67 62 506.495
67 63 2970.910
67 64 6476.478
67 65 4116.224
67 66 2930.549
67 67 0.000
67 68 7090.611
67 69 3262.529
67 70 8038.065
67 71 5282.406
67 72 4083.561
67 73 2013.395
67 74 8102.112
67 75 1324.076
67 76 3291.653
67 77 3186.140
67 78 5708.369
67 79 7432.501
67 80 4352.825
67 81 3202.505
67 82 8040.102
67 83 1724.279
67 84 3292.745
67 85 5737.325
67 86 4320.725
67 87 3021.441
67 88 5626.165
67 89 5779.702
67 90 3490.219
67 91 588.243
67 92 7386.579
67 93 752.959
67 94 6255.577
67 95 2195.196
67 96 3136.838
67 97 1673.668
67 98 7442.459
67 99 5314.896
67 100 7226.696
68 0 3470.727
68 1 8069.533
68 2 2682.463
68 3 9140.397
68 4 2896.477
68 5 2511.782
68 6 5725.851
68 7 5580.774
68 8 4116.087
68 9 7132.296
68 10 2330.787
68 11 1915.407
68 12 1514.112
68 13 930.570
68 14 8666.209
68 15 4339.849
68 16 3529.867
68 17 2696.851
68 18 3222.122
68 19 1905.045
68 20 1222.059
68 21 2968.770
68 22 3352.232
68 23 9134.517
68 24 5844.510
68 25 8075.296
68 26 578.403
68 27 5100.907
68 28 8188.644
68 29 2461.368
68 30 7142.752
68 31 5841.685
68 32 5952.377
68 33 3468.001
68 34 5037.835
68 35 7858.773
68 36 5654.984
68 37 1129.263
68 38 4168.701
68 39 2064.731
68 40 9476.527
68 41 6707.091
68 42 5951.669
68 43 9661.426
68 44 6864.907
68 45 2711.128
68 46 7627.539
68 47 5514.513
68 48 7702.846
68 49 1830.759
68 50 8621.056
68 51 2475.246
68 52 2250.381
68 53 4999.913
68 54 6233.109
68 55 9147.159
68 56 1633.162
68 57 2349.007
68 58 6090.803
68 59 8797.368
68 60 3189.320
68 61 715.117
68 62 6766.954
68 63 9802.894
68 64 5313.072
68 65 3145.019
68 66 5102.379
68 67 7090.611
68 68 0.000
68 69 4332.016
68 70 2068.094
68 71 1812.860
68 72 4798.617
68 73 6437.050
68 74 1138.013
68 75 8413.527
68 76 4891.121
68 77 3911.868
68 78 7302.622
68 79 573.922
68 80 4634.345
68 81 6296.922
68 82 2667.568
68 83 5632.565
68 84 5771.042
68 85 1466.687
68 86 4166.471
68 87 5694.533
68 88 6519.755
68 89 3282.006
68 90 7153.275
68 91 6552.201
68 92 1097.107
68 93 7368.998
68 94 3644.314
68 95 4961.243
68 96 8179.102
68 97 8197.197
68 98 2795.234
68 99 2230.337
68 100 1745.492
69 0 1330.886
69 1 4410.535
69 2 7004.317
69 3 4859.236
69 4 3292.787
69 5 4391.816
69 6 3350.014
69 7 4420.932
69 8 2548.917
69 9 4741.705
69 10 6648.165
69 11 5762.838
69 12 5689.460
69 13 4789.786
69 14 4595.537
69 15 1824.071
69 16 803.048
69 17 2735.511
69 18 1438.311
69 19 3707.670
69 20 4169.012
69 21 4965.192
69 22 1546.514
69 23 4957.364
69 24 1512.829
69 25 3946.863
69 26 4033.717
69 27 2029.685
69 28 3861.401
69 29 2096.790
69 30 2866.074
69 31 3375.495
69 32 3955.357
69 33 4549.944
69 34 1033.032
69 35 4480.007
69 36 1887.068
69 37 3203.242
69 38 592.333
69 39 3849.821
69 40 5535.719
69 41 3321.325
69 42 3890.990
69 43 5585.224
69 44 2658.738
69 45 3519.965
69 46 3298.590
69 47 2595.542
69 48 3681.706
69 49 2617.518
69 50 5186.949
69 51 2483.353
69 52 6303.749
69 53 2930.260
69 54 4798.905
69 55 5336.832
69 56 4541.237
69 57 1983.041
69 58 1878.698
69 59 4564.891
69 60 7520.311
69 61 3727.459
69 62 3152.131
69 63 5581.727
69 64 3642.563
69 65 2374.459
69 66 797.973
69 67 3262.529
69 68 4332.016
69 69 0.000
69 70 5840.245
69 71 2729.801
69 72 4007.640
69 73 2112.139
69 74 5452.753
69 75 4483.140
69 76 3352.442
69 77 1520.251
69 78 4068.806
69 79 4801.744
69 80 1468.154
69 81 2120.876
69 82 6093.763
69 83 1547.083
69 84 4115.658
69 85 3309.473
69 86 1190.145
69 87 1466.536
69 88 3551.980
69 89 2526.384
69 90 2992.399
69 91 2674.553
69 92 4343.675
69 93 3277.981
69 94 3037.246
69 95 1970.609
69 96 3871.638
69 97 3967.966
69 98 5701.864
69 99 3343.815
69 100 5085.726
70 0 4685.667
70 1 8842.935
70 2 1923.053
70 3 10378.704
70 4 3211.796
70 5 4491.048
70 6 6172.849
70 7 7648.732
70 8 4706.373
70 9 9167.602
70 10 2205.541
70 11 3083.556
70 12 2393.722
70 13 2632.068
70 14 9687.796
70 15 5235.348
70 16 5085.692
70 17 3418.919
70 18 5018.953
70 19 3966.689
70 20 1671.334
70 21 4852.728
70 22 4502.555
70 23 10238.296
70 24 7296.783
70 25 9172.009
70 26 1973.060
70 27 6984.450
70 28 9559.159
70 29 3749.611
70 30 8705.524
70 31 7843.235
70 32 7995.978
70 33 2941.443
70 34 6302.324
70 35 8491.118
70 36 6723.909
70 37 2920.392
70 38 5513.116
70 39 2234.229
70 40 10360.780
70 41 8601.298
70 42 6210.136
70 43 10650.094
70 44 8089.802
70 45 4778.211
70 46 9017.717
70 47 7445.741
70 48 9434.512
70 49 3707.508
70 50 9225.583
70 51 4455.245
70 52 646.593
70 53 5491.397
70 54 8300.526
70 55 9952.606
70 56 3533.787
70 57 3977.661
70 58 7366.234
70 59 9974.668
70 60 2579.477
70 61 2743.539
70 62 7627.120
70 63 10938.662
70 64 7362.920
70 65 3934.429
70 66 6638.211
70 67 8038.065
70 68 2068.094
70 69 5840.245
70 70 0.000
70 71 3113.579
70 72 4756.882
70 73 7839.599
70 74 1414.241
70 75 9339.790
70 76 5177.590
70 77 4949.467
70 78 9238.984
70 79 1519.842
70 80 6461.789
70 81 7933.870
70 82 703.796
70 83 6861.914
70 84 5880.513
70 85 2530.823
70 86 5965.998
70 87 7292.713
70 88 8479.568
70 89 5298.340
70 90 8807.810
70 91 7575.003
70 92 3057.906
70 93 8470.513
70 94 5699.065
70 95 5845.233
70 96 9693.044
70 97 9389.746
70 98 1234.891
70 99 2727.619
70 100 811.375
71 0 1682.764
71 1 6257.200
71 2 4367.102
71 3 7406.623
71 4 1545.520
71 5 3252.643
71 6 3990.892
71 7 5331.182
71 8 2389.498
71 9 6478.658
71 10 4114.699
71 11 3618.510
71 12 3317.235
71 13 2563.957
71 14 6871.926
71 15 2530.336
71 16 1973.680
71 17 1072.704
71 18 2044.580
71 19 2391.510
71 20 1445.118
71 21 3860.415
71 22 1546.977
71 23 7358.798
71 24 4206.763
71 25 6294.299
71 26 1371.934
71 27 4019.281
71 28 6511.708
71 29 673.658
71 30 5595.847
71 31 5073.189
71 32 5385.419
71 33 2650.035
71 34 3290.013
71 35 6057.808
71 36 3856.717
71 37 891.582
71 38 2448.550
71 39 1380.178
71 40 7667.315
71 41 5615.336
71 42 4280.629
71 43 7864.186
71 44 5116.006
71 45 2869.964
71 46 5959.277
71 47 4535.562
71 48 6334.629
71 49 1167.445
71 50 6820.709
71 51 1934.034
71 52 3577.671
71 53 3271.300
71 54 5922.756
71 55 7334.407
71 56 2795.901
71 57 947.700
71 58 4356.691
71 59 7041.186
71 60 4933.985
71 61 1475.254
71 62 4954.132
71 63 8037.556
71 64 4819.411
71 65 1404.912
71 66 3527.290
71 67 5282.406
71 68 1812.860
71 69 2729.801
71 70 3113.579
71 71 0.000
71 72 3356.542
71 73 4770.304
71 74 2836.846
71 75 6606.167
71 76 3254.860
71 77 2099.728
71 78 6299.444
71 79 2166.364
71 80 3450.590
71 81 4821.227
71 82 3415.529
71 83 3876.695
71 84 4175.745
71 85 587.269
71 86 2944.971
71 87 4179.134
71 88 5593.798
71 89 2756.029
71 90 5695.502
71 91 4751.015
71 92 2348.907
71 93 5586.260
71 94 3324.800
71 95 3149.513
71 96 6594.627
71 97 6443.637
71 98 3128.233
71 99 1053.526
71 100 2379.520
72 0 2894.039
72 1 4511.719
72 2 6619.881
72 3 6704.585
72 4 1908.064
72 5 6604.579
72 6 1739.973
72 7 8129.579
72 8 1464.193
72 9 8736.106
72 10 6678.720
72 11 6712.967
72 12 6233.385
72 13 5705.986
72 14 5665.020
72 15 2215.643
72 16 3844.332
72 17 2285.566
72 18 4554.769
72 19 5740.875
72 20 3698.823
72 21 7215.779
72 22 2738.178
72 23 6312.760
72 24 4710.713
72 25 5342.120
72 26 4221.700
72 27 6018.407
72 28 6283.054
72 29 3123.230
72 30 6103.426
72 31 7342.472
72 32 7863.177
72 33 1873.864
72 34 3572.162
72 35 4010.819
72 36 3342.858
72 37 4220.390
72 38 3415.307
72 39 2798.791
72 40 6075.184
72 41 7289.253
72 42 1541.566
72 43 6499.424
72 44 4709.062
72 45 6127.856
72 46 5872.851
72 47 6590.520
72 48 7271.195
72 49 4433.573
72 50 4674.542
72 51 5040.733
72 52 5402.452
72 53 1383.439
72 54 8616.793
72 55 5586.679
72 56 6117.919
72 57 3828.088
72 58 4284.117
72 59 6215.003
72 60 7275.690
72 61 4744.991
72 62 3582.720
72 63 7016.313
72 64 7442.491
72 65 2109.580
72 66 4526.021
72 67 4083.561
72 68 4798.617
72 69 4007.640
72 70 4756.882
72 71 3356.542
72 72 0.000
72 73 4965.562
72 74 5411.270
72 75 5190.748
72 76 822.622
72 77 2501.379
72 78 8040.283
72 79 4843.173
72 80 5426.591
72 81 5739.807
72 82 4504.653
72 83 3821.081
72 84 1136.231
72 85 3389.011
72 86 5021.812
72 87 5149.023
72 88 7559.118
72 89 5681.837
72 90 6481.626
72 91 3856.635
72 92 5629.287
72 93 4748.108
72 94 6296.414
72 95 2409.547
72 96 6780.642
72 97 5727.473
72 98 3804.926
72 99 2571.639
72 100 4021.726
73 0 3157.850
73 1 3089.180
73 2 9100.015
73 3 2769.903
73 4 4966.777
73 5 6338.091
73 6 3594.457
73 7 5414.303
73 8 3741.479
73 9 4921.727
73 10 8758.183
73 11 7856.307
73 12 7800.648
73 13 6897.463
73 14 2755.061
73 15 2935.373
73 16 2914.231
73 17 4523.115
73 18 3454.174
73 19 5736.287
73 20 6177.130
73 21 6866.372
73 22 3350.665
73 23 2972.289
73 24 614.351
73 25 2085.184
73 26 6112.756
73 27 2811.310
73 28 1751.598
73 29 4105.783
73 30 1147.718
73 31 3916.983
73 32 4612.983
73 33 6090.755
73 34 1579.726
73 35 3447.509
73 36 1642.334
73 37 5310.096
73 38 2328.207
73 39 5721.379
73 40 3774.885
73 41 3052.023
73 42 4150.328
73 43 3683.195
73 44 879.024
73 45 5415.596
73 46 1191.821
73 47 3144.271
73 48 2395.387
73 49 4724.830
73 50 3972.363
73 51 4501.197
73 52 8341.111
73 53 3599.758
73 54 5562.265
73 55 3726.414
73 56 6602.028
73 57 4090.482
73 58 692.843
73 59 2529.519
73 60 9626.370
73 61 5839.582
73 62 2251.461
73 63 3537.823
73 64 4593.640
73 65 4053.377
73 66 1405.782
73 67 2013.395
73 68 6437.050
73 69 2112.139
73 70 7839.599
73 71 4770.304
73 72 4965.562
73 73 0.000
73 74 7549.832
73 75 2827.636
73 76 4155.406
73 77 2999.545
73 78 3709.011
73 79 6892.110
73 80 2639.341
73 81 1189.338
73 82 8017.386
73 83 1151.990
73 84 4564.145
73 85 5329.501
73 86 2780.333
73 87 1135.696
73 88 3616.415
73 89 4315.371
73 90 1605.852
73 91 1610.974
73 92 6439.078
73 93 1582.670
73 94 4678.135
73 95 2562.327
73 96 1903.943
73 97 1957.343
73 98 7544.171
73 99 5200.203
73 100 7056.186
74 0 4519.406
74 1 9034.713
74 2 1551.600
74 3 10230.845
74 4 3593.435
74 5 3188.792
74 6 6557.011
74 7 6495.331
74 8 4971.708
74 9 8146.004
74 10 1310.569
74 11 1683.147
74 12 1006.455
74 13 1297.789
74 14 9705.353
74 15 5307.507
74 16 4652.973
74 17 3552.918
74 18 4359.104
74 19 2805.683
74 20 1734.707
74 21 3488.541
74 22 4380.261
74 23 10195.595
74 24 6963.072
74 25 9131.105
74 26 1465.368
74 27 6219.150
74 28 9300.720
74 29 3507.717
74 30 8276.323
74 31 6898.925
74 32 6957.855
74 33 3804.569
74 34 6116.840
74 35 8776.732
74 36 6690.057
74 37 2259.027
74 38 5258.244
74 39 2619.206
74 40 10481.242
74 41 7817.594
74 42 6712.422
74 43 10695.371
74 44 7945.417
74 45 3627.280
74 46 8741.499
74 47 6615.349
74 48 8839.010
74 49 2966.591
74 50 9534.180
74 51 3575.152
74 52 1297.651
74 53 5836.593
74 54 7154.055
74 55 10127.419
74 56 2212.185
74 57 3472.842
74 58 7178.562
74 59 9874.208
74 60 2097.140
74 61 1830.452
74 62 7750.589
74 63 10873.156
74 64 6310.046
74 65 4046.217
74 66 6229.697
74 67 8102.112
74 68 1138.013
74 69 5452.753
74 70 1414.241
74 71 2836.846
74 72 5411.270
74 73 7549.832
74 74 0.000
74 75 9425.881
74 76 5645.289
74 77 4916.844
74 78 8395.499
74 79 670.875
74 80 5765.102
74 81 7434.045
74 82 2116.402
74 83 6707.653
74 84 6467.834
74 85 2368.666
74 86 5301.453
74 87 6828.984
74 88 7603.119
74 89 4344.800
74 90 8291.154
74 91 7581.300
74 92 1807.128
74 93 8423.022
74 94 4644.657
74 95 5934.536
74 96 9309.587
74 97 9275.569
74 98 2525.671
74 99 2958.814
74 100 1597.688
75 0 4949.049
75 1 819.304
75 2 10918.449
75 3 1871.229
75 4 6143.759
75 5 8874.410
75 6 3451.118
75 7 8241.463
75 8 4648.922
75 9 7612.378
75 10 10718.157
75 11 10091.433
75 12 9895.899
75 13 9061.598
75 14 559.392
75 15 4132.884
75 16 5179.844
75 17 5945.594
75 18 5920.947
75 19 8167.013
75 20 7806.780
75 21 9447.277
75 22 5061.426
75 23 1222.534
75 24 3324.691
75 25 863.930
75 26 7965.339
75 27 5635.169
75 28 2296.315
75 29 5952.681
75 30 3396.979
75 31 6723.339
75 32 7421.018
75 33 6888.706
75 34 3508.125
75 35 1484.932
75 36 2769.516
75 37 7355.875
75 38 4368.290
75 39 7105.619
75 40 1068.354
75 41 5711.620
75 42 3754.125
75 43 1325.045
75 44 1968.504
75 45 7998.409
75 46 2397.484
75 47 5966.650
75 48 4547.656
75 49 6958.834
75 50 1490.596
75 51 6958.682
75 52 9931.764
75 53 3972.821
75 54 8371.605
75 55 898.941
75 56 8960.075
75 57 6219.828
75 58 2654.557
75 59 1383.913
75 60 11515.617
75 61 7946.307
75 62 1714.689
75 63 1872.690
75 64 7421.219
75 65 5429.946
75 66 4030.966
75 67 1324.076
75 68 8413.527
75 69 4483.140
75 70 9339.790
75 71 6606.167
75 72 5190.748
75 73 2827.636
75 74 9425.881
75 75 0.000
75 76 4445.851
75 77 4510.204
75 78 6261.499
75 79 8756.397
75 80 5410.545
75 81 3944.768
75 82 9317.860
75 83 2939.847
75 84 4254.777
75 85 7060.402
75 86 5455.578
75 87 3953.667
75 88 6338.023
75 89 6959.900
75 90 3953.537
75 91 1872.564
75 92 8690.061
75 93 1260.550
75 94 7395.864
75 95 3508.849
75 96 3154.948
75 97 1326.146
75 98 8702.522
75 99 6622.822
75 100 8528.858
76 0 2393.967
76 1 3809.354
76 2 6966.330
76 3 5903.823
76 4 2052.477
76 5 6423.194
76 6 1026.310
76 7 7622.019
76 8 952.784
76 9 8093.515
76 10 6944.899
76 11 6794.969
76 12 6381.361
76 13 5755.492
76 14 4899.930
76 15 1528.392
76 16 3313.918
76 17 2214.062
76 18 4092.359
76 19 5562.641
76 20 3910.719
76 21 7044.264
76 22 2282.017
76 23 5537.489
76 24 3925.350
76 25 4547.645
76 26 4330.891
76 27 5381.487
76 28 5461.509
76 29 2869.156
76 30 5297.277
76 31 6723.211
76 32 7278.030
76 33 2465.295
76 34 2808.758
76 35 3364.756
76 36 2525.377
76 37 4146.050
76 38 2766.625
76 39 3046.360
76 40 5372.296
76 41 6574.708
76 42 1067.676
76 43 5765.426
76 44 3886.549
76 45 5847.670
76 46 5050.353
76 47 5947.925
76 48 6481.469
76 49 4211.772
76 50 4072.759
76 51 4718.852
76 52 5812.425
76 53 561.373
76 54 8073.106
76 55 4905.870
76 56 6049.854
76 57 3527.261
76 58 3470.363
76 59 5419.317
76 60 7611.517
76 61 4716.297
76 62 2797.156
76 63 6245.001
76 64 6899.102
76 65 1868.632
76 66 3798.751
76 67 3291.653
76 68 4891.121
76 69 3352.442
76 70 5177.590
76 71 3254.860
76 72 822.622
76 73 4155.406
76 74 5645.289
76 75 4445.851
76 76 0.000
76 77 1912.101
76 78 7324.309
76 79 5029.599
76 80 4806.321
76 81 4968.303
76 82 5019.024
76 83 3017.158
76 84 930.880
76 85 3428.866
76 86 4438.748
76 87 4396.193
76 88 6882.664
76 89 5270.771
76 90 5688.841
76 91 3040.159
76 92 5598.859
76 93 3938.971
76 94 5881.409
76 95 1614.462
76 96 5959.715
76 97 4920.416
76 98 4351.861
76 99 2694.510
76 100 4397.639
77 0 561.673
77 1 4164.323
77 2 6421.250
77 3 5429.417
77 4 1968.305
77 5 4830.280
77 6 2202.734
77 7 5711.479
77 8 1037.213
77 9 6234.774
77 10 6208.062
77 11 5663.002
77 12 5409.410
77 13 4613.890
77 14 4794.820
77 15 509.360
77 16 1407.195
77 17 1547.896
77 18 2216.159
77 19 4005.976
77 20 3338.610
77 21 5449.757
77 22 579.469
77 23 5310.455
77 24 2552.412
77 25 4242.151
77 26 3455.173
77 27 3517.190
77 28 4651.446
77 29 1464.752
77 30 4023.468
77 31 4842.955
77 32 5377.442
77 33 3140.782
77 34 1419.878
77 35 4003.655
77 36 1787.390
77 37 2894.833
77 38 933.568
77 39 2758.111
77 40 5569.073
77 41 4836.139
77 42 2657.466
77 43 5780.882
77 44 3143.734
77 45 4129.227
77 46 4131.127
77 47 4089.605
77 48 5037.199
77 49 2663.497
77 50 4764.876
77 51 2980.143
77 52 5501.816
77 53 1600.760
77 54 6161.873
77 55 5235.693
77 56 4662.567
77 57 1903.371
77 58 2445.926
77 59 5028.169
77 60 7009.529
77 61 3496.541
77 62 2856.136
77 63 6003.137
77 64 4987.506
77 65 1057.090
77 66 2141.308
77 67 3186.140
77 68 3911.868
77 69 1520.251
77 70 4949.467
77 71 2099.728
77 72 2501.379
77 73 2999.545
77 74 4916.844
77 75 4510.204
77 76 1912.101
77 77 0.000
77 78 5585.314
77 79 4246.827
77 80 2925.794
77 81 3457.302
77 82 5056.841
77 83 1931.033
77 84 2767.525
77 85 2556.379
77 86 2534.014
77 87 2816.028
77 88 5068.476
77 89 3418.676
77 90 4285.092
77 91 2668.183
77 92 4307.124
77 93 3535.539
77 94 4019.283
77 95 1071.155
77 96 4902.396
77 97 4440.850
77 98 4552.921
77 99 2240.093
77 100 4145.124
78 0 5357.169
78 1 6709.702
78 2 9837.623
78 3 5246.976
78 4 7278.434
78 5 5842.428
78 6 7054.329
78 7 3025.785
78 8 6600.156
78 9 1474.281
78 10 9278.747
78 11 7921.523
78 12 8184.938
78 13 7290.782
78 14 5981.317
78 15 5825.190
78 16 4505.020
78 17 6678.893
78 18 4261.560
78 19 5727.832
78 20 7667.370
78 21 6097.254
78 22 5565.861
78 23 5858.575
78 24 3579.971
78 25 5404.514
78 26 7267.358
78 27 2280.195
78 28 4159.153
78 29 5839.518
78 30 2865.036
78 31 1627.963
78 32 2012.901
78 33 8560.083
78 34 4542.425
78 35 7135.819
78 36 5112.917
78 37 6319.048
78 38 4651.788
78 39 7634.087
78 40 6978.500
78 41 751.044
78 42 7626.342
78 43 6651.947
78 44 4528.589
78 45 4997.531
78 46 3881.665
78 47 1793.685
78 48 1857.791
78 49 5532.956
78 50 7594.047
78 51 4827.547
78 52 9541.213
78 53 6832.450
78 54 2740.205
78 55 7110.824
78 56 6587.040
78 57 5354.655
78 58 4295.402
78 59 5356.098
78 60 10179.437
78 61 6587.637
78 62 5957.635
78 63 6096.277
78 64 2520.372
78 65 6397.604
78 66 3525.764
78 67 5708.369
78 68 7302.622
78 69 4068.806
78 70 9238.984
78 71 6299.444
78 72 8040.283
78 73 3709.011
78 74 8395.499
78 75 6261.499
78 76 7324.309
78 77 5585.314
78 78 0.000
78 79 7870.594
78 80 2860.586
78 81 2545.204
78 82 9664.120
78 83 4532.039
78 84 7960.704
78 85 6863.011
78 86 3364.250
78 87 2973.027
78 88 815.893
78 89 4063.072
78 90 2308.439
78 91 5315.225
78 92 6728.821
78 93 5157.115
78 94 3901.170
78 95 5761.144
78 96 3385.657
78 97 5022.997
78 98 9427.541
78 99 7181.598
78 100 8610.182
79 0 3849.077
79 1 8370.935
79 2 2209.418
79 3 9564.322
79 4 2985.521
79 5 2988.206
79 6 5920.903
79 7 6139.439
79 8 4326.204
79 9 7705.455
79 10 1968.626
79 11 1967.703
79 12 1400.137
79 13 1197.860
79 14 9034.525
79 15 4641.355
79 16 4005.063
79 17 2902.330
79 18 3756.679
79 19 2448.925
79 20 1144.825
79 21 3390.947
79 22 3709.386
79 23 9525.157
79 24 6309.188
79 25 8460.465
79 26 794.591
79 27 5659.167
79 28 8641.968
79 29 2837.850
79 30 7638.384
79 31 6415.197
79 32 6524.738
79 33 3339.869
79 34 5449.117
79 35 8121.654
79 36 6019.206
79 37 1629.926
79 38 4593.279
79 39 2045.915
79 40 9812.590
79 41 7268.824
79 42 6097.172
79 43 10024.707
79 44 7277.377
79 45 3264.175
79 46 8083.931
79 47 6080.767
79 48 8236.125
79 49 2374.223
79 50 8880.533
79 51 3044.600
79 52 1676.867
79 53 5197.745
79 54 6793.595
79 55 9461.676
79 56 2052.697
79 57 2828.567
79 58 6512.151
79 59 9205.290
79 60 2767.773
79 61 1286.289
79 62 7083.744
79 63 10203.377
79 64 5884.438
79 65 3388.529
79 66 5584.007
79 67 7432.501
79 68 573.922
79 69 4801.744
79 70 1519.842
79 71 2166.364
79 72 4843.173
79 73 6892.110
79 74 670.875
79 75 8756.397
79 76 5029.599
79 77 4246.827
79 78 7870.594
79 79 0.000
79 80 5181.112
79 81 6807.119
79 82 2154.297
79 83 6039.095
79 84 5873.041
79 85 1703.132
79 86 4705.973
79 87 6193.851
79 88 7090.110
79 89 3855.710
79 90 7669.433
79 91 6910.636
79 92 1550.978
79 93 7752.352
79 94 4215.031
79 95 5268.138
79 96 8666.053
79 97 8606.947
79 98 2374.066
79 99 2335.189
79 100 1334.775
80 0 2587.196
80 1 5513.657
80 2 7278.939
80 3 5304.877
80 4 4446.171
80 5 3848.403
80 6 4808.146
80 7 3011.026
80 8 3962.541
80 9 3312.670
80 10 6801.268
80 11 5639.785
80 12 5744.418
80 13 4817.945
80 14 5389.096
80 15 3281.285
80 16 1674.111
80 17 3837.557
80 18 1442.865
80 19 3401.445
80 20 4847.544
80 21 4320.679
80 22 2782.697
80 23 5599.070
80 24 2087.768
80 25 4718.031
80 26 4509.997
80 27 608.206
80 28 4164.867
80 29 2979.497
80 30 2811.697
80 31 1918.375
80 32 2487.429
80 33 5731.138
80 34 2349.257
80 35 5700.190
80 36 3168.910
80 37 3569.738
80 38 2041.289
80 39 4774.107
80 40 6399.779
80 41 2164.798
80 42 5354.956
80 43 6321.974
80 44 3447.617
80 45 2905.855
80 46 3628.716
80 47 1178.612
80 48 3092.970
80 49 2806.960
80 50 6352.827
80 51 2249.860
80 52 6819.158
80 53 4397.231
80 54 3344.584
80 55 6304.208
80 56 4305.648
80 57 2513.519
80 58 2785.404
80 59 5136.758
80 60 7704.662
80 61 3935.335
80 62 4364.777
80 63 6123.300
80 64 2207.384
80 65 3597.911
80 66 1425.407
80 67 4352.825
80 68 4634.345
80 69 1468.154
80 70 6461.789
80 71 3450.590
80 72 5426.591
80 73 2639.341
80 74 5765.102
80 75 5410.545
80 76 4806.321
80 77 2925.794
80 78 2860.586
80 79 5181.112
80 80 0.000
80 81 1896.326
80 82 6844.457
80 83 2680.523
80 84 5583.508
80 85 4023.161
80 86 505.779
80 87 1521.217
80 88 2211.846
80 89 1778.366
80 90 2649.161
80 91 3792.669
80 92 4285.480
80 93 4150.374
80 94 2051.908
80 95 3428.138
80 96 3860.199
80 97 4585.545
80 98 6577.225
80 99 4321.841
80 100 5793.840
81 0 3421.236
81 1 4268.476
81 2 8977.710
81 3 3476.780
81 4 5369.274
81 5 5744.473
81 6 4571.591
81 7 4340.078
81 8 4377.167
81 9 3732.884
81 10 8555.387
81 11 7483.564
81 12 7531.354
81 13 6606.312
81 14 3788.878
81 15 3560.053
81 16 2848.181
81 17 4838.553
81 18 3102.870
81 19 5267.021
81 20 6266.224
81 21 6212.833
81 22 3635.418
81 23 3870.003
81 24 1066.249
81 25 3140.062
81 26 6069.291
81 27 1848.401
81 28 2311.396
81 29 4209.312
81 30 915.378
81 31 2782.504
81 32 3479.913
81 33 6591.688
81 34 2167.921
81 35 4636.685
81 36 2601.678
81 37 5178.850
81 38 2584.155
81 39 5970.192
81 40 4820.210
81 41 1866.573
81 42 5141.618
81 43 4636.974
81 44 2053.924
81 45 4802.041
81 46 1812.127
81 47 2056.988
81 48 1581.515
81 49 4485.245
81 50 5153.897
81 51 4069.488
81 52 8370.460
81 53 4439.805
81 54 4430.101
81 55 4836.114
81 56 6166.393
81 57 3989.465
81 58 1750.701
81 59 3379.805
81 60 9449.493
81 61 5634.624
81 62 3419.329
81 63 4321.818
81 64 3533.837
81 65 4438.752
81 66 1344.018
81 67 3202.505
81 68 6296.922
81 69 2120.876
81 70 7933.870
81 71 4821.227
81 72 5739.807
81 73 1189.338
81 74 7434.045
81 75 3944.768
81 76 4968.303
81 77 3457.302
81 78 2545.204
81 79 6807.119
81 80 1896.326
81 81 0.000
81 82 8209.956
81 83 2026.218
81 84 5510.513
81 85 5406.808
81 86 2224.929
81 87 656.808
81 88 2429.323
81 89 3674.475
81 90 874.535
81 91 2776.594
81 92 6097.508
81 93 2736.664
81 94 3913.057
81 95 3358.694
81 96 1967.422
81 97 2887.172
81 98 7822.226
81 99 5462.192
81 100 7193.466
82 0 4865.389
82 1 8772.062
82 2 2450.505
82 3 10465.032
82 4 3184.182
82 5 5142.358
82 6 6037.561
82 7 8222.111
82 8 4670.356
82 9 9674.918
82 10 2838.722
82 11 3787.240
82 12 3097.027
82 13 3308.184
82 14 9697.304
82 15 5282.705
82 16 5376.190
82 17 3509.189
82 18 5409.721
82 19 4571.582
82 20 1998.001
82 21 5527.400
82 22 4667.616
82 23 10273.648
82 24 7502.108
82 25 9214.915
82 26 2464.621
82 27 7391.451
82 28 9705.549
82 29 4000.766
82 30 8941.052
82 31 8322.667
82 32 8516.377
82 33 2635.400
82 34 6452.258
82 35 8375.685
82 36 6792.746
82 37 3384.732
82 38 5712.025
82 39 2300.091
82 40 10313.730
82 41 9002.909
82 42 6010.823
82 43 10638.805
82 44 8194.423
82 45 5369.708
82 46 9177.203
82 47 7877.354
82 48 9742.936
82 49 4166.454
82 50 9091.598
82 51 4947.574
82 52 1160.602
82 53 5391.132
82 54 8868.166
82 55 9881.055
82 56 4198.162
82 57 4332.845
82 58 7500.731
82 59 10040.522
82 60 3083.061
82 61 3300.093
82 62 7604.218
82 63 10980.674
82 64 7893.453
82 65 4008.166
82 66 6887.813
82 67 8040.102
82 68 2667.568
82 69 6093.763
82 70 703.796
82 71 3415.529
82 72 4504.653
82 73 8017.386
82 74 2116.402
82 75 9317.860
82 76 5019.024
82 77 5056.841
82 78 9664.120
82 79 2154.297
82 80 6844.457
82 81 8209.956
82 82 0.000
82 83 6987.455
82 84 5640.626
82 85 2830.728
82 86 6341.534
82 87 7559.108
82 88 8924.312
82 89 5805.737
82 90 9083.814
82 91 7611.550
82 92 3705.174
82 93 8523.387
82 94 6242.986
82 95 5869.233
82 96 9898.806
82 97 9466.976
82 98 722.113
82 99 2820.730
82 100 1054.076
83 0 2200.232
83 1 2882.616
83 2 8243.652
83 3 3532.712
83 4 3875.425
83 5 5935.343
83 6 2545.646
83 7 5676.613
83 8 2595.707
83 9 5562.922
83 10 7962.571
83 11 7209.480
83 12 7069.211
83 13 6200.708
83 14 3084.866
83 15 1800.000
83 16 2249.555
83 17 3478.266
83 18 2982.566
83 19 5230.751
83 20 5224.034
83 21 6511.853
83 22 2366.174
83 23 3506.885
83 24 960.696
83 25 2459.191
83 26 5246.406
83 27 3071.411
83 28 2721.287
83 29 3203.147
83 30 2282.387
83 31 4363.324
83 32 5027.789
83 33 4959.967
83 34 596.326
83 35 3021.171
83 36 580.894
83 37 4530.026
83 38 1474.072
83 39 4687.958
83 40 3997.981
83 41 3810.549
83 42 3115.409
83 43 4082.188
83 44 1239.551
83 45 5066.965
83 46 2209.677
83 47 3545.655
83 48 3474.516
83 49 4056.955
83 50 3691.054
83 51 4018.911
83 52 7395.737
83 53 2467.286
83 54 5946.900
83 55 3789.751
83 56 6038.074
83 57 3343.411
83 58 517.793
83 59 3166.830
83 60 8802.951
83 61 5100.157
83 62 1684.417
83 63 4170.329
83 64 4859.804
83 65 2985.489
83 66 1262.280
83 67 1724.279
83 68 5632.565
83 69 1547.083
83 70 6861.914
83 71 3876.695
83 72 3821.081
83 73 1151.990
83 74 6707.653
83 75 2939.847
83 76 3017.158
83 77 1931.033
83 78 4532.039
83 79 6039.095
83 80 2680.523
83 81 2026.218
83 82 6987.455
83 83 0.000
83 84 3491.363
83 85 4401.587
83 86 2604.625
83 87 1576.769
83 88 4264.249
83 89 4055.912
83 90 2679.071
83 91 1140.215
83 92 5795.799
83 93 1764.838
83 94 4533.677
83 95 1413.086
83 96 3031.718
83 97 2567.916
83 98 6479.248
83 99 4168.655
83 100 6063.232
84 0 3282.156
84 1 3518.941
84 2 7725.699
84 3 5901.839
84 4 2889.359
84 5 7354.063
84 6 977.527
84 7 8467.086
84 8 1874.308
84 9 8825.923
84 10 7753.096
84 11 7682.675
84 12 7244.557
84 13 6651.149
84 14 4764.767
84 15 2323.584
84 16 4173.793
84 17 3122.319
84 18 4976.913
84 19 6493.381
84 20 4737.633
84 21 7975.083
84 22 3187.278
84 23 5430.187
84 24 4445.379
84 25 4531.990
84 26 5202.899
84 27 6136.855
84 28 5640.601
84 29 3799.960
84 30 5709.054
84 31 7486.785
84 32 8069.589
84 33 3009.779
84 34 3420.789
84 35 2963.803
84 36 2933.843
84 37 5065.508
84 38 3549.861
84 39 3849.434
84 40 5065.069
84 41 7218.688
84 42 502.393
84 43 5530.386
84 44 4127.401
84 45 6773.085
84 46 5300.392
84 47 6692.677
84 48 6950.017
84 49 5142.570
84 50 3585.696
84 51 5640.086
84 52 6524.650
84 53 1188.697
84 54 8893.405
84 55 4555.030
84 56 6971.642
84 57 4454.280
84 58 3872.545
84 59 5397.241
84 60 8378.717
84 61 5628.799
84 62 2788.307
84 63 6117.341
84 64 7724.008
84 65 2797.828
84 66 4455.753
84 67 3292.745
84 68 5771.042
84 69 4115.658
84 70 5880.513
84 71 4175.745
84 72 1136.231
84 73 4564.145
84 74 6467.834
84 75 4254.777
84 76 930.880
84 77 2767.525
84 78 7960.704
84 79 5873.041
84 80 5583.508
84 81 5510.513
84 82 5640.626
84 83 3491.363
84 84 0.000
84 85 4319.010
84 86 5251.216
84 87 4992.569
84 88 7580.581
84 89 6168.198
84 90 6154.421
84 91 3203.958
84 92 6513.518
84 93 4016.717
84 94 6775.346
84 95 2207.055
84 96 6241.540
84 97 4966.413
84 98 4940.993
84 99 3550.000
84 100 5131.567
85 0 2201.783
85 1 6667.809
85 2 3865.179
85 3 7934.221
85 4 1484.319
85 5 3366.172
85 6 4261.417
85 7 5756.646
85 8 2653.297
85 9 6992.358
85 10 3671.710
85 11 3366.360
85 12 2973.678
85 13 2332.473
85 14 7350.971
85 15 2938.876
85 16 2560.112
85 17 1230.590
85 18 2601.710
85 19 2537.244
85 20 859.974
85 21 3944.173
85 22 2040.940
85 23 7857.847
85 24 4774.755
85 25 6790.398
85 26 930.303
85 27 4583.562
85 28 7063.868
85 29 1224.722
85 30 6175.063
85 31 5598.782
85 32 5877.321
85 33 2356.476
85 34 3823.307
85 35 6424.928
85 36 4339.360
85 37 938.933
85 38 3001.944
85 39 946.385
85 40 8113.791
85 41 6186.606
85 42 4486.719
85 43 8337.100
85 44 5640.319
85 45 3140.329
85 46 6515.122
85 47 5089.607
85 48 6921.896
85 49 1534.215
85 50 7185.264
85 51 2345.660
85 52 3011.612
85 53 3535.453
85 54 6366.543
85 55 7759.001
85 56 2751.549
85 57 1510.210
85 58 4892.004
85 59 7556.117
85 60 4455.246
85 61 1370.176
85 62 5381.931
85 63 8544.223
85 64 5292.205
85 65 1693.346
85 66 4107.425
85 67 5737.325
85 68 1466.687
85 69 3309.473
85 70 2530.823
85 71 587.269
85 72 3389.011
85 73 5329.501
85 74 2368.666
85 75 7060.402
85 76 3428.866
85 77 2556.379
85 78 6863.011
85 79 1703.132
85 80 4023.161
85 81 5406.808
85 82 2830.728
85 83 4401.587
85 84 4319.010
85 85 0.000
85 86 3518.365
85 87 4763.226
85 88 6145.590
85 89 3200.394
85 90 6281.224
85 91 5224.496
85 92 2246.249
85 93 6082.370
85 94 3735.892
85 95 3565.878
85 96 7167.491
85 97 6961.511
85 98 2570.266
85 99 840.054
85 100 1792.342
86 0 2147.126
86 1 5483.123
86 2 6826.049
86 3 5518.470
86 4 3962.506
86 5 3573.972
86 6 4525.814
86 7 3237.248
86 8 3562.681
86 9 3751.038
86 10 6367.680
86 11 5259.081
86 12 5325.081
86 13 4398.136
86 14 5485.669
86 15 2929.954
86 16 1208.285
86 17 3350.205
86 18 951.982
86 19 3045.640
86 20 4345.414
86 21 4088.284
86 22 2332.744
86 23 5751.137
86 24 2185.282
86 25 4817.160
86 26 4021.152
86 27 1095.216
86 28 4409.271
86 29 2478.623
86 30 3129.460
86 31 2335.038
86 32 2843.746
86 33 5247.136
86 34 2181.044
86 35 5611.399
86 36 3031.594
86 37 3086.133
86 38 1706.542
86 39 4269.842
86 40 6475.475
86 41 2670.535
86 42 5056.584
86 43 6445.113
86 44 3522.785
86 45 2641.814
86 46 3856.868
86 47 1650.303
86 48 3538.429
86 49 2335.732
86 50 6294.792
86 51 1845.811
86 52 6333.486
86 53 4062.666
86 54 3642.221
86 55 6337.569
86 56 3942.618
86 57 2009.349
86 58 2801.515
86 59 5308.598
86 60 7268.202
86 61 3475.891
86 62 4273.961
86 63 6312.181
86 64 2473.915
86 65 3132.953
86 66 1426.579
86 67 4320.725
86 68 4166.471
86 69 1190.145
86 70 5965.998
86 71 2944.971
86 72 5021.812
86 73 2780.333
86 74 5301.453
86 75 5455.578
86 76 4438.748
86 77 2534.014
86 78 3364.250
86 79 4705.973
86 80 505.779
86 81 2224.929
86 82 6341.534
86 83 2604.625
86 84 5251.216
86 85 3518.365
86 86 0.000
86 87 1735.309
86 88 2699.634
86 89 1535.077
86 90 3035.160
86 91 3742.570
86 92 3879.288
86 93 4205.700
86 94 1941.491
86 95 3151.019
86 96 4186.951
86 97 4736.814
86 98 6071.448
86 99 3820.911
86 100 5291.775
87 0 2764.875
87 1 4152.769
87 2 8376.995
87 3 3794.787
87 4 4715.345
87 5 5307.265
87 6 4081.332
87 7 4301.037
87 8 3759.286
87 9 3994.822
87 10 7974.437
87 11 6954.628
87 12 6967.613
87 13 6046.858
87 14 3889.960
87 15 2948.634
87 16 2210.175
87 17 4181.988
87 18 2540.209
87 19 4768.691
87 20 5623.140
87 21 5809.770
87 22 2979.271
87 23 4078.691
87 24 683.218
87 25 3220.600
87 26 5445.841
87 27 1681.898
87 28 2674.458
87 29 3559.544
87 30 1449.227
87 31 2859.169
87 32 3545.739
87 33 5943.547
87 34 1588.706
87 35 4436.366
87 36 2154.929
87 37 4570.231
87 38 1930.579
87 39 5314.482
87 40 4910.577
87 41 2240.593
87 42 4653.333
87 43 4807.749
87 44 1987.509
87 45 4371.413
87 46 2124.961
87 47 2058.309
87 48 2233.667
87 49 3900.477
87 50 5023.096
87 51 3547.819
87 52 7739.073
87 53 3883.667
87 54 4487.492
87 55 4852.424
87 56 5657.772
87 57 3367.784
87 58 1453.057
87 59 3615.645
87 60 8863.050
87 61 5046.245
87 62 3146.356
87 63 4605.007
87 64 3477.776
87 65 3785.495
87 66 688.040
87 67 3021.441
87 68 5694.533
87 69 1466.536
87 70 7292.713
87 71 4179.134
87 72 5149.023
87 73 1135.696
87 74 6828.984
87 75 3953.667
87 76 4396.193
87 77 2816.028
87 78 2973.027
87 79 6193.851
87 80 1521.217
87 81 656.808
87 82 7559.108
87 83 1576.769
87 84 4992.569
87 85 4763.226
87 86 1735.309
87 87 0.000
87 88 2691.137
87 89 3252.162
87 90 1525.880
87 91 2518.409
87 92 5553.131
87 93 2698.067
87 94 3571.971
87 95 2804.102
87 96 2496.769
87 97 3066.095
87 98 7166.436
87 99 4805.818
87 100 6546.544
88 0 4782.079
88 1 6696.824
88 2 9033.920
88 3 5546.408
88 4 6657.815
88 5 5027.489
88 6 6715.373
88 7 2349.397
88 8 6100.696
88 9 1309.654
88 10 8469.181
88 11 7106.051
88 12 7374.519
88 13 6484.091
88 14 6123.505
88 15 5360.224
88 16 3885.187
88 17 6048.063
88 18 3549.228
88 19 4917.015
88 20 6932.357
88 21 5290.584
88 22 4983.371
88 23 6088.971
88 24 3356.572
88 25 5504.334
88 26 6506.508
88 27 1605.872
88 28 4402.513
88 29 5173.184
88 30 2990.880
88 31 826.967
88 32 1331.213
88 33 7942.809
88 34 4172.549
88 35 7059.659
88 36 4837.974
88 37 5559.987
88 38 4144.166
88 39 6948.406
88 40 7145.403
88 41 678.791
88 42 7283.767
88 43 6880.663
88 44 4482.856
88 45 4182.154
88 46 4036.147
88 47 1059.019
88 48 2279.294
88 49 4772.521
88 50 7582.682
88 51 4045.633
88 52 8764.263
88 53 6420.737
88 54 2193.734
88 55 7216.644
88 56 5772.672
88 57 4646.104
88 58 4115.237
88 59 5583.644
88 60 9368.850
88 61 5804.730
88 62 5811.460
88 63 6409.012
88 64 1749.876
88 65 5805.413
88 66 3129.285
88 67 5626.165
88 68 6519.755
88 69 3551.980
88 70 8479.568
88 71 5593.798
88 72 7559.118
88 73 3616.415
88 74 7603.119
88 75 6338.023
88 76 6882.664
88 77 5068.476
88 78 815.893
88 79 7090.110
88 80 2211.846
88 81 2429.323
88 82 8924.312
88 83 4264.249
88 84 7580.581
88 85 6145.590
88 86 2699.634
88 87 2691.137
88 88 0.000
88 89 3262.327
88 90 2483.020
88 91 5172.652
88 92 5921.473
88 93 5158.259
88 94 3085.564
88 95 5374.340
88 96 3718.050
88 97 5179.456
88 98 8715.546
88 99 6513.546
88 100 7870.520
89 0 2886.404
89 1 6933.604
89 2 5774.716
89 3 7045.515
89 4 4181.183
89 5 2070.042
89 6 5601.816
89 7 2576.083
89 8 4322.903
89 9 3871.426
89 10 5226.063
89 11 3941.812
89 12 4137.682
89 13 3232.108
89 14 7011.429
89 15 3906.598
89 16 2057.695
89 17 3583.348
89 18 1209.920
89 19 1697.991
89 20 3869.013
89 21 2557.765
89 22 2989.079
89 23 7286.084
89 24 3719.085
89 25 6344.778
89 26 3343.471
89 27 2023.181
89 28 5923.165
89 29 2630.300
89 30 4589.839
89 31 2560.032
89 32 2712.025
89 33 5386.853
89 34 3558.562
89 35 7000.578
89 36 4409.534
89 37 2429.774
89 38 2861.901
89 39 4118.264
89 40 7991.942
89 41 3533.205
89 42 6075.575
89 43 7976.412
89 44 5047.140
89 45 1127.575
89 46 5376.981
89 47 2312.672
89 48 4777.509
89 49 1676.909
89 50 7712.789
89 51 865.661
89 52 5532.383
89 53 5018.310
89 54 3169.654
89 55 7832.151
89 56 2593.569
89 57 1924.068
89 58 4308.090
89 59 6843.154
89 60 6129.860
89 61 2571.593
89 62 5677.364
89 63 7845.188
89 64 2101.516
89 65 3587.863
89 66 2949.458
89 67 5779.702
89 68 3282.006
89 69 2526.384
89 70 5298.340
89 71 2756.029
89 72 5681.837
89 73 4315.371
89 74 4344.800
89 75 6959.900
89 76 5270.771
89 77 3418.676
89 78 4063.072
89 79 3855.710
89 80 1778.366
89 81 3674.475
89 82 5805.737
89 83 4055.912
89 84 6168.198
89 85 3200.394
89 86 1535.077
89 87 3252.162
89 88 3262.327
89 89 0.000
89 90 4410.845
89 91 5193.394
89 92 2672.705
89 93 5719.932
89 94 614.606
89 95 4298.416
89 96 5638.273
89 97 6271.861
89 98 5706.975
89 99 3802.001
89 100 4767.068
90 0 4281.319
90 1 4427.346
90 2 9831.143
90 3 3072.981
90 4 6218.775
90 5 6472.494
90 6 5190.714
90 7 4678.429
90 8 5165.109
90 9 3695.726
90 10 9395.256
90 11 8284.062
90 12 8359.509
90 13 7432.783
90 14 3680.326
90 15 4344.546
90 16 3722.180
90 17 5698.885
90 18 3943.916
90 19 6050.102
90 20 7140.554
90 21 6906.293
90 22 4494.238
90 23 3607.665
90 24 1775.190
90 25 3096.089
90 26 6937.186
90 27 2453.011
90 28 1919.967
90 29 5083.377
90 30 561.962
90 31 3054.915
90 32 3723.962
90 33 7425.673
90 34 2937.123
90 35 4892.244
90 36 3220.990
90 37 6039.887
90 38 3437.254
90 39 6839.585
90 40 4688.571
90 41 1815.070
90 42 5750.784
90 43 4400.485
90 44 2304.823
90 45 5531.759
90 46 1578.425
90 47 2481.641
90 48 796.077
90 49 5333.685
90 50 5306.738
90 51 4877.575
90 52 9241.242
90 53 5143.997
90 54 4647.734
90 55 4803.725
90 56 6953.872
90 57 4857.933
90 58 2287.296
90 59 3102.161
90 60 10292.696
90 61 6483.038
90 62 3806.772
90 63 3936.807
90 64 3920.211
90 65 5287.380
90 66 2207.247
90 67 3490.219
90 68 7153.275
90 69 2992.399
90 70 8807.810
90 71 5695.502
90 72 6481.626
90 73 1605.852
90 74 8291.154
90 75 3953.537
90 76 5688.841
90 77 4285.092
90 78 2308.439
90 79 7669.433
90 80 2649.161
90 81 874.535
90 82 9083.814
90 83 2679.071
90 84 6154.421
90 85 6281.224
90 86 3035.160
90 87 1525.880
90 88 2483.020
90 89 4410.845
90 90 0.000
90 91 3180.619
90 92 6913.715
90 93 2880.147
90 94 4575.975
90 95 4075.361
90 96 1308.630
90 97 2724.534
90 98 8691.343
90 99 6329.700
90 100 8067.991
91 0 3082.726
91 1 1742.405
91 2 9089.429
91 3 2900.398
91 4 4429.366
91 5 7044.451
91 6 2235.518
91 7 6761.611
91 8 2974.280
91 9 6482.305
91 10 8865.713
91 11 8218.884
91 12 8027.897
91 13 7189.515
91 14 2126.763
91 15 2339.886
91 16 3327.658
91 17 4157.514
91 18 4099.245
91 19 6315.455
91 20 5997.444
91 21 7629.167
91 22 3204.040
91 23 2664.852
91 24 1835.335
91 25 1603.386
91 26 6117.140
91 27 4136.019
91 28 2444.808
91 29 4091.040
91 30 2661.382
91 31 5375.579
91 32 6057.693
91 33 5331.861
91 34 1661.850
91 35 1924.271
91 36 898.577
91 37 5486.011
91 38 2503.654
91 39 5348.131
91 40 2940.887
91 41 4641.868
91 42 2736.395
91 43 3114.072
91 44 941.329
91 45 6190.661
91 46 2101.496
91 47 4567.945
91 48 3946.762
91 49 5089.308
91 50 2560.747
91 51 5121.129
91 52 8147.720
91 53 2491.876
91 54 6993.089
91 55 2680.532
91 56 7095.232
91 57 4347.773
91 58 1065.512
91 59 2443.534
91 60 9675.977
91 61 6074.879
91 62 642.772
91 63 3369.638
91 64 5939.691
91 65 3641.043
91 66 2367.380
91 67 588.243
91 68 6552.201
91 69 2674.553
91 70 7575.003
91 71 4751.015
91 72 3856.635
91 73 1610.974
91 74 7581.300
91 75 1872.564
91 76 3040.159
91 77 2668.183
91 78 5315.225
91 79 6910.636
91 80 3792.669
91 81 2776.594
91 82 7611.550
91 83 1140.215
91 84 3203.958
91 85 5224.496
91 86 3742.570
91 87 2518.409
91 88 5172.652
91 89 5193.394
91 90 3180.619
91 91 0.000
91 92 6818.404
91 93 923.605
91 94 5673.829
91 95 1742.529
91 96 3048.348
91 97 1901.083
91 98 7037.151
91 99 4847.384
91 100 6764.463
92 0 3789.298
92 1 8441.328
92 2 3118.345
92 3 9200.816
92 4 3729.723
92 5 1437.229
92 6 6330.201
92 7 4689.542
92 8 4736.395
92 9 6375.062
92 10 2553.374
92 11 1419.198
92 12 1468.678
92 13 563.471
92 14 8879.310
92 15 4787.599
92 16 3562.385
92 17 3391.651
92 18 3013.923
92 19 1021.059
92 20 2274.973
92 21 1871.667
92 22 3727.674
92 23 9286.271
92 24 5827.106
92 25 8252.705
92 26 1579.679
92 27 4655.710
92 28 8170.048
92 29 2863.830
92 30 6989.094
92 31 5178.931
92 32 5185.122
92 33 4478.102
92 34 5204.328
92 35 8310.668
92 36 5925.886
92 37 1459.217
92 38 4329.533
92 39 3037.078
92 40 9758.262
92 41 6204.180
92 42 6629.513
92 43 9877.396
92 44 6986.714
92 45 1831.901
92 46 7606.158
92 47 4984.620
92 48 7373.863
92 49 1739.024
92 50 9071.445
92 51 2037.462
92 52 3093.749
92 53 5614.992
92 54 5348.530
92 55 9479.828
92 56 541.824
92 57 2470.945
92 58 6202.210
92 59 8906.214
92 60 3457.508
92 61 886.319
92 62 7123.861
92 63 9922.563
92 64 4534.424
92 65 3753.166
92 66 5044.656
92 67 7386.579
92 68 1097.107
92 69 4343.675
92 70 3057.906
92 71 2348.907
92 72 5629.287
92 73 6439.078
92 74 1807.128
92 75 8690.061
92 76 5598.859
92 77 4307.124
92 78 6728.821
92 79 1550.978
92 80 4285.480
92 81 6097.508
92 82 3705.174
92 83 5795.799
92 84 6513.518
92 85 2246.249
92 86 3879.288
92 87 5553.131
92 88 5921.473
92 89 2672.705
92 90 6913.715
92 91 6818.404
92 92 0.000
92 93 7560.472
92 94 2885.435
92 95 5378.068
92 96 8045.033
92 97 8307.681
92 98 3885.565
92 99 3082.721
92 100 2834.515
93 0 3904.511
93 1 1552.602
93 2 9945.064
93 3 1978.006
93 4 5344.410
93 5 7664.622
93 6 3074.855
93 7 6993.902
93 8 3896.914
93 9 6451.433
93 10 9694.155
93 11 8973.452
93 12 8822.125
93 13 7961.042
93 14 1320.944
93 15 3242.823
93 16 4011.368
93 17 5051.726
93 18 4714.116
93 19 6982.850
93 20 6874.081
93 21 8227.414
93 22 4045.286
93 23 1775.602
93 24 2064.141
93 25 708.263
93 26 6957.764
93 27 4379.929
93 28 1663.055
93 29 4917.281
93 30 2319.779
93 31 5497.078
93 32 6193.796
93 33 6254.875
93 34 2357.010
93 35 2027.376
93 36 1749.016
93 37 6279.139
93 38 3234.522
93 39 6250.360
93 40 2272.021
93 41 4557.276
93 42 3528.434
93 43 2317.418
93 44 710.558
93 45 6774.725
93 46 1475.295
93 47 4726.895
93 48 3566.772
93 49 5821.726
93 50 2437.750
93 51 5761.329
93 52 9034.201
93 53 3399.033
93 54 7143.614
93 55 2157.094
93 56 7799.908
93 57 5104.147
93 58 1413.528
93 59 1521.344
93 60 10520.119
93 61 6856.075
93 62 1236.369
93 63 2468.866
93 64 6172.018
93 65 4537.211
93 66 2779.251
93 67 752.959
93 68 7368.998
93 69 3277.981
93 70 8470.513
93 71 5586.260
93 72 4748.108
93 73 1582.670
93 74 8423.022
93 75 1260.550
93 76 3938.971
93 77 3535.539
93 78 5157.115
93 79 7752.352
93 80 4150.374
93 81 2736.664
93 82 8523.387
93 83 1764.838
93 84 4016.717
93 85 6082.370
93 86 4205.700
93 87 2698.067
93 88 5158.259
93 89 5719.932
93 90 2880.147
93 91 923.605
93 92 7560.472
93 93 0.000
93 94 6143.435
93 95 2658.842
93 96 2399.273
93 97 982.668
93 98 7955.875
93 99 5744.503
93 100 7661.406
94 0 3493.258
94 1 7416.128
94 2 6001.318
94 3 7354.871
94 4 4778.762
94 5 1968.587
94 6 6191.776
94 7 2021.641
94 8 4934.827
94 9 3501.432
94 10 5408.106
94 11 4020.531
94 12 4311.465
94 13 3447.555
94 14 7412.471
94 15 4501.615
94 16 2640.581
94 17 4186.279
94 18 1803.565
94 19 1865.138
94 20 4352.814
94 21 2336.475
94 22 3600.579
94 23 7646.204
94 24 4103.096
94 25 6742.119
94 26 3781.396
94 27 2124.405
94 28 6208.525
94 29 3236.623
94 30 4820.808
94 31 2308.313
94 32 2314.313
94 33 5968.632
94 34 4068.102
94 35 7515.905
94 36 4923.461
94 37 2909.457
94 38 3420.670
94 39 4668.294
94 40 8410.291
94 41 3464.034
94 42 6673.602
94 43 8359.772
94 44 5454.313
94 45 1097.066
94 46 5677.908
94 47 2264.219
94 48 4848.096
94 49 2201.682
94 50 8214.973
94 51 1394.589
94 52 5879.813
94 53 5619.982
94 54 2643.914
94 55 8278.962
94 56 2691.275
94 57 2526.215
94 58 4742.559
94 59 7187.397
94 60 6301.511
94 61 2955.689
94 62 6184.062
94 63 8175.203
94 64 1669.955
94 65 4201.295
94 66 3365.018
94 67 6255.577
94 68 3644.314
94 69 3037.246
94 70 5699.065
94 71 3324.800
94 72 6296.414
94 73 4678.135
94 74 4644.657
94 75 7395.864
94 76 5881.409
94 77 4019.283
94 78 3901.170
94 79 4215.031
94 80 2051.908
94 81 3913.057
94 82 6242.986
94 83 4533.677
94 84 6775.346
94 85 3735.892
94 86 1941.491
94 87 3571.971
94 88 3085.564
94 89 614.606
94 90 4575.975
94 91 5673.829
94 92 2885.435
94 93 6143.435
94 94 0.000
94 95 4872.120
94 96 5847.466
94 97 6631.608
94 98 6192.836
94 99 4376.694
94 100 5221.262
95 0 1604.374
95 1 3108.595
95 2 7413.221
95 3 4621.646
95 4 2686.884
95 5 5857.676
95 6 1380.251
95 7 6387.920
95 8 1253.850
95 9 6626.580
95 10 7235.806
95 11 6732.383
95 12 6466.219
95 13 5681.983
95 14 3842.640
95 15 627.142
95 16 2241.917
95 17 2437.881
95 18 3092.682
95 19 5049.176
95 20 4298.071
95 21 6472.628
95 22 1650.584
95 23 4405.049
95 24 2311.139
95 25 3345.887
95 26 4483.471
95 27 3957.032
95 28 4001.736
95 29 2531.653
95 30 3695.094
95 31 5306.879
95 32 5912.135
95 33 3637.678
95 34 1218.993
95 35 2932.602
95 36 987.859
95 37 3963.368
95 38 1464.030
95 39 3613.419
95 40 4552.896
95 41 5016.401
95 42 1930.222
95 43 4808.304
95 44 2421.813
95 45 5112.009
95 46 3540.056
95 47 4503.352
95 48 4867.330
95 49 3720.871
95 50 3693.722
95 51 3969.581
95 52 6428.252
95 53 1081.758
95 54 6768.135
95 55 4193.709
95 56 5728.122
95 57 2957.603
95 58 1891.715
95 59 4179.706
95 60 8016.559
95 61 4565.672
95 62 1816.260
95 63 5111.476
95 64 5613.152
95 65 1921.564
95 66 2248.773
95 67 2195.196
95 68 4961.243
95 69 1970.609
95 70 5845.233
95 71 3149.513
95 72 2409.547
95 73 2562.327
95 74 5934.536
95 75 3508.849
95 76 1614.462
95 77 1071.155
95 78 5761.144
95 79 5268.138
95 80 3428.138
95 81 3358.694
95 82 5869.233
95 83 1413.086
95 84 2207.055
95 85 3565.878
95 86 3151.019
95 87 2804.102
95 88 5374.340
95 89 4298.416
95 90 4075.361
95 91 1742.529
95 92 5378.068
95 93 2658.842
95 94 4872.120
95 95 0.000
95 96 4413.470
95 97 3619.250
95 98 5297.082
95 99 3120.164
95 100 5033.918
96 0 5033.437
96 1 3799.534
96 2 10860.135
96 3 1861.590
96 4 6870.238
96 5 7708.065
96 6 5265.868
96 7 5972.414
96 8 5626.453
96 9 4844.368
96 10 10469.132
96 11 9440.054
96 12 9464.258
96 13 8542.918
96 14 2752.069
96 15 4829.979
96 16 4661.710
96 17 6417.807
96 18 5035.107
96 19 7231.969
96 20 8023.445
96 21 8165.403
96 22 5232.979
96 23 2506.508
96 24 2398.361
96 25 2311.490
96 26 7904.046
96 27 3735.605
96 28 862.066
96 29 5944.255
96 30 1057.680
96 31 4345.590
96 32 5000.741
96 33 7989.233
96 34 3482.622
96 35 4374.996
96 36 3442.284
96 37 7051.338
96 38 4188.363
96 39 7609.052
96 40 3678.804
96 41 3039.302
96 42 5782.536
96 43 3291.796
96 44 2114.439
96 45 6765.402
96 46 949.519
96 47 3790.181
96 48 1533.347
96 49 6395.955
96 50 4622.947
96 51 6026.668
96 52 10172.029
96 53 5398.377
96 54 5907.278
96 55 3903.936
96 56 8129.512
96 57 5838.072
96 58 2526.472
96 59 2017.470
96 60 11355.396
96 61 7539.775
96 62 3574.208
96 63 2712.198
96 64 5224.501
96 65 5954.405
96 66 3082.376
96 67 3136.838
96 68 8179.102
96 69 3871.638
96 70 9693.044
96 71 6594.627
96 72 6780.642
96 73 1903.943
96 74 9309.587
96 75 3154.948
96 76 5959.715
96 77 4902.396
96 78 3385.657
96 79 8666.053
96 80 3860.199
96 81 1967.422
96 82 9898.806
96 83 3031.718
96 84 6241.540
96 85 7167.491
96 86 4186.951
96 87 2496.769
96 88 3718.050
96 89 5638.273
96 90 1308.630
96 91 3048.348
96 92 8045.033
96 93 2399.273
96 94 5847.466
96 95 4413.470
96 96 0.000
96 97 1829.336
96 98 9440.352
96 99 7088.622
96 100 8920.986
97 0 4763.834
97 1 2015.786
97 2 10810.733
97 3 1002.460
97 4 6296.562
97 5 8284.715
97 6 4040.329
97 7 7226.326
97 8 4865.772
97 9 6418.696
97 10 10527.861
97 11 9726.598
97 12 9619.509
97 13 8737.309
97 14 958.782
97 15 4185.279
97 16 4746.272
97 17 5976.448
97 18 5370.598
97 19 7657.506
97 20 7772.154
97 21 8820.012
97 22 4921.006
97 23 1015.077
97 24 2555.819
97 25 512.779
97 26 7814.037
97 27 4695.986
97 28 970.245
97 29 5770.331
97 30 2190.073
97 31 5649.643
97 32 6343.022
97 33 7231.964
97 34 3160.142
97 35 2637.140
97 36 2674.318
97 37 7088.141
97 38 4029.669
97 39 7182.283
97 40 1966.654
97 41 4527.166
97 42 4471.682
97 43 1752.653
97 44 1332.408
97 45 7367.543
97 46 1146.939
97 47 4944.105
97 48 3255.435
97 49 6573.277
97 50 2804.109
97 51 6423.227
97 52 9940.463
97 53 4381.628
97 54 7288.437
97 55 2101.755
97 56 8506.357
97 57 5887.154
97 58 2112.152
97 59 600.714
97 60 11370.730
97 61 7648.836
97 62 2178.790
97 63 1615.029
97 64 6420.918
97 65 5466.097
97 66 3341.109
97 67 1673.668
97 68 8197.197
97 69 3967.966
97 70 9389.746
97 71 6443.637
97 72 5727.473
97 73 1957.343
97 74 9275.569
97 75 1326.146
97 76 4920.416
97 77 4440.850
97 78 5022.997
97 79 8606.947
97 80 4585.545
97 81 2887.172
97 82 9466.976
97 83 2567.916
97 84 4966.413
97 85 6961.511
97 86 4736.814
97 87 3066.095
97 88 5179.456
97 89 6271.861
97 90 2724.534
97 91 1901.083
97 92 8307.681
97 93 982.668
97 94 6631.608
97 95 3619.250
97 96 1829.336
97 97 0.000
97 98 8912.512
97 99 6670.806
97 100 8583.743
98 0 4423.653
98 1 8132.206
98 2 3122.680
98 3 9913.924
98 4 2617.509
98 5 5306.704
98 6 5375.773
98 7 8203.455
98 8 4071.198
98 9 9545.745
98 10 3440.355
98 11 4204.169
98 12 3532.016
98 13 3571.488
98 14 9099.106
98 15 4731.786
98 16 5029.124
98 17 3022.586
98 18 5169.057
98 19 4648.009
98 20 1840.535
98 21 5751.198
98 22 4216.648
98 23 9689.748
98 24 7055.031
98 25 8638.620
98 26 2451.092
98 27 7147.346
98 28 9200.184
98 29 3642.946
98 30 8512.265
98 31 8162.335
98 32 8412.261
98 33 1931.267
98 34 5967.125
98 35 7715.733
98 36 6244.440
98 37 3284.683
98 38 5275.180
98 39 1852.055
98 40 9682.790
98 41 8741.903
98 42 5323.370
98 43 10026.547
98 44 7663.985
98 45 5409.022
98 46 8683.928
98 47 7658.953
98 48 9378.772
98 49 4033.648
98 50 8422.365
98 51 4841.319
98 52 1819.370
98 53 4749.512
98 54 8836.116
98 55 9238.570
98 56 4409.785
98 57 4073.388
98 58 6996.158
98 59 9476.769
98 60 3768.059
98 61 3330.746
98 62 6993.602
98 63 10399.354
98 64 7808.423
98 65 3495.846
98 66 6484.668
98 67 7442.459
98 68 2795.234
98 69 5701.864
98 70 1234.891
98 71 3128.233
98 72 3804.926
98 73 7544.171
98 74 2525.671
98 75 8702.522
98 76 4351.861
98 77 4552.921
98 78 9427.541
98 79 2374.066
98 80 6577.225
98 81 7822.226
98 82 722.113
98 83 6479.248
98 84 4940.993
98 85 2570.266
98 86 6071.448
98 87 7166.436
98 88 8715.546
98 89 5706.975
98 90 8691.343
98 91 7037.151
98 92 3885.565
98 93 7955.875
98 94 6192.836
98 95 5297.082
98 96 9440.352
98 97 8912.512
98 98 0.000
98 99 2363.364
98 100 1051.055
99 0 2061.572
99 1 6157.193
99 2 4346.745
99 3 7664.071
99 4 666.140
99 5 4189.874
99 6 3600.102
99 7 6378.082
99 8 2034.100
99 9 7462.756
99 10 4265.479
99 11 4145.743
99 12 3694.834
99 13 3134.397
99 14 6961.704
99 15 2507.805
99 16 2705.001
99 17 694.408
99 18 2991.514
99 19 3348.118
99 20 1231.968
99 21 4775.693
99 22 1856.883
99 23 7510.878
99 24 4697.110
99 25 6444.965
99 26 1656.429
99 27 4914.871
99 28 6885.134
99 29 1342.393
99 30 6150.313
99 31 6045.691
99 32 6395.853
99 33 1597.187
99 34 3631.809
99 35 5852.222
99 36 4000.042
99 37 1753.138
99 38 2913.007
99 39 521.256
99 40 7654.063
99 41 6471.544
99 42 3762.015
99 43 7927.945
99 44 5383.019
99 45 3897.357
99 46 6356.617
99 47 5456.140
99 48 7024.773
99 49 2213.913
99 50 6603.264
99 51 2987.376
99 52 3309.072
99 53 2882.841
99 54 6962.678
99 55 7263.040
99 56 3591.321
99 57 1926.142
99 58 4680.830
99 59 7252.337
99 60 4974.835
99 61 2209.970
99 62 4914.541
99 63 8211.931
99 64 5845.946
99 65 1207.326
99 66 4122.549
99 67 5314.896
99 68 2230.337
99 69 3343.815
99 70 2727.619
99 71 1053.526
99 72 2571.639
99 73 5200.203
99 74 2958.814
99 75 6622.822
99 76 2694.510
99 77 2240.093
99 78 7181.598
99 79 2335.189
99 80 4321.841
99 81 5462.192
99 82 2820.730
99 83 4168.655
99 84 3550.000
99 85 840.054
99 86 3820.911
99 87 4805.818
99 88 6513.546
99 89 3802.001
99 90 6329.700
99 91 4847.384
99 92 3082.721
99 93 5744.503
99 94 4376.694
99 95 3120.164
99 96 7088.622
99 97 6670.806
99 98 2363.364
99 99 0.000
99 100 1917.302
100 0 3898.628
100 1 8036.317
100 2 2598.371
100 3 9574.379
100 4 2407.199
100 5 4257.272
100 6 5382.430
100 7 7216.402
100 8 3898.857
100 9 8631.978
100 10 2721.556
100 11 3232.946
100 12 2587.995
100 13 2531.681
100 14 8876.514
100 15 4424.653
100 16 4350.073
100 17 2609.743
100 18 4357.242
100 19 3614.808
100 20 946.362
100 21 4700.692
100 22 3710.596
100 23 9428.169
100 24 6522.772
100 25 8362.237
100 26 1442.673
100 27 6338.223
100 28 8767.415
100 29 2989.014
100 30 7945.408
100 31 7273.222
100 32 7479.074
100 33 2275.180
100 34 5509.062
100 35 7692.437
100 36 5915.731
100 37 2339.628
100 38 4734.367
100 39 1423.261
100 40 9551.181
100 41 7950.537
100 42 5441.568
100 43 9838.780
100 44 7287.704
100 45 4390.700
100 46 8229.391
100 47 6823.283
100 48 8714.013
100 49 3117.246
100 50 8430.512
100 51 3905.441
100 52 1420.195
100 53 4693.633
100 54 7856.976
100 55 9145.624
100 56 3359.373
100 57 3284.719
100 58 6570.047
100 59 9167.352
100 60 3255.123
100 61 2308.603
100 62 6816.524
100 63 10129.134
100 64 6861.344
100 65 3124.522
100 66 5882.832
100 67 7226.696
100 68 1745.492
100 69 5085.726
100 70 811.375
100 71 2379.520
100 72 4021.726
100 73 7056.186
100 74 1597.688
100 75 8528.858
100 76 4397.639
100 77 4145.124
100 78 8610.182
100 79 1334.775
100 80 5793.840
100 81 7193.466
100 82 1054.076
100 83 6063.232
100 84 5131.567
100 85 1792.342
100 86 5291.775
100 87 6546.544
100 88 7870.520
100 89 4767.068
100 90 8067.991
100 91 6764.463
100 92 2834.515
100 93 7661.406
100 94 5221.262
100 95 5033.918
100 96 8920.986
100 97 8583.743
100 98 1051.055
100 99 1917.302
100 100 0.000
