# i j distance_m; directed OSRM/OSM truck distance; depot 0 + customers 1..100
0 0 0.000
0 1 7570.200
0 2 8166.200
0 3 8474.700
0 4 3531.300
0 5 6190.200
0 6 5502.600
0 7 9236.400
0 8 3483.100
0 9 8070.000
0 10 9267.600
0 11 7168.200
0 12 7192.700
0 13 5831.000
0 14 8557.900
0 15 3505.300
0 16 2090.200
0 17 2423.600
0 18 2362.300
0 19 5736.900
0 20 4085.300
0 21 6947.600
0 22 782.800
0 23 8725.100
0 24 5587.100
0 25 7284.900
0 26 4514.900
0 27 5789.600
0 28 8746.800
0 29 1114.100
0 30 7150.400
0 31 8050.500
0 32 8090.400
0 33 4878.400
0 34 3970.400
0 35 7461.600
0 36 4427.300
0 37 2986.200
0 38 3363.100
0 39 3202.000
0 40 8878.400
0 41 7670.700
0 42 5650.000
0 43 9296.800
0 44 5713.500
0 45 6984.600
0 46 7253.500
0 47 6000.300
0 48 9209.700
0 49 4175.900
0 50 8929.800
0 51 3046.400
0 52 6633.200
0 53 4797.000
0 54 9009.500
0 55 8882.000
0 56 6008.200
0 57 2845.300
0 58 5027.300
0 59 8135.200
0 60 9196.400
0 61 3682.100
0 62 6038.400
0 63 9416.600
0 64 8412.100
0 65 2038.100
0 66 4850.400
0 67 5891.400
0 68 5342.300
0 69 3749.200
0 70 6358.600
0 71 1891.400
0 72 5438.900
0 73 5722.800
0 74 5886.500
0 75 7600.500
0 76 4264.200
0 77 2674.100
0 78 8166.800
0 79 5034.600
0 80 4706.200
0 81 7683.400
0 82 5940.200
0 83 4639.600
0 84 5414.500
0 85 3822.000
0 86 8076.400
0 87 6413.900
0 88 7349.800
0 89 4118.900
0 90 7406.100
0 91 5293.200
0 92 4565.400
0 93 6841.000
0 94 4730.300
0 95 3910.800
0 96 8631.100
0 97 7420.100
0 98 5183.000
0 99 2888.300
0 100 6462.800
1 0 6080.000
1 1 0.000
1 2 13619.600
1 3 4288.500
1 4 6693.700
1 5 11495.600
1 6 3291.100
1 7 11910.200
1 8 5146.900
1 9 10743.800
1 10 14721.000
1 11 12060.600
1 12 12085.000
1 13 10723.400
1 14 2868.300
1 15 4744.200
1 16 7302.800
1 17 6799.900
1 18 8087.400
1 19 10855.000
1 20 8977.700
1 21 12261.200
1 22 5754.500
1 23 3035.500
1 24 5204.400
1 25 2618.200
1 26 9407.300
1 27 8463.400
1 28 4649.100
1 29 7098.900
1 30 5481.300
1 31 10724.200
1 32 10764.200
1 33 7090.600
1 34 4685.500
1 35 1293.800
1 36 3614.600
1 37 8585.600
1 38 6466.000
1 39 8094.300
1 40 2592.800
1 41 8927.100
1 42 3378.000
1 43 3035.000
1 44 2968.100
1 45 10111.700
1 46 4482.700
1 47 8674.000
1 48 8285.600
1 49 9775.300
1 50 2054.500
1 51 9187.100
1 52 12086.600
1 53 4930.800
1 54 11683.300
1 55 2596.300
1 56 12114.600
1 57 8444.700
1 58 3568.800
1 59 3394.300
1 60 14088.800
1 61 9281.500
1 62 1810.800
1 63 3727.000
1 64 11085.900
1 65 6137.700
1 66 5581.100
1 67 2274.200
1 68 10234.700
1 69 5759.200
1 70 11812.000
1 71 7490.800
1 72 5583.800
1 73 4053.700
1 74 11340.000
1 75 1645.400
1 76 5284.900
1 77 5346.800
1 78 8891.300
1 79 10488.000
1 80 7379.900
1 81 7790.900
1 82 10832.600
1 83 4291.900
1 84 4273.000
1 85 8714.400
1 86 7245.500
1 87 5583.000
1 88 9860.400
1 89 8860.500
1 90 6481.900
1 91 2492.400
1 92 10164.800
1 93 3237.300
1 94 9471.800
1 95 4037.300
1 96 5672.300
1 97 3233.900
1 98 10075.300
1 99 7780.600
1 100 11916.300
2 0 9964.400
2 1 14258.900
2 2 0.000
2 3 14512.600
2 4 7368.500
2 5 5679.700
2 6 10891.200
2 7 9573.600
2 8 9436.000
2 9 11914.700
2 10 1063.700
2 11 3793.800
2 12 2162.900
2 13 3435.400
2 14 14941.700
2 15 10194.000
2 16 8177.500
2 17 8542.800
2 18 7336.700
2 19 4767.400
2 20 5710.900
2 21 6462.800
2 22 9638.900
2 23 14446.900
2 24 10883.400
2 25 13979.500
2 26 4996.600
2 27 10206.400
2 28 13706.100
2 29 7469.700
2 30 12109.700
2 31 11540.300
2 32 10528.000
2 33 7054.300
2 34 10659.100
2 35 14150.300
2 36 11116.000
2 37 5605.500
2 38 10051.800
2 39 6728.700
2 40 16080.900
2 41 12087.500
2 42 10820.000
2 43 15213.500
2 44 12692.900
2 45 6015.200
2 46 12212.900
2 47 10417.000
2 48 13822.100
2 49 6692.700
2 50 15618.500
2 51 6190.900
2 52 1818.500
2 53 9845.900
2 54 10525.100
2 55 16627.900
2 56 3847.800
2 57 6904.700
2 58 12282.700
2 59 14631.000
2 60 4041.600
2 61 5187.500
2 62 12727.100
2 63 15333.300
2 64 10630.700
2 65 8157.300
2 66 10144.100
2 67 12580.100
2 68 4353.800
2 69 10113.300
2 70 2628.300
2 71 6495.200
2 72 10748.400
2 73 11513.100
2 74 3232.000
2 75 15657.400
2 76 9573.700
2 77 9362.800
2 78 12799.900
2 79 4616.900
2 80 9122.900
2 81 12100.200
2 82 3223.900
2 83 11905.900
2 84 10724.000
2 85 6241.600
2 86 12487.500
2 87 10825.000
2 88 11766.500
2 89 6704.300
2 90 12018.400
2 91 11981.900
2 92 4465.000
2 93 13535.600
2 94 7315.700
2 95 10599.500
2 96 14056.600
2 97 13667.500
2 98 3581.400
2 99 6599.600
2 100 3485.900
3 0 7158.900
3 1 3737.200
3 2 14257.300
3 3 0.000
3 4 8928.800
3 5 10085.800
3 6 7028.200
3 7 10500.400
3 8 7754.000
3 9 9088.600
3 10 14661.000
3 11 11657.100
3 12 12903.200
3 13 10776.800
3 14 2375.800
3 15 6673.100
3 16 8390.900
3 17 8667.200
3 18 7478.900
3 19 9445.200
3 20 10056.700
3 21 10851.400
3 22 6833.500
3 23 1684.800
3 24 4737.200
3 25 1899.500
3 26 10486.300
3 27 7053.600
3 28 1515.900
3 29 8177.800
3 30 3413.000
3 31 9314.400
3 32 9354.400
3 33 10212.800
3 34 5217.900
3 35 5030.900
3 36 4693.600
3 37 9664.500
3 38 7544.900
3 39 9173.300
3 40 3362.600
3 41 7224.400
3 42 7115.100
3 43 2495.200
3 44 2692.600
3 45 8701.900
3 46 2365.000
3 47 7264.200
3 48 5292.100
3 49 9297.200
3 50 4798.200
3 51 8250.400
3 52 13165.600
3 53 8354.000
3 54 10219.500
3 55 3899.800
3 56 9929.400
3 57 9523.600
3 58 3506.700
3 59 1300.700
3 60 14890.500
3 61 10360.500
3 62 4349.400
3 63 1475.900
3 64 9676.100
3 65 8066.700
3 66 5107.800
3 67 4812.800
3 68 11313.700
3 69 5865.900
3 70 12891.000
3 71 8569.800
3 72 9321.000
3 73 3354.900
3 74 13977.600
3 75 2933.800
3 76 9022.000
3 77 6840.100
3 78 7188.600
3 79 11566.900
3 80 5970.100
3 81 5865.200
3 82 11911.600
3 83 4548.700
3 84 8010.100
3 85 9793.400
3 86 5835.700
3 87 4173.200
3 88 8157.700
3 89 7450.700
3 90 4397.100
3 91 4248.300
3 92 10175.000
3 93 2506.100
3 94 8062.000
3 95 5966.200
3 96 2473.900
3 97 1173.200
3 98 11154.300
3 99 8859.600
3 100 12995.200
4 0 4320.700
4 1 7173.900
4 2 6882.200
4 3 9519.800
4 4 0.000
4 5 5963.300
4 6 4222.100
4 7 10110.500
4 8 1941.400
4 9 9115.100
4 10 7983.600
4 11 5323.200
4 12 5347.700
4 13 3986.000
4 14 8161.500
4 15 2581.700
4 16 5245.000
4 17 2034.600
4 18 6029.600
4 19 5510.100
4 20 2209.600
4 21 6720.700
4 22 3995.300
4 23 8328.800
4 24 6632.200
4 25 8330.000
4 26 2669.900
4 27 6834.700
4 28 9791.900
4 29 2515.800
4 30 8195.400
4 31 9095.600
4 32 9135.500
4 33 1799.400
4 34 5015.500
4 35 6959.200
4 36 4240.300
4 37 3098.100
4 38 4408.200
4 39 1326.200
4 40 8482.100
4 41 8715.800
4 42 4150.800
4 43 8900.500
4 44 6758.600
4 45 6757.800
4 46 8298.600
4 47 7045.400
4 48 10254.800
4 49 4038.100
4 50 8235.000
4 51 5084.900
4 52 5349.300
4 53 3176.700
4 54 10054.600
4 55 8485.600
4 56 5377.200
4 57 4397.200
4 58 6072.400
4 59 8674.900
4 60 7351.400
4 61 3484.400
4 62 5262.200
4 63 9020.200
4 64 9457.200
4 65 1372.300
4 66 5895.500
4 67 5858.000
4 68 3497.300
4 69 4794.300
4 70 5074.600
4 71 2907.800
4 72 4079.300
4 73 6767.900
4 74 4602.600
4 75 7204.200
4 76 2904.500
4 77 2612.700
4 78 9211.900
4 79 3750.600
4 80 5751.300
4 81 8728.500
4 82 4064.500
4 83 5684.700
4 84 4054.800
4 85 1977.000
4 86 9121.500
4 87 7459.000
4 88 8394.900
4 89 7446.900
4 90 8451.200
4 91 4895.600
4 92 4338.500
4 93 7886.100
4 94 8058.300
4 95 2987.300
4 96 9676.200
4 97 8465.100
4 98 3307.200
4 99 955.900
4 100 5178.900
5 0 6176.500
5 1 11393.400
5 2 5738.500
5 3 10319.000
5 4 6648.000
5 5 0.000
5 6 10170.700
5 7 4286.300
5 8 7576.000
5 9 6627.400
5 10 6142.200
5 11 3124.500
5 12 3605.900
5 13 2244.300
5 14 10748.100
5 15 7624.500
5 16 4466.000
5 17 6267.500
5 18 3625.100
5 19 1331.600
5 20 4990.400
5 21 823.200
5 22 5626.500
5 23 10253.300
5 24 6685.100
5 25 9785.900
5 26 4276.100
5 27 6008.100
5 28 9512.500
5 29 5343.300
5 30 7916.100
5 31 6253.000
5 32 5240.700
5 33 7748.100
5 34 7466.700
5 35 11284.800
5 36 8267.700
5 37 3479.100
5 38 6530.600
5 39 6008.200
5 40 11887.300
5 41 7418.500
5 42 10099.500
5 43 11019.900
5 44 8499.300
5 45 1352.900
5 46 8019.300
5 47 6218.800
5 48 9917.800
5 49 4030.900
5 50 12753.000
5 51 2479.400
5 52 6652.300
5 53 9125.400
5 54 5237.800
5 55 12434.300
5 56 1396.900
5 57 4778.300
5 58 8089.200
5 59 10437.400
5 60 5609.600
5 61 2525.700
5 62 9861.600
5 63 11139.700
5 64 5343.400
5 65 5882.000
5 66 5945.800
5 67 9714.600
5 68 3633.300
5 69 5915.100
5 70 6377.700
5 71 4368.800
5 72 10027.900
5 73 7319.500
5 74 4680.300
5 75 11463.800
5 76 8853.200
5 77 7070.600
5 78 8284.100
5 79 5053.600
5 80 4924.700
5 81 7901.900
5 82 7118.900
5 83 7712.300
5 84 10003.500
5 85 5521.100
5 86 8293.900
5 87 6631.400
5 88 6597.400
5 89 2992.800
5 90 7824.900
5 91 9116.400
5 92 1642.400
5 93 9342.000
5 94 2612.700
5 95 8030.100
5 96 9863.000
5 97 9473.900
5 98 7221.700
5 99 5879.100
5 100 6481.900
6 0 4120.300
6 1 3883.000
6 2 10645.500
6 3 6848.400
6 4 4174.900
6 5 9726.600
6 6 0.000
6 7 10131.900
6 8 2628.100
6 9 8965.500
6 10 11746.900
6 11 9086.500
6 12 9110.900
6 13 7749.300
6 14 5321.300
6 15 2325.600
6 16 5343.100
6 17 4381.400
6 18 6127.700
6 19 9273.300
6 20 5972.800
6 21 10484.000
6 22 3794.800
6 23 5488.500
6 24 4345.500
6 25 5178.000
6 26 6433.200
6 27 6685.200
6 28 7287.600
6 29 5139.200
6 30 5691.200
6 31 8946.000
6 32 8986.000
6 33 4571.900
6 34 2728.900
6 35 3508.400
6 36 2434.800
6 37 6861.300
6 38 4506.300
6 39 5089.500
6 40 5532.800
6 41 7183.700
6 42 618.300
6 43 5975.100
6 44 4254.300
6 45 8333.500
6 46 5794.300
6 47 6895.800
6 48 7750.500
6 49 7801.400
6 50 4994.600
6 51 7227.500
6 52 9112.500
6 53 2412.000
6 54 9905.100
6 55 5536.300
6 56 9140.500
6 57 6485.000
6 58 3568.200
6 59 5834.700
6 60 11114.700
6 61 7247.700
6 62 3436.000
6 63 6180.000
6 64 9307.700
6 65 3719.200
6 66 3764.400
6 67 4031.700
6 68 7260.600
6 69 3942.500
6 70 8837.900
6 71 5531.200
6 72 3134.300
6 73 4263.700
6 74 8365.900
6 75 4363.900
6 76 2157.800
6 77 2928.300
6 78 7147.800
6 79 7513.900
6 80 5601.700
6 81 6664.400
6 82 7827.700
6 83 3398.100
6 84 1127.600
6 85 5740.300
6 86 6810.500
6 87 5148.100
6 88 8116.900
6 89 7082.300
6 90 5946.900
6 91 3069.300
6 92 8101.800
6 93 5381.800
6 94 7693.600
6 95 1618.700
6 96 7171.900
6 97 5793.700
6 98 7070.500
6 99 4719.200
6 100 8942.200
7 0 7634.000
7 1 11872.700
7 2 10008.500
7 3 10982.800
7 4 9683.400
7 5 4709.300
7 6 10044.000
7 7 0.000
7 8 8532.100
7 9 2874.100
7 10 10412.200
7 11 7394.500
7 12 7875.900
7 13 6514.300
7 14 11227.400
7 15 8554.300
7 16 5468.500
7 17 9142.200
7 18 4627.700
7 19 5182.600
7 20 9260.400
7 21 4206.900
7 22 7308.500
7 23 10732.600
7 24 7164.400
7 25 10501.100
7 26 8546.100
7 27 4341.400
7 28 10090.600
7 29 8652.900
7 30 8395.400
7 31 2499.700
7 32 1487.400
7 33 10967.400
7 34 7946.000
7 35 11764.100
7 36 8747.000
7 37 6331.700
7 38 8212.600
7 39 9648.400
7 40 12366.600
7 41 3665.200
7 42 10624.400
7 43 11499.200
7 44 8978.600
7 45 3694.400
7 46 8498.600
7 47 3504.900
7 48 6164.500
7 49 5157.400
7 50 13232.300
7 51 4110.700
7 52 10922.300
7 53 9846.000
7 54 1582.100
7 55 12913.600
7 56 5666.800
7 57 5836.600
7 58 8568.400
7 59 10286.200
7 60 9879.600
7 61 6795.700
7 62 10340.900
7 63 11619.000
7 64 1590.100
7 65 8821.300
7 66 6425.100
7 67 10193.900
7 68 7903.300
7 69 6394.400
7 70 10647.700
7 71 6728.000
7 72 10487.900
7 73 7798.800
7 74 8950.300
7 75 11943.100
7 76 9313.200
7 77 7723.100
7 78 4530.800
7 79 9323.600
7 80 5330.600
7 81 7998.600
7 82 11388.800
7 83 8191.600
7 84 10463.500
7 85 9791.100
7 86 8773.200
7 87 7110.700
7 88 2844.100
7 89 3472.100
7 90 8304.100
7 91 9595.700
7 92 5912.400
7 93 10081.700
7 94 2363.700
7 95 8827.800
7 96 8182.100
7 97 10086.100
7 98 11491.700
7 99 9334.700
7 100 10751.900
8 0 2713.800
8 1 5935.900
8 2 8900.400
8 3 7603.800
8 4 2129.800
8 5 7101.900
8 6 2600.200
8 7 8695.500
8 8 0.000
8 9 7529.100
8 10 10001.800
8 11 7341.400
8 12 7365.800
8 13 6004.200
8 14 6923.500
8 15 1343.700
8 16 3659.000
8 17 1929.900
8 18 4443.600
8 19 6648.700
8 20 4227.700
8 21 7859.300
8 22 2388.300
8 23 7090.700
8 24 4913.000
8 25 6414.000
8 26 4688.000
8 27 5248.700
8 28 7875.900
8 29 2411.200
8 30 6279.400
8 31 7509.600
8 32 7549.500
8 33 2826.700
8 34 3296.300
8 35 5721.200
8 36 3002.300
8 37 3897.900
8 38 2822.200
8 39 3344.300
8 40 7244.100
8 41 7129.800
8 42 2454.300
8 43 7662.400
8 44 4842.600
8 45 6881.100
8 46 6382.600
8 47 5459.400
8 48 8338.800
8 49 5087.600
8 50 6996.900
8 51 5543.400
8 52 7367.400
8 53 1601.400
8 54 8468.600
8 55 7247.600
8 56 7395.400
8 57 3757.000
8 58 4156.400
8 59 7436.900
8 60 9369.500
8 61 4593.900
8 62 4024.200
8 63 7782.200
8 64 7871.200
8 65 1267.700
8 66 4309.500
8 67 4619.900
8 68 5515.500
8 69 3208.300
8 70 7092.800
8 71 2803.200
8 72 2243.300
8 73 4851.900
8 74 6620.700
8 75 5966.100
8 76 1068.500
8 77 1400.200
8 78 7715.300
8 79 5768.700
8 80 4165.300
8 81 7231.900
8 82 6082.600
8 83 3965.500
8 84 2218.900
8 85 3995.200
8 86 7535.500
8 87 5873.000
8 88 6808.900
8 89 5629.900
8 90 6535.100
8 91 3657.600
8 92 5477.200
8 93 5970.000
8 94 6241.200
8 95 1749.200
8 96 7760.200
8 97 6549.100
8 98 5325.300
8 99 2974.100
8 100 7197.000
9 0 6653.200
9 1 10681.800
9 2 12424.800
9 3 9325.900
9 4 8702.600
9 5 7029.500
9 6 9063.200
9 7 2805.300
9 8 7551.200
9 9 0.000
9 10 12828.500
9 11 9714.800
9 12 10196.200
9 13 8834.500
9 14 10246.600
9 15 7573.500
9 16 6571.800
9 17 8161.400
9 18 5659.800
9 19 7502.900
9 20 9550.900
9 21 6527.100
9 22 6327.700
9 23 9751.800
9 24 6183.600
9 25 8844.100
9 26 9980.500
9 27 3236.600
9 28 8433.600
9 29 7672.100
9 30 7470.800
9 31 1998.000
9 32 1659.300
9 33 9986.600
9 34 6965.200
9 35 10783.200
9 36 7766.200
9 37 9158.800
9 38 7231.800
9 39 8667.600
9 40 11385.800
9 41 2543.900
9 42 9643.500
9 43 10518.400
9 44 7997.800
9 45 6014.700
9 46 7277.700
9 47 2400.100
9 48 4507.500
9 49 7477.700
9 50 12251.500
9 51 6430.900
9 52 12659.900
9 53 8865.200
9 54 1795.900
9 55 10844.400
9 56 7987.100
9 57 8156.900
9 58 7587.600
9 59 8629.200
9 60 12199.900
9 61 9116.000
9 62 9360.100
9 63 10638.100
9 64 2505.200
9 65 7840.500
9 66 5444.300
9 67 9213.100
9 68 10223.600
9 69 5413.600
9 70 12385.200
9 71 8064.100
9 72 9507.100
9 73 6818.000
9 74 11270.500
9 75 9878.300
9 76 8332.300
9 77 6742.300
9 78 2873.900
9 79 11061.200
9 80 4225.800
9 81 6341.600
9 82 11405.800
9 83 7210.800
9 84 9482.700
9 85 9287.600
9 86 7792.400
9 87 6129.900
9 88 1722.800
9 89 5611.100
9 90 7825.100
9 91 8614.900
9 92 8232.700
9 93 8424.700
9 94 4683.900
9 95 7847.000
9 96 6525.100
9 97 8429.100
9 98 10648.600
9 99 8353.900
9 100 12489.500
10 0 8900.700
10 1 13195.300
10 2 3568.700
10 3 12966.900
10 4 6304.800
10 5 4616.000
10 6 9827.600
10 7 8509.900
10 8 8372.300
10 9 10851.000
10 10 0.000
10 11 2730.100
10 12 1099.200
10 13 2371.700
10 14 13395.900
10 15 9130.300
10 16 7113.900
10 17 7479.200
10 18 6273.000
10 19 3703.800
10 20 4647.200
10 21 5399.200
10 22 8575.200
10 23 12901.200
10 24 9333.000
10 25 12909.900
10 26 3933.000
10 27 8656.000
10 28 12160.400
10 29 7163.500
10 30 10564.000
10 31 10476.600
10 32 9464.300
10 33 7404.900
10 34 9595.500
10 35 13086.600
10 36 10052.400
10 37 5299.300
10 38 8988.100
10 39 5665.100
10 40 14535.100
10 41 10537.100
10 42 9756.300
10 43 13667.800
10 44 11338.500
10 45 4951.500
10 46 10667.100
10 47 8866.700
10 48 12276.300
10 49 5629.000
10 50 14554.800
10 51 5127.300
10 52 3708.200
10 53 8782.200
10 54 9461.400
10 55 14507.000
10 56 2784.100
10 57 6598.500
10 58 10652.300
10 59 13085.300
10 60 2977.900
10 61 4123.800
10 62 11663.400
10 63 13787.500
10 64 9567.000
10 65 7093.700
10 66 8593.700
10 67 11516.500
10 68 3290.200
10 69 8562.900
10 70 4480.400
10 71 6189.000
10 72 9684.800
10 73 9967.400
10 74 2168.300
10 75 13225.500
10 76 8510.000
10 77 8299.100
10 78 11249.500
10 79 4710.400
10 80 7572.600
10 81 10549.800
10 82 5226.400
10 83 10264.700
10 84 9660.300
10 85 5177.900
10 86 10941.800
10 87 9279.300
10 88 10216.200
10 89 5640.600
10 90 10472.700
10 91 10918.200
10 92 3401.300
10 93 12466.000
10 94 6252.000
10 95 9535.900
10 96 12510.900
10 97 12121.700
10 98 6878.600
10 99 5535.900
10 100 6138.700
11 0 7899.000
11 1 12193.600
11 2 3653.400
11 3 13098.000
11 4 5303.100
11 5 4165.400
11 6 8825.900
11 7 8459.900
11 8 7370.700
11 9 10801.100
11 10 4057.000
11 11 0.000
11 12 1058.800
11 13 1370.000
11 14 12945.300
11 15 8128.700
11 16 6663.200
11 17 6477.500
11 18 5822.400
11 19 3253.200
11 20 3645.600
11 21 3296.100
11 22 7573.500
11 23 12450.600
11 24 8882.400
11 25 11908.200
11 26 2931.300
11 27 8205.400
11 28 11709.800
11 29 6161.800
11 30 10113.400
11 31 10426.600
11 32 9414.400
11 33 6403.300
11 34 8593.800
11 35 12084.900
11 36 9050.700
11 37 4297.600
11 38 7986.500
11 39 4663.400
11 40 14084.500
11 41 10086.500
11 42 8754.700
11 43 13217.200
11 44 10336.800
11 45 4500.900
11 46 10216.500
11 47 8416.100
11 48 11825.700
11 49 4627.400
11 50 13553.200
11 51 4676.700
11 52 3673.100
11 53 7780.600
11 54 9411.500
11 55 13505.300
11 56 2333.500
11 57 5596.800
11 58 9650.700
11 59 12634.700
11 60 3062.500
11 61 3122.100
11 62 10661.800
11 63 13336.900
11 64 9517.000
11 65 6092.000
11 66 8143.100
11 67 10514.800
11 68 2288.500
11 69 8372.500
11 70 5032.800
11 71 5187.300
11 72 8683.100
11 73 9516.800
11 74 2133.200
11 75 12223.900
11 76 7508.300
11 77 7297.400
11 78 10798.900
11 79 3708.800
11 80 7122.000
11 81 10099.200
11 82 5774.000
11 83 9263.000
11 84 8658.700
11 85 4176.200
11 86 10491.100
11 87 8828.700
11 88 10771.000
11 89 5190.000
11 90 10022.100
11 91 9916.600
11 92 2399.600
11 93 11464.300
11 94 5801.400
11 95 8534.200
11 96 12060.300
11 97 12043.400
11 98 5876.900
11 99 4534.200
11 100 5137.000
12 0 7805.900
12 1 12100.500
12 2 2753.700
12 3 11872.100
12 4 5210.000
12 5 3521.200
12 6 8732.800
12 7 7415.100
12 8 7277.500
12 9 9756.200
12 10 3157.400
12 11 1635.300
12 12 0.000
12 13 1276.900
12 14 12301.100
12 15 8035.500
12 16 6019.000
12 17 6384.400
12 18 5178.200
12 19 2609.000
12 20 3552.400
12 21 4304.400
12 22 7480.400
12 23 11806.400
12 24 8238.200
12 25 11815.100
12 26 2838.100
12 27 7561.200
12 28 11065.600
12 29 6068.700
12 30 9469.200
12 31 9381.800
12 32 8369.500
12 33 6310.100
12 34 8500.700
12 35 11991.800
12 36 8957.600
12 37 4204.500
12 38 7893.300
12 39 4570.300
12 40 13440.300
12 41 9442.300
12 42 8661.500
12 43 12573.000
12 44 10243.700
12 45 3856.700
12 46 9572.300
12 47 7771.900
12 48 11181.500
12 49 4534.200
12 50 13460.000
12 51 4032.500
12 52 2645.000
12 53 7687.400
12 54 8366.600
12 55 13412.200
12 56 1689.300
12 57 5503.700
12 58 9557.500
12 59 11990.500
12 60 2162.900
12 61 3029.000
12 62 10568.600
12 63 12692.700
12 64 8472.200
12 65 5998.900
12 66 7498.900
12 67 10421.700
12 68 2195.400
12 69 7468.100
12 70 4939.700
12 71 5094.200
12 72 8590.000
12 73 8872.600
12 74 1105.200
12 75 12130.700
12 76 7415.200
12 77 7204.300
12 78 10154.700
12 79 3615.600
12 80 6477.800
12 81 9455.000
12 82 4163.200
12 83 9169.900
12 84 8565.500
12 85 4083.100
12 86 9846.900
12 87 8184.500
12 88 9121.400
12 89 4545.800
12 90 9377.900
12 91 9823.400
12 92 2306.500
12 93 11371.200
12 94 5157.200
12 95 8441.100
12 96 11416.100
12 97 11026.900
12 98 5783.800
12 99 4441.100
12 100 5043.900
13 0 6999.600
13 1 11294.200
13 2 3956.200
13 3 11574.000
13 4 4403.700
13 5 3223.100
13 6 7926.500
13 7 7117.000
13 8 6471.200
13 9 9458.100
13 10 4359.900
13 11 1337.200
13 12 1361.600
13 13 0.000
13 14 12003.000
13 15 7229.200
13 16 5720.900
13 17 5578.100
13 18 4880.100
13 19 2310.800
13 20 2746.100
13 21 4006.200
13 22 6674.100
13 23 11508.300
13 24 7940.100
13 25 11008.800
13 26 2031.800
13 27 7263.100
13 28 10767.500
13 29 5262.400
13 30 9171.100
13 31 9083.700
13 32 8071.400
13 33 5503.800
13 34 7694.400
13 35 11185.500
13 36 8151.300
13 37 3398.200
13 38 7087.000
13 39 3764.000
13 40 13142.200
13 41 9144.200
13 42 7855.200
13 43 12274.800
13 44 9437.400
13 45 3558.600
13 46 9274.200
13 47 7473.800
13 48 10883.400
13 49 3727.900
13 50 12653.700
13 51 3734.400
13 52 4408.000
13 53 6881.100
13 54 8068.500
13 55 12605.900
13 56 1391.200
13 57 4697.400
13 58 8751.200
13 59 11692.400
13 60 3365.400
13 61 2222.700
13 62 9762.300
13 63 12394.600
13 64 8174.100
13 65 5192.600
13 66 7200.800
13 67 9615.400
13 68 1389.100
13 69 7473.100
13 70 4133.400
13 71 4287.900
13 72 7783.700
13 73 8574.500
13 74 2436.000
13 75 11324.400
13 76 6608.900
13 77 6398.000
13 78 9856.600
13 79 2809.300
13 80 6179.700
13 81 9156.900
13 82 4874.600
13 83 8363.600
13 84 7759.200
13 85 3276.800
13 86 9548.800
13 87 7886.400
13 88 8823.200
13 89 4247.700
13 90 9079.800
13 91 9017.100
13 92 1500.200
13 93 10564.900
13 94 4859.100
13 95 7634.800
13 96 11118.000
13 97 10728.800
13 98 4977.500
13 99 3634.800
13 100 4237.600
14 0 6556.000
14 1 1663.100
14 2 15368.600
14 3 2266.300
14 4 7481.600
14 5 11197.100
14 6 4954.200
14 7 11611.600
14 8 6306.800
14 9 10445.200
14 10 15772.300
14 11 12768.400
14 12 14014.500
14 13 11199.500
14 14 0.000
14 15 5225.900
14 16 7778.800
14 17 7281.700
14 18 8590.200
14 19 10556.500
14 20 9453.800
14 21 11962.700
14 22 6230.600
14 23 913.400
14 24 4859.900
14 25 1051.600
14 26 9883.400
14 27 8164.800
14 28 2645.300
14 29 7574.900
14 30 4542.300
14 31 10425.700
14 32 10465.600
14 33 8765.600
14 34 5161.600
14 35 2956.900
14 36 4090.700
14 37 9061.600
14 38 6942.000
14 39 8570.400
14 40 1678.300
14 41 8649.200
14 42 5041.100
14 43 1679.900
14 44 2573.700
14 45 9813.200
14 46 3494.400
14 47 8375.500
14 48 6308.200
14 49 10251.300
14 50 2734.500
14 51 9361.700
14 52 12562.700
14 53 6906.800
14 54 11384.800
14 55 1681.800
14 56 11040.700
14 57 8920.700
14 58 3387.800
14 59 1137.000
14 60 16001.800
14 61 9757.600
14 62 2286.900
14 63 1799.700
14 64 10787.400
14 65 6619.500
14 66 5138.000
14 67 2750.200
14 68 10710.800
14 69 5897.100
14 70 12288.100
14 71 7966.900
14 72 7246.900
14 73 3477.600
14 74 11816.000
14 75 715.800
14 76 6948.000
14 77 5828.600
14 78 8613.300
14 79 10964.000
14 80 7081.400
14 81 6881.400
14 82 11308.700
14 83 4429.800
14 84 5936.100
14 85 9190.500
14 86 6946.900
14 87 5292.000
14 88 9725.000
14 89 8561.900
14 90 6117.100
14 91 2968.400
14 92 11286.300
14 93 2025.300
14 94 9173.300
14 95 4519.000
14 96 3603.300
14 97 1188.200
14 98 10551.400
14 99 8256.700
14 100 12392.300
15 0 2437.500
15 1 5149.700
15 2 9977.100
15 3 6503.000
15 4 3165.500
15 5 7988.700
15 6 2537.400
15 7 8419.200
15 8 2014.100
15 9 7252.800
15 10 11078.600
15 11 8418.200
15 12 8442.600
15 13 7080.900
15 14 6137.300
15 15 0.000
15 16 3382.700
15 17 2965.600
15 18 4167.300
15 19 7348.100
15 20 5335.300
15 21 8754.300
15 22 2112.000
15 23 6304.600
15 24 3615.500
15 25 5313.200
15 26 5764.800
15 27 4972.400
15 28 6775.100
15 29 3456.400
15 30 5178.700
15 31 7233.200
15 32 7273.200
15 33 4449.500
15 34 1998.800
15 35 4935.000
15 36 2216.100
15 37 4943.100
15 38 2545.900
15 39 4451.900
15 40 6457.900
15 41 6853.500
15 42 2828.500
15 43 6876.300
15 44 3741.800
15 45 6604.800
15 46 5281.900
15 47 5183.100
15 48 7238.000
15 49 5442.200
15 50 6210.800
15 51 5267.100
15 52 8444.200
15 53 2475.700
15 54 8192.300
15 55 6461.400
15 56 8472.200
15 57 4802.200
15 58 3055.700
15 59 6163.500
15 60 10446.300
15 61 5639.100
15 62 3238.000
15 63 6996.000
15 64 7594.900
15 65 2303.400
15 66 3034.300
15 67 3919.800
15 68 6592.200
15 69 2932.000
15 70 8169.600
15 71 3848.400
15 72 3970.000
15 73 3751.200
15 74 7697.500
15 75 5180.000
15 76 2795.200
15 77 731.500
15 78 6417.700
15 79 6845.500
15 80 3889.000
15 81 5934.300
15 82 7190.200
15 83 2668.000
15 84 3071.100
15 85 5072.000
15 86 6080.400
15 87 4418.000
15 88 6532.500
15 89 5353.500
15 90 5434.400
15 91 2871.400
15 92 6522.300
15 93 4869.300
15 94 5964.900
15 95 963.100
15 96 6659.400
15 97 5448.400
15 98 6432.900
15 99 4138.200
15 100 8273.800
16 0 1772.200
16 1 6909.200
16 2 9311.800
16 3 7658.600
16 4 4362.800
16 5 4552.500
16 6 4841.500
16 7 5873.100
16 8 4070.000
16 9 7057.700
16 10 9141.300
16 11 6123.700
16 12 7777.200
16 13 6415.600
16 14 9518.200
16 15 3562.000
16 16 0.000
16 17 3280.400
16 18 920.200
16 19 3911.800
16 20 4669.900
16 21 5318.100
16 22 1446.700
16 23 9023.500
16 24 4629.200
16 25 6468.800
16 26 5099.500
16 27 4777.300
16 28 8282.700
16 29 2791.000
16 30 6686.300
16 31 7038.100
16 32 7078.100
16 33 5463.000
16 34 3134.400
16 35 6800.500
16 36 3766.300
16 37 3626.200
16 38 2350.800
16 39 3786.500
16 40 8217.400
16 41 6658.400
16 42 5421.900
16 43 9790.100
16 44 4897.400
16 45 4273.000
16 46 6789.400
16 47 4988.000
16 48 8398.600
16 49 2451.900
16 50 8268.800
16 51 1986.600
16 52 7778.800
16 53 5384.000
16 54 6824.700
16 55 8220.900
16 56 4396.000
16 57 3131.100
16 58 4211.200
16 59 7319.100
16 60 9781.000
16 61 4282.500
16 62 5377.400
16 63 9909.800
16 64 6930.200
16 65 2894.900
16 66 3838.100
16 67 5230.400
16 68 5926.900
16 69 2736.900
16 70 7504.200
16 71 3183.000
16 72 6025.900
16 73 4906.800
16 74 7032.200
16 75 6939.400
16 76 4851.100
16 77 3261.000
16 78 7154.500
16 79 6180.200
16 80 3693.900
16 81 6671.100
16 82 6524.800
16 83 3803.600
16 84 6001.400
16 85 4406.600
16 86 7064.000
16 87 5401.600
16 88 6337.400
16 89 2864.600
16 90 6595.000
16 91 4632.100
16 92 4641.600
16 93 6024.900
16 94 3475.900
16 95 3491.000
16 96 8172.400
16 97 6604.000
16 98 5767.500
16 99 3472.800
16 100 7608.400
17 0 2316.800
17 1 6976.000
17 2 8202.000
17 3 8305.000
17 4 1978.800
17 5 6386.400
17 6 4449.400
17 7 9066.800
17 8 2335.200
17 9 7900.400
17 10 9303.400
17 11 6643.000
17 12 6667.500
17 13 5305.800
17 14 7963.600
17 15 2383.800
17 16 4030.300
17 17 0.000
17 18 4814.900
17 19 5933.200
17 20 3560.100
17 21 7143.800
17 22 2780.500
17 23 8130.800
17 24 5417.500
17 25 7115.300
17 26 3989.700
17 27 5620.000
17 28 8577.100
17 29 1695.700
17 30 6980.700
17 31 7880.800
17 32 7920.800
17 33 3262.800
17 34 3800.800
17 35 6761.300
17 36 4257.700
17 37 3182.400
17 38 3193.500
17 39 2676.800
17 40 8284.200
17 41 7501.100
17 42 4378.200
17 43 8702.600
17 44 5543.800
17 45 7180.900
17 46 7083.900
17 47 5830.600
17 48 9040.000
17 49 4372.100
17 50 8037.000
17 51 5418.900
17 52 6669.000
17 53 3404.100
17 54 8839.900
17 55 8287.700
17 56 6697.000
17 57 3041.500
17 58 4857.700
17 59 7965.500
17 60 8671.200
17 61 3878.400
17 62 5064.300
17 63 8822.300
17 64 8242.500
17 65 641.200
17 66 4680.800
17 67 5721.800
17 68 4817.100
17 69 3579.600
17 70 6394.400
17 71 2087.700
17 72 4306.600
17 73 5553.200
17 74 5922.400
17 75 7006.200
17 76 3131.800
17 77 2504.400
17 78 7997.200
17 79 5070.400
17 80 4536.500
17 81 7513.800
17 82 5415.000
17 83 4470.000
17 84 4282.200
17 85 3296.800
17 86 7906.700
17 87 6244.300
17 88 7180.100
17 89 6001.100
17 90 7236.400
17 91 4697.700
17 92 4761.600
17 93 6671.300
17 94 6612.500
17 95 2789.300
17 96 8461.500
17 97 7250.400
17 98 4657.800
17 99 2363.000
17 100 6498.700
18 0 2517.900
18 1 7654.900
18 2 7884.900
18 3 8262.800
18 4 5108.500
18 5 3699.800
18 6 5587.200
18 7 5020.400
18 8 4815.700
18 9 6232.300
18 10 8288.600
18 11 5271.000
18 12 5752.400
18 13 4390.700
18 14 8691.900
18 15 4307.700
18 16 1040.400
18 17 4026.100
18 18 0.000
18 19 3059.100
18 20 5415.600
18 21 4465.300
18 22 2192.400
18 23 8197.100
18 24 4628.900
18 25 7214.500
18 26 5032.600
18 27 3951.900
18 28 7456.300
18 29 3536.800
18 30 5859.900
18 31 6212.800
18 32 5974.900
18 33 6208.700
18 34 3880.100
18 35 7546.200
18 36 4512.000
18 37 3216.500
18 38 3096.500
18 39 4532.200
18 40 9831.100
18 41 5833.100
18 42 6167.600
18 43 8963.700
18 44 5643.100
18 45 3420.300
18 46 5963.100
18 47 4162.600
18 48 7572.300
18 49 2042.200
18 50 9014.500
18 51 1133.900
18 52 6823.900
18 53 6129.700
18 54 5972.000
18 55 8966.600
18 56 3543.300
18 57 2721.400
18 58 4956.900
18 59 8381.200
18 60 7756.100
18 61 3872.800
18 62 6123.100
18 63 9083.500
18 64 6077.500
18 65 3640.600
18 66 3889.600
18 67 5976.100
18 68 5860.000
18 69 3482.600
18 70 6549.300
18 71 3928.700
18 72 6771.600
18 73 5263.300
18 74 6077.200
18 75 7685.200
18 76 5596.800
18 77 4006.700
18 78 6545.500
18 79 5225.200
18 80 2868.500
18 81 5845.700
18 82 7270.500
18 83 4549.300
18 84 6747.100
18 85 5152.300
18 86 6237.700
18 87 4575.200
18 88 5512.100
18 89 2011.900
18 90 5768.700
18 91 5377.900
18 92 3788.900
18 93 6770.600
18 94 2623.200
18 95 4236.700
18 96 7806.800
18 97 7417.700
18 98 6513.300
18 99 4218.500
18 100 6653.500
19 0 5066.300
19 1 10507.800
19 2 5441.900
19 3 9433.300
19 4 6351.400
19 5 1256.700
19 6 8679.000
19 7 4976.300
19 8 7167.100
19 9 7317.500
19 10 5845.600
19 11 2827.900
19 12 3309.300
19 13 1947.700
19 14 9862.400
19 15 7189.300
19 16 3580.300
19 17 5264.900
19 18 2739.400
19 19 0.000
19 20 4693.800
19 21 2014.100
19 22 4740.800
19 23 9367.600
19 24 5799.500
19 25 8900.200
19 26 3979.500
19 27 5122.500
19 28 8626.900
19 29 4340.700
19 30 7030.400
19 31 6943.000
19 32 5930.800
19 33 7451.500
19 34 6581.000
19 35 10399.100
19 36 7382.000
19 37 2476.600
19 38 5644.900
19 39 5711.600
19 40 11001.600
19 41 7003.600
19 42 9259.400
19 43 10134.200
19 44 7613.600
19 45 1417.900
19 46 7133.600
19 47 5333.100
19 48 8742.800
19 49 2632.500
19 50 11867.300
19 51 1593.700
19 52 6355.700
19 53 8828.800
19 54 5927.900
19 55 11548.600
19 56 1100.200
19 57 3311.700
19 58 7203.500
19 59 9551.700
19 60 5313.000
19 61 1604.200
19 62 8975.900
19 63 10254.000
19 64 6033.400
19 65 4879.400
19 66 5060.100
19 67 8828.900
19 68 3336.700
19 69 5029.400
19 70 6081.100
19 71 3366.200
19 72 9123.000
19 73 6433.800
19 74 4383.700
19 75 10578.200
19 76 7948.200
19 77 6358.100
19 78 7716.000
19 79 4757.000
19 80 4039.000
19 81 7016.200
19 82 6822.300
19 83 6826.600
19 84 9098.500
19 85 5224.500
19 86 7408.200
19 87 5745.700
19 88 6682.600
19 89 2107.100
19 90 6939.200
19 91 8230.700
19 92 1345.800
19 93 8456.300
19 94 2718.500
19 95 7462.900
19 96 8977.300
19 97 8588.200
19 98 6925.100
19 99 5582.500
19 100 6185.300
20 0 5052.900
20 1 9347.500
20 2 4525.100
20 3 10252.000
20 4 2398.500
20 5 4685.000
20 6 5921.300
20 7 8832.300
20 8 4466.100
20 9 9847.300
20 10 5626.500
20 11 4045.000
20 12 3061.400
20 13 2707.800
20 14 10335.200
20 15 5282.600
20 16 5344.300
20 17 3631.400
20 18 4934.600
20 19 4231.800
20 20 0.000
20 21 5442.500
20 22 4727.400
20 23 10502.400
20 24 7364.400
20 25 9062.200
20 26 1264.500
20 27 7566.900
20 28 10524.000
20 29 3816.500
20 30 8927.600
20 31 9827.700
20 32 9786.700
20 33 3004.000
20 34 5747.700
20 35 9238.900
20 36 6204.600
20 37 1952.300
20 38 5140.400
20 39 1343.100
20 40 10655.700
20 41 9448.000
20 42 5850.100
20 43 11074.100
20 44 7490.800
20 45 5479.500
20 46 9030.800
20 47 7777.600
20 48 10987.000
20 49 2892.400
20 50 10707.100
20 51 3939.100
20 52 2992.100
20 53 4876.000
20 54 9783.800
20 55 10659.200
20 56 4099.000
20 57 3251.500
20 58 6804.600
20 59 9912.400
20 60 6073.200
20 61 2338.600
20 62 7815.700
20 63 11193.900
20 64 9889.300
20 65 3245.900
20 66 6627.700
20 67 7668.700
20 68 2219.100
20 69 5526.500
20 70 2717.500
20 71 2842.000
20 72 5778.500
20 73 7500.100
20 74 2245.500
20 75 9377.800
20 76 4603.700
20 77 4451.300
20 78 9944.100
20 79 1393.500
20 80 6483.500
20 81 9460.700
20 82 3167.800
20 83 6416.900
20 84 5754.100
20 85 1328.700
20 86 9853.600
20 87 8191.200
20 88 9127.000
20 89 6168.700
20 90 9183.300
20 91 7070.500
20 92 3060.300
20 93 8618.200
20 94 6780.100
20 95 5688.100
20 96 10408.400
20 97 9197.300
20 98 2410.500
20 99 1688.100
20 100 2041.800
21 0 6790.500
21 1 12232.000
21 2 6482.900
21 3 11157.600
21 4 7392.400
21 5 1034.300
21 6 10915.100
21 7 4209.700
21 8 8320.400
21 9 6550.900
21 10 6886.600
21 11 3901.200
21 12 4350.300
21 13 2988.700
21 14 11586.700
21 15 8368.900
21 16 5304.600
21 17 7011.900
21 18 4463.700
21 19 2076.000
21 20 5734.800
21 21 0.000
21 22 6465.100
21 23 11091.900
21 24 7523.700
21 25 10624.500
21 26 5020.500
21 27 6846.700
21 28 10351.100
21 29 6087.700
21 30 8754.700
21 31 6176.400
21 32 5164.200
21 33 8492.500
21 34 8305.300
21 35 12123.400
21 36 9106.300
21 37 4223.500
21 38 7369.200
21 39 6752.600
21 40 12725.900
21 41 7341.900
21 42 10843.900
21 43 11858.500
21 44 9337.900
21 45 2191.500
21 46 8857.900
21 47 7181.600
21 48 9841.200
21 49 4356.800
21 50 13591.600
21 51 3318.000
21 52 7396.700
21 53 9869.800
21 54 5161.300
21 55 13272.900
21 56 2141.300
21 57 5522.700
21 58 8927.700
21 59 11276.000
21 60 6354.100
21 61 3270.100
21 62 10700.200
21 63 11978.300
21 64 5266.800
21 65 6626.400
21 66 6784.400
21 67 10553.200
21 68 4377.800
21 69 6753.700
21 70 7122.100
21 71 5113.200
21 72 10772.400
21 73 8158.100
21 74 5424.700
21 75 12302.400
21 76 9597.600
21 77 8082.400
21 78 8207.500
21 79 5798.000
21 80 5763.300
21 81 8740.500
21 82 7863.300
21 83 8550.900
21 84 10747.900
21 85 6265.500
21 86 9132.500
21 87 7470.000
21 88 6520.800
21 89 3831.400
21 90 8663.400
21 91 9955.000
21 92 2386.800
21 93 10180.500
21 94 3451.300
21 95 9187.100
21 96 11858.800
21 97 10312.500
21 98 7966.200
21 99 6623.500
21 100 7226.300
22 0 325.500
22 1 6787.400
22 2 7944.400
22 3 7691.900
22 4 2748.400
22 5 6112.000
22 6 4719.800
22 7 8453.600
22 8 2700.200
22 9 7287.200
22 10 9045.800
22 11 6385.400
22 12 6409.800
22 13 5048.200
22 14 7775.100
22 15 2722.500
22 16 3417.100
22 17 1910.700
22 18 2457.300
22 19 5658.800
22 20 3302.500
22 21 6869.400
22 22 0.000
22 23 7942.300
22 24 4804.300
22 25 6502.100
22 26 3732.100
22 27 5006.800
22 28 7963.900
22 29 1421.300
22 30 6367.500
22 31 7267.600
22 32 7307.600
22 33 4095.600
22 34 3187.600
22 35 6678.700
22 36 3644.500
22 37 2908.000
22 38 2580.300
22 39 2419.100
22 40 8095.600
22 41 6887.900
22 42 4867.100
22 43 8514.000
22 44 4930.700
22 45 6906.500
22 46 6470.700
22 47 5217.500
22 48 8426.800
22 49 4097.700
22 50 8147.000
22 51 3141.500
22 52 6411.400
22 53 4014.200
22 54 8226.700
22 55 8099.100
22 56 6439.400
22 57 2767.100
22 58 4244.500
22 59 7352.300
22 60 8413.600
22 61 3604.000
22 62 5255.600
22 63 8633.800
22 64 7629.300
22 65 1525.200
22 66 4067.600
22 67 5108.600
22 68 4559.500
22 69 2966.400
22 70 6136.800
22 71 1813.300
22 72 4656.100
22 73 4940.000
22 74 5664.700
22 75 6817.700
22 76 3481.300
22 77 1891.200
22 78 7384.000
22 79 4812.800
22 80 3923.400
22 81 6900.600
22 82 5157.400
22 83 3856.800
22 84 4631.700
22 85 3039.200
22 86 7293.500
22 87 5631.100
22 88 6566.900
22 89 5387.900
22 90 6623.200
22 91 4510.400
22 92 4487.200
22 93 6058.100
22 94 5999.300
22 95 3128.000
22 96 7848.300
22 97 6637.200
22 98 4400.100
22 99 2105.400
22 100 6241.000
23 0 8670.200
23 1 2922.800
23 2 14455.200
23 3 1352.900
23 4 8741.200
23 5 10283.700
23 6 6213.900
23 7 10698.300
23 8 7566.500
23 9 9531.800
23 10 14858.900
23 11 11855.000
23 12 13101.100
23 13 10974.700
23 14 1358.900
23 15 6485.600
23 16 8588.800
23 17 10178.400
23 18 7676.800
23 19 9643.100
23 20 11567.900
23 21 11049.300
23 22 8344.700
23 23 0.000
23 24 5252.000
23 25 2311.300
23 26 11997.500
23 27 7251.500
23 28 1731.900
23 29 9689.100
23 30 3629.000
23 31 9512.300
23 32 9552.300
23 33 10025.300
23 34 5906.400
23 35 4216.600
23 36 6032.200
23 37 11175.800
23 38 9248.800
23 39 10684.500
23 40 2345.600
23 41 7735.800
23 42 6300.800
23 43 1478.200
23 44 3726.700
23 45 8899.800
23 46 2581.000
23 47 7462.100
23 48 5508.100
23 49 9495.100
23 50 3994.200
23 51 8448.300
23 52 15630.200
23 53 8166.500
23 54 10471.400
23 55 2941.500
23 56 10127.300
23 57 11034.900
23 58 4541.100
23 59 1999.600
23 60 15088.400
23 61 11256.100
23 62 3546.500
23 63 1342.700
23 64 9874.000
23 65 7879.100
23 66 5313.200
23 67 4009.900
23 68 12363.800
23 69 6365.100
23 70 14402.200
23 71 10081.000
23 72 8506.600
23 73 3771.500
23 74 14175.500
23 75 1975.400
23 76 8207.700
23 77 7088.200
23 78 7700.000
23 79 13078.200
23 80 6168.000
23 81 6081.200
23 82 13422.800
23 83 5476.800
23 84 7195.800
23 85 11304.600
23 86 6033.600
23 87 4378.600
23 88 8811.600
23 89 7648.600
23 90 5203.700
23 91 4228.100
23 92 10372.900
23 93 3540.100
23 94 8259.900
23 95 5778.700
23 96 2689.900
23 97 2207.300
23 98 12665.600
23 99 10370.800
23 100 14506.500
24 0 4053.400
24 1 4713.700
24 2 11167.500
24 3 3901.300
24 4 5820.800
24 5 6996.000
24 6 4072.900
24 7 7410.500
24 8 4646.000
24 9 6244.100
24 10 11571.100
24 11 8567.200
24 12 9813.400
24 13 7687.000
24 14 4873.500
24 15 3565.100
24 16 4672.800
24 17 5561.600
24 18 4172.000
24 19 6355.300
24 20 6951.100
24 21 7761.600
24 22 3727.900
24 23 4378.800
24 24 0.000
24 25 3055.800
24 26 7380.700
24 27 3963.700
24 28 3630.500
24 29 5072.300
24 30 2034.100
24 31 6224.600
24 32 6264.500
24 33 7104.800
24 34 1462.200
24 35 4605.000
24 36 1588.000
24 37 6559.000
24 38 4439.400
24 39 6067.700
24 40 6012.700
24 41 4379.000
24 42 4653.300
24 43 5145.300
24 44 1876.700
24 45 5612.000
24 46 2137.300
24 47 4174.400
24 48 3768.900
24 49 6207.300
24 50 6073.300
24 51 5160.600
24 52 10060.000
24 53 5246.000
24 54 7183.600
24 55 5056.100
24 56 6839.500
24 57 6418.100
24 58 1359.100
24 59 3616.300
24 60 11800.600
24 61 7254.900
24 62 3181.900
24 63 5265.100
24 64 6586.200
24 65 4958.700
24 66 1166.100
24 67 3034.900
24 68 8208.100
24 69 2119.600
24 70 9785.400
24 71 5464.200
24 72 7183.000
24 73 634.900
24 74 9313.400
24 75 4090.100
24 76 5404.600
24 77 3734.500
24 78 4343.200
24 79 8461.400
24 80 2880.300
24 81 3221.700
24 82 8806.000
24 83 1032.600
24 84 5162.500
24 85 6687.800
24 86 2745.800
24 87 1083.300
24 88 5312.200
24 89 4360.800
24 90 1965.300
24 91 2436.600
24 92 7085.100
24 93 2611.900
24 94 4972.200
24 95 2858.200
24 96 3543.200
24 97 2750.700
24 98 8048.800
24 99 5754.000
24 100 9889.700
25 0 5933.000
25 1 1837.700
25 2 14259.300
25 3 1831.800
25 4 7644.700
25 5 10087.800
25 6 5128.700
25 7 10502.300
25 8 6469.900
25 9 9294.800
25 10 14663.000
25 11 11913.700
25 12 11938.100
25 13 10576.500
25 14 1328.100
25 15 5389.000
25 16 7155.800
25 17 7444.800
25 18 7940.400
25 19 9447.200
25 20 8830.800
25 21 10853.400
25 22 5607.500
25 23 1518.000
25 24 4028.200
25 25 0.000
25 26 9260.400
25 27 7055.500
25 28 2192.400
25 29 6951.900
25 30 3577.600
25 31 9316.400
25 32 9356.300
25 33 8928.700
25 34 4005.500
25 35 3131.400
25 36 3467.600
25 37 8438.600
25 38 6319.000
25 39 7947.400
25 40 2068.000
25 41 7519.300
25 42 5215.600
25 43 2284.600
25 44 1466.700
25 45 8703.900
25 46 2529.700
25 47 7266.200
25 48 5498.300
25 49 9628.300
25 50 2898.700
25 51 8252.400
25 52 11939.700
25 53 7069.900
25 54 10425.800
25 55 2071.500
25 56 9931.400
25 57 8297.700
25 58 2556.100
25 59 937.600
25 60 13941.800
25 61 9134.600
25 62 2449.900
25 63 2404.300
25 64 9678.100
25 65 6782.600
25 66 4306.400
25 67 2913.300
25 68 10087.800
25 69 4803.600
25 70 11665.100
25 71 7343.900
25 72 7421.500
25 73 2645.900
25 74 11193.000
25 75 1332.700
25 76 7122.500
25 77 5991.700
25 78 7483.500
25 79 10341.000
25 80 5972.100
25 81 6071.500
25 82 10685.700
25 83 3336.300
25 84 6110.600
25 85 8567.500
25 86 5837.600
25 87 4175.200
25 88 8452.600
25 89 7452.600
25 90 4561.800
25 91 3131.500
25 92 10176.900
25 93 973.700
25 94 8064.000
25 95 4682.100
25 96 3408.600
25 97 777.200
25 98 9928.400
25 99 7633.700
25 100 11769.300
26 0 4716.200
26 1 10562.000
26 2 4212.300
26 3 11466.400
26 4 3671.500
26 5 4751.600
26 6 7194.300
26 7 8898.800
26 8 5739.100
26 9 11061.800
26 10 5313.700
26 11 4111.500
26 12 2748.600
26 13 2774.300
26 14 11549.600
26 15 6497.100
26 16 5410.800
26 17 4845.900
26 18 5001.100
26 19 4298.300
26 20 1366.700
26 21 5509.000
26 22 5941.900
26 23 11716.900
26 24 8578.900
26 25 10276.600
26 26 0.000
26 27 8781.400
26 28 11738.500
26 29 3883.000
26 30 10142.100
26 31 10865.400
26 32 9853.200
26 33 4191.600
26 34 6962.200
26 35 10453.300
26 36 7419.100
26 37 2018.800
26 38 6354.900
26 39 3031.800
26 40 11870.200
26 41 10662.500
26 42 7123.100
26 43 12288.600
26 44 8705.200
26 45 5546.100
26 46 10245.300
26 47 8992.000
26 48 12201.400
26 49 2958.900
26 50 11921.600
26 51 4005.700
26 52 2679.300
26 53 6149.000
26 54 9850.300
26 55 11873.700
26 56 4165.500
26 57 3318.000
26 58 8019.100
26 59 11126.900
26 60 4911.500
26 61 2405.200
26 62 9030.200
26 63 12408.300
26 64 9955.900
26 65 4460.400
26 66 7842.200
26 67 8883.200
26 68 2285.600
26 69 6740.900
26 70 2404.700
26 71 2908.500
26 72 7051.500
26 73 8714.600
26 74 1932.700
26 75 10592.300
26 76 5876.700
26 77 5665.800
26 78 11158.600
26 79 1080.700
26 80 7697.900
26 81 10675.200
26 82 3145.900
26 83 7631.400
26 84 7027.100
26 85 2544.600
26 86 11068.100
26 87 9405.700
26 88 10341.500
26 89 6235.200
26 90 10397.800
26 91 8285.000
26 92 3126.800
26 93 9832.700
26 94 6846.600
26 95 6902.600
26 96 11622.900
26 97 10411.800
26 98 3598.100
26 99 2902.600
26 100 2509.000
27 0 5361.100
27 1 9599.800
27 2 11132.800
27 3 8525.400
27 4 7410.500
27 5 6954.200
27 6 7771.100
27 7 4028.500
27 8 6259.200
27 9 2862.100
27 10 11536.400
27 11 8525.500
27 12 9778.700
27 13 7645.200
27 14 8954.500
27 15 6281.400
27 16 5279.700
27 17 6869.400
27 18 4367.700
27 19 6313.600
27 20 8258.900
27 21 7750.300
27 22 5035.600
27 23 8459.700
27 24 4891.600
27 25 7992.300
27 26 8688.400
27 27 0.000
27 28 7719.000
27 29 6380.000
27 30 6122.500
27 31 2842.600
27 32 2882.500
27 33 8694.500
27 34 5673.100
27 35 9491.200
27 36 6474.100
27 37 7866.700
27 38 5939.700
27 39 7375.500
27 40 10093.700
27 41 2462.800
27 42 8351.500
27 43 9226.300
27 44 6705.700
27 45 5570.300
27 46 6225.700
27 47 792.400
27 48 6020.300
27 49 6165.500
27 50 10959.400
27 51 5118.800
27 52 11367.800
27 53 7573.100
27 54 3801.600
27 55 10640.700
27 56 6797.800
27 57 7725.800
27 58 6295.600
27 59 8643.800
27 60 11010.600
27 61 7926.600
27 62 8068.000
27 63 9346.100
27 64 3204.200
27 65 6548.400
27 66 4152.200
27 67 7921.000
27 68 9034.300
27 69 4121.500
27 70 11093.200
27 71 6772.000
27 72 8215.000
27 73 5525.900
27 74 10853.100
27 75 9670.200
27 76 7040.300
27 77 5450.200
27 78 3241.800
27 79 9769.100
27 80 2933.700
27 81 6264.800
27 82 10113.800
27 83 5918.700
27 84 8190.600
27 85 7995.600
27 86 6500.300
27 87 4837.800
27 88 2141.900
27 89 4319.000
27 90 6031.300
27 91 7322.800
27 92 7043.300
27 93 7548.400
27 94 4930.400
27 95 6555.000
27 96 8037.900
27 97 7680.300
27 98 9356.500
27 99 7061.800
27 100 11197.400
28 0 6925.100
28 1 4697.000
28 2 12953.600
28 3 2596.200
28 4 8692.500
28 5 8782.100
28 6 6944.700
28 7 9196.700
28 8 7517.800
28 9 7784.900
28 10 13357.300
28 11 10353.400
28 12 11599.600
28 13 9473.100
28 14 3023.500
28 15 6436.900
28 16 7087.200
28 17 8433.400
28 18 6175.200
28 19 8141.500
28 20 9822.900
28 21 9547.700
28 22 6599.600
28 23 2528.800
28 24 3679.500
28 25 2859.300
28 26 10252.400
28 27 5749.900
28 28 0.000
28 29 7944.000
28 30 2109.300
28 31 8010.700
28 32 8050.700
28 33 9976.600
28 34 4334.000
28 35 5990.800
28 36 4459.700
28 37 9430.700
28 38 7311.100
28 39 8939.500
28 40 4162.700
28 41 5920.700
28 42 7525.000
28 43 3295.300
28 44 2573.100
28 45 7398.200
28 46 1061.300
28 47 5960.500
28 48 3988.400
28 49 7993.500
28 50 5762.400
28 51 6946.700
28 52 14128.600
28 53 8117.800
28 54 8915.800
28 55 4709.700
28 56 8625.700
28 57 9289.800
28 58 3021.500
28 59 1985.400
28 60 13586.800
28 61 9754.600
28 62 4896.200
28 63 3415.100
28 64 8372.400
28 65 7830.400
28 66 3804.100
28 67 4749.200
28 68 10862.200
28 69 4808.300
28 70 12657.200
28 71 8336.000
28 72 9833.400
28 73 2251.800
28 74 12673.900
28 75 3739.300
28 76 8276.300
28 77 6606.300
28 78 5884.900
28 79 11333.100
28 80 4666.400
28 81 4561.600
28 82 11677.800
28 83 3904.300
28 84 8034.300
28 85 9559.600
28 86 4532.000
28 87 2869.500
28 88 6854.000
28 89 6147.000
28 90 3093.400
28 91 4151.000
28 92 8871.300
28 93 2511.500
28 94 6758.300
28 95 5730.000
28 96 958.000
28 97 2183.700
28 98 10920.500
28 99 8625.800
28 100 12761.400
29 0 1052.700
29 1 7228.400
29 2 7271.600
29 3 8132.800
29 4 2481.100
29 5 5295.500
29 6 4951.700
29 7 8894.500
29 8 2837.500
29 9 7728.100
29 10 8373.000
29 11 5609.900
29 12 5634.300
29 13 4272.700
29 14 8216.000
29 15 2886.100
29 16 3858.000
29 17 1529.000
29 18 2788.600
29 19 4842.300
29 20 3293.700
29 21 6052.900
29 22 1109.700
29 23 8383.200
29 24 5245.200
29 25 6943.000
29 26 2741.900
29 27 5447.700
29 28 8404.900
29 29 0.000
29 30 6808.500
29 31 7708.600
29 32 7748.500
29 33 3765.100
29 34 3628.500
29 35 7119.700
29 36 4085.400
29 37 2091.600
29 38 3021.200
29 39 2410.400
29 40 8536.500
29 41 7328.800
29 42 4880.400
29 43 8954.900
29 44 5371.600
29 45 6090.000
29 46 6911.600
29 47 5658.400
29 48 8867.800
29 49 3281.300
29 50 8587.900
29 51 4328.000
29 52 5738.600
29 53 3906.400
29 54 8667.700
29 55 8540.100
29 56 5113.600
29 57 1950.700
29 58 4685.400
29 59 7793.300
29 60 7638.000
29 61 2787.500
29 62 5566.600
29 63 9074.700
29 64 8070.200
29 65 1143.500
29 66 4508.500
29 67 5549.500
29 68 3569.300
29 69 3407.300
29 70 5464.000
29 71 996.800
29 72 4808.900
29 73 5380.900
29 74 4991.900
29 75 7258.600
29 76 3634.100
29 77 2332.200
29 78 7824.900
29 79 4140.000
29 80 4364.300
29 81 7341.500
29 82 5148.600
29 83 4297.700
29 84 4784.400
29 85 3030.400
29 86 7734.500
29 87 6072.000
29 88 7007.900
29 89 5828.900
29 90 7064.200
29 91 4951.300
29 92 3670.800
29 93 6499.100
29 94 6440.200
29 95 3291.600
29 96 8289.200
29 97 7078.200
29 98 4391.400
29 99 2096.700
29 100 5568.200
30 0 6105.500
30 1 5171.700
30 2 12134.000
30 3 3764.300
30 4 7872.900
30 5 7962.500
30 6 6125.100
30 7 7682.200
30 8 6698.200
30 9 6003.700
30 10 12537.700
30 11 9533.800
30 12 10780.000
30 13 8653.500
30 14 4191.600
30 15 5617.300
30 16 6267.600
30 17 7613.800
30 18 5355.600
30 19 7321.900
30 20 9003.300
30 21 8728.100
30 22 5780.000
30 23 3696.800
30 24 2859.900
30 25 3334.100
30 26 9432.800
30 27 4930.300
30 28 2957.800
30 29 7124.400
30 30 0.000
30 31 6674.200
30 32 6536.200
30 33 9157.000
30 34 3514.400
30 35 5499.800
30 36 3640.100
30 37 8611.100
30 38 6491.500
30 39 8119.900
30 40 5330.800
30 41 3811.500
30 42 6705.400
30 43 4463.400
30 44 2059.900
30 45 6578.600
30 46 1464.500
30 47 5140.900
30 48 2787.800
30 49 7173.900
30 50 6968.000
30 51 6127.100
30 52 13309.000
30 53 7298.200
30 54 7134.700
30 55 5334.400
30 56 7806.100
30 57 8470.200
30 58 2201.900
30 59 3153.400
30 60 12767.200
30 61 8935.000
30 62 4076.600
30 63 4583.100
30 64 7382.100
30 65 7010.800
30 66 2984.500
30 67 3929.600
30 68 10042.600
30 69 3988.700
30 70 11837.600
30 71 7516.400
30 72 9013.800
30 73 1432.200
30 74 11854.300
30 75 4368.300
30 76 7456.700
30 77 5786.700
30 78 3775.600
30 79 10513.500
30 80 3846.800
30 81 2309.600
30 82 10858.200
30 83 3084.700
30 84 7214.700
30 85 8740.000
30 86 3712.400
30 87 2049.900
30 88 4744.700
30 89 5327.400
30 90 984.200
30 91 3331.400
30 92 8051.700
30 93 2914.700
30 94 5938.700
30 95 4910.400
30 96 3085.400
30 97 2919.100
30 98 10100.900
30 99 7806.200
30 100 11941.800
31 0 5390.700
31 1 9629.500
31 2 11162.400
31 3 8555.000
31 4 7440.100
31 5 6711.400
31 6 7800.700
31 7 2487.100
31 8 6288.800
31 9 2145.900
31 10 11566.100
31 11 8555.100
31 12 9808.300
31 13 7674.800
31 14 8984.100
31 15 6311.000
31 16 5309.300
31 17 6899.000
31 18 4397.300
31 19 6343.200
31 20 8288.500
31 21 6209.000
31 22 5065.200
31 23 8489.400
31 24 4921.200
31 25 8021.900
31 26 8718.100
31 27 1974.200
31 28 7748.600
31 29 6409.600
31 30 6152.200
31 31 0.000
31 32 1113.500
31 33 8724.200
31 34 5702.700
31 35 9520.800
31 36 6503.800
31 37 7896.300
31 38 5969.400
31 39 7405.100
31 40 10123.300
31 41 1870.000
31 42 8381.100
31 43 9255.900
31 44 6735.300
31 45 5696.500
31 46 6255.300
31 47 1137.700
31 48 5427.500
31 49 6195.200
31 50 10989.000
31 51 5148.400
31 52 11397.400
31 53 7602.800
31 54 2260.300
31 55 10670.300
31 56 6827.400
31 57 7755.400
31 58 6325.200
31 59 8673.400
31 60 11040.200
31 61 7956.200
31 62 8097.600
31 63 9375.700
31 64 1157.300
31 65 6578.000
31 66 4181.900
31 67 7950.600
31 68 9063.900
31 69 4151.100
31 70 11122.800
31 71 6801.600
31 72 8244.700
31 73 5555.600
31 74 10882.700
31 75 9699.900
31 76 7069.900
31 77 5479.800
31 78 2649.000
31 79 9798.700
31 80 2963.300
31 81 5672.000
31 82 10143.400
31 83 5948.400
31 84 8220.200
31 85 8025.200
31 86 6529.900
31 87 4867.400
31 88 1549.000
31 89 4348.700
31 90 6060.900
31 91 7352.400
31 92 7073.000
31 93 7578.000
31 94 4365.800
31 95 6584.600
31 96 7445.100
31 97 7709.900
31 98 9386.100
31 99 7091.400
31 100 11227.000
32 0 6587.600
32 1 10826.400
32 2 10986.500
32 3 9812.500
32 4 8637.000
32 5 5687.300
32 6 8997.600
32 7 1463.100
32 8 7485.700
32 9 1703.800
32 10 11390.200
32 11 8372.600
32 12 8854.000
32 13 7492.300
32 14 10181.000
32 15 7507.900
32 16 6506.200
32 17 8095.900
32 18 5605.700
32 19 6160.700
32 20 9485.400
32 21 5184.900
32 22 6262.200
32 23 9686.300
32 24 6118.100
32 25 9330.700
32 26 9524.200
32 27 3171.100
32 28 8920.200
32 29 7606.500
32 30 7349.100
32 31 1113.500
32 32 0.000
32 33 9921.100
32 34 6899.600
32 35 10717.700
32 36 7700.700
32 37 7309.700
32 38 7166.300
32 39 8602.000
32 40 11320.200
32 41 2494.900
32 42 9578.000
32 43 10452.800
32 44 7932.200
32 45 4672.500
32 46 7452.200
32 47 2334.600
32 48 4994.100
32 49 6135.500
32 50 12185.900
32 51 5088.700
32 52 11900.300
32 53 8799.700
32 54 1740.800
32 55 11867.200
32 56 6644.900
32 57 6814.700
32 58 7522.100
32 59 9115.900
32 60 10857.700
32 61 7773.800
32 62 9294.500
32 63 10572.600
32 64 789.700
32 65 7774.900
32 66 5378.800
32 67 9147.500
32 68 8881.400
32 69 5348.000
32 70 11625.700
32 71 7998.500
32 72 9441.600
32 73 6752.500
32 74 9928.300
32 75 10896.800
32 76 8266.800
32 77 6676.700
32 78 3360.500
32 79 10301.700
32 80 4160.200
32 81 6828.300
32 82 11340.300
32 83 7145.300
32 84 9417.100
32 85 9222.100
32 86 7726.800
32 87 6064.400
32 88 1673.700
32 89 4450.100
32 90 7257.800
32 91 8549.300
32 92 6890.500
32 93 8911.300
32 94 3341.700
32 95 7781.500
32 96 7011.700
32 97 8915.700
32 98 10583.000
32 99 8288.300
32 100 11729.900
33 0 5882.100
33 1 8008.300
33 2 6234.400
33 3 11081.100
33 4 1769.700
33 5 6965.400
33 6 4484.400
33 7 11112.700
33 8 3029.100
33 9 10676.500
33 10 7335.800
33 11 6325.400
33 12 5341.800
33 13 4988.200
33 14 9634.200
33 15 4054.400
33 16 6806.400
33 17 3507.200
33 18 7591.000
33 19 6512.200
33 20 2459.600
33 21 7722.900
33 22 5556.600
33 23 9801.400
33 24 8193.600
33 25 9891.300
33 26 3544.900
33 27 8396.100
33 28 11353.200
33 29 3988.500
33 30 9756.800
33 31 10656.900
33 32 10696.900
33 33 0.000
33 34 6576.900
33 35 7633.600
33 36 5712.900
33 37 4232.700
33 38 5969.600
33 39 2834.900
33 40 9658.100
33 41 10277.200
33 42 4413.100
33 43 10373.100
33 44 8319.900
33 45 7759.900
33 46 9860.000
33 47 8606.700
33 48 11816.100
33 49 5172.800
33 50 9119.800
33 51 6219.500
33 52 5272.500
33 53 3439.000
33 54 11616.000
33 55 9661.600
33 56 6379.400
33 57 5531.900
33 58 7633.800
33 59 10147.500
33 60 8353.600
33 61 4619.000
33 62 6734.900
33 63 10492.900
33 64 11018.600
33 65 2845.000
33 66 7456.900
33 67 7330.600
33 68 4499.500
33 69 6355.600
33 70 4500.300
33 71 4380.500
33 72 4341.600
33 73 8329.300
33 74 4525.900
33 75 8676.800
33 76 3166.800
33 77 4085.400
33 78 10773.300
33 79 3673.900
33 80 7312.600
33 81 10289.900
33 82 3693.300
33 83 7246.100
33 84 4317.100
33 85 3485.700
33 86 10682.800
33 87 9020.400
33 88 9956.200
33 89 8449.100
33 90 10012.500
33 91 6368.300
33 92 5340.700
33 93 9447.400
33 94 9060.500
33 95 4459.900
33 96 11237.600
33 97 10026.500
33 98 2936.000
33 99 2517.300
33 100 4322.200
34 0 2955.800
34 1 4472.400
34 2 10495.400
34 3 5155.700
34 4 4977.900
34 5 7350.200
34 6 3231.500
34 7 7764.700
34 8 3803.200
34 9 6598.300
34 10 11932.400
34 11 8936.400
34 12 8960.900
34 13 7599.200
34 14 5460.000
34 15 2722.200
34 16 4128.400
34 17 4464.000
34 18 4913.000
34 19 6709.500
34 20 5853.500
34 21 8115.800
34 22 2630.300
34 23 5824.500
34 24 1491.200
34 25 3965.900
34 26 6283.100
34 27 4317.900
34 28 5076.300
34 29 3974.700
34 30 3479.900
34 31 6578.700
34 32 6618.700
34 33 6261.900
34 34 0.000
34 35 4363.700
34 36 1346.700
34 37 5461.400
34 38 3341.800
34 39 4970.100
34 40 5780.600
34 41 4816.400
34 42 3811.800
34 43 6591.100
34 44 2394.500
34 45 5966.200
34 46 3583.000
34 47 4528.600
34 48 5214.700
34 49 6187.900
34 50 5831.900
34 51 5514.700
34 52 8962.400
34 53 4404.600
34 54 7537.800
34 55 5784.100
34 56 7193.700
34 57 5320.500
34 58 1708.400
34 59 4816.200
34 60 10964.600
34 61 6157.300
34 62 2940.500
34 63 6710.900
34 64 6940.400
34 65 4115.800
34 66 1397.100
34 67 2793.600
34 68 7110.500
34 69 1575.200
34 70 8687.800
34 71 4366.600
34 72 5737.900
34 73 2126.100
34 74 8215.800
34 75 4502.600
34 76 4563.100
34 77 2636.900
34 78 4780.500
34 79 7363.800
34 80 3234.400
34 81 4297.100
34 82 7708.400
34 83 669.200
34 84 4321.100
34 85 5590.200
34 86 4443.200
34 87 2780.800
34 88 5749.600
34 89 4715.000
34 90 3411.100
34 91 2195.300
34 92 7040.600
34 93 3522.000
34 94 5326.400
34 95 2015.300
34 96 5034.400
34 97 4101.100
34 98 6951.200
34 99 4656.400
34 100 8792.100
35 0 6046.100
35 1 1597.800
35 2 13585.700
35 3 4943.400
35 4 6659.800
35 5 11461.700
35 6 3257.200
35 7 11876.300
35 8 5113.000
35 9 10709.900
35 10 14687.100
35 11 12026.700
35 12 12051.100
35 13 10689.500
35 14 3523.100
35 15 4710.300
35 16 7268.900
35 17 6766.000
35 18 8053.500
35 19 10821.100
35 20 8943.800
35 21 12227.300
35 22 5720.600
35 23 3690.300
35 24 5170.500
35 25 3273.100
35 26 9373.400
35 27 8429.500
35 28 5303.900
35 29 7065.000
35 30 5447.400
35 31 10690.300
35 32 10730.300
35 33 7056.700
35 34 4651.600
35 35 0.000
35 36 3580.700
35 37 8551.700
35 38 6432.100
35 39 8060.400
35 40 2810.100
35 41 8893.300
35 42 3344.100
35 43 3689.900
35 44 2934.200
35 45 10077.800
35 46 4448.800
35 47 8640.100
35 48 8251.700
35 49 9741.400
35 50 1379.000
35 51 9153.200
35 52 12052.700
35 53 4896.900
35 54 11649.400
35 55 2540.100
35 56 12080.700
35 57 8410.800
35 58 3534.900
35 59 4049.200
35 60 14054.900
35 61 9247.600
35 62 1776.900
35 63 4381.800
35 64 11052.000
35 65 6103.800
35 66 5547.200
35 67 2240.300
35 68 10200.800
35 69 5725.300
35 70 11778.100
35 71 7456.900
35 72 5549.900
35 73 4019.900
35 74 11306.100
35 75 2300.200
35 76 5251.000
35 77 5312.900
35 78 8857.400
35 79 10454.100
35 80 7346.000
35 81 7757.000
35 82 10798.700
35 83 4258.000
35 84 4239.100
35 85 8680.500
35 86 7211.600
35 87 5549.100
35 88 9826.500
35 89 8826.600
35 90 6448.000
35 91 2458.500
35 92 10130.900
35 93 3291.400
35 94 9438.000
35 95 4003.400
35 96 5822.100
35 97 3888.800
35 98 10041.500
35 99 7746.700
35 100 11882.400
36 0 3018.700
36 1 3813.600
36 2 10558.300
36 3 5158.500
36 4 4194.500
36 5 8615.800
36 6 2446.600
36 7 9030.300
36 8 3019.800
36 9 7863.900
36 10 11659.700
36 11 8999.300
36 12 9023.800
36 13 7662.100
36 14 4688.800
36 15 1938.900
36 16 4241.500
36 17 3994.600
36 18 5026.100
36 19 7975.200
36 20 5916.400
36 21 9381.400
36 22 2693.200
36 23 4856.000
36 24 2812.300
36 25 3968.700
36 26 6346.000
36 27 5583.500
36 28 5430.600
36 29 4037.600
36 30 3834.200
36 31 7844.400
36 32 7884.300
36 33 5478.600
36 34 1627.200
36 35 3439.000
36 36 0.000
36 37 5524.300
36 38 3404.700
36 39 5033.100
36 40 5463.400
36 41 6082.000
36 42 3027.000
36 43 5427.700
36 44 2397.300
36 45 7231.900
36 46 3937.300
36 47 5794.200
36 48 5893.500
36 49 6714.000
36 50 4925.200
36 51 6125.800
36 52 9025.300
36 53 3619.800
36 54 8803.500
36 55 5467.000
36 56 9053.300
36 57 5383.400
36 58 1711.100
36 59 4819.000
36 60 11027.500
36 61 6220.200
36 62 1789.400
36 63 5547.500
36 64 8206.100
36 65 3332.400
36 66 2662.800
36 67 2555.700
36 68 7173.400
36 69 2840.900
36 70 8750.700
36 71 4429.500
36 72 5700.700
36 73 2406.600
36 74 8278.700
36 75 3731.400
36 76 3778.300
36 77 2541.500
36 78 6046.200
36 79 7426.700
36 80 4500.100
36 81 5562.800
36 82 7771.300
36 83 1899.800
36 84 3536.300
36 85 5653.100
36 86 4870.300
36 87 3207.900
36 88 7015.300
36 89 5980.600
36 90 4089.900
36 91 1422.800
36 92 7103.500
36 93 3524.800
36 94 6592.000
36 95 1231.900
36 96 5314.900
36 97 4103.900
36 98 7014.100
36 99 4719.300
36 100 8855.000
37 0 2918.800
37 1 8709.100
37 2 5180.000
37 3 9613.500
37 4 3997.500
37 5 3204.000
37 6 6432.400
37 7 7351.200
37 8 4318.300
37 9 9692.300
37 10 6281.400
37 11 3518.300
37 12 3542.700
37 13 2181.100
37 14 9696.700
37 15 4366.800
37 16 3641.600
37 17 3009.700
37 18 3231.900
37 19 2750.700
37 20 2334.400
37 21 3961.400
37 22 2975.700
37 23 9863.900
37 24 6725.900
37 25 8423.700
37 26 1855.800
37 27 6928.400
37 28 9885.600
37 29 2085.600
37 30 8289.200
37 31 9317.800
37 32 8305.600
37 33 5097.700
37 34 5109.300
37 35 8600.400
37 36 5566.200
37 37 0.000
37 38 4501.900
37 39 3357.800
37 40 10017.300
37 41 8809.600
37 42 6361.200
37 43 10435.600
37 44 6852.300
37 45 3998.500
37 46 8392.300
37 47 7139.100
37 48 10348.500
37 49 1189.700
37 50 10068.700
37 51 2236.400
37 52 3647.000
37 53 5387.100
37 54 8302.700
37 55 10020.800
37 56 3022.100
37 57 1299.200
37 58 6166.100
37 59 9274.000
37 60 5546.400
37 61 695.900
37 62 7047.300
37 63 10555.400
37 64 8408.200
37 65 2624.200
37 66 5989.200
37 67 7030.300
37 68 2683.200
37 69 4888.000
37 70 3372.400
37 71 1111.100
37 72 6289.600
37 73 6861.700
37 74 2900.400
37 75 8739.300
37 76 5114.800
37 77 3812.900
37 78 9305.600
37 79 2048.400
37 80 5845.000
37 81 8822.200
37 82 4113.600
37 83 5778.500
37 84 6265.200
37 85 2870.700
37 86 9215.200
37 87 7552.700
37 88 8488.600
37 89 4687.600
37 90 8544.900
37 91 6432.000
37 92 1579.200
37 93 7979.800
37 94 5299.000
37 95 4772.300
37 96 9769.900
37 97 8558.900
37 98 4565.800
37 99 3228.600
37 100 3476.700
38 0 2531.200
38 1 5480.000
38 2 10070.900
38 3 6229.400
38 4 4388.500
38 5 6464.600
38 6 3412.300
38 7 6895.000
38 8 3213.700
38 9 5728.600
38 10 11046.800
38 11 8511.900
38 12 8536.300
38 13 7174.700
38 14 7249.300
38 15 2132.800
38 16 3093.800
38 17 4039.500
38 18 3878.400
38 19 5823.900
38 20 5429.000
38 21 7230.200
38 22 2205.800
38 23 6754.500
38 24 2375.800
38 25 5039.600
38 26 5858.600
38 27 3448.300
38 28 6006.300
38 29 3550.100
38 30 4409.900
38 31 5709.100
38 32 5749.100
38 33 5672.500
38 34 1705.200
38 35 5371.300
38 36 2337.100
38 37 5036.800
38 38 0.000
38 39 4545.600
38 40 6788.200
38 41 5329.400
38 42 3927.300
38 43 7521.100
38 44 3468.200
38 45 5080.600
38 46 4513.000
38 47 3658.900
38 48 6144.700
38 49 5153.400
38 50 6839.600
38 51 4978.200
38 52 8537.900
38 53 3574.400
38 54 6668.200
38 55 6791.700
38 56 6308.100
38 57 4895.900
38 58 2782.000
38 59 5889.900
38 60 10540.100
38 61 5732.800
38 62 3948.200
38 63 7640.900
38 64 6070.800
38 65 3526.400
38 66 1584.600
38 67 3801.200
38 68 6686.000
38 69 1017.600
38 70 8263.300
38 71 3942.100
38 72 5169.600
38 73 3010.700
38 74 7791.200
38 75 5510.200
38 76 3994.800
38 77 2212.400
38 78 5122.700
38 79 6939.200
38 80 2364.800
38 81 4639.300
38 82 7283.900
38 83 2348.800
38 84 4169.800
38 85 5165.700
38 86 4813.500
38 87 3151.000
38 88 5008.400
38 89 3829.400
38 90 4341.100
38 91 3202.900
38 92 6616.100
38 93 4595.700
38 94 4440.800
38 95 2061.800
38 96 5918.900
38 97 5126.500
38 98 6526.600
38 99 4231.900
38 100 8367.500
39 0 3963.500
39 1 8258.100
39 2 5279.300
39 3 9162.500
39 4 1346.200
39 5 5553.400
39 6 4868.900
39 7 9700.600
39 8 3413.700
39 9 8757.800
39 10 6380.700
39 11 4913.300
39 12 4937.700
39 13 3576.100
39 14 9245.700
39 15 4193.100
39 16 4887.700
39 17 2542.000
39 18 5672.300
39 19 5100.100
39 20 1504.400
39 21 6310.800
39 22 3638.000
39 23 9412.900
39 24 6274.900
39 25 7972.700
39 26 2260.000
39 27 6477.400
39 28 9434.600
39 29 2949.900
39 30 7838.200
39 31 8738.300
39 32 8778.200
39 33 2007.900
39 34 4658.300
39 35 8149.400
39 36 5115.200
39 37 2688.100
39 38 4050.900
39 39 0.000
39 40 9566.200
39 41 8358.600
39 42 4797.700
39 43 9984.600
39 44 6401.300
39 45 6347.800
39 46 7941.300
39 47 6688.100
39 48 9897.500
39 49 3628.200
39 50 9617.600
39 51 4675.000
39 52 4317.400
39 53 3823.600
39 54 9697.400
39 55 9569.800
39 56 4967.300
39 57 3987.300
39 58 5715.100
39 59 8823.000
39 60 6941.500
39 61 3074.500
39 62 6726.200
39 63 10104.400
39 64 9099.900
39 65 2156.500
39 66 5538.200
39 67 6579.300
39 68 3087.400
39 69 4437.000
39 70 3545.200
39 71 3577.800
39 72 4726.200
39 73 6410.700
39 74 3570.700
39 75 8288.300
39 76 3551.400
39 77 3361.900
39 78 8854.600
39 79 2718.700
39 80 5394.000
39 81 8371.200
39 82 2738.200
39 83 5327.500
39 84 4701.700
39 85 1567.100
39 86 8764.200
39 87 7101.700
39 88 8037.600
39 89 7037.000
39 90 8093.900
39 91 5981.000
39 92 3928.600
39 93 7528.800
39 94 7648.400
39 95 4598.700
39 96 9318.900
39 97 8107.900
39 98 1980.900
39 99 598.700
39 100 3367.100
40 0 7663.600
40 1 2312.300
40 2 16245.200
40 3 3142.900
40 4 8589.100
40 5 12073.700
40 6 5603.400
40 7 12488.300
40 8 7459.100
40 9 11321.900
40 10 16648.900
40 11 13645.000
40 12 14891.200
40 13 12307.000
40 14 2481.100
40 15 6333.400
40 16 8886.400
40 17 8389.200
40 18 9466.800
40 19 11433.100
40 20 10561.300
40 21 12839.300
40 22 7338.100
40 23 1790.000
40 24 6128.600
40 25 2320.400
40 26 10990.900
40 27 9041.500
40 28 3521.900
40 29 8682.400
40 30 5419.000
40 31 11302.300
40 32 11342.300
40 33 9402.900
40 34 6269.100
40 35 2724.600
40 36 5198.200
40 37 10169.200
40 38 8049.500
40 39 9677.900
40 40 0.000
40 41 9525.800
40 42 5690.300
40 43 998.900
40 44 3842.500
40 45 10689.800
40 46 4371.000
40 47 9252.100
40 48 7298.100
40 49 11285.100
40 50 1778.400
40 51 10238.300
40 52 13670.200
40 53 7243.100
40 54 12261.400
40 55 725.700
40 56 11917.300
40 57 10028.300
40 58 4656.500
40 59 3084.300
40 60 16878.400
40 61 10865.100
40 62 3394.400
40 63 2481.500
40 64 11664.000
40 65 7727.000
40 66 7103.200
40 67 3857.700
40 68 11818.300
40 69 7165.800
40 70 13395.600
40 71 9074.400
40 72 7896.100
40 73 4746.300
40 74 12923.500
40 75 1540.100
40 76 7597.100
40 77 6936.100
40 78 9490.000
40 79 12071.600
40 80 7958.000
40 81 7871.200
40 82 12416.200
40 83 5698.500
40 84 6585.300
40 85 10298.000
40 86 7823.600
40 87 6168.600
40 88 10601.600
40 89 9438.600
40 90 6993.700
40 91 4075.900
40 92 12162.900
40 93 3294.000
40 94 10049.900
40 95 5626.500
40 96 4479.900
40 97 2936.100
40 98 11658.900
40 99 9364.200
40 100 13499.800
41 0 6153.500
41 1 8237.500
41 2 12040.100
41 3 7163.000
41 4 8175.600
41 5 7861.500
41 6 6429.200
41 7 3613.700
41 8 7000.900
41 9 2822.800
41 10 12443.800
41 11 9432.800
41 12 10686.000
41 13 8552.500
41 14 7599.500
41 15 5919.900
41 16 6166.600
41 17 7661.700
41 18 5254.600
41 19 7220.900
41 20 9051.200
41 21 7335.500
41 22 5828.000
41 23 7104.800
41 24 3549.600
41 25 6605.500
41 26 9480.800
41 27 2703.200
41 28 6356.600
41 29 7172.400
41 30 3607.900
41 31 2803.200
41 32 2467.700
41 33 9459.700
41 34 4331.200
41 35 8128.800
41 36 5111.800
41 37 8659.100
41 38 6539.500
41 39 8167.900
41 40 8738.700
41 41 0.000
41 42 7009.500
41 43 7871.400
41 44 5426.300
41 45 6477.600
41 46 4863.300
41 47 1535.500
41 48 3557.500
41 49 7072.900
41 50 9597.000
41 51 6026.100
41 52 12160.100
41 53 7602.300
41 54 3386.800
41 55 9285.700
41 56 7705.100
41 57 8518.200
41 58 4908.700
41 59 6552.200
41 60 11917.900
41 61 8833.900
41 62 6705.600
41 63 7991.100
41 64 3643.900
41 65 7313.500
41 66 2901.300
41 67 6558.600
41 68 9941.600
41 69 3953.100
41 70 11885.500
41 71 7564.300
41 72 8935.600
41 73 4163.600
41 74 11760.400
41 75 8315.300
41 76 7760.900
41 77 5834.600
41 78 779.000
41 79 10561.500
41 80 3745.800
41 81 3802.000
41 82 10906.100
41 83 4556.400
41 84 7518.800
41 85 8787.900
41 86 5137.900
41 87 3475.400
41 88 873.700
41 89 5226.300
41 90 4668.900
41 91 5960.400
41 92 7950.600
41 93 6161.500
41 94 5492.300
41 95 5213.000
41 96 5575.100
41 97 6300.400
41 98 10148.900
41 99 7854.100
41 100 11989.800
42 0 4700.400
42 1 3705.800
42 2 11244.800
42 3 7051.400
42 4 4774.100
42 5 10325.800
42 6 580.100
42 7 10712.000
42 8 3208.200
42 9 9545.600
42 10 12346.200
42 11 9685.800
42 12 9710.200
42 13 8348.600
42 14 5631.100
42 15 2905.700
42 16 5923.200
42 17 4961.500
42 18 6707.800
42 19 9872.600
42 20 6572.100
42 21 11083.200
42 22 4374.900
42 23 5798.300
42 24 4925.600
42 25 5381.100
42 26 7032.500
42 27 7265.200
42 28 7411.900
42 29 5719.300
42 30 6271.300
42 31 9526.100
42 32 9566.000
42 33 5181.200
42 34 3308.900
42 35 3331.200
42 36 3014.900
42 37 7460.600
42 38 5086.400
42 39 5688.700
42 40 5355.600
42 41 7763.700
42 42 0.000
42 43 5797.900
42 44 4834.400
42 45 8913.600
42 46 6374.400
42 47 7475.900
42 48 8330.600
42 49 8400.700
42 50 4817.400
42 51 7807.500
42 52 9711.800
42 53 2992.100
42 54 10485.200
42 55 5359.200
42 56 9739.800
42 57 7065.100
42 58 4148.200
42 59 6157.200
42 60 11713.900
42 61 7847.000
42 62 4016.000
42 63 6489.800
42 64 9887.800
42 65 4299.300
42 66 4344.500
42 67 4219.700
42 68 7859.900
42 69 4522.600
42 70 9437.200
42 71 6111.200
42 72 2711.800
42 73 4843.800
42 74 8965.100
42 75 4408.300
42 76 2412.900
42 77 3508.400
42 78 7727.900
42 79 8113.100
42 80 6181.800
42 81 7244.500
42 82 8427.000
42 83 3978.200
42 84 923.200
42 85 6339.600
42 86 7390.600
42 87 5728.100
42 88 8697.000
42 89 7662.300
42 90 6527.000
42 91 3649.400
42 92 8701.100
42 93 5270.900
42 94 8273.700
42 95 2198.800
42 96 7752.000
42 97 5996.800
42 98 7669.700
42 99 5318.500
42 100 9541.400
43 0 7939.000
43 1 3046.100
43 2 15246.400
43 3 2144.000
43 4 8864.500
43 5 11074.900
43 6 6337.200
43 7 11489.400
43 8 7689.800
43 9 10323.000
43 10 15650.000
43 11 12646.100
43 12 13892.300
43 13 11765.900
43 14 1482.200
43 15 6608.900
43 16 9379.900
43 17 8664.700
43 18 8467.900
43 19 10434.200
43 20 10836.800
43 21 11840.500
43 22 7613.500
43 23 791.100
43 24 6043.200
43 25 2434.600
43 26 11266.300
43 27 8042.600
43 28 2523.100
43 29 8957.900
43 30 4420.100
43 31 10303.400
43 32 10343.400
43 33 10148.600
43 34 6697.600
43 35 3479.700
43 36 5473.600
43 37 10444.600
43 38 8325.000
43 39 9953.400
43 40 933.800
43 41 8527.000
43 42 6424.100
43 43 0.000
43 44 3956.700
43 45 9690.900
43 46 3372.100
43 47 8253.300
43 48 6299.200
43 49 10286.200
43 50 2533.500
43 51 9239.400
43 52 13945.700
43 53 8289.800
43 54 11262.500
43 55 1480.800
43 56 10918.400
43 57 10303.700
43 58 4770.700
43 59 2108.000
43 60 15879.500
43 61 12047.300
43 62 3669.800
43 63 1482.600
43 64 10665.100
43 65 8002.400
43 66 6104.400
43 67 4133.200
43 68 12093.800
43 69 7156.200
43 70 13671.100
43 71 9349.900
43 72 8629.900
43 73 4562.700
43 74 14966.700
43 75 2098.700
43 76 8331.000
43 77 7211.600
43 78 8491.100
43 79 12347.000
43 80 6959.200
43 81 6872.400
43 82 12691.700
43 83 6267.900
43 84 7319.100
43 85 10573.500
43 86 6824.700
43 87 5169.800
43 88 9602.700
43 89 8439.700
43 90 5994.900
43 91 4351.400
43 92 11164.000
43 93 3408.300
43 94 9051.100
43 95 5902.000
43 96 3481.000
43 97 2159.100
43 98 11934.400
43 99 9639.700
43 100 13775.300
44 0 4466.300
44 1 3339.100
44 2 12795.900
44 3 2691.200
44 4 6236.100
44 5 8624.400
44 6 4488.300
44 7 9038.900
44 8 5061.400
44 9 7872.500
44 10 13199.600
44 11 10447.000
44 12 10471.400
44 13 9109.700
44 14 2742.200
44 15 3980.500
44 16 5689.100
44 17 5974.500
44 18 6473.700
44 19 7983.700
44 20 7364.100
44 21 9390.000
44 22 4140.800
44 23 2949.600
44 24 2782.000
44 25 1501.400
44 26 7793.600
44 27 5592.100
44 28 3007.900
44 29 5485.200
44 30 2610.000
44 31 7853.000
44 32 7892.900
44 33 7520.200
44 34 2538.800
44 35 3724.000
44 36 2000.900
44 37 6971.900
44 38 4852.300
44 39 6480.700
44 40 3498.200
44 41 6055.900
44 42 5032.200
44 43 3716.200
44 44 0.000
44 45 7240.400
44 46 1514.600
44 47 5802.800
44 48 4977.600
44 49 8161.600
44 50 5192.300
44 51 6789.000
44 52 10473.000
44 53 5661.400
44 54 8812.000
44 55 3501.700
44 56 8467.900
44 57 6831.000
44 58 986.200
44 59 2351.700
44 60 12475.100
44 61 7667.900
44 62 2300.900
44 63 3835.900
44 64 8214.600
44 65 5374.000
44 66 2842.900
44 67 2153.900
44 68 8621.100
44 69 3336.900
44 70 10198.400
44 71 5877.200
44 72 7238.000
44 73 1182.500
44 74 9726.300
44 75 2535.700
44 76 5820.000
44 77 4147.500
44 78 6020.000
44 79 8874.300
44 80 4508.700
44 81 4919.600
44 82 9219.000
44 83 1869.600
44 84 5577.900
44 85 7100.800
44 86 4374.200
44 87 2711.800
44 88 6989.100
44 89 5989.200
44 90 3642.200
44 91 1555.600
44 92 8551.100
44 93 1057.500
44 94 6600.600
44 95 3273.600
44 96 2887.900
44 97 1636.600
44 98 8461.700
44 99 6167.000
44 100 10302.600
45 0 5888.100
45 1 10126.900
45 2 6263.900
45 3 9052.400
45 4 7173.400
45 5 1234.100
45 6 8298.100
45 7 3708.400
45 8 6786.200
45 9 6049.500
45 10 6667.600
45 11 3649.900
45 12 4131.300
45 13 2769.700
45 14 9481.500
45 15 6808.400
45 16 3722.700
45 17 6792.900
45 18 2881.800
45 19 1438.100
45 20 5515.800
45 21 1916.400
45 22 5562.600
45 23 8986.700
45 24 5418.600
45 25 8519.300
45 26 4801.500
45 27 4741.600
45 28 8246.000
45 29 5868.700
45 30 6649.500
45 31 5675.100
45 32 4662.800
45 33 8273.500
45 34 6200.100
45 35 10018.200
45 36 7001.100
45 37 4004.500
45 38 6466.800
45 39 6533.600
45 40 10620.700
45 41 6840.600
45 42 8878.500
45 43 9753.300
45 44 7232.700
45 45 0.000
45 46 6752.700
45 47 4952.200
45 48 9339.800
45 49 3509.700
45 50 11486.400
45 51 2470.900
45 52 7177.700
45 53 8100.100
45 54 4659.900
45 55 11167.700
45 56 1922.300
45 57 4188.800
45 58 6822.600
45 59 9170.800
45 60 6135.100
45 61 3051.100
45 62 8595.000
45 63 9873.100
45 64 4765.500
45 65 6407.400
45 66 4679.200
45 67 8448.000
45 68 4158.800
45 69 4648.500
45 70 6903.100
45 71 4894.200
45 72 8742.100
45 73 6053.000
45 74 5205.700
45 75 10197.300
45 76 7567.300
45 77 5977.200
45 78 7706.200
45 79 5579.000
45 80 3658.100
45 81 6635.300
45 82 7644.300
45 83 6445.800
45 84 8717.600
45 85 6046.500
45 86 7027.300
45 87 5364.800
45 88 6019.500
45 89 1726.200
45 90 6558.300
45 91 7849.800
45 92 2167.800
45 93 8075.400
45 94 1311.200
45 95 7082.000
45 96 8596.400
45 97 8207.300
45 98 7747.200
45 99 6404.500
45 100 7007.300
46 0 6012.200
46 1 3741.400
46 2 12729.000
46 3 2299.700
46 4 7989.600
46 5 8557.500
46 6 6241.700
46 7 8972.100
46 8 6814.900
46 9 7560.300
46 10 13132.700
46 11 10128.800
46 12 11375.000
46 13 9248.500
46 14 2727.000
46 15 5734.000
46 16 6862.600
46 17 7520.500
46 18 5950.600
46 19 7916.900
46 20 8910.000
46 21 9323.100
46 22 5686.800
46 23 2232.300
46 24 2976.600
46 25 1903.700
46 26 9339.600
46 27 5525.300
46 28 1493.300
46 29 7031.100
46 30 1884.700
46 31 7786.100
46 32 7826.100
46 33 9273.700
46 34 3631.000
46 35 5035.200
46 36 3756.800
46 37 8517.800
46 38 6398.200
46 39 8026.600
46 40 3866.200
46 41 5696.100
46 42 6578.100
46 43 2998.900
46 44 1545.900
46 45 7173.600
46 46 0.000
46 47 5735.900
46 48 3763.800
46 49 7768.900
46 50 4802.400
46 51 6722.100
46 52 12018.900
46 53 7414.900
46 54 8691.300
46 55 3904.000
46 56 8401.100
46 57 8376.900
46 58 2318.500
46 59 1688.900
46 60 13362.200
46 61 9530.000
46 62 3846.800
46 63 3118.600
46 64 8147.800
46 65 7127.500
46 66 3254.800
46 67 3699.800
46 68 10167.000
46 69 4105.300
46 70 11744.300
46 71 7423.100
46 72 8783.900
46 73 1594.400
46 74 12449.300
46 75 2938.000
46 76 7573.400
46 77 5693.400
46 78 5660.300
46 79 10420.200
46 80 4441.800
46 81 4337.000
46 82 10764.900
46 83 3201.400
46 84 7331.400
46 85 8646.700
46 86 4307.400
46 87 2644.900
46 88 6629.400
46 89 5922.400
46 90 2868.800
46 91 3101.600
46 92 8646.700
46 93 1484.400
46 94 6533.800
46 95 5027.000
46 96 1674.100
46 97 1488.800
46 98 10007.600
46 99 7712.900
46 100 11848.500
47 0 4835.800
47 1 9074.500
47 2 10607.400
47 3 8000.100
47 4 6885.100
47 5 6428.900
47 6 7245.700
47 7 3503.100
47 8 5733.800
47 9 2336.700
47 10 11011.100
47 11 8000.100
47 12 9253.300
47 13 7119.800
47 14 8429.100
47 15 5756.000
47 16 4754.400
47 17 6344.000
47 18 3842.400
47 19 5788.200
47 20 7733.500
47 21 7225.000
47 22 4510.300
47 23 7934.400
47 24 4366.200
47 25 7466.900
47 26 8163.100
47 27 1419.200
47 28 7193.600
47 29 5854.600
47 30 5597.200
47 31 2317.200
47 32 2357.100
47 33 8169.200
47 34 5147.800
47 35 8965.800
47 36 5948.800
47 37 7341.400
47 38 5414.400
47 39 6850.100
47 40 9568.300
47 41 1448.700
47 42 7826.100
47 43 8700.900
47 44 6180.300
47 45 5044.900
47 46 5700.300
47 47 0.000
47 48 5006.100
47 49 5640.200
47 50 10434.100
47 51 4593.400
47 52 10842.400
47 53 7047.800
47 54 3276.300
47 55 10115.300
47 56 6272.400
47 57 7200.500
47 58 5770.200
47 59 8118.500
47 60 10485.200
47 61 7401.300
47 62 7542.700
47 63 8820.700
47 64 2678.900
47 65 6023.000
47 66 3626.900
47 67 7395.700
47 68 8508.900
47 69 3596.100
47 70 10567.800
47 71 6246.600
47 72 7689.700
47 73 5000.600
47 74 10327.700
47 75 9144.900
47 76 6514.900
47 77 4924.800
47 78 2227.600
47 79 9243.800
47 80 2408.400
47 81 5250.600
47 82 9588.400
47 83 5393.400
47 84 7665.300
47 85 7470.200
47 86 5974.900
47 87 4312.500
47 88 1616.500
47 89 3793.700
47 90 5505.900
47 91 6797.400
47 92 6518.000
47 93 7023.000
47 94 4405.100
47 95 6029.600
47 96 7023.700
47 97 7154.900
47 98 8831.100
47 99 6536.400
47 100 10672.000
48 0 6950.100
48 1 6174.300
48 2 12876.200
48 3 4818.400
48 4 8717.500
48 5 8704.700
48 6 6969.600
48 7 7179.600
48 8 7542.700
48 9 5501.100
48 10 13279.800
48 11 10275.900
48 12 11522.100
48 13 9395.700
48 14 5159.900
48 15 6461.800
48 16 7009.700
48 17 8458.300
48 18 6097.700
48 19 8064.000
48 20 9847.800
48 21 9470.300
48 22 6624.600
48 23 4665.200
48 24 3704.500
48 25 4336.600
48 26 10277.400
48 27 5672.400
48 28 3926.100
48 29 7968.900
48 30 2963.300
48 31 6372.400
48 32 6033.600
48 33 10001.500
48 34 4358.900
48 35 7501.700
48 36 4484.700
48 37 9455.700
48 38 7336.000
48 39 8964.400
48 40 6299.100
48 41 4232.400
48 42 7550.000
48 43 5431.700
48 44 3978.800
48 45 7320.700
48 46 2770.200
48 47 5883.100
48 48 0.000
48 49 7916.000
48 50 7235.300
48 51 6869.200
48 52 14051.200
48 53 8142.700
48 54 6632.000
48 55 6336.900
48 56 8548.200
48 57 9314.700
48 58 4306.100
48 59 4121.800
48 60 13509.300
48 61 9677.100
48 62 6078.500
48 63 4892.600
48 64 6879.500
48 65 7855.400
48 66 3726.600
48 67 5931.600
48 68 10784.700
48 69 4778.500
48 70 12682.100
48 71 8360.900
48 72 10079.700
48 73 3536.500
48 74 12596.500
48 75 5370.800
48 76 8301.300
48 77 6631.200
48 78 4196.500
48 79 11358.100
48 80 4589.000
48 81 1834.100
48 82 11702.700
48 83 3929.300
48 84 8059.200
48 85 9584.500
48 86 4454.500
48 87 2792.000
48 88 5406.000
48 89 6069.500
48 90 3317.600
48 91 5333.300
48 92 8793.800
48 93 3917.200
48 94 6680.900
48 95 5754.900
48 96 2017.600
48 97 3921.600
48 98 10945.400
48 99 8650.700
48 100 12786.300
49 0 3717.700
49 1 9088.200
49 2 6145.400
49 3 9379.100
49 4 4962.900
49 5 4015.100
49 6 6811.500
49 7 5127.800
49 8 4697.400
49 9 7469.000
49 10 7246.800
49 11 4329.500
49 12 4353.900
49 13 2992.200
49 14 9808.100
49 15 4745.900
49 16 2451.900
49 17 3388.800
49 18 2042.200
49 19 3561.900
49 20 3299.800
49 21 4772.500
49 22 3392.300
49 23 9313.400
49 24 5745.200
49 25 8802.800
49 26 2821.200
49 27 5068.200
49 28 8572.600
49 29 2464.700
49 30 6976.200
49 31 7094.500
49 32 6082.300
49 33 6063.100
49 34 5080.000
49 35 8979.500
49 36 5945.300
49 37 1005.000
49 38 4296.400
49 39 4323.200
49 40 10947.300
49 41 6949.300
49 42 6740.300
49 43 10079.900
49 44 7231.400
49 45 3325.200
49 46 7079.300
49 47 5278.900
49 48 8688.500
49 49 0.000
49 50 10447.800
49 51 1046.800
49 52 4612.400
49 53 5766.200
49 54 6079.400
49 55 10399.900
49 56 3448.200
49 57 1169.300
49 58 6545.300
49 59 9497.500
49 60 6357.600
49 61 1507.100
49 62 7426.400
49 63 10199.700
49 64 6184.900
49 65 3003.300
49 66 5005.900
49 67 7409.400
49 68 3648.600
49 69 4682.400
49 70 4337.800
49 71 2060.800
49 72 6668.700
49 73 6379.600
49 74 3865.800
49 75 9118.400
49 76 5493.900
49 77 4192.000
49 78 7661.700
49 79 3013.800
49 80 3984.800
49 81 6962.000
49 82 5079.000
49 83 5749.200
49 84 6644.300
49 85 3836.100
49 86 7353.900
49 87 5691.500
49 88 6628.300
49 89 2119.300
49 90 6884.900
49 91 6811.100
49 92 2390.400
49 93 8358.900
49 94 2730.600
49 95 5151.400
49 96 8923.100
49 97 8533.900
49 98 5531.200
49 99 4194.000
49 100 4442.100
50 0 7023.700
50 1 2130.200
50 2 14563.300
50 3 5286.800
50 4 7949.500
50 5 12439.300
50 6 4233.500
50 7 12853.900
50 8 6089.300
50 9 11687.500
50 10 15664.700
50 11 13004.300
50 12 13028.700
50 13 11667.100
50 14 3850.800
50 15 5693.800
50 16 8246.500
50 17 7749.600
50 18 9031.100
50 19 11798.700
50 20 9921.400
50 21 13204.900
50 22 6698.200
50 23 3933.900
50 24 6148.100
50 25 3707.500
50 26 10351.000
50 27 9407.100
50 28 5665.800
50 29 8042.600
50 30 6425.000
50 31 11667.900
50 32 11707.900
50 33 8033.100
50 34 5629.200
50 35 946.200
50 36 4558.300
50 37 9529.300
50 38 7409.700
50 39 9038.000
50 40 2363.300
50 41 9870.800
50 42 4320.400
50 43 3142.800
50 44 3911.800
50 45 11055.400
50 46 5426.400
50 47 9617.700
50 48 9229.300
50 49 10719.000
50 50 0.000
50 51 10130.800
50 52 13030.300
50 53 5873.200
50 54 12627.000
50 55 2093.300
50 56 13058.300
50 57 9388.400
50 58 4512.500
50 59 4441.500
50 60 15032.500
50 61 10225.200
50 62 2754.700
50 63 4625.400
50 64 12029.600
50 65 7087.400
50 66 6524.800
50 67 3217.900
50 68 11178.400
50 69 6702.900
50 70 12755.700
50 71 8434.500
50 72 6526.200
50 73 4997.400
50 74 12283.700
50 75 2692.600
50 76 6227.300
50 77 6296.500
50 78 9835.000
50 79 11431.700
50 80 8323.600
50 81 8734.600
50 82 11776.300
50 83 5235.600
50 84 5215.400
50 85 9658.100
50 86 8189.200
50 87 6526.700
50 88 10804.100
50 89 9804.200
50 90 7425.600
50 91 3436.300
50 92 11108.500
50 93 4269.000
50 94 10415.500
50 95 4986.900
50 96 6799.700
50 97 4323.200
50 98 11019.000
50 99 8724.300
50 100 12860.000
51 0 3480.600
51 1 8617.600
51 2 6751.100
51 3 8332.300
51 4 4897.500
51 5 2565.900
51 6 6549.900
51 7 4081.100
51 8 5254.000
51 9 6422.200
51 10 7154.800
51 11 4137.100
51 12 4618.500
51 13 3256.900
51 14 8761.400
51 15 5270.400
51 16 1986.600
51 17 3945.500
51 18 1145.700
51 19 1925.200
51 20 4515.800
51 21 3331.500
51 22 3155.100
51 23 8266.600
51 24 4698.400
51 25 7799.200
51 26 4037.200
51 27 4021.400
51 28 7525.800
51 29 3021.300
51 30 5929.400
51 31 6047.800
51 32 5035.500
51 33 6181.600
51 34 4842.800
51 35 8508.900
51 36 5474.700
51 37 2221.000
51 38 4059.200
51 39 5539.200
51 40 9900.500
51 41 5902.500
51 42 7130.300
51 43 9033.200
51 44 6512.600
51 45 2286.400
51 46 6032.600
51 47 4232.100
51 48 7641.700
51 49 1046.800
51 50 9977.200
51 51 0.000
51 52 5828.400
51 53 6322.800
51 54 5032.600
51 55 10447.500
51 56 2409.400
51 57 1725.900
51 58 6102.400
51 59 8450.700
51 60 6622.200
51 61 2877.300
51 62 7085.800
51 63 9152.900
51 64 5138.200
51 65 3560.000
51 66 3959.100
51 67 6938.800
51 68 4645.900
51 69 3928.400
51 70 5553.800
51 71 2617.400
51 72 7225.300
51 73 5332.800
51 74 5692.900
51 75 9477.100
51 76 6050.600
51 77 4748.600
51 78 6615.000
51 79 4229.800
51 80 2938.000
51 81 5915.200
51 82 6295.000
51 83 5725.600
51 84 7200.900
51 85 5052.000
51 86 6307.200
51 87 4644.700
51 88 5581.600
51 89 1072.500
51 90 5838.100
51 91 6340.500
51 92 2655.000
51 93 7355.200
51 94 1683.900
51 95 5199.400
51 96 7876.300
51 97 7487.100
51 98 6747.200
51 99 5410.000
51 100 5658.000
52 0 6339.200
52 1 12185.000
52 2 1535.500
52 3 13089.400
52 4 5294.500
52 5 6374.500
52 6 8817.300
52 7 10047.300
52 8 7362.000
52 9 12388.500
52 10 2636.900
52 11 4267.600
52 12 2644.100
52 13 4397.300
52 14 13172.600
52 15 8120.000
52 16 7033.800
52 17 6468.900
52 18 6624.100
52 19 5241.200
52 20 2989.700
52 21 6936.600
52 22 7564.900
52 23 15532.700
52 24 10201.800
52 25 11899.600
52 26 2954.000
52 27 10404.300
52 28 13361.500
52 29 5506.000
52 30 11765.100
52 31 12014.000
52 32 11001.800
52 33 5814.600
52 34 8585.200
52 35 12076.300
52 36 9042.100
52 37 3641.800
52 38 7977.800
52 39 4654.800
52 40 13493.200
52 41 12285.500
52 42 8746.000
52 43 16299.300
52 44 10328.200
52 45 6488.900
52 46 11868.200
52 47 10615.000
52 48 14907.900
52 49 4581.900
52 50 13544.600
52 51 5628.600
52 52 0.000
52 53 7772.000
52 54 10998.900
52 55 13496.700
52 56 4321.600
52 57 4941.000
52 58 9642.000
52 59 12749.900
52 60 4807.000
52 61 4028.100
52 62 10653.200
52 63 14031.300
52 64 11104.400
52 65 6083.400
52 66 9465.100
52 67 10506.200
52 68 3908.600
52 69 8363.900
52 70 772.200
52 71 4531.500
52 72 8674.500
52 73 10337.600
52 74 1627.400
52 75 12215.200
52 76 7499.700
52 77 7288.800
52 78 12781.500
52 79 2653.200
52 80 9320.900
52 81 12298.100
52 82 1507.700
52 83 9254.400
52 84 8650.000
52 85 4167.600
52 86 13573.300
52 87 11910.800
52 88 11964.500
52 89 7178.100
52 90 13104.300
52 91 9907.900
52 92 4749.800
52 93 11455.700
52 94 7789.500
52 95 8525.600
52 96 13245.800
52 97 12034.800
52 98 1865.200
52 99 4525.600
52 100 1666.300
53 0 3678.200
53 1 4828.000
53 2 9303.500
53 3 7468.000
53 4 2832.800
53 5 8384.500
53 6 1275.600
53 7 9659.900
53 8 1286.000
53 9 8493.500
53 10 10404.900
53 11 7744.500
53 12 7768.900
53 13 6407.300
53 14 6237.800
53 15 1727.800
53 16 4623.400
53 17 3344.900
53 18 5408.000
53 19 7931.300
53 20 4630.800
53 21 9141.900
53 22 3352.700
53 23 6405.100
53 24 4659.700
53 25 6094.500
53 26 5091.200
53 27 6213.100
53 28 7740.100
53 29 3826.200
53 30 6143.700
53 31 8473.900
53 32 8513.900
53 33 3229.800
53 34 3043.000
53 35 4453.300
53 36 2866.500
53 37 5519.300
53 38 3786.600
53 39 3747.400
53 40 6477.800
53 41 8094.200
53 42 1122.100
53 43 6920.000
53 44 4706.800
53 45 7845.500
53 46 6246.800
53 47 6423.800
53 48 8203.000
53 49 6459.400
53 50 5939.500
53 51 6507.800
53 52 7770.500
53 53 0.000
53 54 9433.000
53 55 6481.300
53 56 7798.500
53 57 5172.000
53 58 4020.700
53 59 6751.200
53 60 9772.600
53 61 5905.600
53 62 3888.400
53 63 7096.500
53 64 8835.600
53 65 2682.700
53 66 4078.500
53 67 4484.200
53 68 5918.600
53 69 4172.700
53 70 7495.900
53 71 4218.200
53 72 2403.300
53 73 4716.200
53 74 7023.800
53 75 5530.400
53 76 1228.500
53 77 2364.600
53 78 7461.900
53 79 6171.800
53 80 5129.700
53 81 6978.500
53 82 6485.700
53 83 3712.200
53 84 1364.700
53 85 4398.300
53 86 7124.600
53 87 5462.200
53 88 7773.200
53 89 6594.200
53 90 6399.400
53 91 3521.800
53 92 6759.800
53 93 5834.300
53 94 7205.600
53 95 1613.500
53 96 7624.400
53 97 6413.400
53 98 5728.400
53 99 3377.200
53 100 7600.100
54 0 7501.800
54 1 11740.500
54 2 10991.700
54 3 10297.600
54 4 9551.200
54 5 5692.500
54 6 9911.800
54 7 1533.900
54 8 8399.900
54 9 2189.000
54 10 11395.400
54 11 8377.800
54 12 8859.100
54 13 7497.500
54 14 11095.200
54 15 8422.100
54 16 6451.800
54 17 9010.100
54 18 5610.900
54 19 6165.900
54 20 10243.600
54 21 5190.100
54 22 7176.300
54 23 10600.400
54 24 7032.300
54 25 9815.900
54 26 9529.400
54 27 4085.300
54 28 9405.400
54 29 8520.700
54 30 8442.600
54 31 2243.500
54 32 1724.100
54 33 10835.200
54 34 7813.800
54 35 11631.900
54 36 8614.800
54 37 7314.900
54 38 8080.400
54 39 9516.200
54 40 12234.400
54 41 3409.000
54 42 10492.200
54 43 11367.000
54 44 8846.400
54 45 4677.700
54 46 8249.500
54 47 3248.700
54 48 5479.300
54 49 6140.700
54 50 13100.100
54 51 5093.900
54 52 11905.500
54 53 9713.800
54 54 0.000
54 55 12781.400
54 56 6650.100
54 57 6819.800
54 58 8436.300
54 59 9601.000
54 60 10862.900
54 61 7778.900
54 62 10208.700
54 63 11486.800
54 64 2627.300
54 65 8689.100
54 66 6292.900
54 67 10061.700
54 68 8886.600
54 69 6262.200
54 70 11630.900
54 71 7711.300
54 72 10355.700
54 73 7666.600
54 74 9933.500
54 75 11810.900
54 76 9181.000
54 77 7590.900
54 78 3845.600
54 79 10306.800
54 80 5074.400
54 81 7313.400
54 82 12254.500
54 83 8059.400
54 84 10331.300
54 85 10136.300
54 86 8641.000
54 87 6978.500
54 88 2587.900
54 89 4455.300
54 90 8796.900
54 91 9463.500
54 92 6895.700
54 93 9396.500
54 94 3346.900
54 95 8695.700
54 96 7496.900
54 97 9400.900
54 98 11497.200
54 99 9202.500
54 100 11735.100
55 0 8256.100
55 1 1699.700
55 2 15795.700
55 3 3567.400
55 4 8393.300
55 5 12491.300
55 6 4990.700
55 7 12905.900
55 8 6846.500
55 9 11739.500
55 10 17066.500
55 11 14236.800
55 12 14261.200
55 13 12899.500
55 14 2040.400
55 15 6269.700
55 16 9478.900
55 17 8325.500
55 18 10263.500
55 19 11850.700
55 20 11153.900
55 21 13256.900
55 22 7930.600
55 23 2207.600
55 24 7380.500
55 25 1897.100
55 26 11583.400
55 27 9459.100
55 28 3939.600
55 29 9275.000
55 30 5232.900
55 31 11719.900
55 32 11759.900
55 33 8790.300
55 34 6861.600
55 35 2178.600
55 36 5790.700
55 37 10761.700
55 38 8642.100
55 39 10270.500
55 40 1388.500
55 41 9943.400
55 42 5077.600
55 43 1687.700
55 44 3419.200
55 45 11107.400
55 46 4185.000
55 47 9669.700
55 48 7153.600
55 49 11951.400
55 50 1232.400
55 51 10655.900
55 52 14262.800
55 53 6630.500
55 54 12679.000
55 55 0.000
55 56 12334.900
55 57 10620.800
55 58 4233.200
55 59 2661.100
55 60 16264.900
55 61 11457.700
55 62 3330.700
55 63 2899.100
55 64 12081.600
55 65 7663.300
55 66 5983.500
55 67 4450.300
55 68 12410.800
55 69 7935.300
55 70 13988.200
55 71 9667.000
55 72 7283.500
55 73 4323.100
55 74 13516.100
55 75 1116.900
55 76 6984.500
55 77 6872.400
55 78 9907.600
55 79 12664.100
55 80 8375.600
55 81 7726.800
55 82 13008.800
55 83 6468.100
55 84 5972.600
55 85 10890.600
55 86 8241.200
55 87 6586.200
55 88 11019.200
55 89 9856.200
55 90 6217.100
55 91 4012.200
55 92 12340.900
55 93 2870.800
55 94 10467.500
55 95 5562.800
55 96 5063.900
55 97 2512.800
55 98 12251.500
55 99 9956.800
55 100 14092.400
56 0 5766.600
56 1 11330.100
56 2 5376.500
56 3 10255.700
56 4 6457.800
56 5 1904.800
56 6 9980.600
56 7 5798.700
56 8 8525.400
56 9 8139.900
56 10 5780.200
56 11 1727.700
56 12 2782.000
56 13 1834.400
56 14 10684.800
56 15 7214.600
56 16 4402.700
56 17 5857.500
56 18 3561.800
56 19 992.600
56 20 4800.300
56 21 2662.200
56 22 5563.200
56 23 10190.000
56 24 6621.900
56 25 9722.600
56 26 4086.000
56 27 5944.900
56 28 9449.300
56 29 4933.400
56 30 7852.800
56 31 7765.400
56 32 6753.200
56 33 7558.000
56 34 7403.400
56 35 11221.500
56 36 8204.400
56 37 3069.200
56 38 6467.300
56 39 5818.100
56 40 11824.000
56 41 7826.000
56 42 9909.400
56 43 10956.600
56 44 8436.000
56 45 2240.300
56 46 7956.000
56 47 6155.500
56 48 9565.200
56 49 3621.000
56 50 12689.700
56 51 2416.100
56 52 5396.200
56 53 8935.300
56 54 6750.300
56 55 12371.000
56 56 0.000
56 57 4368.400
56 58 8025.900
56 59 10374.100
56 60 4785.700
56 61 2115.800
56 62 9798.300
56 63 11076.400
56 64 6855.800
56 65 5472.000
56 66 5882.500
56 67 9651.300
56 68 3443.200
56 69 5851.800
56 70 6187.500
56 71 3958.900
56 72 9837.800
56 73 7256.200
56 74 3856.400
56 75 11400.500
56 76 8663.000
56 77 6660.700
56 78 8538.400
56 79 4863.500
56 80 4861.400
56 81 7838.600
56 82 6928.700
56 83 7649.000
56 84 9813.400
56 85 5330.900
56 86 8230.600
56 87 6568.100
56 88 7505.000
56 89 2929.500
56 90 7761.600
56 91 9053.100
56 92 1232.500
56 93 9278.700
56 94 3540.900
56 95 7620.200
56 96 9799.700
56 97 9410.600
56 98 7031.600
56 99 5688.900
56 100 6291.800
57 0 2953.900
57 1 8744.200
57 2 6460.700
57 3 9648.600
57 4 3996.900
57 5 4484.700
57 6 6467.500
57 7 6752.400
57 8 4353.300
57 9 9243.900
57 10 7562.100
57 11 4799.000
57 12 4823.400
57 13 3461.800
57 14 9731.800
57 15 4401.900
57 16 4076.400
57 17 3044.800
57 18 3666.800
57 19 4031.500
57 20 3615.200
57 21 5242.100
57 22 3010.800
57 23 9899.000
57 24 6761.000
57 25 8458.800
57 26 3136.500
57 27 6963.500
57 28 9920.700
57 29 2120.700
57 30 8324.300
57 31 8719.000
57 32 7706.800
57 33 5280.900
57 34 5144.400
57 35 8635.500
57 36 5601.300
57 37 1320.400
57 38 4537.000
57 39 4638.600
57 40 10052.300
57 41 8844.700
57 42 6396.300
57 43 10470.700
57 44 6887.400
57 45 5279.200
57 46 8427.400
57 47 7174.200
57 48 10383.600
57 49 1624.500
57 50 10103.700
57 51 2671.300
57 52 4927.800
57 53 5422.200
57 54 7703.900
57 55 10055.900
57 56 4302.800
57 57 0.000
57 58 6201.200
57 59 9309.100
57 60 6827.200
57 61 1976.700
57 62 7082.400
57 63 10590.500
57 64 7809.500
57 65 2659.300
57 66 6024.300
57 67 7065.400
57 68 3963.900
57 69 4923.100
57 70 4653.200
57 71 1716.700
57 72 6324.700
57 73 6896.800
57 74 4181.100
57 75 8774.400
57 76 5149.900
57 77 3848.000
57 78 9340.700
57 79 3329.100
57 80 5880.100
57 81 8857.300
57 82 5394.300
57 83 5813.600
57 84 6300.300
57 85 4151.400
57 86 9250.300
57 87 7587.800
57 88 8523.700
57 89 3743.800
57 90 8580.000
57 91 6467.100
57 92 2860.000
57 93 8014.900
57 94 4355.200
57 95 4807.400
57 96 9805.000
57 97 8594.000
57 98 5846.500
57 99 4509.400
57 100 4757.400
58 0 4139.500
58 1 3691.300
58 2 12385.600
58 3 3524.100
58 4 5907.000
58 5 8214.200
58 6 4159.100
58 7 8628.700
58 8 4732.200
58 9 7462.300
58 10 12789.300
58 11 10120.200
58 12 10144.600
58 13 8783.000
58 14 3575.000
58 15 3651.300
58 16 5139.200
58 17 5647.800
58 18 5923.800
58 19 7573.500
58 20 7037.300
58 21 8979.800
58 22 3814.100
58 23 3782.500
58 24 2031.200
58 25 2334.300
58 26 7466.900
58 27 5181.900
58 28 3796.200
58 29 5158.400
58 30 2199.800
58 31 7442.700
58 32 7482.700
58 33 7191.000
58 34 1788.000
58 35 3582.600
58 36 1674.200
58 37 6645.100
58 38 4525.500
58 39 6153.900
58 40 4331.100
58 41 5645.700
58 42 4739.400
58 43 4549.000
58 44 1047.700
58 45 6830.200
58 46 2302.900
58 47 5392.600
58 48 5035.600
58 49 7198.800
58 50 5050.900
58 51 6378.700
58 52 10146.200
58 53 5332.200
58 54 8401.800
58 55 4334.600
58 56 8057.700
58 57 6504.200
58 58 0.000
58 59 3184.600
58 60 12148.300
58 61 7341.100
58 62 2159.500
58 63 4668.800
58 64 7804.400
58 65 5044.900
58 66 2407.900
58 67 2012.500
58 68 8294.300
58 69 2586.000
58 70 9871.600
58 71 5550.400
58 72 7269.100
58 73 772.300
58 74 9399.500
58 75 3368.600
58 76 5490.800
58 77 3820.700
58 78 5609.800
58 79 8547.500
58 80 4098.400
58 81 4509.400
58 82 8892.200
58 83 1118.800
58 84 5248.700
58 85 6774.000
58 86 3964.000
58 87 2301.500
58 88 6578.900
58 89 5579.000
58 90 3232.000
58 91 1414.300
58 92 8303.300
58 93 1890.400
58 94 6190.400
58 95 2944.400
58 96 3680.500
58 97 2469.500
58 98 8134.900
58 99 5840.200
58 100 9975.800
59 0 6847.000
59 1 2711.600
59 2 15035.600
59 3 1297.400
59 4 8518.600
59 5 10864.100
59 6 6002.700
59 7 11278.600
59 8 7343.900
59 9 10112.200
59 10 15439.300
59 11 12435.400
59 12 13681.500
59 13 11555.100
59 14 1075.100
59 15 6263.000
59 16 9169.100
59 17 8318.700
59 18 8257.200
59 19 10223.500
59 20 9744.800
59 21 11629.700
59 22 6521.500
59 23 580.400
59 24 4322.400
59 25 874.000
59 26 10174.400
59 27 7831.800
59 28 1657.900
59 29 7865.900
59 30 3554.900
59 31 10092.700
59 32 10132.600
59 33 9802.700
59 34 4906.000
59 35 4005.400
59 36 4381.600
59 37 9352.600
59 38 7233.000
59 39 8861.400
59 40 2214.300
59 41 8316.200
59 42 6089.600
59 43 1346.900
59 44 2380.700
59 45 9480.200
59 46 2507.000
59 47 8042.500
59 48 5434.000
59 49 10075.400
59 50 3814.000
59 51 9028.700
59 52 12853.700
59 53 7943.900
59 54 11051.800
59 55 2761.300
59 56 10707.700
59 57 9211.700
59 58 3194.800
59 59 0.000
59 60 15668.800
59 61 10048.600
59 62 3323.900
59 63 1466.700
59 64 10454.300
59 65 7656.500
59 66 4600.600
59 67 3787.300
59 68 11001.800
59 69 5704.100
59 70 12579.100
59 71 8257.900
59 72 8295.400
59 73 3284.600
59 74 14755.900
59 75 1790.900
59 76 7996.500
59 77 6865.600
59 78 8280.300
59 79 11255.000
59 80 6748.400
59 81 6007.200
59 82 11599.700
59 83 4236.800
59 84 6984.600
59 85 9481.500
59 86 6613.900
59 87 4959.000
59 88 9392.000
59 89 8228.900
59 90 4539.100
59 91 4005.500
59 92 10953.200
59 93 1847.600
59 94 8840.300
59 95 5556.000
59 96 2615.900
59 97 758.500
59 98 10842.400
59 99 8547.700
59 100 12683.300
60 0 10389.700
60 1 14684.300
60 2 1085.400
60 3 14450.500
60 4 7793.800
60 5 6105.000
60 6 11316.600
60 7 9998.900
60 8 9861.400
60 9 12424.700
60 10 1489.000
60 11 4219.200
60 12 2588.200
60 13 3860.700
60 14 14879.600
60 15 10619.400
60 16 8602.900
60 17 8968.200
60 18 7762.000
60 19 5192.800
60 20 6136.300
60 21 6888.200
60 22 10064.200
60 23 14384.900
60 24 10821.300
60 25 13917.400
60 26 5422.000
60 27 10144.300
60 28 13644.100
60 29 7911.600
60 30 12047.700
60 31 11965.600
60 32 10953.400
60 33 7496.200
60 34 11084.500
60 35 14575.600
60 36 11541.400
60 37 6047.400
60 38 10477.200
60 39 7154.100
60 40 16018.800
60 41 12025.400
60 42 11245.400
60 43 15151.400
60 44 12630.800
60 45 6440.500
60 46 12150.800
60 47 10355.000
60 48 13760.000
60 49 7118.100
60 50 16043.900
60 51 6616.300
60 52 2260.400
60 53 10271.300
60 54 10950.500
60 55 16565.800
60 56 4273.200
60 57 7346.600
60 58 12220.700
60 59 14569.000
60 60 0.000
60 61 5612.800
60 62 13152.500
60 63 15271.200
60 64 11056.000
60 65 8582.700
60 66 10082.000
60 67 13005.500
60 68 4779.200
60 69 10051.300
60 70 3070.100
60 71 6937.100
60 72 11173.800
60 73 11451.100
60 74 3657.400
60 75 15595.400
60 76 9999.000
60 77 9788.100
60 78 12737.900
60 79 5058.800
60 80 9060.900
60 81 12038.100
60 82 3665.800
60 83 11843.900
60 84 11149.400
60 85 6666.900
60 86 12425.400
60 87 10763.000
60 88 11704.500
60 89 7129.700
60 90 11956.400
60 91 12407.300
60 92 4890.300
60 93 13473.500
60 94 7741.100
60 95 11024.900
60 96 13994.600
60 97 13605.400
60 98 4023.200
60 99 7024.900
60 100 3927.800
61 0 3650.800
61 1 9441.100
61 2 5651.400
61 3 10345.500
61 4 4468.900
61 5 2508.000
61 6 7164.400
61 7 6655.200
61 8 5050.300
61 9 8996.400
61 10 5845.000
61 11 2822.400
61 12 2846.800
61 13 1485.100
61 14 11747.000
61 15 5098.800
61 16 3957.100
61 17 3741.800
61 18 3547.500
61 19 2054.800
61 20 2805.800
61 21 3265.400
61 22 3707.700
61 23 11252.200
61 24 7684.100
61 25 9155.800
61 26 2327.200
61 27 7007.000
61 28 10511.400
61 29 2817.600
61 30 8915.000
61 31 8621.900
61 32 7609.700
61 33 5569.100
61 34 5841.300
61 35 9332.400
61 36 6298.200
61 37 953.400
61 38 5234.000
61 39 3829.200
61 40 10749.300
61 41 8888.200
61 42 7093.200
61 43 12018.800
61 44 7584.300
61 45 3302.500
61 46 9018.200
61 47 7217.700
61 48 10627.400
61 49 1505.200
61 50 10800.700
61 51 2552.000
61 52 4118.400
61 53 6119.100
61 54 7606.800
61 55 10752.800
61 56 2326.100
61 57 2252.600
61 58 6898.200
61 59 11436.300
61 60 4850.500
61 61 0.000
61 62 7779.300
61 63 12138.600
61 64 7712.300
61 65 3356.300
61 66 6944.700
61 67 7762.300
61 68 2874.200
61 69 5620.100
61 70 3843.800
61 71 1843.100
61 72 7021.600
61 73 7593.700
61 74 3921.100
61 75 9471.400
61 76 5846.900
61 77 4544.900
61 78 9600.600
61 79 2519.800
61 80 5923.600
61 81 8900.800
61 82 4585.000
61 83 6510.500
61 84 6997.200
61 85 3342.100
61 86 9292.800
61 87 7630.300
61 88 8966.300
61 89 3991.700
61 90 8823.800
61 91 7164.100
61 92 883.300
61 93 8711.800
61 94 4603.100
61 95 5504.400
61 96 10861.900
61 97 9290.900
61 98 5037.200
61 99 3700.000
61 100 3948.000
62 0 4732.300
62 1 1911.700
62 2 12271.900
62 3 4426.400
62 4 5312.800
62 5 10164.900
62 6 2644.400
62 7 10579.400
62 8 4138.100
62 9 9413.000
62 10 13373.300
62 11 10712.900
62 12 10737.300
62 13 9375.700
62 14 2899.300
62 15 3057.200
62 16 5955.000
62 17 5112.900
62 18 6739.600
62 19 9524.200
62 20 7630.000
62 21 10930.500
62 22 4406.800
62 23 3066.500
62 24 3856.600
62 25 2756.000
62 26 8059.600
62 27 7132.600
62 28 4798.500
62 29 5751.100
62 30 4704.200
62 31 9393.400
62 32 9433.400
62 33 6596.900
62 34 3337.800
62 35 1825.900
62 36 2130.000
62 37 7237.900
62 38 5118.200
62 39 6746.600
62 40 3219.900
62 41 7652.700
62 42 2731.300
62 43 3638.300
62 44 2191.000
62 45 8780.900
62 46 3705.600
62 47 7343.300
62 48 6937.800
62 49 8427.500
62 50 2972.700
62 51 7839.400
62 52 10738.900
62 53 4284.100
62 54 10352.500
62 55 3223.400
62 56 10766.900
62 57 7096.900
62 58 2755.500
62 59 3412.700
62 60 12741.100
62 61 7933.800
62 62 0.000
62 63 3758.000
62 64 9755.100
62 65 4450.700
62 66 4233.400
62 67 1497.100
62 68 8887.000
62 69 4411.500
62 70 10464.300
62 71 6143.100
62 72 4937.200
62 73 3276.700
62 74 9992.200
62 75 1941.900
62 76 4638.200
62 77 3659.800
62 78 7616.800
62 79 9140.300
62 80 6049.200
62 81 6390.600
62 82 9484.900
62 83 2944.200
62 84 3626.300
62 85 7366.700
62 86 5914.700
62 87 4252.200
62 88 8585.900
62 89 7529.700
62 90 5134.200
62 91 1715.300
62 92 8817.100
62 93 2548.300
62 94 8141.100
62 95 2350.300
62 96 5078.900
62 97 3371.700
62 98 8727.600
62 99 6432.900
62 100 10568.500
63 0 8365.700
63 1 3472.800
63 2 15623.700
63 3 1834.600
63 4 9291.200
63 5 11452.200
63 6 6763.800
63 7 11866.700
63 8 8116.500
63 9 9780.400
63 10 16027.400
63 11 13023.500
63 12 14269.600
63 13 12143.200
63 14 1908.800
63 15 7035.500
63 16 9757.200
63 17 9091.300
63 18 8845.300
63 19 10811.600
63 20 11263.400
63 21 12217.800
63 22 8040.200
63 23 1217.800
63 24 6420.500
63 25 2861.300
63 26 11693.000
63 27 8419.900
63 28 2900.400
63 29 9384.500
63 30 4797.400
63 31 10680.800
63 32 10720.700
63 33 10575.200
63 34 7074.900
63 35 4766.500
63 36 5900.300
63 37 10871.300
63 38 8751.600
63 39 10380.000
63 40 2895.600
63 41 8904.300
63 42 6850.700
63 43 2028.200
63 44 4383.300
63 45 10068.300
63 46 3749.500
63 47 8630.600
63 48 5983.900
63 49 10663.500
63 50 4544.200
63 51 9616.800
63 52 14372.300
63 53 8716.400
63 54 10911.400
63 55 3491.400
63 56 11295.800
63 57 10730.400
63 58 5197.400
63 59 2534.600
63 60 16256.900
63 61 12424.600
63 62 4096.500
63 63 0.000
63 64 11042.400
63 65 8429.100
63 66 6481.700
63 67 4559.800
63 68 12520.400
63 69 7533.600
63 70 14097.700
63 71 9776.500
63 72 9056.600
63 73 4940.000
63 74 15344.000
63 75 2525.400
63 76 8757.600
63 77 7638.200
63 78 8868.400
63 79 12773.700
63 80 7336.500
63 81 6557.100
63 82 13118.300
63 83 6645.300
63 84 7745.800
63 85 11000.100
63 86 7202.000
63 87 5547.100
63 88 9980.100
63 89 8817.000
63 90 6372.200
63 91 4778.000
63 92 11541.300
63 93 3834.900
63 94 9428.400
63 95 6328.600
63 96 3858.400
63 97 2659.000
63 98 12361.000
63 99 10066.300
63 100 14201.900
64 0 6197.500
64 1 10436.200
64 2 11969.100
64 3 9361.800
64 4 8246.900
64 5 5790.000
64 6 8607.500
64 7 1565.700
64 8 7095.500
64 9 2549.700
64 10 12372.800
64 11 8475.200
64 12 8956.600
64 13 7595.000
64 14 9790.800
64 15 7117.800
64 16 6116.100
64 17 7705.700
64 18 5708.400
64 19 6263.300
64 20 9095.200
64 21 5287.600
64 22 5872.000
64 23 9296.100
64 24 5727.900
64 25 8828.600
64 26 9524.800
64 27 2780.900
64 28 8555.300
64 29 7216.400
64 30 6958.900
64 31 1175.900
64 32 791.000
64 33 9530.900
64 34 6509.500
64 35 10327.500
64 36 7310.500
64 37 8703.100
64 38 6776.100
64 39 8211.800
64 40 10930.000
64 41 2676.800
64 42 9187.800
64 43 10062.700
64 44 7542.100
64 45 4775.100
64 46 7062.000
64 47 1944.400
64 48 5840.000
64 49 6238.100
64 50 11795.800
64 51 5191.400
64 52 12204.100
64 53 8409.500
64 54 3175.600
64 55 11477.000
64 56 6747.500
64 57 6917.300
64 58 7131.900
64 59 9480.200
64 60 10960.300
64 61 7876.400
64 62 8904.400
64 63 10182.400
64 64 0.000
64 65 7384.800
64 66 4988.600
64 67 8757.400
64 68 8984.000
64 69 4957.800
64 70 11929.500
64 71 7608.300
64 72 9051.400
64 73 6362.300
64 74 10031.000
64 75 10506.600
64 76 7876.600
64 77 6286.500
64 78 3455.700
64 79 10605.500
64 80 3770.100
64 81 6478.700
64 82 10950.100
64 83 6755.100
64 84 9027.000
64 85 8831.900
64 86 7336.600
64 87 5674.200
64 88 2355.800
64 89 4004.900
64 90 6867.600
64 91 8159.200
64 92 6993.100
64 93 8384.700
64 94 3444.400
64 95 7391.300
64 96 7857.600
64 97 8516.600
64 98 10192.900
64 99 7898.100
64 100 12033.800
65 0 1764.600
65 1 6334.800
65 2 7649.800
65 3 7752.800
65 4 1337.600
65 5 5834.200
65 6 3808.200
65 7 8514.600
65 8 1694.000
65 9 7348.200
65 10 8751.200
65 11 6090.800
65 12 6115.300
65 13 4753.600
65 14 7322.400
65 15 1742.600
65 16 3478.100
65 17 662.200
65 18 4262.700
65 19 5381.000
65 20 3007.900
65 21 6591.600
65 22 2228.300
65 23 7489.600
65 24 4865.300
65 25 6563.100
65 26 3437.500
65 27 5067.800
65 28 8024.900
65 29 1143.500
65 30 6428.500
65 31 7328.600
65 32 7368.600
65 33 2621.600
65 34 3248.600
65 35 6120.100
65 36 3401.200
65 37 2630.200
65 38 2641.300
65 39 2124.600
65 40 7643.000
65 41 6948.900
65 42 3737.000
65 43 8061.300
65 44 4991.700
65 45 6628.700
65 46 6531.700
65 47 5278.500
65 48 8487.800
65 49 3819.900
65 50 7395.800
65 51 4866.700
65 52 6116.800
65 53 2762.900
65 54 8287.700
65 55 7646.500
65 56 6144.800
65 57 2489.300
65 58 4305.500
65 59 7413.300
65 60 8119.000
65 61 3326.200
65 62 4423.100
65 63 8181.100
65 64 7690.300
65 65 0.000
65 66 4128.600
65 67 5169.600
65 68 4264.900
65 69 3027.400
65 70 5842.200
65 71 1535.500
65 72 3665.400
65 73 5001.000
65 74 5370.200
65 75 6365.000
65 76 2490.600
65 77 1773.600
65 78 7445.000
65 79 4518.200
65 80 3984.300
65 81 6961.600
65 82 4862.800
65 83 3917.800
65 84 3641.000
65 85 2744.600
65 86 7354.500
65 87 5692.100
65 88 6627.900
65 89 5448.900
65 90 6684.200
65 91 4056.500
65 92 4209.400
65 93 6119.100
65 94 6060.300
65 95 2148.100
65 96 7909.300
65 97 6698.200
65 98 4105.600
65 99 1810.800
65 100 5946.500
66 0 3395.000
66 1 5504.900
66 2 10324.800
66 3 4692.500
66 4 5417.100
66 5 6146.200
66 6 3670.700
66 7 6577.700
66 8 4242.400
66 9 5411.300
66 10 10728.500
66 11 7717.500
66 12 8970.700
66 13 6837.200
66 14 5664.700
66 15 3161.500
66 16 3736.700
66 17 4903.300
66 18 3338.900
66 19 5505.600
66 20 6292.800
66 21 6911.800
66 22 3069.500
66 23 5169.900
66 24 791.200
66 25 3847.000
66 26 6722.300
66 27 3130.900
66 28 4421.700
66 29 4413.900
66 30 2825.300
66 31 5391.800
66 32 5431.700
66 33 6701.200
66 34 1572.700
66 35 5396.200
66 36 2379.100
66 37 5900.600
66 38 3781.000
66 39 5409.400
66 40 6803.900
66 41 3758.900
66 42 4251.100
66 43 5936.500
66 44 2667.800
66 45 4762.300
66 46 2928.400
66 47 3341.600
66 48 4560.100
66 49 5796.200
66 50 6864.400
66 51 4310.800
66 52 9401.700
66 53 4843.800
66 54 6350.900
66 55 5847.300
66 56 5989.800
66 57 5759.700
66 58 2150.300
66 59 4407.500
66 60 10202.600
66 61 6596.600
66 62 3973.000
66 63 6056.300
66 64 5753.400
66 65 4555.000
66 66 0.000
66 67 3826.000
66 68 7549.800
66 69 1183.500
66 70 9127.100
66 71 4805.900
66 72 6177.200
66 73 1426.100
66 74 8655.000
66 75 4881.200
66 76 5002.400
66 77 3076.200
66 78 3723.100
66 79 7803.000
66 80 2047.500
66 81 3239.700
66 82 8147.700
66 83 1823.800
66 84 4760.300
66 85 6029.500
66 86 3537.000
66 87 1874.500
66 88 4692.200
66 89 3511.100
66 90 2756.500
66 91 3227.800
66 92 6235.400
66 93 3403.100
66 94 4122.400
66 95 2454.600
66 96 4334.300
66 97 3541.900
66 98 7390.400
66 99 5095.700
66 100 9231.300
67 0 5070.100
67 1 1678.800
67 2 12609.700
67 3 4193.500
67 4 5833.900
67 5 10485.700
67 6 3357.600
67 7 10900.200
67 8 4659.200
67 9 9733.800
67 10 13711.100
67 11 11050.700
67 12 11075.100
67 13 9713.500
67 14 2666.400
67 15 3578.300
67 16 6292.800
67 17 5634.000
67 18 7077.400
67 19 9845.100
67 20 7967.800
67 21 11251.300
67 22 4744.600
67 23 2833.700
67 24 4358.400
67 25 2523.100
67 26 8397.400
67 27 7453.500
67 28 4565.600
67 29 6088.900
67 30 4471.400
67 31 9714.300
67 32 9754.200
67 33 7118.000
67 34 3675.600
67 35 1570.100
67 36 2631.700
67 37 7575.700
67 38 5456.000
67 39 7084.400
67 40 2987.000
67 41 8154.400
67 42 3444.500
67 43 3405.400
67 44 1958.100
67 45 9101.800
67 46 3472.700
67 47 7664.100
67 48 7439.500
67 49 8765.300
67 50 2739.900
67 51 8177.200
67 52 11076.700
67 53 5259.200
67 54 10673.400
67 55 2990.500
67 56 11104.700
67 57 7434.700
67 58 2558.900
67 59 3179.800
67 60 13078.900
67 61 8271.600
67 62 639.200
67 63 3525.100
67 64 10076.000
67 65 4971.800
67 66 4735.100
67 67 0.000
67 68 9224.800
67 69 4913.200
67 70 10802.100
67 71 6480.900
67 72 5650.400
67 73 3043.800
67 74 10330.000
67 75 1709.100
67 76 5351.400
67 77 4181.000
67 78 8118.500
67 79 9478.100
67 80 6370.000
67 81 6781.000
67 82 9822.700
67 83 3445.900
67 84 4339.500
67 85 7704.500
67 86 6235.600
67 87 4573.100
67 88 9087.600
67 89 7850.600
67 90 5635.900
67 91 1320.800
67 92 9154.900
67 93 2315.400
67 94 8461.900
67 95 2871.400
67 96 4846.100
67 97 3138.800
67 98 9065.400
67 99 6770.700
67 100 10906.300
68 0 4706.600
68 1 10552.300
68 2 4551.900
68 3 11456.800
68 4 3661.800
68 5 4741.900
68 6 7184.600
68 7 8889.100
68 8 5729.400
68 9 11052.100
68 10 5653.300
68 11 4101.900
68 12 2214.100
68 13 2764.600
68 14 11540.000
68 15 6487.400
68 16 5401.100
68 17 4836.200
68 18 4991.400
68 19 4288.700
68 20 1357.100
68 21 5499.300
68 22 5932.300
68 23 11707.200
68 24 8569.200
68 25 10267.000
68 26 1321.400
68 27 8771.700
68 28 11728.900
68 29 3873.300
68 30 10132.400
68 31 10855.800
68 32 9843.500
68 33 4181.900
68 34 6952.500
68 35 10443.700
68 36 7409.400
68 37 2009.100
68 38 6345.200
68 39 3022.100
68 40 11860.500
68 41 10652.800
68 42 7113.400
68 43 12278.900
68 44 8695.600
68 45 5536.400
68 46 10235.600
68 47 8982.400
68 48 12191.800
68 49 2949.200
68 50 11911.900
68 51 3996.000
68 52 3018.900
68 53 6139.300
68 54 9840.600
68 55 11864.000
68 56 4155.900
68 57 3308.300
68 58 8009.400
68 59 11117.200
68 60 4377.000
68 61 2395.500
68 62 9020.500
68 63 12398.700
68 64 9946.200
68 65 4450.700
68 66 7832.500
68 67 8873.500
68 68 0.000
68 69 6731.300
68 70 2744.300
68 71 2898.800
68 72 7041.800
68 73 8704.900
68 74 1576.000
68 75 10582.600
68 76 5867.000
68 77 5656.200
68 78 11148.900
68 79 1420.300
68 80 7688.300
68 81 10665.500
68 82 3485.500
68 83 7621.700
68 84 7017.400
68 85 2534.900
68 86 11058.500
68 87 9396.000
68 88 10331.800
68 89 6225.500
68 90 10388.100
68 91 8275.300
68 92 3117.200
68 93 9823.000
68 94 6836.900
68 95 6892.900
68 96 11613.200
68 97 10402.100
68 98 3588.400
68 99 2892.900
68 100 2848.500
69 0 2634.600
69 1 5834.600
69 2 10102.500
69 3 5832.900
69 4 4684.000
69 5 5923.900
69 6 3910.700
69 7 6354.400
69 8 3532.600
69 9 5188.000
69 10 10506.100
69 11 7495.200
69 12 8639.700
69 13 7278.000
69 14 6805.100
69 15 2768.600
69 16 2553.200
69 17 4142.800
69 18 3337.800
69 19 5283.300
69 20 5532.300
69 21 6689.500
69 22 2309.100
69 23 6310.300
69 24 1931.600
69 25 4987.400
69 26 5961.900
69 27 2907.600
69 28 5562.100
69 29 3653.500
69 30 3965.700
69 31 5168.400
69 32 5208.400
69 33 5968.000
69 34 1812.700
69 35 5725.900
69 36 2708.800
69 37 5140.200
69 38 3213.200
69 39 4649.000
69 40 7944.300
69 41 4788.700
69 42 4491.100
69 43 7076.900
69 44 3756.700
69 45 4540.000
69 46 4068.800
69 47 3118.300
69 48 5700.500
69 49 4612.700
69 50 7194.100
69 51 4437.500
69 52 8641.200
69 53 4210.200
69 54 6127.500
69 55 7146.300
69 56 5767.500
69 57 4999.300
69 58 3070.500
69 59 5547.900
69 60 10643.400
69 61 5836.100
69 62 4302.700
69 63 7196.700
69 64 5530.100
69 65 3821.900
69 66 1140.400
69 67 4155.700
69 68 6789.300
69 69 0.000
69 70 8366.600
69 71 4045.400
69 72 5488.500
69 73 2566.500
69 74 7894.600
69 75 5864.800
69 76 4313.700
69 77 2723.600
69 78 4678.500
69 79 7042.600
69 80 1824.200
69 81 4195.100
69 82 7387.200
69 83 1904.600
69 84 5000.300
69 85 5269.000
69 86 4369.300
69 87 2706.800
69 88 4467.700
69 89 3288.700
69 90 3896.900
69 91 3557.500
69 92 6013.000
69 93 4543.500
69 94 3900.100
69 95 2694.600
69 96 5474.800
69 97 4682.300
69 98 6630.000
69 99 4335.200
69 100 8470.900
70 0 5761.000
70 1 11606.800
70 2 2302.100
70 3 12511.200
70 4 4716.300
70 5 5796.400
70 6 8239.100
70 7 9943.600
70 8 6783.900
70 9 12106.600
70 10 3403.500
70 11 5156.300
70 12 3411.600
70 13 3819.100
70 14 12594.400
70 15 7541.800
70 16 6455.600
70 17 5890.700
70 18 6045.900
70 19 5343.100
70 20 2411.500
70 21 6553.800
70 22 6986.700
70 23 12761.600
70 24 9623.700
70 25 11321.400
70 26 2375.800
70 27 9826.200
70 28 12783.300
70 29 4927.800
70 30 11186.900
70 31 11910.200
70 32 10898.000
70 33 5236.400
70 34 8007.000
70 35 11498.100
70 36 8463.900
70 37 3063.600
70 38 7399.700
70 39 4076.600
70 40 12915.000
70 41 11707.300
70 42 8167.800
70 43 13333.400
70 44 9750.000
70 45 6590.900
70 46 11290.000
70 47 10036.800
70 48 13246.200
70 49 4003.700
70 50 12966.400
70 51 5050.400
70 52 767.500
70 53 7193.800
70 54 10895.100
70 55 12918.500
70 56 5210.300
70 57 4362.800
70 58 9063.900
70 59 12171.700
70 60 7184.500
70 61 3450.000
70 62 10075.000
70 63 13453.100
70 64 11000.600
70 65 5505.200
70 66 8887.000
70 67 9928.000
70 68 3330.400
70 69 7785.700
70 70 0.000
70 71 3953.300
70 72 8096.300
70 73 9759.400
70 74 2394.900
70 75 11637.000
70 76 6921.500
70 77 6710.600
70 78 12203.300
70 79 2075.000
70 80 8742.700
70 81 11719.900
70 82 1449.200
70 83 8676.200
70 84 8071.900
70 85 3589.400
70 86 12112.900
70 87 10450.500
70 88 11386.300
70 89 7280.000
70 90 11442.600
70 91 9329.800
70 92 4171.600
70 93 10877.500
70 94 7891.400
70 95 7947.400
70 96 12667.600
70 97 11456.600
70 98 1806.700
70 99 3947.400
70 100 1104.200
71 0 1830.100
71 1 7620.300
71 2 6297.100
71 3 8524.800
71 4 2873.100
71 5 4321.000
71 6 5343.700
71 7 8468.200
71 8 3229.500
71 9 8120.100
71 10 7398.500
71 11 4635.400
71 12 4659.800
71 13 3298.100
71 14 8608.000
71 15 3278.000
71 16 4250.000
71 17 1921.000
71 18 4349.000
71 19 3867.800
71 20 3451.500
71 21 5078.400
71 22 1887.000
71 23 8775.200
71 24 5637.200
71 25 7335.000
71 26 1767.400
71 27 5839.700
71 28 8796.900
71 29 996.800
71 30 7200.400
71 31 8100.600
71 32 8140.500
71 33 4157.100
71 34 4020.500
71 35 7511.700
71 36 4477.400
71 37 1117.100
71 38 3413.200
71 39 2802.300
71 40 8928.500
71 41 7720.800
71 42 5272.400
71 43 9346.900
71 44 5763.600
71 45 5115.500
71 46 7303.600
71 47 6050.400
71 48 9259.800
71 49 2306.700
71 50 8979.900
71 51 3353.500
71 52 4764.100
71 53 4298.300
71 54 9419.800
71 55 8932.100
71 56 4139.100
71 57 1336.400
71 58 5077.400
71 59 8185.200
71 60 6663.500
71 61 1813.000
71 62 5958.600
71 63 9466.700
71 64 8462.200
71 65 1535.500
71 66 4900.500
71 67 5941.500
71 68 2594.800
71 69 3799.300
71 70 4489.500
71 71 0.000
71 72 5200.900
71 73 5772.900
71 74 4017.400
71 75 7650.600
71 76 4026.100
71 77 2724.200
71 78 8216.900
71 79 3165.400
71 80 4756.300
71 81 7733.500
71 82 5540.600
71 83 4689.700
71 84 5176.400
71 85 3422.400
71 86 8126.500
71 87 6464.000
71 88 7399.900
71 89 5804.700
71 90 7456.200
71 91 5343.300
71 92 2696.300
71 93 6891.100
71 94 6416.100
71 95 3683.600
71 96 8681.200
71 97 7470.100
71 98 4783.400
71 99 2488.600
71 100 4593.700
72 0 5521.600
72 1 6109.400
72 2 11146.800
72 3 9455.000
72 4 4676.200
72 5 10227.900
72 6 2921.100
72 7 11503.300
72 8 3129.400
72 9 10336.900
72 10 12248.200
72 11 9587.900
72 12 9612.300
72 13 8250.600
72 14 8034.700
72 15 4151.400
72 16 6466.800
72 17 5188.300
72 18 7251.400
72 19 9774.700
72 20 6474.200
72 21 10985.300
72 22 5196.100
72 23 8202.000
72 24 7266.700
72 25 7784.700
72 26 6934.500
72 27 8056.500
72 28 9815.500
72 29 5669.600
72 30 9087.500
72 31 10317.300
72 32 10357.300
72 33 5073.200
72 34 5650.000
72 35 5734.800
72 36 5355.900
72 37 7362.700
72 38 5630.000
72 39 5590.800
72 40 7759.200
72 41 9937.600
72 42 2381.500
72 43 8201.500
72 44 7317.200
72 45 9688.900
72 46 8831.800
72 47 8267.100
72 48 11146.800
72 49 8302.700
72 50 7221.000
72 51 8351.100
72 52 9613.900
72 53 2913.300
72 54 11276.400
72 55 7762.800
72 56 9641.900
72 57 7015.400
72 58 6964.500
72 59 8560.800
72 60 11616.000
72 61 7749.000
72 62 6159.900
72 63 8893.400
72 64 10679.000
72 65 4526.100
72 66 7117.300
72 67 6623.300
72 68 7761.900
72 69 6016.100
72 70 9339.300
72 71 6061.600
72 72 0.000
72 73 7660.000
72 74 8867.200
72 75 6811.900
72 76 2042.700
72 77 4207.900
72 78 10068.900
72 79 8015.200
72 80 6973.000
72 81 9585.500
72 82 8329.100
72 83 6319.200
72 84 1523.300
72 85 6241.600
72 86 10343.200
72 87 8680.800
72 88 9616.600
72 89 8437.600
72 90 9343.200
72 91 6031.100
72 92 8603.200
72 93 7674.500
72 94 9049.000
72 95 4557.000
72 96 10205.100
72 97 8400.400
72 98 7571.800
72 99 5220.600
72 100 9443.500
73 0 4673.300
73 1 4176.200
73 2 11613.400
73 3 3311.800
73 4 6440.700
73 5 7441.900
73 6 4692.800
73 7 7856.400
73 8 5266.000
73 9 6690.000
73 10 12017.100
73 11 9013.100
73 12 10259.300
73 13 8132.900
73 14 3349.400
73 15 4185.000
73 16 5109.600
73 17 6181.500
73 18 4834.900
73 19 6801.300
73 20 7571.000
73 21 8207.500
73 22 4347.800
73 23 3763.000
73 24 1427.700
73 25 2466.300
73 26 8000.600
73 27 4409.600
73 28 3023.900
73 29 5692.200
73 30 1427.500
73 31 6670.500
73 32 6710.400
73 33 7724.700
73 34 2082.100
73 35 4067.600
73 36 2207.900
73 37 7178.900
73 38 5059.300
73 39 6687.700
73 40 4463.100
73 41 4918.900
73 42 5273.200
73 43 4529.500
73 44 1179.800
73 45 6058.000
73 46 1530.700
73 47 4620.300
73 48 4308.800
73 49 6653.200
73 50 5535.800
73 51 5606.500
73 52 10679.900
73 53 5865.900
73 54 7629.600
73 55 4466.700
73 56 7285.500
73 57 7038.000
73 58 769.600
73 59 3219.600
73 60 12246.600
73 61 7874.800
73 62 2644.400
73 63 4649.300
73 64 7032.100
73 65 5578.600
73 66 1705.900
73 67 2497.400
73 68 8828.000
73 69 2556.400
73 70 10405.300
73 71 6084.100
73 72 7581.600
73 73 0.000
73 74 11333.700
73 75 3500.600
73 76 6024.500
73 77 4354.400
73 78 4883.000
73 79 9081.300
73 80 3326.200
73 81 3737.200
73 82 9425.900
73 83 1652.500
73 84 5782.500
73 85 7307.700
73 86 3191.700
73 87 1529.300
73 88 5852.100
73 89 4806.700
73 90 2505.200
73 91 1899.200
73 92 7531.000
73 93 2022.400
73 94 5418.100
73 95 3478.100
73 96 2953.700
73 97 2161.200
73 98 8668.700
73 99 6373.900
73 100 10509.600
74 0 5594.900
74 1 11440.700
74 2 2572.900
74 3 12345.200
74 4 4550.200
74 5 4613.600
74 6 8073.000
74 7 8507.500
74 8 6617.800
74 9 10848.600
74 10 3674.300
74 11 2727.700
74 12 1104.200
74 13 2369.300
74 14 13393.500
74 15 7375.800
74 16 7111.400
74 17 5724.600
74 18 6270.600
74 19 3701.300
74 20 2245.500
74 21 5396.700
74 22 6820.600
74 23 12898.800
74 24 9330.600
74 25 11155.400
74 26 2209.800
74 27 8653.600
74 28 12158.000
74 29 4761.700
74 30 10561.600
74 31 10474.100
74 32 9461.900
74 33 5070.300
74 34 7840.900
74 35 11332.000
74 36 8297.800
74 37 2897.500
74 38 7233.600
74 39 3910.500
74 40 14532.700
74 41 10534.700
74 42 8001.800
74 43 13665.300
74 44 9584.000
74 45 4949.000
74 46 10664.700
74 47 8864.200
74 48 12273.900
74 49 3837.600
74 50 12800.300
74 51 5124.800
74 52 1627.400
74 53 7027.700
74 54 9459.000
74 55 12752.400
74 56 2781.700
74 57 4196.700
74 58 8897.800
74 59 13082.800
74 60 3267.100
74 61 3283.900
74 62 9908.900
74 63 13785.100
74 64 9564.500
74 65 5339.100
74 66 8591.300
74 67 9761.900
74 68 2137.300
74 69 7619.700
74 70 2399.600
74 71 3787.200
74 72 7930.200
74 73 9965.000
74 74 0.000
74 75 11471.000
74 76 6755.400
74 77 6544.500
74 78 11247.100
74 79 2308.700
74 80 7570.100
74 81 10547.400
74 82 3145.600
74 83 8510.100
74 84 7905.800
74 85 3423.300
74 86 10939.300
74 87 9276.900
74 88 10213.700
74 89 5638.200
74 90 10470.300
74 91 9163.700
74 92 3398.900
74 93 10711.400
74 94 6249.600
74 95 7781.300
74 96 12508.500
74 97 11290.500
74 98 3503.000
74 99 3781.300
74 100 3736.900
75 0 6161.000
75 1 962.700
75 2 13700.600
75 3 2777.900
75 4 7086.500
75 5 11701.800
75 6 4253.800
75 7 12116.400
75 8 5911.800
75 9 10950.000
75 10 16277.000
75 11 12141.700
75 12 12166.100
75 13 10804.400
75 14 1250.900
75 15 4830.900
75 16 7383.800
75 17 6886.700
75 18 8168.400
75 19 11061.200
75 20 9058.800
75 21 12467.400
75 22 5835.500
75 23 1418.100
75 24 5285.400
75 25 1107.600
75 26 9488.300
75 27 8669.600
75 28 3150.100
75 29 7179.900
75 30 4443.400
75 31 10930.400
75 32 10970.400
75 33 8053.300
75 34 4766.500
75 35 2256.500
75 36 3695.600
75 37 8666.600
75 38 6547.000
75 39 8175.400
75 40 1382.200
75 41 9153.900
75 42 4340.700
75 43 1989.800
75 44 2629.700
75 45 10317.900
75 46 3395.500
75 47 8880.200
75 48 6364.100
75 49 9856.300
75 50 2023.700
75 51 9866.400
75 52 12167.700
75 53 5893.500
75 54 11889.500
75 55 1385.700
75 56 11545.400
75 57 8525.700
75 58 3443.700
75 59 1871.600
75 60 14169.800
75 61 9362.600
75 62 1891.800
75 63 2109.600
75 64 11292.100
75 65 6224.400
75 66 5194.000
75 67 2355.200
75 68 10315.800
75 69 5840.200
75 70 11893.100
75 71 7571.900
75 72 6546.500
75 73 3533.600
75 74 11421.000
75 75 0.000
75 76 6247.600
75 77 5433.600
75 78 9118.100
75 79 10569.000
75 80 7586.100
75 81 6937.300
75 82 10913.700
75 83 4373.000
75 84 5235.700
75 85 8795.500
75 86 7451.700
75 87 5796.700
75 88 10229.700
75 89 9066.700
75 90 5427.600
75 91 2573.400
75 92 10245.800
75 93 2026.500
75 94 9678.000
75 95 4124.000
75 96 4274.400
75 97 1723.300
75 98 10156.400
75 99 7861.700
75 100 11997.300
76 0 3478.900
76 1 5752.000
76 2 9104.100
76 3 8368.800
76 4 2633.500
76 5 8185.200
76 6 1869.500
76 7 9460.600
76 8 1086.700
76 9 8294.200
76 10 10205.600
76 11 7545.200
76 12 7569.600
76 13 6207.900
76 14 6831.700
76 15 2108.700
76 16 4424.100
76 17 3145.600
76 18 5208.700
76 19 7732.000
76 20 4431.500
76 21 8942.600
76 22 3153.400
76 23 6998.900
76 24 5678.100
76 25 6688.400
76 26 4891.800
76 27 6013.800
76 28 8640.900
76 29 3626.900
76 30 7044.500
76 31 8274.600
76 32 8314.600
76 33 3030.500
76 34 4061.400
76 35 5377.300
76 36 3767.300
76 37 5320.000
76 38 3587.300
76 39 3548.100
76 40 7401.800
76 41 7894.900
76 42 1716.900
76 43 7844.000
76 44 5607.600
76 45 7646.200
76 46 7147.600
76 47 6224.500
76 48 9103.800
76 49 6260.000
76 50 6863.500
76 51 6308.500
76 52 7571.200
76 53 870.600
76 54 9233.700
76 55 7405.300
76 56 7599.200
76 57 4972.700
76 58 4921.500
76 59 7345.000
76 60 9573.300
76 61 5706.300
76 62 4789.300
76 63 7690.400
76 64 8636.300
76 65 2483.400
76 66 5074.600
76 67 5385.000
76 68 5719.300
76 69 3973.400
76 70 7296.600
76 71 4018.900
76 72 1190.200
76 73 5617.000
76 74 6824.500
76 75 5874.300
76 76 0.000
76 77 2165.200
76 78 8480.300
76 79 5972.500
76 80 4930.300
76 81 7996.900
76 82 6286.400
76 83 4730.600
76 84 1165.800
76 85 4199.000
76 86 8300.500
76 87 6638.100
76 88 7573.900
76 89 6394.900
76 90 7300.200
76 91 4422.600
76 92 6560.500
76 93 6735.100
76 94 7006.300
76 95 2514.300
76 96 8525.200
76 97 7314.200
76 98 5529.100
76 99 3177.900
76 100 7400.800
77 0 1867.900
77 1 5525.300
77 2 9407.600
77 3 6744.600
77 4 2595.900
77 5 7419.100
77 6 2860.400
77 7 7849.600
77 8 1444.600
77 9 6683.200
77 10 10509.000
77 11 7848.600
77 12 7873.000
77 13 6511.400
77 14 6512.900
77 15 1409.600
77 16 2813.100
77 17 2396.000
77 18 3597.700
77 19 6778.500
77 20 4765.700
77 21 8184.700
77 22 1542.400
77 23 6680.100
77 24 3857.000
77 25 5554.800
77 26 5195.300
77 27 4402.800
77 28 7016.700
77 29 2886.800
77 30 5420.300
77 31 6663.700
77 32 6703.600
77 33 3879.900
77 34 2240.300
77 35 5310.600
77 36 2591.700
77 37 4373.500
77 38 1976.300
77 39 3882.300
77 40 6833.500
77 41 6283.900
77 42 3204.100
77 43 7251.900
77 44 3983.400
77 45 6035.200
77 46 5523.400
77 47 4613.500
77 48 7479.600
77 49 4872.600
77 50 6586.300
77 51 4697.500
77 52 7874.600
77 53 2758.500
77 54 7622.700
77 55 6837.000
77 56 7902.600
77 57 4232.600
77 58 3297.200
77 59 6405.100
77 60 9876.700
77 61 5069.500
77 62 3613.600
77 63 7371.600
77 64 7025.300
77 65 1733.800
77 66 3463.600
77 67 4161.300
77 68 6022.700
77 69 2362.400
77 70 7600.000
77 71 3278.800
77 72 3400.400
77 73 3992.700
77 74 7127.900
77 75 5555.500
77 76 2225.700
77 77 0.000
77 78 6659.300
77 79 6275.900
77 80 3319.400
77 81 6175.900
77 82 6620.600
77 83 2909.500
77 84 3376.000
77 85 4502.400
77 86 6689.600
77 87 5027.100
77 88 5963.000
77 89 4784.000
77 90 5676.000
77 91 3247.000
77 92 5952.800
77 93 5110.900
77 94 5395.300
77 95 1338.600
77 96 6901.000
77 97 5690.000
77 98 5863.300
77 99 3568.600
77 100 7704.200
78 0 7481.300
78 1 8952.800
78 2 13367.900
78 3 7596.900
78 4 9503.400
78 5 8130.800
78 6 7757.000
78 7 3906.600
78 8 8328.700
78 9 2228.100
78 10 13771.500
78 11 10816.100
78 12 11297.500
78 13 9935.800
78 14 7938.400
78 15 7247.700
78 16 7494.300
78 17 8989.500
78 18 6582.400
78 19 8604.200
78 20 10379.000
78 21 7628.400
78 22 7155.800
78 23 7443.700
78 24 4877.400
78 25 7115.100
78 26 10808.600
78 27 4338.000
78 28 6704.600
78 29 8500.200
78 30 5741.800
78 31 3099.400
78 32 2760.600
78 33 10787.400
78 34 5659.000
78 35 10280.200
78 36 7263.200
78 37 9986.900
78 38 7867.300
78 39 9495.700
78 40 9077.600
78 41 2094.500
78 42 8337.300
78 43 8210.200
78 44 6757.300
78 45 7116.000
78 46 5548.700
78 47 2794.800
78 48 2778.500
78 49 8579.000
78 50 10013.800
78 51 7532.200
78 52 13487.900
78 53 8930.100
78 54 3359.000
78 55 9115.400
78 56 9088.400
78 57 9846.000
78 58 7084.600
78 59 6900.300
78 60 13301.200
78 61 10217.300
78 62 8857.000
78 63 7671.100
78 64 3606.500
78 65 8641.300
78 66 4229.100
78 67 8710.100
78 68 11324.900
78 69 5280.900
78 70 13213.300
78 71 8892.100
78 72 10263.400
78 73 6315.000
78 74 12371.900
78 75 8149.300
78 76 9088.600
78 77 7162.400
78 78 0.000
78 79 11889.300
78 80 5073.600
78 81 4612.600
78 82 12233.900
78 83 6707.800
78 84 8846.600
78 85 10115.700
78 86 7233.000
78 87 5570.500
78 88 2133.000
78 89 6554.100
78 90 6096.100
78 91 8111.800
78 92 9334.000
78 93 6695.700
78 94 5785.300
78 95 6540.800
78 96 4796.100
78 97 6700.100
78 98 11476.700
78 99 9181.900
78 100 13317.600
79 0 4739.400
79 1 10585.200
79 2 4158.600
79 3 11489.700
79 4 3694.700
79 5 4774.800
79 6 7217.500
79 7 8922.000
79 8 5762.300
79 9 11085.000
79 10 5260.000
79 11 4134.700
79 12 3151.200
79 13 2797.500
79 14 11572.800
79 15 6520.300
79 16 5434.000
79 17 4869.100
79 18 5024.300
79 19 4321.600
79 20 1390.000
79 21 5532.200
79 22 5965.100
79 23 11740.100
79 24 8602.100
79 25 10299.900
79 26 1354.300
79 27 8804.600
79 28 11761.700
79 29 3906.200
79 30 10165.300
79 31 10888.700
79 32 9876.400
79 33 4214.800
79 34 6985.400
79 35 10476.500
79 36 7442.300
79 37 2042.000
79 38 6378.100
79 39 3055.000
79 40 11893.400
79 41 10685.700
79 42 7146.300
79 43 12311.800
79 44 8728.500
79 45 5569.300
79 46 10268.500
79 47 9015.300
79 48 12224.600
79 49 2982.100
79 50 11944.800
79 51 4028.900
79 52 2625.700
79 53 6172.200
79 54 9873.500
79 55 11896.900
79 56 4188.700
79 57 3341.200
79 58 8042.300
79 59 11150.100
79 60 6162.900
79 61 2428.400
79 62 9053.400
79 63 12431.600
79 64 9979.100
79 65 4483.600
79 66 7865.400
79 67 8906.400
79 68 2308.800
79 69 6764.200
79 70 2351.000
79 71 2931.700
79 72 7074.700
79 73 8737.800
79 74 2335.200
79 75 10615.500
79 76 5899.900
79 77 5689.000
79 78 11181.800
79 79 0.000
79 80 7721.200
79 81 10698.400
79 82 3092.200
79 83 7654.600
79 84 7050.300
79 85 2567.800
79 86 11091.300
79 87 9428.900
79 88 10364.700
79 89 6258.400
79 90 10421.000
79 91 8308.200
79 92 3150.000
79 93 9855.900
79 94 6869.800
79 95 6925.800
79 96 11646.100
79 97 10435.000
79 98 3621.300
79 99 2925.800
79 100 2455.300
80 0 4189.400
80 1 8039.600
80 2 9961.000
80 3 6965.200
80 4 6238.800
80 5 5782.500
80 6 6231.300
80 7 4530.200
80 8 5087.400
80 9 3363.800
80 10 10364.700
80 11 7353.700
80 12 8607.000
80 13 6473.500
80 14 7782.800
80 15 5109.700
80 16 4108.000
80 17 5697.600
80 18 3196.000
80 19 5141.900
80 20 7087.200
80 21 6548.100
80 22 3863.900
80 23 7288.000
80 24 3351.800
80 25 6407.600
80 26 7516.700
80 27 1083.400
80 28 6158.700
80 29 5208.300
80 30 4143.700
80 31 3344.300
80 32 3384.200
80 33 7522.800
80 34 4133.400
80 35 7930.900
80 36 4913.900
80 37 6695.000
80 38 4768.000
80 39 6203.800
80 40 8922.000
80 41 2964.600
80 42 6811.700
80 43 8054.600
80 44 5228.400
80 45 4398.600
80 46 4665.500
80 47 1294.100
80 48 6239.100
80 49 4993.800
80 50 9399.200
80 51 3947.100
80 52 10196.100
80 53 6401.400
80 54 4303.400
80 55 9468.900
80 56 5626.000
80 57 6554.100
80 58 4710.900
80 59 6354.300
80 60 9838.800
80 61 6754.900
80 62 6507.800
80 63 8174.300
80 64 3705.900
80 65 5376.700
80 66 2703.400
80 67 6360.800
80 68 7862.500
80 69 2949.800
80 70 9921.400
80 71 5600.300
80 72 7043.300
80 73 3965.700
80 74 9681.300
80 75 8498.500
80 76 5868.500
80 77 4278.500
80 78 3460.600
80 79 8597.400
80 80 0.000
80 81 2977.200
80 82 8942.000
80 83 4358.500
80 84 7018.900
80 85 6823.800
80 86 4557.200
80 87 2503.100
80 88 2643.600
80 89 3147.300
80 90 4460.700
80 91 5762.600
80 92 5871.600
80 93 5963.700
80 94 3758.700
80 95 5015.200
80 96 6561.900
80 97 6102.500
80 98 8184.800
80 99 5890.100
80 100 10025.700
81 0 5115.900
81 1 5776.200
81 2 11042.000
81 3 4701.800
81 4 6883.300
81 5 6870.500
81 6 5135.400
81 7 7285.000
81 8 5708.600
81 9 6118.600
81 10 11445.700
81 11 8441.800
81 12 9687.900
81 13 7561.500
81 14 5138.300
81 15 4627.700
81 16 5175.600
81 17 6624.100
81 18 4263.600
81 19 6229.900
81 20 8013.700
81 21 7636.100
81 22 4790.400
81 23 4643.600
81 24 1870.300
81 25 4168.700
81 26 8443.200
81 27 3838.300
81 28 3895.300
81 29 6134.800
81 30 1824.100
81 31 6099.100
81 32 6139.000
81 33 8167.400
81 34 2524.800
81 35 5667.600
81 36 2650.500
81 37 7621.500
81 38 5501.900
81 39 7130.300
81 40 6277.500
81 41 4315.100
81 42 5715.800
81 43 5410.100
81 44 2882.100
81 45 5486.600
81 46 2402.100
81 47 4048.900
81 48 3287.100
81 49 6081.900
81 50 7135.800
81 51 5035.100
81 52 12217.000
81 53 6308.600
81 54 7058.200
81 55 6824.500
81 56 6714.100
81 57 7480.600
81 58 2471.900
81 59 4091.000
81 60 11675.200
81 61 7842.900
81 62 4244.400
81 63 5529.900
81 64 6460.800
81 65 6021.200
81 66 1892.500
81 67 4097.400
81 68 8950.600
81 69 2944.300
81 70 10848.000
81 71 6526.800
81 72 8245.500
81 73 1702.300
81 74 10762.300
81 75 5854.100
81 76 6467.100
81 77 4797.100
81 78 4279.200
81 79 9523.900
81 80 2754.800
81 81 0.000
81 82 9868.600
81 83 2095.100
81 84 6225.100
81 85 7750.400
81 86 2620.400
81 87 957.900
81 88 5248.300
81 89 4235.400
81 90 1483.500
81 91 3499.200
81 92 6959.700
81 93 3724.700
81 94 4846.700
81 95 3920.800
81 96 3584.700
81 97 3856.700
81 98 9111.300
81 99 6816.600
81 100 10952.200
82 0 6645.500
82 1 10940.100
82 2 2940.900
82 3 11844.500
82 4 4028.200
82 5 6809.100
82 6 7551.000
82 7 10956.400
82 8 6095.800
82 9 11439.900
82 10 4042.300
82 11 6169.100
82 12 4162.200
82 13 4831.900
82 14 11927.700
82 15 6875.100
82 16 7569.800
82 17 5224.000
82 18 7058.700
82 19 6355.900
82 20 3223.000
82 21 7566.600
82 22 6320.000
82 23 12094.900
82 24 8957.000
82 25 10654.700
82 26 3388.600
82 27 9159.500
82 28 12116.600
82 29 5631.900
82 30 10520.200
82 31 11420.300
82 32 11460.300
82 33 4230.200
82 34 7340.300
82 35 10831.400
82 36 7797.200
82 37 4076.400
82 38 6733.000
82 39 3598.300
82 40 12248.300
82 41 11040.600
82 42 7479.700
82 43 12666.700
82 44 9083.300
82 45 7603.600
82 46 10623.300
82 47 9370.100
82 48 12579.500
82 49 5016.500
82 50 12299.700
82 51 6063.200
82 52 1513.000
82 53 6505.700
82 54 11907.900
82 55 12251.800
82 56 6223.100
82 57 5375.600
82 58 8397.200
82 59 11505.000
82 60 7020.200
82 61 4462.700
82 62 9408.300
82 63 12786.400
82 64 11782.000
82 65 4838.500
82 66 8220.300
82 67 9261.300
82 68 4343.200
82 69 7119.000
82 70 1206.800
82 71 4966.100
82 72 7408.200
82 73 9092.700
82 74 3145.600
82 75 10970.300
82 76 6233.400
82 77 6043.900
82 78 11536.600
82 79 3087.800
82 80 8076.000
82 81 11053.200
82 82 0.000
82 83 8009.500
82 84 7383.800
82 85 4249.100
82 86 11446.200
82 87 9783.800
82 88 10719.600
82 89 8292.800
82 90 10775.900
82 91 8663.100
82 92 5184.400
82 93 10210.800
82 94 8904.200
82 95 7280.700
82 96 12000.900
82 97 10789.900
82 98 757.300
82 99 3280.700
82 100 1949.400
83 0 3142.900
83 1 3803.200
83 2 10682.500
83 3 4486.500
83 4 4910.300
83 5 7675.900
83 6 3162.400
83 7 8090.500
83 8 3735.500
83 9 6924.100
83 10 11783.900
83 11 9123.500
83 12 9147.900
83 13 7786.300
83 14 4790.800
83 15 2654.600
83 16 4365.600
83 17 4651.100
83 18 5150.200
83 19 7035.300
83 20 6040.600
83 21 8441.500
83 22 2817.400
83 23 4744.900
83 24 1583.100
83 25 3296.700
83 26 6470.200
83 27 4643.700
83 28 4758.600
83 29 4161.700
83 30 3162.200
83 31 6904.500
83 32 6944.500
83 33 6194.300
83 34 669.200
83 35 3694.500
83 36 677.500
83 37 5648.500
83 38 3528.800
83 39 5157.200
83 40 5111.400
83 41 5142.200
83 42 3742.800
83 43 5529.700
83 44 1725.300
83 45 6292.000
83 46 3265.400
83 47 4854.300
83 48 5221.500
83 49 6838.100
83 50 5162.700
83 51 5840.500
83 52 9149.500
83 53 4335.500
83 54 7863.600
83 55 5114.900
83 56 7519.500
83 57 5507.500
83 58 1039.200
83 59 4147.000
83 60 11151.700
83 61 6344.400
83 62 2271.300
83 63 5649.500
83 64 7266.200
83 65 4048.200
83 66 1722.900
83 67 2124.400
83 68 7297.600
83 69 1901.000
83 70 8874.900
83 71 4553.700
83 72 6272.500
83 73 1734.700
83 74 8402.800
83 75 3833.400
83 76 4494.100
83 77 2824.000
83 78 5106.300
83 79 7550.900
83 80 3560.200
83 81 4622.900
83 82 7895.500
83 83 0.000
83 84 4252.000
83 85 5777.300
83 86 4198.400
83 87 2535.900
83 88 6075.400
83 89 5040.800
83 90 3417.900
83 91 1526.100
83 92 7227.700
83 93 2852.800
83 94 5652.200
83 95 1947.700
83 96 4642.900
83 97 3431.900
83 98 7138.200
83 99 4843.500
83 100 8979.100
84 0 5272.800
84 1 4444.900
84 2 10625.800
84 3 7790.500
84 4 4155.100
84 5 9706.800
84 6 1855.300
84 7 11254.400
84 8 2880.600
84 9 10088.000
84 10 11727.200
84 11 9066.800
84 12 9091.200
84 13 7729.600
84 14 6370.200
84 15 3902.600
84 16 6218.000
84 17 4939.500
84 18 7002.500
84 19 9253.600
84 20 5953.100
84 21 10464.200
84 22 4947.300
84 23 6537.400
84 24 6200.900
84 25 6120.200
84 26 6413.500
84 27 7807.600
84 28 8151.000
84 29 5420.800
84 30 7423.000
84 31 10068.500
84 32 10108.400
84 33 4562.200
84 34 4584.200
84 35 4070.300
84 36 4290.100
84 37 6841.600
84 38 5381.100
84 39 5069.700
84 40 6094.700
84 41 9039.000
84 42 1293.100
84 43 6537.000
84 44 5652.700
84 45 9440.000
84 46 7167.300
84 47 8018.300
84 48 9482.300
84 49 7781.700
84 50 5556.500
84 51 8102.300
84 52 9092.800
84 53 2664.500
84 54 11027.600
84 55 6098.300
84 56 9120.800
84 57 6766.600
84 58 5299.900
84 59 6896.200
84 60 11094.900
84 61 7228.000
84 62 4495.400
84 63 7228.900
84 64 10430.200
84 65 4277.300
84 66 5619.700
84 67 4958.800
84 68 7240.900
84 69 5767.200
84 70 8818.200
84 71 5812.700
84 72 2092.800
84 73 5995.500
84 74 8346.100
84 75 5147.300
84 76 1793.900
84 77 3959.100
84 78 9003.100
84 79 7494.100
84 80 6724.200
84 81 8519.700
84 82 7808.000
84 83 5253.400
84 84 0.000
84 85 5720.600
84 86 8459.200
84 87 6796.700
84 88 9367.800
84 89 8188.800
84 90 7678.700
84 91 4366.600
84 92 8082.100
84 93 6010.000
84 94 8800.200
84 95 3474.000
84 96 8540.600
84 97 6735.900
84 98 7050.700
84 99 4699.500
84 100 8922.400
85 0 4896.400
85 1 9191.000
85 2 5496.700
85 3 10095.400
85 4 2300.500
85 5 4577.700
85 6 5823.200
85 7 8724.900
85 8 4368.000
85 9 9690.700
85 10 6598.100
85 11 3937.700
85 12 3962.100
85 13 2600.500
85 14 10178.600
85 15 5126.000
85 16 5104.500
85 17 3474.900
85 18 4694.800
85 19 4124.500
85 20 1496.600
85 21 5335.100
85 22 4570.900
85 23 10345.800
85 24 7207.800
85 25 8905.600
85 26 1284.400
85 27 7410.300
85 28 10367.500
85 29 3576.700
85 30 8771.100
85 31 9671.200
85 32 9679.400
85 33 3400.600
85 34 5591.200
85 35 9082.300
85 36 6048.100
85 37 1712.500
85 38 4983.800
85 39 1660.700
85 40 10499.100
85 41 9291.500
85 42 5752.000
85 43 10917.500
85 44 7334.200
85 45 5372.200
85 46 8874.200
85 47 7621.000
85 48 10830.400
85 49 2652.600
85 50 10550.500
85 51 3699.300
85 52 3963.700
85 53 4777.900
85 54 9676.500
85 55 10502.700
85 56 3991.700
85 57 3011.700
85 58 6648.000
85 59 9755.900
85 60 5965.800
85 61 2098.900
85 62 7659.100
85 63 11037.300
85 64 9782.000
85 65 3089.400
85 66 6471.100
85 67 7512.200
85 68 2111.800
85 69 5369.900
85 70 3689.100
85 71 2602.200
85 72 5680.500
85 73 7343.600
85 74 3217.000
85 75 9221.200
85 76 4505.700
85 77 4294.800
85 78 9787.500
85 79 2365.000
85 80 6326.900
85 81 9304.100
85 82 4399.000
85 83 6260.400
85 84 5656.000
85 85 0.000
85 86 9697.100
85 87 8034.600
85 88 8970.500
85 89 6061.400
85 90 9026.800
85 91 6913.900
85 92 2953.000
85 93 8461.700
85 94 6672.800
85 95 5531.600
85 96 10251.800
85 97 9040.800
85 98 3641.800
85 99 1531.600
85 100 3793.300
86 0 14857.100
86 1 19151.700
86 2 8421.700
86 3 18923.300
86 4 12261.200
86 5 10572.500
86 6 15784.000
86 7 14466.400
86 8 14328.800
86 9 16807.500
86 10 8825.300
86 11 8686.600
86 12 7067.600
86 13 8328.200
86 14 19352.400
86 15 15086.800
86 16 13070.300
86 17 13435.600
86 18 12229.500
86 19 9660.200
86 20 10603.700
86 21 11355.600
86 22 14531.700
86 23 18857.700
86 24 15289.500
86 25 18866.400
86 26 9889.400
86 27 14612.500
86 28 18116.900
86 29 13120.000
86 30 16520.500
86 31 16433.000
86 32 15420.800
86 33 13361.400
86 34 15551.900
86 35 19043.100
86 36 16008.800
86 37 11255.800
86 38 14944.600
86 39 11621.500
86 40 20491.600
86 41 16493.600
86 42 15712.800
86 43 19624.200
86 44 17295.000
86 45 10907.900
86 46 16623.600
86 47 14823.100
86 48 18232.800
86 49 11585.500
86 50 20511.300
86 51 11083.700
86 52 9596.700
86 53 14738.700
86 54 15417.900
86 55 20463.400
86 56 8740.600
86 57 12554.900
86 58 16608.800
86 59 19041.700
86 60 9054.800
86 61 10080.300
86 62 17619.900
86 63 19744.000
86 64 15523.400
86 65 13050.100
86 66 14550.200
86 67 17472.900
86 68 9246.600
86 69 14519.400
86 70 10406.400
86 71 12145.500
86 72 15641.200
86 73 15923.900
86 74 8142.000
86 75 19182.000
86 76 14466.400
86 77 14255.600
86 78 17206.000
86 79 10666.900
86 80 13529.000
86 81 16506.300
86 82 11002.100
86 83 16221.100
86 84 15616.800
86 85 11134.300
86 86 0.000
86 87 15235.800
86 88 16172.600
86 89 11597.100
86 90 16429.200
86 91 16874.700
86 92 9357.800
86 93 18422.400
86 94 12208.500
86 95 15492.300
86 96 18467.400
86 97 18078.200
86 98 11359.600
86 99 11492.300
86 100 11264.100
87 0 4432.000
87 1 6065.500
87 2 10224.200
87 3 4991.100
87 4 6481.400
87 5 6045.600
87 6 4596.700
87 7 6460.100
87 8 5330.100
87 9 5293.700
87 10 10627.800
87 11 7616.800
87 12 8870.100
87 13 6736.600
87 14 5427.600
87 15 4087.500
87 16 4350.600
87 17 5940.300
87 18 3438.600
87 19 5405.000
87 20 7329.800
87 21 6811.200
87 22 4106.600
87 23 4932.800
87 24 1717.200
87 25 4457.900
87 26 7759.400
87 27 3013.300
87 28 4184.600
87 29 5450.900
87 30 2588.200
87 31 5274.200
87 32 5314.100
87 33 7765.500
87 34 2498.800
87 35 5956.800
87 36 2939.800
87 37 6937.600
87 38 4707.000
87 39 6446.400
87 40 6566.800
87 41 3491.400
87 42 5177.100
87 43 5699.400
87 44 3171.400
87 45 4661.700
87 46 2691.300
87 47 3224.000
87 48 4300.500
87 49 5256.900
87 50 7425.100
87 51 4210.200
87 52 10438.700
87 53 5769.900
87 54 6233.300
87 55 7113.800
87 56 5889.200
87 57 6796.700
87 58 2761.200
87 59 4380.200
87 60 10102.000
87 61 7018.000
87 62 4533.700
87 63 5819.200
87 64 5635.800
87 65 5619.300
87 66 1068.800
87 67 4386.700
87 68 8125.700
87 69 2120.700
87 70 10164.100
87 71 5842.900
87 72 7103.200
87 73 1991.600
87 74 9944.500
87 75 6143.300
87 76 5928.400
87 77 4002.200
87 78 3455.600
87 79 8840.000
87 80 1929.900
87 81 2138.300
87 82 9184.700
87 83 2384.400
87 84 5686.400
87 85 7066.500
87 86 2474.900
87 87 0.000
87 88 4424.700
87 89 3410.400
87 90 2496.900
87 91 3788.400
87 92 6134.700
87 93 4014.000
87 94 4021.800
87 95 3380.600
87 96 4535.100
87 97 4145.900
87 98 8427.400
87 99 6132.700
87 100 10268.300
88 0 6105.600
88 1 9058.600
88 2 11877.200
88 3 7984.200
88 4 8155.000
88 5 7041.000
88 6 7250.300
88 7 2816.700
88 8 7003.600
88 9 1650.300
88 10 12280.900
88 11 9726.200
88 12 10207.600
88 13 8846.000
88 14 8420.700
88 15 6741.100
88 16 6024.200
88 17 7613.800
88 18 5112.200
88 19 7514.400
88 20 9003.300
88 21 6538.600
88 22 5780.100
88 23 7925.900
88 24 4370.800
88 25 7426.600
88 26 9432.900
88 27 2689.000
88 28 7177.700
88 29 7124.500
88 30 4429.000
88 31 2009.500
88 32 1670.800
88 33 9439.000
88 34 5152.300
88 35 8949.900
88 36 5932.900
88 37 8611.200
88 38 6684.200
88 39 8119.900
88 40 9559.900
88 41 821.100
88 42 7830.700
88 43 8692.500
88 44 6247.400
88 45 6026.200
88 46 5684.400
88 47 1521.400
88 48 4378.600
88 49 7489.100
88 50 10418.200
88 51 6442.400
88 52 12112.200
88 53 8423.400
88 54 2589.900
88 55 10106.900
88 56 7998.600
88 57 8470.300
88 58 5729.900
88 59 7373.300
88 60 12211.400
88 61 9127.400
88 62 7526.800
88 63 8812.300
88 64 2516.600
88 65 7292.900
88 66 3722.400
88 67 7379.800
88 68 10235.100
88 69 4774.300
88 70 11837.600
88 71 7516.400
88 72 8959.500
88 73 4984.700
88 74 11282.000
88 75 9136.400
88 76 7784.700
88 77 6194.600
88 78 1600.100
88 79 10513.600
88 80 3678.200
88 81 4623.100
88 82 10858.200
88 83 5377.500
88 84 8339.900
88 85 8740.000
88 86 5959.000
88 87 4296.600
88 88 0.000
88 89 5063.500
88 90 5490.000
88 91 6781.500
88 92 8244.100
88 93 6982.700
88 94 4695.400
88 95 6034.200
88 96 6396.200
88 97 7121.500
88 98 10101.000
88 99 7806.200
88 100 11941.900
89 0 4870.100
89 1 9108.800
89 2 7244.600
89 3 8034.400
89 4 6919.500
89 5 3059.400
89 6 7280.100
89 7 3020.100
89 8 5768.200
89 9 5361.300
89 10 7648.300
89 11 4630.600
89 12 5112.000
89 13 3750.400
89 14 8463.500
89 15 5790.400
89 16 2704.600
89 17 6378.400
89 18 1863.800
89 19 2418.700
89 20 6496.500
89 21 3825.000
89 22 4544.600
89 23 7968.700
89 24 4400.600
89 25 7501.300
89 26 5782.200
89 27 3723.500
89 28 7227.900
89 29 5889.000
89 30 5631.500
89 31 4986.800
89 32 3974.600
89 33 8203.500
89 34 5182.100
89 35 9000.200
89 36 5983.100
89 37 3567.800
89 38 5448.700
89 39 6884.500
89 40 9602.700
89 41 5604.700
89 42 7860.500
89 43 8735.300
89 44 6214.700
89 45 1675.400
89 46 5734.700
89 47 3934.200
89 48 7343.900
89 49 2393.500
89 50 10468.400
89 51 1346.800
89 52 8158.400
89 53 7082.100
89 54 3971.700
89 55 10149.700
89 56 2902.900
89 57 3072.700
89 58 5804.600
89 59 8152.800
89 60 7115.700
89 61 4031.800
89 62 7577.000
89 63 8855.100
89 64 4077.200
89 65 6057.400
89 66 3661.200
89 67 7430.000
89 68 5139.400
89 69 3630.500
89 70 7883.800
89 71 3964.200
89 72 7724.000
89 73 5034.900
89 74 6186.400
89 75 9179.200
89 76 6549.300
89 77 4959.200
89 78 6317.100
89 79 6559.700
89 80 2640.100
89 81 5617.300
89 82 8625.000
89 83 5427.700
89 84 7699.600
89 85 7027.200
89 86 6009.300
89 87 4346.800
89 88 5331.200
89 89 0.000
89 90 5540.300
89 91 6831.800
89 92 3148.500
89 93 7057.400
89 94 622.900
89 95 6064.000
89 96 7578.400
89 97 7189.300
89 98 8727.800
89 99 6570.800
89 100 7988.000
90 0 7561.900
90 1 6327.100
90 2 13488.100
90 3 4971.200
90 4 9329.400
90 5 9316.600
90 6 7581.500
90 7 7347.900
90 8 8154.600
90 9 5669.400
90 10 13891.700
90 11 10887.800
90 12 12134.000
90 13 10007.600
90 14 5312.700
90 15 7073.700
90 16 7621.600
90 17 9070.200
90 18 6709.600
90 19 8675.900
90 20 10459.700
90 21 10082.200
90 22 7236.500
90 23 4818.000
90 24 4316.400
90 25 4489.400
90 26 10889.300
90 27 6284.300
90 28 4079.000
90 29 8580.800
90 30 3575.200
90 31 6540.700
90 32 6201.900
90 33 10613.400
90 34 4970.800
90 35 8113.600
90 36 5096.600
90 37 10067.600
90 38 7947.900
90 39 9576.300
90 40 6451.900
90 41 5535.800
90 42 8161.900
90 43 5584.600
90 44 4131.600
90 45 7932.600
90 46 2923.100
90 47 6495.000
90 48 1872.800
90 49 8527.900
90 50 7388.100
90 51 7481.100
90 52 14663.100
90 53 8754.600
90 54 6800.300
90 55 6489.700
90 56 9160.100
90 57 9926.600
90 58 4918.000
90 59 4274.600
90 60 14121.200
90 61 10289.000
90 62 6690.400
90 63 5045.400
90 64 7047.800
90 65 8467.300
90 66 4338.500
90 67 6543.500
90 68 11396.600
90 69 5390.400
90 70 13294.000
90 71 8972.800
90 72 10691.500
90 73 4148.400
90 74 13208.400
90 75 5523.700
90 76 8913.200
90 77 7243.100
90 78 4637.200
90 79 11970.000
90 80 5200.900
90 81 2446.000
90 82 12314.600
90 83 4541.200
90 84 8671.100
90 85 10196.400
90 86 5066.400
90 87 3403.900
90 88 5574.300
90 89 6681.400
90 90 0.000
90 91 5945.200
90 92 9405.700
90 93 4070.100
90 94 7292.800
90 95 6366.800
90 96 2170.500
90 97 4074.500
90 98 11557.300
90 99 9262.600
90 100 13398.200
91 0 4291.800
91 1 2641.200
91 2 11831.400
91 3 3962.400
91 4 4891.700
91 5 9724.400
91 6 3143.900
91 7 10138.900
91 8 3717.000
91 9 8972.500
91 10 12932.800
91 11 10272.400
91 12 10296.800
91 13 8935.200
91 14 3628.800
91 15 2636.100
91 16 5514.600
91 17 4691.900
91 18 6299.200
91 19 9083.800
91 20 7189.500
91 21 10490.000
91 22 3966.300
91 23 3796.000
91 24 3416.200
91 25 3485.500
91 26 7619.100
91 27 6692.100
91 28 4883.200
91 29 5310.600
91 30 3646.400
91 31 8953.000
91 32 8992.900
91 33 6175.800
91 34 2897.300
91 35 2532.500
91 36 1689.500
91 37 6797.400
91 38 4677.700
91 39 6306.100
91 40 3949.400
91 41 7212.200
91 42 3476.600
91 43 4367.800
91 44 1875.300
91 45 8340.500
91 46 3389.900
91 47 6902.800
91 48 6497.300
91 49 7987.000
91 50 4000.800
91 51 7398.900
91 52 10298.400
91 53 4317.000
91 54 9912.000
91 55 3952.900
91 56 10326.400
91 57 6656.500
91 58 1733.900
91 59 4142.200
91 60 12300.600
91 61 7493.300
91 62 745.200
91 63 4487.500
91 64 9314.600
91 65 4029.600
91 66 3792.900
91 67 962.400
91 68 8446.500
91 69 3971.000
91 70 10023.800
91 71 5702.600
91 72 5682.400
91 73 2218.800
91 74 9551.800
91 75 2671.400
91 76 4475.600
91 77 3238.800
91 78 7176.300
91 79 8699.800
91 80 5608.700
91 81 5950.100
91 82 9044.400
91 83 2503.700
91 84 4371.600
91 85 6926.200
91 86 5474.200
91 87 3811.800
91 88 8145.400
91 89 7089.200
91 90 4693.700
91 91 0.000
91 92 8376.600
91 93 2047.000
91 94 7700.600
91 95 1929.200
91 96 4763.200
91 97 2907.800
91 98 8287.100
91 99 5992.400
91 100 10128.000
92 0 4534.100
92 1 10324.400
92 2 4558.000
92 3 10459.000
92 4 5005.500
92 5 1649.100
92 6 8528.300
92 7 5796.300
92 8 5933.600
92 9 8137.400
92 10 4961.700
92 11 1939.100
92 12 1963.500
92 13 601.900
92 14 10888.100
92 15 5982.100
92 16 4606.000
92 17 4625.000
92 18 3765.100
92 19 1195.900
92 20 3348.000
92 21 2406.500
92 22 4591.000
92 23 10393.300
92 24 6825.100
92 25 9925.900
92 26 2633.700
92 27 6148.100
92 28 9652.500
92 29 3700.900
92 30 8056.100
92 31 7763.000
92 32 6750.700
92 33 6105.700
92 34 6724.600
92 35 10215.700
92 36 7181.500
92 37 1836.700
92 38 6117.300
92 39 4365.800
92 40 12027.300
92 41 8029.200
92 42 8457.100
92 43 11159.900
92 44 8639.300
92 45 2443.600
92 46 8159.300
92 47 6358.800
92 48 9768.500
92 49 2388.500
92 50 11684.000
92 51 2619.400
92 52 5009.800
92 53 7483.000
92 54 6747.800
92 55 12574.200
92 56 1467.200
92 57 3135.900
92 58 7781.500
92 59 10577.400
92 60 3967.200
92 61 883.300
92 62 8662.600
92 63 11279.600
92 64 6853.400
92 65 4239.500
92 66 6085.800
92 67 8645.600
92 68 1990.900
92 69 6055.100
92 70 4735.200
92 71 2726.400
92 72 8385.500
92 73 7459.500
92 74 3037.900
92 75 11603.800
92 76 7210.700
92 77 5428.200
92 78 8741.700
92 79 3411.200
92 80 5064.700
92 81 8041.900
92 82 5476.400
92 83 7852.300
92 84 8361.100
92 85 3878.600
92 86 8433.900
92 87 6771.400
92 88 8107.400
92 89 3132.800
92 90 7964.800
92 91 8047.300
92 92 0.000
92 93 9481.900
92 94 3744.100
92 95 6387.600
92 96 10003.000
92 97 9613.900
92 98 5579.300
92 99 4236.600
92 100 4839.500
93 0 5308.200
93 1 2640.100
93 2 13634.500
93 3 2441.000
93 4 7078.100
93 5 9463.000
93 6 5330.200
93 7 9877.500
93 8 5903.300
93 9 8670.000
93 10 14038.200
93 11 11288.900
93 12 11313.300
93 13 9951.700
93 14 2323.500
93 15 4822.400
93 16 6531.000
93 17 6816.500
93 18 7315.600
93 19 8822.400
93 20 8206.000
93 21 10228.600
93 22 4982.800
93 23 2513.400
93 24 3403.400
93 25 1251.200
93 26 8635.600
93 27 6430.700
93 28 2801.500
93 29 6327.100
93 30 2952.800
93 31 8691.600
93 32 8731.500
93 33 8362.100
93 34 3380.700
93 35 3933.900
93 36 2842.900
93 37 7813.800
93 38 5694.200
93 39 7322.600
93 40 3248.000
93 41 6894.500
93 42 6018.100
93 43 3280.000
93 44 841.900
93 45 8079.100
93 46 1904.900
93 47 6641.400
93 48 4873.500
93 49 9003.500
93 50 3701.100
93 51 7627.600
93 52 11314.900
93 53 6503.300
93 54 9801.000
93 55 3251.500
93 56 9306.600
93 57 7672.900
93 58 1931.300
93 59 1933.100
93 60 13317.000
93 61 8509.800
93 62 3252.400
93 63 3399.800
93 64 9053.300
93 65 6216.000
93 66 3681.600
93 67 2995.800
93 68 9463.000
93 69 4178.800
93 70 11040.300
93 71 6719.100
93 72 8223.900
93 73 2021.100
93 74 10568.200
93 75 2285.500
93 76 6661.900
93 77 4989.400
93 78 6858.700
93 79 9716.200
93 80 5347.300
93 81 5446.700
93 82 10060.900
93 83 2711.500
93 84 6913.100
93 85 7942.700
93 86 5212.800
93 87 3550.400
93 88 7827.800
93 89 6827.800
93 90 3937.000
93 91 2397.600
93 92 9552.200
93 93 0.000
93 94 7439.200
93 95 4115.500
93 96 2783.800
93 97 1386.400
93 98 9303.600
93 99 7008.900
93 100 11144.500
94 0 5301.700
94 1 9540.400
94 2 7676.200
94 3 8466.000
94 4 7351.100
94 5 2460.800
94 6 7711.700
94 7 2397.200
94 8 6199.700
94 9 4738.300
94 10 8079.800
94 11 5062.200
94 12 5543.600
94 13 4182.000
94 14 8895.100
94 15 6222.000
94 16 3136.200
94 17 6809.900
94 18 2295.400
94 19 2850.300
94 20 6928.100
94 21 3143.200
94 22 4976.200
94 23 8400.300
94 24 4832.100
94 25 7932.900
94 26 6213.800
94 27 4155.100
94 28 7659.500
94 29 6320.600
94 30 6063.100
94 31 4363.900
94 32 3351.600
94 33 8635.100
94 34 5613.700
94 35 9431.700
94 36 6414.700
94 37 3999.400
94 38 5880.300
94 39 7316.100
94 40 10034.200
94 41 5529.400
94 42 8292.000
94 43 9166.900
94 44 6646.300
94 45 1362.100
94 46 6166.300
94 47 4365.800
94 48 8028.700
94 49 2825.100
94 50 10900.000
94 51 1778.300
94 52 8590.000
94 53 7513.700
94 54 3348.700
94 55 10581.200
94 56 3334.500
94 57 3504.300
94 58 6236.100
94 59 8584.400
94 60 7547.300
94 61 4463.400
94 62 8008.600
94 63 9286.600
94 64 3454.300
94 65 6489.000
94 66 4092.800
94 67 7861.600
94 68 5571.000
94 69 4062.100
94 70 8315.300
94 71 4395.700
94 72 8155.600
94 73 5466.500
94 74 6618.000
94 75 9610.800
94 76 6980.800
94 77 5390.700
94 78 6395.000
94 79 6991.300
94 80 3071.700
94 81 6048.900
94 82 9056.500
94 83 5859.300
94 84 8131.200
94 85 7458.700
94 86 6440.900
94 87 4778.400
94 88 4708.300
94 89 1139.800
94 90 5971.800
94 91 7263.400
94 92 3580.100
94 93 7488.900
94 94 0.000
94 95 6495.500
94 96 8010.000
94 97 7620.800
94 98 9159.400
94 99 7002.400
94 100 8419.600
95 0 2593.200
95 1 4206.900
95 2 10132.800
95 3 5874.800
95 4 2982.900
95 5 7954.900
95 6 1594.600
95 7 8852.500
95 8 1808.100
95 9 7686.100
95 10 11234.200
95 11 8573.800
95 12 8598.300
95 13 7236.600
95 14 5194.600
95 15 727.200
95 16 3816.000
95 17 2783.000
95 18 4600.600
95 19 7501.700
95 20 5490.900
95 21 8712.300
95 22 2267.700
95 23 5361.800
95 24 3184.100
95 25 4685.000
95 26 5920.500
95 27 5405.700
95 28 6146.900
95 29 3264.300
95 30 4550.500
95 31 7666.500
95 32 7706.500
95 33 4266.900
95 34 1567.400
95 35 3992.300
95 36 1273.300
95 37 4751.000
95 38 2979.200
95 39 4607.600
95 40 5515.100
95 41 6022.200
95 42 2175.000
95 43 5933.500
95 44 3113.600
95 45 7172.000
95 46 4653.700
95 47 5616.300
95 48 6609.800
95 49 5940.600
95 50 5268.000
95 51 5700.300
95 52 8599.800
95 53 2767.700
95 54 8625.600
95 55 5518.700
95 56 8627.800
95 57 4610.100
95 58 2427.500
95 59 5707.900
95 60 10602.000
95 61 5446.900
95 62 2295.300
95 63 6053.300
95 64 8028.200
95 65 2120.800
95 66 2602.900
95 67 2891.000
95 68 6747.900
95 69 2781.000
95 70 8325.200
95 71 3656.200
95 72 3764.000
95 73 3123.000
95 74 7853.200
95 75 4237.200
95 76 2589.200
95 77 1329.900
95 78 5986.300
95 79 7001.200
95 80 4322.200
95 81 5502.900
95 82 7345.800
95 83 2236.600
95 84 2684.200
95 85 5227.600
95 86 5649.000
95 87 3986.600
95 88 6955.400
95 89 5920.800
95 90 4806.200
95 91 1928.600
95 92 6330.200
95 93 4241.100
95 94 6532.200
95 95 0.000
95 96 6031.200
95 97 4820.200
95 98 6588.600
95 99 4293.800
95 100 8429.500
96 0 7134.500
96 1 4863.700
96 2 13352.000
96 3 3422.000
96 4 9111.900
96 5 9180.500
96 6 7364.000
96 7 8188.900
96 8 7937.200
96 9 6510.300
96 10 13755.700
96 11 10751.700
96 12 11997.900
96 13 9871.500
96 14 3849.300
96 15 6856.200
96 16 7485.500
96 17 8642.800
96 18 6573.500
96 19 8539.900
96 20 10032.300
96 21 9946.100
96 22 6809.000
96 23 3354.600
96 24 4098.900
96 25 3026.000
96 26 10461.900
96 27 6148.200
96 28 2615.600
96 29 8153.400
96 30 2507.600
96 31 7381.600
96 32 7042.900
96 33 10395.900
96 34 4753.300
96 35 6157.500
96 36 4879.100
96 37 9640.100
96 38 7520.500
96 39 9148.900
96 40 4988.500
96 41 6376.800
96 42 7700.400
96 43 4121.100
96 44 2668.200
96 45 7796.600
96 46 1459.700
96 47 6358.900
96 48 2713.800
96 49 8391.800
96 50 5924.700
96 51 7345.100
96 52 14527.000
96 53 8537.100
96 54 7641.300
96 55 5026.300
96 56 9024.100
96 57 9499.200
96 58 3419.800
96 59 2811.200
96 60 13985.200
96 61 10152.900
96 62 4969.100
96 63 4240.900
96 64 7888.800
96 65 8249.800
96 66 4202.500
96 67 4822.100
96 68 11289.300
96 69 5227.600
96 70 12866.600
96 71 8545.400
96 72 9906.200
96 73 2650.200
96 74 13072.300
96 75 4060.300
96 76 8695.700
96 77 6815.700
96 78 5478.200
96 79 11542.500
96 80 5064.800
96 81 3287.000
96 82 11887.200
96 83 4323.700
96 84 8453.700
96 85 9769.000
96 86 4930.300
96 87 3267.900
96 88 6415.300
96 89 6545.300
96 90 1516.800
96 91 4223.900
96 92 9269.600
96 93 2606.700
96 94 7156.700
96 95 6149.300
96 96 0.000
96 97 2611.100
96 98 11129.900
96 99 8835.200
96 100 12970.800
97 0 6052.200
97 1 2630.400
97 2 13801.900
97 3 1150.600
97 4 7822.000
97 5 9630.400
97 6 5921.500
97 7 10044.900
97 8 6647.300
97 9 8674.800
97 10 14205.600
97 11 11201.700
97 12 12447.800
97 13 10695.600
97 14 1188.200
97 15 5566.300
97 16 7275.000
97 17 7560.400
97 18 7023.500
97 19 8989.800
97 20 8949.900
97 21 10396.000
97 22 5726.700
97 23 1409.000
97 24 3563.900
97 25 792.700
97 26 9379.500
97 27 6598.200
97 28 1511.100
97 29 7071.000
97 30 2957.600
97 31 8859.000
97 32 8899.000
97 33 9106.000
97 34 4111.100
97 35 3924.200
97 36 3586.800
97 37 8557.800
97 38 6438.100
97 39 8066.500
97 40 3042.900
97 41 6769.000
97 42 6008.400
97 43 2175.500
97 44 1585.900
97 45 8246.500
97 46 1909.600
97 47 6808.800
97 48 4878.300
97 49 8841.800
97 50 3691.400
97 51 7795.000
97 52 12058.800
97 53 7247.200
97 54 9805.700
97 55 2793.000
97 56 9474.000
97 57 8416.900
97 58 2399.900
97 59 865.600
97 60 14435.100
97 61 9253.700
97 62 3242.700
97 63 2295.300
97 64 9220.700
97 65 6959.900
97 66 3842.100
97 67 3706.000
97 68 10206.900
97 69 4692.600
97 70 11784.200
97 71 7463.000
97 72 8214.200
97 73 2181.700
97 74 11312.100
97 75 1827.000
97 76 7915.200
97 77 5733.300
97 78 6733.200
97 79 10460.200
97 80 5514.700
97 81 5451.400
97 82 10804.800
97 83 3441.900
97 84 6903.400
97 85 8686.600
97 86 5380.300
97 87 3717.800
97 88 7702.300
97 89 6995.300
97 90 3941.700
97 91 3141.500
97 92 9719.600
97 93 1399.300
97 94 7606.600
97 95 4859.400
97 96 2788.600
97 97 0.000
97 98 10047.500
97 99 7752.800
97 100 11888.400
98 0 5888.200
98 1 10182.800
98 2 3298.400
98 3 11087.300
98 4 3270.900
98 5 6971.600
98 6 6793.700
98 7 11118.800
98 8 5338.500
98 9 10682.600
98 10 4399.800
98 11 6331.500
98 12 4519.700
98 13 4994.300
98 14 11170.500
98 15 6117.900
98 16 6812.500
98 17 4466.700
98 18 7597.100
98 19 6518.300
98 20 2465.700
98 21 7729.000
98 22 5562.800
98 23 11337.700
98 24 8199.700
98 25 9897.500
98 26 3551.000
98 27 8402.200
98 28 11359.400
98 29 4874.600
98 30 9762.900
98 31 10663.000
98 32 10703.000
98 33 3472.900
98 34 6583.000
98 35 10074.200
98 36 7039.900
98 37 4238.800
98 38 5975.700
98 39 2841.000
98 40 11491.000
98 41 10283.300
98 42 6722.500
98 43 11909.400
98 44 8326.100
98 45 7766.100
98 46 9866.100
98 47 8612.900
98 48 11822.300
98 49 5178.900
98 50 11542.400
98 51 6225.700
98 52 1870.500
98 53 5748.400
98 54 11622.100
98 55 11494.500
98 56 6385.500
98 57 5538.000
98 58 7639.900
98 59 10747.700
98 60 7377.700
98 61 4625.200
98 62 8651.000
98 63 12029.200
98 64 11024.700
98 65 4081.200
98 66 7463.000
98 67 8504.000
98 68 4505.600
98 69 6361.800
98 70 1564.300
98 71 5128.500
98 72 6650.900
98 73 8335.400
98 74 3503.000
98 75 10213.100
98 76 5476.100
98 77 5286.700
98 78 10779.400
98 79 3445.200
98 80 7318.800
98 81 10296.000
98 82 757.300
98 83 7252.200
98 84 6626.500
98 85 3491.900
98 86 10689.000
98 87 9026.500
98 88 9962.300
98 89 8455.200
98 90 10018.600
98 91 7905.800
98 92 5346.800
98 93 9453.500
98 94 9066.600
98 95 6523.400
98 96 11243.700
98 97 10032.600
98 98 0.000
98 99 2523.400
98 100 1706.500
99 0 3364.800
99 1 7659.400
99 2 6628.400
99 3 8563.800
99 4 1270.100
99 5 5709.400
99 6 4762.100
99 7 9325.600
99 8 2510.700
99 9 8159.200
99 10 7729.800
99 11 5069.400
99 12 5093.800
99 13 3732.200
99 14 8647.000
99 15 3594.400
99 16 4289.100
99 17 1943.300
99 18 5073.700
99 19 5256.200
99 20 1986.500
99 21 6466.800
99 22 3039.300
99 23 8814.200
99 24 5676.300
99 25 7374.000
99 26 2416.100
99 27 5878.800
99 28 8835.900
99 29 2351.200
99 30 7239.500
99 31 8139.600
99 32 8179.600
99 33 2779.600
99 34 4059.600
99 35 7550.700
99 36 4516.500
99 37 2844.200
99 38 3452.300
99 39 1103.100
99 40 8967.600
99 41 7759.900
99 42 4690.900
99 43 9386.000
99 44 5802.600
99 45 6503.900
99 46 7342.600
99 47 6089.400
99 48 9298.800
99 49 3784.300
99 50 9019.000
99 51 4831.000
99 52 5095.400
99 53 3716.800
99 54 9098.700
99 55 8971.100
99 56 5123.400
99 57 4143.400
99 58 5116.500
99 59 8224.300
99 60 7097.500
99 61 3230.600
99 62 6127.600
99 63 9505.700
99 64 8501.300
99 65 1557.800
99 66 4939.600
99 67 5980.600
99 68 3243.500
99 69 3838.300
99 70 4820.800
99 71 2743.200
99 72 4619.400
99 73 5812.000
99 74 4348.700
99 75 7689.600
99 76 3444.600
99 77 2763.200
99 78 8255.900
99 79 3496.700
99 80 4795.300
99 81 7772.500
99 82 3841.400
99 83 4728.800
99 84 4594.900
99 85 1723.200
99 86 8165.500
99 87 6503.100
99 88 7438.900
99 89 6259.900
99 90 7495.200
99 91 5382.400
99 92 4084.700
99 93 6930.100
99 94 6871.300
99 95 4000.000
99 96 8720.200
99 97 7509.200
99 98 3084.100
99 99 0.000
99 100 4925.000
100 0 5647.800
100 1 9942.400
100 2 5884.400
100 3 10846.800
100 4 3030.500
100 5 6044.400
100 6 6553.200
100 7 10191.600
100 8 5098.000
100 9 10442.100
100 10 6985.800
100 11 5404.300
100 12 4420.800
100 13 4067.100
100 14 10930.000
100 15 5877.400
100 16 6572.000
100 17 4226.300
100 18 6293.900
100 19 5591.100
100 20 1538.500
100 21 6801.800
100 22 5322.300
100 23 11097.200
100 24 7959.200
100 25 9657.000
100 26 2623.800
100 27 8161.700
100 28 11118.900
100 29 4634.200
100 30 9522.500
100 31 10422.600
100 32 10462.500
100 33 3232.500
100 34 6342.600
100 35 9833.700
100 36 6799.500
100 37 3311.600
100 38 5735.200
100 39 2600.600
100 40 11250.500
100 41 10042.900
100 42 6482.000
100 43 11668.900
100 44 8085.600
100 45 6838.800
100 46 9625.600
100 47 8372.400
100 48 11581.800
100 49 4251.700
100 50 11301.900
100 51 5298.400
100 52 4351.400
100 53 5507.900
100 54 11143.100
100 55 11254.100
100 56 5458.300
100 57 4610.800
100 58 7399.400
100 59 10507.300
100 60 7432.500
100 61 3697.900
100 62 8410.500
100 63 11788.700
100 64 10784.200
100 65 3840.800
100 66 7222.500
100 67 8263.500
100 68 3578.400
100 69 6121.300
100 70 4076.800
100 71 4201.300
100 72 6410.500
100 73 8094.900
100 74 3604.800
100 75 9972.600
100 76 5235.700
100 77 5046.200
100 78 10538.900
100 79 2752.800
100 80 7078.300
100 81 10055.500
100 82 3396.200
100 83 7011.800
100 84 6386.000
100 85 3251.400
100 86 10448.500
100 87 8786.000
100 88 9721.900
100 89 7528.000
100 90 9778.200
100 91 7665.300
100 92 4419.600
100 93 9213.100
100 94 8139.400
100 95 6283.000
100 96 11003.200
100 97 9792.200
100 98 2638.900
100 99 2283.000
100 100 0.000
