# i j distance_m; Euclidean drone distance; depot 0 + customers 1..100
0 0 0.000
0 1 4125.758
0 2 1623.691
0 3 1336.766
0 4 382.846
0 5 1770.974
0 6 5531.036
0 7 2077.227
0 8 3193.146
0 9 4617.200
0 10 4537.934
0 11 5723.148
0 12 6453.712
0 13 6672.214
0 14 2419.855
0 15 837.222
0 16 2201.783
0 17 2637.778
0 18 2693.826
0 19 5077.388
0 20 3450.353
0 21 4949.049
0 22 3212.125
0 23 3202.281
0 24 1820.463
0 25 4427.917
0 26 2287.466
0 27 5164.805
0 28 2259.417
0 29 4304.010
0 30 3955.293
0 31 3172.390
0 32 2393.967
0 33 2691.178
0 34 6048.144
0 35 6073.889
0 36 5415.462
0 37 670.927
0 38 5569.087
0 39 3415.560
0 40 5511.519
0 41 5856.234
0 42 4897.254
0 43 1618.357
0 44 4062.804
0 45 2809.202
0 46 4853.943
0 47 5223.426
0 48 1306.682
0 49 2873.615
0 50 4519.406
0 51 4171.742
0 52 4454.785
0 53 2700.482
0 54 3338.581
0 55 5003.489
0 56 3307.106
0 57 3608.110
0 58 3668.907
0 59 4500.441
0 60 1596.362
0 61 5728.783
0 62 5564.935
0 63 4568.462
0 64 3479.006
0 65 3054.698
0 66 5550.232
0 67 2455.286
0 68 5203.327
0 69 3789.298
0 70 2898.248
0 71 1248.118
0 72 1396.590
0 73 3021.416
0 74 1698.539
0 75 2093.571
0 76 4593.950
0 77 3580.433
0 78 5092.864
0 79 3224.839
0 80 4946.861
0 81 5357.169
0 82 807.513
0 83 5676.211
0 84 4862.090
0 85 5195.931
0 86 4768.038
0 87 4129.132
0 88 2181.098
0 89 851.543
0 90 2138.064
0 91 3917.389
0 92 5680.327
0 93 3841.525
0 94 2798.877
0 95 4587.275
0 96 4654.936
0 97 4823.193
0 98 996.051
0 99 4539.803
0 100 1753.811
1 0 4125.758
1 1 0.000
1 2 5703.260
1 3 4065.945
1 4 3794.607
1 5 3241.003
1 6 1849.643
1 7 5197.232
1 8 4614.675
1 9 6108.526
1 10 937.105
1 11 5016.170
1 12 6203.936
1 13 10550.615
1 14 2110.837
1 15 4772.041
1 16 2751.549
1 17 5987.683
1 18 2559.536
1 19 6031.398
1 20 904.694
1 21 8960.075
1 22 6832.858
1 23 7065.522
1 24 2620.504
1 25 3991.435
1 26 4758.950
1 27 1348.482
1 28 6208.158
1 29 6451.881
1 30 1413.380
1 31 7139.380
1 32 6049.854
1 33 6417.400
1 34 3365.835
1 35 9706.836
1 36 9514.315
1 37 3908.739
1 38 4424.523
1 39 5955.836
1 40 9564.249
1 41 9807.973
1 42 4702.299
1 43 4624.139
1 44 6733.766
1 45 4823.544
1 46 7909.329
1 47 8604.838
1 48 4619.966
1 49 5359.293
1 50 2212.185
1 51 7753.696
1 52 8267.124
1 53 1523.664
1 54 7436.183
1 55 9125.334
1 56 1016.701
1 57 7478.159
1 58 7675.584
1 59 3051.387
1 60 5527.917
1 61 5697.427
1 62 9246.185
1 63 5553.875
1 64 5550.628
1 65 2120.667
1 66 2393.436
1 67 3198.864
1 68 3509.801
1 69 541.824
1 70 1667.476
1 71 5117.466
1 72 3074.908
1 73 6346.887
1 74 3148.161
1 75 5820.271
1 76 8015.602
1 77 7099.197
1 78 6758.194
1 79 2636.235
1 80 1644.144
1 81 6587.040
1 82 4889.384
1 83 9498.600
1 84 2836.740
1 85 9120.850
1 86 692.580
1 87 8250.499
1 88 3745.989
1 89 4592.319
1 90 6034.960
1 91 4725.634
1 92 6159.250
1 93 7929.566
1 94 6886.299
1 95 7476.159
1 96 8752.641
1 97 801.069
1 98 3418.708
1 99 856.202
1 100 5146.778
2 0 1623.691
2 1 5703.260
2 2 0.000
2 3 2025.404
2 4 1913.999
2 5 3259.335
2 6 7154.181
2 7 1742.210
2 8 3501.469
2 9 4491.409
2 10 6026.804
2 11 6346.838
2 12 6820.591
2 13 5075.729
2 14 3822.612
2 15 1394.543
2 16 3757.198
2 17 1763.187
2 18 3889.199
2 19 5129.465
2 20 4966.975
2 21 3327.079
2 22 2761.113
2 23 2412.843
2 24 3211.481
2 25 5776.097
2 26 3128.339
2 27 6782.868
2 28 754.019
2 29 3877.007
2 30 5576.389
2 31 1580.752
2 32 2162.253
2 33 1381.474
2 34 7622.374
2 35 4585.865
2 36 3811.383
2 37 2114.793
2 38 6360.727
2 39 2956.816
2 40 3889.079
2 41 4243.281
2 42 5463.525
2 43 1774.085
2 44 3352.793
2 45 2935.788
2 46 3771.455
2 47 3906.838
2 48 2121.489
2 49 2650.273
2 50 6112.192
2 51 2796.205
2 52 2916.142
2 53 4224.938
2 54 1732.939
2 55 3438.860
2 56 4923.149
2 57 2063.951
2 58 2052.077
2 59 6011.385
2 60 1351.599
2 61 6100.148
2 62 4065.386
2 63 4702.797
2 64 3311.403
2 65 4648.026
2 66 7164.465
2 67 3902.299
2 68 6699.606
2 69 5395.704
2 70 4330.322
2 71 746.995
2 72 2982.611
2 73 2944.848
2 74 2867.805
2 75 998.200
2 76 3295.165
2 77 2315.521
2 78 4791.234
2 79 4348.922
2 80 6569.818
2 81 5232.946
2 82 821.267
2 83 4108.666
2 84 6415.857
2 85 3594.230
2 86 6361.529
2 87 2567.265
2 88 2922.867
2 89 1192.180
2 90 1627.725
2 91 4290.882
2 92 5849.286
2 93 2228.478
2 94 1183.935
2 95 3644.748
2 96 3049.642
2 97 6364.009
2 98 2333.555
2 99 6156.450
2 100 2172.043
3 0 1336.766
3 1 4065.945
3 2 2025.404
3 3 0.000
3 4 1125.367
3 5 2784.858
3 6 5747.808
3 7 1163.542
3 8 1856.786
3 9 3311.019
3 10 4198.190
3 11 4485.319
3 12 5144.357
3 13 6494.253
3 14 1992.129
3 15 2078.524
3 16 3038.385
3 17 1937.922
3 18 1899.114
3 19 3743.263
3 20 3221.272
3 21 4980.373
3 22 4375.121
3 23 4227.635
3 24 1446.255
3 25 5436.429
3 26 3609.481
3 27 5307.168
3 28 2277.519
3 29 3102.462
3 30 4349.624
3 31 3170.549
3 32 3593.086
3 33 2366.657
3 34 6629.416
3 35 5650.891
3 36 5650.555
3 37 1924.005
3 38 4411.351
3 39 2287.902
3 40 5617.742
3 41 5779.642
3 42 3630.688
3 43 570.202
3 44 3022.816
3 45 1496.076
3 46 4025.111
3 47 4600.968
3 48 2642.995
3 49 1684.414
3 50 5079.607
3 51 3694.131
3 52 4209.462
3 53 2544.080
3 54 3637.183
3 55 5367.378
3 56 3511.470
3 57 3445.559
3 58 3721.892
3 59 5283.627
3 60 2715.417
3 61 4416.666
3 62 5182.924
3 63 3232.068
3 64 2217.616
3 65 3692.836
3 66 5957.610
3 67 3454.302
3 68 5990.787
3 69 3889.697
3 70 2496.240
3 71 1285.787
3 72 2271.762
3 73 4286.315
3 74 942.810
3 75 1792.791
3 76 3991.286
3 77 3042.094
3 78 3822.414
3 79 2329.801
3 80 5262.435
3 81 4041.738
3 82 1452.022
3 83 5436.762
3 84 5536.466
3 85 5087.028
3 86 4756.326
3 87 4517.347
3 88 935.934
3 89 881.011
3 90 3221.915
3 91 2592.372
3 92 4344.737
3 93 4083.980
3 94 3093.721
3 95 3665.607
3 96 4903.968
3 97 4613.587
3 98 832.237
3 99 4688.036
3 100 3066.992
4 0 382.846
4 1 3794.607
4 2 1913.999
4 3 1125.367
4 4 0.000
4 5 1728.390
4 6 5258.592
4 7 2049.629
4 8 2952.072
4 9 4436.363
4 10 4174.607
4 11 5394.381
4 12 6160.762
4 13 6903.892
4 14 2039.555
4 15 1211.927
4 16 2081.257
4 17 2693.666
4 18 2315.704
4 19 4853.404
4 20 3092.379
4 21 5217.317
4 22 3584.273
4 23 3584.861
4 24 1438.070
4 25 4406.088
4 26 2500.710
4 27 4875.218
4 28 2488.402
4 29 4195.661
4 30 3714.090
4 31 3416.925
4 32 2762.802
4 33 2850.120
4 34 5871.288
4 35 6244.040
4 36 5724.149
4 37 803.231
4 38 5218.749
4 39 3338.149
4 40 5797.296
4 41 6106.803
4 42 4582.354
4 43 1521.922
4 44 4026.594
4 45 2621.442
4 46 4898.978
4 47 5334.503
4 48 1591.757
4 49 2763.492
4 50 4328.473
4 51 4314.802
4 52 4658.857
4 53 2343.090
4 54 3644.963
4 55 5331.591
4 56 3015.192
4 57 3822.780
4 58 3931.419
4 59 4383.660
4 60 1978.162
4 61 5439.585
4 62 5743.058
4 63 4334.841
4 64 3332.813
4 65 2874.089
4 66 5322.786
4 67 2415.114
4 68 5091.671
4 69 3482.267
4 70 2522.061
4 71 1418.967
4 72 1270.007
4 73 3367.805
4 74 1334.110
4 75 2238.384
4 76 4706.353
4 77 3700.142
4 78 4942.913
4 79 2849.889
4 80 4693.601
4 81 5165.788
4 82 1095.609
4 83 5889.602
4 84 4709.182
4 85 5436.216
4 86 4448.399
4 87 4456.783
4 88 1883.703
4 89 931.483
4 90 2520.097
4 91 3647.504
4 92 5427.613
4 93 4142.436
4 94 3097.813
4 95 4598.829
4 96 4962.464
4 97 4475.269
4 98 624.346
4 99 4247.735
4 100 2078.947
5 0 1770.974
5 1 3241.003
5 2 3259.335
5 3 2784.858
5 4 1728.390
5 5 0.000
5 6 4186.090
5 7 3777.850
5 8 4463.857
5 9 6036.244
5 10 3955.651
5 11 6472.836
5 12 7412.346
5 13 8327.769
5 14 2500.010
5 15 1936.499
5 16 563.615
5 17 4397.662
5 18 3112.420
5 19 6358.877
5 20 2920.489
5 21 6539.030
5 22 3619.887
5 23 3927.457
5 24 2184.974
5 25 2677.899
5 26 1549.014
5 27 3922.963
5 28 3967.972
5 29 5887.296
5 30 2546.846
5 31 4839.995
5 32 2873.136
5 33 4450.999
5 34 4379.605
5 35 7813.886
5 36 6867.687
5 37 1151.723
5 38 6140.560
5 39 5053.806
5 40 7044.384
5 41 7478.750
5 42 5768.213
5 43 3242.792
5 44 5753.512
5 45 4244.002
5 46 6612.041
5 47 6993.356
5 48 1488.151
5 49 4464.308
5 50 2909.904
5 51 5933.619
5 52 6166.425
5 53 2312.389
5 54 4849.640
5 55 6375.051
5 56 2237.723
5 57 5313.740
5 58 5292.545
5 59 2754.377
5 60 2541.543
5 61 6722.513
5 62 7299.213
5 63 5825.964
5 64 4995.192
5 65 1491.164
5 66 4023.988
5 67 688.575
5 68 3449.011
5 69 2756.591
5 70 2756.262
5 71 3014.696
5 72 542.237
5 73 3107.166
5 74 2520.404
5 75 3861.092
5 76 6363.970
5 77 5350.049
5 78 6584.574
5 79 3634.348
5 80 3537.269
5 81 6737.866
5 82 2513.063
5 83 7367.800
5 84 3162.078
5 85 6845.389
5 86 3740.611
5 87 5526.600
5 88 3306.271
5 89 2607.861
5 90 2971.848
5 91 5053.469
5 92 6843.783
5 93 5356.300
5 94 4353.572
5 95 6324.143
5 96 6126.347
5 97 4036.001
5 98 2006.257
5 99 3346.641
5 100 1959.829
6 0 5531.036
6 1 1849.643
6 2 7154.181
6 3 5747.808
6 4 5258.592
6 5 4186.090
6 6 0.000
6 7 6905.707
6 8 6457.265
6 9 7958.045
6 10 2433.834
6 11 6699.900
6 12 7908.368
6 13 12149.201
6 14 3887.562
6 15 6022.432
6 16 3622.966
6 17 7685.726
6 18 4396.225
6 19 7867.346
6 20 2743.188
6 21 10474.176
6 22 7743.466
6 23 8104.566
6 24 4318.452
6 25 3640.091
6 26 5478.761
6 27 508.291
6 28 7743.723
6 29 8290.090
6 30 1639.278
6 31 8674.597
6 32 7041.502
6 33 8038.238
6 34 1847.983
6 35 11392.223
6 36 10932.598
6 37 5147.115
6 38 6061.564
6 39 7760.418
6 40 11042.539
6 41 11364.198
6 42 6481.499
6 43 6317.074
6 44 8540.555
6 45 6639.863
6 46 9689.744
6 47 10340.481
6 48 5673.776
6 49 7153.598
6 50 1633.360
6 51 9435.065
6 52 9882.104
6 53 3245.837
6 54 8863.336
6 55 10485.336
6 56 2256.269
6 57 9062.895
6 58 9189.305
6 59 2522.569
6 60 6706.073
6 61 7454.441
6 62 10913.989
6 63 7396.918
6 64 7380.877
6 65 2710.678
6 66 843.048
6 67 3837.787
6 68 2597.728
6 69 1863.688
6 70 3489.896
6 71 6659.672
6 72 4244.114
6 73 7154.692
6 74 4877.575
6 75 7427.420
6 76 9736.813
6 77 8786.490
6 78 8607.792
6 79 4484.308
6 80 673.772
6 81 8428.798
6 82 6334.346
6 83 11117.743
6 84 2017.801
6 85 10689.944
6 86 1253.625
6 87 9618.780
6 88 5543.703
6 89 6142.130
6 90 7156.168
6 91 6572.535
6 92 7959.219
6 93 9368.798
6 94 8328.580
6 95 9271.379
6 96 10175.226
6 97 1889.327
6 98 5012.851
6 99 1067.405
6 100 6133.355
7 0 2077.227
7 1 5197.232
7 2 1742.210
7 3 1163.542
7 4 2049.629
7 5 3777.850
7 6 6905.707
7 7 0.000
7 8 1816.846
7 9 2776.830
7 10 5252.367
7 11 4693.061
7 12 5090.905
7 13 5418.367
7 14 3095.434
7 15 2532.584
7 16 4107.425
7 17 791.883
7 18 2855.771
7 19 3390.661
7 20 4330.587
7 21 4030.966
7 22 4473.678
7 23 4154.993
7 24 2591.173
7 25 6455.682
7 26 4295.017
7 27 6459.420
7 28 1576.043
7 29 2280.901
7 30 5511.325
7 31 2304.020
7 32 3798.751
7 33 1379.854
7 34 7780.953
7 35 4509.786
7 36 4803.400
7 37 2746.911
7 38 4788.789
7 39 1361.697
7 40 4692.667
7 41 4755.875
7 42 3804.811
7 43 594.626
7 44 1986.677
7 45 1223.212
7 46 2881.697
7 47 3438.012
7 48 3248.995
7 49 923.578
7 50 6229.697
7 51 2559.786
7 52 3145.633
7 53 3683.817
7 54 2943.416
7 55 4618.078
7 56 4674.263
7 57 2455.395
7 58 2845.352
7 59 6390.478
7 60 2912.638
7 61 4375.606
7 62 4055.021
7 63 2960.892
7 64 1588.332
7 65 4822.274
7 66 7120.666
7 67 4464.725
7 68 7099.517
7 69 5044.656
7 70 3581.923
7 71 1143.241
7 72 3307.383
7 73 4565.747
7 74 2049.076
7 75 969.432
7 76 2831.106
7 77 1904.462
7 78 3142.687
7 79 3170.235
7 80 6425.724
7 81 3525.764
7 82 1675.719
7 83 4350.887
7 84 6670.146
7 85 4062.223
7 86 5889.589
7 87 3826.528
7 88 1626.525
7 89 1243.599
7 90 3310.066
7 91 2595.330
7 92 4107.079
7 93 3312.612
7 94 2459.958
7 95 2554.003
7 96 4092.920
7 97 5702.384
7 98 1966.950
7 99 5843.392
7 100 3534.644
8 0 3193.146
8 1 4614.675
8 2 3501.469
8 3 1856.786
8 4 2952.072
8 5 4463.857
8 6 6457.265
8 7 1816.846
8 8 0.000
8 9 1616.926
8 10 4351.007
8 11 2876.491
8 12 3342.295
8 13 6755.037
8 14 2652.905
8 15 3915.497
8 16 4583.562
8 17 2337.127
8 18 2062.894
8 19 1906.890
8 20 3714.363
8 21 5635.169
8 22 6127.107
8 23 5887.219
8 24 2480.151
8 25 6993.499
8 26 5452.390
8 27 5961.871
8 28 3389.678
8 29 1841.407
8 30 5378.082
8 31 4041.907
8 32 5381.487
8 33 3087.883
8 34 7708.839
8 35 5624.888
8 36 6489.868
8 37 3754.723
8 38 3008.363
8 39 1553.361
8 40 6307.944
8 41 6228.043
8 42 1988.317
8 43 1770.172
8 44 2257.919
8 45 603.496
8 46 3510.963
8 47 4373.206
8 48 4499.674
8 49 1166.251
8 50 6219.150
8 51 3846.339
8 52 4604.625
8 53 3310.519
8 54 4738.156
8 55 6369.514
8 56 4449.331
8 57 4076.937
8 58 4556.402
8 59 6634.117
8 60 4487.232
8 61 2615.155
8 62 5263.545
8 63 1383.225
8 64 990.261
8 65 5019.383
8 66 6875.761
8 67 5082.033
8 68 7315.476
8 69 4655.710
8 70 2974.833
8 71 2800.614
8 72 3923.170
8 73 6105.178
8 74 1983.244
8 75 2780.877
8 76 3889.786
8 77 3254.211
8 78 2231.516
8 79 2052.776
8 80 6124.028
8 81 2280.195
8 82 3186.599
8 83 5696.007
8 84 6766.207
8 85 5555.355
8 86 5275.403
8 87 5611.227
8 88 1163.894
8 89 2615.662
8 90 4955.481
8 91 789.612
8 92 2488.348
8 93 5073.110
8 94 4271.738
8 95 3026.469
8 96 5817.272
8 97 4890.139
8 98 2476.071
8 99 5409.263
8 100 4916.866
9 0 4617.200
9 1 6108.526
9 2 4491.409
9 3 3311.019
9 4 4436.363
9 5 6036.244
9 6 7958.045
9 7 2776.830
9 8 1616.926
9 9 0.000
9 10 5717.945
9 11 2871.232
9 12 2688.989
9 13 6404.385
9 14 4242.848
9 15 5238.890
9 16 6186.606
9 17 2868.165
9 18 3610.924
9 19 767.699
9 20 5226.001
9 21 5711.620
9 22 7244.653
9 23 6891.208
9 24 4097.075
9 25 8601.460
9 26 6904.638
9 27 7454.532
9 28 4126.562
9 29 939.384
9 30 6966.130
9 31 4485.389
9 32 6574.708
9 33 3602.828
9 34 9289.731
9 35 5109.390
9 36 6665.337
9 37 5233.440
9 38 3333.579
9 39 1608.402
9 40 6362.994
9 41 6076.556
9 42 2184.175
9 43 3029.621
9 44 1756.033
9 45 1814.981
9 46 2842.689
9 47 3820.469
9 48 5899.725
9 49 1853.252
9 50 7817.594
9 51 3724.224
9 52 4569.162
9 53 4892.696
9 54 5284.362
9 55 6699.260
9 56 6034.061
9 57 4319.382
9 58 4899.238
9 59 8250.072
9 60 5685.589
9 61 2105.928
9 62 4875.738
9 63 740.741
9 64 1188.792
9 65 6636.086
9 66 8427.774
9 67 6671.799
9 68 8929.443
9 69 6204.180
9 70 4518.975
9 71 3916.772
9 72 5500.128
9 73 7338.304
9 74 3593.298
9 75 3564.233
9 76 3532.923
9 77 3319.611
9 78 650.608
9 79 3476.092
9 80 7670.632
9 81 751.044
9 82 4418.241
9 83 5422.690
9 84 8373.317
9 85 5476.789
9 86 6740.843
9 87 6075.226
9 88 2769.284
9 89 3902.572
9 90 6085.371
9 91 1409.770
9 92 1538.856
9 93 5490.798
9 94 4932.748
9 95 2354.712
9 96 6105.359
9 97 6281.498
9 98 4031.189
9 99 6931.492
9 100 6253.958
10 0 4537.934
10 1 937.105
10 2 6026.804
10 3 4198.190
10 4 4174.607
10 5 3955.651
10 6 2433.834
10 7 5252.367
10 8 4351.007
10 9 5717.945
10 10 0.000
10 11 4266.713
10 12 5474.557
10 13 10668.362
10 14 2220.227
10 15 5267.501
10 16 3520.996
10 17 6039.725
10 18 2421.721
10 19 5534.045
10 20 1096.415
10 21 9175.388
10 22 7459.646
10 23 7627.774
10 24 2820.731
10 25 4927.102
10 26 5501.602
10 27 1938.836
10 28 6444.242
10 29 6182.931
10 30 2349.399
10 31 7358.676
10 32 6653.305
10 33 6559.708
10 34 4147.764
10 35 9728.328
10 36 9805.615
10 37 4444.989
10 38 3635.142
10 39 5809.924
10 40 9805.415
10 41 9975.097
10 42 4072.164
10 43 4719.364
10 44 6570.330
10 45 4667.362
10 46 7793.388
10 47 8562.910
10 48 5229.631
10 49 5250.726
10 50 3124.648
10 51 7800.369
10 52 8388.359
10 53 1841.137
10 54 7745.570
10 55 9464.978
10 56 1849.348
10 57 7642.532
10 58 7906.972
10 59 3984.009
10 60 6045.233
10 61 5029.614
10 62 9294.465
10 63 5096.496
10 64 5330.284
10 65 3002.147
10 66 3131.931
10 67 4016.277
10 68 4418.545
10 69 1455.902
10 70 1709.087
10 71 5374.334
10 72 3695.504
10 73 7024.591
10 74 3255.683
10 75 5990.623
10 76 8002.418
10 77 7146.865
10 78 6366.308
10 79 2298.235
10 80 2431.458
10 81 6113.651
10 82 5240.990
10 83 9602.492
10 84 3743.373
10 85 9281.566
10 86 1197.136
10 87 8594.069
10 88 3678.565
10 89 4858.884
10 90 6572.673
10 91 4308.880
10 92 5561.188
10 93 8222.065
10 94 7192.363
10 95 7332.437
10 96 9048.444
10 97 573.677
10 98 3693.375
10 99 1661.749
10 100 5773.240
11 0 5723.148
11 1 5016.170
11 2 6346.838
11 3 4485.319
11 4 5394.381
11 5 6472.836
11 6 6699.900
11 7 4693.061
11 8 2876.491
11 9 2871.232
11 10 4266.713
11 11 0.000
11 12 1213.247
11 13 9241.606
11 14 4021.421
11 15 6533.578
11 16 6366.543
11 17 5167.221
11 18 3364.272
11 19 2208.499
11 20 4356.207
11 21 8371.605
11 22 8860.405
11 23 8689.176
11 24 4296.093
11 25 8546.464
11 26 7785.344
11 27 6205.156
11 28 6265.910
11 29 3775.189
11 30 6280.174
11 31 6885.198
11 32 8073.106
11 33 5933.116
11 34 8376.931
11 35 7970.598
11 36 9275.198
11 37 6134.807
11 38 692.218
11 39 4116.003
11 40 9040.619
11 41 8848.099
11 42 888.254
11 43 4578.083
11 44 4545.599
11 45 3476.036
11 46 5706.254
11 47 6678.598
11 48 6981.097
11 49 3965.785
11 50 7154.055
11 51 6451.092
11 52 7272.357
11 53 4461.231
11 54 7605.604
11 55 9204.051
11 56 5429.477
11 57 6860.600
11 58 7379.746
11 59 7855.891
11 60 7200.561
11 61 982.390
11 62 7711.447
11 63 2165.539
11 64 3485.580
11 65 6414.677
11 66 7380.311
11 67 6934.683
11 68 8428.141
11 69 5348.530
11 70 3958.271
11 71 5621.103
11 72 5959.554
11 73 8741.638
11 74 4096.557
11 75 5656.987
11 76 6342.598
11 77 5942.817
11 78 3317.832
11 79 2868.354
11 80 6650.242
11 81 2740.205
11 82 5926.316
11 83 8231.634
11 84 7776.397
11 85 8211.921
11 86 5459.940
11 87 8470.930
11 88 3560.789
11 89 5345.952
11 90 7704.800
11 91 2113.771
11 92 1725.253
11 93 7920.391
11 94 7147.212
11 95 5211.341
11 96 8636.250
11 97 4816.273
11 98 4791.784
11 99 5859.724
11 100 7471.423
12 0 6453.712
12 1 6203.936
12 2 6820.591
12 3 5144.357
12 4 6160.762
12 5 7412.346
12 6 7908.368
12 7 5090.905
12 8 3342.295
12 9 2688.989
12 10 5474.557
12 11 1213.247
12 12 0.000
12 13 9034.411
12 14 5043.242
12 15 7222.855
12 16 7365.149
12 17 5407.445
12 18 4357.221
12 19 1921.550
12 20 5507.903
12 21 8399.386
12 22 9468.969
12 23 9221.771
12 24 5229.873
12 25 9621.412
12 26 8627.431
12 27 7411.747
12 28 6609.846
12 29 3623.518
12 30 7434.508
12 31 7097.075
12 32 8716.850
12 33 6172.766
12 34 9568.997
12 35 7702.347
12 36 9348.595
12 37 6939.576
12 38 1888.199
12 39 4212.023
12 40 9051.913
12 41 8753.253
12 42 1650.611
12 43 5112.421
12 44 4443.837
12 45 3885.369
12 46 5455.930
12 47 6434.446
12 48 7749.174
12 49 4241.340
12 50 8313.288
12 51 6413.095
12 52 7258.146
12 53 5542.190
12 54 7870.663
12 55 9359.815
12 56 6561.262
12 57 6979.629
12 58 7544.128
12 59 8982.972
12 60 7824.949
12 61 728.731
12 62 7516.235
12 63 2176.586
12 64 3642.687
12 65 7496.645
12 66 8578.999
12 67 7924.101
12 68 9574.916
12 69 6514.073
12 70 5047.782
12 71 6137.772
12 72 6882.183
12 73 9428.093
12 74 4938.438
12 75 6010.159
12 76 6203.324
12 77 5995.173
12 78 2914.168
12 79 3912.177
12 80 7843.579
12 81 2251.189
12 82 6525.669
12 83 8083.458
12 84 8931.636
12 85 8163.127
12 86 6665.186
12 87 8697.232
12 88 4277.820
12 89 5950.660
12 90 8297.651
12 91 2562.752
12 92 1165.383
12 93 8121.755
12 94 7466.265
12 95 4992.868
12 96 8770.968
12 97 6027.100
12 98 5594.378
12 99 7052.583
12 100 8204.267
13 0 6672.214
13 1 10550.615
13 2 5075.729
13 3 6494.253
13 4 6903.892
13 5 8327.769
13 6 12149.201
13 7 5418.367
13 8 6755.037
13 9 6404.385
13 10 10668.362
13 11 9241.606
13 12 9034.411
13 13 0.000
13 14 8484.411
13 15 6410.524
13 16 8832.814
13 17 4637.860
13 18 8272.011
13 19 7146.876
13 20 9715.520
13 21 1859.870
13 22 6250.346
13 23 5574.445
13 24 7932.761
13 25 10732.894
13 26 7887.849
13 27 11742.431
13 28 4417.495
13 29 5474.519
13 30 10616.893
13 31 3501.028
13 32 6303.879
13 33 4133.232
13 34 12697.969
13 35 1375.124
13 36 2143.771
13 37 7189.509
13 38 9602.567
13 39 5230.681
13 40 1645.307
13 41 902.639
13 42 8452.090
13 43 5953.206
13 44 4697.553
13 45 6232.028
13 46 3578.709
13 47 2600.269
13 48 7045.006
13 49 5615.056
13 50 11185.381
13 51 2919.302
13 52 2284.814
13 53 9027.163
13 54 3562.245
13 55 2759.609
13 56 9893.961
13 57 3086.319
13 58 3036.780
13 59 11070.066
13 60 6001.926
13 61 8506.880
13 62 1530.385
13 63 7078.079
13 64 5861.203
13 65 9720.226
13 66 12220.387
13 67 8951.589
13 68 11747.744
13 69 10327.013
13 70 8983.311
13 71 5491.324
13 72 8054.499
13 73 6868.758
13 74 7431.611
13 75 4733.512
13 76 2905.821
13 77 3551.959
13 78 6124.098
13 79 8549.897
13 80 11596.910
13 81 6791.100
13 82 5867.630
13 83 1070.618
13 84 11488.746
13 85 1482.396
13 86 11236.827
13 87 3212.969
13 88 7026.719
13 89 6007.088
13 90 5832.464
13 91 7300.837
13 92 7870.978
13 93 3092.825
13 94 3995.136
13 95 4051.957
13 96 2551.843
13 97 11104.793
13 98 7150.828
13 99 11115.026
13 100 6871.860
14 0 2419.855
14 1 2110.837
14 2 3822.612
14 3 1992.129
14 4 2039.555
14 5 2500.010
14 6 3887.562
14 7 3095.434
14 8 2652.905
14 9 4242.848
14 10 2220.227
14 11 4021.421
14 12 5043.242
14 13 8484.411
14 14 0.000
14 15 3218.043
14 16 2345.660
14 17 3887.238
14 18 696.783
14 19 4334.983
14 20 1235.353
14 21 6958.682
14 22 5544.547
14 23 5607.586
14 24 613.639
14 25 4590.775
14 26 3945.975
14 27 3414.226
14 28 4224.060
14 29 4444.500
14 30 2725.863
14 31 5140.104
14 32 4718.852
14 33 4358.776
14 34 5055.935
14 35 7604.005
14 36 7586.763
14 37 2503.757
14 38 3647.815
14 39 3873.432
14 40 7586.023
14 41 7770.633
14 42 3396.012
14 43 2534.092
14 44 4653.728
14 45 2761.276
14 46 5807.850
14 47 6494.015
14 48 3368.200
14 49 3266.194
14 50 3575.152
14 51 5655.091
14 52 6199.974
14 53 660.618
14 54 5531.568
14 55 7255.602
14 56 1796.431
14 57 5436.061
14 58 5687.598
14 59 4062.699
14 60 3999.199
14 61 4395.841
14 62 7149.935
14 63 3812.381
14 64 3519.436
14 65 2490.202
14 66 4237.951
14 67 2915.163
14 68 4718.812
14 69 2037.462
14 70 511.336
14 71 3156.011
14 72 2031.340
14 73 5222.935
14 74 1053.009
14 75 3779.162
14 76 5906.039
14 77 4999.822
14 78 4875.772
14 79 1153.761
14 80 3494.628
14 81 4827.547
14 82 3057.232
14 83 7424.345
14 84 4139.231
14 85 7078.502
14 86 2802.905
14 87 6387.539
14 88 1656.936
14 89 2644.058
14 90 4540.222
14 91 2969.603
14 92 4657.231
14 93 6004.417
14 94 4978.725
14 95 5384.331
14 96 6830.548
14 97 2621.477
14 98 1495.768
14 99 2821.512
14 100 3915.083
15 0 837.222
15 1 4772.041
15 2 1394.543
15 3 2078.524
15 4 1211.927
15 5 1936.499
15 6 6022.432
15 7 2532.584
15 8 3915.497
15 9 5238.890
15 10 5267.501
15 11 6533.578
15 12 7222.855
15 13 6410.524
15 14 3218.043
15 15 0.000
15 16 2473.350
15 17 2902.435
15 18 3527.630
15 19 5759.086
15 20 4171.577
15 21 4606.638
15 22 2374.904
15 23 2389.771
15 24 2633.226
15 25 4382.632
15 26 1806.032
15 27 5700.320
15 28 2143.714
15 29 4813.443
15 30 4398.662
15 31 2950.557
15 32 1557.928
15 33 2725.030
15 34 6314.877
15 35 5978.210
15 36 4940.738
15 37 878.953
15 38 6397.934
15 39 3892.173
15 40 5108.040
15 41 5551.649
15 42 5695.021
15 43 2212.513
15 44 4449.669
15 45 3469.706
15 46 5063.555
15 47 5281.576
15 48 756.254
15 49 3420.080
15 50 4840.968
15 51 4179.185
15 52 4301.832
15 53 3428.120
15 54 2913.151
15 55 4467.530
15 56 3875.153
15 57 3452.245
15 58 3374.144
15 59 4660.373
15 60 783.216
15 61 6495.050
15 62 5456.809
15 63 5267.400
15 64 4064.888
15 65 3396.326
15 66 5937.428
15 67 2541.204
15 68 5337.657
15 69 4382.498
15 70 3677.699
15 71 1446.152
15 72 1778.534
15 73 2211.193
15 74 2535.577
15 75 2211.294
15 76 4662.026
15 77 3661.943
15 78 5660.673
15 79 4060.939
15 80 5400.543
15 81 5988.266
15 82 868.995
15 83 5475.576
15 84 5093.416
15 85 4929.791
15 86 5379.836
15 87 3607.679
15 88 2976.044
15 89 1336.504
15 90 1322.509
15 91 4668.056
15 92 6399.107
15 93 3419.836
15 94 2422.506
15 95 4870.711
15 96 4194.480
15 97 5507.329
15 98 1832.488
15 99 5088.102
15 100 1015.236
16 0 2201.783
16 1 2751.549
16 2 3757.198
16 3 3038.385
16 4 2081.257
16 5 563.615
16 6 3622.966
16 7 4107.425
16 8 4583.562
16 9 6186.606
16 10 3520.996
16 11 6366.543
16 12 7365.149
16 13 8832.814
16 14 2345.660
16 15 2473.350
16 16 0.000
16 17 4774.755
16 18 3012.293
16 19 6446.701
16 20 2537.244
16 21 7060.402
16 22 4162.699
16 23 4486.719
16 24 2166.695
16 25 2418.345
16 26 2008.135
16 27 3366.360
16 28 4444.945
16 29 6119.316
16 30 1983.870
16 31 5335.782
16 32 3428.866
16 33 4892.004
16 34 3865.179
16 35 8275.018
16 36 7412.850
16 37 1644.115
16 38 5982.266
16 39 5326.286
16 40 7578.028
16 41 7993.205
16 42 5714.543
16 43 3543.644
16 44 6053.577
16 45 4433.969
16 46 6975.873
16 47 7409.034
16 48 2051.747
16 49 4719.670
16 50 2368.666
16 51 6370.638
16 52 6645.572
16 53 2020.698
16 54 5381.931
16 55 6927.676
16 56 1736.222
16 57 5794.944
16 58 5802.948
16 59 2304.768
16 60 3101.477
16 61 6696.266
16 62 7764.771
16 63 5911.930
16 64 5205.155
16 65 930.303
16 66 3469.062
16 67 572.013
16 68 3011.612
16 69 2246.249
16 70 2504.675
16 71 3447.680
16 72 813.407
16 73 3626.344
16 74 2601.710
16 75 4290.048
16 76 6779.953
16 77 5769.536
16 78 6762.521
16 79 3499.419
16 80 2973.678
16 81 6863.011
16 82 2982.234
16 83 7857.847
16 84 2664.059
16 85 7350.971
16 86 3213.897
16 87 6075.263
16 88 3420.478
16 89 3001.944
16 90 3535.453
16 91 5108.299
16 92 6878.825
16 93 5889.581
16 94 4876.277
16 95 6661.238
16 96 6667.809
16 97 3552.019
16 98 2215.885
16 99 2798.614
16 100 2516.669
17 0 2637.778
17 1 5987.683
17 2 1763.187
17 3 1937.922
17 4 2693.666
17 5 4397.662
17 6 7685.726
17 7 791.883
17 8 2337.127
17 9 2868.165
17 10 6039.725
17 11 5167.221
17 12 5407.445
17 13 4637.860
17 14 3887.238
17 15 2902.435
17 16 4774.755
17 17 0.000
17 18 3634.702
17 19 3576.787
17 20 5122.438
17 21 3324.691
17 22 4498.328
17 23 4075.726
17 24 3377.162
17 25 7065.168
17 26 4708.003
17 27 7243.742
17 28 1265.409
17 29 2147.623
17 30 6267.352
17 31 1718.145
17 32 3925.350
17 33 769.880
17 34 8514.370
17 35 3719.216
17 36 4154.902
17 37 3301.030
17 38 5344.592
17 39 1264.852
17 40 3994.812
17 41 4000.234
17 42 4288.212
17 43 1369.289
17 44 1591.329
17 45 1741.864
17 46 2216.206
17 47 2674.511
17 48 3654.934
17 49 1201.522
17 50 6963.072
17 51 1767.906
17 52 2377.708
17 53 4472.116
17 54 2465.056
17 55 4039.603
17 56 5446.427
17 57 1750.893
17 58 2220.518
17 59 7075.120
17 60 3093.138
17 61 4720.376
17 62 3263.173
17 63 3231.505
17 64 1765.724
17 65 5535.293
17 66 7880.813
17 67 5085.646
17 68 7783.712
17 69 5827.106
17 70 4373.487
17 71 1463.887
17 72 3963.507
17 73 4707.884
17 74 2839.832
17 75 765.454
17 76 2057.397
17 77 1112.593
17 78 3078.486
17 79 3922.696
17 80 7194.963
17 81 3579.971
17 82 2042.823
17 83 3568.466
17 84 7381.837
17 85 3309.664
17 86 6679.871
17 87 3310.641
17 88 2389.944
17 89 1790.375
17 90 3388.349
17 91 3055.948
17 92 4337.561
17 93 2753.466
17 94 2070.571
17 95 1972.587
17 96 3481.251
17 97 6493.409
17 98 2710.146
17 99 6625.619
17 100 3842.134
18 0 2693.826
18 1 2559.536
18 2 3889.199
18 3 1899.114
18 4 2315.704
18 5 3112.420
18 6 4396.225
18 7 2855.771
18 8 2062.894
18 9 3610.924
18 10 2421.721
18 11 3364.272
18 12 4357.221
18 13 8272.011
18 14 696.783
18 15 3527.630
18 16 3012.293
18 17 3634.702
18 18 0.000
18 19 3658.327
18 20 1655.763
18 21 6847.017
18 22 5897.898
18 23 5887.851
18 24 968.154
18 25 5286.432
18 26 4486.356
18 27 3903.456
18 28 4174.529
18 29 3894.155
18 30 3365.798
18 31 5053.558
18 32 5074.226
18 33 4200.406
18 34 5680.936
18 35 7307.952
18 36 7545.009
18 37 2926.894
18 38 3039.658
18 39 3417.608
18 40 7494.716
18 41 7606.874
18 42 2707.542
18 43 2359.543
18 44 4190.159
18 45 2276.605
18 46 5391.652
18 47 6142.958
18 48 3800.799
18 49 2840.011
18 50 4230.475
18 51 5386.688
18 52 6001.342
18 53 1298.173
18 54 5535.593
18 55 7266.145
18 56 2433.462
18 57 5287.435
18 58 5605.909
18 59 4751.145
18 60 4288.174
18 61 3702.587
18 62 6878.582
18 63 3141.755
18 64 2991.429
18 65 3186.389
18 66 4821.126
18 67 3576.461
18 68 5399.720
18 69 2597.835
18 70 912.920
18 71 3169.000
18 72 2609.770
18 73 5642.257
18 74 1032.839
18 75 3663.938
18 76 5580.706
18 77 4735.234
18 78 4253.026
18 79 547.595
18 80 4066.394
18 81 4165.720
18 82 3197.693
18 83 7203.065
18 84 4807.970
18 85 6912.631
18 86 3231.688
18 87 6413.704
18 88 1257.402
18 89 2699.568
18 90 4828.543
18 91 2296.297
18 92 3962.121
18 93 5982.542
18 94 4990.390
18 95 4942.709
18 96 6801.213
18 97 2914.297
18 98 1699.356
18 99 3346.370
18 100 4333.031
19 0 5077.388
19 1 6031.398
19 2 5129.465
19 3 3743.263
19 4 4853.404
19 5 6358.877
19 6 7867.346
19 7 3390.661
19 8 1906.890
19 9 767.699
19 10 5534.045
19 11 2208.499
19 12 1921.550
19 13 7146.876
19 14 4334.983
19 15 5759.086
19 16 6446.701
19 17 3576.787
19 18 3658.327
19 19 0.000
19 20 5184.098
19 21 6479.247
19 22 7859.917
19 23 7540.997
19 24 4296.985
19 25 8837.276
19 26 7350.891
19 27 7359.414
19 28 4819.892
19 29 1702.937
19 30 7015.199
19 31 5227.205
19 32 7159.308
19 33 4327.046
19 34 9308.140
19 35 5835.868
19 36 7431.982
19 37 5656.628
19 38 2747.323
19 39 2336.603
19 40 7130.631
19 41 6837.878
19 42 1660.542
19 43 3553.393
19 44 2522.452
19 45 2289.643
19 46 3572.818
19 47 4553.408
19 48 6379.766
19 49 2481.286
19 50 7885.851
19 51 4491.549
19 52 5336.736
19 53 4956.182
19 54 6018.358
19 55 7459.197
19 56 6085.603
19 57 5078.294
19 58 5653.220
19 59 8394.692
19 60 6263.939
19 61 1363.524
19 62 5621.317
19 63 534.785
19 64 1830.437
19 65 6801.220
19 66 8400.607
19 67 6962.045
19 68 9053.722
19 69 6192.812
19 70 4532.405
19 71 4509.194
19 72 5816.926
19 73 7909.049
19 74 3851.160
19 75 4240.048
19 76 4290.637
19 77 4083.369
19 78 1109.334
19 79 3412.195
19 80 7641.174
19 81 596.978
19 82 4973.998
19 83 6177.066
19 84 8466.296
19 85 6242.532
19 86 6625.463
19 87 6822.313
19 88 3052.848
19 89 4429.377
19 90 6691.417
19 91 1365.626
19 92 774.942
19 93 6240.457
19 94 5647.321
19 95 3095.255
19 96 6866.729
19 97 6106.634
19 98 4381.526
19 99 6876.483
19 100 6771.353
20 0 3450.353
20 1 904.694
20 2 4966.975
20 3 3221.272
20 4 3092.379
20 5 2920.489
20 6 2743.188
20 7 4330.587
20 8 3714.363
20 9 5226.001
20 10 1096.415
20 11 4356.207
20 12 5507.903
20 13 9715.520
20 14 1235.353
20 15 4171.577
20 16 2537.244
20 17 5122.438
20 18 1655.763
20 19 5184.098
20 20 0.000
20 21 8167.013
20 22 6372.348
20 23 6532.032
20 24 1792.716
20 25 4292.710
20 26 4468.980
20 27 2248.026
20 28 5420.959
20 29 5549.443
20 30 1926.735
20 31 6345.464
20 32 5562.641
20 33 5586.010
20 34 4136.401
20 35 8838.381
20 36 8763.914
20 37 3349.592
20 38 3824.020
20 39 5053.147
20 40 8785.389
20 41 8992.900
20 42 3941.836
20 43 3768.458
20 44 5830.465
20 45 3919.412
20 46 7011.132
20 47 7719.614
20 48 4142.751
20 49 4459.243
20 50 2805.683
20 51 6890.327
20 52 7430.733
20 53 749.892
20 54 6694.258
20 55 8405.131
20 56 1096.092
20 57 6658.574
20 58 6888.948
20 59 3509.855
20 60 4948.888
20 61 4952.533
20 62 8385.259
20 63 4693.855
20 64 4646.255
20 65 2204.689
20 66 3217.057
20 67 3071.986
20 68 4072.087
20 69 1021.059
20 70 766.062
20 71 4338.421
20 72 2619.464
20 73 5952.617
20 74 2286.965
20 75 4999.453
20 76 7136.198
20 77 6235.031
20 78 5874.173
20 79 1772.329
20 80 2457.524
20 81 5727.832
20 82 4170.015
20 83 8657.115
20 84 3423.973
20 85 8302.130
20 86 1586.187
20 87 7531.982
20 88 2847.045
20 89 3816.771
20 90 5476.319
20 91 3857.206
20 92 5361.961
20 93 7177.956
20 94 6141.339
20 95 6574.731
20 96 8004.121
20 97 1403.330
20 98 2641.184
20 99 1705.503
20 100 4688.789
21 0 4949.049
21 1 8960.075
21 2 3327.079
21 3 4980.373
21 4 5217.317
21 5 6539.030
21 6 10474.176
21 7 4030.966
21 8 5635.169
21 9 5711.620
21 10 9175.388
21 11 8371.605
21 12 8399.386
21 13 1859.870
21 14 6958.682
21 15 4606.638
21 16 7060.402
21 17 3324.691
21 18 6847.017
21 19 6479.247
21 20 8167.013
21 21 0.000
21 22 4427.956
21 23 3754.125
21 24 6374.778
21 25 8889.293
21 26 6032.579
21 27 10091.433
21 28 2751.928
21 29 4785.646
21 30 8903.392
21 31 1821.930
21 32 4445.851
21 33 2654.557
21 34 10918.449
21 35 2062.648
21 36 986.332
21 37 5418.273
21 38 8620.656
21 39 4256.888
21 40 672.871
21 41 963.177
21 42 7518.299
21 43 4487.478
21 44 3964.477
21 45 5054.059
21 46 3225.785
21 47 2480.222
21 48 5212.130
21 49 4470.589
21 50 9425.881
21 51 2000.130
21 52 1155.660
21 53 7448.447
21 54 1714.689
21 55 1295.562
21 56 8231.955
21 57 1578.109
21 58 1286.920
21 59 9263.041
21 60 4155.487
21 61 7780.193
21 62 1663.140
21 63 6279.190
21 64 4886.212
21 65 7965.339
21 66 10489.832
21 67 7143.719
21 68 9931.764
21 69 8690.061
21 70 7468.134
21 71 3843.132
21 72 6303.271
21 73 5027.110
21 74 5920.947
21 75 3188.753
21 76 2343.803
21 77 2429.659
21 78 5615.168
21 79 7196.978
21 80 9895.899
21 81 6261.499
21 82 4142.387
21 83 1222.534
21 84 9699.565
21 85 559.392
21 86 9634.323
21 87 1410.071
21 88 5652.232
21 89 4368.290
21 90 3972.821
21 91 6299.535
21 92 7248.587
21 93 1233.999
21 94 2185.468
21 95 3556.152
21 96 819.304
21 97 9569.575
21 98 5541.807
21 99 9463.519
21 100 5018.477
22 0 3212.125
22 1 6832.858
22 2 2761.113
22 3 4375.121
22 4 3584.273
22 5 3619.887
22 6 7743.466
22 7 4473.678
22 8 6127.107
22 9 7244.653
22 10 7459.646
22 11 8860.405
22 12 9468.969
22 13 6250.346
22 14 5544.547
22 15 2374.904
22 16 4162.699
22 17 4498.328
22 18 5897.898
22 19 7859.917
22 20 6372.348
22 21 4427.956
22 22 0.000
22 23 675.901
22 24 4982.547
22 25 5066.089
22 26 2298.991
22 27 7522.632
22 28 3286.013
22 29 6633.639
22 30 6119.803
22 31 3536.569
22 32 826.205
22 33 3949.446
22 34 7537.134
22 35 6336.364
22 36 4258.083
22 37 3051.231
22 38 8758.179
22 39 5716.987
22 40 4648.380
22 41 5351.633
22 42 8002.881
22 43 4357.980
22 44 6066.546
22 45 5607.904
22 46 6261.590
22 47 6107.599
22 48 2230.045
22 49 5394.669
22 50 6289.937
22 51 5030.637
22 52 4730.019
22 53 5658.348
22 54 2931.570
22 55 3636.001
22 56 5847.660
22 57 4056.533
22 58 3626.770
22 59 5784.788
22 60 1659.978
22 61 8741.055
22 62 5837.222
22 63 7409.380
22 64 6059.132
22 65 5038.760
22 66 7446.726
22 67 3909.243
22 68 6331.633
22 69 6368.670
22 70 5973.522
22 71 3353.268
22 72 3770.890
22 73 697.070
22 74 4910.338
22 75 3738.241
22 76 5584.908
22 77 4769.139
22 78 7551.630
22 79 6434.117
22 80 7076.176
22 81 7989.456
22 82 2946.603
22 83 5595.674
22 84 6329.434
22 85 4932.495
22 86 7358.776
22 87 3037.509
22 88 5302.986
22 89 3525.913
22 90 1172.634
22 91 6907.798
22 92 8557.661
22 93 3265.816
22 94 2818.327
22 95 6244.678
22 96 3700.834
22 97 7614.506
22 98 4206.802
22 99 6961.296
22 100 1688.881
23 0 3202.281
23 1 7065.522
23 2 2412.843
23 3 4227.635
23 4 3584.861
23 5 3927.457
23 6 8104.566
23 7 4154.993
23 8 5887.219
23 9 6891.208
23 10 7627.774
23 11 8689.176
23 12 9221.771
23 13 5574.445
23 14 5607.586
23 15 2389.771
23 16 4486.719
23 17 4075.726
23 18 5887.851
23 19 7540.997
23 20 6532.032
23 21 3754.125
23 22 675.901
23 23 0.000
23 24 5018.776
23 25 5620.057
23 26 2770.868
23 27 7850.249
23 28 2824.360
23 29 6223.315
23 30 6467.914
23 31 2952.230
23 32 1067.676
23 33 3463.523
23 34 8021.476
23 35 5678.663
23 36 3591.452
23 37 3182.918
23 38 8638.933
23 39 5324.397
23 40 3974.315
23 41 4675.831
23 42 7816.168
23 43 4124.402
23 44 5608.034
23 45 5337.573
23 46 5708.902
23 47 5498.837
23 48 2457.425
23 49 5060.229
23 50 6712.422
23 51 4441.730
23 52 4093.081
23 53 5797.409
23 54 2295.849
23 55 2974.105
23 56 6109.501
23 57 3455.664
23 58 2993.794
23 59 6271.952
23 60 1608.839
23 61 8498.070
23 62 5184.285
23 63 7115.115
23 64 5718.398
23 65 5394.594
23 66 7864.488
23 67 4305.057
23 68 6849.741
23 69 6629.513
23 70 6065.877
23 71 3086.632
23 72 3992.086
23 73 1329.732
23 74 4870.127
23 75 3335.263
23 76 4996.863
23 77 4229.294
23 78 7152.607
23 79 6408.658
23 80 7446.137
23 81 7626.342
23 82 2775.654
23 83 4927.813
23 84 6800.312
23 85 4262.582
23 86 7628.602
23 87 2361.637
23 88 5163.539
23 89 3350.901
23 90 1067.363
23 91 6675.795
23 92 8261.997
23 93 2603.838
23 94 2246.078
23 95 5726.623
23 96 3025.119
23 97 7828.953
23 98 4189.680
23 99 7267.992
23 100 1971.254
24 0 1820.463
24 1 2620.504
24 2 3211.481
24 3 1446.255
24 4 1438.070
24 5 2184.974
24 6 4318.452
24 7 2591.173
24 8 2480.151
24 9 4097.075
24 10 2820.731
24 11 4296.093
24 12 5229.873
24 13 7932.761
24 14 613.639
24 15 2633.226
24 16 2166.695
24 17 3377.162
24 18 968.154
24 19 4296.985
24 20 1792.716
24 21 6374.778
24 22 4982.547
24 23 5018.776
24 24 0.000
24 25 4540.329
24 26 3519.788
24 27 3868.355
24 28 3631.260
24 29 4172.324
24 30 3000.968
24 31 4553.570
24 32 4156.445
24 33 3800.021
24 34 5324.631
24 35 7094.710
24 36 6985.637
24 37 1972.138
24 38 4002.526
24 39 3509.975
24 40 6995.692
24 41 7201.747
24 42 3583.798
24 43 2008.887
24 44 4285.530
24 45 2457.018
24 46 5387.659
24 47 6022.293
24 48 2845.977
24 49 2889.693
24 50 3796.606
24 51 5138.855
24 52 5648.424
24 53 1097.851
24 54 4925.203
24 55 6646.864
24 56 2113.232
24 57 4868.064
24 58 5098.224
24 59 4156.643
24 60 3410.124
24 61 4546.262
24 62 6628.914
24 63 3763.239
24 64 3238.074
24 65 2539.959
24 66 4581.095
24 67 2708.631
24 68 4843.239
24 69 2455.379
24 70 1118.845
24 71 2554.645
24 72 1663.927
24 73 4695.407
24 74 570.113
24 75 3208.647
24 76 5421.027
24 77 4485.673
24 78 4704.489
24 79 1514.316
24 80 3862.868
24 81 4739.895
24 82 2443.601
24 83 6878.759
24 84 4314.505
24 85 6511.776
24 86 3310.287
24 87 5777.641
24 88 1353.784
24 89 2038.157
24 90 3952.140
24 91 2947.260
24 92 4712.178
24 93 5401.519
24 94 4372.063
24 95 4988.703
24 96 6227.946
24 97 3194.800
24 98 882.171
24 99 3253.927
24 100 3384.560
25 0 4427.917
25 1 3991.435
25 2 5776.097
25 3 5436.429
25 4 4406.088
25 5 2677.899
25 6 3640.091
25 7 6455.682
25 8 6993.499
25 9 8601.460
25 10 4927.102
25 11 8546.464
25 12 9621.412
25 13 10732.894
25 14 4590.775
25 15 4382.632
25 16 2418.345
25 17 7065.168
25 18 5286.432
25 19 8837.276
25 20 4292.710
25 21 8889.293
25 22 5066.089
25 23 5620.057
25 24 4540.329
25 25 0.000
25 26 2896.155
25 27 3719.375
25 28 6519.916
25 29 8530.789
25 30 2594.707
25 31 7325.681
25 32 4614.839
25 33 7060.857
25 34 2650.652
25 35 10360.821
25 36 9042.019
25 37 3771.910
25 38 8076.459
25 39 7719.499
25 40 9310.770
25 41 9850.449
25 42 7981.014
25 43 5915.595
25 44 8428.742
25 45 6851.756
25 46 9281.327
25 47 9620.991
25 48 3694.865
25 49 7120.842
25 50 2037.233
25 51 8537.626
25 52 8682.006
25 53 4086.382
25 54 7175.058
25 55 8476.142
25 56 3201.276
25 57 7834.119
25 58 7716.872
25 59 1117.595
25 60 4733.809
25 61 8985.511
25 62 9839.249
25 63 8303.361
25 64 7621.012
25 65 2131.939
25 66 2978.152
25 67 1991.414
25 68 1351.253
25 69 3478.486
25 70 4588.280
25 71 5650.542
25 72 3166.045
25 73 4377.376
25 74 5010.330
25 75 6491.854
25 76 8993.699
25 77 7980.644
25 78 9180.621
25 79 5709.255
25 80 3042.187
25 81 9269.849
25 82 5112.007
25 83 9838.516
25 84 1659.663
25 85 9264.753
25 86 4053.470
25 87 7700.022
25 88 5832.815
25 89 5275.415
25 90 4973.614
25 91 7485.125
25 92 9229.964
25 93 7661.412
25 94 6745.923
25 95 9001.117
25 96 8351.437
25 97 4677.086
25 98 4625.232
25 99 3473.930
25 100 3883.912
26 0 2287.466
26 1 4758.950
26 2 3128.339
26 3 3609.481
26 4 2500.710
26 5 1549.014
26 6 5478.761
26 7 4295.017
26 8 5452.390
26 9 6904.638
26 10 5501.602
26 11 7785.344
26 12 8627.431
26 13 7887.849
26 14 3945.975
26 15 1806.032
26 16 2008.135
26 17 4708.003
26 18 4486.356
26 19 7350.891
26 20 4468.980
26 21 6032.579
26 22 2298.991
26 23 2770.868
26 24 3519.788
26 25 2896.155
26 26 0.000
26 27 5292.620
26 28 3879.206
26 29 6563.717
26 30 3878.532
26 31 4578.064
26 32 1730.545
26 33 4500.263
26 34 5253.288
26 35 7626.857
26 36 6147.427
26 37 1700.125
26 38 7521.661
26 39 5655.387
26 40 6427.441
26 41 6995.752
26 42 7016.731
26 43 3894.933
26 44 6244.439
26 45 5095.075
26 46 6863.026
26 47 7033.319
26 48 1054.251
26 49 5143.432
26 50 3993.611
26 51 5919.213
26 52 5935.996
26 53 3842.640
26 54 4326.680
26 55 5580.059
26 56 3744.296
26 57 5109.596
26 58 4912.188
26 59 3502.212
26 60 1904.388
26 61 7913.277
26 62 7103.287
26 63 6834.634
26 64 5762.108
26 65 2802.857
26 66 5150.558
26 67 1646.778
26 68 4082.862
26 69 4253.397
26 70 4261.735
26 71 3248.037
26 72 1921.192
26 73 1677.244
26 74 3698.473
26 75 4012.248
26 76 6423.486
26 77 5438.437
26 78 7374.567
26 79 5029.089
26 80 4806.975
26 81 7643.817
26 82 2668.245
26 83 7039.045
26 84 4037.110
26 85 6437.457
26 86 5210.256
26 87 4808.407
26 88 4368.515
26 89 3056.968
26 90 2081.658
26 91 6142.209
26 92 7927.025
26 93 4799.162
26 94 3940.948
26 95 6676.721
26 96 5464.378
26 97 5558.829
26 98 3034.134
26 99 4763.009
26 100 1018.581
27 0 5164.805
27 1 1348.482
27 2 6782.868
27 3 5307.168
27 4 4875.218
27 5 3922.963
27 6 508.291
27 7 6459.420
27 8 5961.871
27 9 7454.532
27 10 1938.836
27 11 6205.156
27 12 7411.747
27 13 11742.431
27 14 3414.226
27 15 5700.320
27 16 3366.360
27 17 7243.742
27 18 3903.456
27 19 7359.414
27 20 2248.026
27 21 10091.433
27 22 7522.632
27 23 7850.249
27 24 3868.355
27 25 3719.375
27 26 5292.620
27 27 0.000
27 28 7350.095
27 29 7797.437
27 30 1414.917
27 31 8282.941
27 32 6794.969
27 33 7620.245
27 34 2257.683
27 35 10957.423
27 36 10578.661
27 37 4821.517
27 38 5572.540
27 39 7282.525
27 40 10671.117
27 41 10969.782
27 42 5975.529
27 43 5874.483
27 44 8062.088
27 45 6156.863
27 46 9221.691
27 47 9888.438
27 48 5401.070
27 49 6679.247
27 50 1683.147
27 51 9000.161
27 52 9468.292
27 53 2783.017
27 54 8503.246
27 55 10147.600
27 56 1860.144
27 57 8657.229
27 58 8804.818
27 59 2618.733
27 60 6407.322
27 61 6951.000
27 62 10484.556
27 63 6889.954
27 64 6892.117
27 65 2491.290
27 66 1228.111
27 67 3646.213
27 68 2820.968
27 69 1419.198
27 70 3001.706
27 71 6261.285
27 72 3925.557
27 73 6958.592
27 74 4420.832
27 75 7012.372
27 76 9289.252
27 77 8349.106
27 78 8104.549
27 79 3979.567
27 80 692.589
27 81 7921.523
27 82 5961.616
27 83 10703.791
27 84 2184.513
27 85 10290.955
27 86 748.727
27 87 9277.080
27 88 5066.858
27 89 5739.892
27 90 6875.160
27 91 6066.821
27 92 7451.933
27 93 9006.253
27 94 7962.967
27 95 8797.648
27 96 9818.897
27 97 1409.458
27 98 4593.751
27 99 628.207
27 100 5882.209
28 0 2259.417
28 1 6208.158
28 2 754.019
28 3 2277.519
28 4 2488.402
28 5 3967.972
28 6 7743.723
28 7 1576.043
28 8 3389.678
28 9 4126.562
28 10 6444.242
28 11 6265.910
28 12 6609.846
28 13 4417.495
28 14 4224.060
28 15 2143.714
28 16 4444.945
28 17 1265.409
28 18 4174.529
28 19 4819.892
28 20 5420.959
28 21 2751.928
28 22 3286.013
28 23 2824.360
28 24 3631.260
28 25 6519.916
28 26 3879.206
28 27 7350.095
28 28 0.000
28 29 3407.581
28 30 6199.615
28 31 933.329
28 32 2795.970
28 33 674.510
28 34 8303.940
28 35 3850.682
28 36 3373.604
28 37 2816.519
28 38 6361.831
28 39 2529.150
28 40 3364.562
28 41 3620.706
28 42 5377.886
28 43 1856.391
28 44 2787.042
28 45 2790.430
28 46 3061.850
28 47 3154.264
28 48 2875.403
28 49 2368.685
28 50 6778.640
28 51 2042.333
28 52 2200.776
28 53 4697.962
28 54 1388.187
28 55 3104.425
28 56 5493.338
28 57 1350.275
28 58 1468.597
28 59 6722.146
28 60 2059.670
28 61 5906.640
28 62 3333.268
28 63 4444.910
28 64 2992.442
28 65 5313.627
28 66 7803.243
28 67 4624.689
28 68 7416.126
28 69 5943.350
28 70 4735.160
28 71 1091.701
28 72 3651.248
28 73 3571.211
28 74 3202.889
28 75 608.991
28 76 2545.748
28 77 1581.955
28 78 4340.942
28 79 4578.282
28 80 7181.892
28 81 4844.135
28 82 1462.853
28 83 3417.036
28 84 7108.957
28 85 2947.822
28 86 6882.812
28 87 2277.070
28 88 3062.485
28 89 1616.653
28 90 2238.219
28 91 4160.628
28 92 5570.929
28 93 1809.532
28 94 884.193
28 95 2980.168
28 96 2626.730
28 97 6824.245
28 98 2790.158
28 99 6721.889
28 100 2910.435
29 0 4304.010
29 1 6451.881
29 2 3877.007
29 3 3102.462
29 4 4195.661
29 5 5887.296
29 6 8290.090
29 7 2280.901
29 8 1841.407
29 9 939.384
29 10 6182.931
29 11 3775.189
29 12 3623.518
29 13 5474.519
29 14 4444.500
29 15 4813.443
29 16 6119.316
29 17 2147.623
29 18 3894.155
29 19 1702.937
29 20 5549.443
29 21 4785.646
29 22 6633.639
29 23 6223.315
29 24 4172.324
29 25 8530.789
29 26 6563.717
29 27 7797.437
29 28 3407.581
29 29 0.000
29 30 7149.840
29 31 3648.631
29 32 6021.739
29 33 2821.714
29 34 9482.523
29 35 4195.824
29 36 5746.742
29 37 4958.905
29 38 4188.049
29 39 929.250
29 40 5432.440
29 41 5137.178
29 42 3027.859
29 43 2687.859
29 44 821.708
29 45 1716.348
29 46 1934.857
29 47 2903.537
29 48 5524.126
29 49 1433.396
29 50 7966.329
29 51 2791.862
29 52 3638.359
29 53 5105.031
29 54 4461.238
29 55 5805.432
29 56 6231.612
29 57 3434.759
29 58 4027.244
29 59 8299.769
29 60 5155.359
29 61 3043.905
29 62 3944.520
29 63 1610.059
29 64 934.256
29 65 6683.157
29 66 8682.292
29 67 6555.016
29 68 8997.215
29 69 6471.664
29 70 4801.411
29 71 3404.363
29 72 5371.537
29 73 6799.956
29 74 3619.052
29 75 2897.106
29 76 2594.461
29 77 2421.445
29 78 935.422
29 79 3886.915
29 80 7936.416
29 81 1506.590
29 82 3954.768
29 83 4485.292
29 84 8485.449
29 85 4539.719
29 86 7115.834
29 87 5217.171
29 88 2822.907
29 89 3507.161
29 90 5502.122
29 91 2020.348
29 92 2465.326
29 93 4628.251
29 94 4156.242
29 95 1436.828
29 96 5207.961
29 97 6727.416
29 98 3905.646
29 99 7236.486
29 100 5814.068
30 0 3955.293
30 1 1413.380
30 2 5576.389
30 3 4349.624
30 4 3714.090
30 5 2546.846
30 6 1639.278
30 7 5511.325
30 8 5378.082
30 9 6966.130
30 10 2349.399
30 11 6280.174
30 12 7434.508
30 13 10616.893
30 14 2725.863
30 15 4398.662
30 16 1983.870
30 17 6267.352
30 18 3365.798
30 19 7015.199
30 20 1926.735
30 21 8903.392
30 22 6119.803
30 23 6467.914
30 24 3000.968
30 25 2594.707
30 26 3878.532
30 27 1414.917
30 28 6199.615
30 29 7149.840
30 30 0.000
30 31 7123.056
30 32 5406.554
30 33 6545.578
30 34 2333.255
30 35 9930.537
30 36 9326.226
30 37 3528.657
30 38 5731.623
30 39 6510.908
30 40 9455.272
30 41 9810.413
30 42 5858.384
30 43 4916.705
30 44 7285.766
30 45 5443.733
30 46 8365.513
30 47 8941.381
30 48 4034.506
30 49 5890.350
30 50 881.984
30 51 7981.637
30 52 8370.869
30 53 2073.583
30 54 7266.375
30 55 8865.896
30 56 932.685
30 57 7536.848
30 58 7624.198
30 59 1641.263
30 60 5070.364
30 61 6871.784
30 62 9438.530
30 63 6504.619
30 64 6217.896
30 65 1081.272
30 66 1616.067
30 67 2231.823
30 68 2150.349
30 69 947.831
30 70 2484.506
30 71 5131.522
30 72 2624.940
30 73 5547.008
30 74 3570.142
30 75 5931.421
30 76 8324.038
30 77 7344.455
30 78 7601.187
30 79 3629.913
30 80 1001.918
30 81 7531.134
30 82 4762.753
30 83 9603.051
30 84 1497.243
30 85 9145.780
30 86 1497.557
30 87 8003.175
30 88 4330.108
30 89 4626.792
30 90 5517.091
30 91 5659.054
30 92 7252.344
30 93 7773.635
30 94 6739.339
30 95 7981.052
30 96 8572.112
30 97 2084.775
30 98 3557.764
30 99 945.843
30 100 4496.731
31 0 3172.390
31 1 7139.380
31 2 1580.752
31 3 3170.549
31 4 3416.925
31 5 4839.995
31 6 8674.597
31 7 2304.020
31 8 4041.907
31 9 4485.389
31 10 7358.676
31 11 6885.198
31 12 7097.075
31 13 3501.028
31 14 5140.104
31 15 2950.557
31 16 5335.782
31 17 1718.145
31 18 5053.558
31 19 5227.205
31 20 6345.464
31 21 1821.930
31 22 3536.569
31 23 2952.230
31 24 4553.570
31 25 7325.681
31 26 4578.064
31 27 8282.941
31 28 933.329
31 29 3648.631
31 30 7123.056
31 31 0.000
31 32 3242.290
31 33 954.268
31 34 9200.505
31 35 3050.243
31 36 2505.198
31 37 3694.964
31 38 7049.350
31 39 2891.871
31 40 2447.716
31 41 2689.880
31 42 6005.206
31 43 2700.944
31 44 2899.816
31 45 3440.297
31 46 2769.608
31 47 2582.163
31 48 3637.089
31 49 2919.655
31 50 7684.577
31 51 1494.109
31 52 1360.626
31 53 5626.625
31 54 818.398
31 55 2327.881
31 56 6425.597
31 57 541.994
31 58 552.355
31 59 7591.201
31 60 2681.370
31 61 6422.162
31 62 2526.565
31 63 4922.043
31 64 3459.553
31 65 6219.332
31 66 8722.334
31 67 5479.251
31 68 8277.606
31 69 6876.665
31 70 5650.285
31 71 2024.755
31 72 4553.727
31 73 3967.478
31 74 4107.419
31 75 1391.450
31 76 2048.690
31 77 1335.647
31 78 4571.811
31 79 5429.296
31 80 8108.603
31 81 5148.713
31 82 2366.821
31 83 2528.920
31 84 7996.115
31 85 2023.574
31 86 7815.189
31 87 1600.433
31 88 3891.603
31 89 2549.388
31 90 2690.852
31 91 4773.123
31 92 5998.733
31 93 1035.330
31 94 720.316
31 95 2844.716
31 96 1789.200
31 97 7748.255
31 98 3720.730
31 99 7654.744
31 100 3569.466
32 0 2393.967
32 1 6049.854
32 2 2162.253
32 3 3593.086
32 4 2762.802
32 5 2873.136
32 6 7041.502
32 7 3798.751
32 8 5381.487
32 9 6574.708
32 10 6653.305
32 11 8073.106
32 12 8716.850
32 13 6303.879
32 14 4718.852
32 15 1557.928
32 16 3428.866
32 17 3925.350
32 18 5074.226
32 19 7159.308
32 20 5562.641
32 21 4445.851
32 22 826.205
32 23 1067.676
32 24 4156.445
32 25 4614.839
32 26 1730.545
32 27 6794.969
32 28 2795.970
32 29 6021.739
32 30 5406.554
32 31 3242.290
32 32 0.000
32 33 3470.363
32 34 6966.330
32 35 6209.020
32 36 4459.064
32 37 2229.402
32 38 7953.124
32 39 5094.814
32 40 4776.662
32 41 5402.312
32 42 7223.624
32 43 3622.205
32 44 5514.861
32 45 4884.708
32 46 5848.912
32 47 5816.330
32 48 1430.533
32 49 4721.913
32 50 5645.289
32 51 4707.661
32 52 4541.668
32 53 4842.803
32 54 2797.156
32 55 3873.736
32 56 5077.723
32 57 3782.854
32 58 3454.022
32 59 5220.097
32 60 896.487
32 61 7988.143
32 62 5693.039
32 63 6692.716
32 64 5385.919
32 65 4330.891
32 66 6796.944
32 67 3237.399
32 68 5812.425
32 69 5598.859
32 70 5150.442
32 71 2658.191
32 72 2977.240
32 73 782.629
32 74 4092.359
32 75 3160.439
32 76 5251.259
32 77 4355.358
32 78 6922.257
32 79 5611.804
32 80 6381.361
32 81 7324.309
32 82 2196.315
32 83 5537.489
32 84 5741.908
32 85 4899.930
32 86 6594.751
32 87 3141.710
32 88 4512.369
32 89 2766.625
32 90 561.373
32 91 6154.204
32 92 7837.899
32 93 3221.438
32 94 2533.884
32 95 5774.038
32 96 3809.354
32 97 6824.456
32 98 3386.388
32 99 6218.980
32 100 913.459
33 0 2691.178
33 1 6417.400
33 2 1381.474
33 3 2366.657
33 4 2850.120
33 5 4450.999
33 6 8038.238
33 7 1379.854
33 8 3087.883
33 9 3602.828
33 10 6559.708
33 11 5933.116
33 12 6172.766
33 13 4133.232
33 14 4358.776
33 15 2725.030
33 16 4892.004
33 17 769.880
33 18 4200.406
33 19 4327.046
33 20 5586.010
33 21 2654.557
33 22 3949.446
33 23 3463.523
33 24 3800.021
33 25 7060.857
33 26 4500.263
33 27 7620.245
33 28 674.510
33 29 2821.714
33 30 6545.578
33 31 954.268
33 32 3470.363
33 33 0.000
33 34 8719.975
33 35 3393.930
33 36 3430.071
33 37 3306.106
33 38 6095.710
33 39 1994.942
33 40 3313.650
33 41 3415.437
33 42 5052.038
33 43 1844.510
33 44 2149.889
33 45 2486.730
33 46 2394.759
33 47 2562.534
33 48 3474.157
33 49 1969.119
33 50 7178.562
33 51 1482.664
33 52 1850.408
33 53 4893.932
33 54 1697.898
33 55 3281.633
33 56 5782.375
33 57 1087.062
33 58 1476.439
33 59 7191.465
33 60 2720.266
33 61 5488.713
33 62 2894.505
33 63 3996.211
33 64 2530.087
33 65 5721.907
33 66 8160.125
33 67 5125.391
33 68 7893.542
33 69 6202.210
33 70 4862.186
33 71 1444.480
33 72 4082.651
33 73 4245.671
33 74 3308.251
33 75 614.174
33 76 1938.835
33 77 938.477
33 78 3756.756
33 79 4542.421
33 80 7507.393
33 81 4295.402
33 82 1949.670
33 83 3084.561
33 84 7547.308
33 85 2721.874
33 86 7103.977
33 87 2541.106
33 88 2997.690
33 89 1922.296
33 90 2912.724
33 91 3820.232
33 92 5092.810
33 93 1987.997
33 94 1335.833
33 95 2306.139
33 96 2734.565
33 97 6980.200
33 98 3026.870
33 99 6994.288
33 100 3553.498
34 0 6048.144
34 1 3365.835
34 2 7622.374
34 3 6629.416
34 4 5871.288
34 5 4379.605
34 6 1847.983
34 7 7780.953
34 8 7708.839
34 9 9289.731
34 10 4147.764
34 11 8376.931
34 12 9568.997
34 13 12697.969
34 14 5055.935
34 15 6314.877
34 16 3865.179
34 17 8514.370
34 18 5680.936
34 19 9308.140
34 20 4136.401
34 21 10918.449
34 22 7537.134
34 23 8021.476
34 24 5324.631
34 25 2650.652
34 26 5253.288
34 27 2257.683
34 28 8303.940
34 29 9482.523
34 30 2333.255
34 31 9200.505
34 32 6966.330
34 33 8719.975
34 34 0.000
34 35 12113.289
34 36 11225.742
34 37 5508.684
34 38 7769.635
34 39 8830.871
34 40 11420.115
34 41 11855.904
34 42 8058.266
34 43 7188.741
34 44 9602.242
34 45 7774.472
34 46 10654.525
34 47 11184.795
34 48 5777.885
34 49 8209.271
34 50 1551.600
34 51 10185.182
34 52 10502.525
34 53 4399.558
34 54 9227.384
34 55 10709.075
34 56 3259.511
34 57 9654.119
34 58 9666.879
34 59 1752.450
34 60 6863.753
34 61 9059.260
34 62 11608.734
34 63 8806.516
34 64 8550.090
34 65 2998.118
34 66 1029.572
34 67 3803.606
34 68 1303.321
34 69 3118.345
34 70 4781.809
34 71 7279.691
34 72 4652.912
34 73 6874.140
34 74 5891.312
34 75 8109.438
34 76 10560.558
34 77 9563.440
34 78 9927.889
34 79 5899.582
34 80 1726.829
34 81 9837.623
34 82 6841.624
34 83 11719.926
34 84 1231.640
34 85 11216.042
34 86 2958.619
34 87 9878.165
34 88 6661.501
34 89 6802.303
34 90 7219.018
34 91 7962.750
34 92 9496.538
34 93 9733.178
34 94 8732.989
34 95 10284.834
34 96 10493.192
34 97 3654.280
34 98 5814.163
34 99 2517.227
34 100 6121.765
35 0 6073.889
35 1 9706.836
35 2 4585.865
35 3 5650.891
35 4 6244.040
35 5 7813.886
35 6 11392.223
35 7 4509.786
35 8 5624.888
35 9 5109.390
35 10 9728.328
35 11 7970.598
35 12 7702.347
35 13 1375.124
35 14 7604.005
35 15 5978.210
35 16 8275.018
35 17 3719.216
35 18 7307.952
35 19 5835.868
35 20 8838.381
35 21 2062.648
35 22 6336.364
35 23 5678.663
35 24 7094.710
35 25 10360.821
35 26 7626.857
35 27 10957.423
35 28 3850.682
35 29 4195.824
35 30 9930.537
35 31 3050.243
35 32 6209.020
35 33 3393.930
35 34 12113.289
35 35 0.000
35 36 2830.597
35 37 6662.339
35 38 8368.934
35 39 4073.496
35 40 2297.310
35 41 1541.314
35 42 7210.667
35 43 5085.832
35 44 3458.465
35 45 5148.305
35 46 2266.703
35 47 1292.585
35 48 6682.445
35 49 4533.062
35 50 10572.492
35 51 1957.379
35 52 1690.864
35 53 8190.799
35 54 3424.445
35 55 3317.165
35 56 9142.914
35 57 2528.313
35 58 2755.118
35 59 10565.694
35 60 5726.010
35 61 7199.281
35 62 523.683
35 63 5805.876
35 64 4682.895
35 65 9115.176
35 66 11546.383
35 67 8474.884
35 68 11262.878
35 69 9539.015
35 70 8084.720
35 71 4834.114
35 72 7469.689
35 73 6874.409
35 74 6558.784
35 75 4006.334
35 76 1741.848
35 77 2609.055
35 78 4788.183
35 79 7527.150
35 80 10881.691
35 81 5452.746
35 82 5301.176
35 83 865.315
35 84 10935.685
35 85 1503.260
35 86 10399.070
35 87 3426.772
35 88 6050.553
35 89 5315.302
35 90 5680.771
35 91 6102.355
35 92 6543.143
35 93 3075.593
35 94 3702.165
35 95 2759.262
35 96 2881.585
35 97 10199.073
35 98 6386.292
35 99 10336.572
35 100 6615.084
36 0 5415.462
36 1 9514.315
36 2 3811.383
36 3 5650.555
36 4 5724.149
36 5 6867.687
36 6 10932.598
36 7 4803.400
36 8 6489.868
36 9 6665.337
36 10 9805.615
36 11 9275.198
36 12 9348.595
36 13 2143.771
36 14 7586.763
36 15 4940.738
36 16 7412.850
36 17 4154.902
36 18 7545.009
36 19 7431.982
36 20 8763.914
36 21 986.332
36 22 4258.083
36 23 3591.452
36 24 6985.637
36 25 9042.019
36 26 6147.427
36 27 10578.661
36 28 3373.604
36 29 5746.742
36 30 9326.226
36 31 2505.198
36 32 4459.064
36 33 3430.071
36 34 11225.742
36 35 2830.597
36 36 0.000
36 37 5799.278
36 38 9493.000
36 39 5173.715
36 40 540.232
36 41 1355.930
36 42 8410.894
36 43 5202.062
36 44 4927.748
36 45 5896.754
36 46 4211.399
36 47 3441.023
36 48 5451.211
36 49 5335.436
36 50 9777.431
36 51 2974.802
36 52 2136.489
36 53 8027.821
36 54 2079.206
36 55 634.702
36 56 8722.425
36 57 2417.643
36 58 1958.295
36 59 9524.229
36 60 4365.680
36 61 8716.769
36 62 2526.323
36 63 7211.108
36 64 5793.433
36 65 8337.062
36 66 10878.038
36 67 7422.777
36 68 10166.562
36 69 9202.586
36 70 8098.039
36 71 4431.284
36 72 6701.867
36 73 4918.459
36 74 6575.310
36 75 3893.457
36 76 3330.070
36 77 3356.494
36 78 6590.044
36 79 7932.169
36 80 10327.152
36 81 7231.914
36 82 4628.762
36 83 1968.486
36 84 9995.902
36 85 1429.598
36 86 10172.491
36 87 1349.596
36 88 6396.505
36 89 4948.748
36 90 4068.734
36 91 7183.565
36 92 8204.051
36 93 1586.211
36 94 2628.020
36 95 4540.682
36 96 761.745
36 97 10165.276
36 98 6122.740
36 99 9954.680
36 100 5165.643
37 0 670.927
37 1 3908.739
37 2 2114.793
37 3 1924.005
37 4 803.231
37 5 1151.723
37 6 5147.115
37 7 2746.911
37 8 3754.723
37 9 5233.440
37 10 4444.989
37 11 6134.807
37 12 6939.576
37 13 7189.509
37 14 2503.757
37 15 878.953
37 16 1644.115
37 17 3301.030
37 18 2926.894
37 19 5656.628
37 20 3349.592
37 21 5418.273
37 22 3051.231
37 23 3182.918
37 24 1972.138
37 25 3771.910
37 26 1700.125
37 27 4821.517
37 28 2816.519
37 29 4958.905
37 30 3528.657
37 31 3694.964
37 32 2229.402
37 33 3306.106
37 34 5508.684
37 35 6662.339
37 36 5799.278
37 37 0.000
37 38 5917.584
37 39 4078.924
37 40 5944.780
37 41 6349.217
37 42 5343.139
37 43 2271.179
37 44 4733.088
37 45 3418.748
37 46 5516.032
37 47 5857.379
37 48 874.228
37 49 3525.967
37 50 4007.634
37 51 4788.482
37 52 5015.761
37 53 2619.286
37 54 3749.606
37 55 5338.859
37 56 2998.206
37 57 4163.329
37 58 4158.833
37 59 3905.628
37 60 1619.197
37 61 6221.949
37 62 6147.498
37 63 5137.704
37 64 4115.935
37 65 2549.157
37 66 5084.294
37 67 1819.344
37 68 4600.669
37 69 3507.841
37 70 2922.451
37 71 1880.038
37 72 903.949
37 73 2724.549
37 74 2039.082
37 75 2724.279
37 76 5228.681
37 77 4214.558
37 78 5729.192
37 79 3474.003
37 80 4530.381
37 81 5965.735
37 82 1362.294
37 83 6220.618
37 84 4301.163
37 85 5707.431
37 86 4506.696
37 87 4474.642
37 88 2670.880
37 89 1521.008
37 90 2132.974
37 91 4442.642
37 92 6226.926
37 93 4257.655
37 94 3236.063
37 95 5256.188
37 96 5047.463
37 97 4656.516
37 98 1348.310
37 99 4209.194
37 100 1413.976
38 0 5569.087
38 1 4424.523
38 2 6360.727
38 3 4411.351
38 4 5218.749
38 5 6140.560
38 6 6061.564
38 7 4788.789
38 8 3008.363
38 9 3333.579
38 10 3635.142
38 11 692.218
38 12 1888.199
38 13 9602.567
38 14 3647.815
38 15 6397.934
38 16 5982.266
38 17 5344.592
38 18 3039.658
38 19 2747.323
38 20 3824.020
38 21 8620.656
38 22 8758.179
38 23 8638.933
38 24 4002.526
38 25 8076.459
38 26 7521.661
38 27 5572.540
38 28 6361.831
38 29 4188.049
38 30 5731.623
38 31 7049.350
38 32 7953.124
38 33 6095.710
38 34 7769.635
38 35 8368.934
38 36 9493.000
38 37 5917.584
38 38 0.000
38 39 4400.172
38 40 9293.138
38 41 9156.500
38 42 1160.218
38 43 4588.932
38 44 4914.199
38 45 3609.057
38 46 6120.293
38 47 7077.684
38 48 6781.875
38 49 4157.751
38 50 6595.948
38 51 6754.347
38 52 7553.691
38 53 4015.345
38 54 7730.740
38 55 9377.206
38 56 4913.977
38 57 7076.528
38 58 7564.583
38 59 7333.840
38 60 7102.703
38 61 1647.785
38 62 8077.772
38 63 2597.606
38 64 3762.284
38 65 5948.259
38 66 6762.885
38 67 6554.071
38 68 7881.776
38 69 4789.490
38 70 3510.800
38 71 5619.399
38 72 5647.599
38 73 8586.338
38 74 3889.928
38 75 5757.913
38 76 6696.820
38 77 6207.407
38 78 3844.093
38 79 2506.771
38 80 6043.790
38 81 3313.835
38 82 5863.279
38 83 8571.040
38 84 7221.494
38 85 8501.967
38 86 4832.106
38 87 8610.071
38 88 3475.565
38 89 5289.971
38 90 7623.214
38 91 2325.124
38 92 2365.518
38 93 8078.816
38 94 7245.832
38 95 5619.116
38 96 8825.463
38 97 4173.016
38 98 4599.745
38 99 5256.105
38 100 7293.416
39 0 3415.560
39 1 5955.836
39 2 2956.816
39 3 2287.902
39 4 3338.149
39 5 5053.806
39 6 7760.418
39 7 1361.697
39 8 1553.361
39 9 1608.402
39 10 5809.924
39 11 4116.003
39 12 4212.023
39 13 5230.681
39 14 3873.432
39 15 3892.173
39 16 5326.286
39 17 1264.852
39 18 3417.608
39 19 2336.603
39 20 5053.147
39 21 4256.888
39 22 5716.987
39 23 5324.397
39 24 3509.975
39 25 7719.499
39 26 5655.387
39 27 7282.525
39 28 2529.150
39 29 929.250
39 30 6510.908
39 31 2891.871
39 32 5094.814
39 33 1994.942
39 34 8830.871
39 35 4073.496
39 36 5173.715
39 37 4078.924
39 38 4400.172
39 39 0.000
39 40 4924.960
39 41 4756.328
39 42 3272.849
39 43 1816.472
39 44 780.340
39 45 1143.316
39 46 1985.253
39 47 2820.438
39 48 4610.578
39 49 621.889
39 50 7293.592
39 51 2354.280
39 52 3160.041
39 53 4523.421
39 54 3682.069
39 55 5151.424
39 56 5615.643
39 57 2775.627
39 58 3332.412
39 59 7558.156
39 60 4226.428
39 61 3553.246
39 62 3724.093
39 63 2045.753
39 64 637.909
39 65 5953.298
39 66 8083.910
39 67 5731.997
39 68 8262.732
39 69 5908.840
39 70 4288.376
39 71 2476.009
39 72 4553.494
39 73 5872.166
39 74 2940.932
39 75 1989.523
39 76 2343.798
39 77 1827.309
39 78 1834.648
39 79 3533.484
39 80 7353.882
39 81 2315.176
39 82 3030.135
39 83 4183.072
39 84 7783.219
39 85 4104.963
39 86 6638.763
39 87 4489.525
39 88 2216.727
39 89 2599.776
39 90 4578.677
39 91 2079.003
39 92 3106.991
39 93 3910.966
39 94 3324.489
39 95 1525.254
39 96 4566.714
39 97 6325.098
39 98 3114.979
39 99 6694.890
39 100 4888.848
40 0 5511.519
40 1 9564.249
40 2 3889.079
40 3 5617.742
40 4 5797.296
40 5 7044.384
40 6 11042.539
40 7 4692.667
40 8 6307.944
40 9 6362.994
40 10 9805.415
40 11 9040.619
40 12 9051.913
40 13 1645.307
40 14 7586.023
40 15 5108.040
40 16 7578.028
40 17 3994.812
40 18 7494.716
40 19 7130.631
40 20 8785.389
40 21 672.871
40 22 4648.380
40 23 3974.315
40 24 6995.692
40 25 9310.770
40 26 6427.441
40 27 10671.117
40 28 3364.562
40 29 5432.440
40 30 9455.272
40 31 2447.716
40 32 4776.662
40 33 3313.650
40 34 11420.115
40 35 2297.310
40 36 540.232
40 37 5944.780
40 38 9293.138
40 39 4924.960
40 40 0.000
40 41 818.925
40 42 8189.182
40 43 5136.419
40 44 4610.737
40 45 5726.236
40 46 3803.216
40 47 2981.714
40 48 5669.402
40 49 5143.451
40 50 9946.693
40 51 2640.726
40 52 1794.134
40 53 8060.005
40 54 2196.131
40 55 1118.947
40 56 8811.059
40 57 2245.479
40 58 1898.450
40 59 9740.613
40 60 4592.513
40 61 8439.630
40 62 2017.358
40 63 6941.307
40 64 5555.781
40 65 8493.392
40 66 11028.238
40 67 7626.577
40 68 10397.009
40 69 9278.345
40 70 8096.622
40 71 4449.603
40 72 6840.189
40 73 5288.655
40 74 6555.133
40 75 3831.339
40 76 2935.562
40 77 3097.810
40 78 6244.691
40 79 7853.992
40 80 10452.415
40 81 6896.721
40 82 4710.006
40 83 1439.709
40 84 10194.770
40 85 960.645
40 86 10233.186
40 87 1636.180
40 88 6310.009
40 89 4973.945
40 90 4347.177
40 91 6971.526
40 92 7897.498
40 93 1688.484
40 94 2716.010
40 95 4164.974
40 96 967.338
40 97 10188.706
40 98 6150.830
40 99 10044.211
40 100 5426.912
41 0 5856.234
41 1 9807.973
41 2 4243.281
41 3 5779.642
41 4 6106.803
41 5 7478.750
41 6 11364.198
41 7 4755.875
41 8 6228.043
41 9 6076.556
41 10 9975.097
41 11 8848.099
41 12 8753.253
41 13 902.639
41 14 7770.633
41 15 5551.649
41 16 7993.205
41 17 4000.234
41 18 7606.874
41 19 6837.878
41 20 8992.900
41 21 963.177
41 22 5351.633
41 23 4675.831
41 24 7201.747
41 25 9850.449
41 26 6995.752
41 27 10969.782
41 28 3620.706
41 29 5137.178
41 30 9810.413
41 31 2689.880
41 32 5402.312
41 33 3415.437
41 34 11855.904
41 35 1541.314
41 36 1355.930
41 37 6349.217
41 38 9156.500
41 39 4756.328
41 40 818.925
41 41 0.000
41 42 8024.140
41 43 5258.421
41 44 4326.167
41 45 5673.653
41 46 3356.385
41 47 2441.109
41 48 6169.332
41 49 5066.442
41 50 10354.157
41 51 2402.378
41 52 1629.153
41 53 8288.220
41 54 2675.430
41 55 1928.799
41 56 9113.904
41 57 2334.654
41 58 2191.499
41 59 10211.424
41 60 5116.892
41 61 8178.752
41 62 1371.647
41 63 6705.825
41 64 5394.222
41 65 8890.805
41 66 11405.584
41 67 8091.837
41 68 10883.756
41 69 9560.354
41 70 8275.881
41 71 4708.531
41 72 7225.781
41 73 5966.838
41 74 6722.197
41 75 3993.448
41 76 2550.790
41 77 2974.611
41 78 5880.971
41 79 7920.620
41 80 10797.741
41 81 6545.108
41 82 5048.875
41 83 745.545
41 84 10640.759
41 85 694.304
41 86 10488.841
41 87 2314.340
41 88 6380.903
41 89 5230.854
41 90 4934.678
41 91 6833.863
41 92 7589.084
41 93 2197.018
41 94 3129.561
41 95 3776.828
41 96 1659.085
41 97 10390.910
41 98 6392.692
41 99 10341.597
41 100 5981.485
42 0 4897.254
42 1 4702.299
42 2 5463.525
42 3 3630.688
42 4 4582.354
42 5 5768.213
42 6 6481.499
42 7 3804.811
42 8 1988.317
42 9 2184.175
42 10 4072.164
42 11 888.254
42 12 1650.611
42 13 8452.090
42 14 3396.012
42 15 5695.021
42 16 5714.543
42 17 4288.212
42 18 2707.542
42 19 1660.542
42 20 3941.836
42 21 7518.299
42 22 8002.881
42 23 7816.168
42 24 3583.798
42 25 7981.014
42 26 7016.731
42 27 5975.529
42 28 5377.886
42 29 3027.859
42 30 5858.384
42 31 6005.206
42 32 7223.624
42 33 5052.038
42 34 8058.266
42 35 7210.667
42 36 8410.894
42 37 5343.139
42 38 1160.218
42 39 3272.849
42 40 8189.182
42 41 8024.140
42 42 0.000
42 43 3698.196
42 44 3758.699
42 45 2588.431
42 46 4960.214
42 47 5918.947
42 48 6173.916
42 49 3087.870
42 50 6740.271
42 51 5622.300
42 52 6432.775
42 53 3912.733
42 54 6720.084
42 55 8327.297
42 56 4963.384
42 57 5993.927
42 58 6504.691
42 59 7372.573
42 60 6344.489
42 61 1015.196
42 62 6925.266
42 63 1444.402
42 64 2636.606
42 65 5861.720
42 66 7095.450
42 67 6273.829
42 68 7982.278
42 69 4960.668
42 70 3426.038
42 71 4741.405
42 72 5241.166
42 73 7906.067
42 74 3318.495
42 75 4769.002
42 76 5546.521
42 77 5093.802
42 78 2724.770
42 79 2276.880
42 80 6345.279
42 81 2251.688
42 82 5061.612
42 83 7426.525
42 84 7351.024
42 85 7377.527
42 86 5227.879
42 87 7587.541
42 88 2719.546
42 89 4480.847
42 90 6842.098
42 91 1232.273
42 92 1494.307
42 93 7039.956
42 94 6259.469
42 95 4459.207
42 96 7763.119
42 97 4643.257
42 98 3994.885
42 99 5558.421
42 100 6650.519
43 0 1618.357
43 1 4624.139
43 2 1774.085
43 3 570.202
43 4 1521.922
43 5 3242.792
43 6 6317.074
43 7 594.626
43 8 1770.172
43 9 3029.621
43 10 4719.364
43 11 4578.083
43 12 5112.421
43 13 5953.206
43 14 2534.092
43 15 2212.513
43 16 3543.644
43 17 1369.289
43 18 2359.543
43 19 3553.393
43 20 3768.458
43 21 4487.478
43 22 4357.980
43 23 4124.402
43 24 2008.887
43 25 5915.595
43 26 3894.933
43 27 5874.483
43 28 1856.391
43 29 2687.859
43 30 4916.705
43 31 2700.944
43 32 3622.205
43 33 1844.510
43 34 7188.741
43 35 5085.832
43 36 5202.062
43 37 2271.179
43 38 4588.932
43 39 1816.472
43 40 5136.419
43 41 5258.421
43 42 3698.196
43 43 0.000
43 44 2513.912
43 45 1266.026
43 46 3468.825
43 47 4030.904
43 48 2874.157
43 49 1255.669
43 50 5637.809
43 51 3130.355
43 52 3670.354
43 53 3105.311
43 54 3242.624
43 55 4959.965
43 56 4081.661
43 57 2931.069
43 58 3252.835
43 59 5814.309
43 60 2725.957
43 61 4385.299
43 62 4622.046
43 63 3073.828
43 64 1868.494
43 65 4236.936
43 66 6526.164
43 67 3924.937
43 68 6522.892
43 69 4457.862
43 70 3030.260
43 71 1043.231
43 72 2753.825
43 73 4360.363
43 74 1481.494
43 75 1309.533
43 76 3421.170
43 77 2476.819
43 78 3479.695
43 79 2730.333
43 80 5832.476
43 81 3777.576
43 82 1426.665
43 83 4891.109
43 84 6083.904
43 85 4564.339
43 86 5315.658
43 87 4131.048
43 88 1206.181
43 89 877.218
43 90 3185.868
43 91 2555.112
43 92 4216.643
43 93 3660.462
43 94 2717.743
43 95 3124.780
43 96 4468.179
43 97 5152.131
43 98 1376.379
43 99 5256.419
43 100 3227.592
44 0 4062.804
44 1 6733.766
44 2 3352.793
44 3 3022.816
44 4 4026.594
44 5 5753.512
44 6 8540.555
44 7 1986.677
44 8 2257.919
44 9 1756.033
44 10 6570.330
44 11 4545.599
44 12 4443.837
44 13 4697.553
44 14 4653.728
44 15 4449.669
44 16 6053.577
44 17 1591.329
44 18 4190.159
44 19 2522.452
44 20 5830.465
44 21 3964.477
44 22 6066.546
44 23 5608.034
44 24 4285.530
44 25 8428.742
44 26 6244.439
44 27 8062.088
44 28 2787.042
44 29 821.708
44 30 7285.766
44 31 2899.816
44 32 5514.861
44 33 2149.889
44 34 9602.242
44 35 3458.465
44 36 4927.748
44 37 4733.088
44 38 4914.199
44 39 780.340
44 40 4610.737
44 41 4326.167
44 42 3758.699
44 43 2513.912
44 44 0.000
44 45 1913.576
44 46 1257.567
44 47 2172.047
44 48 5190.952
44 49 1396.136
44 50 8061.959
44 51 1970.219
44 52 2816.651
44 53 5303.671
44 54 3717.971
44 55 4999.984
44 56 6393.667
44 57 2642.459
44 58 3242.824
44 59 8305.597
44 60 4683.666
44 61 3853.014
44 62 3168.455
44 63 2386.607
44 64 1271.143
44 65 6707.771
44 66 8862.281
44 67 6437.572
44 68 9012.068
44 69 6689.162
44 70 5066.330
44 71 3004.534
44 72 5267.653
44 73 6297.490
44 74 3715.793
44 75 2354.668
44 76 1797.436
44 77 1623.792
44 78 1689.761
44 79 4283.082
44 80 8133.435
44 81 2309.685
44 82 3580.882
44 83 3688.521
44 84 8543.806
44 85 3720.819
44 86 7415.477
44 87 4439.516
44 88 2996.938
44 89 3221.129
44 90 4974.099
44 91 2649.343
44 92 3286.896
44 93 3849.111
44 94 3460.819
44 95 768.596
44 96 4400.915
44 97 7091.646
44 98 3854.753
44 99 7475.150
44 100 5415.631
45 0 2809.202
45 1 4823.544
45 2 2935.788
45 3 1496.076
45 4 2621.442
45 5 4244.002
45 6 6639.863
45 7 1223.212
45 8 603.496
45 9 1814.981
45 10 4667.362
45 11 3476.036
45 12 3885.369
45 13 6232.028
45 14 2761.276
45 15 3469.706
45 16 4433.969
45 17 1741.864
45 18 2276.605
45 19 2289.643
45 20 3919.412
45 21 5054.059
45 22 5607.904
45 23 5337.573
45 24 2457.018
45 25 6851.756
45 26 5095.075
45 27 6156.863
45 28 2790.430
45 29 1716.348
45 30 5443.733
45 31 3440.297
45 32 4884.708
45 33 2486.730
45 34 7774.472
45 35 5148.305
45 36 5896.754
45 37 3418.748
45 38 3609.057
45 39 1143.316
45 40 5726.236
45 41 5673.653
45 42 2588.431
45 43 1266.026
45 44 1913.576
45 45 0.000
45 46 3126.146
45 47 3927.403
45 48 4102.419
45 49 618.149
45 50 6252.837
45 51 3313.603
45 52 4045.671
45 53 3418.481
45 54 4134.883
45 55 5768.149
45 56 4532.215
45 57 3488.427
45 58 3957.888
45 59 6586.917
45 60 3988.224
45 61 3164.373
45 62 4762.022
45 63 1808.397
45 64 782.997
45 65 4969.241
45 66 6993.366
45 67 4894.494
45 68 7282.738
45 69 4798.353
45 70 3156.921
45 71 2259.109
45 72 3714.149
45 73 5626.168
45 74 1902.826
45 75 2181.439
45 76 3406.482
45 77 2700.777
45 78 2340.578
45 79 2398.980
45 80 6254.466
45 81 2548.959
45 82 2691.443
45 83 5166.493
45 84 6769.177
45 85 4994.454
45 86 5503.289
45 87 5007.748
45 88 1114.000
45 89 2140.258
45 90 4435.442
45 91 1372.286
45 92 2953.398
45 93 4470.560
45 94 3671.182
45 95 2668.174
45 96 5218.516
45 97 5181.839
45 98 2239.268
45 99 5577.233
45 100 4482.723
46 0 4853.943
46 1 7909.329
46 2 3771.455
46 3 4025.111
46 4 4898.978
46 5 6612.041
46 6 9689.744
46 7 2881.697
46 8 3510.963
46 9 2842.689
46 10 7793.388
46 11 5706.254
46 12 5455.930
46 13 3578.709
46 14 5807.850
46 15 5063.555
46 16 6975.873
46 17 2216.206
46 18 5391.652
46 19 3572.818
46 20 7011.132
46 21 3225.785
46 22 6261.590
46 23 5708.902
46 24 5387.659
46 25 9281.327
46 26 6863.026
46 27 9221.691
46 28 3061.850
46 29 1934.857
46 30 8365.513
46 31 2769.608
46 32 5848.912
46 33 2394.759
46 34 10654.525
46 35 2266.703
46 36 4211.399
46 37 5516.032
46 38 6120.293
46 39 1985.253
46 40 3803.216
46 41 3356.385
46 42 4960.214
46 43 3468.825
46 44 1257.567
46 45 3126.146
46 46 0.000
46 47 980.672
46 48 5819.723
46 49 2553.503
46 50 9104.571
46 51 1358.939
46 52 2101.434
46 53 6443.921
46 54 3533.350
46 55 4427.641
46 56 7499.598
46 57 2323.771
46 58 2905.197
46 59 9268.172
46 60 5114.977
46 61 4935.458
46 62 2063.408
46 63 3543.337
46 64 2527.689
46 65 7703.901
46 66 9963.766
46 67 7300.374
46 68 9977.312
46 69 7828.444
46 70 6245.071
46 71 3657.901
46 72 6168.143
46 73 6615.887
46 74 4820.259
46 75 2852.268
46 76 885.798
46 77 1496.500
46 78 2548.984
46 79 5518.469
46 80 9250.502
46 81 3216.455
46 82 4227.407
46 83 2649.960
46 84 9551.644
46 85 2850.909
46 86 8596.936
46 87 4059.515
46 88 4164.097
46 89 4006.127
46 90 5288.138
46 91 3893.795
46 92 4292.271
46 93 3494.080
46 94 3463.007
46 95 502.689
46 96 3837.500
46 97 8304.121
46 98 4845.192
46 99 8622.340
46 100 5939.844
47 0 5223.426
47 1 8604.838
47 2 3906.838
47 3 4600.968
47 4 5334.503
47 5 6993.356
47 6 10340.481
47 7 3438.012
47 8 4373.206
47 9 3820.469
47 10 8562.910
47 11 6678.598
47 12 6434.446
47 13 2600.269
47 14 6494.015
47 15 5281.576
47 16 7409.034
47 17 2674.511
47 18 6142.958
47 19 4553.408
47 20 7719.614
47 21 2480.222
47 22 6107.599
47 23 5498.837
47 24 6022.293
47 25 9620.991
47 26 7033.319
47 27 9888.438
47 28 3154.264
47 29 2903.537
47 30 8941.381
47 31 2582.163
47 32 5816.330
47 33 2562.534
47 34 11184.795
47 35 1292.585
47 36 3441.023
47 37 5857.379
47 38 7077.684
47 39 2820.438
47 40 2981.714
47 41 2441.109
47 42 5918.947
47 43 4030.904
47 44 2172.047
47 45 3927.403
47 46 980.672
47 47 0.000
47 48 6024.444
47 49 3321.808
47 50 9634.175
47 51 1117.991
47 52 1495.599
47 53 7106.537
47 54 3216.204
47 55 3754.067
47 56 8112.244
47 57 2051.818
47 58 2525.713
47 59 9713.797
47 60 5185.866
47 61 5915.847
47 62 1099.959
47 63 4513.585
47 64 3413.677
47 65 8198.393
47 66 10554.049
47 67 7673.835
47 68 10420.023
47 69 8477.672
47 70 6957.293
47 71 3979.308
47 72 6595.685
47 73 6549.181
47 74 5467.840
47 75 3133.408
47 76 629.498
47 77 1643.371
47 78 3523.947
47 79 6323.475
47 80 9863.379
47 81 4191.091
47 82 4509.073
47 83 1710.024
47 84 10041.155
47 85 2022.513
47 86 9296.874
47 87 3549.661
47 88 4890.848
47 89 4407.431
47 90 5259.750
47 91 4820.470
47 92 5271.557
47 93 3041.913
47 94 3301.645
47 95 1467.498
47 96 3196.172
47 97 9053.001
47 98 5384.621
47 99 9276.176
47 100 6056.062
48 0 1306.682
48 1 4619.966
48 2 2121.489
48 3 2642.995
48 4 1591.757
48 5 1488.151
48 6 5673.776
48 7 3248.995
48 8 4499.674
48 9 5899.725
48 10 5229.631
48 11 6981.097
48 12 7749.174
48 13 7045.006
48 14 3368.200
48 15 756.254
48 16 2051.747
48 17 3654.934
48 18 3800.799
48 19 6379.766
48 20 4142.751
48 21 5212.130
48 22 2230.045
48 23 2457.425
48 24 2845.977
48 25 3694.865
48 26 1054.251
48 27 5401.070
48 28 2875.403
48 29 5524.126
48 30 4034.506
48 31 3637.089
48 32 1430.533
48 33 3474.157
48 34 5777.885
48 35 6682.445
48 36 5451.211
48 37 874.228
48 38 6781.875
48 39 4610.578
48 40 5669.402
48 41 6169.332
48 42 6173.916
48 43 2874.157
48 44 5190.952
48 45 4102.419
48 46 5819.723
48 47 6024.444
48 48 0.000
48 49 4112.069
48 50 4363.807
48 51 4916.894
48 52 4996.717
48 53 3433.728
48 54 3498.782
48 55 4931.802
48 56 3653.549
48 57 4154.372
48 58 4022.423
48 59 4074.529
48 60 1086.066
48 61 7026.265
48 62 6159.353
48 63 5873.498
48 64 4742.031
48 65 2976.449
48 66 5495.938
48 67 1974.711
48 68 4727.735
48 69 4174.142
48 70 3769.922
48 71 2193.946
48 72 1546.711
48 73 1854.762
48 74 2894.613
48 75 2967.457
48 76 5407.881
48 77 4412.225
48 78 6349.919
48 79 4347.721
48 80 5025.250
48 81 6644.485
48 82 1614.084
48 83 6143.817
48 84 4546.828
48 85 5572.510
48 86 5172.266
48 87 4102.228
48 88 3471.450
48 89 2018.635
48 90 1484.078
48 91 5221.619
48 92 6987.008
48 93 3995.186
48 94 3052.655
48 95 5625.013
48 96 4727.170
48 97 5393.951
48 98 2190.323
48 99 4813.068
48 100 550.471
49 0 2873.615
49 1 5359.293
49 2 2650.273
49 3 1684.414
49 4 2763.492
49 5 4464.308
49 6 7153.598
49 7 923.578
49 8 1166.251
49 9 1853.252
49 10 5250.726
49 11 3965.785
49 12 4241.340
49 13 5615.056
49 14 3266.194
49 15 3420.080
49 16 4719.670
49 17 1201.522
49 18 2840.011
49 19 2481.286
49 20 4459.243
49 21 4470.589
49 22 5394.669
49 23 5060.229
49 24 2889.693
49 25 7120.842
49 26 5143.432
49 27 6679.247
49 28 2368.685
49 29 1433.396
49 30 5890.350
49 31 2919.655
49 32 4721.913
49 33 1969.119
49 34 8209.271
49 35 4533.062
49 36 5335.436
49 37 3525.967
49 38 4157.751
49 39 621.889
49 40 5143.451
49 41 5066.442
49 42 3087.870
49 43 1255.669
49 44 1396.136
49 45 618.149
49 46 2553.503
49 47 3321.808
49 48 4112.069
49 49 0.000
49 50 6671.706
49 51 2697.551
49 52 3440.739
49 53 3912.062
49 54 3655.131
49 55 5239.463
49 56 4997.639
49 57 2918.798
49 58 3417.158
49 59 6940.991
49 60 3834.279
49 61 3541.186
49 62 4144.009
49 63 2078.765
49 64 664.917
49 65 5334.017
49 66 7466.340
49 67 5137.554
49 68 7644.760
49 69 5298.208
49 70 3693.280
49 71 2064.717
49 72 3955.809
49 73 5487.400
49 74 2320.208
49 75 1772.405
49 76 2791.305
49 77 2091.845
49 78 2240.802
49 79 3002.062
49 80 6738.683
49 81 2602.399
49 82 2579.683
49 83 4550.421
49 84 7162.131
49 85 4391.047
49 86 6045.392
49 87 4509.850
49 88 1613.516
49 89 2094.172
49 90 4232.929
49 91 1855.731
49 92 3214.493
49 93 3954.963
49 94 3228.193
49 95 2118.402
49 96 4676.465
49 97 5754.047
49 98 2504.779
49 99 6087.043
49 100 4431.091
50 0 4519.406
50 1 2212.185
50 2 6112.192
50 3 5079.607
50 4 4328.473
50 5 2909.904
50 6 1633.360
50 7 6229.697
50 8 6219.150
50 9 7817.594
50 10 3124.648
50 11 7154.055
50 12 8313.288
50 13 11185.381
50 14 3575.152
50 15 4840.968
50 16 2368.666
50 17 6963.072
50 18 4230.475
50 19 7885.851
50 20 2805.683
50 21 9425.881
50 22 6289.937
50 23 6712.422
50 24 3796.606
50 25 2037.233
50 26 3993.611
50 27 1683.147
50 28 6778.640
50 29 7966.329
50 30 881.984
50 31 7684.577
50 32 5645.289
50 33 7178.562
50 34 1551.600
50 35 10572.492
50 36 9777.431
50 37 4007.634
50 38 6595.948
50 39 7293.592
50 40 9946.693
50 41 10354.157
50 42 6740.271
50 43 5637.809
50 44 8061.959
50 45 6252.837
50 46 9104.571
50 47 9634.175
50 48 4363.807
50 49 6671.706
50 50 0.000
50 51 8639.421
50 52 8972.969
50 53 2933.093
50 54 7750.589
50 55 9282.652
50 56 1800.966
50 57 8127.463
50 58 8162.740
50 59 938.733
50 60 5440.346
50 61 7753.516
50 62 10070.459
50 63 7372.052
50 64 7032.316
50 65 1465.368
50 66 1156.953
50 67 2410.912
50 68 1297.651
50 69 1807.128
50 70 3360.079
50 71 5741.738
50 72 3130.883
50 73 5664.923
50 74 4359.104
50 75 6566.675
50 76 9010.447
50 77 8015.053
50 78 8447.963
50 79 4509.308
50 80 1006.455
50 81 8395.499
50 82 5319.430
50 83 10195.595
50 84 626.696
50 85 9705.353
50 86 2091.584
50 87 8436.364
50 88 5143.538
50 89 5258.244
50 90 5836.593
50 91 6526.454
50 92 8132.576
50 93 8258.247
50 94 7243.190
50 95 8738.387
50 96 9034.713
50 97 2767.252
50 98 4262.804
50 99 1516.018
50 100 4761.743
51 0 4171.742
51 1 7753.696
51 2 2796.205
51 3 3694.131
51 4 4314.802
51 5 5933.619
51 6 9435.065
51 7 2559.786
51 8 3846.339
51 9 3724.224
51 10 7800.369
51 11 6451.092
51 12 6413.095
51 13 2919.302
51 14 5655.091
51 15 4179.185
51 16 6370.638
51 17 1767.906
51 18 5386.688
51 19 4491.549
51 20 6890.327
51 21 2000.130
51 22 5030.637
51 23 4441.730
51 24 5138.855
51 25 8537.626
51 26 5919.213
51 27 9000.161
51 28 2042.333
51 29 2791.862
51 30 7981.637
51 31 1494.109
51 32 4707.661
51 33 1482.664
51 34 10185.182
51 35 1957.379
51 36 2974.802
51 37 4788.482
51 38 6754.347
51 39 2354.280
51 40 2640.726
51 41 2402.378
51 42 5622.300
51 43 3130.355
51 44 1970.219
51 45 3313.603
51 46 1358.939
51 47 1117.991
51 48 4916.894
51 49 2697.551
51 50 8639.421
51 51 0.000
51 52 847.131
51 53 6235.660
51 54 2202.580
51 55 3114.140
51 56 7186.733
51 57 993.271
51 58 1551.708
51 59 8672.074
51 60 4067.875
51 61 5810.343
51 62 1495.637
51 63 4321.443
51 64 2992.097
51 65 7188.821
51 66 9597.700
51 67 6607.821
51 68 9374.967
51 69 7581.671
51 70 6140.861
51 71 2923.739
51 72 5559.623
51 73 5448.530
51 74 4606.778
51 75 2080.917
51 76 555.161
51 77 655.345
51 78 3615.832
51 79 5640.500
51 80 8927.683
51 81 4261.414
51 82 3430.064
51 83 1852.922
51 84 9021.102
51 85 1762.773
51 86 8445.557
51 87 2701.437
51 88 4132.376
51 89 3383.349
51 90 4149.269
51 91 4432.676
51 92 5257.114
51 93 2135.430
51 94 2213.003
51 95 1588.372
51 96 2515.955
51 97 8259.780
51 98 4431.711
51 99 8379.194
51 100 4938.793
52 0 4454.785
52 1 8267.124
52 2 2916.142
52 3 4209.462
52 4 4658.857
52 5 6166.425
52 6 9882.104
52 7 3145.633
52 8 4604.625
52 9 4569.162
52 10 8388.359
52 11 7272.357
52 12 7258.146
52 13 2284.814
52 14 6199.974
52 15 4301.832
52 16 6645.572
52 17 2377.708
52 18 6001.342
52 19 5336.736
52 20 7430.733
52 21 1155.660
52 22 4730.019
52 23 4093.081
52 24 5648.424
52 25 8682.006
52 26 5935.996
52 27 9468.292
52 28 2200.776
52 29 3638.359
52 30 8370.869
52 31 1360.626
52 32 4541.668
52 33 1850.408
52 34 10502.525
52 35 1690.864
52 36 2136.489
52 37 5015.761
52 38 7553.691
52 39 3160.041
52 40 1794.134
52 41 1629.153
52 42 6432.775
52 43 3670.354
52 44 2816.651
52 45 4045.671
52 46 2101.434
52 47 1495.599
52 48 4996.717
52 49 3440.739
52 50 8972.969
52 51 847.131
52 52 0.000
52 53 6743.507
52 54 1798.953
52 55 2327.500
52 56 7625.838
52 57 852.930
52 58 1103.701
52 59 8920.781
52 60 4035.446
52 61 6650.063
52 62 1167.362
52 63 5155.947
52 64 3796.385
52 65 7509.077
52 66 9981.514
52 67 6817.149
52 68 9612.568
52 69 8050.979
52 70 6699.730
52 71 3239.988
52 72 5849.683
52 73 5230.578
52 74 5147.341
52 75 2455.934
52 76 1216.060
52 77 1351.010
52 78 4459.845
52 79 6300.404
52 80 9341.841
52 81 5107.584
52 82 3663.341
52 83 1235.706
52 84 9309.624
52 85 950.916
52 86 8954.163
52 87 2054.088
52 88 4765.230
52 89 3746.135
52 90 4004.582
52 91 5228.606
52 92 6103.365
52 93 1557.474
52 94 2017.975
52 95 2405.367
52 96 1742.431
52 97 8820.762
52 98 4874.580
52 99 8841.737
52 100 4924.469
53 0 2700.482
53 1 1523.664
53 2 4224.938
53 3 2544.080
53 4 2343.090
53 5 2312.389
53 6 3245.837
53 7 3683.817
53 8 3310.519
53 9 4892.696
53 10 1841.137
53 11 4461.231
53 12 5542.190
53 13 9027.163
53 14 660.618
53 15 3428.120
53 16 2020.698
53 17 4472.116
53 18 1298.173
53 19 4956.182
53 20 749.892
53 21 7448.447
53 22 5658.348
53 23 5797.409
53 24 1097.851
53 25 4086.382
53 26 3842.640
53 27 2783.017
53 28 4697.962
53 29 5105.031
53 30 2073.583
53 31 5626.625
53 32 4842.803
53 33 4893.932
53 34 4399.558
53 35 8190.799
53 36 8027.821
53 37 2619.286
53 38 4015.345
53 39 4523.421
53 40 8060.005
53 41 8288.220
53 42 3912.733
53 43 3105.311
53 44 5303.671
53 45 3418.481
53 46 6443.921
53 47 7106.537
53 48 3433.728
53 49 3912.062
53 50 2933.093
53 51 6235.660
53 52 6743.507
53 53 0.000
53 54 5954.849
53 55 7661.434
53 56 1141.377
53 57 5956.728
53 58 6166.532
53 59 3471.760
53 60 4207.622
53 61 4924.984
53 62 7726.447
53 63 4439.824
53 64 4179.348
53 65 1956.126
53 66 3577.672
53 67 2586.980
53 68 4108.267
53 69 1386.215
53 70 505.013
53 71 3610.415
53 72 1943.920
53 73 5264.367
53 74 1638.819
53 75 4298.060
53 76 6510.105
53 77 5581.980
53 78 5528.844
53 79 1636.247
53 80 2836.005
53 81 5462.406
53 82 3423.817
53 83 7974.954
53 84 3510.348
53 85 7599.986
53 86 2212.547
53 87 6787.678
53 88 2309.771
53 89 3086.465
53 90 4738.068
53 91 3594.441
53 92 5238.090
53 93 6441.611
53 94 5402.447
53 95 6028.061
53 96 7267.185
53 97 2139.071
53 98 1909.280
53 99 2178.433
53 100 3983.024
54 0 3338.581
54 1 7436.183
54 2 1732.939
54 3 3637.183
54 4 3644.963
54 5 4849.640
54 6 8863.336
54 7 2943.416
54 8 4738.156
54 9 5284.362
54 10 7745.570
54 11 7605.604
54 12 7870.663
54 13 3562.245
54 14 5531.568
54 15 2913.151
54 16 5381.931
54 17 2465.056
54 18 5535.593
54 19 6018.358
54 20 6694.258
54 21 1714.689
54 22 2931.570
54 23 2295.849
54 24 4925.203
54 25 7175.058
54 26 4326.680
54 27 8503.246
54 28 1388.187
54 29 4461.238
54 30 7266.375
54 31 818.398
54 32 2797.156
54 33 1697.898
54 34 9227.384
54 35 3424.445
54 36 2079.206
54 37 3749.606
54 38 7730.740
54 39 3682.069
54 40 2196.131
54 41 2675.430
54 42 6720.084
54 43 3242.624
54 44 3717.971
54 45 4134.883
54 46 3533.350
54 47 3216.204
54 48 3498.782
54 49 3655.131
54 50 7750.589
54 51 2202.580
54 52 1798.953
54 53 5954.849
54 54 0.000
54 55 1730.924
54 56 6645.580
54 57 1212.147
54 58 697.975
54 59 7557.927
54 60 2441.476
54 61 7185.430
54 62 2915.871
54 63 5694.104
54 64 4227.983
54 65 6297.641
54 66 8833.771
54 67 5440.218
54 68 8222.274
54 69 7123.861
54 70 6041.934
54 71 2379.953
54 72 4647.031
54 73 3450.072
54 74 4540.335
54 75 1977.296
54 76 2751.128
54 77 2144.468
54 78 5387.095
54 79 5955.469
54 80 8265.390
54 81 5957.635
54 82 2549.557
54 83 2741.790
54 84 8003.938
54 85 2115.947
54 86 8093.340
54 87 888.886
54 88 4448.711
54 89 2887.600
54 90 2290.550
54 91 5492.437
54 92 6786.773
54 93 508.050
54 94 553.240
54 95 3644.837
54 96 1317.602
54 97 8093.590
54 98 4054.815
54 99 7878.382
54 100 3309.872
55 0 5003.489
55 1 9125.334
55 2 3438.860
55 3 5367.378
55 4 5331.591
55 5 6375.051
55 6 10485.336
55 7 4618.078
55 8 6369.514
55 9 6699.260
55 10 9464.978
55 11 9204.051
55 12 9359.815
55 13 2759.609
55 14 7255.602
55 15 4467.530
55 16 6927.676
55 17 4039.603
55 18 7266.145
55 19 7459.197
55 20 8405.131
55 21 1295.562
55 22 3636.001
55 23 2974.105
55 24 6646.864
55 25 8476.142
55 26 5580.059
55 27 10147.600
55 28 3104.425
55 29 5805.432
55 30 8865.896
55 31 2327.881
55 32 3873.736
55 33 3281.633
55 34 10709.075
55 35 3317.165
55 36 634.702
55 37 5338.859
55 38 9377.206
55 39 5151.424
55 40 1118.947
55 41 1928.799
55 42 8327.297
55 43 4959.965
55 44 4999.984
55 45 5768.149
55 46 4427.641
55 47 3754.067
55 48 4931.802
55 49 5239.463
55 50 9282.652
55 51 3114.140
55 52 2327.500
55 53 7661.434
55 54 1730.924
55 55 0.000
55 56 8299.713
55 57 2381.083
55 58 1825.740
55 59 8993.711
55 60 3846.981
55 61 8704.035
55 62 2951.717
55 63 7196.986
55 64 5749.429
55 65 7856.282
55 66 10396.738
55 67 6906.500
55 68 9624.972
55 69 8790.238
55 70 7765.059
55 71 4109.285
55 72 6242.660
55 73 4303.428
55 74 6270.644
55 75 3669.867
55 76 3543.171
55 77 3384.338
55 78 6685.502
55 79 7681.552
55 80 9867.813
55 81 7308.185
55 82 4239.571
55 83 2454.051
55 84 9477.645
55 85 1835.234
55 86 9771.527
55 87 874.842
55 88 6165.395
55 89 4612.249
55 90 3512.414
55 91 7095.066
55 92 8234.129
55 93 1305.751
55 94 2280.163
55 95 4702.500
55 96 600.524
55 97 9800.087
55 98 5771.651
55 99 9527.681
55 100 4615.049
56 0 3307.106
56 1 1016.701
56 2 4923.149
56 3 3511.470
56 4 3015.192
56 5 2237.723
56 6 2256.269
56 7 4674.263
56 8 4449.331
56 9 6034.061
56 10 1849.348
56 11 5429.477
56 12 6561.262
56 13 9893.961
56 14 1796.431
56 15 3875.153
56 16 1736.222
56 17 5446.427
56 18 2433.462
56 19 6085.603
56 20 1096.092
56 21 8231.955
56 22 5847.660
56 23 6109.501
56 24 2113.232
56 25 3201.276
56 26 3744.296
56 27 1860.144
56 28 5493.338
56 29 6231.612
56 30 932.685
56 31 6425.597
56 32 5077.723
56 33 5782.375
56 34 3259.511
56 35 9142.914
56 36 8722.425
56 37 2998.206
56 38 4913.977
56 39 5615.643
56 40 8811.059
56 41 9113.904
56 42 4963.384
56 43 4081.661
56 44 6393.667
56 45 4532.215
56 46 7499.598
56 47 8112.244
56 48 3653.549
56 49 4997.639
56 50 1800.966
56 51 7186.733
56 52 7625.838
56 53 1141.377
56 54 6645.580
56 55 8299.713
56 56 0.000
56 57 6807.675
56 58 6945.542
56 59 2426.414
56 60 4607.390
56 61 5978.476
56 62 8661.451
56 63 5573.420
56 64 5301.813
56 65 1159.789
56 66 2468.831
56 67 2186.800
56 68 3018.895
56 69 521.259
56 70 1560.124
56 71 4406.535
56 72 2124.359
56 73 5344.604
56 74 2682.760
56 75 5171.250
56 76 7502.278
56 77 6540.794
56 78 6670.010
56 79 2713.331
56 80 1752.746
56 81 6599.082
56 82 4101.882
56 83 8861.483
56 84 2394.875
56 85 8437.269
56 86 1519.180
56 87 7427.392
56 88 3418.420
56 89 3887.350
56 90 5097.917
56 91 4727.782
56 92 6336.793
56 93 7147.754
56 94 6104.001
56 95 7101.701
56 96 7962.032
56 97 1817.769
56 98 2758.557
56 99 1233.304
56 100 4168.320
57 0 3608.110
57 1 7478.159
57 2 2063.951
57 3 3445.559
57 4 3822.780
57 5 5313.740
57 6 9062.895
57 7 2455.395
57 8 4076.937
57 9 4319.382
57 10 7642.532
57 11 6860.600
57 12 6979.629
57 13 3086.319
57 14 5436.061
57 15 3452.245
57 16 5794.944
57 17 1750.893
57 18 5287.435
57 19 5078.294
57 20 6658.574
57 21 1578.109
57 22 4056.533
57 23 3455.664
57 24 4868.064
57 25 7834.119
57 26 5109.596
57 27 8657.229
57 28 1350.275
57 29 3434.759
57 30 7536.848
57 31 541.994
57 32 3782.854
57 33 1087.062
57 34 9654.119
57 35 2528.313
57 36 2417.643
57 37 4163.329
57 38 7076.528
57 39 2775.627
57 40 2245.479
57 41 2334.654
57 42 5993.927
57 43 2931.069
57 44 2642.459
57 45 3488.427
57 46 2323.771
57 47 2051.818
57 48 4154.372
57 49 2918.798
57 50 8127.463
57 51 993.271
57 52 852.930
57 53 5956.728
57 54 1212.147
57 55 2381.083
57 56 6807.675
57 57 0.000
57 58 607.283
57 59 8068.056
57 60 3217.653
57 61 6328.638
57 62 2005.683
57 63 4820.988
57 64 3384.648
57 65 6662.792
57 66 9144.577
57 67 5964.295
57 68 8759.645
57 69 7243.017
57 70 5941.688
57 71 2406.611
57 72 5001.304
57 73 4503.334
57 74 4388.301
57 75 1659.418
57 76 1546.005
57 77 1018.861
57 78 4332.169
57 79 5624.493
57 80 8513.158
57 81 4940.869
57 82 2813.080
57 83 2068.760
57 84 8458.850
57 85 1643.712
57 86 8161.274
57 87 1805.439
57 88 4079.735
57 89 2920.823
57 90 3232.431
57 91 4765.983
57 92 5853.236
57 93 1216.632
57 94 1253.470
57 95 2464.979
57 96 1791.752
57 97 8056.261
57 98 4068.516
57 99 8029.590
57 100 4104.441
58 0 3668.907
58 1 7675.584
58 2 2052.077
58 3 3721.892
58 4 3931.419
58 5 5292.545
58 6 9189.305
58 7 2845.352
58 8 4556.402
58 9 4899.238
58 10 7906.972
58 11 7379.746
58 12 7544.128
58 13 3036.780
58 14 5687.598
58 15 3374.144
58 16 5802.948
58 17 2220.518
58 18 5605.909
58 19 5653.220
58 20 6888.948
58 21 1286.920
58 22 3626.770
58 23 2993.794
58 24 5098.224
58 25 7716.872
58 26 4912.188
58 27 8804.818
58 28 1468.597
58 29 4027.244
58 30 7624.198
58 31 552.355
58 32 3454.022
58 33 1476.439
58 34 9666.879
58 35 2755.118
58 36 1958.295
58 37 4158.833
58 38 7564.583
58 39 3332.412
58 40 1898.450
58 41 2191.499
58 42 6504.691
58 43 3252.835
58 44 3242.824
58 45 3957.888
58 46 2905.197
58 47 2525.713
58 48 4022.423
58 49 3417.158
58 50 8162.740
58 51 1551.708
58 52 1103.701
58 53 6166.532
58 54 697.975
58 55 1825.740
58 56 6945.542
58 57 607.283
58 58 0.000
58 59 8033.290
58 60 3008.698
58 61 6882.315
58 62 2239.413
58 63 5376.322
58 64 3924.754
58 65 6699.305
58 66 9215.914
58 67 5914.966
58 68 8711.755
58 69 7403.151
58 70 6198.173
58 71 2558.118
58 72 5034.354
58 73 4130.550
58 74 4657.583
58 75 1943.493
58 76 2087.380
58 77 1621.736
58 78 4931.641
58 79 5980.348
58 80 8614.549
58 81 5533.817
58 82 2861.458
58 83 2127.643
58 84 8454.358
58 85 1555.666
58 86 8348.581
58 87 1198.981
58 88 4441.320
58 89 3083.272
58 90 2927.327
58 91 5272.790
58 92 6427.723
58 93 609.446
58 94 973.094
58 95 3068.362
58 96 1260.881
58 97 8292.133
58 98 4258.385
58 99 8176.850
58 100 3894.218
59 0 4500.441
59 1 3051.387
59 2 6011.385
59 3 5283.627
59 4 4383.660
59 5 2754.377
59 6 2522.569
59 7 6390.478
59 8 6634.117
59 9 8250.072
59 10 3984.009
59 11 7855.891
59 12 8982.972
59 13 11070.066
59 14 4062.699
59 15 4660.373
59 16 2304.768
59 17 7075.120
59 18 4751.145
59 19 8394.692
59 20 3509.855
59 21 9263.041
59 22 5784.788
59 23 6271.952
59 24 4156.643
59 25 1117.595
59 26 3502.212
59 27 2618.733
59 28 6722.146
59 29 8299.769
59 30 1641.263
59 31 7591.201
59 32 5220.097
59 33 7191.465
59 34 1752.450
59 35 10565.694
59 36 9524.229
59 37 3905.628
59 38 7333.840
59 39 7558.156
59 40 9740.613
59 41 10211.424
59 42 7372.573
59 43 5814.309
59 44 8305.597
59 45 6586.917
59 46 9268.172
59 47 9713.797
59 48 4074.529
59 49 6940.991
59 50 938.733
59 51 8672.074
59 52 8920.781
59 53 3471.760
59 54 7557.927
59 55 8993.711
59 56 2426.414
59 57 8068.056
59 58 8033.290
59 59 0.000
59 60 5158.834
59 61 8387.314
59 62 10052.191
59 63 7868.579
59 64 7369.455
59 65 1618.668
59 66 1880.338
59 67 2119.600
59 68 709.141
59 69 2582.566
59 70 3947.429
59 71 5748.335
59 72 3118.152
59 73 5123.520
59 74 4688.164
59 75 6592.489
59 76 9084.694
59 77 8073.985
59 78 8861.087
59 79 5102.766
59 80 1933.907
59 81 8872.422
59 82 5264.746
59 83 10119.912
59 84 578.238
59 85 9588.498
59 86 3012.635
59 87 8174.724
59 88 5505.174
59 89 5306.657
59 90 5490.341
59 91 7029.149
59 92 8708.283
59 93 8059.843
59 94 7081.864
59 95 8939.052
59 96 8801.576
59 97 3670.621
59 98 4451.391
59 99 2432.198
59 100 4388.801
60 0 1596.362
60 1 5527.917
60 2 1351.599
60 3 2715.417
60 4 1978.162
60 5 2541.543
60 6 6706.073
60 7 2912.638
60 8 4487.232
60 9 5685.589
60 10 6045.233
60 11 7200.561
60 12 7824.949
60 13 6001.926
60 14 3999.199
60 15 783.216
60 16 3101.477
60 17 3093.138
60 18 4288.174
60 19 6263.939
60 20 4948.888
60 21 4155.487
60 22 1659.978
60 23 1608.839
60 24 3410.124
60 25 4733.809
60 26 1904.388
60 27 6407.322
60 28 2059.670
60 29 5155.359
60 30 5070.364
60 31 2681.370
60 32 896.487
60 33 2720.266
60 34 6863.753
60 35 5726.010
60 36 4365.680
60 37 1619.197
60 38 7102.703
60 39 4226.428
60 40 4592.513
60 41 5116.892
60 42 6344.489
60 43 2725.957
60 44 4683.666
60 45 3988.224
60 46 5114.977
60 47 5185.866
60 48 1086.066
60 49 3834.279
60 50 5440.346
60 51 4067.875
60 52 4035.446
60 53 4207.622
60 54 2441.476
60 55 3846.981
60 56 4607.390
60 57 3217.653
60 58 3008.698
60 59 5158.834
60 60 0.000
60 61 7096.360
60 62 5202.735
60 63 5796.271
60 64 4497.128
60 65 4031.610
60 66 6564.481
60 67 3060.276
60 68 5806.684
60 69 5121.015
60 70 4460.834
60 71 1769.650
60 72 2486.725
60 73 1653.159
60 74 3279.665
60 75 2336.187
60 76 4591.663
60 77 3641.622
60 78 6046.429
60 79 4814.886
60 80 6068.525
60 81 6435.910
60 82 1300.847
60 83 5136.153
60 84 5632.814
60 85 4541.381
60 86 6121.166
60 87 3016.443
60 88 3643.159
60 89 1874.504
60 90 542.123
60 91 5262.218
60 92 6941.417
60 93 2928.833
60 94 2036.758
60 95 4996.340
60 96 3645.036
60 97 6273.439
60 98 2588.828
60 99 5804.139
60 100 889.096
61 0 5728.783
61 1 5697.427
61 2 6100.148
61 3 4416.666
61 4 5439.585
61 5 6722.513
61 6 7454.441
61 7 4375.606
61 8 2615.155
61 9 2105.928
61 10 5029.614
61 11 982.390
61 12 728.731
61 13 8506.880
61 14 4395.841
61 15 6495.050
61 16 6696.266
61 17 4720.376
61 18 3702.587
61 19 1363.524
61 20 4952.533
61 21 7780.193
61 22 8741.055
61 23 8498.070
61 24 4546.262
61 25 8985.511
61 26 7913.277
61 27 6951.000
61 28 5906.640
61 29 3043.905
61 30 6871.784
61 31 6422.162
61 32 7988.143
61 33 5488.713
61 34 9059.260
61 35 7199.281
61 36 8716.769
61 37 6221.949
61 38 1647.785
61 39 3553.246
61 40 8439.630
61 41 8178.752
61 42 1015.196
61 43 4385.299
61 44 3853.014
61 45 3164.373
61 46 4935.458
61 47 5915.847
61 48 7026.265
61 49 3541.186
61 50 7753.516
61 51 5810.343
61 52 6650.063
61 53 4924.984
61 54 7185.430
61 55 8704.035
61 56 5978.476
61 57 6328.638
61 58 6882.315
61 59 8387.314
61 60 7096.360
61 61 0.000
61 62 6979.619
61 63 1507.665
61 64 2962.619
61 65 6870.654
61 66 8088.052
61 67 7250.081
61 68 8997.369
61 69 5969.715
61 70 4440.306
61 71 5412.838
61 72 6188.805
61 73 8699.675
61 74 4232.608
61 75 5303.935
61 76 5638.339
61 77 5360.373
61 78 2447.534
61 79 3288.738
61 80 7341.556
61 81 1823.813
61 82 5797.254
61 83 7528.584
61 84 8365.253
61 85 7569.925
61 86 6202.291
61 87 8022.334
61 88 3555.927
61 89 5222.018
61 90 7569.990
61 91 1834.143
61 92 753.338
61 93 7451.811
61 94 6769.331
61 95 4454.987
61 96 8119.947
61 97 5595.332
61 98 4879.180
61 99 6552.558
61 100 7478.195
62 0 5564.935
62 1 9246.185
62 2 4065.386
62 3 5182.924
62 4 5743.058
62 5 7299.213
62 6 10913.989
62 7 4055.021
62 8 5263.545
62 9 4875.738
62 10 9294.465
62 11 7711.447
62 12 7516.235
62 13 1530.385
62 14 7149.935
62 15 5456.809
62 16 7764.771
62 17 3263.173
62 18 6878.582
62 19 5621.317
62 20 8385.259
62 21 1663.140
62 22 5837.222
62 23 5184.285
62 24 6628.914
62 25 9839.249
62 26 7103.287
62 27 10484.556
62 28 3333.268
62 29 3944.520
62 30 9438.530
62 31 2526.565
62 32 5693.039
62 33 2894.505
62 34 11608.734
62 35 523.683
62 36 2526.323
62 37 6147.498
62 38 8077.772
62 39 3724.093
62 40 2017.358
62 41 1371.647
62 42 6925.266
62 43 4622.046
62 44 3168.455
62 45 4762.022
62 46 2063.408
62 47 1099.959
62 48 6159.353
62 49 4144.009
62 50 10070.459
62 51 1495.637
62 52 1167.362
62 53 7726.447
62 54 2915.871
62 55 2951.717
62 56 8661.451
62 57 2005.683
62 58 2239.413
62 59 10052.191
62 60 5202.735
62 61 6979.619
62 62 0.000
62 63 5547.711
62 64 4348.587
62 65 8610.980
62 66 11053.684
62 67 7957.956
62 68 10748.132
62 69 9065.443
62 70 7636.443
62 71 4329.225
62 72 6961.380
62 73 6365.307
62 74 6100.641
62 75 3508.416
62 76 1383.883
62 77 2150.870
62 78 4612.342
62 79 7119.468
62 80 10395.318
62 81 5279.805
62 82 4787.508
62 83 626.572
62 84 10426.970
62 85 1117.236
62 86 9937.643
62 87 2972.694
62 88 5622.671
62 89 4816.725
62 90 5162.132
62 91 5783.832
62 92 6351.497
62 93 2586.901
62 94 3180.807
62 95 2526.286
62 96 2469.369
62 97 9755.388
62 98 5903.029
62 99 9861.793
62 100 6091.782
63 0 4568.462
63 1 5553.875
63 2 4702.797
63 3 3232.068
63 4 4334.841
63 5 5825.964
63 6 7396.918
63 7 2960.892
63 8 1383.225
63 9 740.741
63 10 5096.496
63 11 2165.539
63 12 2176.586
63 13 7078.079
63 14 3812.381
63 15 5267.400
63 16 5911.930
63 17 3231.505
63 18 3141.755
63 19 534.785
63 20 4693.855
63 21 6279.190
63 22 7409.380
63 23 7115.115
63 24 3763.239
63 25 8303.361
63 26 6834.634
63 27 6889.954
63 28 4444.910
63 29 1610.059
63 30 6504.619
63 31 4922.043
63 32 6692.716
63 33 3996.211
63 34 8806.516
63 35 5805.876
63 36 7211.108
63 37 5137.704
63 38 2597.606
63 39 2045.753
63 40 6941.307
63 41 6705.825
63 42 1444.402
63 43 3073.828
63 44 2386.607
63 45 1808.397
63 46 3543.337
63 47 4513.585
63 48 5873.498
63 49 2078.765
63 50 7372.052
63 51 4321.443
63 52 5155.947
63 53 4439.824
63 54 5694.104
63 55 7196.986
63 56 5573.420
63 57 4820.988
63 58 5376.322
63 59 7868.579
63 60 5796.271
63 61 1507.665
63 62 5547.711
63 63 0.000
63 64 1466.188
63 65 6271.861
63 66 7910.536
63 67 6427.524
63 68 8530.778
63 69 5695.829
63 70 4025.835
63 71 4056.320
63 72 5283.895
63 73 7434.187
63 74 3316.637
63 75 3851.144
63 76 4183.722
63 77 3855.395
63 78 1323.859
63 79 2922.453
63 80 7151.052
63 81 1034.025
63 82 4499.808
63 83 6075.127
63 84 7948.209
63 85 6083.930
63 86 6162.298
63 87 6522.449
63 88 2520.638
63 89 3945.206
63 90 6237.845
63 91 845.647
63 92 1148.592
63 93 5949.032
63 94 5294.075
63 95 3046.750
63 96 6612.363
63 97 5666.301
63 98 3853.075
63 99 6393.141
63 100 6276.394
64 0 3479.006
64 1 5550.628
64 2 3311.403
64 3 2217.616
64 4 3332.813
64 5 4995.192
64 6 7380.877
64 7 1588.332
64 8 990.261
64 9 1188.792
64 10 5330.284
64 11 3485.580
64 12 3642.687
64 13 5861.203
64 14 3519.436
64 15 4064.888
64 16 5205.155
64 17 1765.724
64 18 2991.429
64 19 1830.437
64 20 4646.255
64 21 4886.212
64 22 6059.132
64 23 5718.398
64 24 3238.074
64 25 7621.012
64 26 5762.108
64 27 6892.117
64 28 2992.442
64 29 934.256
64 30 6217.896
64 31 3459.553
64 32 5385.919
64 33 2530.087
64 34 8550.090
64 35 4682.895
64 36 5793.433
64 37 4115.935
64 38 3762.284
64 39 637.909
64 40 5555.781
64 41 5394.222
64 42 2636.606
64 43 1868.494
64 44 1271.143
64 45 782.997
64 46 2527.689
64 47 3413.677
64 48 4742.031
64 49 664.917
64 50 7032.316
64 51 2992.097
64 52 3796.385
64 53 4179.348
64 54 4227.983
64 55 5749.429
64 56 5301.813
64 57 3384.648
64 58 3924.754
64 59 7369.455
64 60 4497.128
64 61 2962.619
64 62 4348.587
64 63 1466.188
64 64 0.000
64 65 5752.005
64 66 7756.965
64 67 5654.510
64 68 8065.640
64 69 5551.859
64 70 3891.161
64 71 2728.057
64 72 4471.539
64 73 6150.026
64 74 2685.723
64 75 2409.634
64 76 2965.326
64 77 2458.472
64 78 1614.051
64 79 3034.077
64 80 7013.728
64 81 1938.782
64 82 3234.585
64 83 4817.379
64 84 7551.432
64 85 4742.257
64 86 6222.114
64 87 5059.797
64 88 1889.226
64 89 2731.385
64 90 4897.837
64 91 1442.349
64 92 2578.769
64 93 4489.662
64 94 3831.703
64 95 2038.824
64 96 5170.902
64 97 5862.685
64 98 2998.670
64 99 6322.868
64 100 5078.643
65 0 3054.698
65 1 2120.667
65 2 4648.026
65 3 3692.836
65 4 2874.089
65 5 1491.164
65 6 2710.678
65 7 4822.274
65 8 5019.383
65 9 6636.086
65 10 3002.147
65 11 6414.677
65 12 7496.645
65 13 9720.226
65 14 2490.202
65 15 3396.326
65 16 930.303
65 17 5535.293
65 18 3186.389
65 19 6801.220
65 20 2204.689
65 21 7965.339
65 22 5038.760
65 23 5394.594
65 24 2539.959
65 25 2131.939
65 26 2802.857
65 27 2491.290
65 28 5313.627
65 29 6683.157
65 30 1081.272
65 31 6219.332
65 32 4330.891
65 33 5721.907
65 34 2998.118
65 35 9115.176
65 36 8337.062
65 37 2549.157
65 38 5948.259
65 39 5953.298
65 40 8493.392
65 41 8890.805
65 42 5861.720
65 43 4236.936
65 44 6707.771
65 45 4969.241
65 46 7703.901
65 47 8198.393
65 48 2976.449
65 49 5334.017
65 50 1465.368
65 51 7188.821
65 52 7509.077
65 53 1956.126
65 54 6297.641
65 55 7856.282
65 56 1159.789
65 57 6662.792
65 58 6699.305
65 59 1618.668
65 60 4031.610
65 61 6870.654
65 62 8610.980
65 63 6271.861
65 64 5752.005
65 65 0.000
65 66 2541.376
65 67 1159.308
65 68 2314.255
65 69 1579.679
65 70 2456.763
65 71 4281.784
65 72 1665.832
65 73 4467.385
65 74 3069.576
65 75 5111.699
65 76 7572.168
65 77 6570.725
65 78 7244.171
65 79 3585.809
65 80 2052.346
65 81 7267.358
65 82 3854.067
65 83 8730.653
65 84 1848.115
65 85 8240.479
65 86 2450.064
65 87 7001.952
65 88 3886.724
65 89 3805.481
65 90 4460.458
65 91 5437.542
65 92 7147.194
65 93 6805.650
65 94 5784.917
65 95 7357.654
65 96 7589.655
65 97 2905.016
65 98 2863.018
65 99 1966.935
65 100 3423.693
66 0 5550.232
66 1 2393.436
66 2 7164.465
66 3 5957.610
66 4 5322.786
66 5 4023.988
66 6 843.048
66 7 7120.666
66 8 6875.761
66 9 8427.774
66 10 3131.931
66 11 7380.311
66 12 8578.999
66 13 12220.387
66 14 4237.951
66 15 5937.428
66 16 3469.062
66 17 7880.813
66 18 4821.126
66 19 8400.607
66 20 3217.057
66 21 10489.832
66 22 7446.726
66 23 7864.488
66 24 4581.095
66 25 2978.152
66 26 5150.558
66 27 1228.111
66 28 7803.243
66 29 8682.292
66 30 1616.067
66 31 8722.334
66 32 6796.944
66 33 8160.125
66 34 1029.572
66 35 11546.383
66 36 10878.038
66 37 5084.294
66 38 6762.885
66 39 8083.910
66 40 11028.238
66 41 11405.584
66 42 7095.450
66 43 6526.164
66 44 8862.281
66 45 6993.366
66 46 9963.766
66 47 10554.049
66 48 5495.938
66 49 7466.340
66 50 1156.953
66 51 9597.700
66 52 9981.514
66 53 3577.672
66 54 8833.771
66 55 10396.738
66 56 2468.831
66 57 9144.577
66 58 9215.914
66 59 1880.338
66 60 6564.481
66 61 8088.052
66 62 11053.684
66 63 7910.536
66 64 7756.965
66 65 2541.376
66 66 0.000
66 67 3559.878
66 68 1813.895
66 69 2223.804
66 70 3909.685
66 71 6741.529
66 72 4188.633
66 73 6821.341
66 74 5150.998
66 75 7545.953
66 76 9937.968
66 77 8960.184
66 78 9072.555
66 79 4989.367
66 80 759.534
66 81 8944.402
66 82 6357.093
66 83 11212.220
66 84 1318.493
66 85 10745.898
66 86 1937.317
66 87 9543.299
66 88 5881.103
66 89 6239.964
66 90 6974.836
66 91 7072.178
66 92 8551.111
66 93 9341.803
66 94 8315.504
66 95 9569.774
66 96 10129.601
66 97 2627.900
66 98 5172.327
66 99 1537.245
66 100 5908.264
67 0 2455.286
67 1 3198.864
67 2 3902.299
67 3 3454.302
67 4 2415.114
67 5 688.575
67 6 3837.787
67 7 4464.725
67 8 5082.033
67 9 6671.799
67 10 4016.277
67 11 6934.683
67 12 7924.101
67 13 8951.589
67 14 2915.163
67 15 2541.204
67 16 572.013
67 17 5085.646
67 18 3576.461
67 19 6962.045
67 20 3071.986
67 21 7143.719
67 22 3909.243
67 23 4305.057
67 24 2708.631
67 25 1991.414
67 26 1646.778
67 27 3646.213
67 28 4624.689
67 29 6555.016
67 30 2231.823
67 31 5479.251
67 32 3237.399
67 33 5125.391
67 34 3803.606
67 35 8474.884
67 36 7422.777
67 37 1819.344
67 38 6554.071
67 39 5731.997
67 40 7626.577
67 41 8091.837
67 42 6273.829
67 43 3924.937
67 44 6437.572
67 45 4894.494
67 46 7300.374
67 47 7673.835
67 48 1974.711
67 49 5137.554
67 50 2410.912
67 51 6607.821
67 52 6817.149
67 53 2586.980
67 54 5440.218
67 55 6906.500
67 56 2186.800
67 57 5964.295
67 58 5914.966
67 59 2119.600
67 60 3060.276
67 61 7250.081
67 62 7957.956
67 63 6427.524
67 64 5654.510
67 65 1159.308
67 66 3559.878
67 67 0.000
67 68 2798.594
67 69 2671.560
67 70 3074.530
67 71 3694.553
67 72 1183.586
67 73 3318.483
67 74 3110.891
67 75 4540.513
67 76 7044.696
67 77 6030.510
67 78 7232.892
67 79 4068.788
67 80 3168.264
67 81 7361.660
67 82 3180.179
67 83 8008.023
67 84 2573.152
67 85 7470.476
67 86 3593.889
67 87 6074.753
67 88 3918.645
67 89 3295.522
67 90 3431.679
67 91 5635.323
67 92 7414.796
67 93 5943.274
67 94 4962.275
67 95 7012.319
67 96 6693.068
67 97 3998.068
67 98 2656.434
67 99 3125.288
67 100 2350.945
68 0 5203.327
68 1 3509.801
68 2 6699.606
68 3 5990.787
68 4 5091.671
68 5 3449.011
68 6 2597.728
68 7 7099.517
68 8 7315.476
68 9 8929.443
68 10 4418.545
68 11 8428.141
68 12 9574.916
68 13 11747.744
68 14 4718.812
68 15 5337.657
68 16 3011.612
68 17 7783.712
68 18 5399.720
68 19 9053.722
68 20 4072.087
68 21 9931.764
68 22 6331.633
68 23 6849.741
68 24 4843.239
68 25 1351.253
68 26 4082.862
68 27 2820.968
68 28 7416.126
68 29 8997.215
68 30 2150.349
68 31 8277.606
68 32 5812.425
68 33 7893.542
68 34 1303.321
68 35 11262.878
68 36 10166.562
68 37 4600.669
68 38 7881.776
68 39 8262.732
68 40 10397.009
68 41 10883.756
68 42 7982.278
68 43 6522.892
68 44 9012.068
68 45 7282.738
68 46 9977.312
68 47 10420.023
68 48 4727.735
68 49 7644.760
68 50 1297.651
68 51 9374.967
68 52 9612.568
68 53 4108.267
68 54 8222.274
68 55 9624.972
68 56 3018.895
68 57 8759.645
68 58 8711.755
68 59 709.141
68 60 5806.684
68 61 8997.369
68 62 10748.132
68 63 8530.778
68 64 8065.640
68 65 2314.255
68 66 1813.895
68 67 2798.594
68 68 0.000
68 69 3093.749
68 70 4568.481
68 71 6451.443
68 72 3824.966
68 73 5654.734
68 74 5381.530
68 75 7296.364
68 76 9790.786
68 77 8779.456
68 78 9545.216
68 79 5725.598
68 80 2135.203
68 81 9541.213
68 82 5961.845
68 83 10806.469
68 84 675.254
68 85 10267.418
68 86 3346.355
68 87 8817.271
68 88 6194.996
68 89 6013.439
68 90 6113.815
68 91 7688.415
68 92 9344.124
68 93 8721.515
68 94 7755.118
68 95 9647.670
68 96 9451.674
68 97 4038.811
68 98 5158.587
68 99 2785.857
68 100 5010.515
69 0 3789.298
69 1 541.824
69 2 5395.704
69 3 3889.697
69 4 3482.267
69 5 2756.591
69 6 1863.688
69 7 5044.656
69 8 4655.710
69 9 6204.180
69 10 1455.902
69 11 5348.530
69 12 6514.073
69 13 10327.013
69 14 2037.462
69 15 4382.498
69 16 2246.249
69 17 5827.106
69 18 2597.835
69 19 6192.812
69 20 1021.059
69 21 8690.061
69 22 6368.670
69 23 6629.513
69 24 2455.379
69 25 3478.486
69 26 4253.397
69 27 1419.198
69 28 5943.350
69 29 6471.664
69 30 947.831
69 31 6876.665
69 32 5598.859
69 33 6202.210
69 34 3118.345
69 35 9539.015
69 36 9202.586
69 37 3507.841
69 38 4789.490
69 39 5908.840
69 40 9278.345
69 41 9560.354
69 42 4960.668
69 43 4457.862
69 44 6689.162
69 45 4798.353
69 46 7828.444
69 47 8477.672
69 48 4174.142
69 49 5298.208
69 50 1807.128
69 51 7581.671
69 52 8050.979
69 53 1386.215
69 54 7123.861
69 55 8790.238
69 56 521.259
69 57 7243.017
69 58 7403.151
69 59 2582.566
69 60 5121.015
69 61 5969.715
69 62 9065.443
69 63 5695.829
69 64 5551.859
69 65 1579.679
69 66 2223.804
69 67 2671.560
69 68 3093.749
69 69 0.000
69 70 1685.919
69 71 4852.655
69 72 2641.669
69 73 5862.528
69 74 3013.923
69 75 5595.268
69 76 7875.520
69 77 6931.117
69 78 6848.755
69 79 2781.944
69 80 1468.678
69 81 6728.821
69 82 4575.366
69 83 9286.271
69 84 2432.080
69 85 8879.310
69 86 1000.680
69 87 7916.668
69 88 3693.560
69 89 4329.533
69 90 5614.992
69 91 4854.588
69 92 6382.706
69 93 7623.547
69 94 6578.949
69 95 7414.229
69 96 8441.328
69 97 1329.516
69 98 3176.593
69 99 798.739
69 100 4689.575
70 0 2898.248
70 1 1667.476
70 2 4330.322
70 3 2496.240
70 4 2522.061
70 5 2756.262
70 6 3489.896
70 7 3581.923
70 8 2974.833
70 9 4518.975
70 10 1709.087
70 11 3958.271
70 12 5047.782
70 13 8983.311
70 14 511.336
70 15 3677.699
70 16 2504.675
70 17 4373.487
70 18 912.920
70 19 4532.405
70 20 766.062
70 21 7468.134
70 22 5973.522
70 23 6065.877
70 24 1118.845
70 25 4588.280
70 26 4261.735
70 27 3001.706
70 28 4735.160
70 29 4801.411
70 30 2484.506
70 31 5650.285
70 32 5150.442
70 33 4862.186
70 34 4781.809
70 35 8084.720
70 36 8098.039
70 37 2922.451
70 38 3510.800
70 39 4288.376
70 40 8096.622
70 41 8275.881
70 42 3426.038
70 43 3030.260
70 44 5066.330
70 45 3156.921
70 46 6245.071
70 47 6957.293
70 48 3769.922
70 49 3693.280
70 50 3360.079
70 51 6140.861
70 52 6699.730
70 53 505.013
70 54 6041.934
70 55 7765.059
70 56 1560.124
70 57 5941.688
70 58 6198.173
70 59 3947.429
70 60 4460.834
70 61 4440.306
70 62 7636.443
70 63 4025.835
70 64 3891.161
70 65 2456.763
70 66 3909.685
70 67 3074.530
70 68 4568.481
70 69 1685.919
70 70 0.000
70 71 3667.152
70 72 2343.185
70 73 5619.020
70 74 1553.937
70 75 4286.321
70 76 6376.903
70 77 5485.575
70 78 5162.979
70 79 1157.229
70 80 3154.077
70 81 5056.002
70 82 3558.561
70 83 7921.220
70 84 3953.947
70 85 7583.213
70 86 2352.116
70 87 6896.282
70 88 2080.990
70 89 3154.334
70 90 4999.484
70 91 3181.320
70 92 4778.071
70 93 6515.510
70 94 5488.978
70 95 5809.204
70 96 7341.691
70 97 2122.077
70 98 1999.429
70 99 2435.474
70 100 4320.109
71 0 1248.118
71 1 5117.466
71 2 746.995
71 3 1285.787
71 4 1418.967
71 5 3014.696
71 6 6659.672
71 7 1143.241
71 8 2800.614
71 9 3916.772
71 10 5374.334
71 11 5621.103
71 12 6137.772
71 13 5491.324
71 14 3156.011
71 15 1446.152
71 16 3447.680
71 17 1463.887
71 18 3169.000
71 19 4509.194
71 20 4338.421
71 21 3843.132
71 22 3353.268
71 23 3086.632
71 24 2554.645
71 25 5650.542
71 26 3248.037
71 27 6261.285
71 28 1091.701
71 29 3404.363
71 30 5131.522
71 31 2024.755
71 32 2658.191
71 33 1444.480
71 34 7279.691
71 35 4834.114
71 36 4431.284
71 37 1880.038
71 38 5619.399
71 39 2476.009
71 40 4449.603
71 41 4708.531
71 42 4741.405
71 43 1043.231
71 44 3004.534
71 45 2259.109
71 46 3657.901
71 47 3979.308
71 48 2193.946
71 49 2064.717
71 50 5741.738
71 51 2923.739
71 52 3239.988
71 53 3610.415
71 54 2379.953
71 55 4109.285
71 56 4406.535
71 57 2406.611
71 58 2558.118
71 59 5748.335
71 60 1769.650
71 61 5412.838
71 62 4329.225
71 63 4056.320
71 64 2728.057
71 65 4281.784
71 66 6741.529
71 67 3694.553
71 68 6451.443
71 69 4852.655
71 70 3667.152
71 71 0.000
71 72 2638.210
71 73 3422.809
71 74 2161.949
71 75 846.400
71 76 3350.143
71 77 2335.961
71 78 4282.374
71 79 3614.829
71 80 6106.549
71 81 4666.750
71 82 579.923
71 83 4471.531
71 84 6103.310
71 85 4030.741
71 86 5791.259
71 87 3248.982
71 88 2175.875
71 89 525.184
71 90 2182.708
71 91 3589.201
71 92 5204.764
71 93 2848.425
71 94 1829.124
71 95 3436.394
71 96 3674.542
71 97 5741.532
71 98 1701.240
71 99 5633.115
71 100 2419.127
72 0 1396.590
72 1 3074.908
72 2 2982.611
72 3 2271.762
72 4 1270.007
72 5 542.237
72 6 4244.114
72 7 3307.383
72 8 3923.170
72 9 5500.128
72 10 3695.504
72 11 5959.554
72 12 6882.183
72 13 8054.499
72 14 2031.340
72 15 1778.534
72 16 813.407
72 17 3963.507
72 18 2609.770
72 19 5816.926
72 20 2619.464
72 21 6303.271
72 22 3770.890
72 23 3992.086
72 24 1663.927
72 25 3166.045
72 26 1921.192
72 27 3925.557
72 28 3651.248
72 29 5371.537
72 30 2624.940
72 31 4553.727
72 32 2977.240
72 33 4082.651
72 34 4652.912
72 35 7469.689
72 36 6701.867
72 37 903.949
72 38 5647.599
72 39 4553.494
72 40 6840.189
72 41 7225.781
72 42 5241.166
72 43 2753.825
72 44 5267.653
72 45 3714.149
72 46 6168.143
72 47 6595.685
72 48 1546.711
72 49 3955.809
72 50 3130.883
72 51 5559.623
72 52 5849.683
72 53 1943.920
72 54 4647.031
72 55 6242.660
72 56 2124.359
72 57 5001.304
72 58 5034.354
72 59 3118.152
72 60 2486.725
72 61 6188.805
72 62 6961.380
72 63 5283.895
72 64 4471.539
72 65 1665.832
72 66 4188.633
72 67 1183.586
72 68 3824.966
72 69 2641.669
72 70 2343.185
72 71 2638.210
72 72 0.000
72 73 3333.153
72 74 1978.931
72 75 3478.734
72 76 5966.644
72 77 4956.516
72 78 6053.994
72 79 3141.928
72 80 3626.552
72 81 6198.663
72 82 2189.708
72 83 7067.886
72 84 3465.998
72 85 6574.647
72 86 3642.250
72 87 5378.565
72 88 2764.537
72 89 2188.537
72 90 2973.592
72 91 4511.712
72 92 6302.629
72 93 5154.899
72 94 4126.874
72 95 5860.960
72 96 5948.858
72 97 3847.254
72 98 1474.919
72 99 3318.341
72 100 2082.056
73 0 3021.416
73 1 6346.887
73 2 2944.848
73 3 4286.315
73 4 3367.805
73 5 3107.166
73 6 7154.692
73 7 4565.747
73 8 6105.178
73 9 7338.304
73 10 7024.591
73 11 8741.638
73 12 9428.093
73 13 6868.758
73 14 5222.935
73 15 2211.193
73 16 3626.344
73 17 4707.884
73 18 5642.257
73 19 7909.049
73 20 5952.617
73 21 5027.110
73 22 697.070
73 23 1329.732
73 24 4695.407
73 25 4377.376
73 26 1677.244
73 27 6958.592
73 28 3571.211
73 29 6799.956
73 30 5547.008
73 31 3967.478
73 32 782.629
73 33 4245.671
73 34 6874.140
73 35 6874.409
73 36 4918.459
73 37 2724.549
73 38 8586.338
73 39 5872.166
73 40 5288.655
73 41 5966.838
73 42 7906.067
73 43 4360.363
73 44 6297.490
73 45 5626.168
73 46 6615.887
73 47 6549.181
73 48 1854.762
73 49 5487.400
73 50 5664.923
73 51 5448.530
73 52 5230.578
73 53 5264.367
73 54 3450.072
73 55 4303.428
73 56 5344.604
73 57 4503.334
73 58 4130.550
73 59 5123.520
73 60 1653.159
73 61 8699.675
73 62 6365.307
73 63 7434.187
73 64 6150.026
73 65 4467.385
73 66 6821.341
73 67 3318.483
73 68 5654.734
73 69 5862.528
73 70 5619.020
73 71 3422.809
73 72 3333.153
73 73 0.000
73 74 4700.059
73 75 3943.044
73 76 5996.737
73 77 5120.206
73 78 7696.761
73 79 6187.311
73 80 6483.451
73 81 8088.782
73 82 2935.376
73 83 6165.763
73 84 5675.576
73 85 5512.133
73 86 6839.684
73 87 3661.304
73 88 5186.772
73 89 3492.200
73 90 1333.208
73 91 6868.695
73 92 8575.749
73 93 3831.267
73 94 3249.883
73 95 6551.054
73 96 4330.530
73 97 7139.178
73 98 3989.063
73 99 6415.381
73 100 1310.866
74 0 1698.539
74 1 3148.161
74 2 2867.805
74 3 942.810
74 4 1334.110
74 5 2520.404
74 6 4877.575
74 7 2049.076
74 8 1983.244
74 9 3593.298
74 10 3255.683
74 11 4096.557
74 12 4938.438
74 13 7431.611
74 14 1053.009
74 15 2535.577
74 16 2601.710
74 17 2839.832
74 18 1032.839
74 19 3851.160
74 20 2286.965
74 21 5920.947
74 22 4910.338
74 23 4870.127
74 24 570.113
74 25 5010.330
74 26 3698.473
74 27 4420.832
74 28 3202.889
74 29 3619.052
74 30 3570.142
74 31 4107.419
74 32 4092.359
74 33 3308.251
74 34 5891.312
74 35 6558.784
74 36 6575.310
74 37 2039.082
74 38 3889.928
74 39 2940.932
74 40 6555.133
74 41 6722.197
74 42 3318.495
74 43 1481.494
74 44 3715.793
74 45 1902.826
74 46 4820.259
74 47 5467.840
74 48 2894.613
74 49 2320.208
74 50 4359.104
74 51 4606.778
74 52 5147.341
74 53 1638.819
74 54 4540.335
74 55 6270.644
74 56 2682.760
74 57 4388.301
74 58 4657.583
74 59 4688.164
74 60 3279.665
74 61 4232.608
74 62 6100.641
74 63 3316.637
74 64 2685.723
74 65 3069.576
74 66 5150.998
74 67 3110.891
74 68 5381.530
74 69 3013.923
74 70 1553.937
74 71 2161.949
74 72 1978.931
74 73 4700.059
74 74 0.000
74 75 2734.942
74 76 4871.676
74 77 3951.870
74 78 4185.386
74 79 1538.820
74 80 4431.077
74 81 4261.560
74 82 2164.858
74 83 6371.337
74 84 4867.316
74 85 6029.378
74 86 3840.551
74 87 5410.792
74 88 824.484
74 89 1675.700
74 90 3816.914
74 91 2533.197
74 92 4323.749
74 93 5000.291
74 94 3990.689
74 95 4418.946
74 96 5823.998
74 97 3673.482
74 98 711.003
74 99 3811.236
74 100 3403.581
75 0 2093.571
75 1 5820.271
75 2 998.200
75 3 1792.791
75 4 2238.384
75 5 3861.092
75 6 7427.420
75 7 969.432
75 8 2780.877
75 9 3564.233
75 10 5990.623
75 11 5656.987
75 12 6010.159
75 13 4733.512
75 14 3779.162
75 15 2211.294
75 16 4290.048
75 17 765.454
75 18 3663.938
75 19 4240.048
75 20 4999.453
75 21 3188.753
75 22 3738.241
75 23 3335.263
75 24 3208.647
75 25 6491.854
75 26 4012.248
75 27 7012.372
75 28 608.991
75 29 2897.106
75 30 5931.421
75 31 1391.450
75 32 3160.439
75 33 614.174
75 34 8109.438
75 35 4006.334
75 36 3893.457
75 37 2724.279
75 38 5757.913
75 39 1989.523
75 40 3831.339
75 41 3993.448
75 42 4769.002
75 43 1309.533
75 44 2354.668
75 45 2181.439
75 46 2852.268
75 47 3133.408
75 48 2967.457
75 49 1772.405
75 50 6566.675
75 51 2080.917
75 52 2455.934
75 53 4298.060
75 54 1977.296
75 55 3669.867
75 56 5171.250
75 57 1659.418
75 58 1943.493
75 59 6592.489
75 60 2336.187
75 61 5303.935
75 62 3508.416
75 63 3851.144
75 64 2409.634
75 65 5111.699
75 66 7545.953
75 67 4540.513
75 68 7296.364
75 69 5595.268
75 70 4286.321
75 71 846.400
75 72 3478.734
75 73 3943.044
75 74 2734.942
75 75 0.000
75 76 2504.481
75 77 1490.302
75 78 3820.999
75 79 4038.827
75 80 6893.961
75 81 4293.651
75 82 1387.184
75 83 3691.527
75 84 6940.779
75 85 3303.130
75 86 6504.725
75 87 2863.303
75 88 2504.686
75 89 1308.985
75 90 2622.956
75 91 3551.823
75 92 4983.801
75 93 2365.111
75 94 1491.359
75 95 2677.728
75 96 3163.837
75 97 6398.020
75 98 2418.724
75 99 6385.811
75 100 3110.762
76 0 4593.950
76 1 8015.602
76 2 3295.165
76 3 3991.286
76 4 4706.353
76 5 6363.970
76 6 9736.813
76 7 2831.106
76 8 3889.786
76 9 3532.923
76 10 8002.418
76 11 6342.598
76 12 6203.324
76 13 2905.821
76 14 5906.039
76 15 4662.026
76 16 6779.953
76 17 2057.397
76 18 5580.706
76 19 4290.637
76 20 7136.198
76 21 2343.803
76 22 5584.908
76 23 4996.863
76 24 5421.027
76 25 8993.699
76 26 6423.486
76 27 9289.252
76 28 2545.748
76 29 2594.461
76 30 8324.038
76 31 2048.690
76 32 5251.259
76 33 1938.835
76 34 10560.558
76 35 1741.848
76 36 3330.070
76 37 5228.681
76 38 6696.820
76 39 2343.798
76 40 2935.562
76 41 2550.790
76 42 5546.521
76 43 3421.170
76 44 1797.436
76 45 3406.482
76 46 885.798
76 47 629.498
76 48 5407.881
76 49 2791.305
76 50 9010.447
76 51 555.161
76 52 1216.060
76 53 6510.105
76 54 2751.128
76 55 3543.171
76 56 7502.278
76 57 1546.005
76 58 2087.380
76 59 9084.694
76 60 4591.663
76 61 5638.339
76 62 1383.883
76 63 4183.722
76 64 2965.326
76 65 7572.168
76 66 9937.968
76 67 7044.696
76 68 9790.786
76 69 7875.520
76 70 6376.903
76 71 3350.143
76 72 5966.644
76 73 5996.737
76 74 4871.676
76 75 2504.481
76 76 0.000
76 77 1014.210
76 78 3335.098
76 79 5787.644
76 80 9251.814
76 81 3997.026
76 82 3882.250
76 83 1892.042
76 84 9413.944
76 85 1994.786
76 86 8708.115
76 87 3205.086
76 88 4324.215
76 89 3778.605
76 90 4691.611
76 91 4399.961
76 92 5038.747
76 93 2654.611
76 94 2766.800
76 95 1235.262
76 96 2955.020
76 97 8482.575
76 98 4766.328
76 99 8674.256
76 100 5454.489
77 0 3580.433
77 1 7099.197
77 2 2315.521
77 3 3042.094
77 4 3700.142
77 5 5350.049
77 6 8786.490
77 7 1904.462
77 8 3254.211
77 9 3319.611
77 10 7146.865
77 11 5942.817
77 12 5995.173
77 13 3551.959
77 14 4999.822
77 15 3661.943
77 16 5769.536
77 17 1112.593
77 18 4735.234
77 19 4083.369
77 20 6235.031
77 21 2429.659
77 22 4769.139
77 23 4229.294
77 24 4485.673
77 25 7980.644
77 26 5438.437
77 27 8349.106
77 28 1581.955
77 29 2421.445
77 30 7344.455
77 31 1335.647
77 32 4355.358
77 33 938.477
77 34 9563.440
77 35 2609.055
77 36 3356.494
77 37 4214.558
77 38 6207.407
77 39 1827.309
77 40 3097.810
77 41 2974.611
77 42 5093.802
77 43 2476.819
77 44 1623.792
77 45 2700.777
77 46 1496.500
77 47 1643.371
77 48 4412.225
77 49 2091.845
77 50 8015.053
77 51 655.345
77 52 1351.010
77 53 5581.980
77 54 2144.468
77 55 3384.338
77 56 6540.794
77 57 1018.861
77 58 1621.736
77 59 8073.985
77 60 3641.622
77 61 5360.373
77 62 2150.870
77 63 3855.395
77 64 2458.472
77 65 6570.725
77 66 8960.184
77 67 6030.510
77 68 8779.456
77 69 6931.117
77 70 5485.575
77 71 2335.961
77 72 4956.516
77 73 5120.206
77 74 3951.870
77 75 1490.302
77 76 1014.210
77 77 0.000
77 78 3313.552
77 79 4998.516
77 80 8284.672
77 81 3925.944
77 82 2870.326
77 83 2481.584
77 84 8409.283
77 85 2301.924
77 86 7791.192
77 87 2820.376
77 88 3482.709
77 89 2770.200
77 90 3794.191
77 91 3882.533
77 92 4857.536
77 93 2230.093
77 94 1990.596
77 95 1511.699
77 96 2787.818
77 97 7604.733
77 98 3789.678
77 99 7729.062
77 100 4486.462
78 0 5092.864
78 1 6758.194
78 2 4791.234
78 3 3822.414
78 4 4942.913
78 5 6584.574
78 6 8607.792
78 7 3142.687
78 8 2231.516
78 9 650.608
78 10 6366.308
78 11 3317.832
78 12 2914.168
78 13 6124.098
78 14 4875.772
78 15 5660.673
78 16 6762.521
78 17 3078.486
78 18 4253.026
78 19 1109.334
78 20 5874.173
78 21 5615.168
78 22 7551.630
78 23 7152.607
78 24 4704.489
78 25 9180.621
78 26 7374.567
78 27 8104.549
78 28 4340.942
78 29 935.422
78 30 7601.187
78 31 4571.811
78 32 6922.257
78 33 3756.756
78 34 9927.889
78 35 4788.183
78 36 6590.044
78 37 5729.192
78 38 3844.093
78 39 1834.648
78 40 6244.691
78 41 5880.971
78 42 2724.770
78 43 3479.695
78 44 1689.761
78 45 2340.578
78 46 2548.984
78 47 3523.947
78 48 6349.919
78 49 2240.802
78 50 8447.963
78 51 3615.832
78 52 4459.845
78 53 5528.844
78 54 5387.095
78 55 6685.502
78 56 6670.010
78 57 4332.169
78 58 4931.641
78 59 8861.087
78 60 6046.429
78 61 2447.534
78 62 4612.342
78 63 1323.859
78 64 1614.051
78 65 7244.171
78 66 9072.555
78 67 7232.892
78 68 9545.216
78 69 6848.755
78 70 5162.979
78 71 4282.374
78 72 6053.994
78 73 7696.761
78 74 4185.386
78 75 3820.999
78 76 3335.098
78 77 3313.552
78 78 0.000
78 79 4126.517
78 80 8316.060
78 81 667.471
78 82 4815.408
78 83 5191.965
78 84 8997.635
78 85 5323.379
78 86 7391.405
78 87 6127.021
78 88 3361.719
78 89 4333.868
78 90 6411.147
78 91 2057.429
78 92 1757.767
78 93 5536.846
78 94 5090.705
78 95 2104.160
78 96 6085.635
78 97 6930.672
78 98 4579.388
78 99 7579.537
78 100 6670.621
79 0 3224.839
79 1 2636.235
79 2 4348.922
79 3 2329.801
79 4 2849.889
79 5 3634.348
79 6 4484.308
79 7 3170.235
79 8 2052.776
79 9 3476.092
79 10 2298.235
79 11 2868.354
79 12 3912.177
79 13 8549.897
79 14 1153.761
79 15 4060.939
79 16 3499.419
79 17 3922.696
79 18 547.595
79 19 3412.195
79 20 1772.329
79 21 7196.978
79 22 6434.117
79 23 6408.658
79 24 1514.316
79 25 5709.255
79 26 5029.089
79 27 3979.567
79 28 4578.282
79 29 3886.915
79 30 3629.913
79 31 5429.296
79 32 5611.804
79 33 4542.421
79 34 5899.582
79 35 7527.150
79 36 7932.169
79 37 3474.003
79 38 2506.771
79 39 3533.484
79 40 7853.992
79 41 7920.620
79 42 2276.880
79 43 2730.333
79 44 4283.082
79 45 2398.980
79 46 5518.469
79 47 6323.475
79 48 4347.721
79 49 3002.062
79 50 4509.308
79 51 5640.500
79 52 6300.404
79 53 1636.247
79 54 5955.469
79 55 7681.552
79 56 2713.331
79 57 5624.493
79 58 5980.348
79 59 5102.766
79 60 4814.886
79 61 3288.738
79 62 7119.468
79 63 2922.453
79 64 3034.077
79 65 3585.809
79 66 4989.367
79 67 4068.788
79 68 5725.598
79 69 2781.944
79 70 1157.229
79 71 3614.829
79 72 3141.928
79 73 6187.311
79 74 1538.820
79 75 4038.827
79 76 5787.644
79 77 4998.516
79 78 4126.517
79 79 0.000
79 80 4229.838
79 81 3956.469
79 82 3690.788
79 83 7479.289
79 84 5108.206
79 85 7228.202
79 86 3265.388
79 87 6839.960
79 88 1544.863
79 89 3169.906
79 90 5353.598
79 91 2089.728
79 92 3623.701
79 93 6386.992
79 94 5417.336
79 95 5048.733
79 96 7197.919
79 97 2840.754
79 98 2228.788
79 99 3471.019
79 100 4878.759
80 0 4946.861
80 1 1644.144
80 2 6569.818
80 3 5262.435
80 4 4693.601
80 5 3537.269
80 6 673.772
80 7 6425.724
80 8 6124.028
80 9 7670.632
80 10 2431.458
80 11 6650.242
80 12 7843.579
80 13 11596.910
80 14 3494.628
80 15 5400.543
80 16 2973.678
80 17 7194.963
80 18 4066.394
80 19 7641.174
80 20 2457.524
80 21 9895.899
80 22 7076.176
80 23 7446.137
80 24 3862.868
80 25 3042.187
80 26 4806.975
80 27 692.589
80 28 7181.892
80 29 7936.416
80 30 1001.918
80 31 8108.603
80 32 6381.361
80 33 7507.393
80 34 1726.829
80 35 10881.691
80 36 10327.152
80 37 4530.381
80 38 6043.790
80 39 7353.882
80 40 10452.415
80 41 10797.741
80 42 6345.279
80 43 5832.476
80 44 8133.435
80 45 6254.466
80 46 9250.502
80 47 9863.379
80 48 5025.250
80 49 6738.683
80 50 1006.455
80 51 8927.683
80 52 9341.841
80 53 2836.005
80 54 8265.390
80 55 9867.813
80 56 1752.746
80 57 8513.158
80 58 8614.549
80 59 1933.907
80 60 6068.525
80 61 7341.556
80 62 10395.318
80 63 7151.052
80 64 7013.728
80 65 2052.346
80 66 759.534
80 67 3168.264
80 68 2135.203
80 69 1468.678
80 70 3154.077
80 71 6106.549
80 72 3626.552
80 73 6483.451
80 74 4431.077
80 75 6893.961
80 76 9251.814
80 77 8284.672
80 78 8316.060
80 79 4229.838
80 80 0.000
80 81 8184.938
80 82 5753.669
80 83 10576.016
80 84 1492.418
80 85 10129.585
80 86 1263.174
80 87 9004.978
80 88 5144.564
80 89 5595.741
80 90 6509.114
80 91 6312.923
80 92 7796.186
80 93 8772.348
80 94 7736.427
80 95 8848.366
80 96 9572.476
80 97 1968.628
80 98 4495.973
80 99 790.999
80 100 5475.664
81 0 5357.169
81 1 6587.040
81 2 5232.946
81 3 4041.738
81 4 5165.788
81 5 6737.866
81 6 8428.798
81 7 3525.764
81 8 2280.195
81 9 751.044
81 10 6113.651
81 11 2740.205
81 12 2251.189
81 13 6791.100
81 14 4827.547
81 15 5988.266
81 16 6863.011
81 17 3579.971
81 18 4165.720
81 19 596.978
81 20 5727.832
81 21 6261.499
81 22 7989.456
81 23 7626.342
81 24 4739.895
81 25 9269.849
81 26 7643.817
81 27 7921.523
81 28 4844.135
81 29 1506.590
81 30 7531.134
81 31 5148.713
81 32 7324.309
81 33 4295.402
81 34 9837.623
81 35 5452.746
81 36 7231.914
81 37 5965.735
81 38 3313.835
81 39 2315.176
81 40 6896.721
81 41 6545.108
81 42 2251.688
81 43 3777.576
81 44 2309.685
81 45 2548.959
81 46 3216.455
81 47 4191.091
81 48 6644.485
81 49 2602.399
81 50 8395.499
81 51 4261.414
81 52 5107.584
81 53 5462.406
81 54 5957.635
81 55 7308.185
81 56 6599.082
81 57 4940.869
81 58 5533.817
81 59 8872.422
81 60 6435.910
81 61 1823.813
81 62 5279.805
81 63 1034.025
81 64 1938.782
81 65 7267.358
81 66 8944.402
81 67 7361.660
81 68 9541.213
81 69 6728.821
81 70 5056.002
81 71 4666.750
81 72 6198.663
81 73 8088.782
81 74 4261.560
81 75 4293.651
81 76 3997.026
81 77 3925.944
81 78 667.471
81 79 3956.469
81 80 8184.938
81 81 0.000
81 82 5169.240
81 83 5858.575
81 84 8966.597
81 85 5981.317
81 86 7191.810
81 87 6722.934
81 88 3444.089
81 89 4651.788
81 90 6832.450
81 91 1874.928
81 92 1104.949
81 93 6134.364
81 94 5630.563
81 95 2768.982
81 96 6709.702
81 97 6685.239
81 98 4738.663
81 99 7427.052
81 100 7003.450
82 0 807.513
82 1 4889.384
82 2 821.267
82 3 1452.022
82 4 1095.609
82 5 2513.063
82 6 6334.346
82 7 1675.719
82 8 3186.599
82 9 4418.241
82 10 5240.990
82 11 5926.316
82 12 6525.669
82 13 5867.630
82 14 3057.232
82 15 868.995
82 16 2982.234
82 17 2042.823
82 18 3197.693
82 19 4973.998
82 20 4170.015
82 21 4142.387
82 22 2946.603
82 23 2775.654
82 24 2443.601
82 25 5112.007
82 26 2668.245
82 27 5961.616
82 28 1462.853
82 29 3954.768
82 30 4762.753
82 31 2366.821
82 32 2196.315
82 33 1949.670
82 34 6841.624
82 35 5301.176
82 36 4628.762
82 37 1362.294
82 38 5863.279
82 39 3030.135
82 40 4710.006
82 41 5048.875
82 42 5061.612
82 43 1426.665
82 44 3580.882
82 45 2691.443
82 46 4227.407
82 47 4509.073
82 48 1614.084
82 49 2579.683
82 50 5319.430
82 51 3430.064
82 52 3663.341
82 53 3423.817
82 54 2549.557
82 55 4239.571
82 56 4101.882
82 57 2813.080
82 58 2861.458
82 59 5264.746
82 60 1300.847
82 61 5797.254
82 62 4787.508
82 63 4499.808
82 64 3234.585
82 65 3854.067
82 66 6357.093
82 67 3180.179
82 68 5961.845
82 69 4575.366
82 70 3558.561
82 71 579.923
82 72 2189.708
82 73 2935.376
82 74 2164.858
82 75 1387.184
82 76 3882.250
82 77 2870.326
82 78 4815.408
82 79 3690.788
82 80 5753.669
82 81 5169.240
82 82 0.000
82 83 4878.393
82 84 5646.290
82 85 4389.973
82 86 5543.952
82 87 3365.119
82 88 2387.953
82 89 580.766
82 90 1780.766
82 91 3963.234
82 92 5643.291
82 93 3048.182
82 94 2003.591
82 95 4014.850
82 96 3867.135
82 97 5561.403
82 98 1561.718
82 99 5335.184
82 100 1859.320
83 0 5676.211
83 1 9498.600
83 2 4108.666
83 3 5436.762
83 4 5889.602
83 5 7367.800
83 6 11117.743
83 7 4350.887
83 8 5696.007
83 9 5422.690
83 10 9602.492
83 11 8231.634
83 12 8083.458
83 13 1070.618
83 14 7424.345
83 15 5475.576
83 16 7857.847
83 17 3568.466
83 18 7203.065
83 19 6177.066
83 20 8657.115
83 21 1222.534
83 22 5595.674
83 23 4927.813
83 24 6878.759
83 25 9838.516
83 26 7039.045
83 27 10703.791
83 28 3417.036
83 29 4485.292
83 30 9603.051
83 31 2528.920
83 32 5537.489
83 33 3084.561
83 34 11719.926
83 35 865.315
83 36 1968.486
83 37 6220.618
83 38 8571.040
83 39 4183.072
83 40 1439.709
83 41 745.545
83 42 7426.525
83 43 4891.109
83 44 3688.521
83 45 5166.493
83 46 2649.960
83 47 1710.024
83 48 6143.817
83 49 4550.421
83 50 10195.595
83 51 1852.922
83 52 1235.706
83 53 7974.954
83 54 2741.790
83 55 2454.051
83 56 8861.483
83 57 2068.760
83 58 2127.643
83 59 10119.912
83 60 5136.153
83 61 7528.584
83 62 626.572
83 63 6075.127
83 64 4817.379
83 65 8730.653
83 66 11212.220
83 67 8008.023
83 68 10806.469
83 69 9286.271
83 70 7921.220
83 71 4471.531
83 72 7067.886
83 73 6165.763
83 74 6371.337
83 75 3691.527
83 76 1892.042
83 77 2481.584
83 78 5191.965
83 79 7479.289
83 80 10576.016
83 81 5858.575
83 82 4878.393
83 83 0.000
83 84 10520.615
83 85 672.325
83 86 10186.520
83 87 2619.387
83 88 5956.644
83 89 4980.369
83 90 5030.799
83 91 6259.416
83 92 6918.084
83 93 2335.060
83 94 3100.563
83 95 3091.930
83 96 2039.611
83 97 10043.207
83 98 6110.043
83 99 10077.329
83 100 6020.727
84 0 4862.090
84 1 2836.740
84 2 6415.857
84 3 5536.466
84 4 4709.182
84 5 3162.078
84 6 2017.801
84 7 6670.146
84 8 6766.207
84 9 8373.317
84 10 3743.373
84 11 7776.397
84 12 8931.636
84 13 11488.746
84 14 4139.231
84 15 5093.416
84 16 2664.059
84 17 7381.837
84 18 4807.970
84 19 8466.296
84 20 3423.973
84 21 9699.565
84 22 6329.434
84 23 6800.312
84 24 4314.505
84 25 1659.663
84 26 4037.110
84 27 2184.513
84 28 7108.957
84 29 8485.449
84 30 1497.243
84 31 7996.115
84 32 5741.908
84 33 7547.308
84 34 1231.640
84 35 10935.685
84 36 9995.902
84 37 4301.163
84 38 7221.494
84 39 7783.219
84 40 10194.770
84 41 10640.759
84 42 7351.024
84 43 6083.904
84 44 8543.806
84 45 6769.177
84 46 9551.644
84 47 10041.155
84 48 4546.828
84 49 7162.131
84 50 626.696
84 51 9021.102
84 52 9309.624
84 53 3510.348
84 54 8003.938
84 55 9477.645
84 56 2394.875
84 57 8458.850
84 58 8454.358
84 59 578.238
84 60 5632.814
84 61 8365.253
84 62 10426.970
84 63 7948.209
84 64 7551.432
84 65 1848.115
84 66 1318.493
84 67 2573.152
84 68 675.254
84 69 2432.080
84 70 3953.947
84 71 6103.310
84 72 3465.998
84 73 5675.576
84 74 4867.316
84 75 6940.779
84 76 9413.944
84 77 8409.283
84 78 8997.635
84 79 5108.206
84 80 1492.418
84 81 8966.597
84 82 5646.290
84 83 10520.615
84 84 0.000
84 85 10006.365
84 86 2677.614
84 87 8647.888
84 88 5667.825
84 89 5639.930
84 90 5987.943
84 91 7103.405
84 92 8731.574
84 93 8508.922
84 94 7514.405
84 95 9202.072
84 96 9264.995
84 97 3366.657
84 98 4708.698
84 99 2113.033
84 100 4891.685
85 0 5195.931
85 1 9120.850
85 2 3594.230
85 3 5087.028
85 4 5436.216
85 5 6845.389
85 6 10689.944
85 7 4062.223
85 8 5555.355
85 9 5476.789
85 10 9281.566
85 11 8211.921
85 12 8163.127
85 13 1482.396
85 14 7078.502
85 15 4929.791
85 16 7350.971
85 17 3309.664
85 18 6912.631
85 19 6242.532
85 20 8302.130
85 21 559.392
85 22 4932.495
85 23 4262.582
85 24 6511.776
85 25 9264.753
85 26 6437.457
85 27 10290.955
85 28 2947.822
85 29 4539.719
85 30 9145.780
85 31 2023.574
85 32 4899.930
85 33 2721.874
85 34 11216.042
85 35 1503.260
85 36 1429.598
85 37 5707.431
85 38 8501.967
85 39 4104.963
85 40 960.645
85 41 694.304
85 42 7377.527
85 43 4564.339
85 44 3720.819
85 45 4994.454
85 46 2850.909
85 47 2022.513
85 48 5572.510
85 49 4391.047
85 50 9705.353
85 51 1762.773
85 52 950.916
85 53 7599.986
85 54 2115.947
85 55 1835.234
85 56 8437.269
85 57 1643.712
85 58 1555.666
85 59 9588.498
85 60 4541.381
85 61 7569.925
85 62 1117.236
85 63 6083.930
85 64 4742.257
85 65 8240.479
85 66 10745.898
85 67 7470.476
85 68 10267.418
85 69 8879.310
85 70 7583.213
85 71 4030.741
85 72 6574.647
85 73 5512.133
85 74 6029.378
85 75 3303.130
85 76 1994.786
85 77 2301.924
85 78 5323.379
85 79 7228.202
85 80 10129.585
85 81 5981.317
85 82 4389.973
85 83 672.325
85 84 10006.365
85 85 0.000
85 86 9803.026
85 87 1947.068
85 88 5687.681
85 89 4551.071
85 90 4404.990
85 91 6177.144
85 92 7002.741
85 93 1682.564
85 94 2519.935
85 95 3229.562
85 96 1378.447
85 97 9699.251
85 98 5708.094
85 99 9662.907
85 100 5419.213
86 0 4768.038
86 1 692.580
86 2 6361.529
86 3 4756.326
86 4 4448.399
86 5 3740.611
86 6 1253.625
86 7 5889.589
86 8 5275.403
86 9 6740.843
86 10 1197.136
86 11 5459.940
86 12 6665.186
86 13 11236.827
86 14 2802.905
86 15 5379.836
86 16 3213.897
86 17 6679.871
86 18 3231.688
86 19 6625.463
86 20 1586.187
86 21 9634.323
86 22 7358.776
86 23 7628.602
86 24 3310.287
86 25 4053.470
86 26 5210.256
86 27 748.727
86 28 6882.812
86 29 7115.834
86 30 1497.557
86 31 7815.189
86 32 6594.751
86 33 7103.977
86 34 2958.619
86 35 10399.070
86 36 10172.491
86 37 4506.696
86 38 4832.106
86 39 6638.763
86 40 10233.186
86 41 10488.841
86 42 5227.879
86 43 5315.658
86 44 7415.477
86 45 5503.289
86 46 8596.936
86 47 9296.874
86 48 5172.266
86 49 6045.392
86 50 2091.584
86 51 8445.557
86 52 8954.163
86 53 2212.547
86 54 8093.340
86 55 9771.527
86 56 1519.180
86 57 8161.274
86 58 8348.581
86 59 3012.635
86 60 6121.166
86 61 6202.291
86 62 9937.643
86 63 6162.298
86 64 6222.114
86 65 2450.064
86 66 1937.317
86 67 3593.889
86 68 3346.355
86 69 1000.680
86 70 2352.116
86 71 5791.259
86 72 3642.250
86 73 6839.684
86 74 3840.551
86 75 6504.725
86 76 8708.115
86 77 7791.192
86 78 7391.405
86 79 3265.388
86 80 1263.174
86 81 7191.810
86 82 5543.952
86 83 10186.520
86 84 2677.614
86 85 9803.026
86 86 0.000
86 87 8897.119
86 88 4432.877
86 89 5266.171
86 90 6615.655
86 91 5345.564
86 92 6706.192
86 93 8589.787
86 94 7545.439
86 95 8160.820
86 96 9410.778
86 97 705.515
86 98 4096.530
86 99 581.210
86 100 5683.994
87 0 4129.132
87 1 8250.499
87 2 2567.265
87 3 4517.347
87 4 4456.783
87 5 5526.600
87 6 9618.780
87 7 3826.528
87 8 5611.227
87 9 6075.226
87 10 8594.069
87 11 8470.930
87 12 8697.232
87 13 3212.969
87 14 6387.539
87 15 3607.679
87 16 6075.263
87 17 3310.641
87 18 6413.704
87 19 6822.313
87 20 7531.982
87 21 1410.071
87 22 3037.509
87 23 2361.637
87 24 5777.641
87 25 7700.022
87 26 4808.407
87 27 9277.080
87 28 2277.070
87 29 5217.171
87 30 8003.175
87 31 1600.433
87 32 3141.710
87 33 2541.106
87 34 9878.165
87 35 3426.772
87 36 1349.596
87 37 4474.642
87 38 8610.071
87 39 4489.525
87 40 1636.180
87 41 2314.340
87 42 7587.541
87 43 4131.048
87 44 4439.516
87 45 5007.748
87 46 4059.515
87 47 3549.661
87 48 4102.228
87 49 4509.850
87 50 8436.364
87 51 2701.437
87 52 2054.088
87 53 6787.678
87 54 888.886
87 55 874.842
87 56 7427.392
87 57 1805.439
87 58 1198.981
87 59 8174.724
87 60 3016.443
87 61 8022.334
87 62 2972.694
87 63 6522.449
87 64 5059.797
87 65 7001.952
87 66 9543.299
87 67 6074.753
87 68 8817.271
87 69 7916.668
87 70 6896.282
87 71 3248.982
87 72 5378.565
87 73 3661.304
87 74 5410.792
87 75 2863.303
87 76 3205.086
87 77 2820.376
87 78 6127.021
87 79 6839.960
87 80 9004.978
87 81 6722.934
87 82 3365.119
87 83 2619.387
87 84 8647.888
87 85 1947.068
87 86 8897.119
87 87 0.000
87 88 5336.993
87 89 3746.144
87 90 2727.031
87 91 6357.194
87 92 7595.096
87 93 590.461
87 94 1423.627
87 95 4255.541
87 96 670.593
87 97 8926.093
87 98 4900.783
87 99 8656.293
87 100 3819.619
88 0 2181.098
88 1 3745.989
88 2 2922.867
88 3 935.934
88 4 1883.703
88 5 3306.271
88 6 5543.703
88 7 1626.525
88 8 1163.894
88 9 2769.284
88 10 3678.565
88 11 3560.789
88 12 4277.820
88 13 7026.719
88 14 1656.936
88 15 2976.044
88 16 3420.478
88 17 2389.944
88 18 1257.402
88 19 3052.848
88 20 2847.045
88 21 5652.232
88 22 5302.986
88 23 5163.539
88 24 1353.784
88 25 5832.815
88 26 4368.515
88 27 5066.858
88 28 3062.485
88 29 2822.907
88 30 4330.108
88 31 3891.603
88 32 4512.369
88 33 2997.690
88 34 6661.501
88 35 6050.553
88 36 6396.505
88 37 2670.880
88 38 3475.565
88 39 2216.727
88 40 6310.009
88 41 6380.903
88 42 2719.546
88 43 1206.181
88 44 2996.938
88 45 1114.000
88 46 4164.097
88 47 4890.848
88 48 3471.450
88 49 1613.516
88 50 5143.538
88 51 4132.376
88 52 4765.230
88 53 2309.771
88 54 4448.711
88 55 6165.395
88 56 3418.420
88 57 4079.735
88 58 4441.320
88 59 5505.174
88 60 3643.159
88 61 3555.927
88 62 5622.671
88 63 2520.638
88 64 1889.226
88 65 3886.724
88 66 5881.103
88 67 3918.645
88 68 6194.996
88 69 3693.560
88 70 2080.990
88 71 2175.875
88 72 2764.537
88 73 5186.772
88 74 824.484
88 75 2504.686
88 76 4324.215
88 77 3482.709
88 78 3361.719
88 79 1544.863
88 80 5144.564
88 81 3444.089
88 82 2387.953
88 83 5956.644
88 84 5667.825
88 85 5687.681
88 86 4432.877
88 87 5336.993
88 88 0.000
88 89 1814.832
88 90 4155.034
88 91 1776.875
88 92 3569.350
88 93 4864.465
88 94 3921.666
88 95 3731.466
88 96 5668.344
88 97 4162.154
88 98 1343.939
88 99 4478.222
88 100 3934.833
89 0 851.543
89 1 4592.319
89 2 1192.180
89 3 881.011
89 4 931.483
89 5 2607.861
89 6 6142.130
89 7 1243.599
89 8 2615.662
89 9 3902.572
89 10 4858.884
89 11 5345.952
89 12 5950.660
89 13 6007.088
89 14 2644.058
89 15 1336.504
89 16 3001.944
89 17 1790.375
89 18 2699.568
89 19 4429.377
89 20 3816.771
89 21 4368.290
89 22 3525.913
89 23 3350.901
89 24 2038.157
89 25 5275.415
89 26 3056.968
89 27 5739.892
89 28 1616.653
89 29 3507.161
89 30 4626.792
89 31 2549.388
89 32 2766.625
89 33 1922.296
89 34 6802.303
89 35 5315.302
89 36 4948.748
89 37 1521.008
89 38 5289.971
89 39 2599.776
89 40 4973.945
89 41 5230.854
89 42 4480.847
89 43 877.218
89 44 3221.129
89 45 2140.258
89 46 4006.127
89 47 4407.431
89 48 2018.635
89 49 2094.172
89 50 5258.244
89 51 3383.349
89 52 3746.135
89 53 3086.465
89 54 2887.600
89 55 4612.249
89 56 3887.350
89 57 2920.823
89 58 3083.272
89 59 5306.657
89 60 1874.504
89 61 5222.018
89 62 4816.725
89 63 3945.206
89 64 2731.385
89 65 3805.481
89 66 6239.964
89 67 3295.522
89 68 6013.439
89 69 4329.533
89 70 3154.334
89 71 525.184
89 72 2188.537
89 73 3492.200
89 74 1675.700
89 75 1308.985
89 76 3778.605
89 77 2770.200
89 78 4333.868
89 79 3169.906
89 80 5595.741
89 81 4651.788
89 82 580.766
89 83 4980.369
89 84 5639.930
89 85 4551.071
89 86 5266.171
89 87 3746.144
89 88 1814.832
89 89 0.000
89 90 2361.422
89 91 3387.909
89 92 5084.246
89 93 3363.803
89 94 2334.678
89 95 3735.746
89 96 4190.268
89 97 5219.462
89 98 1177.218
89 99 5111.836
89 100 2351.731
90 0 2138.064
90 1 6034.960
90 2 1627.725
90 3 3221.915
90 4 2520.097
90 5 2971.848
90 6 7156.168
90 7 3310.066
90 8 4955.481
90 9 6085.371
90 10 6572.673
90 11 7704.800
90 12 8297.651
90 13 5832.464
90 14 4540.222
90 15 1322.509
90 16 3535.453
90 17 3388.349
90 18 4828.543
90 19 6691.417
90 20 5476.319
90 21 3972.821
90 22 1172.634
90 23 1067.363
90 24 3952.140
90 25 4973.614
90 26 2081.658
90 27 6875.160
90 28 2238.219
90 29 5502.122
90 30 5517.091
90 31 2690.852
90 32 561.373
90 33 2912.724
90 34 7219.018
90 35 5680.771
90 36 4068.734
90 37 2132.974
90 38 7623.214
90 39 4578.677
90 40 4347.177
90 41 4934.678
90 42 6842.098
90 43 3185.868
90 44 4974.099
90 45 4435.442
90 46 5288.138
90 47 5259.750
90 48 1484.078
90 49 4232.929
90 50 5836.593
90 51 4149.269
90 52 4004.582
90 53 4738.068
90 54 2290.550
90 55 3512.414
90 56 5097.917
90 57 3232.431
90 58 2927.327
90 59 5490.341
90 60 542.123
90 61 7569.990
90 62 5162.132
90 63 6237.845
90 64 4897.837
90 65 4460.458
90 66 6974.836
90 67 3431.679
90 68 6113.815
90 69 5614.992
90 70 4999.484
90 71 2182.708
90 72 2973.592
90 73 1333.208
90 74 3816.914
90 75 2622.956
90 76 4691.611
90 77 3794.191
90 78 6411.147
90 79 5353.598
90 80 6509.114
90 81 6832.450
90 82 1780.766
90 83 5030.799
90 84 5987.943
90 85 4404.990
90 86 6615.655
90 87 2727.031
90 88 4155.034
90 89 2361.422
90 90 0.000
90 91 5737.337
90 92 7385.925
90 93 2739.864
90 94 1989.346
90 95 5217.868
90 96 3383.086
90 97 6788.760
90 98 3129.250
90 99 6279.914
90 100 1103.336
91 0 3917.389
91 1 4725.634
91 2 4290.882
91 3 2592.372
91 4 3647.504
91 5 5053.469
91 6 6572.535
91 7 2595.330
91 8 789.612
91 9 1409.770
91 10 4308.880
91 11 2113.771
91 12 2562.752
91 13 7300.837
91 14 2969.603
91 15 4668.056
91 16 5108.299
91 17 3055.948
91 18 2296.297
91 19 1365.626
91 20 3857.206
91 21 6299.535
91 22 6907.798
91 23 6675.795
91 24 2947.260
91 25 7485.125
91 26 6142.209
91 27 6066.821
91 28 4160.628
91 29 2020.348
91 30 5659.054
91 31 4773.123
91 32 6154.204
91 33 3820.232
91 34 7962.750
91 35 6102.355
91 36 7183.565
91 37 4442.642
91 38 2325.124
91 39 2079.003
91 40 6971.526
91 41 6833.863
91 42 1232.273
91 43 2555.112
91 44 2649.343
91 45 1372.286
91 46 3893.795
91 47 4820.470
91 48 5221.619
91 49 1855.731
91 50 6526.454
91 51 4432.676
91 52 5228.606
91 53 3594.441
91 54 5492.437
91 55 7095.066
91 56 4727.782
91 57 4765.983
91 58 5272.790
91 59 7029.149
91 60 5262.218
91 61 1834.143
91 62 5783.832
91 63 845.647
91 64 1442.349
91 65 5437.542
91 66 7072.178
91 67 5635.323
91 68 7688.415
91 69 4854.588
91 70 3181.320
91 71 3589.201
91 72 4511.712
91 73 6868.695
91 74 2533.197
91 75 3551.823
91 76 4399.961
91 77 3882.533
91 78 2057.429
91 79 2089.728
91 80 6312.923
91 81 1874.928
91 82 3963.234
91 83 6259.416
91 84 7103.405
91 85 6177.144
91 86 5345.564
91 87 6357.194
91 88 1776.875
91 89 3387.909
91 90 5737.337
91 91 0.000
91 92 1794.529
91 93 5808.011
91 94 5039.267
91 95 3392.251
91 96 6531.652
91 97 4873.598
91 98 3120.506
91 99 5559.746
91 100 5659.036
92 0 5680.327
92 1 6159.250
92 2 5849.286
92 3 4344.737
92 4 5427.613
92 5 6843.783
92 6 7959.219
92 7 4107.079
92 8 2488.348
92 9 1538.856
92 10 5561.188
92 11 1725.253
92 12 1165.383
92 13 7870.978
92 14 4657.231
92 15 6399.107
92 16 6878.825
92 17 4337.561
92 18 3962.121
92 19 774.942
92 20 5361.961
92 21 7248.587
92 22 8557.661
92 23 8261.997
92 24 4712.178
92 25 9229.964
92 26 7927.025
92 27 7451.933
92 28 5570.929
92 29 2465.326
92 30 7252.344
92 31 5998.733
92 32 7837.899
92 33 5092.810
92 34 9496.538
92 35 6543.143
92 36 8204.051
92 37 6226.926
92 38 2365.518
92 39 3106.991
92 40 7897.498
92 41 7589.084
92 42 1494.307
92 43 4216.643
92 44 3286.896
92 45 2953.398
92 46 4292.271
92 47 5271.557
92 48 6987.008
92 49 3214.493
92 50 8132.576
92 51 5257.114
92 52 6103.365
92 53 5238.090
92 54 6786.773
92 55 8234.129
92 56 6336.793
92 57 5853.236
92 58 6427.723
92 59 8708.283
92 60 6941.417
92 61 753.338
92 62 6351.497
92 63 1148.592
92 64 2578.769
92 65 7147.194
92 66 8551.111
92 67 7414.796
92 68 9344.124
92 69 6382.706
92 70 4778.071
92 71 5204.764
92 72 6302.629
92 73 8575.749
92 74 4323.749
92 75 4983.801
92 76 5038.747
92 77 4857.536
92 78 1757.767
92 79 3623.701
92 80 7796.186
92 81 1104.949
92 82 5643.291
92 83 6918.084
92 84 8731.574
92 85 7002.741
92 86 6706.192
92 87 7595.096
92 88 3569.350
92 89 5084.246
92 90 7385.925
92 91 1794.529
92 92 0.000
92 93 7014.015
92 94 6407.506
92 95 3827.574
92 96 7641.545
92 97 6133.402
92 98 4913.273
92 99 7014.627
92 100 7403.839
93 0 3841.525
93 1 7929.566
93 2 2228.478
93 3 4083.980
93 4 4142.436
93 5 5356.300
93 6 9368.798
93 7 3312.612
93 8 5073.110
93 9 5490.798
93 10 8222.065
93 11 7920.391
93 12 8121.755
93 13 3092.825
93 14 6004.417
93 15 3419.836
93 16 5889.581
93 17 2753.466
93 18 5982.542
93 19 6240.457
93 20 7177.956
93 21 1233.999
93 22 3265.816
93 23 2603.838
93 24 5401.519
93 25 7661.412
93 26 4799.162
93 27 9006.253
93 28 1809.532
93 29 4628.251
93 30 7773.635
93 31 1035.330
93 32 3221.438
93 33 1987.997
93 34 9733.178
93 35 3075.593
93 36 1586.211
93 37 4257.655
93 38 8078.816
93 39 3910.966
93 40 1688.484
93 41 2197.018
93 42 7039.956
93 43 3660.462
93 44 3849.111
93 45 4470.560
93 46 3494.080
93 47 3041.913
93 48 3995.186
93 49 3954.963
93 50 8258.247
93 51 2135.430
93 52 1557.474
93 53 6441.611
93 54 508.050
93 55 1305.751
93 56 7147.754
93 57 1216.632
93 58 609.446
93 59 8059.843
93 60 2928.833
93 61 7451.811
93 62 2586.901
93 63 5949.032
93 64 4489.662
93 65 6805.650
93 66 9341.803
93 67 5943.274
93 68 8721.515
93 69 7623.547
93 70 6515.510
93 71 2848.425
93 72 5154.899
93 73 3831.267
93 74 5000.291
93 75 2365.111
93 76 2654.611
93 77 2230.093
93 78 5536.846
93 79 6386.992
93 80 8772.348
93 81 6134.364
93 82 3048.182
93 83 2335.060
93 84 8508.922
93 85 1682.564
93 86 8589.787
93 87 590.461
93 88 4864.465
93 89 3363.803
93 90 2739.864
93 91 5808.011
93 92 7014.015
93 93 0.000
93 94 1044.653
93 95 3673.720
93 96 826.465
93 97 8579.129
93 98 4536.843
93 99 8380.850
93 100 3786.115
94 0 2798.877
94 1 6886.299
94 2 1183.935
94 3 3093.721
94 4 3097.813
94 5 4353.572
94 6 8328.580
94 7 2459.958
94 8 4271.738
94 9 4932.748
94 10 7192.363
94 11 7147.212
94 12 7466.265
94 13 3995.136
94 14 4978.725
94 15 2422.506
94 16 4876.277
94 17 2070.571
94 18 4990.390
94 19 5647.321
94 20 6141.339
94 21 2185.468
94 22 2818.327
94 23 2246.078
94 24 4372.063
94 25 6745.923
94 26 3940.948
94 27 7962.967
94 28 884.193
94 29 4156.242
94 30 6739.339
94 31 720.316
94 32 2533.884
94 33 1335.833
94 34 8732.989
94 35 3702.165
94 36 2628.020
94 37 3236.063
94 38 7245.832
94 39 3324.489
94 40 2716.010
94 41 3129.561
94 42 6259.469
94 43 2717.743
94 44 3460.819
94 45 3671.182
94 46 3463.007
94 47 3301.645
94 48 3052.655
94 49 3228.193
94 50 7243.190
94 51 2213.003
94 52 2017.975
94 53 5402.447
94 54 553.240
94 55 2280.163
94 56 6104.001
94 57 1253.470
94 58 973.094
94 59 7081.864
94 60 2036.758
94 61 6769.331
94 62 3180.807
94 63 5294.075
94 64 3831.703
94 65 5784.917
94 66 8315.504
94 67 4962.275
94 68 7755.118
94 69 6578.949
94 70 5488.978
94 71 1829.124
94 72 4126.874
94 73 3249.883
94 74 3990.689
94 75 1491.359
94 76 2766.800
94 77 1990.596
94 78 5090.705
94 79 5417.336
94 80 7736.427
94 81 5630.563
94 82 2003.591
94 83 3100.563
94 84 7514.405
94 85 2519.935
94 86 7545.439
94 87 1423.627
94 88 3921.666
94 89 2334.678
94 90 1989.346
94 91 5039.267
94 92 6407.506
94 93 1044.653
94 94 0.000
94 95 3498.170
94 96 1866.388
94 97 7541.006
94 98 3501.640
94 99 7337.214
94 100 2923.725
95 0 4587.275
95 1 7476.159
95 2 3644.748
95 3 3665.607
95 4 4598.829
95 5 6324.143
95 6 9271.379
95 7 2554.003
95 8 3026.469
95 9 2354.712
95 10 7332.437
95 11 5211.341
95 12 4992.868
95 13 4051.957
95 14 5384.331
95 15 4870.711
95 16 6661.238
95 17 1972.587
95 18 4942.709
95 19 3095.255
95 20 6574.731
95 21 3556.152
95 22 6244.678
95 23 5726.623
95 24 4988.703
95 25 9001.117
95 26 6676.721
95 27 8797.648
95 28 2980.168
95 29 1436.828
95 30 7981.052
95 31 2844.716
95 32 5774.038
95 33 2306.139
95 34 10284.834
95 35 2759.262
95 36 4540.682
95 37 5256.188
95 38 5619.116
95 39 1525.254
95 40 4164.974
95 41 3776.828
95 42 4459.207
95 43 3124.780
95 44 768.596
95 45 2668.174
95 46 502.689
95 47 1467.498
95 48 5625.013
95 49 2118.402
95 50 8738.387
95 51 1588.372
95 52 2405.367
95 53 6028.061
95 54 3644.837
95 55 4702.500
95 56 7101.701
95 57 2464.979
95 58 3068.362
95 59 8939.052
95 60 4996.340
95 61 4454.987
95 62 2526.286
95 63 3046.750
95 64 2038.824
95 65 7357.654
95 66 9569.774
95 67 7012.319
95 68 9647.670
95 69 7414.229
95 70 5809.204
95 71 3436.394
95 72 5860.960
95 73 6551.054
95 74 4418.946
95 75 2677.728
95 76 1235.262
95 77 1511.699
95 78 2104.160
95 79 5048.733
95 80 8848.366
95 81 2768.982
95 82 4014.850
95 83 3091.930
95 84 9202.072
95 85 3229.562
95 86 8160.820
95 87 4255.541
95 88 3731.466
95 89 3735.746
95 90 5217.868
95 91 3392.251
95 92 3827.574
95 93 3673.720
95 94 3498.170
95 95 0.000
95 96 4104.229
95 97 7849.945
95 98 4494.693
95 99 8204.536
95 100 5788.466
96 0 4654.936
96 1 8752.641
96 2 3049.642
96 3 4903.968
96 4 4962.464
96 5 6126.347
96 6 10175.226
96 7 4092.920
96 8 5817.272
96 9 6105.359
96 10 9048.444
96 11 8636.250
96 12 8770.968
96 13 2551.843
96 14 6830.548
96 15 4194.480
96 16 6667.809
96 17 3481.251
96 18 6801.213
96 19 6866.729
96 20 8004.121
96 21 819.304
96 22 3700.834
96 23 3025.119
96 24 6227.946
96 25 8351.437
96 26 5464.378
96 27 9818.897
96 28 2626.730
96 29 5207.961
96 30 8572.112
96 31 1789.200
96 32 3809.354
96 33 2734.565
96 34 10493.192
96 35 2881.585
96 36 761.745
96 37 5047.463
96 38 8825.463
96 39 4566.714
96 40 967.338
96 41 1659.085
96 42 7763.119
96 43 4468.179
96 44 4400.915
96 45 5218.516
96 46 3837.500
96 47 3196.172
96 48 4727.170
96 49 4676.465
96 50 9034.713
96 51 2515.955
96 52 1742.431
96 53 7267.185
96 54 1317.602
96 55 600.524
96 56 7962.032
96 57 1791.752
96 58 1260.881
96 59 8801.576
96 60 3645.036
96 61 8119.947
96 62 2469.369
96 63 6612.363
96 64 5170.902
96 65 7589.655
96 66 10129.601
96 67 6693.068
96 68 9451.674
96 69 8441.328
96 70 7341.691
96 71 3674.542
96 72 5948.858
96 73 4330.530
96 74 5823.998
96 75 3163.837
96 76 2955.020
96 77 2787.818
96 78 6085.635
96 79 7197.919
96 80 9572.476
96 81 6709.702
96 82 3867.135
96 83 2039.611
96 84 9264.995
96 85 1378.447
96 86 9410.778
96 87 670.593
96 88 5668.344
96 89 4190.268
96 90 3383.086
96 91 6531.652
96 92 7641.545
96 93 826.465
96 94 1866.388
96 95 4104.229
96 96 0.000
96 97 9405.040
96 98 5363.088
96 99 9194.539
96 100 4467.894
97 0 4823.193
97 1 801.069
97 2 6364.009
97 3 4613.587
97 4 4475.269
97 5 4036.001
97 6 1889.327
97 7 5702.384
97 8 4890.139
97 9 6281.498
97 10 573.677
97 11 4816.273
97 12 6027.100
97 13 11104.793
97 14 2621.477
97 15 5507.329
97 16 3552.019
97 17 6493.409
97 18 2914.297
97 19 6106.634
97 20 1403.330
97 21 9569.575
97 22 7614.506
97 23 7828.953
97 24 3194.800
97 25 4677.086
97 26 5558.829
97 27 1409.458
97 28 6824.245
97 29 6727.416
97 30 2084.775
97 31 7748.255
97 32 6824.456
97 33 6980.200
97 34 3654.280
97 35 10199.073
97 36 10165.276
97 37 4656.516
97 38 4173.016
97 39 6325.098
97 40 10188.706
97 41 10390.910
97 42 4643.257
97 43 5152.131
97 44 7091.646
97 45 5181.839
97 46 8304.121
97 47 9053.001
97 48 5393.951
97 49 5754.047
97 50 2767.252
97 51 8259.780
97 52 8820.762
97 53 2139.071
97 54 8093.590
97 55 9800.087
97 56 1817.769
97 57 8056.261
97 58 8292.133
97 59 3670.621
97 60 6273.439
97 61 5595.332
97 62 9755.388
97 63 5666.301
97 64 5862.685
97 65 2905.016
97 66 2627.900
97 67 3998.068
97 68 4038.811
97 69 1329.516
97 70 2122.077
97 71 5741.532
97 72 3847.254
97 73 7139.178
97 74 3673.482
97 75 6398.020
97 76 8482.575
97 77 7604.733
97 78 6930.672
97 79 2840.754
97 80 1968.628
97 81 6685.239
97 82 5561.403
97 83 10043.207
97 84 3366.657
97 85 9699.251
97 86 705.515
97 87 8926.093
97 88 4162.154
97 89 5219.462
97 90 6788.760
97 91 4873.598
97 92 6133.402
97 93 8579.129
97 94 7541.006
97 95 7849.945
97 96 9405.040
97 97 0.000
97 98 4043.139
97 99 1253.786
97 100 5926.341
98 0 996.051
98 1 3418.708
98 2 2333.555
98 3 832.237
98 4 624.346
98 5 2006.257
98 6 5012.851
98 7 1966.950
98 8 2476.071
98 9 4031.189
98 10 3693.375
98 11 4791.784
98 12 5594.378
98 13 7150.828
98 14 1495.768
98 15 1832.488
98 16 2215.885
98 17 2710.146
98 18 1699.356
98 19 4381.526
98 20 2641.184
98 21 5541.807
98 22 4206.802
98 23 4189.680
98 24 882.171
98 25 4625.232
98 26 3034.134
98 27 4593.751
98 28 2790.158
98 29 3905.646
98 30 3557.764
98 31 3720.730
98 32 3386.388
98 33 3026.870
98 34 5814.163
98 35 6386.292
98 36 6122.740
98 37 1348.310
98 38 4599.745
98 39 3114.979
98 40 6150.830
98 41 6392.692
98 42 3994.885
98 43 1376.379
98 44 3854.753
98 45 2239.268
98 46 4845.192
98 47 5384.621
98 48 2190.323
98 49 2504.779
98 50 4262.804
98 51 4431.711
98 52 4874.580
98 53 1909.280
98 54 4054.815
98 55 5771.651
98 56 2758.557
98 57 4068.516
98 58 4258.385
98 59 4451.391
98 60 2588.828
98 61 4879.180
98 62 5903.029
98 63 3853.075
98 64 2998.670
98 65 2863.018
98 66 5172.327
98 67 2656.434
98 68 5158.587
98 69 3176.593
98 70 1999.429
98 71 1701.240
98 72 1474.919
98 73 3989.063
98 74 711.003
98 75 2418.724
98 76 4766.328
98 77 3789.678
98 78 4579.388
98 79 2228.788
98 80 4495.973
98 81 4738.663
98 82 1561.718
98 83 6110.043
98 84 4708.698
98 85 5708.094
98 86 4096.530
98 87 4900.783
98 88 1343.939
98 89 1177.218
98 90 3129.250
98 91 3120.506
98 92 4913.273
98 93 4536.843
98 94 3501.640
98 95 4494.693
98 96 5363.088
98 97 4043.139
98 98 0.000
98 99 3967.483
98 100 2693.825
99 0 4539.803
99 1 856.202
99 2 6156.450
99 3 4688.036
99 4 4247.735
99 5 3346.641
99 6 1067.405
99 7 5843.392
99 8 5409.263
99 9 6931.492
99 10 1661.749
99 11 5859.724
99 12 7052.583
99 13 11115.026
99 14 2821.512
99 15 5088.102
99 16 2798.614
99 17 6625.619
99 18 3346.370
99 19 6876.483
99 20 1705.503
99 21 9463.519
99 22 6961.296
99 23 7267.992
99 24 3253.927
99 25 3473.930
99 26 4763.009
99 27 628.207
99 28 6721.889
99 29 7236.486
99 30 945.843
99 31 7654.744
99 32 6218.980
99 33 6994.288
99 34 2517.227
99 35 10336.572
99 36 9954.680
99 37 4209.194
99 38 5256.105
99 39 6694.890
99 40 10044.211
99 41 10341.597
99 42 5558.421
99 43 5256.419
99 44 7475.150
99 45 5577.233
99 46 8622.340
99 47 9276.176
99 48 4813.068
99 49 6087.043
99 50 1516.018
99 51 8379.194
99 52 8841.737
99 53 2178.433
99 54 7878.382
99 55 9527.681
99 56 1233.304
99 57 8029.590
99 58 8176.850
99 59 2432.198
99 60 5804.139
99 61 6552.558
99 62 9861.793
99 63 6393.141
99 64 6322.868
99 65 1966.935
99 66 1537.245
99 67 3125.288
99 68 2785.857
99 69 798.739
99 70 2435.474
99 71 5633.115
99 72 3318.341
99 73 6415.381
99 74 3811.236
99 75 6385.811
99 76 8674.256
99 77 7729.062
99 78 7579.537
99 79 3471.019
99 80 790.999
99 81 7427.052
99 82 5335.184
99 83 10077.329
99 84 2113.033
99 85 9662.907
99 86 581.210
99 87 8656.293
99 88 4478.222
99 89 5111.836
99 90 6279.914
99 91 5559.746
99 92 7014.627
99 93 8380.850
99 94 7337.214
99 95 8204.536
99 96 9194.539
99 97 1253.786
99 98 3967.483
99 99 0.000
99 100 5305.523
100 0 1753.811
100 1 5146.778
100 2 2172.043
100 3 3066.992
100 4 2078.947
100 5 1959.829
100 6 6133.355
100 7 3534.644
100 8 4916.866
100 9 6253.958
100 10 5773.240
100 11 7471.423
100 12 8204.267
100 13 6871.860
100 14 3915.083
100 15 1015.236
100 16 2516.669
100 17 3842.134
100 18 4333.031
100 19 6771.353
100 20 4688.789
100 21 5018.477
100 22 1688.881
100 23 1971.254
100 24 3384.560
100 25 3883.912
100 26 1018.581
100 27 5882.209
100 28 2910.435
100 29 5814.068
100 30 4496.731
100 31 3569.466
100 32 913.459
100 33 3553.498
100 34 6121.765
100 35 6615.084
100 36 5165.643
100 37 1413.976
100 38 7293.416
100 39 4888.848
100 40 5426.912
100 41 5981.485
100 42 6650.519
100 43 3227.592
100 44 5415.631
100 45 4482.723
100 46 5939.844
100 47 6056.062
100 48 550.471
100 49 4431.091
100 50 4761.743
100 51 4938.793
100 52 4924.469
100 53 3983.024
100 54 3309.872
100 55 4615.049
100 56 4168.320
100 57 4104.441
100 58 3894.218
100 59 4388.801
100 60 889.096
100 61 7478.195
100 62 6091.782
100 63 6276.394
100 64 5078.643
100 65 3423.693
100 66 5908.264
100 67 2350.945
100 68 5010.515
100 69 4689.575
100 70 4320.109
100 71 2419.127
100 72 2082.056
100 73 1310.866
100 74 3403.581
100 75 3110.762
100 76 5454.489
100 77 4486.462
100 78 6670.621
100 79 4878.759
100 80 5475.664
100 81 7003.450
100 82 1859.320
100 83 6020.727
100 84 4891.685
100 85 5419.213
100 86 5683.994
100 87 3819.619
100 88 3934.833
100 89 2351.731
100 90 1103.336
100 91 5659.036
100 92 7403.839
100 93 3786.115
100 94 2923.725
100 95 5788.466
100 96 4467.894
100 97 5926.341
100 98 2693.825
100 99 5305.523
100 100 0.000
