# i j distance_m; directed OSRM/OSM truck distance; depot 0 + customers 1..100
0 0 0.000
0 1 6008.200
0 2 5050.400
0 3 3507.400
0 4 218.100
0 5 2599.100
0 6 8299.400
0 7 4850.400
0 8 5789.600
0 9 7670.700
0 10 6329.500
0 11 9009.500
0 12 9074.500
0 13 10445.700
0 14 3046.400
0 15 2838.500
0 16 3822.000
0 17 5587.100
0 18 6021.500
0 19 8617.600
0 20 5736.900
0 21 7600.500
0 22 5196.700
0 23 5650.000
0 24 2344.400
0 25 5668.900
0 26 4087.600
0 27 7168.200
0 28 4220.600
0 29 7725.300
0 30 5926.200
0 31 5435.200
0 32 4264.200
0 33 5027.300
0 34 8166.200
0 35 8763.400
0 36 8134.700
0 37 1280.300
0 38 7184.300
0 39 6634.100
0 40 8628.400
0 41 8841.500
0 42 8340.600
0 43 4491.600
0 44 7162.800
0 45 5332.500
0 46 8231.400
0 47 9065.400
0 48 3431.600
0 49 5784.100
0 50 5886.500
0 51 6850.800
0 52 6964.300
0 53 3635.400
0 54 6038.400
0 55 9227.200
0 56 4298.400
0 57 5775.500
0 58 5891.800
0 59 6287.400
0 60 3810.200
0 61 8335.800
0 62 8325.400
0 63 7085.700
0 64 6401.200
0 65 4514.900
0 66 7844.900
0 67 3395.400
0 68 6633.200
0 69 4565.400
0 70 3870.000
0 71 3705.100
0 72 1571.600
0 73 5358.300
0 74 2362.300
0 75 4477.100
0 76 7986.500
0 77 6197.500
0 78 10563.400
0 79 4461.600
0 80 7192.700
0 81 8166.800
0 82 2734.600
0 83 8725.100
0 84 6568.900
0 85 8557.900
0 86 7101.100
0 87 6992.800
0 88 4768.300
0 89 3363.100
0 90 4797.000
0 91 6772.400
0 92 8195.800
0 93 6425.900
0 94 5436.500
0 95 8021.200
0 96 7570.200
0 97 6951.300
0 98 1380.000
0 99 6335.800
0 100 3821.600
1 0 5766.600
1 1 0.000
1 2 8827.500
1 3 5082.200
1 4 5747.100
1 5 4430.300
1 6 4039.600
1 7 5882.500
1 8 5944.900
1 9 7826.000
1 10 2044.200
1 11 6750.300
1 12 8224.600
1 13 12105.500
1 14 2416.100
1 15 6634.100
1 16 5330.900
1 17 6621.900
1 18 2742.500
1 19 8687.500
1 20 992.600
1 21 11400.500
1 22 9595.500
1 23 9909.400
1 24 3303.100
1 25 6982.000
1 26 6767.100
1 27 1727.700
1 28 7980.500
1 29 8096.900
1 30 3247.500
1 31 9195.100
1 32 8663.000
1 33 8025.900
1 34 5376.500
1 35 10544.500
1 36 12579.600
1 37 5325.000
1 38 5855.500
1 39 6789.300
1 40 11985.800
1 41 11081.300
1 42 6466.600
1 43 5526.100
1 44 7518.300
1 45 5486.700
1 46 9380.200
1 47 9767.900
1 48 8109.700
1 49 5933.100
1 50 3856.400
1 51 8399.400
1 52 9402.000
1 53 2525.000
1 54 9798.300
1 55 12987.100
1 56 1867.900
1 57 9484.300
1 58 9600.600
1 59 6116.300
1 60 7519.600
1 61 7580.500
1 62 10939.900
1 63 7241.000
1 64 6772.800
1 65 4086.000
1 66 3434.200
1 67 5221.600
1 68 5396.200
1 69 1232.500
1 70 1974.700
1 71 7122.700
1 72 4256.400
1 73 9757.100
1 74 3561.800
1 75 7229.800
1 76 9155.100
1 77 7776.400
1 78 11048.300
1 79 3272.100
1 80 2782.000
1 81 8538.400
1 82 6721.300
1 83 10190.000
1 84 4429.900
1 85 10684.800
1 86 1463.800
1 87 10752.700
1 88 4174.600
1 89 6467.300
1 90 8935.300
1 91 6927.600
1 92 8265.700
1 93 10185.800
1 94 9211.200
1 95 8376.700
1 96 11330.100
1 97 2205.800
1 98 4074.500
1 99 911.900
1 100 7955.900
2 0 2395.600
2 1 8430.300
2 2 0.000
2 3 2494.300
2 4 2613.700
2 5 3809.500
2 6 10120.800
2 7 2039.700
2 8 4960.500
2 9 5459.000
2 10 8132.100
2 11 8180.400
2 12 8245.300
2 13 7476.400
2 14 5502.800
2 15 2386.900
2 16 5030.100
2 17 2620.800
2 18 5208.300
2 19 5929.800
2 20 7352.100
2 21 4631.200
2 22 3691.000
2 23 3049.500
2 24 4738.700
2 25 6876.900
2 26 4694.900
2 27 8376.300
2 28 1251.300
2 29 4981.600
2 30 7134.200
2 31 2465.900
2 32 3800.800
2 33 2058.000
2 34 9935.200
2 35 5794.100
2 36 5165.400
2 37 2490.700
2 38 8422.900
2 39 3890.400
2 40 5659.000
2 41 5872.200
2 42 7511.400
2 43 2548.900
2 44 4193.500
2 45 3515.200
2 46 5262.100
2 47 6096.100
2 48 3832.900
2 49 2817.900
2 50 7655.600
2 51 3881.500
2 52 3995.000
2 53 6029.700
2 54 3069.100
2 55 6257.900
2 56 6213.400
2 57 2806.200
2 58 2922.500
2 59 8056.400
2 60 2339.500
2 61 7506.700
2 62 5356.100
2 63 6448.800
2 64 3657.500
2 65 5722.900
2 66 9052.900
2 67 4603.400
2 68 8402.300
2 69 6480.400
2 70 6334.300
2 71 1267.100
2 72 3486.600
2 73 5258.300
2 74 4403.000
2 75 1510.800
2 76 5017.200
2 77 3228.200
2 78 7819.700
2 79 5700.200
2 80 8400.700
2 81 5423.100
2 82 1352.000
2 83 5755.800
2 84 8337.900
2 85 5588.600
2 86 8309.200
2 87 4023.500
2 88 3955.100
2 89 2781.600
2 90 3642.200
2 91 5943.300
2 92 7066.300
2 93 3456.600
2 94 2467.200
2 95 5051.900
2 96 4600.900
2 97 9051.100
2 98 3774.300
2 99 7543.800
2 100 3963.500
3 0 2009.200
3 1 5669.900
3 2 4101.500
3 3 0.000
3 4 2227.300
3 5 3423.100
3 6 7954.400
3 7 1870.800
3 8 2810.000
3 9 4691.100
3 10 5965.700
3 11 6030.000
3 12 6094.900
3 13 8971.600
3 14 3812.200
3 15 2262.700
3 16 4643.700
3 17 2662.000
3 18 3041.900
3 19 5638.000
3 20 5185.700
3 21 6634.400
3 22 4620.900
3 23 5074.200
3 24 3048.100
3 25 6490.600
3 26 4538.000
3 27 7989.900
3 28 3254.500
3 29 4745.700
3 30 6747.800
3 31 4469.100
3 32 3688.400
3 33 3840.100
3 34 9548.900
3 35 6852.100
3 36 7168.600
3 37 2104.300
3 38 6256.500
3 39 3654.500
3 40 8852.000
3 41 7947.500
3 42 5361.000
3 43 1512.000
3 44 4384.500
3 45 2352.900
3 46 5805.500
3 47 6634.100
3 48 3699.400
3 49 2799.300
3 50 7269.200
3 51 4424.900
3 52 5397.200
3 53 4339.100
3 54 5072.300
3 55 8261.100
3 56 5827.000
3 57 4668.100
3 58 4784.500
3 59 7670.000
3 60 3234.400
3 61 5356.200
3 62 7806.100
3 63 4106.100
3 64 3421.600
3 65 5336.600
3 66 8666.500
3 67 4217.000
3 68 8015.900
3 69 5915.500
3 70 4643.800
3 71 1792.100
3 72 3100.200
3 73 4782.500
3 74 2712.400
3 75 2408.700
3 76 5560.500
3 77 3771.600
3 78 7583.800
3 79 3533.800
3 80 8014.300
3 81 5187.200
3 82 2843.100
3 83 7056.200
3 84 7951.600
3 85 7551.000
3 86 7133.700
3 87 6026.700
3 88 1788.700
3 89 2587.900
3 90 4221.200
3 91 3792.800
3 92 5216.200
3 93 5459.800
3 94 4485.200
3 95 5242.900
3 96 6604.100
3 97 6587.500
3 98 2083.800
3 99 7157.400
3 100 3476.700
4 0 645.000
4 1 5927.300
4 2 4969.500
4 3 3426.500
4 4 0.000
4 5 2518.200
4 6 8218.500
4 7 4769.500
4 8 5708.700
4 9 7589.800
4 10 6248.600
4 11 8928.600
4 12 8993.600
4 13 10364.800
4 14 2965.500
4 15 2757.600
4 16 3741.100
4 17 5506.200
4 18 5940.600
4 19 8536.700
4 20 5656.000
4 21 7519.600
4 22 5115.800
4 23 5569.100
4 24 2263.500
4 25 5588.000
4 26 4006.700
4 27 7087.300
4 28 4139.700
4 29 7644.400
4 30 5845.300
4 31 5354.300
4 32 4183.200
4 33 4946.400
4 34 8085.300
4 35 8682.500
4 36 8053.800
4 37 1199.400
4 38 7103.400
4 39 6553.200
4 40 8547.400
4 41 8760.600
4 42 8259.700
4 43 4410.700
4 44 7081.900
4 45 5251.600
4 46 8150.500
4 47 8984.500
4 48 3350.700
4 49 5703.200
4 50 5805.600
4 51 6769.900
4 52 6883.400
4 53 3554.500
4 54 5957.500
4 55 9146.300
4 56 4217.500
4 57 5694.600
4 58 5810.900
4 59 6206.500
4 60 3729.300
4 61 8254.900
4 62 8244.500
4 63 7004.800
4 64 6320.300
4 65 4434.000
4 66 7763.900
4 67 3314.400
4 68 6552.300
4 69 4484.500
4 70 3789.100
4 71 3624.200
4 72 1490.700
4 73 5277.300
4 74 2281.400
4 75 4396.200
4 76 7905.500
4 77 6116.600
4 78 10482.500
4 79 4380.700
4 80 7111.700
4 81 8085.900
4 82 2653.700
4 83 8644.200
4 84 6488.000
4 85 8477.000
4 86 7020.200
4 87 6911.900
4 88 4687.400
4 89 3282.200
4 90 4716.100
4 91 6691.500
4 92 8114.900
4 93 6345.000
4 94 5355.600
4 95 7940.300
4 96 7489.300
4 97 6870.300
4 98 1299.100
4 99 6254.800
4 100 3740.700
5 0 3670.400
5 1 5384.000
5 2 5445.200
5 3 3902.100
5 4 3409.600
5 5 0.000
5 6 6860.800
5 7 5245.200
5 8 6184.400
5 9 8065.500
5 10 4890.900
5 11 9850.300
5 12 9469.200
5 13 10840.400
5 14 3784.100
5 15 3233.200
5 16 1983.800
5 17 5981.900
5 18 6048.200
5 19 9012.400
5 20 4298.400
5 21 7995.200
5 22 5077.800
5 23 5391.600
5 24 3869.400
5 25 3830.700
5 26 2249.400
5 27 5330.100
5 28 4615.300
5 29 8120.100
5 30 4088.000
5 31 5830.000
5 32 4145.300
5 33 5422.100
5 34 6889.000
5 35 9158.200
5 36 8529.500
5 37 1733.100
5 38 8955.600
5 39 7028.800
5 40 9023.100
5 41 9236.200
5 42 8735.300
5 43 4886.400
5 44 7557.500
5 45 5727.200
5 46 8626.200
5 47 9460.100
5 48 2376.800
5 49 6178.900
5 50 4609.400
5 51 7245.500
5 52 7359.100
5 53 4201.800
5 54 6433.200
5 55 9622.000
5 56 2859.800
5 57 6170.200
5 58 6286.600
5 59 5010.200
5 60 3911.000
5 61 8730.600
5 62 8720.100
5 63 7480.500
5 64 6796.000
5 65 2676.700
5 66 6006.700
5 67 1557.200
5 68 5356.100
5 69 3126.900
5 70 4607.600
5 71 4099.800
5 72 1919.000
5 73 5239.400
5 74 4779.500
5 75 4871.800
5 76 8381.200
5 77 6592.300
5 78 10958.200
5 79 6577.900
5 80 5354.500
5 81 8561.500
5 82 3129.400
5 83 9119.800
5 84 5291.700
5 85 8952.600
5 86 5262.900
5 87 7387.600
5 88 5163.100
5 89 3757.900
5 90 4417.500
5 91 7167.100
5 92 8590.600
5 93 6820.600
5 94 5831.300
5 95 8415.900
5 96 7965.000
5 97 5512.700
5 98 4750.600
5 99 4497.600
5 100 2859.400
6 0 8485.900
6 1 2369.400
6 2 10260.700
6 3 7378.600
6 4 7562.500
6 5 6286.900
6 6 0.000
6 7 8179.000
6 8 8241.300
6 9 10122.400
6 10 3612.100
6 11 9046.700
6 12 10521.100
6 13 14401.900
6 14 4712.500
6 15 8048.800
6 16 4763.200
6 17 8918.300
6 18 5038.900
6 19 10983.900
6 20 3289.000
6 21 12810.800
6 22 9027.800
6 23 9341.600
6 24 5599.500
6 25 4882.100
6 26 6199.400
6 27 2315.400
6 28 9430.900
6 29 10393.300
6 30 2018.000
6 31 10645.500
6 32 8095.300
6 33 10237.600
6 34 3274.500
6 35 12840.900
6 36 13345.000
6 37 6548.500
6 38 8151.900
6 39 9085.800
6 40 13838.700
6 41 13377.700
6 42 8763.000
6 43 7822.600
6 44 9814.700
6 45 7783.100
6 46 11676.600
6 47 12064.300
6 48 7542.000
6 49 8229.600
6 50 1770.800
6 51 10695.800
6 52 12174.600
6 53 4821.400
6 54 11248.700
6 55 14437.500
6 56 3461.200
6 57 10985.800
6 58 11102.100
6 59 5548.500
6 60 9020.500
6 61 9876.900
6 62 13236.300
6 63 9537.400
6 64 9069.200
6 65 3518.200
6 66 1332.100
6 67 4653.900
6 68 3310.700
6 69 2986.600
6 70 4271.200
6 71 8915.400
6 72 6071.800
6 73 9189.400
6 74 5858.300
6 75 9687.400
6 76 11451.500
6 77 10072.800
6 78 13344.800
6 79 5568.600
6 80 696.400
6 81 10834.800
6 82 7944.900
6 83 12486.500
6 84 2344.300
6 85 12981.200
6 86 2248.300
6 87 12203.100
6 88 6471.000
6 89 8573.400
6 90 8367.500
6 91 9224.100
6 92 10562.100
6 93 11636.200
6 94 10646.800
6 95 10673.100
6 96 12780.500
6 97 2990.300
6 98 6370.900
6 99 1482.900
6 100 7388.100
7 0 3395.000
7 1 5989.800
7 2 3002.200
7 3 1808.900
7 4 3613.100
7 5 4808.900
7 6 8274.300
7 7 0.000
7 8 3130.900
7 9 3758.900
7 10 6285.600
7 11 6350.900
7 12 6415.800
7 13 7085.400
7 14 4310.800
7 15 3588.500
7 16 6029.500
7 17 791.200
7 18 3361.800
7 19 4229.800
7 20 5505.600
7 21 4881.200
7 22 4892.600
7 23 4251.100
7 24 4857.000
7 25 7876.300
7 26 5896.500
7 27 7717.500
7 28 2155.200
7 29 3281.600
7 30 8133.600
7 31 3369.800
7 32 5002.400
7 33 2150.300
7 34 10324.800
7 35 4981.200
7 36 6069.300
7 37 3490.100
7 38 6576.400
7 39 2190.400
7 40 5466.500
7 41 6061.200
7 42 5681.900
7 43 825.000
7 44 2513.200
7 45 1820.300
7 46 3934.700
7 47 4740.300
7 48 5034.500
7 49 1117.800
7 50 8655.000
7 51 2554.000
7 52 3526.400
7 53 5023.400
7 54 3973.000
7 55 7161.800
7 56 6870.800
7 57 3608.700
7 58 3725.000
7 59 9055.800
7 60 3339.000
7 61 5677.100
7 62 4543.200
7 63 4427.000
7 64 1957.500
7 65 6722.300
7 66 8851.100
7 67 5602.800
7 68 9401.700
7 69 6235.400
7 70 5490.500
7 71 1292.000
7 72 4486.000
7 73 6459.900
7 74 3338.900
7 75 1399.100
7 76 3689.700
7 77 1900.800
7 78 6119.700
7 79 3853.700
7 80 8970.700
7 81 3723.100
7 82 2351.400
7 83 5169.900
7 84 9337.400
7 85 5664.700
7 86 7453.600
7 87 4927.500
7 88 2108.600
7 89 3781.000
7 90 4843.800
7 91 4113.700
7 92 5366.300
7 93 4360.500
7 94 3385.900
7 95 3371.600
7 96 5504.900
7 97 6907.400
7 98 3892.600
7 99 6901.700
7 100 5165.000
8 0 5361.100
8 1 6797.800
8 2 7097.200
8 3 3351.900
8 4 5579.200
8 5 6775.000
8 6 9082.300
8 7 4152.200
8 8 0.000
8 9 2462.800
8 10 7093.600
8 11 3801.600
8 12 3866.600
8 13 10375.200
8 14 5118.800
8 15 5614.600
8 16 7995.600
8 17 4891.600
8 18 4169.800
8 19 3409.700
8 20 6313.600
8 21 9670.200
8 22 7972.800
8 23 8351.500
8 24 6400.000
8 25 9842.400
8 26 7889.800
8 27 8525.500
8 28 6250.200
8 29 4476.200
8 30 8838.500
8 31 7464.800
8 32 7040.300
8 33 6295.600
8 34 11132.800
8 35 8814.200
8 36 10849.300
8 37 5456.200
8 38 4743.600
8 39 5215.500
8 40 10255.500
8 41 9351.000
8 42 3132.700
8 43 3795.800
8 44 5788.000
8 45 3559.000
8 46 7555.400
8 47 8037.600
8 48 7051.300
8 49 4202.800
8 50 10853.100
8 51 6669.100
8 52 7671.700
8 53 5831.400
8 54 8068.000
8 55 11256.800
8 56 7678.700
8 57 7754.000
8 58 7870.300
8 59 11021.900
8 60 6586.300
8 61 3127.900
8 62 9209.600
8 63 1877.800
8 64 3669.500
8 65 8688.400
8 66 9659.000
8 67 7568.900
8 68 11367.800
8 69 7043.300
8 70 6298.500
8 71 5392.400
8 72 6452.100
8 73 8134.400
8 74 4367.700
8 75 5499.500
8 76 7424.800
8 77 6046.100
8 78 5638.500
8 79 4661.700
8 80 9778.700
8 81 3241.800
8 82 6195.000
8 83 8459.700
8 84 11426.600
8 85 8954.500
8 86 8261.600
8 87 9022.400
8 88 2916.600
8 89 5939.700
8 90 7573.100
8 91 1564.500
8 92 2987.900
8 93 8455.500
8 94 7480.900
8 95 6646.400
8 96 9599.800
8 97 7715.300
8 98 5435.700
8 99 7709.700
8 100 6828.600
9 0 6153.500
9 1 7705.100
9 2 5734.800
9 3 4238.700
9 4 6371.600
9 5 7567.400
9 6 9989.600
9 7 2901.300
9 8 2703.200
9 9 0.000
9 10 8000.900
9 11 3386.800
9 12 3827.200
9 13 9020.200
9 14 6026.100
9 15 6347.000
9 16 8787.900
9 17 3549.600
9 18 5077.100
9 19 1285.700
9 20 7220.900
9 21 8315.300
9 22 7651.100
9 23 7009.500
9 24 7286.900
9 25 10634.800
9 26 8655.000
9 27 9432.800
9 28 4887.800
9 29 2013.400
9 30 9745.800
9 31 6102.400
9 32 7760.900
9 33 4908.700
9 34 12040.100
9 35 7451.800
9 36 8801.900
9 37 6248.500
9 38 4328.800
9 39 2752.700
9 40 8900.600
9 41 7996.000
9 42 2717.800
9 43 3594.600
9 44 4425.600
9 45 3040.200
9 46 5092.500
9 47 6675.200
9 48 7793.000
9 49 2723.700
9 50 11760.400
9 51 5312.500
9 52 6284.900
9 53 6738.700
9 54 6705.600
9 55 9894.400
9 56 8586.000
9 57 6367.200
9 58 6483.500
9 59 11814.300
9 60 6097.400
9 61 2713.100
9 62 7854.600
9 63 930.400
9 64 1206.700
9 65 9480.800
9 66 10566.300
9 67 8361.300
9 68 12160.100
9 69 7950.600
9 70 7205.800
9 71 4050.500
9 72 7244.500
9 73 9218.400
9 74 5254.600
9 75 4157.600
9 76 6184.700
9 77 4659.300
9 78 3175.600
9 79 5569.000
9 80 10686.000
9 81 779.000
9 82 5109.900
9 83 7104.800
9 84 12333.900
9 85 7599.500
9 86 9168.900
9 87 7660.100
9 88 3823.900
9 89 6539.500
9 90 7602.300
9 91 2323.100
9 92 2422.200
9 93 7093.100
9 94 6118.500
9 95 5752.600
9 96 8237.500
9 97 8622.600
9 98 6322.500
9 99 8617.000
9 100 7923.500
10 0 6302.900
10 1 1523.200
10 2 9292.900
10 3 5547.600
10 4 6283.400
10 5 4966.500
10 6 3814.400
10 7 6347.900
10 8 6410.200
10 9 7942.200
10 10 0.000
10 11 5761.500
10 12 7235.800
10 13 12570.800
10 14 2881.500
10 15 7170.300
10 16 5647.400
10 17 7087.200
10 18 3207.800
10 19 7698.700
10 20 1458.000
10 21 11865.900
10 22 9912.000
10 23 10225.900
10 24 3768.400
10 25 7298.500
10 26 7083.600
10 27 3250.900
10 28 8445.800
10 29 8562.300
10 30 3564.000
10 31 9660.500
10 32 8979.500
10 33 8491.200
10 34 5864.800
10 35 11009.800
10 36 13045.000
10 37 5861.300
10 38 4866.700
10 39 7254.700
10 40 12451.200
10 41 11546.600
10 42 5477.800
10 43 5991.500
10 44 7983.600
10 45 5952.100
10 46 9845.600
10 47 10233.200
10 48 8426.200
10 49 6398.500
10 50 4806.600
10 51 8864.700
10 52 9867.400
10 53 3061.300
10 54 10263.700
10 55 13452.500
10 56 2404.200
10 57 9949.600
10 58 10066.000
10 59 6432.800
10 60 8055.800
10 61 6591.700
10 62 11405.200
10 63 7385.100
10 64 7238.200
10 65 4402.500
10 66 4384.500
10 67 5538.100
10 68 6778.600
10 69 1768.800
10 70 2440.100
10 71 7588.100
10 72 4792.700
10 73 10073.600
10 74 4027.200
10 75 7695.200
10 76 9620.500
10 77 8241.800
10 78 10059.600
10 79 3737.500
10 80 3732.300
10 81 8807.800
10 82 7257.500
10 83 10655.400
10 84 5380.200
10 85 11150.100
10 86 1363.800
10 87 11218.100
10 88 4640.000
10 89 7886.000
10 90 9251.800
10 91 7553.200
10 92 7276.900
10 93 10651.200
10 94 9676.600
10 95 8842.000
10 96 11795.500
10 97 621.800
10 98 4539.900
10 99 2435.100
10 100 8272.400
11 0 7501.800
11 1 6650.100
11 2 9237.900
11 3 5492.600
11 4 7719.900
11 5 8915.700
11 6 8941.200
11 7 6292.900
11 8 4085.300
11 9 3409.000
11 10 5831.900
11 11 0.000
11 12 1608.400
11 13 10970.900
11 14 5093.900
11 15 7755.300
11 16 10136.300
11 17 7032.300
11 18 4144.900
11 19 2736.600
11 20 6165.900
11 21 11810.900
11 22 10113.500
11 23 10492.200
11 24 5988.900
11 25 11983.100
11 26 10030.500
11 27 8377.800
11 28 8390.900
11 29 5991.000
11 30 8690.800
11 31 9605.500
11 32 9181.000
11 33 8436.300
11 34 10991.700
11 35 10586.400
11 36 12029.200
11 37 7596.900
11 38 1328.000
11 39 6730.200
11 40 11435.400
11 41 11491.700
11 42 2031.600
11 43 5936.500
11 44 8553.600
11 45 5699.700
11 46 7014.300
11 47 9724.000
11 48 9192.000
11 49 6343.500
11 50 9933.500
11 51 8389.700
11 52 9495.300
11 53 5806.500
11 54 10208.700
11 55 13397.500
11 56 7531.000
11 57 9894.700
11 58 10011.000
11 59 11559.700
11 60 8727.000
11 61 1362.500
11 62 11350.300
11 63 2851.900
11 64 5184.300
11 65 9529.400
11 66 9511.300
11 67 9709.600
11 68 11905.500
11 69 6895.700
11 70 6150.800
11 71 7533.100
11 72 8592.800
11 73 10275.100
11 74 5610.900
11 75 7640.200
11 76 8106.500
11 77 8186.800
11 78 5097.400
11 79 3787.200
11 80 8859.100
11 81 3845.600
11 82 8335.700
11 83 10600.400
11 84 10507.100
11 85 11095.200
11 86 7195.600
11 87 11163.100
11 88 5057.300
11 89 8080.400
11 90 9713.800
11 91 3020.000
11 92 2108.300
11 93 10596.200
11 94 9621.600
11 95 7674.300
11 96 11740.500
11 97 6453.600
11 98 6593.200
11 99 7562.000
11 100 8969.300
12 0 7586.300
12 1 8096.500
12 2 9322.400
12 3 5577.100
12 4 7804.400
12 5 9000.200
12 6 10387.600
12 7 6377.400
12 8 4169.700
12 9 3477.000
12 10 7278.200
12 11 1644.000
12 12 0.000
12 13 10932.200
12 14 6540.300
12 15 7839.800
12 16 10220.700
12 17 7116.700
12 18 5591.300
12 19 2697.900
12 20 7612.300
12 21 10811.500
12 22 10198.000
12 23 10576.600
12 24 7435.200
12 25 12067.600
12 26 10115.000
12 27 9824.100
12 28 8475.300
12 29 5952.300
12 30 10137.200
12 31 9690.000
12 32 9265.400
12 33 8520.700
12 34 12438.100
12 35 10547.700
12 36 11990.500
12 37 7681.400
12 38 3629.800
12 39 6691.500
12 40 11396.700
12 41 11576.100
12 42 2018.800
12 43 6021.000
12 44 8515.000
12 45 5784.200
12 46 6975.600
12 47 9685.400
12 48 9276.500
12 49 6428.000
12 50 11379.900
12 51 8351.000
12 52 9456.600
12 53 7252.900
12 54 10293.200
12 55 13482.000
12 56 8977.400
12 57 9979.200
12 58 10095.500
12 59 13247.100
12 60 8811.500
12 61 803.800
12 62 10023.900
12 63 2920.000
12 64 5145.600
12 65 10913.600
12 66 10957.700
12 67 9794.100
12 68 13593.000
12 69 8342.000
12 70 7597.200
12 71 7617.600
12 72 8677.300
12 73 10359.500
12 74 7057.300
12 75 7724.700
12 76 8067.800
12 77 8271.300
12 78 5058.800
12 79 5233.500
12 80 10305.500
12 81 3807.000
12 82 8420.200
12 83 10684.900
12 84 11953.500
12 85 11179.700
12 86 8642.000
12 87 11247.600
12 88 5141.800
12 89 8164.900
12 90 9798.300
12 91 3104.500
12 92 1623.600
12 93 10680.700
12 94 9706.100
12 95 7635.700
12 96 11614.900
12 97 7900.000
12 98 7660.800
12 99 9008.400
12 100 9053.800
13 0 8638.300
13 1 11617.700
13 2 6754.000
13 3 8151.300
13 4 8856.400
13 5 10052.200
13 6 13895.100
13 7 6803.600
13 8 8741.900
13 9 9226.200
13 10 11913.500
13 11 11083.000
13 12 10956.500
13 13 0.000
13 14 9938.700
13 15 7735.200
13 16 11272.700
13 17 6742.400
13 18 8989.700
13 19 9145.300
13 20 11133.500
13 21 2798.000
13 22 8293.000
13 23 7123.400
13 24 11199.500
13 25 13119.600
13 26 10043.200
13 27 13345.400
13 28 5854.800
13 29 7209.300
13 30 13658.400
13 31 4899.400
13 32 9030.200
13 33 5633.200
13 34 15945.600
13 35 1925.200
13 36 3716.300
13 37 8733.300
13 38 12204.300
13 39 6711.500
13 40 3122.500
13 41 2138.900
13 42 11292.800
13 43 7497.000
13 44 6450.800
13 45 7302.800
13 46 4509.100
13 47 3455.400
13 48 9181.200
13 49 6585.100
13 50 15665.900
13 51 4308.000
13 52 3705.500
13 53 10651.300
13 54 4369.100
13 55 4778.800
13 56 12498.600
13 57 5073.200
13 58 5189.500
13 59 14299.100
13 60 7866.100
13 61 10149.800
13 62 2240.200
13 63 10038.000
13 64 7424.800
13 65 11965.600
13 66 15227.300
13 67 10846.000
13 68 14644.900
13 69 11863.300
13 70 11118.400
13 71 7952.800
13 72 9729.300
13 73 9022.100
13 74 9167.200
13 75 6910.000
13 76 3459.600
13 77 4961.200
13 78 8027.900
13 79 9481.600
13 80 14591.500
13 81 9190.400
13 82 7594.700
13 83 1490.400
13 84 16239.500
13 85 2181.500
13 86 13081.500
13 87 4570.400
13 88 7736.500
13 89 9024.300
13 90 8989.100
13 91 9724.600
13 92 9367.100
13 93 4232.000
13 94 5197.000
13 95 5185.300
13 96 3745.400
13 97 12535.200
13 98 10235.100
13 99 12529.600
13 100 8958.500
14 0 3480.600
14 1 2409.400
14 2 6097.700
14 3 3158.800
14 4 3698.700
14 5 3762.700
14 6 4700.600
14 7 3959.100
14 8 4021.400
14 9 5902.500
14 10 2705.200
14 11 5032.600
14 12 6507.000
14 13 10182.000
14 14 0.000
14 15 4722.000
14 16 5052.000
14 17 4698.400
14 18 885.500
14 19 6969.900
14 20 1925.200
14 21 9477.100
14 22 6983.100
14 23 7130.300
14 24 895.000
14 25 6348.300
14 26 5376.900
14 27 4137.100
14 28 5267.900
14 29 6173.500
14 30 4450.200
14 31 6482.600
14 32 6050.600
14 33 6102.400
14 34 6751.100
14 35 8621.100
14 36 9182.100
14 37 3575.600
14 38 4137.800
14 39 4865.900
14 40 10062.400
14 41 9157.800
14 42 4749.000
14 43 3602.700
14 44 5594.800
14 45 3563.300
14 46 7456.800
14 47 7844.500
14 48 4953.500
14 49 4009.700
14 50 5692.900
14 51 6475.900
14 52 7478.600
14 53 712.600
14 54 7085.800
14 55 10274.600
14 56 3493.600
14 57 6692.100
14 58 6808.400
14 59 5482.600
14 60 5612.800
14 61 5862.800
14 62 9016.400
14 63 5317.500
14 64 4849.400
14 65 4037.200
14 66 5270.700
14 67 4942.800
14 68 5828.400
14 69 2655.000
14 70 831.600
14 71 4401.200
14 72 2344.300
14 73 7144.700
14 74 1145.700
14 75 5306.400
14 76 7231.700
14 77 5853.000
14 78 9330.700
14 79 1415.100
14 80 4618.500
14 81 6615.000
14 82 4086.700
14 83 8266.600
14 84 6266.500
14 85 8761.400
14 86 3873.200
14 87 8040.200
14 88 2734.500
14 89 4059.200
14 90 6322.800
14 91 5004.200
14 92 6548.000
14 93 7473.200
14 94 6483.900
14 95 6453.300
14 96 8617.600
14 97 3327.000
14 98 1666.400
14 99 3321.300
14 100 5343.500
15 0 1925.200
15 1 7959.800
15 2 3112.600
15 3 2177.800
15 4 2143.300
15 5 3339.100
15 6 9604.500
15 7 3520.900
15 8 4460.100
15 9 6341.200
15 10 7615.700
15 11 7680.000
15 12 7744.900
15 13 8850.300
15 14 4754.700
15 15 0.000
15 16 4559.600
15 17 4236.600
15 18 4692.000
15 19 7288.100
15 20 6835.800
15 21 6005.100
15 22 3204.500
15 23 3653.700
15 24 3990.700
15 25 6406.500
15 26 3121.600
15 27 7905.800
15 28 2870.100
15 29 6395.800
15 30 6663.800
15 31 4084.800
15 32 2272.000
15 33 3676.900
15 34 9464.800
15 35 7413.000
15 36 6539.400
15 37 2020.300
15 38 7906.600
15 39 5304.600
15 40 7033.000
15 41 7246.100
15 42 7011.100
15 43 3162.100
15 44 5812.300
15 45 4003.000
15 46 6881.000
15 47 7714.900
15 48 2283.000
15 49 4433.700
15 50 7185.200
15 51 5500.300
15 52 5613.900
15 53 5281.700
15 54 4063.200
15 55 7876.800
15 56 5743.000
15 57 4425.000
15 58 4541.400
15 59 7586.000
15 60 2201.600
15 61 7006.300
15 62 6974.900
15 63 5756.200
15 64 5071.700
15 65 5252.500
15 66 8582.500
15 67 4133.000
15 68 7931.900
15 69 6010.000
15 70 5586.300
15 71 2375.600
15 72 3016.200
15 73 3366.100
15 74 3655.000
15 75 3126.600
15 76 6636.000
15 77 4847.100
15 78 9233.900
15 79 5183.900
15 80 7930.300
15 81 6837.300
15 82 1384.200
15 83 7129.700
15 84 7867.500
15 85 6962.500
15 86 7838.700
15 87 5291.500
15 88 3438.800
15 89 2033.600
15 90 2804.800
15 91 5442.900
15 92 6866.300
15 93 4830.500
15 94 3433.700
15 95 6670.700
15 96 5974.900
15 97 8580.700
15 98 3026.300
15 99 7073.400
15 100 2060.300
16 0 4896.400
16 1 3991.700
16 2 6671.100
16 3 5128.100
16 4 4390.400
16 5 2697.300
16 6 6687.000
16 7 6471.100
16 8 7410.300
16 9 9291.500
16 10 4717.100
16 11 9676.500
16 12 10695.200
16 13 12066.400
16 14 3699.300
16 15 4459.200
16 16 0.000
16 17 7207.800
16 18 5874.400
16 19 10238.400
16 20 4124.500
16 21 9221.200
16 22 5438.200
16 23 5752.000
16 24 3784.700
16 25 4127.700
16 26 2609.800
16 27 3937.700
16 28 5841.300
16 29 9346.000
16 30 2695.600
16 31 7055.900
16 32 4505.700
16 33 6648.000
16 34 5496.700
16 35 10384.200
16 36 9755.400
16 37 2958.900
16 38 8781.700
16 39 8254.800
16 40 10249.100
16 41 10462.200
16 42 9392.800
16 43 6112.300
16 44 8783.500
16 45 6953.200
16 46 9852.100
16 47 10686.100
16 48 3952.400
16 49 7404.800
16 50 3217.000
16 51 8471.500
16 52 8585.000
16 53 4117.100
16 54 7659.100
16 55 10847.900
16 56 2715.100
16 57 7396.200
16 58 7512.500
16 59 3617.900
16 60 5431.000
16 61 9956.500
16 62 9946.100
16 63 8706.400
16 64 8021.900
16 65 1284.400
16 66 4614.300
16 67 1064.300
16 68 3963.700
16 69 2953.000
16 70 5106.600
16 71 5325.800
16 72 2899.700
16 73 5599.800
16 74 4694.800
16 75 6097.800
16 76 9607.200
16 77 7818.300
16 78 12184.200
16 79 6404.000
16 80 3962.100
16 81 9787.500
16 82 4355.300
16 83 10345.800
16 84 3899.400
16 85 10178.600
16 86 3870.600
16 87 8613.600
16 88 6389.000
16 89 4983.800
16 90 4777.900
16 91 8393.100
16 92 9816.500
16 93 8046.600
16 94 7057.300
16 95 9641.900
16 96 9191.000
16 97 4612.600
16 98 4556.200
16 99 3105.200
16 100 3798.600
17 0 4053.400
17 1 6839.500
17 2 2211.100
17 3 2745.000
17 4 4271.500
17 5 5467.300
17 6 9117.000
17 7 1166.100
17 8 3963.700
17 9 4379.000
17 10 7135.300
17 11 7183.600
17 12 7248.600
17 13 6294.200
17 14 5160.600
17 15 3992.100
17 16 6687.800
17 17 0.000
17 18 4211.600
17 19 4849.900
17 20 6355.300
17 21 4090.100
17 22 5294.800
17 23 4653.300
17 24 5793.100
17 25 8534.700
17 26 6300.100
17 27 8567.200
17 28 1364.000
17 29 3412.800
17 30 8792.000
17 31 2578.700
17 32 5404.600
17 33 1359.100
17 34 11167.500
17 35 4190.100
17 36 5278.200
17 37 4148.400
17 38 7426.100
17 39 1925.800
17 40 4675.400
17 41 5270.000
17 42 6514.700
17 43 1658.100
17 44 1722.000
17 45 2517.200
17 46 3143.500
17 47 3949.200
17 48 5438.200
17 49 1737.900
17 50 9313.400
17 51 1762.900
17 52 2735.300
17 53 5873.200
17 54 3181.900
17 55 6370.700
17 56 7720.500
17 57 2817.500
17 58 2933.900
17 59 9714.200
17 60 3997.300
17 61 6509.900
17 62 3752.000
17 63 5368.900
17 64 2577.600
17 65 7380.700
17 66 10449.100
17 67 6261.100
17 68 10060.000
17 69 7085.100
17 70 6340.200
17 71 1952.500
17 72 5144.400
17 73 6875.900
17 74 4172.000
17 75 975.400
17 76 2898.600
17 77 1109.600
17 78 5641.300
17 79 4703.500
17 80 9813.400
17 81 4343.200
17 82 3009.800
17 83 4378.800
17 84 11461.300
17 85 4873.500
17 86 8303.300
17 87 4136.300
17 88 2958.400
17 89 4439.400
17 90 5246.000
17 91 4946.500
17 92 5986.400
17 93 3569.300
17 94 2594.800
17 95 2580.400
17 96 4713.700
17 97 7757.100
17 98 4828.700
17 99 7751.400
17 100 5215.500
18 0 4472.300
18 1 2628.000
18 2 6208.400
18 3 2463.100
18 4 4690.400
18 5 5886.200
18 6 4919.100
18 7 3263.400
18 8 3325.700
18 9 5206.900
18 10 2923.700
18 11 4270.500
18 12 5744.800
18 13 9486.300
18 14 949.000
18 15 4725.800
18 16 6752.200
18 17 4002.700
18 18 0.000
18 19 6207.700
18 20 2143.800
18 21 8781.400
18 22 7084.000
18 23 7462.700
18 24 1843.900
18 25 8403.200
18 26 7001.000
18 27 4355.600
18 28 5361.400
18 29 5477.800
18 30 4668.700
18 31 6576.000
18 32 6151.500
18 33 5406.800
18 34 6969.600
18 35 7925.400
18 36 9960.500
18 37 4567.400
18 38 3375.700
18 39 4170.200
18 40 9366.700
18 41 8462.200
18 42 3986.800
18 43 2907.000
18 44 4899.200
18 45 2867.600
18 46 6761.100
18 47 7148.800
18 48 6162.500
18 49 3314.000
18 50 5911.400
18 51 5780.300
18 52 6782.900
18 53 1661.600
18 54 7179.200
18 55 10368.000
18 56 3508.900
18 57 6865.200
18 58 6981.500
18 59 7537.500
18 60 5697.500
18 61 5100.700
18 62 8320.800
18 63 4621.900
18 64 4153.700
18 65 5507.200
18 66 5489.200
18 67 6642.900
18 68 7883.400
18 69 2873.500
18 70 2128.600
18 71 4503.600
18 72 3293.300
18 73 7245.600
18 74 1466.000
18 75 4610.700
18 76 6536.000
18 77 5157.300
18 78 8315.900
18 79 653.000
18 80 4837.000
18 81 5919.300
18 82 5306.200
18 83 7570.900
18 84 6485.000
18 85 8065.700
18 86 4091.700
18 87 8133.600
18 88 2038.800
18 89 5050.900
18 90 6684.300
18 91 4308.500
18 92 5785.900
18 93 7566.700
18 94 6592.100
18 95 5757.600
18 96 8711.000
18 97 3545.500
18 98 2448.200
18 99 3539.900
18 100 5939.800
19 0 7157.200
19 1 8695.500
19 2 6738.600
19 3 5242.500
19 4 7375.300
19 5 8571.100
19 6 10993.300
19 7 3905.000
19 8 3638.400
19 9 1770.500
19 10 7877.300
19 11 2966.200
19 12 2839.700
19 13 9052.800
19 14 7139.400
19 15 7350.700
19 16 9791.700
19 17 4553.400
19 18 6190.400
19 19 0.000
19 20 8211.300
19 21 8932.000
19 22 8654.800
19 23 8013.300
19 24 8290.600
19 25 11638.500
19 26 9658.700
19 27 10423.200
19 28 5891.500
19 29 3017.100
19 30 10736.300
19 31 7106.200
19 32 8764.600
19 33 5912.500
19 34 13043.800
19 35 8668.300
19 36 9805.700
19 37 7252.300
19 38 4228.900
19 39 3756.400
19 40 9517.300
19 41 8999.800
19 42 2617.900
19 43 4598.400
19 44 5429.300
19 45 4043.900
19 46 5096.200
19 47 7806.000
19 48 8796.700
19 49 3727.400
19 50 11979.000
19 51 6471.600
19 52 7577.200
19 53 7852.000
19 54 7709.400
19 55 10898.200
19 56 9576.500
19 57 7370.900
19 58 7487.200
19 59 12818.000
19 60 7101.100
19 61 2033.000
19 62 8144.500
19 63 1865.600
19 64 2210.400
19 65 10484.500
19 66 11556.800
19 67 9365.000
19 68 13163.900
19 69 8941.100
19 70 8196.200
19 71 5054.200
19 72 8248.200
19 73 10222.100
19 74 6258.300
19 75 5161.300
19 76 6188.400
19 77 5663.000
19 78 3179.300
19 79 5832.600
19 80 10904.600
19 81 1024.700
19 82 6113.600
19 83 8108.500
19 84 12552.600
19 85 8603.300
19 86 9241.100
19 87 8663.800
19 88 4827.600
19 89 7543.200
19 90 8606.000
19 91 2879.900
19 92 1250.300
19 93 8096.800
19 94 7122.300
19 95 5756.300
19 96 9241.200
19 97 8499.100
19 98 7326.200
19 99 9607.400
19 100 8927.200
20 0 5066.300
20 1 1100.200
20 2 8005.100
20 3 4259.800
20 4 5284.400
20 5 3837.600
20 6 3391.400
20 7 5060.100
20 8 5122.500
20 9 7003.600
20 10 1396.000
20 11 5927.900
20 12 7402.200
20 13 11283.100
20 14 1593.700
20 15 6522.500
20 16 5224.500
20 17 5799.500
20 18 1920.100
20 19 7865.100
20 20 0.000
20 21 10578.200
20 22 8880.700
20 23 9259.400
20 24 2480.700
20 25 6875.500
20 26 6660.700
20 27 2827.900
20 28 7158.100
20 29 7274.500
20 30 3141.000
20 31 8372.700
20 32 7948.200
20 33 7203.500
20 34 5441.900
20 35 9722.100
20 36 11757.300
20 37 4732.300
20 38 5033.100
20 39 5966.900
20 40 11163.400
20 41 10258.900
20 42 5644.200
20 43 4703.700
20 44 6695.900
20 45 4664.300
20 46 8557.800
20 47 8945.500
20 48 8003.300
20 49 5110.700
20 50 4383.700
20 51 7577.000
20 52 8579.600
20 53 1508.900
20 54 8975.900
20 55 12164.700
20 56 1981.200
20 57 8661.900
20 58 8778.200
20 59 6009.800
20 60 7494.200
20 61 6758.100
20 62 10117.500
20 63 6418.600
20 64 5950.400
20 65 3979.500
20 66 3961.500
20 67 5115.200
20 68 6355.700
20 69 1345.800
20 70 1152.400
20 71 6300.300
20 72 3663.800
20 73 9042.300
20 74 2739.400
20 75 6407.400
20 76 8332.700
20 77 6954.000
20 78 10226.000
20 79 2449.700
20 80 3309.300
20 81 7716.000
20 82 6128.600
20 83 9367.600
20 84 4957.300
20 85 9862.400
20 86 2564.000
20 87 9930.300
20 88 3835.500
20 89 5644.900
20 90 8828.800
20 91 6105.300
20 92 7443.300
20 93 9363.400
20 94 8388.800
20 95 7554.300
20 96 10507.800
20 97 2017.800
20 98 3252.100
20 99 2012.100
20 100 7849.500
21 0 6161.000
21 1 11545.400
21 2 4276.700
21 3 6259.700
21 4 6379.100
21 5 7574.900
21 6 13822.900
21 7 5194.000
21 8 8669.600
21 9 9153.900
21 10 11841.200
21 11 11889.500
21 12 11954.400
21 13 3138.700
21 14 9866.400
21 15 5257.900
21 16 8795.500
21 17 5285.400
21 18 8917.500
21 19 9624.800
21 20 11061.200
21 21 0.000
21 22 5510.300
21 23 4340.700
21 24 8504.100
21 25 10642.300
21 26 7902.800
21 27 12141.700
21 28 3377.500
21 29 6337.300
21 30 10899.600
21 31 2422.100
21 32 6247.600
21 33 3443.700
21 34 13700.600
21 35 3066.700
21 36 1527.200
21 37 6256.100
21 38 12132.000
21 39 6639.200
21 40 1004.900
21 41 1345.200
21 42 11220.600
21 43 5686.000
21 44 5184.300
21 45 7230.500
21 46 3874.800
21 47 3468.700
21 48 6703.900
21 49 6512.800
21 50 11421.000
21 51 2494.100
21 52 1516.000
21 53 9795.100
21 54 1891.800
21 55 2321.100
21 56 9978.800
21 57 2595.900
21 58 2712.300
21 59 11821.800
21 60 5388.800
21 61 11215.800
21 62 2167.900
21 63 9965.700
21 64 7352.500
21 65 9488.300
21 66 12818.300
21 67 8368.800
21 68 12167.700
21 69 10245.800
21 70 11046.100
21 71 5032.500
21 72 7252.000
21 73 6239.400
21 74 8168.400
21 75 4315.800
21 76 3387.300
21 77 3148.300
21 78 8236.500
21 79 9409.300
21 80 12166.100
21 81 9118.100
21 82 5117.400
21 83 1418.100
21 84 12103.300
21 85 1250.900
21 86 12074.600
21 87 1787.700
21 88 7664.200
21 89 6547.000
21 90 5893.500
21 91 9652.400
21 92 9575.800
21 93 2055.100
21 94 2719.700
21 95 4551.000
21 96 962.700
21 97 12463.000
21 98 7539.700
21 99 11309.200
21 100 6214.700
22 0 4397.400
22 1 8517.600
22 2 4156.100
22 3 4650.000
22 4 4615.500
22 5 4923.600
22 6 12076.700
22 7 5993.100
22 8 6932.300
22 9 8813.400
22 10 9243.000
22 11 10152.200
22 12 10217.100
22 13 8510.200
22 14 7226.900
22 15 2472.200
22 16 5117.400
22 17 5995.600
22 18 7164.200
22 19 9760.300
22 20 8650.500
22 21 5399.500
22 22 0.000
22 23 1110.400
22 24 6462.900
22 25 6933.500
22 26 3288.300
22 27 8463.600
22 28 4745.400
22 29 8356.300
22 30 7221.600
22 31 5277.900
22 32 918.500
22 33 5552.100
22 34 10022.600
22 35 8331.400
22 36 5312.100
22 37 4018.400
22 38 10378.700
22 39 7265.100
22 40 5805.700
22 41 6309.900
22 42 9483.200
22 43 5634.300
22 44 7687.600
22 45 6475.200
22 46 8393.100
22 47 8721.800
22 48 2797.300
22 49 6192.600
22 50 7743.000
22 51 7012.500
22 52 6551.000
22 53 7753.800
22 54 4747.600
22 55 5065.500
22 56 7241.100
22 57 5451.700
22 58 5568.000
22 59 8143.800
22 60 2184.500
22 61 9478.500
22 62 7539.400
22 63 8228.400
22 64 7032.200
22 65 5810.300
22 66 9140.300
22 67 4660.000
22 68 8489.700
22 69 7478.900
22 70 8058.500
22 71 4847.800
22 72 4617.500
22 73 1625.000
22 74 6127.200
22 75 4885.500
22 76 8640.400
22 77 6722.300
22 78 11194.500
22 79 7656.100
22 80 8488.100
22 81 8797.800
22 82 3856.300
22 83 6789.600
22 84 8425.300
22 85 6622.400
22 86 8396.500
22 87 3853.700
22 88 5911.000
22 89 4505.800
22 90 1789.100
22 91 7915.100
22 92 9338.500
22 93 4147.400
22 94 4109.200
22 95 8546.000
22 96 4697.100
22 97 9138.500
22 98 5498.500
22 99 7631.200
22 100 2110.300
23 0 4700.400
23 1 9739.800
23 2 3086.200
23 3 4799.100
23 4 4918.500
23 5 6114.300
23 6 12425.600
23 7 4344.500
23 8 7265.200
23 9 7763.700
23 10 10465.200
23 11 10485.200
23 12 10550.100
23 13 7518.900
23 14 7807.500
23 15 3332.700
23 16 6339.600
23 17 4925.600
23 18 7513.100
23 19 8234.600
23 20 9872.600
23 21 4408.300
23 22 1055.500
23 23 0.000
23 24 7043.500
23 25 8155.700
23 26 4068.100
23 27 9685.800
23 28 3341.500
23 29 7286.400
23 30 8443.700
23 31 4286.600
23 32 2412.900
23 33 4148.200
23 34 11244.800
23 35 7340.200
23 36 4320.800
23 37 4795.400
23 38 10727.700
23 39 6195.200
23 40 4814.500
23 41 5318.700
23 42 9816.200
23 43 4853.700
23 44 6283.700
23 45 5820.000
23 46 7352.400
23 47 7730.600
23 48 4000.300
23 49 5122.600
23 50 8965.100
23 51 5971.700
23 52 5559.800
23 53 8334.400
23 54 4016.000
23 55 4074.200
23 56 8463.200
23 57 4460.400
23 58 4576.800
23 59 9366.000
23 60 2090.200
23 61 9811.500
23 62 6548.200
23 63 8753.600
23 64 5962.300
23 65 7032.500
23 66 10362.400
23 67 5882.100
23 68 9711.800
23 69 8701.100
23 70 8639.100
23 71 3571.900
23 72 5791.400
23 73 2404.700
23 74 6707.800
23 75 3815.600
23 76 7107.400
23 77 5318.500
23 78 10124.500
23 79 8005.000
23 80 9710.200
23 81 7727.900
23 82 3656.800
23 83 5798.300
23 84 9647.500
23 85 5631.100
23 86 9618.700
23 87 2862.500
23 88 6259.900
23 89 5086.400
23 90 2992.100
23 91 8248.000
23 92 9371.100
23 93 3156.100
23 94 3117.900
23 95 7142.100
23 96 3705.800
23 97 10360.700
23 98 6079.100
23 99 8853.300
23 100 3313.300
24 0 2778.500
24 1 3296.400
24 2 5395.700
24 3 3501.400
24 4 2996.600
24 5 3848.000
24 6 5587.600
24 7 4844.400
24 8 4916.400
24 9 6797.500
24 10 3592.200
24 11 5927.600
24 12 7401.900
24 13 11077.000
24 14 895.000
24 15 4431.800
24 16 5137.400
24 17 5635.600
24 18 1780.400
24 19 7864.800
24 20 2812.200
24 21 7945.800
24 22 6790.000
24 23 6428.300
24 24 0.000
24 25 6433.600
24 26 5678.500
24 27 5024.100
24 28 4565.900
24 29 7068.400
24 30 5533.800
24 31 5780.500
24 32 5857.400
24 33 5217.600
24 34 7446.800
24 35 8953.700
24 36 8480.000
24 37 2873.600
24 38 5032.800
24 39 5760.900
24 40 8973.700
24 41 10052.800
24 42 5643.900
24 43 4485.700
24 44 6489.800
24 45 4458.200
24 46 8351.700
24 47 8739.400
24 48 5038.800
24 49 4904.700
24 50 5167.100
24 51 7398.500
24 52 7154.600
24 53 1483.900
24 54 6383.700
24 55 9572.500
24 56 3578.900
24 57 5990.100
24 58 6106.400
24 59 5567.900
24 60 4910.700
24 61 6757.800
24 62 9911.400
24 63 6212.500
24 64 5744.300
24 65 4122.500
24 66 6461.700
24 67 5028.100
24 68 5913.800
24 69 3846.000
24 70 1718.500
24 71 3699.100
24 72 2429.700
24 73 6951.500
24 74 1675.000
24 75 4647.400
24 76 8126.600
24 77 6745.200
24 78 10225.600
24 79 2310.100
24 80 5809.500
24 81 7509.900
24 82 3384.700
24 83 9161.600
24 84 5849.500
24 85 9656.300
24 86 4760.200
24 87 7338.200
24 88 3629.400
24 89 3357.200
24 90 6390.300
24 91 5899.200
24 92 7443.000
24 93 6771.200
24 94 5781.900
24 95 7348.200
24 96 7915.600
24 97 4214.000
24 98 964.400
24 99 4208.300
24 100 5645.800
25 0 6395.000
25 1 6276.400
25 2 8169.800
25 3 6626.800
25 4 6613.100
25 5 4196.000
25 6 6515.100
25 7 7969.800
25 8 8909.000
25 9 10790.100
25 10 7001.800
25 11 11961.200
25 12 12193.900
25 13 13565.100
25 14 6116.500
25 15 5957.900
25 16 3998.700
25 17 8706.500
25 18 8159.000
25 19 11737.000
25 20 6409.200
25 21 10719.900
25 22 6915.500
25 23 7229.300
25 24 6201.900
25 25 0.000
25 26 4087.100
25 27 6222.400
25 28 7340.000
25 29 10844.700
25 30 4980.300
25 31 8554.600
25 32 5982.900
25 33 8146.700
25 34 2994.200
25 35 11882.800
25 36 11254.100
25 37 4457.600
25 38 11066.400
25 39 9753.500
25 40 11747.800
25 41 11960.900
25 42 11677.500
25 43 7611.000
25 44 10282.200
25 45 8451.900
25 46 11350.800
25 47 12184.800
25 48 4984.100
25 49 8903.500
25 50 3198.800
25 51 9970.200
25 52 10083.700
25 53 6534.200
25 54 9157.800
25 55 12346.600
25 56 5132.300
25 57 8894.900
25 58 9011.200
25 59 3166.000
25 60 6929.600
25 61 11455.200
25 62 11444.800
25 63 10205.100
25 64 9520.600
25 65 3441.900
25 66 5721.900
25 67 2956.000
25 68 1566.300
25 69 5237.700
25 70 7391.300
25 71 6824.500
25 72 5316.900
25 73 7077.000
25 74 7112.000
25 75 7596.500
25 76 11105.900
25 77 9316.900
25 78 13682.800
25 79 8688.700
25 80 4215.500
25 81 11286.200
25 82 5854.000
25 83 11844.500
25 84 2537.800
25 85 11677.300
25 86 6155.300
25 87 10112.200
25 88 7887.700
25 89 6482.500
25 90 6255.200
25 91 9891.800
25 92 11315.200
25 93 9545.300
25 94 8555.900
25 95 11140.600
25 96 10689.600
25 97 6897.300
25 98 6973.300
25 99 5389.900
25 100 5275.800
26 0 4615.200
26 1 5671.700
26 2 4668.600
26 3 4846.900
26 4 3686.500
26 5 2416.200
26 6 8367.000
26 7 6190.000
26 8 7129.200
26 9 9010.300
26 10 6397.100
26 11 10349.100
26 12 10414.000
26 13 10406.300
26 14 5379.400
26 15 2358.200
26 16 2271.500
26 17 6508.000
26 18 7554.400
26 19 9957.200
26 20 5804.500
26 21 7561.200
26 22 2983.600
26 23 3297.500
26 24 5464.700
26 25 4087.600
26 26 0.000
26 27 5617.700
26 28 4944.700
26 29 8868.800
26 30 4375.600
26 31 5758.800
26 32 2051.100
26 33 5751.400
26 34 7176.700
26 35 9487.500
26 36 7507.600
26 37 2345.900
26 38 10461.700
26 39 7777.600
26 40 8001.200
26 41 8505.400
26 42 9680.200
26 43 5831.200
26 44 7886.900
26 45 6672.100
26 46 8955.500
26 47 9789.500
26 48 1497.800
26 49 6705.000
26 50 4897.100
26 51 7574.900
26 52 7688.400
26 53 5797.100
26 54 5619.200
26 55 7261.000
26 56 4395.100
26 57 6489.100
26 58 6605.500
26 59 5297.900
26 60 2727.800
26 61 9675.400
26 62 9435.600
26 63 8425.300
26 64 7544.700
26 65 2964.400
26 66 6294.300
26 67 1814.100
26 68 5643.700
26 69 4633.000
26 70 6786.700
26 71 5044.700
26 72 2945.000
26 73 3145.200
26 74 6324.100
26 75 5398.000
26 76 8710.600
26 77 6921.600
26 78 11706.900
26 79 8084.100
26 80 5642.100
26 81 9310.300
26 82 4074.200
26 83 8685.700
26 84 5579.400
26 85 8518.500
26 86 5550.600
26 87 6049.200
26 88 6107.900
26 89 4702.700
26 90 2323.400
26 91 8112.000
26 92 9535.400
26 93 6386.600
26 94 4989.700
26 95 8745.300
26 96 6892.600
26 97 6292.600
26 98 5695.400
26 99 4785.200
26 100 1344.000
27 0 7899.000
27 1 2333.500
27 2 9673.800
27 3 7342.700
27 4 6975.500
27 5 5700.000
27 6 6300.100
27 7 8143.100
27 8 8205.400
27 9 10086.500
27 10 3576.200
27 11 9411.500
27 12 10885.800
27 13 14366.000
27 14 4676.700
27 15 7461.800
27 16 4176.200
27 17 8882.400
27 18 5003.000
27 19 11348.700
27 20 3253.200
27 21 12223.900
27 22 8440.800
27 23 8754.700
27 24 5563.600
27 25 5827.300
27 26 5612.400
27 27 0.000
27 28 8843.900
27 29 10357.500
27 30 2092.800
27 31 10058.600
27 32 7508.300
27 33 9650.700
27 34 3653.400
27 35 13386.800
27 36 12758.100
27 37 5961.600
27 38 8516.700
27 39 9049.900
27 40 13251.700
27 41 13341.800
27 42 9127.800
27 43 7786.700
27 44 9778.800
27 45 7747.300
27 46 11640.800
27 47 12028.400
27 48 6955.000
27 49 8193.700
27 50 2133.200
27 51 10659.900
27 52 11587.700
27 53 4495.300
27 54 10661.800
27 55 13850.600
27 56 2874.200
27 57 10398.800
27 58 10515.200
27 59 4961.600
27 60 8433.600
27 61 10241.700
27 62 13200.400
27 63 9501.500
27 64 9033.400
27 65 2931.300
27 66 1711.000
27 67 4066.900
27 68 3673.100
27 69 2399.600
27 70 4235.300
27 71 8328.500
27 72 5484.800
27 73 8602.400
27 74 5822.400
27 75 9100.400
27 76 11415.700
27 77 10037.000
27 78 13709.500
27 79 5532.700
27 80 1058.800
27 81 10798.900
27 82 7358.000
27 83 12450.600
27 84 2706.800
27 85 12945.300
27 86 2212.400
27 87 11616.200
27 88 6435.100
27 89 7986.500
27 90 7780.600
27 91 9188.200
27 92 10926.900
27 93 11049.300
27 94 10059.900
27 95 10637.200
27 96 12193.600
27 97 2954.400
27 98 6335.100
27 99 1447.000
27 100 6801.200
28 0 2917.200
28 1 8059.700
28 2 1074.900
28 3 3088.100
28 4 3135.300
28 5 4331.100
28 6 10337.200
28 7 2284.600
28 8 5183.900
28 9 5703.900
28 10 8355.500
28 11 8403.800
28 12 8468.700
28 13 6453.000
28 14 6024.400
28 15 2858.400
28 16 5551.700
28 17 1907.900
28 18 5431.800
28 19 6174.800
28 20 7575.500
28 21 3607.800
28 22 4161.100
28 23 3519.600
28 24 5260.300
28 25 7398.600
28 26 5166.400
28 27 8897.900
28 28 0.000
28 29 4632.900
28 30 7655.800
28 31 1442.500
28 32 4270.900
28 33 806.700
28 34 10456.900
28 35 4542.900
28 36 4142.000
28 37 3012.300
28 38 8646.300
28 39 3146.000
28 40 4635.700
28 41 4848.800
28 42 7734.900
28 43 2793.900
28 44 2942.200
28 45 3737.300
28 46 4010.900
28 47 4844.800
28 48 4304.500
28 49 3062.800
28 50 8177.200
28 51 2630.200
28 52 2743.700
28 53 6551.300
28 54 2045.700
28 55 5234.500
28 56 6735.000
28 57 1579.200
28 58 1695.600
28 59 8578.100
28 60 2861.200
28 61 7730.100
28 62 4104.800
28 63 6693.800
28 64 3902.500
28 65 6244.600
28 66 9574.500
28 67 5125.000
28 68 8923.900
28 69 7002.100
28 70 6856.000
28 71 1788.700
28 72 4008.300
28 73 5742.200
28 74 4924.600
28 75 938.300
28 76 3765.900
28 77 1977.000
28 78 6861.500
28 79 5923.600
28 80 8922.300
28 81 5668.100
28 82 1873.700
28 83 4512.500
28 84 8859.600
28 85 4305.000
28 86 8830.800
28 87 3000.200
28 88 4178.500
28 89 3303.200
28 90 4112.300
28 91 6166.700
28 92 7311.300
28 93 2433.200
28 94 1461.100
28 95 3800.600
28 96 3577.600
28 97 9572.800
28 98 4296.000
28 99 8065.400
28 100 4081.800
29 0 6474.300
29 1 8072.500
29 2 4632.000
29 3 4606.200
29 4 6692.400
29 5 7888.200
29 6 10350.000
29 7 3250.900
29 8 3924.700
29 9 2370.300
29 10 8368.300
29 11 5693.500
29 12 5567.000
29 13 7917.400
29 14 6393.500
29 15 6413.100
29 16 9108.800
29 17 3228.800
29 18 5444.600
29 19 2841.200
29 20 7588.300
29 21 5959.500
29 22 7715.800
29 23 7074.200
29 24 7654.300
29 25 10955.700
29 26 8721.100
29 27 9800.200
29 28 3785.000
29 29 0.000
29 30 10113.300
29 31 4999.600
29 32 7825.500
29 33 3830.400
29 34 12400.400
29 35 5644.200
29 36 7699.100
29 37 6569.400
29 38 6956.200
29 39 1481.600
29 40 6544.800
29 41 6893.200
29 42 5345.300
29 43 3944.300
29 44 1545.000
29 45 3750.100
29 46 3406.900
29 47 4867.600
29 48 7859.100
29 49 3032.400
29 50 12120.700
29 51 3499.100
29 52 4604.700
29 53 7106.100
29 54 5602.800
29 55 8791.600
29 56 8953.500
29 57 5198.600
29 58 5315.000
29 59 12135.100
29 60 6418.300
29 61 4760.300
29 62 5206.100
29 63 3360.200
29 64 2247.000
29 65 9801.700
29 66 11682.100
29 67 8682.100
29 68 13575.400
29 69 8318.100
29 70 7573.200
29 71 4373.500
29 72 7565.300
29 73 9296.800
29 74 5622.000
29 75 3396.400
29 76 4254.800
29 77 3179.400
29 78 4731.100
29 79 5936.400
29 80 11046.400
29 81 2334.500
29 82 5430.700
29 83 6002.000
29 84 12694.300
29 85 6496.700
29 86 9536.300
29 87 6557.200
29 88 4191.300
29 89 6860.300
29 90 7667.000
29 91 4752.900
29 92 3977.700
29 93 5990.300
29 94 5015.700
29 95 2403.400
29 96 7134.600
29 97 8990.100
29 98 6689.900
29 99 8984.400
29 100 7636.400
30 0 6507.900
30 1 2867.700
30 2 8282.600
30 3 6739.600
30 4 5584.400
30 5 4308.800
30 6 5563.000
30 7 8082.600
30 8 7952.800
30 9 9833.900
30 10 3593.100
30 11 8552.500
30 12 10026.800
30 13 13677.900
30 14 4424.000
30 15 6070.700
30 16 2785.100
30 17 8819.300
30 18 4750.400
30 19 10489.700
30 20 3000.500
30 21 10832.700
30 22 7049.700
30 23 7363.500
30 24 4978.700
30 25 4436.100
30 26 4221.300
30 27 2813.700
30 28 7452.800
30 29 10104.800
30 30 0.000
30 31 8667.400
30 32 6117.200
30 33 8259.500
30 34 3725.300
30 35 11995.700
30 36 11366.900
30 37 4570.400
30 38 7657.700
30 39 8797.200
30 40 11860.600
30 41 12073.700
30 42 8268.800
30 43 7723.800
30 44 10395.000
30 45 7494.600
30 46 11463.600
30 47 12297.600
30 48 5563.900
30 49 7941.000
30 50 1239.900
30 51 10083.000
30 52 10196.500
30 53 3924.700
30 54 9270.600
30 55 12459.400
30 56 2303.600
30 57 9007.700
30 58 9124.000
30 59 3570.400
30 60 7042.500
30 61 9382.700
30 62 11557.600
30 63 9248.900
30 64 8780.700
30 65 1540.100
30 66 2162.700
30 67 2675.800
30 68 2779.800
30 69 1829.000
30 70 3982.700
30 71 6937.300
30 72 4093.700
30 73 7211.300
30 74 5569.700
30 75 7709.300
30 76 11218.700
30 77 9429.800
30 78 12850.500
30 79 5280.000
30 80 1351.400
30 81 10546.300
30 82 5966.800
30 83 12197.900
30 84 1813.500
30 85 11790.100
30 86 2746.600
30 87 10225.100
30 88 6182.500
30 89 6595.300
30 90 6389.400
30 91 8935.500
30 92 10067.900
30 93 9658.100
30 94 8668.800
30 95 11253.400
30 96 10802.500
30 97 3488.600
30 98 5750.100
30 99 1981.200
30 100 5410.100
31 0 3738.900
31 1 9773.500
31 2 1896.600
31 3 3837.600
31 4 3957.000
31 5 5152.800
31 6 11275.600
31 7 3240.000
31 8 6122.300
31 9 6586.100
31 10 9293.900
31 11 9342.200
31 12 9407.200
31 13 5631.400
31 14 6846.000
31 15 3542.000
31 16 6373.300
31 17 2863.300
31 18 6370.200
31 19 7056.900
31 20 8513.900
31 21 2786.200
31 22 5125.100
31 23 3955.500
31 24 6082.000
31 25 8220.200
31 26 5850.000
31 27 9719.600
31 28 955.400
31 29 5034.000
31 30 8477.500
31 31 0.000
31 32 4954.400
31 33 1227.700
31 34 11278.500
31 35 4349.100
31 36 3320.400
31 37 3834.000
31 38 9584.700
31 39 4084.400
31 40 3814.000
31 41 4027.200
31 42 8673.300
31 43 3749.300
31 44 3897.600
31 45 4675.700
31 46 3857.400
31 47 4695.600
31 48 4988.000
31 49 3945.000
31 50 8998.900
31 51 2476.700
31 52 2550.000
31 53 7373.000
31 54 1224.100
31 55 4412.900
31 56 7556.700
31 57 1255.600
31 58 1371.900
31 59 9399.700
31 60 3682.800
31 61 8668.500
31 62 3911.100
31 63 7418.400
31 64 4784.600
31 65 7066.200
31 66 10396.200
31 67 5946.700
31 68 9745.600
31 69 7823.700
31 70 7677.600
31 71 2610.400
31 72 4829.900
31 73 5854.200
31 74 5746.300
31 75 1893.700
31 76 3612.400
31 77 2187.400
31 78 7816.900
31 79 6862.000
31 80 9744.000
31 81 6550.200
31 82 2695.300
31 83 3910.800
31 84 9681.200
31 85 3743.600
31 86 9652.400
31 87 2178.500
31 88 5116.900
31 89 4124.900
31 90 4795.900
31 91 7105.100
31 92 8193.400
31 93 1611.600
31 94 1003.800
31 95 4756.000
31 96 2755.900
31 97 10394.400
31 98 5117.600
31 99 8887.100
31 100 4765.300
32 0 3478.900
32 1 7599.200
32 2 3838.600
32 3 3731.500
32 4 3697.000
32 5 4005.100
32 6 11158.200
32 7 5074.600
32 8 6013.800
32 9 7894.900
32 10 8324.500
32 11 9233.700
32 12 9298.600
32 13 8719.500
32 14 6308.500
32 15 1553.700
32 16 4199.000
32 17 5678.100
32 18 6245.700
32 19 8841.800
32 20 7732.000
32 21 5874.300
32 22 947.900
32 23 1716.900
32 24 5544.400
32 25 6015.100
32 26 2225.800
32 27 7545.200
32 28 4114.700
32 29 8038.800
32 30 6303.100
32 31 4928.800
32 32 0.000
32 33 4921.500
32 34 9104.100
32 35 8657.600
32 36 6366.900
32 37 3099.900
32 38 9460.300
32 39 6947.600
32 40 6860.600
32 41 7364.800
32 42 8564.800
32 43 4715.800
32 44 7056.900
32 45 5556.700
32 46 8125.600
32 47 8959.600
32 48 1878.800
32 49 5875.100
32 50 6824.500
32 51 6744.900
32 52 6858.500
32 53 6835.400
32 54 4789.300
32 55 6120.300
32 56 6322.600
32 57 5659.200
32 58 5775.500
32 59 7225.300
32 60 1275.000
32 61 8560.000
32 62 7748.800
32 63 7309.900
32 64 6714.700
32 65 4891.800
32 66 8221.800
32 67 3741.500
32 68 7571.200
32 69 6560.500
32 70 7140.000
32 71 3929.300
32 72 3699.000
32 73 1109.500
32 74 5208.700
32 75 4568.000
32 76 7880.600
32 77 6091.700
32 78 10877.000
32 79 6737.600
32 80 7569.600
32 81 8480.300
32 82 2937.900
32 83 6998.900
32 84 7506.800
32 85 6831.700
32 86 7478.100
32 87 4908.600
32 88 4992.500
32 89 3587.300
32 90 870.600
32 91 6996.600
32 92 8420.000
32 93 4699.700
32 94 4159.700
32 95 7915.300
32 96 5752.000
32 97 8220.000
32 98 4580.000
32 99 6712.700
32 100 1191.900
33 0 4139.500
33 1 8057.700
33 2 2297.200
33 3 3211.400
33 4 4357.600
33 5 5553.400
33 6 10335.200
33 7 2407.900
33 8 5181.900
33 9 5645.700
33 10 8353.500
33 11 8401.800
33 12 8466.700
33 13 5697.900
33 14 6378.700
33 15 4078.300
33 16 6774.000
33 17 2031.200
33 18 5429.800
33 19 6116.500
33 20 7573.500
33 21 3368.600
33 22 5381.000
33 23 4739.400
33 24 6259.500
33 25 8620.900
33 26 6386.300
33 27 10120.200
33 28 1450.200
33 29 4093.600
33 30 8878.100
33 31 1556.300
33 32 5490.800
33 33 0.000
33 34 12385.600
33 35 3812.900
33 36 4255.800
33 37 4234.600
33 38 8644.300
33 39 3144.000
33 40 3953.900
33 41 4294.100
33 42 7732.900
33 43 2917.200
33 44 2988.700
33 45 3735.300
33 46 3280.900
33 47 4114.800
33 48 5524.300
33 49 3004.600
33 50 9399.500
33 51 1900.200
33 52 2013.700
33 53 7091.300
33 54 2159.500
33 55 5348.300
33 56 7957.300
33 57 1743.100
33 58 1859.500
33 59 9800.400
33 60 4083.500
33 61 7728.100
33 62 3374.800
33 63 6478.000
33 64 3844.200
33 65 7466.900
33 66 10796.800
33 67 6347.300
33 68 10146.200
33 69 8303.300
33 70 7558.400
33 71 2418.900
33 72 5230.600
33 73 6962.000
33 74 5923.800
33 75 1061.600
33 76 3035.900
33 77 1247.000
33 78 6908.000
33 79 5921.600
33 80 10144.600
33 81 5609.800
33 82 3096.000
33 83 3782.500
33 84 10081.900
33 85 3575.000
33 86 9521.500
33 87 3113.900
33 88 4176.500
33 89 4525.500
33 90 5332.200
33 91 6164.700
33 92 7253.000
33 93 2547.000
33 94 1939.200
33 95 3847.100
33 96 3691.300
33 97 8975.300
33 98 5295.200
33 99 9287.700
33 100 5301.700
34 0 9964.400
34 1 3847.800
34 2 11739.100
34 3 9343.700
34 4 8283.400
34 5 7765.300
34 6 3970.600
34 7 10144.100
34 8 10206.400
34 9 12087.500
34 10 5090.500
34 11 10525.100
34 12 11999.500
34 13 16362.300
34 14 6190.900
34 15 9527.200
34 16 6241.600
34 17 10883.400
34 18 6517.300
34 19 12462.300
34 20 4767.400
34 21 15657.400
34 22 10506.200
34 23 10820.000
34 24 7077.900
34 25 3277.200
34 26 7677.800
34 27 3793.800
34 28 10909.300
34 29 12358.400
34 30 3479.200
34 31 12123.900
34 32 9573.700
34 33 12282.700
34 34 0.000
34 35 14801.400
34 36 14823.400
34 37 8026.900
34 38 9630.300
34 39 11667.500
34 40 16242.700
34 41 15338.200
34 42 10241.400
34 43 9787.700
34 44 11775.200
34 45 9748.200
34 46 13637.100
34 47 14024.800
34 48 9020.400
34 49 10194.700
34 50 3232.000
34 51 12656.300
34 52 13658.900
34 53 6299.800
34 54 12727.100
34 55 15915.900
34 56 4939.600
34 57 12464.200
34 58 12580.500
34 59 4641.900
34 60 10498.900
34 61 11355.300
34 62 15196.800
34 63 11502.500
34 64 11034.300
34 65 4996.600
34 66 2690.000
34 67 6132.300
34 68 1818.500
34 69 4465.000
34 70 5749.600
34 71 10393.800
34 72 6792.700
34 73 10667.800
34 74 7336.700
34 75 11848.700
34 76 13412.000
34 77 12033.300
34 78 15196.600
34 79 7047.000
34 80 2162.900
34 81 12799.900
34 82 9423.300
34 83 14446.900
34 84 2194.900
34 85 14941.700
34 86 3726.700
34 87 13681.500
34 88 8919.400
34 89 10051.800
34 90 9845.900
34 91 11189.200
34 92 12040.500
34 93 13114.600
34 94 12125.200
34 95 12633.600
34 96 14258.900
34 97 4468.700
34 98 7849.300
34 99 2961.300
34 100 8866.600
35 0 7649.400
35 1 11384.100
35 2 5807.100
35 3 7917.800
35 4 7867.500
35 5 9063.200
35 6 13661.600
35 7 5598.200
35 8 8508.300
35 9 7714.800
35 10 11679.900
35 11 10134.400
35 12 10007.900
35 13 1808.500
35 14 9705.200
35 15 7550.900
35 16 10283.800
35 17 5227.600
35 18 8756.200
35 19 8196.700
35 20 10900.000
35 21 2613.800
35 22 8108.800
35 23 6939.100
35 24 10965.900
35 25 12130.700
35 26 9858.900
35 27 13111.800
35 28 4865.800
35 29 5797.200
35 30 13424.900
35 31 4715.100
35 32 8846.000
35 33 3997.100
35 34 15712.100
35 35 0.000
35 36 3792.900
35 37 7744.400
35 38 11397.100
35 39 5506.100
35 40 3199.100
35 41 2241.200
35 42 9786.200
35 43 5997.800
35 44 4644.300
35 45 6097.400
35 46 3293.100
35 47 1819.300
35 48 8997.000
35 49 5379.700
35 50 15432.400
35 51 2671.900
35 52 2069.400
35 53 10417.800
35 54 4184.900
35 55 4929.900
35 56 12265.100
35 57 4888.900
35 58 5005.300
35 59 13310.200
35 60 7681.800
35 61 9201.200
35 62 963.900
35 63 8965.000
35 64 6219.400
35 65 10976.700
35 66 14993.700
35 67 9857.100
35 68 13656.000
35 69 11629.700
35 70 10884.800
35 71 6339.300
35 72 8740.400
35 73 8837.800
35 74 8933.600
35 75 4981.900
35 76 2243.600
35 77 3325.100
35 78 7079.300
35 79 9248.100
35 80 14358.000
35 81 7679.000
35 82 6605.800
35 83 1306.200
35 84 16006.000
35 85 1997.200
35 86 12847.900
35 87 4386.200
35 88 7503.000
35 89 8035.300
35 90 8804.800
35 91 9491.100
35 92 8418.600
35 93 4047.800
35 94 5012.700
35 95 3969.300
35 96 3561.100
35 97 12301.700
35 98 10001.600
35 99 12296.000
35 100 8774.300
36 0 7779.400
36 1 12703.800
36 2 4992.100
36 3 7878.100
36 4 7997.500
36 5 9193.300
36 6 14981.200
36 7 7280.500
36 8 9827.900
36 9 10626.600
36 10 12999.600
36 11 13047.900
36 12 13112.800
36 13 3260.300
36 14 10886.500
36 15 5973.300
36 16 10413.800
36 17 6903.800
36 18 10075.800
36 19 11097.400
36 20 12219.600
36 21 1538.600
36 22 5523.800
36 23 4354.200
36 24 10122.500
36 25 12260.700
36 26 7916.300
36 27 13760.000
36 28 4995.900
36 29 7495.600
36 30 12518.000
36 31 4040.500
36 32 6261.100
36 33 5268.200
36 34 15319.000
36 35 4225.000
36 36 0.000
36 37 7874.400
36 38 13290.400
36 39 8124.900
36 40 949.600
36 41 1577.400
36 42 12378.900
36 43 7789.700
36 44 7938.100
36 45 8716.200
36 46 5033.100
36 47 4627.000
36 48 6915.200
36 49 7985.500
36 50 13039.400
36 51 3652.500
36 52 2674.300
36 53 11413.400
36 54 2607.200
36 55 1053.100
36 56 11597.200
36 57 4214.300
36 58 4330.600
36 59 13440.200
36 60 5557.700
36 61 12374.100
36 62 3326.300
36 63 11124.000
36 64 8825.100
36 65 11106.700
36 66 14436.700
36 67 9987.200
36 68 13786.000
36 69 11864.200
36 70 12204.500
36 71 6650.900
36 72 8870.400
36 73 6252.900
36 74 9786.800
36 75 5934.100
36 76 4545.700
36 77 4306.700
36 78 9394.900
36 79 10567.700
36 80 13784.500
36 81 10590.700
36 82 6735.800
36 83 2576.500
36 84 13721.700
36 85 2409.300
36 86 13692.900
36 87 1801.300
36 88 8822.600
36 89 8165.400
36 90 5907.000
36 91 10810.700
36 92 10734.200
36 93 2068.700
36 94 3435.100
36 95 5709.300
36 96 976.200
36 97 14434.900
36 98 9158.100
36 99 12927.600
36 100 6228.200
37 0 1322.300
37 1 5941.900
37 2 3770.100
37 3 2227.100
37 4 1540.400
37 5 1318.800
37 6 7723.800
37 7 3570.100
37 8 4509.300
37 9 6390.400
37 10 5753.900
37 11 7729.200
37 12 7794.200
37 13 9165.400
37 14 4647.000
37 15 1558.200
37 16 2541.700
37 17 4306.800
37 18 4741.200
37 19 7337.300
37 20 5161.300
37 21 6320.200
37 22 3916.400
37 23 4369.700
37 24 4039.900
37 25 4388.600
37 26 2807.300
37 27 5887.900
37 28 2940.300
37 29 6445.000
37 30 4645.900
37 31 4154.900
37 32 2983.900
37 33 3747.000
37 34 7446.900
37 35 7483.100
37 36 6854.400
37 37 0.000
37 38 7955.800
37 39 5353.800
37 40 7348.100
37 41 7561.200
37 42 7060.300
37 43 3211.300
37 44 5882.500
37 45 4052.200
37 46 6951.100
37 47 7785.100
37 48 2421.200
37 49 4503.800
37 50 5167.300
37 51 5570.500
37 52 5684.000
37 53 5064.700
37 54 4758.100
37 55 7946.900
37 56 3722.700
37 57 4495.200
37 58 4611.500
37 59 5568.100
37 60 2529.900
37 61 7055.500
37 62 7045.100
37 63 5805.400
37 64 5120.900
37 65 3234.600
37 66 6564.500
37 67 2115.100
37 68 5913.900
37 69 3989.800
37 70 5470.500
37 71 2424.800
37 72 996.000
37 73 4078.000
37 74 3704.200
37 75 3196.800
37 76 6706.200
37 77 4917.200
37 78 9283.100
37 79 5233.100
37 80 5912.400
37 81 6886.500
37 82 1454.300
37 83 7444.800
37 84 5849.600
37 85 7277.600
37 86 5820.800
37 87 5712.500
37 88 3488.000
37 89 2082.800
37 90 3516.700
37 91 5492.100
37 92 6915.500
37 93 5145.600
37 94 4156.200
37 95 6740.900
37 96 6289.900
37 97 6562.800
37 98 3075.600
37 99 5055.500
37 100 2772.200
38 0 8190.000
38 1 6222.800
38 2 9926.100
38 3 6180.800
38 4 8408.100
38 5 9603.900
38 6 8514.000
38 7 6981.100
38 8 5545.400
38 9 4869.200
38 10 5404.600
38 11 894.800
38 12 3554.700
38 13 13204.000
38 14 4666.600
38 15 8443.400
38 16 10347.000
38 17 7720.400
38 18 3717.700
38 19 4625.800
38 20 5738.600
38 21 12499.100
38 22 10801.600
38 23 11180.300
38 24 5561.600
38 25 11998.100
38 26 10718.700
38 27 7950.500
38 28 9079.000
38 29 6882.600
38 30 8263.600
38 31 10293.700
38 32 9869.100
38 33 9124.400
38 34 10564.500
38 35 11643.000
38 36 13678.200
38 37 8285.000
38 38 0.000
38 39 7621.800
38 40 13084.400
38 41 12179.800
38 42 2404.900
38 43 6624.700
38 44 8616.800
38 45 7159.900
38 46 8903.500
38 47 10866.400
38 48 9880.100
38 49 7031.700
38 50 9506.300
38 51 9497.900
38 52 10500.600
38 53 5379.300
38 54 10896.900
38 55 14085.700
38 56 7103.800
38 57 10582.800
38 58 10699.200
38 59 11132.400
38 60 9415.200
38 61 2257.300
38 62 12038.400
38 63 4312.100
38 64 6075.900
38 65 9102.100
38 66 9084.100
38 67 10237.800
38 68 11478.200
38 69 6468.400
38 70 5723.500
38 71 8221.300
38 72 7011.000
38 73 10963.200
38 74 5183.700
38 75 8328.400
38 76 9995.600
38 77 8875.000
38 78 6986.600
38 79 3359.900
38 80 8431.900
38 81 5734.800
38 82 9023.900
38 83 11288.600
38 84 10079.800
38 85 11783.400
38 86 6768.300
38 87 11851.300
38 88 5273.200
38 89 8768.600
38 90 10402.000
38 91 4480.200
38 92 4203.900
38 93 11284.400
38 94 10309.800
38 95 9563.500
38 96 12428.700
38 97 6026.400
38 98 6165.900
38 99 7134.700
38 100 9657.500
39 0 5274.500
39 1 6731.700
39 2 4629.900
39 3 3265.300
39 4 5492.600
39 5 6688.400
39 6 9267.800
39 7 1911.300
39 8 2750.000
39 9 2873.800
39 10 7027.400
39 11 6197.000
39 12 6070.500
39 13 7915.300
39 14 5052.700
39 15 5357.000
39 16 7909.000
39 17 2559.700
39 18 4103.700
39 19 3344.600
39 20 6247.500
39 21 7210.400
39 22 6661.100
39 23 6019.600
39 24 6313.500
39 25 9755.900
39 26 7803.300
39 27 8459.300
39 28 3782.800
39 29 1874.200
39 30 8772.400
39 31 4997.500
39 32 6770.900
39 33 3828.200
39 34 11318.300
39 35 6346.800
39 36 7697.000
39 37 5369.600
39 38 6912.000
39 39 0.000
39 40 7795.600
39 41 6891.100
39 42 5301.000
39 43 2604.700
39 44 2596.500
39 45 2410.500
39 46 4458.400
39 47 5570.200
39 48 6964.700
39 49 1692.800
39 50 11038.600
39 51 4201.700
39 52 5204.400
39 53 5765.300
39 54 5600.700
39 55 8789.500
39 56 7612.600
39 57 5196.500
39 58 5312.900
39 59 10935.400
39 60 5107.500
39 61 5263.800
39 62 6749.700
39 63 3863.700
39 64 1072.400
39 65 8601.900
39 66 10599.900
39 67 7482.300
39 68 11281.200
39 69 6977.200
39 70 6232.400
39 71 3060.600
39 72 6365.600
39 73 8228.500
39 74 4281.100
39 75 3394.200
39 76 4957.500
39 77 3578.800
39 78 5234.600
39 79 4595.600
39 80 9964.200
39 81 2837.900
39 82 4120.000
39 83 5999.800
39 84 11612.100
39 85 6494.600
39 86 8195.500
39 87 6555.100
39 88 2850.500
39 89 5549.500
39 90 6612.400
39 91 3732.800
39 92 4481.200
39 93 5988.200
39 94 5013.600
39 95 3454.900
39 96 7132.500
39 97 7649.200
39 98 5349.100
39 99 7643.600
39 100 6933.600
40 0 7015.300
40 1 12110.000
40 2 5131.000
40 3 7114.100
40 4 7233.400
40 5 8429.200
40 6 14387.400
40 7 5758.600
40 8 9234.100
40 9 9718.500
40 10 12405.700
40 11 12454.000
40 12 12519.000
40 13 2666.500
40 14 10431.000
40 15 6112.200
40 16 9649.800
40 17 5480.400
40 18 9482.000
40 19 10189.300
40 20 11625.800
40 21 891.900
40 22 6017.500
40 23 4847.900
40 24 9358.400
40 25 11496.700
40 26 8409.900
40 27 12996.000
40 28 4231.800
40 29 6901.800
40 30 11753.900
40 31 3276.400
40 32 6754.700
40 33 4008.300
40 34 16437.900
40 35 3631.200
40 36 968.900
40 37 7110.400
40 38 12696.600
40 39 7203.800
40 40 0.000
40 41 983.600
40 42 11785.100
40 43 6250.600
40 44 5748.900
40 45 7795.100
40 46 4439.300
40 47 4033.200
40 48 7408.900
40 49 7077.400
40 50 12275.300
40 51 3058.700
40 52 2080.500
40 53 11143.600
40 54 2746.200
40 55 1754.800
40 56 10833.100
40 57 3450.200
40 58 3566.600
40 59 12676.200
40 60 6051.300
40 61 11780.300
40 62 2732.500
40 63 10530.200
40 64 7917.000
40 65 10342.700
40 66 13672.600
40 67 9223.100
40 68 13022.000
40 69 11100.200
40 70 11610.600
40 71 5886.800
40 72 8106.300
40 73 6746.600
40 74 9022.700
40 75 4993.100
40 76 3951.800
40 77 3712.900
40 78 8801.100
40 79 9973.900
40 80 13020.400
40 81 9682.600
40 82 5971.700
40 83 1982.700
40 84 12957.700
40 85 1815.400
40 86 12928.900
40 87 2294.900
40 88 8228.800
40 89 7401.300
40 90 6400.700
40 91 10216.900
40 92 10140.300
40 93 2562.300
40 94 3574.000
40 95 5115.500
40 96 1469.900
40 97 13027.500
40 98 8394.100
40 99 12163.500
40 100 6721.900
41 0 7355.600
41 1 11397.600
41 2 5471.300
41 3 7931.300
41 4 7573.700
41 5 8769.500
41 6 13675.100
41 7 6583.600
41 8 8521.800
41 9 9006.200
41 10 11693.400
41 11 11741.700
41 12 11806.700
41 13 1682.900
41 14 9718.700
41 15 6452.500
41 16 9990.000
41 17 6522.400
41 18 8769.700
41 19 9477.000
41 20 10913.400
41 21 1232.200
41 22 6551.900
41 23 5382.300
41 24 10979.400
41 25 11836.900
41 26 8944.400
41 27 13125.300
41 28 4572.100
41 29 6793.200
41 30 12094.200
41 31 3616.700
41 32 7289.200
41 33 4348.500
41 34 15725.600
41 35 2912.000
41 36 1577.400
41 37 7450.700
41 38 11984.200
41 39 6491.500
41 40 983.600
41 41 0.000
41 42 11072.800
41 43 7276.900
41 44 6230.800
41 45 7082.800
41 46 4289.000
41 47 3320.900
41 48 7943.300
41 49 6365.100
41 50 12615.600
41 51 3398.900
41 52 2420.800
41 53 10431.300
41 54 3086.400
41 55 2714.400
41 56 12278.600
41 57 3790.500
41 58 3906.800
41 59 13016.400
41 60 6585.800
41 61 11068.000
41 62 2020.200
41 63 9817.900
41 64 7204.700
41 65 10682.900
41 66 15007.200
41 67 9563.400
41 68 13362.300
41 69 11643.200
41 70 10898.300
41 71 6227.100
41 72 8446.600
41 73 7281.000
41 74 8947.100
41 75 5333.400
41 76 3239.500
41 77 4053.100
41 78 8650.800
41 79 9261.600
41 80 14371.500
41 81 8970.300
41 82 6312.000
41 83 1270.400
41 84 16019.400
41 85 1961.400
41 86 12861.400
41 87 2829.400
41 88 7516.500
41 89 7741.600
41 90 6935.100
41 91 9504.600
41 92 10613.500
41 93 3096.700
41 94 3914.300
41 95 4965.200
41 96 2004.300
41 97 12315.200
41 98 10015.100
41 99 12309.500
41 100 7256.300
42 0 6453.600
42 1 6358.300
42 2 8189.700
42 3 4444.400
42 4 6671.700
42 5 7867.500
42 6 8649.500
42 7 5244.800
42 8 3037.100
42 9 2745.000
42 10 5540.100
42 11 2068.300
42 12 2038.700
42 13 11467.700
42 14 4802.100
42 15 6707.100
42 16 9088.100
42 17 5984.100
42 18 3853.200
42 19 2501.600
42 20 5874.100
42 21 10762.800
42 22 9065.300
42 23 9444.000
42 24 5697.100
42 25 10935.000
42 26 8982.400
42 27 8086.000
42 28 7342.700
42 29 4758.500
42 30 8399.100
42 31 8557.300
42 32 8132.800
42 33 7388.100
42 34 10700.000
42 35 10351.400
42 36 11941.900
42 37 6548.700
42 38 1891.700
42 39 5497.700
42 40 11348.100
42 41 10443.500
42 42 0.000
42 43 4888.400
42 44 6880.500
42 45 4651.500
42 46 6779.300
42 47 9489.100
42 48 8143.800
42 49 5295.400
42 50 9641.800
42 51 8154.700
42 52 9260.300
42 53 5514.800
42 54 9160.500
42 55 12349.300
42 56 7239.300
42 57 8846.500
42 58 8962.900
42 59 11267.900
42 60 7678.900
42 61 1394.600
42 62 10302.100
42 63 2188.000
42 64 3951.800
42 65 9237.600
42 66 9219.600
42 67 8661.400
42 68 11613.800
42 69 6603.900
42 70 5859.000
42 71 6485.000
42 72 7544.700
42 73 9226.900
42 74 5319.200
42 75 6592.000
42 76 7871.500
42 77 7138.600
42 78 4862.400
42 79 3495.400
42 80 8567.400
42 81 3610.700
42 82 7287.500
42 83 9552.300
42 84 10215.300
42 85 10047.000
42 86 6903.900
42 87 10115.000
42 88 4009.100
42 89 7032.300
42 90 8665.700
42 91 1971.900
42 92 2079.800
42 93 9548.000
42 94 8573.400
42 95 7439.400
42 96 10692.400
42 97 6161.900
42 98 6528.200
42 99 7270.200
42 100 7921.100
43 0 2991.400
43 1 6124.300
43 2 3541.000
43 3 982.200
43 4 3209.500
43 5 4405.300
43 6 8408.800
43 7 771.800
43 8 3264.400
43 9 4345.700
43 10 6420.100
43 11 6484.300
43 12 6549.300
43 13 7857.100
43 14 4794.400
43 15 3244.900
43 16 5625.900
43 17 1562.900
43 18 3496.300
43 19 4816.600
43 20 5640.100
43 21 5653.000
43 22 5341.700
43 23 4700.100
43 24 4030.300
43 25 7472.700
43 26 5520.100
43 27 7852.000
43 28 2693.900
43 29 3868.400
43 30 7730.000
43 31 3908.600
43 32 4670.600
43 33 2922.000
43 34 10459.300
43 35 5753.000
43 36 6608.100
43 37 3086.500
43 38 6710.900
43 39 2777.200
43 40 6238.300
43 41 6832.900
43 42 5815.400
43 43 0.000
43 44 3285.000
43 45 2013.200
43 46 4706.500
43 47 5512.100
43 48 4681.600
43 49 1704.600
43 50 8251.400
43 51 3325.800
43 52 4298.200
43 53 5321.300
43 54 4511.800
43 55 7700.600
43 56 6809.200
43 57 4107.600
43 58 4224.000
43 59 8652.200
43 60 3442.100
43 61 5810.600
43 62 5315.000
43 63 4560.500
43 64 2544.300
43 65 6318.700
43 66 9648.700
43 67 5199.200
43 68 8998.100
43 69 6369.900
43 70 5625.000
43 71 1741.100
43 72 4082.400
43 73 5764.700
43 74 3694.600
43 75 1848.200
43 76 4461.500
43 77 2672.600
43 78 6706.500
43 79 3988.200
43 80 8996.500
43 81 4309.900
43 82 2454.600
43 83 5941.700
43 84 8933.800
43 85 6436.500
43 86 7588.100
43 87 5466.200
43 88 2243.100
43 89 3570.000
43 90 4541.400
43 91 4247.200
43 92 5670.600
43 93 4899.300
43 94 3924.700
43 95 4143.400
43 96 6043.600
43 97 7041.900
43 98 3066.000
43 99 7036.200
43 100 4458.900
44 0 7736.000
44 1 9334.200
44 2 5893.700
44 3 5867.800
44 4 7954.100
44 5 9149.900
44 6 11611.600
44 7 4512.600
44 8 6458.300
44 9 5709.900
44 10 9630.000
44 11 6974.400
44 12 6847.900
44 13 5818.500
44 14 7655.200
44 15 7674.800
44 16 10370.400
44 17 4490.400
44 18 6706.200
44 19 5036.700
44 20 8850.000
44 21 5697.700
44 22 8977.400
44 23 8335.900
44 24 8916.000
44 25 12217.300
44 26 9982.800
44 27 11061.900
44 28 5046.600
44 29 3100.700
44 30 11374.900
44 31 6261.300
44 32 9087.200
44 33 5092.000
44 34 13662.100
44 35 5434.000
44 36 6876.800
44 37 7831.100
44 38 8237.100
44 39 3639.700
44 40 6283.000
44 41 5883.300
44 42 6626.100
44 43 5205.900
44 44 0.000
44 45 5011.800
44 46 1861.900
44 47 4571.700
44 48 9120.800
44 49 4294.100
44 50 13382.400
44 51 3237.300
44 52 4342.900
44 53 8367.800
44 54 6864.500
44 55 7859.600
44 56 10215.100
44 57 5534.800
44 58 5651.100
44 59 13396.800
44 60 7679.900
44 61 6041.200
44 62 4910.200
44 63 5805.000
44 64 5133.700
44 65 11063.300
44 66 12943.800
44 67 9943.800
44 68 14837.100
44 69 9579.800
44 70 8834.900
44 71 5635.100
44 72 8827.000
44 73 10558.500
44 74 6883.700
44 75 4658.000
44 76 2954.100
44 77 3834.000
44 78 3919.300
44 79 7198.100
44 80 12308.000
44 81 4811.200
44 82 6692.400
44 83 4992.100
44 84 13956.000
44 85 5486.800
44 86 10798.000
44 87 7818.900
44 88 5453.000
44 89 8122.000
44 90 8928.700
44 91 6888.100
44 92 5258.600
44 93 7252.000
44 94 6277.400
44 95 858.400
44 96 6501.200
44 97 10251.700
44 98 7951.600
44 99 10246.100
44 100 8898.100
45 0 4573.000
45 1 6009.700
45 2 4964.300
45 3 2563.800
45 4 4791.100
45 5 5986.900
45 6 8294.200
45 7 2130.800
45 8 1467.100
45 9 3348.200
45 10 6305.500
45 11 4687.000
45 12 4751.900
45 13 8249.700
45 14 4330.700
45 15 4826.500
45 16 7207.500
45 17 2779.100
45 18 3381.700
45 19 3394.600
45 20 5525.500
45 21 7544.800
45 22 6880.600
45 23 6239.000
45 24 5611.900
45 25 9054.300
45 26 7101.700
45 27 7737.300
45 28 4117.300
45 29 2446.500
45 30 8050.400
45 31 5331.900
45 32 6252.200
45 33 4138.200
45 34 10344.700
45 35 6681.300
45 36 8031.400
45 37 4668.100
45 38 5629.000
45 39 1355.200
45 40 8130.100
45 41 7225.500
45 42 4018.000
45 43 2824.100
45 44 3644.700
45 45 0.000
45 46 5506.700
45 47 5904.700
45 48 6263.200
45 49 1953.100
45 50 10065.000
45 51 4542.000
45 52 5514.400
45 53 5043.300
45 54 5935.100
45 55 9123.900
45 56 6890.600
45 57 5596.600
45 58 5713.000
45 59 10233.800
45 60 5326.900
45 61 4013.300
45 62 7084.100
45 63 2763.200
45 64 1122.300
45 65 7900.300
45 66 8870.900
45 67 6780.800
45 68 10579.700
45 69 6255.200
45 70 5510.400
45 71 3280.000
45 72 5664.000
45 73 7346.300
45 74 3579.600
45 75 3387.100
45 76 5291.900
45 77 3888.800
45 78 5284.600
45 79 3873.600
45 80 8990.600
45 81 2887.900
45 82 4339.400
45 83 6334.300
45 84 10638.500
45 85 6829.000
45 86 7473.500
45 87 6889.500
45 88 2128.500
45 89 5151.600
45 90 6831.800
45 91 2449.800
45 92 3873.200
45 93 6322.600
45 94 5348.000
45 95 4503.200
45 96 7466.900
45 97 6927.200
45 98 4647.600
45 99 6921.600
45 100 6040.500
46 0 6910.100
46 1 8799.600
46 2 5277.700
46 3 5333.200
46 4 7128.200
46 5 8323.900
46 6 11077.000
46 7 3978.000
46 8 5923.800
46 9 6216.900
46 10 9095.400
46 11 7481.400
46 12 7354.900
46 13 4683.300
46 14 7120.600
46 15 7058.800
46 16 9544.500
46 17 3874.500
46 18 6171.600
46 19 5543.800
46 20 8315.400
46 21 3835.800
46 22 8361.500
46 23 7476.000
46 24 8381.400
46 25 11391.400
46 26 9366.800
46 27 10527.300
46 28 4126.500
46 29 3607.800
46 30 10840.300
46 31 3663.500
46 32 8471.200
46 33 3195.300
46 34 13127.500
46 35 3486.300
46 36 5014.900
46 37 7005.100
46 38 8744.100
46 39 3885.900
46 40 4421.100
46 41 4021.300
46 42 7133.200
46 43 4644.700
46 44 3024.000
46 45 4477.200
46 46 0.000
46 47 2709.700
46 48 8504.800
46 49 3759.500
46 50 12847.800
46 51 1375.400
46 52 2481.000
46 53 7833.200
46 54 4744.600
46 55 5997.700
46 56 9680.500
46 57 3672.800
46 58 3789.200
46 59 12570.900
46 60 6854.000
46 61 6548.300
46 62 3048.300
46 63 6312.100
46 64 4599.100
46 65 10237.400
46 66 12409.200
46 67 9117.800
46 68 14302.500
46 69 9045.200
46 70 8300.300
46 71 5019.200
46 72 8001.100
46 73 9374.700
46 74 6349.100
46 75 4042.000
46 76 1092.200
46 77 1972.000
46 78 4426.400
46 79 6663.500
46 80 11773.400
46 81 5318.300
46 82 5866.500
46 83 3130.100
46 84 13421.400
46 85 3624.900
46 86 10263.400
46 87 5464.300
46 88 4918.400
46 89 7296.000
46 90 8312.700
46 91 6906.500
46 92 5765.600
46 93 5132.100
46 94 4524.300
46 95 676.200
46 96 4639.200
46 97 9717.100
46 98 7417.000
46 99 9711.500
46 100 8282.100
47 0 7442.500
47 1 9143.100
47 2 5600.200
47 3 5676.800
47 4 7660.600
47 5 8856.400
47 6 11420.600
47 7 4321.500
47 8 6267.300
47 9 6438.100
47 10 9438.900
47 11 9433.200
47 12 9306.700
47 13 3371.100
47 14 7464.100
47 15 7381.300
47 16 10077.000
47 17 4196.900
47 18 6515.200
47 19 6909.000
47 20 8658.900
47 21 3784.600
47 22 8684.000
47 23 7966.000
47 24 8724.900
47 25 11923.800
47 26 9689.300
47 27 10870.800
47 28 4795.600
47 29 4520.500
47 30 11183.900
47 31 4810.400
47 32 8793.700
47 33 3538.900
47 34 13471.000
47 35 1642.500
47 36 4963.700
47 37 7537.600
47 38 9729.700
47 39 4229.400
47 40 4369.900
47 41 3937.400
47 42 8818.300
47 43 4967.200
47 44 3367.500
47 45 4820.700
47 46 2016.400
47 47 0.000
47 48 8827.300
47 49 4103.000
47 50 13191.300
47 51 2022.100
47 52 2429.800
47 53 8176.700
47 54 5413.600
47 55 5946.500
47 56 10024.100
47 57 4319.500
47 58 4435.900
47 59 13103.300
47 60 7386.500
47 61 8500.100
47 62 1478.400
47 63 7563.400
47 64 4942.700
47 65 10769.800
47 66 12752.700
47 67 9650.300
47 68 14646.000
47 69 9388.700
47 70 8643.800
47 71 5341.700
47 72 8533.500
47 73 9864.700
47 74 6692.600
47 75 4364.500
47 76 966.900
47 77 2618.700
47 78 6378.200
47 79 7007.000
47 80 12117.000
47 81 6402.300
47 82 6398.900
47 83 3046.200
47 84 13764.900
47 85 3540.900
47 86 10606.900
47 87 5413.100
47 88 5261.900
47 89 7828.500
47 90 8635.200
47 91 7250.100
47 92 7717.400
47 93 5063.200
47 94 5193.300
47 95 2692.600
47 96 4588.000
47 97 10060.700
47 98 7760.500
47 99 10055.000
47 100 8604.600
48 0 2297.500
48 1 6677.800
48 2 3472.200
48 3 3339.600
48 4 2490.100
48 5 2054.700
48 6 8476.400
48 7 4682.600
48 8 5621.800
48 9 7502.900
48 10 6506.500
48 11 8841.800
48 12 8906.700
48 13 9209.900
48 14 5399.600
48 15 1161.700
48 16 3277.600
48 17 5311.600
48 18 5853.800
48 19 8449.800
48 20 5913.900
48 21 6364.700
48 22 2793.200
48 23 3146.700
48 24 5152.400
48 25 5124.400
48 26 1753.900
48 27 6623.800
48 28 3748.300
48 29 7672.400
48 30 5381.700
48 31 4562.400
48 32 1860.700
48 33 4555.000
48 34 8182.800
48 35 8291.100
48 36 6899.000
48 37 1149.500
48 38 9068.300
48 39 6581.200
48 40 7392.600
48 41 7605.700
48 42 8172.800
48 43 4323.800
48 44 6690.500
48 45 5164.700
48 46 7759.100
48 47 8593.100
48 48 0.000
48 49 5508.600
48 50 5903.100
48 51 6378.500
48 52 6492.000
48 53 5817.300
48 54 4422.800
48 55 6862.800
48 56 4475.300
48 57 5292.700
48 58 5409.100
48 59 6303.900
48 60 2047.200
48 61 8168.000
48 62 8239.200
48 63 6917.900
48 64 6348.300
48 65 3970.400
48 66 7300.400
48 67 2850.900
48 68 6649.800
48 69 4742.400
48 70 6223.200
48 71 3537.300
48 72 1748.600
48 73 2954.800
48 74 4816.700
48 75 4201.600
48 76 7514.200
48 77 5725.200
48 78 10510.500
48 79 6345.600
48 80 6648.200
48 81 8113.900
48 82 2545.900
48 83 7489.300
48 84 6585.500
48 85 7322.100
48 86 6556.700
48 87 5651.100
48 88 4600.500
48 89 3195.300
48 90 2172.600
48 91 6604.600
48 92 8028.000
48 93 5190.100
48 94 3793.300
48 95 7548.900
48 96 6334.500
48 97 7298.700
48 98 4188.100
48 99 5791.300
48 100 717.800
49 0 4516.300
49 1 6067.900
49 2 4097.700
49 3 2601.600
49 4 4734.400
49 5 5930.200
49 6 8352.400
49 7 1264.100
49 8 2238.600
49 9 2641.100
49 10 6363.700
49 11 5964.300
49 12 5837.800
49 13 7383.000
49 14 4388.900
49 15 4709.800
49 16 7150.800
49 17 1912.500
49 18 3440.000
49 19 3111.900
49 20 5583.700
49 21 6678.100
49 22 6013.900
49 23 5372.400
49 24 5649.700
49 25 8997.600
49 26 7017.800
49 27 7795.600
49 28 3250.600
49 29 2163.800
49 30 8108.700
49 31 4465.300
49 32 6123.700
49 33 3271.600
49 34 10402.900
49 35 5814.600
49 36 7164.800
49 37 4611.400
49 38 7227.000
49 39 1072.500
49 40 7263.400
49 41 6358.900
49 42 5616.000
49 43 1957.500
49 44 2788.400
49 45 1403.000
49 46 4650.400
49 47 5038.000
49 48 6155.800
49 49 0.000
49 50 10123.200
49 51 3675.300
49 52 4647.700
49 53 5101.500
49 54 5068.500
49 55 8257.300
49 56 6948.900
49 57 4730.000
49 58 4846.300
49 59 10177.100
49 60 4460.300
49 61 5031.100
49 62 6217.500
49 63 3631.000
49 64 839.700
49 65 7843.600
49 66 8929.200
49 67 6724.100
49 68 10523.000
49 69 6313.500
49 70 5568.600
49 71 2413.300
49 72 5607.300
49 73 7581.200
49 74 3617.400
49 75 2520.400
49 76 4425.200
49 77 3022.100
49 78 5001.900
49 79 3931.800
49 80 9048.800
49 81 2605.200
49 82 3472.700
49 83 5467.600
49 84 10696.800
49 85 5962.400
49 86 7531.700
49 87 6022.900
49 88 2186.700
49 89 4902.300
49 90 5965.100
49 91 3221.400
49 92 4248.500
49 93 5455.900
49 94 4481.400
49 95 3646.800
49 96 6600.300
49 97 6985.500
49 98 4685.300
49 99 6979.800
49 100 6286.300
50 0 5594.900
50 1 2781.700
50 2 8920.900
50 3 7790.900
50 4 5575.400
50 5 4258.600
50 6 6093.800
50 7 8591.300
50 8 8653.600
50 9 10534.700
50 10 4024.300
50 11 9459.000
50 12 10933.400
50 13 14814.200
50 14 5124.800
50 15 6708.900
50 16 3423.300
50 17 9330.600
50 18 5451.200
50 19 11396.200
50 20 3701.300
50 21 11471.000
50 22 7687.900
50 23 8001.800
50 24 4969.700
50 25 3198.800
50 26 4859.600
50 27 2727.700
50 28 8091.000
50 29 10805.600
50 30 1239.900
50 31 9305.700
50 32 6755.400
50 33 8897.800
50 34 2572.900
50 35 12633.900
50 36 12005.200
50 37 5208.700
50 38 8564.200
50 39 9498.100
50 40 12498.800
50 41 13790.000
50 42 9175.300
50 43 8234.900
50 44 10227.000
50 45 8195.400
50 46 12088.900
50 47 12476.600
50 48 6202.100
50 49 8641.900
50 50 0.000
50 51 11108.100
50 52 10834.800
50 53 5233.700
50 54 9908.900
50 55 13097.700
50 56 3873.500
50 57 9646.000
50 58 9762.300
50 59 3561.500
50 60 7680.700
50 61 10289.200
50 62 13648.600
50 63 9949.700
50 64 9481.500
50 65 2209.800
50 66 1915.500
50 67 2935.400
50 68 1627.400
50 69 3398.900
50 70 4683.500
50 71 7575.600
50 72 4084.700
50 73 7849.500
50 74 6270.600
50 75 8347.600
50 76 11863.800
50 77 10485.100
50 78 13757.100
50 79 5980.800
50 80 1104.200
50 81 11247.100
50 82 6605.100
50 83 12898.800
50 84 661.100
50 85 13393.500
50 86 2660.600
50 87 10863.300
50 88 6883.300
50 89 7233.600
50 90 7027.700
50 91 9636.400
50 92 10974.400
50 93 10296.400
50 94 9307.000
50 95 11085.400
50 96 11440.700
50 97 3402.600
50 98 5741.200
50 99 1895.200
50 100 6048.300
51 0 5591.300
51 1 8465.700
51 2 3958.900
51 3 4309.700
51 4 5809.400
51 5 7005.200
51 6 10743.200
51 7 2833.900
51 8 5589.900
51 9 6046.800
51 10 8761.500
51 11 8797.500
51 12 8671.000
51 13 4521.300
51 14 6786.800
51 15 5740.000
51 16 8225.700
51 17 2555.700
51 18 5837.800
51 19 6517.700
51 20 7981.500
51 21 2494.600
51 22 7042.700
51 23 6157.200
51 24 7357.900
51 25 10072.600
51 26 8048.000
51 27 10193.400
51 28 2807.800
51 29 3843.200
51 30 10329.900
51 31 2344.700
51 32 7152.500
51 33 1897.600
51 34 12793.700
51 35 2484.700
51 36 3673.700
51 37 5686.300
51 38 9052.300
51 39 3552.000
51 40 3079.800
51 41 3497.100
51 42 8140.900
51 43 3325.900
51 44 2690.200
51 45 4143.400
51 46 1380.600
51 47 2185.500
51 48 7186.000
51 49 3405.700
51 50 12514.000
51 51 0.000
51 52 1139.700
51 53 7499.400
51 54 3425.800
51 55 4656.400
51 56 9346.700
51 57 2354.000
51 58 2470.400
51 59 11252.100
51 60 5535.200
51 61 7864.300
51 62 2046.700
51 63 7036.700
51 64 4245.400
51 65 8918.600
51 66 12075.300
51 67 7799.100
51 68 11598.000
51 69 8711.300
51 70 7966.400
51 71 3700.400
51 72 6682.300
51 73 8055.900
51 74 5839.800
51 75 2723.300
51 76 1135.700
51 77 653.200
51 78 5742.400
51 79 6329.700
51 80 11439.600
51 81 6010.900
51 82 4547.700
51 83 2605.900
51 84 13087.500
51 85 2233.500
51 86 9929.500
51 87 4123.000
51 88 4584.600
51 89 5977.300
51 90 6993.900
51 91 6572.700
51 92 7081.700
51 93 3813.300
51 94 3205.500
51 95 2056.800
51 96 3298.000
51 97 9383.300
51 98 6393.500
51 99 9377.600
51 100 6963.400
52 0 5828.400
52 1 9551.400
52 2 3986.100
52 3 5310.800
52 4 6046.500
52 5 7242.300
52 6 11828.900
52 7 3926.400
52 8 6675.600
52 9 7139.400
52 10 9847.200
52 11 10024.100
52 12 9897.600
52 13 3684.100
52 14 7872.500
52 15 6136.600
52 16 8462.900
52 17 3648.300
52 18 6923.500
52 19 7610.200
52 20 9067.300
52 21 1354.800
52 22 6705.800
52 23 5536.200
52 24 8171.500
52 25 10309.800
52 26 8444.600
52 27 11279.100
52 28 3044.900
52 29 5069.700
52 30 10567.000
52 31 3300.800
52 32 7443.100
52 33 2176.200
52 34 13879.400
52 35 1799.100
52 36 2533.900
52 37 5923.500
52 38 10138.000
52 39 4637.800
52 40 1940.100
52 41 2280.400
52 42 9226.600
52 43 4418.500
52 44 3916.800
52 45 5229.100
52 46 2607.200
52 47 2189.500
52 48 7582.600
52 49 4498.300
52 50 11088.400
52 51 1226.600
52 52 0.000
52 53 8585.100
52 54 2770.500
52 55 3516.700
52 56 9646.200
52 57 2591.200
52 58 2707.500
52 59 11489.200
52 60 5772.400
52 61 9090.900
52 62 1361.100
52 63 7971.700
52 64 5338.000
52 65 9155.800
52 66 12485.700
52 67 8036.200
52 68 11835.100
52 69 9797.000
52 70 9052.100
52 71 4518.400
52 72 6919.400
52 73 7434.900
52 74 7835.800
52 75 3161.000
52 76 2108.100
52 77 1880.800
52 78 6969.000
52 79 7415.400
52 80 12525.300
52 81 7103.500
52 82 4784.800
52 83 1768.700
52 84 11770.800
52 85 1561.300
52 86 11015.200
52 87 2983.300
52 88 5670.300
52 89 6214.400
52 90 7390.500
52 91 7658.400
52 92 8308.200
52 93 2633.400
52 94 3598.400
52 95 3283.400
52 96 2158.200
52 97 10469.000
52 98 7207.200
52 99 10976.600
52 100 7359.900
53 0 4069.500
53 1 2300.400
53 2 6686.700
53 3 3860.900
53 4 4287.600
53 5 4264.000
53 6 4591.500
53 7 4661.300
53 8 4723.600
53 9 6604.700
53 10 2621.600
53 11 5745.200
53 12 7219.600
53 13 10884.200
53 14 712.600
53 15 4914.700
53 16 5291.500
53 17 5400.600
53 18 1598.100
53 19 7682.500
53 20 1508.900
53 21 10179.300
53 22 7175.800
53 23 7719.200
53 24 1483.900
53 25 6587.800
53 26 6727.800
53 27 4028.100
53 28 5856.800
53 29 6875.600
53 30 4341.100
53 31 7071.500
53 32 6243.300
53 33 6804.600
53 34 6642.000
53 35 9323.200
53 36 9771.000
53 37 4164.500
53 38 4850.400
53 39 5568.100
53 40 10764.600
53 41 9860.000
53 42 5461.600
53 43 4304.900
53 44 6297.000
53 45 4265.500
53 46 8159.000
53 47 8546.600
53 48 5146.200
53 49 4711.900
53 50 5583.800
53 51 7178.100
53 52 8180.800
53 53 0.000
53 54 7674.700
53 55 10863.500
53 56 1956.300
53 57 7281.000
53 58 7397.400
53 59 5722.100
53 60 6201.700
53 61 6575.400
53 62 9718.600
53 63 6019.700
53 64 5551.500
53 65 4276.700
53 66 5161.600
53 67 5182.300
53 68 6067.900
53 69 2546.000
53 70 1536.200
53 71 4990.100
53 72 2537.100
53 73 7337.400
53 74 1708.100
53 75 6008.600
53 76 7933.900
53 77 6555.100
53 78 10043.300
53 79 2127.800
53 80 4509.400
53 81 7317.100
53 82 4675.600
53 83 8968.800
53 84 6157.400
53 85 9463.500
53 86 3764.200
53 87 8629.100
53 88 3436.700
53 89 4648.100
53 90 6515.600
53 91 5706.400
53 92 7260.600
53 93 8062.200
53 94 7072.800
53 95 7155.400
53 96 9206.500
53 97 3243.400
53 98 2255.300
53 99 3212.300
53 100 5536.200
54 0 4732.300
54 1 10766.900
54 2 2503.000
54 3 4831.000
54 4 4950.400
54 5 6146.100
54 6 12285.900
54 7 4233.400
54 8 7132.600
54 9 7652.700
54 10 10304.200
54 11 10352.500
54 12 10417.500
54 13 4787.100
54 14 7839.400
54 15 3484.200
54 16 7366.700
54 17 3856.600
54 18 7380.500
54 19 8123.500
54 20 9524.200
54 21 1941.900
54 22 3901.000
54 23 2731.300
54 24 7075.400
54 25 9213.600
54 26 6293.400
54 27 10712.900
54 28 1948.700
54 29 6581.600
54 30 9470.800
54 31 1564.000
54 32 4638.200
54 33 2755.500
54 34 12271.900
54 35 4715.100
54 36 2476.200
54 37 4827.300
54 38 10595.000
54 39 5094.700
54 40 2969.800
54 41 3182.900
54 42 9683.600
54 43 4742.600
54 44 4890.900
54 45 5686.000
54 46 4679.300
54 47 5117.100
54 48 4930.200
54 49 5011.600
54 50 9992.200
54 51 3298.600
54 52 2815.300
54 53 8366.300
54 54 0.000
54 55 3270.100
54 56 8550.000
54 57 1737.800
54 58 1854.200
54 59 10393.100
54 60 3615.100
54 61 9678.800
54 62 3816.400
54 63 8642.500
54 64 5851.200
54 65 8059.600
54 66 11389.500
54 67 6940.000
54 68 10738.900
54 69 8817.100
54 70 8671.000
54 71 3603.800
54 72 5823.300
54 73 4630.000
54 74 6739.600
54 75 2887.000
54 76 5035.700
54 77 2988.300
54 78 8810.200
54 79 7872.300
54 80 10737.300
54 81 7616.800
54 82 3688.700
54 83 3066.500
54 84 10674.600
54 85 2899.300
54 86 10645.800
54 87 1357.100
54 88 6127.300
54 89 5118.200
54 90 4284.100
54 91 8115.400
54 92 9260.000
54 93 767.300
54 94 1312.600
54 95 5749.300
54 96 1911.700
54 97 11387.800
54 98 6111.000
54 99 9880.400
54 100 4605.400
55 0 7341.900
55 1 13376.500
55 2 5499.600
55 3 7440.600
55 4 7560.000
55 5 8755.700
55 6 14878.600
55 7 6843.000
55 8 9725.300
55 9 10189.000
55 10 12896.900
55 11 12945.200
55 12 13010.100
55 13 4664.600
55 14 10449.000
55 15 6439.000
55 16 9976.300
55 17 6466.300
55 18 9973.100
55 19 10659.900
55 20 12116.900
55 21 3010.800
55 22 5808.300
55 23 4638.600
55 24 9685.000
55 25 11823.200
55 26 8200.700
55 27 13322.500
55 28 4558.300
55 29 8637.000
55 30 12080.400
55 31 3603.000
55 32 6545.500
55 33 4830.700
55 34 14881.500
55 35 5893.700
55 36 2076.400
55 37 7436.900
55 38 13187.700
55 39 7687.400
55 40 2607.800
55 41 3337.100
55 42 12276.200
55 43 7352.200
55 44 7500.500
55 45 8278.700
55 46 6718.200
55 47 6302.700
55 48 7199.600
55 49 7547.900
55 50 12601.800
55 51 5337.600
55 52 4162.300
55 53 10975.900
55 54 3072.900
55 55 0.000
55 56 11159.700
55 57 3776.800
55 58 3893.100
55 59 13002.700
55 60 5842.100
55 61 12271.500
55 62 5001.900
55 63 11021.400
55 64 8387.600
55 65 10669.200
55 66 13999.100
55 67 9549.600
55 68 13348.500
55 69 11426.700
55 70 11280.600
55 71 6213.400
55 72 8432.900
55 73 6537.300
55 74 9349.300
55 75 5496.600
55 76 6221.300
55 77 5027.200
55 78 11419.900
55 79 10465.000
55 80 13346.900
55 81 10153.200
55 82 6298.300
55 83 4252.100
55 84 13284.200
55 85 4169.000
55 86 13255.400
55 87 1733.100
55 88 8719.900
55 89 7727.800
55 90 6191.400
55 91 10708.100
55 92 11796.400
55 93 2322.900
55 94 3900.800
55 95 7394.400
55 96 2448.400
55 97 13997.400
55 98 8720.600
55 99 12490.000
55 100 6512.700
56 0 4054.500
56 1 1997.200
56 2 7324.900
56 3 5815.400
56 4 4034.900
56 5 2718.100
56 6 4288.300
56 7 6615.800
56 8 6678.100
56 9 8559.200
56 10 2318.400
56 11 7277.800
56 12 8752.100
56 13 12838.700
56 14 3149.300
56 15 4921.900
56 16 3745.700
56 17 7355.100
56 18 3475.700
56 19 9215.000
56 20 1725.800
56 21 9875.000
56 22 7183.000
56 23 7496.800
56 24 3041.000
56 25 5041.900
56 26 5181.900
56 27 2493.400
56 28 6495.100
56 29 8830.100
56 30 2349.500
56 31 7709.700
56 32 6250.500
56 33 7301.800
56 34 5112.400
56 35 11277.700
56 36 10409.200
56 37 3612.900
56 38 6383.000
56 39 7522.600
56 40 10902.900
56 41 11814.500
56 42 6994.100
56 43 6259.400
56 44 8251.500
56 45 6219.900
56 46 10113.400
56 47 10501.100
56 48 5153.400
56 49 6666.400
56 50 3592.200
56 51 9132.600
56 52 9238.800
56 53 2434.200
56 54 8183.000
56 55 11501.700
56 56 0.000
56 57 8050.000
56 58 8166.300
56 59 4176.200
56 60 5807.400
56 61 8108.000
56 62 11673.100
56 63 7974.200
56 64 7506.000
56 65 3188.000
56 66 3170.000
56 67 3636.400
56 68 4522.100
56 69 554.300
56 70 2708.000
56 71 5979.600
56 72 2544.300
56 73 7344.600
56 74 4295.100
56 75 6751.600
56 76 9888.300
56 77 8509.600
56 78 11575.900
56 79 4005.400
56 80 2517.800
56 81 9271.600
56 82 5009.100
56 83 10923.300
56 84 4165.700
56 85 11418.000
56 86 2426.300
56 87 9267.300
56 88 4907.800
56 89 5637.600
56 90 6522.800
56 91 7660.900
56 92 8793.200
56 93 8700.400
56 94 7711.000
56 95 9109.900
56 96 9844.700
56 97 2940.200
56 98 3812.400
56 99 1660.900
56 100 5543.400
57 0 5180.900
57 1 9124.100
57 2 3338.500
57 3 4676.800
57 4 5399.000
57 5 6594.700
57 6 11401.600
57 7 3499.100
57 8 6248.300
57 9 6712.100
57 10 9419.900
57 11 9468.200
57 12 9533.200
57 13 4899.600
57 14 7445.200
57 15 5122.100
57 16 7815.300
57 17 3496.600
57 18 6496.200
57 19 7182.900
57 20 8639.900
57 21 2570.300
57 22 5765.700
57 23 4596.000
57 24 7524.000
57 25 9662.200
57 26 7430.000
57 27 11161.500
57 28 2397.300
57 29 5095.000
57 30 9919.400
57 31 1549.500
57 32 6502.900
57 33 1748.900
57 34 13452.100
57 35 3014.600
57 36 3577.600
57 37 5275.900
57 38 9710.700
57 39 4210.500
57 40 3155.600
57 41 3495.900
57 42 8799.300
57 43 3991.200
57 44 4055.100
57 45 4801.800
57 46 2632.500
57 47 3405.000
57 48 6568.100
57 49 4071.000
57 50 10440.800
57 51 1251.800
57 52 1215.500
57 53 8157.800
57 54 1901.200
57 55 4371.600
57 56 8998.700
57 57 0.000
57 58 941.700
57 59 10841.700
57 60 5124.800
57 61 8794.500
57 62 2576.600
57 63 7544.400
57 64 4910.700
57 65 8508.200
57 66 11838.100
57 67 7388.600
57 68 11187.500
57 69 9369.700
57 70 8624.800
57 71 3884.300
57 72 6271.900
57 73 6494.800
57 74 7188.200
57 75 2526.900
57 76 2387.500
57 77 1453.500
57 78 6994.200
57 79 6988.100
57 80 11185.900
57 81 6676.200
57 82 4137.300
57 83 2984.200
57 84 11123.200
57 85 2776.800
57 86 10587.900
57 87 2331.100
57 88 5243.000
57 89 5566.800
57 90 6375.900
57 91 7231.100
57 92 8333.500
57 93 1764.100
57 94 2795.100
57 95 3308.700
57 96 3013.100
57 97 10041.700
57 98 6559.600
57 99 10329.000
57 100 6345.400
58 0 5228.700
58 1 11263.300
58 2 3344.300
58 3 5327.400
58 4 5446.800
58 5 6642.500
58 6 12765.400
58 7 4729.800
58 8 7612.100
58 9 8075.900
58 10 10783.700
58 11 10832.000
58 12 10896.900
58 13 4842.200
58 14 8335.800
58 15 4325.600
58 16 7863.100
58 17 4353.100
58 18 7860.000
58 19 8546.700
58 20 10003.700
58 21 1997.000
58 22 4824.000
58 23 3654.300
58 24 7571.800
58 25 9710.000
58 26 6633.600
58 27 11209.300
58 28 2445.100
58 29 6523.800
58 30 9967.300
58 31 1489.800
58 32 5561.200
58 33 2717.500
58 34 12768.300
58 35 4770.200
58 36 2531.200
58 37 5323.700
58 38 11074.500
58 39 5574.200
58 40 3024.900
58 41 3238.000
58 42 10163.100
58 43 5239.000
58 44 5387.400
58 45 6165.500
58 46 4605.000
58 47 5172.200
58 48 5771.600
58 49 5434.800
58 50 10488.700
58 51 3224.400
58 52 2870.400
58 53 8862.700
58 54 959.500
58 55 3325.200
58 56 9046.500
58 57 1663.600
58 58 0.000
58 59 10889.500
58 60 4456.500
58 61 10158.300
58 62 3871.400
58 63 8908.200
58 64 6274.400
58 65 8556.000
58 66 11885.900
58 67 7436.400
58 68 11235.300
58 69 9313.500
58 70 9167.400
58 71 4100.200
58 72 6319.700
58 73 5553.100
58 74 7236.100
58 75 3383.400
58 76 4360.000
58 77 2914.000
58 78 9306.700
58 79 8351.800
58 80 11233.700
58 81 8040.000
58 82 4185.100
58 83 3121.600
58 84 11171.000
58 85 2954.400
58 86 11142.200
58 87 1389.400
58 88 6606.700
58 89 5614.700
58 90 5579.400
58 91 8594.900
58 92 9683.200
58 93 822.400
58 94 1787.400
58 95 5281.200
58 96 1966.800
58 97 11884.200
58 98 6607.400
58 99 10376.800
58 100 5548.900
59 0 6280.900
59 1 5730.200
59 2 9606.900
59 3 8063.800
59 4 6261.400
59 5 4944.600
59 6 7170.000
59 7 9406.900
59 8 10346.100
59 9 12227.200
59 10 6455.600
59 11 11415.000
59 12 12889.400
59 13 15002.100
59 14 5570.300
59 15 7394.900
59 16 4109.300
59 17 10143.600
59 18 7612.900
59 19 13174.100
59 20 5863.000
59 21 12156.900
59 22 8373.900
59 23 8687.700
59 24 5655.700
59 25 2636.000
59 26 5545.500
59 27 5676.200
59 28 8777.000
59 29 12281.800
59 30 4434.200
59 31 9991.700
59 32 7441.400
59 33 9583.800
59 34 3649.100
59 35 13319.900
59 36 12691.200
59 37 5894.700
59 38 10520.200
59 39 11190.500
59 40 13184.800
59 41 13397.900
59 42 11131.300
59 43 9048.100
59 44 11719.200
59 45 9889.000
59 46 12787.900
59 47 13621.900
59 48 6888.100
59 49 10340.600
59 50 3853.700
59 51 11407.200
59 52 11520.800
59 53 5988.100
59 54 10594.900
59 55 13783.700
59 56 4586.100
59 57 10331.900
59 58 10448.300
59 59 0.000
59 60 8366.700
59 61 12245.200
59 62 12881.800
59 63 11642.200
59 64 10957.700
59 65 2895.700
59 66 6352.800
59 67 4000.000
59 68 2116.100
59 69 4691.500
59 70 6845.200
59 71 8261.600
59 72 4770.700
59 73 8535.500
59 74 6565.800
59 75 9033.500
59 76 12542.900
59 77 10754.000
59 78 15119.900
59 79 8142.600
59 80 4692.700
59 81 12723.200
59 82 7291.100
59 83 13281.500
59 84 3192.700
59 85 13114.300
59 86 5609.100
59 87 11549.300
59 88 9324.800
59 89 7919.600
59 90 7713.700
59 91 11328.900
59 92 12752.300
59 93 10982.300
59 94 9993.000
59 95 12577.600
59 96 12126.700
59 97 6351.100
59 98 6427.200
59 99 4843.700
59 100 6734.300
60 0 3056.900
60 1 8451.800
60 2 2400.900
60 3 3164.600
60 4 3275.000
60 5 3455.400
60 6 10591.200
60 7 3541.600
60 8 5446.800
60 9 6960.900
60 10 7907.200
60 11 8666.800
60 12 8731.700
60 13 8138.700
60 14 5741.500
60 15 986.800
60 16 5051.600
60 17 4122.800
60 18 5678.800
60 19 7431.800
60 20 7314.600
60 21 5293.500
60 22 2150.400
60 23 1775.500
60 24 4977.400
60 25 6867.700
60 26 3078.500
60 27 8397.800
60 28 2677.000
60 29 6483.600
60 30 7155.800
60 31 3491.100
60 32 1881.900
60 33 3483.800
60 34 9956.800
60 35 7219.900
60 36 5827.700
60 37 2550.200
60 38 8893.300
60 39 5392.400
60 40 6321.400
60 41 6534.500
60 42 7997.800
60 43 4050.900
60 44 5619.200
60 45 5017.100
60 46 6687.900
60 47 7521.900
60 48 2323.500
60 49 4319.800
60 50 7677.200
60 51 5307.300
60 52 5420.800
60 53 6268.400
60 54 3351.600
60 55 5791.600
60 56 5876.000
60 57 4221.500
60 58 4337.800
60 59 8078.000
60 60 0.000
60 61 7993.000
60 62 7168.000
60 63 6742.900
60 64 5159.500
60 65 5744.500
60 66 9074.500
60 67 4594.200
60 68 8423.900
60 69 6143.100
60 70 6573.100
60 71 2772.100
60 72 3149.300
60 73 2976.000
60 74 4641.700
60 75 3012.800
60 76 6442.900
60 77 4654.000
60 78 9321.700
60 79 6170.600
60 80 8422.300
60 81 6925.100
60 82 2013.300
60 83 6418.100
60 84 8359.500
60 85 6250.900
60 86 8330.700
60 87 4579.800
60 88 4425.500
60 89 3020.300
60 90 1422.700
60 91 6429.600
60 92 7853.000
60 93 4118.900
60 94 2722.100
60 95 6477.700
60 96 5263.300
60 97 9072.700
60 98 4013.100
60 99 7565.400
60 100 2044.500
61 0 6844.900
61 1 7452.300
61 2 8581.000
61 3 4835.600
61 4 7063.000
61 5 8258.700
61 6 9743.500
61 7 5636.000
61 8 3428.300
61 9 2752.100
61 10 6634.100
61 11 1161.500
61 12 803.800
61 13 10142.300
61 14 5896.100
61 15 7098.300
61 16 9479.300
61 17 6375.300
61 18 4947.200
61 19 1907.900
61 20 6968.100
61 21 11154.000
61 22 9456.500
61 23 9835.200
61 24 6791.100
61 25 11326.200
61 26 9373.600
61 27 9180.000
61 28 7733.900
61 29 4765.500
61 30 9493.100
61 31 8948.600
61 32 8524.000
61 33 7779.300
61 34 11793.900
61 35 9757.700
61 36 12333.100
61 37 6939.900
61 38 2985.600
61 39 5504.700
61 40 11739.300
61 41 10834.700
61 42 1374.700
61 43 5279.600
61 44 7725.000
61 45 5042.800
61 46 6185.700
61 47 8895.400
61 48 8535.000
61 49 5686.600
61 50 10735.800
61 51 7561.100
61 52 8666.600
61 53 6608.700
61 54 9551.800
61 55 12740.600
61 56 8333.300
61 57 9237.700
61 58 9354.100
61 59 12361.900
61 60 8070.100
61 61 0.000
61 62 10693.300
61 63 2195.000
61 64 3958.800
61 65 10331.600
61 66 10313.600
61 67 9052.600
61 68 12707.700
61 69 7697.900
61 70 6953.000
61 71 6876.200
61 72 7935.900
61 73 9618.100
61 74 6413.200
61 75 6983.300
61 76 7277.800
61 77 7529.800
61 78 4268.800
61 79 4589.400
61 80 9661.400
61 81 3017.000
61 82 7678.700
61 83 9943.500
61 84 11309.300
61 85 10438.200
61 86 7997.800
61 87 10506.200
61 88 4400.300
61 89 7423.500
61 90 9056.900
61 91 2363.100
61 92 1091.400
61 93 9939.200
61 94 8964.700
61 95 6845.700
61 96 11083.600
61 97 7255.800
61 98 6919.400
61 99 8364.200
61 100 8312.300
62 0 7238.400
62 1 10270.200
62 2 5396.100
62 3 6803.800
62 4 7456.500
62 5 8652.300
62 6 12547.600
62 7 5456.100
62 8 7394.300
62 9 7878.700
62 10 10566.000
62 11 10614.300
62 12 10679.200
62 13 2495.600
62 14 8591.200
62 15 7179.600
62 16 9872.800
62 17 4816.600
62 18 7642.200
62 19 8349.500
62 20 9786.000
62 21 3013.200
62 22 8364.200
62 23 7194.600
62 24 9852.000
62 25 11719.700
62 26 9487.600
62 27 11997.900
62 28 4454.900
62 29 5386.300
62 30 12310.900
62 31 3991.800
62 32 9101.500
62 33 3586.100
62 34 14598.100
62 35 687.000
62 36 4192.300
62 37 7333.500
62 38 10856.800
62 39 5364.000
62 40 3598.500
62 41 2020.400
62 42 9945.300
62 43 5586.800
62 44 4233.300
62 45 5955.300
62 46 2882.100
62 47 1438.700
62 48 8625.600
62 49 5237.600
62 50 14318.400
62 51 2260.900
62 52 1658.400
62 53 9303.800
62 54 4428.900
62 55 5175.100
62 56 11151.100
62 57 4001.200
62 58 4117.500
62 59 12899.200
62 60 7182.300
62 61 9940.500
62 62 0.000
62 63 8690.400
62 64 6077.300
62 65 10565.700
62 66 13879.700
62 67 9446.200
62 68 13245.100
62 69 10515.700
62 70 9770.900
62 71 5928.300
62 72 8329.400
62 73 9093.300
62 74 7819.700
62 75 4571.000
62 76 1832.600
62 77 2914.200
62 78 7243.900
62 79 8134.100
62 80 13244.000
62 81 7842.800
62 82 6194.800
62 83 1085.400
62 84 14892.000
62 85 1776.400
62 86 11734.000
62 87 4641.700
62 88 6389.000
62 89 7624.400
62 90 8433.500
62 91 8377.100
62 92 8583.200
62 93 4291.800
62 94 4852.600
62 95 3558.300
62 96 3816.600
62 97 11187.700
62 98 8887.600
62 99 11182.100
62 100 8402.900
63 0 5856.000
63 1 7292.700
63 2 6606.600
63 3 3846.800
63 4 6074.100
63 5 7269.900
63 6 9577.200
63 7 3773.000
63 8 2439.500
63 9 871.800
63 10 7666.000
63 11 3075.500
63 12 3140.500
63 13 9892.000
63 14 5613.700
63 15 6109.500
63 16 8490.500
63 17 4421.400
63 18 4664.700
63 19 2157.400
63 20 6808.500
63 21 9187.100
63 22 8522.800
63 23 7881.300
63 24 6894.900
63 25 10337.300
63 26 8384.700
63 27 9020.400
63 28 5759.500
63 29 2885.200
63 30 9333.400
63 31 6974.200
63 32 7535.200
63 33 5780.500
63 34 11627.700
63 35 8323.500
63 36 9673.700
63 37 5951.100
63 38 4017.500
63 39 3624.400
63 40 9772.300
63 41 8867.800
63 42 2406.600
63 43 4466.400
63 44 5297.300
63 45 3911.900
63 46 5964.300
63 47 7547.000
63 48 7546.200
63 49 3595.400
63 50 11348.000
63 51 6184.300
63 52 7156.600
63 53 6326.300
63 54 7577.400
63 55 10766.200
63 56 8173.600
63 57 7238.900
63 58 7355.300
63 59 11516.800
63 60 6969.200
63 61 2401.800
63 62 8726.400
63 63 0.000
63 64 2078.500
63 65 9183.300
63 66 10153.900
63 67 8063.800
63 68 11862.700
63 69 7538.200
63 70 6793.400
63 71 4922.300
63 72 6947.000
63 73 8629.300
63 74 4862.600
63 75 5029.300
63 76 7056.400
63 77 5531.000
63 78 4047.400
63 79 5621.300
63 80 10273.600
63 81 1650.700
63 82 5981.700
63 83 7976.500
63 84 11921.500
63 85 8471.300
63 86 9029.700
63 87 8531.800
63 88 3411.500
63 89 6434.600
63 90 8474.000
63 91 2289.800
63 92 2261.800
63 93 7964.900
63 94 6990.300
63 95 6624.300
63 96 9109.200
63 97 8287.800
63 98 5930.600
63 99 8204.600
63 100 7323.500
64 0 4946.800
64 1 6498.400
64 2 4528.100
64 3 3032.000
64 4 5164.900
64 5 6360.700
64 6 8782.900
64 7 1694.600
64 8 2330.600
64 9 2487.600
64 10 6794.200
64 11 5810.800
64 12 5684.300
64 13 7813.500
64 14 4819.400
64 15 5140.300
64 16 7581.200
64 17 2342.900
64 18 3870.400
64 19 2958.500
64 20 6014.200
64 21 7108.600
64 22 6444.400
64 23 5802.800
64 24 6080.200
64 25 9428.100
64 26 7448.200
64 27 8226.100
64 28 3681.100
64 29 2010.300
64 30 8539.100
64 31 4895.700
64 32 6554.100
64 33 3702.000
64 34 10833.400
64 35 6245.100
64 36 7595.200
64 37 5041.800
64 38 6492.600
64 39 1545.900
64 40 7693.900
64 41 6789.300
64 42 4881.600
64 43 2387.900
64 44 3218.900
64 45 1833.500
64 46 5080.800
64 47 5468.500
64 48 6586.300
64 49 1517.000
64 50 10553.700
64 51 4105.800
64 52 5078.200
64 53 5532.000
64 54 5498.900
64 55 8687.700
64 56 7379.300
64 57 5160.400
64 58 5276.800
64 59 10607.600
64 60 4890.700
64 61 4877.600
64 62 6647.900
64 63 3477.500
64 64 0.000
64 65 8274.100
64 66 9359.600
64 67 7154.600
64 68 10953.400
64 69 6743.900
64 70 5999.100
64 71 2843.800
64 72 6037.800
64 73 8011.700
64 74 4047.900
64 75 2950.900
64 76 4855.700
64 77 3452.600
64 78 4848.400
64 79 4362.300
64 80 9479.300
64 81 2451.700
64 82 3903.200
64 83 5898.100
64 84 11127.200
64 85 6392.800
64 86 7962.200
64 87 6453.300
64 88 2617.200
64 89 5332.800
64 90 6395.600
64 91 3313.400
64 92 4095.000
64 93 5886.400
64 94 4911.800
64 95 4077.300
64 96 7030.700
64 97 7415.900
64 98 5115.800
64 99 7410.300
64 100 6716.800
65 0 4716.200
65 1 4165.500
65 2 8042.200
65 3 6499.100
65 4 4696.700
65 5 3379.900
65 6 7733.200
65 7 7842.200
65 8 8781.400
65 9 10662.500
65 10 4890.900
65 11 9850.300
65 12 11324.700
65 13 13437.400
65 14 4005.700
65 15 5830.200
65 16 2544.600
65 17 8578.900
65 18 6048.200
65 19 11609.400
65 20 4298.300
65 21 10592.300
65 22 6809.200
65 23 7123.100
65 24 4091.000
65 25 3199.200
65 26 3980.800
65 27 4111.500
65 28 7212.300
65 29 10717.100
65 30 2869.500
65 31 8427.000
65 32 5876.700
65 33 8019.100
65 34 4212.300
65 35 11755.200
65 36 11126.500
65 37 4330.000
65 38 8955.500
65 39 9625.900
65 40 11620.100
65 41 11833.200
65 42 9566.600
65 43 7483.400
65 44 10154.500
65 45 8324.300
65 46 11223.200
65 47 12057.200
65 48 5323.400
65 49 8775.900
65 50 1932.700
65 51 9842.500
65 52 9956.100
65 53 4423.400
65 54 9030.200
65 55 12219.000
65 56 3021.400
65 57 8767.200
65 58 8883.600
65 59 2333.500
65 60 6802.000
65 61 10680.500
65 62 11317.200
65 63 10077.500
65 64 9393.000
65 65 0.000
65 66 3560.000
65 67 2435.300
65 68 2679.300
65 69 3126.800
65 70 5280.500
65 71 6696.900
65 72 3206.000
65 73 6970.800
65 74 5001.100
65 75 7468.800
65 76 10978.200
65 77 9189.300
65 78 13555.200
65 79 6577.900
65 80 2748.600
65 81 11158.600
65 82 5726.400
65 83 11716.900
65 84 2615.000
65 85 11549.600
65 86 4044.400
65 87 9984.600
65 88 7760.100
65 89 6354.900
65 90 6149.000
65 91 9764.200
65 92 11187.600
65 93 9417.700
65 94 8428.300
65 95 11012.900
65 96 10562.000
65 97 4786.400
65 98 4862.500
65 99 3279.100
65 100 5169.600
66 0 11246.700
66 1 5130.200
66 2 13021.500
66 3 10138.700
66 4 9582.300
66 5 9047.700
66 6 4765.600
66 7 10939.000
66 8 11001.300
66 9 12882.400
66 10 6372.800
66 11 11807.500
66 12 13281.800
66 13 17157.300
66 14 7473.300
66 15 10809.500
66 16 7523.900
66 17 11678.300
66 18 7799.700
66 19 13829.300
66 20 6049.800
66 21 16452.400
66 22 11788.500
66 23 12102.400
66 24 8360.300
66 25 4576.100
66 26 8960.100
66 27 5076.200
66 28 12191.600
66 29 13153.400
66 30 4761.600
66 31 13406.300
66 32 10856.000
66 33 13077.700
66 34 1942.400
66 35 15596.300
66 36 16105.800
66 37 9309.300
66 38 10912.700
66 39 12462.500
66 40 17037.700
66 41 16133.100
66 42 11523.800
66 43 10582.600
66 44 12570.100
66 45 10543.200
66 46 14432.100
66 47 14819.700
66 48 10302.700
66 49 10989.600
66 50 4514.400
66 51 13451.200
66 52 14453.900
66 53 7582.200
66 54 14009.500
66 55 17198.300
66 56 6221.900
66 57 13746.500
66 58 13862.900
66 59 5940.800
66 60 11781.300
66 61 12637.700
66 62 15991.700
66 63 12297.400
66 64 11829.300
66 65 6279.000
66 66 0.000
66 67 7414.700
66 68 3117.400
66 69 5747.300
66 70 7032.000
66 71 11676.200
66 72 8091.600
66 73 11950.100
66 74 8619.000
66 75 12643.700
66 76 14206.900
66 77 12828.200
66 78 15991.500
66 79 8329.300
66 80 3445.200
66 81 13594.900
66 82 10705.700
66 83 15241.900
66 84 3493.700
66 85 15736.600
66 86 5009.100
66 87 14963.900
66 88 9714.400
66 89 11334.200
66 90 11128.300
66 91 11984.100
66 92 13407.500
66 93 14397.000
66 94 13407.600
66 95 13428.500
66 96 15541.300
66 97 5751.100
66 98 9131.700
66 99 4243.700
66 100 10148.900
67 0 4304.500
67 1 4225.000
67 2 6079.200
67 3 4536.200
67 4 4522.600
67 5 2105.400
67 6 6920.300
67 7 5879.200
67 8 6818.400
67 9 8699.500
67 10 4950.400
67 11 9909.800
67 12 10103.300
67 13 11474.500
67 14 3932.700
67 15 3867.300
67 16 824.800
67 17 6615.900
67 18 6107.700
67 19 9646.400
67 20 4357.800
67 21 8629.300
67 22 4846.300
67 23 5160.100
67 24 4018.000
67 25 2936.000
67 26 2017.900
67 27 4171.000
67 28 5249.400
67 29 8754.100
67 30 2928.900
67 31 6464.000
67 32 3913.800
67 33 6056.100
67 34 5215.100
67 35 9792.300
67 36 9163.500
67 37 2367.000
67 38 9015.000
67 39 7662.900
67 40 9657.200
67 41 9870.300
67 42 9626.100
67 43 5520.400
67 44 8191.600
67 45 6361.300
67 46 9260.200
67 47 10094.200
67 48 3360.500
67 49 6812.900
67 50 2935.400
67 51 7879.600
67 52 7993.100
67 53 4350.400
67 54 7067.200
67 55 10256.000
67 56 2948.400
67 57 6804.300
67 58 6920.600
67 59 3336.300
67 60 4839.000
67 61 9364.600
67 62 9354.200
67 63 8114.500
67 64 7430.000
67 65 1517.700
67 66 4847.600
67 67 0.000
67 68 3682.100
67 69 3186.300
67 70 5340.000
67 71 4733.900
67 72 3133.000
67 73 5007.900
67 74 4928.100
67 75 5505.900
67 76 9015.300
67 77 7226.400
67 78 11592.300
67 79 6637.300
67 80 4195.400
67 81 9195.600
67 82 3763.400
67 83 9753.900
67 84 3617.800
67 85 9586.700
67 86 4103.900
67 87 8021.700
67 88 5797.100
67 89 4391.900
67 90 4186.000
67 91 7801.200
67 92 9224.600
67 93 7454.700
67 94 6465.400
67 95 9050.000
67 96 8599.100
67 97 4845.900
67 98 4789.500
67 99 3338.500
67 100 3206.700
68 0 6339.200
68 1 4321.600
68 2 9665.100
68 3 8122.100
68 4 6319.700
68 5 5002.800
68 6 5056.400
68 7 9465.100
68 8 10404.300
68 9 12285.500
68 10 6513.900
68 11 10998.900
68 12 12473.200
68 13 15060.400
68 14 5628.600
68 15 7453.200
68 16 4167.600
68 17 10201.800
68 18 6991.100
68 19 12936.100
68 20 5241.200
68 21 12215.200
68 22 8432.200
68 23 8746.000
68 24 5714.000
68 25 1561.000
68 26 5603.800
68 27 4267.600
68 28 8835.300
68 29 12340.000
68 30 2779.800
68 31 10050.000
68 32 7499.700
68 33 9642.000
68 34 1535.500
68 35 13378.200
68 36 12749.500
68 37 5953.000
68 38 10104.100
68 39 12753.300
68 40 13243.100
68 41 13456.200
68 42 10715.200
68 43 9106.400
68 44 12861.000
68 45 9947.200
68 46 12846.200
68 47 13680.100
68 48 6946.400
68 49 10398.900
68 50 1627.400
68 51 11465.500
68 52 11579.100
68 53 6046.400
68 54 10653.200
68 55 13842.000
68 56 4644.400
68 57 10390.200
68 58 10506.600
68 59 2678.200
68 60 8425.000
68 61 11829.100
68 62 12940.100
68 63 11700.500
68 64 11015.900
68 65 2954.000
68 66 3455.400
68 67 4058.300
68 68 0.000
68 69 4749.800
68 70 6223.400
68 71 8319.800
68 72 4829.000
68 73 8593.800
68 74 6624.100
68 75 9091.800
68 76 12601.200
68 77 10812.300
68 78 15178.200
68 79 7520.700
68 80 2644.100
68 81 12781.500
68 82 7349.300
68 83 15532.700
68 84 966.300
68 85 13172.600
68 86 4200.500
68 87 11607.600
68 88 10005.200
68 89 7977.800
68 90 7772.000
68 91 11387.100
68 92 12514.300
68 93 11040.600
68 94 10051.300
68 95 13719.400
68 96 12185.000
68 97 4942.500
68 98 6485.400
68 99 3435.100
68 100 6792.600
69 0 4534.100
69 1 1467.200
69 2 7804.600
69 3 5285.500
69 4 4514.600
69 5 3197.700
69 6 3758.400
69 7 6085.800
69 8 6148.100
69 9 8029.200
69 10 1788.500
69 11 6747.800
69 12 8222.200
69 13 12308.700
69 14 2619.400
69 15 5401.600
69 16 3878.600
69 17 6825.100
69 18 2945.700
69 19 8685.100
69 20 1195.900
69 21 11603.800
69 22 8143.200
69 23 8457.100
69 24 3520.600
69 25 5529.700
69 26 5314.900
69 27 1939.100
69 28 6974.700
69 29 8300.200
69 30 1795.200
69 31 8189.400
69 32 7210.700
69 33 7781.500
69 34 4558.000
69 35 10747.800
69 36 10888.900
69 37 4092.500
69 38 5853.100
69 39 6992.600
69 40 12189.100
69 41 11284.500
69 42 6464.200
69 43 5729.400
69 44 7721.600
69 45 5690.000
69 46 9583.500
69 47 9971.200
69 48 6657.400
69 49 6136.400
69 50 3037.900
69 51 8602.600
69 52 9605.300
69 53 2120.000
69 54 8662.600
69 55 11981.400
69 56 635.400
69 57 8529.600
69 58 8646.000
69 59 4664.000
69 60 6287.000
69 61 7578.000
69 62 11143.200
69 63 7444.200
69 64 6976.100
69 65 2633.700
69 66 2615.700
69 67 3769.400
69 68 5009.800
69 69 0.000
69 70 2178.000
69 71 6459.200
69 72 3023.900
69 73 8304.800
69 74 3765.100
69 75 7433.100
69 76 9358.400
69 77 7979.700
69 78 11045.900
69 79 3475.400
69 80 1963.500
69 81 8741.700
69 82 5488.800
69 83 10393.300
69 84 3611.400
69 85 10888.100
69 86 1872.000
69 87 9747.000
69 88 4377.900
69 89 6117.300
69 90 7483.000
69 91 7130.900
69 92 8263.300
69 93 9180.000
69 94 8190.700
69 95 8580.000
69 96 10324.400
69 97 2410.200
69 98 4292.100
69 99 1106.600
69 100 6503.600
70 0 4304.100
70 1 2373.600
70 2 7539.200
70 3 3793.900
70 4 4522.200
70 5 4586.200
70 6 4664.700
70 7 4594.200
70 8 4656.500
70 9 6537.700
70 10 2669.400
70 11 5601.300
70 12 7075.600
70 13 10817.100
70 14 831.600
70 15 6056.600
70 16 5875.600
70 17 5333.500
70 18 1454.100
70 19 7538.500
70 20 1889.400
70 21 10112.200
70 22 8414.800
70 23 8793.500
70 24 1718.500
70 25 7171.800
70 26 6200.500
70 27 4101.300
70 28 6692.200
70 29 6808.600
70 30 4414.300
70 31 7906.800
70 32 7482.300
70 33 6737.500
70 34 6715.200
70 35 9256.200
70 36 11291.300
70 37 4399.200
70 38 4706.500
70 39 5501.000
70 40 10697.500
70 41 9793.000
70 42 5317.600
70 43 4237.800
70 44 6230.000
70 45 4198.400
70 46 8091.900
70 47 8479.600
70 48 5777.000
70 49 4644.800
70 50 5657.000
70 51 7111.100
70 52 8113.700
70 53 1536.200
70 54 8510.000
70 55 11698.800
70 56 3254.500
70 57 8196.000
70 58 8312.300
70 59 6306.100
70 60 7028.300
70 61 6431.500
70 62 9651.600
70 63 5952.600
70 64 5484.500
70 65 5252.900
70 66 5234.800
70 67 5766.300
70 68 6652.000
70 69 2619.200
70 70 0.000
70 71 5834.400
70 72 3167.900
70 73 8576.400
70 74 1977.300
70 75 5941.500
70 76 7866.800
70 77 6488.100
70 78 9899.400
70 79 1983.800
70 80 4582.600
70 81 7250.100
70 82 4910.300
70 83 8901.700
70 84 6230.600
70 85 9396.500
70 86 3837.400
70 87 9464.400
70 88 3369.600
70 89 4882.700
70 90 8015.100
70 91 5639.300
70 92 7116.700
70 93 8897.500
70 94 7922.900
70 95 7088.400
70 96 10041.800
70 97 3291.100
70 98 2490.000
70 99 3285.500
70 100 6167.000
71 0 2103.000
71 1 8137.600
71 2 2281.100
71 3 1647.900
71 4 2321.100
71 5 3516.900
71 6 9074.500
71 7 2066.500
71 8 3930.100
71 9 5389.300
71 10 7085.800
71 11 7150.100
71 12 7215.000
71 13 7676.400
71 14 5210.100
71 15 2131.500
71 16 4737.400
71 17 2551.200
71 18 4162.100
71 19 5860.100
71 20 6305.800
71 21 4831.200
71 22 3955.400
71 23 3313.900
71 24 4446.100
71 25 6584.300
71 26 4439.500
71 27 8083.600
71 28 1451.300
71 29 4911.900
71 30 6841.600
71 31 2665.900
71 32 3566.500
71 33 2258.000
71 34 9642.600
71 35 5994.100
71 36 5365.400
71 37 2198.000
71 38 7376.600
71 39 3820.700
71 40 5859.000
71 41 6072.100
71 42 6481.100
71 43 2028.900
71 44 4205.800
71 45 3445.500
71 46 5462.100
71 47 6296.100
71 48 3577.600
71 49 2748.200
71 50 7363.000
71 51 4081.500
71 52 4195.000
71 53 5737.000
71 54 3432.700
71 55 6457.900
71 56 5920.800
71 57 3006.200
71 58 3122.500
71 59 7763.800
71 60 2046.900
71 61 6476.300
71 62 5556.100
71 63 5226.200
71 64 3587.800
71 65 5430.300
71 66 8760.200
71 67 4310.700
71 68 8109.600
71 69 6187.800
71 70 6041.700
71 71 0.000
71 72 3194.000
71 73 4660.600
71 74 4110.400
71 75 1441.100
71 76 5217.100
71 77 3428.200
71 78 7750.100
71 79 4653.900
71 80 8108.000
71 81 5353.400
71 82 1059.400
71 83 5955.800
71 84 8045.300
71 85 5788.600
71 86 8016.500
71 87 4223.500
71 88 2908.800
71 89 2489.000
71 90 3146.100
71 91 4912.900
71 92 6336.300
71 93 3656.600
71 94 2667.200
71 95 5064.200
71 96 4800.900
71 97 8758.500
71 98 3481.700
71 99 7251.100
71 100 3354.900
72 0 1510.200
72 1 4436.700
72 2 4780.700
72 3 3237.600
72 4 1490.700
72 5 1879.700
72 6 6727.800
72 7 4580.600
72 8 5519.900
72 9 7401.000
72 10 4757.900
72 11 8739.800
72 12 8804.700
72 13 10175.900
72 14 3651.000
72 15 2377.600
72 16 3102.600
72 17 5317.300
72 18 5915.200
72 19 8347.900
72 20 4165.300
72 21 7330.700
72 22 4638.700
72 23 4952.600
72 24 3736.400
72 25 4949.500
72 26 3032.600
72 27 4932.900
72 28 3950.800
72 29 7455.600
72 30 3476.200
72 31 5165.500
72 32 3706.200
72 33 4757.600
72 34 6594.600
72 35 8493.700
72 36 7865.000
72 37 1068.600
72 38 8822.500
72 39 6364.300
72 40 8358.600
72 41 8571.700
72 42 8070.800
72 43 4221.900
72 44 6893.000
72 45 5062.700
72 46 7961.700
72 47 8795.600
72 48 2609.100
72 49 5514.400
72 50 4315.000
72 51 6581.000
72 52 6694.600
72 53 4068.800
72 54 5638.700
72 55 8957.500
72 56 2726.800
72 57 5505.700
72 58 5622.100
72 59 4715.800
72 60 3263.100
72 61 8066.100
72 62 8055.600
72 63 6816.000
72 64 6131.400
72 65 2064.900
72 66 5609.500
72 67 2675.900
72 68 5061.600
72 69 2993.800
72 70 4474.600
72 71 3435.300
72 72 0.000
72 73 4800.300
72 74 4714.800
72 75 4207.300
72 76 7716.700
72 77 5927.800
72 78 10293.700
72 79 6444.900
72 80 4957.300
72 81 7897.000
72 82 2464.900
72 83 8455.300
72 84 4997.300
72 85 8288.100
72 86 4865.800
72 87 6723.100
72 88 4498.600
72 89 3093.400
72 90 3978.500
72 91 6502.600
72 92 7926.000
72 93 6156.100
72 94 5166.800
72 95 7751.400
72 96 7300.500
72 97 5379.700
72 98 4086.100
72 99 4100.400
72 100 2999.100
73 0 5214.500
73 1 9334.700
73 2 5120.100
73 3 5467.100
73 4 5432.600
73 5 5740.700
73 6 12893.800
73 7 6810.200
73 8 7749.400
73 9 9630.500
73 10 10060.100
73 11 10969.300
73 12 11034.200
73 13 9615.400
73 14 8044.000
73 15 3289.300
73 16 5934.500
73 17 6959.600
73 18 7981.300
73 19 10577.400
73 20 9467.600
73 21 6504.800
73 22 998.300
73 23 2074.400
73 24 7280.000
73 25 7750.600
73 26 3898.900
73 27 9280.800
73 28 5850.600
73 29 9320.300
73 30 8038.700
73 31 6383.100
73 32 1735.600
73 33 6657.400
73 34 10839.700
73 35 9436.700
73 36 6417.300
73 37 4835.500
73 38 11195.900
73 39 8229.100
73 40 6911.000
73 41 7415.200
73 42 10300.400
73 43 6451.400
73 44 8792.800
73 45 7292.300
73 46 9498.400
73 47 9827.100
73 48 3614.400
73 49 7156.600
73 50 8560.100
73 51 8117.700
73 52 7656.300
73 53 8571.000
73 54 5852.800
73 55 6170.700
73 56 8058.200
73 57 6556.900
73 58 6673.300
73 59 8960.900
73 60 3010.600
73 61 10295.600
73 62 8644.700
73 63 9045.500
73 64 7996.200
73 65 6627.400
73 66 9957.400
73 67 5477.100
73 68 9306.800
73 69 8296.000
73 70 8875.600
73 71 5664.900
73 72 5434.600
73 73 0.000
73 74 6944.300
73 75 5849.500
73 76 9745.700
73 77 7827.600
73 78 12158.500
73 79 8473.200
73 80 9305.200
73 81 9761.800
73 82 4673.500
73 83 7894.900
73 84 9242.400
73 85 7727.600
73 86 9213.600
73 87 4959.000
73 88 6728.100
73 89 5322.900
73 90 2606.200
73 91 8732.200
73 92 10155.600
73 93 5252.700
73 94 5214.500
73 95 9651.200
73 96 5802.300
73 97 9955.600
73 98 6315.600
73 99 8448.300
73 100 2927.500
74 0 2517.900
74 1 3543.300
74 2 5135.100
74 3 2116.200
74 4 2736.000
74 5 3931.800
74 6 5834.500
74 7 3889.600
74 8 3951.900
74 9 5833.100
74 10 3839.100
74 11 5972.000
74 12 7236.800
74 13 10112.500
74 14 1133.900
74 15 4171.100
74 16 5152.300
74 17 4628.900
74 18 1824.800
74 19 6780.000
74 20 3059.100
74 21 7685.200
74 22 6529.300
74 23 6167.600
74 24 1675.000
74 25 6999.200
74 26 5417.900
74 27 5271.000
74 28 4305.200
74 29 6104.000
74 30 5584.100
74 31 5519.900
74 32 5596.800
74 33 4956.900
74 34 7884.900
74 35 8551.600
74 36 8219.400
74 37 2612.900
74 38 5077.200
74 39 4796.400
74 40 8713.000
74 41 9088.400
74 42 5688.300
74 43 3533.200
74 44 5525.400
74 45 3493.800
74 46 7387.300
74 47 7775.000
74 48 5034.100
74 49 3940.200
74 50 6077.200
74 51 6406.500
74 52 6894.000
74 53 1708.100
74 54 6123.100
74 55 9311.900
74 56 4489.000
74 57 5729.400
74 58 5845.800
74 59 6478.000
74 60 4650.100
74 61 6802.200
74 62 8947.000
74 63 5248.100
74 64 4779.900
74 65 5032.600
74 66 6404.600
74 67 4725.600
74 68 6823.900
74 69 3788.900
74 70 1965.400
74 71 3438.500
74 72 3608.900
74 73 6690.900
74 74 0.000
74 75 4386.800
74 76 7162.200
74 77 5783.500
74 78 8942.100
74 79 2354.500
74 80 5752.400
74 81 6545.500
74 82 3124.000
74 83 8197.100
74 84 6759.600
74 85 8691.900
74 86 5007.100
74 87 7077.500
74 88 2665.000
74 89 3096.500
74 90 6129.700
74 91 4934.700
74 92 6358.100
74 93 6510.600
74 94 5521.200
74 95 6383.800
74 96 7654.900
74 97 4460.900
74 98 982.200
74 99 4455.200
74 100 5385.100
75 0 3550.100
75 1 7279.100
75 2 1707.800
75 3 2286.000
75 4 3768.200
75 5 4964.000
75 6 9563.600
75 7 1482.500
75 8 4403.300
75 9 4901.800
75 10 7574.900
75 11 7623.200
75 12 7688.100
75 13 7354.500
75 14 5600.100
75 15 3488.900
75 16 6184.500
75 17 1105.800
75 18 4651.100
75 19 5372.600
75 20 6794.900
75 21 4240.700
75 22 4791.500
75 23 4150.000
75 24 5334.100
75 25 8031.400
75 26 5796.900
75 27 9530.700
75 28 860.700
75 29 4424.400
75 30 8288.700
75 31 2075.400
75 32 4901.300
75 33 1446.400
75 34 11089.700
75 35 5182.500
75 36 4774.900
75 37 3645.200
75 38 7865.700
75 39 2986.100
75 40 5268.500
75 41 5481.600
75 42 6954.200
75 43 1991.700
75 44 2782.300
75 45 2958.000
75 46 4249.300
75 47 5009.500
75 48 4934.900
75 49 2260.700
75 50 8810.100
75 51 2868.600
75 52 3383.400
75 53 6312.700
75 54 2678.600
75 55 5867.400
75 56 7367.900
75 57 2274.400
75 58 2390.800
75 59 9210.900
75 60 3494.000
75 61 6949.500
75 62 4744.500
75 63 5891.600
75 64 3100.300
75 65 6877.400
75 66 10207.400
75 67 5757.900
75 68 9556.800
75 69 7524.700
75 70 6779.800
75 71 1359.500
75 72 4641.100
75 73 6372.600
75 74 4998.400
75 75 0.000
75 76 4004.300
75 77 2215.400
75 78 6701.600
75 79 5143.000
75 80 9555.200
75 81 4865.900
75 82 2506.500
75 83 5439.100
75 84 9492.400
75 85 5933.800
75 86 8742.900
75 87 3633.000
75 88 3397.900
75 89 3936.100
75 90 4742.800
75 91 5386.100
75 92 6509.100
75 93 3066.100
75 94 2091.500
75 95 3640.700
75 96 4210.400
75 97 8196.700
75 98 4369.700
75 99 8698.300
75 100 4712.200
76 0 6535.700
76 1 8236.300
76 2 4693.400
76 3 4769.900
76 4 6753.800
76 5 7949.500
76 6 10513.700
76 7 3414.700
76 8 5360.400
76 9 5531.300
76 10 8532.000
76 11 8526.400
76 12 8399.900
76 13 4054.700
76 14 6557.300
76 15 6474.400
76 16 9170.100
76 17 3290.100
76 18 5608.300
76 19 6002.100
76 20 7752.100
76 21 3349.800
76 22 7777.100
76 23 7135.600
76 24 7818.000
76 25 11017.000
76 26 8782.400
76 27 9963.900
76 28 3888.700
76 29 3613.700
76 30 10277.000
76 31 3903.600
76 32 7886.900
76 33 2632.000
76 34 12564.200
76 35 2495.500
76 36 4528.900
76 37 6630.700
76 38 8822.900
76 39 3322.600
76 40 3935.100
76 41 3030.500
76 42 7911.400
76 43 4060.300
76 44 2460.700
76 45 3913.900
76 46 1109.500
76 47 1718.900
76 48 7920.500
76 49 3196.200
76 50 12284.500
76 51 1115.300
76 52 2200.000
76 53 7269.900
76 54 4506.800
76 55 5670.400
76 56 9117.200
76 57 3412.700
76 58 3529.000
76 59 12196.500
76 60 6479.600
76 61 7593.200
76 62 2057.500
76 63 6656.500
76 64 4035.800
76 65 9863.000
76 66 11845.800
76 67 8743.400
76 68 13739.200
76 69 8481.800
76 70 7736.900
76 71 4434.800
76 72 7626.700
76 73 9136.800
76 74 5785.700
76 75 3457.700
76 76 0.000
76 77 1711.900
76 78 5471.300
76 79 6100.200
76 80 11210.100
76 81 5495.400
76 82 5492.100
76 83 2139.300
76 84 12858.100
76 85 2634.100
76 86 9700.000
76 87 5132.600
76 88 4355.100
76 89 6921.600
76 90 7728.300
76 91 6343.200
76 92 6810.600
76 93 4894.300
76 94 4286.500
76 95 1785.700
76 96 4307.500
76 97 9153.800
76 98 6853.700
76 99 9148.200
76 100 7697.800
77 0 5148.000
77 1 7805.600
77 2 3305.700
77 3 3656.500
77 4 5366.100
77 5 6561.900
77 6 10083.100
77 7 2180.600
77 8 4929.800
77 9 5393.600
77 10 8101.400
77 11 8149.700
77 12 8214.600
77 13 4965.500
77 14 6126.600
77 15 5086.800
77 16 7782.400
77 17 1902.400
77 18 5177.700
77 19 5864.400
77 20 7321.400
77 21 3090.300
77 22 6389.400
77 23 5747.900
77 24 6704.600
77 25 9629.300
77 26 7394.800
77 27 9533.300
77 28 2501.100
77 29 3841.500
77 30 9886.600
77 31 1986.800
77 32 6499.200
77 33 1244.300
77 34 12133.500
77 35 3080.500
77 36 4269.400
77 37 5243.100
77 38 8392.200
77 39 2891.900
77 40 3675.600
77 41 3941.300
77 42 7480.800
77 43 2672.600
77 44 2736.600
77 45 3449.800
77 46 2033.900
77 47 2872.100
77 48 6532.800
77 49 2752.500
77 50 11853.800
77 51 653.200
77 52 1735.500
77 53 6839.200
77 54 3119.100
77 55 5252.100
77 56 8686.600
77 57 1996.100
77 58 2112.400
77 59 10808.800
77 60 5091.900
77 61 7476.000
77 62 2642.400
77 63 6383.400
77 64 3592.100
77 65 8475.300
77 66 11415.200
77 67 7355.800
77 68 11154.700
77 69 8051.200
77 70 7306.300
77 71 3047.100
77 72 6239.000
77 73 7970.500
77 74 5186.500
77 75 2070.000
77 76 1788.900
77 77 0.000
77 78 6655.900
77 79 5669.500
77 80 10779.500
77 81 5357.700
77 82 4104.400
77 83 3050.100
77 84 12427.400
77 85 2829.300
77 86 9269.400
77 87 4073.500
77 88 3924.400
77 89 5534.000
77 90 6340.700
77 91 5912.600
77 92 7000.900
77 93 3506.600
77 94 2898.800
77 95 2710.100
77 96 3893.700
77 97 8723.200
77 98 5740.300
77 99 8717.500
77 100 6310.100
78 0 9114.800
78 1 10712.900
78 2 7272.500
78 3 7246.600
78 4 9332.900
78 5 10528.600
78 6 12990.400
78 7 5891.400
78 8 6165.200
78 9 3921.800
78 10 10097.400
78 11 5186.300
78 12 5059.800
78 13 7656.300
78 14 9034.000
78 15 9053.500
78 16 11749.200
78 17 5869.200
78 18 8085.000
78 19 3248.600
78 20 10228.700
78 21 7535.600
78 22 10356.200
78 23 9714.700
78 24 10294.700
78 25 13596.100
78 26 11361.500
78 27 12440.600
78 28 6425.400
78 29 4479.500
78 30 12753.700
78 31 7640.100
78 32 10466.000
78 33 6470.800
78 34 15040.900
78 35 7271.800
78 36 8714.700
78 37 9209.800
78 38 6449.000
78 39 5018.400
78 40 8120.800
78 41 7721.100
78 42 4838.000
78 43 6584.700
78 44 5239.100
78 45 6390.600
78 46 3699.700
78 47 6409.500
78 48 10499.600
78 49 5672.800
78 50 14761.200
78 51 5075.100
78 52 6180.700
78 53 9746.600
78 54 8243.300
78 55 9697.400
78 56 11593.900
78 57 7839.100
78 58 7955.400
78 59 14775.600
78 60 9058.700
78 61 4253.100
78 62 6748.000
78 63 4016.900
78 64 4361.700
78 65 12442.100
78 66 14322.500
78 67 11322.500
78 68 16215.900
78 69 10958.500
78 70 10213.600
78 71 7013.900
78 72 10205.800
78 73 11937.300
78 74 8262.400
78 75 6036.800
78 76 4791.900
78 77 6221.300
78 78 0.000
78 79 8052.700
78 80 13686.800
78 81 3023.100
78 82 8071.200
78 83 6829.900
78 84 15334.700
78 85 7324.600
78 86 12176.700
78 87 9197.700
78 88 6831.800
78 89 9500.700
78 90 10307.400
78 91 5100.000
78 92 3470.500
78 93 8630.700
78 94 7656.200
78 95 4359.800
78 96 8339.000
78 97 10719.200
78 98 9330.400
78 99 11624.800
78 100 10276.900
79 0 5582.800
79 1 3615.700
79 2 7318.900
79 3 3573.600
79 4 5800.900
79 5 6996.700
79 6 5906.800
79 7 4374.000
79 8 4436.300
79 9 5810.100
79 10 2881.300
79 11 3629.400
79 12 5103.700
79 13 10596.900
79 14 2059.500
79 15 5836.300
79 16 7739.900
79 17 5113.300
79 18 1110.500
79 19 5566.600
79 20 3131.500
79 21 9892.000
79 22 8194.500
79 23 8573.200
79 24 2954.400
79 25 9390.900
79 26 8111.600
79 27 5343.400
79 28 6471.900
79 29 6588.300
79 30 5656.400
79 31 7686.500
79 32 7262.000
79 33 6517.300
79 34 7957.300
79 35 9035.900
79 36 11071.100
79 37 5677.900
79 38 2734.600
79 39 5280.700
79 40 10477.300
79 41 9572.700
79 42 3345.700
79 43 4017.500
79 44 6009.700
79 45 3978.100
79 46 7871.600
79 47 8259.300
79 48 7273.000
79 49 4424.600
79 50 6899.100
79 51 6890.800
79 52 7893.400
79 53 2772.100
79 54 8289.700
79 55 11478.500
79 56 4496.600
79 57 7975.700
79 58 8092.000
79 59 8525.200
79 60 6808.100
79 61 4459.600
79 62 9431.300
79 63 5253.000
79 64 5264.200
79 65 6494.900
79 66 6476.900
79 67 7630.600
79 68 8871.100
79 69 3861.200
79 70 3116.400
79 71 5614.200
79 72 4403.800
79 73 8356.100
79 74 2576.500
79 75 5721.200
79 76 7646.500
79 77 6267.800
79 78 7927.500
79 79 0.000
79 80 5824.700
79 81 6675.700
79 82 6416.700
79 83 8681.500
79 84 7472.700
79 85 9176.200
79 86 5079.500
79 87 9244.200
79 88 3149.300
79 89 6161.500
79 90 7794.900
79 91 5421.100
79 92 5144.800
79 93 8677.200
79 94 7702.600
79 95 6868.100
79 96 9821.600
79 97 3503.100
79 98 3558.700
79 99 4527.600
79 100 7050.300
80 0 7805.900
80 1 1689.300
80 2 9580.600
80 3 6698.600
80 4 6882.400
80 5 5606.900
80 6 5655.900
80 7 7498.900
80 8 7561.200
80 9 9442.300
80 10 2932.000
80 11 8366.600
80 12 9841.000
80 13 13721.800
80 14 4032.500
80 15 7368.700
80 16 4083.100
80 17 8238.200
80 18 4358.800
80 19 10303.900
80 20 2609.000
80 21 12130.700
80 22 8347.700
80 23 8661.500
80 24 4919.400
80 25 4216.500
80 26 5519.300
80 27 1635.300
80 28 8750.800
80 29 9713.300
80 30 1352.400
80 31 9965.400
80 32 7415.200
80 33 9557.500
80 34 2753.700
80 35 12160.800
80 36 12664.900
80 37 5868.400
80 38 7471.800
80 39 8405.700
80 40 13158.600
80 41 12697.600
80 42 8083.000
80 43 7142.500
80 44 9134.600
80 45 7103.100
80 46 10996.600
80 47 11384.200
80 48 6861.900
80 49 7549.500
80 50 1105.200
80 51 10015.700
80 52 11494.500
80 53 4141.400
80 54 10568.600
80 55 13757.400
80 56 2781.100
80 57 10305.700
80 58 10422.100
80 59 4868.400
80 60 8340.500
80 61 9196.800
80 62 12556.200
80 63 8857.300
80 64 8389.200
80 65 2838.100
80 66 811.400
80 67 3973.800
80 68 2645.000
80 69 2306.500
80 70 3591.100
80 71 8235.300
80 72 5391.700
80 73 8509.300
80 74 5178.200
80 75 9007.300
80 76 10771.500
80 77 9392.800
80 78 12664.700
80 79 4888.500
80 80 0.000
80 81 10154.700
80 82 7264.800
80 83 11806.400
80 84 1678.700
80 85 12301.100
80 86 1568.200
80 87 11523.100
80 88 5791.000
80 89 7893.300
80 90 7687.400
80 91 8544.000
80 92 9882.000
80 93 10956.100
80 94 9966.800
80 95 9993.000
80 96 12100.500
80 97 2310.200
80 98 5690.900
80 99 802.800
80 100 6708.100
81 0 7481.300
81 1 9088.400
81 2 7886.200
81 3 5566.500
81 4 7699.400
81 5 8895.200
81 6 11317.400
81 7 4229.100
81 8 4338.000
81 9 2094.500
81 10 8270.200
81 11 3359.000
81 12 3232.500
81 13 8270.100
81 14 7532.200
81 15 7674.800
81 16 10115.700
81 17 4877.400
81 18 6583.300
81 19 1421.400
81 20 8604.200
81 21 8149.300
81 22 8978.900
81 23 8337.300
81 24 8614.700
81 25 11962.600
81 26 9982.800
81 27 10816.100
81 28 7039.200
81 29 3341.200
81 30 11129.200
81 31 8253.800
81 32 9088.600
81 33 7084.600
81 34 13367.900
81 35 7885.600
81 36 9328.400
81 37 7576.300
81 38 4621.700
81 39 4080.400
81 40 8734.600
81 41 8334.900
81 42 3010.800
81 43 4922.400
81 44 5852.900
81 45 4368.000
81 46 4313.500
81 47 7023.300
81 48 9120.800
81 49 4051.500
81 50 12371.900
81 51 5688.900
81 52 6794.500
81 53 8244.800
81 54 8857.000
81 55 10311.200
81 56 9969.400
81 57 8452.900
81 58 8569.200
81 59 13142.100
81 60 7425.200
81 61 2425.900
81 62 7361.800
81 63 2189.700
81 64 2534.500
81 65 10808.600
81 66 11949.700
81 67 9689.100
81 68 13487.900
81 69 9334.000
81 70 8589.100
81 71 5378.300
81 72 8572.300
81 73 10546.200
81 74 6582.400
81 75 5485.400
81 76 5405.700
81 77 5987.100
81 78 2396.600
81 79 6225.500
81 80 11297.500
81 81 0.000
81 82 6437.700
81 83 7443.700
81 84 12945.400
81 85 7938.400
81 86 9633.900
81 87 9811.500
81 88 5151.700
81 89 7867.300
81 90 8930.100
81 91 3272.700
81 92 1643.200
81 93 9244.500
81 94 8270.000
81 95 4973.600
81 96 8952.800
81 97 8892.000
81 98 7650.300
81 99 10000.300
81 100 9251.300
82 0 1786.600
82 1 7821.200
82 2 2315.800
82 3 2316.800
82 4 2004.700
82 5 3200.400
82 6 9743.400
82 7 2271.300
82 8 4599.000
82 9 5690.600
82 10 7635.500
82 11 7819.000
82 12 7883.900
82 13 7711.100
82 14 4893.700
82 15 1748.900
82 16 4421.000
82 17 2852.500
82 18 4831.000
82 19 6161.500
82 20 7042.900
82 21 4865.900
82 22 3491.200
82 23 3116.400
82 24 4129.700
82 25 6267.900
82 26 4056.900
82 27 7767.200
82 28 1486.000
82 29 5213.300
82 30 6525.100
82 31 2700.600
82 32 3183.900
82 33 2292.700
82 34 9326.200
82 35 6028.800
82 36 5400.100
82 37 1881.600
82 38 8045.500
82 39 4122.100
82 40 5893.700
82 41 6106.800
82 42 7150.000
82 43 2780.600
82 44 4428.200
82 45 3746.800
82 46 5496.800
82 47 6330.800
82 48 3194.900
82 49 3049.500
82 50 7046.500
82 51 4116.200
82 52 4229.700
82 53 5420.600
82 54 3303.800
82 55 6492.600
82 56 5604.400
82 57 3040.900
82 58 3157.200
82 59 7447.400
82 60 1664.300
82 61 7145.300
82 62 5590.800
82 63 5895.200
82 64 3889.200
82 65 5113.900
82 66 8443.800
82 67 3994.300
82 68 7793.200
82 69 5871.400
82 70 5725.300
82 71 1501.800
82 72 2877.600
82 73 4278.000
82 74 3793.900
82 75 1742.500
82 76 5251.800
82 77 3462.900
82 78 8051.400
82 79 5322.800
82 80 7791.600
82 81 5654.800
82 82 0.000
82 83 5990.500
82 84 7728.900
82 85 5823.300
82 86 7700.100
82 87 4258.200
82 88 3577.700
82 89 2172.500
82 90 2763.500
82 91 5581.800
82 92 7298.000
82 93 3691.300
82 94 2701.900
82 95 5286.600
82 96 4835.600
82 97 8442.100
82 98 3165.300
82 99 6934.700
82 100 2972.300
83 0 8670.200
83 1 10127.300
83 2 6655.300
83 3 6660.900
83 4 8888.300
83 5 10084.100
83 6 12404.800
83 7 5313.200
83 8 7251.500
83 9 7735.800
83 10 10423.100
83 11 10471.400
83 12 10536.300
83 13 2371.800
83 14 8448.300
83 15 6912.600
83 16 11304.600
83 17 5252.000
83 18 7499.300
83 19 8206.700
83 20 9643.100
83 21 1975.400
83 22 7470.400
83 23 6300.800
83 24 9709.100
83 25 13151.500
83 26 9220.600
83 27 11855.000
83 28 5808.200
83 29 5522.800
83 30 12168.100
83 31 4076.800
83 32 8207.700
83 33 4541.100
83 34 14455.200
83 35 1641.700
83 36 3154.500
83 37 8765.200
83 38 10713.900
83 39 5221.100
83 40 2560.700
83 41 1602.900
83 42 9802.400
83 43 6006.600
83 44 4960.400
83 45 5812.400
83 46 3018.700
83 47 2050.600
83 48 8358.600
83 49 5094.700
83 50 14175.500
83 51 3024.400
83 52 2613.000
83 53 9160.900
83 54 3546.500
83 55 4291.600
83 56 11008.200
83 57 4250.600
83 58 4366.900
83 59 14331.000
83 60 7043.500
83 61 9797.700
83 62 749.800
83 63 8547.600
83 64 5934.400
83 65 11997.500
83 66 13736.900
83 67 10877.900
83 68 15630.200
83 69 10372.900
83 70 9628.000
83 71 6462.500
83 72 9761.200
83 73 8199.500
83 74 7676.800
83 75 5419.600
83 76 1969.200
83 77 3621.000
83 78 7380.500
83 79 7991.200
83 80 13101.100
83 81 7700.000
83 82 7454.000
83 83 0.000
83 84 14749.100
83 85 1358.900
83 86 11591.100
83 87 3747.900
83 88 6246.100
83 89 9248.800
83 90 8166.500
83 91 8234.300
83 92 9343.200
83 93 3409.400
83 94 4374.400
83 95 3694.900
83 96 2922.800
83 97 11044.800
83 98 8744.700
83 99 11039.200
83 100 8135.900
84 0 6277.300
84 1 3355.300
84 2 9603.200
84 3 8364.500
84 4 6257.800
84 5 4940.900
84 6 5432.800
84 7 9164.800
84 8 9227.100
84 9 11108.300
84 10 4597.900
84 11 10032.600
84 12 11506.900
84 13 15387.800
84 14 5698.400
84 15 7391.300
84 16 4105.700
84 17 9904.100
84 18 6024.700
84 19 11969.800
84 20 4274.900
84 21 12153.300
84 22 8370.300
84 23 8684.100
84 24 6585.400
84 25 2537.800
84 26 5541.900
84 27 3301.300
84 28 8773.400
84 29 11379.200
84 30 1813.500
84 31 9988.100
84 32 7437.800
84 33 9580.100
84 34 1911.800
84 35 13316.300
84 36 12687.600
84 37 5891.100
84 38 9137.800
84 39 10071.600
84 40 13181.200
84 41 14363.600
84 42 9748.900
84 43 8808.400
84 44 10800.600
84 45 8769.000
84 46 12662.500
84 47 13050.200
84 48 6884.500
84 49 9215.400
84 50 661.100
84 51 11681.700
84 52 11517.100
84 53 5807.300
84 54 10591.200
84 55 13780.000
84 56 4447.000
84 57 10328.300
84 58 10444.700
84 59 3644.500
84 60 8363.100
84 61 10862.800
84 62 14222.200
84 63 10523.300
84 64 10055.100
84 65 2892.100
84 66 2489.100
84 67 3617.800
84 68 966.300
84 69 3972.400
84 70 5257.000
84 71 8257.900
84 72 4767.100
84 73 8531.900
84 74 6844.100
84 75 9029.900
84 76 12437.400
84 77 11058.700
84 78 14330.600
84 79 6554.400
84 80 1677.700
84 81 11820.700
84 82 7287.400
84 83 13472.300
84 84 0.000
84 85 13967.100
84 86 3234.200
84 87 11545.700
84 88 7456.900
84 89 7915.900
84 90 7710.000
84 91 10209.900
84 92 11548.000
84 93 10978.700
84 94 9989.400
84 95 11659.000
84 96 12123.100
84 97 3976.100
84 98 7356.800
84 99 2468.800
84 100 6730.700
85 0 6556.000
85 1 11040.700
85 2 4671.700
85 3 7574.300
85 4 6774.100
85 5 7969.900
85 6 13318.100
85 7 5138.000
85 8 8164.800
85 9 8649.200
85 10 11336.500
85 11 11384.800
85 12 11449.700
85 13 2828.800
85 14 9361.700
85 15 5652.900
85 16 9190.500
85 17 4859.900
85 18 8412.700
85 19 9120.100
85 20 10556.500
85 21 715.800
85 22 6210.700
85 23 5041.100
85 24 8899.100
85 25 11037.400
85 26 7960.900
85 27 12768.400
85 28 3772.500
85 29 6436.200
85 30 11294.600
85 31 2817.100
85 32 6948.000
85 33 3387.800
85 34 15368.600
85 35 2555.100
85 36 1894.900
85 37 6651.100
85 38 11627.300
85 39 6134.500
85 40 1301.100
85 41 1641.300
85 42 10715.800
85 43 5630.100
85 44 5873.800
85 45 6725.800
85 46 3818.800
85 47 2964.000
85 48 7098.900
85 49 6008.100
85 50 11816.000
85 51 2438.200
85 52 1460.000
85 53 10074.300
85 54 2286.900
85 55 3031.900
85 56 10373.800
85 57 2990.900
85 58 3107.300
85 59 12216.900
85 60 5783.800
85 61 10711.100
85 62 1663.200
85 63 9461.000
85 64 6847.800
85 65 9883.400
85 66 14650.300
85 67 8763.800
85 68 12562.700
85 69 11286.300
85 70 10541.400
85 71 5427.500
85 72 7647.100
85 73 6939.800
85 74 8590.200
85 75 4372.600
85 76 2882.600
85 77 3092.400
85 78 8180.600
85 79 8904.600
85 80 14014.500
85 81 8613.300
85 82 5512.500
85 83 913.400
85 84 12498.400
85 85 0.000
85 86 12504.500
85 87 2488.200
85 88 7159.500
85 89 6942.000
85 90 6906.800
85 91 9147.600
85 92 9519.800
85 93 2149.800
85 94 3114.700
85 95 4495.000
85 96 1663.100
85 97 11958.200
85 98 7934.800
85 99 11704.200
85 100 6876.300
86 0 8440.100
86 1 1522.300
86 2 10214.900
86 3 6531.600
86 4 7516.600
86 5 6241.100
86 6 5178.100
86 7 7331.900
86 8 7394.200
86 9 9275.300
86 10 1363.800
86 11 7125.200
86 12 8599.600
86 13 13554.800
86 14 3865.500
86 15 8002.900
86 16 4717.300
86 17 8071.200
86 18 4191.800
86 19 9062.500
86 20 2442.000
86 21 12849.900
86 22 8981.900
86 23 9295.800
86 24 4752.400
86 25 6368.400
86 26 6153.500
86 27 1114.100
86 28 9385.000
86 29 9546.300
86 30 2633.900
86 31 10599.700
86 32 8049.400
86 33 9475.200
86 34 4762.900
86 35 11993.800
86 36 13299.200
86 37 6502.700
86 38 6230.500
86 39 8238.700
86 40 13435.200
86 41 12530.600
86 42 6841.600
86 43 6975.500
86 44 8967.600
86 45 6936.100
86 46 10829.600
86 47 11217.200
86 48 7496.100
86 49 7382.500
86 50 3242.800
86 51 9848.700
86 52 10851.400
86 53 3974.400
86 54 11202.900
86 55 14391.700
86 56 3317.300
86 57 10939.900
86 58 11056.300
86 59 5502.700
86 60 8974.700
86 61 7955.400
86 62 12389.200
86 63 8690.300
86 64 8222.200
86 65 3472.400
86 66 2820.600
86 67 4608.000
86 68 4782.600
86 69 2681.900
86 70 3424.100
86 71 8869.600
86 72 6026.000
86 73 9143.500
86 74 5011.200
86 75 8679.200
86 76 10604.500
86 77 9225.800
86 78 11423.300
86 79 4721.500
86 80 2168.400
86 81 9987.800
86 82 7899.100
86 83 11639.400
86 84 3816.300
86 85 12134.200
86 86 0.000
86 87 12157.300
86 88 5624.000
86 89 8527.600
86 90 8321.700
86 91 8377.000
86 92 8640.700
86 93 11590.400
86 94 10601.000
86 95 9826.100
86 96 12734.700
86 97 742.000
86 98 5523.900
86 99 635.900
86 100 7342.300
87 0 5577.300
87 1 11612.000
87 2 3687.300
87 3 5676.100
87 4 5795.400
87 5 6991.200
87 6 13114.000
87 7 5078.500
87 8 7960.700
87 9 8424.500
87 10 11132.400
87 11 11180.700
87 12 11245.600
87 13 4942.200
87 14 8684.500
87 15 4668.600
87 16 8211.800
87 17 4701.700
87 18 8208.600
87 19 8895.400
87 20 10352.400
87 21 1831.500
87 22 4045.000
87 23 2875.400
87 24 7920.500
87 25 10058.700
87 26 6437.400
87 27 11558.000
87 28 2793.800
87 29 6872.500
87 30 10315.900
87 31 1838.400
87 32 4782.200
87 33 3066.200
87 34 13117.000
87 35 4763.400
87 36 1744.100
87 37 5672.400
87 38 11423.200
87 39 5922.900
87 40 2237.700
87 41 2741.900
87 42 10511.700
87 43 5587.700
87 44 5736.000
87 45 6514.200
87 46 4953.700
87 47 5153.800
87 48 5436.400
87 49 5783.400
87 50 10837.300
87 51 3573.000
87 52 2983.000
87 53 9211.400
87 54 1308.200
87 55 1211.800
87 56 9395.100
87 57 2012.200
87 58 2128.600
87 59 11238.200
87 60 4078.800
87 61 10507.000
87 62 3971.500
87 63 9256.900
87 64 6623.100
87 65 8904.700
87 66 12234.600
87 67 7785.100
87 68 11584.000
87 69 9662.200
87 70 9516.100
87 71 4448.900
87 72 6668.400
87 73 4774.100
87 74 7584.700
87 75 3732.100
87 76 5072.400
87 77 3262.700
87 78 9655.300
87 79 8700.500
87 80 11582.400
87 81 8388.700
87 82 4533.800
87 83 3221.600
87 84 11519.700
87 85 3054.400
87 86 11490.900
87 87 0.000
87 88 6955.400
87 89 5963.300
87 90 4428.200
87 91 8943.500
87 92 10031.900
87 93 589.800
87 94 2136.000
87 95 5629.900
87 96 1129.100
87 97 12232.900
87 98 6956.100
87 99 10725.500
87 100 4749.400
88 0 3497.700
88 1 3881.200
88 2 5233.800
88 3 1488.400
88 4 3715.800
88 5 4911.500
88 6 6172.300
88 7 2288.800
88 8 2351.100
88 9 4232.200
88 10 4177.000
88 11 5362.600
88 12 5635.900
88 13 8511.700
88 14 2202.200
88 15 3751.100
88 16 6132.100
88 17 3028.100
88 18 1253.200
88 19 5179.100
88 20 3397.000
88 21 7806.800
88 22 6109.300
88 23 6488.000
88 24 3097.100
88 25 7979.000
88 26 6026.400
88 27 5608.900
88 28 4386.700
88 29 4503.100
88 30 5921.900
88 31 5601.400
88 32 5176.800
88 33 4432.100
88 34 8222.800
88 35 6950.700
88 36 8985.900
88 37 3592.700
88 38 4467.800
88 39 3195.600
88 40 8392.100
88 41 7487.500
88 42 5078.900
88 43 1932.400
88 44 3924.500
88 45 1893.000
88 46 5786.500
88 47 6174.100
88 48 5187.800
88 49 2339.400
88 50 7164.600
88 51 4805.600
88 52 5808.300
88 53 2914.800
88 54 6204.600
88 55 9393.400
88 56 4762.100
88 57 5890.500
88 58 6006.900
88 59 8790.800
88 60 4722.900
88 61 4897.300
88 62 7346.100
88 63 3647.200
88 64 3179.000
88 65 6760.500
88 66 6742.400
88 67 5705.400
88 68 9136.600
88 69 4126.800
88 70 3381.900
88 71 3529.000
88 72 4588.700
88 73 6270.900
88 74 2719.200
88 75 3636.100
88 76 5561.300
88 77 4182.600
88 78 7341.300
88 79 1745.100
88 80 6090.200
88 81 4944.600
88 82 4331.500
88 83 6596.300
88 84 7738.200
88 85 7091.000
88 86 5345.000
88 87 7159.000
88 88 0.000
88 89 4076.300
88 90 5709.700
88 91 3333.900
88 92 4757.300
88 93 6592.000
88 94 5617.500
88 95 4782.900
88 96 7736.400
88 97 4798.700
88 98 3572.200
88 99 4793.100
88 100 4965.200
89 0 2531.200
89 1 6308.100
89 2 2960.200
89 3 1166.000
89 4 2749.300
89 5 3945.100
89 6 8592.700
89 7 1584.600
89 8 3448.300
89 9 5329.400
89 10 6603.900
89 11 6668.200
89 12 6733.100
89 13 8669.900
89 14 4978.200
89 15 2559.800
89 16 5165.700
89 17 2375.800
89 18 3680.200
89 19 5629.400
89 20 5823.900
89 21 5510.200
89 22 4302.100
89 23 3927.300
89 24 4214.200
89 25 7012.600
89 26 4867.800
89 27 8511.900
89 28 2130.300
89 29 4681.200
89 30 7269.800
89 31 3345.000
89 32 3994.800
89 33 2782.000
89 34 10070.900
89 35 6518.200
89 36 6044.500
89 37 2626.300
89 38 6894.700
89 39 3590.000
89 40 6538.100
89 41 6751.200
89 42 5999.200
89 43 1547.100
89 44 4097.800
89 45 2826.100
89 46 5519.300
89 47 6324.900
89 48 4005.800
89 49 2517.500
89 50 7791.200
89 51 4138.600
89 52 4719.000
89 53 5505.100
89 54 3948.200
89 55 7137.000
89 56 6349.000
89 57 3554.500
89 58 3670.900
89 59 8192.100
89 60 2475.200
89 61 5994.500
89 62 6080.100
89 63 4744.400
89 64 3357.100
89 65 5858.600
89 66 9188.500
89 67 4739.000
89 68 8537.900
89 69 6616.100
89 70 5808.800
89 71 848.900
89 72 3622.300
89 73 5088.900
89 74 3878.400
89 75 2083.300
89 76 5274.300
89 77 3485.400
89 78 7519.300
89 79 4172.100
89 80 8536.300
89 81 5122.700
89 82 1487.700
89 83 6754.500
89 84 8473.600
89 85 7249.300
89 86 8444.800
89 87 4902.600
89 88 2427.000
89 89 0.000
89 90 3574.400
89 91 4431.100
89 92 5854.500
89 93 4335.600
89 94 3346.300
89 95 4956.200
89 96 5480.000
89 97 7225.700
89 98 3249.800
89 99 7679.400
89 100 3783.200
90 0 3678.200
90 1 7798.500
90 2 2937.800
90 3 3930.900
90 4 3896.300
90 5 4204.400
90 6 10493.800
90 7 4078.500
90 8 6213.100
90 9 8094.200
90 10 8523.900
90 11 9433.000
90 12 9498.000
90 13 8125.600
90 14 6507.800
90 15 1753.000
90 16 4398.300
90 17 4659.700
90 18 6445.000
90 19 7968.600
90 20 7931.300
90 21 5530.400
90 22 1497.000
90 23 1122.100
90 24 5743.700
90 25 6214.400
90 26 2425.100
90 27 7744.500
90 28 3213.900
90 29 7020.400
90 30 6502.400
90 31 4028.000
90 32 1228.500
90 33 4020.700
90 34 9303.500
90 35 7756.800
90 36 5443.000
90 37 3299.200
90 38 9659.600
90 39 5929.200
90 40 5936.600
90 41 6440.800
90 42 8764.100
90 43 4915.100
90 44 6156.100
90 45 5756.000
90 46 7224.800
90 47 8058.700
90 48 2078.200
90 49 4856.700
90 50 7023.800
90 51 5844.100
90 52 5957.700
90 53 7034.700
90 54 3888.400
90 55 5196.400
90 56 6521.900
90 57 4758.400
90 58 4874.700
90 59 7424.600
90 60 891.300
90 61 8759.300
90 62 7154.900
90 63 7509.200
90 64 5696.300
90 65 5091.200
90 66 8421.100
90 67 3940.800
90 68 7770.500
90 69 6759.800
90 70 7339.300
90 71 3309.000
90 72 3898.300
90 73 2322.600
90 74 5408.000
90 75 3549.600
90 76 6979.800
90 77 5190.900
90 78 9858.600
90 79 6936.900
90 80 7768.900
90 81 7461.900
90 82 2550.200
90 83 6405.100
90 84 7706.200
90 85 6237.800
90 86 7677.400
90 87 3984.600
90 88 5191.800
90 89 3786.600
90 90 0.000
90 91 7195.900
90 92 8619.300
90 93 4278.300
90 94 3258.900
90 95 7014.500
90 96 4828.000
90 97 8419.400
90 98 4779.400
90 99 6912.000
90 100 1391.200
91 0 4722.000
91 1 6158.600
91 2 6458.100
91 3 2712.800
91 4 4940.100
91 5 6135.900
91 6 8443.200
91 7 3513.100
91 8 1305.400
91 9 1886.500
91 10 6454.400
91 11 3225.400
91 12 3290.300
91 13 9736.000
91 14 4479.700
91 15 4975.400
91 16 7356.400
91 17 4252.400
91 18 3530.700
91 19 2833.500
91 20 5674.400
91 21 9031.100
91 22 7333.600
91 23 7712.300
91 24 5760.900
91 25 9203.300
91 26 7250.700
91 27 7886.300
91 28 5611.000
91 29 3900.000
91 30 8199.400
91 31 6825.700
91 32 6401.100
91 33 5656.400
91 34 10493.600
91 35 8175.000
91 36 10210.200
91 37 4817.100
91 38 4167.400
91 39 4222.500
91 40 9616.400
91 41 8711.800
91 42 2556.400
91 43 3156.700
91 44 5148.800
91 45 2919.900
91 46 6979.100
91 47 7398.500
91 48 6412.100
91 49 3563.700
91 50 10213.900
91 51 6029.900
91 52 7032.600
91 53 5192.300
91 54 7428.900
91 55 10617.700
91 56 7039.600
91 57 7114.900
91 58 7231.200
91 59 10382.800
91 60 5947.200
91 61 2551.600
91 62 8570.400
91 63 1301.500
91 64 3093.300
91 65 8049.300
91 66 9019.900
91 67 6929.800
91 68 10728.700
91 69 6404.200
91 70 5659.300
91 71 4753.300
91 72 5813.000
91 73 7495.200
91 74 3728.600
91 75 4860.400
91 76 6785.700
91 77 5407.000
91 78 5062.200
91 79 4022.600
91 80 9139.600
91 81 2665.500
91 82 5555.900
91 83 7820.600
91 84 10787.500
91 85 8315.400
91 86 7622.400
91 87 8383.300
91 88 2277.500
91 89 5300.600
91 90 6934.000
91 91 0.000
91 92 2411.600
91 93 7816.400
91 94 6841.800
91 95 6007.300
91 96 8960.700
91 97 7076.200
91 98 4796.500
91 99 7070.500
91 100 6189.500
92 0 6687.200
92 1 8021.100
92 2 8978.200
92 3 4678.000
92 4 6905.300
92 5 8101.100
92 6 10408.400
92 7 5270.000
92 8 3270.600
92 9 2577.900
92 10 7202.900
92 11 1927.000
92 12 1635.400
92 13 9362.100
92 14 6464.900
92 15 6940.700
92 16 9321.600
92 17 5918.400
92 18 5516.000
92 19 1127.800
92 20 7536.900
92 21 9241.300
92 22 9298.900
92 23 9378.300
92 24 7726.100
92 25 11168.500
92 26 9215.900
92 27 9748.800
92 28 8131.200
92 29 4382.200
92 30 10061.900
92 31 9345.800
92 32 8366.300
92 33 7277.500
92 34 12458.800
92 35 8977.600
92 36 10420.400
92 37 6782.300
92 38 3554.400
92 39 5121.400
92 40 9826.600
92 41 9426.900
92 42 1943.500
92 43 5121.900
92 44 6944.800
92 45 4885.100
92 46 5405.500
92 47 8115.200
92 48 8377.400
92 49 5092.400
92 50 11304.500
92 51 6780.900
92 52 7886.500
92 53 7177.500
92 54 9949.000
92 55 11403.200
92 56 8902.100
92 57 8735.900
92 58 8852.200
92 59 12348.000
92 60 7912.400
92 61 993.900
92 62 8453.800
92 63 2020.800
92 64 3575.400
92 65 10014.500
92 66 10882.400
92 67 8895.000
92 68 12693.900
92 69 8266.700
92 70 7521.800
92 71 6419.300
92 72 7778.200
92 73 9460.400
92 74 5693.800
92 75 6526.300
92 76 6497.700
92 77 7028.000
92 78 3488.600
92 79 5158.200
92 80 10230.200
92 81 2236.800
92 82 7521.100
92 83 8535.600
92 84 11878.100
92 85 9030.400
92 86 8566.600
92 87 10903.400
92 88 4242.700
92 89 7265.800
92 90 8899.200
92 91 2205.400
92 92 0.000
92 93 10336.500
92 94 9361.900
92 95 6065.500
92 96 10044.700
92 97 7824.600
92 98 6761.700
92 99 8933.000
92 100 8154.700
93 0 5662.000
93 1 11696.600
93 2 3777.600
93 3 5760.700
93 4 5880.100
93 5 7075.800
93 6 13198.600
93 7 5163.100
93 8 8045.400
93 9 8509.100
93 10 11217.000
93 11 11265.300
93 12 11330.200
93 13 4358.800
93 14 8769.100
93 15 4758.800
93 16 8296.400
93 17 4786.300
93 18 8293.200
93 19 8980.000
93 20 10437.000
93 21 1513.600
93 22 4312.400
93 23 3142.700
93 24 8005.100
93 25 10143.300
93 26 6704.800
93 27 11642.600
93 28 2878.400
93 29 6957.100
93 30 10400.500
93 31 1923.100
93 32 5049.600
93 33 3150.800
93 34 13201.600
93 35 4286.800
93 36 2047.800
93 37 5757.000
93 38 11507.800
93 39 6007.500
93 40 2541.500
93 41 2754.600
93 42 10596.300
93 43 5672.300
93 44 5820.600
93 45 6598.800
93 46 4862.700
93 47 4688.800
93 48 5703.700
93 49 5868.000
93 50 10921.900
93 51 3482.000
93 52 2387.000
93 53 9296.000
93 54 1392.800
93 55 1801.600
93 56 9479.800
93 57 2096.900
93 58 2213.200
93 59 11322.800
93 60 4346.200
93 61 10591.600
93 62 3388.100
93 63 9341.500
93 64 6707.700
93 65 8989.300
93 66 12319.200
93 67 7869.700
93 68 11668.600
93 69 9746.800
93 70 9600.700
93 71 4533.500
93 72 6753.000
93 73 5041.400
93 74 7669.300
93 75 3816.700
93 76 4607.400
93 77 3347.300
93 78 9739.900
93 79 8785.100
93 80 11667.000
93 81 8473.300
93 82 4618.400
93 83 2638.200
93 84 11604.300
93 85 2471.000
93 86 11575.500
93 87 589.800
93 88 7040.000
93 89 6047.900
93 90 4695.500
93 91 9028.100
93 92 10116.500
93 93 0.000
93 94 2220.600
93 95 5538.900
93 96 1483.400
93 97 12317.500
93 98 7040.700
93 99 10810.100
93 100 5016.800
94 0 4073.500
94 1 10108.100
94 2 1844.200
94 3 4172.200
94 4 4291.600
94 5 5487.400
94 6 11627.100
94 7 3574.600
94 8 6473.800
94 9 6993.900
94 10 9645.500
94 11 9693.800
94 12 9758.700
94 13 5678.600
94 14 7180.600
94 15 2825.400
94 16 6707.900
94 17 3197.900
94 18 6721.700
94 19 7464.700
94 20 8865.500
94 21 2833.500
94 22 4128.100
94 23 3622.900
94 24 6416.600
94 25 8554.800
94 26 5133.400
94 27 10054.200
94 28 1290.000
94 29 5922.900
94 30 8812.100
94 31 1031.100
94 32 4237.900
94 33 2096.700
94 34 11613.100
94 35 5606.600
94 36 3367.700
94 37 4168.600
94 38 9936.300
94 39 4436.000
94 40 3861.300
94 41 4074.400
94 42 9024.800
94 43 4083.900
94 44 4232.200
94 45 5027.300
94 46 4888.400
94 47 6008.600
94 48 4271.400
94 49 4352.800
94 50 9333.500
94 51 3507.800
94 52 2976.900
94 53 7707.600
94 54 891.500
94 55 4161.700
94 56 7891.300
94 57 1761.500
94 58 1877.800
94 59 9734.300
94 60 2956.300
94 61 9020.100
94 62 4707.900
94 63 7983.800
94 64 5192.500
94 65 7400.800
94 66 10730.800
94 67 6281.300
94 68 10080.200
94 69 8158.300
94 70 8012.200
94 71 2945.000
94 72 5164.500
94 73 5521.600
94 74 6080.900
94 75 2228.300
94 76 4643.500
94 77 3266.900
94 78 8151.500
94 79 7213.600
94 80 10078.600
94 81 6958.000
94 82 3029.900
94 83 3958.100
94 84 10015.800
94 85 3790.800
94 86 9987.000
94 87 2248.700
94 88 5468.500
94 89 4459.500
94 90 4079.300
94 91 7456.600
94 92 8601.300
94 93 1658.900
94 94 0.000
94 95 5090.600
94 96 2803.200
94 97 10729.000
94 98 5452.200
94 99 9221.700
94 100 4048.800
95 0 7706.800
95 1 9305.000
95 2 5864.500
95 3 5838.600
95 4 7924.900
95 5 9120.700
95 6 11582.400
95 7 4483.400
95 8 6429.100
95 9 5680.700
95 10 9600.800
95 11 6945.200
95 12 6818.700
95 13 5312.900
95 14 7626.000
95 15 7645.600
95 16 10341.200
95 17 4461.200
95 18 6677.000
95 19 5007.500
95 20 8820.800
95 21 4512.000
95 22 8948.200
95 23 8306.700
95 24 8886.800
95 25 12188.100
95 26 9953.600
95 27 11032.700
95 28 5017.400
95 29 3071.500
95 30 11345.700
95 31 4339.700
95 32 9058.000
95 33 3871.500
95 34 13632.900
95 35 4162.500
95 36 5691.100
95 37 7801.900
95 38 8207.900
95 39 3610.400
95 40 5097.300
95 41 4697.500
95 42 6596.900
95 43 5176.700
95 44 3831.100
95 45 4982.600
95 46 676.200
95 47 3385.900
95 48 9091.600
95 49 4264.900
95 50 13353.200
95 51 2051.600
95 52 3157.200
95 53 8338.600
95 54 5420.800
95 55 6673.800
95 56 10185.900
95 57 4349.000
95 58 4465.400
95 59 13367.600
95 60 7650.700
95 61 6012.000
95 62 3724.500
95 63 5775.800
95 64 5104.500
95 65 11034.100
95 66 12914.500
95 67 9914.600
95 68 14807.900
95 69 9550.500
95 70 8805.700
95 71 5605.900
95 72 8797.800
95 73 10529.300
95 74 6854.500
95 75 4628.800
95 76 1764.700
95 77 2648.200
95 78 3890.100
95 79 7168.900
95 80 12278.800
95 81 4782.000
95 82 6663.200
95 83 3806.300
95 84 13926.800
95 85 4301.000
95 86 10768.800
95 87 6140.500
95 88 5423.800
95 89 8092.800
95 90 8899.500
95 91 6858.900
95 92 5229.400
95 93 5808.300
95 94 5200.500
95 95 0.000
95 96 5315.400
95 97 10222.500
95 98 7922.400
95 99 10216.900
95 100 8868.900
96 0 6080.000
96 1 12114.600
96 2 4190.000
96 3 6178.700
96 4 6298.100
96 5 7493.800
96 6 13616.700
96 7 5581.100
96 8 8463.400
96 9 8927.100
96 10 11635.000
96 11 11683.300
96 12 11748.200
96 13 4756.100
96 14 9187.100
96 15 5171.200
96 16 8714.400
96 17 5204.400
96 18 8711.300
96 19 9398.000
96 20 10855.000
96 21 1645.400
96 22 4547.600
96 23 3378.000
96 24 8423.100
96 25 10561.300
96 26 6940.100
96 27 12060.600
96 28 3296.400
96 29 7375.100
96 30 10818.600
96 31 2341.100
96 32 5284.900
96 33 3568.800
96 34 13619.600
96 35 4577.300
96 36 1558.000
96 37 6175.000
96 38 11925.800
96 39 6425.500
96 40 2051.600
96 41 2555.800
96 42 11014.400
96 43 6090.300
96 44 6238.700
96 45 7016.800
96 46 5272.600
96 47 4967.700
96 48 5939.000
96 49 6286.100
96 50 11340.000
96 51 3892.000
96 52 2796.900
96 53 9714.000
96 54 1810.800
96 55 2351.900
96 56 9897.800
96 57 2514.900
96 58 2631.200
96 59 11740.800
96 60 4581.500
96 61 11009.600
96 62 3785.300
96 63 9759.500
96 64 7125.700
96 65 9407.300
96 66 12737.200
96 67 8287.700
96 68 12086.600
96 69 10164.800
96 70 10018.700
96 71 4951.500
96 72 7171.000
96 73 5276.700
96 74 8087.400
96 75 4234.700
96 76 4886.300
96 77 3765.300
96 78 10158.000
96 79 9203.100
96 80 12085.000
96 81 8891.300
96 82 5036.400
96 83 3035.500
96 84 12022.300
96 85 2868.300
96 86 11993.500
96 87 825.000
96 88 7458.000
96 89 6466.000
96 90 4930.800
96 91 9446.200
96 92 10534.500
96 93 1092.400
96 94 2638.700
96 95 5948.800
96 96 0.000
96 97 12735.500
96 98 7458.700
96 99 11228.100
96 100 5252.000
97 0 6924.700
97 1 2145.000
97 2 9914.600
97 3 6169.300
97 4 6905.100
97 5 5588.300
97 6 4436.100
97 7 6969.700
97 8 7032.000
97 9 8563.900
97 10 621.800
97 11 6383.300
97 12 7857.600
97 13 13192.600
97 14 3503.200
97 15 8744.900
97 16 5459.300
97 17 7709.000
97 18 3829.600
97 19 8320.500
97 20 2079.700
97 21 12487.700
97 22 9723.900
97 23 10037.800
97 24 4390.200
97 25 7110.400
97 26 6895.500
97 27 1856.100
97 28 9067.600
97 29 9184.000
97 30 3375.900
97 31 10282.200
97 32 8791.400
97 33 9113.000
97 34 6486.600
97 35 11631.600
97 36 13666.800
97 37 7244.700
97 38 5488.500
97 39 7876.500
97 40 13073.000
97 41 12168.400
97 42 6099.600
97 43 6613.300
97 44 8605.400
97 45 6573.800
97 46 10467.300
97 47 10855.000
97 48 8238.100
97 49 7020.300
97 50 3984.800
97 51 9486.500
97 52 10489.100
97 53 3683.000
97 54 10885.400
97 55 14074.200
97 56 3025.900
97 57 10571.400
97 58 10687.800
97 59 6244.700
97 60 9716.700
97 61 7213.500
97 62 12027.000
97 63 8006.800
97 64 7859.900
97 65 4214.400
97 66 3562.600
97 67 5350.000
97 68 5524.600
97 69 2390.500
97 70 3061.900
97 71 8209.900
97 72 5414.500
97 73 9885.500
97 74 4649.000
97 75 8316.900
97 76 10242.200
97 77 8863.500
97 78 10681.300
97 79 4359.200
97 80 2910.400
97 81 9429.500
97 82 8641.100
97 83 11277.200
97 84 4558.300
97 85 11771.900
97 86 742.000
97 87 11839.900
97 88 5261.700
97 89 9269.600
97 90 9063.700
97 91 8174.900
97 92 7898.700
97 93 11272.900
97 94 10298.300
97 95 9463.800
97 96 12417.300
97 97 0.000
97 98 5161.600
97 99 1377.800
97 100 8084.300
98 0 1814.200
98 1 4067.800
98 2 4431.400
98 3 2537.000
98 4 2032.300
98 5 3228.000
98 6 6359.000
98 7 3880.100
98 8 4819.300
98 9 6700.400
98 10 4363.600
98 11 6699.000
98 12 8104.100
98 13 10980.900
98 14 1666.400
98 15 3467.400
98 16 4448.600
98 17 4671.200
98 18 2551.900
98 19 7647.300
98 20 3583.600
98 21 6981.400
98 22 5825.600
98 23 5463.900
98 24 964.400
98 25 6295.500
98 26 4714.100
98 27 5795.500
98 28 3601.500
98 29 6755.000
98 30 6552.700
98 31 4816.200
98 32 4893.100
98 33 4253.200
98 34 8218.200
98 35 7989.400
98 36 7515.700
98 37 1909.200
98 38 5804.200
98 39 5663.800
98 40 8009.300
98 41 8222.400
98 42 6415.400
98 43 3521.300
98 44 6393.700
98 45 4362.200
98 46 7814.800
98 47 8643.300
98 48 4330.400
98 49 4808.600
98 50 5938.600
98 51 6434.100
98 52 6190.200
98 53 2255.300
98 54 5419.400
98 55 8608.200
98 56 4350.400
98 57 5025.700
98 58 5142.100
98 59 6339.400
98 60 3946.400
98 61 7365.500
98 62 7551.300
98 63 6115.400
98 64 5430.900
98 65 5141.500
98 66 7233.100
98 67 4021.900
98 68 6685.200
98 69 4617.400
98 70 2490.000
98 71 2734.800
98 72 2905.200
98 73 5987.200
98 74 982.200
98 75 3683.100
98 76 7569.800
98 77 5780.900
98 78 9593.100
98 79 3081.500
98 80 6580.900
98 81 7196.500
98 82 2420.300
98 83 9065.500
98 84 6620.900
98 85 9560.200
98 86 5531.600
98 87 6373.800
98 88 3798.000
98 89 2392.800
98 90 5425.900
98 91 5802.100
98 92 7225.500
98 93 5806.800
98 94 4817.500
98 95 7252.100
98 96 6951.200
98 97 4985.400
98 98 0.000
98 99 4979.700
98 100 4681.400
99 0 6580.100
99 1 886.500
99 2 10175.700
99 3 5895.700
99 4 6560.600
99 5 5243.800
99 6 4853.100
99 7 6696.000
99 8 6758.400
99 9 8639.500
99 10 2174.800
99 11 7563.800
99 12 9038.100
99 13 12919.000
99 14 3229.600
99 15 7963.800
99 16 4678.100
99 17 7435.400
99 18 3556.000
99 19 9501.000
99 20 1806.100
99 21 12214.100
99 22 8942.700
99 23 9256.600
99 24 4116.600
99 25 6329.200
99 26 6114.400
99 27 1074.900
99 28 9345.900
99 29 8910.400
99 30 2594.700
99 31 10560.500
99 32 8010.200
99 33 8839.400
99 34 4723.800
99 35 11358.000
99 36 13260.000
99 37 6463.500
99 38 6669.000
99 39 7602.800
99 40 12799.300
99 41 11894.800
99 42 7280.100
99 43 6339.600
99 44 8331.800
99 45 6300.200
99 46 10193.700
99 47 10581.400
99 48 7456.900
99 49 6746.700
99 50 3203.600
99 51 9212.900
99 52 10215.500
99 53 3338.500
99 54 11163.700
99 55 14352.500
99 56 2681.400
99 57 10900.800
99 58 11017.100
99 59 5463.500
99 60 8935.500
99 61 8394.000
99 62 11753.400
99 63 8054.500
99 64 7586.300
99 65 3433.200
99 66 2781.400
99 67 4568.900
99 68 4743.500
99 69 2046.000
99 70 2788.300
99 71 7936.200
99 72 5069.900
99 73 9104.300
99 74 4375.300
99 75 8043.300
99 76 9968.600
99 77 8589.900
99 78 11861.900
99 79 4085.600
99 80 2129.200
99 81 9351.900
99 82 7859.900
99 83 11003.500
99 84 3777.200
99 85 11498.300
99 86 811.000
99 87 12118.100
99 88 4988.100
99 89 8488.400
99 90 8282.500
99 91 7741.200
99 92 9079.200
99 93 11551.200
99 94 10561.800
99 95 9190.200
99 96 12695.500
99 97 1553.000
99 98 4888.000
99 99 0.000
99 100 7303.100
100 0 3283.300
100 1 6825.900
100 2 3643.000
100 3 3535.900
100 4 3501.400
100 5 2715.200
100 6 9521.200
100 7 4879.000
100 8 5818.200
100 9 7699.300
100 10 7551.300
100 11 9038.100
100 12 9103.000
100 13 9380.700
100 14 6060.100
100 15 1358.100
100 16 3425.700
100 17 5482.400
100 18 6050.100
100 19 8646.200
100 20 6958.700
100 21 6535.600
100 22 2115.000
100 23 2428.800
100 24 5348.800
100 25 5241.800
100 26 1452.600
100 27 6771.900
100 28 3919.100
100 29 7843.200
100 30 5529.900
100 31 4733.200
100 32 1182.500
100 33 4725.800
100 34 8330.900
100 35 8462.000
100 36 7069.800
100 37 1810.000
100 38 9264.600
100 39 6752.000
100 40 7563.400
100 41 7776.500
100 42 8369.100
100 43 4520.200
100 44 6861.300
100 45 5361.000
100 46 7930.000
100 47 8763.900
100 48 717.800
100 49 5679.500
100 50 6051.300
100 51 6549.300
100 52 6662.900
100 53 6477.900
100 54 4593.600
100 55 6392.400
100 56 5135.900
100 57 5463.600
100 58 5579.900
100 59 6452.100
100 60 1817.800
100 61 8364.400
100 62 8410.000
100 63 7114.300
100 64 6519.100
100 65 4118.600
100 66 7448.500
100 67 2968.300
100 68 6797.900
100 69 5787.200
100 70 7940.900
100 71 3733.700
100 72 2409.100
100 73 2276.600
100 74 5013.100
100 75 4372.400
100 76 7685.000
100 77 5896.100
100 78 10681.400
100 79 6542.000
100 80 6796.300
100 81 8284.700
100 82 2742.200
100 83 7660.200
100 84 6733.600
100 85 7493.000
100 86 6704.800
100 87 5180.600
100 88 4796.900
100 89 3391.700
100 90 1454.700
100 91 6801.000
100 92 8224.400
100 93 5361.000
100 94 3964.100
100 95 7719.700
100 96 6505.300
100 97 7446.800
100 98 4384.400
100 99 5939.400
100 100 0.000
