# i j distance_m; Euclidean drone distance; depot 0 + customers 1..100
0 0 0.000
0 1 2409.288
0 2 3092.786
0 3 1596.362
0 4 3402.481
0 5 4853.943
0 6 350.089
0 7 6478.430
0 8 2451.253
0 9 5554.425
0 10 4823.193
0 11 1056.294
0 12 3450.353
0 13 5550.232
0 14 4668.730
0 15 3550.805
0 16 2612.110
0 17 5360.358
0 18 2465.405
0 19 5081.381
0 20 3415.560
0 21 3668.907
0 22 4685.667
0 23 1396.590
0 24 3615.764
0 25 3574.141
0 26 4710.945
0 27 3568.889
0 28 3348.016
0 29 4884.744
0 30 3002.495
0 31 1598.623
0 32 4946.861
0 33 2377.625
0 34 6539.410
0 35 2248.348
0 36 3114.030
0 37 2308.263
0 38 4125.758
0 39 5164.805
0 40 5822.209
0 41 2580.164
0 42 4612.313
0 43 1434.378
0 44 1893.157
0 45 2395.223
0 46 1195.502
0 47 2860.022
0 48 3955.293
0 49 2341.239
0 50 5707.291
0 51 5723.148
0 52 6014.995
0 53 3974.460
0 54 3026.809
0 55 776.769
0 56 3193.146
0 57 951.400
0 58 2224.554
0 59 4529.683
0 60 1614.040
0 61 4270.265
0 62 1829.079
0 63 3071.202
0 64 2093.571
0 65 1330.886
0 66 5205.525
0 67 2711.244
0 68 4874.219
0 69 3338.581
0 70 4962.597
0 71 1027.027
0 72 4372.600
0 73 2587.196
0 74 4233.325
0 75 2693.826
0 76 5423.330
0 77 2700.482
0 78 1512.238
0 79 4879.901
0 80 5357.169
0 81 5575.659
0 82 3172.390
0 83 4064.340
0 84 4617.200
0 85 3700.423
0 86 1962.035
0 87 851.543
0 88 5531.036
0 89 4270.497
0 90 3940.379
0 91 1784.028
0 92 2041.375
0 93 2937.229
0 94 4548.605
0 95 2976.051
0 96 5030.857
0 97 1115.166
0 98 1698.539
0 99 5565.170
0 100 1648.901
1 0 2409.288
1 1 0.000
1 2 2222.854
1 3 3665.608
1 4 4830.144
1 5 6845.789
1 6 2117.350
1 7 4223.915
1 8 4857.082
1 9 5914.712
1 10 2694.350
1 11 3087.713
1 12 1599.346
1 13 3182.396
1 14 3042.355
1 15 5266.535
1 16 908.590
1 17 7688.783
1 18 4190.544
1 19 7426.622
1 20 5046.951
1 21 6072.808
1 22 2920.392
1 23 1182.586
1 24 5865.883
1 25 3861.408
1 26 4994.020
1 27 2218.719
1 28 5255.888
1 29 7288.505
1 30 4767.544
1 31 3875.159
1 32 2543.926
1 33 4365.187
1 34 8906.113
1 35 3191.481
1 36 1248.810
1 37 3973.425
1 38 1907.360
1 39 2769.249
1 40 5378.784
1 41 4933.918
1 42 6982.711
1 43 2935.602
1 44 3652.363
1 45 4603.592
1 46 1817.528
1 47 4884.487
1 48 1567.855
1 49 1812.390
1 50 8115.495
1 51 5553.358
1 52 8422.767
1 53 1585.228
1 54 4259.459
1 55 2398.129
1 56 4072.225
1 57 2400.805
1 58 2777.835
1 59 6891.118
1 60 3992.670
1 61 6476.954
1 62 4236.000
1 63 819.773
1 64 4363.739
1 65 3203.242
1 66 7308.642
1 67 3966.028
1 68 7061.547
1 69 5742.223
1 70 4551.185
1 71 1390.014
1 72 6769.114
1 73 3569.738
1 74 1941.008
1 75 2262.135
1 76 5565.397
1 77 1117.330
1 78 3637.860
1 79 6739.572
1 80 6319.048
1 81 7975.262
1 82 5564.804
1 83 4851.534
1 84 5688.628
1 85 4992.772
1 86 2353.582
1 87 3059.006
1 88 3122.063
1 89 2436.757
1 90 5778.665
1 91 776.048
1 92 1321.358
1 93 5194.665
1 94 4528.612
1 95 4933.915
1 96 7430.793
1 97 3514.188
1 98 2134.416
1 99 6325.114
1 100 2653.312
2 0 3092.786
2 1 2222.854
2 2 0.000
2 3 4687.663
2 4 6363.634
2 5 5883.523
2 6 3031.552
2 7 5724.484
2 8 5033.671
2 9 3797.311
2 10 2423.001
2 11 4127.221
2 12 1258.196
2 13 4472.818
2 14 1715.307
2 15 6610.949
2 16 3130.024
2 17 7286.957
2 18 3342.910
2 19 7920.463
2 20 3902.587
2 21 6120.046
2 22 5009.198
2 23 2798.451
2 24 5417.402
2 25 1901.010
2 26 2895.778
2 27 662.709
2 28 6438.158
2 29 7502.166
2 30 6065.843
2 31 4653.540
2 32 3713.461
2 33 5468.721
2 34 8581.579
2 35 4891.842
2 36 3438.641
2 37 5323.382
2 38 2140.699
2 39 3488.776
2 40 3167.457
2 41 4851.744
2 42 6769.813
2 43 4312.954
2 44 3026.360
2 45 5456.771
2 46 3365.349
2 47 5952.394
2 48 3102.452
2 49 3892.537
2 50 8229.774
2 51 3332.834
2 52 8404.985
2 53 2605.591
2 54 2920.172
2 55 3599.645
2 56 2487.019
2 57 2346.762
2 58 1535.935
2 59 7347.616
2 60 4142.174
2 61 5882.390
2 62 4621.158
2 63 2883.888
2 64 4179.707
2 65 2899.639
2 66 6469.553
2 67 5565.384
2 68 6382.312
2 69 6035.562
2 70 2329.594
2 71 2402.351
2 72 7065.996
2 73 2247.031
2 74 3663.794
2 75 521.672
2 76 3394.136
2 77 1132.113
2 78 3426.030
2 79 5622.217
2 80 4471.785
2 81 7874.681
2 82 5567.796
2 83 3041.437
2 84 3969.920
2 85 3544.310
2 86 4186.127
2 87 3178.704
2 88 3990.093
2 89 1602.874
2 90 4741.380
2 91 1865.064
2 92 1181.965
2 93 4844.931
2 94 2354.400
2 95 4173.639
2 96 7358.599
2 97 4046.787
2 98 1503.080
2 99 4362.103
2 100 4255.504
3 0 1596.362
3 1 3665.608
3 2 4687.663
3 3 0.000
3 4 1980.714
3 5 5114.977
3 6 1694.004
3 7 7295.241
3 8 1960.178
3 9 6885.879
3 10 6273.439
3 11 589.776
3 12 4948.888
3 13 6564.481
3 14 6233.255
3 15 1984.935
3 16 3516.341
3 17 4946.311
3 18 3365.907
3 19 3833.718
3 20 4226.428
3 21 3008.698
3 22 5200.286
3 23 2486.725
3 24 3570.528
3 25 5029.591
3 26 6104.527
3 27 5144.947
3 28 1751.681
3 29 3894.835
3 30 1440.768
3 31 511.319
3 32 6068.525
3 33 781.284
3 34 5938.713
3 35 1588.027
3 36 3948.742
3 37 902.683
3 38 5527.917
3 39 6407.322
3 40 7351.504
3 41 2413.083
3 42 4093.879
3 43 926.609
3 44 2913.919
3 45 954.933
3 46 1898.564
3 47 1274.247
3 48 5070.364
3 49 2752.955
3 50 4753.710
3 51 7200.561
3 52 5162.639
3 53 5241.770
3 54 4171.005
3 55 1267.724
3 56 4487.232
3 57 2469.485
3 58 3733.460
3 59 3338.571
3 60 1679.278
3 61 4239.925
3 62 1322.055
3 63 4129.812
3 64 2336.187
3 65 2457.637
3 66 5276.398
3 67 1550.176
3 68 4825.721
3 69 2441.476
3 70 6503.539
3 71 2447.428
3 72 3343.248
3 73 3915.707
3 74 5206.975
3 75 4288.174
3 76 6829.457
3 77 4207.622
3 78 2269.485
3 79 5300.900
3 80 6435.910
3 81 4834.276
3 82 2681.370
3 83 5315.594
3 84 5685.589
3 85 4723.263
3 86 1991.798
3 87 1874.504
3 88 6706.073
3 89 5794.596
3 90 4481.619
3 91 3216.346
3 92 3605.513
3 93 2988.347
3 94 6028.601
3 95 3525.037
3 96 4311.951
3 97 1016.795
3 98 3279.665
3 99 6733.653
3 100 1426.672
4 0 3402.481
4 1 4830.144
4 2 6363.634
4 3 1980.714
4 4 0.000
4 5 6825.898
4 6 3360.328
4 7 7564.798
4 8 3566.810
4 9 8856.553
4 10 7522.428
4 11 2367.639
4 12 6344.496
4 13 7143.963
4 14 7740.108
4 15 726.553
4 16 4323.381
4 17 6177.538
4 18 5336.505
4 19 4053.056
4 20 6170.116
4 21 4244.134
4 22 5274.437
4 23 3725.219
4 24 5204.398
4 25 6955.247
4 26 8058.380
4 27 6716.467
4 28 1164.763
4 29 4566.939
4 30 772.484
4 31 2370.675
4 32 6827.449
4 33 1432.354
4 34 6902.073
4 35 1657.638
4 36 4595.504
4 37 1107.290
4 38 6728.488
4 39 7315.801
4 40 9224.134
4 41 4118.623
4 42 5308.144
4 43 2050.836
4 44 4894.574
4 45 2009.778
4 46 3078.624
4 47 1430.069
4 48 5902.113
4 49 3269.886
4 50 5364.062
4 51 9117.442
4 52 5875.319
4 53 6260.964
4 54 6151.707
4 55 2769.066
4 56 6458.228
4 57 4343.958
4 58 5622.284
4 59 3772.303
4 60 3588.217
4 61 5827.811
4 62 3103.965
4 63 5002.354
4 64 4217.116
4 65 4431.325
4 66 6867.153
4 67 867.876
4 68 6361.658
4 69 3551.594
4 70 8362.828
4 71 3970.242
4 72 4054.876
4 73 5877.743
4 74 5846.086
4 75 6034.375
4 76 8780.543
4 77 5658.550
4 78 4245.312
4 79 7085.597
4 80 8408.777
4 81 5724.005
4 82 4129.214
4 83 7293.633
4 84 7659.484
4 85 6696.143
4 86 2516.658
4 87 3842.640
4 88 7500.053
4 89 7208.586
4 90 6341.938
4 91 4642.104
4 92 5201.653
4 93 4730.366
4 94 7942.365
4 95 5421.611
4 96 5286.608
4 97 2991.373
4 98 5086.857
4 99 8713.501
4 100 2187.172
5 0 4853.943
5 1 6845.789
5 2 5883.523
5 3 5114.977
5 4 6825.898
5 5 0.000
5 6 5198.624
5 7 11067.673
5 8 3259.699
5 9 4607.267
5 10 8304.121
5 11 5155.111
5 12 7011.132
5 13 9963.766
5 14 7457.002
5 15 6425.895
5 16 7349.876
5 17 2152.592
5 18 2670.543
5 19 4792.414
5 20 1985.253
5 21 2905.197
5 22 9503.529
5 23 6168.143
5 24 1633.530
5 25 4401.403
5 26 4505.040
5 27 6541.415
5 28 5917.811
5 29 3829.488
5 30 6070.079
5 31 4611.322
5 32 9250.502
5 33 5406.066
5 34 3282.653
5 35 6639.710
5 36 7854.205
5 37 5947.626
5 38 7909.329
5 39 9221.691
5 40 6250.465
5 41 2723.069
5 42 2370.220
5 43 5801.957
5 44 3193.479
5 45 4817.716
5 46 6045.171
5 47 5450.541
5 48 8365.513
5 49 7192.625
5 50 4002.633
5 51 5706.254
5 52 3803.238
5 53 8127.229
5 54 2984.297
5 55 5484.526
5 56 3510.963
5 57 4460.457
5 58 4398.379
5 59 4393.854
5 60 3495.752
5 61 1121.803
5 62 3800.735
5 63 7645.306
5 64 2852.268
5 65 3674.249
5 66 664.882
5 67 6644.764
5 68 965.104
5 69 3533.350
5 70 5799.346
5 71 5605.967
5 72 3845.053
5 73 3636.520
5 74 8786.425
5 75 5391.652
5 76 4990.129
5 77 6443.921
5 78 3345.906
5 79 527.428
5 80 3216.455
5 81 3246.127
5 82 2769.608
5 83 3481.602
5 84 2842.689
5 85 2523.169
5 86 6707.514
5 87 4006.127
5 88 9689.744
5 89 7484.080
5 90 1142.343
5 91 6070.492
5 92 5737.378
5 93 2127.717
5 94 5008.977
5 95 1919.120
5 96 3012.190
5 97 4241.157
5 98 4820.259
5 99 3751.896
5 100 6240.968
6 0 350.089
6 1 2117.350
6 2 3031.552
6 3 1694.004
6 4 3360.328
6 5 5198.624
6 6 0.000
6 7 6140.344
6 8 2768.233
6 9 5724.738
6 10 4612.645
6 11 1111.460
6 12 3264.493
6 13 5230.012
6 14 4540.444
6 15 3579.509
6 16 2269.160
6 17 5701.721
6 18 2773.239
6 19 5325.508
6 20 3723.462
6 21 3986.039
6 22 4335.590
6 23 1056.597
6 24 3965.008
6 25 3701.980
6 26 4860.537
6 27 3457.491
6 28 3426.188
6 29 5172.510
6 30 3035.043
6 31 1793.035
6 32 4641.105
6 33 2465.054
6 34 6872.280
6 35 2069.196
6 36 2769.268
6 37 2295.854
6 38 3892.059
6 39 4884.406
6 40 5884.441
6 41 2921.078
6 42 4945.710
6 43 1325.875
6 44 2194.466
6 45 2566.074
6 46 864.029
6 47 2967.881
6 48 3644.698
6 49 2002.827
6 50 6003.371
6 51 5822.839
6 52 6324.250
6 53 3696.124
6 54 3278.494
6 55 606.157
6 56 3397.951
6 57 1116.693
6 58 2337.867
6 59 4782.528
6 60 1951.980
6 61 4620.222
6 62 2125.386
6 63 2747.052
6 64 2443.376
6 65 1632.556
6 66 5554.814
6 67 2613.709
6 68 5224.264
6 69 3626.743
6 70 5018.186
6 71 773.989
6 72 4651.776
6 73 2789.774
6 74 3904.405
6 75 2676.230
6 76 5562.744
6 77 2518.993
6 78 1853.882
6 79 5216.286
6 80 5602.899
6 81 5894.858
6 82 3499.177
6 83 4273.248
6 84 4869.986
6 85 3970.749
6 86 1679.567
6 87 1192.795
6 88 5236.825
6 89 4103.968
6 90 4272.111
6 91 1550.675
6 92 1916.173
6 93 3286.697
6 94 4653.120
6 95 3313.361
6 96 5350.224
6 97 1399.858
6 98 1738.958
6 99 5787.505
6 100 1438.956
7 0 6478.430
7 1 4223.915
7 2 5724.484
7 3 7295.241
7 4 7564.798
7 5 11067.673
7 6 6140.344
7 7 0.000
7 8 8889.666
7 9 9428.365
7 10 3890.196
7 11 6818.470
7 12 4475.617
7 13 1282.128
7 14 5138.179
7 15 8226.163
7 16 3876.171
7 17 11837.899
7 18 8405.415
7 19 11103.608
7 20 9232.622
7 21 10099.752
7 22 2304.877
7 23 5083.783
7 24 10055.504
7 25 7624.066
7 26 8570.002
7 27 5254.091
7 28 8441.760
7 29 11172.576
7 30 7882.578
7 31 7663.590
7 32 2029.287
7 33 7788.905
7 34 13010.398
7 35 6085.662
7 36 3389.059
7 37 7182.812
7 38 3672.036
7 39 2480.841
7 40 8237.939
7 41 9058.481
7 42 11084.891
7 43 6382.242
7 44 7875.025
7 45 8231.756
7 46 5481.894
7 47 8262.657
7 48 2724.145
7 49 4555.429
7 50 12027.281
7 51 8661.694
7 52 12399.340
7 53 3120.308
7 54 8377.671
7 55 6169.880
7 56 8087.066
7 57 6622.638
7 58 6850.782
7 59 10629.603
7 60 8091.647
7 61 10682.519
7 62 8217.977
7 63 3442.168
7 64 8536.522
7 65 7423.490
7 66 11531.503
7 67 6795.807
7 68 11273.297
7 69 9660.567
7 70 7629.677
7 71 5538.228
7 72 10626.020
7 73 7668.540
7 74 2283.442
7 75 6047.953
7 76 8950.920
7 77 4776.651
7 78 7839.384
7 79 10946.168
7 80 10194.106
7 81 12005.338
7 82 9632.633
7 83 8748.442
7 84 9658.853
7 85 9089.803
7 86 5358.577
7 87 7228.770
7 88 2023.921
7 89 4581.811
7 90 9989.318
7 91 4997.821
7 92 5389.234
7 93 9378.277
7 94 7957.097
7 95 9157.697
7 96 11463.142
7 97 7497.473
7 98 6291.795
7 99 10079.069
7 100 5908.239
8 0 2451.253
8 1 4857.082
8 2 5033.671
8 3 1960.178
8 4 3566.810
8 5 3259.699
8 6 2768.233
8 7 8889.666
8 8 0.000
8 9 6042.211
8 10 7126.062
8 11 2192.685
8 12 5723.670
8 13 7997.930
8 14 6739.383
8 15 3202.851
8 16 5014.068
8 17 3032.659
8 18 2350.807
8 19 2911.563
8 20 2907.646
8 21 1218.072
8 22 6955.726
8 23 3818.047
8 24 1649.538
8 25 4605.921
8 26 5438.596
8 27 5635.332
8 28 2717.594
8 29 2494.202
8 30 2815.674
8 31 1451.993
8 32 7397.665
8 33 2147.567
8 34 4128.916
8 35 3546.405
8 36 5502.368
8 37 2718.177
8 38 6488.375
8 39 7596.472
8 40 6989.125
8 41 575.283
8 42 2216.308
8 43 2797.567
8 44 2225.677
8 45 1561.955
8 46 3427.599
8 47 2215.518
8 48 6406.484
8 49 4496.390
8 50 3282.478
8 51 6675.621
8 52 3566.059
8 53 6407.108
8 54 3294.779
8 55 2749.760
8 56 3799.336
8 57 2743.987
8 58 3640.039
8 59 2337.430
8 60 907.744
8 61 2301.248
8 62 691.758
8 63 5515.285
8 64 1018.740
8 65 2146.951
8 66 3344.709
8 67 3424.994
8 68 2874.611
8 69 1005.191
8 70 6230.586
8 71 3467.990
8 72 2033.442
8 73 3390.859
8 74 6670.912
8 75 4531.831
8 76 6143.991
8 77 4990.956
8 78 1637.795
8 79 3528.941
8 80 5221.787
8 81 3126.625
8 82 756.148
8 83 4449.365
8 84 4511.697
8 85 3590.311
8 86 3832.193
8 87 1907.074
8 88 7975.773
8 89 6470.123
8 90 2858.967
8 91 4189.638
8 92 4255.295
8 93 1183.062
8 94 5581.615
8 95 2057.087
8 96 2582.006
8 97 1393.321
8 98 3542.022
8 99 5626.705
8 100 3291.079
9 0 5554.425
9 1 5914.712
9 2 3797.311
9 3 6885.879
9 4 8856.553
9 5 4607.267
9 6 5724.738
9 7 9428.365
9 8 6042.211
9 9 0.000
9 10 5699.885
9 11 6511.017
9 12 4982.556
9 13 8150.822
9 14 4477.376
9 15 8821.157
9 16 6785.158
9 17 6697.868
9 18 3706.419
9 19 8697.465
9 20 3252.319
9 21 6584.278
9 22 8789.447
9 23 6080.256
9 24 5290.693
9 25 2092.873
9 26 921.520
9 27 4179.216
9 28 8458.786
9 29 7910.090
9 30 8299.371
9 31 6579.189
9 32 7399.125
9 33 7571.727
9 34 7887.598
9 35 7790.315
9 36 7162.613
9 37 7751.959
9 38 5757.388
9 39 7034.530
9 40 1895.737
9 41 5549.602
9 42 6633.016
9 43 6987.543
9 44 4010.747
9 45 7248.608
9 46 6434.651
9 47 7910.434
9 48 6889.281
9 49 7312.966
9 50 8345.464
9 51 1255.862
9 52 8270.714
9 53 6349.931
9 54 2778.114
9 55 6311.797
9 56 2398.788
9 57 4615.107
9 58 3421.901
9 59 8166.511
9 60 5484.415
9 61 5325.606
9 62 6068.865
9 63 6649.486
9 64 5038.656
9 65 4428.244
9 66 5262.420
9 67 8248.882
9 68 5510.491
9 69 6901.197
9 70 1951.187
9 71 5489.665
9 72 7693.054
9 73 2983.523
9 74 7456.384
9 75 3652.896
9 76 567.139
9 77 4905.254
9 78 4690.476
9 79 4108.472
9 80 1504.703
9 81 7691.982
9 82 6131.089
9 83 1603.154
9 84 1780.928
9 85 2499.714
9 86 7327.565
9 87 5014.264
9 88 7540.558
9 89 4896.246
9 90 3791.583
9 91 5335.528
9 92 4628.540
9 93 5122.838
9 94 1471.531
9 95 4094.277
9 96 7325.808
9 97 5905.902
9 98 4109.495
9 99 1017.856
9 100 7163.582
10 0 4823.193
10 1 2694.350
10 2 2423.001
10 3 6273.439
10 4 7522.428
10 5 8304.121
10 6 4612.645
10 7 3890.196
10 8 7126.062
10 9 5699.885
10 10 0.000
10 11 5684.263
10 12 1403.330
10 13 2627.900
10 14 1259.942
10 15 7956.962
10 16 3307.903
10 17 9626.853
10 18 5725.932
10 19 9898.041
10 20 6325.098
10 21 8292.133
10 22 4156.635
10 23 3847.254
10 24 7748.920
10 25 4183.539
10 26 4914.042
10 27 1774.994
10 28 7925.506
10 29 9619.503
10 30 7451.152
10 31 6403.577
10 32 1968.628
10 33 7008.692
10 34 10910.128
10 35 5876.573
10 36 3256.961
10 37 6657.812
10 38 801.069
10 39 1409.458
10 40 4359.060
10 41 7050.340
10 42 9048.722
10 43 5611.972
10 44 5345.994
10 45 7177.061
10 46 4497.018
10 47 7526.210
10 48 2084.775
10 49 4383.757
10 50 10399.275
10 51 4816.273
10 52 10630.148
10 53 1458.317
10 54 5342.484
10 55 5018.184
10 56 4890.139
10 57 4391.730
10 58 3923.432
10 59 9339.741
10 60 6218.874
10 61 8254.445
10 62 6598.381
10 63 2673.668
10 64 6398.020
10 65 5103.715
10 66 8883.055
10 67 6656.742
10 68 8774.362
10 69 8093.590
10 70 3809.834
10 71 3839.675
10 72 9137.970
10 73 4668.145
10 74 2570.931
10 75 2914.297
10 76 5182.734
10 77 2139.071
10 78 5624.755
10 79 8044.612
10 80 6685.239
10 81 10126.162
10 82 7748.255
10 83 5341.939
10 84 6281.498
10 85 5950.131
10 86 5027.211
10 87 5219.462
10 88 1889.327
10 89 850.091
10 90 7162.467
10 91 3063.243
10 92 2871.512
10 93 7137.674
10 94 4256.499
10 95 6556.498
10 96 9594.553
10 97 5922.247
10 98 3673.482
10 99 6471.721
10 100 5347.589
11 0 1056.294
11 1 3087.713
11 2 4127.221
11 3 589.776
11 4 2367.639
11 5 5155.111
11 6 1111.460
11 7 6818.470
11 8 2192.685
11 9 6511.017
11 10 5684.263
11 11 0.000
11 12 4359.654
11 13 6039.652
11 14 5651.665
11 15 2495.543
11 16 2991.714
11 17 5225.147
11 18 3137.130
11 19 4369.325
11 20 4048.633
11 21 3344.134
11 22 4790.663
11 23 1914.713
11 24 3696.537
11 25 4587.665
11 26 5697.305
11 27 4568.271
11 28 2316.117
11 29 4354.720
11 30 1947.453
11 31 845.220
11 32 5520.838
11 33 1353.624
11 34 6288.521
11 35 1501.558
11 36 3444.549
11 37 1263.138
11 38 4940.976
11 39 5840.127
11 40 6869.091
11 41 2544.657
11 42 4398.651
11 43 646.851
11 44 2627.479
11 45 1516.225
11 46 1358.472
11 47 1858.955
11 48 4519.966
11 49 2325.175
11 50 5208.817
11 51 6750.423
11 52 5588.770
11 53 4668.410
11 54 3862.312
11 55 693.374
11 56 4118.895
11 57 1980.270
11 58 3258.150
11 59 3855.169
11 60 1659.834
11 61 4373.692
11 62 1502.702
11 63 3583.437
11 64 2307.373
11 65 2115.093
11 66 5387.509
11 67 1751.720
11 68 4974.474
11 69 2848.144
11 70 6012.551
11 71 1858.263
11 72 3810.128
11 73 3527.523
11 74 4684.425
11 75 3744.718
11 76 6417.520
11 77 3619.300
11 78 2046.256
11 79 5284.106
11 80 6171.541
11 81 5222.333
11 82 2946.215
11 83 4971.423
11 84 5421.267
11 85 4469.453
11 86 1639.963
11 87 1524.099
11 88 6150.561
11 89 5206.597
11 90 4409.489
11 91 2626.570
11 92 3027.209
11 93 3062.177
11 94 5575.433
11 95 3431.144
11 96 4687.715
11 97 914.060
11 98 2754.802
11 99 6432.302
11 100 1109.964
12 0 3450.353
12 1 1599.346
12 2 1258.196
12 3 4948.888
12 4 6344.496
12 5 7011.132
12 6 3264.493
12 7 4475.617
12 8 5723.670
12 9 4982.556
12 10 1403.330
12 11 4359.654
12 12 0.000
12 13 3217.057
12 14 1443.009
12 15 6718.581
12 16 2429.640
12 17 8248.501
12 18 4386.510
12 19 8510.437
12 20 5053.147
12 21 6888.948
12 22 3966.689
12 23 2619.464
12 24 6371.164
12 25 3157.707
12 26 4104.498
12 27 822.773
12 28 6642.782
12 29 8217.501
12 30 6195.564
12 31 5043.176
12 32 2457.524
12 33 5703.414
12 34 9526.052
12 35 4738.642
12 36 2583.729
12 37 5409.628
12 38 904.694
12 39 2248.026
12 40 4058.705
12 41 5649.004
12 42 7654.471
12 43 4358.771
12 44 3974.699
12 45 5828.346
12 46 3269.124
12 47 6216.042
12 48 1926.735
12 49 3410.601
12 50 8995.959
12 51 4356.207
12 52 9228.334
12 53 1368.397
12 54 4101.294
12 55 3717.951
12 56 3714.363
12 57 2988.472
12 58 2613.332
12 59 7949.242
12 60 4816.254
12 61 6895.303
12 62 5203.597
12 63 1968.022
12 64 4999.453
12 65 3707.670
12 66 7567.467
12 67 5492.361
12 68 7429.634
12 69 6694.258
12 70 3311.708
12 71 2501.460
12 72 7738.623
12 73 3401.445
12 74 2502.664
12 75 1655.763
12 76 4536.213
12 77 749.892
12 78 4226.091
12 79 6788.191
12 80 5727.832
12 81 8726.928
12 82 6345.464
12 83 4299.355
12 84 5226.001
12 85 4761.532
12 86 3924.546
12 87 3816.771
12 88 2743.188
12 89 864.349
12 90 5876.122
12 91 1739.886
12 92 1468.497
12 93 5749.821
12 94 3514.520
12 95 5211.678
12 96 8194.068
12 97 4537.082
12 98 2286.965
12 99 5603.502
12 100 4158.056
13 0 5550.232
13 1 3182.396
13 2 4472.818
13 3 6564.481
13 4 7143.963
13 5 9963.766
13 6 5230.012
13 7 1282.128
13 8 7997.930
13 9 8150.822
13 10 2627.900
13 11 6039.652
13 12 3217.057
13 13 0.000
13 14 3865.570
13 15 7750.188
13 16 3049.394
13 17 10870.158
13 18 7293.302
13 19 10398.070
13 20 8083.910
13 21 9215.914
13 22 2255.158
13 23 4188.633
13 24 9046.858
13 25 6373.759
13 26 7297.990
13 27 3981.743
13 28 7893.542
13 29 10370.502
13 30 7346.131
13 31 6877.342
13 32 759.534
13 33 7143.445
13 34 12080.035
13 35 5553.680
13 36 2629.401
13 37 6595.643
13 38 2393.436
13 39 1228.111
13 40 6961.812
13 41 8108.223
13 42 10154.135
13 43 5689.975
13 44 6785.815
13 45 7518.072
13 46 4681.184
13 47 7642.957
13 48 1616.067
13 49 3933.940
13 50 11214.027
13 51 7380.311
13 52 11551.328
13 53 1886.710
13 54 7196.735
13 55 5359.495
13 56 6875.761
13 57 5567.371
13 58 5668.651
13 59 9893.739
13 60 7156.442
13 61 9651.740
13 62 7349.716
13 63 2483.965
13 64 7545.953
13 65 6369.810
13 66 10456.638
13 67 6317.141
13 68 10231.073
13 69 8833.771
13 70 6347.635
13 71 4557.235
13 72 9834.881
13 73 6485.926
13 74 1357.576
13 75 4821.126
13 76 7670.328
13 77 3577.672
13 78 6817.882
13 79 9811.747
13 80 8944.402
13 81 11124.394
13 82 8722.334
13 83 7508.779
13 84 8427.774
13 85 7896.131
13 86 4746.535
13 87 6239.964
13 88 843.048
13 89 3300.344
13 90 8863.606
13 91 3933.171
13 92 4235.980
13 93 8376.734
13 94 6680.085
13 95 8071.618
13 96 10579.656
13 97 6622.600
13 98 5150.998
13 99 8815.441
13 100 5256.293
14 0 4668.730
14 1 3042.355
14 2 1715.307
14 3 6233.255
14 4 7740.108
14 5 7457.002
14 6 4540.444
14 7 5138.179
14 8 6739.383
14 9 4477.376
14 10 1259.942
14 11 5651.665
14 12 1443.009
14 13 3865.570
14 14 0.000
14 15 8076.443
14 16 3856.812
14 17 8970.472
14 18 5014.400
14 19 9612.316
14 20 5475.056
14 21 7834.992
14 22 5160.299
14 23 4022.449
14 24 7110.219
14 25 3146.720
14 26 3732.474
14 27 1111.655
14 28 7962.602
14 29 9214.581
14 30 7543.081
14 31 6262.545
14 32 3168.894
14 33 7005.248
14 34 10268.287
14 35 6157.418
14 36 3960.142
14 37 6768.382
14 38 1632.643
14 39 2662.026
14 40 3101.667
14 41 6566.960
14 42 8476.227
14 43 5723.100
14 44 4733.192
14 45 7062.882
14 46 4662.442
14 47 7507.502
14 48 3038.983
14 49 4853.236
14 50 9945.053
14 51 3558.095
14 52 10118.024
14 53 2384.528
14 54 4473.681
14 55 5049.240
14 56 3958.410
14 57 4021.987
14 58 3227.550
14 59 9041.204
14 60 5841.976
14 61 7548.296
14 62 6301.190
14 63 3339.487
14 64 5895.013
14 65 4612.945
14 66 8069.932
14 67 6897.849
14 68 8024.689
14 69 7738.294
14 70 2561.655
14 71 3814.267
14 72 8772.773
14 73 3859.830
14 74 3592.650
14 75 2233.085
14 76 3947.612
14 77 2081.591
14 78 5140.065
14 79 7145.404
14 80 5546.794
14 81 9584.874
14 82 7282.804
14 83 4279.210
14 84 5209.662
14 85 5002.278
14 86 5356.333
14 87 4863.747
14 88 3148.463
14 89 673.945
14 90 6319.682
14 91 3099.118
14 92 2629.816
14 93 6551.932
14 94 3062.673
14 95 5838.639
14 96 9071.207
14 97 5692.362
14 98 3197.965
14 99 5293.205
14 100 5561.115
15 0 3550.805
15 1 5266.535
15 2 6610.949
15 3 1984.935
15 4 726.553
15 5 6425.895
15 6 3579.509
15 7 8226.163
15 8 3202.851
15 9 8821.157
15 10 7956.962
15 11 2495.543
15 12 6718.581
15 13 7750.188
15 14 8076.443
15 15 0.000
15 16 4848.168
15 17 5604.584
15 18 5198.256
15 19 3340.975
15 20 5968.405
15 21 3715.095
15 22 5948.999
15 23 4115.055
15 24 4792.591
15 25 7008.791
15 26 8065.536
15 27 7018.454
15 28 527.870
15 29 3902.003
15 30 548.354
15 31 2242.194
15 32 7393.560
15 33 1250.043
15 34 6259.311
15 35 2200.600
15 36 5162.169
15 37 1309.436
15 38 7173.895
15 39 7849.136
15 40 9336.421
15 41 3774.489
15 42 4744.797
15 43 2359.837
15 44 4814.555
15 45 1665.172
15 46 3462.619
15 47 988.713
15 48 6443.283
15 49 3832.431
15 50 4679.116
15 51 9180.350
15 52 5199.533
15 53 6756.854
15 54 6067.063
15 55 3030.792
15 56 6429.399
15 57 4451.560
15 58 5718.341
15 59 3088.218
15 60 3400.237
15 61 5382.881
15 62 2856.114
15 63 5522.598
15 64 3981.659
15 65 4406.839
15 66 6408.408
15 67 1436.664
15 68 5886.657
15 69 3017.175
15 70 8487.661
15 71 4264.918
15 72 3408.090
15 73 5874.350
15 74 6430.244
15 75 6239.444
15 76 8791.696
15 77 6005.277
15 78 4140.639
15 79 6726.513
15 80 8254.486
15 81 5079.332
15 82 3674.364
15 83 7232.374
15 84 7512.767
15 85 6551.985
15 86 3040.397
15 87 3838.835
15 88 8062.449
15 89 7581.090
15 90 6047.207
15 91 4986.582
15 92 5481.513
15 93 4385.676
15 94 8010.052
15 95 5173.195
15 96 4665.305
15 97 2917.030
15 98 5248.086
15 99 8595.418
15 100 2621.560
16 0 2612.110
16 1 908.590
16 2 3130.024
16 3 3516.341
16 4 4323.381
16 5 7349.876
16 6 2269.160
16 7 3876.171
16 8 5014.068
16 9 6785.158
16 10 3307.903
16 11 2991.714
16 12 2429.640
16 13 3049.394
16 14 3856.812
16 15 4848.168
16 16 0.000
16 17 7970.881
16 18 4754.463
16 19 7349.314
16 20 5660.544
16 21 6225.976
16 22 2184.240
16 23 1216.146
16 24 6217.755
16 25 4712.493
16 26 5863.640
16 27 3109.816
16 28 4923.481
16 29 7334.667
16 30 4394.924
16 31 3832.158
16 32 2574.341
16 33 4119.301
16 34 9134.578
16 35 2668.150
16 36 506.466
16 37 3616.376
16 38 2509.227
16 39 3001.078
16 40 6287.321
16 41 5190.236
16 42 7209.666
16 43 2657.138
16 44 4185.886
16 45 4470.716
16 46 1633.977
16 47 4628.024
16 48 1598.393
16 49 1083.484
16 50 8183.271
16 51 6457.904
16 52 8538.205
16 53 1949.312
16 54 4957.542
16 55 2317.389
16 56 4837.756
16 57 2908.026
16 58 3543.638
16 59 6844.563
16 60 4220.876
16 61 6861.706
16 62 4345.621
16 63 679.036
16 64 4693.503
16 65 3676.684
16 66 7759.745
16 67 3459.051
16 68 7461.230
16 69 5806.386
16 70 5459.099
16 71 1744.220
16 72 6794.938
16 73 4296.683
16 74 1692.923
16 75 3141.861
16 76 6452.635
16 77 2023.955
16 78 4035.216
16 79 7298.131
16 80 7109.653
16 81 8133.346
16 82 5756.479
16 83 5651.573
16 84 6450.780
16 85 5695.190
16 86 1811.793
16 87 3397.522
16 88 3231.846
16 89 3215.708
16 90 6335.331
16 91 1481.564
16 92 2158.665
16 93 5538.490
16 94 5419.499
16 95 5432.158
16 96 7590.292
16 97 3622.870
16 98 2857.760
16 99 7149.035
16 100 2256.782
17 0 5360.358
17 1 7688.783
17 2 7286.957
17 3 4946.311
17 4 6177.538
17 5 2152.592
17 6 5701.721
17 7 11837.899
17 8 3032.659
17 9 6697.868
17 10 9626.853
17 11 5225.147
17 12 8248.501
17 13 10870.158
17 14 8970.472
17 15 5604.584
17 16 7970.881
17 17 0.000
17 18 3956.717
17 19 3060.730
17 20 3691.298
17 21 1965.673
17 22 9974.668
17 23 6756.678
17 24 1877.983
17 25 6145.703
17 26 6482.264
17 27 7945.098
17 28 5078.134
17 29 2064.433
17 30 5411.544
17 31 4454.918
17 32 10220.165
17 33 4915.858
17 34 1299.341
17 35 6527.576
17 36 8470.064
17 37 5577.823
17 38 9100.915
17 39 10325.263
17 40 8229.488
17 41 2780.649
17 42 872.987
17 43 5821.391
17 44 4281.388
17 45 4285.385
17 46 6431.475
17 47 4752.055
17 48 9256.637
17 49 7522.840
17 50 1947.073
17 51 7728.432
17 52 1664.826
17 53 9158.613
17 54 4629.912
17 55 5766.052
17 56 5213.828
17 57 5345.488
17 58 5751.771
17 59 2844.033
17 60 3750.516
17 61 1456.609
17 62 3723.928
17 63 8413.946
17 64 3326.340
17 65 4564.891
17 66 1590.335
17 67 6276.357
17 68 1196.946
17 69 2635.114
17 70 7681.030
17 71 6317.063
17 72 2335.300
17 73 5136.758
17 74 9580.843
17 75 6766.849
17 76 7035.557
17 77 7578.571
17 78 4074.633
17 79 2679.927
17 80 5356.098
17 81 1139.642
17 82 2279.642
17 83 5414.530
17 84 4917.177
17 85 4395.155
17 86 6864.041
17 87 4630.195
17 88 10748.364
17 89 8866.338
17 90 2949.002
17 91 6955.147
17 92 6828.509
17 93 2512.755
17 94 6905.102
17 95 3139.831
17 96 1113.675
17 97 4399.285
17 98 5961.628
17 99 5887.368
17 100 6319.042
18 0 2465.405
18 1 4190.544
18 2 3342.910
18 3 3365.907
18 4 5336.505
18 5 2670.543
18 6 2773.239
18 7 8405.415
18 8 2350.807
18 9 3706.419
18 10 5725.932
18 11 3137.130
18 12 4386.510
18 13 7293.302
18 14 5014.400
18 15 5198.256
18 16 4754.463
18 17 3956.717
18 18 0.000
18 19 5145.771
18 20 950.543
18 21 3091.715
18 22 6933.388
18 23 3622.604
18 24 2111.404
18 25 2349.884
18 26 3090.054
18 27 4004.670
18 28 4798.061
18 29 4496.240
18 30 4702.500
18 31 2977.028
18 32 6580.760
18 33 3965.359
18 34 5255.338
18 35 4602.409
18 36 5251.662
18 37 4267.223
18 38 5273.691
18 39 6568.290
18 40 4686.145
18 41 1906.377
18 42 3514.706
18 43 3733.822
18 44 582.495
18 45 3575.510
18 46 3635.268
18 47 4250.953
18 48 5697.072
18 49 4756.194
18 50 5108.226
18 51 4337.137
18 52 5196.387
18 53 5460.110
18 54 944.033
18 55 3211.700
18 56 1472.906
18 57 1847.704
18 58 1808.852
18 59 4586.905
18 60 1804.548
18 61 2539.583
18 62 2378.485
18 63 4998.939
18 64 1336.370
18 65 1140.863
18 66 3188.865
18 67 4866.521
18 68 3048.472
18 69 3268.864
18 70 3977.445
18 71 3021.367
18 72 4171.393
18 73 1203.580
18 74 6127.773
18 75 2827.171
18 76 3793.203
18 77 3785.651
18 78 1099.820
18 79 2551.900
18 80 3072.313
18 81 4638.478
18 82 2570.868
18 83 2105.665
18 84 2323.651
18 85 1360.041
18 86 4426.181
18 87 1657.662
18 88 7029.455
18 89 4937.303
18 90 1589.133
18 91 3414.564
18 92 3069.257
18 93 1639.994
18 94 3277.775
18 95 831.524
18 96 4155.639
18 97 2349.155
18 98 2153.080
18 99 3397.178
18 100 4066.785
19 0 5081.381
19 1 7426.622
19 2 7920.463
19 3 3833.718
19 4 4053.056
19 5 4792.414
19 6 5325.508
19 7 11103.608
19 8 2911.563
19 9 8697.465
19 10 9898.041
19 11 4369.325
19 12 8510.437
19 13 10398.070
19 14 9612.316
19 15 3340.975
19 16 7349.314
19 17 3060.730
19 18 5145.771
19 19 0.000
19 20 5446.192
19 21 2114.096
19 22 8936.034
19 23 6274.195
19 24 3467.752
19 25 7473.121
19 26 8205.664
19 27 8502.122
19 28 2904.252
19 29 1001.831
19 30 3425.850
19 31 3552.881
19 32 9890.149
19 33 3327.577
19 34 3205.344
19 35 5092.506
19 36 7780.721
19 37 3977.417
19 38 9206.859
19 39 10193.885
19 40 9831.729
19 41 3245.265
19 42 2450.666
19 43 4726.329
19 44 5117.960
19 45 2881.641
19 46 5723.541
19 47 2894.675
19 48 8889.118
19 49 6548.200
19 50 1454.970
19 51 9469.211
19 52 2004.573
19 53 9011.712
19 54 6070.262
19 55 5060.206
19 56 6618.672
19 57 5591.053
19 58 6551.466
19 59 574.482
19 60 3780.503
19 61 3696.317
19 62 3316.140
19 63 7952.592
19 64 3882.960
19 65 5054.486
19 66 4445.358
19 67 4525.720
19 68 3913.814
19 69 1910.703
19 70 9104.520
19 71 6093.490
19 72 1007.350
19 73 6268.143
19 74 9040.624
19 75 7427.459
19 76 8881.294
19 77 7763.118
19 78 4549.340
19 79 5268.880
19 80 7631.844
19 81 2108.896
19 82 2584.213
19 83 7161.199
19 84 7009.938
19 85 6198.122
19 86 5748.408
19 87 4748.580
19 88 10517.362
19 89 9298.247
19 90 5045.336
19 91 6863.181
19 92 7057.370
19 93 3580.622
19 94 8422.811
19 95 4607.129
19 96 1947.331
19 97 3975.821
19 98 6419.128
19 99 8110.069
19 100 5195.394
20 0 3415.560
20 1 5046.951
20 2 3902.587
20 3 4226.428
20 4 6170.116
20 5 1985.253
20 6 3723.462
20 7 9232.622
20 8 2907.646
20 9 3252.319
20 10 6325.098
20 11 4048.633
20 12 5053.147
20 13 8083.910
20 14 5475.056
20 15 5968.405
20 16 5660.544
20 17 3691.298
20 18 950.543
20 19 5446.192
20 20 0.000
20 21 3332.412
20 22 7844.126
20 23 4553.494
20 24 2062.225
20 25 2474.377
20 26 2846.069
20 27 4558.539
20 28 5533.340
20 29 4666.002
20 30 5498.853
20 31 3799.538
20 32 7353.882
20 33 4765.231
20 34 4971.247
20 35 5530.047
20 36 6151.738
20 37 5128.354
20 38 5955.836
20 39 7282.525
20 40 4571.154
20 41 2366.381
20 42 3455.394
20 43 4659.829
20 44 1529.956
20 45 4311.932
20 46 4584.921
20 47 4995.139
20 48 6510.908
20 49 5702.151
20 50 5149.393
20 51 4116.003
20 52 5136.305
20 53 6220.287
20 54 1001.647
20 55 4157.789
20 56 1553.361
20 57 2768.741
20 58 2443.806
20 59 4919.931
20 60 2584.087
20 61 2238.108
20 62 3112.445
20 63 5863.701
20 64 1989.523
20 65 2090.910
20 66 2596.865
20 67 5754.196
20 68 2608.298
20 69 3682.069
20 70 3990.485
20 71 3942.824
20 72 4441.055
20 73 1658.147
20 74 6968.849
20 75 3417.608
20 76 3472.444
20 77 4523.421
20 78 2003.239
20 79 1737.036
20 80 2315.176
20 81 4558.431
20 82 2891.871
20 83 1769.916
20 84 1608.402
20 85 759.053
20 86 5375.545
20 87 2599.776
20 88 7760.418
20 89 5501.066
20 90 844.738
20 91 4275.631
20 92 3849.725
20 93 1882.113
20 94 3218.781
20 95 863.075
20 96 4141.524
20 97 3216.224
20 98 2940.932
20 99 2725.907
20 100 5007.740
21 0 3668.907
21 1 6072.808
21 2 6120.046
21 3 3008.698
21 4 4244.134
21 5 2905.197
21 6 3986.039
21 7 10099.752
21 8 1218.072
21 9 6584.278
21 10 8292.133
21 11 3344.134
21 12 6888.948
21 13 9215.914
21 14 7834.992
21 15 3715.095
21 16 6225.976
21 17 1965.673
21 18 3091.715
21 19 2114.096
21 20 3332.412
21 21 0.000
21 22 8132.813
21 23 5034.354
21 24 1392.344
21 25 5440.437
21 26 6111.274
21 27 6744.289
21 28 3187.965
21 29 1409.980
21 30 3472.930
21 31 2534.710
21 32 8614.549
21 33 2951.371
21 34 2944.527
21 35 4577.605
21 36 6710.983
21 37 3612.264
21 38 7675.584
21 39 8804.818
21 40 7765.934
21 41 1269.768
21 42 1096.093
21 43 3907.856
21 44 3158.162
21 45 2320.318
21 46 4626.525
21 47 2814.066
21 48 7624.198
21 49 5667.710
21 50 2113.172
21 51 7379.746
21 52 2355.215
21 53 7616.674
21 54 3992.378
21 55 3942.523
21 56 4556.402
21 57 3900.507
21 58 4655.235
21 59 1602.009
21 60 2094.097
21 61 1787.624
21 62 1882.253
21 63 6733.044
21 64 1943.493
21 65 3224.326
21 66 2746.827
21 67 4310.871
21 68 2206.807
21 69 697.975
21 70 7069.148
21 71 4683.050
21 72 1108.809
21 73 4260.426
21 74 7887.588
21 75 5605.909
21 76 6777.582
21 77 6166.532
21 78 2696.247
21 79 3319.283
21 80 5533.817
21 81 1909.168
21 82 552.355
21 83 5057.567
21 84 4899.238
21 85 4085.606
21 86 4966.678
21 87 3083.272
21 88 9189.305
21 89 7608.180
21 90 2961.059
21 91 5396.059
21 92 5422.370
21 93 1479.087
21 94 6361.784
21 95 2498.700
21 96 1364.958
21 97 2603.171
21 98 4657.583
21 99 6003.687
21 100 4410.487
22 0 4685.667
22 1 2920.392
22 2 5009.198
22 3 5200.286
22 4 5274.437
22 5 9503.529
22 6 4335.590
22 7 2304.877
22 8 6955.726
22 9 8789.447
22 10 4156.635
22 11 4790.663
22 12 3966.689
22 13 2255.158
22 14 5160.299
22 15 5948.999
22 16 2184.240
22 17 9974.668
22 18 6933.388
22 19 8936.034
22 20 7844.126
22 21 8132.813
22 22 0.000
22 23 3335.394
22 24 8294.737
22 25 6767.434
22 26 7874.181
22 27 4778.211
22 28 6193.466
22 29 9093.448
22 30 5632.947
22 31 5620.334
22 32 2393.722
22 33 5608.523
22 34 11075.625
22 35 3856.965
22 36 1704.304
22 37 4970.186
22 38 3533.787
22 39 3083.556
22 40 8025.277
22 41 7212.839
22 42 9172.009
22 43 4273.686
22 44 6361.020
22 45 6101.746
22 46 3547.183
22 47 6057.690
22 48 2121.579
22 49 2465.513
22 50 9952.606
22 51 8300.526
22 52 10360.780
22 53 2777.637
22 54 7133.284
22 55 4209.026
22 56 6984.450
22 57 5085.692
22 58 5687.519
22 59 8491.118
22 60 6246.078
22 61 8954.421
22 62 6265.977
22 63 2142.406
22 64 6777.301
22 65 5840.245
22 66 9886.498
22 67 4529.823
22 68 9559.159
22 69 7627.120
22 70 7262.607
22 71 3913.744
22 72 8540.796
22 73 6461.789
22 74 1587.174
22 75 5149.007
22 76 8403.120
22 77 3885.911
22 78 6166.158
22 79 9470.463
22 80 9238.984
22 81 10011.277
22 82 7711.454
22 83 7771.865
22 84 8601.298
22 85 7870.771
22 86 3211.796
22 87 5513.116
22 88 2954.821
22 89 4491.048
22 90 8509.062
22 91 3630.137
22 92 4241.683
22 93 7618.315
22 94 7362.920
22 95 7591.429
22 96 9478.078
22 97 5575.484
22 98 5018.953
22 99 9241.437
22 100 3776.703
23 0 1396.590
23 1 1182.586
23 2 2798.451
23 3 2486.725
23 4 3725.219
23 5 6168.143
23 6 1056.597
23 7 5083.783
23 8 3818.047
23 9 6080.256
23 10 3847.254
23 11 1914.713
23 12 2619.464
23 13 4188.633
23 14 4022.449
23 15 4115.055
23 16 1216.146
23 17 6756.678
23 18 3622.604
23 19 6274.195
23 20 4553.494
23 21 5034.354
23 22 3335.394
23 23 0.000
23 24 5003.049
23 25 3989.771
23 26 5172.013
23 27 3037.871
23 28 4081.279
23 29 6187.450
23 30 3604.328
23 31 2722.712
23 32 3626.552
23 33 3182.986
23 34 7928.480
23 35 2139.804
23 36 1719.907
23 37 2811.639
23 38 3074.908
23 39 3925.557
23 40 5905.948
23 41 3976.179
23 42 6002.106
23 43 1764.735
23 44 3043.441
23 45 3430.398
23 46 652.814
23 47 3702.301
23 48 2624.940
23 49 1239.914
23 50 7027.438
23 51 5959.554
23 52 7363.286
23 53 2755.183
23 54 3944.647
23 55 1221.839
23 56 3923.170
23 57 1786.416
23 58 2681.878
23 59 5748.228
23 60 3008.087
23 61 5649.793
23 62 3161.922
23 63 1705.610
23 64 3478.734
23 65 2509.989
23 66 6559.499
23 67 2876.328
23 68 6250.769
23 69 4647.031
23 70 5041.236
23 71 628.496
23 72 5656.768
23 73 3339.154
23 74 2853.290
23 75 2609.770
23 76 5826.351
23 77 1943.920
23 78 2834.694
23 79 6142.511
23 80 6198.663
23 81 6943.495
23 82 4553.727
23 83 4780.543
23 84 5500.128
23 85 4674.257
23 86 1388.242
23 87 2188.537
23 88 4244.114
23 89 3483.721
23 90 5183.800
23 91 949.967
23 92 1624.816
23 93 4323.776
23 94 4834.756
23 95 4256.956
23 96 6399.263
23 97 2435.079
23 98 1978.931
23 99 6305.287
23 100 1540.032
24 0 3615.764
24 1 5865.883
24 2 5417.402
24 3 3570.528
24 4 5204.398
24 5 1633.530
24 6 3965.008
24 7 10055.504
24 8 1649.538
24 9 5290.693
24 10 7748.920
24 11 3696.537
24 12 6371.164
24 13 9046.858
24 14 7110.219
24 15 4792.591
24 16 6217.755
24 17 1877.983
24 18 2111.404
24 19 3467.752
24 20 2062.225
24 21 1392.344
24 22 8294.737
24 23 5003.049
24 24 0.000
24 25 4394.218
24 26 4904.638
24 27 6073.390
24 28 4284.370
24 29 2622.846
24 30 4443.901
24 31 3059.684
24 32 8380.504
24 33 3794.429
24 34 3165.678
24 35 5136.757
24 36 6722.746
24 37 4364.152
24 38 7226.913
24 39 8462.781
24 40 6615.079
24 41 1160.374
24 42 1420.737
24 43 4335.193
24 44 2403.963
24 45 3194.620
24 46 4756.656
24 47 3819.040
24 48 7430.831
24 49 5888.028
24 50 3090.377
24 51 6176.125
24 52 3112.585
24 53 7303.929
24 54 2881.373
24 55 4130.698
24 56 3468.691
24 57 3491.830
24 58 3884.830
24 59 2984.544
24 60 2069.811
24 61 677.168
24 62 2249.474
24 63 6616.098
24 64 1524.321
24 65 2700.302
24 66 1705.872
24 67 5068.970
24 68 1280.477
24 69 1941.134
24 70 5986.603
24 71 4517.358
24 72 2464.299
24 73 3310.732
24 74 7782.117
24 75 4896.349
24 76 5533.694
24 77 5705.966
24 78 2229.214
24 79 1975.265
24 80 4164.854
24 81 2543.708
24 82 1146.339
24 83 3830.393
24 84 3560.449
24 85 2819.492
24 86 5312.079
24 87 2827.282
24 88 8893.600
24 89 6991.060
24 90 1577.937
24 91 5117.130
24 92 4957.405
24 93 679.280
24 94 5237.214
24 95 1335.141
24 96 2092.075
24 97 2796.983
24 98 4084.568
24 99 4648.990
24 100 4804.894
25 0 3574.141
25 1 3861.408
25 2 1901.010
25 3 5029.591
25 4 6955.247
25 5 4401.403
25 6 3701.980
25 7 7624.066
25 8 4605.921
25 9 2092.873
25 10 4183.539
25 11 4587.665
25 12 3157.707
25 13 6373.759
25 14 3146.720
25 15 7008.791
25 16 4712.493
25 17 6145.703
25 18 2349.884
25 19 7473.121
25 20 2474.377
25 21 5440.437
25 22 6767.434
25 23 3989.771
25 24 4394.218
25 25 0.000
25 26 1182.733
25 27 2447.025
25 28 6704.538
25 29 6846.068
25 30 6468.972
25 31 4801.290
25 32 5614.344
25 33 5766.992
25 34 7435.257
25 35 5769.663
25 36 5109.355
25 37 5849.363
25 38 4024.610
25 39 5366.062
25 40 2392.018
25 41 4228.569
25 42 5814.752
25 43 5002.866
25 44 2385.252
25 45 5543.953
25 46 4366.441
25 47 6165.177
25 48 4974.898
25 49 5220.605
25 50 7447.014
25 51 2171.564
25 52 7506.172
25 53 4503.980
25 54 1519.082
25 55 4302.455
25 56 932.197
25 57 2622.771
25 58 1365.013
25 59 6907.399
25 60 3866.300
25 61 4689.244
25 62 4445.230
25 63 4626.298
25 64 3598.517
25 65 2636.816
25 66 5043.166
25 67 6285.179
25 68 5082.675
25 69 5574.547
25 70 1631.720
25 71 3406.516
25 72 6511.847
25 73 1216.294
25 74 5522.596
25 75 1625.260
25 76 1863.066
25 77 2920.064
25 78 3033.733
25 79 4042.933
25 80 2570.792
25 81 6937.781
25 82 4913.733
25 83 1159.866
25 84 2099.228
25 85 1888.525
25 86 5259.366
25 87 3175.471
25 88 5871.635
25 89 3333.506
25 90 3295.258
25 91 3249.896
25 92 2554.296
25 93 3986.459
25 94 1005.978
25 95 3059.106
25 96 6476.300
25 97 4119.013
25 98 2028.459
25 99 2486.280
25 100 5132.088
26 0 4710.945
26 1 4994.020
26 2 2895.778
26 3 6104.527
26 4 8058.380
26 5 4505.040
26 6 4860.537
26 7 8570.002
26 8 5438.596
26 9 921.520
26 10 4914.042
26 11 5697.305
26 12 4104.498
26 13 7297.990
26 14 3732.474
26 15 8065.536
26 16 5863.640
26 17 6482.264
26 18 3090.054
26 19 8205.664
26 20 2846.069
26 21 6111.274
26 22 7874.181
26 23 5172.013
26 24 4904.638
26 25 1182.733
26 26 0.000
26 27 3316.394
26 28 7729.293
26 29 7483.448
26 30 7534.071
26 31 5832.020
26 32 6542.015
26 33 6816.324
26 34 7728.155
26 35 6929.682
26 36 6242.224
26 37 6951.165
26 38 4908.051
26 39 6210.615
26 40 1750.445
26 41 4988.702
26 42 6300.929
26 43 6144.964
26 44 3299.520
26 45 6537.197
26 46 5544.975
26 47 7183.345
26 48 5996.107
26 49 6401.261
26 50 7994.340
26 51 1272.345
26 52 7977.641
26 53 5472.724
26 54 2147.384
26 55 5455.519
26 56 1659.072
26 57 3762.696
26 58 2534.617
26 59 7656.353
26 60 4798.287
26 61 5051.830
26 62 5385.685
26 63 5732.984
26 64 4420.676
26 65 3658.887
26 66 5169.827
26 67 7418.751
26 68 5331.042
26 69 6352.548
26 70 1388.883
26 71 4588.836
26 72 7213.730
26 73 2191.243
26 74 6559.423
26 75 2732.743
26 76 726.314
26 77 3992.991
26 78 3978.888
26 79 4053.847
26 80 1850.457
26 81 7398.676
26 82 5621.527
26 83 1076.879
26 84 1730.851
26 85 2099.944
26 86 6438.203
26 87 4231.083
26 88 6718.613
26 89 4087.744
26 90 3533.448
26 91 4415.573
26 92 3707.226
26 93 4632.315
26 94 674.451
26 95 3619.916
26 96 6987.593
26 97 5151.147
26 98 3209.855
26 99 1561.106
26 100 6296.402
27 0 3568.889
27 1 2218.719
27 2 662.709
27 3 5144.947
27 4 6716.467
27 5 6541.415
27 6 3457.491
27 7 5254.091
27 8 5635.332
27 9 4179.216
27 10 1774.994
27 11 4568.271
27 12 822.773
27 13 3981.743
27 14 1111.655
27 15 7018.454
27 16 3109.816
27 17 7945.098
27 18 4004.670
27 19 8502.122
27 20 4558.539
27 21 6744.289
27 22 4778.211
27 23 3037.871
27 24 6073.390
27 25 2447.025
27 26 3316.394
27 27 0.000
27 28 6883.678
27 29 8116.358
27 30 6479.814
27 31 5158.262
27 32 3225.666
27 33 5921.046
27 34 9238.548
27 35 5175.058
27 36 3330.981
27 37 5715.142
27 38 1595.827
27 39 2924.022
27 40 3250.961
27 41 5479.205
27 42 7417.577
27 43 4679.198
27 44 3676.823
27 45 5959.931
27 46 3655.750
27 47 6418.370
27 48 2749.260
27 49 4003.173
27 50 8856.658
27 51 3534.056
27 52 9043.657
27 53 2176.049
27 54 3570.721
27 55 3987.787
27 56 3115.965
27 57 2911.207
27 58 2196.558
27 59 7931.458
27 60 4735.298
27 61 6543.889
27 62 5189.950
27 63 2730.114
27 64 4809.897
27 65 3519.965
27 66 7130.512
27 67 5890.003
27 68 7045.003
27 69 6632.059
27 70 2490.279
27 71 2755.861
27 72 7668.649
27 73 2905.855
27 74 3325.384
27 75 1178.703
27 76 3721.341
27 77 1124.631
27 78 4048.081
27 79 6272.268
27 80 4997.531
27 81 8518.110
27 82 6192.787
27 83 3605.562
27 84 4543.296
27 85 4175.920
27 86 4411.136
27 87 3753.665
27 88 3431.287
27 89 942.665
27 90 5399.083
27 91 2090.390
27 92 1541.382
27 93 5493.267
27 94 2708.092
27 95 4835.665
27 96 7998.495
27 97 4581.901
27 98 2093.642
27 99 4839.476
27 100 4558.033
28 0 3348.016
28 1 5255.888
28 2 6438.158
28 3 1751.681
28 4 1164.763
28 5 5917.811
28 6 3426.188
28 7 8441.760
28 8 2717.594
28 9 8458.786
28 10 7925.506
28 11 2316.117
28 12 6642.782
28 13 7893.542
28 14 7962.602
28 15 527.870
28 16 4923.481
28 17 5078.134
28 18 4798.061
28 19 2904.252
28 20 5533.340
28 21 3187.965
28 22 6193.466
28 23 4081.279
28 24 4284.370
28 25 6704.538
28 26 7729.293
28 27 6883.678
28 28 0.000
28 29 3405.005
28 30 560.523
28 31 1903.443
28 32 7492.594
28 33 970.603
28 34 5750.723
28 35 2358.351
28 36 5276.631
28 37 1307.110
28 38 7156.150
28 39 7911.601
28 40 9059.156
28 41 3292.239
28 42 4217.413
28 43 2320.434
28 44 4448.489
28 45 1224.751
28 46 3438.362
28 47 548.516
28 48 6521.212
28 49 3959.608
28 50 4199.315
28 51 8873.118
28 52 4711.269
28 53 6788.103
28 54 5689.285
28 55 2925.046
28 56 6080.126
28 57 4204.107
28 58 5449.251
28 59 2607.657
28 60 2993.512
28 61 4865.871
28 62 2428.138
28 63 5586.588
28 64 3543.940
28 65 4077.128
28 66 5887.851
28 67 1673.385
28 68 5363.910
28 69 2490.158
28 70 8221.299
28 71 4153.272
28 72 2899.810
28 73 5543.132
28 74 6554.254
28 75 6039.229
28 76 8455.308
28 77 5912.817
28 78 3768.310
28 79 6229.330
28 80 7833.683
28 81 4571.166
28 82 3158.546
28 83 6861.463
28 84 7097.581
28 85 6141.489
28 86 3147.975
28 87 3530.195
28 88 8154.582
28 89 7498.816
28 90 5573.277
28 91 4902.913
28 92 5342.336
28 93 3899.745
28 94 7709.793
28 95 4721.279
28 96 4147.787
28 97 2586.185
28 98 5026.603
28 99 8191.038
28 100 2667.051
29 0 4884.744
29 1 7288.505
29 2 7502.166
29 3 3894.835
29 4 4566.939
29 5 3829.488
29 6 5172.510
29 7 11172.576
29 8 2494.202
29 9 7910.090
29 10 9619.503
29 11 4354.720
29 12 8217.501
29 13 10370.502
29 14 9214.581
29 15 3902.003
29 16 7334.667
29 17 2064.433
29 18 4496.240
29 19 1001.831
29 20 4666.002
29 21 1409.980
29 22 9093.448
29 23 6187.450
29 24 2622.846
29 25 6846.068
29 26 7483.448
29 27 8116.358
29 28 3405.005
29 29 0.000
29 30 3855.253
29 31 3509.514
29 32 9809.275
29 33 3567.375
29 34 2376.213
29 35 5335.296
29 36 7797.361
29 37 4253.139
29 38 8973.568
29 39 10049.521
29 40 9157.802
29 41 2669.177
29 42 1465.840
29 43 4820.754
29 44 4565.078
29 45 3006.018
29 46 5703.122
29 47 3237.057
29 48 8809.470
29 49 6646.484
29 50 859.178
29 51 8755.016
29 52 1316.886
29 53 8859.201
29 54 5384.222
29 55 5017.360
29 56 5954.668
29 57 5237.289
29 58 6055.481
29 59 848.887
29 60 3401.941
29 61 2757.537
29 62 3056.008
29 63 7891.922
29 64 3341.159
29 65 4602.555
29 66 3453.794
29 67 4885.068
29 68 2928.474
29 69 1546.426
29 70 8472.759
29 71 5911.725
29 72 553.613
29 73 5670.023
29 74 9022.251
29 75 6992.106
29 76 8134.495
29 77 7483.035
29 78 4077.071
29 79 4319.854
29 80 6769.520
29 81 1207.707
29 82 1954.240
29 83 6419.009
29 84 6182.395
29 85 5424.903
29 86 5881.979
29 87 4401.227
29 88 10409.310
29 89 8961.989
29 90 4180.251
29 91 6656.084
29 92 6749.275
29 93 2867.289
29 94 7757.589
29 95 3863.717
29 96 951.460
29 97 3774.360
29 98 6023.510
29 99 7263.989
29 100 5316.812
30 0 3002.495
30 1 4767.544
30 2 6065.843
30 3 1440.768
30 4 772.484
30 5 6070.079
30 6 3035.043
30 7 7882.578
30 8 2815.674
30 9 8299.371
30 10 7451.152
30 11 1947.453
30 12 6195.564
30 13 7346.131
30 14 7543.081
30 15 548.354
30 16 4394.924
30 17 5411.544
30 18 4702.500
30 19 3425.850
30 20 5498.853
30 21 3472.930
30 22 5632.947
30 23 3604.328
30 24 4443.901
30 25 6468.972
30 26 7534.071
30 27 6479.814
30 28 560.523
30 29 3855.253
30 30 0.000
30 31 1729.211
30 32 6957.819
30 33 737.189
30 34 6165.000
30 35 1801.793
30 36 4735.352
30 37 794.120
30 38 6673.478
30 39 7390.605
30 40 8791.064
30 41 3375.872
30 42 4540.880
30 43 1840.830
30 44 4299.627
30 45 1253.731
30 46 2954.263
30 47 659.777
30 48 5993.288
30 49 3413.092
30 50 4672.971
30 51 8640.304
30 52 5170.520
30 53 6280.014
30 54 5555.693
30 55 2494.192
30 56 5904.097
30 57 3904.537
30 58 5172.977
30 59 3089.785
30 60 2917.626
30 61 5061.190
30 62 2397.748
30 63 5063.219
30 64 3522.658
30 65 3877.380
30 66 6098.937
30 67 1116.706
30 68 5591.180
30 69 2781.845
30 70 7941.192
30 71 3729.302
30 72 3329.368
30 73 5343.021
30 74 6011.249
30 75 5691.761
30 76 8259.885
30 77 5476.591
30 78 3631.138
30 79 6342.650
30 80 7768.614
30 81 4990.572
30 82 3359.550
30 83 6715.897
30 84 7023.416
30 85 6060.589
30 86 2605.069
30 87 3303.942
30 88 7622.496
30 89 7056.502
30 90 5623.580
30 91 4459.535
30 92 4941.148
30 93 3989.017
30 94 7468.903
30 95 4723.728
30 96 4539.631
30 97 2393.792
30 98 4699.735
30 99 8097.077
30 100 2144.669
31 0 1598.623
31 1 3875.159
31 2 4653.540
31 3 511.319
31 4 2370.675
31 5 4611.322
31 6 1793.035
31 7 7663.590
31 8 1451.993
31 9 6579.189
31 10 6403.577
31 11 845.220
31 12 5043.176
31 13 6877.342
31 14 6262.545
31 15 2242.194
31 16 3832.158
31 17 4454.918
31 18 2977.028
31 19 3552.881
31 20 3799.538
31 21 2534.710
31 22 5620.334
31 23 2722.712
31 24 3059.684
31 25 4801.290
31 26 5832.020
31 27 5158.262
31 28 1903.443
31 29 3509.514
31 30 1729.211
31 31 0.000
31 32 6345.239
31 33 994.554
31 34 5475.880
31 35 2094.441
31 36 4288.929
31 37 1356.973
31 38 5684.694
31 39 6641.195
31 40 7160.988
31 41 1903.263
31 42 3609.826
31 43 1373.208
31 44 2572.879
31 45 803.345
31 46 2198.238
31 47 1365.133
31 48 5343.380
31 49 3157.405
31 50 4363.701
31 51 6969.683
31 52 4747.402
31 53 5460.377
31 54 3827.381
31 55 1518.316
31 56 4189.513
31 57 2345.422
31 58 3560.644
31 59 3026.050
31 60 1220.614
31 61 3728.660
31 62 812.822
31 63 4411.810
31 64 1864.319
31 65 2175.338
31 66 4765.538
31 67 2038.081
31 68 4314.529
31 69 2008.208
31 70 6328.591
31 71 2566.996
31 72 2965.386
31 73 3642.909
31 74 5523.822
31 75 4218.427
31 76 6558.317
31 77 4293.962
31 78 1902.029
31 79 4808.466
31 80 6047.350
31 81 4391.828
31 82 2181.924
31 83 4990.525
31 84 5300.133
31 85 4336.636
31 86 2433.600
31 87 1628.549
31 88 6966.817
31 89 5868.526
31 90 4007.815
31 91 3343.469
31 92 3638.738
31 93 2483.682
31 94 5806.733
31 95 3064.849
31 96 3861.470
31 97 682.854
31 98 3188.992
31 99 6368.907
31 100 1875.811
32 0 4946.861
32 1 2543.926
32 2 3713.461
32 3 6068.525
32 4 6827.449
32 5 9250.502
32 6 4641.105
32 7 2029.287
32 8 7397.665
32 9 7399.125
32 10 1968.628
32 11 5520.838
32 12 2457.524
32 13 759.534
32 14 3168.894
32 15 7393.560
32 16 2574.341
32 17 10220.165
32 18 6580.760
32 19 9890.149
32 20 7353.882
32 21 8614.549
32 22 2393.722
32 23 3626.552
32 24 8380.504
32 25 5614.344
32 26 6542.015
32 27 3225.666
32 28 7492.594
32 29 9809.275
32 30 6957.819
32 31 6345.239
32 32 0.000
32 33 6692.239
32 34 11446.514
32 35 5195.103
32 36 2233.351
32 37 6185.964
32 38 1644.144
32 39 692.589
32 40 6249.009
32 41 7475.465
32 42 9524.789
32 43 5229.191
32 44 6085.660
32 45 7022.969
32 46 4170.309
32 47 7202.092
32 48 1001.918
32 49 3563.271
32 50 10643.936
32 51 6650.242
32 52 10961.718
32 53 1137.717
32 54 6455.026
32 55 4830.529
32 56 6124.028
32 57 4890.408
32 58 4928.593
32 59 9371.095
32 60 6536.595
32 61 8972.995
32 62 6766.407
32 63 1938.789
32 64 6893.961
32 65 5689.460
32 66 9755.725
32 67 5977.603
32 68 9545.726
32 69 8265.390
32 70 5612.901
32 71 3933.466
32 72 9281.754
32 73 5744.418
32 74 1009.231
32 75 4066.394
32 76 6923.665
32 77 2836.005
32 78 6152.582
32 79 9085.689
32 80 8184.938
32 81 10518.517
32 82 8108.603
32 83 6750.349
32 84 7670.632
32 85 7149.317
32 86 4355.955
32 87 5595.741
32 88 673.772
32 89 2575.225
32 90 8142.266
32 91 3265.428
32 92 3513.955
32 93 7715.941
32 94 5927.821
32 95 7369.589
32 96 9973.929
32 97 6040.800
32 98 4431.077
32 99 8056.785
32 100 4828.530
33 0 2377.625
33 1 4365.187
33 2 5468.721
33 3 781.284
33 4 1432.354
33 5 5406.066
33 6 2465.054
33 7 7788.905
33 8 2147.567
33 9 7571.727
33 10 7008.692
33 11 1353.624
33 12 5703.414
33 13 7143.445
33 14 7005.248
33 15 1250.043
33 16 4119.301
33 17 4915.858
33 18 3965.359
33 19 3327.577
33 20 4765.231
33 21 2951.371
33 22 5608.523
33 23 3182.986
33 24 3794.429
33 25 5766.992
33 26 6816.324
33 27 5921.046
33 28 970.603
33 29 3567.375
33 30 737.189
33 31 994.554
33 32 6692.239
33 33 0.000
33 34 5777.252
33 35 1778.219
33 36 4514.056
33 37 687.727
33 38 6250.761
33 39 7070.993
33 40 8107.731
33 41 2690.545
33 42 4043.678
33 43 1463.253
33 44 3567.252
33 45 631.719
33 46 2558.027
33 47 519.315
33 48 5704.071
33 49 3239.717
33 50 4417.564
33 51 7938.243
33 52 4876.653
33 53 5923.575
33 54 4821.911
33 55 1991.107
33 56 5179.372
33 57 3238.957
33 58 4492.523
33 59 2894.963
33 60 2182.286
33 61 4432.739
33 62 1674.903
33 63 4762.427
33 64 2795.080
33 65 3157.445
33 66 5476.171
33 67 1363.205
33 68 4984.718
33 69 2290.908
33 70 7264.958
33 71 3205.096
33 72 3017.815
33 73 4625.324
33 74 5789.691
33 75 5068.670
33 76 7542.561
33 77 4967.155
33 78 2896.257
33 79 5655.637
33 80 7031.617
33 81 4624.549
33 82 2757.318
33 83 5984.686
33 84 6286.260
33 85 5323.404
33 86 2430.627
33 87 2593.087
33 88 7343.297
33 89 6554.632
33 90 4911.046
33 91 3965.140
33 92 4380.357
33 93 3300.872
33 94 6770.157
33 95 3998.541
33 96 4135.866
33 97 1666.987
33 98 4057.253
33 99 7360.304
33 100 1891.255
34 0 6539.410
34 1 8906.113
34 2 8581.579
34 3 5938.713
34 4 6902.073
34 5 3282.653
34 6 6872.280
34 7 13010.398
34 8 4128.916
34 9 7887.598
34 10 10910.128
34 11 6288.521
34 12 9526.052
34 13 12080.035
34 14 10268.287
34 15 6259.311
34 16 9134.578
34 17 1299.341
34 18 5255.338
34 19 3205.344
34 20 4971.247
34 21 2944.527
34 22 11075.625
34 23 7928.480
34 24 3165.678
34 25 7435.257
34 26 7728.155
34 27 9238.548
34 28 5750.723
34 29 2376.213
34 30 6165.000
34 31 5475.880
34 32 11446.514
34 33 5777.252
34 34 0.000
34 35 7484.189
34 36 9626.956
34 37 6461.253
34 38 10369.688
34 39 11576.135
34 40 9478.412
34 41 3972.424
34 42 1927.120
34 43 6847.739
34 44 5568.620
34 45 5166.062
34 46 7556.451
34 47 5521.612
34 48 10472.053
34 49 8611.169
34 50 1767.197
34 51 8959.579
34 52 1232.888
34 53 10401.855
34 54 5922.382
34 55 6876.873
34 56 6504.275
34 57 6596.677
34 58 7047.273
34 59 3222.233
34 60 4926.462
34 61 2748.464
34 62 4813.494
34 63 9608.761
34 64 4563.841
34 65 5828.555
34 66 2640.090
34 67 7133.596
34 68 2397.226
34 69 3510.846
34 70 8954.608
34 71 7523.087
34 72 2851.463
34 73 6435.995
34 74 10772.551
34 75 8060.928
34 76 8254.340
34 77 8846.099
34 78 5326.335
34 79 3794.465
34 80 6490.973
34 81 1179.979
34 82 3379.258
34 83 6669.553
34 84 6115.137
34 85 5657.617
34 86 7909.325
34 87 5851.231
34 88 11989.708
34 89 10156.612
34 90 4201.351
34 91 8187.445
34 92 8094.618
34 93 3777.246
34 94 8173.954
34 95 4439.157
34 96 1641.672
34 97 5521.435
34 98 7239.638
34 99 7028.437
34 100 7351.071
35 0 2248.348
35 1 3191.481
35 2 4891.842
35 3 1588.027
35 4 1657.638
35 5 6639.710
35 6 2069.196
35 7 6085.662
35 8 3546.405
35 9 7790.315
35 10 5876.573
35 11 1501.558
35 12 4738.642
35 13 5553.680
35 14 6157.418
35 15 2200.600
35 16 2668.150
35 17 6527.576
35 18 4602.409
35 19 5092.506
35 20 5530.047
35 21 4577.605
35 22 3856.965
35 23 2139.804
35 24 5136.757
35 25 5769.663
35 26 6929.682
35 27 5175.058
35 28 2358.351
35 29 5335.296
35 30 1801.793
35 31 2094.441
35 32 5195.103
35 33 1778.219
35 34 7484.189
35 35 0.000
35 36 2962.485
35 37 1115.853
35 38 5079.822
35 39 5665.508
35 40 7902.843
35 41 3976.389
35 42 5669.394
35 43 870.356
35 44 4065.308
35 45 2336.145
35 46 1527.601
35 47 2203.120
35 48 4254.173
35 49 1632.322
35 50 6189.376
35 51 7875.266
35 52 6637.008
35 53 4603.328
35 54 5259.205
35 55 1479.287
35 56 5441.100
35 57 3175.417
35 58 4404.773
35 59 4672.699
35 60 3147.087
35 61 5810.685
35 62 2890.995
35 63 3346.734
35 64 3801.907
35 65 3522.298
35 66 6840.143
35 67 791.113
35 68 6402.335
35 69 3973.351
35 70 7033.323
35 71 2500.570
35 72 4783.090
35 73 4834.451
35 74 4229.718
35 75 4627.278
35 76 7631.376
35 77 4082.790
35 78 3528.314
35 79 6782.561
35 80 7587.826
35 81 6354.094
35 82 4268.783
35 83 6312.688
35 84 6842.319
35 85 5906.112
35 86 859.024
35 87 2951.898
35 88 5865.260
35 89 5599.258
35 90 5910.980
35 91 3084.668
35 92 3710.554
35 93 4527.799
35 94 6710.825
35 95 4932.233
35 96 5846.303
35 97 2405.940
35 98 3778.780
35 99 7810.776
35 100 646.290
36 0 3114.030
36 1 1248.810
36 2 3438.641
36 3 3948.742
36 4 4595.504
36 5 7854.205
36 6 2769.268
36 7 3389.059
36 8 5502.368
36 9 7162.613
36 10 3256.961
36 11 3444.549
36 12 2583.729
36 13 2629.401
36 14 3960.142
36 15 5162.169
36 16 506.466
36 17 8470.064
36 18 5251.662
36 19 7780.721
36 20 6151.738
36 21 6710.983
36 22 1704.304
36 23 1719.907
36 24 6722.746
36 25 5109.355
36 26 6242.224
36 27 3330.981
36 28 5276.631
36 29 7797.361
36 30 4735.352
36 31 4288.929
36 32 2233.351
36 33 4514.056
36 34 9626.956
36 35 2962.485
36 36 0.000
36 37 3973.638
36 38 2481.595
36 39 2739.165
36 40 6560.195
36 41 5689.703
36 42 7703.503
36 43 3062.613
36 44 4685.594
36 45 4899.081
36 46 2096.160
36 47 5014.124
36 48 1328.749
36 49 1330.222
36 50 8649.101
36 51 6769.827
36 52 9013.106
36 53 1819.952
36 54 5429.100
36 55 2784.051
36 56 5285.711
36 57 3407.275
36 58 3988.767
36 59 7285.926
36 60 4719.557
36 61 7367.644
36 62 4829.022
36 63 620.853
36 64 5198.430
36 65 4180.361
36 66 8266.054
36 67 3744.257
36 68 7967.413
36 69 6276.619
36 70 5752.546
36 71 2248.247
36 72 7254.311
36 73 4758.152
36 74 1278.668
36 75 3509.720
36 76 6806.882
36 77 2308.608
36 78 4541.654
36 79 7798.029
36 80 7547.941
36 81 8616.279
36 82 6247.871
36 83 6083.835
36 84 6901.942
36 85 6166.540
36 86 2130.285
36 87 3903.703
36 88 2904.989
36 89 3296.342
36 90 6834.875
36 91 1927.371
36 92 2561.736
36 93 6043.466
36 94 5768.176
36 95 5935.992
36 96 8074.134
36 97 4109.472
36 98 3315.494
36 99 7567.569
36 100 2627.738
37 0 2308.263
37 1 3973.425
37 2 5323.382
37 3 902.683
37 4 1107.290
37 5 5947.626
37 6 2295.854
37 7 7182.812
37 8 2718.177
37 9 7751.959
37 10 6657.812
37 11 1263.138
37 12 5409.628
37 13 6595.643
37 14 6768.382
37 15 1309.436
37 16 3616.376
37 17 5577.823
37 18 4267.223
37 19 3977.417
37 20 5128.354
37 21 3612.264
37 22 4970.186
37 23 2811.639
37 24 4364.152
37 25 5849.363
37 26 6951.165
37 27 5715.142
37 28 1307.110
37 29 4253.139
37 30 794.120
37 31 1356.973
37 32 6185.964
37 33 687.727
37 34 6461.253
37 35 1115.853
37 36 3973.638
37 37 0.000
37 38 5879.454
37 39 6606.221
37 40 8129.292
37 41 3225.804
37 42 4707.715
37 43 1051.019
37 44 3805.528
37 45 1299.148
37 46 2160.795
37 47 1087.699
37 48 5214.192
37 49 2664.215
37 50 5101.443
37 51 8013.373
37 52 5563.667
37 53 5489.191
37 54 5059.799
37 55 1728.792
37 56 5354.354
37 57 3242.786
37 58 4520.979
37 59 3566.200
37 60 2569.188
37 61 5019.348
37 62 2151.837
37 63 4280.258
37 64 3219.691
37 65 3330.189
37 66 6062.883
37 67 708.641
37 68 5587.382
37 69 2965.388
37 70 7270.721
37 71 2959.667
37 72 3704.460
37 73 4771.660
37 74 5252.062
37 75 4970.168
37 76 7673.254
37 77 4695.964
37 78 3169.361
37 79 6160.688
37 80 7335.560
37 81 5311.149
37 82 3379.019
37 83 6194.187
37 84 6584.904
37 85 5623.311
37 86 1849.751
37 87 2739.775
37 88 6847.529
37 89 6271.869
37 90 5364.408
37 91 3677.162
37 92 4181.745
37 93 3822.401
37 94 6838.435
37 95 4416.666
37 96 4819.599
37 97 1918.776
37 98 4002.139
37 99 7626.696
37 100 1360.169
38 0 4125.758
38 1 1907.360
38 2 2140.699
38 3 5527.917
38 4 6728.488
38 5 7909.329
38 6 3892.059
38 7 3672.036
38 8 6488.375
38 9 5757.388
38 10 801.069
38 11 4940.976
38 12 904.694
38 13 2393.436
38 14 1632.643
38 15 7173.895
38 16 2509.227
38 17 9100.915
38 18 5273.691
38 19 9206.859
38 20 5955.836
38 21 7675.584
38 22 3533.787
38 23 3074.908
38 24 7226.913
38 25 4024.610
38 26 4908.051
38 27 1595.827
38 28 7156.150
38 29 8973.568
38 30 6673.478
38 31 5684.694
38 32 1644.144
38 33 6250.761
38 34 10369.688
38 35 5079.822
38 36 2481.595
38 37 5879.454
38 38 0.000
38 39 1348.482
38 40 4638.571
38 41 6455.893
38 42 8481.726
38 43 4837.849
38 44 4842.984
38 45 6445.573
38 46 3720.276
38 47 6769.545
38 48 1413.380
38 49 3583.242
38 50 9770.438
38 51 5016.170
38 52 10026.013
38 53 756.586
38 54 5005.983
38 55 4264.898
38 56 4614.675
38 57 3788.773
38 58 3513.909
38 59 8655.103
38 60 5586.331
38 61 7766.975
38 62 5930.249
38 63 1885.214
38 64 5820.271
38 65 4541.237
38 66 8459.470
38 67 5861.952
38 68 8309.623
38 69 7436.183
38 70 3975.149
38 71 3118.689
38 72 8478.646
38 73 4305.648
38 74 1960.302
38 75 2559.536
38 76 5279.543
38 77 1523.664
38 78 5049.427
38 79 7691.538
38 80 6587.040
38 81 9537.953
38 82 7139.380
38 83 5176.301
38 84 6108.526
38 85 5664.328
38 86 4228.674
38 87 4592.319
38 88 1849.643
38 89 977.438
38 90 6776.309
38 91 2344.553
38 92 2275.438
38 93 6593.098
38 94 4286.708
38 95 6094.637
38 96 9000.456
38 97 5236.501
38 98 3148.161
38 99 6435.300
38 100 4558.962
39 0 5164.805
39 1 2769.249
39 2 3488.776
39 3 6407.322
39 4 7315.801
39 5 9221.691
39 6 4884.406
39 7 2480.841
39 8 7596.472
39 9 7034.530
39 10 1409.458
39 11 5840.127
39 12 2248.026
39 13 1228.111
39 14 2662.026
39 15 7849.136
39 16 3001.078
39 17 10325.263
39 18 6568.290
39 19 10193.885
39 20 7282.525
39 21 8804.818
39 22 3083.556
39 23 3925.557
39 24 8462.781
39 25 5366.062
39 26 6210.615
39 27 2924.022
39 28 7911.601
39 29 10049.521
39 30 7390.605
39 31 6641.195
39 32 692.589
39 33 7070.993
39 34 11576.135
39 35 5665.508
39 36 2739.165
39 37 6606.221
39 38 1348.482
39 39 0.000
39 40 5763.686
39 41 7623.207
39 42 9667.726
39 43 5612.194
39 44 6109.669
39 45 7355.094
39 46 4517.601
39 47 7587.161
39 48 1414.917
39 49 4048.043
39 50 10869.666
39 51 6205.156
39 52 11159.770
39 53 1190.430
39 54 6343.906
39 55 5146.916
39 56 5961.871
39 57 4980.803
39 58 4838.798
39 59 9660.136
39 60 6712.098
39 61 9027.478
39 62 6993.807
39 63 2327.681
39 64 7012.372
39 65 5762.838
39 66 9757.079
39 67 6455.165
39 68 9583.774
39 69 8503.246
39 70 5184.356
39 71 4137.925
39 72 9534.425
39 73 5639.785
39 74 1627.054
39 75 3903.456
39 76 6534.954
39 77 2783.017
39 78 6252.116
39 79 9019.517
39 80 7921.523
39 81 10694.407
39 82 8282.941
39 83 6520.652
39 84 7454.532
39 85 7009.451
39 86 4811.883
39 87 5739.892
39 88 508.291
39 89 2141.220
39 90 8094.881
39 91 3408.897
39 92 3515.698
39 93 7812.549
39 94 5571.805
39 95 7379.346
39 96 10151.956
39 97 6276.575
39 98 4420.832
39 99 7752.390
39 100 5246.828
40 0 5822.209
40 1 5378.784
40 2 3167.457
40 3 7351.504
40 4 9224.134
40 5 6250.465
40 6 5884.441
40 7 8237.939
40 8 6989.125
40 9 1895.737
40 10 4359.060
40 11 6869.091
40 12 4058.705
40 13 6961.812
40 14 3101.667
40 15 9336.421
40 16 6287.321
40 17 8229.488
40 18 4686.145
40 19 9831.729
40 20 4571.154
40 21 7765.934
40 22 8025.277
40 23 5905.948
40 24 6615.079
40 25 2392.018
40 26 1750.445
40 27 3250.961
40 28 9059.156
40 29 9157.802
40 30 8791.064
40 31 7160.988
40 32 6249.009
40 33 8107.731
40 34 9478.412
40 35 7902.843
40 36 6560.195
40 37 8129.292
40 38 4638.571
40 39 5763.686
40 40 0.000
40 41 6588.748
40 42 8023.445
40 43 7210.172
40 44 4775.063
40 45 7919.146
40 46 6409.187
40 47 8525.926
40 48 5959.228
40 49 7049.935
40 50 9703.885
40 51 644.386
40 52 9707.327
40 53 5340.009
40 54 3774.180
40 55 6489.529
40 56 3213.488
40 57 4890.432
40 58 3618.114
40 59 9271.222
40 60 6258.053
40 61 6793.469
40 62 6835.811
40 63 5971.966
40 64 5975.838
40 65 5016.496
40 66 6915.333
40 67 8498.050
40 68 7081.382
40 69 7945.462
40 70 869.621
40 71 5417.850
40 72 8855.512
40 73 3606.492
40 74 6535.163
40 75 3298.170
40 76 1354.966
40 77 4265.612
40 78 5425.558
40 79 5789.958
40 80 3364.405
40 81 9129.584
40 82 7255.106
40 83 2815.614
40 84 3439.062
40 85 3838.270
40 86 7274.784
40 87 5532.850
40 88 6248.350
40 89 3675.713
40 90 5281.682
40 91 5007.405
40 92 4289.278
40 93 6291.504
40 94 1409.556
40 95 5304.134
40 96 8705.458
40 97 6482.284
40 98 4145.570
40 99 2909.793
40 100 7256.563
41 0 2580.164
41 1 4933.918
41 2 4851.744
41 3 2413.083
41 4 4118.623
41 5 2723.069
41 6 2921.078
41 7 9058.481
41 8 575.283
41 9 5549.602
41 10 7050.340
41 11 2544.657
41 12 5649.004
41 13 8108.223
41 14 6566.960
41 15 3774.489
41 16 5190.236
41 17 2780.649
41 18 1906.377
41 19 3245.265
41 20 2366.381
41 21 1269.768
41 22 7212.839
41 23 3976.179
41 24 1160.374
41 25 4228.569
41 26 4988.702
41 27 5479.205
41 28 3292.239
41 29 2669.177
41 30 3375.872
41 31 1903.263
41 32 7475.465
41 33 2690.545
41 34 3972.424
41 35 3976.389
41 36 5689.703
41 37 3225.804
41 38 6455.893
41 39 7623.207
41 40 6588.748
41 41 0.000
41 42 2049.434
41 43 3179.236
41 44 1898.693
41 45 2124.227
41 46 3665.656
41 47 2786.206
41 48 6499.629
41 49 4778.625
41 50 3378.228
41 51 6242.137
41 52 3580.011
41 53 6441.991
41 54 2842.403
41 55 3015.773
41 56 3377.816
41 57 2667.617
41 58 3387.139
41 59 2682.516
41 60 970.831
41 61 1835.098
41 62 1091.040
41 63 5641.134
41 64 673.759
41 65 1960.710
41 66 2865.024
41 67 3925.861
41 68 2431.701
41 69 1363.911
41 70 5860.233
41 71 3551.005
41 72 2289.092
41 73 3028.245
41 74 6806.899
41 75 4336.771
41 76 5681.758
41 77 4937.681
41 78 1432.896
41 79 2967.546
41 80 4673.903
41 81 3082.071
41 82 717.698
41 83 3971.220
41 84 3974.638
41 85 3072.120
41 86 4171.576
41 87 1884.364
41 88 8026.355
41 89 6351.279
41 90 2283.786
41 91 4221.916
41 92 4188.392
41 93 613.226
41 94 5179.337
41 95 1506.520
41 96 2545.859
41 97 1658.962
41 98 3397.935
41 99 5091.912
41 100 3654.526
42 0 4612.313
42 1 6982.711
42 2 6769.813
42 3 4093.879
42 4 5308.144
42 5 2370.220
42 6 4945.710
42 7 11084.891
42 8 2216.308
42 9 6633.016
42 10 9048.722
42 11 4398.651
42 12 7654.471
42 13 10154.135
42 14 8476.227
42 15 4744.797
42 16 7209.666
42 17 872.987
42 18 3514.706
42 19 2450.666
42 20 3455.394
42 21 1096.093
42 22 9172.009
42 23 6002.106
42 24 1420.737
42 25 5814.752
42 26 6300.929
42 27 7417.577
42 28 4217.413
42 29 1465.840
42 30 4540.880
42 31 3609.826
42 32 9524.789
42 33 4043.678
42 34 1927.120
42 35 5669.394
42 36 7703.503
42 37 4707.715
42 38 8481.726
42 39 9667.726
42 40 8023.445
42 41 2049.434
42 42 0.000
42 43 4981.320
42 44 3743.750
42 45 3413.642
42 46 5640.625
42 47 3881.188
42 48 8547.539
42 49 6711.704
42 50 1713.530
42 51 7569.137
42 52 1691.909
42 53 8488.906
42 54 4301.935
42 55 4965.466
42 56 4889.388
42 57 4696.351
42 58 5250.088
42 59 2124.489
42 60 2999.406
42 61 1339.310
42 62 2906.473
42 63 7681.746
42 64 2661.731
42 65 3946.863
42 66 1995.393
42 67 5404.873
42 68 1463.855
42 69 1762.411
42 70 7405.906
42 71 5597.837
42 72 1582.530
42 73 4718.031
42 74 8845.432
42 75 6248.326
42 76 6910.087
42 77 6959.017
42 78 3432.529
42 79 2870.516
42 80 5404.514
42 81 1124.707
42 82 1461.100
42 83 5224.188
42 84 4868.628
42 85 4203.856
42 86 6032.640
42 87 3932.616
42 88 10074.582
42 89 8318.601
42 90 2845.798
42 91 6270.359
42 92 6207.287
42 93 1924.884
42 94 6652.907
42 95 2755.664
42 96 692.809
42 97 3603.746
42 98 5376.170
42 99 5915.841
42 100 5481.833
43 0 1434.378
43 1 2935.602
43 2 4312.954
43 3 926.609
43 4 2050.836
43 5 5801.957
43 6 1325.875
43 7 6382.242
43 8 2797.567
43 9 6987.543
43 10 5611.972
43 11 646.851
43 12 4358.771
43 13 5689.975
43 14 5723.100
43 15 2359.837
43 16 2657.138
43 17 5821.391
43 18 3733.822
43 19 4726.329
43 20 4659.829
43 21 3907.856
43 22 4273.686
43 23 1764.735
43 24 4335.193
43 25 5002.866
43 26 6144.964
43 27 4679.198
43 28 2320.434
43 29 4820.754
43 30 1840.830
43 31 1373.208
43 32 5229.191
43 33 1463.253
43 34 6847.739
43 35 870.356
43 36 3062.613
43 37 1051.019
43 38 4837.849
43 39 5612.194
43 40 7210.172
43 41 3179.236
43 42 4981.320
43 43 0.000
43 44 3201.583
43 45 1849.526
43 46 1118.146
43 47 1976.114
43 48 4240.959
43 49 1831.173
43 50 5679.769
43 51 7140.156
43 52 6088.726
43 53 4473.931
43 54 4408.644
43 55 723.163
43 56 4616.780
43 57 2383.016
43 58 3645.173
43 59 4247.500
43 60 2306.554
43 61 5012.057
43 62 2116.360
43 63 3299.524
43 64 2953.765
43 65 2664.666
43 66 6030.048
43 67 1288.800
43 68 5610.854
43 69 3362.535
43 70 6344.058
43 71 1924.996
43 72 4268.717
43 73 4013.878
43 74 4333.902
43 75 3988.262
43 76 6856.082
43 77 3647.501
43 78 2657.959
43 79 5928.409
43 80 6733.383
43 81 5754.101
43 82 3543.088
43 83 5483.130
43 84 5985.926
43 85 5044.594
43 86 1066.649
43 87 2087.596
43 88 5880.134
43 89 5221.281
43 90 5047.439
43 91 2628.114
43 92 3154.675
43 93 3706.335
43 94 5967.778
43 95 4067.470
43 96 5228.054
43 97 1560.851
43 98 3064.604
43 99 6969.363
43 100 503.605
44 0 1893.157
44 1 3652.363
44 2 3026.360
44 3 2913.919
44 4 4894.574
44 5 3193.479
44 6 2194.466
44 7 7875.025
44 8 2225.677
44 9 4010.747
44 10 5345.994
44 11 2627.479
44 12 3974.699
44 13 6785.815
44 14 4733.192
44 15 4814.555
44 16 4185.886
44 17 4281.388
44 18 582.495
44 19 5117.960
44 20 1529.956
44 21 3158.162
44 22 6361.020
44 23 3043.441
44 24 2403.963
44 25 2385.252
44 26 3299.520
44 27 3676.823
44 28 4448.489
44 29 4565.078
44 30 4299.627
44 31 2572.879
44 32 6085.660
44 33 3567.252
44 34 5568.620
44 35 4065.308
44 36 4685.594
44 37 3805.528
44 38 4842.984
44 39 6109.669
44 40 4775.063
44 41 1898.693
44 42 3743.750
44 43 3201.583
44 44 0.000
44 45 3243.330
44 46 3055.106
44 47 3900.323
44 48 5179.880
44 49 4173.875
44 50 5244.058
44 51 4496.079
44 52 5389.549
44 53 4977.530
44 54 1258.070
44 55 2649.674
44 56 1640.885
44 57 1278.334
44 58 1511.783
44 59 4547.174
44 60 1500.717
44 61 2924.022
44 62 2087.504
44 63 4453.017
44 64 1236.951
44 65 562.843
44 66 3671.113
44 67 4373.825
44 68 3474.106
44 69 3209.256
44 70 4005.599
44 71 2447.331
44 72 4183.385
44 73 1169.009
44 74 5593.153
44 75 2504.760
44 76 4022.186
44 77 3331.639
44 78 681.415
44 79 3112.447
44 80 3544.344
44 81 4852.099
44 82 2610.845
44 83 2417.829
44 84 2793.857
44 85 1844.014
44 86 3855.189
44 87 1113.991
44 88 6558.732
44 89 4588.524
44 90 2149.453
44 91 2877.316
44 92 2594.367
44 93 1818.967
44 94 3373.143
44 95 1285.937
44 96 4342.152
44 97 1909.305
44 98 1695.023
44 99 3821.168
44 100 3512.281
45 0 2395.223
45 1 4603.592
45 2 5456.771
45 3 954.933
45 4 2009.778
45 5 4817.716
45 6 2566.074
45 7 8231.756
45 8 1561.955
45 9 7248.608
45 10 7177.061
45 11 1516.225
45 12 5828.346
45 13 7518.072
45 14 7062.882
45 15 1665.172
45 16 4470.716
45 17 4285.385
45 18 3575.510
45 19 2881.641
45 20 4311.932
45 21 2320.318
45 22 6101.746
45 23 3430.398
45 24 3194.620
45 25 5543.953
45 26 6537.197
45 27 5959.931
45 28 1224.751
45 29 3006.018
45 30 1253.731
45 31 803.345
45 32 7022.969
45 33 631.719
45 34 5166.062
45 35 2336.145
45 36 4899.081
45 37 1299.148
45 38 6445.573
45 39 7355.094
45 40 7919.146
45 41 2124.227
45 42 3413.642
45 43 1849.526
45 44 3243.330
45 45 0.000
45 46 2852.694
45 47 683.249
45 48 6024.291
45 49 3678.913
45 50 3863.430
45 51 7703.428
45 52 4301.903
45 53 6184.618
45 54 4474.188
45 55 2208.561
45 56 4881.784
45 57 3142.333
45 58 4337.627
45 59 2398.314
45 60 1771.544
45 61 3821.526
45 62 1203.452
45 63 5084.190
45 64 2322.581
45 65 2907.144
45 66 4863.094
45 67 1991.286
45 68 4365.108
45 69 1666.260
45 70 7096.175
45 71 3337.566
45 72 2452.581
45 73 4361.485
45 74 6160.499
45 75 5019.437
45 76 7261.932
45 77 5080.598
45 78 2561.917
45 79 5089.677
45 80 6609.403
45 81 4023.313
45 82 2133.695
45 83 5648.318
45 84 5872.852
45 85 4916.861
45 86 2892.581
45 87 2394.249
45 88 7659.041
45 89 6660.169
45 90 4385.291
45 91 4113.819
45 92 4436.598
45 93 2737.432
45 94 6549.695
45 95 3508.884
45 96 3524.608
45 97 1447.322
45 98 3988.730
45 99 6966.730
45 100 2331.025
46 0 1195.502
46 1 1817.528
46 2 3365.349
46 3 1898.564
46 4 3078.624
46 5 6045.171
46 6 864.029
46 7 5481.894
46 8 3427.599
46 9 6434.651
46 10 4497.018
46 11 1358.472
46 12 3269.124
46 13 4681.184
46 14 4662.442
46 15 3462.619
46 16 1633.977
46 17 6431.475
46 18 3635.268
46 19 5723.541
46 20 4584.921
46 21 4626.525
46 22 3547.183
46 23 652.814
46 24 4756.656
46 25 4366.441
46 26 5544.975
46 27 3655.750
46 28 3438.362
46 29 5703.122
46 30 2954.263
46 31 2198.238
46 32 4170.309
46 33 2558.027
46 34 7556.451
46 35 1527.601
46 36 2096.160
46 37 2160.795
46 38 3720.276
46 39 4517.601
46 40 6409.187
46 41 3665.656
46 42 5640.625
46 43 1118.146
46 44 3055.106
46 45 2852.694
46 46 0.000
46 47 3076.402
46 48 3171.799
46 49 1147.455
46 50 6553.665
46 51 6416.719
46 52 6917.717
46 53 3365.549
46 54 4102.455
46 55 688.078
46 56 4171.343
46 57 1908.237
46 58 3013.112
46 59 5213.242
46 60 2699.612
46 61 5422.423
46 62 2745.243
46 63 2231.520
46 64 3250.169
46 65 2494.425
46 66 6380.290
46 67 2237.217
46 68 6028.635
46 69 4180.478
46 70 5540.037
46 71 991.439
46 72 5161.972
46 73 3567.521
46 74 3326.234
46 75 3117.739
46 76 6225.685
46 77 2580.970
46 78 2707.387
46 79 6075.311
46 80 6412.544
46 81 6527.238
46 82 4179.979
46 83 5044.782
46 84 5689.019
46 85 4808.516
46 86 893.268
46 87 2047.024
46 88 4807.951
46 89 4133.465
46 90 5134.087
46 91 1568.516
46 92 2183.593
46 93 4083.891
46 94 5266.971
46 95 4171.513
46 96 5986.613
46 97 2036.919
46 98 2340.324
46 99 6568.966
46 100 902.369
47 0 2860.022
47 1 4884.487
47 2 5952.394
47 3 1274.247
47 4 1430.069
47 5 5450.541
47 6 2967.881
47 7 8262.657
47 8 2215.518
47 9 7910.434
47 10 7526.210
47 11 1858.955
47 12 6216.042
47 13 7642.957
47 14 7507.502
47 15 988.713
47 16 4628.024
47 17 4752.055
47 18 4250.953
47 19 2894.675
47 20 4995.139
47 21 2814.066
47 22 6057.690
47 23 3702.301
47 24 3819.040
47 25 6165.177
47 26 7183.345
47 27 6418.370
47 28 548.516
47 29 3237.057
47 30 659.777
47 31 1365.133
47 32 7202.092
47 33 519.315
47 34 5521.612
47 35 2203.120
47 36 5014.124
47 37 1087.699
47 38 6769.545
47 39 7587.161
47 40 8525.926
47 41 2786.206
47 42 3881.188
47 43 1976.114
47 44 3900.323
47 45 683.249
47 46 3076.402
47 47 0.000
47 48 6216.387
47 49 3725.611
47 50 4069.854
47 51 8332.123
47 52 4553.914
47 53 6441.878
47 54 5140.787
47 55 2508.065
47 56 5532.958
47 57 3688.390
47 58 4921.837
47 59 2505.925
47 60 2446.519
47 61 4423.707
47 62 1885.278
47 63 5275.347
47 64 3005.826
47 65 3534.188
47 66 5457.389
47 67 1653.643
47 68 4944.553
47 69 2122.177
47 70 7691.975
47 71 3715.749
47 72 2700.868
47 73 4998.712
47 74 6291.589
47 75 5540.234
47 76 7909.204
47 77 5477.595
47 78 3219.970
47 79 5742.034
47 80 7291.327
47 81 4351.080
47 82 2717.038
47 83 6312.957
47 84 6553.679
47 85 5596.384
47 86 2912.080
47 87 2993.681
47 88 7855.311
47 89 7065.070
47 90 5058.771
47 91 4479.155
47 92 4879.529
47 93 3397.866
47 94 7170.882
47 95 4190.754
47 96 3890.649
47 97 2046.284
47 98 4520.008
47 99 7645.139
47 100 2386.674
48 0 3955.293
48 1 1567.855
48 2 3102.452
48 3 5070.364
48 4 5902.113
48 5 8365.513
48 6 3644.698
48 7 2724.145
48 8 6406.484
48 9 6889.281
48 10 2084.775
48 11 4519.966
48 12 1926.735
48 13 1616.067
48 14 3038.983
48 15 6443.283
48 16 1598.393
48 17 9256.637
48 18 5697.072
48 19 8889.118
48 20 6510.908
48 21 7624.198
48 22 2121.579
48 23 2624.940
48 24 7430.831
48 25 4974.898
48 26 5996.107
48 27 2749.260
48 28 6521.212
48 29 8809.470
48 30 5993.288
48 31 5343.380
48 32 1001.918
48 33 5704.071
48 34 10472.053
48 35 4254.173
48 36 1328.749
48 37 5214.192
48 38 1413.380
48 39 1414.917
48 40 5959.228
48 41 6499.629
48 42 8547.539
48 43 4240.959
48 44 5179.880
48 45 6024.291
48 46 3171.799
48 47 6216.387
48 48 0.000
48 49 2633.396
48 50 9645.688
48 51 6280.174
48 52 9968.129
48 53 656.796
48 54 5654.676
48 55 3829.134
48 56 5378.082
48 57 3952.691
48 58 4129.142
48 59 8369.292
48 60 5553.260
48 61 8036.336
48 62 5769.936
48 63 942.205
48 64 5931.421
48 65 4755.488
48 66 8848.714
48 67 5042.861
48 68 8616.880
48 69 7266.375
48 70 5234.652
48 71 2950.045
48 72 8280.920
48 73 4946.291
48 74 577.047
48 75 3365.798
48 76 6456.695
48 77 2073.583
48 78 5201.820
48 79 8229.399
48 80 7531.134
48 81 9530.351
48 82 7123.056
48 83 6071.069
48 84 6966.130
48 85 6369.756
48 86 3403.381
48 87 4626.792
48 88 1639.278
48 89 2371.111
48 90 7275.579
48 91 2317.963
48 92 2665.137
48 93 6761.035
48 94 5428.076
48 95 6465.704
48 96 8985.582
48 97 5043.625
48 98 3570.142
48 99 7455.919
48 100 3854.180
49 0 2341.239
49 1 1812.390
49 2 3892.537
49 3 2752.955
49 4 3269.886
49 5 7192.625
49 6 2002.827
49 7 4555.429
49 8 4496.390
49 9 7312.966
49 10 4383.757
49 11 2325.175
49 12 3410.601
49 13 3933.940
49 14 4853.236
49 15 3832.431
49 16 1083.484
49 17 7522.840
49 18 4756.194
49 19 6548.200
49 20 5702.151
49 21 5667.710
49 22 2465.513
49 23 1239.914
49 24 5888.028
49 25 5220.605
49 26 6401.261
49 27 4003.173
49 28 3959.608
49 29 6646.484
49 30 3413.092
49 31 3157.405
49 32 3563.271
49 33 3239.717
49 34 8611.169
49 35 1632.322
49 36 1330.222
49 37 2664.215
49 38 3583.242
49 39 4048.043
49 40 7049.935
49 41 4778.625
49 42 6711.704
49 43 1831.173
49 44 4173.875
49 45 3678.913
49 46 1147.455
49 47 3725.611
49 48 2633.396
49 49 0.000
49 50 7504.856
49 51 7145.089
49 52 7902.736
49 53 3030.974
49 54 5155.962
49 55 1762.858
49 56 5158.657
49 57 2967.751
49 58 3921.638
49 59 6077.205
49 60 3821.803
49 61 6557.418
49 62 3805.324
49 63 1755.001
49 64 4390.729
49 65 3618.391
49 66 7523.661
49 67 2414.927
49 68 7163.893
49 69 5165.434
49 70 6194.986
49 71 1858.993
49 72 6095.647
49 73 4569.715
49 74 2599.796
49 75 3780.919
49 76 7045.129
49 77 2879.625
49 78 3853.466
49 79 7219.050
49 80 7430.298
49 81 7546.595
49 82 5252.533
49 83 6018.913
49 84 6724.765
49 85 5878.073
49 86 814.841
49 87 3192.536
49 88 4234.162
49 89 4235.815
49 90 6274.265
49 91 2045.152
49 92 2770.228
49 93 5219.109
49 94 6040.647
49 95 5315.827
49 96 7012.769
49 97 3126.829
49 98 3218.119
49 99 7544.279
49 100 1352.993
50 0 5707.291
50 1 8115.495
50 2 8229.774
50 3 4753.710
50 4 5364.062
50 5 4002.633
50 6 6003.371
50 7 12027.281
50 8 3282.478
50 9 8345.464
50 10 10399.275
50 11 5208.817
50 12 8995.959
50 13 11214.027
50 14 9945.053
50 15 4679.116
50 16 8183.271
50 17 1947.073
50 18 5108.226
50 19 1454.970
50 20 5149.393
50 21 2113.172
50 22 9952.606
50 23 7027.438
50 24 3090.377
50 25 7447.014
50 26 7994.340
50 27 8856.658
50 28 4199.315
50 29 859.178
50 30 4672.971
50 31 4363.701
50 32 10643.936
50 33 4417.564
50 34 1767.197
50 35 6189.376
50 36 8649.101
50 37 5101.443
50 38 9770.438
50 39 10869.666
50 40 9703.885
50 41 3378.228
50 42 1713.530
50 43 5679.769
50 44 5244.058
50 45 3863.430
50 46 6553.665
50 47 4069.854
50 48 9645.688
50 49 7504.856
50 50 0.000
50 51 9265.228
50 52 549.618
50 53 9679.327
50 54 5951.468
50 55 5866.840
50 56 6534.026
50 57 6008.138
50 58 6751.450
50 59 1592.086
50 60 4184.802
50 61 3043.731
50 62 3879.564
50 63 8732.916
50 64 4050.168
50 65 5336.832
50 66 3511.285
50 67 5722.398
50 68 3044.251
50 69 2380.434
50 70 9058.640
50 71 6732.880
50 72 1412.372
50 73 6304.208
50 74 9868.397
50 75 7714.009
50 76 8614.859
50 77 8268.723
50 78 4808.661
50 79 4521.986
50 80 7110.824
50 81 817.107
50 82 2663.951
50 83 6919.110
50 84 6582.154
50 85 5903.408
50 86 6741.157
50 87 5182.269
50 88 11237.543
50 89 9720.985
50 90 4559.326
50 91 7467.735
50 92 7528.005
50 93 3469.570
50 94 8319.871
50 95 4405.159
50 96 1021.336
50 97 4603.522
50 98 6770.754
50 99 7625.586
50 100 6175.985
51 0 5723.148
51 1 5553.358
51 2 3332.834
51 3 7200.561
51 4 9117.442
51 5 5706.254
51 6 5822.839
51 7 8661.694
51 8 6675.621
51 9 1255.862
51 10 4816.273
51 11 6750.423
51 12 4356.207
51 13 7380.311
51 14 3558.095
51 15 9180.350
51 16 6457.904
51 17 7728.432
51 18 4337.137
51 19 9469.211
51 20 4116.003
51 21 7379.746
51 22 8300.526
51 23 5959.554
51 24 6176.125
51 25 2171.564
51 26 1272.345
51 27 3534.056
51 28 8873.118
51 29 8755.016
51 30 8640.304
51 31 6969.683
51 32 6650.242
51 33 7938.243
51 34 8959.579
51 35 7875.266
51 36 6769.827
51 37 8013.373
51 38 5016.170
51 39 6205.156
51 40 644.386
51 41 6242.137
51 42 7569.137
51 43 7140.156
51 44 4496.079
51 45 7703.428
51 46 6416.719
51 47 8332.123
51 48 6280.174
51 49 7145.089
51 50 9265.228
51 51 0.000
51 52 9242.048
51 53 5684.539
51 54 3400.890
51 55 6428.382
51 56 2876.491
51 57 4775.029
51 58 3498.617
51 59 8916.817
51 60 5995.340
51 61 6308.793
51 62 6580.421
51 63 6203.118
51 64 5656.987
51 65 4798.905
51 66 6369.895
51 67 8427.685
51 68 6563.864
51 69 7605.604
51 70 1045.955
51 71 5429.750
51 72 8480.271
51 73 3344.584
51 74 6857.037
51 75 3364.272
51 76 735.367
51 77 4461.231
51 78 5165.975
51 79 5231.579
51 80 2740.205
51 81 8662.644
51 82 6885.198
51 83 2346.130
51 84 2871.232
51 85 3365.480
51 86 7299.239
51 87 5345.952
51 88 6699.900
51 89 4079.969
51 90 4781.297
51 91 5103.121
51 92 4376.277
51 93 5900.669
51 94 1175.096
51 95 4891.305
51 96 8256.948
51 97 6286.949
51 98 4096.557
51 99 2272.779
51 100 7231.016
52 0 6014.995
52 1 8422.767
52 2 8404.985
52 3 5162.639
52 4 5875.319
52 5 3803.238
52 6 6324.250
52 7 12399.340
52 8 3566.059
52 9 8270.714
52 10 10630.148
52 11 5588.770
52 12 9228.334
52 13 11551.328
52 14 10118.024
52 15 5199.533
52 16 8538.205
52 17 1664.826
52 18 5196.387
52 19 2004.573
52 20 5136.305
52 21 2355.215
52 22 10360.780
52 23 7363.286
52 24 3112.585
52 25 7506.172
52 26 7977.641
52 27 9043.657
52 28 4711.269
52 29 1316.886
52 30 5170.520
52 31 4747.402
52 32 10961.718
52 33 4876.653
52 34 1232.888
52 35 6637.008
52 36 9013.106
52 37 5563.667
52 38 10026.013
52 39 11159.770
52 40 9707.327
52 41 3580.011
52 42 1691.909
52 43 6088.726
52 44 5389.549
52 45 4301.903
52 46 6917.717
52 47 4553.914
52 48 9968.129
52 49 7902.736
52 50 549.618
52 51 9242.048
52 52 0.000
52 53 9971.289
52 54 5993.845
52 55 6229.645
52 56 6581.273
52 57 6242.989
52 58 6901.229
52 59 2112.784
52 60 4449.189
52 61 2945.645
52 62 4201.613
52 63 9067.391
52 64 4239.119
52 65 5535.719
52 66 3255.026
52 67 6201.035
52 68 2838.657
52 69 2740.726
52 70 9097.284
52 71 7034.009
52 72 1859.561
52 73 6399.779
52 74 10214.029
52 75 7885.234
52 76 8571.806
52 77 8512.625
52 78 5009.862
52 79 4329.966
52 80 6978.500
52 81 579.756
52 82 2886.641
52 83 6900.949
52 84 6493.783
52 85 5877.863
52 86 7154.422
52 87 5435.099
52 88 11541.810
52 89 9927.276
52 90 4481.487
52 91 7751.148
52 92 7765.358
52 93 3579.311
52 94 8342.213
52 95 4447.253
52 96 1047.404
52 97 4928.731
52 98 6974.007
52 99 7503.457
52 100 6589.178
53 0 3974.460
53 1 1585.228
53 2 2605.591
53 3 5241.770
53 4 6260.964
53 5 8127.229
53 6 3696.124
53 7 3120.308
53 8 6407.108
53 9 6349.931
53 10 1458.317
53 11 4668.410
53 12 1368.397
53 13 1886.710
53 14 2384.528
53 15 6756.854
53 16 1949.312
53 17 9158.613
53 18 5460.110
53 19 9011.712
53 20 6220.287
53 21 7616.674
53 22 2777.637
53 23 2755.183
53 24 7303.929
53 25 4503.980
53 26 5472.724
53 27 2176.049
53 28 6788.103
53 29 8859.201
53 30 6280.014
53 31 5460.377
53 32 1137.717
53 33 5923.575
53 34 10401.855
53 35 4603.328
53 36 1819.952
53 37 5489.191
53 38 756.586
53 39 1190.430
53 40 5340.009
53 41 6441.991
53 42 8488.906
53 43 4473.931
53 44 4977.530
53 45 6184.618
53 46 3365.549
53 47 6441.878
53 48 656.796
53 49 3030.974
53 50 9679.327
53 51 5684.539
53 52 9971.289
53 53 0.000
53 54 5317.447
53 55 3976.530
53 56 4989.100
53 57 3813.863
53 58 3791.473
53 59 8475.122
53 60 5524.965
53 61 7881.929
53 62 5803.420
53 63 1277.448
53 64 5838.729
53 65 4604.588
53 66 8642.367
53 67 5393.886
53 68 8447.200
53 69 7312.974
53 70 4638.842
53 71 2947.532
53 72 8344.758
53 73 4606.904
53 74 1211.025
53 75 2935.454
53 76 5897.388
53 77 1699.102
53 78 5084.020
53 79 7953.807
53 80 7073.808
53 81 9508.898
53 82 7096.827
53 83 5629.736
53 84 6544.533
53 85 6011.943
53 86 3744.306
53 87 4557.709
53 88 1589.929
53 89 1719.640
53 90 7013.663
53 91 2222.291
53 92 2390.897
53 93 6647.342
53 94 4880.650
53 95 6257.471
53 96 8965.935
53 97 5086.633
53 98 3307.346
53 99 6965.350
53 100 4137.773
54 0 3026.809
54 1 4259.459
54 2 2920.172
54 3 4171.005
54 4 6151.707
54 5 2984.297
54 6 3278.494
54 7 8377.671
54 8 3294.779
54 9 2778.114
54 10 5342.484
54 11 3862.312
54 12 4101.294
54 13 7196.735
54 14 4473.681
54 15 6067.063
54 16 4957.542
54 17 4629.912
54 18 944.033
54 19 6070.262
54 20 1001.647
54 21 3992.378
54 22 7133.284
54 23 3944.647
54 24 2881.373
54 25 1519.082
54 26 2147.384
54 27 3570.721
54 28 5689.285
54 29 5384.222
54 30 5555.693
54 31 3827.381
54 32 6455.026
54 33 4821.911
54 34 5922.382
54 35 5259.205
54 36 5429.100
54 37 5059.799
54 38 5005.983
54 39 6343.906
54 40 3774.180
54 41 2842.403
54 42 4301.935
54 43 4408.644
54 44 1258.070
54 45 4474.188
54 46 4102.455
54 47 5140.787
54 48 5654.676
54 49 5155.962
54 50 5951.468
54 51 3400.890
54 52 5993.845
54 53 5317.447
54 54 0.000
54 55 3803.003
54 56 588.192
54 57 2196.684
54 58 1528.557
54 59 5516.195
54 60 2706.929
54 61 3174.342
54 62 3290.807
54 63 5078.655
54 64 2279.190
54 65 1748.484
54 66 3598.259
54 67 5613.638
54 68 3589.673
54 69 4206.290
54 70 3107.863
54 71 3316.581
54 72 5086.038
54 73 710.811
54 74 6141.102
54 75 2450.508
54 76 2849.214
54 77 3619.600
54 78 1926.428
54 79 2702.137
54 80 2330.571
54 81 5423.251
54 82 3487.542
54 83 1175.245
54 84 1591.824
54 85 737.673
54 86 4957.195
54 87 2338.214
54 88 6830.040
54 89 4512.048
54 90 1846.045
54 91 3509.443
54 92 2994.371
54 93 2517.390
54 94 2374.185
54 95 1548.653
54 96 4969.558
54 97 3167.235
54 98 2125.228
54 99 2570.506
54 100 4675.171
55 0 776.769
55 1 2398.129
55 2 3599.645
55 3 1267.724
55 4 2769.066
55 5 5484.526
55 6 606.157
55 7 6169.880
55 8 2749.760
55 9 6311.797
55 10 5018.184
55 11 693.374
55 12 3717.951
55 13 5359.495
55 14 5049.240
55 15 3030.792
55 16 2317.389
55 17 5766.052
55 18 3211.700
55 19 5060.206
55 20 4157.789
55 21 3942.523
55 22 4209.026
55 23 1221.839
55 24 4130.698
55 25 4302.455
55 26 5455.519
55 27 3987.787
55 28 2925.046
55 29 5017.360
55 30 2494.192
55 31 1518.316
55 32 4830.529
55 33 1991.107
55 34 6876.873
55 35 1479.287
55 36 2784.051
55 37 1728.792
55 38 4264.898
55 39 5146.916
55 40 6489.529
55 41 3015.773
55 42 4965.466
55 43 723.163
55 44 2649.674
55 45 2208.561
55 46 688.078
55 47 2508.065
55 48 3829.134
55 49 1762.858
55 50 5866.840
55 51 6428.382
55 52 6229.645
55 53 3976.530
55 54 3803.003
55 55 0.000
55 56 3963.919
55 57 1696.694
55 58 2939.898
55 59 4541.605
55 60 2061.646
55 61 4802.812
55 62 2063.484
55 63 2894.746
55 64 2649.863
55 65 2091.670
55 66 5783.007
55 67 2008.614
55 68 5409.087
55 69 3492.593
55 70 5622.763
55 71 1235.129
55 72 4477.741
55 73 3356.627
55 74 4007.094
55 75 3266.309
55 76 6161.182
55 77 2988.741
55 78 2195.424
55 79 5553.160
55 80 6133.515
55 81 5840.929
55 82 3504.379
55 83 4836.842
55 84 5392.725
55 85 4471.519
55 86 1232.252
55 87 1559.567
55 88 5458.045
55 89 4573.918
55 90 4633.229
55 91 1978.084
55 92 2452.958
55 93 3466.454
55 94 5258.006
55 95 3655.927
55 96 5300.935
55 97 1366.833
55 98 2344.460
55 99 6340.883
55 100 872.227
56 0 3193.146
56 1 4072.225
56 2 2487.019
56 3 4487.232
56 4 6458.228
56 5 3510.963
56 6 3397.951
56 7 8087.066
56 8 3799.336
56 9 2398.788
56 10 4890.139
56 11 4118.895
56 12 3714.363
56 13 6875.761
56 14 3958.410
56 15 6429.399
56 16 4837.756
56 17 5213.828
56 18 1472.906
56 19 6618.672
56 20 1553.361
56 21 4556.402
56 22 6984.450
56 23 3923.170
56 24 3468.691
56 25 932.197
56 26 1659.072
56 27 3115.965
56 28 6080.126
56 29 5954.668
56 30 5904.097
56 31 4189.513
56 32 6124.028
56 33 5179.372
56 34 6504.275
56 35 5441.100
56 36 5285.711
56 37 5354.354
56 38 4614.675
56 39 5961.871
56 40 3213.488
56 41 3377.816
56 42 4889.388
56 43 4616.780
56 44 1640.885
56 45 4881.784
56 46 4171.343
56 47 5532.958
56 48 5378.082
56 49 5158.657
56 50 6534.026
56 51 2876.491
56 52 6581.273
56 53 4989.100
56 54 588.192
56 55 3963.919
56 56 0.000
56 57 2282.077
56 58 1297.044
56 59 6059.476
56 60 3139.226
56 61 3757.506
56 62 3726.616
56 63 4881.568
56 64 2780.877
56 65 2029.685
56 66 4141.086
56 67 5863.551
56 68 4159.048
56 69 4738.156
56 70 2524.810
56 71 3299.672
56 72 5642.464
56 73 608.206
56 74 5890.796
56 75 2062.894
56 76 2381.319
56 77 3310.519
56 78 2321.160
56 79 3187.068
56 80 2280.195
56 81 6011.110
56 82 4041.907
56 83 875.536
56 84 1616.926
56 85 1059.997
56 86 5052.233
56 87 2615.662
56 88 6457.265
56 89 4047.961
56 90 2386.927
56 91 3360.159
56 92 2762.699
56 93 3087.854
56 94 1806.069
56 95 2134.805
56 96 5555.452
56 97 3512.415
56 98 1983.244
56 99 2397.642
56 100 4829.826
57 0 951.400
57 1 2400.805
57 2 2346.762
57 3 2469.485
57 4 4343.958
57 5 4460.457
57 6 1116.693
57 7 6622.638
57 8 2743.987
57 9 4615.107
57 10 4391.730
57 11 1980.270
57 12 2988.472
57 13 5567.371
57 14 4021.987
57 15 4451.560
57 16 2908.026
57 17 5345.488
57 18 1847.704
57 19 5591.053
57 20 2768.741
57 21 3900.507
57 22 5085.692
57 23 1786.416
57 24 3491.830
57 25 2622.771
57 26 3762.696
57 27 2911.207
57 28 4204.107
57 29 5237.289
57 30 3904.537
57 31 2345.422
57 32 4890.408
57 33 3238.957
57 34 6596.677
57 35 3175.417
57 36 3407.275
57 37 3242.786
57 38 3788.773
57 39 4980.803
57 40 4890.432
57 41 2667.617
57 42 4696.351
57 43 2383.016
57 44 1278.334
57 45 3142.333
57 46 1908.237
57 47 3688.390
57 48 3952.691
57 49 2967.751
57 50 6008.138
57 51 4775.029
57 52 6242.989
57 53 3813.863
57 54 2196.684
57 55 1696.694
57 56 2282.077
57 57 0.000
57 58 1278.382
57 59 5020.835
57 60 1836.988
57 61 4084.873
57 62 2279.648
57 63 3187.988
57 64 2035.178
57 65 803.048
57 66 4908.875
57 67 3662.612
57 68 4664.230
57 69 3730.207
57 70 4037.145
57 71 1174.915
57 72 4771.677
57 73 1674.111
57 74 4339.228
57 75 1883.622
57 76 4473.084
57 77 2270.252
57 78 1271.324
57 79 4390.754
57 80 4505.020
57 81 5749.593
57 82 3357.943
57 83 3157.575
57 84 3780.938
57 85 2911.759
57 86 2776.383
57 87 843.713
57 88 5403.791
57 89 3726.592
57 90 3427.637
57 91 1634.853
57 92 1522.510
57 93 2833.550
57 94 3600.050
57 95 2542.348
57 96 5213.134
57 97 1708.818
57 98 850.866
57 99 4674.778
57 100 2553.268
58 0 2224.554
58 1 2777.835
58 2 1535.935
58 3 3733.460
58 4 5622.284
58 5 4398.379
58 6 2337.867
58 7 6850.782
58 8 3640.039
58 9 3421.901
58 10 3923.432
58 11 3258.150
58 12 2613.332
58 13 5668.651
58 14 3227.550
58 15 5718.341
58 16 3543.638
58 17 5751.771
58 18 1808.852
58 19 6551.466
58 20 2443.806
58 21 4655.235
58 22 5687.519
58 23 2681.878
58 24 3884.830
58 25 1365.013
58 26 2534.617
58 27 2196.558
58 28 5449.251
58 29 6055.481
58 30 5172.977
58 31 3560.644
58 32 4928.593
58 33 4492.523
58 34 7047.273
58 35 4404.773
58 36 3988.767
58 37 4520.979
58 38 3513.909
58 39 4838.798
58 40 3618.114
58 41 3387.139
58 42 5250.088
58 43 3645.173
58 44 1511.783
58 45 4337.627
58 46 3013.112
58 47 4921.837
58 48 4129.142
58 49 3921.638
58 50 6751.450
58 51 3498.617
58 52 6901.229
58 53 3791.473
58 54 1528.557
58 55 2939.898
58 56 1297.044
58 57 1278.382
58 58 0.000
58 59 5977.166
58 60 2794.002
58 61 4347.466
58 62 3334.762
58 63 3590.464
58 64 2714.343
58 65 1505.061
58 66 4962.996
58 67 4930.965
58 68 4854.063
58 69 4643.706
58 70 2772.525
58 71 2075.205
58 72 5649.891
58 73 818.114
58 74 4624.045
58 75 1018.391
58 76 3227.673
58 77 2092.590
58 78 2002.320
58 79 4180.736
58 80 3566.533
58 81 6362.092
58 82 4104.325
58 83 2115.801
58 84 2913.783
58 85 2241.237
58 86 3906.260
58 87 1944.392
58 88 5318.173
58 89 3128.584
58 90 3262.818
58 91 2064.104
58 92 1479.169
58 93 3327.178
58 94 2324.297
58 95 2640.284
58 96 5853.826
58 97 2890.792
58 98 705.218
58 99 3632.153
58 100 3767.130
59 0 4529.683
59 1 6891.118
59 2 7347.616
59 3 3338.571
59 4 3772.303
59 5 4393.854
59 6 4782.528
59 7 10629.603
59 8 2337.430
59 9 8166.511
59 10 9339.741
59 11 3855.169
59 12 7949.242
59 13 9893.739
59 14 9041.204
59 15 3088.218
59 16 6844.563
59 17 2844.033
59 18 4586.905
59 19 574.482
59 20 4919.931
59 21 1602.009
59 22 8491.118
59 23 5748.228
59 24 2984.544
59 25 6907.399
59 26 7656.353
59 27 7931.458
59 28 2607.657
59 29 848.887
59 30 3089.785
59 31 3026.050
59 32 9371.095
59 33 2894.963
59 34 3222.233
59 35 4672.699
59 36 7285.926
59 37 3566.200
59 38 8655.103
59 39 9660.136
59 40 9271.222
59 41 2682.516
59 42 2124.489
59 43 4247.500
59 44 4547.174
59 45 2398.314
59 46 5213.242
59 47 2505.925
59 48 8369.292
59 49 6077.205
59 50 1592.086
59 51 8916.817
59 52 2112.784
59 53 8475.122
59 54 5516.195
59 55 4541.605
59 56 6059.476
59 57 5020.835
59 58 5977.166
59 59 0.000
59 60 3206.799
59 61 3279.236
59 62 2749.408
59 63 7436.350
59 64 3313.529
59 65 4480.007
59 66 4104.682
59 67 4158.315
59 68 3561.967
59 69 1338.274
59 70 8538.273
59 71 5546.839
59 72 550.463
59 73 5700.190
59 74 8537.422
59 75 6853.769
59 76 8337.534
59 77 7203.010
59 78 3975.137
59 79 4849.718
59 80 7135.819
59 81 2056.593
59 82 2038.368
59 83 6618.523
59 84 6497.962
59 85 5667.034
59 86 5287.590
59 87 4177.808
59 88 9992.191
59 89 8732.399
59 90 4559.872
59 91 6313.320
59 92 6493.068
59 93 3043.844
59 94 7861.845
59 95 4072.377
59 96 1754.407
59 97 3419.571
59 98 5846.809
59 99 7604.567
59 100 4728.110
60 0 1614.040
60 1 3992.670
60 2 4142.174
60 3 1679.278
60 4 3588.217
60 5 3495.752
60 6 1951.980
60 7 8091.647
60 8 907.744
60 9 5484.415
60 10 6218.874
60 11 1659.834
60 12 4816.254
60 13 7156.442
60 14 5841.976
60 15 3400.237
60 16 4220.876
60 17 3750.516
60 18 1804.548
60 19 3780.503
60 20 2584.087
60 21 2094.097
60 22 6246.078
60 23 3008.087
60 24 2069.811
60 25 3866.300
60 26 4798.287
60 27 4735.298
60 28 2993.512
60 29 3401.941
60 30 2917.626
60 31 1220.614
60 32 6536.595
60 33 2182.286
60 34 4926.462
60 35 3147.087
60 36 4719.557
60 37 2569.188
60 38 5586.331
60 39 6712.098
60 40 6258.053
60 41 970.831
60 42 2999.406
60 43 2306.554
60 44 1500.717
60 45 1771.544
60 46 2699.612
60 47 2446.519
60 48 5553.260
60 49 3821.803
60 50 4184.802
60 51 5995.340
60 52 4449.189
60 53 5524.965
60 54 2706.929
60 55 2061.646
60 56 3139.226
60 57 1836.988
60 58 2794.002
60 59 3206.799
60 60 0.000
60 61 2743.739
60 62 587.448
60 63 4682.343
60 64 660.399
60 65 1289.008
60 66 3739.304
60 67 3228.952
60 68 3349.443
60 69 1896.782
60 70 5466.918
60 71 2603.757
60 72 2935.688
60 73 2656.581
60 74 5846.240
60 75 3646.980
60 76 5519.277
60 77 4084.861
60 78 832.594
60 79 3640.981
60 80 4854.628
60 81 3985.302
60 82 1573.105
60 83 3882.098
60 84 4112.568
60 85 3152.446
60 86 3247.520
60 87 999.490
60 88 7101.590
60 89 5563.544
60 90 2802.972
60 91 3303.229
60 92 3347.801
60 93 1412.981
60 94 4863.717
60 95 1847.526
60 96 3441.629
60 97 745.810
60 98 2644.220
60 99 5199.249
60 100 2755.096
61 0 4270.265
61 1 6476.954
61 2 5882.390
61 3 4239.925
61 4 5827.811
61 5 1121.803
61 6 4620.222
61 7 10682.519
61 8 2301.248
61 9 5325.606
61 10 8254.445
61 11 4373.692
61 12 6895.303
61 13 9651.740
61 14 7548.296
61 15 5382.881
61 16 6861.706
61 17 1456.609
61 18 2539.583
61 19 3696.317
61 20 2238.108
61 21 1787.624
61 22 8954.421
61 23 5649.793
61 24 677.168
61 25 4689.244
61 26 5051.830
61 27 6543.889
61 28 4865.871
61 29 2757.537
61 30 5061.190
61 31 3728.660
61 32 8972.995
61 33 4432.739
61 34 2748.464
61 35 5810.685
61 36 7367.644
61 37 5019.348
61 38 7766.975
61 39 9027.478
61 40 6793.469
61 41 1835.098
61 42 1339.310
61 43 5012.057
61 44 2924.022
61 45 3821.526
61 46 5422.423
61 47 4423.707
61 48 8036.336
61 49 6557.418
61 50 3043.731
61 51 6308.793
61 52 2945.645
61 53 7881.929
61 54 3174.342
61 55 4802.812
61 56 3757.506
61 57 4084.873
61 58 4347.466
61 59 3279.236
61 60 2743.739
61 61 0.000
61 62 2921.009
61 63 7240.506
61 64 2177.153
61 65 3283.767
61 66 1044.103
61 67 5726.221
61 68 606.477
61 69 2433.263
61 70 6228.561
61 71 5146.835
61 72 2732.491
61 73 3698.199
61 74 8403.939
61 75 5365.814
61 76 5630.073
61 77 6254.263
61 78 2843.227
61 79 1573.414
61 80 4067.459
61 81 2366.525
61 82 1708.674
61 83 3978.406
61 84 3550.827
61 85 2955.201
61 86 5988.270
61 87 3464.616
61 88 9468.943
61 89 7474.575
61 90 1536.031
61 91 5718.573
61 92 5512.505
61 93 1338.610
61 94 5455.758
61 95 1710.346
61 96 2024.036
61 97 3473.627
61 98 4619.021
61 99 4582.096
61 100 5482.045
62 0 1829.079
62 1 4236.000
62 2 4621.158
62 3 1322.055
62 4 3103.965
62 5 3800.735
62 6 2125.386
62 7 8217.977
62 8 691.758
62 9 6068.865
62 10 6598.381
62 11 1502.702
62 12 5203.597
62 13 7349.716
62 14 6301.190
62 15 2856.114
62 16 4345.621
62 17 3723.928
62 18 2378.485
62 19 3316.140
62 20 3112.445
62 21 1882.253
62 22 6265.977
62 23 3161.922
62 24 2249.474
62 25 4445.230
62 26 5385.685
62 27 5189.950
62 28 2428.138
62 29 3056.008
62 30 2397.748
62 31 812.822
62 32 6766.407
62 33 1674.903
62 34 4813.494
62 35 2890.995
62 36 4829.022
62 37 2151.837
62 38 5930.249
62 39 6993.807
62 40 6835.811
62 41 1091.040
62 42 2906.473
62 43 2116.360
62 44 2087.504
62 45 1203.452
62 46 2745.243
62 47 1885.278
62 48 5769.936
62 49 3805.324
62 50 3879.564
62 51 6580.421
62 52 4201.613
62 53 5803.420
62 54 3290.807
62 55 2063.484
62 56 3726.616
62 57 2279.648
62 58 3334.762
62 59 2749.408
62 60 587.448
62 61 2921.009
62 62 0.000
62 63 4865.788
62 64 1126.545
62 65 1838.812
62 66 3955.166
62 67 2844.513
62 68 3511.341
62 69 1510.513
62 70 6037.600
62 71 2855.887
62 72 2549.325
62 73 3239.079
62 74 6013.997
62 75 4140.640
62 76 6106.722
62 77 4459.634
62 78 1414.720
62 79 4009.930
62 80 5406.125
62 81 3787.824
62 82 1447.655
62 83 4466.023
62 84 4669.450
62 85 3714.158
62 86 3142.659
62 87 1442.555
62 88 7358.012
62 89 5982.995
62 90 3238.279
62 91 3602.304
62 92 3744.263
62 93 1673.177
62 94 5445.059
62 95 2325.985
62 96 3245.195
62 97 727.140
62 98 3118.233
62 99 5764.683
62 100 2605.488
63 0 3071.202
63 1 819.773
63 2 2883.888
63 3 4129.812
63 4 5002.354
63 5 7645.306
63 6 2747.052
63 7 3442.168
63 8 5515.285
63 9 6649.486
63 10 2673.668
63 11 3583.437
63 12 1968.022
63 13 2483.965
63 14 3339.487
63 15 5522.598
63 16 679.036
63 17 8413.946
63 18 4998.939
63 19 7952.592
63 20 5863.701
63 21 6733.044
63 22 2142.406
63 23 1705.610
63 24 6616.098
63 25 4626.298
63 26 5732.984
63 27 2730.114
63 28 5586.588
63 29 7891.922
63 30 5063.219
63 31 4411.810
63 32 1938.789
63 33 4762.427
63 34 9608.761
63 35 3346.734
63 36 620.853
63 37 4280.258
63 38 1885.214
63 39 2327.681
63 40 5971.966
63 41 5641.134
63 42 7681.746
63 43 3299.524
63 44 4453.017
63 45 5084.190
63 46 2231.520
63 47 5275.347
63 48 942.205
63 49 1755.001
63 50 8732.916
63 51 6203.118
63 52 9067.391
63 53 1277.448
63 54 5078.655
63 55 2894.746
63 56 4881.568
63 57 3187.988
63 58 3590.464
63 59 7436.350
63 60 4682.343
63 61 7240.506
63 62 4865.788
63 63 0.000
63 64 5100.517
63 65 3985.799
63 66 8094.741
63 67 4137.742
63 68 7831.182
63 69 6352.484
63 70 5176.751
63 71 2099.842
63 72 7359.356
63 73 4387.100
63 74 1167.194
63 75 3006.620
63 76 6272.308
63 77 1753.184
63 78 4397.303
63 79 7550.057
63 80 7115.935
63 81 8641.910
63 82 6243.249
63 83 5646.815
63 84 6496.359
63 85 5811.346
63 86 2489.561
63 87 3791.600
63 88 2581.332
63 89 2676.665
63 90 6587.983
63 91 1588.307
63 92 2120.606
63 93 5940.018
63 94 5231.786
63 95 5729.226
63 96 8097.271
63 97 4138.661
63 98 2953.892
63 99 7103.994
63 100 2920.266
64 0 2093.571
64 1 4363.739
64 2 4179.707
64 3 2336.187
64 4 4217.116
64 5 2852.268
64 6 2443.376
64 7 8536.522
64 8 1018.740
64 9 5038.656
64 10 6398.020
64 11 2307.373
64 12 4999.453
64 13 7545.953
64 14 5895.013
64 15 3981.659
64 16 4693.503
64 17 3326.340
64 18 1336.370
64 19 3882.960
64 20 1989.523
64 21 1943.493
64 22 6777.301
64 23 3478.734
64 24 1524.321
64 25 3598.517
64 26 4420.676
64 27 4809.897
64 28 3543.940
64 29 3341.159
64 30 3522.658
64 31 1864.319
64 32 6893.961
64 33 2795.080
64 34 4563.841
64 35 3801.907
64 36 5198.430
64 37 3219.691
64 38 5820.271
64 39 7012.372
64 40 5975.838
64 41 673.759
64 42 2661.731
64 43 2953.765
64 44 1236.951
64 45 2322.581
64 46 3250.169
64 47 3005.826
64 48 5931.421
64 49 4390.729
64 50 4050.168
64 51 5656.987
64 52 4239.119
64 53 5838.729
64 54 2279.190
64 55 2649.863
64 56 2780.877
64 57 2035.178
64 58 2714.343
64 59 3313.529
64 60 660.399
64 61 2177.153
64 62 1126.545
64 63 5100.517
64 64 0.000
64 65 1296.777
64 66 3134.384
64 67 3886.362
64 68 2781.992
64 69 1977.296
64 70 5227.407
64 71 3000.678
64 72 2947.353
64 73 2387.500
64 74 6267.510
64 75 3663.938
64 76 5127.918
64 77 4298.060
64 78 773.373
64 79 2982.145
64 80 4293.651
64 81 3728.173
64 82 1391.450
64 83 3440.545
64 84 3564.233
64 85 2619.743
64 86 3862.014
64 87 1308.985
64 88 7427.420
64 89 5688.172
64 90 2145.816
64 91 3629.394
64 92 3546.605
64 93 845.043
64 94 4567.219
64 95 1204.495
64 96 3198.409
64 97 1396.066
64 98 2734.942
64 99 4669.627
64 100 3388.722
65 0 1330.886
65 1 3203.242
65 2 2899.639
65 3 2457.637
65 4 4431.325
65 5 3674.249
65 6 1632.556
65 7 7423.490
65 8 2146.951
65 9 4428.244
65 10 5103.715
65 11 2115.093
65 12 3707.670
65 13 6369.810
65 14 4612.945
65 15 4406.839
65 16 3676.684
65 17 4564.891
65 18 1140.863
65 19 5054.486
65 20 2090.910
65 21 3224.326
65 22 5840.245
65 23 2509.989
65 24 2700.302
65 25 2636.816
65 26 3658.887
65 27 3519.965
65 28 4077.128
65 29 4602.555
65 30 3877.380
65 31 2175.338
65 32 5689.460
65 33 3157.445
65 34 5828.555
65 35 3522.298
65 36 4180.361
65 37 3330.189
65 38 4541.237
65 39 5762.838
65 40 5016.496
65 41 1960.710
65 42 3946.863
65 43 2664.666
65 44 562.843
65 45 2907.144
65 46 2494.425
65 47 3534.188
65 48 4755.488
65 49 3618.391
65 50 5336.832
65 51 4798.905
65 52 5535.719
65 53 4604.588
65 54 1748.484
65 55 2091.670
65 56 2029.685
65 57 803.048
65 58 1505.061
65 59 4480.007
65 60 1289.008
65 61 3283.767
65 62 1838.812
65 63 3985.799
65 64 1296.777
65 65 0.000
65 66 4108.971
65 67 3866.810
65 68 3861.401
65 69 3152.131
65 70 4205.441
65 71 1932.464
65 72 4172.564
65 73 1468.154
65 74 5140.314
65 75 2390.680
65 76 4385.142
65 77 3017.592
65 78 528.179
65 79 3632.528
65 80 4068.806
65 81 5023.747
65 82 2672.891
65 83 2864.203
65 84 3321.325
65 85 2385.067
65 86 3292.787
65 87 592.333
65 88 6193.900
65 89 4391.816
65 90 2674.374
65 91 2437.815
65 92 2266.065
65 93 2053.210
65 94 3642.563
65 95 1755.636
65 96 4495.106
65 97 1493.127
65 98 1438.311
65 99 4317.472
65 100 2957.864
66 0 5205.525
66 1 7308.642
66 2 6469.553
66 3 5276.398
66 4 6867.153
66 5 664.882
66 6 5554.814
66 7 11531.503
66 8 3344.709
66 9 5262.420
66 10 8883.055
66 11 5387.509
66 12 7567.467
66 13 10456.638
66 14 8069.932
66 15 6408.408
66 16 7759.745
66 17 1590.335
66 18 3188.865
66 19 4445.358
66 20 2596.865
66 21 2746.827
66 22 9886.498
66 23 6559.499
66 24 1705.872
66 25 5043.166
66 26 5169.827
66 27 7130.512
66 28 5887.851
66 29 3453.794
66 30 6098.937
66 31 4765.538
66 32 9755.725
66 33 5476.171
66 34 2640.090
66 35 6840.143
66 36 8266.054
66 37 6062.883
66 38 8459.470
66 39 9757.079
66 40 6915.333
66 41 2865.024
66 42 1995.393
66 43 6030.048
66 44 3671.113
66 45 4863.094
66 46 6380.290
66 47 5457.389
66 48 8848.714
66 49 7523.661
66 50 3511.285
66 51 6369.895
66 52 3255.026
66 53 8642.367
66 54 3598.259
66 55 5783.007
66 56 4141.086
66 57 4908.875
66 58 4962.996
66 59 4104.682
66 60 3739.304
66 61 1044.103
66 62 3955.166
66 63 8094.741
66 64 3134.384
66 65 4108.971
66 66 0.000
66 67 6769.406
66 68 546.751
66 69 3424.303
66 70 6460.164
66 71 6023.798
66 72 3555.704
66 73 4226.310
66 74 9248.075
66 75 5968.955
66 76 5652.316
66 77 6974.248
66 78 3725.407
66 79 1156.461
66 80 3851.044
66 81 2721.455
66 82 2740.450
66 83 4143.535
66 84 3503.908
66 85 3174.822
66 86 6985.768
66 87 4373.696
66 88 10216.577
66 89 8072.366
66 90 1754.771
66 91 6537.735
66 92 6252.529
66 93 2327.018
66 94 5670.142
66 95 2386.143
66 96 2567.750
66 97 4479.452
66 98 5339.002
66 99 4388.730
66 100 6491.727
67 0 2711.244
67 1 3966.028
67 2 5565.384
67 3 1550.176
67 4 867.876
67 5 6644.764
67 6 2613.709
67 7 6795.807
67 8 3424.994
67 9 8248.882
67 10 6656.742
67 11 1751.720
67 12 5492.361
67 13 6317.141
67 14 6897.849
67 15 1436.664
67 16 3459.051
67 17 6276.357
67 18 4866.521
67 19 4525.720
67 20 5754.196
67 21 4310.871
67 22 4529.823
67 23 2876.328
67 24 5068.970
67 25 6285.179
67 26 7418.751
67 27 5890.003
67 28 1673.385
67 29 4885.068
67 30 1116.706
67 31 2038.081
67 32 5977.603
67 33 1363.205
67 34 7133.596
67 35 791.113
67 36 3744.257
67 37 708.641
67 38 5861.952
67 39 6455.165
67 40 8498.050
67 41 3925.861
67 42 5404.873
67 43 1288.800
67 44 4373.825
67 45 1991.286
67 46 2237.217
67 47 1653.643
67 48 5042.861
67 49 2414.927
67 50 5722.398
67 51 8427.685
67 52 6201.035
67 53 5393.886
67 54 5613.638
67 55 2008.614
67 56 5863.551
67 57 3662.612
67 58 4930.965
67 59 4158.315
67 60 3228.952
67 61 5726.221
67 62 2844.513
67 63 4137.742
67 64 3886.362
67 65 3866.810
67 66 6769.406
67 67 0.000
67 68 6295.629
67 69 3654.111
67 70 7631.376
67 71 3163.286
67 72 4343.274
67 73 5267.028
67 74 5004.553
67 75 5262.561
67 76 8133.454
67 77 4817.105
67 78 3767.409
67 79 6846.172
67 80 7917.733
67 81 5974.227
67 82 4087.173
67 83 6720.559
67 84 7166.900
67 85 6211.117
67 86 1649.830
67 87 3275.575
67 88 6648.964
67 89 6355.622
67 90 6031.688
67 91 3805.593
67 92 4392.323
67 93 4517.587
67 94 7254.640
67 95 5072.686
67 96 5493.389
67 97 2539.722
67 98 4352.665
67 99 8183.862
67 100 1336.735
68 0 4874.219
68 1 7061.547
68 2 6382.312
68 3 4825.721
68 4 6361.658
68 5 965.104
68 6 5224.264
68 7 11273.297
68 8 2874.611
68 9 5510.491
68 10 8774.362
68 11 4974.474
68 12 7429.634
68 13 10231.073
68 14 8024.689
68 15 5886.657
68 16 7461.230
68 17 1196.946
68 18 3048.472
68 19 3913.814
68 20 2608.298
68 21 2206.807
68 22 9559.159
68 23 6250.769
68 24 1280.477
68 25 5082.675
68 26 5331.042
68 27 7045.003
68 28 5363.910
68 29 2928.474
68 30 5591.180
68 31 4314.529
68 32 9545.726
68 33 4984.718
68 34 2397.226
68 35 6402.335
68 36 7967.413
68 37 5587.382
68 38 8309.623
68 39 9583.774
68 40 7081.382
68 41 2431.701
68 42 1463.855
68 43 5610.854
68 44 3474.106
68 45 4365.108
68 46 6028.635
68 47 4944.553
68 48 8616.880
68 49 7163.893
68 50 3044.251
68 51 6563.864
68 52 2838.657
68 53 8447.200
68 54 3589.673
68 55 5409.087
68 56 4159.048
68 57 4664.230
68 58 4854.063
68 59 3561.967
68 60 3349.443
68 61 606.477
68 62 3511.341
68 63 7831.182
68 64 2781.992
68 65 3861.401
68 66 546.751
68 67 6295.629
68 68 0.000
68 69 2889.908
68 70 6569.593
68 71 5741.184
68 72 3012.351
68 73 4164.867
68 74 8992.803
68 75 5870.814
68 76 5862.150
68 77 6804.530
68 78 3435.198
68 79 1491.345
68 80 4159.153
68 81 2281.226
68 82 2232.973
68 83 4274.696
68 84 3731.547
68 85 3268.128
68 86 6592.510
68 87 4063.714
68 88 10031.306
68 89 7981.653
68 90 1810.042
68 91 6299.076
68 92 6068.359
68 93 1944.988
68 94 5785.451
68 95 2218.856
68 96 2068.597
68 97 4077.235
68 98 5166.049
68 99 4690.629
68 100 6083.616
69 0 3338.581
69 1 5742.223
69 2 6035.562
69 3 2441.476
69 4 3551.594
69 5 3533.350
69 6 3626.743
69 7 9660.567
69 8 1005.191
69 9 6901.197
69 10 8093.590
69 11 2848.144
69 12 6694.258
69 13 8833.771
69 14 7738.294
69 15 3017.175
69 16 5806.386
69 17 2635.114
69 18 3268.864
69 19 1910.703
69 20 3682.069
69 21 697.975
69 22 7627.120
69 23 4647.031
69 24 1941.134
69 25 5574.547
69 26 6352.548
69 27 6632.059
69 28 2490.158
69 29 1546.426
69 30 2781.845
69 31 2008.208
69 32 8265.390
69 33 2290.908
69 34 3510.846
69 35 3973.351
69 36 6276.619
69 37 2965.388
69 38 7436.183
69 39 8503.246
69 40 7945.462
69 41 1363.911
69 42 1762.411
69 43 3362.535
69 44 3209.256
69 45 1666.260
69 46 4180.478
69 47 2122.177
69 48 7266.375
69 49 5165.434
69 50 2380.434
69 51 7605.604
69 52 2740.726
69 53 7312.974
69 54 4206.290
69 55 3492.593
69 56 4738.156
69 57 3730.207
69 58 4643.706
69 59 1338.274
69 60 1896.782
69 61 2433.263
69 62 1510.513
69 63 6352.484
69 64 1977.296
69 65 3152.131
69 66 3424.303
69 67 3654.111
69 68 2889.908
69 69 0.000
69 70 7204.343
69 71 4365.603
69 72 1044.397
69 73 4364.777
69 74 7489.187
69 75 5535.593
69 76 7044.192
69 77 5954.849
69 78 2641.487
69 79 3913.157
69 80 5957.635
69 81 2392.832
69 82 818.398
69 83 5330.996
69 84 5284.362
69 85 4410.946
69 86 4429.074
69 87 2887.600
69 88 8863.336
69 89 7455.540
69 90 3442.214
69 91 5112.430
69 92 5228.440
69 93 1806.121
69 94 6535.943
69 95 2820.579
69 96 1874.427
69 97 2228.036
69 98 4540.335
69 99 6400.534
69 100 3865.498
70 0 4962.597
70 1 4551.185
70 2 2329.594
70 3 6503.539
70 4 8362.828
70 5 5799.346
70 6 5018.186
70 7 7629.677
70 8 6230.586
70 9 1951.187
70 10 3809.834
70 11 6012.551
70 12 3311.708
70 13 6347.635
70 14 2561.655
70 15 8487.661
70 16 5459.099
70 17 7681.030
70 18 3977.445
70 19 9104.520
70 20 3990.485
70 21 7069.148
70 22 7262.607
70 23 5041.236
70 24 5986.603
70 25 1631.720
70 26 1388.883
70 27 2490.279
70 28 8221.299
70 29 8472.759
70 30 7941.192
70 31 6328.591
70 32 5612.901
70 33 7264.958
70 34 8954.608
70 35 7033.323
70 36 5752.546
70 37 7270.721
70 38 3975.149
70 39 5184.356
70 40 869.621
70 41 5860.233
70 42 7405.906
70 43 6344.058
70 44 4005.599
70 45 7096.175
70 46 5540.037
70 47 7691.975
70 48 5234.652
70 49 6194.986
70 50 9058.640
70 51 1045.955
70 52 9097.284
70 53 4638.842
70 54 3107.863
70 55 5622.763
70 56 2524.810
70 57 4037.145
70 58 2772.525
70 59 8538.273
70 60 5466.918
70 61 6228.561
70 62 6037.600
70 63 5176.751
70 64 5227.407
70 65 4205.441
70 66 6460.164
70 67 7631.376
70 68 6569.593
70 69 7204.343
70 70 0.000
70 71 4548.640
70 72 8143.273
70 73 2840.503
70 74 5811.583
70 75 2431.874
70 76 1399.566
70 77 3446.484
70 78 4637.165
70 79 5376.137
70 80 3220.793
70 81 8524.185
70 82 6544.611
70 83 2318.595
70 84 3104.184
70 85 3301.945
70 86 6407.115
70 87 4703.621
70 88 5683.375
70 89 3049.470
70 90 4759.698
70 91 4150.362
70 92 3428.914
70 93 5608.769
70 94 790.693
70 95 4656.282
70 96 8076.792
70 97 5653.471
70 98 3279.898
70 99 2864.200
70 100 6387.052
71 0 1027.027
71 1 1390.014
71 2 2402.351
71 3 2447.428
71 4 3970.242
71 5 5605.967
71 6 773.989
71 7 5538.228
71 8 3467.990
71 9 5489.665
71 10 3839.675
71 11 1858.263
71 12 2501.460
71 13 4557.235
71 14 3814.267
71 15 4264.918
71 16 1744.220
71 17 6317.063
71 18 3021.367
71 19 6093.490
71 20 3942.824
71 21 4683.050
71 22 3913.744
71 23 628.496
71 24 4517.358
71 25 3406.516
71 26 4588.836
71 27 2755.861
71 28 4153.272
71 29 5911.725
71 30 3729.302
71 31 2566.996
71 32 3933.466
71 33 3205.096
71 34 7523.087
71 35 2500.570
71 36 2248.247
71 37 2959.667
71 38 3118.689
71 39 4137.925
71 40 5417.850
71 41 3551.005
71 42 5597.837
71 43 1924.996
71 44 2447.331
71 45 3337.566
71 46 991.439
71 47 3715.749
71 48 2950.045
71 49 1858.993
71 50 6732.880
71 51 5429.750
71 52 7034.009
71 53 2947.532
71 54 3316.581
71 55 1235.129
71 56 3299.672
71 57 1174.915
71 58 2075.205
71 59 5546.839
71 60 2603.757
71 61 5146.835
71 62 2855.887
71 63 2099.842
71 64 3000.678
71 65 1932.464
71 66 6023.798
71 67 3163.286
71 68 5741.184
71 69 4365.603
71 70 4548.640
71 71 0.000
71 72 5399.116
71 73 2712.486
71 74 3266.856
71 75 2128.936
71 76 5257.645
71 77 1762.088
71 78 2306.375
71 79 5557.402
71 80 5572.751
71 81 6585.279
71 82 4175.176
71 83 4160.897
71 84 4872.165
71 85 4047.034
71 86 1869.681
71 87 1691.765
71 88 4508.152
71 89 3349.607
71 90 4595.510
71 91 776.833
71 92 1231.521
71 93 3840.606
71 94 4285.687
71 95 3687.968
71 96 6040.790
71 97 2140.848
71 98 1380.183
71 99 5686.898
71 100 1858.446
72 0 4372.600
72 1 6769.114
72 2 7065.996
72 3 3343.248
72 4 4054.876
72 5 3845.053
72 6 4651.776
72 7 10626.020
72 8 2033.442
72 9 7693.054
72 10 9137.970
72 11 3810.128
72 12 7738.623
72 13 9834.881
72 14 8772.773
72 15 3408.090
72 16 6794.938
72 17 2335.300
72 18 4171.393
72 19 1007.350
72 20 4441.055
72 21 1108.809
72 22 8540.796
72 23 5656.768
72 24 2464.299
72 25 6511.847
72 26 7213.730
72 27 7668.649
72 28 2899.810
72 29 553.613
72 30 3329.368
72 31 2965.386
72 32 9281.754
72 33 3017.815
72 34 2851.463
72 35 4783.090
72 36 7254.311
72 37 3704.460
72 38 8478.646
72 39 9534.425
72 40 8855.512
72 41 2289.092
72 42 1582.530
72 43 4268.717
72 44 4183.385
72 45 2452.581
72 46 5161.972
72 47 2700.868
72 48 8280.920
72 49 6095.647
72 50 1412.372
72 51 8480.271
72 52 1859.561
72 53 8344.758
72 54 5086.038
72 55 4477.741
72 56 5642.464
72 57 4771.677
72 58 5649.891
72 59 550.463
72 60 2935.688
72 61 2732.491
72 62 2549.325
72 63 7359.356
72 64 2947.353
72 65 4172.564
72 66 3555.704
72 67 4343.274
72 68 3012.351
72 69 1044.397
72 70 8143.273
72 71 5399.116
72 72 0.000
72 73 5316.602
72 74 8484.478
72 75 6561.921
72 76 7883.957
72 77 6999.188
72 78 3653.577
72 79 4304.506
72 80 6626.489
72 81 1671.583
72 82 1600.612
72 83 6163.720
72 84 6002.589
72 85 5194.402
72 86 5329.156
72 87 3930.033
72 88 9887.175
72 89 8497.921
72 90 4042.225
72 91 6151.042
72 92 6272.598
72 93 2582.716
72 94 7448.443
72 95 3606.243
72 96 1283.355
72 97 3258.398
72 98 5575.450
72 99 7103.144
72 100 4764.096
73 0 2587.196
73 1 3569.738
73 2 2247.031
73 3 3915.707
73 4 5877.743
73 5 3636.520
73 6 2789.774
73 7 7668.540
73 8 3390.859
73 9 2983.523
73 10 4668.145
73 11 3527.523
73 12 3401.445
73 13 6485.926
73 14 3859.830
73 15 5874.350
73 16 4296.683
73 17 5136.758
73 18 1203.580
73 19 6268.143
73 20 1658.147
73 21 4260.426
73 22 6461.789
73 23 3339.154
73 24 3310.732
73 25 1216.294
73 26 2191.243
73 27 2905.855
73 28 5543.132
73 29 5670.023
73 30 5343.021
73 31 3642.909
73 32 5744.418
73 33 4625.324
73 34 6435.995
73 35 4834.451
73 36 4758.152
73 37 4771.660
73 38 4305.648
73 39 5639.785
73 40 3606.492
73 41 3028.245
73 42 4718.031
73 43 4013.878
73 44 1169.009
73 45 4361.485
73 46 3567.521
73 47 4998.712
73 48 4946.291
73 49 4569.715
73 50 6304.208
73 51 3344.584
73 52 6399.779
73 53 4606.904
73 54 710.811
73 55 3356.627
73 56 608.206
73 57 1674.111
73 58 818.114
73 59 5700.190
73 60 2656.581
73 61 3698.199
73 62 3239.079
73 63 4387.100
73 64 2387.500
73 65 1468.154
73 66 4226.310
73 67 5267.028
73 68 4164.867
73 69 4364.777
73 70 2840.503
73 71 2712.486
73 72 5316.602
73 73 0.000
73 74 5437.066
73 75 1759.630
73 76 2917.349
73 77 2908.840
73 78 1824.620
73 79 3388.252
73 80 2860.586
73 81 5841.984
73 82 3724.604
73 83 1483.523
73 84 2164.798
73 85 1427.494
73 86 4446.171
73 87 2041.289
73 88 6123.753
73 89 3848.403
73 90 2494.487
73 91 2831.853
73 92 2289.844
73 93 2834.888
73 94 2207.384
73 95 1997.217
73 96 5358.275
73 97 2961.132
73 98 1442.865
73 99 3002.587
73 100 4221.865
74 0 4233.325
74 1 1941.008
74 2 3663.794
74 3 5206.975
74 4 5846.086
74 5 8786.425
74 6 3904.405
74 7 2283.442
74 8 6670.912
74 9 7456.384
74 10 2570.931
74 11 4684.425
74 12 2502.664
74 13 1357.576
74 14 3592.650
74 15 6430.244
74 16 1692.923
74 17 9580.843
74 18 6127.773
74 19 9040.624
74 20 6968.849
74 21 7887.588
74 22 1587.174
74 23 2853.290
74 24 7782.117
74 25 5522.596
74 26 6559.423
74 27 3325.384
74 28 6554.254
74 29 9022.251
74 30 6011.249
74 31 5523.822
74 32 1009.231
74 33 5789.691
74 34 10772.551
74 35 4229.718
74 36 1278.668
74 37 5252.062
74 38 1960.302
74 39 1627.054
74 40 6535.163
74 41 6806.899
74 42 8845.432
74 43 4333.902
74 44 5593.153
74 45 6160.499
74 46 3326.234
74 47 6291.589
74 48 577.047
74 49 2599.796
74 50 9868.397
74 51 6857.037
74 52 10214.029
74 53 1211.025
74 54 6141.102
74 55 4007.094
74 56 5890.796
74 57 4339.228
74 58 4624.045
74 59 8537.422
74 60 5846.240
74 61 8403.939
74 62 6013.997
74 63 1167.194
74 64 6267.510
74 65 5140.314
74 66 9248.075
74 67 5004.553
74 68 8992.803
74 69 7489.187
74 70 5811.583
74 71 3266.856
74 72 8484.478
74 73 5437.066
74 74 0.000
74 75 3904.927
74 76 7028.667
74 77 2607.083
74 78 5560.879
74 79 8673.307
74 80 8069.310
74 81 9796.747
74 82 7403.344
74 83 6604.913
74 84 7489.692
74 85 6864.155
74 86 3406.690
74 87 4958.545
74 88 1678.094
74 89 2930.332
74 90 7714.174
74 91 2715.935
74 92 3147.279
74 93 7106.503
74 94 5998.031
74 95 6874.893
74 96 9252.457
74 97 5287.663
74 98 4032.902
74 99 8007.140
74 100 3905.772
75 0 2693.826
75 1 2262.135
75 2 521.672
75 3 4288.174
75 4 6034.375
75 5 5391.652
75 6 2676.230
75 7 6047.953
75 8 4531.831
75 9 3652.896
75 10 2914.297
75 11 3744.718
75 12 1655.763
75 13 4821.126
75 14 2233.085
75 15 6239.444
75 16 3141.861
75 17 6766.849
75 18 2827.171
75 19 7427.459
75 20 3417.608
75 21 5605.909
75 22 5149.007
75 23 2609.770
75 24 4896.349
75 25 1625.260
75 26 2732.743
75 27 1178.703
75 28 6039.229
75 29 6992.106
75 30 5691.761
75 31 4218.427
75 32 4066.394
75 33 5068.670
75 34 8060.928
75 35 4627.278
75 36 3509.720
75 37 4970.168
75 38 2559.536
75 39 3903.456
75 40 3298.170
75 41 4336.771
75 42 6248.326
75 43 3988.262
75 44 2504.760
75 45 5019.437
75 46 3117.739
75 47 5540.234
75 48 3365.798
75 49 3780.919
75 50 7714.009
75 51 3364.272
75 52 7885.234
75 53 2935.454
75 54 2450.508
75 55 3266.309
75 56 2062.894
75 57 1883.622
75 58 1018.391
75 59 6853.769
75 60 3646.980
75 61 5365.814
75 62 4140.640
75 63 3006.620
75 64 3663.938
75 65 2390.680
75 66 5968.955
75 67 5262.561
75 68 5870.814
75 69 5535.593
75 70 2431.874
75 71 2128.936
75 72 6561.921
75 73 1759.630
75 74 3904.927
75 75 0.000
75 76 3311.224
75 77 1298.173
75 78 2915.037
75 79 5146.680
75 80 4165.720
75 81 7353.834
75 82 5053.558
75 83 2705.920
75 84 3610.924
75 85 3106.038
75 86 3977.063
75 87 2699.568
75 88 4396.225
75 89 2110.877
75 90 4250.955
75 91 1739.710
75 92 1012.754
75 93 4323.442
75 94 2281.725
75 95 3658.520
75 96 6838.602
75 97 3592.276
75 98 1032.839
75 99 4110.895
75 100 3982.787
76 0 5423.330
76 1 5565.397
76 2 3394.136
76 3 6829.457
76 4 8780.543
76 5 4990.129
76 6 5562.744
76 7 8950.920
76 8 6143.991
76 9 567.139
76 10 5182.734
76 11 6417.520
76 12 4536.213
76 13 7670.328
76 14 3947.612
76 15 8791.696
76 16 6452.635
76 17 7035.557
76 18 3793.203
76 19 8881.294
76 20 3472.444
76 21 6777.582
76 22 8403.120
76 23 5826.351
76 24 5533.694
76 25 1863.066
76 26 726.314
76 27 3721.341
76 28 8455.308
76 29 8134.495
76 30 8259.885
76 31 6558.317
76 32 6923.665
76 33 7542.561
76 34 8254.340
76 35 7631.376
76 36 6806.882
76 37 7673.254
76 38 5279.543
76 39 6534.954
76 40 1354.966
76 41 5681.758
76 42 6910.087
76 43 6856.082
76 44 4022.186
76 45 7261.932
76 46 6225.685
76 47 7909.204
76 48 6456.695
76 49 7045.129
76 50 8614.859
76 51 735.367
76 52 8571.806
76 53 5897.388
76 54 2849.214
76 55 6161.182
76 56 2381.319
76 57 4473.084
76 58 3227.673
76 59 8337.534
76 60 5519.277
76 61 5630.073
76 62 6106.722
76 63 6272.308
76 64 5127.918
76 65 4385.142
76 66 5652.316
76 67 8133.454
76 68 5862.150
76 69 7044.192
76 70 1399.566
76 71 5257.645
76 72 7883.957
76 73 2917.349
76 74 7028.667
76 75 3311.224
76 76 0.000
76 77 4519.670
76 78 4702.363
76 79 4508.826
76 80 2010.039
76 81 7992.050
76 82 6299.651
76 83 1720.260
76 84 2148.862
76 85 2714.224
76 86 7117.844
76 87 4956.530
76 88 7038.802
76 89 4393.760
76 90 4096.111
76 91 5032.181
76 92 4311.942
76 93 5301.503
76 94 1040.548
76 95 4279.273
76 96 7600.859
76 97 5877.459
76 98 3885.469
76 99 1560.898
76 100 6994.747
77 0 2700.482
77 1 1117.330
77 2 1132.113
77 3 4207.622
77 4 5658.550
77 5 6443.921
77 6 2518.993
77 7 4776.651
77 8 4990.956
77 9 4905.254
77 10 2139.071
77 11 3619.300
77 12 749.892
77 13 3577.672
77 14 2081.591
77 15 6005.277
77 16 2023.955
77 17 7578.571
77 18 3785.651
77 19 7763.118
77 20 4523.421
77 21 6166.532
77 22 3885.911
77 23 1943.920
77 24 5705.966
77 25 2920.064
77 26 3992.991
77 27 1124.631
77 28 5912.817
77 29 7483.035
77 30 5476.591
77 31 4293.962
77 32 2836.005
77 33 4967.155
77 34 8846.099
77 35 4082.790
77 36 2308.608
77 37 4695.964
77 38 1523.664
77 39 2783.017
77 40 4265.612
77 41 4937.681
77 42 6959.017
77 43 3647.501
77 44 3331.639
77 45 5080.598
77 46 2580.970
77 47 5477.595
77 48 2073.583
77 49 2879.625
77 50 8268.723
77 51 4461.231
77 52 8512.625
77 53 1699.102
77 54 3619.600
77 55 2988.741
77 56 3310.519
77 57 2270.252
77 58 2092.590
77 59 7203.010
77 60 4084.861
77 61 6254.263
77 62 4459.634
77 63 1753.184
77 64 4298.060
77 65 3017.592
77 66 6974.248
77 67 4817.105
77 68 6804.530
77 69 5954.849
77 70 3446.484
77 71 1762.088
77 72 6999.188
77 73 2908.840
77 74 2607.083
77 75 1298.173
77 76 4519.670
77 77 0.000
77 78 3526.501
77 79 6258.521
77 80 5462.406
77 81 8019.390
77 82 5626.625
77 83 3999.297
77 84 4892.696
77 85 4319.618
77 86 3299.377
77 87 3086.465
77 88 3245.837
77 89 1587.527
77 90 5323.164
77 91 1019.599
77 92 751.878
77 93 5069.743
77 94 3479.125
77 95 4596.757
77 96 7483.354
77 97 3788.629
77 98 1638.819
77 99 5406.315
77 100 3480.481
78 0 1512.238
78 1 3637.860
78 2 3426.030
78 3 2269.485
78 4 4245.312
78 5 3345.906
78 6 1853.882
78 7 7839.384
78 8 1637.795
78 9 4690.476
78 10 5624.755
78 11 2046.256
78 12 4226.091
78 13 6817.882
78 14 5140.065
78 15 4140.639
78 16 4035.216
78 17 4074.633
78 18 1099.820
78 19 4549.340
78 20 2003.239
78 21 2696.247
78 22 6166.158
78 23 2834.694
78 24 2229.214
78 25 3033.733
78 26 3978.888
78 27 4048.081
78 28 3768.310
78 29 4077.071
78 30 3631.138
78 31 1902.029
78 32 6152.582
78 33 2896.257
78 34 5326.335
78 35 3528.314
78 36 4541.654
78 37 3169.361
78 38 5049.427
78 39 6252.116
78 40 5425.558
78 41 1432.896
78 42 3432.529
78 43 2657.959
78 44 681.415
78 45 2561.917
78 46 2707.387
78 47 3219.970
78 48 5201.820
78 49 3853.466
78 50 4808.661
78 51 5165.975
78 52 5009.862
78 53 5084.020
78 54 1926.428
78 55 2195.424
78 56 2321.160
78 57 1271.324
78 58 2002.320
78 59 3975.137
78 60 832.594
78 61 2843.227
78 62 1414.720
78 63 4397.303
78 64 773.373
78 65 528.179
78 66 3725.407
78 67 3767.409
78 68 3435.198
78 69 2641.487
78 70 4637.165
78 71 2306.375
78 72 3653.577
78 73 1824.620
78 74 5560.879
78 75 2915.037
78 76 4702.363
78 77 3526.501
78 78 0.000
78 79 3370.021
78 80 4166.482
78 81 4501.408
78 82 2144.728
78 83 3094.463
78 84 3416.104
78 85 2453.990
78 86 3427.000
78 87 661.216
78 88 6673.838
78 89 4918.680
78 90 2439.204
78 91 2888.176
78 92 2774.758
78 93 1564.085
78 94 4031.392
78 95 1466.556
78 96 3970.750
78 97 1254.093
78 98 1965.161
78 99 4470.847
78 100 3022.250
79 0 4879.901
79 1 6739.572
79 2 5622.217
79 3 5300.900
79 4 7085.597
79 5 527.428
79 6 5216.286
79 7 10946.168
79 8 3528.941
79 9 4108.472
79 10 8044.612
79 11 5284.106
79 12 6788.191
79 13 9811.747
79 14 7145.404
79 15 6726.513
79 16 7298.131
79 17 2679.927
79 18 2551.900
79 19 5268.880
79 20 1737.036
79 21 3319.283
79 22 9470.463
79 23 6142.511
79 24 1975.265
79 25 4042.933
79 26 4053.847
79 27 6272.268
79 28 6229.330
79 29 4319.854
79 30 6342.650
79 31 4808.466
79 32 9085.689
79 33 5655.637
79 34 3794.465
79 35 6782.561
79 36 7798.029
79 37 6160.688
79 38 7691.538
79 39 9019.517
79 40 5789.958
79 41 2967.546
79 42 2870.516
79 43 5928.409
79 44 3112.447
79 45 5089.677
79 46 6075.311
79 47 5742.034
79 48 8229.399
79 49 7219.050
79 50 4521.986
79 51 5231.579
79 52 4329.966
79 53 7953.807
79 54 2702.137
79 55 5553.160
79 56 3187.068
79 57 4390.754
79 58 4180.736
79 59 4849.718
79 60 3640.981
79 61 1573.414
79 62 4009.930
79 63 7550.057
79 64 2982.145
79 65 3632.528
79 66 1156.461
79 67 6846.172
79 68 1491.345
79 69 3913.157
79 70 5376.137
79 71 5557.402
79 72 4304.506
79 73 3388.252
79 74 8673.307
79 75 5146.680
79 76 4508.826
79 77 6258.521
79 78 3370.021
79 79 0.000
79 80 2697.332
79 81 3771.258
79 82 3120.715
79 83 3060.095
79 84 2360.632
79 85 2154.697
79 86 6784.566
79 87 4028.637
79 88 9497.291
79 89 7212.819
79 90 963.468
79 91 5964.052
79 92 5575.767
79 93 2355.240
79 94 4585.856
79 95 1903.915
79 96 3524.713
79 97 4376.939
79 98 4661.750
79 99 3234.268
79 100 6344.957
80 0 5357.169
80 1 6319.048
80 2 4471.785
80 3 6435.910
80 4 8408.777
80 5 3216.455
80 6 5602.899
80 7 10194.106
80 8 5221.787
80 9 1504.703
80 10 6685.239
80 11 6171.541
80 12 5727.832
80 13 8944.402
80 14 5546.794
80 15 8254.486
80 16 7109.653
80 17 5356.098
80 18 3072.313
80 19 7631.844
80 20 2315.176
80 21 5533.817
80 22 9238.984
80 23 6198.663
80 24 4164.854
80 25 2570.792
80 26 1850.457
80 27 4997.531
80 28 7833.683
80 29 6769.520
80 30 7768.614
80 31 6047.350
80 32 8184.938
80 33 7031.617
80 34 6490.973
80 35 7587.826
80 36 7547.941
80 37 7335.560
80 38 6587.040
80 39 7921.523
80 40 3364.405
80 41 4673.903
80 42 5404.514
80 43 6733.383
80 44 3544.344
80 45 6609.403
80 46 6412.544
80 47 7291.327
80 48 7531.134
80 49 7430.298
80 50 7110.824
80 51 2740.205
80 52 6978.500
80 53 7073.808
80 54 2330.571
80 55 6133.515
80 56 2280.195
80 57 4505.020
80 58 3566.533
80 59 7135.819
80 60 4854.628
80 61 4067.459
80 62 5406.125
80 63 7115.935
80 64 4293.651
80 65 4068.806
80 66 3851.044
80 67 7917.733
80 68 4159.153
80 69 5957.635
80 70 3220.793
80 71 5572.751
80 72 6626.489
80 73 2860.586
80 74 8069.310
80 75 4165.720
80 76 2010.039
80 77 5462.406
80 78 4166.482
80 79 2697.332
80 80 0.000
80 81 6406.699
80 82 5148.713
80 83 1469.324
80 84 751.044
80 85 1712.801
80 86 7278.434
80 87 4651.788
80 88 8428.798
80 89 5842.428
80 90 2590.605
80 91 5628.814
80 92 4998.628
80 93 4152.844
80 94 2520.372
80 95 3167.710
80 96 6091.490
80 97 5419.787
80 98 4261.560
80 99 538.508
80 100 7005.708
81 0 5575.659
81 1 7975.262
81 2 7874.681
81 3 4834.276
81 4 5724.005
81 5 3246.127
81 6 5894.858
81 7 12005.338
81 8 3126.625
81 9 7691.982
81 10 10126.162
81 11 5222.333
81 12 8726.928
81 13 11124.394
81 14 9584.874
81 15 5079.332
81 16 8133.346
81 17 1139.642
81 18 4638.478
81 19 2108.896
81 20 4558.431
81 21 1909.168
81 22 10011.277
81 23 6943.495
81 24 2543.708
81 25 6937.781
81 26 7398.676
81 27 8518.110
81 28 4571.166
81 29 1207.707
81 30 4990.572
81 31 4391.828
81 32 10518.517
81 33 4624.549
81 34 1179.979
81 35 6354.094
81 36 8616.279
81 37 5311.149
81 38 9537.953
81 39 10694.407
81 40 9129.584
81 41 3082.071
81 42 1124.707
81 43 5754.101
81 44 4852.099
81 45 4023.313
81 46 6527.238
81 47 4351.080
81 48 9530.351
81 49 7546.595
81 50 817.107
81 51 8662.644
81 52 579.756
81 53 9508.898
81 54 5423.251
81 55 5840.929
81 56 6011.110
81 57 5749.593
81 58 6362.092
81 59 2056.593
81 60 3985.302
81 61 2366.525
81 62 3787.824
81 63 8641.910
81 64 3728.173
81 65 5023.747
81 66 2721.455
81 67 5974.227
81 68 2281.226
81 69 2392.832
81 70 8524.185
81 71 6585.279
81 72 1671.583
81 73 5841.984
81 74 9796.747
81 75 7353.834
81 76 7992.050
81 77 8019.390
81 78 4501.408
81 79 3771.258
81 80 6406.699
81 81 0.000
81 82 2412.345
81 83 6322.081
81 84 5915.750
81 85 5298.801
81 86 6820.224
81 87 4956.785
81 88 11086.889
81 89 9410.440
81 90 3902.147
81 91 7286.619
81 92 7269.482
81 93 3035.155
81 94 7766.925
81 95 3878.821
81 96 544.802
81 97 4511.261
81 98 6460.187
81 99 6930.045
81 100 6257.398
82 0 3172.390
82 1 5564.804
82 2 5567.796
82 3 2681.370
82 4 4129.214
82 5 2769.608
82 6 3499.177
82 7 9632.633
82 8 756.148
82 9 6131.089
82 10 7748.255
82 11 2946.215
82 12 6345.464
82 13 8722.334
82 14 7282.804
82 15 3674.364
82 16 5756.479
82 17 2279.642
82 18 2570.868
82 19 2584.213
82 20 2891.871
82 21 552.355
82 22 7711.454
82 23 4553.727
82 24 1146.339
82 25 4913.733
82 26 5621.527
82 27 6192.787
82 28 3158.546
82 29 1954.240
82 30 3359.550
82 31 2181.924
82 32 8108.603
82 33 2757.318
82 34 3379.258
82 35 4268.783
82 36 6247.871
82 37 3379.019
82 38 7139.380
82 39 8282.941
82 40 7255.106
82 41 717.698
82 42 1461.100
82 43 3543.088
82 44 2610.845
82 45 2133.695
82 46 4179.979
82 47 2717.038
82 48 7123.056
82 49 5252.533
82 50 2663.951
82 51 6885.198
82 52 2886.641
82 53 7096.827
82 54 3487.542
82 55 3504.379
82 56 4041.907
82 57 3357.943
82 58 4104.325
82 59 2038.368
82 60 1573.105
82 61 1708.674
82 62 1447.655
82 63 6243.249
82 64 1391.450
82 65 2672.891
82 66 2740.450
82 67 4087.173
82 68 2232.973
82 69 818.398
82 70 6544.611
82 71 4175.176
82 72 1600.612
82 73 3724.604
82 74 7403.344
82 75 5053.558
82 76 6299.651
82 77 5626.625
82 78 2144.728
82 79 3120.715
82 80 5148.713
82 81 2412.345
82 82 0.000
82 83 4580.307
82 84 4485.389
82 85 3632.908
82 86 4584.532
82 87 2549.388
82 88 8674.597
82 89 7059.163
82 90 2623.827
82 91 4874.622
82 92 4880.435
82 93 1009.960
82 94 5847.849
82 95 2037.378
82 96 1869.111
82 97 2143.372
82 98 4107.419
82 99 5599.199
82 100 4039.750
83 0 4064.340
83 1 4851.534
83 2 3041.437
83 3 5315.594
83 4 7293.633
83 5 3481.602
83 6 4273.248
83 7 8748.442
83 8 4449.365
83 9 1603.154
83 10 5341.939
83 11 4971.423
83 12 4299.355
83 13 7508.779
83 14 4279.210
83 15 7232.374
83 16 5651.573
83 17 5414.530
83 18 2105.665
83 19 7161.199
83 20 1769.916
83 21 5057.567
83 22 7771.865
83 23 4780.543
83 24 3830.393
83 25 1159.866
83 26 1076.879
83 27 3605.562
83 28 6861.463
83 29 6419.009
83 30 6715.897
83 31 4990.525
83 32 6750.349
83 33 5984.686
83 34 6669.553
83 35 6312.688
83 36 6083.835
83 37 6194.187
83 38 5176.301
83 39 6520.652
83 40 2815.614
83 41 3971.220
83 42 5224.188
83 43 5483.130
83 44 2417.829
83 45 5648.318
83 46 5044.782
83 47 6312.957
83 48 6071.069
83 49 6018.913
83 50 6919.110
83 51 2346.130
83 52 6900.949
83 53 5629.736
83 54 1175.245
83 55 4836.842
83 56 875.536
83 57 3157.575
83 58 2115.801
83 59 6618.523
83 60 3882.098
83 61 3978.406
83 62 4466.023
83 63 5646.815
83 64 3440.545
83 65 2864.203
83 66 4143.535
83 67 6720.559
83 68 4274.696
83 69 5330.996
83 70 2318.595
83 71 4160.897
83 72 6163.720
83 73 1483.523
83 74 6604.913
83 75 2705.920
83 76 1720.260
83 77 3999.297
83 78 3094.463
83 79 3060.095
83 80 1469.324
83 81 6322.081
83 82 4580.307
83 83 0.000
83 84 939.624
83 85 1023.939
83 86 5927.051
83 87 3455.747
83 88 7025.149
83 89 4492.109
83 90 2468.826
83 91 4170.010
83 92 3530.552
83 93 3581.245
83 94 1527.921
83 95 2559.759
83 96 5911.229
83 97 4322.827
83 98 2818.302
83 99 1526.628
83 100 5703.965
84 0 4617.200
84 1 5688.628
84 2 3969.920
84 3 5685.589
84 4 7659.484
84 5 2842.689
84 6 4869.986
84 7 9658.853
84 8 4511.697
84 9 1780.928
84 10 6281.498
84 11 5421.267
84 12 5226.001
84 13 8427.774
84 14 5209.662
84 15 7512.767
84 16 6450.780
84 17 4917.177
84 18 2323.651
84 19 7009.938
84 20 1608.402
84 21 4899.238
84 22 8601.298
84 23 5500.128
84 24 3560.449
84 25 2099.228
84 26 1730.851
84 27 4543.296
84 28 7097.581
84 29 6182.395
84 30 7023.416
84 31 5300.133
84 32 7670.632
84 33 6286.260
84 34 6115.137
84 35 6842.319
84 36 6901.942
84 37 6584.904
84 38 6108.526
84 39 7454.532
84 40 3439.062
84 41 3974.638
84 42 4868.628
84 43 5985.926
84 44 2793.857
84 45 5872.852
84 46 5689.019
84 47 6553.679
84 48 6966.130
84 49 6724.765
84 50 6582.154
84 51 2871.232
84 52 6493.783
84 53 6544.533
84 54 1591.824
84 55 5392.725
84 56 1616.926
84 57 3780.938
84 58 2913.783
84 59 6497.962
84 60 4112.568
84 61 3550.827
84 62 4669.450
84 63 6496.359
84 64 3564.233
84 65 3321.325
84 66 3503.908
84 67 7166.900
84 68 3731.547
84 69 5284.362
84 70 3104.184
84 71 4872.165
84 72 6002.589
84 73 2164.798
84 74 7489.692
84 75 3610.924
84 76 2148.862
84 77 4892.696
84 78 3416.104
84 79 2360.632
84 80 751.044
84 81 5915.750
84 82 4485.389
84 83 939.624
84 84 0.000
84 85 963.614
84 86 6548.138
84 87 3902.572
84 88 7958.045
84 89 5431.705
84 90 2022.832
84 91 4975.529
84 92 4376.140
84 93 3479.261
84 94 2331.883
84 95 2470.732
84 96 5561.060
84 97 4669.727
84 98 3593.298
84 99 1117.602
84 100 6264.593
85 0 3700.423
85 1 4992.772
85 2 3544.310
85 3 4723.263
85 4 6696.143
85 5 2523.169
85 6 3970.749
85 7 9089.803
85 8 3590.311
85 9 2499.714
85 10 5950.131
85 11 4469.453
85 12 4761.532
85 13 7896.131
85 14 5002.278
85 15 6551.985
85 16 5695.190
85 17 4395.155
85 18 1360.041
85 19 6198.122
85 20 759.053
85 21 4085.606
85 22 7870.771
85 23 4674.257
85 24 2819.492
85 25 1888.525
85 26 2099.944
85 27 4175.920
85 28 6141.489
85 29 5424.903
85 30 6060.589
85 31 4336.636
85 32 7149.317
85 33 5323.404
85 34 5657.617
85 35 5906.112
85 36 6166.540
85 37 5623.311
85 38 5664.328
85 39 7009.451
85 40 3838.270
85 41 3072.120
85 42 4203.856
85 43 5044.594
85 44 1844.014
85 45 4916.861
85 46 4808.516
85 47 5596.384
85 48 6369.756
85 49 5878.073
85 50 5903.408
85 51 3365.480
85 52 5877.863
85 53 6011.943
85 54 737.673
85 55 4471.519
85 56 1059.997
85 57 2911.759
85 58 2241.237
85 59 5667.034
85 60 3152.446
85 61 2955.201
85 62 3714.158
85 63 5811.346
85 64 2619.743
85 65 2385.067
85 66 3174.822
85 67 6211.117
85 68 3268.128
85 69 4410.946
85 70 3301.945
85 71 4047.034
85 72 5194.402
85 73 1427.494
85 74 6864.155
85 75 3106.038
85 76 2714.224
85 77 4319.618
85 78 2453.990
85 79 2154.697
85 80 1712.801
85 81 5298.801
85 82 3632.908
85 83 1023.939
85 84 963.614
85 85 0.000
85 86 5649.743
85 87 2957.346
85 88 7501.781
85 89 5107.592
85 90 1458.090
85 91 4245.778
85 92 3717.138
85 93 2623.787
85 94 2517.393
85 95 1595.532
85 96 4892.452
85 97 3707.020
85 98 2859.681
85 99 2051.346
85 100 5340.890
86 0 1962.035
86 1 2353.582
86 2 4186.127
86 3 1991.798
86 4 2516.658
86 5 6707.514
86 6 1679.567
86 7 5358.577
86 8 3832.193
86 9 7327.565
86 10 5027.211
86 11 1639.963
86 12 3924.546
86 13 4746.535
86 14 5356.333
86 15 3040.397
86 16 1811.793
86 17 6864.041
86 18 4426.181
86 19 5748.408
86 20 5375.545
86 21 4966.678
86 22 3211.796
86 23 1388.242
86 24 5312.079
86 25 5259.366
86 26 6438.203
86 27 4411.136
86 28 3147.975
86 29 5881.979
86 30 2605.069
86 31 2433.600
86 32 4355.955
86 33 2430.627
86 34 7909.325
86 35 859.024
86 36 2130.285
86 37 1849.751
86 38 4228.674
86 39 4811.883
86 40 7274.784
86 41 4171.576
86 42 6032.640
86 43 1066.649
86 44 3855.189
86 45 2892.581
86 46 893.268
86 47 2912.080
86 48 3403.381
86 49 814.841
86 50 6741.157
86 51 7299.239
86 52 7154.422
86 53 3744.306
86 54 4957.195
86 55 1232.252
86 56 5052.233
86 57 2776.383
86 58 3906.260
86 59 5287.590
86 60 3247.520
86 61 5988.270
86 62 3142.659
86 63 2489.561
86 64 3862.014
86 65 3292.787
86 66 6985.768
86 67 1649.830
86 68 6592.510
86 69 4429.074
86 70 6407.115
86 71 1869.681
86 72 5329.156
86 73 4446.171
86 74 3406.690
86 75 3977.063
86 76 7117.844
86 77 3299.377
86 78 3427.000
86 79 6784.566
86 80 7278.434
86 81 6820.224
86 82 4584.532
86 83 5927.051
86 84 6548.138
86 85 5649.743
86 86 0.000
86 87 2785.129
86 88 5023.277
86 89 4779.302
86 90 5865.364
86 91 2334.324
86 92 3009.268
86 93 4660.450
86 94 6154.378
86 95 4888.165
86 96 6293.108
86 97 2515.610
86 98 3232.394
86 99 7448.750
86 100 565.419
87 0 851.543
87 1 3059.006
87 2 3178.704
87 3 1874.504
87 4 3842.640
87 5 4006.127
87 6 1192.795
87 7 7228.770
87 8 1907.074
87 9 5014.264
87 10 5219.462
87 11 1524.099
87 12 3816.771
87 13 6239.964
87 14 4863.747
87 15 3838.835
87 16 3397.522
87 17 4630.195
87 18 1657.662
87 19 4748.580
87 20 2599.776
87 21 3083.272
87 22 5513.116
87 23 2188.537
87 24 2827.282
87 25 3175.471
87 26 4231.083
87 27 3753.665
87 28 3530.195
87 29 4401.227
87 30 3303.942
87 31 1628.549
87 32 5595.741
87 33 2593.087
87 34 5851.231
87 35 2951.898
87 36 3903.703
87 37 2739.775
87 38 4592.319
87 39 5739.892
87 40 5532.850
87 41 1884.364
87 42 3932.616
87 43 2087.596
87 44 1113.991
87 45 2394.249
87 46 2047.024
87 47 2993.681
87 48 4626.792
87 49 3192.536
87 50 5182.269
87 51 5345.952
87 52 5435.099
87 53 4557.709
87 54 2338.214
87 55 1559.567
87 56 2615.662
87 57 843.713
87 58 1944.392
87 59 4177.808
87 60 999.490
87 61 3464.616
87 62 1442.555
87 63 3791.600
87 64 1308.985
87 65 592.333
87 66 4373.696
87 67 3275.575
87 68 4063.714
87 69 2887.600
87 70 4703.621
87 71 1691.765
87 72 3930.033
87 73 2041.289
87 74 4958.545
87 75 2699.568
87 76 4956.530
87 77 3086.465
87 78 661.216
87 79 4028.637
87 80 4651.788
87 81 4956.785
87 82 2549.388
87 83 3455.747
87 84 3902.572
87 85 2957.346
87 86 2785.129
87 87 0.000
87 88 6142.130
87 89 4568.004
87 90 3091.646
87 91 2337.765
87 92 2348.311
87 93 2149.526
87 94 4180.074
87 95 2124.726
87 96 4415.864
87 97 949.947
87 98 1675.700
87 99 4908.288
87 100 2409.242
88 0 5531.036
88 1 3122.063
88 2 3990.093
88 3 6706.073
88 4 7500.053
88 5 9689.744
88 6 5236.825
88 7 2023.921
88 8 7975.773
88 9 7540.558
88 10 1889.327
88 11 6150.561
88 12 2743.188
88 13 843.048
88 14 3148.463
88 15 8062.449
88 16 3231.846
88 17 10748.364
88 18 7029.455
88 19 10517.362
88 20 7760.418
88 21 9189.305
88 22 2954.821
88 23 4244.114
88 24 8893.600
88 25 5871.635
88 26 6718.613
88 27 3431.287
88 28 8154.582
88 29 10409.310
88 30 7622.496
88 31 6966.817
88 32 673.772
88 33 7343.297
88 34 11989.708
88 35 5865.260
88 36 2904.989
88 37 6847.529
88 38 1849.643
88 39 508.291
88 40 6248.350
88 41 8026.355
88 42 10074.582
88 43 5880.134
88 44 6558.732
88 45 7659.041
88 46 4807.951
88 47 7855.311
88 48 1639.278
88 49 4234.162
88 50 11237.543
88 51 6699.900
88 52 11541.810
88 53 1589.929
88 54 6830.040
88 55 5458.045
88 56 6457.265
88 57 5403.791
88 58 5318.173
88 59 9992.191
88 60 7101.590
88 61 9468.943
88 62 7358.012
88 63 2581.332
88 64 7427.420
88 65 6193.900
88 66 10216.577
88 67 6648.964
88 68 10031.306
88 69 8863.336
88 70 5683.375
88 71 4508.152
88 72 9887.175
88 73 6123.753
88 74 1678.094
88 75 4396.225
88 76 7038.802
88 77 3245.837
88 78 6673.838
88 79 9497.291
88 80 8428.798
88 81 11086.889
88 82 8674.597
88 83 7025.149
88 84 7958.045
88 85 7501.781
88 86 5023.277
88 87 6142.130
88 88 0.000
88 89 2645.406
88 90 8567.282
88 91 3804.440
88 92 3965.639
88 93 8237.254
88 94 6078.886
88 95 7834.520
88 96 10543.147
88 97 6635.489
88 98 4877.575
88 99 8260.681
88 100 5488.485
89 0 4270.497
89 1 2436.757
89 2 1602.874
89 3 5794.596
89 4 7208.586
89 5 7484.080
89 6 4103.968
89 7 4581.811
89 8 6470.123
89 9 4896.246
89 10 850.091
89 11 5206.597
89 12 864.349
89 13 3300.344
89 14 673.945
89 15 7581.090
89 16 3215.708
89 17 8866.338
89 18 4937.303
89 19 9298.247
89 20 5501.066
89 21 7608.180
89 22 4491.048
89 23 3483.721
89 24 6991.060
89 25 3333.506
89 26 4087.744
89 27 942.665
89 28 7498.816
89 29 8961.989
89 30 7056.502
89 31 5868.526
89 32 2575.225
89 33 6554.632
89 34 10156.612
89 35 5599.258
89 36 3296.342
89 37 6271.869
89 38 977.438
89 39 2141.220
89 40 3675.713
89 41 6351.279
89 42 8318.601
89 43 5221.281
89 44 4588.524
89 45 6660.169
89 46 4133.465
89 47 7065.070
89 48 2371.111
89 49 4235.815
89 50 9720.985
89 51 4079.969
89 52 9927.276
89 53 1719.640
89 54 4512.048
89 55 4573.918
89 56 4047.961
89 57 3726.592
89 58 3128.584
89 59 8732.399
89 60 5563.544
89 61 7474.575
89 62 5982.995
89 63 2676.665
89 64 5688.172
89 65 4391.816
89 66 8072.366
89 67 6355.622
89 68 7981.653
89 69 7455.540
89 70 3049.470
89 71 3349.607
89 72 8497.921
89 73 3848.403
89 74 2930.332
89 75 2110.877
89 76 4393.760
89 77 1587.527
89 78 4918.680
89 79 7212.819
89 80 5842.428
89 81 9410.440
89 82 7059.163
89 83 4492.109
89 84 5431.705
89 85 5107.592
89 86 4779.302
89 87 4568.004
89 88 2645.406
89 89 0.000
89 90 6341.747
89 91 2597.625
89 92 2243.193
89 93 6397.684
89 94 3438.937
89 95 5768.802
89 96 8885.283
89 97 5337.388
89 98 2953.578
89 99 5640.634
89 100 5021.912
90 0 3940.379
90 1 5778.665
90 2 4741.380
90 3 4481.619
90 4 6341.938
90 5 1142.343
90 6 4272.111
90 7 9989.318
90 8 2858.967
90 9 3791.583
90 10 7162.467
90 11 4409.489
90 12 5876.122
90 13 8863.606
90 14 6319.682
90 15 6047.207
90 16 6335.331
90 17 2949.002
90 18 1589.133
90 19 5045.336
90 20 844.738
90 21 2961.059
90 22 8509.062
90 23 5183.800
90 24 1577.937
90 25 3295.258
90 26 3533.448
90 27 5399.083
90 28 5573.277
90 29 4180.251
90 30 5623.580
90 31 4007.815
90 32 8142.266
90 33 4911.046
90 34 4201.351
90 35 5910.980
90 36 6834.875
90 37 5364.408
90 38 6776.309
90 39 8094.881
90 40 5281.682
90 41 2283.786
90 42 2845.798
90 43 5047.439
90 44 2149.453
90 45 4385.291
90 46 5134.087
90 47 5058.771
90 48 7275.579
90 49 6274.265
90 50 4559.326
90 51 4781.297
90 52 4481.487
90 53 7013.663
90 54 1846.045
90 55 4633.229
90 56 2386.927
90 57 3427.637
90 58 3262.818
90 59 4559.872
90 60 2802.972
90 61 1536.031
90 62 3238.279
90 63 6587.983
90 64 2145.816
90 65 2674.374
90 66 1754.771
90 67 6031.688
90 68 1810.042
90 69 3442.214
90 70 4759.698
90 71 4595.510
90 72 4042.225
90 73 2494.487
90 74 7714.174
90 75 4250.955
90 76 4096.111
90 77 5323.164
90 78 2439.204
90 79 963.468
90 80 2590.605
90 81 3902.147
90 82 2623.827
90 83 2468.826
90 84 2022.832
90 85 1458.090
90 86 5865.364
90 87 3091.646
90 88 8567.282
90 89 6341.747
90 90 0.000
90 91 5002.863
90 92 4628.988
90 93 1689.346
90 94 3975.452
90 95 981.148
90 96 3538.275
90 97 3517.333
90 98 3712.748
90 99 3084.812
90 100 5444.810
91 0 1784.028
91 1 776.048
91 2 1865.064
91 3 3216.346
91 4 4642.104
91 5 6070.492
91 6 1550.675
91 7 4997.821
91 8 4189.638
91 9 5335.528
91 10 3063.243
91 11 2626.570
91 12 1739.886
91 13 3933.171
91 14 3099.118
91 15 4986.582
91 16 1481.564
91 17 6955.147
91 18 3414.564
91 19 6863.181
91 20 4275.631
91 21 5396.059
91 22 3630.137
91 23 949.967
91 24 5117.130
91 25 3249.896
91 26 4415.573
91 27 2090.390
91 28 4902.913
91 29 6656.084
91 30 4459.535
91 31 3343.469
91 32 3265.428
91 33 3965.140
91 34 8187.445
91 35 3084.668
91 36 1927.371
91 37 3677.162
91 38 2344.553
91 39 3408.897
91 40 5007.405
91 41 4221.916
91 42 6270.359
91 43 2628.114
91 44 2877.316
91 45 4113.819
91 46 1568.516
91 47 4479.155
91 48 2317.963
91 49 2045.152
91 50 7467.735
91 51 5103.121
91 52 7751.148
91 53 2222.291
91 54 3509.443
91 55 1978.084
91 56 3360.159
91 57 1634.853
91 58 2064.104
91 59 6313.320
91 60 3303.229
91 61 5718.573
91 62 3602.304
91 63 1588.307
91 64 3629.394
91 65 2437.815
91 66 6537.735
91 67 3805.593
91 68 6299.076
91 69 5112.430
91 70 4150.362
91 71 776.833
91 72 6151.042
91 73 2831.853
91 74 2715.935
91 75 1739.710
91 76 5032.181
91 77 1019.599
91 78 2888.176
91 79 5964.052
91 80 5628.814
91 81 7286.619
91 82 4874.622
91 83 4170.010
91 84 4975.529
91 85 4245.778
91 86 2334.324
91 87 2337.765
91 88 3804.440
91 89 2597.625
91 90 5002.863
91 91 0.000
91 92 726.987
91 93 4450.809
91 94 4013.552
91 95 4160.126
91 96 6743.732
91 97 2898.040
91 98 1389.006
91 99 5669.578
91 100 2470.581
92 0 2041.375
92 1 1321.358
92 2 1181.965
92 3 3605.513
92 4 5201.653
92 5 5737.378
92 6 1916.173
92 7 5389.234
92 8 4255.295
92 9 4628.540
92 10 2871.512
92 11 3027.209
92 12 1468.497
92 13 4235.980
92 14 2629.816
92 15 5481.513
92 16 2158.665
92 17 6828.509
92 18 3069.257
92 19 7057.370
92 20 3849.725
92 21 5422.370
92 22 4241.683
92 23 1624.816
92 24 4957.405
92 25 2554.296
92 26 3707.226
92 27 1541.382
92 28 5342.336
92 29 6749.275
92 30 4941.148
92 31 3638.738
92 32 3513.955
92 33 4380.357
92 34 8094.618
92 35 3710.554
92 36 2561.736
92 37 4181.745
92 38 2275.438
92 39 3515.698
92 40 4289.278
92 41 4188.392
92 42 6207.287
92 43 3154.675
92 44 2594.367
92 45 4436.598
92 46 2183.593
92 47 4879.529
92 48 2665.137
92 49 2770.228
92 50 7528.005
92 51 4376.277
92 52 7765.358
92 53 2390.897
92 54 2994.371
92 55 2452.958
92 56 2762.699
92 57 1522.510
92 58 1479.169
92 59 6493.068
92 60 3347.801
92 61 5512.505
92 62 3744.263
92 63 2120.606
92 64 3546.605
92 65 2266.065
92 66 6252.529
92 67 4392.323
92 68 6068.359
92 69 5228.440
92 70 3428.914
92 71 1231.521
92 72 6272.598
92 73 2289.844
92 74 3147.279
92 75 1012.754
92 76 4311.942
92 77 751.878
92 78 2774.758
92 79 5575.767
92 80 4998.628
92 81 7269.482
92 82 4880.435
92 83 3530.552
92 84 4376.140
92 85 3717.138
92 86 3009.268
92 87 2348.311
92 88 3965.639
92 89 2243.193
92 90 4628.988
92 91 726.987
92 92 0.000
92 93 4318.694
92 94 3289.325
92 95 3869.054
92 96 6734.250
92 97 3094.363
92 98 917.205
92 99 5005.986
92 100 3075.946
93 0 2937.229
93 1 5194.665
93 2 4844.931
93 3 2988.347
93 4 4730.366
93 5 2127.717
93 6 3286.697
93 7 9378.277
93 8 1183.062
93 9 5122.838
93 10 7137.674
93 11 3062.177
93 12 5749.821
93 13 8376.734
93 14 6551.932
93 15 4385.676
93 16 5538.490
93 17 2512.755
93 18 1639.994
93 19 3580.622
93 20 1882.113
93 21 1479.087
93 22 7618.315
93 23 4323.776
93 24 679.280
93 25 3986.459
93 26 4632.315
93 27 5493.267
93 28 3899.745
93 29 2867.289
93 30 3989.017
93 31 2483.682
93 32 7715.941
93 33 3300.872
93 34 3777.246
93 35 4527.799
93 36 6043.466
93 37 3822.401
93 38 6593.098
93 39 7812.549
93 40 6291.504
93 41 613.226
93 42 1924.884
93 43 3706.335
93 44 1818.967
93 45 2737.432
93 46 4083.891
93 47 3397.866
93 48 6761.035
93 49 5219.109
93 50 3469.570
93 51 5900.669
93 52 3579.311
93 53 6647.342
93 54 2517.390
93 55 3466.454
93 56 3087.854
93 57 2833.550
93 58 3327.178
93 59 3043.844
93 60 1412.981
93 61 1338.610
93 62 1673.177
93 63 5940.018
93 64 845.043
93 65 2053.210
93 66 2327.018
93 67 4517.587
93 68 1944.988
93 69 1806.121
93 70 5608.769
93 71 3840.606
93 72 2582.716
93 73 2834.888
93 74 7106.503
93 75 4323.442
93 76 5301.503
93 77 5069.743
93 78 1564.085
93 79 2355.240
93 80 4152.844
93 81 3035.155
93 82 1009.960
93 83 3581.245
93 84 3479.261
93 85 2623.787
93 86 4660.450
93 87 2149.526
93 88 8237.254
93 89 6397.684
93 90 1689.346
93 91 4450.809
93 92 4318.694
93 93 0.000
93 94 4890.315
93 95 1028.570
93 96 2532.945
93 97 2152.567
93 98 3464.677
93 99 4594.801
93 100 4164.877
94 0 4548.605
94 1 4528.612
94 2 2354.400
94 3 6028.601
94 4 7942.365
94 5 5008.977
94 6 4653.120
94 7 7957.097
94 8 5581.615
94 9 1471.531
94 10 4256.499
94 11 5575.433
94 12 3514.520
94 13 6680.085
94 14 3062.673
94 15 8010.052
94 16 5419.499
94 17 6905.102
94 18 3277.775
94 19 8422.811
94 20 3218.781
94 21 6361.784
94 22 7362.920
94 23 4834.756
94 24 5237.214
94 25 1005.978
94 26 674.451
94 27 2708.092
94 28 7709.793
94 29 7757.589
94 30 7468.903
94 31 5806.733
94 32 5927.821
94 33 6770.157
94 34 8173.954
94 35 6710.825
94 36 5768.176
94 37 6838.435
94 38 4286.708
94 39 5571.805
94 40 1409.556
94 41 5179.337
94 42 6652.907
94 43 5967.778
94 44 3373.143
94 45 6549.695
94 46 5266.971
94 47 7170.882
94 48 5428.076
94 49 6040.647
94 50 8319.871
94 51 1175.096
94 52 8342.213
94 53 4880.650
94 54 2374.185
94 55 5258.006
94 56 1806.069
94 57 3600.050
94 58 2324.297
94 59 7861.845
94 60 4863.717
94 61 5455.758
94 62 5445.059
94 63 5231.786
94 64 4567.219
94 65 3642.563
94 66 5670.142
94 67 7254.640
94 68 5785.451
94 69 6535.943
94 70 790.693
94 71 4285.687
94 72 7448.443
94 73 2207.384
94 74 5998.031
94 75 2281.725
94 76 1040.548
94 77 3479.125
94 78 4031.392
94 79 4585.856
94 80 2520.372
94 81 7766.925
94 82 5847.849
94 83 1527.921
94 84 2331.883
94 85 2517.393
94 86 6154.378
94 87 4180.074
94 88 6078.886
94 89 3438.937
94 90 3975.452
94 91 4013.552
94 92 3289.325
94 93 4890.315
94 94 0.000
94 95 3914.935
94 96 7329.275
94 97 5124.638
94 98 2935.001
94 99 2231.426
94 100 6067.956
95 0 2976.051
95 1 4933.915
95 2 4173.639
95 3 3525.037
95 4 5421.611
95 5 1919.120
95 6 3313.361
95 7 9157.697
95 8 2057.087
95 9 4094.277
95 10 6556.498
95 11 3431.144
95 12 5211.678
95 13 8071.618
95 14 5838.639
95 15 5173.195
95 16 5432.158
95 17 3139.831
95 18 831.524
95 19 4607.129
95 20 863.075
95 21 2498.700
95 22 7591.429
95 23 4256.956
95 24 1335.141
95 25 3059.106
95 26 3619.916
95 27 4835.665
95 28 4721.279
95 29 3863.717
95 30 4723.728
95 31 3064.849
95 32 7369.589
95 33 3998.541
95 34 4439.157
95 35 4932.233
95 36 5935.992
95 37 4416.666
95 38 6094.637
95 39 7379.346
95 40 5304.134
95 41 1506.520
95 42 2755.664
95 43 4067.470
95 44 1285.937
95 45 3508.884
95 46 4171.513
95 47 4190.754
95 48 6465.704
95 49 5315.827
95 50 4405.159
95 51 4891.305
95 52 4447.253
95 53 6257.471
95 54 1548.653
95 55 3655.927
95 56 2134.805
95 57 2542.348
95 58 2640.284
95 59 4072.377
95 60 1847.526
95 61 1710.346
95 62 2325.985
95 63 5729.226
95 64 1204.495
95 65 1755.636
95 66 2386.143
95 67 5072.686
95 68 2218.856
95 69 2820.579
95 70 4656.282
95 71 3687.968
95 72 3606.243
95 73 1997.217
95 74 6874.893
95 75 3658.520
95 76 4279.273
95 77 4596.757
95 78 1466.556
95 79 1903.915
95 80 3167.710
95 81 3878.821
95 82 2037.378
95 83 2559.759
95 84 2470.732
95 85 1595.532
95 86 4888.165
95 87 2124.726
95 88 7834.520
95 89 5768.802
95 90 981.148
95 91 4160.126
95 92 3869.054
95 93 1028.570
95 94 3914.935
95 95 0.000
95 96 3420.926
95 97 2545.500
95 98 2958.549
95 99 3588.334
95 100 4463.797
96 0 5030.857
96 1 7430.793
96 2 7358.599
96 3 4311.951
96 4 5286.608
96 5 3012.190
96 6 5350.224
96 7 11463.142
96 8 2582.006
96 9 7325.808
96 10 9594.553
96 11 4687.715
96 12 8194.068
96 13 10579.656
96 14 9071.207
96 15 4665.305
96 16 7590.292
96 17 1113.675
96 18 4155.639
96 19 1947.331
96 20 4141.524
96 21 1364.958
96 22 9478.078
96 23 6399.263
96 24 2092.075
96 25 6476.300
96 26 6987.593
96 27 7998.495
96 28 4147.787
96 29 951.460
96 30 4539.631
96 31 3861.470
96 32 9973.929
96 33 4135.866
96 34 1641.672
96 35 5846.303
96 36 8074.134
96 37 4819.599
96 38 9000.456
96 39 10151.956
96 40 8705.458
96 41 2545.859
96 42 692.809
96 43 5228.054
96 44 4342.152
96 45 3524.608
96 46 5986.613
96 47 3890.649
96 48 8985.582
96 49 7012.769
96 50 1021.336
96 51 8256.948
96 52 1047.404
96 53 8965.935
96 54 4969.558
96 55 5300.935
96 56 5555.452
96 57 5213.134
96 58 5853.826
96 59 1754.407
96 60 3441.629
96 61 2024.036
96 62 3245.195
96 63 8097.271
96 64 3198.409
96 65 4495.106
96 66 2567.750
96 67 5493.389
96 68 2068.597
96 69 1874.427
96 70 8076.792
96 71 6040.790
96 72 1283.355
96 73 5358.275
96 74 9252.457
96 75 6838.602
96 76 7600.859
96 77 7483.354
96 78 3970.750
96 79 3524.713
96 80 6091.490
96 81 544.802
96 82 1869.111
96 83 5911.229
96 84 5561.060
96 85 4892.452
96 86 6293.108
96 87 4415.864
96 88 10543.147
96 89 8885.283
96 90 3538.275
96 91 6743.732
96 92 6734.250
96 93 2532.945
96 94 7329.275
96 95 3420.926
96 96 0.000
96 97 3967.765
96 98 5932.923
96 99 6605.034
96 100 5731.633
97 0 1115.166
97 1 3514.188
97 2 4046.787
97 3 1016.795
97 4 2991.373
97 5 4241.157
97 6 1399.858
97 7 7497.473
97 8 1393.321
97 9 5905.902
97 10 5922.247
97 11 914.060
97 12 4537.082
97 13 6622.600
97 14 5692.362
97 15 2917.030
97 16 3622.870
97 17 4399.285
97 18 2349.155
97 19 3975.821
97 20 3216.224
97 21 2603.171
97 22 5575.484
97 23 2435.079
97 24 2796.983
97 25 4119.013
97 26 5151.147
97 27 4581.901
97 28 2586.185
97 29 3774.360
97 30 2393.792
97 31 682.854
97 32 6040.800
97 33 1666.987
97 34 5521.435
97 35 2405.940
97 36 4109.472
97 37 1918.776
97 38 5236.501
97 39 6276.575
97 40 6482.284
97 41 1658.962
97 42 3603.746
97 43 1560.851
97 44 1909.305
97 45 1447.322
97 46 2036.919
97 47 2046.284
97 48 5043.625
97 49 3126.829
97 50 4603.522
97 51 6286.949
97 52 4928.731
97 53 5086.633
97 54 3167.235
97 55 1366.833
97 56 3512.415
97 57 1708.818
97 58 2890.792
97 59 3419.571
97 60 745.810
97 61 3473.627
97 62 727.140
97 63 4138.661
97 64 1396.066
97 65 1493.127
97 66 4479.452
97 67 2539.722
97 68 4077.235
97 69 2228.036
97 70 5653.471
97 71 2140.848
97 72 3258.398
97 73 2961.132
97 74 5287.663
97 75 3592.276
97 76 5877.459
97 77 3788.629
97 78 1254.093
97 79 4376.939
97 80 5419.787
97 81 4511.261
97 82 2143.372
97 83 4322.827
97 84 4669.727
97 85 3707.020
97 86 2515.610
97 87 949.947
97 88 6635.489
97 89 5337.388
97 90 3517.333
97 91 2898.040
97 92 3094.363
97 93 2152.567
97 94 5124.638
97 95 2545.500
97 96 3967.765
97 97 0.000
97 98 2559.438
97 99 5723.024
97 100 2012.311
98 0 1698.539
98 1 2134.416
98 2 1503.080
98 3 3279.665
98 4 5086.857
98 5 4820.259
98 6 1738.958
98 7 6291.795
98 8 3542.022
98 9 4109.495
98 10 3673.482
98 11 2754.802
98 12 2286.965
98 13 5150.998
98 14 3197.965
98 15 5248.086
98 16 2857.760
98 17 5961.628
98 18 2153.080
98 19 6419.128
98 20 2940.932
98 21 4657.583
98 22 5018.953
98 23 1978.931
98 24 4084.568
98 25 2028.459
98 26 3209.855
98 27 2093.642
98 28 5026.603
98 29 6023.510
98 30 4699.735
98 31 3188.992
98 32 4431.077
98 33 4057.253
98 34 7239.638
98 35 3778.780
98 36 3315.494
98 37 4002.139
98 38 3148.161
98 39 4420.832
98 40 4145.570
98 41 3397.935
98 42 5376.170
98 43 3064.604
98 44 1695.023
98 45 3988.730
98 46 2340.324
98 47 4520.008
98 48 3570.142
98 49 3218.119
98 50 6770.754
98 51 4096.557
98 52 6974.007
98 53 3307.346
98 54 2125.228
98 55 2344.460
98 56 1983.244
98 57 850.866
98 58 705.218
98 59 5846.809
98 60 2644.220
98 61 4619.021
98 62 3118.233
98 63 2953.892
98 64 2734.942
98 65 1438.311
98 66 5339.002
98 67 4352.665
98 68 5166.049
98 69 4540.335
98 70 3279.898
98 71 1380.183
98 72 5575.450
98 73 1442.865
98 74 4032.902
98 75 1032.839
98 76 3885.469
98 77 1638.819
98 78 1965.161
98 79 4661.750
98 80 4261.560
98 81 6460.187
98 82 4107.419
98 83 2818.302
98 84 3593.298
98 85 2859.681
98 86 3232.394
98 87 1675.700
98 88 4877.575
98 89 2953.578
98 90 3712.748
98 91 1389.006
98 92 917.205
98 93 3464.677
98 94 2935.001
98 95 2958.549
98 96 5932.923
98 97 2559.438
98 98 0.000
98 99 4336.954
98 100 3134.494
99 0 5565.170
99 1 6325.114
99 2 4362.103
99 3 6733.653
99 4 8713.501
99 5 3751.896
99 6 5787.505
99 7 10079.069
99 8 5626.705
99 9 1017.856
99 10 6471.721
99 11 6432.302
99 12 5603.502
99 13 8815.441
99 14 5293.205
99 15 8595.418
99 16 7149.035
99 17 5887.368
99 18 3397.178
99 19 8110.069
99 20 2725.907
99 21 6003.687
99 22 9241.437
99 23 6305.287
99 24 4648.990
99 25 2486.280
99 26 1561.106
99 27 4839.476
99 28 8191.038
99 29 7263.989
99 30 8097.077
99 31 6368.907
99 32 8056.785
99 33 7360.304
99 34 7028.437
99 35 7810.776
99 36 7567.569
99 37 7626.696
99 38 6435.300
99 39 7752.390
99 40 2909.793
99 41 5091.912
99 42 5915.841
99 43 6969.363
99 44 3821.168
99 45 6966.730
99 46 6568.966
99 47 7645.139
99 48 7455.919
99 49 7544.279
99 50 7625.586
99 51 2272.779
99 52 7503.457
99 53 6965.350
99 54 2570.506
99 55 6340.883
99 56 2397.642
99 57 4674.778
99 58 3632.153
99 59 7604.567
99 60 5199.249
99 61 4582.096
99 62 5764.683
99 63 7103.994
99 64 4669.627
99 65 4317.472
99 66 4388.730
99 67 8183.862
99 68 4690.629
99 69 6400.534
99 70 2864.200
99 71 5686.898
99 72 7103.144
99 73 3002.587
99 74 8007.140
99 75 4110.895
99 76 1560.898
99 77 5406.315
99 78 4470.847
99 79 3234.268
99 80 538.508
99 81 6930.045
99 82 5599.199
99 83 1526.628
99 84 1117.602
99 85 2051.346
99 86 7448.750
99 87 4908.288
99 88 8260.681
99 89 5640.634
99 90 3084.812
99 91 5669.578
99 92 5005.986
99 93 4594.801
99 94 2231.426
99 95 3588.334
99 96 6605.034
99 97 5723.024
99 98 4336.954
99 99 0.000
99 100 7211.214
100 0 1648.901
100 1 2653.312
100 2 4255.504
100 3 1426.672
100 4 2187.172
100 5 6240.968
100 6 1438.956
100 7 5908.239
100 8 3291.079
100 9 7163.582
100 10 5347.589
100 11 1109.964
100 12 4158.056
100 13 5256.293
100 14 5561.115
100 15 2621.560
100 16 2256.782
100 17 6319.042
100 18 4066.785
100 19 5195.394
100 20 5007.740
100 21 4410.487
100 22 3776.703
100 23 1540.032
100 24 4804.894
100 25 5132.088
100 26 6296.402
100 27 4558.033
100 28 2667.051
100 29 5316.812
100 30 2144.669
100 31 1875.811
100 32 4828.530
100 33 1891.255
100 34 7351.071
100 35 646.290
100 36 2627.738
100 37 1360.169
100 38 4558.962
100 39 5246.828
100 40 7256.563
100 41 3654.526
100 42 5481.833
100 43 503.605
100 44 3512.281
100 45 2331.025
100 46 902.369
100 47 2386.674
100 48 3854.180
100 49 1352.993
100 50 6175.985
100 51 7231.016
100 52 6589.178
100 53 4137.773
100 54 4675.171
100 55 872.227
100 56 4829.826
100 57 2553.268
100 58 3767.130
100 59 4728.110
100 60 2755.096
100 61 5482.045
100 62 2605.488
100 63 2920.266
100 64 3388.722
100 65 2957.864
100 66 6491.727
100 67 1336.735
100 68 6083.616
100 69 3865.498
100 70 6387.052
100 71 1858.446
100 72 4764.096
100 73 4221.865
100 74 3905.772
100 75 3982.787
100 76 6994.747
100 77 3480.481
100 78 3022.250
100 79 6344.957
100 80 7005.708
100 81 6257.398
100 82 4039.750
100 83 5703.965
100 84 6264.593
100 85 5340.890
100 86 565.419
100 87 2409.242
100 88 5488.485
100 89 5021.912
100 90 5444.810
100 91 2470.581
100 92 3075.946
100 93 4164.877
100 94 6067.956
100 95 4463.797
100 96 5731.633
100 97 2012.311
100 98 3134.494
100 99 7211.214
100 100 0.000
