,depot,WinMart+,Trường Mầm non Thịnh Liệt (cơ sở Giáp Nh,Trường Mầm non Hoa Mai,Trường mầm non Vườn Hồng,WinMart+,WinMart+,Siêu thị Đức Thành,WinMart+,Siêu Thị T-Mart,Trường Trung học cơ sở Tân Định,Trường Tiểu học Hoàng Liệt,WinMart+,WinMart+,Cục Dự trữ Nhà nước khu vực Hà Nội,Trường Mầm Non Đại Từ,WinMart+,Cà Phê Parkland,Trường Mầm non Định Công (Cơ sở 3),Highlands Coffee,WinMart+,WinMart+,Trường Mầm non Hoàng Liệt (cơ sở Tứ Kỳ),WinMart+,WinMart+,Trường Mầm non Sao Mai,KFC,Trường Đại học Công nghệ và Quản lý Hữu ,Không có tên,WinMart+,Không có tên,WinMart+,MM Mega Market Hoàng Mai,Trường Tiểu học Đại Kim,Không có tên,Không có tên,Cà Phê 3k,Không có tên,WinMart+,WinMart+,WinMart+,Trường Tiểu học Chu Văn An,AEON MaxValu Linh Đàm,WinMart+,WinMart+,WinMart+,Trường Mầm Non Hoạ Mi,WinMart+,WinMart+,Trường Tiểu học Chu Văn An,WinMart+,WinMart+,Trường Mầm non A Tứ Hiệp,Cà Phê KOK,Không có tên,Trường Đại học Kinh tế - Kỹ thuật Công n,WinMart+,Trường Quốc tế Singapore,WinMart+,Trường Tiểu học Tam Hiệp,WinMart+,Delícia Coffee & Lounge,UBND phường Khương Thượng,WinMart+,Siêu thị B11 Kim Liên,WinMart+,Cà Phê Big One,Trường Mầm non Đại Thanh,siêu thị 24h ninja mark,Trường Mầm non Tứ Hiệp (điểm Cổ Điển B),WinMart+,Không có tên,Quan an Nam Nhu 1,WinMart+,Taste Tea,WinMart+,WinMart+,Trường Cao đẳng Hà Nội,TK mark,Hội đồng nhân dân - Ủy ban nhân dân phườ,Trung tâm Công nghệ Phần mềm Thủy lợi,WinMart+,Không có tên,Cafe Dinh,Trường Trung học cơ sở Yên Mỹ,WinMart+,Coffee Cây,Trường Mầm non Tứ Hiệp (điểm Đồng Trì),Trường Mầm non Lĩnh Nam (cơ sở 2),Chợ Nhân Chính,Cục Sở hữu Trí tuệ,WinMart+,Kho bạc Nhà nước Đống Đa,Tịnh Cafe,Trường Mầm non Yên Mỹ,WinMart+,5050 Rooftop Cafe & Pub,Thuế cơ sở 4 thành phố Hà Nội,Trường Trung học cơ sở Lĩnh Nam,WinMart+,WinMart+,WinMart+,Cửa Hàng Tiện Lợi BV Mart,Đảng uỷ - HĐND - UBND phường Thanh Xuân,Starbucks,WinMart+,WinMart+,WinMart+,Phường Ô Chợ Dừa,Chợ Xanh Văn Quán,Noble Moment,WinMart+,Co.opmart,WinMart+,9.0cafe,The Coffee House,Cục Tần số vô tuyến điện,Everything Coffee 'N Bagel,Starbucks,Chợ Trung Kính,Trường Mầm non Kim Lan,WinMart+,Trường Trung học cơ sở Văn Đức,Trung tâm Hỗ trợ doanh nghiệp Hà Nội,Trường Mầm non Văn Đức (điểm Chử Xá),WinMart+
depot,0.000000,24.984950,21.765531,25.078788,20.384760,25.061904,15.411667,28.255374,24.893961,22.806715,23.773612,19.339854,24.718316,22.851036,25.312861,22.411672,28.243124,25.304641,21.315513,20.728318,28.028152,18.682732,18.506216,27.276894,27.187749,24.677920,24.235192,27.884736,29.483942,25.548705,23.473446,19.618737,27.815926,23.319897,27.226962,27.234282,23.219925,19.114452,26.301171,21.104554,26.372858,22.602649,23.260130,27.560424,19.523336,24.592428,23.448327,29.131856,23.960238,22.007926,28.986820,27.343063,18.824161,25.386179,27.766734,26.201378,25.649073,26.010289,22.074138,21.674764,31.388839,23.781421,29.769193,26.415574,27.735432,24.801237,26.111694,27.750810,25.026056,20.611677,22.215814,29.664975,29.354680,30.081384,28.587111,27.615118,28.282696,27.056649,23.193518,23.967212,31.430260,30.445936,31.272940,25.848763,22.521802,31.245702,29.774494,23.558697,26.783417,30.514251,28.218845,30.628369,30.150974,29.820488,22.728671,29.090410,28.926834,29.636603,27.355852,30.973195,28.538324,30.879946,28.626967,28.355630,28.728226,29.174706,29.345717,31.066821,25.919456,23.287321,30.531286,30.852783,30.002918,29.145942,31.765765,28.702101,31.555959,27.799461,27.840924,30.815179,28.287236,30.542621,26.460161,29.694043,26.860794,30.366243
WinMart+,28.947293,0.000000,24.450408,27.882933,30.462096,26.080326,16.710026,33.484558,26.726385,25.221160,27.054791,28.958140,27.433284,25.618389,28.002876,24.036250,31.770485,27.860921,22.644202,28.729464,32.651761,32.353897,24.756114,29.708569,28.081304,26.780708,26.794210,30.394935,32.402851,27.625871,25.020677,29.411502,29.696632,24.563024,29.135623,30.285427,24.669347,24.451131,28.045018,27.669144,32.821157,31.501311,24.710141,29.842536,26.140192,26.191651,31.628039,30.951880,25.173075,22.784903,32.458360,29.623316,24.866859,24.768999,30.325402,27.673098,27.035513,27.477429,29.433330,26.910538,33.998792,24.855770,32.908661,25.879767,29.712371,31.334976,28.553253,37.397442,26.684958,27.704342,26.507940,31.702641,31.010752,32.170383,31.124804,29.385136,36.896832,32.317455,22.433455,24.790974,34.284342,32.956666,34.976696,32.054224,25.483607,33.285034,32.188821,26.787808,28.080350,32.763853,29.693173,33.237067,32.177925,31.810731,25.847779,30.594092,30.399786,31.563156,28.714123,33.497352,30.054538,32.667702,29.884089,29.803291,30.426293,30.810641,30.958776,33.564532,27.118281,23.873804,32.623448,32.637616,31.663067,30.604085,33.902551,27.128421,33.610598,29.044948,28.807497,32.795331,28.809963,32.249632,26.864005,31.151188,27.270338,31.873492
Trường Mầm non Thịnh Liệt (cơ sở Giáp Nh,22.105102,22.910701,0.000000,21.766101,18.100063,22.594571,20.448442,24.513599,22.743545,24.971529,21.145054,24.827526,22.414005,20.638007,23.160973,26.160219,25.568376,23.174803,19.968971,25.307098,25.585076,23.347684,22.440870,25.280287,25.502428,22.900098,26.310402,25.923328,27.253458,23.798159,21.731695,23.854454,20.251899,25.925039,19.325780,25.340335,26.252377,22.428478,24.766494,20.961898,24.610441,26.890790,25.063489,25.831386,22.584421,23.223892,27.363333,22.506687,26.343918,25.313613,27.145810,25.855886,21.723181,24.208581,26.234035,24.956535,24.448667,19.967378,21.085438,24.456090,29.525886,25.941636,28.118110,25.237915,26.438506,23.705219,24.696652,31.596835,27.319634,23.457218,23.042903,28.395913,28.033271,28.524806,27.090489,26.387567,31.714039,29.406009,22.311534,25.573572,29.948547,29.035868,29.558010,28.756080,23.042825,29.733261,28.400269,24.177487,25.706383,29.202336,27.192681,29.240032,28.919822,28.603843,23.291469,28.075616,27.914775,28.431703,26.256713,29.631005,27.466190,29.531738,27.710921,27.347489,27.619171,28.123936,28.293171,29.755649,24.958918,25.011700,29.343381,29.781512,28.960432,28.159509,30.600811,27.814374,30.412904,26.884293,27.021945,29.659405,27.685749,29.489110,25.951773,28.691615,26.344669,29.404625
Trường Mầm non Hoa Mai,25.597906,27.237276,20.883409,0.000000,24.248965,23.092569,24.110082,20.145108,23.290437,25.805506,20.778459,27.708490,23.162500,14.603584,23.936758,24.994682,23.810302,23.993956,20.160688,27.673781,26.931117,29.756935,25.301353,26.266151,26.260963,23.573211,26.344150,24.898075,26.754452,24.549452,25.233540,28.149844,25.569574,23.920099,24.806852,26.352711,25.081837,24.919105,25.473952,27.133407,24.736968,29.382609,25.103727,24.939056,26.089798,23.780632,29.595228,27.418573,23.297970,23.703347,28.320949,26.685311,25.186945,24.720658,27.132244,24.195433,25.001795,23.968579,21.342204,26.521773,29.904871,25.112385,29.221621,25.819060,27.175001,24.147498,24.819561,33.128672,23.280215,27.218368,29.312479,29.161589,27.951797,28.563055,28.039872,27.081229,33.082249,30.669830,22.603640,27.978723,31.008715,29.989671,30.857184,30.303218,25.262312,30.083803,29.303652,26.746428,25.223060,30.078943,27.777318,30.205461,29.731420,29.372742,25.650438,28.641861,28.477467,29.205111,25.867479,30.570261,28.073359,29.796442,28.191139,27.901998,28.271349,28.741316,28.917414,30.679369,25.436952,26.441760,30.138070,30.461861,29.595317,28.723037,31.406523,28.286130,31.189732,27.363637,27.442037,30.435114,27.626544,30.162528,25.803488,29.293384,26.219153,29.986783
Trường mầm non Vườn Hồng,26.256284,28.700557,18.540354,22.664861,0.000000,24.083169,20.856543,31.779410,24.286332,27.267922,21.843015,29.114114,24.532666,21.004279,25.322667,26.103096,30.265304,25.384692,20.546193,28.901751,29.106797,31.216542,26.178282,27.851368,27.452457,24.644111,27.655565,29.041900,31.620824,25.717861,26.178449,29.345580,28.517804,24.649978,27.823908,27.903028,25.972031,25.750610,26.546474,21.086876,25.932536,30.760668,25.980761,28.605747,26.851209,24.596886,30.881592,30.178258,23.890037,24.271858,30.091996,27.842946,25.849666,25.457397,28.415698,26.463047,25.766844,26.241155,21.754230,27.409761,33.948620,25.717260,30.877928,26.614096,28.195331,24.904672,25.903924,34.898835,23.963029,28.014204,31.204837,30.322550,30.393598,31.721452,29.352722,28.028086,34.754820,31.617350,23.028944,28.641523,32.538849,31.346623,32.787468,31.357722,26.453974,33.096231,30.629685,28.269414,27.159922,31.314071,28.572222,31.642348,30.819596,30.507507,26.913511,29.573724,29.393645,30.252345,27.888011,31.982132,28.966177,32.389886,28.999226,28.800250,29.282189,29.738645,29.887221,32.094456,26.099943,26.996077,31.342725,31.541017,30.610223,29.618235,32.656411,29.069463,32.398376,28.161555,28.020052,31.570322,28.385250,31.173982,26.416185,30.149754,26.832579,30.924635
WinMart+,25.383793,25.290862,24.595290,25.760895,23.795786,0.000000,21.117477,29.536401,22.436419,24.930545,24.768267,26.241345,23.615229,24.002011,24.485851,22.269634,29.279564,22.706412,18.416028,22.741131,26.917013,29.559683,23.462702,26.566393,26.923827,22.373601,27.275042,28.701587,30.219880,23.943500,24.801588,27.410981,28.388701,24.292839,27.904074,25.630702,24.478496,24.814660,22.511916,26.320646,27.716973,29.142645,24.565780,28.420185,25.023050,23.087963,29.461632,29.591082,23.936921,22.312544,27.495032,23.163378,23.964095,26.833116,26.458894,26.852476,22.582717,26.688711,20.237291,25.777573,31.895761,24.723171,25.332747,27.852451,25.292020,22.040379,25.588176,34.468812,26.794401,26.548148,25.654064,22.864368,29.795147,30.612305,25.408389,22.969842,34.293272,30.875383,22.812501,24.642399,28.160248,27.122066,29.886764,30.422753,24.878558,31.656350,26.372923,26.012688,27.334626,27.537945,25.365497,27.439444,27.221721,27.006531,25.219016,25.503255,22.195697,25.237622,27.901955,28.033080,25.937478,31.272568,23.317636,24.794334,26.034977,25.307254,25.685992,28.246849,26.349220,23.678132,27.971160,28.755073,26.509542,25.632336,29.552049,27.080309,29.383306,25.611255,24.717292,28.414243,28.327614,28.404601,26.509640,27.513707,26.897219,28.488324
WinMart+,15.328608,33.094730,19.627863,28.722999,30.908929,25.763615,0.000000,32.447204,27.756114,25.739545,28.477363,26.903673,27.050592,27.599475,28.910005,27.838695,31.479891,28.590080,23.059340,27.308738,32.208258,23.083027,21.370133,29.773620,25.017992,27.701179,28.389351,30.635682,31.846432,28.268435,20.488553,24.200881,21.129945,27.089320,20.335485,30.467684,28.025395,21.583729,25.734586,23.768296,32.289482,30.210730,25.730714,30.238073,22.010588,26.965608,30.496522,23.666684,27.499526,25.851270,31.951113,29.862906,20.744535,26.778597,30.548669,28.240206,25.149986,20.729088,29.425290,24.820190,33.298556,26.740448,32.187758,27.876267,29.884382,26.834904,28.722010,38.271038,28.990836,23.424552,23.947473,27.886156,30.985576,31.997183,30.973312,29.471890,37.266302,31.514177,23.428879,25.931004,33.267634,32.248115,33.748343,31.404646,23.471897,32.869117,31.615334,25.329401,28.486872,32.085781,25.830204,32.399226,31.675842,31.256627,23.734943,26.527013,23.277894,31.166224,29.045228,32.600292,26.082502,27.135323,24.189871,25.895874,30.049457,26.470943,26.805003,32.631999,27.643722,25.081070,31.870807,26.233594,27.560530,26.630606,32.893725,28.497913,28.400796,25.811669,25.512880,32.053170,28.791755,26.962591,26.880492,30.686176,27.259707,26.526473
Siêu thị Đức Thành,27.861802,30.562694,23.862109,20.573250,30.033155,26.105165,26.316528,0.000000,26.200849,29.079352,25.233088,30.657283,27.112173,17.777412,27.558596,27.644288,28.748516,27.689082,22.057716,30.236230,31.587710,32.485605,27.451803,29.716124,28.838927,26.583863,29.049752,27.782744,31.623550,27.515611,27.313594,30.564292,27.567128,25.750039,26.625885,29.763263,27.134082,26.874422,27.949726,28.972698,27.781333,31.989470,27.125268,27.410847,27.826806,26.023414,32.011601,29.794618,25.018101,25.261036,31.752281,29.247824,26.798600,26.600847,29.890678,25.329037,26.910873,25.051706,22.886206,28.338213,34.956120,26.571788,32.239531,27.650466,29.360853,25.898185,27.280206,35.916993,24.936561,28.908929,31.126701,31.221072,30.135115,31.786582,30.673434,29.083412,35.674492,32.322799,23.895679,29.273899,33.597053,32.385054,34.142683,32.210200,25.915761,33.534970,31.688145,27.864285,26.382231,32.246835,29.391897,32.665576,31.714730,31.374140,26.399762,30.251841,30.080906,31.150150,27.220645,32.933061,29.740996,32.595178,29.588430,29.513663,30.096859,30.460992,30.604249,33.012919,27.003141,27.508137,32.166420,32.216207,31.300810,30.280360,33.390952,29.619838,33.133538,28.804202,28.578588,32.345192,28.179397,31.847001,26.151056,30.813958,26.589985,31.507062
WinMart+,23.053064,26.275832,21.667029,22.764041,20.064742,20.709744,23.260986,27.334470,0.000000,25.947470,22.144235,28.367917,20.410135,21.496246,20.513915,23.963898,27.765091,23.148692,17.353144,28.283980,24.385595,31.072394,25.156836,28.248154,27.447042,22.567505,27.010638,27.506964,29.275981,24.600942,25.248144,28.900104,27.424872,23.704948,26.834738,24.537137,25.044097,24.846531,26.172852,27.475197,27.762037,30.587034,25.093501,27.301231,26.201064,23.347782,30.748498,28.888771,22.750619,23.182538,27.428446,25.433370,25.119561,24.813798,25.933826,25.876359,25.227362,25.685399,20.023769,26.835781,31.453896,20.986209,25.981313,26.395972,26.270522,24.139103,24.886451,35.418586,22.993686,27.571726,30.164590,27.191801,29.213896,30.041366,27.267631,26.284834,35.130720,31.588515,22.044761,22.306715,29.052011,27.832231,30.949413,31.316441,26.101867,31.275538,26.973933,26.643302,26.562181,28.212661,25.709561,28.179336,27.830485,27.544348,26.511141,27.217582,27.018278,25.622153,27.181899,28.789626,26.286683,30.884137,26.904742,26.280571,26.422077,27.185020,27.394842,29.008498,24.531361,25.182507,28.586727,29.293742,28.296380,27.330098,30.259375,27.145945,30.050032,25.857916,26.079992,29.030954,28.042923,28.924319,26.205262,27.959533,26.603982,28.927485
Siêu Thị T-Mart,24.234123,24.294896,23.422353,27.507142,26.627290,24.825075,19.235472,31.161481,25.275653,0.000000,25.465043,26.867088,28.931245,24.689000,26.155398,18.138967,30.569664,26.188735,21.284004,21.725734,28.783530,31.453669,22.922942,28.799472,21.677059,25.214731,29.769779,29.782255,31.201049,26.371232,24.813273,28.288866,24.895120,24.066305,28.851960,27.950333,24.294485,24.774012,24.881537,26.641627,29.778331,30.749536,24.432138,29.454734,25.041756,24.997083,30.962624,26.145555,25.108911,21.543089,29.567283,24.663524,23.754918,24.529977,28.331749,27.713897,24.366182,27.568486,21.877620,25.976283,32.605842,24.686274,26.903567,26.124625,26.490658,25.463905,27.222818,37.590143,27.415082,26.891018,25.758805,26.973942,30.459506,31.338495,29.072492,24.193373,36.959789,31.897921,21.592396,24.596196,29.179267,28.179807,31.689516,31.626413,24.862742,32.259396,27.507413,26.159188,28.065067,28.454714,24.585164,28.490913,28.117546,27.908771,25.239156,25.645392,21.850057,26.274868,28.617301,28.984347,25.027239,31.847144,23.167593,24.838751,26.942336,25.426819,25.856106,29.154670,27.132373,23.538818,28.794908,25.390150,26.801817,25.789394,30.217164,27.385258,27.879558,25.085096,24.694102,29.142965,28.598437,26.282995,26.771452,25.524890,27.153137,25.935790
Trường Trung học cơ sở Tân Định,25.253741,27.617080,21.919498,21.973309,25.907194,23.828970,24.628287,26.645845,17.780350,26.855584,0.000000,28.729629,24.357945,16.692614,14.234878,25.860147,20.824970,25.203036,20.568435,28.591118,19.785726,30.827690,25.996444,27.525969,27.189723,24.532944,27.285298,27.195046,29.009875,25.563174,25.931156,29.063644,27.183824,24.518822,26.577681,18.723703,25.805732,25.606780,26.375044,27.796637,20.548082,30.437787,25.821796,27.023393,26.696021,24.513730,30.577524,28.713647,23.820256,24.189082,22.091852,21.301671,25.730831,25.351122,20.368541,25.647645,25.650544,25.457133,24.180831,27.210348,31.313737,25.610645,24.522242,26.476481,22.901693,26.188050,24.755629,34.429564,23.798695,27.846146,30.060725,26.222904,29.065134,29.886527,23.295714,23.278336,34.269591,31.376174,25.473888,25.809870,27.756978,26.657317,26.488753,31.104767,25.978830,31.161116,25.835402,27.544132,26.382079,27.152106,24.925193,27.001711,26.851182,26.605286,26.382815,26.514884,26.320609,26.270315,27.013503,27.669222,25.519562,30.771002,26.309369,25.589199,25.605037,26.430434,26.628192,27.906079,22.117649,24.718638,27.643488,28.515322,27.547603,26.637861,29.344079,26.596771,29.169805,25.246854,25.553778,28.132226,27.977610,28.151301,26.135243,27.255504,26.539571,28.263468
Trường Tiểu học Hoàng Liệt,29.062661,31.020724,27.230254,28.615986,30.079951,26.697012,30.075469,31.251275,26.089239,27.578305,28.441256,0.000000,28.011460,27.765689,28.768330,23.377064,30.784602,26.650978,23.514565,19.164607,31.263537,27.461608,18.486246,28.052928,21.809712,26.012566,24.152867,30.225909,31.182502,26.654035,15.932197,23.892346,24.888813,23.946104,25.613131,30.060285,24.171921,19.570203,23.265998,26.510572,31.560429,27.005176,22.607725,29.909562,23.471314,25.654279,27.772970,26.027788,24.998908,23.467717,31.271937,29.668447,22.202752,24.431558,30.233099,28.265354,23.168883,23.765626,23.220941,23.378572,32.513501,24.515903,31.551564,25.805345,29.731470,25.092347,28.693781,35.170627,26.781303,24.663639,25.681953,26.488055,30.640616,31.431293,30.591205,29.383818,34.749604,30.230574,21.645821,24.409159,32.589556,26.137660,32.820391,29.699846,24.185220,32.202210,31.197475,24.591050,28.491489,26.259839,24.482079,26.336724,31.327777,25.402352,24.443800,25.249456,21.732150,30.886087,28.974478,32.068336,24.725793,28.238642,22.940500,24.502952,26.278231,25.047503,25.449748,32.108945,27.797523,24.026693,27.111476,25.008220,26.314363,25.378363,28.320097,27.582735,27.322996,24.720606,24.471953,31.700536,29.180914,25.859867,27.300568,25.206713,27.663451,25.518751
WinMart+,25.334687,26.209547,23.141997,24.431516,21.899435,21.346080,22.675692,28.990718,20.216639,27.553369,23.664654,27.186248,0.000000,22.925808,23.484842,24.627256,28.896476,20.611371,15.866554,24.103646,26.204126,29.847346,24.526874,26.021842,29.637426,20.810176,28.232283,28.361786,30.062900,22.873294,25.865574,27.971105,28.077013,20.505657,27.545874,25.186452,25.628085,25.661873,21.957789,26.844231,27.575786,29.489529,25.670187,28.100979,25.665018,22.231238,29.727573,29.424927,19.328276,23.432801,27.334790,22.523242,24.667047,21.728095,26.200737,26.486311,22.239237,26.313055,19.354099,26.319535,31.985816,18.403322,24.878560,24.083052,24.934815,21.653576,25.305386,34.108067,20.466208,27.002286,30.489579,22.701452,29.677163,30.566956,25.072008,22.457951,33.978164,30.908535,19.739949,20.583908,28.114683,26.960184,30.030892,30.530688,26.432417,31.705580,26.140131,28.022272,27.064480,27.429906,25.105537,27.324863,27.087980,26.866288,26.848318,21.894392,18.395792,24.939149,27.668252,27.982806,25.728618,31.283375,20.071028,21.004535,25.831618,21.368366,26.850921,28.221143,26.178733,21.424250,27.919081,28.751960,22.830495,22.084894,29.622275,24.662028,29.436227,25.423718,21.814644,28.399404,28.213490,28.384287,26.365434,27.434019,26.764078,28.467707
WinMart+,22.966187,24.709235,19.976087,13.892967,22.292674,21.770756,23.099590,17.026648,22.089476,24.429079,15.690551,26.450250,21.847171,0.000000,16.752924,23.871745,16.407600,22.716300,19.506861,26.602265,18.897507,28.648099,24.468976,24.967778,25.158292,22.482060,25.209221,21.325872,22.526614,23.434917,24.300835,27.197589,22.825488,23.089453,22.032184,23.835528,24.175536,24.039620,24.457258,26.365643,22.889026,28.200913,24.204284,21.735281,25.386056,22.874922,28.462007,24.710302,22.597546,22.954727,25.423801,23.055080,24.543560,23.896648,22.281836,22.063584,24.141908,21.840696,20.697009,25.664148,26.162439,24.352552,27.308039,24.953308,25.092444,27.575211,23.450746,31.827456,22.552630,26.524066,27.364700,27.738087,25.585342,25.625306,25.662094,25.105858,31.862199,29.729700,26.763918,26.847299,29.433854,28.424495,28.353993,29.450135,23.925735,27.212847,27.723925,25.114625,23.345330,28.635486,26.527283,28.670684,28.326930,27.996505,24.171001,27.474176,27.308739,27.803215,23.919096,29.116333,26.802122,27.279997,27.119685,26.706336,26.959016,27.522639,27.702396,29.259338,23.856270,25.471364,28.816648,29.308700,28.431958,27.579341,30.184120,27.276165,29.986656,26.239751,26.407073,29.166590,26.734394,28.994011,25.073449,28.149742,25.481027,28.917189
Cục Dự trữ Nhà nước khu vực Hà Nội,25.767726,28.885948,24.031975,25.421815,25.566424,23.265817,25.139113,30.031002,19.524630,28.006143,17.813213,29.950997,23.857057,17.986141,0.000000,26.644039,29.639252,24.922252,19.848573,29.619696,20.827163,32.125150,26.630453,27.742108,27.294163,24.193385,28.243242,28.935662,30.614808,19.429215,26.549119,30.055574,28.526211,24.344051,28.024046,22.469749,26.378740,26.127210,26.361086,28.454979,26.481981,31.628239,26.393017,28.637440,27.242273,19.793277,31.683771,29.805911,23.574419,24.518109,26.111137,24.163116,26.176369,25.241345,24.642681,26.898761,25.569219,26.725713,26.059143,27.819922,32.407239,25.998098,28.025830,26.475998,25.353393,28.242900,23.846468,35.972747,23.656310,28.448976,30.742486,28.470848,30.016214,30.957156,26.301141,25.473881,35.681555,32.124578,27.098366,27.205881,30.771696,29.386321,30.473395,31.976736,26.664229,32.044957,28.504099,27.294674,27.405353,29.582616,26.707020,29.760085,29.093203,28.786325,27.080201,28.123888,27.917559,28.439326,28.009680,30.293286,27.272231,31.601366,27.676725,27.194681,27.509818,28.181040,28.393707,30.468253,23.767093,25.751826,29.826099,30.310291,29.270877,28.234053,31.449015,27.858815,31.192355,26.663581,26.735809,30.203676,28.346011,29.940335,26.486962,28.842446,26.879875,29.794822
Trường Mầm Non Đại Từ,22.553869,21.952573,22.239643,25.403144,24.424561,21.184698,18.878059,27.790696,23.333824,18.075855,23.947640,21.621626,24.487583,23.425483,24.549323,0.000000,27.966063,23.686975,20.424166,17.900681,26.516976,27.648309,22.465658,25.968679,18.661175,23.309557,23.606685,27.758110,28.837753,24.296083,21.426324,25.694907,26.606792,21.445278,27.276688,26.208138,20.722074,22.520680,21.424154,25.029420,27.803457,27.391992,21.092570,27.605709,23.767051,23.583258,27.888525,28.043685,23.224432,19.087795,27.632536,23.544965,22.771742,22.785128,26.764344,26.485482,21.743708,26.346883,21.206509,18.562344,30.286249,23.052028,25.206686,24.653803,25.203292,24.197728,25.955802,33.001115,25.791086,25.427617,27.229889,25.992921,28.916946,29.446938,27.490510,23.315644,32.987322,21.683258,20.291622,23.535969,27.438261,26.645714,29.563287,29.314408,25.902862,30.329451,26.041907,27.523198,26.934480,25.764523,23.653345,26.883889,26.780256,24.911003,26.318665,24.725690,20.694225,25.163135,28.695781,27.382390,24.087883,31.083130,22.245874,23.820251,25.927638,24.400428,24.881056,27.569748,26.112376,22.764291,26.881530,24.494769,25.912831,24.886721,28.259905,26.686924,27.111344,24.287032,23.978280,27.810262,28.904235,25.496670,27.040165,24.819356,27.410196,25.198163
WinMart+,28.490393,30.966505,25.351553,23.701116,31.255032,27.159925,27.103181,26.028923,27.231814,29.779381,20.117417,31.256878,28.372454,17.309112,28.598099,28.385769,0.000000,28.821801,23.114641,30.788007,32.479281,32.891539,28.128462,30.469688,29.441002,27.646549,29.510983,23.132287,26.268661,28.452974,27.810922,31.062499,24.731286,26.367229,23.625025,30.569377,27.726621,27.473033,28.664345,29.435404,24.599031,32.417981,27.710628,23.550639,28.338425,26.852612,32.405636,27.356722,25.718333,25.862380,32.321947,29.900609,27.337032,27.247097,23.716619,23.203945,27.546444,22.906026,23.666798,28.735300,31.304772,27.056663,32.605069,28.201062,29.908399,26.371199,24.771025,36.010399,25.389874,29.332706,29.651538,31.459608,28.081731,29.033495,31.216888,29.586627,35.707061,32.549045,24.465911,29.555507,33.823911,32.691170,34.398057,32.497761,24.926750,31.072698,32.000532,26.668228,24.692287,32.520502,29.774071,32.870784,32.037962,31.620878,25.359249,30.358479,30.198538,31.497419,25.484036,33.093792,30.035185,30.531150,29.694919,29.684946,30.337371,30.616823,30.792349,33.138651,27.505055,27.717694,32.307588,32.259369,31.374203,30.443910,33.415644,29.677693,33.144886,28.978279,28.833155,32.514678,27.594141,31.980422,25.657116,31.044948,26.101029,31.563548
Cà Phê Parkland,25.207193,26.244488,23.322531,24.481467,22.351596,22.543646,23.150776,28.221841,21.055562,27.436359,23.799799,27.169862,21.236770,23.135809,23.593571,25.022061,28.368199,0.000000,17.591844,24.431054,26.034858,29.550732,24.765308,23.811039,28.135163,14.229465,27.987975,28.002241,29.498403,19.002127,25.956156,27.876989,27.811703,20.279412,27.316234,24.170470,25.777476,25.781664,21.244095,26.851846,26.701996,29.236115,25.808269,27.794477,25.761246,19.756382,29.475710,29.077363,19.340664,23.748142,26.455158,21.619125,24.829109,21.264852,25.419504,26.367553,21.667547,26.206343,17.376884,26.329841,31.325367,18.532230,23.179123,23.236515,23.768637,21.247077,24.623526,33.418999,20.253540,26.998466,30.180269,25.677248,29.351696,30.109666,23.940503,21.186768,33.353004,30.666660,19.686147,20.455227,27.320856,26.057544,29.284255,30.273637,26.355879,31.185818,25.106364,27.843788,26.925348,26.701787,24.295209,26.482584,26.377960,26.133071,26.748664,26.170229,25.955153,23.980652,27.494855,27.287440,25.004207,30.844583,25.996855,25.135712,25.072747,26.039182,26.260350,27.582100,25.544861,24.353395,27.331992,28.350140,27.297767,26.305258,29.252614,26.331255,29.060854,24.824791,25.194342,27.885343,28.113366,27.944221,26.318342,26.963376,26.705412,28.101197
Trường Mầm non Định Công (Cơ sở 3),22.419220,22.826628,20.915140,21.391971,19.580863,17.611549,21.083393,22.932648,18.698466,21.949884,21.012207,23.605787,15.753020,20.879819,21.015218,21.359303,23.885087,16.560754,0.000000,21.915221,22.473669,25.714775,22.426960,19.243062,19.366199,16.374961,23.369542,24.509337,25.173288,18.361373,22.775930,24.694221,24.913234,16.935307,24.465714,21.977350,15.731130,23.035499,16.322284,24.407858,23.743033,25.473996,22.690165,24.531980,23.593237,17.813811,25.861378,25.973615,16.064943,21.623537,23.507713,20.558964,22.929365,17.890399,23.215383,24.116032,18.278281,23.972702,16.772375,23.903543,27.055684,16.120312,19.646579,20.285499,20.750707,18.453822,22.730151,28.721454,17.576118,24.698692,27.618603,19.881402,26.469209,26.628408,20.798539,19.291422,28.974899,27.758761,17.396740,18.652162,22.619486,20.351064,25.581683,27.236782,24.829403,27.593110,21.411443,25.786417,24.791424,19.484035,18.808282,20.670130,22.706047,19.435051,25.032772,19.962337,16.665536,21.142332,25.212532,22.976176,19.505962,27.599071,18.425260,19.063958,19.436740,19.331300,19.832579,21.827129,22.818310,19.877884,23.498190,19.978515,20.786552,20.161484,25.069765,22.861959,22.106895,20.266171,20.261311,24.034310,26.946892,21.021294,25.443827,23.878994,25.806275,21.125177
Highlands Coffee,28.224718,29.582172,26.844641,28.080700,29.191395,23.317665,29.160785,30.263545,23.971044,22.721163,27.945968,16.684582,24.957840,27.434354,28.242663,19.650083,30.038177,24.277408,21.855737,0.000000,30.406631,26.901260,20.047039,25.789232,19.400703,23.952923,15.269181,29.690345,30.477691,24.620908,12.579122,24.149214,24.899600,21.140127,25.549577,29.455013,20.701663,15.336226,21.158011,26.323072,30.819980,26.546801,13.363246,29.434601,23.698731,24.000273,27.212899,25.897981,22.581966,13.478405,30.557539,29.196350,22.580683,22.247393,29.705080,28.011005,21.470588,23.858007,21.992530,23.555557,31.766631,22.415804,25.138936,23.629789,29.308015,23.313843,28.323237,33.129405,24.230382,24.716570,25.620278,24.871249,30.204555,30.875234,30.042987,29.001913,33.044435,29.627040,20.272516,22.935280,26.887406,24.714149,32.003238,29.072528,24.205844,31.601328,25.771399,24.578334,28.241231,24.719030,23.158835,24.915402,26.440016,24.072597,24.446146,23.866390,20.501087,25.098508,28.690412,26.847841,23.347323,27.983942,21.819632,23.104437,24.943332,23.563997,23.981811,25.502861,27.594568,20.552079,25.764811,23.710928,24.847092,24.023891,26.960940,23.952355,25.921767,23.581377,23.409303,24.434355,29.022946,24.595050,27.218242,24.082576,27.575228,24.384558
WinMart+,24.982775,27.376458,22.709670,22.882924,24.401913,22.845088,24.646597,26.425538,19.798690,26.869258,20.525097,28.777943,23.240423,19.499409,16.118628,25.881428,22.060508,24.196202,19.947145,28.648351,0.000000,30.871577,26.050943,27.401701,26.511449,23.718265,27.286459,27.017124,30.296230,27.958922,25.931541,29.118252,27.033049,23.988697,26.498127,21.339308,25.818975,25.622400,25.728780,27.836830,20.596296,30.490068,25.838829,26.885363,26.736249,25.392063,30.627524,28.395142,23.337328,24.232747,26.468677,23.930194,25.771469,24.848134,24.525264,25.678479,25.147607,25.506341,26.173393,27.208026,30.546582,25.639057,28.723368,29.586453,25.401145,28.534740,23.525176,34.427705,23.344308,27.887717,29.705129,28.841607,28.740484,29.401120,26.596187,25.531363,34.257872,31.391164,27.290177,27.369139,31.763906,30.086392,31.918715,31.137272,25.957793,30.550902,29.024721,27.378689,28.919723,30.200768,26.888896,30.475720,29.651541,29.185613,26.337902,28.303477,28.072477,28.901210,26.914011,31.022532,27.431185,30.266520,27.760681,27.292230,27.691897,28.392142,28.621986,31.187766,23.587221,25.708042,30.311941,30.701114,29.558197,28.405015,32.053784,27.937924,31.750619,26.682358,26.826610,30.709731,27.872072,30.296089,26.101406,29.137797,26.493845,30.057444
WinMart+,29.485729,33.230937,27.425916,29.081428,31.234281,26.600047,26.794432,32.615745,28.238017,27.028360,29.059844,27.274646,27.735788,28.276975,29.420252,25.699936,31.801263,29.069644,23.770234,27.418271,32.544802,0.000000,23.667200,30.125009,25.455805,28.208661,27.432036,30.999144,32.105958,28.720789,22.075566,21.207091,22.843469,27.107956,23.726005,30.871407,27.821537,23.307461,25.993018,23.932998,32.554778,23.022261,25.591420,30.623200,19.957026,27.427765,24.616819,23.793557,27.478172,22.086866,32.236931,30.241108,18.533591,26.872305,30.916472,28.619125,25.467009,22.001403,29.696344,21.030095,33.483494,26.830104,32.408606,27.773597,30.211210,26.853543,29.087863,33.473558,28.594114,22.125668,24.026955,31.324387,31.237347,32.242068,31.274806,29.788364,27.716459,28.947302,23.925561,26.085855,33.399232,32.428499,33.883362,25.521164,22.110887,33.060270,31.824290,21.958866,28.814729,32.258488,29.949510,32.560423,31.864891,31.446419,22.294017,26.555843,23.714136,31.374392,29.352063,32.741663,26.194377,27.076457,30.039179,26.025242,30.270151,26.533545,26.830642,32.769019,28.001271,29.414803,32.028150,26.308581,27.481425,26.674910,32.987124,33.078271,32.740304,25.918412,25.666425,32.199543,28.729104,31.700858,26.848279,30.854639,27.221664,26.566147
Trường Mầm non Hoàng Liệt (cơ sở Tứ Kỳ),25.388165,25.923458,24.554785,25.977726,26.688429,25.444522,26.152936,27.943848,25.590401,25.631347,25.832366,19.313452,26.466749,25.475042,26.227627,23.213282,28.044115,25.653686,23.403091,21.356785,28.239485,22.721393,0.000000,26.787089,22.097008,25.253343,21.134239,28.008543,28.706378,25.761879,18.957116,20.695646,23.225257,23.585672,23.924325,27.585813,23.703625,16.781422,23.115693,24.164753,29.029215,22.683144,18.540665,27.868698,21.273129,25.050141,23.829718,23.994783,24.424976,17.372354,28.769312,27.580414,20.292169,24.012438,28.037355,26.766642,23.051547,22.486062,23.081622,21.198832,30.137207,24.071994,29.250476,25.053244,27.850737,24.524888,26.851405,29.991583,25.627216,22.523959,24.174485,25.716237,28.981237,29.492008,28.466695,27.633200,30.324948,27.776893,21.797639,24.044684,30.472976,29.742920,30.361101,26.791288,23.063184,30.276044,29.237684,23.170378,27.116229,25.553992,24.135727,29.870201,29.539270,29.229855,23.252826,24.706087,21.798834,29.140002,27.551399,30.130073,24.299697,26.710572,22.793339,24.092349,25.614684,24.532338,24.876680,30.198697,26.380738,21.112320,29.786747,24.531683,25.592566,24.844423,27.365322,24.235448,26.475778,24.319341,24.138070,30.021701,28.438522,25.277735,26.713976,24.759991,27.070116,25.011074
WinMart+,30.044930,32.303606,24.819685,25.930062,31.248939,25.561249,24.468319,29.005012,23.674412,28.581381,24.979138,27.928471,25.797730,27.185690,27.890850,26.452593,28.965205,24.261129,20.435319,25.545340,27.731406,29.840352,25.712322,0.000000,28.872329,24.637505,28.657869,28.552663,32.384708,26.650591,26.840462,28.383341,28.278042,24.561287,27.857406,24.461292,26.702048,26.543679,26.955249,27.377912,28.858495,29.555020,26.707954,28.332492,26.398157,24.457249,29.733288,29.355074,23.732504,24.751787,28.447806,20.168758,25.541775,25.573542,26.363418,27.193582,25.941010,26.781826,20.468994,26.897127,31.593218,21.867507,28.155249,26.898620,26.389995,28.308019,25.035090,33.164366,23.767179,27.467206,30.556088,28.601035,29.893661,30.668420,27.921920,20.430543,33.122630,30.724198,26.987218,27.123019,31.657778,29.839410,32.667052,30.393622,26.687971,31.608641,28.713002,28.121604,30.000443,30.008599,26.526160,30.288658,29.379870,28.984029,27.068602,28.156038,27.919362,28.590525,28.137608,30.901157,27.189755,31.258373,27.636203,27.092965,27.448683,28.230834,28.467457,31.092147,24.565783,25.552606,30.203097,30.656074,29.464595,28.268784,32.053585,27.840444,31.738592,26.496641,26.617188,30.633350,28.365840,30.230032,26.577307,28.988203,26.952913,30.007857
WinMart+,27.063822,27.776011,26.060307,27.109869,26.047437,27.066516,24.784228,29.739058,25.461918,29.768850,26.370456,20.928357,27.858101,25.756179,26.028330,17.980828,29.606370,26.181727,20.380825,18.764818,27.950370,30.550359,21.692498,28.093323,0.000000,21.735592,20.911440,29.131193,30.247946,26.310871,20.672899,28.938984,28.788055,22.021650,28.424555,26.892935,18.251579,21.552940,24.757551,27.762660,28.382094,30.207479,20.521821,28.905431,26.726076,25.212848,30.357288,26.250322,20.069622,19.328615,28.222793,24.880687,25.812890,25.468425,27.352775,27.493087,23.920897,27.366468,25.511157,18.822263,31.544558,18.463387,28.283569,27.671005,26.427344,26.072843,26.492671,33.979366,21.509752,27.823378,25.925233,28.109132,29.896211,30.574028,26.506307,27.669003,33.867748,21.578207,20.251155,21.139103,28.386289,27.336234,29.995213,30.908887,25.112780,31.400213,26.656132,26.406330,27.832177,25.831225,23.538337,27.654444,27.428933,24.753814,25.436737,22.658695,18.425674,26.907450,28.311087,26.171352,24.326023,31.106787,20.394501,21.609824,24.309935,22.092841,22.667919,28.244140,26.539043,21.894782,25.485544,22.546077,23.822108,22.862332,26.568636,25.678177,25.252644,22.588300,22.378349,27.290023,28.430495,23.699517,26.699113,23.184161,27.063306,23.584949
Trường Mầm non Sao Mai,24.705136,25.530461,23.108630,24.084981,22.185089,22.343699,22.988561,26.970357,21.156107,26.192479,23.480851,26.491642,21.436481,22.969625,23.305144,24.452025,27.393605,19.136669,14.091746,24.122610,25.438483,28.694923,24.461566,22.150919,27.066399,0.000000,26.959356,27.299466,28.510339,19.007288,25.407857,27.249744,27.253203,18.234556,26.792871,24.477712,25.258446,25.335286,18.260586,26.427247,26.465967,28.449768,25.290796,27.159038,25.431579,18.400173,28.713762,28.444071,17.304583,23.554341,26.216901,21.218890,24.588170,19.214414,25.455269,26.005592,19.628231,25.850836,16.814623,25.912197,30.316947,17.073617,21.145464,21.503092,22.190101,19.573155,24.702982,32.222759,18.637358,26.602520,29.632140,20.842447,28.753554,29.339902,22.349540,20.175426,32.254852,30.062229,18.318812,19.411208,24.985478,24.032135,28.501606,29.617094,26.125300,30.358729,23.239067,27.452754,26.565025,24.805395,23.059941,24.408239,24.664281,24.466881,26.487634,24.885710,17.386389,22.609482,27.088384,25.222592,23.699302,30.120545,19.081340,23.927804,23.677828,24.669616,24.878130,25.534073,24.274887,20.480742,25.578574,26.803141,25.867959,25.041849,27.408413,25.288823,27.286173,23.764728,24.286111,26.162701,27.903880,26.437175,26.179651,25.629917,26.554877,26.775816
KFC,26.200845,27.381388,25.158111,26.773800,27.992356,26.689548,23.014191,29.438072,26.014012,28.513854,26.792175,28.122420,28.643230,26.087141,27.291296,21.349722,29.269901,26.810068,22.878746,24.245032,29.578414,33.430714,26.166442,28.600977,19.041026,26.005336,0.000000,28.861236,29.955533,26.822496,20.037365,29.417446,29.083829,21.671557,29.753073,28.739109,21.030731,22.063726,21.574399,27.732873,30.262925,32.630367,19.493229,28.653288,27.477531,25.644567,32.585887,31.221387,23.425847,17.649950,30.084755,28.544622,26.113377,22.952517,28.970562,27.303350,21.855346,24.901511,22.875759,17.792906,31.275758,23.213923,27.131657,24.831639,26.745138,24.386626,27.908895,38.601909,26.183929,28.177727,29.488456,26.154093,33.374979,30.347768,29.572668,24.741247,37.873582,21.418431,20.375914,23.640032,28.987176,25.793353,31.865052,32.677734,27.284610,32.644849,27.594973,29.286387,29.104514,25.883211,23.749510,26.097464,28.102807,25.025004,27.807915,24.977818,20.857223,26.523039,30.605088,28.845992,24.188241,33.635477,22.385906,23.997158,26.078931,24.578469,25.037279,29.013351,26.982488,22.672004,27.050675,24.673347,26.133603,25.030324,28.458998,27.060944,27.344747,24.430096,24.052554,25.351005,29.754801,25.628680,27.680783,24.898282,28.067844,25.351227
Trường Đại học Công nghệ và Quản lý Hữu ,27.224971,28.884909,24.960051,23.858085,28.535828,26.204485,31.800298,24.900430,26.292552,28.181251,25.963068,29.656469,26.957531,20.482970,27.192527,27.256009,22.873491,27.347368,23.286832,29.443572,29.832994,31.174877,27.400416,28.692265,28.137804,26.627180,28.127159,0.000000,20.823797,27.252068,26.915043,29.769806,21.304154,25.748891,20.052297,28.784282,26.853499,26.659082,27.525116,27.508839,26.753313,30.661327,26.840051,12.676854,27.673092,26.128239,30.738295,24.185260,25.359617,25.397573,30.172224,28.574038,26.832559,26.573039,25.737931,18.983970,26.792603,20.358141,23.570146,27.778453,25.058221,26.436284,30.597370,27.336646,28.765040,25.754076,25.797185,33.579934,24.906938,28.547875,27.509044,30.052931,24.696846,24.356388,29.605647,28.471452,33.471067,31.202551,24.195132,28.691582,31.823417,30.940593,31.950920,31.198767,23.619319,27.387837,30.365326,25.006671,21.608446,30.906255,28.863523,31.087972,30.583520,30.218240,23.898942,29.275553,29.146748,30.127257,22.405320,31.332925,28.954279,27.468246,28.778461,28.684253,29.171604,29.468546,29.630775,31.396105,26.946542,27.074374,30.821916,30.930011,30.156462,29.373833,31.839935,28.788591,31.621855,28.110252,28.086155,31.044633,26.709248,30.685551,24.866827,29.903806,25.319842,30.413596
Không có tên,29.393225,31.475706,27.038862,26.622061,31.970674,28.333633,35.205290,29.389928,28.350059,30.459158,28.739582,31.681118,29.530576,22.543982,29.602370,29.188894,28.074804,29.824468,24.511155,31.227360,28.447590,33.030441,28.859460,31.605287,30.057412,28.704472,30.064457,21.677101,0.000000,29.335462,28.485344,32.730391,25.113199,27.179653,23.803738,30.007472,28.442885,28.196295,29.371569,29.626598,29.696547,32.632715,28.418655,22.502309,29.918895,29.349280,32.606004,28.114161,26.592451,26.635614,31.140191,27.684490,28.937557,27.993215,27.603881,22.643697,28.257834,22.922103,29.164060,29.242510,31.970905,27.649403,32.290122,28.798686,29.008993,30.808632,27.919384,35.794218,26.165963,30.148375,26.348235,31.205987,28.044665,29.143858,30.236310,28.762257,35.537360,32.667033,29.552803,29.312666,33.613429,32.448502,33.436814,32.651004,25.040210,31.445236,31.729734,26.940086,24.375830,32.297456,29.479516,32.638706,31.783975,31.386242,25.505926,30.133921,29.971778,31.227882,25.236619,32.886342,29.781013,30.775724,29.488437,29.444852,30.081820,30.388575,30.571526,32.938290,26.795735,27.511754,32.109109,32.088137,31.179884,30.236116,33.267582,29.496124,32.990241,28.748431,28.610387,32.331733,27.564625,31.808703,25.589238,30.848529,26.038730,31.402103
WinMart+,21.520193,22.926593,24.105753,25.083485,19.932322,24.232096,23.868193,27.743964,22.773847,27.204807,26.252199,27.114695,24.076375,27.826501,28.578405,25.476866,27.993991,20.533305,19.878253,24.903696,28.684793,29.053125,25.129214,26.558560,27.763364,18.376127,27.596592,27.791006,32.003944,0.000000,26.063367,27.701776,27.659578,19.392491,27.239359,26.447619,25.946485,25.916170,19.933199,26.840429,29.367323,28.804524,25.967996,27.629337,25.902079,17.543177,29.028960,28.742737,18.561737,24.240321,29.014953,22.765478,25.093137,20.317199,27.389603,26.430716,20.685243,26.287397,15.229424,26.339573,30.519256,17.994140,24.270098,28.202641,24.625563,26.827500,25.999824,32.266799,19.520845,26.971248,29.795700,26.976418,29.002690,29.594716,24.863568,20.913754,32.287514,30.207817,25.700123,26.086363,30.090216,27.993288,32.059967,29.809451,26.380202,30.528466,26.599648,27.683515,26.911530,28.517620,24.971559,28.584967,27.953331,27.504611,26.736781,27.084614,26.813743,24.700522,27.406747,29.489564,25.780076,30.285322,26.683535,25.847912,25.952130,27.026399,27.289593,29.786502,26.454313,24.643564,29.001922,29.792900,28.487105,27.209658,31.229942,26.998293,30.910202,25.358698,25.713628,29.570091,28.024061,29.304350,26.316900,28.021302,26.686492,29.224853
Không có tên,25.035517,25.437171,24.343989,25.696463,26.373679,24.739984,22.491929,27.574244,24.942043,24.734547,25.670910,25.136620,26.363244,25.158136,26.115303,21.154108,27.740821,25.408382,22.508159,12.690861,27.857322,29.800964,19.325192,26.943763,19.578520,24.932350,20.762324,27.615674,28.474540,25.617349,0.000000,27.311000,27.730805,21.421184,28.331687,27.397444,20.974806,18.030093,21.404857,26.501532,28.716495,29.435787,13.923758,27.496246,26.224121,24.830305,16.716649,29.254099,22.772775,13.756409,28.567882,27.427896,25.174927,22.459404,27.751749,26.541476,21.664776,24.374332,22.599532,15.968716,29.726166,22.681188,26.112233,23.945206,25.943834,23.714754,26.945752,34.269668,24.721061,26.891216,28.212955,25.305556,31.756365,29.066491,28.331010,24.259093,34.156783,20.590172,20.453749,23.204037,27.836603,25.094133,30.195124,30.530298,26.620101,31.050239,26.667299,28.301167,28.177803,25.110397,23.342760,25.358999,27.215833,24.457341,27.052225,24.276924,20.802340,25.829549,29.438061,27.789421,23.705914,31.852328,22.898047,23.496478,25.390308,23.981529,24.406055,27.938753,26.323407,21.990936,26.239232,24.122815,25.308789,24.450062,27.477524,26.027877,26.413180,23.986110,23.689419,24.833006,29.241977,25.019463,27.345382,24.432267,27.715285,24.813986
WinMart+,27.754516,29.441507,23.124912,27.863990,29.149970,25.746428,27.688821,30.375146,27.277570,25.830206,27.809105,28.736705,26.756943,27.292675,28.152137,25.004910,30.121279,28.012649,23.639183,28.585970,30.549954,20.472964,23.451784,28.995395,26.420823,27.386390,26.392790,29.765730,30.590204,27.852405,23.683636,0.000000,23.483224,27.867466,24.298566,29.490667,28.560762,23.155775,26.779249,24.747698,30.968752,17.772415,25.100104,29.499561,16.523192,26.849220,19.889633,24.468991,28.140974,19.953160,30.691247,29.193205,15.289484,27.566949,29.737801,27.969399,26.215819,22.559743,28.993210,28.584015,31.957685,27.495231,31.007600,28.321865,29.300887,27.409130,28.262222,26.579963,29.027126,19.705063,24.525072,30.396231,31.080037,31.029195,30.104593,28.976906,26.051508,25.837324,24.742054,26.673557,32.071527,31.257019,32.231933,23.916131,21.403186,31.798967,30.726085,21.001548,28.215627,31.200364,29.269289,31.380026,30.896052,30.534217,21.560848,27.019689,24.446853,30.468005,28.726163,31.596829,26.724601,27.368306,28.461567,26.567587,29.532060,27.049231,27.309508,31.642724,27.501352,27.829895,31.080498,26.790576,27.885441,27.143074,32.013423,31.357067,31.805795,29.348547,28.596520,31.281796,28.819304,30.922590,26.960073,30.181840,27.328003,29.850524
MM Mega Market Hoàng Mai,33.757302,36.634844,27.907926,23.301041,34.258264,30.939178,35.299609,23.626992,31.380445,32.028322,24.743057,35.142451,25.543681,21.065644,32.422992,32.683189,22.462529,25.898875,23.069443,33.926401,34.828796,32.197618,29.973526,27.000345,29.888557,25.491996,32.826159,20.937933,23.190347,25.995009,27.655216,31.858593,0.000000,31.420629,12.947642,26.899162,32.548147,28.695861,29.823293,27.664304,26.611443,34.688601,30.406054,21.416092,28.437302,25.280948,34.460816,18.715836,31.308135,29.863737,27.668720,25.942687,27.267632,30.584967,25.819221,21.873181,28.862061,15.337299,23.310228,29.655354,26.171388,30.416018,28.627997,31.181396,27.042332,29.929071,25.806887,38.505727,32.060678,28.836524,22.209599,30.424945,25.552709,25.586948,27.546492,26.890228,37.866487,33.677237,30.305150,28.949255,29.912338,29.219354,29.295606,34.104504,22.466825,27.268196,28.729857,24.261229,23.241555,29.314895,29.474718,29.354340,29.096470,28.802476,22.795748,29.916903,28.617627,28.708448,24.934764,29.634316,29.694257,27.615990,27.001900,29.582263,27.970779,30.160437,30.363692,29.716277,25.796235,27.516221,29.365326,29.586579,30.852950,30.011593,30.340718,30.355962,32.832749,30.185135,28.570663,29.621149,26.891511,31.437149,25.150674,30.489154,25.569793,30.693082
Trường Tiểu học Đại Kim,24.474742,24.588138,23.927080,24.437509,23.308142,25.613089,22.227176,26.069210,22.786324,23.657563,24.002175,24.345308,20.335755,23.619800,29.495820,21.022084,26.496347,22.244127,17.432830,22.309643,25.245893,28.469155,24.203111,23.372606,21.958668,18.556117,21.349149,26.548030,27.352200,19.824527,20.956009,26.483423,27.108339,0.000000,27.668923,28.612120,13.200537,21.778623,17.736250,25.868914,29.875187,28.224520,19.051615,26.487368,25.688960,19.275464,28.535029,28.386379,15.458181,20.561878,29.725759,26.104870,24.771859,20.820101,28.811257,25.739213,19.815210,24.131455,24.372325,25.626124,28.694293,18.183284,27.223630,24.907774,26.946560,24.079732,27.794109,32.481665,18.793674,26.315886,27.608657,26.783687,30.951003,28.137053,27.024412,26.814645,32.502771,22.293315,18.098016,19.725491,27.351058,26.198824,31.219394,29.559957,26.277541,28.935397,25.555038,27.772418,26.206468,24.454020,22.312719,26.558863,26.547257,23.541463,26.674288,21.519719,16.979083,26.003576,28.849342,25.174456,23.216553,30.977583,19.290730,20.334779,23.184596,20.771847,21.430628,27.336442,25.791470,21.948251,24.529691,21.463238,22.710097,21.755814,25.753776,25.945446,24.331875,21.658421,21.506520,26.519911,28.945962,22.751237,27.152860,22.317120,27.511265,22.733962
Không có tên,20.101498,34.456031,19.007177,23.460943,26.744057,25.370058,32.965916,23.887878,25.463423,30.855446,24.997765,33.100421,25.832220,21.064647,26.070099,31.524577,22.633605,26.189540,23.155090,32.362464,27.988312,30.881873,29.125104,27.330766,29.234237,25.739347,31.617969,20.933379,23.520898,26.259772,27.182327,30.694344,13.690276,30.571423,0.000000,27.243491,31.463711,28.088452,26.610995,27.138162,26.957312,33.104138,29.687856,21.463921,27.928670,25.479307,33.029456,14.942801,30.580984,29.302112,28.036524,26.181819,26.907378,29.949709,26.082463,21.932924,26.129259,14.935845,23.407058,29.034305,26.729983,29.810563,29.012427,30.514455,27.306099,29.421815,26.076976,36.529563,31.226735,28.324296,22.485760,28.924607,19.553802,25.977229,27.865687,27.136016,36.140351,32.804115,29.819389,28.581447,30.304590,29.572394,29.720680,33.051698,22.604354,27.755622,29.065332,24.184375,23.370650,29.645851,27.968734,29.711910,29.405935,29.098944,22.893445,29.480104,28.269086,29.006555,23.997625,29.986668,28.070310,27.757579,26.798067,29.161546,28.221656,29.689703,29.887148,30.068546,25.970752,27.307324,29.673070,29.938667,30.349929,29.585775,30.665404,29.970276,30.492804,29.782263,28.306127,29.924620,26.869012,29.716932,25.139143,29.034490,25.558360,30.268387
Không có tên,28.504519,31.309255,26.620010,28.215782,29.932079,26.481711,27.312140,32.540595,24.789001,30.243856,20.924597,31.780066,27.756339,24.835964,24.364158,28.710035,31.715682,28.309458,22.485339,31.228893,21.377813,33.443397,28.407925,27.396636,29.126078,27.137886,29.858757,30.646098,31.219225,28.043116,28.022966,31.492314,28.588100,25.993573,28.133850,0.000000,27.955110,27.681987,28.331306,29.707674,25.895522,32.930906,27.937418,30.257104,28.564352,24.968691,32.876490,29.755944,25.336082,25.992780,25.164441,22.486186,27.521804,28.483976,23.061403,26.016538,28.190236,26.915764,25.981837,28.960920,30.667551,27.752851,29.190677,29.835149,24.626493,28.699927,22.429952,36.635186,26.978950,29.587533,29.923288,29.073461,29.033726,29.745290,25.871175,24.898933,36.263245,32.847929,27.260077,27.344430,32.720575,30.636603,32.623595,32.863363,26.746891,30.855946,29.369644,28.218093,29.294595,30.679255,26.812676,31.096104,29.979872,29.458265,27.148246,28.406829,28.152190,29.111423,27.194447,31.678284,27.451255,30.539754,27.804278,27.302373,27.743946,28.521873,28.771117,31.843846,22.913952,25.610789,30.732449,31.057271,29.794403,28.515807,32.631270,27.988635,32.269341,26.634518,26.774867,31.146747,27.978336,30.613358,26.191617,29.322441,26.578344,30.293179
Cà Phê 3k,25.188587,25.405566,24.567351,25.641985,26.068166,24.907085,23.199253,27.008609,25.011525,24.898291,25.592530,25.367493,26.054833,25.185558,25.905030,22.621701,27.281735,25.373191,18.376835,23.811773,27.343377,28.748889,24.980291,26.563543,21.074652,19.138928,23.381960,27.233448,27.926799,19.934147,22.492936,26.946524,27.388947,16.209600,27.904137,27.017291,0.000000,22.935640,19.087988,26.275358,28.126718,28.510007,20.930643,27.144549,26.129725,25.160669,28.769399,28.587080,21.038857,21.993430,28.000892,26.493509,25.269869,20.190326,27.354541,26.373888,19.960118,24.555569,23.075829,26.051605,29.026406,21.266428,25.063751,22.113963,27.199016,22.178406,26.624045,32.274600,25.138223,26.677079,27.827325,24.397661,30.930080,28.520850,27.259342,27.106624,32.307037,22.813646,23.258132,22.653910,27.566285,24.298380,29.348924,29.653194,26.507618,30.287174,26.157010,27.930647,27.871695,25.416265,22.930392,24.572103,26.890594,24.450818,26.886896,24.222046,19.305530,26.449419,28.954184,27.754815,23.410457,30.951261,21.376366,23.083233,25.675650,23.747845,24.359856,27.635639,27.518777,23.365101,26.809385,23.972912,25.641185,24.412087,28.421177,27.862561,27.091789,23.802083,23.477615,24.923342,28.999598,25.181994,27.240853,24.429883,27.587854,24.876682
Không có tên,25.225494,25.597373,24.545068,25.833409,26.426478,24.119439,25.735947,27.563973,24.491639,23.881325,25.812739,20.541028,25.446228,25.319967,26.178590,21.445538,27.803673,24.825527,22.467686,22.508120,27.922301,22.987637,17.975785,26.120285,20.111077,24.482666,21.330620,27.675347,28.503726,25.076184,17.950959,21.333710,23.384182,21.582096,24.025182,27.470137,21.286104,0.000000,21.540123,24.209491,28.744636,23.079072,17.566746,27.557607,21.670818,24.469066,15.485247,24.141006,22.665865,16.211563,28.581845,27.487338,20.800602,22.414969,27.807428,26.610464,21.740422,22.656066,22.543987,14.835774,29.723986,22.596541,29.083206,23.643147,27.731512,23.416750,26.923825,29.168252,24.139599,22.750407,24.219469,24.835650,28.671547,29.081357,28.360461,27.638645,29.596827,15.941579,20.671583,23.066856,30.303813,24.731798,30.101454,26.546924,23.305275,29.828113,29.178058,23.533770,26.985843,24.723002,23.206482,24.912896,29.476415,24.156368,23.560072,23.940266,20.881206,29.114517,28.711360,30.037544,23.491474,30.747928,22.199744,23.259986,24.955095,23.674938,24.059665,30.120005,26.382374,21.428601,25.719734,23.820397,24.848491,24.111667,26.838859,24.953455,25.851562,23.723075,23.536497,24.525651,28.875500,24.659429,27.111317,24.198533,27.463981,24.474017
WinMart+,26.168562,26.935176,24.943893,25.938703,24.677112,25.644669,24.637724,28.457300,24.046872,28.081568,25.301890,23.310232,21.154416,24.756981,25.001045,21.504608,28.593101,23.777499,16.597530,21.746454,26.933074,26.790981,23.428533,24.931061,23.872989,18.297189,20.880796,28.287703,29.365911,20.197507,20.738656,25.344026,28.077933,18.081316,27.698010,26.839604,15.482728,21.443448,0.000000,27.266196,28.393529,26.658232,19.344862,28.112252,24.864253,19.375717,27.014530,29.075944,15.657307,20.491061,28.197675,21.602133,24.113234,20.720943,27.331161,26.857678,22.711282,26.725864,18.777681,24.801357,30.807868,16.121291,24.507785,25.797521,22.495525,21.315191,26.388965,30.214724,19.064829,25.446165,26.687266,23.127807,29.305213,29.902870,22.637464,25.284547,30.397139,21.988487,18.284321,19.888385,25.399453,23.213964,30.022578,28.193833,25.715209,30.774487,23.510307,26.955384,27.272158,21.835533,20.135467,23.721549,24.948791,21.346709,26.048710,21.673383,17.045942,24.376860,27.750752,23.925866,21.248104,30.526774,19.376780,20.469951,21.190940,20.934618,21.593025,25.088286,24.483187,21.122806,24.731560,21.601635,22.890943,21.905885,24.300767,25.092083,21.809390,21.773995,21.632745,24.688185,28.164709,22.899673,26.463411,24.398455,26.827370,22.864468
WinMart+,31.789903,33.897616,26.336384,24.812989,32.396425,29.465578,32.202188,25.225700,30.119292,30.200392,30.884167,32.440218,29.943294,23.030715,31.005949,30.968143,24.574713,30.647650,26.548789,31.734590,33.168131,30.141644,28.345808,31.276286,28.643126,29.934305,31.088218,23.742161,25.467216,30.257720,26.409341,30.006914,18.501604,30.040772,20.654948,31.927179,30.931316,27.341917,28.721220,0.000000,33.085668,32.602371,29.124593,23.866014,27.242193,29.106486,32.555897,19.070861,30.087458,28.783402,32.821036,31.357550,26.192400,29.451789,31.911876,23.526372,27.945965,15.827513,30.679313,28.448673,27.340341,29.324303,32.867108,30.066413,31.250535,28.980529,26.463636,36.335419,30.798020,27.710307,21.743744,29.554769,28.259349,26.743827,32.072820,30.828287,35.934621,32.476000,29.416994,28.147258,33.575937,32.842101,33.929863,32.670927,22.217727,26.806523,32.370108,23.987151,23.575403,32.684986,28.698384,32.913623,32.385705,32.015803,22.529429,29.109791,27.851123,31.996737,24.711932,33.040771,28.892864,27.369673,26.371600,28.758906,29.740436,29.297311,29.511398,33.045987,29.331701,26.924882,32.440759,28.819304,29.994954,29.215805,32.471807,29.660509,31.927914,29.445240,27.938217,32.584499,26.815130,30.617443,25.074825,29.759960,25.499467,29.952741
WinMart+,27.917018,29.971637,24.608611,24.939348,28.590867,26.204562,27.024900,27.822151,24.884134,29.231636,20.478785,30.675674,27.120826,23.039733,24.639565,28.089190,24.368274,27.592857,22.899589,30.331746,21.118253,32.208819,27.980779,28.378071,28.469748,26.767832,29.046841,27.202150,29.546519,28.619143,27.594648,30.611980,27.635662,25.838893,27.141705,23.954762,27.539130,27.317735,27.806880,29.192282,0.000000,31.809505,27.532332,25.419294,28.192142,26.121155,31.835039,28.887650,25.324751,25.899744,22.806470,21.008291,27.275970,28.766294,19.841636,25.140089,28.541213,26.078803,26.698744,28.485626,29.537689,28.038686,29.641840,29.977517,23.665539,28.941934,17.096453,35.009833,27.277424,29.123514,29.265669,29.291996,28.194492,28.757726,24.632578,24.083893,34.798173,32.108754,27.675358,27.668679,32.317831,30.653612,31.451222,32.037627,26.255445,29.935237,29.615739,27.624337,28.602213,30.673026,27.350199,31.007404,25.318211,29.612792,26.638510,28.576052,28.357815,22.875631,26.434557,31.485317,27.809938,29.714474,27.994718,27.612714,28.087943,28.715521,28.942333,31.620545,22.281397,25.917447,30.687668,30.959841,29.829854,28.686764,32.342303,28.136314,32.025761,26.962561,27.077361,31.049429,27.658596,30.573859,25.918816,29.418528,26.310809,30.270473
Trường Tiểu học Chu Văn An,30.989522,33.678522,29.150298,30.330309,32.069218,28.520313,32.704929,33.046523,29.514995,29.244876,30.335675,29.791832,29.245834,29.569332,30.545097,27.956143,32.465816,30.189606,25.445645,29.477318,33.098539,27.367678,26.436663,30.991309,27.208401,29.420907,29.057943,31.647645,32.666195,29.825168,17.305758,20.301614,26.554001,28.624396,27.182135,31.709452,29.365430,16.919277,27.496993,28.645380,33.079748,0.000000,20.064558,31.289228,18.143731,28.613662,19.367877,27.897098,28.773975,20.152504,32.797721,31.119125,17.098607,28.253854,31.628378,29.426364,26.892178,25.219586,30.470784,17.874754,33.764899,28.188361,32.901446,28.983335,30.987744,28.027561,30.020300,18.011040,29.675556,20.275935,27.148293,31.895102,31.703630,32.608084,31.975531,30.625207,31.663315,27.842165,25.416333,27.283959,33.744594,32.909412,34.142311,26.211625,22.438862,33.306057,32.384049,22.401683,29.533249,32.753371,30.635255,33.007485,32.413394,32.018782,22.704075,27.575266,25.075803,31.984562,30.020748,33.162364,27.312075,29.444746,29.712495,27.155768,30.953917,27.637177,27.896234,33.182654,28.873933,29.057697,32.522557,27.355719,28.442074,27.708595,33.367224,32.866794,33.133618,26.928368,29.726363,32.683301,29.684332,32.212840,27.757514,31.453585,28.115254,27.499018
AEON MaxValu Linh Đàm,23.910578,23.954968,23.473240,24.814287,25.224548,23.300676,21.540431,26.415612,24.008992,22.705193,24.786070,23.413987,24.983253,24.358977,25.204709,19.752664,26.797369,24.353813,21.812208,20.922765,26.837577,28.215380,19.084911,25.877106,18.113353,24.015574,18.039723,26.815849,27.598264,24.694883,13.580410,26.102069,26.880732,19.033908,27.481471,26.536549,17.325424,17.919286,19.628878,25.643032,27.829341,27.967954,0.000000,26.740061,25.332358,24.089794,19.384074,28.216434,20.601540,16.334666,27.685485,26.686985,24.382029,20.795352,26.973181,25.958812,20.286136,23.816229,23.184984,18.519631,28.878490,20.783639,25.296058,22.507713,25.297769,22.467285,26.214157,32.614789,22.691071,26.029113,27.429752,24.329607,30.947741,28.322563,27.566703,25.018287,32.623295,21.044940,19.207314,21.932399,25.043225,24.260223,29.263405,29.471924,26.104738,30.231250,23.919328,27.635781,27.577103,23.955312,22.220854,24.487489,24.797248,23.389801,26.500994,23.131277,19.481574,24.430428,28.756437,23.785033,22.554129,30.975274,23.495776,22.268145,24.348998,22.711585,23.197866,25.199033,24.498735,22.509048,25.250641,23.022097,24.170035,23.329887,26.563337,27.177502,25.400266,23.004117,24.429309,23.942767,28.904716,24.031407,27.083643,23.543946,27.447689,23.886178
WinMart+,27.724137,29.350005,25.730722,25.018951,29.302006,26.838074,32.221090,26.402681,26.908709,28.704614,26.851935,30.110877,27.677215,21.891142,27.837222,27.755999,25.003099,28.009282,23.904676,29.857995,30.443483,31.573296,27.897832,29.219757,28.579266,27.243677,28.539364,13.707911,23.666167,27.816486,27.304895,30.165536,22.712545,26.166918,21.621100,26.336326,27.263920,27.066112,27.993521,27.943112,25.931853,31.010034,27.245625,0.000000,28.071984,26.637838,31.065310,25.247491,25.803454,25.790917,30.615976,29.018018,27.237356,26.994677,25.061514,17.689523,27.206754,21.504748,24.042934,28.096725,23.241078,26.759567,28.466001,27.708656,29.143582,26.122990,25.120287,33.795317,25.268666,28.905662,27.192218,28.489809,23.950486,23.161994,29.994548,28.818673,33.661610,31.397226,24.563304,27.542433,29.960521,29.158456,32.269430,31.444934,24.026450,26.741753,28.595837,25.427531,20.818446,29.259125,27.469969,29.317096,29.003538,28.684676,24.318602,28.043465,27.921908,28.571167,21.643156,29.634876,27.614770,26.969364,27.689591,27.439574,27.764352,28.160811,28.323181,29.726604,27.285389,26.165211,29.321462,29.641049,28.891545,28.167734,30.409566,27.772527,30.225347,26.979872,27.074135,29.600340,26.584214,29.398631,24.731650,28.680754,25.195671,29.266555
WinMart+,26.611638,27.428820,22.206480,26.903332,27.658409,25.122204,24.940691,28.674257,26.470389,25.068328,26.812453,25.125426,25.973559,26.499005,27.098014,24.513787,28.719639,27.081951,23.520538,25.476013,28.955941,20.028178,23.406750,27.946378,24.584694,26.629191,25.573746,28.632835,29.227252,27.030870,22.197890,17.396481,22.701051,25.699895,23.382097,28.266839,26.020204,23.055677,25.064653,23.437714,29.540751,13.974895,24.663760,28.482807,0.000000,26.244335,20.826005,23.363975,26.155301,20.442743,29.285914,28.176970,12.686982,25.748964,28.622590,27.380392,24.787196,22.091601,28.207938,25.647168,30.498353,25.723529,29.654354,26.433562,28.360976,25.812561,27.412455,22.190217,26.845570,16.650236,23.700775,29.380548,29.412758,29.934646,28.952922,28.111065,21.447351,23.575087,23.617166,25.336940,30.712387,30.042018,30.659463,20.599396,20.208310,30.632824,29.579733,19.472171,27.644093,30.063283,28.484128,30.145525,29.832907,29.527671,20.299281,25.697341,23.405260,29.462352,27.535009,30.371693,25.442723,26.207553,27.081137,25.269850,28.680012,25.659736,25.918368,30.422254,26.903114,26.468908,30.018666,25.541010,26.446561,25.830186,30.890061,29.776407,30.716330,25.276493,27.363674,30.235360,28.145735,29.989147,26.521687,29.353904,26.871949,25.826741
WinMart+,28.041143,29.574592,23.467709,24.195621,28.414905,23.196824,27.212769,26.011364,25.650637,25.470317,23.932443,30.202189,22.891733,25.916714,25.665008,24.406179,26.515130,20.597300,18.234474,24.200264,25.338243,31.524265,27.993201,25.518275,26.199228,19.034720,26.079581,26.610917,29.898672,18.813043,25.099151,30.214899,28.383700,19.543606,28.037851,23.250983,25.010561,25.105833,20.046025,29.041333,26.378988,31.206730,25.039025,26.539311,28.173805,0.000000,31.261306,29.288221,18.873224,23.723486,26.022708,20.157563,27.365771,20.358547,24.950277,26.397008,15.298394,27.090881,13.267995,28.420140,29.836426,18.287657,19.178314,26.198827,21.666124,24.666982,24.078888,33.961840,19.592028,28.991979,29.509738,24.544706,28.740231,29.235183,21.925772,18.742747,33.847970,31.672876,24.036401,24.706968,26.451316,24.742902,29.357849,31.541728,26.868515,30.088922,23.445376,28.070373,28.989254,25.805210,23.078101,25.384222,25.488374,25.186722,27.216912,25.515373,25.256382,22.408706,27.293935,26.564781,23.969910,29.902918,25.397820,24.253831,23.984624,25.288597,25.550865,26.987033,24.737767,23.657548,26.757176,28.083244,26.831465,25.680721,29.167446,25.830976,28.939438,23.992328,24.580015,27.470413,27.932838,27.590305,26.295479,26.450814,26.653424,27.810966
Trường Mầm Non Hoạ Mi,30.736190,32.941739,29.099319,30.175139,31.672991,28.494546,32.213874,32.575753,29.418661,29.124913,30.160868,29.631434,29.156873,29.485317,30.353418,27.971622,32.127944,30.045886,25.614678,29.371135,32.682221,27.588513,17.507978,30.796571,18.805617,29.342944,18.564166,31.428744,32.353252,29.718824,16.752920,21.640694,26.666949,21.231371,27.255024,31.449212,19.390828,16.037931,21.258471,28.627432,32.735093,19.560294,19.657698,31.106500,19.409817,28.589325,0.000000,27.929759,20.863838,19.620977,32.464107,30.940987,18.381559,21.983864,31.415908,29.369740,21.502466,25.391381,30.366011,16.367367,33.421296,20.913578,32.590399,22.912159,30.843612,22.733492,29.902115,30.751724,21.845720,21.170991,27.217402,31.703693,31.533069,32.369140,31.746381,30.493330,31.122279,17.263592,20.631313,23.601081,33.423200,32.645248,33.747104,26.461941,22.712390,33.032931,32.148231,22.746968,29.476896,32.512295,30.531722,32.737212,32.201546,31.828592,22.967793,28.507309,28.375144,31.801309,29.941589,32.892304,22.025250,29.388445,25.467825,21.791388,30.814958,22.090869,22.444078,32.918353,28.845373,24.663847,32.309600,22.353401,27.859426,22.568241,33.125520,28.733256,32.908635,22.390145,26.063409,32.476715,29.650554,32.040229,27.769713,31.321653,28.116039,23.058016
WinMart+,35.012689,38.778131,28.800646,26.248348,35.647510,31.936916,37.954414,27.152009,32.249652,33.376095,33.412303,37.430182,32.277525,24.031336,33.459200,33.989176,26.536171,28.170476,27.844545,35.662265,36.161593,33.732026,31.052446,29.079752,30.741280,27.601202,34.152962,25.543432,28.260717,28.032807,28.433881,33.207118,18.901526,32.432950,22.221746,34.349311,33.797450,29.598816,30.585028,28.531374,28.962152,36.437373,31.320732,25.529904,29.171036,27.083760,36.035762,0.000000,32.206024,30.624322,35.273397,33.371374,27.884180,31.403804,27.915776,24.573466,29.481804,13.682484,32.166012,30.499073,30.084383,31.204869,35.091743,32.007821,33.057643,30.590752,27.843169,40.447139,33.009979,29.544597,22.701321,31.059192,29.258855,28.787180,34.136771,32.498402,39.554693,34.640370,30.957997,29.512266,35.616582,34.763723,36.330109,35.200760,22.790497,27.801537,34.248300,24.803500,24.157523,34.467219,30.035286,34.830867,34.083415,33.646794,23.171999,30.494701,29.140823,33.660047,25.405610,34.898934,30.282332,28.544540,27.405691,30.163516,31.107825,30.795501,30.991378,34.870821,30.618483,27.918498,34.074209,30.136179,31.489438,30.594699,34.042339,30.873916,33.549541,30.740490,29.028324,34.174793,27.129662,32.073561,25.313069,31.047833,25.744133,31.250825
WinMart+,23.194112,23.006206,23.161964,23.754899,22.494365,24.558443,21.462953,25.220406,21.979770,21.921261,23.305678,22.742915,19.241853,23.105070,28.944136,19.787100,25.772373,21.290009,16.574353,21.146183,29.107808,26.304292,22.981286,22.534065,20.229685,17.543923,20.039688,26.048146,26.656025,18.958112,20.072834,24.906132,26.184536,16.584913,25.827465,28.039951,19.247451,20.851635,15.616662,24.700377,29.431933,26.105366,18.699808,26.005360,24.498484,18.565416,26.485907,26.764764,0.000000,19.922838,29.171298,25.566548,23.764356,17.839759,28.458826,25.344421,18.556720,25.224241,23.648394,26.902555,28.199892,15.137571,26.443694,22.957459,26.475218,22.675701,27.252230,29.555807,18.820516,25.091429,26.364561,25.847715,27.425778,27.687262,26.462279,26.223022,29.762456,25.311819,16.637801,19.915225,26.589342,25.363766,30.716238,27.800600,25.463115,28.491432,24.741688,26.515069,25.836207,23.465908,20.753165,25.750238,25.914513,22.661278,25.697230,22.091796,16.356781,25.352585,26.225916,24.422017,21.065310,28.438741,19.245830,20.621578,23.889178,21.222468,22.028593,26.626505,25.346529,21.716447,25.206876,21.943735,23.613011,22.336979,27.070829,26.567762,25.462549,22.052335,21.870234,23.357768,27.358612,23.434021,25.865721,22.815916,26.211591,23.300891
Trường Tiểu học Chu Văn An,23.158630,22.967903,22.895868,24.103548,24.229908,22.371591,21.140415,25.296742,23.256322,21.658209,23.991979,22.408527,23.836248,23.713541,24.357782,19.495369,25.795948,23.475492,21.458851,20.427585,25.780457,26.598242,18.358656,24.829561,19.359347,23.302751,18.252092,25.974256,26.569648,23.895534,14.104705,20.618535,25.993026,20.372223,26.547362,25.612213,19.323466,17.089822,20.592355,24.835057,26.834788,19.913278,17.698484,25.943206,19.493236,23.485531,19.104060,27.053367,21.522525,0.000000,26.627467,25.905134,18.880615,21.629707,26.141832,25.368724,21.023994,23.364673,23.454297,18.018225,27.863690,21.566507,24.506050,23.056272,24.689491,22.846771,25.442532,24.700049,23.164824,20.533316,26.564128,24.458545,29.862649,27.438991,26.687936,25.117910,25.443529,19.423975,19.949108,22.360717,25.085471,24.379732,28.087768,23.608824,25.562432,29.163112,24.050412,21.878258,26.874884,24.116031,22.591444,24.574767,24.903543,23.567632,25.904819,23.326866,20.027352,24.556324,27.921121,23.908437,22.826098,29.807507,23.450003,22.565969,24.435620,22.984820,23.419227,25.207111,24.620365,22.451713,25.258672,23.219359,26.349544,23.509949,26.456842,27.180044,25.387873,23.172959,24.444271,24.029774,28.457027,24.134486,26.768765,23.684700,27.115282,23.977225
WinMart+,29.677163,32.192766,27.825475,29.392630,31.340184,27.924027,28.328116,33.296491,26.930623,31.145006,23.613718,32.434398,29.294944,26.305344,27.617092,29.644748,32.429115,29.648283,23.878648,31.851615,25.869404,33.861693,29.223594,29.180705,29.962951,28.414744,30.581411,31.330765,31.825507,23.126701,28.781263,32.046873,29.166650,26.880222,28.764212,26.515469,28.746500,28.455780,29.210352,30.276408,28.721162,33.368871,28.712929,30.929307,29.198013,20.703678,33.287180,30.210104,26.253576,26.764489,0.000000,18.468646,28.196066,29.057574,22.426136,26.719959,28.843107,27.533588,26.977855,29.555383,31.162920,28.268684,30.566324,30.367418,19.545740,29.397792,19.546648,36.751875,27.576760,30.114759,30.262662,29.809528,29.515873,30.255772,22.475183,19.080364,36.389734,33.118858,27.943369,27.902073,23.050622,31.362699,29.312175,33.190413,27.120596,31.253113,23.699789,28.583631,29.681050,31.298945,27.636176,31.726944,23.399410,30.131768,27.520808,28.930718,28.703790,22.919167,27.747053,23.650450,28.183122,30.921308,28.291282,27.948013,28.494874,29.112453,29.347722,32.306142,21.260002,26.127013,31.235670,31.417068,30.242626,29.047803,32.907699,28.425225,32.560682,27.255389,27.274289,31.587031,28.185564,31.024151,26.405004,29.792795,26.786048,30.650150
WinMart+,27.608711,29.365452,26.336008,27.438955,28.072951,26.084743,26.884739,30.024012,24.938911,28.777332,22.338331,30.162887,26.873213,24.857241,24.752444,27.808842,29.893854,21.614915,23.120353,29.904175,23.261146,31.616366,27.778765,20.117933,28.169242,26.604017,28.664031,29.450340,29.212819,20.760801,27.395590,30.193285,27.850386,25.782155,27.470580,22.603613,27.356045,27.152689,27.574019,28.940067,25.342493,31.274940,27.344091,29.205146,28.010231,18.377346,31.329521,28.840217,25.580700,25.848569,18.373067,0.000000,27.157025,25.515936,21.130027,25.801800,24.989567,26.546765,16.812390,28.257428,29.320187,25.355833,21.520444,26.241822,17.529325,24.926330,19.169851,34.220054,24.413069,28.896144,29.163482,24.861485,28.280452,28.735456,17.971986,17.278547,34.076281,31.710988,24.352138,24.891473,19.868031,25.122995,25.374473,31.614738,26.522718,29.667777,21.255035,27.709361,28.608218,25.923382,23.609079,25.596995,21.132426,25.383921,26.861912,25.577981,25.360275,20.627534,26.805119,21.557810,24.299437,29.503870,25.468407,24.495321,24.329142,25.410166,25.644631,26.863368,19.208819,23.857244,26.684872,27.844803,26.746718,25.740066,27.580972,25.849022,27.427940,24.222960,24.734389,26.035896,27.726785,26.370658,26.078785,25.406643,26.447896,26.766961
Trường Mầm non A Tứ Hiệp,26.536220,27.234898,20.668605,26.793717,27.444908,25.149994,22.507302,28.363960,26.376959,25.118379,26.690256,25.231019,25.914863,26.434679,26.943026,24.601694,28.442538,26.934438,23.620735,25.515546,28.649010,17.657717,23.631149,27.734746,24.612907,26.516367,25.522008,28.395060,28.914219,26.886108,22.422677,15.171099,21.442383,25.647254,22.097575,28.023281,25.948195,23.227516,25.048274,21.767743,29.207237,20.409235,24.680076,28.250286,12.928860,26.148183,21.440639,21.893637,26.072082,20.805513,28.957624,27.946613,0.000000,25.688487,28.368465,27.333739,24.769770,21.128060,27.993936,23.453536,30.115589,25.654581,29.303992,26.315674,28.127875,25.714401,27.216130,18.803544,26.671396,12.661568,22.492146,29.084592,29.251060,29.732715,28.662631,27.892349,17.858350,21.747302,23.645150,25.271370,30.319606,29.697594,30.232610,17.791015,19.091184,30.386967,29.252918,18.042711,27.572215,29.723144,28.255868,29.786119,29.516976,29.222060,19.122089,25.580554,23.413529,29.163903,26.370177,29.998498,25.353791,24.976883,26.013170,25.184859,28.421223,25.555765,25.802551,30.052685,26.758696,25.396613,29.684307,25.441862,27.897342,25.719052,30.516173,28.636066,30.353524,25.184032,26.406288,29.893405,27.397030,29.675588,26.004695,29.078518,26.280607,25.707769
Cà Phê KOK,24.266530,24.280532,24.076660,24.767962,23.571551,26.702085,22.573446,26.397507,23.095000,23.596168,24.248858,24.253460,20.809647,23.960409,29.775562,21.623834,26.814125,22.673223,17.875275,22.800435,30.027958,27.504084,24.152388,30.650253,23.985352,19.015647,22.064984,26.907212,27.610800,20.199851,21.607259,25.988027,26.924983,20.855179,26.573738,28.785055,16.805983,22.147077,18.844288,25.555848,30.349355,27.312085,20.256000,26.822439,25.395022,26.901411,27.620644,27.663596,17.557513,21.318999,30.067976,25.847501,24.628498,0.000000,29.084219,25.992791,21.593283,25.878426,23.601828,25.207678,29.064667,16.942980,27.101883,21.707431,26.880685,21.364418,27.730979,30.675553,14.990402,25.940076,27.105964,26.522818,28.105691,28.463918,26.900360,26.661192,30.802444,22.465763,14.920780,18.433885,27.263472,25.759062,31.777510,28.674421,26.017082,29.253014,24.971252,27.178068,26.431627,23.376952,21.064619,26.246725,26.313970,22.435191,26.324357,20.766496,15.200141,25.643771,26.839776,24.578425,22.163166,29.145219,18.247325,19.255324,22.112660,19.733875,20.574160,27.233795,25.522476,21.456087,23.835093,20.728373,22.172738,21.042242,25.334718,22.535008,24.140411,21.045483,20.954340,26.233558,27.674034,22.277756,26.129509,21.830925,26.469789,22.303748
Không có tên,26.982480,28.585320,23.522517,23.693797,27.244223,25.528246,26.476968,25.664558,24.347642,28.098010,19.900829,29.575389,26.194733,22.093722,24.015148,27.244263,23.160899,26.632643,22.860288,29.383381,20.127737,31.031750,27.367951,25.446498,27.612474,26.036140,28.072003,25.780054,26.985218,26.310338,26.924387,29.685883,26.383318,25.385192,25.935321,21.785113,26.883939,26.697933,27.038003,28.551044,18.696703,30.614624,26.881212,24.356370,27.655592,24.367425,30.706280,27.520459,25.023549,25.476400,20.727474,20.022913,26.842137,27.323408,0.000000,24.327940,26.992919,25.174303,25.247910,27.805123,27.720916,26.838991,26.400332,28.155778,20.988600,27.126930,16.338954,33.474154,26.054582,28.529682,28.166352,27.283267,26.994669,27.267487,21.026559,21.717254,33.375143,31.200218,26.299681,26.473497,24.368874,28.020451,24.880102,31.162175,25.662871,28.349749,27.181261,26.748229,28.108893,28.326749,25.959131,28.335681,23.191907,27.627536,25.906470,27.153685,26.970003,24.042437,25.545120,28.899583,26.334811,28.296906,26.821735,26.273677,26.481906,27.178757,27.386909,29.084355,20.669832,25.099776,28.610764,29.223854,28.235388,27.289262,30.204971,27.033285,29.986234,25.827451,26.077446,29.035023,28.402064,28.877292,26.575265,27.930794,26.954845,28.823123
Trường Đại học Kinh tế - Kỹ thuật Công n,25.087701,26.002995,23.601478,22.839032,25.421198,24.372450,32.903544,23.102803,24.453012,25.666357,24.024353,32.762133,24.704115,20.917979,24.901469,25.159723,22.176656,24.992958,22.486024,32.178843,26.450584,31.335671,30.115969,25.939805,25.794077,24.610487,25.694896,17.800059,21.328082,25.041794,28.292894,31.049072,21.301079,30.558055,20.629908,24.211450,31.224804,28.966988,25.330094,28.670632,23.854213,32.414587,24.938464,15.800277,28.950013,24.352713,32.312477,27.970433,23.901943,29.486467,24.913798,23.571926,28.248131,24.756341,23.335513,0.000000,24.904358,23.543662,22.542659,29.338646,15.750367,29.804144,25.871753,25.330838,24.668795,24.132440,23.299987,34.430571,30.725002,29.039309,21.570068,26.204210,16.448567,12.259288,24.978817,24.585080,34.168118,31.898477,25.636706,28.617978,27.165615,26.585585,26.403364,32.165801,24.466736,16.683122,26.139123,25.948697,15.367664,26.751744,25.485129,26.693625,26.601402,26.355099,24.786901,26.003422,25.910007,26.253279,15.819009,26.987873,25.586335,19.193820,25.804478,25.487805,25.663353,26.048782,26.186221,27.077997,23.696831,24.597586,26.865884,27.290255,26.671813,26.107437,27.809535,25.903685,27.679609,25.155312,25.317804,27.130089,24.008983,27.079022,22.704272,26.520612,23.058621,27.072334
WinMart+,30.143434,31.369749,24.508676,25.263334,24.098873,24.735232,24.297223,26.988065,23.639118,26.608107,27.343096,23.166747,21.584360,28.459316,29.067022,21.686440,27.328913,23.354969,18.491607,21.933959,29.268655,26.078601,23.286345,29.938720,23.281234,19.732326,21.169261,27.334245,31.537002,27.866845,21.011743,24.907502,27.284205,19.929950,26.944520,27.796593,17.236424,21.556958,22.603549,26.638841,29.713695,25.975751,19.931406,27.228824,24.550246,25.281717,26.309648,28.183013,18.561752,20.853337,29.400662,25.175337,23.910230,20.312346,28.279251,26.314171,0.000000,26.191628,16.644610,24.413635,29.494094,17.734900,25.136222,20.374721,26.048275,19.718308,26.947310,28.926084,18.871480,25.074970,26.218247,23.322469,28.441879,28.844808,26.118526,25.844906,29.152566,22.014924,16.569026,22.478790,26.224879,23.333112,31.483476,27.457865,25.425625,29.629120,23.682916,26.434029,26.724817,21.378967,19.359758,24.054003,25.437022,20.845914,25.707881,23.245742,22.932850,24.710243,27.138446,24.183761,20.782290,29.496299,23.545051,21.609675,20.706658,22.624678,20.655658,25.749956,24.785467,22.013780,25.142818,22.701209,24.701471,23.459283,24.548417,24.243186,21.549856,19.426500,22.767287,25.023262,27.818871,22.316908,26.246459,24.585525,26.592169,23.835285
Trường Quốc tế Singapore,33.026036,35.320366,28.261721,22.657052,33.436891,30.637298,34.461743,22.837273,30.959080,31.588796,23.862146,34.251945,24.558581,20.820105,31.844250,32.119378,21.914935,24.866319,22.479850,33.236525,33.930236,31.884930,30.008292,25.828535,29.625834,24.538285,32.125234,20.772217,22.422156,24.969459,27.721230,31.507690,22.921464,30.931128,14.690619,25.697654,31.922712,28.648591,29.482974,27.961218,25.422831,33.754762,30.025106,21.117906,28.532165,24.353761,33.548311,25.159051,30.810356,29.498242,26.349473,24.911578,27.567962,30.136583,24.784721,17.880892,28.554081,0.000000,22.615506,29.330106,24.791935,29.957770,27.209593,30.621543,25.907213,29.436497,24.714916,36.841806,31.337829,28.771458,23.405623,29.847390,19.104717,19.701708,26.294049,25.776222,36.329567,32.795490,29.764645,28.532235,28.398383,27.801683,27.762337,33.192798,22.751640,18.478858,27.356568,24.395539,18.036551,27.914333,28.987257,27.901816,27.739719,27.474979,23.072198,29.312073,28.158976,27.394989,18.555724,28.166088,29.153309,21.515578,26.645847,29.034674,26.744624,29.566969,29.744538,28.237960,24.811011,27.086035,27.971131,29.007770,30.157024,29.400089,28.868339,29.660881,31.925821,29.529893,28.062104,28.212750,24.534299,30.677894,23.270302,29.811346,23.595664,29.971486
WinMart+,27.298801,28.544020,26.292670,27.126591,27.430294,20.267382,26.731100,28.937603,25.164491,22.114383,23.704013,29.329213,19.685012,25.507672,25.062468,21.727383,29.020229,17.817563,17.870270,29.188037,24.770882,30.587187,27.465658,24.795377,20.442962,17.313851,23.067135,27.626878,28.886398,15.739366,22.726204,29.456834,27.855348,18.491438,27.532675,23.110221,17.049882,26.915556,18.766024,28.495316,25.672488,30.312908,22.698057,26.451803,27.710315,13.363260,30.412060,28.695802,17.781960,21.905717,25.358197,20.869586,26.985229,18.190797,24.602587,26.085951,16.758200,26.726459,0.000000,27.884244,29.074383,17.406055,16.827268,19.793753,21.782343,17.507896,23.825178,32.793325,17.625000,28.482602,29.011897,17.887315,28.223477,28.602817,21.917312,24.011457,32.747642,30.961250,22.722926,23.556670,23.669778,22.389094,28.192767,30.816932,26.626149,29.397842,21.278137,27.677247,28.518879,23.668756,21.721144,22.976444,23.542884,23.358393,26.919853,24.184928,23.953958,22.845477,26.937239,24.215592,22.574001,29.282959,24.291593,22.982573,22.477108,23.850696,24.094533,24.682790,23.379058,22.844291,24.858234,26.501646,25.366912,24.370591,27.239263,24.796625,27.091912,22.890560,23.611254,25.635218,27.717380,26.042778,26.157524,25.069474,26.502751,26.494611
Trường Tiểu học Tam Hiệp,33.924874,36.128294,32.073541,32.772205,34.385100,31.694355,35.172011,34.948556,31.987601,32.653632,32.842181,33.320832,31.998214,32.123272,32.930704,18.226432,34.327234,32.457839,28.275341,32.701571,34.899956,33.418438,16.298754,32.972553,17.926408,31.668932,17.190981,33.430819,34.333284,31.946477,15.686472,28.896927,29.372370,20.201248,29.801370,33.657860,19.655355,14.912903,20.354880,31.614930,34.605267,17.791135,18.244665,33.076518,25.552999,30.727417,15.987527,30.699424,26.973690,17.774993,34.456703,32.904240,24.196176,20.964631,33.356231,31.236912,20.648796,27.926884,31.973784,0.000000,35.015598,28.541962,34.425801,21.866582,32.642553,21.889931,31.953029,28.619705,29.011853,24.863144,29.614464,23.106427,33.104760,33.996175,33.588120,32.277733,29.433520,17.081773,27.224288,24.562246,34.975328,34.259343,35.433664,26.652553,22.958187,34.509486,33.846415,23.165165,31.167493,28.158713,26.681291,34.334052,33.682517,27.400609,23.228247,30.273627,30.114631,33.327072,31.599853,34.425093,27.001153,31.281295,26.971349,26.848955,27.996472,27.305803,27.562258,34.414301,30.614265,26.017577,33.788166,29.034958,29.711445,28.363692,29.428019,30.981575,28.734882,26.707481,27.332672,33.908637,30.538472,27.651436,28.635600,27.036569,28.964322,27.265738
WinMart+,30.622342,32.446799,28.969023,29.363009,33.343000,29.750426,34.889272,32.242663,29.715468,31.511556,30.625684,32.758281,31.010847,26.126745,30.930655,30.251271,32.191410,31.178118,26.171715,32.228650,33.899258,33.866190,30.028534,32.085297,30.939481,30.078968,30.881232,24.513989,32.324734,30.558454,29.324911,32.348487,27.187795,28.111976,26.324924,29.846234,29.322662,29.065547,30.349835,30.020017,29.712068,33.321231,29.280435,20.291741,29.836914,28.960845,33.254967,29.255439,27.771395,27.588449,30.641090,28.105637,28.945441,29.026397,28.227838,16.445047,29.242915,30.431599,25.954660,29.881373,0.000000,28.413296,31.520484,29.633465,29.162936,27.917989,30.711384,35.953097,26.990952,30.579585,27.984689,30.738841,24.390598,23.543078,30.027847,28.836851,35.669879,33.003959,29.451636,29.211366,32.646784,31.732294,32.383553,33.232145,28.557459,28.487492,31.147340,30.787741,20.544755,31.639659,29.504080,31.867193,31.297764,30.896278,29.128646,29.804101,29.679485,30.830808,21.525586,32.088006,29.556637,28.302244,29.255933,29.235169,29.796524,30.051250,30.213732,32.135235,27.248312,27.495560,31.485062,31.505361,30.716038,29.924873,32.475041,29.245822,32.241285,28.623782,28.566289,31.696262,26.815215,31.272905,24.854126,30.474774,25.335078,30.933363
Delícia Coffee & Lounge,23.585423,23.493778,23.285544,24.397957,24.555529,23.002963,21.759852,25.534646,23.641998,22.534279,24.305173,23.285719,24.284362,24.038200,24.629082,20.551310,25.997893,19.271954,16.078175,21.605220,26.002009,26.968822,23.413847,25.121877,17.681362,16.691458,20.600462,26.152616,26.710944,17.766936,20.492290,25.423215,26.251696,15.750349,26.777268,25.569472,17.472424,21.270192,15.341791,25.101436,26.839769,26.814919,19.003799,26.112898,24.908203,23.999013,27.171923,27.288948,14.665645,20.294742,26.630207,25.600111,24.132491,16.855068,26.140327,25.536663,20.604003,23.691141,21.680134,27.581439,27.941220,0.000000,23.679220,18.962284,26.332100,19.781597,25.427220,30.470301,20.240683,25.513766,26.782362,22.701006,29.923085,27.533213,26.383935,26.173002,30.632514,25.860669,21.094372,14.624994,26.409958,22.825045,28.114123,28.363385,25.751027,29.256891,24.905927,26.970231,27.041625,23.637884,21.151097,23.152915,25.913221,22.857953,26.086329,22.527422,16.917271,25.435643,28.052751,26.759846,21.546048,29.882528,16.659922,21.119433,24.279634,21.740950,22.513215,26.510477,26.748820,21.857262,25.570759,22.365010,24.046764,22.773913,27.398408,27.336809,25.832641,22.426249,22.232267,23.700956,28.505404,23.816802,26.836836,23.170040,27.176624,23.647877
UBND phường Khương Thượng,30.890100,32.380288,29.469579,30.566252,31.826510,27.458786,29.660050,32.875933,29.346796,28.728282,28.102518,32.435043,27.764346,29.092659,30.186777,27.556747,32.396606,27.064624,22.877293,32.022812,30.415304,33.400551,30.163391,31.447678,27.280284,24.716547,28.631590,30.514644,32.513054,29.119535,27.591136,32.142515,30.374483,26.774979,30.103202,28.813979,26.024458,29.489664,24.742459,30.806738,30.772042,33.051113,27.516707,29.240183,29.993129,26.115837,33.010089,31.086497,26.109097,24.751789,26.296352,25.892246,29.199443,26.111957,27.940306,28.424662,25.374465,29.002819,21.270346,30.231777,31.932493,25.784238,0.000000,27.489580,27.654598,25.633912,25.807818,35.481461,24.712904,30.644414,30.969324,25.612854,30.539347,31.209043,27.813281,27.497342,35.322929,32.942003,24.410831,25.170932,30.129646,26.464322,31.059441,32.984129,28.139981,31.904974,24.118062,29.468981,30.536954,27.704306,23.173484,27.639356,26.907973,26.464293,28.510300,26.444817,26.094543,25.638267,29.075397,29.246630,24.473571,31.612677,26.104907,24.826403,24.598571,26.241196,26.581763,29.744981,25.367627,23.876804,28.678182,29.814116,28.175366,26.606736,31.709496,26.560581,31.278273,24.423228,24.936546,29.454976,28.767000,29.179679,27.068590,27.526948,27.408765,29.138994
WinMart+,31.635976,25.595633,25.360405,26.136144,32.479584,28.040070,23.799437,27.805095,24.764684,25.354436,29.153576,25.816787,23.472278,29.973781,31.114927,23.474184,28.040410,24.783024,20.550081,24.595039,31.540288,28.625837,25.378571,32.523806,26.888414,21.810762,24.259304,27.933939,33.052232,30.683027,23.330242,27.056201,27.804876,25.365533,27.488154,30.088371,19.413901,23.586838,24.590863,26.421032,31.796094,28.412199,22.077297,27.807910,26.301777,28.026825,28.644074,28.499928,23.132754,22.914641,31.487710,26.492375,25.525986,20.237348,30.131942,26.827943,24.179060,26.711950,24.021978,26.126089,29.942494,19.712057,28.609931,0.000000,27.701988,22.561602,28.525965,31.599851,19.307032,26.787247,27.817035,28.494468,28.853743,29.290043,27.779213,27.597604,31.658315,23.485287,14.367769,20.110482,28.761286,26.921994,33.321263,29.454523,26.569266,30.018482,25.820280,27.805326,30.970228,23.981838,20.917988,27.525371,27.217393,22.675628,26.921303,24.607187,16.718924,26.416036,27.575023,25.211891,22.314207,29.865217,19.431364,22.949545,22.268493,24.152357,22.020527,28.481766,26.032770,22.800800,24.277017,23.918464,26.206189,24.804670,25.965145,25.235436,22.803587,20.315335,23.723778,26.977747,28.022344,23.431188,26.450325,23.219676,26.790127,24.858395
Siêu thị B11 Kim Liên,26.565086,28.025266,25.552615,26.458525,26.695219,25.061153,26.161839,28.552170,24.066688,27.643998,21.794364,29.059616,25.099348,24.189869,23.682062,26.896997,28.664345,23.952525,20.736135,28.930461,22.372632,30.494019,27.043051,27.419662,27.026689,22.046716,27.687587,28.507375,27.988174,24.928543,26.661356,29.249698,27.165319,21.641094,26.797287,21.622529,26.629304,26.460761,22.603294,28.231046,23.729271,30.157554,26.628315,28.331124,27.377537,21.577614,30.267417,28.112809,21.180517,25.321323,18.433519,16.331330,26.606537,26.655312,23.656817,25.320675,26.166337,26.029187,18.531556,27.555873,28.399625,26.222925,23.774649,27.649252,0.000000,26.292666,21.094294,32.911486,25.276951,28.238834,28.563397,26.540282,27.627363,27.949839,19.337140,17.854939,32.858669,30.886501,25.369118,25.752829,24.288916,27.375652,26.978424,30.764362,26.172218,28.845907,24.722758,27.206633,28.154486,27.767859,24.743902,27.895014,18.997377,27.040391,26.426956,26.610740,26.365698,23.666189,26.294597,24.448120,25.380940,28.758339,26.291090,25.456326,25.057480,26.542453,26.402370,28.883032,19.985059,24.393523,27.797102,28.781703,27.926590,26.755525,30.134969,26.605876,29.853844,27.168529,25.424079,28.493325,28.406799,28.397406,26.677454,27.196057,27.033789,28.438675
WinMart+,31.453650,33.054995,29.962273,31.122066,32.599314,23.892173,30.120007,33.597906,29.976563,24.113290,28.732584,24.493514,21.245553,29.644724,30.991749,22.107866,32.986909,27.762819,18.778949,23.429707,31.324627,27.062864,24.367210,32.571280,23.630492,19.778466,23.046167,30.992822,33.148755,30.227862,22.569234,32.620775,30.784426,22.944514,30.518835,29.671819,19.341718,22.851320,21.343089,31.188192,31.619406,26.931243,21.516270,29.672855,25.382350,27.036945,27.203283,31.490724,21.415449,22.210098,31.369720,26.358655,24.731371,20.993223,29.761147,28.771950,19.807166,29.350110,22.049621,25.328810,32.433410,19.524387,27.598913,25.505278,27.370453,0.000000,28.238763,29.834479,19.173910,25.848597,31.294300,26.643302,30.915529,31.653516,27.483930,26.042454,30.038975,22.937548,16.321551,22.232393,26.704090,25.356357,33.552195,28.172834,25.956767,32.338043,23.572558,27.111455,30.867571,20.414547,18.294708,26.267359,25.589659,20.130689,26.253887,23.229033,22.864193,24.752167,29.400547,25.749854,20.184624,32.011938,23.596160,21.323519,20.124708,22.460616,20.159948,27.789720,24.794573,21.906110,26.652961,22.624968,24.890148,23.453083,24.714732,24.390191,21.291339,19.026031,22.619432,26.309649,28.922659,22.183894,27.189983,25.511411,27.535861,23.936666
Cà Phê Big One,27.972090,29.675737,26.722583,27.770938,28.583828,26.645436,27.202680,30.284264,25.710533,29.116038,23.438229,30.231657,27.421677,22.257639,25.787134,28.158338,30.057187,27.768857,23.714468,29.988002,24.605948,31.570500,28.014323,26.957553,28.490021,27.054177,29.001387,25.702256,26.857117,25.468915,27.780832,30.258042,26.264079,26.200889,25.856727,24.493883,27.689185,27.483460,27.908491,29.076639,18.846806,31.254328,27.681342,25.682966,28.200364,23.494919,31.310086,27.332122,25.699987,26.173728,21.716574,20.728941,27.389776,27.989440,14.712913,24.178001,27.734963,25.183504,20.923816,28.538740,30.408464,27.478950,27.877702,28.911322,21.500752,28.101075,0.000000,34.141072,26.892262,29.029667,31.676054,28.296413,26.619773,26.794694,21.794313,22.307925,34.065797,31.720952,27.060988,27.150087,25.273157,29.095380,26.692434,31.591892,25.672859,27.798432,25.390753,26.896191,27.493917,29.295734,26.723143,29.442135,23.862160,28.589138,25.987166,28.005569,27.829868,24.712956,28.894816,25.188386,27.218378,32.223080,27.616339,27.176131,27.450819,28.085684,28.258865,30.124012,20.967922,25.770012,29.561093,30.060943,29.093875,28.116299,29.212777,27.788525,29.033924,26.669332,26.718094,27.952271,28.184411,28.000753,26.406115,27.063589,26.786156,28.167923
Trường Mầm non Đại Thanh,34.631293,38.702673,32.104320,33.076504,35.556510,31.682946,36.938140,36.306353,32.075896,33.150218,33.250242,34.181329,32.122219,32.248299,33.372254,31.277595,35.225955,32.702439,27.450644,33.158754,36.100988,35.020752,29.761153,33.347888,29.692698,31.682105,32.125177,33.928360,35.135623,32.033665,27.440279,26.804595,28.760473,31.203969,29.320589,34.290396,32.265966,28.759435,29.667718,31.600853,35.494995,18.017133,29.917205,33.460814,22.033269,30.525754,21.582302,30.412907,30.977007,21.116723,35.310454,33.237186,19.441934,30.341391,33.826334,31.148934,28.710527,27.093645,32.039747,29.644248,35.917979,30.250900,35.180621,31.017814,32.873730,29.903721,32.049434,0.000000,31.940634,20.634445,29.134559,33.658943,33.415346,34.557078,34.096808,32.423026,26.475446,24.532133,27.080110,26.612188,35.757943,34.857633,36.477763,23.175959,21.108694,35.172765,34.347071,20.682772,31.079958,34.563863,32.138444,34.951965,34.100220,33.756364,21.333608,31.793295,31.651670,33.670824,31.591983,35.037191,28.912273,31.210855,29.010738,28.781060,32.584990,29.312221,29.538236,35.019796,30.424649,28.178676,34.207761,28.872052,31.447273,29.874151,34.958421,32.829827,34.697286,28.324481,29.046264,34.329783,30.439664,33.708156,28.406095,32.867582,28.763259,28.864937
siêu thị 24h ninja mark,25.942319,26.284751,25.370073,29.983948,30.757344,25.937655,24.507433,31.591187,29.002199,26.154383,28.111949,26.403320,26.716642,28.856398,29.498027,24.502218,31.331591,27.405026,18.248534,25.434933,29.601088,28.754824,25.911055,30.134428,20.204102,18.840108,25.444156,29.985325,31.354161,28.705178,24.392787,27.360127,30.876222,19.002097,31.225501,28.564711,23.649939,24.432394,18.695258,26.731795,29.886045,28.564662,23.301491,29.001944,26.641040,26.907247,28.757019,32.197238,19.720586,23.865700,29.723413,26.837351,25.921655,20.305727,28.789165,28.374117,24.863650,27.899228,24.132019,28.073797,31.080385,22.134931,27.151566,26.711632,27.815039,25.007753,26.592226,31.471993,0.000000,27.061977,30.983017,26.679237,30.086319,30.574030,27.889282,27.738269,31.579980,26.685385,21.479135,20.488491,28.671511,26.034192,29.766217,29.482702,29.057967,31.144920,26.550710,30.567022,30.135116,25.444543,21.452126,26.479124,27.467051,23.960703,29.484746,23.772047,15.447293,26.845930,31.507757,28.812701,22.163498,33.521941,19.591597,21.658468,25.913400,22.659436,23.728383,28.853890,28.180561,21.879694,27.626357,23.338672,26.001286,23.926743,29.975942,24.939768,28.201964,23.218748,22.746942,24.773160,30.370229,25.145671,28.529372,24.048132,28.852480,24.774215
Trường Mầm non Tứ Hiệp (điểm Cổ Điển B),27.201184,28.044325,22.797162,27.378686,28.104495,25.796986,25.331356,28.991790,26.931997,25.863778,27.302797,26.078194,26.526422,27.048731,27.537728,25.287299,29.035078,27.498786,24.145508,26.280800,29.283592,21.736229,24.372457,28.268783,25.186283,27.059056,26.170608,28.957632,29.473257,27.422956,23.050612,20.238788,23.136135,26.240465,23.744073,28.614661,26.590314,23.897771,25.589092,23.910071,29.785177,21.495810,25.275975,28.811088,16.961615,26.651716,22.428453,23.778438,26.644002,21.463864,29.535784,28.498897,12.603583,26.235719,28.933089,27.719199,25.278172,22.535066,28.458978,24.596790,30.669377,26.196387,29.846912,26.856637,28.649353,26.205049,27.725328,20.462093,27.216717,0.000000,24.023010,29.547803,29.631560,30.146257,29.208681,28.390616,16.874153,22.699315,24.126702,25.739583,30.822822,30.198840,30.785063,14.680442,18.842582,30.789292,29.757462,17.558716,27.939379,30.204904,28.714851,30.281918,29.996530,29.689947,18.870167,26.018920,23.866213,29.643321,28.328581,30.487215,25.808183,26.298965,26.622602,25.639993,28.875095,26.019771,26.264620,30.532308,27.232348,26.010124,30.147247,25.878743,28.508383,26.160517,30.961691,29.302332,30.791243,25.600413,26.971072,30.352203,28.128302,30.110695,26.555088,29.507285,26.893214,26.117382
WinMart+,33.927836,36.247253,29.352868,27.130269,34.338833,31.572785,35.620376,27.812307,31.834612,32.598944,32.740597,35.362018,31.833212,25.575091,32.754770,33.107980,27.538888,32.286177,28.269048,34.333065,34.872105,33.041446,31.136550,32.735781,30.599264,31.512177,33.128717,27.131303,28.787661,31.763271,28.786382,32.649624,24.822665,31.932536,26.133590,33.499379,32.961792,29.736293,30.449883,29.170112,34.510848,34.853377,31.048820,25.432726,29.623823,30.510234,34.638474,27.428757,31.820370,30.491891,34.238338,32.760624,28.587915,31.135318,33.339931,21.721636,29.511898,28.350184,31.769174,30.371420,27.407777,30.953479,34.122691,31.617430,32.519140,30.381096,31.333908,37.882761,32.329079,29.859840,0.000000,30.767061,27.655439,25.704919,33.371401,32.031488,37.355341,33.784020,30.719522,29.467703,34.624557,33.915616,35.121337,34.248598,24.967264,25.176109,33.475188,27.763939,21.172063,33.692594,29.924674,33.957734,33.387455,32.994571,25.574197,30.233197,29.082929,33.016282,22.520239,34.027109,30.097059,25.824574,27.536746,29.978315,30.785826,30.519255,30.698153,34.006473,30.482160,27.964434,33.352402,29.936687,31.099563,30.347615,33.328608,30.556723,32.872162,30.455421,28.967845,33.455849,26.371440,31.623445,24.592205,30.741447,25.060226,30.896632
Không có tên,30.627429,32.533312,29.044103,30.345890,31.977477,26.487732,29.333277,33.284554,28.816858,28.158325,27.204522,32.630435,26.765747,28.583141,29.813395,26.837511,32.620099,25.657929,21.310808,32.135089,30.060038,33.752841,29.969835,31.541064,28.397709,23.072465,28.189764,30.372416,32.788815,27.918663,27.025072,32.273717,30.232621,22.428060,29.915896,27.852385,26.932640,29.226886,23.674027,30.733644,30.595144,33.340273,26.936368,28.894596,29.813131,23.472738,33.276742,31.052816,26.537094,25.440466,30.283799,23.988301,28.928758,26.607748,28.425081,28.034318,26.069133,28.697923,15.352877,30.094117,32.041330,26.211367,22.312941,27.785616,25.221816,26.373224,26.874948,36.137978,25.310972,30.561762,30.932401,0.000000,30.433918,31.194653,25.409838,27.856244,35.914966,33.129401,25.219400,25.706406,29.634803,27.344985,33.198750,33.195900,27.874452,31.992973,25.839308,29.298005,30.448624,28.045257,24.381323,28.067461,27.431769,27.066383,28.266948,26.800315,26.520422,26.480509,28.805307,29.130033,25.326391,31.655201,26.458591,25.497648,25.504175,26.708666,26.993706,29.480906,26.018465,24.383442,28.715034,29.646297,28.273417,26.956285,31.127978,26.811686,30.798781,25.050411,25.398588,29.330125,28.627736,29.128565,26.867258,27.738049,27.230182,29.096494
Quan an Nam Nhu 1,36.853490,40.035395,32.275475,26.735706,29.208375,33.979162,40.219509,27.709428,27.459049,35.497642,27.649071,39.348784,28.077096,24.788692,28.124193,35.760642,27.296711,28.276120,25.112961,37.671319,29.962313,36.383801,33.975558,29.050143,32.662311,27.680540,35.746833,23.520388,26.904924,28.054236,31.028447,35.661969,29.591509,34.091127,30.635406,27.445297,35.434050,32.098688,32.224125,31.896829,27.261958,37.890618,33.104137,21.747230,31.778505,27.061674,37.404555,34.269546,33.706206,32.222149,28.054144,26.412335,30.683904,32.901680,26.415168,16.357549,30.989903,23.910971,24.889231,32.331614,23.834638,32.649528,28.820456,33.297096,27.318253,31.807225,26.311219,40.648976,34.158918,31.809658,24.652941,28.632314,0.000000,19.416802,27.821340,27.108180,39.818146,35.427002,32.027689,30.696968,29.892299,29.243705,29.409315,36.259788,25.584526,16.298933,28.783980,27.723188,16.634449,29.283021,31.063961,29.336539,29.074466,28.768004,26.074689,31.361157,30.219205,28.706528,17.451627,29.566466,31.253251,22.856712,28.491976,31.156364,27.955393,31.754549,31.894407,29.622873,25.993528,28.804564,29.252525,30.999916,32.253479,31.450371,30.111708,31.437623,34.003256,31.443192,29.841675,29.469426,25.465510,32.687403,23.861757,31.694537,24.244063,31.845666
WinMart+,29.308261,30.747893,27.840966,27.937542,31.145801,28.541863,39.807979,29.708642,28.533814,30.058718,29.045249,39.135827,29.474766,25.418470,29.466553,29.071243,29.371710,29.664931,25.613285,37.826139,31.847462,36.803792,34.787660,30.513901,29.698481,28.824699,36.088515,23.933014,29.094950,29.253438,32.086812,36.189434,26.188647,34.709887,25.463590,28.632570,35.887326,33.052310,29.169591,33.040356,28.471176,37.977483,33.846180,21.218397,32.810288,27.959892,37.587629,35.432476,26.996207,33.032845,29.337285,27.243527,31.852247,28.088520,27.307021,12.640897,28.277501,28.785651,25.354934,33.166824,24.915808,33.408468,30.167132,28.645021,28.225129,27.108125,27.229443,40.272939,34.705268,32.793540,25.932412,29.677592,19.614843,0.000000,28.916125,27.953685,39.608032,35.865540,28.606453,31.538873,31.273520,30.488305,30.896732,36.643319,27.369305,22.557852,29.959339,29.654308,12.673598,30.458998,28.622652,30.598745,30.175102,29.823721,27.932421,28.911188,28.805224,29.755915,17.611766,30.821827,28.661497,24.567361,28.458393,28.387673,28.851429,29.112200,29.271658,30.869011,26.605105,29.661439,30.354086,30.455923,29.739048,29.026887,31.286585,28.455889,31.082646,27.849038,27.837385,30.566655,25.987999,30.243216,24.259685,29.535216,24.657183,29.979824
Taste Tea,28.570003,30.304385,27.228515,28.397878,29.334447,27.152240,27.698882,31.019816,26.306726,29.683511,23.904184,30.933369,28.066033,25.982081,26.549911,28.648876,30.767563,24.880619,24.027774,30.603686,25.451722,32.255556,28.497632,28.325968,28.957979,27.633928,29.404235,30.173559,30.176723,26.179149,28.080402,30.838336,28.502586,22.316451,28.151762,25.606677,28.055176,27.842311,23.387529,29.509100,22.551823,31.897671,28.039290,29.895363,28.601409,23.059370,31.913827,29.424358,21.807568,26.486146,22.589686,17.870015,27.747190,27.136161,21.920915,26.461639,26.739858,27.170662,19.684663,28.841323,30.043079,26.688403,25.428476,28.198722,19.772277,26.955849,19.526199,34.747577,25.802951,29.427651,29.633568,27.258067,28.875536,29.401947,0.000000,20.952183,34.569097,32.150614,25.961817,26.260977,26.030642,28.209172,26.322529,32.086214,26.899238,30.278009,25.980037,28.135406,28.080723,28.462913,25.374004,28.667256,22.843223,27.709567,27.256006,27.108418,26.876515,24.955142,29.353465,25.529413,26.028445,30.080525,26.742110,26.028165,25.759087,27.103006,26.969502,29.499521,18.604711,24.829280,28.393164,29.223392,28.397764,27.258052,30.578032,27.015807,30.295082,27.628307,25.883608,29.045790,28.395495,28.875783,26.637646,27.710383,27.005236,28.854336
WinMart+,28.123716,29.451679,27.020344,27.961784,28.508744,24.632912,27.423287,29.936248,26.161053,26.133776,24.724786,30.122603,24.612803,26.357000,26.285551,25.261939,29.898339,23.471614,20.552560,29.907384,26.146771,31.325428,28.125786,26.413843,26.619951,21.789657,26.427576,28.339142,29.829932,24.091961,25.636968,30.147618,28.477718,26.882221,28.161001,24.723682,25.598078,27.553234,22.341361,29.074323,22.799986,31.037047,25.616390,27.128707,28.274708,21.131776,31.098651,29.296852,26.455680,24.478690,19.943312,19.050302,27.522965,26.508841,22.487522,26.647089,26.010439,27.276423,23.132152,28.467079,29.807503,26.157959,22.859905,27.554516,21.708454,26.143585,20.668874,33.538134,25.180270,29.026949,29.511406,26.224415,28.804542,29.262700,18.008451,0.000000,33.451780,31.517947,25.232416,25.674011,22.791207,26.974531,25.000959,31.389665,26.987402,30.047514,24.002174,28.117199,27.503556,27.629597,24.485081,27.537084,17.454839,26.770302,27.321164,26.546142,26.296097,20.877068,27.457409,22.635768,25.247780,29.883697,26.251023,25.357212,25.155045,26.459231,26.533758,28.504655,19.937179,24.343271,27.984832,28.966959,27.900118,26.703465,29.103896,26.586550,28.873796,24.795997,25.380300,27.398677,28.096164,27.523339,26.469137,26.378056,26.819624,27.752270
WinMart+,35.543468,39.807198,32.909411,33.797101,36.418282,32.512894,37.917968,37.090813,32.749059,34.170632,33.986561,35.282060,32.864165,32.976300,34.094538,32.157525,35.883543,33.343677,28.060910,34.119179,36.804854,36.825859,30.708830,33.931705,30.375422,32.286649,32.950707,34.520355,35.720331,32.615455,28.277630,26.118848,29.416917,31.887269,29.942496,34.922260,33.011420,29.592249,30.273421,32.410582,36.082925,31.125123,30.607193,34.026181,21.151794,31.053159,31.266512,31.124409,31.591835,26.109669,35.896262,33.792701,18.283116,30.932760,34.389411,31.627910,29.250987,27.670032,32.465663,29.550811,36.440803,30.824559,35.740078,31.574339,33.374332,30.443942,32.602163,25.725335,32.556691,17.501956,29.715269,34.114824,33.861259,35.053037,34.624579,32.894905,0.000000,25.421645,27.582561,26.802115,36.206379,35.309903,37.031338,19.150129,19.977230,35.639877,34.818773,18.979303,31.514293,34.988476,32.538892,35.442606,34.521084,34.177941,20.150865,31.627203,31.503564,34.092189,32.026589,35.505924,29.345231,31.702476,29.048188,29.254718,33.024112,29.798345,30.014370,35.477569,30.862189,28.260816,34.643061,29.318280,31.301004,29.721769,35.360003,32.543874,35.091977,28.737971,29.056736,34.715495,30.651994,34.076248,28.597578,33.211485,28.948325,29.262063
Trường Cao đẳng Hà Nội,31.275615,32.560383,30.010585,30.728320,31.722967,29.558446,32.198820,32.318924,30.105295,30.083080,30.700566,30.572431,29.951040,30.209816,30.784399,29.231533,32.105752,30.556170,27.061772,30.300360,32.501665,29.827879,16.952974,31.080705,19.525403,30.020119,19.387840,31.588926,32.266273,30.289335,18.232298,26.376123,27.971990,20.285624,28.389153,31.612013,19.771088,16.090810,20.434764,29.649539,32.567686,18.098927,19.314927,31.338201,23.850121,29.352658,17.365380,29.024908,24.927312,19.537066,32.352334,31.204277,22.620737,24.731051,31.572183,29.924670,20.744293,26.810640,25.008104,16.970281,33.088275,26.266833,32.432186,25.419706,31.097544,24.941209,30.332428,24.427287,26.850459,23.195038,28.301401,25.896123,31.648490,32.305440,31.834590,30.838805,25.988448,0.000000,25.608298,22.476310,33.116029,32.520553,33.308933,24.588787,22.261246,32.828388,32.112647,22.181518,29.960560,26.570782,25.196266,32.569959,32.198052,25.888058,22.478091,28.553185,28.382344,31.872359,30.345944,32.699218,25.416827,29.941813,24.734653,25.226732,26.537028,25.646945,25.946226,27.636435,29.435748,23.697611,27.166729,27.474004,27.753401,26.708803,28.089803,28.847850,27.304201,25.308444,25.567307,25.985764,29.886775,26.224251,28.134885,25.721011,28.456902,25.925686
TK mark,28.564088,29.476944,27.640949,28.376179,28.737175,22.826741,20.969832,29.741699,27.068122,21.103838,26.069237,21.731680,19.336651,27.159349,27.256711,19.695021,29.783595,25.098083,17.596281,20.597985,27.293502,24.496798,22.082943,27.544317,19.851263,18.286543,19.754652,28.588636,29.715362,25.930646,19.882853,23.581439,28.675988,18.194537,28.421849,26.157665,16.542549,20.507165,17.796412,23.642074,27.765172,24.456416,18.961553,27.616976,23.450600,24.097402,24.825007,25.237648,16.729078,19.842794,27.510996,24.475724,22.903792,14.205937,26.789950,27.152486,17.749026,27.668026,20.904312,23.355935,29.738556,16.645630,23.717973,13.738127,25.413047,20.143806,24.572967,27.169871,14.865917,23.972350,25.138763,22.210311,28.928661,29.312914,25.494295,25.112986,27.472480,21.190698,0.000000,21.098708,25.165214,22.481687,27.670712,26.104161,24.634465,29.938441,23.018605,25.505277,29.099913,19.424169,16.241436,22.972535,24.729400,19.401657,24.872791,21.867452,21.492004,24.087960,27.791631,22.934237,18.388190,29.808593,22.521215,19.819468,19.462058,20.857345,18.525271,21.150079,24.281500,21.080024,21.820240,21.363016,23.521869,22.143514,23.802560,23.440741,21.196490,17.867622,21.732203,19.934919,28.100579,19.725260,26.598548,19.873284,26.920614,22.938289
Hội đồng nhân dân - Ủy ban nhân dân phườ,24.592924,24.648663,24.205544,25.143737,25.338774,24.317402,23.083598,26.150994,24.535226,24.204230,25.058161,24.724120,25.279421,24.805680,26.600880,22.541582,26.532405,19.173253,16.378107,23.519293,26.623882,27.561177,24.537992,26.707498,17.810545,16.925506,22.996149,26.620899,27.121902,25.635925,22.425401,26.182688,26.737544,16.255116,27.189041,25.818111,20.966508,22.805707,15.927841,25.742254,26.982890,27.395900,21.268745,26.572185,25.602145,24.416367,27.673559,27.689301,15.752376,22.127915,26.787718,24.647825,24.890313,17.224416,26.325540,25.970816,20.261587,24.330467,22.326281,27.014258,28.211406,17.848497,24.163865,18.859116,25.306804,19.538298,24.651941,30.474441,19.540397,26.100321,27.175931,23.378380,29.994070,27.831108,25.364696,25.097351,30.607801,25.555903,19.821312,0.000000,25.086820,23.409469,26.932750,28.629478,26.119507,29.389504,23.741986,27.264414,27.334286,22.201809,20.106148,23.683361,24.832509,21.717426,26.442552,19.387148,16.579674,24.400794,28.277342,23.594300,20.122787,29.959201,16.108958,19.682705,22.779079,20.647828,20.905668,24.909077,25.562101,16.921191,23.997361,21.001873,19.718253,21.821680,25.758236,18.258972,24.171647,21.271588,19.200840,22.505440,28.597925,22.440973,26.982180,22.007330,27.315642,22.448308
Trung tâm Công nghệ Phần mềm Thủy lợi,30.051940,31.713033,28.636877,29.811002,31.075151,26.534339,28.941768,32.362216,28.301207,28.044288,26.815898,31.978360,26.792331,28.156075,29.027829,26.847712,31.923947,25.805712,21.662052,31.576875,29.161369,33.092345,29.573021,30.209589,28.311537,23.399482,28.068791,29.918585,32.025641,27.794647,26.994223,31.739865,29.847336,22.702628,29.542174,24.637681,26.938615,28.902934,23.932019,30.360164,29.726627,32.732322,26.942540,28.556255,29.492212,24.033272,32.703170,30.645039,22.104543,25.511773,23.838289,22.951822,28.660533,27.872810,26.852678,27.795700,27.516044,28.430845,19.935522,29.761106,31.485989,27.248775,27.441463,29.152036,25.657649,27.974649,24.151557,35.402538,26.446282,30.223745,30.606031,28.269372,30.075604,30.744335,26.009236,20.040199,35.197410,32.709384,26.626002,26.817220,0.000000,29.622726,29.611541,32.725423,27.723754,31.519236,26.081388,29.073086,28.832480,29.834654,26.084752,30.137764,25.462580,28.720180,28.098700,27.877126,27.630607,24.841070,28.548683,25.585019,26.815245,31.232900,27.373427,26.747818,27.068825,27.946151,28.210825,31.047846,24.486689,25.242125,30.063950,30.561194,29.284836,28.019881,31.010906,27.604795,30.698265,26.154940,26.337529,29.373867,28.504554,29.157785,26.796875,27.868606,27.147712,29.101678
WinMart+,29.846508,31.272501,28.560814,29.603943,30.617684,26.343236,28.837801,31.797736,28.215287,27.685417,26.906337,31.589718,26.527834,28.103758,28.792895,24.130045,31.508093,25.674409,20.134811,24.827876,28.910469,32.646967,29.423930,29.692223,26.079880,23.569355,24.564911,29.723914,31.564639,27.180082,23.959009,31.419898,29.681136,25.308299,29.398792,27.284079,24.825493,24.097355,22.471433,30.176966,29.413042,32.321944,23.148912,28.475557,29.365945,24.202992,32.315565,30.433601,24.367057,23.624217,29.169567,24.713066,28.591238,23.921075,27.858305,27.783322,22.399785,28.378628,19.025408,29.599124,31.166453,24.190666,23.745569,25.224430,26.100143,21.731736,24.920625,34.796473,22.611950,30.057363,30.439625,20.302162,29.909117,30.509587,26.252316,25.755031,34.634743,26.878680,21.494080,23.310537,26.431068,0.000000,29.256419,32.399566,27.716558,31.233126,22.484786,28.978882,29.991020,23.121427,18.671481,22.457050,25.211134,12.447368,28.074253,24.705331,24.229823,24.226008,28.489894,22.532812,21.186953,30.986190,24.713754,22.369754,21.103703,24.012304,20.968546,18.187499,24.427885,22.511089,24.189718,23.767325,26.891759,24.924049,26.522232,25.455750,22.237404,19.277612,23.489716,21.038648,28.479058,23.145594,26.811281,22.892307,27.156416,24.990173
Không có tên,30.918613,33.110914,29.190364,30.667095,32.680022,29.472954,29.506270,34.066437,29.047078,32.140212,26.515014,33.152634,30.850494,28.156077,30.321934,30.689978,33.192902,31.029395,25.547112,32.562586,29.526196,34.317433,30.188608,31.170506,30.908262,29.818820,31.426153,32.116616,32.748498,27.380905,29.717623,32.685643,30.053176,27.939629,29.713865,31.387963,29.665773,29.375763,30.238815,30.969996,25.834256,33.853571,29.629749,31.715052,29.988226,25.091362,33.750471,30.930510,27.388568,27.735039,29.245595,24.999045,29.042688,29.926192,26.540862,27.762387,29.813532,28.465857,21.857716,30.282170,31.959116,29.051381,32.228102,31.199168,23.930301,30.437221,21.818176,36.829522,28.482661,30.771240,30.829333,30.900184,30.287606,31.070134,19.141594,24.399646,36.523930,33.450034,28.951696,28.756390,27.586636,32.395702,0.000000,33.574557,27.702688,31.919178,27.283858,29.157521,28.908114,32.204769,28.809267,32.712174,25.799519,31.127815,28.100603,29.751870,29.561778,26.433605,28.596134,26.799985,29.224856,31.570669,29.064123,28.925147,29.596183,30.017992,30.235296,33.094549,22.249189,26.891153,32.054743,32.040230,30.975940,29.879748,33.453388,29.113415,33.119820,28.187287,28.050347,32.306477,28.780541,31.707056,26.947660,30.523869,27.315575,31.261037
Cafe Dinh,31.106843,32.917791,29.686962,30.548610,31.824192,29.150476,32.574569,32.554779,29.828747,29.799763,30.531598,30.488035,29.650394,30.098061,30.657292,28.753782,32.200889,30.361023,26.499229,30.175675,32.694497,29.462120,27.818149,30.981461,27.931439,29.724208,29.455981,31.719696,32.359092,30.039945,25.969932,24.371052,27.506459,29.104782,28.002338,31.593684,29.756711,26.996733,28.092143,29.412193,32.720992,26.565402,28.084059,31.421271,20.661718,28.977760,27.069965,28.639056,29.289103,24.345012,32.455883,31.118587,18.363380,28.766793,31.651691,29.789576,27.507942,26.241130,30.528064,26.780175,33.411135,28.661680,32.529572,29.315512,31.048792,28.393185,30.110680,23.546412,29.820006,14.506785,25.568297,31.693138,31.738256,32.513772,31.805839,30.652451,18.654603,24.403004,26.150340,27.738437,33.257869,32.565586,33.542596,0.000000,17.808590,33.099138,32.114066,15.482001,29.837130,32.439717,30.715501,32.632421,32.170849,31.801544,17.780172,30.014639,25.729801,31.799943,26.296984,32.762822,27.703547,27.856280,27.713766,27.553298,30.863275,27.992924,28.210047,32.780236,29.244155,27.095204,32.222577,27.689309,29.640564,28.017413,32.950649,30.552074,32.742287,27.273711,27.968431,32.375423,27.144537,31.963038,25.690143,31.311242,26.034184,27.760818
Trường Trung học cơ sở Yên Mỹ,30.676789,31.401457,27.773705,26.517811,30.868675,29.317331,30.599652,26.722346,29.749028,29.647636,30.182648,30.812190,29.600150,25.452162,30.232188,30.151875,26.573540,30.093260,27.465459,30.566207,31.531817,29.734632,28.801873,30.501962,28.826993,29.693487,30.061163,26.317166,27.161961,29.903287,27.489097,29.676167,24.948542,29.677162,25.615664,30.896461,30.161733,28.113166,28.895708,27.635256,31.685597,31.039050,29.134733,26.263878,28.079741,29.174814,31.086723,26.037153,29.846252,28.967869,31.465609,30.670314,17.880653,29.429999,31.043069,25.519026,28.411587,21.236597,30.322543,28.706889,28.768738,29.318299,31.560469,29.804191,30.674892,29.011446,27.210876,33.092606,30.081130,17.557219,25.340074,29.431835,28.910708,28.010953,31.131089,30.376328,18.484991,31.380330,29.398080,28.502181,32.167884,31.698648,32.235741,17.621629,0.000000,27.980371,31.365775,13.377592,25.420984,31.651899,28.931194,31.730019,31.493706,31.205359,11.920162,29.057003,28.190483,31.224553,26.344228,31.850733,28.995194,28.432500,27.094984,28.856526,29.582451,29.241702,29.410801,31.864441,29.350514,27.508483,31.512673,28.903570,29.727389,29.206882,31.549090,29.522131,31.102233,29.369365,28.312490,31.665678,27.279211,30.230623,25.665196,29.646029,26.037863,29.745056
WinMart+,38.133804,41.512126,33.699419,28.853874,31.721440,29.158435,42.023112,30.609141,29.138321,36.846539,29.774770,40.997179,30.097313,26.554535,30.049648,37.046295,30.473652,30.252837,26.287814,39.168755,32.327924,37.930537,35.401243,31.001931,33.802126,29.417678,37.018556,26.050184,30.359521,29.807976,32.270295,37.126528,31.949785,35.264962,32.833792,29.275994,36.705042,33.391625,29.658141,33.353011,29.174300,39.323852,34.269531,23.877553,33.023458,28.506602,38.767070,37.219196,34.821702,33.287919,29.898277,27.863908,31.902996,33.978744,27.997809,16.636795,28.748089,27.437668,25.924534,33.485069,28.142101,33.709311,30.626909,34.347139,28.742510,32.762663,27.878882,41.966398,35.241978,32.998320,26.335506,30.049256,24.012310,22.589665,29.431077,28.440809,41.053151,36.463973,32.958839,31.605656,31.625735,30.868617,31.314197,37.421739,27.691837,0.000000,30.366362,30.321554,15.039568,30.817951,29.024511,30.965805,30.542065,30.181200,28.343373,32.226951,31.096809,30.133867,15.296934,31.161769,29.035996,24.665325,29.303199,32.052157,29.229487,32.668207,32.801251,31.203068,27.096808,29.577428,30.683282,30.734221,33.139253,32.323169,31.554708,32.223833,31.349307,32.272236,30.631597,30.881939,26.099609,30.535661,24.267955,29.845885,24.689341,32.664503
Coffee Cây,30.432125,31.861934,29.128882,30.183275,31.312579,27.124284,29.358283,32.380024,28.948552,28.369756,27.725545,32.064436,27.394370,28.762062,29.677960,27.285445,32.003106,26.675733,22.707420,31.692656,29.866772,33.048896,29.888933,30.771626,27.153635,24.458519,28.311902,30.217318,32.094018,28.494740,27.337584,31.833723,30.112033,26.650417,29.841024,28.325729,25.934940,29.239005,24.660956,30.556683,30.262453,32.716727,24.366423,28.980649,29.763216,25.649358,32.687715,30.823931,26.003176,24.701440,23.669895,23.091010,28.994666,25.988132,25.894929,28.221014,25.256394,28.793545,20.973331,29.997806,31.608249,25.694026,25.699244,27.295986,24.779657,25.458800,23.951123,35.118998,24.606774,30.420945,30.757878,25.416595,30.301843,30.930767,25.006236,24.054472,34.953848,32.699830,24.333338,25.087038,23.335078,26.149776,29.077950,32.717495,28.000094,31.620663,0.000000,29.293350,30.327222,27.400693,23.121441,27.236245,23.181846,26.268003,28.357214,26.286101,25.956757,20.680637,28.877506,18.604373,24.382168,31.356918,25.991724,24.720918,20.102767,26.088696,22.921085,22.856936,19.171117,23.837008,23.679479,26.459243,27.978508,26.460886,27.536819,26.439649,27.330721,21.634799,24.869951,25.006168,28.668284,25.782992,26.989615,24.396841,27.328788,26.497221
Trường Mầm non Tứ Hiệp (điểm Đồng Trì),33.167296,34.507693,29.809549,28.129820,33.449722,31.502470,33.613540,28.707693,31.753444,32.163973,32.389121,33.665583,31.740603,26.835172,32.457735,32.591598,28.564121,32.124666,28.784181,33.133048,33.942691,32.188726,30.908193,32.543239,30.822039,31.518208,32.556924,28.185278,29.493053,31.739236,29.449785,31.998669,27.090528,31.834243,27.815545,33.057270,32.543807,30.153443,30.715609,29.566725,33.820168,33.677393,31.179248,28.053282,17.382238,30.763429,33.602894,28.839538,31.649640,30.719216,33.696744,32.513916,16.374910,31.183552,32.877606,27.065715,29.933795,22.397471,31.806784,30.696173,31.028314,31.103401,33.710992,31.625720,32.329008,30.741093,28.816314,17.897348,32.192007,15.719477,28.022195,31.091014,31.473617,30.344897,33.072876,32.042427,16.926601,19.826747,30.957911,29.944335,34.222321,33.649693,34.510388,15.088150,13.516912,30.534406,33.316457,0.000000,27.056733,33.510068,30.243205,33.711470,33.224946,32.993101,12.874691,30.633032,29.689661,32.926662,28.257632,33.797333,30.553051,31.345525,28.372732,30.451761,31.159244,30.904714,31.067029,33.797543,30.663563,23.184248,33.314554,30.429683,31.396322,30.785114,33.312409,25.325572,32.888342,30.888101,29.538429,33.434356,28.156742,31.880389,26.313145,31.107877,26.703525,31.274783
Trường Mầm non Lĩnh Nam (cơ sở 2),30.787485,31.924329,27.489130,23.854671,25.947976,24.907174,31.223615,24.214971,24.961060,29.668530,24.753728,31.218156,25.259367,22.257669,25.390583,30.117074,23.636259,25.488954,23.146709,30.746390,26.791713,29.857352,28.687735,26.260283,28.425709,25.113185,30.006051,20.446217,23.081225,25.465404,26.966977,29.639048,24.280444,29.351349,25.056877,26.879275,29.970078,27.637735,25.653740,27.210219,26.738617,31.080835,28.679289,18.989031,27.665083,24.773995,31.033691,25.645585,29.350866,28.363754,26.721467,25.975946,26.972768,28.847989,25.443650,15.141906,25.209438,20.676461,23.047535,28.136941,19.808869,28.695131,27.916484,29.208198,26.214461,27.594334,26.073954,33.248148,29.609950,27.808565,20.327722,27.750395,17.115526,16.306247,26.629895,26.016225,33.032161,30.867690,28.605151,27.629681,28.787185,28.252061,27.698198,31.038065,23.818209,14.160524,27.851954,25.293050,0.000000,28.281178,27.028190,28.304136,26.213692,27.840350,24.133827,28.192057,27.267904,26.300365,13.089727,28.490118,27.014304,17.133023,26.046704,27.970890,27.125639,28.383345,27.483911,28.526083,24.985399,26.420826,28.221633,28.404209,28.857738,28.278238,28.959582,28.529741,28.815515,26.398240,27.240154,28.405127,23.506831,28.230056,22.241193,27.703429,22.596915,28.078808
Chợ Nhân Chính,29.929308,31.141451,28.755393,29.691144,30.546417,26.846152,28.993996,31.569458,28.494725,25.915063,27.374709,26.207954,27.048952,28.370770,29.011315,23.818842,31.361221,26.393893,19.932891,25.420843,29.151908,32.412067,25.820084,29.797906,25.563896,20.677244,25.214362,29.780714,31.407389,27.843158,24.497539,31.311333,29.732420,24.779270,29.472938,27.805009,24.053131,24.574188,22.029477,30.182944,29.553510,32.120569,23.687804,28.647440,29.441390,25.442020,32.120128,31.223250,23.863173,24.125259,29.343434,25.634429,28.724852,23.320418,28.211684,27.987967,21.788288,28.530900,21.500769,27.665299,31.075390,23.146689,25.395829,24.327762,26.834651,20.971657,25.554346,34.362052,24.153602,30.070395,30.208382,23.913075,29.941012,30.489573,26.945570,26.630466,34.234616,26.481486,19.571391,22.125447,27.510064,23.782238,29.386381,32.234989,28.519199,31.150693,24.506466,29.880363,30.015058,0.000000,15.619321,22.884883,26.228776,19.473670,28.909622,23.451140,22.933908,22.842229,28.625136,22.253537,17.522078,30.929165,23.806026,20.785459,18.227866,22.370066,17.842944,23.167173,24.220883,21.761170,23.168629,23.973157,25.757771,23.726714,26.398839,24.728992,20.875403,18.621609,22.629035,19.649711,28.538208,22.271622,26.917415,22.088567,27.250535,24.014448
Cục Sở hữu Trí tuệ,27.017921,27.733377,26.328177,26.885129,26.931952,24.393261,23.575099,27.921923,25.555228,24.201100,24.645616,24.695268,24.353368,25.848010,25.511990,23.178240,28.130012,23.685299,19.302465,23.940166,25.445502,26.619302,24.560300,25.475518,22.980920,19.755062,23.420681,27.305318,27.989388,24.076655,23.049800,25.700907,28.534726,22.271217,27.257506,24.484272,22.423593,23.262523,20.305724,27.384752,25.942164,26.446276,22.350908,26.463113,25.329625,22.609563,26.675222,29.452129,20.156205,22.876186,25.707282,23.141169,24.805568,21.013643,25.317684,26.188599,19.845915,26.674291,19.955671,26.219848,28.331447,21.425758,22.067623,21.120329,23.930452,18.981811,23.430610,28.569539,22.081333,25.704649,28.773044,20.582774,27.806468,28.042339,23.942110,23.505008,28.736790,25.160986,18.409397,20.536413,23.116494,26.148570,25.954765,27.569603,27.502760,28.642791,23.994640,28.477940,28.074956,15.974064,0.000000,24.534915,23.144591,16.940018,27.750926,20.826156,20.467845,24.611489,26.826304,24.753375,13.868784,28.598199,21.676120,15.544885,17.911816,19.688664,15.041146,23.899464,25.257225,20.448030,22.037886,18.516073,22.396807,21.124403,24.664881,22.673926,20.099001,15.746660,20.987882,19.498316,27.549765,18.109564,26.175138,18.507131,26.484838,20.580246
WinMart+,31.048849,32.776218,29.566578,30.792498,32.340709,27.426892,29.793267,33.453249,29.535889,28.846847,28.165802,32.835432,27.794705,29.238214,30.565952,27.555533,32.834634,27.014340,22.490650,32.361549,30.886758,33.843154,30.348262,32.232696,26.544090,24.423236,28.739815,30.744839,32.999378,29.492492,27.599453,32.474908,30.560103,25.973600,30.272063,29.045184,25.405939,29.611745,23.853955,31.004798,31.260559,33.458798,27.510104,29.366728,30.138044,25.875881,33.390120,31.305768,25.280951,24.246566,30.986060,25.511607,29.296215,25.123924,29.283020,28.485378,24.233328,29.090892,19.945585,30.375970,32.277755,25.034580,26.083334,26.289746,26.609954,24.250535,27.721085,36.029933,23.882680,30.824790,31.144777,23.937886,30.724143,31.477436,26.750130,24.765053,35.827615,33.209858,23.374023,24.377514,26.496516,23.828214,33.416080,33.296957,28.154010,32.201455,21.103840,29.536569,30.702049,21.985151,21.889728,0.000000,24.233628,21.121483,28.539261,25.581465,25.233389,22.414503,29.164679,21.268510,24.661280,31.873125,25.432099,27.349158,19.021026,25.246002,23.107180,25.779249,25.283432,23.333596,24.399102,27.770055,27.303725,25.506353,27.750466,25.972751,24.755449,21.462240,24.304759,24.287763,28.790646,25.482244,27.050127,23.803366,27.400356,26.444016
Kho bạc Nhà nước Đống Đa,28.612767,29.799740,27.554102,28.441875,29.017081,25.529278,27.888679,30.233097,26.930732,26.814880,25.700560,30.374743,25.614948,27.022361,27.178823,25.954379,30.196255,24.754855,21.631715,30.157552,27.184214,31.461872,28.502808,27.542458,27.410049,23.025487,26.961494,28.722740,30.146675,25.765832,26.181120,30.366498,28.799438,27.000399,28.517139,22.455132,26.265581,27.944421,25.334795,29.334331,21.129013,31.187121,26.165337,27.588605,28.581266,23.249466,31.231971,29.550922,26.517334,25.113363,22.994061,22.430327,27.876195,26.587075,20.606767,27.070971,26.037425,27.653767,22.751099,28.755787,30.067736,26.184772,25.083846,27.785524,24.061147,26.237531,19.448441,33.495119,25.162856,29.277592,29.705404,26.337074,29.085287,29.548558,16.951772,15.437704,33.407999,31.600368,25.175308,25.672984,21.388916,27.282068,24.238664,31.486519,27.243763,30.260119,23.533617,28.350827,26.384023,27.994542,24.321724,27.972115,0.000000,26.958661,27.571174,26.659335,26.378487,19.312638,27.796708,22.003630,25.216134,30.093836,26.312696,25.345624,25.110949,26.572389,26.648532,29.041253,17.083668,24.277998,28.330814,29.322846,28.147587,26.818672,29.561641,26.665156,29.284600,24.741000,25.359618,27.645664,28.122147,27.741636,26.541635,26.462022,26.880260,27.946233
Tịnh Cafe,30.501156,31.830718,29.254829,30.259208,31.315168,27.385921,29.460319,32.310222,29.113940,28.546607,27.977160,32.030540,27.668819,28.917711,29.809962,27.492159,31.975586,27.041919,19.944671,24.755466,30.005118,32.970675,29.959852,30.835554,24.664413,24.894298,24.488931,30.276967,32.055828,28.810007,23.982232,31.813495,30.166236,23.934995,29.906734,28.589905,23.463866,24.092744,21.633053,30.593984,30.356153,32.656430,23.246817,29.092508,29.823922,26.232933,32.633248,30.849862,23.153931,23.666352,30.139259,24.641477,29.084559,22.594294,28.872670,28.347621,21.334871,28.890574,22.109897,30.045756,31.600171,22.579862,26.428794,23.153310,25.819034,20.650685,27.580699,34.955695,23.381558,30.453548,30.779182,22.745430,30.347015,30.958160,25.948062,24.547999,34.807915,25.898591,19.669503,21.718264,25.887798,25.575008,32.165728,32.669841,28.084232,31.613894,21.369274,29.347565,30.370338,19.929116,16.990311,22.221305,24.067526,0.000000,28.435357,22.684616,22.294841,22.452783,28.969273,21.555578,17.900081,31.358961,23.189986,19.820746,18.618500,21.757950,18.137016,22.754239,24.212749,21.549293,23.355869,24.093176,24.456147,22.957321,26.493851,24.064763,21.070690,18.780933,22.240727,23.042095,28.713230,22.413360,27.052450,22.188391,27.385611,24.107044
Trường Mầm non Yên Mỹ,31.702026,32.639516,28.628235,27.209676,31.915864,30.214541,31.809242,27.517206,30.594494,30.670540,31.110899,31.967237,30.486041,26.005935,31.141958,31.160467,27.398228,30.951115,28.010020,31.616825,32.566987,30.735419,29.660707,31.349577,29.653490,30.492582,31.082116,27.063675,28.115951,30.704217,28.288253,30.629211,25.781436,30.577910,26.477357,31.820276,31.155611,28.965663,29.672779,28.419575,32.633997,32.175823,29.985949,26.986710,28.792168,29.882563,32.175001,27.125214,30.598071,29.743955,32.411392,31.495641,18.023470,30.194775,31.813678,26.144576,29.093845,21.677644,30.988300,29.530270,29.692926,30.108953,32.460902,30.614393,31.389991,29.727323,27.869276,34.340782,30.958096,17.701514,26.374627,30.123839,29.948675,28.956851,31.987279,31.128587,18.771747,32.267247,30.102539,29.152232,33.037472,32.533815,33.189497,17.818385,12.266991,29.008393,32.187718,13.054893,26.087581,32.454361,29.494558,32.557839,32.270358,31.960579,0.000000,29.711881,28.817520,31.990223,27.118701,32.669686,29.654143,29.596801,27.624879,29.522833,30.242280,29.932940,30.099024,32.678852,29.910280,28.027962,32.270914,29.537962,30.425886,29.867537,32.290253,30.130687,31.857299,30.008274,28.873379,32.412290,27.653016,30.925978,25.936610,30.284941,26.320536,30.391788
WinMart+,30.057403,26.469811,28.972492,29.823834,30.670827,26.190655,24.783118,31.595610,28.767717,26.451221,27.796212,26.681575,27.527863,28.639381,29.294879,24.869488,31.317793,26.991971,21.124073,25.781128,29.404110,28.895305,26.157522,29.985495,26.306060,21.826885,25.832029,29.886490,31.348439,28.363434,24.754085,27.537418,30.828509,25.702176,31.200319,28.251452,24.186560,24.747513,23.491599,29.293763,29.733679,28.698231,23.725349,28.844439,26.811112,26.337315,28.879638,32.245111,20.682691,24.230708,29.551133,26.353806,26.111453,24.755676,28.545149,28.207354,23.774228,27.692075,23.145898,28.192193,31.062489,23.030388,26.515190,25.876266,27.418178,23.686124,26.192139,31.485509,24.621122,27.215582,30.947453,25.754255,30.014768,30.529339,27.507259,27.305803,31.580273,26.861548,18.331185,21.635568,28.245826,25.214498,29.616256,29.558578,28.934308,31.134079,25.809312,30.502709,30.077898,23.859620,19.384801,25.736251,26.983986,22.552542,29.376070,0.000000,21.924462,26.289723,31.509812,25.333547,19.514782,33.644178,23.352261,18.725377,24.400575,20.627207,21.134430,27.892637,27.525014,21.093370,26.446234,21.345219,25.727574,22.949681,29.211698,24.582278,27.024088,21.691479,21.927985,23.535492,30.328522,23.663268,28.445871,22.710211,28.778982,23.523279
5050 Rooftop Cafe & Pub,23.835214,23.851142,28.433161,29.148838,29.744843,23.487302,22.532794,30.609430,28.130733,23.278453,27.261854,23.678802,27.022609,28.075043,28.477980,21.995952,30.465527,26.520707,17.013074,22.684376,28.517688,26.133795,23.697700,28.907372,18.319042,17.479779,22.259399,29.265906,30.451247,27.533955,21.947647,25.107731,30.117103,17.176397,30.466257,27.541549,20.701317,22.283515,23.536975,24.913707,28.847164,26.044224,21.006570,28.349338,24.762945,25.888414,26.333646,31.306898,17.123659,21.674041,28.688298,25.967305,24.182759,24.562328,27.891186,27.825842,23.768442,27.356142,23.259445,26.189000,30.323270,18.610577,25.947921,25.381943,26.849672,23.691844,25.891739,28.750097,19.726778,25.230655,30.276003,25.243553,29.485386,29.891955,26.927656,26.709090,28.998987,24.611956,20.205569,16.358579,27.269479,24.907777,28.799069,27.375471,28.564565,30.456987,25.383517,29.969055,29.594031,23.825370,20.509818,25.327679,26.427138,22.836133,28.955400,20.067312,0.000000,25.857624,30.883620,25.043873,20.644004,32.756312,17.567820,20.125810,24.252705,21.715822,21.883022,27.030177,27.001614,17.630501,25.861564,21.894991,25.120621,23.164932,28.111120,19.343550,26.269773,22.071218,22.257008,23.569181,30.038088,23.679936,28.269111,22.891522,28.585185,23.556983
Thuế cơ sở 4 thành phố Hà Nội,28.691154,29.868948,27.629412,28.524229,29.109292,25.650345,27.960352,30.303909,27.047113,26.914144,25.828550,30.430891,25.748552,27.118460,27.312598,26.048657,30.263037,24.917203,21.756860,30.214500,27.330352,31.507332,28.565335,27.699388,27.504814,23.173982,27.043449,28.791402,30.219481,25.968761,26.258556,30.418294,28.862628,27.101030,28.580404,23.973114,26.349158,28.005724,25.458157,29.386342,27.895025,31.233988,26.248935,27.663326,28.638902,23.477739,31.278841,29.603206,26.626315,25.188380,23.252689,22.709719,27.928134,26.707548,25.557674,27.139832,26.186313,27.711307,22.360115,28.805656,30.125716,26.288210,25.330694,27.917453,24.334881,26.405095,23.605408,33.523231,25.278274,29.324159,29.746279,26.527654,29.143137,29.600773,24.565972,21.883009,33.441524,31.630359,25.318541,25.782152,22.212609,27.524387,27.457219,31.522014,27.290483,30.312450,19.828480,28.395085,28.136027,28.174779,24.498994,23.969395,20.913448,23.559545,27.612417,26.769485,26.489380,0.000000,27.854730,17.995071,24.552714,30.140595,26.406935,26.527445,20.728807,26.700634,23.377800,23.791472,16.272383,24.361445,24.318158,26.820152,28.247624,25.197193,28.236553,26.748110,27.983922,21.969971,25.452013,25.728401,28.152147,26.311402,26.571508,24.908962,26.904497,26.885159
Trường Trung học cơ sở Lĩnh Nam,35.751898,37.986597,32.086374,26.996224,29.193107,33.437395,38.010009,27.903316,27.547249,34.590792,27.782452,37.479301,28.146297,25.251960,28.170465,34.862599,27.617310,28.324660,25.335245,36.325631,29.884590,35.329115,33.477778,29.013852,32.336536,27.751684,34.768825,24.441844,27.308354,28.094305,30.958110,34.786365,30.195143,33.529586,30.903670,27.542371,34.599081,31.864055,28.085693,31.773276,27.400352,36.503601,32.701267,22.956243,31.672613,27.133559,36.173375,33.324644,33.255873,31.974112,28.086150,26.542995,30.758522,32.565125,26.585538,18.493202,27.426011,27.222037,25.040820,32.031748,25.059505,32.333937,28.769360,32.888307,27.362679,31.566505,27.749463,38.754391,33.539791,31.673033,23.732882,28.547224,25.459688,22.083301,27.838854,27.136963,38.165545,34.721803,31.787111,30.608648,29.746129,29.141392,29.308847,35.386113,26.109155,20.140858,28.704260,28.147465,13.978780,29.167471,27.746444,29.216586,28.967598,28.670560,26.588956,31.134635,30.130323,28.623076,0.000000,29.421622,27.758399,21.089299,28.570927,30.969070,27.888643,31.497212,31.632195,29.469561,26.060025,28.841077,29.113288,30.822546,31.934080,31.233313,29.919539,31.200136,29.755637,31.218798,29.788899,29.317727,25.082616,32.333837,23.503057,28.523677,23.886735,31.571522
WinMart+,31.213539,32.746666,29.839460,30.964088,32.339966,27.976905,30.024515,33.324058,29.870379,29.203861,28.682972,32.799966,28.362762,29.568458,30.815496,27.987693,32.789159,27.764923,23.369060,32.361617,31.126147,33.729340,30.508432,32.255550,27.305840,25.317263,29.034585,30.888088,32.931757,30.067511,27.957515,32.470194,30.697870,26.849173,30.432665,29.568911,26.128418,29.805948,25.031369,31.097245,31.421103,33.369076,27.874748,29.613119,30.287876,27.110668,33.311837,31.381164,26.266634,24.907961,24.795323,24.315247,29.497833,26.296849,26.721326,28.756799,25.673230,29.310918,22.511189,30.501742,32.285009,25.945819,27.644518,27.535942,25.987170,25.960660,24.756772,35.746429,24.979035,30.923703,31.215366,25.981482,30.841237,31.548395,26.178901,24.103175,35.572298,33.160302,24.785343,25.391043,26.401774,26.815637,28.691349,33.236215,28.338176,32.215514,19.063784,29.668298,30.802680,27.737197,23.784936,25.362450,23.350410,24.278669,28.711886,26.553817,26.254775,18.789054,29.368355,0.000000,25.355813,31.911198,26.234596,27.698494,20.526804,26.423035,23.897783,25.165630,22.791816,24.102187,25.412922,28.096683,28.138911,25.893876,29.980349,26.638304,29.566254,22.141498,28.339073,26.848991,28.901425,27.265666,27.184275,25.463481,27.522839,27.740591
WinMart+,30.328964,31.350347,29.259890,30.088970,30.842578,27.707888,29.429489,31.681186,29.118718,25.851911,28.204256,26.116683,27.946089,28.962978,29.630034,24.710268,31.509267,27.485395,19.622088,25.405278,29.800826,27.955396,25.776195,30.372879,24.086665,20.231260,25.196172,30.112425,31.550557,28.895913,24.566177,26.916291,30.035982,23.334830,29.805023,28.709814,24.186058,24.627721,21.084332,30.412751,30.084197,27.816221,23.827197,29.099352,26.384255,26.995413,27.997704,30.782403,22.564803,24.224861,27.109280,26.909891,25.810365,21.925965,28.924999,28.447700,20.649836,28.922199,24.072239,27.508657,31.242892,23.450933,27.237882,22.303352,27.957235,19.845956,26.544081,30.106816,24.281776,26.736694,29.899202,21.830261,30.201360,30.709537,28.033263,24.736985,30.218578,26.388246,20.739528,22.600448,28.958936,26.790380,27.389613,28.692269,28.358008,31.291185,24.065994,29.639986,30.236373,15.924414,16.436360,24.787321,24.369891,17.081553,28.720037,23.259044,22.849446,24.770775,28.989400,25.077990,0.000000,31.088215,23.626168,18.621188,17.559799,22.404825,14.773720,23.891980,25.429868,21.856954,23.368136,18.956941,25.115823,19.040663,26.898293,24.459388,20.881216,15.397526,22.622238,19.480669,28.730557,18.261855,27.155735,18.710524,27.471533,21.285046
WinMart+,32.370442,35.034240,28.828439,24.340929,26.594129,24.628959,34.792861,25.639400,24.532530,31.230890,24.946543,34.025677,25.191925,22.322264,25.145213,31.187632,25.231819,25.200048,21.986070,32.475449,26.647663,31.428619,29.468783,25.698446,28.467867,24.408669,31.102418,21.883740,24.926324,24.651908,27.250090,30.651649,27.028889,29.439833,27.596439,24.167468,30.498691,27.937271,24.434081,27.684520,23.973152,32.271984,28.520566,20.249384,27.215118,23.435385,31.774022,30.580837,28.662406,27.559723,24.465985,22.858847,26.152023,27.993917,22.857696,15.352771,23.469645,23.824791,21.283071,27.697350,22.910307,27.723652,24.917925,28.187498,23.333675,27.061097,26.394154,33.983613,29.064770,26.867513,20.520251,24.433269,23.271639,19.897093,23.822069,23.068582,33.237691,29.642013,26.918144,25.866792,25.490576,24.904071,25.232349,30.145997,22.170762,18.371309,24.501087,24.586127,14.099549,24.800292,23.308760,24.941219,24.520285,24.319834,22.713084,26.410012,25.478725,24.182760,15.304807,25.033860,23.391395,0.000000,24.005476,26.155469,23.557663,26.609145,26.673512,25.034343,21.697740,24.076311,24.622693,25.933822,26.946533,26.246539,25.286576,26.186675,25.145110,26.181171,24.773139,24.680077,20.832716,24.430845,19.203486,23.847258,19.599484,26.427813
Cửa Hàng Tiện Lợi BV Mart,24.533555,24.644815,24.190609,28.882158,29.367361,24.322287,23.303107,30.154480,27.932139,24.254384,27.149986,24.589412,25.079229,27.899560,28.218123,22.991524,30.072612,26.484419,17.971558,23.692965,28.240898,26.826135,24.461258,28.551309,19.483352,18.458982,23.379043,29.011090,30.042490,27.355392,22.925277,25.772949,29.793586,18.478254,30.119789,27.386053,21.999360,23.132093,18.235832,25.471529,28.542891,26.713738,22.032314,28.170778,25.349965,25.939564,25.703198,30.852621,18.859879,22.598263,28.401964,25.995991,24.765466,19.426609,27.713630,27.707240,24.180045,27.272073,23.683100,26.982871,29.978810,20.452185,25.993805,25.542382,26.775979,24.170630,25.914937,29.059856,21.509275,25.778374,29.960929,25.432153,29.245966,29.600514,26.842917,26.647317,29.291526,25.239036,21.631741,16.097725,27.110782,25.120191,28.519779,28.142638,28.410596,30.137211,25.516127,29.711507,29.372884,24.362514,21.579193,25.471675,26.406179,23.442189,28.778785,22.357523,16.899330,25.910931,30.571194,25.205274,21.723176,32.296793,0.000000,21.345995,24.585335,22.792995,22.779283,26.912271,26.918502,16.263437,25.926398,22.630789,21.598401,18.080485,27.833659,18.807927,26.235847,22.655524,19.750178,23.925801,29.878686,24.076101,28.185774,23.339995,28.490002,23.919045
Đảng uỷ - HĐND - UBND phường Thanh Xuân,28.247235,25.084512,27.381000,28.065648,28.516451,24.771421,23.650722,29.490442,26.887049,24.770685,25.951976,25.084463,25.686529,26.937649,27.084826,23.422937,29.454186,25.049283,20.047418,24.182009,27.020686,27.343708,24.865097,27.281737,24.365857,20.638833,23.918049,28.317746,29.396279,25.755526,23.344772,26.210662,29.441406,23.683540,29.818800,26.007966,22.475920,23.506662,21.610980,28.073942,27.447735,27.213501,22.406794,27.409547,25.713771,24.084126,27.451789,30.620006,19.183712,22.973027,27.285260,24.429628,25.095182,22.458290,26.572324,27.002432,21.353541,26.703772,21.219589,26.988870,29.411119,20.951757,23.846384,22.915140,25.288609,20.811847,24.669392,29.865219,22.128020,26.136393,29.660001,22.565085,28.694934,29.032512,25.379291,25.013281,30.051241,25.676172,15.866436,19.644272,25.109777,22.721815,27.505582,28.313176,28.041746,29.643129,23.220436,29.439709,28.890002,20.307965,17.389510,25.636309,24.675857,20.103234,28.427146,20.185241,19.607185,24.101274,30.372487,25.755221,16.897851,32.268465,21.582018,0.000000,21.808513,17.971704,18.052435,25.229819,25.828511,20.051609,23.790193,18.953170,22.547577,12.758481,26.529753,22.959576,24.107346,19.816683,20.544628,21.652456,29.731190,21.366511,27.981442,20.861508,28.302730,21.629902
Starbucks,31.136843,32.422759,29.913426,30.889816,32.013876,28.306714,30.060297,32.868548,29.937250,29.345986,28.933025,32.504457,28.664591,29.674649,30.729687,26.276198,32.473696,28.203669,24.164571,27.024539,30.982704,33.348791,30.483718,31.845595,23.639947,26.025385,27.019083,30.818125,32.577738,30.135691,26.152935,32.239892,30.651250,22.934882,30.414882,29.711717,26.081798,26.013019,20.907405,31.016616,31.233032,33.037227,25.400181,29.681826,30.282076,27.817849,32.997345,31.272618,24.055960,25.685439,27.789654,27.579477,29.561370,21.629164,29.786252,28.889264,20.496193,29.391848,24.341478,30.474890,32.062732,25.843228,28.374042,21.899086,28.836817,19.826577,27.063598,35.182400,26.733454,30.861884,30.869272,21.493687,30.785197,31.417968,28.924863,27.883997,35.054448,27.542436,24.009110,25.164798,30.670893,27.887139,30.242572,32.974508,29.131205,32.028368,24.461517,30.487945,30.753133,17.075155,16.974702,25.777491,27.551963,22.007701,29.516164,26.144985,25.749641,25.331724,29.439823,26.012444,16.528818,31.778479,25.831089,23.632685,0.000000,25.860707,16.396777,24.655716,26.009053,23.498429,22.387273,24.002818,28.089618,22.387196,27.982951,26.353470,18.940663,16.877511,26.681969,17.682626,28.940085,21.529628,27.281172,21.382035,27.608190,24.057364
WinMart+,28.583557,25.344958,27.722703,28.395765,28.867483,25.055791,23.969530,29.765620,27.307711,25.094554,26.429356,25.374574,26.186332,27.318831,27.544779,23.826242,29.710135,25.622866,20.758352,24.551677,27.520686,27.468876,25.121067,27.815402,24.995898,21.348724,24.327933,28.596407,29.669156,26.414216,23.741973,26.381325,29.447298,24.404196,29.807674,26.564393,23.043450,23.853112,22.518981,28.136673,27.896553,27.338784,22.872232,27.710915,25.884439,24.833615,27.554363,30.563577,20.166412,23.364983,27.745144,25.054361,25.288578,23.412348,27.032633,27.275436,22.506117,26.811924,22.201966,29.171982,29.644288,21.854406,24.725347,24.005088,25.885093,22.217209,25.154081,29.843162,22.899499,26.284299,29.654548,23.766959,28.916725,29.265661,25.969752,25.677557,30.023547,27.878189,18.363550,16.586081,25.949331,23.697560,27.919888,28.364564,28.093147,29.847871,24.161948,29.440253,29.083389,22.055009,19.115612,24.129432,25.379776,21.475585,28.467235,16.554983,15.412221,24.833466,30.344247,23.981949,19.194656,32.154838,20.284873,18.616132,22.948011,0.000000,20.285906,25.768419,26.140960,18.804284,24.578258,14.915922,20.844208,12.390223,26.856437,22.500497,24.869436,21.023905,19.063885,22.559797,29.725569,22.483510,28.009872,21.882610,28.325489,22.548105
WinMart+,31.092751,32.229880,29.957632,30.848901,31.819213,28.500095,24.527803,32.595312,29.971589,25.755864,29.069645,25.994291,28.829686,29.731342,30.668136,24.518137,32.281189,28.436821,19.791165,25.244922,30.892321,27.923348,25.655219,31.619568,23.640480,26.440134,25.062304,30.778436,32.362845,30.153195,24.420212,26.846777,30.628646,22.975032,30.403669,29.780286,23.933358,24.459607,21.077927,28.471346,31.114236,27.781109,23.603355,29.727435,26.304437,28.158714,27.973985,30.864023,21.375685,24.028623,28.073680,27.897662,25.714298,21.765643,29.837614,28.980282,20.734826,29.448774,25.232984,27.482350,31.926710,23.074197,28.680654,22.035560,29.018782,20.150285,27.351385,30.177090,24.024819,26.669823,29.937741,21.675407,30.751185,31.332849,29.089712,28.202046,30.328465,26.311408,19.940637,22.135033,30.586303,28.318476,30.237393,28.693165,28.342230,31.903514,25.556001,29.683380,30.730480,18.079141,17.570930,26.966512,27.926695,24.111285,28.716211,22.844974,22.394804,26.251026,29.490993,26.991645,15.281512,31.681757,23.347527,17.042838,19.462466,21.791501,0.000000,26.420882,26.661972,21.525227,23.661727,16.259949,24.862434,17.392551,27.161461,24.279240,19.630443,14.030886,24.026775,19.615890,28.985352,16.949368,27.360509,17.667109,27.681852,20.298434
WinMart+,31.551597,33.102660,30.162959,31.299468,32.766014,28.415321,30.321938,33.682605,30.296188,29.591556,29.149967,33.085312,28.847636,29.948167,31.315475,28.342556,33.093873,28.329901,23.772657,32.631497,31.682283,33.975081,30.780088,32.867976,27.707154,25.810800,28.801923,31.177207,33.254526,30.795465,27.735755,32.718370,30.947812,27.290986,30.694390,30.161444,27.988520,30.058135,25.537213,31.324548,31.921273,33.617741,27.028920,29.904472,30.516095,27.887267,33.543773,31.614615,26.731801,27.201945,31.686805,27.251486,29.727155,26.847421,30.150886,29.003820,26.309610,29.551907,23.508007,30.726002,32.558052,28.216579,28.653361,28.171011,28.724419,26.715707,26.802205,35.949830,29.087774,31.130247,31.404638,26.856095,31.070595,31.799974,28.829954,27.573354,35.765061,28.712827,27.250705,27.713938,31.103599,28.030509,33.684895,33.430318,28.496669,32.455806,23.312087,29.832082,30.998718,23.700110,24.520796,26.963455,27.156207,23.709824,28.870646,28.899059,28.540297,24.516168,29.594619,24.305474,25.177537,32.149394,28.014977,28.289611,17.768224,29.116747,23.211091,0.000000,25.153340,25.258103,25.179479,28.846589,30.799624,25.903243,28.884062,28.235882,28.380952,24.158124,28.681392,23.257616,28.999116,25.329875,27.277572,23.102488,27.615980,26.606001
Phường Ô Chợ Dừa,25.714080,26.621581,25.046918,25.660776,25.587282,24.724982,25.615425,26.915610,23.924823,26.447218,22.417042,27.660456,25.080955,24.135812,23.649403,26.006608,27.224405,24.146349,23.034436,27.678705,22.931997,28.869985,26.313691,26.024926,26.391997,22.846181,26.551799,27.373390,26.681366,24.739762,25.917167,27.990968,26.449788,26.010341,26.156550,22.625442,25.533115,25.792380,24.653152,27.339160,21.388908,28.558299,25.914095,27.281055,26.677086,23.007429,28.707303,27.166764,25.737747,24.946700,21.150458,22.470700,26.073594,25.653690,21.056908,25.037479,25.144702,25.613420,21.932457,26.707183,27.255431,25.409824,24.142694,26.372979,20.230092,25.101756,19.778929,30.707322,24.476649,27.394908,27.731182,25.086205,26.874149,27.041379,17.831631,19.065032,30.762946,29.528067,24.498693,24.964984,22.088850,25.445565,21.764931,29.396661,25.790810,27.759547,20.173244,26.584223,26.364843,26.144658,23.886835,22.742550,17.566830,22.631025,25.968365,25.625522,25.418674,17.173328,27.380834,19.414904,23.775570,27.777443,25.486110,25.437620,20.775485,25.502207,22.851544,22.546308,0.000000,23.875730,23.458381,25.647316,26.777473,24.456808,25.285430,25.831718,25.194143,21.733494,26.770525,23.238805,27.737709,24.153410,26.223736,23.134958,26.555429,25.009838
Chợ Xanh Văn Quán,27.999855,23.009236,27.301457,27.810777,27.990120,22.754668,22.114312,28.718443,26.885418,22.474143,26.194625,22.857674,25.982811,26.935656,26.977908,21.629392,28.845346,25.558785,21.740900,22.116779,26.968285,29.707805,22.969844,27.122800,25.085113,22.221474,21.623654,28.014764,28.776603,26.117244,20.285599,27.981948,28.706520,24.646085,29.015876,26.256014,20.711422,20.698317,23.299955,29.611949,27.275818,24.112640,21.328416,27.299971,26.524752,24.979290,24.413405,29.550720,18.478478,21.541641,27.153403,25.132015,25.957393,23.995409,26.650398,26.977907,23.429670,26.588397,23.108640,25.453735,28.864361,21.756327,24.874584,24.462841,25.758301,23.267810,25.112611,27.629889,20.014711,26.230581,28.924518,24.276045,28.356849,28.597918,25.813659,25.589589,27.972444,23.608308,21.346004,16.913228,25.735790,24.205026,27.278880,27.032808,24.536145,29.094703,24.502157,24.882601,28.545808,23.373416,21.349976,24.441871,25.370784,22.780617,24.746686,21.561354,21.108488,24.971575,29.595779,27.819163,21.445862,31.041453,16.778791,21.082687,25.965005,22.101884,22.182843,27.728008,27.600751,0.000000,26.987432,23.963788,17.147486,22.196880,26.303568,13.785848,24.920360,22.205131,18.225241,23.303760,29.332320,23.340474,27.798564,22.840979,28.085783,23.243446
Noble Moment,31.383622,32.597430,30.194236,31.137309,32.228369,28.737890,30.320675,33.004680,30.272278,29.681175,29.347751,28.145181,29.102079,29.993130,31.053812,26.849882,32.616242,28.726402,24.739231,27.582116,31.318285,33.434463,30.705831,32.135870,25.103793,26.610670,27.624559,31.034877,32.720672,30.613261,26.721205,32.371496,30.851053,24.540409,30.626085,30.155181,26.768875,26.530037,22.751623,31.188051,31.529130,33.129060,26.002139,29.944111,30.476144,28.499704,33.089181,31.438314,24.954044,26.236721,28.351994,28.176312,29.783798,23.628177,30.156387,29.145671,22.801345,29.625558,25.432152,30.651623,32.211438,26.712255,29.128658,24.226462,29.365755,22.564008,27.566165,35.172261,27.553455,31.027719,31.125980,24.016166,30.962286,31.583751,29.436454,28.531797,35.049903,27.934849,25.281023,26.118882,31.216158,28.789681,30.577910,33.055281,29.370706,32.160074,25.834195,30.709974,30.913105,22.298769,20.029700,27.540574,28.245035,24.361132,29.755449,27.128045,26.770202,26.580741,29.656677,27.494940,22.625108,31.915683,26.627360,25.492325,20.249877,27.048251,19.679040,23.883687,26.952769,24.196755,0.000000,25.913316,28.976090,23.838959,20.262208,27.018846,18.026495,15.195661,27.380975,15.755699,30.480286,20.719825,28.628394,20.724986,28.943981,23.981687
WinMart+,32.015146,33.149792,30.851155,31.747527,32.845874,29.602166,25.484794,33.520969,31.028388,27.039794,30.217207,27.206563,29.999126,30.716262,31.836966,25.715916,33.088089,29.742700,22.168934,26.507879,32.130724,29.015989,26.673888,32.930462,26.612830,27.667044,26.516726,31.575507,33.209383,31.646835,25.594982,27.836883,30.686903,26.151483,31.018807,31.097663,25.369063,25.498578,24.453974,29.336367,32.273459,28.838191,24.755455,30.541359,27.152340,29.765960,28.985654,31.904699,22.938467,25.113630,29.430162,29.306557,26.522375,25.530600,30.969185,29.709020,24.896447,30.149071,27.169879,28.362159,32.666464,24.885489,30.517928,26.474372,30.411145,25.016193,28.515983,31.233022,25.970263,27.495100,30.802995,26.419807,31.417686,32.050486,30.458679,29.735690,31.327776,27.220686,22.274058,24.025767,32.396435,30.355711,31.349745,29.569410,28.991101,32.575634,27.915636,30.410456,31.323037,25.214476,22.057118,29.995249,29.516851,27.383727,29.393055,25.104418,24.621292,28.527772,30.151902,29.683408,22.404763,32.320278,25.022911,20.655669,24.977604,24.465408,19.033727,30.029693,28.532385,22.649656,28.007449,0.000000,27.372164,15.309634,30.174523,25.741210,25.536266,19.188341,23.013587,22.855321,30.277539,21.310637,28.487967,20.641086,28.803582,21.687228
Co.opmart,29.405566,26.402569,28.517804,29.202309,29.764756,26.163451,25.011223,30.574641,28.262066,26.354146,27.457530,26.557856,27.236705,28.200686,28.606106,25.114901,30.437505,26.792591,21.998388,25.848417,28.651135,28.384806,26.139356,29.024365,26.244600,22.598203,25.795674,29.307796,30.430630,27.777230,25.012150,27.285866,30.113246,25.777695,30.445226,27.756895,24.660700,24.982898,24.125357,28.825282,28.947752,28.231149,24.205875,28.433586,26.697980,26.270462,28.889528,31.240625,22.274256,26.612302,28.801203,26.287132,29.682386,25.116478,28.056031,27.929901,24.471039,27.477734,23.905934,30.726656,30.309963,24.023190,26.381324,25.946934,27.118252,24.512468,26.149116,32.531849,25.021846,29.938246,30.263687,25.853616,29.508787,29.897503,27.185156,27.006567,32.410828,29.303706,21.826084,18.192688,27.589064,25.456601,28.896042,30.858922,28.616771,30.439916,25.880824,29.963114,29.607218,24.778209,21.722454,25.824847,26.759640,23.710302,28.996210,22.840179,21.925191,26.236106,30.851265,25.507474,21.883540,32.650533,19.771802,21.483315,24.910159,23.100466,23.035976,27.361655,27.232605,17.994213,26.324879,29.080697,0.000000,17.917426,28.322639,23.464083,26.707806,22.821548,17.941553,24.154418,30.022770,24.355715,28.295572,23.540222,28.605534,24.141706
WinMart+,30.676143,25.691302,29.740445,30.439869,31.101511,25.469771,24.491738,31.750805,29.681793,25.548799,28.962023,25.777666,28.768157,29.520406,30.164878,24.462246,31.583773,28.466119,21.724977,25.103091,30.308405,27.531201,25.501877,30.787473,25.461814,26.872299,24.896074,30.409704,31.621144,29.705972,24.372735,26.580409,29.265727,24.994701,29.592125,29.475146,23.945772,24.415274,23.495234,28.108622,30.507993,27.407389,23.655435,29.540868,26.117667,28.267534,27.594599,30.229051,21.802369,24.029457,28.182586,28.063229,25.578616,24.304094,29.560390,28.924021,23.675842,29.330071,26.181863,28.997075,31.359922,23.245218,28.630784,24.885178,28.906214,23.583316,27.575324,29.588651,23.998502,26.460559,29.467220,24.747760,30.439556,30.902025,28.954535,28.299472,29.752000,27.872767,21.240843,19.763885,29.907065,28.393223,29.858718,28.313804,28.070723,31.393236,26.549002,29.293224,30.447167,24.414481,21.267529,27.609872,28.092146,25.897960,28.410674,21.579722,20.962608,27.017833,29.366888,27.572604,22.494929,31.716480,22.575191,21.462929,24.054767,12.348623,20.801472,27.369084,27.219504,20.709374,25.992492,17.913411,24.192681,0.000000,27.707590,23.818456,24.404944,20.176761,23.250345,22.791507,29.628133,21.745805,28.003257,21.195592,28.301873,21.919873
9.0cafe,31.808457,33.250150,30.488909,31.557971,32.943157,28.926075,30.610470,33.779963,30.671034,29.978040,29.644287,33.204307,29.370414,30.312039,31.662565,28.774657,33.213854,28.960617,24.483764,32.768348,32.023683,34.032252,31.019202,33.107510,28.213023,26.532439,28.947338,31.405323,33.374994,31.329965,27.929824,32.844300,31.158997,27.864923,30.922667,30.661835,28.205235,30.314611,26.298358,31.501697,32.211844,33.686993,27.268254,30.195200,30.732916,28.762228,33.618704,31.780394,27.374490,27.418546,28.081511,27.859783,29.972335,27.575030,29.152371,29.300018,27.167627,29.808359,25.052942,30.919963,32.695486,28.461544,29.629274,28.881343,29.264806,27.668407,27.276692,35.883166,29.244199,31.307431,31.553400,27.916911,31.259019,31.971419,29.352975,28.243925,35.709708,28.821617,27.660226,28.015623,31.700058,29.250776,30.710285,33.499756,28.707782,32.587505,25.444615,30.008863,31.170026,25.113106,25.634467,28.369755,27.889058,25.592939,29.075892,29.094608,28.788146,26.406415,29.834166,26.975451,26.261540,32.286488,28.263395,28.695583,20.869151,29.327637,24.560941,30.948501,25.307697,25.610564,24.896880,29.180287,30.822222,26.476612,0.000000,28.432954,25.562917,22.345466,28.858395,17.350316,30.766398,22.739896,28.806462,20.528126,29.133427,25.139043
The Coffee House,29.613798,26.795031,28.750307,29.406559,29.958430,26.572975,25.443846,30.706228,28.535248,26.803176,27.787516,26.978884,27.583704,28.462374,28.885107,25.632018,30.568881,27.190634,22.612728,26.337612,28.952752,33.327161,26.520544,29.314666,26.699251,23.194839,26.321777,29.484348,30.562132,28.180955,25.523134,31.332845,30.250067,26.288994,30.565024,28.115183,25.313714,25.443159,24.795518,29.013247,29.215287,27.385965,25.096989,28.644273,29.545508,26.781954,28.067064,31.326454,23.228847,25.517605,29.074381,26.736225,29.040615,25.775642,28.357598,28.134871,25.249319,27.699755,24.627485,29.877336,30.435507,24.897813,26.943397,26.622964,27.521980,25.391510,26.523926,31.858246,25.796626,29.313855,30.383502,26.579989,29.651293,30.034343,27.583080,27.444230,31.805581,28.265979,23.279471,18.607409,28.077566,26.109550,29.146435,30.257560,28.764999,30.548365,26.493968,27.168935,29.732670,25.765781,22.892522,26.432108,27.225617,24.623877,29.138787,24.873353,24.151698,26.736096,30.931305,30.285799,23.075081,32.667967,20.304977,22.764419,28.498818,24.398757,24.164739,30.518634,29.498795,14.166663,29.669548,26.832331,18.759015,24.674748,28.714419,0.000000,27.292879,23.632674,19.491065,24.818535,30.091497,25.104820,28.381284,24.261247,28.685579,24.811150
Cục Tần số vô tuyến điện,32.536066,33.843187,31.247922,32.270348,33.613479,29.960776,31.305547,34.315004,31.563361,30.840794,30.678366,33.716465,30.443398,31.154337,32.564935,29.660396,33.742437,30.198260,25.718042,27.924082,32.960999,34.436233,31.633608,33.992969,25.559681,27.827232,28.046625,32.025371,33.914847,32.550877,27.064268,33.322226,31.727797,25.047449,31.519835,31.780275,27.179698,26.844387,23.360583,32.007951,33.069722,34.102187,26.367480,30.888949,31.284656,30.335014,34.022530,32.286483,25.489447,26.579197,29.511388,29.364698,30.558168,24.259964,30.300198,29.954192,23.535205,30.417011,27.335716,31.436787,33.207259,27.219287,31.358807,24.931946,30.656557,23.426009,28.472718,36.110975,28.082610,31.796669,31.451801,29.697446,31.782433,32.500489,30.715638,29.879091,35.937608,28.181135,26.003795,26.677124,33.305652,31.253556,31.703242,33.852615,29.651020,33.054045,28.297233,31.001982,31.642302,23.769661,21.047441,29.589149,29.626162,25.622057,30.041489,27.746395,27.407282,29.034401,30.408821,30.110524,24.266273,32.747767,27.115236,26.504097,22.717734,27.730881,21.364785,31.335011,27.647917,24.618979,23.067173,26.946017,29.532284,24.663726,31.060498,27.470535,0.000000,10.994728,27.804156,14.107675,31.040133,19.015953,29.091504,19.456872,29.412784,23.207636
Everything Coffee 'N Bagel,31.579019,32.596619,30.509728,31.328460,32.252150,29.289998,31.407720,32.905635,30.608795,26.775241,29.837744,26.950091,29.632103,30.345798,31.283738,25.592588,32.584314,29.364132,22.368010,26.303349,31.518951,28.629308,26.491915,32.184232,26.393371,27.480895,26.236192,31.206357,32.672349,30.995681,25.483836,27.570151,30.835145,25.971596,31.144381,30.571673,25.262829,25.409249,24.455240,29.547161,31.678736,28.475916,24.728567,30.240775,26.970937,29.313174,28.629051,31.990805,23.149247,25.052210,28.773979,28.643504,26.386412,25.400887,29.499062,29.487617,24.840589,29.910704,26.955081,28.086012,32.235741,24.829720,29.907755,26.185978,29.639864,24.926118,28.008733,30.696066,25.700133,27.291077,30.934183,26.120932,31.116941,31.681659,29.693750,28.976271,30.808109,27.017348,22.706119,24.100377,31.144930,29.716241,30.625833,29.223686,29.162186,32.189866,27.559791,30.536637,31.056356,24.387505,22.438102,28.200288,28.751845,25.627370,29.558573,24.941614,24.560846,28.103087,29.924971,28.658994,16.666686,31.973556,24.923932,21.733453,23.941354,24.449251,19.272507,28.623952,27.181339,22.831793,24.522994,20.411618,26.800149,20.031783,27.852771,25.560600,22.789668,0.000000,25.016734,19.141901,30.351345,17.444571,28.595804,17.714475,28.900083,19.080938
Starbucks,31.141021,24.084766,30.290844,30.927660,31.385348,23.878584,23.234493,31.912005,30.228663,23.736049,29.636236,24.118469,29.430226,30.119077,30.637207,22.904247,31.860839,29.250241,20.771414,23.472748,30.902271,25.820332,24.075630,31.247214,23.716511,27.835486,23.024727,30.834976,31.878971,30.454532,22.795299,30.153502,27.616787,23.245363,27.931723,30.162223,22.245632,23.019676,21.932934,26.635411,31.061978,26.832822,24.843224,30.049533,28.712289,29.264435,27.337638,28.347404,20.382798,25.237499,29.010385,28.997745,28.269982,22.515424,30.210961,29.438625,21.876373,29.793456,27.582472,28.544804,31.674784,21.440446,29.531730,22.778974,29.737974,21.501166,28.277583,30.205539,21.884307,28.495678,27.883886,22.463876,30.803384,31.242999,29.758184,29.259748,30.254140,27.318264,19.497384,17.323418,30.637718,29.447939,30.330436,29.261997,26.907646,31.676104,27.959826,26.690248,30.775239,26.592295,19.783221,29.014441,29.091255,27.705231,27.184429,19.015836,18.625003,28.421381,29.801786,28.891282,25.615457,29.962108,17.377717,25.021986,26.681964,22.300750,24.975837,28.944245,28.447331,19.671927,27.998394,24.088086,14.652018,21.385632,29.070135,21.298895,26.798540,23.128872,0.000000,25.072878,28.763351,24.645518,27.326418,23.874298,27.613506,24.348657
Chợ Trung Kính,30.585851,31.612500,29.530674,30.363208,31.169493,28.084211,29.684543,31.954275,29.466144,28.954363,28.593234,31.808669,28.360512,29.286201,30.036512,28.065435,31.749072,27.944888,24.454467,26.131994,30.212591,32.609332,30.085418,30.822632,23.625313,26.112317,25.975198,30.358369,31.797911,29.417327,25.376442,31.649620,30.254362,23.044758,30.035248,29.169525,25.210952,25.357385,21.408308,30.608628,30.468826,32.346676,24.756110,29.358994,29.947689,27.581427,32.340850,30.831279,23.455190,25.040165,27.241976,27.047645,29.300790,22.027841,28.186230,28.684996,21.184294,29.147968,24.825442,30.125986,31.462394,24.851760,27.935403,22.286375,28.083163,20.736093,26.669559,34.300428,25.484126,30.487847,30.392888,26.877441,30.399260,30.924278,28.160297,27.244088,34.194004,26.811677,23.210003,24.258026,29.141768,27.559694,29.373841,32.407722,28.859646,31.489239,25.014950,30.095110,30.412381,19.610951,18.684136,24.982127,26.951522,21.143721,29.210663,24.861504,24.571754,25.661539,29.195605,25.799261,19.562993,31.294527,24.872043,22.631053,17.371276,24.511030,17.722293,24.064876,25.021160,23.101659,15.054991,22.548326,26.337442,21.722687,21.499774,25.410325,15.592826,17.715545,25.478668,0.000000,30.370011,15.699826,28.569239,16.458695,28.879182,20.537273
Trường Mầm non Kim Lan,31.040251,31.252768,29.547148,27.596763,28.173628,30.114911,31.163018,27.613484,27.701915,30.278702,27.764304,31.106628,27.881410,27.052941,27.886457,30.546919,27.649560,27.988747,26.873110,30.975261,28.610201,30.652033,30.166548,28.275273,29.772756,27.822837,30.330813,26.958004,27.525423,27.959597,29.041216,30.556054,28.572298,30.246471,28.805146,27.696971,30.531124,29.454132,27.979254,29.483656,27.679750,31.078458,29.934425,26.601721,29.652433,27.585824,31.096944,29.145030,30.423994,29.844450,27.916358,27.341664,29.257017,30.136419,27.430186,25.338675,27.762453,27.650550,26.582594,29.671580,27.172339,30.032193,28.210844,30.300931,27.760001,29.705587,28.322460,32.029961,30.300066,29.733807,26.849862,28.227757,27.399015,26.789474,27.898157,27.606816,31.986816,31.201828,30.002170,29.431496,28.758114,28.502099,28.448935,31.335522,27.214328,26.711845,28.280165,27.895123,24.002054,28.560489,27.997053,28.500210,29.035075,28.326517,27.372729,29.588626,29.096291,28.352798,25.153115,28.625063,27.906050,26.760739,28.345850,29.538348,27.932409,29.787567,29.902150,28.651017,28.650990,28.596550,28.539296,29.533175,30.048403,29.754011,28.983272,29.866261,28.890887,29.818615,29.174569,28.702872,0.000000,30.396703,16.280603,28.375897,15.667695,30.051202
WinMart+,30.891919,31.875042,29.865651,30.669315,31.471755,28.537464,29.986106,32.188722,29.856937,26.661182,29.046576,26.846301,28.830465,29.650279,30.447200,25.602554,31.963973,28.483189,25.017419,26.256922,30.631992,28.412422,26.440114,31.224421,24.770240,26.685107,26.127286,30.619942,32.024140,29.961550,25.478847,31.843073,30.498860,24.286136,30.291046,29.656890,25.306884,25.430668,22.809057,30.824765,30.843079,28.270418,24.812354,29.660470,26.890757,28.256413,28.417901,31.552417,23.455140,25.107965,27.848235,27.688787,26.351692,23.520787,28.680294,28.975188,22.858600,29.409727,25.773278,27.931472,31.672480,24.942250,28.696447,23.965965,28.673577,22.652380,27.207788,30.337019,25.642073,27.199254,30.614977,27.649360,30.621404,31.146423,28.738895,27.936277,30.443847,26.930755,23.187248,24.314688,29.850178,28.410053,29.807338,29.006600,28.996140,31.677342,26.146269,30.279428,30.611848,22.565492,20.784901,26.420760,27.683443,23.890716,29.363962,24.996878,24.679389,26.722548,29.451941,27.028781,18.604664,31.482796,24.974498,22.562869,21.536448,24.624799,15.923953,26.203266,25.981340,23.084800,21.249295,21.524998,26.587493,20.917904,24.766685,25.535794,17.880792,12.687809,25.093429,17.642879,30.484948,0.000000,28.695388,11.212774,29.005336,15.410720
Trường Trung học cơ sở Văn Đức,28.458248,28.472642,27.199018,25.543058,25.993387,27.738802,28.336158,25.423714,25.758301,27.757514,25.696475,28.334640,25.826902,25.114100,25.850097,28.030562,25.422357,25.939004,25.177035,28.300163,26.416338,28.033597,27.714274,26.206034,27.496078,25.848605,27.806316,24.845569,25.267014,25.972198,26.822804,27.991653,26.159209,27.865660,26.367681,25.704349,28.029538,27.147846,26.049567,27.137009,25.663087,28.390806,27.617665,24.543656,27.437891,25.730097,28.450730,26.485523,28.094142,27.633426,25.894499,25.494098,27.241454,27.878345,25.524599,23.693677,25.943434,25.480820,24.983970,27.401887,24.864400,27.793503,26.175732,28.031166,25.900951,27.581722,26.216844,29.187684,27.933061,27.530210,24.770017,26.344164,25.123171,24.672537,25.958377,25.796042,29.207548,28.792324,27.896591,27.436952,26.704228,26.509501,26.360373,28.808189,25.363159,24.527819,26.317844,25.797374,22.605041,26.603702,26.222370,26.498915,27.001748,26.433651,25.439660,27.570551,27.148391,26.451869,23.361247,26.626098,26.140879,24.584922,26.593726,27.515959,26.131002,27.706453,27.822328,26.656631,26.727673,26.872337,26.626321,27.552552,27.954644,27.734185,27.034069,27.932946,26.966587,27.837112,27.359693,26.782363,15.698510,28.300730,0.000000,26.598292,12.605444,28.049697
Trung tâm Hỗ trợ doanh nghiệp Hà Nội,29.873804,30.662458,28.976124,29.667673,30.173668,27.593456,29.133982,30.903133,28.795594,25.814416,28.037947,26.086686,27.785231,28.702619,29.144431,24.879713,30.875524,27.428253,24.479989,25.497675,29.293989,27.658718,25.794758,29.664905,25.557461,25.915110,25.242318,29.723724,30.880316,28.527294,24.736440,26.775704,29.687850,25.154670,29.485737,28.421371,24.493348,24.805789,23.860287,30.047874,29.550026,27.539550,24.144702,28.855393,26.319138,27.049016,27.709709,30.701718,22.702160,24.479855,26.807208,26.657243,25.820232,24.595724,27.671043,28.306944,24.080998,28.730168,24.793103,27.265975,30.708145,24.019051,27.193773,25.136543,27.499578,23.965122,26.337212,29.496482,24.581934,26.632555,29.911518,26.402882,29.861148,30.278262,27.564671,26.779142,29.614545,26.318332,22.212443,23.396453,28.068067,26.885210,28.611431,28.359320,28.485099,30.797262,24.882647,29.630535,29.924583,21.700694,20.371809,24.826889,26.525604,22.800647,28.823902,23.864108,23.589237,25.434156,28.792790,25.438766,18.307482,30.663351,24.056601,21.300987,20.625310,23.396690,19.693807,24.198066,24.947008,22.494324,20.163693,20.406096,25.265560,20.125991,22.753951,24.672334,17.571422,13.672224,24.279956,15.989427,30.083958,10.653051,28.391958,0.000000,28.695690,14.429631
Trường Mầm non Văn Đức (điểm Chử Xá),29.492700,29.536590,28.239554,26.609108,27.038492,28.723320,29.456260,26.521301,26.742517,28.785197,26.737345,29.429502,26.844482,26.187998,26.855980,29.042554,26.554412,26.943778,26.127344,29.364788,27.443138,29.106402,28.758909,27.195900,28.464632,26.841627,28.811163,26.023653,26.423747,26.955348,27.815510,29.049932,27.316004,28.845242,27.514296,26.709843,29.033364,28.154295,27.001762,28.188442,26.689439,29.442223,28.593716,25.732340,28.444887,26.684974,29.487518,27.690214,29.059751,28.582054,26.893121,26.467599,28.163714,28.831036,26.530515,24.802685,26.863977,26.614131,25.889477,28.374818,26.109858,28.739805,27.147998,28.973641,26.853174,28.488084,27.210414,30.221976,28.886649,28.520966,25.986573,27.247208,26.338435,25.876783,26.925803,26.724331,30.219826,29.730326,28.791584,28.323910,27.651005,27.445179,27.343701,29.792766,26.356985,25.780609,27.257876,26.829587,23.729407,27.519063,27.114219,27.439059,27.927747,27.336607,26.454487,28.434082,28.012603,27.364773,24.595314,27.551554,27.016476,25.827060,27.423926,28.390011,27.016169,28.587789,28.700314,27.577280,27.644068,27.686601,27.520404,28.411689,28.820668,28.596386,27.913321,28.749604,27.833438,28.683255,28.180821,27.675184,15.105823,29.157062,12.895059,27.453218,0.000000,28.886871
WinMart+,31.767169,32.715061,30.751375,31.525381,32.400443,29.652768,31.813706,32.981240,30.875790,27.603418,30.173411,27.737591,29.990125,30.621836,31.522168,26.479133,32.681752,29.768258,23.321453,27.176424,31.753126,29.224508,27.201361,32.360803,27.234371,27.988282,27.177284,31.386110,32.764408,31.315283,26.363194,28.182196,31.219439,26.892248,31.505805,30.891158,26.336708,26.211250,25.558252,29.982910,31.890975,29.057636,25.672080,30.477987,27.544064,29.797983,29.176764,32.345853,24.567074,25.917790,29.246490,29.145724,26.977022,26.516815,29.882923,29.737194,26.109493,30.137572,27.718806,28.603621,32.352493,26.189011,30.384953,27.380558,30.068796,26.339205,28.465007,31.117076,26.975177,27.829893,31.291381,27.375038,31.275584,31.823302,30.110438,29.489657,31.205846,27.621677,24.723943,25.612855,31.509273,30.256809,30.910473,29.670372,29.511940,32.297283,28.378018,30.855619,31.203439,25.807827,24.122431,29.102573,29.299140,27.494663,29.901856,26.492860,26.162972,28.854680,30.134586,29.430911,24.546085,32.086227,26.161258,24.697440,26.074353,26.333043,22.999038,29.692710,27.940505,23.929054,26.723642,23.595842,28.200006,22.386649,29.294568,26.592734,26.099243,19.333295,26.154683,19.683752,30.548998,16.155524,28.799980,10.883874,29.098226,0.000000
