,depot,WinMart+,Trường Mầm non Thịnh Liệt (cơ sở Giáp Nh,Trường Mầm non Hoa Mai,Trường mầm non Vườn Hồng,WinMart+,WinMart+,Siêu thị Đức Thành,WinMart+,Siêu Thị T-Mart,Trường Trung học cơ sở Tân Định,Trường Tiểu học Hoàng Liệt,WinMart+,WinMart+,Cục Dự trữ Nhà nước khu vực Hà Nội,Trường Mầm Non Đại Từ,WinMart+,Cà Phê Parkland,Trường Mầm non Định Công (Cơ sở 3),Highlands Coffee,WinMart+,WinMart+,Trường Mầm non Hoàng Liệt (cơ sở Tứ Kỳ),WinMart+,WinMart+,Trường Mầm non Sao Mai,KFC,Trường Đại học Công nghệ và Quản lý Hữu ,Không có tên,WinMart+,Không có tên,WinMart+,MM Mega Market Hoàng Mai,Trường Tiểu học Đại Kim,Không có tên,Không có tên,Cà Phê 3k,Không có tên,WinMart+,WinMart+,WinMart+,Trường Tiểu học Chu Văn An,AEON MaxValu Linh Đàm,WinMart+,WinMart+,WinMart+,Trường Mầm Non Hoạ Mi,WinMart+,WinMart+,Trường Tiểu học Chu Văn An,WinMart+,WinMart+,Trường Mầm non A Tứ Hiệp,Cà Phê KOK,Không có tên,Trường Đại học Kinh tế - Kỹ thuật Công n,WinMart+,Trường Quốc tế Singapore,WinMart+,Trường Tiểu học Tam Hiệp,WinMart+,Delícia Coffee & Lounge,UBND phường Khương Thượng,WinMart+,Siêu thị B11 Kim Liên,WinMart+,Cà Phê Big One,Trường Mầm non Đại Thanh,siêu thị 24h ninja mark,Trường Mầm non Tứ Hiệp (điểm Cổ Điển B),WinMart+,Không có tên,Quan an Nam Nhu 1,WinMart+,Taste Tea,WinMart+,WinMart+,Trường Cao đẳng Hà Nội,TK mark,Hội đồng nhân dân - Ủy ban nhân dân phườ,Trung tâm Công nghệ Phần mềm Thủy lợi,WinMart+,Không có tên,Cafe Dinh,Trường Trung học cơ sở Yên Mỹ,WinMart+,Coffee Cây,Trường Mầm non Tứ Hiệp (điểm Đồng Trì),Trường Mầm non Lĩnh Nam (cơ sở 2),Chợ Nhân Chính,Cục Sở hữu Trí tuệ,WinMart+,Kho bạc Nhà nước Đống Đa,Tịnh Cafe,Trường Mầm non Yên Mỹ,WinMart+,5050 Rooftop Cafe & Pub,Thuế cơ sở 4 thành phố Hà Nội,Trường Trung học cơ sở Lĩnh Nam,WinMart+,WinMart+,WinMart+,Cửa Hàng Tiện Lợi BV Mart,Đảng uỷ - HĐND - UBND phường Thanh Xuân,Starbucks,WinMart+,WinMart+,WinMart+,Phường Ô Chợ Dừa,Chợ Xanh Văn Quán,Noble Moment,WinMart+,Co.opmart,WinMart+,9.0cafe,The Coffee House,Cục Tần số vô tuyến điện,Everything Coffee 'N Bagel,Starbucks,Chợ Trung Kính,Trường Mầm non Kim Lan,WinMart+,Trường Trung học cơ sở Văn Đức,Trung tâm Hỗ trợ doanh nghiệp Hà Nội,Trường Mầm non Văn Đức (điểm Chử Xá),WinMart+
depot,0.000000,25.478828,22.304878,25.694782,20.911694,25.687740,15.786214,28.986646,25.504874,23.382790,24.353530,19.806129,25.329611,23.400583,25.944164,22.961226,28.922815,25.919428,21.826041,21.224362,28.698366,19.129158,18.948132,27.946264,27.851525,25.266561,24.874298,28.549961,30.195677,26.157699,24.059828,20.086195,28.478433,23.885892,27.875065,27.885404,23.782597,19.574448,26.929307,21.606268,26.999636,23.139678,23.823500,28.214997,19.986911,25.176230,24.004843,29.823113,24.528660,22.529926,29.686679,27.991422,19.270437,25.987916,28.424784,26.822227,26.256735,26.626411,22.596942,22.203854,32.132142,24.344496,30.503567,27.040965,28.391982,25.420794,26.768395,28.426527,25.680647,21.099796,22.741855,30.397915,30.049708,30.793533,29.263805,28.268728,28.982363,27.697006,23.742386,24.534328,32.195821,31.181482,32.043094,26.460345,23.054615,31.984831,30.502535,24.134544,27.416948,31.249932,28.886249,31.389843,30.864062,30.549653,23.266180,29.853519,29.666132,30.337688,28.002930,31.744320,29.230119,31.610362,29.348530,29.069789,29.440717,29.906983,30.071354,31.846541,26.532766,23.851228,31.291922,31.631303,30.767791,29.867632,32.566656,29.434355,32.363058,28.493698,28.500078,31.568038,28.956906,31.293380,27.086540,30.404300,27.496579,31.127116
WinMart+,29.477878,0.000000,25.044971,28.555280,31.196594,26.705770,17.109361,34.292484,27.363727,25.822488,27.698494,29.646342,28.085183,26.226370,28.667571,24.606285,32.523321,28.520941,23.180302,29.409380,33.424238,33.119084,25.341437,30.411037,28.745078,27.413414,27.456347,31.113057,33.168343,28.278295,25.611730,30.105836,30.397575,25.142795,29.823099,30.999951,25.251349,25.027872,28.706403,28.321560,33.594957,32.243905,25.292654,30.545869,26.756202,26.808810,32.373223,31.681063,25.766062,23.321584,33.222904,30.320952,25.452431,25.352221,31.039402,28.324601,27.671959,28.124232,30.126126,27.544004,34.798944,25.440706,33.683208,26.488727,30.411473,32.072390,29.225819,38.277328,27.340111,28.356138,27.131556,32.448555,31.740224,32.927096,31.856886,30.076267,37.764741,33.077484,22.961012,25.373947,35.090604,33.731650,35.799203,32.807870,26.082744,34.067557,32.945627,27.417603,28.740438,33.534056,30.391123,34.018415,32.934229,32.558456,26.455259,31.347597,31.128005,32.305033,29.389012,34.284757,30.760937,33.435443,30.589432,30.506051,31.141402,31.534786,31.686350,34.353354,27.755486,24.434791,33.390071,33.408337,32.418874,31.323221,34.702217,27.776321,34.415385,29.727454,29.484317,33.565883,29.486808,33.007335,27.495102,31.883001,27.910950,32.622319
Trường Mầm non Thịnh Liệt (cơ sở Giáp Nh,22.661753,23.528924,0.000000,22.300045,18.580714,23.173912,20.941402,25.166874,23.318257,25.621876,21.677279,25.424054,22.986519,21.133023,23.757935,26.823611,26.205202,23.757763,20.447033,25.912409,26.215624,23.905464,22.976603,25.922871,26.147612,23.461105,27.028917,26.542262,27.935788,24.384443,22.294578,24.423677,20.734928,26.577924,19.786524,25.969272,26.912708,22.988939,25.380904,21.461363,25.204390,27.533623,25.693902,26.446348,23.121917,23.787448,28.015595,23.041943,26.970264,25.925359,27.826485,26.474180,22.239375,24.783702,26.857135,25.549165,25.032681,20.441352,21.585853,25.075798,30.226570,26.569315,28.838035,25.848251,27.065799,24.319683,25.341084,32.395878,28.060489,24.014214,23.589969,29.124339,28.698804,29.201900,27.750680,27.026303,32.528658,30.119268,22.850214,26.194148,30.706447,29.764921,30.314177,29.438606,23.589672,30.438789,29.121783,24.791551,26.316395,29.934225,27.837911,29.995071,29.624867,29.330716,23.849708,28.839565,28.655362,29.126255,26.880020,30.397404,28.158488,30.232838,28.436357,28.062899,28.331018,28.857294,29.020361,30.531590,25.551868,25.641691,30.103162,30.562285,29.727315,28.884428,31.402529,28.551541,31.220956,27.582249,27.679306,30.413272,28.344144,30.243094,26.568905,29.406093,26.971078,30.170562
Trường Mầm non Hoa Mai,26.238225,27.963312,21.389861,0.000000,24.884324,23.675713,24.687081,20.675031,23.870105,26.468233,21.293563,28.370269,23.745713,14.951932,24.545245,25.619510,24.394622,24.588825,20.640924,28.332520,27.585169,30.464570,25.902699,26.924744,26.916247,24.142382,27.054876,25.489995,27.415004,25.145652,25.878512,28.818788,26.176974,24.514301,25.395939,26.997737,25.704164,25.533269,26.097159,27.777427,25.325426,30.079663,25.726626,25.530551,26.708436,24.349595,30.296713,28.068317,23.849952,24.268180,29.021623,27.317368,25.783382,25.305948,27.774519,24.768092,25.593459,24.535686,21.847092,27.185150,30.612300,25.711720,29.960268,26.434923,27.817734,24.765573,25.459129,33.955600,23.904000,27.862632,30.006219,29.900150,28.613340,29.238980,28.714016,27.727872,33.921247,31.403671,23.141940,28.648465,31.783299,30.732842,31.636489,31.020232,25.859987,30.795473,30.038565,27.417014,25.819785,30.822985,28.434432,30.975616,30.446526,30.109579,26.257298,29.411944,29.223723,29.908975,26.479680,31.350987,28.771781,30.501683,28.919969,28.622822,28.990774,29.481391,29.651191,31.469371,26.039418,27.099113,30.908573,31.250514,30.369341,29.453051,32.219065,29.026540,32.008208,28.065055,28.100573,31.198683,28.281504,30.923817,26.415210,30.013217,26.840673,30.758056
Trường mầm non Vườn Hồng,26.895087,29.403413,18.984186,23.204562,0.000000,24.656433,21.349813,32.542764,24.861344,27.914441,22.359207,29.800361,25.112265,21.498950,25.920629,26.718708,30.978216,25.982733,21.029419,29.581339,29.791507,31.950281,26.793492,28.506861,28.098339,25.223289,28.337335,29.724297,32.364408,26.322304,26.794465,30.034821,29.187536,25.229377,28.477231,28.558530,26.582301,26.355533,27.169943,21.581829,26.541248,31.482607,26.590934,29.277016,27.481270,25.174117,31.606156,30.886276,24.450498,24.841320,30.798334,28.496078,26.455995,26.054500,29.082161,27.083688,26.371152,26.856547,22.264379,28.052971,34.744685,26.320363,31.602539,27.238191,28.856408,25.489136,26.512446,35.717519,24.550137,28.671072,31.936497,31.034032,31.106202,32.465170,30.040996,28.685249,35.570178,32.358646,23.568846,29.313019,33.302004,32.081735,33.556503,32.092754,27.074048,33.871983,31.347984,28.932345,27.796498,32.048272,29.241876,32.384428,31.541994,31.222831,27.544268,30.300792,30.096302,30.961531,28.541673,32.732201,29.645345,33.149032,29.682203,29.477890,29.968858,30.436074,30.588036,32.847104,26.711621,27.628961,32.077660,32.284306,31.339469,30.312700,33.425108,29.762384,33.172669,28.821925,28.676798,32.310482,29.050484,31.904859,27.035257,30.856464,27.461393,31.649719
WinMart+,25.998629,25.928290,25.182998,26.373556,24.385545,0.000000,21.617223,30.271398,22.968294,25.534553,25.354522,26.860888,24.175468,24.568155,25.072780,22.795648,29.970307,23.242133,18.849784,23.276613,27.551061,30.255396,24.014801,27.194465,27.558034,22.900047,27.971892,29.376974,30.931518,24.507018,25.399750,28.055762,29.056391,24.864660,28.560210,26.233653,25.054447,25.398368,23.041318,26.939240,28.368391,29.827457,25.143416,29.087899,25.610904,23.630408,30.153667,30.286102,24.499101,22.836604,28.141096,23.707309,24.526778,27.463129,27.080087,27.482876,23.112867,27.315203,20.712320,26.386472,32.644400,25.303507,25.937835,28.506230,25.885604,22.573826,26.211827,35.281067,27.474809,27.171468,26.256366,23.411453,30.494666,31.330980,26.004963,23.509112,35.115097,31.600262,23.348046,25.220903,28.824415,27.758942,30.599725,31.136827,25.462481,32.399330,26.997514,26.628503,27.976151,28.184461,25.960773,28.100633,27.860655,27.646184,25.810867,26.153111,22.746113,25.830157,28.556938,28.709614,26.546585,32.006668,23.887622,25.399901,26.660765,25.923122,26.301457,28.934179,26.967944,24.234304,28.646598,29.458677,27.165134,26.247346,30.274481,27.750487,30.112373,26.231150,25.298027,29.086565,28.993092,29.080966,27.132393,28.160165,27.529043,29.180330
WinMart+,15.741705,34.044764,20.138521,29.476152,31.790736,26.474460,0.000000,33.379692,28.513668,26.464056,29.253441,27.579808,27.799473,28.270336,29.717945,28.605024,32.332246,29.372006,23.626868,27.989398,33.072695,23.640450,21.885696,30.596473,25.706571,28.441051,29.230572,31.385672,32.715086,29.028101,21.066013,24.791399,21.649820,27.832746,20.838231,31.292619,28.793962,22.172142,26.431557,24.348014,33.141749,31.001273,26.436993,30.968393,22.541915,27.681191,31.292614,24.267468,28.194974,26.534997,32.825952,30.645281,21.244977,27.471799,31.317177,28.920995,25.808205,21.228607,30.189894,25.506625,34.135982,27.448892,33.086856,28.614635,30.647882,27.593384,29.538975,39.328245,29.845971,23.989820,24.525167,28.666752,31.733002,32.768765,31.799687,30.253372,38.310758,32.351574,24.048825,26.620470,34.187479,33.133341,34.691120,32.183258,24.065585,33.662048,32.492717,26.032211,29.174153,32.965058,26.487225,33.312223,32.522025,32.124491,24.359150,27.312260,23.950869,32.000662,29.746627,33.520687,26.801426,27.790658,24.880551,26.634810,30.895153,27.224105,27.557520,33.560597,28.328413,25.772115,32.771820,26.983920,28.356245,27.379544,33.834094,29.321466,29.223494,26.543438,26.193849,32.944255,29.488898,27.716250,27.531291,31.523110,27.919583,27.280799
Siêu thị Đức Thành,28.536281,31.307779,24.430906,21.061906,30.752635,26.726069,26.937059,0.000000,26.821026,29.769159,25.829370,31.379089,27.752879,18.195476,28.209715,28.296413,29.425789,28.341565,22.576004,30.946667,32.330846,33.248397,28.096305,30.415751,29.517625,27.208665,29.761258,28.435034,32.367287,28.162317,27.956661,31.281635,28.214116,26.355389,27.250716,30.462515,27.771752,27.505816,28.606199,29.652339,28.433389,32.740150,27.762411,28.053686,28.479368,26.634094,32.762578,30.493432,25.604847,25.853670,32.497672,29.933838,27.426856,27.224666,30.591520,25.922782,27.541945,25.638915,23.422826,29.003316,35.775577,27.194900,32.996275,28.298830,30.049118,26.506165,27.920698,36.759668,25.542906,29.586469,31.856201,31.953772,30.841348,32.531502,31.392633,29.765263,36.511579,33.080580,24.455853,29.960173,34.385087,33.144547,34.943620,32.964988,26.523079,34.320705,32.431335,28.517775,27.000350,33.002925,30.080621,33.431795,32.458071,32.109849,27.018418,30.989825,30.794110,31.880313,27.858417,33.705531,30.438322,33.358846,30.282536,30.205989,30.802692,31.175465,31.321925,33.787216,27.635790,28.153003,32.920746,32.971827,32.040303,30.990376,34.174081,30.319985,33.918802,29.479658,29.248299,33.103462,28.839532,32.593621,26.763662,31.536140,27.212862,32.245828
WinMart+,23.609614,26.943958,22.183375,23.304718,20.567796,21.208430,23.810368,28.023365,0.000000,26.584174,22.668956,29.037676,20.900550,22.003177,21.012073,24.535331,28.421052,23.695779,17.762006,28.950310,24.960748,31.803840,25.748906,28.924669,28.100878,23.099210,27.710099,28.154603,29.966377,25.180688,25.865049,29.580319,28.070314,24.267019,27.466181,25.115130,25.637192,25.431786,26.789149,28.121330,28.415243,31.306542,25.687918,27.943027,26.816944,23.896934,31.471480,29.567856,23.285363,23.727590,28.076630,26.031187,25.709698,25.396918,26.543141,26.484164,25.820136,26.288651,20.494188,27.477720,32.192709,21.479297,26.609750,27.016169,26.887574,24.730717,25.500650,36.263878,23.584941,28.219537,30.873286,27.850711,29.900267,30.747145,27.908551,26.902579,35.983300,32.330933,22.562826,22.830939,29.745953,28.491452,31.697132,32.052140,26.715077,32.010154,27.620914,27.282115,27.186095,28.879613,26.313512,28.866979,28.484464,28.205095,27.134017,27.919784,27.696722,26.224440,27.820555,29.493255,26.911713,31.609803,27.570743,26.930581,27.065300,27.855014,28.059692,29.723377,25.108046,25.780662,29.285893,30.019678,29.005066,27.994319,31.008578,27.826320,30.805157,26.491869,26.693632,29.726856,28.702523,29.622042,26.821628,28.617454,27.229682,29.639214
Siêu Thị T-Mart,24.817883,24.893177,23.979186,28.159121,27.273541,25.414633,19.688712,31.921576,25.873596,0.000000,26.066585,27.499621,29.614833,25.269615,26.773366,18.566820,31.289762,26.805786,21.784137,22.236229,29.460674,32.192284,23.461159,29.477561,22.187226,25.807362,30.516466,30.481669,31.934975,26.991162,25.399256,28.952979,25.479547,24.632201,29.529198,28.607124,24.865546,25.356170,25.466060,27.266733,30.477405,31.471273,25.006145,30.145659,25.629135,25.583794,31.689139,26.758908,25.697905,22.048594,30.261513,25.242121,24.311930,25.105340,28.996165,28.363672,24.937682,28.214808,22.390682,26.586087,33.370338,25.265268,27.535225,26.737312,27.111746,26.067468,27.872668,38.472336,28.097739,27.521483,26.362708,27.607236,31.173582,32.073159,29.754373,24.760760,37.827386,32.645975,22.098733,25.172987,29.863916,28.840889,32.433182,32.367745,25.445558,33.015471,28.152771,26.772895,28.722805,29.122087,25.161419,29.162916,28.776766,28.563440,25.830785,26.285993,22.380789,26.891004,29.288072,29.668961,25.614302,32.593600,23.722031,25.432635,27.576009,26.032460,26.462804,29.848965,27.768411,24.090953,29.475260,25.998215,27.450708,26.394666,30.940049,28.048671,28.556725,25.679041,25.273256,29.826743,29.268932,26.899696,27.399094,26.123585,27.789708,26.552124
Trường Trung học cơ sở Tân Định,25.860927,28.319243,22.440463,22.494070,26.557740,24.403530,25.209254,27.319006,18.202978,27.516040,0.000000,29.407367,24.944650,17.086008,14.581477,26.478426,21.316654,25.800294,21.052854,29.264418,20.252178,31.553132,26.608081,28.187169,27.839388,25.110786,27.994503,27.835198,29.695284,26.165453,26.566795,29.747600,27.823497,25.102034,27.203002,19.164687,26.418828,26.210818,26.996036,28.450288,21.031514,31.153733,26.435470,27.658637,27.323517,25.090280,31.296460,29.388596,24.380127,24.757779,22.615656,21.802366,26.335329,25.946865,20.847099,26.250081,26.253259,26.055029,24.748911,27.863436,32.049270,26.212393,25.117393,27.098584,23.439633,26.832083,25.368717,35.254050,24.412863,28.500449,30.767030,26.860511,29.748064,30.588723,23.843312,23.825461,35.104124,32.113660,26.072587,26.416468,28.422266,27.290886,27.130916,31.835575,26.589218,31.893127,26.457219,28.206835,27.001843,27.796221,25.510796,27.662916,27.482235,27.245732,27.002766,27.201420,26.983884,26.887933,27.648304,28.347838,26.128483,31.494133,26.962936,26.224350,26.230563,27.084138,27.276713,28.596233,22.637698,25.307860,28.321983,29.224491,28.240010,27.287558,30.073221,27.265780,29.905450,25.868041,26.155185,28.809002,28.635841,28.832811,26.750121,27.897147,27.163917,28.961354
Trường Tiểu học Hoàng Liệt,29.813532,31.875165,27.905216,29.331332,30.901823,27.400137,30.790178,32.111798,26.768493,28.320175,29.180063,0.000000,28.751351,28.427235,29.536148,23.990851,31.578712,27.345689,24.075508,19.621576,32.062755,28.115952,18.926510,28.793163,22.382608,26.674490,24.839214,30.946939,31.993664,27.336593,16.361243,24.462505,25.482552,24.573147,26.224096,30.836336,24.804374,20.079016,23.866702,27.143114,32.353680,27.677786,23.199771,30.623019,24.031026,26.302922,28.463158,26.655893,25.599785,24.058942,32.088891,30.408433,22.731895,25.033395,30.955816,28.938612,23.746287,24.331561,23.795380,23.995985,33.290653,25.134765,32.393511,26.456552,30.453883,25.770255,29.474137,36.098047,27.538109,25.251688,26.294161,27.196429,31.371056,32.180441,31.369261,30.126335,35.680242,30.996126,22.191558,25.027659,33.449905,26.822429,33.696189,30.408231,24.766771,32.969978,32.024275,25.242621,29.170892,26.946642,25.074318,27.046008,32.125479,26.075881,25.056079,25.965573,22.333332,31.674291,29.665979,32.933600,25.376324,28.912676,23.566868,25.171530,26.984892,25.728826,26.132312,32.982442,28.461696,24.658526,27.843940,25.692158,27.041147,26.060194,29.094166,28.345248,28.080201,25.390343,25.094340,32.541864,29.879115,26.550153,27.953756,25.862494,28.325260,26.212407
WinMart+,25.943196,26.865252,23.691280,25.010071,22.440637,21.853178,23.209718,29.711418,20.695225,28.219450,24.224213,27.826381,0.000000,23.465119,24.046630,25.208914,29.577900,21.097580,16.239556,24.670265,26.821191,30.548563,25.103011,26.635662,30.335769,21.299720,28.954281,29.028207,30.770829,23.411521,26.488385,28.628188,28.736559,20.988413,28.192859,25.778919,26.231189,26.265538,22.474149,27.474467,28.223708,30.182245,26.273926,28.760528,26.267357,22.753464,30.425625,30.115621,19.781928,23.983074,27.977213,23.052007,25.245747,22.238067,26.815493,27.107613,22.761201,26.930246,19.808268,26.939789,32.736146,18.835256,25.471538,24.648275,25.519771,22.176683,25.921073,34.909849,20.985492,27.635798,31.204883,23.243431,30.373405,31.284050,25.660600,22.985108,34.790622,31.634066,20.203271,21.067055,28.776105,27.593314,30.745615,31.246880,27.052509,32.449231,26.757675,28.684008,27.699254,28.073909,25.694454,27.981827,27.723676,27.501020,27.478251,22.451597,18.851166,25.524573,28.317340,28.656589,26.332844,32.017273,20.560629,21.516456,26.451037,21.887235,27.492719,28.906319,26.793098,21.927467,28.591670,29.453961,23.393966,22.613467,30.344814,25.271113,30.165136,26.037593,22.327030,29.069545,28.875855,29.058377,26.984397,28.078475,27.392372,29.157560
WinMart+,23.578157,25.410823,20.487751,14.252091,22.921828,22.363495,23.649483,17.511150,22.684495,25.108743,16.112469,27.104359,22.444640,0.000000,17.215804,24.520907,16.846226,23.329912,19.979653,27.255668,19.398501,29.333852,25.054353,25.650446,25.843220,23.075539,25.950611,21.840791,23.134272,24.057550,24.979020,27.852334,23.379746,23.716444,22.569920,24.473968,24.831633,24.688068,25.112571,27.000555,23.486516,28.930643,24.861935,22.256848,25.995000,23.475553,29.196958,25.330485,23.162560,23.555525,26.113136,23.652735,25.132220,24.508683,22.836159,22.592510,24.767278,22.364144,21.229305,26.367475,26.813314,24.991377,28.064125,25.607754,25.726849,28.348031,24.112246,32.698693,23.213026,27.160869,28.021515,28.507822,26.199458,26.240230,26.340299,25.765231,32.747598,30.512195,27.465369,27.554390,30.240540,29.197789,29.139290,30.172691,24.524785,27.866313,28.486678,25.805461,23.906020,29.413282,27.195370,29.471952,29.076704,28.767198,24.800717,28.281694,28.092189,28.540813,24.494185,29.931639,27.534482,27.935991,27.887888,27.462351,27.711488,28.299453,28.473656,30.085289,24.441227,26.167110,29.624686,30.140351,29.246501,28.348554,31.040182,28.058333,30.848632,26.977621,27.105532,29.970557,27.379047,29.797688,25.678017,28.910806,26.095353,29.732947
Cục Dự trữ Nhà nước khu vực Hà Nội,26.386560,29.601508,24.602256,26.023917,26.192276,23.818783,25.730669,30.770614,19.987010,28.676395,18.234528,30.655898,24.421715,18.408902,0.000000,27.273514,30.338327,25.510313,20.314917,30.315675,21.317688,32.879423,27.255635,28.396356,27.937500,24.762597,28.958911,29.615195,31.335857,19.886440,27.181769,30.761213,29.195964,24.917249,28.681959,22.998347,26.999593,26.741888,26.981042,29.122711,27.104170,32.371125,27.013845,29.309272,27.881341,20.258228,32.427693,30.505396,24.127605,25.093856,26.724880,24.730345,26.790237,25.833712,25.220749,27.529503,26.169307,27.352355,26.670603,28.473735,33.167289,26.608277,28.686682,27.097350,25.948057,28.918009,24.420589,36.817881,24.250595,29.116111,31.463383,29.143200,30.720058,31.683045,26.918480,26.071715,36.525484,32.878489,27.734254,27.844325,31.494438,30.076347,31.190704,32.726512,27.289517,32.796190,29.173518,27.935661,28.047788,30.277041,27.333265,30.467821,29.775774,29.462241,27.715369,28.832375,28.601354,29.106695,28.666397,31.014717,27.912532,32.342284,28.344568,27.850289,28.162170,28.857855,29.064799,31.199863,24.324484,26.356437,30.536648,31.042236,29.985478,28.902185,32.207650,28.539362,31.956351,27.300161,27.363369,30.913095,29.010915,30.643625,27.108237,29.519567,27.510344,30.508737
Trường Mầm Non Đại Từ,23.094884,22.504701,22.767179,26.004611,25.032189,21.689853,19.322392,28.486562,23.886526,18.515899,24.514289,22.130787,25.070990,23.976447,25.140781,0.000000,28.626114,24.246244,20.904383,18.321594,27.141905,28.297919,22.993425,26.585629,19.102073,23.858332,24.215102,28.410499,29.517430,24.868247,21.946006,26.298672,27.231993,21.950605,27.917564,26.825142,21.210146,23.050892,21.928365,25.617201,28.457158,28.035830,21.589051,28.253790,24.324980,24.137604,28.543768,28.702247,23.769761,19.536308,28.282437,24.098027,23.306103,23.320178,27.392563,27.106908,22.254313,26.965008,21.704393,19.002837,30.996985,23.593380,25.811680,25.232761,25.794814,24.786406,26.591772,33.782304,26.450174,26.024383,27.868930,26.617835,29.595586,30.137992,28.136294,23.863272,33.781613,22.192563,20.768186,24.088752,28.088283,27.271913,30.271803,30.002370,26.510831,31.041090,26.661430,28.177698,27.566457,26.369867,24.208487,27.534778,27.409147,25.503662,26.936559,25.359385,21.210100,25.754223,29.369267,28.046339,24.655779,31.812657,22.792337,24.404877,26.553728,24.997093,25.479958,28.243830,26.725523,23.300354,27.533689,25.097048,26.556892,25.486563,28.954090,27.350682,27.787437,24.877620,24.541929,28.471171,29.583221,26.106484,27.675351,25.402879,28.054041,25.813112
WinMart+,29.173092,31.758372,25.952704,24.262138,32.046255,27.819403,27.741411,26.692476,27.883873,30.517932,20.597189,31.993649,29.061417,17.716681,29.300382,29.069989,0.000000,29.510426,23.658883,31.512945,33.245711,33.665369,28.790122,31.207809,30.150392,28.298367,30.285912,23.676795,26.894463,29.124041,28.498733,31.793563,25.313335,26.999671,24.181005,31.291327,28.390890,28.126531,29.340860,30.127793,25.178321,33.181162,28.374743,24.104430,29.004744,27.484804,33.168200,28.000148,26.323145,26.470992,33.094716,30.604041,27.979502,27.887886,24.274130,23.749181,28.194253,23.444202,24.223234,29.430759,32.040485,27.692975,33.403088,28.864300,30.611380,27.025313,25.389816,36.879922,26.051048,30.022255,30.348546,32.230999,28.741865,29.715967,31.951397,30.282663,36.583915,33.314820,25.041444,30.250787,34.641315,33.474552,35.238936,33.261743,25.512806,31.803012,32.777119,27.315180,25.272672,33.298331,30.474102,33.682481,32.791666,32.388375,25.955695,31.151412,30.966065,32.238676,26.083251,33.912259,30.757768,31.249087,30.438830,30.427988,31.084706,31.380461,31.548552,33.965132,28.152239,28.383874,33.107222,33.068446,32.169508,31.192653,34.252985,30.430558,33.987909,29.697279,29.512477,33.303395,28.243844,32.761088,26.261209,31.781888,26.715535,32.349481
Cà Phê Parkland,25.810645,26.908642,23.875151,25.060572,22.911592,23.085000,23.695551,28.933851,21.554084,28.109375,24.362784,27.809629,21.746627,23.679998,24.166488,25.618250,29.037759,0.000000,18.005554,25.005637,26.648483,30.245196,25.347230,24.381295,28.805286,14.564546,28.715308,28.660593,30.193855,19.449736,26.590900,28.532273,28.465456,20.760166,27.958289,24.739689,26.387839,26.388882,21.744242,27.482676,27.330026,29.923547,26.419579,28.447260,26.366235,20.220944,30.168504,29.760461,19.794972,24.306361,27.080313,22.127141,25.411977,21.764389,26.016383,26.986449,22.176548,26.821403,17.785002,26.959826,32.060773,18.967600,23.740057,23.782402,24.326710,21.768246,25.231847,34.216681,20.775380,27.632407,30.888891,26.299726,30.040882,30.816621,24.503158,21.684628,34.162802,31.387319,20.148714,20.935883,27.973522,26.674712,29.991973,30.984494,26.974811,31.917942,25.708655,28.511493,27.557468,27.332983,24.865739,27.129142,26.997757,26.760060,27.377021,26.846479,26.607572,24.544304,28.140551,27.954662,25.598730,31.568974,26.640827,25.757817,25.683330,26.681304,26.897835,28.262201,26.145109,24.931814,28.000730,29.053130,27.981988,26.944728,29.977305,26.991722,29.791709,25.433637,25.787054,28.553782,28.774315,28.618358,26.937084,27.597831,27.333216,28.792872
Trường Mầm non Định Công (Cơ sở 3),23.008704,23.467007,21.443257,21.937247,20.126897,18.084568,21.583015,23.577521,19.195087,22.552602,21.569106,24.180210,16.177847,21.376505,21.588097,21.931990,24.514324,17.001671,0.000000,22.444792,23.060716,26.327262,22.960916,19.761997,19.886105,16.800904,24.048960,25.094083,25.842653,18.842091,23.403107,25.283787,25.508397,17.388706,25.053251,22.557546,16.152025,23.647981,16.753306,24.990827,24.353626,26.123291,23.297983,25.117922,24.156596,18.274722,26.519238,26.615489,16.460426,22.181208,24.136157,21.084016,23.476861,18.341752,23.784014,24.691638,18.744802,24.544778,17.197370,24.549702,27.718470,16.537073,20.183261,20.809819,21.267433,18.964236,23.363024,29.496866,18.084585,25.289117,28.278693,20.425740,27.101865,27.264743,21.340366,19.790806,29.769371,28.478894,17.846113,19.136363,23.230953,20.897065,26.280680,27.894681,25.441653,28.252962,21.992539,26.486106,25.384395,20.005946,19.274856,21.240182,23.298473,19.962807,25.675476,20.541969,17.137596,21.695220,25.816227,23.611056,20.031630,28.260024,18.940432,19.596634,19.972043,19.869797,20.377355,22.435226,23.369169,20.413362,24.148375,20.538056,21.374446,20.716282,25.771514,23.509151,22.734254,20.828516,20.789519,24.687749,27.593990,21.596085,26.054811,24.515560,26.425910,21.713293
Highlands Coffee,28.957816,30.402618,27.513381,28.786921,29.995724,23.935999,29.850833,31.104263,24.599310,23.337102,28.676641,17.084346,25.621890,28.085646,29.002341,20.169746,30.818379,24.914752,22.375519,0.000000,31.189463,27.540543,20.523267,26.475083,19.914258,24.566887,15.707408,30.396998,31.276516,25.256079,12.920726,24.724334,25.492472,21.698019,26.157979,30.221293,21.247584,15.738071,21.708524,26.950164,31.600556,27.213054,13.716018,30.135791,24.263140,24.611879,27.894465,26.527770,23.128958,13.820707,31.362452,29.930438,23.118374,22.799856,30.420848,28.677734,22.010082,24.425782,22.541084,24.183019,32.532157,22.986416,25.815696,24.231129,30.026099,23.949415,29.100568,34.010587,24.921714,25.305685,26.230824,25.542279,30.924397,31.610934,30.813630,29.741051,33.937287,30.383747,20.788022,23.521441,27.603442,25.367260,32.864814,29.765964,24.792917,32.354757,26.460432,25.235323,28.914680,25.371189,23.723949,25.592466,27.119148,24.716533,25.063856,24.549724,21.073475,25.744633,29.375247,27.578794,23.967010,28.652029,22.420842,23.740611,25.620130,24.210797,24.630774,26.202950,28.254098,21.097315,26.467176,24.365302,25.539656,24.675123,27.704569,24.620588,26.646742,24.226017,24.009940,25.088607,29.717627,25.257435,27.869714,24.714658,28.235194,25.053387
WinMart+,25.584255,28.082807,23.248033,23.424702,25.025843,23.405193,25.226727,27.106209,20.277376,27.542511,21.019412,29.456414,23.810533,19.958598,16.518570,26.511649,22.587077,24.780207,20.416975,29.323217,0.000000,31.598204,26.664006,28.072363,27.156834,24.278266,28.010783,27.653425,31.025316,28.620108,26.579604,29.803997,27.669674,24.569971,27.122155,21.848383,26.443880,26.238107,26.342217,28.492159,21.082008,31.208810,26.464443,27.518105,27.365424,25.990722,31.349168,29.063681,23.886691,24.803778,27.107929,24.493890,26.377645,25.433188,25.102327,26.282346,25.739727,26.106086,26.789470,27.873170,31.265142,26.242805,29.433489,30.283168,25.998802,29.249681,24.118802,35.267380,23.958413,28.543868,30.403999,29.555934,29.416694,30.092834,27.222803,26.132765,35.107580,32.130652,27.932956,28.013809,32.539193,30.814555,32.706803,31.869950,26.568714,31.269593,29.736125,28.049514,29.600097,30.930323,27.521773,31.235795,30.350034,29.901076,26.958145,29.050094,28.793083,29.582286,27.547455,31.797419,28.097706,30.978930,28.463061,27.982186,28.380870,29.107355,29.331911,31.973358,24.142806,26.332105,31.069677,31.478794,30.314938,29.110607,32.865025,28.653726,32.566235,27.351023,27.459566,31.462147,28.529067,31.043058,26.716662,29.836434,27.118315,30.813354
WinMart+,30.274972,34.179991,28.131192,29.836619,32.121666,27.328083,27.430102,33.550249,29.002355,27.784719,29.844838,27.951230,28.498283,28.955013,30.237859,26.402469,32.655463,29.858809,24.348284,28.094228,33.411891,0.000000,24.231541,30.953531,26.152795,28.957131,28.245073,31.750729,32.976799,29.487884,22.695580,21.719867,23.400693,27.848379,24.307830,31.703019,28.581061,23.939820,26.693468,24.512186,33.409354,23.621318,26.291007,31.356564,20.434809,28.152148,25.256146,24.394086,28.169099,22.668410,33.116519,31.029726,18.977415,27.564665,31.690107,29.304242,26.130764,22.528005,30.464811,21.610287,34.321553,27.538376,33.312098,28.506634,30.979788,27.611488,29.914280,34.396013,29.437871,22.656320,24.603075,32.199657,31.986401,33.015044,32.106710,30.575796,28.492027,29.714166,24.556710,26.777388,34.320840,33.316666,34.828313,26.151353,22.668100,33.853614,32.705911,22.567072,29.506342,33.140651,30.708773,33.476877,32.713965,32.318100,22.878728,27.342334,24.399485,32.212331,30.057436,33.665024,26.915066,27.727264,30.896250,26.767308,31.121034,27.287834,27.582905,33.700696,28.692512,30.223821,32.932655,27.060512,28.274501,27.424167,33.929446,34.033757,33.688332,26.652452,26.349937,33.093315,29.421683,32.585746,27.495493,31.694593,27.877820,27.320968
Trường Mầm non Hoàng Liệt (cơ sở Tứ Kỳ),26.076595,26.673180,25.194741,26.661495,27.456577,26.150302,26.782172,28.755075,26.292587,26.358311,26.539835,19.799438,27.204415,26.094871,26.966594,23.856727,28.808075,26.359960,23.980707,21.891152,29.002710,23.271664,0.000000,27.534265,22.710659,25.933144,21.769121,28.698013,29.496255,26.459990,19.497089,21.203801,23.800547,24.239234,24.520093,28.339828,24.360163,17.243394,23.747785,24.758754,29.802692,23.282307,19.054946,28.543945,21.783668,25.721657,24.458002,24.609769,25.048679,17.836678,29.565883,28.310609,20.779368,24.640613,28.749937,27.409091,23.661506,23.025672,23.688062,21.792256,30.903345,24.717085,30.077822,25.724517,28.570302,25.227137,27.625288,30.830285,26.394039,23.065666,24.755741,26.445282,29.678103,30.200984,29.235322,28.374734,31.185855,28.523904,22.381402,24.691776,31.326233,30.569615,31.220220,27.463428,23.653572,31.004658,30.059573,23.821595,27.768942,26.263195,24.757224,30.723174,30.338322,30.052040,23.872061,25.448050,22.437834,29.930090,28.215454,30.992157,24.978186,27.354482,23.453054,24.789220,26.345221,25.239838,25.584376,31.069740,27.042487,21.701633,30.640226,25.242964,26.341732,25.552500,28.158368,24.945554,27.253397,25.018144,24.790726,30.867387,29.126823,25.993747,27.359940,25.444172,27.724626,25.732040
WinMart+,30.765256,33.112553,25.408309,26.544437,32.024279,26.170203,25.043508,29.729776,24.236395,29.275065,25.571417,28.586016,26.410319,27.824581,28.560520,27.079505,29.650106,24.835231,20.915562,26.145890,28.386027,30.541041,26.315953,0.000000,29.554941,25.218398,29.395372,29.223453,33.149425,27.279116,27.489097,29.050016,28.942319,25.141184,28.511805,25.038066,27.332171,27.169680,27.590601,28.020685,29.537698,30.250307,27.337779,28.997435,27.017643,25.032766,30.432450,30.044688,24.289937,25.333981,29.118012,20.642924,26.140986,26.174478,26.982384,27.831473,26.550685,27.410015,20.949909,27.532255,32.334801,22.381527,28.827837,27.530864,27.009632,28.993643,25.645866,33.945323,24.372482,28.111645,31.272974,29.285257,30.595005,31.387917,28.578356,20.910750,33.916200,31.446369,27.621449,27.760501,32.403682,30.541484,33.445882,31.106843,27.314436,32.350074,29.392358,28.786677,30.704134,30.714380,27.148814,31.018224,30.070234,29.669767,27.704380,28.874732,28.612125,29.262494,28.797760,31.646492,27.829386,31.991746,28.311657,27.754533,28.107898,28.917569,29.148880,31.848353,25.142451,26.153735,30.931841,31.405913,30.193244,28.946288,32.836777,28.529360,32.526057,27.137366,27.243002,31.356947,29.031829,30.948759,27.201289,29.670015,27.585685,30.736085
WinMart+,27.712208,28.474419,26.678122,27.751975,26.696583,27.712167,25.366816,30.485584,26.066178,30.494765,26.995617,21.421090,28.522428,26.361518,26.656337,18.406932,30.306412,26.801251,20.859833,19.206001,28.610165,31.267793,22.201812,28.761349,0.000000,22.248095,21.452260,29.815674,30.962250,26.931433,21.175022,29.618821,29.464421,22.541629,29.092381,27.527107,18.682323,22.061289,25.341160,28.414565,29.050163,30.918202,21.005809,29.583920,27.353349,25.806212,31.071209,26.867078,20.541082,19.783299,28.887759,25.465697,26.418544,26.066961,27.995050,28.138089,24.483159,28.008454,26.110604,19.269008,32.285100,18.897443,28.962701,28.321492,27.047948,26.707573,27.142326,34.783691,22.060338,28.476309,26.533599,28.785091,30.597768,31.291466,27.129585,28.319473,34.683404,22.085507,20.727180,21.636045,29.058633,27.979546,30.714096,31.634372,25.702408,32.136932,27.290149,27.034140,28.485178,26.438902,24.090995,28.324056,28.073615,25.342574,26.034344,23.240025,18.885246,27.540037,28.975500,26.805935,24.899228,31.836819,20.895578,22.140278,24.896871,22.633106,23.213417,28.934722,27.162248,22.410030,26.103740,23.100471,24.414328,23.413208,27.221267,26.316952,25.882504,23.137454,22.904709,27.938161,29.098277,24.266043,27.326216,23.729680,27.698932,24.160385
Trường Mầm non Sao Mai,25.302464,26.192446,23.656506,24.655489,22.755691,22.894546,23.529425,27.669392,21.670485,26.852731,24.049550,27.116385,21.965414,23.510481,23.886902,25.050913,28.051222,19.601258,14.423729,24.691080,26.043080,29.370329,25.037190,22.696312,27.729210,0.000000,27.679910,27.942588,29.200459,19.459366,26.046790,27.891680,27.895265,18.679003,27.424130,25.065052,25.873389,25.947668,18.698506,27.049652,27.090754,29.121071,25.906751,27.798435,26.030228,18.834451,29.390957,29.114261,17.712227,24.109956,26.853763,21.719201,25.166703,19.667216,26.054621,26.617353,20.090823,26.458882,17.210757,26.549352,31.030584,17.476063,21.671321,22.009953,22.712603,20.066490,25.330076,33.013185,19.130706,27.228667,30.329553,21.361671,29.430328,30.030437,22.876620,20.651114,33.059530,30.771083,18.750682,19.868862,25.598789,24.617064,29.209379,30.314416,26.740589,31.073193,23.811907,28.129224,27.190267,25.407994,23.603091,25.020505,25.246197,25.070075,27.111953,25.546112,17.835313,23.143978,27.726222,25.856227,24.278384,30.829849,19.566917,24.536206,24.270297,25.294640,25.498711,26.180959,24.847030,20.980700,26.221645,27.486000,26.534067,25.667439,28.106080,25.940508,27.991172,24.363682,24.859670,26.807319,28.561980,27.092681,26.797086,26.247885,27.181128,27.453037
KFC,26.827809,28.044674,25.753840,27.407246,28.664266,27.324242,23.554627,30.143906,26.630378,29.193012,27.426253,28.783523,29.322218,26.699390,27.938895,21.854866,29.960893,27.443504,23.415716,24.814278,30.275619,34.214778,26.780024,29.276821,19.490632,26.617681,0.000000,29.538225,30.661731,27.454036,20.511408,30.107336,29.765985,22.182419,30.450959,29.415697,21.526276,22.583298,22.082167,28.383082,30.974147,33.396913,19.952291,29.324884,28.121518,26.247202,33.351113,31.953907,23.975386,18.064564,30.792661,29.214867,26.725282,23.491213,29.649945,27.943092,22.368395,25.484949,23.412606,18.211642,32.009080,23.758975,27.770549,25.414627,27.372414,24.961318,28.566890,39.509812,26.803248,28.837877,30.179299,26.769701,34.156858,31.058714,30.266881,25.321922,38.764869,21.921121,20.854066,24.194839,29.668564,26.399389,32.614518,33.443466,27.924174,33.409524,28.243625,29.974760,29.786245,26.491140,24.306218,26.711379,28.762216,25.613101,28.460131,25.568721,21.348609,27.145359,31.321942,29.524407,24.756320,34.423297,22.912692,24.561811,26.692031,25.156641,25.625761,29.695794,27.614631,23.204334,27.686642,25.253793,26.748738,25.618559,29.128400,27.697858,27.988407,25.004399,24.616674,25.946327,30.451707,26.230650,28.329102,25.482497,28.725218,25.947132
Trường Đại học Công nghệ và Quản lý Hữu ,27.943709,29.699173,25.592490,24.468658,29.336059,26.911669,32.551743,25.604615,26.993930,28.958933,26.653974,30.379684,27.687762,20.968800,27.937327,27.989903,23.478365,28.078389,23.842931,30.156656,30.615213,31.915487,28.051105,29.469560,28.896531,27.322386,28.949757,0.000000,21.379779,27.968230,27.659753,30.478966,21.814365,26.441186,20.535122,29.547253,27.575046,27.370846,28.254883,28.164627,27.443844,31.445641,27.562123,12.979078,28.332655,26.806869,31.523086,24.784957,25.986022,26.055130,30.982369,29.306568,27.472257,27.245954,26.370538,19.436431,27.479126,20.843293,24.169726,28.532847,25.674296,27.122555,31.437219,28.046116,29.484068,26.469966,26.519094,34.490664,25.631470,29.229499,28.165747,30.879684,25.286467,24.937781,30.380139,29.211534,34.393219,32.015396,24.822704,29.439518,32.687638,31.774434,32.828068,31.955187,24.204001,28.042177,31.193263,25.688355,22.124826,31.737861,29.582397,31.949488,31.384894,31.042629,24.515115,30.130174,29.976551,30.918484,22.941374,32.202893,29.738114,28.125565,29.587079,29.489675,29.978834,30.293422,30.448531,32.275033,27.599627,27.807007,31.678823,31.800508,31.013599,30.185934,32.735526,29.607594,32.523687,28.893961,28.821483,31.892514,27.350230,31.528468,25.463585,30.704511,25.927433,31.264347
Không có tên,30.096525,32.274535,27.679442,27.252304,32.775630,29.016755,36.032670,30.135575,29.023745,31.210108,29.421091,32.427060,30.242751,23.073874,30.324758,29.887361,28.739002,30.531603,25.087387,31.961785,29.119484,33.806331,29.537239,32.365604,30.776403,29.381727,30.850927,22.186629,0.000000,30.027848,29.185370,33.499642,25.703498,27.826526,24.363284,30.715670,29.118971,28.861920,30.064523,30.322615,30.396052,33.401023,29.094360,23.030775,30.621470,30.040497,33.373334,28.775109,27.217510,27.262629,31.878726,28.335876,29.616873,28.651518,28.252426,23.175196,28.922480,23.460096,29.849783,29.944804,32.721900,28.299875,33.074627,29.476181,29.690662,31.567492,28.612090,36.651618,26.843526,30.856318,26.966918,31.965352,28.703203,29.828180,30.947892,29.438983,36.403404,33.435677,30.248048,30.002327,34.419108,33.219495,34.247759,33.417949,25.628594,32.183533,32.493474,27.588278,24.948165,33.063280,30.172245,33.438439,32.531724,32.141738,26.105716,30.916050,30.728165,31.962771,25.829361,33.693285,30.491266,31.498598,30.221580,30.176259,30.816857,31.140613,31.316115,33.753321,27.425572,28.167103,32.897379,32.886644,31.964292,30.973521,34.094619,30.238676,33.822959,29.455839,29.284152,33.109052,28.212773,32.578401,26.190932,31.575335,26.650957,32.177560
WinMart+,22.036960,23.517354,24.676767,25.677232,20.442069,24.825900,24.429318,28.459080,23.324130,27.886617,26.884025,27.753577,24.666892,28.481105,29.287646,26.097056,28.661740,21.028685,20.346091,25.490032,29.362962,29.736317,25.720009,27.208592,28.439137,18.810176,28.330431,28.445040,32.773793,0.000000,26.715008,28.353698,28.310574,19.862251,27.880522,27.078195,26.574271,26.538646,20.408171,27.471920,30.060057,29.483659,26.596536,28.279169,26.511217,17.956926,29.713071,29.419408,18.998639,24.811724,29.715453,23.301872,25.683033,20.795644,28.033994,27.051952,21.172423,26.905201,15.587976,26.983387,31.237117,18.418025,24.870149,28.867007,25.205007,27.499843,26.656134,33.053544,20.034886,27.605530,30.496368,27.644508,29.684747,30.290661,25.449561,21.406531,33.088297,30.919643,26.305615,26.701007,30.824383,28.670452,32.851390,30.510733,27.001023,31.246334,27.251392,28.361567,27.544399,29.206120,25.559289,29.297815,28.612012,28.178605,27.366533,27.799561,27.502217,25.282764,28.051528,30.226043,26.406114,30.997888,27.358660,26.501335,26.597640,27.707134,27.966238,30.536695,27.077265,25.241384,29.726716,30.547499,29.216444,27.885291,32.020214,27.690017,31.704241,25.993987,26.320392,30.294121,28.684349,30.026462,26.936965,28.692567,27.315232,29.959590
Không có tên,25.633928,26.060455,24.920165,26.304230,27.014629,25.328363,23.020029,28.249534,25.533186,25.324015,26.278654,25.727624,26.988519,25.748637,26.735400,21.654888,28.395974,26.008982,23.036496,12.988881,28.514206,30.499994,19.778418,27.580859,20.041096,25.519658,21.287028,28.263726,29.146377,26.220949,0.000000,27.951775,28.381523,21.926580,28.996542,28.042926,21.469450,18.455008,21.909003,27.123132,29.391801,30.127705,14.251928,28.140991,26.838987,25.414170,17.109441,29.940807,23.307254,14.079754,29.240607,28.072288,25.765072,22.986808,28.402846,27.163604,22.173631,24.945633,23.130176,16.344825,30.423461,23.214030,26.727653,24.507694,26.552600,24.277858,27.590346,35.076335,25.339138,27.521586,28.874291,25.901815,32.500742,29.747799,28.996571,24.828866,34.961425,21.073771,20.934068,23.749001,28.491537,25.684240,30.905995,31.246103,27.244456,31.777937,27.294707,28.966974,28.838163,25.700645,23.890251,25.957599,27.854861,25.032595,27.687123,24.885147,21.308548,26.436121,30.128054,28.446223,24.263218,32.598894,23.446626,24.058839,25.987912,24.553212,24.980365,28.604602,26.940602,22.507819,26.859451,24.701041,25.922297,25.025377,28.135377,26.659155,27.055529,24.554214,24.245658,25.416924,29.927552,25.607899,27.986475,25.006222,28.365033,25.403848
WinMart+,28.489046,30.273596,23.712472,28.579120,29.969848,26.443231,28.342549,31.236813,28.007264,26.545092,28.551176,29.439430,27.483853,27.939416,28.925531,25.680148,30.920060,28.763592,24.205273,29.280269,31.353299,20.958943,24.008279,29.783351,27.135451,28.103544,27.167441,30.476327,31.409445,28.586554,24.341059,0.000000,24.047325,28.619077,24.885432,30.274800,29.330619,23.775949,27.491465,25.337322,31.770602,18.228470,25.777550,30.202486,16.916813,27.548810,20.399080,25.077693,28.838353,20.471446,31.518063,29.944066,15.653853,28.267347,30.471165,28.635798,26.889813,23.097196,29.733230,29.362961,32.746067,28.211406,31.861686,29.059398,30.035822,28.173740,29.055954,27.303345,29.874696,20.175446,25.110414,31.235366,31.821901,31.769723,30.894835,29.732717,26.771783,26.512720,25.386030,27.371291,32.945543,32.102328,33.119928,24.498042,21.934887,32.558614,31.566830,21.576082,28.889836,32.042840,30.000872,32.252764,31.708459,31.370197,22.118710,27.811446,25.145426,31.270999,29.413415,32.477292,27.450650,28.023213,29.264203,27.316299,30.352205,27.809141,28.065910,32.531777,28.170327,28.585662,31.947724,27.547332,28.680952,27.896207,32.917184,32.252430,32.716223,30.169746,29.347887,32.139223,29.510949,31.775081,27.607093,30.992879,27.983816,30.688568
MM Mega Market Hoàng Mai,34.643643,37.662603,28.610960,23.894005,35.214524,31.769821,36.132513,24.292117,32.212956,32.907670,25.397748,35.993573,26.231843,21.564354,33.306349,33.558268,23.052993,26.587128,23.616757,34.742179,35.736405,32.961005,30.683948,27.727736,30.689912,26.153435,33.781931,21.435301,23.805841,26.673908,28.416244,32.615936,0.000000,32.260451,13.257122,27.607807,33.417521,29.457362,30.609107,28.322432,27.293859,35.570081,31.219180,21.925619,29.113718,25.933375,35.334851,19.176696,32.076081,30.631948,28.407189,26.603389,27.916410,31.354298,26.449368,22.393486,29.596781,15.702095,23.899286,30.456039,26.810335,31.200548,29.409314,31.985450,27.713682,30.756400,26.525122,39.543860,32.988714,29.523678,22.738756,31.257126,26.161580,26.196542,28.262534,27.584716,38.903763,34.548914,31.086116,29.699058,30.719829,30.002037,30.095170,34.925425,23.019100,27.918420,29.508568,24.918672,23.795894,30.098878,30.203753,30.163153,29.853991,29.583573,23.379615,30.785829,29.427960,29.457568,25.530180,30.452384,30.493237,28.275569,27.756347,30.408228,28.740266,30.999880,31.196746,30.543433,26.416922,28.256246,30.176992,30.414554,31.725023,30.836423,31.189278,31.214756,33.763931,31.021779,29.313781,30.425222,27.535592,32.295512,25.753058,31.300380,26.182183,31.546677
Trường Tiểu học Đại Kim,25.059979,25.207967,24.493711,25.015942,23.891376,26.226488,22.749221,26.726690,23.327227,24.237126,24.571393,24.918253,20.822960,24.174605,30.211004,21.521744,27.123221,22.770892,17.842392,22.834062,25.842179,29.137498,24.771204,23.931198,22.480436,18.993923,21.904729,27.171639,27.998724,20.292426,21.467757,27.105434,27.745133,0.000000,28.318947,29.287416,13.512413,22.292794,18.154711,26.476282,30.578809,28.888926,19.501513,27.109060,26.291858,19.729387,29.206436,29.053500,15.821400,21.045872,30.426879,26.718998,25.353079,21.309616,29.487925,26.343066,20.281218,24.697553,24.945290,26.237462,29.368084,18.611027,27.880724,25.493678,27.579592,24.669083,28.479389,33.254430,19.277576,26.933485,28.256573,27.431119,31.677373,28.797362,27.660309,27.445436,33.289613,22.817774,18.523697,20.189507,28.002135,26.816965,31.971455,30.253928,26.894729,29.614377,26.165935,28.436040,26.821421,25.029868,22.836808,27.205283,27.171655,24.104208,27.301353,22.074970,17.404875,26.615349,29.526508,25.788018,23.766317,31.704726,19.767188,20.836562,23.747226,21.282462,21.948977,28.008320,26.397290,22.467302,25.127764,21.993780,23.277687,22.282696,26.389707,26.594313,24.942015,22.187679,22.012735,27.152901,29.626043,23.297829,27.790804,22.842702,28.157598,23.291492
Không có tên,20.626733,35.418367,19.483522,24.054947,27.487247,26.047901,33.743277,24.557358,26.135591,31.698585,25.655829,33.897410,26.524681,21.562903,26.776892,32.364322,23.225432,26.881882,23.703900,33.135937,28.713742,31.613355,29.814766,28.063299,30.013987,26.403564,32.534435,21.430124,24.141841,26.941841,27.926578,31.423230,14.015382,31.384221,0.000000,27.957310,32.299622,28.829800,27.308327,27.783058,27.644670,33.940506,30.477490,21.974015,28.592255,26.133143,33.862339,15.308536,31.326545,30.051578,28.780735,26.844744,27.546852,30.698623,26.715131,22.454055,26.790554,15.290690,23.995101,29.814019,27.378564,30.575075,29.800046,31.296790,27.979905,30.230887,26.798982,37.509050,32.126240,28.998429,23.020856,29.711534,20.019175,26.595392,28.585887,27.832809,37.125072,33.648296,30.583376,29.317448,31.118188,30.360133,30.527463,33.842232,23.156572,28.416657,29.848829,24.836145,23.927383,30.434253,28.656271,30.526196,30.167082,29.883743,23.476346,30.332098,29.065415,29.759060,24.569939,30.810013,28.821370,28.419701,27.542862,29.971451,28.993835,30.511635,30.702652,30.901031,26.591631,28.037592,30.488797,30.772031,31.203275,30.394444,31.518456,30.813692,31.353078,30.603251,29.038012,30.732372,27.511697,30.523812,25.740453,29.802565,26.169668,31.105612
Không có tên,29.186019,32.109585,27.250437,28.883732,30.691894,27.125414,27.953721,33.373310,25.382986,30.995948,21.423922,32.528334,28.431574,25.419635,24.964011,29.403095,32.466765,28.986595,23.013968,31.963487,21.883224,34.229050,29.075164,28.061666,29.829079,27.778837,30.647459,31.366564,31.963672,28.705727,28.718000,32.232625,29.260241,26.617813,28.795391,0.000000,28.625623,28.340999,29.000571,30.405843,26.506116,33.706964,28.607723,30.967977,29.235389,25.557372,33.650909,30.455966,25.931996,26.605296,25.766661,23.015775,28.168164,29.154398,23.603561,26.627466,28.853918,27.547758,26.593275,29.662774,31.388384,28.406432,29.906361,30.537755,25.205619,29.413351,22.991607,37.520698,27.684191,30.282659,30.626272,29.787393,29.715843,30.444095,26.480695,25.485377,37.155030,33.621655,27.902048,27.988467,33.511943,31.371109,33.422015,33.635780,27.375852,31.580817,30.082979,28.903189,29.982828,31.413270,27.443256,31.864984,30.685977,30.173781,27.787321,29.151000,28.869205,29.797292,27.833580,32.462658,28.111863,31.257557,28.501873,27.986765,28.428022,29.234167,29.478230,32.639004,23.452952,26.226384,31.493806,31.837209,30.550848,29.217596,33.449927,28.699720,33.091363,27.295904,27.406175,31.902398,28.636741,31.360884,26.807975,30.018201,27.203768,31.048090
Cà Phê 3k,25.790544,26.046339,25.148951,26.248788,26.721045,25.504007,23.744011,27.690501,25.605224,25.508847,26.199449,25.964384,26.679624,25.777039,26.533794,23.159867,27.927217,25.974118,18.808511,24.371428,27.989248,29.423724,25.566565,27.199055,21.575918,19.590528,23.991366,27.873089,28.587011,20.404685,23.042873,27.579354,28.032272,16.593141,28.559618,27.655038,0.000000,23.477230,19.538410,26.892231,28.789228,29.181189,21.425417,27.781638,26.742942,25.753259,29.446380,29.258931,21.533209,22.511185,28.661483,27.116844,25.862757,20.665070,27.997002,26.992616,20.429584,25.131604,23.618364,26.673771,29.708008,21.766767,25.669409,22.634221,27.838015,22.721883,27.281297,33.043264,25.786411,27.303150,28.480368,24.988093,31.655955,29.190163,27.900863,27.744372,33.090039,23.350422,23.805257,23.186891,28.223187,24.872271,30.056722,30.349360,27.130241,30.997881,26.782976,28.598774,28.525733,26.015263,23.469025,25.170860,27.523169,25.035934,27.519042,24.847877,19.790275,27.071780,29.633825,28.432046,23.965389,31.677803,21.904969,23.653516,26.299435,24.332304,24.949713,28.315668,28.165187,23.918227,27.463788,24.566195,26.282816,25.003958,29.123802,28.560223,27.771969,24.384390,24.030311,25.518853,29.680966,25.787637,27.880890,25.005338,28.236013,25.487458
Không có tên,25.828080,26.246937,25.126026,26.444627,27.092525,24.701281,26.340304,28.264369,25.073963,24.470825,26.424861,21.024404,26.060559,25.914706,26.818303,21.959240,28.461582,25.414697,22.995580,23.037252,28.581943,23.527361,18.397766,26.749533,20.592771,25.060479,21.890272,28.325562,29.178118,25.668234,18.392899,21.834884,23.933612,22.096384,24.589731,28.118750,21.792705,0.000000,22.048557,24.778060,29.421908,23.622568,17.984970,28.204622,22.179575,25.045550,15.849752,24.708555,23.198624,16.593322,29.260580,28.134268,21.288803,22.942195,28.460745,27.234956,22.251923,23.187721,23.074185,15.192608,30.422206,23.128346,29.790977,24.199567,28.383245,23.994615,27.593148,29.867933,24.766313,23.284546,24.788078,25.440980,29.344703,29.764110,29.028161,28.289167,30.319273,16.316817,21.158059,23.609770,31.031172,25.320180,30.832631,27.170447,23.852925,30.528363,29.881381,24.100807,27.619393,25.309938,23.751860,25.524326,30.170148,24.738651,24.114269,24.563110,21.409228,29.799933,29.385648,30.775767,24.052428,31.470082,22.752647,23.838767,25.565788,24.261814,24.646515,30.866539,27.002456,21.939659,26.352124,24.414176,25.474762,24.700558,27.507194,25.582787,26.505288,24.307715,24.090945,25.116040,29.554411,25.256921,27.748746,24.768916,28.109666,25.079320
WinMart+,26.793427,27.623306,25.534183,26.552303,25.303400,26.267775,25.216330,29.185502,24.622853,28.779808,25.905463,23.858877,21.668958,25.338644,25.616556,22.023644,29.269831,24.346134,16.987635,22.257850,27.569511,27.420218,23.978703,25.536265,24.449205,18.729159,21.432667,28.952574,30.066141,20.674546,21.253149,25.939678,28.737939,18.515564,28.349164,27.473834,15.854114,21.953966,0.000000,27.906872,29.062835,27.286302,19.809064,28.772624,25.448274,19.832414,27.650718,29.759835,16.025504,20.973814,28.872595,22.110791,24.679463,21.208552,27.973593,27.488274,23.245867,27.353319,19.219500,25.402577,31.531892,16.500874,25.108872,26.404926,23.024456,21.845277,27.050069,30.945255,19.563529,26.043921,27.314151,23.695950,29.993626,30.605295,23.170705,25.879972,31.144957,22.506334,18.714844,20.356735,26.013947,23.770663,30.757617,28.856421,26.319835,31.497370,24.081526,27.610048,27.912813,22.358101,20.608956,24.308341,25.536317,21.865386,26.661822,22.241542,17.480332,24.951101,28.402896,24.518545,21.759594,31.244205,19.863174,20.983325,21.713660,21.457678,22.123936,25.715049,25.059043,21.630684,25.344522,22.144382,23.472429,22.445222,24.910724,25.729918,22.365259,22.314924,22.142748,25.287356,28.827441,23.459056,27.086110,24.977542,27.458600,23.434517
WinMart+,32.630552,34.855568,27.004999,25.449426,33.307920,30.262800,32.961325,25.941608,30.924528,31.036203,31.707657,33.232242,30.756411,23.575436,31.857570,31.803892,25.225793,31.468549,27.183303,32.503997,34.039487,30.855782,29.017206,32.125880,29.417436,30.717410,32.001436,24.307864,26.148700,31.054476,27.142307,30.719826,18.945215,30.850447,21.152920,32.775354,31.764490,28.073612,29.484384,0.000000,33.941380,33.437985,29.910109,24.433683,27.890029,29.864130,33.388822,19.544619,30.832029,29.530310,33.704643,32.163209,26.815569,30.199217,32.697765,24.086020,28.663717,16.203993,31.461559,29.223635,28.013933,30.087450,33.772220,30.848677,32.033456,29.788949,27.206893,37.323843,31.697809,28.370772,22.261922,30.370478,28.932880,27.381146,32.914036,31.631694,36.927937,33.324207,30.181972,28.882916,34.490544,33.729769,34.864356,33.464777,22.769005,27.446009,33.255501,24.643105,24.137954,33.567040,29.414898,33.828867,33.236607,32.892007,23.111832,29.963196,28.647089,32.839347,25.302345,33.961306,29.677407,28.023734,27.115271,29.569329,30.566165,30.120287,30.328545,33.974351,30.044283,27.655665,33.345743,29.633304,30.850671,30.026199,33.388410,30.507442,32.841868,30.268949,28.671665,33.477194,27.457829,31.461171,25.675817,30.559104,26.110612,30.793494
WinMart+,28.599228,30.757682,25.191205,25.529592,29.336122,26.859206,27.659922,28.553492,25.497319,29.978936,20.981542,31.398586,27.799547,23.581733,25.263617,28.787007,24.961508,28.272340,23.438765,31.046313,21.627366,32.966635,28.638992,29.087267,29.177328,27.409763,29.835942,27.842818,30.272295,29.309839,28.299381,31.333063,28.286738,26.478173,27.781270,24.538124,28.219750,27.987987,28.483764,29.879975,0.000000,32.560987,28.213129,26.017950,28.856024,26.742685,32.586790,29.568895,25.921830,26.513675,23.368972,21.504308,27.918070,29.445013,20.309210,25.731799,29.214774,26.692537,27.328535,29.196913,30.233600,28.704897,30.390530,30.689392,24.223412,29.682954,17.537363,35.881929,28.011327,29.809470,29.954932,30.033130,28.858579,29.435040,25.222353,24.656461,35.679906,32.873738,28.331532,28.328218,33.123452,31.411233,32.244484,32.792708,26.874558,30.640372,30.357136,28.315643,29.276038,31.429676,27.995258,31.797448,25.924760,30.354248,27.267458,29.346697,29.101736,23.424767,27.057662,32.288742,28.500020,30.414983,28.718419,28.325936,28.801807,29.454559,29.675628,32.434299,22.807209,26.559957,31.471341,31.761105,30.610212,29.414669,33.178604,28.872921,32.866401,27.652825,27.724329,31.826419,28.311767,31.343820,26.530908,30.138872,26.932135,31.048167
Trường Tiểu học Chu Văn An,31.753588,34.569378,29.840348,31.053067,32.912516,29.239331,33.473567,33.922912,30.249086,29.999366,31.087462,30.494152,29.984608,30.265220,31.325957,28.657261,33.263819,30.940203,26.045096,30.172126,33.904278,28.011963,27.058909,31.773254,27.891174,30.133452,29.854572,32.393523,33.476485,30.552135,17.751983,20.780195,27.180065,29.339567,27.823145,32.489357,30.098370,17.338537,28.173055,29.320774,33.869693,0.000000,20.565648,32.026790,18.571369,29.301459,19.825631,28.555564,29.452972,20.635097,33.614755,31.856185,17.501495,28.921080,32.374380,30.119584,27.528809,25.813631,31.190178,18.325512,34.561112,28.864995,33.740664,29.678685,31.718908,28.752197,30.802065,18.464188,30.481560,20.753981,27.788326,32.710104,32.451122,33.376850,32.749005,31.360835,32.473589,28.512384,26.025232,27.941097,34.594286,33.731070,35.012103,26.830090,22.968567,34.091467,33.202934,22.967959,30.229796,33.569597,31.358610,33.856891,33.198035,32.828610,23.244046,28.326072,25.740089,32.760410,30.729242,34.017079,27.996755,30.139747,30.488251,27.864183,31.748568,28.355589,28.610195,34.045180,29.556193,29.785490,33.361481,28.070796,29.193525,28.418837,34.238694,33.735816,34.011990,27.624752,30.444210,33.509631,30.386310,33.032424,28.413935,32.231852,28.780112,28.212673
AEON MaxValu Linh Đàm,24.481351,24.558337,24.028469,25.401093,25.855808,23.858454,22.046028,27.082198,24.578758,23.261580,25.373733,23.964690,25.581830,24.930825,25.816078,20.222148,27.431299,24.930588,22.324409,21.414366,27.471423,28.877491,19.532696,26.495789,18.543867,24.582185,18.510061,27.445489,28.250761,25.277768,13.912327,26.714886,27.511950,19.484017,28.126861,27.162980,17.734930,18.342478,20.092096,26.244902,28.484770,28.626277,0.000000,27.367517,25.926735,24.657139,19.840150,28.879476,21.085545,16.719188,28.338803,27.314816,24.953982,21.284273,27.606602,26.567696,20.763236,24.374826,23.730043,18.961679,29.556539,21.272625,25.907081,23.037238,25.892046,23.017699,26.861169,33.391094,23.276295,26.639871,28.073355,24.918139,31.673906,28.987111,28.215485,25.606904,33.413627,21.540109,19.659143,22.448417,25.639639,24.832805,29.968797,30.163742,26.717835,30.940535,24.491415,28.296471,28.224129,24.519682,22.742772,25.083945,25.380606,23.949199,27.124044,23.728993,19.970665,25.005307,29.431331,24.365154,23.088384,31.702266,24.076608,22.818111,24.940265,23.270333,23.759291,25.818867,25.074120,23.041510,25.866709,23.591650,24.774693,23.895213,27.219786,27.857823,26.037813,23.566629,25.004397,24.514449,29.583732,24.609007,27.719873,24.098583,28.092442,24.472360
WinMart+,28.467138,30.190284,26.393066,25.669644,30.137592,27.574259,32.984719,27.162201,27.638210,29.510053,27.578019,30.856967,28.439419,22.415020,28.612645,28.515757,25.675080,28.770310,24.484813,30.593013,31.254981,32.324994,28.559056,30.025027,29.363116,27.966931,29.389573,14.039681,24.308801,28.559853,28.073789,30.893650,23.265784,26.882672,22.150668,27.046495,28.009298,27.801314,28.748582,28.618428,26.612830,31.817114,27.991580,0.000000,28.740456,27.341870,31.872436,25.884665,26.452217,26.470540,31.452795,29.775211,27.886395,27.690558,25.688681,18.111000,27.916482,22.017102,24.665646,28.873801,23.822980,27.466872,29.261881,28.440889,29.885494,26.862793,25.836528,34.728815,26.017920,29.595886,27.841426,29.288166,24.522370,23.714968,30.793604,29.581548,34.606350,32.230193,25.212173,28.273660,30.789278,29.958813,33.171895,32.221774,24.632432,27.380986,29.390123,26.133663,21.316228,30.061060,28.167092,30.144894,29.777690,29.481926,24.957358,28.877957,28.732052,29.335552,22.161371,30.473274,28.376353,27.615266,28.482417,28.224699,28.547161,28.964049,29.119608,30.574592,27.959515,26.886544,30.152112,30.491157,29.728414,28.961224,31.281201,28.577710,31.103816,27.746331,27.796354,30.424029,27.222895,30.221466,25.325830,29.463167,25.800975,30.100782
WinMart+,27.343843,28.234005,22.794023,27.622486,28.467554,25.829868,25.549607,29.520622,27.207765,25.790620,27.557624,25.766555,26.708579,27.152699,27.873615,25.203590,29.513514,27.838643,24.109054,26.122464,29.750204,20.520144,23.974011,28.738475,25.278297,27.356970,26.356029,29.347866,30.044016,27.774608,22.840712,17.829885,23.271706,26.423442,23.973120,29.051714,26.752516,23.700505,25.760902,24.022625,30.340249,14.349845,25.359072,29.183743,0.000000,26.959197,21.383913,23.972397,26.833951,20.998058,30.110380,28.935146,12.990654,26.433641,29.362011,28.035727,25.454012,22.620329,28.961490,26.377640,31.286687,26.424546,30.508029,27.153823,29.106138,26.565066,28.216920,22.821603,27.664133,17.051044,24.269400,30.228339,30.118513,30.652791,29.748129,28.878411,22.067170,24.220035,24.260582,26.030612,31.587584,30.891703,31.542584,21.125211,20.734663,31.368867,30.426138,20.029252,28.308526,30.912418,29.230543,31.022090,30.654119,30.373188,20.849404,26.483854,24.104195,30.275287,28.197867,31.256609,26.165848,26.838621,27.879479,26.014306,29.512909,26.413396,26.669127,31.315919,27.590145,27.221016,30.894581,26.295283,27.235174,26.579802,31.801821,30.665139,31.635347,26.016135,28.116778,31.102484,28.839659,30.854101,27.162576,30.179635,27.521271,26.584996
WinMart+,28.722214,30.346114,24.023370,24.768445,29.151852,23.773128,27.852039,26.691723,26.279067,26.117998,24.516523,30.913830,23.461386,26.526152,26.311460,25.008974,27.156668,21.101475,18.663627,24.770197,25.945226,32.265565,28.651304,26.152310,26.846530,19.488240,26.784688,27.237317,30.628561,19.264140,25.736527,30.926184,29.052026,20.024162,28.698176,23.813591,25.624854,25.717919,20.530839,29.725005,27.002385,31.943748,25.654305,27.163862,28.836684,0.000000,31.999270,29.978605,19.317995,24.283786,26.660493,20.633351,28.009468,20.838727,25.537964,27.017821,15.659332,27.727952,13.580879,29.125451,30.539060,18.719301,19.659816,26.817200,22.176652,25.294859,24.696289,34.802533,20.116374,29.674275,30.204177,25.161944,29.416611,29.923176,22.447146,19.185238,34.700383,32.422230,24.603787,25.291811,27.106487,25.350452,30.093679,32.284605,27.501696,30.797056,24.028569,28.768355,29.671590,26.437583,23.622069,26.026996,26.094738,25.813302,27.859188,26.199674,25.915048,22.942864,27.936694,27.238414,24.560769,30.607200,26.050376,24.876452,24.590331,25.935398,26.194080,27.677213,25.321056,24.240096,27.436136,28.805550,27.529112,26.328133,29.916936,26.503092,29.694430,24.602613,25.163047,28.153226,28.591798,28.280515,26.915798,27.093964,27.282164,28.520888
Trường Mầm Non Hoạ Mi,31.495649,33.815265,29.788332,30.895824,32.508225,29.214841,32.970915,33.442177,30.152272,29.878429,30.910255,30.330093,29.895405,30.179202,31.131556,28.675000,32.919644,30.794863,26.218144,30.063540,33.479793,28.237960,17.920018,31.575736,19.278800,30.055328,19.074736,32.169493,33.157857,30.444981,17.186123,22.150857,27.295731,21.763220,27.897831,32.224668,19.876074,16.436371,21.782463,29.302444,33.518619,20.023841,20.149914,31.839741,19.867244,29.278162,0.000000,28.589196,21.356316,20.091948,33.274935,31.675519,18.814660,22.503235,32.157110,30.061606,22.012682,25.989462,31.083243,16.781216,34.209637,21.416780,33.423955,23.463156,31.571641,23.322900,30.683007,31.527453,22.440858,21.670147,27.859069,32.515985,32.276548,33.132283,32.516142,31.227509,31.920848,17.680143,21.126733,24.170861,34.266981,33.462380,34.609107,27.086464,23.248723,33.811940,32.963263,23.323462,30.172153,33.324545,31.252877,33.581912,32.982909,32.635684,23.515296,29.285751,29.128924,32.574542,30.648267,33.742303,22.578781,30.082171,26.134549,22.361389,31.608105,22.666635,23.019984,33.776277,29.527121,25.283119,33.145205,22.939272,28.597470,23.148208,33.992965,29.495026,33.783392,22.970665,26.694255,33.299866,30.351824,32.857468,28.426488,32.098513,28.780983,23.657964
WinMart+,35.902779,39.834571,29.501786,26.894182,36.613901,32.767801,38.847165,27.894468,33.077820,34.264662,34.267495,38.313944,33.119448,24.597729,34.342331,34.869654,27.210198,28.894187,28.501815,36.504579,37.071588,34.527685,31.784696,29.837808,31.538435,28.292441,35.119078,26.146864,28.985400,28.739428,29.191396,33.991945,19.348329,33.270676,22.747192,35.223007,34.669652,30.357333,31.362869,29.206038,29.677956,37.329295,32.129735,26.133519,29.860572,27.757573,36.916043,0.000000,32.968557,31.383479,36.182380,34.189865,28.543308,32.164131,28.576529,25.154213,30.204572,14.005818,32.948575,31.294609,30.796369,31.980412,36.017435,32.802989,33.846884,31.408547,28.592806,41.500005,33.936201,30.243720,23.238458,31.880073,29.951226,29.468331,34.991813,33.306865,40.601686,35.504009,31.726253,30.248508,36.544667,35.662114,37.287727,36.034827,23.330797,28.459752,35.144451,25.452325,24.729585,35.356338,30.749195,35.758079,34.938061,34.527495,23.743126,31.352669,29.939008,34.505902,26.007766,35.829525,31.068226,29.221223,28.145785,30.977444,31.934187,31.623632,31.812219,35.808545,31.345345,28.642509,34.983702,30.951089,32.349893,31.406338,34.962163,31.718236,34.469399,31.563155,29.754897,35.069434,27.774342,32.918382,25.914574,31.843666,26.355864,32.090071
WinMart+,23.785901,23.635186,23.727936,24.341587,23.106408,25.199770,21.967817,25.912578,22.546359,22.507060,23.904477,23.279928,19.745672,23.649687,29.711005,20.301651,26.429541,21.839082,16.965647,21.645705,29.843162,26.924849,23.523298,23.123764,20.756306,17.985021,20.608691,26.663622,27.342244,19.437878,20.609675,25.494903,26.803635,17.014978,26.438307,28.755990,19.746128,21.388111,16.015409,25.284607,30.162274,26.746960,19.184740,26.620398,25.077742,19.029166,27.135532,27.401246,0.000000,20.418718,29.926048,26.196175,24.326291,18.273457,29.132658,25.943594,19.013516,25.820530,24.226098,27.607093,28.867514,15.515329,27.144043,23.530129,27.109939,23.284312,27.988869,30.328273,19.350651,25.685417,26.988626,26.533598,28.075036,28.342652,27.127818,26.878065,30.553415,25.945491,17.052398,20.414107,27.285013,26.021912,31.529155,28.459617,26.067041,29.166282,25.391712,27.211481,26.448298,24.073712,21.248542,26.438481,26.567024,23.256850,26.333257,22.715782,16.806585,25.992335,26.847818,25.075869,21.614246,29.113250,19.767652,21.180263,24.526355,21.795467,22.614418,27.345417,25.948546,22.281940,25.882414,22.539503,24.260824,22.931966,27.805233,27.297230,26.163473,22.644888,22.419951,23.971756,28.009089,24.053809,26.480696,23.403183,26.834772,23.929180
Trường Tiểu học Chu Văn An,23.722787,23.569004,23.437780,24.674069,24.860521,22.929328,21.636947,25.960797,23.828074,22.210944,24.579552,22.936390,24.431546,24.271097,24.973561,19.978615,26.422272,24.052186,21.963839,20.908605,26.400181,27.223678,18.790242,25.448781,19.839429,23.859895,18.747529,26.585653,27.220641,24.470533,14.464259,21.103919,26.605062,20.875018,27.172587,26.234213,19.799848,17.508018,21.092207,25.419749,27.469109,20.383655,18.135019,26.553786,19.951922,24.042506,19.555119,27.691102,22.029753,0.000000,27.282524,26.516723,19.324778,22.139952,26.757633,25.965427,21.520132,23.914186,24.007498,18.467084,28.519925,22.077256,25.123671,23.601976,25.271344,23.430567,26.097436,25.313794,23.787259,21.016625,27.189351,25.075972,30.565562,28.084823,27.324854,25.713046,26.086747,19.885195,20.420469,22.891944,25.709174,24.980626,28.794466,24.164975,26.164945,29.849606,24.650935,22.424343,27.507595,24.709240,23.124054,25.199441,25.498172,24.156170,26.516352,23.954947,20.551688,25.143834,28.578815,24.517043,23.390894,30.509723,24.054845,23.147502,25.055084,23.574968,24.011039,25.854259,25.201038,23.006662,25.902071,23.818875,27.037321,24.104907,27.139307,27.890007,26.052783,23.764669,25.026229,24.629342,29.128559,24.740551,27.400445,24.262762,27.755116,24.591640
WinMart+,30.385849,33.005722,28.483731,30.087994,32.126974,28.594447,28.992960,34.139558,27.570563,31.910707,24.174307,33.197356,29.999029,26.922895,28.289188,30.351526,33.197224,30.351457,24.439453,32.600150,26.481053,34.656339,29.909250,29.880624,30.677353,29.085833,31.381960,32.066525,32.579002,23.673177,29.487129,32.799373,29.851681,27.517696,29.439884,27.142190,29.427356,29.128731,29.900541,30.987164,29.398126,34.154851,29.393232,31.655141,29.883099,21.191698,34.070883,30.920260,26.870584,27.395043,0.000000,18.903436,28.857528,29.741139,22.952958,27.346737,29.521917,28.179417,27.612464,30.263004,31.894860,28.934319,31.306988,31.082430,20.005102,30.120358,20.030707,37.629262,28.290628,30.821455,30.972801,30.532861,30.208507,30.965747,23.004601,19.529627,37.274039,33.898742,28.601194,28.559073,23.601179,32.104997,30.020876,33.969758,27.757787,31.986466,24.268283,29.268975,30.377533,32.038075,28.285554,32.502103,23.950351,30.854493,28.168264,29.680910,29.426765,23.458943,28.398352,24.229032,28.852562,31.647143,28.992839,28.640396,29.188864,29.830864,30.060059,33.103213,21.759476,26.746741,32.000023,32.196692,31.001580,29.753725,33.723409,29.139007,33.380522,27.923819,27.916825,32.343314,28.847828,31.771911,27.025405,30.495328,27.415375,31.404532
WinMart+,28.287899,30.141210,26.959191,28.091316,28.810642,26.741559,27.516258,30.819835,25.558299,29.519119,22.891071,30.873566,27.551254,25.441864,25.384615,28.505335,30.627381,22.151510,23.664678,30.608638,23.826339,32.360156,28.432119,20.624945,28.875214,27.247048,29.449960,30.143963,29.936302,21.265853,28.101358,30.904543,28.506585,26.425358,28.117984,23.158578,28.037798,27.824422,28.250752,29.621935,25.946243,32.014234,28.025940,29.893055,28.669861,18.818107,32.069800,29.520612,26.184044,26.466173,18.830054,0.000000,27.796433,26.118338,21.628175,26.409196,25.579744,27.171631,17.209239,28.969074,30.011285,25.963149,22.068741,26.870013,17.942789,25.570181,19.668635,35.079770,25.075976,29.576939,29.850530,25.495983,28.946756,29.412442,18.405796,17.692651,34.947233,32.472639,24.934198,25.489656,20.367547,25.749192,26.020022,32.360287,27.148531,30.366900,21.791703,28.408749,29.282475,26.568271,24.166287,26.254878,21.642867,26.024950,27.499211,26.274064,26.031497,21.126793,27.437269,22.112704,24.907531,30.199766,26.132591,25.133580,24.952834,26.069859,26.299986,27.560740,19.662431,24.453688,27.372241,28.571763,27.452596,26.398835,28.300392,26.531713,28.154245,24.848463,25.330246,26.692979,28.381983,27.040452,26.695030,26.033969,27.072845,27.460609
Trường Mầm non A Tứ Hiệp,27.297875,28.067489,21.239931,27.541956,28.281792,25.889359,23.083588,29.236771,27.144340,25.873604,27.465143,25.905403,26.680797,27.118882,27.748402,25.325076,29.264527,27.721114,24.240850,26.194578,29.471145,18.113328,24.233136,28.556768,25.339179,27.274996,26.336789,29.139885,29.759801,27.660623,23.101635,15.568295,22.008686,26.403052,22.684386,28.838188,26.712779,23.907823,25.777103,22.339003,30.035963,20.983522,25.408796,28.982034,13.254680,26.895067,22.043311,22.492529,26.782857,21.398387,29.811983,28.735788,0.000000,26.405664,29.138830,27.991666,25.469168,21.636617,28.779092,24.153521,30.934017,26.388236,30.187828,27.068199,28.904544,26.499611,28.052586,19.364404,27.522137,12.983147,23.053317,29.964133,29.957511,30.450644,29.488901,28.691664,18.399230,22.371902,24.321556,25.997779,31.225628,30.578621,31.145538,18.269201,19.614350,31.122242,30.130704,18.584034,28.239621,30.603917,29.034777,30.694005,30.370213,30.099669,19.666609,26.399986,24.145899,30.008999,27.009722,30.914785,26.109849,25.582825,26.816803,25.962427,29.286652,26.342517,26.586323,30.978045,27.478715,26.153911,30.592491,26.229365,28.768987,26.501851,31.460321,29.531650,31.305072,25.956766,27.169950,30.793021,28.110126,30.573609,26.638226,29.937475,26.941527,26.499214
Cà Phê KOK,24.871145,24.929816,24.650407,25.364640,24.198719,27.383181,23.104043,27.105989,23.676159,24.212250,24.856853,24.825451,21.341615,24.524439,30.545982,22.172625,27.480964,23.243660,18.296566,23.338145,30.767509,28.151799,24.721004,31.433013,24.594540,19.481577,22.677648,27.541689,28.303902,20.698016,22.171314,26.600991,27.560184,21.382535,27.200821,29.501491,17.230524,22.702493,19.313158,26.158802,31.082546,27.965368,20.768037,27.455102,25.993839,27.555675,28.279855,28.317239,17.972253,21.835554,30.826153,26.466904,25.209078,0.000000,29.770951,26.605432,22.110494,26.488317,24.162719,25.851198,29.750811,17.354521,27.801768,22.234429,27.515760,21.923706,28.462208,31.456830,15.402766,26.552147,27.745470,27.208938,28.768798,29.135432,27.558853,27.309236,31.600454,23.013026,15.282504,18.883190,27.958411,26.410063,32.597080,29.351821,26.632061,29.943413,25.610458,27.873531,27.055547,23.966616,21.562673,26.930519,26.958626,23.009601,26.957924,21.339075,15.607853,26.273312,27.473788,25.219743,22.725559,29.833803,18.729659,19.763876,22.687339,20.253201,21.107207,27.950457,26.126341,22.000037,24.457507,21.276924,22.765830,21.588241,26.004585,23.138245,24.788319,21.596435,21.466451,26.904929,28.329275,22.851505,26.748104,22.377649,27.096456,22.889699
Không có tên,27.674352,29.370806,24.100171,24.281973,27.989532,26.198508,27.099825,26.372797,24.978652,28.852995,20.414893,30.273769,26.884355,22.614528,24.654942,27.956596,23.754647,27.323229,23.400022,30.077547,20.638944,31.763884,28.013444,26.116108,28.335252,26.694248,28.873696,26.389253,27.683702,26.979740,27.648526,30.387720,27.007195,26.047079,26.548801,22.344454,27.584300,27.388587,27.732136,29.226457,19.163115,31.371021,27.582170,24.932497,28.309553,24.979374,31.463427,28.178417,25.619392,26.113939,21.266754,20.518674,27.476859,27.991240,0.000000,24.903121,27.660978,25.769461,25.868031,28.537428,28.377715,27.512428,27.103530,28.861970,21.494536,27.859214,16.783160,34.353987,26.792812,29.205246,28.833220,28.011377,27.633824,27.913046,21.558307,22.262728,34.267180,31.985610,26.958646,27.140331,25.010064,28.751634,25.542321,31.901198,26.274912,29.021404,27.899439,27.454759,28.774993,29.064591,26.582219,29.097372,23.779119,28.357760,26.551227,27.925141,27.715967,24.652513,26.151061,29.677748,27.024946,28.968259,27.553153,26.989585,27.192272,27.916786,28.119386,29.874133,21.161017,25.757061,29.381907,30.021830,29.014473,28.020302,31.029098,27.779804,30.816433,26.525402,26.736566,29.802565,29.077674,29.645378,27.207345,28.653753,27.595974,29.604749
Trường Đại học Kinh tế - Kỹ thuật Công n,25.972438,26.969685,24.409936,23.628658,26.366635,25.252752,33.966213,23.970377,25.330632,26.613325,24.886288,33.861702,25.604635,21.602988,25.818720,26.074639,22.972262,25.897860,23.233160,33.260435,27.396148,32.364231,31.094948,26.893222,26.739165,25.490261,26.699582,18.393890,22.105229,25.943559,29.354217,32.085195,22.017198,31.680696,21.327084,25.092064,32.373103,30.027447,26.252813,29.632272,24.706285,33.565074,25.858965,16.325484,29.891879,25.228701,33.460221,28.942811,24.730884,30.546367,25.835002,24.413542,29.136626,25.632699,24.143710,0.000000,25.794239,24.197825,23.344046,30.435302,16.296623,30.881108,26.847716,26.246551,25.536133,25.052497,24.193130,35.719216,31.939086,29.995873,22.270840,27.196687,16.933035,12.642434,25.889644,25.477482,35.464866,33.058840,26.566493,29.660078,28.186256,27.578818,27.404072,33.276939,25.325154,17.208205,27.125458,26.927884,15.757070,27.751234,26.384084,27.714055,27.576217,27.351004,25.684684,27.038556,26.922008,27.217933,16.256597,28.022264,26.548479,19.682192,26.802655,26.473377,26.644895,27.053983,27.186059,28.123328,24.518613,25.523323,27.898107,28.348733,27.714232,27.106720,28.888145,26.917208,28.764796,26.124840,26.248658,28.159871,24.821314,28.111656,23.423864,27.512851,23.818383,28.119441
WinMart+,30.886975,32.200838,25.090000,25.865506,24.734070,25.359923,24.869009,27.705589,24.227895,27.296001,28.021540,23.713631,22.130499,29.129800,29.811492,22.231075,28.001219,23.936285,18.927687,22.451561,29.981530,26.693056,23.834825,30.695213,23.866204,20.210346,21.751360,27.979004,32.319918,28.546281,21.554441,25.495090,27.928014,20.428327,27.580466,28.480568,17.666970,22.091450,23.159492,27.267343,30.422913,26.590872,20.429517,27.870986,25.129024,25.889216,26.932376,28.848897,19.000187,21.352493,30.133476,25.771180,24.473621,20.792651,28.946864,26.933636,0.000000,26.808384,17.038115,25.029751,30.190219,18.160410,25.777983,20.863283,26.663533,20.228716,27.649957,29.654217,19.385085,25.666299,26.836444,23.918865,29.112326,29.524823,26.749997,26.465279,29.899111,22.544511,16.965655,23.019827,26.885409,23.915716,32.285920,28.106097,26.026253,30.327781,24.281945,27.102402,27.354772,21.911692,19.817206,24.673344,26.052338,21.373241,26.318614,23.879623,23.540963,25.309172,27.778653,24.807324,21.303195,30.192111,24.160154,22.173726,21.238367,23.213057,21.184378,26.419551,25.371318,22.564964,25.791521,23.294876,25.354486,24.060622,25.189787,24.884542,22.121465,19.928933,23.316429,25.655709,28.476744,22.884575,26.866983,25.193384,27.220926,24.453906
Trường Quốc tế Singapore,34.098584,36.534607,29.149983,23.376085,34.585454,31.656289,35.475415,23.629108,31.980431,32.662411,24.648473,35.300693,25.381466,21.440164,32.922806,33.191723,22.635608,25.692057,23.158982,34.253119,35.040383,32.834505,30.892223,26.699059,30.620663,25.340084,33.282946,21.400990,23.169826,25.791160,28.675105,32.460815,23.620387,31.970760,15.140950,26.551590,32.996242,29.607057,30.463799,28.810418,26.250209,34.845415,31.037839,21.752466,29.369264,25.151813,34.632314,25.952834,31.779714,30.463519,27.238851,25.720495,28.346060,31.105696,25.562646,18.320235,29.481722,0.000000,23.345873,30.331055,25.570868,30.942452,28.147240,31.628272,26.733141,30.462436,25.581343,38.099720,32.473479,29.624450,24.088915,30.879477,19.604805,20.252501,27.165754,26.626394,37.588018,33.879541,30.745164,29.476258,29.370873,28.747756,28.722071,34.228524,23.473798,18.998867,28.297378,25.234484,18.484284,28.863818,29.912499,28.874988,28.663092,28.420985,23.830243,30.380725,29.164272,28.309256,19.017753,29.150779,30.151236,22.051438,27.586832,30.059543,27.677263,30.608135,30.779711,29.232630,25.587316,28.013638,28.951068,30.034593,31.233480,30.425600,29.890033,30.720734,33.069068,30.567577,28.998152,29.187472,25.280705,31.743116,23.928657,30.824813,24.292553,31.028341
WinMart+,27.977805,29.306300,26.917833,27.778745,28.159206,20.783558,27.360865,29.713235,25.796612,22.690881,24.297213,30.022456,20.187327,26.109336,25.709793,22.277715,29.740323,18.264875,18.292236,29.877720,25.379459,31.308753,28.113334,25.427262,20.961025,17.736948,23.706582,28.279379,29.609715,16.126467,23.318163,30.152651,28.513501,18.957833,28.183368,23.683826,17.479449,27.588705,19.231609,29.168516,26.290665,31.035488,23.270229,27.076462,28.364399,13.687200,31.135327,29.374773,18.202572,22.434693,25.995732,21.367912,27.621799,18.621568,25.184222,26.700503,17.158142,27.356242,0.000000,28.593980,29.761555,17.827349,17.260551,20.272567,22.297578,17.964919,24.451648,33.625907,18.108621,29.155150,29.696808,18.348619,28.889420,29.277881,22.451856,24.592896,33.593384,31.712609,23.271675,24.128651,24.271087,22.952969,28.917490,31.545508,27.256055,30.091873,21.820958,28.383062,29.191754,24.263643,22.235139,23.573060,24.117393,23.954350,27.565068,24.849829,24.594451,23.404089,27.573333,24.845281,23.144707,29.974437,24.931547,23.587518,23.059198,24.476206,24.716548,25.330069,23.932479,23.421224,25.505049,27.200545,26.043139,25.000631,27.956950,25.458123,27.816542,23.487624,24.185811,26.288732,28.373811,26.710919,26.776766,25.694724,27.130274,27.188089
Trường Tiểu học Tam Hiệp,34.737915,37.033423,32.834690,33.550193,35.241768,32.453221,35.999634,35.826805,32.750729,33.450023,33.624854,34.106734,32.763000,32.879211,33.725509,18.661134,35.143195,33.230504,28.940969,33.471944,35.727890,34.204383,16.681937,33.758375,18.353168,32.419223,17.637752,34.217530,35.148907,32.703706,16.067931,29.576797,30.063624,20.681284,30.502822,34.455873,20.122152,15.266703,20.837303,32.358512,35.423015,18.211199,18.677658,33.854094,26.153461,31.453604,16.364804,31.422570,27.608905,18.194810,35.273439,33.680662,24.764397,21.458872,34.141323,31.969593,21.135844,28.582101,32.727515,0.000000,35.839529,29.215616,35.252249,22.382620,33.411150,22.423085,32.737230,29.297867,29.756693,25.447285,30.310118,23.661766,33.881922,34.794490,34.380989,33.039274,30.141923,17.484820,27.866421,25.141756,35.803461,35.069767,36.281961,27.279206,23.498346,35.319764,34.650147,23.714989,31.898734,28.824373,27.309085,35.164700,34.477012,28.051129,23.775567,31.051755,30.866056,34.113314,32.341540,35.258889,27.639585,32.015393,27.633652,27.507589,28.671396,27.972933,28.224375,35.254890,31.334124,26.632573,34.606534,29.748277,30.449756,29.045795,30.150112,31.751859,29.451254,27.355673,27.977330,34.711676,31.256354,28.310723,29.308454,27.674971,29.645013,27.929824
WinMart+,31.409429,33.340594,29.681987,30.093599,34.257537,30.533512,35.711840,33.134730,30.487444,32.360341,31.418602,33.533485,31.829154,26.743831,31.756600,31.043980,33.018383,31.988281,26.790783,32.991486,34.761911,34.666578,30.737942,32.931374,31.751002,30.840632,31.765264,25.094225,33.162998,31.337289,30.115212,33.114456,27.831711,28.846296,26.948598,30.613849,30.087903,29.818728,31.130260,30.731194,30.454299,34.145566,30.045226,20.772352,30.543275,29.689153,34.075963,29.955631,28.433365,28.279745,31.439541,28.802353,29.630485,29.736639,28.897355,16.833749,29.967493,31.151080,26.592832,30.669552,0.000000,29.127089,32.361363,30.377584,29.866576,28.672826,31.547679,36.899398,27.757094,31.304377,28.647832,31.560340,24.968286,24.100819,30.788055,29.561892,36.624568,33.835599,30.190297,29.947901,33.506847,32.561319,33.246594,34.021088,29.239003,29.162815,31.971303,31.601942,21.031530,32.464704,30.212730,32.724897,32.090938,31.713828,29.854165,30.652144,30.501507,31.613818,22.036180,32.953046,30.331992,28.973612,30.054707,30.032733,30.596687,30.868230,31.022675,33.008855,27.896376,28.216250,32.334587,32.366611,31.564569,30.727323,33.362078,30.054369,33.134946,29.398083,29.288784,32.534884,27.453501,32.105454,25.445504,31.264174,25.938008,31.773036
Delícia Coffee & Lounge,24.160052,24.109109,23.838192,24.977220,25.195436,23.576970,22.272144,26.205877,24.223647,23.110005,24.900760,23.835510,24.891344,24.604585,25.252308,21.061059,26.629311,19.745604,16.457306,22.115026,26.627098,27.604155,23.965231,25.748782,18.120058,17.090475,21.160582,26.769309,27.365523,18.194395,21.015067,26.022707,26.870885,16.139149,27.408988,26.190371,17.903221,21.790669,15.714121,25.693313,27.475638,27.449646,19.472541,26.728341,25.495003,24.567765,27.814759,27.933346,15.011858,20.775272,27.285259,26.205720,24.700632,17.253417,26.757074,26.137116,21.091192,24.248328,22.192445,28.268509,28.600296,0.000000,24.276067,19.410942,26.953675,20.287206,26.081960,31.227246,20.785040,26.114903,27.413274,23.274026,30.627602,28.181630,27.012976,26.792442,31.406814,26.474040,21.593400,14.972050,27.066298,23.387285,28.821268,29.032326,26.358758,29.945952,25.527518,27.643078,27.678108,24.218899,21.650379,23.741283,26.531202,23.428436,26.703086,23.134255,17.360202,26.043414,28.713480,27.440765,22.078727,30.586320,17.089516,21.663527,24.894804,22.298943,23.081769,27.190794,27.380261,22.396978,26.221728,22.942228,24.674253,23.349822,28.104818,28.050626,26.508982,22.998500,22.760679,24.291704,29.178489,24.414311,27.470268,23.734767,27.818182,24.253414
UBND phường Khương Thượng,31.630058,33.182625,30.168632,31.291585,32.610798,28.116005,30.357756,33.693205,30.046674,29.421146,28.771985,33.199703,28.427719,29.777025,30.909376,28.213763,33.166404,27.708699,23.415635,32.776886,31.136605,34.185799,30.872292,32.196981,27.929573,25.301942,29.368109,31.232457,33.285227,29.809542,28.254697,32.898448,31.089037,27.411061,30.811478,29.496954,26.642369,30.189114,25.328714,31.531052,31.498970,33.831220,28.169614,29.927343,30.697701,26.732853,33.788825,31.818507,26.723738,25.336220,26.919551,26.503034,29.884961,26.727365,28.597707,29.091207,25.972817,29.683102,21.771624,30.948670,32.683642,26.392658,0.000000,28.138146,28.305549,26.251454,26.434351,36.322064,25.340860,31.364121,31.696545,26.221583,31.256024,31.941640,28.469627,28.145884,36.163626,33.719011,24.986405,25.764606,30.842890,27.090205,31.795537,33.759336,28.801787,32.653814,24.689010,30.166529,31.253136,28.359061,23.718528,28.300640,27.542460,27.090511,29.181835,27.117516,26.738685,26.242896,29.757546,29.947135,25.052066,32.354233,26.738921,25.428741,25.184932,26.875228,27.213116,30.463461,25.963787,24.440974,29.364996,30.538487,28.867863,27.239323,32.478928,27.213711,32.049524,25.009286,25.524334,30.151388,29.442796,29.869891,27.704207,28.176575,28.052479,29.840714
WinMart+,32.406823,26.266056,25.962082,26.756448,33.326136,28.739913,24.359660,28.536179,25.374104,26.002356,29.868157,26.426212,24.059120,30.679909,31.902487,24.056604,28.721643,25.392313,21.034584,25.175295,32.298770,29.300115,25.976148,33.335711,27.555789,22.332343,24.919225,28.592546,33.862517,31.421514,23.925653,27.694116,28.460612,25.991937,28.136559,30.819298,19.892765,24.164243,25.187909,27.043953,32.549244,29.084618,22.622087,28.463235,26.921349,28.691315,29.321634,29.172838,23.678784,23.457116,32.262608,27.119000,26.126887,20.715571,30.842790,27.458722,24.750705,27.340144,24.589558,26.777225,30.648707,20.178696,29.331416,0.000000,28.355834,23.138574,29.260897,32.385252,19.826604,27.418344,28.472276,29.214096,29.533042,29.979791,28.441847,28.251081,32.458967,24.042594,14.707630,20.587950,29.476438,27.585502,34.159828,30.149153,27.196263,30.725444,26.465036,28.499378,31.699150,24.571623,21.411733,28.225244,27.866816,23.241868,27.557750,25.270480,17.156930,27.047566,28.224475,25.853786,22.866179,30.568577,19.932721,23.541138,22.833026,24.772605,22.576951,29.213101,26.647276,23.364126,24.895407,24.536145,26.890449,25.432288,26.635001,25.894790,23.400992,20.834022,24.287945,27.650546,28.683996,24.019354,27.074613,23.785928,27.422540,25.495307
Siêu thị B11 Kim Liên,27.237000,28.785697,26.171039,27.105972,27.416390,25.710433,26.778149,29.330293,24.681896,28.377047,22.349494,29.746479,25.751125,24.760557,24.304483,27.590462,29.388562,24.564765,21.225953,29.614279,22.932441,31.213728,27.681075,28.131080,27.724086,22.595548,28.468498,29.181087,28.701986,25.553159,27.368432,29.941142,27.807640,22.197076,27.431083,22.169311,27.312762,27.134992,23.174712,28.898640,24.311715,30.890487,27.312249,29.000895,28.024482,22.110818,31.001436,28.778712,21.682063,25.944716,18.905807,16.729001,27.234990,27.295843,24.216776,25.918011,26.803198,26.643385,18.979077,28.270640,29.071730,26.870139,24.398459,28.331330,0.000000,26.992005,21.659436,33.763177,25.983382,28.906665,29.238768,27.237837,28.280280,28.610531,19.818104,18.295917,33.723560,31.651008,25.994058,26.390648,24.917969,28.078634,27.685370,31.492972,26.792457,29.528123,25.365732,27.913970,28.819989,28.479517,25.330469,28.633343,19.470282,27.743779,27.073279,27.356088,27.084149,24.256545,26.916750,25.096207,26.035300,29.438802,26.997100,26.139345,25.719067,27.252068,27.097319,29.655183,20.459117,25.021836,28.534527,29.555471,28.685430,27.460821,30.944408,27.329369,30.667780,27.891080,26.055446,29.234167,29.081078,29.140414,27.310445,27.888068,27.675348,29.197650
WinMart+,32.206725,33.863232,30.672676,31.860261,33.392071,24.463791,30.828316,34.422246,30.691163,24.692334,29.416780,25.070706,21.752985,30.341835,31.733366,22.634793,33.770455,28.423294,19.220701,23.981234,32.067238,27.698920,24.939723,33.347164,24.192775,20.246756,23.631695,31.721635,33.935800,30.943899,23.108345,33.387694,31.508373,23.489456,31.236645,30.374928,19.800845,23.393181,21.848663,31.921246,32.366105,27.566692,22.026693,30.369980,25.978443,27.675532,27.844831,32.232010,21.919434,22.734363,32.113017,26.980265,25.311846,21.487844,30.461184,29.446487,20.274108,30.038383,22.569121,25.929361,33.196131,19.984983,28.254076,26.106886,28.014537,0.000000,28.915376,30.541175,19.655077,26.455478,32.028922,27.275457,31.640816,32.396321,28.132321,26.656498,30.751502,23.478420,16.706275,22.756609,27.336130,25.955920,34.347249,28.834758,26.567033,33.096831,24.130504,27.753099,31.591313,20.896932,18.724869,26.890072,26.192902,20.606961,26.872096,23.812606,23.421348,25.335727,30.090103,26.360137,20.661629,32.762612,24.161735,21.834073,20.601326,22.996125,20.637196,28.452076,25.377007,22.423549,27.284274,23.167413,25.493915,24.008181,25.306484,24.982102,21.809475,19.476680,23.152318,26.931427,29.601733,22.708411,27.828102,26.113192,28.182208,24.505364
Cà Phê Big One,28.641629,30.396802,27.356055,28.429521,29.274587,27.282727,27.842311,31.022027,26.323259,29.814961,23.996201,30.943955,28.076426,22.780968,26.404016,28.829294,30.770977,28.429315,24.272247,30.693812,25.189161,32.312409,28.672448,27.599557,29.167780,27.694614,29.733246,26.306573,27.494639,26.072101,28.444253,30.969316,26.881637,26.823037,26.464800,25.074182,28.346326,28.135032,28.569461,29.759977,19.291806,31.991667,28.337890,26.286281,28.862560,24.049759,32.048380,27.975432,26.304727,26.791463,22.231054,21.217719,28.032577,28.648813,15.058947,24.744782,28.388712,25.774011,21.416729,29.215287,31.123484,28.127115,28.539370,29.593182,22.006651,28.769053,0.000000,34.949644,27.562575,29.711148,32.419545,28.967665,27.244204,27.423401,22.308399,22.833836,34.873695,32.468829,27.698765,27.790165,25.871231,29.783245,27.324832,32.334056,26.276374,28.450627,25.991639,27.532640,28.138488,29.987875,27.351404,30.139998,24.424605,29.265426,26.599017,28.704425,28.503330,25.295501,29.572424,25.785255,27.861499,32.978610,28.273611,27.822220,28.100816,28.751549,28.927707,30.838102,21.460382,26.378602,30.261145,30.776572,29.794672,28.781620,29.907260,28.458177,29.735529,27.300859,27.347395,28.612709,28.846010,28.662644,27.025708,27.701838,27.414774,28.834853
Trường Mầm non Đại Thanh,35.460011,39.672819,32.865354,33.860886,36.443257,32.440724,37.806855,37.219869,32.840449,33.959790,34.041989,34.986967,32.889360,33.006806,34.178961,32.023067,36.062732,33.480447,28.096542,33.939476,36.956909,35.844048,30.460575,34.142273,30.399245,32.432316,32.961943,34.726448,35.969957,32.792612,28.108870,27.435001,29.437060,31.945214,30.010451,35.103125,33.032029,29.441531,30.370637,32.343858,36.333437,18.442367,30.627055,34.247195,22.550885,31.246924,22.091426,31.129033,31.706229,21.615305,36.147291,34.021216,19.898407,31.056458,34.622223,31.879442,29.387536,27.729210,32.794818,30.348873,36.762888,30.964719,36.027128,31.749650,33.647551,30.633783,32.837899,0.000000,32.762908,21.119146,29.818819,34.469804,34.199690,35.368440,34.901571,33.187862,27.114174,25.110884,27.718738,27.239975,36.605457,35.682223,37.353147,23.720770,21.605236,35.998514,35.164643,21.174855,31.809086,35.380975,32.894506,35.799652,34.904515,34.559718,21.836232,32.612805,32.443548,34.465140,32.333431,35.887932,29.595956,31.943256,29.724954,29.488906,33.372492,30.030201,30.249588,35.877364,31.139973,28.844834,35.038389,29.583215,32.230807,30.594384,35.818451,33.648253,35.564638,29.013674,29.731335,35.144821,31.155185,34.513870,29.073534,33.643753,29.439198,29.569793
siêu thị 24h ninja mark,26.562955,26.922955,25.971298,30.694787,31.500173,26.557706,25.083618,32.354633,29.693067,26.781883,28.780910,27.025298,27.354263,29.534778,30.203361,25.085819,32.075394,28.056594,18.677686,26.033482,30.302492,29.430476,26.519693,30.851828,20.684579,19.285985,26.060719,30.690163,32.098120,29.384753,24.975036,28.003120,31.602045,19.453124,31.959647,29.241208,24.211000,25.011418,19.137872,27.359880,30.591485,29.238355,23.853958,29.683076,27.266488,27.542486,29.434930,32.954875,20.184516,24.428808,30.427351,27.469998,26.529885,20.783972,29.466110,29.039147,25.449575,28.553299,24.700376,28.739118,31.811052,22.656914,27.795811,27.341461,28.469371,25.602037,27.224725,32.217144,0.000000,27.697093,31.710045,27.311898,30.791884,31.291228,28.546926,28.391998,32.328668,27.314346,21.985205,20.971371,29.349773,26.649483,30.471207,30.175137,29.740878,31.875451,27.178844,31.290102,30.841443,26.045508,21.956335,27.106567,28.114282,24.527330,30.178760,24.341471,15.814453,27.478515,32.246399,29.495191,22.686975,34.307673,20.056233,22.172038,26.526758,23.196454,24.289781,29.537620,28.842199,22.396212,28.280352,23.891906,26.618321,24.492704,30.686308,25.531539,28.871285,23.768326,23.282480,25.358223,31.082857,25.739814,29.198525,24.615024,29.529329,25.360551
Trường Mầm non Tứ Hiệp (điểm Cổ Điển B),27.948707,28.866969,23.399109,28.109280,28.926448,26.523046,25.947938,29.847229,27.681186,26.608221,28.060197,26.741058,27.275852,27.713155,28.324702,25.997422,29.835550,28.265242,24.746777,26.944542,30.084318,22.267436,24.960012,29.068253,25.895136,27.795966,26.970785,29.676895,30.294400,28.174739,23.716646,20.740154,23.714508,26.976983,24.340914,29.406393,27.336288,24.563854,26.297264,24.503244,30.587541,22.069705,25.986146,29.515718,17.365817,27.374439,23.026311,24.394236,27.331483,22.044236,30.364407,29.261944,12.904107,26.929731,29.676302,28.379480,25.954883,23.072027,29.215433,25.295144,31.457681,26.907046,30.703631,27.585043,29.397989,26.966995,28.536966,21.042305,28.045452,0.000000,24.597270,30.397793,30.339593,30.866705,30.007314,29.161945,17.360321,23.317392,24.780825,26.440968,31.698046,31.049728,31.668869,15.052923,19.330522,31.526248,30.605983,18.059285,28.607863,31.054742,29.463042,31.159732,30.818410,30.537074,19.378950,26.813955,24.577178,30.457406,29.007555,31.372662,26.538835,26.929380,27.405169,26.393143,29.710833,26.781656,27.022750,31.426404,27.923521,26.746206,31.023965,26.640672,29.356116,26.917002,31.872708,30.174437,31.709930,26.346947,27.709598,31.219178,28.817194,30.975797,27.194232,30.333610,27.540615,26.881586
WinMart+,34.875823,37.327398,30.141415,27.866789,35.359292,32.476254,36.503631,28.646180,32.735259,33.552804,33.664425,36.277404,32.747845,26.215231,33.706659,34.053714,28.311398,33.201712,28.986380,35.216523,35.842594,33.864608,31.901910,33.677695,31.475539,32.385824,34.158205,27.818281,29.603967,32.649761,29.632540,33.474281,25.455296,32.844797,26.803291,34.443039,33.903084,30.580063,31.307893,29.908130,35.457836,35.801380,31.936939,26.067274,30.342050,31.353028,35.579296,28.152873,32.657414,31.331877,35.216434,33.654441,29.271085,31.974744,34.213187,22.240225,30.316991,29.027244,32.629794,31.249393,28.126140,31.809066,35.119826,32.491209,33.385508,31.280288,32.267534,38.976637,33.330468,30.588839,0.000000,31.668184,28.317930,26.320775,34.301121,32.918306,38.451129,34.721437,31.568319,30.285984,35.625855,34.888975,36.148075,35.135183,25.626707,25.780353,34.447310,28.570041,21.680024,34.658247,30.719898,34.960030,34.319732,33.953394,26.277115,31.173119,29.964763,33.940360,23.061556,35.033412,30.965047,26.445414,28.360819,30.874841,31.693217,31.429134,31.600574,35.020428,31.271690,28.770673,34.340120,30.834095,32.041003,31.241382,34.327115,31.482557,33.870587,31.359847,29.776431,34.429369,27.031041,32.548954,25.185976,31.618746,25.665408,31.817271
Không có tên,31.360543,33.337355,29.732806,31.065781,32.763800,27.121448,30.023126,34.110398,29.503940,28.836171,27.852484,33.399582,27.405137,29.255394,30.526935,27.477328,33.395187,26.268517,21.812225,32.891738,30.772936,34.546242,30.674033,32.292642,29.073657,23.618964,28.914213,31.086805,33.567636,28.580287,27.674149,33.032654,30.943784,22.960970,30.619727,28.512685,27.572246,29.920247,24.235077,31.456187,31.317985,34.127293,27.575669,29.573559,30.513320,24.027401,34.061871,31.784067,27.161839,26.041264,31.001714,24.554266,29.607784,27.234919,29.093925,28.691626,26.683974,29.370959,15.714755,30.808005,32.795092,26.830004,22.842892,28.441317,25.815567,27.007928,27.526755,36.994455,25.953746,31.279409,31.658612,0.000000,31.148012,31.926791,26.009618,28.513398,36.768832,33.911011,25.814169,26.312855,30.336604,27.991933,33.985888,33.976119,28.530073,32.743773,26.451254,29.991791,31.162663,28.708318,24.954836,28.738304,28.078781,27.707116,28.932894,27.481700,27.174565,27.105167,29.481045,29.827035,25.925270,32.397679,27.100603,26.115695,26.111482,27.353367,27.634151,30.192312,26.629937,24.959789,29.402019,30.365918,28.967738,27.596487,31.882580,27.470432,31.557578,25.650890,25.997390,30.023835,29.300204,29.817834,27.498056,28.392852,27.869607,29.796476
Quan an Nam Nhu 1,37.995506,41.351243,33.241336,27.543730,30.166971,35.057043,41.340515,28.627067,28.321971,36.648098,28.516390,40.490834,28.972912,25.487047,29.031304,36.896516,28.149846,29.168785,25.830255,38.761241,30.892996,37.406760,34.919579,29.980743,33.704374,28.538375,36.975505,24.192372,27.756396,28.929615,32.043246,36.679448,30.442829,35.178363,31.521470,28.309868,36.564322,33.116856,33.240034,32.809699,28.101423,39.048349,34.162710,22.362324,32.654680,27.900659,38.546906,35.289908,34.706722,33.219273,28.951276,27.222843,31.495198,33.900817,27.196892,16.754121,31.941197,24.490893,25.648501,33.377389,24.540697,33.664118,29.762122,34.331892,28.139871,32.858868,27.186517,41.963676,35.336067,32.694963,25.327877,29.570697,0.000000,19.924417,28.693091,27.952910,41.125268,36.533389,33.024237,31.656495,30.861453,30.185454,30.372330,37.324550,26.349522,16.727731,29.721183,28.625766,17.041184,30.225370,31.998204,30.306067,29.988701,29.705679,26.883209,32.447606,31.242828,29.611470,17.879503,30.545786,32.265400,23.417256,29.445912,32.198938,28.878763,32.814332,32.945536,30.611750,26.758470,29.737645,30.223292,32.040059,33.345338,32.489097,31.121722,32.502925,35.158109,32.489743,30.781301,30.432644,26.192565,33.761471,24.492356,32.712773,24.914701,32.909324
WinMart+,30.164314,31.703443,28.624262,28.731649,32.111602,29.395469,40.845441,30.638124,29.378211,30.977568,29.902786,40.199516,30.360438,26.087494,30.361898,29.940191,30.234565,30.545590,26.296749,38.849239,32.776315,37.768978,35.688379,31.433055,30.589087,29.662702,37.259354,24.570881,29.959517,30.109629,33.073907,37.151997,26.891313,35.749108,26.150519,29.478473,36.961622,34.035756,30.031777,33.921146,29.291694,39.062834,34.861372,21.776688,33.650244,28.771101,38.660734,36.416915,27.743729,33.988960,30.216586,28.024901,32.631214,28.885040,28.060268,12.944506,29.088559,29.477266,26.077314,34.172517,25.603648,34.379004,31.091528,29.477110,29.016780,27.949132,28.079699,41.493241,35.830191,33.639763,26.589847,30.589344,20.087933,0.000000,29.762892,28.767406,40.826734,36.911881,29.437687,32.459745,32.222868,31.407128,31.844503,37.643875,28.131178,23.105267,30.872596,30.558122,12.979922,31.375902,29.424163,31.546241,31.061157,30.733602,28.740372,29.852282,29.720663,30.631771,18.038396,31.778200,29.529709,25.162606,29.351558,29.278058,29.743859,30.022652,30.174850,31.834559,27.332422,30.559869,31.297445,31.413571,30.683002,29.924291,32.269882,29.359956,32.072509,28.717002,28.655066,31.500983,26.675374,31.172813,24.850483,30.421409,25.287492,30.917379
Taste Tea,29.261476,31.092908,27.875105,29.072569,30.094273,27.825652,28.351212,31.830473,26.949982,30.437311,24.486332,31.664023,28.763282,26.594382,27.217712,29.355148,31.510156,25.488349,24.594450,31.326007,26.059712,33.015450,29.168671,29.028597,29.672123,28.290292,30.199731,30.885081,30.911654,26.804965,28.792545,31.565468,29.174868,22.863949,28.815924,26.224553,28.742630,28.519340,23.951509,30.204816,23.086288,32.652943,28.726630,30.599785,29.274898,23.605955,32.669083,30.119283,22.322451,27.113528,23.141931,18.292902,28.400012,27.777671,22.438176,27.083368,27.372366,27.809192,20.149979,29.555472,30.751827,27.320171,26.065647,28.866199,20.239098,27.640905,20.026171,35.605523,26.493474,30.120686,30.331258,27.942022,29.554787,30.093859,0.000000,21.448117,35.437709,32.911721,26.576167,26.882605,26.673573,28.899684,26.980607,32.842863,27.534058,30.990609,26.624452,28.832995,28.741116,29.158092,25.972955,29.391421,23.384321,28.396842,27.900503,27.834966,27.576305,25.547391,30.044213,26.175114,26.667828,30.788346,27.427658,26.694785,26.407736,27.794472,27.646364,30.252006,19.043745,25.438395,29.111548,29.973138,29.134509,27.943027,31.361689,27.717142,31.083667,28.328918,26.496774,29.765029,29.065537,29.595528,27.265761,28.381176,27.642210,29.588613
WinMart+,28.808816,30.222761,27.661922,28.626039,29.251822,25.247828,28.069143,30.723512,26.804997,26.801737,25.330958,30.834167,25.228325,26.978215,26.951071,25.888902,30.624890,24.048832,21.037372,30.613404,26.775693,32.063573,28.788217,27.073484,27.280917,22.310837,27.147120,29.007594,30.561455,24.671934,26.291547,30.858696,29.149630,27.546315,28.825602,25.324452,26.229705,28.227947,22.883931,29.760059,23.340524,31.772204,26.248745,27.768196,28.940775,21.632849,31.834884,29.989026,27.080540,25.058724,20.434294,19.501287,28.170774,27.135754,23.018354,27.273430,26.625915,27.917695,23.679157,29.176880,30.510962,26.777392,23.436681,28.206985,22.221184,26.812558,21.201722,34.372037,25.858600,29.710849,30.206525,26.887016,29.482430,29.951645,18.438055,0.000000,34.298177,32.265905,25.829767,26.283600,23.358108,27.639526,25.630390,32.130247,27.624606,30.755036,24.601739,28.819274,28.150706,28.309258,25.063337,28.237569,17.871333,27.439003,27.967534,27.262401,26.985482,21.376179,28.103902,23.212311,25.872450,30.587291,26.928680,26.011189,25.792974,27.139017,27.204425,29.236883,20.407943,24.944794,28.697909,29.715350,28.629003,27.379304,29.855036,27.281570,29.630636,25.429270,25.983755,28.082059,28.759594,28.214336,27.093710,27.021320,27.452658,28.463539
WinMart+,36.394971,40.790328,33.690476,34.599623,37.313335,33.291620,38.810356,38.010682,33.530749,34.992775,34.796933,36.114421,33.650136,33.752441,34.911502,32.925046,36.737077,34.138047,28.721655,34.923199,37.678594,37.692085,31.430835,34.741196,31.099278,33.052147,33.797364,35.332887,36.569705,33.389152,28.956470,26.733471,30.109388,32.645776,30.647467,35.751018,33.796247,30.295023,30.991602,33.173060,36.936186,31.860498,31.334407,34.826208,21.648802,31.787604,32.004847,31.857921,32.336154,26.726813,36.748127,34.590667,18.712378,31.662474,35.199195,32.369520,29.941451,28.318996,33.231526,30.252570,37.298682,31.552693,36.589883,32.320077,34.160596,31.176230,33.392489,26.335665,33.383250,17.913118,30.413167,34.925602,34.655786,35.875867,35.442541,33.671547,0.000000,26.021885,28.233569,27.434914,37.064655,36.146088,37.910251,19.600497,20.447414,36.476430,35.644195,19.429182,32.253381,35.816455,33.304798,36.289166,35.335938,34.987806,20.625948,32.431023,32.280220,34.897015,32.777949,36.354901,30.039764,32.446118,29.752598,29.963384,33.809908,30.517146,30.726074,36.333100,31.587874,28.929381,35.471261,30.029466,32.069205,30.427092,36.216608,33.342956,35.956012,29.426318,29.742230,35.537267,31.372289,34.883284,29.269099,33.996080,29.628288,29.965489
Trường Cao đẳng Hà Nội,32.035687,33.410918,30.722935,31.458055,32.547998,30.294639,32.957017,33.167010,30.844628,30.850254,31.451514,31.294440,30.698367,30.921689,31.562078,29.955368,32.884139,31.305892,27.699973,31.015475,33.281625,30.530578,17.352172,31.855158,20.009123,30.736483,19.914671,32.333843,33.055740,31.016803,18.696794,26.998081,28.631794,20.785626,29.058957,32.378403,20.257834,16.483938,20.929890,30.348650,33.339529,18.527485,19.790654,32.076723,24.411815,30.048428,17.776361,29.710461,25.515909,19.999858,33.147034,31.942759,23.153037,25.315750,32.317266,30.627900,21.235015,27.440827,25.599304,17.392498,33.868959,26.888659,33.248723,26.021445,31.831838,25.578077,31.112786,25.033328,27.572397,23.741397,28.967857,26.549023,32.393132,33.065839,32.592286,31.568842,26.644597,0.000000,26.214365,23.008743,33.937947,33.320502,34.145716,25.168756,22.786713,33.601196,32.913065,22.734175,30.665349,27.222950,25.791149,33.396710,32.964569,26.533312,23.009720,29.322123,29.124920,32.632581,31.060258,33.530309,26.044288,30.646587,25.371838,25.875988,27.208557,26.304475,26.600621,28.344862,30.130584,24.281876,27.857478,28.182339,28.476964,27.383308,28.813246,29.600432,28.018430,25.953416,26.173778,26.632465,30.592261,26.881181,28.798554,26.346821,29.128368,26.588722
TK mark,29.261294,30.250147,28.296977,29.049975,29.487723,23.397771,21.463614,30.525474,27.735842,21.644381,26.709780,22.244918,19.821292,27.799379,27.948342,20.184922,30.509005,25.716709,18.011301,21.084164,27.951530,25.073978,22.603005,28.233790,20.345319,18.724968,20.293778,29.262910,30.445810,26.556376,20.391716,24.137605,29.352527,18.645097,29.092556,26.794827,16.951727,21.010567,18.229668,24.199668,28.423330,25.035630,19.430787,28.267964,24.003023,24.670220,25.412662,25.833886,17.124186,20.312927,28.189986,25.055098,23.442891,14.541874,27.422326,27.790738,18.168985,28.318534,21.398607,23.939767,30.440375,17.040732,24.317916,14.064006,26.013265,20.660569,25.208085,27.847162,15.267426,24.537183,25.730916,22.772926,29.609516,30.003081,26.104056,25.709203,28.169378,21.694888,0.000000,21.600974,25.792796,23.037371,28.369172,26.720078,25.216142,30.643457,23.595106,26.143803,29.784699,19.903244,16.625026,23.558442,25.321039,19.887573,25.461263,22.459042,22.056937,24.665369,28.446073,23.519927,18.844353,30.510510,23.104135,20.331982,19.956923,21.394635,18.994760,21.694831,24.854907,21.602308,22.377722,21.916429,24.138021,22.705442,24.418526,24.055171,21.753586,18.325173,22.250323,20.433480,28.764211,20.221815,27.226274,20.359238,27.556132,23.527767
Hội đồng nhân dân - Ủy ban nhân dân phườ,25.190040,25.292046,24.779932,25.740667,25.997316,24.922599,23.627079,26.836779,25.137295,24.821055,25.670605,25.307899,25.909724,25.390117,27.272410,23.099346,27.175150,19.643326,16.764288,24.074268,27.262260,28.210378,25.115714,27.372521,18.251469,17.329058,23.620713,27.248558,27.785007,26.251133,22.996361,26.799983,27.368123,16.655488,27.830419,26.443558,21.482317,23.362482,16.313471,26.349135,27.622228,28.044456,21.792229,27.198295,26.205014,24.995000,28.328366,28.343191,16.124265,22.651967,27.445276,25.231025,25.475943,17.631565,26.946705,26.581064,20.740800,24.902293,22.853988,27.685940,28.876922,18.270953,24.771866,19.305469,25.904268,20.036923,25.285810,31.230027,20.065550,26.715032,27.815801,23.967448,30.699702,28.486110,25.967940,25.691366,31.380121,26.160866,20.290335,0.000000,25.709063,23.984922,27.608942,29.304657,26.735954,30.081272,24.333395,27.943289,27.977219,22.746382,20.580782,24.284189,25.423234,22.258391,27.067840,19.909012,17.013231,24.982367,28.942881,24.193632,20.619231,30.664297,16.523711,20.188996,23.355170,21.176895,21.432617,25.547231,26.165409,17.338108,24.607168,21.543043,20.232058,22.372432,26.421259,18.735058,24.803600,21.813363,19.655942,23.065165,29.272886,23.002777,27.618566,22.542408,27.960086,23.022078
Trung tâm Công nghệ Phần mềm Thủy lợi,30.771350,32.507633,29.316187,30.518492,31.850196,27.169619,29.622812,33.176719,28.976515,28.729321,27.455129,32.732691,27.432963,28.818742,29.729764,27.488405,32.683149,26.420406,22.172114,32.320950,29.853518,33.870761,30.268341,30.930233,28.986160,23.954168,28.800727,30.622826,32.787123,28.453916,27.652370,32.486821,30.549988,23.242677,30.237765,25.222366,27.579093,29.589355,24.499763,31.074465,30.429539,33.505644,27.582726,29.227738,30.185274,24.601658,33.475416,31.367278,22.625357,26.114760,24.404049,23.493788,29.333526,28.530345,27.485024,28.447553,28.165551,29.097751,20.405803,30.468909,32.227267,27.892433,28.102191,29.840571,26.262157,28.658168,24.746247,36.242648,27.127997,30.933927,31.325011,28.950823,30.781492,31.466209,26.623766,20.513409,36.047092,33.481830,27.254541,27.450486,0.000000,30.324436,30.322559,33.495248,28.376417,32.259283,26.702517,29.765127,29.508888,30.540897,26.698890,30.869172,26.063762,29.404002,28.761324,28.596588,28.322535,25.427682,29.218705,26.206638,27.450176,31.965824,28.047842,27.406143,27.723373,28.631138,28.890549,31.808658,25.062747,25.839614,30.794374,31.314497,30.015084,28.695729,31.774336,28.293512,31.466276,26.791687,26.959252,30.071460,29.174833,29.854982,27.426543,28.527437,27.785811,29.812705
WinMart+,30.560844,32.062091,29.238247,30.306440,31.387271,26.976385,29.516403,32.604269,28.888482,28.367105,27.547688,32.334909,27.166363,28.765244,29.494821,24.706207,32.257414,26.285974,20.608956,25.412969,29.596682,33.414982,30.115815,30.405710,26.702779,24.128102,25.210446,30.423668,32.315204,27.824823,24.547944,32.159438,30.379981,25.910376,30.091109,27.931625,25.415776,24.669695,23.004575,30.887061,30.108617,33.085660,23.698999,29.145240,30.056143,24.775454,33.078747,31.150949,24.941253,24.182651,29.861912,25.296687,29.262703,24.485452,28.514416,28.434984,22.928583,29.044408,19.474272,30.308985,31.900312,24.762156,24.322074,25.820282,26.715169,22.267105,25.539301,35.628401,23.199474,30.763793,31.154855,20.795671,30.611266,31.226118,26.872715,26.363309,35.477872,27.513569,22.001583,23.861113,27.063166,0.000000,29.964859,33.161924,28.369217,31.966651,23.024830,29.674577,30.694815,23.668891,19.111202,23.006653,25.806541,12.746277,28.736492,25.348080,24.841607,24.798270,29.158758,23.084913,21.690622,31.713577,25.327755,22.924958,21.618368,24.605850,21.478110,18.636956,25.002790,23.045376,24.782451,24.358128,27.567970,25.530415,27.180715,26.096206,22.798427,19.750971,24.044473,21.542678,29.149066,23.703874,27.441605,23.433752,27.795037,25.606003
Không có tên,31.658451,33.931209,29.882590,31.394672,33.485924,30.178236,30.200464,34.914270,29.739854,32.916272,27.146766,33.934431,31.587784,28.818575,31.048038,31.421991,33.981927,31.768169,26.148483,33.329665,30.226721,35.124455,30.898223,31.913737,31.644434,30.525416,32.236878,32.872377,33.526829,28.030103,30.433879,33.454621,30.760455,28.603955,30.413283,32.132533,30.370783,30.073121,30.955889,31.698435,26.444914,34.653112,30.333496,32.460608,30.692757,25.684569,34.547192,31.659261,28.033695,28.390359,29.939428,25.589169,29.724489,30.631957,27.165694,28.413313,30.517060,29.133434,22.373194,31.001151,32.711334,29.737414,32.995175,31.935821,24.493949,31.172493,22.349368,37.703155,29.208980,31.494058,31.553333,31.636469,30.998242,31.799422,19.593685,24.975578,37.395485,34.239660,29.634870,29.435183,28.240517,33.162781,0.000000,34.364069,28.354613,32.668358,27.930616,29.848621,29.586063,32.966792,29.487298,33.496960,26.408403,31.865380,28.763002,30.511441,30.293825,27.057544,29.267005,27.443641,29.916510,32.311219,29.772073,29.628970,30.303552,30.745342,30.955306,33.896208,22.772339,27.527318,32.824513,32.820963,31.739623,30.592017,34.267489,29.831532,33.939030,28.865515,28.712073,33.071294,29.456891,32.458075,27.580479,31.244994,27.957224,32.015948
Cafe Dinh,31.917606,33.836364,30.428763,31.320308,32.709250,29.928946,33.342345,33.468265,30.615220,30.614020,31.333918,31.218561,30.444437,30.808716,31.488080,29.518603,33.040734,31.161960,27.125859,30.892824,33.539363,30.158226,28.475104,31.810983,28.675364,30.488638,30.312280,32.470321,33.211308,30.817537,26.680611,24.948010,28.157829,29.876927,28.665686,32.419050,30.545488,27.707339,28.825938,30.108917,33.551452,27.233211,28.829253,32.165436,21.150741,29.718178,27.749148,29.335898,29.998930,24.964945,33.315295,31.902653,18.797900,29.482364,32.414823,30.493581,28.200821,26.861439,31.291214,27.498107,34.217020,29.393617,33.411610,30.063839,31.810664,29.173550,30.944190,24.176382,30.680675,14.850728,26.174317,32.554100,32.489951,33.284100,32.624440,31.435979,19.162148,25.028165,26.817171,28.449518,34.148592,33.430552,34.451379,0.000000,18.240959,33.884039,32.977772,15.898263,30.544285,33.299784,31.466013,33.525433,32.999881,32.657142,18.230556,30.883263,26.454490,32.621188,26.921010,33.660890,28.442500,28.517363,28.483197,28.317653,31.706004,28.766763,28.978021,33.686401,29.940381,27.817352,33.106631,28.459020,30.473251,28.781339,33.865866,31.411038,33.665211,28.023907,28.687799,33.246432,27.791249,32.828281,26.301808,32.136039,26.654239,28.527099
Trường Trung học cơ sở Yên Mỹ,31.460834,32.261707,28.453602,27.174181,31.711289,30.085186,31.320539,27.458346,30.518030,30.442338,30.960118,31.540556,30.377387,26.052637,31.035615,30.938064,27.252655,30.871274,28.114275,31.288784,32.330002,30.436433,29.481347,31.302494,29.579478,30.441371,30.918949,26.939174,27.862815,30.661374,28.226590,30.377763,25.538541,30.448571,26.221633,31.687026,30.945011,28.838005,29.634895,28.288885,32.472681,31.802552,29.891989,26.884882,28.743259,29.904452,31.849827,26.656570,30.553380,29.689722,32.281571,31.426319,18.302968,30.145975,31.778314,26.120970,29.111652,21.737647,31.063924,29.460637,29.450049,30.050843,32.398741,30.548520,31.410660,29.792652,27.948939,33.959539,30.932478,17.972562,25.939361,30.214927,29.593917,28.673136,31.914991,31.135874,18.977567,32.166712,30.131296,29.216886,33.011335,32.522761,33.090946,18.039288,0.000000,28.642275,32.191665,13.729720,26.021989,32.473216,29.621861,32.580355,32.287498,32.027219,12.215371,29.881330,28.968398,32.013214,26.967719,32.705635,29.752081,29.105451,27.831751,29.640528,30.373289,30.033311,30.194618,32.727004,30.047322,28.225894,32.359154,29.690410,30.545391,29.986434,32.407188,30.335090,31.960950,30.160241,29.024422,32.499303,27.927197,31.031498,26.274446,30.409856,26.656153,30.548883
WinMart+,39.243271,42.797538,34.643757,29.670745,32.701626,30.027132,43.113574,31.563415,29.997127,37.968536,30.650170,42.106314,30.997971,27.250115,30.958997,38.148901,31.364881,31.146994,26.985757,40.222874,33.266404,38.920143,36.313058,31.931732,34.811307,30.268807,38.215334,26.740790,31.257481,30.676166,33.258769,38.108640,32.802387,36.315893,33.714733,30.136731,37.798651,34.380405,30.530475,34.237160,30.010726,40.441796,35.292517,24.502213,33.863894,29.329393,39.868012,38.247631,35.780619,34.246390,30.790071,28.658845,32.678301,34.937137,28.765830,17.035290,29.568304,28.095102,26.659238,34.495688,28.914719,34.683500,31.561131,35.339655,29.544274,33.774645,28.745674,43.231965,36.379973,33.844692,26.999062,30.968194,24.589804,23.133085,30.288492,29.264394,42.310600,37.522227,33.911514,32.523664,32.581222,31.794396,32.270332,38.437715,28.458382,0.000000,31.287662,31.241336,15.402037,31.741143,29.832770,31.920354,31.434233,31.097635,29.158836,33.271994,32.080967,31.016226,15.666409,32.124329,29.911286,25.261212,30.218888,33.053098,30.129473,33.685353,33.808660,32.174735,27.833294,30.468934,31.632538,31.696388,34.186659,33.317834,32.542055,33.243243,32.343427,33.273466,31.526564,31.821330,26.785781,31.469769,24.857180,30.736877,25.316550,33.681416
Coffee Cây,31.160621,32.657047,29.819910,30.899700,32.090529,27.773771,30.049105,33.191919,29.639428,29.060028,28.386583,32.820785,28.049527,29.438967,30.392805,27.936723,32.764363,27.311301,23.242082,32.439451,30.575839,33.826267,30.591650,31.505892,27.800854,25.038462,29.047771,30.928575,32.857342,29.170794,28.001613,32.582867,30.820903,27.284563,30.543643,28.998130,26.551746,29.933619,25.246166,31.275602,30.978203,33.489840,24.945588,29.662100,30.462608,26.256127,33.459756,31.550449,26.615893,25.285427,24.231854,23.636388,29.675423,26.601318,26.504765,28.882774,25.852702,29.468886,21.468198,30.710562,32.352463,26.301129,26.315713,27.940858,25.363555,26.078603,24.538783,35.952687,25.239047,31.135721,31.480367,26.026981,31.012939,31.656905,25.597220,24.622608,35.794495,33.472235,24.907885,25.679590,23.888610,26.769421,29.773509,33.487134,28.659295,32.362966,0.000000,29.988206,31.038598,28.049517,23.665847,27.894783,23.729306,26.891016,29.026051,26.962313,26.604509,21.169106,29.555137,19.054702,24.959653,32.092634,26.629778,25.327143,20.587026,26.725798,23.471237,23.414960,19.622092,24.401372,24.252614,27.109047,28.673685,27.096668,28.212218,27.096926,28.012035,22.159497,25.457088,25.598677,29.342311,26.397050,27.623652,24.973685,27.971018,27.142161
Trường Mầm non Tứ Hiệp (điểm Đồng Trì),33.961107,35.368935,30.516635,28.797416,34.280901,32.256637,34.404450,29.427638,32.511130,32.946705,33.161225,34.459645,32.499564,27.466697,33.239692,33.369403,29.243484,32.889947,29.461888,33.913738,34.748431,32.945830,31.634844,33.319663,31.556594,32.265468,33.403357,28.848673,30.194431,32.492190,30.165299,32.751661,27.728240,32.591650,28.470442,33.841911,33.317703,30.869706,31.444427,30.262325,34.620004,34.473152,31.920269,28.712903,17.790682,31.491124,34.396500,29.519250,32.395369,31.445425,34.496682,33.281802,16.759362,31.919284,33.651853,27.700372,30.640497,22.922785,32.557227,31.425456,31.758844,31.838273,34.519889,32.372841,33.090764,31.489730,29.523570,18.322179,33.019470,16.088816,28.680408,31.837905,32.212198,31.057267,33.854461,32.799189,17.333819,20.295053,31.688841,30.651581,35.034053,34.447005,35.336158,15.443070,13.835128,31.251196,34.107082,0.000000,27.691386,34.303513,30.955274,34.526843,34.009549,33.775871,13.178345,31.421360,30.430831,33.704346,28.920708,34.615695,31.276655,32.080967,29.069481,31.198784,31.910101,31.659690,31.812954,34.622960,31.384869,23.733133,34.121177,31.177262,32.176705,31.525051,34.129760,25.955384,33.708500,31.637480,30.235763,34.226534,28.818735,32.639927,26.931287,31.843374,27.331057,32.036282
Trường Mầm non Lĩnh Nam (cơ sở 2),31.963959,33.204469,28.511686,24.749556,26.988918,25.879589,32.323118,25.194903,25.929554,30.849213,25.713567,32.356037,26.253147,23.050608,26.399171,31.299130,24.552292,26.485196,23.982085,31.867927,27.826473,30.922775,29.702258,27.301206,29.549148,26.083067,31.266762,21.186775,23.988707,26.455600,28.056448,30.712843,25.166228,30.514354,25.975457,27.934469,31.158830,28.729362,26.662309,28.200936,27.770780,32.273567,29.821018,19.674794,28.644503,25.736867,32.225840,26.611317,30.453738,29.465676,27.787529,26.978888,27.898713,29.953181,26.398897,15.562795,26.184082,21.310044,23.934578,29.271947,20.554051,29.816611,29.052508,30.350281,27.213404,28.728732,27.151391,34.591426,30.869341,28.806352,21.047888,28.884430,17.669537,16.863795,27.680378,27.038190,34.385145,32.082785,29.728098,28.718480,29.955379,29.392562,28.831563,32.203044,24.725210,14.648275,28.987206,26.324080,0.000000,29.423371,28.062888,29.472250,27.253522,28.976961,25.080893,29.401229,28.416609,27.346497,13.490545,29.669303,28.112575,17.569867,27.134299,29.138470,28.246305,29.565927,28.617637,29.715140,25.927893,27.496217,29.392891,29.593653,30.074966,29.447770,30.172395,29.734518,30.034711,27.497323,28.325351,29.570985,24.374128,29.393924,23.013931,28.825558,23.410721,29.252265
Chợ Nhân Chính,30.646642,31.930090,29.438493,30.396854,31.316699,27.493529,29.677186,32.372852,29.175711,26.555282,28.028311,26.827061,27.702221,29.039423,29.720946,24.389514,32.108311,27.023659,20.402905,26.020723,29.845016,33.175525,26.427969,30.516383,26.176570,21.168248,25.879346,30.482700,32.155472,28.504722,25.101791,32.049239,30.433359,25.369865,30.167881,28.466012,24.626005,25.158823,22.552994,30.894046,30.253495,32.880675,24.251849,29.321949,30.134099,26.044729,32.879819,31.960185,24.426227,24.696411,30.041042,26.240704,29.400044,23.871400,28.876954,28.644676,22.303399,29.200646,22.008749,28.331005,31.808009,23.694330,26.014478,24.903284,27.467805,21.490070,26.190943,35.186326,24.783439,30.777834,30.918842,24.496304,30.644383,31.206191,27.583278,27.260318,35.070783,27.107885,20.034147,22.648775,28.170123,24.347561,30.100315,32.994308,29.191544,31.882830,25.096987,30.600037,30.719511,0.000000,15.987596,23.446813,26.849079,19.942823,29.592468,24.063404,23.514944,23.382546,29.297532,22.800587,17.939960,31.655377,24.399444,21.303056,18.673842,22.924844,18.277953,23.741577,24.791501,22.279299,23.738189,24.571046,26.407630,24.305808,27.056415,25.353235,21.403821,19.080340,23.164155,20.121950,29.210229,22.810520,27.550689,22.611707,27.891903,24.608143
Cục Sở hữu Trí tuệ,27.705488,28.490061,26.969816,27.547672,27.664160,25.029434,24.131179,28.687898,26.212954,24.847085,25.277657,25.279719,24.990044,26.458463,26.187051,23.779908,28.845632,24.294873,19.758881,24.506663,26.086630,27.248119,25.140181,26.141127,23.578075,20.250269,24.086355,27.951190,28.708215,24.684106,23.665438,26.308947,29.210023,22.847397,27.902777,25.107756,23.003152,23.859417,20.822641,28.032838,26.583314,27.093449,22.929039,27.089134,25.928393,23.172142,27.326614,30.150558,20.634036,23.443314,26.370651,23.708593,25.391522,21.522123,25.917638,26.806111,20.332340,27.303537,20.440973,26.904931,29.002720,21.958305,22.650938,21.645015,24.501242,19.490531,24.063168,29.314236,22.703564,26.312821,29.453581,21.127736,28.463458,28.705213,24.541786,24.089581,29.498781,25.788118,18.866051,21.048590,23.719514,26.824862,26.639869,28.223159,28.155245,29.320242,24.623205,29.223692,28.738165,16.386388,0.000000,25.189144,23.724749,17.383855,28.434320,21.414304,21.029949,25.229682,27.460891,25.414413,14.228886,29.274521,22.262610,15.965117,18.388193,20.218973,15.439917,24.543140,25.856824,20.978422,22.626805,19.017591,23.010038,21.685266,25.332324,23.295191,20.651165,16.168485,21.512591,20.008830,28.204017,18.586738,26.796209,18.981287,27.113526,21.133501
WinMart+,31.792854,33.581361,30.268749,31.524194,33.131655,28.084258,30.495060,34.279061,30.241457,29.541009,28.837964,33.610697,28.460043,29.926968,31.299114,28.213858,33.616409,27.658573,23.020688,33.124797,31.620741,34.639910,31.062393,33.002545,27.177372,25.002893,29.475693,31.469109,33.784933,30.192845,28.260711,33.239732,31.280080,26.592167,30.985383,29.735254,26.010676,30.315814,24.420497,31.734809,32.000534,34.250094,28.164545,30.057759,30.846728,26.488519,34.179388,32.044199,25.877096,24.820271,31.722336,26.114640,29.984459,25.717181,29.973154,29.153410,24.805935,29.773428,20.416567,31.098323,33.038280,25.626576,26.704470,26.911332,27.237426,24.831458,28.390411,36.885891,24.487043,31.549430,31.876713,24.507653,31.445354,32.216702,27.382742,25.350349,36.680161,33.994801,23.926261,24.953666,27.125462,24.393217,34.210352,34.080625,28.817179,32.957665,21.604821,30.237656,31.422017,22.506068,22.405396,0.000000,24.806252,21.622650,29.212757,26.229499,25.853124,22.944194,29.849077,21.774885,25.245677,32.620737,26.046318,28.008958,19.472918,25.852451,23.655874,26.398305,25.878324,23.886245,24.979871,28.440913,27.971181,26.111900,28.419930,26.607958,25.362581,21.974064,24.878630,24.863362,29.467550,26.086489,27.685524,24.366265,28.044243,27.076940
Kho bạc Nhà nước Đống Đa,29.304625,30.574517,28.208530,29.117764,29.768510,26.162208,28.545884,31.023200,27.589071,27.495725,26.326300,31.092497,26.251201,27.659505,27.862411,26.594146,30.924939,25.359449,22.142113,30.869650,27.833498,32.203438,29.174299,28.225723,28.086073,23.572654,27.691705,29.400345,30.880903,26.381723,26.845343,31.082806,29.479007,27.662889,29.190198,22.996991,26.909277,28.624007,25.945767,30.026216,21.630010,31.925941,26.806869,28.238943,29.254528,23.800859,31.971484,30.249152,27.143699,25.708570,23.556343,22.961434,28.532221,27.215949,21.093249,27.706928,26.653687,28.303691,23.289217,29.468129,30.777410,26.805014,25.712747,28.443638,24.629525,26.904860,19.946869,34.322473,25.837268,29.967329,30.404997,26.998298,29.769533,30.244042,17.353520,15.803335,34.247943,32.348912,25.771407,26.281076,21.917418,27.950105,24.844970,32.229323,27.886993,30.972408,24.117612,29.054066,27.004255,28.678489,24.896091,28.679200,0.000000,27.627604,28.223492,27.374934,27.066066,19.770994,28.450788,22.560528,25.835758,30.801720,26.987816,25.995305,25.743643,27.250835,27.317683,29.782601,17.486933,24.873742,29.048061,30.075753,28.878541,27.492938,30.319833,27.358041,30.047620,25.368762,25.960663,28.330423,28.785871,28.433354,27.167504,27.102653,27.514370,28.657850
Tịnh Cafe,31.231765,32.625325,29.949452,30.978075,32.093604,28.042168,30.154255,33.120874,29.809334,29.241600,28.644757,32.786817,28.331082,29.598953,30.528454,28.148928,32.736861,27.686774,20.414735,25.339352,30.718112,33.746948,30.664900,31.572004,25.252829,25.485111,25.126060,30.990287,32.818930,29.494156,24.565204,32.562843,30.877026,24.505042,30.611534,29.269192,24.022408,24.665621,22.146875,31.314417,31.074766,33.428808,23.799873,29.777178,30.525319,26.854062,33.404686,31.577614,23.699978,24.226365,30.855464,25.223988,29.767930,23.127865,29.553207,29.012531,21.839031,29.568516,22.632032,30.760316,32.344812,23.113847,27.063257,23.700785,26.427924,21.153854,28.258003,35.786266,23.982995,31.169626,31.502694,23.292086,31.059558,31.685414,26.561819,25.128274,35.645695,26.510851,20.134314,22.231670,26.502432,26.181563,32.935720,33.438941,28.745916,32.356505,21.876676,30.044329,31.082725,20.401424,17.390655,22.759001,24.636358,0.000000,29.106564,23.268792,22.851715,22.983528,29.649315,22.077738,18.324397,32.094780,23.759729,20.307199,19.067330,22.289710,18.572649,23.310190,24.782711,22.059910,23.921586,24.685345,25.064321,23.509304,27.144179,24.663506,21.596398,19.236746,22.766174,23.588509,29.388735,22.947507,27.688301,22.713415,28.029553,24.694233
Trường Mầm non Yên Mỹ,32.481404,33.501489,29.308070,27.856703,32.755514,30.976043,32.558892,28.247770,31.355027,31.462045,31.881278,32.722782,31.256005,26.619290,31.938275,31.941621,28.070869,31.720065,28.671206,32.363699,33.358529,31.460218,30.359823,32.140570,30.397428,31.229654,31.937403,27.702535,28.812704,31.451228,29.018125,31.352238,26.390225,31.341306,27.102735,32.601772,31.932569,29.682571,30.401164,29.090469,33.410930,32.938685,30.734146,27.623433,29.471012,30.598888,32.937492,27.766688,31.321456,30.454218,33.218026,32.242049,18.448026,30.909609,32.565402,26.759351,29.783037,22.187590,31.721874,30.274642,30.394385,30.829708,33.288944,31.346785,32.132188,30.496469,28.595792,35.204058,31.801632,18.118979,26.996436,30.893394,30.654002,29.639145,32.758853,31.873941,19.251996,33.041551,30.821295,29.852168,33.868387,33.344810,34.034425,18.239251,12.556964,29.692053,33.000731,13.384509,26.701625,33.261644,30.191950,33.395371,33.049046,32.767873,0.000000,30.522880,29.581670,32.763646,27.757714,33.511204,30.396071,30.293986,28.346129,30.292917,31.017880,30.710717,30.868387,33.527856,30.617378,28.728325,33.102523,30.309818,31.229879,30.631996,33.133140,30.927400,32.701939,30.783362,29.567682,33.229835,28.306764,31.711168,26.549250,31.031842,26.942500,31.179584
WinMart+,30.777164,27.113181,29.660185,30.532121,31.413067,26.818006,25.366725,32.361043,29.454516,27.087338,28.459166,27.311289,28.186433,29.313805,29.997160,25.463322,32.063058,27.635339,21.621739,26.388962,30.102510,29.575374,26.772867,30.701337,26.933375,22.344678,26.459454,30.590236,32.094275,29.036592,25.346859,28.185691,31.554506,26.313959,31.935206,28.922315,24.761983,25.335631,24.049255,29.983220,30.437155,29.376609,24.289490,29.522932,27.441347,26.960578,29.561973,33.005386,21.170210,24.803773,30.253013,26.976468,26.724688,25.339992,29.217640,28.868688,24.335747,28.341613,23.692228,28.862362,31.794117,23.574765,27.146392,26.487826,28.064471,24.251023,26.817472,32.233226,25.213026,27.855110,31.674456,26.366994,30.719060,31.246060,28.157457,27.950832,32.331448,27.496139,18.764073,22.146673,28.916015,25.812118,30.319933,30.253976,29.615569,31.864955,26.421754,31.226445,30.782993,24.424724,19.841271,26.348153,27.621324,23.087466,30.069016,0.000000,22.447686,26.910647,32.248896,25.935640,19.976991,34.432972,23.908111,19.171008,24.979991,21.117786,21.636028,28.555910,28.172289,21.592689,27.074361,21.853031,26.340476,23.494231,29.906429,25.167818,27.667966,22.206610,22.445364,24.092895,31.041106,24.224022,29.113618,23.246899,29.454825,24.081873
5050 Rooftop Cafe & Pub,24.405869,24.430683,29.107971,29.841008,30.464475,24.049790,23.063379,31.350765,28.802215,23.838147,27.911963,24.237606,27.668979,28.736141,29.160550,22.521089,31.190416,27.152752,17.413865,23.219165,29.194956,26.748840,24.255153,29.597374,18.755832,17.894405,22.813683,29.955045,31.175693,28.187398,22.473164,25.698810,30.826351,17.585217,31.183857,28.195525,21.193795,22.813050,24.095683,25.500081,29.529651,26.659856,21.506039,29.016193,25.345044,26.501039,26.955820,32.045051,17.527287,22.186630,29.369656,26.580827,24.750710,25.142076,28.548272,28.478251,24.329818,27.997817,23.808450,26.811523,31.037489,19.050475,26.565588,25.981812,27.482564,24.256846,26.509860,29.432827,20.212242,25.823573,30.987273,25.844138,30.177299,30.593754,27.564171,27.340041,29.688760,25.193417,20.682735,16.745034,27.916507,25.498135,29.483331,28.019538,29.237149,31.172009,25.985860,30.680133,30.287825,24.389672,20.992799,25.929867,27.051341,23.377788,29.638445,20.561720,0.000000,26.468386,31.608090,25.639108,21.132988,33.524369,17.986001,20.604788,24.828637,22.232313,22.402413,27.672969,27.636636,18.047873,26.475832,22.415903,25.719083,23.714617,28.779704,19.804322,26.895699,22.595391,22.782187,24.127413,30.743908,24.241114,28.932767,23.432529,29.256534,24.116402
Thuế cơ sở 4 thành phố Hà Nội,29.383235,30.643621,28.285213,29.201632,29.861362,26.284826,28.619030,31.094061,27.706810,27.595971,26.455996,31.149652,26.386702,27.757639,27.998037,26.689335,30.991715,25.524426,22.270009,30.927644,27.981691,32.249706,29.238074,28.385082,28.181730,23.724355,27.774438,29.470365,30.953913,26.588160,26.923363,31.135549,29.543422,27.764595,29.254688,24.550379,26.993554,28.685371,26.070807,30.079191,28.556104,31.973545,26.891192,28.315191,29.313295,24.034263,32.019110,30.302380,27.254999,25.785076,23.820148,23.247189,28.585185,27.338996,26.160806,27.777249,26.805824,28.362416,22.888763,29.517841,30.836499,26.910630,25.964571,28.578402,24.909506,27.075436,24.209256,34.349671,25.954625,30.014773,30.446618,27.192401,29.828549,30.297281,25.147923,22.401073,34.280736,32.379298,25.917781,26.392577,22.760414,28.197057,28.142743,32.265399,27.934584,31.025763,20.319599,29.098087,28.797269,28.861805,25.077337,24.574189,21.408660,24.143040,28.265449,27.486866,27.178643,0.000000,28.509985,18.449684,25.154884,30.849377,27.083266,27.206206,21.250129,27.381127,23.963735,24.397711,16.656358,24.958091,24.932693,27.507569,28.979889,25.829518,28.959461,27.441929,28.711777,22.526403,26.054991,26.364457,28.816338,26.966223,27.197865,25.510813,27.538955,27.568516
Trường Trung học cơ sở Lĩnh Nam,36.933184,39.313151,33.112821,27.867928,30.211709,34.567306,39.147884,28.885445,28.470074,35.783723,28.711581,38.644595,29.102852,26.015542,29.137830,36.042594,28.537950,29.277916,26.111375,37.452029,30.875233,36.395705,34.477390,30.004339,33.436248,28.669890,36.038274,25.191119,28.230151,29.030038,32.036314,35.851575,31.127078,34.669988,31.862369,28.468386,35.776262,32.942499,29.030795,32.749489,28.302196,37.696410,33.816867,23.653951,32.612501,28.032671,37.355293,34.387844,34.313900,33.032046,29.044868,27.414415,31.636489,33.623967,27.429290,18.942781,28.326986,27.899306,25.858713,33.137600,25.855798,33.408733,29.772332,33.981707,28.244813,32.679679,28.733836,40.092709,34.770453,32.622601,24.433559,29.545772,26.133959,22.707809,28.772212,28.042101,39.503084,35.882428,32.846010,31.632750,30.776500,30.144413,30.333789,36.502729,26.947189,20.714206,29.702872,29.126651,14.322238,30.171060,28.642134,30.247723,29.942805,29.669234,27.472437,32.284233,31.219213,29.589152,0.000000,30.462431,28.719583,21.609344,29.592145,32.075458,28.872706,32.619692,32.746043,30.520080,26.884771,29.840255,30.145386,31.926815,33.087939,32.335617,30.991209,32.328636,30.834243,32.328865,30.793818,30.342398,25.854570,33.469721,24.175949,29.504628,24.600575,32.698252
WinMart+,31.961245,33.549628,30.548092,31.699832,33.129642,28.647362,30.731939,34.145451,30.583901,29.906522,29.367462,33.574558,29.041682,30.265173,31.554631,28.656366,33.569891,28.427098,23.919941,33.125055,31.865877,34.523630,31.226520,33.026035,27.957381,25.918207,29.777265,31.615920,33.715818,30.781611,28.627461,33.235106,31.421282,27.488711,31.149957,30.271550,26.750479,30.514777,25.625990,31.829627,32.165016,34.158410,28.538020,30.310129,31.000250,27.752669,34.099427,32.121564,26.886185,25.497441,25.384656,24.890130,30.190937,26.917954,27.351258,29.431148,26.280003,29.998584,23.042886,31.227313,33.045914,26.559509,28.303058,28.187150,26.600121,26.581975,25.353992,36.595928,25.610712,31.650832,31.949112,26.600112,31.565230,32.289435,26.798155,24.672968,36.419086,33.944267,25.371070,25.991299,27.028687,27.451686,29.373572,34.018661,29.005861,32.972170,19.516500,30.372766,31.524979,28.394625,24.345399,25.965920,23.902311,24.854962,29.389631,27.226072,26.899097,19.233187,30.057467,0.000000,25.956876,32.659671,26.867667,28.366158,21.014666,27.057212,24.465473,25.769429,23.328212,24.673233,26.017277,28.774863,28.826240,26.508864,30.702995,27.289274,30.290806,22.669042,29.008357,27.485508,29.581068,27.912434,27.822895,26.065817,28.169710,28.403962
WinMart+,31.055348,32.139451,29.954727,30.803885,31.615817,28.372126,30.122957,32.482855,29.814324,26.486902,28.877400,26.733564,28.617152,29.645573,30.350692,25.300724,32.259650,28.141006,20.084752,26.004748,30.509185,28.613873,26.383045,31.101146,24.661482,20.711571,25.857412,30.822190,32.301904,29.582353,25.168848,27.550583,30.744034,23.890806,30.507754,29.392229,24.762029,25.213562,21.585330,31.129246,30.796666,28.474399,24.394305,29.784490,27.005017,27.634865,28.659845,31.508894,23.097200,24.798335,27.753774,27.546299,26.417016,22.443982,29.607081,29.115016,21.138020,29.600960,24.640964,28.167099,31.979455,24.005766,27.897965,22.830972,28.616862,20.334060,27.202034,30.825182,24.912084,27.365666,30.602340,22.359926,30.910688,31.431231,28.696686,25.322030,30.952842,27.012413,21.229882,23.134991,29.650076,27.426129,28.051571,29.368096,29.026508,32.026522,24.642847,30.350104,30.945790,16.302046,16.823870,25.392851,24.946206,17.490905,29.398359,23.863570,23.425551,25.356673,29.670072,25.691313,0.000000,31.817894,24.212166,19.082570,17.987202,22.957653,15.132018,24.481348,26.028873,22.375239,23.939631,19.427349,25.746369,19.502943,27.564919,25.073780,21.407184,15.774862,23.157097,19.946309,29.406942,18.701361,27.794411,19.153608,28.117926,21.808547
WinMart+,35.078196,37.984540,31.242341,26.383187,28.843013,26.708440,37.719640,27.819667,26.612289,33.889114,27.067639,36.913617,27.342778,24.221388,27.300072,33.860843,27.395323,27.365069,23.870568,35.263580,28.944037,34.132680,32.007198,27.925539,30.937263,26.525066,33.823561,23.781362,27.097634,26.800162,29.634488,33.321975,29.386565,32.019623,30.009155,26.288284,33.179641,30.394797,26.584931,30.117250,26.085491,35.117615,31.042731,22.035568,29.617514,25.510664,34.588919,33.290733,31.204408,30.008811,26.645124,24.893167,28.476801,30.488756,24.895279,16.720178,25.567028,25.950608,23.187769,30.183825,24.962480,30.211806,27.161213,30.721068,25.430757,29.504373,28.779825,37.052098,31.701775,29.288528,22.370434,26.647068,25.371925,21.694406,25.980299,25.159520,36.259228,32.332387,29.362555,28.217516,27.811926,27.172629,27.534117,32.888750,24.189680,20.043546,26.740636,26.834696,15.384555,27.069751,25.438895,27.229103,26.765897,26.551442,24.794621,28.844492,27.825316,26.403501,16.707656,27.339968,25.544859,0.000000,26.219183,28.568517,25.730541,29.065998,29.135819,27.347963,23.696569,26.300184,26.900660,28.335563,29.444376,28.677376,27.631396,28.617345,27.480374,28.611067,27.068417,26.970611,22.761909,26.700670,20.982768,26.062733,21.417279,28.889074
Cửa Hàng Tiện Lợi BV Mart,25.124358,25.246908,24.768203,29.572113,30.081786,24.908094,23.855160,30.891980,28.602685,24.840765,27.801094,25.173115,25.682436,28.560350,28.898153,23.543443,30.792105,27.119049,18.397321,24.254667,28.915239,27.460976,25.039840,29.236409,19.950349,18.899162,23.972296,29.697914,30.760945,28.007990,23.477001,26.382889,30.498900,18.920299,30.832915,28.039633,22.525346,23.684549,18.670868,26.074065,29.221552,27.348344,22.558733,28.836711,25.948776,26.556390,26.313435,31.583603,19.306586,23.135268,29.079710,26.613112,25.349799,19.887303,28.369609,28.359668,24.753800,27.914525,24.244685,27.627182,30.688153,20.937807,26.615345,26.148759,27.409975,24.749611,26.536356,29.752981,22.048440,26.386812,30.667846,26.039865,29.935093,30.298397,27.480165,27.279518,29.991241,25.837855,22.144758,16.479627,27.756754,25.718080,29.200242,28.807516,29.082337,30.847563,26.124113,30.419371,30.064084,24.941887,22.089421,26.079744,27.032395,24.000454,29.460379,22.918386,17.310156,26.525396,31.290925,25.806736,22.239758,33.054494,0.000000,21.856019,25.171450,23.337230,23.322047,27.554749,27.553986,16.649919,26.544571,23.171681,22.120841,18.511156,28.498179,19.263049,26.872496,23.195622,20.217952,24.494610,30.583345,24.648803,28.849835,23.893640,29.161522,24.489175
Đảng uỷ - HĐND - UBND phường Thanh Xuân,28.927320,25.697145,28.034667,28.735989,29.209970,25.367914,24.210956,30.212149,27.532383,25.369405,26.574240,25.679853,26.304220,27.575598,27.737408,23.985109,30.158772,25.649423,20.522316,24.755251,27.665799,27.990744,25.453184,27.936263,24.949789,21.130931,24.525406,28.988102,30.099181,26.369879,23.906492,26.830914,30.138328,24.250030,30.524745,26.628581,23.013229,24.067993,22.126473,28.737992,28.100293,27.859919,22.942094,28.057443,26.321139,24.656775,28.103482,31.345421,19.638055,23.518889,27.936286,25.009516,25.687264,22.990838,27.201246,27.638238,21.860186,27.332809,21.722720,27.633253,30.106985,21.449200,24.416511,23.459103,25.887347,21.310312,25.260868,30.577482,22.683137,26.753251,30.359785,23.104230,29.371049,29.716974,25.981747,25.606672,30.769031,26.285319,16.242697,20.110280,25.708018,23.262575,28.161786,28.982048,28.704730,30.341807,23.773674,30.141037,29.569817,20.790878,17.800653,26.248251,25.261001,20.581945,29.100373,20.692030,20.084236,24.672789,31.087518,26.369755,17.299658,33.025488,22.098220,0.000000,22.328388,18.400784,18.482540,25.832082,26.438239,20.528081,24.357387,19.406548,23.093438,13.062362,27.163446,23.515633,24.692842,20.289072,21.031197,22.167189,30.432350,21.874729,28.640672,21.356336,28.969818,22.145435
Starbucks,31.886338,33.224386,30.627464,31.627519,32.802151,28.988234,30.772339,33.685419,30.655733,30.055199,29.626715,33.275962,29.353831,30.377425,31.470009,26.906800,33.250468,28.879338,24.737004,27.665167,31.722378,34.137938,31.204706,32.609558,24.206446,26.645896,27.715593,31.547706,33.356700,30.854525,26.782427,33.002858,31.376845,23.483455,31.134971,30.420710,26.705301,26.634197,21.406116,31.750305,31.975597,33.821997,26.006988,30.383468,30.997387,28.479287,33.780708,32.013521,24.625718,26.295763,28.452714,28.234151,30.258865,22.142066,30.491270,29.569543,20.982510,30.084250,24.918649,31.202502,32.821367,26.456820,29.052411,22.418943,29.519589,20.304727,27.721434,36.021504,27.414478,31.590352,31.597668,22.007260,31.510648,32.158753,29.611541,28.545546,35.891787,28.195914,24.578518,25.761815,31.401673,28.550875,30.964113,33.753579,29.820013,32.783348,25.044360,31.214290,31.476873,17.481222,17.376076,26.394574,28.205364,22.531796,30.215243,26.811580,26.386119,25.932494,30.133006,26.635749,16.921897,32.524137,26.458919,24.206453,0.000000,26.485873,16.787503,25.251548,26.623180,24.056915,22.923531,24.586326,28.780614,22.920538,28.662265,27.002038,19.408101,17.282527,27.314094,18.103114,29.622816,22.041879,27.924118,21.889367,28.259123,24.636740
WinMart+,29.271446,25.963915,28.384325,29.073779,29.569542,25.658872,24.537209,30.496340,27.962903,25.700823,27.062847,25.976729,26.815802,27.965698,28.208176,24.397895,30.420629,26.236552,21.250008,25.133579,28.177560,28.118775,25.715122,28.482515,25.594744,21.857625,24.947687,29.273262,30.378394,27.044133,24.313059,27.005530,30.144262,24.987770,30.513256,27.198138,23.594188,24.422581,23.056013,28.802122,28.559659,27.988065,23.418523,28.365857,26.495771,25.423979,28.208386,31.287555,20.643965,23.920064,28.407003,25.648986,25.885167,23.967438,27.672370,27.917624,23.040030,27.443461,22.728316,29.868345,30.345589,22.373202,25.316360,24.574840,26.497879,22.749216,25.757942,30.554767,23.475936,26.904597,30.354148,24.334710,29.598021,29.955571,26.586144,26.286630,30.740543,28.539495,18.798976,16.979493,26.567475,24.261458,28.585862,29.034593,28.757285,30.551329,24.737528,30.141486,29.767720,22.579394,19.567526,24.705311,25.981544,21.986899,29.141342,16.972074,15.788533,25.422285,31.058582,24.554089,19.651022,32.909184,20.771787,19.062488,23.494980,0.000000,20.769164,26.383465,26.758031,19.251072,25.164171,15.274010,21.350642,12.685302,27.500252,23.047397,25.475615,21.525026,19.515362,23.096059,30.426583,23.018254,28.669763,22.401628,28.993103,23.085478
WinMart+,31.840871,33.028748,30.672514,31.585406,32.604732,29.185990,25.108697,33.407518,30.690646,26.378619,29.766382,26.611159,29.522644,30.435352,31.406691,25.106353,33.053136,29.117869,20.259924,25.843266,31.629651,28.584019,26.261925,32.377875,24.206825,27.070390,25.710130,31.506980,33.136473,30.872287,25.009680,27.482037,31.353617,23.524433,31.123404,30.490765,24.505369,25.043563,21.580602,29.144754,31.853854,28.440922,24.167114,30.430085,26.925733,28.828148,28.637996,31.595157,21.881902,24.599493,28.743387,28.559795,26.320975,22.281715,30.543771,29.662667,21.226740,30.142476,25.831220,28.138388,32.682049,23.621971,29.366216,22.558587,29.705789,20.637690,28.018191,30.896699,24.638631,27.299303,30.644116,22.193233,31.475802,32.071591,29.780227,28.871070,31.052933,26.935613,20.413509,22.660118,31.314967,28.992391,30.958703,29.371038,29.012335,32.655517,26.164839,30.390462,31.453664,18.509033,17.986373,27.614034,28.588924,24.685406,29.396291,23.429167,22.950031,26.873549,30.185366,27.640406,15.644893,32.425154,23.916730,17.457883,19.927931,22.319920,0.000000,27.061344,27.291506,22.036783,24.230280,16.656451,25.475929,17.807345,27.822881,24.878609,20.116404,14.368648,24.595989,20.082333,29.669165,17.352625,28.005343,18.086288,28.334537,20.788821
WinMart+,32.310602,33.910751,30.882606,32.046587,33.562619,29.098981,31.039933,34.509240,31.022818,30.306145,29.848428,33.870285,29.540816,30.657168,32.069385,29.022331,33.885047,29.008205,24.335608,33.404759,32.438284,34.778787,31.507858,33.656013,28.370751,26.425914,29.535569,31.915031,34.049253,31.529685,28.402682,33.492399,31.680179,27.943415,31.420851,30.880831,28.657271,30.775566,26.146082,32.065289,32.679900,34.415997,27.674334,30.611167,31.236730,28.550099,34.339821,32.363376,27.364733,27.848065,32.442525,27.898147,30.428381,27.483855,30.864321,29.686645,26.933654,30.247921,24.065236,31.459302,33.328184,28.886297,29.338112,28.839534,29.404331,27.355292,27.445612,36.806877,29.820012,31.864833,32.145454,27.497506,31.802576,32.549561,29.514130,28.227301,36.618997,29.393835,27.896770,28.371204,31.844392,28.697400,34.488232,34.219929,29.170273,33.220664,23.867326,30.542526,31.728066,24.263522,25.100432,27.606858,27.800011,24.274242,29.554225,29.627217,29.237186,25.097389,30.291259,24.885238,25.776062,32.903580,28.687467,28.967932,18.191665,29.811856,23.763948,0.000000,25.747047,25.858151,25.779634,29.539145,31.547986,26.520048,29.576520,28.922235,29.072774,24.733871,29.360561,23.810392,29.682946,25.932234,27.920166,23.650376,28.266825,27.240001
Phường Ô Chợ Dừa,26.389322,27.369056,25.678017,26.314372,26.303589,25.390055,26.222883,27.675833,24.560307,27.174759,23.010457,28.328747,25.757345,24.708878,24.294663,26.703235,27.939621,24.787860,23.581994,28.341771,23.528913,29.555638,26.938314,26.726539,27.099779,23.437962,27.328855,28.024312,27.388896,25.384638,26.631017,28.656722,27.079058,26.705028,26.779021,23.220548,26.214451,26.475833,25.301444,27.989633,21.935485,29.281154,26.606215,27.929928,27.311124,23.599264,29.432475,27.832349,26.365822,25.586220,21.714146,23.040670,26.692916,26.296120,21.568068,25.631046,25.782276,26.220912,22.484389,27.427713,27.917270,26.062959,24.801445,27.050557,20.729765,25.795983,20.329871,31.533979,25.187750,28.046760,28.390794,25.771859,27.512638,27.684176,18.293429,19.555405,31.605012,30.289198,25.127267,25.608901,22.684001,26.125485,22.358138,30.099476,26.420849,28.419861,20.719027,27.303222,26.991138,26.841936,24.474041,23.368594,18.022209,23.243455,26.630070,26.371830,26.138920,17.619418,28.032164,19.950167,24.413387,28.436120,26.197812,26.147369,21.345987,26.211227,23.477145,23.173113,0.000000,24.515622,24.105589,26.364311,27.534060,25.127332,25.991682,26.562115,25.908360,22.334576,27.462824,23.867378,28.400316,24.810769,26.849603,23.747654,27.189501,25.703942
Chợ Xanh Văn Quán,28.673310,23.591099,27.952799,28.474600,28.695241,23.303116,22.637965,29.448633,27.530358,23.028956,26.822420,23.400079,26.610046,27.573445,27.637434,22.148304,29.535147,26.170916,22.255838,22.640981,27.611983,30.410709,23.513059,27.776522,25.686092,22.751203,22.193818,28.677933,29.464573,26.740156,20.785686,28.644143,29.386068,25.235534,29.702830,26.882514,21.206505,21.192554,23.855713,30.312416,27.924298,24.685417,21.837922,27.945325,27.151337,25.573239,24.992993,30.250840,18.916142,22.053512,27.801269,25.728607,26.569895,24.564440,27.281208,27.613253,23.985610,27.214823,23.656600,26.065898,29.547350,22.272913,25.480199,25.043608,26.368235,23.842672,25.737882,28.292252,20.536595,26.849869,29.607183,24.867729,29.025270,29.272397,26.426629,26.196855,28.655180,24.168602,21.852397,17.314596,26.352806,24.781282,27.941105,27.671683,25.116480,29.780758,25.092093,25.481406,29.217864,23.929447,21.854974,25.041549,25.972686,23.328953,25.333033,22.124172,21.642970,25.564074,30.292970,28.502423,21.956807,31.770241,17.196699,21.607244,26.599658,22.649512,22.723101,28.414846,28.252875,0.000000,27.650187,24.560892,17.579763,22.738029,26.958128,14.133556,25.550646,22.751526,18.657403,23.863111,30.024913,23.904529,28.454301,23.383420,28.748570,23.817419
Noble Moment,32.138316,33.398836,30.914437,31.880371,33.017562,29.429125,31.038481,33.820531,30.998180,30.397768,30.050813,28.812813,29.801232,30.703062,31.801283,27.493739,33.395873,29.414086,25.324962,28.235604,32.065496,34.225250,31.431733,32.906244,25.704952,27.244769,28.333289,31.769224,33.502557,31.343066,27.363677,33.137212,31.581025,25.127026,31.350826,30.874359,27.408429,27.163208,23.294035,31.925471,32.278381,33.915651,26.622991,30.651663,31.195764,29.177049,33.874385,32.182831,25.544827,26.859879,29.028145,28.844879,30.486306,24.188261,30.869887,29.831803,23.342147,30.323270,26.034958,31.383129,32.973309,27.346243,29.824761,24.801356,30.060804,23.105518,28.232977,36.010771,28.252240,31.759852,31.860191,24.589769,31.691698,32.328218,30.135027,29.208478,35.886799,28.597409,25.880393,26.738325,31.959652,29.474647,31.307181,33.835995,30.064951,32.917944,26.449527,31.441353,31.640435,22.828882,20.503164,28.197790,28.914665,24.941080,30.459985,27.816705,27.428872,27.210936,30.354786,28.150842,23.162986,32.664426,27.271494,26.108319,20.732512,27.699011,20.147823,24.458113,27.588963,24.771647,0.000000,26.540298,29.685599,24.406694,20.751767,27.680716,18.469325,15.558559,28.029441,16.130234,31.199105,21.212640,29.302876,21.216563,29.626186,24.556480
WinMart+,32.784878,33.957889,31.586907,32.505027,33.643369,30.314020,26.088040,34.338739,31.772240,27.692429,30.940928,27.851822,30.719650,31.443200,32.603090,26.332436,33.878830,30.454557,22.693731,27.135820,32.897169,29.702174,27.304385,33.719710,27.249991,28.326196,27.188448,32.322521,34.002770,32.401123,26.210220,28.495232,31.412875,26.776475,31.752723,31.839168,25.975046,26.107008,25.036856,30.029900,33.040261,29.522785,25.346421,31.262919,27.793385,30.473277,29.673368,32.660144,23.481450,25.710014,30.131895,30.001830,27.147874,26.135686,31.701810,30.408330,25.486850,30.859027,27.813776,29.038904,33.438991,25.476031,31.247096,27.102515,31.130836,25.614985,29.199280,31.977479,26.620525,28.143772,31.529471,27.050684,32.157712,32.805838,31.181379,30.440797,32.075643,27.866192,22.802044,24.595468,33.167891,31.077801,32.097277,30.267683,29.676263,33.343184,28.580420,31.134566,32.059910,25.813797,22.578425,30.710905,30.216518,28.035513,30.088899,25.733622,25.219170,29.203994,30.861546,30.391361,22.937293,33.078394,25.620632,21.148969,25.572774,25.049298,19.487024,30.746259,29.205712,23.187657,28.674929,0.000000,28.033554,15.674135,30.894629,26.363446,26.155296,19.645580,23.558447,23.398447,30.991364,21.817339,29.158944,21.130520,29.482279,22.203953
Co.opmart,30.112422,27.046003,29.197816,29.898983,30.487253,26.792492,25.603209,31.317639,28.939480,26.990091,28.115044,27.187664,27.890760,28.868030,29.294348,25.716909,31.164794,27.433740,22.519101,26.460679,29.334487,29.056010,26.757170,29.719884,26.872849,23.136526,26.442390,30.001089,31.157517,28.439192,25.613263,27.931119,30.825574,26.393658,31.165499,28.418648,25.249673,25.578937,24.700328,29.506669,29.635456,28.901256,24.783639,29.105290,27.328245,26.894644,29.574887,31.980274,22.801466,27.244204,29.487849,26.910706,30.382357,25.711689,28.719680,28.587290,25.051295,28.124741,24.472425,31.459725,31.026699,24.593211,27.011572,26.562501,27.759959,25.099121,26.775608,33.307173,25.641866,30.644494,30.977382,26.470886,30.203794,30.602056,27.830112,27.646890,33.184443,29.998533,22.343397,18.624028,28.245961,26.062080,29.584977,31.587582,29.293025,31.157088,26.497076,30.676487,30.303677,25.367095,22.235806,26.440924,27.393886,24.274589,29.682595,23.406713,22.451923,26.857928,31.577297,26.115739,22.403610,33.416329,20.244019,21.996302,25.503637,23.651698,23.584512,28.014461,27.875191,18.421578,26.952171,29.774838,0.000000,18.343951,28.998444,24.025195,27.348306,23.365267,18.366265,24.728320,30.730490,24.934723,28.961927,24.098312,29.279473,24.716813
WinMart+,31.413403,26.326447,30.449542,31.165992,31.867453,26.082061,25.071422,32.540128,30.393207,26.165257,29.655540,26.388989,29.458951,30.219010,30.890577,25.048586,32.338437,29.147295,22.239239,25.697719,31.031278,28.182249,26.104653,31.525216,26.071307,27.512436,25.538476,31.129137,32.376502,30.413939,24.959914,27.209045,29.958079,25.591981,30.292287,30.177904,24.517699,24.997802,24.055220,28.773137,31.232817,28.057995,24.220088,30.238802,26.734299,28.939215,28.249291,30.944815,22.318457,24.600073,28.854520,28.728988,26.181877,24.880101,30.259689,29.604888,24.237287,30.020772,26.802336,29.688915,32.101553,23.796820,29.314800,25.475599,29.590289,24.152837,28.246518,30.293894,24.610819,27.084883,30.162261,25.338703,31.156621,31.630385,29.641575,28.970555,30.462242,28.533767,21.744363,20.232550,30.619251,29.068643,30.570696,28.982481,28.734183,32.132999,27.181248,29.990740,31.163514,24.994802,21.770211,28.271842,28.758078,26.514396,29.083305,22.130904,21.481616,27.658332,30.058169,28.234345,23.029652,32.460577,23.124778,21.984868,24.629209,12.647630,21.296940,28.031573,27.861997,21.201377,26.616138,18.349616,24.788840,0.000000,28.381357,24.405658,25.008297,20.661770,23.800999,23.333286,30.326904,22.263013,28.663062,21.698336,28.968993,22.448683
9.0cafe,32.572791,34.060034,31.215728,32.310636,33.742428,29.621274,31.334864,34.604363,31.405953,30.701139,30.353951,33.991594,30.075471,31.029241,32.424073,29.464179,34.007272,29.653451,25.063223,33.544400,32.787291,34.836893,31.752261,33.900646,28.888207,27.164345,29.681069,32.148154,34.172036,32.076449,28.600868,33.620917,31.895984,28.530616,31.654157,31.392704,28.878723,31.037712,26.925002,32.246280,32.976978,34.486492,27.918986,30.908457,31.458377,29.445514,34.416152,32.532740,28.022349,28.069504,28.750882,28.520581,30.679096,28.228430,29.841887,29.989622,27.811749,30.510208,25.646547,31.657516,33.468562,29.136795,30.336986,29.566444,29.957242,28.330470,27.930081,36.738225,29.977039,32.045943,32.297476,28.583342,31.995224,32.724816,30.049295,28.913525,36.561939,29.504952,28.315761,28.679802,32.454745,29.946420,31.442377,34.290731,29.386147,33.355248,26.050408,30.723240,31.903231,25.709888,26.240232,29.046457,28.550019,26.201962,29.764114,29.824480,29.487817,27.032243,30.536267,27.618668,26.885613,33.043770,28.938616,29.380735,21.366312,30.027411,25.145742,31.686828,25.904854,26.218781,25.490099,29.877531,31.567645,27.106852,0.000000,29.120880,26.183159,22.877829,29.541537,17.762548,31.491677,23.280481,29.484880,21.014804,29.819833,25.737898
The Coffee House,30.325267,27.447506,29.435590,30.107819,30.685104,27.211502,26.045924,31.451901,29.218874,27.449556,28.452620,27.618498,28.245750,29.135752,29.579683,26.246132,31.299009,27.841024,23.147858,26.961309,29.643043,34.115067,27.147241,30.016829,27.338113,23.747188,26.981033,30.181669,31.291884,28.852312,26.136239,32.073648,30.965482,26.916939,31.287980,28.785254,25.918067,26.049972,25.386270,29.698946,29.909160,28.035845,25.695820,29.320832,30.242880,27.418121,28.732752,32.067981,23.778540,26.123363,29.767327,27.370305,29.725352,26.386342,29.028255,28.797007,25.847898,28.351911,25.210952,30.589927,31.155083,25.488454,27.586870,27.254430,28.173121,25.999005,27.159193,32.617305,26.435348,30.005276,31.099924,27.214414,30.349574,30.742032,28.237338,28.094798,32.564532,28.936065,23.831124,19.048494,28.745927,26.730413,29.841156,30.971917,29.444651,31.268007,27.124666,27.815626,30.432011,26.378003,23.433442,27.062510,27.870788,25.209770,29.828430,25.489888,24.731468,27.369652,31.659147,31.007836,23.623353,33.434124,20.789812,23.307869,29.177637,24.980835,24.740022,31.246594,30.194765,14.503057,30.376381,27.472662,19.207337,25.262004,29.399422,0.000000,27.946921,24.195597,19.952384,25.408101,30.800756,25.701517,29.049589,24.836332,29.361332,25.402085
Cục Tần số vô tuyến điện,33.317602,34.667066,31.992641,33.039799,34.428610,30.680579,32.046272,35.148106,32.319411,31.584395,31.412552,34.515741,31.173959,31.891347,33.347859,30.370917,34.548257,30.920489,26.326613,28.585294,33.746760,35.250303,32.381081,34.807073,26.171191,28.489822,28.747231,32.782732,34.724550,33.326250,27.714289,34.110008,32.478106,25.645664,32.265321,32.537612,27.828521,27.484546,23.917087,32.764377,33.855066,34.911375,26.996554,31.618481,32.023034,31.055514,34.829402,33.050679,26.092593,27.210103,30.214676,30.061060,31.278650,24.834711,31.016750,30.659115,24.093106,31.133111,27.983298,32.186495,33.992318,27.864950,32.107650,25.523257,31.381812,23.986416,29.154579,36.971279,28.776132,32.546612,32.193375,30.406205,32.530867,33.266249,31.444144,30.587325,36.795072,28.849161,26.619962,27.309454,34.098392,31.996676,32.458834,34.651805,30.351566,33.832679,28.970799,31.739846,32.386530,24.334409,21.544737,30.294781,30.328172,26.231649,30.752453,28.432381,28.063455,29.722369,31.124336,30.828315,24.842801,33.515770,27.762619,27.136760,23.258804,28.392389,21.873366,32.082373,28.300183,25.203522,23.616666,27.589001,30.238006,25.250670,31.801401,28.126896,0.000000,11.256596,28.462187,14.442777,31.771714,19.467893,29.776499,19.918043,30.105634,23.760332
Everything Coffee 'N Bagel,32.337432,33.395035,31.236773,32.075368,33.039132,29.993581,32.150827,33.716210,31.341911,27.420731,30.551751,27.588948,30.343122,31.063672,32.035775,26.205608,33.362421,30.066357,22.897301,26.926172,32.270291,29.306098,27.117890,32.954953,27.024778,28.135207,26.907369,31.944377,33.452376,31.734007,26.095870,28.221971,31.564371,26.591872,31.881013,31.300205,25.865885,26.015178,25.037820,30.245459,32.431057,29.151614,25.318533,30.955028,27.607531,30.009412,29.308026,32.748026,23.697034,25.646878,29.459691,29.322777,27.008564,26.002679,30.196691,30.181599,25.429445,30.614921,27.593661,28.755805,32.997857,25.418711,30.621938,26.807042,30.341086,25.522733,28.684463,31.427373,26.350353,27.934812,31.663620,26.744359,31.849776,32.428197,30.398065,29.663153,31.543215,27.657830,23.244184,24.671669,31.886277,30.422846,31.355780,29.913653,29.851237,32.948212,28.215836,31.263461,31.786874,24.966964,22.968297,28.872826,29.433182,26.237119,30.258156,25.573373,25.163698,28.769075,30.629212,29.342255,17.062707,32.723528,25.525384,22.257333,24.511643,25.036043,19.731347,29.310706,27.822715,23.373987,25.107251,20.904290,27.454816,20.508587,28.524100,26.185263,23.348189,0.000000,25.608961,19.596702,31.066900,17.859272,29.269324,18.134459,29.581052,19.537173
Starbucks,31.898984,24.713887,31.012722,31.665059,32.202380,24.474378,23.784417,32.750424,30.972670,24.342262,30.362802,24.690617,30.165998,30.832171,31.412596,23.472622,32.635209,29.969592,21.263450,24.029135,31.645824,26.431373,24.645120,32.027605,24.305444,28.501527,23.652186,31.565183,32.660885,31.187871,23.377313,30.867459,28.270867,23.819697,28.593375,30.895336,22.794633,23.583491,22.465707,27.265939,31.800847,27.470562,25.456626,30.760467,29.391125,29.960654,27.987047,29.019487,20.865910,25.837530,29.724823,29.686555,28.937665,23.049730,30.926601,30.132608,22.395799,30.496068,28.236965,29.256835,32.424890,21.949876,30.277198,23.320162,30.442731,22.051696,29.007121,30.956827,22.474918,29.169222,28.542757,23.031677,31.530389,31.980770,30.468193,29.954796,31.019936,27.967274,19.960404,17.734942,31.399988,30.174061,31.094284,29.954464,27.544886,32.424065,28.658424,27.356843,31.500891,27.246531,20.251812,29.752806,29.785383,28.397409,27.829447,19.529858,19.113762,29.100765,30.505023,29.627393,26.249229,30.666885,17.826560,25.667642,27.358732,22.873915,25.607179,29.688016,29.120738,20.157946,28.711928,24.710684,15.035053,21.926873,29.820646,21.856028,27.501447,23.719591,0.000000,25.698071,29.444063,25.264125,27.972530,24.456243,28.266676,24.972741
Chợ Trung Kính,31.320184,32.403626,30.234252,31.086957,31.946707,28.758721,30.386846,32.758567,30.171827,29.661922,29.277420,32.562705,29.040982,29.979032,30.763458,28.737667,32.507210,28.613154,25.033154,26.750782,30.932771,33.380249,30.796346,31.560738,24.190493,26.734030,26.653841,31.076400,32.557087,30.118076,25.995944,32.397981,30.969939,23.595173,30.745729,29.864691,25.812816,25.962123,21.918339,31.332100,31.192465,33.114282,25.346781,30.052507,30.654636,28.236578,33.107918,31.561127,24.010274,25.634590,27.891235,27.689124,29.991752,22.549765,28.852882,29.360190,21.686518,29.834328,25.413622,30.844498,32.206305,25.441317,28.609166,22.814999,28.747632,21.243655,27.327477,35.117755,26.142877,31.207159,31.109734,27.526400,31.115384,31.653160,28.828380,27.890043,35.020817,27.447426,23.760134,24.833183,29.835606,28.215180,30.080276,33.173066,29.541724,32.231288,25.611599,30.812574,31.127961,20.077037,19.125740,25.589406,27.590364,21.647901,29.902197,25.504960,25.188379,26.269863,29.882932,26.427070,20.028003,32.028875,25.485900,23.189009,17.791944,25.112794,18.149903,24.655514,25.611864,23.650539,15.421296,23.105043,26.995423,22.247346,22.029901,26.045459,15.983663,18.147427,26.082236,0.000000,31.086507,16.075672,29.242610,16.849174,29.560135,21.039748
Trường Mầm non Kim Lan,31.882929,32.157787,30.318197,28.324550,28.987482,30.952073,31.911832,28.418244,28.462865,31.139046,28.524582,31.886643,28.658809,27.708029,28.672882,31.393272,28.401480,28.758222,27.532333,31.746021,29.381573,31.389538,30.882933,29.063933,30.599035,28.569616,31.247144,27.616895,28.281255,28.714782,29.868515,31.300501,29.274869,31.083001,29.517289,28.451854,31.374951,30.262756,28.741781,30.202528,28.413619,31.894929,30.762730,27.240743,30.358269,28.322013,31.912461,29.887155,31.195764,30.638452,28.687496,28.061740,29.953310,30.920387,28.122669,25.940679,28.493477,28.307783,27.277488,30.501174,27.858649,30.833599,29.008376,31.109211,28.472893,30.556526,29.139456,32.923917,31.210761,30.443083,27.490116,29.027283,28.051671,27.427919,28.648273,28.344239,32.894225,32.037076,30.801753,30.219894,29.561675,29.292167,29.252804,32.115734,27.906204,27.349136,29.073670,28.677605,24.574000,29.350890,28.713251,29.313508,29.816929,29.121667,28.097743,30.480723,29.950387,29.117902,25.753474,29.443307,28.682954,27.397580,29.166287,30.392623,28.727870,30.646121,30.751242,29.476812,29.363952,29.392118,29.355884,30.389104,30.928327,30.600249,29.822601,30.741535,29.739733,30.673969,29.958866,29.508724,0.000000,31.255237,16.670670,29.156515,16.043248,30.916231
WinMart+,31.633576,32.667917,30.577183,31.400345,32.251765,29.222847,30.695443,32.994066,30.571962,27.308682,29.741588,27.482639,29.522192,30.351620,31.179495,26.215774,32.727219,29.164309,25.609350,26.878600,31.362149,29.084015,27.064792,31.972138,25.362803,27.320443,26.805982,31.344059,32.788702,30.675244,26.097017,32.595894,31.220121,24.866187,31.007489,30.363653,25.911026,26.037141,23.352448,31.553245,31.575577,28.941262,25.404361,30.360996,27.525439,28.927578,29.091894,32.299281,24.010179,25.703984,28.511942,28.345449,26.973021,24.078060,29.358580,29.657128,23.400501,30.102162,26.383893,28.597652,32.421305,25.533946,29.384268,24.534415,29.351976,23.203456,27.874907,31.059895,26.301071,27.840867,31.336939,28.312796,31.342640,31.880416,29.420672,28.598609,31.175397,27.569290,23.736805,24.891156,30.560863,29.085743,30.519705,29.691530,29.681367,32.423693,26.768809,31.000296,31.332002,23.101775,21.276105,27.059027,28.339592,24.459287,30.059070,25.640081,25.294995,27.355972,30.145173,27.682420,19.046866,32.221436,25.587107,23.115727,22.054711,25.225616,16.305748,26.842399,26.594585,23.633220,21.763075,22.053167,27.247667,21.419925,25.373578,26.170158,18.326239,12.995174,25.687760,18.062291,31.203937,0.000000,29.371532,11.478748,29.689062,15.785398
Trường Trung học cơ sở Văn Đức,29.291318,29.358110,27.966651,26.271209,26.800286,28.569651,29.077197,26.219835,26.521625,28.606586,26.455960,29.106242,26.603427,25.776335,26.635813,28.868726,26.169524,26.709229,25.849462,29.066194,27.186912,28.769273,28.432285,26.995323,28.320462,26.599928,28.708954,25.507674,26.017443,26.731892,27.647363,28.735748,26.860661,28.699267,27.078451,26.463052,28.867775,27.954749,26.818645,27.859557,26.401745,29.201136,28.444972,25.188475,28.139178,26.475553,29.261814,27.220269,28.870862,28.432022,26.669495,26.224093,27.906136,28.667606,26.227458,24.260866,26.686342,26.091109,25.694640,28.231637,25.549592,28.599548,26.976741,28.843956,26.626020,28.436377,27.034558,30.070601,28.838422,28.238774,25.396302,27.152233,25.726899,25.265983,26.717051,26.545444,30.104879,29.630562,28.705477,28.236351,27.513408,27.306892,27.167585,29.592779,26.067433,25.121066,27.118644,26.582181,23.148976,27.402985,26.954843,27.318156,27.792812,27.238568,26.173724,28.467886,28.010301,27.228581,23.924642,27.450871,26.931050,25.176159,27.427176,28.377722,26.937779,28.571531,28.679104,27.489015,27.456095,27.684416,27.452262,28.417512,28.840758,28.589824,27.882256,28.819144,27.824193,28.702941,28.161012,27.599017,16.112242,29.168578,0.000000,27.394258,12.926455,28.925190
Trung tâm Hỗ trợ doanh nghiệp Hà Nội,30.591138,31.445611,29.666627,30.375008,30.941687,28.265977,29.823327,31.697086,29.487638,26.458669,28.709151,26.705279,28.463656,29.381820,29.864981,25.482548,31.613218,28.086709,25.059494,26.101689,29.992667,28.312802,26.404460,30.388337,26.177067,26.532510,25.915288,30.427060,31.619520,29.207292,25.353363,27.409123,30.390381,25.761286,30.183591,29.099195,25.083287,25.398618,24.429150,30.758451,30.252331,28.193523,24.726484,29.537334,26.940690,27.691979,28.367382,31.428948,23.239750,25.061388,27.451442,27.289902,26.429338,25.178880,28.325903,28.973483,24.652286,29.406929,25.380908,27.929881,31.434675,24.589270,27.864022,25.733225,28.150684,24.564454,27.000970,30.212508,25.230641,27.261283,30.617415,27.054428,30.564978,30.992299,28.219206,27.414631,30.346401,26.942950,22.739402,23.951685,28.749575,27.532013,29.314787,29.029607,29.158906,31.523456,25.489395,30.352726,30.629174,22.221521,20.853748,25.443716,27.155006,23.356524,29.506987,24.494773,24.194002,26.037757,29.471167,26.071508,18.749351,31.383516,24.663360,21.837695,21.135918,23.983787,20.179633,24.805124,25.536624,23.036358,20.665247,20.921053,25.910598,20.623025,23.327447,25.302571,18.021517,14.013012,24.855956,16.378289,30.794582,10.913885,29.061925,0.000000,29.373141,14.790586
Trường Mầm non Văn Đức (điểm Chử Xá),30.319700,30.418544,29.001701,27.334710,27.844120,29.547824,30.190168,27.318499,27.501448,29.629460,27.493906,30.194014,27.617623,26.845683,27.638131,29.874016,27.301023,27.709430,26.792018,30.122285,28.208480,29.833193,29.467376,27.979898,29.281259,27.587126,29.708940,26.683667,27.174167,27.708730,28.634254,29.784563,28.013042,29.670352,28.220165,27.463148,29.863414,28.954019,27.763347,28.902093,27.422422,30.243688,29.412329,26.374584,29.134608,27.422644,30.288987,28.421636,29.824572,29.369920,27.661985,27.190089,28.835864,29.608717,27.225644,25.393654,27.597225,27.248567,26.591185,29.195778,26.794379,29.534572,27.942032,29.774641,27.568712,29.332145,28.022126,31.095105,29.783521,29.216731,26.608763,28.045783,26.967927,26.495528,27.676088,27.464295,31.106921,30.555291,29.587100,29.110420,28.450938,28.233041,28.143429,30.563531,27.052806,26.397957,28.049731,27.608807,24.296987,28.307912,27.834406,28.249434,28.707413,28.131194,27.181328,29.320026,28.863036,28.130391,25.184717,28.366715,27.795589,26.444210,28.245234,29.239616,27.812648,29.440524,29.544103,28.399905,28.359214,28.484629,28.335583,29.263831,29.693831,29.438552,28.749925,29.621327,28.679485,29.535088,28.966689,28.480149,15.482947,30.010112,13.205417,28.236156,0.000000,29.747734
WinMart+,32.530005,33.513413,31.484147,32.276982,33.188225,30.365102,32.566254,33.790865,31.615352,28.268958,30.895508,28.395083,30.709826,31.346122,32.280061,27.113483,33.462283,30.480251,23.873253,27.819895,32.510152,29.915259,27.843962,33.135924,27.886038,28.654776,27.870447,32.128315,33.546788,32.061349,26.996548,28.848427,31.957715,27.534667,32.250966,31.627460,26.965558,26.836452,26.167245,30.691461,32.648468,29.747247,26.284728,31.197762,28.194057,30.505877,29.868845,33.111550,25.148462,26.533130,29.943672,29.837037,27.612941,27.145147,30.589690,30.436905,26.728552,30.846976,28.375600,29.286003,33.117443,26.810390,31.110830,28.030108,30.780272,26.969595,29.149559,31.858682,27.655715,28.486247,32.029108,28.028673,32.011999,32.573007,30.824817,30.188875,31.950768,28.276645,25.309963,26.220150,32.259575,30.976521,31.647516,30.370931,30.209344,33.058011,29.053808,31.590326,31.937306,26.421251,24.692510,29.796966,29.993636,28.149104,30.609733,27.162036,26.803207,29.538662,30.843646,30.132915,25.129545,32.838796,26.790579,25.290882,26.695735,26.963023,23.546840,30.402820,28.599829,24.497504,27.360631,24.163570,28.886750,22.919735,29.998403,27.240619,26.736914,19.794097,26.773987,20.151595,31.269157,16.539729,29.478172,11.141990,29.783762,0.000000
