,depot,WinMart+,Trường Mầm non Thịnh Liệt (cơ sở Giáp Nh,Trường Mầm non Hoa Mai,Trường mầm non Vườn Hồng,WinMart+,WinMart+,Siêu thị Đức Thành,WinMart+,Siêu Thị T-Mart,Trường Trung học cơ sở Tân Định,Trường Tiểu học Hoàng Liệt,WinMart+,WinMart+,Cục Dự trữ Nhà nước khu vực Hà Nội,Trường Mầm Non Đại Từ,WinMart+,Cà Phê Parkland,Trường Mầm non Định Công (Cơ sở 3),Highlands Coffee,WinMart+,WinMart+,Trường Mầm non Hoàng Liệt (cơ sở Tứ Kỳ),WinMart+,WinMart+,Trường Mầm non Sao Mai,KFC,Trường Đại học Công nghệ và Quản lý Hữu ,Không có tên,WinMart+,Không có tên,WinMart+,MM Mega Market Hoàng Mai,Trường Tiểu học Đại Kim,Không có tên,Không có tên,Cà Phê 3k,Không có tên,WinMart+,WinMart+,WinMart+,Trường Tiểu học Chu Văn An,AEON MaxValu Linh Đàm,WinMart+,WinMart+,WinMart+,Trường Mầm Non Hoạ Mi,WinMart+,WinMart+,Trường Tiểu học Chu Văn An,WinMart+,WinMart+,Trường Mầm non A Tứ Hiệp,Cà Phê KOK,Không có tên,Trường Đại học Kinh tế - Kỹ thuật Công n,WinMart+,Trường Quốc tế Singapore,WinMart+,Trường Tiểu học Tam Hiệp,WinMart+,Delícia Coffee & Lounge,UBND phường Khương Thượng,WinMart+,Siêu thị B11 Kim Liên,WinMart+,Cà Phê Big One,Trường Mầm non Đại Thanh,siêu thị 24h ninja mark,Trường Mầm non Tứ Hiệp (điểm Cổ Điển B),WinMart+,Không có tên,Quan an Nam Nhu 1,WinMart+,Taste Tea,WinMart+,WinMart+,Trường Cao đẳng Hà Nội,TK mark,Hội đồng nhân dân - Ủy ban nhân dân phườ,Trung tâm Công nghệ Phần mềm Thủy lợi,WinMart+,Không có tên,Cafe Dinh,Trường Trung học cơ sở Yên Mỹ,WinMart+,Coffee Cây,Trường Mầm non Tứ Hiệp (điểm Đồng Trì),Trường Mầm non Lĩnh Nam (cơ sở 2),Chợ Nhân Chính,Cục Sở hữu Trí tuệ,WinMart+,Kho bạc Nhà nước Đống Đa,Tịnh Cafe,Trường Mầm non Yên Mỹ,WinMart+,5050 Rooftop Cafe & Pub,Thuế cơ sở 4 thành phố Hà Nội,Trường Trung học cơ sở Lĩnh Nam,WinMart+,WinMart+,WinMart+,Cửa Hàng Tiện Lợi BV Mart,Đảng uỷ - HĐND - UBND phường Thanh Xuân,Starbucks,WinMart+,WinMart+,WinMart+,Phường Ô Chợ Dừa,Chợ Xanh Văn Quán,Noble Moment,WinMart+,Co.opmart,WinMart+,9.0cafe,The Coffee House,Cục Tần số vô tuyến điện,Everything Coffee 'N Bagel,Starbucks,Chợ Trung Kính,Trường Mầm non Kim Lan,WinMart+,Trường Trung học cơ sở Văn Đức,Trung tâm Hỗ trợ doanh nghiệp Hà Nội,Trường Mầm non Văn Đức (điểm Chử Xá),WinMart+
depot,0.000000,24.754180,21.625342,24.915512,20.306871,24.933573,15.271967,28.150687,24.750624,22.701450,23.632273,19.179430,24.584385,22.639696,25.183875,22.283099,28.061296,25.150990,21.121835,20.546361,27.837059,18.502159,18.320392,27.120785,27.027047,24.504424,24.166301,27.623814,29.297459,25.372472,23.356028,19.432599,27.557774,23.177234,26.977201,27.052226,23.076552,18.991524,26.124603,20.902568,26.175471,22.427982,23.116237,27.285346,19.314023,24.411210,23.264898,28.881955,23.752200,21.843245,28.803730,27.131076,18.598192,25.180846,27.520891,25.714771,25.448516,25.599200,21.896877,21.545893,31.109224,23.602739,29.604359,26.216769,27.499558,24.676132,25.986971,27.583671,24.946067,20.389764,21.966131,29.502846,28.933946,29.704586,28.377077,27.407447,28.129195,26.854614,23.017585,23.788485,31.241210,30.253452,31.098162,25.607491,22.323360,30.856540,29.599791,23.420204,26.208373,30.318474,27.973734,30.467929,29.929008,29.645314,22.551525,29.000558,28.807097,29.420217,26.906752,30.812826,28.361402,29.024767,28.490897,28.220061,28.573703,29.031479,29.184660,30.914412,25.674429,23.141002,30.372827,30.708168,29.874559,28.988002,31.616099,28.580396,31.425427,27.658326,27.633628,30.632770,27.993758,30.368957,26.127986,29.494455,26.557322,30.216072
WinMart+,28.570266,0.000000,24.233466,27.635019,30.259419,25.879339,16.519066,33.264050,26.507620,25.035328,26.829722,28.652780,27.215668,25.324772,27.787036,23.840161,31.495915,27.627407,22.389785,28.416043,32.360226,31.973162,24.455819,29.467127,27.849433,26.536911,26.643583,30.047364,32.126218,27.378331,24.829745,29.071807,29.360024,24.356843,28.808766,30.019546,24.461403,24.240766,27.798383,27.348343,32.509218,31.194414,24.501848,29.484820,25.807695,25.946272,31.317513,30.624754,24.904504,22.569214,32.182070,29.335010,24.519526,24.519811,29.997234,27.106736,26.771068,26.990452,29.139410,26.688053,33.629507,24.620480,32.645691,25.634430,29.401742,31.094984,28.339950,37.086124,26.527398,27.351794,26.158216,31.450566,30.506302,31.704850,30.835093,29.106601,36.604291,32.012803,22.219373,24.557623,33.999009,32.675535,34.695621,31.692392,25.209284,32.806059,31.924053,26.567245,27.425978,32.482036,29.377317,32.977557,31.878126,31.548734,25.595804,30.416811,30.191727,31.270784,28.188020,33.237060,29.800295,30.691350,29.661292,29.580154,30.185070,30.576043,30.710967,33.308953,26.808431,23.669888,32.368780,32.395715,31.441149,30.360364,33.650149,26.939064,33.379350,28.820190,28.535384,32.522988,28.453724,31.986880,26.473652,30.875639,26.908173,31.629628
Trường Mầm non Thịnh Liệt (cơ sở Giáp Nh,21.989168,22.864245,0.000000,21.640041,18.055169,22.506612,20.276571,24.457464,22.642351,24.891437,21.048378,24.643928,22.324756,20.466132,23.077114,26.048634,25.441306,23.068807,19.807824,25.110839,25.447269,23.145983,22.238492,25.174412,25.390996,22.771335,26.278691,25.708589,27.123475,23.669769,21.657704,23.654327,20.086210,25.807399,19.169895,25.210861,26.132055,22.319974,24.639731,20.784974,24.458377,26.715018,24.948727,25.602808,22.367690,23.085033,27.181342,22.339293,26.145178,25.158297,27.017936,25.687059,21.486715,24.040499,26.031651,24.519245,24.287261,19.673381,20.940167,24.349961,29.296483,25.782630,28.007823,25.082851,26.243970,23.624133,24.618945,31.457680,27.277634,23.231544,22.810231,28.286968,27.662894,28.199859,26.931758,26.226220,31.593691,29.228615,22.173054,25.419793,29.817290,28.899673,29.441349,28.521355,22.866815,29.397158,28.280147,24.075014,25.181944,29.062761,26.988511,29.135091,28.750786,28.482919,23.140393,28.036034,27.845810,28.268026,25.855540,29.526766,27.341287,27.761476,27.625398,27.262368,27.516588,28.032854,28.185062,29.659492,24.752899,24.896122,29.240211,29.691970,28.885379,28.054138,30.508202,27.743488,30.338630,26.793141,26.861270,29.533696,27.432063,29.371083,25.657140,28.546815,26.078866,29.308929
Trường Mầm non Hoa Mai,25.462543,27.171841,20.747421,0.000000,24.176717,22.989473,23.894195,20.088769,23.173354,25.708599,20.671322,27.489719,23.057268,14.474788,23.836948,24.874009,23.678289,23.870562,19.988445,27.446302,26.770748,29.486137,25.061618,26.141810,26.131790,23.427389,26.298668,24.680642,26.612033,24.403265,25.133902,27.901143,25.349094,23.798431,24.595892,26.203544,24.953133,24.784833,25.329484,26.892556,24.570335,29.176566,24.975042,24.707571,25.828155,23.625336,29.385104,27.203004,23.112355,23.544938,28.172208,26.497906,24.902057,24.538680,26.911589,23.761279,24.824580,23.605615,21.186388,26.392586,29.660212,24.944974,29.091514,25.646530,26.963878,24.052130,24.728346,32.965102,23.232203,26.945246,29.004396,29.034222,27.570954,28.225921,27.860582,26.901130,32.939160,30.468358,22.451204,27.795455,30.856261,29.832960,30.718927,30.043411,25.059002,29.731388,29.164109,26.618815,24.698330,29.919135,27.557440,30.081024,29.541727,29.232917,25.470540,28.586354,28.391996,29.021303,25.461695,30.446430,27.930681,28.005270,28.089158,27.800315,28.151273,28.632923,28.791477,30.563859,25.216588,26.305422,30.016010,30.354015,29.502829,28.600178,31.294678,28.198921,31.096881,27.256183,27.264064,30.289746,27.362048,30.025598,25.499951,29.129787,25.943866,29.873120
Trường mầm non Vườn Hồng,26.051989,28.534689,18.369517,22.458210,0.000000,23.896413,20.612104,31.572356,24.085537,27.066583,21.659324,28.801351,24.336647,20.759330,25.126458,25.888384,30.000922,25.169950,20.311975,28.582022,28.844085,30.844275,25.856612,27.623446,27.224087,24.417459,27.500921,28.705929,31.348620,25.485245,25.977621,29.002996,28.191148,24.441533,27.508590,27.656062,25.751511,25.527374,26.311157,20.840094,25.683830,30.458226,25.760240,28.259826,26.506721,24.364546,30.575771,29.856597,23.633017,24.040247,29.834170,27.569762,25.485840,25.199236,28.105796,25.917709,25.512893,25.772904,21.535373,27.181898,33.577223,25.472129,30.629937,26.360072,27.898491,24.713063,25.709587,34.606744,23.821295,27.655415,30.790542,30.080276,29.896263,31.259665,29.077843,27.760769,34.477977,31.317486,22.807831,28.370312,32.266684,31.077836,32.522746,31.001663,26.167514,32.617384,30.376539,28.035543,26.524019,31.043389,28.266567,31.394243,30.530903,30.255090,26.649678,29.401993,29.191797,29.970641,27.374688,31.732592,28.720006,30.423886,28.782255,28.583848,29.049119,29.511374,29.647035,31.849172,25.800280,26.764497,31.097123,31.306423,30.394992,29.381444,32.412427,28.865905,32.174768,27.942820,27.754138,31.307084,28.032701,30.918991,26.030739,29.881920,26.474715,30.687184
WinMart+,25.205010,25.174033,24.389558,25.548946,23.671322,0.000000,20.890145,29.386411,22.273795,24.778276,24.585662,25.986306,23.451912,23.746596,24.325788,22.109849,29.054486,22.538152,18.225091,22.513085,26.702252,29.237598,23.198502,26.377951,26.728141,22.191249,27.163908,28.399492,29.991713,23.752215,24.644659,27.119694,28.093292,24.113219,27.617106,25.431014,24.296618,24.625826,22.336185,26.040112,27.480388,28.886810,24.383254,28.106112,24.727971,22.894201,29.200852,29.306690,23.704466,22.123102,27.288456,22.960437,23.651451,26.589142,26.197988,26.325258,22.383840,26.239166,20.054903,25.592169,31.580146,24.513470,25.161118,27.615894,25.052247,21.902114,25.434550,34.218298,26.676595,26.235995,25.340315,22.711126,29.338250,30.198521,25.197484,22.775190,34.064994,30.615436,22.617744,24.435283,27.956193,26.918424,29.682996,30.109514,24.635536,31.231337,26.185807,25.827806,26.721014,27.329283,25.121051,27.262208,26.995764,26.814783,24.998668,25.394021,22.076964,25.029680,27.416911,27.853742,25.744947,29.377476,23.178515,24.645671,25.863161,25.152172,25.513590,28.073788,26.075123,23.500750,27.791771,28.585196,26.363858,25.461964,29.376641,26.932434,29.225902,25.449733,24.509933,28.210982,28.006669,28.208092,26.151448,27.299596,26.567688,28.312505
WinMart+,15.296032,33.125438,19.560824,28.636385,30.933433,25.745764,0.000000,32.485199,27.724781,25.746195,28.444284,26.780861,27.038157,27.437491,28.908955,27.819371,31.435650,28.562525,22.936489,27.176918,32.151117,22.942570,21.231800,29.758355,25.000808,27.646541,28.464676,30.467296,31.812592,28.220475,20.496333,24.065184,21.018244,27.067883,20.231896,30.425921,28.002468,21.560618,25.699837,23.635076,32.210787,30.126311,25.710866,30.053297,21.859292,26.905888,30.408216,23.571301,27.384540,25.790454,31.922913,29.781013,20.575721,26.691814,30.414532,27.819546,25.079294,20.479649,29.333545,24.808143,33.151025,26.678605,32.186258,27.811661,29.770982,26.847762,28.743950,38.251089,29.061069,23.265203,23.772910,27.887752,30.661873,31.721881,30.910862,29.404907,37.270119,31.445444,23.373708,25.875175,33.251530,32.222471,33.747274,31.248592,23.373735,32.590348,31.605111,25.321062,27.981375,32.057465,25.727591,32.410146,31.613691,31.246964,23.672986,26.595295,23.312646,31.108319,28.682526,32.614127,26.066234,25.523913,24.210813,25.917654,30.056360,26.489918,26.808362,32.655766,27.503878,25.063821,31.884862,26.258839,27.598776,26.636380,32.924910,28.538873,28.444747,25.826705,25.461392,32.044287,28.611691,26.961559,26.652909,30.652328,27.063686,26.545575
Siêu thị Đức Thành,27.636707,30.377436,23.634467,20.380360,29.831221,25.897965,25.999477,0.000000,25.979574,28.860548,25.016388,30.320253,26.891118,17.565232,27.340873,27.412172,28.492104,27.449909,21.800685,29.894427,31.296566,32.089778,27.107319,29.467758,28.593844,26.334127,28.881120,27.454417,31.345232,27.261206,27.099332,30.199886,27.244642,25.527302,26.317732,29.493852,26.898367,26.636075,27.696291,28.626527,27.508950,31.667983,26.889602,27.072579,27.462796,25.772047,31.687566,29.470217,24.743180,25.014538,31.473725,28.954437,26.414588,26.325151,29.557756,24.800017,26.639737,24.597998,22.650890,28.096864,34.565625,26.312744,31.974132,27.380527,29.045065,25.693819,27.069906,35.608903,24.782031,28.531575,30.705747,30.965196,29.634274,31.315879,30.379446,28.799591,35.382947,32.009087,23.660926,28.990208,33.308880,32.100387,33.859838,31.836840,25.629097,33.041446,31.419487,27.627807,25.757587,31.961086,29.070666,32.402598,31.410585,31.107812,26.134997,30.067176,29.865094,30.853075,26.712655,32.669082,29.481692,30.611540,29.359398,29.284573,29.850849,30.221748,30.351696,32.753603,26.686688,27.266078,31.907450,31.967875,31.070914,30.031669,33.132828,29.403096,32.894407,28.574175,28.300790,32.068251,27.822518,31.579408,25.762990,30.533209,26.228820,31.258230
WinMart+,22.896630,26.165867,21.490834,22.583277,19.970416,20.579301,23.015728,27.211393,0.000000,25.803274,21.989365,28.101003,20.279890,21.273806,20.391145,23.803822,27.562471,22.986353,17.178802,28.009754,24.200369,30.743598,24.881416,28.063015,27.261721,22.392226,26.917116,27.226655,29.066431,24.413853,25.102338,28.602731,27.148863,23.540672,26.568044,24.355459,24.869354,24.667116,25.978624,27.191728,27.535441,30.329828,24.918618,27.008749,25.900811,23.160587,30.487648,28.621459,22.537785,22.994325,27.234360,25.219903,24.800038,24.597209,25.687281,25.375545,25.014454,25.260521,19.850606,26.656801,31.153838,20.815983,25.819001,26.181578,26.030940,24.000537,24.750388,35.179682,22.905440,27.257028,29.805983,27.023944,28.775408,29.645391,27.051513,26.071891,34.915435,31.334369,21.864766,22.127551,28.856648,27.636351,30.754704,31.005229,25.856367,30.866282,26.796674,26.467900,25.973614,28.011580,25.471202,28.012263,27.609950,27.363227,26.289403,27.116033,26.888360,25.420718,26.718234,28.620728,26.105169,29.010428,26.758643,26.137088,26.261752,27.032999,27.225531,28.846336,24.285187,25.006559,28.418671,29.136467,28.156236,27.163028,30.096095,27.012478,29.905439,25.708740,25.871230,28.838702,27.735495,28.739631,25.860585,27.752804,26.287715,28.764513
Siêu Thị T-Mart,24.048536,24.162785,23.210638,27.263890,26.468165,24.642302,19.014701,30.980655,25.077828,0.000000,25.262362,26.588386,28.714042,24.409640,25.965969,17.998483,30.316834,25.979585,21.049483,21.494025,28.537088,31.090427,22.649854,28.578010,21.507292,24.994510,29.626780,29.449714,30.947390,26.145064,24.636399,27.970111,24.620254,23.874408,28.537065,27.716172,24.099881,24.571022,24.672707,26.340869,29.506374,30.461140,24.236445,29.110637,24.730562,24.772479,30.670017,25.878360,24.849768,21.347401,29.327981,24.432733,23.429950,24.292240,28.035140,27.151712,24.137127,27.086437,21.667429,25.772808,32.263463,24.462323,26.700550,25.887266,26.223562,25.283357,27.037122,37.293491,27.272577,26.557959,25.427584,26.771530,29.972977,30.895068,28.813732,23.973804,36.683304,31.610131,21.395017,24.374645,28.949077,27.951463,31.448869,31.281194,24.604586,31.805954,27.293152,25.955199,27.417290,28.222103,24.333160,28.283009,27.867134,27.691091,25.003261,25.514442,21.714924,26.042369,28.101623,28.774439,24.826350,29.908670,23.009876,24.668872,26.741658,25.249444,25.660800,28.951222,26.833026,23.348080,28.585623,25.218476,26.631674,25.595773,30.011856,27.212236,27.706276,24.905179,24.471384,28.914006,28.256007,26.080713,26.392404,25.310261,26.802965,25.753239
Trường Trung học cơ sở Tân Định,25.081107,27.501836,21.740835,21.798859,25.787356,23.680249,24.369007,26.528847,17.659448,26.708951,0.000000,28.460459,24.204969,16.520579,14.151296,25.690177,20.674352,25.029010,20.362939,28.315634,19.636870,30.503288,25.713349,27.348994,27.009508,24.344332,27.195461,26.919764,28.805383,25.370864,25.784956,28.766662,26.912237,24.352057,26.315560,18.586698,25.629028,25.424633,26.181653,27.512005,20.382150,30.184458,25.645260,26.735999,26.392117,24.319380,30.320817,28.450410,23.599450,23.994875,21.938495,21.124797,25.405452,25.132108,20.176673,25.152576,25.436409,25.037646,23.973927,27.032663,31.017804,25.405304,24.372530,26.263919,22.694919,26.041551,24.623961,34.202150,23.711215,27.530695,29.705886,26.064791,28.631073,29.495028,23.113325,23.091986,34.064523,31.126763,25.268345,25.605061,27.574248,26.473441,26.325918,30.798541,25.736932,30.755993,25.669316,27.366739,25.799089,26.962416,24.696494,26.845589,26.641069,26.434168,26.164746,26.420225,26.198104,26.066403,26.554810,27.510981,25.346997,28.901926,26.170492,25.453368,25.453457,26.286619,26.467546,27.754293,21.897853,24.549506,27.485108,28.366573,27.415432,26.478974,29.190212,26.470130,29.033988,25.105004,25.351859,27.950059,27.673624,27.975712,25.793921,27.056889,26.226614,28.108514
Trường Tiểu học Hoàng Liệt,28.953267,30.994822,27.084567,28.474104,30.046810,26.625161,29.834202,31.228041,26.006789,27.530064,28.349272,0.000000,27.940790,27.554052,28.708495,23.312321,30.676731,26.569351,23.344892,19.033056,31.142470,27.248793,18.336042,27.980996,21.749748,25.907006,24.169125,30.005308,31.084480,26.553103,15.905419,23.716414,24.711092,23.877481,25.433704,29.956524,24.101923,19.508447,23.185969,26.315733,31.417511,26.873152,22.543206,29.678122,23.271847,25.544120,27.634674,25.868495,24.842112,23.363610,31.179375,29.525130,21.985963,24.301457,30.037200,27.798123,23.055640,23.441053,23.100417,23.319044,32.301872,24.408363,31.485055,25.691940,29.556771,25.052677,28.656618,35.079324,26.791565,24.456204,25.453531,26.434877,30.271189,31.110564,30.466253,29.256216,34.681579,30.101995,21.549968,24.305978,32.506335,26.062690,32.751435,29.495105,24.033803,31.877581,31.122848,24.532046,27.940775,26.182298,24.334056,26.291224,31.201298,25.341883,24.329219,25.262748,21.719803,30.764451,28.566351,32.015588,24.659035,26.541796,22.913073,24.473014,26.229911,25.013701,25.400216,32.065908,27.604461,23.960280,27.067255,24.980522,26.296469,25.331160,28.288227,27.565259,27.308689,24.683617,24.371530,31.625678,28.951894,25.805047,27.025877,25.126408,27.420504,25.484190
WinMart+,25.150466,26.084195,22.942509,24.226438,21.784817,21.199702,22.425496,28.845372,20.068963,27.384916,23.488911,26.917343,0.000000,22.677458,23.331082,24.450152,28.673136,20.458055,15.699607,23.858666,25.993910,29.517470,24.246807,25.836478,29.421787,20.639634,28.120433,28.059501,29.835052,22.689560,25.701625,27.670262,27.781466,20.353572,27.259455,24.989282,25.437026,25.465750,21.785530,26.554995,27.338793,29.228733,25.478772,27.787099,25.359104,22.043487,29.462517,29.139658,19.138913,23.232556,27.128578,22.324519,24.341948,21.529049,25.940120,25.960950,22.042066,25.865454,19.178465,26.128829,31.666692,18.246268,24.708867,23.877223,24.696600,21.516952,25.152667,33.858053,20.376389,26.681883,30.113292,22.548091,29.217952,30.150079,24.862550,22.266361,33.750137,30.646554,19.570261,20.409733,27.909049,26.756644,29.824302,30.213663,26.172100,31.276256,25.952900,27.821187,26.452082,27.220846,24.861672,27.146791,26.861581,26.673654,26.612011,21.800231,18.296637,24.732196,27.183442,27.802066,25.536453,29.377675,19.950238,20.877476,25.659479,21.236198,26.668880,28.046576,25.904167,21.262723,27.738207,28.580439,22.703848,21.936529,29.444651,24.526033,29.276982,25.261629,21.630212,28.193935,27.891151,28.185677,26.006349,27.218911,26.433504,28.290037
WinMart+,22.909571,24.722128,19.895501,13.842911,22.300182,21.743091,22.936073,17.039185,22.051589,24.422548,15.662812,26.310461,21.824911,0.000000,16.743520,23.841771,16.374913,22.681386,19.389513,26.456279,18.853269,28.456790,24.296315,24.942525,25.128258,22.425547,25.267027,21.195459,22.491059,23.382781,24.298757,27.028691,22.691382,23.059800,21.907257,23.790924,24.143979,24.002013,24.412058,26.202906,22.821577,28.107635,24.174112,21.591941,25.199204,22.813099,28.365448,24.598043,22.491491,22.889691,25.389759,22.980694,24.332213,23.807630,22.172887,21.723307,24.062757,21.567175,20.622846,25.640774,26.033946,24.285234,27.295455,24.884227,24.985487,27.577359,23.459384,31.797354,22.599250,26.332508,27.153732,27.728339,25.306745,25.393989,25.599229,25.037862,31.852658,29.651958,26.689252,26.777891,29.407487,28.390051,28.341638,29.290328,23.814927,26.971022,27.703736,25.096182,22.920367,28.598467,26.410253,28.669152,28.259449,27.976618,24.097630,27.535318,27.339384,27.739920,23.610480,29.117387,26.774579,25.646957,27.132979,26.718744,26.954783,27.531930,27.695092,29.269538,23.725245,25.443677,28.818290,29.325872,28.460897,27.574612,30.201336,27.305268,30.021997,26.244960,26.342935,29.146977,26.557547,28.981562,24.851865,28.107399,25.288573,28.927067
Cục Dự trữ Nhà nước khu vực Hà Nội,25.573994,28.737400,23.818452,25.201981,25.423727,23.100614,24.854144,29.870020,19.377092,27.824593,17.676309,29.645905,23.685050,17.785669,0.000000,26.445456,29.402213,24.730252,19.633635,29.309729,20.654393,31.760120,26.318072,27.536967,27.088298,23.988415,28.121014,28.618293,30.374345,19.267696,26.370319,29.722915,28.217098,24.156721,27.724019,22.287493,26.174705,25.920169,26.146798,28.139532,26.246680,31.339247,26.188774,28.308627,26.909011,19.620365,31.391940,29.507973,23.336337,24.301429,25.906725,23.942807,25.823132,25.002615,24.390093,26.356591,25.334988,26.262588,25.814944,27.609479,32.074091,25.768605,27.823049,26.241905,25.103526,28.053008,23.692677,35.698347,23.542850,28.102411,30.353341,28.266492,29.542127,30.525085,26.073515,25.248882,35.426972,31.842571,26.857206,26.967440,30.536934,29.155707,30.250748,31.634650,26.393326,31.600798,28.289467,27.088891,26.776512,29.348249,26.439286,29.553391,28.841150,28.569211,26.833499,27.991066,27.755146,28.194561,27.509842,30.084514,27.060208,29.672487,27.498233,27.018422,27.314518,27.994482,28.188777,30.266480,23.510159,25.549684,29.619784,30.116195,29.095693,28.031892,31.246571,27.692925,31.009856,26.481729,26.501199,29.974138,28.012800,29.717644,26.117439,28.607095,26.538978,29.595576
Trường Mầm Non Đại Từ,22.393000,21.852794,22.051258,25.194169,24.303745,21.044337,18.672357,27.660111,23.168063,17.970684,23.774675,21.411372,24.324280,23.175258,24.395910,0.000000,27.755785,23.515845,20.212676,17.721870,26.309761,27.347264,22.212776,25.791346,18.529880,23.123381,23.521441,27.467067,28.625384,24.106002,21.297076,25.423024,26.331457,21.290863,26.997986,26.008512,20.572046,22.353356,21.260588,24.764156,27.570124,27.155202,20.939787,27.302184,23.487824,23.388880,27.645395,27.777136,23.001288,18.928528,27.429899,23.341903,22.475410,22.580851,26.503146,25.963643,21.555249,25.902632,21.018242,18.433180,29.989816,22.859956,25.042101,24.448076,24.967384,24.052242,25.806955,32.768672,25.686121,25.130458,26.898663,25.824914,28.474254,29.050428,27.266469,23.121469,32.775577,21.503883,20.121299,23.341597,27.245420,26.450132,29.368473,29.015579,25.652777,29.924094,25.862850,27.333594,26.328751,25.573553,23.428212,26.716564,26.561910,24.739539,26.092336,24.627078,20.588946,24.959489,28.197676,27.213549,23.913940,29.186909,22.118626,23.683255,25.762447,24.256749,24.719632,27.407399,25.843595,22.597961,26.715289,24.355958,25.776911,24.726816,28.098887,26.547833,26.972898,24.139372,23.780543,27.617102,28.579588,25.325679,26.676937,24.629992,27.076864,25.048361
WinMart+,28.299309,30.846327,25.148274,23.517006,31.122226,26.998857,26.820925,25.925563,27.055271,29.627962,19.984070,30.968865,28.204228,17.133138,28.440888,28.209089,0.000000,28.632660,22.887567,30.496854,32.242910,32.550841,27.826722,30.284907,29.256436,27.440815,29.427951,22.902307,26.092590,28.246036,27.664955,30.750824,24.488910,26.197192,23.396647,30.354115,27.546524,27.287145,28.461951,29.139720,24.406312,32.155800,27.530936,23.304728,28.021097,26.646303,32.141206,27.111913,25.485513,25.661012,32.108839,29.659439,26.996234,27.018008,23.498341,22.758752,27.323048,22.531951,23.469862,28.557899,31.015789,26.846348,32.417899,27.981541,29.645149,26.233563,24.648705,35.785212,25.307091,29.006312,29.307387,31.281320,27.667219,28.658655,30.980190,29.356997,35.506315,32.298274,24.274437,29.328195,33.613040,32.476920,34.198872,32.184931,24.700262,30.674766,31.806039,26.505826,24.149804,32.304468,29.507705,32.692647,31.795169,31.428586,25.155756,30.262227,30.069469,31.260710,25.055714,32.916480,29.842430,28.670501,29.549186,29.538362,30.168689,30.461481,30.617591,32.970569,27.237933,27.537615,32.134174,32.103015,31.235462,30.273205,33.252742,29.547526,33.003049,28.825957,28.612482,32.315486,27.300434,31.792211,25.327415,30.829281,25.798915,31.401952
Cà Phê Parkland,25.030717,26.131817,23.128655,24.284123,22.247441,22.400422,22.902704,28.098002,20.909983,27.285057,23.632544,26.910895,21.101538,22.893192,23.453521,24.855176,28.160831,0.000000,17.413271,24.192052,25.836953,29.235017,24.491590,23.656035,27.946164,14.118931,27.896966,27.714598,29.287783,18.857673,25.808248,27.588008,27.529912,20.139412,27.043087,23.991834,25.598286,25.596012,21.086729,26.573132,26.483926,28.989957,25.629114,27.494951,25.464156,19.598037,29.225409,28.807502,19.159164,23.555390,26.268663,21.437585,24.511301,21.079023,25.177136,25.852996,21.484688,25.769718,17.226573,26.155345,31.025848,18.382078,23.035548,23.047974,23.551580,21.126551,24.490754,33.194733,20.178323,26.689007,29.819885,25.519971,28.908624,29.710858,23.751011,21.015284,33.150224,30.420171,19.525523,20.291099,27.137989,25.874777,29.101210,29.972053,26.107569,30.775980,24.942211,27.661382,26.325032,26.512062,24.069685,26.326844,26.169190,25.962057,26.525008,26.075212,25.832221,23.792330,27.023520,27.128587,24.832106,28.961722,25.857219,24.999920,24.921665,25.894936,26.099051,27.429317,25.288039,24.183762,27.172484,28.199448,27.164253,26.145388,29.096245,26.203373,28.922800,24.682574,24.992798,27.701315,27.804383,27.766535,25.971030,26.764364,26.387041,27.944026
Trường Mầm non Định Công (Cơ sở 3),22.352571,22.827047,20.819023,21.302886,19.577323,17.579003,20.923613,22.937537,18.655127,21.931355,20.961975,23.465414,15.727346,20.730694,20.990926,21.319277,23.822339,16.524838,0.000000,21.780207,22.406655,25.529131,22.256635,19.211839,19.331089,16.323342,23.410494,24.344230,25.117625,18.308748,22.760178,24.526610,24.750154,16.902901,24.310644,21.922222,15.700664,22.984805,16.281661,24.243229,23.657726,25.373209,22.647537,24.357196,23.407036,17.754278,25.756987,25.838696,15.979075,21.548443,23.461460,20.479413,22.719691,17.812251,23.086786,23.730565,18.206723,23.659435,16.701621,23.867070,26.905402,16.065570,19.625537,20.216507,20.648966,18.444121,22.724876,28.676455,17.602299,24.507594,27.391444,19.862254,26.167018,26.374260,20.734537,19.227041,28.948578,27.668702,17.337240,18.592196,22.585236,20.313734,25.554816,27.071489,24.698546,27.333734,21.382647,25.751561,24.326818,19.446739,18.713364,20.656446,22.637696,19.409251,24.940994,19.995103,16.674272,21.080892,24.874063,22.962988,19.473790,25.936908,18.423199,19.061317,19.421819,19.326113,19.815193,21.821489,22.678456,19.843923,23.485170,19.978110,20.795186,20.145625,25.068818,22.872548,22.119611,20.257759,20.199322,24.003193,26.755186,20.999242,25.206120,23.828122,25.598460,21.119484
Highlands Coffee,28.127169,29.568300,26.707347,27.949065,29.171122,23.262244,28.928072,30.253938,23.902341,22.689507,27.863440,16.575533,24.902955,27.226509,28.193846,19.601854,29.941586,24.210421,21.699566,0.000000,30.297721,26.694905,19.885752,25.732005,19.353880,23.862831,15.286846,29.476703,30.391686,24.535184,12.562736,23.974087,24.724819,21.086649,25.373931,29.362845,20.648713,15.292906,21.092093,26.133130,30.689798,26.424948,13.329727,29.210924,23.500466,23.904859,27.085726,25.746860,22.446761,13.422981,30.477943,29.064609,22.363327,22.135881,29.521300,27.549889,21.372695,23.534762,21.885565,23.504507,31.569546,22.325181,25.095819,23.534082,29.145194,23.286514,28.298332,33.055951,24.250804,24.513214,25.397009,24.831118,29.844943,30.565459,29.930924,28.886156,32.992876,29.511495,20.189868,22.846470,26.829054,24.652572,31.948595,28.878341,24.062242,31.288638,25.719763,24.528902,27.698341,24.655398,23.026602,24.882457,26.342894,24.024697,24.340266,23.889794,20.498246,25.008849,28.291019,26.814592,23.293268,26.293975,21.802703,23.085880,24.907577,23.541980,23.944789,25.479252,27.409312,20.503221,25.733305,23.694586,24.840785,23.988883,26.941839,23.947380,25.919273,23.555729,23.321901,24.386252,28.801787,24.552676,26.950203,24.015035,27.339229,24.361566
WinMart+,24.822687,27.280983,22.532878,22.710917,24.308732,22.718724,24.395162,26.332534,19.678145,26.744269,20.397177,28.519612,23.112374,19.305623,16.037003,25.731106,21.915217,24.047368,19.755961,28.384494,0.000000,30.559228,25.777712,27.247209,26.356440,23.548774,27.223088,26.755236,30.105617,27.764322,25.806899,28.833416,26.774976,23.843999,26.248791,21.197711,25.662036,25.459601,25.557618,27.564434,20.440974,30.252283,25.682069,26.611588,26.443657,25.204476,30.386418,28.148854,23.132444,24.051158,26.305098,23.744090,25.456584,24.646263,24.306212,25.191103,24.950911,25.095568,25.963067,27.051436,30.272939,25.447259,28.570654,29.364794,25.184648,28.398086,23.419215,34.226713,23.278841,27.584689,29.368045,28.690345,28.323222,29.028973,26.402357,25.340665,34.079722,31.158501,27.084542,27.166640,31.578979,29.901505,31.747245,30.846008,25.729141,30.167477,28.860330,27.223295,28.290392,30.012453,26.655885,30.323423,29.435566,29.020210,26.134196,28.226362,27.964669,28.692535,26.468137,30.869380,27.266371,28.419087,27.636308,27.169117,27.549568,28.260172,28.471547,31.042856,23.364704,25.551569,30.162041,30.565442,29.440252,28.257671,31.911218,27.827461,31.628499,26.553403,26.629273,30.534327,27.583124,30.130416,25.773004,28.947219,26.194440,29.916298
WinMart+,29.420953,33.258794,27.320608,28.982853,31.255114,26.572820,26.605063,32.650801,28.195739,27.028496,29.014264,27.133151,27.714045,28.092286,29.411517,25.673557,31.744251,29.031196,23.629388,27.270889,32.475208,0.000000,23.500506,30.102333,25.431746,28.143585,27.505460,30.813317,32.062791,28.663073,22.080035,21.078139,22.712473,27.079954,23.595059,30.820975,27.792288,23.276734,25.951176,23.788955,32.466022,22.951060,25.566222,30.423433,19.811450,27.360067,24.538794,23.690295,27.354786,22.029575,32.202514,30.150610,18.375323,26.778364,30.771815,28.177952,25.389737,21.726863,29.597162,21.017178,33.326509,26.762897,32.403702,27.703928,30.089610,26.864351,29.108216,33.451812,28.663891,21.968421,23.844421,31.323137,30.899890,31.954414,31.206681,29.715684,27.716901,28.879432,23.865240,26.025511,33.379404,32.398774,33.879165,25.388695,22.013961,32.770480,31.810925,21.949503,28.291547,32.226411,29.825060,32.569259,31.797985,31.433852,22.232484,26.624815,23.749004,31.311893,28.976352,32.753530,26.175451,25.446893,30.064101,26.046142,30.275256,26.551395,26.832233,32.791409,27.854634,29.391900,32.040522,26.332915,27.518922,26.678980,33.017078,33.125021,32.790281,25.932105,25.611542,32.188018,28.543772,31.697356,26.615062,30.817575,27.020433,26.584076
Trường Mầm non Hoàng Liệt (cơ sở Tứ Kỳ),25.346631,25.960193,24.474163,25.904387,26.722128,25.433497,25.982233,27.990894,25.567361,25.647068,25.807370,19.224332,26.462190,25.323093,26.236093,23.203777,28.011046,25.635627,23.278100,21.254629,28.196595,22.583220,0.000000,26.783846,22.090083,25.210848,21.204612,27.857436,28.685995,25.726375,18.973191,20.582329,23.106234,23.576467,23.806982,27.558445,23.694015,16.770128,23.093381,24.034228,28.968650,22.627482,18.534499,27.702726,21.127601,25.004451,23.769465,23.905885,24.330814,17.338537,28.757479,27.515711,20.128183,23.943956,27.924056,26.365831,22.996533,22.215612,23.019448,21.199818,30.015204,24.027408,29.265490,25.006780,27.756644,24.551156,26.888191,29.992039,25.707128,22.374479,24.002171,25.732358,28.681566,29.242644,28.423374,27.583898,30.345661,27.730021,21.757000,24.004892,30.475190,29.735447,30.377655,26.669543,22.977097,30.024981,29.244953,23.175997,26.635996,25.545613,24.051195,29.898387,29.496832,29.237769,23.204015,24.787098,21.845668,29.101341,27.211647,30.161308,24.298433,25.105300,22.827658,24.127988,25.636273,24.565431,24.894932,30.239770,26.259822,21.110073,29.818410,24.571025,25.644901,24.865025,27.408765,24.286214,26.534247,24.348699,24.102613,30.031259,28.269246,25.292055,26.494869,24.746907,26.883172,25.044937
WinMart+,29.827397,32.153422,24.606442,25.714397,31.093008,25.390222,24.197067,28.868162,23.505251,28.413284,24.797484,27.652536,25.623344,26.890178,27.714339,26.267195,28.745586,24.084690,20.220045,25.285971,27.512620,29.509786,25.417867,0.000000,28.667435,24.438637,28.554307,28.248148,32.144091,26.439781,26.675936,28.077838,27.980442,24.382875,27.568005,24.272929,26.506909,26.344408,26.747110,27.082859,28.613058,29.295961,26.512535,28.015724,26.082896,24.252978,29.470382,29.071729,23.500905,24.542420,28.236837,19.992321,25.204209,25.340865,26.102053,26.650751,25.712953,26.324012,20.284630,26.705739,31.279123,21.682726,27.967190,26.670923,26.139139,28.133818,24.888093,32.925102,23.668004,27.140971,30.178464,28.411525,29.429476,30.249207,27.690862,20.257746,32.904538,30.466029,26.757100,26.895476,31.429499,29.617130,32.446057,30.078530,26.425971,31.179788,28.510288,27.922650,29.318039,29.782696,26.269430,30.094849,29.136345,28.779035,26.831893,28.039878,27.772870,28.355169,27.642809,30.705004,26.989116,29.341876,27.473354,26.932417,27.268671,28.059529,28.277316,30.903390,24.308509,25.362130,30.010583,30.476757,29.304839,28.081566,31.864971,27.690330,31.570814,26.330341,26.393602,30.414093,28.041705,30.020977,26.214789,28.762844,26.619746,29.823486
WinMart+,26.870538,27.651331,25.839261,26.887417,25.921989,26.888989,24.512441,29.604203,25.283006,29.599213,26.181902,20.724189,27.674715,25.479460,25.868530,17.857111,29.385716,25.994713,20.168761,18.576735,27.733533,30.215897,21.446894,27.903837,0.000000,21.563072,20.840266,28.824399,30.027324,26.106333,20.550340,28.631404,28.488987,21.864728,28.133126,26.689570,18.120729,21.394127,24.569819,27.467238,28.144642,29.946885,20.374531,28.586188,26.410506,25.005782,30.093088,26.000579,19.876545,19.167822,28.017461,24.666505,25.475195,25.240260,27.085399,26.947619,23.713957,26.902157,25.284960,18.692155,31.235365,18.309986,28.100461,27.440703,26.179865,25.917816,26.342662,33.741188,21.424641,27.496815,25.608460,27.928732,29.436029,30.160335,26.290808,27.438994,33.651827,21.400027,20.081417,20.964834,28.187483,27.136607,29.798566,30.592915,24.869884,30.978590,26.473501,26.225031,27.202557,25.640588,23.313960,27.483343,27.205627,24.583933,25.218053,22.570174,18.332974,26.689948,27.817097,26.010796,24.150553,29.199140,20.278709,21.486418,24.155701,21.963539,22.521362,28.078771,26.265059,21.734891,25.328584,22.419090,23.698147,22.715842,26.418079,25.545349,25.124700,22.451437,22.193793,27.100563,28.109898,23.540740,26.338883,23.007492,26.732821,23.445186
Trường Mầm non Sao Mai,24.551654,25.447292,22.931994,23.907657,22.106233,22.225383,22.756520,26.883023,21.032270,26.077511,23.340008,26.257371,21.323706,22.743993,23.193224,24.316022,27.219622,19.023604,13.958470,23.903712,25.266780,28.407969,24.207771,22.031696,26.914962,0.000000,26.905397,27.038378,28.337901,18.879428,25.292621,26.986741,26.996722,18.129080,26.544486,24.321144,25.111156,25.180478,18.143477,26.172226,26.270914,28.232657,25.143607,26.886032,25.156447,18.267435,28.492507,28.201767,17.155320,23.381881,26.061277,21.057434,24.290695,19.061450,25.231784,25.514070,19.478005,25.437077,16.682290,25.769527,30.050019,16.948837,21.038438,21.345687,22.004498,19.484548,24.598283,32.042540,18.590480,26.317000,29.299760,20.738404,28.339384,28.972190,22.190520,20.028172,32.095253,29.844550,18.183878,19.270898,24.846067,23.890183,28.355564,29.344473,25.899229,29.981599,23.113100,27.303612,25.989106,24.656604,22.863747,24.292404,24.489037,24.334156,26.287189,24.824818,17.324207,22.450704,26.642656,25.104385,23.562536,28.277611,19.000757,23.826004,23.562021,24.561222,24.753514,25.421912,24.049581,20.360943,25.458470,26.691538,25.771457,24.918119,27.293477,25.195389,27.188320,23.655799,24.111600,26.019531,27.618654,26.298996,25.853837,25.468230,26.258553,26.656757
KFC,25.958655,27.188186,24.891439,26.497221,27.785096,26.456497,22.712712,29.224633,25.774554,28.281526,26.541866,27.786607,28.390220,25.749798,27.058603,21.155628,28.986933,26.559144,22.590164,23.948373,29.283163,32.990760,25.812299,28.342666,18.865994,25.740810,0.000000,28.492514,29.669506,26.553431,19.867354,29.038480,28.716073,21.468053,29.380809,28.456609,20.832259,21.851073,21.361804,27.375019,29.940952,32.274701,19.308996,28.271955,27.090980,25.375551,32.228099,30.853330,23.147190,17.462876,29.797280,28.233792,25.712818,22.694538,28.621366,26.702361,21.616374,24.423826,22.620696,17.627704,30.897833,22.967947,26.887951,24.568084,26.433491,24.176461,27.673834,38.240251,25.994507,27.782388,29.060615,25.919573,32.785761,29.867897,29.263840,24.478356,37.534670,21.191976,20.157950,23.390392,28.714952,25.545237,31.575692,32.268141,26.957559,32.131787,27.338523,29.013899,28.383630,25.632108,23.468083,25.866742,27.808685,24.791966,27.504201,24.797044,20.689371,26.246658,30.002029,28.591579,23.956801,31.562698,22.195186,23.792114,25.844615,24.365963,24.810156,28.762371,26.640714,22.453133,26.810916,24.463597,25.919127,24.804042,28.216243,26.839291,27.122710,24.214948,23.797116,25.112255,29.349094,25.391573,27.242521,24.649439,27.659083,25.130107
Trường Đại học Công nghệ và Quản lý Hữu ,27.150204,28.892948,24.849576,23.763185,28.538624,26.161931,31.559544,24.912744,26.236812,28.164093,25.905648,29.482250,26.919042,20.336376,27.167048,27.210075,22.817088,27.292809,23.131923,29.264097,29.748689,30.949453,27.191926,28.651572,28.092279,26.547295,28.184884,0.000000,20.781404,27.178161,26.902336,29.567868,21.166161,25.704363,19.926739,28.716951,26.806430,26.605097,27.461209,27.323778,26.661004,30.544174,26.794592,12.586739,27.454944,26.044909,30.618502,24.062456,25.227001,25.313288,30.118540,28.467665,26.587438,26.460685,25.598420,18.679508,26.691837,20.091722,23.474286,27.741812,24.922236,26.350928,30.571263,27.248223,28.628066,25.746459,25.797275,33.534114,24.950816,28.328231,27.283898,30.030472,24.415224,24.124714,29.519689,28.381274,33.447951,31.106660,24.116465,28.604277,31.781701,30.889923,31.924152,31.013492,23.498216,27.131595,30.330792,24.978045,21.202856,30.853198,28.722197,31.074294,30.496923,30.184410,23.815383,29.331351,29.169084,30.045110,22.105032,31.321873,28.912330,25.804555,28.781955,28.686936,29.155625,29.467372,29.611224,31.395134,26.785250,27.033578,30.811673,30.936516,30.176149,29.357075,31.846011,28.808733,31.647560,28.104783,28.005276,31.010812,26.521360,30.659791,24.636151,29.845884,25.117859,30.412172
Không có tên,29.190078,31.346145,26.816188,26.410406,31.829755,28.159250,34.828269,29.269352,28.159332,30.298735,28.542430,31.380696,29.348970,22.307879,29.433799,29.000278,27.874118,29.621152,24.263007,30.923303,28.235612,32.678130,28.540820,31.406476,29.861791,28.485606,29.976977,21.455097,0.000000,29.116704,28.329889,32.392138,24.859755,26.997196,23.566822,29.790291,28.250482,27.997775,29.158410,29.320204,29.457551,32.361527,28.226576,22.260523,29.574481,29.117683,32.332605,27.855452,26.344899,26.422598,30.926107,27.455034,28.567437,27.751332,27.342658,22.200199,28.022454,22.539455,28.914818,29.054127,31.667591,27.428680,32.096437,28.568395,28.746590,30.640281,27.774836,35.560226,26.075565,29.803819,26.034361,31.020675,27.621164,28.758302,30.000524,28.532672,35.327869,32.408126,29.314880,29.080737,33.393973,32.225964,33.233660,32.327705,24.806146,31.032639,31.527507,26.768011,23.830728,32.072836,29.208178,32.452615,31.535927,31.185910,25.295190,30.031416,29.835857,30.986038,24.803673,32.700615,29.580450,28.885879,29.335558,29.291229,29.905664,30.225702,30.388802,32.761702,26.527982,27.324114,31.927156,31.923341,31.033233,30.057232,33.095611,29.358339,32.839674,28.588485,28.384368,32.123073,27.262958,31.611213,25.252288,30.624317,25.729337,31.231612
WinMart+,21.381067,22.846196,23.917151,24.894442,19.856932,24.098078,23.622811,27.647966,22.635084,27.079154,26.088341,26.869733,23.944060,27.547662,28.434594,25.329102,27.809311,20.406998,19.686275,24.672842,28.484498,28.756779,24.863462,26.409436,27.601477,18.244760,27.535598,27.519609,31.802605,0.000000,25.939166,27.428810,27.393749,19.275645,26.981430,26.271939,25.788901,25.751448,19.800414,26.575993,29.145451,28.579335,25.810566,27.346015,25.616562,17.413421,28.799895,28.492407,18.398086,24.058438,28.835712,22.588071,24.784393,20.151695,27.143924,25.925247,20.523179,25.861017,15.106801,26.188354,30.244808,17.859427,24.141617,27.991153,24.415032,26.699904,25.883699,32.078635,19.467489,26.676411,29.455534,26.835401,28.578877,29.217805,24.682206,20.757346,32.120163,29.983644,25.506177,25.893116,29.915107,27.821149,31.888064,29.529336,26.146948,30.143082,26.449084,27.526460,26.322187,28.339603,24.754412,28.442545,27.749466,27.348769,26.529549,27.012266,26.711627,24.521917,26.950021,29.344322,25.624976,28.427217,26.564571,25.731842,25.818968,26.901219,27.146299,29.648543,26.203654,24.493320,28.858739,29.661722,28.374067,27.068569,31.091457,26.892094,30.791969,25.236263,25.524045,29.400904,27.732022,29.143910,25.984012,27.837417,26.383330,29.087748
Không có tên,24.839056,25.297581,24.120585,25.467922,26.221059,24.560263,22.229662,27.422681,24.749577,24.570295,25.469508,24.873592,26.170327,24.869895,25.932569,20.994042,27.514785,25.209372,22.257854,12.554629,27.621834,29.453381,19.092552,26.742239,19.428925,24.717126,20.672171,27.304916,28.247196,25.400317,0.000000,27.000940,27.422696,21.253771,28.020804,27.171179,20.809968,17.884735,21.227632,26.200394,28.456007,29.161053,13.814232,27.172701,25.895464,24.608941,16.559366,28.954960,22.537476,13.632306,28.340350,27.172461,24.827263,22.242328,27.460710,25.995345,21.462126,23.942924,22.383254,15.846036,29.413670,22.476854,25.919667,23.729084,25.682468,23.550546,26.766804,34.003655,24.599337,26.555968,27.847607,25.119602,31.244090,28.651838,28.080529,24.040151,33.906482,20.405450,20.267694,22.996182,27.620165,24.893224,29.969848,30.195989,26.343351,30.610469,26.462635,28.083656,27.519714,24.907333,23.103361,25.176771,26.974734,24.269214,26.800150,24.158155,20.676955,25.602109,28.902541,27.590980,23.517611,29.890006,22.745092,23.338695,25.203672,23.816965,24.224542,27.746869,26.032116,21.814457,26.050948,23.962452,25.151413,24.269094,27.293765,25.866699,26.252390,23.816107,23.476411,24.639863,28.890109,24.829069,26.955661,24.228005,27.355841,24.641373
WinMart+,27.681463,29.453308,23.025164,27.756403,29.156783,25.707776,27.480670,30.394495,27.222954,25.817812,27.750777,28.570658,26.722064,27.098580,28.129427,24.965830,30.050457,27.960079,23.484085,28.414495,30.467180,20.325913,23.274474,28.958139,26.381530,27.307475,26.451503,29.568145,30.531828,27.780269,23.675841,0.000000,23.333489,27.822963,24.148947,29.425463,28.514516,23.111913,26.720518,24.582668,30.865709,17.706672,25.061016,29.291633,16.393897,26.767015,19.814592,24.347649,27.997153,19.889528,30.640943,29.088266,15.150706,27.453889,29.580216,27.521765,26.120678,22.265583,28.879112,28.550594,31.788266,27.410220,30.985932,28.234141,29.165175,27.405409,28.266920,26.547688,29.083477,19.554890,24.326106,30.378244,30.727517,30.736173,30.021438,28.889192,26.037613,25.761565,24.665085,26.596172,32.034392,31.210533,32.209975,23.777201,21.296308,31.503801,30.695921,20.980772,27.687214,31.151545,29.129983,31.371294,30.813077,30.504822,21.488558,27.076098,24.469788,30.389398,28.343024,31.590824,26.690023,25.707180,28.469815,26.574536,29.520684,27.052661,27.295905,31.647015,27.340498,27.792315,31.075277,26.800727,27.908438,27.131995,32.024913,31.384396,31.837140,29.347673,28.518444,31.252691,28.619169,30.901603,26.712253,30.128037,27.112417,29.854096
MM Mega Market Hoàng Mai,33.657724,36.637857,27.778276,23.203298,34.255020,30.882369,35.025479,23.634108,31.306811,32.001921,24.682468,34.926490,25.501324,20.910233,32.385276,32.620311,22.401502,25.840777,22.909469,33.709886,34.721387,31.957372,29.738550,26.955594,29.832899,25.408840,32.886993,20.792057,23.137230,25.917663,27.635550,31.634970,0.000000,31.358292,12.862741,26.829172,32.482721,28.630230,29.746111,27.471645,26.512299,34.546397,30.346645,21.258754,28.206296,25.193425,34.316920,18.615424,31.135379,29.756430,27.612246,25.838881,27.011853,30.447046,25.671788,21.516490,28.745534,15.132643,23.208958,29.608665,26.021839,30.309511,28.596346,31.071987,26.905872,29.912789,25.800632,38.443131,32.109847,28.607812,22.022531,30.394422,25.254947,25.337384,27.458985,26.797660,37.830659,33.564463,30.198227,28.853179,29.865261,29.163716,29.263446,33.891960,22.345140,27.006504,28.689637,24.227069,22.799118,29.256727,29.321953,29.333868,29.006043,28.762626,22.709656,29.966838,28.632442,28.622194,24.594291,29.616171,29.643252,25.936865,26.998333,29.577505,27.948161,30.151490,30.335679,29.707696,25.634274,27.467332,29.347888,29.585191,30.865256,29.986519,30.338651,30.369455,32.851074,30.171299,28.480344,29.580851,26.696075,31.402296,24.911355,30.421669,25.359812,30.683572
Trường Tiểu học Đại Kim,24.301147,24.480734,23.725711,24.238999,23.200033,25.449216,21.984723,25.956466,22.628966,23.527408,23.833513,24.109683,20.205799,23.367546,29.320903,20.881081,26.302416,22.088433,17.252729,22.087928,25.053408,28.159567,23.930827,23.219977,21.810401,18.411374,21.282764,26.270568,27.156908,19.673208,20.836692,26.204113,26.829086,0.000000,27.387805,28.400067,13.108035,21.621546,17.604429,25.595933,29.629247,27.984683,18.918025,26.197150,25.387722,19.119840,28.290401,28.119573,15.311219,20.393663,29.514310,25.883619,24.449607,20.636232,28.532869,25.228908,19.646467,23.723071,24.159461,25.454629,28.416379,18.034802,27.053602,24.704011,26.697573,23.942289,27.643499,32.261015,18.724514,26.009497,27.273819,26.617865,30.476609,27.758634,26.808637,26.595565,32.302933,22.112428,17.948884,19.565704,27.165376,26.012243,31.021662,29.261123,26.026582,28.549374,25.385492,27.587751,25.614095,24.277486,22.102834,26.400596,26.335000,23.384993,26.448681,21.441383,16.897841,25.797170,28.347742,25.025720,23.053941,29.069641,19.185783,20.223460,23.042724,20.655120,21.296847,27.182743,25.528270,21.792568,24.384181,21.347393,22.597405,21.621243,25.613848,25.817483,24.214483,21.532089,21.332278,26.341439,28.622796,22.603726,26.789181,22.150509,27.178249,22.604394
Không có tên,20.038372,34.452360,18.915102,23.357875,26.736429,25.318407,32.704842,23.890462,25.398428,30.823778,24.931279,32.889590,25.783941,20.905715,26.034312,31.457136,22.567153,26.125042,22.990509,32.148369,27.895757,30.646048,28.891692,27.279503,29.173343,25.649559,31.670076,20.783806,23.461712,26.175632,27.157004,30.473358,13.595075,30.503845,0.000000,27.166340,31.393248,28.017726,26.535942,26.944205,26.850520,32.960565,29.622954,21.302275,27.696627,25.385082,32.883657,14.859010,30.404807,29.189848,27.972721,26.070766,26.649898,29.807420,25.927136,21.570966,26.017489,14.733667,23.299731,28.981812,26.570690,29.699025,28.973591,30.400037,27.161620,29.398980,26.064618,36.461496,31.267574,28.094277,22.292098,28.888770,19.322162,25.718901,27.770427,27.036013,36.097624,32.686283,29.706904,28.479622,30.249623,29.508938,29.680947,32.837415,22.476282,27.483905,29.017649,24.144493,22.921128,29.579823,27.816802,29.684086,29.307316,29.051638,22.801314,29.522452,28.277025,28.912235,23.665219,29.961081,28.015220,26.066763,26.788124,29.149874,28.192011,29.673754,29.852316,30.052611,25.801108,27.252081,29.648241,29.930029,30.354733,29.553820,30.655874,29.976361,30.502460,29.761323,28.209539,29.876494,26.668525,29.676644,24.895008,28.962975,25.343499,30.251597
Không có tên,28.312884,31.190040,26.405978,27.997309,29.810488,26.327401,27.024580,32.419089,24.630408,30.095348,20.787477,31.485035,27.595404,24.580541,24.234306,28.534627,31.496865,28.126347,22.262145,30.931254,21.223839,33.093269,28.099833,27.234385,28.947142,26.937794,29.784939,30.338492,31.012726,27.841162,27.880862,31.173322,28.305556,25.828548,27.859824,0.000000,27.776202,27.496878,28.133192,29.406747,25.693617,32.665364,27.758834,29.938404,28.241440,24.778037,32.608952,29.489076,25.106102,25.791503,25.000640,22.305432,27.175319,28.244820,22.848503,25.510928,27.962493,26.471168,25.766243,28.785211,30.383779,27.538438,29.026731,29.604238,24.409672,28.554302,22.322691,36.409348,26.897198,29.255818,29.573244,28.911910,28.600926,29.357943,25.676175,24.706612,36.063326,32.596093,27.047620,27.135151,32.519109,30.437731,32.437736,32.545609,26.503302,30.457607,29.193443,28.048407,28.643959,30.477134,26.572435,30.930757,29.753764,29.281268,26.930907,28.322069,28.035802,28.893615,26.733121,31.511538,27.276513,28.659109,27.671058,27.170642,27.592107,28.380134,28.610129,31.685546,22.690479,25.445598,30.570142,30.909967,29.666144,28.357989,32.475380,27.869049,32.134969,26.496621,26.570439,30.957407,27.678750,30.434852,25.852629,29.119330,26.268709,30.140440
Cà Phê 3k,25.010088,25.295296,24.360883,25.434091,25.948334,24.748539,22.946457,26.893135,24.839387,24.762408,25.413302,25.122308,25.889382,24.916867,25.752604,22.470873,27.082775,25.196339,18.187213,23.575476,27.135648,28.436634,24.699577,26.391318,20.933301,18.990184,23.310978,26.949215,27.728308,19.782575,22.366090,26.662727,27.107228,16.097436,27.621062,26.817911,0.000000,22.770985,18.946725,25.998512,27.895957,28.268502,20.784820,26.847561,25.823685,24.958273,28.523537,28.319032,20.839303,21.814149,27.802714,26.269701,24.941435,20.012549,27.090829,25.850859,19.790713,24.140079,22.874932,25.878555,28.745944,21.093424,24.908534,21.933734,26.948387,22.053063,26.481320,32.056916,25.047451,26.366944,27.490284,24.247886,30.456274,28.137652,27.042554,26.885992,32.110099,22.629243,23.067185,22.471104,27.380466,24.126445,29.164533,29.354065,26.255111,29.883562,25.984748,27.746288,27.241527,25.233877,22.715286,24.426979,26.676447,24.289495,26.660290,24.135472,19.214299,26.240311,28.450967,27.592294,23.247567,29.042365,21.261272,22.958155,25.519870,23.615694,24.209034,27.481763,27.238592,23.200445,26.651759,23.844847,25.515421,24.262324,28.268309,27.726735,26.962641,23.664490,23.288137,24.756792,28.676460,25.019944,26.876470,24.248326,27.254463,24.736204
Không có tên,25.050661,25.492465,24.342791,25.628202,26.311604,23.971884,25.459915,27.453221,24.327766,23.757143,25.636436,20.346099,25.291215,25.054335,26.031428,21.308159,27.605919,24.657557,22.239929,22.288854,27.715266,22.742136,17.777050,25.957923,19.981579,24.296943,21.271872,27.391650,28.306676,24.890218,17.854666,21.113023,23.148045,21.438630,23.785998,27.272648,21.143507,0.000000,21.384841,23.959009,28.514315,22.887995,17.449193,27.261349,21.421111,24.276957,15.355897,23.919291,22.455239,16.082547,28.387258,27.260464,20.534183,22.221948,27.544724,26.087433,21.560131,22.276851,22.352102,14.741376,29.442560,22.417134,28.911296,23.455092,27.481394,23.291065,26.787186,28.979743,24.059483,22.490358,23.930835,24.690265,28.237787,28.696244,28.140568,27.419187,29.424869,15.815907,20.505997,22.885323,30.108157,24.563814,29.920965,26.284427,23.087935,29.436445,28.994255,23.385181,26.380508,24.552648,22.993465,24.772978,29.247661,24.003948,23.366292,23.861807,20.788671,28.890287,28.217867,29.870407,23.334800,28.851600,22.086735,23.140786,24.810985,23.550158,23.917747,29.961179,26.119184,21.283829,25.576095,23.700209,24.734019,23.970861,26.702484,24.839271,25.736071,23.592989,23.351494,24.368994,28.559746,24.508040,26.754232,24.023805,27.137769,24.343112
WinMart+,25.991718,26.832031,24.742825,25.737359,24.576670,25.494828,24.378110,28.351046,23.892669,27.943561,25.135735,23.093572,21.031625,24.502132,24.867788,21.373095,28.395451,23.623539,16.432631,21.539009,26.738838,26.510278,23.174247,24.783495,23.726369,18.162165,20.829783,28.003567,29.171661,20.051942,20.633742,25.087142,27.800268,17.966587,27.428086,26.652459,15.383709,21.300120,0.000000,26.989868,28.172090,26.443218,19.221329,27.816005,24.583008,19.227763,26.794677,28.815134,15.515163,20.332397,28.014360,21.428496,23.809465,20.546978,27.078833,26.335089,22.527848,26.283981,18.621910,24.651239,30.522834,15.996795,24.370573,25.597948,22.297513,21.207491,26.263382,30.028886,19.007703,25.160816,26.374987,22.999713,28.868064,29.513298,22.466945,25.089363,30.230137,21.820011,18.141902,19.736267,25.243447,23.063576,29.852075,27.921286,25.481093,30.377067,23.369646,26.793733,26.665817,21.691967,19.955134,23.595911,24.760781,21.218810,25.840318,21.609443,16.975933,24.194625,27.279679,23.800429,21.113163,28.644269,19.284417,20.371684,21.075405,20.831073,21.472632,24.964150,24.244508,20.986886,24.601477,21.499702,22.793005,21.785086,24.185252,24.985530,21.719154,21.661729,21.467729,24.538521,27.863196,22.766560,26.120867,24.229772,26.514863,22.749692
WinMart+,31.706041,33.911793,26.222316,24.716879,32.404950,29.421289,31.958221,25.242608,30.058463,30.186129,30.818537,32.250550,29.903868,22.864998,30.980858,30.919041,24.515987,30.589116,26.372204,31.541632,33.076887,29.922396,28.128909,31.235651,28.599915,29.846732,31.158942,23.582369,25.417722,30.177992,26.400546,29.802127,18.381969,29.991918,20.525966,31.855331,30.880286,27.289130,28.657029,0.000000,32.973807,32.479883,29.078320,23.695590,27.026407,29.015958,32.431235,18.974966,29.931575,28.690209,32.766249,31.243152,25.952035,29.329310,31.740542,23.146535,27.843171,15.619243,30.557030,28.414962,27.193621,29.232405,32.843883,29.971996,31.103975,28.976626,26.468176,36.290558,30.858839,27.496803,21.565479,29.536995,27.935883,26.488830,31.982979,30.733692,35.915168,32.379441,29.324225,28.064449,33.536395,32.792406,33.906313,32.478924,22.105453,26.555372,32.337783,23.963002,23.130696,32.632998,28.560207,32.904280,32.297507,31.984436,22.452911,29.171381,27.877534,31.912964,24.379759,33.034272,28.854795,25.700653,26.379322,28.766486,29.728745,29.300995,29.496387,33.050403,29.158331,26.887894,32.435087,28.830231,30.019866,29.203539,32.483412,29.686504,31.959565,29.444118,27.860843,32.553498,26.627111,30.596130,24.842401,29.705983,25.296516,29.956133
WinMart+,27.755993,29.888907,24.427941,24.763810,28.505567,26.079831,26.759740,27.749067,24.751789,29.120503,20.366937,30.413795,26.993768,22.820016,24.536086,27.949118,24.226925,27.445529,22.689945,30.066171,20.987433,31.896531,27.698938,28.242767,28.327726,26.596332,29.010400,26.950624,29.385296,28.443024,27.487567,30.326411,27.384729,25.705187,26.899281,23.815705,27.395407,27.167297,27.645097,28.920451,0.000000,31.579528,27.389147,25.172386,27.896418,25.945750,31.602637,28.652598,25.115921,25.722020,22.685262,20.857088,26.954697,28.548900,19.674990,24.670497,28.334654,25.668433,26.499640,28.347142,29.289070,27.847983,29.511371,29.773069,23.477107,28.830532,17.035741,34.836466,27.229095,28.821294,28.947643,29.165108,27.797077,28.406961,24.472116,23.920505,34.649073,31.893627,27.484856,27.483885,32.158325,30.491980,31.310775,31.755253,26.038878,29.573790,29.474437,27.492190,27.988687,30.508471,27.128787,30.881043,25.153724,29.471433,26.448529,28.527204,28.276344,22.728943,26.007762,31.358902,27.667271,27.884781,27.895809,27.514249,27.969386,28.608987,28.816644,31.503254,22.083645,25.782512,30.564260,30.852246,29.739444,28.564146,32.228881,28.052039,31.933385,26.857169,26.898177,30.899759,27.386893,30.434179,25.605981,29.251521,26.027479,30.156396
Trường Tiểu học Chu Văn An,30.821437,33.597507,28.943082,30.126468,31.985182,28.394854,32.391977,32.971945,29.368777,29.144555,30.181152,29.544961,29.119741,29.294813,30.428344,27.827257,32.289665,30.039838,25.219290,29.226879,32.905986,27.109466,26.177264,30.855479,27.083164,29.243616,29.033121,31.363447,32.500611,29.653135,17.245453,20.117709,26.320068,28.487510,26.946731,31.537782,29.223761,16.832777,27.347853,28.386530,32.862376,0.000000,19.968209,30.993962,17.958414,28.432777,19.231904,27.677891,28.544730,20.022151,32.636559,30.904750,16.901934,28.048279,31.371612,28.884414,26.705850,24.829522,30.252125,17.795064,33.490201,28.007823,32.769995,28.797205,30.749806,27.931148,29.926025,17.929177,29.635362,20.071281,26.860960,31.770010,31.265571,32.219534,31.780114,30.429765,31.540681,27.666868,25.251645,27.112789,33.591943,32.749420,34.003995,25.988234,22.260319,32.913458,32.242932,22.303793,28.907613,32.591169,30.396226,32.886736,32.216086,31.879250,22.550534,27.539856,25.014354,31.792638,29.544563,33.043139,27.183349,27.632460,29.620058,27.070403,30.836290,27.546327,27.786840,33.073621,28.626292,28.918596,32.405533,27.272277,28.368004,27.601891,33.264422,32.782409,33.052240,26.834578,29.542074,32.539611,29.401679,32.079359,27.430777,31.288292,27.820948,27.407140
AEON MaxValu Linh Đàm,23.739880,23.849971,23.274845,24.612048,25.108067,23.151527,21.304821,26.302446,23.843143,22.580879,24.611852,23.186732,24.824009,24.098041,25.056034,19.620464,26.601330,24.183646,21.586227,20.714325,26.633094,27.907722,18.869625,25.708972,17.991551,23.828416,17.985537,26.534874,27.401763,24.506640,13.503806,25.826088,26.603194,18.901884,27.201653,26.340337,17.204500,17.790449,19.483336,25.371821,27.600357,27.730309,0.000000,26.446423,25.034561,23.895528,19.217932,27.951019,20.405510,16.201176,27.489381,26.460915,24.063977,20.611724,26.712337,25.442045,20.113522,23.411763,22.982617,18.396448,28.598643,20.614207,25.139314,22.323879,25.064012,22.340369,26.073778,32.394422,22.609710,25.725488,27.096401,24.180125,30.471991,27.940729,27.347039,24.814208,32.424276,20.874468,19.049263,21.755038,24.874091,24.088142,29.079315,29.173712,25.855347,29.827042,23.761523,27.453034,26.951445,23.783083,22.011823,24.342760,24.599372,23.235190,26.277089,23.049042,19.389637,24.236878,28.254985,23.645624,22.396802,29.059712,23.369288,22.147483,24.201096,22.585150,23.054031,25.058650,24.248563,22.350013,25.102010,22.899071,24.051536,23.186524,26.420378,27.045049,25.279229,22.870949,24.231680,23.782358,28.581620,23.876402,26.720213,23.368657,27.114950,23.751106
WinMart+,27.666748,29.379521,25.633742,24.936289,29.327430,26.813673,31.991241,26.436628,26.870387,28.708582,26.810910,29.952066,27.657657,21.745160,27.831950,27.729007,24.958527,27.972963,23.759545,29.693958,30.378379,31.357947,27.695591,29.200239,28.554157,27.180775,28.623385,13.623777,23.635106,27.760580,27.313552,29.977706,22.579371,26.141158,21.499220,26.293890,27.236547,27.031293,27.948937,27.771274,25.860623,30.913139,27.220173,0.000000,27.861713,26.572047,30.966095,25.136445,25.686037,25.724033,30.585093,28.930808,26.999257,26.899727,24.942889,17.411119,27.124286,21.230876,23.962652,28.082332,23.131252,26.693267,28.465238,27.639865,29.025800,26.137430,25.141947,33.776498,25.336444,28.696099,26.981612,28.492177,23.686925,22.951564,29.930488,28.749373,33.666509,31.324780,24.502177,27.479791,29.945714,29.134186,32.269260,31.280657,23.920849,26.503490,28.586959,25.419439,20.434424,29.232599,27.355900,29.329197,28.944178,28.676409,24.252360,28.122932,27.968176,28.515788,21.361988,29.649795,27.597467,25.324255,27.717242,27.466173,27.772895,28.184214,28.328613,29.751562,27.142282,26.147441,29.337001,29.673316,28.936144,28.175729,30.442027,27.816704,30.276931,26.997939,27.017763,29.592935,26.410704,29.398847,24.514241,28.648672,25.007307,29.290647
WinMart+,26.586452,27.487730,22.147847,26.845093,27.714628,25.128626,24.790942,28.745119,26.463934,25.101686,26.803399,25.022321,25.986493,26.353290,27.125855,24.519795,28.703409,27.079996,23.405880,25.366756,28.929702,19.915666,23.262592,27.962669,24.593905,26.600956,25.681679,28.492267,29.225836,27.010686,22.233302,17.309734,22.596234,25.707515,23.279604,28.257562,26.027621,23.055761,25.057089,23.323188,29.497688,13.949244,24.672890,28.327886,0.000000,26.213615,20.786503,23.291385,26.070092,20.416453,29.294979,28.129165,12.587850,25.692046,28.524348,26.974248,24.744615,21.830589,28.150776,25.668143,30.394103,25.693830,29.693224,26.402996,28.283751,25.861550,27.473042,22.207658,26.954043,16.546048,23.539784,29.422576,29.116886,29.691118,28.929769,28.081023,21.479434,23.552264,23.590032,25.313321,30.738753,30.057641,30.700923,20.519168,20.146493,30.389454,29.610753,19.492462,27.159678,30.076851,28.404050,30.199158,29.812289,29.559479,20.271475,25.805634,23.476272,29.445357,27.203818,30.428696,25.461620,24.613932,27.145456,25.329149,28.728283,25.716434,25.959023,30.489793,26.798317,26.487345,30.076060,25.604193,26.524090,25.873254,30.965900,29.865179,30.811506,25.328515,27.344364,30.269708,27.997192,30.031008,26.314955,29.361679,26.697890,25.883956
WinMart+,27.873412,29.487004,23.291973,24.021899,28.324685,23.081669,26.941199,25.938084,25.508777,25.368347,23.796526,29.939290,22.779646,25.664924,25.551881,24.279161,26.355318,20.482717,18.064219,23.984068,25.175384,31.212667,27.705868,25.391023,26.062695,18.908225,26.041887,26.359810,29.728584,18.692746,24.996259,29.927178,28.120557,19.437917,27.782086,23.110432,24.874138,24.961565,19.924517,28.765174,26.190729,30.975543,24.902833,26.276144,27.872409,0.000000,31.027468,29.044434,18.714052,23.555566,25.878125,20.008861,27.037668,20.200979,24.736001,25.897943,15.184944,26.658639,13.166662,28.275237,29.579664,18.158657,19.089401,26.013682,21.489566,24.566323,23.987840,33.785392,19.553062,28.685078,29.182866,24.432489,28.328838,28.872355,21.777275,18.610698,33.694763,31.452375,23.865367,24.535469,26.314162,24.606172,29.219493,31.257389,26.641608,29.719130,23.327644,27.929040,28.360656,25.660161,22.886746,25.274517,25.316020,25.060111,27.017619,25.465864,25.177744,22.259023,26.847084,26.451472,23.840726,28.056552,25.301831,24.161346,23.877325,25.188461,25.433389,26.880152,24.513112,23.528169,26.642763,27.978585,26.743461,25.564317,29.057761,25.747128,28.848709,23.892349,24.410566,27.330703,27.652393,27.456966,25.972245,26.293469,26.360545,27.698933
Trường Mầm Non Hoạ Mi,30.572599,32.866387,28.894500,29.975301,31.594125,28.372572,31.907317,32.506663,29.276276,29.028707,30.010605,29.387669,29.034664,29.213054,30.241209,27.845935,31.957114,29.900234,25.388165,29.123269,32.495524,27.329521,17.336961,30.665344,18.721289,29.169142,18.551201,31.148115,32.192890,29.550513,16.696705,21.445739,26.433431,21.132277,27.020474,31.282361,19.299494,15.957719,21.145460,28.370198,32.523124,19.426123,19.565551,30.814405,19.212356,28.411418,0.000000,27.712064,20.698917,19.495982,32.308265,30.730754,18.170844,21.825429,31.162815,28.829251,21.355528,24.999326,30.150274,16.296347,33.151506,20.781719,32.464207,22.767295,30.608848,22.658201,29.812111,30.615528,21.819324,20.958292,26.930561,31.583200,31.098435,31.984760,31.555573,30.301735,31.005522,17.156611,20.499645,23.455362,33.275842,32.490177,33.614398,26.238000,22.533129,32.644970,32.011855,22.650190,28.852808,32.354865,30.295509,32.621424,32.008760,31.693542,22.814656,28.474711,28.309308,31.613675,29.467598,32.778008,21.923875,27.576019,25.391788,21.725606,30.701528,22.020969,22.358702,32.814220,28.599731,24.548487,32.197198,22.287977,27.790403,22.483962,33.027517,28.663106,32.831976,22.314811,25.904371,32.337535,29.369825,31.911072,27.444125,31.160315,27.823145,22.983708
WinMart+,34.865436,38.733559,28.629535,26.104247,35.600164,31.837281,37.623071,27.126427,32.131361,33.305424,33.285359,37.152609,32.180770,23.829046,33.375750,33.877351,26.427004,28.068031,27.621598,35.391158,35.998817,33.443717,30.775220,28.991478,30.641191,27.471474,34.171988,25.337255,28.155601,27.908698,28.374115,32.936792,18.752425,32.322107,22.049891,34.209979,33.680710,29.487999,30.460926,28.300224,28.810919,36.233122,31.213732,25.312940,28.900227,26.949450,35.830770,0.000000,31.980391,30.468051,35.149236,33.187002,27.589579,31.214145,27.716208,24.142525,29.317874,13.483331,31.977172,30.406177,29.868998,31.048154,35.001482,31.846641,32.839622,30.529435,27.795865,40.320792,33.013794,29.275052,22.482999,30.981887,28.882245,28.471786,33.975959,32.336445,39.458382,34.470869,30.800804,29.368636,35.506565,34.644465,36.235416,34.936049,22.632113,27.500971,34.148375,24.730860,23.667387,34.345947,29.832189,34.754074,33.924332,33.548821,23.048039,30.500990,29.112420,33.506114,25.027034,34.824497,30.183443,26.788604,27.360766,30.113105,31.035166,30.739609,30.915238,34.807647,30.387271,27.825445,34.001737,30.088842,31.454230,30.521876,33.987898,30.840622,33.517173,30.678885,28.890269,34.074741,26.899249,31.987885,25.040814,30.929949,25.501015,31.192777
WinMart+,23.100004,22.983299,23.027717,23.628006,22.468043,24.485656,21.277704,25.200692,21.902580,21.878347,23.220784,22.576541,19.187241,22.912918,28.876611,19.725162,25.670420,21.215989,16.443356,20.987614,28.981385,26.082200,22.778501,22.469332,20.167112,17.464253,20.054291,25.840649,26.561207,18.877226,20.033996,24.706042,25.980788,16.530957,25.630501,27.930780,19.184143,20.776995,15.555855,24.502953,29.282977,25.963204,18.639040,25.787209,24.273727,18.476368,26.339496,26.584421,0.000000,19.824426,29.073513,25.429450,23.515896,17.734895,28.258589,24.902559,18.456565,24.859786,23.513405,26.825199,28.001212,15.064054,26.380222,22.845662,26.304891,22.634188,27.210687,29.468551,18.826051,24.865385,26.114017,25.787855,27.075813,27.387050,26.342065,26.096730,29.695157,25.192218,16.556112,19.821658,26.511809,25.281126,30.641531,27.594811,25.289163,28.186688,24.673795,26.442021,25.314707,23.387393,20.616253,25.697989,25.797973,22.599247,25.564105,22.100349,16.343762,25.240985,25.838079,24.374239,21.000194,26.689219,19.217706,20.590784,23.837603,21.187725,21.978366,26.583009,25.158191,21.647869,25.157741,21.913189,23.590851,22.287773,27.032381,26.543893,25.442573,22.012075,21.770004,23.293515,27.129584,23.375580,25.590627,22.733285,25.967235,23.261781
Trường Tiểu học Chu Văn An,23.022969,22.903100,22.726146,23.932450,24.156624,22.263723,20.931097,25.229442,23.130976,21.574794,23.859087,22.215173,23.723076,23.485010,24.254158,19.396790,25.644088,23.348315,21.260198,20.246723,25.618322,26.337476,18.171687,24.709578,19.261416,23.151113,18.229028,25.731291,26.422451,23.746125,14.049184,20.423910,25.754224,20.265166,26.307437,25.461156,19.221023,16.994191,20.470577,24.601021,26.645903,19.767646,17.604949,25.688166,19.286332,23.325158,18.962987,26.830589,21.342916,0.000000,26.483633,25.716560,18.655778,21.464352,25.919668,24.890642,20.870156,22.993532,23.277443,17.929229,27.626443,21.417388,24.396434,22.896387,24.490620,22.757362,25.350639,24.575637,23.122971,20.317762,26.272187,24.350713,29.437515,27.100748,26.511074,24.944548,25.332535,19.291555,19.809384,22.208744,24.959395,24.248830,27.959970,23.398220,25.348988,28.807208,23.933501,21.771610,26.293740,23.984250,22.406314,24.472630,24.738818,23.452948,25.717830,23.285831,19.968466,24.395934,27.466153,23.810420,22.706685,27.964510,23.365362,22.483749,24.330339,22.897680,23.315399,25.111524,24.399179,22.332483,25.154863,23.136764,26.267660,23.407247,26.361825,27.096498,25.312665,23.080247,24.279378,23.911419,28.174069,24.021760,26.442161,23.547478,26.819897,23.884640
WinMart+,29.467626,32.055664,27.592117,29.155299,31.200019,27.748904,28.019667,33.159079,26.747485,30.979057,23.450242,32.121461,29.112276,26.024871,27.458269,29.450371,32.195263,29.444457,23.632550,31.536156,25.674869,33.494122,28.895266,28.995324,29.765682,28.196059,30.495562,31.004162,31.602496,22.952732,28.623437,31.709725,28.867139,26.697363,28.472997,26.322248,28.549406,28.254363,28.996866,29.957827,28.487329,33.088052,28.516250,30.591175,28.855987,20.538594,33.004558,29.927959,26.005491,26.548127,0.000000,18.313720,27.829293,28.803223,22.210719,26.188027,28.600085,27.066452,26.744545,29.362925,30.863004,28.040779,30.381382,30.122104,19.366538,29.236223,19.445037,36.508527,27.482868,29.764883,29.896217,29.630643,29.062940,29.849017,22.298165,18.926402,36.172937,32.853526,27.715841,27.678916,22.897991,31.144221,29.131832,32.856627,26.863310,30.836477,23.546589,28.398409,29.007465,31.077677,27.378118,31.543932,23.214802,29.936563,27.290540,28.832817,28.572795,22.739653,27.263790,23.515140,27.990050,29.003340,28.143158,27.800678,28.325724,28.954581,29.169739,32.130795,21.044242,25.945649,31.056136,31.253730,30.098885,28.873200,32.735307,28.290922,32.410398,27.101344,27.055975,31.379368,27.872043,30.828013,26.051830,29.573837,26.462654,30.481020
WinMart+,27.457367,29.293925,26.147503,27.252753,27.999137,25.969195,26.625698,29.956245,24.814372,28.678124,22.223530,29.910843,26.756524,24.624522,24.657310,27.679597,29.730072,21.506708,22.912826,29.647840,23.124429,31.315360,27.503726,20.029167,28.038584,26.441978,28.640432,29.183376,29.063326,20.639745,27.299614,29.917126,27.602691,25.657710,27.230410,22.479964,27.222801,27.012448,27.422837,28.675997,25.173911,31.055640,27.211490,28.926806,27.721299,18.259780,31.107685,28.611473,25.374984,25.679373,18.281884,0.000000,26.841758,25.328677,20.956906,25.322799,24.814370,26.132774,16.690772,28.130381,29.079527,25.191572,21.433805,26.071332,17.393552,24.840034,19.109306,34.062997,24.380259,28.601717,28.851948,24.763106,27.886356,28.390014,17.860851,17.166946,33.943103,31.508902,24.192402,24.733404,19.777191,24.999473,25.270619,31.342767,26.309704,29.314964,21.161407,27.586941,27.997752,25.793507,23.423176,25.502411,21.002186,25.272046,26.677948,25.545083,25.297587,20.502169,26.376557,21.479441,24.183489,27.679821,25.388394,24.417535,24.235648,25.325730,25.542884,26.774101,19.042525,23.741590,26.587702,27.758875,26.676262,25.639681,27.494940,25.781837,27.359730,24.137470,24.578950,25.919857,27.460231,26.259877,25.769095,25.271275,26.168475,26.676287
Trường Mầm non A Tứ Hiệp,26.560947,27.345654,20.652666,26.786252,27.554366,25.205219,22.414278,28.490382,26.422034,25.201608,26.733570,25.175644,25.979318,26.339809,27.024920,24.656995,28.483114,26.986537,23.551435,25.455953,28.680591,17.592980,23.531730,27.808014,24.672794,26.542142,25.684142,28.312096,28.972573,26.921303,22.505671,15.125853,21.386560,25.708611,22.045469,28.072714,26.010288,23.276513,25.093390,21.705776,29.225626,20.414319,24.741835,28.154512,12.870213,26.172876,21.445117,21.871423,26.041751,20.823017,29.029212,27.958620,0.000000,25.686189,28.330915,26.966619,24.780123,20.908830,27.996976,23.524099,30.076574,25.680323,29.407101,26.342159,28.111546,25.820432,27.337051,18.859864,26.839622,12.609087,22.382595,29.191057,29.000478,29.535646,28.702507,27.923567,17.925014,21.773964,23.669838,25.303391,30.413367,29.779252,30.341401,17.760313,19.074405,30.192190,29.349327,18.102083,27.128786,29.803139,28.238350,29.906624,29.562272,29.319524,19.138307,25.747466,23.538276,29.212282,26.093179,30.123149,25.429950,23.460655,26.134526,25.301654,28.533907,25.670790,25.901917,30.188345,26.713553,25.472026,29.809149,25.563407,28.043611,25.820921,30.661489,28.787750,30.517949,25.293890,26.447370,29.995895,27.313018,29.785257,25.843458,29.152596,26.163086,25.824234
Cà Phê KOK,24.145691,24.233897,23.914551,24.612355,23.521950,26.597724,22.363767,26.351967,22.991755,23.527371,24.136995,24.059507,20.730366,23.744623,29.677102,21.534893,26.681464,22.571866,17.721342,22.613349,29.867454,27.252223,23.921979,30.531649,23.887119,18.910005,22.059235,26.673276,27.484513,20.092981,21.543540,25.760047,26.695620,20.765956,26.351426,28.643304,16.733377,22.044866,18.751313,25.332356,30.163927,27.134610,20.169022,26.577010,25.142616,26.744023,27.438713,27.454950,17.423141,21.191117,29.935519,25.681373,24.351744,0.000000,28.857279,25.519406,21.453697,25.484266,23.441883,25.108513,28.837496,16.842563,27.008106,21.578400,26.683123,21.302622,27.659246,30.552102,14.978965,25.685827,26.826851,26.432955,27.724583,28.132565,26.749010,26.503827,30.699639,22.335137,14.831233,18.327141,27.154354,25.647061,31.665665,28.439237,25.818606,28.916445,24.875525,27.073540,25.877042,23.273146,20.907271,26.164857,26.166641,22.349182,26.158853,20.752006,15.171440,25.502458,26.420890,24.503311,22.070140,27.344101,18.200624,19.205396,22.040508,19.679799,20.504466,27.159186,25.311953,21.364445,23.762184,20.676538,22.127359,20.972434,25.270544,22.489702,24.094607,20.983527,20.834659,26.131906,27.419320,22.197163,25.829709,21.727232,26.200892,22.241285
Không có tên,26.878791,28.563472,23.390974,23.572207,27.218979,25.458505,26.252059,25.650898,24.267683,28.049783,19.832830,29.363030,26.126540,21.912902,23.964908,27.165316,23.074458,26.546145,22.682640,29.166998,20.044762,30.773801,27.129980,25.379490,27.533598,25.923626,28.100187,25.578111,26.895456,26.203939,26.878997,29.451325,26.181564,25.308567,25.741045,21.705266,26.801825,26.608551,26.938894,28.326675,18.606099,30.454386,26.800215,24.155290,27.405405,24.255902,30.543071,27.340669,24.856154,25.356169,20.662935,19.919876,26.564740,27.168620,0.000000,23.906095,26.853125,24.813298,25.109265,27.732031,27.529838,26.714687,26.343614,28.025002,20.858043,27.084270,16.318311,33.383549,26.069506,28.276565,27.902453,27.226957,26.653417,26.975290,20.935858,21.617580,33.308117,31.059892,26.176491,26.355157,24.303817,27.935953,24.825836,30.936144,25.493028,28.050229,27.113421,26.681173,27.544147,28.238837,25.793484,28.285434,23.092986,27.558783,25.778106,27.171752,26.955733,23.942193,25.170378,28.850443,26.259856,26.552560,26.789570,26.241315,26.431491,27.141326,27.331413,29.044392,20.519417,25.026667,28.562328,29.190809,28.216374,27.236065,30.169939,27.016157,29.970674,25.786918,25.963982,28.962352,28.168546,28.812502,26.296308,27.836351,26.707470,28.782160
Trường Đại học Kinh tế - Kỹ thuật Công n,25.368790,26.377880,23.827893,23.070842,25.790021,24.683368,33.113524,23.452393,24.756520,26.027624,24.322603,33.043238,25.034519,21.069507,25.250445,25.493196,22.453009,25.318181,22.668177,32.460296,26.775353,31.569378,30.324936,26.301363,26.148977,24.913434,26.151377,17.949665,21.615129,25.361535,28.723378,31.311581,21.489996,30.985096,20.819110,24.535638,31.663553,29.366395,25.672043,28.922729,24.148987,32.803330,25.295118,15.931837,29.157688,24.664116,32.702161,28.273488,24.157775,29.862814,25.273461,23.863809,28.402325,25.050784,23.584149,0.000000,25.214091,23.531952,22.816432,29.781735,15.919656,30.194706,26.277076,25.663657,24.953483,24.526364,23.688171,34.954401,31.295358,29.270796,21.726244,26.622008,16.486834,12.323624,25.320578,24.914996,34.717460,32.330817,25.979772,29.007780,27.586187,26.988290,26.826268,32.507520,24.748075,16.777662,26.551036,26.357767,15.254265,27.157404,25.786191,27.135495,26.974489,26.773039,25.117791,26.499758,26.373699,26.626142,15.812307,27.439531,25.985055,18.064415,26.249771,25.927166,26.088591,26.494718,26.617604,27.542406,23.954456,24.981580,27.319040,27.766514,27.149999,26.542031,28.295134,26.370156,28.181627,25.585062,25.678724,27.568475,24.238543,27.524321,22.843425,26.926369,23.246535,27.541129
WinMart+,29.982243,31.297961,24.336120,25.095007,24.039190,24.629205,24.065367,26.931288,23.524284,26.520235,27.206170,22.975340,21.493590,28.195272,28.959344,21.588502,27.182525,23.240997,18.327143,21.747802,29.099997,25.832282,23.057440,29.810461,23.176161,19.614286,21.155047,27.088483,31.379280,27.707351,20.940830,24.681437,27.043512,19.836048,26.710894,27.647522,17.154410,21.447964,22.481986,26.397528,29.518731,25.795841,19.836920,26.970972,24.298305,25.122290,26.125539,27.961542,18.413811,20.718672,29.257796,25.001845,23.633541,20.164835,28.049471,25.825440,0.000000,25.783547,16.525490,24.306404,29.253960,17.621500,25.037688,20.244033,25.848317,19.652183,26.865167,28.796154,18.848425,24.820639,25.939278,23.232523,28.046131,28.498967,25.959109,25.679969,29.041505,21.876323,16.461583,22.337761,26.107370,23.220445,31.357577,27.223153,25.222909,29.277666,23.580723,26.319604,26.154232,21.273658,19.208445,23.967362,25.282115,20.755852,25.533529,23.218362,22.878438,24.561833,26.704770,24.098016,20.684807,27.669646,23.473275,21.543049,20.628889,22.551540,20.575465,25.666686,24.572090,21.908773,25.053419,22.633174,24.638663,23.369726,24.473985,24.182360,21.498210,19.359548,22.625641,24.913635,27.552509,22.224874,25.935430,24.456220,26.312079,23.756476
Trường Quốc tế Singapore,33.252625,35.675465,28.408310,22.786595,33.773440,30.891027,34.526204,23.079707,31.202473,31.889144,24.048705,34.387341,24.773199,20.873741,32.141698,32.394257,22.084615,25.072150,22.554897,33.368364,34.184287,31.969304,30.071661,26.063729,29.889805,24.720830,32.539852,20.844946,22.613849,25.165268,28.006361,31.617876,23.010820,31.209538,14.751963,25.913228,32.211328,28.899700,29.732509,28.065804,25.608279,33.988285,30.302086,21.186180,28.591321,24.540658,33.780966,25.302453,30.981635,29.722784,26.594058,25.091237,27.576072,30.338658,24.919999,17.724432,28.760798,0.000000,22.772191,29.620128,24.928689,30.193437,27.493427,30.863033,26.069867,29.762331,24.996673,37.208025,31.754637,28.848623,23.451207,30.165151,19.048543,19.700698,26.513782,25.984672,36.720076,33.064720,30.003686,28.768052,28.685964,28.073729,28.058078,33.366872,22.890722,18.484375,27.640284,24.648564,17.833883,28.186961,29.172901,28.212965,27.978520,27.761901,23.254959,29.713070,28.510302,27.635032,18.453778,28.484291,29.448799,20.229787,26.960755,29.377147,27.042007,29.911927,30.072142,28.568060,24.944873,27.360555,28.289790,29.355151,30.532505,29.728139,29.213988,30.032193,32.329497,29.871905,28.307359,28.513079,24.633507,31.013040,23.284843,30.102564,23.657595,30.324740
WinMart+,27.161977,28.488521,26.114310,26.954902,27.371945,20.187517,26.482360,28.886936,25.050943,22.049123,23.593518,29.094047,19.609123,25.277145,24.978463,21.636871,28.874855,17.736850,17.715692,28.947481,24.636719,30.305683,27.202259,24.697919,20.357916,17.216276,23.060131,27.385260,28.752095,15.654772,22.657675,29.196724,27.616495,18.410862,27.300772,22.994400,16.974800,26.788983,18.671711,28.244244,25.512933,30.112593,22.598541,26.207839,27.432677,13.283648,30.208244,28.477574,17.644731,21.771876,25.244002,20.732993,26.679385,18.063351,24.408903,25.606959,16.647854,26.315808,0.000000,27.771744,28.845015,17.300825,16.767361,19.673700,21.620688,17.455528,23.761218,32.657769,17.610003,28.200726,28.710286,17.824779,27.837250,28.266695,21.791225,23.866618,32.634705,30.777179,22.583530,23.417151,23.572220,22.289001,28.090217,30.561352,26.420686,29.056229,21.193975,27.567399,27.916021,23.560629,21.556957,22.902014,23.407814,23.265889,26.746702,24.165433,23.905930,22.716349,26.512911,24.138537,22.476226,27.469551,24.226426,22.920119,22.400857,23.782309,24.009738,24.611995,23.183797,22.743543,24.778905,26.431934,25.311750,24.286420,27.166660,24.743549,27.036981,22.820034,23.472740,25.532198,27.459070,25.944837,25.854025,24.946621,26.230289,26.416703
Trường Tiểu học Tam Hiệp,33.680713,35.964630,31.799484,32.502691,34.222356,31.489028,34.782503,34.795256,31.765802,32.470786,32.610220,32.993073,31.790749,31.774285,32.732100,18.103596,34.074422,32.229903,27.978088,32.371052,34.631820,33.048458,16.112014,32.754281,17.804588,31.419721,17.138270,33.074922,34.087099,31.700551,15.595818,28.586329,29.064123,20.060158,29.492933,33.406646,19.517139,14.804750,20.202451,31.274857,34.316567,17.637705,18.116178,32.706890,25.247186,30.476248,15.848379,30.405773,26.712650,17.627642,34.210268,32.621154,23.874732,20.776462,33.028020,30.604574,20.470323,27.444223,31.690156,0.000000,34.670275,28.305767,34.206095,21.685210,32.335580,21.762440,31.776486,28.421086,28.904107,24.567535,29.247648,22.959820,32.586481,33.529152,33.316046,32.009894,29.247935,16.940995,26.996266,24.360131,34.731733,34.012172,35.203033,26.377494,22.734464,34.039138,33.615329,23.006599,30.449360,27.953007,26.425215,34.123652,33.408720,27.212961,23.028078,30.160955,29.966578,33.057907,31.038912,34.215476,26.807822,29.334203,26.820347,26.697617,27.819823,27.147639,27.384690,34.214697,30.294940,25.829121,33.581171,28.873140,29.559203,28.182269,29.262709,30.823579,28.591473,26.546194,27.106606,33.672208,30.189573,27.465640,28.243379,26.830879,28.605614,27.104611
WinMart+,30.508589,32.426420,28.810302,29.215781,33.316780,29.673025,34.596214,32.230006,29.621533,31.461559,30.524636,32.526044,30.933857,25.915042,30.869732,30.167091,32.074703,31.080267,25.970321,31.993840,33.762887,33.587021,29.769382,32.004349,30.854418,29.951767,30.916416,24.323567,32.220381,30.437626,29.278678,32.094848,26.981585,28.029823,26.129364,29.739494,29.235832,28.970840,30.241180,29.785746,29.570236,33.149085,29.194800,20.125206,29.568223,28.830397,33.080353,29.065934,27.587117,27.460153,30.548232,27.962778,28.647051,28.863656,28.034868,16.159324,29.093269,29.994770,25.813650,29.805305,0.000000,28.283532,31.455460,29.497686,28.982989,27.876556,30.675353,35.858531,27.009218,30.309250,27.723261,30.677845,24.082247,23.291160,29.900111,28.706135,35.601018,32.857376,29.315275,29.082409,32.561898,31.638706,32.315265,32.992398,28.369542,28.186904,31.071725,30.712635,20.131173,31.543442,29.316925,31.812983,31.165887,30.821397,28.985627,29.826596,29.666125,30.703790,21.209405,32.035634,29.474242,26.553784,29.222968,29.201249,29.741750,30.011937,30.154419,32.093260,27.050885,27.416989,31.433773,31.471868,30.697521,29.868338,32.439508,29.229312,32.226789,28.580599,28.443138,31.618600,26.595310,31.204431,24.593380,30.373121,25.102932,30.891230
Delícia Coffee & Lounge,23.448488,23.429236,23.114496,24.226662,24.483526,22.893737,21.545311,25.469219,23.516075,22.449339,24.171926,23.085664,24.170711,23.807142,24.526150,20.448631,25.846004,19.168544,15.929648,21.414443,25.839379,26.704709,23.175498,25.002016,17.592897,16.583273,20.576842,25.908172,26.564037,17.656287,20.412998,25.183266,26.010633,15.668219,26.535388,25.419361,17.380439,21.151810,15.251414,24.864757,26.651770,26.619530,18.903981,25.855843,24.643181,23.835157,26.971898,27.064435,14.543337,20.153796,26.487054,25.414346,23.843896,16.726469,25.918187,25.052110,20.453696,23.312449,21.517036,27.446074,27.703294,0.000000,23.574194,18.830760,26.120113,19.705076,25.336629,30.317472,20.205688,25.245049,26.486911,22.601581,29.494630,27.192161,26.208789,25.991913,30.499703,25.683921,20.946795,14.525334,26.277530,22.702598,27.986706,28.109807,25.535673,28.898031,24.785111,26.839002,26.453083,23.508683,20.977509,23.057136,25.741241,22.746844,25.898071,22.489040,16.868112,25.268868,27.592661,26.650498,21.433197,28.026740,16.600163,21.042920,24.175239,21.658876,22.413508,26.410318,26.507719,21.740935,25.465837,22.285775,23.972523,22.674414,27.300302,27.253262,25.756586,22.336551,22.081389,23.583873,28.220624,23.705282,26.507467,23.035129,26.878983,23.556537
UBND phường Khương Thượng,30.658684,32.219722,29.209095,30.305899,31.662346,27.272843,29.322908,32.717770,29.134669,28.555159,27.895714,32.106266,27.576154,28.767920,29.992942,27.362891,32.148394,26.866558,22.629910,31.689507,30.172577,33.020738,29.808745,31.230271,27.086882,24.514685,28.531801,30.180552,32.270282,28.886675,27.419914,31.787251,30.046473,26.580030,29.782470,28.590320,25.833731,29.267017,24.549784,30.465969,30.506032,32.756085,27.314754,28.904505,29.625023,25.894492,32.712796,30.779671,25.848461,24.539134,26.100470,25.661654,28.802599,25.869670,27.656851,27.840651,25.147479,28.492722,21.075230,30.015896,31.607831,25.563098,0.000000,27.253254,27.386094,25.473649,25.654184,35.224622,24.610641,30.270584,30.576137,25.439278,30.051752,30.770618,27.579501,27.260758,35.084925,32.660417,24.198881,24.956094,29.910718,26.265387,30.844221,32.633459,27.857012,31.460167,23.945280,29.257477,29.824043,27.493509,22.943874,27.457976,26.680966,26.274061,28.255792,26.335031,25.954943,25.423272,28.550167,29.055767,24.290841,29.642058,25.947385,24.675633,24.432573,26.077702,26.398809,29.559386,25.094975,23.696461,28.489846,29.634825,28.018595,26.424751,31.517338,26.413388,31.108331,24.264860,24.722355,29.239945,28.429065,28.971839,26.689092,27.308820,27.060475,28.953800
WinMart+,31.452377,25.525354,25.174094,25.952619,32.384535,27.907093,23.564899,27.734089,24.632967,25.259056,28.993979,25.595070,23.362637,29.685798,30.985190,23.357136,27.876858,24.650300,20.360334,24.377970,31.343353,28.345638,25.120350,32.369056,26.754237,21.669649,24.232010,27.672993,32.870890,30.492325,23.240334,26.800990,27.549712,25.233640,27.240019,29.912163,19.311992,23.455918,24.446365,26.172081,31.573585,28.205362,21.961697,27.534353,26.022089,27.835876,28.433429,28.265672,22.940013,22.755680,31.319002,26.300352,25.220872,20.083114,29.876135,26.318871,24.002890,26.285041,23.841487,25.998385,29.687802,19.575969,28.483622,0.000000,27.479240,22.474837,28.425002,31.441997,19.274201,26.505334,27.510385,28.370279,28.440737,28.927428,27.595313,27.407153,31.521758,23.325201,14.267407,19.973812,28.617681,26.778132,33.170982,29.191493,26.347354,29.650509,25.695595,27.670644,30.296138,23.851270,20.746547,27.412159,27.037292,22.565913,26.727338,24.566007,16.670794,26.243358,27.122888,25.109479,22.197826,28.009258,19.362172,22.867000,22.173286,24.061799,21.923529,28.374889,25.798427,22.679968,24.178006,23.834354,26.125999,24.696897,25.872849,25.159003,22.737081,20.234588,23.563264,26.845103,27.742701,23.322027,26.125944,23.084991,26.497002,24.763018
Siêu thị B11 Kim Liên,26.449428,27.989595,25.396224,26.308800,26.656934,24.979649,25.930381,28.522361,23.974820,27.581930,21.708026,28.840101,25.020384,23.982605,23.619664,26.804182,28.541164,23.861229,20.566688,28.705884,22.267494,30.228072,26.796743,27.331997,26.934094,21.938435,27.700586,28.272049,27.878687,24.812836,26.601091,29.005945,26.945902,21.562971,26.584978,21.530268,26.532059,26.356204,22.506653,27.996612,23.599406,29.980635,26.531864,28.084318,27.117178,21.465262,30.087200,27.913616,21.028059,25.185707,18.364708,16.236761,26.318635,26.486989,23.483011,24.867843,26.013900,25.642207,18.417742,27.466303,28.190669,26.084523,23.708819,27.502845,0.000000,26.235056,21.054629,32.801462,25.276292,27.974438,28.281640,26.468695,27.263612,27.636139,19.240988,17.761145,32.771746,30.727025,25.233316,25.620505,24.208270,27.275152,26.902078,30.526147,25.984703,28.526229,24.644892,27.120594,27.572986,27.663302,24.570623,27.827407,18.903477,26.955221,26.277876,26.611727,26.334773,23.551338,25.894246,24.390424,25.291622,26.976338,26.242376,25.408281,24.993123,26.488373,26.331209,28.824193,19.829466,24.305884,27.731441,28.730032,27.889323,26.685277,30.079857,26.571331,29.818499,27.107485,25.295545,28.402376,28.158281,28.314167,26.382932,27.085111,26.771243,28.378895
WinMart+,31.206990,32.874159,29.686928,30.846081,32.414566,23.722011,29.767195,33.419166,29.749342,23.958351,28.511017,24.236571,21.094083,29.303389,30.781881,21.944579,32.722543,27.549878,18.569239,23.177535,31.063574,26.745550,24.072101,32.334710,23.454687,19.609935,22.954238,30.642438,32.889532,29.975407,22.419468,32.248548,30.440963,22.769352,30.182735,29.430975,19.193133,22.670701,21.169307,30.832010,31.334747,26.681184,21.350750,29.321551,25.061716,26.798117,26.948523,31.168566,21.193954,22.011322,31.124942,26.114446,24.386355,20.790878,29.448493,28.170638,19.622874,28.823420,21.839435,25.139009,32.091968,19.349940,27.401248,25.276872,27.094834,0.000000,28.056223,29.607905,19.084818,25.523859,30.885593,26.452786,30.410706,31.197327,27.242992,25.808959,29.824727,22.733172,16.173918,22.034582,26.500505,25.156661,33.307737,27.863032,25.686276,31.875401,23.395257,26.907175,30.136065,20.251890,18.106759,26.082748,25.364491,19.978771,26.009959,23.120701,22.730090,24.535580,28.858741,25.569341,20.026615,30.013564,23.441568,21.182970,19.980127,22.309001,20.013157,27.601850,24.518880,21.732657,26.464792,22.477098,24.738662,23.282922,24.552012,24.242250,21.164492,18.892764,22.416685,26.107855,28.572014,22.017695,26.798569,25.299774,27.175602,23.771908
Cà Phê Big One,27.747524,29.505523,26.472095,27.519549,28.414285,26.450625,26.879092,30.114801,25.510791,28.923374,23.253064,29.908927,27.220966,21.997257,25.607596,27.945029,29.810637,27.550623,23.445245,29.659674,24.396260,31.194485,27.669857,26.756649,28.272670,26.818563,28.877750,25.406879,26.642001,25.251388,27.591169,29.907109,25.966126,25.995891,25.567118,24.290425,27.471214,27.261011,27.675958,28.739109,18.673570,30.958222,27.463133,25.374071,27.838837,23.282929,31.010944,27.047348,25.429327,25.934520,21.542991,20.532965,27.002529,27.714364,14.555567,23.668292,27.471656,24.726917,20.720401,28.319454,30.082589,27.228219,27.672727,28.646929,21.280168,27.905671,0.000000,33.875269,26.759920,28.659448,31.256346,28.088648,26.180082,26.403454,21.599086,22.103649,33.816292,31.432249,26.811038,26.903328,25.075635,28.860659,26.492831,31.238460,25.400420,27.395456,25.194904,26.688371,26.837394,29.056698,26.443495,29.229556,23.647621,28.367900,25.740738,27.867247,27.658954,24.491953,28.356895,25.006946,27.000058,30.210431,27.427775,26.989481,27.248292,27.888818,28.047627,29.912609,20.730724,25.560965,29.346651,29.856118,28.908707,27.906823,29.012299,27.612216,28.852835,26.477296,26.473378,27.732399,27.837216,27.785484,26.020856,26.833774,26.430486,27.967431
Trường Mầm non Đại Thanh,34.381986,38.528094,31.830298,32.804876,35.389557,31.478115,36.529981,36.148890,31.854137,32.966221,33.016158,33.845827,31.914798,31.898778,33.172942,31.067777,34.967595,32.473861,27.162803,32.824516,35.824836,34.634052,29.421044,33.128548,29.492190,31.433968,32.029917,33.568216,34.885217,31.788368,27.283892,26.517353,28.459601,30.987551,29.018126,34.036071,32.040699,28.552285,29.446978,31.262045,35.200397,17.862514,29.708124,33.088081,21.770321,30.277651,21.395417,30.123222,30.678474,20.942676,35.059944,32.952789,19.184256,30.070448,33.494916,30.518552,28.463797,26.625884,31.757118,29.444066,35.565372,30.002187,34.959500,30.762213,32.566153,29.732604,31.875721,0.000000,31.826010,20.389954,28.774832,33.448722,32.893120,34.083569,33.822616,32.155829,26.311192,24.331374,26.854841,26.394759,35.511790,34.608500,36.244005,22.937910,20.904061,34.694705,34.115981,20.543256,30.363894,34.313756,31.831695,34.741484,33.825155,33.528594,21.151028,31.679121,31.499800,33.401009,31.031958,34.827600,28.707322,29.263216,28.851622,28.622099,32.382896,29.145720,29.351090,34.820605,30.108950,27.976634,34.001939,28.714447,31.289878,29.686274,34.766031,32.666317,34.528290,28.156548,28.807918,34.093972,30.093480,33.485218,28.018282,32.619878,28.408462,28.697593
siêu thị 24h ninja mark,25.706338,26.105571,25.105302,29.680584,30.541646,25.720064,24.190016,31.377257,28.745581,25.952942,27.859471,26.093209,26.492081,28.487997,29.260549,24.289962,31.040573,27.159833,18.021738,25.129036,29.316630,28.381394,25.564575,29.876870,20.027852,18.655468,25.294831,29.608108,31.068524,28.428454,24.199319,27.012959,30.492218,18.832437,30.841585,28.295900,23.437605,24.207614,18.518812,26.392168,29.578323,28.262487,23.091951,28.621291,26.270316,26.634654,28.450430,31.826185,19.491096,23.621097,29.452735,26.553830,25.526789,20.083623,28.449376,27.746185,24.599948,27.363452,23.870570,27.826706,30.712787,21.908273,26.921547,26.437537,27.498690,24.805844,26.383225,31.191693,0.000000,26.686769,30.538098,26.453310,29.556450,30.093820,27.608103,27.453084,31.313080,26.412489,21.256575,20.279211,28.415065,25.794784,29.510010,29.119787,28.716946,30.658864,26.315896,30.296270,29.384311,25.208158,21.203481,26.257971,27.189061,23.748147,29.171844,23.615638,15.331566,26.575378,30.886813,28.572385,21.960512,31.424424,19.434809,21.484503,25.692736,22.474824,23.524002,28.618555,27.829888,21.677289,27.394480,23.151961,25.801565,23.721183,29.735015,24.748486,27.987786,23.025005,22.512624,24.549949,29.961676,24.923572,28.081058,23.816410,28.436747,24.569511
Trường Mầm non Tứ Hiệp (điểm Cổ Điển B),27.175547,28.104989,22.735939,27.318385,28.162322,25.803380,25.176562,29.064010,26.924387,25.897686,27.291854,25.967144,26.538203,26.895196,27.564688,25.291594,29.015598,27.494122,24.022791,26.162749,29.253220,21.609233,24.216662,28.282838,25.193257,27.026260,26.281330,28.808464,29.468002,27.398118,23.085342,20.132655,23.023479,26.244781,23.633983,28.600801,26.594175,23.894209,25.577103,23.786715,29.735504,21.451558,25.281527,28.646115,16.845577,26.615134,22.380852,23.698545,26.550385,21.431760,29.540305,28.444098,12.501323,26.171503,28.826221,27.296361,25.229149,22.260487,28.394849,24.613498,30.556647,26.160739,29.882234,26.819929,28.564185,26.251820,27.783680,20.474997,27.325393,0.000000,23.853063,29.585994,29.323353,29.891821,29.179315,28.354144,16.897094,22.672444,24.093621,25.710019,30.844283,30.209292,30.822061,14.619169,18.779890,30.535317,29.783914,17.574173,27.437549,30.213179,28.626609,30.331581,29.969363,29.717071,18.839872,26.126872,23.936074,29.619758,27.977384,30.540010,25.822700,24.680603,26.682539,25.696915,28.919395,26.073766,26.301731,30.595895,27.118658,26.023482,30.200381,25.939299,28.588501,26.199914,31.033395,29.386040,30.882872,25.649106,26.945757,30.381098,27.971322,30.147398,26.340074,29.509014,26.711512,26.171240
WinMart+,33.920401,36.352217,29.295285,27.090283,34.434974,31.604013,35.428315,27.902480,31.849413,32.666253,32.752085,35.237575,31.871504,25.448766,32.811883,33.138919,27.541453,32.305487,28.146573,34.204759,34.862823,32.873250,30.960908,32.777646,30.631689,31.498551,33.295239,27.012326,28.805215,31.759508,28.852670,32.503613,24.721048,31.963242,26.032797,33.509886,32.992997,29.755708,30.460045,29.042498,34.480930,34.809531,31.080789,25.307112,29.443202,30.493018,34.592902,27.358622,31.734134,30.471069,34.271644,32.724282,28.372134,31.084405,33.243740,21.402286,29.478764,28.020680,31.723520,30.417183,27.329308,30.936827,34.191463,31.600291,32.449119,30.460737,31.426124,37.938286,32.485482,29.687804,0.000000,30.832651,27.383772,25.502902,33.365630,32.017000,37.437566,33.772214,30.703038,29.458497,34.677852,33.955936,35.193260,34.133995,24.904966,24.983305,33.533305,27.811921,20.803752,33.730349,29.857717,34.042358,33.385428,33.052805,25.554721,30.384667,29.193037,33.018058,22.254344,34.115187,30.139693,24.237887,27.622393,30.070635,30.859481,30.608844,30.767902,34.106594,30.380540,28.002800,33.439952,30.032622,31.213906,30.419525,33.434664,30.670542,32.998549,30.539747,28.965536,33.516648,26.246469,31.689414,24.408129,30.769810,24.906286,30.987222
Không có tên,30.395899,32.368737,28.785695,30.085749,31.809901,26.306863,28.998164,33.122006,28.607118,27.986648,27.003012,32.297924,26.583081,28.262462,29.620662,26.647585,32.368801,25.469118,21.079209,31.798961,29.818958,33.367122,29.615702,31.321969,28.195456,22.883178,28.090719,30.038268,32.542918,27.694429,26.856150,31.915284,29.904602,22.264111,29.595680,27.635340,26.734510,29.005388,23.488967,30.392103,30.329589,33.041443,26.737992,28.561330,29.445441,23.273040,32.975868,30.745033,26.271074,25.221087,30.057523,23.773861,28.533743,26.359911,28.135530,27.455887,25.835111,28.191012,15.211545,29.878708,31.714302,25.985839,22.160673,27.545980,24.976021,26.207592,26.714261,35.875763,25.206003,30.187239,30.537875,0.000000,29.945894,30.754495,25.195614,27.615815,35.671868,32.845327,24.999728,25.486316,29.418984,27.138933,32.968254,32.841601,27.593104,31.545009,25.653806,29.087282,29.734956,27.831370,24.138874,27.882480,27.199669,26.871426,28.013809,26.688882,26.378061,26.257793,28.282835,28.939102,25.136854,29.676367,26.298340,25.342212,25.331337,26.541595,26.807110,29.296211,25.737772,24.198858,28.525649,29.467309,28.115535,26.771082,30.938569,26.662553,30.630833,24.887245,25.179745,29.115510,28.290062,28.920640,26.489022,27.517655,26.882708,28.910748
Quan an Nam Nhu 1,37.021043,40.343653,32.366852,26.825117,29.432293,34.178417,40.196700,27.935773,27.607094,35.746781,27.795905,39.404531,28.251231,24.788885,28.314830,35.974460,27.437184,28.436443,25.130469,37.720879,30.107374,36.382670,33.955944,29.237241,32.865876,27.811738,36.113336,23.538273,27.061724,28.197443,31.262946,35.687574,29.624462,34.303858,30.677554,27.599212,35.655769,32.290350,32.406481,31.925546,27.383708,38.045210,33.316023,21.755163,31.752938,27.192091,37.556726,34.366180,33.796315,32.374709,28.234123,26.526433,30.603324,33.026762,26.482341,16.178447,31.124257,23.723894,24.989382,32.558121,23.896459,32.811331,29.037782,33.462443,27.409548,32.067197,26.534983,40.934372,34.515093,31.800394,24.627564,28.853351,0.000000,19.357883,27.971564,27.247064,40.129063,35.612617,32.189623,30.859316,30.106468,29.443053,29.635443,36.340916,25.664008,16.254609,28.996821,27.928112,16.409510,29.481621,31.169279,29.576404,29.237409,28.982412,26.202599,31.697789,30.506474,28.871435,17.315568,29.812052,31.476042,21.469590,28.743788,31.430900,28.182472,32.030028,32.149891,29.880380,26.054544,29.009523,29.497779,31.278075,32.558371,31.706336,30.381589,31.736714,34.331004,31.712275,30.011345,29.693563,25.490143,32.945137,23.803243,31.907395,24.232955,32.124360
WinMart+,29.360212,30.898721,27.841956,27.952482,31.296374,28.628170,39.672664,29.866108,28.605650,30.182857,29.115390,39.077973,29.571541,25.344716,29.579657,29.159361,29.436047,29.745134,25.555343,37.763529,31.906390,36.692909,34.663660,30.618270,29.793652,28.873918,36.348449,23.878624,29.175539,29.313143,32.230590,36.104619,26.137400,34.819056,25.420065,28.704187,36.000091,33.146515,29.243466,32.967200,28.509059,38.013179,33.956109,21.159618,32.681079,28.006129,37.621442,35.420092,26.982691,33.083964,29.431700,27.274142,31.667894,28.105300,27.288973,12.474168,28.309175,28.495307,25.375362,33.291991,24.900170,33.465946,30.296665,28.694334,28.227935,27.241279,27.372076,40.424106,34.953404,32.677648,25.821661,29.809194,19.453187,0.000000,28.977263,28.004984,39.786621,35.935237,28.656712,31.601481,31.393982,30.595055,31.031682,36.604229,27.363683,22.422632,30.080981,29.774534,12.472802,30.563901,28.624419,30.746486,30.243308,29.946009,27.975936,29.124262,28.982093,29.826876,17.432312,30.974010,28.769258,23.064171,28.613928,28.541990,28.988355,29.266329,29.407126,31.032810,26.578019,29.771995,30.505552,30.625714,29.919018,29.164394,31.460442,28.629600,31.276190,27.992327,27.900827,30.694745,25.925137,30.378224,24.118775,29.632500,24.562435,30.139295
Taste Tea,28.397233,30.213373,27.024375,28.194314,29.241481,27.016980,27.421159,30.933203,26.160519,29.564675,23.767541,30.662455,27.928163,25.727718,26.432829,28.499086,30.580549,24.741286,23.801479,30.328084,25.286494,31.933630,28.202046,28.184373,28.806455,27.448198,29.364752,29.885872,30.003676,26.009808,27.965393,30.541357,28.235490,22.194870,27.892202,25.450246,27.900898,27.680742,23.244128,29.225101,22.390109,31.659852,27.885423,29.595055,28.291005,22.898102,31.673494,29.176990,21.621760,26.297865,22.462969,17.737343,27.409103,26.924459,21.730645,25.952599,26.540358,26.729602,19.533281,28.693216,29.781837,26.499403,25.309986,27.998559,19.609617,26.845674,19.452407,34.565228,25.753347,29.111448,29.300188,27.132455,28.454972,29.030945,0.000000,20.803679,34.411330,31.924667,25.775818,26.076766,25.893986,28.051101,26.197105,31.793144,26.669259,29.899653,25.847885,27.991849,27.461852,28.300470,25.161048,28.542074,22.685835,27.568271,27.054525,27.056808,26.792570,24.785141,28.864555,25.419131,25.885740,28.203843,26.640154,25.927962,25.642259,26.994441,26.843621,29.381221,18.433296,24.690985,28.269924,29.113099,28.303663,27.132351,30.461378,26.927072,30.198988,27.511125,25.702244,28.895000,28.105649,28.733363,26.304382,27.541856,26.703332,28.735898
WinMart+,27.960577,29.370656,26.822275,27.766018,28.425673,24.516457,27.153020,29.860405,26.022338,26.035925,24.589809,29.864052,24.498300,26.103602,26.176532,25.136470,29.724405,23.346341,20.362681,29.643422,25.983885,31.018434,27.839129,26.288859,26.487776,21.648970,26.399380,28.074147,29.666884,23.942565,25.538979,29.862886,28.216146,26.743069,27.906610,24.579345,25.464302,27.400865,22.210469,28.800003,22.640812,30.811528,25.482872,26.861331,27.973194,20.988012,30.870380,29.056134,26.235307,24.309346,19.836951,18.912512,27.192803,26.307106,22.296633,26.139257,25.821367,26.838668,22.958693,28.328827,29.554033,25.977748,22.759790,27.364242,21.534050,26.044102,20.596615,33.371536,25.139103,28.720655,29.185086,26.110980,28.390470,28.899069,17.889445,0.000000,33.308607,31.303399,25.056599,25.499772,22.678010,26.831005,24.888957,31.109141,26.761994,29.677875,23.886916,27.981749,26.902352,27.479761,24.284448,27.424751,17.339501,26.641467,27.124667,26.503385,26.221622,20.740769,27.005351,22.544540,25.116612,28.019567,26.158586,25.266984,25.048263,26.360967,26.417626,28.398679,19.757529,24.214730,27.871545,28.866142,27.815893,26.588136,29.001436,26.507089,28.790764,24.698130,25.208625,27.264462,27.815132,27.395672,26.143356,26.225321,26.525283,27.646566
WinMart+,35.274801,39.605217,32.616645,33.507457,36.227106,32.291166,37.484497,36.909462,32.510961,33.961996,33.735062,34.922405,32.640227,32.606038,33.874554,31.930274,35.607336,33.098600,27.755728,33.762099,36.509852,36.404593,30.345525,33.696420,30.159425,32.021880,32.835188,34.140208,35.452740,32.353627,28.100722,25.828457,29.097440,31.654467,29.621700,34.650320,32.768861,29.368191,30.036929,32.049984,35.769714,30.846087,30.382038,33.633178,20.890468,30.788958,30.983731,30.815698,31.274902,25.884489,35.628307,33.490522,18.032891,30.644494,34.038791,30.973738,28.988314,27.180023,32.166668,29.339561,36.068532,30.559282,35.496569,31.301957,33.048835,30.252530,32.407048,25.538852,32.421797,17.287069,29.335480,33.882851,33.316762,34.557171,34.332572,32.610852,0.000000,25.203551,27.342161,26.572522,35.942872,35.043933,36.774477,18.945446,19.775343,35.139601,34.568968,18.842880,30.773904,34.721688,32.214932,35.208558,34.228818,33.931883,19.970245,31.495679,31.334215,33.805248,31.444188,35.272689,29.125627,29.717986,28.871928,29.076036,32.799794,29.611555,29.806452,35.254817,30.528675,28.046849,34.414021,29.140879,31.125859,29.517019,35.144328,32.362462,34.900201,28.550278,28.806066,34.461407,30.289662,33.832970,28.193913,32.947388,28.578040,29.074730
Trường Cao đẳng Hà Nội,31.091323,32.467739,29.788653,30.511184,31.627624,29.416014,31.879533,32.234121,29.942941,29.967683,30.530178,30.308069,29.808984,29.917475,30.653927,29.083701,31.916062,30.390313,26.810015,30.030976,32.296246,29.533651,16.779107,30.930855,19.426702,29.823572,19.365503,31.291487,32.087000,30.098761,18.160975,26.125280,27.713230,20.178795,28.130837,31.424609,19.665987,16.000377,20.313193,29.367829,32.338144,17.966213,19.212521,31.027263,23.594207,29.151014,17.236766,28.784514,24.718032,19.400619,32.176917,30.976520,22.347874,24.541224,31.302113,29.352309,20.592148,26.378541,24.818956,16.886379,32.804758,26.084164,32.287324,25.242519,30.845689,24.844153,30.223786,24.303801,26.804352,22.948746,27.986581,25.781844,31.191383,31.901833,31.621378,30.624254,25.874946,0.000000,25.428187,22.321760,32.948641,32.344646,33.156788,24.367418,22.073847,32.422324,31.955622,22.072711,29.303521,26.424340,24.988148,32.434259,31.982408,25.761189,22.314946,28.504838,28.299546,31.661408,29.844206,32.564574,25.282524,28.072669,24.645427,25.134793,26.422053,25.549472,25.830379,27.531282,29.168540,23.570369,27.054369,27.375998,27.667230,26.591084,27.988463,28.759139,27.223326,25.206317,25.392033,25.856140,29.585792,26.100263,27.786649,25.569755,28.142635,25.824651
TK mark,28.400523,29.398106,27.439634,28.178841,28.655780,22.720669,20.764311,29.668879,26.926824,21.026593,25.929084,21.546316,19.248344,26.899740,27.146037,19.598907,29.612873,24.966313,17.434703,20.417344,27.125831,24.258127,21.859141,27.416500,19.754508,18.170083,19.735604,28.322971,29.555660,25.772180,19.808763,23.360113,28.414295,18.102066,28.166797,26.007389,16.457668,20.395699,17.693819,23.420444,27.573010,24.280197,18.864556,27.346475,23.201950,23.935705,24.644326,25.031855,16.590772,19.706758,27.366985,24.300230,22.630419,14.098727,26.564237,26.636401,17.621141,27.225524,20.748904,23.244883,29.487589,16.532516,23.616558,13.644456,25.210539,20.069291,24.489697,27.037702,14.843312,23.720926,24.862389,22.116573,28.514525,28.950483,25.328352,24.942388,27.357811,21.048552,0.000000,20.957622,25.042872,22.364413,27.549701,25.872634,24.430383,29.572057,22.910518,25.385124,28.465258,19.320876,16.109470,22.881331,24.568518,19.310367,24.695639,21.834820,21.433587,23.933175,27.335722,22.844334,18.294628,27.947795,22.444458,19.751183,19.381594,20.782233,18.446233,21.073830,24.064417,20.970995,21.734346,21.291095,23.453578,22.050335,23.721475,23.373396,21.137998,17.799110,21.587480,19.839459,27.821486,19.635950,26.272981,19.760359,26.627044,22.853530
Hội đồng nhân dân - Ủy ban nhân dân phườ,24.447172,24.577781,24.025913,24.965403,25.261912,24.199501,22.854196,26.081680,24.402168,24.110714,24.918320,24.509742,25.158799,24.565067,26.487412,22.426933,26.374826,19.068615,16.225355,23.309640,26.454778,27.288669,24.285767,26.578014,17.720024,16.814159,22.969187,26.369609,26.970435,25.473843,22.337116,25.933063,26.489570,16.169065,26.941001,25.664304,20.854476,22.676890,15.832618,25.497056,26.792057,27.194356,21.155405,26.307904,25.326818,24.248054,27.467946,27.459323,15.619759,21.972854,26.641762,24.467348,24.589464,17.091810,26.099746,25.473343,20.112523,23.937698,22.156915,26.880039,27.969042,17.723975,24.055373,18.727239,25.101282,19.461838,24.563119,30.319633,19.506498,25.822567,26.872987,23.274668,29.560087,27.482722,25.194089,24.922191,30.473423,25.379091,19.681464,0.000000,24.959403,23.282252,26.809097,28.371085,25.899046,29.025261,23.625321,27.130017,26.734017,22.078884,19.939629,23.584156,24.665492,21.610474,26.250054,19.353983,16.530975,24.238605,27.809041,23.496616,20.015954,28.087801,16.050509,19.610554,22.679868,20.568907,20.811843,24.813758,25.329484,16.829910,23.897568,20.926503,19.656624,21.724992,25.664747,18.202444,24.099552,21.185265,19.068654,22.392618,28.309254,22.334327,26.647545,21.877324,27.013329,22.360317
Trung tâm Công nghệ Phần mềm Thủy lợi,29.835745,31.569906,28.392771,29.566618,30.929751,26.363452,28.622001,32.222711,28.106307,27.889254,26.627833,31.664785,26.620238,27.850909,28.855275,26.668561,31.690735,25.626219,21.434977,31.258833,28.939119,32.726842,29.234823,30.012247,28.121586,23.216872,27.987564,29.601037,31.798649,27.582667,26.841552,31.399715,29.535182,22.546161,29.237569,24.455862,26.751726,28.695930,23.754842,30.034650,29.480650,32.452173,26.755471,28.237989,29.139740,23.838602,32.420747,30.353594,21.891818,25.302194,23.670263,22.755996,28.279804,27.624508,26.589919,27.231229,27.280293,27.938437,19.760154,29.561386,31.177324,27.025557,27.270282,28.912660,25.418055,27.816096,24.022059,35.160988,26.353524,29.865168,30.227488,28.094101,29.604102,30.322030,25.800887,19.875608,34.980673,32.442629,26.405219,26.598875,0.000000,29.412349,29.423051,32.389467,27.455326,31.089846,25.906926,28.878091,28.165832,29.620080,25.836147,29.957710,25.257936,28.527488,27.858874,27.779215,27.499748,24.642722,28.041025,25.433150,26.626333,29.276777,27.224797,26.601532,26.902148,27.788838,28.033273,30.872806,24.232704,25.062220,29.884417,30.395958,29.139943,27.844793,30.841795,27.468863,30.550503,26.001001,26.122017,29.173025,28.180098,28.965935,26.430202,27.659506,26.812301,28.934230
WinMart+,29.637738,31.140771,28.323154,29.367274,30.483739,26.180215,28.525139,31.670452,28.026787,27.540884,26.723223,31.286572,26.365122,27.805077,28.630681,23.974275,31.284579,25.501255,19.928026,24.583097,28.696283,32.293338,29.093706,29.507225,25.911214,23.390486,24.501737,29.414848,31.347730,26.978670,23.831140,31.089997,29.377173,25.139379,29.102069,27.088684,24.658680,23.930032,22.309984,29.860002,29.176108,32.052398,22.993258,28.164413,29.021383,24.012273,32.043603,30.150863,24.137922,23.435356,28.970398,24.507670,28.217650,23.713264,27.591857,27.224835,22.212831,27.893149,18.862266,29.410048,30.867843,23.997889,23.605158,25.022944,25.862244,21.615674,24.795187,34.569984,22.540180,29.707484,30.069937,20.182957,29.446792,30.097292,26.047980,25.549352,34.432886,26.665596,21.320745,23.126053,26.258808,0.000000,29.079862,32.074342,27.454530,30.814652,22.341816,28.794113,29.303807,22.960465,18.497820,22.330374,25.014335,12.367993,27.841131,24.626956,24.123255,24.038202,27.989585,22.406627,21.043576,29.045685,24.587911,22.254973,20.980868,23.885265,20.843652,18.091135,24.180239,22.356596,24.053470,23.646923,26.767911,24.776776,26.386669,25.339145,22.138019,19.170748,23.303123,20.901960,28.161649,23.001206,26.450711,22.726041,26.827323,24.854973
Không có tên,30.686867,32.946819,28.932845,30.406534,32.512668,29.274127,29.171574,33.904498,28.838158,31.948278,26.320924,32.817579,30.642830,27.842480,30.128916,30.475713,32.940225,30.804009,25.271597,32.224763,29.292115,33.928042,29.834267,30.957275,30.691356,29.576976,31.321262,31.765964,32.506261,27.163643,29.536306,32.325361,29.729670,27.738392,29.398384,31.146608,29.450752,29.156260,30.005576,30.628443,25.612508,33.553377,29.414816,31.351846,29.620633,24.880363,33.448581,30.626816,27.116551,27.498617,29.030370,24.778022,28.647981,29.650350,26.272966,27.190316,29.548878,27.964222,21.658684,30.069067,31.635946,28.804399,32.012669,30.933294,23.699419,30.251104,21.691422,36.566711,28.370018,30.396582,30.438432,30.694705,29.803404,30.633683,18.982250,24.191594,36.282576,33.166715,28.702520,28.513206,27.389081,32.155417,0.000000,33.219316,27.425738,31.474342,27.091348,28.951395,28.231060,31.962958,28.525606,32.501948,25.583997,30.907451,27.851859,29.633932,29.408376,26.214126,28.078716,26.628729,29.009641,29.591468,28.893113,28.753798,29.400457,29.835327,30.031187,32.892838,22.011265,26.690833,31.848641,31.852313,30.808472,29.679301,33.255569,28.956652,32.945139,28.008369,27.811668,32.074070,28.443577,31.484714,26.570178,30.284870,26.969204,31.066702
Cafe Dinh,31.009137,32.915917,29.541707,30.413524,31.818444,29.092153,32.313490,32.562307,29.752515,29.770764,30.449323,30.288281,29.595059,29.865522,30.616098,28.691590,32.103843,30.284527,26.305329,29.968954,32.583047,29.230304,27.588377,30.923196,27.872524,29.616863,29.510734,31.485353,32.275208,29.939917,25.946233,24.189216,27.308414,29.038559,27.805183,31.500883,29.687943,26.926206,28.009575,29.194002,32.585185,26.444643,28.020422,31.175419,20.483282,28.865581,26.944776,28.471073,29.112688,24.247349,32.379290,30.980192,18.180684,28.623688,31.454701,29.280400,27.384911,25.872841,30.381872,26.730618,33.203375,28.549646,32.485495,29.200502,30.877046,28.371627,30.097416,23.500925,29.863518,14.384302,25.339411,31.652850,31.347981,32.177974,31.691875,30.533927,18.632001,24.310937,26.046694,27.634589,33.194914,32.492364,33.495935,0.000000,17.702868,32.762616,32.059043,15.455289,29.244614,32.363930,30.540686,32.600881,32.057270,31.747326,17.704844,30.061330,25.737978,31.690739,25.919784,32.733539,27.646080,26.124152,27.703527,27.542164,30.829340,27.977351,28.175413,32.762057,29.045427,27.037222,32.194058,27.680866,29.645514,27.985132,32.939530,30.558356,32.752868,27.252897,27.867149,32.319579,26.933814,31.916421,25.431071,31.229046,25.806703,27.743871
Trường Trung học cơ sở Yên Mỹ,30.556253,31.374673,27.615808,26.379451,30.838271,29.235085,30.337683,26.706849,29.648899,29.594621,30.076699,30.588313,29.520611,25.241200,30.166638,30.061754,26.471467,29.992451,27.248753,30.337700,31.398076,29.483555,28.547395,30.419063,28.742001,29.561325,30.091554,26.107341,27.068595,29.778408,27.440616,29.437210,24.754162,29.584360,25.420112,30.779353,30.066225,28.015630,28.785974,27.413657,31.526877,30.871264,29.043532,26.042487,27.820267,29.036661,30.916074,25.861919,29.640637,28.826454,31.363860,30.507149,17.691784,29.257893,30.824680,25.067534,28.259616,20.925589,30.150736,28.628435,28.566215,29.177835,31.489717,29.660893,30.478107,28.963556,27.174587,32.999140,30.098023,17.397876,25.097218,29.368059,28.537038,27.703976,30.991723,30.231705,18.445975,31.233798,29.255173,28.369849,32.077953,31.598740,32.161705,17.490809,0.000000,27.677931,31.283588,13.342364,24.900513,31.549215,28.740391,31.670420,31.353885,31.123673,11.858814,29.075517,28.173556,31.088782,25.949396,31.793010,28.908436,26.660974,27.060039,28.818283,29.522673,29.198451,29.347552,31.817309,29.131670,27.424225,31.455612,28.867956,29.704746,29.146131,31.509111,29.500709,31.083290,29.319589,28.183685,31.581549,27.049197,30.158332,25.389257,29.540585,25.792929,29.699082
WinMart+,38.194809,41.708647,33.694693,28.864144,31.869395,29.241318,41.872445,30.766070,29.206109,36.991797,29.840744,40.927989,30.190141,26.471787,30.159014,37.150926,30.533862,30.328167,26.222309,39.094892,32.380512,37.807346,35.266675,31.101347,33.903094,29.461084,37.278435,25.984563,30.436690,29.861767,32.407910,37.030104,31.879171,35.367739,32.769284,29.342253,36.811790,33.478855,29.726070,33.270398,29.205751,39.350802,34.372654,23.805013,32.884448,28.546512,38.791986,37.196416,34.795089,33.330908,29.987261,27.887998,31.709316,33.990180,27.971844,16.412949,28.772888,27.153968,25.938742,33.603564,28.116973,33.758684,30.751330,34.397428,28.737762,32.916204,28.018714,42.113792,35.486873,32.872427,26.215572,30.175443,23.808310,22.442590,29.485786,28.485659,41.228713,36.525400,33.008172,31.660206,31.739908,30.969110,31.443529,37.371540,27.678636,0.000000,30.482322,30.437140,14.797024,30.916472,29.018465,31.108108,30.603167,30.297638,28.380027,32.457896,31.280917,30.197858,15.137007,31.308327,29.137966,23.148231,29.456756,32.219145,29.361330,32.833677,32.945247,31.361456,27.061738,29.680329,30.829179,30.898541,33.332394,32.468539,31.722782,32.413308,31.537496,32.430628,30.693272,31.003677,26.029073,30.664472,24.120920,29.936552,24.587376,32.830574
Coffee Cây,30.210096,31.713252,28.877657,29.932878,31.161477,26.946939,29.030809,32.235805,28.746393,28.208788,27.528417,31.746617,27.215794,28.447226,29.497255,27.100776,31.766255,26.487657,22.466931,31.370053,29.636300,32.680271,29.543838,30.567794,26.968952,24.265322,28.226389,29.893306,31.863550,28.274718,27.179185,31.489072,29.793828,26.464279,29.530096,28.114043,25.752626,29.026882,24.476075,30.225710,30.009099,32.433478,24.195010,28.654439,29.404126,25.439140,32.402193,30.527563,25.750197,24.496141,23.500901,22.891731,28.606069,25.754014,25.638805,27.644302,25.037539,28.291288,20.786766,29.793370,31.295065,25.481099,25.535411,27.069239,24.545719,25.311096,23.819524,34.876229,24.517446,30.056556,30.373894,25.255499,29.823051,30.502171,24.803522,23.854578,34.733788,32.429977,24.129183,24.880343,23.173206,25.961653,28.888794,32.378031,27.725997,31.186046,0.000000,29.092860,29.621974,27.201072,22.898628,27.069769,22.993271,26.088028,28.112329,26.190489,25.830391,20.513471,28.360311,18.491352,24.208103,29.389723,25.847075,24.582353,19.976166,25.938249,22.773580,22.724913,18.970120,23.664846,23.534744,26.312540,27.836282,26.291755,27.382824,26.305843,27.195442,21.504384,24.663888,24.832025,28.338602,25.609571,26.616945,24.211351,26.987849,26.340985
Trường Mầm non Tứ Hiệp (điểm Đồng Trì),32.925340,34.346795,29.552549,27.896545,33.288485,31.296526,33.238783,28.580012,31.531764,31.981673,32.158917,33.332062,31.533757,26.541575,32.260327,32.371106,28.352823,31.898278,28.479494,32.795967,33.680913,31.829882,30.551511,32.327791,30.612528,31.269402,32.458956,27.883223,29.281399,31.494323,29.279426,31.652426,26.804419,31.612057,27.525894,32.810404,32.315203,29.934849,30.485509,29.246663,33.537235,33.386037,30.960083,27.737691,17.172633,30.511492,33.309597,28.562442,31.341940,30.464104,33.456372,32.233534,16.155549,30.902846,32.552646,26.512716,29.674621,22.006897,31.524082,30.487183,30.721102,30.845871,33.496484,31.363239,32.024038,30.563132,28.658357,17.773756,32.075625,15.531296,27.672557,30.894336,30.976495,29.924620,32.805024,31.776401,16.820251,19.663283,30.698421,29.697856,33.985189,33.407878,34.286331,14.931719,13.384700,30.114929,33.089305,0.000000,26.427626,33.266212,29.952007,33.505872,32.954950,32.767473,12.763616,30.522104,29.545567,32.660786,27.751695,33.592484,30.335189,29.378563,28.215248,30.281520,30.963448,30.726943,30.867532,33.602819,30.342335,23.017005,33.111404,30.261418,31.237204,30.588776,33.126612,25.197796,32.726066,30.702355,29.293951,33.201819,27.833178,31.666397,25.950017,30.871646,26.370604,31.090841
Trường Mầm non Lĩnh Nam (cơ sở 2),31.275689,32.531864,27.880005,24.206931,26.443914,25.339211,31.565018,24.692394,25.384682,30.221151,25.173281,31.626326,25.711533,22.518336,25.861273,30.652112,24.037080,25.935270,23.436944,31.151956,27.240783,30.212116,29.013472,26.744744,28.944874,25.534769,30.676615,20.708455,23.495600,25.904626,27.499212,30.020564,24.603277,29.893816,25.397770,27.360167,30.526454,28.143429,26.115596,27.570098,27.189004,31.592942,29.219368,19.231362,27.985771,25.202582,31.547746,26.038596,29.796873,28.854182,27.229229,26.415183,27.239062,29.321825,25.829689,15.128951,25.638162,20.755759,23.433021,28.692480,20.112227,29.203350,28.484054,29.726688,26.637349,28.174242,26.630986,33.909166,30.300593,28.156681,20.567188,28.323300,17.231603,16.465559,27.118688,26.486862,33.719534,31.430511,29.121822,28.135568,29.369050,28.813575,28.273372,31.512357,24.203433,14.305651,28.423508,25.812321,0.000000,28.844629,27.474616,28.908475,26.705755,28.415104,24.570420,28.867763,27.888137,26.799216,13.143275,29.104593,27.565173,16.115485,26.622838,28.589120,27.706633,29.007362,28.069999,29.154302,25.376054,26.961242,28.835216,29.038875,29.516736,28.886845,29.607161,29.183778,29.479977,26.978491,27.760368,29.002765,23.844079,28.832481,22.482892,28.262574,22.889119,28.703577
Chợ Nhân Chính,29.723329,31.014450,28.519400,29.457257,30.417144,26.683754,28.682655,31.447748,28.307770,25.783495,27.191688,25.959248,26.886893,28.072142,28.852069,23.668483,31.142541,26.219100,19.730217,25.172866,28.939448,32.064201,25.532809,29.616600,25.402283,20.522811,25.153787,29.474036,31.195415,27.640183,24.370506,30.985661,29.430906,24.617000,29.178429,27.609263,23.894475,24.406560,21.873870,29.868862,29.318864,31.856346,23.531555,28.337124,29.098567,25.244510,31.853428,30.936450,23.641253,23.935184,29.146674,25.424270,28.351783,23.120384,27.944738,27.426527,21.608898,28.044467,21.318790,27.492619,30.780829,22.964906,25.249447,24.136237,26.592888,20.862877,25.429705,34.143351,24.081059,29.722990,29.844037,23.776211,29.480142,30.079828,26.738935,26.420815,34.040168,26.274554,19.415758,21.952847,27.334699,23.622124,29.213320,31.914502,28.252432,30.735619,24.354144,29.694110,29.327989,0.000000,15.475625,22.759190,26.026985,19.352257,28.672702,23.380675,22.836650,22.667705,28.123992,22.132195,17.405936,28.988743,23.688438,20.681968,18.124435,22.255078,17.739248,23.047896,23.977609,21.614831,23.041531,23.855334,25.643123,23.589927,26.267867,24.619523,20.785331,18.521096,22.451733,19.524763,28.222617,22.135799,26.557388,21.930621,26.922507,23.888029
Cục Sở hữu Trí tuệ,26.907542,27.705317,26.174351,26.740628,26.901183,24.320894,23.370980,27.901306,25.465029,24.153864,24.554994,24.513343,24.283838,25.631007,25.452390,23.105005,28.017114,23.601854,19.148011,23.758555,25.333120,26.391442,24.340390,25.401838,22.909120,19.663597,23.440537,27.084340,27.888129,23.971714,23.005060,25.490769,28.308895,22.197493,27.046053,24.386933,22.348435,23.177474,20.224791,27.161612,25.807236,26.298188,22.276712,26.236485,25.092039,22.498121,26.523544,29.248794,20.014748,22.760029,25.619197,23.013459,24.539806,20.886526,25.136220,25.720635,19.735792,26.279197,19.838580,26.143101,28.128199,21.318815,22.013888,21.014520,23.771959,18.946833,23.394881,28.483147,22.089685,25.467490,28.492870,20.534094,27.442394,27.730490,23.829989,23.388218,28.670398,25.038246,18.316045,20.436759,23.047122,26.060740,25.889852,27.360846,27.310745,28.328424,23.926806,28.397040,27.494574,15.918890,0.000000,24.483805,23.036875,16.892119,27.602066,20.835377,20.451433,24.499130,26.419326,24.703353,13.824311,26.812767,21.643703,15.521072,17.871847,19.655436,15.005602,23.859100,25.064928,20.380948,21.993296,18.489364,22.375077,21.075907,24.628393,22.652710,20.082537,15.716571,20.887652,19.442192,27.312867,18.062259,25.889058,18.437141,26.231139,20.543961
WinMart+,30.810320,32.603588,29.300176,30.525179,32.165278,27.236836,29.449366,33.284163,29.318021,28.667571,27.954422,32.496975,27.602515,28.906561,30.365839,27.358090,32.578589,26.813131,22.243449,32.019167,30.636111,33.452050,29.985621,32.006333,26.352953,24.220542,28.635679,30.402660,32.749120,29.252868,27.423526,32.109993,30.224625,25.781662,29.944202,28.816321,25.217021,29.384871,23.665405,30.656146,30.986047,33.155387,27.305349,29.023959,29.761845,25.653182,33.084696,30.991771,25.024492,24.035055,30.752117,25.280884,28.891190,24.887159,28.981155,27.891002,24.013287,28.570964,19.759868,30.156469,31.944410,24.816726,25.903761,26.060413,26.347559,24.094820,27.551582,35.765863,23.781236,30.442335,30.742564,23.773377,30.225285,31.027619,26.521976,24.548770,35.582127,32.921702,23.167983,24.166308,26.301538,23.646715,33.181791,32.937113,27.866274,31.744776,20.950760,29.321908,29.974478,21.815638,21.669330,0.000000,24.026104,20.967733,28.280511,25.472371,25.094614,22.223642,28.629336,21.125787,24.474599,29.870221,25.274421,27.178469,18.889743,25.084299,22.945359,25.613842,25.007123,23.154888,24.234296,27.598250,27.147394,25.328361,27.577375,25.824555,24.616929,21.318935,24.092513,24.107848,28.446490,25.298143,26.664257,23.611766,27.046037,26.270880
Kho bạc Nhà nước Đống Đa,28.439114,29.709666,27.347455,28.237996,28.925171,25.401966,27.609186,30.149076,26.780997,26.707652,25.553584,30.108649,25.489205,26.757732,27.059234,25.818797,30.012731,24.616329,21.427866,29.885843,27.007778,31.147666,28.206938,27.405243,27.267035,22.870955,26.927144,28.448667,29.974149,25.599289,26.074677,30.073779,28.529343,26.853740,28.254013,22.318212,26.121598,27.782668,25.179742,29.051731,20.977682,30.954813,26.022273,27.311127,28.270547,23.087151,30.997028,29.302489,26.291381,24.935162,22.865605,22.264030,27.535683,26.379864,20.427896,26.547869,25.843514,27.203183,22.576419,28.609110,29.806345,25.999815,24.968013,27.588785,23.863356,26.131661,19.376059,33.320414,25.116750,28.962489,29.370566,26.216795,28.660203,29.174692,16.835382,15.328555,33.256978,31.378852,24.995356,25.493366,21.277328,27.129955,24.124124,31.198791,27.010865,29.880937,23.414731,28.207145,25.799555,27.835541,24.117681,27.851288,0.000000,26.822131,27.367744,26.611008,26.297898,19.181312,27.331858,21.909605,25.078594,28.207220,26.213931,25.249513,24.998187,26.467383,26.525258,28.926327,16.926186,24.143451,28.209154,29.213817,28.056100,26.696069,29.450449,26.579236,29.193577,24.637161,25.182286,27.502935,27.834640,27.605708,26.208612,26.301566,26.579102,27.832814
Tịnh Cafe,30.279456,31.682889,29.003501,30.009220,31.164981,27.207714,29.132768,32.167405,28.911592,28.385537,27.779183,31.714149,27.489399,28.602142,29.629457,27.307058,31.740068,26.852223,19.734095,24.504301,29.774658,32.603969,29.614859,30.632486,24.497604,24.698566,24.416272,29.953259,31.826842,28.588603,23.844237,31.470024,29.848390,23.768746,29.596048,28.377324,23.299831,23.918878,21.471686,30.263506,30.103093,32.374838,23.084190,28.765844,29.464842,26.018881,32.349332,30.554219,22.929398,23.470505,29.925268,24.429675,28.695307,22.391509,28.587983,27.767995,21.150749,28.386681,21.913989,29.842259,31.288047,22.393564,26.261425,22.961813,25.576106,20.531815,27.430461,34.715492,23.298058,30.089463,30.395574,22.602212,29.867727,30.529661,25.738642,24.344866,34.590237,25.685773,19.505157,21.540084,25.709266,25.392020,31.957785,32.331758,27.810116,31.179837,21.224182,29.147896,29.663234,19.784695,16.827073,22.086425,23.872578,0.000000,28.190722,22.603422,22.187415,22.272053,28.450344,21.425532,17.772973,29.388498,23.062003,19.710555,18.502013,21.633443,18.021025,22.623810,23.959505,21.394465,23.214081,23.960674,24.332993,22.811485,26.346857,23.944113,20.967401,18.668485,22.057146,22.882491,28.383611,22.263416,26.679231,22.020448,27.044419,23.965888
Trường Mầm non Yên Mỹ,31.529635,32.561737,28.425757,27.026527,31.835365,30.083297,31.504277,27.458674,30.444191,30.567925,30.953240,31.701334,30.356373,25.762823,31.025474,31.018243,27.249774,30.798422,27.758728,31.346279,32.377205,30.442430,29.366292,31.214398,29.518670,30.308095,31.063877,26.817917,27.974022,30.526455,28.192574,30.348230,25.551670,30.432649,26.245446,31.647922,31.006143,28.817836,29.511510,28.159243,32.417034,31.951434,29.842676,26.728104,28.492805,29.691781,31.948337,26.910132,30.351967,29.549530,32.252798,31.277255,17.811868,29.973951,31.552802,25.651238,28.891166,21.334510,30.765290,29.400246,29.449105,29.914357,32.333777,30.415835,31.147171,29.628356,27.785290,34.185820,30.923579,17.519600,26.090127,30.007597,29.525298,28.604470,31.789854,30.927547,18.700241,32.061640,29.904897,28.967115,32.888616,32.375558,33.056394,17.664404,12.168222,28.659129,32.048125,12.998074,25.521621,32.293227,29.261865,32.440672,32.071421,31.821707,0.000000,29.679798,28.750491,31.795585,26.678368,32.553800,29.513813,27.742379,27.541351,29.432446,30.128502,29.836545,29.981738,32.573475,29.649812,27.893016,32.155983,29.449868,30.349459,29.752911,32.192619,30.055913,31.781905,29.904474,28.690963,32.268783,27.384567,30.797237,25.624450,30.123516,26.039211,30.290983
WinMart+,29.782665,26.288324,28.669322,29.521470,30.455676,25.970754,24.461281,31.382273,28.513225,26.247843,27.546688,26.367592,27.296902,28.272807,29.059794,24.654544,31.027302,26.751005,20.860948,25.470514,29.121953,28.519048,25.806665,29.730400,26.077568,21.613327,25.682779,29.509689,31.063916,28.090639,24.559295,27.187189,30.444349,25.473784,30.816039,27.986536,23.970465,24.520806,23.270680,28.920751,29.427971,28.394947,23.513112,28.464801,26.436599,26.071038,28.572068,31.873328,20.441853,23.982840,29.283476,26.075760,25.711704,24.485091,28.207978,27.578681,23.522477,27.156851,22.895451,27.945848,30.694900,22.795137,26.292521,25.611368,27.106390,23.496987,25.988813,31.206975,24.463416,26.836909,30.501235,25.538073,29.482929,30.047356,27.230737,27.025723,31.315770,26.587516,18.141640,21.415105,27.994867,24.983944,29.363392,29.194184,28.594517,30.645708,25.582646,30.234385,29.322890,23.639155,19.160036,25.523339,26.711593,22.353842,29.064750,0.000000,21.762599,26.025431,30.884815,25.124205,19.337032,31.525065,23.167594,18.576718,24.194615,20.460966,20.953873,27.667559,27.181945,20.899285,26.226290,21.176394,25.532578,22.754073,28.979480,24.396214,26.821637,21.512107,21.702488,23.324648,29.919272,23.455603,27.996637,22.492159,28.362623,23.330697
5050 Rooftop Cafe & Pub,23.633962,23.704219,28.155510,28.873732,29.557015,23.306595,22.255930,30.424272,27.901720,23.115901,27.036405,23.416860,26.815043,27.735485,28.269685,21.821493,30.204637,26.302858,16.813225,22.427200,28.264427,25.812055,23.396657,28.682194,18.173083,17.321311,22.153818,28.917909,30.196875,27.289044,21.790837,24.806454,29.763495,17.036233,30.113002,27.303306,20.531423,22.095603,23.332773,24.614484,28.571586,25.787963,20.834006,27.996738,24.434918,25.645606,26.072439,30.968780,16.936765,21.468213,28.449533,25.712381,23.829963,24.311876,27.582164,27.224698,23.534234,26.846649,23.024886,25.979509,29.986707,18.434210,25.749224,25.140857,26.564141,23.520230,25.709957,28.517088,19.620833,24.898102,29.861626,25.050461,28.984105,29.441783,26.677002,26.455009,28.777755,24.379209,20.011697,16.204085,27.047578,24.698648,28.574735,27.058313,28.250371,30.001517,25.179613,29.727891,28.871080,23.623085,20.287312,25.137173,26.180173,22.652091,28.670231,19.959101,0.000000,25.617130,30.293121,24.855827,20.471540,30.693974,17.442166,19.981240,24.066316,21.557225,21.712610,26.832506,26.685306,17.481606,25.666058,21.738402,24.949263,22.985036,27.908962,19.211811,26.092905,21.905447,22.044960,23.375908,29.655251,23.490094,27.843603,22.689090,28.192961,23.382032
Thuế cơ sở 4 thành phố Hà Nội,28.514218,29.775513,27.420207,28.317684,29.014176,25.519969,27.678372,30.216701,26.894195,26.803935,25.678430,30.162256,25.619744,26.851118,27.189876,25.910184,30.076337,24.775490,21.550385,29.940259,27.150502,31.190606,28.266955,27.558928,27.358865,23.016837,27.006663,28.514765,30.043873,25.798608,26.149501,30.123054,28.590027,26.951468,28.314799,23.824855,26.202440,27.841192,25.300141,29.101293,27.693342,30.999226,26.103178,27.383270,28.325659,23.312268,31.041472,29.352396,26.397697,25.007991,23.120855,22.539859,27.585125,26.497665,25.334183,26.613414,25.989612,27.257849,22.187017,28.656415,29.861917,26.100864,25.211720,27.718018,24.133307,26.296501,23.515735,33.345704,25.230118,29.006652,29.409041,26.404425,28.715200,29.224281,24.395777,21.726928,33.287764,31.406667,25.135990,25.600175,22.094984,27.368754,27.325340,31.231979,27.055480,29.930611,19.726771,28.248970,27.510591,28.012552,24.291946,23.864046,20.768354,23.438408,27.406980,26.719094,26.406507,0.000000,27.386926,17.916818,24.416883,28.248515,26.305880,26.424903,20.634166,26.593145,23.267889,23.695555,16.121365,24.224550,24.211908,26.718450,28.153753,25.080092,28.128253,26.659967,27.894900,21.876107,25.272473,25.593577,27.862527,26.180460,26.236334,24.755963,26.601316,26.774038
Trường Trung học cơ sở Lĩnh Nam,36.029943,38.401889,32.281091,27.174013,29.512025,33.742115,38.110913,28.222577,27.785390,34.946470,28.020355,37.653384,28.412751,25.333442,28.453754,35.185084,27.849572,28.577925,25.434682,36.491029,30.127085,35.442077,33.566429,29.296719,32.645036,27.974465,35.242869,24.539829,27.557950,28.330495,31.295602,34.924612,30.327383,33.850634,31.047400,27.788619,34.931321,32.160849,28.338450,31.906150,27.613954,36.774052,33.020702,23.040057,31.750748,27.355340,36.441683,33.529785,33.455788,32.233199,28.361854,26.747087,30.778105,32.798757,26.742446,18.329713,27.637906,27.075525,25.226579,32.366573,25.209205,32.604615,29.086066,33.164125,27.547208,31.934724,28.082618,39.160920,34.008602,31.770148,23.787926,28.867448,25.392069,22.089683,28.085720,27.370058,38.597965,35.024308,32.058227,30.877028,30.063895,29.442432,29.637767,35.587215,26.280648,20.153855,29.018163,28.455262,13.819910,29.468435,27.937167,29.559819,29.231935,28.986283,26.812851,31.582207,30.525618,28.888654,0.000000,29.771594,28.055230,19.805130,28.926614,31.353821,28.215500,31.884237,31.999389,29.832302,26.212611,29.149720,29.462635,31.211042,32.352322,31.600407,30.296485,31.610857,30.151189,31.599315,30.064769,29.646649,25.194967,32.705988,23.526640,28.818169,23.959384,31.963257
WinMart+,30.972291,32.571905,29.569468,30.694101,32.162565,27.781907,29.677034,33.153719,29.648931,29.021238,28.466671,32.460838,28.165649,29.232138,30.612710,27.786235,32.532383,27.557233,23.111480,32.018249,30.872569,33.338501,30.142909,32.028136,27.108469,25.106389,28.928394,30.543364,32.681113,29.822344,27.778631,32.104330,30.359955,26.650096,30.102161,29.335156,25.933498,29.576852,24.832876,30.746609,31.144322,33.065565,27.666654,29.266547,29.908785,26.876640,33.006248,31.065558,25.999462,24.690049,24.607610,24.094720,29.088892,26.048356,26.445152,28.155009,25.439488,28.785487,22.301041,30.280825,31.950759,25.719445,27.453792,27.295113,25.730272,25.793237,24.604734,35.483849,24.872502,30.539011,30.811168,25.802566,30.339020,31.096324,25.955052,23.892139,35.328100,32.871848,24.566309,25.170501,26.207089,26.610942,28.489799,32.876132,28.047841,31.757387,18.925229,29.452253,30.070695,27.522891,23.544876,25.191147,23.149971,24.101602,28.450936,26.440202,26.109824,18.628676,28.827616,0.000000,25.163484,29.902243,26.071345,27.524984,20.384911,26.253157,23.730155,25.003550,22.542133,23.917234,25.240607,27.922202,27.977199,25.712879,29.792632,26.485738,29.400191,21.993071,28.090985,26.649711,28.555054,27.068311,26.795429,25.258066,27.165995,27.558255
WinMart+,30.115204,31.214902,29.015206,29.847279,30.704923,27.534022,29.109178,31.551855,28.923096,25.714850,28.011276,25.864897,27.772483,28.653779,29.460883,24.549793,31.284716,27.299179,19.419610,25.153620,29.579121,27.651148,25.485513,30.181623,23.929661,20.077121,25.130625,29.797748,31.332957,28.680948,24.433644,26.632217,29.726819,23.178574,29.502672,28.503501,24.023038,24.456164,20.932333,30.091647,29.840884,27.583279,23.666534,28.779685,26.072925,26.781906,27.761114,30.495060,22.351594,24.030483,26.923723,26.685347,25.471010,21.734683,28.647011,27.871812,20.476843,28.423998,23.865030,27.331470,30.942147,23.263432,27.075511,22.124590,27.701270,19.739161,26.409501,29.909160,24.204484,26.423627,29.533862,21.700997,29.731279,30.291811,27.814300,24.538704,30.040993,26.178270,20.571629,22.420915,28.768540,26.605795,27.222884,28.402671,28.088515,30.869108,23.911611,29.449310,29.538415,15.813269,16.282705,24.646331,24.178929,16.971646,28.480503,23.185017,22.748246,24.577964,28.476533,24.936323,0.000000,29.132373,23.504956,18.524903,17.456705,22.285322,14.684935,23.764330,25.170555,21.705890,23.235338,18.860105,24.999244,18.927089,26.759602,24.346427,20.787127,15.311351,22.441647,19.352813,28.408236,18.146773,26.787918,18.574053,27.136341,21.168773
WinMart+,35.183355,38.119549,31.337258,26.467937,28.954895,26.808462,37.838362,27.938271,26.718891,34.035297,27.181393,37.057243,27.466008,24.317356,27.430259,34.022242,27.525889,27.499600,23.978386,35.428113,29.091516,34.294147,32.160040,28.079835,31.110059,26.671287,34.033831,23.907944,27.256602,26.957544,29.818464,33.510107,29.555723,32.221024,30.187164,26.455837,33.395603,30.593936,26.760183,30.305934,26.258250,35.351456,31.257992,22.178955,29.809819,25.688919,34.830705,33.522323,31.423133,30.225899,26.843406,25.075485,28.673222,30.714526,25.078776,16.827697,25.761889,26.127965,23.366607,30.425693,25.155238,30.451989,27.384563,30.968645,25.634061,29.753300,29.024984,37.364597,31.980679,29.523578,22.550141,26.878709,25.571185,21.869496,26.205002,25.377809,36.583244,32.616218,29.621289,28.467917,28.063950,27.419302,27.787231,33.180044,24.406296,20.217297,26.990371,27.086423,15.508626,27.324632,25.673706,27.490686,27.018932,26.807076,25.029872,29.132174,28.101057,26.658591,16.856763,27.611312,25.797029,0.000000,26.481455,28.855261,25.988339,29.359497,29.429559,27.626070,23.928799,26.566377,27.176359,28.628202,29.750537,28.973661,27.919496,28.917856,27.770094,28.911308,27.348136,27.253520,22.992970,26.982962,21.193848,26.337888,21.636097,29.199853
Cửa Hàng Tiện Lợi BV Mart,24.341714,24.508153,23.969585,28.627690,29.200050,24.150257,23.031343,29.992300,27.722086,24.099999,26.942284,24.332670,24.902075,27.579354,28.029115,22.823331,29.833608,26.283155,17.771469,23.438881,28.007416,26.512209,24.165361,28.346368,19.340019,18.302895,23.286711,28.683690,29.809831,27.128697,22.775431,25.479194,29.461703,18.338664,29.788638,27.165704,21.832102,22.950978,18.088601,25.180765,28.287343,26.466888,21.864550,27.837034,25.029027,25.711760,25.463552,30.537705,18.665202,22.397087,28.182499,25.756186,24.418391,19.239995,27.422862,27.123485,23.956041,26.779104,23.458199,26.783001,29.663586,20.270381,25.810124,25.314744,26.506842,24.009827,25.748310,28.841394,21.410443,25.453317,29.567880,25.252548,28.764818,29.171293,26.608645,26.409281,29.085189,25.014971,21.436691,15.954998,26.905923,24.923838,28.314192,27.832621,28.114319,29.703197,25.325916,29.489584,28.670047,24.169692,21.357356,25.294805,26.174501,23.266743,28.511741,22.254062,16.800117,25.684727,30.002650,25.030524,21.554126,30.263035,0.000000,21.204945,24.410473,22.639614,22.614912,26.730884,26.618192,16.135321,25.745194,22.482086,21.466456,17.950361,27.649388,18.693345,26.078885,22.498260,19.573109,23.743138,29.514312,23.896701,27.776692,23.146712,28.114582,23.754953
Đảng uỷ - HĐND - UBND phường Thanh Xuân,28.026722,24.945643,27.131234,27.818791,28.354290,24.596539,23.375300,29.332496,26.685240,24.613331,25.753821,24.822972,25.505454,26.628947,26.903794,23.251941,29.220563,24.859317,19.824567,23.923105,26.797740,27.024212,24.564759,27.086349,24.187003,20.464669,23.824252,27.998685,29.169128,25.542541,23.192564,25.912401,29.113990,23.505043,29.491513,25.799173,22.305439,23.323037,21.436893,27.754000,27.202506,26.962546,22.236589,27.085343,25.388715,23.873076,27.196367,30.308057,18.986064,22.768960,27.074944,24.204749,24.743962,22.242996,26.294057,26.433972,21.156147,26.221553,21.018509,26.789486,29.102457,20.765935,23.678346,22.711381,25.034937,20.673798,24.511256,29.641303,22.027065,25.807346,29.271493,22.406183,28.223393,28.612098,25.158321,24.790363,29.840168,25.448763,15.723703,19.470513,24.920561,22.544684,27.307878,28.001872,27.749906,29.216823,23.047828,29.220437,28.199180,20.147666,17.211114,25.458838,24.459891,19.953208,28.163978,20.092523,19.492724,23.891392,29.808209,25.577214,16.766720,30.236080,21.440798,0.000000,21.653879,17.851161,17.922569,25.060323,25.540926,19.894095,23.624444,18.829264,22.410595,12.666942,26.354881,22.820481,23.963941,19.679567,20.360899,21.487637,29.369265,21.207782,27.575917,20.689222,27.930390,21.482003
Starbucks,30.906065,32.261102,29.652462,30.630429,31.849555,28.118188,29.722259,32.712099,29.724613,29.171381,28.723802,32.178765,28.474125,29.346585,30.536752,26.095050,32.229343,28.001272,23.905782,26.746215,30.739737,32.972712,30.127928,31.630573,23.476122,25.816460,26.929653,30.483558,32.339459,29.898945,25.993346,31.886310,30.323032,22.771541,30.093630,29.485536,25.894812,25.820641,20.747693,30.675994,30.967003,32.746344,25.217847,29.343063,29.911807,27.585719,32.704131,30.967092,23.818173,25.468051,27.587120,27.337180,29.159866,21.430902,29.486823,28.292445,20.315353,28.872965,24.121070,30.262622,31.739736,25.624939,28.186101,21.713621,28.559726,19.705139,26.906164,34.933578,26.628243,30.486358,30.477917,21.351505,30.292038,30.976163,28.685376,27.647405,34.823231,27.310273,23.803394,24.952975,30.452915,27.681696,30.038166,32.626016,28.840475,31.581236,24.290191,30.273968,30.029699,16.947716,16.807834,25.611023,27.322676,21.852943,29.255609,26.041446,25.615554,25.122079,28.905013,25.845237,16.407714,29.777339,25.678340,23.491945,0.000000,25.702410,16.285973,24.504496,25.730742,23.324105,22.242316,23.861116,27.936839,22.236404,27.816284,26.210627,18.840097,16.769496,26.455121,17.555838,28.600444,21.379205,26.897600,21.214900,27.257018,23.906481
WinMart+,28.362530,25.206541,27.471976,28.148214,28.705563,24.880770,23.692344,29.609709,27.104852,24.937011,26.229618,25.112136,26.003761,27.008018,27.362799,23.654183,29.476870,25.430601,20.529329,24.290866,27.295871,27.150224,24.819751,27.618450,24.814462,21.170352,24.235669,28.276641,29.442372,26.198011,23.589121,26.083382,29.122346,24.222325,29.483078,26.353398,22.870623,23.668819,22.339513,27.818458,27.649736,27.089055,22.700463,27.385561,25.559473,24.618173,27.300410,30.254897,19.960420,23.159497,27.533718,24.825953,24.936847,23.189991,26.751953,26.703403,22.300082,26.329991,21.993571,28.959071,29.335845,21.662548,24.553323,23.793806,25.627777,22.071830,24.995555,29.622107,22.798213,25.955750,29.268765,23.601748,28.444043,28.844464,25.746026,25.451078,29.815410,27.633845,18.200047,16.440902,25.756177,23.515009,27.721776,28.055304,27.803366,29.421294,23.984578,29.223706,28.390207,21.882974,18.921285,23.964637,25.160021,21.317320,28.206358,16.481309,15.324417,24.619544,29.783105,23.818453,19.047510,30.128897,20.154985,18.496139,22.787476,0.000000,20.141900,25.597765,25.852363,18.658363,24.409364,14.820515,20.720544,12.302514,26.683214,22.367400,24.725064,20.880468,18.895238,22.390252,29.366533,22.318659,27.606537,21.704012,27.955521,22.396120
WinMart+,30.864212,32.072242,29.698246,30.591880,31.659001,28.312061,24.253678,32.443425,29.760653,25.604514,28.861344,25.735638,28.639999,29.404744,30.477576,24.350741,32.040478,28.234673,19.580618,24.986722,30.652210,27.610452,25.357625,31.408242,23.478285,26.229753,24.982122,30.446531,32.128426,29.918468,24.273838,26.554308,30.302919,22.813053,30.084776,29.555747,23.763506,24.280497,20.918455,28.160789,30.851526,27.538571,23.435653,29.390368,25.984759,27.925847,27.727510,30.564816,21.166007,23.827071,27.871179,27.654684,25.366954,21.567787,29.539942,28.383550,20.553469,28.930988,25.006445,27.293019,31.607543,22.881077,28.492869,21.850644,28.742190,20.029197,27.195460,29.966005,23.933164,26.347362,29.560497,21.533707,30.260854,30.894625,28.851155,27.964983,30.130866,26.091704,19.771361,21.950469,30.371343,28.112099,30.035412,28.392190,28.061626,31.460579,25.379042,29.477413,30.009619,17.945656,17.399606,26.795574,27.696539,23.943672,28.465032,22.757340,22.280916,26.035900,28.957433,26.821386,15.170789,29.686010,23.212301,16.943416,19.335294,21.660762,0.000000,26.262057,26.378858,21.367323,23.511401,16.165957,24.730292,17.277087,27.003035,24.150663,19.528668,13.942816,23.824520,19.476889,28.647573,16.832373,26.978032,17.530502,27.332012,20.173641
WinMart+,31.307172,32.921290,29.889847,31.026270,32.581724,28.216430,29.971083,33.505716,30.070759,29.405335,28.929332,32.742878,28.646154,29.607243,31.108185,28.137569,32.833719,28.117036,23.510226,32.284645,31.423206,33.580757,30.410721,32.634936,27.505788,25.594957,28.692537,30.828411,33.000074,30.543181,27.556931,32.348689,30.606144,27.087401,30.359986,29.921684,27.778413,29.825706,25.333535,30.970136,31.638683,33.310491,26.825771,29.553234,30.132848,27.645204,33.234474,31.295194,26.458643,26.962602,31.445188,27.002941,29.313559,26.592344,29.837728,28.395329,26.068670,29.020557,23.287283,30.501626,32.219200,27.968786,28.453892,27.922984,28.438805,26.540795,26.633264,35.683424,28.959177,30.741033,30.995992,26.669323,30.562566,31.342194,28.581528,27.330100,35.517020,28.461114,27.008024,27.471308,30.872011,27.814523,33.445798,33.065768,28.202681,31.991860,23.140913,29.612600,30.259641,23.515210,24.271491,26.779265,26.921042,23.535062,28.606045,28.770586,28.377779,24.304957,29.047200,24.139749,24.984504,30.122930,27.835655,28.107330,17.643915,28.924285,23.046308,0.000000,24.875632,25.062094,25.006448,28.662156,30.617004,25.719868,28.697841,28.068961,28.216304,23.993306,28.427667,23.082826,28.648832,25.144154,26.884731,22.913940,27.255248,26.426680
Phường Ô Chợ Dừa,25.642269,26.628422,24.933403,25.556549,25.591057,24.683878,25.418323,26.930722,23.871782,26.430121,22.364112,27.488436,25.042382,23.956407,23.625333,25.958836,27.151226,24.093320,22.872301,27.497754,22.861220,28.650689,26.103420,25.984394,26.344804,22.770904,26.610509,27.178274,26.620578,24.665047,25.901702,27.789149,26.266027,25.959225,25.978941,22.565920,25.481958,25.732861,24.588131,27.142889,21.306421,28.436778,25.863210,27.073894,26.452627,22.925096,28.582771,27.014923,25.589797,24.853847,21.106873,22.377144,25.819364,25.533240,20.931525,24.612633,25.039376,25.257856,21.833599,26.665830,27.093237,25.317757,24.117333,26.276971,20.123623,25.090458,19.776390,30.657007,24.520805,27.169085,27.488309,25.061761,26.547832,26.766855,17.772662,18.996521,30.734774,29.424685,24.408191,24.878270,22.053341,25.395509,21.740931,29.204422,25.644070,27.481952,20.144409,26.545873,25.842993,26.090831,23.756774,22.727182,17.509452,22.598778,25.865004,25.673946,25.434577,17.118812,26.991134,19.403091,23.732689,26.040163,25.484237,25.434821,20.758505,25.495394,22.829849,22.540275,0.000000,23.830993,23.444185,25.646890,26.789872,24.435303,25.284087,25.844609,25.209702,21.722862,26.680086,23.204771,27.527108,24.124529,25.963041,23.080023,26.327600,25.001404
Chợ Xanh Văn Quán,27.808694,22.914734,27.079463,27.593771,27.871309,22.617112,21.878854,28.607509,26.710618,22.359987,26.021054,22.642498,25.827300,26.654220,26.829941,21.493494,28.645977,25.391044,21.521364,21.902559,26.773436,29.391003,22.715839,26.958087,24.926819,22.056893,21.572305,27.727975,28.584102,25.928404,20.180578,27.692490,28.417034,24.486076,28.727538,26.072713,20.576021,20.558333,23.136714,29.305319,27.060772,23.915610,21.188863,27.005539,26.217044,24.786747,24.211996,29.280761,18.307547,21.373077,26.972886,24.927273,25.621078,23.790788,26.399463,26.436525,23.237975,26.135220,22.914227,25.295122,28.592060,21.586588,24.731481,24.271479,25.527380,23.147428,24.990501,27.454181,19.955362,25.928246,28.576350,24.137253,27.920416,28.214004,25.616863,25.389247,27.813722,23.424831,21.177142,16.781994,25.571747,24.042701,27.118278,26.764783,24.307375,28.707242,24.349837,24.727456,27.891078,23.214510,21.154176,24.307676,25.176527,22.638503,24.544688,21.497259,21.019254,24.781615,29.076778,27.667425,21.303503,29.086186,16.696000,20.977796,25.817574,21.988283,22.053788,27.585216,27.323925,0.000000,26.839226,23.845997,17.071245,22.068679,26.172976,13.724860,24.812921,22.085041,18.082818,23.155146,29.007953,23.197723,27.426340,22.678210,27.747506,23.120809
Noble Moment,31.146095,32.427639,29.926309,30.871195,32.055947,28.541988,29.975345,32.840527,30.052630,29.499898,29.131078,27.859064,28.904255,29.657217,30.854093,26.660739,32.365993,28.515984,24.470717,27.294071,31.068136,33.052637,30.343075,31.914176,24.926156,26.393236,27.527737,30.693511,32.476627,30.368385,26.554136,32.011850,30.516294,24.362123,30.298239,29.921355,26.573159,26.330082,22.574616,30.841128,31.256169,32.832739,25.811833,29.598129,30.099203,28.257932,32.790561,31.126787,24.703902,26.011050,28.141447,27.924890,29.375077,23.408339,29.849057,28.539362,22.597056,29.098335,25.198406,30.433972,31.882520,26.483014,28.931793,24.018014,29.079580,22.421557,27.400637,34.918767,27.440058,30.645849,30.727025,23.854076,30.461899,31.135187,29.188778,28.285875,34.814052,27.695631,25.061016,25.895530,30.990150,28.573752,30.367185,32.701401,29.073595,31.706616,25.649840,30.490381,30.181426,22.129399,19.830099,27.358184,28.006235,24.186624,29.488820,27.015854,26.625960,26.357227,29.113695,27.313243,22.456352,29.903102,26.465047,25.335854,20.112480,26.877719,19.543490,23.732815,26.660678,24.014071,0.000000,25.755599,28.813243,23.675270,20.137812,26.867499,17.927520,15.095595,27.144522,15.640646,30.118348,20.572334,28.221859,20.560238,28.571791,23.826857
WinMart+,31.761887,32.962254,30.566875,31.465348,32.655395,29.390139,25.185894,33.337172,30.792499,26.865218,29.983633,26.920646,29.784762,30.361728,31.621099,25.525805,32.822718,29.514479,21.920687,26.221911,31.862907,28.674637,26.349592,32.691770,26.415210,27.431335,26.410138,31.217243,32.950044,31.382604,25.425931,27.517944,30.343250,25.952294,30.675950,30.845598,25.174650,25.297421,24.255117,28.999809,31.982714,28.570120,24.565537,30.177818,26.807054,29.502963,28.713868,31.577346,22.700474,24.888765,29.201198,29.034716,26.149189,25.284063,30.642675,29.081088,24.664597,29.602250,26.910569,28.150701,32.321387,24.663118,30.300826,26.237208,30.104036,24.848615,28.331355,30.996792,25.849882,27.147006,30.397326,26.232045,30.899022,31.584050,30.191538,29.468786,31.105754,26.977869,22.072269,23.811735,32.150281,30.117170,31.122463,29.242326,28.687496,32.104844,27.706418,30.182097,30.571339,25.013919,21.829438,29.785827,29.256725,27.177733,29.119148,24.987476,24.475776,28.277619,29.589401,29.476531,22.229570,30.281112,24.857543,20.518512,24.799086,24.299967,18.895723,29.826311,28.212895,22.470441,27.810766,0.000000,27.203948,15.198933,29.973822,25.583461,25.382589,19.054518,22.806440,22.680056,29.907019,21.151133,28.073166,20.469451,28.422769,21.537780
Co.opmart,29.164770,26.245739,28.247143,28.934667,29.583740,25.968730,24.711025,30.396974,28.039295,26.176565,27.237597,26.271404,27.034421,27.867402,28.404078,24.922169,30.184853,26.579474,21.745947,25.562377,28.404279,28.043008,25.814317,28.805791,26.042307,22.399324,25.681260,28.967072,30.184378,27.537457,24.839828,26.965601,29.767574,25.574037,30.100162,27.524039,24.464710,24.778715,23.922325,28.486485,28.678768,27.960727,24.013283,28.087140,26.350983,26.030891,28.610451,30.911244,22.036850,26.366454,28.568916,26.035828,29.256425,24.866805,27.752280,27.332077,24.236187,26.971818,23.670973,30.488777,29.981172,23.801673,26.186087,25.707090,26.836676,24.341224,25.972295,32.276467,24.895386,29.550726,29.856547,25.662433,29.013393,29.453967,26.938924,26.756411,32.171787,29.033893,21.622087,18.025392,27.371487,25.249224,28.678210,30.508742,28.308882,29.991371,25.679385,29.729463,28.888858,24.573974,21.491991,25.637073,26.516099,23.525088,28.717648,22.724175,21.786392,25.998450,30.267119,25.322287,21.706071,30.589625,19.635390,21.334416,24.724886,22.937537,22.862260,27.168383,26.919812,17.846608,26.132353,28.879986,0.000000,17.782646,28.125989,23.310388,26.535795,22.655706,17.774825,23.962126,29.646666,24.166291,27.875434,23.337598,28.219069,23.968269
WinMart+,30.448226,25.562886,29.480838,30.184111,30.941790,25.299727,24.216457,31.599780,29.470708,25.396346,28.752405,25.519493,28.576760,29.194258,29.975227,24.293508,31.346137,28.261823,21.492492,24.844770,30.070891,27.221014,25.204515,30.579689,25.285475,26.656832,24.814602,30.079930,31.390134,29.472927,24.224750,26.289247,28.952745,24.816969,29.279987,29.251179,23.774415,24.235062,23.316116,27.800384,30.248684,27.166578,23.486015,29.204216,25.798750,28.032223,27.349962,29.934331,21.587305,23.826613,27.977782,27.817316,25.231629,24.081876,29.263890,28.326551,23.467543,28.812572,25.945470,28.795845,31.044785,23.049508,28.441901,24.675115,28.629225,23.440131,27.416429,29.380232,23.905689,26.139199,29.094302,24.584788,29.952411,30.468108,28.715706,28.060241,29.556702,27.638705,21.059522,19.598161,29.695496,28.184985,29.657902,28.015378,27.791430,30.955677,26.363973,29.088649,29.730883,24.233128,21.059149,27.433282,27.859363,25.716792,28.160876,21.495961,20.854911,26.795213,28.833816,27.397135,22.330961,29.715567,22.443238,21.336578,23.896264,12.273872,20.661752,27.203087,26.929164,20.556582,25.825946,17.808916,24.062871,0.000000,27.544517,23.691118,24.277197,20.049023,23.053617,22.629054,29.281406,21.594808,27.610326,21.030811,27.942777,21.783953
9.0cafe,31.556879,33.061803,30.208166,31.277678,32.751983,28.718933,30.251800,33.595110,30.437993,29.784503,29.415297,32.855718,29.160663,29.962535,31.447994,28.562103,32.947734,28.738607,24.209900,32.415247,31.757067,33.632336,30.642492,32.867803,28.003768,26.306694,28.831629,31.049424,33.114714,31.068745,27.745583,32.468457,30.810505,27.652999,30.581325,30.413688,27.989427,30.075843,26.084848,31.140776,31.922122,33.374350,27.059420,29.836249,30.342571,28.508538,33.304005,31.454829,27.090919,27.173480,27.863459,27.601819,29.551069,27.309215,28.845514,28.681037,26.915096,29.268110,24.814279,30.689939,32.350689,28.207725,29.418975,28.623137,28.969810,27.483519,27.100542,35.612388,29.109632,30.911627,31.138402,27.718995,30.743450,31.506673,29.096094,27.990957,35.457277,28.565079,27.410183,27.766596,31.459799,29.021482,30.488218,33.129854,28.407716,32.117116,25.254414,29.784109,30.422284,24.913864,25.370385,28.172247,27.643855,25.400935,28.805548,28.960185,28.619014,26.175420,29.278032,26.788007,26.056743,30.248265,28.077350,28.505661,20.720444,29.129953,24.383391,30.739572,25.024858,25.408485,24.722586,28.988429,30.633928,26.285750,0.000000,28.259755,25.410030,22.190126,28.599294,17.217658,30.390551,22.570209,28.387586,20.357902,28.748858,24.966390
The Coffee House,29.370115,26.634567,28.476436,29.136011,29.774872,26.374139,25.137691,30.526435,28.309254,26.621456,27.563921,26.687056,27.377798,28.125151,28.679997,25.434390,30.314089,26.973401,22.352571,26.045379,28.702353,32.924890,26.190008,29.092901,26.492557,22.989986,26.203961,29.140732,30.313837,27.936827,25.346413,30.964197,29.901976,26.080470,30.217750,27.878472,25.111756,25.234445,24.586108,28.671447,28.942988,27.122872,24.896560,28.294484,29.160701,26.536975,27.795166,30.995330,22.980649,25.281178,28.839071,26.479913,28.623081,25.518738,28.049847,27.531817,25.006344,27.188968,24.384804,29.645223,30.104586,24.667596,26.743268,26.376195,27.235524,25.213438,26.343857,31.607318,25.665469,28.933674,29.973975,26.382736,29.152703,29.587998,27.332567,27.189351,31.570187,28.005035,23.061328,18.435851,27.855439,25.896213,28.925987,29.913479,28.454831,30.097445,26.287112,26.956413,29.010355,25.552794,22.649111,26.239281,26.977204,24.430942,28.858183,24.746359,23.998095,26.493294,30.344794,30.065208,22.887414,30.604699,20.164425,22.606125,28.286201,24.226119,23.981958,30.302374,29.159305,14.050138,29.451892,26.646542,18.635424,24.488584,28.514415,0.000000,27.116340,23.460412,19.309509,24.620407,29.713842,24.909015,27.959186,24.051889,28.297363,24.632366
Cục Tần số vô tuyến điện,32.265951,33.637915,30.948020,31.971134,33.404974,29.734381,30.926673,34.111469,31.311079,30.629402,30.429274,33.349374,30.213910,30.783034,32.331294,29.429544,33.458752,29.954804,25.420347,27.612274,32.673562,34.018157,31.237129,33.733341,25.359954,27.579471,27.918131,31.649879,33.636859,32.266550,26.874891,32.927818,31.360459,24.846962,31.159482,31.510419,26.960888,26.622243,23.161611,31.628608,32.759135,33.772139,26.155004,30.509567,30.874993,30.055367,33.690515,31.942919,25.215286,26.331037,29.270419,29.081095,30.116666,24.016442,29.969217,29.310095,23.307051,29.854007,27.064406,31.190302,32.843851,26.965667,31.123624,24.699076,30.335301,23.260032,28.277361,35.823962,27.936930,31.382037,31.025652,29.474920,31.245778,32.015202,30.434485,29.599470,35.669049,27.918965,25.758270,26.429262,33.039779,30.995951,31.461179,33.465249,29.329191,32.563804,28.074269,30.757255,30.871453,23.571476,20.822153,29.371167,29.353734,25.419466,29.750053,27.601882,27.230143,28.768650,29.830087,29.889043,24.067179,30.678940,26.925593,26.317892,22.546617,27.532672,21.201651,31.110714,27.327761,24.414719,22.896297,26.757504,29.335587,24.475876,30.841920,27.287848,0.000000,10.913795,27.543177,13.994040,30.648359,18.866273,28.656775,19.287580,29.012631,23.038738
Everything Coffee 'N Bagel,31.336576,32.421841,30.236029,31.057642,32.074887,29.087112,31.047300,32.737230,30.383515,26.608669,29.614402,26.673728,29.427561,30.003326,31.079206,25.409709,32.331152,29.146153,22.123317,26.026397,31.264267,28.299952,26.176730,31.959082,26.204089,27.253882,26.141058,30.860494,32.425657,30.744973,25.322010,27.261562,30.498008,25.780556,30.808421,30.331931,25.075870,25.215504,24.262856,29.216089,31.401829,28.218855,24.545432,29.888930,26.635176,29.062088,28.368358,31.671245,22.915354,24.834701,28.557896,28.385622,26.022192,25.162550,29.196125,28.871642,24.616088,29.375918,26.705256,27.884306,31.904112,24.614717,29.703196,25.958657,29.348765,24.766161,27.837630,30.472408,25.591859,26.953092,30.535293,25.942561,30.611537,31.229222,29.441674,28.724348,30.598397,26.783969,22.506830,23.892493,30.917070,29.491123,30.412437,28.908664,28.865039,31.733502,27.361056,30.315999,30.318544,24.200478,22.212876,28.011423,28.506683,25.441906,29.291583,24.836245,24.426169,27.864746,29.374631,28.467496,16.541167,29.954371,24.769642,21.597995,23.777185,24.292792,19.138373,28.440432,26.884834,22.657800,24.357932,20.285468,26.647038,19.892807,27.679158,25.415049,22.662436,0.000000,24.798941,19.000767,29.988738,17.319162,28.187577,17.572423,28.526338,18.955976
Starbucks,30.960138,24.016939,30.070923,30.713284,31.293090,23.765635,23.007781,31.830811,30.068706,23.646990,29.474768,23.913177,29.293498,29.831712,30.510368,22.790767,31.676039,29.094581,20.580775,23.267012,30.710452,25.568817,23.831625,31.100195,23.599373,27.656443,23.002133,30.548151,31.705518,30.266350,22.708874,29.869991,27.364345,23.125674,27.680614,29.986929,22.130010,22.892996,21.804972,26.385045,30.846805,26.639271,24.714504,29.754246,28.406662,29.067029,27.138448,28.115768,20.213916,25.064382,28.856730,28.789599,27.930737,22.345265,29.955801,28.874537,21.718659,29.313451,27.377282,28.407624,31.406873,21.294126,29.404097,22.623111,29.500517,21.420824,28.180840,30.056860,21.851451,28.195192,27.575549,22.367911,30.358929,30.854038,29.562270,29.059777,30.126350,27.133194,19.362596,17.206289,30.486886,29.292370,30.196067,29.001150,26.683739,31.285494,27.826816,26.562835,30.097252,26.449053,19.621765,28.897785,28.899560,27.573086,26.990149,18.987794,18.573942,28.236231,29.308065,28.776433,25.483205,28.074450,17.317822,24.934755,26.570115,22.219384,24.867716,28.838450,28.191307,19.568642,27.886516,24.005853,14.608954,21.294173,28.969583,21.236874,26.723597,23.038647,0.000000,24.950686,28.475209,24.531925,26.988655,23.736331,27.309596,24.257081
Chợ Trung Kính,30.367987,31.469279,29.282239,30.117701,31.024248,27.905479,29.360567,31.817645,29.265960,28.795555,28.395460,31.500547,28.180917,28.972322,29.859812,27.880948,31.520568,27.753462,24.200919,25.871800,29.985807,32.252841,29.744683,30.624795,23.469524,25.911660,25.903449,30.039408,31.576273,29.196446,25.235188,31.313695,29.941117,22.888702,29.728697,28.957814,25.039129,25.178875,21.252421,30.283476,30.220315,32.073598,24.587316,29.034512,29.592277,27.361360,32.065338,30.541381,23.231966,24.837488,27.053481,26.820051,28.913344,21.834128,27.913358,28.101626,21.005343,28.643355,24.610022,29.927525,31.157291,24.651281,27.764335,22.106126,27.823990,20.621116,26.529982,34.071051,25.399320,30.128330,30.018949,26.713815,29.923193,30.500860,27.938141,27.023575,33.987350,26.596194,23.020249,24.063378,28.946176,27.367565,29.190084,32.077832,28.582939,31.061462,24.850255,29.896405,29.706498,19.472446,18.507857,24.835791,26.738045,21.004065,28.964514,24.778743,24.458921,25.459533,28.675644,25.649061,19.427639,29.318699,24.740240,22.510190,17.266274,24.376070,17.612683,23.932122,24.763553,22.939893,14.966785,22.429227,26.210719,21.589226,21.385128,25.288608,15.519898,17.613193,25.272749,0.000000,30.025971,15.598008,28.178892,16.337018,28.523520,20.421348
Trường Mầm non Kim Lan,30.996206,31.303456,29.454226,27.523095,28.216799,30.106831,30.957339,27.667584,27.679462,30.301699,27.737992,30.957120,27.878125,26.883987,27.897854,30.534511,27.614903,27.967523,26.720094,30.817194,28.563344,30.453576,29.954723,28.272425,29.762970,27.771805,30.442906,26.801179,27.503193,27.916318,29.066827,30.374693,28.413490,30.231958,28.651566,27.665382,30.515573,29.430233,27.947372,29.310155,27.614489,30.992828,29.920856,26.429515,29.433087,27.528758,31.008977,29.025999,30.294949,29.778729,27.901507,27.269456,29.001850,30.040821,27.308493,24.933758,27.688692,27.294765,26.503540,29.671589,27.052181,29.969764,28.225155,30.237541,27.656693,29.738775,28.363329,32.027608,30.403051,29.520312,26.643214,28.244650,27.095012,26.545859,27.849557,27.550824,32.008077,31.141552,29.938448,29.375569,28.757451,28.491191,28.462815,31.179479,27.102165,26.473522,28.284855,27.899423,23.551045,28.547271,27.888777,28.526754,28.986533,28.331646,27.307392,29.693060,29.161807,28.308218,24.821974,28.653985,27.900737,25.086906,28.389901,29.583202,27.954957,29.828161,29.922394,28.690126,28.507388,28.589450,28.568673,29.581132,30.111782,29.776538,29.029376,29.930453,28.956478,29.853046,29.123488,28.707914,0.000000,30.410302,16.137019,28.354986,15.550977,30.090715
WinMart+,30.666975,31.723116,29.609647,30.416465,31.317698,28.351304,29.653965,32.043505,29.649332,26.508658,28.841013,26.581888,28.643274,29.327636,30.260882,25.430142,31.728780,28.283495,24.753924,25.991185,30.397124,28.097114,26.136275,31.018985,24.602917,26.475740,26.048948,30.293163,31.795750,29.731728,25.330973,31.499796,30.178020,24.117738,29.976859,29.436825,25.130302,25.247513,22.639262,30.492174,30.586473,28.027121,24.639148,29.327682,26.567109,28.026342,28.171145,31.250522,23.228033,24.900629,27.651016,27.451252,25.998821,23.310071,28.397880,28.381184,22.661750,28.895705,25.545391,27.742929,31.360080,24.736952,28.513869,23.768192,28.404198,22.521370,27.058895,30.129175,25.550632,26.873890,30.233101,27.474390,30.136679,30.714670,28.507409,27.705521,30.252531,26.709833,22.993816,24.115537,29.644900,28.207295,29.613675,28.706406,28.713224,31.241595,25.969251,30.073998,29.896316,22.402371,20.585290,26.259612,27.459534,23.728393,29.111583,24.907651,24.560096,26.507695,28.922403,26.864859,18.472824,29.493986,24.836096,22.436891,21.401023,24.483215,15.821576,26.052318,25.709352,22.919247,21.119596,21.406037,26.453061,20.784246,24.628538,25.407207,17.792768,12.611375,24.886293,17.520832,30.134212,0.000000,28.298255,11.127949,28.642994,15.319923
Trường Trung học cơ sở Văn Đức,28.512460,28.614220,27.204011,25.560220,26.121002,27.824976,28.243346,25.560084,25.824895,27.873344,25.759759,28.294329,25.912476,25.042183,25.949829,28.115926,25.478269,26.009172,25.119864,28.253020,26.464946,27.948358,27.614520,26.295360,27.583669,25.891901,28.007849,24.787493,25.335949,26.023837,26.941945,27.923546,26.105709,27.951723,26.320100,25.766924,28.115756,27.223240,26.113440,27.073590,25.694759,28.414602,27.705080,24.472172,27.325552,25.770006,28.473171,26.472951,28.076474,27.673119,25.975434,25.519669,27.078296,27.891512,25.504153,23.373564,25.969439,25.216827,25.001130,27.503037,24.845300,27.838083,26.286072,28.075991,25.899847,27.715297,26.352522,29.294257,28.132840,27.427332,24.658988,26.458551,24.909103,24.512085,26.009936,25.839928,29.336652,28.844327,27.941673,27.487589,26.804164,26.599196,26.472786,28.772098,25.353504,24.374612,26.421818,25.899077,22.237473,26.692128,26.219478,26.624409,27.058844,26.539023,25.475256,27.773612,27.313518,26.510888,23.115214,26.754914,26.235793,23.056709,26.737083,27.663386,26.252358,27.850723,27.948054,26.795653,26.695056,26.968952,26.756418,27.703759,28.121804,27.862322,27.181760,28.101342,27.132517,27.977192,27.417280,26.890853,15.656816,28.423284,0.000000,26.681757,12.553801,28.195845
Trung tâm Hỗ trợ doanh nghiệp Hà Nội,29.677264,30.548369,28.748170,29.444039,30.057668,27.437981,28.831777,30.796404,28.617089,25.694005,27.859699,25.848395,27.630711,28.410762,28.997007,24.733586,30.670772,27.257014,24.239776,25.258025,29.090718,27.371665,25.516857,29.497870,25.407537,25.730765,25.194055,29.428115,30.683557,28.329474,24.619535,26.506596,29.397248,25.001616,29.201515,28.231537,24.343055,24.645968,23.700386,29.745714,29.326095,27.322958,23.996825,28.552815,26.021600,26.848907,27.489698,30.430714,22.499167,24.295950,26.639882,26.448429,25.493251,24.393702,27.419117,27.746264,23.891606,28.248448,24.592398,27.109102,30.428144,23.839369,27.050429,24.948011,27.261828,23.852796,26.222043,29.323167,24.521593,26.333824,29.560652,26.264836,29.410269,29.880904,27.363613,26.578309,29.461087,26.122495,22.044071,23.222666,27.902954,26.717361,28.457151,28.087367,28.228867,30.396568,24.740304,29.460506,29.245858,21.562860,20.191759,24.703077,26.331509,22.669821,28.598387,23.805833,23.501699,25.249369,28.296254,25.312927,18.195154,28.727536,23.950295,21.205992,20.518740,23.288496,19.589306,24.085955,24.705237,22.354196,20.063357,20.316416,25.166499,20.020125,22.652855,24.576193,17.504962,13.605390,24.098792,15.895694,29.761412,10.593407,28.020987,0.000000,28.359621,14.361063
Trường Mầm non Văn Đức (điểm Chử Xá),29.492140,29.626265,28.190290,26.575502,27.118486,28.756472,29.302812,26.611400,26.759078,28.848495,26.750373,29.329776,26.880108,26.061450,26.905984,29.072942,26.559667,26.962584,26.015946,29.257152,27.438286,28.959645,28.597801,27.233321,28.497349,26.831938,28.960897,25.910052,26.441652,26.953628,27.881729,28.919934,27.204218,28.874643,27.408100,26.719454,29.062295,28.173857,27.011679,28.064238,26.666676,29.405400,28.624194,25.603898,28.269384,26.670228,29.448735,27.618865,28.980325,28.562656,26.920079,26.438052,27.947418,28.783498,26.453051,24.431496,26.833723,26.299177,25.852114,28.418790,26.034202,28.724365,27.204054,28.957784,26.794490,28.564532,27.292391,30.266977,29.030557,28.353439,25.814615,27.306302,26.074140,25.669082,26.920869,26.711784,30.287524,29.719338,28.775424,28.314428,27.693988,27.477953,27.400334,29.690603,26.289429,25.578549,27.305623,26.876305,23.308046,27.549946,27.051809,27.508407,27.925245,27.385134,26.433158,28.580371,28.120778,27.365234,24.298140,27.623621,27.054543,24.214606,27.510722,28.478883,27.081441,28.672871,28.765961,27.659478,27.549106,27.724262,27.593240,28.503904,28.928310,28.664330,28.003080,28.858233,27.942020,28.763001,28.176842,27.724931,15.032062,29.217515,12.795831,27.477461,0.000000,28.972014
WinMart+,31.520274,32.535129,30.472655,31.249979,32.218060,29.444716,31.445462,32.808165,30.645800,27.429311,29.944880,27.450527,29.780518,30.273218,31.313407,26.287647,32.424985,29.544716,23.064065,26.887700,31.493797,28.885394,26.874970,32.131754,27.036807,27.754667,27.075632,31.035195,32.514275,31.059316,26.193724,27.863998,30.875094,26.692236,31.162942,30.646333,26.139657,26.009231,25.355065,29.644036,31.609467,28.792796,25.479893,30.120345,27.198320,29.540217,28.908555,32.019821,24.316624,25.690569,29.024532,28.880818,26.601757,26.265696,29.573320,29.112615,25.871303,29.595381,27.459529,28.396020,32.016741,25.960063,30.174887,27.140592,29.770839,26.168138,28.287859,30.887970,26.858691,27.482398,30.884629,27.186087,30.764163,31.365418,29.852350,29.230819,30.991152,27.380787,24.504881,25.389803,31.276350,30.025253,30.692809,29.347780,29.208578,31.835942,28.171249,30.630352,30.458472,25.607911,23.878159,28.905596,29.046914,27.293624,29.629252,26.378194,26.016626,28.607593,29.577012,29.232156,24.359336,30.056895,25.996359,24.540712,25.893687,26.161518,22.837294,29.498932,27.633117,23.744854,26.541862,23.447330,28.035755,22.229695,29.108616,26.438331,25.950624,19.202770,25.924785,19.537108,30.180978,16.038157,28.385732,10.795720,28.718896,0.000000
