,depot,WinMart+,Trường Mầm non Thịnh Liệt (cơ sở Giáp Nh,Trường Mầm non Hoa Mai,Trường mầm non Vườn Hồng,WinMart+,WinMart+,Siêu thị Đức Thành,WinMart+,Siêu Thị T-Mart,Trường Trung học cơ sở Tân Định,Trường Tiểu học Hoàng Liệt,WinMart+,WinMart+,Cục Dự trữ Nhà nước khu vực Hà Nội,Trường Mầm Non Đại Từ,WinMart+,Cà Phê Parkland,Trường Mầm non Định Công (Cơ sở 3),Highlands Coffee,WinMart+,WinMart+,Trường Mầm non Hoàng Liệt (cơ sở Tứ Kỳ),WinMart+,WinMart+,Trường Mầm non Sao Mai,KFC,Trường Đại học Công nghệ và Quản lý Hữu ,Không có tên,WinMart+,Không có tên,WinMart+,MM Mega Market Hoàng Mai,Trường Tiểu học Đại Kim,Không có tên,Không có tên,Cà Phê 3k,Không có tên,WinMart+,WinMart+,WinMart+,Trường Tiểu học Chu Văn An,AEON MaxValu Linh Đàm,WinMart+,WinMart+,WinMart+,Trường Mầm Non Hoạ Mi,WinMart+,WinMart+,Trường Tiểu học Chu Văn An,WinMart+,WinMart+,Trường Mầm non A Tứ Hiệp,Cà Phê KOK,Không có tên,Trường Đại học Kinh tế - Kỹ thuật Công n,WinMart+,Trường Quốc tế Singapore,WinMart+,Trường Tiểu học Tam Hiệp,WinMart+,Delícia Coffee & Lounge,UBND phường Khương Thượng,WinMart+,Siêu thị B11 Kim Liên,WinMart+,Cà Phê Big One,Trường Mầm non Đại Thanh,siêu thị 24h ninja mark,Trường Mầm non Tứ Hiệp (điểm Cổ Điển B),WinMart+,Không có tên,Quan an Nam Nhu 1,WinMart+,Taste Tea,WinMart+,WinMart+,Trường Cao đẳng Hà Nội,TK mark,Hội đồng nhân dân - Ủy ban nhân dân phườ,Trung tâm Công nghệ Phần mềm Thủy lợi,WinMart+,Không có tên,Cafe Dinh,Trường Trung học cơ sở Yên Mỹ,WinMart+,Coffee Cây,Trường Mầm non Tứ Hiệp (điểm Đồng Trì),Trường Mầm non Lĩnh Nam (cơ sở 2),Chợ Nhân Chính,Cục Sở hữu Trí tuệ,WinMart+,Kho bạc Nhà nước Đống Đa,Tịnh Cafe,Trường Mầm non Yên Mỹ,WinMart+,5050 Rooftop Cafe & Pub,Thuế cơ sở 4 thành phố Hà Nội,Trường Trung học cơ sở Lĩnh Nam,WinMart+,WinMart+,WinMart+,Cửa Hàng Tiện Lợi BV Mart,Đảng uỷ - HĐND - UBND phường Thanh Xuân,Starbucks,WinMart+,WinMart+,WinMart+,Phường Ô Chợ Dừa,Chợ Xanh Văn Quán,Noble Moment,WinMart+,Co.opmart,WinMart+,9.0cafe,The Coffee House,Cục Tần số vô tuyến điện,Everything Coffee 'N Bagel,Starbucks,Chợ Trung Kính,Trường Mầm non Kim Lan,WinMart+,Trường Trung học cơ sở Văn Đức,Trung tâm Hỗ trợ doanh nghiệp Hà Nội,Trường Mầm non Văn Đức (điểm Chử Xá),WinMart+
depot,0.000000,22.288002,19.217838,22.143463,18.071498,22.184665,13.531010,25.054966,22.020685,20.203139,21.026508,17.018350,21.876600,20.064768,22.411884,19.828234,24.966719,22.379459,18.727955,18.226311,24.761918,16.393967,16.224958,24.133932,24.049929,21.793999,21.518569,24.489220,26.068901,22.571212,20.788364,17.225566,24.435495,20.624466,23.925049,24.069954,20.534923,16.899047,23.245008,18.528781,23.270548,19.932530,20.570720,24.174118,17.094255,21.706888,20.674831,25.639958,21.083200,19.421248,25.631356,24.114144,16.432513,22.370801,24.423970,22.509936,22.617612,22.498034,19.455678,19.173589,27.607585,20.986740,26.347303,23.310799,24.418448,21.963776,23.131959,24.546988,22.212969,18.048033,19.430621,26.257997,25.482968,26.228684,25.238359,24.370299,25.035439,23.880596,20.465271,21.154570,27.802151,26.921508,27.677545,22.713119,19.814701,27.249857,26.342377,20.842880,22.848758,26.978486,24.834810,27.118280,26.619567,26.382781,20.045965,25.824138,25.646379,26.169062,23.628982,27.425959,25.238689,24.020166,25.359828,25.118722,25.430436,25.840494,25.973804,27.516707,22.769028,20.591795,27.033239,27.334682,26.595024,25.799748,28.143052,25.443419,27.976894,24.618445,24.574419,27.261323,24.793613,27.027904,23.070601,26.243882,23.491252,26.895965
WinMart+,25.654044,0.000000,21.476779,24.500163,26.910346,22.987716,14.599968,29.585826,23.537001,22.255268,23.821546,25.363022,24.178853,22.390116,24.695676,21.175693,27.958250,24.533558,19.804216,25.146542,28.716639,28.261451,21.606149,26.179246,24.738056,23.545140,23.706756,26.573345,28.527039,24.297232,22.075893,25.707658,25.970595,21.633513,25.487618,26.649469,21.725929,21.525002,24.677783,24.183842,28.831788,27.656741,21.762849,26.059477,22.786189,23.016327,27.763818,27.121407,22.052566,20.018349,28.582599,26.010087,21.611731,21.730918,26.557230,23.671646,23.735627,23.663462,25.828263,23.711942,29.771986,21.838889,29.016621,22.738033,26.044380,27.651244,25.206937,32.948923,23.602821,24.151769,23.082695,27.956563,26.802779,27.927008,27.358363,25.818712,32.539217,28.398849,19.707880,21.785842,30.207219,29.023107,30.838494,28.042149,22.322137,28.901244,28.367903,23.607606,23.854258,28.848923,26.017776,29.321235,28.284720,28.034406,22.697032,27.064234,26.858200,27.747979,24.694652,29.553742,26.472729,25.392384,26.381159,26.308958,26.834414,27.193805,27.299175,29.624517,23.717179,21.024846,28.780896,28.814494,27.967949,26.989337,29.930442,23.963650,29.693364,25.628220,25.315128,28.898434,25.139959,28.428317,23.319236,27.414311,23.743934,28.130224
Trường Mầm non Thịnh Liệt (cơ sở Giáp Nh,19.559288,20.355931,0.000000,19.250149,16.076326,20.035377,17.988941,21.781350,20.156209,22.165316,18.738139,21.899720,19.877629,18.165425,20.549467,23.192730,22.648904,20.538862,17.589631,22.309579,22.652685,20.540006,19.724999,22.415483,22.607707,20.269940,23.414231,22.826533,24.148887,21.071280,19.288434,21.000259,17.838080,22.978656,17.027461,22.444875,23.267744,19.872546,21.936749,18.453130,21.770375,23.777275,22.214587,22.718598,19.827555,20.548868,24.191757,19.862681,23.243517,22.393782,24.056448,22.862687,19.013896,21.391123,23.138369,21.494985,21.615786,17.316151,18.634753,21.681734,26.039472,22.948819,24.941169,22.326055,23.339932,21.039866,21.927216,28.010937,24.303588,20.595312,20.208515,25.190637,24.400704,24.938385,23.973170,23.343939,28.135377,26.016987,19.736008,22.626881,26.550427,25.731759,26.218241,25.336958,20.328665,26.001052,25.182577,21.438063,21.985785,25.876061,23.997405,25.947049,25.592714,25.362975,20.595890,24.979880,24.805001,25.163814,22.740161,26.296466,24.344890,22.976450,24.603670,24.280305,24.503715,24.966026,25.098601,26.414920,21.985784,22.166240,26.040108,26.445327,25.729245,24.982897,27.172452,24.712571,27.024885,23.861999,23.909889,26.298185,24.333656,26.154707,22.689661,25.415082,23.103595,26.103393
Trường Mầm non Hoa Mai,22.649098,24.192980,18.447244,0.000000,21.527757,20.465198,21.190667,17.890606,20.628192,22.892257,18.401560,24.419575,20.528752,12.842655,21.224855,22.145448,21.077879,21.251155,17.743128,24.375089,23.828885,26.155996,22.220198,23.274997,23.265377,20.852078,23.430297,21.905138,23.691416,21.722243,22.382397,24.760682,22.502954,21.187910,21.838339,23.326391,22.215907,22.064976,22.548604,23.865894,21.867782,25.960610,22.235790,21.915315,22.885674,21.027610,26.144197,24.177495,20.539037,20.955466,25.081577,23.578861,22.027037,21.825661,23.910847,20.821592,22.088804,20.768430,18.846311,23.498021,26.352092,22.200778,25.903424,22.825246,23.970482,21.418739,22.022286,29.349971,20.697033,23.877734,25.685535,25.853248,24.309370,24.951016,24.797145,23.941946,29.330304,27.117407,19.981294,24.738686,27.472461,26.559723,27.352864,26.678119,22.268409,26.285676,25.966752,23.700529,21.554457,26.635467,24.493248,26.786414,26.293702,26.027817,22.666651,25.467338,25.288656,25.831333,22.384304,27.112381,24.866785,23.176241,25.013836,24.756565,25.066008,25.497505,25.635634,27.217205,22.388397,23.418262,26.727888,27.031839,26.276181,25.466174,27.869681,25.115323,27.697086,24.271531,24.265520,26.968210,24.261454,26.734376,22.541194,25.930996,22.974394,26.602725
Trường mầm non Vườn Hồng,23.121949,25.389157,16.282813,19.915901,0.000000,21.233526,18.219949,28.092221,21.392869,24.068881,19.236244,25.499431,21.627242,18.356695,22.337388,23.000992,26.637594,22.356723,17.969317,25.297831,25.602044,27.267773,22.847044,24.546929,24.187966,21.669026,24.475755,25.390872,27.842220,22.621558,23.101356,25.650533,24.940357,21.712921,24.340929,24.555808,22.876009,22.671564,23.361620,18.431184,22.782213,27.008337,22.884538,24.979992,23.406158,21.616643,27.110365,26.444881,20.929613,21.326368,26.501568,24.448508,22.465732,22.336233,24.886008,22.634207,22.623348,22.597512,19.090956,24.154448,29.729555,22.597519,27.229119,23.384941,24.715992,21.979463,22.870849,30.750571,21.198394,24.422471,27.173170,26.742340,26.268864,27.537411,25.802637,24.628088,30.653317,27.785581,20.232380,25.171382,28.671911,27.607609,28.911033,27.434008,23.173256,28.737583,26.996265,24.915533,23.070545,27.574648,25.036854,27.917068,27.092586,26.888224,23.634276,26.164767,25.972029,26.597392,23.983633,28.219492,25.516109,25.168541,25.602542,25.425998,25.827703,26.250129,26.356602,28.329649,22.827571,23.776385,27.653476,27.848952,27.040610,26.122142,28.832935,25.680717,28.625185,24.850876,24.624659,27.821128,24.770218,27.482280,22.930929,26.534829,23.363444,27.295095
WinMart+,22.397529,22.406150,21.647285,22.686992,21.068985,0.000000,18.490390,26.158538,19.811040,22.052529,21.865568,23.038811,20.868717,21.027195,21.648174,19.671564,25.833593,20.047340,16.145650,19.954184,23.734491,25.883620,20.527052,23.471437,23.781125,19.721384,24.187214,25.155295,26.675035,21.113288,21.933570,24.018875,24.889021,21.451848,24.471652,22.612439,21.614424,21.902137,19.860601,23.062881,24.410639,25.651511,21.692279,24.879470,21.866491,20.341202,25.928325,25.994921,21.022903,19.653760,24.274975,20.390187,20.878299,23.601990,23.229961,23.021575,19.877147,23.038450,17.804027,22.771012,28.001394,21.778259,22.389604,24.534188,22.226264,19.491795,22.636900,30.446380,23.750621,23.202090,22.395178,20.210055,25.814963,26.640474,22.391454,20.234127,30.313464,27.201718,20.092575,21.711194,24.874494,23.946997,26.413539,26.682762,21.847904,27.555634,23.300014,22.981482,23.273253,24.310431,22.282708,24.260763,23.989995,23.859460,22.201943,22.608864,19.651276,22.244469,24.054338,24.787654,22.905799,24.304750,20.627631,21.933269,23.013904,22.383565,22.702463,24.983766,23.103849,20.906981,24.731413,25.440278,23.465451,22.657265,26.144755,23.971928,26.013945,22.648311,21.777483,25.101201,24.782694,25.099890,23.070143,24.276556,23.479061,25.196692
WinMart+,13.616857,29.519935,17.413050,25.498382,27.572667,22.941780,0.000000,28.961666,24.705185,22.950188,25.347517,23.845943,24.099102,24.423803,25.769524,24.794949,28.013894,25.456336,20.421565,24.200061,28.649867,20.423200,18.891040,26.525331,22.283982,24.635336,25.390097,27.127576,28.353866,25.148914,18.273878,21.427266,18.715715,24.126863,18.016446,27.116747,24.959984,19.217071,22.905073,21.045042,28.701251,26.841853,22.917958,26.753035,19.438786,23.975627,27.092560,20.995915,24.391741,22.981129,28.454696,26.534893,18.265927,23.779719,27.089490,24.463579,22.344759,18.082660,26.133062,22.113986,29.525727,23.772095,28.693697,24.781828,26.519256,23.937308,25.629570,34.097442,25.921505,20.691729,21.129346,24.862548,27.132543,28.143404,27.545230,26.201857,33.227177,28.020805,20.827403,23.057396,29.641058,28.721908,30.085989,27.829009,20.819464,28.918453,28.174455,22.572546,24.505222,28.573884,22.916762,28.895765,28.172027,27.855030,21.092963,23.722716,20.790007,27.722604,25.307133,29.078303,23.235217,21.126548,21.586542,23.108324,26.795058,23.618079,23.899096,29.115700,24.492228,22.340184,28.426807,23.413567,24.610566,23.746619,29.357480,25.449334,25.366048,23.026789,22.688691,28.565263,25.462564,24.035609,23.646738,27.319694,24.054002,23.668516
Siêu thị Đức Thành,24.524236,27.024966,20.946420,18.070499,26.538299,23.008704,22.976062,0.000000,23.071016,25.659944,22.213370,26.837351,23.892724,15.527979,24.301311,24.349762,25.292301,24.376487,19.280982,26.452278,27.772337,28.360749,23.945211,26.179955,25.399127,23.364204,25.704779,24.276978,27.832445,24.191883,24.093230,26.701361,24.096102,22.671842,23.280552,26.180878,23.888756,23.650159,24.585074,25.310169,24.394547,28.073383,23.881613,23.923403,24.242997,22.859181,28.088358,26.095206,21.906503,22.184554,27.950505,25.669237,23.277052,23.327618,26.164034,21.650337,23.615932,21.560021,20.074177,24.960794,30.595791,23.336725,28.416425,24.283377,25.724313,22.845595,24.075113,31.632346,22.052600,25.188450,27.089914,27.521495,26.030104,27.578152,26.949939,25.542350,31.449189,28.391015,20.983079,25.713961,29.589659,28.507892,30.091182,28.164576,22.689667,29.101926,27.915235,24.546196,22.396057,28.381669,25.741384,28.805598,27.865061,27.638144,23.170990,26.755425,26.569687,27.372467,23.395796,29.044010,26.185234,25.319498,26.111412,26.044143,26.532936,26.874350,26.975305,29.125816,23.604646,24.214917,28.365908,28.432902,27.640378,26.692505,29.468245,26.157128,29.263747,25.405004,25.102176,28.489183,24.576840,28.061064,22.687810,27.105121,23.139148,27.794911
WinMart+,20.357132,23.294268,19.084500,20.064107,17.779720,18.315296,20.380933,24.228658,0.000000,22.970069,19.566566,24.925284,18.049975,18.846105,18.150617,21.185122,24.519376,20.456322,15.225762,24.837732,21.521470,27.229330,22.026183,24.976015,24.261959,19.909919,23.972993,24.127684,25.865115,21.712233,22.345516,25.344160,24.063616,20.949761,23.553186,21.666897,22.132034,21.949821,23.110822,24.094122,24.471528,26.946044,22.176043,23.919234,22.914142,20.587988,27.084093,25.399322,19.997793,20.437744,24.235982,22.407632,21.902104,21.844427,22.788023,22.199780,22.224007,22.188558,17.631243,23.722823,27.636666,18.502398,22.979437,23.271307,23.105703,21.363416,22.032264,31.307662,20.397172,24.116298,26.354045,24.052468,25.330908,26.164437,24.050756,23.174296,31.076099,27.854047,19.433108,19.670302,25.680433,24.592861,27.372287,27.489617,22.941574,27.246023,23.847951,23.555362,22.631225,24.925777,22.604136,24.932869,24.547711,24.351912,23.359562,24.146640,23.938522,22.602945,23.451575,25.474900,23.230727,23.998510,23.818187,23.264869,23.372873,24.061806,24.230204,25.676009,21.528114,22.251627,25.293899,25.935667,25.065408,24.175331,26.789959,24.047599,26.623701,22.882952,22.998097,25.664303,24.554292,25.577432,22.824074,24.691510,23.242488,25.603576
Siêu Thị T-Mart,21.357962,21.505649,20.588416,24.194908,23.558132,21.912733,16.817915,27.576502,22.290439,0.000000,22.452219,23.555065,25.535937,21.597661,23.100749,16.002578,26.936984,23.092210,18.633388,19.036399,25.347133,27.502371,20.025790,25.413372,19.122304,22.196387,26.376852,26.065206,27.505025,23.223163,21.922684,24.752635,21.795093,21.223855,25.267126,24.626072,21.423613,21.837198,21.921800,23.310876,26.190438,27.028893,21.545628,25.748221,21.851236,21.993317,27.211977,22.936185,22.021500,18.950168,26.069666,21.681002,20.665911,21.546477,24.839548,23.723891,21.417614,23.762365,19.220744,22.917936,28.584924,21.716154,23.752235,22.980791,23.247327,22.496498,24.058470,33.160339,24.276623,23.467991,22.454206,23.816884,26.351677,27.232768,25.585250,21.282542,32.636055,28.063772,18.991625,21.640542,25.741157,24.846921,27.975189,27.699137,21.803260,28.039796,24.272218,23.082121,23.859658,25.085293,21.566841,25.163857,24.745089,24.625958,22.188660,22.711421,19.324963,23.126436,24.634658,25.601510,22.071425,24.737657,20.473238,21.949279,23.790531,22.465352,22.827961,25.759122,23.756525,20.755096,25.432361,22.439150,23.698764,22.771378,26.704325,24.215776,24.656035,22.158867,21.726202,25.711424,24.983298,23.197054,23.263823,22.489950,23.667896,22.914033
Trường Trung học cơ sở Tân Định,22.302479,24.484785,19.308977,19.369688,22.959982,21.076112,21.581371,23.622461,15.715812,23.777583,0.000000,25.246808,21.544509,14.636761,12.597051,22.865041,18.394174,22.275154,18.049825,25.111779,17.465433,27.019361,22.765039,24.341803,24.038710,21.648486,24.222503,23.858430,25.634848,22.566355,22.954413,25.492336,23.856673,21.672913,23.332127,16.537191,22.809213,22.626041,23.294599,24.380793,18.116580,26.820389,22.823832,23.680464,23.351452,21.620955,26.939419,25.250740,20.942466,21.329899,19.524132,18.771653,22.439256,22.322389,17.901665,22.006463,22.601913,21.994885,21.296404,24.058573,27.519551,22.584708,21.693203,23.347663,20.147216,23.181427,21.920923,30.439277,21.115949,24.361402,26.268702,23.199999,25.206578,26.034752,20.552231,20.528366,30.320351,27.673267,22.461210,22.764736,24.540433,23.559195,23.431792,27.309898,22.838602,27.151894,22.845813,24.356532,22.481096,23.993390,21.919533,23.895702,23.689527,23.526293,23.251942,23.528357,23.325257,23.180225,23.310644,24.488406,22.557162,23.906598,23.295920,22.657498,22.654679,23.398703,23.556834,24.705292,19.414362,21.846022,24.464262,25.251687,24.407232,23.567729,25.984955,23.566034,25.849259,22.346729,22.539477,24.874720,24.502674,24.898820,22.768045,24.075549,23.191405,25.020956
Trường Tiểu học Hoàng Liệt,25.770699,27.614696,24.103366,25.345275,26.774099,23.716651,26.504934,27.830847,23.164494,24.530233,25.251459,0.000000,24.892381,24.491320,25.579236,20.768099,27.324233,23.668431,20.760980,16.935046,27.737102,24.216299,16.287334,24.928899,19.376646,23.073412,21.548695,26.681671,27.690871,23.650794,14.173771,21.087244,21.978817,21.272259,22.625924,26.684572,21.472210,17.378971,20.653809,23.399243,27.979478,23.930500,20.083989,26.375166,20.660295,22.750048,24.608169,23.029464,22.114993,20.807513,27.777425,26.292731,19.484920,21.638408,26.738652,24.402062,20.530720,20.661807,20.568923,20.775810,28.753643,21.737581,28.054051,22.880796,26.314092,22.325300,25.538551,31.253713,23.885107,21.714836,22.585355,23.554981,26.741339,27.554671,27.134508,26.055369,30.903273,26.809268,19.192006,21.647450,28.961487,23.219001,29.182835,26.243799,21.395638,28.238590,27.729882,21.857613,24.427867,23.324758,21.663610,23.428032,27.789585,22.579003,21.665945,22.522478,19.359423,27.401405,25.161883,28.529607,21.969148,21.959749,20.418826,21.808899,23.371536,22.290243,22.631857,28.574818,24.557965,21.345238,24.119005,22.262096,23.437015,22.571084,25.209944,24.568258,24.340210,21.996016,21.705821,28.177119,25.722860,22.992391,23.937700,22.382582,24.330782,22.710152
WinMart+,22.352206,23.220762,20.364720,21.514406,19.394433,18.864901,19.847917,25.682417,17.851085,24.376338,20.890976,23.862843,0.000000,20.078634,20.765691,21.754564,25.494864,18.197496,13.907156,21.145373,23.104888,26.128919,21.452446,22.991924,26.178290,18.342291,25.042561,24.852105,26.535746,20.168447,22.876412,24.504417,24.610855,18.107133,24.152949,22.219377,22.628802,22.648891,19.370625,23.516933,24.283995,25.954057,22.666591,24.594848,22.422239,19.584682,26.159505,25.845219,16.972780,20.638588,24.132258,19.824562,21.485180,19.109402,22.999817,22.697828,19.572791,22.706284,17.025168,23.249791,28.076386,16.209713,21.988407,21.211848,21.909479,19.150136,22.387357,30.127239,18.142749,23.594193,26.610751,20.065957,25.705449,26.594643,22.092869,19.781158,30.034698,27.228099,17.384483,18.133561,24.833520,23.802201,26.540375,26.773081,23.209040,27.592166,23.093638,24.756091,23.034216,24.213009,22.051198,24.159034,23.869558,23.734708,23.633468,19.410268,16.287043,21.978945,23.845923,24.742576,22.719312,24.296433,17.755395,18.580561,22.833506,18.899384,23.731292,24.960501,22.950679,18.915129,24.684606,25.436994,20.208610,19.520782,26.206210,21.830869,26.060392,22.481620,19.217698,25.086673,24.678361,25.080604,22.939724,24.203525,23.358283,25.177438
WinMart+,20.398027,22.033270,17.711352,12.325846,19.878100,19.374481,20.401833,15.191010,19.648416,21.769139,13.956215,23.422727,19.450841,0.000000,14.923996,21.247613,14.590744,20.212478,17.259911,23.553805,16.798002,25.322244,21.609327,22.230503,22.395245,19.980416,22.536712,18.868413,20.043494,20.835136,21.661995,24.061320,20.201861,20.552017,19.504896,21.200881,21.518352,21.390652,21.754753,23.327290,20.332346,25.039822,21.545783,19.214165,22.400782,20.326018,25.269140,21.907237,20.030466,20.393786,22.628894,20.473151,21.592710,21.207374,19.745976,19.093816,21.436407,19.034918,18.370471,22.853992,23.183751,21.636976,24.331351,22.170752,22.253560,24.585648,20.915784,28.341726,20.156324,23.412056,24.126159,24.718134,22.385444,22.521512,22.809438,22.308017,28.394791,26.419710,23.779081,23.859168,26.211870,25.303318,25.264456,26.081556,21.209756,23.924185,24.694216,22.369944,20.064382,25.488266,23.521981,25.558145,25.180274,24.937341,21.468945,24.559374,24.379009,24.718195,20.824317,25.958344,23.864329,21.219648,24.189992,23.820625,24.027948,24.545074,24.687438,26.094366,21.124785,22.676654,25.690606,26.146098,25.377288,24.580895,26.926744,24.347293,26.770415,23.397667,23.471833,25.980120,23.627538,25.834053,22.041905,25.049041,22.469506,25.789671
Cục Dự trữ Nhà nước khu vực Hà Nội,22.721356,25.581819,21.135075,22.373057,22.633137,20.549361,21.989187,26.593451,17.229541,24.766261,15.715565,26.271730,21.071191,15.741247,0.000000,23.521214,26.133333,21.989403,17.385122,25.966259,18.351827,28.102805,23.275576,24.496352,24.092920,21.310092,25.041210,25.336779,27.005000,17.120135,23.469541,26.311503,24.986621,21.482196,24.554594,19.809306,23.275962,23.044010,23.239295,24.909959,23.304609,27.816959,23.289058,25.046094,23.782717,17.424867,27.861387,26.161232,20.686694,21.579435,23.036198,21.253029,22.782868,22.183552,21.616610,23.033563,22.487707,23.044884,22.907216,24.559415,28.425910,22.883180,24.757114,23.303110,22.261346,24.964616,21.085667,31.752493,20.959963,24.839888,26.811560,25.152147,25.979454,26.913959,23.159495,22.421633,31.523494,28.279146,23.847792,23.950125,27.161940,25.925832,26.916867,28.020562,23.395498,27.866587,25.166459,24.098163,23.306571,26.094701,23.440732,26.297810,25.618097,25.415122,23.820325,24.919667,24.703925,25.045551,24.121794,26.770801,24.065117,24.537193,24.470241,24.043180,24.303504,24.911171,25.080903,26.933078,20.820907,22.719464,26.356023,26.800778,25.895020,24.942012,27.806754,24.646932,27.599721,23.564717,23.535650,26.662618,24.775525,26.440290,23.027877,25.427419,23.441525,26.336254
Trường Mầm Non Đại Từ,19.907026,19.455912,19.578747,22.379681,21.639449,18.729930,16.530034,24.630049,20.613189,15.998129,21.150715,18.986234,21.649967,20.524119,21.715783,0.000000,24.685680,20.922962,17.909184,15.710257,23.391761,24.213508,19.657383,22.954198,16.490805,20.554956,20.949529,24.333216,25.466632,21.433126,18.958076,22.519687,23.331982,18.946043,23.927113,23.131745,18.305797,19.886044,18.908854,21.936284,24.495804,24.119023,18.633550,24.171443,20.772557,20.785407,24.552402,24.642940,20.403137,16.819476,24.406781,20.733353,19.842245,20.048120,23.504925,22.704379,19.145464,22.743625,18.663199,16.403776,26.596353,20.313746,22.287258,21.724637,22.155352,21.408790,22.972130,29.160818,22.872958,22.227676,23.775714,22.984401,25.056721,25.630645,24.235315,20.546166,29.170389,19.110211,17.878613,20.743842,24.245421,23.535739,26.137350,25.717874,22.754272,26.405497,23.015783,24.324614,22.931107,22.753726,20.785070,23.778549,23.609400,22.015861,23.177933,21.929532,18.329462,22.186689,24.741031,24.221237,21.279610,24.135817,19.687231,21.079792,22.927420,21.589732,21.998934,24.394105,22.902780,20.107281,23.776657,21.679322,22.946254,22.005950,25.010952,23.632873,24.011872,21.484977,21.133647,24.575772,25.293764,22.537850,23.536876,21.907106,23.932650,22.294611
WinMart+,25.173841,27.467239,22.343024,20.903541,27.715122,24.033624,23.759290,23.089637,24.081114,26.380604,17.787052,27.479606,25.107989,15.183380,25.321196,25.110585,0.000000,25.485805,20.293035,27.053619,28.686626,28.840510,24.642346,26.958890,26.042246,24.409777,26.215719,20.303299,23.223780,25.131649,24.631729,27.257969,21.714431,23.318229,20.749882,27.014523,24.519035,24.286714,25.330672,25.830279,21.700074,28.580657,24.505292,20.646867,24.799151,23.697004,28.565427,24.069793,22.622753,22.818000,28.578943,26.363592,23.850165,24.004645,20.854847,19.915268,24.285740,19.797712,20.854985,25.419455,27.525838,23.873166,28.858099,24.882261,26.325062,23.355621,21.946051,31.852351,22.540567,25.674105,25.923215,27.846915,24.363676,25.302929,27.555946,26.105893,31.607906,28.723648,21.584338,26.082899,29.918664,28.905445,30.443211,28.547494,21.925122,27.087195,28.311157,23.593330,21.047501,28.750785,26.197519,29.104097,28.281311,27.974862,22.362067,26.953669,26.775735,27.807929,21.999678,29.303818,26.561090,23.709045,26.307037,26.297306,26.854939,27.118493,27.254002,29.352387,24.155852,24.508107,28.606054,28.581593,27.811806,26.948225,29.605251,26.309280,29.386843,25.662132,25.446136,28.763353,24.179100,28.299064,22.362245,27.435520,22.819528,27.956170
Cà Phê Parkland,22.258331,23.267394,20.541146,21.577422,19.810249,19.938467,20.280518,25.022236,18.609528,24.292225,21.030384,23.869500,18.783179,20.279894,20.878818,22.122816,25.053300,0.000000,15.433126,21.452084,22.978198,25.892193,21.680094,21.055770,24.873231,12.554418,24.849259,24.559519,26.063809,16.771765,22.976057,24.444442,24.400969,17.924141,23.974049,21.344599,22.782304,22.777708,18.759918,23.545528,23.537806,25.756362,22.809812,24.349173,22.526896,17.421810,25.963462,25.564671,17.000076,20.937157,23.378018,19.047613,21.645788,18.720393,22.335604,22.613395,19.088599,22.633053,15.301032,23.278132,27.523442,16.339632,20.503548,20.486776,20.905342,18.806599,21.802786,29.542961,17.970318,23.613174,26.365532,22.715332,25.446151,26.220940,21.117162,18.680312,29.506872,27.042310,17.354572,18.038391,24.152280,23.026469,25.902151,26.573676,23.164719,27.165170,22.198763,24.618836,22.933755,23.592621,21.360690,23.434121,23.267513,23.106157,23.569527,23.221548,22.999759,21.155723,23.717483,24.148126,22.098885,23.947998,23.017284,22.254061,22.181472,23.050219,23.228941,24.416170,22.417271,21.520501,24.186080,25.103060,24.183799,23.270836,25.901417,23.328693,25.750435,21.970731,22.217836,24.653237,24.615136,24.712562,22.920877,23.812906,23.329951,24.874524
Trường Mầm non Định Công (Cơ sở 3),19.901853,20.343524,18.532278,18.966787,17.449850,15.662621,18.603129,20.447939,16.620252,19.546579,18.675680,20.886541,14.014856,18.440418,18.707596,18.997115,21.223738,14.724047,0.000000,19.387237,19.961043,22.705458,19.785007,17.120572,17.226168,14.541307,20.878433,21.664684,22.380894,16.311398,20.287569,21.824860,22.030593,15.062441,21.640675,19.532594,13.991125,20.480963,14.507094,21.573727,21.073798,22.600029,20.182095,21.663782,20.796791,15.816116,22.941530,23.008085,14.228100,19.195619,20.907040,18.241727,20.151017,15.864091,20.556167,20.845836,16.216837,20.869778,14.875024,21.269863,23.955584,14.311326,17.491733,18.009082,18.388030,16.440810,20.257966,25.556077,15.697376,21.778402,24.324834,17.703326,23.133896,23.378625,18.471911,17.127946,25.802084,24.648621,15.444269,16.562991,20.127859,18.102273,22.776730,24.101498,21.992886,24.233305,19.056858,22.950578,21.283419,17.329112,16.663976,18.412145,20.167802,17.298026,22.216634,17.831547,14.866549,18.781487,21.926914,20.468542,17.354375,21.453342,16.422502,16.991272,17.310332,17.226919,17.660613,19.451382,20.189233,17.683136,20.933137,17.809248,18.539384,17.955720,22.347371,20.391744,19.720989,18.057268,17.994892,21.391890,23.791542,18.715748,22.344689,21.232022,22.733418,18.826023
Highlands Coffee,25.041416,26.349140,23.771712,24.881795,25.998601,20.724198,25.707351,26.967408,21.292742,20.220030,24.821523,14.752055,22.188721,24.206343,25.123933,17.464573,26.672073,21.569318,19.302741,0.000000,26.987220,23.729982,17.668209,22.927902,17.244125,21.254742,13.631615,26.218506,27.076493,21.855455,11.196376,21.321962,21.996964,18.787925,22.578945,26.158310,18.397712,13.624965,18.790431,23.243156,27.333683,23.533236,11.876848,25.966884,20.868573,21.291994,24.121294,22.922726,19.983926,11.955500,27.155400,25.884806,19.824159,19.711728,26.281188,24.187540,19.033778,20.748378,19.488921,20.943473,28.103849,19.884268,22.363737,20.961065,25.949785,20.753973,25.222413,29.454332,21.622990,21.771532,22.541371,22.128558,26.370940,27.078901,26.660421,25.728341,29.402056,26.285973,17.982486,20.349607,23.906039,21.965178,28.470800,25.702865,21.422722,27.724326,22.918469,21.857318,24.219807,21.966960,20.501424,22.175361,23.464843,21.407895,21.677904,21.301338,18.272948,22.277280,24.925160,23.897790,20.754704,21.746766,19.431801,20.575375,22.196017,20.981388,21.337638,22.708097,24.392029,18.267590,22.933158,21.118743,22.142447,21.377628,24.013052,21.346440,23.104767,20.993480,20.773175,21.729616,25.597349,21.879087,23.877540,21.394943,24.265941,21.712371
WinMart+,22.086310,24.295845,20.026577,20.194264,21.650625,20.226239,21.617583,23.455519,17.517213,23.816241,18.157039,25.314741,20.577835,17.114183,14.279847,22.907783,19.506911,21.407195,17.522139,25.188090,0.000000,27.084673,22.835147,24.258073,23.463967,20.955024,24.255268,23.726790,26.799043,24.710985,22.980552,25.566753,23.749373,21.226413,23.287138,18.867913,22.844631,22.663026,22.748733,24.441983,18.180769,26.898113,22.862577,23.584334,23.410648,22.422636,27.015252,24.998929,20.541014,21.394005,23.416267,21.112933,22.497045,21.905021,21.579202,22.049515,22.185068,22.056613,23.078483,24.081755,26.875812,22.637015,25.436742,26.121514,22.371859,25.286130,20.854230,30.469128,20.737017,24.423877,25.985395,25.543808,24.949015,25.638105,23.492409,22.542292,30.341990,27.719794,24.091504,24.169049,28.111826,26.616676,28.264535,27.369248,22.846282,26.647859,25.692474,24.235115,24.662677,26.714339,23.673817,26.998514,26.191721,25.834502,23.239992,25.143895,24.904866,25.532411,23.246857,27.485016,24.271392,23.497670,24.607355,24.191274,24.526744,25.162125,25.347046,27.639897,20.728022,22.743470,26.853984,27.216301,26.216883,25.157341,28.414641,24.781037,28.166673,23.642094,23.690722,27.181456,24.437755,26.823304,22.763155,25.763869,23.177146,26.637014
WinMart+,26.201029,29.646651,24.324783,25.809864,27.864565,23.680864,23.670309,29.113243,25.125348,24.094552,25.855002,24.155766,24.701536,25.001228,26.217809,22.881915,28.287357,25.872938,21.034151,24.279331,28.936688,0.000000,20.905351,26.831432,22.667447,25.076411,24.536199,27.430417,28.575515,25.541598,19.685708,18.764112,20.220828,24.136677,21.007898,27.467334,24.771644,20.745655,23.127779,21.178450,28.926280,20.446999,22.788135,27.078550,17.614699,24.378631,21.861241,21.099532,24.362453,19.628547,28.702888,26.862097,16.309408,23.854786,27.404704,24.769224,22.619828,19.178377,26.366102,18.734447,29.679191,23.845982,28.887347,24.684557,26.800929,23.952137,25.954518,29.818767,25.568080,19.536164,21.190264,27.925059,27.337613,28.345406,27.807721,26.477598,24.710150,25.733139,21.264408,23.190377,29.754601,28.878471,30.203310,22.608369,19.606821,29.074467,28.357592,19.566718,24.768862,28.723967,26.564850,29.037624,28.335297,28.021355,19.808593,23.749742,21.179438,27.903100,25.561381,29.202596,23.332238,21.046367,26.805774,23.223207,26.990348,23.673154,23.920451,29.236936,24.802949,26.197735,28.565753,23.479893,24.539759,23.784640,29.439960,29.539454,29.241719,23.120866,22.821877,28.693218,25.400825,28.257376,23.611064,27.466565,24.014004,23.702983
Trường Mầm non Hoàng Liệt (cơ sở Tứ Kỳ),22.575710,23.143893,21.793428,23.071572,23.826648,22.668678,23.119280,24.961785,22.786392,22.866348,23.000553,17.117161,23.589160,22.539833,23.390622,20.683710,24.964326,22.850122,20.724367,18.925740,25.127988,20.102290,0.000000,23.877149,19.691993,22.466668,18.918515,24.802668,25.569900,22.928206,16.918399,18.325436,20.574446,21.017241,21.199755,24.563615,21.122099,14.948905,20.584118,21.400034,25.814240,20.161859,16.523112,24.663497,18.794613,22.283221,21.179186,21.294867,21.672656,15.451243,25.636365,24.518478,17.874450,21.333219,24.872475,23.188006,20.491001,19.619866,20.509762,18.900351,26.734550,21.412114,26.093990,22.284989,24.726934,21.893337,23.979009,26.739162,22.934517,19.907697,21.341638,22.944617,25.388252,25.953503,25.331751,24.582171,27.058275,24.713041,19.389133,21.393425,27.170319,26.508965,27.086264,23.752833,20.468008,26.652646,26.074570,20.663551,23.331230,22.773091,21.425683,26.660892,26.289144,26.068096,20.677666,22.114270,19.485370,25.937568,24.017210,26.895995,21.662783,20.763786,20.357097,21.516631,22.858607,21.906226,22.197175,26.966509,23.386759,18.819144,26.589185,21.912660,22.872556,22.171277,24.443464,21.661123,23.666795,21.712845,21.480957,26.775219,25.169309,22.551089,23.516938,22.059780,23.904741,22.334507
WinMart+,26.514053,28.629243,21.844934,22.839055,27.686809,22.597305,21.417007,25.707943,20.910459,25.296105,22.057540,24.515899,22.806962,23.809103,24.670957,23.374257,25.562066,21.425869,17.911898,22.411158,24.457235,26.122379,22.488583,0.000000,25.510149,21.720426,25.433835,25.019652,28.592398,23.504071,23.746968,24.865706,24.787649,21.693942,24.426934,21.584377,23.582884,23.432507,23.784249,23.984714,25.417557,26.015300,23.588415,24.797294,23.061902,21.549188,26.167972,25.785968,20.841841,21.803594,25.120240,17.754523,22.245394,22.493916,23.144146,23.296980,22.833767,23.106335,18.008127,23.765639,27.733744,19.263837,24.890666,23.695146,23.190182,25.041930,22.154361,29.299891,21.076258,24.000032,26.667989,25.286449,25.889774,26.681163,24.607573,17.997733,29.285048,27.069205,23.769882,23.897284,27.968474,26.348622,28.876063,26.653879,23.434846,27.506216,25.371450,24.848481,25.525669,26.493484,23.300552,26.785055,25.892270,25.610230,23.829774,24.968558,24.724858,25.199828,24.246843,27.328407,24.013161,24.255365,24.453142,23.971564,24.267567,24.974122,25.164665,27.505392,21.537381,22.563263,26.709059,27.127110,26.086472,24.991087,28.362735,24.649607,28.104679,23.434584,23.450786,27.064082,24.811668,26.715657,23.123038,25.577644,23.522678,26.544216
WinMart+,23.889808,24.621575,22.943369,23.885065,23.083255,23.934311,21.699870,26.364619,22.495972,26.353129,23.293158,18.376661,24.634386,22.563970,23.028958,15.893320,26.136063,23.129270,17.869643,16.467659,24.658147,26.752208,18.978629,24.836494,0.000000,19.168255,18.563865,25.534672,26.714526,23.211984,18.294957,25.360567,25.242789,19.457175,24.932255,23.737826,16.124857,19.032998,21.852281,24.329612,25.006171,26.598344,18.130843,25.306901,23.355861,22.222290,26.725960,23.066272,17.630890,17.032023,24.929867,21.909683,22.488691,22.408877,24.020605,23.560485,21.062638,23.617991,22.451580,16.635277,27.700220,16.270486,25.010778,24.383736,23.230760,23.070865,23.450588,30.027913,19.079748,24.319276,22.633836,24.858264,25.900271,26.607729,23.367940,24.382542,29.951961,19.017707,17.842943,18.631379,25.084988,24.146554,26.521489,27.114900,22.059140,27.333854,23.560340,23.339186,23.687844,22.813291,20.683098,24.462272,24.181232,21.878384,22.400857,20.099256,16.321996,23.724539,24.404168,23.151854,21.491022,24.136731,18.050556,19.125479,21.498540,19.549668,20.043549,24.992921,23.275393,19.340108,22.543545,19.956301,21.096861,20.217140,23.515981,22.741607,22.367693,19.983523,19.723104,24.117019,24.876806,20.950198,23.236923,20.463656,23.627138,20.868559
Trường Mầm non Sao Mai,21.847493,22.665066,20.385628,21.262860,19.690929,19.788792,20.169211,23.948306,18.724237,23.224641,20.778377,23.310973,18.986981,20.165750,20.653862,21.649826,24.230338,16.936390,12.382333,21.215689,22.489627,25.182290,21.448004,19.616472,23.963279,0.000000,23.974832,23.982064,25.227562,16.804498,22.524659,23.933449,23.950288,16.140230,23.553666,21.649786,22.356092,22.416381,16.150710,23.211541,23.370642,25.107255,22.385075,23.831662,22.274776,16.254449,25.336351,25.050593,15.236313,20.802759,23.201123,18.727626,21.470080,16.944620,22.405087,22.334487,17.322233,22.359647,14.831725,22.942548,26.682919,15.080109,18.732376,18.991870,19.550620,17.350919,21.906141,28.527130,16.562197,23.305481,25.929380,18.465562,24.966920,25.592087,19.748719,17.819987,28.577629,26.556113,16.177618,17.147925,22.119965,21.267446,25.247044,26.041773,23.001648,26.488017,20.577786,24.308613,22.658808,21.948816,20.309779,21.630627,21.794278,21.664639,23.380609,22.115876,15.430013,19.980814,23.403442,22.353945,20.976065,23.376228,16.919748,21.216429,20.978499,21.870561,22.038880,22.637069,21.339604,18.124744,22.668189,23.768909,22.951775,22.186025,24.304939,22.439051,24.214579,21.063930,21.455093,23.164259,24.473674,23.414299,22.838426,22.669202,23.237983,23.736729
KFC,23.013309,24.164350,22.037953,23.470180,24.695592,23.481777,20.047458,25.982656,22.865767,25.120829,23.543409,24.565510,25.199118,22.734895,24.026411,18.772689,25.703883,23.560367,19.954321,21.164984,25.957094,29.119954,22.771904,25.153953,16.740298,22.812203,0.000000,25.163130,26.315475,23.537154,17.644727,25.641767,25.365429,19.045481,25.957434,25.231445,18.480607,19.379525,18.940373,24.172560,26.519690,28.576878,17.129435,24.950672,23.882870,22.480757,28.532912,27.285924,20.467878,15.468656,26.430992,24.999918,22.627332,20.085671,25.303201,23.274318,19.139449,21.375444,20.022896,15.642020,27.314784,20.345594,23.868549,21.762594,23.382013,21.471678,24.583954,33.929677,23.126788,24.494268,25.603888,23.009898,28.756917,26.266554,25.928482,21.683098,33.322237,18.773390,17.854394,20.721326,25.477973,22.658847,28.027614,28.509012,23.835086,28.261533,24.260035,25.746432,24.641067,22.733664,20.753762,22.967633,24.638935,21.999905,24.354097,22.061262,18.389518,23.256493,26.238288,25.388105,21.251832,26.082521,19.716104,21.134023,22.944100,21.640993,22.023319,25.545670,23.533123,19.915864,23.805958,21.732026,23.033861,22.019010,25.064842,23.852222,24.106362,21.502761,21.080629,22.281704,25.890567,22.534530,23.957536,21.854297,24.367740,22.318123
Trường Đại học Công nghệ và Quản lý Hữu ,24.177386,25.753089,22.122665,21.159497,25.440410,23.312151,28.064102,22.211271,23.376801,25.103860,23.081744,26.242801,23.989721,18.091974,24.213798,24.247885,20.329263,24.320010,20.587468,26.049106,26.503022,27.529405,24.174854,25.534468,25.034942,23.650165,25.139000,0.000000,18.518118,24.214301,23.981395,26.313873,18.840400,22.906823,17.738283,25.587889,23.888943,23.708067,24.469294,24.317967,23.749867,27.206648,23.878956,11.196184,24.395823,23.202581,27.272476,21.426826,22.463031,22.550230,26.840726,25.357974,23.583590,23.567314,22.792889,16.408719,23.775454,17.723459,20.907734,24.724473,22.190348,23.474618,27.249137,24.274054,25.494204,22.951577,22.998460,29.886903,22.252506,25.176597,24.232112,26.768003,21.586790,21.386742,26.299627,25.283898,29.814326,27.712565,21.484234,25.483474,28.325366,27.528619,28.455403,27.611616,20.924638,24.056689,27.033326,22.262516,18.550380,27.495032,25.577525,27.699913,27.170846,26.902742,21.214883,26.159677,26.008627,26.769211,19.487356,27.921218,25.767151,21.335684,25.658183,25.573386,25.987647,26.268477,26.393218,27.987143,23.845968,24.091355,27.465339,27.579920,26.904675,26.167541,28.390798,25.685923,28.217776,25.053562,24.950182,27.638813,23.587013,27.327475,21.842134,26.595609,22.309653,27.111370
Không có tên,25.962232,27.914307,23.820010,23.470408,28.347037,25.067485,30.843642,26.069341,25.064339,26.978883,25.403295,27.836714,26.127576,19.762793,26.205888,25.815146,24.801593,26.365659,21.505453,27.423157,25.114724,28.943343,25.265844,27.957534,26.581173,25.332318,26.706291,19.013877,0.000000,25.899260,25.223972,28.702984,22.035833,24.030017,20.893820,26.506659,25.145214,24.918263,25.944175,25.981275,26.183507,28.754853,25.123926,19.714746,26.164208,25.887279,28.726809,24.721958,23.378039,23.488247,27.525465,24.396729,25.228275,24.648521,24.258747,19.416483,24.899882,19.795174,25.685470,25.860576,28.095194,24.383796,28.571375,25.396554,25.519024,27.278454,24.729056,31.651111,23.225092,26.370390,23.019563,27.614149,24.312782,25.380940,26.676601,25.365189,31.448170,28.812620,26.058240,25.854974,29.722553,28.680884,29.582969,28.664434,22.011856,27.392550,28.062130,23.825752,20.758827,28.543359,25.923132,28.889433,28.042150,27.757696,22.478963,26.747674,26.566995,27.555114,21.768804,29.110539,26.326643,23.874784,26.116085,26.076498,26.619828,26.907698,27.049287,29.165430,23.518309,24.316925,28.420657,28.420625,27.630846,26.754820,29.464246,26.139930,29.240370,25.449633,25.235360,28.590633,24.137380,28.136553,22.287422,27.250087,22.749683,27.803272
WinMart+,19.025575,20.347672,21.257202,22.136072,17.686735,21.455237,20.932422,24.628841,20.150201,24.115662,23.223900,23.849335,21.319169,24.419294,25.320212,22.550700,24.753936,18.167050,17.459366,21.893362,25.351449,25.485549,22.023762,23.513151,24.573266,16.235017,24.535512,24.403228,28.310447,0.000000,23.099333,24.319828,24.296890,17.160085,23.935861,23.384981,22.958221,22.923385,17.624639,23.564127,25.922177,25.409961,22.977578,24.233663,22.676724,15.491178,25.604041,25.303041,16.336360,21.400020,25.669609,20.084485,21.901025,17.909808,24.097531,22.688069,18.247725,22.726261,13.428048,23.314156,26.849810,15.886850,21.494257,24.899111,21.687480,23.774922,23.049684,28.557644,17.342718,23.618142,26.060972,23.893034,25.171480,25.802692,21.961454,18.464734,28.598226,26.674053,22.687058,23.035571,26.631284,24.765388,28.390668,26.199814,23.216388,26.624160,23.546468,24.505584,22.942852,25.225839,21.984293,25.324599,24.690930,24.347112,23.590952,24.063411,23.789748,21.820668,23.667308,26.127857,22.810730,23.495853,23.653870,22.912277,22.986677,23.952886,24.167872,26.399221,23.245645,21.801965,25.694318,26.412394,25.268243,24.099289,27.685490,23.948812,27.422559,22.469924,22.706923,26.172989,24.568405,25.945599,22.947875,24.776451,23.342883,25.899911
Không có tên,22.064957,22.521617,21.398636,22.604260,23.345121,21.843350,19.661101,24.417076,22.001844,21.869653,22.639145,22.035757,23.277329,22.003617,23.074996,18.668539,24.449911,22.410264,19.702077,11.118854,24.536467,26.052419,16.879189,23.784348,17.276716,21.951867,18.410241,24.165646,25.107840,22.563463,0.000000,23.893558,24.274883,18.896171,24.809092,24.143887,18.500881,15.896243,18.862282,23.185231,25.259168,25.876064,12.281624,24.032361,22.878143,21.849155,14.692681,25.662815,19.972156,12.101933,25.193752,24.112792,21.895154,19.728539,24.330174,22.704794,19.044583,20.998887,19.856240,14.092036,26.059775,19.954410,23.059780,21.065717,22.767665,20.958305,23.822130,30.237327,21.901582,23.464239,24.588793,22.349095,27.463720,25.251964,24.935101,21.342063,30.167981,18.116663,17.991360,20.417246,24.560988,22.129515,26.661294,26.737225,23.343584,26.982349,23.534979,24.976362,23.939866,22.139980,20.476547,22.403282,23.953199,21.583977,23.783456,21.507822,18.404004,22.735880,25.330992,24.551747,20.908737,24.700483,20.240582,20.768717,22.424991,21.193742,21.551456,24.690887,23.046621,19.392540,23.180223,21.324398,22.384622,21.592238,24.288918,23.021508,23.365366,21.192414,20.842972,21.911415,25.542290,22.084579,23.757556,21.528677,24.154018,21.927272
WinMart+,24.651816,26.253840,20.499291,24.716129,25.992608,22.908321,24.439903,27.099764,24.256250,23.013374,24.726490,25.431782,23.814960,24.110511,25.072435,22.248651,26.774689,24.915324,20.901080,25.293140,27.143836,18.081729,20.694223,25.808544,23.511134,24.328018,23.594047,26.316970,27.207452,24.751416,21.105983,0.000000,20.769792,24.795619,21.497034,26.219957,25.411922,20.595873,23.809984,21.880798,27.496125,15.772245,22.334725,26.058379,14.568756,23.846514,17.649648,21.681193,24.930139,17.718969,27.307167,25.911430,13.440322,24.452496,26.338795,24.177609,23.267331,19.642689,25.722317,25.446232,28.304364,24.419021,27.619812,25.153115,25.973154,24.431430,25.201208,23.661195,25.939452,17.381281,21.607544,27.079048,27.170415,27.250719,26.747515,25.737199,23.209935,22.951415,21.973664,23.695220,28.551653,27.815360,28.711292,21.169555,18.964372,27.936409,27.359813,18.700533,24.225163,27.761944,25.941380,27.965813,27.453455,27.189382,19.142747,24.149436,21.819462,27.076888,24.989002,28.162135,23.787506,21.251938,25.381049,23.691305,26.314159,24.116957,24.330540,28.212913,24.340946,24.768499,27.701498,23.893915,24.883935,24.185223,28.551540,27.983647,28.388092,26.162632,25.408276,27.855514,25.455874,27.544134,23.685535,26.848067,24.084136,26.615013
MM Mega Market Hoàng Mai,29.972394,32.656099,24.729529,20.660486,30.535689,27.517660,31.140108,21.070817,27.893145,28.523776,21.991002,31.087033,22.725376,18.598522,28.863640,29.067852,19.958000,23.025020,20.387528,30.004370,30.931512,28.419562,26.432901,24.021856,26.584805,22.634644,29.331992,18.501530,20.616248,23.089906,24.633810,28.147065,0.000000,27.943847,11.449180,23.904385,28.945799,25.511177,26.503638,24.443946,23.615815,30.769424,27.042898,18.905715,25.057457,22.442530,30.564584,16.575164,27.721937,26.506590,24.605698,23.014732,23.954099,27.115822,22.856435,18.895325,25.602991,13.345288,20.669968,26.386746,23.167643,26.999300,25.487380,27.678584,23.958756,26.664157,23.000196,34.259933,28.635939,25.419047,19.554550,27.090823,22.323435,22.456219,24.462066,23.871478,33.718936,29.900148,26.900329,25.703458,26.615692,25.988599,26.082214,30.171917,19.896312,23.939882,25.569003,21.591837,19.941163,26.070659,26.109636,26.146920,25.840796,25.633933,20.228456,26.725042,25.528681,25.499682,21.676094,26.399105,26.416857,21.440491,24.066772,26.365786,24.909899,26.876767,27.037310,26.481328,22.819505,24.476344,26.158959,26.373669,27.517495,26.726958,27.045380,27.075898,29.289167,26.894083,25.371661,26.362652,23.736925,27.987502,22.080794,27.106877,22.519262,27.351635
Trường Tiểu học Đại Kim,21.609499,21.800067,21.070221,21.535960,20.661037,22.654270,19.464797,23.118069,20.137919,20.948823,21.207426,21.381605,17.987307,20.696318,26.104454,18.586951,23.397685,19.656993,15.288001,19.582888,22.278992,24.934717,21.179267,20.669218,19.413496,16.369375,18.960187,23.275379,24.165118,17.495098,18.551535,23.213615,23.775259,0.000000,24.275110,25.263627,11.666404,19.238771,15.660058,22.675123,26.329609,24.859603,16.837717,23.194955,22.454094,16.994434,25.129101,24.949960,13.583429,18.124353,26.266570,22.994586,21.585673,18.324300,25.308154,22.058360,17.452869,20.828355,21.455817,22.655578,25.204234,16.028760,24.081182,21.955748,23.693987,21.314324,24.610940,28.713034,16.676924,23.006894,24.108838,23.693591,26.818329,24.491737,23.832412,23.637190,28.753910,19.654235,15.950887,17.391014,24.177379,23.149374,27.612429,25.938485,23.088781,25.193446,22.593932,24.553979,22.305160,21.604465,19.611821,23.500608,23.411507,20.813112,23.498023,19.095977,15.045694,22.934971,24.871768,22.276977,20.516798,24.021875,17.079299,18.002953,20.509790,18.386710,18.955390,24.197534,22.626029,19.392988,21.704873,19.004040,20.118795,19.244571,22.802115,22.985965,21.559325,19.166865,18.960791,23.443336,25.334451,20.117924,23.637222,19.704949,24.024182,20.121879
Không có tên,17.843859,30.707288,16.838594,20.797440,23.832697,22.559119,29.071612,21.298640,22.628130,27.472640,22.211769,29.272670,22.976281,18.590960,23.202327,28.030128,20.104665,23.277251,20.455688,28.612974,24.849711,27.248053,25.675097,24.309383,25.995828,22.847930,28.245442,18.490530,20.904331,23.318526,24.206083,27.108116,12.097858,27.181059,0.000000,24.203524,27.973507,24.964087,23.642128,23.969806,23.915748,29.355305,26.396588,18.940565,24.599622,22.611987,29.286349,13.229663,27.069829,26.000401,24.925560,23.219921,23.628149,26.544606,23.082365,18.938904,23.171832,12.990588,20.749591,25.826696,23.654844,26.453956,25.822209,27.078440,24.185021,26.204735,23.234280,32.492110,27.883352,24.957578,19.789779,25.747388,17.075617,22.789525,24.738058,24.082372,32.172458,29.116105,26.461076,25.369163,26.956685,26.294711,26.452820,29.231241,20.011817,24.357910,25.859843,21.516997,20.043348,26.357025,24.767819,26.457577,26.107616,25.889999,20.308850,26.327293,25.210374,25.756514,20.852683,26.705006,24.964541,21.545956,23.878041,25.983120,25.125795,26.449409,26.604962,26.787249,22.966536,24.283095,26.425145,26.679542,27.060802,26.339751,27.326589,26.723903,27.193645,26.527085,25.128863,26.624540,23.707515,26.447926,22.061630,25.805551,22.500065,26.964977
Không có tên,25.190076,27.778317,23.462803,24.888236,26.551636,23.439153,23.939553,28.878039,21.925492,26.800691,18.504149,27.937250,24.569083,21.782222,21.579002,25.403327,28.033597,25.037740,19.737525,27.438029,18.883760,29.319165,24.882297,24.246368,25.769897,23.963230,26.538828,26.894093,27.605648,24.772345,24.827135,27.630766,25.097370,22.992386,24.706999,0.000000,24.725838,24.475539,25.039819,26.065381,22.844924,29.033672,24.710385,26.522040,24.991758,22.035918,28.981197,26.179628,22.285390,22.934347,22.254098,19.826852,24.005261,25.094494,20.277525,22.316567,24.854312,23.253594,22.895632,25.624299,26.964339,24.489069,25.841973,26.325658,21.675658,25.424530,19.877305,32.410725,23.960150,25.892890,26.155989,25.740088,25.181577,25.917184,22.838593,21.970785,32.106788,28.988863,24.050405,24.132802,28.947301,27.092524,28.877954,28.866300,23.524989,26.892354,25.987710,24.968374,24.956521,27.126420,23.591064,27.538048,26.465798,26.065529,23.940060,25.228588,24.967334,25.702495,23.467945,28.055430,24.278969,23.681896,24.637378,24.191700,24.563491,25.267885,25.469183,28.210917,20.122288,22.647817,27.216021,27.521877,26.416981,25.245326,28.915654,24.817027,28.616510,23.590312,23.630127,27.556388,24.512774,27.092704,22.823713,25.915232,23.233352,26.835143
Cà Phê 3k,22.240900,22.525912,21.635133,22.598637,23.109053,22.030942,20.316891,23.952854,22.105859,22.048910,22.613994,22.280307,23.047296,22.069110,22.928063,20.002451,24.092768,22.423653,16.116496,20.902325,24.131545,25.180688,21.860156,23.492677,18.633167,16.884621,20.767680,23.877290,24.674552,17.593023,19.913658,23.620512,24.022406,14.327827,24.482545,23.857135,0.000000,20.262343,16.854755,23.032379,24.790236,25.112605,18.499596,23.771434,22.840200,22.184674,25.337075,25.127742,18.488286,19.387487,24.744323,23.338406,22.020300,17.771104,24.029849,22.602027,17.581652,21.194603,20.315774,23.033395,25.497381,18.747883,22.172302,19.494397,23.917401,19.632930,23.576827,28.531982,22.309048,23.323670,24.300766,21.584461,26.800789,24.826644,24.041288,23.896218,28.582903,20.114361,20.500209,19.974241,24.369316,21.471553,25.959952,26.021689,23.292285,26.371356,23.127772,24.695593,23.722182,22.456118,20.155934,21.744267,23.715954,21.618585,23.686895,21.495934,17.108659,23.329831,24.962581,24.562183,20.689522,23.996915,18.927361,20.437863,22.715145,21.022628,21.547870,24.464273,24.142691,20.646258,23.723814,21.227827,22.717281,21.595795,25.165752,24.686395,24.006703,21.065481,20.699996,22.033469,25.382694,22.268871,23.714795,21.571997,24.092200,22.020035
Không có tên,22.282265,22.702726,21.624198,22.776529,23.433898,21.340768,22.547682,24.453146,21.654738,21.155058,22.818074,18.048761,22.516158,22.196215,23.177746,18.968635,24.564178,21.948404,19.712585,19.766420,24.653084,20.143121,15.737277,23.108413,17.787198,21.608366,18.952377,24.275284,25.195137,22.140892,15.898010,18.708669,20.518884,19.083174,21.088511,24.267795,18.820207,0.000000,19.028487,21.230876,25.346165,20.337924,15.531817,24.143869,18.951011,21.584565,13.643906,21.229196,19.926975,14.297132,25.266807,24.224801,18.133766,19.738090,24.438689,22.814298,19.158482,19.563513,19.856536,13.121658,26.121966,19.929536,25.737316,20.851937,24.396735,20.736669,23.850989,25.795137,21.430781,19.899601,21.159691,21.979945,24.854802,25.325932,25.023935,24.376446,26.194678,14.061871,18.228771,20.347724,26.799114,21.862488,26.635351,23.306557,20.487831,25.983427,25.808412,20.815621,22.977838,21.851589,20.408080,22.054017,26.008615,21.366124,20.765695,21.253924,18.511989,25.692601,24.764263,26.592246,20.768800,23.838890,19.663796,20.602106,22.085941,20.965978,21.290310,26.673601,23.156556,18.942156,22.768157,21.100772,22.023360,21.338082,23.773708,22.117352,22.916469,21.003531,20.761766,21.690072,25.285982,21.815012,23.613046,21.377885,23.995292,21.671869
WinMart+,23.125334,23.897132,21.985279,22.879509,21.890079,22.697963,21.595257,25.254496,21.268803,24.884567,22.374804,20.491419,18.725192,21.712744,22.143178,19.027734,25.273494,21.029437,14.569114,19.106550,23.790965,23.486922,20.520686,22.064504,21.122266,16.156829,18.559910,24.824296,25.966949,17.841925,18.373918,22.236255,24.649418,15.993809,24.324204,23.722229,13.694352,18.959762,0.000000,23.923177,25.048891,23.503543,17.110556,24.641867,21.754268,17.100097,23.814022,25.581523,13.772114,18.080226,24.936888,19.047583,21.031944,18.255439,24.032035,23.036914,20.024015,23.088785,16.547457,21.944472,27.087995,14.225658,21.696890,22.763385,19.800289,18.883190,23.386568,26.731210,16.932402,22.268663,23.327327,20.476693,25.416555,26.054269,19.984344,22.311490,26.913830,19.405606,16.131791,17.552830,22.470967,20.528970,26.576293,24.764977,22.617892,26.821215,20.803606,23.851683,23.232401,19.307264,17.716417,21.007956,22.024922,18.888677,22.970923,19.249426,15.118131,21.522824,23.947480,21.190271,18.793089,23.667228,17.170403,18.138384,18.762288,18.546890,19.115469,22.226840,21.500655,18.679509,21.902464,19.143305,20.296864,19.394079,21.534472,22.249557,19.341356,19.285938,19.092395,21.842878,24.676319,20.266675,23.060577,21.563846,23.451198,20.255098
WinMart+,28.237500,30.229405,23.346495,22.010164,28.889306,26.218109,28.421959,22.507054,26.783188,26.907757,27.460214,28.707053,26.650959,20.343276,27.614389,27.554168,21.843569,27.258171,23.470872,28.076067,29.468803,26.617732,25.009522,27.838550,25.488276,26.590069,27.793741,20.988632,22.650159,26.887542,23.535134,26.524220,16.361739,26.728570,18.271300,28.384985,27.520241,24.318251,25.535398,0.000000,29.373648,28.930995,25.914927,21.079129,24.016332,25.849748,28.887278,16.896462,26.651928,25.558870,29.201129,27.830497,23.020847,26.122366,28.261602,20.331483,24.801295,13.777976,27.216390,25.325391,24.212672,26.042077,29.276041,26.701027,27.699173,25.832309,23.597732,32.344714,27.523367,24.439336,19.154508,26.329229,24.700068,23.483644,28.494879,27.380151,32.014892,28.847080,26.124092,25.003075,29.890329,29.225064,30.223403,28.916143,19.684456,23.547023,28.823220,21.358631,20.235833,29.082119,25.433448,29.332491,28.775766,28.508174,20.001562,26.018620,24.858326,28.434111,21.492949,29.449007,25.716793,21.240254,23.517562,25.645646,26.499747,26.121488,26.292065,29.464207,25.958736,23.962460,28.913809,25.703476,26.766775,26.031851,28.960487,26.469951,28.497495,26.248704,24.822168,29.014902,23.683268,27.271860,22.026530,26.471840,22.470229,26.706081
WinMart+,24.703670,26.625902,21.726800,22.035720,25.395660,23.224434,23.728482,24.724464,22.039065,25.939230,18.134393,27.013765,24.039692,20.242382,21.853553,24.888678,21.569633,24.438211,20.137135,26.697696,18.683522,28.287541,24.552161,25.151203,25.225579,23.675357,25.856449,23.915299,26.164453,25.321067,24.484094,26.907706,24.305918,22.889247,23.879800,21.203447,24.394046,24.189284,24.612873,25.660882,0.000000,28.097963,24.388616,22.323025,24.711975,23.094587,28.116393,25.463727,22.317519,22.894621,20.199288,18.559042,23.834999,25.391480,17.479521,21.602502,25.211851,22.571208,23.572356,25.242341,26.020390,24.786467,26.281861,26.499900,20.869736,25.678801,15.174461,31.020514,24.263869,25.535233,25.629651,25.973934,24.499134,25.103937,21.783108,21.290767,30.857790,28.388021,24.462806,24.463160,28.635482,27.149637,27.883819,28.195431,23.137548,26.139540,26.246479,24.481290,24.409354,27.163226,24.110912,27.502950,22.389823,26.243502,23.536652,25.420005,25.190065,20.232052,22.854755,27.928900,24.634957,23.039796,24.845901,24.505931,24.907742,25.480262,25.661659,28.058113,19.605277,22.955358,27.219986,27.479821,26.491294,25.437441,28.705935,24.988514,28.446728,23.919422,23.941390,27.514334,24.280461,27.101260,22.630128,26.041599,23.044764,26.858511
Trường Tiểu học Chu Văn An,27.434142,29.931971,25.751142,26.811459,28.497949,25.288023,28.732210,29.380498,26.152193,25.962825,26.875047,26.250808,25.935213,25.994497,27.103960,24.782308,28.750512,26.750588,22.389440,25.961191,29.296299,24.050237,23.211203,27.480426,24.119514,26.034261,25.879161,27.840604,28.940986,26.400793,15.362553,17.855937,23.368957,25.369176,23.930138,28.081182,26.024580,14.989043,24.350562,25.195818,29.252273,0.000000,17.782387,27.495130,15.913908,25.310774,17.116291,24.606056,25.373121,17.823038,29.062962,27.507596,14.950900,24.954951,27.880697,25.300819,23.769464,21.840972,26.919775,15.847633,29.763120,24.931259,29.186901,25.633922,27.344353,24.880329,26.659173,15.966888,26.410897,17.789101,23.790493,28.296779,27.565683,28.483174,28.291034,27.087228,28.092483,24.628407,22.477478,24.135365,29.915210,29.162706,30.285481,23.083089,19.787031,29.101638,28.714834,19.863235,25.219142,29.020648,27.024492,29.292393,28.679211,28.390644,20.071680,24.542888,22.286538,28.303069,25.971805,29.432110,24.206682,22.831091,26.384514,24.113247,27.463811,24.536496,24.747297,29.459969,25.422754,25.750353,28.862948,24.293843,25.272427,24.583207,29.631538,29.205509,29.446672,23.901929,26.297502,28.977693,26.076050,28.569408,24.251494,27.857908,24.641522,24.412613
AEON MaxValu Linh Đàm,21.111210,21.239173,20.670277,21.867858,22.361065,20.609496,18.862762,23.427146,21.218869,20.106687,21.900396,20.563009,22.099098,21.343025,22.308179,17.465322,23.663994,21.522000,19.127754,18.364919,23.684128,24.711283,16.699662,22.885573,16.014841,21.185958,16.023708,23.509224,24.383549,21.793771,12.023307,22.878378,23.574797,16.824063,24.109864,23.431847,15.312710,15.830222,17.331779,22.476244,24.526936,24.633836,0.000000,23.415219,22.141153,21.239540,17.070575,24.800393,18.102831,14.398573,24.465049,23.507670,21.244395,18.302657,23.693321,22.242382,17.867991,20.553508,20.410896,16.374107,25.365915,18.321555,22.378056,19.840712,22.244317,19.889030,23.214383,28.832697,20.138298,22.755209,23.951418,21.524429,26.812795,24.651513,24.311464,22.054324,28.862959,18.554184,16.929015,19.337303,22.138806,21.437654,25.884401,25.860892,22.936900,26.320042,21.149207,24.434830,23.467144,21.164989,19.531138,21.669578,21.868900,20.680421,23.345842,20.528742,17.265062,21.548119,24.788773,21.049180,19.932531,24.006536,20.804302,19.716488,21.541588,20.105531,20.520077,22.307529,21.491779,19.889625,22.344598,20.386138,21.414259,20.638456,23.520950,24.079812,22.508178,20.359324,21.538164,21.166398,25.297739,21.251254,23.575717,20.788984,23.967809,21.143339
WinMart+,24.643586,26.192937,22.825575,22.208556,26.149315,23.897653,28.462317,23.575019,23.945767,25.594257,23.892561,26.664534,24.652526,19.351185,24.811176,24.714770,22.240951,24.930393,21.148335,26.434829,27.068441,27.906351,24.637285,26.028316,25.451214,24.218449,25.536046,12.126932,21.064718,24.737284,24.352734,26.683998,20.100517,23.300279,19.140232,23.432885,24.276621,24.092092,24.908152,24.721324,23.040482,27.539461,24.262633,0.000000,24.771880,23.676060,27.586320,22.386247,22.874879,22.919887,27.261535,25.774596,23.962603,23.962022,22.212253,15.301308,24.164643,18.737849,21.346210,25.032968,20.598693,23.783772,25.377195,24.627271,25.852425,23.305056,22.419060,30.108904,22.601745,25.519229,23.978214,25.402082,20.954469,20.358732,26.670525,25.616459,30.015446,27.911966,21.831776,24.486144,26.694458,25.969099,28.768986,27.853602,21.304360,23.513875,25.484321,22.660581,17.885998,26.056083,24.364861,26.149950,25.792336,25.564008,21.608083,25.087915,24.943490,25.411471,18.842596,26.436399,24.600370,20.927088,24.714653,24.490679,24.760619,25.130273,25.255521,26.527942,24.167781,23.306564,26.156617,26.459765,25.805041,25.120031,27.145258,24.807126,27.001910,24.072202,24.075104,26.380719,23.503991,26.209216,21.747673,25.534027,22.225791,26.117395
WinMart+,23.687061,24.512307,19.726392,23.914468,24.717471,22.401492,22.061805,25.640205,23.589616,22.384450,23.892089,22.281667,23.169066,23.458139,24.188199,21.860290,25.584982,24.141110,20.839153,22.588699,25.784709,17.728367,20.704675,24.932173,21.927492,23.708500,22.918196,25.368936,26.054886,24.075951,19.828920,15.412266,20.121284,22.920437,20.731239,25.190267,23.205901,20.554892,22.337531,20.767813,26.288709,12.430596,21.998706,25.220927,0.000000,23.363718,18.523347,20.749293,23.223896,18.196405,26.119596,25.068047,11.184183,22.893235,25.409390,23.731054,22.051432,19.288032,25.084810,22.888083,27.074745,22.900422,26.480295,23.532589,25.199382,23.066375,24.505472,19.802533,24.052429,14.729111,20.942415,26.239963,25.786282,26.365833,25.787051,25.028954,19.156208,20.993001,21.025800,22.562955,27.410268,26.800911,27.379661,18.276993,17.948633,26.991254,26.405617,17.382558,23.798133,26.817373,25.306640,26.934465,26.574623,26.359911,18.067164,23.028331,20.944311,26.248492,24.021961,27.139889,22.704002,20.340855,24.212859,22.592684,25.620910,22.937538,23.150700,27.195266,23.869387,23.617419,26.824532,22.838974,23.661932,23.075001,27.621679,26.642936,27.487919,22.591297,24.374306,26.993118,24.929832,26.781827,23.371232,26.178349,23.754818,23.087600
WinMart+,24.807874,26.267442,20.712290,21.371212,25.233977,20.553999,23.884205,23.110353,22.712413,22.596358,21.187355,26.586407,20.286104,22.760755,22.757589,21.619848,23.463705,18.237677,16.028133,21.292113,22.410844,27.674540,24.552476,22.610811,23.207725,16.830891,23.210065,23.385483,26.469027,16.640267,22.264185,26.547119,24.953070,17.307815,24.657634,20.574612,22.148043,22.224347,17.738298,25.516921,23.305972,27.554194,22.173678,23.296113,24.684527,0.000000,27.598251,25.805819,16.624977,20.963393,23.041162,17.800118,23.902190,17.962581,21.970504,22.670757,13.508236,23.435455,11.709460,25.177136,26.272238,16.161402,16.999612,23.152054,19.098368,21.879761,21.366035,30.083084,17.423053,25.408120,25.831314,21.758091,24.961049,25.508538,19.383306,16.563768,30.006427,27.993684,21.238580,21.837557,23.430309,21.907827,26.020095,27.746530,23.667342,26.261112,20.771770,24.868978,24.726465,22.845288,20.335815,22.508571,22.532972,22.314142,24.037330,22.691071,22.428564,19.812582,23.585753,23.556998,21.226611,23.177747,22.534405,21.518543,21.262503,22.432662,22.647616,23.939349,21.756700,20.947040,23.726310,24.918982,23.821317,22.764740,25.880084,22.934133,25.697524,21.277746,21.725894,24.334918,24.509624,24.448699,22.947790,23.406750,23.333644,24.668429
Trường Mầm Non Hoạ Mi,27.214081,29.282062,25.710333,26.678078,28.150846,25.269258,28.304622,28.967266,26.070882,25.860750,26.724224,26.113123,25.860502,25.923886,26.938422,24.799935,28.455474,26.627294,22.541021,25.871108,28.931916,24.247181,15.373635,27.312226,16.673338,25.968888,16.536797,27.651434,28.668064,26.310366,14.874362,19.035998,23.471292,18.819805,23.997361,27.854781,17.187406,14.210365,18.828625,25.183080,28.951227,17.290965,17.424474,27.337687,17.026177,25.292606,0.000000,24.638307,18.400446,17.355229,28.771708,27.353578,16.074260,19.419928,27.697208,25.253074,19.008038,21.991190,26.831318,14.513523,29.464363,18.499552,28.915762,20.267066,27.221130,20.184202,26.558865,27.265833,19.446237,18.576479,23.853657,28.131548,27.419644,28.277260,28.092117,26.974170,27.616971,15.272934,18.248140,20.880285,29.634858,28.932945,29.939686,23.306648,20.031053,28.865941,28.510155,20.172511,25.171738,28.811315,26.937030,29.057273,28.495615,28.226355,20.307414,25.377208,25.223281,28.144695,25.905227,29.197137,19.523866,22.781029,22.619102,19.353148,27.344915,19.615695,19.913739,29.230141,25.401069,21.859851,28.678564,19.854722,24.758925,20.025798,29.421733,25.536760,29.251695,19.876909,23.060086,28.798821,26.049634,28.420621,24.264789,27.744943,24.645116,20.473309
WinMart+,31.042729,34.517693,25.482123,23.238503,31.728158,28.362077,33.410170,24.179011,28.620681,29.678408,29.648048,33.047910,28.670223,21.168633,29.738586,30.179699,23.537660,25.002436,24.550336,31.472894,32.059863,29.703822,27.319584,25.828666,27.297020,24.464392,30.470161,22.517355,25.080025,24.855723,25.284608,29.267788,16.669223,28.793595,19.604346,30.470608,30.003671,26.266894,27.131503,25.148609,25.654377,32.260323,27.806379,22.481736,25.639970,23.998401,31.901425,0.000000,28.460678,27.130828,31.311364,29.548979,24.433360,27.788716,24.661299,21.170774,26.103258,11.874014,28.468513,27.088292,26.576583,27.647287,31.185629,28.358325,29.231426,27.204712,24.770599,35.920741,29.432711,25.977219,19.936620,27.604877,25.494139,25.199790,30.256625,28.794750,35.157493,30.696161,27.426810,26.152867,31.631853,30.861472,32.284781,31.067990,20.141770,24.344907,30.423013,22.032864,20.670366,30.594459,26.553449,30.967225,30.210948,29.888628,20.521947,27.192205,25.947553,29.839414,22.026242,31.030477,26.888275,22.131391,24.381284,26.833767,27.651389,27.391272,27.543894,31.016326,27.019418,24.786273,30.296161,26.813044,28.032623,27.194162,30.287573,27.486141,29.872367,27.336523,25.726854,30.356267,23.885626,28.498766,22.165204,27.549230,22.614080,27.795286
WinMart+,20.568036,20.482482,20.496882,21.034859,20.025070,21.813709,18.897681,22.463358,19.510210,19.496484,20.684052,20.084989,17.094775,20.357570,25.730725,17.572858,22.864651,18.899488,14.617017,18.666582,25.811248,23.168701,20.223564,20.018836,17.966784,15.553179,17.882570,22.967899,23.660726,16.812872,17.853324,21.956947,23.097797,14.726910,22.791005,24.878759,17.090434,18.508178,13.856134,21.777251,26.075749,23.117367,16.605045,22.906154,21.538382,16.453812,23.451938,23.662822,0.000000,17.653735,25.900115,22.642740,20.828588,15.789311,25.147456,21.840108,16.433533,21.895575,20.934283,23.899092,24.918223,13.414570,23.505276,20.344118,23.415645,20.170159,24.250178,26.253897,16.784704,22.067417,23.159659,22.977999,23.902914,24.243109,23.459413,23.239439,26.459611,22.434521,14.743145,17.652008,23.619701,22.521546,27.301988,24.543076,22.509682,24.955447,21.983021,23.558391,22.111946,20.833790,18.351177,22.898932,22.975109,20.134557,22.763235,19.703789,14.567666,22.479753,22.743171,21.719725,18.708409,22.048812,17.125757,18.349274,21.239546,18.880699,19.582488,23.688617,22.373117,19.284297,22.417025,19.528379,21.025599,19.858706,24.090423,23.657854,22.676886,19.614831,19.387102,20.752505,24.093634,20.826808,22.655115,20.249393,23.030835,20.729083
Trường Tiểu học Chu Văn An,20.491850,20.403325,20.211731,21.294356,21.521672,19.826447,18.558305,22.479985,20.596115,19.218154,21.243908,19.729690,21.127150,20.829961,21.602725,17.272970,22.831427,20.790042,18.866099,17.976389,22.806059,23.354690,16.105299,22.004963,17.152228,20.608474,16.247648,22.830563,23.526397,21.139648,12.514202,18.119296,22.855982,18.045204,23.351605,22.668365,17.115238,15.131307,18.225215,21.825561,23.714009,17.586454,15.676280,22.777466,17.082413,20.761767,16.869284,23.841761,18.962703,0.000000,23.581348,22.880648,16.494123,19.088363,23.024662,21.790769,18.568063,20.215403,20.703884,15.965496,24.540460,19.062630,21.726725,20.378990,21.768223,20.269642,22.581028,21.883594,20.605202,17.998775,23.257588,21.686322,25.940596,23.945982,23.597757,22.201941,22.560663,17.170885,17.631022,19.767536,22.225069,21.590677,24.899688,20.772667,22.521848,25.458143,21.312266,19.387116,22.926176,21.354220,19.911446,21.795522,22.020196,20.884086,22.883876,20.749709,17.789015,21.715587,24.131998,21.205995,20.217867,23.099150,20.810817,20.025477,21.666994,20.393551,20.762646,22.365355,21.658285,19.883474,22.402406,20.607694,23.398721,20.844921,23.480161,24.137327,22.548898,20.555537,21.610090,21.291448,24.975049,21.390897,23.365668,20.963204,23.743076,21.272514
WinMart+,26.207566,28.548390,24.506824,25.907045,27.788199,24.703445,24.809949,29.536092,23.805816,27.586282,20.868714,28.489012,25.918088,23.051279,24.448402,26.216939,28.642907,26.206294,20.942559,27.961490,22.834115,29.659922,25.574120,25.812540,26.496890,25.071562,27.171231,27.470869,28.124296,20.413772,25.486875,28.092446,25.582878,23.764070,25.238561,23.417975,25.412223,25.143587,25.797148,26.540721,25.317374,29.395846,25.382628,27.086709,25.522453,18.257371,29.319244,26.556606,23.072694,23.596386,0.000000,16.271173,24.569774,25.578645,19.702009,22.894504,25.409330,23.762536,23.753946,26.136582,27.376501,24.924439,27.045999,26.773937,17.189227,26.029869,17.313700,32.496315,24.480551,26.329877,26.427847,26.377891,25.573860,26.336484,19.824836,16.822883,32.201813,29.204344,24.633163,24.605040,20.381148,27.718831,25.932640,29.127772,23.832967,27.212192,20.959075,25.277677,25.257027,27.658349,24.294620,28.081617,20.639867,26.646440,24.248336,25.681848,25.443599,20.218792,23.919764,20.934238,24.911684,23.954484,25.055758,24.750697,25.214433,25.777227,25.965084,28.604961,18.653169,23.090673,27.646282,27.825635,26.800162,25.701646,29.144591,25.190624,28.859410,24.126519,24.050622,27.929242,24.671374,27.440023,22.987237,26.311562,23.392687,27.135867
WinMart+,24.440805,26.098839,23.263078,24.254519,24.947223,23.128267,23.616021,26.694065,22.096976,25.547874,19.789381,26.574175,23.830832,21.848731,21.963850,24.651150,26.471698,19.152006,20.340204,26.333167,20.587875,27.779195,24.385263,17.838601,24.970718,23.540184,25.530043,25.903248,25.880385,18.376050,24.319400,26.551347,24.505721,22.849342,24.180065,20.016210,24.242864,24.053846,24.417404,25.450504,22.408328,27.639545,24.232941,25.658941,24.562850,16.254755,27.683784,25.434072,22.553810,22.858803,16.280162,0.000000,23.740648,22.533679,18.623418,22.177177,22.085821,22.983955,14.851236,25.052137,25.841300,22.424303,19.090446,23.207397,15.466121,22.127164,17.023519,30.335115,21.728126,25.347087,25.551255,22.056112,24.583095,25.094869,15.899896,15.281183,30.232556,28.048363,21.534474,22.017164,17.612608,22.261591,22.507302,27.836705,23.384646,25.916955,18.845968,24.568393,24.420783,22.967750,20.823330,22.715333,18.696347,22.506576,23.745170,22.765656,22.539192,18.251737,23.183527,19.132259,21.535340,22.863206,22.615391,21.750448,21.585250,22.558779,22.748970,23.848986,16.910099,21.140571,23.681313,24.727555,23.765583,22.835724,24.492381,22.969035,24.375425,21.499712,21.879308,23.082593,24.351954,23.386715,22.779908,22.500510,23.175592,23.761750
Trường Mầm non A Tứ Hiệp,23.674495,24.396012,18.402448,23.872129,24.585086,22.479339,19.954975,25.424057,23.562367,22.483325,23.840104,22.427583,23.172795,23.455864,24.108876,21.992311,25.399778,24.068448,20.977604,22.677817,25.574059,15.667407,20.953067,24.805630,22.007903,23.666790,22.931348,25.219463,25.841012,24.007296,20.081295,13.473686,19.052531,22.932184,19.640967,25.037236,23.201432,20.761522,22.380473,19.336293,26.058486,18.200357,22.070798,25.077870,11.460346,23.338571,19.119346,19.493475,23.209569,18.567717,25.895355,24.928080,0.000000,22.899048,25.249103,23.765140,22.093884,18.505990,24.960009,20.986862,26.804890,22.899783,26.238518,23.490095,25.058287,23.041573,24.396789,16.825915,23.962939,11.229816,19.930591,26.046971,25.728910,26.274757,25.597560,24.901326,15.994598,19.417885,21.107743,22.565699,27.134295,26.566544,27.073268,15.827544,17.002121,26.864398,26.186309,16.151209,23.812039,26.587362,25.171939,26.687826,26.365594,26.159868,17.066140,22.988982,21.011017,26.054474,23.082509,26.881872,22.687913,19.384966,23.323849,22.580467,25.461381,22.909318,23.112326,26.941102,23.806276,22.724408,26.601007,22.815111,25.031269,23.040916,27.365184,25.695936,27.241082,22.572810,23.587455,26.763572,24.333254,26.577241,22.994513,26.006119,23.301065,23.047088
Cà Phê KOK,21.495503,21.593264,21.282450,21.907189,20.960569,23.690870,19.844854,23.485169,20.476432,20.961908,21.495886,21.385331,18.465895,21.077643,26.438631,19.181152,23.760190,20.103081,15.738835,20.094381,26.594629,24.185997,21.219391,27.195990,21.276270,16.836963,19.666243,23.686235,24.477701,17.891598,19.194276,22.872565,23.711439,18.495494,23.410444,25.507479,14.903673,19.632998,16.698494,22.493454,26.853745,24.154512,17.963795,23.585626,22.288376,23.810619,24.424623,24.417471,15.493339,18.866112,26.661528,22.861341,21.548365,0.000000,25.656222,22.359384,19.097328,22.423881,20.865307,22.364134,25.638374,14.994532,24.058765,19.210719,23.737565,18.978836,24.643815,27.212368,13.351496,22.773780,23.769072,23.546843,24.451898,24.879029,23.815631,23.595799,27.347658,19.884982,13.203675,16.316788,24.185884,22.841585,28.207196,25.270039,22.959129,25.576746,22.156955,24.114719,22.581037,20.726549,18.595594,23.308849,23.297195,19.906503,23.286527,18.496894,13.519213,22.706495,23.233317,21.828960,19.656325,22.585302,16.215136,17.110202,19.633116,17.532333,18.264402,24.195649,22.488283,19.026698,21.167853,18.421411,19.716012,18.681702,22.514309,20.039121,21.469720,18.693262,18.549026,23.274932,24.327385,19.771497,22.844425,19.347941,23.215465,19.814312
Không có tên,23.934404,25.457282,20.821591,20.986542,24.261090,22.681860,23.320069,22.866237,21.618330,24.997680,17.667290,26.127438,23.278779,19.472662,21.355503,24.202693,20.553657,23.649105,20.167003,25.946201,17.853217,27.341171,24.091285,22.613082,24.531120,23.088225,25.059072,22.738677,23.959959,23.339747,23.954867,26.178943,23.280536,22.548034,22.893493,19.334696,23.878251,23.704407,23.996857,25.180177,16.569204,27.117779,23.877141,21.460401,24.321425,21.601942,27.196204,24.337212,22.124773,22.581095,18.408736,17.737946,23.532998,24.189460,0.000000,20.968960,23.911137,21.857909,22.356393,24.708681,24.503101,23.790931,23.474284,24.957848,18.568085,24.137506,14.543933,29.743808,23.244540,25.099246,24.750141,24.261973,23.533796,23.882700,18.645978,19.251887,29.680979,27.661587,23.311471,23.471807,21.654034,24.888231,22.121653,27.520058,22.692372,24.838919,24.158240,23.773077,24.062310,25.157196,22.960880,25.206332,20.567400,24.554880,22.955181,24.227133,24.028200,21.324382,22.158867,25.710257,23.395645,21.932358,23.875150,23.386414,23.552414,24.187810,24.353727,25.883888,18.251349,22.295713,25.452538,26.015882,25.150017,24.269416,26.888476,24.080557,26.714755,22.980211,23.123481,25.804718,25.020999,25.672690,23.283975,24.796529,23.691701,25.650251
Trường Đại học Kinh tế - Kỹ thuật Công n,22.659748,23.582608,21.277487,20.605586,23.060979,22.062338,29.545857,20.974868,22.126744,23.272705,21.739488,29.504001,22.381521,18.806212,22.578372,22.791470,20.069684,22.634031,20.239068,28.987123,23.932695,28.182148,27.067530,23.518900,23.381817,22.269258,23.405983,16.028690,19.326862,22.672970,25.693493,27.961844,19.193163,27.708991,18.595675,21.938577,28.316631,26.260803,22.955681,25.832186,21.587967,29.322024,22.623293,14.228057,26.031824,22.051196,29.232655,25.266324,21.587747,26.699405,22.605243,21.334123,25.347476,22.392734,21.075431,0.000000,22.541762,20.969380,20.396846,26.642002,14.226766,26.999170,23.510036,22.948030,22.304586,21.947107,21.198733,31.271093,28.018365,26.141449,19.400018,23.820854,14.703684,10.998805,22.644877,22.280872,31.065715,28.913772,23.233120,25.942514,24.681618,24.144973,24.004705,29.052420,22.122337,14.976477,23.757256,23.584436,13.524402,24.296645,23.052229,24.284561,24.127021,23.956702,22.462990,23.728846,23.610019,23.816803,14.094642,24.558121,23.250630,14.933311,23.494772,23.206018,23.347220,23.713562,23.820312,24.651605,21.410110,22.352229,24.450384,24.854069,24.304779,23.754075,25.327544,23.607286,25.229740,22.900076,22.969769,24.670563,21.658319,24.632664,20.395327,24.091621,20.765234,24.652465
WinMart+,26.690055,27.886059,21.652813,22.335465,21.420204,21.936121,21.346164,23.999956,20.949312,23.626859,24.227558,20.413303,19.144407,25.018030,25.797360,19.227496,24.204577,20.697466,16.270045,19.317160,25.909234,22.916123,20.443841,26.551503,20.641371,17.462596,18.858707,24.044678,27.944046,24.669640,18.655748,21.905433,24.010116,17.665733,23.719572,24.618538,15.277322,19.099698,20.018942,23.429059,26.276912,22.959236,17.666388,23.924752,21.530412,22.364640,23.250906,24.857192,16.367141,18.443710,26.055439,22.254235,20.903470,17.940320,24.927067,22.617119,0.000000,22.676861,14.704720,21.647574,25.997164,15.686407,22.301322,18.020917,22.984766,17.506700,23.933936,25.645764,16.798904,21.996758,22.972268,20.693740,24.724119,25.191556,23.109904,22.859898,25.867891,19.474411,14.653533,19.885327,23.250893,20.678206,27.929800,24.178577,22.419337,25.884348,21.001401,23.440651,22.812284,18.943786,17.076920,21.348919,22.507162,18.485297,22.727304,20.693043,20.384693,21.866531,23.471956,21.465539,18.420449,22.851827,20.910324,19.190736,18.373656,20.088501,18.325610,22.863480,21.821011,19.509262,22.315619,20.162400,21.951207,20.814798,21.802185,21.544931,19.154033,17.244577,20.141176,22.187301,24.434285,19.793900,22.927232,21.775539,23.303166,21.161730
Trường Quốc tế Singapore,29.676133,31.867332,25.345195,20.333527,30.172635,27.585804,30.777795,20.622635,27.861989,28.487144,21.474324,30.674585,22.126661,18.613238,28.712486,28.932816,19.720899,22.391843,20.117595,29.767806,30.524130,28.509823,26.813696,23.282553,26.699270,22.074147,29.093898,18.594427,20.198619,22.473731,25.025701,28.204976,20.529245,27.879803,13.162149,23.145293,28.775290,25.815334,26.557442,25.039029,22.867224,30.347535,27.071423,18.899211,25.497325,21.916222,30.162994,22.585672,27.654185,26.544066,23.759480,22.405827,24.581579,27.088367,22.243455,15.707735,25.682871,0.000000,20.333632,26.466789,22.251682,26.966502,24.569701,27.564852,23.274964,26.601333,22.343558,33.248065,28.396359,25.733494,20.915089,26.959231,16.967735,17.561504,23.683589,23.209555,32.818433,29.534486,26.799221,25.697020,25.634669,25.085712,25.076640,29.783918,20.436991,16.479561,24.701815,22.028212,15.742192,25.186891,26.047657,25.217956,24.994220,24.811022,20.771302,26.573688,25.491419,24.688578,16.418190,25.461666,26.317175,16.718304,24.101344,26.261405,24.170439,26.738872,26.878340,25.537830,22.267186,24.450189,25.287595,26.243289,27.298714,26.572170,26.117289,26.851996,28.906893,26.703421,25.288998,25.483640,21.983031,27.719755,20.762647,26.899195,21.105181,27.109718
WinMart+,24.181535,25.385049,23.240718,23.992858,24.391957,17.981637,23.496654,25.744979,22.310767,19.645248,21.012228,25.856975,17.467422,22.435045,22.253095,19.272258,25.713738,15.797081,15.731660,25.719433,21.937265,26.892113,24.125639,21.999853,18.132986,15.329003,20.558926,24.314992,25.606769,13.939695,20.187099,25.920218,24.525795,16.397971,24.250288,20.477053,15.118745,23.858118,16.627617,25.075242,22.713082,26.805317,20.127688,23.254426,24.314635,11.826590,26.889756,25.323200,15.688046,19.383037,22.483059,18.456190,23.604137,16.075299,21.697998,22.431783,14.819207,23.151351,0.000000,24.736195,25.641141,15.402377,14.936286,17.514843,19.231047,15.551358,21.170701,29.087672,15.696691,24.999446,25.433589,15.878464,24.546863,24.993341,19.401300,21.247673,29.071236,27.400569,20.104963,20.848171,20.995134,19.850635,25.022016,27.151294,23.490792,25.695900,18.877540,24.554323,24.355337,20.982304,19.170394,20.401948,20.840561,20.722756,23.809388,21.539256,21.302290,20.225485,23.309804,21.503733,20.017693,22.685806,21.583369,20.419454,19.953858,21.186932,21.386447,21.926134,20.594138,20.254568,22.073268,23.548785,22.553110,21.633389,24.203288,22.047096,24.091240,20.329010,20.897253,22.740385,24.358484,23.109225,22.861832,22.214332,23.237445,23.533716
Trường Tiểu học Tam Hiệp,29.944354,32.029441,28.233754,28.871223,30.479643,28.028358,30.786597,30.993055,28.262005,28.914053,29.009721,29.250954,28.299764,28.132866,29.143420,16.111561,30.303463,28.674787,24.783728,28.690537,30.788466,29.253615,14.254421,29.156145,15.845676,27.927384,15.269733,29.293864,30.323987,28.183156,13.886354,25.315063,25.747026,17.849989,26.132046,29.709301,17.366121,13.169703,17.966222,27.696112,30.485944,15.663346,16.119870,28.947962,22.321099,27.080549,14.073112,26.969618,23.690429,15.661487,30.437599,28.971248,21.069180,18.443025,29.285414,26.742809,18.179243,24.083050,28.135156,0.000000,30.740968,25.149877,30.449247,19.267067,28.688386,19.374754,28.292097,25.294645,25.745411,21.722910,25.843227,20.438214,28.661254,29.570354,29.608584,28.440646,26.035538,15.053135,23.983786,21.645959,30.911110,30.261526,31.335168,23.373968,20.161352,30.024932,29.919428,20.477037,26.499396,24.868162,23.439124,30.376258,29.690831,24.220539,20.452491,26.863354,26.683114,29.380993,27.218926,30.458130,23.853937,24.221596,23.876568,23.767146,24.762452,24.167001,24.374486,30.458179,26.841190,22.980769,29.892027,25.704443,26.317901,25.084829,26.051117,27.443899,25.457193,23.630617,24.085478,29.967714,26.710941,24.445328,24.909613,23.861196,25.275680,24.128228
WinMart+,27.168387,28.901976,25.647139,26.012545,29.698000,26.438187,30.733383,28.732782,26.389066,28.039736,27.193020,28.942806,27.563503,23.029720,27.509910,26.878405,28.571973,27.689698,23.090587,28.461571,30.072819,29.841171,26.435527,28.517168,27.491077,26.676893,27.572059,21.623780,28.704924,27.111767,26.094708,28.529171,23.992298,24.973519,23.239228,26.492504,26.047823,25.809893,26.939530,26.477502,26.333954,29.518218,26.011575,17.880100,26.241002,25.676798,29.456389,25.873666,24.556299,24.455615,27.216629,24.900637,25.377603,25.699379,24.953380,14.173463,25.906658,26.421677,22.984244,26.556950,0.000000,25.188880,28.030449,26.270178,25.801687,24.844586,27.340966,31.950095,24.083515,26.903575,24.591181,27.338077,21.263236,20.620802,26.630564,25.565463,31.725353,29.263255,26.107453,25.901431,29.012736,28.187941,28.796283,29.349469,25.253410,24.959756,27.686036,27.366033,17.585555,28.102059,26.097950,28.350864,27.758164,27.462757,25.812100,26.595347,26.445206,27.347402,18.671322,28.549715,26.260222,21.929964,26.044762,26.025257,26.502993,26.746975,26.870058,28.601972,24.061019,24.425930,28.012271,28.049802,27.362492,26.615812,28.912158,26.054127,28.726764,25.470626,25.332027,28.172180,23.623555,27.804774,21.775921,27.056983,22.268254,27.530675
Delícia Coffee & Lounge,20.872218,20.873546,20.556747,21.555693,21.814366,20.388700,19.102101,22.695134,20.940156,19.998357,21.523558,20.501829,21.526968,21.114492,21.846216,18.210577,23.012262,17.069066,14.134970,19.012086,23.003846,23.678768,20.538682,22.266550,15.667198,14.762565,18.341577,22.985954,23.653513,15.718875,18.183684,22.340021,23.081950,13.952452,23.552340,22.632054,15.476966,18.833934,13.579040,22.057891,23.718015,23.681005,16.833683,22.924301,21.825197,21.216368,23.992590,24.048000,12.920576,17.937314,23.585295,22.610483,21.078915,14.874044,23.021759,21.928436,18.196527,20.492917,19.137011,24.441009,24.607051,0.000000,20.995373,16.760552,23.215072,17.551815,22.569603,26.997466,18.006592,22.361631,23.445415,20.129379,25.987627,24.024145,23.329304,23.134711,27.163515,22.861103,18.642566,12.928996,23.399592,20.214574,24.924388,24.953594,22.686049,25.535610,22.071337,23.900290,23.060749,20.931424,18.640394,20.535624,22.912960,20.255966,23.042779,20.040675,15.027670,22.493070,24.239623,23.736235,19.084487,23.143157,14.785853,18.742921,21.529629,19.290950,19.960171,23.522976,23.528076,19.357332,22.680120,19.850448,21.355077,20.192938,24.316900,24.277875,22.945206,19.893818,19.654070,21.000333,25.014021,21.109643,23.420783,20.507504,23.793006,20.980927
UBND phường Khương Thượng,27.247167,28.691869,25.923797,26.909438,28.197149,24.266129,25.943986,29.140006,25.910981,25.425028,24.806029,28.453433,24.538379,25.460857,26.699910,24.342442,28.579300,23.893617,20.038109,28.075200,26.813456,29.217258,26.361336,27.788579,24.097167,21.781162,25.418690,26.719515,28.696312,25.671230,24.412014,28.138205,26.606411,23.642084,26.377826,25.415839,22.977356,26.024308,21.823569,26.968707,27.089796,29.077576,24.295049,25.572023,26.180704,22.999971,29.036627,27.290083,22.914615,21.793221,23.212768,22.781135,25.407328,22.954810,24.512792,24.317339,22.323802,24.992551,18.703357,26.705632,28.014053,22.703728,0.000000,24.204316,24.287156,22.676388,22.838714,31.337043,21.918871,26.754406,27.005738,22.642925,26.420623,27.126061,24.500364,24.211114,31.228053,29.008901,21.489712,22.166400,26.609567,23.359454,27.451417,28.905516,24.693845,27.738333,21.305511,26.031735,25.944167,24.449346,20.342711,24.439895,23.701988,23.377235,25.085110,23.453194,23.108498,22.586187,25.025744,25.862143,21.605407,24.473419,23.096874,21.964678,21.745033,23.211958,23.494344,26.311055,22.224719,21.074615,25.357176,26.379587,24.943447,23.517816,28.055149,23.514637,27.695046,21.597396,21.957830,26.013146,25.142651,25.780434,23.528746,24.276171,23.900247,25.771413
WinMart+,27.996801,22.741072,22.388818,23.091752,28.854078,24.853521,20.892970,24.713382,21.934725,22.501359,25.817308,22.730701,20.807313,26.328613,27.599553,20.800787,24.820480,21.950452,18.066729,21.643463,27.903864,25.134097,22.262547,28.827652,23.825815,19.290527,21.599822,24.552062,29.269422,27.146475,20.702333,23.775432,24.448087,22.470471,24.178114,26.632279,17.197036,20.885615,21.765790,23.217970,28.098553,25.092217,19.556601,24.412842,23.046724,24.777584,25.293132,25.115772,20.380679,20.253426,27.888001,23.399166,22.296471,17.859268,26.537839,23.037295,21.354453,23.106139,21.204751,23.151958,26.370222,17.424224,25.367905,0.000000,24.423483,20.019048,25.320872,27.999002,17.176634,23.478312,24.351705,25.267248,25.059283,25.557561,24.563602,24.394479,28.073960,20.761707,12.698193,17.778761,25.483601,23.843597,29.541590,25.914280,23.407580,26.200873,22.882275,24.641027,26.410979,21.236579,18.435514,24.414561,24.066725,20.094979,23.781102,21.891729,14.852003,23.360626,23.827127,22.363891,19.765449,23.127585,17.246134,20.367796,19.746911,21.431340,19.523971,25.272972,22.898939,20.193547,21.533333,21.229977,23.273625,21.994246,23.045628,22.412449,20.255460,18.021864,20.973158,23.904469,24.590830,20.768501,23.084023,20.552021,23.455262,22.055667
Siêu thị B11 Kim Liên,23.550710,24.944222,22.604945,23.421182,23.758394,22.253463,23.021706,25.424019,21.355588,24.578663,19.335966,25.647853,22.291154,21.299807,21.045921,23.878640,25.420573,21.255057,18.275225,25.521396,19.830813,26.840693,23.781448,24.350263,23.994470,19.536714,24.700494,25.118813,24.833097,22.098129,23.704673,25.767778,23.946026,19.208782,23.630085,19.176519,23.635133,23.476785,20.046214,24.871855,21.013154,26.692410,23.635174,24.935964,24.050881,19.114136,26.786661,24.838374,18.708741,22.426278,16.359151,14.456270,23.300331,23.579246,20.889015,21.797860,23.160639,22.573249,16.396193,24.468804,25.076474,23.226521,21.123784,24.489414,0.000000,23.377737,18.762891,29.221293,22.534618,24.815562,25.070717,23.583169,24.056855,24.452141,17.134028,15.815179,29.199114,27.361146,22.468217,22.814179,21.565908,24.296092,23.968435,27.138601,23.119040,25.244182,21.955674,24.161189,24.070858,24.640919,21.865504,24.794722,16.833545,24.013670,23.396604,23.724713,23.471487,20.973061,22.780833,21.732596,22.529694,22.275900,23.384271,22.640882,22.267569,23.602611,23.459135,25.684032,17.626704,21.650373,24.708570,25.601595,24.855022,23.775149,26.804352,23.680714,26.575349,24.153508,22.524605,25.301971,24.996042,25.224861,23.345503,24.123568,23.733051,25.287114
WinMart+,27.721743,29.271628,26.335670,27.376358,28.863983,21.096957,26.324679,29.761501,26.445283,21.324462,25.341296,21.468916,18.761575,25.922403,27.389390,19.513043,29.075963,24.489754,16.434618,20.524208,27.592154,23.653471,21.277862,28.757699,20.855989,17.415008,20.447368,27.115299,29.233043,26.626032,19.954200,28.532670,26.942639,20.242934,26.719334,26.150606,17.062820,20.149174,18.809441,27.279382,27.812251,23.673409,18.981249,25.928246,22.137031,23.791058,23.908499,27.621387,18.779215,19.538774,27.667975,23.171805,21.500983,18.439258,26.087946,24.593294,17.411028,25.269976,19.372087,22.355777,28.429160,17.177163,24.377416,22.438079,24.017044,0.000000,24.973951,26.327424,16.995291,22.547813,27.265442,23.534564,26.722757,27.488441,24.189565,22.910477,26.535508,20.181630,14.356116,19.561847,23.564218,22.362449,29.629494,24.667767,22.758293,28.090295,20.805944,23.928848,26.202506,18.000705,16.046009,23.210155,22.521384,17.767315,23.079859,20.587905,20.234623,21.786784,25.283407,22.754137,17.803840,24.777712,20.863559,18.853215,17.776629,19.854747,17.803980,24.565333,21.703655,19.318573,23.550059,20.005402,22.020535,20.713754,21.852005,21.578854,18.839723,16.813312,19.900097,23.215237,25.256344,19.582662,23.613281,22.479082,23.989792,21.156167
Cà Phê Big One,24.642597,26.269954,23.477946,24.417968,25.299735,23.517807,23.764642,26.817171,22.671841,25.737265,20.662742,26.486864,24.204932,19.454331,22.779682,24.842402,26.481905,24.484266,20.744838,26.257617,21.664460,27.581033,24.451760,23.790719,25.133819,23.810744,25.722310,22.476633,23.674083,22.424165,24.551017,26.454231,22.976156,23.105598,22.627531,21.577523,24.415873,24.222756,24.584479,25.421072,16.570130,27.461240,24.409046,22.431785,24.583683,20.665005,27.505558,23.962996,22.526202,23.015348,19.145356,18.214557,23.801402,24.573284,12.891197,20.657351,24.368812,21.672849,18.374721,25.177637,26.642196,24.164551,24.612614,25.423068,18.857980,24.831805,0.000000,30.114207,23.828402,25.311158,27.585496,24.983519,22.999139,23.258368,19.173254,19.616191,30.079097,27.897074,23.791523,23.878001,22.291447,25.648378,23.561070,27.648848,22.499122,24.135956,22.400598,23.728102,23.328388,25.820059,23.427783,26.003650,20.991471,25.221289,22.834984,24.812679,24.620560,21.742354,24.837179,22.247880,23.997032,24.939299,24.409589,24.019348,24.236928,24.817895,24.945063,26.618716,18.345608,22.715696,26.107725,26.571018,25.730497,24.820956,25.819870,24.576751,25.681648,23.556901,23.495191,24.653338,24.600291,24.706103,22.921911,23.835795,23.325826,24.885666
Trường Mầm non Đại Thanh,30.570197,34.312916,28.263112,29.141702,31.519646,28.020685,32.335333,32.199326,28.342665,29.355658,29.372976,30.008901,28.412361,28.244799,29.536444,27.651357,31.100117,28.894049,24.063016,29.094318,31.851506,30.659003,26.030575,29.491761,26.249547,27.942220,28.538783,29.732658,31.036539,28.263475,24.293937,23.484346,25.213154,27.575774,25.713070,30.271578,28.511876,25.401096,26.189646,27.686580,31.273602,15.864230,26.436746,29.287222,19.248352,26.906293,19.000304,26.720998,27.209594,18.608306,31.196354,29.268152,16.930811,26.695320,29.701637,26.668077,25.280184,23.365735,28.196958,26.208303,31.537077,26.659483,31.120992,27.334264,28.895289,26.471450,28.381537,0.000000,28.349280,18.030240,25.427072,29.776210,28.932280,30.061033,30.061480,28.572844,23.422206,21.621874,23.860251,23.455983,31.607576,30.795010,32.262920,20.327616,18.539618,30.605008,30.366100,18.285177,26.425234,30.529866,28.237015,30.927433,30.063665,29.842752,18.787046,28.216860,28.049534,29.688642,27.213891,31.004235,25.546600,24.158430,25.685991,25.481470,28.825201,25.946787,26.125760,30.998848,26.678577,24.893899,30.267787,25.564240,27.860009,26.424561,30.951733,29.085843,30.744533,25.065101,25.599531,30.344181,26.627947,29.804064,24.712682,29.012232,25.103277,25.547311
siêu thị 24h ninja mark,22.796513,23.208945,22.233068,26.296728,27.154031,22.834579,21.355515,27.905970,25.508843,23.059886,24.719259,23.073281,23.521783,25.157071,25.990469,21.560911,27.533250,24.100839,15.922025,22.213170,25.994735,25.055944,22.557221,26.525110,17.777528,16.538154,22.522308,26.153579,27.565726,25.207254,21.500348,23.857834,26.939958,16.713179,27.253906,25.097381,20.799175,21.476883,16.425111,23.309323,26.206384,25.031609,20.492597,25.263591,23.162909,23.603587,25.195699,28.153478,17.239313,20.930072,26.134572,23.519296,22.465898,17.779909,25.157363,24.179967,21.787748,23.947029,21.135535,24.701416,27.158168,19.413106,23.907558,23.425969,24.330861,22.039356,23.446843,27.685651,0.000000,23.532244,26.909627,23.492508,25.925032,26.467884,24.469250,24.325680,27.809292,23.405349,18.833199,17.970703,25.220777,22.888027,26.203506,25.733275,25.396997,26.968833,23.360771,26.893786,25.504023,22.365212,18.755894,23.323575,24.097321,21.080960,25.838169,21.017855,13.632574,23.554866,27.011097,25.380177,19.487404,25.938117,17.270627,19.091446,22.817515,19.968766,20.889055,25.427293,24.589177,19.234074,24.332804,20.574406,22.937999,21.065031,26.423542,22.002279,24.884484,20.453213,19.948494,21.789876,26.435837,22.126481,24.697694,21.122170,25.056710,21.827766
Trường Mầm non Tứ Hiệp (điểm Cổ Điển B),24.214351,25.064922,20.251455,24.337396,25.118366,23.004072,22.405059,25.926100,24.000745,23.095136,24.327914,23.122574,23.661438,23.939539,24.580052,22.548601,25.863203,24.510303,21.387224,23.296352,26.072730,19.234577,21.552162,25.217731,22.461822,24.087031,23.454312,25.648490,26.270373,24.420649,20.588868,17.924193,20.500056,23.399061,21.045117,25.495558,23.710549,21.301842,22.800389,21.178532,26.499381,19.115101,22.540802,25.501528,14.990424,23.720490,19.942973,21.110441,23.649930,19.100353,26.337553,25.347245,11.104655,23.318958,25.676190,24.005498,22.481991,19.661695,25.300837,21.947218,27.217392,23.315450,26.648426,23.903003,25.447408,23.414214,24.782362,18.257018,24.384131,0.000000,21.216449,26.385148,25.961764,26.537548,26.008214,25.271052,15.069187,20.207712,21.473449,22.915323,27.503512,26.935153,27.486967,13.020466,16.729721,27.114199,26.559219,15.671416,24.031776,26.937929,25.502926,27.051989,26.713233,26.499613,16.790193,23.315114,21.354310,26.402530,24.697275,27.238523,23.025100,20.381312,23.799709,22.920457,25.790837,23.255920,23.455801,27.289471,24.152565,23.203021,26.934853,23.137540,25.503305,23.365733,27.681404,26.215174,27.551269,22.876697,24.017663,27.091502,24.904066,26.884749,23.388063,26.308521,23.761919,23.343289
WinMart+,30.228937,32.425110,26.098100,24.137974,30.717892,28.179892,31.533263,24.893980,28.395553,29.135961,29.199903,31.382569,28.421277,22.655761,29.263952,29.549766,24.553315,28.804343,25.062756,30.462381,31.077710,29.265702,27.558998,29.230451,27.315338,28.077787,29.718952,24.053503,25.683993,28.313020,25.737050,28.943146,22.015413,28.502530,23.185242,29.876983,29.420810,26.532167,27.158109,25.862625,30.733900,31.023753,27.716421,22.533102,26.207651,27.181584,30.830436,24.375253,28.272559,27.161347,30.561590,29.166818,25.219564,27.701523,29.616466,18.834764,26.273790,24.766337,28.272116,27.127357,24.347312,27.577305,30.497138,28.168808,28.913919,27.173401,28.036730,33.835079,28.994414,26.429437,0.000000,27.502262,24.261271,22.656770,29.745343,28.541164,33.394143,30.106682,27.369428,26.261466,30.927936,30.281677,31.391367,30.407136,22.190469,22.199633,29.908589,24.805640,18.233795,30.079798,26.604946,30.367603,29.764066,29.480081,22.779035,27.120151,26.049496,29.437604,19.658884,30.433346,26.879809,20.015961,24.643004,26.827044,27.526613,27.306421,27.444284,30.426960,27.063107,24.972888,29.830210,26.794202,27.851077,27.134426,29.829411,27.366683,29.444751,27.244295,25.823230,29.893671,23.373076,28.265693,21.687876,27.438212,22.171603,27.644589
Không có tên,27.012293,28.824309,25.546569,26.712435,28.328277,23.405362,25.654979,29.499820,25.440396,24.918583,24.010860,28.621411,23.653468,25.011780,26.367207,23.704862,28.773664,22.649615,18.663732,28.170310,26.497772,29.521679,26.188757,27.868879,25.082196,20.330498,25.025947,26.591739,28.937339,24.610422,23.910069,28.249604,26.479017,19.802294,26.210670,24.565699,23.777444,25.790446,20.879537,26.901500,26.931679,29.329282,23.780978,25.266655,26.020084,20.670498,29.268556,27.257763,23.287876,22.397726,26.730852,21.104133,25.168138,23.388543,24.935573,23.978434,22.933063,24.725400,13.498902,26.582554,28.106811,23.078093,19.723970,24.463134,22.148598,23.329896,23.782638,31.915065,22.449447,26.678874,26.969982,0.000000,26.325149,27.109686,22.381609,24.525305,31.750639,29.171779,22.199849,22.636300,26.171089,24.135376,29.340726,29.088152,24.458538,27.810954,22.824817,25.879315,25.863365,24.748806,21.401080,24.817893,24.161685,23.907833,24.869081,23.768681,23.485454,23.326521,24.788936,25.758453,22.357001,24.496633,23.409513,22.558246,22.545094,23.625082,23.857871,26.077022,22.792700,21.520596,25.389219,26.230705,25.030007,23.826178,27.540183,23.736691,27.270216,22.151497,22.363052,25.901445,25.018135,25.733908,23.350607,24.460788,23.741625,25.733254
Quan an Nam Nhu 1,33.024689,36.021017,28.863258,23.925743,26.281765,30.506389,35.813939,24.949333,24.638779,31.916771,24.807199,35.130532,25.219571,22.091689,25.280154,32.112648,24.486745,25.382089,22.401386,33.630438,26.868038,32.425561,30.258248,26.102191,29.340365,24.819139,32.270592,20.983556,24.156762,25.166083,27.918885,31.814568,26.412365,30.624988,27.353428,24.635646,31.832284,28.825830,28.927368,28.463250,24.436652,33.947534,29.744888,19.393383,28.296990,24.268053,33.511932,30.655332,30.145948,28.893009,25.208107,23.671373,27.260211,29.468302,23.621549,14.302707,27.774391,21.064825,22.298057,29.072623,21.315329,29.284519,25.932510,29.865883,24.453818,28.642272,23.702777,36.552951,30.844635,28.345595,21.947888,25.769307,0.000000,17.242786,24.968239,24.319974,35.840609,31.787870,28.731300,27.545498,26.885351,26.290875,26.467995,32.414722,22.896251,14.480449,25.895975,24.941591,14.448749,26.325114,27.809755,26.418168,26.100037,25.883490,23.387122,28.329285,27.257252,25.774480,15.367722,26.629700,28.108690,17.733178,25.677320,28.077670,25.172016,28.612153,28.715050,26.692116,23.240282,25.905137,26.348665,27.942600,29.089503,28.320101,27.141838,28.355954,30.674797,28.328295,26.791544,26.519486,22.729997,29.425378,21.208097,28.491074,21.601600,28.697867
WinMart+,26.176127,27.572488,24.813975,24.916899,27.930157,25.537539,35.326246,26.657586,25.514772,26.932867,25.969147,34.818229,26.382116,22.573166,26.393167,26.013019,26.254291,26.533594,22.765754,33.647128,28.455396,32.681145,30.869058,27.317558,26.580517,25.750286,32.459664,21.273001,26.026561,26.144575,28.764014,32.164910,23.287814,31.064144,22.650363,25.604702,32.117966,29.570068,26.086164,29.371818,25.423450,33.895618,30.295491,18.849422,29.103884,24.977169,33.546247,31.573315,24.051365,29.505222,26.258835,24.321393,28.188492,25.059273,24.323684,10.998093,25.244206,25.232979,22.626172,29.706549,22.194558,29.847147,27.037195,25.591633,25.165585,24.314086,24.432710,36.070897,31.213559,29.106077,22.995070,26.603375,17.267531,0.000000,25.846749,24.977875,35.508357,32.051894,25.558819,28.186836,28.014118,27.299042,27.694193,32.624925,24.394160,19.960131,26.843889,26.570431,10.952382,27.270775,25.519695,27.442408,26.977361,26.723625,24.950763,26.009404,25.875424,26.606943,15.428579,27.646332,25.671656,19.047186,25.541638,25.477312,25.871813,26.123158,26.244973,27.700102,23.688726,26.565324,27.227651,27.338513,26.710540,26.029294,28.083696,25.559840,27.923462,24.985691,24.887841,27.392078,23.099613,27.111318,21.471952,26.438822,21.877928,26.903246
Taste Tea,25.276640,26.916934,24.028559,25.080219,26.052792,24.059867,24.305732,27.563131,23.293975,26.335896,21.162559,27.223882,24.872438,22.812067,23.543673,25.378866,27.226459,22.030465,21.114535,26.918946,22.510559,28.307833,24.986775,25.099748,25.652286,24.433415,26.174301,26.508103,26.715089,23.154637,24.910378,27.086050,25.049767,19.763534,24.750190,22.658481,24.844147,24.646268,20.694321,25.919152,19.920606,28.157983,24.830396,26.232504,25.048993,20.377444,28.167886,25.918495,19.204266,23.399972,20.001154,15.776559,24.223735,23.936649,19.297216,22.708934,23.605709,23.489326,17.368404,25.550571,26.446523,23.580875,22.540422,24.914434,17.424265,23.911274,17.327404,30.778724,22.949896,25.779300,25.928377,24.163688,25.063884,25.641239,0.000000,18.512401,30.646053,28.410730,22.934767,23.207027,23.057023,24.975749,23.329615,28.215936,23.687022,26.413007,23.016721,24.925787,23.931616,25.196688,22.352124,25.419705,20.192155,24.548320,24.065765,24.110470,23.868450,22.061250,25.348797,22.638575,23.047993,23.282088,23.727680,23.093188,22.835187,24.042279,23.904378,26.168074,16.356986,21.982909,25.176437,25.930708,25.212403,24.161954,27.131458,23.986405,26.901716,24.501451,22.873244,25.728404,24.905328,25.585966,23.234614,24.518409,23.630912,25.592885
WinMart+,24.889302,26.167573,23.854512,24.705085,25.327335,21.834233,24.073786,26.608704,23.172225,23.193831,21.895935,26.521359,21.819096,23.150903,23.316741,22.385704,26.465752,20.789574,18.068296,26.317598,23.132756,27.503198,24.671202,23.413105,23.588923,19.272309,23.532589,24.907200,26.416834,21.315627,22.750453,26.490802,25.038724,23.814994,24.769039,21.884489,22.675934,24.398617,19.775306,25.548416,20.148625,27.410251,22.692524,23.815247,24.773698,18.682244,27.460462,25.817530,23.307755,21.635950,17.664101,16.826001,24.038502,23.393627,19.804752,22.877718,22.971952,23.590916,20.419280,25.227810,26.250792,23.122464,20.270676,24.356095,19.139030,23.198928,18.347895,29.717850,22.404101,25.439603,25.832981,23.255606,25.013259,25.531131,15.924245,0.000000,29.666084,27.863377,22.300454,22.697676,20.194819,23.891103,22.166229,27.615871,23.775401,26.223673,21.272059,24.918575,23.449592,24.467737,21.578859,24.426378,15.434601,23.724754,24.134292,23.619053,23.361526,18.462677,23.721923,20.079896,22.364803,23.129766,23.300474,22.506132,22.307853,23.479812,23.526754,25.294850,17.536531,21.560468,24.823484,25.712653,24.779751,23.679067,25.833031,23.614049,25.649165,21.997827,22.437887,24.278353,24.654189,24.396614,23.098251,23.348124,23.479342,24.624544
WinMart+,31.347066,35.268820,28.945383,29.749391,32.262380,28.728584,33.161545,32.873474,28.911020,30.239193,29.995812,30.945829,29.042020,28.854482,30.152794,28.403132,31.651291,29.433385,24.574074,29.908106,32.442193,32.207596,26.832862,29.980496,26.828342,28.448647,29.253264,30.221626,31.523592,28.749664,25.018404,22.860807,25.763115,28.153291,26.232498,30.800304,29.143265,26.112051,26.699046,28.367605,31.761029,27.379424,27.021014,29.751969,18.459348,27.344832,27.499225,27.319188,27.722244,22.985923,31.683891,29.728393,15.904991,27.188983,30.166052,27.048699,25.730998,23.837104,28.543875,26.101951,31.964300,27.138685,31.592396,27.797624,29.306227,26.930999,28.851048,22.718512,28.876561,15.277160,25.906670,30.157410,29.286573,30.459925,30.496856,28.960146,0.000000,22.383761,24.278920,23.600059,31.973521,31.164297,32.726935,16.779366,17.528051,30.978242,30.755690,16.764105,26.764808,30.874754,28.559842,31.339050,30.404461,30.188454,17.727685,28.049916,27.898427,30.030149,27.557821,31.396199,25.903634,24.528401,25.700671,25.882162,29.192345,26.357961,26.527325,31.381173,27.034074,24.941716,30.630422,25.940377,27.710248,26.270255,31.284252,28.811395,31.071485,25.412068,25.582603,30.655980,26.785050,30.103760,24.852032,29.286113,25.237462,25.879407
Trường Cao đẳng Hà Nội,27.675662,28.926367,26.490722,27.145618,28.179743,26.197233,28.262139,28.723382,26.662879,26.695869,27.184960,26.913609,26.548449,26.531304,27.304434,25.900444,28.416539,27.061560,23.787309,26.659595,28.751866,26.184615,14.868566,27.546751,17.300266,26.548916,17.262231,27.759410,28.571220,26.795795,16.177709,23.173403,24.590497,17.969060,24.966085,27.978643,17.512172,14.246949,18.085656,26.050057,28.776318,15.981697,17.108407,27.506551,20.893870,25.946467,15.331624,25.574182,21.958068,17.265733,28.651791,27.556931,19.753936,21.821622,27.801587,25.687572,18.318376,23.184460,22.072083,15.037600,29.135899,23.215413,28.755651,22.465896,27.412890,22.129626,26.923447,21.642442,23.887739,20.325423,24.770101,22.961991,27.478637,28.181597,28.147063,27.256146,23.044870,0.000000,22.629432,19.868437,29.340218,28.799990,29.528985,21.629461,19.608898,28.646305,28.456897,19.655985,25.540262,23.527493,22.202417,28.887599,28.468211,22.940362,19.853289,25.402211,25.212303,28.183194,26.213327,29.003906,22.512050,23.172515,21.952209,22.387940,23.530861,22.756552,23.003294,24.521759,25.887570,20.986289,24.095180,24.384808,24.646824,23.681198,24.930217,25.619792,24.252279,22.449987,22.600619,23.023780,26.221509,23.242519,24.548092,22.763974,24.908931,23.001302
TK mark,25.281400,26.192515,24.405691,25.074583,25.532830,20.235266,18.411139,26.438541,23.978066,18.731669,23.088892,19.136262,17.143607,23.859000,24.180798,17.454463,26.366925,22.232550,15.471544,18.128186,24.149848,21.510839,19.373335,24.417901,17.592916,16.175651,17.592891,25.130105,26.318335,22.944955,17.646301,20.724091,25.216734,16.120435,25.002141,23.156452,14.655858,18.161384,15.754198,20.778017,24.540131,21.601860,16.799287,24.247463,20.549922,21.306551,21.924121,22.243786,14.740754,17.541137,24.369902,21.621297,20.007014,12.538453,23.597524,23.314479,15.678077,23.932801,18.455616,20.700912,26.194153,14.715805,21.034301,12.145069,22.408676,17.877321,21.816538,24.078100,13.228834,21.012884,22.008687,19.698541,25.124593,25.578723,22.546524,22.201420,24.366717,18.735923,0.000000,18.655108,22.301333,19.914446,24.536576,22.969475,21.706001,26.132413,20.403105,22.606823,24.813577,17.203602,14.316013,20.380279,21.870006,17.196743,21.975145,19.459176,19.096317,21.304990,24.014023,20.347506,16.290694,23.069152,19.992762,17.593561,17.261656,18.511370,16.428151,18.771134,21.361262,18.672820,19.358032,18.965721,20.894233,19.638337,21.130545,20.823017,18.832040,15.853566,19.215261,17.667073,24.662087,17.486874,23.214825,17.592929,23.571553,20.356046
Hội đồng nhân dân - Ủy ban nhân dân phườ,21.761361,21.896911,21.365533,22.211101,22.507890,21.551418,20.260442,23.240928,21.728948,21.478249,22.187876,21.764174,22.406790,21.784170,23.593073,19.972165,23.482753,16.979873,14.395666,20.692318,23.551338,24.193600,21.519938,23.670035,15.780322,14.967861,20.474470,23.392511,24.015150,22.678273,19.897709,23.002321,23.504132,14.398353,23.909511,22.849877,18.570403,20.191698,14.096340,22.616001,23.840555,24.189960,18.838414,23.322098,22.427583,21.582005,24.431413,24.396203,13.875354,19.554476,23.722917,21.765828,21.734725,15.197382,23.180440,22.292118,17.891306,21.038487,19.704221,23.937018,24.840411,15.774336,21.424048,16.666916,22.307251,17.335333,21.880832,26.999395,17.383937,22.870120,23.783844,20.728950,26.040711,24.277125,22.425830,22.180718,27.140282,22.589102,17.514834,0.000000,22.225833,20.730646,23.875717,25.182649,23.006392,25.644143,21.038563,24.159462,23.299861,19.658327,17.716300,21.005167,21.955146,19.244062,23.353774,17.247350,14.727539,21.575710,24.424960,20.927373,17.822509,23.184012,14.296488,17.467362,20.198086,18.320374,18.533957,22.101221,22.479797,14.984736,21.283590,18.639944,17.510675,19.347531,22.860331,16.215415,21.469355,18.868567,16.972288,19.939572,25.089486,19.888832,23.541088,19.476616,23.908748,19.915640
Trung tâm Công nghệ Phần mềm Thủy lợi,26.528053,28.116728,25.210646,26.264838,27.548193,23.467651,25.334917,28.702872,25.007794,24.835305,23.689371,28.074539,23.698730,24.659986,25.692714,23.735792,28.185451,22.801124,18.988353,27.705922,25.729271,28.969867,25.865037,26.717576,25.029622,20.637736,24.938107,26.218066,28.290405,24.523963,23.900809,27.807481,26.165355,20.063779,25.906868,21.750888,23.805393,25.528827,21.127069,26.598801,26.191660,28.821389,23.809230,24.993474,25.763111,21.184059,28.791063,26.924853,19.416091,22.481712,21.061828,20.211303,24.956794,24.523596,23.578159,23.793164,24.228847,24.515722,17.544763,26.313592,27.645556,24.014387,24.276892,25.690686,22.552608,24.766086,21.389622,31.296246,23.475747,26.407965,26.709685,25.010358,26.037630,26.742125,22.931709,17.660869,31.140862,28.829737,23.460627,23.637259,0.000000,26.171493,26.192051,28.702962,24.349444,27.423764,23.060074,25.704661,24.509427,26.353853,22.918178,26.669788,22.449067,25.392221,24.744978,24.744349,24.488617,21.903699,24.589024,22.641893,23.694796,24.162981,24.238641,23.683559,23.947453,24.739785,24.953627,27.485385,21.471386,22.300713,26.603412,27.062312,25.946786,24.786243,27.459062,24.459038,27.203734,23.147019,23.212632,25.965225,24.934172,25.782391,23.310891,24.600435,23.691961,25.758857
WinMart+,26.359556,27.736298,25.156064,26.095267,27.152706,23.308711,25.256476,28.212811,24.944264,24.526721,23.781139,27.747278,23.474177,24.626580,25.494490,21.343704,27.832366,22.696587,17.658583,21.795355,25.520878,28.594534,25.747760,26.270566,23.067656,20.798217,21.833711,26.060865,27.897513,23.994072,21.221796,27.541373,26.033113,22.378151,25.794487,24.099703,21.949430,21.295304,19.847986,26.452042,25.928871,28.474887,20.467453,24.935826,25.666157,21.344820,28.464719,26.753085,21.414643,20.829267,25.785691,21.773682,24.909422,21.057774,24.474021,23.794482,19.734198,24.483237,16.752633,26.181009,27.379457,21.330557,21.015803,22.241213,22.953719,19.247128,22.079860,30.773537,20.080506,26.276532,26.578554,17.969077,25.907070,26.551978,23.158425,22.709353,30.655788,23.703326,18.948971,20.557432,23.374573,0.000000,25.888747,28.432441,24.356232,27.189321,19.888423,25.632101,25.507014,20.434905,16.413715,19.881284,22.239428,11.009657,24.736865,21.938400,21.483716,21.372986,24.551309,19.949266,18.730649,23.972138,21.892904,19.815523,18.678150,21.266390,18.555462,16.107561,21.431543,19.898150,21.414532,21.055335,23.836798,22.057173,23.494660,22.564687,19.714585,17.067999,20.714146,18.605273,24.925589,20.475042,23.336189,20.218903,23.712594,22.129257
Không có tên,27.274021,29.340323,25.679941,27.000167,28.955319,26.048211,25.810957,30.198063,25.648672,28.447099,23.406911,29.084820,27.268880,24.642478,26.822736,27.113318,29.284870,27.397004,22.377886,28.550367,26.032519,30.020826,26.384521,27.547678,27.305742,26.280560,27.905746,28.123954,28.908137,24.141512,26.297595,28.615368,26.326739,24.674228,26.038558,27.690216,26.196406,25.927692,26.675356,27.113363,22.745652,29.787041,26.164956,27.737948,26.177305,22.100652,29.691482,27.155881,24.039923,24.423145,25.820573,21.998050,25.271045,26.311046,23.287347,23.747462,26.232731,24.527987,19.222407,26.755377,28.040452,25.584351,28.495555,27.474661,21.018891,26.931100,19.312235,32.533920,25.269246,26.866472,26.884666,27.322429,26.201765,27.005490,16.864264,21.486903,32.296195,29.460811,25.491025,25.327794,24.368451,28.600333,0.000000,29.425872,24.312902,27.751058,24.106982,25.761775,24.555899,28.426443,25.293159,28.931449,22.729277,27.502338,24.728284,26.393412,26.185229,23.290599,24.611535,23.703495,25.804836,24.421225,25.720986,25.596767,26.168318,26.558635,26.728931,29.280357,19.494761,23.739867,28.348658,28.355622,27.429268,26.416130,29.604613,25.780780,29.332594,24.931104,24.703603,28.537138,25.156503,28.019140,23.424252,26.924024,23.820351,27.654010
Cafe Dinh,27.618539,29.342823,26.301902,27.082676,28.366639,25.924258,28.721475,29.033432,26.509357,26.536663,27.129537,26.957126,26.374256,26.554752,27.287848,25.567307,28.601714,26.984434,23.401094,26.671708,29.025762,25.984275,24.511845,27.557919,24.837871,26.382126,26.323186,28.005742,28.757868,26.672065,23.128314,21.513404,24.296077,25.876094,24.743148,28.065590,26.454572,23.991845,24.955128,25.965486,29.022773,23.551149,24.969025,27.712422,18.187933,25.711689,23.996103,25.347137,25.917305,21.597333,28.852474,27.591326,16.113986,25.489049,28.000943,25.692604,24.388835,22.801232,27.055520,23.821400,29.557291,25.429672,28.953393,26.009387,27.491482,25.290386,26.830778,20.942956,26.633983,12.774905,22.488634,28.211922,27.691945,28.503453,28.230814,27.197457,16.606636,21.655018,23.200078,24.615787,29.581883,28.953409,29.853700,0.000000,15.760469,29.026750,28.570815,13.773632,25.556324,28.838012,27.191132,29.058419,28.556687,28.292846,15.768840,26.810241,22.948067,28.231031,22.828723,29.177139,24.635749,21.564317,24.695467,24.551470,27.477402,24.938612,25.111362,29.203721,25.850054,24.091958,28.695323,24.675880,26.430094,24.942404,29.363577,27.244270,29.201597,24.292063,24.823164,28.802037,23.937792,28.444489,22.529768,27.824360,22.905289,24.730513
Trường Trung học cơ sở Yên Mỹ,27.210789,27.964329,24.583190,23.486535,27.488227,26.047263,26.945467,23.808514,26.412530,26.375132,26.792917,27.213413,26.303326,22.426397,26.882518,26.783533,23.579568,26.719414,24.222263,26.982836,27.965098,26.189745,25.344859,27.103684,25.607972,26.327789,26.836319,23.204576,24.114164,26.523210,24.455803,26.161049,22.006905,26.357443,22.603584,27.417497,26.786512,24.957739,25.641907,24.363447,28.074706,27.488061,25.875664,23.131951,24.683794,25.858977,27.527364,23.019705,26.382064,25.670870,27.942073,27.164590,15.668549,26.048561,27.430825,21.979055,25.162748,18.427034,26.844233,25.507481,25.420971,25.983897,28.060146,26.414041,27.130701,25.812723,24.220192,29.401258,26.837595,15.439281,22.256334,26.170059,25.189129,24.521176,27.601338,26.922604,16.437380,27.815708,26.052406,25.265385,28.580450,28.151149,28.658472,15.556189,0.000000,24.502594,27.873784,11.888069,21.743326,28.106029,25.582783,28.223001,27.924090,27.731076,10.559783,25.925461,25.114213,27.688780,22.836788,28.332643,25.755043,22.006181,24.116614,25.683438,26.307074,26.021411,26.150322,28.355387,25.906410,24.431443,28.030978,25.728452,26.477085,25.971450,28.082259,26.295528,27.706930,26.128444,25.099555,28.138088,24.021302,26.871674,22.474838,26.314112,22.874877,26.467455
WinMart+,34.052145,37.218046,30.029398,25.728807,28.440801,26.083672,37.283370,27.460058,26.049380,33.007481,26.615025,36.464672,26.932900,23.575588,26.909019,33.140809,27.232127,27.052385,23.358391,34.831141,28.876726,33.671358,31.403765,27.747231,30.245269,26.272455,33.288948,23.147421,27.150111,26.632346,28.920840,32.986829,28.401415,31.551900,29.196582,26.172319,32.840256,29.864783,26.515043,29.639499,26.042991,35.085922,30.665308,21.204148,29.282284,25.457404,34.587545,33.154170,31.012629,29.723413,26.752859,24.867013,28.222426,30.304110,24.930352,14.467219,25.655893,24.039713,23.126848,29.982809,25.059833,30.106165,27.441376,30.675926,25.618118,29.377590,25.008549,37.576313,31.688472,29.276732,23.343521,26.928645,21.128662,19.971490,26.298522,25.404802,36.793223,32.575982,29.437761,28.237217,28.321030,27.631020,28.060039,33.305943,24.672903,0.000000,27.200335,27.160021,12.989809,27.583562,25.868907,27.763522,27.296421,27.035714,25.309268,28.985079,27.926298,26.935945,13.393947,27.943052,25.998962,19.111209,26.292532,28.758050,26.203159,29.305725,29.400892,27.991863,24.117806,26.481840,27.514889,27.580499,29.756242,28.976497,28.316255,28.936248,28.155209,28.945548,27.376757,27.665997,23.190055,27.365057,21.469430,26.708288,21.897962,29.303815
Coffee Cây,26.857283,28.243773,25.637621,26.586481,27.753932,23.983713,25.693059,28.713869,25.573734,25.119226,24.487123,28.142989,24.225545,25.184253,26.263677,24.117097,28.248613,23.564272,19.899553,27.800385,26.345372,28.924290,26.134479,27.208357,24.000370,21.566635,25.150426,26.472943,28.344147,25.135682,24.200862,27.882386,26.390507,23.547195,26.162128,25.000899,22.913104,25.819597,21.765417,26.763920,26.657281,28.800575,21.527684,25.358163,25.992792,22.603099,28.770373,27.075130,22.834714,21.762352,20.908175,20.328884,25.240655,22.859698,22.731358,24.149770,22.233716,24.821086,18.453578,26.517357,27.745805,22.638742,22.731887,24.049210,21.775376,22.535216,21.208782,31.038429,21.839731,26.573010,26.834783,22.482757,26.225773,26.896613,22.042070,21.193382,30.920287,28.814306,21.435277,22.106859,20.623240,23.097738,25.715775,28.688437,24.585781,27.504113,0.000000,25.894846,25.771739,24.198146,20.309372,24.098178,20.433275,23.220221,24.966421,23.328691,23.001495,18.230750,24.864645,16.461510,21.539736,24.253240,23.011476,21.885331,17.781696,23.091666,20.271208,20.230979,16.805900,21.054311,20.950315,23.426143,24.785369,23.403155,24.378840,23.422867,24.215611,19.143450,21.913681,22.099879,25.070470,22.794254,23.471738,21.530514,23.843253,23.449562
Trường Mầm non Tứ Hiệp (điểm Đồng Trì),29.271512,30.589232,26.237073,24.778071,29.648377,27.855304,29.417530,25.457522,28.052001,28.478917,28.606370,29.548772,28.069406,23.497423,28.723892,28.807518,25.213454,28.378061,25.225298,29.064345,29.941198,28.171924,27.026141,28.775278,27.243212,27.792075,28.921837,24.693111,26.047515,27.998181,26.071018,28.027326,23.742830,28.127896,24.386773,29.177577,28.752442,26.627570,27.109656,25.897283,29.791705,29.646789,27.547307,24.547135,15.180499,27.110302,29.576426,25.332544,27.793673,27.064621,29.765701,28.625175,14.255041,27.430222,28.861507,23.161378,26.351845,19.307693,27.986047,27.135250,27.237265,27.405441,29.819023,27.864502,28.410009,27.211362,25.517355,15.818139,28.572562,13.731376,24.448466,27.502622,27.240338,26.387602,29.153128,28.231827,14.973576,17.471223,27.271451,26.387701,30.245902,29.722957,30.520588,13.230357,11.868912,26.559734,29.452501,0.000000,22.992716,29.594125,26.565531,29.827881,29.286250,29.165523,11.335456,27.187135,26.309913,29.026717,24.331254,29.905082,26.991839,24.243589,25.119963,26.959347,27.562099,27.354954,27.475913,29.915233,26.881049,20.478230,29.475462,26.941969,27.813678,27.228194,29.492653,22.436364,29.140381,27.331713,26.027816,29.549214,24.623635,28.185361,22.883871,27.453728,23.298204,27.678159
Trường Mầm non Lĩnh Nam (cơ sở 2),27.964407,29.113462,24.920373,21.641296,23.668595,22.670193,28.190412,22.104974,22.709446,27.047757,22.520643,28.264275,23.008048,20.117141,23.145941,27.428732,21.505074,23.206728,20.943573,27.842968,24.370572,26.993548,25.918920,23.937170,25.905330,22.845013,27.481956,18.507936,21.027139,23.179118,24.620935,26.831557,21.992341,26.757204,22.704639,24.486050,27.324356,25.189790,23.373208,24.644854,24.327075,28.264946,26.156699,17.189118,25.006176,22.552721,28.225655,23.289398,26.650097,25.820698,24.376779,23.636073,24.328976,26.233872,23.102293,13.474280,22.941590,18.509134,20.966992,25.691661,17.989477,26.136689,25.508730,26.605550,23.831159,25.235444,23.855130,30.364632,27.154303,25.168066,18.380721,25.367362,15.380042,14.707708,24.275707,23.708707,30.201862,28.134990,26.067393,25.186143,26.302033,25.802675,25.324112,28.188653,21.655419,12.780733,25.457411,23.118839,0.000000,25.831176,24.584602,25.896784,23.909612,25.450977,21.994473,25.875437,24.990794,23.994794,11.724779,26.074284,24.688781,13.312336,23.852821,25.614519,24.820223,25.988761,25.145393,26.120801,22.702299,24.147706,25.833546,26.019506,26.450591,25.878826,26.529070,26.152979,26.419273,24.171934,24.856531,25.980418,21.326054,25.829696,20.091744,25.312729,20.465160,25.719504
Chợ Nhân Chính,26.438250,27.625140,25.332710,26.177631,27.094682,23.758108,25.398148,28.015789,25.196663,22.962750,24.200244,23.024592,23.939847,24.865200,25.692859,21.072441,27.708540,23.337644,17.484761,22.320137,25.739493,28.393972,22.598222,26.369239,22.615673,18.250031,22.416046,26.115461,27.764577,24.584674,21.703220,27.451194,26.082893,21.915126,25.864328,24.565149,21.271221,21.721422,19.461824,26.462050,26.058104,28.303258,20.948408,25.090746,25.736401,22.442236,28.298331,27.452522,20.975820,21.275466,25.945092,22.590074,25.029624,20.533123,24.789159,23.971787,19.199415,24.617429,18.936138,24.475392,27.304656,20.414301,22.480936,21.455083,23.604291,18.577849,22.646163,30.395331,21.454547,26.292290,26.380881,21.169322,25.938011,26.538439,23.774974,23.486142,30.307788,23.357909,17.257503,19.516359,24.333551,21.026808,26.008938,28.293139,25.066267,27.121487,21.680904,26.434640,25.528788,0.000000,13.733232,20.264172,23.141916,17.227762,25.478055,20.829443,20.339054,20.156329,24.670502,19.705996,15.493611,23.921704,21.093222,18.415986,16.136102,19.816053,15.792709,20.521989,21.253758,19.238939,20.514732,21.242092,22.836476,21.001718,23.390173,21.925099,18.511025,16.490491,19.959198,17.380288,24.981548,19.705698,23.431960,19.513095,23.798537,21.269496
Cục Sở hữu Trí tuệ,23.961244,24.693452,23.299613,23.807653,23.978406,21.668491,20.753832,24.872871,22.684857,21.525799,21.873560,21.804536,21.636776,22.768300,22.680964,20.584905,24.955702,21.025665,17.017904,21.127085,22.562632,23.438390,21.605467,22.632690,20.410553,17.512188,20.904340,24.068092,24.843517,21.350605,20.502158,22.649207,25.162017,19.775701,24.044482,21.722590,19.909981,20.647003,18.015200,24.134465,22.980541,23.415293,19.846275,23.299401,22.258442,20.035271,23.615404,26.031696,17.810757,20.267769,22.823368,20.491163,21.728705,18.594717,22.364054,22.546387,17.572333,23.136116,17.662267,23.292296,25.026001,18.984428,19.615675,18.713416,21.160187,16.885118,20.850725,25.376724,19.696189,22.595555,25.262105,18.297406,24.217380,24.539183,21.222214,20.827333,25.547537,22.297245,16.310174,18.199638,20.533478,23.216464,23.068915,24.329337,24.303831,25.072827,21.318037,25.300821,24.002541,14.180979,0.000000,21.817842,20.515988,15.050215,24.577391,18.577432,18.229963,21.818838,23.244832,22.013765,12.315813,22.128757,19.288718,13.832176,15.924631,17.516090,13.370306,21.262261,22.285110,18.156031,19.598065,16.477933,19.943082,18.779492,21.949003,20.190766,17.900419,14.005405,18.601057,17.321587,24.250102,16.093143,22.912041,16.422662,23.258296,18.307760
WinMart+,27.375062,29.033415,25.997552,27.096715,28.644625,24.227567,26.048086,29.644177,26.066953,25.521176,24.851411,28.791028,24.555304,25.575594,27.024868,24.331685,28.953794,23.839669,19.689755,28.358568,27.217915,29.589474,26.509222,28.471864,23.438208,21.513931,25.511891,26.907660,29.114455,25.989606,24.413606,28.414843,26.755766,22.926045,26.512806,25.609962,22.423050,26.122263,21.031804,27.128386,27.508374,29.423682,24.280443,25.669328,26.292728,22.779391,29.358416,27.469954,22.177527,21.339674,27.342780,22.436796,25.476314,22.076684,25.678816,24.350048,21.311068,25.050708,17.531152,26.824198,28.303975,22.034933,23.050851,23.138692,23.359381,21.449244,24.528259,31.810696,21.180921,26.897187,27.143418,21.155946,26.562654,27.342667,23.554643,21.796636,31.665812,29.233094,20.568629,21.459110,23.392925,21.025192,29.524689,29.165490,24.694695,27.979094,18.636515,26.082610,26.061975,19.395238,19.207025,0.000000,21.337817,18.651343,25.100082,22.685647,22.342909,19.738287,25.084436,18.803862,21.763326,24.646861,22.498214,24.192918,16.810751,22.328001,20.417628,22.799347,22.140154,20.587788,21.569692,24.567007,24.168247,22.539098,24.548220,22.990751,21.916219,18.975376,21.392565,21.441990,25.149860,22.505789,23.498354,20.984149,23.879352,23.383437
Kho bạc Nhà nước Đống Đa,25.314643,26.468852,24.315826,25.119044,25.771525,22.621988,24.472004,26.865051,23.846796,23.791335,22.753126,26.731698,22.700701,23.724771,24.102078,22.992384,26.721224,21.919495,19.008386,26.525815,24.043142,27.610292,24.990315,24.406399,24.281895,20.358810,24.002500,25.232613,26.689232,22.789452,23.226803,26.670558,25.309760,23.912500,25.070575,19.870318,23.260224,24.737436,22.417933,25.764588,18.663801,27.530619,23.171817,24.207221,25.029827,20.545565,27.565995,26.029485,23.351321,22.187294,20.360084,19.802653,24.334280,23.452202,18.139977,23.227100,22.985766,23.903370,20.074121,25.476399,26.467821,23.136274,22.236565,24.549745,21.203671,23.276115,17.260024,29.671059,22.383667,25.646375,25.989510,23.348937,25.242752,25.766754,14.984944,13.640276,29.618958,27.924957,22.240269,22.687800,18.946680,24.156180,21.484175,27.687818,23.990019,26.395002,20.850658,25.118195,22.479816,24.783366,21.424936,24.805316,0.000000,23.884592,24.344267,23.714358,23.428706,17.073556,24.000546,19.513591,22.329894,23.276658,23.348993,22.489806,22.262401,23.573757,23.621667,25.763891,15.019341,21.496016,25.123192,26.021406,24.992893,23.774203,26.232008,23.677499,26.007127,21.942628,22.410503,24.489563,24.664410,24.582538,23.148809,23.414780,23.520040,24.789413
Tịnh Cafe,26.919327,28.217252,25.749604,26.654548,27.757537,24.216068,25.783426,28.653467,25.720959,25.277046,24.710423,28.114339,24.469363,25.321468,26.381852,24.300940,28.225601,23.888855,17.479052,21.715980,26.468624,28.856797,26.197322,27.266309,21.801337,21.951915,21.756071,26.526086,28.311834,25.414986,21.231799,27.865556,26.438895,21.149061,26.220628,25.235326,20.731033,21.276260,19.093979,26.797418,26.741020,28.748739,20.539603,25.456747,26.046395,23.118445,28.723679,27.098922,20.333397,20.851388,26.624152,21.694841,25.319218,19.875240,25.346225,24.257128,18.782374,24.904300,19.454464,26.561319,27.739749,19.895847,23.378732,20.400271,22.689639,18.280525,24.424550,30.895878,20.754121,26.602050,26.853840,20.121229,26.264672,26.920639,22.873364,21.629226,30.793214,22.822291,17.327694,19.139171,22.880605,22.591287,28.448318,28.647544,24.660519,27.498418,18.891699,25.944259,25.806611,17.600787,14.924459,19.662345,21.214940,0.000000,25.036297,20.134160,19.758004,19.793873,24.943035,19.074043,15.814168,24.249236,20.532475,17.548486,16.469880,19.259771,16.041241,20.141471,21.226161,19.034685,20.665356,21.332801,21.666607,20.305715,23.457096,21.320514,18.670462,16.619285,19.597830,20.365162,25.110289,19.816373,23.526481,19.582465,23.893154,21.335672
Trường Mầm non Yên Mỹ,28.069367,29.013710,25.289741,24.055280,28.368300,26.794654,27.941340,24.471106,27.112393,27.233896,27.564871,28.162794,27.039229,22.856500,27.638827,27.626599,24.264759,27.428267,24.639431,27.839041,28.827368,27.001653,26.033388,27.802869,26.290946,26.983496,27.694158,23.800840,24.912059,27.179897,25.117227,26.930550,22.682116,27.103584,23.302719,28.181076,27.613996,25.663126,26.278662,24.988578,28.856764,28.434655,26.577935,23.705198,25.242302,26.432555,28.429727,23.919272,26.974671,26.304874,28.723305,27.836842,15.750818,26.664117,28.036472,22.456255,25.712551,18.758171,27.372571,26.185250,26.167063,26.629514,28.801351,27.075836,27.693136,26.395164,24.755085,30.446810,27.563348,15.523460,23.101287,26.729612,26.020997,25.279079,28.300960,27.531344,16.657462,28.541580,26.620356,25.786981,29.291153,28.831767,29.444072,15.686510,10.814233,25.331791,28.543607,11.576681,22.251066,28.757281,26.011371,28.897868,28.551497,28.341603,0.000000,26.453839,25.618277,28.306657,23.441422,28.998908,26.283652,22.892910,24.535730,26.220253,26.836057,26.579343,26.704565,29.017522,26.326468,24.838867,28.643413,26.236404,27.040761,26.501256,28.679702,26.779484,28.318097,26.638693,25.540575,28.738437,24.281230,27.429534,22.647382,26.822097,23.057131,26.983730
WinMart+,26.409288,23.369474,25.386900,26.153231,27.075324,23.055041,21.592542,27.908286,25.300358,23.320010,24.439508,23.313313,24.234366,24.964082,25.810205,21.882763,27.519103,23.736108,18.428291,22.512523,25.819947,25.174454,22.768046,26.393319,23.145919,19.158759,22.868189,26.063641,27.559676,24.905784,21.818969,24.008920,26.894650,22.605689,27.228348,24.821247,21.270688,21.753288,20.638295,25.539609,26.071069,25.146805,20.865065,25.122449,23.306497,23.102374,25.301327,28.192503,18.078492,21.249001,25.982859,23.094009,22.625309,21.674679,24.941488,24.028246,20.831879,23.761505,20.270589,24.806033,27.139857,20.197598,23.347991,22.692356,23.981705,20.875724,23.095563,27.697857,21.773947,23.661685,26.873611,22.678755,25.855926,26.423060,24.133232,23.945382,27.810558,23.558861,16.072266,18.976011,24.846608,22.167390,26.072160,25.796425,25.286404,26.953240,22.708787,26.837564,25.443707,20.972055,16.946847,22.670151,23.672589,19.842309,25.741413,0.000000,19.350383,23.065873,27.003781,22.316326,17.158456,26.007969,20.587122,16.507029,21.486214,18.178845,18.606042,24.581479,24.014325,18.542805,23.294253,18.818135,22.698175,20.205327,25.751208,21.688406,23.846891,19.108489,19.229270,20.701245,26.395345,20.822210,24.619795,19.946494,24.988152,20.726308
5050 Rooftop Cafe & Pub,20.977572,21.092934,24.956434,25.604585,26.302264,20.710396,19.665226,27.083054,24.782280,20.557773,24.010602,20.724963,23.830255,24.514024,25.133480,19.387555,26.816239,23.361822,14.867456,19.842514,25.084812,22.807791,20.662528,25.488393,16.146308,15.369665,19.732066,25.566746,26.817531,24.219561,19.379006,21.928682,26.319834,15.133470,26.634177,24.239917,18.237521,19.621766,20.714455,21.758934,25.338214,22.861369,18.506574,24.734575,21.563795,22.748664,23.111505,27.420502,14.994008,19.040554,25.268843,22.795598,20.990886,21.543499,24.413252,23.743295,20.863784,23.513787,20.406229,23.084425,26.541073,16.350494,22.889174,22.298529,23.526298,20.918001,22.871404,25.336677,17.470579,21.974986,26.337284,22.268833,25.444503,25.917250,23.667083,23.464117,25.583217,21.624614,17.747490,14.373478,24.030880,21.937119,25.398370,23.934089,25.008167,26.414046,22.374388,26.415564,25.076221,20.979732,17.962698,22.350521,23.225946,20.128117,25.418637,17.770425,0.000000,22.727841,26.513564,22.101113,18.184230,25.323118,15.515675,17.773709,21.394733,19.172956,19.300038,23.864634,23.600368,15.526817,22.820651,19.337888,22.202955,20.431928,24.826071,17.097425,23.223422,19.478404,19.553349,20.768649,26.190012,20.874860,24.510920,20.142416,24.864852,20.793868
Thuế cơ sở 4 thành phố Hà Nội,25.380911,26.526894,24.378833,25.188189,25.850197,22.726491,24.531546,26.924669,23.946965,23.876509,22.863683,26.777338,22.816376,23.805802,24.217845,23.073176,26.777143,22.060645,19.115646,26.572152,24.169558,27.646274,25.041590,24.542677,24.363078,20.487250,24.072925,25.289344,26.750647,22.966295,23.292929,26.712247,25.361703,23.998944,25.122646,21.211180,23.331649,24.788938,22.524563,25.806601,24.636995,27.568182,23.243309,24.269319,25.076675,20.744474,27.603587,26.071940,23.444055,22.250568,20.586888,20.046596,24.376015,23.555277,22.495137,23.282273,23.114122,23.949304,19.726522,25.517991,26.515279,23.224633,22.453160,24.663083,21.442031,23.422495,20.947221,29.692951,22.484348,25.683517,26.021538,23.515573,25.289051,25.808477,21.712910,19.332645,29.645799,27.947848,22.363903,22.781337,19.674366,24.368284,24.334594,27.715273,24.027948,26.436768,17.566200,25.154931,23.968339,24.940445,21.578241,21.253744,18.484538,20.871035,24.377533,23.810326,23.525069,0.000000,24.046781,15.957156,21.740261,23.308597,23.430505,23.536336,18.375648,23.685366,20.720489,21.104623,14.304177,21.567796,21.562845,23.798325,25.079478,22.334683,25.053877,23.749030,24.849798,19.483196,22.489290,22.788958,24.687310,23.312927,23.171474,22.038357,23.537921,23.845988
Trường Trung học cơ sở Lĩnh Nam,32.163278,34.311222,28.806613,24.253555,26.371156,30.137579,33.978195,25.222897,24.814798,31.223614,25.024491,33.591545,25.381094,22.591754,25.421661,31.429477,24.871663,25.525766,22.687370,32.555351,26.903916,31.607783,29.930496,26.173449,29.163410,24.981416,31.515389,21.890722,24.616741,25.302208,27.967747,31.154785,27.056886,30.241500,27.701531,24.821992,31.207412,28.730329,25.313744,28.464743,24.659156,32.835894,29.502106,20.552315,28.313425,24.430837,32.539560,29.929732,29.862632,28.786953,25.340331,23.885016,27.433425,29.285344,23.870010,16.250132,24.680799,24.094196,22.525732,28.922909,22.502035,29.121051,25.994977,29.621058,24.594094,28.545403,25.104171,34.995334,30.415436,28.337872,21.213892,25.801325,22.614843,19.689059,25.088681,24.447786,34.499370,31.285892,28.635185,27.581774,26.867707,26.310214,26.490304,31.765235,23.463435,17.966169,25.934897,25.431861,12.202744,26.333493,24.944392,26.423909,26.114940,25.906988,23.949842,28.248568,27.295943,25.809518,0.000000,26.614445,25.073299,16.351060,25.861236,28.031143,25.221487,28.504621,28.603280,26.670438,23.398727,26.050832,26.338269,27.905093,28.928719,28.247990,27.087565,28.266332,26.961936,28.250033,26.860189,26.498672,22.483439,29.235148,20.976561,25.753014,21.373373,28.577068
WinMart+,27.517765,29.004942,26.235227,27.245347,28.641930,24.711248,26.248070,29.527749,26.359916,25.834854,25.305589,28.757490,25.055120,25.862238,27.243371,24.711338,28.911368,24.500124,20.457014,28.356242,27.426710,29.487400,26.646780,28.490049,24.109125,22.299759,25.772702,27.030716,29.052727,26.494357,24.728755,28.408272,26.874118,23.697292,26.651246,26.069937,23.059179,26.291810,22.068398,27.206955,27.647615,29.342596,24.600712,25.882437,26.421006,23.864732,29.287447,27.533996,23.040433,21.920243,21.878608,21.383102,25.649053,23.105676,23.430622,24.578477,22.575783,25.236928,19.784829,26.933832,28.308236,22.835506,24.429314,24.233946,22.811045,22.961223,21.904838,31.558705,22.153028,26.981087,27.202415,22.960922,26.660759,27.401505,23.050214,21.212742,31.438671,29.187623,21.809159,22.349890,23.308079,23.659919,25.348936,29.110048,24.854421,27.988477,16.834130,26.197623,26.143210,24.468384,20.868492,22.421635,20.558892,21.438247,25.250279,23.547794,23.246920,16.544695,25.256239,0.000000,22.375083,24.669903,23.207725,24.501493,18.140777,23.368528,21.115277,22.256210,19.956807,21.264862,22.465431,24.855493,24.907131,22.880511,26.520261,23.579510,26.174859,19.575461,24.941942,23.701936,25.244519,24.079737,23.612521,22.446398,23.983927,24.529391
WinMart+,26.781777,27.802482,25.768096,26.519048,27.349787,24.513969,25.770597,28.107285,25.739335,22.900543,24.924773,22.936226,24.727176,25.375130,26.233790,21.854204,27.829560,24.294271,17.205922,22.298465,26.303248,24.480917,22.551600,26.871079,21.302829,17.850178,22.394611,26.396751,27.881578,25.505369,21.758507,23.589364,26.339625,20.630708,26.146281,25.355849,21.381548,21.761347,18.620475,26.653787,26.516780,24.501866,21.064734,25.477164,23.055348,23.804263,24.657804,27.055288,19.827485,21.355942,23.961717,23.705829,22.481381,19.298596,25.406890,24.354866,18.189978,24.944603,21.193582,24.330905,27.442137,20.675621,24.105803,19.663039,24.583130,17.576530,23.517824,26.624789,21.563831,23.368682,26.100980,19.320850,26.152840,26.719445,24.726319,21.808810,26.746032,23.267753,18.281290,19.928571,25.608864,23.679274,24.235823,25.174554,24.915728,27.233141,21.286039,26.215590,25.705199,14.072571,14.446505,21.943562,21.494520,15.107852,25.302256,20.654481,20.259589,21.850676,24.973649,22.201838,0.000000,24.035445,20.929089,16.494657,15.541022,19.842245,13.073029,21.159111,22.306569,19.318451,20.686480,16.793442,22.262273,16.849789,23.827135,21.681106,18.511956,13.632110,19.946318,17.226476,25.140482,16.153905,23.630046,16.523357,23.982322,18.847567
WinMart+,31.876253,34.553576,28.393685,23.985758,26.254594,24.305714,34.283171,25.340073,24.228954,30.871051,24.651800,33.596704,24.915681,22.046243,24.887989,30.868650,24.974017,24.953074,21.748170,32.137172,26.400346,31.108137,29.172465,25.490650,28.242570,24.210964,30.911194,21.696656,24.748976,24.477167,27.082149,30.417577,26.830634,29.265488,27.407514,24.030249,30.336955,27.792589,24.310423,27.521323,23.854311,32.115505,28.403601,20.144108,27.073329,23.343245,31.649738,30.459013,28.552583,27.470629,24.400763,22.790909,26.046751,27.917378,22.793505,15.274791,23.419645,23.728093,21.243320,27.668240,22.868683,27.690094,24.906483,28.162060,23.308952,27.065004,26.404032,33.988362,29.098587,26.843285,20.502530,24.454525,23.242271,19.882870,23.840231,23.088018,33.289502,29.675532,26.951169,25.903014,25.539430,24.952996,25.290021,30.188115,22.207561,18.388979,24.567278,24.655435,14.093332,24.872753,23.365523,25.027468,24.594795,24.405428,22.784486,26.528769,25.588677,24.270425,15.332376,25.142981,23.489904,0.000000,24.115453,26.277812,23.666666,26.738173,26.801665,25.160807,21.785882,24.194750,24.752634,26.076466,27.100119,26.391214,25.432742,26.343574,25.298743,26.337502,24.910154,24.827178,20.938476,24.582187,19.297113,23.994083,19.703078,26.605379
Cửa Hàng Tiện Lợi BV Mart,21.618755,21.821341,21.258877,25.401637,26.000159,21.472943,20.362600,26.711335,24.637522,21.445845,23.941402,21.548441,22.143549,24.390678,24.934635,20.289888,26.502820,23.358424,15.724262,20.750101,24.871753,23.440560,21.354249,25.205257,17.193534,16.250502,20.745625,25.374971,26.489891,24.091877,20.266965,22.536976,26.068706,16.300359,26.363225,24.132448,19.404708,20.393801,16.068556,22.272982,25.101414,23.477527,19.433861,24.608342,22.101411,22.821264,22.585525,27.055263,16.534231,19.876522,25.046998,22.848371,21.522113,17.059553,24.287026,23.668554,21.250717,23.468382,20.802978,23.813017,26.271092,17.990133,22.957439,22.466520,23.489895,21.366595,22.919651,25.640582,19.068388,22.478606,26.093949,22.462315,25.266960,25.694543,23.620938,23.437937,25.872474,22.202165,19.022922,14.161221,23.919754,22.150763,25.182310,24.634001,24.902935,26.167094,22.518269,26.219967,24.915392,21.478404,18.921701,22.504572,23.235191,20.687038,25.293640,19.818254,14.956987,22.801825,26.274640,22.270199,19.157662,24.966838,0.000000,18.873890,21.714097,20.148085,20.114500,23.788951,23.555376,14.339911,22.905159,20.011417,19.109453,15.966342,24.610374,16.640937,23.216201,20.017889,17.371541,21.107925,26.081362,21.249295,24.466685,20.561322,24.810707,21.138558
Đảng uỷ - HĐND - UBND phường Thanh Xuân,24.892258,22.211509,24.063661,24.684596,25.247811,21.870378,20.667284,26.123818,23.716728,21.903283,22.885975,21.983268,22.680754,23.550824,23.934261,20.671531,25.958983,22.093680,17.541355,21.179389,23.798216,23.893931,21.707810,24.085593,21.503220,18.170411,21.224643,24.769707,25.921333,22.683964,20.638794,22.920830,25.761798,20.893149,26.101041,22.919206,19.826032,20.725048,19.043516,24.549799,24.139502,23.917936,19.765159,23.944549,22.419688,21.189942,24.123234,26.852627,16.818977,20.207176,24.063431,21.472759,21.809707,19.722844,23.288020,23.067467,18.767603,22.980395,18.640024,23.819557,25.774942,18.430531,21.061968,20.156713,22.186218,18.398436,21.819220,26.352580,19.617730,22.791957,25.833169,19.931112,24.792089,25.202748,22.334187,22.001880,26.544942,22.587914,13.953669,17.282058,22.155474,20.036982,24.288116,24.784588,24.580935,25.739401,20.493415,25.981529,24.506803,17.904826,15.248802,22.651276,21.713843,17.741487,24.985949,17.893477,17.354350,21.210479,26.105100,22.757373,14.903037,24.944235,19.084637,0.000000,19.262654,15.887154,15.941508,22.303014,22.602799,17.681038,21.019075,16.760179,19.950118,11.267274,23.458606,20.315134,21.333620,17.510550,18.071327,19.103409,25.954021,18.858914,24.290591,18.378947,24.648944,19.116613
Starbucks,27.464912,28.731163,26.314564,27.194706,28.366115,25.015739,26.293743,29.137445,26.432883,25.974097,25.539649,28.513704,25.334975,25.969041,27.181627,23.212295,28.648206,24.900250,21.164591,23.692234,27.314567,29.170062,26.639189,28.142481,20.883174,22.935375,23.994549,26.983503,28.755191,26.568108,23.144249,28.221312,26.847112,20.252837,26.649328,26.209206,23.029736,22.957726,18.441946,27.150182,27.496072,29.065507,22.428097,25.955542,26.429183,24.499580,29.025546,27.452531,21.111861,22.615789,24.532960,24.265816,25.716919,19.013889,26.131076,24.703198,18.032308,25.318640,21.404059,26.923451,28.127206,22.756453,25.086367,19.282533,25.324835,17.543419,23.956248,31.075980,23.719334,26.940127,26.913725,19.004149,26.624773,27.301160,25.480386,24.552084,30.996057,24.254527,21.136345,22.161439,27.090032,24.617188,26.732333,28.894593,25.562150,27.838847,21.610923,26.934288,26.112254,15.070060,14.900376,22.798505,24.269694,19.442225,25.969890,23.195101,22.809212,22.316389,25.328900,23.007005,14.592651,24.566035,22.860247,20.913621,0.000000,22.880644,14.494476,21.814223,22.784419,20.741903,19.798810,21.242608,24.873750,19.791185,24.763509,23.336969,16.774967,14.927595,23.494366,15.617247,25.289779,19.022772,23.707257,18.857260,24.069123,21.281109
WinMart+,25.193623,22.446245,24.368880,24.979985,25.563381,22.125846,20.950176,26.371349,24.092659,22.194096,23.311697,22.242109,23.126775,23.889038,24.345673,21.031784,26.189979,22.604263,18.167217,21.507666,24.243663,24.008349,21.935888,24.561889,22.063882,18.799381,21.591809,25.018764,26.167516,23.269064,20.994405,23.074994,25.772466,21.533516,26.096902,23.414596,20.331034,21.035046,19.847940,24.609960,24.539556,24.033275,20.180119,24.213052,22.573354,21.854151,24.218678,26.809009,17.684417,20.556468,24.474408,22.026734,21.982512,20.565240,23.696661,23.305349,19.784998,23.078272,19.507323,25.752061,25.985061,19.228863,21.843194,21.120192,22.714603,19.645248,22.252440,26.339051,20.305260,22.926009,25.834119,20.997446,24.989072,25.410701,22.858988,22.591307,26.526516,24.530653,16.153418,14.594935,22.901478,20.902206,24.659597,24.835185,24.631582,25.922903,21.329249,25.987976,24.675685,19.449608,16.766242,21.324774,22.338403,18.956986,25.026936,14.678060,13.643825,21.859897,26.086390,21.195426,16.932628,24.855170,17.940805,16.464052,20.273864,0.000000,17.917998,22.784473,22.881498,16.585053,21.720436,13.192445,18.446332,10.944627,23.751769,19.912567,22.012057,18.581665,16.772779,19.908622,25.955099,19.849503,24.320780,19.283079,24.674425,19.932847
WinMart+,27.430624,28.563518,26.357974,27.163348,28.196955,25.190890,21.458230,28.898718,26.467749,22.800027,25.664682,22.806846,25.485297,26.023261,27.131881,21.663018,28.483395,25.110516,17.337227,22.136015,27.239745,24.428826,22.423670,27.947730,20.887388,23.305089,22.259842,26.953634,28.570690,26.588376,21.613741,23.504711,26.832216,20.292008,26.644389,26.274531,21.136597,21.590751,18.595799,24.926788,27.396578,24.445823,20.845397,26.000228,22.961858,24.804430,24.611445,27.098920,18.763129,21.160964,24.788376,24.550403,22.374268,19.137484,26.181075,24.785241,18.245725,25.372179,22.192215,24.284299,28.013210,20.322056,25.362321,19.406426,25.489517,17.832448,24.214541,26.660032,21.319326,23.285180,26.106490,19.168543,26.600230,27.232291,25.630592,24.836964,26.822383,23.174973,17.558103,19.497078,27.020613,25.002849,26.733002,25.147852,24.874680,27.735565,22.582311,26.228673,26.097363,15.959302,15.426765,23.853717,24.604646,21.304816,25.271038,20.270618,19.840543,23.130851,25.377546,23.876712,13.494144,24.490037,20.665517,15.084306,17.210938,19.283337,0.000000,23.379586,23.361023,19.004001,20.929154,14.392383,22.019508,15.378575,24.040301,21.503567,17.388639,12.411793,21.160661,17.328224,25.334370,14.978875,23.780835,15.584160,24.138109,17.958798
WinMart+,27.809282,29.316047,26.513634,27.534095,29.015121,25.092171,26.502182,29.841138,26.728968,26.170955,25.711088,29.000722,25.476841,26.188066,27.678114,25.018148,29.172535,24.992154,20.805114,28.585519,27.909508,29.694703,26.877205,29.023255,24.456934,22.728482,25.562451,27.276521,29.329555,27.128487,24.525844,28.617667,27.085584,24.080613,26.873099,26.585026,24.693922,26.506888,22.508087,27.398132,28.079860,29.552955,23.847483,26.129606,26.612404,24.541379,29.482951,27.730859,23.441706,23.932181,27.951368,23.958316,25.840670,23.582551,26.430057,24.781819,23.128616,25.436456,20.654847,27.123916,28.539135,24.826710,25.313359,24.785477,25.206159,23.623025,23.710437,31.728738,25.792578,27.152733,27.358663,23.726662,26.850202,27.611068,25.376635,24.259292,31.599369,25.265125,23.971017,24.386959,27.450441,24.724118,29.751505,29.270628,24.985415,28.187799,20.579101,26.333958,26.300319,20.900453,21.507157,23.829501,23.902042,20.929293,25.381678,25.622816,25.265707,21.580675,25.441737,21.481478,22.210553,24.849476,24.777748,25.019359,15.697778,25.745609,20.501862,0.000000,22.017079,22.277339,22.251898,25.513602,27.256659,22.881198,25.545121,24.988439,25.120276,21.351947,25.234580,20.524563,25.320831,22.362553,23.684896,20.358166,24.056381,23.520266
Phường Ô Chợ Dừa,22.841409,23.740736,22.201486,22.760124,22.817428,21.998376,22.596612,24.014870,21.271838,23.561441,19.927808,24.467311,22.319315,21.303968,21.059233,23.134421,24.191645,21.469937,20.350096,24.474228,20.367184,25.472649,23.195720,23.158919,23.478790,20.285679,23.739071,24.178027,23.721682,21.974858,23.090986,24.718448,23.371878,23.134285,23.121199,20.106808,22.708771,22.930610,21.908701,24.144351,18.978564,25.327223,23.048834,24.069498,23.491103,20.421906,25.456740,24.052333,22.782543,22.139282,18.809570,19.930831,22.886638,22.738655,18.634368,21.597430,22.301621,22.260604,19.444615,23.765975,24.119643,22.552797,21.497244,23.407216,17.918340,22.367883,17.631810,27.322685,21.871635,24.131955,24.398378,22.339527,23.453286,23.712443,15.832995,16.922079,27.396501,26.212150,21.742308,22.162295,19.654803,22.631530,19.378741,25.995830,22.831696,24.350432,17.954234,23.659655,22.583412,23.250402,21.152557,20.259611,15.598680,20.141626,23.038357,22.899997,22.679962,15.251110,23.773334,17.296686,21.150336,21.486220,22.719555,22.675339,18.503364,22.728573,20.349108,20.094193,0.000000,21.236896,20.898418,22.865053,23.886701,21.780611,22.541492,23.044139,22.478662,19.364693,23.767531,20.681081,24.467871,21.502155,23.003084,20.565442,23.370031,22.288060
Chợ Xanh Văn Quán,24.733404,20.411232,24.051650,24.519524,24.827640,20.137835,19.371613,25.486269,23.772982,19.914302,23.156349,20.080809,22.996952,23.606814,23.892788,19.135567,25.484987,22.598609,19.070044,19.418429,23.810843,26.023931,20.102797,24.002893,22.192957,19.612451,19.225206,24.565683,25.438269,23.060053,17.972432,24.530934,25.181602,21.796857,25.461881,23.195988,18.315542,18.294990,20.583598,25.959845,24.048874,21.246130,18.861493,23.908913,23.184977,22.033248,21.507657,25.980585,16.241759,18.996291,24.008072,22.146345,22.615860,21.126416,23.415891,23.102279,20.644899,22.937779,20.351330,22.519788,25.360430,19.187335,22.020525,21.573338,22.656239,20.612955,22.255900,24.441176,17.779703,22.932688,25.257053,21.491494,24.561889,24.888821,22.775241,22.567087,24.764894,20.822616,18.821341,14.918034,22.764820,21.400409,24.144457,23.725105,21.563811,25.328063,21.677710,22.013808,24.272926,20.661309,18.770475,21.643642,22.383684,20.153831,21.807872,19.152442,18.721167,22.033999,25.501829,24.635248,18.963453,23.994907,14.867435,18.680127,22.986060,19.579224,19.634457,24.562940,24.217221,0.000000,23.896769,21.234558,15.203385,19.647986,23.306501,12.223240,22.098765,19.664318,16.073778,20.612461,25.673515,20.651598,24.195180,20.176466,24.524563,20.587024
Noble Moment,27.673560,28.878139,26.553033,27.403762,28.548585,25.388443,26.512998,29.250468,26.719997,26.262149,25.897328,24.681675,25.713299,26.239284,27.459444,23.711442,28.764727,25.353617,21.660912,24.173271,27.601625,29.235570,26.824640,28.390005,22.169291,23.443750,24.526407,27.164526,28.872235,26.980619,23.639850,28.327377,27.013425,21.663814,26.825765,26.592060,23.629022,23.406698,20.062411,27.291469,27.748032,29.137137,22.952485,26.176469,26.589951,25.092274,29.097211,27.589263,21.893106,23.094002,25.021689,24.783210,25.901960,20.764702,26.447437,24.913948,20.054139,25.511410,22.356189,27.071381,28.248795,23.514457,25.745785,21.325276,25.781321,19.960979,24.395470,31.057611,24.441497,27.076176,27.128774,21.228070,26.769025,27.436257,25.923131,25.114784,30.982761,24.592568,22.249250,22.994623,27.563337,25.406225,27.020654,28.956242,25.764260,27.944212,22.816797,27.122305,26.238975,19.674359,17.576592,24.351636,24.872638,21.514881,26.172414,24.062060,23.707939,23.409604,25.506855,24.312499,19.968827,24.667317,23.559643,22.554219,17.899219,23.925918,17.390790,21.126374,23.603721,21.351920,0.000000,22.928230,25.653003,21.068346,17.926975,23.920832,15.961761,13.436970,24.102499,13.911218,26.627209,18.301789,24.869859,18.272270,25.225550,21.209315
WinMart+,28.207564,29.347264,27.108717,27.918111,29.075488,26.130651,22.266286,29.689551,27.364965,23.905420,26.642701,23.839016,26.484123,26.849882,28.128800,22.691337,29.156830,26.228962,19.394456,23.212650,28.294275,25.351068,23.283108,29.067923,23.482485,24.354225,23.527901,27.614812,29.279136,27.868372,22.624680,24.339013,26.847338,23.066820,27.147122,27.400321,22.374730,22.477901,21.545544,25.649689,28.379355,25.342087,21.833744,26.676230,23.670168,26.185180,25.467376,27.975061,20.107877,22.086884,25.951416,25.755687,23.046280,22.417703,27.137415,25.374788,21.878383,25.940689,23.863622,25.028256,28.623687,21.887909,26.950992,23.284328,26.676558,22.112418,25.218238,27.555904,23.022144,23.973136,26.824536,23.332903,27.139907,27.818160,26.800597,26.152282,27.669074,23.943499,19.586233,21.133903,28.581212,26.765450,27.679168,25.880578,25.409602,28.281259,24.634159,26.834927,26.565390,22.227964,19.339190,26.499511,25.970430,24.163720,25.831582,22.252501,21.790500,25.102858,25.910949,26.225243,19.757440,24.978242,22.125218,18.262511,22.059252,21.625221,16.806109,26.543098,24.965582,19.969566,24.742285,0.000000,24.216945,13.518690,26.678723,22.774534,22.596315,16.953405,20.240545,20.162296,26.427225,18.807412,24.726531,18.182576,25.081489,19.165144
Co.opmart,25.891311,23.358554,25.041936,25.662989,26.330615,23.079934,21.838144,27.063510,24.908738,23.283783,24.193412,23.255187,24.029393,24.634614,25.257424,22.146253,26.803301,23.611621,19.232442,22.620083,25.213309,24.783077,22.801315,25.602851,23.142071,19.879002,22.876391,25.614372,26.811227,24.444343,22.094623,23.841204,26.327743,22.721816,26.627196,24.440272,21.735312,22.008456,21.241665,25.185822,25.437729,24.791867,21.334594,24.818414,23.258349,23.094535,25.365722,27.374213,19.512390,23.389058,25.379577,23.086420,25.774672,22.039088,24.567989,23.839512,21.489921,23.626399,20.982573,27.096373,26.540734,21.115086,23.282017,22.804887,23.771814,21.652405,23.109335,28.682240,22.169768,26.085488,26.336877,22.817264,25.473623,25.931777,23.903844,23.735771,28.606052,25.758068,19.179154,15.991946,24.323307,22.430378,25.495263,26.990658,25.064272,26.408978,22.822859,26.422023,25.093779,21.828357,19.032650,22.799468,23.528287,20.907857,25.465262,20.234757,19.394089,23.070380,26.493936,22.520277,19.284484,25.231928,17.470156,18.981180,21.984516,20.404657,20.325917,24.168149,23.811791,15.854028,23.239812,25.695948,0.000000,15.810474,25.024070,20.748762,23.620345,20.149464,15.768706,21.293533,26.186630,21.479883,24.542505,20.721989,24.891712,21.319374
WinMart+,27.059461,22.765762,26.163534,26.799753,27.557519,22.509382,21.424013,28.146606,26.208416,22.614007,25.566372,22.613947,25.427632,25.835404,26.683252,21.610924,27.864592,25.133286,19.028899,22.008942,26.721670,24.082788,22.286901,27.209057,22.493978,23.683259,22.110242,26.627484,27.912688,26.191022,21.569628,23.268684,25.635154,22.073347,25.930100,26.002424,21.145227,21.549245,20.726165,24.606298,26.859805,24.114298,20.889150,25.833982,22.796067,24.897612,24.275024,26.538447,19.135527,21.159454,24.881975,24.693474,22.253459,21.367138,25.934966,24.733472,20.831533,25.266464,23.024372,25.620290,27.512951,20.470632,25.315832,21.913861,25.387993,20.869022,24.411002,26.137694,21.294677,23.099821,25.693191,21.883549,26.327259,26.854600,25.509035,24.920353,26.310268,24.547847,18.701150,17.406844,26.418156,25.066542,26.395856,24.812742,24.633869,27.288700,23.457680,25.881624,25.852727,21.549872,18.670410,24.421144,24.748127,22.881532,24.999796,19.146955,18.570567,23.804322,25.267339,24.388991,19.862118,24.511769,19.980670,18.995272,21.270589,10.926631,18.390338,24.217116,23.847118,18.282151,22.989274,15.854959,21.425082,0.000000,24.522161,21.094230,21.616644,17.847321,20.475005,20.131795,25.893455,19.216095,24.336686,18.695020,24.676066,19.392138
9.0cafe,28.026328,29.436769,26.791357,27.752392,29.162354,25.534631,26.745681,29.919277,27.050715,26.503881,26.138464,29.095516,25.929971,26.497600,27.975679,25.391252,29.268771,25.540242,21.420458,28.696058,28.201157,29.734983,27.077180,29.225389,24.895479,23.356474,25.685255,27.467158,29.426414,27.590542,24.689603,28.718475,27.261571,24.579253,27.064196,27.017546,24.877283,26.724639,23.171644,27.544155,28.326514,29.604465,24.051120,26.375084,26.792753,25.303430,29.539509,27.867416,23.997665,24.115209,24.763424,24.485435,26.045228,24.214079,25.546664,25.026241,23.875476,25.648507,22.005441,27.286849,28.650592,25.034543,26.167612,25.402629,25.672344,24.458114,24.123597,31.660311,25.925568,27.298472,27.479355,24.656455,27.003989,27.750826,25.829127,24.841671,31.541040,25.353108,24.323810,24.644907,27.968448,25.792676,27.116141,29.322188,25.162666,28.292921,22.454916,26.482099,26.436349,22.139901,22.476992,25.064953,24.539646,22.584851,25.554330,25.790687,25.479452,23.237549,25.638942,23.834218,23.159899,24.950088,24.991881,25.372517,18.431967,25.924620,21.687787,27.356947,22.145276,22.581511,21.995730,25.802975,27.270627,23.380805,0.000000,25.157276,22.621007,19.744060,25.382632,15.306902,26.855423,20.070051,25.004263,18.084201,25.370093,22.216967
The Coffee House,26.072871,23.703941,25.244467,25.840806,26.499979,23.439566,22.214527,27.178019,25.147829,23.678842,24.482557,23.622401,24.333914,24.861697,25.502072,22.600788,26.917294,23.960889,19.768346,23.046796,25.477179,29.096561,23.132445,25.857347,23.541547,20.402638,23.341789,25.767155,26.925495,24.798176,22.544648,27.375675,26.445827,23.171161,26.730428,24.754338,22.309591,22.412648,21.830491,25.348600,25.671393,24.048310,22.118778,25.000880,25.737524,23.542908,24.642233,27.447911,20.347501,22.425745,25.618935,23.479573,25.215906,22.616281,24.830724,24.012828,22.172233,23.815785,21.614769,26.346061,26.649264,21.882718,23.776862,23.397866,24.124475,22.427773,23.439424,28.086951,22.855412,25.540044,26.439674,23.457179,25.595088,26.048971,24.252547,24.119241,28.070507,24.844685,20.455281,16.355701,24.752802,23.004606,25.714967,26.463324,25.192833,26.501569,23.362461,23.956942,25.198319,22.697299,20.056845,23.334521,23.936865,21.712453,25.589257,22.035315,21.362814,23.508936,26.561007,26.737808,20.333580,25.243242,17.940492,20.112210,25.150590,21.550509,21.320948,26.955500,25.792055,12.481163,26.191376,23.708264,16.587110,21.772239,25.369144,0.000000,24.136988,20.864719,17.129782,21.878030,26.245252,22.139571,24.615511,21.355747,24.960071,21.909628
Cục Tần số vô tuyến điện,28.640936,29.933920,27.432962,28.352621,29.728036,26.423445,27.327748,30.366979,27.811810,27.241213,27.025046,29.516838,26.852178,27.208588,28.746079,26.148382,29.706778,26.606801,22.479305,24.430966,28.999411,30.059834,27.587696,29.978873,22.532976,24.473288,24.868124,27.983140,29.874253,28.638741,23.901915,29.108931,27.733071,22.073159,27.560831,27.976621,23.950110,23.643011,20.563695,27.960349,29.053400,29.940972,23.234604,26.955514,27.247937,26.661784,29.865983,28.284327,22.323942,23.354790,25.999644,25.783551,26.529120,21.282808,26.527260,25.561342,20.663548,26.147641,23.987674,27.716556,29.071318,23.919053,27.668715,21.908021,26.867580,20.688224,25.157374,31.830917,24.877553,27.698540,27.364675,26.203979,27.430048,28.183099,27.002326,26.254694,31.711974,24.765945,22.845255,23.444945,29.356884,27.532264,27.966062,29.602562,25.964438,28.670447,24.948396,27.332244,26.812273,20.935384,18.437200,26.117207,26.043049,22.588818,26.377550,24.577377,24.239316,25.525518,26.107910,26.578599,21.379649,25.304016,23.953692,23.412265,20.045341,24.489540,18.847337,27.671919,24.169655,21.686250,20.359580,23.804719,26.108678,21.758854,27.437293,24.286694,0.000000,9.705348,24.431636,12.434099,27.068022,16.767063,25.227183,17.123847,25.588462,20.490187
Everything Coffee 'N Bagel,27.840363,28.871917,26.825412,27.566766,28.564390,25.871020,27.458565,29.157410,27.011768,23.686164,26.324637,23.629324,26.176523,26.542999,27.657385,22.596817,28.731206,25.911616,19.581206,23.048396,27.773414,25.029382,23.139211,28.427531,23.303891,24.206093,23.290255,27.309756,28.824448,27.312822,22.541087,24.121578,26.994735,22.923210,27.274961,26.954656,22.295751,22.413977,21.560943,25.851064,27.874924,25.040397,21.824560,26.431183,23.527558,25.804138,25.170919,28.069351,20.306252,22.047699,25.389894,25.189945,22.943264,22.318872,25.866623,25.201223,21.844118,25.752072,23.691073,24.801476,28.265460,21.853778,26.430199,23.046443,26.017745,22.047726,24.783928,27.100785,22.794783,23.811353,26.956970,23.084874,26.897795,27.516463,26.145617,25.502022,27.228977,23.781117,19.980005,21.214252,27.496218,26.219858,27.058861,25.595640,25.577258,27.965228,24.337150,26.965126,26.355136,21.514012,19.686931,24.931240,25.315074,22.629786,25.995249,22.120348,21.748773,24.746562,25.732764,25.338073,14.707753,24.706996,22.049908,19.226341,21.159102,21.624416,17.029048,25.316439,23.800152,20.144486,21.679508,18.058216,23.723914,17.701079,24.639872,22.627224,20.177089,0.000000,22.018047,16.898538,26.510293,15.406525,24.837319,15.615748,25.183148,16.873170
Starbucks,27.560836,21.398698,26.742308,27.325922,27.883247,21.166119,20.396950,28.365669,26.776001,21.066326,26.246214,21.234683,26.090542,26.454649,27.177967,20.297184,28.203880,25.908812,18.259906,20.654543,27.341091,22.668637,21.117279,27.699069,21.017281,24.620626,20.505732,27.099103,28.232824,26.946002,20.230234,26.494037,24.280151,20.594272,24.565778,26.699782,19.707331,20.385179,19.414671,23.403342,27.449298,23.696681,22.008961,26.376768,25.154071,25.871909,24.138849,24.979598,17.956538,22.306390,25.696732,25.611441,24.686765,19.868922,26.605297,25.264531,19.320613,25.760247,24.347372,25.299209,27.893946,18.952479,26.189764,20.134904,26.217240,19.081900,25.105722,26.767268,19.475854,24.970722,24.404722,19.922928,26.741965,27.253596,26.315413,25.864131,26.833336,24.151284,17.231674,15.315682,27.149874,26.083816,26.894148,25.741866,23.703660,27.639436,24.781848,23.656101,26.225487,23.550971,17.434134,25.739891,25.725288,24.555566,24.012966,16.922902,16.549224,25.135421,25.738245,25.631989,22.692176,23.158433,15.426797,22.211814,23.664686,19.792255,22.147767,25.688295,25.019742,17.424455,24.838363,21.384805,13.015336,18.965403,25.806377,18.920415,23.809316,20.520991,0.000000,22.219003,25.236109,21.847434,23.841069,21.132910,24.170138,21.606856
Chợ Trung Kính,27.001001,28.028559,25.999644,26.753518,27.633644,24.839575,25.987309,28.343488,26.038785,25.643496,25.261084,27.927380,25.087473,25.651275,26.588414,24.814201,28.033184,24.693142,21.437182,22.929801,26.658998,28.548270,26.314193,27.262499,20.888710,23.032450,23.083075,26.604518,28.091973,25.958047,22.471860,27.729329,26.523203,20.368296,26.340346,25.754347,22.281091,22.399537,18.901053,26.817238,26.847888,28.484077,21.879555,25.696472,26.160875,24.313851,28.474394,27.090056,20.603611,22.068174,24.072000,23.820082,25.513086,19.382450,24.750388,24.548464,18.655251,25.130078,21.850242,26.640631,27.626487,21.904228,24.718666,19.642260,24.686330,18.361600,23.624809,30.326203,22.628208,26.638381,26.522938,23.783447,26.314406,26.896766,24.830917,24.011886,30.259034,23.633941,20.452706,21.383681,25.764711,24.352012,25.986669,28.425170,25.348314,27.395590,22.121157,26.613027,25.843298,17.325222,16.416879,22.111877,23.764221,18.697045,25.726407,22.074141,21.782861,22.629358,25.140929,22.836014,17.288700,24.182828,22.028738,20.042925,15.371237,21.703488,15.679133,21.308198,21.940593,20.412342,13.324740,19.971179,23.340823,19.219378,19.041331,22.519844,13.821050,15.681209,22.457546,0.000000,26.565455,13.884726,24.850393,14.530095,25.201758,18.181756
Trường Mầm non Kim Lan,27.618241,27.916601,26.234186,24.518252,25.165667,26.838842,27.546626,24.679001,24.671770,27.020525,24.723275,27.562400,24.853851,23.926035,24.874934,27.220150,24.611902,24.929569,23.784675,27.436445,25.454697,27.102113,26.653231,25.205749,26.533099,24.748158,27.166445,23.856800,24.515632,24.879043,25.920698,27.037201,25.294248,26.950400,25.507954,24.658196,27.203084,26.233542,24.909653,26.090618,24.605067,27.612319,26.673422,23.522753,26.172900,24.530646,27.626277,25.850893,26.979918,26.534726,24.872761,24.296052,25.742159,26.761422,24.319153,21.907784,24.669263,24.087787,23.611261,26.453769,24.090831,26.705585,25.167363,26.944183,24.633925,26.520946,25.296326,28.553965,27.127960,26.255985,23.680416,25.185421,23.968950,23.548586,24.818585,24.550604,28.541520,27.751064,26.677666,26.177608,25.638762,25.399175,25.379255,27.763155,24.138030,23.488928,25.218578,24.874885,20.607198,25.448457,24.840128,25.438695,25.832389,25.260246,24.331644,26.494708,26.013097,25.228678,21.892301,25.552645,24.873859,20.696919,25.319379,26.383437,24.927208,26.601008,26.680808,25.586172,25.383311,25.486733,25.475922,26.382437,26.858726,26.551445,25.890241,26.697323,25.829304,26.622266,25.953665,25.595243,0.000000,27.114797,14.317094,25.275069,13.823214,26.835213
WinMart+,27.260918,28.253301,26.284599,27.012993,27.893673,25.230896,26.241208,28.543291,26.374086,23.605764,25.651806,23.561428,25.493464,25.960082,26.944190,22.627974,28.212112,25.159160,21.922132,23.030461,27.018676,24.864295,23.116756,27.607292,21.892610,23.528603,23.211547,26.823216,28.280928,26.428049,22.555974,27.887825,26.727023,21.457203,26.554217,26.174503,22.357219,22.455565,20.129935,26.995916,27.167058,24.884841,21.920758,25.950022,23.481128,24.899143,25.010639,27.712760,20.595437,22.119267,24.598138,24.375147,22.936037,20.687959,25.174258,24.786989,20.121764,25.345623,22.675556,24.690396,27.799936,21.975355,25.384562,21.114272,25.195345,20.052517,24.094457,26.811516,22.761752,23.755431,26.705965,24.459205,26.495977,27.079019,25.331087,24.612204,26.932378,23.729493,20.424543,21.425126,26.380634,25.093493,26.362253,25.431761,25.457976,27.548030,23.113067,26.765978,26.002442,19.927509,18.255388,23.378178,24.399858,21.118406,25.851075,22.187704,21.871696,23.555579,25.351317,23.917064,16.435239,24.326518,22.112799,19.976493,19.051062,21.797607,14.083825,23.194571,22.773272,20.389290,18.801398,19.058997,23.555243,18.501659,21.927964,22.624119,15.844189,11.227368,22.109020,15.591817,26.654967,0.000000,24.949772,9.894878,25.301363,13.638979
Trường Trung học cơ sở Văn Đức,25.422696,25.535986,24.246803,22.785559,23.312813,24.822123,25.149301,22.815305,23.035098,24.872868,22.976496,25.209663,23.118111,22.302927,23.154805,25.082361,22.724219,23.200950,22.376620,25.172066,23.602134,24.890960,24.589722,23.460661,24.608732,23.090262,25.012311,22.080925,22.600925,23.210082,24.044130,24.874262,23.257528,24.936819,23.450250,22.983824,25.083170,24.285097,23.293156,24.118400,22.912418,25.335107,24.717527,21.797698,24.331239,22.981571,25.387158,23.595777,25.024026,24.678135,23.174270,22.755235,24.098980,24.866681,22.730558,20.601550,23.156187,22.324436,22.290871,24.540363,22.143511,24.826326,23.457552,25.038555,23.087993,24.736773,23.522345,26.138642,25.123085,24.425879,21.956079,23.612407,22.105507,21.813417,23.198538,23.045279,26.181369,25.725512,24.919290,24.515777,23.917473,23.732547,23.624802,25.641154,22.599712,21.693460,23.577568,23.111085,19.519271,23.815035,23.373236,23.762647,24.135142,23.682304,22.718665,24.803384,24.385415,23.647266,20.452617,23.879800,23.409830,19.023764,23.866037,24.692728,23.429395,24.859164,24.942100,23.917540,23.790265,24.063144,23.880773,24.729757,25.105774,24.866408,24.263768,25.087893,24.223683,24.971460,24.454732,23.996413,13.948386,25.365587,0.000000,23.804709,11.179891,25.167748
Trung tâm Hỗ trợ doanh nghiệp Hà Nội,26.406623,27.213099,25.544604,26.174745,26.777435,24.432185,25.538499,27.438675,25.478491,22.885572,24.803156,22.933691,24.604806,25.173132,25.824875,22.023129,27.298097,24.267672,21.487921,22.402853,25.882905,24.246201,22.591169,26.266716,22.623060,22.889138,22.455283,26.083061,27.317233,25.206544,21.927878,23.490481,26.061409,22.260275,25.893138,25.127742,21.673597,21.941542,21.094431,26.361330,26.073579,24.283857,21.365339,25.289668,23.021990,23.876959,24.430094,27.012822,19.969197,21.603780,23.717547,23.508288,22.512578,21.671471,24.331071,24.256119,21.235142,24.802485,21.851639,24.137516,27.001035,21.199353,24.088122,22.184745,24.206489,21.243666,23.355543,26.108096,21.850937,23.301607,26.138407,23.388693,25.883319,26.370588,24.339409,23.634819,26.234918,23.231274,19.600827,20.652849,24.843156,23.785468,25.339647,24.908700,25.054052,26.830146,22.028059,26.230697,25.461299,19.195771,17.924695,21.998544,23.421426,20.184258,25.421327,21.212164,20.935019,22.460348,24.827425,22.541737,16.198577,23.694690,21.330128,18.885891,18.270798,20.739787,17.442643,21.449964,21.906305,19.900134,17.866157,18.093982,22.415995,17.826513,20.174662,21.890379,15.592355,12.115750,21.431430,14.152035,26.352319,9.431953,24.730674,0.000000,25.076848,12.789003
Trường Mầm non Văn Đức (điểm Chử Xá),26.285882,26.428723,25.115888,23.681170,24.193368,25.642762,26.082167,23.744096,23.858628,25.732515,23.850266,26.121435,23.971464,23.201053,23.997964,25.925260,23.678765,24.041277,23.165030,26.055620,24.459755,25.780592,25.454381,24.287067,25.412909,23.918221,25.852268,23.070852,23.576971,24.028811,24.871927,25.750484,24.225472,25.748792,24.408761,23.822861,25.916049,25.121873,24.083574,24.989654,23.768360,26.206661,25.525966,22.795370,25.160180,23.773526,26.244967,24.605847,25.817727,25.459665,24.005973,23.563221,24.838934,25.649997,23.565272,21.494489,23.915653,23.239759,23.038777,25.345568,23.192178,25.604627,24.265300,25.812710,23.874154,25.482656,24.349710,26.993710,25.912448,25.238530,22.974000,24.357281,23.096522,22.801114,23.999406,23.811308,27.016899,26.493037,25.650370,25.240918,24.699430,24.504634,24.440623,26.446717,23.422460,22.725200,24.354259,23.971311,20.421150,24.568249,24.103255,24.539488,24.895560,24.425209,23.561171,25.511227,25.093658,24.397126,21.458954,24.642832,24.128290,19.977131,24.544324,25.407926,24.157197,25.580152,25.659121,24.676156,24.538948,24.724567,24.615212,25.431143,25.812720,25.569200,24.984236,25.750543,24.933727,25.659768,25.119363,24.728066,13.384927,26.061023,11.368082,24.502021,0.000000,25.847275
WinMart+,28.000172,28.972191,27.031983,27.734023,28.691258,26.185825,27.807147,29.219952,27.241540,24.413650,26.615065,24.314331,26.487189,26.778278,27.862357,23.374653,28.810969,26.262662,20.411187,23.808048,27.973792,25.543802,23.753287,28.577601,24.041473,24.647770,24.122499,27.460737,28.899626,27.588604,23.314226,24.651359,27.324900,23.730906,27.585188,27.230651,23.238720,23.116641,22.528705,26.226231,28.055672,25.546422,22.652632,26.632252,24.021730,26.225350,25.646948,28.374589,21.545163,22.804630,25.801577,25.626119,23.450979,23.294353,26.197373,25.407639,22.955069,25.940607,24.357110,25.253550,28.361548,23.045325,26.846681,24.092747,26.388503,23.293391,25.184315,27.467014,23.922807,24.275642,27.261605,24.188501,27.027942,27.632556,26.506993,25.948406,27.575163,24.307961,21.750984,22.540878,27.812348,26.691457,27.305006,25.980982,25.878276,28.051517,25.054748,27.241410,26.472464,22.762408,21.160087,25.723998,25.791574,24.273873,26.291564,23.493338,23.164499,25.403077,25.906086,26.015542,21.656694,24.788779,23.141532,21.845542,23.039798,23.287460,20.317852,26.258194,24.459335,21.108371,23.620459,20.872544,24.959861,19.778106,25.911893,23.537849,23.104267,17.090434,23.014724,17.373407,26.676588,14.265244,25.008337,9.592429,25.349601,0.000000
