,depot,WinMart+,Trường Mầm non Thịnh Liệt (cơ sở Giáp Nh,Trường Mầm non Hoa Mai,Trường mầm non Vườn Hồng,WinMart+,WinMart+,Siêu thị Đức Thành,WinMart+,Siêu Thị T-Mart,Trường Trung học cơ sở Tân Định,Trường Tiểu học Hoàng Liệt,WinMart+,WinMart+,Cục Dự trữ Nhà nước khu vực Hà Nội,Trường Mầm Non Đại Từ,WinMart+,Cà Phê Parkland,Trường Mầm non Định Công (Cơ sở 3),Highlands Coffee,WinMart+,WinMart+,Trường Mầm non Hoàng Liệt (cơ sở Tứ Kỳ),WinMart+,WinMart+,Trường Mầm non Sao Mai,KFC,Trường Đại học Công nghệ và Quản lý Hữu ,Không có tên,WinMart+,Không có tên,WinMart+,MM Mega Market Hoàng Mai,Trường Tiểu học Đại Kim,Không có tên,Không có tên,Cà Phê 3k,Không có tên,WinMart+,WinMart+,WinMart+,Trường Tiểu học Chu Văn An,AEON MaxValu Linh Đàm,WinMart+,WinMart+,WinMart+,Trường Mầm Non Hoạ Mi,WinMart+,WinMart+,Trường Tiểu học Chu Văn An,WinMart+,WinMart+,Trường Mầm non A Tứ Hiệp,Cà Phê KOK,Không có tên,Trường Đại học Kinh tế - Kỹ thuật Công n,WinMart+,Trường Quốc tế Singapore,WinMart+,Trường Tiểu học Tam Hiệp,WinMart+,Delícia Coffee & Lounge,UBND phường Khương Thượng,WinMart+,Siêu thị B11 Kim Liên,WinMart+,Cà Phê Big One,Trường Mầm non Đại Thanh,siêu thị 24h ninja mark,Trường Mầm non Tứ Hiệp (điểm Cổ Điển B),WinMart+,Không có tên,Quan an Nam Nhu 1,WinMart+,Taste Tea,WinMart+,WinMart+,Trường Cao đẳng Hà Nội,TK mark,Hội đồng nhân dân - Ủy ban nhân dân phườ,Trung tâm Công nghệ Phần mềm Thủy lợi,WinMart+,Không có tên,Cafe Dinh,Trường Trung học cơ sở Yên Mỹ,WinMart+,Coffee Cây,Trường Mầm non Tứ Hiệp (điểm Đồng Trì),Trường Mầm non Lĩnh Nam (cơ sở 2),Chợ Nhân Chính,Cục Sở hữu Trí tuệ,WinMart+,Kho bạc Nhà nước Đống Đa,Tịnh Cafe,Trường Mầm non Yên Mỹ,WinMart+,5050 Rooftop Cafe & Pub,Thuế cơ sở 4 thành phố Hà Nội,Trường Trung học cơ sở Lĩnh Nam,WinMart+,WinMart+,WinMart+,Cửa Hàng Tiện Lợi BV Mart,Đảng uỷ - HĐND - UBND phường Thanh Xuân,Starbucks,WinMart+,WinMart+,WinMart+,Phường Ô Chợ Dừa,Chợ Xanh Văn Quán,Noble Moment,WinMart+,Co.opmart,WinMart+,9.0cafe,The Coffee House,Cục Tần số vô tuyến điện,Everything Coffee 'N Bagel,Starbucks,Chợ Trung Kính,Trường Mầm non Kim Lan,WinMart+,Trường Trung học cơ sở Văn Đức,Trung tâm Hỗ trợ doanh nghiệp Hà Nội,Trường Mầm non Văn Đức (điểm Chử Xá),WinMart+
depot,0.000000,23.753073,20.380287,23.457205,19.151775,23.499919,14.313380,26.543877,23.315876,21.398016,22.261732,18.003712,23.163680,21.218396,23.731219,20.991865,26.426782,23.690705,19.805178,19.276101,26.205358,17.332422,17.150903,25.547125,25.457098,23.061675,22.797622,25.893142,27.591168,23.885340,22.010748,18.212249,25.836571,21.829739,25.297600,25.472284,21.734563,17.885090,24.599494,19.589216,24.619963,21.086612,21.772385,25.553754,18.064857,22.965925,21.870604,27.115741,22.295790,20.546739,27.126615,25.509384,17.357323,23.661906,25.826642,23.719708,23.923836,23.729955,20.577068,20.291965,29.190104,22.200465,27.887516,24.659065,25.822050,23.251168,24.489859,25.978980,23.527719,19.070805,20.528102,27.793974,26.892422,27.696674,26.699109,25.779348,26.499455,25.262016,21.648297,22.378493,29.423463,28.489125,29.295414,24.011899,20.951507,28.776143,27.879603,22.059220,24.049206,28.547496,26.259707,28.705102,28.159975,27.921772,21.202953,27.352225,27.156109,27.684579,24.916642,29.031527,26.708615,24.817689,26.844285,26.589027,26.914605,27.352381,27.489151,29.127024,24.066960,21.788434,28.613196,28.936525,28.156934,27.306308,29.792554,26.938422,29.621796,26.059112,25.994599,28.849977,26.199765,28.604840,24.360209,27.766779,24.815314,28.470952
WinMart+,27.308741,0.000000,22.723997,25.911158,28.478945,24.318121,15.421879,31.303542,24.890416,23.541623,25.190152,26.797621,25.569795,23.647416,26.116962,22.391118,29.558042,25.939744,20.917544,26.562436,30.354669,29.842494,22.811058,27.678391,26.153760,24.885305,25.084208,28.062778,30.156852,25.681672,23.344756,27.147465,27.426729,22.870233,26.917558,28.168874,22.967545,22.753883,26.085032,25.537325,30.467841,29.223600,23.006472,27.513721,24.051005,24.322767,29.335048,28.648531,23.293310,21.153610,30.213767,27.482709,22.800473,22.958050,28.049209,24.912943,25.076979,24.928653,27.284906,25.064459,31.441449,23.074897,30.674864,24.025069,27.509071,29.235091,26.652718,34.828764,24.968148,25.490133,24.357438,29.555249,28.251174,29.454813,28.908131,27.279685,34.399284,30.006654,20.822830,23.019451,31.929992,30.676285,32.600875,29.610813,23.575133,30.483686,29.986685,24.954813,25.077106,30.490255,27.478364,30.998139,29.886726,29.633547,23.979082,28.629382,28.403202,29.320862,26.009175,31.244693,27.980834,26.214524,27.890139,27.813773,28.365342,28.748568,28.856236,31.318658,25.039968,22.220095,30.425024,30.464571,29.573149,28.530116,31.644744,25.339720,31.399559,27.094102,26.747242,30.545554,26.534758,30.050275,24.593817,28.971196,25.052884,29.740077
Trường Mầm non Thịnh Liệt (cơ sở Giáp Nh,20.734940,21.592997,0.000000,20.373650,17.034970,21.221956,19.023051,23.082306,21.346952,23.484488,19.845700,23.172312,21.056374,19.214536,21.770174,24.566256,23.985577,21.753844,18.608578,23.604433,23.986424,21.725091,20.859774,23.742773,23.945428,21.461664,24.822895,24.147340,25.575497,22.312187,20.436345,22.215015,18.871170,24.337875,18.014389,23.768560,24.643884,21.046485,23.230890,19.520507,23.047454,25.169530,23.528811,24.029325,20.965605,21.755247,25.607074,21.018984,24.595673,23.707428,25.478225,24.201277,20.096008,22.640208,24.482788,22.662367,22.879323,18.274855,19.721725,22.963456,27.549998,24.293032,26.418957,23.633939,24.697804,22.289921,23.231973,29.667237,25.761825,21.776523,21.363716,26.684361,25.766386,26.351041,25.379194,24.711326,29.803344,27.541849,20.891756,23.953323,28.120112,27.250773,27.771994,26.803796,21.509508,27.475416,26.672509,22.706499,23.154655,27.401875,25.391573,27.486500,27.093804,26.863099,21.800040,26.478667,26.285600,26.641023,23.994848,27.857444,25.782580,23.741198,26.064055,25.721458,25.953844,26.447231,26.583417,27.982438,23.255030,23.472447,27.583383,28.016807,27.261518,26.462238,28.787425,26.185015,28.636118,25.278009,25.310406,27.852244,25.731403,27.702155,23.974269,26.910646,24.422554,27.653494
Trường Mầm non Hoa Mai,23.993930,25.655733,19.519559,0.000000,22.809734,21.674647,22.404078,18.957337,21.843743,24.251597,19.486272,25.833994,21.742869,13.581720,22.482319,23.453220,22.318085,22.504534,18.767458,25.785147,25.227434,27.659783,23.493917,24.648997,24.637766,22.074015,24.836072,23.168296,25.086501,22.997257,23.710321,26.188033,23.801783,22.437120,23.099837,24.697466,23.525502,23.364081,23.874353,25.241604,23.146100,27.475706,23.546848,23.175261,24.194502,22.257772,27.668749,25.580333,21.729893,22.180386,26.558850,24.954660,23.275901,23.095967,25.295480,21.947176,23.375549,21.913404,19.942041,24.882315,27.875600,23.496510,27.432939,24.157563,25.360389,22.686939,23.328220,31.079369,21.934737,25.242283,27.148476,27.380915,25.664539,26.359052,26.246232,25.339262,31.063015,28.700983,21.147134,26.183646,29.090886,28.122011,28.968126,28.217270,23.557522,27.770591,27.497600,25.097822,22.695145,28.200403,25.911384,28.370027,27.830255,27.561743,23.986999,26.990098,26.792829,27.342158,23.614324,28.716050,26.329979,23.941681,26.493321,26.220789,26.544120,27.004873,27.146791,28.826591,23.676407,24.793245,28.306259,28.632459,27.835486,26.968712,29.520188,26.606457,29.342543,25.706674,25.681605,28.556079,25.650107,28.310387,23.812656,27.451312,24.281228,28.176786
Trường mầm non Vườn Hồng,24.469766,26.892850,17.211317,21.051936,0.000000,22.459745,19.237982,29.726012,22.622863,25.461861,20.341828,26.938998,22.873078,19.385326,23.625380,24.323220,28.163662,23.640042,18.978800,26.721931,27.064403,28.792359,24.120326,25.955481,25.574909,22.904249,25.902192,26.814314,29.435803,23.912602,24.432127,27.087652,26.339464,22.956553,25.707443,25.958307,24.185824,23.968252,24.696129,19.463369,24.076912,28.540616,24.194698,26.374818,24.705848,22.845565,28.646804,27.935669,22.108540,22.537681,28.016730,25.834745,23.701631,23.599294,26.285725,23.818910,23.903769,23.804716,20.169220,25.534818,31.398696,23.878502,28.788215,24.710681,26.107836,23.240915,24.185257,32.508149,22.427307,25.776898,28.674841,28.274421,27.688380,29.044556,27.266587,26.023838,32.408787,29.361088,21.378735,26.598878,30.309941,29.182799,30.566163,28.970424,24.475663,30.311939,28.539401,26.339789,24.251726,29.146055,26.444193,29.516463,28.629384,28.424545,24.971175,27.680815,27.468768,28.107294,25.260233,29.836850,26.972037,25.973587,27.069580,26.882869,27.303695,27.753536,27.862411,29.952515,24.102243,25.130192,29.235834,29.446452,28.595267,27.615837,30.487144,27.157902,30.272809,26.274604,26.019677,29.409294,26.145905,29.052699,24.185198,28.043978,24.652580,28.859646
WinMart+,23.704127,23.739921,22.888656,23.990096,22.307178,0.000000,19.531555,27.696368,20.960744,23.342218,23.134489,24.351766,22.083222,22.216889,22.910151,20.814308,27.329224,21.210394,17.062128,21.089356,25.104958,27.346273,21.683337,24.833520,25.160059,20.858188,25.614766,26.581207,28.219158,22.331957,23.212601,25.379785,26.301120,22.694700,25.861245,23.918902,22.866382,23.169393,21.008337,24.369447,25.814099,27.123856,22.948774,26.284966,23.094943,21.511274,27.415155,27.477702,22.221137,20.783341,25.679349,21.560094,22.040573,24.952587,24.552186,24.240879,21.015659,24.284018,18.821730,24.088240,29.592520,23.027712,23.687801,25.941901,23.493078,20.625148,23.955195,32.207786,25.145810,24.504528,23.647928,21.382636,27.227093,28.116445,23.677321,21.394822,32.071737,28.762912,21.244892,22.957478,26.313067,25.329955,27.944895,28.195469,23.090899,29.083970,24.648494,24.311566,24.479744,25.712751,23.550666,25.668894,25.367494,25.239795,23.473260,23.936445,20.798971,23.522755,25.350847,26.227017,24.228783,25.087388,21.825515,23.206926,24.346213,23.682752,24.016240,26.434183,24.409939,22.111981,26.165207,26.919242,24.832690,23.969599,27.664910,25.369344,27.531374,23.963007,23.026367,26.551954,26.176226,26.552358,24.347899,25.674212,24.790811,26.660280
WinMart+,14.430593,31.327630,18.442107,27.011690,29.252583,24.328516,0.000000,30.732566,26.196975,24.348133,26.879799,25.258397,25.562455,25.860128,27.338387,26.299601,29.707696,26.999701,21.629178,25.635438,30.379345,21.626075,20.000605,28.137423,23.637367,26.121478,26.959598,28.732974,30.073558,26.669307,19.390959,22.695448,19.825395,25.592819,19.086024,28.759514,26.476665,20.383396,24.293361,22.291704,30.430963,28.456537,24.311416,28.333643,20.581295,25.422254,28.721492,22.250693,25.848304,24.366908,30.183788,28.131947,19.330839,25.206904,28.705432,25.823156,23.687880,19.108034,27.700640,23.458733,31.284813,25.204315,30.442719,26.275111,28.105004,25.400526,27.198646,36.171719,27.521819,21.908843,22.368129,26.379482,28.689755,29.778566,29.207550,27.781111,35.254270,29.710739,22.082444,24.448320,31.444457,30.466778,31.920883,29.483821,22.062588,30.601080,29.890094,23.947127,25.841302,30.308104,24.285854,30.660404,29.872807,29.550848,22.362314,25.187777,22.067333,29.397761,26.740313,30.855119,24.647702,21.834063,22.905538,24.520271,28.427466,25.060549,25.354577,30.894343,25.945096,23.695451,30.161166,24.845864,26.119366,25.194199,31.153716,27.010320,26.922902,24.433509,24.056931,30.303100,26.964368,25.499664,25.021606,28.974891,25.464205,25.115554
Siêu thị Đức Thành,25.944215,28.620606,22.139170,19.101068,28.086500,24.338974,24.256715,0.000000,24.398514,27.147024,23.490650,28.350407,25.270072,16.396409,25.703682,25.750092,26.741307,25.775905,20.362309,27.939204,29.358214,29.943401,25.276921,27.682348,26.855453,24.695359,27.203545,25.635610,29.424855,25.571693,25.481009,28.194641,25.445539,23.969747,24.585352,27.675127,25.255719,25.001849,25.988322,26.724952,25.779331,29.664150,25.247778,25.256538,25.586105,24.157254,29.678141,27.563989,23.138484,23.443046,29.546943,27.122713,24.554197,24.644804,27.633142,22.778271,24.950668,22.707539,21.206324,26.385786,32.310627,24.657807,30.041850,25.658124,27.170545,24.155448,25.457329,33.438167,23.329623,26.582204,28.583439,29.096372,27.432334,29.083507,28.476712,26.987691,33.248034,29.998356,22.170084,27.169940,31.277823,30.132147,31.811578,29.738770,23.962486,30.692039,29.508652,25.947342,23.537476,29.996644,27.185595,30.453624,29.443055,29.214983,24.479381,28.303383,28.098394,28.923732,24.636895,30.706202,27.676982,26.117377,27.605319,27.534176,28.046991,28.411292,28.514134,30.791853,24.919970,25.591458,29.986565,30.061212,29.226738,28.216415,31.156128,27.659045,30.945133,26.858185,26.521640,30.112765,25.938671,29.661888,23.925525,28.643969,24.412804,29.385529
WinMart+,21.543798,24.683117,20.181687,21.220535,18.830684,19.387258,21.530658,25.661746,0.000000,24.320853,20.707145,26.350082,19.105962,19.915263,19.214491,22.422018,25.945315,21.648631,16.092772,26.255596,22.769727,28.772880,23.270722,26.433146,25.676080,21.062740,25.396403,25.500178,27.369385,22.971151,23.655600,26.785321,25.433955,22.169522,24.895706,22.924505,23.420242,23.225742,24.452513,25.464241,25.884666,28.499386,23.466850,25.275505,24.206000,21.777536,28.643947,26.854158,21.142326,21.617604,25.644856,23.698920,23.125479,23.099853,24.090490,23.377620,23.502576,23.391292,18.643512,25.102172,29.213709,19.568691,24.318728,24.612555,24.428317,22.612064,23.322052,33.128078,21.601799,25.475313,27.833864,25.455118,26.721059,27.619275,25.438133,24.509597,32.887809,29.459832,20.552569,20.804482,27.173079,26.019999,28.967240,29.054598,24.252361,28.762828,25.235064,24.925486,23.807057,26.370446,23.895924,26.387332,25.963532,25.767774,24.703064,25.571883,25.343749,23.907616,24.719717,26.961604,24.579091,24.764145,25.208382,24.622704,24.732759,25.465451,25.639402,27.174117,22.750284,23.540376,26.767637,27.451010,26.533239,25.582549,28.355426,25.456474,28.184504,24.217863,24.322791,27.154877,25.940683,27.064809,24.093148,26.119386,24.546280,27.098162
Siêu Thị T-Mart,22.595783,22.778882,21.764540,25.580301,24.940480,23.186145,17.759036,29.194767,23.580405,0.000000,23.750944,24.890128,27.017460,22.811988,24.442817,16.929004,28.490386,24.426834,19.684654,20.113108,26.804427,29.046572,21.146397,26.882339,20.226674,23.469969,27.927951,27.533580,29.090188,24.557311,23.195040,26.146338,23.024082,22.447942,26.693179,26.042064,22.658748,23.094658,23.182430,24.623150,27.688243,28.571865,22.787574,27.193318,23.070422,23.251689,28.763771,24.236798,23.269206,20.033389,27.570226,22.918021,21.807904,22.772382,26.244847,24.967738,22.637465,25.035780,20.313165,24.236657,30.199379,22.955121,25.121670,24.291995,24.564455,23.797053,25.451558,35.068423,25.694948,24.776436,23.701558,25.190649,27.781686,28.730489,27.046208,22.496384,34.517751,29.665201,20.074502,22.875618,27.221517,26.273920,29.587446,29.259495,23.036020,29.583675,25.668827,24.410288,25.084221,26.524181,22.786475,26.615417,26.157644,26.042275,23.451623,24.037190,20.446775,24.447593,25.951409,27.078864,23.338960,25.515981,21.654869,23.216032,25.159199,23.761218,24.140744,27.245267,25.090915,21.944500,26.897532,23.735530,25.071071,24.081957,28.247305,25.618655,26.085343,23.437007,22.964673,27.188550,26.378741,24.531106,24.543066,23.777111,24.981091,24.236535
Trường Trung học cơ sở Tân Định,23.601006,25.943778,20.418678,20.486085,24.318525,22.310471,22.797791,25.021496,16.632690,25.177300,0.000000,26.689659,22.806119,15.466764,13.336220,24.201284,19.464630,23.574642,19.077533,26.545375,18.479163,28.550841,24.051130,25.763565,25.441375,22.902943,25.663028,25.215843,27.127239,23.875897,24.301898,26.942267,25.215665,22.936199,24.662566,17.497963,24.138343,23.942635,24.648240,25.767751,19.163608,28.367704,24.153882,25.023702,24.668308,22.871309,28.492220,26.698080,22.141899,22.562381,20.660444,19.854352,23.692857,23.606362,18.925593,23.173001,23.903424,23.186724,22.520223,25.459233,29.091160,23.887566,22.959191,24.694656,21.301484,24.538164,23.205946,32.211435,22.364867,25.735027,27.744513,24.554708,26.590104,27.482960,21.739039,21.712429,32.090337,29.270285,23.756435,24.078707,25.968636,24.928061,24.798913,28.865952,24.144682,28.664225,24.176347,25.775076,23.648497,25.385770,23.173378,25.291518,25.057319,24.895918,24.590636,24.919113,24.696378,24.519658,24.571399,25.919438,23.868092,24.663344,24.657504,23.981699,23.974544,24.765524,24.928691,26.148718,20.517556,23.112904,25.891569,26.729074,25.838489,24.941392,27.505436,24.948591,27.366745,23.652093,23.839168,26.321297,25.887349,26.348617,24.034890,25.469396,24.493383,26.483480
Trường Tiểu học Hoàng Liệt,27.295189,29.288401,25.512304,26.832905,28.390305,25.134550,28.026562,29.515220,24.546170,26.007045,26.758291,0.000000,26.384689,25.909643,27.116764,22.011698,28.953551,25.083839,21.969615,17.923789,29.387693,25.620763,17.229080,26.423313,20.537225,24.445162,22.864202,28.236349,29.346541,25.059869,15.028401,22.316181,23.261832,22.546407,23.948301,28.277740,22.758315,18.418532,21.887430,24.764254,29.640402,25.348253,21.287564,27.909944,21.855763,24.102222,26.065254,24.384308,23.414943,22.043403,29.440872,27.851245,20.602685,22.917204,28.308656,25.731709,21.746131,21.812480,21.783973,22.020976,30.439969,23.027616,29.739600,24.238862,27.863296,23.670592,27.079935,33.127404,25.339428,22.972877,23.889271,24.971445,28.250521,29.130307,28.747553,27.602196,32.761409,28.401863,20.331085,22.933719,30.697824,24.608863,30.936838,27.780476,22.653324,29.856010,29.393814,23.169226,25.734078,24.719554,22.937828,24.838081,29.442133,23.933529,22.950033,23.893943,20.531916,29.032347,26.562672,30.247645,23.285016,22.669494,21.648615,23.122359,24.774786,23.632056,23.990182,30.295318,25.992772,22.621137,25.569267,23.604399,24.853347,23.927027,26.730230,26.053663,25.812771,23.320319,22.995169,29.866233,27.217979,24.372440,25.308277,23.718557,25.736075,24.078486
WinMart+,23.650561,24.600344,21.532318,22.751465,20.539127,19.966596,20.962526,27.199280,18.889561,25.806702,22.105801,25.221329,0.000000,21.212349,21.979699,23.021242,26.973356,19.255274,14.695479,22.347284,24.440882,27.602989,22.658555,24.329123,27.699406,19.400904,26.526025,26.259355,28.074330,21.334011,24.213353,25.891384,26.006059,19.157915,25.523555,23.504793,23.941507,23.961128,20.491368,24.848048,25.681093,27.444486,23.981310,25.982762,23.679954,20.712070,27.660248,27.319399,17.940077,21.825535,25.530045,20.962532,22.678684,20.203223,24.308739,23.892542,20.694430,23.928758,17.998759,24.596339,29.671669,17.140300,23.264962,22.429681,23.158384,20.265125,23.692940,31.871918,19.210413,24.917260,28.097446,21.231453,27.107717,28.065411,23.362353,20.916453,31.778635,28.791603,18.381939,19.174992,26.270911,25.177927,28.080466,28.290434,24.529344,29.120067,24.431230,26.189986,24.221664,25.610749,23.305950,25.562522,25.240754,25.108817,24.987123,20.551504,17.239257,23.242487,25.127336,26.180479,24.032398,25.055425,18.787475,19.660540,24.156430,19.997306,25.105633,26.410795,24.247763,20.006030,26.116765,26.917000,21.387139,20.652202,27.731133,23.104562,27.581835,23.787520,20.320088,26.537310,26.065183,26.532720,24.208635,25.597562,24.662141,26.640825
WinMart+,21.612897,23.377967,18.754471,13.054966,21.087963,20.542320,21.580746,16.118495,20.830473,23.091345,14.796338,24.800317,20.627539,0.000000,15.829426,22.531785,15.468874,21.432603,18.272985,24.941192,17.807212,26.802612,22.868870,23.576426,23.750012,21.180052,23.926715,19.977425,21.254050,22.089010,22.981589,25.475924,21.392012,21.795777,20.655704,22.479813,22.820705,22.683580,23.067754,24.700586,21.551988,26.538881,22.850704,20.342502,23.708846,21.547022,26.781333,23.209777,21.220442,21.618161,23.998743,21.699819,22.842987,22.474294,20.917943,20.143556,22.719347,20.104864,19.467608,24.238935,24.558379,22.935285,25.809557,23.501309,23.578241,26.083761,22.192336,30.059901,21.397437,24.781837,25.532824,26.221328,23.661227,23.822148,24.180722,23.647375,30.121512,28.006975,25.206439,25.292977,27.801278,26.835223,26.800295,27.625410,22.470724,25.308412,26.192991,23.727709,21.147891,27.029982,24.921407,27.114133,26.694918,26.450614,22.756041,26.072142,25.872574,26.206446,21.995572,27.539662,25.310293,21.906082,25.663846,25.271926,25.487398,26.039818,26.186392,27.683816,22.372726,24.047957,27.253391,27.740980,26.928764,26.074826,28.569525,25.836526,28.408916,24.822832,24.882423,27.555774,25.015371,27.402845,23.317328,26.561744,23.781074,27.361806
Cục Dự trữ Nhà nước khu vực Hà Nội,24.039536,27.099337,22.345465,23.658086,23.967595,21.748244,23.221598,28.162356,18.230631,26.217396,16.628162,27.764272,22.298941,16.627918,0.000000,24.888647,27.646246,23.265433,18.368150,27.438652,19.410964,29.684023,24.580583,25.918505,25.490293,22.537440,26.521873,26.767628,28.567619,18.107406,24.838032,27.796631,26.399264,22.726208,25.944192,20.952741,24.623263,24.376149,24.580779,26.315872,24.642051,29.410323,24.636778,26.455247,25.112557,18.425410,29.455601,27.649329,21.862374,22.817293,24.367261,22.469762,24.044138,23.449881,22.843296,24.240340,23.772925,24.280526,24.213597,25.978158,30.036386,24.193366,26.190318,24.637392,23.526679,26.414021,22.311863,33.586524,22.190067,26.228290,28.304504,26.608771,27.391289,28.397155,24.486589,23.704872,33.348426,29.898446,25.212214,25.321727,28.729796,27.420221,28.474046,29.603697,24.722372,29.404240,26.619854,25.489881,24.502310,27.596877,24.770496,27.820839,27.085488,26.882147,25.180653,26.380496,26.143834,26.481193,25.412783,28.321701,25.452045,25.295349,25.888249,25.436342,25.707171,26.353823,26.528809,28.493087,21.993891,24.026029,27.880310,28.355235,27.400456,26.383018,29.419697,26.080414,29.205979,24.929151,24.881680,28.199718,26.163187,27.966169,24.297129,26.887612,24.745545,27.862045
Trường Mầm Non Đại Từ,21.064482,20.613485,20.703017,23.668803,22.920110,19.826284,17.459305,26.089128,21.815062,16.939482,22.383385,20.068686,22.916543,21.684381,22.988932,0.000000,26.120524,22.142068,18.925827,16.604675,24.747455,25.581433,20.764047,24.293006,17.451552,21.744030,22.194692,25.713333,26.946901,22.674712,20.069274,23.796436,24.657002,20.048302,25.287367,24.473223,19.370414,21.041072,20.005548,23.180131,25.908307,25.507167,19.717079,25.537823,21.939575,21.984723,25.964119,26.051492,21.568358,17.789046,25.824044,21.926209,20.946042,21.198243,24.845398,23.899445,20.245172,23.968996,19.732933,17.356519,28.110802,21.482748,23.584871,22.974900,23.421093,22.658903,24.315726,30.854231,24.223097,23.476416,25.106383,24.323185,26.425321,27.050361,25.631281,21.728194,30.868934,20.210198,18.906862,21.938042,25.652646,24.899482,27.658284,27.178532,24.051564,27.870162,24.352546,25.737399,24.113563,24.070514,21.970434,25.163812,24.968918,23.293965,24.508618,23.222690,19.404154,23.465235,26.072172,25.632764,22.512684,24.882061,20.834862,22.308514,24.259494,22.847479,23.276484,25.815469,24.199993,21.269900,25.159972,22.944235,24.288221,23.284918,26.470385,25.015583,25.417666,22.736422,22.348822,26.000699,26.718133,23.846280,24.841240,23.171941,25.271243,23.593999
WinMart+,26.641364,29.107011,23.629950,22.111536,29.362076,25.446257,25.099519,24.463548,25.491013,27.939945,18.828004,29.052312,26.583838,16.045096,26.812993,26.583459,0.000000,26.977787,21.449874,28.600485,30.356651,30.476959,26.035771,28.539636,27.567555,25.828458,27.782446,21.460176,24.580595,26.594484,26.083469,28.810693,22.953505,24.682333,21.935240,28.589058,25.952913,25.704852,26.807282,27.302199,22.957698,30.233932,25.938385,21.819897,26.199422,25.071383,30.216383,25.452703,23.921444,24.140245,30.248083,27.888348,25.183792,25.389028,22.050478,20.968801,25.688164,20.869899,22.056778,26.904775,29.101661,25.254448,30.548509,26.322029,27.837197,24.727756,23.237493,33.713383,23.879255,27.124329,27.382000,29.478911,25.701665,26.712184,29.151969,27.616099,33.459791,30.386173,22.832622,27.592829,31.665973,30.590718,32.225741,30.177932,23.182145,28.598093,29.965768,24.972221,22.138788,30.424941,27.699994,30.810271,29.919062,29.609135,23.653186,28.553108,28.355546,29.419500,23.190054,31.022338,28.109945,24.442838,27.850275,27.839868,28.425096,28.708349,28.846776,31.073508,25.531896,25.934197,30.280922,30.259830,29.448664,28.524400,31.343759,27.858372,31.118264,27.166406,26.917687,30.441719,25.548587,29.952451,23.608729,29.029069,24.103296,29.595953
Cà Phê Parkland,23.553601,24.653442,21.722037,22.821959,20.984949,21.107708,21.421739,26.507815,19.696408,25.724667,22.258147,25.232134,19.884416,21.427731,22.105700,23.416964,26.512245,0.000000,16.310448,22.675263,24.312522,27.357051,22.902357,22.286867,26.325869,13.282149,26.330314,25.954758,27.582067,17.745372,24.326245,25.832671,25.789142,18.969495,25.339453,22.585177,24.110494,24.103669,19.850402,24.883076,24.897994,27.241903,24.139528,25.728135,23.794703,18.429289,27.459568,27.028968,17.972981,22.146812,24.738964,20.145929,22.851987,19.796727,23.612112,23.804749,20.187552,23.854110,16.180066,24.633856,29.094141,17.282156,21.700626,21.668587,22.102381,19.907851,23.081592,31.263283,19.034152,24.942482,27.844134,24.042136,26.838424,27.676158,22.336470,19.757588,31.229838,28.602636,18.355090,19.079360,25.558001,24.364368,27.413624,28.086377,24.488483,28.675030,23.491683,26.052712,24.117762,24.961650,22.581766,24.803197,24.610651,24.451330,24.925995,24.594906,24.352169,22.377873,24.995841,25.559399,23.383023,24.684065,24.362909,23.554972,23.473892,24.396912,24.581770,25.842908,23.690000,22.768347,25.597244,26.571954,25.602232,24.627173,27.417155,24.697550,27.262373,23.254128,23.498542,26.086699,26.004528,26.151316,24.193915,25.191263,24.637832,26.328435
Trường Mầm non Định Công (Cơ sở 3),21.084441,21.582013,19.620815,20.085669,18.509801,16.604169,19.673423,21.693549,17.616894,20.730314,19.795887,22.108894,14.859783,19.510569,19.838754,20.141032,22.495932,15.609374,0.000000,20.523059,21.155167,24.025612,20.931734,18.153118,18.264108,15.410512,22.162229,22.931020,23.726928,17.288674,21.518683,23.101002,23.321219,15.970149,22.910447,20.705710,14.834303,21.713525,15.378776,22.836955,22.331914,23.946462,21.399152,22.929114,22.004287,16.761756,24.307750,24.369020,15.068979,20.342619,22.167129,19.329421,21.310744,16.807131,21.769867,21.981981,17.182751,22.034187,15.759112,22.553333,25.368685,15.166069,18.549968,19.084837,19.477149,17.438512,21.489349,27.098684,16.660282,23.045812,25.735323,18.775375,24.443791,24.720868,19.577306,18.151500,27.364508,26.122591,16.366978,17.553709,21.343041,19.193382,24.155406,25.520751,23.293834,25.627457,20.208466,24.337533,22.423087,18.372669,17.650472,19.528337,21.375340,18.343163,23.542260,18.925605,15.773617,19.907083,23.151996,21.710136,18.401255,22.130359,17.418975,18.022211,18.357315,18.271639,18.728360,20.631256,21.375889,18.747791,22.201144,18.891078,19.668164,19.042342,23.705078,21.633901,20.923070,19.152486,19.071360,22.683621,25.182241,19.847355,23.630731,22.508481,24.053710,19.968791
Highlands Coffee,26.526417,27.949888,25.164886,26.346214,27.574277,21.966983,27.182870,28.606102,22.566115,21.441255,26.306113,15.612679,23.522524,25.607064,26.638505,18.512951,28.265743,22.862075,20.425918,0.000000,28.596218,25.105227,18.688845,24.306005,18.279578,22.520726,14.467071,27.745842,28.699095,23.160114,11.873403,22.564353,23.281095,19.915964,23.898845,27.723441,19.502292,14.441818,19.915163,24.599186,28.959100,24.929699,12.590302,27.477879,22.075589,22.559946,25.551951,24.273009,21.160068,12.666980,28.785561,27.421894,20.960450,20.878617,27.826339,25.499536,20.162755,21.900829,20.642370,22.202111,29.754533,21.066883,23.711215,22.207888,27.480183,22.008285,26.749320,31.224868,22.944075,23.033403,23.843076,23.463012,27.857537,28.626985,28.248989,27.259222,31.175002,27.851065,19.052181,21.561548,25.343179,23.283456,30.186816,27.209832,22.684285,29.312461,24.297491,23.172528,25.510114,23.284071,21.709647,23.513923,24.863601,22.695743,22.965634,22.602785,19.383098,23.606471,26.311246,25.341116,22.001212,22.427861,20.605790,21.818390,23.532663,22.248284,22.622065,24.079535,25.819457,19.362576,24.316243,22.396026,23.484752,22.665645,25.465585,22.641093,24.506977,22.261185,22.010230,23.035909,27.087257,23.196080,25.245737,22.675412,25.669140,23.024507
WinMart+,23.376988,25.750033,21.183073,21.364476,22.941754,21.418985,22.839477,24.856488,18.546214,25.229027,19.223119,26.766839,21.791609,18.087430,15.124196,24.256119,20.649382,22.664677,18.523167,26.631633,0.000000,28.624704,24.128986,25.685649,24.843215,22.176626,25.710920,25.081856,28.370231,26.153835,24.340058,27.026522,25.107847,22.472578,24.620748,19.971447,24.185347,23.991001,24.079418,25.838165,19.237586,28.458630,24.204364,24.927423,24.735415,23.727092,28.581240,26.439230,21.723474,22.637530,24.788767,22.337679,23.757519,23.172044,22.819814,23.216344,23.470106,23.252546,24.412460,25.494098,28.418833,23.950903,26.932294,27.637741,23.660716,26.777287,22.086081,32.255818,21.973468,25.806929,27.451214,27.046359,26.321613,27.069169,24.857407,23.850459,32.126288,29.329281,25.489154,25.572605,29.759564,28.174075,29.925552,28.936843,24.159964,28.137692,27.199488,25.656647,25.942156,28.275489,25.035607,28.587092,27.713285,27.349204,24.585975,26.641703,26.379821,27.016797,24.506908,29.102788,25.691790,24.215498,26.056293,25.615603,25.966056,26.642766,26.833799,29.266607,21.912255,24.071627,28.432040,28.820291,27.765627,26.634121,30.089385,26.245568,29.832375,25.033007,25.065075,28.773188,25.825769,28.396094,24.035190,27.265582,24.484549,28.205106
WinMart+,27.765288,31.459869,25.760598,27.340024,29.565931,25.111624,25.037520,30.896220,26.639697,25.561382,27.413749,25.576126,26.198552,26.458190,27.811586,24.267051,29.991814,27.436852,22.267694,25.708698,30.676938,0.000000,22.121946,28.458612,24.040796,26.583440,26.053823,29.041505,30.303617,27.080274,20.887117,19.866514,21.411508,25.599434,22.246947,29.126275,26.272995,22.001221,24.525300,22.424658,30.662831,21.671935,24.170262,28.667401,18.642044,25.844520,23.170476,22.354508,25.810274,20.808142,30.442985,28.472959,17.252259,25.280941,29.031881,26.124001,23.974960,20.252795,27.942305,19.871749,31.439990,25.278619,30.645640,26.167818,28.397608,25.414572,27.541869,31.629609,27.146276,20.678730,22.425054,29.626483,28.892674,29.980702,29.481873,28.069454,26.215712,27.281295,22.542537,24.585944,31.562067,30.629832,32.042853,23.947597,20.773574,30.755514,30.081892,20.756529,26.100560,30.464471,28.147010,30.809011,30.042340,29.724978,20.997810,25.216203,22.479867,29.585729,26.996395,30.985162,24.748549,21.705949,28.442632,24.641238,28.633168,25.117939,25.375839,31.021669,26.269734,27.785003,30.307109,24.915289,26.043430,25.233161,31.239991,31.350353,31.035542,24.532140,24.195689,30.436837,26.893716,29.976773,24.977274,29.128319,25.416268,25.151005
Trường Mầm non Hoàng Liệt (cơ sở Tứ Kỳ),23.927843,24.563876,23.084136,24.444028,25.286443,24.042982,24.459237,26.495924,24.164601,24.263371,24.392146,18.127199,25.023951,23.858012,24.817785,21.940406,26.474116,24.236465,21.944180,20.044041,26.644891,21.280214,0.000000,25.330769,20.889695,23.822076,20.093315,26.264975,27.122302,24.314864,17.955023,19.406231,21.790665,22.296036,22.455029,26.053126,22.407415,15.857288,21.832958,22.664288,27.370231,21.374604,17.529355,26.116240,19.894655,23.628615,22.452781,22.566654,22.965917,16.383645,27.197031,25.994903,18.911501,22.613940,26.355448,24.460680,21.723765,20.722954,21.741051,20.052612,28.327359,22.704004,27.689058,23.629778,26.206332,23.235817,25.451854,28.369969,24.356272,21.076401,22.589965,24.348643,26.837864,27.456504,26.863461,26.066494,28.714094,26.206300,20.559624,22.686470,28.828019,28.123660,28.743190,25.165998,21.691337,28.199651,27.667026,21.925590,24.590355,24.159100,22.707393,28.294486,27.879924,27.659986,21.924557,23.485800,20.687090,27.508613,25.370830,28.545068,22.983610,21.414312,21.605726,22.836325,24.256160,23.249152,23.553756,28.620012,24.775991,19.964470,28.217315,23.258251,24.280352,23.527601,25.944704,22.995005,25.125143,23.044131,22.779872,28.409608,26.654619,23.929455,24.883224,23.400446,25.306297,23.705089
WinMart+,28.057015,30.333821,23.100927,24.156592,29.329033,23.922344,22.620740,27.234675,22.131738,26.787422,23.344957,25.913514,24.143303,25.154081,26.119851,24.740744,27.049639,22.675947,18.927971,23.686533,25.876077,27.596621,23.753064,0.000000,26.998338,22.977924,26.949066,26.437501,30.256086,24.866630,25.140613,26.274101,26.194206,22.957328,25.814579,22.837030,24.955623,24.794548,25.164556,25.343318,26.883480,27.512629,24.961059,26.197280,24.355366,22.792825,27.672495,27.259166,22.031493,23.060587,26.579721,18.775906,23.479989,23.784022,24.463199,24.515887,24.145217,24.345957,19.040140,25.146458,29.311994,20.372441,26.340436,25.058770,24.514406,26.504864,23.450776,31.001613,22.321403,25.346218,28.157872,26.759632,27.299337,28.155623,26.024843,19.032959,30.990532,28.627005,25.136601,25.272717,29.591678,27.875463,30.556349,28.166185,24.769865,29.028491,26.844850,26.291484,26.833819,28.026655,24.628358,28.345415,27.382768,27.096693,25.197204,26.441433,26.174676,26.651466,25.546514,28.920779,25.404295,24.981946,25.878605,25.368822,25.677286,26.428917,26.625753,29.107858,22.755957,23.867584,28.262649,28.709669,27.611974,26.443105,30.017437,26.091632,29.749897,24.799174,24.798440,28.632526,26.206862,28.265913,24.401720,27.053767,24.836047,28.090714
WinMart+,25.280806,26.088643,24.263357,25.263898,24.453775,25.338945,22.920274,27.932076,23.810987,27.908480,24.653907,19.425098,26.079429,23.839579,24.383054,16.823409,27.658562,24.480127,18.884193,17.405652,26.090158,28.263337,20.046702,26.288911,0.000000,20.279239,19.671444,26.983141,28.270788,24.559181,19.370168,26.798468,26.676687,20.591703,26.350144,25.117157,17.064654,20.140704,23.122056,25.709282,26.450146,28.131110,19.187276,26.737265,24.667251,23.506413,28.264505,24.385714,18.638504,18.015208,26.380241,23.171739,23.738167,23.695773,25.391347,24.794155,22.273978,24.886293,23.739965,17.603348,29.278629,17.208114,26.469887,25.788923,24.559083,24.420845,24.825098,31.774718,20.208827,25.685099,23.899929,26.308861,27.312018,28.079933,24.715726,25.787009,31.699155,20.113712,18.870335,19.705260,26.543232,25.547835,28.067312,28.655482,23.317545,28.848528,24.930829,24.696786,24.902952,24.135444,21.863423,25.889712,25.575273,23.150365,23.688162,21.286933,17.280715,25.093204,25.713842,24.503147,22.737969,24.857990,19.104589,20.242175,22.749528,20.690423,21.209277,26.451498,24.594207,20.459802,23.857076,21.122521,22.332699,21.393787,24.890272,24.074302,23.679329,21.149148,20.858237,25.517047,26.277674,22.167968,24.523691,21.646438,24.948222,22.086477
Trường Mầm non Sao Mai,23.126427,24.024014,21.564906,22.497272,20.868104,20.958324,21.310490,25.382530,19.826551,24.605692,22.000953,24.649763,20.109517,21.313605,21.878101,22.927036,25.652445,17.933440,13.090454,22.433018,23.805579,26.615453,22.664245,20.773701,25.375222,0.000000,25.418008,25.353202,26.709948,17.787764,23.860559,25.301438,25.321870,17.089980,24.904213,22.918797,23.671142,23.732831,17.097490,24.538962,24.731588,26.566401,23.701831,25.190290,23.536358,17.201837,26.807583,26.496090,16.114734,22.014163,24.564100,19.815936,22.673731,17.926405,23.695132,23.514782,18.327441,23.571537,15.690579,24.291297,28.217300,15.957077,19.836429,20.096376,20.678847,18.376676,23.203387,30.203836,17.552409,24.626700,27.393550,19.554353,26.340882,27.021667,20.898445,18.856099,30.262200,28.101002,17.117932,18.145663,23.419479,22.514653,26.734206,27.535613,24.326430,27.970199,21.787572,25.737727,23.832850,23.234350,21.480037,22.906384,23.062860,22.937766,24.737245,23.436724,16.346088,21.144773,24.672140,23.672791,22.206352,24.078152,17.918457,22.468646,22.212497,23.160608,23.334612,23.972531,22.560735,19.185552,24.003398,25.173081,24.310926,23.491389,25.740856,23.768371,25.650022,22.306035,22.702117,24.523769,25.865730,24.790286,24.116044,23.993367,24.550522,25.137310
KFC,24.335466,25.583152,23.287720,24.805303,26.139068,24.839277,21.156428,27.501672,24.181217,26.578834,24.896201,25.942565,26.652333,23.996724,25.414311,19.852137,27.174557,24.911782,21.065558,22.347427,27.436522,30.732259,24.027728,26.597119,17.699505,24.108766,0.000000,26.561259,27.818498,24.876122,18.660628,27.065071,26.775986,20.133704,27.402332,26.667623,19.535729,20.484209,20.018141,25.513440,28.018675,30.188552,18.106613,26.329504,25.193559,23.751878,30.139773,28.812290,21.611687,16.342100,27.935519,26.408211,23.854912,21.213428,26.714476,24.461627,20.215552,22.494615,21.145991,16.531997,28.835494,21.491621,25.229346,22.988311,24.688192,22.698871,25.991065,35.858762,24.461582,25.836936,27.001507,24.321465,30.284890,27.684009,27.389414,22.903105,35.220389,19.830152,18.858455,21.887801,26.924654,23.943374,29.622663,30.089812,25.162246,29.788331,25.637965,27.208725,25.870179,24.020325,21.909574,24.275428,26.025623,23.248502,25.720130,23.331263,19.442551,24.566124,27.609028,26.833670,22.455599,26.839929,20.838799,22.337346,24.246593,22.872483,23.272950,26.999493,24.833562,21.041338,25.158788,22.970167,24.348908,23.269022,26.492867,25.214403,25.483829,22.725784,22.264344,23.543717,27.311706,23.812240,25.249845,23.086769,25.695357,23.587844
Trường Đại học Công nghệ và Quản lý Hữu ,25.617241,27.324105,23.424810,22.410340,26.990054,24.716566,29.678888,23.568040,24.781088,26.627417,24.468301,27.778740,25.438494,19.141120,25.680617,25.710182,21.549247,25.784199,21.788373,27.574704,28.090070,29.128339,25.574261,27.076846,26.545549,25.065099,26.688819,0.000000,19.633124,25.666358,25.439063,27.851148,19.943533,24.288941,18.778621,27.126223,25.330322,25.136372,25.940984,25.740777,25.168578,28.828273,25.320621,11.849522,25.810433,24.590846,28.897397,22.694354,23.790675,23.898606,28.460311,26.870823,24.938433,24.968878,24.138746,17.298232,25.192513,18.708769,22.151145,26.218487,23.499606,24.877849,28.900158,25.725275,27.004856,24.346632,24.398764,31.693310,23.620338,26.640685,25.635924,28.391353,22.806262,22.612881,27.874979,26.796213,31.622409,29.371283,22.768922,27.009186,30.037738,29.189975,30.180263,29.237912,22.162919,25.439069,28.669185,23.609719,19.538697,29.152878,27.092529,29.381722,28.799346,28.530432,22.481836,27.767863,27.598268,28.375164,20.573448,29.617456,27.323543,21.986555,27.217723,27.127681,27.561934,27.864163,27.991387,29.687572,25.248214,25.543819,29.131655,29.258068,28.545628,27.753516,30.118506,27.253270,29.940759,26.575486,26.444325,29.310088,24.965832,28.982145,23.098485,28.196527,23.605084,28.759656
Không có tên,27.475912,29.580550,25.192573,24.827603,30.034192,26.542024,32.580670,27.623478,26.532589,28.575411,26.890455,29.427537,27.664368,20.881787,27.751235,27.330011,26.249737,27.909356,22.728606,28.988182,26.576833,30.581188,26.690267,29.597632,28.138523,26.804363,28.305465,20.094659,0.000000,27.406463,26.711409,30.333858,23.290338,25.435586,22.084772,28.051277,26.615368,26.372713,27.456072,27.458014,27.699673,30.416446,26.592620,20.831615,27.636495,27.387524,30.385211,26.139918,24.717703,24.848107,29.132162,25.806132,26.632906,26.068119,25.646899,20.433949,26.336211,20.859756,27.163870,27.371052,29.700710,25.793362,30.244450,26.864686,26.982531,28.880716,26.184057,33.499157,24.604963,27.855291,24.310530,29.231652,25.640723,26.788633,28.220196,26.830953,33.289643,30.478470,27.563490,27.350037,31.456901,30.351395,31.313801,30.297920,23.271419,28.914345,29.700696,25.216925,21.824829,30.203616,27.407138,30.581755,29.664135,29.377675,23.774979,28.334618,28.133676,29.150058,22.939506,30.816243,27.859991,24.579959,27.647158,27.605098,28.174904,28.484023,28.628625,30.874247,24.855092,25.730182,30.083145,30.088082,29.255907,28.318058,31.192981,27.677887,30.961872,26.939929,26.692656,30.256793,25.500797,29.778415,23.525124,28.830560,24.025525,29.432324
WinMart+,20.137764,21.566012,22.485400,23.419668,18.743004,22.721666,22.114744,26.102405,21.334883,25.548031,24.588443,25.216606,22.577951,25.806438,26.819216,23.879254,26.204605,19.235015,18.455812,23.147173,26.832613,26.932855,23.269868,24.898428,26.019170,17.181949,26.011154,25.795546,29.971517,0.000000,24.467564,25.706972,25.685486,18.168362,25.305574,24.753550,24.306671,24.267530,18.656171,24.908875,27.429332,26.884284,24.327122,25.612174,23.958027,16.392690,27.088362,26.760431,17.276457,22.644245,27.175240,21.249729,23.125597,18.945743,25.482413,23.881972,19.304923,23.953741,14.204336,24.682698,28.390935,16.809301,22.759239,26.344898,22.936803,25.178461,24.412746,30.233522,18.378336,24.954059,27.529111,25.299723,26.552546,27.240294,23.238016,19.536627,30.281459,28.223339,24.003602,24.373742,28.193320,26.215338,30.060383,27.699786,24.551058,28.110180,24.928560,25.943952,24.126455,26.700846,23.248733,26.815915,26.125797,25.775551,24.957501,25.498643,25.200078,23.089668,24.946189,27.666933,24.146373,24.190243,25.047990,24.262559,24.336686,25.363610,25.586522,27.954242,24.573294,23.075858,27.205393,27.970344,26.762330,25.514941,29.318595,25.365431,29.045724,23.792823,24.024544,27.706497,25.962941,27.467802,24.228516,26.221155,24.658426,27.425673
Không có tên,23.343937,23.856497,22.624026,23.903144,24.724426,23.119527,20.760436,25.861664,23.281975,23.153704,23.955265,23.285576,24.636092,23.239633,24.424740,19.755651,25.866786,23.712417,20.813403,11.748167,25.953687,27.514036,17.822510,25.167901,18.280508,23.217027,19.502836,25.527128,26.562471,23.865537,0.000000,25.238870,25.644350,19.991849,26.210332,25.538699,19.573043,16.816047,19.951864,24.490663,26.708676,27.357746,12.993066,25.380731,24.152898,23.103827,15.533042,27.120839,21.105780,12.796081,26.650660,25.492710,23.101665,20.853969,25.708914,23.880705,20.132691,22.115622,20.988139,14.906961,27.534329,21.096874,24.396156,22.271765,24.060526,22.176318,25.208957,31.985096,23.189236,24.771782,25.953304,23.644357,28.947117,26.637415,26.363769,22.563177,31.915546,19.153747,19.020304,21.586151,25.979350,23.405429,28.204488,28.245128,24.665643,28.464962,24.894690,26.419315,25.153839,23.414677,21.636656,23.701113,25.324669,22.830208,25.140673,22.769947,19.477323,24.038496,26.677257,25.974245,22.113756,25.418443,21.413981,21.972596,23.720327,22.421436,22.795782,26.121319,24.342681,20.507749,24.520878,22.561453,23.686378,22.839650,25.697941,24.360770,24.725523,22.419345,22.034122,23.174453,26.969355,23.359000,25.062045,22.764410,25.493615,23.197372
WinMart+,26.121046,27.856548,21.706742,26.178278,27.577401,24.289473,25.846223,28.756780,25.714372,24.411205,26.212764,26.920473,25.254195,25.508400,26.592449,23.591274,28.382358,26.416259,22.120214,26.774530,28.770100,19.131648,21.891750,27.368632,24.930793,25.784253,25.050272,27.853898,28.846705,26.236493,22.389933,0.000000,21.985916,26.292715,22.757899,27.797250,26.946234,21.837480,25.242883,23.160859,29.139392,16.712732,23.684096,27.578725,15.413278,25.274073,18.701704,22.964158,26.404030,18.779033,28.956088,27.458059,14.212084,25.907358,27.894513,25.485873,24.654868,20.733442,27.252884,26.985160,29.975001,25.879644,29.294790,26.657857,27.512917,25.917841,26.737123,25.092508,27.535711,18.392009,22.859173,28.722747,28.704329,28.812590,28.350843,27.277691,24.618802,24.326121,23.288518,25.114872,30.279208,29.495433,30.453248,22.416951,20.087223,29.541444,29.016913,19.833196,25.513608,29.437329,27.478816,29.665414,29.100156,28.835918,20.286764,25.635744,23.154473,28.702563,26.380767,29.874684,25.225606,21.891337,26.925384,25.132736,27.909835,25.583478,25.805279,29.928844,25.773108,26.263182,29.383855,25.349316,26.403286,25.652514,30.290852,29.693048,30.123360,27.753546,26.931106,29.541502,26.944452,29.213550,25.048029,28.465642,25.482955,28.234796
MM Mega Market Hoàng Mai,31.756361,34.646951,26.184074,21.880928,32.394842,29.174213,32.929478,22.357250,29.567160,30.253509,23.310597,32.903380,24.096384,19.675048,30.610405,30.818791,21.154114,24.409466,21.574257,31.758022,32.781040,30.066659,27.959575,25.471067,28.186837,23.986694,31.138929,19.579776,21.855774,24.472324,26.129272,29.787806,0.000000,29.627380,12.119123,25.339200,30.689629,27.045674,28.095051,25.870907,25.023903,32.599874,28.673000,20.006316,26.506691,23.782861,32.382088,17.553570,29.356822,28.088566,26.087988,24.385102,25.326235,28.725142,24.203042,19.914752,27.126022,14.084318,21.896818,27.978705,24.531567,28.610225,27.029300,29.330243,25.375435,28.282481,24.398579,36.327255,30.393959,26.893565,20.684449,28.731156,23.580303,23.739970,25.924618,25.296592,35.760571,31.686398,28.505777,27.239407,28.221992,27.554294,27.660623,31.944905,21.071147,25.311689,27.113640,22.896238,20.998336,27.639862,27.652821,27.731876,27.386632,27.182214,21.434093,28.365719,27.086631,27.026547,22.879823,28.000244,28.009673,22.081976,25.527334,27.965761,26.416449,28.506831,28.671784,28.087713,24.158359,25.949436,27.743428,27.975882,29.193234,28.344129,28.688578,28.725490,31.074796,28.525107,26.888101,27.953964,25.121378,29.679200,23.347509,28.735559,23.823710,29.011761
Trường Tiểu học Đại Kim,22.868482,23.100091,22.283428,22.780416,21.889983,23.985746,20.559530,24.495524,21.316745,22.187592,22.448011,22.601878,19.044358,21.866264,27.642575,19.676613,24.762673,20.806914,16.156091,20.698751,23.574780,26.343172,22.371029,21.880610,20.549762,17.319620,20.094999,24.596068,25.575479,18.512164,19.644487,24.530171,25.126410,0.000000,25.656409,26.734295,12.347704,20.360580,16.571666,23.961535,27.852281,26.294163,17.820783,24.506364,23.714836,17.978069,26.577789,26.378714,14.360555,19.172292,27.797830,24.321128,22.784443,19.378099,26.753922,23.209177,18.458224,21.944547,22.689002,23.977174,26.642152,16.954114,25.489575,23.223262,25.050672,22.564770,26.057294,30.387240,17.666781,24.299588,25.457812,25.079620,28.278667,25.846615,25.209551,25.001173,30.435371,20.788970,16.870954,18.395215,25.586114,24.495681,29.225689,27.413893,24.407667,26.589509,23.911269,25.985554,23.445208,22.859184,20.732603,24.875319,24.763675,22.025970,24.850684,20.227602,15.931782,24.260523,26.204825,23.580376,21.709868,24.718257,18.079219,19.056830,21.706190,19.462336,20.060507,25.613260,23.909690,20.518279,22.972642,20.117426,21.300399,20.367284,24.138020,24.336446,22.826822,20.287547,20.054031,24.807315,26.762500,21.289988,24.946619,20.846121,25.368463,21.299040
Không có tên,18.905133,32.577876,17.828185,22.024928,25.282651,23.916006,30.740483,22.597947,23.984865,29.137114,23.543246,30.980855,24.361021,19.665739,24.605057,29.716733,21.308181,24.675268,21.644851,30.282900,26.333759,28.825073,27.155881,25.774240,27.560506,24.210952,29.983722,19.566615,22.159583,24.712778,25.673824,28.685987,12.803544,28.816521,0.000000,25.654329,29.656530,26.463647,25.059761,25.366972,25.339626,31.099011,27.985558,20.041457,26.020010,23.960443,31.025180,14.009331,28.663661,27.549829,26.424995,24.600374,24.979146,28.117534,24.440025,19.958042,24.548103,13.708365,21.979230,27.382666,25.045131,28.029920,27.382195,28.691789,25.612732,27.792968,24.644948,34.449899,29.592949,26.402862,20.931268,27.304130,18.035032,24.089883,26.214796,25.517800,34.117624,30.852758,28.037782,26.882724,28.581121,27.876435,28.051277,30.945923,21.191440,25.751054,27.419686,22.814905,21.103007,27.941014,26.229188,28.058976,27.666896,27.451355,21.517279,27.941299,26.746664,27.296256,22.008102,28.322251,26.467434,22.185355,25.325016,27.557544,26.643108,28.051163,28.210851,28.409759,24.311616,25.742264,28.023305,28.297909,28.706286,27.931040,28.984366,28.349622,28.849050,28.133382,26.628303,28.229122,25.087908,28.044050,23.324883,27.353528,23.801095,28.599102
Không có tên,26.661348,29.439836,24.817389,26.330342,28.136202,24.821352,25.289717,30.604703,23.213150,28.391108,19.590075,29.536399,26.018179,23.017242,22.855228,26.898168,29.674322,26.507688,20.861803,29.006512,19.985759,30.980616,26.286964,25.673116,27.284272,25.359147,28.133892,28.425283,29.223005,26.217616,26.295924,29.203267,26.528655,24.341355,26.117860,0.000000,26.175888,25.908397,26.502907,27.549478,24.171026,30.715393,26.159364,28.027051,26.400093,23.316251,30.658362,27.684514,23.565240,24.265561,23.557168,20.975115,25.343338,26.543296,21.440429,23.484725,26.291726,24.504205,24.216848,27.125951,28.508813,25.908582,27.360357,27.851638,22.921798,26.923082,21.050942,34.309334,25.389035,27.353534,27.625327,27.252911,26.558064,27.356587,24.163809,23.243898,33.993223,30.669538,25.443474,25.532144,30.641978,28.675636,30.573198,30.515082,24.874421,28.388618,27.510178,26.431087,26.236711,28.709388,24.944968,29.156723,28.000920,27.591798,25.324067,26.730936,26.444899,27.194392,24.730799,29.704909,25.697661,24.366373,26.086861,25.614804,26.003367,26.753309,26.961329,29.869553,21.268832,23.968400,28.813499,29.142230,27.976132,26.725353,30.618074,26.282279,30.307209,24.976424,24.998563,29.167558,25.900499,28.678895,24.093474,27.422979,24.539021,28.412818
Cà Phê 3k,23.537003,23.869603,22.881223,23.904919,24.484307,23.326333,21.459621,25.380893,23.400408,23.353413,23.937375,23.552020,24.402376,23.316664,24.279779,21.175680,25.498878,23.736005,17.031666,22.093498,25.535652,26.603024,23.090176,24.870357,19.724379,17.865185,22.011729,25.232213,26.115364,18.616230,21.087618,24.960217,25.387735,15.165396,25.875815,25.246600,0.000000,21.444433,17.836377,24.339161,26.224436,26.562276,19.580295,25.115485,24.122543,23.469260,26.798280,26.567052,19.546290,20.508924,26.187617,24.685292,23.242964,18.793445,25.402935,23.779850,18.594838,22.329643,21.483897,24.377880,26.952438,19.830711,23.469906,20.620327,25.287338,20.785526,24.963380,30.196638,23.634267,24.634227,25.660474,22.847921,28.259604,26.199850,25.431159,25.275777,30.255446,21.276194,21.683213,21.128133,25.790083,22.721000,27.477608,27.502198,24.623205,27.832544,24.477046,26.136288,24.933183,23.761036,21.308200,23.017057,25.086350,22.879135,25.051005,22.770753,18.116943,24.678831,26.299828,26.000195,21.893320,24.685911,20.036237,21.635093,24.041041,22.253276,22.804922,25.896550,25.512792,21.844963,25.110392,22.472321,24.052407,22.856452,26.641095,26.137758,25.419038,22.297942,21.894055,23.316155,26.813736,23.567007,25.028478,22.821922,25.440440,23.309040
Không có tên,23.582037,24.058603,22.870949,24.094500,24.830365,22.597278,23.817256,25.913100,22.924446,22.408498,24.155017,19.080157,23.842002,23.452443,24.546302,20.082955,25.999687,23.234750,20.833375,20.894321,26.089513,21.282391,16.623937,24.465851,18.830636,22.865068,20.089704,25.654701,26.668574,23.430520,16.836902,19.771298,21.686777,20.200724,22.290398,25.683380,19.921856,0.000000,20.138461,22.437263,26.814845,21.513827,16.440839,25.511071,20.016619,22.836438,14.432037,22.447158,21.069153,15.125498,26.743386,25.625166,19.142199,20.875486,25.837452,24.004812,20.264419,20.612766,21.000214,13.889116,27.615210,21.082623,27.246602,22.058385,25.796553,21.956546,25.256535,27.303172,22.706467,21.019664,22.345658,23.269200,26.209905,26.729122,26.473229,25.786274,27.730659,14.875579,19.282610,21.525336,28.364799,23.137333,28.195753,24.634976,21.660630,27.425639,27.317246,22.032525,24.152634,23.124060,21.576910,23.347687,27.514301,22.614604,21.963810,22.517113,19.605324,27.181020,26.093169,28.152456,21.979799,24.522214,20.818315,21.811575,23.377900,22.195973,22.535026,28.238617,24.473173,20.044304,24.101774,22.340516,23.320533,22.586407,25.170487,23.420522,24.267618,22.235052,21.961699,22.955521,26.714279,23.089472,24.923545,22.618974,25.340659,22.943287
WinMart+,24.475767,25.326280,23.254331,24.205029,23.196497,24.036393,22.812693,26.764674,22.517842,26.361343,23.687804,21.663939,19.829633,22.943243,23.452874,20.147432,26.752596,22.264058,15.398631,20.198367,25.179260,24.817238,21.678538,23.363015,22.363643,17.097968,19.675837,26.237076,27.488394,18.882848,19.461132,23.501238,26.054654,16.932266,25.712752,25.108366,14.497544,20.069804,0.000000,25.284804,26.502854,24.864829,18.114011,26.039626,22.979560,18.093642,25.192065,27.051778,14.562905,19.129677,26.397243,20.150669,22.203560,19.309319,25.410021,24.240913,21.182067,24.329177,17.502329,23.230749,28.639352,15.050295,22.972031,24.082942,20.938531,19.996494,24.767809,28.297423,17.942583,23.524417,24.637232,21.680457,26.804798,27.500503,21.144043,23.604434,28.495547,20.530758,17.066247,18.570708,23.786766,21.728770,28.136781,26.179304,23.915192,28.312799,22.022631,25.249276,24.422262,20.434156,18.733132,22.243119,23.302582,19.994947,24.298974,20.396163,16.013107,22.772238,25.235012,22.436446,19.891441,24.344624,18.180902,19.205727,19.862407,19.637532,20.235669,23.534032,22.725643,19.768934,23.188409,20.270708,21.495185,20.531362,22.802693,23.563635,20.484432,20.419436,20.198166,23.120268,26.073076,21.453497,24.343052,22.818648,24.768796,21.446243
WinMart+,29.921539,32.075805,24.722351,23.312879,30.652144,27.799628,30.056741,23.884350,28.393731,28.542949,29.111081,30.386475,28.262018,21.521589,29.289079,29.217203,23.155080,28.900261,24.838420,29.718901,31.234037,28.161289,26.454701,29.521583,27.027419,28.181267,29.510510,22.212855,24.014681,28.500319,24.967118,28.071453,17.318590,28.342232,19.341706,30.092115,29.181646,25.783969,27.071706,0.000000,31.128165,30.655032,27.480340,22.307143,25.406076,27.396483,30.608069,17.895379,28.226119,27.087177,30.964075,29.490644,24.339884,27.675473,29.929266,21.426462,26.279477,14.540404,28.834893,26.856946,25.640521,27.599109,31.051502,28.297656,29.340004,27.404113,25.036129,34.301089,29.217822,25.858325,20.262193,27.927391,26.090754,24.826849,30.202289,29.018259,33.958228,30.574168,27.686566,26.500438,31.698652,30.989951,32.056988,30.618320,20.848976,24.897274,30.568761,22.652139,21.306840,30.836844,26.939656,31.115164,30.501113,30.234383,21.196297,27.620514,26.379511,30.140606,22.686420,31.239798,27.271253,21.861978,24.948717,27.206189,28.106726,27.710058,27.885699,31.256397,27.484794,25.408311,30.669845,27.269257,28.401340,27.611142,30.724851,28.087117,30.239713,27.844865,26.309307,30.770849,25.066696,28.924624,23.291543,28.066367,23.773634,28.331428
WinMart+,26.154132,28.227105,22.987063,23.318698,26.920295,24.602156,25.073187,26.212091,23.341428,27.488306,19.205330,28.567970,25.466808,21.395985,23.154693,26.363044,22.840401,25.882670,21.290379,28.232311,19.780968,29.899387,25.945875,26.641885,26.718695,25.063642,27.422351,25.284858,27.708636,26.808695,25.943528,28.448229,25.700495,24.242332,25.251854,22.451733,25.835607,25.616241,26.062016,27.131124,0.000000,29.736297,25.829957,23.597828,26.113323,24.445922,29.754586,26.937314,23.607867,24.232923,21.391610,19.641360,25.172071,26.867667,18.488889,22.739376,26.680347,23.792402,24.942391,26.734040,27.521392,26.234039,27.839200,28.047561,22.078227,27.205316,16.078131,32.853160,25.723504,26.985836,27.079508,27.513664,25.847214,26.507831,23.057225,22.534080,32.686643,30.046836,25.890709,25.892915,30.326527,28.749906,29.535057,29.817923,24.474764,27.604348,27.797655,25.928114,25.668961,28.762331,25.505252,29.133979,23.699292,27.793862,24.907928,26.947479,26.694250,21.416276,24.093152,29.585706,26.087322,23.699384,26.320928,25.960616,26.381021,26.991780,27.178702,29.722767,20.731100,24.305973,28.832237,29.112466,28.069139,26.942302,30.411452,26.477411,30.142810,25.337706,25.339455,29.137692,25.665818,28.702441,23.898810,27.570490,24.349968,28.452083
Trường Tiểu học Chu Văn An,29.047865,31.735253,27.247198,28.375379,30.212152,26.791102,30.363179,31.151849,27.700755,27.516499,28.465447,27.763745,27.478115,27.478529,28.721195,26.253561,30.448033,28.335202,23.674041,27.456267,31.020996,25.423232,24.531309,29.112933,25.550483,27.564417,27.450179,29.438108,30.653085,27.955537,16.280480,18.880296,24.712515,26.872510,25.307931,29.738425,27.566289,15.875451,25.787811,26.642466,30.965843,0.000000,18.835958,29.068671,16.818281,26.795547,18.115777,26.033163,26.843399,18.867565,30.782942,29.115524,15.791448,26.409061,29.494349,26.635112,25.157255,23.025241,28.488007,16.786663,31.484025,26.391189,30.921054,27.135035,28.931502,26.363407,28.251115,16.912757,28.004058,18.802044,25.139486,29.978821,29.086034,30.079816,29.950366,28.673399,29.762071,26.071518,23.793131,25.549877,31.686759,30.886429,32.083964,24.414649,20.933421,30.736405,30.416674,21.040449,26.523526,30.733937,28.591224,31.034485,30.361272,30.072625,21.244270,26.021883,23.621155,29.964431,27.382551,31.183102,25.637893,23.484040,27.955409,25.548760,29.092977,25.996243,26.214521,31.212860,26.886379,27.269812,30.577481,25.741401,26.782060,26.041768,31.397183,30.950747,31.207502,25.323315,27.837630,30.692388,27.567709,30.262276,25.614591,29.498232,26.040792,25.865328
AEON MaxValu Linh Đàm,22.341540,22.506125,21.860879,23.132052,23.692266,21.821549,19.923326,24.824506,22.461757,21.296690,23.182258,21.736353,23.398796,22.548921,23.623854,18.490019,25.045346,22.781904,20.213398,19.411112,25.062451,26.106302,17.638706,24.228201,16.953063,22.416543,16.984422,24.842622,25.807824,23.061554,12.732466,24.175331,24.914110,17.807891,25.481394,24.796921,16.207745,16.754033,18.341443,23.750846,25.946025,26.055904,0.000000,24.738368,23.383306,22.469574,18.055073,26.220717,19.138584,15.231538,25.892554,24.864397,22.422747,19.355564,25.046903,23.398172,18.897779,21.652041,21.584575,17.330293,26.813259,19.379961,23.688327,20.986846,23.518354,21.057282,24.580385,30.515529,21.335478,24.033043,25.290623,22.784933,28.270140,26.013683,25.717248,23.327764,30.552646,19.626083,17.906078,20.454588,23.429984,22.685508,27.398237,27.331892,24.247343,27.777041,22.383490,25.860808,24.661442,22.395259,20.647596,22.938544,23.132794,21.886684,24.690433,21.747012,18.283106,22.794305,26.114413,22.282023,21.092611,24.682800,22.023763,20.872038,22.799517,21.283047,21.717649,23.614137,22.711205,21.044744,23.651105,21.581841,22.673436,21.843675,24.900476,25.496201,23.833003,21.550928,22.780741,22.398960,26.723440,22.490448,24.880672,21.993814,25.308358,22.381490
WinMart+,26.117934,27.797733,24.175074,23.527284,27.750242,25.343910,30.103909,25.022592,25.390451,27.154886,25.333701,28.229334,26.147840,20.475313,26.321091,26.211559,23.580857,26.437416,22.384397,27.986555,28.695486,29.529062,26.064622,27.607615,26.993682,25.672841,27.119489,12.836559,22.338334,26.226410,25.840034,28.245643,21.279922,24.712199,20.265322,24.847403,25.747709,25.549611,26.412310,26.170502,24.421777,29.186585,25.733849,0.000000,26.209355,25.098066,29.235733,23.714538,24.230901,24.295607,28.913833,27.317933,25.339389,25.392079,23.527810,16.126954,25.610467,19.777204,22.620567,26.553020,21.818045,25.211435,26.922567,26.105768,27.389814,24.729017,23.791354,31.937560,23.999199,27.005582,25.369167,26.950435,22.137558,21.526719,28.275182,27.155327,31.845146,29.589940,23.142892,25.958601,28.316266,27.543971,30.521775,29.499730,22.569787,24.866481,27.034258,24.038810,18.834661,27.634950,25.813704,27.746118,27.345346,27.118637,22.904205,26.639414,26.476635,26.943050,19.891924,28.051049,26.093802,21.533779,26.225365,25.987588,26.268793,26.665375,26.793113,28.148730,25.594479,24.719034,27.752281,28.078842,27.387972,26.650791,28.806453,26.329536,28.660147,25.542564,25.523783,27.984345,24.881934,27.804672,23.001021,27.078879,23.519652,27.714091
WinMart+,25.112382,26.022721,20.899658,25.343081,26.239762,23.765439,23.342320,27.224254,25.021734,23.757928,25.342386,23.597803,24.583477,24.829932,25.669842,23.192956,27.136638,25.610208,22.065509,23.923805,27.345223,18.766473,21.912265,26.455481,23.265699,25.142323,24.349225,26.864150,27.641464,25.535685,21.048615,16.320873,21.310610,24.319469,21.958902,26.722071,24.622485,21.807638,23.696501,21.994459,27.876607,13.179689,23.342701,26.705781,0.000000,24.777708,19.639400,21.989995,24.611312,19.297076,27.714929,26.580794,11.831265,24.270257,26.926220,25.020907,23.381282,20.365677,26.594322,24.288921,28.690365,24.286087,28.105703,24.956747,26.710091,24.487043,26.017506,21.014941,25.551473,15.593329,22.166147,27.852381,27.253080,27.889691,27.351338,26.544951,20.333528,22.265489,22.299001,23.931041,29.089350,28.439718,29.061631,19.366269,19.023731,28.555698,28.025004,18.448620,25.070454,28.456045,26.824303,28.592330,28.188307,27.976474,19.160128,24.464380,22.242481,27.844015,25.370363,28.811574,24.094067,20.932475,25.705481,23.985339,27.194813,24.350653,24.572215,28.871034,25.290785,25.061060,28.474996,24.248484,25.125843,24.493263,29.326573,28.292063,29.190519,23.983125,25.853798,28.648222,26.403917,28.426315,24.728937,27.776043,25.148701,24.511359
WinMart+,26.263694,27.846212,21.913294,22.615072,26.748271,21.772622,25.236689,24.500296,24.053696,23.945054,22.437682,28.114700,21.489582,24.056494,24.111694,22.899628,24.844895,19.314766,16.945003,22.514683,23.726010,29.249440,25.944323,23.949890,24.580279,17.816840,24.615081,24.722955,28.029722,17.616881,23.590251,28.064901,26.382869,18.329977,26.072503,21.784605,23.455574,23.534021,18.781541,26.976786,24.666444,29.159096,23.482734,24.624395,26.081893,0.000000,29.204454,27.297286,17.584936,22.187349,24.399698,18.836992,25.240302,19.005608,23.237466,23.859625,14.294138,24.699788,12.389214,26.663340,27.785687,17.103999,18.005838,24.502394,20.202824,23.179068,22.637112,31.858230,18.470253,26.848901,27.289810,23.046417,26.331071,26.931996,20.515477,17.529659,31.782734,29.627112,22.476586,23.112014,24.812209,23.197435,27.559055,29.340678,25.033149,27.729564,21.997803,26.336803,25.997360,24.188373,21.510115,23.841754,23.848853,23.630625,25.435902,24.053126,23.766281,20.970499,24.860057,24.952651,22.476284,23.830345,23.870587,22.794336,22.518549,23.761731,23.984719,25.357845,23.004044,22.177755,25.129786,26.397600,25.238377,24.109662,27.415717,24.298904,27.227765,22.537690,22.992561,25.768621,25.905518,25.891101,24.231493,24.778848,24.652612,26.130044
Trường Mầm Non Hoạ Mi,28.816566,31.047993,27.205526,28.235906,29.846226,26.772892,29.912469,30.715931,27.616304,27.410138,28.307351,27.619150,27.400682,27.404680,28.547676,26.273855,30.137287,28.206270,23.834988,27.361871,30.636863,25.632030,16.248333,28.936640,17.663665,27.496710,17.542175,29.238839,30.365835,27.861325,15.764205,20.128541,24.821402,19.936261,25.379744,29.500362,18.206707,15.051610,19.941082,26.629637,30.648686,18.302216,18.457957,28.902799,17.993992,26.777699,0.000000,26.068221,19.467366,18.373274,30.476284,28.953890,16.977993,20.552374,29.301243,26.583129,20.118830,23.182823,28.395680,15.374501,31.169128,19.583899,30.635858,21.455032,28.802280,21.388838,28.146808,28.882854,20.620920,19.634611,25.206583,29.805725,28.931506,29.862448,29.741396,28.555223,29.260230,16.168709,19.317238,22.105188,31.391745,30.644921,31.719657,24.651900,21.192364,30.487632,30.201740,21.369376,26.471699,30.514061,28.499804,30.787403,30.168515,29.900451,21.494840,26.908533,26.735644,29.798335,27.311650,30.936154,20.679432,23.423064,23.967471,20.506695,28.968927,20.784096,21.095751,30.971439,26.864378,23.151131,30.384126,21.039194,26.239701,21.215306,31.176953,27.064622,31.003001,21.060288,24.411878,30.504756,27.540526,30.106500,25.628914,29.380255,26.045128,21.692997
WinMart+,32.881173,36.611244,26.972785,24.603660,33.650379,30.060005,35.318123,25.647628,30.327930,31.467753,31.415643,34.964437,30.388871,22.384688,31.526886,31.985351,24.938214,26.495132,25.967997,33.297261,33.962309,31.410668,28.883546,27.375732,28.929912,25.914063,32.335842,23.818207,26.576141,26.331694,26.808323,30.958454,17.634309,30.514494,20.741093,32.284325,31.796517,27.833709,28.746774,26.602935,27.170167,34.161703,29.468415,23.777700,27.107549,25.418601,33.780502,0.000000,30.122420,28.735013,33.181196,31.291635,25.816980,29.421837,26.099691,22.294223,27.641159,12.522261,30.141813,28.708403,28.125454,29.281246,33.056043,30.034390,30.942269,28.841798,26.263906,38.068825,31.225366,27.468056,21.075955,29.261519,26.910744,26.623348,32.048116,30.496931,37.267195,32.511954,29.047457,27.700268,33.523196,32.703245,34.220645,32.875034,21.318480,25.723407,32.243720,23.351439,21.746685,32.418353,28.106078,32.827140,32.000138,31.676830,21.732514,28.847310,27.516930,31.608128,23.231944,32.894964,28.493800,22.757336,25.847524,28.447326,29.308157,29.037273,29.193332,32.880431,28.588456,26.263512,32.113992,28.426880,29.724123,28.823921,32.110595,29.145321,31.676814,28.978619,27.248641,32.170677,25.263874,30.204551,23.421686,29.187762,23.909372,29.466163
WinMart+,21.787180,21.725819,21.696971,22.271657,21.239354,23.120773,19.977670,23.829026,20.675067,20.673033,21.918345,21.250648,18.120484,21.527908,27.279491,18.625239,24.226441,20.028899,15.461725,19.749462,27.344370,24.501053,21.382194,21.219108,19.042620,16.475710,18.978670,24.295841,25.073594,17.812244,18.930322,23.226328,24.436175,15.607995,24.113631,26.361151,18.112719,19.613331,14.681910,23.037669,27.618017,24.481268,17.598605,24.227694,22.772214,17.428550,24.834754,25.047059,0.000000,18.698663,27.448471,23.979507,22.009044,16.718215,26.615537,22.999817,17.402773,23.091821,22.166070,25.330058,26.371799,14.208242,24.916638,21.547839,24.787585,21.385313,25.713784,27.825668,17.808201,23.335014,24.484371,24.358546,25.232199,25.613823,24.850004,24.614764,28.049209,23.763102,15.615296,18.697613,25.033605,23.867145,28.940969,25.971984,23.826018,26.369797,23.300154,24.969902,23.264110,22.077244,19.425414,24.275880,24.337337,21.340596,24.107552,20.904541,15.449808,23.813770,23.989169,23.026318,19.826819,22.671099,18.156903,19.453973,22.513662,20.016645,20.756568,25.114033,23.673655,20.434991,23.763708,20.705181,22.295829,21.050276,25.542188,25.087674,24.048351,20.794508,20.535236,21.994380,25.485284,22.074889,23.940619,21.455196,24.351314,21.976697
Trường Tiểu học Chu Văn An,21.695553,21.630791,21.384748,22.534858,22.814610,21.003152,19.609934,23.833594,21.813688,20.366494,22.498862,20.864648,22.381894,22.016515,22.889592,18.296561,24.176808,22.019195,19.945996,19.009290,24.145835,24.684539,17.018796,23.309718,18.167840,21.817012,17.232612,24.137139,24.915175,22.381688,13.260495,19.155891,24.166506,19.112176,24.692477,24.003018,18.126854,16.024031,19.298319,23.075061,25.099620,18.611731,16.602864,24.076981,18.049940,21.976426,17.851991,25.220880,20.058564,0.000000,24.973433,24.214754,17.417869,20.197799,24.353532,22.932827,19.649426,21.305901,21.906977,16.909171,25.955401,20.175733,23.014477,21.568945,23.028261,21.474989,23.926255,23.176573,21.845524,19.020063,24.571543,22.972116,27.364654,25.282842,24.977752,23.498147,23.898004,18.173995,18.659858,20.922557,23.537594,22.863242,26.374341,21.967171,23.822760,26.882403,22.571857,20.532891,24.103708,22.611263,21.062354,23.088236,23.307695,22.117827,24.216747,21.997101,18.851529,22.986264,25.435896,22.464075,21.409696,23.742421,22.046562,21.214439,22.948705,21.603512,21.990142,23.692448,22.901138,21.053240,23.729402,21.832219,24.792636,22.078099,24.875344,25.575748,23.893564,21.774387,22.871546,22.547501,26.398631,22.654582,24.673548,22.193629,25.086191,22.534655
WinMart+,27.736824,30.253515,25.920257,27.406765,29.445161,26.158408,26.206197,31.300925,25.202224,29.221630,22.091891,30.116182,27.444801,24.354669,25.892743,27.757528,30.317261,27.742684,22.132116,29.555773,24.164848,31.335415,27.013038,27.329524,28.051839,26.529915,28.803969,29.030124,29.769636,21.602995,26.992927,29.686106,27.037420,25.156046,26.675493,24.784318,26.900002,26.613187,27.302221,28.046894,26.784139,31.094958,26.868357,28.618262,26.954888,19.316166,31.012288,28.079119,24.394162,24.963316,0.000000,17.211460,25.932684,27.051914,20.828710,24.081831,26.875712,25.031324,25.121655,27.665602,28.940245,26.366354,28.632513,28.322782,18.174889,27.561746,18.334466,34.396256,25.939027,27.809247,27.906143,27.925411,26.963259,27.791907,20.972851,17.795623,34.090380,30.893894,26.056832,26.028686,21.571836,29.334958,27.451949,30.786151,25.196060,28.718815,22.184343,26.755339,26.539350,29.268666,25.684934,29.729018,21.834412,28.203316,25.646731,27.209069,26.946755,21.389725,25.197893,22.162505,26.363890,24.614109,26.527187,26.204005,26.689461,27.289686,27.483082,30.283473,19.712574,24.433881,29.265634,29.460657,28.378973,27.205107,30.857015,26.675085,30.561208,25.541046,25.440012,29.558232,26.062812,29.042703,24.259970,27.838658,24.701797,28.727660
WinMart+,25.879257,27.671970,24.615396,25.670051,26.449052,24.503783,24.956501,28.304886,23.406074,27.077759,20.960950,28.105559,25.249308,23.095523,23.275226,26.115316,28.035157,20.286936,21.506636,27.849100,21.800193,29.363977,25.771033,18.898916,26.452919,24.924013,27.081704,27.388624,27.411945,19.458413,25.773424,28.073431,25.913742,24.203858,25.571422,21.197763,25.679513,25.476698,25.858870,26.910645,23.720912,29.254531,25.669130,27.126029,25.957058,17.208281,29.300197,26.908658,23.860190,24.198385,17.243895,0.000000,25.073144,23.846465,19.700794,23.341692,23.375166,24.226383,15.716341,26.537167,27.334851,23.737433,20.225241,24.566384,16.363573,23.446844,18.040663,32.132697,23.039964,26.788797,26.998259,23.367715,25.935724,26.499206,16.832462,16.175966,32.030054,29.691773,22.794808,23.307450,18.655870,23.577647,23.844304,29.441513,24.738885,27.370462,19.963191,26.024811,25.677698,24.323907,22.030112,24.066764,19.792833,23.840266,25.132091,24.138538,23.889636,19.323003,24.439192,20.270855,22.808776,23.497650,23.962528,23.045903,22.866147,23.901433,24.098138,25.268592,17.883101,22.388211,25.088511,26.201558,25.185868,24.190963,25.952347,24.342207,25.833664,22.778609,23.160498,24.448641,25.743792,24.772712,24.058407,23.825369,24.490165,25.176117
Trường Mầm non A Tứ Hiệp,25.113135,25.913796,19.508023,25.312671,26.114514,23.861880,21.124904,27.010967,25.007543,23.877176,25.302218,23.765882,24.602297,24.841513,25.601411,23.347314,26.956607,25.548827,22.224945,24.032286,27.138618,16.594445,22.187964,26.338096,23.366009,25.113964,24.379687,26.721882,27.432317,25.479258,21.330696,14.276674,20.191080,24.348058,20.816995,26.577323,24.634223,22.041595,23.757919,20.491218,27.650796,19.309915,23.435187,26.571024,12.137382,24.767807,20.284949,20.672788,24.612462,19.704329,27.496224,26.450472,0.000000,24.293026,26.774409,25.067944,23.442617,19.549531,26.480514,22.287478,28.423990,24.302693,27.869499,24.929478,26.579186,24.478854,25.921417,17.869208,25.475773,11.896740,21.108716,27.668158,27.207173,27.809113,27.170308,26.428982,16.990426,20.610082,22.402407,23.951666,28.818208,28.212259,28.758271,16.782908,18.033655,28.438199,27.813477,17.154864,25.097112,28.233543,26.701278,28.352488,27.987817,27.785620,18.112233,24.442005,22.330916,27.659339,24.391914,28.560054,24.095719,19.940678,24.781302,23.991390,27.046830,24.340005,24.550879,28.623960,25.242906,24.132450,28.260194,24.242530,26.601259,24.476563,29.077549,27.308435,28.951743,23.982708,25.038820,28.427250,25.791458,28.231755,24.345839,27.615260,24.685970,24.488153
Cà Phê KOK,22.764246,22.898503,22.523029,23.189536,22.226145,25.104058,20.974221,24.906680,21.693238,22.221045,22.772421,22.620986,19.568494,22.283676,28.022226,20.324075,25.168008,21.298218,16.643893,21.254394,28.165795,25.569668,22.428659,28.817938,22.543434,17.830065,20.865639,25.048411,25.931197,18.949024,20.345847,24.187611,25.077857,19.595731,24.761541,27.018447,15.789982,20.798434,17.687754,23.787854,28.432273,25.570743,19.032246,24.938298,23.557351,25.212395,25.855651,25.837567,16.393586,19.975722,28.245580,24.202319,22.761555,0.000000,27.145206,23.536845,20.216325,23.639708,22.084939,23.694811,27.125042,15.875874,25.494310,20.339890,25.119537,20.115064,26.121893,28.831040,14.160700,24.073375,25.119565,24.952469,25.801624,26.275849,25.217827,24.982737,28.979930,21.054560,13.979409,17.276695,25.624066,24.197169,29.889315,26.731830,24.293268,27.015981,23.475600,25.549842,23.746806,21.955176,19.676997,24.701067,24.668869,21.090775,24.651993,19.616794,14.332442,24.044477,24.495851,23.133209,20.823264,23.210299,17.184898,18.133369,20.802836,18.580009,19.351946,25.641673,23.786816,20.154085,22.430754,19.523930,20.899038,19.794873,23.861777,21.241972,22.759319,19.809706,19.639563,24.657917,25.722757,20.947976,24.131072,20.491773,24.536985,20.998506
Không có tên,25.355337,27.004969,22.042625,22.222464,25.734735,24.043126,24.654297,24.258837,22.911097,26.508725,18.723194,27.645439,24.677799,20.593195,22.643079,25.654444,21.779685,25.064567,21.333536,27.452905,18.915269,28.914831,25.472635,23.971200,26.002478,24.459786,26.598150,24.054566,25.393007,24.729221,25.402494,27.693749,24.630771,23.899278,24.223354,20.488589,25.308925,25.122134,25.429258,26.638860,17.550649,28.719999,25.308207,22.699571,25.715682,22.883615,28.802121,25.762771,23.419416,23.919711,19.511098,18.786693,24.867402,25.614597,0.000000,22.081491,25.323549,23.051891,23.673847,26.190781,25.934169,25.200774,24.886379,26.436912,19.657559,25.594420,15.423402,31.527672,24.664875,26.542223,26.166928,25.722339,24.842844,25.233818,19.753066,20.393072,31.467415,29.302379,24.692710,24.864407,22.952591,26.377846,23.452078,29.124127,24.021267,26.247572,25.608321,25.200022,25.314784,26.661350,24.306930,26.724880,21.788903,26.028366,24.313007,25.706595,25.486089,22.591943,23.372891,27.259816,24.796760,22.541450,25.315515,24.797138,24.967972,25.645889,25.816634,27.444424,19.313609,23.628519,26.984502,27.586689,26.672431,25.728382,28.512004,25.538800,28.333626,24.364915,24.495195,27.351750,26.467819,27.214010,24.606232,26.275707,25.051427,27.197002
Trường Đại học Kinh tế - Kỹ thuật Công n,24.105229,25.121498,22.621680,21.913458,24.568061,23.489380,31.373220,22.351830,23.556174,24.792058,23.144978,31.363503,23.837664,19.981166,24.053365,24.274232,21.369460,24.105213,21.513678,30.821039,25.482032,29.950576,28.760228,25.056990,24.909791,23.712497,24.970061,17.042833,20.588798,24.147753,27.388288,29.733595,20.412749,29.525059,19.780102,23.372139,30.174236,27.981373,24.457554,27.475665,22.991503,31.224664,24.110860,15.131390,27.672769,23.489344,31.131546,26.896115,22.979382,28.441432,24.094066,22.723567,26.930906,23.847296,22.434877,0.000000,24.010645,22.231278,21.723847,28.403574,15.145332,28.765874,25.069624,24.450415,23.752124,23.408418,22.612836,33.342274,29.905610,27.804969,20.629306,25.405048,15.608321,11.687721,24.133523,23.743722,33.133731,30.813992,24.758795,27.648474,26.320539,25.745782,25.603346,30.933113,23.561458,15.918961,25.337804,25.153734,14.306180,25.908305,24.554888,25.906822,25.718656,25.551979,23.939989,25.334068,25.198388,25.390407,14.951992,26.201299,24.797798,15.380006,25.068317,24.760290,24.906126,25.301320,25.410464,26.302820,22.799255,23.838585,26.086356,26.521897,25.939635,25.342351,27.027823,25.196368,26.929267,24.435184,24.488549,26.317361,23.055893,26.279416,21.687034,25.693461,22.095364,26.307733
WinMart+,28.263565,29.569665,22.913679,23.641218,22.711956,23.242925,22.559626,25.450765,22.192457,25.044103,25.664172,21.591323,20.285800,26.447535,27.340185,20.371354,25.636343,21.925892,17.204226,20.430624,27.437196,24.224987,21.606926,28.132246,21.868527,18.490655,20.006994,25.425040,29.600220,26.124798,19.772940,23.162541,25.391193,18.714530,25.085953,26.073855,16.184001,20.231127,21.202411,24.774598,27.818116,24.302458,18.714907,25.293974,22.753522,23.678299,24.610181,26.299970,17.316233,19.525937,27.599986,23.556474,22.077442,18.986739,26.370661,23.804165,0.000000,23.902745,15.562325,22.932613,27.501342,16.606130,23.628886,19.077500,24.319981,18.552333,25.366073,27.167524,17.814744,23.248857,24.274127,21.926024,26.084840,26.602037,24.466996,24.200035,27.407985,20.616800,15.512144,21.052042,24.629913,21.902197,29.591093,25.573762,23.718943,27.336750,22.247990,24.831978,23.985370,20.063719,18.067562,22.620720,23.828636,19.582063,24.056197,21.942740,21.607709,23.151384,24.743158,22.744617,19.510989,23.477723,22.157557,20.335249,19.465362,21.285685,19.413804,24.226176,23.077669,20.661984,23.643324,21.365813,23.264768,22.051602,23.103427,22.834619,20.301379,18.271605,21.321805,23.501868,25.831815,20.968325,24.214581,23.059092,24.625763,22.422836
Trường Quốc tế Singapore,31.532871,33.907574,26.914382,21.598175,32.105932,29.334258,32.640294,21.949277,29.624469,30.308425,22.833213,32.564955,23.535396,19.749552,30.547595,30.773754,20.969595,23.814734,21.354701,31.606689,32.454738,30.255551,28.449524,24.770016,28.403422,23.470806,30.993879,19.741683,21.485986,23.900250,26.637221,29.946843,21.800630,29.662515,13.979081,24.620297,30.616349,27.464655,28.251457,26.590344,24.316027,32.266157,28.806482,20.067092,27.061116,23.308559,32.071090,24.003927,29.389414,28.230477,25.283665,23.826376,26.073964,28.800797,23.639287,16.599732,27.311420,0.000000,21.620617,28.170287,23.648731,28.683162,26.156131,29.320262,24.743624,28.325201,23.794207,35.390518,30.258504,27.323847,22.201877,28.703385,17.980124,18.628842,25.197118,24.690721,34.943115,31.420998,28.509494,27.339223,27.289514,26.702405,26.700218,31.655937,21.728029,17.485269,26.299052,23.452725,16.625178,26.810195,27.696050,26.855115,26.595625,26.416242,22.097444,28.321387,27.158161,26.272546,17.385602,27.116754,28.017983,17.204962,25.669590,27.970197,25.738022,28.477984,28.620986,27.199354,23.668457,26.028755,26.930760,27.953681,29.082259,28.297320,27.819959,28.607450,30.798045,28.441460,26.911432,27.134807,23.357840,29.518503,22.036045,28.634649,22.414824,28.876651
WinMart+,25.610210,26.920876,24.596727,25.398588,25.866138,19.055209,24.834987,27.304751,23.637650,20.826301,22.260971,27.352081,18.511195,23.719491,23.587013,20.421410,27.238261,16.736822,16.636733,27.204920,23.233995,28.431156,25.500953,23.312730,19.213581,16.233584,21.813803,25.713731,27.128049,14.763899,21.398932,27.410793,25.939464,17.373865,25.650163,21.690485,16.018204,25.274874,17.612994,26.518344,24.048491,28.377230,21.325234,24.588086,25.698799,12.522968,28.465385,26.796220,16.599736,20.523193,23.819174,19.538848,24.932545,17.015012,22.957347,23.611255,15.687565,24.405337,0.000000,26.208339,27.128027,16.307731,15.827710,18.544354,20.350717,16.482610,22.440785,30.818107,16.648374,26.425580,26.878077,16.826457,25.900649,26.395739,20.543534,22.496489,30.806564,29.012041,21.286018,22.074522,22.243604,21.028691,26.514237,28.721569,24.855620,27.140882,20.000994,26.015565,25.610067,22.225996,20.285047,21.620543,22.067365,21.955506,25.205158,22.843538,22.583756,21.417006,24.574867,22.788478,21.205911,23.304994,22.874186,21.640498,21.142609,22.452946,22.659774,23.236449,21.782898,21.454497,23.390054,24.958074,23.906304,22.922254,25.651696,23.370379,25.538195,21.542964,22.125421,24.091298,25.754899,24.484003,24.148418,23.527216,24.559346,24.939928
Trường Tiểu học Tam Hiệp,31.692412,33.942368,29.862752,30.543157,32.297295,29.679391,32.518995,32.845203,29.920284,30.628059,30.710398,30.921216,29.966651,29.722769,30.864913,17.058379,32.074953,30.356019,26.190555,30.325463,32.582630,30.904779,15.055696,30.869235,16.775453,29.551546,16.187411,30.955087,32.097810,29.824574,14.706625,26.749676,27.209466,18.895331,27.618388,31.442198,18.382583,13.939218,19.014023,29.265962,32.251091,16.568085,17.063047,30.582488,23.571848,28.650038,14.885139,28.514254,25.045857,16.568101,32.215608,30.644066,22.235452,19.504304,30.958197,28.123788,19.227473,25.364711,29.753638,0.000000,32.494773,26.603628,32.233806,20.380675,30.331531,20.513992,29.958726,26.772061,27.278307,22.941123,27.285887,21.636027,30.213788,31.200553,31.321491,30.083457,27.560808,15.923084,25.368406,22.897042,32.714795,32.024165,33.168763,24.702579,21.312720,31.683124,31.666234,21.672482,27.837711,26.314551,24.778460,32.156038,31.407146,25.633715,21.630410,28.459262,28.257662,31.080393,28.667968,32.242767,25.242644,24.871556,25.277005,25.160939,26.209055,25.583116,25.797473,32.243030,28.362855,24.315813,31.640420,27.212755,27.866245,26.549996,27.579608,29.058934,26.956316,25.013970,25.474837,31.712695,28.214123,25.870743,26.285027,25.244159,26.686736,25.541350
WinMart+,28.784060,30.661938,27.153676,27.546998,31.504982,28.027480,32.494252,30.485673,27.969596,29.737415,28.820693,30.626566,29.222585,24.356475,29.171150,28.493059,30.278711,29.349380,24.427662,30.116186,31.864224,31.560389,27.952685,30.232403,29.142342,28.263705,29.268384,22.876311,30.424079,28.727850,27.673948,30.181388,25.385056,26.472105,24.590382,28.075562,27.610516,27.355494,28.549545,28.012539,27.895516,31.264113,27.572519,18.913248,27.746158,27.201916,31.197552,27.390585,25.994485,25.906895,28.848386,26.374355,26.817058,27.214916,26.412991,14.924754,27.438486,27.864444,24.340027,28.151879,0.000000,26.683115,29.718729,27.828600,27.316897,26.346092,28.996405,33.868497,25.557207,28.451017,25.999431,28.985554,22.445849,21.787612,28.213295,27.082349,33.637079,31.000705,27.655796,27.439630,30.754481,29.876829,30.530062,31.061291,26.733345,26.375506,29.349655,29.010391,18.499605,29.784001,27.629026,30.060760,29.408221,29.112462,27.340192,28.221503,28.051634,28.974413,19.693791,30.272260,27.834431,22.529537,27.617826,27.596952,28.097612,28.361122,28.485826,30.328278,25.462266,25.887497,29.700087,29.745266,29.020688,28.217462,30.659744,27.633621,30.469478,27.006958,26.835964,29.862733,24.990157,29.475687,23.012700,28.672391,23.546670,29.192472
Delícia Coffee & Lounge,22.100487,22.131463,21.752042,22.813800,23.127497,21.600966,20.185993,24.064526,22.180216,21.195572,22.797128,21.682649,22.807709,22.318376,23.149997,19.291565,24.370396,18.079845,14.944734,20.105543,24.357232,25.027956,21.704285,23.589144,16.596453,15.629502,19.456082,24.302278,25.051942,16.643700,19.270040,23.618775,24.406264,14.778707,24.905625,23.966445,16.393130,19.946698,14.379658,23.321260,25.105539,25.063136,17.830119,24.232554,23.061370,22.459033,25.391764,25.440161,13.667829,18.986871,24.979536,23.930237,22.258839,15.739365,24.351359,23.074064,19.257407,21.596258,20.250210,25.887799,26.026835,0.000000,22.241697,17.740263,24.559947,18.597224,23.916361,28.594763,19.092593,23.630405,24.769698,21.324581,27.412353,25.364494,24.694995,24.486668,28.775997,24.197899,19.731502,13.685146,24.783214,21.407436,26.402445,26.389075,23.997179,26.963264,23.377402,25.314516,24.240365,22.164968,19.718486,21.755242,24.253846,21.454025,24.386038,21.247484,15.926581,23.810351,25.546682,25.146211,20.210699,23.767113,15.665092,19.857303,22.804851,20.437047,21.141685,24.920616,24.878692,20.497352,24.025242,21.031537,22.629005,21.388937,25.763649,25.726620,24.315355,21.074816,20.802167,22.240460,26.439790,22.358001,24.730873,21.712198,25.138549,22.227183
UBND phường Khương Thượng,28.834925,30.401796,27.416723,28.464853,29.875104,25.692926,27.400786,30.877679,27.428426,26.928848,26.257438,30.074642,25.980932,26.896465,28.273602,25.770126,30.246582,25.291677,21.172883,29.671351,28.372681,30.862349,27.839485,29.417981,25.508187,23.045119,26.942842,28.230991,30.371308,27.163042,25.850495,29.728754,28.113855,25.023603,27.874358,26.894976,24.319270,27.541508,23.093429,28.493317,28.654574,30.753084,25.713327,27.012023,27.643619,24.329767,30.707934,28.849075,24.222278,23.051709,24.565565,24.093254,26.809505,24.272359,25.909273,25.568248,23.607775,26.317979,19.776536,28.262849,29.608031,24.012795,0.000000,25.599760,25.674540,24.006135,24.180448,33.162947,23.220511,28.250363,28.508764,23.966243,27.846953,28.616779,25.914110,25.605987,33.052369,30.681018,22.727093,23.444216,28.158369,24.716623,29.053207,30.543870,26.100115,29.265328,22.546139,27.547480,27.248845,25.867712,21.501859,25.867717,25.068454,24.737569,26.525896,24.842635,24.468221,23.889058,26.353106,27.373046,22.859914,25.123535,24.447665,23.249035,23.011626,24.568144,24.861892,27.848370,23.480973,22.295689,26.835932,27.922971,26.406649,24.887348,29.696360,24.894385,29.321173,22.857941,23.220941,27.523755,26.553216,27.279308,24.823613,25.679333,25.230265,27.276215
WinMart+,29.644260,24.111484,23.690543,24.439425,30.590991,26.331232,22.078302,26.204607,23.233662,23.848441,27.344911,24.039718,22.045249,27.829531,29.246745,22.035544,26.285314,23.250295,19.101569,22.888087,29.545521,26.565953,23.525742,30.540056,25.239042,20.423373,22.912515,25.957855,30.999933,28.743668,21.939271,25.136138,25.850590,23.801233,25.567180,28.202587,18.215082,22.119661,23.049150,24.547593,29.742319,26.556674,20.714297,25.805825,24.351829,26.228874,26.768123,26.569660,21.559306,21.438516,29.536735,24.764950,23.544238,18.898242,28.070417,24.240068,22.599462,24.349607,22.438245,24.522619,27.891680,18.442820,26.874008,0.000000,25.838348,21.211603,26.832061,29.655766,18.212810,24.810263,25.726957,26.767742,26.432656,26.983145,26.001675,25.820169,29.740756,21.975842,13.439952,18.818636,26.990663,25.250789,31.293725,27.404972,24.760403,27.665430,24.236530,26.099301,27.760986,22.488278,19.501771,25.864806,25.475275,21.283700,25.167485,23.210320,15.740591,24.728856,25.111441,23.692586,20.932017,23.747918,18.271887,21.579039,20.916762,22.704857,20.679878,26.774891,24.213442,21.383005,22.810686,22.493408,24.662304,23.297173,24.417020,23.750166,21.465256,19.091938,22.198451,25.316328,25.992422,21.996899,24.375094,21.759505,24.781602,23.366020
Siêu thị B11 Kim Liên,24.946809,26.458415,23.928406,24.798203,25.199404,23.586796,24.336626,26.970059,22.630283,26.061803,20.489308,27.135137,23.628211,22.522737,22.312380,25.307957,26.933498,22.524398,19.329751,26.999927,21.007648,28.381403,25.141208,25.809428,25.430296,20.694283,26.214828,26.568357,26.314598,23.410146,25.133841,27.254359,25.330806,20.356901,24.998713,20.317796,25.047419,24.876996,21.239370,26.308089,22.253956,28.264443,25.047724,26.370931,25.424601,20.244627,28.363158,26.288503,19.799982,23.751388,17.335846,15.308101,24.615999,24.963572,22.105987,22.946773,24.524042,23.799496,17.359045,25.932114,26.536296,24.598256,22.390703,25.935739,0.000000,24.784648,19.894179,30.968257,23.907918,26.236553,26.499922,24.998235,25.388095,25.829167,18.147747,16.749273,30.950959,28.978243,23.794611,24.162829,22.854841,25.745278,25.405158,28.714626,24.467915,26.669162,23.269055,25.606458,25.314150,26.109006,23.142331,26.283480,17.829532,25.449654,24.775136,25.169109,24.891001,22.214976,24.021494,23.037916,23.874047,22.876523,24.790356,24.002087,23.601292,25.020601,24.863378,27.227234,18.648661,22.939847,26.190548,27.142083,26.354496,25.199281,28.417169,25.109844,28.180273,25.603697,23.855429,26.813182,26.435302,26.733651,24.664828,25.556970,25.089012,26.806411
WinMart+,29.333623,31.011575,27.848864,28.955157,30.577153,22.334635,27.799090,31.531575,27.990432,22.582721,26.820513,22.688989,19.861928,27.380055,28.999927,20.654719,30.768009,25.919154,17.362721,21.687834,29.192555,24.981436,22.467457,30.439719,22.074135,18.422933,21.670014,28.644646,30.934908,28.169188,21.126754,30.140656,28.464560,21.422686,28.230687,27.668364,18.056633,21.320656,19.900896,28.816757,29.414161,25.033559,20.086267,27.383634,23.369919,25.162616,25.280572,29.194485,19.847587,20.663758,29.275838,24.502433,22.683401,19.494405,27.569489,25.852879,18.409411,26.604742,20.480242,23.655621,30.041615,18.164585,25.798145,23.727763,25.384660,0.000000,26.436291,27.856921,18.001312,23.804174,28.777550,24.905890,28.159737,28.993474,25.581052,24.226291,28.080931,21.341282,15.180134,20.685968,24.931603,23.657708,31.353154,26.061179,24.050008,29.630839,22.013768,25.317866,27.513785,19.041713,16.957261,24.561578,23.815607,18.797992,24.401126,21.803461,21.421116,23.039463,26.618699,24.078876,18.834332,25.429141,22.079456,19.951756,18.808633,21.010679,18.836958,25.995551,22.926157,20.434318,24.918618,21.171684,23.307700,21.916005,23.125757,22.840513,19.941970,17.791097,21.041010,24.559011,26.668096,20.717524,24.907728,23.774075,25.319750,22.386969
Cà Phê Big One,26.073626,27.829231,24.825167,25.824301,26.799173,24.895720,25.093756,28.409732,23.994747,27.253915,21.867223,27.989907,25.622608,20.546615,24.117342,26.293871,28.020804,25.911322,21.914530,27.744000,22.919210,29.127029,25.816588,25.180226,26.599694,25.186768,27.257894,23.742291,25.050265,23.721820,25.991586,27.942614,24.271876,24.450146,23.905313,22.827929,25.835780,25.628898,26.008811,26.851275,17.522990,29.036455,25.827826,23.688716,25.950391,21.854410,29.081453,25.325429,23.805563,24.338319,20.256159,19.258770,25.107869,25.977055,13.622022,21.713021,25.763810,22.815241,19.424031,26.639176,28.150645,25.551290,26.044721,26.881836,19.929939,26.280782,0.000000,31.860789,25.236332,26.718841,29.112441,26.436860,24.233346,24.529288,20.274271,20.740840,31.827966,29.497257,25.154717,25.247741,23.582768,27.131405,24.929375,29.207754,23.773782,25.456981,23.698755,25.103089,24.493012,27.310663,24.755793,27.515126,22.195618,26.681819,24.139859,26.274874,26.061427,22.990226,26.146007,23.540894,25.383525,25.592371,25.829351,25.416158,25.641520,26.259999,26.389821,28.165504,19.376984,24.025296,27.622250,28.116987,27.231544,26.259038,27.321906,26.010834,27.181208,24.924433,24.839725,26.077780,25.972647,26.135301,24.175848,25.206426,24.616353,26.330690
Trường Mầm non Đại Thanh,32.354604,36.362253,29.893625,30.829190,33.399764,29.671354,34.154244,34.124256,30.005808,31.096355,31.095078,31.722002,30.086217,29.840404,31.281828,29.276699,32.918450,30.588492,25.428484,30.751867,33.707964,32.388839,27.493198,31.225326,27.790427,29.567639,30.255498,31.418319,32.852737,29.910065,25.729955,24.814862,26.644996,29.191451,27.175372,32.038006,30.181544,26.885987,27.717693,29.255583,33.084890,16.780802,27.984412,30.940495,20.326495,28.466285,20.096954,28.251599,28.766557,19.685936,33.019797,30.958700,17.867434,28.231934,31.398436,28.042175,26.738479,24.607454,29.819671,27.741458,33.336714,28.201329,32.946623,28.914998,30.550837,28.029540,30.055168,0.000000,30.039301,19.041201,26.846137,31.522955,30.498020,31.717449,31.801680,30.224275,24.795733,22.872201,25.238544,24.812513,33.453495,32.590137,34.152626,21.483333,19.598739,32.294536,32.140661,19.353667,27.756464,32.307002,29.851183,32.741407,31.802713,31.585643,19.869693,29.895353,29.706649,31.407011,28.660948,32.822788,27.035109,24.793874,27.194326,26.977541,30.510987,27.468935,27.652624,32.817451,28.191568,26.341378,32.040110,27.066060,29.501043,27.969624,32.769833,30.799544,32.557188,26.534032,27.077286,32.112839,28.126740,31.543723,26.076936,30.695133,26.504760,27.045205
siêu thị 24h ninja mark,24.111164,24.577163,23.499658,27.800292,28.752104,24.162814,22.540567,29.550873,26.986181,24.408707,26.149236,24.372114,24.888890,26.557846,27.504865,22.810740,29.120437,25.494287,16.812121,23.459875,27.487851,26.448077,23.805121,28.061524,18.805723,17.485746,23.854061,27.613013,29.154406,26.653296,22.751191,25.187773,28.445213,17.677230,28.778661,26.538818,21.998012,22.712467,17.368135,24.608208,27.699479,26.454108,21.672887,26.665395,24.437874,24.949397,26.625566,29.738727,18.208918,22.121724,27.636653,24.854637,23.686268,18.785704,26.569451,25.401459,23.022796,25.195265,22.330596,26.121547,28.680341,20.516185,25.285236,24.756809,25.699930,23.312963,24.803978,29.275601,0.000000,24.827089,28.383187,24.845631,27.300579,27.898275,25.860104,25.706086,29.410056,24.734117,19.901180,18.990959,26.666981,24.197956,27.709850,27.168650,26.820532,28.428311,24.700699,28.436210,26.761174,23.642978,19.807670,24.665339,25.465049,22.289050,27.298919,22.242106,14.421729,24.892393,28.417286,26.839869,20.601463,26.608118,18.264614,20.190038,24.125971,21.116962,22.086143,26.889341,25.956166,20.331108,25.729433,21.758699,24.261399,22.272501,27.944268,23.271916,26.321266,21.627890,21.077541,23.035273,27.893679,23.392623,26.032790,22.323462,26.426828,23.081560
Trường Mầm non Tứ Hiệp (điểm Cổ Điển B),25.673877,26.611688,21.457591,25.793141,26.668009,24.406413,23.705221,27.530425,25.459003,24.513775,25.805404,24.487381,25.106827,25.337431,26.086793,23.923717,27.431702,26.001973,22.643504,24.671032,27.650163,20.358247,22.805922,26.758813,23.832708,25.542880,24.920869,27.156446,27.869494,25.900232,21.855563,18.977985,21.708648,24.826740,22.288205,27.044811,25.157207,22.599237,24.186340,22.425689,28.097783,20.265191,23.917013,26.997841,15.862815,25.154166,21.142542,22.369882,25.059485,20.254024,27.944924,26.874249,11.744006,24.718895,27.205111,25.296679,23.835597,20.751609,26.820716,23.289755,28.837602,24.724244,28.283497,25.347464,26.969673,24.855962,26.311249,19.373958,25.904586,0.000000,22.451014,28.005590,27.428897,28.063535,27.583656,26.799324,15.994815,21.430690,22.771614,24.302589,29.186833,28.580473,29.174303,13.794208,17.729267,28.677938,28.186619,16.631682,25.301126,28.582206,27.028705,28.716093,28.332812,28.123291,17.804031,24.769337,22.677569,28.004859,26.072885,28.915163,24.433276,20.933368,25.266431,24.332855,27.374257,24.688051,24.895096,28.970280,25.586857,24.619894,28.591105,24.564862,27.080672,24.800796,29.389141,27.837276,29.257249,24.285146,25.473094,28.750941,26.371603,28.533996,24.740437,27.912015,25.150867,24.781821
WinMart+,32.057735,34.433354,27.658356,25.587296,32.620070,29.904279,33.370409,26.440301,30.127536,30.932599,30.980251,33.242393,30.164304,23.984121,31.064987,31.359113,26.048433,30.564495,26.541103,32.267465,32.965769,30.982671,29.169078,31.024247,28.989468,29.782065,31.585007,25.473841,27.254127,30.035839,27.327282,30.652279,23.319093,30.249188,24.560846,31.700480,31.223793,28.155279,28.816298,27.392529,32.596062,32.898781,29.416237,23.861325,27.739742,28.831952,32.693399,25.836194,29.965442,28.809486,32.435347,30.932099,26.677569,29.372359,31.388336,19.852201,27.863165,26.145110,29.978562,28.794603,25.803624,29.251569,32.377233,29.879212,30.651903,28.854598,29.774638,35.915003,30.810942,27.981636,0.000000,29.199470,25.638355,23.965303,31.555991,30.275679,35.455397,31.937730,29.032206,27.859167,32.830166,32.140552,33.327886,32.223163,23.522933,23.485672,31.750333,26.333176,19.201426,31.925051,28.204731,32.245013,31.577728,31.295461,24.161479,28.820139,27.671795,31.233209,20.758995,32.316117,28.532091,20.558690,26.169400,28.488568,29.225212,28.996551,29.136924,32.310578,28.678623,26.505680,31.673906,28.455567,29.582471,28.809532,31.679122,29.068733,31.277345,28.930303,27.396241,31.734257,24.757703,30.008666,22.947882,29.119308,23.473700,29.357061
Không có tên,28.585537,30.541226,27.016964,28.255678,30.013506,24.781020,27.094382,31.258601,26.929722,26.392032,25.415195,30.250967,25.043633,26.420805,27.921039,25.094804,30.451708,23.974513,19.719767,29.770641,28.038138,31.182376,27.655800,29.502878,26.550750,21.509930,26.527037,28.094728,30.626152,26.040237,25.319005,29.845089,27.978068,20.959356,27.696616,25.995154,25.166004,27.293861,22.094290,28.421065,28.486860,31.018701,25.169208,26.688194,27.472496,21.865347,30.952664,28.814126,24.616149,23.690837,28.288695,22.319318,26.555281,24.730533,26.355403,25.208114,24.251790,26.033723,14.273273,28.132869,29.705355,24.408603,20.877068,25.873340,23.413385,24.698324,25.180238,33.774927,23.783279,28.169263,28.469509,0.000000,27.743808,28.597585,23.673034,25.938155,33.605877,30.853149,23.477982,23.941100,27.694622,25.537788,31.053139,30.736013,25.850866,29.340066,24.154167,27.386462,27.159346,26.184725,22.620140,26.268149,25.554602,25.299315,26.297267,25.177543,24.867868,24.672041,26.100936,27.263649,23.655329,25.132953,24.779082,23.877775,23.858636,25.005851,25.246911,27.601139,24.080509,22.767726,26.870236,27.765877,26.498831,25.213970,29.151762,25.129970,28.871986,23.444696,23.649413,27.405835,26.420815,27.230387,24.634263,25.874721,25.061733,27.236200
Quan an Nam Nhu 1,35.069168,38.303067,30.630219,25.396921,27.947508,32.417930,37.953307,26.536256,26.178601,33.933118,26.357460,37.266157,26.805123,23.421106,26.875476,34.129346,26.016472,26.973427,23.758387,35.677087,28.543716,34.380274,32.075098,27.746832,31.186965,26.366694,34.350539,22.257517,25.674074,26.739818,29.691211,33.747086,28.021316,32.554214,29.023222,26.181802,33.838261,30.639434,30.744113,30.196665,25.960230,36.059148,31.621825,20.570822,30.001324,25.784932,35.597030,32.547763,32.005339,30.698557,26.799475,25.147165,28.883664,31.299677,25.078095,15.097803,29.505891,22.270916,23.685379,30.913707,22.630065,31.117332,27.579995,31.735597,25.969830,30.468627,25.217058,38.869520,32.835915,30.064140,23.272218,27.409071,0.000000,18.269764,26.536337,25.845034,38.122459,33.782949,30.532763,29.275068,28.591545,27.956303,28.152780,34.414215,24.316120,15.346231,27.541869,26.526940,15.240138,27.992408,29.537297,28.104162,27.742596,27.529238,24.853345,30.161973,29.009623,27.398570,16.254576,28.331024,29.893445,18.222564,27.319827,29.873644,26.776488,30.441346,30.544604,28.399012,24.674959,27.548173,28.031191,29.732522,30.957666,30.126685,28.880821,30.178028,32.647306,30.139982,28.478994,28.207309,24.123503,31.301032,22.481771,30.296045,22.914970,30.535539
WinMart+,27.775690,29.297084,26.312789,26.428496,29.677266,27.116359,37.406584,28.330564,27.087446,28.611116,27.569389,36.904215,28.017462,23.911398,28.035123,27.623210,27.870597,28.172895,24.123829,35.663579,30.203594,34.620588,32.693448,29.012988,28.228185,27.331278,34.520883,22.543928,27.636090,27.754013,30.561918,34.086958,24.683340,32.990247,24.010409,27.186062,34.109709,31.400684,27.698053,31.130588,26.982570,35.969218,32.176054,19.974307,30.826556,26.512389,35.598437,33.489286,25.509522,31.317918,27.888816,25.811891,29.837152,26.589859,25.797427,11.599086,26.790761,26.653912,24.009368,31.555583,23.539292,31.682564,28.725343,27.165656,26.697970,25.837732,25.966715,38.316999,33.194227,30.838189,24.356821,28.266522,18.259241,0.000000,27.440887,26.515965,37.728980,34.027172,27.132296,29.924556,29.760030,28.997154,29.425374,34.599817,25.878787,21.130471,28.519094,28.228633,11.540937,28.966328,27.075220,29.161880,28.643624,28.391596,26.485753,27.661707,27.508689,28.252149,16.302829,29.380035,27.271328,19.564721,27.145355,27.076872,27.490260,27.762277,27.885974,29.438536,25.122712,28.218496,28.933787,29.057070,28.393982,27.658510,29.849318,27.171550,29.685479,26.553476,26.425227,29.102271,24.487636,28.806566,22.735285,28.081564,23.181308,28.593222
Taste Tea,26.762678,28.537540,25.424600,26.542890,27.619915,25.489097,25.683107,29.225172,24.672066,27.911231,22.413449,28.789764,26.350846,24.110677,24.947594,26.883904,28.831510,23.333671,22.322161,28.464786,23.833375,29.917890,26.402147,26.589339,27.172376,25.866549,27.764306,28.023444,28.292862,24.515313,26.397472,28.633606,26.484449,20.932740,26.169842,23.992913,26.313296,26.100845,21.913028,27.400856,21.084620,29.799350,26.298639,27.726488,26.464514,21.569640,29.808461,27.416636,20.313187,24.767589,21.182252,16.696265,25.575967,25.327313,20.409899,23.889044,24.980286,24.748786,18.377459,27.061658,27.970047,24.957789,23.877333,26.369148,18.432206,25.334376,18.360611,32.597905,24.333463,27.238649,27.389335,25.597138,26.433078,27.067705,0.000000,19.592989,32.463642,30.070008,24.272821,24.562587,24.418955,26.447903,24.711744,29.836165,25.053777,27.885521,24.377303,26.399133,25.148145,26.679887,23.642872,26.928007,21.372172,25.998708,25.466835,25.561584,25.295123,23.351410,26.709917,23.982062,24.406504,23.889246,25.137540,24.465124,24.186486,25.469450,25.317994,27.721528,17.294286,23.276073,26.668204,27.472245,26.715247,25.591577,28.744219,25.416588,28.506825,25.954539,24.207581,27.245967,26.321899,27.097331,24.530678,25.956803,24.964099,27.111560
WinMart+,26.354430,27.745039,25.241925,26.147435,26.852812,23.132969,25.439547,28.215350,24.544975,24.583111,23.191954,28.048593,23.117826,24.470348,24.709105,23.715134,28.028196,22.021150,19.102947,27.830753,24.494138,29.069426,26.070441,24.804692,24.988857,20.404434,24.964314,26.332852,27.979395,22.570170,24.110722,28.006330,26.474666,25.226107,26.191668,23.175388,24.019010,25.840887,20.941763,27.010916,21.327589,29.010249,24.036550,25.173443,26.175607,19.776809,29.062105,27.311957,24.655548,22.902291,18.708953,17.808306,25.382313,24.754728,20.948370,24.068244,24.311609,24.857634,21.607357,26.722415,27.765309,24.474654,21.475084,25.780372,20.247849,24.582089,19.443901,31.477454,23.757187,26.881920,27.290790,24.637669,26.381760,26.953654,16.856891,0.000000,31.428756,29.493372,23.603561,24.025709,21.389873,25.301909,23.481853,29.204167,25.149450,27.687949,22.531843,26.394231,24.643409,25.910713,22.826977,25.878458,16.338277,25.129116,25.541655,25.043279,24.760539,19.544424,24.997728,21.273799,23.685546,23.732326,24.687598,23.845751,23.630474,24.876268,24.920708,26.799352,18.543106,22.831221,26.297173,27.244179,26.259662,25.082828,27.371584,25.024761,27.182511,23.304968,23.749192,25.713170,26.058860,25.840534,24.388898,24.720537,24.806243,26.088624
WinMart+,33.173463,37.370241,30.612015,31.468735,34.182391,30.417796,35.022573,34.834231,30.604197,32.027951,31.750867,32.708138,30.749613,30.480255,31.930540,30.069265,33.497864,31.155800,25.964744,31.607483,34.328836,34.019590,28.336118,31.739144,28.399858,30.099661,31.008977,31.929989,33.364127,30.420599,26.493328,24.152070,27.221821,29.799040,27.719886,32.593274,30.845931,27.634852,28.252989,29.970118,33.595672,28.956990,28.599072,31.425916,19.489683,28.926029,29.081982,28.879373,29.303742,24.313430,33.531189,31.440668,16.781424,28.749441,31.883999,28.434362,27.211074,25.097599,30.181793,27.624976,33.782577,28.703844,33.440281,29.400595,30.980124,28.511402,30.547325,24.043039,30.593270,16.130555,27.346923,31.921079,30.864050,32.131273,32.257137,30.629015,0.000000,23.674303,25.677177,24.960842,33.835637,32.975859,34.637839,17.730015,18.526003,32.681063,32.547709,17.740816,28.104025,32.666797,30.186958,33.171122,32.157810,31.946210,18.746012,29.713432,29.541356,31.762856,29.015287,33.231549,27.408484,25.158269,27.204955,27.396786,30.893849,27.899102,28.072381,33.216057,28.561649,26.387644,32.417859,27.459183,29.337060,27.800952,33.115651,30.503259,32.897304,26.896154,27.054530,32.437161,28.286722,31.855003,26.217852,30.979480,26.640542,27.391419
Trường Cao đẳng Hà Nội,29.303966,30.669255,28.030731,28.729709,29.876192,27.754680,29.864616,30.456879,28.241580,28.294108,28.793162,28.462561,28.127852,28.042498,28.934087,27.437782,30.093217,28.663813,25.148618,28.191503,30.442978,27.674805,15.711294,29.183167,18.326439,28.107597,18.312005,29.347311,30.260277,28.371968,17.144493,24.498286,25.999839,19.033199,26.399128,29.628080,18.548830,15.088652,19.151836,27.540294,30.459206,16.914066,18.121134,29.074196,22.075374,27.465821,16.225346,27.053631,23.227042,18.275740,30.345624,29.164812,20.857352,23.090530,29.405988,27.022751,19.386059,24.428108,23.355607,15.928011,30.815842,24.572313,30.463299,23.778932,29.000114,23.448350,28.530891,22.923188,25.329758,21.476953,26.166884,24.325870,28.980640,29.750518,29.794575,28.848752,24.413392,0.000000,23.951036,21.030219,31.075488,30.499699,31.280644,22.872650,20.741450,30.244556,30.141240,20.819341,26.838794,24.914219,23.485818,30.603958,30.133964,24.297529,21.010353,26.933225,26.721375,29.833456,27.621681,30.727469,23.840719,23.773128,23.258390,23.719829,24.925239,24.109277,24.365488,25.979504,27.372528,22.222489,25.524857,25.836475,26.118032,25.084309,26.414208,27.149529,25.701361,23.783263,23.920608,24.383670,27.714435,24.617350,25.918647,24.101246,26.315578,24.368118
TK mark,26.770125,27.772027,25.825521,26.538893,27.071301,21.439349,19.455845,28.035607,25.399106,19.854143,24.456052,20.238457,18.164470,25.219043,25.625410,18.491486,27.924178,23.550174,16.357668,19.170713,25.571694,22.736043,20.472293,25.869932,18.637518,17.126292,18.663899,26.568827,27.875830,24.296023,18.701965,21.909968,26.663232,17.076118,26.438525,24.523072,15.524371,19.235513,16.683944,21.967729,25.976613,22.863281,17.794817,25.630631,21.713036,22.555507,23.203356,23.531795,15.593445,18.568249,25.812246,22.884077,21.125608,13.268267,24.960641,24.527341,16.592782,25.217755,19.529916,21.928115,27.705991,15.576867,22.284914,12.855669,23.707474,18.943936,23.120658,25.504702,14.028393,22.204560,23.251001,20.870010,26.499260,27.004163,23.867834,23.500166,25.815529,19.832636,0.000000,19.747284,23.621941,21.091212,25.993903,24.291083,22.961014,27.591915,21.612269,23.946513,26.076310,18.218874,15.144442,21.592719,23.151297,18.215410,23.257284,20.633516,20.240793,22.554087,25.305531,21.558221,17.253413,23.666237,21.183905,18.641592,18.285870,19.613185,17.402251,19.888482,22.587953,19.774180,20.508140,20.096267,22.143089,20.803437,22.390017,22.067987,19.958752,16.796333,20.338997,18.711948,26.067812,18.522618,24.512387,18.627793,24.904180,21.567285
Hội đồng nhân dân - Ủy ban nhân dân phườ,23.041520,23.216070,22.607435,23.507077,23.862730,22.832493,21.408995,24.643405,23.015332,22.763960,23.500268,23.016518,23.739624,23.024689,25.001046,21.157465,24.868110,17.985067,15.219316,21.881079,24.936354,25.570133,22.739335,25.075990,16.716222,15.846485,21.719537,24.730288,25.434670,24.012042,21.086679,24.317090,24.850885,15.250922,25.281584,24.196762,19.669561,21.384449,14.927221,23.909453,25.234576,25.600963,19.953403,24.650897,23.695421,22.845606,25.855351,25.807221,14.677055,20.698201,25.125186,23.035607,22.948334,16.080942,24.517875,23.449983,18.933939,22.166397,20.849869,25.354238,26.272391,16.696194,22.696192,17.640893,23.598618,18.368278,23.187113,28.596973,18.433312,24.165432,25.124582,21.960074,27.463442,25.628164,23.738270,23.476585,28.751860,23.909566,18.537591,0.000000,23.540190,21.953972,25.291880,26.629735,24.334906,27.074361,22.283685,25.589203,24.483488,20.816861,18.740188,22.253079,23.239608,20.382430,24.714644,18.286827,15.608993,22.838879,25.736497,22.170872,18.874272,23.782112,15.147088,18.506448,21.394870,19.409317,19.631389,23.414972,23.769001,15.867313,22.546333,19.749528,18.555847,20.493762,24.221004,17.183559,22.752073,19.989046,17.963399,21.117160,26.517587,21.065160,24.854954,20.620618,25.258509,21.098988
Trung tâm Công nghệ Phần mềm Thủy lợi,28.077255,29.796730,26.665716,27.786478,29.192523,24.850911,26.760239,30.420143,26.476107,26.308987,25.079027,29.677454,25.095858,26.053044,27.212127,25.131951,29.834347,24.139136,20.065836,29.284506,27.229800,30.604219,27.318106,28.289467,26.500141,21.839001,26.440290,27.704408,29.947195,25.953643,25.315003,29.382799,27.651270,21.240336,27.380254,23.021084,25.200653,27.022397,22.360669,28.106049,27.709475,30.487403,25.204311,26.404115,27.205613,22.413082,30.453663,28.467575,20.527396,23.784487,22.294033,21.379367,26.336394,25.935877,24.925471,25.015466,25.627369,25.816047,18.555056,27.854560,29.223644,25.404304,25.702667,27.177473,23.845328,26.225595,22.652551,33.127568,24.877398,27.888263,28.199725,26.479181,27.444753,28.214517,24.260245,18.682384,32.969130,30.498133,24.816811,25.005304,0.000000,27.698614,27.727847,30.335163,25.740945,28.936571,24.409084,27.208260,25.739463,27.889428,24.228842,28.235868,23.748666,26.876735,26.171902,26.218515,25.937278,23.172456,25.893974,23.971477,25.076777,24.779785,25.663851,25.075874,25.349633,26.192949,26.413666,29.099866,22.689380,23.598743,28.163001,28.654131,27.477130,26.237127,29.073977,25.901997,28.809714,24.505086,24.553590,27.480142,26.337573,27.288843,24.596947,26.028679,25.014286,27.270870
WinMart+,27.900798,29.396040,26.609818,27.609010,28.775940,24.684559,26.679283,29.903450,26.410789,25.984452,25.178061,29.333691,24.860293,26.019707,27.004725,22.600957,29.462926,24.030377,18.662070,23.039000,27.011447,30.210121,27.196421,27.818884,24.425075,22.010674,23.151298,27.540584,29.533837,25.395051,22.479813,29.104088,27.513877,23.692528,27.263848,25.509346,23.238007,22.543231,21.008808,27.953453,27.433956,30.123622,21.668739,26.345586,27.105666,22.585280,30.111288,28.288601,22.642454,22.038379,27.296890,23.034240,26.288817,22.272602,25.875001,25.018983,20.875320,25.784150,17.719052,27.717428,28.945191,22.567386,22.252666,23.530728,24.271849,20.383813,23.386329,32.578063,21.282013,27.752202,28.064046,19.026656,27.309756,28.016653,24.502632,24.025364,32.459515,25.077665,20.046441,21.749504,24.744085,0.000000,27.410119,30.052383,25.750816,28.692108,21.054489,27.134809,26.789550,21.627930,17.354242,21.051369,23.529429,11.654775,26.166145,23.248366,22.757507,22.613464,25.856847,21.123410,19.825424,24.583677,23.183147,20.983125,19.774321,22.518417,19.643652,17.055901,22.649751,21.058783,22.672846,22.296700,25.245967,23.351317,24.879644,23.898996,20.881160,18.071744,21.913231,19.693326,26.331411,21.674201,24.626319,21.395197,25.038831,23.431288
Không có tên,28.863689,31.089416,27.159102,28.561244,30.679636,27.580529,27.259863,32.000559,27.151534,30.131046,24.777140,30.741704,28.873144,26.031317,28.405164,28.704762,30.994367,29.001233,23.644691,30.173223,27.547348,31.710330,27.863102,29.164851,28.906432,27.806773,29.582501,29.714375,30.597245,25.545627,27.849522,30.232337,27.818036,26.117800,27.515671,29.303437,27.728211,27.441009,28.229195,28.645747,24.060525,31.504587,27.694399,29.299290,27.638977,23.379661,31.401737,28.707797,25.412283,25.834847,27.327473,23.266117,26.663966,27.822324,24.614492,24.963236,27.742995,25.824776,20.326409,28.318247,29.636760,27.061289,30.164275,29.060540,22.220452,28.513633,20.449234,34.432819,26.773734,28.368099,28.380054,28.922332,27.613241,28.487842,17.838689,22.726389,34.186686,31.161148,26.960599,26.789728,25.789323,30.264773,0.000000,31.094389,25.698384,29.277159,25.513304,27.264523,25.783582,30.078341,26.735532,30.625194,24.041476,29.105669,26.150258,27.961174,27.729600,24.635950,25.913165,25.091155,27.305783,25.040490,27.228760,27.096974,27.695823,28.113861,28.288012,30.994995,20.597357,25.117865,30.005417,30.018379,29.042090,27.957600,31.340327,27.297034,31.058923,26.389281,26.126619,30.197348,26.568065,29.651247,24.712380,28.482748,25.145650,29.272158
Cafe Dinh,29.266118,31.135109,27.851596,28.685171,30.098539,27.487644,30.370077,30.811038,28.102104,28.148806,28.758419,28.528850,27.966994,28.086797,28.941415,27.108255,30.315518,28.607030,24.758085,28.225000,30.760157,27.483180,25.920223,29.221451,26.335062,27.956345,27.949991,29.630205,30.486097,28.267065,24.533466,22.760990,25.708573,27.434417,26.184013,29.748411,28.047407,25.433642,26.451670,27.472961,30.749137,24.948291,26.472938,29.315719,19.232129,27.243918,25.418860,26.837173,27.439220,22.883234,30.588897,29.229477,17.028326,26.996791,29.643172,27.049779,25.835750,24.044308,28.656773,25.258084,31.289936,26.943664,30.704898,27.557927,29.110959,26.825786,28.462840,22.205739,28.272067,13.510690,23.777952,29.919589,29.231320,30.117185,29.915097,28.817242,17.611853,22.945615,24.581134,26.083200,31.365499,30.695507,31.659182,0.000000,16.686994,30.674441,30.295205,14.604917,26.878828,30.571459,28.791672,30.819216,30.260986,30.000057,16.705901,28.458249,24.349032,29.917349,24.077449,30.945867,26.119103,22.123254,26.194561,26.041618,29.138667,26.451121,26.628635,30.975103,27.359521,25.540133,30.432744,26.174899,28.040000,26.450566,31.147319,28.904370,30.982222,25.764454,26.303011,30.538407,25.325742,30.161906,23.811056,29.492961,24.222819,26.230667
Trường Trung học cơ sở Yên Mỹ,28.827753,29.665879,26.025851,24.870685,29.159933,27.611795,28.486712,25.260411,27.992956,27.970930,28.394900,28.793695,27.885134,23.715476,28.504649,28.390888,24.986336,28.319114,25.621525,28.548033,29.628701,27.694581,26.795318,28.732511,27.144665,27.891607,28.487569,24.545128,25.556682,28.101963,25.934827,27.671909,23.281044,27.937336,23.914392,29.053673,28.391704,26.450444,27.172270,25.771872,29.736542,29.110761,27.426653,24.464396,26.094623,27.392362,29.151350,24.366084,27.923410,27.191648,29.615360,28.769248,16.553463,27.581528,29.031576,23.134002,26.647916,19.426576,28.424763,27.038053,26.903552,27.522875,29.748973,27.978489,28.720486,27.371835,25.685936,31.164870,28.479858,16.324263,23.526154,27.745895,26.582217,25.902533,29.239292,28.517440,17.427121,29.464570,27.594901,26.763405,30.294507,29.835913,30.382436,16.461204,0.000000,25.886378,29.547049,12.601684,22.861977,29.786290,27.080247,29.923938,29.581448,29.395270,11.183808,27.510574,26.639145,29.333521,24.079051,30.040779,27.297219,22.573169,25.572570,27.233757,27.888818,27.590915,27.721629,30.065830,27.411526,25.891808,29.718751,27.282759,28.080940,27.533062,29.778676,27.888928,29.387037,27.703271,26.587316,29.824839,25.406825,28.484945,23.746095,27.883115,24.183656,28.063890
WinMart+,36.131679,39.544368,31.841793,27.288381,30.218666,27.694926,39.476072,29.182165,27.653445,35.062427,28.253296,38.646028,28.600636,24.970810,28.581339,35.189837,28.906484,28.721638,24.749168,36.914709,30.648318,35.665399,33.255715,29.467194,32.117676,27.883058,35.401021,24.527334,28.826689,28.269233,30.726258,34.953485,30.099573,33.505355,30.945786,27.786156,34.873688,31.710713,28.150731,31.410009,27.637151,37.228204,32.565800,22.466304,31.010707,27.019257,36.699251,35.161661,32.888640,31.546046,28.410754,26.387908,29.867800,32.151185,26.437376,15.253750,27.224552,25.387789,24.537788,31.846101,26.574700,31.953983,29.152144,32.559022,27.174623,31.215840,26.576456,39.912269,33.696879,31.013970,24.721740,28.609457,22.337525,21.134688,27.917410,26.966099,39.090565,34.579602,31.246399,29.974600,30.083061,29.346748,29.811198,35.317006,26.170945,0.000000,28.894885,28.852107,13.683662,29.295492,27.442061,29.500324,28.979047,28.720261,26.863037,30.824050,29.686438,28.598163,14.149594,29.692507,27.616112,19.615292,27.940955,30.560893,27.839723,31.141730,31.236235,29.745902,25.574148,28.126909,29.236268,29.311618,31.628878,30.787185,30.093736,30.758149,29.929222,30.758848,29.064463,29.390244,24.579677,29.073206,22.728601,28.364630,23.198654,31.141593
Coffee Cây,28.424961,29.930328,27.116576,28.125979,29.409638,25.396743,27.137555,30.430914,27.074555,26.608914,25.922858,29.748717,25.653084,26.605830,27.815981,25.535024,29.900346,24.946384,21.027851,29.383165,27.881007,30.554690,27.601392,28.808447,25.409796,22.821280,26.664856,27.972475,30.003273,26.600226,25.632051,29.460572,27.887951,24.927373,27.648799,26.460130,24.255426,27.329417,23.035613,28.279164,28.201114,30.464292,22.788467,26.788017,27.446622,23.913658,30.430674,28.625280,24.140674,23.022660,22.130787,21.502967,26.634219,24.175239,24.029244,25.387622,23.516250,26.135267,19.515504,28.069513,29.328377,23.948253,24.066187,25.440154,23.022622,23.862565,22.460403,32.853813,23.143201,28.060962,28.330104,23.802378,27.640825,28.375576,23.318299,22.418451,32.734564,30.480763,22.673583,23.385523,21.828302,24.444801,27.222725,30.318361,25.989635,29.019350,0.000000,27.408619,27.061649,25.607361,21.469914,25.512419,21.615426,24.576876,26.405111,24.717915,24.361474,19.286070,26.181731,17.427582,22.795338,24.863974,24.363804,23.171233,18.822238,24.447260,21.456552,21.418660,17.758384,22.279133,22.177758,24.803296,26.246419,24.772209,25.811763,24.803931,25.644399,20.265919,23.178732,23.388456,26.480062,24.125202,24.764949,22.779749,25.172470,24.825150
Trường Mầm non Tứ Hiệp (điểm Đồng Trì),30.980059,32.415822,27.750559,26.212810,31.417107,29.496407,31.071335,26.979866,29.698239,30.167870,30.283602,31.234635,29.723448,24.823712,30.421641,30.501212,26.687707,30.042514,26.655495,30.719022,31.686425,29.759834,28.543020,30.467553,28.843106,29.408892,30.663485,26.091770,27.572235,29.629527,27.612883,29.613653,25.089996,29.776611,25.772520,30.880627,30.436903,28.184680,28.691773,27.363415,31.517088,31.359405,29.160695,25.931209,16.029534,28.682230,31.283269,26.782924,29.383243,28.632035,31.506341,30.278440,15.042024,29.008816,30.509408,24.348318,27.871976,20.329817,29.596572,28.723681,28.790849,28.990743,31.569472,29.476182,30.037310,28.814293,27.023391,16.743378,30.278071,14.500244,25.810771,29.117031,28.709991,27.838497,30.841177,29.863832,15.852250,18.481714,28.846989,27.914052,32.013374,31.456530,32.309274,13.982048,12.546649,28.022878,31.174535,0.000000,24.143247,31.317717,28.083626,31.578566,30.980692,30.869704,11.988698,28.806343,27.865691,30.707091,25.619932,31.660304,28.565388,24.852818,26.596382,28.543571,29.175150,28.961015,29.082728,31.671647,28.404600,21.669646,31.202580,28.525999,29.453448,28.821189,31.226363,23.759429,30.859963,28.934484,27.530481,31.272300,26.008129,29.831275,24.144665,29.046773,24.597040,29.301997
Trường Mầm non Lĩnh Nam (cơ sở 2),29.787938,31.053769,26.529387,23.044816,25.248272,24.167492,29.970721,23.586498,24.206856,28.849935,24.006253,30.081191,24.535275,21.398557,24.688567,29.248867,22.925377,24.744965,22.287552,29.638009,25.979126,28.718981,27.569822,25.533641,27.631588,24.354265,29.355678,19.700487,22.426816,24.715893,26.277037,28.562641,23.415385,28.545054,24.177309,26.117018,29.151750,26.872167,24.931897,26.241203,25.938810,30.133747,27.910118,18.300067,26.610356,24.051832,30.094024,24.819798,28.400212,27.537826,26.013831,25.204931,25.875002,27.970508,24.620503,14.271127,24.465616,19.640255,22.357686,27.424748,19.173238,27.880792,27.235403,28.381890,25.407808,26.950258,25.479269,32.416656,29.021787,26.799254,19.566772,27.089130,16.342252,15.645417,25.903836,25.296719,32.254169,30.021465,27.813817,26.875998,28.084771,27.548765,27.045833,30.049294,23.092218,13.599828,27.186569,24.689426,0.000000,27.580555,26.219600,27.663584,25.519709,27.181683,23.470595,27.664063,26.708400,25.613334,12.450105,27.856451,26.366673,13.682613,25.485398,27.367761,26.513687,27.767060,26.860692,27.908896,24.205866,25.788405,27.600099,27.804153,28.269291,27.647256,28.349474,27.952604,28.238601,25.828177,26.535678,27.752858,22.730753,27.594694,21.389714,27.032797,21.803073,27.485092
Chợ Nhân Chính,27.985893,29.280204,26.798378,27.697936,28.716565,25.162256,26.830442,29.696913,26.679820,24.329343,25.623488,24.342361,25.355327,26.273185,27.216934,22.315363,29.333824,24.710819,18.479326,23.595011,27.244678,29.999707,23.870816,27.925593,23.948373,19.315262,23.771026,27.599687,29.395253,26.021953,22.991707,29.010238,27.567923,23.204071,27.339122,26.003912,22.521691,22.996029,20.601558,27.965426,27.572545,29.944013,22.179640,26.510512,27.180979,23.748127,29.937249,29.029922,22.179786,22.512042,27.467770,23.899500,26.416514,21.719099,26.209722,25.204811,20.311020,25.925513,20.029894,25.913974,28.867878,21.599578,23.806154,22.700667,24.961386,19.676818,23.988376,32.180434,22.740585,27.770068,27.856451,22.417244,27.342760,28.003220,25.156843,24.848982,32.093919,24.714028,18.258325,20.649572,25.761462,22.257958,27.539794,29.906847,26.503135,28.621408,22.954051,27.986811,26.811151,0.000000,14.521086,21.458732,24.486083,18.238811,26.952056,22.075434,21.547033,21.327765,25.982343,20.867696,16.400563,24.522183,22.338455,19.502963,17.084640,20.984648,16.720378,21.732244,22.463177,20.362852,21.722144,22.496562,24.188807,22.235909,24.771282,23.223781,19.608239,17.461837,21.116113,18.398264,26.391838,20.861591,24.728195,20.649917,25.130657,22.522958
Cục Sở hữu Trí tuệ,25.384721,26.195537,24.666505,25.210261,25.436266,22.969581,21.940571,26.389250,24.041714,22.827743,23.180854,23.070251,22.937421,24.076413,24.049024,21.819709,26.443821,22.283861,18.000454,22.351971,23.904105,24.784298,22.841106,23.992172,21.634735,18.551745,22.190184,25.457599,26.328804,22.620659,21.741454,23.956296,26.617793,20.960367,25.437853,23.018064,21.102348,21.881077,19.089647,25.528524,24.339775,24.796439,21.035068,24.640300,23.529401,21.222382,25.007418,27.552924,18.850551,21.467468,24.189144,21.700553,22.954414,19.688019,23.668080,23.728639,18.608581,24.388945,18.701240,24.688961,26.484355,20.107868,20.795445,19.820795,22.398871,17.904307,22.111722,26.897756,20.900780,23.889285,26.701713,19.398365,25.554578,25.919682,22.480455,22.059935,27.084653,23.617727,17.274921,19.277685,21.763906,24.604700,24.455507,25.743332,25.723369,26.486819,22.596670,26.818269,25.234065,15.027997,0.000000,23.131676,21.732437,15.952612,26.028233,19.712503,19.336032,23.113568,24.506788,23.339806,13.052573,22.691255,20.452279,14.666450,16.881298,18.571713,14.172989,22.543756,23.578443,19.240256,20.777048,17.472554,21.150143,19.907634,23.273766,21.413215,18.984963,14.848775,19.702402,18.358917,25.647081,17.058371,24.206068,17.400842,24.587196,19.410994
WinMart+,28.969545,30.762446,27.493915,28.662238,30.348834,25.651815,27.508871,31.411993,27.593217,27.030680,26.305086,30.429497,25.998897,27.015349,28.618150,25.758791,30.642567,25.234486,20.803027,29.968639,28.800339,31.252510,27.992755,30.142074,24.811131,22.762181,27.043586,28.427258,30.814176,27.499800,25.852947,30.018218,28.269289,24.266203,28.014770,27.100606,23.733069,27.645541,22.255730,28.659337,29.096816,31.118322,25.698436,27.111926,27.758296,24.096236,31.047479,29.037726,23.441850,22.571745,28.936987,23.728596,26.877680,23.343137,27.140174,25.592344,22.536510,26.371376,18.536778,28.389665,29.912997,23.305497,24.399484,24.472716,24.692903,22.708141,25.970650,33.665540,22.440724,28.397706,28.650218,22.393476,27.989814,28.840169,24.913994,23.052415,33.517343,30.918163,21.752895,22.696167,24.755458,22.247417,31.248919,30.816486,26.099727,29.514196,19.722525,27.602401,27.359328,20.521010,20.300624,0.000000,22.568054,19.737454,26.541385,24.031591,23.658948,20.876896,26.406861,19.903105,23.027657,25.259382,23.815298,25.608925,17.790723,23.633673,21.607080,24.132583,23.390169,21.781351,22.828430,26.005565,25.587365,23.852561,25.985400,24.341021,23.204264,20.083536,22.623043,22.687840,26.558205,23.815101,24.787411,22.197308,25.205008,24.749584
Kho bạc Nhà nước Đống Đa,26.803431,28.062998,25.728974,26.584455,27.322585,23.966349,25.858611,28.486075,25.258128,25.215231,24.098479,28.269048,24.050660,25.074826,25.540144,24.356530,28.297011,23.216660,20.095120,28.048658,25.456472,29.179840,26.405012,25.855791,25.721652,21.553369,25.462406,26.674363,28.266279,24.129158,24.614515,28.193565,26.758703,25.328003,26.508049,21.041107,24.636532,26.198172,23.738754,27.236657,19.754645,29.135674,24.542836,25.584923,26.442936,21.748011,29.171796,27.533890,24.699532,23.484461,21.563165,20.957319,25.690778,24.814896,19.185771,24.429146,24.324658,25.181375,21.240697,26.984445,27.992483,24.487866,23.556754,25.983819,22.430348,24.662928,18.290389,31.426236,23.735102,27.097006,27.452467,24.735398,26.618669,27.198127,15.861471,14.436855,31.377398,29.556658,23.538378,24.013678,20.066775,25.581125,22.758168,29.277361,25.374223,27.864448,22.084288,26.604212,23.616567,26.243378,22.662232,26.278704,0.000000,25.297025,25.762091,25.143762,24.830849,18.072540,25.285521,20.672822,23.647126,23.860352,24.738082,23.827540,23.581243,24.974772,25.020031,27.295134,15.879892,22.761623,26.613426,27.570171,26.484533,25.182309,27.793103,25.091018,27.560806,23.245329,23.718519,25.935298,26.066590,26.035949,24.438471,24.789372,24.845917,26.261969
Tịnh Cafe,28.491295,29.902913,27.235629,28.198640,29.414283,25.643446,27.233420,30.367836,27.231120,26.776862,26.159906,29.718900,25.911999,26.751106,27.941990,25.730405,29.876758,25.290697,18.470328,22.952679,28.012172,30.483691,27.667993,28.870761,23.082366,23.229592,23.067152,28.028943,29.969982,26.896547,22.488221,29.443092,27.939423,22.389406,27.710986,26.709047,21.946241,22.521113,20.208881,28.314850,28.290421,30.410185,21.743245,26.892371,27.503311,24.459556,30.382021,28.650975,21.496696,22.059541,28.181976,22.948392,26.716981,21.019522,26.793891,25.499194,19.866357,26.222101,20.574530,28.117154,29.322557,21.047336,24.752012,21.580815,23.989796,19.358103,25.867090,32.704171,21.993928,28.091774,28.350283,21.303104,27.681274,28.400743,24.198490,22.880181,32.601381,24.142938,18.329248,20.246800,24.218501,23.909692,30.116595,30.275637,26.069166,29.013174,19.996938,27.461986,27.096354,18.626482,15.777637,20.817135,22.443018,0.000000,26.479754,21.334245,20.927176,20.940326,26.263410,20.194274,16.736630,24.851339,21.740114,18.580414,17.434397,20.391319,16.979946,21.324834,22.429564,20.142778,21.877030,22.587894,22.944867,21.494447,24.836925,22.578646,19.772974,17.594477,20.729812,21.553406,26.522386,20.974247,24.822598,20.719375,25.225256,22.588190
Trường Mầm non Yên Mỹ,29.725429,30.766626,26.763409,25.462436,30.081183,28.392216,29.528971,25.952571,28.722386,28.869312,29.200275,29.787089,28.652721,24.160951,29.293656,29.271437,25.700731,29.057182,26.052330,29.442104,30.528048,28.541317,27.511699,29.460021,27.855569,28.572593,29.384832,25.165082,26.389617,28.783720,26.623552,28.473363,23.984840,28.714132,24.643199,29.847967,29.254255,27.184422,27.832998,26.421084,30.549178,30.097981,28.156724,25.058923,26.672293,27.985354,30.091527,25.306489,28.537481,27.848467,30.427501,29.465648,16.631951,28.218911,29.658552,23.622581,27.215629,19.764729,28.969021,27.741787,27.679880,28.191356,30.518550,28.663752,29.301130,27.974535,26.239208,32.255610,29.234657,16.404795,24.406549,28.323698,27.444712,26.688696,29.963594,29.145776,17.650733,30.216332,28.180427,27.300378,31.030454,30.540054,31.197825,16.590544,11.440620,26.747560,30.239950,12.264639,23.380645,30.459033,27.519432,30.622101,30.228461,30.025203,0.000000,28.055602,27.158433,29.970454,24.701517,30.729511,27.841226,23.466382,26.002141,27.787069,28.433186,28.166284,28.292749,30.750130,27.841009,26.308092,30.350362,27.805236,28.662143,28.078212,30.394436,28.385662,30.017751,28.227609,27.038066,30.442986,25.667355,29.058920,23.914388,28.404174,24.362356,28.594232
WinMart+,27.933221,24.748042,26.834073,27.649683,28.670628,24.397415,22.790977,29.555771,26.767191,24.685910,25.854825,24.626130,25.644822,26.354228,27.316536,23.153094,29.107500,25.110415,19.458698,23.776545,27.305058,26.573280,24.027576,27.925097,24.487156,20.258150,24.224315,27.518473,29.150906,26.336848,23.091303,25.347625,28.398002,23.912288,28.752463,26.249507,22.499250,23.007261,21.825450,26.963257,27.558752,26.577888,22.069417,26.516656,24.589097,24.421898,26.739330,29.781660,19.096351,22.460921,27.479634,24.407294,23.853277,22.902592,26.342908,25.235914,22.014816,24.996259,21.418712,26.236020,28.662840,21.347570,24.697251,23.984094,25.333069,22.085724,24.436503,29.292670,23.050986,24.963738,28.344923,23.988708,27.224965,27.849754,25.507927,25.306984,29.416021,24.899093,16.985492,20.055557,26.275129,23.439276,27.575120,27.236713,26.705541,28.410680,24.014825,28.380883,26.689461,22.173263,17.898521,23.978158,25.019066,20.982478,27.199420,0.000000,20.474159,24.378370,28.405129,23.603522,18.141850,26.642306,21.775790,17.459928,22.721980,19.227366,19.675384,25.999234,25.350791,19.603150,24.635209,19.904684,24.011939,21.366780,27.237734,22.943894,25.228144,20.209075,20.319788,21.887454,27.851635,22.016850,25.949751,21.083510,26.354513,21.920231
5050 Rooftop Cafe & Pub,22.193324,22.342517,26.385455,27.076256,27.858846,21.921686,20.761910,28.689047,26.225753,21.767462,25.407653,21.897746,25.223817,25.885972,26.607409,20.518545,28.371743,24.721190,15.703067,20.962411,26.535014,24.081844,21.811713,26.975289,17.086804,16.256281,20.909280,27.001649,28.374167,25.618688,20.515088,23.158229,27.799303,16.012957,28.133462,25.642453,19.296735,20.759180,21.912684,22.978876,26.792334,24.169868,19.580876,26.115387,22.757597,24.055553,24.432764,28.975323,15.843242,20.132949,26.733059,24.099665,22.137252,22.771357,25.793371,24.944506,22.055752,24.743644,21.569141,24.423243,28.039746,17.287178,24.220003,23.575738,24.860340,22.137905,24.207501,26.804611,18.502358,23.192087,27.788673,23.563171,26.800836,27.325966,25.023854,24.806928,27.069481,22.862753,18.762437,15.196490,25.421398,23.203931,26.871936,25.279293,26.421013,27.852125,23.669591,27.944550,26.312897,22.189302,18.978204,23.648564,24.555840,21.292374,26.868052,18.816932,0.000000,24.029820,27.899417,23.384409,19.233431,25.942787,16.417523,18.806612,22.633537,20.286266,20.416778,25.250349,24.922991,16.420770,24.143287,20.462039,23.496786,21.614453,26.268985,18.093907,24.577751,20.608014,20.670001,21.966975,27.645360,22.080843,25.844698,21.298654,26.234375,22.000022
Thuế cơ sở 4 thành phố Hà Nội,26.872475,28.123373,25.794609,26.656577,27.404933,24.076074,25.920331,28.548233,25.363174,25.304514,24.214555,28.316010,24.172246,25.159235,25.661833,24.441132,28.355037,23.365206,20.207518,28.096319,25.589243,29.216382,26.457816,25.999190,25.806666,21.688504,25.536394,26.733000,28.330210,24.315395,24.683730,28.236203,26.812295,25.418600,26.561812,22.460088,24.711250,26.251700,23.850722,27.279690,26.075917,29.174232,24.617641,25.649212,26.490954,21.957721,29.210392,27.577572,24.796507,23.550530,21.802576,21.214641,25.733261,24.922937,23.790941,24.484909,24.459551,25.227785,20.872088,27.027613,28.041454,24.580503,23.785465,26.102835,22.681560,24.817297,22.197062,31.448376,23.841305,27.134797,27.484767,24.911155,26.665599,27.240493,22.982190,20.460928,31.404879,29.579846,23.668381,24.111835,20.836802,25.804872,25.776810,29.305070,25.413266,27.906847,18.604913,26.642271,25.177739,26.408835,22.823463,22.515520,19.564665,22.104564,25.796364,25.244951,24.932334,0.000000,25.332230,16.904620,23.021961,23.886969,24.823805,24.935673,19.463690,25.092347,21.946480,22.358351,15.123105,22.836914,22.841254,25.214113,26.575622,23.656847,26.544154,25.166186,26.333680,20.639304,23.801112,24.133553,26.089548,24.690529,24.460984,23.331366,24.863520,25.261803
Trường Trung học cơ sở Lĩnh Nam,34.186024,36.518407,30.598212,25.768571,28.068691,32.055546,36.039849,26.852382,26.389864,33.227024,26.612682,35.665081,27.001769,23.972039,27.051159,33.434203,26.449682,27.151149,24.082565,34.566843,28.608122,33.542029,31.754799,27.848897,31.028119,26.563648,33.579905,23.239958,26.187563,26.909518,29.771864,33.075983,28.730311,32.177226,29.418568,26.404860,33.205798,30.567086,26.929137,30.224836,26.221174,34.910913,31.394110,21.819230,30.044566,25.982623,34.596734,31.806744,31.733841,30.615184,26.966576,25.398338,29.091616,31.134929,25.365504,17.162248,26.244866,25.489873,23.950463,30.785832,23.912677,30.974280,27.674913,31.506691,26.144088,30.397255,26.735983,37.251449,32.413855,30.083348,22.514210,27.471798,23.955358,20.879964,26.691509,26.007255,36.734608,33.283380,30.461616,29.343624,28.602860,28.006205,28.206439,33.757692,24.943283,19.057466,27.612651,27.077216,12.877582,28.031106,26.520785,28.140797,27.787592,27.583942,25.477866,30.109837,29.083010,27.464832,0.000000,28.345876,26.694190,16.781202,27.546249,29.857472,26.858874,30.360827,30.459468,28.407708,24.868728,27.733599,28.051474,29.726077,30.821465,30.083563,28.855619,30.116852,28.728387,30.090570,28.583045,28.216629,23.886164,31.133582,22.257846,27.414918,22.695628,30.441643
WinMart+,29.120003,30.731635,27.744708,28.818902,30.345510,26.163506,27.719304,31.288246,27.902891,27.362587,26.785396,30.393247,26.527761,27.317298,28.849258,26.160393,30.597215,25.933246,21.613023,29.965368,29.020866,31.143712,28.137078,30.161139,25.521168,23.593301,27.320215,28.556420,30.748584,28.033562,26.186642,30.010371,28.393538,25.082391,28.160296,27.587134,24.406236,27.824794,23.352462,28.741495,29.243725,31.032116,26.037306,27.336143,27.892699,25.244065,30.972007,29.104857,24.353463,23.185603,23.154179,22.613963,27.058699,24.430820,24.763545,25.829998,23.873719,26.565515,20.919517,28.505812,29.916980,24.152095,25.858764,25.630963,24.112928,24.309026,23.193144,33.398969,23.471033,28.485354,28.711455,24.304201,28.091511,28.900927,24.380374,22.434776,33.277187,30.869936,23.064727,23.638197,24.665783,25.035373,26.829485,30.757297,26.268137,29.522800,17.815209,27.724267,27.441501,25.888708,22.056403,23.732688,21.744169,22.686786,26.700049,24.945338,24.616511,17.499038,26.585771,0.000000,23.675052,25.273315,24.566647,25.935870,19.198496,24.735315,22.345598,23.557932,21.083199,22.497807,23.776651,26.311237,26.369980,24.214101,28.073190,24.964674,27.713550,20.718833,26.376511,25.079249,26.657505,25.480801,24.906828,23.744144,25.314601,25.962711
WinMart+,28.347780,29.466059,27.257195,28.057394,28.985036,25.960959,27.221794,29.792039,27.252769,24.261819,26.388978,24.247058,26.187405,26.809736,27.788135,23.141772,29.460089,25.722171,18.183081,23.570178,27.839631,25.863063,23.819394,28.455234,22.556749,18.890871,23.747226,27.894520,29.517409,26.994783,23.048909,24.926848,27.836851,21.842885,27.634780,26.839328,22.637241,23.036963,19.709752,28.165503,28.055984,25.920434,22.301550,26.916242,24.346952,25.187776,26.084053,28.607622,20.963877,22.595715,25.366606,25.078202,23.724330,20.411801,26.860693,25.602878,19.241860,26.266043,22.416215,25.759496,29.010971,21.874720,25.525393,20.803289,25.994588,18.615300,24.910447,28.186754,22.855524,24.679650,27.557986,20.458660,27.565393,28.190874,26.161913,23.072885,28.320700,24.617113,19.340258,21.084412,27.109980,25.064334,25.660843,26.608153,26.341909,28.735842,22.534664,27.753245,26.990643,14.894574,15.274127,23.235862,22.741619,15.993542,26.764321,21.889135,21.461826,23.119165,26.297395,23.509381,0.000000,24.625115,22.163569,17.467383,16.453704,21.011331,13.840188,22.405804,23.573966,20.445819,21.902833,17.784302,23.579478,17.838991,25.232753,22.964226,19.608286,14.434298,21.101168,18.234331,26.557252,17.100441,24.934341,17.485013,25.322118,19.957210
WinMart+,34.551056,37.484187,30.774842,26.003986,28.492211,26.371770,37.152267,27.512240,26.295841,33.518523,26.760828,36.447696,27.057718,23.916067,27.036148,33.532137,27.127886,27.110498,23.609672,34.895687,28.687545,33.777096,31.675423,27.714365,30.708334,26.320933,33.636542,23.576189,26.918138,26.621924,29.468753,33.065153,29.170605,31.846519,29.804510,26.151519,33.020886,30.252677,26.463260,29.939174,25.966377,34.959825,30.931938,21.919344,29.456226,25.421247,34.466101,33.165937,31.091768,29.924582,26.588449,24.829019,28.349595,30.416013,24.830973,16.603710,25.522714,25.813418,23.153030,30.169018,24.923121,30.189018,27.164567,30.707592,25.412143,29.526412,28.808179,37.079023,31.758708,29.260981,22.348367,26.686612,25.321794,21.671337,26.013685,25.193518,36.338395,32.385889,29.413713,28.272103,27.882617,27.242810,27.614809,32.944648,24.239140,20.058382,26.830233,26.927871,15.349204,27.166041,25.511698,27.341587,26.863090,26.662664,24.886401,28.994432,27.964953,26.515616,16.724478,27.478364,25.669976,0.000000,26.357651,28.722274,25.867703,29.227666,29.296530,27.505869,23.802542,26.448130,27.062308,28.512389,29.634179,28.856763,27.811950,28.810570,27.669313,28.803811,27.236749,27.151904,22.885478,26.886720,21.086046,26.242743,21.535699,29.106133
Cửa Hàng Tiện Lợi BV Mart,22.878018,23.120398,22.482504,26.869224,27.546568,22.735230,21.504331,28.303556,26.079988,22.714273,25.341674,22.774351,23.445235,25.763135,26.404581,21.479767,28.048310,24.724816,16.612841,21.927598,26.317384,24.757163,22.548475,26.683607,18.200471,17.193050,21.990636,26.806980,28.035930,25.491271,21.461617,23.807645,27.542205,17.252900,27.855527,25.536523,20.537976,21.582549,17.003224,23.528741,26.550009,24.828827,20.568322,25.989843,23.331885,24.139724,23.884010,28.598054,17.476006,21.023347,26.506606,24.162884,22.704173,18.037394,25.667841,24.872742,22.471759,24.702867,21.995331,25.202073,27.763069,19.026703,24.299972,23.760793,24.829568,22.619899,24.266347,27.134744,20.201662,23.730772,27.540216,23.775501,26.621548,27.099207,24.982960,24.787071,27.384340,23.480787,20.117156,14.976814,25.311946,23.437401,26.651903,26.026599,26.318037,27.599968,23.829459,27.746548,26.150947,22.724015,19.997691,23.819276,24.573438,21.890680,26.744401,20.992866,15.836958,24.115724,27.655842,23.570958,20.269553,25.575500,0.000000,19.977252,22.978863,21.324971,21.285276,25.178480,24.883247,15.170425,24.240580,21.181666,20.230082,16.895898,26.049246,17.616982,24.578840,21.185670,18.369453,22.333039,27.539167,22.484186,25.805812,21.748594,26.185245,22.371989
Đảng uỷ - HĐND - UBND phường Thanh Xuân,26.342217,23.533818,25.448745,26.110779,26.749525,23.156064,21.826104,27.681142,25.105330,23.198825,24.224567,23.233936,24.014082,24.876039,25.345314,21.883856,27.472834,23.386161,18.532640,22.381282,25.181529,25.236030,22.921835,25.498384,22.762651,19.224387,22.498585,26.167609,27.434311,24.001680,21.855485,24.213195,27.218018,22.114193,27.578580,24.252815,20.984022,21.933222,20.151338,25.934000,25.532708,25.294704,20.919087,25.288858,23.667937,22.414278,25.510257,28.383991,17.777052,21.373203,25.465895,22.708258,23.007605,20.853459,24.612159,24.240985,19.846093,24.189189,19.708529,25.209197,27.238894,19.492612,22.293844,21.318071,23.451685,19.477812,23.101472,27.888466,20.783904,24.061681,27.265090,21.096510,26.121251,26.580607,23.622200,23.268533,28.096368,23.888942,14.756427,18.277539,23.445196,21.201030,25.705771,26.185868,25.977921,27.148957,21.686911,27.494493,25.721982,18.943372,16.116052,23.974797,22.964671,18.773934,26.419287,18.954267,18.375604,22.432884,27.477412,24.086843,15.768152,25.551282,20.200795,0.000000,20.384855,16.815341,16.869577,23.606016,23.877156,18.705254,22.244783,17.740536,21.120332,11.923385,24.830452,21.506976,22.586073,18.532272,19.109625,20.212399,27.404906,19.955110,25.620219,19.440406,26.014693,20.232300
Starbucks,29.068606,30.446441,27.832999,28.769866,30.058202,26.490018,27.771952,30.879759,27.984508,27.514375,27.037369,30.140300,26.828283,27.434389,28.788430,24.577324,30.323473,26.360931,22.364049,25.040582,28.906764,30.813312,28.133409,29.797958,22.109812,24.269626,25.439671,28.510932,30.438526,28.116047,24.512692,29.817433,28.369365,21.440038,28.162601,27.738923,24.378972,24.300185,19.518102,28.685889,29.088004,30.743886,23.741616,27.417498,27.905506,25.919696,30.699847,29.023231,22.318430,23.925068,25.967445,25.666631,27.134250,20.107497,27.621870,25.964426,19.072030,26.655168,22.635171,28.499451,29.730254,24.072297,26.558591,20.397338,26.774337,18.576389,25.369567,32.893390,25.134923,28.446303,28.410903,20.119202,28.057447,28.799198,26.955037,25.970572,32.814004,25.656532,22.356676,23.442557,28.672627,26.052440,28.298228,30.534238,27.020222,29.369109,22.874047,28.508412,27.412127,15.947369,15.750956,24.135614,25.672913,20.577797,27.465212,24.575969,24.157136,23.607320,26.665659,24.356225,15.442903,25.164468,24.202935,22.141710,0.000000,24.222985,15.341468,23.093984,24.073972,21.947975,20.957894,22.490535,26.339085,20.948026,26.217959,24.712043,17.764073,15.802114,24.849459,16.527336,26.709120,20.132741,25.010169,19.950565,25.408082,22.528346
WinMart+,26.661651,23.783029,25.772039,26.423769,27.084493,23.427058,22.125287,27.944295,25.503848,23.507401,24.675759,23.508001,24.486924,25.233812,25.781648,22.265806,27.718000,23.927233,19.194302,22.728718,25.653546,25.357456,23.163198,26.003373,23.356830,19.890397,22.888712,26.431379,27.695687,24.621489,22.232769,24.376677,27.230007,22.792703,27.574953,24.777811,21.519216,22.262010,21.003232,25.998272,25.956669,25.417477,21.358997,25.573150,23.830803,23.117630,25.612022,28.338777,18.692380,21.743388,25.901754,23.294897,23.190521,21.744881,25.044854,24.491354,20.922690,24.292735,20.626276,27.255505,27.461889,20.337702,23.121689,22.337895,24.011066,20.798626,23.561198,27.875267,21.513401,24.203982,27.266957,22.226116,26.329494,26.800735,24.178224,23.892837,28.078059,25.944613,17.083406,15.436251,24.235652,22.117449,26.100059,26.240303,26.032444,27.343385,22.572400,27.502510,25.899646,20.578646,17.720498,22.571803,23.626206,20.061057,26.463729,15.549086,14.447503,23.120719,27.458453,22.434678,17.916361,25.458164,18.991099,17.427681,21.455978,0.000000,18.962018,24.116746,24.172554,17.546588,22.988131,13.964882,19.529426,11.582497,25.142148,21.081968,23.305645,19.666826,17.737266,21.065347,27.407146,21.004275,25.653002,20.397705,26.042604,21.097200
WinMart+,29.032762,30.269459,27.879347,28.737151,29.879671,26.675952,22.664932,30.627541,28.021927,24.152591,27.170237,24.108286,26.988000,27.492113,28.736347,22.937412,30.149635,26.584087,18.320097,23.396225,28.828194,25.805444,23.681855,29.592454,22.114799,24.661407,23.601288,28.479926,30.243958,28.138166,22.892434,24.834573,28.354213,21.482060,28.157984,27.808775,22.375514,22.853879,19.681451,26.337306,28.983491,25.858096,22.066841,27.465305,24.245009,26.242926,26.031813,28.650115,19.835969,22.386641,26.238574,25.968363,23.607861,20.238758,27.675451,26.050911,19.298311,26.711940,23.469344,25.706648,29.610587,21.497793,26.851639,20.529027,26.949232,18.883206,25.644155,28.220129,22.592660,24.587646,27.559453,20.293948,28.032142,28.727224,27.114828,26.272769,28.396565,24.515385,18.572451,20.624859,28.600165,26.461517,28.299960,26.575691,26.294365,29.260887,23.903082,27.762571,27.396744,16.888990,16.307927,25.253826,26.028147,22.550018,26.727047,21.478395,21.013995,24.469770,26.717401,25.278071,14.280927,25.084707,21.880311,15.970826,18.218188,20.415579,0.000000,24.752329,24.684038,20.109797,22.155436,15.238599,23.317803,16.278173,25.453470,22.771696,18.414809,13.139538,22.381992,18.338745,26.757089,15.853521,25.088527,16.488341,25.481713,19.012224
WinMart+,29.429410,31.061659,28.039981,29.125191,30.741365,26.567576,27.988363,31.620805,28.294309,27.719356,27.215293,30.650917,26.974979,27.661913,29.310426,26.485852,30.874302,26.454664,21.981069,30.208059,29.532332,31.362959,28.380626,30.726375,25.889950,24.047336,27.097783,28.816286,31.042186,28.705021,25.972391,30.231675,28.617078,25.488602,28.394816,28.132656,26.136941,28.052865,23.818080,28.943423,29.701214,31.254838,25.240483,27.597057,28.094509,25.960062,31.178948,29.312995,24.777619,25.313867,29.581377,25.337531,27.260326,24.935107,27.933545,26.042324,24.458445,26.774496,21.839506,28.707395,30.160911,26.258241,26.794932,26.214397,26.644672,25.009930,25.104953,33.579246,27.327269,28.666029,28.875745,25.115015,28.289999,29.121098,26.841087,25.656831,33.447617,26.721334,25.350996,25.792650,29.049598,26.161530,31.489396,30.926491,26.406256,29.732032,21.778522,27.868643,27.604101,22.113693,22.731136,25.223021,25.279934,22.148233,26.838758,27.143427,26.754030,22.825345,26.779404,22.737479,23.500909,25.450104,26.228362,26.483794,16.613098,27.251119,21.696465,0.000000,23.259246,23.568898,23.550653,27.007535,28.857150,24.214784,27.040550,26.456015,26.596613,22.598932,26.685610,21.717092,26.737219,23.663552,24.982032,21.534933,25.390090,24.894227
Phường Ô Chợ Dừa,24.208236,25.195122,23.513548,24.110896,24.214858,23.328947,23.896914,25.489836,22.553584,24.997121,21.127627,25.897254,23.671052,22.535583,22.339131,24.532661,25.645069,22.764453,21.532381,25.902486,21.587358,26.944543,24.530625,24.560942,24.898053,21.499190,25.211223,25.582751,25.151058,23.292260,24.498010,26.154047,24.732790,24.531244,24.469760,21.315495,24.079715,24.312194,23.225835,25.548016,20.109993,26.832945,24.440739,25.463679,24.840996,21.641690,26.969287,25.468827,24.122761,23.460403,19.944529,21.116664,24.185728,24.086401,19.729118,22.735457,23.627594,23.472779,20.597888,25.203351,25.536038,23.898625,22.801466,24.804016,18.975878,23.729929,18.707588,28.974588,23.221402,25.522969,25.798045,23.695566,24.756138,25.055078,16.779801,17.932159,29.059570,27.777843,23.039415,23.486395,20.843022,23.996735,20.553940,27.517722,24.176141,25.732769,19.040754,25.091385,23.747293,24.651541,22.399813,21.490735,16.531716,21.360216,24.410220,24.312325,24.068788,16.164109,25.071567,18.348152,22.427041,22.018082,24.102911,24.055782,19.625268,24.111133,21.582088,21.316610,0.000000,22.516740,22.167353,24.258166,25.346097,23.101205,23.914789,24.452521,23.853469,20.541681,25.187457,21.931043,25.887835,22.803780,24.311355,21.801612,24.715034,23.643797
Chợ Xanh Văn Quán,26.182679,21.635059,25.444530,25.944906,26.315255,21.329044,20.464799,27.017219,25.173716,21.100611,24.519489,21.230793,24.357923,24.944139,25.311511,20.265338,26.981255,23.929626,20.155208,20.528095,25.204547,27.496060,21.235120,25.421091,23.502086,20.758280,20.389104,25.962246,26.933923,24.409486,19.040690,25.924446,26.615749,23.080300,26.914206,24.555973,19.393482,19.369692,21.790250,27.434954,25.447680,22.478692,19.971319,25.261873,24.486136,23.316474,22.754213,27.474170,17.174449,20.101348,25.418706,23.431033,23.868277,22.347495,24.758351,24.287244,21.841195,24.154446,21.527779,23.845041,26.813089,20.302449,23.320286,22.826970,23.959639,21.834001,23.576868,25.878240,18.847298,24.221404,26.669303,22.760005,25.890287,26.261550,24.100314,23.877812,26.226241,22.032662,19.913821,15.785046,24.102186,22.654855,25.567284,25.078648,22.800465,26.727746,22.952128,23.307864,25.487272,21.870751,19.847869,22.921166,23.685029,21.337948,23.070527,20.300043,19.834682,23.315723,26.854953,26.089356,20.074661,24.576531,15.746404,19.784274,24.339018,20.735449,20.789236,26.013474,25.595672,0.000000,25.305035,22.490300,16.104993,20.804007,24.684500,12.948275,23.410492,20.824028,17.006252,21.820997,27.122723,21.864278,25.532566,21.353112,25.896783,21.801739
Noble Moment,29.287555,30.599990,28.083377,28.989132,30.249460,26.882988,28.001524,30.997437,28.286671,27.817812,27.414256,26.087798,27.227210,27.717809,29.080909,25.104253,30.444839,26.839188,22.886779,25.547117,29.208658,30.880135,28.327049,30.058244,23.470050,24.805965,26.002014,28.700012,30.560524,28.550755,25.036144,29.927185,28.542940,22.932330,28.346921,28.142358,25.011848,24.773878,21.231791,28.832928,29.352596,30.817559,24.295246,27.648664,28.072917,26.545013,30.773562,29.165694,23.142653,24.429364,26.483161,26.212132,27.327034,21.957505,27.954248,26.182723,21.209039,26.855208,23.640496,28.654424,29.856640,24.872551,27.255212,22.556742,27.255060,21.134992,25.833127,32.872061,25.898742,28.587596,28.635480,22.472373,28.206598,28.939060,27.421689,26.564091,32.798139,26.012460,23.532322,24.322359,29.171914,26.885906,28.601843,30.597106,27.231913,29.477571,24.149033,28.705784,27.541356,20.818491,18.578638,25.778305,26.309063,22.770222,27.677585,25.493125,25.107484,24.762210,26.849996,25.736679,21.131094,25.261128,24.941928,23.877224,18.944876,25.328052,18.406036,22.364423,24.937814,22.592167,0.000000,24.273715,27.162638,22.298622,18.978734,25.328801,16.901915,14.223270,25.491046,14.721044,28.119376,19.368595,26.234284,19.330490,26.626600,22.450940
WinMart+,29.849070,31.092805,28.667529,29.529553,30.803450,27.665422,23.513353,31.457986,28.965752,25.318248,28.199636,25.193794,28.039761,28.358989,29.785876,24.021039,30.855709,27.762092,20.489223,24.528503,29.937537,26.773355,24.583681,30.771767,24.856857,25.765734,24.939365,29.171547,30.986847,29.485975,23.957638,25.709806,28.363283,24.413982,28.682258,28.993529,23.680711,23.787356,22.798022,27.094326,30.015957,26.799626,23.107629,28.172208,24.986427,27.697010,26.930506,29.568993,21.252255,23.360437,27.463015,27.236475,24.310357,23.701773,28.679033,26.662620,23.134724,27.302601,25.230559,26.487714,30.248050,23.148407,28.526629,24.625015,28.196948,23.409192,26.699716,29.161156,24.390317,25.307161,28.309645,24.696647,28.592546,29.336943,28.345276,27.656952,29.285579,25.321772,20.712333,22.350526,30.244260,28.319657,29.294109,27.342552,26.852541,29.827969,26.068210,28.396936,27.878998,23.516686,20.438258,28.047369,27.465632,25.569344,27.312520,23.571435,23.072424,26.548794,27.270476,27.756806,20.903864,25.577051,23.418856,19.330094,23.343995,22.888324,17.784208,28.093413,26.372038,21.125902,26.184694,0.000000,25.637054,14.305657,28.238455,24.110296,23.922543,17.942329,21.402863,21.332324,27.903190,19.900235,26.078352,19.232233,26.469747,20.283356
Co.opmart,27.395274,24.745419,26.479192,27.141474,27.892614,24.433001,23.058777,28.672366,26.363067,24.657283,25.604488,24.574104,25.438116,26.016324,26.742462,23.441459,28.361926,24.989007,20.315756,23.899624,26.674641,26.170473,24.072174,27.100535,24.493745,21.028725,24.245552,27.055136,28.371721,25.860190,23.393659,25.180932,27.810999,24.046007,28.129523,25.858297,23.001242,23.287784,22.473782,26.601044,26.901418,26.214553,22.576625,26.206914,24.548596,24.424912,26.819679,28.930280,20.620280,24.734608,26.854540,24.410669,27.184843,23.298514,25.960315,25.046015,22.721060,24.863445,22.181637,28.672811,28.043250,22.328209,24.640032,24.114854,25.123369,22.919287,24.463809,30.349195,23.483820,27.533345,27.791218,24.147746,26.833348,27.343806,25.278228,25.098080,30.273341,27.237169,20.279143,16.910300,25.735193,23.729702,26.979208,28.511432,26.483982,27.849372,24.148236,27.956250,26.330753,23.090795,20.111525,24.127962,24.879485,22.121089,26.921490,21.430787,20.531848,24.395883,27.879958,23.832225,20.400663,25.834596,18.489109,20.088043,23.261725,21.593519,21.505912,25.576244,25.149671,16.769726,24.591237,27.194785,0.000000,16.728528,26.483399,21.962223,25.002702,21.321848,16.671861,22.526038,27.645128,22.724792,25.880429,21.915128,26.265594,22.560098
WinMart+,28.638727,24.124408,27.672496,28.351295,29.200941,23.835426,22.627700,29.829350,27.746277,23.954631,27.065091,23.903254,26.925949,27.292288,28.260220,22.881426,29.493503,26.607214,20.106681,23.260817,28.278843,25.438618,23.536195,28.809405,23.815034,25.060668,23.442143,28.133935,29.546446,27.716674,22.845040,24.583986,27.087964,23.367154,27.401846,27.519892,22.383979,22.809239,21.935489,25.997429,28.414610,25.506475,22.112525,27.288333,24.068664,26.340634,25.675053,28.056429,20.228839,22.384304,26.336944,26.118796,23.478989,22.595910,27.414193,25.993984,22.032579,26.598520,24.348596,27.120310,29.080698,21.654336,26.801904,23.180835,26.840950,22.098288,25.851753,27.666634,22.566280,24.390715,27.121744,23.167930,27.742526,28.327132,26.985520,26.360257,27.853908,25.966962,19.780984,18.413224,27.961942,26.528368,27.942556,26.220543,26.038895,28.787794,24.829192,27.394720,27.136922,22.804775,19.736195,25.854122,26.179285,24.218463,26.439453,20.287615,19.668661,25.181609,26.599254,25.819992,21.019795,25.099316,21.154948,20.111393,22.515087,11.568047,19.465491,25.638692,25.196780,19.345616,24.335908,16.786957,22.688077,0.000000,25.963319,22.337969,22.892075,18.893491,21.656258,21.305466,27.346455,20.337852,25.673569,19.779310,26.048420,20.529355
9.0cafe,29.657013,31.187372,28.331652,29.354005,30.895279,27.034191,28.243312,31.701307,28.632917,28.070126,27.665743,30.748716,27.452910,27.986604,29.623613,26.879038,30.974000,27.032985,22.629364,30.322475,29.838867,31.402907,28.589388,30.938405,26.352497,24.710062,27.226286,29.015318,31.142653,29.191937,26.144235,30.335668,28.800686,26.014733,28.594443,28.588470,26.329338,28.281481,24.518637,29.095283,29.960011,31.307079,25.454408,27.853966,28.282401,26.764338,31.236541,29.455120,25.363336,25.505717,26.205896,25.893180,27.473500,25.601023,26.997844,26.295705,25.246518,26.994576,23.265960,28.878175,30.276446,26.476320,27.697639,26.865359,27.135507,25.892658,25.540987,33.504870,27.466659,28.817389,29.000535,26.097759,28.448963,29.265671,27.317940,26.271045,33.384043,26.812642,25.722404,26.063771,29.596070,27.290594,28.698482,30.978575,26.591623,29.840042,23.762310,28.023814,27.742750,23.423708,23.754451,26.529295,25.952637,23.898855,27.019517,27.319785,26.978792,24.576206,26.983759,25.226423,24.503975,25.545139,26.453490,26.856079,19.505686,27.439193,22.950263,28.955164,23.392912,23.889337,23.278309,27.312234,28.870268,24.742171,0.000000,26.633219,23.949074,20.896029,26.840451,16.195348,28.355325,21.236487,26.371154,19.128369,26.774297,23.513550
The Coffee House,27.586733,25.110744,26.692709,27.328891,28.071438,24.813166,23.455588,28.793114,26.615532,25.075133,25.909927,24.961514,25.759958,26.255453,27.000966,23.922089,28.481943,25.358129,20.881307,24.349868,26.953244,30.724626,24.421110,27.369425,24.916098,21.582210,24.738452,27.215828,28.492112,26.234007,23.869761,28.913290,27.935051,24.521113,28.237901,26.190114,23.608567,23.715059,23.096352,26.772310,27.148003,25.427824,23.406080,26.398926,27.164579,24.898661,26.054219,29.007557,21.502353,23.715451,27.107394,24.825914,26.594737,23.908236,26.237392,25.226997,23.442051,25.061820,22.849559,27.878490,28.157367,23.139574,25.163444,24.741500,25.495608,23.739768,24.812992,29.718933,24.209898,26.956971,27.898984,24.824695,26.960410,27.466608,25.646605,25.503175,29.706266,26.270946,21.628132,17.294690,26.189314,24.336896,27.211406,27.953835,26.619340,27.946247,24.718901,25.347751,26.439147,24.009712,21.193412,24.693960,25.311183,22.972129,27.052177,23.337615,22.615877,24.859300,27.949521,28.295195,21.510242,25.842932,18.986739,21.284871,26.611508,22.805958,22.558511,28.525772,27.240710,13.201916,27.714210,25.090976,17.556903,23.036271,26.848396,0.000000,25.549386,22.078537,18.110661,23.144141,27.706456,23.422496,25.956755,22.585127,26.337141,23.184523
Cục Tần số vô tuyến điện,30.303014,31.709539,29.005883,29.984453,31.490002,27.971073,28.853564,32.170646,29.434102,28.846711,28.599775,31.189105,28.424940,28.732978,30.434724,27.676239,31.432599,28.157463,23.744111,25.811453,30.678580,31.740736,29.123574,31.730993,23.847900,25.887381,26.355212,29.555400,31.611444,30.295976,25.306026,30.742846,29.293785,23.358403,29.114142,29.598343,25.343800,25.016118,21.755396,29.529722,30.723528,31.657459,24.586057,28.461857,28.757705,28.196209,31.576227,29.890474,23.590158,24.697101,27.509328,27.261084,27.978711,22.497821,28.029061,26.852672,21.846224,27.514567,25.357158,29.327752,30.715413,25.292017,29.281312,23.165317,28.393632,21.897756,26.630766,33.679334,26.350928,29.234131,28.873955,27.730723,28.892093,29.715730,28.553470,27.760206,33.558833,26.186786,24.154306,24.790076,31.059553,29.125787,29.592516,31.268746,27.433648,30.232171,26.396031,28.918032,28.131283,22.145165,19.481285,27.637843,27.537332,23.898530,27.884549,26.028950,25.660137,26.990770,27.471561,28.125770,22.616069,25.903831,25.349778,24.776520,21.209000,25.915344,19.940648,29.282948,25.526237,22.937781,21.542612,25.192213,27.634247,23.021325,29.036160,25.706008,0.000000,10.269613,25.829705,13.153220,28.573933,17.738052,26.600682,18.108970,26.999138,21.681743
Everything Coffee 'N Bagel,29.462274,30.591461,28.369669,29.159755,30.264398,27.392353,28.998201,30.897053,28.593861,25.087841,27.864943,24.973822,27.716144,28.036682,29.288959,23.922815,30.407595,27.428332,20.687948,24.356679,29.388760,26.435484,24.433465,30.096436,24.669944,25.611162,24.690412,28.851481,30.508337,28.900704,23.871366,25.482114,28.521281,24.264251,28.819687,28.524613,23.599380,23.721973,22.816491,27.309324,29.485197,26.483054,23.100222,27.915779,24.837927,27.296649,26.619593,29.671443,21.463942,23.321338,26.871629,26.640883,24.203663,23.599652,27.338715,26.481629,23.100905,27.105911,25.050763,26.250713,29.872545,23.114840,27.978674,24.376121,27.503503,23.343547,26.243467,28.682904,24.153072,25.138814,28.452126,24.437098,28.339785,29.021420,27.655778,26.972420,28.823366,25.152997,21.131224,22.438157,29.099750,27.745813,28.641233,27.044513,27.032794,29.497508,25.757194,28.538360,27.659787,22.764237,20.808208,26.390977,26.775883,23.949304,27.488958,23.435261,23.031908,26.175282,27.085175,26.821442,15.563218,25.294190,23.342858,20.353472,22.394489,22.890913,18.022594,26.799137,25.143998,21.313834,22.946558,19.117292,25.119242,18.734119,26.084609,23.958303,21.364866,0.000000,23.285530,17.881645,27.994249,16.304016,26.198084,16.519492,26.580139,17.860346
Starbucks,29.184346,22.689505,28.298686,28.922375,29.564413,22.426049,21.553950,30.080522,28.363312,22.329413,27.800615,22.457182,27.644820,27.961360,28.802621,21.503553,29.869839,27.444697,19.304725,21.841444,28.950956,23.958220,22.313525,29.347315,22.265923,26.067672,21.756231,28.648721,29.904234,28.532826,21.441587,28.008070,25.671299,21.815796,25.975540,28.275955,20.875773,21.591272,20.560705,24.741477,29.056039,25.080179,23.313875,27.878851,26.574705,27.388545,25.547062,26.425034,18.994477,23.612641,27.218426,27.107086,26.062787,21.025073,28.140899,26.568389,20.447870,27.135453,25.764587,26.800459,29.502822,20.061696,27.748670,21.313234,27.736152,20.221905,26.608608,28.354517,20.655428,26.383849,25.778932,21.109026,28.198261,28.767364,27.857917,27.377420,28.430638,25.565164,18.239308,16.212438,28.758931,27.626171,28.493092,27.221386,25.073205,29.178028,26.251809,25.059178,27.546210,24.941780,18.442458,27.273017,27.232688,26.011428,25.414052,17.946278,17.542626,26.609269,27.113886,27.158901,24.034110,23.714147,16.347354,23.536990,25.070594,20.972012,23.462552,27.219536,26.455154,18.452993,26.315914,22.661391,13.794504,20.091807,27.346659,20.053380,25.236046,21.742730,0.000000,23.534106,26.672075,23.142572,25.169374,22.376524,25.533431,22.894024
Chợ Trung Kính,28.579465,29.704844,27.501704,28.305047,29.285281,26.305448,27.449932,30.041914,27.569454,27.167247,26.744627,29.522510,26.568544,27.100417,28.163213,26.275867,29.675150,26.144122,22.653676,24.236577,28.215667,30.158617,27.792110,28.869402,22.118111,24.374842,24.477410,28.112733,29.739818,27.473424,23.804272,29.300040,28.029516,21.564879,27.838586,27.260776,23.589413,23.712290,20.006451,28.336689,28.405610,30.132350,23.164017,27.146301,27.624530,25.726428,30.120545,28.643253,21.783596,23.348763,25.483154,25.198376,26.921260,20.499847,26.165501,25.801811,19.733560,26.457669,23.110163,28.204567,29.204695,23.174160,26.174139,20.780904,26.102804,19.446702,25.023738,32.105027,23.983984,28.130743,28.001289,25.183814,27.732238,28.375210,26.272134,25.403141,32.040254,25.004032,21.636972,22.623453,27.274645,25.776248,27.514287,30.042324,26.798088,28.904397,23.418402,28.173535,27.129431,18.337088,17.356682,23.413895,25.142506,19.792831,27.212231,23.393934,23.075507,23.942541,26.469343,24.180664,18.299440,24.757800,23.328078,21.224879,16.273820,22.982157,16.599055,22.563570,23.186001,21.603410,14.108104,21.149448,24.721827,20.347430,20.164501,23.852554,14.639548,16.603786,23.757189,0.000000,28.060555,14.698019,26.219359,15.375488,26.607444,19.251972
Trường Mầm non Kim Lan,29.281325,29.637436,27.794474,25.982693,26.716770,28.472620,29.140672,26.204644,26.168089,28.677802,26.221612,29.183785,26.369126,25.317436,26.396959,28.876466,26.100589,26.442924,25.175415,29.048377,26.990183,28.677336,28.195462,26.742495,28.148378,26.239076,28.863418,25.251906,26.003464,26.381257,27.511700,28.617645,26.777189,28.589757,27.006283,26.151417,28.857558,27.825888,26.418352,27.617562,26.082838,29.266109,28.296447,24.893745,27.685784,26.006980,29.280174,27.384774,28.579032,28.130324,26.385301,25.752754,27.212090,28.359885,25.758860,23.068355,26.147566,25.407030,25.022765,28.066712,25.516675,28.312054,26.706802,28.565043,26.099445,28.149312,26.852625,30.294598,28.816288,27.779273,25.047712,26.727058,25.308742,24.890546,26.315116,26.028265,30.288871,29.422580,28.282563,27.754781,27.201998,26.944432,26.931606,29.401976,25.571284,24.831270,26.757954,26.393239,21.675192,26.995423,26.317293,26.998182,27.390977,26.801985,25.793081,28.143446,27.620301,26.752207,23.095584,27.119902,26.388692,21.201008,26.875042,28.004232,26.452314,28.233865,28.312122,27.156903,26.880559,27.036631,27.036961,28.004633,28.514843,28.176067,27.482103,28.344084,27.423688,28.255309,27.518280,27.156457,0.000000,28.771359,15.137323,26.808332,14.624717,28.482812
WinMart+,28.853056,29.941078,27.801624,28.578023,29.558916,26.718417,27.716546,30.251691,27.922923,25.006755,27.156772,24.905732,26.996990,27.425026,28.538110,23.959494,29.862828,26.635981,23.164720,24.341479,28.594653,26.265184,24.413540,29.232806,23.179726,24.898402,24.611938,28.342003,29.938043,27.969145,23.891656,29.465578,28.243058,22.716362,28.062773,27.703778,23.668541,23.770113,21.305855,28.523557,28.741436,26.323117,23.206167,27.412257,24.793105,26.343998,26.454787,29.299671,21.773468,23.401265,26.038444,25.783823,24.200173,21.879127,26.611753,26.050311,21.283394,26.682442,23.981424,26.138129,29.385985,23.247826,26.877153,22.336716,26.639148,21.235891,25.519209,28.382273,24.123679,25.084392,28.192369,25.897306,27.921313,28.565231,26.799459,26.036406,28.515492,25.103347,21.605641,22.665690,27.924731,26.559241,27.909684,26.876598,26.912023,29.062889,24.466689,28.333395,27.293917,21.089864,19.298996,24.752731,25.813132,22.354436,27.342081,23.512394,23.167720,24.920680,26.688480,25.323265,17.394827,24.902385,23.415170,21.152784,20.168043,23.079907,14.908902,24.559035,24.064072,21.577441,19.905066,20.181761,24.946854,19.585929,23.219453,23.960994,16.781092,11.886903,23.386721,16.502467,28.152820,0.000000,26.321977,10.469796,26.710388,14.440559
Trường Trung học cơ sở Văn Đức,26.978640,27.135365,25.713036,24.169320,24.773175,26.358244,26.630052,24.249032,24.455785,26.424059,24.392752,26.718772,24.551711,23.623199,24.595979,26.635126,24.122852,24.634106,23.708858,26.677901,25.051321,26.364446,26.039035,24.916625,26.133818,24.506663,26.602330,23.396475,23.997654,24.637371,25.546849,26.355998,24.647088,26.481851,24.854129,24.401755,26.637302,25.786932,24.730644,25.557476,24.314916,26.881755,26.250213,23.093309,25.764769,24.391530,26.936726,25.023501,26.536611,26.191233,24.610998,24.146549,25.500121,26.381609,24.103333,21.713788,24.571650,23.569915,23.650360,26.066424,23.480911,26.349965,24.921073,26.575388,24.489774,26.286029,24.998510,27.764315,26.717754,25.872127,23.249217,25.087171,23.364595,23.079680,24.626425,24.461236,27.817186,27.307409,26.449828,26.023805,25.406082,25.206543,25.099907,27.187222,23.970364,22.957019,25.046998,24.551452,20.552124,25.293386,24.793226,25.250122,25.622541,25.158454,24.112678,26.379173,25.923856,25.106123,21.599683,25.375739,24.866200,19.491597,25.363756,26.242145,24.893722,26.417898,26.500052,25.417478,25.224883,25.558375,25.375796,26.283239,26.687256,26.421093,25.788040,26.668944,25.751405,26.536727,25.961762,25.492353,14.782539,26.949468,0.000000,25.280917,11.842278,26.747075
Trung tâm Hỗ trợ doanh nghiệp Hà Nội,27.955779,28.847428,27.025715,27.698214,28.384755,25.879935,26.981311,29.090045,26.981900,24.251451,26.265230,24.248610,26.063713,26.600806,27.361397,23.325855,28.903182,25.699340,22.712141,23.684690,27.400236,25.619416,23.865162,27.822091,23.960491,24.228595,23.818186,27.567836,28.926314,26.684123,23.234367,24.826681,27.547743,23.573893,27.372204,26.603739,22.952008,23.232994,22.333384,27.861423,27.592915,25.695180,22.625457,26.722823,24.315728,25.270262,25.848686,28.568481,21.117954,22.863020,25.114506,24.874658,23.760787,22.926492,25.728544,25.500142,22.468197,26.118799,23.117458,25.562041,28.550683,22.434134,25.514120,23.476782,25.601947,22.505904,24.746052,27.647658,23.167293,24.613237,27.602271,24.773383,27.284586,27.827076,25.758876,25.010813,27.787836,24.584524,20.741260,21.856055,26.307102,25.183842,26.837591,26.332739,26.494027,28.315093,23.327151,27.777497,26.734491,20.322773,18.955916,23.301285,24.786592,21.373978,26.896870,22.487708,22.184497,23.770261,26.145841,23.876728,17.150827,24.256348,22.595580,20.006098,19.349894,21.968809,18.472010,22.721077,23.156146,21.067776,18.922676,19.167771,23.750081,18.878970,21.371695,23.193480,16.521204,12.832771,22.678114,14.984600,27.843151,9.987706,26.100162,0.000000,26.482907,13.546283
Trường Mầm non Văn Đức (điểm Chử Xá),27.879876,28.069080,26.620386,25.105772,25.695004,27.214845,27.602688,25.222359,25.316098,27.322154,25.306236,27.669533,25.443643,24.560516,25.477142,27.514484,25.121713,25.511629,24.529934,27.598189,25.946434,27.290660,26.938719,25.779109,26.971853,25.370286,27.479414,24.430647,25.018962,25.491033,26.410421,27.267732,25.657114,27.327409,25.854049,25.276968,27.504787,26.658919,25.553931,26.464092,25.207429,27.789010,27.091729,24.134931,26.625560,25.216020,27.829106,26.077948,27.360672,27.003294,25.477861,24.987752,26.267569,27.194925,24.972117,22.641779,25.360901,24.522130,24.427765,26.903998,24.576595,27.158012,25.762161,27.378807,25.306717,27.060609,25.860553,28.653356,27.538858,26.714746,24.310536,25.861106,24.397503,24.110429,25.459210,25.257048,28.685347,28.102826,27.207080,26.775088,26.218652,26.008626,25.948747,28.021809,24.825676,24.034069,25.854094,25.447541,21.488116,26.075086,25.549567,26.057316,26.411181,25.929393,24.989162,27.112951,26.657978,25.883823,22.648053,26.167973,25.611085,20.463041,26.066078,26.983004,25.648691,27.164683,27.242336,26.204886,25.999866,26.241973,26.137381,27.009220,27.418966,27.148168,26.534561,27.353548,26.487029,27.248353,26.647835,26.250430,14.174922,27.668059,12.024774,26.002337,0.000000,27.449062
WinMart+,29.630674,30.696732,28.587405,29.335940,30.397937,27.725012,29.365428,30.962480,28.836397,25.857815,28.171669,25.697001,28.044446,28.284232,29.505402,24.745730,30.491258,27.799268,21.564086,25.158610,29.600055,26.977811,25.080938,30.254712,25.450235,26.077828,25.572236,29.009926,30.587228,29.191805,24.689700,26.040795,28.869066,25.118673,29.146437,28.816027,24.596969,24.465104,23.840057,27.704587,29.675587,27.017469,23.976199,28.126993,25.358492,27.741514,27.122252,29.993125,22.772732,24.121367,27.306785,27.101427,24.737975,24.630389,27.687351,26.696102,24.275131,27.302335,25.754329,26.728763,29.973118,24.374558,28.419134,25.482169,27.894581,24.662076,26.666917,29.070000,25.347976,25.627826,28.772279,25.604978,28.474996,29.142246,28.037370,27.443867,29.189390,25.709602,23.003661,23.840732,29.433794,28.244314,28.901303,27.450653,27.350021,29.586868,26.516203,28.830257,27.779800,24.084715,22.364546,27.229759,27.279220,25.688808,27.801544,24.889536,24.530721,26.869038,27.265383,27.538161,22.915893,25.369902,24.498048,23.125794,24.384650,24.650879,21.502960,27.795498,25.839455,22.333255,25.000593,22.096243,26.427405,20.932033,27.430660,24.922035,24.463912,18.089624,24.338953,18.383794,28.168614,15.095980,26.376957,10.147353,26.754498,0.000000
