,depot,WinMart+,Trường Mầm non Thịnh Liệt (cơ sở Giáp Nh,Trường Mầm non Hoa Mai,Trường mầm non Vườn Hồng,WinMart+,WinMart+,Siêu thị Đức Thành,WinMart+,Siêu Thị T-Mart,Trường Trung học cơ sở Tân Định,Trường Tiểu học Hoàng Liệt,WinMart+,WinMart+,Cục Dự trữ Nhà nước khu vực Hà Nội,Trường Mầm Non Đại Từ,WinMart+,Cà Phê Parkland,Trường Mầm non Định Công (Cơ sở 3),Highlands Coffee,WinMart+,WinMart+,Trường Mầm non Hoàng Liệt (cơ sở Tứ Kỳ),WinMart+,WinMart+,Trường Mầm non Sao Mai,KFC,Trường Đại học Công nghệ và Quản lý Hữu ,Không có tên,WinMart+,Không có tên,WinMart+,MM Mega Market Hoàng Mai,Trường Tiểu học Đại Kim,Không có tên,Không có tên,Cà Phê 3k,Không có tên,WinMart+,WinMart+,WinMart+,Trường Tiểu học Chu Văn An,AEON MaxValu Linh Đàm,WinMart+,WinMart+,WinMart+,Trường Mầm Non Hoạ Mi,WinMart+,WinMart+,Trường Tiểu học Chu Văn An,WinMart+,WinMart+,Trường Mầm non A Tứ Hiệp,Cà Phê KOK,Không có tên,Trường Đại học Kinh tế - Kỹ thuật Công n,WinMart+,Trường Quốc tế Singapore,WinMart+,Trường Tiểu học Tam Hiệp,WinMart+,Delícia Coffee & Lounge,UBND phường Khương Thượng,WinMart+,Siêu thị B11 Kim Liên,WinMart+,Cà Phê Big One,Trường Mầm non Đại Thanh,siêu thị 24h ninja mark,Trường Mầm non Tứ Hiệp (điểm Cổ Điển B),WinMart+,Không có tên,Quan an Nam Nhu 1,WinMart+,Taste Tea,WinMart+,WinMart+,Trường Cao đẳng Hà Nội,TK mark,Hội đồng nhân dân - Ủy ban nhân dân phườ,Trung tâm Công nghệ Phần mềm Thủy lợi,WinMart+,Không có tên,Cafe Dinh,Trường Trung học cơ sở Yên Mỹ,WinMart+,Coffee Cây,Trường Mầm non Tứ Hiệp (điểm Đồng Trì),Trường Mầm non Lĩnh Nam (cơ sở 2),Chợ Nhân Chính,Cục Sở hữu Trí tuệ,WinMart+,Kho bạc Nhà nước Đống Đa,Tịnh Cafe,Trường Mầm non Yên Mỹ,WinMart+,5050 Rooftop Cafe & Pub,Thuế cơ sở 4 thành phố Hà Nội,Trường Trung học cơ sở Lĩnh Nam,WinMart+,WinMart+,WinMart+,Cửa Hàng Tiện Lợi BV Mart,Đảng uỷ - HĐND - UBND phường Thanh Xuân,Starbucks,WinMart+,WinMart+,WinMart+,Phường Ô Chợ Dừa,Chợ Xanh Văn Quán,Noble Moment,WinMart+,Co.opmart,WinMart+,9.0cafe,The Coffee House,Cục Tần số vô tuyến điện,Everything Coffee 'N Bagel,Starbucks,Chợ Trung Kính,Trường Mầm non Kim Lan,WinMart+,Trường Trung học cơ sở Văn Đức,Trung tâm Hỗ trợ doanh nghiệp Hà Nội,Trường Mầm non Văn Đức (điểm Chử Xá),WinMart+
depot,0.000000,25.038548,22.107400,25.517144,20.715547,25.503441,15.698058,28.722917,25.350767,23.203828,24.214685,19.705599,25.165287,23.284402,25.762998,22.822364,28.777139,25.775083,21.721099,21.122943,28.561994,19.038714,18.858952,27.772909,27.686388,25.148419,24.617270,28.416096,30.034510,26.035660,23.885526,19.992629,28.346098,23.750336,27.745935,27.749425,23.649112,19.471797,26.798966,21.506851,26.875600,23.033534,23.689378,28.085794,19.895507,25.061237,23.895331,29.687211,24.417007,22.427477,29.523143,27.864278,19.182987,25.870086,28.296013,26.700815,26.137975,26.506070,22.494886,22.067237,31.987043,24.234636,30.297833,26.918897,28.263894,25.231299,26.558713,28.254881,25.421541,21.004049,22.638717,30.189723,29.913389,30.653916,29.131195,28.140695,28.781373,27.571514,23.634864,24.423273,31.999692,31.005363,31.828396,26.340475,22.950219,31.840059,30.309810,23.982495,27.292780,31.076326,28.755465,31.162308,30.724248,30.356198,23.160774,29.545266,29.404682,30.199767,27.875671,31.511427,29.058660,31.466608,29.112738,28.837542,29.230900,29.673804,29.862011,31.598329,26.411488,23.712515,31.060869,31.375043,30.500617,29.657295,32.304355,29.177516,32.076005,28.279525,28.368844,31.369024,28.823583,31.085508,26.961828,30.247391,27.370044,30.886909
WinMart+,29.062880,0.000000,24.881078,28.392184,31.025229,26.567692,17.024352,34.106463,27.231982,25.698861,27.568433,29.508677,27.955039,26.106219,28.536093,24.494275,32.376279,28.392258,23.076232,29.277706,33.274952,32.971482,25.228718,30.275609,28.617345,27.292052,27.268117,30.975099,33.021293,28.153195,25.498104,29.972905,30.263472,25.031806,29.691732,30.863450,25.140129,24.917754,28.580231,28.197178,33.447487,32.102430,25.181600,30.411952,26.638943,26.691361,32.231442,31.542356,25.653284,23.219534,33.077437,30.188337,25.341134,25.241385,30.903730,28.200818,27.551049,28.001366,29.994534,27.423557,34.646982,25.329625,33.535915,26.373095,30.278731,31.932125,29.096526,38.110117,27.157896,28.232225,27.013004,32.306574,31.601557,32.783254,31.717729,29.944896,37.599561,32.933020,22.860737,25.263139,34.937235,33.584265,35.642700,32.664621,25.968862,33.918818,32.801654,27.297794,28.614966,33.387584,30.258451,33.869710,32.790459,32.416204,26.339775,31.131524,30.960545,32.163783,29.260516,34.134667,30.626366,33.289261,30.448780,30.367294,31.005078,31.396703,31.547655,34.202935,27.634122,24.327893,33.243903,33.253393,32.249859,31.186063,34.543285,27.630642,34.230089,29.597161,29.355235,33.418837,29.357716,32.862721,27.374730,31.743391,27.788758,32.479341
Trường Mầm non Thịnh Liệt (cơ sở Giáp Nh,22.432880,23.239869,0.000000,22.179789,18.393872,22.985889,20.841497,24.902161,23.143550,25.384614,21.517971,25.301355,22.796505,21.031436,23.547737,26.610701,26.023120,23.579017,20.348494,25.788078,26.046412,23.791270,22.867220,25.709199,25.938854,23.315636,26.691613,26.414590,27.728229,24.224933,22.085437,24.306000,20.635260,26.370420,19.691493,25.787194,26.703755,22.818788,25.203169,21.358183,25.065589,27.395902,25.493293,26.319584,23.011260,23.648460,27.878720,22.932031,26.841786,25.778899,27.612480,26.339473,22.133602,24.665963,26.729688,25.428055,24.905940,20.344629,21.483814,24.866774,30.083597,26.415766,28.580328,25.699498,26.937704,24.084881,25.086660,32.128990,27.714723,23.899575,23.477454,28.860524,28.561818,29.062629,27.578774,26.868752,32.231060,29.940251,22.720079,26.037670,30.451338,29.530817,30.043590,29.297761,23.476893,30.293369,28.873068,24.580204,26.190487,29.701409,27.704723,29.710688,29.439729,29.079517,23.722659,28.476682,28.338341,28.941016,26.750649,30.106189,27.930277,30.087136,28.143899,27.775492,28.065363,28.567219,28.752940,30.224647,25.427842,25.434862,29.812856,30.245449,29.401672,28.615623,31.078302,28.237413,30.872887,27.312231,27.509673,30.152508,28.205121,29.973498,26.438582,29.187741,26.838838,29.869044
Trường Mầm non Hoa Mai,26.026831,27.653263,21.287620,0.000000,24.650086,23.499956,24.573753,20.470309,23.707360,26.240214,21.151451,28.237076,23.564896,14.881796,24.343769,25.432830,24.241255,24.419975,20.543589,28.199324,27.425190,30.321818,25.781613,26.719921,26.718550,24.008413,26.733901,25.369543,27.228972,24.997502,25.652224,28.682327,26.053242,24.338619,25.275944,26.825812,25.521075,25.360723,25.931274,27.646049,25.202431,29.937723,25.542286,25.410115,26.582591,24.223052,30.154198,27.936434,23.738001,24.146681,28.816945,27.189187,25.662537,25.187442,27.644561,24.652293,25.473865,24.421148,21.745178,26.975684,30.469395,25.579473,29.711411,26.299641,27.687828,24.542058,25.219554,33.697399,23.624441,27.731423,29.865010,29.648229,28.478575,29.101356,28.554419,27.583912,33.632394,31.237082,23.024949,28.495659,31.539505,30.510756,31.374282,30.873889,25.738057,30.650351,29.801154,27.200767,25.697940,30.602936,28.300240,30.701649,30.275755,29.870940,26.133153,29.060529,28.919044,29.737991,26.354029,31.070695,28.557066,30.356758,28.641034,28.348005,28.737534,29.203955,29.397018,31.173222,25.914847,26.897987,30.630387,30.946644,30.056198,29.197956,31.907181,28.725898,31.672008,27.808458,27.946607,30.951413,28.144871,30.668192,26.287579,29.809828,26.711035,30.470567
Trường mầm non Vườn Hồng,26.733065,29.224707,18.901125,23.105688,0.000000,24.547801,21.259673,32.380385,24.753251,27.790694,22.262236,29.673289,25.002482,21.407107,25.806888,26.602324,30.844251,25.869892,20.939186,29.454345,29.662828,31.812959,26.678276,28.382484,27.975893,25.114216,28.142998,29.595591,32.223117,26.207774,26.676520,29.904569,29.060922,25.119001,28.353618,28.433919,26.465987,26.240340,27.051330,21.488006,26.425735,31.345646,26.474489,29.149612,27.361654,25.064358,31.468510,30.751751,24.343981,24.732964,30.663388,28.371822,26.340644,25.940878,28.955312,26.965535,26.256058,26.739342,22.167198,27.929761,34.592971,26.205292,31.463530,27.119071,28.730317,25.376837,26.394217,35.560559,24.385166,28.545489,31.796594,30.897209,30.969898,32.322894,29.909152,28.559395,35.413295,32.216624,23.465421,29.184333,33.155297,31.940494,33.408511,31.951937,26.955240,33.723329,31.209784,28.804790,27.674466,31.907117,29.113472,32.241427,31.403308,31.085123,27.423238,30.090038,29.932771,30.825104,28.416040,32.587368,29.514417,33.003083,29.544217,29.342315,29.836244,30.301275,30.452699,32.701619,26.593926,27.506870,31.935640,32.132869,31.174331,30.178477,33.270252,29.604609,32.992166,28.694119,28.550110,32.167391,28.922220,31.763504,26.915877,30.719962,27.340119,31.509322
WinMart+,25.853043,25.729611,25.072744,26.260353,24.226419,0.000000,21.524183,30.060054,22.866104,25.390738,25.241753,26.743385,24.063832,24.460636,24.942061,22.694022,29.837690,23.138940,18.767092,23.174507,27.429569,30.122670,23.909450,27.068786,27.435663,22.799147,27.723467,29.247107,30.793757,24.398260,25.254113,27.931540,28.927752,24.753717,28.433776,26.116974,24.942745,25.285287,22.938876,26.819985,28.242706,29.695395,25.031409,28.959135,25.497534,23.525657,30.020174,30.152036,24.390652,22.735410,28.015873,23.602329,24.418197,27.341548,26.960199,27.361203,23.010513,27.194267,20.620615,26.261068,32.499824,25.191321,25.799024,28.379767,25.770876,22.436836,26.042818,35.117356,27.235060,27.050419,26.139397,23.283726,30.358742,31.191333,25.888908,23.404243,34.920270,31.459207,23.243859,25.108328,28.688799,27.634714,30.437135,30.997913,25.348886,32.254791,26.864332,26.497671,27.851296,28.058292,25.844917,27.935797,27.736109,27.509436,25.695561,25.918679,22.576937,25.714294,28.428990,28.538712,26.427211,31.863192,23.728726,25.232136,26.507793,25.756998,26.154978,28.748923,26.846588,24.124956,28.475005,29.261033,26.967006,26.099214,30.072926,27.547025,29.887277,26.070776,25.183469,28.944071,28.861896,28.928636,27.009608,28.032521,27.404485,28.996033
WinMart+,15.558675,33.521332,19.955963,29.191583,31.321905,26.136658,0.000000,32.866952,28.164902,26.090475,28.897482,27.373865,27.433446,28.110451,29.308284,28.236975,31.948269,29.005256,23.475962,27.790298,32.695424,23.512841,21.768193,30.191906,25.373136,28.123462,28.715963,31.191837,32.308350,28.693118,20.761740,24.642377,21.509500,27.475612,20.697365,30.916255,28.425391,21.896315,26.113227,24.201280,32.792947,30.690595,26.096612,30.797765,22.418104,27.380311,30.982599,24.066019,27.966807,26.251356,32.406953,30.334747,21.128384,27.212289,31.072390,28.762866,25.547515,21.112775,29.897263,25.164404,33.868954,27.151543,32.622519,28.305104,30.380629,27.185800,29.091032,38.803480,29.324124,23.857138,24.389802,28.260675,31.557843,32.588242,31.441660,29.923811,37.764684,31.995189,23.789859,26.326210,33.728801,32.703539,34.203781,31.956926,23.869241,33.475582,32.049157,25.677180,29.012344,32.540479,26.262429,32.825723,32.153162,31.684926,24.105443,26.827473,23.562477,31.633724,29.580302,33.027389,26.446911,27.635103,24.496723,26.225025,30.446736,26.810354,27.161934,33.050365,28.130867,25.432027,32.287088,26.565041,27.899183,26.983740,33.310128,28.847274,28.746516,26.146582,25.898960,32.491995,29.320478,27.326320,27.374120,31.127074,27.760327,26.867439
Siêu thị Đức Thành,28.383450,31.129888,24.323588,20.970194,30.606422,26.604734,26.822357,0.000000,26.701107,29.632815,25.714186,31.242848,27.628053,18.116681,28.082236,28.169843,29.295300,28.215320,22.477655,30.811621,32.187968,33.103600,27.973900,30.279856,29.386012,27.088531,29.566094,28.310304,32.223088,28.037401,27.830734,31.144269,28.090128,26.237831,27.130869,30.327145,27.647943,27.383386,28.479083,29.521883,28.307629,32.595488,27.638682,27.930231,28.354023,26.516143,32.617777,30.358842,25.491841,25.739203,32.352960,29.801433,27.305992,27.104321,30.456442,25.808503,27.420082,25.525860,23.319228,28.873939,35.617509,27.074372,32.848813,28.173396,29.916219,26.387461,27.795512,36.595768,25.380693,29.455634,31.715320,31.810817,30.704927,32.387595,31.253135,29.633072,36.348235,32.933622,24.347249,29.827061,34.231613,32.996761,34.787414,32.818921,26.405485,34.168724,32.286511,28.390432,26.880756,32.855793,29.947185,33.282193,32.313731,31.966463,26.898405,30.786217,30.638914,31.738331,27.734785,33.554533,30.302380,33.210777,30.146668,30.070486,30.664773,31.035693,31.181731,33.635743,27.513001,28.027272,32.773286,32.823913,31.884333,30.851636,34.020783,30.171477,33.747927,29.347527,29.117927,32.955412,28.711309,32.447768,26.644660,31.395343,27.091854,32.101278
WinMart+,23.486877,26.726732,22.085234,23.202321,20.417511,21.097627,23.706710,27.805325,0.000000,26.413822,22.564945,28.907853,20.788235,21.905074,20.886435,24.411998,28.291377,23.587049,17.682439,28.820510,24.847570,31.661714,25.633870,28.769572,27.957926,22.994676,27.441868,28.027625,29.829294,25.066040,25.697431,29.446772,27.943561,24.148340,27.342142,25.000628,25.513056,25.315727,26.667140,27.994524,28.286505,31.164894,25.562472,27.817140,26.696155,23.788689,31.329245,29.434438,23.180331,23.620264,27.942230,25.913593,25.594004,25.282317,26.423527,26.365030,25.703602,26.170423,20.401766,27.327739,32.047654,21.382244,26.448481,26.894020,26.766291,24.563019,25.317983,36.070044,23.361815,28.091753,30.733507,27.679005,29.764809,30.607871,27.781608,26.780305,35.758192,32.183879,22.460257,22.727124,29.585129,28.350178,31.506335,31.906700,26.593807,31.865046,27.465249,27.128888,27.062774,28.739087,26.194004,28.677228,28.354719,28.045759,27.010546,27.649265,27.470896,26.104567,27.693845,29.296827,26.772387,31.465733,27.367748,26.733553,26.890851,27.656699,27.883557,29.511902,24.993033,25.648602,29.089663,29.796838,28.772712,27.816446,30.779966,27.602305,30.552709,26.310991,26.570312,29.560160,28.570259,29.445848,26.698020,28.485079,27.104237,29.430881
Siêu Thị T-Mart,24.691834,24.737133,23.874441,28.036629,27.121810,25.299021,19.604172,31.729482,25.757052,0.000000,25.949450,27.379014,29.480483,25.159075,26.651253,18.483086,31.149897,26.685472,21.688379,22.138340,29.329454,32.050867,23.358073,29.344790,22.087531,25.692560,30.275429,30.346708,31.791503,26.870419,25.280126,28.824694,25.366585,24.521408,29.398214,28.478977,24.753798,25.242429,25.352018,27.145801,30.341554,31.331139,24.893849,30.011971,25.515470,25.469660,31.548052,26.639934,25.583664,21.950281,30.125812,25.129688,24.204036,24.993597,28.867251,28.237774,24.826604,28.089555,22.290996,26.466674,33.221934,25.152576,27.411300,26.618053,26.991081,25.936995,27.722624,38.299557,27.882114,27.398849,26.245237,27.482725,31.034661,31.930227,29.621196,24.650001,37.656826,32.499917,21.999903,25.060360,29.729653,28.711388,32.287120,32.223336,25.331970,32.868272,28.026162,26.652504,28.594730,28.991394,25.049069,29.023515,28.647956,28.435008,25.715299,26.078608,22.238615,26.770351,29.157123,29.524785,25.499031,32.447844,23.590168,25.292509,27.448115,25.894266,26.343305,29.690791,27.643970,23.982431,29.331312,25.852547,27.280853,26.275068,30.768456,27.874185,28.375017,25.550754,25.159418,29.691918,29.137439,26.778035,27.276006,26.005763,27.664870,26.414157
Trường Trung học cơ sở Tân Định,25.732013,28.090385,22.341983,22.395649,26.359054,24.272146,25.099336,27.101011,18.116384,27.334685,0.000000,29.275656,24.806031,17.009625,14.491517,26.340390,21.219197,25.677094,20.958206,29.132744,20.160081,31.411596,26.488757,28.030539,27.692358,24.996743,27.717033,27.709163,29.555576,26.045889,26.389252,29.612741,27.697340,24.974362,27.079630,19.076978,26.285727,26.088540,26.872586,28.321435,20.935830,31.012185,26.301167,27.533478,27.199903,24.976152,31.154416,29.255422,24.269690,24.645332,22.502952,21.703458,26.216308,25.829290,20.752757,26.131499,26.134283,25.937360,24.636846,27.705826,31.904259,26.093472,24.960145,26.975559,23.333464,26.644684,25.181787,35.058617,24.176613,28.370835,30.627133,26.689520,29.612712,30.449570,23.734407,23.716720,34.877476,31.966979,25.953567,26.295850,28.262959,27.150172,26.962169,31.690487,26.467996,31.747923,26.302839,28.042786,26.878818,27.655463,25.394423,27.475484,27.356506,27.086371,26.879347,26.932037,26.758248,26.764482,27.521815,28.153297,25.988010,31.349940,26.758880,26.027107,26.056191,26.885767,27.099986,28.386918,22.533516,25.173162,28.126445,29.001527,28.007905,27.108643,29.845301,27.040591,29.654123,25.686127,26.033764,28.641638,28.503235,28.655472,26.626234,27.767186,27.038162,28.751845
Trường Tiểu học Hoàng Liệt,29.544707,31.467347,27.719357,29.118457,30.519457,27.117967,30.646751,31.695567,26.507935,27.990824,28.899137,0.000000,28.445859,28.288013,29.203615,23.743431,31.284890,27.074704,23.955316,19.523808,31.779510,27.976241,18.832706,28.485503,22.149322,26.444998,24.463546,30.790879,31.678008,27.091447,16.166716,24.338418,25.353528,24.320848,26.091237,30.544686,24.550601,19.880949,23.640830,27.004947,32.096539,27.471796,22.960867,30.467152,23.908933,26.084590,28.254351,26.503189,25.458503,23.863737,31.761956,30.178752,22.616581,24.861381,30.793576,28.792279,23.567503,24.208684,23.625834,23.735592,33.115793,24.927178,32.022089,26.238564,30.266818,25.455791,29.102863,35.709580,27.126835,25.122601,26.159912,26.881157,31.210776,32.016221,31.096785,29.875700,35.263333,30.734556,22.009808,24.815576,33.087389,26.543755,33.309758,30.251955,24.628623,32.800973,31.669718,24.963514,29.021119,26.669141,24.926168,26.720733,31.844165,25.786460,24.859917,25.571200,22.028680,31.393183,29.512511,32.534025,25.106381,28.762894,23.264095,24.849228,26.663029,25.404301,25.824864,32.566334,28.313046,24.397108,27.504235,25.359841,26.675229,25.751110,28.719032,27.960258,27.694621,25.076698,24.877154,32.179857,29.721286,26.245686,27.806106,25.604863,28.175720,25.883227
WinMart+,25.815535,26.673203,23.587301,24.900182,22.292048,21.752012,23.109027,29.500388,20.600280,28.058981,24.113208,27.702839,0.000000,23.361150,23.920528,25.092908,29.443257,21.001105,16.167254,24.560303,26.699734,30.412711,24.991374,26.512661,30.197048,21.203529,28.693870,28.898117,30.630315,23.305176,26.336359,28.499739,28.607575,20.892413,28.066289,25.661655,26.111396,26.145901,22.372005,27.351213,28.096201,30.046104,26.154156,28.631576,26.149592,22.650639,30.288509,29.980258,19.693048,23.874818,27.850040,22.948124,25.132581,22.137990,26.695092,26.986113,22.658686,26.809547,19.719133,26.813031,32.589176,18.750307,25.336303,24.537080,25.405035,22.042888,25.754753,34.749828,20.802343,27.511319,31.064339,23.117807,30.236554,31.143106,25.544305,22.881028,34.599461,31.490748,20.111794,20.971625,28.642578,27.467761,30.584090,31.105934,26.930403,32.302981,26.627438,28.544992,27.574389,27.946267,25.578449,27.819355,27.598027,27.366903,27.353907,22.250936,18.711829,25.408560,28.189266,28.487843,26.212675,31.872411,20.425075,21.375637,26.301104,21.748369,27.341595,28.723126,26.671418,21.827174,28.422421,29.258253,23.224738,22.487556,30.144833,25.087385,29.941482,25.880334,22.224818,28.929586,28.744154,28.908568,26.861325,27.949741,27.267463,28.975612
WinMart+,23.322909,25.038029,20.312431,14.121106,22.592293,22.088792,23.536936,17.248667,22.418350,24.765816,15.924871,26.918115,22.160267,0.000000,16.986656,24.217796,16.654984,23.050693,19.863653,27.077194,19.187141,29.182377,24.925389,25.323237,25.520260,22.829312,25.502979,21.717688,22.857872,23.791773,24.629439,27.699729,23.240468,23.423328,22.429034,24.191308,24.525457,24.392683,24.822141,26.851695,23.250697,28.654780,24.553395,22.138160,25.856697,23.231440,28.921597,25.132489,22.986329,23.314734,25.791672,23.424167,24.998272,24.288660,22.668555,22.472407,24.528496,22.245410,21.033264,26.025172,26.616102,24.731943,27.682271,25.342328,25.514378,27.941150,23.756569,32.276695,22.815980,27.014474,27.870728,28.116142,26.058406,26.099180,26.055417,25.496017,32.294646,30.189630,27.181835,27.262035,29.847855,28.831742,28.742350,29.974287,24.335816,27.715505,28.109976,25.464561,23.776435,29.047170,26.976755,29.053839,28.759676,28.385841,24.553363,27.790521,27.647933,28.226080,24.360237,29.503657,27.182119,27.783010,27.469108,27.051126,27.320918,27.881072,28.076940,29.640369,24.281751,25.833078,29.198907,29.684906,28.786996,27.950728,30.572335,27.616013,30.357681,26.585601,26.812279,29.571987,27.225939,29.391170,25.534452,28.560127,25.949543,29.294801
Cục Dự trữ Nhà nước khu vực Hà Nội,26.257098,29.406633,24.493470,25.908411,26.032099,23.707290,25.619024,30.567714,19.894460,28.528475,18.150306,30.519560,24.307620,18.327485,0.000000,27.147130,30.199374,25.392883,20.224511,30.180469,21.220623,32.733344,27.134532,28.265222,27.808921,24.650212,28.713690,29.482587,31.192048,19.795721,27.040752,30.623379,29.065027,24.802773,28.553253,22.893328,26.875756,26.619584,26.857948,28.992169,26.981391,32.224770,26.890186,29.177959,27.756431,20.166417,32.281230,30.368127,24.019092,24.980283,26.602930,24.618640,26.670201,25.717235,25.107409,27.406158,26.051177,27.229805,26.550350,28.343635,33.018260,26.487972,28.550569,26.974847,25.831278,28.759850,24.277678,36.649814,24.052502,28.985157,31.321879,29.002341,30.581880,31.540542,26.796370,25.953567,36.345714,32.729452,27.608623,27.718121,31.350663,29.939312,31.044781,32.579105,27.166455,32.648658,29.040324,27.808146,27.921615,30.139276,27.209979,30.308482,29.640830,29.327816,27.590016,28.591157,28.406425,28.974477,28.537089,30.850090,27.785176,32.196361,28.174139,27.684205,28.018986,28.691606,28.922074,31.020406,24.214405,26.236056,30.373820,30.854193,29.786162,28.758329,32.014384,28.348694,31.738272,27.151473,27.238533,30.771307,28.879274,30.502958,26.985244,29.384655,27.385542,30.336493
Trường Mầm Non Đại Từ,22.982640,22.336963,22.666448,25.889074,24.856175,21.584146,19.238124,28.272125,23.775452,18.403097,24.400400,22.031659,24.944957,23.869602,24.998878,0.000000,28.494046,24.133854,20.810617,18.239253,27.017468,28.171251,22.890509,26.452487,19.011802,23.749304,23.986728,28.282266,29.380986,24.753978,21.811311,26.179846,27.108859,21.849000,27.791291,26.701737,21.112160,22.944710,21.827608,25.501518,28.327333,27.908181,21.489562,28.126311,24.215242,24.027483,28.413990,28.572234,23.662154,19.447324,28.152585,23.988494,23.201014,23.214385,27.268704,26.984710,22.153257,26.843465,21.605958,18.906306,30.856860,23.486075,25.664888,25.117965,25.677988,24.627379,26.410892,33.614809,26.208708,25.906430,27.742631,26.463897,29.461402,30.001365,28.007675,23.754303,33.583224,22.091161,20.673364,23.978714,27.947470,27.146682,30.101384,29.866111,26.390298,30.900308,26.521701,28.030601,27.441389,26.248883,24.098378,27.364483,27.283864,25.369757,26.813662,25.122714,21.045117,25.636155,29.235561,27.870568,24.538153,31.667762,22.633358,24.235826,26.393181,24.828957,25.330281,28.054047,26.603248,23.190613,27.360250,24.920666,26.354521,25.335007,28.752163,27.141248,27.570633,24.717874,24.428546,28.323381,29.447265,25.962041,27.548160,25.285303,27.925143,25.642177
WinMart+,29.032479,31.491270,25.837783,24.154214,31.788989,27.656183,27.619609,26.464341,27.737937,30.300788,20.492907,31.848887,28.885539,17.636828,29.104703,28.904294,0.000000,29.355305,23.551343,31.369475,33.091451,33.512773,28.659665,31.019156,29.976573,28.167344,29.968028,23.568417,26.755232,28.988397,28.293839,31.647813,25.197236,26.849551,24.070029,31.142733,28.234441,27.982121,29.202236,29.989724,25.061808,33.027941,28.217236,23.994070,28.871991,27.357650,33.015289,27.871553,26.202341,26.348802,32.914428,30.463031,27.851607,27.759671,24.162904,23.640696,28.064562,23.337154,24.111976,29.250582,31.893742,27.565405,33.178199,28.731256,30.470921,26.823570,25.190395,36.658458,25.785519,29.884201,30.209026,32.010683,28.609642,29.579296,31.803262,30.142427,36.330584,33.160418,24.925484,30.110651,34.431320,33.286778,35.003415,33.108403,25.395078,31.656628,32.570844,27.143802,25.156248,33.114672,30.333355,33.438512,32.639456,32.184120,25.835413,30.827369,30.692181,32.088509,25.962593,33.663726,30.578498,31.104410,30.194080,30.184762,30.863662,31.135871,31.329580,33.700555,28.021150,28.219983,32.863233,32.800536,31.889740,30.973718,33.977232,30.164694,33.685998,29.474585,29.373490,33.094751,28.111502,32.544589,26.138144,31.619576,26.590385,32.100363
Cà Phê Parkland,25.687146,26.698084,23.769748,24.949382,22.740663,22.962934,23.591876,28.703177,21.453761,27.925851,24.249410,27.684646,21.627934,23.574019,24.019445,25.487596,28.903327,0.000000,17.924399,24.892729,26.525859,30.109168,25.233244,24.248488,28.656531,14.497687,28.430893,28.530533,30.053609,19.359958,26.415709,28.402647,28.336052,20.657300,27.831134,24.625320,26.258414,26.266683,21.643833,27.357892,27.204713,29.786613,26.288933,28.318205,26.246644,20.128229,30.030643,29.624963,19.704902,24.195111,26.949137,22.026065,25.296802,21.665166,25.898160,26.864183,22.075363,26.699911,17.703961,26.810967,31.915118,18.880921,23.594474,23.673673,24.215983,21.618805,25.048820,34.031862,20.576091,27.506457,30.748121,26.135841,29.903899,30.676124,24.390537,21.585069,33.946858,31.243112,20.056214,20.839726,27.820851,26.541233,29.809682,30.842935,26.851445,31.772327,25.562436,28.349903,27.431673,27.198830,24.751948,26.949104,26.873601,26.607567,27.251336,26.583475,26.388403,24.431069,28.011613,27.766806,25.465148,31.424235,26.442851,25.567639,25.516395,26.489658,26.727622,28.059370,26.024633,24.803166,27.811568,28.835599,27.755837,26.772206,29.754445,26.772543,29.545454,25.258637,25.666988,28.392564,28.641024,28.446949,26.812295,27.469081,27.206635,28.588960
Trường Mầm non Định Công (Cơ sở 3),22.776820,23.139604,21.274318,21.750523,19.850539,17.875120,21.482688,23.239591,18.983853,22.260532,21.334087,24.032567,15.984844,21.271627,21.316450,21.677291,24.254694,16.811125,0.000000,22.315328,22.827151,26.195382,22.846148,19.524639,19.652562,16.634496,23.650627,24.966180,25.553669,18.648449,23.092987,25.153937,25.376379,17.187077,24.916436,22.314385,15.965249,23.383261,16.572514,24.861617,24.127968,25.894469,23.026753,24.987854,24.031727,18.098768,26.289612,26.428079,16.347951,21.971573,23.857523,20.896576,23.355244,18.191256,23.627878,24.563999,18.578501,24.418017,17.051767,24.249576,27.535979,16.378098,19.923838,20.610126,21.108205,18.706220,23.035804,29.138697,17.788372,25.156538,28.130637,20.160526,26.959865,27.122071,21.125915,19.599199,29.380031,28.199696,17.675596,18.948032,22.946984,20.651073,25.942617,27.732830,25.265272,28.104116,21.718443,26.156379,25.250422,19.772234,19.134766,20.954872,23.062369,19.713379,25.439183,20.200264,16.879350,21.472709,25.678764,23.291306,19.790635,28.109317,18.670240,19.317932,19.705711,19.591036,20.108952,22.120397,23.234778,20.168468,23.819648,20.243221,21.054694,20.441376,25.402591,23.156255,22.389558,20.541723,20.580717,24.378439,27.443726,21.318034,25.912938,24.237137,26.282081,21.409821
Highlands Coffee,28.686996,30.000462,27.317123,28.563427,29.605921,23.676732,29.713396,30.681776,24.347461,23.052760,28.386523,16.993801,25.336327,27.949788,28.660210,19.951523,30.516676,24.655521,22.264946,0.000000,30.898854,27.404813,20.422305,26.178421,19.696499,24.343634,15.459865,30.244685,30.952341,25.017289,12.760074,24.599577,25.363964,21.464242,26.025899,29.920457,21.019422,15.574927,21.492291,26.813353,31.334111,26.997455,13.567759,29.982636,24.140020,24.395475,27.676324,26.363327,22.990433,13.701710,31.026701,29.689621,23.000943,22.632051,30.246949,28.532396,21.833415,24.302103,22.369300,23.907732,32.345620,22.784916,25.505670,24.019185,29.826891,23.643840,28.717631,33.626521,24.534591,25.175779,26.096323,25.232323,30.765699,31.448891,30.530221,29.478468,33.522289,30.111826,20.607173,23.310079,27.289603,25.090345,32.470159,29.612043,24.642367,32.187933,26.153310,24.942795,28.765327,25.096557,23.571949,25.270639,26.867666,24.428954,24.854807,24.162393,20.774029,25.502824,29.222254,27.229063,23.699350,28.502572,22.120309,23.423433,25.300591,23.892031,24.327635,25.857895,28.105421,20.862486,26.129791,24.036613,25.179703,24.369085,27.331998,24.272358,26.265844,23.913497,23.789712,24.796119,29.559454,24.954225,27.721375,24.455493,28.084969,24.725010
WinMart+,25.453990,27.832404,23.144062,23.319144,24.810366,23.254979,25.115390,26.858504,20.160327,27.330744,20.901665,29.322004,23.653158,19.867988,16.398885,26.345916,22.469482,24.636412,20.323393,29.188509,0.000000,31.453730,26.542141,27.887134,26.985349,24.164037,27.699749,27.525704,30.847994,28.482818,26.373480,29.666068,27.541575,24.420042,26.996463,21.732998,26.283833,26.089280,26.203677,28.360195,20.982966,31.062610,26.303207,27.390773,27.238851,25.868655,31.202621,28.928599,23.775790,24.687629,26.945748,24.379465,26.255839,25.314746,24.986031,26.161091,25.619752,25.985711,26.664864,27.687572,31.120397,26.120264,29.219398,30.141683,25.878125,29.015354,23.916105,35.036771,23.700590,28.411278,30.262813,29.337945,29.279993,29.953034,27.094866,26.010139,34.845571,31.979748,27.801913,27.882318,32.324690,30.625467,32.470687,31.721498,26.444748,31.124210,29.533189,27.858623,29.462337,30.743470,27.393202,30.992744,30.207257,29.696628,26.831609,28.731697,28.522639,29.442628,27.418694,31.547308,27.919131,30.833988,28.218783,27.743362,28.163846,28.864753,29.112630,31.707010,24.029141,26.166171,30.823992,31.206684,30.034741,28.890678,32.582615,28.387722,32.259121,27.131165,27.328446,31.248303,28.393841,30.821341,26.590011,29.668398,26.989801,30.559434
WinMart+,29.937835,33.665324,27.879353,29.550098,31.643375,26.980510,27.300248,33.030317,28.650486,27.392867,29.485987,27.750664,28.125583,28.800327,29.822375,26.065570,32.272553,29.489977,24.199704,27.901509,33.035352,0.000000,24.108662,30.545799,25.815327,28.637311,27.743196,31.561714,32.569849,29.150954,22.368032,21.593849,23.253569,27.492906,24.147907,31.324365,28.217027,23.643808,26.374238,24.368717,33.061130,23.387132,25.953909,31.190676,20.326907,27.848399,25.008262,24.194366,27.944332,22.427742,32.695025,30.717737,18.876801,27.306520,31.445616,29.149138,25.868469,22.408867,30.171434,21.320368,34.056000,27.241325,32.844041,28.199586,30.711799,27.202571,29.459192,33.937238,28.919731,22.534493,24.470973,31.742952,31.814533,32.837900,31.746243,30.243785,28.085229,29.387824,24.293134,26.482239,33.860254,32.884696,34.338465,25.969219,22.484443,33.670463,32.259057,22.259053,29.346414,32.713897,30.449585,32.986826,32.343598,31.875459,22.641077,26.854059,24.002137,31.843604,29.892949,33.168446,26.558942,27.575290,30.418075,26.354195,30.668449,26.871950,27.186291,33.186938,28.493859,29.824882,32.444462,26.639166,27.817092,27.027053,33.402496,33.481392,33.136457,26.253115,26.053768,32.638690,29.256840,32.126777,27.341459,31.296539,27.721718,26.905960
Trường Mầm non Hoàng Liệt (cơ sở Tứ Kỳ),25.766135,26.250560,24.949698,26.384595,27.025539,25.796682,26.635191,28.285921,25.952338,25.965019,26.199191,19.641820,26.826325,25.935159,26.573768,23.532648,28.446620,26.012587,23.815325,21.723448,28.651905,23.134893,0.000000,27.148581,22.398641,25.625232,21.363780,28.504033,29.107560,26.135572,19.199206,21.063577,23.631506,23.909371,24.338684,27.977449,24.029265,17.015591,23.443703,24.593502,29.466973,23.031908,18.794398,28.375871,21.666526,25.422407,24.197361,24.387694,24.827851,17.632199,29.164314,28.001993,20.667066,24.389061,28.504020,27.261181,23.403970,22.901523,23.439936,21.481231,30.638295,24.429451,29.629353,25.425539,28.299011,24.831765,27.181153,30.392552,25.906525,22.939105,24.620123,26.047433,29.515414,30.035683,28.882188,28.042467,30.713769,28.186315,22.122097,24.398539,30.878896,30.146995,30.754204,27.248988,23.441882,30.833413,29.622979,23.475922,27.615285,25.902425,24.527256,30.246888,29.968847,29.614507,23.603668,24.971444,22.052945,29.561775,28.057759,30.508182,24.626138,27.201361,23.069753,24.385150,25.939289,24.833286,25.194351,30.569139,26.832304,21.396426,30.159433,24.827981,25.892665,25.160318,27.696558,24.518961,26.783188,24.621543,24.490700,30.416555,28.958675,25.605064,27.203326,25.102615,27.566008,25.318809
WinMart+,30.615815,32.874379,25.293473,26.423315,31.803062,26.042909,24.933620,29.509476,24.120102,29.101374,25.449062,28.456520,26.281914,27.699902,28.404547,26.949189,29.509763,24.716822,20.821145,26.027377,28.252868,30.403691,26.197706,0.000000,29.414112,25.100745,29.121883,29.090845,32.992564,27.151242,27.326105,28.918105,28.810708,25.022037,28.382021,24.920545,27.202990,27.041842,27.461310,27.893461,29.400825,30.110586,27.209004,28.865987,26.895228,24.916745,30.292189,29.907240,24.178940,25.216851,28.981601,20.547806,26.022577,26.054298,26.859329,27.705437,26.428528,27.285905,20.853734,27.399662,32.187429,22.278318,28.671314,27.403926,26.886135,28.814869,25.477734,33.786363,24.155284,27.983797,31.130767,29.123749,30.455841,31.245165,28.446134,20.814167,33.726220,31.301054,27.493960,27.632257,32.250490,30.399143,33.266931,30.964908,27.189463,32.202920,29.246751,28.644700,30.564451,30.571551,27.024540,30.835046,29.931383,29.522647,27.576875,28.612398,28.397183,29.127057,28.666366,31.457187,27.699598,31.845735,28.122105,27.570095,27.946163,28.731330,28.986276,31.643523,25.027123,26.031654,30.746098,31.194235,29.971712,28.782865,32.617344,28.319057,32.281572,26.971247,27.116336,31.203986,28.898352,30.787134,27.076236,29.531611,27.458894,30.541831
WinMart+,27.578254,28.262650,26.557672,27.625468,26.505195,27.575056,25.255389,30.251525,25.941201,30.305718,26.866478,21.323946,28.377052,26.243203,26.503571,18.318321,30.162862,26.673398,20.765510,19.118809,28.475836,31.126937,22.101883,28.615810,0.000000,22.144175,21.246567,29.680121,30.815568,26.805023,21.043613,29.484057,29.330172,22.434664,28.959701,27.397721,18.593909,21.957345,25.222244,28.285314,28.915343,30.775173,20.906734,29.449574,27.229194,25.686433,30.927786,26.743971,20.447065,19.691701,28.752256,25.348187,26.298681,25.947099,27.867181,28.010460,24.370355,27.881434,25.990569,19.170927,32.137718,18.810172,28.797445,28.190702,26.924071,26.535461,26.956791,34.611205,21.857446,28.346523,26.412685,28.618317,30.458280,31.148837,27.003811,28.188406,34.479444,21.983234,20.631310,21.535885,28.913187,27.848874,30.541181,31.489689,25.584537,31.990403,27.147348,26.893260,28.355263,26.315672,23.980449,28.148821,27.943670,25.209821,25.914224,23.022200,18.737990,27.412238,28.842934,26.638010,24.781002,31.691109,20.749741,21.986852,24.746565,22.480899,23.077344,28.740378,27.037259,22.305110,25.939559,22.938161,24.228178,23.274352,27.031549,26.115369,25.680479,22.989183,22.797837,27.793918,28.964001,24.132385,27.200120,23.618591,27.571150,24.000742
Trường Mầm non Sao Mai,25.167250,25.951302,23.549427,24.542822,22.551705,22.740144,23.425135,27.406556,21.538468,26.637073,23.907190,26.991612,21.813054,23.403217,23.705806,24.886238,27.896386,19.481250,14.357173,24.576749,25.912173,29.235403,24.922303,22.539186,27.545197,0.000000,27.362041,27.812726,29.024400,19.360063,25.836019,27.761787,27.765221,18.559122,27.296098,24.924933,25.708640,25.792381,18.594380,26.923508,26.961987,28.983121,25.740772,27.669025,25.909142,18.744951,29.252073,28.977695,17.629255,23.995774,26.684778,21.616641,25.049819,19.574704,25.932882,26.493851,19.996198,26.336188,17.129905,26.364300,30.885727,17.393578,21.506830,21.906022,22.606234,19.899266,25.108955,32.787151,18.918230,27.101455,30.187902,21.197409,29.292774,29.890125,22.767984,20.553226,32.802458,30.625092,18.661840,19.774660,25.422245,24.458584,28.989467,30.172174,26.614810,30.927878,23.642134,27.929210,27.062974,25.246887,23.491912,24.818013,25.125430,24.891030,26.983491,25.257587,17.662041,23.030912,27.595843,25.644815,24.116802,30.684726,19.392820,24.319070,24.077221,25.075896,25.300257,25.954672,24.729195,20.842220,26.006180,27.239765,26.280377,25.465647,27.855750,25.691445,27.718283,24.160294,24.739820,26.617038,28.425721,26.890964,26.669231,26.092309,27.051479,27.218309
KFC,26.699136,27.893423,25.638247,27.283020,28.517047,27.192629,23.451765,29.987796,26.504026,29.048239,27.296538,28.654358,29.181144,26.580742,27.802959,21.750770,29.820522,27.313932,23.310878,24.702723,30.134920,34.062061,26.660572,29.137700,19.398493,26.494544,0.000000,29.405632,30.518250,27.326792,20.412612,29.972119,29.632092,22.078427,30.313807,29.279110,21.425580,22.478127,21.979749,28.255467,30.832077,33.244193,19.859183,29.193175,27.995259,26.126713,33.198828,31.809041,23.866797,17.981799,30.649616,29.081431,26.605227,23.384268,29.515839,27.817563,22.266330,25.370460,23.305991,18.126788,31.864330,23.650287,27.640473,25.298401,27.248248,24.843630,28.431697,39.326372,26.673124,28.708139,30.043530,26.644572,34.003178,30.918978,30.128373,25.206227,38.583834,21.820936,20.758860,24.084275,29.531200,26.277597,32.462785,33.292487,27.797760,33.259133,28.112791,29.835955,29.652145,26.369178,24.196102,26.586831,28.630822,25.494610,28.330537,25.443118,21.247815,27.021327,31.180838,29.386899,24.642297,34.268205,22.805459,24.446931,26.568052,25.039220,25.506925,29.557251,27.489899,23.097611,27.557949,25.135799,26.623204,25.499833,28.992440,27.567923,27.856992,24.888205,24.504399,25.826763,30.314349,26.109556,28.201319,25.365816,28.595650,25.826584
Trường Đại học Công nghệ và Quản lý Hữu ,27.654540,29.275525,25.383117,24.252636,28.921609,26.590681,32.401798,25.227731,26.688375,28.573918,26.355670,30.187927,27.348812,20.867228,27.576752,27.656536,23.223276,27.755743,23.718848,29.976745,30.296961,31.757536,27.912585,29.106663,28.548637,27.044651,28.459285,0.000000,21.134767,27.673528,27.284579,30.324052,21.697166,26.127115,20.418819,29.220751,27.248409,27.056922,27.942403,28.020241,27.182715,31.162522,27.233504,12.912432,28.187422,26.541922,31.242382,24.604742,25.802508,25.802207,30.615962,29.038679,27.330891,27.015706,26.191340,19.336555,27.228346,20.736248,23.959002,28.175659,25.499229,26.854696,31.023647,27.769637,29.256118,26.101577,26.139283,34.061897,25.202790,29.076969,28.018939,30.469495,25.154546,24.807825,30.066797,28.921055,33.933099,31.693105,24.579039,29.142026,32.278672,31.391432,32.396099,31.762283,24.030310,27.894888,30.795433,25.361111,22.008388,31.358160,29.360070,31.510695,31.058463,30.645766,24.283102,29.618861,29.515318,30.593117,22.819500,31.757131,29.371929,27.975897,29.155925,29.061250,29.570184,29.859244,30.038538,31.812369,27.434289,27.465595,31.238157,31.334301,30.540026,29.776524,32.256988,29.153991,32.020468,28.487548,28.524389,31.483881,27.201516,31.113477,25.325125,30.347373,25.786497,30.818074
Không có tên,29.952028,32.016534,27.554260,27.127769,32.520826,28.855726,35.873852,29.885556,28.882019,30.997336,29.279498,32.279353,30.069966,22.969858,30.132045,29.727737,28.601839,30.382547,24.973346,31.815861,28.981777,33.653243,29.403597,32.181603,30.610406,29.243421,30.534940,22.085190,0.000000,29.885772,28.985684,33.346290,25.585663,27.682829,24.251454,30.570031,28.970176,28.724687,29.922199,30.183826,30.253883,33.245333,28.944660,22.925522,30.481602,29.899964,33.218123,28.642346,27.092089,27.135439,31.718229,28.204138,29.481676,28.518822,28.122531,23.069449,28.788255,23.353075,29.711592,29.773643,32.571536,28.168201,32.865079,29.339013,29.553732,31.344040,28.398277,36.446872,26.579173,30.714714,26.843187,31.759918,28.571436,29.691274,30.803216,29.301613,36.166285,33.279545,30.106984,29.862285,34.225208,33.047660,34.033275,33.263944,25.510133,32.035715,32.302953,27.427094,24.833513,32.895603,30.032647,33.210274,32.379769,31.953045,25.984182,30.606121,30.468738,31.813047,25.710233,33.460718,30.327239,31.353234,29.991245,29.947759,30.611121,30.911182,31.112529,33.504889,27.298210,28.017362,32.669335,32.634324,31.699827,30.769937,33.834929,29.987380,33.536917,29.248048,29.145994,32.916898,28.081262,32.378026,26.068840,31.425782,26.526764,31.944130
WinMart+,21.926628,23.308690,24.565110,25.559845,20.264877,24.665983,24.321223,28.197176,23.189269,27.671096,26.733340,27.626308,24.503400,28.351722,29.074558,25.933659,28.512678,20.906613,20.252696,25.372546,29.222924,29.600388,25.602554,27.028679,28.259327,18.720799,28.013426,28.313617,32.586666,0.000000,26.507110,28.222442,28.179350,19.741109,27.751089,26.935567,26.413567,26.388394,20.301159,27.344606,29.917792,29.344606,26.434667,28.148312,26.388621,17.871935,29.573259,29.282072,18.910066,24.694657,29.537957,23.192276,25.564394,20.698224,27.903614,26.927083,21.073070,26.781066,15.515017,26.803816,31.091943,18.331383,24.689163,28.731163,25.087447,27.279211,26.431694,32.837744,19.818428,27.477254,30.354700,27.440667,29.546753,30.149890,25.329151,21.305441,32.841446,30.773500,26.181449,26.574877,30.621634,28.495088,32.614497,30.368306,26.874621,31.100980,27.065798,28.168975,27.416143,29.030362,25.439469,29.070002,28.476603,27.986402,27.237423,27.494142,27.243658,25.162719,27.920361,29.988545,26.238937,30.852808,27.123927,26.275246,26.394603,27.476392,27.757614,30.282560,26.949616,25.083044,29.492048,30.283649,28.946454,27.675132,31.745353,27.433050,31.405338,25.785452,26.194189,30.089067,28.548413,29.812765,26.809295,28.532048,27.185807,29.713194
Không có tên,25.511664,25.902884,24.808015,26.184609,26.857042,25.205716,22.919150,28.070302,25.411281,25.197443,26.153597,25.611616,26.857708,25.633745,26.604271,21.551008,28.262127,25.885377,22.932955,12.930239,28.380938,30.363339,19.689860,27.448807,19.945673,25.400945,21.110854,28.136098,29.008779,26.098440,0.000000,27.825499,28.253098,21.822865,28.865160,27.911665,21.368141,18.368355,21.806588,27.000513,29.256032,29.988987,14.184859,28.013920,26.717843,25.296696,17.030802,29.804258,23.201074,14.014815,29.103701,27.943247,25.648751,22.881521,28.273675,27.040981,22.071829,24.833027,23.024217,16.268052,30.285156,23.107176,26.601396,24.394929,26.431499,24.153803,27.438592,34.912160,25.139712,27.396988,28.743580,25.779547,32.353609,29.613139,28.862871,24.714580,34.796575,20.976748,20.837802,23.639683,28.358470,25.564764,30.760896,31.104198,27.120342,31.634072,27.167178,28.831687,28.707600,25.581393,23.781350,25.832058,27.726733,24.915821,27.560215,24.685254,21.171143,26.314316,29.991372,28.306617,24.150419,32.450992,23.314776,23.924792,25.865919,24.421547,24.863291,28.451549,26.817953,22.403280,26.727284,24.561280,25.760111,24.908087,27.977929,26.491552,26.881528,24.430756,24.133901,25.298417,29.791280,25.488271,27.859054,24.890482,28.235902,25.271076
WinMart+,28.189177,29.836124,23.513785,28.321098,29.540044,26.122499,28.212361,30.770291,27.684794,26.186784,28.226198,29.248294,27.141954,27.804679,28.546357,25.369269,30.578266,28.427555,24.075041,29.100310,31.021400,20.855617,23.890153,29.410550,26.803315,27.812481,26.700793,30.317172,31.043286,28.279801,24.005800,0.000000,23.913747,28.273385,24.739903,29.934269,28.977265,23.498512,27.181984,25.207782,31.462110,18.060807,25.464956,30.047759,16.830288,27.271087,20.213432,24.890504,28.629115,20.268643,31.138815,29.664398,15.573420,28.022866,30.258148,28.488821,26.639008,22.978695,29.468031,28.989132,32.516310,27.927046,31.435636,28.767004,29.797587,27.775415,28.633323,26.958108,29.367961,20.070218,24.979593,30.813675,31.655951,31.604224,30.569823,29.430943,26.407792,26.240362,25.131610,27.089046,32.526282,31.708549,32.676921,24.345251,21.773033,32.387567,31.157402,21.296555,28.737752,31.652655,29.769271,31.802679,31.372031,30.962334,21.904775,27.332872,24.752756,30.935366,29.257067,32.020536,27.106717,27.873992,28.831162,26.913304,29.931775,27.404344,27.681830,32.058152,27.995831,28.228521,31.496224,27.137265,28.236449,27.511704,32.428579,31.750942,32.202534,29.738677,29.039175,31.720427,29.350319,31.349878,27.456815,30.625751,27.831530,30.243649
MM Mega Market Hoàng Mai,34.295326,37.136067,28.385008,23.689811,34.726245,31.399795,35.967220,23.941018,31.857852,32.479597,25.121273,35.778342,25.918613,21.461058,32.886409,33.168942,22.809890,26.290061,23.501036,34.546924,35.376568,32.799900,30.534247,27.394904,30.330098,25.896197,33.218953,21.328596,23.540745,26.401683,28.039670,32.452356,0.000000,31.887734,13.186730,27.311888,33.032615,29.129268,30.280836,28.179178,27.043459,35.262033,30.857262,21.814527,28.966426,25.685860,35.032327,19.043955,31.860780,30.345038,28.080659,26.369358,27.774627,31.100166,26.278921,22.279890,29.336817,15.622475,23.699129,30.084747,26.636911,30.903055,29.031984,31.681082,27.509084,30.338254,26.153707,39.065428,32.447029,29.371617,22.621760,30.852185,26.026837,26.061753,27.980701,27.319885,38.396069,34.213000,30.791686,29.409169,30.345759,29.650522,29.709159,34.727018,22.862035,27.773651,29.142091,24.609578,23.672252,29.748981,29.987381,29.758862,29.553799,29.215304,23.166489,30.273015,28.984669,29.157797,25.396287,30.040980,30.128129,28.127019,27.360996,29.976478,28.358131,30.565855,30.787182,30.115745,26.268126,27.918999,29.767344,29.978759,31.251025,30.428631,30.743743,30.746833,33.252654,30.595910,29.021924,30.045844,27.387806,31.881471,25.614825,30.947203,26.041683,31.106996
Trường Tiểu học Đại Kim,24.939790,25.015655,24.382489,24.901037,23.713490,26.089891,22.648975,26.513672,23.214196,24.080092,24.452604,24.804755,20.711163,24.065841,30.029332,21.414327,26.993326,22.660917,17.761465,22.729941,25.719599,29.005822,24.659343,23.803444,22.367056,18.904294,21.687235,27.047756,27.864447,20.196190,21.328269,26.981740,27.618295,0.000000,28.189281,29.148198,13.447637,22.186494,18.068561,26.355439,30.435633,28.754176,19.408149,26.985506,26.172085,19.636976,29.070532,28.919558,15.748560,20.947567,30.282412,26.594694,25.237624,21.210906,29.352496,26.223139,20.187026,24.585137,24.829750,26.096838,29.233279,18.524335,27.713950,25.374932,27.452463,24.503109,28.276502,33.080661,19.094192,26.810246,28.127301,27.264664,31.532389,28.665581,27.530955,27.317349,33.084734,22.711214,18.437314,20.095255,27.854582,26.688091,31.782820,30.114891,26.770666,29.478787,26.022070,28.280310,26.698570,24.911936,22.731368,27.029520,27.044803,23.971566,27.174397,21.861320,17.264130,26.490780,29.390834,25.619439,23.647320,31.558976,19.623703,20.686363,23.597453,21.133454,21.814431,27.812463,26.275208,22.356326,24.962896,21.833119,23.093595,22.144573,26.198459,26.383061,24.740228,22.039464,21.909168,27.005621,29.488658,23.163359,27.661929,22.734732,28.027059,23.131250
Không có tên,20.425033,34.932870,19.335025,23.856013,27.113491,25.751751,33.589422,24.209093,25.854899,31.295120,25.383942,33.704869,26.215606,21.460188,26.446968,31.998322,22.987379,26.589486,23.588506,32.959889,28.433198,31.459844,29.670230,27.734714,29.671017,26.151824,32.001465,21.324194,23.880279,26.675060,27.564779,31.266780,13.945560,31.031103,0.000000,27.666162,31.937425,28.517506,27.023834,27.643603,27.399601,33.657110,30.133525,21.863537,28.448702,25.891804,33.582962,15.207378,31.126131,29.779453,28.458800,26.616988,27.408058,30.459437,26.551421,22.341057,26.563622,15.213770,23.801662,29.459739,27.210133,30.293116,29.426867,31.008797,27.782205,29.829159,26.431939,37.066931,31.608392,28.850330,22.903396,29.335823,19.916925,26.459677,28.309826,27.574376,36.652102,33.331770,30.303387,29.040562,30.749024,30.013988,30.145455,33.660865,23.005996,28.270567,29.487501,24.535886,23.804124,30.090084,28.460172,30.126587,29.873347,29.521166,23.269845,29.836152,28.636619,29.465735,24.442215,30.403465,28.485445,28.271706,27.159179,29.555303,28.617485,30.094047,30.309299,30.478077,26.450485,27.711921,30.084575,30.340825,30.746891,30.002170,31.078193,30.361500,30.888196,30.192869,28.758296,30.359032,27.365390,30.142264,25.603546,29.475901,26.030510,30.681977
Không có tên,29.045980,31.839023,27.126348,28.750629,30.438403,26.962214,27.830153,33.079827,25.247294,30.769604,21.313337,32.379406,28.255555,25.304641,24.793219,29.232072,32.309933,28.831400,22.908882,31.816747,21.778531,34.073341,28.943005,27.888591,29.653880,27.646546,30.316987,31.222461,31.795816,28.568278,28.507261,32.084338,29.125410,26.467676,28.662470,0.000000,28.465722,28.193726,28.861500,30.265864,26.380777,33.548220,28.446894,30.825590,29.101042,25.436459,33.492813,30.314296,25.811553,26.479821,25.624739,22.907662,28.038795,29.018091,23.494218,26.505236,28.718663,27.421342,26.468987,29.479051,31.243060,28.272850,29.702427,30.394130,25.088386,29.190722,22.808417,37.293237,27.397167,30.142795,30.484852,29.581565,29.578544,30.303463,26.355545,25.365196,36.895087,33.462973,27.770566,27.856435,33.307271,31.194086,33.196656,33.479655,27.248275,31.434795,29.892279,28.720568,29.844090,31.239223,27.315182,31.632134,30.541055,29.982283,27.656617,28.843826,28.611089,29.656156,27.704291,32.222888,27.947383,31.112253,28.270680,27.761143,28.224541,29.004517,29.272424,32.382842,23.343172,26.074591,31.260240,31.577317,30.282933,29.011481,33.178742,28.446974,32.795051,27.090089,27.275391,31.702050,28.502147,31.152984,26.681965,29.865105,27.075939,30.807743
Cà Phê 3k,25.667130,25.846524,25.034644,26.128055,26.520447,25.369843,23.639307,27.467982,25.480935,25.342038,26.072569,25.846074,26.534902,25.661023,26.372648,23.043021,27.793218,25.848380,18.723176,24.260250,27.856222,29.290686,25.451048,27.052281,21.465885,19.497894,23.751207,27.745956,28.449573,20.307716,22.891669,27.453438,27.904068,16.512458,28.428812,27.523285,0.000000,23.364996,19.445484,26.769419,28.654181,29.044845,21.321661,27.654934,26.621032,25.632392,29.309129,29.123889,21.433968,22.405832,28.525020,26.990468,25.744897,20.569199,27.868294,26.869644,20.334538,25.017130,23.508794,26.529272,29.571504,21.665178,25.514314,22.528588,27.709528,22.567570,27.085174,32.868726,25.539191,27.178126,28.349974,24.834964,31.510958,29.056481,27.770124,27.614644,32.884404,23.241166,23.694039,23.078438,28.072885,24.751394,29.877620,30.209768,27.004947,30.855839,26.634196,28.440529,28.394965,25.891562,23.360529,25.006722,27.394420,24.896746,27.390848,24.605615,19.628940,26.944824,29.497539,28.244478,23.844090,31.532048,21.744601,23.481542,26.132017,24.160452,24.795319,28.115931,28.034813,23.798794,27.281958,24.385222,26.073281,24.847512,28.910948,28.331536,27.545510,24.220049,23.917038,25.379025,29.543193,25.637342,27.751471,24.886885,28.104983,25.310587
Không có tên,25.704802,26.036263,25.011878,26.323060,26.879300,24.562426,26.224008,28.026825,24.949913,24.301797,26.296845,20.928466,25.909616,25.797843,26.645485,21.840333,28.324828,25.288859,22.891000,22.931922,28.445885,23.420733,18.314445,26.595214,20.480068,24.941734,21.662727,28.196000,29.036639,25.545985,18.265246,21.734901,23.823836,21.980646,24.476767,27.984458,21.679749,0.000000,21.943418,24.664549,29.283514,23.511889,17.891099,28.075573,22.078142,24.927674,15.775664,24.594176,23.091390,16.515452,29.111148,28.002769,21.191482,22.835449,28.329513,27.110499,22.148108,23.081781,22.966840,15.104555,30.281999,23.020097,29.599650,24.086297,28.251844,23.822488,27.384200,29.698808,24.519239,23.177538,24.674181,25.275334,29.209798,29.627302,28.891678,28.156444,30.119237,16.240205,21.058866,23.498960,30.854071,25.187471,30.637066,27.044989,23.742344,30.387928,29.703933,23.958200,27.492264,25.179904,23.641610,25.348021,30.028451,24.591593,24.001473,24.313987,21.226342,29.659594,29.249910,30.560804,23.921421,31.324625,22.577207,23.656151,25.393101,24.080990,24.484405,30.636737,26.876844,21.821599,26.167352,24.224740,25.261637,24.536345,27.295333,25.367839,26.278677,24.134327,23.976769,24.968585,29.416452,25.099810,27.619208,24.650945,27.978487,24.895397
WinMart+,26.665851,27.390758,25.418229,26.430300,25.094145,26.109676,25.104851,28.928400,24.491200,28.569338,25.771703,23.749777,21.534642,25.224080,25.440987,21.895390,29.128901,24.215636,16.910126,22.155764,27.437952,27.295548,23.869761,25.378421,24.305308,18.640155,21.200792,28.819658,29.907947,20.575762,21.096745,25.820424,28.605609,18.410889,28.218400,27.341590,15.765341,21.839610,0.000000,27.778469,28.925591,27.157952,19.697401,28.640394,25.331382,19.738704,27.520948,29.621508,15.951124,20.875008,28.713099,22.007029,24.566158,21.109475,27.844079,27.362134,23.136993,27.227834,19.129742,25.244718,31.385976,16.423345,24.937063,26.280841,22.917428,21.679347,26.833779,30.757028,19.359968,25.923673,27.188066,23.531648,29.855087,30.463961,23.061283,25.758018,30.926301,22.400189,18.626714,20.260771,25.854520,23.636071,30.549499,28.722524,26.197228,31.351769,23.928335,27.434987,27.783683,22.233795,20.512813,24.130082,25.415785,21.726127,26.536474,22.006357,17.323496,24.832987,28.270993,24.336814,21.631832,31.098994,19.701491,20.813572,21.557693,21.288529,21.968934,25.512527,24.941777,21.505047,25.155905,21.962990,23.265882,22.286330,24.708073,25.502554,22.164313,22.146087,22.037131,25.127993,28.691981,23.302995,26.958820,24.849678,27.329600,23.252484
WinMart+,32.287237,34.351174,26.778408,25.219295,32.828533,29.895133,32.810819,25.552896,30.568411,30.616512,31.347012,33.017776,30.373684,23.462911,31.439566,31.419076,24.947442,31.101412,27.038585,32.305864,33.679910,30.705342,28.875952,31.723784,29.057582,30.400039,31.450023,24.182332,25.844379,30.722070,26.768259,30.566058,18.841055,30.478269,21.030385,32.407465,31.382340,27.746627,29.153227,0.000000,33.612934,33.131627,29.547932,24.309878,27.748903,29.563957,33.086121,19.399580,30.609683,29.238646,33.299665,31.863883,26.679177,29.939104,32.470615,23.963599,28.397250,16.121650,31.181947,28.851770,27.818539,29.784978,33.320611,30.539120,31.780563,29.367551,26.810844,36.852297,31.159034,28.224189,22.147013,29.960510,28.783374,27.239792,32.568618,31.311501,36.425883,32.982773,29.880329,28.585857,34.051995,33.316573,34.398184,33.257539,22.601881,27.303060,32.824451,24.324064,24.011964,33.158859,29.188891,33.356765,32.884807,32.464660,22.888961,29.446720,28.199337,32.487731,25.168967,33.483696,29.306026,27.875735,26.713876,29.132954,30.142884,29.681781,29.913680,33.479674,29.859458,27.310611,32.874574,29.192083,30.372289,29.612540,32.892745,30.032860,32.325937,29.836578,28.370886,33.041454,27.309571,31.040531,25.537159,30.197821,25.969632,30.347119
WinMart+,28.426987,30.452089,25.076182,25.411612,29.048566,26.656496,27.536892,28.257802,25.321854,29.713192,20.840808,31.253379,27.583997,23.473895,25.050986,28.574416,24.803991,28.076491,23.330187,30.901723,21.501563,32.814462,28.506914,28.861662,28.959595,27.257393,29.465241,27.712770,30.065195,29.136871,28.045924,31.186278,28.154010,26.286421,27.650615,24.381116,28.016778,27.797599,28.302027,29.739544,0.000000,32.404397,28.008992,25.895795,28.720639,26.603961,32.430441,29.428471,25.798935,26.381163,23.202604,21.401147,27.787209,29.304472,20.213193,25.611302,29.075017,26.567616,27.198230,28.968923,30.090780,28.557242,30.133991,30.532434,24.108414,29.409892,17.368946,35.606267,27.674442,29.668801,29.813627,29.776647,28.722330,29.296119,25.082337,24.528823,35.372066,32.699840,28.188879,28.177520,32.867313,31.183006,31.974364,32.636944,26.746391,30.495450,30.115201,28.090526,29.137388,31.204434,27.861466,31.512882,25.779819,30.111949,27.136009,28.988490,28.793282,23.291380,26.928854,31.997062,28.286633,30.270015,28.437940,28.050676,28.548122,29.174378,29.419440,32.125930,22.697581,26.362580,31.185773,31.448972,30.290663,29.158385,32.854301,28.570336,32.517040,27.398240,27.573816,31.573784,28.174830,31.083971,26.402560,29.935429,26.801872,30.755970
Trường Tiểu học Chu Văn An,31.546567,34.208394,29.704071,30.898062,32.572960,29.003665,33.324338,33.553989,30.025355,29.717821,30.862858,30.352672,29.736474,30.126298,31.045872,28.430625,33.036548,30.709621,25.923864,30.030953,33.689335,27.882007,26.933493,31.510001,27.668264,29.950110,29.467462,32.241341,33.229685,30.355660,17.583437,20.682223,27.051725,29.111405,27.691453,32.264151,29.865747,17.211296,27.978202,29.181980,33.688099,0.000000,20.405753,31.875305,18.483594,29.133814,19.729830,28.418972,29.312331,20.520956,33.357293,31.698433,17.418833,28.782033,32.220192,29.977487,27.392886,25.691928,31.040409,18.172508,34.396657,28.701088,33.437527,29.510995,31.567179,28.472017,30.489422,18.312302,30.098138,20.655240,27.656173,32.412908,32.296653,33.218040,32.549545,31.181589,32.175646,28.346149,25.880130,27.777325,34.307831,33.467534,34.699549,26.701489,22.858045,33.928764,32.920102,22.772746,30.085314,33.310631,31.207381,33.535228,32.994337,32.548489,23.123374,27.964511,25.452953,32.555936,30.581530,33.690943,27.771695,29.994675,30.173544,27.577917,31.451312,28.070083,28.347317,33.702526,29.412674,29.547653,33.040183,27.779252,28.872422,28.155390,33.884875,33.363346,33.631356,27.354969,30.262102,33.224936,30.237731,32.740121,28.274972,31.996361,28.639382,27.931343
AEON MaxValu Linh Đàm,24.364732,24.371218,23.919331,25.284286,25.662289,23.733854,21.948739,26.865016,24.459250,23.110067,25.250670,23.855506,25.443925,24.818644,25.659979,20.120865,27.299486,24.809611,22.223143,21.316683,27.340675,28.746939,19.444446,26.353594,18.449902,24.465792,18.324591,27.320357,28.114582,25.157447,13.821303,26.592971,27.386157,19.389761,27.998058,27.033284,17.649384,18.254544,19.996317,26.125094,28.351046,28.492459,0.000000,27.242718,25.808557,24.541268,19.747617,28.746133,20.988330,16.640850,28.203400,27.187413,24.840260,21.185461,27.479635,26.446653,20.666552,24.263790,23.619866,18.859510,29.420667,21.173196,25.751181,22.929571,25.772465,22.861813,26.668504,33.215768,23.053131,26.517893,27.944833,24.766079,31.528839,28.854369,28.083059,25.487015,33.206836,21.439184,19.567188,22.343269,25.503929,24.713017,29.791063,30.024984,26.594399,30.798762,24.356135,28.140796,28.094750,24.403502,22.637588,24.921010,25.261698,23.816823,26.997582,23.497767,19.808179,24.887868,29.295994,24.205058,22.972369,31.556419,23.900878,22.652734,24.782218,23.106555,23.612985,25.637392,24.958065,22.927337,25.696184,23.418422,24.577695,23.746449,27.021530,27.635353,25.826033,23.408487,24.886431,24.381027,29.446466,24.466441,27.591253,23.984226,27.962127,24.303238
WinMart+,28.144481,29.728332,26.150110,25.416477,29.678168,27.216054,32.824394,26.731897,27.296711,29.085824,27.241145,30.632504,28.061302,22.293877,28.212626,28.146389,25.369993,28.410100,24.334190,30.381051,30.898178,32.159123,28.419137,29.623196,28.978506,27.654080,28.856796,13.955414,24.004828,28.229540,27.662133,30.712986,23.118183,26.534828,22.003524,26.719289,27.647713,27.453104,28.400506,28.449342,26.332171,31.497992,27.627832,0.000000,28.593421,27.043169,31.555769,25.670145,26.238512,26.185887,31.046881,29.472034,27.742794,27.427836,25.487837,18.017769,27.632445,21.903772,24.424785,28.480449,23.635983,27.166434,28.844123,28.130286,29.623254,26.458327,25.436834,34.258703,25.551586,29.440793,27.695677,28.866229,24.393851,23.590804,30.442991,29.255778,34.104411,31.871223,24.937730,27.957607,30.369891,29.564729,32.698148,31.993756,24.429769,27.236172,28.982436,25.771539,21.203235,29.668278,27.925603,29.696581,29.435690,29.071988,24.694301,28.353244,28.256364,28.994957,22.042649,30.016713,27.995384,27.467038,28.034504,27.782123,28.125609,28.515658,28.694529,30.101194,27.762542,26.526510,29.698259,30.008928,29.239820,28.535547,30.787832,28.106574,30.586239,27.324332,27.479496,30.000043,27.073346,29.789556,25.186678,29.087894,25.659236,29.636571
WinMart+,26.990403,27.756668,22.547801,27.305705,27.987306,25.452303,25.384707,29.004481,26.826974,25.377337,27.175589,25.537112,26.309152,26.961734,27.437400,24.835024,29.113509,27.443431,23.920921,25.898122,29.360505,20.380851,23.828822,28.305074,24.904223,27.004534,25.833038,29.122458,29.616980,27.405923,22.466512,17.695509,23.084647,26.036013,23.773106,28.650130,26.360878,23.362636,25.404390,23.839658,29.967775,14.181083,24.985344,28.984251,0.000000,26.617818,21.134323,23.732211,26.570666,20.735613,29.668995,28.589995,12.921535,26.136745,29.081387,27.886547,25.150523,22.499965,28.628079,25.971856,30.986576,26.089112,30.018591,26.809524,28.799732,26.118006,27.730338,22.472249,27.119034,16.955563,24.137793,29.739254,29.955009,30.486585,29.356940,28.509436,21.707944,23.907482,23.953618,25.693570,31.101185,30.430446,31.035934,20.938549,20.527468,31.196720,29.949860,19.716002,28.152806,30.453459,28.928247,30.505298,30.247493,29.896584,20.592555,25.955083,23.661872,29.869744,28.040936,30.732287,25.767716,26.688953,27.391023,25.559693,29.024142,25.957043,26.231932,30.774735,27.346796,26.807623,30.373949,25.832033,26.738436,26.141247,31.242869,30.104211,31.051764,25.573484,27.745728,30.612923,28.643035,30.357426,27.007239,29.740843,27.363916,26.126959
WinMart+,28.558544,30.054058,23.913047,24.653228,28.874698,23.601029,27.728040,26.423235,26.106558,25.894517,24.359990,30.770714,23.286927,26.404978,26.098302,24.832386,26.994319,20.962254,18.577303,24.654930,25.803078,32.117034,28.519596,25.957995,26.655038,19.386601,26.459988,27.110455,30.429372,19.157102,25.514421,30.781814,28.916116,19.885935,28.563598,23.669425,25.449286,25.551825,20.406981,29.585870,26.872053,31.790294,25.477488,27.036949,28.702150,0.000000,31.845942,29.836563,19.226627,24.166913,26.479899,20.534485,27.878866,20.739419,25.417533,26.891940,15.584497,27.598823,13.516204,28.907967,30.395153,18.629487,19.500532,26.688499,22.071606,25.070679,24.467405,34.547239,19.880966,29.535013,30.062482,24.955718,29.278500,29.782730,22.330611,19.092869,34.412982,32.262478,24.485427,25.166450,26.906426,25.175272,29.852117,32.131950,27.371047,30.652267,23.845548,28.549810,29.531925,26.257584,23.509616,25.803175,25.958385,25.616429,27.725301,25.888691,25.649301,22.820645,27.804565,27.001969,24.385737,30.462277,25.805091,24.643459,24.382501,25.697864,25.977329,27.423892,25.200040,24.068795,27.196997,28.532689,27.251443,26.108242,29.635189,26.234735,29.389308,24.384987,25.035900,27.940081,28.454512,28.056408,26.786571,26.921157,27.151204,28.262798
Trường Mầm Non Hoạ Mi,31.286227,33.457226,29.651406,30.737520,32.167531,28.974962,32.823579,33.072975,29.924905,29.593356,30.682556,30.188864,29.643578,30.040427,30.848468,28.444086,32.690224,30.561028,26.095833,29.922466,33.263104,28.106795,17.836903,31.309498,19.121952,29.868565,18.824061,32.018087,32.908837,30.245207,17.020331,22.046251,27.166575,21.590945,27.765479,31.996986,19.719701,16.313514,21.628908,29.163491,33.334792,19.924470,19.990458,31.688979,19.773316,29.106997,0.000000,28.451959,21.253989,19.978323,33.015513,31.514828,18.725723,22.394578,32.003445,29.919658,21.901331,25.866813,30.933322,16.638743,34.046306,21.292505,33.118839,23.327674,31.420029,23.092163,30.366954,31.263743,22.154904,21.566931,27.726438,32.215914,32.122744,32.974464,32.314034,31.045185,31.623429,17.574879,21.006356,24.026195,33.978546,33.196461,34.295292,26.956266,23.136471,33.650355,32.677945,23.122030,30.027750,33.063060,31.101624,33.258092,32.776429,32.352754,23.390389,28.907304,28.799623,32.367175,30.500729,33.414037,22.394277,29.937161,25.861008,22.128437,31.307767,22.435180,22.805297,33.431529,29.383356,25.077915,32.821365,22.697743,28.278754,22.930445,33.636851,29.165091,33.400389,22.743144,26.531339,33.012538,30.203143,32.562307,28.287244,31.859924,28.640024,23.418764
WinMart+,35.606495,39.348234,29.321967,26.712896,36.170051,32.444957,38.672169,27.540369,32.773842,33.880837,33.958243,38.133483,32.785278,24.483182,33.972621,34.530520,26.975049,28.626254,28.366743,36.330626,36.769480,34.364669,31.634876,29.535881,31.228554,28.068956,34.597463,26.021500,28.718543,28.502114,28.859864,33.828134,19.254928,32.950563,22.637055,34.914114,34.337599,30.078464,31.088068,29.064389,29.464525,37.080307,31.820120,26.006775,29.715997,27.547697,36.673630,0.000000,32.806761,31.152116,35.837763,33.957654,28.404886,31.968038,28.436473,25.032369,29.999844,13.937997,32.738777,30.974576,30.645464,31.739608,35.625915,32.556800,33.665521,31.042927,28.248228,41.080410,33.444021,30.095497,23.124640,31.530059,29.804375,29.323930,34.713443,33.054454,40.152161,35.230722,31.490146,30.014622,36.172825,35.316034,36.883892,35.856196,23.214663,28.319512,34.778390,25.187670,24.607501,35.016700,30.591936,35.350126,34.658000,34.167197,23.575349,30.891709,29.547339,34.225414,25.878403,35.417369,30.759327,29.075637,27.801140,30.599613,31.573973,31.244386,31.458916,35.379191,31.187459,28.359130,34.579501,30.569897,31.931464,31.054800,34.533314,31.306564,34.016771,31.193981,29.520342,34.704071,27.633307,32.563715,25.782984,31.550092,26.222048,31.708026
WinMart+,23.584625,23.341555,23.578391,24.172396,22.821234,24.946014,21.868774,25.577919,22.334276,22.249991,23.683558,23.170184,19.542113,23.539427,29.384602,20.099751,26.195389,21.631783,16.885129,21.542419,29.593483,26.797528,23.412243,22.884665,20.547780,17.839046,20.297893,26.535552,27.084488,19.273117,20.370981,25.371795,26.673992,16.847495,26.310045,28.497471,19.552619,21.186892,15.871539,25.161697,29.938776,26.562739,18.995579,26.490971,24.956022,18.881105,26.951429,27.260620,0.000000,20.263693,29.634306,26.012505,24.207985,18.158061,28.989483,25.817567,18.880462,25.695135,24.066531,27.318528,28.725653,15.395063,26.842811,23.348308,26.958758,23.007936,27.645145,30.014747,19.065502,25.559119,26.856007,26.236227,27.936930,28.203311,26.905941,26.668374,30.208156,25.739973,16.921682,20.251685,27.001166,25.763463,31.180461,28.318036,25.936834,29.022048,25.121434,26.922315,26.317258,23.836979,21.135185,26.130769,26.348071,23.008833,26.141266,22.376482,16.582808,25.775165,26.713760,24.781625,21.394392,28.967635,19.521015,20.917016,24.244037,21.529033,22.358043,27.011193,25.817322,22.056376,25.577374,22.256666,23.941362,22.669975,27.457699,26.936562,25.813794,22.374763,22.238110,23.716471,27.866261,23.789081,26.345660,23.182049,26.697945,23.638724
Trường Tiểu học Chu Văn An,23.583395,23.337607,23.330141,24.559174,24.619026,22.758786,21.540558,25.694217,23.667020,22.016346,24.417864,22.830264,24.244977,24.160181,24.766143,19.833574,26.259254,23.888770,21.862204,20.811291,26.250563,27.098252,18.703788,25.254534,19.693927,23.730982,18.516027,26.461723,27.038247,24.329904,14.336396,21.005294,26.480475,20.726736,27.045037,26.070279,19.660222,17.391477,20.960839,25.300593,27.336162,20.285520,18.006380,26.429525,19.858686,23.921842,19.461208,27.559741,21.925437,0.000000,27.092252,26.389344,19.234513,22.034226,26.631278,25.844237,21.417026,23.802623,23.892914,18.325434,28.385340,21.967424,24.914930,23.485283,25.151418,23.217987,25.850035,25.122973,23.503596,20.917797,27.061545,24.865272,30.421767,27.952740,27.177784,25.584396,25.865289,19.783443,20.321234,22.774125,25.514207,24.802984,28.557398,24.050458,26.040386,29.708940,24.458148,22.249422,27.377804,24.536062,23.013720,24.977494,25.360033,23.967008,26.388483,23.665307,20.336528,25.005038,28.443300,24.299119,23.219484,30.364882,23.823275,22.925823,24.838138,23.354104,23.807399,25.612198,25.080277,22.839446,25.670916,23.588226,26.758846,23.898607,26.878002,27.601659,25.779510,23.549504,24.894953,24.437864,28.988284,24.539429,27.268499,24.103194,27.621487,24.363968
WinMart+,30.239927,32.749354,28.353360,29.948364,31.880900,28.440585,28.864562,33.859642,27.434643,31.697458,24.055489,33.045448,29.832537,26.801352,28.113441,30.194809,33.035712,30.202139,24.328164,32.450805,26.353612,34.499202,29.773796,29.715531,30.517153,28.946683,31.061159,31.919810,32.419901,23.559265,29.289233,32.649184,29.714679,27.380763,29.304533,27.011053,29.282583,28.987315,29.756328,30.845206,29.258986,33.994025,29.247583,31.510393,29.746621,21.091243,33.910863,30.776805,26.746124,27.265626,0.000000,18.814623,28.725723,29.602197,22.846919,27.221866,29.383468,28.050763,27.483427,30.095463,31.747586,28.797975,31.113793,30.935993,19.912226,29.911568,19.883775,37.426247,28.014205,30.679994,30.830677,30.341928,30.069829,30.823615,22.895714,19.437485,37.037754,33.738658,28.466418,28.424245,23.472925,31.945736,29.838428,33.812873,27.628977,31.839536,24.130787,29.103801,30.237931,31.882630,28.154117,32.286129,23.837228,30.679606,28.036052,29.386518,29.182603,23.347871,28.267429,24.066251,28.703692,31.501170,28.776797,28.428465,28.999668,29.616438,29.870658,32.865589,21.658376,26.610656,31.784408,31.955418,30.750255,29.564262,33.472731,28.901797,33.103829,27.732395,27.784175,32.162919,28.713571,31.583487,26.899660,30.349313,27.287849,31.182961
WinMart+,28.106065,29.828406,26.835445,27.953583,28.514372,26.527526,27.393448,30.485646,25.371028,29.243515,22.727411,30.730366,27.325000,25.325234,25.159075,28.281926,30.420738,21.988165,23.554725,30.465624,23.677505,32.210406,28.300725,20.455448,28.646538,27.083959,29.068565,30.002724,29.718130,21.131164,27.836193,30.759285,28.372339,26.222024,27.985233,23.000185,27.823446,27.622697,28.058027,29.482161,25.810081,31.859169,27.810417,29.752206,28.534968,18.712505,31.914807,29.379648,26.059240,26.322714,18.687464,0.000000,27.665668,25.992790,21.525347,26.285071,25.456404,27.043995,17.126577,28.729488,29.868707,25.818557,21.872067,26.721157,17.857039,25.322672,19.470208,34.794160,24.761489,29.436770,29.709124,25.266281,28.809507,29.273034,18.295694,17.593522,34.629284,32.286958,24.798040,25.343111,20.200692,25.550436,25.789882,32.205582,27.018171,30.222536,21.607978,28.169794,29.143068,26.365890,24.049962,26.007509,21.512488,25.805213,27.359744,25.939988,25.742814,20.997311,27.305920,21.902505,24.709731,30.055002,25.864823,24.877298,24.721351,25.809450,26.060669,27.285583,19.567258,24.260898,27.110978,28.277291,27.152691,26.156512,28.010250,26.240798,27.841284,24.607990,25.181790,26.468879,28.243806,26.803810,26.565070,25.846648,26.941063,27.189204
Trường Mầm non A Tứ Hiệp,26.872034,27.517014,20.953686,27.152084,27.727022,25.440168,22.872814,28.644706,26.690039,25.387464,27.008964,25.604663,26.207898,26.854686,27.236803,24.884334,28.786817,27.250431,23.985404,25.897766,29.003053,17.940648,24.019822,28.045426,24.892619,26.847148,25.738357,28.835224,29.252528,27.215364,22.657026,15.407545,21.770239,25.940521,22.431489,28.357275,26.245174,23.498523,25.346593,22.105887,29.581635,20.676986,24.961015,28.701954,13.147354,26.477247,21.722855,22.202895,26.443477,21.069249,29.288191,28.310181,0.000000,26.033084,28.776679,27.836494,25.091956,21.516640,28.364720,23.711207,30.548212,25.976637,29.614701,26.646274,28.516600,25.975315,27.485758,19.010955,26.897673,12.873068,22.880962,29.390612,29.787245,30.277811,29.014758,28.241111,18.045180,22.017614,23.942536,25.584835,30.652296,30.031542,30.552702,18.054464,19.360981,30.942896,29.569492,18.238125,28.076458,30.058763,28.649392,30.091024,29.877582,29.537648,19.366304,25.793238,23.630221,29.518065,26.851546,30.303610,25.634693,25.432671,26.266461,25.430760,28.713872,25.808268,26.070792,30.349584,27.155376,25.678491,29.984974,25.688234,28.157418,25.984894,30.812477,28.902196,30.632897,25.436864,26.730315,30.215729,27.835474,29.989333,26.477371,29.412393,26.731313,25.962543
Cà Phê KOK,24.693820,24.653317,24.528093,25.222447,23.932380,27.144312,23.000263,26.792360,23.485643,23.968593,24.661201,24.709336,21.150852,24.411128,30.252303,21.982718,27.275642,23.055331,18.210773,23.228078,30.553043,28.020367,24.605798,31.151682,24.381756,19.350839,22.366985,27.411359,28.076897,20.551827,21.945662,26.474652,27.429024,21.202268,27.071016,29.278088,17.086092,22.521178,19.167193,26.033977,30.896755,27.812898,20.592934,27.324258,25.870224,27.380848,28.128712,28.180328,17.885529,21.701202,30.569856,26.319566,25.089290,0.000000,29.627627,26.479114,21.987730,26.362609,24.038518,25.618164,29.607675,17.245126,27.533237,22.094896,27.382516,21.695051,28.153672,31.177235,15.197899,26.424763,27.612470,26.943417,28.630841,28.995776,27.373634,27.136070,31.289242,22.864413,15.187751,18.760633,27.708403,26.186424,32.284226,29.209508,26.502346,29.799299,25.375307,27.618136,26.925126,23.766101,21.457377,26.656471,26.776160,22.798010,26.801201,21.051435,15.422891,26.092662,27.340513,24.960912,22.527969,29.688870,18.523520,19.547332,22.459682,20.035502,20.899141,27.650145,25.997947,21.809981,24.205478,21.041417,22.499730,21.373668,25.718135,22.866833,24.493788,21.370963,21.324496,26.658599,28.189201,22.634133,26.615961,22.199705,26.962554,22.645987
Không có tên,27.431922,28.996703,23.941216,24.105969,27.634864,25.926365,26.977220,26.023452,24.735907,28.514111,20.219916,30.130701,26.598695,22.508844,24.376173,27.669811,23.536945,27.055411,23.288720,29.933696,20.460048,31.613368,27.880955,25.837788,28.041673,26.469590,28.428235,26.262233,27.414173,26.742911,27.319332,30.240676,26.876273,25.782566,26.419702,22.136738,27.305382,27.122453,27.474526,29.084052,19.015482,31.145810,27.301580,24.810997,28.171907,24.777575,31.240771,28.025715,25.485992,25.907881,21.052752,20.368752,27.343082,27.806291,0.000000,24.781966,27.459227,25.644112,25.690032,28.230015,28.237100,27.290880,26.793963,28.630257,21.368388,27.519358,16.571481,33.987891,26.388713,29.061215,28.691162,27.688370,27.497603,27.775527,21.375425,22.082323,33.868839,31.722562,26.743871,26.916158,24.741910,28.456997,25.251589,31.741847,26.135977,28.877505,27.593531,27.154217,28.632038,28.769625,26.432586,28.749216,23.575863,28.046257,26.349654,27.498393,27.337628,24.438972,26.020085,29.319817,26.741486,28.822921,27.200273,26.645228,26.870438,27.566347,27.791503,29.499189,21.053524,25.488169,29.026051,29.635196,28.622750,27.691113,30.631050,27.403508,30.394282,26.200341,26.511547,29.475678,28.928764,29.309598,27.068122,28.374054,27.454717,29.235729
Trường Đại học Kinh tế - Kỹ thuật Công n,25.190381,26.049104,23.724298,22.947841,25.462799,24.442645,33.154262,23.130637,24.530398,25.717391,24.101387,32.961697,24.766877,21.067739,24.953940,25.227180,22.249568,25.065442,22.635278,32.377051,26.542998,31.561184,30.345391,25.999356,25.857230,24.697996,25.683042,17.917576,21.386636,25.124071,28.334535,31.255522,21.436119,30.632342,20.756569,24.281672,31.300227,29.043200,25.402711,28.857816,23.944091,32.546314,24.995961,15.910256,29.178262,24.437795,32.444019,28.111372,24.025112,29.591397,24.970638,23.663437,28.512714,24.862263,23.458269,0.000000,25.000498,23.877138,22.634967,29.391817,15.832554,29.904841,25.908246,25.416381,24.783332,24.155052,23.316108,34.492998,30.702297,29.258616,21.745723,26.237819,16.647737,12.378950,25.054879,24.665251,34.209202,31.999821,25.721854,28.707903,27.211727,26.637869,26.437754,32.344618,24.585869,16.842513,26.178892,25.988299,15.637547,26.804964,25.603532,26.718265,26.678796,26.394110,24.872703,25.977134,25.908017,26.327253,16.049813,27.010366,25.630881,19.529484,25.814710,25.498509,25.687736,26.062587,26.213529,27.092141,23.827308,24.640352,26.886369,27.298827,26.670486,26.132532,27.818741,25.901411,27.674625,25.171714,25.391000,27.167828,24.169152,27.110832,22.919122,26.575847,23.239240,27.085893
WinMart+,30.684772,31.862440,24.972207,25.735843,24.476274,25.153655,24.756067,27.401368,24.047438,27.037627,27.817934,23.601758,21.946085,28.994194,29.542978,22.054274,27.809310,23.757140,18.838433,22.345059,29.791271,26.567834,23.723252,30.439555,23.674617,20.087498,21.466830,27.846162,32.081145,28.362857,21.348670,25.373740,27.794793,20.269120,27.448574,28.283164,17.530201,21.929232,22.999429,27.137148,30.260935,26.460160,20.270511,27.738213,25.009638,25.741940,26.800347,28.709378,18.908487,21.235173,29.902634,25.644798,24.357672,20.691375,28.807603,26.806909,0.000000,26.681919,16.955191,24.820556,30.045137,18.058002,25.545953,20.746268,26.534585,20.031059,27.368445,29.410337,19.139975,25.543628,26.708320,23.701349,28.973601,29.384008,26.588198,26.315305,29.624616,22.414159,16.871957,22.886019,26.663097,23.729345,31.997812,27.970443,25.900020,30.182733,24.075394,26.872405,27.224274,21.743242,19.720862,24.438952,25.893814,21.191226,26.183692,23.573829,23.277945,25.152551,27.645223,24.569650,21.132578,30.047091,23.910737,21.945932,21.039815,22.979453,20.990119,26.153839,25.247506,22.385619,25.543518,23.053074,25.075582,23.838123,24.929717,24.609831,21.873909,19.734701,23.178576,25.438706,28.337164,22.682844,26.735549,25.010685,27.087651,24.210574
Trường Quốc tế Singapore,33.282342,35.512598,28.513065,22.848786,33.615157,30.839198,34.852740,22.949734,31.172755,31.769759,24.028227,34.589616,24.713455,21.047870,32.031657,32.327141,22.070186,25.032961,22.714783,33.568198,34.178462,32.236496,30.351941,25.986852,29.812129,24.720002,32.233580,20.989568,22.570299,25.148094,27.869186,31.839431,23.155818,31.126437,14.838011,25.872244,32.124189,28.835720,29.682650,28.253162,25.618185,34.024281,30.211987,21.347798,28.869127,24.534639,33.817000,25.384994,31.090668,29.719634,26.513547,25.106784,27.934851,30.384866,25.013318,18.204017,28.777431,0.000000,22.797861,29.499527,25.019819,30.178070,27.356002,30.846836,26.130722,29.581107,24.830302,37.055412,31.439154,29.103533,23.689593,30.004816,19.411696,19.972519,26.479426,25.963583,36.518650,33.031254,29.982987,28.736473,28.560546,27.968008,27.909966,33.510899,22.954042,18.729486,27.508264,24.530977,18.359214,28.082287,29.238872,28.039911,27.932378,27.626438,23.245289,29.400299,28.270272,27.582966,18.886693,28.303314,29.321972,21.899228,26.763997,29.164148,26.878182,29.702181,29.895941,28.366963,25.048288,27.242955,28.105793,29.134386,30.277662,29.547629,28.994962,29.778525,32.049527,29.669071,28.257473,28.366743,24.797819,30.838756,23.584869,29.994913,23.876498,30.108497
WinMart+,27.782118,28.984973,26.788311,27.627097,27.852732,20.605003,27.235364,29.373226,25.592706,22.465634,24.109581,29.879295,20.009832,25.986552,25.466372,22.090321,29.522937,18.119803,18.205058,29.734461,25.206878,31.160372,27.980437,25.203781,20.783124,17.621089,23.385294,28.143684,29.377395,16.015502,23.084716,30.007593,28.376017,18.801371,28.047127,23.508846,17.336093,27.373458,19.089885,29.027724,26.138795,30.872649,23.078382,26.946082,28.228273,13.603126,30.975441,29.231072,18.113717,22.301268,25.784625,21.253478,27.489703,18.529801,25.061680,26.574071,17.066541,27.226439,0.000000,28.341829,29.616924,17.718755,17.097209,20.149686,22.188500,17.781044,24.191321,33.333869,17.871121,29.014350,29.553599,18.173272,28.750653,29.136960,22.305866,24.442395,33.269430,31.514859,23.132603,23.977434,24.059194,22.763534,28.646043,31.391495,27.122310,29.946554,21.625270,28.129096,29.051408,24.065963,22.125776,23.338191,23.959663,23.739293,27.411271,24.519901,24.308153,23.248574,27.439804,24.595700,22.948668,29.829267,24.662545,23.334205,22.832917,24.218486,24.478427,25.063505,23.814316,23.224268,25.247935,26.905501,25.744464,24.757820,27.655250,25.165147,27.492205,23.247757,24.031754,26.054182,28.233120,26.463052,26.644383,25.496550,26.995956,26.904866
Trường Tiểu học Tam Hiệp,34.565507,36.764065,32.679623,33.389368,34.988681,32.284882,35.836076,35.550293,32.583833,33.242956,33.454215,33.946796,32.592628,32.727426,33.532927,18.565312,34.967082,33.061977,28.806312,33.315205,35.551045,34.046166,16.604953,33.585123,18.259704,32.259975,17.466022,34.057979,34.972422,32.542202,15.968392,29.438911,29.923104,20.577057,30.359996,34.285052,20.021098,15.190615,20.734216,32.207699,35.251633,18.123648,18.584227,33.696796,26.032324,31.301155,16.286384,31.274095,27.478704,18.106994,35.098403,33.519229,24.650118,21.356722,33.980865,31.823445,21.034780,28.451117,32.571707,0.000000,35.671313,29.075137,35.053946,22.275071,33.253435,22.279822,32.514819,29.152542,29.481627,25.329179,30.169618,23.526960,33.725612,34.633590,34.215258,32.880640,29.967707,17.400805,27.732881,25.020993,35.626686,34.897833,36.081997,27.151671,23.387883,35.156416,34.473644,23.594754,31.752097,28.683711,27.180592,34.951042,34.311571,27.908332,23.662409,30.760861,30.627329,33.949349,32.192273,35.042306,27.504389,31.867786,27.443586,27.319862,28.502253,27.788059,28.063080,35.022322,31.187298,26.502529,34.393653,29.542691,30.220575,28.878044,29.943688,31.511911,29.224329,27.184390,27.842971,34.539003,31.110115,28.159870,29.171799,27.540852,29.506594,27.749445
WinMart+,31.130951,32.912167,29.483386,29.872503,33.819339,30.212978,35.546935,32.691945,30.188061,31.976790,31.115504,33.372017,31.487822,26.616666,31.394383,30.722640,32.712956,31.671930,26.661289,32.831105,34.457867,34.499828,30.590474,32.577548,31.419345,30.578863,31.271765,24.971728,32.837581,31.060029,29.754064,32.952092,27.694972,28.551205,26.815804,30.327167,29.781504,29.526927,30.839048,30.579630,30.218037,33.898735,29.737545,20.669984,30.393264,29.447708,33.833224,29.792104,28.284210,28.055161,31.121192,28.590593,29.485107,29.538915,28.753162,16.751937,29.747605,30.999339,26.408758,30.337282,0.000000,28.891195,31.989682,30.132344,29.690265,28.321144,31.147646,36.504107,27.336256,31.148714,28.505603,31.194559,24.844766,23.981376,30.525589,29.321178,36.196743,33.556021,29.948655,29.699390,33.145917,32.226100,32.866430,33.849628,29.083679,29.017412,31.619190,31.254481,20.927064,32.133811,30.041942,32.331640,31.815515,31.364008,29.626644,30.181693,30.083389,31.338930,21.925706,32.554016,30.012620,28.828285,29.668261,29.648046,30.233182,30.479259,30.659600,32.593014,27.753635,27.920654,31.941551,31.948257,31.136858,30.365081,32.932588,29.645814,32.679430,29.036604,29.041578,32.176904,27.312087,31.740663,25.314792,30.958091,25.804579,31.375718
Delícia Coffee & Lounge,24.018340,23.872167,23.725404,24.857256,24.949825,23.401262,22.170447,25.935904,24.059882,22.907122,24.737102,23.722740,24.701195,24.489792,25.042387,20.908279,26.465545,19.611720,16.379666,22.010062,26.477006,27.474673,23.853086,25.552468,17.987413,16.998815,20.898471,26.642397,27.182903,18.090575,20.829389,25.899154,26.743004,16.024955,27.278249,26.027744,17.777527,21.646423,15.616927,25.571098,27.340020,27.315031,19.335100,26.601557,25.374454,24.446009,27.678782,27.798734,14.939666,20.673017,27.096090,26.077574,24.584308,17.169649,26.628852,26.015193,20.988363,24.134976,22.084748,28.052774,28.463401,0.000000,24.075177,19.315756,26.823860,20.103689,25.835319,30.993318,20.537166,25.990879,27.283258,23.079416,30.482932,28.048229,26.869620,26.660537,31.141548,26.340696,21.487483,14.896200,26.862552,23.222413,28.585433,28.893197,26.231778,29.803975,25.329333,27.429054,27.547510,24.050790,21.545860,23.533360,26.389713,23.246417,26.572550,22.854987,17.179094,25.901915,28.577178,27.198358,21.918509,30.441155,16.925845,21.457163,24.680763,22.091253,22.887495,26.937751,27.247896,22.235938,25.989357,22.721349,24.421372,23.151580,27.835869,27.762102,26.232312,22.791805,22.643603,24.104795,29.037053,24.217730,27.337513,23.580851,27.683562,24.030534
UBND phường Khương Thượng,31.473410,32.961291,30.026407,31.141839,32.396100,27.970382,30.220033,33.453296,29.893822,29.256661,28.626264,33.044460,28.280137,29.639872,30.746373,28.069140,33.000527,27.568416,23.306957,32.623806,30.982788,34.028020,30.730127,32.031937,27.787509,25.177884,29.099508,31.087190,33.118352,29.662604,28.096513,32.745483,30.944114,27.273117,30.667592,29.350962,26.508749,30.038870,25.203604,31.384451,31.346894,33.668925,28.028860,29.788603,30.555825,26.603532,33.627238,31.668513,26.598008,25.214159,26.786096,26.376241,29.747322,26.600382,28.463607,28.958448,25.848841,29.547311,21.668159,30.794374,32.530566,26.265945,0.000000,28.003174,28.172214,26.099305,26.270449,36.142085,25.121570,31.218929,31.549991,26.087842,31.112205,31.794323,28.332680,28.011049,35.976198,33.557368,24.866953,25.641134,30.690814,26.957588,31.637369,33.601969,28.666790,32.503213,24.567205,30.017807,31.109857,28.220894,23.607244,28.145596,27.410603,26.957240,29.043306,26.879569,26.547833,26.117085,29.620632,29.781132,24.929775,32.205541,26.571025,25.270451,25.051509,26.713769,27.074014,30.280859,25.842629,24.321963,29.202085,30.345864,28.668000,27.098513,32.276218,27.024521,31.821982,24.867895,25.402303,30.003784,29.305728,29.723152,27.575677,28.040568,27.922146,29.666137
WinMart+,32.216149,26.007492,25.839463,26.628189,33.000569,28.525120,24.248495,28.241557,25.202002,25.773527,29.671184,26.301326,23.874784,30.536883,31.636558,23.881531,28.544336,25.219535,20.935436,25.055920,32.115930,29.162773,25.854672,33.080707,27.353369,22.212018,24.609757,28.457094,33.635665,31.241421,23.713609,27.562721,28.325266,25.807333,28.002450,30.627108,19.752563,24.003631,25.031440,26.915394,32.388769,28.942136,22.461784,28.328296,26.794120,28.548356,29.178425,29.032355,23.564993,23.341777,32.038001,26.986507,26.003893,20.615072,30.695079,27.330664,24.630133,27.212374,24.470316,26.572068,30.502088,20.079167,29.087803,0.000000,28.219345,22.928522,28.983235,32.141667,19.589424,27.288176,28.337284,28.968910,29.393582,29.837921,28.290081,28.111181,32.183790,23.920798,14.635534,20.483047,29.253631,27.390181,33.879230,30.004721,27.065300,30.579805,26.258738,28.277826,31.549602,24.400300,21.308404,27.977123,27.717367,23.060558,27.423099,24.964454,16.977329,26.899794,28.090514,25.624539,22.699522,30.423514,19.741132,23.316077,22.635960,24.541030,22.386188,28.940240,26.518486,23.195388,24.673955,24.299068,26.613894,25.215528,26.379195,25.627514,23.155919,20.646078,24.162272,27.436898,28.544980,23.825171,26.943786,23.630927,27.289852,25.260141
Siêu thị B11 Kim Liên,27.019974,28.441785,26.019405,26.931248,27.090459,25.463832,26.655131,28.964945,24.462020,28.066641,22.154380,29.604423,25.498606,24.643769,24.049605,27.330297,29.143898,24.344577,21.124373,29.471749,22.753153,31.065071,27.549562,27.854873,27.460217,22.424842,28.052443,29.040247,28.447136,25.351015,27.065781,29.796117,27.672667,21.990788,27.297571,21.982513,27.060260,26.894978,22.979771,28.757994,24.146093,30.696407,27.058348,28.859943,27.888714,21.951969,30.809991,28.636635,21.575254,25.763328,18.732291,16.621928,27.103318,27.140317,24.097743,25.793873,26.632039,26.515498,18.865768,27.991204,28.928920,26.678166,24.141424,28.129704,0.000000,26.686615,21.405392,33.433770,25.614043,28.765284,29.095970,26.948197,28.142659,28.471043,19.668187,18.164535,33.361912,31.419970,25.811066,26.197118,24.673531,27.816618,27.395460,31.337047,26.659164,29.383464,25.110800,27.633968,28.679355,28.216731,25.204110,28.316844,19.322047,27.464573,26.893231,26.962450,26.738972,24.069226,26.784318,24.816614,25.786458,29.293911,26.676089,25.829841,25.438488,26.935108,26.806550,29.310409,20.356456,24.784110,28.215462,29.202199,28.324613,27.163900,30.576206,26.984473,30.276060,27.575409,25.861154,28.941190,28.934327,28.837898,27.173008,27.642439,27.535879,28.861122
WinMart+,32.047613,33.661762,30.528398,31.708123,33.196137,24.337336,30.688669,34.201798,30.535384,24.559814,29.268135,24.953785,21.640279,30.202375,31.566317,22.518979,33.601905,28.279655,19.131682,23.869486,31.909148,27.571322,24.825085,33.176445,24.069880,20.147678,23.432283,31.574423,33.765948,30.791675,22.987292,33.232808,31.361835,23.371424,31.091109,30.224849,19.701677,23.276933,21.740919,31.773141,32.210179,27.434739,21.916765,30.229463,25.858603,27.541910,27.711946,32.080404,21.816530,22.625044,31.953979,26.851436,25.195465,21.385958,30.318631,29.312306,20.177509,29.901174,22.462063,25.800172,33.040948,19.889186,28.111976,25.981848,27.882822,0.000000,28.756567,30.389993,19.498863,26.333284,31.881159,27.138681,31.495537,32.247229,27.997255,26.529060,30.597554,23.366096,16.626574,22.647766,27.201490,25.829010,34.176536,28.700645,26.442794,32.944498,24.011565,27.616401,31.446760,20.795235,18.637208,26.755890,26.067730,20.505683,26.744788,23.620477,23.270783,25.214515,29.951983,26.228801,20.560925,32.612410,24.027209,21.713710,20.499219,22.874380,20.535232,28.301858,25.258980,22.314607,27.148864,23.037857,25.335652,23.889697,25.166686,24.826341,21.670287,19.380000,23.042065,26.799992,29.464511,22.597182,27.699535,25.987572,28.051816,24.379637
Cà Phê Big One,28.500353,30.226138,27.227506,28.293911,29.112572,27.141977,27.716268,30.835247,26.189902,29.655321,23.875164,30.799793,27.931241,22.676352,26.265303,28.682048,30.617635,28.285879,24.159932,30.550917,25.065151,32.163680,28.540756,27.458492,29.019842,27.559259,29.493631,26.184612,27.357236,25.944022,28.295518,30.825786,26.756738,26.688456,26.341615,24.950460,28.204562,27.995411,28.428758,29.622023,19.198971,31.838699,28.196655,26.164762,28.729525,23.933772,31.895591,27.843968,26.181348,26.662769,22.121089,21.116506,27.903785,28.513099,14.988534,24.632104,28.253577,25.656362,21.315229,29.069895,30.978108,27.992416,28.396006,29.451578,21.903269,28.622849,0.000000,34.776846,27.353885,29.574046,32.270119,28.822596,27.119226,27.297310,22.201412,22.724791,34.699334,32.313659,27.566760,27.657388,25.743957,29.637787,27.189185,32.183804,26.153608,28.319790,25.863673,27.397182,28.009839,29.842092,27.223474,29.989774,24.307997,29.121751,26.473120,28.483604,28.330817,25.174621,29.436814,25.656949,27.725866,32.827563,28.126832,27.679329,27.961735,28.607882,28.784989,30.684155,21.360702,26.250629,30.111187,30.616084,29.620969,28.639811,29.753358,28.291517,29.557025,27.165594,27.217392,28.473321,28.712513,28.522502,26.901053,27.568806,27.288139,28.692080
Trường Mầm non Đại Thanh,35.285373,39.381345,32.710867,33.699337,36.178172,32.273307,37.635375,36.928906,32.673821,33.746211,33.869932,34.823476,32.718995,32.854752,33.980211,31.859167,35.882596,33.311156,27.966114,33.780980,36.774525,35.678537,30.320223,33.967426,30.244749,32.273424,32.636521,34.564845,35.789684,32.631029,27.931412,27.307327,29.299732,31.784428,29.870207,34.929350,32.866317,29.294963,30.220581,32.193346,36.157997,18.353879,30.473950,34.088273,22.446548,31.095729,21.985749,30.982237,31.556993,21.511139,35.967966,33.858397,19.806655,30.908855,34.459785,31.733747,29.247201,27.602185,32.638898,30.193684,36.590600,30.815975,35.819856,31.597230,33.488941,30.434020,32.610391,0.000000,32.455083,21.021193,29.680679,34.268944,34.041965,35.204957,34.733383,33.028605,26.953902,24.990275,27.585973,27.109179,36.422652,35.507133,37.142391,23.609952,21.503762,35.832071,34.980949,21.064743,31.662850,35.208134,32.739842,35.577318,34.736990,34.379262,21.732319,32.302218,32.187919,34.299428,32.184185,35.662619,29.450989,31.795953,29.516348,29.283541,33.171111,29.827570,30.072654,35.635714,30.994084,28.703770,34.818063,29.374603,31.983555,30.413549,35.568178,33.389089,35.285413,28.828014,29.588469,34.965322,31.009389,34.325329,28.937925,33.480472,29.301697,29.374705
siêu thị 24h ninja mark,26.432329,26.772451,25.849440,30.548619,31.326462,26.421115,24.970110,32.173599,29.543053,26.638949,28.636115,26.899529,27.213229,29.399253,30.045145,24.958028,31.915901,27.915373,18.591334,25.912399,30.153589,29.295110,26.397971,30.694517,20.579904,19.191883,25.909165,30.548135,31.938172,29.240776,24.844833,27.873562,31.455471,19.355792,31.811146,29.097289,24.090241,24.887615,19.043848,27.233258,30.444585,29.098832,23.735368,29.546065,27.140997,27.409924,29.294864,32.800274,20.090001,24.311690,30.277184,27.339200,26.408163,20.685684,29.328546,28.907077,25.328641,28.423126,24.583509,28.596401,31.662685,22.548601,27.656462,27.210855,28.335830,25.472171,27.085698,32.058166,0.000000,27.569545,31.564184,27.175469,30.650906,31.147634,28.410340,28.256719,32.167423,27.184105,21.880663,20.871397,29.205741,26.519642,30.320296,30.035190,29.602201,31.729133,27.045344,31.136514,30.700684,25.919178,21.853837,26.971749,27.980339,24.407182,30.036204,24.208770,15.733943,27.347574,32.098900,29.348831,22.576854,34.150928,19.955771,22.061110,26.395834,23.080856,24.170278,29.390556,28.708575,22.287867,28.140583,23.772614,26.484295,24.372374,30.533398,25.403087,28.725787,23.650938,23.172160,25.235100,30.939449,25.614371,29.064256,24.497198,29.393337,25.235361
Trường Mầm non Tứ Hiệp (điểm Cổ Điển B),27.588498,28.379831,23.147813,27.788609,28.438592,26.136278,25.783596,29.325942,27.295668,26.183304,27.673782,26.507493,26.870321,27.523310,27.883844,25.620045,29.435178,27.867571,24.558872,26.718808,29.694992,22.121204,24.814493,28.633412,25.515341,27.442801,26.436802,29.456024,29.868624,27.805924,23.331107,20.589035,23.529768,26.585817,24.143924,29.005271,26.940738,24.218101,25.938373,24.323063,30.219013,21.815421,25.607840,29.321974,17.276121,27.033887,22.763093,24.156128,27.070422,21.773759,29.924920,28.919976,12.837090,26.633986,29.400502,28.233124,25.651649,22.952739,28.886238,24.910419,31.164209,26.571653,30.216136,27.241697,29.096170,26.517328,28.049089,20.724157,27.495646,0.000000,24.466913,29.911276,30.179258,30.703382,29.619608,28.796293,17.080739,23.022038,24.473308,26.104924,31.216135,30.592462,31.166077,14.924107,19.142667,31.357425,30.132813,17.780370,28.455055,30.600150,29.166350,30.646193,30.416960,30.063945,19.145165,26.281719,24.129893,30.056786,28.850598,30.852153,26.140654,26.783503,26.929706,25.936481,29.224480,26.323754,26.585084,30.889036,27.685212,26.345883,30.507106,26.176103,28.825637,26.478310,31.318354,29.627647,31.130345,25.903865,27.351100,30.734650,28.629302,30.483798,27.042545,29.899782,27.386790,26.423666
WinMart+,34.390684,36.659098,29.786878,27.520268,34.726283,31.969003,36.235327,28.115971,32.245239,32.981873,33.165635,35.923006,32.226536,26.008591,33.146447,33.523427,27.901583,32.699435,28.736036,34.884585,35.340691,33.606826,31.682614,33.137855,30.980179,31.939718,33.445057,27.581833,29.156044,32.187254,29.118779,33.194818,25.229874,32.332966,26.557720,33.935867,33.375661,30.116371,30.846560,29.656119,34.992087,35.349968,31.437059,25.868147,30.158015,30.928704,35.133730,27.847423,32.309906,30.913071,34.667906,33.224197,29.116590,31.588536,33.857824,22.123608,29.929462,28.874646,32.226271,30.739511,27.832927,31.377449,34.523208,32.050869,33.005970,30.723849,31.679889,38.343927,32.639755,30.393068,0.000000,31.125982,28.165530,26.178966,33.819826,32.468978,37.788916,34.242994,31.141437,29.867325,35.044358,34.336123,35.533633,34.795599,25.349188,25.639608,33.876092,28.096712,21.561936,34.112024,30.376338,34.344511,33.834198,33.389118,25.930669,30.519100,29.385561,33.455771,22.934219,34.412608,30.465536,26.299210,27.836713,30.305716,31.138582,30.856197,31.053012,34.381929,30.969841,28.307496,33.729071,30.261392,31.425595,30.696750,33.691051,30.876238,33.212949,30.796788,29.357468,33.855872,26.824553,31.994914,25.042421,31.130611,25.518928,31.239015
Không có tên,31.205485,33.118608,29.592441,30.916907,32.551058,26.980996,29.886810,33.870444,29.353749,28.677367,27.711297,33.243267,27.262783,29.120585,30.365849,27.336310,33.227906,26.135315,21.710919,32.737980,30.620637,34.386758,30.532812,32.126782,28.925455,23.502920,28.651371,30.942139,33.398954,28.439101,27.521099,32.878994,30.799437,22.845119,30.476618,28.371198,27.433579,29.770927,24.115045,31.309845,31.166456,33.963244,27.437460,29.436426,30.372388,23.910888,33.898634,31.634016,27.033863,25.915501,30.847508,24.436526,29.471501,27.105263,28.957299,28.560694,26.556301,29.236616,15.639908,30.653840,32.641259,26.700843,22.727496,28.304516,25.693742,26.852967,27.357636,36.810456,25.730268,31.134669,31.512333,0.000000,31.004737,31.779607,25.884149,28.376444,36.580483,33.748011,25.690442,26.186412,30.186458,27.854401,33.816130,33.817551,28.396141,32.592802,26.320239,29.843346,31.019796,28.567935,24.837557,28.582545,27.943965,27.570268,28.795205,27.241685,26.981977,26.974849,29.345416,29.663451,25.798253,32.248794,26.931941,25.954590,25.974716,27.190604,27.494579,30.013073,26.505549,24.837827,29.240652,30.176090,28.768720,27.455519,31.685407,27.280922,31.335192,25.507413,25.872807,29.876342,29.163791,29.670812,27.370537,28.255389,27.740184,29.623927
Quan an Nam Nhu 1,37.209653,40.330323,32.624206,27.013339,29.420635,34.269130,40.754046,27.900125,27.702536,35.771081,27.896247,39.814834,28.310093,25.109309,28.346024,36.063755,27.545043,28.522671,25.426185,38.123602,30.242372,36.858933,34.433799,29.287484,32.934481,27.942287,35.940207,23.814873,27.138099,28.312856,31.258094,36.111273,29.955406,34.377106,31.006467,27.688868,35.731484,32.375307,32.509690,32.296585,27.528591,38.272688,33.379612,22.029640,32.220532,27.319661,37.783015,34.649652,34.084077,32.532104,28.288099,26.675254,31.156912,33.242549,26.714878,16.656407,31.298086,24.347657,25.142727,32.586861,24.104366,32.959026,29.036683,33.612969,27.612168,32.031036,26.489941,40.971296,34.341639,32.244672,25.004613,28.844451,0.000000,19.724978,28.077106,27.363369,40.110595,35.757759,32.331455,30.982688,30.127172,29.481500,29.628875,36.685376,25.867288,16.554870,29.005548,27.936809,16.935887,29.522300,31.400678,29.544880,29.339198,28.988651,26.326706,31.522721,30.403641,28.965657,17.767070,29.774317,31.501657,23.269734,28.679729,31.362498,28.155414,31.968343,32.125762,29.822235,26.298513,29.033907,29.456703,31.202298,32.452230,31.676427,30.309021,31.630355,34.208614,31.659658,30.114462,29.694407,25.794434,32.929947,24.235921,31.958795,24.585296,32.060514
WinMart+,29.659935,31.046481,28.206910,28.293164,31.445529,28.852737,40.430374,29.983484,28.854439,30.361672,29.373941,39.692118,29.789672,25.807514,29.769493,29.387291,29.709324,29.994824,25.993963,38.370888,32.221853,37.372567,35.340188,30.837056,30.017908,29.167094,36.371515,24.290451,29.417884,29.594307,32.402602,36.733100,26.574281,35.085945,25.833975,28.956798,36.276578,33.418261,29.499717,33.535121,28.819586,38.453772,34.211275,21.545860,33.346804,28.295440,38.060688,35.912825,27.365436,33.432350,29.654716,27.582207,32.421116,28.449155,27.684463,12.873651,28.628927,29.315483,25.676128,33.511312,25.259585,33.808361,30.468805,28.988186,28.599072,27.366721,27.482607,40.693122,34.977989,33.323304,26.366536,29.971988,19.974556,0.000000,29.254462,28.286942,39.998559,36.290447,28.949619,31.911704,31.598028,30.813041,31.205334,37.165275,27.740544,22.967980,30.265655,29.957772,12.905517,30.784856,29.004974,30.893516,30.526121,30.127999,28.272991,29.133511,29.054155,30.099888,17.933387,31.116744,28.962030,25.015900,28.718221,28.647633,29.131185,29.382242,29.558431,31.155325,26.984502,29.973074,30.643282,30.732393,29.998158,29.309539,31.571437,28.703000,31.349762,28.111889,28.162798,30.878084,26.389411,30.544937,24.700546,29.856948,25.066456,30.258861
Taste Tea,29.099688,30.798437,27.741817,28.931450,29.811005,27.627476,28.220887,31.513190,26.776713,30.180386,24.333583,31.513284,28.553218,26.469773,27.000625,29.152080,31.327029,25.324136,24.477997,31.176680,25.921680,32.860212,29.031985,28.817037,29.464915,28.148272,29.835139,30.738342,30.715908,26.661259,28.547880,31.415397,29.035759,22.709982,28.678200,26.070746,28.550682,28.340375,23.811666,30.061044,22.971847,32.492165,28.533734,30.454672,29.136767,23.488688,32.508740,29.973742,22.214821,26.979458,22.989413,18.203077,28.266743,27.642310,22.330385,26.957611,27.238337,27.679801,20.051796,29.339956,30.604273,27.185549,25.858760,28.723998,20.141338,27.400101,19.843446,35.351019,26.185831,29.977962,30.187841,27.717928,29.415981,29.952057,0.000000,21.342366,35.150515,32.749244,26.445361,26.749959,26.482026,28.706029,26.769146,32.685430,27.401269,30.844327,26.426995,28.619792,28.606225,28.965943,25.847440,29.144124,23.268014,28.186160,27.763814,27.507846,27.297827,25.417818,29.902428,25.952973,26.483778,30.643084,27.174385,26.449681,26.189957,27.545243,27.423440,29.981013,18.951829,25.264629,28.863824,29.694986,28.845922,27.715747,31.072548,27.441613,30.769965,28.084401,26.364972,29.546809,28.925223,29.367939,27.134850,28.207572,27.509171,29.327248
WinMart+,28.639192,29.925531,27.529710,28.487161,28.965768,25.058796,27.940054,30.405933,26.622855,26.565606,25.163640,30.687251,25.034753,26.851657,26.726103,25.700214,30.435585,23.884958,20.937590,30.467234,26.623953,31.912522,28.653053,26.866037,27.080188,22.190536,26.809017,28.869454,30.356452,24.530426,26.058149,30.711591,29.010273,27.350407,28.687456,25.166376,26.044598,28.040115,22.741656,29.617949,23.224500,31.615319,26.062501,27.636078,28.803767,21.525083,31.678183,29.843677,26.949574,24.934471,20.291847,19.405249,28.038141,27.003130,22.907437,27.146365,26.495168,27.787370,23.563447,28.952996,30.364112,26.645071,23.241693,28.067627,22.113521,26.568676,21.000112,34.113199,25.548284,29.569564,30.063189,26.661046,29.343451,29.809998,18.339732,0.000000,34.007008,32.102616,25.702201,26.149807,23.181392,27.443701,25.419619,31.975633,27.490875,30.609290,24.409800,28.595052,28.018038,28.111804,24.941740,27.989032,17.775600,27.224806,27.829966,26.931311,26.702421,21.259544,27.970673,23.006272,25.683856,30.442307,26.669486,25.762186,25.570197,26.885040,26.974436,28.963521,20.308968,24.764683,28.442455,29.427907,28.334139,27.145867,29.568025,26.999594,29.319881,25.199761,25.849672,27.865150,28.620011,27.986272,26.962914,26.845458,27.319809,28.200868
WinMart+,36.213484,40.524536,33.529946,34.432285,37.072510,33.117579,38.632850,37.744734,33.358478,34.801508,34.618939,35.944069,33.473711,33.595841,34.725552,32.754501,36.551429,33.963360,28.587323,34.758747,37.490534,37.516981,31.285297,34.561087,30.939279,32.888420,33.491138,35.167399,36.384310,33.222847,28.797519,26.608342,29.968031,32.479589,30.503296,35.572112,33.624770,30.142524,30.836819,33.017801,36.756116,31.706200,31.175977,34.663833,21.548363,31.632298,31.850343,31.706495,32.182775,26.596780,36.563767,34.423594,18.626009,31.510679,35.032827,32.221643,29.797168,28.189333,33.072143,30.099866,37.122616,31.399707,36.403397,32.163510,33.998335,30.998724,33.188761,26.203577,33.096960,17.829883,30.272137,34.748073,34.496267,35.710168,35.270379,33.508721,0.000000,25.895964,28.097349,27.302195,36.879732,35.967105,37.719321,19.508528,20.350871,36.307885,35.466229,19.332248,32.105340,35.639984,33.147374,36.094265,35.165163,34.813640,20.527180,32.149037,32.052880,34.728152,32.626985,36.157343,29.891501,32.296842,29.568867,29.780003,33.634578,30.337078,30.572204,36.119234,31.439637,28.787026,35.278436,29.843240,31.850423,30.273312,35.994471,33.114558,35.704375,29.263294,29.598903,35.361484,31.225703,34.710078,29.133138,33.830459,29.490314,29.793567
Trường Cao đẳng Hà Nội,31.850886,33.086422,30.576349,31.305727,32.233599,30.071423,32.805581,32.828122,30.638697,30.582167,31.247510,31.145567,30.466488,30.776825,31.302399,29.740612,32.684785,31.096299,27.568803,30.867638,33.096973,30.386967,17.270820,31.614852,19.864274,30.574408,19.668937,32.180134,32.837936,30.842600,18.533045,26.869616,28.495168,20.640270,28.919958,32.180144,20.117279,16.376213,20.802258,30.204012,33.174198,18.436211,19.652579,31.924394,24.296457,29.899093,17.689055,29.566755,25.392756,19.900912,32.919872,31.785794,23.044213,25.192279,32.161839,30.485428,21.130957,27.312927,25.474462,17.261072,33.706251,26.756069,32.975980,25.893157,31.677906,25.348386,30.820520,24.847742,27.244615,23.628704,28.830643,26.328997,32.240697,32.909739,32.422319,31.413011,26.421518,0.000000,26.085180,22.894333,33.685161,33.088334,33.868918,25.047885,22.676627,33.442259,32.660133,22.559960,30.521096,27.036267,25.666281,33.106657,32.791877,26.329297,22.896790,28.969322,28.822761,32.458390,30.913306,33.236604,25.857509,30.501614,25.130573,25.631286,26.976748,26.061377,26.378872,28.083153,29.984784,24.109423,27.612778,27.913012,28.186969,27.153074,28.539622,29.297931,27.727839,25.722239,26.041851,26.429920,30.444137,26.667088,28.659856,26.178493,28.987744,26.346486
TK mark,29.085389,29.948881,28.162035,28.909392,29.195548,23.219579,21.364968,30.205928,27.543789,21.450869,26.529888,22.139052,19.666604,27.669056,27.711353,20.035139,30.316413,25.538062,17.925926,20.983573,27.789445,24.955900,22.496913,28.013633,20.192867,18.621518,20.038095,29.123605,30.237457,26.400495,20.207864,24.022563,29.212237,18.509933,28.953167,26.623915,16.829756,20.867866,18.113827,24.084106,28.282148,24.912087,19.290210,28.133446,23.889361,24.543961,25.287629,25.708694,17.041379,20.212263,27.989516,24.931756,23.332469,14.470819,27.290184,27.661180,18.079793,28.186259,21.294064,23.752663,30.293852,16.954356,24.112104,13.993179,25.887218,20.469635,24.964678,27.633470,15.081879,24.420436,25.608745,22.578236,29.469835,29.861095,25.961193,25.578428,27.926143,21.582054,0.000000,21.487981,25.593923,22.870826,28.131734,26.591413,25.094000,30.498110,23.407581,25.936583,29.644183,19.761538,16.544318,23.347604,25.181792,19.729411,25.335958,22.182791,21.822218,24.527258,28.311067,23.307658,18.704232,30.365717,22.878271,20.134282,19.781585,21.191199,18.831357,21.488721,24.734241,21.443156,22.175176,21.701105,23.885720,22.508468,24.180077,23.802856,21.522102,18.157022,22.132292,20.272614,28.624424,20.055340,27.094656,20.223741,27.422599,23.307079
Hội đồng nhân dân - Ủy ban nhân dân phườ,25.045764,25.047348,24.661886,25.616239,25.747098,24.739883,23.518585,26.563487,24.970422,24.606240,25.505084,25.187648,25.714961,25.271277,27.048990,22.934595,27.011464,19.512554,16.684987,23.959649,27.112085,28.077805,24.998068,27.167002,18.120001,17.238372,23.329953,27.119162,27.602964,26.104723,22.795732,26.672598,27.237672,16.539617,27.697448,26.282637,21.334043,23.210668,16.214606,26.223695,27.485463,27.906501,21.640970,27.069264,26.081301,24.870965,28.189428,28.206264,16.046532,22.540062,27.258161,25.107209,25.356304,17.545680,26.817249,26.457506,20.639294,24.786310,22.742669,27.477665,28.738342,18.180972,24.569470,19.210412,25.779138,19.857623,25.049066,30.999563,19.827569,26.588339,27.684160,23.769601,30.555353,28.351744,25.833496,25.564703,31.118413,26.031713,20.190467,0.000000,25.518438,23.818630,27.386041,29.164063,26.606924,29.939106,24.147209,27.730090,27.845718,22.591186,20.481244,24.074057,25.290997,22.087991,26.935147,19.670022,16.837237,24.849943,28.806065,23.982488,20.472067,30.519365,16.367100,19.998707,23.156953,20.981856,21.254656,25.312166,26.038929,17.215572,24.391818,21.337844,20.026648,22.185069,26.171190,18.544174,24.547115,21.619776,19.557616,22.890543,29.131299,22.820353,27.485686,22.399197,27.825240,22.813083
Trung tâm Công nghệ Phần mềm Thủy lợi,30.618535,32.269124,29.176855,30.371317,31.618229,27.027849,29.487342,32.916929,28.827870,28.548390,27.314852,32.578324,27.289241,28.684979,29.556569,27.346087,32.518126,26.285283,22.068371,32.168723,29.704653,33.713308,30.128080,30.769879,28.837039,23.835616,28.515190,30.479291,32.620887,28.312241,27.477274,32.334597,30.406418,23.124276,30.095386,25.096101,27.439056,29.440318,24.377351,30.928872,30.281196,33.343357,27.443142,29.091308,30.045051,24.481465,33.313776,31.218091,22.517966,25.987699,24.281499,23.380287,29.197950,28.393510,27.355020,28.317386,28.029788,28.964319,20.307896,30.312713,32.075020,27.757167,27.940042,29.695957,26.137309,28.470638,24.574162,36.060505,26.871909,30.789895,31.179448,28.781684,30.639458,31.320533,26.494249,20.414078,35.833475,33.319549,27.122833,27.317476,0.000000,30.173903,30.151088,33.337718,28.242146,32.109832,26.562778,29.610075,29.373057,30.390011,26.572412,30.676972,25.937522,29.250223,28.623301,28.323065,28.098588,25.304315,29.083683,26.041728,27.314211,31.818238,27.850449,27.214759,27.555764,28.437465,28.721292,31.593894,24.944639,25.711885,30.600358,31.093114,29.784158,28.525876,31.551792,28.074977,31.218521,26.619948,26.828687,29.917817,29.037757,29.691779,27.298410,28.387682,27.655687,29.615674
WinMart+,30.409270,31.812824,29.099353,30.160370,31.144865,26.829897,29.381379,32.334536,28.740361,28.175918,27.406972,32.182347,27.014270,28.631626,29.309910,24.577524,32.094504,26.151522,20.512442,25.293179,29.449048,33.259505,29.976130,30.236129,26.562054,24.008619,24.949124,30.280895,32.151271,27.686184,24.381507,32.008546,30.237024,25.778298,29.949241,27.791689,25.286637,24.545348,22.889544,30.742163,29.961699,32.925247,23.578989,29.009023,29.916339,24.654301,32.918863,31.002629,24.822739,24.064882,29.711849,25.174359,29.127283,24.367900,28.379396,28.304703,22.817958,28.911050,19.380743,30.140043,31.749430,24.641948,24.170811,25.695009,26.588007,22.111354,25.350153,35.435152,22.969881,30.620287,31.009814,20.664775,30.469734,31.081268,26.741775,26.235441,35.251565,27.379983,21.895074,23.745296,26.915555,0.000000,29.781827,33.005630,28.234702,31.818229,22.893904,29.506536,30.553179,23.551727,19.020467,22.852927,25.681277,12.673823,28.598269,25.093948,24.633778,24.677666,29.023644,22.929090,21.578668,31.566737,25.137882,22.754339,21.477760,24.428092,21.342422,18.502540,24.884584,22.928268,24.614902,24.174673,27.343105,25.367527,26.977761,25.882526,22.608320,19.615214,23.927596,21.422665,29.011568,23.563332,27.312879,23.318527,27.664346,25.424883
Không có tên,31.501631,33.703323,29.740809,31.243552,33.262781,30.021265,30.062504,34.662517,29.587768,32.729395,27.008513,33.774721,31.422851,28.685046,30.883260,31.259864,33.810874,31.606217,26.026377,33.173009,30.076416,34.961475,30.755298,31.748790,31.482131,30.374731,31.937180,32.718618,33.357356,27.890927,30.259998,33.298213,30.616223,28.458702,30.270401,31.972146,30.217041,29.922094,30.801658,31.550233,26.316323,34.485678,30.180436,32.309393,30.550456,25.559395,34.380765,31.509012,27.900916,28.252554,29.789480,25.465825,29.587355,30.485362,27.037459,28.283521,30.370282,29.000063,22.266073,30.844833,32.557102,29.593515,32.825086,31.781412,24.377756,30.987689,22.207715,37.514201,28.951227,31.347771,31.407058,31.471172,30.855561,31.652568,19.498640,24.854979,37.196972,34.074193,29.492075,29.292970,28.099666,32.998658,0.000000,34.202905,28.220825,32.517416,27.791173,29.699713,29.450243,32.804433,29.348009,33.309103,26.280893,31.706742,28.625397,30.238447,30.073040,26.926713,29.132177,27.287956,29.768853,32.162512,29.581003,29.440450,30.139174,30.556484,30.793223,33.688463,22.665455,27.391814,32.638167,32.609400,31.515237,30.430061,34.048913,29.619783,33.693056,28.698581,28.573707,32.907542,29.319159,32.296709,27.452255,31.092691,27.826931,31.824439
Cafe Dinh,31.606560,33.372261,30.197679,31.061924,32.261313,29.587811,33.187734,32.990535,30.287020,30.223579,31.003493,31.046522,30.090441,30.661941,31.100335,29.186331,32.705350,30.825578,26.994547,30.735284,33.215802,30.012968,28.338398,31.440002,28.349550,30.202372,29.811745,32.311591,32.855069,30.516968,26.335782,24.825517,28.019239,29.543796,28.524143,32.085800,30.206252,27.410712,28.529863,29.960121,33.260813,27.011718,28.507251,32.006609,21.046805,29.449453,27.526281,29.149298,29.814481,24.743830,32.946719,31.638904,18.705594,29.259395,32.224404,30.345239,27.967946,26.730471,31.045834,27.174003,34.015141,29.128304,32.995723,29.793230,31.593646,28.787267,30.521425,23.894278,30.184154,14.776566,26.043892,32.145368,32.328950,33.118719,32.315821,31.150713,18.919739,24.797995,26.577515,28.186828,33.747932,33.054396,34.024067,0.000000,18.127236,33.714383,32.582719,15.708106,30.391960,32.928461,31.258997,33.089682,32.685520,32.265282,18.074519,30.377316,26.065185,32.306689,26.785413,33.220188,28.115584,28.373613,28.088615,27.926781,31.298238,28.375768,28.610540,33.228645,29.785812,27.499091,32.671608,28.062820,30.029674,28.413846,33.396181,30.952428,33.168451,27.651679,28.418529,32.848333,27.646925,32.423257,26.165853,31.790548,26.516130,28.142097
Trường Trung học cơ sở Yên Mỹ,31.189828,31.855867,28.269813,26.980921,31.313275,29.776702,31.175825,27.097941,30.225938,30.089172,30.669354,31.389202,30.059341,25.929289,30.689447,30.625756,27.007727,30.574015,27.979236,31.137575,32.055839,30.291026,29.340952,30.974047,29.278032,30.191227,30.444774,26.808720,27.596713,30.398425,27.895102,30.230147,25.414128,30.145016,26.093513,31.398741,30.637964,28.563445,29.365667,28.150702,32.229917,31.581665,29.593714,26.753770,28.603751,29.669640,31.631962,26.518764,30.401949,29.462259,31.963115,31.204154,18.214358,29.954110,31.621082,25.995740,28.906202,21.633212,30.857632,29.148891,29.304356,29.815810,32.034607,30.310430,31.234271,29.434279,27.601006,33.604489,30.469496,17.884306,25.812254,29.872285,29.449728,28.533040,31.651819,30.891144,18.760602,31.910024,29.898703,28.982713,32.664331,32.196559,32.720994,17.949322,0.000000,28.501483,31.845439,13.582322,25.894628,32.150895,29.463177,32.196895,32.019529,31.682285,12.125812,29.428620,28.577814,31.743984,26.834578,32.317786,29.446814,28.961674,27.480570,29.268030,30.020213,29.662265,29.849083,32.322835,29.895373,27.937907,31.974076,29.313912,30.138700,29.640796,31.998022,29.929932,31.529128,29.797191,28.788073,32.150637,27.785315,30.687315,26.141596,30.120796,26.521048,30.174702
WinMart+,38.595527,41.919874,34.146019,29.224403,32.030225,29.479421,42.685035,30.895841,29.469304,37.222391,30.115472,41.585179,30.422693,26.964395,30.362418,37.453878,30.827994,30.593297,26.682079,39.738189,32.712397,38.521917,35.968368,31.334424,34.170283,29.771254,37.313435,26.442936,30.700733,30.159554,32.592286,37.689628,32.424877,35.652013,33.316168,29.611712,37.108393,33.766134,29.998103,33.857388,29.535641,39.822867,34.644145,24.249612,33.568376,28.852964,39.260770,37.729360,35.303200,33.695506,30.226143,28.214501,32.477586,34.420129,28.389039,16.943738,29.109689,27.943705,26.256842,33.837700,28.534656,34.117887,30.937571,34.763813,29.127680,33.079836,28.142001,42.410410,35.523609,33.536453,26.780413,30.351693,24.453628,23.004737,29.779886,28.784192,41.463841,36.901518,33.359244,31.984093,31.958554,31.201988,31.631540,37.960564,28.071725,0.000000,30.681314,30.636322,15.315396,31.152250,29.416684,31.268594,30.902029,30.493589,28.693326,32.479118,31.369908,30.486841,15.576922,31.464470,29.344807,25.116682,29.574932,32.350273,29.517194,32.975954,33.127443,31.497001,27.487457,29.892641,30.980110,31.017653,33.432715,32.642711,31.846577,32.508274,31.623191,32.581589,30.994458,31.201246,26.506853,30.844886,24.710033,30.175578,25.103024,32.973320
Coffee Cây,31.005559,32.424543,29.677809,30.750257,31.863577,27.628512,29.911535,32.938957,29.487010,28.883177,28.241196,32.665865,27.902224,29.302236,30.222185,27.791733,32.598510,27.171263,23.133268,32.286559,30.422972,33.668939,30.449837,31.342087,27.657425,24.914210,28.765510,30.783535,32.690289,29.025163,27.830113,32.430128,30.675991,27.145180,30.399750,28.852561,26.416536,29.782416,25.119669,31.128991,30.826827,33.327280,24.818969,29.523583,30.321082,26.127519,33.297844,31.400208,26.489421,25.162089,24.109788,23.521937,29.538330,26.473488,26.379263,28.750658,25.727799,29.333804,21.364975,30.554801,32.199458,26.173242,26.169307,27.805102,25.242798,25.913269,24.373114,35.771420,25.005696,30.990747,31.334110,25.880324,30.869938,31.510464,25.472395,24.503105,35.589796,33.309630,24.787255,25.554874,23.768737,26.636149,29.611353,33.329575,28.523574,32.213178,0.000000,29.837683,30.895825,27.910562,23.553634,27.726882,23.614121,26.756044,28.886511,26.709714,26.399529,21.066190,29.418682,18.938763,24.835708,31.944595,26.447848,25.155504,20.466883,26.550563,23.338683,23.261744,19.529639,24.280486,24.104907,26.923025,28.458985,26.942028,28.020512,26.893232,27.797260,22.022138,25.333657,25.471047,29.204562,26.258422,27.494809,24.851152,27.840180,26.968517
Trường Mầm non Tứ Hiệp (điểm Đồng Trì),33.792311,35.116690,30.371310,28.658244,34.037992,32.088148,34.246976,29.202945,32.344128,32.745742,32.991559,34.297054,32.329091,27.339160,33.052613,33.196399,29.095582,32.721464,29.323996,33.753953,34.574833,32.792634,31.488226,33.146598,31.393938,32.105460,33.078176,28.713424,30.041039,32.330087,29.980058,32.598171,27.597904,32.425286,28.336355,33.672140,33.148166,30.713882,31.286975,30.120498,34.450914,34.305893,31.758361,28.578847,17.708043,31.336948,34.230124,29.378726,32.241482,31.292108,34.323015,33.120711,16.681949,31.765953,33.492553,27.573676,30.492518,22.817719,32.400740,31.266167,31.608685,31.683524,34.327225,32.215611,32.933261,31.289509,29.323693,18.229851,32.713509,16.013913,28.547177,31.657925,32.063681,30.913614,33.689427,32.640055,17.234372,20.196493,31.535417,30.502766,34.858334,34.275584,35.143055,15.370422,13.769623,31.106567,33.935131,0.000000,27.564017,34.133639,30.808525,34.318363,33.844508,33.605719,13.115006,31.126315,30.195753,33.540533,28.787189,34.404406,31.121393,31.932987,28.870304,30.986733,31.723262,31.451478,31.632678,34.395716,31.237009,23.615592,33.912697,30.962696,31.935113,31.344525,33.897154,25.759736,33.449349,31.440742,30.089187,34.055932,28.683450,32.467883,26.805675,31.687167,27.203216,31.830683
Trường Mầm non Lĩnh Nam (cơ sở 2),30.793749,31.857998,27.525189,23.875787,25.890489,24.883017,31.341146,24.151345,24.944347,29.614135,24.738465,31.288948,25.227218,22.332052,25.347409,30.083173,23.624025,25.465948,23.212309,30.818852,26.783512,29.958765,28.797306,26.220787,28.387317,25.107132,29.878050,20.503592,23.056956,25.452427,26.904289,29.723653,24.342200,29.311225,25.115576,26.855118,29.928596,27.605434,25.629812,27.284502,26.737771,31.089020,28.636313,19.049023,27.778101,24.766262,31.041875,25.677134,29.390284,28.356593,26.680480,25.977741,27.122862,28.861292,25.480327,15.355197,25.210272,20.891253,23.053578,28.079978,19.836267,28.682004,27.848618,29.194733,26.235518,27.514020,25.991617,33.180580,29.473812,27.911788,20.415203,27.679070,17.257421,16.402827,26.608302,26.000730,32.944294,30.846642,28.589736,27.609802,28.724766,28.198379,27.627114,31.090584,23.842039,14.241197,27.786401,25.233614,0.000000,28.227813,27.049007,28.220396,26.188296,27.773493,24.123721,28.053743,27.159683,26.272322,13.230563,28.402962,26.956223,17.431929,25.955514,27.873599,27.045713,28.287705,27.405437,28.429688,25.025562,26.363708,28.132974,28.302153,28.743478,28.194964,28.855942,28.415612,28.697548,26.312206,27.212447,28.333545,23.571701,28.152717,22.364832,27.652613,22.685463,27.982724
Chợ Nhân Chính,30.492561,31.676773,29.296557,30.248152,31.069610,27.339745,29.539707,32.099564,29.024069,26.371933,27.883180,26.698905,27.542621,28.902934,29.529751,24.258515,31.943923,26.883556,20.306240,25.896618,29.694100,33.019431,26.304061,30.341214,26.034362,21.061994,25.606377,30.338065,31.990160,28.360792,24.927417,31.897235,30.288586,25.238563,30.024100,28.321503,24.499223,25.030331,22.438731,30.747589,30.103982,32.719262,24.126922,29.183523,29.992623,25.915742,32.718946,31.806309,24.308882,24.574628,29.888119,26.112259,29.262927,23.755449,28.738755,28.512933,22.194495,29.065832,21.901807,28.168596,31.655984,23.577899,25.848504,24.780991,27.335634,21.336214,25.992602,34.989945,24.533734,30.633018,30.773718,24.338197,30.501829,31.060426,27.447277,27.126549,34.841474,26.974727,19.936039,22.537560,28.012102,24.222750,29.911714,32.837342,29.051759,31.733807,24.950387,30.422017,30.577518,0.000000,15.910935,23.286409,26.717265,19.826387,29.448566,23.817927,23.314285,23.267545,29.161103,22.643071,17.844643,31.508441,24.212582,21.141069,18.549463,22.755560,18.159643,23.566551,24.673264,22.162734,23.573970,24.382034,26.187904,24.146970,26.850056,25.141493,21.221832,18.946202,23.050363,20.006823,29.071342,22.671815,27.420625,22.499305,27.759802,24.430223
Cục Sở hữu Trí tuệ,27.474028,28.139169,26.802613,27.358922,27.324177,24.779439,24.018435,28.318913,25.969102,24.565507,25.047115,25.157186,24.735222,26.332045,25.902117,23.546409,28.594355,24.067679,19.663197,24.387234,25.872678,27.116966,25.019608,25.874133,23.344400,20.089577,23.723456,27.814920,28.442187,24.479456,23.394184,26.180331,29.066840,22.626168,27.765609,24.886551,22.781537,23.639155,20.639513,27.895204,26.392356,26.913239,22.706933,26.956452,25.802094,22.997009,27.147790,30.000021,20.531252,23.270646,26.118275,23.548059,25.268394,21.391605,25.788827,26.677894,20.194937,27.172453,20.311375,26.628205,28.858648,21.793155,22.403056,21.482843,24.371146,19.261822,23.770679,29.016575,22.370265,26.183400,29.309080,20.894477,28.324909,28.564971,24.346910,23.907617,29.170410,25.590258,18.726233,20.886374,23.477437,26.564050,26.350165,28.082147,28.013727,29.176248,24.365939,28.918945,28.598328,16.228812,0.000000,24.900370,23.535259,17.202017,28.234799,21.096219,20.752761,25.025445,27.325761,25.120874,14.087355,29.130736,21.988540,15.769396,18.180166,19.975438,15.268062,24.247661,25.726055,20.771032,22.364622,18.782345,22.710794,21.442153,25.020399,22.991296,20.378565,15.978963,21.344367,19.800581,28.060925,18.386529,26.661121,18.806988,26.976392,20.881340
WinMart+,31.633168,33.371930,30.123044,31.370207,32.926508,27.936192,30.354110,34.048052,30.084713,29.379288,28.689129,33.450739,28.309488,29.786825,31.130816,28.066355,33.444931,27.515691,22.912062,32.967454,31.461416,34.477558,30.917312,32.829692,27.036120,24.877852,29.215242,31.320484,33.611936,30.041012,28.108959,33.082872,31.132024,26.455398,30.838437,29.584950,25.877322,30.161628,24.297292,31.585080,31.843081,34.082709,28.020618,29.916512,30.702562,26.357881,34.012881,31.890632,25.753351,24.698379,31.561457,25.987342,29.845214,25.592794,29.830340,29.019877,24.685298,29.636530,20.317764,30.939532,32.881072,25.501143,26.566668,26.779731,27.106966,24.696091,28.223981,36.698791,24.282360,31.401856,31.727967,24.381542,31.299963,32.067129,27.248480,25.226648,36.491708,33.828790,23.809781,24.831841,26.988605,24.271124,34.035971,33.919559,28.680094,32.804616,21.495712,30.085067,31.277752,22.393996,22.298686,0.000000,24.685261,21.513791,29.071669,26.007170,25.677095,22.832166,29.711161,21.661975,25.119771,32.470550,25.891798,27.844365,19.373907,25.706275,23.536029,26.249436,25.756128,23.767533,24.850360,28.271512,27.787080,25.979762,28.252629,26.432113,25.191180,21.857892,24.757831,24.739165,29.329154,25.955623,27.556441,24.246521,27.913050,26.928428
Kho bạc Nhà nước Đống Đa,29.142971,30.285416,28.072617,28.975414,29.488136,25.975928,28.413471,30.713627,27.411749,27.263583,26.162152,30.943550,26.059503,27.529007,27.640099,26.410193,30.745299,25.196086,22.036641,30.721653,27.686158,32.051074,29.036746,28.019846,27.889809,23.453643,27.356027,29.259900,30.685282,26.240344,26.616801,30.934259,29.337721,27.476474,29.049980,22.862074,26.729428,28.444277,25.794238,29.882577,21.522196,31.767872,26.626676,28.104365,29.115865,23.681941,31.813672,30.102237,27.012155,25.580691,23.400885,22.848022,28.397851,27.082566,20.991392,27.578228,26.522385,28.171741,23.175058,29.252808,30.628961,26.672098,25.508123,28.302643,24.509907,26.669670,19.764187,34.076684,25.535648,29.824754,30.260692,26.781225,29.629431,30.101144,17.267033,15.724950,33.969662,32.188253,25.643813,26.150609,21.759738,27.762542,24.649792,32.074153,27.751878,30.825850,23.938398,28.838819,26.877785,28.489258,24.775220,28.437209,0.000000,27.422247,28.084456,27.051546,26.791603,19.670758,28.316418,22.368536,25.657224,30.656630,26.737757,25.755834,25.530839,27.005738,27.096947,29.515023,17.402231,24.703677,28.800267,29.795768,28.591458,27.268881,30.039462,27.085124,29.743286,25.149291,25.830910,28.122519,28.646535,28.214417,27.036891,26.936881,27.381664,28.404089
Tịnh Cafe,31.075236,32.392386,29.805430,30.826931,31.865764,27.894488,30.014850,32.867498,29.654932,29.062874,28.496978,32.630709,28.181268,29.460248,30.356252,28.001797,32.569905,27.543772,20.318338,25.218918,30.563362,33.588656,30.521555,31.406658,25.121587,25.357673,24.880860,30.843778,32.650836,29.345805,24.414009,32.408986,30.730703,24.378937,30.466193,29.121164,23.899175,24.540100,22.035079,31.166495,30.921770,33.265318,23.678175,29.637079,30.382472,26.721541,33.241830,31.426139,23.586534,24.107312,30.698877,25.100942,29.629509,23.015910,29.412255,28.879450,21.732744,29.432371,22.522420,30.603134,32.190753,23.000639,26.911893,23.584796,26.301215,21.019061,28.066270,35.604505,23.760210,31.023543,31.355402,23.160164,30.915635,31.537993,26.431384,25.005466,35.440812,26.381170,20.036127,22.122953,26.368480,26.050288,32.755425,33.280579,28.608897,32.205908,21.765989,29.892435,30.939682,20.299647,17.307668,22.621351,24.515966,0.000000,28.965710,23.049810,22.674839,22.871055,29.511935,21.942774,18.232774,31.946566,23.596660,20.168949,18.955536,22.142894,18.467269,23.156967,24.665251,21.949891,23.775235,24.515199,24.875820,23.374527,26.958917,24.477299,21.430098,19.116981,22.655115,23.470123,29.250014,22.826451,27.558542,22.601270,27.897765,24.535572
Trường Mầm non Yên Mỹ,32.272453,33.153788,29.166945,27.719414,32.416644,30.726827,32.407717,27.939570,31.124396,31.167067,31.652799,32.565720,30.998550,26.493380,31.653504,31.690734,27.881493,31.485906,28.534128,32.207986,33.150593,31.310762,30.216090,31.875781,30.156267,31.043517,31.519642,27.569535,28.602850,31.252860,28.743355,31.201530,26.263017,31.100224,26.971773,32.379438,31.688627,29.467810,30.194531,28.950335,33.237573,32.774569,30.498066,27.490838,29.330306,30.428850,32.773835,27.630903,31.168623,30.290898,32.966891,32.081716,18.360486,30.757086,32.407035,26.634092,29.635341,22.083368,31.565341,30.024299,30.246738,30.659840,32.991899,31.175084,31.974982,30.200347,28.306148,34.917928,31.399287,18.032043,26.867221,30.615032,30.508469,29.497890,32.565050,31.697720,19.076844,32.855069,30.655426,29.682765,33.591792,33.088618,33.733846,18.150598,12.495552,29.550179,32.723334,13.272290,26.575288,33.009746,30.043940,33.080870,32.852570,32.492243,0.000000,30.132105,29.252513,32.565569,27.625160,33.193045,30.156205,30.149657,28.055503,29.983935,30.730891,30.404142,30.588493,33.193440,30.467338,28.503598,32.787373,29.997572,30.888360,30.352002,32.793811,30.588054,32.338100,30.486428,29.397676,32.952996,28.167949,31.435478,26.419907,30.811289,26.810817,30.872393
WinMart+,30.623172,26.959391,29.517837,30.383463,31.236182,26.677130,25.249666,32.175909,29.302432,26.939606,28.312832,27.181652,28.037864,29.176825,29.836420,25.330654,31.900067,27.493053,21.519938,26.263909,29.951339,29.437031,26.648052,30.541017,26.793803,22.233283,26.303520,30.446201,31.930556,28.891145,25.211212,28.053070,31.405595,26.179096,31.784205,28.776641,24.635460,25.207215,23.928342,29.842147,30.287928,29.233537,24.165758,29.384561,27.313414,26.828062,29.418432,32.847678,21.069265,24.682360,30.100031,26.845389,26.600859,25.217797,29.078803,28.736716,24.217758,28.211558,23.577908,28.715363,31.643221,23.459715,27.006630,26.358673,27.930406,24.124433,26.676384,32.070145,25.073699,27.725220,31.527103,26.231710,30.577433,31.101416,28.019886,27.814925,32.165795,27.362332,18.673042,22.038924,28.770550,25.683309,30.165800,30.111430,29.475127,31.717388,26.288686,31.069298,30.642021,24.303443,19.747062,26.213477,27.487024,22.971534,29.924251,0.000000,22.329737,26.779790,32.100429,25.803400,19.877720,34.275000,23.784816,19.072277,24.853415,21.009527,21.526807,28.409669,28.039825,21.485799,26.936915,21.740719,26.203741,23.375806,29.753077,25.037278,27.524168,22.093946,22.336969,23.973125,30.896076,24.103065,28.978565,23.133225,29.317731,23.959727
5050 Rooftop Cafe & Pub,24.283891,24.292369,28.968366,29.695820,30.293220,23.923608,22.956978,31.171717,28.653654,23.708316,27.768585,24.122610,27.523301,28.601903,29.004482,22.403871,31.031998,27.013081,17.331905,23.109176,29.048453,26.623756,24.142107,29.442968,18.658726,17.805256,22.647797,29.813980,31.016718,28.046239,22.352972,25.577874,30.680858,17.495124,31.036393,28.053549,21.085542,22.697454,23.974568,25.380084,29.384888,26.530023,21.396520,28.880175,25.226862,26.370797,26.824938,31.891924,17.443707,22.078037,29.221179,26.451676,24.636002,25.020835,28.412605,28.348026,24.211861,27.869305,23.693570,26.675006,30.890172,18.957510,26.428860,25.855133,27.351272,24.130273,26.370447,29.283949,20.074713,25.703097,30.843044,25.711535,30.038093,30.452055,27.429464,27.207068,29.536644,25.070784,20.582368,16.663544,27.776055,25.370875,29.333442,27.887466,29.098449,31.027579,25.854974,30.525720,30.149046,24.268545,20.893087,25.797324,26.919779,23.260385,29.495711,20.419362,0.000000,26.339603,31.462448,25.508331,21.027921,33.370432,17.893216,20.498637,24.702777,22.118301,22.289276,27.531200,27.506596,17.958486,26.341374,22.300660,25.585535,23.595032,28.632079,19.701571,26.755875,22.480711,22.672101,24.007417,30.600162,24.120019,28.798452,23.317888,29.120264,23.994035
Thuế cơ sở 4 thành phố Hà Nội,29.224368,30.357523,28.149408,29.059417,29.583526,26.100555,28.486506,30.787341,27.531727,27.366061,26.293897,31.000848,26.196894,27.626972,27.777710,26.507606,30.815000,25.362738,22.164199,30.779775,27.836527,32.097476,29.100520,28.181061,27.987783,23.605048,27.440717,29.329949,30.761084,26.448466,26.697011,30.987137,29.402204,27.580398,29.114542,24.408904,26.815954,28.508241,25.921260,29.935675,28.414283,31.815792,26.713210,28.180585,29.174677,23.914599,31.861588,30.155633,27.123289,25.657245,23.665371,23.132740,28.450846,27.205417,26.034815,27.648443,26.674181,28.230428,22.776897,29.305114,30.688147,26.777597,25.760527,28.437170,24.788854,26.841426,23.989922,34.107114,25.654121,29.872295,30.302432,26.976464,29.688452,30.154431,25.022964,22.290292,34.005564,32.218963,25.789839,26.261937,22.598917,28.010623,27.924427,32.110437,27.799586,30.879260,20.170607,28.885378,28.662659,28.674208,24.955902,24.369226,21.302513,23.965956,28.126604,27.164721,26.905651,0.000000,28.375618,18.294468,24.983531,30.704362,26.834935,26.958206,21.076541,27.137510,23.772443,24.180880,16.575890,24.789911,24.722433,27.254152,28.694587,25.621547,28.694478,27.170820,28.423738,22.333723,25.925160,26.173589,28.677222,26.761241,27.067435,25.357314,27.406472,27.327082
Trường Trung học cơ sở Lĩnh Nam,36.000016,38.163238,32.345568,27.203058,29.325718,33.631825,38.412368,28.019375,27.716714,34.763252,27.955443,37.821862,28.303444,25.510419,28.316091,35.063420,27.793623,28.494722,25.582818,36.663533,30.082790,35.695100,33.838996,29.171822,32.517872,27.938656,34.861402,24.681722,27.470582,28.276796,31.102553,35.130425,30.484585,33.719227,31.194091,27.711552,34.794846,32.051491,28.257783,32.085179,27.593499,36.771980,32.883697,23.191978,32.027310,27.317914,36.440342,33.603161,33.537751,32.193960,28.243040,26.734377,31.149515,32.813098,26.814298,18.830130,27.623326,27.698055,25.226970,32.196010,25.274261,32.551291,28.905425,33.109564,27.581719,31.700846,27.860706,38.954194,33.625334,32.019469,24.006552,28.679288,25.853952,22.373713,28.017542,27.317143,38.339340,34.949583,32.000342,30.808508,29.896862,29.297085,29.445743,35.703484,26.325298,20.402042,28.844913,28.285591,14.230944,29.324264,27.970067,29.342079,29.150506,28.810105,26.771768,31.206995,30.229261,28.801438,0.000000,29.545734,27.901185,21.468439,28.678710,31.086707,28.009737,31.620522,31.772657,29.584814,26.293189,28.989668,29.234421,30.936725,32.040555,31.369764,30.031049,31.303114,29.851091,31.345547,29.977577,29.458903,25.336705,32.482490,23.806699,28.681115,24.156527,31.695081
WinMart+,31.800710,33.343103,30.400734,31.544729,32.926923,28.496246,30.589386,33.917795,30.425242,29.742758,29.215746,33.414331,28.887916,30.123008,31.384815,28.506371,33.398428,28.280046,23.806742,32.967270,31.705087,34.361345,31.080251,32.852776,27.811823,25.788379,29.515845,31.466188,33.542862,30.626558,28.473454,33.077837,31.272150,27.347043,31.001829,30.118230,26.613036,30.359249,25.496436,31.679041,32.006432,33.991112,28.391842,30.167316,30.855010,27.615508,33.932932,31.967228,26.757278,25.371948,25.255588,24.768525,30.050456,26.787442,27.220588,29.296350,26.151897,29.860630,22.931101,31.067410,32.888249,26.429205,28.156562,28.048985,26.472383,26.438478,25.206686,36.409758,25.397796,31.502444,31.799709,26.462806,31.419161,32.139277,26.666451,24.552288,36.231371,33.778110,25.247263,25.864105,26.891903,27.313880,29.223362,33.857477,28.867526,32.818796,19.417628,30.219013,31.380224,28.252807,24.229156,25.832423,23.785438,24.729428,29.247342,26.996466,26.717251,19.139048,29.918637,0.000000,25.827030,32.509294,26.709633,28.200906,20.907451,26.905614,24.341112,25.625432,23.217802,24.550244,25.883757,28.604931,28.637929,26.374269,30.523820,27.110270,30.087583,22.550394,28.867192,27.347801,29.441865,27.771972,27.693001,25.937380,28.037704,28.249654
WinMart+,30.899532,31.894585,29.810242,30.653189,31.375988,28.221894,29.983102,32.218495,29.659572,26.312004,28.728069,26.605774,28.460790,29.506064,30.164483,25.168139,32.094656,27.995252,19.989514,25.880643,30.355022,28.479100,26.259215,30.931709,24.532928,20.607668,25.592024,30.675864,32.135912,29.433060,25.001339,27.419853,30.597719,23.767430,30.362292,29.243043,24.634545,25.084787,21.475971,30.981584,30.644480,28.334614,24.269105,29.643787,26.878160,27.497984,28.519588,31.357137,22.986191,24.676014,27.612385,27.411416,26.293777,22.334914,29.465300,28.981309,21.034753,29.464478,24.521163,28.013605,31.826514,23.887734,27.727838,22.718795,28.479092,20.194174,27.003619,30.661891,24.667782,27.236882,30.458692,22.221928,30.767062,31.284475,28.555149,25.197732,30.759189,26.879685,21.125890,23.021350,29.492167,27.287957,27.883738,29.228362,28.887503,31.876903,24.505885,30.182150,30.803042,16.220310,16.743201,25.226281,24.823705,17.393750,29.255395,23.626520,23.232117,25.231953,29.532291,25.521076,0.000000,31.670557,24.033503,18.942809,17.872498,22.794586,15.038379,24.307771,25.904824,22.262992,23.780818,19.283369,25.539333,19.381068,27.362465,24.871390,21.231153,15.668468,23.043442,19.837955,29.267316,18.593036,27.663463,19.058431,27.984973,21.657083
WinMart+,30.382277,32.866512,27.052528,22.837575,24.939111,23.097819,32.636432,24.034426,23.000753,29.273549,23.384292,31.897916,23.608054,20.923053,23.558679,29.219290,23.638688,23.605995,20.598068,30.422090,24.957039,29.437326,27.599576,24.059491,26.650649,22.851029,29.101580,20.486917,23.328767,23.071278,25.496414,28.686562,25.294023,27.542415,25.821322,22.607690,28.527223,26.130141,22.852497,25.895198,22.419888,30.179569,26.666523,18.935903,25.448560,21.909848,29.704787,28.588748,26.793826,25.759771,22.864778,21.363835,24.443249,26.160599,21.360362,14.347775,21.928677,22.262578,19.883778,25.871233,21.402696,25.896084,23.270735,26.326734,21.793405,25.267435,24.642927,31.730797,27.129733,25.089487,19.161495,22.808335,21.729260,18.577293,22.237725,21.533661,31.020306,27.667216,25.123931,24.141434,23.787125,23.239353,23.543480,28.132877,20.689019,17.143904,22.858023,22.936493,13.156407,23.135332,21.745719,23.263097,22.872805,22.682943,21.185998,24.625135,23.758058,22.553772,14.275515,23.342759,21.812067,0.000000,22.382260,24.386121,21.964325,24.807732,24.868003,23.338032,20.231642,22.445603,22.952578,24.173116,25.115518,24.464411,23.567705,24.405022,23.433447,24.399961,23.090231,23.000929,19.418061,22.766992,17.898770,22.223147,18.266610,24.623937
Cửa Hàng Tiện Lợi BV Mart,24.992870,25.098350,24.643449,29.421194,29.905957,24.771744,23.739459,30.701405,28.448693,24.699995,27.652068,25.047916,25.541584,28.420473,28.737237,23.415800,30.629021,26.973712,18.306693,24.134478,28.763973,27.326647,24.917788,29.077797,19.842919,18.801072,23.774273,29.551835,30.597768,27.861991,23.346698,26.253323,30.348725,18.819575,30.680877,27.892862,22.405839,23.559871,18.573355,25.946236,29.072587,27.209827,22.439511,28.695984,25.822843,26.420809,26.180659,31.426682,19.210871,23.017692,28.927287,26.478848,25.227736,19.787728,28.229572,28.225216,24.629277,27.781715,24.123319,27.481553,30.536997,20.831903,26.473631,26.016648,27.274201,24.616109,26.392134,29.597310,21.877210,26.259199,30.519911,25.901763,29.792171,30.153076,27.341208,27.142225,29.832491,25.707750,22.033594,16.396686,27.612485,25.585463,29.046952,28.667020,28.939623,30.699787,25.988268,30.261325,29.921889,24.814004,21.980973,25.942234,26.896638,23.876103,29.313859,22.737980,17.202866,26.392156,31.142295,25.671013,22.125704,32.901905,0.000000,21.739989,25.039942,23.213915,23.200670,27.409321,27.420192,16.564932,26.405712,23.048077,21.989001,18.415007,28.347654,19.147770,26.707688,23.074384,20.117259,24.369133,30.435912,24.522007,28.711844,23.773241,29.021557,24.361289
Đảng uỷ - HĐND - UBND phường Thanh Xuân,28.776130,25.546235,27.893593,28.589483,29.039541,25.229238,24.093599,30.024574,27.384334,25.225854,26.431957,25.552224,26.160142,27.440624,27.583162,23.855226,29.999208,25.512113,20.421281,24.632659,27.521204,27.853899,25.329183,27.784872,24.815580,21.021351,24.321751,28.845591,29.939664,26.232535,23.773958,26.699216,29.990006,24.121053,30.374306,26.489311,22.891242,23.941403,22.011005,28.597170,27.957140,27.718902,22.820947,27.920580,26.193453,24.530975,27.961760,31.189765,19.540747,23.399438,27.789967,24.883416,25.563621,22.875786,27.067040,27.507243,21.750280,27.202805,21.614036,27.487700,29.958757,21.340771,24.286605,23.340646,25.759175,21.195455,25.123694,30.417607,22.505922,26.623910,30.213384,22.981784,29.230859,29.574484,25.850435,25.477863,30.606275,26.153026,16.161200,20.009114,25.574478,23.142688,28.014041,28.840750,28.563922,30.196494,23.650124,29.984529,29.429990,20.684335,17.713293,26.109940,25.134197,20.475365,28.955703,20.528159,19.958811,24.548907,30.939886,26.231151,17.210981,32.873048,21.979708,0.000000,22.211796,18.303609,18.386399,25.695822,26.309898,20.423345,24.230037,19.302120,22.954710,12.994547,27.019236,23.373789,24.540227,20.183074,20.926486,22.053680,30.285673,21.762249,28.503704,21.248760,28.830798,22.029840
Starbucks,31.719898,33.006597,30.473445,31.466387,32.588304,28.829909,30.623189,33.447431,30.490965,29.885268,29.468156,33.110566,29.193139,30.228708,31.295117,26.761163,33.074602,28.724796,24.615201,27.528148,31.556619,33.971006,31.052650,32.432918,24.076285,26.507740,27.461505,31.392545,33.179926,30.693813,26.633452,32.840795,31.222364,23.358561,30.981462,30.261599,26.563747,26.494107,21.294400,31.594656,31.812670,33.650762,25.869657,30.235193,30.846944,28.333957,33.610313,31.854495,24.503653,26.162180,28.303683,28.091757,30.113144,22.031230,30.340778,29.429313,20.876990,29.941080,24.793939,31.038145,32.659716,26.323046,28.897844,22.305712,29.373385,20.187729,27.550294,35.833106,27.176489,31.437487,31.445158,21.890578,31.360101,32.004411,29.461786,28.401855,35.701852,28.053910,24.455112,25.632133,31.238476,28.403654,30.801593,33.588885,29.673620,32.626201,24.914143,31.052129,31.327888,17.391590,17.290735,26.251436,28.063684,22.415059,30.064924,26.575910,26.198435,25.802157,29.989724,26.489728,16.835077,32.373794,26.294071,24.057008,0.000000,26.328273,16.700066,25.101686,26.493714,23.933992,22.797965,24.432622,28.582608,22.801337,28.485107,26.815560,19.271162,17.186124,27.177769,18.010204,29.479667,21.928287,27.790223,21.778847,28.123159,24.494482
WinMart+,29.118850,25.811209,28.241752,28.925835,29.396691,25.518982,24.418408,30.301467,27.812888,25.555816,26.918271,25.847793,26.669281,27.828965,28.051714,24.266074,30.259997,26.096391,21.145508,25.009260,28.030553,27.981442,25.589965,28.328491,25.457344,21.744461,24.735810,29.129488,30.217680,26.903498,24.178564,26.873097,29.996051,24.855100,30.363016,27.056110,23.469330,24.294329,22.935874,28.661108,28.414347,27.846566,23.295055,28.227600,26.367332,25.294423,28.066291,31.132334,20.541767,23.798715,28.258430,25.519800,25.760650,23.847618,27.535956,27.785368,22.924309,27.312996,22.614709,29.711239,30.196307,22.260219,25.181863,24.450875,26.366794,22.626782,25.616211,30.395211,23.287944,26.774596,30.207852,24.205910,29.456809,29.812004,26.451899,26.154514,30.578140,28.395980,18.704731,16.894149,26.429622,24.136551,28.436066,28.893122,28.616308,30.405077,24.609106,29.985140,29.627004,22.463795,19.471553,24.575274,25.851225,21.873159,28.996570,16.834312,15.686849,25.294727,30.911127,24.425153,19.550376,32.757290,20.656343,18.957633,23.372400,0.000000,20.661218,26.244408,26.628182,19.152919,25.032708,15.188832,21.218185,12.619491,27.348866,22.903834,25.313130,21.412638,19.418229,22.977853,30.279948,22.899957,28.532662,22.288830,28.853981,22.965041
WinMart+,31.675089,32.807232,30.518538,31.424785,32.387152,29.026991,24.987124,33.166300,30.526056,26.228551,29.607410,26.479048,29.361402,30.286498,31.232577,24.970751,32.878639,28.962358,20.160267,25.715407,31.464652,28.444372,26.134065,32.202842,24.076912,26.930246,25.470245,31.352155,32.961158,30.711719,24.866550,27.347190,31.199375,23.399521,30.970077,30.331513,24.375675,24.912030,21.468130,29.001982,31.691727,28.297081,24.039682,30.281682,26.795131,28.681198,28.493683,31.438338,21.773525,24.474655,28.593028,28.415895,26.194282,22.170277,30.393129,29.522045,21.120087,29.999083,25.702052,27.990360,32.521195,23.502640,29.210189,22.444753,29.558769,20.515368,27.840582,30.735281,24.420574,27.167253,30.496263,22.075700,31.325463,31.917715,29.629731,28.725844,30.888470,26.800052,20.311083,22.546128,31.152372,28.843024,30.796374,29.227790,28.869976,32.499028,26.028920,30.232723,31.304815,18.414206,17.898076,27.459670,28.445404,24.557616,29.250122,23.219213,22.782900,26.738553,30.041851,27.484235,15.564676,32.275246,23.763682,17.347152,19.820395,22.183336,0.000000,26.896160,27.158797,21.924229,24.093453,16.549487,25.296297,17.713694,27.646167,24.702525,19.971008,14.286049,24.473232,19.979288,29.525761,17.263220,27.871023,17.994980,28.198177,20.665227
WinMart+,32.142582,33.711648,30.727758,31.883820,33.366697,28.940749,30.889818,34.288965,30.856775,30.135641,29.689326,33.702397,29.379798,30.507447,31.891962,28.865878,33.706478,28.853563,24.216073,33.239729,32.269352,34.609106,31.354661,33.474399,28.218759,26.289325,29.284750,31.758449,33.869449,31.365994,28.245907,33.328323,31.524579,27.795319,31.266304,30.719833,28.505883,30.614220,26.010056,31.908448,32.513844,34.242218,27.528667,30.462099,31.085435,28.404801,34.167045,32.202985,27.229401,27.706962,32.273099,27.757794,30.282115,27.346603,30.712315,29.546088,26.798526,30.104210,23.945072,31.294070,33.164376,28.740585,29.182485,28.694215,29.259002,27.208287,27.294534,36.614932,29.581071,31.710973,31.990629,27.352173,31.650935,32.393660,29.365255,28.085573,36.425804,29.246170,27.757049,28.228741,31.679358,28.549825,34.307735,34.053314,29.027382,33.061726,23.743568,30.384286,31.578156,24.139434,24.977415,27.461721,27.660697,24.148810,29.407524,29.386527,29.048734,24.971574,30.147518,24.754709,25.644180,32.751754,28.527896,28.808455,18.096858,29.654412,23.640569,0.000000,25.622181,25.726435,25.645094,29.374265,31.352082,26.382605,29.413551,28.741905,28.887167,24.604853,29.214536,23.688642,29.539972,25.799087,27.786715,23.531387,28.131255,27.098016
Phường Ô Chợ Dừa,26.121663,26.983987,25.472353,26.086492,25.933718,25.091014,26.094569,27.270739,24.287732,26.818378,22.759228,28.161814,25.448490,24.585485,23.986804,26.393015,27.645851,24.511372,23.462759,28.186935,23.293436,29.407022,26.803331,26.405403,26.782311,23.209587,26.867468,27.881744,27.085580,25.128246,26.277715,28.510535,26.940608,26.398128,26.641755,22.973922,25.914418,26.183430,25.033041,27.846254,21.738124,29.033243,26.300155,27.787121,27.172229,23.378043,29.186396,27.646271,26.195165,25.351183,21.466743,22.842679,26.557637,26.088743,21.434481,25.502980,25.561026,26.089431,22.300833,27.095457,27.743755,25.819320,24.484606,26.798427,20.581842,25.445915,20.045379,31.155927,24.771121,27.902524,28.245173,25.440028,27.372702,27.542813,18.114693,19.371899,31.195136,30.001326,24.895014,25.364592,22.410780,25.823434,22.073832,29.937794,26.248338,28.273903,20.464413,26.968228,26.853871,26.534427,24.305878,23.057566,17.845143,22.957459,26.394289,25.930667,25.745769,17.444362,27.888054,19.682848,24.125499,28.293411,25.826729,25.778349,21.065026,25.846941,23.172412,22.851165,0.000000,24.227994,23.781629,25.989222,27.124689,24.799106,25.623350,26.166082,25.518022,22.031345,27.197435,23.574776,28.249625,24.497552,26.708064,23.485693,27.045691,25.349504
Chợ Xanh Văn Quán,28.524305,23.406096,27.812631,28.329954,28.471045,23.174132,22.528440,29.202312,27.382785,22.871612,26.679177,23.283919,26.458418,27.438584,27.461521,22.028646,29.379154,26.031090,22.146338,22.528939,27.467866,30.262083,23.398533,27.618850,25.548168,22.633339,21.960996,28.536911,29.308538,26.600939,20.642774,28.503446,29.241359,25.101366,29.556358,26.741918,21.094124,21.081098,23.731213,30.163766,27.781975,24.560399,21.722616,27.808886,27.019480,25.442695,24.866875,30.100512,18.822343,21.941435,27.655633,25.598791,26.441838,24.441421,27.146501,27.482147,23.864925,27.085169,23.538143,25.918362,29.401741,22.160222,25.319511,24.917009,26.237525,23.673726,25.544841,28.136514,20.330796,26.719690,29.463995,24.709176,28.886253,29.131576,26.292706,26.064713,28.470108,24.046598,21.742422,17.227233,26.207137,24.653217,27.768334,27.536335,24.992867,29.637605,24.947632,25.335322,29.079117,23.806429,21.747341,24.872350,25.841826,23.194776,25.206604,21.899830,21.459935,25.435125,30.148355,28.308022,21.842152,31.622667,17.066470,21.444816,26.424925,22.484281,22.578138,28.207937,28.114787,0.000000,27.461494,24.374168,17.434997,22.591637,26.755006,14.016751,25.335616,22.593795,18.563639,23.729003,29.878805,23.761598,28.316871,23.264535,28.609263,23.647569
Noble Moment,31.971502,33.189423,30.759636,31.718658,32.811554,29.269328,30.888566,33.590987,30.832458,30.226950,29.890804,28.670164,29.638974,30.553291,31.625519,27.345677,33.220038,29.257424,25.200714,28.096272,31.898635,34.058442,31.279054,32.728814,25.567351,27.104042,28.080978,31.613503,33.325739,31.180427,27.212702,32.975018,31.426053,24.993922,31.196764,30.713463,27.263702,27.020858,23.172893,31.769437,32.114430,33.744470,26.482905,30.502502,31.044759,29.028606,33.704015,32.023422,25.418567,26.723820,28.876584,28.699807,30.339829,24.067508,30.717936,29.690592,23.225067,30.179242,25.904993,31.218304,32.811324,27.208320,29.666541,24.676401,29.912282,22.978306,28.065907,35.822953,28.014026,31.606534,31.706770,24.459756,31.540595,32.173395,29.982994,29.061800,35.697387,28.453720,25.750750,26.604036,31.793967,29.323035,31.143262,33.671292,29.917692,32.760467,26.312325,31.278391,31.490927,22.712094,20.402681,28.049462,28.769727,24.812146,30.308759,27.579016,27.240618,27.074465,30.210714,28.003071,23.044411,32.513623,27.108446,25.953709,20.624365,27.541189,20.043118,24.319138,27.455126,24.645357,0.000000,26.381061,29.488796,24.280051,20.628735,27.496483,18.343631,15.475718,27.889876,16.047647,31.048713,21.103575,29.162696,21.109689,29.483982,24.420892
WinMart+,32.614907,33.760617,31.428895,32.340316,33.448953,30.149669,25.962143,34.130418,31.602654,27.537100,30.776438,27.714093,30.552668,31.289984,32.423200,26.190850,33.700710,30.292594,22.582512,27.002061,32.726210,29.557557,27.171886,33.538163,27.104329,28.180068,26.965933,32.164280,33.823587,32.233238,26.065853,28.355922,31.258909,26.634846,31.596869,31.673478,25.838087,25.970386,24.906830,29.883294,32.872653,29.373960,25.213238,31.110947,27.658991,30.318432,29.524303,32.498552,23.365517,25.579935,29.974776,29.851114,27.017564,26.005358,31.545930,30.264521,25.359155,30.712586,27.675084,28.886584,33.274886,25.347682,31.081543,26.966116,30.977184,25.477480,29.041322,31.810919,26.415214,28.008076,31.377827,26.907873,32.004567,32.648912,31.024277,30.288131,31.906593,27.726360,22.687969,24.472101,32.996180,30.918158,31.929455,30.120524,29.531081,33.183852,28.432364,30.973409,31.908582,25.681909,22.467901,30.549576,30.065239,27.890770,29.939692,25.532231,25.064198,29.057742,30.715263,30.232078,22.820049,32.925869,25.484834,21.037033,25.439611,24.917348,19.385935,30.584481,29.064277,23.069657,28.525390,0.000000,27.867911,15.592973,30.731889,26.207013,25.996195,19.543197,23.441421,23.278931,30.842316,21.705431,29.019769,21.024326,29.341086,22.088308
Co.opmart,29.956485,26.889156,29.051875,29.747608,30.311354,26.647410,25.479716,31.134145,28.785191,26.838914,27.965742,27.053313,27.739337,28.727446,29.132917,25.578787,31.001106,27.287995,22.408805,26.330330,29.182179,28.914619,26.627396,29.560041,26.729349,23.017270,26.241368,29.854320,30.993503,28.291981,25.472362,27.794663,30.674595,26.254202,31.012635,28.270902,25.116676,25.445211,24.572171,29.362714,29.485245,28.755681,24.653541,28.963895,27.196180,26.758095,29.426431,31.822156,22.688967,27.106472,29.334227,26.775619,30.236602,25.583566,28.578554,28.452157,24.925872,27.991341,24.350477,31.294853,30.874527,24.469400,26.868589,26.428915,27.623031,24.964512,26.630901,33.133829,25.458964,30.496838,30.828488,26.331272,30.060040,30.455762,27.690006,27.508345,33.009715,29.848118,22.231702,18.530685,28.099858,25.928315,29.430429,31.434105,29.149813,31.008288,26.359929,30.517835,30.160715,25.237592,22.127030,26.302147,27.256838,24.149364,29.535503,23.237088,22.326952,26.723548,31.427734,25.979008,22.289205,33.262348,20.136832,21.880004,25.370968,23.527239,23.462288,27.867209,27.740306,18.327918,26.811755,29.617784,0.000000,18.249066,28.845861,23.896553,27.197805,23.243652,18.275134,24.602164,30.582853,24.806979,28.823835,23.977342,29.139396,24.588238
WinMart+,31.250913,26.152835,30.297424,31.008294,31.658176,25.940923,24.950488,32.308573,30.231198,26.018771,29.498081,26.258543,29.299058,30.071785,30.720410,24.914080,32.168594,28.992466,22.130271,25.571086,30.870158,28.045053,25.977988,31.355695,25.932106,27.370616,25.302402,30.976721,32.206007,30.256430,24.819308,27.076001,29.811223,25.456708,30.143582,30.020937,24.388505,24.867056,23.930349,28.632642,31.074412,27.916576,24.092896,30.091776,26.604990,28.792198,28.107397,30.791704,22.208259,24.475632,28.704131,28.584681,26.056162,24.756038,30.110884,29.464810,24.115862,29.878247,26.668691,29.533261,31.943994,23.676946,29.159572,25.347402,29.444231,24.011573,28.069661,30.136122,24.394741,26.954187,30.017071,25.204932,31.008106,31.478950,29.492171,28.825199,30.301694,28.390524,21.635530,20.131023,30.460708,28.919288,30.410844,28.841472,28.593520,31.979320,27.040419,29.835479,31.016279,24.867065,21.663578,28.115892,28.614032,26.377475,28.939005,21.934015,21.326688,27.519700,29.915503,28.076885,22.911847,32.310657,22.978461,21.847005,24.498098,12.571148,21.186338,27.862490,27.726820,21.093332,26.467763,18.233087,24.615780,0.000000,28.203117,24.234616,24.829266,20.544482,23.682456,23.213821,30.180626,22.148555,28.525848,21.589019,28.829853,22.316814
9.0cafe,32.404491,33.863131,31.059950,32.147328,33.548303,29.461255,31.183879,34.393244,31.238858,30.529614,30.193077,33.823813,29.912539,30.878276,32.245802,29.306247,33.828966,29.496206,24.940585,33.379326,32.617325,34.667519,31.598389,33.718663,28.734224,27.024531,29.436888,31.990993,33.992417,31.910623,28.443819,33.456777,31.739872,28.380086,31.499007,31.229705,28.726821,30.875661,26.785474,32.089059,32.809997,34.312946,27.772620,30.758390,31.306433,29.296161,34.243546,32.372009,27.884189,27.927730,28.601276,28.377535,30.531983,28.087875,29.695343,29.847902,27.672617,30.365541,25.518846,31.491802,33.304515,28.990232,30.176598,29.417872,29.809572,28.178715,27.779315,36.547230,29.744315,31.891581,32.142281,28.432740,31.842973,32.568410,29.898115,28.768720,36.369616,29.357101,28.174291,28.536145,32.287011,29.792836,31.278273,34.124178,29.242537,33.195984,25.915683,30.564474,31.752741,25.578728,26.111917,28.894134,28.407265,26.066898,29.616689,29.589462,29.305094,26.897033,30.391620,27.474148,26.748382,32.891459,28.784896,29.225472,21.255225,29.869480,25.015497,31.520354,25.779510,26.085531,25.357366,29.718225,31.379466,26.966691,0.000000,28.946549,26.022499,22.758766,29.394938,17.671934,31.340328,23.161222,29.344237,20.909308,29.677116,25.604022
The Coffee House,30.168751,27.289093,29.288809,29.955769,30.508835,27.064672,25.920485,31.268404,29.063589,27.296406,28.301986,27.482268,28.092910,28.994083,29.417251,26.105603,31.135063,27.693540,23.034660,26.828713,29.489512,33.949294,27.015755,29.855862,27.192538,23.625063,26.777173,30.034232,31.127581,28.703303,25.992903,31.917174,30.814035,26.775075,31.134737,28.635940,25.781879,25.914097,25.254842,29.554244,29.757841,27.894876,25.561242,29.178567,30.096898,27.279167,28.588762,31.909658,23.661385,25.991524,29.612573,27.233132,29.582893,26.255054,28.885800,28.660992,25.718686,28.217546,25.085508,30.429944,31.002472,25.360337,27.441155,27.117574,28.034335,25.859871,27.012730,32.447875,26.247804,29.860844,30.950585,27.071167,30.205246,30.595198,28.095392,27.954207,32.393403,28.791182,23.712155,18.953157,28.597494,26.593442,29.685553,30.821586,29.300856,31.118802,26.984507,27.672011,30.288543,26.243545,23.318931,26.920719,27.731535,25.079930,29.680792,25.306073,24.594745,27.232889,31.509304,30.845761,23.502897,33.280127,20.679914,23.184835,29.026100,24.849591,24.612012,31.082610,30.048789,14.429422,30.218370,27.327972,19.105109,25.131530,29.244959,0.000000,27.794149,24.069847,19.853494,25.278654,30.652902,25.570029,28.911181,24.711808,29.220971,25.270130
Cục Tần số vô tuyến điện,33.145827,34.467311,31.833233,32.873078,34.231133,30.515220,31.892011,34.943356,32.147825,31.408400,31.246411,34.345590,31.005457,31.736357,33.164943,30.208466,34.367450,30.756846,26.197935,28.444788,33.572115,35.079094,32.224314,34.620596,26.031957,28.343415,28.534180,32.622670,34.542380,33.154269,27.562458,33.943682,32.319341,25.510614,32.107370,32.368963,27.682415,27.341301,23.793357,32.604813,33.683893,34.735941,26.855274,31.465134,31.868523,30.898224,34.654960,32.887587,25.964100,27.072861,30.057709,29.910485,31.128801,24.711208,30.864608,30.514347,23.972729,30.985610,27.844131,32.018280,33.825883,27.724963,31.938179,25.395163,31.227289,23.858150,28.997479,36.779357,28.576062,32.390006,32.038843,30.246273,32.376218,33.107414,31.286163,30.434341,36.601844,28.704787,26.487137,27.172841,33.922431,31.832817,32.289691,34.483679,30.203403,33.671288,28.821192,31.576067,32.233890,24.210436,21.439498,30.136156,30.176713,26.096624,30.600308,28.231353,27.912279,29.573927,30.977074,30.667284,24.716201,33.361434,27.615963,26.993613,23.138082,28.243320,21.760258,31.914113,28.163421,25.075628,23.493893,27.443792,30.077178,25.120331,31.634424,27.977428,0.000000,11.198129,28.321189,14.369237,31.619258,19.368352,29.634680,19.818229,29.961767,23.636980
Everything Coffee 'N Bagel,32.170888,33.191207,31.081230,31.913624,32.838299,29.832073,31.996100,33.492796,31.175608,27.268062,30.390247,27.452958,30.179215,30.912707,31.860179,26.065515,33.187896,29.907312,22.785389,26.793830,32.103347,29.163759,26.986601,32.778492,26.881073,27.990666,26.671611,31.788354,33.276889,31.570236,25.952945,28.084307,31.410020,26.451848,31.724892,31.137967,25.730089,25.879593,24.908288,30.098112,32.267060,29.005097,25.186038,30.804844,27.474272,29.857399,29.161208,32.586384,23.580306,25.517500,29.306643,29.175872,26.879119,25.873338,30.048528,30.039017,25.302367,30.469809,27.456401,28.605521,32.836244,25.290991,30.460318,26.672481,30.191650,25.385498,28.518428,31.264212,26.131449,27.800296,31.511515,26.603641,31.698242,32.273243,30.245258,29.514710,31.377512,27.519343,23.128139,24.548184,31.721665,30.266979,31.192327,29.768418,29.705423,32.790923,28.070070,31.102077,31.636941,24.839713,22.856034,28.721597,29.286116,26.102013,30.108374,25.357848,24.994071,28.625248,30.484108,29.188863,16.975675,32.572631,25.375896,22.128248,24.384291,24.896443,19.629206,29.147723,27.688067,23.255235,24.976588,20.781405,27.276122,20.402577,28.358444,26.014142,23.192099,0.000000,25.481827,19.496721,30.917484,17.767779,29.129597,18.043398,29.439369,19.431640
Starbucks,31.711416,24.472862,30.858184,31.505281,31.888923,24.291595,23.669622,32.413297,30.762541,24.128749,30.162610,24.568229,29.935290,30.681370,31.151339,23.302033,32.433821,29.765854,21.158664,23.910069,31.466704,26.301924,24.524806,31.782771,24.127016,28.348054,23.357141,31.409428,32.442296,31.009381,23.170315,30.715159,28.131045,23.650716,28.451711,30.702928,22.634167,23.426953,22.326394,27.131403,31.638085,27.330813,25.276435,30.609272,29.247396,29.807030,27.845113,28.874450,20.761840,25.705616,29.518027,29.535973,28.797148,22.933648,30.772938,29.988374,22.282512,30.349633,28.094792,29.032677,32.264039,21.838219,30.025571,23.201588,30.290813,21.851172,28.731236,30.724188,22.204096,29.026485,28.403425,22.838420,31.377838,31.825394,30.306439,29.802532,30.757006,27.824962,19.859135,17.644744,31.163037,29.960930,30.839110,29.806428,27.407956,32.266476,28.435413,27.144576,31.349457,27.057165,20.150985,29.491345,29.626775,28.176392,27.689037,19.291734,18.913067,28.943020,30.357415,29.364932,26.058687,30.522232,17.655124,25.422190,27.123086,22.660204,25.391399,29.410947,28.976288,20.013148,28.457060,24.472002,14.880255,21.740620,29.534502,21.630255,27.213126,23.506216,0.000000,25.500673,29.298221,25.060930,27.834934,24.298273,28.127185,24.742997
Chợ Trung Kính,31.159175,32.166967,30.083863,30.930381,31.714077,28.603997,30.240627,32.501966,30.011806,29.474770,29.122689,32.402160,28.884141,29.833275,30.583538,28.584046,32.337172,28.461802,24.910746,26.619248,30.772756,33.218035,30.647162,31.391735,24.061853,26.596692,26.387840,30.924493,32.386234,29.962595,25.830465,32.239780,30.818340,23.470849,30.595018,29.709798,25.677210,25.826727,21.804875,31.179301,31.034632,32.947734,25.214047,29.906547,30.506505,28.093460,32.941948,31.405209,23.891900,25.505193,27.746231,27.550308,29.847845,22.437515,28.711185,29.221312,21.578067,29.692742,25.287112,30.683172,32.048428,25.313402,28.442845,22.700389,28.605910,21.103625,27.136033,34.935178,25.893657,31.056594,30.959998,27.364461,30.967023,31.501589,28.683226,27.750244,34.811859,27.309751,23.641301,24.708672,29.681289,28.070353,29.909027,33.011666,29.397126,32.077073,25.476663,30.650990,30.980785,19.974506,19.032069,25.429056,27.452224,21.533964,29.753867,25.258635,24.987688,26.138204,29.740946,26.259790,19.925564,31.880678,25.305397,23.026069,17.683797,24.941928,18.043022,24.488101,25.487419,23.529924,15.323635,22.940747,26.786373,22.115053,21.874760,25.843011,15.857000,18.030568,25.952084,0.000000,30.936174,15.987458,29.102227,16.764126,29.417768,20.900070
Trường Mầm non Kim Lan,31.494824,31.640658,30.013348,28.021263,28.521074,30.524343,31.732606,27.944423,28.088583,30.666972,28.154457,31.632908,28.256122,27.540096,28.250390,30.963606,28.043915,28.377734,27.346091,31.506470,29.026182,31.209839,30.727567,28.654022,30.176583,28.231329,30.653891,27.435508,27.908607,28.364294,29.409443,31.100452,29.073034,30.660109,29.305057,28.089371,30.949321,29.864273,28.375784,30.008360,28.097463,31.556905,30.343217,27.087515,30.202037,27.996000,31.577410,29.623455,30.927108,30.291261,28.299011,27.760294,29.799233,30.610061,27.888066,25.808900,28.187547,28.163457,26.995975,30.065776,27.625442,30.478648,28.574929,30.751838,28.208071,30.075440,28.668273,32.457582,30.626068,30.283579,27.346447,28.590294,27.906178,27.285149,28.305979,28.016503,32.395799,31.662688,30.449801,29.865559,29.140894,28.889340,28.816674,31.873190,27.662986,27.205539,28.652500,28.262693,24.446089,28.950088,28.453014,28.858731,29.458342,28.699104,27.787083,29.902925,29.433484,28.764315,25.617748,28.983603,28.281253,27.256339,28.688447,29.896229,28.286025,30.152124,30.283820,29.001739,29.143956,28.981964,28.896012,29.888989,30.399403,30.132334,29.333388,30.214410,29.225077,30.188986,29.602599,29.081043,0.000000,30.790803,16.580311,28.769770,15.956007,30.420678
WinMart+,31.470919,32.440335,30.425071,31.242162,32.027761,29.065607,30.547865,32.746727,30.409810,27.145585,29.584408,27.347218,29.362755,30.204194,31.007660,26.075644,32.556043,29.010049,25.484233,26.746531,31.199922,28.942830,26.933845,31.800927,25.227922,27.180098,26.547471,31.190989,32.616639,30.516899,25.939689,32.436893,31.067440,24.735174,30.855624,30.206185,25.774908,25.901359,23.231567,31.399515,31.415836,28.795738,25.271322,30.213699,27.392584,28.780974,28.946090,32.139792,23.891864,25.574250,28.363699,28.203366,26.843732,23.958232,29.214472,29.516972,23.283495,29.959436,26.252577,28.448052,32.262448,25.405567,29.223320,24.411179,29.207329,23.058307,27.689003,30.898416,26.059172,27.706712,31.186296,28.155784,31.193380,31.727948,29.272578,28.455305,30.999908,27.431053,23.618135,24.766398,30.402816,28.936471,30.356267,29.547210,29.536201,32.268759,26.630266,30.839978,31.184044,22.983825,21.171979,26.898610,28.197760,24.333087,29.910042,25.401089,25.102000,27.218944,30.002143,27.516571,18.949486,32.072542,25.414552,22.961138,21.928144,25.062549,16.215275,26.669268,26.465562,23.512782,21.632665,21.903861,27.045943,21.299867,25.203552,25.975675,18.187273,12.915941,25.559749,17.969758,31.053381,0.000000,29.230846,11.420880,29.546394,15.686011
Trường Trung học cơ sở Văn Đức,28.795996,28.746550,27.552774,25.865019,26.241172,28.038396,28.776010,25.656983,26.045698,28.035453,25.985488,28.735171,26.101321,25.496640,26.114520,28.333867,25.713292,26.226266,25.549872,28.706273,26.725770,28.465495,28.153178,26.482622,27.790887,26.154806,28.022928,25.215834,25.546801,26.274214,27.086190,28.411509,26.543821,28.167050,26.750712,25.994999,28.333152,27.448073,26.344095,27.543085,25.976914,28.746641,27.915368,24.922312,27.886460,26.038770,28.808681,26.844502,28.478324,27.967593,26.174607,25.811049,27.728174,28.236304,25.877456,24.130669,26.265881,25.950544,25.300491,27.686432,25.207565,28.126286,26.437430,28.367139,26.244287,27.844718,26.460439,29.492351,28.151792,27.975393,25.185102,26.605581,25.584855,25.125393,26.262363,26.103861,29.495607,29.133796,28.231614,27.761669,26.981555,26.792138,26.623871,29.219107,25.707667,24.974414,26.587179,26.061635,23.019879,26.888643,26.573149,26.754352,27.316339,26.703662,25.750352,27.781939,27.382879,26.758208,23.789091,26.881112,26.415422,25.036302,26.836641,27.768083,26.384710,27.963686,28.095318,26.904131,27.109632,27.155227,26.880367,27.802902,28.198307,28.004745,27.280497,28.175658,27.198446,28.100325,27.680382,27.055894,15.941587,28.583725,0.000000,26.888775,12.815176,28.311219
Trung tâm Hỗ trợ doanh nghiệp Hà Nội,30.433576,31.179613,29.518721,30.221649,30.680506,28.091435,29.679639,31.411909,29.325800,26.260996,28.556870,26.573243,28.283052,29.238633,29.655574,25.330620,31.447131,27.932499,24.936574,25.972910,29.836830,28.174844,26.276250,30.195843,26.019220,26.395551,25.626039,30.277777,31.449432,29.055745,25.162253,27.274760,30.241011,25.612458,30.034999,28.947447,24.939798,25.263561,24.301984,30.607835,30.098431,28.050976,24.584155,29.393322,26.810055,27.550848,28.224421,31.272924,23.124621,24.934196,27.296748,27.152348,26.302141,25.052887,28.186130,28.836013,24.528346,29.266956,25.253901,27.752817,31.279817,24.464939,27.669316,25.603197,28.011157,24.373590,26.779926,30.025531,24.960057,27.129123,30.469365,26.863355,30.418593,30.843246,28.076147,27.276283,30.129508,26.806860,22.624886,23.830757,28.570847,27.374164,29.113258,28.887448,29.015214,31.371867,25.325005,30.157686,30.483538,22.096712,20.750870,25.254083,27.017958,23.205949,29.359442,24.228806,23.972308,25.906153,29.330248,25.875448,18.638366,31.237259,24.459225,21.658153,20.982246,23.791920,20.036721,24.606989,25.411447,22.901888,20.509642,20.747166,25.678758,20.475687,23.135108,25.075376,17.856943,13.905919,24.730556,16.274662,30.644210,10.840896,28.921128,0.000000,29.230311,14.674569
Trường Mầm non Văn Đức (điểm Chử Xá),29.890172,29.868472,28.652237,26.987367,27.340074,29.080084,29.960702,26.807794,27.084338,29.120312,27.081581,29.893115,27.173529,26.629193,27.174634,29.404333,26.901748,27.286321,26.556702,29.833992,27.809628,29.602141,29.261073,27.527763,28.816772,27.203803,29.083357,26.454051,26.760037,27.313355,28.134793,29.533316,27.762509,29.205123,27.959284,27.056236,29.396161,28.512515,27.352010,28.656755,27.060218,29.860212,28.949711,26.171827,28.956759,27.049661,29.907713,28.111632,29.505541,28.975523,27.229180,26.840961,28.684458,29.249475,26.941580,25.261869,27.242909,27.106629,26.260869,28.717281,26.513894,29.132256,27.465262,29.369690,27.254222,28.807935,27.509328,30.588577,29.161892,29.029719,26.465287,27.563813,26.824617,26.354253,27.286663,27.088430,30.569197,30.133265,29.186114,28.707131,27.985180,27.784460,27.663590,30.267985,26.759564,26.255632,27.583285,27.150164,24.167031,27.860703,27.522868,27.750427,28.300689,27.662537,26.822605,28.700832,28.302556,27.728388,25.048130,27.862619,27.346443,26.303745,27.721444,28.698838,27.324794,28.902268,29.031160,27.880692,28.086098,28.025568,27.830283,28.718724,29.121501,28.924547,28.215835,29.048964,28.120743,29.003896,28.559525,28.005506,15.365390,29.498893,13.131542,27.800303,0.000000,29.206085
WinMart+,32.362321,33.315391,31.327179,32.114009,32.992808,30.201367,32.409642,33.573342,31.447376,28.111304,30.731971,28.255073,30.543674,31.193874,32.102809,26.968292,33.286973,30.318751,23.756589,27.683127,32.341706,29.770062,27.709311,32.958124,27.737447,28.507326,27.631201,31.971427,33.370469,31.895605,26.848293,28.707742,31.801435,27.389361,32.092999,31.463199,26.823669,26.696287,26.031592,30.541955,32.483090,29.597498,26.146842,31.046473,28.058124,30.351061,29.718973,32.947934,25.024456,26.399028,29.787711,29.687290,27.480811,27.009909,30.439448,30.293302,26.594735,30.700966,28.234205,29.132496,32.955069,26.675397,30.946087,27.889113,30.628451,26.824848,28.986045,31.692789,27.430696,28.349178,31.875414,27.880701,31.859899,32.417590,30.669524,30.037483,31.782341,28.134756,25.183340,26.088629,32.092525,30.817357,31.481983,30.223356,30.061592,32.900393,28.903233,31.426733,31.786798,26.286194,24.571646,29.640303,29.843418,28.003680,30.457893,26.937724,26.627219,29.390646,30.697669,29.974792,25.000981,32.687397,26.638450,25.148713,26.556533,26.817511,23.424522,30.239219,28.461323,24.372685,27.217709,24.025836,28.703835,22.800852,29.829554,27.067416,26.562888,19.690718,26.640806,20.048480,31.118817,16.454731,29.337633,11.085904,29.641235,0.000000
