,depot,WinMart+,Trường Mầm non Thịnh Liệt (cơ sở Giáp Nh,Trường Mầm non Hoa Mai,Trường mầm non Vườn Hồng,WinMart+,WinMart+,Siêu thị Đức Thành,WinMart+,Siêu Thị T-Mart,Trường Trung học cơ sở Tân Định,Trường Tiểu học Hoàng Liệt,WinMart+,WinMart+,Cục Dự trữ Nhà nước khu vực Hà Nội,Trường Mầm Non Đại Từ,WinMart+,Cà Phê Parkland,Trường Mầm non Định Công (Cơ sở 3),Highlands Coffee,WinMart+,WinMart+,Trường Mầm non Hoàng Liệt (cơ sở Tứ Kỳ),WinMart+,WinMart+,Trường Mầm non Sao Mai,KFC,Trường Đại học Công nghệ và Quản lý Hữu ,Không có tên,WinMart+,Không có tên,WinMart+,MM Mega Market Hoàng Mai,Trường Tiểu học Đại Kim,Không có tên,Không có tên,Cà Phê 3k,Không có tên,WinMart+,WinMart+,WinMart+,Trường Tiểu học Chu Văn An,AEON MaxValu Linh Đàm,WinMart+,WinMart+,WinMart+,Trường Mầm Non Hoạ Mi,WinMart+,WinMart+,Trường Tiểu học Chu Văn An,WinMart+,WinMart+,Trường Mầm non A Tứ Hiệp,Cà Phê KOK,Không có tên,Trường Đại học Kinh tế - Kỹ thuật Công n,WinMart+,Trường Quốc tế Singapore,WinMart+,Trường Tiểu học Tam Hiệp,WinMart+,Delícia Coffee & Lounge,UBND phường Khương Thượng,WinMart+,Siêu thị B11 Kim Liên,WinMart+,Cà Phê Big One,Trường Mầm non Đại Thanh,siêu thị 24h ninja mark,Trường Mầm non Tứ Hiệp (điểm Cổ Điển B),WinMart+,Không có tên,Quan an Nam Nhu 1,WinMart+,Taste Tea,WinMart+,WinMart+,Trường Cao đẳng Hà Nội,TK mark,Hội đồng nhân dân - Ủy ban nhân dân phườ,Trung tâm Công nghệ Phần mềm Thủy lợi,WinMart+,Không có tên,Cafe Dinh,Trường Trung học cơ sở Yên Mỹ,WinMart+,Coffee Cây,Trường Mầm non Tứ Hiệp (điểm Đồng Trì),Trường Mầm non Lĩnh Nam (cơ sở 2),Chợ Nhân Chính,Cục Sở hữu Trí tuệ,WinMart+,Kho bạc Nhà nước Đống Đa,Tịnh Cafe,Trường Mầm non Yên Mỹ,WinMart+,5050 Rooftop Cafe & Pub,Thuế cơ sở 4 thành phố Hà Nội,Trường Trung học cơ sở Lĩnh Nam,WinMart+,WinMart+,WinMart+,Cửa Hàng Tiện Lợi BV Mart,Đảng uỷ - HĐND - UBND phường Thanh Xuân,Starbucks,WinMart+,WinMart+,WinMart+,Phường Ô Chợ Dừa,Chợ Xanh Văn Quán,Noble Moment,WinMart+,Co.opmart,WinMart+,9.0cafe,The Coffee House,Cục Tần số vô tuyến điện,Everything Coffee 'N Bagel,Starbucks,Chợ Trung Kính,Trường Mầm non Kim Lan,WinMart+,Trường Trung học cơ sở Văn Đức,Trung tâm Hỗ trợ doanh nghiệp Hà Nội,Trường Mầm non Văn Đức (điểm Chử Xá),WinMart+
depot,0.000000,22.866422,20.003967,23.086014,18.721603,23.063727,14.203071,25.955987,22.932041,20.978366,21.906533,17.830853,22.760281,21.069866,23.296990,20.644380,26.039713,23.319099,19.656420,19.115320,25.847580,17.229509,17.066974,25.121430,25.045572,22.759273,22.236444,25.716736,27.175580,23.562706,21.598231,18.093831,25.654066,21.487432,25.111132,25.112288,21.396431,17.619236,24.252611,19.464917,24.324033,20.846811,21.432971,25.419592,18.006875,22.682308,21.627144,26.869331,22.099434,20.298802,26.712466,25.219704,17.362392,23.414901,25.610662,24.166910,23.657539,23.990759,20.360264,19.962319,28.951784,21.935051,27.402528,24.364687,25.582114,22.814842,24.012148,25.561123,22.966691,19.011205,20.490814,27.304324,27.075359,27.745676,26.367464,25.470976,26.029975,24.955855,21.392701,22.106350,28.948931,28.053601,28.788193,23.841783,20.773160,28.819749,27.418275,21.694751,24.703897,28.118944,26.027898,28.180830,27.809985,27.460339,20.963965,26.690989,26.577618,27.335341,25.231713,28.496045,26.290972,28.482128,26.320821,26.072464,26.435805,26.830372,27.008158,28.570608,23.906553,21.454659,28.088603,28.365927,27.570024,26.822558,29.206730,26.373814,28.992440,25.572600,25.678383,28.377941,26.090037,28.118314,24.404881,27.373787,24.774425,27.928683
WinMart+,26.571776,0.000000,22.511661,25.689648,28.072626,24.040354,15.405345,30.858575,24.643174,23.256102,24.948459,26.704701,25.298932,23.626099,25.825310,22.167685,29.301309,25.695861,20.884870,26.497623,30.115503,29.841030,22.833528,27.401382,25.900688,24.701354,24.659998,28.034989,29.887075,25.481150,23.078104,27.128359,27.391448,22.656334,26.874149,27.934763,22.754598,22.553396,25.868434,25.521800,30.274035,29.056671,22.792509,27.526715,24.111715,24.159215,29.173787,28.550132,23.219768,21.016930,29.939760,27.324780,22.937409,22.847163,27.972467,25.525975,24.937878,25.345525,27.149692,24.822584,31.360974,22.927333,30.355351,23.871909,27.407179,28.903782,26.336698,34.495982,24.563654,25.554910,24.451341,29.242933,28.604828,29.674501,28.710051,27.105360,34.034185,29.810201,20.693028,22.867653,31.624458,30.399812,32.263091,29.567437,23.506577,30.702773,29.691549,24.709563,25.901883,30.222013,27.389592,30.658469,29.681588,29.342829,23.842535,28.156297,28.015869,29.114425,26.486429,30.898485,27.722824,30.133293,27.560090,27.486810,28.065707,28.420221,28.556888,30.960461,25.014411,22.021622,30.092410,30.098418,29.184521,28.229705,31.266608,25.004157,30.974870,26.791483,26.572520,30.250925,26.574798,29.747560,24.779816,28.734375,25.154627,29.400584
Trường Mầm non Thịnh Liệt (cơ sở Giáp Nh,20.287113,20.988324,0.000000,20.062097,16.613127,20.775320,18.858875,22.490960,20.924422,22.937753,19.456673,22.897255,20.606981,19.033663,21.282434,24.058415,23.535217,21.320902,18.416529,23.339896,23.560757,21.533009,20.696837,23.242137,23.451981,21.092964,24.096584,23.908024,25.075124,21.913640,19.959409,21.999871,18.677500,23.844678,17.823401,23.323644,24.146660,20.636298,22.795745,19.332253,22.682722,24.795712,23.052098,23.823315,20.828832,21.398067,25.233869,20.757285,24.296325,23.327357,24.969561,23.839185,20.034791,22.327073,24.195165,23.017002,22.541979,18.415654,19.446865,22.481959,27.231343,23.902908,25.834279,23.255068,24.383838,21.765608,22.668065,29.049129,25.023669,21.633777,21.251709,26.087005,25.854105,26.307477,24.952425,24.313010,29.132884,27.091411,20.559967,23.559960,27.532138,26.703881,27.157948,26.520531,21.251468,27.421829,26.103296,22.222404,23.707905,26.859152,25.078647,26.852227,26.636232,26.289956,21.470256,25.710168,25.598495,26.184287,24.215077,27.209100,25.255142,27.235350,25.429697,25.097241,25.366601,25.814379,25.989579,27.312186,23.017701,22.999345,26.943875,27.328233,26.560638,25.864952,28.081321,25.508618,27.888090,24.683032,24.892043,27.261081,25.531778,27.096169,23.932700,26.399049,24.295049,26.991984
Trường Mầm non Hoa Mai,23.536831,24.980035,19.259008,0.000000,22.270181,21.246147,22.238321,18.493334,21.440114,23.717333,19.130458,25.556051,21.307209,13.469161,22.007601,22.999469,21.929359,22.086982,18.594288,25.523809,24.814199,27.445292,23.335952,24.161846,24.162885,21.725047,24.140679,22.963357,24.629642,22.618000,23.188475,25.962272,23.582606,22.012775,22.879154,24.268842,23.082745,22.940581,23.459884,25.024809,22.811950,27.099346,23.101857,23.001093,24.062471,21.923114,27.295596,25.288132,21.487746,21.855438,26.064807,24.611892,23.230002,22.799983,25.024241,22.315636,23.059371,22.106472,19.684166,24.394219,27.581554,23.151449,26.862844,23.803551,25.063724,22.183840,22.793366,30.474145,21.335445,25.103207,27.034620,26.805115,25.779616,26.343407,25.840992,24.965772,30.406414,28.271215,20.840541,25.789854,28.522437,27.596243,28.367246,27.948143,23.299028,27.745843,26.948421,24.597133,23.262766,27.680621,25.618501,27.754092,27.398762,27.011520,23.656804,26.243227,26.128942,26.911348,23.856762,28.087094,25.827671,27.480226,25.884696,25.620297,25.979951,26.395672,26.577700,28.175666,23.459224,24.327786,27.688920,27.968056,27.158002,26.397198,28.836717,25.955707,28.616359,25.137100,25.292993,27.989602,25.477953,27.730342,23.796672,26.967669,24.180028,27.541696
Trường mầm non Vườn Hồng,24.186344,26.441857,17.102142,20.908511,0.000000,22.215546,19.240869,29.300939,22.403520,25.152864,20.149673,26.858014,22.630348,19.376489,23.358837,24.079098,27.918977,23.416496,18.953619,26.661461,26.850237,28.796697,24.148945,25.691513,25.323586,22.733382,25.454401,26.790093,29.168522,23.723511,24.147762,27.070075,26.306455,22.738123,25.666304,25.738988,23.957595,23.753395,24.487584,19.451590,23.921401,28.375112,23.965547,26.387274,24.768785,22.689204,28.486541,27.837740,22.037193,22.389333,27.757783,25.683452,23.844768,23.482907,26.211742,24.410525,23.768292,24.205812,20.066894,25.283415,31.315403,23.722437,28.482422,24.549682,26.008304,22.972475,23.893077,32.191422,22.057905,25.841069,28.784182,27.969943,28.035847,29.260681,27.075614,25.853753,32.058276,29.164541,21.242410,26.419550,30.014294,28.914604,30.243542,28.925045,24.401711,30.528660,28.253184,26.076037,25.052856,28.884518,26.355570,29.187154,28.428503,28.140434,24.825495,27.216662,27.088176,27.905115,25.724282,29.500414,26.718596,29.876847,26.743604,26.561294,27.009960,27.430942,27.568047,29.603934,24.074866,24.901310,28.910554,29.086587,28.213513,27.319868,30.116773,26.792638,29.857060,25.976136,25.845824,29.120450,26.182713,28.754834,24.366426,27.810176,24.750500,28.524750
WinMart+,23.390755,23.265786,22.687608,23.764331,21.910168,0.000000,19.480783,27.184542,20.695958,22.972725,22.846862,24.206497,21.780083,22.140723,22.570933,20.541808,27.008274,20.944841,16.987733,20.977375,24.829076,27.267039,21.642919,24.501269,24.834904,20.638050,25.058991,26.474946,27.874979,22.085774,22.850936,25.284322,26.186178,22.407696,25.739130,23.641885,22.578955,22.889092,20.765093,24.278503,25.566437,26.881520,22.659452,26.215107,23.081543,21.296524,27.175717,27.295120,22.079657,20.581262,25.361387,21.366098,22.104692,24.751095,24.405902,24.768937,20.830460,24.617864,18.667021,23.770685,29.420845,22.804745,23.347880,25.691160,23.329456,20.300351,23.560033,31.788597,24.620020,24.487815,23.663115,21.071080,27.482777,28.236514,23.436399,21.187130,31.600939,28.479064,21.041974,22.729834,25.969140,25.016894,27.546200,28.061572,22.947674,29.199422,24.315870,23.984168,25.213086,25.400451,23.396785,25.277915,25.108840,24.899769,23.261609,23.428552,20.418319,23.278553,25.736130,25.822906,23.923943,28.845066,21.465683,22.826094,23.987067,23.302479,23.669176,26.009383,24.303666,21.839807,25.765152,26.470055,24.390114,23.618259,27.205059,24.914464,27.029808,23.588930,22.798091,26.199320,26.128124,26.182409,24.451298,25.377310,24.808790,26.234013
WinMart+,14.047598,30.233419,18.031605,26.373457,28.253596,23.592846,0.000000,29.644802,25.430613,23.543747,26.094168,24.757621,24.764671,25.439901,26.452228,25.493500,28.854102,26.191114,21.241784,25.139423,29.534198,21.282368,19.703369,27.256329,22.908241,25.406921,25.886709,28.226653,29.175794,25.918996,18.736336,22.301467,19.463105,24.808730,18.726585,27.923065,25.666829,19.773864,23.585270,21.902630,29.633501,27.738454,23.563840,27.877581,20.292534,24.739595,28.003574,21.763806,25.293212,23.721063,29.262998,27.416151,19.125319,24.599780,28.104694,26.036166,23.089725,19.111362,27.024702,22.718142,30.634174,24.533515,29.445276,25.576128,27.470947,24.532097,26.247971,35.032898,26.437742,21.595640,22.077855,25.507601,28.566471,29.499254,28.406506,27.038546,34.084824,28.909141,21.497063,23.786713,30.451018,29.529895,30.873407,28.913536,21.587917,30.302630,28.932448,23.180289,26.262463,29.383734,23.749844,29.624097,29.049176,28.603582,21.785230,24.185243,21.252961,28.579012,26.776604,29.805365,23.878927,25.015797,22.101659,23.661379,27.478572,24.191139,24.515432,29.821619,25.453215,22.963152,29.137064,23.967382,25.166049,24.354064,30.053486,26.020963,25.928826,23.594753,23.400520,29.333090,26.541330,24.666787,24.779485,28.111934,25.129117,24.243660
Siêu thị Đức Thành,25.680982,28.167948,22.011436,18.978245,27.699393,24.079161,24.277389,0.000000,24.168074,26.821766,23.275444,28.280401,25.008178,16.399152,25.419612,25.499201,26.518216,25.540694,20.347226,27.891391,29.137234,29.966396,25.322912,27.410106,26.601083,24.521517,26.746526,25.627731,29.169610,25.380670,25.193460,28.193394,25.428666,23.751746,24.560372,27.453730,25.028378,24.788945,25.780888,26.725052,25.625803,29.507488,25.020205,25.284315,25.667987,24.004169,29.527832,27.482936,23.077012,23.300930,29.288115,26.978408,24.719420,24.536837,27.571463,23.363836,24.822737,23.107999,21.110369,26.138837,32.243788,24.509845,29.737226,25.504803,27.082590,23.887947,25.162625,33.129399,22.962471,26.665721,28.711393,28.797704,27.796729,29.320038,28.292981,26.826384,32.905426,29.814351,22.041241,27.002048,30.989379,29.871515,31.492545,29.710634,23.904619,30.932632,29.228578,25.701517,24.334929,29.744002,27.110944,30.129987,29.253348,28.938923,24.350931,27.851197,27.732027,28.732477,25.108147,30.376608,27.432514,30.065561,27.291507,27.222551,27.760589,28.096372,28.228610,30.450197,24.907436,25.372949,29.669460,29.715279,28.861060,27.929833,30.798826,27.310370,30.546271,26.568187,26.360407,29.834436,25.992342,29.374874,24.121416,28.422162,24.526271,29.061201
WinMart+,21.251211,24.164003,19.986323,20.998758,18.462977,19.091181,21.457537,25.141541,0.000000,23.894515,20.424902,26.166824,18.812235,19.828392,18.897636,22.094472,25.609447,21.351074,16.006492,26.088986,22.492554,28.661160,23.204645,26.036131,25.303961,20.815612,24.799806,25.371797,27.002622,22.690842,23.247833,26.656683,25.295943,21.857932,24.751591,22.631859,23.093656,22.917162,24.140591,25.342369,25.606662,28.212408,23.138195,25.181923,24.167162,21.535091,28.361360,26.646098,20.984469,21.382719,25.293205,23.458858,23.169605,22.887431,23.920573,23.867656,23.268861,23.691521,18.469269,24.731593,29.012086,19.356895,23.931139,24.346614,24.231026,22.219871,22.899951,32.644854,21.114581,25.430974,27.822525,25.043934,26.945599,27.708826,25.150216,24.243774,32.353068,29.135560,20.332933,20.574530,26.775433,25.661594,28.508419,28.884746,24.075054,28.847075,24.855054,24.550835,24.499653,26.014514,23.713168,25.943823,25.669224,25.380366,24.452388,24.987962,24.839527,23.632188,25.070996,26.503767,24.231959,28.485672,24.752844,24.179650,24.329001,25.016293,25.228595,26.694470,22.625985,23.215393,26.316209,26.949497,26.018175,25.167371,27.839236,24.959563,27.626190,23.801637,24.053851,26.751805,25.864430,26.645347,24.169519,25.787289,24.537280,26.622232
Siêu Thị T-Mart,22.342012,22.378488,21.606113,25.374572,24.540122,22.898221,17.744602,28.706852,23.314177,0.000000,23.488911,24.783415,26.685471,22.774304,24.124737,16.731090,28.197481,24.156266,19.633057,20.040436,26.550045,29.013840,21.144804,26.564028,19.994557,23.258146,27.376770,27.471504,28.779276,24.324558,22.883726,26.093890,22.963427,22.198206,26.613188,25.780954,22.408687,22.851079,22.950334,24.574326,27.467319,28.363207,22.535644,27.169112,23.098561,23.057049,28.559719,24.116552,23.160355,19.871119,27.272203,22.749417,21.911498,22.626259,26.133043,25.563224,22.475123,25.429078,20.179709,23.959806,30.075382,22.770280,24.814982,24.096986,24.434723,23.476464,25.089589,34.672073,25.214916,24.803929,23.759585,24.879743,28.095437,28.906199,26.815807,22.315445,34.090304,29.421934,19.916362,22.686977,26.914006,25.992207,29.229261,29.171660,22.932935,29.755549,25.371906,24.128352,25.886751,26.245779,22.676872,26.272432,25.934925,25.742097,23.280027,23.582402,20.120249,24.235148,26.395940,26.725603,23.084212,29.375053,21.348708,22.889685,24.847695,23.435855,23.848534,26.872040,25.026129,21.711284,26.550368,23.395861,24.683674,23.786712,27.845197,25.220280,25.672238,23.127488,22.776865,26.880105,26.378219,24.242170,24.693068,23.543074,25.045120,23.907447
Trường Trung học cơ sở Tân Định,23.283700,25.396401,20.219599,20.269487,23.835155,21.963210,22.718647,24.503847,16.397265,24.726630,0.000000,26.500251,22.447212,15.397309,13.111077,23.838770,19.207987,23.241967,18.972044,26.371982,18.249584,28.435105,23.978813,25.366118,25.062416,22.628220,25.047163,25.083788,26.754116,23.578098,23.872516,26.807197,25.073301,22.604493,24.514186,17.269632,23.791869,23.616316,24.326795,25.638535,18.952552,28.074409,23.805626,24.925341,24.623390,22.610247,28.203321,26.484252,21.970807,22.310858,20.368540,19.647690,23.733140,23.382767,18.787103,23.656419,23.658919,23.480703,22.303353,25.072443,28.882475,23.622036,22.583264,24.420597,21.123494,24.101663,22.775530,31.727788,21.849781,25.683786,27.726402,24.147353,26.808075,27.565689,21.486487,21.470493,31.554517,28.939379,23.495515,23.805387,25.577455,24.574074,24.395322,28.689175,23.961295,28.741206,23.801828,25.376511,24.333252,25.032273,22.989439,24.855262,24.765685,24.510822,24.333743,24.338387,24.193788,24.229728,24.915387,25.467853,23.520731,28.380988,24.200806,23.539382,23.572558,24.317610,24.518280,25.675455,20.399501,22.783809,25.443413,26.228717,25.325159,24.525615,26.992356,24.450248,26.812159,23.235070,23.568223,25.919113,25.803865,25.928702,24.104634,25.137406,24.477566,26.006538
Trường Tiểu học Hoàng Liệt,26.697482,28.404927,25.068338,26.330099,27.553529,24.499646,27.739359,28.612360,23.954598,25.279756,26.117424,0.000000,25.699873,25.605784,26.379455,21.454157,28.278115,24.467894,21.684269,17.672970,28.730131,25.324333,17.047602,25.736613,20.013749,23.909783,22.071083,27.872425,28.629572,24.491801,14.601331,22.031666,22.950630,21.977765,23.618496,27.609490,22.185790,17.968189,21.369248,24.445733,29.027176,24.848914,20.748955,27.579970,21.643279,23.587464,25.557766,23.986608,23.042719,21.580589,28.703326,27.296636,20.473570,22.492198,27.874233,26.064205,21.316913,21.914955,21.372553,21.445170,29.976239,22.541313,28.926200,23.727440,27.389372,22.989160,26.279464,32.265110,24.476176,22.742314,23.681373,24.281641,28.253711,28.982879,28.116919,27.016184,31.852317,27.791823,19.904113,22.439337,29.895457,23.986724,30.090137,27.385796,22.291967,29.693380,28.612403,22.553752,26.271643,24.100873,22.558871,24.133550,28.792486,23.297042,22.484582,23.070954,19.885201,28.383862,26.716475,29.383254,22.686352,26.037885,21.006089,22.437744,24.082660,22.940509,23.326971,29.408025,25.630603,22.045973,24.840375,22.898067,24.080986,23.259838,25.931671,25.240757,24.999755,22.647102,22.494806,29.074104,26.905356,23.709930,25.171645,23.142713,25.506262,23.373930
WinMart+,23.359939,24.123176,21.347309,22.536848,20.164274,19.688400,20.917630,26.682089,18.646917,25.390176,21.827202,25.077055,0.000000,21.147192,21.648966,22.714688,26.652978,19.010911,14.635377,22.233228,24.169845,27.531312,22.623667,24.000295,27.335935,19.194688,25.938357,26.160496,27.728404,21.097336,23.832396,25.800022,25.897674,18.913203,25.407730,23.230759,23.637883,23.669177,20.252815,24.760546,25.434911,27.200164,23.676763,25.919741,23.672858,20.505245,27.419740,27.140740,17.827878,21.613553,25.212204,20.774675,22.752312,20.041310,24.166852,24.430346,20.512719,24.270530,17.851595,24.272287,29.502822,16.974533,22.930962,22.213282,22.999086,19.945486,23.301252,31.458429,18.806358,24.905940,28.122493,20.922575,27.373120,28.193832,23.125186,20.714145,31.313059,28.508522,18.207186,18.985593,25.929321,24.866503,27.681330,28.160271,24.380153,29.243989,24.103300,25.839266,24.963202,25.299769,23.156267,25.174447,24.984567,24.772637,24.763597,20.114626,16.924001,23.002439,25.519888,25.778797,23.730380,28.854275,18.478465,19.338759,23.801802,19.677302,24.744854,25.987956,24.145787,19.760202,25.719466,26.469471,21.006967,20.351420,27.272095,22.691521,27.080782,23.418331,20.120223,26.188141,26.022264,26.166167,24.317736,25.303028,24.685427,26.217432
WinMart+,21.062670,22.587445,18.358846,12.761161,20.384043,19.943691,21.304226,15.560979,20.246314,22.353021,14.383002,24.350495,20.008411,0.000000,15.334208,21.868933,15.044778,20.818122,17.976623,24.498849,17.335081,26.415939,22.562612,22.864927,23.044977,20.627656,22.993900,19.656507,20.645054,21.495095,22.230319,25.072567,21.032868,21.153186,20.296681,21.852700,22.148888,22.031754,22.422724,24.305185,21.013909,25.902530,22.173839,20.040002,23.406169,20.994092,26.144753,22.731743,20.792042,21.070688,23.293003,21.173655,22.629256,21.960128,20.506577,20.342841,22.172029,20.137401,19.015168,23.498661,24.077577,22.350489,24.989791,22.902342,23.074124,25.217322,21.437900,29.144534,20.573063,24.454536,25.229688,25.380765,23.589124,23.626068,23.543575,23.040969,29.151914,27.281618,24.565623,24.635762,26.951030,26.037509,25.947394,27.123547,22.013007,25.089287,25.379895,22.991561,21.523477,26.232978,24.399243,26.223733,25.986918,25.628892,22.193130,25.056831,24.941385,25.503975,22.051940,26.629060,24.546144,25.150390,24.786820,24.410061,24.660867,25.160695,25.344765,26.748407,21.973498,23.328479,26.353777,26.785818,25.970411,25.230265,27.587113,24.913712,27.385775,23.994194,24.229053,26.700618,24.645966,26.534292,23.114785,25.797155,23.490564,26.437550
Cục Dự trữ Nhà nước khu vực Hà Nội,23.760007,26.600904,22.167913,23.449802,23.552254,21.458477,23.190010,27.653131,18.008232,25.820303,16.429781,27.627161,22.003601,16.590788,0.000000,24.574430,27.337677,22.986687,18.308407,27.321172,19.210051,29.632398,24.564036,25.587217,25.174247,22.314990,25.961494,26.689856,28.237111,17.920479,24.474734,27.722756,26.312031,22.453266,25.848790,20.724807,24.329987,24.098139,24.313980,26.246291,24.425857,29.172663,24.343214,26.414584,25.127705,18.256432,29.223905,27.492059,21.744340,22.614448,24.083341,22.287106,24.144479,23.281705,22.729681,24.810781,23.584046,24.651155,24.035983,25.659293,29.891451,23.979518,25.845229,24.420311,23.385099,26.028520,21.969281,33.178962,21.749033,26.240382,28.355837,26.253568,27.685932,28.553824,24.258809,23.495837,32.900020,29.630082,24.994195,25.093326,28.381793,27.104130,28.103908,29.494121,24.593999,29.557122,26.290286,25.174802,25.277709,27.285238,24.633440,27.432407,26.834066,26.550613,24.977485,25.851328,25.697484,26.230818,25.834940,27.921997,25.154098,29.147736,25.494119,25.051212,25.361518,25.964555,26.180474,28.072114,21.921584,23.751708,27.490804,27.918907,26.947258,26.031746,28.969314,25.646545,28.711696,24.573491,24.659319,27.857508,26.144776,27.614568,24.430096,26.602226,24.792501,27.454298
Trường Mầm Non Đại Từ,20.797252,20.199834,20.514570,23.432503,22.481653,19.535652,17.414174,25.568695,21.521346,16.651089,22.087467,19.943709,22.578097,21.607764,22.622639,0.000000,25.793969,21.846982,18.838991,16.511273,24.457685,25.502498,20.722063,23.943366,17.210062,21.499439,21.680880,25.603231,26.597622,22.409044,19.735498,23.700100,24.541138,19.779295,25.158989,24.172470,19.112338,20.771353,19.760109,23.086239,25.644316,25.264909,19.454125,25.462533,21.921889,21.751812,25.722929,25.866250,21.421208,17.605507,25.486232,21.716642,21.003833,21.015889,24.686300,24.429247,20.055276,24.301405,19.559839,17.112983,27.934736,21.261908,23.225887,22.739275,23.246323,22.281674,23.892313,30.427699,23.691371,23.453179,25.115508,23.948370,26.671532,27.160373,25.355384,21.504820,30.390099,19.999183,18.715660,21.708005,25.297370,24.575932,27.241526,27.037995,23.891311,27.974294,24.005027,25.370927,24.842924,23.763217,21.816453,24.760155,24.700254,22.962358,24.274611,22.708171,19.032273,23.208570,26.467229,25.217500,22.213283,28.669138,20.474062,21.924018,23.882551,22.462090,22.922089,25.379831,24.084170,20.993940,24.755623,22.542867,23.835268,22.925907,26.009306,24.546544,24.933711,22.364024,22.115335,25.636620,26.658895,23.496623,24.939625,22.890963,25.280923,23.198777
WinMart+,26.272164,28.469180,23.385046,21.862432,28.742862,25.023340,25.001089,23.925914,25.103567,27.407099,18.548046,28.830550,26.136208,15.965580,26.329502,26.156494,0.000000,26.568594,21.320005,28.397478,29.956130,30.337935,25.944647,28.067597,27.126745,25.498874,27.078045,21.335836,24.216564,26.242264,25.592543,28.650048,22.810509,24.299039,21.790120,28.191922,25.552838,25.327627,26.435569,27.149267,22.688010,29.899665,25.536998,21.721572,26.137524,24.766497,29.888350,25.231850,23.720753,23.853291,29.789081,27.577920,25.213930,25.130646,21.874564,21.401854,25.406695,21.127084,21.828477,26.467299,28.873348,24.954855,30.015208,26.010313,27.585298,24.260587,22.780585,33.171764,23.300951,27.054176,27.348253,28.958253,25.900340,26.778181,28.791439,27.287914,32.865280,30.020108,22.565043,27.259179,31.156048,30.124895,31.667271,29.973154,22.990249,28.658894,29.470354,24.560097,22.774080,29.970143,27.460921,30.245992,29.548589,29.120389,23.388900,27.855108,27.747299,29.049804,23.504083,30.448997,27.672129,28.159007,27.304291,27.296323,27.918430,28.158324,28.341535,30.477845,25.367684,25.538404,29.724756,29.660887,28.831630,28.019032,30.725563,27.271726,30.453880,26.658786,26.591874,29.945351,25.449468,29.444202,23.662985,28.621547,24.072413,29.031793
Cà Phê Parkland,23.245174,24.140793,21.513547,22.582353,20.565646,20.780976,21.355363,25.955128,19.419968,25.263943,21.950980,25.061139,19.573227,21.340319,21.733405,23.069134,26.164618,0.000000,16.226290,22.534500,24.012770,27.256940,22.842959,21.945461,25.937263,13.124314,25.694212,25.828062,27.206619,17.526059,23.898405,25.712430,25.652164,18.698653,25.195124,22.292801,23.769118,23.778726,19.593794,24.766851,24.628086,26.965496,23.796489,25.636308,23.760954,18.221904,27.186531,26.819336,17.838769,21.903690,24.394950,19.940108,22.901190,19.613427,23.445596,24.320182,19.984800,24.171492,16.027400,24.264526,28.892831,17.092902,21.349279,21.431797,21.922806,19.556942,22.656970,30.800967,18.597129,24.901722,27.836426,23.648216,27.072161,27.771270,22.080815,19.541034,30.714893,28.284502,18.156975,18.866293,25.179281,24.024757,26.973792,27.922347,24.308814,28.763767,23.133582,25.656376,24.834148,24.620832,22.408153,24.380905,24.328858,24.079367,24.670857,24.025117,23.861137,22.117611,25.359192,25.120102,23.049257,28.448682,23.916756,23.125541,23.085939,23.961116,24.183202,25.381078,23.560347,22.450631,25.160447,26.080581,25.099080,24.223048,26.912177,24.209657,26.715866,22.850076,23.236498,25.695651,25.928988,25.741954,24.273429,24.867942,24.630441,25.861121
Trường Mầm non Định Công (Cơ sở 3),20.575053,20.880323,19.233363,19.660954,17.914903,16.143381,19.445677,20.970984,17.148908,20.096851,19.273337,21.745587,14.436243,19.255338,19.247547,19.579663,21.915148,15.186623,0.000000,20.195306,20.628754,23.712828,20.681077,17.633486,17.750680,15.033882,21.328837,22.600230,23.085423,16.852309,20.848509,22.770261,22.971317,15.525046,22.552922,20.162025,14.421617,21.125062,14.974104,22.505797,21.811941,23.412867,20.800078,22.620147,21.754658,16.359579,23.771048,23.909158,14.790816,19.861464,21.551302,18.893327,21.142388,16.451111,21.379367,22.236688,16.797564,22.104576,15.419267,21.900551,24.915475,14.804484,17.990165,18.630094,19.093782,16.886583,20.792318,26.317187,16.043411,22.773103,25.465454,18.203372,24.405619,24.552486,19.093717,17.716062,26.527086,25.489259,15.978039,17.126645,20.724718,18.653998,23.425345,25.101003,22.858989,25.441525,19.613660,23.621665,22.858194,17.860764,17.310484,18.918053,20.843702,17.802854,22.999089,18.217412,15.230493,19.406371,23.245924,21.026849,17.875578,25.446206,16.851029,17.435903,17.791210,17.683608,18.156339,19.966757,21.030831,18.217277,21.503637,18.270446,18.999041,18.456067,22.927461,20.895178,20.202367,18.543721,18.602148,22.016436,24.843524,19.250325,23.457786,21.897426,23.791972,19.326082
Highlands Coffee,25.920613,27.078351,24.702866,25.826046,26.726026,21.388517,26.896209,27.693941,21.999828,20.817542,25.651271,15.380652,22.887782,25.300771,25.885362,18.025635,27.580371,22.278867,20.154916,0.000000,27.930451,24.807918,18.487135,23.649020,17.795058,22.007017,13.945881,27.378816,27.970013,22.613689,11.522940,22.268684,22.960685,19.393720,23.559943,27.041576,18.992136,14.074523,19.424501,24.272860,28.333825,24.416567,12.259009,27.141951,21.852926,22.057015,25.031487,23.856819,20.806046,12.389086,28.034886,26.850495,20.821886,20.472484,27.375702,25.829382,19.745656,21.999882,20.233026,21.597550,29.275050,20.601164,23.036386,21.717369,26.987495,21.349589,25.927702,30.378525,22.133792,22.790776,23.624138,22.788871,27.851183,28.469684,27.600665,26.653136,30.275165,27.224789,18.632982,21.074952,24.653333,22.669986,29.327314,26.806825,22.301250,29.138761,23.625017,22.531677,26.040382,22.676379,21.330222,22.820411,24.289341,22.067290,22.476694,21.796476,18.749743,23.054767,26.453993,24.588327,21.411757,25.802488,19.970265,21.147083,22.848618,21.571614,21.971242,23.346615,25.442891,18.849167,23.595465,21.699966,22.727401,22.008184,24.675479,21.908175,23.706346,21.593312,21.508334,22.399620,26.759096,22.539842,25.095162,22.100573,25.424328,22.324586
WinMart+,23.032447,25.158105,20.947610,21.107053,22.429809,21.038201,22.734708,24.278717,18.243049,24.717074,18.915308,26.543481,21.398712,17.985538,14.833009,23.837825,20.337295,22.294389,18.398057,26.423374,0.000000,28.474203,24.027926,25.229807,24.416235,21.874922,25.024564,24.918447,27.916827,25.784130,23.851881,26.856202,24.932956,22.096998,24.439517,19.670839,23.783914,23.610808,23.717555,25.674218,18.995567,28.120578,23.801182,24.796697,24.659184,23.418596,28.247455,26.188893,21.524109,22.349513,24.383469,22.070586,23.769402,22.917348,22.619831,23.683670,23.193490,23.524925,24.139673,25.049207,28.173351,23.646634,26.429772,27.287235,23.427523,26.238908,21.624859,31.699505,21.413543,25.720840,27.397055,26.536316,26.507312,27.116631,24.528986,23.547008,31.517084,28.951308,25.169130,25.241922,29.245366,27.712182,29.371443,28.717681,23.940590,28.176990,26.717787,25.203035,26.672492,27.819893,24.799253,28.029423,27.346756,26.865591,24.290806,25.957406,25.781910,26.654522,24.822373,28.530298,25.261683,27.914272,25.514097,25.084665,25.472336,26.100362,26.331982,28.670507,21.753754,23.676151,27.875969,28.215226,27.150293,26.130682,29.459846,25.661179,29.159362,24.535452,24.740514,28.270291,25.705123,27.880843,24.072111,26.851297,24.434055,27.633891
WinMart+,27.034931,30.367996,25.196467,26.702310,28.547916,24.358252,24.711407,29.795504,25.872242,24.721681,26.628589,25.101442,25.391908,26.067184,26.918434,23.535055,29.149467,26.630955,21.898687,25.242219,29.843416,0.000000,21.823973,27.577373,23.308795,25.872702,25.010576,28.563344,29.413513,26.334003,20.186796,19.543760,21.042504,24.825460,21.849799,28.292922,25.479744,21.352864,23.822016,22.055292,29.877106,21.138403,23.435821,28.235115,18.400810,25.163451,22.604515,21.880725,25.273850,20.266666,29.523969,27.763201,17.088181,24.685755,28.443236,26.387268,23.380470,20.285670,27.273286,19.248187,30.804266,24.615247,29.645747,25.481396,27.771132,24.547583,26.580499,30.640080,26.073299,20.399349,22.152377,28.651071,28.800160,29.726601,28.682242,27.328199,25.348879,26.553765,21.952246,23.928125,30.570127,29.693915,30.995356,23.496571,20.335878,30.480295,29.122281,20.094782,26.565938,29.540706,27.536892,29.769739,29.221645,28.775885,20.462115,24.209212,21.649613,28.769011,27.060641,29.932877,23.980327,24.962579,27.444214,23.778043,27.678867,24.246850,24.537596,29.945010,25.782056,26.929807,29.279256,24.034360,25.092072,24.393313,30.136949,30.201134,29.888542,23.691012,23.540645,29.465741,26.484625,29.000226,24.750750,28.265222,25.094998,24.278506
Trường Mầm non Hoàng Liệt (cơ sở Tứ Kỳ),23.262025,23.673535,22.543227,23.835990,24.375645,23.283620,24.103612,25.509241,23.429819,23.427105,23.654327,17.762331,24.212770,23.468187,23.980028,21.242623,25.687258,23.484713,21.545544,19.648115,25.876931,20.937265,0.000000,24.504011,20.218670,23.145520,19.254495,25.789753,26.280026,23.603985,17.322507,19.059103,21.379182,21.584064,22.016925,25.263432,21.692651,15.362937,21.169638,22.253195,26.622307,20.812040,16.966566,25.682581,19.613367,22.965491,21.865994,22.049998,22.449530,15.929138,26.328912,25.302216,18.708686,22.042701,25.775998,24.678024,21.147614,20.731506,21.183001,19.388406,27.705902,22.068795,26.737174,22.968867,25.582885,22.402350,24.518687,27.432686,23.350550,20.765473,22.287235,23.504228,26.718688,27.189696,26.087933,25.332618,27.714143,25.461611,19.985302,22.039749,27.871261,27.214832,27.752864,24.648286,21.196465,27.911840,26.735614,21.187856,24.998644,23.383907,22.175455,27.289937,27.069177,26.727875,21.326620,22.506117,19.886281,26.700649,25.399140,27.524978,22.229440,24.623893,20.808898,21.995756,23.404641,22.401520,22.733835,27.575769,24.272526,19.314508,27.210086,22.394447,23.350079,22.702601,24.982344,22.111010,24.151697,22.212898,22.122677,27.452526,26.214086,23.107216,24.625511,22.665391,24.953846,22.840412
WinMart+,27.706228,29.733849,22.893355,23.917011,28.769125,23.573321,22.570513,26.691390,21.833787,26.334457,23.037172,25.760363,23.791171,25.075792,25.707995,24.395619,26.713857,22.375020,18.848952,23.562054,25.576403,27.524051,23.716477,0.000000,26.627638,22.723150,26.325616,26.335738,29.867390,24.579520,24.728591,26.179488,26.082267,22.651975,25.694217,22.560240,24.626450,24.480640,24.860450,25.252066,26.616451,27.259055,24.632047,26.132590,24.348466,22.557100,27.423570,27.075186,21.889347,22.828859,26.236944,18.602015,23.558549,23.587123,24.316012,25.082095,23.925921,24.702307,18.879056,24.803869,29.139668,20.168725,25.949885,24.808996,24.340342,26.073593,23.051034,30.586889,21.837875,25.334186,28.183197,26.358734,27.572188,28.286784,25.752568,18.843293,30.523370,28.337197,24.890612,25.015809,29.196086,27.520602,30.110150,28.033094,24.615087,29.153942,26.474868,25.930064,27.670621,27.676762,24.465804,27.903956,27.097319,26.724579,24.965799,25.865685,25.684389,26.369152,25.952265,28.466315,25.076773,28.830626,25.442387,24.943400,25.291029,25.995765,26.233853,28.630787,22.657566,23.566793,27.822695,28.221433,27.110129,26.049241,29.509521,25.615010,29.197795,24.405934,24.548857,28.247604,26.162295,27.867093,24.512701,26.735419,24.859137,27.635084
WinMart+,24.957557,25.560582,24.037735,25.005265,23.974631,24.959525,22.861845,27.360208,23.482346,27.421919,24.320322,19.303610,25.685789,23.757121,23.985388,16.582601,27.305125,24.146261,18.798604,17.307884,25.778283,28.178819,20.008592,25.902569,0.000000,20.046652,19.204742,26.869220,27.896634,24.266115,19.041591,26.691852,26.552547,20.309691,26.217201,24.802811,16.832794,19.877723,22.833460,25.606822,26.176960,27.860719,18.926676,26.660924,24.650815,23.253909,27.998990,24.211471,18.510864,17.826940,26.029334,22.947829,23.808516,23.490085,25.228439,25.358244,22.062653,25.241456,23.529485,17.353164,29.094672,17.028993,26.061713,25.521280,24.374692,24.008876,24.387016,31.330825,19.758681,25.662567,23.911839,25.898963,27.574394,28.199575,24.446820,25.519273,31.202258,19.901669,18.677772,19.496692,26.172513,25.211822,27.640570,28.508183,23.162117,28.961542,24.572233,24.342422,25.670592,23.823864,21.709929,25.470777,25.297808,22.818460,23.460567,20.810219,16.946398,24.816694,26.112106,24.103154,22.433985,28.690628,18.770821,19.890284,22.393396,20.338603,20.884121,26.001683,24.477369,20.193094,23.471044,20.750271,21.912963,21.061986,24.453719,23.619580,23.225161,20.800724,20.639233,25.158346,26.221705,21.841544,24.624834,21.382253,24.960744,21.714551
Trường Mầm non Sao Mai,22.771816,23.456326,21.315010,22.215070,20.386453,20.571023,21.205024,24.772277,19.488722,24.087933,21.633623,24.434180,19.732507,21.186056,21.440561,22.515392,25.247322,17.627947,12.997167,22.248689,23.455405,26.466248,22.561730,20.389849,24.920822,0.000000,24.717364,25.178471,26.264451,17.524378,23.363908,25.132464,25.135585,16.792288,24.710924,22.558130,23.261579,23.340264,16.828875,24.373744,24.408372,26.238144,23.290384,25.048750,23.455551,16.969643,26.481737,26.233452,15.959749,21.723250,24.145380,19.569482,22.677720,17.720971,23.477113,23.985050,18.102560,23.842342,15.507736,23.850099,27.961016,15.746423,19.451946,19.831554,20.465546,17.993641,22.701543,29.661763,17.091205,24.535174,27.329372,19.171592,26.519012,27.059810,20.611911,18.606907,29.666699,27.725007,16.894646,17.902087,22.998601,22.130149,26.220354,27.315170,24.094630,27.999374,21.386588,25.264839,24.500435,22.844171,21.267455,22.443230,22.745964,22.516288,24.428365,22.816801,15.963563,20.849201,24.982850,23.190375,21.819509,27.779254,17.532619,21.986702,21.774464,22.672486,22.881865,23.467112,22.387590,18.857311,23.516995,24.626525,23.754498,23.030961,25.183918,23.221926,25.052751,21.847009,22.397068,24.078433,25.734075,24.323454,24.143913,23.612866,24.489976,24.610584
KFC,24.162346,25.243943,23.205845,24.695575,25.812028,24.614405,21.229335,27.144365,23.992080,26.294870,24.709883,25.939739,26.415962,24.062883,25.168434,19.689994,26.995458,24.726317,21.103034,22.363058,27.280414,30.836160,24.135683,26.377516,17.560968,23.985117,0.000000,26.620933,27.627699,24.738660,18.479018,27.133901,26.826075,19.987347,27.443269,26.506203,19.396401,20.349322,19.898197,25.579967,27.912360,30.096116,17.978450,26.428963,25.344491,23.652640,30.055149,28.797074,21.606892,16.279055,27.747159,26.327698,24.086162,21.170050,26.721123,25.183737,20.157967,22.968346,21.099218,16.410248,28.847309,21.410891,25.022985,22.902969,24.668293,22.490949,25.739192,35.602472,24.146875,25.990108,27.199073,24.121492,30.783846,27.991655,27.275692,22.819617,34.930234,19.754865,18.793363,21.803915,26.734953,23.789472,29.388899,30.140472,25.165938,30.110326,25.450875,27.010888,26.844845,23.872443,21.905292,24.069350,25.920056,23.080647,25.648251,23.032700,19.235785,24.462973,28.228857,26.604339,22.309113,31.023948,20.646038,22.132092,24.052453,22.668329,23.091825,26.758576,24.887364,20.910727,24.948637,22.755774,24.102294,23.085438,26.247269,24.957576,25.219268,22.531707,22.184443,23.381499,27.444485,23.637501,25.531501,22.964273,25.888506,23.381258
Trường Đại học Công nghệ và Quản lý Hữu ,24.980509,26.416012,22.947183,21.921728,26.100013,24.013262,29.330551,22.763620,24.107305,25.794972,23.808443,27.313790,24.697710,18.889853,24.898590,24.978702,20.981894,25.072012,21.469626,27.127334,27.377402,28.748579,25.268002,26.285546,25.784030,24.440717,25.663406,0.000000,19.092014,25.006428,24.630887,27.451017,19.639601,23.598866,18.480784,26.400354,24.612058,24.442187,25.245573,25.365582,24.571757,28.174110,24.598227,11.689128,25.517031,23.989686,28.247357,22.258088,23.343236,23.322532,27.654348,26.253012,24.741727,24.429693,23.697241,17.504768,24.616447,18.771890,21.663649,25.444344,23.070932,24.272687,28.010490,25.099921,26.462211,23.560669,23.591637,30.761279,22.728592,26.322426,25.364652,27.509380,22.771616,22.457763,27.172485,26.140287,30.635584,28.644739,22.216807,26.338747,29.150401,28.353492,29.250303,28.746007,21.740060,25.252387,27.808772,22.901646,19.923517,28.324405,26.558963,28.445545,28.068397,27.673524,21.952232,26.709208,26.629907,27.646990,20.657751,28.667274,26.527633,25.325666,26.312839,26.227838,26.695147,26.949878,27.119560,28.712775,24.830182,24.806484,28.198547,28.278338,27.556001,26.882396,29.111605,26.305091,28.890057,25.714603,25.780153,28.431172,24.624476,28.093419,22.925862,27.415660,23.343539,27.816392
Không có tên,27.106430,28.950518,24.940211,24.555140,29.410564,26.113946,32.474270,27.024158,26.144080,28.042450,26.504834,29.221238,27.213009,20.793988,27.263915,26.906664,25.892102,27.503421,22.607975,28.802396,26.236387,30.465973,26.618856,29.124673,27.705319,26.473516,27.595033,19.993637,0.000000,27.055118,26.222974,30.188403,23.162710,25.057655,21.954877,27.674700,26.223386,26.004143,27.088316,27.325613,27.388775,30.096996,26.199989,20.754691,27.595301,27.068449,30.072478,25.930122,24.526688,24.565801,28.711543,25.533366,26.690168,25.818317,25.459649,20.885117,26.062239,21.141905,26.898191,26.945305,29.487453,25.500912,29.737117,26.560877,26.755385,28.354037,25.686029,32.986089,24.022228,27.806558,24.301605,28.736416,25.866228,26.880044,27.886467,26.527081,32.722354,30.128354,27.256221,27.034687,30.974968,29.913745,30.794972,30.114464,23.094766,29.002582,29.233077,24.820767,22.482291,29.777108,27.189096,30.044774,29.313866,28.916372,23.523896,27.659931,27.550060,28.800796,23.276011,30.270651,27.449573,28.384743,27.125583,27.086711,27.694829,27.959996,28.150114,30.306178,24.713603,25.359503,29.554545,29.515734,28.664920,27.839575,30.602226,27.116146,30.324391,26.458533,26.386281,29.789676,25.422520,29.298666,23.600640,28.450168,24.015217,28.895559
WinMart+,19.842145,21.070391,22.234725,23.135983,18.321347,22.315740,22.016436,25.489834,20.984805,25.025839,24.193738,25.008982,22.168730,25.665993,26.299228,23.465642,25.807964,18.919816,18.334387,22.969295,26.454621,26.796880,23.177732,24.453910,25.569723,16.947533,25.308566,25.632117,29.491214,0.000000,23.973410,25.549683,25.510678,17.863701,25.123003,24.380502,23.902016,23.882222,18.375605,24.755138,27.084398,26.565557,23.920827,25.482818,23.889779,16.179403,26.772661,26.509162,17.119368,22.356068,26.729936,20.996014,23.143706,18.738194,25.261363,24.377397,19.077549,24.245228,14.045845,24.250311,28.147852,16.595497,22.332622,26.010488,22.711914,24.669507,23.900029,29.710731,17.906394,24.875525,27.480525,24.820858,26.749085,27.295123,22.930647,19.287979,29.705153,27.859489,23.702291,24.058461,27.705279,25.785152,29.502287,27.492870,24.329957,28.156227,24.486252,25.484469,24.820288,26.270399,23.030706,26.291180,25.780158,25.319065,24.658363,24.839896,24.626409,22.780054,25.276767,27.121288,23.742049,27.931563,24.524780,23.757825,23.872780,24.845582,25.107033,27.383156,24.397885,22.696703,26.672088,27.381348,26.167156,25.031905,28.703543,24.798803,28.388307,23.319081,23.713830,27.222255,25.845287,26.969197,24.270843,25.823552,24.611715,26.869342
Không có tên,23.088218,23.437660,22.454733,23.701640,24.304312,22.816093,20.747369,25.399297,23.003052,22.809205,23.675382,23.185384,24.312803,23.205711,24.083423,19.509234,25.584804,23.433187,20.760998,11.705629,25.692671,27.487843,17.825202,24.848674,18.056363,22.995170,19.090826,25.471690,26.261240,23.626689,0.000000,25.190618,25.577727,19.756012,26.131861,25.268300,19.344423,16.628790,19.741463,24.443901,26.485605,27.149208,12.841517,25.361425,24.188081,22.901256,15.418138,26.982171,21.004246,12.687734,26.347663,25.297328,23.220297,20.714940,25.596622,24.480734,19.981913,22.481845,20.844156,14.727535,27.417707,20.919235,24.082314,22.085075,23.928916,21.863878,24.834136,31.606264,22.736143,24.803123,26.022230,23.338367,29.290488,26.809482,26.130026,22.374534,31.501585,18.990619,18.864842,21.401431,25.673263,23.144137,27.848152,28.159395,24.552681,28.639154,24.594795,26.101707,25.989757,23.159253,21.529829,23.385012,25.101582,22.556659,24.950880,22.323676,19.155626,23.822898,27.152014,25.624593,21.863793,29.378789,21.100812,21.653270,23.416771,22.104365,22.509105,25.752089,24.279033,20.282117,24.194798,22.228697,23.309143,22.549684,25.321391,23.970764,24.322497,22.115142,21.848993,22.903134,26.970916,23.074995,25.221621,22.533910,25.562798,22.874306
WinMart+,25.462265,26.920481,21.256162,25.597801,26.656609,23.589122,25.538492,27.763163,25.005903,23.638593,25.496689,26.462093,24.509426,25.170129,25.772450,22.911504,27.625352,25.677301,21.790764,26.332645,28.030312,18.879721,21.626817,26.558301,24.206196,25.133059,24.076061,27.443096,28.041072,25.552671,21.669601,0.000000,21.644662,25.535811,22.390361,27.043278,26.171958,21.226293,24.556974,22.819684,28.438298,16.327782,22.999319,27.201195,15.235900,24.647153,18.274520,22.515170,25.898795,18.319579,28.124777,26.816979,14.098135,25.338815,27.375038,25.790103,24.082081,20.801971,26.643166,26.177212,29.417887,25.240281,28.380554,25.999700,26.950226,25.069861,25.840834,24.344220,26.483008,18.168955,22.613283,27.818243,28.657200,28.610400,27.625265,26.599396,23.839947,23.714897,22.714774,24.481633,29.372035,28.637998,29.501855,22.031904,19.696634,29.319525,28.133730,19.229959,26.015449,28.588485,26.927361,28.707163,28.349890,27.957492,19.800882,24.646045,22.331379,27.954416,26.485510,28.903069,24.480121,25.233451,26.017947,24.287635,27.019732,24.732469,24.990156,28.932618,25.336771,25.493820,28.429550,24.488936,25.475732,24.836005,29.264441,28.646277,29.052300,26.842102,26.243658,28.642832,26.569734,28.304941,24.855627,27.665277,25.194857,27.296032
MM Mega Market Hoàng Mai,30.982944,33.512735,25.663995,21.415444,31.341891,28.359410,32.558515,21.604972,28.780021,29.324041,22.695857,32.375537,23.408717,19.427680,29.695827,29.960645,20.610665,23.750647,21.274481,31.266526,31.971002,29.692555,27.641609,24.742362,27.395932,23.405378,29.958650,19.308032,21.267746,23.859746,25.315257,29.378023,0.000000,28.805142,11.936413,24.678392,29.839833,26.317097,27.361262,25.509746,24.448507,31.883917,27.874315,19.748064,26.222510,23.218429,31.677374,17.229501,28.827171,27.431716,25.367001,23.842308,25.143677,28.126180,23.779019,20.169471,26.525486,14.142682,21.430950,27.171244,24.102832,27.934776,26.215038,28.638372,24.884659,27.387808,23.607143,35.283705,29.264712,26.589410,20.478946,27.857837,23.561488,23.593116,25.289884,24.695688,34.668513,30.925540,27.835322,26.583011,27.407713,26.783897,26.827111,31.432523,20.685318,25.142853,26.318557,22.225343,21.429946,26.873748,27.129290,26.866950,26.711419,26.384585,20.945015,27.301951,26.153880,26.352684,22.990627,27.120959,27.213483,25.462686,24.695537,27.056680,25.603641,27.590546,27.798391,27.184325,23.777217,25.218659,26.873687,27.057850,28.200497,27.474025,27.748843,27.745204,30.004941,27.620658,26.232601,27.135443,24.793326,28.789913,23.188309,27.960504,23.574743,28.080135
Trường Tiểu học Đại Kim,22.570893,22.623318,22.069716,22.539884,21.448489,23.614102,20.502880,23.978325,21.014164,21.787499,22.135526,22.454973,18.745851,21.786347,27.174536,19.384707,24.436133,20.514129,16.079303,20.577211,23.283360,26.258901,22.324080,21.545141,20.246925,17.113790,19.601700,24.486407,25.225211,18.283383,19.297898,24.426743,25.003018,0.000000,25.519963,26.387643,12.174007,20.085269,16.357384,23.859901,27.553439,26.031274,17.570033,24.430381,23.693994,17.777437,26.317768,26.181215,14.257371,18.963978,27.414680,24.076429,22.848096,19.202486,26.573280,23.740327,18.275549,22.257426,22.478703,23.620795,26.465407,16.770299,25.079455,22.972242,24.853186,22.168514,25.579151,29.943346,17.259508,24.271906,25.464272,24.672264,28.546983,25.951602,24.924148,24.730797,29.938076,20.560800,16.691590,18.192545,25.212564,24.160350,28.762336,27.263704,24.236061,26.687879,23.552109,25.596185,24.170889,22.553103,20.579210,24.456287,24.484138,21.696199,24.601517,19.759445,15.612357,23.982567,26.608274,23.179919,21.406242,28.571156,17.750939,18.712503,21.352094,19.118237,19.739886,25.160447,23.787585,20.238105,22.585770,19.749255,20.885331,20.038230,23.698428,23.860011,22.373231,19.940040,19.834771,24.443148,26.696816,20.963081,25.043038,20.582134,25.373607,20.926435
Không có tên,18.454182,31.527699,17.483301,21.567832,24.473504,23.260569,30.406237,21.849058,23.359333,28.257441,22.935436,30.502265,23.679295,19.427000,23.883491,28.906116,20.773094,24.023529,21.353785,29.833114,25.698579,28.479604,26.859585,25.051742,26.803258,23.638746,28.863506,19.304151,21.576627,24.109181,24.888968,28.304914,12.624522,28.034092,0.000000,25.000972,28.853351,25.766941,24.420701,25.025039,24.772914,30.435741,27.223234,19.792536,25.753961,23.406893,30.369795,13.759810,28.165231,26.923081,25.711140,24.068574,24.811958,27.549425,24.027947,20.224945,24.020405,13.772759,21.525782,26.609390,24.623929,27.386116,26.574231,28.033414,25.134187,26.930885,23.860644,33.481984,28.511149,26.117634,20.734009,26.491264,18.030417,23.953466,25.589877,24.928186,33.097125,30.131951,27.396602,26.252411,27.774681,27.114904,27.223775,30.470489,20.817610,25.592827,26.633135,22.160983,21.549434,27.184571,25.750160,27.201632,27.002896,26.663450,21.040531,26.910632,25.842385,26.633625,22.127040,27.450929,25.732262,25.593795,24.515810,26.679174,25.840364,27.167358,27.369613,27.514117,23.944621,25.034090,27.162774,27.387358,27.748330,27.091662,28.053499,27.400212,27.874186,27.259518,25.996879,27.421015,24.773159,27.222059,23.178216,26.633834,23.564747,27.699222
Không có tên,26.287257,28.786707,24.553435,26.024555,27.523875,24.397307,25.193177,29.908705,22.851005,27.832793,19.291837,29.312085,25.567625,22.907813,22.430280,26.454536,29.249031,26.095810,20.739202,28.803393,19.715569,30.846492,26.202057,25.236048,26.835956,25.027975,27.394175,28.265742,28.780217,25.862479,25.786604,29.046113,26.367380,23.954491,25.948301,0.000000,25.763266,25.520284,26.128107,27.400005,23.882510,30.371269,25.745918,27.906812,26.345573,23.027673,30.321219,27.443831,23.367480,23.972307,23.192516,20.738473,25.384002,26.270365,21.269647,23.995674,25.999281,24.825059,23.962675,26.675031,28.284844,25.595684,26.871755,27.516117,22.712899,26.402449,20.627153,33.747451,24.757979,27.288875,27.598554,26.761731,26.778061,27.434352,23.859965,22.963421,33.377126,30.294441,25.141059,25.218789,30.140058,28.232079,30.033799,30.309827,24.668385,28.458632,27.047767,25.987740,27.018537,28.273879,24.728966,28.613072,27.649264,27.129156,25.037998,26.063536,25.866701,26.848143,25.081331,29.146770,25.292058,28.166640,25.565830,25.105469,25.532064,26.231692,26.481537,29.287150,21.133069,23.597787,28.275851,28.555724,27.379809,26.244933,30.004518,25.719594,29.649391,24.502963,24.692799,28.686277,25.803597,28.186223,24.155752,27.034507,24.512434,27.863720
Cà Phê 3k,23.229442,23.374628,22.660215,23.650730,23.987143,22.962194,21.399484,24.841129,23.066186,22.929060,23.602080,23.397741,24.016710,23.230519,23.865209,20.858806,25.160322,23.399689,16.949986,21.962653,25.217658,26.516863,23.040873,24.485453,19.430939,17.651205,21.466883,25.118556,25.754962,18.384381,20.712197,24.853835,25.261792,14.948317,25.736873,24.916662,0.000000,21.152189,17.603934,24.234734,25.940729,26.294462,19.302073,25.036474,24.100479,23.205146,26.533812,26.366245,19.404477,20.284183,25.823739,24.434761,23.307382,18.621568,25.229650,24.325664,18.409118,22.648558,21.282852,24.011880,26.771651,19.613764,23.088601,20.395435,25.085946,20.417102,24.501118,29.751114,23.084883,24.604996,25.665903,22.473278,28.527626,26.305535,25.140697,24.999970,29.756390,21.040595,21.450608,20.893287,25.409821,22.406790,27.037826,27.349639,24.448193,27.934599,24.105806,25.740849,25.706715,23.439743,21.148829,22.625745,24.800674,22.533256,24.797497,22.239550,17.750651,24.393642,26.704914,25.554640,21.584076,28.546815,19.669151,21.240669,23.645159,21.856281,22.436983,25.434619,25.380633,21.543614,24.683652,22.057458,23.579751,22.483760,26.151701,25.621781,24.909758,21.912602,21.652552,22.970584,26.746222,23.201745,25.124135,22.530529,25.444185,22.897721
Không có tên,23.263651,23.543432,22.639679,23.827310,24.308800,22.228750,23.739308,25.343454,22.584816,21.985206,23.805134,18.945975,23.447930,23.354383,24.109175,19.767725,25.641580,22.892385,20.723088,20.760122,25.751472,21.202787,16.580090,24.068823,18.536320,22.579443,19.576827,25.525967,26.286146,23.126530,16.524215,19.676780,21.567910,19.896105,22.159033,25.334148,19.624083,0.000000,19.865294,22.329146,26.510451,21.285432,16.194475,25.417263,19.987706,22.567145,14.281837,22.265418,20.904949,14.951564,26.351414,25.351189,19.185065,20.673219,25.647181,24.543694,20.050952,20.896427,20.792199,13.669590,27.414853,20.840375,26.782235,21.805633,25.576895,21.549774,24.768545,26.878562,22.160169,20.983146,22.338097,22.868948,26.444301,26.822283,26.156031,25.490445,27.250883,14.702500,19.064923,21.273972,27.923741,22.798760,27.721664,24.484458,21.494459,27.510954,26.880818,21.681325,24.889444,22.792676,21.403271,22.931704,27.185276,22.254324,21.728998,21.973198,19.192798,26.851336,26.480691,27.646940,21.651408,28.358987,20.419743,21.395948,22.973709,21.781683,22.152890,27.711570,24.332253,19.751340,23.672252,21.909557,22.842866,22.199433,24.687193,22.938667,23.761162,21.832322,21.706585,22.596291,26.631427,22.712457,25.004342,22.316885,25.329615,22.519297
WinMart+,24.133543,24.765011,23.007558,23.924444,22.691366,23.625895,22.726212,26.155223,22.166669,25.842500,23.327322,21.500033,19.486034,22.834959,23.016255,19.814918,26.369482,21.917948,15.308627,20.057458,24.839004,24.710639,21.609309,22.964544,21.995566,16.874691,19.156750,26.090542,27.071301,18.627022,19.083238,23.375410,25.896857,16.662651,25.546335,24.751967,14.268562,19.768607,0.000000,25.148185,26.186390,24.586202,17.827088,25.928568,22.932885,17.869524,24.914908,26.816692,14.440752,18.898281,25.987609,19.923161,22.240196,19.110650,25.207677,24.771473,20.946178,24.649906,17.318402,22.843336,28.414269,14.868238,22.560401,23.792354,20.747528,19.608431,24.267396,27.832536,17.494879,23.469249,24.613937,21.288387,27.028454,27.579688,20.877666,23.319083,27.977293,20.279196,16.863034,18.342363,23.395857,21.391606,27.638683,26.003128,23.716881,28.383499,21.651214,24.824334,25.153231,20.123163,18.570671,21.826896,23.009312,19.658538,24.023943,19.884987,15.661708,22.481688,25.594406,22.013387,19.576440,28.154666,17.816392,18.822386,19.501073,19.253221,19.874247,23.073459,22.580343,19.462183,22.754142,19.861243,21.035311,20.160966,22.344089,23.057311,20.038198,20.030985,19.950551,22.737460,25.975484,21.083671,24.406419,22.494307,24.742102,21.030308
WinMart+,29.164785,30.995036,24.207910,22.794709,29.624558,26.996304,29.701645,23.055922,27.610873,27.637591,28.316097,29.872947,27.428022,21.240075,28.384804,28.375523,22.538560,28.092791,24.473475,29.233719,30.432819,27.796636,26.140600,28.647435,26.242263,27.471610,28.358536,21.890118,23.345169,27.759691,24.163381,27.670591,17.053502,27.527432,19.033354,29.277869,28.344420,25.063838,26.338074,0.000000,30.382673,29.952747,26.687155,22.007123,25.120418,26.719623,29.912684,17.548410,27.690728,26.427213,30.076662,28.805563,24.152062,27.071726,29.376944,21.693747,25.671741,14.594607,28.192983,26.053295,25.167957,26.919641,30.082453,27.601521,28.743925,26.506989,24.196157,33.279215,28.098148,25.550709,20.049198,27.048115,26.056952,24.659601,29.431703,28.299194,32.884007,29.808569,27.006982,25.834520,30.749920,30.090447,31.055983,30.097546,20.446578,24.716852,29.639112,21.963766,21.737490,29.949015,26.402556,30.110064,29.717093,29.314126,20.690654,26.552100,25.440841,29.357348,22.784841,30.223860,26.466431,25.235204,24.107305,26.290790,27.210381,26.787922,27.005074,30.215619,27.023571,24.664936,29.673775,26.343279,27.402793,26.732602,29.683383,27.096238,29.163678,26.930542,25.639836,29.835803,24.722488,28.025736,23.117987,27.278838,23.509502,27.389484
WinMart+,25.716839,27.519152,22.698011,23.002377,26.253980,24.108676,24.927828,25.536023,22.907054,26.863649,18.854685,28.292760,24.947366,21.250480,22.651993,25.846311,22.443503,25.399692,21.120560,27.974970,19.458530,29.706759,25.807200,26.103288,26.194326,24.669673,26.610694,25.088320,27.199919,26.368048,25.356264,28.232963,25.487848,23.778322,25.032139,22.060772,25.344007,25.148899,25.608763,26.923355,0.000000,29.335582,25.336636,23.443658,26.001030,24.081606,29.359264,26.641723,23.355916,23.881386,20.989555,19.374493,25.156089,26.529467,18.299181,23.186248,26.321737,24.052033,24.622727,26.199993,27.241510,25.850020,27.248172,27.638274,21.825586,26.586953,15.699755,32.204354,24.995459,26.859588,26.990711,26.924340,26.002746,26.522215,22.701708,22.203459,31.982833,29.598790,25.517751,25.505082,29.726668,28.207592,28.913056,29.546693,24.213848,27.608033,27.235464,25.404574,26.378556,28.227920,25.223341,28.490466,23.332810,27.232457,24.566490,26.180514,26.017852,21.079955,24.379123,28.927522,25.585920,27.403927,25.703727,25.354127,25.811414,26.371613,26.600769,29.039705,20.548423,23.846146,28.193865,28.424858,27.372503,26.364164,29.695648,25.817637,29.382679,24.768810,24.958416,28.555453,25.507025,28.109229,23.902570,27.084244,24.264080,27.802424
Trường Tiểu học Chu Văn An,28.534332,30.908507,26.887065,27.965276,29.434345,26.227102,30.166937,30.316932,27.157446,26.863277,27.916936,27.477364,26.889542,27.272754,28.068010,25.711889,29.887558,27.777072,23.468553,27.186634,30.483102,25.241393,24.382750,28.493662,25.022039,27.102176,26.608074,29.187969,30.057712,27.466362,15.894417,18.723591,24.489894,26.329267,25.069052,29.188613,27.011969,15.568656,25.311439,26.418520,30.492476,0.000000,18.455666,28.856874,16.733303,26.367129,17.861360,25.727750,26.536543,18.573323,30.170529,28.695418,15.769431,26.056431,29.169144,27.138939,24.797842,23.259198,28.101004,16.432709,31.139585,25.975826,30.230135,26.709125,28.578000,25.734652,27.554555,16.559852,27.179779,18.699426,25.037461,29.303017,29.238545,30.072699,29.455171,28.220737,29.087660,25.653611,23.423792,25.138561,31.024193,30.268930,31.371902,24.173159,20.693609,30.716166,29.767014,20.591716,27.236637,30.128032,28.252344,30.313596,29.857431,29.430918,20.931462,25.251291,22.995489,29.459842,27.685847,30.453621,25.115816,27.154556,27.267711,24.922477,28.431364,25.368994,25.626923,30.459542,26.627584,26.722578,29.865176,25.103640,26.086335,25.452867,30.621802,30.143578,30.384268,24.725388,27.387027,30.043558,27.374480,29.601750,25.597581,28.943897,25.927493,25.244651
AEON MaxValu Linh Đàm,22.051227,22.041173,21.651035,22.887273,23.211599,21.482046,19.869270,24.296420,22.141500,20.910104,22.858225,21.595884,23.029797,22.468067,23.220809,18.214047,24.713500,22.459439,20.118595,19.297962,24.751066,26.024738,17.603172,23.853551,16.701214,22.148679,16.562475,24.733374,25.451793,22.774887,12.505642,24.074953,24.793030,17.553363,25.347012,24.473148,15.977870,16.525777,18.102657,23.651508,25.666394,25.794478,0.000000,24.663378,23.365016,22.217415,17.877752,26.024345,19.001098,15.065143,25.532626,24.613135,22.488470,19.179538,24.877868,23.942797,18.709749,21.966611,21.383470,17.070225,26.635174,19.168415,23.303368,20.758503,23.332353,20.683668,24.124616,30.065795,20.838063,24.007344,25.299196,22.411347,28.543899,26.122635,25.424060,23.073850,30.048688,19.409279,17.714544,20.227774,23.084987,22.372466,26.959982,27.182425,24.076579,27.883004,22.044404,25.470033,25.434994,22.092857,20.494386,22.548592,22.869929,21.556244,24.441525,21.238570,17.913040,22.531490,26.522523,21.900298,20.795366,28.568958,21.619993,20.491311,22.424214,20.903260,21.367488,23.192856,22.595236,20.755125,23.249319,21.183316,22.227577,21.487829,24.443037,24.992614,23.355214,21.178736,22.530214,22.067704,26.658728,22.142488,24.979155,21.713377,25.314925,21.986794
WinMart+,25.416023,26.816666,23.633715,22.966842,26.774363,24.570341,29.711254,24.113080,24.649009,26.248628,24.600519,27.707470,25.332940,20.177701,25.464373,25.412871,22.914033,25.654772,22.019755,27.484564,27.911617,29.110515,25.727054,26.743130,26.163598,24.983306,26.012857,12.629205,21.677503,25.500469,24.963281,27.796122,20.919188,23.959117,19.908697,24.132302,24.964359,24.791794,25.650910,25.747477,23.795038,28.468014,24.945982,0.000000,25.884855,24.434592,28.521251,23.214257,23.729894,23.661433,28.034065,26.635919,25.114828,24.794130,23.053138,16.311041,24.973426,19.828961,22.077428,25.710749,21.378052,24.546173,26.033639,25.417321,26.785359,23.874363,22.949620,30.928366,23.034930,26.651937,25.072153,26.052833,22.083102,21.356142,27.503133,26.433875,30.779547,28.795961,22.533394,25.259687,27.417136,26.694383,29.512768,28.945899,22.094063,24.656158,26.162533,23.264204,19.194700,26.788779,25.252879,26.798520,26.592775,26.243267,22.316383,25.558753,25.484995,26.193781,19.954539,27.086704,25.275640,24.865066,25.291859,25.064594,25.382147,25.728158,25.897109,27.158776,25.118900,23.950024,26.799089,27.072678,26.373494,25.753030,27.775916,25.351045,27.586259,24.655959,24.827294,27.081790,24.508474,26.888627,22.800552,26.268790,23.228353,26.740560
WinMart+,24.360881,25.024643,20.367267,24.660871,25.235286,22.965677,22.965165,26.148809,24.211777,22.889463,24.528074,23.086379,23.738269,24.389625,24.751188,22.410925,26.280918,24.768401,21.634316,23.416559,26.508198,18.439042,21.563788,25.539205,22.472807,24.383249,23.274216,26.340870,26.730944,24.742998,20.263426,16.006406,20.877684,23.495847,21.498294,25.862053,23.789370,21.086302,22.932310,21.564049,27.065601,12.809952,22.547609,26.224639,0.000000,24.037145,19.091578,21.450122,24.017305,18.726363,26.775155,25.824672,11.697351,23.614168,26.289204,25.244614,22.717943,20.368369,25.862677,23.433185,28.011297,23.559868,27.078693,24.210685,26.026591,23.554216,25.004981,20.276490,24.434340,15.348279,21.850942,26.825920,27.117031,27.598273,26.507431,25.745425,19.580780,21.588813,21.632317,23.201411,28.061822,27.460896,27.996979,18.933629,18.554788,28.241057,27.020881,17.787974,25.485523,27.482586,26.145354,27.513048,27.311173,26.972701,18.599426,23.383865,21.329234,26.969229,25.384165,27.717038,23.251534,24.160270,24.697589,23.046731,26.178504,23.406638,23.661461,27.751042,24.729372,24.190454,27.393594,23.291503,24.103870,23.579105,28.170747,27.137692,27.990498,23.063262,25.054053,27.619741,25.919456,27.386000,24.448190,26.843632,24.771084,23.560786
WinMart+,25.839222,27.162940,21.645379,22.316046,26.100070,21.347875,25.101029,23.881086,23.619809,23.414048,22.041179,27.855958,21.063597,23.904067,23.601881,22.464278,24.428362,18.966033,16.817915,22.319929,23.354166,29.075541,25.818828,23.479977,24.112752,17.548243,23.899480,24.543174,27.532740,17.338752,23.070339,27.866953,26.177918,17.990724,25.858793,21.419421,23.024255,23.119931,18.467275,26.784379,24.327202,28.779753,23.049472,24.476889,25.984442,0.000000,28.830231,27.011287,17.406045,21.878362,23.957179,18.589972,25.239207,18.775559,23.010813,24.345756,14.108760,24.985730,12.236346,26.148036,27.517173,16.865406,17.635179,24.161299,19.981721,22.666994,22.118722,31.250310,17.958596,26.738612,27.216149,22.567954,26.506398,26.962895,20.213620,17.284948,31.119435,29.206469,22.166905,22.782372,24.338345,22.775884,26.997294,29.089653,24.779466,27.750152,21.567974,25.823097,26.735882,23.755841,21.283648,23.331228,23.497300,23.169659,25.100081,23.383831,23.179757,20.656444,25.172057,24.414607,22.060171,27.578138,23.326873,22.277179,22.047824,23.231935,23.491329,24.792418,22.814050,21.773988,24.590784,25.792170,24.629103,23.609216,26.789319,23.709983,26.559702,22.047456,22.664013,25.272232,25.760376,25.374531,24.250365,24.360066,24.580481,25.551823
Trường Mầm Non Hoạ Mi,28.298233,30.229015,26.839614,27.819230,29.067094,26.200348,29.713790,29.881355,27.065745,26.749899,27.752970,27.329171,26.804669,27.195125,27.888616,25.723225,29.573300,27.641772,23.624312,27.088502,30.096475,25.444982,16.147715,28.311403,17.292530,27.027521,16.996845,28.985943,29.766510,27.365540,15.384872,19.958501,24.593932,19.526876,25.136129,28.945965,17.834819,14.756069,19.566690,26.401851,30.171726,18.036936,18.079452,28.688270,17.900950,26.342012,0.000000,25.757653,19.241331,18.081610,29.860396,28.528298,16.952617,20.273877,28.972965,27.086657,19.825892,23.417584,28.004081,15.045267,30.822451,19.270086,29.940975,21.112184,28.444815,20.871295,27.442902,28.270901,20.005995,19.524838,25.101134,29.123915,29.081174,29.852258,29.241093,28.096374,28.587448,15.904963,19.011983,21.743069,30.725375,30.022750,31.005343,24.403846,20.945696,30.464184,29.547039,20.906832,27.184581,29.903107,28.156631,30.062036,29.659269,29.252931,21.172483,26.101653,26.018111,29.288072,27.612754,30.202273,20.251968,27.102543,23.369668,19.997017,28.300623,20.275609,20.616041,30.213566,26.601080,22.679431,29.666357,20.510847,25.549050,20.728731,30.396599,26.349549,30.174533,20.556178,24.009928,29.850487,27.343218,29.439979,25.608742,28.819519,25.928125,21.165399
WinMart+,32.188684,35.532325,26.528261,24.163790,32.666002,29.322144,35.008177,24.869023,29.626401,30.608678,30.699207,34.521061,29.629315,22.164124,30.696200,31.210404,24.389772,25.877678,25.679971,32.889524,33.250957,31.109995,28.638795,26.692987,28.225408,25.385269,31.221748,23.557048,25.962111,25.774336,26.072358,30.624384,17.431356,29.784172,20.493177,31.567650,31.038428,27.191957,28.108549,26.311874,26.654175,33.549272,28.762405,23.543881,26.901864,24.917224,33.182512,0.000000,29.699796,28.179190,32.395088,30.722879,25.714992,28.929364,25.743475,22.661883,27.142168,12.618122,29.624174,27.992696,27.743326,28.709187,32.189645,29.448674,30.472999,28.041808,25.513979,37.127282,30.183178,27.245532,20.934808,28.488070,26.981993,26.547058,31.395097,29.898405,36.277231,31.865711,28.484810,27.147531,32.691445,31.922012,33.327090,32.460638,21.016210,25.637758,31.428798,22.761941,22.277256,31.652513,27.693704,31.935240,31.344652,30.876379,21.328213,27.877753,26.678654,30.952483,23.427771,31.995195,27.801365,26.322227,25.108852,27.636789,28.525352,28.221078,28.423086,31.955882,28.233948,25.632595,31.238041,27.609067,28.832987,28.057350,31.189233,28.268413,30.714124,28.178626,26.700143,31.362528,25.016337,29.424840,23.341252,28.523437,23.738743,28.641030
WinMart+,21.319357,21.076505,21.330499,21.864252,20.608955,22.543420,19.796834,23.095317,20.188010,20.099723,21.409127,20.975261,17.659732,21.309767,26.548812,18.165895,23.683198,19.553430,15.285846,19.502003,26.759794,24.259536,21.194912,20.680521,18.570473,16.132332,18.316099,24.022410,24.483189,17.427387,18.402100,22.968909,24.147777,15.227467,23.818303,25.764240,17.672759,19.152336,14.349391,22.778771,27.081322,24.031603,17.169019,23.982208,22.592649,17.077003,24.384129,24.677186,0.000000,18.328606,26.785671,23.532951,21.915513,16.430943,26.244093,23.372706,17.080796,23.261886,21.775459,24.686869,26.005301,13.924211,24.251992,21.117827,24.400567,20.782133,24.967492,27.124541,17.205348,23.138714,24.312802,23.703302,25.291364,25.532532,24.332235,24.120389,27.290947,23.279833,15.305655,18.315902,24.400768,23.285841,28.171656,25.636307,23.480562,26.273736,22.700320,24.327807,23.825076,21.545351,19.131554,23.604810,23.827494,20.791261,23.647907,20.191859,14.971747,23.308687,24.183990,22.385527,19.335639,26.224418,17.629322,18.890365,21.901598,19.444425,20.199023,24.395834,23.372342,19.934397,23.104155,20.099572,21.616656,20.480382,24.797022,24.320755,23.305892,20.210472,20.112203,21.431368,25.227191,21.494481,23.850606,20.956676,24.169536,21.350716
Trường Tiểu học Chu Văn An,21.336790,21.091510,21.117920,22.231051,22.252110,20.584912,19.499847,23.220892,21.411460,19.906243,22.092313,20.667746,21.928930,21.871949,22.395862,17.941150,23.761833,21.612628,19.791768,18.840362,23.757848,24.532094,16.932600,22.842345,17.814542,21.479454,16.723234,23.955923,24.463014,22.019312,12.962316,19.016248,23.972963,18.750304,24.484074,23.590694,17.785788,15.735333,18.967394,22.904909,24.747383,18.364502,16.289412,23.927012,17.978358,21.655195,17.618311,24.950098,19.849332,0.000000,24.509758,23.890424,17.413347,19.947778,24.109662,23.397276,19.389007,21.548980,21.630497,16.574870,25.697690,19.886199,22.530313,21.260494,22.769937,20.990671,23.367222,22.724083,21.229631,18.937298,24.499363,22.484822,27.541442,25.306189,24.599854,23.160460,23.388415,17.908462,18.396823,20.615493,23.077640,22.437757,25.824852,21.773343,23.574815,26.896154,22.120748,20.123247,24.785724,22.197033,20.834718,22.583293,22.954350,21.676496,23.889845,21.374251,18.377385,22.632370,25.750329,21.969428,21.003898,27.489976,21.534081,20.723220,22.458489,21.111806,21.527772,23.153171,22.705637,20.660630,23.209550,21.321327,24.182439,21.609791,24.295439,24.943843,23.296039,21.290783,22.535119,22.103111,26.243617,22.192414,24.686671,21.808905,25.006244,22.025645
WinMart+,27.369038,29.617829,25.664916,27.109453,28.835677,25.741611,26.130088,30.621478,24.835015,28.679253,21.776332,29.915515,27.001288,24.263128,25.440340,27.332554,29.906389,27.341154,22.024369,29.377793,23.857524,31.232433,26.954522,26.895785,27.623941,26.205222,28.073367,28.897417,29.349339,21.328077,26.500372,29.557834,26.901169,24.786919,26.529874,24.453021,26.509031,26.242105,26.938388,27.924808,26.488397,30.775152,26.477011,28.527093,26.930330,19.094099,30.699961,27.862820,24.213794,24.683896,0.000000,17.033160,26.006166,26.799394,20.683832,24.644705,26.601346,25.395142,24.881258,27.239371,28.741856,26.071264,28.155383,28.006867,18.026994,27.060930,17.986519,33.875990,25.321613,27.775498,27.911922,27.456227,27.223111,27.905540,20.727881,17.597117,33.514260,30.544236,25.771211,25.733012,21.245997,28.919352,27.002044,30.611780,25.013266,28.825338,21.839805,26.340871,27.375363,28.863201,25.488695,29.211689,21.580338,27.766833,25.381704,26.560277,26.389743,21.137309,25.591412,21.774055,25.982810,28.519027,26.029803,25.715163,26.239599,26.791591,27.029285,29.730944,19.607984,24.088789,28.756948,28.904644,27.809060,26.751500,30.277724,26.137144,29.935808,25.090029,25.153625,29.110400,25.995292,28.582692,24.353109,27.475810,24.704555,28.209941
WinMart+,25.423985,26.952595,24.290938,25.301662,25.768101,23.989178,24.798273,27.545872,22.948764,26.435735,20.558992,27.819547,24.710054,22.926653,22.746865,25.578555,27.522337,19.889346,21.323981,27.580361,21.425075,29.160104,25.620708,18.498116,25.907871,24.509672,26.248925,27.161566,26.882533,19.120723,25.163372,27.846555,25.685633,23.717045,25.335192,20.808634,25.165903,24.987483,25.384768,26.690465,23.362819,28.842079,25.153776,26.935013,25.833058,16.936233,28.892540,26.597614,23.591652,23.825498,16.902888,0.000000,25.046156,23.531444,19.487145,23.796311,23.045836,24.483397,15.504829,25.980058,27.040540,23.368023,19.774862,24.185223,16.166191,22.889011,17.596735,31.465739,22.361429,26.649615,26.896191,22.843016,26.081754,26.501401,16.557105,15.923624,31.307093,29.221369,22.445392,22.936593,18.268024,23.109470,23.317623,29.156235,24.459939,27.361032,19.539177,25.472928,26.383767,23.847820,21.772773,23.510000,19.468054,23.334500,24.767350,23.424093,23.258287,19.001277,24.720543,19.798731,22.347618,27.209333,23.374883,22.482808,22.348535,23.326846,23.560694,24.661070,17.714530,21.942227,24.506751,25.554751,24.533543,23.646839,25.313934,23.709360,25.154242,22.243395,22.790381,23.935428,25.569517,24.235500,24.049739,23.381881,24.390138,24.574916
Trường Mầm non A Tứ Hiệp,24.232574,24.786265,18.910554,24.500286,24.977892,22.933964,20.674478,25.800859,24.066363,22.877705,24.355567,23.126809,23.625342,24.271230,24.547735,22.434917,25.962358,24.571762,21.673272,23.395262,26.161614,16.216868,21.717307,25.281657,22.441689,24.219009,23.167281,26.057683,26.377749,24.548451,20.416334,13.924325,19.671220,23.388081,20.266764,25.574140,23.663085,21.189388,22.859061,19.977762,26.692376,18.660697,22.504806,25.945863,11.891136,23.888220,19.605245,20.049579,23.880566,19.010164,26.406970,25.548434,0.000000,23.498953,25.990041,25.198837,22.644205,19.477839,25.601233,21.373584,27.589832,23.436652,26.689410,24.041050,25.747115,23.403587,24.761189,17.137404,24.211998,11.642294,20.700287,26.486625,26.964588,27.408699,26.174209,25.479533,16.261692,19.863837,21.602318,23.081834,27.630968,27.075642,27.535259,16.310798,17.484356,28.010640,26.652759,16.439227,25.415824,27.101089,25.869551,27.113936,26.952136,26.623926,17.475682,23.216028,21.280601,26.626944,24.306880,27.304745,23.109877,23.022461,23.661311,22.908887,25.874338,23.250582,23.494040,27.341906,24.533818,23.149887,27.017360,23.140018,25.359073,23.416059,27.756491,26.029520,27.586834,22.918465,24.114718,27.235826,25.165802,27.028539,23.967904,26.522385,24.183535,23.390463
Cà Phê KOK,22.332380,22.271384,22.199852,22.824520,21.622450,24.541349,20.821267,24.203154,21.238541,21.662297,22.303190,22.368785,19.122371,22.099078,27.345469,19.876907,24.671262,20.849869,16.486080,21.028189,27.640243,25.366791,22.275630,28.164371,22.045740,17.507580,20.192661,24.815516,25.392070,18.592254,19.833848,23.967570,24.831558,19.172409,24.507458,26.482279,15.450563,20.367965,17.337037,23.568705,27.960814,25.174278,18.621459,24.736869,23.420552,24.776081,25.461043,25.511750,16.191852,19.637945,27.644183,23.821775,22.713646,0.000000,26.822116,23.971908,19.901096,23.866452,21.760173,23.161130,26.804108,15.604762,24.887432,19.993441,24.789605,19.605459,25.438718,28.188285,13.721579,23.922697,24.997958,24.353642,25.919913,26.250303,24.766719,24.554820,28.280906,20.688740,13.743710,16.975280,25.051640,23.679220,29.182623,26.443711,23.992836,26.977761,22.940489,24.968290,24.375724,21.491354,19.425571,24.091028,24.225933,20.610436,24.256186,19.005189,13.931105,23.606832,24.751754,22.558110,20.369699,26.877749,16.736392,17.661729,20.299214,18.104058,18.889905,24.984722,23.536202,19.720977,21.875240,19.011094,20.324634,19.318395,23.237018,20.656027,22.124621,19.312900,19.294961,24.101383,25.519944,20.460589,24.095692,20.078069,24.409467,20.463748
Không có tên,24.795141,26.180662,21.656946,21.802320,24.953722,23.427264,24.421396,23.495459,22.356842,25.756118,18.276466,27.276503,24.034400,20.376867,22.021700,25.005332,21.277776,24.453733,21.082975,27.098564,18.499245,28.619342,25.240467,23.347051,25.340890,23.934998,25.650169,23.775031,24.778931,24.179619,24.676569,27.376732,24.330951,23.301200,23.917621,20.011735,24.677858,24.515648,24.837318,26.329708,17.199027,28.175420,24.674045,22.461370,25.504035,22.408022,28.262332,25.367508,23.070265,23.431665,19.027255,18.425498,24.753767,25.159201,0.000000,22.435215,24.839583,23.215735,23.242298,25.508146,25.562839,24.681231,24.205562,25.892811,19.338936,24.854741,14.964965,30.712206,23.811731,26.309193,25.974200,25.012875,24.893675,25.145292,19.328960,19.970668,30.595208,28.687984,24.187598,24.341098,22.356984,25.717926,22.812733,28.735891,23.658711,26.142909,24.931805,24.535039,25.920678,26.001341,23.924592,25.967662,21.318513,25.340782,23.834230,24.811284,24.679320,22.098307,23.556026,26.482397,24.165911,26.093429,24.562057,24.061258,24.271924,24.894773,25.105408,26.640375,19.059691,23.033859,26.216855,26.760410,25.840987,25.014168,27.660216,24.739967,27.438717,23.663745,23.974893,26.633152,26.189075,26.480000,24.504662,25.647871,24.854647,26.403456
Trường Đại học Kinh tế - Kỹ thuật Công n,22.602232,23.345702,21.303797,20.602714,22.822082,21.923370,29.818597,20.728454,22.007074,23.057352,21.623508,29.622308,22.212871,18.945632,22.375732,22.628278,19.964508,22.486481,20.350384,29.100940,23.820678,28.385305,27.298795,23.317371,23.192114,22.166587,22.998581,16.109890,19.186173,22.546229,25.401225,28.103852,19.271213,27.476541,18.658364,21.786240,28.075867,26.054734,22.792079,25.947438,21.494777,29.222237,22.420346,14.309611,26.257121,21.935006,29.131192,25.255312,21.585738,26.562283,22.398067,21.245352,25.681459,22.326978,21.078312,0.000000,22.445748,21.566514,20.324809,26.357236,14.226116,26.841836,23.228235,22.813295,22.261613,21.650748,20.895935,30.932774,27.493061,26.326986,19.573691,23.522775,15.019700,11.153125,22.485304,22.138500,30.668224,28.720520,23.087931,25.765600,24.402348,23.891542,23.703041,29.071075,22.088707,15.173451,23.474130,23.303374,14.153363,24.042152,23.000296,23.949728,23.942044,23.666941,22.328568,23.259593,23.210363,23.625701,14.502135,24.210813,22.986476,17.675744,23.133317,22.850346,23.027075,23.357477,23.499819,24.280209,21.416549,22.098599,24.099328,24.462730,23.894689,23.426551,24.929095,23.205347,24.792732,22.561438,22.787775,24.361139,21.739422,24.307057,20.648848,23.840075,20.917380,24.275312
WinMart+,27.756574,28.790406,22.604313,23.294219,22.118764,22.746607,22.410686,24.758824,21.751388,24.441456,25.163657,21.366093,19.845745,26.248045,26.710251,19.946045,25.159562,21.489329,17.054297,20.228798,26.957092,24.051824,21.476672,27.526689,21.411140,18.178123,19.384407,25.209171,29.019917,25.664262,19.298657,22.970951,25.162730,18.332720,24.849306,25.588110,15.855731,19.837081,20.808041,24.567472,27.391562,23.954294,18.334046,25.111701,22.641528,23.298328,24.262347,25.990769,17.117987,19.220552,27.046939,23.216270,22.051395,18.732001,26.079821,24.268820,0.000000,24.155663,15.349640,22.445116,27.200232,16.344007,23.096374,18.777325,24.022043,18.105870,24.734867,26.596834,17.284698,23.125095,24.179528,21.428092,26.230367,26.601907,24.061540,23.817527,26.782452,20.285934,15.271247,20.712779,24.112072,21.462294,28.930353,25.322091,23.447651,27.325041,21.770288,24.299672,24.646735,19.666606,17.853570,22.091999,23.432962,19.162224,23.702705,21.287332,21.031233,22.761481,25.027795,22.209625,19.112377,27.202270,21.608843,19.833531,19.020310,20.769004,18.976509,23.638117,22.856953,20.246133,23.089799,20.833463,22.656724,21.550846,22.529878,22.235667,19.762739,17.838342,20.977390,23.003818,25.654067,20.509362,24.204130,22.625610,24.522887,21.882638
Trường Quốc tế Singapore,29.928244,31.897055,25.660103,20.558820,30.195427,27.721635,31.414684,20.611838,28.027969,28.546783,21.605585,31.153772,22.214127,18.969387,28.786020,29.061246,19.847556,22.507301,20.466972,30.238328,30.741327,29.056696,27.364939,23.358212,26.799121,22.235856,28.929110,18.913819,20.293353,22.618266,25.040073,28.692483,20.863540,27.982349,13.367797,23.265417,28.879643,25.926686,26.691968,25.460369,23.049223,30.617779,27.159871,19.242882,26.036644,22.071435,30.432183,22.857058,27.996522,26.737416,23.835640,22.591920,25.216646,27.347788,22.526035,16.477886,25.894896,0.000000,20.517162,26.513592,22.531701,27.148173,24.581699,27.750046,23.524739,26.574270,22.303349,33.305894,28.216705,26.245935,21.370935,26.960907,17.551707,18.034606,23.817495,23.356520,32.812848,29.713312,26.973593,25.849599,25.669986,25.141413,25.079743,30.187139,20.669147,16.910893,24.722134,22.046539,16.617984,25.244953,26.325317,25.191511,25.123835,24.828185,20.914869,26.384517,25.384238,24.808687,17.095304,25.427419,26.356477,19.822109,24.038532,26.194715,24.148988,26.679842,26.861945,25.480541,22.564773,24.488252,25.249651,26.167002,27.188186,26.548276,26.042278,26.739637,28.777434,26.652952,25.417933,25.494060,22.355056,27.712367,21.295930,26.968354,21.539117,27.045737
WinMart+,25.127563,26.186806,24.247627,25.002693,25.166545,18.630685,24.655029,26.536851,23.145950,20.305671,21.806159,27.048899,18.092315,23.525194,23.021359,19.975905,26.706263,16.387875,16.480850,26.918268,22.805728,28.209353,25.330628,22.788811,18.793516,15.943985,21.113811,25.478433,26.570524,14.489727,20.865113,27.165905,25.688827,17.002859,25.391092,21.265824,15.678013,24.758512,17.268640,26.278937,23.657086,27.946249,20.870813,24.394497,25.555322,12.310148,28.040314,26.462965,16.398417,20.182770,23.319003,19.238206,24.886812,16.775055,22.688518,24.058005,15.448322,24.648598,0.000000,25.625867,26.812474,16.034788,15.455643,18.234892,20.087415,16.069882,21.860441,30.140888,16.136579,26.267124,26.755338,16.427963,26.028484,26.378190,20.183417,22.119393,30.073441,28.518658,20.935088,21.697613,21.754314,20.585934,25.896333,28.419127,24.554121,27.111157,19.552067,25.432554,26.300842,21.764512,20.030701,21.094038,21.679683,21.463371,24.810617,22.138544,21.958955,21.035643,24.841785,22.230104,20.752011,27.005025,22.285188,21.085256,20.638455,21.885823,22.127130,22.649529,21.559391,21.001751,22.819459,24.311601,23.257853,22.379212,24.989578,22.734253,24.835329,21.010915,21.746594,23.557145,25.559789,23.924056,24.121529,23.061991,24.439799,24.314502
Trường Tiểu học Tam Hiệp,31.284050,33.256093,29.580958,30.224179,31.653520,29.224508,32.441068,32.157431,29.496055,30.084092,30.284336,30.731370,29.504276,29.627878,30.351078,16.806365,31.654585,29.929860,26.078370,30.160235,32.183612,30.822218,15.032604,30.403505,16.529991,29.204556,15.789392,30.833065,31.659901,29.460120,14.451053,26.651481,27.089812,18.628079,27.485355,31.037980,18.124842,13.751927,18.770577,29.158267,31.913478,16.407484,16.824146,30.506477,23.567697,28.337124,14.744246,28.312979,24.876974,16.392424,31.774496,30.345383,22.316454,19.334581,30.763607,28.810808,19.043094,25.757715,29.487713,0.000000,32.294071,26.322109,31.727844,20.165939,30.105065,20.160932,29.418808,26.391843,26.653869,22.931287,27.313504,21.294095,30.532944,31.354933,30.975599,29.767412,27.122788,15.753251,25.107096,22.651951,32.253052,31.593332,32.659332,24.581228,21.173704,31.828334,31.207615,21.359548,28.746385,25.967718,24.607360,31.629853,31.062957,25.264273,21.422147,27.808634,27.702371,30.735037,29.144889,31.711750,24.900080,28.851145,24.829393,24.717881,25.795278,25.143218,25.399318,31.689056,28.234888,23.993136,31.124623,26.728243,27.336170,26.136422,27.091608,28.503983,26.433514,24.599762,25.206902,31.267991,28.165085,25.490083,26.410307,24.933285,26.713394,25.109428
WinMart+,28.138805,29.716009,26.670454,27.017869,30.538221,27.300715,32.179092,29.516176,27.284644,28.883899,28.124854,30.210654,28.452214,24.095521,28.362057,27.764226,29.573094,28.626373,24.136042,29.721449,31.155649,31.232348,27.693312,29.437160,28.393305,27.650871,28.215848,22.606692,29.681084,28.083036,26.875834,29.831307,25.072065,25.803457,24.276163,27.416023,26.915796,26.689115,27.878995,27.683614,27.331587,30.665955,26.875668,18.712499,27.515022,26.631664,30.607791,26.966519,25.603406,25.373841,28.127119,25.863088,26.692972,26.727041,26.030146,15.165668,26.909799,28.063948,23.892684,27.412347,0.000000,26.128658,28.899469,27.251429,26.870621,25.578990,28.128154,32.986067,24.666814,28.199027,25.806235,28.180392,22.492120,21.710471,27.603257,26.517458,32.698257,30.346241,27.086229,26.858225,29.951067,29.124400,29.692265,30.644069,26.327215,26.269617,28.569293,28.239962,18.945433,29.041984,27.191687,29.203626,28.769420,28.338645,26.798576,27.232481,27.158209,28.337607,19.849462,29.403766,27.122155,26.098414,26.790808,26.773013,27.309629,27.525531,27.696461,29.434537,25.125304,25.232278,28.850356,28.849252,28.110906,27.429808,29.738703,26.764474,29.501818,26.225574,26.263049,29.074077,24.725547,28.676555,22.917442,27.983834,23.360833,28.336304
Delícia Coffee & Lounge,21.731702,21.575905,21.475817,22.500914,22.552270,21.167093,20.070067,23.440468,21.767958,20.712655,22.382251,21.475665,22.342652,22.170324,22.646757,18.914231,23.949686,17.743967,14.828436,19.925585,23.963980,24.872859,21.594277,23.112936,16.271670,15.386789,18.875871,24.119486,24.595108,16.373352,18.833890,23.446702,24.210635,14.497585,24.695207,23.553387,16.083391,19.586072,14.132420,23.149818,24.750837,24.728302,17.492308,24.082784,22.971911,22.130845,25.057695,25.166464,13.525043,18.715311,24.514462,23.608156,22.256688,15.543828,24.107478,23.552214,19.000917,21.849998,19.993534,25.374255,25.768373,0.000000,21.772010,17.486680,24.284029,18.176022,23.355061,28.035311,18.551081,23.530121,24.700160,20.870981,27.596968,25.392745,24.322203,24.135927,28.160835,23.845517,19.452830,13.484989,24.298467,21.008997,25.851522,26.157618,23.748123,26.982311,22.909854,24.809187,24.939549,21.759159,19.505870,21.278669,23.887633,21.025861,24.056499,20.643385,15.524904,23.445407,25.871710,24.591965,19.828105,27.559236,15.300211,19.396654,22.317350,19.971233,20.697032,24.352715,24.668096,20.115766,23.498684,20.538820,22.071155,20.935410,25.162576,25.090129,23.706441,20.606842,20.498311,21.803032,26.287877,21.902654,24.749289,21.337445,25.062562,21.725358
UBND phường Khương Thượng,28.485705,29.822279,27.179462,28.189837,29.314011,25.319095,27.357159,30.266695,27.061054,26.481918,25.913933,29.914599,25.600499,26.832811,27.833001,25.409837,29.874408,24.956796,21.099855,29.534388,28.048136,30.805860,27.820303,28.997520,25.155296,22.793278,26.311446,28.143641,29.981508,26.853308,25.431826,29.645035,28.014209,24.689962,27.763887,26.571241,23.998073,27.193968,22.816733,28.413020,28.378555,30.480808,25.374335,26.968351,27.662980,24.084381,30.443169,28.670106,24.079710,22.826644,24.249419,23.878785,26.931140,24.081790,25.768761,26.217068,23.401370,26.750172,19.616578,27.878083,29.450728,23.778944,0.000000,25.351710,25.504965,23.621872,23.773758,32.719529,22.716572,28.263508,28.563248,23.616632,28.166985,28.784500,25.650053,25.358930,32.567360,30.380121,22.512557,23.213415,27.784614,24.404989,28.641427,30.420935,25.952896,29.426347,22.240880,27.175367,28.164987,25.548759,21.372345,25.476163,24.815412,24.404656,26.293648,24.304729,24.017283,23.644371,26.816735,26.955995,22.569284,29.156983,24.044756,22.868232,22.676790,24.176013,24.509025,27.404347,23.396239,22.019079,26.431784,27.460403,25.936988,24.530739,29.207825,24.449845,28.788889,22.508024,22.997369,27.162899,26.531583,26.908795,24.965348,25.385749,25.279004,26.849154
WinMart+,29.148892,23.505697,23.389512,24.104054,29.829161,25.801569,21.951285,25.524079,22.801095,23.304274,26.846408,23.810040,21.594967,27.644721,28.609866,21.603731,25.830636,22.817510,18.952775,22.683010,29.067431,26.401124,23.406341,29.922168,24.744017,20.105429,22.227752,25.762363,30.433285,28.275606,21.441592,24.952763,25.643089,23.347362,25.350853,27.715242,17.870040,21.718705,22.651793,24.366842,29.321485,26.201346,20.320794,25.646041,24.257170,25.844427,26.415350,26.283292,21.333659,21.131362,28.985233,24.431038,23.541879,18.663012,27.788707,24.743152,22.297854,24.636052,22.153227,24.034684,27.614044,18.177606,26.304830,0.000000,25.547397,20.729775,26.200493,29.073762,17.694798,24.704603,25.654403,26.196646,26.610760,27.013006,25.607735,25.448944,29.103014,21.654629,13.249701,18.542370,26.461036,24.779262,30.638699,27.163913,24.502736,27.684697,23.750233,25.576620,28.562762,22.075135,19.290905,25.296414,25.089149,20.857536,24.826523,22.548472,15.342398,24.348396,25.431125,23.168716,20.534415,27.543270,17.844910,21.076829,20.468137,22.185673,20.243487,26.162756,24.007752,20.983512,22.309102,21.964750,24.052413,22.801544,23.845538,23.160730,20.926038,18.666616,21.872872,24.816690,25.842398,21.547390,24.392844,21.382531,24.706132,22.836763
Siêu thị B11 Kim Liên,24.430420,25.687670,23.544060,24.365033,24.469671,23.016349,24.129865,26.159242,22.116030,25.359696,20.031101,26.800140,23.047406,22.309631,21.733324,24.706057,26.354592,22.010302,19.123685,26.680456,20.578868,28.123073,24.940552,25.177397,24.823034,20.283753,25.318918,26.290067,25.720483,22.928162,24.455079,26.974415,25.052048,19.880459,24.712480,19.878418,24.463848,24.317517,20.780397,26.034686,21.846248,27.777407,24.461766,26.127051,25.247839,19.858748,27.881190,25.924744,19.532103,23.308105,16.935277,15.040765,24.536917,24.564177,21.815783,23.351580,24.098729,24.004869,17.073498,25.300190,26.189518,24.134552,21.816029,25.447977,0.000000,24.110115,19.336264,30.220870,23.119914,26.041516,26.340913,24.351795,25.477930,25.775198,17.790682,16.432613,30.146658,28.423149,23.351193,23.698200,22.302139,25.147011,24.757263,28.369680,24.134702,26.601232,22.695635,24.976300,25.963863,25.509592,22.817426,25.585111,17.477429,24.822958,24.333475,24.335336,24.146439,21.770757,24.248208,22.422008,23.310150,26.520186,24.096263,23.332256,22.985652,24.332338,24.223244,26.478198,18.428829,22.404609,25.492715,26.377700,25.579865,24.545629,27.619373,24.369328,27.340597,24.913520,23.394052,26.158427,26.194415,26.062031,24.599924,24.994389,24.928420,26.073346
WinMart+,29.005604,30.463426,27.634000,28.702574,30.045164,22.030511,27.781482,30.951340,27.641919,22.232185,26.495074,22.590312,19.589850,27.342109,28.575335,20.385560,30.418899,25.600723,17.320004,21.609136,28.886822,24.960604,22.474449,30.033671,21.789869,18.239523,21.192292,28.584795,30.567828,27.875505,20.809666,30.086275,28.392434,21.157855,28.147357,27.362416,17.835738,21.072474,19.682010,28.764958,29.160148,24.836985,19.841127,27.367514,23.410499,24.933946,25.088023,29.043049,19.750976,20.482724,28.927935,24.309025,22.810238,19.361112,27.448198,26.537459,18.267050,27.070567,20.335344,23.356867,29.912832,18.005996,25.449645,23.521804,25.243008,0.000000,26.029774,27.512176,17.636365,23.840411,28.863108,24.568621,28.514069,29.194572,25.346424,24.017294,27.699978,21.153801,15.052397,20.503491,24.625731,23.383301,30.940175,25.983647,23.939482,29.825898,21.737876,25.001379,28.470034,18.826228,16.872848,24.222208,23.599711,18.564015,24.212774,21.362935,21.057613,22.827287,27.116758,23.745081,18.614123,29.525380,21.747960,19.654263,18.558120,20.706274,18.590758,25.619424,22.867885,20.201817,24.578105,20.852244,22.927556,21.627624,22.779593,22.466449,19.609479,17.544905,20.860633,24.262504,26.675397,20.457592,25.077539,23.527176,25.396457,22.069890
Cà Phê Big One,25.795124,27.357240,24.646109,25.612030,26.352090,24.569362,25.090686,27.908252,23.708246,26.844827,21.613103,27.882648,25.284782,20.528842,23.776645,25.964785,27.717355,25.606391,21.872119,27.657882,22.691089,29.118131,25.838307,24.857405,26.270979,24.949188,26.677571,23.705335,24.766140,23.486979,25.615068,27.907172,24.223371,24.160747,23.847567,22.587557,25.533344,25.344108,25.736520,26.817515,17.381004,28.823960,25.526299,23.687647,26.009635,21.667479,28.875555,25.207731,23.702552,24.138141,20.026235,19.117114,25.262175,25.813462,13.569493,22.300315,25.578468,23.227600,19.297103,26.316963,28.045301,25.341992,25.706795,26.663023,19.829579,25.912028,0.000000,31.483633,24.744189,26.774395,29.215261,26.093089,24.552043,24.713244,20.099354,20.573223,31.413344,29.254228,24.956798,25.038819,23.306230,26.831448,24.614511,29.137078,23.677683,25.638985,23.414620,24.802934,25.358458,27.016495,24.646273,27.149873,22.006595,26.364250,23.966837,25.764492,25.639606,22.791183,26.650365,23.227396,25.100671,29.720180,25.461852,25.057184,25.314019,25.898864,26.059368,27.778548,19.338642,23.765187,27.259944,27.714966,26.808906,25.927981,26.934565,25.605434,26.749541,24.593304,24.640695,25.777422,25.994603,25.821903,24.354657,24.958726,24.705087,25.975267
Trường Mầm non Đại Thanh,31.936198,35.622826,29.609634,30.505123,32.728695,29.214347,34.070139,33.403434,29.577770,30.538544,30.660899,31.525203,29.618891,29.743287,30.754872,28.840896,32.483563,30.155609,25.317846,30.582036,33.291375,32.300131,27.449248,30.749744,27.379841,29.216862,29.502488,31.292042,32.399887,29.540654,25.276390,24.721801,26.525547,28.774035,27.042024,31.621367,29.753553,26.520553,27.358620,29.145349,32.734119,16.615966,27.587892,30.860963,20.321451,28.151234,19.904001,28.048832,28.569202,19.474280,32.561785,30.652516,17.931563,27.982351,31.197260,28.729643,26.477981,24.989187,29.548611,27.333177,33.126397,27.898174,32.419796,28.605483,30.318339,27.538532,29.504086,0.000000,29.340886,19.031164,26.870894,31.015353,30.819389,31.872255,31.444720,29.901420,24.394111,22.624168,24.974140,24.542463,32.973118,32.144975,33.617785,21.374836,19.467990,32.440069,31.665584,19.068444,28.665615,31.874390,29.640353,32.195304,31.448137,31.120885,19.674817,29.200802,29.112700,31.052007,29.137596,32.271784,26.662383,28.786139,26.703602,26.493439,30.019487,26.987495,27.217029,32.242733,28.059998,25.985969,31.507397,26.575062,28.929665,27.525021,32.179035,30.200704,31.914437,26.086036,26.787169,31.652646,28.073922,31.069734,26.198596,30.310560,26.527917,26.578960
siêu thị 24h ninja mark,23.923518,24.231495,23.398771,27.653103,28.356178,23.916909,22.604707,29.123625,26.743741,24.114400,25.923043,24.351825,24.634868,26.615097,27.198416,22.593624,28.892699,25.271035,16.830853,23.458635,27.297618,26.521207,23.898436,27.786946,18.630538,17.374291,23.452904,27.655736,28.913261,26.471562,22.491321,25.234496,28.477255,17.522607,28.799271,26.341712,21.808726,22.530675,17.240402,24.654935,27.561799,26.343560,21.487554,26.748856,24.571519,24.814508,26.521110,29.694810,18.187939,22.009707,27.409994,24.750648,23.908160,18.727171,26.551887,26.170618,22.930496,25.732466,22.255964,25.888346,28.665092,20.413639,25.037323,24.634483,25.653161,23.059776,24.520420,29.022437,0.000000,24.959677,28.576181,24.601983,27.749430,28.199108,25.720445,25.581423,29.121245,24.610365,19.809071,18.895340,26.440250,24.008584,27.449159,27.191891,26.799828,28.725617,24.484429,28.188222,27.794612,23.465049,19.784989,24.417671,25.331278,22.096124,27.192620,21.914134,14.243874,24.758444,29.060495,26.569720,20.439219,30.918312,18.066034,19.972021,23.896429,20.895249,21.881652,26.607484,25.990976,20.177653,25.475973,21.521499,23.976306,22.064650,27.642122,22.997506,26.005542,21.411484,20.978462,22.845839,28.010777,23.189160,26.313131,22.177957,26.611045,22.845896
Trường Mầm non Tứ Hiệp (điểm Cổ Điển B),24.903160,25.588800,20.911075,25.099038,25.644165,23.584581,23.327797,26.440537,24.636553,23.618113,24.979532,23.965456,24.246329,24.899496,25.155697,23.120964,26.573213,25.153002,22.212973,24.160443,26.812142,20.015096,22.457468,25.837258,23.025875,24.780785,23.819739,26.644610,26.959990,25.105966,21.044700,18.625164,21.281879,23.993709,21.835300,26.184517,24.314389,21.859979,23.416026,22.003002,27.294554,19.707636,23.111008,26.532249,15.639706,24.414677,20.564464,21.834938,24.470897,19.665365,27.008014,26.124687,11.621153,24.065220,26.579690,25.558973,23.172306,20.778720,26.097822,22.477031,28.173982,23.997362,27.258724,24.602747,26.296444,23.915921,25.294065,18.700489,24.775204,0.000000,22.149308,26.982906,27.320617,27.795082,26.746509,26.006341,15.408023,20.790738,22.103242,23.574558,28.167458,27.609002,28.116274,13.496091,17.304352,28.387085,27.187781,16.042714,25.759700,27.616862,26.362495,27.641950,27.466139,27.125528,17.293379,23.679587,21.752506,27.140041,26.117664,27.826988,23.589673,24.246381,24.283215,23.388001,26.360960,23.738880,23.981619,27.855949,25.037253,23.775429,27.515519,23.603282,25.987097,23.884742,28.240669,26.709822,28.063148,23.362780,24.699491,27.731475,25.908962,27.501879,24.480614,26.988978,24.792234,23.829932
WinMart+,31.032643,33.042409,26.899456,24.848177,31.303148,28.837886,32.773037,25.340785,29.093883,29.740278,29.926357,32.466989,29.069387,23.521230,29.892992,30.242904,25.179997,29.503941,25.982301,31.533581,31.898678,30.396904,28.663536,29.891380,27.947760,28.831475,30.123570,24.940800,26.307614,29.051749,26.255962,30.018316,22.811768,29.170297,24.010065,30.624906,30.111440,27.174416,27.837182,26.818192,31.594706,31.923386,28.361902,23.399039,27.293713,27.922389,31.729207,25.162824,29.197143,27.909949,31.277675,30.002414,26.358444,28.531990,30.598772,20.027973,27.027219,26.139514,29.105296,27.726921,25.153633,28.327651,31.133229,28.935913,29.819666,27.699951,28.558105,34.587510,29.399850,27.504709,0.000000,28.068748,25.497411,23.699025,30.528591,29.312918,34.076176,30.913311,28.115753,26.962803,31.610624,30.976628,32.045079,31.455293,22.906884,23.210675,30.554391,25.341877,19.519338,30.775481,27.446610,30.966723,30.541121,30.115032,23.414354,27.487584,26.480910,30.198553,20.761525,31.027297,27.482774,23.807733,25.092149,27.318191,28.077535,27.816353,28.002057,30.994827,27.998022,25.536612,30.410710,27.277306,28.320916,27.680141,30.369369,27.825507,29.929861,27.765834,26.502013,30.536872,24.267353,28.854922,22.669738,28.090045,23.101088,28.162571
Không có tên,28.243691,29.965930,26.786930,27.986480,29.455350,24.423698,27.055665,30.645208,26.572325,25.958453,25.085795,30.094703,24.679676,26.362807,27.488677,24.746545,30.080362,23.659546,19.655019,29.637840,27.720374,31.130724,27.641761,29.083474,26.185526,21.277004,25.907026,28.012396,30.235606,25.745739,24.911727,29.765977,27.883295,20.681403,27.591055,25.684315,24.835358,26.951449,21.831301,28.345537,28.215250,30.747309,24.838982,26.649574,27.496981,21.646741,30.688913,28.638922,24.474338,23.461607,27.926240,22.122763,26.681494,24.538902,26.215750,25.857019,24.041873,26.468943,14.159109,27.750881,29.550981,24.172687,20.575094,25.624544,23.261175,24.304666,24.758302,33.324629,23.267616,28.187283,28.529216,0.000000,28.069747,28.771237,23.433375,25.689750,33.115296,30.552739,23.258098,23.707084,27.328029,25.216893,30.613877,30.616148,25.707900,29.507513,23.827923,27.017434,28.083500,25.862948,22.486209,25.872374,25.298291,24.959642,26.069056,24.632797,24.410694,24.420938,26.567618,26.850206,23.355536,29.196192,24.372014,23.487970,23.513122,24.608214,24.890423,27.162734,23.996436,22.486107,26.467411,27.307507,26.028809,24.854593,28.673955,24.682478,28.349255,23.087482,23.423348,27.047534,26.403129,26.861419,24.779675,25.580244,25.114318,26.811678
Quan an Nam Nhu 1,33.498702,36.266658,29.393800,24.334070,26.458459,30.840649,36.775859,25.087227,24.936812,32.179745,25.112836,35.901381,25.476779,22.655821,25.503692,32.458319,24.800024,25.674965,22.936592,34.381717,27.232932,33.261631,31.080982,26.355951,29.640747,25.163841,32.293901,21.484690,24.429087,25.494636,28.118169,32.580030,27.021514,30.941169,27.966864,24.928395,32.160578,29.143597,29.268718,29.138125,24.797280,34.481454,30.043035,19.880692,29.093054,24.605900,34.041371,31.235839,30.728154,29.302286,25.461126,24.031660,28.157735,29.955178,24.086730,15.077793,28.196362,22.040091,22.654177,29.323207,21.732850,29.685026,26.122952,30.274296,24.887790,28.809413,23.822415,36.869329,30.858417,29.112640,22.583539,25.949114,0.000000,17.831674,25.284526,24.644946,36.083211,32.204112,29.120850,27.903239,27.110292,26.533479,26.656067,33.085716,23.319930,14.964740,26.098823,25.137350,15.330482,26.571053,28.305138,26.575242,26.420556,26.083461,23.715475,28.322991,27.332398,26.083280,16.082760,26.780851,28.349442,21.063773,25.789899,28.202831,25.326691,28.749664,28.899889,26.819693,23.718978,26.129199,26.494851,28.057741,29.175655,28.494937,27.255018,28.436405,30.752772,28.475131,27.120532,26.719104,23.280811,29.626865,21.909159,28.768306,22.204448,28.833577
WinMart+,26.738596,27.956881,25.448702,25.521940,28.318708,26.002057,36.533300,26.998052,26.009669,27.351396,26.479731,35.839788,26.845548,23.317591,26.821749,26.486137,26.785792,27.037725,23.480941,34.652328,29.055800,33.771326,31.942726,27.789230,27.053638,26.303469,32.727543,21.943903,26.518350,26.685764,29.188683,33.186723,24.004640,31.623469,23.333661,26.106463,32.697056,30.124678,26.596085,30.297357,25.996517,34.693041,30.834904,19.470947,30.151377,25.520501,34.339554,32.419711,24.705431,30.155427,26.728817,24.883586,29.340224,25.671723,24.995762,11.653965,25.827929,26.538037,23.167229,30.197717,22.806211,30.492841,27.450202,26.145633,25.813429,24.649167,24.750234,36.670869,31.475049,30.128077,23.846398,27.001748,18.081941,0.000000,26.381969,25.512706,36.033541,32.729994,26.111631,28.780501,28.474216,27.771205,28.114258,33.565399,25.043800,20.790259,27.271357,26.994116,11.682662,27.746720,26.182343,27.827901,27.528309,27.147182,25.504694,26.213780,26.156554,27.143037,16.234025,28.028210,26.101000,22.645402,25.861371,25.798250,26.241779,26.461652,26.628253,28.058563,24.371781,27.012781,27.601451,27.674680,27.007938,26.403385,28.430807,25.841571,28.223069,25.320332,25.398863,27.823785,23.851015,27.520292,22.359611,26.914527,22.670381,27.252177
Taste Tea,26.333072,27.839956,25.111677,26.189118,26.950001,24.993150,25.547455,28.484961,24.229152,27.292767,22.020006,28.528382,25.830241,23.962879,24.420853,26.375223,28.352673,22.915304,22.159899,28.224166,23.464360,29.748511,26.282864,26.069183,26.657802,25.482170,26.951121,27.827665,27.795327,24.133553,25.816266,28.440707,26.286375,20.548077,25.962681,23.595308,25.833203,25.646153,21.550935,27.214722,20.796393,29.415235,25.817531,27.571179,26.378125,21.264310,29.430339,27.135594,20.111374,24.424588,20.801699,16.479370,25.590613,25.024871,20.216067,24.405550,24.659109,25.059362,18.153117,26.541905,27.706608,24.611276,23.387937,26.004065,18.234286,24.775955,17.940703,31.981175,23.656474,27.139839,27.329878,25.068831,26.631187,27.116475,0.000000,19.321463,31.790128,29.648223,23.941293,24.217024,23.957308,25.973248,24.212027,29.590902,24.806956,27.924320,23.905708,25.889486,25.898183,26.209312,23.400238,26.355231,21.064585,25.496995,25.135026,24.849147,24.672432,23.010149,27.071660,23.468920,23.961032,27.742215,24.567568,23.912798,23.685053,24.905006,24.802035,27.107403,17.157560,22.858598,26.101020,26.846030,26.073237,25.065890,28.092012,24.803661,27.810731,25.395319,23.868554,26.728823,26.186772,26.563946,24.565972,25.527269,24.904828,26.517380
WinMart+,25.913261,27.047611,24.919713,25.786973,26.182679,22.666643,25.293235,27.480726,24.087004,24.020899,22.768373,27.780591,22.644543,24.308590,24.169592,23.249316,27.542510,21.610377,18.954763,27.581893,24.097123,28.890544,25.939797,24.301232,24.497255,20.086280,24.214485,26.135722,27.466675,22.202024,23.561842,27.803513,26.263274,24.743702,25.971032,22.774012,23.562744,25.371312,20.579983,26.813545,21.025096,28.621390,23.578628,25.019419,26.076616,19.486635,28.678396,27.017810,24.397778,22.573229,18.358572,17.567683,25.383619,24.446185,20.738456,24.576400,23.986284,25.156714,21.332230,26.188604,27.489151,24.121949,21.018322,25.409818,20.019712,24.021163,18.984088,30.857526,23.077599,26.770066,27.216986,24.109958,26.565483,26.987823,16.601069,0.000000,30.752110,29.061743,23.268468,23.672566,20.968743,24.828015,22.988550,28.948259,24.888040,27.711488,22.078219,25.863890,25.365633,25.433307,22.580252,25.307512,16.090310,24.624296,25.194871,24.325256,24.131253,19.243389,25.322730,20.801655,23.234419,27.560391,24.108077,23.288318,23.121675,24.305033,24.392900,26.184147,18.386175,22.403475,25.716760,26.601229,25.607417,24.547420,26.728442,24.401054,26.496759,22.784022,23.400739,25.204400,25.910396,25.311029,24.410256,24.291564,24.733335,25.495713
WinMart+,32.776477,36.668050,30.351167,31.168661,33.547802,29.978618,34.973195,34.151573,30.197540,31.502870,31.338922,32.539666,30.302072,30.414221,31.435234,29.651372,33.089000,30.745987,25.880237,31.467209,33.939520,33.964521,28.322977,31.287111,28.008529,29.773569,30.284061,31.837557,32.938138,30.076380,26.067856,24.089015,27.130580,29.403305,27.615178,32.203207,30.440119,27.287798,27.916456,29.891766,33.275565,28.703939,28.223381,31.382066,19.508340,28.636961,28.834525,28.704506,29.135725,24.078342,33.101101,31.164166,16.862736,28.527170,31.716041,29.171452,26.975849,25.520839,29.940809,27.249312,33.608038,28.426604,32.955750,29.118117,30.779495,28.057786,30.036237,23.722140,29.930068,16.142006,27.406434,31.457313,31.230806,32.329750,31.930855,30.336067,0.000000,23.444100,25.437094,24.717198,33.387441,32.561359,34.147386,17.661707,18.424256,32.870956,32.107802,17.501617,29.066332,32.265322,30.009323,32.672769,31.835769,31.517086,18.583778,29.070994,28.999180,31.440147,29.538605,32.729162,27.061175,29.239738,26.759059,26.950600,30.447943,27.456643,27.677255,32.689931,28.463442,26.061351,31.933480,27.007074,28.817838,27.406243,32.574414,29.961334,32.303025,26.487804,26.796669,32.013284,28.269872,31.423502,26.375468,30.627457,26.698804,26.965997
Trường Cao đẳng Hà Nội,28.820419,29.905732,27.677593,28.338457,29.137679,27.201812,29.697887,29.671047,27.721397,27.653789,28.274215,28.195541,27.558736,27.862051,28.309225,26.905428,29.579033,28.136046,24.958022,27.944416,29.956931,27.509486,15.635404,28.597780,17.970282,27.676177,17.766090,29.132940,29.713056,27.916103,16.758262,24.325364,25.796976,18.673796,26.181551,29.122131,18.200939,14.818115,18.825638,27.344149,30.032586,16.690351,17.780269,28.901738,21.996084,27.067659,16.014000,26.767143,22.988400,18.016364,29.784594,28.775900,20.862513,22.806833,29.116641,27.599375,19.130045,24.727206,23.062319,15.613591,30.514879,24.222467,29.822512,23.441284,28.678528,22.918736,27.862773,22.477178,24.610805,21.391677,26.101155,23.810572,29.188469,29.794132,29.349671,28.438517,23.893539,0.000000,23.615211,20.726258,30.471070,29.935767,30.630923,22.676436,20.529626,30.276286,29.541596,20.405980,27.631757,24.461157,23.236218,29.935954,29.684004,23.815213,20.728819,26.167032,26.048399,29.381278,27.986814,30.052769,23.392381,27.614109,22.717813,23.170854,24.394451,23.561292,23.855224,25.389209,27.145943,21.811503,24.967525,25.232789,25.475363,24.554856,25.799768,26.479181,25.058948,23.257283,23.575586,23.907108,27.561853,24.118849,25.946572,23.688930,26.243390,23.820102
TK mark,26.315923,27.067585,25.492198,26.169286,26.389234,21.002087,19.341060,27.298754,24.919122,19.395241,24.003509,20.042103,17.788128,25.048610,25.059473,18.123677,27.433439,23.105016,16.228328,18.996386,25.150872,22.592704,20.366619,25.338118,18.266022,16.854941,18.097995,26.365827,27.357761,23.893505,18.271157,21.747882,26.446131,16.745024,26.211599,24.091892,15.225306,18.880836,16.391292,21.803688,25.603800,22.552965,17.450960,25.469703,21.627513,22.218607,22.893016,23.274376,15.427775,18.298218,25.321681,22.570876,21.123459,13.100574,24.706233,25.042476,16.367788,25.517838,19.277744,21.483786,27.425552,15.348233,21.804442,12.667720,23.436105,18.506047,22.566982,24.995032,13.622705,22.108431,23.184261,20.416853,26.679898,27.034080,23.498904,23.155310,25.252066,19.536821,0.000000,19.451465,23.149908,20.690012,25.440081,24.073801,22.718100,27.610827,21.170729,23.458226,26.837826,17.877813,14.977898,21.109755,22.793264,17.844014,22.937010,20.035257,19.720011,22.200172,25.630890,21.073153,16.919632,27.491040,20.679986,18.199972,17.886509,19.156679,17.028326,19.425705,22.392469,19.397722,20.049126,19.615675,21.586045,20.352948,21.856876,21.510940,19.448861,16.415637,20.034596,18.335977,25.914380,18.137359,24.529513,18.298926,24.826382,21.070344
Hội đồng nhân dân - Ủy ban nhân dân phườ,22.663104,22.639791,22.323907,23.188300,23.274482,22.379329,21.290685,24.009182,22.593117,22.250358,23.078486,22.801972,23.260985,22.877942,24.462829,20.748484,24.445098,17.655245,15.104926,21.690651,24.540152,25.419014,22.630961,24.574689,16.392514,15.604489,21.073170,24.551224,24.976544,23.628063,20.612982,24.147024,24.658575,14.964003,25.074822,23.785334,19.302022,21.002558,14.674076,23.740728,24.882606,25.263858,19.579452,24.506319,23.611956,22.515718,25.520073,25.535496,14.527152,20.405617,24.662386,22.729753,22.955721,15.884301,24.278115,23.952788,18.684956,22.439797,20.589214,24.855345,26.017360,16.459384,22.220160,17.391357,23.338294,17.954464,22.645439,28.042409,17.910981,24.071125,25.063228,21.496229,27.662692,25.667662,23.385538,23.144004,28.141354,23.566790,18.278676,0.000000,23.083839,21.549498,24.768110,26.402926,24.087823,27.104790,21.841769,25.082758,25.209661,20.439684,18.542109,21.768669,22.894287,19.979116,24.384825,17.767474,15.216719,22.494383,26.079074,21.685373,18.520569,27.630194,14.795875,18.079164,20.940531,18.969263,19.221452,22.884289,23.573680,15.574894,22.055371,19.289186,18.100270,20.062452,23.658971,16.760226,22.184623,19.548175,17.705637,20.705808,26.373325,20.639929,24.883578,20.269274,25.190959,20.625748
Trung tâm Công nghệ Phần mềm Thủy lợi,27.712765,29.190278,26.410909,27.492742,28.604202,24.466184,26.694093,29.775094,26.096319,25.835305,24.726936,29.492753,24.703640,25.968462,26.751604,24.755395,29.437821,23.795303,19.978617,29.122481,26.891149,30.521036,27.275350,27.855085,26.105462,21.578188,25.777322,27.593358,29.531204,25.630880,24.865818,29.273104,27.527468,20.934090,27.245898,22.719359,24.840280,26.652116,22.068741,28.000614,27.413799,30.186095,24.844085,26.337115,27.200629,22.163275,30.159408,28.262353,20.385982,23.526952,21.981997,21.166516,26.433856,25.705154,24.765147,25.636774,25.375825,26.222456,18.385113,27.441346,29.038327,25.128974,25.288320,26.884215,23.662726,25.762318,22.233665,32.645623,24.293754,27.875135,28.227839,26.049458,27.739066,28.355629,23.985677,18.481242,32.430880,30.164804,24.554840,24.731027,0.000000,27.316702,27.290327,30.181705,25.568451,29.070269,24.045621,26.804346,26.592654,27.512436,24.056797,27.761197,23.481777,26.478366,25.913390,25.604024,25.414412,22.908528,26.330671,23.566004,24.727890,28.806401,25.196816,24.622123,24.938036,25.730126,25.994385,28.586166,22.583250,23.277338,27.691146,28.130199,26.940656,25.817025,28.545773,25.394409,28.236475,24.088355,24.288674,27.083780,26.288979,26.876076,24.714354,25.699934,25.037784,26.797398
WinMart+,27.523417,28.773283,26.340786,27.301819,28.171800,24.285264,26.598177,29.243949,26.017123,25.494462,24.810343,29.134284,24.451789,25.920160,26.524429,22.248896,29.054334,23.674220,18.570023,22.898018,26.659757,30.110195,27.137780,27.368320,24.044982,21.734805,22.550253,27.413736,29.106067,25.064112,22.060993,28.977910,27.374099,23.336738,27.113577,25.159655,22.891715,22.220730,20.721830,27.831569,27.124547,29.807566,21.345892,26.262608,27.084090,22.319738,29.801878,28.067280,22.472532,21.786198,26.898080,22.790708,26.369866,22.060689,25.692529,25.625279,20.657464,26.174216,17.545739,27.280985,28.743549,22.308713,21.873561,23.262085,24.070743,20.004984,22.932317,32.075276,20.762955,27.721562,28.074241,18.700292,27.585385,28.138990,24.209750,23.751414,31.899463,24.787587,19.822032,21.497050,24.363171,0.000000,26.952079,29.881027,25.561689,28.806242,20.721331,26.706638,27.661039,21.321640,17.219780,20.677713,23.249772,11.471095,25.890702,22.681461,22.277223,22.341186,26.276284,20.746166,19.534132,28.578671,22.739284,20.583530,19.434512,22.099133,19.313197,16.738585,22.528848,20.756403,22.271386,21.867730,24.728910,22.955148,24.403838,23.407747,20.445638,17.747107,21.662208,19.390446,26.265223,21.325594,24.727409,21.110692,25.045579,23.001940
Không có tên,28.512171,30.493927,26.921475,28.282380,30.098168,27.175973,27.214814,31.360516,26.784288,29.625027,24.449686,30.575889,28.445677,25.968559,27.957141,28.298466,30.608183,28.612259,23.561856,30.031709,27.227755,31.651055,27.843213,28.741329,28.500061,27.498045,28.876703,29.620693,30.197980,25.249514,27.389652,30.145523,27.717445,25.763326,27.404378,28.944258,27.355213,27.088315,27.884695,28.563180,23.824405,31.220295,27.322188,29.250564,27.658216,23.139168,31.125410,28.525764,25.259308,25.577385,26.968406,23.054614,26.786421,27.598977,24.477679,25.606136,27.494746,26.254837,20.157910,27.923772,29.474798,26.791479,29.715764,28.772246,22.069785,28.045635,20.096699,33.961710,26.178953,28.380232,28.433934,28.489422,27.934744,28.656266,17.652464,22.501705,33.671747,30.848044,26.699801,26.519519,25.438820,29.874027,0.000000,30.965027,25.549183,29.439305,25.159545,26.887375,26.662566,29.698290,26.569664,30.149283,23.792675,28.704403,25.915326,27.341148,27.205817,24.377359,26.374610,24.698785,26.950157,29.118128,26.767945,26.641221,27.281582,27.653052,27.875273,30.487559,20.519863,24.798255,29.541243,29.508031,28.512312,27.546001,30.811291,26.797216,30.480897,25.974616,25.868545,29.791696,26.543802,29.238645,24.853691,28.148902,25.192873,28.801865
Cafe Dinh,28.561282,30.123388,27.309189,28.085882,29.123202,26.728285,30.043799,29.777269,27.366288,27.292456,28.015589,28.099305,27.181718,27.757871,28.088281,26.368222,29.557674,27.853326,24.437918,27.822210,30.023908,27.170623,25.654703,28.400948,25.611661,27.302486,26.890434,29.251581,29.688184,27.583966,23.781177,22.474495,25.365753,26.692651,25.822839,28.997312,27.291611,24.768979,25.783858,27.122894,30.074913,24.428581,25.756133,28.975644,19.053762,26.625416,24.894814,26.377000,26.980782,22.372393,29.768141,28.612174,16.934310,26.466355,29.164365,27.471898,25.292448,24.199396,28.079687,24.546670,30.784856,26.335284,29.799321,26.936744,28.584833,25.992077,27.554237,21.584990,27.228163,13.377294,23.577686,29.030533,29.267678,29.982628,29.213394,28.163671,17.085921,22.419281,24.030144,25.482764,30.485834,29.863962,30.728769,0.000000,16.404363,30.521855,29.430956,14.188743,27.514116,29.751186,28.284924,29.879200,29.547280,29.144129,16.344308,27.400417,23.523443,29.203928,24.249008,29.996294,25.400120,25.686819,25.356566,25.210908,28.263055,25.618020,25.837547,29.999356,26.965004,24.843773,29.500723,25.332903,27.102938,25.659350,30.148055,27.935452,29.934017,24.967069,25.691912,29.671733,25.028659,29.284325,23.687914,28.727630,24.004994,25.408119
Trường Trung học cơ sở Yên Mỹ,28.195497,28.765758,25.575460,24.405189,28.278347,26.909295,28.222547,24.468123,27.321619,27.181620,27.724336,28.416051,27.164135,23.473541,27.727942,27.679371,24.417830,27.636708,25.329456,28.188649,28.986588,27.422467,26.562427,27.990894,26.460736,27.302940,27.472242,24.269970,24.946347,27.487441,25.199078,27.367445,23.007476,27.246434,23.622523,28.387389,27.692429,25.820644,26.549516,25.484980,29.154016,28.572518,26.748163,24.220392,25.895259,26.834870,28.619035,24.005853,27.522965,26.648927,28.890697,28.229928,16.489706,27.105209,28.626724,23.534413,26.151062,19.584931,27.920251,26.340923,26.529419,26.967334,28.942667,27.415002,28.270581,26.586729,24.927555,30.368652,27.496473,16.190880,23.368174,26.988317,26.661312,25.831388,28.624282,27.939858,16.948875,28.860332,27.043527,26.212506,29.518565,29.100336,29.563537,16.249665,0.000000,25.802812,28.776307,12.273401,23.442851,29.060047,26.670266,29.084510,28.956539,28.628795,10.969321,26.555269,25.801290,28.706489,24.293751,29.193001,26.613244,26.219449,24.817490,26.432189,27.119683,26.790094,26.966701,29.193138,27.064461,25.250156,28.882316,26.472789,27.212149,26.777945,28.897344,27.023362,28.465875,26.914944,26.036193,29.052979,25.154210,27.727400,23.666206,27.229463,24.009701,27.254066
WinMart+,34.797085,37.751393,30.809543,26.364066,28.847564,26.568924,38.573550,27.821753,26.565991,33.534524,27.150321,37.551995,27.418151,24.364702,27.358100,33.759016,27.796552,27.579352,24.104376,35.889879,29.500449,34.812573,32.512982,28.239637,30.798364,26.850413,33.577673,23.890285,27.676917,27.197588,29.361837,34.053525,29.291763,32.136182,30.094023,26.698997,33.449403,30.440643,27.047531,30.590871,26.644517,35.931050,31.227488,21.916009,30.354042,26.025386,35.425069,34.062205,31.874095,30.395164,27.245980,25.456002,29.393564,31.062177,25.633895,15.338602,26.263693,25.296491,23.693032,30.494175,25.765172,30.774400,27.874661,31.357341,26.292580,29.797230,25.345994,38.221355,31.968416,30.323106,24.222562,27.345915,22.136851,20.825215,26.857878,25.963197,37.356418,33.283688,30.091299,28.848019,28.801304,28.123913,28.500421,34.286291,25.344738,0.000000,27.648000,27.607643,13.864335,28.080000,26.556025,28.167889,27.869444,27.478691,25.885864,29.226251,28.243465,27.494093,14.101002,28.343561,26.447980,22.736863,26.634855,29.134800,26.591511,29.700383,29.845722,28.368411,24.827937,26.942345,27.906949,27.933655,30.102386,29.408286,28.680731,29.269681,28.471353,29.348399,27.954770,28.117121,23.958983,27.792648,22.368431,27.203831,22.705168,29.699143
Coffee Cây,28.063253,29.333262,26.864486,27.835857,28.828437,25.009987,27.078174,29.797347,26.693056,26.140299,25.565556,29.572060,25.258584,26.527311,27.356150,25.158853,29.510621,24.597380,20.942706,29.229201,27.541451,30.480910,27.566680,28.373108,25.037602,22.554642,26.005590,27.868830,29.594047,26.276295,25.187032,29.359626,27.771550,24.574169,27.521476,26.120069,23.914610,26.961820,22.740764,28.181816,27.907771,30.171552,22.468443,26.728493,27.450561,23.653465,30.144995,28.427248,23.981441,22.779521,21.826547,21.294758,26.742050,23.966932,23.881789,26.029064,23.291800,26.556997,19.342111,27.661159,29.151003,23.695023,23.687418,25.172395,22.852916,23.449982,22.053421,32.383908,22.608285,28.057005,28.367894,23.425282,27.947768,28.527622,23.060577,22.183116,32.212759,30.155828,22.440398,23.135313,21.517961,24.113940,26.803816,30.174361,25.823256,29.163872,0.000000,27.012231,27.971318,25.267760,21.323822,25.093390,21.378357,24.222365,26.151689,24.147367,23.879453,19.071668,26.633999,17.139590,22.484072,28.920839,23.929656,22.760756,18.523975,24.024672,21.124413,21.048820,17.680884,21.981476,21.814870,24.359321,25.743937,24.385421,25.352839,24.327331,25.143917,19.929308,22.935201,23.059274,26.440035,23.770105,24.892210,22.498254,25.204855,24.403994
Trường Mầm non Tứ Hiệp (điểm Đồng Trì),30.585613,31.768591,27.492279,25.942147,30.795563,29.046995,31.002959,26.417515,29.279487,29.635890,29.865887,31.048775,29.266051,24.750148,29.917989,30.051530,26.339527,29.621845,26.547224,30.557652,31.300088,29.687589,28.506757,30.006705,28.420199,29.064841,29.904288,25.994733,27.195736,29.268238,27.132626,29.511765,24.984906,29.354196,25.653451,30.483224,30.008700,27.805086,28.324021,27.268809,31.188697,31.057512,28.750642,25.873203,16.031611,28.369616,30.989010,26.597166,29.188911,28.329105,31.072577,29.984680,15.102734,28.758304,30.321629,24.963499,27.605387,20.657742,29.333003,28.305168,28.616166,28.683571,31.071442,29.165306,29.815283,28.314978,26.532658,16.503512,29.576915,14.497956,25.844786,28.654626,29.028512,27.987274,30.499598,29.549655,15.598939,18.284265,28.549651,27.614739,31.557441,31.029996,31.810833,13.915350,12.466058,28.162014,30.721457,0.000000,24.954889,30.901593,27.891900,31.058609,30.640146,30.423206,11.873348,28.140076,27.313107,30.364960,26.062282,31.135797,28.174587,28.910331,26.121286,28.036677,28.711601,28.459146,28.631320,31.123391,28.279988,21.379542,30.690685,28.014130,28.888238,28.369962,30.669792,23.301823,30.256288,28.452643,27.240505,30.831290,25.968252,29.390946,24.268307,28.687042,24.628185,28.803606
Trường Mầm non Lĩnh Nam (cơ sở 2),27.568346,28.488067,24.661517,21.387699,23.153353,22.268189,28.124712,21.594545,22.328089,26.491360,22.145151,28.055875,22.574847,20.037570,22.677423,26.923289,21.150107,22.794368,20.822357,27.638222,23.982422,26.883751,25.848131,23.462986,25.404059,22.483042,26.694856,18.393637,20.638014,22.789428,24.064670,26.666465,21.834642,26.232215,22.525989,24.040843,26.784936,24.709006,22.943931,24.477661,23.948524,27.850801,25.627543,17.094110,24.941097,22.179603,27.809259,23.016328,26.346564,25.396315,23.877560,23.270416,24.375019,25.859583,22.843486,13.868499,22.582809,18.828197,20.653775,25.123643,17.783242,25.685823,24.911134,26.145189,23.512604,24.605361,23.240718,29.688137,26.332875,25.058455,18.334674,24.758380,15.535181,14.745392,23.825053,23.284051,29.466900,27.622477,25.603707,24.723598,25.700420,25.233473,24.712844,27.880466,21.371693,12.801065,24.858646,22.574970,0.000000,25.260499,24.243435,25.238355,23.448185,24.846850,21.606751,25.061432,24.275982,23.522523,11.928396,25.400764,24.119740,15.777097,23.206191,24.921520,24.188845,25.293531,24.512035,25.420513,22.442256,23.589998,25.158877,25.303631,25.692830,25.217446,25.799212,25.399401,25.650104,23.529534,24.366515,25.348130,21.153717,25.183247,20.103901,24.749061,20.372507,25.021443
Chợ Nhân Chính,27.598888,28.649388,26.519286,27.381240,28.102807,24.745938,26.741456,29.030451,26.273872,23.861346,25.241351,24.170123,24.929166,26.165703,26.722455,21.959351,28.917908,24.336820,18.383294,23.444244,26.881494,29.892773,23.813348,27.462480,23.566473,19.067175,23.143470,27.465417,28.960105,25.674731,22.554149,28.877062,27.420705,22.847958,27.181276,25.639196,22.178795,22.659696,20.313634,27.836413,27.253261,29.620985,21.841701,26.420529,27.153100,23.461648,29.620794,28.794789,22.007269,22.247601,27.057560,23.639727,26.492640,21.506162,26.017802,25.813819,20.092970,26.314346,19.828046,25.495663,28.658882,21.345345,23.390987,22.434539,24.747524,19.303004,23.512657,31.671189,22.175743,27.733048,27.860462,22.023736,27.614437,28.120105,24.848378,24.558079,31.527271,24.420632,18.048430,20.403606,25.354862,21.928306,27.068690,29.728620,26.301344,28.729796,22.581883,27.534302,27.683113,0.000000,14.404602,21.069202,24.187608,17.944276,26.660431,21.527331,21.083207,21.064520,26.400745,20.486666,16.153350,28.525943,21.901506,19.123500,16.784215,20.585342,16.432470,21.319071,22.337504,20.062706,21.328822,22.054532,23.683320,21.849914,24.287471,22.736769,19.191103,17.141219,20.867983,18.108303,26.319316,20.518046,24.824954,20.368988,25.131986,22.101307
Cục Sở hữu Trí tuệ,24.839169,25.412410,24.250703,24.749753,24.678570,22.395675,21.743124,25.573385,23.476336,22.194120,22.644407,22.774267,22.355232,23.838101,23.405122,21.283401,25.855092,21.757799,17.800956,22.077565,23.397963,24.548952,22.650273,23.384696,21.100360,18.169637,21.409518,25.180852,25.713412,22.137674,21.135476,23.701112,26.314258,20.452786,25.136252,22.502207,20.593566,21.371538,18.662228,25.253664,23.876159,24.351546,20.525819,24.403879,23.358898,20.802034,24.564645,27.159050,18.586989,21.050838,23.610275,21.305893,22.875849,19.359179,23.346751,24.152058,18.272086,24.599763,18.379909,24.065709,26.125917,19.713285,20.242974,19.432804,22.061073,17.400305,21.470611,26.225415,20.189754,23.704181,26.533937,18.879347,25.643061,25.860351,22.020520,21.625903,26.356321,23.147105,16.939836,18.892109,21.218778,24.012148,23.810117,25.423024,25.361014,26.413751,22.020099,26.134948,25.890674,14.670274,0.000000,22.495826,21.286232,15.545846,25.544749,19.038554,18.738586,22.633342,24.738519,22.694489,12.733197,26.372636,19.859901,14.243060,16.425450,18.043254,13.795243,21.902307,23.290000,18.774866,20.204322,16.963851,20.507816,19.373341,22.598406,20.760888,18.400728,14.434960,19.306195,17.894842,25.403793,16.614944,24.136624,17.003589,24.422005,18.862341
WinMart+,28.631339,30.199687,27.267492,28.397010,29.799306,25.288477,27.478768,30.810164,27.234081,26.595043,25.971008,30.282537,25.627221,26.965951,28.181160,25.407416,30.276807,24.909136,20.742403,29.845557,28.481480,31.212899,27.989836,29.719741,24.475105,22.521680,26.420365,28.354887,30.428348,27.195887,25.446090,29.950520,28.184360,23.949682,27.918583,26.783053,23.426429,27.305076,21.996233,28.594682,28.827747,30.855401,25.366835,27.084185,27.795891,23.861976,30.792280,28.871199,23.315029,22.359684,28.572487,23.526691,27.019859,23.169590,27.006097,26.272826,22.347974,26.831072,18.394025,28.009413,29.768049,23.086528,24.050576,24.244077,24.540563,22.355379,25.545650,33.223422,21.961114,28.429183,28.724456,22.072483,28.337098,29.031592,24.668476,22.838135,33.035797,30.625811,21.555457,22.480721,24.432904,21.972845,30.812779,30.708482,25.964948,29.699329,19.460170,27.236170,28.317152,20.273535,20.187673,0.000000,22.348071,19.476584,26.319305,23.519536,23.233176,20.670438,26.898830,19.610143,22.741232,29.397089,23.433793,25.201435,17.539278,23.267899,21.307311,23.759637,23.317965,21.517100,22.496453,25.587327,25.143941,23.519674,25.570785,23.917641,22.793686,19.786801,22.413918,22.396716,26.552877,23.497946,24.948057,21.950895,25.270873,24.375274
Kho bạc Nhà nước Đống Đa,26.373107,27.377033,25.411446,26.229197,26.658692,23.499550,25.721925,27.762747,24.804204,24.655474,23.675112,28.012726,23.574721,24.921868,24.999621,23.894878,27.826589,22.799770,19.949792,27.812303,25.061922,29.016050,26.287221,25.348355,25.233096,21.232259,24.711931,26.489268,27.767976,23.752856,24.070262,28.005174,26.559789,24.861130,26.299302,20.691561,24.185596,25.740494,23.345565,27.053192,19.484061,28.759577,24.092298,25.443436,26.359239,21.439294,28.801130,27.251960,24.454498,23.158310,21.174255,20.684494,25.709351,24.518156,19.003876,24.967490,24.010974,25.504788,20.980660,26.463349,27.728987,24.146465,23.071039,25.622630,22.189246,24.115706,17.869207,30.828642,23.069257,27.001171,27.395871,24.221896,26.824487,27.251498,15.631996,14.235970,30.722466,29.140375,23.215661,23.674443,19.685433,25.119845,22.295346,29.037531,25.124399,27.907642,21.654758,26.087885,24.333453,25.778264,22.429559,25.716203,0.000000,24.806216,25.425327,24.437104,24.215085,17.807672,25.635860,20.227751,23.213457,27.754586,24.173034,23.285703,23.089197,24.417432,24.506993,26.686319,15.754695,22.351305,26.043794,26.937381,25.843446,24.661993,27.158265,24.481645,26.883013,22.741465,23.385088,25.440644,25.934519,25.520825,24.477348,24.377593,24.789445,25.682911
Tịnh Cafe,28.126451,29.304392,26.980044,27.905280,28.830552,25.250771,27.171666,29.732815,26.845058,26.303020,25.797088,29.540186,25.511175,26.670306,27.477580,25.348994,29.484690,24.934574,18.394294,22.830782,27.668505,30.408167,27.631551,28.431529,22.741941,22.956070,22.493691,27.923314,29.558290,26.566529,22.095408,29.340428,27.821028,22.069896,27.581576,26.363194,21.635639,22.215954,19.948262,28.215718,27.993677,30.115406,21.435658,26.831197,27.506093,24.191199,30.094235,28.450678,21.353360,21.824585,27.791595,22.724219,26.824562,20.836690,26.627588,26.145677,19.674980,26.646225,20.389936,27.704872,29.143078,20.822787,24.359620,21.351653,23.811092,19.021042,25.395120,32.232752,21.482226,28.086661,28.387137,20.963198,27.989125,28.552520,23.928734,22.637883,32.077969,23.883332,18.139083,20.028303,23.871487,23.583522,29.649845,30.129967,25.900471,29.157268,19.704840,27.061760,28.011054,18.377485,15.669142,20.472818,22.194789,0.000000,26.223358,20.838585,20.510344,20.705626,26.718430,19.858257,16.506334,28.922665,21.349973,18.248940,17.156132,20.036361,16.715210,20.954047,22.330318,19.871532,21.516558,22.180813,22.502647,21.156494,24.392354,22.141937,19.384550,17.300271,20.510231,21.247788,26.481167,20.663403,24.949903,20.461371,25.256977,22.202448
Trường Mầm non Yên Mỹ,29.196218,29.960644,26.402086,25.091919,29.297071,27.788921,29.337816,25.247311,28.154967,28.176750,28.634930,29.481241,28.034101,23.984302,28.620686,28.663573,25.226820,28.482520,25.831936,29.157840,29.999106,28.345794,27.354846,28.827642,27.275135,28.094847,28.464058,24.958910,25.875447,28.281402,25.985177,28.247065,23.776162,28.131146,24.417811,29.296204,28.663849,26.658390,27.319593,26.209135,30.088176,29.670858,27.586545,24.887916,26.553289,27.542339,29.670281,25.014550,28.217321,27.419138,29.820682,29.043740,16.622193,27.844655,29.338566,24.112649,26.829084,19.992720,28.576400,27.152729,27.382866,27.751717,29.830390,28.218412,28.947413,27.299631,25.584053,31.579756,28.357471,16.324843,24.323572,27.680576,27.620202,26.705250,29.472530,28.691125,17.247810,29.737623,27.749027,26.866046,30.379976,29.929504,30.502073,16.432119,11.312456,26.752618,29.592287,12.002452,24.059482,29.859176,27.199329,29.906041,29.732522,29.383246,0.000000,27.211190,26.430881,29.471925,25.009916,30.006756,27.275301,27.295466,25.356291,27.099660,27.783109,27.481360,27.656023,30.002627,27.582732,25.781225,29.639851,27.111161,27.910645,27.441635,29.638959,27.639007,29.218922,27.558822,26.607852,29.801002,25.501090,28.425333,23.918630,27.875077,24.272495,27.905827
WinMart+,27.717373,24.401269,26.719783,27.503909,28.274762,24.148850,22.857908,29.125894,26.526027,24.386666,25.630455,24.607273,25.381423,26.413774,27.009502,22.930962,28.878370,24.888716,19.482144,23.776860,27.114509,26.649701,24.124859,27.647947,24.255805,20.127628,23.810601,27.563444,28.906306,26.154996,22.822924,25.396999,28.432084,23.699613,28.774860,26.051363,22.302243,22.819942,21.662277,27.016812,27.419920,26.465458,21.877112,26.602638,24.727637,24.287688,26.632924,29.737685,19.074465,22.345228,27.249519,24.303541,24.082667,22.830141,26.325755,26.016495,21.924744,25.541018,21.345528,25.995930,28.647435,21.238434,24.448912,23.862930,25.286081,21.839549,24.149716,29.033158,22.698290,25.100638,28.542652,23.747477,27.683003,28.157337,25.366894,25.181399,29.119619,24.771660,16.905101,19.952281,26.046155,23.251350,27.309159,27.260901,26.684759,28.715056,23.799313,28.127247,27.741629,22.002215,17.877639,23.731069,24.884608,20.796323,27.091216,0.000000,20.214860,24.244357,29.061988,23.359883,17.995576,31.030790,21.532340,17.266105,22.499943,19.019944,19.488389,25.719322,25.385531,19.451454,24.386147,19.681884,23.722147,21.162340,26.935521,22.666174,24.917527,20.001811,20.222304,21.703265,27.971542,21.820857,26.235629,20.943058,26.542652,21.690927
5050 Rooftop Cafe & Pub,21.979657,21.987362,26.222426,26.881464,27.421246,21.656315,20.782405,28.216935,25.938747,21.461616,25.137793,21.837964,24.915637,25.893308,26.256415,20.281464,28.092548,24.454230,15.690695,20.920871,26.297156,24.102816,21.856197,26.653934,16.891322,16.118976,20.491885,26.991084,28.079031,25.390114,20.235460,23.156155,27.775966,15.838126,28.097851,25.396759,19.088543,20.547877,21.704130,22.977199,26.602394,24.017939,19.370144,26.146003,22.838619,23.873724,24.285000,28.872422,15.792169,19.987507,26.453902,23.947109,22.303813,22.651830,25.722630,25.664595,21.919407,25.231160,21.450241,24.148807,27.965680,17.162522,23.925867,23.407069,24.761778,21.844843,23.872765,26.510815,18.165131,23.269932,27.923341,23.276567,27.194709,27.569438,24.832373,24.631092,26.739457,22.697074,18.633652,15.085840,25.145834,22.968500,26.555625,25.247466,26.343736,28.090538,23.406671,27.635143,27.295309,21.970621,18.915168,23.354327,24.371066,21.057822,26.703244,18.475811,0.000000,23.845840,28.484383,23.092754,19.036866,30.211829,16.198686,18.557385,22.363568,20.023716,20.178656,24.924040,24.902770,16.258116,23.846998,20.188798,23.162487,21.360805,25.920678,17.835773,24.221994,20.351950,20.525704,21.734306,27.703630,21.836202,26.072557,21.110234,26.363868,21.721984
Thuế cơ sở 4 thành phố Hà Nội,26.447741,27.443239,25.481102,26.305377,26.745871,23.613098,25.788117,27.830343,24.913595,24.748984,23.795115,28.064677,23.699794,25.010614,25.124915,23.983795,27.890570,22.951312,20.065315,27.864986,25.198840,29.058115,26.345005,25.495017,25.322546,21.369389,24.789254,26.552735,27.837452,23.942000,24.143573,28.053097,26.618216,24.955949,26.357800,22.092227,24.264650,25.799186,23.461261,27.101309,25.723536,28.803026,24.171349,25.512479,26.412520,21.649971,28.844570,27.300351,24.555153,23.227666,21.414236,20.942295,25.757360,24.629421,23.569814,25.031080,24.148443,25.557943,20.620238,26.511482,27.782611,24.242020,23.300043,25.744468,22.441817,24.271761,21.690448,30.857115,23.177003,27.044243,27.433691,24.399224,26.877948,27.299769,22.653550,20.179682,30.755875,29.168228,23.347899,23.775270,20.445235,25.345079,25.257969,29.070418,25.167624,27.956023,18.246954,26.130794,25.949387,25.946397,22.593165,22.038132,19.285460,21.680304,25.463524,24.540085,24.318904,0.000000,25.689480,16.544093,22.604612,27.797824,24.261625,24.373499,19.061462,24.537318,21.500899,21.864059,15.006605,22.430004,22.356926,24.640334,25.937449,23.172844,25.943068,24.559848,25.691138,20.196075,23.470451,23.678287,25.962332,24.207113,24.505029,22.948791,24.811933,24.709830
Trường Trung học cơ sở Lĩnh Nam,32.359598,34.264487,29.097501,24.466801,26.331727,30.219672,34.609139,25.154809,24.910424,31.223910,25.126616,34.051172,25.430728,22.982011,25.436622,31.508317,24.984490,25.609434,23.041973,33.013388,27.046621,32.161342,30.496724,26.210406,29.219591,25.120958,31.274756,22.232014,24.689333,25.422017,27.933919,31.645680,27.455921,30.301027,28.092107,24.909378,31.267961,28.806444,25.400454,28.902180,24.816526,33.077161,29.549759,20.896997,28.873672,24.565423,32.779829,30.244780,30.188047,28.951831,25.380179,24.046841,28.107635,29.521477,24.138299,17.045350,24.846384,25.062332,22.694113,28.925317,22.751720,29.271273,25.963340,29.773562,24.821048,28.466815,25.015024,34.998230,30.166188,28.864170,21.648356,25.759255,23.367766,20.194950,25.190719,24.564167,34.434554,31.426147,28.776751,27.702184,26.859992,26.325339,26.448855,32.149313,23.695244,18.413837,25.912687,25.410387,12.881718,26.350562,25.172721,26.350420,26.208726,25.881225,24.077953,27.993994,27.131819,25.893967,0.000000,26.532506,25.068979,19.432847,25.747438,27.909792,25.155127,28.391061,28.536278,26.563315,23.676627,26.047509,26.252578,27.774071,28.759040,28.173655,26.961499,28.096759,26.792106,28.147181,26.954063,26.464572,22.831633,29.177252,21.487716,25.776391,21.782985,28.458917
WinMart+,28.783242,30.174578,27.518998,28.555118,29.800551,25.795560,27.691804,30.693160,27.542431,26.924165,26.447803,30.249612,26.150914,27.270317,28.411168,25.805802,30.234766,25.601132,21.552372,29.845406,28.702116,31.107700,28.137355,29.740685,25.177365,23.346000,26.692895,28.486800,30.365852,27.726006,25.776091,29.945964,28.311221,24.756898,28.066507,27.265850,24.092482,27.484001,23.081829,28.679747,28.975646,30.772490,25.702917,27.311244,27.933907,25.000526,30.719912,28.940545,24.223905,22.969482,22.863813,22.423286,27.205676,24.251129,24.643428,26.523155,23.675714,27.033985,20.759928,28.125186,29.774544,23.926721,25.489898,25.393157,23.966060,23.933186,22.815220,32.961763,22.970457,28.520248,28.789408,23.956640,28.445031,29.096917,24.141561,22.227628,32.800112,30.579934,22.856840,23.415252,24.345359,24.727475,26.455919,30.652273,26.134634,29.712174,17.578869,27.357429,28.409951,25.577578,21.935384,23.386059,21.533445,22.387719,26.478348,24.414759,24.174889,17.326982,27.086692,0.000000,23.381519,29.432193,24.174546,25.524724,18.927596,24.354037,22.036151,23.195357,21.019925,22.225697,23.432506,25.889688,25.914453,23.876818,27.627024,24.531851,27.224716,20.414159,26.134235,24.758347,26.654921,25.142304,25.071702,23.481665,25.383733,25.571823
WinMart+,27.967620,28.849578,26.984501,27.748091,28.382947,25.547048,27.142949,29.141074,26.849311,23.809586,26.006324,24.085890,25.762836,26.711780,27.299630,22.783812,29.054480,25.343305,18.096600,23.429835,27.479909,25.782418,23.772788,27.999759,22.209052,18.655935,23.132856,27.771279,29.092140,26.645521,22.623306,24.823658,27.700613,21.516305,27.487490,26.473524,22.301357,22.709050,19.442099,28.048291,27.742633,25.651580,21.970615,26.837248,24.333524,24.894107,25.819117,28.388188,20.809842,22.339425,24.997393,24.815908,23.804603,20.220160,26.675590,26.237905,19.043068,26.675303,22.199418,25.357870,28.813299,21.625872,25.094113,20.567636,25.782752,18.271593,24.429621,27.756369,22.299108,24.658446,27.575290,20.110694,27.854608,28.322981,25.851386,22.811923,27.836038,24.334623,19.125647,20.841617,26.697143,24.703967,25.235943,26.461335,26.152671,28.859384,22.181751,27.319882,27.887345,14.684399,15.158094,22.826610,22.473365,15.744110,26.485584,21.356426,21.010967,22.842966,26.736851,23.092852,0.000000,28.672773,21.741656,17.136712,16.173261,20.622673,13.609408,21.991766,23.452510,20.154953,21.518086,17.444300,23.099051,17.539108,24.753412,22.494715,19.201423,14.177147,20.861755,17.957224,26.496785,16.828397,25.044855,17.253936,25.335889,19.594458
WinMart+,26.257771,28.404301,23.381236,19.738282,21.553632,19.962576,28.207220,20.771059,19.878183,25.298667,20.209232,27.567259,20.401963,18.082080,20.358698,25.250383,20.427742,20.399172,17.800193,26.289450,21.566138,25.438018,23.849714,20.789574,23.028399,19.745284,25.144436,17.702500,20.157341,19.934800,22.029493,24.786796,21.855227,23.797013,22.310425,19.533126,24.647279,22.576100,19.744156,22.373358,19.370253,26.074289,23.038539,16.360059,21.986678,18.928831,25.663132,24.698909,23.148057,22.254322,19.752895,18.456392,21.116971,22.600112,18.453173,12.395131,18.943742,19.232502,17.177007,22.348769,18.489049,22.370353,20.101882,22.742115,18.826083,21.826177,21.286535,27.409342,23.433860,21.673014,16.552172,19.701503,18.770157,16.047310,19.208715,18.600496,26.794212,23.898342,21.701431,20.852651,20.546224,20.073061,20.335499,24.300221,17.870343,14.808299,19.743166,19.810866,11.363954,19.982554,18.782589,20.092488,19.755742,19.591403,18.298742,21.267984,20.519331,19.479817,12.330092,20.160697,18.838816,0.000000,19.330978,21.061600,18.970039,21.425632,21.477764,20.156173,17.473898,19.385582,19.823152,20.877093,21.690828,21.128727,20.354061,21.077027,20.237861,21.072748,19.941996,19.864555,16.770648,19.662361,15.458457,19.192746,15.776029,21.265684
Cửa Hàng Tiện Lợi BV Mart,22.621006,22.716524,22.307071,26.632381,27.070253,22.423683,21.490360,27.788547,25.752758,22.358950,25.031885,22.675225,23.121293,25.728601,26.014073,21.197187,27.727290,24.418200,16.572899,21.848719,26.039210,24.738751,22.558072,26.322965,17.963081,17.020227,21.505200,26.753351,27.699362,25.222952,21.134762,23.767305,27.474882,17.036905,27.775603,25.250950,20.283529,21.328339,16.814204,23.489436,26.319325,24.633056,20.314107,25.978920,23.377886,23.918708,23.701435,28.450881,17.391810,20.837943,26.187542,23.971430,22.839275,17.913996,25.556636,25.553159,22.297056,25.151617,21.839064,24.878714,27.645646,18.859243,23.966158,23.553051,24.691751,22.284448,23.892168,26.794245,19.790793,23.773162,27.630536,23.448560,26.971833,27.298516,24.752246,24.572164,27.007046,23.273524,19.947301,14.844118,24.997538,23.162572,26.296043,25.953001,26.199725,27.793554,23.527152,27.395563,27.089466,22.464254,19.899907,23.485332,24.349928,21.615072,26.538406,20.568183,15.569387,23.893238,28.194353,23.239859,20.030558,29.787721,0.000000,19.681035,22.668643,21.015427,21.003600,24.813529,24.824375,14.996405,23.905081,20.865016,19.902349,16.671168,25.663015,17.330584,24.171911,20.889269,18.212614,22.061632,27.554754,22.199987,25.993995,21.522342,26.274348,22.054325
Đảng uỷ - HĐND - UBND phường Thanh Xuân,26.045276,23.121954,25.249109,25.879537,26.286038,22.837843,21.810964,27.175525,24.789290,22.834999,23.927411,23.131776,23.681263,24.841573,24.969387,21.594999,27.157167,23.095094,18.487227,22.299729,24.914186,25.216081,22.930516,25.152554,22.464670,19.030213,22.000080,26.113996,27.103617,23.747851,21.521560,24.170983,27.150142,21.836218,27.498072,23.980353,20.722967,21.673746,19.926273,25.889366,25.309525,25.093932,20.659426,25.276941,23.713411,22.207855,25.313881,28.236407,17.690456,21.183546,25.157953,22.527086,23.143363,20.709647,24.504186,24.903159,19.690687,24.627516,19.567393,24.884292,27.122163,19.319930,21.986290,21.130455,23.320181,19.187812,22.743892,27.536865,20.359214,24.103348,27.353032,20.805147,26.463662,26.774702,23.402643,23.065404,27.707557,23.676644,14.630949,18.114498,23.152542,20.951130,25.360965,26.110288,25.859598,27.337909,21.410440,27.144989,26.644133,18.725648,16.036276,23.637164,22.754369,18.536385,26.214165,18.568932,18.063350,22.224520,28.011105,23.746957,15.581229,29.761596,19.897710,0.000000,20.108331,16.570160,16.645239,23.262314,23.819192,18.489472,21.935449,17.473583,20.776077,11.764010,24.460167,21.155194,22.209877,18.271767,18.945228,19.965432,27.418740,19.701558,25.805558,19.236887,26.101648,19.943664
Starbucks,28.709733,29.867504,27.584405,28.483773,29.491536,26.097246,27.721951,30.264899,27.601545,27.052826,26.675932,29.974158,26.426877,27.365587,28.329618,24.225619,29.941220,26.003420,22.283952,24.920994,28.567345,30.753888,28.111974,29.360262,21.795423,23.996939,24.832922,28.419758,30.036950,27.786570,24.109987,29.730993,28.265800,21.145957,28.047732,27.395349,24.047614,23.984670,19.277542,28.603023,28.799927,30.464046,23.419376,27.372392,27.926297,25.650689,30.427535,28.838191,22.183428,23.684661,25.623016,25.431612,27.262151,19.945062,27.467945,26.643263,18.900089,27.106552,22.446189,28.098471,29.567383,23.830414,26.160777,20.193521,26.592178,18.273270,24.934455,32.439481,24.577141,28.461198,28.468180,19.817289,28.391322,28.974579,26.672025,25.712521,32.320528,25.397530,22.139531,23.205080,28.280147,25.713889,27.884517,30.408887,26.864225,29.537593,22.554751,28.111483,28.362361,15.744703,15.653718,23.764058,25.406471,20.292389,27.218356,24.032484,23.703547,23.359097,27.150870,23.979264,15.240913,29.309576,23.796537,21.772341,0.000000,23.829559,15.118589,22.719479,23.985586,21.667682,20.637316,22.111674,25.862340,20.642115,25.779754,24.263246,17.436106,15.556829,24.604628,16.304811,26.688998,19.851851,25.159583,19.716762,25.460963,22.170868
WinMart+,26.355566,23.361645,25.564322,26.184066,26.609144,23.100183,22.105031,27.424399,25.177287,23.133746,24.367692,23.399377,24.142207,25.193158,25.393594,21.966961,27.393295,23.624058,19.142882,22.640685,25.375320,25.331567,23.166620,25.644713,23.045673,19.684855,22.373154,26.371028,27.355335,24.355290,21.887869,24.328415,27.155633,22.500762,27.487869,24.493494,21.246323,21.993269,20.763566,25.947265,25.723455,25.209526,21.088651,25.554903,23.870838,22.899021,25.408531,28.184431,18.596701,21.545029,25.582072,23.103223,23.321747,21.589468,24.928715,25.154960,20.753557,24.727281,20.473324,26.897260,27.337234,20.152325,22.796775,22.135567,23.870279,20.483584,23.189162,27.516613,21.065247,24.239775,27.348030,21.913354,26.668227,26.989743,23.947166,23.677996,27.682109,25.707229,16.933649,15.294489,23.926718,21.850890,25.743040,26.157709,25.907033,27.526751,22.278620,27.145560,26.822500,20.336614,17.628077,22.247856,23.403515,19.801821,26.251173,15.226614,14.196151,22.899732,27.985071,22.112007,17.699108,29.656792,18.698466,17.161065,21.159037,0.000000,18.704646,23.758958,24.107348,17.339348,22.662119,13.749049,19.203093,11.424476,24.756942,20.728470,22.907862,19.384900,17.579770,20.802101,27.413555,20.731542,25.831773,20.178485,26.122635,20.790310
WinMart+,28.669276,29.685510,27.625288,28.446177,29.307905,26.275713,22.619876,30.008871,27.633367,23.742340,26.802042,23.970841,26.579249,27.417930,28.273063,22.604884,29.763868,26.218518,18.250950,23.279956,28.484128,25.750656,23.659194,29.152029,21.796023,24.379454,23.030964,28.383212,29.838943,27.802811,22.509240,24.757610,28.245005,21.183062,28.037442,27.458669,22.066822,22.552465,19.434836,26.255857,28.690460,25.617375,21.762753,27.414491,24.258127,25.965065,25.795448,28.461455,19.711823,22.156956,25.884981,25.725073,23.714318,20.070954,27.515353,26.727220,19.120178,27.159070,23.268324,25.339369,29.441990,21.277095,26.443563,20.319408,26.760021,18.568789,25.195754,27.824473,22.083553,24.595246,27.609123,19.984893,28.359966,28.896093,26.824080,26.005843,27.962948,24.262407,18.387895,20.411290,28.202214,26.111666,27.879810,26.460680,26.136673,29.422461,23.563972,27.369690,28.341474,16.670492,16.203562,24.856397,25.752056,22.232060,26.480708,20.995824,20.612094,24.206838,27.198061,24.878104,14.090815,29.220351,21.505267,15.698815,17.942365,20.076855,0.000000,24.342262,24.587707,19.848228,21.808781,14.976530,22.887478,16.035937,25.019057,22.350044,18.068269,12.930950,22.156151,18.087444,26.730724,15.628532,25.232728,16.291163,25.528875,18.703794
WinMart+,29.092455,30.512325,27.814710,28.861739,30.202686,26.197686,27.963384,31.033274,27.932788,27.279584,26.876235,30.509996,26.595942,27.617978,28.870009,26.131000,30.513319,26.120063,21.922663,30.091693,29.212634,31.331609,28.385428,30.303159,25.545529,23.799264,26.487555,28.751058,30.661234,28.395147,25.569913,30.172400,28.539440,25.162510,28.305642,27.810240,25.805849,27.714598,23.546611,28.887141,29.434749,30.999542,24.921303,27.577847,28.142239,25.714867,30.931593,29.153721,24.651109,25.083193,29.216540,25.129311,27.415151,24.757148,27.804336,26.749003,24.260932,27.254260,21.677729,28.330208,30.024293,26.019061,26.418507,25.977112,26.488655,24.631155,24.708412,33.147320,26.757663,28.708821,28.962038,24.761655,28.654649,29.327004,26.584672,25.426221,32.975974,26.476931,25.128850,25.555854,28.679322,25.846257,31.058660,30.829377,26.279197,29.931913,21.495064,27.506926,28.588959,21.853594,22.612677,24.860959,25.041671,21.861988,26.623229,26.579999,26.288204,22.607186,27.293749,22.410368,23.215890,29.651781,25.823857,26.078280,16.383098,26.845923,21.401872,0.000000,23.196588,23.290436,23.216525,26.589740,28.374492,23.884291,26.625877,26.011978,26.142217,22.274830,26.448602,21.445597,26.743632,23.356162,25.156440,21.303402,25.468327,24.531916
Phường Ô Chợ Dừa,23.603772,24.355923,23.034569,23.585777,23.409845,22.664785,23.622292,24.613208,21.944237,24.216109,20.564619,25.486859,22.987130,22.256654,21.662426,23.843199,24.983612,22.146623,21.240377,25.513829,21.053765,26.621757,24.264732,23.851591,24.194344,20.979850,24.233247,25.240994,24.473362,22.711804,23.727367,25.810285,24.389038,23.849158,24.118493,20.761294,23.412530,23.658591,22.622280,25.208994,19.654776,26.255249,23.760655,25.155530,24.598942,21.134987,26.394688,25.015473,23.704093,22.920205,19.394587,20.656244,24.042666,23.597006,19.397946,23.088053,23.114449,23.618947,20.169030,24.474311,25.107612,23.342247,22.111434,24.227688,18.620681,22.973844,18.095595,28.143228,22.343910,25.260151,25.570389,22.973626,24.780654,24.934612,16.374700,17.513343,28.169916,27.121969,22.507646,22.929993,20.243401,23.329629,19.934818,27.101208,23.752309,25.596465,18.483833,24.358371,24.311032,23.972778,21.992148,20.819267,16.130885,20.735536,23.866348,23.388145,23.233844,15.768128,25.247210,17.771711,21.794206,25.614432,23.313371,23.270105,19.021168,23.333661,20.925341,20.629253,0.000000,21.887340,21.472361,23.459715,24.479700,22.393805,23.129931,23.614314,23.028330,19.891307,24.586668,21.293827,25.574241,22.124720,24.178763,21.221786,24.484377,22.885572
Chợ Xanh Văn Quán,25.817590,21.170875,25.175976,25.644751,25.754297,20.977001,20.394157,26.412136,24.787992,20.695710,24.151292,21.078387,23.949469,24.839773,24.852552,19.941544,26.595924,23.564967,20.048937,20.395281,24.865952,27.396238,21.182721,25.000089,23.127911,20.489548,19.850096,25.834566,26.532317,24.081391,18.678712,25.804373,26.472398,22.723702,26.757588,24.209057,19.096095,19.084380,21.483572,27.307629,25.150962,22.234547,19.665144,25.175823,24.461227,23.033244,22.512077,27.250300,17.040079,19.863620,25.036359,23.174724,23.938427,22.127033,24.576125,24.880424,21.605093,24.521003,21.309308,23.460538,26.617886,20.061786,22.913844,22.557547,23.753234,21.419230,23.109199,25.469523,18.378008,24.190032,26.674556,22.360966,26.151640,26.373687,23.803011,23.596663,25.763732,21.769645,19.683680,15.596009,23.722738,22.318595,25.130757,24.929333,22.626606,26.831884,22.580939,22.932021,26.326422,21.552072,19.688368,22.505693,23.394961,20.994351,22.819995,19.795050,19.407651,23.026782,27.294435,25.613897,19.773346,28.629480,15.438559,19.399608,23.911877,20.341353,20.432143,25.519602,25.453135,0.000000,24.847842,22.048958,15.768632,20.443969,24.203189,12.676968,22.912838,20.442748,16.806013,21.478779,27.050264,21.505815,25.636290,21.061712,25.900964,21.394771
Noble Moment,28.937725,30.035660,27.843642,28.712301,29.696194,26.495182,27.962302,30.397459,27.910827,27.362290,27.058667,25.954471,26.830603,27.659517,28.628858,24.754866,30.073001,26.485699,22.814081,25.435388,28.877065,30.833126,28.317009,29.628243,23.145321,24.536837,25.395271,28.619864,30.169053,28.227180,24.634615,29.852575,28.450268,22.626484,28.242711,27.804493,24.681343,24.461598,20.978173,28.761313,29.073176,30.548948,23.974606,27.614442,28.105430,26.279611,30.512426,28.991177,23.011753,24.193163,26.141720,25.982133,27.467413,21.788562,27.809440,26.879834,21.025858,27.322197,23.452076,28.261629,29.704683,24.631900,26.856726,22.339760,27.080091,20.800933,25.403220,32.430354,25.336677,28.614278,28.705061,22.143182,28.554759,29.127598,27.143922,26.310017,32.316548,25.759520,23.312523,24.084990,28.783082,26.546251,28.193877,30.483533,27.085223,29.659178,23.820563,28.316362,28.509989,20.561416,18.471060,25.393037,26.045696,22.462509,27.439137,24.941646,24.648514,24.510968,27.350963,25.351098,20.862297,29.436183,24.535577,23.490848,18.671248,24.929413,18.145085,22.013008,24.856013,22.311719,0.000000,23.876987,26.684480,21.980832,18.671071,24.881407,16.598263,14.009726,25.249346,14.528110,28.109545,19.105261,26.402164,19.110986,26.692996,22.106075
WinMart+,29.520124,30.557227,28.449490,29.275069,30.277674,27.292121,23.502608,30.892975,28.608077,24.927398,27.860421,25.088983,27.657756,28.326458,29.350992,23.709477,30.508168,27.422830,20.443850,24.444823,29.626276,26.758490,24.598795,30.360949,24.536723,25.510966,24.392727,29.118506,30.619774,29.180300,23.596444,25.670884,28.298970,24.112001,28.604949,28.673607,23.390781,23.510642,22.547907,27.053778,29.759617,26.592334,22.825213,28.165293,25.040241,27.447310,26.728528,29.421336,21.153113,23.157616,27.135924,27.024436,24.459694,23.542930,28.559051,27.399441,22.957880,27.805062,25.054573,26.150765,30.124370,22.947464,28.137729,24.412673,28.044180,23.064313,26.290509,28.798300,23.896394,25.356509,28.407274,24.359459,28.974824,29.558114,28.086625,27.420248,28.884797,25.101048,20.539757,22.154935,29.871467,27.990341,28.905637,27.268941,26.735230,30.042497,25.739854,28.040282,28.888121,23.250025,20.340766,27.656398,27.218559,25.249613,27.105028,23.096132,22.684603,26.306481,27.807767,27.369035,20.659195,29.809425,23.071241,19.044696,23.030514,22.557584,17.550152,27.688045,26.312850,20.885239,25.824077,0.000000,25.223755,14.116399,27.821505,23.720235,23.528319,17.692514,21.222082,21.074697,27.922715,19.650150,26.272793,19.033728,26.563654,19.996625
Co.opmart,27.113999,24.337813,26.297835,26.928128,27.437591,24.121829,23.065898,28.182818,26.057615,24.295408,25.316057,24.490807,25.111018,26.006636,26.372502,23.155423,28.064325,24.702891,20.286603,23.836719,26.417966,26.176448,24.105875,26.759713,24.197284,20.837180,23.741898,27.027299,28.057781,25.612353,23.059200,25.162782,27.769997,23.767428,28.076049,25.593314,22.737715,23.035223,22.244957,26.582499,26.693010,26.032616,22.318541,26.221538,24.621257,24.224145,26.639936,28.808998,20.540631,24.539607,26.556056,24.240178,27.373979,23.161087,25.872647,25.758656,22.565635,25.341439,22.044777,28.330965,27.951290,22.152356,24.323809,23.926349,25.007615,22.599946,24.108419,29.995940,23.035774,27.609664,27.909950,23.837481,27.214385,27.572592,25.068084,24.903680,29.883462,27.021915,20.126699,16.776095,25.438836,23.473026,26.643290,28.458170,26.390067,28.072890,23.863687,27.627863,27.305712,22.847791,20.032173,23.811232,24.676076,21.862515,26.739116,21.024035,20.211112,24.193306,28.452805,23.518753,20.178628,30.114063,18.229744,19.807845,22.968384,21.299136,21.240500,25.228120,25.114224,16.592494,24.272734,26.812878,0.000000,16.520982,26.114104,21.633166,24.620587,21.042561,16.544927,22.272648,27.687826,22.458027,26.095417,21.707162,26.381067,22.259835
WinMart+,28.285646,23.665048,27.425335,28.069350,28.649069,23.482322,22.586814,29.233624,27.366615,23.553005,26.703221,23.771320,26.522966,27.223650,27.809589,22.553700,29.121223,26.245898,20.034447,23.149380,27.946060,25.389226,23.517962,28.385267,23.475570,24.778201,22.879773,28.043406,29.155433,27.390739,22.467031,24.512162,26.988370,23.045471,27.289277,27.177597,22.078512,22.511824,21.663919,25.921545,28.131678,25.272966,21.810994,27.242619,24.086032,26.065617,25.445799,27.876108,20.105434,22.157892,25.985632,25.877930,23.589309,22.411911,27.259882,26.675432,21.832319,27.049703,24.143477,26.736208,28.919489,21.434936,26.397807,22.947241,26.656372,21.733756,25.403651,27.282118,22.060688,24.402383,27.175331,22.817805,28.072681,28.498897,26.699590,26.095832,27.431899,25.702321,19.586965,18.224894,27.576104,26.180755,27.530845,26.110971,25.886425,28.951981,24.479725,27.010113,28.080271,22.512339,19.612586,25.450969,25.904753,23.879622,26.199079,19.834120,19.295056,24.914055,27.083694,25.415115,20.742295,29.252418,20.795125,19.771523,22.177329,11.377668,19.180054,25.217386,25.101983,19.096036,23.958468,16.500470,22.272246,0.000000,25.523637,21.927169,22.464141,18.596145,21.440268,21.015727,27.323622,20.051292,25.825588,19.544931,26.100776,20.199058
9.0cafe,29.329811,30.650178,28.115609,29.100460,30.367735,26.669045,28.229712,31.130375,28.278833,27.636405,27.332404,30.620034,27.078357,27.953783,29.190488,26.529782,30.624342,26.701948,22.578632,30.218166,29.527762,31.384580,28.606152,30.524419,26.012273,24.464918,26.627429,28.961659,30.772669,28.888289,25.749187,30.288764,28.734417,25.691979,28.516380,28.271910,26.005947,27.951365,24.248661,29.050712,29.702931,31.063648,25.142227,27.846137,28.342363,26.521878,31.000919,29.306800,25.243948,25.283111,25.892541,25.690419,27.641402,25.428279,26.883705,27.022273,25.052303,27.490882,23.102526,28.509283,30.151214,26.245118,27.318532,26.632294,26.987139,25.509731,25.148076,33.086103,26.907543,28.872369,29.099370,25.739940,28.828537,29.485244,27.067121,26.044725,32.925179,26.577400,25.506625,25.834190,29.229486,26.971608,28.316155,30.893573,26.474017,30.053490,23.461522,27.670099,28.747038,23.156634,23.639799,26.157762,25.717585,23.598477,26.812622,26.765737,26.522365,24.350369,27.514765,24.872311,24.215569,29.778271,26.058617,26.457665,19.242401,27.040756,22.646633,28.535313,23.339050,23.615563,22.956080,26.903280,28.401585,24.413104,0.000000,26.199315,23.551674,20.603594,26.611956,15.998626,28.373590,20.968107,26.566551,18.929610,26.867879,23.179430
The Coffee House,27.306249,24.699933,26.512392,27.116639,27.616466,24.499627,23.464954,28.304460,26.309706,24.709628,25.620509,24.879172,25.431160,26.248056,26.629971,23.632386,28.185653,25.070074,20.853214,24.287935,26.696238,30.734382,24.457484,27.027571,24.616647,21.387441,24.226970,27.190202,28.179210,25.984759,23.530480,28.894959,27.896260,24.239008,28.186615,25.923819,23.339952,23.459737,22.863007,26.755916,26.939824,25.253355,23.140307,26.415904,27.247355,24.695901,25.881615,28.888240,21.420993,23.530266,26.808078,24.654393,26.782174,23.769014,26.150821,25.947731,23.283398,25.546240,22.710229,27.548006,28.067140,22.958951,24.842181,24.549821,25.379994,23.410533,24.454117,29.374983,23.749798,27.033893,28.020501,24.507334,27.345854,27.698839,25.435106,25.307346,29.325555,26.065077,21.466992,17.158578,25.889373,24.075192,26.874283,27.903653,26.526823,28.172951,24.429144,25.051557,27.421446,23.758509,21.111243,24.371248,25.105845,22.704981,26.870665,22.896221,22.264236,24.654437,28.526660,27.924645,21.277412,30.130161,18.721411,20.989122,26.277406,22.496278,22.281369,28.139041,27.204180,13.063146,27.356773,24.739940,17.295716,22.751735,26.475431,0.000000,25.160690,21.790536,17.973864,22.885100,27.751252,23.148841,26.174501,22.372101,26.454926,22.877172
Cục Tần số vô tuyến điện,30.000896,31.197144,28.815647,29.757482,30.985917,27.623180,28.870794,31.631104,29.101726,28.431974,28.285988,31.092424,28.067774,28.730622,30.022597,27.346570,31.111860,27.843206,23.716928,25.750972,30.392152,31.757203,29.172826,31.340957,23.566022,25.658914,25.817858,29.533545,31.270582,30.014182,24.951364,30.729588,29.259039,23.094328,29.067160,29.303301,25.060493,24.751781,21.539947,29.517653,30.494099,31.446614,24.311792,28.485983,28.851251,27.972254,31.373400,29.773581,23.505681,24.509214,27.211069,27.078233,28.181730,22.371359,27.942277,27.625638,21.702772,28.052260,25.207652,28.985929,30.623235,25.099676,28.913302,22.990512,28.270641,21.598418,26.250887,33.296276,25.857680,29.323623,29.005739,27.381746,29.311314,29.973235,28.323758,27.552655,33.135446,25.986870,23.979234,24.599988,30.710061,28.818437,29.231816,31.219055,27.343928,30.483811,26.091908,28.585921,29.182651,21.917924,19.409746,27.282184,27.319514,23.625407,27.703130,25.544119,25.268582,26.773829,28.044814,27.763080,22.375835,30.203773,25.000587,24.437200,20.946975,25.568623,19.699669,28.891810,25.497297,22.701303,21.269093,24.844802,27.228662,22.741604,28.638621,25.327797,0.000000,10.137718,25.639885,13.008664,28.626134,17.534397,26.829518,17.941849,27.125603,21.398680
Everything Coffee 'N Bagel,29.118503,30.038656,28.134956,28.888986,29.721694,27.004803,28.965035,30.309904,28.221647,24.684017,27.510957,24.852659,27.319833,27.984985,28.841477,23.596128,30.044057,27.074163,20.627562,24.256370,29.062517,26.402037,24.431102,29.673371,24.334714,25.339582,24.121667,28.778229,30.124962,28.580178,23.494333,25.425030,28.435819,23.946415,28.720896,28.188896,23.293084,23.428515,22.549288,27.248293,29.211436,26.258453,22.800654,27.888206,24.873039,27.029993,26.399864,29.500895,21.347595,23.101137,26.531136,26.413181,24.334376,23.423448,27.203463,27.195300,22.906506,27.585283,24.856634,25.896384,29.727293,22.896178,27.575413,24.146881,27.333055,22.980876,25.813768,28.303427,23.634898,25.168415,28.528322,24.084094,28.697508,29.218022,27.381408,26.720092,28.405885,24.913664,20.938273,22.223840,28.717698,27.400870,28.238370,26.950186,26.893086,29.686775,25.411912,28.156812,28.642197,22.487610,20.692167,26.001585,26.513234,23.630282,27.257764,22.933714,22.616560,25.914960,27.598494,26.424657,15.368249,29.489611,22.968292,20.029123,22.075161,22.536282,17.770409,26.384655,25.066925,21.053264,22.611369,18.809522,24.683114,18.470577,25.668152,23.540890,20.986161,0.000000,23.069315,17.650627,27.990760,16.085364,26.372215,16.335042,26.652625,17.590372
Starbucks,28.695636,22.121338,27.933058,28.519348,28.827127,21.974158,21.427319,29.297021,27.834095,21.818901,27.293132,22.241106,27.078850,27.775472,28.173259,21.081077,29.352454,26.932769,19.154812,21.645623,28.481808,23.811112,22.202337,28.750222,21.826989,25.661270,21.097902,28.435041,29.355568,28.067506,20.951862,27.806610,25.467185,21.397794,25.757499,27.785736,20.478417,21.198365,20.205272,24.562330,28.641849,24.742564,22.868712,27.710976,26.478118,26.984228,25.208238,26.140271,18.795883,23.271301,26.707159,26.739019,26.070657,20.761984,27.859115,27.149285,20.172480,27.476318,25.434428,26.262069,29.209086,19.770231,27.154677,21.004512,27.422656,19.757040,25.974393,27.793425,20.057820,26.278318,25.714279,20.654205,28.407212,28.812345,27.434727,26.980457,27.814652,25.190147,17.978651,15.973928,28.190038,27.106757,27.891216,26.984371,24.812923,29.211730,25.720677,24.553254,28.381679,24.480448,18.243056,26.667304,26.819295,25.486340,25.067256,17.425784,17.092811,26.199589,27.483525,26.552394,23.574761,27.633002,15.960315,22.982180,24.527173,20.486715,22.962595,26.590048,26.232888,18.105952,25.731341,22.122529,13.448962,19.660633,26.699557,19.549501,24.594140,21.253972,0.000000,23.066956,26.524411,22.666557,25.199750,21.987897,25.464295,22.370739
Chợ Trung Kính,28.202858,29.100014,27.232178,27.998976,28.692619,25.893148,27.375882,29.401362,27.168142,26.675005,26.363510,29.333090,26.147480,27.007791,27.682413,25.876072,29.273935,25.765600,22.551644,24.098324,27.857971,30.072385,27.745025,28.417993,21.782558,24.077645,23.855293,27.996165,29.318671,27.124802,23.376544,29.187014,27.900156,21.247766,27.698000,26.895987,23.245211,23.380654,19.739789,28.227100,28.095714,29.827737,22.826007,27.074951,27.618172,25.433091,29.822591,28.431554,21.629679,23.089992,25.118500,24.941538,27.022030,20.312950,25.992735,26.454990,19.534854,26.881766,22.892744,27.777262,29.014059,22.916463,25.744448,20.550899,25.897447,19.096881,24.552535,31.626728,23.410251,28.116412,28.028993,24.767779,28.035482,28.519391,25.967262,25.122679,31.507553,24.723898,21.402831,22.369116,26.870519,25.412231,27.072332,29.886362,26.613952,29.040472,23.063363,27.747753,28.048122,18.083080,17.230216,23.013016,24.852957,19.494119,26.936796,22.834628,22.601577,23.663367,26.925643,23.764303,18.038790,28.863107,22.895182,20.833313,16.004535,22.568291,16.330619,22.157743,23.074562,21.301905,13.867368,20.755525,24.230036,20.015806,19.791501,23.376484,14.342885,16.316510,23.494991,0.000000,28.007607,14.471953,26.347366,15.176854,26.632999,18.911966
Trường Mầm non Kim Lan,28.439428,28.539224,27.122278,25.317552,25.727382,27.553476,28.719261,25.203517,25.360606,27.671821,25.421795,28.608482,25.505284,24.922572,25.494899,27.952561,25.325557,25.621944,24.741853,28.498811,26.216873,28.247420,27.817281,25.864449,27.241374,25.501207,27.628657,24.824922,25.199197,25.618582,26.536285,28.143037,26.304079,27.679978,26.511522,25.366104,27.941505,26.965361,25.624937,27.154822,25.386713,28.517319,27.393831,24.518341,27.341663,25.291958,28.536850,26.785698,27.966410,27.367175,25.549126,25.085404,26.977086,27.666950,25.220646,23.364809,25.471526,25.496363,24.398084,27.137862,24.982971,27.534989,25.786796,27.782093,25.502223,27.134084,25.861118,29.298005,27.605113,27.415457,24.756533,25.799923,25.263357,24.701103,25.568832,25.310540,29.233100,28.603485,27.510136,26.979687,26.303730,26.080730,26.005528,28.832937,25.014748,24.628989,25.860842,25.509193,22.130981,26.136445,25.726284,26.038474,26.609439,25.902806,25.107822,26.951239,26.542474,25.981725,23.191588,26.150471,25.529983,24.675215,25.877828,26.967752,25.523073,27.200495,27.327372,26.162803,26.365257,26.163156,26.071223,26.960333,27.415131,27.190058,26.459713,27.247993,26.354493,27.236776,26.741757,26.248353,0.000000,27.788281,15.009906,25.977770,14.444711,27.443891
WinMart+,28.485069,29.350674,27.541073,28.281232,28.979717,26.311030,27.654046,29.626149,27.528453,24.569851,26.781501,24.756963,26.580763,27.343605,28.069478,23.605322,29.472087,26.261924,23.070839,24.213571,28.244688,26.202053,24.383364,28.788433,22.838178,24.605804,24.002350,28.237447,29.527264,27.626618,23.478048,29.365487,28.125689,22.392346,27.933948,27.345371,23.333664,23.448226,21.031370,28.426484,28.440829,26.068925,22.877864,27.353043,24.799094,26.055507,26.205120,29.096595,21.629657,23.152517,25.677496,25.532765,24.302346,21.689682,26.448382,26.722677,21.078802,27.123229,23.766798,25.753828,29.207827,22.999906,26.453863,22.099700,26.441932,20.868053,25.055698,27.972265,23.562581,25.083689,28.233889,25.486891,28.240432,28.724343,26.500819,25.760989,28.060600,24.833724,21.381867,22.421384,27.523727,26.196340,27.480256,26.749912,26.739875,29.214034,24.108439,27.919517,28.232161,20.807447,19.167542,24.345702,25.527913,22.028850,27.078196,22.966037,22.707557,24.641790,27.162137,24.904473,17.155145,29.036832,22.996552,20.776924,19.848085,22.680009,14.678001,24.134086,23.960128,21.286398,19.579046,19.819662,24.467624,19.280188,22.805869,23.499167,16.452528,11.689429,23.139822,16.268219,28.113754,0.000000,26.463843,10.339529,26.749482,14.195505
Trường Trung học cơ sở Văn Đức,25.960568,25.886658,24.858827,23.331820,23.632253,25.268449,26.002254,23.102656,23.478012,25.256104,23.425303,25.946277,23.521928,23.036695,23.528923,25.536921,23.183145,23.640884,23.079821,25.924377,24.099909,25.722590,25.446692,23.865385,25.046754,23.587092,25.215622,22.779982,23.029016,23.692167,24.399867,25.668671,23.977255,25.387615,24.161816,23.436418,25.537685,24.743131,23.751298,24.884015,23.432511,25.935479,25.160613,22.522410,25.214459,23.485359,25.992325,24.233630,25.710352,25.226539,23.592311,23.285930,25.093471,25.479871,23.364444,21.844881,23.696280,23.492338,22.828480,24.949029,22.759425,25.368218,23.818441,25.585716,23.688210,25.079919,23.829895,26.577481,25.332597,25.293201,22.778111,23.969178,23.161112,22.744948,23.683879,23.543945,26.571969,26.275728,25.464252,25.037907,24.314355,24.147466,23.986836,26.389161,23.208767,22.606699,23.957019,23.483625,20.839087,24.235234,23.987393,24.099664,24.633972,24.061853,23.229274,24.997717,24.652097,24.129861,21.535299,24.213183,23.806174,22.664543,24.167129,25.006354,23.767908,25.184284,25.310394,24.230107,24.485048,24.473462,24.212259,25.036833,25.387648,25.228184,24.566895,25.366954,24.485932,25.310128,24.964056,24.379898,14.408332,25.753520,0.000000,24.239100,11.590321,25.498249
Trung tâm Hỗ trợ doanh nghiệp Hà Nội,27.546164,28.196038,26.720635,27.357431,27.746889,25.422546,26.868056,28.404372,26.545642,23.757409,25.851277,24.056266,25.595418,26.469458,26.832207,22.926294,28.468164,25.284903,22.575007,23.513174,27.010654,25.506754,23.788007,27.326626,23.549070,23.895512,23.157591,27.410655,28.469553,26.303789,22.763059,24.692097,27.377454,23.182768,27.190967,26.205781,22.574294,22.870217,22.000355,27.709704,27.248111,25.394627,22.252085,26.610283,24.271671,24.941807,25.551725,28.311742,20.935013,22.573017,24.708175,24.581209,23.811991,22.680633,25.517349,26.106143,22.205726,26.496266,22.862631,25.115323,28.318168,22.148292,25.034682,23.178787,25.358954,22.047401,24.220970,27.173293,22.557385,24.560717,27.584762,24.304866,27.538926,27.923330,25.417594,24.693526,27.259144,24.268554,20.482596,21.574265,25.856459,24.777238,26.341893,26.152527,26.268126,28.401973,22.917261,27.290680,27.597887,20.001130,18.786235,22.845841,24.459726,20.999642,26.579625,21.895056,21.674721,23.453202,26.553757,23.407433,16.869137,28.280511,22.121018,19.588060,18.982421,21.519378,18.128097,22.256680,23.005698,20.728493,18.553339,18.763599,23.219074,18.524885,20.923682,22.673268,16.145558,12.579084,22.389007,14.727932,27.743169,9.809457,26.183310,0.000000,26.463183,13.273501
Trường Mầm non Văn Đức (điểm Chử Xá),26.972343,26.922471,25.874977,24.367072,24.645280,26.232009,27.097761,24.161869,24.437340,26.258328,24.436494,27.017017,24.511411,24.082298,24.507355,26.526869,24.277628,24.619776,24.011663,26.967984,25.101029,26.774567,26.472599,24.830870,25.996076,24.556367,26.195001,23.920904,24.145652,24.652592,25.368735,26.707109,25.101585,26.348381,25.277104,24.416454,26.521125,25.727213,24.683538,25.914416,24.432908,26.965728,26.117856,23.673712,26.206545,24.420362,27.009557,25.401522,26.662911,26.160595,24.566373,24.238138,25.967620,26.419220,24.348233,22.869340,24.601136,24.539356,23.717570,25.902832,23.961539,26.300642,24.768287,26.515278,24.623147,25.972545,24.798451,27.591895,26.267027,26.270972,23.958234,24.856424,24.283930,23.858082,24.631189,24.455350,27.565735,27.203181,26.350392,25.915421,25.243089,25.065963,24.947650,27.362343,24.181384,23.768728,24.878582,24.488102,21.878054,25.135576,24.868354,25.021105,25.546176,24.949954,24.219735,25.849695,25.504827,25.028786,22.675591,25.121600,24.669038,23.812481,24.988153,25.869629,24.638611,26.054844,26.178813,25.133986,25.391055,25.282268,25.092213,25.886679,26.244341,26.082066,25.433899,26.178670,25.340909,26.149358,25.781725,25.260040,13.900657,26.603853,11.887596,25.085025,0.000000,26.329785
WinMart+,29.291952,30.153209,28.357699,29.070471,29.863615,27.339163,29.339490,30.384888,28.467717,25.447391,27.820348,25.578845,27.649798,28.239581,29.061152,24.413404,30.133780,27.446653,21.506820,25.061481,29.278322,26.950971,25.085423,29.836003,25.109980,25.807324,24.991199,28.944005,30.209692,28.874745,24.304866,25.989464,28.790202,24.795136,29.054175,28.483333,24.283090,24.167864,23.566211,27.650140,29.407017,26.794765,23.670459,28.106991,25.401650,27.476910,26.904818,29.828224,22.655016,23.899191,26.966639,26.876175,24.879144,24.452404,27.557381,27.425550,24.076503,27.794597,25.560792,26.373441,29.834878,24.149492,28.015159,25.248307,27.728503,24.284108,26.238768,28.691405,24.811655,25.665364,28.857810,25.240192,28.843902,29.348748,27.765496,27.193363,28.772353,25.470802,22.798876,23.618425,29.053422,27.899116,28.500575,27.362066,27.215540,29.785922,26.166159,28.450706,28.777902,23.797110,22.245358,26.833262,27.017761,25.351853,27.574185,24.364160,24.095943,26.607882,27.791873,27.136132,22.633626,29.593537,24.112644,22.764560,24.041677,24.276833,21.206309,27.374485,25.766992,22.064895,24.640240,21.747532,25.976811,20.641734,27.001480,24.495640,24.037918,17.826066,24.118565,18.150133,28.173061,14.896639,26.560594,10.036283,26.835414,0.000000
