,depot,WinMart+,Trường Mầm non Thịnh Liệt (cơ sở Giáp Nh,Trường Mầm non Hoa Mai,Trường mầm non Vườn Hồng,WinMart+,WinMart+,Siêu thị Đức Thành,WinMart+,Siêu Thị T-Mart,Trường Trung học cơ sở Tân Định,Trường Tiểu học Hoàng Liệt,WinMart+,WinMart+,Cục Dự trữ Nhà nước khu vực Hà Nội,Trường Mầm Non Đại Từ,WinMart+,Cà Phê Parkland,Trường Mầm non Định Công (Cơ sở 3),Highlands Coffee,WinMart+,WinMart+,Trường Mầm non Hoàng Liệt (cơ sở Tứ Kỳ),WinMart+,WinMart+,Trường Mầm non Sao Mai,KFC,Trường Đại học Công nghệ và Quản lý Hữu ,Không có tên,WinMart+,Không có tên,WinMart+,MM Mega Market Hoàng Mai,Trường Tiểu học Đại Kim,Không có tên,Không có tên,Cà Phê 3k,Không có tên,WinMart+,WinMart+,WinMart+,Trường Tiểu học Chu Văn An,AEON MaxValu Linh Đàm,WinMart+,WinMart+,WinMart+,Trường Mầm Non Hoạ Mi,WinMart+,WinMart+,Trường Tiểu học Chu Văn An,WinMart+,WinMart+,Trường Mầm non A Tứ Hiệp,Cà Phê KOK,Không có tên,Trường Đại học Kinh tế - Kỹ thuật Công n,WinMart+,Trường Quốc tế Singapore,WinMart+,Trường Tiểu học Tam Hiệp,WinMart+,Delícia Coffee & Lounge,UBND phường Khương Thượng,WinMart+,Siêu thị B11 Kim Liên,WinMart+,Cà Phê Big One,Trường Mầm non Đại Thanh,siêu thị 24h ninja mark,Trường Mầm non Tứ Hiệp (điểm Cổ Điển B),WinMart+,Không có tên,Quan an Nam Nhu 1,WinMart+,Taste Tea,WinMart+,WinMart+,Trường Cao đẳng Hà Nội,TK mark,Hội đồng nhân dân - Ủy ban nhân dân phườ,Trung tâm Công nghệ Phần mềm Thủy lợi,WinMart+,Không có tên,Cafe Dinh,Trường Trung học cơ sở Yên Mỹ,WinMart+,Coffee Cây,Trường Mầm non Tứ Hiệp (điểm Đồng Trì),Trường Mầm non Lĩnh Nam (cơ sở 2),Chợ Nhân Chính,Cục Sở hữu Trí tuệ,WinMart+,Kho bạc Nhà nước Đống Đa,Tịnh Cafe,Trường Mầm non Yên Mỹ,WinMart+,5050 Rooftop Cafe & Pub,Thuế cơ sở 4 thành phố Hà Nội,Trường Trung học cơ sở Lĩnh Nam,WinMart+,WinMart+,WinMart+,Cửa Hàng Tiện Lợi BV Mart,Đảng uỷ - HĐND - UBND phường Thanh Xuân,Starbucks,WinMart+,WinMart+,WinMart+,Phường Ô Chợ Dừa,Chợ Xanh Văn Quán,Noble Moment,WinMart+,Co.opmart,WinMart+,9.0cafe,The Coffee House,Cục Tần số vô tuyến điện,Everything Coffee 'N Bagel,Starbucks,Chợ Trung Kính,Trường Mầm non Kim Lan,WinMart+,Trường Trung học cơ sở Văn Đức,Trung tâm Hỗ trợ doanh nghiệp Hà Nội,Trường Mầm non Văn Đức (điểm Chử Xá),WinMart+
depot,0.000000,23.698875,20.591408,23.743600,19.263143,23.717274,14.599996,26.702127,23.574694,21.574022,22.518652,18.326639,23.400623,21.655371,23.955278,21.223308,26.764026,23.970704,20.202354,19.646208,26.565428,17.708009,17.540961,25.827799,25.748280,23.391377,22.882976,26.431024,27.934516,24.217205,22.210971,18.596458,26.366734,22.089463,25.808769,25.811433,21.995776,18.111326,24.927785,20.005796,24.999960,21.426132,22.033733,26.126044,18.507333,23.312733,22.228264,27.616184,22.713726,20.863062,27.460922,25.920805,17.845079,24.065873,26.322704,24.838834,24.315324,24.657830,20.926406,20.524885,29.756877,22.545041,28.178575,25.042286,26.293591,23.464743,24.698232,26.280925,23.634839,19.540018,21.060800,28.078310,27.828548,28.517533,27.101000,26.179590,26.768483,25.650176,21.987903,22.721423,29.764765,28.841367,29.603532,24.505209,21.351212,29.621731,28.192507,22.307275,25.391394,28.908094,26.752273,28.982685,28.583993,28.235946,21.547460,27.469424,27.343419,28.096225,25.934056,29.307473,27.030745,29.274997,27.074554,26.818801,27.187291,27.597198,27.774874,29.387137,24.572146,22.058101,28.888734,29.178629,28.363601,27.584483,30.043165,27.133183,29.828146,26.301749,26.393441,29.179211,26.816583,28.914462,25.084522,28.139604,25.464380,28.726410
WinMart+,27.518396,0.000000,23.153014,26.413711,28.860123,24.712922,15.835611,31.722732,25.330159,23.904064,25.643279,27.448201,26.003133,24.283614,26.543938,22.784468,30.116508,26.410711,21.465853,27.234722,30.953226,30.671109,23.468679,28.163599,26.621164,25.388474,25.359458,28.814870,30.718493,26.190015,23.720136,27.883082,28.153509,23.286676,27.621856,28.711999,23.387723,23.180939,26.588236,26.231976,31.116471,29.865253,23.426792,28.292764,24.782746,24.831586,29.985739,29.344749,23.866046,21.601911,30.773121,28.085372,23.575894,23.483153,28.751148,26.236570,25.632119,26.051132,27.905544,25.513667,32.234112,23.565680,31.200532,24.536587,28.170308,29.708603,27.070355,35.456559,25.260499,26.266545,25.132259,30.057306,29.401445,30.500926,29.509632,27.860266,34.982084,30.640472,21.269380,23.504585,32.505312,31.246571,33.161768,30.391041,24.161368,31.558033,30.518657,25.397902,26.623449,31.063942,28.152628,31.512587,30.508504,30.160322,24.506800,28.956956,28.802831,29.925609,27.224404,31.759406,28.495273,30.972918,28.329406,28.253781,28.847758,29.212163,29.352650,31.823213,25.711479,22.635299,30.931010,30.938975,30.003392,29.016429,32.139399,25.705931,31.845206,27.538167,27.313111,31.094046,27.315472,30.576674,25.470479,29.535270,25.855754,30.220069
Trường Mầm non Thịnh Liệt (cơ sở Giáp Nh,20.892158,21.611433,0.000000,20.617371,17.091198,21.364484,19.379862,23.142136,21.516089,23.595802,20.006580,23.531525,21.194289,19.561277,21.892247,24.742866,24.199621,21.925718,18.927698,23.987846,24.223968,22.131014,21.271714,23.906340,24.120826,21.685990,24.808717,24.572578,25.787265,22.531603,20.535270,22.611666,19.196954,24.524292,18.319196,23.984308,24.834831,21.222737,23.441508,19.870244,23.317660,25.487018,23.709644,24.486473,21.408671,21.998985,25.937051,21.335236,24.972853,23.981685,25.681657,24.504874,20.592777,22.948932,24.869085,23.658137,23.171594,18.928664,19.988626,23.126870,27.990034,24.574637,26.578996,23.908474,25.063304,22.396689,23.327294,29.881856,25.764527,22.236728,21.844032,26.839747,26.574753,27.040785,25.656126,24.996669,29.974262,27.853910,21.137488,24.223276,28.322030,27.467288,27.940949,27.259996,21.844033,28.186464,26.853678,22.861135,24.369031,27.626575,25.778032,27.629998,27.387979,27.045893,22.071685,26.473289,26.349246,26.923879,24.890506,27.997796,25.978609,27.995072,26.170952,25.828530,26.100656,26.565393,26.740653,28.106744,23.659868,23.657927,27.725181,28.125222,27.338816,26.612889,28.899928,26.256191,28.706310,25.399450,25.593597,28.044701,26.244242,27.877194,24.600563,27.150979,24.973045,27.776776
Trường Mầm non Hoa Mai,24.214841,25.710740,19.789535,0.000000,22.908694,21.846548,22.853458,19.026992,22.044339,24.395499,19.669345,26.264944,21.912450,13.843032,22.636083,23.651586,22.546324,22.711395,19.111051,26.233284,25.510275,28.208433,23.984926,24.849930,24.849595,22.333687,24.851643,23.602391,25.326646,23.253545,23.855122,26.685057,24.239199,22.637916,23.516269,24.953783,23.738204,23.590124,24.122027,25.721932,23.448146,27.854356,23.758394,23.641999,24.732988,22.536479,28.056288,25.992914,22.086640,22.466172,26.805354,25.297959,23.877576,23.435596,25.721890,22.937798,23.702294,22.722850,20.233025,25.091333,28.350676,23.799568,27.634269,24.469796,25.762732,22.824600,23.453717,31.344371,21.964718,25.803433,27.788742,27.575606,26.498772,27.078310,26.566914,25.665047,31.281180,29.063809,21.423650,26.513107,29.337555,28.382083,29.181930,28.728011,23.949181,28.520099,27.720068,25.301351,23.911964,28.468406,26.333469,28.554837,28.168966,27.785148,24.317078,27.019144,26.892254,27.668451,24.522670,28.898031,26.564606,28.247318,26.636240,26.363881,26.728779,27.160563,27.342722,28.992099,24.114154,25.021627,28.488641,28.780470,27.950531,27.157483,29.674004,26.713365,29.452615,25.863786,26.002966,28.790935,26.189376,28.526440,24.461166,27.732693,24.855244,28.339263
Trường mầm non Vườn Hồng,24.867965,27.183596,17.573726,21.485605,0.000000,22.830169,19.773638,30.115979,23.024698,25.850639,20.708876,27.603650,23.258840,19.914755,24.007922,24.748350,28.695114,24.067597,19.480716,27.403038,27.597185,29.597905,24.820930,26.406527,26.028444,23.366209,26.176990,27.536003,29.980741,24.384167,24.820301,27.824051,27.039220,23.371548,26.381345,26.456108,24.625129,24.415281,25.169970,19.993668,24.588083,29.165962,24.633538,27.122797,25.459229,23.321710,29.280695,28.613841,22.651605,23.013591,28.531759,26.399614,24.509685,24.137758,26.942718,25.091294,24.431174,24.880919,20.626584,25.988629,32.188884,24.384148,29.276939,25.234509,26.733841,23.613349,24.559924,33.089527,22.684842,26.562041,29.587288,28.750356,28.818112,30.077142,27.831123,26.575184,32.952866,29.978394,21.835204,27.156834,30.851917,29.721553,31.087599,29.732314,25.082752,31.380718,29.041753,26.803853,25.752122,29.690750,27.091224,30.001865,29.222047,28.925952,25.518488,27.992085,27.850549,28.684114,26.442411,30.323977,27.464508,30.710939,27.491577,27.303877,27.764053,28.196800,28.337742,30.430484,24.747047,25.596577,29.717776,29.900454,29.006660,28.082706,30.959087,27.546050,30.697595,26.701490,26.567544,29.933623,26.913856,29.557816,25.046866,28.586794,25.441681,29.321344
WinMart+,24.046434,23.926928,23.313808,24.421003,22.525986,0.000000,20.020693,27.953346,21.270292,23.616355,23.481444,24.879062,22.386153,22.756250,23.202348,21.113166,27.759636,21.527630,17.460488,21.561249,25.520261,28.026188,22.245561,25.184574,25.526596,21.212908,25.781914,27.212532,28.651647,22.701188,23.494242,25.988972,26.916015,23.032273,26.456604,24.300945,23.208425,23.527245,21.344060,24.955463,26.279346,27.631138,23.291370,26.946212,23.725286,21.890509,27.933711,28.056476,22.695560,21.155391,26.068893,21.962165,22.721386,25.441644,25.086843,25.460030,21.411682,25.304785,19.187910,24.435632,30.241858,23.441150,24.004219,26.408154,23.980556,20.874359,24.228234,32.677129,25.331014,25.171332,24.323629,21.663943,28.249945,29.024738,24.090643,21.778596,32.490829,29.274126,21.629424,23.364417,26.695520,25.715358,28.320522,28.845068,23.588397,30.014715,24.997334,24.656235,25.917111,26.109721,24.050114,25.991752,25.809999,25.597734,23.911204,24.106720,21.002215,23.928654,26.454873,26.552639,24.592097,29.650666,22.075718,23.474538,24.663747,23.963404,24.335972,26.747044,24.982496,22.449829,26.493479,27.222639,25.086796,24.284008,27.978194,25.626319,27.802971,24.256341,23.434947,26.933352,26.858018,26.918004,25.134364,26.086253,25.501857,26.977532
WinMart+,14.460466,31.144838,18.547561,27.132586,29.098615,24.288394,0.000000,30.536610,26.178087,24.245614,26.860715,25.458467,25.498064,26.149767,27.239627,26.247030,29.700476,26.962998,21.838193,25.849696,30.397920,21.875505,20.252564,28.065235,23.586735,26.148918,26.680579,29.018479,30.036266,26.678106,19.297499,22.926281,20.010615,25.542871,19.254642,28.744330,26.426257,20.357273,24.278965,22.516592,30.494904,28.541587,24.261559,28.655900,20.859108,25.460960,28.813928,22.385577,26.014660,24.411889,30.129180,28.211054,19.659481,25.309256,28.904754,26.763417,23.759297,19.645221,27.805958,23.394381,31.506563,25.249203,30.325952,26.322084,28.258908,25.269987,27.039797,36.074921,27.249360,22.199111,22.694814,26.271174,29.364790,30.323658,29.237940,27.827659,35.105999,29.753610,22.123789,24.481757,31.357384,30.405776,31.796779,29.731543,22.204285,31.149699,29.795249,23.871455,26.996636,30.254757,24.429798,30.514067,29.899931,29.456745,22.418566,24.929410,21.899267,29.416639,27.525281,30.701394,24.588527,25.715274,22.769737,24.376335,28.303270,24.920982,25.250225,30.721288,26.172749,23.645236,30.013279,24.692175,25.930528,25.084440,30.961941,26.811627,26.717549,24.304929,24.084825,30.207634,27.283671,25.404189,25.472563,28.942565,25.831989,24.974580
Siêu thị Đức Thành,26.397318,28.953974,22.619899,19.503551,28.467079,24.747057,24.951172,0.000000,24.839602,27.567378,23.922684,29.067033,25.704019,16.855537,26.127232,26.209166,27.256676,26.252053,20.914003,28.668421,29.949088,30.801435,26.028634,28.174100,27.342598,25.205116,27.504073,26.342284,29.982998,26.088452,25.896085,28.979710,26.137919,24.414280,25.245487,28.219609,25.726637,25.480557,26.500210,27.470742,26.340859,30.330892,25.718429,25.989925,26.384332,24.674111,30.351965,28.250021,23.721144,23.951335,30.105675,27.731511,25.409481,25.221824,28.341188,24.016111,25.515764,23.753166,21.699780,26.868673,33.144093,25.194224,30.567597,26.216997,27.838857,24.555031,25.865322,34.054590,23.613341,27.410425,29.513244,29.601993,28.573064,30.138933,29.083210,27.575663,33.824522,30.647115,22.656899,27.756285,31.855012,30.705934,32.372261,30.540578,24.572386,31.796735,30.045100,26.419518,25.014755,30.574956,27.868343,30.971750,30.070624,29.747430,25.031260,28.642437,28.510283,29.535253,25.809665,31.225347,28.198998,30.905618,28.054074,27.983200,28.536278,28.881453,29.017393,31.301068,25.603424,26.081957,30.498539,30.545648,29.670039,28.710323,31.659499,28.076089,31.403685,27.310655,27.097069,30.668194,26.718729,30.195804,24.795529,29.216477,25.211710,29.873394
WinMart+,21.843222,24.851804,20.539136,21.580353,18.985693,19.623701,22.053393,25.857428,0.000000,24.568452,20.993135,26.894990,19.339154,20.380445,19.429711,22.712040,26.322884,21.946026,16.452528,26.816076,23.119498,29.460118,23.851565,26.766770,26.012566,21.396100,25.519611,26.079456,27.755838,23.323824,23.906304,27.400384,26.001723,22.469393,25.442261,23.263421,23.739568,23.556751,24.814354,26.049695,26.321400,28.999909,23.785795,25.884885,24.841821,22.136299,29.153165,27.390039,21.570361,21.979751,26.000832,24.113897,23.816582,23.526549,24.588558,24.534180,23.918682,24.353159,18.985078,25.427471,29.822373,19.897534,24.607795,25.026647,24.907842,22.851795,23.553187,33.562628,21.727832,26.141382,28.599754,25.752653,27.698360,28.482921,25.852848,24.921093,33.269383,29.949573,20.901019,21.149376,27.528680,26.380911,29.314389,29.691822,24.747751,29.653120,25.555624,25.242723,25.184250,26.743250,24.375807,26.680640,26.386544,26.095866,25.135719,25.715333,25.553867,24.292626,25.771649,27.256990,24.912460,29.281781,25.460271,24.870425,25.019214,25.729835,25.943348,27.455833,23.258379,23.867025,27.064312,27.720024,26.765533,25.880791,28.634842,25.676704,28.420837,24.478856,24.726224,27.505551,26.587424,27.398170,24.845145,26.508148,25.223198,27.380984
Siêu Thị T-Mart,22.963854,23.006317,22.204026,26.077720,25.225560,23.534022,18.237562,29.513251,23.962540,0.000000,24.142590,25.473289,27.428517,23.408549,24.796767,17.197235,28.983208,24.829488,20.180275,20.599079,27.290246,29.822800,21.734418,27.304852,20.552217,23.906873,28.160609,28.237864,29.582191,25.003231,23.522994,26.822008,23.604231,22.817702,27.355918,26.500504,23.034149,23.488916,23.590968,25.260312,28.234098,29.155026,23.164805,27.927647,23.743472,23.700828,29.357163,24.789953,23.807077,20.426012,28.033796,23.384721,22.523415,23.258156,26.862893,26.277177,23.102847,26.139319,20.743349,24.629051,30.915454,23.406320,25.508160,24.770113,25.117295,24.134942,25.795452,35.640689,25.937278,25.496882,24.423374,25.574850,28.880385,29.713812,27.565034,22.938942,35.042818,30.244013,20.472853,23.320893,27.666049,26.718501,30.046022,29.986811,23.573765,30.587038,26.080916,24.802620,26.610158,26.979234,23.310595,27.008289,26.659717,26.461513,23.930637,24.259495,20.690933,24.912476,27.133663,27.474652,23.729397,30.196062,21.950447,23.534604,25.542886,24.095105,24.515124,27.627902,25.725638,22.318150,27.294706,24.055571,25.382954,24.451671,28.630008,25.934952,26.400534,23.776439,23.413564,27.631516,27.115598,24.919850,25.383352,24.201218,25.745255,24.579420
Trường Trung học cơ sở Tân Định,23.931339,26.119670,20.779397,20.831427,24.511565,22.577267,23.350042,25.203132,16.854104,25.425526,0.000000,27.238151,23.077232,15.826242,13.480969,24.506425,19.743374,23.890887,19.500984,27.107321,18.758508,29.228136,24.647625,26.079310,25.765587,23.259534,25.775498,25.783712,27.501415,24.236102,24.549930,27.555397,25.773146,23.238003,25.198494,17.751740,24.458524,24.276113,25.006004,26.354386,19.481748,28.858335,24.473107,25.621381,25.311021,23.241685,28.990979,27.223921,22.584440,22.934008,20.939401,20.196486,24.396064,24.035923,19.311899,24.317249,24.319837,24.136653,22.926430,25.779144,29.689383,24.281995,23.222917,25.102895,21.713683,24.788289,23.426336,32.621325,22.485468,26.401458,28.501163,24.831874,27.557200,28.335997,22.086927,22.070495,32.449744,29.748128,24.152136,24.470678,26.298231,25.264085,25.086185,29.490994,24.630986,29.544499,24.473851,26.092884,25.013372,25.734686,23.632015,25.562355,25.457927,25.202978,25.013926,25.048028,24.890722,24.907029,25.611858,26.192851,24.182372,29.174359,24.893612,24.212990,24.242431,25.012381,25.214072,26.408976,20.969796,23.424401,26.167910,26.979882,26.053816,25.222003,27.765041,25.153919,27.584667,23.897268,24.227168,26.650616,26.525325,26.662496,24.778595,25.840313,25.161964,26.748969
Trường Tiểu học Hoàng Liệt,27.464822,29.244331,25.774907,27.076729,28.365550,25.211156,28.510623,29.460183,24.647864,26.021796,26.872689,0.000000,26.449026,26.319390,27.152326,22.078238,29.094350,25.177477,22.289081,18.165957,29.556776,26.030902,17.523287,26.488120,20.596944,24.596683,22.737204,28.650496,29.460192,25.197380,15.031572,22.646851,23.591509,22.617504,24.278094,28.408194,22.831462,18.489613,21.987413,25.128594,29.856953,25.556414,21.353209,28.350500,22.247968,24.263798,26.284994,24.660363,23.688912,22.198594,29.538876,28.074828,21.045717,23.129994,28.654319,26.792639,21.924703,22.527456,21.980020,22.072931,30.815423,23.187858,29.777022,24.407860,28.161696,23.669209,27.059151,33.208830,25.215289,23.378108,24.343429,24.996439,29.043624,29.793190,28.926031,27.791356,32.790734,28.589967,20.474603,23.083952,30.770415,24.686273,30.975071,28.151580,22.917569,30.523710,29.451388,23.214984,27.006320,24.803299,23.193695,24.846480,29.621464,23.980284,23.127152,23.769148,20.479885,29.201690,27.463689,30.251837,23.349177,26.766145,21.630470,23.104423,24.793340,23.621067,24.014425,30.280400,26.347532,22.689779,25.574874,23.578965,24.800323,23.945695,26.702437,25.994937,25.747554,23.317333,23.141433,29.926321,27.658038,24.406797,25.875838,23.814934,26.219826,24.066818
WinMart+,24.009187,24.804682,21.938781,23.162120,20.732591,20.235680,21.499334,27.438251,19.165979,26.102784,22.435162,25.775662,0.000000,21.736563,22.255364,23.347998,27.396186,19.541097,15.043568,22.853397,24.844118,28.299412,23.254902,24.670197,28.098805,19.730388,26.687219,26.890694,28.502436,21.686293,24.503766,26.520326,26.620740,19.441302,26.117183,23.879466,24.297991,24.330183,20.818433,25.452067,26.145298,27.959879,24.338100,26.643734,24.334111,21.078041,28.185704,27.898929,18.325921,22.217373,25.916584,21.355087,23.387986,20.601258,24.842079,25.112948,21.085876,24.948696,18.350415,24.951397,30.327238,17.448875,23.575688,22.834041,23.641812,20.509537,23.962198,32.337840,19.349522,25.602014,28.908476,21.511312,28.138182,28.981844,23.771544,21.293121,32.194888,29.305379,18.716111,19.516282,26.654606,25.561600,28.459460,28.947447,25.061671,30.061477,24.778799,26.563302,25.661048,26.007039,23.803615,25.885333,25.683044,25.467002,25.455909,20.696832,17.407938,23.645537,26.233370,26.507224,24.393852,29.661002,19.003555,19.888078,24.473183,20.235345,25.441873,26.724920,24.820914,20.312716,26.446404,27.221935,21.606928,20.925001,28.047020,23.339763,27.855282,24.080808,20.682843,26.921737,26.749929,26.901177,24.997746,26.010599,25.375728,26.960340
WinMart+,21.676724,23.264502,18.884450,13.128697,20.993993,20.531822,21.896917,16.029084,20.841264,23.019152,14.805311,25.039394,20.600551,0.000000,15.790287,22.514760,15.485670,21.431053,18.480824,25.190266,17.841475,27.153267,23.192439,23.542688,23.726675,21.229307,23.698183,20.207174,21.253111,22.123771,22.895213,25.774004,21.623670,21.778243,20.868152,22.494465,22.803241,22.680788,23.081208,24.985411,21.623787,26.651306,22.829352,20.600085,24.060350,21.605236,26.900057,23.380072,21.384094,21.683288,23.981308,21.786508,23.261874,22.592371,21.089313,20.911580,22.813853,20.700422,19.563896,24.196897,24.762006,23.001318,25.735874,23.569099,23.734752,25.974457,22.083454,30.009828,21.203509,25.138441,25.935282,26.139139,24.248859,24.286846,24.231374,23.712139,30.023662,28.077025,25.280439,25.354235,27.751693,26.808324,26.721956,27.889404,22.640278,25.791120,26.135292,23.675771,22.125587,27.009084,25.096400,27.010017,26.746483,26.391829,22.837038,25.826329,25.698379,26.249982,22.668914,27.428019,25.274117,25.854078,25.534580,25.146176,25.399521,25.918276,26.102891,27.553748,22.593379,24.020009,27.144696,27.594215,26.757740,25.985384,28.419329,25.669205,28.217135,24.714923,24.936119,27.495042,25.335689,27.325891,23.761667,26.557809,24.147973,27.232975
Cục Dự trữ Nhà nước khu vực Hà Nội,24.420096,27.348661,22.782512,24.100804,24.213299,22.055289,23.835229,28.433494,18.509752,26.541868,16.887604,28.397125,22.617014,17.053340,0.000000,25.259837,28.100242,23.627969,18.819204,28.083502,19.746128,30.459364,25.249612,26.301448,25.876998,22.937953,26.707725,27.435033,29.025562,18.420886,25.161114,28.496939,27.046853,23.080374,26.570738,21.303683,25.009592,24.771291,24.993182,26.979478,25.108223,29.987661,25.023325,27.152564,25.829752,18.766524,30.040450,28.260230,22.351926,23.246367,24.756330,22.909906,24.819189,23.932325,23.364884,25.504154,24.243155,25.340093,24.707747,26.376453,30.726891,24.649742,26.568587,25.102878,24.038738,26.761255,22.589619,34.106413,22.374361,26.973885,29.148485,26.988944,28.459875,29.352039,24.936975,24.152681,33.822311,30.458435,25.692953,25.794863,29.175284,27.861906,28.890304,30.318722,25.281611,30.383500,27.025351,25.878686,25.984462,28.048141,25.322196,28.203511,27.584370,27.293007,25.675889,26.596196,26.428953,26.964291,26.557342,28.707371,25.857486,29.962792,26.215257,25.759541,26.073615,26.697533,26.914546,28.864536,22.534612,24.415928,28.264244,28.708943,27.713360,26.762048,29.788696,26.375858,29.529089,25.265455,25.348963,28.636606,26.875967,28.386882,25.113341,27.346231,25.485889,28.228682
Trường Mầm Non Đại Từ,21.374950,20.771846,21.083485,24.083194,23.117523,20.079938,17.898795,26.295766,22.120822,17.119987,22.703056,20.499634,23.209335,22.210289,23.258357,0.000000,26.513579,22.456556,19.364666,16.972043,25.140295,26.214303,21.300486,24.613772,17.690916,22.099708,22.308750,26.318156,27.340383,23.034863,20.293169,24.362023,25.226582,20.331783,25.861750,24.847718,19.646258,21.351638,20.312160,23.731219,26.360797,25.970809,19.997699,26.173987,22.534431,22.359628,26.441725,26.589065,22.019823,18.097508,26.198492,22.323558,21.590834,21.603244,25.376247,25.112021,20.615818,24.980631,20.106552,17.593217,28.715559,21.856229,23.880851,23.374913,23.896140,22.913662,24.572033,31.280829,24.377635,24.108829,25.817640,24.624247,27.417184,27.919701,26.064267,22.106055,31.248465,20.558338,19.238935,22.314951,26.007073,25.263084,28.009553,27.793991,24.559333,28.756485,24.679755,26.083936,25.537579,24.427698,22.426496,25.461394,25.390953,23.607876,24.953417,23.367352,19.578082,23.857588,27.207373,25.932151,22.835327,29.470877,21.057556,22.548589,24.558180,23.100967,23.569653,26.101648,24.757730,21.581534,25.457361,23.185572,24.517982,23.573932,26.750498,25.249814,25.648872,22.998519,22.733884,26.356866,27.404527,24.158571,25.637179,23.531226,25.988031,23.858056
WinMart+,27.001865,29.281756,24.033726,22.469668,29.562517,25.726286,25.696983,24.611832,25.806137,28.185212,19.066679,29.634325,26.872917,16.410844,27.075435,26.892118,0.000000,27.313452,21.914992,29.190057,30.792312,31.184814,26.668942,28.859891,27.890862,26.210898,27.868514,21.931676,24.895642,26.975222,26.321589,29.450315,23.447692,24.982676,22.398850,28.980086,26.271589,26.037952,27.174583,27.907846,23.321965,30.735154,26.255743,22.328567,26.867939,25.458628,30.723634,25.937014,24.383700,24.519964,30.627096,28.348724,25.918667,25.833075,22.485991,22.000077,26.116881,21.717647,22.438663,27.216071,29.680488,25.652473,30.868488,26.737461,28.356483,24.954265,23.433908,34.109388,23.981306,27.810571,28.112880,29.782140,26.624505,27.526899,29.596467,28.050910,33.801073,30.859520,23.196006,28.021409,32.037208,30.973832,32.567307,30.811302,23.633139,29.460306,30.305420,25.255919,23.410949,30.814145,28.228874,31.109521,30.374945,29.945661,24.043004,28.670156,28.549435,29.862251,24.161429,31.318880,28.453334,28.946559,28.088714,28.080209,28.714622,28.965678,29.148682,31.351648,26.077212,26.259001,30.574162,30.513346,29.664098,28.817430,31.608216,28.059358,31.334396,27.421240,27.335704,30.793476,26.161346,30.280430,24.324899,29.424718,24.745788,29.863500
Cà Phê Parkland,23.890752,24.826643,22.110449,23.209718,21.149543,21.362160,21.949880,26.695941,19.961088,25.978021,22.562951,25.759913,20.122471,21.935548,22.346369,23.715011,26.894749,0.000000,16.679165,23.163498,24.683111,28.017877,23.480717,22.562142,26.664569,13.490821,26.440947,26.549406,27.966533,18.015602,24.576119,26.430688,26.368769,19.222338,25.899018,22.915651,24.434657,24.443141,20.141291,25.458899,25.316288,27.719033,24.463198,26.352732,24.424987,18.731162,27.946344,27.568900,18.337349,22.515900,25.078090,20.497459,23.541312,20.161666,24.100962,25.000005,20.543452,24.847182,16.475441,24.947856,29.700546,17.570755,21.953444,22.030968,22.535709,20.113594,23.303806,31.667609,19.137702,25.597959,28.614726,24.317968,27.829111,28.547778,22.698227,20.087436,31.585478,29.075405,18.664693,19.393852,25.888155,24.698693,27.736939,28.703167,24.988593,29.568130,23.786099,26.379939,25.528642,25.311016,23.034816,25.073818,25.009253,24.758660,25.360826,24.724938,24.547807,22.736194,26.068433,25.834480,23.696976,29.244349,24.600738,23.786636,23.741315,24.645004,24.868781,26.105447,24.219333,23.081200,25.876149,26.826735,25.820490,24.910131,27.681769,24.905684,27.484803,23.500621,23.886478,26.420082,26.654286,26.469693,24.952425,25.563580,25.319431,26.598620
Trường Mầm non Định Công (Cơ sở 3),21.171554,21.502912,19.781864,20.224984,18.448874,16.617519,19.987163,21.599254,17.650715,20.693226,19.836805,22.358077,14.861626,19.792562,19.817519,20.155330,22.554511,15.631750,0.000000,20.762638,21.228623,24.375025,21.258652,18.153801,18.273370,15.470356,21.979201,23.231633,23.762217,17.342907,21.469213,23.406554,23.613499,15.981664,23.184892,20.751367,14.845690,21.744470,15.411779,23.134904,22.441979,24.086456,21.412088,23.252530,22.362860,16.833546,24.454494,24.587785,15.209952,20.436147,22.185120,19.437555,21.733591,16.922465,21.983957,22.858528,17.281470,22.722745,15.862077,22.548205,25.620272,15.233502,18.524717,19.169856,19.637789,17.391186,21.415464,27.094799,16.532743,23.410114,26.177785,18.744688,25.088324,25.239307,19.648817,18.229615,27.316546,26.228801,16.440710,17.623695,21.337445,19.203567,24.121261,25.806249,23.507159,26.153329,20.194619,24.321236,23.497744,18.386618,17.802656,19.482558,21.449965,18.330259,23.663111,18.774218,15.690542,19.971246,23.896397,21.654683,18.403146,26.158269,17.356941,17.959174,18.321526,18.213490,18.696813,20.565018,21.621160,18.754667,22.145875,18.819191,19.572255,19.005763,23.615773,21.525763,20.812709,19.098035,19.142336,22.668301,25.538853,19.821826,24.114340,22.539929,24.457888,19.904728
Highlands Coffee,26.667554,27.880961,25.403211,26.562593,27.518037,22.013052,27.645268,28.518840,22.639812,21.431711,26.396797,15.811271,23.558251,26.006727,26.647415,18.552497,28.380262,22.928022,20.717649,0.000000,28.737831,25.500739,19.003470,24.342726,18.315964,22.642140,14.368662,28.143761,28.785153,23.268097,11.863986,22.890986,23.602352,19.960747,24.218413,27.827314,19.547299,14.484754,19.988880,24.951382,29.147350,25.114819,12.617571,27.900767,22.463890,22.692224,25.746851,24.529868,21.392073,12.745412,28.854485,27.619285,21.404135,21.055524,28.145170,26.551699,20.311071,22.615129,20.810578,22.232454,30.098145,21.194584,23.716826,22.342802,27.751752,21.983788,26.700174,31.270805,22.804944,23.428280,24.284961,23.462531,28.630269,29.266080,28.398269,27.421116,31.170831,28.009941,19.169288,21.682917,25.377873,23.333889,30.193393,27.556806,22.929762,29.953996,24.320631,23.194999,26.768956,23.340029,21.933000,23.497325,24.991580,22.717138,23.121720,22.458780,19.312760,23.721806,27.194220,25.318150,22.039918,26.524505,20.566280,21.777978,23.525641,22.214173,22.621391,24.042004,26.154897,19.401875,24.295998,22.347860,23.409057,22.659781,25.411886,22.565430,24.418325,22.234955,22.129151,23.058873,27.508015,23.205016,25.797522,22.745149,26.135910,22.989046
WinMart+,23.673569,25.878781,21.529169,21.693775,23.072286,21.631810,23.367917,24.977757,18.755819,25.421816,19.446470,27.283875,22.004434,18.487378,15.255000,24.511048,20.907132,22.922023,18.911714,27.161156,0.000000,29.269366,24.698969,25.944915,25.106817,22.485983,25.758033,25.614586,28.702862,26.504927,24.534092,27.606618,25.629661,22.721202,25.122485,20.223009,24.455613,24.275662,24.383268,26.391807,19.526516,28.906601,24.473767,25.489835,25.348494,24.073258,29.037120,26.921020,22.125841,22.974341,25.072162,22.687639,24.433951,23.558095,23.252266,24.345857,23.841993,24.182695,24.814651,25.760679,28.961136,24.307860,27.184103,28.050287,24.082645,26.992116,22.247483,32.599068,22.041235,26.440142,28.163242,27.294279,27.248635,27.875003,25.215009,24.205572,32.418027,29.761039,25.873084,25.947920,30.075754,28.496215,30.209516,29.520916,24.610218,28.965115,27.477840,25.919884,27.418556,28.606433,25.492935,28.832808,28.111718,27.629957,24.970293,26.719871,26.530134,27.400154,25.516748,29.348558,25.977645,28.695157,26.249950,25.807849,26.201612,26.851633,27.084835,29.495702,22.362336,24.346827,28.675656,29.029296,27.937263,26.878183,30.309437,26.405178,30.005724,25.239916,25.432713,29.074112,26.424310,28.675768,24.745616,27.607754,25.117694,28.428635
WinMart+,27.825126,31.280811,25.921385,27.475073,29.406129,25.079831,25.400151,30.695725,26.635793,25.461529,27.413739,25.814582,26.146462,26.797014,27.722295,24.232875,30.007110,27.418130,22.515350,25.957441,30.718601,0.000000,22.433635,28.397941,24.000921,26.630210,25.779494,29.366611,30.283083,27.107099,20.792814,20.092603,21.635817,25.561745,22.467318,29.126890,26.235269,21.984209,24.524159,22.674858,30.747402,21.751705,24.131158,29.024662,18.915369,25.898630,23.259923,22.507065,25.996152,20.858021,30.399526,28.569687,17.566127,25.399037,29.254440,27.125346,24.059706,20.853100,28.063144,19.822148,31.683062,25.334577,30.533949,26.225874,28.569083,25.287190,27.383706,31.552969,26.875060,20.970088,22.772170,29.510146,29.605972,30.558343,29.523106,28.127052,26.109535,27.330668,22.593260,24.628405,31.481458,30.576029,31.923807,24.162370,20.917404,31.333259,29.992059,20.694852,27.309389,30.417694,28.326464,30.665410,30.078723,29.635450,21.057867,24.955198,22.308936,29.613436,27.818021,30.834030,24.693961,25.661258,28.274959,24.497539,28.510747,24.979399,25.274082,30.849659,26.511925,27.730823,30.160960,24.762176,25.855345,25.125865,31.049164,31.120057,30.798940,24.405046,24.229981,30.345418,27.226045,29.868328,25.443641,29.101492,25.797535,25.011438
Trường Mầm non Hoàng Liệt (cơ sở Tứ Kỳ),23.945912,24.389217,23.195728,24.529949,25.112742,23.977449,24.779502,26.284466,24.125379,24.132324,24.355903,18.269999,24.936516,24.129222,24.700338,21.876178,26.447499,24.182979,22.155918,20.208177,26.640282,21.525653,0.000000,25.237404,20.822562,23.827187,19.849854,26.519388,27.061527,24.301025,17.845571,19.597560,21.985614,22.227972,22.642906,26.012488,22.339658,15.819847,21.797279,22.882087,27.402387,21.419458,17.472916,26.403764,20.161893,23.640423,22.503754,22.684954,23.094951,16.396681,27.114301,26.041575,19.232014,22.683402,26.515532,25.368368,21.765626,21.311470,21.800124,19.969932,28.501037,22.717525,27.542910,23.643908,26.322346,23.081249,25.263895,28.254801,24.072714,21.346520,22.910870,24.213092,27.466345,27.950540,26.857259,26.077517,28.550625,26.210966,20.572335,22.688578,28.707001,28.028043,28.589043,25.350915,21.806226,28.693016,27.538782,21.824268,25.698313,24.082190,22.815096,28.115783,27.867813,27.530935,21.951224,23.203607,20.495406,27.488993,26.110100,28.358466,22.894848,25.313173,21.442447,22.665187,24.112161,23.082252,23.420163,28.413686,24.963792,19.892380,28.034253,23.076540,24.064476,23.388357,25.742926,22.787672,24.891609,22.886281,22.774324,28.276899,26.948307,23.802959,25.314979,23.339927,25.652515,23.533942
WinMart+,28.475668,30.573318,23.529258,24.582160,29.581628,24.229982,23.199374,27.449089,22.442654,27.074678,23.679899,26.479119,24.455184,25.775649,26.428961,25.076755,27.459775,22.999857,19.375315,24.220088,26.290789,28.292834,24.378950,0.000000,27.371595,23.358030,27.086341,27.071601,30.702029,25.266410,25.425772,26.911114,26.811204,23.285108,26.412360,23.190841,25.314836,25.164966,25.555409,25.957957,27.360524,28.021108,25.320699,26.863166,25.029179,23.187767,28.190307,27.832189,22.501368,23.467173,26.970580,19.122159,24.217281,24.246679,24.995953,25.783462,24.594984,25.393075,19.407003,25.498233,29.954564,20.732765,26.679881,25.502825,25.021064,26.811330,23.705223,31.442372,22.468923,26.042742,28.971444,27.100805,28.343363,29.077954,26.472882,19.370355,31.383366,29.129827,25.586842,25.715548,30.013121,28.290430,30.956937,28.817246,25.303638,29.969457,27.217154,26.656960,28.444663,28.451006,25.150212,28.692251,27.855363,27.473968,25.664221,26.614665,26.419130,27.106855,26.678295,29.271005,25.778343,29.637196,26.165650,25.652197,26.004695,26.733282,26.973097,29.443006,23.291470,24.226156,28.609374,29.024000,27.884685,26.783678,30.348329,26.347037,30.033144,25.096598,25.235727,29.039172,26.894304,28.650157,25.198562,27.483490,25.554698,28.418433
WinMart+,25.650672,26.283814,24.705521,25.700772,24.653289,25.655407,23.498890,28.138663,24.137246,28.194462,24.998907,19.842256,26.404130,24.420225,24.659566,17.045628,28.067606,24.820607,19.323596,17.791285,26.498354,28.965940,20.567526,26.627860,0.000000,20.606782,19.760927,27.620030,28.676242,24.944283,19.579637,27.437835,27.294665,20.877385,26.949997,25.496131,17.303346,20.433407,23.471786,26.322663,26.908780,28.639627,19.455843,27.406304,25.340012,23.904086,28.781849,24.888436,19.028446,18.325417,26.757195,23.589517,24.474266,24.146954,25.933923,26.067362,22.679636,25.947328,24.187504,17.840034,29.908342,17.505245,26.796484,26.235055,25.056400,24.689698,25.080651,32.209066,20.330899,26.380334,24.580646,26.629709,28.345659,28.988334,25.130636,26.233092,32.083332,20.458366,19.200237,20.042070,26.906564,25.917091,28.419630,29.305653,23.810047,29.771702,25.262705,25.026327,26.388710,24.490348,22.317265,26.191927,26.005535,23.459737,24.116901,21.414130,17.432243,25.510988,26.842631,24.786013,23.062009,29.493308,19.305605,20.456739,23.026695,20.916897,21.473919,26.740947,25.162209,20.758084,24.136148,21.341673,22.540411,21.657126,25.150350,24.296068,23.891095,21.390666,21.216733,25.864910,26.955401,22.456650,25.313855,21.980560,25.659170,22.331434
Trường Mầm non Sao Mai,23.407000,24.129646,21.907242,22.833050,20.971969,21.152981,21.795967,25.487356,20.037897,24.776464,22.242636,25.116057,20.292439,21.777454,22.052016,23.152808,25.956444,18.125405,13.360175,22.870142,24.111961,27.205599,23.192042,20.969131,25.627327,0.000000,25.443505,25.882100,27.005680,18.015412,24.033704,25.834929,25.838163,17.267734,25.401681,23.192803,23.920031,23.999006,17.302317,25.055177,25.090812,26.971756,23.950032,25.749122,24.111389,17.444156,27.222240,26.967019,16.406040,22.330731,24.828886,20.116750,23.311907,18.216559,24.133682,24.655827,18.608844,24.509147,15.941460,24.529026,28.743051,16.186844,20.008358,20.386250,21.037975,18.511307,23.356614,30.505371,17.593297,25.221473,28.093838,19.720407,27.260827,27.816760,21.188512,19.127424,30.516619,28.500614,17.367278,18.402906,23.653061,22.757638,26.970162,28.079341,24.768710,28.782695,21.996320,25.985027,25.185885,23.491457,21.862470,23.087911,23.382529,23.158315,25.111842,23.488467,16.427854,21.433114,25.681854,23.856936,22.439270,28.556516,18.039378,22.621952,22.399230,23.326510,23.537504,24.144012,23.014028,19.392652,24.193104,25.338596,24.444530,23.691225,25.911771,23.896660,25.781489,22.475644,23.023823,24.764557,26.454208,25.018461,24.819554,24.279543,25.175307,25.319911
KFC,24.833406,25.946621,23.850691,25.382632,26.530973,25.300280,21.820997,27.901454,24.661302,27.028578,25.399435,26.663654,27.153388,24.734602,25.871229,20.239849,27.749374,25.416936,21.692442,22.987709,28.042517,31.697587,24.809967,27.114558,18.051680,24.655349,0.000000,27.364857,28.399844,25.430079,18.995543,27.892285,27.575883,20.546065,28.210379,27.247180,19.938647,20.918221,20.454495,26.295094,28.692736,30.937561,18.481131,27.167893,26.053114,24.313996,30.895536,29.602289,22.211068,16.734270,28.523089,27.063926,24.759702,21.762065,27.468377,25.888001,20.721707,23.610675,21.689295,16.869213,29.654089,22.009712,25.722865,23.543538,25.358234,23.120038,26.459151,36.598302,24.822340,26.717054,27.959842,24.796227,31.644900,28.774616,28.038652,23.457936,35.907359,20.307467,19.319072,22.413845,27.482842,24.454966,30.211050,30.983617,25.869934,30.952637,26.162877,27.766538,27.595823,24.540296,22.518102,24.742735,26.645200,23.726372,26.365797,23.677780,19.773970,25.147377,29.018608,27.348683,22.933277,31.891912,21.223693,22.751329,24.725417,23.302576,23.737918,27.507273,25.583675,21.495797,25.646700,23.392488,24.776693,23.731376,26.981688,25.655918,25.924936,23.162167,22.805172,24.035736,28.212386,24.298908,26.245883,23.606840,26.612883,24.035513
Trường Đại học Công nghệ và Quản lý Hữu ,25.706223,27.205291,23.603818,22.552679,26.880413,24.720708,30.148129,23.447604,24.814766,26.562618,24.506452,28.085267,25.427457,19.417274,25.637889,25.715069,21.595654,25.808819,22.070610,27.891404,28.175576,29.551882,25.974089,27.063124,26.545187,25.152082,26.447884,0.000000,19.653121,25.736208,25.366001,28.218488,20.190004,24.294641,18.999923,27.173919,25.337535,25.160587,25.985250,26.074943,25.283221,28.986629,25.323716,12.016054,26.230716,24.686365,29.061438,22.891361,24.006306,23.998956,28.469564,27.011022,25.433844,25.131297,24.368963,17.994465,25.327260,19.297051,22.287240,26.198535,23.725082,24.977718,28.844695,25.828815,27.217909,24.266316,24.300292,31.672284,23.423395,27.058966,26.074400,28.329291,23.408822,23.086192,27.964260,26.899775,31.549378,29.477729,22.861601,27.104893,30.014181,29.190708,30.121223,29.555521,22.357914,25.959115,28.634322,23.581416,20.481125,29.160202,27.315808,29.296241,28.886638,28.495178,22.587461,27.527362,27.436067,28.453538,21.235966,29.525141,27.312297,26.034556,27.104566,27.016705,27.492632,27.759205,27.928637,29.574990,25.528737,25.539871,29.042596,29.129534,28.389209,27.684828,29.987494,27.100679,29.764777,26.484959,26.530446,29.274820,25.313854,28.929288,23.567694,28.221852,23.997072,28.651069
Không có tên,27.859306,29.773630,25.633427,25.238450,30.247416,26.845783,33.379496,27.796969,26.873836,28.836486,27.244603,30.036862,27.977905,21.374543,28.034097,27.661169,26.615313,28.272179,23.239503,29.607022,26.969426,31.317171,27.362609,29.944246,28.483285,27.213380,28.398123,20.552432,0.000000,27.811380,26.967598,31.032267,23.810205,25.760342,22.568649,28.448441,26.958578,26.731224,27.845725,28.089634,28.154607,30.938569,26.934941,21.335042,28.366946,27.825405,30.913449,26.655258,25.212587,25.252820,29.516518,26.247465,27.436610,26.540403,26.171706,21.469235,26.791180,21.733221,27.650531,27.705001,30.312227,26.214204,30.579608,27.303836,27.503783,29.161994,26.420167,33.915255,24.721279,28.584400,24.981408,29.551177,26.589814,27.631998,28.666604,27.269193,33.650856,30.971230,28.018751,27.791027,31.847955,30.753787,31.667171,30.956978,23.740897,29.813996,30.058524,25.521513,23.111299,30.612725,27.949810,30.899563,30.134051,29.732983,24.182086,28.466477,28.343723,29.606657,23.927274,31.132404,28.221755,29.178964,27.902141,27.861849,28.481861,28.758846,28.948979,31.172002,25.405139,26.072509,30.396104,30.361033,29.489666,28.630049,31.478235,27.896529,31.198078,27.212580,27.124678,30.630384,26.133941,30.127795,24.261083,29.246343,24.687268,29.720423
WinMart+,20.394280,21.673780,22.852813,23.779868,18.846462,22.945714,22.630200,26.224050,21.574839,25.739613,24.873305,25.707083,22.796384,26.382618,27.047560,24.128454,26.531177,19.452510,18.846570,23.611007,27.193803,27.545611,23.825375,25.147051,26.292948,17.421200,26.050387,26.348542,30.321564,0.000000,24.659084,26.263920,26.223850,18.368296,25.825383,25.064829,24.577004,24.554669,18.891337,25.447328,27.841762,27.308426,24.596729,26.195419,24.557845,16.631878,27.521395,27.250531,17.598144,22.981322,27.484806,21.583248,23.790999,19.262292,25.967913,25.059225,19.611163,24.923377,14.438727,24.938986,28.935199,17.059718,22.969916,26.738090,23.347242,25.377550,24.588049,30.553711,18.431199,25.571413,28.249295,25.529697,27.497409,28.058729,23.572177,19.827602,30.554142,28.638933,24.365431,24.731572,28.491783,26.514518,30.343927,28.262081,25.010682,28.944006,25.182679,26.209172,25.514748,27.012972,23.675110,27.044584,26.501513,26.039273,25.348334,25.569387,25.340947,23.417488,25.984052,27.898965,24.414788,28.713148,25.231943,24.442603,24.556105,25.560573,25.824698,28.171118,25.080626,23.339482,27.437061,28.171176,26.925454,25.747804,29.531127,25.517631,29.212096,23.988460,24.377482,27.996085,26.568583,27.737939,24.950083,26.550870,25.300500,27.641906
Không có tên,23.729531,24.093732,23.078999,24.361328,24.985275,23.452094,21.325789,26.114516,23.644885,23.445846,24.336252,23.832602,24.991699,23.853659,24.756090,20.054174,26.299489,24.087837,21.340976,12.032661,26.410569,28.255886,18.323286,25.543137,18.561018,23.637862,19.637945,26.183628,26.995334,24.287151,0.000000,25.894809,26.292764,20.308360,26.862436,25.974791,19.885308,17.093753,20.293470,25.127375,27.226209,27.908381,13.200625,26.070614,24.864473,23.541699,15.849317,27.736750,21.591656,13.042575,27.084567,26.004845,23.869715,21.294310,26.312529,25.165432,20.540807,23.110653,21.427179,15.139495,28.184607,21.504384,24.755977,22.702850,24.598265,22.477271,25.532975,32.490435,23.387645,25.496958,26.750174,23.991283,30.109874,27.559470,26.861034,23.000482,32.382913,19.521908,19.392617,22.000176,26.391543,23.791659,28.627300,28.947216,25.239604,29.440404,25.282933,26.832012,26.716899,23.807233,22.132206,24.040031,25.803911,23.187800,25.648997,22.964661,19.698969,24.489473,27.911726,26.342791,22.475571,30.200820,21.695564,22.263351,24.072028,22.726152,23.138968,26.476434,24.958401,20.849664,24.873073,22.855472,23.969457,23.180705,26.035035,24.649993,25.012466,22.735647,22.460406,23.544060,27.725652,23.720738,25.927411,23.164507,26.278142,23.517180
WinMart+,26.203256,27.726189,21.865650,26.336026,27.455195,24.285402,26.250584,28.598923,25.741096,24.343357,26.245562,27.210894,25.234919,25.873051,26.539066,23.588136,28.434888,26.433236,22.401839,27.075662,28.848964,19.407355,22.231255,27.345318,24.922019,25.865854,24.813281,28.211562,28.866618,26.299686,22.317446,0.000000,22.252322,26.289986,23.020423,27.837041,26.944735,21.851239,25.277705,23.457925,29.263129,16.799471,23.678803,27.962058,15.662081,25.364146,18.802087,23.156858,26.635720,18.851806,28.955261,27.592591,14.492553,26.067769,28.152341,26.511656,24.778644,21.383984,27.411396,26.954426,30.253422,25.974655,29.227192,26.755997,27.721169,25.821958,26.618340,25.066386,27.293915,18.677395,23.246100,28.648739,29.459171,29.411068,28.431583,27.373521,24.552221,24.405684,23.375126,25.194952,30.243828,29.485021,30.381721,22.653395,20.257360,30.140145,28.970311,19.801691,26.743613,29.433474,27.695998,29.567099,29.177715,28.788950,20.374815,25.402231,23.008518,28.771290,27.226902,29.769416,25.205419,25.939813,26.802085,25.019344,27.828242,25.476424,25.736932,29.802859,26.050782,26.248771,29.281911,25.227275,26.247297,25.578570,30.146368,29.514087,29.933367,27.647554,27.008710,29.494160,27.313624,29.148487,25.551533,28.480153,25.900269,28.116435
MM Mega Market Hoàng Mai,31.881098,34.511909,26.397037,22.030675,32.277297,29.193302,33.466404,22.252895,29.622931,30.194984,23.359903,33.288078,24.098973,19.970256,30.575768,30.842056,21.212310,24.447168,21.868946,32.145285,32.901128,30.522399,28.414174,25.472746,28.202961,24.085149,30.872536,19.847836,21.891460,24.554563,26.069193,30.199497,0.000000,29.652586,12.270972,25.399933,30.717505,27.088925,28.161181,26.223234,25.154848,32.801397,28.694638,20.300455,26.956017,23.891224,32.588285,17.718609,29.644183,28.225558,26.113149,24.529183,25.847115,28.932143,24.451544,20.733772,27.289716,14.538378,22.046463,27.974851,24.784699,28.744368,26.994056,29.468165,25.593705,28.206282,24.314712,36.326334,30.157387,27.333486,21.052033,28.686303,24.220852,24.253372,26.025152,25.411595,35.700318,31.822837,28.641366,27.354525,28.218049,27.573004,27.624110,32.315667,21.271857,25.846567,27.098129,22.883572,22.029758,27.664967,27.900625,27.668654,27.488346,27.166222,21.549726,28.136435,26.943885,27.119738,23.634181,27.930748,28.016630,26.175455,25.436954,27.868673,26.366814,28.417272,28.625869,27.998828,24.444607,25.962557,27.676287,27.870499,29.051303,28.292284,28.581873,28.582487,30.911404,28.446269,26.994328,27.938833,25.487467,29.644583,23.837522,28.780859,24.234781,28.920844
Trường Tiểu học Đại Kim,23.197915,23.264688,22.683470,23.167415,22.057212,24.274132,21.074607,24.662214,21.600629,22.402752,22.753536,23.081915,19.271300,22.394765,27.940068,19.926769,25.118848,21.087327,16.528561,21.152184,23.934040,26.992710,22.947961,22.149710,20.813847,17.592173,20.170578,25.170898,25.930447,18.794550,19.844322,25.109668,25.702078,0.000000,26.233521,27.125529,12.514448,20.646954,16.814826,24.527125,28.324001,26.759277,18.061478,25.113615,24.356646,18.274651,27.053851,26.913480,14.656142,19.494412,28.181520,24.749878,23.487175,19.739616,27.316586,24.404389,18.786774,22.880024,23.107515,24.284825,27.205750,17.239448,25.787927,23.614905,25.548465,22.798385,26.308122,30.784345,17.760326,24.950954,26.176684,25.369760,29.345655,26.677668,25.621498,25.422741,30.785101,21.136082,17.158616,18.701571,25.921069,24.836836,29.574588,28.026546,24.914198,27.434616,24.215198,26.316708,24.847214,23.184193,21.155050,25.150050,25.169265,22.307114,25.289933,20.333958,16.060814,24.653683,27.352850,23.837883,22.006649,29.370673,18.257636,19.246436,21.957102,19.662874,20.298438,25.877162,24.453273,20.805442,23.227013,20.313202,21.484493,20.605524,24.374829,24.544685,23.015958,20.506650,20.389883,25.130939,27.443965,21.554575,25.743909,21.158179,26.083735,21.522059
Không có tên,18.987993,32.465687,17.981647,22.186155,25.202432,23.943113,31.254214,22.502948,24.042041,29.094951,23.605072,31.360145,24.376053,19.969603,24.589705,29.754694,21.378182,24.726546,21.950507,30.669748,26.444612,29.275600,27.610339,25.789675,27.591134,24.323809,29.742136,19.843876,22.208035,24.809740,25.628622,29.096421,12.977560,28.857072,0.000000,25.730358,29.700171,26.520996,25.133100,25.724998,25.487060,31.309627,28.022658,20.346191,26.474387,24.083663,31.241184,14.149557,28.961712,27.700493,26.465765,24.760442,25.506137,28.337118,24.706002,20.790815,24.710936,14.158115,22.142654,27.394669,25.318987,28.178061,27.362210,28.843891,25.848753,27.733963,24.574266,34.469216,29.378979,26.848524,21.314246,27.277378,18.535006,24.623819,26.332229,25.649239,34.080021,31.004295,28.188189,27.012650,28.594074,27.912015,28.030797,31.324683,21.406582,26.309146,27.420303,22.815871,22.152598,27.983185,26.480650,28.011557,27.786567,27.451622,21.646653,27.731391,26.621294,27.407144,22.746427,28.268786,26.490029,26.310241,25.250233,27.478098,26.608913,27.979634,28.182549,28.336708,24.615197,25.770922,27.972239,28.208116,28.583680,27.896770,28.893843,28.225292,28.714453,28.072557,26.750088,28.231080,25.466739,28.028415,23.827149,27.413541,24.224508,28.526719
Không có tên,27.017582,29.608071,25.236386,26.749222,28.310125,25.083701,25.895783,30.767270,23.491271,28.623870,19.831809,30.130562,26.288956,23.547613,23.066265,27.199109,30.066293,26.827913,21.318710,29.608296,20.266594,31.708575,26.934375,25.948779,27.592251,25.727644,28.194286,29.055944,29.587597,26.585603,26.521472,29.858249,27.104641,24.628660,26.673888,0.000000,26.488151,26.236215,26.858849,28.166282,24.550460,31.220710,26.470715,28.687325,27.082433,23.671778,31.169336,28.211465,24.021102,24.642875,23.845069,21.318596,26.094061,27.005248,21.864640,24.666923,26.726613,25.519526,24.633045,27.429767,29.076136,26.311771,27.635752,28.285950,23.348344,27.157441,21.218774,34.701418,25.480953,28.052377,28.370728,27.523173,27.527292,28.201952,24.527586,23.605958,34.327533,31.142122,25.844545,25.924457,30.992501,29.027687,30.887425,31.157955,25.358664,29.254967,27.814188,26.724007,27.774591,29.070101,25.420969,29.429974,28.423012,27.897980,25.738675,26.826163,26.614461,27.599499,25.783224,29.979425,26.006042,28.954889,26.300282,25.826412,26.260167,26.983773,27.235674,30.126776,21.724511,24.263585,29.083806,29.376374,28.170314,26.992729,30.866404,26.462354,30.506593,25.203709,25.383920,29.498674,26.525798,28.986656,24.831837,27.793070,25.198508,28.661894
Cà Phê 3k,23.874838,24.037590,23.290558,24.309345,24.668302,23.604352,21.996320,25.549998,23.710027,23.576876,24.261137,24.051097,24.690229,23.879352,24.537834,21.442363,25.863359,24.053596,17.423625,22.576408,25.922475,27.257960,23.684853,25.172837,19.975256,18.144661,22.090173,25.820785,26.475081,18.898422,21.298925,25.548763,25.968150,15.366488,26.456557,25.613477,0.000000,21.743762,18.096278,24.912495,26.666249,27.029885,19.842193,25.736713,24.774551,23.854218,27.275995,27.103740,19.947251,20.851587,26.546132,25.118284,23.959354,19.142486,25.935422,25.006146,18.924115,23.282140,21.878254,24.687182,27.520611,20.162496,23.741101,20.966049,25.787783,20.997447,25.199651,30.587054,23.755008,25.293405,26.384002,23.108866,29.325806,27.041548,25.844151,25.699489,30.598614,21.629338,22.050827,21.477917,26.124155,23.034429,27.801684,28.114932,25.132306,28.716265,24.784756,26.465734,26.426055,24.095849,21.740643,23.267836,25.494700,23.167993,25.491438,22.886430,18.260732,25.076301,27.452235,26.280299,22.189711,29.345695,20.230825,21.846979,24.315405,22.479164,23.072102,26.159430,26.090940,22.147787,25.384732,22.687564,24.256478,23.120540,26.898418,26.357299,25.625634,22.535509,22.258571,23.617193,27.494792,23.856663,25.827311,23.161138,26.156325,23.549708
Không có tên,23.910022,24.213181,23.269502,24.490891,25.001183,22.852287,24.401440,26.068833,23.215737,22.608228,24.469892,19.475044,24.107483,24.006702,24.790722,20.322426,26.358092,23.532684,21.302181,21.340292,26.471233,21.795385,17.043510,24.746543,19.057138,23.210693,20.146922,26.239609,27.021328,23.773185,16.993709,20.226972,22.170998,20.454361,22.778687,26.042660,20.174560,0.000000,20.420900,22.953632,27.251925,21.880775,16.648997,26.128171,20.546761,23.198389,14.681328,22.888225,21.489709,15.369811,27.090594,26.060366,19.721738,21.251545,26.364650,25.230292,20.611894,21.481009,21.373889,14.055180,28.181826,21.423438,27.541381,22.415716,26.292484,22.164139,25.476805,27.636052,22.805349,21.570237,22.963103,23.517658,27.184209,27.572773,26.887912,26.203705,28.024494,15.113905,19.598399,21.869267,28.711098,23.439293,28.507182,25.169593,22.095934,28.280783,27.640192,22.293717,25.585931,23.432583,22.002219,23.584418,27.946051,22.883079,22.337083,22.614215,19.745955,27.602792,27.221755,28.434353,22.260753,29.152630,21.004585,22.008506,23.626865,22.404287,22.781839,28.503618,25.013236,20.306910,24.346611,22.537300,23.500389,22.830037,25.394190,23.599116,24.446053,22.454796,22.314131,23.234268,27.376803,23.355480,25.704184,22.941530,26.038566,23.162419
WinMart+,24.804110,25.471811,23.647665,24.590777,23.339811,24.290818,23.360120,26.906291,22.787957,26.577238,23.980443,22.100450,20.035949,23.472796,23.669041,20.372773,27.106363,22.533012,15.736432,20.618011,25.533287,25.401302,22.213319,23.613290,22.615608,17.346470,19.716414,26.819991,27.830931,19.147880,19.627209,24.029040,26.621015,17.131716,26.260733,25.444337,14.670125,20.323316,0.000000,25.851533,26.918823,25.273886,18.329072,26.653797,23.574335,18.369381,25.611847,27.566827,14.844704,19.426946,26.718973,20.480509,22.862348,19.645278,25.912870,25.464461,21.532180,25.339510,17.802919,23.489804,29.209223,15.284226,23.201964,24.458039,21.328017,20.169269,24.963579,28.619475,18.005873,24.125915,25.302637,21.894231,27.784727,28.351390,21.461866,23.971602,28.774115,20.846662,17.334909,18.855639,24.057699,21.994573,28.424403,26.730778,24.380564,29.177765,22.264850,25.527791,25.857118,20.689973,19.090365,22.450185,23.653240,20.215768,24.696269,20.466952,16.114556,23.110872,26.310686,22.642391,20.129191,28.942610,18.328328,19.363014,20.057307,19.805341,20.440342,23.735085,23.212313,20.011412,23.404456,20.432146,21.642766,20.735531,22.986062,23.723326,20.617649,20.603958,20.508963,23.381520,26.702521,21.682529,25.089544,23.125607,25.434629,21.632860
WinMart+,30.013796,31.922940,24.902509,23.452496,30.512571,27.793562,30.530201,23.750305,28.422994,28.461922,29.148096,30.718563,28.240194,21.833436,29.229408,29.213787,23.199232,28.920082,25.159968,30.058817,31.321878,28.573669,26.871374,29.496579,27.018492,28.272781,29.227120,22.503226,24.032622,28.571407,24.885948,28.444467,17.532366,28.340599,19.569055,30.137394,29.181510,25.801913,27.111227,0.000000,31.264059,30.818198,27.475734,22.622802,25.823208,27.497036,30.776377,18.048625,28.478767,27.195110,30.964926,29.638820,24.827857,27.850651,30.211213,22.300781,26.414394,15.003004,29.006016,26.826945,25.882884,27.702985,30.979992,28.404523,29.566289,27.302314,24.924283,34.266571,28.958638,26.265811,20.610331,27.855727,26.786245,25.349789,30.290854,29.122889,33.866622,30.676962,27.792210,26.587348,31.662722,30.980537,31.982312,30.946655,21.028719,25.408724,30.520560,22.616854,22.345981,30.834317,27.156293,31.012129,30.584935,30.186027,21.290442,27.366865,26.212355,30.215308,23.422706,31.129895,27.250661,25.941684,24.833938,27.082934,28.024681,27.593791,27.812144,31.124546,27.785189,25.395414,30.563531,27.137608,28.232807,27.531953,30.578026,27.917176,30.048213,27.738726,26.387354,30.722672,25.414720,28.861040,23.765299,28.082404,24.167783,28.212773
WinMart+,26.438810,28.314073,23.329605,23.643120,27.013362,24.795492,25.623223,26.278193,23.556953,27.636709,19.389043,29.082949,25.659990,21.844112,23.302262,26.582847,23.078025,26.121168,21.710834,28.756866,20.006761,30.537134,26.528606,26.849680,26.941727,25.363500,27.397439,25.789808,27.972477,27.111630,26.087813,29.022490,26.200630,24.455858,25.732217,22.685406,26.065963,25.863196,26.333784,27.676415,0.000000,30.156181,26.058774,24.099441,26.728360,24.757246,30.180595,27.387029,24.009309,24.550507,21.587461,19.916540,25.859870,27.271703,18.811150,23.834943,27.058192,24.724967,25.311657,26.950470,28.003718,26.575357,28.032444,28.413603,22.436289,27.356591,16.155592,33.125978,25.734274,27.611181,27.745979,27.699871,26.730382,27.264393,23.340738,22.826618,32.904780,30.430247,26.233131,26.221741,30.577830,29.012368,29.744981,30.373579,24.891499,28.380668,28.016751,26.133224,27.116800,29.032708,25.929273,29.313895,23.989860,28.013755,25.254065,26.955896,26.779201,21.673999,25.061456,29.764100,26.317149,28.170934,26.451219,26.091163,26.556564,27.137010,27.367653,29.882482,21.123582,24.527291,29.009407,29.251790,28.172492,27.124629,30.559151,26.572374,30.242585,25.485888,25.660015,29.374156,26.221025,28.917343,24.571663,27.853648,24.943297,28.608649
Trường Tiểu học Chu Văn An,29.338703,31.804956,27.635277,28.746670,30.289191,26.977335,31.008525,31.201630,27.931095,27.639476,28.711370,28.244812,27.660782,28.034649,28.877038,26.447588,30.736001,28.569305,24.124473,27.946524,31.345467,25.946977,25.064362,29.311725,25.738902,27.867544,27.397896,30.004115,30.914927,28.244091,16.354844,19.247209,25.174791,27.082549,25.770186,30.018447,27.784579,16.012655,26.030975,27.157484,31.348933,0.000000,18.983830,29.664106,17.201402,27.109929,18.361051,26.447512,27.278940,19.095858,31.033468,29.499050,16.210620,26.785457,29.985257,27.898246,25.492360,23.909971,28.887279,16.905324,32.010888,26.707684,31.103766,27.461464,29.377670,26.482632,28.357825,17.035691,27.986376,19.222697,25.738095,30.150488,30.056756,30.914259,30.287703,29.016028,29.929551,26.377202,24.083166,25.847820,31.916121,31.136037,32.278241,24.849685,21.272763,31.575815,30.624394,21.184726,27.998921,30.990496,29.043078,31.193267,30.701662,30.278724,21.518878,26.002146,23.671106,30.293438,28.460759,31.337901,25.836534,27.914611,28.063890,25.649893,29.255478,26.108270,26.368730,31.347102,27.372928,27.488997,30.732564,25.836902,26.851808,26.190025,31.515836,31.028330,31.277069,25.444110,28.160057,30.908433,28.140785,30.456234,26.314150,29.769491,26.653303,25.979669
AEON MaxValu Linh Đàm,22.664037,22.666179,22.253576,23.524884,23.870712,22.082762,20.423594,24.989673,22.759705,21.500794,23.496673,22.199066,23.675522,23.095739,23.875147,18.723507,25.404194,23.087198,20.680880,19.837349,25.442970,26.752206,18.095254,24.523034,17.168949,22.767970,17.043256,25.424942,26.163551,23.411790,12.859808,24.748201,25.486379,18.044317,26.055893,25.157660,16.424789,16.988028,18.609021,24.313044,26.384336,26.516011,0.000000,25.353267,24.018597,22.838938,18.377876,26.752365,19.532652,15.486607,26.246965,25.301729,23.117605,19.716127,25.573877,24.612642,19.233216,22.581183,21.981752,17.550156,27.380396,19.704747,23.961736,21.339337,23.985198,21.271410,24.812206,30.910313,21.442786,24.679100,26.007105,23.044985,29.342614,26.853603,26.135514,23.719539,30.898918,19.952429,18.210271,20.793837,23.733757,22.998942,27.721398,27.943109,24.750356,28.663297,22.665093,26.187060,26.146794,22.711165,21.067938,23.188287,23.509984,22.163262,25.125565,21.856141,18.427623,23.162093,27.264804,22.521984,21.378678,29.368525,22.237176,21.076041,23.059644,21.498788,21.972133,23.853568,23.227644,21.336991,23.909443,21.788253,22.865289,22.096201,25.140736,25.709836,24.026195,21.780582,23.160849,22.688689,27.404909,22.767296,25.678330,22.321165,26.023503,22.612635
WinMart+,26.160787,27.624677,24.316424,23.634044,27.582210,25.300741,30.542161,24.844028,25.378777,27.036636,25.328085,28.497017,26.087969,20.744291,26.227004,26.168507,23.590104,26.415195,22.641538,28.265449,28.732354,29.925868,26.446350,27.540971,26.942525,25.716671,26.814675,12.985283,22.319998,26.250988,25.714583,28.578682,21.510503,24.671467,20.472752,24.845374,25.706408,25.526599,26.408788,26.472523,24.489835,29.295954,25.687887,0.000000,26.609102,25.150161,29.350161,23.880336,24.409666,24.353452,28.867366,27.411455,25.817629,25.512202,23.712138,16.767499,25.700602,20.383880,22.718270,26.479155,21.989327,25.265108,26.815379,26.161601,27.556726,24.595297,23.644660,31.851900,23.744838,27.397929,25.773932,26.835733,22.701230,21.953926,28.311211,27.208291,31.705192,29.640319,23.192823,26.000558,28.236256,27.489119,30.398732,29.767917,22.727253,25.346395,26.945604,23.960419,19.732060,27.585784,25.978536,27.606529,27.374428,27.028861,22.967521,26.348003,26.262777,26.964265,20.513222,27.903906,26.029422,25.561248,26.059074,25.824626,26.146614,26.507103,26.676042,27.980983,25.831521,24.663910,27.607805,27.894223,27.177430,26.528039,28.618426,26.124009,28.428286,25.400629,25.555836,27.891986,25.194779,27.695199,23.439037,27.047615,23.878823,27.549494
WinMart+,25.083645,25.787921,20.963035,25.386287,26.006058,23.656840,23.615616,26.951180,24.937503,23.585094,25.262512,23.752574,24.454524,25.083215,25.501606,23.085556,27.065976,25.511664,22.252984,24.090302,27.297387,18.962091,22.171909,26.310554,23.150140,25.107934,24.000322,27.093001,27.533057,25.480303,20.880789,16.462786,21.475332,24.203086,22.115127,26.635748,24.505266,21.719046,23.618299,22.179031,27.865797,13.187184,23.226506,26.967764,0.000000,24.749882,19.653405,22.073364,24.714015,19.280906,27.580916,26.586027,12.024714,24.306675,27.050232,25.951142,23.387749,20.938438,26.622834,24.142194,28.822389,24.258555,27.901856,24.928509,26.785573,24.274238,25.771576,20.889458,25.196534,15.778522,22.462622,27.642007,27.876144,28.370863,27.295994,26.509119,20.176910,22.229769,22.273313,23.890433,28.910596,28.288607,28.847830,19.478157,19.093284,29.031742,27.839661,18.326899,26.199080,28.310395,26.906167,28.352834,28.123988,27.790133,19.148930,24.114734,21.988159,27.772448,26.094951,28.563572,23.953564,24.836803,25.455990,23.754170,26.976694,24.124022,24.381948,28.601524,25.439884,24.920467,28.230450,24.006998,24.847633,24.297463,29.035746,27.975280,28.855336,23.768423,25.798467,28.456282,26.651887,28.217668,25.132907,27.649425,25.464851,24.282315
WinMart+,26.562679,27.945467,22.247888,22.937860,26.853066,21.954450,25.801412,24.573349,24.288144,24.086054,22.664167,28.634084,21.663665,24.571934,24.277597,23.102706,25.117118,19.503295,17.288005,22.943853,24.010348,29.888377,26.540649,24.149527,24.798878,18.040419,24.604179,25.229500,28.312599,17.826355,23.734122,28.646329,26.910077,18.501936,26.582067,22.024217,23.678320,23.774784,18.988660,27.533625,25.007765,29.584885,23.704604,25.161636,26.711372,0.000000,29.636838,27.767001,17.893032,22.490503,24.637724,19.110117,25.945372,19.300904,23.654658,25.026947,14.503543,25.684842,12.578741,26.894945,28.287156,17.337352,18.141358,24.837421,20.540875,23.321343,22.759160,32.142143,18.487967,27.486874,27.977780,23.216199,27.248180,27.717457,20.781013,17.768699,32.014003,30.024595,22.787300,23.420723,25.033279,23.423874,27.771934,29.903803,25.472994,28.526815,22.184954,26.561684,27.484173,24.431232,21.879359,24.003671,24.157116,23.832540,25.802637,24.074486,23.856182,21.236911,25.876626,25.118707,22.688871,28.350067,24.003362,22.922971,22.682549,23.904333,24.166680,25.509932,23.452662,22.394199,25.300121,26.540428,25.346918,24.288314,27.566146,24.401185,27.334838,22.683969,23.299311,25.994772,26.481506,26.101983,24.929230,25.050133,25.268592,26.290719
Trường Mầm Non Hoạ Mi,29.096755,31.106602,27.586754,28.597398,29.912182,26.950603,30.542917,30.754234,27.837558,27.523595,28.543519,28.092612,27.574224,27.954972,28.693250,26.459956,30.413624,28.430896,24.284678,27.845753,30.948704,26.156349,16.599176,29.124992,17.788410,27.791491,17.501840,29.796537,30.616205,28.141130,15.830949,20.516718,25.281816,20.086053,25.839218,29.769653,18.345404,15.177278,20.123424,27.140427,31.019945,18.541956,18.597318,29.490864,18.401760,27.084775,0.000000,26.478323,19.779687,18.590769,30.715230,29.327969,17.426952,20.841170,29.783665,27.844569,20.381657,24.072846,28.787719,15.478364,31.684959,19.813497,30.807019,21.707399,29.240829,21.478458,28.243625,29.083970,20.600224,20.071252,25.803608,29.966950,29.895048,30.687717,30.068307,28.888861,29.415590,16.353978,19.547639,22.357070,31.609490,30.883562,31.901880,25.086885,21.531952,31.316848,30.398829,21.509445,27.945468,30.759883,28.944749,30.935171,30.498634,30.096347,21.767187,26.878468,26.783199,30.117536,28.385678,31.080020,20.833623,27.861200,24.052623,20.581182,29.121663,20.866974,21.213321,31.094724,27.345739,23.330458,30.528721,21.110477,26.299407,21.329592,31.284828,27.123611,31.061939,21.154227,24.688229,30.710552,28.108703,30.290531,26.325675,29.642282,26.654004,21.782181
WinMart+,33.108865,36.577162,27.275796,24.848586,33.627965,30.172694,35.985087,25.604818,30.482218,31.505412,31.585054,35.485454,30.490987,22.783431,31.593282,32.115886,25.091830,26.626038,26.397834,33.808987,34.204787,31.979782,29.439524,27.470000,29.045291,26.112183,32.161188,24.215857,26.712838,26.514352,26.838063,31.480960,17.918932,30.648146,21.066429,32.477631,31.938546,27.978232,28.918737,27.047976,27.413312,34.500943,29.596964,24.202595,27.654538,25.628998,34.123105,0.000000,30.530824,28.983067,33.334526,31.595355,26.434547,29.746484,26.463858,23.296028,27.913001,12.971222,30.462832,28.808937,28.519724,29.529366,33.132763,30.289779,31.328792,28.868079,26.267999,38.208900,31.091121,28.008071,21.520729,29.323355,27.737176,27.290072,32.294849,30.752754,37.341712,32.777083,29.297866,27.924174,33.644329,32.849166,34.303226,33.369252,21.604488,26.355394,32.346573,23.426525,22.900840,32.571198,28.469710,32.874753,32.243309,31.778137,21.935149,28.717999,27.473230,31.840542,24.083610,32.937051,28.610214,27.059107,25.852079,28.454525,29.363604,29.054790,29.257198,32.899865,29.024391,26.377955,32.157816,28.426604,29.690666,28.881163,32.112361,29.109511,31.628994,29.009021,27.464323,32.277882,25.716750,30.285971,23.994771,29.348361,24.403396,29.486427
WinMart+,21.929840,21.697287,21.932595,22.484933,21.216867,23.198433,20.349290,23.779762,20.772153,20.689555,22.027931,21.561252,18.174159,21.905220,27.325972,18.693800,24.366050,20.119836,15.713161,20.047217,27.528696,24.937812,21.787527,21.283509,19.110794,16.595053,18.868112,24.694250,25.192322,17.928581,18.943429,23.611374,24.823235,15.669912,24.484582,26.508158,18.186117,19.707054,14.763676,23.416045,27.853907,24.714428,17.668010,24.653200,23.224771,17.565627,25.076474,25.368825,0.000000,18.852340,27.563720,24.202358,22.528764,16.895814,26.978500,24.026755,17.566695,23.912848,22.392948,25.407899,26.733074,14.322665,24.963711,21.721990,25.086969,21.395495,25.706567,27.916052,17.723742,23.786326,24.993279,24.399435,25.999243,26.247166,25.030728,24.810773,28.093056,23.946749,15.743257,18.840757,25.113166,23.963277,28.998144,26.353915,24.137835,27.009189,23.364298,25.039277,24.492001,22.171715,19.668537,24.300384,24.511765,21.399476,24.321972,20.801433,15.418379,23.978545,24.861013,23.045577,19.899112,26.958576,18.152004,19.450218,22.546257,20.019794,20.792760,25.117669,24.026693,20.515015,23.785547,20.695714,22.260722,21.082706,25.532153,25.045572,24.001224,20.807028,20.688785,22.057896,25.933524,22.124558,24.518401,21.563762,24.846266,21.981954
Trường Tiểu học Chu Văn An,21.935122,21.700051,21.705885,22.850625,22.895111,21.170730,20.044026,23.895060,22.018245,20.478449,22.717704,21.245146,22.554601,22.483107,23.038021,18.451802,24.432808,22.225786,20.345035,19.367069,24.426374,25.217975,17.406029,23.494684,18.322208,22.082788,17.217063,24.625882,25.156954,22.639464,13.335821,19.548131,24.643504,19.283888,25.168949,24.257784,18.291787,16.181681,19.503692,23.545679,25.439752,18.878298,16.753085,24.596421,18.481347,22.261954,18.111267,25.648190,20.404713,0.000000,25.207021,24.558919,17.900583,20.505958,24.784295,24.051968,19.931572,22.151967,22.235795,17.049015,26.416804,20.443444,23.177937,21.856105,23.407153,21.597508,24.044790,23.373535,21.856325,19.467276,25.185005,23.131617,28.312234,26.014428,25.291378,23.809596,24.061720,18.410843,18.911869,21.193973,23.737534,23.077055,26.566925,22.382760,24.234663,27.648956,22.754460,20.699642,25.479471,22.829023,21.417895,23.235120,23.599860,22.297556,24.558563,22.006455,18.914440,23.269289,26.471122,22.603926,21.603362,28.259477,22.159477,21.324830,23.105970,21.723723,22.147567,23.824209,23.341246,21.249980,23.880010,21.940770,24.888249,22.232274,25.000962,25.672059,23.976902,21.906337,23.167723,22.735959,26.978312,22.829558,25.377784,22.427599,25.706308,22.663489
WinMart+,28.129883,30.458481,26.379513,27.865021,29.655396,26.462205,26.859315,31.496104,25.528646,29.490218,22.384739,30.751281,27.759092,24.941107,26.157897,28.097779,30.742416,28.105544,22.640046,30.199084,24.524594,32.105640,27.708155,27.651327,28.398265,26.938082,28.889023,29.705559,30.170254,21.924634,27.251533,30.384549,27.653600,25.480733,27.271958,25.137093,27.250843,26.976267,27.692036,28.705990,27.229454,31.636146,27.218319,29.325177,27.683751,19.628333,31.558914,28.642386,24.891272,25.374560,0.000000,17.509762,26.733812,27.549272,21.262585,25.334280,27.345711,26.105729,25.577501,28.005842,29.546129,26.800839,28.951487,28.790623,18.531461,27.830521,18.499585,34.828315,26.057055,28.552790,28.693036,28.233137,27.984961,28.686494,21.307998,18.089613,34.463323,31.399100,26.492491,26.453229,21.843570,29.729813,27.765268,31.468537,25.713342,29.632098,22.455232,27.083014,28.141555,29.671505,26.202103,30.041085,22.184377,28.549371,26.092144,27.333214,27.148445,21.728966,26.307716,22.392655,26.712216,29.317287,26.773469,26.449548,26.983742,27.555490,27.794759,30.578590,20.156845,24.764656,29.574106,29.730742,28.607544,27.509505,31.142660,26.887811,30.796533,25.803594,25.857775,29.930222,26.722984,29.389872,25.034835,28.244990,25.396123,29.013561
WinMart+,26.140264,27.733819,24.967317,26.008322,26.516142,24.675049,25.490363,28.349279,23.602133,27.199133,21.143676,28.596792,25.418329,23.567317,23.402090,26.309948,28.303098,20.456220,21.920110,28.351442,22.030753,29.975414,26.337086,19.028823,26.649575,25.201312,27.027553,27.921207,27.648625,19.661731,25.891768,28.625453,26.404108,24.395078,26.043903,21.399770,25.885160,25.699545,26.105828,27.437167,24.018501,29.649045,25.873066,27.688607,26.555830,17.412969,29.700978,27.341832,24.251768,24.495254,17.385961,0.000000,25.746990,24.189928,20.032452,24.462193,23.690755,25.168520,15.938725,26.726661,27.797259,24.025865,20.345884,24.865906,16.618618,23.553750,18.109306,32.369156,23.024518,27.395457,27.648939,23.503123,26.811721,27.243118,17.024691,16.371994,32.212484,30.044903,23.076693,23.583182,18.792787,23.770934,23.990720,29.972324,25.144587,28.126874,20.101498,26.205902,27.122270,24.529933,22.382229,24.191676,20.018055,24.006130,25.461824,24.120056,23.941068,19.538482,25.412537,20.373149,22.988363,27.971008,24.056833,23.138475,22.995792,24.006049,24.242122,25.379072,18.210441,22.571012,25.217919,26.300570,25.252857,24.331118,26.052384,24.404684,25.892755,22.889429,23.433113,24.623884,26.285371,24.934491,24.723049,24.048255,25.072983,25.289834
Trường Mầm non A Tứ Hiệp,24.966788,25.558005,19.475618,25.236402,25.756761,23.638712,21.272765,26.609013,24.802921,23.587496,25.100187,23.808485,24.353116,24.976355,25.307517,23.124418,26.754213,25.324591,22.306384,24.082824,26.956886,16.686811,22.343010,26.061174,23.132225,24.953977,23.904847,26.817729,27.185847,25.295344,21.051274,14.329882,20.246424,24.106798,20.860734,26.355274,24.390072,21.838543,23.557206,20.559760,27.498202,19.221852,23.196578,26.696951,12.231093,24.611475,20.194401,20.644543,24.588085,19.584988,27.218267,26.317575,0.000000,24.202694,26.758471,25.904222,23.325953,20.023091,26.369641,22.033752,28.405772,24.146334,27.517598,24.768871,26.513916,24.133823,25.536005,17.666278,24.982701,11.975727,21.288402,27.309130,27.719587,28.176138,26.969245,26.251271,16.767054,20.466004,22.255925,23.781745,28.484133,27.908789,28.389475,16.789946,18.002609,28.795038,27.477204,16.947663,26.127578,27.934467,26.638373,27.958701,27.771146,27.447592,18.002897,23.956473,21.951555,27.436653,24.987649,28.155975,23.822195,23.667273,24.402903,23.626629,26.679626,23.977925,24.224289,28.197187,25.253830,23.863089,27.859834,23.865546,26.157690,24.144266,28.626386,26.849456,28.456749,23.633722,24.846324,28.077935,25.892316,27.866435,24.639325,27.335219,24.870760,24.121609
Cà Phê KOK,22.965040,22.920435,22.819796,23.465542,22.253572,25.246862,21.402408,24.912904,21.846539,22.291262,22.940959,22.993784,19.673481,22.716654,28.137451,20.448375,25.374982,21.447373,16.946989,21.616122,28.425912,26.076081,22.898510,28.976806,22.680322,18.004341,20.794855,25.509582,26.119644,19.121194,20.411090,24.638006,25.526182,19.723511,25.193053,27.238712,15.894562,20.951560,17.832196,24.228108,28.749860,25.881815,19.156860,25.429002,24.075861,25.477334,26.176121,26.225625,16.644941,20.193020,28.438548,24.492047,23.349245,0.000000,27.572718,24.642739,20.461080,24.534346,22.370521,23.830348,27.554252,16.046472,25.609992,20.559241,25.483406,20.177924,26.183726,29.002012,14.130649,24.592258,25.697619,25.061224,26.645390,26.985031,25.469991,25.250022,29.103223,21.275006,14.132393,17.456448,25.775189,24.360691,30.029601,27.183919,24.664449,27.732918,23.604292,25.690654,25.058059,22.109421,19.969358,24.793341,24.914109,21.206889,24.940074,19.572886,14.342278,24.277909,25.444663,23.216136,20.956919,27.630187,17.227309,18.179586,20.890311,18.634045,19.439212,25.716088,24.195130,20.289193,22.513487,19.568938,20.923761,19.880457,23.918550,21.265076,22.777691,19.876864,19.842108,24.798391,26.234456,21.053918,24.770331,20.653418,25.092897,21.062294
Không có tên,25.506875,26.953597,22.269800,22.422778,25.691583,24.109603,25.103047,24.193418,23.005280,26.513724,18.805973,28.038657,24.736162,20.946337,22.667841,25.733687,21.892704,25.163734,21.672426,27.856251,19.032027,29.419612,25.946281,24.029357,26.079899,24.623108,26.424977,24.440026,25.498280,24.876600,25.404130,28.142569,25.011604,23.979783,24.586748,20.590879,25.396338,25.227330,25.556043,27.066398,17.690813,28.977824,25.392793,23.089870,26.217680,23.050648,29.066632,26.080134,23.717295,24.102748,19.581200,18.950820,25.446496,25.872647,0.000000,23.063082,25.547810,23.865459,23.902888,26.254847,26.278422,25.389114,24.917522,26.635268,19.884197,25.589952,15.408946,31.610432,24.530774,27.045599,26.701234,25.749122,25.590477,25.849141,19.885086,20.543576,31.496455,29.511698,24.880713,25.040192,23.011183,26.467805,23.483509,29.540323,24.322487,26.874753,25.662693,25.254183,26.646317,26.758953,24.597639,26.734579,21.932118,26.083752,24.515149,25.561975,25.417186,22.734818,24.215515,27.264994,24.871731,26.823971,25.291911,24.775954,24.987953,25.633065,25.845020,27.430384,19.593340,23.706261,26.991778,27.555881,26.612631,25.751478,28.482059,25.478919,28.259175,24.363793,24.663767,27.413498,26.922391,27.257960,25.190818,26.392528,25.550608,27.185822
Trường Đại học Kinh tế - Kỹ thuật Công n,23.365349,24.153951,22.013921,21.292958,23.613338,22.673296,30.783306,21.450100,22.757061,23.853074,22.359711,30.597245,22.974439,19.560826,23.146253,23.402445,20.642758,23.253603,21.014602,30.056144,24.627461,29.304897,28.178420,24.117550,23.986499,22.916193,23.811403,16.635000,19.840710,23.310519,26.279891,29.018706,19.900857,28.416603,19.269288,22.527461,29.036234,26.943654,23.567475,26.792319,22.218251,30.202251,23.187670,14.772814,27.097208,22.675299,30.107568,26.091945,22.299756,27.457701,23.164301,21.958636,26.487043,23.072953,21.774237,0.000000,23.199391,22.201550,21.005303,27.263394,14.695930,27.747926,24.030250,23.583245,23.001620,22.402104,21.623017,31.995453,28.464834,27.170827,20.196379,24.335555,15.473565,11.500632,23.246566,22.886056,31.728657,29.691120,23.866792,26.636568,25.241145,24.710186,24.521345,30.025287,22.819817,15.647023,24.282388,24.105646,14.550066,24.865484,23.763465,24.779856,24.753013,24.481965,23.079845,24.083312,24.023722,24.426506,14.925274,25.050493,23.775404,18.171274,23.939580,23.646477,23.824487,24.170152,24.312629,25.124950,22.118960,22.856739,24.935365,25.315657,24.731194,24.237243,25.797949,24.017916,25.661735,23.344749,23.558582,25.199715,22.441608,25.145804,21.292538,24.654068,21.583119,25.119385
WinMart+,28.538739,29.625053,23.233902,23.944974,22.761022,23.397096,23.036258,25.481094,22.370784,25.147398,25.879420,21.963130,20.414689,26.981629,27.479769,20.516473,25.873405,22.101898,17.531127,20.794423,27.719266,24.724393,22.077253,28.316536,22.024196,18.691162,19.959499,25.914294,29.847031,26.390510,19.857366,23.613549,25.866662,18.856893,25.544507,26.315114,16.308956,20.402446,21.399172,25.254859,28.160406,24.624586,18.858387,25.814360,23.275074,23.954228,24.941308,26.718089,17.597017,19.760921,27.820016,23.866001,22.668492,19.256239,26.809689,24.947982,0.000000,24.831679,15.779240,23.090209,27.961501,16.804165,23.763387,19.305864,24.694396,18.631760,25.455447,27.360546,17.797307,23.772362,24.856312,22.047381,26.964563,27.346509,24.741132,24.488241,27.557079,20.857706,15.700814,21.296741,24.804786,22.076678,29.765563,26.030933,24.104031,28.089949,22.396889,24.998963,25.336679,20.229186,18.353372,22.732630,24.095048,19.713824,24.367396,21.919880,21.648704,23.405062,25.728454,22.854060,19.660420,27.963815,22.239339,20.412000,19.571235,21.373796,19.525411,24.326411,23.496888,20.826375,23.759919,21.441557,23.321082,22.174539,23.187184,22.887843,20.343023,18.356491,21.569054,23.665547,26.372357,21.100947,24.881826,23.270497,25.209514,22.519301
Trường Quốc tế Singapore,30.893542,32.953015,26.476823,21.216612,31.196545,28.627943,32.384106,21.298142,28.940729,29.488657,22.308477,32.132316,22.942070,19.556963,29.733615,30.011453,20.491784,23.241029,21.104302,31.185441,31.735972,29.954551,28.205808,24.124343,27.676392,22.954141,29.907468,19.501949,20.954880,23.350727,25.868176,29.583456,21.513874,28.897234,13.785402,24.021670,29.823650,26.771881,27.559539,26.251169,23.790112,31.598263,28.048136,19.836933,26.830799,22.782877,31.406102,23.579744,28.880353,27.598208,24.614818,23.316193,25.970253,28.220133,23.235772,16.939335,26.725118,0.000000,21.173026,27.384766,23.241798,28.023411,25.392995,28.644502,24.271159,27.455969,23.045380,34.399382,29.170943,27.047906,22.018902,27.851381,18.056448,18.569820,24.587669,24.109732,33.897394,30.672323,27.842570,26.684130,26.513232,25.964582,25.907320,31.132437,21.322012,17.413617,25.535660,22.771919,17.083606,26.071004,27.158964,26.026217,25.936620,25.645322,21.586809,27.278520,26.234957,25.611840,17.574365,26.270451,27.220866,20.377600,24.839597,27.067323,24.948362,27.567329,27.750012,26.328089,23.270766,25.291010,26.087003,27.039331,28.098386,27.426429,26.910096,27.635041,29.742055,27.537562,26.239009,26.332696,23.043507,28.626273,21.928180,27.848018,22.192412,27.944762
WinMart+,25.837976,26.948429,24.923421,25.703490,25.899677,19.165210,25.343300,27.313490,23.807207,20.894059,22.428441,27.804781,18.612674,24.182719,23.686745,20.549040,27.466456,16.856541,16.941674,27.670983,23.452627,28.998225,26.039022,23.444825,19.333365,16.395436,21.742205,26.191127,27.330282,14.901091,21.471117,27.925897,26.407517,17.490582,26.101489,21.871986,16.127610,25.466427,17.760813,27.014250,24.323274,28.730033,21.469636,25.077125,26.270440,12.657836,28.826163,27.203541,16.857337,20.752041,23.987682,19.778364,25.583294,17.244553,23.323513,24.731300,15.882091,25.338439,0.000000,26.364755,27.562932,16.487710,15.903433,18.749834,20.649673,16.538136,22.499326,31.009160,16.616660,27.002376,27.504259,16.904274,26.757067,27.116569,20.755330,22.744316,30.946053,29.325091,21.525892,22.311332,22.381310,21.177137,26.646360,29.214711,25.241515,27.870119,20.116637,26.166809,27.037129,22.389118,20.591484,21.707696,22.294224,22.083206,25.508648,22.798475,22.605725,21.632361,25.537273,22.877207,21.348994,27.761088,22.937503,21.702206,21.238173,22.525183,22.769226,23.311153,22.163033,21.605595,23.483863,25.023491,23.942019,23.028964,25.720984,23.403185,25.566889,21.623180,22.361951,24.236980,26.275482,24.616363,24.796952,23.721448,25.124140,25.024192
Trường Tiểu học Tam Hiệp,32.154057,34.195179,30.404982,31.066918,32.548832,30.040426,33.346708,33.071279,30.320132,30.930425,31.130702,31.590155,30.329082,30.455965,31.202719,17.276300,32.539710,30.766839,26.807537,31.003587,33.083699,31.684139,15.452994,31.253983,16.992396,30.021477,16.245796,31.695512,32.545641,30.284313,14.858540,27.397051,27.847665,19.149304,28.254313,31.906448,18.632015,14.136738,19.295824,29.974106,32.806487,16.866604,17.294969,31.360091,24.227159,29.130122,15.156852,29.105284,25.573133,16.851176,32.663784,31.194629,22.940965,19.875683,31.624553,29.617069,19.576058,26.478554,30.313002,0.000000,33.197898,27.058834,32.620250,20.730371,30.947667,20.731289,30.253593,27.130606,27.423997,23.573117,28.077993,21.893473,31.387549,32.232554,31.842670,30.600663,27.886819,16.194224,25.809908,23.286044,33.155957,32.477764,33.577603,25.269312,21.766413,32.719275,32.082380,21.958170,29.551062,26.694690,25.296209,32.523185,31.932560,25.972525,22.021855,28.613701,28.494650,31.595486,29.960770,32.607943,25.597206,29.658813,25.535044,25.420082,26.522968,25.856353,26.114841,32.587784,29.025350,24.664896,32.004408,27.488132,28.116967,26.873096,27.861464,29.318341,27.189563,25.295702,25.912653,32.143918,28.953631,26.206124,27.149725,25.631397,27.461303,25.820960
WinMart+,28.946568,30.593342,27.425271,27.786821,31.441286,28.095916,33.077464,30.393026,28.076026,29.733526,28.939695,31.054940,29.282970,24.769024,29.194228,28.572934,30.427741,29.457509,24.810952,30.552596,32.052912,32.105807,28.467823,30.297421,29.221305,28.445778,29.068143,23.239093,30.542713,28.892500,27.668212,30.665916,25.773541,26.554879,24.955408,28.209412,27.699398,27.463857,28.685698,28.458280,28.113058,31.539237,27.658510,19.236163,28.285028,27.395374,31.478787,27.724016,26.321434,26.100506,28.945946,26.600416,27.440052,27.484898,26.758716,15.590128,27.677003,28.849430,24.571714,28.214743,0.000000,26.878007,29.749441,28.032792,27.628185,26.335581,28.962613,33.950736,25.411640,28.988416,26.528645,29.009823,23.121762,22.318238,28.397393,27.278124,33.661394,31.217507,27.862352,27.629558,30.827422,29.973547,30.565267,31.502011,27.065803,27.005082,29.406760,29.067645,19.475852,29.888133,27.956585,30.066055,29.597422,29.169454,27.564126,28.056379,27.970138,29.153771,20.405233,30.272635,27.914263,26.829163,27.586835,27.568203,28.115215,28.341788,28.512348,30.307345,25.828856,25.968803,29.703061,29.706755,28.950276,28.238263,30.622242,27.563841,30.383905,27.001355,27.017610,29.925879,25.417952,29.518986,23.559216,28.796251,24.015030,29.175883
Delícia Coffee & Lounge,22.340596,22.197864,22.074112,23.128354,23.203445,21.768980,20.630386,24.120433,22.384287,21.307505,23.015255,22.075834,22.979522,22.790009,23.295487,19.452053,24.625292,18.246868,15.243071,20.482782,24.637617,25.568447,22.198197,23.772332,16.734894,15.818535,19.432722,24.794182,25.292068,16.834005,19.376026,24.102657,24.887980,14.909715,25.386145,24.218714,16.540474,20.141060,14.531583,23.797581,25.443462,25.420299,17.989690,24.756694,23.614740,22.750256,25.758957,25.870759,13.903551,19.239102,25.211107,24.268894,22.879564,15.978867,24.782186,24.211353,19.532733,22.461514,20.553137,26.099330,26.489606,0.000000,22.397160,17.976151,24.963750,18.700921,24.031549,28.835682,19.098127,24.188755,25.391548,21.470699,28.369448,26.103532,25.005159,24.811646,28.970643,24.513700,19.997402,13.862960,24.992504,21.606925,26.593546,26.889880,24.412943,27.737654,23.565447,25.519018,25.637714,22.377993,20.051950,21.892165,24.558632,21.627612,24.730005,21.253315,15.978105,24.104463,26.596017,25.301421,20.393380,28.330798,15.744074,19.959134,22.960050,20.549453,21.292249,25.057741,25.358761,20.688932,24.176744,21.134872,22.714636,21.537798,25.892475,25.821812,24.398539,21.201962,21.073085,22.426590,27.023934,22.530777,25.442268,21.942081,25.764318,22.353807
UBND phường Khương Thượng,29.277970,30.660417,27.936681,28.975938,30.139253,26.026042,28.120934,31.122761,27.817156,27.223380,26.638205,30.750608,26.316218,27.582817,28.611301,26.120379,30.709799,25.654740,21.689846,30.360276,28.832602,31.667359,28.598336,29.808705,25.859012,23.430886,27.068421,28.930889,30.820326,27.604599,26.145528,30.474377,28.797949,25.380828,28.540662,27.314752,24.669616,27.954946,23.455223,29.208031,29.172674,31.333757,26.084459,27.722984,28.437056,24.758388,31.295121,29.472427,24.753576,23.465480,24.928119,24.547075,27.684809,24.755766,26.489939,26.950762,24.056327,27.498803,20.165612,28.658420,30.274996,24.444505,0.000000,26.061305,26.218832,24.286951,24.445145,33.635439,23.369836,29.054599,29.362733,24.278202,28.955384,29.590191,26.368066,26.068793,33.480370,31.230554,23.142754,23.863238,28.562445,25.088202,29.443268,31.272501,26.679400,30.250066,22.863535,27.936172,28.953403,26.264016,21.970645,26.192254,25.510128,25.087909,27.029745,25.005031,24.700903,24.306323,27.567453,27.714144,23.201166,29.973225,24.724846,23.514787,23.313443,24.858439,25.196159,28.177844,24.051247,22.635579,27.175343,28.237381,26.674293,25.218842,30.033855,25.145049,29.608387,23.141741,23.641264,27.923457,27.274404,27.662247,25.664318,26.096539,25.986762,27.606346
WinMart+,29.965873,24.183495,24.041171,24.776243,30.690727,26.535469,22.564155,26.264715,23.446873,23.973757,27.605894,24.475471,22.210707,28.417448,29.429654,22.218209,26.559516,23.464395,19.482750,23.317333,29.884765,27.139471,24.060956,30.776072,25.448636,20.669740,22.883674,26.483032,31.295930,29.071349,22.058967,25.650867,26.360526,24.011257,26.060149,28.498353,18.378042,22.334297,23.291762,25.048672,30.142031,26.934578,20.898764,26.363709,24.935978,26.567979,27.154620,27.018856,21.930707,21.722782,29.809157,25.114817,24.200733,19.185359,28.566456,25.435633,22.921957,25.325552,22.773288,24.721671,28.386947,18.686549,27.060341,0.000000,26.262490,21.328588,26.959608,29.904008,18.216736,25.396121,26.372511,26.949601,27.355645,27.769157,26.326986,26.161620,29.940145,22.261588,13.620624,19.062238,27.217050,25.484686,31.518371,27.924355,25.188689,28.459712,24.430060,26.308609,29.362366,22.703127,19.830972,26.025946,25.794092,21.454632,25.521595,23.214870,15.790393,25.033023,26.143105,23.837294,21.119986,28.314393,18.362736,21.688198,21.057742,22.828181,20.825818,26.920389,24.679935,21.581565,22.953012,22.602356,24.753847,23.457805,24.537420,23.836330,21.537128,19.205848,22.486356,25.526630,26.565990,22.165492,25.075849,21.988609,25.397915,23.497541
Siêu thị B11 Kim Liên,25.126861,26.440868,24.205759,25.053659,25.188337,23.682132,24.803583,26.931054,22.753048,26.100520,20.607414,27.549163,23.715689,22.933253,22.366592,25.420689,27.110913,22.644898,19.658461,27.426596,21.167380,28.909609,25.638102,25.908061,25.541882,20.862783,26.078492,27.025530,26.461926,23.584411,25.171094,27.729115,25.752982,20.455360,25.403948,20.449651,25.171096,25.018480,21.377485,26.763224,22.466480,28.562846,25.169320,26.858220,25.954408,20.424224,28.668989,26.650314,20.078763,23.970906,17.424844,15.466531,25.223659,25.255772,22.426399,24.005153,24.780933,24.676744,17.555292,26.035593,26.922594,24.821831,22.453202,26.172485,0.000000,24.818309,19.905924,31.098497,23.813241,26.770506,27.078287,25.063549,26.191154,26.496750,18.298907,16.900664,31.028454,29.233444,24.015567,24.373979,22.950128,25.875059,25.480091,29.163937,24.810404,27.345974,23.356277,25.703215,26.690768,26.247614,23.456272,26.335421,17.976891,25.545610,25.023683,25.066528,24.863336,22.393364,24.927128,23.079956,23.986158,27.262730,24.807258,24.020440,23.658962,25.048887,24.931838,27.257886,18.944857,23.054010,26.240933,27.156296,26.338369,25.264030,28.434246,25.092119,28.152406,25.645356,24.061431,26.919442,26.927935,26.822302,25.288795,25.714912,25.626496,26.840497
WinMart+,29.812406,31.314726,28.403971,29.503051,30.886212,22.645688,28.557158,31.821822,28.414302,22.853620,27.235634,23.221666,20.137559,28.106387,29.374436,20.955636,31.269557,26.316709,17.804324,22.213430,29.694778,25.658664,23.103001,30.873877,22.399463,18.749766,21.798554,29.384410,31.423082,28.655423,21.391993,30.927988,29.186779,21.749907,28.934884,28.128090,18.334856,21.662170,20.232797,29.569838,29.976161,25.532021,20.396416,28.133337,24.065597,25.631747,25.790129,29.855826,20.303716,21.055977,29.737601,24.989372,23.448598,19.902984,28.216396,27.280135,18.778319,27.828181,20.904507,24.010667,30.750051,18.509986,26.162058,24.180195,25.949558,0.000000,26.760678,28.282335,18.140667,24.507713,29.671000,25.256419,29.312197,30.011756,26.055951,24.689613,28.475460,21.745971,15.473768,21.077464,25.315143,24.037925,31.806389,26.711013,24.609635,30.660814,22.346461,25.701334,29.267001,19.353293,17.345195,24.900378,24.260404,19.083759,24.890627,21.974993,21.653580,23.466374,27.875886,24.409916,19.135280,30.351946,22.359576,20.206777,19.077733,21.287419,19.111287,26.338410,23.508109,20.767445,25.266293,21.438879,23.575600,22.233200,23.420146,23.101619,20.164499,18.036178,21.444709,24.941860,27.422252,21.030416,25.779657,24.185933,26.107510,22.688738
Cà Phê Big One,26.512647,28.119756,25.332852,26.326339,27.087853,25.255450,25.791249,28.690804,24.370726,27.595209,22.217218,28.661925,25.991725,21.102682,24.441561,26.690892,28.492475,26.322545,22.483737,28.431336,23.325760,29.932472,26.560945,25.552810,27.005944,25.647139,27.438484,24.368461,25.459076,24.144118,26.331874,28.687926,24.901083,24.836833,24.514797,23.219623,26.247877,26.053348,26.456744,27.567909,17.867395,29.630574,26.240703,24.350501,26.737470,22.273869,29.683663,25.913180,24.365883,24.813702,20.586755,19.652156,25.969158,26.535923,13.949267,22.924415,26.294378,23.877666,19.837210,27.053625,28.830255,26.051322,26.426410,27.409342,20.384610,26.637423,0.000000,32.364970,25.449628,27.523823,30.033013,26.823568,25.239275,25.404993,20.662001,21.149135,32.292788,30.073162,25.655432,25.739756,23.958703,27.582607,25.303631,29.952722,24.340510,26.356700,24.070151,25.497335,26.068325,27.772859,25.336236,27.910013,22.622690,27.102382,24.637807,26.500458,26.363078,23.429260,27.396438,23.877739,25.803439,30.552201,26.175761,25.759466,26.022794,26.624031,26.789015,28.556351,19.880060,24.430585,28.023224,28.492327,27.564383,26.653968,27.689678,26.327177,27.504382,25.281938,25.330609,26.499196,26.722397,26.544932,25.036537,25.657567,25.396783,26.702615
Trường Mầm non Đại Thanh,32.824569,36.629959,30.434711,31.355926,33.655584,30.030166,35.021444,34.353837,30.404282,31.398680,31.517930,32.406303,30.447030,30.574714,31.618839,29.647450,33.391989,30.999010,26.025831,31.437281,34.222553,33.203478,28.216953,31.610006,28.145842,30.034213,30.356233,32.167411,33.306423,30.367182,25.989918,25.413451,27.267680,29.579228,27.798644,32.506239,30.586200,27.262727,28.124250,29.960891,33.650167,17.080956,28.360005,31.724561,20.890120,28.939091,20.461040,28.833803,29.368742,20.019321,33.473179,31.510418,18.433400,28.765526,32.070401,29.533686,27.219078,25.688564,30.375659,28.099065,34.053577,28.679063,33.332645,29.406185,31.166963,28.318440,30.342189,0.000000,30.189559,19.563865,27.623039,31.889296,31.682063,32.764407,32.324976,30.738472,25.082011,23.257513,25.673271,25.229517,33.896625,33.044904,34.564012,21.973199,20.012981,33.348182,32.554132,19.603425,29.468074,32.766772,30.470137,33.105572,32.328571,31.994248,20.225637,30.047067,29.946196,31.921377,29.953314,33.184771,27.408889,29.592027,27.463320,27.246877,30.867240,27.753748,27.984571,33.158132,28.845603,26.713563,32.398942,27.331393,29.756849,28.301654,33.094425,31.064448,32.828214,26.824803,27.537202,32.540288,28.859953,31.943436,26.932121,31.159274,27.270669,27.332928
siêu thị 24h ninja mark,24.589019,24.906919,24.050804,28.424383,29.147939,24.584810,23.235887,29.937585,27.491071,24.788485,26.647650,25.032443,25.323662,27.359087,27.959046,23.225474,29.700709,25.977829,17.301512,24.114673,28.061152,27.262937,24.566836,28.564324,19.151763,17.860345,24.109868,28.429383,29.722244,27.212219,23.120724,25.940490,29.273993,18.012948,29.605057,27.078842,22.419038,23.161193,17.722873,25.344827,28.333100,27.080772,22.088934,27.497381,25.259120,25.508980,27.263337,30.525843,18.696947,22.625707,28.177189,25.443368,24.577258,19.251309,27.295012,26.903040,23.572300,26.452643,22.878894,26.613018,29.467401,20.985029,25.738205,25.324029,26.371202,23.705331,25.206881,29.834886,0.000000,25.658315,29.376051,25.290723,28.526164,28.988436,26.440450,26.297536,29.936525,25.299305,20.363605,19.424300,27.180468,24.680721,28.217645,27.953087,27.550060,29.529741,25.169914,28.977406,28.572679,24.121990,20.338865,25.101320,26.040454,22.714763,27.953902,22.528907,14.642704,25.451602,29.874043,27.313648,21.011478,31.783879,18.571881,20.531237,24.565515,21.480317,22.494327,27.352500,26.718640,20.742607,26.189305,22.124119,24.647676,22.682465,28.416131,23.641475,26.733747,22.011026,21.565838,23.485529,28.795022,23.838472,27.049845,22.798938,27.356106,23.485617
Trường Mầm non Tứ Hiệp (điểm Cổ Điển B),25.641667,26.368814,21.522620,25.837089,26.427143,24.294029,23.988108,27.251427,25.374540,24.335430,25.726960,24.656469,24.977374,25.606985,25.917797,23.816413,27.366341,25.907174,22.847603,24.854943,27.609667,20.582306,23.090174,26.616915,23.719250,25.516591,24.562248,27.404648,27.768211,25.853363,21.685274,19.155662,21.890466,24.715234,22.461147,26.967079,25.045361,22.515284,24.115778,22.629829,28.100679,20.287384,23.806162,27.283268,16.077459,25.137845,21.168987,22.468671,25.179989,20.247091,27.819932,26.894051,11.946464,24.770180,27.348269,26.274457,23.854756,21.360403,26.864037,23.156384,28.988860,24.708236,28.086475,25.331384,27.062424,24.646222,26.068700,19.265197,25.547234,0.000000,22.769470,27.802876,28.085580,28.573337,27.541284,26.776897,15.876601,21.407296,22.757442,24.273861,29.018476,28.440242,28.969800,13.883777,17.805966,29.182001,28.010692,16.528216,26.481053,28.447769,27.128718,28.484726,28.282617,27.946659,17.803698,24.418897,22.423763,27.947404,26.849103,28.675919,24.301092,24.925426,25.028052,24.105106,27.163796,24.465622,24.711018,28.708677,25.755736,24.492084,28.355138,24.327530,26.788064,24.611573,29.106827,27.533270,28.929249,24.076276,25.432495,28.570419,26.640190,28.336093,25.166333,27.798174,25.486690,24.558859
WinMart+,31.960228,34.057491,27.692427,25.584678,32.266364,29.712185,33.708230,26.123990,29.972260,30.650598,30.828865,33.410660,29.952734,24.194969,30.805702,31.159726,25.937477,30.395538,26.730617,32.447324,32.855011,31.265309,29.477652,30.800455,28.795963,29.694339,31.069808,25.657989,27.102494,29.923455,27.061404,30.880242,23.469374,30.054391,24.703800,31.547405,31.023818,27.995457,28.675625,27.588379,32.535252,32.869972,29.221712,24.066747,28.062827,28.756024,32.669371,25.899005,30.049982,28.742121,32.225355,30.893016,27.096329,29.374476,31.490683,20.588650,27.829543,26.871301,29.966630,28.571531,25.887004,29.173467,32.086041,29.799692,30.695236,28.552408,29.439519,35.640178,30.323054,28.281103,0.000000,28.928396,26.211361,24.362625,31.442950,30.188349,35.120590,31.837341,28.954526,27.768966,32.573178,31.916607,33.025500,32.366169,23.576243,23.860673,31.486466,26.114825,20.065972,31.708720,28.250750,31.918253,31.456214,31.033822,24.110806,28.352399,27.304427,31.104030,21.342997,31.981266,28.318130,24.474534,25.867799,28.162333,28.939347,28.674572,28.860413,31.951050,28.807967,26.312420,31.345934,28.120815,29.200602,28.529070,31.308081,28.690021,30.860751,28.620432,27.294765,31.467954,24.957834,29.737053,23.304776,28.938914,23.748217,29.030761
Không có tên,29.029448,30.807741,27.533460,28.767136,30.284250,25.105812,27.811180,31.511603,27.314920,26.684921,25.787048,30.935882,25.369769,27.099784,28.257474,25.438647,30.921636,24.321307,20.204680,30.466726,28.495775,32.001411,28.414889,29.897169,26.918156,21.872268,26.651984,28.796056,31.081633,26.466126,25.610456,30.598786,28.663450,21.260167,28.363070,26.403084,25.530405,27.705719,22.442278,29.138731,29.004875,31.607797,25.534193,27.395351,28.266476,22.252586,31.547819,29.440440,25.159306,24.118271,28.707921,22.741960,27.428235,25.225728,26.949498,26.580691,24.714812,27.209758,14.555430,28.527724,30.378119,24.849324,21.151089,26.341833,23.912290,24.988576,25.457093,34.257554,23.936351,28.976294,29.327802,0.000000,28.855477,29.576610,24.089386,26.408927,34.043127,31.408066,23.909211,24.370774,28.093136,25.922889,31.471004,31.473235,26.427593,30.333556,24.495058,27.773873,28.869684,26.587054,23.115731,26.599174,26.006574,25.658484,26.798913,25.342146,25.105110,25.104677,27.311407,27.604935,24.009477,30.013580,25.060957,24.151657,24.172866,25.302432,25.587837,27.928961,24.668288,23.115725,27.211532,28.079705,26.768290,25.551367,29.484408,25.383886,29.155765,23.737129,24.079211,27.804911,27.142395,27.613594,25.473486,26.296524,25.817503,27.567365
Quan an Nam Nhu 1,34.553393,37.439104,30.306904,25.093986,27.315174,31.825050,37.882715,25.903013,25.729553,33.216424,25.910316,37.001420,26.291784,23.340220,26.323326,33.494283,25.585685,26.491929,23.633175,35.432085,28.092835,34.263874,32.012214,27.199777,30.587842,25.957075,33.360627,22.136195,25.206312,26.300319,29.025983,33.566590,27.842920,31.928531,28.818904,25.719177,33.186599,30.070809,30.197103,30.020645,25.574975,35.558737,31.001994,20.479099,29.958102,25.379771,35.104192,32.199122,31.674306,30.222703,26.273417,24.783286,28.977794,30.887284,24.826891,15.499995,29.078295,22.657268,23.360632,30.263587,22.400843,30.618761,26.964499,31.226358,25.658020,29.742500,24.596144,38.050727,31.877514,29.979774,23.250928,26.785665,0.000000,18.347301,26.082253,25.420338,37.247312,33.218191,30.036115,28.782122,27.979430,27.381275,27.514572,34.096004,24.038298,15.398202,26.937009,25.944541,15.759950,27.419504,29.179327,27.434738,27.254473,26.921268,24.458739,29.260138,28.226692,26.907132,16.533353,27.647516,29.256762,21.653934,26.628848,29.119941,26.144962,29.683175,29.832414,27.690488,24.442573,26.965064,27.352466,28.970804,30.129186,29.414870,28.141586,29.366004,31.759135,29.397600,27.975206,27.576854,23.979701,30.580401,22.542882,29.683913,22.860791,29.769108
WinMart+,27.555215,28.834079,26.215360,26.294940,29.208694,26.807362,37.599004,27.850231,26.811882,28.206513,27.295544,36.904458,27.678856,24.000330,27.658239,27.306357,27.609008,27.872419,24.172193,35.678615,29.945782,34.757590,32.870212,28.652535,27.892372,27.107757,33.777210,22.588905,27.336888,27.503829,30.103234,34.160771,24.711960,32.602563,24.022768,26.909861,33.709128,31.054506,27.414473,31.186775,26.787264,35.744207,31.789828,20.038938,31.020053,26.298997,35.379289,33.389067,25.442955,31.074124,27.556135,25.638360,30.167904,26.446345,25.740414,11.980254,26.611387,27.281072,23.867825,31.137367,23.485800,31.423117,28.308307,26.943104,26.588016,25.423944,25.530413,37.810960,32.484255,30.997580,24.529128,27.846446,18.588321,0.000000,27.189302,26.291228,37.161613,33.729612,26.907584,29.659733,29.359923,28.632090,28.992872,34.558901,25.791730,21.373487,28.121168,27.835162,12.009881,28.606272,26.966327,28.701286,28.371060,27.993234,26.279885,27.055899,26.987262,27.974586,16.688768,28.908411,26.911458,23.279753,26.677851,26.612434,27.064504,27.295511,27.462004,28.942689,25.092456,27.851138,28.468452,28.548732,27.864684,27.230524,29.328350,26.661520,29.119530,26.116338,26.175163,28.690409,24.544826,28.379706,22.986077,27.745482,23.319556,28.110265
Taste Tea,27.068942,28.640337,25.811601,26.919715,27.726123,25.701929,26.260912,29.309047,24.913283,28.074452,22.641039,29.325841,26.564478,24.632814,25.118457,27.123094,29.150227,23.562939,22.779655,29.013572,24.122074,30.580596,27.018033,26.810812,27.414545,26.195137,27.743999,28.606213,28.580720,24.810582,26.557284,29.236495,27.021903,21.130534,26.689187,24.259899,26.565262,26.370766,22.157874,27.976330,21.378443,30.238509,26.549521,28.342804,27.116362,21.859499,30.254085,27.895096,20.674278,25.108259,21.391126,16.940650,26.306873,25.725354,20.781934,25.088645,25.349378,25.760773,18.661271,27.298153,28.482181,25.300245,24.057548,26.732037,18.744731,25.489393,18.458869,32.891547,24.352091,27.899590,28.094951,25.787089,27.376702,27.875584,0.000000,19.862408,32.701655,30.478301,24.611591,24.895049,24.639610,26.710306,24.904976,30.419359,25.501489,28.706106,24.587808,26.628071,26.623249,26.952531,24.055408,27.112889,21.654545,26.224582,25.838799,25.581246,25.390594,23.655066,27.829626,24.144012,24.642136,28.518965,25.278217,24.604233,24.365156,25.623982,25.513229,27.889904,17.637986,23.508010,26.851983,27.622866,26.831203,25.785026,28.904523,25.524900,28.620306,26.126596,24.536957,27.491020,26.920060,27.323519,25.253872,26.248503,25.602224,27.282217
WinMart+,26.639577,27.827515,25.614307,26.506371,26.938935,23.311359,25.999606,28.278102,24.769148,24.710912,23.412424,28.557159,23.290136,24.988201,24.862062,23.910509,28.319582,22.222948,19.484887,28.353346,24.774588,29.698643,26.665380,24.994614,25.194728,20.649952,24.928931,26.866944,28.245088,22.826724,24.240147,28.581482,26.998165,25.447168,26.697781,23.417378,24.232445,26.090290,21.161301,27.563936,21.613554,29.422457,24.249123,25.719638,26.806426,20.032074,29.481107,27.774026,25.080664,23.205087,18.880315,18.059433,26.094094,25.130479,21.318952,25.264286,24.657728,25.860858,21.929383,26.936993,28.258647,24.797228,21.621866,26.121163,20.580144,24.714903,19.534001,31.738513,23.758173,27.519476,27.978909,24.802782,27.309169,27.743341,17.067238,0.000000,31.636476,29.876123,23.919937,24.336109,21.567699,25.534663,23.648426,29.758735,25.584851,28.487326,22.710039,26.603927,26.075799,26.156660,23.212472,26.037195,16.542297,25.329058,25.900330,25.044008,24.835720,19.784342,26.031738,21.401786,23.896826,28.332061,24.807484,23.963677,23.787561,25.008753,25.094427,26.942221,18.901010,23.041843,26.458848,27.373243,26.354025,25.253760,27.503788,25.112667,27.270346,23.442038,24.056912,25.925255,26.635956,26.036916,25.093807,24.979926,25.425940,26.233248
WinMart+,33.688484,37.697512,31.197177,32.038214,34.491310,30.815984,35.949912,35.116506,31.041541,32.383947,32.215068,33.449268,31.149463,31.264528,32.314493,30.480726,34.014500,31.606033,26.604044,32.347324,34.888962,34.914533,29.115213,32.162531,28.792228,30.606603,31.154321,32.728289,33.859855,30.918003,26.798527,24.763035,27.889724,30.226209,28.387917,33.104470,31.292083,28.051535,28.697788,30.728280,34.206868,29.507294,29.013372,32.260331,20.054307,29.438498,29.641582,29.507907,29.951201,24.752310,34.027692,32.036478,17.334702,29.325673,32.603788,29.987927,27.730956,26.235154,30.778916,28.012164,34.548787,29.222363,33.878398,29.933247,31.641107,28.846772,30.883423,24.386285,30.789716,16.593873,28.173630,32.338068,32.105059,33.234776,32.824803,31.185365,0.000000,24.100457,26.149249,25.409205,34.322250,33.473031,35.103503,18.156166,18.940072,33.791199,33.006812,17.991660,29.880067,33.168732,30.849507,33.589980,32.727133,32.399581,19.104099,29.907589,29.823568,32.320460,30.365607,33.648515,27.818914,30.058382,27.514964,27.711611,31.301684,28.230690,28.452288,33.611445,29.260402,26.791119,32.830664,27.770257,29.636001,28.174024,33.494485,30.812175,33.221394,27.232621,27.547027,32.909762,29.061445,32.303475,27.113994,31.485113,27.446391,27.725514
Trường Cao đẳng Hà Nội,29.627554,30.767339,28.449103,29.129075,29.978600,27.974883,30.527299,30.531268,28.505809,28.447497,29.073337,28.983729,28.343772,28.641027,29.119616,27.669952,30.412853,28.932918,25.656058,28.726024,30.798419,28.278969,16.072762,29.413062,18.481488,28.452175,18.289841,29.948030,30.554413,28.700906,17.240295,25.006021,26.518830,19.204242,26.914200,29.944127,18.717805,15.237674,19.356945,28.109398,30.873158,17.157492,18.285445,29.710620,22.611697,27.825302,16.462238,27.516349,23.631844,18.520673,30.630333,29.581395,21.446450,23.445244,29.931661,28.371880,19.665554,25.419335,23.707908,16.059397,31.369080,24.900566,30.678138,24.097525,29.481362,23.580074,28.669189,23.118354,25.335983,21.990526,26.831846,24.494207,30.005590,30.628216,30.173115,29.234728,24.580078,0.000000,24.276392,21.306712,31.340704,30.787055,31.509415,23.311321,21.104415,31.123934,30.386271,20.989349,28.405371,25.156260,23.886807,30.798348,30.517124,24.496232,21.309231,26.939551,26.808187,30.206500,28.770417,30.919053,24.058716,28.387286,23.376324,23.842232,25.096388,24.242895,24.540699,26.123639,27.906065,22.432467,25.687375,25.964463,26.217487,25.260802,26.547534,27.250740,25.789933,23.928391,24.236085,24.590270,28.333660,24.809951,26.673145,24.359633,26.978282,24.508575
TK mark,27.054426,27.848993,26.202812,26.899404,27.152367,21.600171,19.881233,28.091784,25.625668,19.953035,24.683300,20.602376,18.295861,25.748936,25.778277,18.639705,28.208341,23.760720,16.682214,19.527724,25.858788,23.224665,20.936327,26.061925,18.786687,17.328485,18.632587,27.103507,28.133988,24.566580,18.797760,22.356424,27.186157,17.221639,26.945097,24.773278,15.658541,19.416505,16.854830,22.413889,26.320425,23.184200,17.947778,26.182540,22.232818,22.841237,23.533807,23.925827,15.859603,18.810423,26.042143,23.202687,21.714707,13.467290,25.397806,25.743420,16.825978,26.232103,19.817396,22.098432,28.193281,15.778357,22.431277,13.022637,24.092187,19.041120,23.221428,25.709464,14.024904,22.727352,23.833301,21.004224,27.426799,27.790905,24.159530,23.804350,25.979093,20.084922,0.000000,19.997320,23.811925,21.279561,26.171162,24.747816,23.354168,28.383858,21.777273,24.130200,27.589221,18.386863,15.397268,21.719101,23.434281,18.355305,23.579258,20.627919,20.296355,22.824962,26.348536,21.681811,17.402559,28.260780,21.280623,18.728370,18.402214,19.711967,17.518612,19.988752,23.019495,19.951078,20.628327,20.185604,22.216121,20.939263,22.491628,22.138981,20.017326,16.890271,20.597028,18.860992,26.640062,18.658109,25.216413,18.818067,25.521602,21.680558
Hội đồng nhân dân - Ủy ban nhân dân phườ,23.297666,23.291921,22.946220,23.835264,23.946048,23.015206,21.885318,24.705102,23.232272,22.888835,23.730609,23.439403,23.923441,23.517585,25.162949,21.337918,25.134031,18.155160,15.527395,22.297353,25.229317,26.130036,23.264013,25.275111,16.858725,16.041908,21.694271,25.238137,25.683610,24.292154,21.205749,24.822701,25.348584,15.388965,25.776511,24.456529,19.850022,21.597078,15.088113,24.405140,25.579047,25.970969,20.135610,25.192194,24.272802,23.145957,26.234398,26.250238,14.933771,20.976812,25.362507,23.366012,23.598254,16.328941,24.957705,24.623232,19.208010,23.067906,21.165579,25.564850,26.745669,16.920163,22.857512,17.878235,23.991638,18.472427,23.300692,28.842138,18.438615,24.744991,25.764869,22.113263,28.437105,26.386233,24.041484,23.791987,28.949747,24.226620,18.790448,0.000000,23.742480,22.162151,25.478281,27.142149,24.762239,27.863652,22.466128,25.799648,25.915468,21.020365,19.061272,22.395624,23.536682,20.550295,25.067610,18.291888,15.660456,23.126014,26.809267,22.310307,19.047997,28.403827,15.224650,18.602880,21.542933,19.517887,19.773638,23.546094,24.233779,16.018193,22.691101,19.848375,18.627419,20.639098,24.344518,17.248470,22.831602,20.112113,18.201556,21.297342,27.111854,21.231197,25.580389,20.843010,25.896384,21.221746
Trung tâm Công nghệ Phần mềm Thủy lợi,28.483956,30.015473,27.147171,28.259819,29.414243,25.149634,27.439649,30.622168,26.825743,26.562862,25.418272,30.317228,25.394513,26.694513,27.502966,25.447844,30.261239,24.460953,20.537395,29.937050,27.643448,31.374766,28.038313,28.634511,26.835942,22.181948,26.523114,28.365376,30.357616,26.348131,25.567587,30.092205,28.297743,21.519991,28.008329,23.355223,25.535540,27.398087,22.686427,28.784229,28.181069,31.030958,25.539511,27.074214,27.961897,22.783634,31.003572,29.053402,20.956579,24.185505,22.597353,21.759002,27.173725,26.424686,25.458353,26.354336,26.086163,26.956427,18.899765,28.210048,29.851183,25.832439,26.000166,27.636829,24.325135,26.491718,22.865067,33.559623,24.996253,28.655470,29.018048,26.783263,28.515593,29.149425,24.657206,18.998661,33.345147,31.009340,25.242312,25.423439,0.000000,28.081552,28.058232,31.026696,26.284297,29.884129,24.720149,27.556140,27.337154,28.282789,24.730341,28.545867,24.139256,27.221221,26.638946,26.345843,26.141817,23.549974,27.067878,24.232502,25.420314,29.612932,25.913455,25.322137,25.642077,26.460462,26.727227,29.397510,23.215585,23.929166,28.474471,28.930552,27.710741,26.545246,29.357566,26.120478,29.044706,24.770342,24.968821,27.843063,27.025106,27.631618,25.406387,26.419626,25.738879,27.557333
WinMart+,28.289358,29.589644,27.075113,28.063587,28.972491,24.964876,27.341068,30.078920,26.744345,26.215027,25.504021,29.948749,25.137646,26.644870,27.272116,22.871401,29.867034,24.336491,19.089410,23.538493,27.405592,30.952443,27.896903,28.136587,24.718495,22.342953,23.205014,28.180736,29.920590,25.765510,22.685856,29.788759,28.140090,23.989890,27.872313,25.863823,23.532442,22.842676,21.301822,28.610460,27.883729,30.641842,21.943403,26.997628,27.842102,22.944483,30.636042,28.852876,23.101536,22.396030,27.651061,23.428663,27.107949,22.678211,26.411699,26.342525,21.235727,26.906843,18.036898,28.047967,29.548159,22.933232,22.491515,23.913303,24.744579,20.573424,23.585908,32.976189,21.365502,28.497604,28.860157,19.228980,28.357616,28.926728,24.887558,24.416387,32.802003,25.481581,20.377002,22.098923,25.047805,0.000000,27.713213,30.717607,26.277352,29.612717,21.304714,27.458408,28.435456,21.918654,17.701904,21.264281,23.900760,11.794085,26.615630,23.340954,22.917128,22.966751,27.011975,21.335033,20.082003,29.378833,23.388359,21.170836,19.985164,22.728669,19.859651,17.215381,23.159665,21.338232,22.903675,22.492148,25.438317,23.604988,25.100345,24.079421,21.032971,18.251377,22.268814,19.936022,27.000692,21.927275,25.419815,21.701875,25.746900,23.656597
Không có tên,29.305647,31.351788,27.672010,29.071524,30.946385,27.935146,27.974938,32.248370,27.532963,30.455242,25.133287,31.430663,29.241220,26.694629,28.739177,29.090036,31.464353,29.412673,24.220864,30.871724,27.989484,32.536408,28.622072,29.545566,29.297558,28.267453,29.708139,30.449444,31.043063,25.956102,28.158877,30.989046,28.493044,26.484395,28.171252,29.754350,28.120872,27.846503,28.665173,29.362547,24.491220,32.094112,28.086987,30.069209,28.432297,23.786849,31.996620,29.324192,25.966314,26.293338,27.723356,23.699956,27.536164,28.371526,25.162843,26.322846,28.264403,26.989720,20.722192,28.705534,30.299877,27.541490,30.548148,29.577720,22.687606,28.835807,20.664633,34.912562,26.932309,29.174710,29.229917,29.288033,28.716753,29.458481,18.146683,23.131687,34.616353,31.711712,27.447329,27.262007,26.151099,30.710483,0.000000,31.831950,26.264491,30.263499,25.864027,27.640240,27.409025,30.529848,27.313565,30.997288,24.458859,29.508164,26.640938,28.129470,27.980711,25.059933,27.113048,25.393906,27.704809,29.933387,27.525558,27.394945,28.048018,28.434140,28.657295,31.348647,21.094422,25.492671,30.372818,30.343493,29.323358,28.319187,31.683238,27.559665,31.349129,26.706412,26.592931,30.625985,27.287062,30.057457,25.549623,28.937171,25.898309,29.614654
Cafe Dinh,29.387558,31.019464,28.088209,28.891471,29.990990,27.512738,30.882971,30.668502,28.166008,28.101262,28.833337,28.889288,27.981275,28.534011,28.918512,27.141951,30.418206,28.667995,25.121475,28.601933,30.894967,27.930700,26.372392,29.237013,26.364019,28.093159,27.708570,30.070070,30.556332,28.384881,24.487418,23.103425,26.075611,27.475641,26.545522,29.842596,28.091946,25.493228,26.535384,27.882031,30.941125,25.129346,26.511822,29.786683,19.587085,27.394529,25.608431,27.123397,27.743016,23.017783,30.641031,29.433844,17.408351,27.222322,29.986523,28.240922,26.018813,24.876829,28.883550,25.270377,31.652901,27.096061,30.682078,27.714710,29.396637,26.766415,28.377539,22.220796,28.056189,13.751833,24.237818,29.891137,30.087121,30.822097,30.059957,28.977432,17.592810,23.067633,24.723705,26.219911,31.384264,30.740955,31.638741,0.000000,16.867947,31.376498,30.299889,14.607592,28.284547,30.624250,29.086398,30.767906,30.403832,30.004695,16.814607,28.235274,24.231719,30.051137,24.928060,30.889021,26.147275,26.406145,26.115360,25.965052,29.102739,26.383140,26.604131,30.895272,27.720182,25.574175,30.378890,26.091263,27.917975,26.421042,31.050149,28.775734,30.835397,25.710904,26.435410,30.547288,25.729652,30.150779,24.351356,29.567651,24.677323,26.166315
Trường Trung học cơ sở Yên Mỹ,29.003830,29.613837,26.298399,25.098864,29.113476,27.691986,29.010857,25.193961,28.112863,27.979959,28.526310,29.210489,27.956020,24.129888,28.540201,28.484290,25.122322,28.437779,26.037948,28.977163,29.819964,28.189586,27.305506,28.807508,27.231067,28.086485,28.300729,24.949064,25.669275,28.278354,25.940753,28.133293,23.651331,28.038493,24.283622,29.207440,28.497226,26.568853,27.316388,26.198264,29.986096,29.384715,27.525910,24.898319,26.620067,27.603017,29.431956,24.678945,28.293404,27.410720,29.730245,29.033260,16.951293,27.872376,29.428106,24.193202,26.895265,20.133175,28.712280,27.110568,27.272126,27.739313,29.792379,28.199607,29.066128,27.371718,25.665742,31.255162,28.325287,16.644181,24.022422,27.781224,27.407761,26.554609,29.446268,28.739837,17.447203,29.687396,27.816982,26.963894,30.380682,29.947220,30.431165,16.704666,0.000000,26.525294,29.618293,12.632460,24.099260,29.905156,27.419074,29.941851,29.788367,29.466562,11.282090,27.357243,26.571256,29.531728,24.974031,30.054059,27.389047,26.953663,25.553537,27.215820,27.918192,27.583085,27.759623,30.057200,27.822395,25.985829,29.734391,27.258212,28.023199,27.565727,29.754309,27.828986,29.315433,27.709646,26.782821,29.902576,25.858689,28.540431,24.329010,28.018492,24.682132,28.060085
WinMart+,35.858524,38.934435,31.736577,27.161575,29.753059,27.390737,39.697244,28.698812,27.384276,34.581573,27.985668,38.665970,28.268083,25.077085,28.210161,34.803028,28.649645,28.429586,24.812957,36.951285,30.402778,35.827761,33.455640,29.115707,31.751854,27.670253,34.653152,24.591463,28.530002,28.030148,30.280523,35.051532,30.153594,33.129729,30.981464,27.519446,34.483277,31.378871,27.878607,31.487561,27.453789,37.018126,32.193174,22.554361,31.227227,26.818117,36.496086,35.079152,32.824201,31.319799,28.088078,26.226994,30.221467,31.998055,26.396410,15.768066,27.059183,26.004784,24.408459,31.441666,26.531775,31.711870,28.744768,32.312351,27.080357,30.732464,26.143799,39.407907,32.991986,31.196885,24.914985,28.200130,22.756795,21.408433,27.678548,26.754281,38.524193,34.298696,31.007187,29.727993,29.695865,28.994441,29.389793,35.299575,26.100501,0.000000,28.508274,28.466532,14.252662,28.948583,27.349984,29.050643,28.721355,28.333806,26.671449,30.163793,29.139145,28.335127,14.495994,29.232353,27.267988,23.373772,27.474519,30.052931,27.423966,30.634921,30.778828,29.260982,25.560963,27.777263,28.782248,28.814585,31.055893,30.328191,29.584828,30.197040,29.374373,30.269669,28.807891,28.991570,24.654842,28.659271,22.995135,28.042450,23.354311,30.632891
Coffee Cây,28.844322,30.161089,27.613516,28.612620,29.643448,25.708714,27.834535,30.643602,27.439235,26.875169,26.280405,30.398818,25.965038,27.269040,28.123145,25.862644,30.336136,25.285519,21.528486,30.046806,28.311995,31.333568,28.337835,29.167083,25.738249,23.185761,26.756680,28.648596,30.422269,27.011651,25.896609,30.181189,28.548693,25.261988,28.291656,26.851151,24.583999,27.716502,23.377293,28.970538,28.688906,31.016049,23.097404,27.476578,28.218856,24.315568,30.988796,29.222948,24.652703,23.417183,22.437582,21.890861,27.490573,24.637837,24.550296,26.757633,23.943829,27.300360,19.883575,28.435601,29.967045,24.358375,24.353009,25.877118,23.492680,24.112731,22.678590,33.290622,23.260896,28.842458,29.162052,24.083984,28.730165,29.326260,23.706232,22.804202,33.119253,31.000146,23.068696,23.783074,22.120480,24.789142,27.556679,31.019175,26.546261,29.980377,0.000000,27.768621,28.754440,25.975289,21.920869,25.801386,21.976962,24.900705,26.883944,24.845748,24.561710,19.605700,27.379720,17.623467,23.113689,29.730598,24.609040,23.406696,19.045999,24.705381,21.718890,21.645168,18.175967,22.597038,22.430861,25.051149,26.478504,25.072026,26.072543,25.021651,25.862346,20.492534,23.577470,23.705053,27.180413,24.437130,25.589242,23.128309,25.910649,25.094816
Trường Mầm non Tứ Hiệp (điểm Đồng Trì),31.436905,32.665311,28.258833,26.666081,31.666349,29.858520,31.868962,27.167918,30.097978,30.469179,30.700989,31.916827,30.084599,25.442193,30.756960,30.892196,27.076343,30.450556,27.289771,31.412424,32.175797,30.518061,29.304216,30.846400,29.215509,29.878134,30.768130,26.722067,27.956844,30.087330,27.897147,30.337591,25.684074,30.175810,26.371359,31.336432,30.848672,28.583375,29.116835,28.031983,32.061670,31.926812,29.555465,26.597353,16.480311,29.163737,31.856440,27.341643,30.005939,29.122118,31.942458,30.824043,15.525469,29.563338,31.170407,25.662245,28.378174,21.235979,30.154156,29.097644,29.417239,29.486582,31.944666,29.981816,30.649962,29.115359,27.284933,16.965594,30.430828,14.903827,26.568312,29.460512,29.841167,28.770787,31.353536,30.376993,16.037980,18.796199,29.349001,28.387922,32.441077,31.898855,32.704486,14.304950,12.815087,28.950473,31.581855,0.000000,25.653562,31.766879,28.672849,31.935059,31.498090,31.275345,12.205806,28.954070,28.093599,31.215222,26.791998,32.014957,28.963556,29.719798,26.863018,28.832479,29.520861,29.265637,29.437191,32.005318,29.071859,21.978250,31.557452,28.809893,29.712663,29.168893,31.540578,23.966987,31.120937,29.256884,28.003340,31.694727,26.695421,30.215840,24.947871,29.490414,25.317833,29.619109
Trường Mầm non Lĩnh Nam (cơ sở 2),28.543176,29.519757,25.523014,22.138385,23.993092,23.065408,29.079064,22.380738,23.124500,27.447704,22.934260,29.023576,23.384640,20.719772,23.494295,27.887059,21.902117,23.608081,21.534747,28.588941,24.832599,27.796915,26.721551,24.305276,26.314381,23.278858,27.680560,19.022077,21.374686,23.597941,24.935145,27.576379,22.582327,27.171130,23.298929,24.896710,27.743429,25.591009,23.760691,25.313071,24.792323,28.828687,26.545067,17.674217,25.778033,22.963095,28.785108,23.814967,27.259461,26.292425,24.732058,24.088319,25.177482,26.764266,23.633564,14.277540,23.376599,19.411199,21.377778,26.027005,18.398455,26.593332,25.810537,27.068752,24.331147,25.498055,24.086038,30.754852,27.305163,25.900751,18.946514,25.652883,16.028448,15.227671,24.669179,24.106933,30.532240,28.599442,26.507725,25.598252,26.624331,26.137848,25.604953,28.839307,22.112618,13.220429,25.753739,23.387731,0.000000,26.165333,25.085912,26.152911,24.279320,25.741643,22.367716,25.988439,25.164931,24.356842,12.294466,26.321729,24.985545,16.219462,24.051553,25.829074,25.064591,26.213412,25.398463,26.344970,23.213471,24.436447,26.071300,26.225737,26.632756,26.129831,26.739031,26.328807,26.589561,24.383517,25.229050,26.260595,21.870032,26.091886,20.761732,25.633045,21.052626,25.930869
Chợ Nhân Chính,28.367101,29.463002,27.258760,28.145380,28.902298,25.439091,27.488459,29.860089,27.008380,24.536364,25.947177,24.845895,25.629038,26.897361,27.476391,22.574298,29.726888,25.017706,18.897511,24.100064,27.633614,30.729018,24.479539,28.234059,24.227156,19.600736,23.816039,28.233933,29.770626,26.393288,23.193532,29.685159,28.188067,23.487547,27.941972,26.356854,22.799627,23.293989,20.882255,28.615504,28.016113,30.450112,22.453251,27.160027,27.913104,24.118414,30.449960,29.600814,22.623301,22.870402,27.815074,24.301504,27.234214,22.108211,26.746134,26.536390,20.655477,27.050945,20.383139,26.213059,29.461185,21.942945,24.052368,23.062643,25.440360,19.851961,24.183354,32.561505,22.819833,28.509468,28.640450,22.646909,28.387534,28.907369,25.544122,25.245692,32.420032,25.104407,18.553783,20.974911,26.067965,22.542807,27.833760,30.560994,27.037770,29.534185,23.218183,28.310023,28.458192,0.000000,14.807937,21.667377,24.864908,18.449955,27.406968,22.153790,21.689322,21.654385,27.139968,21.068655,16.606782,29.324678,22.527190,19.669604,17.260173,21.172246,16.897806,21.926850,22.963009,20.625562,21.934858,22.684812,24.363301,22.468983,24.981237,23.389736,19.742859,17.628681,21.452394,18.618232,27.056352,21.097428,25.520138,20.939444,25.835776,22.730858
Cục Sở hữu Trí tuệ,25.549522,26.159785,24.934496,25.451470,25.405604,23.045464,22.350519,26.330141,24.154514,22.844350,23.297786,23.411034,23.005292,24.504696,24.089029,21.900763,26.599160,22.386869,18.298905,22.695180,24.068951,25.235735,23.283954,24.065203,21.713083,18.689741,22.053573,25.885479,26.456675,22.773028,21.755981,24.364403,27.050698,21.045842,25.839757,23.150589,21.190533,21.989246,19.199902,25.960515,24.555853,25.041975,21.121121,25.086981,24.012749,21.395962,25.260601,27.919341,19.107316,21.651055,24.294627,21.910626,23.516231,19.905691,24.000360,24.828164,18.790728,25.288419,18.899954,24.767086,26.857367,20.276154,20.835768,19.987530,22.680270,17.912760,22.104821,26.989026,20.796805,24.367867,27.276853,19.432606,26.361033,26.584415,22.651243,22.243504,27.129277,23.808733,17.423073,19.432260,21.836911,24.709168,24.507117,26.134918,26.071184,27.153369,22.662757,26.897579,26.615643,15.095815,0.000000,23.157264,21.896141,15.999605,26.271223,19.612084,19.296376,23.282317,25.431279,23.362171,13.103433,27.111163,20.447422,14.664252,16.907849,18.575982,14.199843,22.548930,23.942259,19.320479,20.798867,17.465878,21.117501,19.941835,23.266875,21.378250,18.948508,14.860090,19.858400,18.416803,26.115291,17.100888,24.812629,17.495037,25.106010,19.418764
WinMart+,29.428329,31.045670,28.027864,29.189529,30.635553,25.995058,28.246388,31.678732,27.995452,27.338804,26.697253,31.129220,26.344042,27.719997,28.969572,26.118211,31.123814,25.606045,21.322616,30.680454,29.278376,32.086084,28.772874,30.551454,25.160054,23.151916,27.177834,29.148297,31.279970,27.957022,26.158397,30.788661,28.973096,24.620060,28.699917,27.532733,24.082190,28.069408,22.611956,29.394999,29.634675,31.719084,26.076970,27.842262,28.573888,24.529950,31.654243,29.679365,23.967670,22.985625,29.372416,24.185306,27.776193,23.818207,27.762098,27.008246,22.973613,27.582137,18.908974,28.793646,30.601403,23.732877,24.723998,24.922844,25.227606,22.982497,26.264442,34.153688,22.590380,29.225091,29.528631,22.690555,29.130426,29.844373,25.359181,23.477590,33.960885,31.483328,22.159005,23.110184,25.117078,22.588125,31.675631,31.568287,26.691952,30.530860,20.005113,27.998867,29.109979,20.841245,20.752933,0.000000,22.973857,20.022000,27.056286,24.194756,23.892056,21.249264,27.651994,20.159647,23.378079,30.220210,24.094160,25.911329,18.030476,23.922266,21.904036,24.427784,23.970918,22.119684,23.126962,26.308636,25.856073,24.178375,26.291285,24.595211,23.440140,20.341837,23.041614,23.023965,27.296442,24.156046,25.646678,22.565645,25.978541,25.060151
Kho bạc Nhà nước Đống Đa,27.110256,28.164209,26.120079,26.961232,27.426546,24.166043,26.440482,28.566006,25.504601,25.361654,24.342832,28.795962,24.244845,25.618770,25.713750,24.572403,28.609314,23.444115,20.507846,28.590340,25.764374,29.827796,27.022643,26.069435,25.949349,21.826426,25.438914,27.230494,28.552535,24.419148,24.761117,28.788898,27.303082,25.565783,27.035338,21.274308,24.870902,26.467703,24.002980,27.810388,20.029462,29.564619,24.775303,26.155610,27.097047,22.039468,29.607378,28.014823,25.139055,23.806627,21.774171,21.263560,26.429023,25.204546,19.535881,25.666393,24.683189,26.218748,21.568040,27.217269,28.505281,24.822509,23.731498,26.340015,22.810480,24.810052,18.385249,31.706096,23.747540,27.757126,28.162878,24.915802,27.575495,28.014470,16.069701,14.634584,31.603268,29.956331,23.865719,24.337355,20.245997,25.832588,22.933355,29.850585,25.827896,28.689039,22.272547,26.832027,25.014771,26.509156,23.057618,26.455392,0.000000,25.513992,26.137306,25.156980,24.919845,18.306702,26.353694,20.809530,23.873215,28.531753,24.872178,23.958916,23.752098,25.122236,25.209628,27.456558,16.195884,22.986211,26.793004,27.716753,26.594631,25.369440,27.943660,25.193425,27.665477,23.396229,24.040021,26.166000,26.660813,26.250464,25.162830,25.066239,25.483675,26.423574
Tịnh Cafe,28.909421,30.131460,27.732435,28.684106,29.645681,25.956322,27.930729,30.577277,27.595573,27.042487,26.518487,30.366132,26.224767,27.416101,28.247990,26.058170,30.309554,25.632208,18.908834,23.469460,28.442668,31.258853,28.404579,29.227204,23.378397,23.598471,23.143357,28.704660,30.385573,27.310063,22.717884,30.161509,28.599609,22.687666,28.353489,27.101133,22.241280,22.837839,20.506666,29.005439,28.777269,30.958387,22.035749,27.582202,28.275989,24.868398,30.936668,29.247083,21.951096,22.435554,28.569672,23.360376,27.575438,21.420006,27.373001,26.877547,20.225793,27.392124,20.960767,28.480587,29.958946,21.405764,25.044087,21.949446,24.477719,19.558610,26.115008,33.135290,22.102325,28.872989,29.181878,21.552656,28.772720,29.351897,24.598735,23.271737,32.980651,24.552069,18.646979,20.589104,24.539948,24.243912,30.482630,30.973584,26.625678,29.973631,20.256641,27.819583,28.795319,18.892107,16.107887,21.050433,22.816290,0.000000,26.957660,21.441261,21.096331,21.285444,27.466551,20.418873,16.968584,29.732511,21.956104,18.766824,17.639597,20.604053,17.185593,21.547696,22.955623,20.428040,22.124111,22.810754,23.144715,21.752169,25.084776,22.773870,19.938407,17.789185,21.084623,21.842869,27.222735,21.243234,25.648586,21.034415,25.964267,22.830933
Trường Mầm non Yên Mỹ,30.018492,30.828573,27.138378,25.792488,30.147245,28.583018,30.157409,25.983250,28.955986,28.989843,29.448637,30.305558,28.836985,24.655003,29.444393,29.482436,25.941783,29.293540,26.554547,29.973536,30.846307,29.138806,28.120153,29.653865,28.055182,28.886809,29.307619,25.657328,26.612050,29.080729,26.736579,29.037575,24.441568,28.934490,25.101205,30.127523,29.482167,27.417213,28.094730,26.942722,30.931619,30.501428,28.374502,25.584556,27.296545,28.316706,30.500879,25.714797,29.007228,28.188986,30.671937,29.856843,17.087502,28.624188,30.159903,24.787637,27.580211,20.552392,29.376449,27.932103,28.149488,28.532001,30.690755,29.011622,29.757874,28.091528,26.328409,32.485348,29.197410,16.781902,25.004579,28.479512,28.393505,27.452946,30.303812,29.497974,17.746005,30.574645,28.528508,27.622447,31.251584,30.785111,31.381477,16.892231,11.629219,27.501695,30.442870,12.347388,24.733147,30.712154,27.960969,30.772100,30.571431,30.227914,0.000000,28.018715,27.205857,30.304083,25.710243,30.876255,28.056339,28.059798,26.095134,27.888990,28.586752,28.280533,28.454889,30.875058,28.355171,26.519076,30.498896,27.901419,28.727961,28.234721,30.502498,28.448571,30.075709,28.358227,27.357260,30.657070,26.215269,29.244116,24.588487,28.668472,24.952270,28.716618
WinMart+,28.488989,25.081853,27.464947,28.271561,29.064788,24.823631,23.496479,29.940377,27.267639,25.068700,26.347208,25.295306,26.091397,27.152407,27.765165,23.572500,29.686283,25.585077,20.027121,24.442011,27.873180,27.395250,24.799789,28.421702,24.934636,20.690884,24.477276,28.334725,29.715348,26.887016,23.461818,26.107728,29.227769,24.363006,29.580172,26.780578,22.926549,23.458738,22.268664,27.772980,28.187455,27.206274,22.489565,27.347249,25.419766,24.967590,27.378466,30.570118,19.608410,22.970774,28.012422,24.983912,24.756794,23.469265,27.062721,26.744751,22.538543,26.255981,21.943113,26.723799,29.449428,21.833050,25.133498,24.531033,25.994004,22.451103,24.825978,29.846107,23.333993,25.803367,29.341745,24.412461,28.458026,28.945649,26.077162,25.886471,29.935053,25.465268,17.378445,20.510952,26.775511,23.902437,28.073908,28.024185,27.431924,29.519036,24.465772,28.914905,28.518348,22.618339,18.378222,24.395651,25.581428,21.378702,27.849817,0.000000,20.781018,24.923265,29.875724,24.014090,18.499529,31.899658,22.135386,17.749669,23.130072,19.552627,20.034178,26.439637,26.096382,19.996192,25.069119,20.233122,24.386558,21.755023,27.689919,23.301015,25.615432,20.562008,20.788625,22.311095,28.754835,22.431989,26.970307,21.529585,27.285934,22.298444
5050 Rooftop Cafe & Pub,22.591556,22.600629,26.953736,27.631757,28.187435,22.261457,21.363001,29.006010,26.663948,22.061850,25.840776,22.448571,25.612589,26.617392,26.991013,20.848882,28.878483,25.138439,16.129616,21.506131,27.032962,24.777118,22.467662,27.399876,17.364051,16.570056,21.072137,27.746355,28.864924,26.100732,20.801925,23.804178,28.553294,16.281465,28.884221,26.107654,19.622890,21.123074,22.311693,23.620307,27.347049,24.690248,19.912417,26.877836,23.477877,24.542042,24.964819,29.680638,16.234236,20.547052,27.194534,24.617505,22.928148,23.285964,26.442715,26.383003,22.533059,25.937452,22.050759,24.824961,28.748590,17.643026,24.595810,24.062412,25.455025,22.456548,24.541274,27.253139,18.679195,23.921410,28.705099,23.928367,27.956065,28.341294,25.527678,25.320758,27.488243,23.332597,19.155397,15.508251,25.849981,23.611669,27.299275,25.954378,27.081355,28.877035,24.062137,28.409023,28.059535,22.585863,19.444804,24.008361,25.053508,21.647527,27.450984,18.999679,0.000000,24.513591,29.281949,23.739482,19.569981,31.057770,16.652357,19.077116,22.989880,20.584514,20.743778,25.622084,25.600106,16.713427,24.514872,20.754235,23.811225,21.959048,26.646656,18.335326,24.900420,20.921956,21.100523,22.343008,28.479424,22.447766,26.802670,21.701445,27.102146,22.330373
Thuế cơ sở 4 thành phố Hà Nội,27.186540,28.231843,26.191754,27.039606,27.515772,24.282399,26.508571,28.635061,25.616636,25.457395,24.465789,28.849404,24.373040,25.710029,25.842162,24.663400,28.674584,23.599517,20.626622,28.644525,25.904664,29.871065,27.082068,26.219794,26.040867,21.967413,25.518044,27.295758,28.623453,24.613151,24.836076,28.838182,27.363163,25.662820,27.095491,22.714007,24.951738,26.527566,24.121491,27.859868,26.443610,29.609302,24.856137,26.226600,27.151834,22.256054,29.652051,28.064583,25.242541,23.877937,22.020544,21.528589,26.478389,25.318939,24.229652,25.731775,24.824518,26.273403,21.197537,27.266267,28.560419,24.920750,23.966613,26.465275,23.070132,24.970133,22.316426,31.734789,23.858006,27.801416,28.201768,25.097741,27.630463,28.064102,23.287870,20.744730,31.637042,29.984975,24.001669,24.441014,21.027043,26.063726,25.980270,29.884402,25.872340,28.738784,18.767171,26.875657,26.675958,26.681558,23.225813,22.671172,19.825517,22.298473,26.176580,25.262515,25.026213,0.000000,26.408822,17.019605,23.246630,28.576209,24.962859,25.077687,19.608356,25.245106,22.116929,22.494690,15.426848,23.066711,22.999640,25.352767,26.690861,23.837123,26.692816,25.273422,26.438410,20.777160,24.127780,24.352936,26.689411,24.898723,25.191291,23.596631,25.506798,25.421949
Trường Trung học cơ sở Lĩnh Nam,33.414147,35.410147,30.033412,25.257756,27.213528,31.217579,35.688181,26.000624,25.729700,32.264217,25.952108,35.131449,26.272206,23.701041,26.282072,32.548533,25.803344,26.452377,23.766619,34.057647,27.930198,33.165014,31.443166,27.078318,30.185254,25.940260,32.342368,22.930130,25.501853,26.253165,28.866466,32.638006,28.320123,31.301132,28.978259,25.726775,32.299725,29.754429,26.233890,29.808647,25.621842,34.146538,30.525308,21.548419,29.763026,25.364783,33.838893,31.210241,31.150229,29.892764,26.217647,24.825089,28.955965,30.472135,24.906138,17.522735,25.650551,25.771367,23.426463,29.884611,23.475624,30.223869,26.828207,30.742298,25.616104,29.420052,25.854963,36.157983,31.195676,29.754730,22.311152,26.617926,24.046506,20.800199,26.012943,25.363769,35.583227,32.449962,29.712530,28.604913,27.750511,27.195280,27.329675,33.165677,24.450805,18.966627,26.773276,26.254175,13.242651,27.220788,25.977420,27.231554,27.064525,26.740881,24.858768,28.951115,28.049394,26.740070,0.000000,27.420243,25.898736,19.977414,26.613288,28.848026,25.995442,29.344102,29.488356,27.454952,24.424452,26.909256,27.131155,28.708415,29.730578,29.114108,27.868136,29.046151,27.698327,29.089916,27.832858,27.343130,23.541501,30.148287,22.131900,26.624937,22.450062,29.413537
WinMart+,29.584607,31.019497,28.286524,29.352176,30.636479,26.516405,28.465465,31.558039,28.312505,27.677211,27.187453,31.095450,26.882452,28.032936,29.206086,26.527804,31.080665,26.317458,22.155284,30.680357,29.505244,31.977999,28.924571,30.573044,25.882017,23.999346,27.457804,29.283949,31.215779,28.502027,26.497685,30.784026,29.103552,25.449914,28.852023,28.029089,24.766928,28.253386,23.727977,29.482486,29.786757,31.633899,26.422501,28.075714,28.715805,25.700409,31.579892,29.750692,24.902020,23.612526,23.503953,23.051042,27.967245,24.930056,25.333321,27.265612,24.338554,27.790760,21.341137,28.912701,30.608117,24.596623,26.203657,26.104126,24.637048,24.604214,23.456850,33.884746,23.628307,29.318738,29.595434,24.627506,29.241410,29.911558,24.817542,22.850016,33.718644,31.436203,23.496854,24.070910,25.027112,25.419921,27.196800,31.510539,26.866419,30.544095,18.071152,28.123556,29.205403,26.293847,22.549604,24.041002,22.136445,23.014685,27.219811,25.115317,24.860116,17.812202,27.845139,0.000000,24.036323,30.256324,24.855428,26.243345,19.457697,25.038588,22.653314,23.847291,21.608549,22.848151,24.088901,26.619135,26.648021,24.545549,28.405050,25.226455,27.996432,20.986489,26.866144,25.451765,27.401370,25.846485,25.773809,24.139311,26.094586,26.289937
WinMart+,28.746294,29.667118,27.737135,28.522637,29.188678,26.261080,27.901287,29.972061,27.600016,24.481652,26.733637,24.759386,26.484497,27.458789,28.068128,23.421271,29.867366,26.052425,18.602845,24.085312,28.248845,26.503739,24.437900,28.784654,22.830635,19.178033,23.803628,28.548413,29.906425,27.391307,23.263200,25.518375,28.475863,22.118614,28.256809,27.214591,22.925668,23.344772,19.986363,28.833363,28.519236,26.369647,22.585715,27.588457,25.014650,25.591016,26.541910,29.182880,21.392390,22.964835,25.697276,25.510653,24.470971,20.786242,27.422380,26.972384,19.576214,27.422044,22.820934,26.069753,29.619968,22.231360,25.802027,21.143503,26.504609,18.790032,25.124888,28.534842,22.945323,25.348823,28.347332,20.678433,28.634466,29.115962,26.575252,23.450677,28.622468,25.016025,19.661190,21.425216,27.446269,25.395762,25.947575,27.202262,26.884968,29.667437,22.805338,28.087790,28.668173,15.095622,15.582546,23.473194,23.102693,16.186765,27.227260,21.976508,21.613630,23.482662,27.485511,23.747373,0.000000,29.475650,22.361353,17.624960,16.630840,21.209295,13.993913,22.617286,24.109264,20.719421,22.128095,17.941686,23.760742,18.034897,25.458868,23.139256,19.752216,14.579391,21.446015,18.461731,27.238819,17.302495,25.746224,17.737172,26.045415,20.151320
WinMart+,27.876840,30.157450,24.824510,20.957251,22.885452,21.196215,29.950330,22.055255,21.107140,26.863061,21.458938,29.271968,21.663864,19.200422,21.618156,26.812526,21.691584,21.661357,18.901535,27.916158,22.900749,27.012220,25.325710,22.076412,24.453891,20.967569,26.701332,18.798403,21.405378,21.169105,23.393660,26.321599,23.208576,25.270790,23.692104,20.742934,26.173934,23.974524,20.967211,23.759266,20.570231,27.689645,24.465943,17.373658,23.348933,20.101727,27.253361,26.229436,24.582539,23.633507,20.977141,19.600295,22.425780,24.000942,19.596995,13.163453,20.118081,20.424741,18.241903,23.734403,19.635363,23.757387,21.348364,24.152308,19.993477,23.179748,22.606699,29.109247,24.887370,23.017180,17.578777,20.923567,19.934403,17.042705,20.400293,19.754381,28.456518,25.380986,23.047823,22.146430,21.821065,21.318579,21.597360,25.808072,18.979256,15.727218,20.968424,21.040365,12.069199,21.222776,19.948337,21.339638,20.981987,20.807514,19.434616,22.588323,21.793205,20.689129,13.095542,21.412394,20.008458,0.000000,20.531223,22.369337,20.147932,22.756048,22.811443,21.407837,18.558967,20.589435,21.054235,22.173679,23.038001,22.441000,21.618272,22.386190,21.494939,22.381701,21.180705,21.098511,17.812402,20.883827,16.418749,20.385086,16.756103,22.586906
Cửa Hàng Tiện Lợi BV Mart,23.250932,23.350287,22.929356,27.375911,27.826825,23.050417,22.090870,28.567333,26.472920,22.984419,25.732057,23.309376,23.768191,26.448227,26.742046,21.790348,28.503166,25.101542,17.036591,22.460058,26.767947,25.430980,23.189296,27.059794,18.465906,17.496623,22.118130,27.502115,28.474784,25.929032,21.726521,24.432561,28.243934,17.513895,28.553105,25.957904,20.851440,21.925502,17.284976,24.147008,27.056199,25.322718,20.882919,26.706216,24.032364,24.588415,24.365047,29.247451,17.878750,21.421409,26.920861,24.642638,23.478720,18.415593,26.272211,26.268581,22.921401,25.855813,22.450587,25.575441,28.419746,19.387352,24.637361,24.212609,25.383170,22.908586,24.561353,27.544651,20.354523,24.438855,28.404243,24.105306,27.727091,28.062932,25.445441,25.260313,27.763474,23.925313,20.505936,15.259840,25.697669,23.811302,27.032568,26.679806,26.933453,28.571883,24.186120,28.162884,27.848069,23.093441,20.457223,24.143164,25.031909,22.220499,27.281673,21.155187,16.008303,24.562446,28.983944,23.890835,20.591610,30.621859,0.000000,20.232344,23.303623,21.604115,21.591940,25.508614,25.519647,15.416463,24.574712,21.449696,20.462673,17.138161,26.381917,17.818626,24.853376,21.474438,18.722754,22.679620,28.326526,22.821860,26.722046,22.125210,27.010260,22.672143
Đảng uỷ - HĐND - UBND phường Thanh Xuân,26.770572,23.767038,25.953479,26.602061,27.020702,23.476160,22.420440,27.937447,25.482516,23.473791,24.596696,23.778701,24.343833,25.536395,25.668130,22.199295,27.917095,23.741413,19.004483,22.923691,25.611441,25.921671,23.572167,25.856624,23.093508,19.562871,22.627371,26.844870,27.862365,24.412640,22.124152,24.847541,27.910107,22.447580,28.267809,24.651736,21.303184,22.280582,20.484180,26.614125,26.018131,25.796499,21.237909,25.984587,24.377285,22.829661,26.022642,29.026975,18.185759,21.776691,25.862443,23.157853,23.791324,21.289525,25.190295,25.600385,20.242052,25.317040,20.115307,25.581177,27.881607,19.860941,22.602046,21.722175,23.973195,19.725221,23.380918,28.308072,20.939371,24.778289,28.118971,21.387858,27.204692,27.524452,24.058043,23.711357,28.483607,24.339724,15.040698,18.621811,23.801000,21.537924,26.071301,26.841500,26.583802,28.103479,22.010123,27.905294,27.390266,19.250124,16.485388,24.299250,23.391664,19.055581,26.948353,19.099092,18.572780,22.846992,28.795566,24.412139,16.017657,30.595004,20.455313,0.000000,20.671593,17.034327,17.111495,23.913947,24.486313,19.007373,22.549908,17.963427,21.361238,12.093545,25.145542,21.751182,22.836282,18.783613,19.475889,20.524702,28.186703,20.253445,26.528333,19.775737,26.832723,20.502356
Starbucks,29.509242,30.705519,28.353937,29.279017,30.320469,26.826672,28.496610,31.119419,28.373422,27.809617,27.422104,30.812450,27.166272,28.131012,29.122401,24.903534,30.779059,26.731135,22.907442,25.618305,29.366844,31.614442,28.898619,30.182120,22.405531,24.668620,25.545933,29.215171,30.877820,28.564423,24.785169,30.563184,29.056998,21.737996,28.832860,28.162347,24.720922,24.656212,19.817288,29.403754,29.606259,31.316968,24.075144,28.138706,28.708117,26.368896,31.279478,29.645612,22.804530,24.347841,26.340533,26.143711,28.025432,20.503534,28.237042,27.389210,19.429319,27.865488,23.074716,28.885373,30.395299,24.497734,26.893448,20.759006,27.336819,18.786622,25.637071,33.347996,25.282387,29.258171,29.265349,20.372335,29.186333,29.785933,27.418989,26.432611,33.225786,26.108808,22.759566,23.854963,29.072223,26.434081,28.665539,31.260484,27.616567,30.364767,23.186488,28.898861,29.156615,16.185690,16.092118,24.430521,26.118048,20.860772,27.980672,24.723424,24.376738,24.013349,27.911243,24.652170,15.667811,30.130330,24.468094,22.386527,0.000000,24.500691,15.542085,23.359299,24.657371,22.274610,21.216555,22.735903,26.595874,21.220348,26.507189,24.951597,17.931326,15.993841,25.293815,16.761544,27.436527,20.407952,25.864269,20.269058,26.174098,22.794705
WinMart+,27.089530,24.013594,26.277512,26.915115,27.353041,23.745848,22.722738,28.194564,25.881376,23.780908,25.049304,24.053796,24.817684,25.897824,26.104218,22.581674,28.159840,24.285189,19.678489,23.274194,26.085489,26.040396,23.814884,26.362568,23.690782,20.235842,23.012118,27.109103,28.121137,25.037090,22.500724,25.009385,27.915758,23.130735,28.257327,25.179249,21.841199,22.609057,21.344921,26.673649,26.443655,25.915335,21.679157,26.270336,24.539124,23.540185,26.119948,28.973549,19.117381,22.148299,26.298443,23.750127,23.974706,22.193985,25.626715,25.859239,21.334687,25.419603,21.046609,27.650523,28.102704,20.716648,23.435233,22.755436,24.538701,21.057289,23.839085,28.287257,21.666496,24.918540,28.113833,22.527106,27.414988,27.745517,24.617819,24.341108,28.457451,26.427181,17.407889,15.722827,24.596863,22.462887,26.464081,26.890252,26.632568,28.297613,22.902622,27.905883,27.573632,20.906213,18.121771,22.871029,24.058994,20.356464,26.986400,15.662050,14.597167,23.541118,28.768805,22.731395,18.194859,30.487268,19.223316,17.642568,21.751733,0.000000,19.228591,24.424506,24.782542,17.825035,23.296936,14.135109,19.744829,11.744501,25.451761,21.313385,23.555002,19.927930,18.072187,21.384811,28.181376,21.312283,26.555284,20.743713,26.854300,21.372721
WinMart+,29.467689,30.519611,28.395989,29.240396,30.132853,27.010146,23.251977,30.857365,28.406149,24.406808,27.551754,24.641248,27.322919,28.184830,29.064275,23.237454,30.596755,26.952261,18.761606,23.931358,29.281307,26.471218,24.321246,29.968067,22.406154,25.061849,23.693162,29.177609,30.674279,28.581126,23.140484,25.450599,29.035628,21.776145,28.822288,28.227447,22.684675,23.183913,19.978991,26.990885,29.493734,26.334607,22.372138,28.181989,24.937258,26.692080,26.517702,29.258333,20.263727,22.777364,26.609838,26.445393,24.378272,20.632954,28.285782,27.475522,19.655574,27.919481,23.919876,26.049006,30.266399,21.872918,27.184158,20.888421,27.509366,19.091176,25.906729,28.603743,22.718128,25.283968,28.382240,20.544636,29.154103,29.705254,27.575306,26.734151,28.746224,24.941899,18.902865,20.982933,28.992111,26.843002,28.660704,27.201712,26.868643,30.246415,24.223979,28.136295,29.135146,17.137410,16.657363,25.554475,26.473316,22.854776,27.222367,21.600299,21.198304,24.884837,27.959759,25.577214,14.485501,30.038609,22.113014,16.142292,18.445665,20.643089,0.000000,25.028744,25.276359,20.404195,22.421760,15.399921,23.537544,16.485365,25.726017,22.985004,18.582160,13.294708,22.776759,18.594115,27.479425,16.066329,25.939466,16.747504,26.243915,19.230815
WinMart+,29.902668,31.363919,28.590709,29.667572,31.047137,26.929945,28.744815,31.904877,28.713950,28.042737,27.628028,31.363294,27.340084,28.390478,29.677931,26.862248,31.367183,26.851055,22.536055,30.933698,30.030206,32.208341,29.179736,31.151424,26.260622,24.465421,27.244094,29.555753,31.519591,29.190045,26.285870,31.016956,29.338306,25.867011,29.097997,28.588862,26.528392,28.490582,24.205892,29.695832,30.258863,31.867465,25.619133,28.349919,28.930111,26.434877,31.797656,29.969983,25.341308,25.785538,30.034692,25.832950,28.182721,25.450365,28.582857,27.497916,24.940277,28.017337,22.284742,29.123605,30.865008,26.747674,27.158401,26.704561,27.230401,25.321029,25.400975,34.075665,27.521452,29.512732,29.773040,25.455186,29.457037,30.148231,27.329193,26.138296,33.899594,27.218442,25.832606,26.271576,29.482582,26.570159,31.928591,31.692753,27.015158,30.770132,22.097122,28.277374,29.389561,22.465683,23.245973,25.557329,25.743033,22.474337,27.368878,27.340175,27.030862,23.240380,28.058125,23.038115,23.866168,30.482119,26.548772,26.810042,16.842015,27.598004,22.001373,0.000000,23.846276,23.942820,23.866875,27.336417,29.175030,24.553345,27.373212,26.746045,26.880789,22.898818,27.189440,22.046334,27.492691,24.010427,25.861038,21.900142,26.181668,25.219145
Phường Ô Chợ Dừa,24.287925,25.081714,23.692908,24.263530,24.108624,23.331128,24.282431,25.351118,22.586574,24.934927,21.165859,26.204568,23.664389,22.879220,22.303741,24.543944,25.712126,22.795397,21.834710,26.229988,21.665533,27.366738,24.943769,24.554817,24.906163,21.588359,24.971678,25.947495,25.190113,23.372263,24.433084,26.532794,25.071778,24.549799,24.793690,21.367411,24.100148,24.351416,23.282651,25.914777,20.221724,27.009552,24.458842,25.859851,25.287679,21.746418,27.152438,25.724411,24.374767,23.582388,19.964142,21.250328,24.715880,24.272025,19.945605,23.734533,23.779254,24.280308,20.747290,25.196952,25.816635,24.017562,22.767416,24.928451,19.150293,23.659273,18.637075,28.973434,23.024403,25.967579,26.286505,23.655674,25.474650,25.632929,16.849915,18.020119,29.006858,27.907476,23.158221,23.594272,20.840856,24.015737,20.526011,27.861211,24.424540,26.313376,19.030354,25.078475,24.991935,24.677298,22.616231,21.439401,16.599190,21.348704,24.554096,24.101786,23.934415,16.226231,25.954386,18.301386,22.436223,26.331832,24.012031,23.967198,19.587096,24.031562,21.547080,21.246224,0.000000,22.531755,22.112464,24.163012,25.216912,23.059519,23.823024,24.325641,23.722761,20.484773,25.299213,21.923072,26.290692,22.780281,24.856116,21.843226,25.170300,23.569474
Chợ Xanh Văn Quán,26.536627,21.771330,25.878384,26.360788,26.486029,21.563798,20.964080,27.165927,25.481224,21.280359,24.826877,21.667915,24.620876,25.534576,25.552725,20.499599,27.340180,24.224465,20.609911,20.965978,25.561886,28.162862,21.775486,25.701450,23.775340,21.063074,20.426131,26.557644,27.275099,24.755541,19.207447,26.526674,27.213415,23.359932,27.506620,24.886866,19.630780,19.618734,22.085101,28.072114,25.855149,22.857077,20.215803,25.880658,25.146055,23.678179,23.142409,28.013279,17.517185,20.419822,25.737464,23.823642,24.608665,22.746614,25.264266,25.577030,22.210079,25.207562,21.906013,24.119667,27.363227,20.623585,23.560751,23.189245,24.418390,22.027449,23.767393,26.184410,18.911001,24.867417,27.421515,22.992718,26.883950,27.112225,24.469642,24.257511,26.492175,22.379334,20.234949,16.032801,24.388915,22.943705,25.839968,25.627489,23.260285,27.583302,23.216237,23.577091,27.063676,22.155727,20.239774,23.143676,24.050214,21.585074,23.459137,20.370235,19.964750,23.671740,28.058843,26.340427,20.327536,29.431206,15.878935,19.952751,24.588917,20.920413,21.009853,26.246019,26.166039,0.000000,25.552783,22.678115,16.220680,21.022312,24.893489,13.040477,23.570592,21.023206,17.276769,22.082685,27.807930,22.112151,26.354346,21.651697,26.626441,22.003259
Noble Moment,29.743675,30.876807,28.620490,29.513999,30.529306,27.235786,28.743728,31.254094,28.691399,28.127781,27.815584,26.680379,27.581330,28.433196,29.430050,25.447620,30.914561,27.226939,23.452426,26.147117,29.685261,31.695925,29.109416,30.457631,23.793238,25.223652,26.123038,29.420899,31.013647,29.017389,25.324397,30.688190,29.246649,23.259992,29.033315,28.582967,25.372412,25.146511,21.565550,29.566492,29.887178,31.404266,24.645937,28.387548,28.892281,27.015444,31.366763,29.802898,23.656059,24.870595,26.873777,26.709661,28.236455,22.398664,28.588113,27.632418,21.614623,28.087183,24.108782,29.053116,30.536457,25.321676,27.608903,22.965358,27.838407,21.384157,26.117652,33.338630,26.062319,29.415550,29.508874,22.763382,29.354358,29.943248,27.904114,27.046851,33.221710,26.480947,23.965418,24.759526,29.589257,27.289766,28.983577,31.337231,27.843764,30.489767,24.487764,29.109491,29.308387,21.137319,18.988370,26.104320,26.775186,23.091685,28.207646,25.657343,25.347183,25.197492,28.116948,26.061228,21.446657,30.260492,25.226641,24.152221,19.194266,25.630151,18.653364,22.631722,25.552184,22.936695,0.000000,24.549739,27.439861,22.596572,19.196891,25.585922,17.068770,14.402508,25.956600,14.935078,28.896868,19.640454,27.141660,19.646319,27.440646,22.726873
WinMart+,30.342309,31.409848,29.243254,30.092492,31.123993,28.055009,24.159411,31.758568,29.408155,25.624775,28.639771,25.790688,28.431632,29.118796,30.172399,24.372981,31.361911,28.190301,21.015877,25.128837,30.455444,27.507272,25.287156,31.210851,25.223593,26.225050,25.087774,29.933500,31.476988,29.997194,24.257158,26.389449,29.091118,24.787103,29.405695,29.476416,24.045716,24.168930,23.179236,27.811156,30.592840,27.336875,23.464360,28.953823,25.741279,28.215841,27.476919,30.245102,21.745380,23.806053,27.895824,27.781151,25.144526,24.202157,29.358715,28.166574,23.600747,28.583569,25.756153,26.883136,30.967897,23.590071,28.925785,25.096320,28.829493,23.710312,27.026889,29.604853,24.576876,26.066555,29.202749,25.041735,29.786186,30.385821,28.873219,28.188175,29.693838,25.804034,21.114997,22.775417,30.708126,28.774303,29.715272,28.032613,27.483969,30.883821,26.460814,28.825678,29.697108,23.901234,20.910439,28.431080,27.980899,25.956857,27.864179,23.755089,23.323912,27.043294,28.586544,28.135690,21.237867,30.644185,23.717530,19.578191,23.675642,23.189483,18.041766,28.463667,27.049823,21.470257,26.547477,0.000000,25.933683,14.511835,28.600888,24.388012,24.191439,18.188142,21.816527,21.665049,28.704804,20.200605,27.008663,19.566895,27.307678,20.556809
Co.opmart,27.869183,25.016905,27.031579,27.680030,28.204533,24.796106,23.710503,28.971206,26.786370,24.975110,26.024238,25.175787,25.813640,26.734090,27.110558,23.803425,28.849684,25.394244,20.854233,24.503721,27.157345,26.908946,24.780446,27.508808,24.874654,21.420442,24.415272,27.783765,28.843274,26.329366,23.704873,25.867127,28.547341,24.432885,28.861992,26.309883,23.374367,23.680202,22.867806,27.326685,27.440375,26.761489,22.943502,26.955651,25.310567,24.902428,27.385848,29.615621,21.115750,25.226743,27.299719,24.918932,28.140408,23.809624,26.597091,26.479851,23.197519,26.050969,22.662077,29.124396,28.733969,22.772699,25.005049,24.596379,25.707898,23.232939,24.783682,30.836037,23.688713,28.382805,28.691500,24.505138,27.976451,28.344699,25.770141,25.601130,30.720476,27.778698,20.690372,17.245935,26.151344,24.130467,27.389559,29.255149,27.129141,28.859057,24.532097,28.401708,28.070386,23.487734,20.593204,24.478207,25.367206,22.474887,27.488020,21.621100,20.778064,24.870932,29.249648,24.177556,20.743839,30.957355,18.740409,20.362718,23.611773,21.895783,21.835487,25.934833,25.817626,17.057267,24.952678,27.564000,0.000000,16.983777,26.845657,22.239355,25.311265,21.632035,17.008362,22.896558,28.463335,23.087139,26.826319,22.315217,27.119977,22.883420
WinMart+,29.073477,24.329724,28.190550,28.853129,29.455149,24.138731,23.218037,30.059851,28.131988,24.211943,27.450212,24.436183,27.265101,27.985152,28.587870,23.184867,29.936164,26.980440,20.595026,23.797152,28.728212,26.099700,24.176086,29.179872,24.132741,25.471781,23.537332,28.828317,29.971661,28.157542,23.096801,25.198299,27.743839,23.690718,28.053200,27.938527,22.696710,23.142152,22.270503,26.647232,28.919328,25.980573,22.421746,28.005323,24.760361,26.795465,26.158279,28.656615,20.668371,22.778340,26.713325,26.602546,24.249776,23.039473,28.023174,27.422299,22.443672,27.807066,24.819549,27.484980,29.729282,22.035191,27.137137,23.589855,27.402828,22.344893,26.120155,28.046214,22.694312,25.085716,27.936314,23.456906,28.858786,29.296948,27.447343,26.826673,28.200251,26.422151,20.135525,18.735313,28.348478,26.914039,28.301978,26.842219,26.611397,29.762770,25.165393,27.766658,28.866639,23.142890,20.161869,26.165404,26.630300,24.548496,26.932861,20.404882,19.843550,25.611872,27.842198,26.128974,21.323297,30.071586,21.382523,20.329783,22.799125,11.698403,19.717328,25.928207,25.805047,19.630940,24.631545,16.966721,22.904536,0.000000,26.244510,22.549819,23.102755,19.119018,22.040830,21.604433,28.088937,20.612989,26.548938,20.092422,26.831842,20.767937
9.0cafe,30.146738,31.505426,28.900096,29.913041,31.216603,27.414540,29.018642,32.003068,29.069724,28.409588,28.097001,31.476454,27.836037,28.735712,30.007419,27.272225,31.481350,27.449257,23.210402,31.063743,30.354185,32.262826,29.406665,31.378909,26.740459,25.149731,27.386529,29.772273,31.634174,29.697018,26.470188,31.136601,29.538764,26.411326,29.314656,29.063480,26.734114,28.734000,24.927618,29.864003,30.534575,31.933387,25.846262,28.625738,29.135855,27.264503,31.868943,30.127366,25.950761,25.991070,26.617628,26.409785,28.415322,26.140303,27.636463,27.778851,25.753822,28.260598,23.749449,29.307712,30.995498,26.980075,28.083650,27.378104,27.742858,26.224227,25.852463,34.012751,27.674148,29.680873,29.914231,26.460886,29.635807,30.310915,27.825167,26.774134,33.847393,27.321737,26.220972,26.557719,30.048169,27.727042,29.109284,31.758759,27.215444,30.895126,24.118670,28.445130,29.552078,23.805230,24.301870,26.890469,26.437889,24.259476,27.563587,27.529765,27.270199,25.032397,28.285340,25.569032,24.893859,30.612163,26.788712,27.198821,19.781420,27.798245,23.281011,29.334673,23.992735,24.277063,23.599143,27.657304,29.201345,25.096980,0.000000,26.937246,24.215777,21.180773,27.357378,16.446787,29.168310,21.555484,27.310652,19.459862,27.620428,23.828779
The Coffee House,28.066827,25.389157,27.252158,27.873836,28.388437,25.184486,24.120730,29.096273,27.045531,25.400934,26.337222,25.575029,26.142754,26.982277,27.375246,24.293748,28.974420,25.771715,21.436708,24.967573,27.443416,31.594437,25.141904,27.784175,25.305766,21.986113,24.913949,27.951238,28.968112,26.712207,24.189358,29.703783,28.677147,24.917676,28.975661,26.649649,23.993473,24.116608,23.503167,27.504965,27.694107,25.960416,23.788285,27.155465,28.010193,25.387400,26.606301,29.697089,22.020767,24.189144,27.558804,25.344751,27.532039,24.434579,26.883060,26.674225,23.935385,26.261510,23.346168,28.319516,28.853068,23.601885,25.537944,25.237315,26.090709,24.066234,25.139067,30.197694,24.422821,27.790916,28.805151,25.193756,28.111607,28.474486,26.147446,26.016105,30.146947,26.795066,22.068204,17.639132,26.614504,24.749501,27.627026,28.685106,27.269731,28.961924,25.113395,25.753244,28.189365,24.423963,21.702497,25.053913,25.809015,23.340953,27.623256,23.546303,22.888635,25.344982,29.325574,28.706867,21.873403,30.973907,19.245851,21.577088,27.013489,23.126463,22.905516,28.927301,27.966121,13.429060,28.123112,25.432996,17.780245,23.389072,27.217108,0.000000,25.866354,22.400965,18.477326,23.526168,28.528540,23.797306,26.907620,22.998784,27.195907,23.518053
Cục Tần số vô tuyến điện,30.836544,32.067676,29.619693,30.588432,31.852085,28.395363,29.677656,32.515988,29.915644,29.227427,29.077272,31.962068,28.853148,29.534292,30.862825,28.111879,31.982521,28.622464,24.380555,26.471553,31.242776,32.645885,29.989204,32.218313,24.225733,26.377155,26.549137,30.360172,32.146033,30.854437,25.650030,31.589770,30.078076,23.740948,29.880859,30.123755,25.762192,25.444832,22.143064,30.344020,31.347899,32.327081,24.992576,29.283502,29.658995,28.755494,32.251857,30.607221,24.163826,25.195506,27.973082,27.836464,28.970782,22.997788,28.724680,28.399112,22.310500,28.837698,25.913526,29.797710,31.480741,25.802560,29.723088,23.634340,29.062304,22.203365,26.986166,34.228814,26.589622,30.144766,29.817980,28.148679,30.132106,30.812574,29.117000,28.324297,34.063553,26.714670,24.650807,25.288953,31.570215,29.625599,30.050595,32.093358,28.109720,31.337501,26.822734,29.386606,29.999892,22.531827,19.953348,28.046389,28.084686,24.287161,28.479037,26.268576,25.976446,27.523737,28.830234,28.540778,23.002594,31.049582,25.700926,25.121758,21.533743,26.284874,20.251498,29.701158,26.211432,23.337194,21.864899,25.540795,27.991457,23.378658,29.440899,26.037348,0.000000,10.421711,26.358079,13.373069,29.427928,18.025586,27.580984,18.444433,27.885370,21.998143
Everything Coffee 'N Bagel,29.929587,30.879273,28.920020,29.695696,30.554909,27.759708,29.774539,31.163428,29.010958,25.374617,28.280565,25.547784,28.084284,28.767802,29.648655,24.256483,30.884841,27.831901,21.204748,24.935132,29.875931,27.140866,25.114791,30.504049,25.015947,26.048888,24.812401,29.583719,30.968345,29.380291,24.152204,26.136730,29.231816,24.616896,29.524905,28.978151,23.945298,24.084518,23.180669,28.011131,30.029327,26.993660,23.439125,28.668993,25.569408,27.786852,27.139065,30.326903,21.945318,23.748004,27.274112,27.152791,25.015710,24.079340,27.965181,27.956728,23.547944,28.357648,25.552681,26.621642,30.559713,23.537358,28.347731,24.823094,28.098465,23.624704,26.539165,29.096132,24.311265,25.873203,29.327197,24.758666,29.501115,30.036215,28.148261,27.468420,29.201522,25.611410,21.524682,22.846260,29.522051,28.168331,29.029325,27.704941,27.646254,30.518147,26.123694,28.945481,29.444306,23.117471,21.271688,26.729921,27.255827,24.292175,28.021200,23.591271,23.257118,26.640814,28.371418,27.164866,15.798724,30.315424,23.614691,20.592578,22.693534,23.169240,18.268197,27.125643,25.769009,21.642994,23.244779,19.339066,25.381277,18.987990,26.390441,24.206912,21.580571,0.000000,23.715509,18.145068,28.774762,16.535964,27.110877,16.792619,27.399148,18.083957
Starbucks,29.499765,22.758938,28.712503,29.315748,29.659438,22.598874,22.026170,30.146643,28.621872,22.445271,28.064660,22.863197,27.850328,28.552442,28.979858,21.680163,30.179958,27.695623,19.690799,22.251340,29.281898,24.477450,22.823666,29.569884,22.447928,26.380785,21.719931,29.230942,30.186810,28.856565,21.554529,28.584994,26.180099,22.005611,26.478569,28.569995,21.059947,21.798560,20.775499,25.249991,29.443812,25.435346,23.518439,28.486820,27.219443,27.739825,25.914092,26.872202,19.322172,23.922949,27.465474,27.487774,26.800623,21.343367,28.639213,27.909445,20.737373,28.245652,26.146674,27.011865,30.027017,20.323888,27.933710,21.592743,28.190597,20.327109,26.726110,28.586190,20.648821,27.014211,26.434376,21.247171,29.202716,29.619204,28.204371,27.736102,28.613792,25.895660,18.482188,16.421323,28.994499,27.877523,28.691062,27.740111,25.507859,30.029828,26.456030,25.255118,29.176521,25.176027,18.754005,27.435462,27.571929,26.215071,25.769369,17.940204,17.591338,26.935363,28.253262,27.317701,24.246216,28.406857,16.422904,23.648025,25.232853,21.079312,23.622347,27.359134,26.967664,18.621359,26.473131,22.763947,13.840705,20.225806,27.473318,20.119083,25.311494,21.867203,0.000000,23.726029,27.267384,23.315966,25.905613,22.610358,26.177577,23.017244
Chợ Trung Kính,28.988463,29.922434,27.992076,28.780853,29.504943,26.616994,28.140988,30.237471,27.928002,27.425857,27.101031,30.153545,26.879139,27.763284,28.459491,26.600244,30.093178,26.486724,23.182676,24.772672,28.637681,30.913934,28.521460,29.213538,22.392352,24.751634,24.545081,28.779774,30.139490,27.884180,24.035857,30.004029,28.681166,21.842693,28.473382,27.649050,23.896092,24.035323,20.292510,29.017349,28.882373,30.662888,23.465195,27.832975,28.391403,26.145242,30.657636,29.227628,22.235305,23.736552,25.821923,25.639946,27.778621,20.881748,26.720558,27.195697,20.081882,27.634439,23.533802,28.555203,29.826514,23.558216,26.468613,21.126415,26.622661,19.637179,25.249293,32.512518,24.086741,28.903759,28.813892,25.464971,28.820557,29.318027,26.694517,25.826275,32.395141,25.416335,22.002255,22.995609,27.623142,26.124000,27.833539,30.723353,27.359310,29.853750,23.709854,28.525425,28.833601,18.589578,17.712783,23.662996,25.549054,20.040618,27.691249,23.495742,23.248002,24.326162,27.679730,24.435907,18.544073,29.671383,23.545874,21.425168,16.456028,23.208401,16.790669,22.786161,23.720850,21.898607,14.259350,21.345613,24.922126,20.579963,20.353916,24.044359,14.753125,16.778111,24.153118,0.000000,28.792092,14.878478,27.085342,15.601993,27.378983,19.447873
Trường Mầm non Kim Lan,29.277661,29.403772,27.910611,26.057369,26.508043,28.377048,29.526772,25.971569,26.115327,28.506808,26.177440,29.427778,26.269211,25.625849,26.262168,28.787730,26.076362,26.385017,25.443831,29.312346,26.991395,29.042326,28.595790,26.639662,28.056140,26.253219,28.484252,25.528079,25.949479,26.376005,27.338563,28.938975,27.050982,28.506662,27.266042,26.118991,28.775762,27.768154,26.385418,27.922924,26.131272,29.350367,28.212137,25.207401,28.107241,26.035891,29.369857,27.557631,28.771061,28.171072,26.311875,25.818979,27.732515,28.471709,25.944751,24.019080,26.216418,26.210340,25.109348,27.952413,25.700415,28.344932,26.564448,28.599110,26.239798,27.956960,26.647686,30.176590,28.459516,28.183297,25.449902,26.578522,25.970918,25.392926,26.323268,26.055194,30.115960,29.445753,28.318618,27.774354,27.092902,26.860471,26.789493,29.655232,25.734680,25.318850,26.638133,26.275796,22.750868,26.917300,26.468665,26.826850,27.394859,26.681447,25.843478,27.786966,27.355908,26.749164,23.841233,26.942710,26.294519,25.366361,26.666077,27.788885,26.294972,28.027429,28.152729,26.958136,27.116376,26.946239,26.861225,27.781848,28.254268,28.011690,27.265610,28.082220,27.162236,28.062782,27.529723,27.036849,0.000000,28.625267,15.430432,26.751137,14.849407,28.277506
WinMart+,29.278564,30.177930,28.309615,29.071014,29.797947,27.046575,28.426940,30.466368,28.298405,25.259563,27.530728,25.449432,27.324558,28.108502,28.855271,24.265953,30.296887,26.996949,23.716406,24.891150,29.035232,26.935300,25.065730,29.594358,23.477532,25.294585,24.694521,29.027816,30.353932,28.400052,24.138418,30.187503,28.913019,23.019327,28.715942,28.111024,23.987027,24.104794,21.620261,29.222320,29.237157,26.798839,23.518510,28.118858,25.493403,26.785093,26.938881,29.911295,22.235287,23.800833,26.396579,26.247735,24.982792,22.297035,27.188968,27.470883,21.669069,27.882667,24.432337,26.475106,30.025713,23.644001,27.195949,22.718594,27.182399,21.456852,25.764799,28.755707,24.241637,25.786114,29.024529,26.202364,29.031249,29.528722,27.243021,26.482467,28.848924,25.529242,21.980707,23.049345,28.294651,26.930076,28.250820,27.499068,27.488763,30.032177,24.783722,28.701552,29.022797,21.390257,19.704370,25.031444,26.242919,22.645896,27.836614,23.629161,23.355250,25.331995,27.922851,25.606376,17.635679,29.849976,23.648345,21.365570,20.406476,23.321534,15.090363,24.816690,24.631222,21.882668,20.130966,20.381609,25.164600,19.822124,23.452176,24.168722,16.921831,12.019225,23.788002,16.723944,28.901213,0.000000,27.205082,10.629164,27.498730,14.596665
Trường Trung học cơ sở Văn Đức,26.754493,26.699818,25.608726,24.039340,24.375794,26.051845,26.761503,23.832584,24.202791,26.046407,24.147615,26.717665,24.252650,23.711723,24.263283,26.328333,23.896153,24.371232,23.759731,26.692689,24.838589,26.474290,26.186039,24.607280,25.823773,24.308773,26.024925,23.449965,23.740285,24.418898,25.164845,26.422497,24.684174,26.174100,24.875782,24.158058,26.328602,25.507281,24.482554,25.614911,24.145652,26.721718,25.940231,23.179758,25.941276,24.202145,26.779727,24.958588,26.478262,25.995463,24.322920,23.992593,25.801700,26.249080,24.060835,22.456658,24.415423,24.150270,23.519160,25.725736,23.437938,26.142515,24.563376,26.366471,24.399352,25.868616,24.581428,27.404154,26.145266,26.023494,23.430545,24.719355,23.809881,23.382203,24.408967,24.262707,27.404213,27.078573,26.240807,25.803134,25.071000,24.896343,24.736790,27.170581,23.902183,23.241147,24.703871,24.215608,21.422877,24.986321,24.705946,24.856360,25.388424,24.812062,23.935590,25.801131,25.435363,24.869394,22.138646,24.973890,24.545674,23.299476,24.930434,25.795870,24.513372,25.978212,26.103196,24.993906,25.209345,25.233303,24.973100,25.827888,26.193319,26.018814,25.342763,26.172165,25.263998,26.106120,25.727347,25.139540,14.827613,26.558061,0.000000,24.987727,11.922333,26.301414
Trung tâm Hỗ trợ doanh nghiệp Hà Nội,28.313534,29.000358,27.466309,28.121437,28.539767,26.137801,27.619000,29.219639,27.289137,24.432379,26.574498,24.729150,26.317063,27.209916,27.592454,23.571044,29.264885,25.993623,23.206711,24.171166,27.766674,26.220556,24.453723,28.097610,24.212034,24.564423,23.833373,28.177896,29.267304,27.040205,23.411050,25.383305,28.143852,23.834433,27.952175,26.939540,23.208665,23.510995,22.616390,28.485486,28.011059,26.105674,22.877709,27.355316,24.951226,25.640221,26.267204,29.104481,21.521203,23.205118,25.402422,25.269546,24.478717,23.315747,26.231878,26.837097,22.827561,27.238160,23.502862,25.824927,29.111155,22.768550,25.745446,23.827912,26.069106,22.676976,24.914701,27.940307,23.215233,25.248510,28.357239,24.995404,28.310114,28.705292,26.129474,25.385123,28.034204,24.948257,21.056263,22.178513,26.586651,25.474425,27.089468,26.884968,27.003817,29.197388,23.565654,28.062684,28.370775,20.563512,19.312395,23.497104,25.144829,21.593843,27.324097,22.534800,22.300375,24.110131,27.297448,24.075106,17.344599,29.072493,22.755544,20.149705,19.522909,22.135408,18.643542,22.893770,23.650076,21.312404,19.082658,19.302009,23.888430,19.051885,21.523790,23.327053,16.611635,12.938263,23.016175,15.144361,28.520270,10.087582,26.916712,0.000000,27.204433,13.653129
Trường Mầm non Văn Đức (điểm Chử Xá),27.779847,27.750661,26.638972,25.090356,25.404658,27.028299,27.871923,24.909516,25.175938,27.062933,25.174195,27.803056,25.256986,24.772757,25.256341,27.331782,25.008621,25.364440,24.703817,27.750094,25.854205,27.540119,27.225103,25.586671,26.785695,25.291874,27.018560,24.609298,24.875782,25.392871,26.147576,27.474533,25.825738,27.147554,26.007981,25.152483,27.325311,26.505098,25.427533,26.659173,25.160769,27.765872,26.910200,24.349724,26.945530,25.149945,27.810420,26.145189,27.442250,26.941134,25.311215,24.958110,26.694820,27.199834,25.058413,23.509771,25.331916,25.226571,24.419914,26.692397,24.660599,27.086437,25.526802,27.307300,25.346590,26.772365,25.564331,28.432187,27.092419,27.012997,24.629489,25.618174,24.964101,24.526334,25.369367,25.186155,28.411137,28.016803,27.136974,26.690734,26.012219,25.827044,25.711391,28.155163,24.888400,24.434538,25.637970,25.235456,22.490899,25.898240,25.597376,25.790400,26.312051,25.711608,24.940556,26.663486,26.298469,25.779681,23.310828,25.894443,25.419299,24.479511,25.761041,26.669477,25.395302,26.859179,26.981738,25.909842,26.125987,26.050779,25.864314,26.687643,27.059997,26.882432,26.220502,26.992484,26.129523,26.954653,26.553348,26.030651,14.296385,27.417611,12.220673,25.843493,0.000000,27.141920
WinMart+,30.107984,30.995753,29.149082,29.882339,30.699533,28.103487,30.159522,31.239206,29.263971,26.159405,28.598666,26.294324,28.423534,29.029563,29.874530,25.096673,30.977122,28.214860,22.108637,25.762805,30.097819,27.705193,25.787450,30.671278,25.812952,26.529757,25.705721,29.754167,31.055487,29.683141,24.985467,26.716990,29.596148,25.489411,29.867544,29.280866,24.963054,24.844597,24.226093,28.424254,30.230415,27.545016,24.333315,28.893927,26.112840,28.246312,27.658185,30.663425,23.289366,24.568428,27.721840,27.628776,25.575749,25.137130,28.329033,28.193444,24.750725,28.572842,26.276580,27.112087,30.670336,24.825792,28.799823,25.955389,28.505011,24.964308,26.974935,29.495004,25.520582,26.384086,29.665931,25.947171,29.651627,30.170621,28.543130,27.954969,29.578284,26.184174,23.437413,24.279922,29.867206,28.680558,29.298902,28.128376,27.977760,30.620089,26.899092,29.247633,29.583829,24.463670,22.868396,27.584921,27.774507,26.061991,28.346506,25.061631,24.777319,27.353166,28.570229,27.896297,23.267628,30.422279,24.790168,23.403947,24.715159,24.957589,21.800363,28.142045,26.488701,22.682981,25.330508,22.358813,26.710399,21.219986,27.760077,25.187571,24.717684,18.325457,24.794168,18.658582,28.962187,15.313952,27.304547,10.317427,27.587072,0.000000
