# i j distance_m; Euclidean drone distance; depot 0 + customers 1..100
0 0 0.000
0 1 2693.826
0 2 4214.326
0 3 2860.022
0 4 4879.901
0 5 5535.736
0 6 1056.294
0 7 5151.704
0 8 4690.768
0 9 4539.803
0 10 3592.788
0 11 3160.203
0 12 5092.864
0 13 2379.490
0 14 2872.029
0 15 2308.263
0 16 3550.805
0 17 3221.438
0 18 3983.029
0 19 1199.772
0 20 1244.953
0 21 5221.995
0 22 5033.437
0 23 3668.907
0 24 1356.193
0 25 382.846
0 26 4258.828
0 27 2041.375
0 28 6526.844
0 29 3789.298
0 30 4505.697
0 31 1949.132
0 32 3482.164
0 33 3222.200
0 34 2341.239
0 35 2102.578
0 36 1608.147
0 37 2165.410
0 38 4685.667
0 39 4431.103
0 40 748.629
0 41 1822.597
0 42 4660.362
0 43 3157.850
0 44 2379.753
0 45 5203.327
0 46 3948.116
0 47 4415.576
0 48 3887.255
0 49 1434.378
0 50 2853.385
0 51 2147.126
0 52 5631.865
0 53 3114.030
0 54 6152.523
0 55 3545.816
0 56 5311.344
0 57 5193.249
0 58 1682.764
0 59 3021.416
0 60 4334.823
0 61 3134.809
0 62 4304.010
0 63 807.513
0 64 4617.200
0 65 1893.157
0 66 2451.253
0 67 5677.587
0 68 2662.416
0 69 5676.211
0 70 670.927
0 71 5176.154
0 72 5287.944
0 73 4125.593
0 74 5852.152
0 75 2373.331
0 76 3138.780
0 77 2612.110
0 78 5929.242
0 79 4454.785
0 80 1612.096
0 81 2671.426
0 82 4988.737
0 83 5246.167
0 84 3378.287
0 85 2361.175
0 86 2638.742
0 87 4269.099
0 88 3787.343
0 89 2028.531
0 90 6048.144
0 91 6355.026
0 92 1866.519
0 93 1622.729
0 94 3574.141
0 95 5782.972
0 96 3700.423
0 97 1648.901
0 98 4054.765
0 99 561.673
0 100 3849.077
1 0 2693.826
1 1 0.000
1 2 5982.756
1 3 5540.234
1 4 5146.680
1 5 3755.430
1 6 3744.718
1 7 7029.469
1 8 4448.583
1 9 3346.370
1 10 6234.488
1 11 4555.782
1 12 4253.026
1 13 3593.042
1 14 4585.184
1 15 4970.168
1 16 6239.444
1 17 1771.809
1 18 5473.492
1 19 1957.823
1 20 2174.019
1 21 6534.584
1 22 5614.542
1 23 5605.909
1 24 3958.048
1 25 2315.704
1 26 4638.194
1 27 1012.754
1 28 8188.781
1 29 2597.835
1 30 5473.586
1 31 4326.578
1 32 4055.315
1 33 5185.448
1 34 3780.919
1 35 4675.025
1 36 1397.407
1 37 4188.278
1 38 5149.007
1 39 1977.294
1 40 2415.593
1 41 4515.936
1 42 6736.573
1 43 4237.334
1 44 4662.304
1 45 5399.720
1 46 3962.109
1 47 2908.414
1 48 3022.541
1 49 3988.262
1 50 1803.123
1 51 1463.843
1 52 7722.967
1 53 3509.720
1 54 4130.517
1 55 2139.244
1 56 3120.430
1 57 3954.213
1 58 2558.842
1 59 5642.257
1 60 2756.166
1 61 2325.604
1 62 3894.155
1 63 3197.693
1 64 3610.924
1 65 2504.760
1 66 4531.831
1 67 4399.114
1 68 4996.280
1 69 7203.065
1 70 2926.894
1 71 2631.141
1 72 7571.319
1 73 4864.010
1 74 7689.161
1 75 1805.241
1 76 3377.735
1 77 3141.861
1 78 3609.357
1 79 6001.342
1 80 3643.289
1 81 2745.603
1 82 7159.762
1 83 6250.092
1 84 1299.179
1 85 643.868
1 86 2824.454
1 87 6598.740
1 88 1111.178
1 89 3199.361
1 90 5680.936
1 91 7773.079
1 92 4446.666
1 93 3419.285
1 94 1625.260
1 95 6891.502
1 96 3106.038
1 97 3982.787
1 98 5105.216
1 99 3230.392
1 100 3723.161
2 0 4214.326
2 1 5982.756
2 2 0.000
2 3 3412.902
2 4 3053.940
2 5 6428.070
2 6 3951.454
2 7 1053.146
2 8 8891.565
2 9 8683.020
2 10 4862.531
2 11 1482.908
2 12 4834.418
2 13 2403.300
2 14 1416.161
2 15 4235.684
2 16 4286.977
2 17 7214.258
2 18 733.944
2 19 5354.863
2 20 3874.194
2 21 1374.821
2 22 2564.452
2 23 625.700
2 24 3212.356
2 25 4453.622
2 26 8361.848
2 27 5880.659
2 28 2314.149
2 29 7900.928
2 30 8339.151
2 31 2446.034
2 32 7588.262
2 33 6442.415
2 34 6270.741
2 35 4633.687
2 36 4612.573
2 37 5691.289
2 38 8734.054
2 39 7959.838
2 40 4962.838
2 41 3659.245
2 42 1060.552
2 43 1946.008
2 44 5449.280
2 45 9306.808
2 46 3326.532
2 47 5468.322
2 48 8065.361
2 49 4525.144
2 50 4684.798
2 51 4578.481
2 52 1882.326
2 53 7287.176
2 54 7219.196
2 55 5081.403
2 56 6915.996
2 57 5453.472
2 58 5891.859
2 59 4741.330
2 60 8364.607
2 61 4410.383
2 62 3972.446
2 63 3409.052
2 64 4884.965
2 65 3489.551
2 66 1785.921
2 67 9831.208
2 68 1919.512
2 69 1509.265
2 70 4733.591
2 71 7468.923
2 72 2135.844
2 73 2155.220
2 74 1709.156
2 75 6490.497
2 76 3149.697
2 77 6797.102
2 78 7581.697
2 79 549.066
2 80 5368.096
2 81 6885.750
2 82 1561.572
2 83 1905.408
2 84 7127.514
2 85 5361.843
2 86 3430.698
2 87 1722.001
2 88 6744.710
2 89 6138.950
2 90 10240.927
2 91 2217.792
2 92 2906.947
2 93 2697.349
2 94 5662.002
2 95 2070.838
2 96 4150.963
2 97 5026.898
2 98 1593.865
2 99 3821.200
2 100 8055.711
3 0 2860.022
3 1 5540.234
3 2 3412.902
3 3 0.000
3 4 5742.034
3 5 7821.553
3 6 1858.955
3 7 3860.003
3 8 6604.041
3 9 6997.648
3 10 1470.923
3 11 3464.746
3 12 6826.475
3 13 3456.853
3 14 2912.548
3 15 1087.699
3 16 988.713
3 17 5933.920
3 18 3720.133
3 19 3919.584
3 20 3637.270
3 21 4781.510
3 22 5533.620
3 23 2814.066
3 24 1624.117
3 25 3242.863
3 26 5809.591
3 27 4879.529
3 28 5305.600
3 29 6343.701
3 30 5434.864
3 31 1690.467
3 32 5112.738
3 33 3319.151
3 34 3725.611
3 35 1624.054
3 36 4304.627
3 37 2916.117
3 38 6057.690
3 39 7275.521
3 40 3368.202
3 41 1067.468
3 42 3135.755
3 43 3855.855
3 44 2440.057
3 45 6691.764
3 46 5320.615
3 47 6682.483
3 48 6293.496
3 49 1976.114
3 50 5262.568
3 51 4699.305
3 52 3856.673
3 53 5014.124
3 54 8538.242
3 55 5923.041
3 56 7847.467
3 57 7182.831
3 58 3996.422
3 59 1351.801
3 60 6963.535
3 61 5335.837
3 62 5899.873
3 63 2418.769
3 64 6553.679
3 65 3900.323
3 66 2215.518
3 67 8062.335
3 68 1635.778
3 69 4817.658
3 70 2871.678
3 71 7907.622
3 72 3199.603
3 73 4749.299
3 74 4475.225
3 75 5018.385
3 76 4654.310
3 77 4628.024
3 78 8507.057
3 79 3917.765
3 80 2892.974
3 81 4939.571
3 82 3188.611
3 83 5201.413
3 84 6198.100
3 85 5138.010
3 86 4450.940
3 87 2303.341
3 88 6614.177
3 89 3885.938
3 90 7837.991
3 91 5515.673
3 92 1229.857
3 93 2765.937
3 94 6165.177
3 95 5474.646
3 96 5596.384
3 97 2386.674
3 98 4348.988
3 99 2310.817
3 100 5869.433
4 0 4879.901
4 1 5146.680
4 2 3053.940
4 3 5742.034
4 4 0.000
4 5 3857.167
4 6 5284.106
4 7 3788.632
4 8 9199.062
4 9 8431.531
4 10 7177.528
4 11 2278.352
4 12 2030.280
4 13 2569.957
4 14 2831.581
4 15 6160.688
4 16 6726.513
4 17 6829.563
4 18 2356.535
4 19 5595.852
4 20 3818.255
4 21 2375.490
4 22 689.494
4 23 3319.283
4 24 4692.992
4 25 4883.637
4 26 9003.615
4 27 5575.767
4 28 4139.151
4 29 7644.427
4 30 9378.824
4 31 4150.282
4 32 8250.121
4 33 7957.467
4 34 7219.050
4 35 6349.581
4 36 4186.094
4 37 6966.301
4 38 9470.463
4 39 6908.114
4 40 5478.518
4 41 5450.658
4 42 4099.540
4 43 1921.986
4 44 6990.288
4 45 9919.762
4 46 1186.240
4 47 3226.471
4 48 7981.533
4 49 5928.409
4 50 3363.547
4 51 3765.196
4 52 4736.295
4 53 7798.029
4 54 4615.530
4 55 3324.782
4 56 4643.556
4 57 2759.523
4 58 6357.291
4 59 6853.291
4 60 7894.241
4 61 2861.020
4 62 1487.556
4 63 4315.991
4 64 2360.632
4 65 3112.447
4 66 3528.941
4 67 9526.780
4 68 4129.123
4 69 3176.630
4 70 5549.582
4 71 5522.767
4 72 5166.846
4 73 1002.592
4 74 4120.928
4 75 6435.070
4 76 1861.690
4 77 7298.131
4 78 5229.094
4 79 2592.831
4 80 6460.200
4 81 7166.632
4 82 4586.615
4 83 1689.080
4 84 6445.842
4 85 4531.894
4 86 2453.871
4 87 4726.283
4 88 5429.589
4 89 6852.692
4 90 10539.692
4 91 3401.682
4 92 4718.339
4 93 3428.551
4 94 4042.933
4 95 2271.784
4 96 2154.697
4 97 6344.957
4 98 1504.089
4 99 4825.554
4 100 8366.941
5 0 5535.736
5 1 3755.430
5 2 6428.070
5 3 7821.553
5 4 3857.167
5 5 0.000
5 6 6470.286
5 7 7373.603
5 8 8132.768
5 9 6789.293
5 10 8966.340
5 11 5074.774
5 12 1854.695
5 13 4518.048
5 14 5480.525
5 15 7700.980
5 16 8744.310
5 17 5392.427
5 18 5703.179
5 19 5420.728
5 20 4348.541
5 21 6162.231
5 22 4545.635
5 23 6409.717
5 24 6268.729
5 25 5274.046
5 26 8392.184
5 27 4711.628
5 28 7965.949
5 29 6160.912
5 30 9208.976
5 31 6173.840
5 32 7804.237
5 33 8624.980
5 34 7360.959
5 35 7610.108
5 36 3982.351
5 37 7562.336
5 38 8902.964
5 39 4538.875
5 40 5683.825
5 41 7049.554
5 42 7464.616
5 43 4555.535
5 44 7892.706
5 45 9130.270
5 46 3114.246
5 47 1143.512
5 48 6645.824
5 49 6964.657
5 50 2682.831
5 51 3398.336
5 52 8290.953
5 53 7260.329
5 54 791.210
5 55 1989.924
5 56 1073.968
5 57 1109.271
5 58 6165.082
5 59 8453.292
5 60 6075.803
5 61 2492.180
5 62 2495.058
5 63 5525.696
5 64 1556.841
5 65 3929.804
5 66 5909.523
5 67 7640.308
5 68 6572.392
5 69 6970.498
5 70 6070.691
5 71 2223.342
5 72 8520.155
5 73 4373.722
5 74 7835.473
5 75 5559.194
5 76 3380.814
5 77 6870.274
5 78 1448.454
5 79 6124.084
5 80 6981.250
5 81 6497.423
5 82 7967.397
5 83 5530.563
5 84 4724.950
5 85 3526.343
5 86 3398.656
5 87 7800.368
5 88 3167.548
5 89 6808.887
5 90 9273.507
5 91 7255.125
5 92 6592.615
5 93 5063.096
5 94 2158.829
5 95 6128.839
5 96 2337.137
5 97 7159.404
5 98 4905.519
5 99 5868.711
5 100 7455.536
6 0 1056.294
6 1 3744.718
6 2 3951.454
6 3 1858.955
6 4 5284.106
6 5 6470.286
6 6 0.000
6 7 4758.903
6 8 5070.703
6 9 5232.517
6 10 2551.312
6 11 3242.431
6 12 5831.260
6 13 2716.558
6 14 2809.039
6 15 1263.138
6 16 2495.543
6 17 4085.465
6 18 3907.405
6 19 2061.484
6 20 2121.975
6 21 5143.853
6 22 5304.024
6 23 3344.134
6 24 739.144
6 25 1429.293
6 26 4439.443
6 27 3027.209
6 28 6200.900
6 29 4539.743
6 30 4399.317
6 31 1505.491
6 32 3676.869
6 33 2685.385
6 34 2325.175
6 35 1158.333
6 36 2634.550
6 37 1774.298
6 38 4790.663
6 39 5421.812
6 40 1511.243
6 41 793.755
6 42 4163.533
6 43 3405.679
6 44 1706.347
6 45 5377.588
6 46 4518.954
6 47 5333.465
6 48 4540.924
6 49 646.851
6 50 3798.254
6 51 3131.179
6 52 5081.691
6 53 3444.549
6 54 7121.397
6 55 4490.439
6 56 6318.877
6 57 6024.928
6 58 2221.771
6 59 1997.597
6 60 5140.174
6 61 4007.255
6 62 4973.549
6 63 1018.781
6 64 5421.267
6 65 2627.479
6 66 2192.685
6 67 6333.768
6 68 2126.216
6 69 5459.798
6 70 1033.054
6 71 6226.672
6 72 4616.366
6 73 4406.192
6 74 5452.045
6 75 3178.857
6 76 3732.298
6 77 2991.714
6 78 6949.611
6 79 4304.734
6 80 1418.128
6 81 3214.059
6 82 4409.329
6 83 5317.359
6 84 4339.836
6 85 3413.844
6 86 3332.463
6 87 3601.954
6 88 4842.268
6 89 2272.740
6 90 6385.567
6 91 6165.268
6 92 1135.592
6 93 1856.624
6 94 4587.665
6 95 5773.510
6 96 4469.453
6 97 1109.964
6 98 4201.183
6 99 601.841
6 100 4270.651
7 0 5151.704
7 1 7029.469
7 2 1053.146
7 3 3860.003
7 4 3788.632
7 5 7373.603
7 6 4758.903
7 7 0.000
7 8 9786.574
7 9 9663.570
7 10 5215.562
7 11 2531.650
7 12 5702.379
7 13 3455.929
7 14 2448.652
7 15 4821.743
7 16 4595.605
7 17 8222.318
7 18 1699.643
7 19 6320.172
7 20 4905.499
7 21 1565.971
7 22 3191.480
7 23 1486.798
7 24 4031.794
7 25 5418.117
7 26 9198.216
7 27 6896.414
7 28 1463.710
7 29 8889.119
7 30 9080.022
7 31 3277.536
7 32 8433.270
7 33 7084.891
7 34 7080.638
7 35 5279.209
7 36 5653.029
7 37 6433.650
7 38 9543.755
7 39 9006.762
7 40 5898.035
7 41 4340.054
7 42 745.449
7 43 2976.109
7 44 6118.170
7 45 10136.155
7 46 4259.373
7 47 6456.185
7 48 9030.715
7 49 5280.191
7 50 5732.055
7 51 5630.911
7 52 947.662
7 53 8168.070
7 54 8163.850
7 55 6110.767
7 56 7914.405
7 57 6360.452
7 58 6810.049
7 59 5210.854
7 60 9371.249
7 61 5443.876
7 62 4888.347
7 63 4344.815
7 64 5819.073
7 65 4540.865
7 66 2700.940
7 67 10809.494
7 68 2637.347
7 69 1103.592
7 70 5622.787
7 71 8502.465
7 72 1517.517
7 73 3016.446
7 74 700.911
7 75 7472.196
7 76 4165.770
7 77 7689.138
7 78 8573.610
7 79 1250.069
7 80 6171.270
7 81 7814.129
7 82 994.176
7 83 2298.402
7 84 8159.700
7 85 6411.439
7 86 4475.023
7 87 1678.157
7 88 7797.830
7 89 7004.434
7 90 11123.246
7 91 1719.722
7 92 3649.063
7 93 3702.620
7 94 6704.533
7 95 2144.791
7 96 5140.992
7 97 5782.971
7 98 2470.102
7 99 4714.486
7 100 8960.827
8 0 4690.768
8 1 4448.583
8 2 8891.565
8 3 6604.041
8 4 9199.062
8 5 8132.768
8 6 5070.703
8 7 9786.574
8 8 0.000
8 9 1684.920
8 10 6250.560
8 11 7821.628
8 12 8663.963
8 13 6953.869
8 14 7562.461
8 15 5542.996
8 16 6671.812
8 17 2740.752
8 18 8669.946
8 19 3659.897
8 20 5430.039
8 21 9902.916
8 22 9507.250
8 23 8323.161
8 24 5769.826
8 25 4509.411
8 26 1048.313
8 27 3687.980
8 28 11195.614
8 29 2018.105
8 30 2207.709
8 31 6511.061
8 32 1515.992
8 33 3834.607
8 34 2879.686
8 35 5003.805
8 36 5021.966
8 37 3717.149
8 38 1294.243
8 39 4025.887
8 40 3949.604
8 41 5674.860
8 42 9225.687
8 43 7738.931
8 44 4288.631
8 45 1104.936
8 46 8079.158
8 47 7356.112
8 48 1507.274
8 49 4674.519
8 50 6118.015
8 51 5512.193
8 52 10152.351
8 53 1626.159
8 54 8370.890
8 55 6572.064
8 56 7324.072
8 57 8402.401
8 58 3008.388
8 59 5738.796
8 60 2374.817
8 61 6626.791
8 62 8178.153
8 63 5487.459
8 64 8034.202
8 65 6109.922
8 66 7110.163
8 67 1981.783
8 68 7182.656
8 69 10365.522
8 70 4164.893
8 71 6445.251
8 72 9664.585
8 73 8630.789
8 74 10486.189
8 75 2787.893
8 76 7337.566
8 77 2097.615
8 78 7629.701
8 79 9145.538
8 80 3733.886
8 81 2058.068
8 82 9479.722
8 83 9870.409
8 84 3429.453
8 85 4892.686
8 86 6746.422
8 87 8660.521
8 88 5009.237
8 89 2797.965
8 90 1362.118
8 91 11045.790
8 92 6206.295
8 93 6294.728
8 94 6064.889
8 95 10438.805
8 96 7405.116
8 97 4221.687
8 98 8663.066
8 99 5076.226
8 100 847.325
9 0 4539.803
9 1 3346.370
9 2 8683.020
9 3 6997.648
9 4 8431.531
9 5 6789.293
9 6 5232.517
9 7 9663.570
9 8 1684.920
9 9 0.000
9 10 6989.424
9 11 7428.120
9 12 7579.537
9 13 6486.363
9 14 7281.851
9 15 6033.806
9 16 7292.116
9 17 1602.185
9 18 8331.517
9 19 3348.466
9 20 4902.996
9 21 9511.546
9 22 8839.538
9 23 8176.850
9 24 5825.606
9 25 4247.735
9 26 2529.542
9 27 2901.021
9 28 10990.467
9 29 798.739
9 30 3725.261
9 31 6485.764
9 32 2551.418
9 33 4847.349
9 34 3527.280
9 35 5530.610
9 36 4306.881
9 37 4370.391
9 38 2916.838
9 39 2424.700
9 40 3815.957
9 41 5963.770
9 42 9198.529
9 43 7237.401
9 44 4991.914
9 45 2785.857
9 46 7259.473
9 47 6152.236
9 48 708.867
9 49 5026.338
9 50 5140.162
9 51 4666.912
9 52 10171.668
9 53 2257.547
9 54 6930.742
9 55 5463.532
9 56 5891.928
9 57 7212.329
9 58 3013.550
9 59 6415.381
9 60 742.658
9 61 5663.873
9 62 7236.486
9 63 5335.184
9 64 6931.492
9 65 5495.177
9 66 6968.969
9 67 1148.691
9 68 7196.357
9 69 10077.329
9 70 4209.194
9 71 4922.212
9 72 9804.363
9 73 8020.151
9 74 10360.527
9 75 2192.709
9 76 6599.402
9 77 2457.021
9 78 6121.271
9 79 8841.737
9 80 4157.705
9 81 2065.250
9 82 9526.488
9 83 9354.657
9 84 2107.461
9 85 3915.729
9 86 6013.079
9 87 8783.049
9 88 3621.864
9 89 3164.531
9 90 2517.227
9 91 10716.710
9 92 6318.190
9 93 5988.601
9 94 4859.300
9 95 9967.773
9 96 6448.085
9 97 4678.073
9 98 8157.947
9 99 5041.970
9 100 1584.187
10 0 3592.788
10 1 6234.488
10 2 4862.531
10 3 1470.923
10 4 7177.528
10 5 8966.340
10 6 2551.312
10 7 5215.562
10 8 6250.560
10 9 6989.424
10 10 0.000
10 11 4908.236
10 12 8135.051
10 13 4794.146
10 14 4359.920
10 15 1288.180
10 16 636.738
10 17 6219.966
10 18 5190.915
10 19 4376.354
10 20 4641.617
10 21 6235.936
10 22 6994.784
10 23 4274.819
10 24 2716.245
10 25 3947.392
10 26 5318.071
10 27 5407.916
10 28 6623.787
10 29 6451.459
10 30 4670.998
10 31 3049.034
10 32 4738.654
10 33 2515.027
10 34 3476.210
10 35 1582.452
10 36 5185.735
10 37 2621.052
10 38 5451.919
10 39 7742.136
10 40 3849.234
10 41 1918.789
10 42 4473.451
10 43 5270.810
10 44 2002.935
10 45 6098.310
10 46 6677.224
10 47 7823.374
10 48 6284.599
10 49 2255.010
10 50 6319.830
10 51 5674.663
10 52 5061.288
10 53 4800.245
10 54 9642.392
10 55 7006.293
10 56 8864.443
10 57 8427.183
10 58 4175.730
10 59 604.680
10 60 7110.585
10 61 6478.623
10 62 7224.573
10 63 3440.862
10 64 7805.178
10 65 5050.715
10 66 3651.111
10 67 7949.287
10 68 3102.465
10 69 6223.784
10 70 3323.313
10 71 8768.210
10 72 4307.387
10 73 6193.228
10 74 5781.784
10 75 5297.495
10 76 5964.299
10 77 4532.462
10 78 9499.291
10 79 5377.509
10 80 2891.375
10 81 4953.056
10 82 4432.293
10 83 6671.039
10 84 6629.977
10 85 5952.741
10 86 5683.481
10 87 3570.336
10 88 7343.788
10 89 3841.078
10 90 7343.632
10 91 6909.113
10 92 2503.995
10 93 4019.646
10 94 7136.780
10 95 6930.961
10 96 6841.567
10 97 2399.042
10 98 5810.233
10 99 3141.640
10 100 5636.017
11 0 3160.203
11 1 4555.782
11 2 1482.908
11 3 3464.746
11 4 2278.352
11 5 5074.774
11 6 3242.431
11 7 2531.650
11 8 7821.628
11 9 7428.120
11 10 4908.236
11 11 0.000
11 12 3644.846
11 13 966.939
11 14 553.306
11 15 3948.706
11 16 4448.301
11 17 5901.647
11 18 920.800
11 19 4182.237
11 20 2532.402
11 21 2091.900
11 22 2115.624
11 23 1335.872
11 24 2562.551
11 25 3312.247
11 26 7417.738
11 27 4558.822
11 28 3635.627
11 29 6633.547
11 30 7578.640
11 31 1920.996
11 32 6640.249
11 33 5915.663
11 34 5427.722
11 35 4201.529
11 36 3220.710
11 37 5007.273
11 38 7836.326
11 39 6526.966
11 40 3880.618
11 41 3255.243
11 42 2432.621
11 43 520.764
11 44 4919.526
11 45 8363.050
11 46 2074.955
11 47 4056.516
11 48 6850.843
11 49 3883.153
11 50 3201.897
11 51 3123.641
11 52 3347.354
11 53 6270.144
11 54 5860.921
11 55 3612.107
11 56 5481.564
11 57 4177.555
11 58 4822.434
11 59 4611.362
11 60 7048.206
11 61 2937.665
11 62 2723.178
11 63 2418.922
11 64 3572.618
11 65 2051.066
11 66 1257.596
11 67 8574.582
11 68 1853.411
11 69 2668.113
11 70 3776.140
11 71 5992.967
11 72 3459.852
11 73 1285.364
11 74 3155.482
11 75 5254.073
11 76 1715.160
11 77 5765.731
11 78 6153.901
11 79 1447.498
11 80 4574.308
11 81 5771.417
11 82 2926.177
11 83 2098.191
11 84 5746.924
11 85 3923.467
11 86 1948.843
11 87 2737.672
11 88 5273.720
11 89 5182.102
11 90 9183.416
11 91 3289.129
11 92 2492.101
11 93 1537.474
11 94 4180.332
11 95 2623.276
11 96 2749.957
11 97 4349.535
11 98 962.471
11 99 2912.979
11 100 6974.837
12 0 5092.864
12 1 4253.026
12 2 4834.418
12 3 6826.475
12 4 2030.280
12 5 1854.695
12 6 5831.260
12 7 5702.379
12 8 8663.963
12 9 7579.537
12 10 8135.051
12 11 3644.846
12 12 0.000
12 13 3369.995
12 14 4136.940
12 15 6949.112
12 16 7802.019
12 17 6024.477
12 18 4100.691
12 19 5388.501
12 20 3852.054
12 21 4384.869
12 22 2718.992
12 23 4931.641
12 24 5437.756
12 25 4942.913
12 26 8702.114
12 27 4993.668
12 28 6166.974
12 29 6848.755
12 30 9320.064
12 31 5136.255
12 32 8015.665
12 33 8314.625
12 34 7266.032
12 35 6985.671
12 36 3829.052
12 37 7253.076
12 38 9203.116
12 39 5643.859
12 40 5475.294
12 41 6245.881
12 42 5893.427
12 43 3136.532
12 44 7447.715
12 45 9545.216
12 46 1570.590
12 47 1546.917
12 48 7273.092
12 49 6420.364
12 50 2562.316
12 51 3246.108
12 52 6641.492
12 53 7500.525
12 54 2591.966
12 55 2116.948
12 56 2757.324
12 57 745.436
12 58 6185.166
12 59 7696.761
12 60 6936.950
12 61 2085.999
12 62 935.422
12 63 4815.408
12 64 650.608
12 65 3220.858
12 66 4702.766
12 67 8576.025
12 68 5371.655
12 69 5191.965
12 70 5729.192
12 71 3779.509
12 72 6967.277
12 73 2691.972
12 74 6103.707
12 75 5901.019
12 76 2174.612
12 77 7040.951
12 78 3276.350
12 79 4459.845
12 80 6685.470
12 81 6775.911
12 82 6395.800
12 83 3718.250
12 84 5478.404
12 85 3771.731
12 86 2498.817
12 87 6362.781
12 88 4134.671
12 89 6784.229
12 90 9927.889
12 91 5430.359
12 92 5643.099
12 93 4116.228
12 94 2749.410
12 95 4296.499
12 96 1395.081
12 97 6729.324
12 98 3250.314
12 99 5261.869
12 100 7890.664
13 0 2379.490
13 1 3593.042
13 2 2403.300
13 3 3456.853
13 4 2569.957
13 5 4518.048
13 6 2716.558
13 7 3455.929
13 8 6953.869
13 9 6486.363
13 10 4794.146
13 11 966.939
13 12 3369.995
13 13 0.000
13 14 1069.932
13 15 3669.720
13 16 4435.180
13 17 4945.999
13 18 1887.727
13 19 3295.438
13 20 1583.367
13 21 3026.048
13 22 2657.334
13 23 2110.270
13 24 2163.625
13 25 2464.109
13 26 6616.104
13 27 3603.857
13 28 4602.180
13 29 5689.544
13 30 6877.645
13 31 1767.430
13 32 5844.052
13 33 5387.634
13 34 4711.791
13 35 3805.400
13 36 2254.204
13 37 4404.158
13 38 7055.985
13 39 5567.039
13 40 3053.535
13 41 2954.683
13 42 3255.960
13 43 787.391
13 44 4421.828
13 45 7554.504
13 46 1883.698
13 47 3422.916
13 48 5924.893
13 49 3359.433
13 50 2339.632
13 51 2175.210
13 52 4215.555
13 53 5440.498
13 54 5281.652
13 55 2840.068
13 56 4774.433
13 57 3761.713
13 58 3982.939
13 59 4396.605
13 60 6090.039
13 61 2168.443
13 62 2443.427
13 63 1750.011
13 64 3132.195
13 65 1089.661
13 66 1391.903
13 67 7630.318
13 68 2058.522
13 69 3633.076
13 70 3035.441
13 71 5169.438
13 72 4214.592
13 73 1748.175
13 74 4101.715
13 75 4326.526
13 76 1202.944
13 77 4934.032
13 78 5452.816
13 79 2414.278
13 80 3913.536
13 81 4896.233
13 82 3724.708
13 83 2917.011
13 84 4780.187
13 85 2964.484
13 86 1157.011
13 87 3364.353
13 88 4345.199
13 89 4402.011
13 90 8315.328
13 91 4242.355
13 92 2290.462
13 93 859.947
13 94 3334.760
13 95 3499.990
13 96 2200.323
13 97 3776.388
13 98 1709.218
13 99 2261.448
13 100 6106.829
14 0 2872.029
14 1 4585.184
14 2 1416.161
14 3 2912.548
14 4 2831.581
14 5 5480.525
14 6 2809.039
14 7 2448.652
14 8 7562.461
14 9 7281.851
14 10 4359.920
14 11 553.306
14 12 4136.940
14 13 1069.932
14 14 0.000
14 15 3428.347
14 16 3895.325
14 17 5800.514
14 18 1119.362
14 19 3972.229
14 20 2459.160
14 21 2365.484
14 22 2645.858
14 23 1043.328
14 24 2098.866
14 25 3077.238
14 26 7098.374
14 27 4465.243
14 28 3709.278
14 29 6495.898
14 30 7190.046
14 31 1407.994
14 32 6320.339
14 33 5454.040
14 34 5060.190
14 35 3708.341
14 36 3204.592
14 37 4583.224
14 38 7498.746
14 39 6561.981
14 40 3614.069
14 41 2746.916
14 42 2190.234
14 43 1006.895
14 44 4453.139
14 45 8045.720
14 46 2568.651
14 47 4422.263
14 48 6675.341
14 49 3437.502
14 50 3409.483
14 51 3211.719
14 52 3159.348
14 53 5980.697
14 54 6258.882
14 55 3894.241
14 56 5811.135
14 57 4632.509
14 58 4554.085
14 59 4075.655
14 60 6950.980
14 61 3218.620
14 62 3205.677
14 63 2086.089
14 64 4015.499
14 65 2117.818
14 66 715.335
14 67 8430.526
14 68 1301.219
14 69 2812.366
14 70 3445.111
14 71 6237.892
14 72 3147.144
14 73 1836.751
14 74 3122.993
14 75 5091.302
14 76 2099.893
14 77 5481.595
14 78 6488.348
14 79 1583.771
14 80 4183.382
14 81 5531.451
14 82 2655.065
14 83 2512.840
14 84 5713.364
14 85 3973.945
14 86 2205.149
14 87 2328.406
14 88 5392.736
14 89 4860.262
14 90 8920.170
14 91 3483.824
14 92 1973.458
14 93 1294.443
14 94 4404.283
14 95 2970.117
14 96 3143.424
14 97 3918.624
14 98 1469.362
14 99 2549.485
14 100 6719.630
15 0 2308.263
15 1 4970.168
15 2 4235.684
15 3 1087.699
15 4 6160.688
15 5 7700.980
15 6 1263.138
15 7 4821.743
15 8 5542.996
15 9 6033.806
15 10 1288.180
15 11 3948.706
15 12 6949.112
15 13 3669.720
15 14 3428.347
15 15 0.000
15 16 1309.436
15 17 5096.015
15 18 4404.729
15 19 3163.482
15 20 3363.069
15 21 5563.951
15 22 6064.324
15 23 3612.264
15 24 1515.742
15 25 2668.500
15 26 4727.603
15 27 4181.745
15 28 6282.932
15 29 5422.582
15 30 4355.517
15 31 2027.735
15 32 4041.788
15 33 2271.101
15 34 2664.215
15 35 541.114
15 36 3897.628
15 37 1836.532
15 38 4970.186
15 39 6550.267
15 40 2620.448
15 41 715.212
15 42 4124.407
15 43 4238.871
15 44 1355.161
15 45 5604.956
15 46 5544.504
15 47 6559.720
15 48 5325.346
15 49 1051.019
15 50 5042.526
15 51 4389.099
15 52 4905.829
15 53 3973.638
15 54 8366.810
15 55 5731.659
15 56 7578.504
15 57 7200.554
15 58 3083.557
15 59 754.880
15 60 6063.507
15 61 5220.546
15 62 6057.070
15 63 2180.697
15 64 6584.904
15 65 3805.528
15 66 2718.177
15 67 7067.053
15 68 2325.797
15 69 5707.168
15 70 2093.791
15 71 7484.373
15 72 4277.313
15 73 5210.100
15 74 5468.267
15 75 4169.093
15 76 4796.428
15 77 3616.376
15 78 8211.715
15 79 4692.856
15 80 1880.166
15 81 3968.646
15 82 4229.945
15 83 5886.818
15 84 5445.899
15 85 4669.403
15 86 4468.030
15 87 3349.081
15 88 6076.105
15 89 2880.521
15 90 6759.785
15 91 6415.980
15 92 1456.783
15 93 2846.949
15 94 5849.363
15 95 6241.490
15 96 5623.311
15 97 1360.169
15 98 4896.698
15 99 1855.142
15 100 4830.131
16 0 3550.805
16 1 6239.444
16 2 4286.977
16 3 988.713
16 4 6726.513
16 5 8744.310
16 6 2495.543
16 7 4595.605
16 8 6671.812
16 9 7292.116
16 10 636.738
16 11 4448.301
16 12 7802.019
16 13 4435.180
16 14 3895.325
16 15 1309.436
16 16 0.000
16 17 6402.587
16 18 4657.700
16 19 4469.306
16 20 4482.753
16 21 5661.762
16 22 6502.651
16 23 3715.095
16 24 2482.514
16 25 3924.697
16 26 5778.777
16 27 5481.513
16 28 5994.725
16 29 6706.768
16 30 5209.256
16 31 2667.978
16 32 5155.919
16 33 3041.053
16 34 3832.431
16 35 1766.162
16 36 5093.838
16 37 2972.659
16 38 5948.999
16 39 7857.020
16 40 3923.235
16 41 1751.610
16 42 3851.652
16 43 4844.383
16 44 2383.275
16 45 6595.043
16 46 6305.101
16 47 7601.775
16 48 6583.453
16 49 2359.837
16 50 6142.347
16 51 5538.181
16 52 4424.958
16 53 5162.169
16 54 9445.790
16 55 6816.516
16 56 8716.432
16 57 8140.387
16 58 4380.278
16 59 941.328
16 60 7354.304
16 61 6252.607
16 62 6878.481
16 63 3258.264
16 64 7512.767
16 65 4814.555
16 66 3202.851
16 67 8294.872
16 68 2606.481
16 69 5617.505
16 70 3398.283
16 71 8702.693
16 72 3671.291
16 73 5731.409
16 74 5152.090
16 75 5475.463
16 76 5627.850
16 77 4848.168
16 78 9366.112
16 79 4812.238
16 80 3138.748
16 81 5232.437
16 82 3798.451
16 83 6126.110
16 84 6754.221
16 85 5898.730
16 86 5399.566
16 87 2941.068
16 88 7337.762
16 89 4127.621
16 90 7815.238
16 91 6296.908
16 92 2169.289
16 93 3715.085
16 94 7008.791
16 95 6357.812
16 96 6551.985
16 97 2621.560
16 98 5319.330
16 99 3044.412
16 100 6012.113
17 0 3221.438
17 1 1771.809
17 2 7214.258
17 3 5933.920
17 4 6829.563
17 5 5392.427
17 6 4085.465
17 7 8222.318
17 8 2740.752
17 9 1602.185
17 10 6219.966
17 11 5901.647
17 12 6024.477
17 13 4945.999
17 14 5800.514
17 15 5096.015
17 16 6402.587
17 17 0.000
17 18 6815.424
17 19 2039.454
17 20 3369.561
17 21 7969.803
17 22 7243.485
17 23 6742.527
17 24 4569.631
17 25 2879.073
17 26 3124.832
17 27 1342.825
17 28 9504.128
17 29 828.080
17 30 4146.081
17 31 5152.942
17 32 2717.153
17 33 4509.504
17 34 3030.077
17 35 4657.627
17 36 2727.289
17 37 3731.292
17 38 3623.216
17 39 1675.895
17 40 2578.396
17 41 4867.804
17 42 7809.186
17 43 5679.352
17 44 4327.194
17 45 3763.338
17 46 5657.363
17 47 4648.075
17 48 1263.312
17 49 4045.520
17 50 3547.494
17 51 3065.509
17 52 8794.854
17 53 2199.920
17 54 5642.313
17 55 3909.173
17 56 4596.441
17 57 5703.808
17 58 2045.386
17 59 5618.134
17 60 1150.470
17 61 4070.748
17 62 5644.298
17 63 3970.572
17 64 5381.206
17 65 3924.170
17 66 5558.779
17 67 2712.091
17 68 5866.341
17 69 8565.843
17 70 3062.242
17 71 3785.993
17 72 8499.325
17 73 6433.830
17 74 8911.771
17 75 927.133
17 76 5000.910
17 77 2040.796
17 78 4942.292
17 79 7333.662
17 80 3337.439
17 81 1531.046
17 82 8172.195
17 83 7781.692
17 84 722.666
17 85 2317.153
17 86 4416.733
17 87 7483.859
17 88 2282.573
17 89 2491.766
17 90 3920.623
17 91 9187.944
17 92 5078.402
17 93 4520.741
17 94 3350.242
17 95 8402.662
17 96 4856.417
17 97 3821.022
17 98 6592.817
17 99 3767.875
17 100 2113.795
18 0 3983.029
18 1 5473.492
18 2 733.944
18 3 3720.133
18 4 2356.535
18 5 5703.179
18 6 3907.405
18 7 1699.643
18 8 8669.946
18 9 8331.517
18 10 5190.915
18 11 920.800
18 12 4100.691
18 13 1887.727
18 14 1119.362
18 15 4404.729
18 16 4657.700
18 17 6815.424
18 18 0.000
18 19 5056.007
18 20 3446.129
18 21 1246.240
18 22 1930.466
18 23 997.196
18 24 3182.412
18 25 4170.406
18 26 8217.362
18 27 5472.869
18 28 2715.758
18 29 7539.044
18 30 8299.927
18 31 2447.596
18 32 7439.262
18 33 6517.540
18 34 6176.995
18 35 4739.060
18 36 4141.395
18 37 5680.133
18 38 8617.989
18 39 7442.121
18 40 4720.373
18 41 3761.674
18 42 1793.040
18 43 1292.959
18 44 5515.353
18 45 9164.677
18 46 2596.167
18 47 4761.274
18 48 7743.458
18 49 4524.206
18 50 4065.021
18 51 4034.154
18 52 2590.727
18 53 7095.341
18 54 6494.385
18 55 4416.334
18 56 6216.626
18 57 4720.980
18 58 5662.295
18 59 4990.189
18 60 7963.326
18 61 3753.464
18 62 3240.152
18 63 3203.748
18 64 4156.352
18 65 2969.572
18 66 1731.135
18 67 9479.217
18 68 2105.571
18 69 1750.517
18 70 4564.008
18 71 6809.521
18 72 2867.775
18 73 1427.225
18 74 2272.831
18 75 6150.062
18 76 2467.407
18 77 6594.804
18 78 6877.906
18 79 527.869
18 80 5295.606
18 81 6630.789
18 82 2295.110
18 83 1487.630
18 84 6667.671
18 85 4839.029
18 86 2804.828
18 87 2370.974
18 88 6167.488
18 89 5979.021
18 90 10029.396
18 91 2389.965
18 92 2982.777
18 93 2378.869
18 94 5024.041
18 95 1868.446
18 96 3444.615
18 97 5013.387
18 98 868.568
18 99 3668.584
18 100 7825.404
19 0 1199.772
19 1 1957.823
19 2 5354.863
19 3 3919.584
19 4 5595.852
19 5 5420.728
19 6 2061.484
19 7 6320.172
19 8 3659.897
19 9 3348.466
19 10 4376.354
19 11 4182.237
19 12 5388.501
19 13 3295.438
19 14 3972.229
19 15 3163.482
19 16 4469.306
19 17 2039.454
19 18 5056.007
19 19 0.000
19 20 1784.414
19 21 6272.676
19 22 5862.354
19 23 4833.570
19 24 2533.421
19 25 902.410
19 26 3411.936
19 27 1034.998
19 28 7668.203
19 29 2590.657
19 30 3931.688
19 31 3148.484
19 32 2672.885
19 33 3257.453
19 34 1941.653
19 35 2794.974
19 36 1559.518
19 37 2236.069
19 38 3889.191
19 39 3387.798
19 40 552.362
19 41 2852.427
19 42 5850.852
19 43 4079.472
19 44 2706.660
19 45 4323.930
19 46 4528.899
19 47 4389.547
19 48 2711.731
19 49 2126.601
19 50 2876.714
19 51 2151.690
19 52 6826.475
19 53 2202.818
19 54 5922.596
19 55 3503.709
19 56 4970.175
19 57 5321.195
19 58 797.456
19 59 3773.651
19 60 3137.962
19 61 3306.819
19 62 4738.689
19 63 1987.013
19 64 4822.056
19 65 2483.771
19 66 3622.056
19 67 4491.214
19 68 3862.051
19 69 6783.617
19 70 1071.253
19 71 4587.049
19 72 6487.062
19 73 4977.122
19 74 7018.724
19 75 1173.561
19 76 3748.731
19 77 1706.524
19 78 5515.904
19 79 5550.653
19 80 1685.490
19 81 1601.840
19 82 6186.754
19 83 6212.449
19 84 2289.186
19 85 1914.380
19 86 3171.510
19 87 5467.628
19 88 3054.336
19 89 1408.748
19 90 5020.595
19 91 7444.952
19 92 3040.881
19 93 2680.757
19 94 3288.413
19 95 6788.230
19 96 4020.462
19 97 2044.232
19 98 5004.508
19 99 1732.532
19 100 2813.629
20 0 1244.953
20 1 2174.019
20 2 3874.194
20 3 3637.270
20 4 3818.255
20 5 4348.541
20 6 2121.975
20 7 4905.499
20 8 5430.039
20 9 4902.996
20 10 4641.617
20 11 2532.402
20 12 3852.054
20 13 1583.367
20 14 2459.160
20 15 3363.069
20 16 4482.753
20 17 3369.561
20 18 3446.129
20 19 1784.414
20 20 0.000
20 21 4608.998
20 22 4079.880
20 23 3453.550
20 24 2015.846
20 25 1110.217
20 26 5185.687
20 27 2026.827
20 28 6142.873
20 29 4106.256
20 30 5602.415
20 31 2206.802
20 32 4432.433
20 33 4463.351
20 34 3472.823
20 35 3264.373
20 36 777.707
20 37 3401.035
20 38 5652.708
20 39 4134.530
20 40 1685.709
20 41 2742.876
20 42 4572.650
20 43 2343.334
20 44 3620.256
20 45 6105.410
20 46 2789.207
20 47 3213.415
20 48 4346.883
20 49 2634.380
20 50 1679.474
20 51 1062.038
20 52 5561.549
20 53 3982.237
20 54 5003.859
20 55 2369.728
20 56 4234.757
20 57 3952.631
20 58 2539.209
20 59 4111.369
20 60 4517.206
20 61 1902.143
20 62 3086.724
20 63 1225.736
20 64 3372.609
20 65 710.441
20 66 2357.836
20 67 6047.152
20 68 2843.529
20 69 5196.640
20 70 1878.730
20 71 4282.871
20 72 5397.670
20 73 3201.034
20 74 5582.112
20 75 2749.632
20 76 1989.856
20 77 3480.764
20 78 4883.532
20 79 3965.767
20 80 2835.219
20 81 3376.587
20 82 4988.239
20 83 4475.381
20 84 3254.396
20 85 1618.717
20 86 1439.724
20 87 4430.490
20 88 3115.460
20 89 3054.940
20 90 6786.270
20 91 5820.396
20 92 2439.565
20 93 1245.636
20 94 2530.192
20 95 5074.358
20 96 2457.926
20 97 2892.094
20 98 3269.567
20 99 1520.245
20 100 4587.176
21 0 5221.995
21 1 6534.584
21 2 1374.821
21 3 4781.510
21 4 2375.490
21 5 6162.231
21 6 5143.853
21 7 1565.971
21 8 9902.916
21 9 9511.546
21 10 6235.936
21 11 2091.900
21 12 4384.869
21 13 3026.048
21 14 2365.484
21 15 5563.951
21 16 5661.762
21 17 7969.803
21 18 1246.240
21 19 6272.676
21 20 4608.998
21 21 0.000
21 22 1716.084
21 23 1969.792
21 24 4413.369
21 25 5396.365
21 26 9462.551
21 27 6628.670
21 28 1813.988
21 29 8715.204
21 30 9540.633
21 31 3665.308
21 32 8684.378
21 33 7726.009
21 34 7422.359
21 35 5931.279
21 36 5259.260
21 37 6913.328
21 38 9864.206
21 39 8475.681
21 40 5954.979
21 41 4951.516
21 42 2119.222
21 43 2302.893
21 44 6725.445
21 45 10409.792
21 46 3117.695
21 47 5372.688
21 48 8941.175
21 49 5752.765
21 50 4977.599
21 51 5072.884
21 52 2478.251
21 53 8335.809
21 54 6939.554
21 55 5205.704
21 56 6836.953
21 57 5091.664
21 58 6897.558
21 59 6099.878
21 60 9110.987
21 61 4586.494
21 62 3679.003
21 63 4448.118
21 64 4615.568
21 65 4063.132
21 66 2955.295
21 67 10656.149
21 68 3238.437
21 69 808.678
21 70 5809.252
21 71 7572.307
21 72 3073.212
21 73 1850.819
21 74 1758.753
21 75 7343.608
21 76 3286.295
21 77 7834.036
21 78 7465.725
21 79 871.450
21 80 6538.594
21 81 7857.549
21 82 2519.157
21 83 746.340
21 84 7771.511
21 85 5891.662
21 86 3749.132
21 87 2984.308
21 88 7123.728
21 89 7223.989
21 90 11263.668
21 91 1240.341
21 92 4179.154
21 93 3608.214
21 94 5873.509
21 95 696.095
21 96 4106.765
21 97 6246.015
21 98 1447.553
21 99 4914.822
21 100 9057.119
22 0 5033.437
22 1 5614.542
22 2 2564.452
22 3 5533.620
22 4 689.494
22 5 4545.635
22 6 5304.024
22 7 3191.480
22 8 9507.250
22 9 8839.538
22 10 6994.784
22 11 2115.624
22 12 2718.992
22 13 2657.334
22 14 2645.858
22 15 6064.324
22 16 6502.651
22 17 7243.485
22 18 1930.466
22 19 5862.354
22 20 4079.880
22 21 1716.084
22 22 0.000
22 23 2926.510
22 24 4657.236
22 25 5088.304
22 26 9241.728
22 27 5951.997
22 28 3455.138
22 29 8045.033
22 30 9534.900
22 31 4036.620
22 32 8475.855
22 33 7989.233
22 34 7368.994
22 35 6307.914
22 36 4545.002
22 37 7039.130
22 38 9693.044
22 39 7439.392
22 40 5684.050
22 41 5369.516
22 42 3574.207
22 43 1903.943
22 44 7001.942
22 45 10172.029
22 46 1729.340
22 47 3885.105
22 48 8353.509
22 49 5950.496
22 50 3871.823
22 51 4186.951
22 52 4135.490
22 53 8049.588
22 54 5305.014
22 55 3912.838
22 56 5316.902
22 57 3448.989
22 58 6594.627
22 59 6721.415
22 60 8336.604
22 61 3393.692
22 62 2141.955
22 63 4391.190
22 64 3039.302
22 65 3399.316
22 66 3361.175
22 67 9953.543
22 68 3898.570
22 69 2506.508
22 70 5692.463
22 71 6168.446
22 72 4622.947
22 73 909.381
22 74 3473.137
22 75 6779.634
22 76 2245.386
22 77 7544.636
22 78 5910.534
22 79 2057.145
22 80 6564.587
22 81 7456.240
22 82 4044.616
22 83 1005.889
22 84 6908.430
22 85 4983.508
22 86 2826.802
22 87 4278.155
22 88 5985.548
22 89 7047.083
22 90 10860.135
22 91 2712.198
22 92 4607.666
22 93 3482.622
22 94 4624.673
22 95 1583.371
22 96 2744.603
22 97 6396.065
22 98 1184.729
22 99 4902.396
22 100 8666.053
23 0 3668.907
23 1 5605.909
23 2 625.700
23 3 2814.066
23 4 3319.283
23 5 6409.717
23 6 3344.134
23 7 1486.798
23 8 8323.161
23 9 8176.850
23 10 4274.819
23 11 1335.872
23 12 4931.641
23 13 2110.270
23 14 1043.328
23 15 3612.264
23 16 3715.095
23 17 6742.527
23 18 997.196
23 19 4833.570
23 20 3453.550
23 21 1969.792
23 22 2926.510
23 23 0.000
23 24 2606.248
23 25 3931.419
23 26 7768.601
23 27 5422.370
23 28 2873.698
23 29 7403.151
23 30 7722.909
23 31 1840.204
23 32 6997.528
23 33 5816.914
23 34 5667.710
23 35 4007.992
23 36 4215.538
23 37 5073.449
23 38 8132.813
23 39 7579.681
23 40 4416.461
23 41 3033.857
23 42 1146.909
23 43 1854.184
23 44 4824.352
23 45 8711.755
23 46 3374.242
23 47 5389.723
23 48 7544.465
23 49 3907.856
23 50 4447.383
23 51 4251.201
23 52 2120.874
23 53 6710.983
23 54 7196.439
23 55 4911.320
23 56 6805.869
23 57 5496.372
23 58 5334.762
23 59 4130.550
23 60 7890.264
23 61 4234.570
23 62 4027.244
23 63 2861.458
23 64 4899.238
23 65 3158.162
23 66 1218.072
23 67 9322.699
23 68 1293.823
23 69 2127.643
23 70 4158.833
23 71 7270.595
23 72 2130.371
23 73 2345.669
23 74 2185.296
23 75 5985.713
23 76 3048.235
23 77 6225.976
23 78 7480.334
23 79 1103.701
23 80 4762.191
23 81 6335.858
23 82 1617.073
23 83 2416.343
23 84 6700.880
23 85 5003.382
23 86 3226.019
23 87 1434.119
23 88 6433.456
23 89 5554.954
23 90 9666.879
23 91 2838.131
23 92 2284.584
23 93 2229.597
23 94 5440.437
23 95 2661.122
23 96 4085.606
23 97 4410.487
23 98 1815.221
23 99 3246.942
23 100 7492.287
24 0 1356.193
24 1 3958.048
24 2 3212.356
24 3 1624.117
24 4 4692.992
24 5 6268.729
24 6 739.144
24 7 4031.794
24 8 5769.826
24 9 5825.606
24 10 2716.245
24 11 2562.551
24 12 5437.756
24 13 2163.625
24 14 2098.866
24 15 1515.742
24 16 2482.514
24 17 4569.631
24 18 3182.412
24 19 2533.421
24 20 2015.846
24 21 4413.369
24 22 4657.236
24 23 2606.248
24 24 0.000
24 25 1725.008
24 26 5168.696
24 27 3391.603
24 28 5467.780
24 29 5100.022
24 30 5135.572
24 31 766.575
24 32 4401.783
24 33 3357.167
24 34 3061.528
24 35 1657.612
24 36 2684.906
24 37 2499.978
24 38 5526.834
24 39 5770.737
24 40 2017.610
24 41 808.147
24 42 3456.083
24 43 2781.774
24 44 2358.252
24 45 6109.446
24 46 4030.966
24 47 5125.345
24 48 5149.359
24 49 1341.958
24 50 3661.237
24 51 3077.536
24 52 4393.973
24 53 4145.696
24 54 6964.167
24 55 4334.003
24 56 6240.116
24 57 5711.312
24 58 2848.209
24 59 2259.191
24 60 5668.906
24 61 3776.698
24 62 4541.904
24 63 794.661
24 64 5090.356
24 65 2341.325
24 66 1458.597
24 67 6947.148
24 68 1413.021
24 69 4720.654
24 70 1635.091
24 71 6283.842
24 72 3979.393
24 73 3774.335
24 74 4727.721
24 75 3699.258
24 76 3280.901
24 77 3677.728
24 78 6894.776
24 79 3569.351
24 80 2156.294
24 81 3855.731
24 82 3729.697
24 83 4611.705
24 84 4731.007
24 85 3525.172
24 86 2968.912
24 87 2958.236
24 88 5012.515
24 89 2977.030
24 90 7096.813
24 91 5426.243
24 92 510.339
24 93 1331.343
24 94 4545.795
24 95 5050.621
24 96 4126.899
24 97 1832.648
24 98 3525.022
24 99 801.767
24 100 4956.420
25 0 382.846
25 1 2315.704
25 2 4453.622
25 3 3242.863
25 4 4883.637
25 5 5274.046
25 6 1429.293
25 7 5418.117
25 8 4509.411
25 9 4247.735
25 10 3947.392
25 11 3312.247
25 12 4942.913
25 13 2464.109
25 14 3077.238
25 15 2668.500
25 16 3924.697
25 17 2879.073
25 18 4170.406
25 19 902.410
25 20 1110.217
25 21 5396.365
25 22 5088.304
25 23 3931.419
25 24 1725.008
25 25 0.000
25 26 4155.934
25 27 1666.649
25 28 6767.394
25 29 3482.267
25 30 4504.135
25 31 2274.074
25 32 3387.741
25 33 3395.091
25 34 2364.036
25 35 2428.173
25 36 1302.733
25 37 2326.204
25 38 4604.835
25 39 4051.709
25 40 596.516
25 41 2203.324
25 42 4956.270
25 43 3251.374
25 44 2618.692
25 45 5091.671
25 46 3891.369
25 47 4169.543
25 48 3614.111
25 49 1745.777
25 50 2602.828
25 51 1875.814
25 52 5935.423
25 53 2976.442
25 54 5866.898
25 55 3288.145
25 56 4999.734
25 57 4993.369
25 58 1519.271
25 59 3367.805
25 60 4005.919
25 61 2929.794
25 62 4195.661
25 63 1095.609
25 64 4436.363
25 65 1810.144
25 66 2721.256
25 67 5392.089
25 68 2987.812
25 69 5889.602
25 70 803.231
25 71 4822.686
25 72 5620.331
25 73 4187.905
25 74 6116.470
25 75 2061.924
25 76 3086.355
25 77 2469.985
25 78 5606.161
25 79 4658.857
25 80 1749.655
25 81 2461.315
25 82 5302.087
25 83 5371.012
25 84 3006.060
25 85 2008.160
25 86 2548.598
25 87 4604.922
25 88 3413.619
25 89 1969.144
25 90 5871.288
25 91 6556.300
25 92 2234.221
25 93 1791.554
25 94 3262.892
25 95 5930.596
25 96 3548.141
25 97 1885.727
25 98 4167.541
25 99 940.674
25 100 3662.592
26 0 4258.828
26 1 4638.194
26 2 8361.848
26 3 5809.591
26 4 9003.615
26 5 8392.184
26 6 4439.443
26 7 9198.216
26 8 1048.313
26 9 2529.542
26 10 5318.071
26 11 7417.738
26 12 8702.114
26 13 6616.104
26 14 7098.374
26 15 4727.603
26 16 5778.777
26 17 3124.832
26 18 8217.362
26 19 3411.936
26 20 5185.687
26 21 9462.551
26 22 9241.728
26 23 7768.601
26 24 5168.696
26 25 4155.934
26 26 0.000
26 27 3733.775
26 28 10636.153
26 29 2592.067
26 30 1200.885
26 31 5930.718
26 32 778.228
26 33 2846.609
26 34 2128.703
26 35 4187.212
26 36 4918.466
26 37 2893.531
26 38 510.818
26 39 4642.752
26 40 3562.936
26 41 4954.023
26 42 8594.249
26 43 7401.995
26 44 3413.953
26 45 947.371
26 46 7939.257
26 47 7512.401
26 48 2101.062
26 49 3959.028
26 50 6141.004
26 51 5469.051
26 52 9486.612
26 53 1212.762
26 54 8718.559
26 55 6674.790
26 56 7679.823
26 57 8527.433
26 58 2649.078
26 59 4838.131
26 60 3111.963
26 61 6622.534
26 62 8120.654
26 63 5014.716
26 64 8097.683
26 65 5891.605
26 66 6577.868
26 67 3018.599
26 68 6564.589
26 69 9860.432
26 70 3653.360
26 71 6910.650
26 72 8945.130
26 73 8343.454
26 74 9891.372
26 75 2843.978
26 76 7160.538
26 77 1705.954
26 78 8059.599
26 79 8665.395
26 80 3034.667
26 81 1929.104
26 82 8807.669
26 83 9504.622
26 84 3847.465
26 85 4969.778
26 86 6582.831
26 87 7961.344
26 88 5384.993
26 89 2238.682
26 90 2038.666
26 91 10556.357
26 92 5561.088
26 93 5880.728
26 94 6256.850
26 95 10038.756
26 96 7375.526
26 97 3473.370
26 98 8309.666
26 99 4554.641
26 100 1041.605
27 0 2041.375
27 1 1012.754
27 2 5880.659
27 3 4879.529
27 4 5575.767
27 5 4711.628
27 6 3027.209
27 7 6896.414
27 8 3687.980
27 9 2901.021
27 10 5407.916
27 11 4558.822
27 12 4993.668
27 13 3603.857
27 14 4465.243
27 15 4181.745
27 16 5481.513
27 17 1342.825
27 18 5472.869
27 19 1034.998
27 20 2026.827
27 21 6628.670
27 22 5951.997
27 23 5422.370
27 24 3391.603
27 25 1666.649
27 26 3733.775
27 27 0.000
27 28 8164.652
27 29 2102.484
27 30 4497.348
27 31 3902.477
27 32 3100.703
27 33 4189.274
27 34 2770.228
27 35 3827.905
27 36 1408.595
27 37 3215.328
27 38 4241.683
27 39 2396.014
27 40 1562.179
27 41 3820.176
27 42 6506.351
27 43 4342.334
27 44 3721.509
27 45 4553.332
27 46 4425.045
27 47 3782.965
27 48 2406.311
27 49 3154.675
27 50 2435.580
27 51 1832.316
27 52 7495.190
27 53 2561.736
27 54 5126.939
27 55 2941.297
27 56 4127.309
27 57 4793.711
27 58 1549.743
27 59 4806.140
27 60 2490.775
27 61 2939.756
27 62 4491.612
27 63 2718.101
27 64 4376.140
27 65 2594.367
27 66 4255.295
27 67 4035.998
27 68 4609.097
27 69 7223.349
27 70 2089.656
27 71 3622.453
27 72 7239.075
27 73 5121.489
27 74 7582.416
27 75 907.478
27 76 3723.729
27 77 2158.665
27 78 4622.007
27 79 5991.686
27 80 2691.423
27 81 1807.824
27 82 6885.916
27 83 6454.171
27 84 1340.304
27 85 1236.226
27 86 3132.288
27 87 6232.845
27 88 2056.910
27 89 2187.464
27 90 4994.153
27 91 7845.388
27 92 3900.479
27 93 3194.245
27 94 2554.296
27 95 7069.917
27 96 3717.138
27 97 3075.946
27 98 5259.696
27 99 2603.047
27 100 2898.137
28 0 6526.844
28 1 8188.781
28 2 2314.149
28 3 5305.600
28 4 4139.151
28 5 7965.949
28 6 6200.900
28 7 1463.710
28 8 11195.614
28 9 10990.467
28 10 6623.787
28 11 3635.627
28 12 6166.974
28 13 4602.180
28 14 3709.278
28 15 6282.932
28 16 5994.725
28 17 9504.128
28 18 2715.758
28 19 7668.203
28 20 6142.873
28 21 1813.988
28 22 3455.138
28 23 2873.698
28 24 5467.780
28 25 6767.394
28 26 10636.153
28 27 8164.652
28 28 0.000
28 29 10205.168
28 30 10540.520
28 31 4705.769
28 32 9867.276
28 33 8547.879
28 34 8525.733
28 35 6742.866
28 36 6853.581
28 37 7892.408
28 38 10990.814
28 39 10155.222
28 40 7275.470
28 41 5802.472
28 42 2169.845
28 43 3973.628
28 44 7581.861
28 45 11577.199
28 46 4931.217
28 47 7186.324
28 48 10377.763
28 49 6735.560
28 50 6725.009
28 51 6744.786
28 52 1696.759
28 53 9584.648
28 54 8738.713
28 55 6995.894
28 56 8650.899
28 57 6885.668
28 58 8201.539
28 59 6652.613
28 60 10654.284
28 61 6361.827
28 62 5490.004
28 63 5720.501
28 64 6424.541
28 65 5685.299
28 66 4085.765
28 67 12139.063
28 68 4089.406
28 69 1022.659
28 70 7032.101
28 71 9373.706
28 72 2526.829
28 73 3660.484
28 74 843.221
28 75 8798.932
28 76 5055.704
28 77 9098.891
28 78 9279.143
28 79 2188.215
28 80 7617.188
28 81 9198.066
28 82 2215.075
28 83 2450.243
28 84 9379.719
28 85 7553.102
28 86 5474.243
28 87 3053.748
28 88 8855.312
28 89 8428.024
28 90 12540.482
28 91 845.527
28 92 5102.630
28 93 5001.868
28 94 7648.848
28 95 1932.152
28 96 5914.406
28 97 7238.898
28 98 3216.057
28 99 6119.838
28 100 10362.824
29 0 3789.298
29 1 2597.835
29 2 7900.928
29 3 6343.701
29 4 7644.427
29 5 6160.912
29 6 4539.743
29 7 8889.119
29 8 2018.105
29 9 798.739
29 10 6451.459
29 11 6633.547
29 12 6848.755
29 13 5689.544
29 14 6495.898
29 15 5422.582
29 16 6706.768
29 17 828.080
29 18 7539.044
29 19 2590.657
29 20 4106.256
29 21 8715.204
29 22 8045.033
29 23 7403.151
29 24 5100.022
29 25 3482.267
29 26 2592.067
29 27 2102.484
29 28 10205.168
29 29 0.000
29 30 3719.262
29 31 5738.426
29 32 2369.114
29 33 4478.102
29 34 3060.708
29 35 4940.858
29 36 3509.090
29 37 3861.493
29 38 3057.906
29 39 2054.579
29 40 3082.600
29 41 5293.205
29 42 8438.437
29 43 6439.078
29 44 4481.086
29 45 3093.749
29 46 6476.198
29 47 5456.679
29 48 515.059
29 49 4390.983
29 50 4375.043
29 51 3879.288
29 52 9416.186
29 53 1939.775
29 54 6364.709
29 55 4732.384
29 56 5318.423
29 57 6514.895
29 58 2348.907
29 59 5862.528
29 60 668.008
29 61 4898.115
29 62 6471.664
29 63 4575.366
29 64 6204.180
29 65 4696.493
29 66 6200.350
29 67 1941.137
29 68 6451.470
29 69 9286.271
29 70 3507.841
29 71 4427.434
29 72 9071.445
29 73 7222.583
29 74 9584.450
29 75 1420.343
29 76 5807.015
29 77 1981.019
29 78 5611.850
29 79 8050.979
29 80 3572.286
29 81 1507.618
29 82 8777.396
29 83 8555.922
29 84 1435.981
29 85 3143.091
29 86 5219.342
29 87 8050.728
29 88 3009.263
29 89 2613.649
29 90 3118.345
29 91 9922.563
29 92 5599.720
29 93 5204.328
29 94 4158.532
29 95 9169.211
29 96 5683.961
29 97 4085.836
29 98 7359.319
29 99 4307.124
29 100 1550.978
30 0 4505.697
30 1 5473.586
30 2 8339.151
30 3 5434.864
30 4 9378.824
30 5 9208.976
30 6 4399.317
30 7 9080.022
30 8 2207.709
30 9 3725.261
30 10 4670.998
30 11 7578.640
30 12 9320.064
30 13 6877.645
30 14 7190.046
30 15 4355.517
30 16 5209.256
30 17 4146.081
30 18 8299.927
30 19 3931.688
30 20 5602.415
30 21 9540.633
30 22 9534.900
30 23 7722.909
30 24 5135.572
30 25 4504.135
30 26 1200.885
30 27 4497.348
30 28 10540.520
30 29 3719.262
30 30 0.000
30 31 5897.610
30 32 1439.642
30 33 2168.368
30 34 2165.939
30 35 3842.076
30 36 5491.016
30 37 2650.677
30 38 963.059
30 39 5743.021
30 40 3917.042
30 41 4742.127
30 42 8422.639
30 43 7644.885
30 44 3002.108
30 45 1541.076
30 46 8391.510
30 47 8254.451
30 48 3253.077
30 49 3815.122
30 50 6792.318
30 51 6078.635
30 52 9250.406
30 53 1982.136
30 54 9601.932
30 55 7385.262
30 56 8579.825
30 57 9227.716
30 58 3134.925
30 59 4282.245
30 60 4279.671
30 61 7236.903
30 62 8654.189
30 63 5167.137
30 64 8747.929
30 65 6310.363
30 66 6592.002
30 67 4189.220
30 68 6456.394
30 69 9848.280
30 70 3842.593
30 71 7896.357
30 72 8632.336
30 73 8625.820
30 74 9754.596
30 75 3678.043
30 76 7589.186
30 77 2338.727
30 78 9009.661
30 79 8704.036
30 80 3007.483
30 81 2740.206
30 82 8571.360
30 83 9675.432
30 84 4860.371
30 85 5703.689
30 86 7039.646
30 87 7696.725
30 88 6333.495
30 89 2551.966
30 90 2844.382
30 91 10556.622
30 92 5445.038
30 93 6072.509
30 94 7051.188
30 95 10160.163
30 96 7949.837
30 97 3312.479
30 98 8514.511
30 99 4666.134
30 100 2186.442
31 0 1949.132
31 1 4326.578
31 2 2446.034
31 3 1690.467
31 4 4150.282
31 5 6173.840
31 6 1505.491
31 7 3277.536
31 8 6511.061
31 9 6485.764
31 10 3049.034
31 11 1920.996
31 12 5136.255
31 13 1767.430
31 14 1407.994
31 15 2027.735
31 16 2667.978
31 17 5152.942
31 18 2447.596
31 19 3148.484
31 20 2206.802
31 21 3665.308
31 22 4036.620
31 23 1840.204
31 24 766.575
31 25 2274.074
31 26 5930.718
31 27 3902.477
31 28 4705.769
31 29 5738.426
31 30 5897.610
31 31 0.000
31 32 5161.544
31 33 4070.017
31 34 3827.590
31 35 2303.326
31 36 2963.210
31 37 3255.356
31 38 6292.611
31 39 6226.240
31 40 2672.801
31 41 1339.013
31 42 2729.942
31 43 2231.348
31 44 3067.792
31 45 6872.823
31 46 3639.913
31 47 5043.243
31 48 5824.716
31 49 2090.660
31 50 3700.539
31 51 3231.736
31 52 3689.731
31 53 4890.867
31 54 6908.334
31 55 4328.530
31 56 6276.990
31 57 5499.208
31 58 3553.756
31 59 2703.205
31 60 6278.156
31 61 3708.617
31 62 4210.857
31 63 1185.864
31 64 4869.364
31 65 2298.471
31 66 717.224
31 67 7619.567
31 68 714.146
31 69 3954.682
31 70 2352.035
31 71 6458.669
31 72 3346.407
31 73 3186.676
31 74 3976.025
31 75 4321.812
31 76 2963.860
31 77 4414.491
31 78 6947.890
31 79 2813.101
31 80 2922.855
31 81 4562.428
31 82 3040.740
31 83 3903.628
31 84 5236.304
31 85 3816.225
31 86 2781.978
31 87 2332.925
31 88 5317.287
31 89 3727.060
31 90 7845.739
31 91 4660.966
31 92 571.608
31 93 1117.574
31 94 4654.515
31 95 4314.246
31 96 3916.085
31 97 2588.570
31 98 2871.915
31 99 1455.426
31 100 5689.475
32 0 3482.164
32 1 4055.315
32 2 7588.262
32 3 5112.738
32 4 8250.121
32 5 7804.237
32 6 3676.869
32 7 8433.270
32 8 1515.992
32 9 2551.418
32 10 4738.654
32 11 6640.249
32 12 8015.665
32 13 5844.052
32 14 6320.339
32 15 4041.788
32 16 5155.919
32 17 2717.153
32 18 7439.262
32 19 2672.885
32 20 4432.433
32 21 8684.378
32 22 8475.855
32 23 6997.528
32 24 4401.783
32 25 3387.741
32 26 778.228
32 27 3100.703
32 28 9867.276
32 29 2369.114
32 30 1439.642
32 31 5161.544
32 32 0.000
32 33 2371.439
32 34 1393.191
32 35 3501.067
32 36 4205.391
32 37 2208.463
32 38 1220.343
32 39 4342.622
32 40 2792.867
32 41 4220.008
32 42 7837.793
32 43 6629.166
32 44 2772.868
32 45 1725.422
32 46 7200.407
32 47 6880.052
32 48 1957.797
32 49 3219.894
32 50 5462.479
32 51 4771.566
32 52 8739.894
32 53 546.606
32 54 8176.521
32 55 6024.651
32 56 7149.681
32 57 7875.907
32 58 1893.437
32 59 4222.910
32 60 2983.838
32 61 5930.514
32 62 7404.164
32 63 4236.495
32 64 7423.188
32 65 5140.936
32 66 5803.441
32 67 3300.179
32 68 5803.085
32 69 9085.206
32 70 2875.257
32 71 6456.771
32 72 8216.179
32 73 7575.463
32 74 9128.010
32 75 2251.789
32 76 6414.905
32 77 975.659
32 78 7571.766
32 79 7888.249
32 80 2285.144
32 81 1310.574
32 82 8062.310
32 83 8728.304
32 84 3426.363
32 85 4326.315
32 86 5842.329
32 87 7224.036
32 88 4894.617
32 89 1460.458
32 90 2733.393
32 91 9780.184
32 92 4804.288
32 93 5103.489
32 94 5651.580
32 95 9260.874
32 96 6670.797
32 97 2746.172
32 98 7534.709
32 99 3777.639
32 100 983.459
33 0 3222.200
33 1 5185.448
33 2 6442.415
33 3 3319.151
33 4 7957.467
33 5 8624.980
33 6 2685.385
33 7 7084.891
33 8 3834.607
33 9 4847.349
33 10 2515.027
33 11 5915.663
33 12 8314.625
33 13 5387.634
33 14 5454.040
33 15 2271.101
33 16 3041.053
33 17 4509.504
33 18 6517.540
33 19 3257.453
33 20 4463.351
33 21 7726.009
33 22 7989.233
33 23 5816.914
33 24 3357.167
33 25 3395.091
33 26 2846.609
33 27 4189.274
33 28 8547.879
33 29 4478.102
33 30 2168.368
33 31 4070.017
33 32 2371.439
33 33 0.000
33 34 1483.672
33 35 1812.041
33 36 4649.790
33 37 1069.257
33 38 2941.443
33 39 6174.265
33 40 2941.180
33 41 2783.267
33 42 6394.190
33 43 6090.755
33 44 1002.265
33 45 3586.943
33 46 7127.696
33 47 7545.314
33 48 4182.562
33 49 2038.744
33 50 5983.574
33 51 5247.136
33 52 7170.237
33 53 2590.950
33 54 9164.716
33 55 6657.229
33 56 8225.996
33 57 8388.453
33 58 2650.035
33 59 2115.273
33 60 5141.952
33 61 6324.826
33 62 7519.342
33 63 3644.989
33 64 7827.362
33 65 5109.671
33 66 4786.984
33 67 5669.919
33 68 4524.026
33 69 7936.420
33 70 2594.388
33 71 7811.041
33 72 6515.220
33 73 7091.367
33 74 7737.458
33 75 3693.060
33 76 6323.186
33 77 2508.909
33 78 8772.011
33 79 6863.142
33 80 1649.525
33 81 3012.923
33 82 6496.823
33 83 7965.763
33 84 5097.855
33 85 5164.225
33 86 5852.584
33 87 5613.543
33 88 6243.510
33 89 2053.938
33 90 4847.233
33 91 8647.466
33 92 3547.541
33 93 4530.702
33 94 6527.731
33 95 8382.984
33 96 6921.186
33 97 1617.161
33 98 6877.409
33 99 3140.782
33 100 3339.869
34 0 2341.239
34 1 3780.919
34 2 6270.741
34 3 3725.611
34 4 7219.050
34 5 7360.959
34 6 2325.175
34 7 7080.638
34 8 2879.686
34 9 3527.280
34 10 3476.210
34 11 5427.722
34 12 7266.032
34 13 4711.791
34 14 5060.190
34 15 2664.215
34 16 3832.431
34 17 3030.077
34 18 6176.995
34 19 1941.653
34 20 3472.823
34 21 7422.359
34 22 7368.994
34 23 5667.710
34 24 3061.528
34 25 2364.036
34 26 2128.703
34 27 2770.228
34 28 8525.733
34 29 3060.708
34 30 2165.939
34 31 3827.590
34 32 1393.191
34 33 1483.672
34 34 0.000
34 35 2126.416
34 36 3464.308
34 37 860.877
34 38 2465.513
34 39 4691.226
34 40 1795.800
34 41 2829.059
34 42 6467.871
34 43 5480.470
34 44 1473.281
34 45 3057.539
34 46 6254.204
34 47 6329.032
34 48 2830.323
34 49 1831.173
34 50 4801.327
34 51 4066.819
34 52 7357.976
34 53 1330.222
34 54 7847.235
34 55 5441.568
34 56 6874.091
34 57 7244.321
34 58 1222.597
34 59 2920.558
34 60 3728.716
34 61 5204.475
34 62 6551.720
34 63 3010.158
34 64 6724.765
34 65 4173.875
34 66 4496.390
34 67 4474.416
34 68 4443.967
34 69 7776.649
34 70 1676.665
34 71 6384.733
34 72 6824.368
34 73 6459.961
34 74 7771.081
34 75 2211.977
34 76 5447.603
34 77 1083.484
34 78 7388.917
34 79 6602.208
34 80 909.444
34 81 1561.583
34 82 6679.165
34 83 7525.911
34 84 3614.867
34 85 3843.534
34 86 4912.264
34 87 5835.318
34 88 4805.960
34 89 585.956
34 90 4126.465
34 91 8478.970
34 92 3436.432
34 93 3911.494
34 94 5220.605
34 95 8026.222
34 96 5878.073
34 97 1352.993
34 98 6356.024
34 99 2516.796
34 100 2180.322
35 0 2102.578
35 1 4675.025
35 2 4633.687
35 3 1624.054
35 4 6349.581
35 5 7610.108
35 6 1158.333
35 7 5279.209
35 8 5003.805
35 9 5530.610
35 10 1582.452
35 11 4201.529
35 12 6985.671
35 13 3805.400
35 14 3708.341
35 15 541.114
35 16 1766.162
35 17 4657.627
35 18 4739.060
35 19 2794.974
35 20 3264.373
35 21 5931.279
35 22 6307.914
35 23 4007.992
35 24 1657.612
35 25 2428.173
35 26 4187.212
35 27 3827.905
35 28 6742.866
35 29 4940.858
35 30 3842.076
35 31 2303.326
35 32 3501.067
35 33 1812.041
35 34 2126.416
35 35 0.000
35 36 3710.355
35 37 1295.444
35 38 4435.132
35 39 6161.034
35 40 2273.284
35 41 979.785
35 42 4598.526
35 43 4439.264
35 44 843.503
35 45 5068.014
35 46 5646.593
35 47 6477.529
35 48 4821.746
35 49 688.094
35 50 4930.478
35 51 4242.313
35 52 5408.647
35 53 3441.640
35 54 8246.037
35 55 5624.172
35 56 7413.921
35 57 7182.782
35 58 2622.256
35 59 978.792
35 60 5589.808
35 61 5159.158
35 62 6119.954
35 63 2170.264
35 64 6579.600
35 65 3785.800
35 66 3017.671
35 67 6549.184
35 68 2714.296
35 69 6124.913
35 70 1750.736
35 71 7242.512
35 72 4799.742
35 73 5430.233
35 74 5938.900
35 75 3731.709
35 76 4870.789
35 77 3097.504
35 78 8029.771
35 79 5064.474
35 80 1373.706
35 81 3468.270
35 82 4730.039
35 83 6205.633
35 84 5049.650
35 85 4432.973
35 86 4487.483
35 87 3854.666
35 88 5786.123
35 89 2368.164
35 90 6218.787
35 91 6835.859
35 92 1756.417
35 93 2953.244
35 94 5676.646
35 95 6596.742
35 96 5627.350
35 97 855.417
35 98 5161.734
35 99 1750.372
35 100 4297.655
36 0 1608.147
36 1 1397.407
36 2 4612.573
36 3 4304.627
36 4 4186.094
36 5 3982.351
36 6 2634.550
36 7 5653.029
36 8 5021.966
36 9 4306.881
36 10 5185.735
36 11 3220.710
36 12 3829.052
36 13 2254.204
36 14 3204.592
36 15 3897.628
36 16 5093.838
36 17 2727.289
36 18 4141.395
36 19 1559.518
36 20 777.707
36 21 5259.260
36 22 4545.002
36 23 4215.538
36 24 2684.906
36 25 1302.733
36 26 4918.466
36 27 1408.595
36 28 6853.581
36 29 3509.090
36 30 5491.016
36 31 2963.210
36 32 4205.391
36 33 4649.790
36 34 3464.308
36 35 3710.355
36 36 0.000
36 37 3583.599
36 38 5409.674
36 39 3364.689
36 40 1713.315
36 41 3342.368
36 42 5341.900
36 43 2959.828
36 44 3916.446
36 45 5800.284
36 46 3057.358
36 47 2896.016
36 48 3808.879
36 49 3036.780
36 50 1341.755
36 51 603.710
36 52 6329.464
36 53 3706.757
36 54 4564.464
36 55 2007.454
36 56 3704.040
36 57 3780.467
36 58 2356.156
36 59 4623.733
36 60 3857.135
36 61 1748.137
36 62 3202.233
36 63 1894.532
36 64 3265.998
36 65 1199.165
36 66 3135.162
36 67 5436.087
36 68 3614.968
36 69 5887.028
36 70 2090.382
36 71 3610.521
36 72 6175.231
36 73 3713.525
36 74 6321.638
36 75 2248.983
36 76 2326.522
36 77 3230.097
36 78 4321.673
36 79 4667.038
36 80 3002.083
36 81 3019.510
36 82 5762.587
36 83 5054.409
36 84 2526.363
36 85 853.817
36 86 1733.568
36 87 5207.484
36 88 2355.325
36 89 2960.510
36 90 6355.589
36 91 6487.246
36 92 3144.828
36 93 2022.063
36 94 1966.468
36 95 5676.474
36 96 2466.605
36 97 3185.338
36 98 3867.401
36 99 2053.452
36 100 4199.402
37 0 2165.410
37 1 4188.278
37 2 5691.289
37 3 2916.117
37 4 6966.301
37 5 7562.336
37 6 1774.298
37 7 6433.650
37 8 3717.149
37 9 4370.391
37 10 2621.052
37 11 5007.273
37 12 7253.076
37 13 4404.158
37 14 4583.224
37 15 1836.532
37 16 2972.659
37 17 3731.292
37 18 5680.133
37 19 2236.069
37 20 3401.035
37 21 6913.328
37 22 7039.130
37 23 5073.449
37 24 2499.978
37 25 2326.204
37 26 2893.531
37 27 3215.328
37 28 7892.408
37 29 3861.493
37 30 2650.677
37 31 3255.356
37 32 2208.463
37 33 1069.257
37 34 860.877
37 35 1295.444
37 36 3583.599
37 37 0.000
37 38 3159.376
37 39 5350.330
37 40 1880.430
37 41 2105.633
37 42 5786.966
37 43 5135.188
37 44 622.227
37 45 3784.881
37 46 6096.158
37 47 6478.113
37 48 3667.593
37 49 1166.227
37 50 4915.296
37 51 4179.475
37 52 6641.170
37 53 2191.052
37 54 8112.738
37 55 5590.668
37 56 7187.004
37 57 7319.529
37 58 1731.786
37 59 2060.068
37 60 4527.155
37 61 5255.997
37 62 6468.981
37 63 2654.314
37 64 6760.239
37 65 4057.912
37 66 3958.440
37 67 5333.857
37 68 3806.090
37 69 7199.931
37 70 1526.828
37 71 6819.411
37 72 6066.641
37 73 6133.482
37 74 7112.374
37 75 2846.416
37 76 5288.507
37 77 1913.845
37 78 7746.752
37 79 6067.505
37 80 581.523
37 81 2354.200
37 82 5960.726
37 83 7089.761
37 84 4246.132
37 85 4123.284
37 86 4802.909
37 87 5098.508
37 88 5270.126
37 89 1254.982
37 90 4923.426
37 91 7909.080
37 92 2794.376
37 93 3558.341
37 94 5477.400
37 95 7547.154
37 96 5858.661
37 97 667.364
37 98 5961.204
37 99 2142.710
37 100 3039.464
38 0 4685.667
38 1 5149.007
38 2 8734.054
38 3 6057.690
38 4 9470.463
38 5 8902.964
38 6 4790.663
38 7 9543.755
38 8 1294.243
38 9 2916.838
38 10 5451.919
38 11 7836.326
38 12 9203.116
38 13 7055.985
38 14 7498.746
38 15 4970.186
38 16 5948.999
38 17 3623.216
38 18 8617.989
38 19 3889.191
38 20 5652.708
38 21 9864.206
38 22 9693.044
38 23 8132.813
38 24 5526.834
38 25 4604.835
38 26 510.818
38 27 4241.683
38 28 10990.814
38 29 3057.906
38 30 963.059
38 31 6292.611
38 32 1220.343
38 33 2941.443
38 34 2465.513
38 35 4435.132
38 36 5409.674
38 37 3159.376
38 38 0.000
38 39 5112.446
38 40 4009.008
38 41 5254.660
38 42 8921.802
38 43 7839.599
38 44 3627.807
38 45 646.593
38 46 8417.992
38 47 8021.702
38 48 2555.258
38 49 4273.686
38 50 6643.217
38 51 5965.998
38 52 9794.650
38 53 1704.304
38 54 9227.123
38 55 7182.079
38 56 8187.610
38 57 9034.907
38 58 3113.579
38 59 5008.924
38 60 3542.919
38 61 7121.542
38 62 8611.491
38 63 5422.852
38 64 8601.298
38 65 6361.020
38 66 6955.726
38 67 3259.820
38 68 6906.448
38 69 10238.296
38 70 4061.232
38 71 7408.876
38 72 9225.583
38 73 8791.279
38 74 10232.334
38 75 3354.039
38 76 7634.254
38 77 2184.240
38 78 8562.302
38 79 9055.249
38 80 3373.627
38 81 2435.161
38 82 9114.377
38 83 9929.325
38 84 4345.300
38 85 5477.303
38 86 7060.255
38 87 8256.471
38 88 5889.808
38 89 2657.153
38 90 1923.053
38 91 10938.662
38 92 5896.215
38 93 6302.324
38 94 6767.434
38 95 10452.221
38 96 7870.771
38 97 3776.703
38 98 8740.430
38 99 4949.467
38 100 1519.842
39 0 4431.103
39 1 1977.294
39 2 7959.838
39 3 7275.521
39 4 6908.114
39 5 4538.875
39 6 5421.812
39 7 9006.762
39 8 4025.887
39 9 2424.700
39 10 7742.136
39 11 6526.966
39 12 5643.859
39 13 5567.039
39 14 6561.981
39 15 6550.267
39 16 7857.020
39 17 1675.895
39 18 7442.121
39 19 3387.798
39 20 4134.530
39 21 8475.681
39 22 7439.392
39 23 7579.681
39 24 5770.737
39 25 4051.709
39 26 4642.752
39 27 2396.014
39 28 10155.222
39 29 2054.579
39 30 5743.021
39 31 6226.240
39 32 4342.622
39 33 6174.265
39 34 4691.226
39 35 6161.034
39 36 3364.689
39 37 5350.330
39 38 5112.446
39 39 0.000
39 40 3936.018
39 41 6215.260
39 42 8706.116
39 43 6190.836
39 44 5925.744
39 45 5123.088
39 46 5729.647
39 47 4115.077
39 48 2561.997
39 49 5507.680
39 50 3568.960
39 51 3411.369
39 52 9694.063
39 53 3848.460
39 54 4575.958
39 55 3629.948
39 56 3560.756
39 57 5145.715
39 58 3625.313
39 59 7137.482
39 60 1683.015
39 61 4050.788
39 62 5525.251
39 63 5059.132
39 64 5000.319
39 65 4477.562
39 66 6485.980
39 67 3118.670
39 68 6916.002
39 69 9162.396
39 70 4459.020
39 71 2520.819
39 72 9518.646
39 73 6750.576
39 74 9665.692
39 75 2504.350
39 76 5248.974
39 77 3716.618
39 78 3720.126
39 79 7969.891
39 80 4908.164
39 81 3206.359
39 82 9121.861
39 83 8147.594
39 84 1113.778
39 85 2603.499
39 86 4733.029
39 87 8532.396
39 88 1513.494
39 89 4136.486
39 90 4933.257
39 91 9715.979
39 92 6276.125
39 93 5378.708
39 94 2925.060
39 95 8796.349
39 96 4769.126
39 97 5358.425
39 98 7035.109
39 99 4992.011
39 100 3601.245
40 0 748.629
40 1 2415.593
40 2 4962.838
40 3 3368.202
40 4 5478.518
40 5 5683.825
40 6 1511.243
40 7 5898.035
40 8 3949.604
40 9 3815.957
40 10 3849.234
40 11 3880.618
40 12 5475.294
40 13 3053.535
40 14 3614.069
40 15 2620.448
40 16 3923.235
40 17 2578.396
40 18 4720.373
40 19 552.362
40 20 1685.709
40 21 5954.979
40 22 5684.050
40 23 4416.461
40 24 2017.610
40 25 596.516
40 26 3562.936
40 27 1562.179
40 28 7275.470
40 29 3082.600
40 30 3917.042
40 31 2672.801
40 32 2792.867
40 33 2941.180
40 34 1795.800
40 35 2273.284
40 36 1713.315
40 37 1880.430
40 38 4009.008
40 39 3936.018
40 40 0.000
40 41 2300.838
40 42 5396.330
40 43 3840.016
40 44 2274.838
40 45 4501.096
40 46 4474.513
40 47 4608.655
40 48 3151.986
40 49 1594.371
40 50 3053.489
40 51 2314.990
40 52 6362.198
40 53 2392.057
40 54 6233.675
40 55 3719.408
40 56 5318.640
40 57 5482.003
40 58 942.621
40 59 3249.314
40 60 3655.949
40 61 3427.356
40 62 4756.539
40 63 1555.698
40 64 4945.638
40 65 2393.362
40 66 3198.499
40 67 4946.976
40 68 3381.314
40 69 6421.798
40 70 527.488
40 71 5021.398
40 72 5990.956
40 73 4782.694
40 74 6598.698
40 75 1685.844
40 76 3672.533
40 77 1886.399
40 78 5893.706
40 79 5197.734
40 80 1301.360
40 81 1922.953
40 82 5712.385
40 83 5952.293
40 84 2840.569
40 85 2260.262
40 86 3124.489
40 87 4969.814
40 88 3525.343
40 89 1374.555
40 90 5309.221
40 91 7097.890
40 92 2519.498
40 93 2347.414
40 94 3600.250
40 95 6503.115
40 96 4084.734
40 97 1572.585
40 98 4751.939
40 99 1226.365
40 100 3105.726
41 0 1822.597
41 1 4515.936
41 2 3659.245
41 3 1067.468
41 4 5450.658
41 5 7049.554
41 6 793.755
41 7 4340.054
41 8 5674.860
41 9 5963.770
41 10 1918.789
41 11 3255.243
41 12 6245.881
41 13 2954.683
41 14 2746.916
41 15 715.212
41 16 1751.610
41 17 4867.804
41 18 3761.674
41 19 2852.427
41 20 2742.876
41 21 4951.516
41 22 5369.516
41 23 3033.857
41 24 808.147
41 25 2203.324
41 26 4954.023
41 27 3820.176
41 28 5802.472
41 29 5293.205
41 30 4742.127
41 31 1339.013
41 32 4220.008
41 33 2783.267
41 34 2829.059
41 35 979.785
41 36 3342.368
41 37 2105.633
41 38 5254.660
41 39 6215.260
41 40 2300.838
41 41 0.000
41 42 3682.540
41 43 3529.663
41 44 1791.841
41 45 5869.723
41 46 4830.789
41 47 5906.260
41 48 5263.995
41 49 1001.430
41 50 4414.502
41 51 3792.267
41 52 4539.994
41 53 4059.629
41 54 7732.190
41 55 5096.780
41 56 6977.058
41 57 6514.663
41 58 2952.469
41 59 1451.387
41 60 5905.968
41 61 4560.432
41 62 5348.724
41 63 1527.347
41 64 5895.255
41 65 3132.053
41 66 2046.772
41 67 7045.777
41 68 1741.988
41 69 5155.962
41 70 1805.985
41 71 6951.866
41 72 3996.322
41 73 4506.757
41 74 5012.471
41 75 3954.465
41 76 4087.287
41 77 3641.845
41 78 7622.118
41 79 4084.996
41 80 1941.871
41 81 3917.965
41 82 3859.756
41 83 5232.665
41 84 5133.387
41 85 4151.939
41 86 3774.600
41 87 3007.344
41 88 5604.765
41 89 2902.579
41 90 6952.630
41 91 5867.174
41 92 779.685
41 93 2136.241
41 94 5262.052
41 95 5617.361
41 96 4932.140
41 97 1481.273
41 98 4209.936
41 99 1296.589
41 100 4906.650
42 0 4660.362
42 1 6736.573
42 2 1060.552
42 3 3135.755
42 4 4099.540
42 5 7464.616
42 6 4163.533
42 7 745.449
42 8 9225.687
42 9 9198.529
42 10 4473.451
42 11 2432.621
42 12 5893.427
42 13 3255.960
42 14 2190.234
42 15 4124.407
42 16 3851.652
42 17 7809.186
42 18 1793.040
42 19 5850.852
42 20 4572.650
42 21 2119.222
42 22 3574.207
42 23 1146.909
42 24 3456.083
42 25 4956.270
42 26 8594.249
42 27 6506.351
42 28 2169.845
42 29 8438.437
42 30 8422.639
42 31 2729.942
42 32 7837.793
42 33 6394.190
42 34 6467.871
42 35 4598.526
42 36 5341.900
42 37 5786.966
42 38 8921.802
42 39 8706.116
42 40 5396.330
42 41 3682.540
42 42 0.000
42 43 2934.062
42 44 5441.134
42 45 9525.027
42 46 4375.587
42 47 6479.342
42 48 8546.774
42 49 4648.296
42 50 5590.374
42 51 5395.821
42 52 990.167
42 53 7600.877
42 54 8255.007
42 55 6039.077
42 56 7912.868
42 57 6505.273
42 58 6283.598
42 59 4483.356
42 60 8950.839
42 61 5362.907
42 62 5024.506
42 63 3863.885
42 64 5929.292
42 65 4303.631
42 66 2251.615
42 67 10337.893
42 68 2043.081
42 69 1818.312
42 70 5078.904
42 71 8408.400
42 72 1075.308
42 73 3215.606
42 74 1344.200
42 75 7018.114
42 76 4142.748
42 77 7133.500
42 78 8583.870
42 79 1517.658
42 80 5559.784
42 81 7292.352
42 82 503.878
42 83 2794.468
42 84 7804.210
42 85 6140.891
42 86 4360.026
42 87 936.577
42 88 7578.535
42 89 6430.663
42 90 10548.377
42 91 2461.813
42 92 3033.654
42 93 3333.410
42 94 6581.729
42 95 2767.688
42 96 5165.207
42 97 5147.468
42 98 2654.109
42 99 4185.133
42 100 8411.583
43 0 3157.850
43 1 4237.334
43 2 1946.008
43 3 3855.855
43 4 1921.986
43 5 4555.535
43 6 3405.679
43 7 2976.109
43 8 7738.931
43 9 7237.401
43 10 5270.810
43 11 520.764
43 12 3136.532
43 13 787.391
43 14 1006.895
43 15 4238.871
43 16 4844.383
43 17 5679.352
43 18 1292.959
43 19 4079.472
43 20 2343.334
43 21 2302.893
43 22 1903.943
43 23 1854.184
43 24 2781.774
43 25 3251.374
43 26 7401.995
43 27 4342.334
43 28 3973.628
43 29 6439.078
43 30 7644.885
43 31 2231.348
43 32 6629.166
43 33 6090.755
43 34 5480.470
43 35 4439.264
43 36 2959.828
43 37 5135.188
43 38 7839.599
43 39 6190.836
43 40 3840.016
43 41 3529.663
43 42 2934.062
43 43 0.000
43 44 5108.392
43 45 8341.111
43 46 1566.131
43 47 3546.184
43 48 6690.127
43 49 4052.528
43 50 2772.497
43 51 2780.333
43 52 3826.160
43 53 6227.805
43 54 5342.414
43 55 3136.471
43 56 4980.289
43 57 3658.217
43 58 4770.304
43 59 4932.959
43 60 6815.770
43 61 2467.851
43 62 2209.850
43 63 2489.003
43 64 3052.023
43 65 1761.604
43 66 1644.885
43 67 8377.325
43 68 2287.658
43 69 2972.289
43 70 3806.720
43 71 5526.692
43 72 3972.363
43 73 1000.661
43 74 3565.772
43 75 5092.939
43 76 1209.322
43 77 5721.341
43 78 5650.189
43 79 1808.967
43 80 4663.825
43 81 5680.975
43 82 3431.733
43 83 2135.281
43 84 5468.618
43 85 3596.022
43 86 1512.561
43 87 3258.012
43 88 4884.617
43 89 5184.053
43 90 9100.015
43 91 3537.823
43 92 2797.528
43 93 1579.726
43 94 3732.358
43 95 2731.767
43 96 2235.178
43 97 4493.134
43 98 927.285
43 99 2999.545
43 100 6892.110
44 0 2379.753
44 1 4662.304
44 2 5449.280
44 3 2440.057
44 4 6990.288
44 5 7892.706
44 6 1706.347
44 7 6118.170
44 8 4288.631
44 9 4991.914
44 10 2002.935
44 11 4919.526
44 12 7447.715
44 13 4421.828
44 14 4453.139
44 15 1355.161
44 16 2383.275
44 17 4327.194
44 18 5515.353
44 19 2706.660
44 20 3620.256
44 21 6725.445
44 22 7001.942
44 23 4824.352
44 24 2358.252
44 25 2618.692
44 26 3413.953
44 27 3721.509
44 28 7581.861
44 29 4481.086
44 30 3002.108
44 31 3067.792
44 32 2772.868
44 33 1002.265
44 34 1473.281
44 35 843.503
44 36 3916.446
44 37 622.227
44 38 3627.807
44 39 5925.744
44 40 2274.838
44 41 1791.841
44 42 5441.134
44 43 5108.392
44 44 0.000
44 45 4267.403
44 46 6200.127
44 47 6784.379
44 48 4289.616
44 49 1062.665
44 50 5218.004
44 51 4494.390
44 52 6250.651
44 53 2799.183
44 54 8478.559
44 55 5905.868
44 56 7585.294
44 57 7572.189
44 58 2300.681
44 59 1455.092
44 60 5145.919
44 61 5514.545
44 62 6622.637
44 63 2696.269
44 64 6991.448
44 65 4227.408
44 66 3784.726
44 67 5947.028
44 68 3533.687
44 69 6947.736
44 70 1827.352
44 71 7285.959
44 72 5632.251
44 73 6108.158
44 74 6780.619
44 75 3428.106
44 76 5402.674
44 77 2535.799
44 78 8167.416
44 79 5863.842
44 80 1031.811
44 81 2974.488
44 82 5572.489
44 83 6964.232
44 84 4815.799
44 85 4533.741
44 86 4960.883
44 87 4695.661
44 88 5760.899
44 89 1869.952
44 90 5452.518
44 91 7658.950
44 92 2548.578
44 93 3562.137
44 94 5857.180
44 95 7381.096
44 96 6062.663
44 97 733.935
44 98 5881.814
44 99 2206.194
44 100 3640.485
45 0 5203.327
45 1 5399.720
45 2 9306.808
45 3 6691.764
45 4 9919.762
45 5 9130.270
45 6 5377.588
45 7 10136.155
45 8 1104.936
45 9 2785.857
45 10 6098.310
45 11 8363.050
45 12 9545.216
45 13 7554.504
45 14 8045.720
45 15 5604.956
45 16 6595.043
45 17 3763.338
45 18 9164.677
45 19 4323.930
45 20 6105.410
45 21 10409.792
45 22 10172.029
45 23 8711.755
45 24 6109.446
45 25 5091.671
45 26 947.371
45 27 4553.332
45 28 11577.199
45 29 3093.749
45 30 1541.076
45 31 6872.823
45 32 1725.422
45 33 3586.943
45 34 3057.539
45 35 5068.014
45 36 5800.284
45 37 3784.881
45 38 646.593
45 39 5123.088
45 40 4501.096
45 41 5869.723
45 42 9525.027
45 43 8341.111
45 44 4267.403
45 45 0.000
45 46 8840.155
45 47 8301.616
45 48 2578.718
45 49 4881.193
45 50 6983.720
45 51 6333.486
45 52 10408.236
45 53 2123.484
45 54 9405.380
45 55 7486.262
45 56 8359.732
45 57 9333.377
45 58 3577.671
45 59 5654.734
45 60 3479.457
45 61 7477.088
45 62 8997.215
45 63 5961.845
45 64 8929.443
45 65 6807.640
45 66 7523.540
45 67 2902.071
45 68 7500.527
45 69 10806.469
45 70 4600.669
45 71 7515.243
45 72 9850.677
45 73 9276.540
45 74 10827.805
45 75 3647.688
45 76 8069.647
45 77 2627.472
45 78 8691.319
45 79 9612.568
45 80 3966.638
45 81 2782.489
45 82 9728.431
45 83 10448.031
45 84 4472.011
45 85 5785.319
45 86 7487.332
45 87 8875.464
45 88 6045.626
45 89 3185.821
45 90 1303.321
45 91 11502.991
45 92 6493.948
45 93 6825.759
45 94 7024.941
45 95 10984.701
45 96 8241.115
45 97 4388.879
45 98 9251.311
45 99 5501.816
45 100 1676.867
46 0 3948.116
46 1 3962.109
46 2 3326.532
46 3 5320.615
46 4 1186.240
46 5 3114.246
46 6 4518.954
46 7 4259.373
46 8 8079.158
46 9 7259.473
46 10 6677.224
46 11 2074.955
46 12 1570.590
46 13 1883.698
46 14 2568.651
46 15 5544.504
46 16 6305.101
46 17 5657.363
46 18 2596.167
46 19 4528.899
46 20 2789.207
46 21 3117.695
46 22 1729.340
46 23 3374.242
46 24 4030.966
46 25 3891.369
46 26 7939.257
46 27 4425.045
46 28 4931.217
46 29 6476.198
46 30 8391.510
46 31 3639.913
46 32 7200.407
46 33 7127.696
46 34 6254.204
46 35 5646.593
46 36 3057.358
46 37 6096.158
46 38 8417.992
46 39 5729.647
46 40 4474.513
46 41 4830.789
46 42 4375.587
46 43 1566.131
46 44 6200.127
46 45 8840.155
46 46 0.000
46 47 2255.115
46 48 6825.925
46 49 5143.749
46 50 2177.598
46 51 2600.051
46 52 5178.658
46 53 6727.601
46 54 3904.684
46 55 2184.670
46 56 3720.499
46 57 2130.453
46 58 5310.112
46 59 6277.165
46 60 6712.541
46 61 1679.102
46 62 653.153
46 63 3506.658
46 64 1561.423
46 65 2081.660
46 66 3155.794
46 67 8347.984
46 68 3819.689
46 69 3915.571
46 70 4616.036
46 71 4482.442
46 72 5442.905
46 73 1277.554
46 74 4734.530
46 75 5299.999
46 76 809.346
46 77 6235.111
46 78 4356.556
46 79 3010.038
46 80 5558.022
46 81 6067.868
46 82 4879.465
46 83 2579.369
46 84 5261.257
46 85 3351.609
46 86 1358.270
46 87 4800.747
46 88 4261.998
46 89 5843.670
46 90 9408.942
46 91 4291.367
46 92 4173.240
46 93 2701.517
46 94 2895.352
46 95 3224.954
46 96 1022.003
46 97 5512.642
46 98 1792.818
46 99 3995.127
46 100 7255.908
47 0 4415.576
47 1 2908.414
47 2 5468.322
47 3 6682.483
47 4 3226.471
47 5 1143.512
47 6 5333.465
47 7 6456.185
47 8 7356.112
47 9 6152.236
47 10 7823.374
47 11 4056.516
47 12 1546.917
47 13 3422.916
47 14 4422.263
47 15 6559.720
47 16 7601.775
47 17 4648.075
47 18 4761.274
47 19 4389.547
47 20 3213.415
47 21 5372.688
47 22 3885.105
47 23 5389.723
47 24 5125.345
47 25 4169.543
47 26 7512.401
47 27 3782.965
47 28 7186.324
47 29 5456.679
47 30 8254.451
47 31 5043.243
47 32 6880.052
47 33 7545.314
47 34 6329.032
47 35 6477.529
47 36 2896.016
47 37 6478.113
47 38 8021.702
47 39 4115.077
47 40 4608.655
47 41 5906.260
47 42 6479.342
47 43 3546.184
47 44 6784.379
47 45 8301.616
47 46 2255.115
47 47 0.000
47 48 5910.800
47 49 5838.674
47 50 1566.775
47 51 2298.829
47 52 7348.243
47 53 6343.878
47 54 1867.010
47 55 889.721
47 56 1467.110
47 57 1060.096
47 58 5158.519
47 59 7312.626
47 60 5480.019
47 61 1349.180
47 62 1743.294
47 63 4383.037
47 64 935.965
47 65 2787.272
47 66 4808.608
47 67 7104.068
47 68 5464.874
47 69 6170.274
47 70 4970.912
47 71 2305.685
47 72 7516.354
47 73 3529.666
47 74 6968.435
47 75 4669.385
47 76 2341.625
47 77 5923.309
47 78 2117.549
47 79 5218.391
47 80 5896.659
47 81 5590.391
47 82 6977.851
47 83 4811.338
47 84 4045.516
47 85 2554.141
47 86 2282.294
47 87 6750.511
47 88 2616.959
47 89 5793.911
47 90 8568.515
47 91 6535.229
47 92 5452.977
47 93 3929.125
47 94 1298.290
47 95 5444.699
47 96 1317.435
47 97 6050.445
47 98 4020.709
47 99 4732.449
47 100 6626.872
48 0 3887.255
48 1 3022.541
48 2 8065.361
48 3 6293.496
48 4 7981.533
48 5 6645.824
48 6 4540.924
48 7 9030.715
48 8 1507.274
48 9 708.867
48 10 6284.599
48 11 6850.843
48 12 7273.092
48 13 5924.893
48 14 6675.341
48 15 5325.346
48 16 6583.453
48 17 1263.312
48 18 7743.458
48 19 2711.731
48 20 4346.883
48 21 8941.175
48 22 8353.509
48 23 7544.465
48 24 5149.359
48 25 3614.111
48 26 2101.062
48 27 2406.311
48 28 10377.763
48 29 515.059
48 30 3253.077
48 31 5824.716
48 32 1957.797
48 33 4182.562
48 34 2830.323
48 35 4821.746
48 36 3808.879
48 37 3667.593
48 38 2555.258
48 39 2561.997
48 40 3151.986
48 41 5263.995
48 42 8546.774
48 43 6690.127
48 44 4289.616
48 45 2578.718
48 46 6825.925
48 47 5910.800
48 48 0.000
48 49 4320.534
48 50 4766.237
48 51 4226.619
48 52 9514.179
48 53 1595.620
48 54 6866.603
48 55 5161.652
48 56 5819.869
48 57 6965.667
48 58 2319.237
48 59 5708.630
48 60 1031.967
48 61 5286.221
48 62 6856.765
48 63 4689.765
48 64 6632.901
48 65 4973.172
48 66 6330.884
48 67 1797.789
48 68 6532.017
48 69 9481.929
48 70 3523.870
48 71 4940.614
48 72 9128.478
48 73 7511.313
48 74 9729.755
48 75 1598.387
48 76 6129.852
48 77 1753.830
48 78 6122.975
48 79 8246.728
48 80 3448.860
48 81 1357.221
48 82 8863.375
48 83 8819.811
48 84 1927.499
48 85 3529.431
48 86 5538.047
48 87 8107.494
48 88 3506.658
48 89 2455.982
48 90 2659.411
48 91 10132.965
48 92 5636.866
48 93 5381.048
48 94 4613.252
48 95 9421.174
48 96 6072.054
48 97 3969.258
48 98 7615.778
48 99 4374.015
48 100 1067.973
49 0 1434.378
49 1 3988.262
49 2 4525.144
49 3 1976.114
49 4 5928.409
49 5 6964.657
49 6 646.851
49 7 5280.191
49 8 4674.519
49 9 5026.338
49 10 2255.010
49 11 3883.153
49 12 6420.364
49 13 3359.433
49 14 3437.502
49 15 1051.019
49 16 2359.837
49 17 4045.520
49 18 4524.206
49 19 2126.601
49 20 2634.380
49 21 5752.765
49 22 5950.496
49 23 3907.856
49 24 1341.958
49 25 1745.777
49 26 3959.028
49 27 3154.675
49 28 6735.560
49 29 4390.983
49 30 3815.122
49 31 2090.660
49 32 3219.894
49 33 2038.744
49 34 1831.173
49 35 688.094
49 36 3036.780
49 37 1166.227
49 38 4273.686
49 39 5507.680
49 40 1594.371
49 41 1001.430
49 42 4648.296
49 43 4052.528
49 44 1062.665
49 45 4881.193
49 46 5143.749
49 47 5838.674
49 48 4320.534
49 49 0.000
49 50 4281.920
49 51 3581.270
49 52 5528.090
49 53 3062.613
49 54 7586.804
49 55 4975.386
49 56 6740.510
49 57 6578.896
49 58 2044.043
49 59 1656.526
49 60 5024.943
49 61 4536.377
49 62 5579.677
49 63 1637.284
49 64 5985.926
49 65 3201.583
49 66 2797.567
49 67 6086.224
49 68 2646.390
49 69 6033.913
49 70 1068.359
49 71 6555.070
49 72 4997.324
49 73 5053.031
49 74 5963.924
49 75 3118.812
49 76 4349.987
49 77 2657.138
49 78 7351.320
49 79 4903.665
49 80 940.764
49 81 2964.923
49 82 4848.830
49 83 5949.539
49 84 4400.382
49 85 3747.089
49 86 3924.920
49 87 4004.535
49 88 5099.205
49 89 1915.123
49 90 5951.830
49 91 6742.923
49 92 1633.194
49 93 2499.943
49 94 5002.866
49 95 6392.512
49 96 5044.594
49 97 503.605
49 98 4843.450
49 99 1159.540
49 100 3912.830
50 0 2853.385
50 1 1803.123
50 2 4684.798
50 3 5262.568
50 4 3363.547
50 5 2682.831
50 6 3798.254
50 7 5732.055
50 8 6118.015
50 9 5140.162
50 10 6319.830
50 11 3201.897
50 12 2562.316
50 13 2339.632
50 14 3409.483
50 15 5042.526
50 16 6142.347
50 17 3547.494
50 18 4065.021
50 19 2876.714
50 20 1679.474
50 21 4977.599
50 22 3871.823
50 23 4447.383
50 24 3661.237
50 25 2602.828
50 26 6141.004
50 27 2435.580
50 28 6725.009
50 29 4375.043
50 30 6792.318
50 31 3700.539
50 32 5462.479
50 33 5983.574
50 34 4801.327
50 35 4930.478
50 36 1341.755
50 37 4915.296
50 38 6643.217
50 39 3568.960
50 40 3053.489
50 41 4414.502
50 42 5590.374
50 43 2772.497
50 44 5218.004
50 45 6983.720
50 46 2177.598
50 47 1566.775
50 48 4766.237
50 49 4281.920
50 50 0.000
50 51 738.561
50 52 6537.480
50 53 4942.342
50 54 3324.422
50 55 693.785
50 56 2585.952
50 57 2444.797
50 58 3664.467
50 59 5790.572
50 60 4559.017
50 61 523.715
50 62 2096.912
50 63 2888.243
50 64 1960.759
50 65 1408.097
50 66 3616.670
50 67 6202.211
50 68 4225.588
50 69 5709.692
50 70 3404.546
50 71 2833.740
50 72 6552.764
50 73 3196.920
50 74 6337.286
50 75 3342.868
50 76 1699.239
50 77 4490.062
50 78 3251.076
50 79 4580.528
50 80 4334.164
50 81 4213.891
50 82 6063.487
50 83 4594.896
50 84 3097.368
50 85 1236.808
50 86 1260.223
50 87 5677.917
50 88 2149.919
50 89 4285.188
50 90 7404.106
50 91 6212.968
50 92 4039.226
50 93 2594.029
50 94 996.251
50 95 5246.929
50 96 1308.928
50 97 4484.090
50 98 3530.435
50 99 3196.558
50 100 5333.685
51 0 2147.126
51 1 1463.843
51 2 4578.481
51 3 4699.305
51 4 3765.196
51 5 3398.336
51 6 3131.179
51 7 5630.911
51 8 5512.193
51 9 4666.912
51 10 5674.663
51 11 3123.641
51 12 3246.108
51 13 2175.210
51 14 3211.719
51 15 4389.099
51 16 5538.181
51 17 3065.509
51 18 4034.154
51 19 2151.690
51 20 1062.038
51 21 5072.884
51 22 4186.951
51 23 4251.201
51 24 3077.536
51 25 1875.814
51 26 5469.051
51 27 1832.316
51 28 6744.786
51 29 3879.288
51 30 6078.635
51 31 3231.736
51 32 4771.566
51 33 5247.136
51 34 4066.819
51 35 4242.313
51 36 603.710
51 37 4179.475
51 38 5965.998
51 39 3411.369
51 40 2314.990
51 41 3792.267
51 42 5395.821
51 43 2780.333
51 44 4494.390
51 45 6333.486
51 46 2600.051
51 47 2298.829
51 48 4226.619
51 49 3581.270
51 50 738.561
51 51 0.000
51 52 6370.754
51 53 4261.769
51 54 4005.576
51 55 1413.382
51 56 3189.798
51 57 3177.513
51 58 2944.971
51 59 5128.774
51 60 4149.707
51 61 1160.129
51 62 2668.541
51 63 2285.686
51 64 2670.535
51 65 1094.029
51 66 3275.937
51 67 5769.886
51 68 3827.340
51 69 5751.137
51 70 2674.360
51 71 3230.266
51 72 6294.792
51 73 3409.354
51 74 6274.862
51 75 2724.313
51 76 1941.567
51 77 3796.225
51 78 3829.982
51 79 4561.487
51 80 3598.093
51 81 3552.132
51 82 5843.842
51 83 4789.729
51 84 2733.682
51 85 819.983
51 86 1369.812
51 87 5365.476
51 88 2182.867
51 89 3557.669
51 90 6826.049
51 91 6312.181
51 92 3498.144
51 93 2181.044
51 94 1470.669
51 95 5429.253
51 96 1907.935
51 97 3761.074
51 98 3641.441
51 99 2534.014
51 100 4705.973
52 0 5631.865
52 1 7722.967
52 2 1882.326
52 3 3856.673
52 4 4736.295
52 5 8290.953
52 6 5081.691
52 7 947.662
52 8 10152.351
52 9 10171.668
52 10 5061.288
52 11 3347.354
52 12 6641.492
52 13 4215.555
52 14 3159.348
52 15 4905.829
52 16 4424.958
52 17 8794.854
52 18 2590.727
52 19 6826.475
52 20 5561.549
52 21 2478.251
52 22 4135.490
52 23 2120.874
52 24 4393.973
52 25 5935.423
52 26 9486.612
52 27 7495.190
52 28 1696.759
52 29 9416.186
52 30 9250.406
52 31 3689.731
52 32 8739.894
52 33 7170.237
52 34 7357.976
52 35 5408.647
52 36 6329.464
52 37 6641.170
52 38 9794.650
52 39 9694.063
52 40 6362.198
52 41 4539.994
52 42 990.167
52 43 3826.160
52 44 6250.651
52 45 10408.236
52 46 5178.658
52 47 7348.243
52 48 9514.179
52 49 5528.090
52 50 6537.480
52 51 6370.754
52 52 0.000
52 53 8526.192
52 54 9081.996
52 55 6957.722
52 56 8798.029
52 57 7291.110
52 58 7236.463
52 59 5166.564
52 60 9934.780
52 61 6284.423
52 62 5814.621
52 63 4840.920
52 64 6740.060
52 65 5277.052
52 66 3239.919
52 67 11308.117
52 68 2987.186
52 69 1866.961
52 70 6026.370
52 71 9340.252
52 72 831.172
52 73 3951.301
52 74 923.997
52 75 7996.265
52 76 5031.780
52 77 8067.752
52 78 9462.936
52 79 2181.937
52 80 6455.209
52 81 8245.408
52 82 680.446
52 83 3221.462
52 84 8794.344
52 85 7123.690
52 86 5293.498
52 87 1556.950
52 88 8552.081
52 89 7354.395
52 90 11462.720
52 91 2299.725
52 92 3946.118
52 93 4323.366
52 94 7523.302
52 95 2991.057
52 96 6030.833
52 97 6019.589
52 98 3398.681
52 99 5143.613
52 100 9347.312
53 0 3114.030
53 1 3509.720
53 2 7287.176
53 3 5014.124
53 4 7798.029
53 5 7260.329
53 6 3444.549
53 7 8168.070
53 8 1626.159
53 9 2257.547
53 10 4800.245
53 11 6270.144
53 12 7500.525
53 13 5440.498
53 14 5980.697
53 15 3973.638
53 16 5162.169
53 17 2199.920
53 18 7095.341
53 19 2202.818
53 20 3982.237
53 21 8335.809
53 22 8049.588
53 23 6710.983
53 24 4145.696
53 25 2976.442
53 26 1212.762
53 27 2561.736
53 28 9584.648
53 29 1939.775
53 30 1982.136
53 31 4890.867
53 32 546.606
53 33 2590.950
53 34 1330.222
53 35 3441.640
53 36 3706.757
53 37 2191.052
53 38 1704.304
53 39 3848.460
53 40 2392.057
53 41 4059.629
53 42 7600.877
53 43 6227.805
53 44 2799.183
53 45 2123.484
53 46 6727.601
53 47 6343.878
53 48 1595.620
53 49 3062.613
53 50 4942.342
53 51 4261.769
53 52 8526.192
53 53 0.000
53 54 7629.936
53 55 5493.287
53 56 6603.173
53 57 7345.726
53 58 1457.906
53 59 4250.100
53 60 2586.060
53 61 5417.868
53 62 6908.968
53 63 3896.216
53 64 6901.942
53 65 4685.594
53 66 5502.368
53 67 3149.716
53 68 5558.073
53 69 8771.150
53 70 2553.695
53 71 5917.219
53 72 8042.817
53 73 7155.743
53 74 8866.886
53 75 1705.520
53 76 5951.205
53 77 506.466
53 78 7027.564
53 79 7559.546
53 80 2125.333
53 81 764.303
53 82 7853.653
53 83 8344.252
53 84 2899.836
53 85 3791.686
53 86 5371.859
53 87 7036.536
53 88 4351.532
53 89 1171.809
53 90 2956.038
53 91 9458.081
53 92 4580.139
53 93 4733.963
53 94 5109.355
53 95 8893.341
53 96 6166.540
53 97 2627.738
53 98 7142.921
53 99 3466.294
53 100 856.550
54 0 6152.523
54 1 4130.517
54 2 7219.196
54 3 8538.242
54 4 4615.530
54 5 791.210
54 6 7121.397
54 7 8163.850
54 8 8370.890
54 9 6930.742
54 10 9642.392
54 11 5860.921
54 12 2591.966
54 13 5281.652
54 14 6258.882
54 15 8366.810
54 16 9445.790
54 17 5642.313
54 18 6494.385
54 19 5922.596
54 20 5003.859
54 21 6939.554
54 22 5305.014
54 23 7196.439
54 24 6964.167
54 25 5866.898
54 26 8718.559
54 27 5126.939
54 28 8738.713
54 29 6364.709
54 30 9601.932
54 31 6908.334
54 32 8176.521
54 33 9164.716
54 34 7847.235
54 35 8246.037
54 36 4564.464
54 37 8112.738
54 38 9227.123
54 39 4575.958
54 40 6233.675
54 41 7732.190
54 42 8255.007
54 43 5342.414
54 44 8478.559
54 45 9405.380
54 46 3904.684
54 47 1867.010
54 48 6866.603
54 49 7586.804
54 50 3324.422
54 51 4005.576
54 52 9081.996
54 53 7629.936
54 54 0.000
54 55 2636.109
54 56 1046.819
54 57 1856.073
54 58 6633.270
54 59 9114.941
54 60 6197.673
54 61 3203.654
54 62 3281.648
54 63 6204.873
54 64 2345.412
54 65 4638.047
54 66 6670.797
54 67 7693.355
54 68 7329.640
54 69 7748.184
54 70 6651.212
54 71 2084.734
54 72 9309.405
54 73 5161.063
54 74 8621.403
54 75 5925.491
54 76 4160.880
54 77 7272.377
54 78 984.835
54 79 6914.139
54 80 7534.987
54 81 6866.209
54 82 8757.628
54 83 6297.132
54 84 4941.539
54 85 4008.318
54 86 4148.139
54 87 8582.108
54 88 3362.160
54 89 7280.318
54 90 9442.610
54 91 8017.099
54 92 7308.407
54 93 5792.782
54 94 2637.099
54 95 6886.036
54 96 3116.871
54 97 7749.012
54 98 5695.131
54 99 6520.028
54 100 7744.586
55 0 3545.816
55 1 2139.244
55 2 5081.403
55 3 5923.041
55 4 3324.782
55 5 1989.924
55 6 4490.439
55 7 6110.767
55 8 6572.064
55 9 5463.532
55 10 7006.293
55 11 3612.107
55 12 2116.948
55 13 2840.068
55 14 3894.241
55 15 5731.659
55 16 6816.516
55 17 3909.173
55 18 4416.334
55 19 3503.709
55 20 2369.728
55 21 5205.704
55 22 3912.838
55 23 4911.320
55 24 4334.003
55 25 3288.145
55 26 6674.790
55 27 2941.297
55 28 6995.894
55 29 4732.384
55 30 7385.262
55 31 4328.530
55 32 6024.651
55 33 6657.229
55 34 5441.568
55 35 5624.172
55 36 2007.454
55 37 5590.668
55 38 7182.079
55 39 3629.948
55 40 3719.408
55 41 5096.780
55 42 6039.077
55 43 3136.471
55 44 5905.868
55 45 7486.262
55 46 2184.670
55 47 889.721
55 48 5161.652
55 49 4975.386
55 50 693.785
55 51 1413.382
55 52 6957.722
55 53 5493.287
55 54 2636.109
55 55 0.000
55 56 1953.820
55 57 1852.909
55 58 4277.565
55 59 6480.956
55 60 4828.952
55 61 676.750
55 62 1897.883
55 63 3569.451
55 64 1472.033
55 65 2032.127
55 66 4181.850
55 67 6472.070
55 68 4814.223
55 69 5973.413
55 70 4087.671
55 71 2393.504
55 72 7037.407
55 73 3366.761
55 74 6679.511
55 75 3840.592
55 76 1953.783
55 77 5061.162
55 78 2629.959
55 79 4911.896
55 80 5009.151
55 81 4747.041
55 82 6525.413
55 83 4738.948
55 84 3365.882
55 85 1705.084
55 86 1689.094
55 87 6204.375
55 88 2124.680
55 89 4910.030
55 90 7819.370
55 91 6419.863
55 92 4695.291
55 93 3212.417
55 94 719.012
55 95 5390.534
55 96 1171.406
55 97 5172.161
55 98 3780.106
55 99 3888.625
55 100 5818.160
56 0 5311.344
56 1 3120.430
56 2 6915.996
56 3 7847.467
56 4 4643.556
56 5 1073.968
56 6 6318.877
56 7 7914.405
56 8 7324.072
56 9 5891.928
56 10 8864.443
56 11 5481.564
56 12 2757.324
56 13 4774.433
56 14 5811.135
56 15 7578.504
56 16 8716.432
56 17 4596.441
56 18 6216.626
56 19 4970.175
56 20 4234.757
56 21 6836.953
56 22 5316.902
56 23 6805.869
56 24 6240.116
56 25 4999.734
56 26 7679.823
56 27 4127.309
56 28 8650.899
56 29 5318.423
56 30 8579.825
56 31 6276.990
56 32 7149.681
56 33 8225.996
56 34 6874.091
56 35 7413.921
56 36 3704.040
56 37 7187.004
56 38 8187.610
56 39 3560.756
56 40 5318.640
56 41 6977.058
56 42 7912.868
56 43 4980.289
56 44 7585.294
56 45 8359.732
56 46 3720.499
56 47 1467.110
56 48 5819.869
56 49 6740.510
56 50 2585.952
56 51 3189.798
56 52 8798.029
56 53 6603.173
56 54 1046.819
56 55 1953.820
56 56 0.000
56 57 2044.348
56 58 5653.887
56 59 8315.873
56 60 5161.833
56 61 2609.360
56 62 3181.979
56 63 5458.170
56 64 2285.188
56 65 3978.523
56 66 6131.830
56 67 6678.854
56 68 6767.591
56 69 7636.070
56 70 5763.192
56 71 1152.970
56 72 8936.203
56 73 4996.268
56 74 8433.990
56 75 4901.792
56 76 3770.969
56 77 6257.781
56 78 678.435
56 79 6680.668
56 80 6615.009
56 81 5840.726
56 82 8407.739
56 83 6262.779
56 84 3894.737
56 85 3063.768
56 86 3617.435
56 87 8134.365
56 88 2315.496
56 89 6300.075
56 90 8400.961
56 91 7990.057
56 92 6625.134
56 93 5162.918
56 94 1737.648
56 95 6889.108
56 96 2774.037
56 97 6863.428
56 98 5486.912
56 99 5723.371
56 100 6700.879
57 0 5193.249
57 1 3954.213
57 2 5453.472
57 3 7182.831
57 4 2759.523
57 5 1109.271
57 6 6024.928
57 7 6360.452
57 8 8402.401
57 9 7212.329
57 10 8427.183
57 11 4177.555
57 12 745.436
57 13 3761.713
57 14 4632.509
57 15 7200.554
57 16 8140.387
57 17 5703.808
57 18 4720.980
57 19 5321.195
57 20 3952.631
57 21 5091.664
57 22 3448.989
57 23 5496.372
57 24 5711.312
57 25 4993.369
57 26 8527.433
57 27 4793.711
57 28 6885.668
57 29 6514.895
57 30 9227.716
57 31 5499.208
57 32 7875.907
57 33 8388.453
57 34 7244.321
57 35 7182.782
57 36 3780.467
57 37 7319.529
57 38 9034.907
57 39 5145.715
57 40 5482.003
57 41 6514.663
57 42 6505.273
57 43 3658.217
57 44 7572.189
57 45 9333.377
57 46 2130.453
57 47 1060.096
57 48 6965.667
57 49 6578.896
57 50 2444.797
57 51 3177.513
57 52 7291.110
57 53 7345.726
57 54 1856.073
57 55 1852.909
57 56 2044.348
57 57 0.000
57 58 6106.617
57 59 7954.692
57 60 6538.670
57 61 2063.706
57 62 1481.056
57 63 5028.264
57 64 630.163
57 65 3400.614
57 66 5139.157
57 67 8159.556
57 68 5810.615
57 69 5900.229
57 70 5794.809
57 71 3113.430
57 72 7573.331
57 73 3344.625
57 74 6790.771
57 75 5690.803
57 76 2565.657
57 77 6910.141
57 78 2536.560
57 79 5111.563
57 80 6741.712
57 81 6599.923
57 82 7009.119
57 83 4441.752
57 84 5105.582
57 85 3557.667
57 86 2744.899
57 87 6914.702
57 88 3662.107
57 89 6729.833
57 90 9624.396
57 91 6161.031
57 92 5971.097
57 93 4425.504
57 94 2356.610
57 95 5030.472
57 96 1588.583
57 97 6842.146
57 98 3892.546
57 99 5435.260
57 100 7661.897
58 0 1682.764
58 1 2558.842
58 2 5891.859
58 3 3996.422
58 4 6357.291
58 5 6165.082
58 6 2221.771
58 7 6810.049
58 8 3008.388
58 9 3013.550
58 10 4175.730
58 11 4822.434
58 12 6185.166
58 13 3982.939
58 14 4554.085
58 15 3083.557
58 16 4380.278
58 17 2045.386
58 18 5662.295
58 19 797.456
58 20 2539.209
58 21 6897.558
58 22 6594.627
58 23 5334.762
58 24 2848.209
58 25 1519.271
58 26 2649.078
58 27 1549.743
58 28 8201.539
58 29 2348.907
58 30 3134.925
58 31 3553.756
58 32 1893.437
58 33 2650.035
58 34 1222.597
58 35 2622.256
58 36 2356.156
58 37 1731.786
58 38 3113.579
58 39 3625.313
58 40 942.621
58 41 2952.469
58 42 6283.598
58 43 4770.304
58 44 2300.681
58 45 3577.671
58 46 5310.112
58 47 5158.519
58 48 2319.237
58 49 2044.043
58 50 3664.467
58 51 2944.971
58 52 7236.463
58 53 1457.906
58 54 6633.270
58 55 4277.565
58 56 5653.887
58 57 6106.617
58 58 0.000
58 59 3574.995
58 60 2981.180
58 61 4102.246
58 62 5533.649
58 63 2483.275
58 64 5615.336
58 65 3247.499
58 66 4117.519
58 67 4112.591
58 68 4249.331
58 69 7358.798
58 70 1213.500
58 71 5169.836
58 72 6820.709
58 73 5698.989
58 74 7510.931
58 75 1130.386
58 76 4522.047
58 77 951.556
58 78 6166.339
58 79 6137.288
58 80 1293.348
58 81 1009.037
58 82 6576.275
58 83 6889.512
58 84 2516.946
58 85 2639.504
58 86 3951.848
58 87 5801.093
58 88 3596.067
58 89 647.057
58 90 4367.102
58 91 8037.556
58 92 3325.876
58 93 3290.013
58 94 4014.946
58 95 7444.314
58 96 4817.878
58 97 1777.875
58 98 5686.714
58 99 2099.728
58 100 2166.364
59 0 3021.416
59 1 5642.257
59 2 4741.330
59 3 1351.801
59 4 6853.291
59 5 8453.292
59 6 1997.597
59 7 5210.854
59 8 5738.796
59 9 6415.381
59 10 604.680
59 11 4611.362
59 12 7696.761
59 13 4396.605
59 14 4075.655
59 15 754.880
59 16 941.328
59 17 5618.134
59 18 4990.189
59 19 3773.651
59 20 4111.369
59 21 6099.878
59 22 6721.415
59 23 4130.550
59 24 2259.191
59 25 3367.805
59 26 4838.131
59 27 4806.140
59 28 6652.613
59 29 5862.528
59 30 4282.245
59 31 2703.205
59 32 4222.910
59 33 2115.273
59 34 2920.558
59 35 978.792
59 36 4623.733
59 37 2060.068
59 38 5008.924
59 39 7137.482
59 40 3249.314
59 41 1451.387
59 42 4483.356
59 43 4932.959
59 44 1455.092
59 45 5654.734
59 46 6277.165
59 47 7312.626
59 48 5708.630
59 49 1656.526
59 50 5790.572
59 51 5128.774
59 52 5166.564
59 53 4250.100
59 54 9114.941
59 55 6480.956
59 56 8315.873
59 57 7954.692
59 58 3574.995
59 59 0.000
59 60 6519.305
59 61 5974.656
59 62 6799.956
59 63 2935.376
59 64 7338.304
59 65 4560.380
59 66 3360.325
59 67 7393.706
59 68 2884.957
59 69 6165.763
59 70 2724.549
59 71 8190.457
59 72 4462.089
59 73 5887.191
59 74 5818.998
59 75 4694.789
59 76 5538.395
59 77 3960.657
59 78 8943.843
59 79 5230.578
59 80 2295.211
59 81 4369.279
59 82 4510.101
59 83 6477.817
59 84 6025.298
59 85 5375.767
59 86 5220.149
59 87 3627.662
59 88 6752.595
59 89 3257.603
59 90 6874.140
59 91 6865.696
59 92 2135.470
59 93 3587.117
59 94 6583.088
59 95 6788.569
59 96 6376.251
59 97 1797.291
59 98 5543.098
59 99 2596.641
59 100 5094.616
60 0 4334.823
60 1 2756.166
60 2 8364.607
60 3 6963.535
60 4 7894.241
60 5 6075.803
60 6 5140.174
60 7 9371.249
60 8 2374.817
60 9 742.658
60 10 7110.585
60 11 7048.206
60 12 6936.950
60 13 6090.039
60 14 6950.980
60 15 6063.507
60 16 7354.304
60 17 1150.470
60 18 7963.326
60 19 3137.962
60 20 4517.206
60 21 9110.987
60 22 8336.604
60 23 7890.264
60 24 5668.906
60 25 4005.919
60 26 3111.963
60 27 2490.775
60 28 10654.284
60 29 668.008
60 30 4279.671
60 31 6278.156
60 32 2983.838
60 33 5141.952
60 34 3728.716
60 35 5589.808
60 36 3857.135
60 37 4527.155
60 38 3542.919
60 39 1683.015
60 40 3655.949
60 41 5905.968
60 42 8950.839
60 43 6815.770
60 44 5145.919
60 45 3479.457
60 46 6712.541
60 47 5480.019
60 48 1031.967
60 49 5024.943
60 50 4559.017
60 51 4149.707
60 52 9934.780
60 53 2586.060
60 54 6197.673
60 55 4828.952
60 56 5161.833
60 57 6538.670
60 58 2981.180
60 59 6519.305
60 60 0.000
60 61 5080.767
60 62 6644.953
60 63 5101.045
60 64 6286.746
60 65 5056.276
60 66 6702.219
60 67 1645.986
60 68 6992.288
60 69 9713.841
60 70 4107.356
60 71 4180.945
60 72 9622.154
60 73 7546.112
60 74 10061.406
60 75 1970.294
60 76 6091.250
60 77 2648.668
60 78 5380.448
60 79 8482.456
60 80 4225.865
60 81 2174.340
60 82 9306.998
60 83 8906.248
60 84 1467.344
60 85 3362.507
60 86 5515.319
60 87 8603.858
60 88 2913.130
60 89 3276.964
60 90 3258.235
60 91 10332.380
60 92 6174.030
60 93 5670.448
60 94 4197.200
60 95 9532.411
60 96 5858.065
60 97 4736.076
60 98 7724.206
60 99 4869.531
60 100 2093.377
61 0 3134.809
61 1 2325.604
61 2 4410.383
61 3 5335.837
61 4 2861.020
61 5 2492.180
61 6 4007.255
61 7 5443.876
61 8 6626.791
61 9 5663.873
61 10 6478.623
61 11 2937.665
61 12 2085.999
61 13 2168.443
61 14 3218.620
61 15 5220.546
61 16 6252.607
61 17 4070.748
61 18 3753.464
61 19 3306.819
61 20 1902.143
61 21 4586.494
61 22 3393.692
61 23 4234.570
61 24 3776.698
61 25 2929.794
61 26 6622.534
61 27 2939.756
61 28 6361.827
61 29 4898.115
61 30 7236.903
61 31 3708.617
61 32 5930.514
61 33 6324.826
61 34 5204.475
61 35 5159.158
61 36 1748.137
61 37 5255.997
61 38 7121.542
61 39 4050.788
61 40 3427.356
61 41 4560.432
61 42 5362.907
61 43 2467.851
61 44 5514.545
61 45 7477.088
61 46 1679.102
61 47 1349.180
61 48 5286.221
61 49 4536.377
61 50 523.715
61 51 1160.129
61 52 6284.423
61 53 5417.868
61 54 3203.654
61 55 676.750
61 56 2609.360
61 57 2063.706
61 58 4102.246
61 59 5974.656
61 60 5080.767
61 61 0.000
61 62 1573.558
61 63 3040.720
61 64 1520.290
61 65 1438.187
61 66 3523.639
61 67 6724.623
61 68 4164.960
61 69 5340.862
61 70 3731.105
61 71 3058.966
61 72 6360.843
61 73 2768.916
61 74 6021.770
61 75 3845.181
61 76 1306.251
61 77 4955.477
61 78 3287.675
61 79 4255.034
61 80 4678.620
61 81 4700.079
61 82 5848.785
61 83 4159.806
61 84 3617.538
61 85 1757.533
61 86 1013.966
61 87 5532.360
61 88 2593.868
61 89 4708.339
61 90 7919.677
61 91 5812.240
61 92 4106.028
61 93 2591.493
61 94 1287.635
61 95 4813.141
61 96 786.216
61 97 4782.893
61 98 3147.958
61 99 3409.163
61 100 5835.277
62 0 4304.010
62 1 3894.155
62 2 3972.446
62 3 5899.873
62 4 1487.556
62 5 2495.058
62 6 4973.549
62 7 4888.347
62 8 8178.153
62 9 7236.486
62 10 7224.573
62 11 2723.178
62 12 935.422
62 13 2443.427
62 14 3205.677
62 15 6057.070
62 16 6878.481
62 17 5644.298
62 18 3240.152
62 19 4738.689
62 20 3086.724
62 21 3679.003
62 22 2141.955
62 23 4027.244
62 24 4541.904
62 25 4195.661
62 26 8120.654
62 27 4491.612
62 28 5490.004
62 29 6471.664
62 30 8654.189
62 31 4210.857
62 32 7404.164
62 33 7519.342
62 34 6551.720
62 35 6119.954
62 36 3202.233
62 37 6468.981
62 38 8611.491
62 39 5525.251
62 40 4756.539
62 41 5348.724
62 42 5024.506
62 43 2209.850
62 44 6622.637
62 45 8997.215
62 46 653.153
62 47 1743.294
62 48 6856.765
62 49 5579.677
62 50 2096.912
62 51 2668.541
62 52 5814.621
62 53 6908.968
62 54 3281.648
62 55 1897.883
62 56 3181.979
62 57 1481.056
62 58 5533.649
62 59 6799.956
62 60 6644.953
62 61 1573.558
62 62 0.000
62 63 3954.768
62 64 939.384
62 65 2411.070
62 66 3767.498
62 67 8290.383
62 68 4436.242
62 69 4485.292
62 70 4958.905
62 71 4035.262
62 72 6093.410
62 73 1879.460
62 74 5340.429
62 75 5390.758
62 76 1261.784
62 77 6429.947
62 78 3793.167
62 79 3638.359
62 80 5913.142
62 81 6214.727
62 82 5528.318
62 83 3081.751
62 84 5178.676
62 85 3330.184
62 86 1666.772
62 87 5452.859
62 88 4022.534
62 89 6103.158
62 90 9482.523
62 91 4810.179
62 92 4726.094
62 93 3213.053
62 94 2613.531
62 95 3707.497
62 96 788.418
62 97 5916.084
62 98 2418.281
62 99 4420.800
62 100 7374.509
63 0 807.513
63 1 3197.693
63 2 3409.052
63 3 2418.769
63 4 4315.991
63 5 5525.696
63 6 1018.781
63 7 4344.815
63 8 5487.459
63 9 5335.184
63 10 3440.862
63 11 2418.922
63 12 4815.408
63 13 1750.011
63 14 2086.089
63 15 2180.697
63 16 3258.264
63 17 3970.572
63 18 3203.748
63 19 1987.013
63 20 1225.736
63 21 4448.118
63 22 4391.190
63 23 2861.458
63 24 794.661
63 25 1095.609
63 26 5014.716
63 27 2718.101
63 28 5720.501
63 29 4575.366
63 30 5167.137
63 31 1185.864
63 32 4236.495
63 33 3644.989
63 34 3010.158
63 35 2170.264
63 36 1894.532
63 37 2654.314
63 38 5422.852
63 39 5059.132
63 40 1555.698
63 41 1527.347
63 42 3863.885
63 43 2489.003
63 44 2696.269
63 45 5961.845
63 46 3506.658
63 47 4383.037
63 48 4689.765
63 49 1637.284
63 50 2888.243
63 51 2285.686
63 52 4840.920
63 53 3896.216
63 54 6204.873
63 55 3569.451
63 56 5458.170
63 57 5028.264
63 58 2483.275
63 59 2935.376
63 60 5101.045
63 61 3040.720
63 62 3954.768
63 63 0.000
63 64 4418.241
63 65 1628.162
63 66 1644.022
63 67 6476.377
63 68 1897.003
63 69 4878.393
63 70 1362.294
63 71 5489.310
63 72 4530.558
63 73 3483.331
63 74 5045.103
63 75 3155.346
63 76 2715.488
63 77 3399.178
63 78 6108.930
63 79 3663.341
63 80 2175.176
63 81 3477.626
63 82 4206.488
63 83 4516.805
63 84 4054.293
63 85 2740.035
63 86 2317.397
63 87 3518.671
63 88 4234.020
63 89 2776.040
63 90 6841.624
63 91 5562.280
63 92 1254.024
63 93 909.409
63 94 3755.473
63 95 5029.425
63 96 3461.492
63 97 2029.648
63 98 3347.408
63 99 511.925
63 100 4648.640
64 0 4617.200
64 1 3610.924
64 2 4884.965
64 3 6553.679
64 4 2360.632
64 5 1556.841
64 6 5421.267
64 7 5819.073
64 8 8034.202
64 9 6931.492
64 10 7805.178
64 11 3572.618
64 12 650.608
64 13 3132.195
64 14 4015.499
64 15 6584.904
64 16 7512.767
64 17 5381.206
64 18 4156.352
64 19 4822.056
64 20 3372.609
64 21 4615.568
64 22 3039.302
64 23 4899.238
64 24 5090.356
64 25 4436.363
64 26 8097.683
64 27 4376.140
64 28 6424.541
64 29 6204.180
64 30 8747.929
64 31 4869.364
64 32 7423.188
64 33 7827.362
64 34 6724.765
64 35 6579.600
64 36 3265.998
64 37 6760.239
64 38 8601.298
64 39 5000.319
64 40 4945.638
64 41 5895.255
64 42 5929.292
64 43 3052.023
64 44 6991.448
64 45 8929.443
64 46 1561.423
64 47 935.965
64 48 6632.901
64 49 5985.926
64 50 1960.759
64 51 2670.535
64 52 6740.060
64 53 6901.942
64 54 2345.412
64 55 1472.033
64 56 2285.188
64 57 630.163
64 58 5615.336
64 59 7338.304
64 60 6286.746
64 61 1520.290
64 62 939.384
64 63 4418.241
64 64 0.000
64 65 2793.857
64 66 4511.697
64 67 7925.486
64 68 5182.932
64 69 5422.690
64 70 5233.440
64 71 3226.718
64 72 6991.991
64 73 2816.943
64 74 6279.059
64 75 5282.174
64 76 1938.345
64 77 6450.780
64 78 2871.705
64 79 4569.162
64 80 6185.824
64 81 6169.071
64 82 6432.969
64 83 4003.772
64 84 4829.106
64 85 3146.619
64 86 2121.703
64 87 6309.965
64 88 3489.176
64 89 6226.392
64 90 9289.731
64 91 5732.625
64 92 5343.552
64 93 3798.502
64 94 2099.228
64 95 4618.548
64 96 963.614
64 97 6264.593
64 98 3349.831
64 99 4836.139
64 100 7268.824
65 0 1893.157
65 1 2504.760
65 2 3489.551
65 3 3900.323
65 4 3112.447
65 5 3929.804
65 6 2627.479
65 7 4540.865
65 8 6109.922
65 9 5495.177
65 10 5050.715
65 11 2051.066
65 12 3220.858
65 13 1089.661
65 14 2117.818
65 15 3805.528
65 16 4814.555
65 17 3924.170
65 18 2969.572
65 19 2483.771
65 20 710.441
65 21 4063.132
65 22 3399.316
65 23 3158.162
65 24 2341.325
65 25 1810.144
65 26 5891.605
65 27 2594.367
65 28 5685.299
65 29 4696.493
65 30 6310.363
65 31 2298.471
65 32 5140.936
65 33 5109.671
65 34 4173.875
65 35 3785.800
65 36 1199.165
65 37 4057.912
65 38 6361.020
65 39 4477.562
65 40 2393.362
65 41 3132.053
65 42 4303.631
65 43 1761.604
65 44 4227.408
65 45 6807.640
65 46 2081.660
65 47 2787.272
65 48 4973.172
65 49 3201.583
65 50 1408.097
65 51 1094.029
65 52 5277.052
65 53 4685.594
65 54 4638.047
65 55 2032.127
65 56 3978.523
65 57 3400.614
65 58 3247.499
65 59 4560.380
65 60 5056.276
65 61 1438.187
65 62 2411.070
65 63 1628.162
65 64 2793.857
65 65 0.000
65 66 2225.677
65 67 6629.444
65 68 2820.085
65 69 4705.696
65 70 2551.671
65 71 4216.039
65 72 5216.223
65 73 2539.263
65 74 5190.866
65 75 3387.037
65 76 1279.737
65 77 4185.886
65 78 4649.753
65 79 3497.302
65 80 3503.697
65 81 4064.006
65 82 4755.608
65 83 3859.872
65 84 3710.683
65 85 1874.823
65 86 745.899
65 87 4306.247
65 88 3275.318
65 89 3764.590
65 90 7461.165
65 91 5294.359
65 92 2670.584
65 93 1186.695
65 94 2385.252
65 95 4478.494
65 96 1844.014
65 97 3512.281
65 98 2668.808
65 99 2045.756
65 100 5270.906
66 0 2451.253
66 1 4531.831
66 2 1785.921
66 3 2215.518
66 4 3528.941
66 5 5909.523
66 6 2192.685
66 7 2700.940
66 8 7110.163
66 9 6968.969
66 10 3651.111
66 11 1257.596
66 12 4702.766
66 13 1391.903
66 14 715.335
66 15 2718.177
66 16 3202.851
66 17 5558.779
66 18 1731.135
66 19 3622.056
66 20 2357.836
66 21 2955.295
66 22 3361.175
66 23 1218.072
66 24 1458.597
66 25 2721.256
66 26 6577.868
66 27 4255.295
66 28 4085.765
66 29 6200.350
66 30 6592.002
66 31 717.224
66 32 5803.441
66 33 4786.984
66 34 4496.390
66 35 3017.671
66 36 3135.162
66 37 3958.440
66 38 6955.726
66 39 6485.980
66 40 3198.499
66 41 2046.772
66 42 2251.615
66 43 1644.885
66 44 3784.726
66 45 7523.540
66 46 3155.794
66 47 4808.608
66 48 6330.884
66 49 2797.567
66 50 3616.670
66 51 3275.937
66 52 3239.919
66 53 5502.368
66 54 6670.797
66 55 4181.850
66 56 6131.830
66 57 5139.157
66 58 4117.519
66 59 3360.325
66 60 6702.219
66 61 3523.639
66 62 3767.498
66 63 1644.022
66 64 4511.697
66 65 2225.677
66 66 0.000
66 67 8113.122
66 68 671.658
66 69 3283.280
66 70 2948.687
66 71 6440.400
66 72 3040.329
66 73 2542.146
66 74 3401.102
66 75 4780.789
66 76 2573.544
66 77 5014.068
66 78 6809.680
66 79 2112.076
66 80 3599.960
66 81 5117.872
66 82 2639.509
66 83 3187.981
66 84 5559.269
66 85 3963.102
66 86 2529.297
66 87 2089.720
66 88 5440.609
66 89 4353.053
66 90 8457.112
66 91 3983.060
66 92 1268.375
66 93 1114.009
66 94 4605.921
66 95 3598.783
66 96 3590.311
66 97 3291.079
66 98 2183.752
66 99 2036.074
66 100 6277.131
67 0 5677.587
67 1 4399.114
67 2 9831.208
67 3 8062.335
67 4 9526.780
67 5 7640.308
67 6 6333.768
67 7 10809.494
67 8 1981.783
67 9 1148.691
67 10 7949.287
67 11 8574.582
67 12 8576.025
67 13 7630.318
67 14 8430.526
67 15 7067.053
67 16 8294.872
67 17 2712.091
67 18 9479.217
67 19 4491.214
67 20 6047.152
67 21 10656.149
67 22 9953.543
67 23 9322.699
67 24 6947.148
67 25 5392.089
67 26 3018.599
67 27 4035.998
67 28 12139.063
67 29 1941.137
67 30 4189.220
67 31 7619.567
67 32 3300.179
67 33 5669.919
67 34 4474.416
67 35 6549.184
67 36 5436.087
67 37 5333.857
67 38 3259.820
67 39 3118.670
67 40 4946.976
67 41 7045.777
67 42 10337.893
67 43 8377.325
67 44 5947.028
67 45 2902.071
67 46 8347.984
67 47 7104.068
67 48 1797.789
67 49 6086.224
67 50 6202.211
67 51 5769.886
67 52 11308.117
67 53 3149.716
67 54 7693.355
67 55 6472.070
67 56 6678.854
67 57 8159.556
67 58 4112.591
67 59 7393.706
67 60 1645.986
67 61 6724.623
67 62 8290.383
67 63 6476.377
67 64 7925.486
67 65 6629.444
67 66 8113.122
67 67 0.000
67 68 8328.086
67 69 11225.547
67 70 5320.591
67 71 5625.803
67 72 10926.224
67 73 9145.700
67 74 11506.967
67 75 3340.711
67 76 7709.393
67 77 3451.773
67 78 6818.369
67 79 9990.014
67 80 5187.524
67 81 3127.816
67 82 10659.315
67 83 10489.155
67 84 3113.322
67 85 4996.403
67 86 7127.312
67 87 9905.268
67 88 4507.433
67 89 4186.939
67 90 2107.402
67 91 11863.516
67 92 7434.088
67 93 7137.197
67 94 5830.828
67 95 11105.897
67 96 7503.177
67 97 5706.912
67 98 9295.686
67 99 6170.670
67 100 2334.203
68 0 2662.416
68 1 4996.280
68 2 1919.512
68 3 1635.778
68 4 4129.123
68 5 6572.392
68 6 2126.216
68 7 2637.347
68 8 7182.656
68 9 7196.357
68 10 3102.465
68 11 1853.411
68 12 5371.655
68 13 2058.522
68 14 1301.219
68 15 2325.797
68 16 2606.481
68 17 5866.341
68 18 2105.571
68 19 3862.051
68 20 2843.529
68 21 3238.437
68 22 3898.570
68 23 1293.823
68 24 1413.021
68 25 2987.812
68 26 6564.589
68 27 4609.097
68 28 4089.406
68 29 6451.470
68 30 6456.394
68 31 714.146
68 32 5803.085
68 33 4524.026
68 34 4443.967
68 35 2714.296
68 36 3614.968
68 37 3806.090
68 38 6906.448
68 39 6916.002
68 40 3381.314
68 41 1741.988
68 42 2043.081
68 43 2287.658
68 44 3533.687
68 45 7500.527
68 46 3819.689
68 47 5464.874
68 48 6532.017
68 49 2646.390
68 50 4225.588
68 51 3827.340
68 52 2987.186
68 53 5558.073
68 54 7329.640
68 55 4814.223
68 56 6767.591
68 57 5810.615
68 58 4249.331
68 59 2884.957
68 60 6992.288
68 61 4164.960
68 62 4436.242
68 63 1897.003
68 64 5182.932
68 65 2820.085
68 66 671.658
68 67 8328.086
68 68 0.000
68 69 3414.056
68 70 3040.183
68 71 7030.389
68 72 2633.566
68 73 3129.919
68 74 3327.278
68 75 5035.509
68 76 3244.961
68 77 5090.641
68 78 7444.181
68 79 2367.173
68 80 3534.524
68 81 5258.317
68 82 2331.359
68 83 3593.096
68 84 5939.471
68 85 4462.173
68 86 3182.746
68 87 1623.793
68 88 5957.715
68 89 4388.361
68 90 8507.236
68 91 4125.269
68 92 1013.255
68 93 1648.804
68 94 5204.691
68 95 3918.511
68 96 4258.662
68 97 3149.880
68 98 2714.249
68 99 2158.348
68 100 6369.070
69 0 5676.211
69 1 7203.065
69 2 1509.265
69 3 4817.658
69 4 3176.630
69 5 6970.498
69 6 5459.798
69 7 1103.592
69 8 10365.522
69 9 10077.329
69 10 6223.784
69 11 2668.113
69 12 5191.965
69 13 3633.076
69 14 2812.366
69 15 5707.168
69 16 5617.505
69 17 8565.843
69 18 1750.517
69 19 6783.617
69 20 5196.640
69 21 808.678
69 22 2506.508
69 23 2127.643
69 24 4720.654
69 25 5889.602
69 26 9860.432
69 27 7223.349
69 28 1022.659
69 29 9286.271
69 30 9848.280
69 31 3954.682
69 32 9085.206
69 33 7936.420
69 34 7776.649
69 35 6124.913
69 36 5887.028
69 37 7199.931
69 38 10238.296
69 39 9162.396
69 40 6421.798
69 41 5155.962
69 42 1818.312
69 43 2972.289
69 44 6947.736
69 45 10806.469
69 46 3915.571
69 47 6170.274
69 48 9481.929
69 49 6033.913
69 50 5709.692
69 51 5751.137
69 52 1866.961
69 53 8771.150
69 54 7748.184
69 55 5973.413
69 56 7636.070
69 57 5900.229
69 58 7358.798
69 59 6165.763
69 60 9713.841
69 61 5340.862
69 62 4485.292
69 63 4878.393
69 64 5422.690
69 65 4705.696
69 66 3283.280
69 67 11225.547
69 68 3414.056
69 69 0.000
69 70 6220.618
69 71 8351.203
69 72 2582.781
69 73 2641.636
69 74 1023.479
69 75 7892.088
69 76 4035.051
69 77 8276.683
69 78 8268.517
69 79 1235.706
69 80 6875.568
69 81 8342.024
69 82 2092.466
69 83 1507.779
69 84 8412.182
69 85 6564.096
69 86 4463.153
69 87 2752.603
69 88 7845.280
69 89 7631.472
69 90 11719.926
69 91 711.214
69 92 4412.145
69 93 4103.210
69 94 6628.204
69 95 1137.481
69 96 4893.463
69 97 6535.918
69 98 2193.936
69 99 5310.455
69 100 9525.157
70 0 670.927
70 1 2926.894
70 2 4733.591
70 3 2871.678
70 4 5549.582
70 5 6070.691
70 6 1033.054
70 7 5622.787
70 8 4164.893
70 9 4209.194
70 10 3323.313
70 11 3776.140
70 12 5729.192
70 13 3035.441
70 14 3445.111
70 15 2093.791
70 16 3398.283
70 17 3062.242
70 18 4564.008
70 19 1071.253
70 20 1878.730
70 21 5809.252
70 22 5692.463
70 23 4158.833
70 24 1635.091
70 25 803.231
70 26 3653.360
70 27 2089.656
70 28 7032.101
70 29 3507.841
70 30 3842.593
70 31 2352.035
70 32 2875.257
70 33 2594.388
70 34 1676.665
70 35 1750.736
70 36 2090.382
70 37 1526.828
70 38 4061.232
70 39 4459.020
70 40 527.488
70 41 1805.985
70 42 5078.904
70 43 3806.720
70 44 1827.352
70 45 4600.669
70 46 4616.036
70 47 4970.912
70 48 3523.870
70 49 1068.359
70 50 3404.546
70 51 2674.360
70 52 6026.370
70 53 2553.695
70 54 6651.212
70 55 4087.671
70 56 5763.192
70 57 5794.809
70 58 1213.500
70 59 2724.549
70 60 4107.356
70 61 3731.105
70 62 4958.905
70 63 1362.294
70 64 5233.440
70 65 2551.671
70 66 2948.687
70 67 5320.591
70 68 3040.183
70 69 6220.618
70 70 0.000
70 71 5514.985
70 72 5608.067
70 73 4783.541
70 74 6322.918
70 75 2149.090
70 76 3806.743
70 77 2067.351
70 78 6354.364
70 79 5015.761
70 80 956.518
70 81 2220.650
70 82 5364.248
70 83 5871.716
70 84 3359.252
70 85 2725.732
70 86 3297.401
70 87 4588.062
70 88 4038.009
70 89 1415.213
70 90 5508.684
70 91 6911.135
70 92 2113.856
70 93 2246.381
70 94 4031.826
70 95 6391.107
70 96 4334.269
70 97 1100.354
70 98 4690.924
70 99 912.625
70 100 3338.448
71 0 5176.154
71 1 2631.141
71 2 7468.923
71 3 7907.622
71 4 5522.767
71 5 2223.342
71 6 6226.672
71 7 8502.465
71 8 6445.251
71 9 4922.212
71 10 8768.210
71 11 5992.967
71 12 3779.509
71 13 5169.438
71 14 6237.892
71 15 7484.373
71 16 8702.693
71 17 3785.993
71 18 6809.521
71 19 4587.049
71 20 4282.871
71 21 7572.307
71 22 6168.446
71 23 7270.595
71 24 6283.842
71 25 4822.686
71 26 6910.650
71 27 3622.453
71 28 9373.706
71 29 4427.434
71 30 7896.357
71 31 6458.669
71 32 6456.771
71 33 7811.041
71 34 6384.733
71 35 7242.512
71 36 3610.521
71 37 6819.411
71 38 7408.876
71 39 2520.819
71 40 5021.398
71 41 6951.866
71 42 8408.400
71 43 5526.692
71 44 7285.959
71 45 7515.243
71 46 4482.442
71 47 2305.685
71 48 4940.614
71 49 6555.070
71 50 2833.740
71 51 3230.266
71 52 9340.252
71 53 5917.219
71 54 2084.734
71 55 2393.504
71 56 1152.970
71 57 3113.430
71 58 5169.836
71 59 8190.457
71 60 4180.945
71 61 3058.966
71 62 4035.262
71 63 5489.310
71 64 3226.718
71 65 4216.039
71 66 6440.400
71 67 5625.803
71 68 7030.389
71 69 8351.203
71 70 5514.985
71 71 0.000
71 72 9384.028
71 73 5722.907
71 74 9072.720
71 75 4263.235
71 76 4346.721
71 77 5633.514
71 78 1200.194
71 79 7305.116
71 80 6272.115
71 81 5172.889
71 82 8887.664
71 83 7061.752
71 84 3063.606
71 85 2815.476
71 86 4049.002
71 87 8510.406
71 88 1584.210
71 89 5799.189
71 90 7439.124
71 91 8769.275
71 92 6722.155
71 93 5383.228
71 94 1837.850
71 95 7705.639
71 96 3469.781
71 97 6593.981
71 98 6162.236
71 99 5658.893
71 100 5895.096
72 0 5287.944
72 1 7571.319
72 2 2135.844
72 3 3199.603
72 4 5166.846
72 5 8520.155
72 6 4616.366
72 7 1517.517
72 8 9664.585
72 9 9804.363
72 10 4307.387
72 11 3459.852
72 12 6967.277
72 13 4214.592
72 14 3147.144
72 15 4277.313
72 16 3671.291
72 17 8499.325
72 18 2867.775
72 19 6487.062
72 20 5397.670
72 21 3073.212
72 22 4622.947
72 23 2130.371
72 24 3979.393
72 25 5620.331
72 26 8945.130
72 27 7239.075
72 28 2526.829
72 29 9071.445
72 30 8632.336
72 31 3346.407
72 32 8216.179
72 33 6515.220
72 34 6824.368
72 35 4799.742
72 36 6175.231
72 37 6066.641
72 38 9225.583
72 39 9518.646
72 40 5990.956
72 41 3996.322
72 42 1075.308
72 43 3972.363
72 44 5632.251
72 45 9850.677
72 46 5442.905
72 47 7516.354
72 48 9128.478
72 49 4997.324
72 50 6552.764
72 51 6294.792
72 52 831.172
72 53 8042.817
72 54 9309.405
72 55 7037.407
72 56 8936.203
72 57 7573.331
72 58 6820.709
72 59 4462.089
72 60 9622.154
72 61 6360.843
72 62 6093.410
72 63 4530.558
72 64 6991.991
72 65 5216.223
72 66 3040.329
72 67 10926.224
72 68 2633.566
72 69 2582.781
72 70 5608.067
72 71 9384.028
72 72 0.000
72 73 4290.896
72 74 1730.943
72 75 7660.253
72 76 5174.959
72 77 7604.268
72 78 9610.466
72 79 2575.963
72 80 5936.535
72 81 7823.747
72 82 580.266
72 83 3789.859
72 84 8564.532
72 85 7001.997
72 86 5349.405
72 87 1021.316
72 88 8471.488
72 89 6875.120
72 90 10948.952
72 91 3090.627
72 92 3494.923
72 93 4154.257
72 94 7548.667
72 95 3661.283
72 96 6207.537
72 97 5472.932
72 98 3729.371
72 99 4764.876
72 100 8880.533
73 0 4125.593
73 1 4864.010
73 2 2155.220
73 3 4749.299
73 4 1002.592
73 5 4373.722
73 6 4406.192
73 7 3016.446
73 8 8630.789
73 9 8020.151
73 10 6193.228
73 11 1285.364
73 12 2691.972
73 13 1748.175
73 14 1836.751
73 15 5210.100
73 16 5731.409
73 17 6433.830
73 18 1427.225
73 19 4977.122
73 20 3201.034
73 21 1850.819
73 22 909.381
73 23 2345.669
73 24 3774.335
73 25 4187.905
73 26 8343.454
73 27 5121.489
73 28 3660.484
73 29 7222.583
73 30 8625.820
73 31 3186.676
73 32 7575.463
73 33 7091.367
73 34 6459.961
73 35 5430.233
73 36 3713.525
73 37 6133.482
73 38 8791.279
73 39 6750.576
73 40 4782.694
73 41 4506.757
73 42 3215.606
73 43 1000.661
73 44 6108.158
73 45 9276.540
73 46 1277.554
73 47 3529.666
73 48 7511.313
73 49 5053.031
73 50 3196.920
73 51 3409.354
73 52 3951.301
73 53 7155.743
73 54 5161.063
73 55 3366.761
73 56 4996.268
73 57 3344.625
73 58 5698.989
73 59 5887.191
73 60 7546.112
73 61 2768.916
73 62 1879.460
73 63 3483.331
73 64 2816.943
73 65 2539.263
73 66 2542.146
73 67 9145.700
73 68 3129.919
73 69 2641.636
73 70 4783.541
73 71 5722.907
73 72 4290.896
73 73 0.000
73 74 3462.691
73 75 5926.203
73 76 1501.870
73 77 6650.037
73 78 5634.107
73 79 1769.445
73 80 5655.857
73 81 6575.651
73 82 3714.981
73 83 1398.270
73 84 6143.027
73 85 4223.142
73 86 2040.396
73 87 3770.160
73 88 5344.857
73 89 6142.294
73 90 9987.286
73 91 3053.235
73 92 3757.840
73 93 2575.569
73 94 4048.765
73 95 2050.012
73 96 2255.964
73 97 5493.226
73 98 561.633
73 99 3994.851
73 100 7787.107
74 0 5852.152
74 1 7689.161
74 2 1709.156
74 3 4475.225
74 4 4120.928
74 5 7835.473
74 6 5452.045
74 7 700.911
74 8 10486.189
74 9 10360.527
74 10 5781.784
74 11 3155.482
74 12 6103.707
74 13 4101.715
74 14 3122.993
74 15 5468.267
74 16 5152.090
74 17 8911.771
74 18 2272.831
74 19 7018.724
74 20 5582.112
74 21 1758.753
74 22 3473.137
74 23 2185.296
74 24 4727.721
74 25 6116.470
74 26 9891.372
74 27 7582.416
74 28 843.221
74 29 9584.450
74 30 9754.596
74 31 3976.025
74 32 9128.010
74 33 7737.458
74 34 7771.081
74 35 5938.900
74 36 6321.638
74 37 7112.374
74 38 10232.334
74 39 9665.692
74 40 6598.698
74 41 5012.471
74 42 1344.200
74 43 3565.772
74 44 6780.619
74 45 10827.805
74 46 4734.530
74 47 6968.435
74 48 9729.755
74 49 5963.924
74 50 6337.286
74 51 6274.862
74 52 923.997
74 53 8866.886
74 54 8621.403
74 55 6679.511
74 56 8433.990
74 57 6790.771
74 58 7510.931
74 59 5818.998
74 60 10061.406
74 61 6021.770
74 62 5340.429
74 63 5045.103
74 64 6279.059
74 65 5190.866
74 66 3401.102
74 67 11506.967
74 68 3327.278
74 69 1023.479
74 70 6322.918
74 71 9072.720
74 72 1730.943
74 73 3462.691
74 74 0.000
74 75 8168.570
74 76 4726.004
74 77 8388.901
74 78 9083.175
74 79 1767.617
74 80 6861.645
74 81 8515.035
74 82 1375.096
74 83 2497.157
74 84 8836.059
74 85 7065.223
74 86 5077.076
74 87 2211.457
74 88 8428.838
74 89 7702.234
74 90 11821.601
74 91 1376.465
74 92 4336.124
74 93 4391.030
74 94 7296.078
74 95 2159.277
74 96 5663.341
74 97 6465.756
74 98 2948.162
74 99 5415.069
74 100 9661.146
75 0 2373.331
75 1 1805.241
75 2 6490.497
75 3 5018.385
75 4 6435.070
75 5 5559.194
75 6 3178.857
75 7 7472.196
75 8 2787.893
75 9 2192.709
75 10 5297.495
75 11 5254.073
75 12 5901.019
75 13 4326.526
75 14 5091.302
75 15 4169.093
75 16 5475.463
75 17 927.133
75 18 6150.062
75 19 1173.561
75 20 2749.632
75 21 7343.608
75 22 6779.634
75 23 5985.713
75 24 3699.258
75 25 2061.924
75 26 2843.978
75 27 907.478
75 28 8798.932
75 29 1420.343
75 30 3678.043
75 31 4321.812
75 32 2251.789
75 33 3693.060
75 34 2211.977
75 35 3731.709
75 36 2248.983
75 37 2846.416
75 38 3354.039
75 39 2504.350
75 40 1685.844
75 41 3954.465
75 42 7018.114
75 43 5092.939
75 44 3428.106
75 45 3647.688
75 46 5299.999
75 47 4669.385
75 48 1598.387
75 49 3118.812
75 50 3342.868
75 51 2724.313
75 52 7996.265
75 53 1705.520
75 54 5925.491
75 55 3840.592
75 56 4901.792
75 57 5690.803
75 58 1130.386
75 59 4694.789
75 60 1970.294
75 61 3845.181
75 62 5390.758
75 63 3155.346
75 64 5282.174
75 65 3387.037
75 66 4780.789
75 67 3340.711
75 68 5035.509
75 69 7892.088
75 70 2149.090
75 71 4263.235
75 72 7660.253
75 73 5926.203
75 74 8168.570
75 75 0.000
75 76 4574.936
75 77 1371.187
75 78 5343.332
75 79 6656.424
75 80 2423.223
75 81 941.238
75 82 7359.026
75 83 7224.259
75 84 1407.514
75 85 2137.796
75 86 3982.010
75 87 6640.504
75 88 2681.954
75 89 1641.411
75 90 4108.943
75 91 8538.602
75 92 4203.838
75 93 3797.316
75 94 3414.870
75 95 7823.432
75 96 4620.001
75 97 2898.635
75 98 6019.133
75 99 2900.980
75 100 1990.852
76 0 3138.780
76 1 3377.735
76 2 3149.697
76 3 4654.310
76 4 1861.690
76 5 3380.814
76 6 3732.298
76 7 4165.770
76 8 7337.566
76 9 6599.402
76 10 5964.299
76 11 1715.160
76 12 2174.612
76 13 1202.944
76 14 2099.893
76 15 4796.428
76 16 5627.850
76 17 5000.910
76 18 2467.407
76 19 3748.731
76 20 1989.856
76 21 3286.295
76 22 2245.386
76 23 3048.235
76 24 3280.901
76 25 3086.355
76 26 7160.538
76 27 3723.729
76 28 5055.704
76 29 5807.015
76 30 7589.186
76 31 2963.860
76 32 6414.905
76 33 6323.186
76 34 5447.603
76 35 4870.789
76 36 2326.522
76 37 5288.507
76 38 7634.254
76 39 5248.974
76 40 3672.533
76 41 4087.287
76 42 4142.748
76 43 1209.322
76 44 5402.674
76 45 8069.647
76 46 809.346
76 47 2341.625
76 48 6129.852
76 49 4349.987
76 50 1699.239
76 51 1941.567
76 52 5031.780
76 53 5951.205
76 54 4160.880
76 55 1953.783
76 56 3770.969
76 57 2565.657
76 58 4522.047
76 59 5538.395
76 60 6091.250
76 61 1306.251
76 62 1261.784
76 63 2715.488
76 64 1938.345
76 65 1279.737
76 66 2573.544
76 67 7709.393
76 68 3244.961
76 69 4035.051
76 70 3806.743
76 71 4346.721
76 72 5174.959
76 73 1501.870
76 74 4726.004
76 75 4574.936
76 76 0.000
76 77 5454.733
76 78 4441.135
76 79 2958.415
76 80 4748.914
76 81 5308.442
76 82 4639.259
76 83 2899.817
76 84 4667.029
76 85 2742.002
76 86 592.964
76 87 4421.284
76 88 3849.133
76 89 5044.315
76 90 8678.155
76 91 4517.734
76 92 3468.875
76 93 1951.346
76 94 2593.190
76 95 3550.485
76 96 1044.103
76 97 4709.683
76 98 1843.405
76 99 3196.492
76 100 6506.409
77 0 2612.110
77 1 3141.861
77 2 6797.102
77 3 4628.024
77 4 7298.131
77 5 6870.274
77 6 2991.714
77 7 7689.138
77 8 2097.615
77 9 2457.021
77 10 4532.462
77 11 5765.731
77 12 7040.951
77 13 4934.032
77 14 5481.595
77 15 3616.376
77 16 4848.168
77 17 2040.796
77 18 6594.804
77 19 1706.524
77 20 3480.764
77 21 7834.036
77 22 7544.636
77 23 6225.976
77 24 3677.728
77 25 2469.985
77 26 1705.954
77 27 2158.665
77 28 9098.891
77 29 1981.019
77 30 2338.727
77 31 4414.491
77 32 975.659
77 33 2508.909
77 34 1083.484
77 35 3097.504
77 36 3230.097
77 37 1913.845
77 38 2184.240
77 39 3716.618
77 40 1886.399
77 41 3641.845
77 42 7133.500
77 43 5721.341
77 44 2535.799
77 45 2627.472
77 46 6235.111
77 47 5923.309
77 48 1753.830
77 49 2657.138
77 50 4490.062
77 51 3796.225
77 52 8067.752
77 53 506.466
77 54 7272.377
77 55 5061.162
77 56 6257.781
77 57 6910.141
77 58 951.556
77 59 3960.657
77 60 2648.668
77 61 4955.477
77 62 6429.947
77 63 3399.178
77 64 6450.780
77 65 4185.886
77 66 5014.068
77 67 3451.773
77 68 5090.641
77 69 8276.683
77 70 2067.351
77 71 5633.514
77 72 7604.268
77 73 6650.037
77 74 8388.901
77 75 1371.187
77 76 5454.733
77 77 0.000
77 78 6712.009
77 79 7062.034
77 80 1739.262
77 81 511.749
77 82 7398.308
77 83 7838.273
77 84 2692.790
77 85 3369.730
77 86 4877.984
77 87 6592.625
77 88 4053.060
77 89 742.253
77 90 3444.049
77 91 8961.396
77 92 4125.143
77 93 4230.214
77 94 4712.493
77 95 8388.752
77 96 5695.190
77 97 2256.782
77 98 6636.635
77 99 2979.094
77 100 1279.615
78 0 5929.242
78 1 3609.357
78 2 7581.697
78 3 8507.057
78 4 5229.094
78 5 1448.454
78 6 6949.611
78 7 8573.610
78 8 7629.701
78 9 6121.271
78 10 9499.291
78 11 6153.901
78 12 3276.350
78 13 5452.816
78 14 6488.348
78 15 8211.715
78 16 9366.112
78 17 4942.292
78 18 6877.906
78 19 5515.904
78 20 4883.532
78 21 7465.725
78 22 5910.534
78 23 7480.334
78 24 6894.776
78 25 5606.161
78 26 8059.599
78 27 4622.007
78 28 9279.143
78 29 5611.850
78 30 9009.661
78 31 6947.890
78 32 7571.766
78 33 8772.011
78 34 7388.917
78 35 8029.771
78 36 4321.673
78 37 7746.752
78 38 8562.302
78 39 3720.126
78 40 5893.706
78 41 7622.118
78 42 8583.870
78 43 5650.189
78 44 8167.416
78 45 8691.319
78 46 4356.556
78 47 2117.549
78 48 6122.975
78 49 7351.320
78 50 3251.076
78 51 3829.982
78 52 9462.936
78 53 7027.564
78 54 984.835
78 55 2629.959
78 56 678.435
78 57 2536.560
78 58 6166.339
78 59 8943.843
78 60 5380.448
78 61 3287.675
78 62 3793.167
78 63 6108.930
78 64 2871.705
78 65 4649.753
78 66 6809.680
78 67 6818.369
78 68 7444.181
78 69 8268.517
78 70 6354.364
78 71 1200.194
78 72 9610.466
78 73 5634.107
78 74 9083.175
78 75 5343.332
78 76 4441.135
78 77 6712.009
78 78 0.000
78 79 7335.707
78 80 7181.089
78 81 6272.043
78 82 9079.788
78 83 6872.799
78 84 4223.797
78 85 3633.703
78 86 4295.809
78 87 8812.277
78 88 2679.071
78 89 6808.450
78 90 8638.409
78 91 8601.820
78 92 7287.719
78 93 5835.359
78 94 2362.615
78 95 7490.230
78 96 3433.291
78 97 7452.355
78 98 6135.014
78 99 6357.925
78 100 7056.030
79 0 4454.785
79 1 6001.342
79 2 549.066
79 3 3917.765
79 4 2592.831
79 5 6124.084
79 6 4304.734
79 7 1250.069
79 8 9145.538
79 9 8841.737
79 10 5377.509
79 11 1447.498
79 12 4459.845
79 13 2414.278
79 14 1583.771
79 15 4692.856
79 16 4812.238
79 17 7333.662
79 18 527.869
79 19 5550.653
79 20 3965.767
79 21 871.450
79 22 2057.145
79 23 1103.701
79 24 3569.351
79 25 4658.857
79 26 8665.395
79 27 5991.686
79 28 2188.215
79 29 8050.979
79 30 8704.036
79 31 2813.101
79 32 7888.249
79 33 6863.142
79 34 6602.208
79 35 5064.474
79 36 4667.038
79 37 6067.505
79 38 9055.249
79 39 7969.891
79 40 5197.734
79 41 4084.996
79 42 1517.658
79 43 1808.967
79 44 5863.842
79 45 9612.568
79 46 3010.038
79 47 5218.391
79 48 8246.728
79 49 4903.665
79 50 4580.528
79 51 4561.487
79 52 2181.937
79 53 7559.546
79 54 6914.139
79 55 4911.896
79 56 6680.668
79 57 5111.563
79 58 6137.288
79 59 5230.578
79 60 8482.456
79 61 4255.034
79 62 3638.359
79 63 3663.341
79 64 4569.162
79 65 3497.302
79 66 2112.076
79 67 9990.014
79 68 2367.173
79 69 1235.706
79 70 5015.761
79 71 7305.116
79 72 2575.963
79 73 1769.445
79 74 1767.617
79 75 6656.424
79 76 2958.415
79 77 7062.034
79 78 7335.707
79 79 0.000
79 80 5710.006
79 81 7115.003
79 82 1995.808
79 83 1356.347
79 84 7193.401
79 85 5366.861
79 86 3321.200
79 87 2260.793
79 88 6690.554
79 89 6430.184
79 90 10502.525
79 91 1900.268
79 92 3315.621
79 93 2869.897
79 94 5531.913
79 95 1558.265
79 96 3906.898
79 97 5400.301
79 98 1220.079
79 99 4110.757
79 100 8303.136
80 0 1612.096
80 1 3643.289
80 2 5368.096
80 3 2892.974
80 4 6460.200
80 5 6981.250
80 6 1418.128
80 7 6171.270
80 8 3733.886
80 9 4157.705
80 10 2891.375
80 11 4574.308
80 12 6685.470
80 13 3913.536
80 14 4183.382
80 15 1880.166
80 16 3138.748
80 17 3337.439
80 18 5295.606
80 19 1685.490
80 20 2835.219
80 21 6538.594
80 22 6564.587
80 23 4762.191
80 24 2156.294
80 25 1749.655
80 26 3034.667
80 27 2691.423
80 28 7617.188
80 29 3572.286
80 30 3007.483
80 31 2922.855
80 32 2285.144
80 33 1649.525
80 34 909.444
80 35 1373.706
80 36 3002.083
80 37 581.523
80 38 3373.627
80 39 4908.164
80 40 1301.360
80 41 1941.871
80 42 5559.784
80 43 4663.825
80 44 1031.811
80 45 3966.638
80 46 5558.022
80 47 5896.659
80 48 3448.860
80 49 940.764
80 50 4334.164
80 51 3598.093
80 52 6455.209
80 53 2125.333
80 54 7534.987
80 55 5009.151
80 56 6615.009
80 57 6741.712
80 58 1293.348
80 59 2295.211
80 60 4225.865
80 61 4678.620
80 62 5913.142
80 63 2175.176
80 64 6185.824
80 65 3503.697
80 66 3599.960
80 67 5187.524
80 68 3534.524
80 69 6875.568
80 70 956.518
80 71 6272.115
80 72 5936.535
80 73 5655.857
80 74 6861.645
80 75 2423.223
80 76 4748.914
80 77 1739.262
80 78 7181.089
80 79 5710.006
80 80 0.000
80 81 2094.588
80 82 5777.319
80 83 6669.494
80 84 3795.725
80 85 3552.320
80 86 4249.582
80 87 4940.157
80 88 4736.275
80 89 1000.592
80 90 5014.193
80 91 7579.683
80 92 2527.407
80 93 3084.545
80 94 4900.891
80 95 7153.339
80 96 5290.471
80 97 520.669
80 98 5516.402
80 99 1666.965
80 100 2978.460
81 0 2671.426
81 1 2745.603
81 2 6885.750
81 3 4939.571
81 4 7166.632
81 5 6497.423
81 6 3214.059
81 7 7814.129
81 8 2058.068
81 9 2065.250
81 10 4953.056
81 11 5771.417
81 12 6775.911
81 13 4896.233
81 14 5531.451
81 15 3968.646
81 16 5232.437
81 17 1531.046
81 18 6630.789
81 19 1601.840
81 20 3376.587
81 21 7857.549
81 22 7456.240
81 23 6335.858
81 24 3855.731
81 25 2461.315
81 26 1929.104
81 27 1807.824
81 28 9198.066
81 29 1507.618
81 30 2740.206
81 31 4562.428
81 32 1310.574
81 33 3012.923
81 34 1561.583
81 35 3468.270
81 36 3019.510
81 37 2354.200
81 38 2435.161
81 39 3206.359
81 40 1922.953
81 41 3917.965
81 42 7292.352
81 43 5680.975
81 44 2974.488
81 45 2782.489
81 46 6067.868
81 47 5590.391
81 48 1357.221
81 49 2964.923
81 50 4213.891
81 51 3552.132
81 52 8245.408
81 53 764.303
81 54 6866.209
81 55 4747.041
81 56 5840.726
81 57 6599.923
81 58 1009.037
81 59 4369.279
81 60 2174.340
81 61 4700.079
81 62 6214.727
81 63 3477.626
81 64 6169.071
81 65 4064.006
81 66 5117.872
81 67 3127.816
81 68 5258.317
81 69 8342.024
81 70 2220.650
81 71 5172.889
81 72 7823.747
81 73 6575.651
81 74 8515.035
81 75 941.238
81 76 5308.442
81 77 511.749
81 78 6272.043
81 79 7115.003
81 80 2094.588
81 81 0.000
81 82 7584.671
81 83 7813.060
81 84 2194.825
81 85 3042.530
81 86 4721.129
81 87 6805.164
81 88 3600.004
81 89 1112.066
81 90 3419.112
81 91 9014.244
81 92 4329.142
81 93 4252.124
81 94 4348.482
81 95 8384.649
81 96 5460.060
81 97 2614.297
81 98 6605.449
81 99 3107.777
81 100 1211.984
82 0 4988.737
82 1 7159.762
82 2 1561.572
82 3 3188.611
82 4 4586.615
82 5 7967.397
82 6 4409.329
82 7 994.176
82 8 9479.722
82 9 9526.488
82 10 4432.293
82 11 2926.177
82 12 6395.800
82 13 3724.708
82 14 2655.065
82 15 4229.945
82 16 3798.451
82 17 8172.195
82 18 2295.110
82 19 6186.754
82 20 4988.239
82 21 2519.157
82 22 4044.616
82 23 1617.073
82 24 3729.697
82 25 5302.087
82 26 8807.669
82 27 6885.916
82 28 2215.075
82 29 8777.396
82 30 8571.360
82 31 3040.740
82 32 8062.310
82 33 6496.823
82 34 6679.165
82 35 4730.039
82 36 5762.587
82 37 5960.726
82 38 9114.377
82 39 9121.861
82 40 5712.385
82 41 3859.756
82 42 503.878
82 43 3431.733
82 44 5572.489
82 45 9728.431
82 46 4879.465
82 47 6977.851
82 48 8863.375
82 49 4848.830
82 50 6063.487
82 51 5843.842
82 52 680.446
82 53 7853.653
82 54 8757.628
82 55 6525.413
82 56 8407.739
82 57 7009.119
82 58 6576.275
82 59 4510.101
82 60 9306.998
82 61 5848.785
82 62 5528.318
82 63 4206.488
82 64 6432.969
82 65 4755.608
82 66 2639.509
82 67 10659.315
82 68 2331.359
82 69 2092.466
82 70 5364.248
82 71 8887.664
82 72 580.266
82 73 3714.981
82 74 1375.096
82 75 7359.026
82 76 4639.259
82 77 7398.308
82 78 9079.788
82 79 1995.808
82 80 5777.319
82 81 7584.671
82 82 0.000
82 83 3224.778
82 84 8197.293
82 85 6574.313
82 86 4842.162
82 87 885.277
82 88 8026.128
82 89 6681.893
82 90 10786.814
82 91 2663.448
82 92 3273.961
82 93 3743.201
82 94 7057.144
82 95 3130.667
82 96 5664.871
82 97 5339.647
82 98 3153.348
82 99 4489.607
82 100 8677.904
83 0 5246.167
83 1 6250.092
83 2 1905.408
83 3 5201.413
83 4 1689.080
83 5 5530.563
83 6 5317.359
83 7 2298.402
83 8 9870.409
83 9 9354.657
83 10 6671.039
83 11 2098.191
83 12 3718.250
83 13 2917.011
83 14 2512.840
83 15 5886.818
83 16 6126.110
83 17 7781.692
83 18 1487.630
83 19 6212.449
83 20 4475.381
83 21 746.340
83 22 1005.889
83 23 2416.343
83 24 4611.705
83 25 5371.012
83 26 9504.622
83 27 6454.171
83 28 2450.243
83 29 8555.922
83 30 9675.432
83 31 3903.628
83 32 8728.304
83 33 7965.763
83 34 7525.911
83 35 6205.633
83 36 5054.409
83 37 7089.761
83 38 9929.325
83 39 8147.594
83 40 5952.293
83 41 5232.665
83 42 2794.468
83 43 2135.281
83 44 6964.232
83 45 10448.031
83 46 2579.369
83 47 4811.338
83 48 8819.811
83 49 5949.539
83 50 4594.896
83 51 4789.729
83 52 3221.462
83 53 8344.252
83 54 6297.132
83 55 4738.948
83 56 6262.779
83 57 4441.752
83 58 6889.512
83 59 6477.817
83 60 8906.248
83 61 4159.806
83 62 3081.751
83 63 4516.805
83 64 4003.772
83 65 3859.872
83 66 3187.981
83 67 10489.155
83 68 3593.096
83 69 1507.779
83 70 5871.716
83 71 7061.752
83 72 3789.859
83 73 1398.270
83 74 2497.157
83 75 7224.259
83 76 2899.817
83 77 7838.273
83 78 6872.799
83 79 1356.347
83 80 6669.494
83 81 7813.060
83 82 3224.778
83 83 0.000
83 84 7520.427
83 85 5607.372
83 86 3426.437
83 87 3605.828
83 88 6741.908
83 89 7273.008
83 90 11232.068
83 91 1729.045
83 92 4453.026
83 93 3627.037
83 94 5432.332
83 95 653.335
83 96 3596.909
83 97 6427.293
83 98 1208.318
83 99 5010.722
83 100 9023.234
84 0 3378.287
84 1 1299.179
84 2 7127.514
84 3 6198.100
84 4 6445.842
84 5 4724.950
84 6 4339.836
84 7 8159.700
84 8 3429.453
84 9 2107.461
84 10 6629.977
84 11 5746.924
84 12 5478.404
84 13 4780.187
84 14 5713.364
84 15 5445.899
84 16 6754.221
84 17 722.666
84 18 6667.671
84 19 2289.186
84 20 3254.396
84 21 7771.511
84 22 6908.430
84 23 6700.880
84 24 4731.007
84 25 3006.060
84 26 3847.465
84 27 1340.304
84 28 9379.719
84 29 1435.981
84 30 4860.371
84 31 5236.304
84 32 3426.363
84 33 5097.855
84 34 3614.867
84 35 5049.650
84 36 2526.363
84 37 4246.132
84 38 4345.300
84 39 1113.778
84 40 2840.569
84 41 5133.387
84 42 7804.210
84 43 5468.618
84 44 4815.799
84 45 4472.011
84 46 5261.257
84 47 4045.516
84 48 1927.499
84 49 4400.382
84 50 3097.368
84 51 2733.682
84 52 8794.344
84 53 2899.836
84 54 4941.539
84 55 3365.882
84 56 3894.737
84 57 5105.582
84 58 2516.946
84 59 6025.298
84 60 1467.344
84 61 3617.538
84 62 5178.676
84 63 4054.293
84 64 4829.106
84 65 3710.683
84 66 5559.269
84 67 3113.322
84 68 5939.471
84 69 8412.182
84 70 3359.252
84 71 3063.606
84 72 8564.532
84 73 6143.027
84 74 8836.059
84 75 1407.514
84 76 4667.029
84 77 2692.790
84 78 4223.797
84 79 7193.401
84 80 3795.725
84 81 2194.825
84 82 8197.293
84 83 7520.427
84 84 0.000
84 85 1925.179
84 86 4103.232
84 87 7562.941
84 88 1579.835
84 89 3048.496
84 90 4551.259
84 91 9004.749
84 92 5240.251
84 93 4473.804
84 94 2751.839
84 95 8156.404
84 96 4392.410
84 97 4244.690
84 98 6357.878
84 99 3939.602
84 100 2833.312
85 0 2361.175
85 1 643.868
85 2 5361.843
85 3 5138.010
85 4 4531.894
85 5 3526.343
85 6 3413.844
85 7 6411.439
85 8 4892.686
85 9 3915.729
85 10 5952.741
85 11 3923.467
85 12 3771.731
85 13 2964.484
85 14 3973.945
85 15 4669.403
85 16 5898.730
85 17 2317.153
85 18 4839.029
85 19 1914.380
85 20 1618.717
85 21 5891.662
85 22 4983.508
85 23 5003.382
85 24 3525.172
85 25 2008.160
85 26 4969.778
85 27 1236.226
85 28 7553.102
85 29 3143.091
85 30 5703.689
85 31 3816.225
85 32 4326.315
85 33 5164.225
85 34 3843.534
85 35 4432.973
85 36 853.817
85 37 4123.284
85 38 5477.303
85 39 2603.499
85 40 2260.262
85 41 4151.939
85 42 6140.891
85 43 3596.022
85 44 4533.741
85 45 5785.319
85 46 3351.609
85 47 2554.141
85 48 3529.431
85 49 3747.089
85 50 1236.808
85 51 819.983
85 52 7123.690
85 53 3791.686
85 54 4008.318
85 55 1705.084
85 56 3063.768
85 57 3557.667
85 58 2639.504
85 59 5375.767
85 60 3362.507
85 61 1757.533
85 62 3330.184
85 63 2740.035
85 64 3146.619
85 65 1874.823
85 66 3963.102
85 67 4996.403
85 68 4462.173
85 69 6564.096
85 70 2725.732
85 71 2815.476
85 72 7001.997
85 73 4223.142
85 74 7065.223
85 75 2137.796
85 76 2742.002
85 77 3369.730
85 78 3633.703
85 79 5366.861
85 80 3552.320
85 81 3042.530
85 82 6574.313
85 83 5607.372
85 84 1925.179
85 85 0.000
85 86 2182.878
85 87 6044.926
85 88 1501.529
85 89 3284.586
85 90 6169.556
85 91 7130.515
85 92 3993.099
85 93 2849.646
85 94 1377.091
85 95 6248.137
85 96 2543.724
85 97 3820.713
85 98 4461.400
85 99 2855.494
85 100 4122.233
86 0 2638.742
86 1 2824.454
86 2 3430.698
86 3 4450.940
86 4 2453.871
86 5 3398.656
86 6 3332.463
86 7 4475.023
86 8 6746.422
86 9 6013.079
86 10 5683.481
86 11 1948.843
86 12 2498.817
86 13 1157.011
86 14 2205.149
86 15 4468.030
86 16 5399.566
86 17 4416.733
86 18 2804.828
86 19 3171.510
86 20 1439.724
86 21 3749.132
86 22 2826.802
86 23 3226.019
86 24 2968.912
86 25 2548.598
86 26 6582.831
86 27 3132.288
86 28 5474.243
86 29 5219.342
86 30 7039.646
86 31 2781.978
86 32 5842.329
86 33 5852.584
86 34 4912.264
86 35 4487.483
86 36 1733.568
86 37 4802.909
86 38 7060.255
86 39 4733.029
86 40 3124.489
86 41 3774.600
86 42 4360.026
86 43 1512.561
86 44 4960.883
86 45 7487.332
86 46 1358.270
86 47 2282.294
86 48 5538.047
86 49 3924.920
86 50 1260.223
86 51 1369.812
86 52 5293.498
86 53 5371.859
86 54 4148.139
86 55 1689.094
86 56 3617.435
86 57 2744.899
86 58 3951.848
86 59 5220.149
86 60 5515.319
86 61 1013.966
86 62 1666.772
86 63 2317.397
86 64 2121.703
86 65 745.899
86 66 2529.297
86 67 7127.312
86 68 3182.746
86 69 4463.153
86 70 3297.401
86 71 4049.002
86 72 5349.405
86 73 2040.396
86 74 5077.076
86 75 3982.010
86 76 592.964
86 77 4877.984
86 78 4295.809
86 79 3321.200
86 80 4249.582
86 81 4721.129
86 82 4842.162
86 83 3426.437
86 84 4103.232
86 85 2182.878
86 86 0.000
86 87 4519.197
86 88 3382.128
86 89 4489.517
86 90 8085.832
86 91 4988.902
86 92 3231.219
86 93 1685.793
86 94 2231.499
86 95 4070.242
86 96 1158.106
86 97 4250.767
86 98 2304.024
86 99 2765.510
86 100 5916.637
87 0 4269.099
87 1 6598.740
87 2 1722.001
87 3 2303.341
87 4 4726.283
87 5 7800.368
87 6 3601.954
87 7 1678.157
87 8 8660.521
87 9 8783.049
87 10 3570.336
87 11 2737.672
87 12 6362.781
87 13 3364.353
87 14 2328.406
87 15 3349.081
87 16 2941.068
87 17 7483.859
87 18 2370.974
87 19 5467.628
87 20 4430.490
87 21 2984.308
87 22 4278.155
87 23 1434.119
87 24 2958.236
87 25 4604.922
87 26 7961.344
87 27 6232.845
87 28 3053.748
87 29 8050.728
87 30 7696.725
87 31 2332.925
87 32 7224.036
87 33 5613.543
87 34 5835.318
87 35 3854.666
87 36 5207.484
87 37 5098.508
87 38 8256.471
87 39 8532.396
87 40 4969.814
87 41 3007.344
87 42 936.577
87 43 3258.012
87 44 4695.661
87 45 8875.464
87 46 4800.747
87 47 6750.511
87 48 8107.494
87 49 4004.535
87 50 5677.917
87 51 5365.476
87 52 1556.950
87 53 7036.536
87 54 8582.108
87 55 6204.375
87 56 8134.365
87 57 6914.702
87 58 5801.093
87 59 3627.662
87 60 8603.858
87 61 5532.360
87 62 5452.859
87 63 3518.671
87 64 6309.965
87 65 4306.247
87 66 2089.720
87 67 9905.268
87 68 1623.793
87 69 2752.603
87 70 4588.062
87 71 8510.406
87 72 1021.316
87 73 3770.160
87 74 2211.457
87 75 6640.504
87 76 4421.284
87 77 6592.625
87 78 8812.277
87 79 2260.793
87 80 4940.157
87 81 6805.164
87 82 885.277
87 83 3605.828
87 84 7562.941
87 85 6044.926
87 86 4519.197
87 87 0.000
87 88 7528.454
87 89 5866.796
87 90 9954.315
87 91 3397.279
87 92 2476.050
87 93 3197.192
87 94 6672.741
87 95 3657.565
87 96 5465.238
87 97 4488.431
87 98 3226.944
87 99 3743.868
87 100 7870.411
88 0 3787.343
88 1 1111.178
88 2 6744.710
88 3 6614.177
88 4 5429.589
88 5 3167.548
88 6 4842.268
88 7 7797.830
88 8 5009.237
88 9 3621.864
88 10 7343.788
88 11 5273.720
88 12 4134.671
88 13 4345.199
88 14 5392.736
88 15 6076.105
88 16 7337.762
88 17 2282.573
88 18 6167.488
88 19 3054.336
88 20 3115.460
88 21 7123.728
88 22 5985.548
88 23 6433.456
88 24 5012.515
88 25 3413.619
88 26 5384.993
88 27 2056.910
88 28 8855.312
88 29 3009.263
88 30 6333.495
88 31 5317.287
88 32 4894.617
88 33 6243.510
88 34 4805.960
88 35 5786.123
88 36 2355.325
88 37 5270.126
88 38 5889.808
88 39 1513.494
88 40 3525.343
88 41 5604.765
88 42 7578.535
88 43 4884.617
88 44 5760.899
88 45 6045.626
88 46 4261.998
88 47 2616.959
88 48 3506.658
88 49 5099.205
88 50 2149.919
88 51 2182.867
88 52 8552.081
88 53 4351.532
88 54 3362.160
88 55 2124.680
88 56 2315.496
88 57 3662.107
88 58 3596.067
88 59 6752.595
88 60 2913.130
88 61 2593.868
88 62 4022.534
88 63 4234.020
88 64 3489.176
88 65 3275.318
88 66 5440.609
88 67 4507.433
88 68 5957.715
88 69 7845.280
88 70 4038.009
88 71 1584.210
88 72 8471.488
88 73 5344.857
88 74 8428.838
88 75 2681.954
88 76 3849.133
88 77 4053.060
88 78 2679.071
88 79 6690.554
88 80 4736.275
88 81 3600.004
88 82 8026.128
88 83 6741.908
88 84 1579.835
88 85 1501.529
88 86 3382.128
88 87 7528.454
88 88 0.000
88 89 4220.053
88 90 6110.807
88 91 8360.801
88 92 5488.039
88 93 4331.576
88 94 1413.618
88 95 7394.574
88 96 3278.913
88 97 5089.341
88 98 5676.178
88 99 4311.878
88 100 4392.224
89 0 2028.531
89 1 3199.361
89 2 6138.950
89 3 3885.938
89 4 6852.692
89 5 6808.887
89 6 2272.740
89 7 7004.434
89 8 2797.965
89 9 3164.531
89 10 3841.078
89 11 5182.102
89 12 6784.229
89 13 4402.011
89 14 4860.262
89 15 2880.521
89 16 4127.621
89 17 2491.766
89 18 5979.021
89 19 1408.748
89 20 3054.940
89 21 7223.989
89 22 7047.083
89 23 5554.954
89 24 2977.030
89 25 1969.144
89 26 2238.682
89 27 2187.464
89 28 8428.024
89 29 2613.649
89 30 2551.966
89 31 3727.060
89 32 1460.458
89 33 2053.938
89 34 585.956
89 35 2368.164
89 36 2960.510
89 37 1254.982
89 38 2657.153
89 39 4136.486
89 40 1374.555
89 41 2902.579
89 42 6430.663
89 43 5184.053
89 44 1869.952
89 45 3185.821
89 46 5843.670
89 47 5793.911
89 48 2455.982
89 49 1915.123
89 50 4285.188
89 51 3557.669
89 52 7354.395
89 53 1171.809
89 54 7280.318
89 55 4910.030
89 56 6300.075
89 57 6729.833
89 58 647.057
89 59 3257.603
89 60 3276.964
89 61 4708.339
89 62 6103.158
89 63 2776.040
89 64 6226.392
89 65 3764.590
89 66 4353.053
89 67 4186.939
89 68 4388.361
89 69 7631.472
89 70 1415.213
89 71 5799.189
89 72 6875.120
89 73 6142.294
89 74 7702.234
89 75 1641.411
89 76 5044.315
89 77 742.253
89 78 6808.450
89 79 6430.184
89 80 1000.592
89 81 1112.066
89 82 6681.893
89 83 7273.008
89 84 3048.496
89 85 3284.586
89 86 4489.517
89 87 5866.796
89 88 4220.053
89 89 0.000
89 90 4119.910
89 91 8324.164
89 92 3408.331
89 93 3646.438
89 94 4660.770
89 95 7801.457
89 96 5405.912
89 97 1520.418
89 98 6083.283
89 99 2321.189
89 100 2006.374
90 0 6048.144
90 1 5680.936
90 2 10240.927
90 3 7837.991
90 4 10539.692
90 5 9273.507
90 6 6385.567
90 7 11123.246
90 8 1362.118
90 9 2517.227
90 10 7343.632
90 11 9183.416
90 12 9927.889
90 13 8315.328
90 14 8920.170
90 15 6759.785
90 16 7815.238
90 17 3920.623
90 18 10029.396
90 19 5020.595
90 20 6786.270
90 21 11263.668
90 22 10860.135
90 23 9666.879
90 24 7096.813
90 25 5871.288
90 26 2038.666
90 27 4994.153
90 28 12540.482
90 29 3118.345
90 30 2844.382
90 31 7845.739
90 32 2733.393
90 33 4847.233
90 34 4126.465
90 35 6218.787
90 36 6355.589
90 37 4923.426
90 38 1923.053
90 39 4933.257
90 40 5309.221
90 41 6952.630
90 42 10548.377
90 43 9100.015
90 44 5452.518
90 45 1303.321
90 46 9408.942
90 47 8568.515
90 48 2659.411
90 49 5951.830
90 50 7404.106
90 51 6826.049
90 52 11462.720
90 53 2956.038
90 54 9442.610
90 55 7819.370
90 56 8400.961
90 57 9624.396
90 58 4367.102
90 59 6874.140
90 60 3258.235
90 61 7919.677
90 62 9482.523
90 63 6841.624
90 64 9289.731
90 65 7461.165
90 66 8457.112
90 67 2107.402
90 68 8507.236
90 69 11719.926
90 70 5508.684
90 71 7439.124
90 72 10948.952
90 73 9987.286
90 74 11821.601
90 75 4108.943
90 76 8678.155
90 77 3444.049
90 78 8638.409
90 79 10502.525
90 80 5014.193
90 81 3419.112
90 82 10786.814
90 83 11232.068
90 84 4551.259
90 85 6169.556
90 86 8085.832
90 87 9954.315
90 88 6110.807
90 89 4119.910
90 90 0.000
90 91 12402.571
90 92 7519.329
90 93 7655.474
90 94 7270.434
90 95 11800.913
90 96 8702.949
90 97 5479.447
90 98 10024.546
90 99 6421.250
90 100 2209.418
91 0 6355.026
91 1 7773.079
91 2 2217.792
91 3 5515.673
91 4 3401.682
91 5 7255.125
91 6 6165.268
91 7 1719.722
91 8 11045.790
91 9 10716.710
91 10 6909.113
91 11 3289.129
91 12 5430.359
91 13 4242.355
91 14 3483.824
91 15 6415.980
91 16 6296.908
91 17 9187.944
91 18 2389.965
91 19 7444.952
91 20 5820.396
91 21 1240.341
91 22 2712.198
91 23 2838.131
91 24 5426.243
91 25 6556.300
91 26 10556.357
91 27 7845.388
91 28 845.527
91 29 9922.563
91 30 10556.622
91 31 4660.966
91 32 9780.184
91 33 8647.466
91 34 8478.970
91 35 6835.859
91 36 6487.246
91 37 7909.080
91 38 10938.662
91 39 9715.979
91 40 7097.890
91 41 5867.174
91 42 2461.813
91 43 3537.823
91 44 7658.950
91 45 11502.991
91 46 4291.367
91 47 6535.229
91 48 10132.965
91 49 6742.923
91 50 6212.968
91 51 6312.181
91 52 2299.725
91 53 9458.081
91 54 8017.099
91 55 6419.863
91 56 7990.057
91 57 6161.031
91 58 8037.556
91 59 6865.696
91 60 10332.380
91 61 5812.240
91 62 4810.179
91 63 5562.280
91 64 5732.625
91 65 5294.359
91 66 3983.060
91 67 11863.516
91 68 4125.269
91 69 711.214
91 70 6911.135
91 71 8769.275
91 72 3090.627
91 73 3053.235
91 74 1376.465
91 75 8538.602
91 76 4517.734
91 77 8961.396
91 78 8601.820
91 79 1900.268
91 80 7579.683
91 81 9014.244
91 82 2663.448
91 83 1729.045
91 84 9004.749
91 85 7130.515
91 86 4988.902
91 87 3397.279
91 88 8360.801
91 89 8324.164
91 90 12402.571
91 91 0.000
91 92 5122.715
91 93 4765.426
91 94 7097.155
91 95 1138.997
91 96 5299.530
91 97 7244.556
91 98 2685.727
91 99 6003.137
91 100 10203.377
92 0 1866.519
92 1 4446.666
92 2 2906.947
92 3 1229.857
92 4 4718.339
92 5 6592.615
92 6 1135.592
92 7 3649.063
92 8 6206.295
92 9 6318.190
92 10 2503.995
92 11 2492.101
92 12 5643.099
92 13 2290.462
92 14 1973.458
92 15 1456.783
92 16 2169.289
92 17 5078.402
92 18 2982.777
92 19 3040.881
92 20 2439.565
92 21 4179.154
92 22 4607.666
92 23 2284.584
92 24 510.339
92 25 2234.221
92 26 5561.088
92 27 3900.479
92 28 5102.630
92 29 5599.720
92 30 5445.038
92 31 571.608
92 32 4804.288
92 33 3547.541
92 34 3436.432
92 35 1756.417
92 36 3144.828
92 37 2794.376
92 38 5896.215
92 39 6276.125
92 40 2519.498
92 41 779.685
92 42 3033.654
92 43 2797.528
92 44 2548.578
92 45 6493.948
92 46 4173.240
92 47 5452.977
92 48 5636.866
92 49 1633.194
92 50 4039.226
92 51 3498.144
92 52 3946.118
92 53 4580.139
92 54 7308.407
92 55 4695.291
92 56 6625.134
92 57 5971.097
92 58 3325.876
92 59 2135.470
92 60 6174.030
92 61 4106.028
92 62 4726.094
92 63 1254.024
92 64 5343.552
92 65 2670.584
92 66 1268.375
92 67 7434.088
92 68 1013.255
92 69 4412.145
92 70 2113.856
92 71 6722.155
92 72 3494.923
92 73 3757.840
92 74 4336.124
92 75 4203.838
92 76 3468.875
92 77 4125.143
92 78 7287.719
92 79 3315.621
92 80 2527.407
92 81 4329.142
92 82 3273.961
92 83 4453.026
92 84 5240.251
92 85 3993.099
92 86 3231.219
92 87 2476.050
92 88 5488.039
92 89 3408.331
92 90 7519.329
92 91 5122.715
92 92 0.000
92 93 1545.961
92 94 4955.946
92 95 4841.135
92 96 4382.716
92 97 2136.736
92 98 3440.583
92 99 1311.163
92 100 5404.583
93 0 1622.729
93 1 3419.285
93 2 2697.349
93 3 2765.937
93 4 3428.551
93 5 5063.096
93 6 1856.624
93 7 3702.620
93 8 6294.728
93 9 5988.601
93 10 4019.646
93 11 1537.474
93 12 4116.228
93 13 859.947
93 14 1294.443
93 15 2846.949
93 16 3715.085
93 17 4520.741
93 18 2378.869
93 19 2680.757
93 20 1245.636
93 21 3608.214
93 22 3482.622
93 23 2229.597
93 24 1331.343
93 25 1791.554
93 26 5880.728
93 27 3194.245
93 28 5001.868
93 29 5204.328
93 30 6072.509
93 31 1117.574
93 32 5103.489
93 33 4530.702
93 34 3911.494
93 35 2953.244
93 36 2022.063
93 37 3558.341
93 38 6302.324
93 39 5378.708
93 40 2347.414
93 41 2136.241
93 42 3333.410
93 43 1579.726
93 44 3562.137
93 45 6825.759
93 46 2701.517
93 47 3929.125
93 48 5381.048
93 49 2499.943
93 50 2594.029
93 51 2181.044
93 52 4323.366
93 53 4733.963
93 54 5792.782
93 55 3212.417
93 56 5162.918
93 57 4425.504
93 58 3290.013
93 59 3587.117
93 60 5670.448
93 61 2591.493
93 62 3213.053
93 63 909.409
93 64 3798.502
93 65 1186.695
93 66 1114.009
93 67 7137.197
93 68 1648.804
93 69 4103.210
93 70 2246.381
93 71 5383.228
93 72 4154.257
93 73 2575.569
93 74 4391.030
93 75 3797.316
93 76 1951.346
93 77 4230.214
93 78 5835.359
93 79 2869.897
93 80 3084.545
93 81 4252.124
93 82 3743.201
93 83 3627.037
93 84 4473.804
93 85 2849.646
93 86 1685.793
93 87 3197.192
93 88 4331.576
93 89 3646.438
93 90 7655.474
93 91 4765.426
93 92 1545.961
93 93 0.000
93 94 3562.476
93 95 4160.412
93 96 2836.984
93 97 2922.854
93 98 2445.263
93 99 1419.878
93 100 5449.117
94 0 3574.141
94 1 1625.260
94 2 5662.002
94 3 6165.177
94 4 4042.933
94 5 2158.829
94 6 4587.665
94 7 6704.533
94 8 6064.889
94 9 4859.300
94 10 7136.780
94 11 4180.332
94 12 2749.410
94 13 3334.760
94 14 4404.283
94 15 5849.363
94 16 7008.791
94 17 3350.242
94 18 5024.041
94 19 3288.413
94 20 2530.192
94 21 5873.509
94 22 4624.673
94 23 5440.437
94 24 4545.795
94 25 3262.892
94 26 6256.850
94 27 2554.296
94 28 7648.848
94 29 4158.532
94 30 7051.188
94 31 4654.515
94 32 5651.580
94 33 6527.731
94 34 5220.605
94 35 5676.646
94 36 1966.468
94 37 5477.400
94 38 6767.434
94 39 2925.060
94 40 3600.250
94 41 5262.052
94 42 6581.729
94 43 3732.358
94 44 5857.180
94 45 7024.941
94 46 2895.352
94 47 1298.290
94 48 4613.252
94 49 5002.866
94 50 996.251
94 51 1470.669
94 52 7523.302
94 53 5109.355
94 54 2637.099
94 55 719.012
94 56 1737.648
94 57 2356.610
94 58 4014.946
94 59 6583.088
94 60 4197.200
94 61 1287.635
94 62 2613.531
94 63 3755.473
94 64 2099.228
94 65 2385.252
94 66 4605.921
94 67 5830.828
94 68 5204.691
94 69 6628.204
94 70 4031.826
94 71 1837.850
94 72 7548.667
94 73 4048.765
94 74 7296.078
94 75 3414.870
94 76 2593.190
94 77 4712.493
94 78 2362.615
94 79 5531.913
94 80 4900.891
94 81 4348.482
94 82 7057.144
94 83 5432.332
94 84 2751.839
94 85 1377.091
94 86 2231.499
94 87 6672.741
94 88 1413.618
94 89 4660.770
94 90 7270.434
94 91 7097.155
94 92 4955.946
94 93 3562.476
94 94 0.000
94 95 6085.187
94 96 1888.525
94 97 5132.088
94 98 4435.569
94 99 3995.325
94 100 5348.292
95 0 5782.972
95 1 6891.502
95 2 2070.838
95 3 5474.646
95 4 2271.784
95 5 6128.839
95 6 5773.510
95 7 2144.791
95 8 10438.805
95 9 9967.773
95 10 6930.961
95 11 2623.276
95 12 4296.499
95 13 3499.990
95 14 2970.117
95 15 6241.490
95 16 6357.812
95 17 8402.662
95 18 1868.446
95 19 6788.230
95 20 5074.358
95 21 696.095
95 22 1583.371
95 23 2661.122
95 24 5050.621
95 25 5930.596
95 26 10038.756
95 27 7069.917
95 28 1932.152
95 29 9169.211
95 30 10160.163
95 31 4314.246
95 32 9260.874
95 33 8382.984
95 34 8026.222
95 35 6596.742
95 36 5676.474
95 37 7547.154
95 38 10452.221
95 39 8796.349
95 40 6503.115
95 41 5617.361
95 42 2767.688
95 43 2731.767
95 44 7381.096
95 45 10984.701
95 46 3224.954
95 47 5444.699
95 48 9421.174
95 49 6392.512
95 50 5246.929
95 51 5429.253
95 52 2991.057
95 53 8893.341
95 54 6886.036
95 55 5390.534
95 56 6889.108
95 57 5030.472
95 58 7444.314
95 59 6788.569
95 60 9532.411
95 61 4813.141
95 62 3707.497
95 63 5029.425
95 64 4618.548
95 65 4478.494
95 66 3598.783
95 67 11105.897
95 68 3918.511
95 69 1137.481
95 70 6391.107
95 71 7705.639
95 72 3661.283
95 73 2050.012
95 74 2159.277
95 75 7823.432
95 76 3550.485
95 77 8388.752
95 78 7490.230
95 79 1558.265
95 80 7153.339
95 81 8384.649
95 82 3130.667
95 83 653.335
95 84 8156.404
95 85 6248.137
95 86 4070.242
95 87 3657.565
95 88 7394.574
95 89 7801.457
95 90 11800.913
95 91 1138.997
95 92 4841.135
95 93 4160.412
95 94 6085.187
95 95 0.000
95 96 4244.736
95 97 6880.763
95 98 1810.232
95 99 5510.564
95 100 9591.567
96 0 3700.423
96 1 3106.038
96 2 4150.963
96 3 5596.384
96 4 2154.697
96 5 2337.137
96 6 4469.453
96 7 5140.992
96 8 7405.116
96 9 6448.085
96 10 6841.567
96 11 2749.957
96 12 1395.081
96 13 2200.323
96 14 3143.424
96 15 5623.311
96 16 6551.985
96 17 4856.417
96 18 3444.615
96 19 4020.462
96 20 2457.926
96 21 4106.765
96 22 2744.603
96 23 4085.606
96 24 4126.899
96 25 3548.141
96 26 7375.526
96 27 3717.138
96 28 5914.406
96 29 5683.961
96 30 7949.837
96 31 3916.085
96 32 6670.797
96 33 6921.186
96 34 5878.073
96 35 5627.350
96 36 2466.605
96 37 5858.661
96 38 7870.771
96 39 4769.126
96 40 4084.734
96 41 4932.140
96 42 5165.207
96 43 2235.178
96 44 6062.663
96 45 8241.115
96 46 1022.003
96 47 1317.435
96 48 6072.054
96 49 5044.594
96 50 1308.928
96 51 1907.935
96 52 6030.833
96 53 6166.540
96 54 3116.871
96 55 1171.406
96 56 2774.037
96 57 1588.583
96 58 4817.878
96 59 6376.251
96 60 5858.065
96 61 786.216
96 62 788.418
96 63 3461.492
96 64 963.614
96 65 1844.014
96 66 3590.311
96 67 7503.177
96 68 4258.662
96 69 4893.463
96 70 4334.269
96 71 3469.781
96 72 6207.537
96 73 2255.964
96 74 5663.341
96 75 4620.001
96 76 1044.103
96 77 5695.190
96 78 3433.291
96 79 3906.898
96 80 5290.471
96 81 5460.060
96 82 5664.871
96 83 3596.909
96 84 4392.410
96 85 2543.724
96 86 1158.106
96 87 5465.238
96 88 3278.913
96 89 5405.912
96 90 8702.949
96 91 5299.530
96 92 4382.716
96 93 2836.984
96 94 1888.525
96 95 4244.736
96 96 0.000
96 97 5340.890
96 98 2720.519
96 99 3889.758
96 100 6607.860
97 0 1648.901
97 1 3982.787
97 2 5026.898
97 3 2386.674
97 4 6344.957
97 5 7159.404
97 6 1109.964
97 7 5782.971
97 8 4221.687
97 9 4678.073
97 10 2399.042
97 11 4349.535
97 12 6729.324
97 13 3776.388
97 14 3918.624
97 15 1360.169
97 16 2621.560
97 17 3821.022
97 18 5013.387
97 19 2044.232
97 20 2892.094
97 21 6246.015
97 22 6396.065
97 23 4410.487
97 24 1832.648
97 25 1885.727
97 26 3473.370
97 27 3075.946
97 28 7238.898
97 29 4085.836
97 30 3312.479
97 31 2588.570
97 32 2746.172
97 33 1617.161
97 34 1352.993
97 35 855.417
97 36 3185.338
97 37 667.364
97 38 3776.703
97 39 5358.425
97 40 1572.585
97 41 1481.273
97 42 5147.468
97 43 4493.134
97 44 733.935
97 45 4388.879
97 46 5512.642
97 47 6050.445
97 48 3969.258
97 49 503.605
97 50 4484.090
97 51 3761.074
97 52 6019.589
97 53 2627.738
97 54 7749.012
97 55 5172.161
97 56 6863.428
97 57 6842.146
97 58 1777.875
97 59 1797.291
97 60 4736.076
97 61 4782.893
97 62 5916.084
97 63 2029.648
97 64 6264.593
97 65 3512.281
97 66 3291.079
97 67 5706.912
97 68 3149.880
97 69 6535.918
97 70 1100.354
97 71 6593.981
97 72 5472.932
97 73 5493.226
97 74 6465.756
97 75 2898.635
97 76 4709.683
97 77 2256.782
97 78 7452.355
97 79 5400.301
97 80 520.669
97 81 2614.297
97 82 5339.647
97 83 6427.293
97 84 4244.690
97 85 3820.713
97 86 4250.767
97 87 4488.431
97 88 5089.341
97 89 1520.418
97 90 5479.447
97 91 7244.556
97 92 2136.736
97 93 2922.854
97 94 5132.088
97 95 6880.763
97 96 5340.890
97 97 0.000
97 98 5306.210
97 99 1523.762
97 100 3483.542
98 0 4054.765
98 1 5105.216
98 2 1593.865
98 3 4348.988
98 4 1504.089
98 5 4905.519
98 6 4201.183
98 7 2470.102
98 8 8663.066
98 9 8157.947
98 10 5810.233
98 11 962.471
98 12 3250.314
98 13 1709.218
98 14 1469.362
98 15 4896.698
98 16 5319.330
98 17 6592.817
98 18 868.568
98 19 5004.508
98 20 3269.567
98 21 1447.553
98 22 1184.729
98 23 1815.221
98 24 3525.022
98 25 4167.541
98 26 8309.666
98 27 5259.696
98 28 3216.057
98 29 7359.319
98 30 8514.511
98 31 2871.915
98 32 7534.709
98 33 6877.409
98 34 6356.024
98 35 5161.734
98 36 3867.401
98 37 5961.204
98 38 8740.430
98 39 7035.109
98 40 4751.939
98 41 4209.936
98 42 2654.109
98 43 927.285
98 44 5881.814
98 45 9251.311
98 46 1792.818
98 47 4020.709
98 48 7615.778
98 49 4843.450
98 50 3530.435
98 51 3641.441
98 52 3398.681
98 53 7142.921
98 54 5695.131
98 55 3780.106
98 56 5486.912
98 57 3892.546
98 58 5686.714
98 59 5543.098
98 60 7724.206
98 61 3147.958
98 62 2418.281
98 63 3347.408
98 64 3349.831
98 65 2668.808
98 66 2183.752
98 67 9295.686
98 68 2714.249
98 69 2193.936
98 70 4690.924
98 71 6162.236
98 72 3729.371
98 73 561.633
98 74 2948.162
98 75 6019.133
98 76 1843.405
98 77 6636.635
98 78 6135.014
98 79 1220.079
98 80 5516.402
98 81 6605.449
98 82 3153.348
98 83 1208.318
98 84 6357.878
98 85 4461.400
98 86 2304.024
98 87 3226.944
98 88 5676.178
98 89 6083.283
98 90 10024.546
98 91 2685.727
98 92 3440.583
98 93 2445.263
98 94 4435.569
98 95 1810.232
98 96 2720.519
98 97 5306.210
98 98 0.000
98 99 3850.268
98 100 7815.995
99 0 561.673
99 1 3230.392
99 2 3821.200
99 3 2310.817
99 4 4825.554
99 5 5868.711
99 6 601.841
99 7 4714.486
99 8 5076.226
99 9 5041.970
99 10 3141.640
99 11 2912.979
99 12 5261.869
99 13 2261.448
99 14 2549.485
99 15 1855.142
99 16 3044.412
99 17 3767.875
99 18 3668.584
99 19 1732.532
99 20 1520.245
99 21 4914.822
99 22 4902.396
99 23 3246.942
99 24 801.767
99 25 940.674
99 26 4554.641
99 27 2603.047
99 28 6119.838
99 29 4307.124
99 30 4666.134
99 31 1455.426
99 32 3777.639
99 33 3140.782
99 34 2516.796
99 35 1750.372
99 36 2053.452
99 37 2142.710
99 38 4949.467
99 39 4992.011
99 40 1226.365
99 41 1296.589
99 42 4185.133
99 43 2999.545
99 44 2206.194
99 45 5501.816
99 46 3995.127
99 47 4732.449
99 48 4374.015
99 49 1159.540
99 50 3196.558
99 51 2534.014
99 52 5143.613
99 53 3466.294
99 54 6520.028
99 55 3888.625
99 56 5723.371
99 57 5435.260
99 58 2099.728
99 59 2596.641
99 60 4869.531
99 61 3409.163
99 62 4420.800
99 63 511.925
99 64 4836.139
99 65 2045.756
99 66 2036.074
99 67 6170.670
99 68 2158.348
99 69 5310.455
99 70 912.625
99 71 5658.893
99 72 4764.876
99 73 3994.851
99 74 5415.069
99 75 2900.980
99 76 3196.492
99 77 2979.094
99 78 6357.925
99 79 4110.757
99 80 1666.965
99 81 3107.777
99 82 4489.607
99 83 5010.722
99 84 3939.602
99 85 2855.494
99 86 2765.510
99 87 3743.868
99 88 4311.878
99 89 2321.189
99 90 6421.250
99 91 6003.137
99 92 1311.163
99 93 1419.878
99 94 3995.325
99 95 5510.564
99 96 3889.758
99 97 1523.762
99 98 3850.268
99 99 0.000
99 100 4246.827
100 0 3849.077
100 1 3723.161
100 2 8055.711
100 3 5869.433
100 4 8366.941
100 5 7455.536
100 6 4270.651
100 7 8960.827
100 8 847.325
100 9 1584.187
100 10 5636.017
100 11 6974.837
100 12 7890.664
100 13 6106.829
100 14 6719.630
100 15 4830.131
100 16 6012.113
100 17 2113.795
100 18 7825.404
100 19 2813.629
100 20 4587.176
100 21 9057.119
100 22 8666.053
100 23 7492.287
100 24 4956.420
100 25 3662.592
100 26 1041.605
100 27 2898.137
100 28 10362.824
100 29 1550.978
100 30 2186.442
100 31 5689.475
100 32 983.459
100 33 3339.869
100 34 2180.322
100 35 4297.655
100 36 4199.402
100 37 3039.464
100 38 1519.842
100 39 3601.245
100 40 3105.726
100 41 4906.650
100 42 8411.583
100 43 6892.110
100 44 3640.485
100 45 1676.867
100 46 7255.908
100 47 6626.872
100 48 1067.973
100 49 3912.830
100 50 5333.685
100 51 4705.973
100 52 9347.312
100 53 856.550
100 54 7744.586
100 55 5818.160
100 56 6700.879
100 57 7661.897
100 58 2166.364
100 59 5094.616
100 60 2093.377
100 61 5835.277
100 62 7374.509
100 63 4648.640
100 64 7268.824
100 65 5270.906
100 66 6277.131
100 67 2334.203
100 68 6369.070
100 69 9525.157
100 70 3338.448
100 71 5895.096
100 72 8880.533
100 73 7787.107
100 74 9661.146
100 75 1990.852
100 76 6506.409
100 77 1279.615
100 78 7056.030
100 79 8303.136
100 80 2978.460
100 81 1211.984
100 82 8677.904
100 83 9023.234
100 84 2833.312
100 85 4122.233
100 86 5916.637
100 87 7870.411
100 88 4392.224
100 89 2006.374
100 90 2209.418
100 91 10203.377
100 92 5404.583
100 93 5449.117
100 94 5348.292
100 95 9591.567
100 96 6607.860
100 97 3483.542
100 98 7815.995
100 99 4246.827
100 100 0.000
