Instance,Customer group,Repetition,Strategy,Gamma set,Gamma1,Gamma2,Gamma3,Gamma4,Seed,Solver exit code,Initial cost,Improved cost,Worst cost,Mean cost,Elapsed seconds,Feasibility,Truck routes,Drone routes,Validated makespan,Deadline violation,Energy violation,Capacity violation,Full solution
200.10.1,200,1,adaptive,g1,0.3,0.2,0.1,0.3,42,0,10181.571477,7071.622955,7071.622955,7071.622955,1933.670178,FEASIBLE,"Truck 1: 0 114 113 36 187 199 0 134 107 76 104 95 6 0 14 146 119 32 151 3 0 |Truck Time: 7071.251402|7071.251402,0.000000,0.000000,0.000000
Truck 2: 0 195 24 63 127 157 2 181 41 39 0 129 68 0 144 82 135 67 100 46 140 0 |Truck Time: 7062.716855|7062.716855,0.000000,0.000000,0.000000
Truck 3: 0 50 167 29 0 49 198 101 7 10 52 115 125 0 150 4 57 153 0 |Truck Time: 7071.622955|7071.622955,0.000000,0.000000,0.000000
Truck 4: 0 161 35 15 0 130 175 124 80 0 154 131 177 16 120 0 81 117 147 34 22 137 102 69 90 83 0 |Truck Time: 6951.673743|6951.673743,0.000000,0.000000,0.000000
Truck 5: 0 51 72 0 27 133 12 192 91 159 156 0 180 105 86 190 176 152 139 73 30 78 197 126 122 0 |Truck Time: 7047.859620|7047.859620,0.000000,0.000000,0.000000","Drone 1: 0 88 0 128 26 0 178 53 0 23 141 0 31 0 43 188 0 58 0 45 77 110 193 0 112 59 0 108 0 155 0 |Drone Time: 7068.460366|7068.460366,0.000000,0.000000,0.000000
Drone 2: 0 148 0 162 99 87 0 61 96 158 0 21 168 172 0 191 200 0 28 17 0 5 74 0 75 0 132 0 18 0 8 173 0 89 47 0 |Drone Time: 7036.421915|7036.421915,0.000000,0.000000,0.000000
Drone 3: 0 179 185 0 194 138 0 48 94 0 98 103 0 85 111 38 0 56 0 171 0 149 40 0 60 0 9 0 184 25 0 163 0 20 136 0 |Drone Time: 7070.084555|7070.084555,0.000000,0.000000,0.000000
Drone 4: 0 118 11 160 79 0 97 0 123 93 0 182 189 170 165 0 116 164 0 166 44 0 37 55 0 42 109 0 183 64 84 145 1 0 92 0 |Drone Time: 7070.736905|7070.736905,0.000000,0.000000,0.000000
Drone 5: 0 65 106 66 0 13 0 33 0 19 0 121 71 0 186 0 196 0 142 0 54 70 0 174 62 0 169 0 143 0 |Drone Time: 7064.385735|7064.385735,0.000000,0.000000,0.000000",7071.622955,0.0,0.0,0.0,"Truck Routes:
Truck 1: 0 114 113 36 187 199 0 134 107 76 104 95 6 0 14 146 119 32 151 3 0 |Truck Time: 7071.251402|7071.251402,0.000000,0.000000,0.000000
Truck 2: 0 195 24 63 127 157 2 181 41 39 0 129 68 0 144 82 135 67 100 46 140 0 |Truck Time: 7062.716855|7062.716855,0.000000,0.000000,0.000000
Truck 3: 0 50 167 29 0 49 198 101 7 10 52 115 125 0 150 4 57 153 0 |Truck Time: 7071.622955|7071.622955,0.000000,0.000000,0.000000
Truck 4: 0 161 35 15 0 130 175 124 80 0 154 131 177 16 120 0 81 117 147 34 22 137 102 69 90 83 0 |Truck Time: 6951.673743|6951.673743,0.000000,0.000000,0.000000
Truck 5: 0 51 72 0 27 133 12 192 91 159 156 0 180 105 86 190 176 152 139 73 30 78 197 126 122 0 |Truck Time: 7047.859620|7047.859620,0.000000,0.000000,0.000000
Drone Routes:
Drone 1: 0 88 0 128 26 0 178 53 0 23 141 0 31 0 43 188 0 58 0 45 77 110 193 0 112 59 0 108 0 155 0 |Drone Time: 7068.460366|7068.460366,0.000000,0.000000,0.000000
Drone 2: 0 148 0 162 99 87 0 61 96 158 0 21 168 172 0 191 200 0 28 17 0 5 74 0 75 0 132 0 18 0 8 173 0 89 47 0 |Drone Time: 7036.421915|7036.421915,0.000000,0.000000,0.000000
Drone 3: 0 179 185 0 194 138 0 48 94 0 98 103 0 85 111 38 0 56 0 171 0 149 40 0 60 0 9 0 184 25 0 163 0 20 136 0 |Drone Time: 7070.084555|7070.084555,0.000000,0.000000,0.000000
Drone 4: 0 118 11 160 79 0 97 0 123 93 0 182 189 170 165 0 116 164 0 166 44 0 37 55 0 42 109 0 183 64 84 145 1 0 92 0 |Drone Time: 7070.736905|7070.736905,0.000000,0.000000,0.000000
Drone 5: 0 65 106 66 0 13 0 33 0 19 0 121 71 0 186 0 196 0 142 0 54 70 0 174 62 0 169 0 143 0 |Drone Time: 7064.385735|7064.385735,0.000000,0.000000,0.000000
Total validation: Makespan=7071.622955, Deadline violation=0.000000, Energy violation=0.000000, Capacity violation=0.000000"
200.10.1,200,1,adaptive,g2,0.5,0.3,0.1,0.3,42,0,10181.571477,7071.622955,7071.622955,7071.622955,1916.220813,FEASIBLE,"Truck 1: 0 114 113 36 187 199 0 134 107 76 104 95 6 0 14 146 119 32 151 3 0 |Truck Time: 7071.251402|7071.251402,0.000000,0.000000,0.000000
Truck 2: 0 195 24 63 127 157 2 181 41 39 0 129 68 0 144 82 135 67 100 46 140 0 |Truck Time: 7062.716855|7062.716855,0.000000,0.000000,0.000000
Truck 3: 0 50 167 29 0 49 198 101 7 10 52 115 125 0 150 4 57 153 0 |Truck Time: 7071.622955|7071.622955,0.000000,0.000000,0.000000
Truck 4: 0 161 35 15 0 130 175 124 80 0 154 131 177 16 120 0 81 117 147 34 22 137 102 69 90 83 0 |Truck Time: 6951.673743|6951.673743,0.000000,0.000000,0.000000
Truck 5: 0 51 72 0 27 133 12 192 91 159 156 0 180 105 86 190 176 152 139 73 30 78 197 126 122 0 |Truck Time: 7047.859620|7047.859620,0.000000,0.000000,0.000000","Drone 1: 0 88 0 128 26 0 178 53 0 23 141 0 31 0 43 188 0 58 0 45 77 110 193 0 112 59 0 108 0 155 0 |Drone Time: 7068.460366|7068.460366,0.000000,0.000000,0.000000
Drone 2: 0 148 0 162 99 87 0 61 96 158 0 21 168 172 0 191 200 0 28 17 0 5 74 0 75 0 132 0 18 0 8 173 0 89 47 0 |Drone Time: 7036.421915|7036.421915,0.000000,0.000000,0.000000
Drone 3: 0 179 185 0 194 138 0 48 94 0 98 103 0 85 111 38 0 56 0 171 0 149 40 0 60 0 9 0 184 25 0 163 0 20 136 0 |Drone Time: 7070.084555|7070.084555,0.000000,0.000000,0.000000
Drone 4: 0 118 11 160 79 0 97 0 123 93 0 182 189 170 165 0 116 164 0 166 44 0 37 55 0 42 109 0 183 64 84 145 1 0 92 0 |Drone Time: 7070.736905|7070.736905,0.000000,0.000000,0.000000
Drone 5: 0 65 106 66 0 13 0 33 0 19 0 121 71 0 186 0 196 0 142 0 54 70 0 174 62 0 169 0 143 0 |Drone Time: 7064.385735|7064.385735,0.000000,0.000000,0.000000",7071.622955,0.0,0.0,0.0,"Truck Routes:
Truck 1: 0 114 113 36 187 199 0 134 107 76 104 95 6 0 14 146 119 32 151 3 0 |Truck Time: 7071.251402|7071.251402,0.000000,0.000000,0.000000
Truck 2: 0 195 24 63 127 157 2 181 41 39 0 129 68 0 144 82 135 67 100 46 140 0 |Truck Time: 7062.716855|7062.716855,0.000000,0.000000,0.000000
Truck 3: 0 50 167 29 0 49 198 101 7 10 52 115 125 0 150 4 57 153 0 |Truck Time: 7071.622955|7071.622955,0.000000,0.000000,0.000000
Truck 4: 0 161 35 15 0 130 175 124 80 0 154 131 177 16 120 0 81 117 147 34 22 137 102 69 90 83 0 |Truck Time: 6951.673743|6951.673743,0.000000,0.000000,0.000000
Truck 5: 0 51 72 0 27 133 12 192 91 159 156 0 180 105 86 190 176 152 139 73 30 78 197 126 122 0 |Truck Time: 7047.859620|7047.859620,0.000000,0.000000,0.000000
Drone Routes:
Drone 1: 0 88 0 128 26 0 178 53 0 23 141 0 31 0 43 188 0 58 0 45 77 110 193 0 112 59 0 108 0 155 0 |Drone Time: 7068.460366|7068.460366,0.000000,0.000000,0.000000
Drone 2: 0 148 0 162 99 87 0 61 96 158 0 21 168 172 0 191 200 0 28 17 0 5 74 0 75 0 132 0 18 0 8 173 0 89 47 0 |Drone Time: 7036.421915|7036.421915,0.000000,0.000000,0.000000
Drone 3: 0 179 185 0 194 138 0 48 94 0 98 103 0 85 111 38 0 56 0 171 0 149 40 0 60 0 9 0 184 25 0 163 0 20 136 0 |Drone Time: 7070.084555|7070.084555,0.000000,0.000000,0.000000
Drone 4: 0 118 11 160 79 0 97 0 123 93 0 182 189 170 165 0 116 164 0 166 44 0 37 55 0 42 109 0 183 64 84 145 1 0 92 0 |Drone Time: 7070.736905|7070.736905,0.000000,0.000000,0.000000
Drone 5: 0 65 106 66 0 13 0 33 0 19 0 121 71 0 186 0 196 0 142 0 54 70 0 174 62 0 169 0 143 0 |Drone Time: 7064.385735|7064.385735,0.000000,0.000000,0.000000
Total validation: Makespan=7071.622955, Deadline violation=0.000000, Energy violation=0.000000, Capacity violation=0.000000"
200.10.1,200,1,adaptive,g3,0.3,0.2,0.1,0.6,42,0,10181.571477,7071.622955,7071.622955,7071.622955,987.225625,FEASIBLE,"Truck 1: 0 114 113 36 187 199 0 134 107 76 104 95 6 0 14 146 119 32 151 3 0 |Truck Time: 7071.251402|7071.251402,0.000000,0.000000,0.000000
Truck 2: 0 195 24 63 127 157 2 181 41 39 0 129 68 0 144 82 135 67 100 46 140 0 |Truck Time: 7062.716855|7062.716855,0.000000,0.000000,0.000000
Truck 3: 0 50 167 29 0 49 198 101 7 10 52 115 125 0 150 4 57 153 0 |Truck Time: 7071.622955|7071.622955,0.000000,0.000000,0.000000
Truck 4: 0 161 35 15 0 130 175 124 80 0 154 131 177 16 120 0 81 117 147 34 22 137 102 69 90 83 0 |Truck Time: 6951.673743|6951.673743,0.000000,0.000000,0.000000
Truck 5: 0 51 72 0 27 133 12 192 91 159 156 0 180 105 86 190 176 152 139 73 30 78 197 126 122 0 |Truck Time: 7047.859620|7047.859620,0.000000,0.000000,0.000000","Drone 1: 0 88 0 128 26 0 178 53 0 23 141 0 31 0 43 188 0 58 0 45 77 110 193 0 112 59 0 108 0 155 0 |Drone Time: 7068.460366|7068.460366,0.000000,0.000000,0.000000
Drone 2: 0 148 0 162 99 87 0 61 96 158 0 21 168 172 0 191 200 0 28 17 0 5 74 0 75 0 132 0 18 0 8 173 0 89 47 0 |Drone Time: 7036.421915|7036.421915,0.000000,0.000000,0.000000
Drone 3: 0 179 185 0 194 138 0 48 94 0 98 103 0 85 111 38 0 56 0 171 0 149 40 0 60 0 9 0 184 25 0 163 0 20 136 0 |Drone Time: 7070.084555|7070.084555,0.000000,0.000000,0.000000
Drone 4: 0 118 11 160 79 0 97 0 123 93 0 182 189 170 165 0 116 164 0 166 44 0 37 55 0 42 109 0 183 64 84 145 1 0 92 0 |Drone Time: 7070.736905|7070.736905,0.000000,0.000000,0.000000
Drone 5: 0 65 106 66 0 13 0 33 0 19 0 121 71 0 186 0 196 0 142 0 54 70 0 174 62 0 169 0 143 0 |Drone Time: 7064.385735|7064.385735,0.000000,0.000000,0.000000",7071.622955,0.0,0.0,0.0,"Truck Routes:
Truck 1: 0 114 113 36 187 199 0 134 107 76 104 95 6 0 14 146 119 32 151 3 0 |Truck Time: 7071.251402|7071.251402,0.000000,0.000000,0.000000
Truck 2: 0 195 24 63 127 157 2 181 41 39 0 129 68 0 144 82 135 67 100 46 140 0 |Truck Time: 7062.716855|7062.716855,0.000000,0.000000,0.000000
Truck 3: 0 50 167 29 0 49 198 101 7 10 52 115 125 0 150 4 57 153 0 |Truck Time: 7071.622955|7071.622955,0.000000,0.000000,0.000000
Truck 4: 0 161 35 15 0 130 175 124 80 0 154 131 177 16 120 0 81 117 147 34 22 137 102 69 90 83 0 |Truck Time: 6951.673743|6951.673743,0.000000,0.000000,0.000000
Truck 5: 0 51 72 0 27 133 12 192 91 159 156 0 180 105 86 190 176 152 139 73 30 78 197 126 122 0 |Truck Time: 7047.859620|7047.859620,0.000000,0.000000,0.000000
Drone Routes:
Drone 1: 0 88 0 128 26 0 178 53 0 23 141 0 31 0 43 188 0 58 0 45 77 110 193 0 112 59 0 108 0 155 0 |Drone Time: 7068.460366|7068.460366,0.000000,0.000000,0.000000
Drone 2: 0 148 0 162 99 87 0 61 96 158 0 21 168 172 0 191 200 0 28 17 0 5 74 0 75 0 132 0 18 0 8 173 0 89 47 0 |Drone Time: 7036.421915|7036.421915,0.000000,0.000000,0.000000
Drone 3: 0 179 185 0 194 138 0 48 94 0 98 103 0 85 111 38 0 56 0 171 0 149 40 0 60 0 9 0 184 25 0 163 0 20 136 0 |Drone Time: 7070.084555|7070.084555,0.000000,0.000000,0.000000
Drone 4: 0 118 11 160 79 0 97 0 123 93 0 182 189 170 165 0 116 164 0 166 44 0 37 55 0 42 109 0 183 64 84 145 1 0 92 0 |Drone Time: 7070.736905|7070.736905,0.000000,0.000000,0.000000
Drone 5: 0 65 106 66 0 13 0 33 0 19 0 121 71 0 186 0 196 0 142 0 54 70 0 174 62 0 169 0 143 0 |Drone Time: 7064.385735|7064.385735,0.000000,0.000000,0.000000
Total validation: Makespan=7071.622955, Deadline violation=0.000000, Energy violation=0.000000, Capacity violation=0.000000"
200.10.1,200,1,adaptive,g4,0.5,0.3,0.1,0.6,42,0,10181.571477,7071.622955,7071.622955,7071.622955,1903.996902,FEASIBLE,"Truck 1: 0 114 113 36 187 199 0 134 107 76 104 95 6 0 14 146 119 32 151 3 0 |Truck Time: 7071.251402|7071.251402,0.000000,0.000000,0.000000
Truck 2: 0 195 24 63 127 157 2 181 41 39 0 129 68 0 144 82 135 67 100 46 140 0 |Truck Time: 7062.716855|7062.716855,0.000000,0.000000,0.000000
Truck 3: 0 50 167 29 0 49 198 101 7 10 52 115 125 0 150 4 57 153 0 |Truck Time: 7071.622955|7071.622955,0.000000,0.000000,0.000000
Truck 4: 0 161 35 15 0 130 175 124 80 0 154 131 177 16 120 0 81 117 147 34 22 137 102 69 90 83 0 |Truck Time: 6951.673743|6951.673743,0.000000,0.000000,0.000000
Truck 5: 0 51 72 0 27 133 12 192 91 159 156 0 180 105 86 190 176 152 139 73 30 78 197 126 122 0 |Truck Time: 7047.859620|7047.859620,0.000000,0.000000,0.000000","Drone 1: 0 88 0 128 26 0 178 53 0 23 141 0 31 0 43 188 0 58 0 45 77 110 193 0 112 59 0 108 0 155 0 |Drone Time: 7068.460366|7068.460366,0.000000,0.000000,0.000000
Drone 2: 0 148 0 162 99 87 0 61 96 158 0 21 168 172 0 191 200 0 28 17 0 5 74 0 75 0 132 0 18 0 8 173 0 89 47 0 |Drone Time: 7036.421915|7036.421915,0.000000,0.000000,0.000000
Drone 3: 0 179 185 0 194 138 0 48 94 0 98 103 0 85 111 38 0 56 0 171 0 149 40 0 60 0 9 0 184 25 0 163 0 20 136 0 |Drone Time: 7070.084555|7070.084555,0.000000,0.000000,0.000000
Drone 4: 0 118 11 160 79 0 97 0 123 93 0 182 189 170 165 0 116 164 0 166 44 0 37 55 0 42 109 0 183 64 84 145 1 0 92 0 |Drone Time: 7070.736905|7070.736905,0.000000,0.000000,0.000000
Drone 5: 0 65 106 66 0 13 0 33 0 19 0 121 71 0 186 0 196 0 142 0 54 70 0 174 62 0 169 0 143 0 |Drone Time: 7064.385735|7064.385735,0.000000,0.000000,0.000000",7071.622955,0.0,0.0,0.0,"Truck Routes:
Truck 1: 0 114 113 36 187 199 0 134 107 76 104 95 6 0 14 146 119 32 151 3 0 |Truck Time: 7071.251402|7071.251402,0.000000,0.000000,0.000000
Truck 2: 0 195 24 63 127 157 2 181 41 39 0 129 68 0 144 82 135 67 100 46 140 0 |Truck Time: 7062.716855|7062.716855,0.000000,0.000000,0.000000
Truck 3: 0 50 167 29 0 49 198 101 7 10 52 115 125 0 150 4 57 153 0 |Truck Time: 7071.622955|7071.622955,0.000000,0.000000,0.000000
Truck 4: 0 161 35 15 0 130 175 124 80 0 154 131 177 16 120 0 81 117 147 34 22 137 102 69 90 83 0 |Truck Time: 6951.673743|6951.673743,0.000000,0.000000,0.000000
Truck 5: 0 51 72 0 27 133 12 192 91 159 156 0 180 105 86 190 176 152 139 73 30 78 197 126 122 0 |Truck Time: 7047.859620|7047.859620,0.000000,0.000000,0.000000
Drone Routes:
Drone 1: 0 88 0 128 26 0 178 53 0 23 141 0 31 0 43 188 0 58 0 45 77 110 193 0 112 59 0 108 0 155 0 |Drone Time: 7068.460366|7068.460366,0.000000,0.000000,0.000000
Drone 2: 0 148 0 162 99 87 0 61 96 158 0 21 168 172 0 191 200 0 28 17 0 5 74 0 75 0 132 0 18 0 8 173 0 89 47 0 |Drone Time: 7036.421915|7036.421915,0.000000,0.000000,0.000000
Drone 3: 0 179 185 0 194 138 0 48 94 0 98 103 0 85 111 38 0 56 0 171 0 149 40 0 60 0 9 0 184 25 0 163 0 20 136 0 |Drone Time: 7070.084555|7070.084555,0.000000,0.000000,0.000000
Drone 4: 0 118 11 160 79 0 97 0 123 93 0 182 189 170 165 0 116 164 0 166 44 0 37 55 0 42 109 0 183 64 84 145 1 0 92 0 |Drone Time: 7070.736905|7070.736905,0.000000,0.000000,0.000000
Drone 5: 0 65 106 66 0 13 0 33 0 19 0 121 71 0 186 0 196 0 142 0 54 70 0 174 62 0 169 0 143 0 |Drone Time: 7064.385735|7064.385735,0.000000,0.000000,0.000000
Total validation: Makespan=7071.622955, Deadline violation=0.000000, Energy violation=0.000000, Capacity violation=0.000000"
200.10.1,200,1,cyclic,,,,,,42,0,10181.571477,7256.646152,7256.646152,7256.646152,1508.5359,FEASIBLE,"Truck 1: 0 200 88 82 187 46 140 0 49 52 146 0 134 33 122 50 0 |Truck Time: 7256.646152|7256.646152,0.000000,0.000000,0.000000
Truck 2: 0 173 0 151 166 41 39 2 157 181 196 148 24 0 195 56 171 51 21 11 72 6 0 35 155 129 153 0 |Truck Time: 7205.989980|7205.989980,0.000000,0.000000,0.000000
Truck 3: 0 126 197 111 78 30 73 167 0 125 101 7 10 0 120 59 115 143 60 15 0 |Truck Time: 7255.785706|7255.785706,0.000000,0.000000,0.000000
Truck 4: 0 42 68 16 177 127 63 69 102 22 137 90 0 161 38 178 86 0 130 117 182 124 0 |Truck Time: 7235.076442|7235.076442,0.000000,0.000000,0.000000
Truck 5: 0 100 75 135 199 145 62 18 0 180 105 136 20 47 0 79 159 12 27 107 17 76 104 28 0 |Truck Time: 7240.571517|7240.571517,0.000000,0.000000,0.000000","Drone 1: 0 43 113 0 121 71 0 132 0 98 103 0 84 176 154 0 92 0 123 0 133 0 57 0 85 77 141 192 0 179 185 0 |Drone Time: 7255.315742|7255.315742,0.000000,0.000000,0.000000
Drone 2: 0 139 191 0 58 44 0 61 149 0 45 40 0 175 138 0 163 112 0 118 168 193 0 144 31 0 190 183 0 150 0 169 174 64 0 8 131 0 |Drone Time: 7238.014957|7238.014957,0.000000,0.000000,0.000000
Drone 3: 0 110 23 0 87 0 158 67 0 95 160 97 0 198 65 0 116 26 172 0 25 152 0 108 0 9 0 94 0 54 0 |Drone Time: 7234.098187|7234.098187,0.000000,0.000000,0.000000
Drone 4: 0 194 165 93 170 0 114 128 1 0 70 106 0 147 0 36 164 0 3 0 142 55 0 34 189 0 14 83 0 156 80 0 53 29 0 |Drone Time: 7222.629036|7222.629036,0.000000,0.000000,0.000000
Drone 5: 0 96 74 0 162 186 99 0 188 0 19 66 0 13 0 91 0 4 48 0 109 184 0 37 0 81 89 0 5 32 119 0 |Drone Time: 7253.885787|7253.885787,0.000000,0.000000,0.000000",7256.646152,0.0,0.0,0.0,"Truck Routes:
Truck 1: 0 200 88 82 187 46 140 0 49 52 146 0 134 33 122 50 0 |Truck Time: 7256.646152|7256.646152,0.000000,0.000000,0.000000
Truck 2: 0 173 0 151 166 41 39 2 157 181 196 148 24 0 195 56 171 51 21 11 72 6 0 35 155 129 153 0 |Truck Time: 7205.989980|7205.989980,0.000000,0.000000,0.000000
Truck 3: 0 126 197 111 78 30 73 167 0 125 101 7 10 0 120 59 115 143 60 15 0 |Truck Time: 7255.785706|7255.785706,0.000000,0.000000,0.000000
Truck 4: 0 42 68 16 177 127 63 69 102 22 137 90 0 161 38 178 86 0 130 117 182 124 0 |Truck Time: 7235.076442|7235.076442,0.000000,0.000000,0.000000
Truck 5: 0 100 75 135 199 145 62 18 0 180 105 136 20 47 0 79 159 12 27 107 17 76 104 28 0 |Truck Time: 7240.571517|7240.571517,0.000000,0.000000,0.000000
Drone Routes:
Drone 1: 0 43 113 0 121 71 0 132 0 98 103 0 84 176 154 0 92 0 123 0 133 0 57 0 85 77 141 192 0 179 185 0 |Drone Time: 7255.315742|7255.315742,0.000000,0.000000,0.000000
Drone 2: 0 139 191 0 58 44 0 61 149 0 45 40 0 175 138 0 163 112 0 118 168 193 0 144 31 0 190 183 0 150 0 169 174 64 0 8 131 0 |Drone Time: 7238.014957|7238.014957,0.000000,0.000000,0.000000
Drone 3: 0 110 23 0 87 0 158 67 0 95 160 97 0 198 65 0 116 26 172 0 25 152 0 108 0 9 0 94 0 54 0 |Drone Time: 7234.098187|7234.098187,0.000000,0.000000,0.000000
Drone 4: 0 194 165 93 170 0 114 128 1 0 70 106 0 147 0 36 164 0 3 0 142 55 0 34 189 0 14 83 0 156 80 0 53 29 0 |Drone Time: 7222.629036|7222.629036,0.000000,0.000000,0.000000
Drone 5: 0 96 74 0 162 186 99 0 188 0 19 66 0 13 0 91 0 4 48 0 109 184 0 37 0 81 89 0 5 32 119 0 |Drone Time: 7253.885787|7253.885787,0.000000,0.000000,0.000000
Total validation: Makespan=7256.646152, Deadline violation=0.000000, Energy violation=0.000000, Capacity violation=0.000000"
200.10.1,200,1,random,,,,,,42,0,10181.571477,7117.61228,7117.61228,7117.61228,1665.127872,FEASIBLE,"Truck 1: 0 100 75 1 0 27 133 159 12 107 17 0 24 157 2 181 148 0 |Truck Time: 7117.612280|7117.612280,0.000000,0.000000,0.000000
Truck 2: 0 51 0 14 151 194 124 147 69 102 13 22 117 175 0 18 62 53 29 190 176 73 30 78 111 122 0 |Truck Time: 7114.225068|7114.225068,0.000000,0.000000,0.000000
Truck 3: 0 197 126 50 0 68 108 87 7 10 101 125 0 49 52 115 163 120 15 0 |Truck Time: 7048.765876|7048.765876,0.000000,0.000000,0.000000
Truck 4: 0 89 173 131 8 154 177 16 0 119 58 44 39 41 0 144 31 149 155 42 129 169 153 0 161 0 |Truck Time: 7017.349063|7017.349063,0.000000,0.000000,0.000000
Truck 5: 0 200 88 82 199 140 0 6 95 193 33 134 76 104 28 0 180 105 178 86 11 118 47 0 |Truck Time: 7097.195819|7097.195819,0.000000,0.000000,0.000000","Drone 1: 0 91 0 182 170 34 0 37 0 130 0 26 0 45 0 96 164 0 48 98 103 0 186 0 72 0 3 0 57 0 |Drone Time: 7107.972501|7107.972501,0.000000,0.000000,0.000000
Drone 2: 0 172 174 145 0 137 138 71 0 146 106 0 168 84 0 5 185 0 162 109 0 25 184 0 38 64 83 90 80 0 156 20 0 56 0 136 81 0 171 21 0 |Drone Time: 7112.343986|7112.343986,0.000000,0.000000,0.000000
Drone 3: 0 166 0 79 97 192 141 0 66 99 54 0 121 189 0 77 110 160 0 70 0 139 191 0 152 85 0 135 0 9 0 94 0 |Drone Time: 7115.826891|7115.826891,0.000000,0.000000,0.000000
Drone 4: 0 195 0 150 0 43 188 0 127 63 165 0 67 187 114 0 55 4 0 46 158 0 198 65 0 60 0 61 132 0 183 116 128 0 |Drone Time: 7110.081411|7110.081411,0.000000,0.000000,0.000000
Drone 5: 0 32 196 0 23 0 93 123 0 59 112 0 167 0 113 40 35 0 142 0 74 36 0 92 0 19 0 179 143 0 |Drone Time: 7092.048635|7092.048635,0.000000,0.000000,0.000000",7117.61228,0.0,0.0,0.0,"Truck Routes:
Truck 1: 0 100 75 1 0 27 133 159 12 107 17 0 24 157 2 181 148 0 |Truck Time: 7117.612280|7117.612280,0.000000,0.000000,0.000000
Truck 2: 0 51 0 14 151 194 124 147 69 102 13 22 117 175 0 18 62 53 29 190 176 73 30 78 111 122 0 |Truck Time: 7114.225068|7114.225068,0.000000,0.000000,0.000000
Truck 3: 0 197 126 50 0 68 108 87 7 10 101 125 0 49 52 115 163 120 15 0 |Truck Time: 7048.765876|7048.765876,0.000000,0.000000,0.000000
Truck 4: 0 89 173 131 8 154 177 16 0 119 58 44 39 41 0 144 31 149 155 42 129 169 153 0 161 0 |Truck Time: 7017.349063|7017.349063,0.000000,0.000000,0.000000
Truck 5: 0 200 88 82 199 140 0 6 95 193 33 134 76 104 28 0 180 105 178 86 11 118 47 0 |Truck Time: 7097.195819|7097.195819,0.000000,0.000000,0.000000
Drone Routes:
Drone 1: 0 91 0 182 170 34 0 37 0 130 0 26 0 45 0 96 164 0 48 98 103 0 186 0 72 0 3 0 57 0 |Drone Time: 7107.972501|7107.972501,0.000000,0.000000,0.000000
Drone 2: 0 172 174 145 0 137 138 71 0 146 106 0 168 84 0 5 185 0 162 109 0 25 184 0 38 64 83 90 80 0 156 20 0 56 0 136 81 0 171 21 0 |Drone Time: 7112.343986|7112.343986,0.000000,0.000000,0.000000
Drone 3: 0 166 0 79 97 192 141 0 66 99 54 0 121 189 0 77 110 160 0 70 0 139 191 0 152 85 0 135 0 9 0 94 0 |Drone Time: 7115.826891|7115.826891,0.000000,0.000000,0.000000
Drone 4: 0 195 0 150 0 43 188 0 127 63 165 0 67 187 114 0 55 4 0 46 158 0 198 65 0 60 0 61 132 0 183 116 128 0 |Drone Time: 7110.081411|7110.081411,0.000000,0.000000,0.000000
Drone 5: 0 32 196 0 23 0 93 123 0 59 112 0 167 0 113 40 35 0 142 0 74 36 0 92 0 19 0 179 143 0 |Drone Time: 7092.048635|7092.048635,0.000000,0.000000,0.000000
Total validation: Makespan=7117.612280, Deadline violation=0.000000, Energy violation=0.000000, Capacity violation=0.000000"
200.10.1,200,2,adaptive,g1,0.3,0.2,0.1,0.3,43,0,10237.177381,7440.093791,7440.093791,7440.093791,1455.423449,FEASIBLE,"Truck 1: 0 39 181 157 0 123 159 92 0 154 109 142 70 150 169 0 |Truck Time: 7370.982033|7370.982033,0.000000,0.000000,0.000000
Truck 2: 0 68 42 155 129 0 100 199 135 158 187 46 140 161 0 58 194 24 69 13 102 147 124 0 |Truck Time: 7410.613531|7410.613531,0.000000,0.000000,0.000000
Truck 3: 0 144 31 35 0 47 79 156 133 12 107 134 104 72 118 0 125 101 198 49 52 143 60 15 0 |Truck Time: 7260.303810|7260.303810,0.000000,0.000000,0.000000
Truck 4: 0 184 37 45 94 0 53 176 190 122 85 0 108 87 10 7 99 120 16 0 |Truck Time: 7439.111253|7439.111253,0.000000,0.000000,0.000000
Truck 5: 0 132 67 82 88 200 29 62 86 56 180 0 119 166 151 0 171 51 50 126 197 78 111 9 178 0 |Truck Time: 7440.093791|7440.093791,0.000000,0.000000,0.000000","Drone 1: 0 160 192 97 0 20 23 0 93 2 0 74 77 110 0 40 149 0 131 0 177 25 0 114 164 0 18 0 3 0 127 138 0 |Drone Time: 7290.353855|7290.353855,0.000000,0.000000,0.000000
Drone 2: 0 145 139 0 19 55 48 153 0 168 141 0 121 34 0 188 0 75 96 0 196 0 136 38 0 89 195 0 146 32 0 57 0 173 65 0 |Drone Time: 7434.401711|7434.401711,0.000000,0.000000,0.000000
Drone 3: 0 165 63 117 0 163 66 0 6 11 0 162 186 112 0 90 41 0 14 5 0 95 28 0 175 137 0 36 30 0 27 0 130 83 0 |Drone Time: 7218.170666|7218.170666,0.000000,0.000000,0.000000
Drone 4: 0 179 0 73 0 193 17 183 0 71 170 189 0 172 174 43 106 0 59 8 0 81 182 80 0 185 0 33 0 1 113 0 105 21 0 |Drone Time: 7403.370837|7403.370837,0.000000,0.000000,0.000000
Drone 5: 0 22 0 26 116 0 4 54 0 98 103 0 64 84 167 0 91 0 148 44 0 76 0 115 0 61 128 0 152 191 0 |Drone Time: 7432.627585|7432.627585,0.000000,0.000000,0.000000",7440.093791,0.0,0.0,0.0,"Truck Routes:
Truck 1: 0 39 181 157 0 123 159 92 0 154 109 142 70 150 169 0 |Truck Time: 7370.982033|7370.982033,0.000000,0.000000,0.000000
Truck 2: 0 68 42 155 129 0 100 199 135 158 187 46 140 161 0 58 194 24 69 13 102 147 124 0 |Truck Time: 7410.613531|7410.613531,0.000000,0.000000,0.000000
Truck 3: 0 144 31 35 0 47 79 156 133 12 107 134 104 72 118 0 125 101 198 49 52 143 60 15 0 |Truck Time: 7260.303810|7260.303810,0.000000,0.000000,0.000000
Truck 4: 0 184 37 45 94 0 53 176 190 122 85 0 108 87 10 7 99 120 16 0 |Truck Time: 7439.111253|7439.111253,0.000000,0.000000,0.000000
Truck 5: 0 132 67 82 88 200 29 62 86 56 180 0 119 166 151 0 171 51 50 126 197 78 111 9 178 0 |Truck Time: 7440.093791|7440.093791,0.000000,0.000000,0.000000
Drone Routes:
Drone 1: 0 160 192 97 0 20 23 0 93 2 0 74 77 110 0 40 149 0 131 0 177 25 0 114 164 0 18 0 3 0 127 138 0 |Drone Time: 7290.353855|7290.353855,0.000000,0.000000,0.000000
Drone 2: 0 145 139 0 19 55 48 153 0 168 141 0 121 34 0 188 0 75 96 0 196 0 136 38 0 89 195 0 146 32 0 57 0 173 65 0 |Drone Time: 7434.401711|7434.401711,0.000000,0.000000,0.000000
Drone 3: 0 165 63 117 0 163 66 0 6 11 0 162 186 112 0 90 41 0 14 5 0 95 28 0 175 137 0 36 30 0 27 0 130 83 0 |Drone Time: 7218.170666|7218.170666,0.000000,0.000000,0.000000
Drone 4: 0 179 0 73 0 193 17 183 0 71 170 189 0 172 174 43 106 0 59 8 0 81 182 80 0 185 0 33 0 1 113 0 105 21 0 |Drone Time: 7403.370837|7403.370837,0.000000,0.000000,0.000000
Drone 5: 0 22 0 26 116 0 4 54 0 98 103 0 64 84 167 0 91 0 148 44 0 76 0 115 0 61 128 0 152 191 0 |Drone Time: 7432.627585|7432.627585,0.000000,0.000000,0.000000
Total validation: Makespan=7440.093791, Deadline violation=0.000000, Energy violation=0.000000, Capacity violation=0.000000"
200.10.1,200,2,adaptive,g2,0.5,0.3,0.1,0.3,43,0,10237.177381,7440.093791,7440.093791,7440.093791,1417.441216,FEASIBLE,"Truck 1: 0 39 181 157 0 123 159 92 0 154 109 142 70 150 169 0 |Truck Time: 7370.982033|7370.982033,0.000000,0.000000,0.000000
Truck 2: 0 68 42 155 129 0 100 199 135 158 187 46 140 161 0 58 194 24 69 13 102 147 124 0 |Truck Time: 7410.613531|7410.613531,0.000000,0.000000,0.000000
Truck 3: 0 144 31 35 0 47 79 156 133 12 107 134 104 72 118 0 125 101 198 49 52 143 60 15 0 |Truck Time: 7260.303810|7260.303810,0.000000,0.000000,0.000000
Truck 4: 0 184 37 45 94 0 53 176 190 122 85 0 108 87 10 7 99 120 16 0 |Truck Time: 7439.111253|7439.111253,0.000000,0.000000,0.000000
Truck 5: 0 132 67 82 88 200 29 62 86 56 180 0 119 166 151 0 171 51 50 126 197 78 111 9 178 0 |Truck Time: 7440.093791|7440.093791,0.000000,0.000000,0.000000","Drone 1: 0 160 192 97 0 20 23 0 93 2 0 74 77 110 0 40 149 0 131 0 177 25 0 114 164 0 18 0 3 0 127 138 0 |Drone Time: 7290.353855|7290.353855,0.000000,0.000000,0.000000
Drone 2: 0 145 139 0 19 55 48 153 0 168 141 0 121 34 0 188 0 75 96 0 196 0 136 38 0 89 195 0 146 32 0 57 0 173 65 0 |Drone Time: 7434.401711|7434.401711,0.000000,0.000000,0.000000
Drone 3: 0 165 63 117 0 163 66 0 6 11 0 162 186 112 0 90 41 0 14 5 0 95 28 0 175 137 0 36 30 0 27 0 130 83 0 |Drone Time: 7218.170666|7218.170666,0.000000,0.000000,0.000000
Drone 4: 0 179 0 73 0 193 17 183 0 71 170 189 0 172 174 43 106 0 59 8 0 81 182 80 0 185 0 33 0 1 113 0 105 21 0 |Drone Time: 7403.370837|7403.370837,0.000000,0.000000,0.000000
Drone 5: 0 22 0 26 116 0 4 54 0 98 103 0 64 84 167 0 91 0 148 44 0 76 0 115 0 61 128 0 152 191 0 |Drone Time: 7432.627585|7432.627585,0.000000,0.000000,0.000000",7440.093791,0.0,0.0,0.0,"Truck Routes:
Truck 1: 0 39 181 157 0 123 159 92 0 154 109 142 70 150 169 0 |Truck Time: 7370.982033|7370.982033,0.000000,0.000000,0.000000
Truck 2: 0 68 42 155 129 0 100 199 135 158 187 46 140 161 0 58 194 24 69 13 102 147 124 0 |Truck Time: 7410.613531|7410.613531,0.000000,0.000000,0.000000
Truck 3: 0 144 31 35 0 47 79 156 133 12 107 134 104 72 118 0 125 101 198 49 52 143 60 15 0 |Truck Time: 7260.303810|7260.303810,0.000000,0.000000,0.000000
Truck 4: 0 184 37 45 94 0 53 176 190 122 85 0 108 87 10 7 99 120 16 0 |Truck Time: 7439.111253|7439.111253,0.000000,0.000000,0.000000
Truck 5: 0 132 67 82 88 200 29 62 86 56 180 0 119 166 151 0 171 51 50 126 197 78 111 9 178 0 |Truck Time: 7440.093791|7440.093791,0.000000,0.000000,0.000000
Drone Routes:
Drone 1: 0 160 192 97 0 20 23 0 93 2 0 74 77 110 0 40 149 0 131 0 177 25 0 114 164 0 18 0 3 0 127 138 0 |Drone Time: 7290.353855|7290.353855,0.000000,0.000000,0.000000
Drone 2: 0 145 139 0 19 55 48 153 0 168 141 0 121 34 0 188 0 75 96 0 196 0 136 38 0 89 195 0 146 32 0 57 0 173 65 0 |Drone Time: 7434.401711|7434.401711,0.000000,0.000000,0.000000
Drone 3: 0 165 63 117 0 163 66 0 6 11 0 162 186 112 0 90 41 0 14 5 0 95 28 0 175 137 0 36 30 0 27 0 130 83 0 |Drone Time: 7218.170666|7218.170666,0.000000,0.000000,0.000000
Drone 4: 0 179 0 73 0 193 17 183 0 71 170 189 0 172 174 43 106 0 59 8 0 81 182 80 0 185 0 33 0 1 113 0 105 21 0 |Drone Time: 7403.370837|7403.370837,0.000000,0.000000,0.000000
Drone 5: 0 22 0 26 116 0 4 54 0 98 103 0 64 84 167 0 91 0 148 44 0 76 0 115 0 61 128 0 152 191 0 |Drone Time: 7432.627585|7432.627585,0.000000,0.000000,0.000000
Total validation: Makespan=7440.093791, Deadline violation=0.000000, Energy violation=0.000000, Capacity violation=0.000000"
200.10.1,200,2,adaptive,g3,0.3,0.2,0.1,0.6,43,0,10237.177381,7440.093791,7440.093791,7440.093791,1423.607863,FEASIBLE,"Truck 1: 0 39 181 157 0 123 159 92 0 154 109 142 70 150 169 0 |Truck Time: 7370.982033|7370.982033,0.000000,0.000000,0.000000
Truck 2: 0 68 42 155 129 0 100 199 135 158 187 46 140 161 0 58 194 24 69 13 102 147 124 0 |Truck Time: 7410.613531|7410.613531,0.000000,0.000000,0.000000
Truck 3: 0 144 31 35 0 47 79 156 133 12 107 134 104 72 118 0 125 101 198 49 52 143 60 15 0 |Truck Time: 7260.303810|7260.303810,0.000000,0.000000,0.000000
Truck 4: 0 184 37 45 94 0 53 176 190 122 85 0 108 87 10 7 99 120 16 0 |Truck Time: 7439.111253|7439.111253,0.000000,0.000000,0.000000
Truck 5: 0 132 67 82 88 200 29 62 86 56 180 0 119 166 151 0 171 51 50 126 197 78 111 9 178 0 |Truck Time: 7440.093791|7440.093791,0.000000,0.000000,0.000000","Drone 1: 0 160 192 97 0 20 23 0 93 2 0 74 77 110 0 40 149 0 131 0 177 25 0 114 164 0 18 0 3 0 127 138 0 |Drone Time: 7290.353855|7290.353855,0.000000,0.000000,0.000000
Drone 2: 0 145 139 0 19 55 48 153 0 168 141 0 121 34 0 188 0 75 96 0 196 0 136 38 0 89 195 0 146 32 0 57 0 173 65 0 |Drone Time: 7434.401711|7434.401711,0.000000,0.000000,0.000000
Drone 3: 0 165 63 117 0 163 66 0 6 11 0 162 186 112 0 90 41 0 14 5 0 95 28 0 175 137 0 36 30 0 27 0 130 83 0 |Drone Time: 7218.170666|7218.170666,0.000000,0.000000,0.000000
Drone 4: 0 179 0 73 0 193 17 183 0 71 170 189 0 172 174 43 106 0 59 8 0 81 182 80 0 185 0 33 0 1 113 0 105 21 0 |Drone Time: 7403.370837|7403.370837,0.000000,0.000000,0.000000
Drone 5: 0 22 0 26 116 0 4 54 0 98 103 0 64 84 167 0 91 0 148 44 0 76 0 115 0 61 128 0 152 191 0 |Drone Time: 7432.627585|7432.627585,0.000000,0.000000,0.000000",7440.093791,0.0,0.0,0.0,"Truck Routes:
Truck 1: 0 39 181 157 0 123 159 92 0 154 109 142 70 150 169 0 |Truck Time: 7370.982033|7370.982033,0.000000,0.000000,0.000000
Truck 2: 0 68 42 155 129 0 100 199 135 158 187 46 140 161 0 58 194 24 69 13 102 147 124 0 |Truck Time: 7410.613531|7410.613531,0.000000,0.000000,0.000000
Truck 3: 0 144 31 35 0 47 79 156 133 12 107 134 104 72 118 0 125 101 198 49 52 143 60 15 0 |Truck Time: 7260.303810|7260.303810,0.000000,0.000000,0.000000
Truck 4: 0 184 37 45 94 0 53 176 190 122 85 0 108 87 10 7 99 120 16 0 |Truck Time: 7439.111253|7439.111253,0.000000,0.000000,0.000000
Truck 5: 0 132 67 82 88 200 29 62 86 56 180 0 119 166 151 0 171 51 50 126 197 78 111 9 178 0 |Truck Time: 7440.093791|7440.093791,0.000000,0.000000,0.000000
Drone Routes:
Drone 1: 0 160 192 97 0 20 23 0 93 2 0 74 77 110 0 40 149 0 131 0 177 25 0 114 164 0 18 0 3 0 127 138 0 |Drone Time: 7290.353855|7290.353855,0.000000,0.000000,0.000000
Drone 2: 0 145 139 0 19 55 48 153 0 168 141 0 121 34 0 188 0 75 96 0 196 0 136 38 0 89 195 0 146 32 0 57 0 173 65 0 |Drone Time: 7434.401711|7434.401711,0.000000,0.000000,0.000000
Drone 3: 0 165 63 117 0 163 66 0 6 11 0 162 186 112 0 90 41 0 14 5 0 95 28 0 175 137 0 36 30 0 27 0 130 83 0 |Drone Time: 7218.170666|7218.170666,0.000000,0.000000,0.000000
Drone 4: 0 179 0 73 0 193 17 183 0 71 170 189 0 172 174 43 106 0 59 8 0 81 182 80 0 185 0 33 0 1 113 0 105 21 0 |Drone Time: 7403.370837|7403.370837,0.000000,0.000000,0.000000
Drone 5: 0 22 0 26 116 0 4 54 0 98 103 0 64 84 167 0 91 0 148 44 0 76 0 115 0 61 128 0 152 191 0 |Drone Time: 7432.627585|7432.627585,0.000000,0.000000,0.000000
Total validation: Makespan=7440.093791, Deadline violation=0.000000, Energy violation=0.000000, Capacity violation=0.000000"
200.10.1,200,2,adaptive,g4,0.5,0.3,0.1,0.6,43,0,10237.177381,7440.093791,7440.093791,7440.093791,1411.253897,FEASIBLE,"Truck 1: 0 39 181 157 0 123 159 92 0 154 109 142 70 150 169 0 |Truck Time: 7370.982033|7370.982033,0.000000,0.000000,0.000000
Truck 2: 0 68 42 155 129 0 100 199 135 158 187 46 140 161 0 58 194 24 69 13 102 147 124 0 |Truck Time: 7410.613531|7410.613531,0.000000,0.000000,0.000000
Truck 3: 0 144 31 35 0 47 79 156 133 12 107 134 104 72 118 0 125 101 198 49 52 143 60 15 0 |Truck Time: 7260.303810|7260.303810,0.000000,0.000000,0.000000
Truck 4: 0 184 37 45 94 0 53 176 190 122 85 0 108 87 10 7 99 120 16 0 |Truck Time: 7439.111253|7439.111253,0.000000,0.000000,0.000000
Truck 5: 0 132 67 82 88 200 29 62 86 56 180 0 119 166 151 0 171 51 50 126 197 78 111 9 178 0 |Truck Time: 7440.093791|7440.093791,0.000000,0.000000,0.000000","Drone 1: 0 160 192 97 0 20 23 0 93 2 0 74 77 110 0 40 149 0 131 0 177 25 0 114 164 0 18 0 3 0 127 138 0 |Drone Time: 7290.353855|7290.353855,0.000000,0.000000,0.000000
Drone 2: 0 145 139 0 19 55 48 153 0 168 141 0 121 34 0 188 0 75 96 0 196 0 136 38 0 89 195 0 146 32 0 57 0 173 65 0 |Drone Time: 7434.401711|7434.401711,0.000000,0.000000,0.000000
Drone 3: 0 165 63 117 0 163 66 0 6 11 0 162 186 112 0 90 41 0 14 5 0 95 28 0 175 137 0 36 30 0 27 0 130 83 0 |Drone Time: 7218.170666|7218.170666,0.000000,0.000000,0.000000
Drone 4: 0 179 0 73 0 193 17 183 0 71 170 189 0 172 174 43 106 0 59 8 0 81 182 80 0 185 0 33 0 1 113 0 105 21 0 |Drone Time: 7403.370837|7403.370837,0.000000,0.000000,0.000000
Drone 5: 0 22 0 26 116 0 4 54 0 98 103 0 64 84 167 0 91 0 148 44 0 76 0 115 0 61 128 0 152 191 0 |Drone Time: 7432.627585|7432.627585,0.000000,0.000000,0.000000",7440.093791,0.0,0.0,0.0,"Truck Routes:
Truck 1: 0 39 181 157 0 123 159 92 0 154 109 142 70 150 169 0 |Truck Time: 7370.982033|7370.982033,0.000000,0.000000,0.000000
Truck 2: 0 68 42 155 129 0 100 199 135 158 187 46 140 161 0 58 194 24 69 13 102 147 124 0 |Truck Time: 7410.613531|7410.613531,0.000000,0.000000,0.000000
Truck 3: 0 144 31 35 0 47 79 156 133 12 107 134 104 72 118 0 125 101 198 49 52 143 60 15 0 |Truck Time: 7260.303810|7260.303810,0.000000,0.000000,0.000000
Truck 4: 0 184 37 45 94 0 53 176 190 122 85 0 108 87 10 7 99 120 16 0 |Truck Time: 7439.111253|7439.111253,0.000000,0.000000,0.000000
Truck 5: 0 132 67 82 88 200 29 62 86 56 180 0 119 166 151 0 171 51 50 126 197 78 111 9 178 0 |Truck Time: 7440.093791|7440.093791,0.000000,0.000000,0.000000
Drone Routes:
Drone 1: 0 160 192 97 0 20 23 0 93 2 0 74 77 110 0 40 149 0 131 0 177 25 0 114 164 0 18 0 3 0 127 138 0 |Drone Time: 7290.353855|7290.353855,0.000000,0.000000,0.000000
Drone 2: 0 145 139 0 19 55 48 153 0 168 141 0 121 34 0 188 0 75 96 0 196 0 136 38 0 89 195 0 146 32 0 57 0 173 65 0 |Drone Time: 7434.401711|7434.401711,0.000000,0.000000,0.000000
Drone 3: 0 165 63 117 0 163 66 0 6 11 0 162 186 112 0 90 41 0 14 5 0 95 28 0 175 137 0 36 30 0 27 0 130 83 0 |Drone Time: 7218.170666|7218.170666,0.000000,0.000000,0.000000
Drone 4: 0 179 0 73 0 193 17 183 0 71 170 189 0 172 174 43 106 0 59 8 0 81 182 80 0 185 0 33 0 1 113 0 105 21 0 |Drone Time: 7403.370837|7403.370837,0.000000,0.000000,0.000000
Drone 5: 0 22 0 26 116 0 4 54 0 98 103 0 64 84 167 0 91 0 148 44 0 76 0 115 0 61 128 0 152 191 0 |Drone Time: 7432.627585|7432.627585,0.000000,0.000000,0.000000
Total validation: Makespan=7440.093791, Deadline violation=0.000000, Energy violation=0.000000, Capacity violation=0.000000"
200.10.1,200,2,cyclic,,,,,,43,0,10237.177381,7300.8596,7300.8596,7300.8596,1490.902898,FEASIBLE,"Truck 1: 0 166 148 0 97 92 133 159 123 0 10 101 106 7 59 163 0 |Truck Time: 7117.751927|7117.751927,0.000000,0.000000,0.000000
Truck 2: 0 114 113 188 158 135 100 75 132 0 173 14 0 194 196 181 157 13 22 102 69 0 |Truck Time: 7300.859600|7300.859600,0.000000,0.000000,0.000000
Truck 3: 0 27 91 17 107 134 0 50 85 197 126 180 161 0 49 198 52 125 0 195 0 |Truck Time: 7298.573692|7298.573692,0.000000,0.000000,0.000000
Truck 4: 0 131 184 37 155 169 0 167 73 78 111 9 122 0 150 70 142 186 87 162 108 177 0 |Truck Time: 7294.873677|7294.873677,0.000000,0.000000,0.000000
Truck 5: 0 191 152 190 145 140 62 86 171 118 6 0 5 151 58 41 39 24 0 51 72 0 |Truck Time: 7283.408766|7283.408766,0.000000,0.000000,0.000000","Drone 1: 0 61 128 43 40 48 55 0 200 67 0 104 0 12 137 0 90 165 63 127 0 89 0 136 154 0 4 0 149 0 18 172 174 0 3 0 |Drone Time: 7076.332889|7076.332889,0.000000,0.000000,0.000000
Drone 2: 0 60 0 199 96 0 84 193 160 192 20 0 121 93 138 0 36 82 0 117 170 0 124 0 42 45 0 175 34 0 120 0 115 0 15 8 0 |Drone Time: 7258.190297|7258.190297,0.000000,0.000000,0.000000
Drone 3: 0 129 11 0 38 23 141 0 76 0 185 0 2 0 19 54 0 33 0 168 0 30 0 47 0 179 143 0 147 0 94 0 |Drone Time: 7297.053387|7297.053387,0.000000,0.000000,0.000000
Drone 4: 0 153 31 99 112 0 164 116 0 119 32 44 0 183 26 46 0 146 109 0 81 80 182 0 68 1 0 178 64 77 95 0 144 25 0 105 21 0 |Drone Time: 7281.189619|7281.189619,0.000000,0.000000,0.000000
Drone 5: 0 74 0 110 28 0 16 66 65 0 98 103 0 88 187 0 56 0 130 83 35 0 176 139 0 156 79 0 189 71 0 57 0 53 29 0 |Drone Time: 7273.227401|7273.227401,0.000000,0.000000,0.000000",7300.8596,0.0,0.0,0.0,"Truck Routes:
Truck 1: 0 166 148 0 97 92 133 159 123 0 10 101 106 7 59 163 0 |Truck Time: 7117.751927|7117.751927,0.000000,0.000000,0.000000
Truck 2: 0 114 113 188 158 135 100 75 132 0 173 14 0 194 196 181 157 13 22 102 69 0 |Truck Time: 7300.859600|7300.859600,0.000000,0.000000,0.000000
Truck 3: 0 27 91 17 107 134 0 50 85 197 126 180 161 0 49 198 52 125 0 195 0 |Truck Time: 7298.573692|7298.573692,0.000000,0.000000,0.000000
Truck 4: 0 131 184 37 155 169 0 167 73 78 111 9 122 0 150 70 142 186 87 162 108 177 0 |Truck Time: 7294.873677|7294.873677,0.000000,0.000000,0.000000
Truck 5: 0 191 152 190 145 140 62 86 171 118 6 0 5 151 58 41 39 24 0 51 72 0 |Truck Time: 7283.408766|7283.408766,0.000000,0.000000,0.000000
Drone Routes:
Drone 1: 0 61 128 43 40 48 55 0 200 67 0 104 0 12 137 0 90 165 63 127 0 89 0 136 154 0 4 0 149 0 18 172 174 0 3 0 |Drone Time: 7076.332889|7076.332889,0.000000,0.000000,0.000000
Drone 2: 0 60 0 199 96 0 84 193 160 192 20 0 121 93 138 0 36 82 0 117 170 0 124 0 42 45 0 175 34 0 120 0 115 0 15 8 0 |Drone Time: 7258.190297|7258.190297,0.000000,0.000000,0.000000
Drone 3: 0 129 11 0 38 23 141 0 76 0 185 0 2 0 19 54 0 33 0 168 0 30 0 47 0 179 143 0 147 0 94 0 |Drone Time: 7297.053387|7297.053387,0.000000,0.000000,0.000000
Drone 4: 0 153 31 99 112 0 164 116 0 119 32 44 0 183 26 46 0 146 109 0 81 80 182 0 68 1 0 178 64 77 95 0 144 25 0 105 21 0 |Drone Time: 7281.189619|7281.189619,0.000000,0.000000,0.000000
Drone 5: 0 74 0 110 28 0 16 66 65 0 98 103 0 88 187 0 56 0 130 83 35 0 176 139 0 156 79 0 189 71 0 57 0 53 29 0 |Drone Time: 7273.227401|7273.227401,0.000000,0.000000,0.000000
Total validation: Makespan=7300.859600, Deadline violation=0.000000, Energy violation=0.000000, Capacity violation=0.000000"
200.10.1,200,2,random,,,,,,43,0,10237.177381,7205.205969,7205.205969,7205.205969,1802.442108,FEASIBLE,"Truck 1: 0 24 157 127 194 151 0 97 92 133 12 159 156 79 0 49 198 125 177 0 |Truck Time: 7205.205969|7205.205969,0.000000,0.000000,0.000000
Truck 2: 0 82 187 74 128 188 43 113 114 149 0 144 132 75 67 158 135 140 161 0 171 21 105 51 56 47 0 |Truck Time: 7200.054177|7200.054177,0.000000,0.000000,0.000000
Truck 3: 0 134 107 76 104 28 180 0 120 163 115 52 7 10 0 199 100 0 |Truck Time: 7200.749868|7200.749868,0.000000,0.000000,0.000000
Truck 4: 0 42 25 184 37 94 9 122 168 111 78 167 0 150 57 162 87 142 186 19 131 8 0 |Truck Time: 7201.311512|7201.311512,0.000000,0.000000,0.000000
Truck 5: 0 86 62 200 190 176 152 191 73 50 0 58 44 39 41 148 0 72 6 193 126 197 0 |Truck Time: 7149.031596|7149.031596,0.000000,0.000000,0.000000","Drone 1: 0 139 174 0 99 106 0 26 116 0 178 0 118 91 0 121 71 0 48 55 98 103 0 4 0 36 164 0 18 172 64 0 3 0 |Drone Time: 7204.757904|7204.757904,0.000000,0.000000,0.000000
Drone 2: 0 102 0 14 0 160 192 20 0 59 112 0 60 11 0 40 96 88 0 80 182 0 27 0 46 145 0 130 83 0 129 61 0 173 5 0 |Drone Time: 7159.176675|7159.176675,0.000000,0.000000,0.000000
Drone 3: 0 68 0 147 63 0 181 0 108 0 16 0 90 32 119 0 70 54 0 33 0 175 138 0 30 0 123 0 143 0 195 89 0 |Drone Time: 7195.818738|7195.818738,0.000000,0.000000,0.000000
Drone 4: 0 166 0 31 0 45 65 0 101 66 0 117 0 53 29 183 0 146 154 0 81 2 0 179 185 0 1 77 17 110 0 153 155 0 15 38 0 |Drone Time: 7183.565051|7183.565051,0.000000,0.000000,0.000000
Drone 5: 0 84 95 23 0 85 141 0 93 170 196 0 13 0 165 69 0 22 0 124 34 0 136 0 189 137 0 109 0 169 35 0 |Drone Time: 7184.910965|7184.910965,0.000000,0.000000,0.000000",7205.205969,0.0,0.0,0.0,"Truck Routes:
Truck 1: 0 24 157 127 194 151 0 97 92 133 12 159 156 79 0 49 198 125 177 0 |Truck Time: 7205.205969|7205.205969,0.000000,0.000000,0.000000
Truck 2: 0 82 187 74 128 188 43 113 114 149 0 144 132 75 67 158 135 140 161 0 171 21 105 51 56 47 0 |Truck Time: 7200.054177|7200.054177,0.000000,0.000000,0.000000
Truck 3: 0 134 107 76 104 28 180 0 120 163 115 52 7 10 0 199 100 0 |Truck Time: 7200.749868|7200.749868,0.000000,0.000000,0.000000
Truck 4: 0 42 25 184 37 94 9 122 168 111 78 167 0 150 57 162 87 142 186 19 131 8 0 |Truck Time: 7201.311512|7201.311512,0.000000,0.000000,0.000000
Truck 5: 0 86 62 200 190 176 152 191 73 50 0 58 44 39 41 148 0 72 6 193 126 197 0 |Truck Time: 7149.031596|7149.031596,0.000000,0.000000,0.000000
Drone Routes:
Drone 1: 0 139 174 0 99 106 0 26 116 0 178 0 118 91 0 121 71 0 48 55 98 103 0 4 0 36 164 0 18 172 64 0 3 0 |Drone Time: 7204.757904|7204.757904,0.000000,0.000000,0.000000
Drone 2: 0 102 0 14 0 160 192 20 0 59 112 0 60 11 0 40 96 88 0 80 182 0 27 0 46 145 0 130 83 0 129 61 0 173 5 0 |Drone Time: 7159.176675|7159.176675,0.000000,0.000000,0.000000
Drone 3: 0 68 0 147 63 0 181 0 108 0 16 0 90 32 119 0 70 54 0 33 0 175 138 0 30 0 123 0 143 0 195 89 0 |Drone Time: 7195.818738|7195.818738,0.000000,0.000000,0.000000
Drone 4: 0 166 0 31 0 45 65 0 101 66 0 117 0 53 29 183 0 146 154 0 81 2 0 179 185 0 1 77 17 110 0 153 155 0 15 38 0 |Drone Time: 7183.565051|7183.565051,0.000000,0.000000,0.000000
Drone 5: 0 84 95 23 0 85 141 0 93 170 196 0 13 0 165 69 0 22 0 124 34 0 136 0 189 137 0 109 0 169 35 0 |Drone Time: 7184.910965|7184.910965,0.000000,0.000000,0.000000
Total validation: Makespan=7205.205969, Deadline violation=0.000000, Energy violation=0.000000, Capacity violation=0.000000"
200.10.1,200,3,adaptive,g1,0.3,0.2,0.1,0.3,44,0,10145.921841,6543.331182,6543.331182,6543.331182,2373.852807,FEASIBLE,"Truck 1: 0 49 198 101 106 66 99 7 10 59 19 131 0 86 176 190 152 73 30 111 122 168 33 134 0 |Truck Time: 6534.726819|6534.726819,0.000000,0.000000,0.000000
Truck 2: 0 24 157 2 181 127 165 63 13 102 69 0 150 108 87 112 125 52 143 60 146 173 0 |Truck Time: 6465.199835|6465.199835,0.000000,0.000000,0.000000
Truck 3: 0 6 79 156 123 121 22 34 124 89 0 3 14 151 166 194 0 174 145 62 18 0 |Truck Time: 6537.796711|6537.796711,0.000000,0.000000,0.000000
Truck 4: 0 144 135 158 82 100 75 149 94 155 129 0 81 130 117 175 0 177 16 163 120 0 |Truck Time: 6502.226614|6502.226614,0.000000,0.000000,0.000000
Truck 5: 0 97 133 92 136 0 58 44 39 41 196 148 0 171 72 76 17 107 104 28 0 |Truck Time: 6543.331182|6543.331182,0.000000,0.000000,0.000000","Drone 1: 0 147 90 0 42 43 128 0 56 0 197 84 0 68 35 0 154 5 179 0 61 26 187 0 185 0 183 8 162 142 0 103 114 0 |Drone Time: 6541.483259|6541.483259,0.000000,0.000000,0.000000
Drone 2: 0 105 0 189 138 137 0 51 64 0 153 48 4 0 159 141 0 118 21 167 0 25 184 0 38 110 191 0 50 0 178 53 0 172 199 46 0 |Drone Time: 6508.854199|6508.854199,0.000000,0.000000,0.000000
Drone 3: 0 169 0 140 0 186 54 0 193 91 0 115 0 200 0 70 109 0 27 0 20 12 0 11 126 0 47 0 57 55 0 |Drone Time: 6535.944388|6535.944388,0.000000,0.000000,0.000000
Drone 4: 0 132 0 32 65 0 77 23 195 0 78 0 74 36 0 113 1 0 31 98 0 45 0 180 0 9 0 29 0 161 0 |Drone Time: 6465.559923|6465.559923,0.000000,0.000000,0.000000
Drone 5: 0 164 116 0 182 93 71 0 88 96 67 0 40 188 0 85 139 0 83 170 80 0 37 0 119 0 15 0 95 160 192 0 |Drone Time: 6411.611033|6411.611033,0.000000,0.000000,0.000000",6543.331182,0.0,0.0,0.0,"Truck Routes:
Truck 1: 0 49 198 101 106 66 99 7 10 59 19 131 0 86 176 190 152 73 30 111 122 168 33 134 0 |Truck Time: 6534.726819|6534.726819,0.000000,0.000000,0.000000
Truck 2: 0 24 157 2 181 127 165 63 13 102 69 0 150 108 87 112 125 52 143 60 146 173 0 |Truck Time: 6465.199835|6465.199835,0.000000,0.000000,0.000000
Truck 3: 0 6 79 156 123 121 22 34 124 89 0 3 14 151 166 194 0 174 145 62 18 0 |Truck Time: 6537.796711|6537.796711,0.000000,0.000000,0.000000
Truck 4: 0 144 135 158 82 100 75 149 94 155 129 0 81 130 117 175 0 177 16 163 120 0 |Truck Time: 6502.226614|6502.226614,0.000000,0.000000,0.000000
Truck 5: 0 97 133 92 136 0 58 44 39 41 196 148 0 171 72 76 17 107 104 28 0 |Truck Time: 6543.331182|6543.331182,0.000000,0.000000,0.000000
Drone Routes:
Drone 1: 0 147 90 0 42 43 128 0 56 0 197 84 0 68 35 0 154 5 179 0 61 26 187 0 185 0 183 8 162 142 0 103 114 0 |Drone Time: 6541.483259|6541.483259,0.000000,0.000000,0.000000
Drone 2: 0 105 0 189 138 137 0 51 64 0 153 48 4 0 159 141 0 118 21 167 0 25 184 0 38 110 191 0 50 0 178 53 0 172 199 46 0 |Drone Time: 6508.854199|6508.854199,0.000000,0.000000,0.000000
Drone 3: 0 169 0 140 0 186 54 0 193 91 0 115 0 200 0 70 109 0 27 0 20 12 0 11 126 0 47 0 57 55 0 |Drone Time: 6535.944388|6535.944388,0.000000,0.000000,0.000000
Drone 4: 0 132 0 32 65 0 77 23 195 0 78 0 74 36 0 113 1 0 31 98 0 45 0 180 0 9 0 29 0 161 0 |Drone Time: 6465.559923|6465.559923,0.000000,0.000000,0.000000
Drone 5: 0 164 116 0 182 93 71 0 88 96 67 0 40 188 0 85 139 0 83 170 80 0 37 0 119 0 15 0 95 160 192 0 |Drone Time: 6411.611033|6411.611033,0.000000,0.000000,0.000000
Total validation: Makespan=6543.331182, Deadline violation=0.000000, Energy violation=0.000000, Capacity violation=0.000000"
200.10.1,200,3,adaptive,g2,0.5,0.3,0.1,0.3,44,0,10145.921841,6684.738854,6684.738854,6684.738854,2202.207175,FEASIBLE,"Truck 1: 0 177 125 115 49 65 101 106 66 99 7 10 0 118 51 30 73 9 122 111 168 33 134 0 |Truck Time: 6484.691371|6484.691371,0.000000,0.000000,0.000000
Truck 2: 0 24 165 127 157 2 181 63 13 69 34 80 89 0 150 108 87 112 52 143 60 146 173 0 |Truck Time: 6607.193952|6607.193952,0.000000,0.000000,0.000000
Truck 3: 0 180 156 79 123 121 22 137 102 0 119 151 14 3 0 178 62 145 140 0 |Truck Time: 6529.669653|6529.669653,0.000000,0.000000,0.000000
Truck 4: 0 174 135 88 82 100 75 149 94 155 129 0 81 130 117 175 0 16 120 19 131 0 |Truck Time: 6655.097922|6655.097922,0.000000,0.000000,0.000000
Truck 5: 0 97 133 92 136 0 58 44 39 41 196 148 194 0 6 76 17 107 104 28 0 |Truck Time: 6684.738854|6684.738854,0.000000,0.000000,0.000000","Drone 1: 0 64 176 139 0 42 43 116 0 56 0 95 160 0 38 132 0 154 5 179 0 61 26 187 0 185 0 183 8 162 142 0 103 40 0 |Drone Time: 6668.630947|6668.630947,0.000000,0.000000,0.000000
Drone 2: 0 47 197 0 186 0 189 71 0 171 21 0 70 109 0 159 141 0 167 0 184 48 25 0 124 90 0 68 35 0 18 0 172 200 0 |Drone Time: 6674.415079|6674.415079,0.000000,0.000000,0.000000
Drone 3: 0 86 0 50 0 31 98 0 32 198 0 78 0 199 46 0 105 110 0 85 152 0 20 12 0 11 126 0 72 0 57 55 0 |Drone Time: 6651.276013|6651.276013,0.000000,0.000000,0.000000
Drone 4: 0 169 153 0 91 0 193 77 23 192 0 45 0 36 74 0 144 114 1 0 164 128 0 54 4 0 27 0 53 29 0 161 0 |Drone Time: 6669.436530|6669.436530,0.000000,0.000000,0.000000
Drone 5: 0 113 0 83 163 0 182 93 138 0 158 67 0 96 188 0 84 190 191 0 147 170 0 37 0 166 0 15 0 59 195 0 |Drone Time: 6644.264395|6644.264395,0.000000,0.000000,0.000000",6684.738854,0.0,0.0,0.0,"Truck Routes:
Truck 1: 0 177 125 115 49 65 101 106 66 99 7 10 0 118 51 30 73 9 122 111 168 33 134 0 |Truck Time: 6484.691371|6484.691371,0.000000,0.000000,0.000000
Truck 2: 0 24 165 127 157 2 181 63 13 69 34 80 89 0 150 108 87 112 52 143 60 146 173 0 |Truck Time: 6607.193952|6607.193952,0.000000,0.000000,0.000000
Truck 3: 0 180 156 79 123 121 22 137 102 0 119 151 14 3 0 178 62 145 140 0 |Truck Time: 6529.669653|6529.669653,0.000000,0.000000,0.000000
Truck 4: 0 174 135 88 82 100 75 149 94 155 129 0 81 130 117 175 0 16 120 19 131 0 |Truck Time: 6655.097922|6655.097922,0.000000,0.000000,0.000000
Truck 5: 0 97 133 92 136 0 58 44 39 41 196 148 194 0 6 76 17 107 104 28 0 |Truck Time: 6684.738854|6684.738854,0.000000,0.000000,0.000000
Drone Routes:
Drone 1: 0 64 176 139 0 42 43 116 0 56 0 95 160 0 38 132 0 154 5 179 0 61 26 187 0 185 0 183 8 162 142 0 103 40 0 |Drone Time: 6668.630947|6668.630947,0.000000,0.000000,0.000000
Drone 2: 0 47 197 0 186 0 189 71 0 171 21 0 70 109 0 159 141 0 167 0 184 48 25 0 124 90 0 68 35 0 18 0 172 200 0 |Drone Time: 6674.415079|6674.415079,0.000000,0.000000,0.000000
Drone 3: 0 86 0 50 0 31 98 0 32 198 0 78 0 199 46 0 105 110 0 85 152 0 20 12 0 11 126 0 72 0 57 55 0 |Drone Time: 6651.276013|6651.276013,0.000000,0.000000,0.000000
Drone 4: 0 169 153 0 91 0 193 77 23 192 0 45 0 36 74 0 144 114 1 0 164 128 0 54 4 0 27 0 53 29 0 161 0 |Drone Time: 6669.436530|6669.436530,0.000000,0.000000,0.000000
Drone 5: 0 113 0 83 163 0 182 93 138 0 158 67 0 96 188 0 84 190 191 0 147 170 0 37 0 166 0 15 0 59 195 0 |Drone Time: 6644.264395|6644.264395,0.000000,0.000000,0.000000
Total validation: Makespan=6684.738854, Deadline violation=0.000000, Energy violation=0.000000, Capacity violation=0.000000"
200.10.1,200,3,adaptive,g3,0.3,0.2,0.1,0.6,44,0,10145.921841,6684.738854,6684.738854,6684.738854,2186.776337,FEASIBLE,"Truck 1: 0 177 125 115 49 65 101 106 66 99 7 10 0 118 51 30 73 9 122 111 168 33 134 0 |Truck Time: 6484.691371|6484.691371,0.000000,0.000000,0.000000
Truck 2: 0 24 165 127 157 2 181 63 13 69 34 80 89 0 150 108 87 112 52 143 60 146 173 0 |Truck Time: 6607.193952|6607.193952,0.000000,0.000000,0.000000
Truck 3: 0 180 156 79 123 121 22 137 102 0 119 151 14 3 0 178 62 145 140 0 |Truck Time: 6529.669653|6529.669653,0.000000,0.000000,0.000000
Truck 4: 0 174 135 88 82 100 75 149 94 155 129 0 81 130 117 175 0 16 120 19 131 0 |Truck Time: 6655.097922|6655.097922,0.000000,0.000000,0.000000
Truck 5: 0 97 133 92 136 0 58 44 39 41 196 148 194 0 6 76 17 107 104 28 0 |Truck Time: 6684.738854|6684.738854,0.000000,0.000000,0.000000","Drone 1: 0 64 176 139 0 42 43 116 0 56 0 95 160 0 38 132 0 154 5 179 0 61 26 187 0 185 0 183 8 162 142 0 103 40 0 |Drone Time: 6668.630947|6668.630947,0.000000,0.000000,0.000000
Drone 2: 0 47 197 0 186 0 189 71 0 171 21 0 70 109 0 159 141 0 167 0 184 48 25 0 124 90 0 68 35 0 18 0 172 200 0 |Drone Time: 6674.415079|6674.415079,0.000000,0.000000,0.000000
Drone 3: 0 86 0 50 0 31 98 0 32 198 0 78 0 199 46 0 105 110 0 85 152 0 20 12 0 11 126 0 72 0 57 55 0 |Drone Time: 6651.276013|6651.276013,0.000000,0.000000,0.000000
Drone 4: 0 169 153 0 91 0 193 77 23 192 0 45 0 36 74 0 144 114 1 0 164 128 0 54 4 0 27 0 53 29 0 161 0 |Drone Time: 6669.436530|6669.436530,0.000000,0.000000,0.000000
Drone 5: 0 113 0 83 163 0 182 93 138 0 158 67 0 96 188 0 84 190 191 0 147 170 0 37 0 166 0 15 0 59 195 0 |Drone Time: 6644.264395|6644.264395,0.000000,0.000000,0.000000",6684.738854,0.0,0.0,0.0,"Truck Routes:
Truck 1: 0 177 125 115 49 65 101 106 66 99 7 10 0 118 51 30 73 9 122 111 168 33 134 0 |Truck Time: 6484.691371|6484.691371,0.000000,0.000000,0.000000
Truck 2: 0 24 165 127 157 2 181 63 13 69 34 80 89 0 150 108 87 112 52 143 60 146 173 0 |Truck Time: 6607.193952|6607.193952,0.000000,0.000000,0.000000
Truck 3: 0 180 156 79 123 121 22 137 102 0 119 151 14 3 0 178 62 145 140 0 |Truck Time: 6529.669653|6529.669653,0.000000,0.000000,0.000000
Truck 4: 0 174 135 88 82 100 75 149 94 155 129 0 81 130 117 175 0 16 120 19 131 0 |Truck Time: 6655.097922|6655.097922,0.000000,0.000000,0.000000
Truck 5: 0 97 133 92 136 0 58 44 39 41 196 148 194 0 6 76 17 107 104 28 0 |Truck Time: 6684.738854|6684.738854,0.000000,0.000000,0.000000
Drone Routes:
Drone 1: 0 64 176 139 0 42 43 116 0 56 0 95 160 0 38 132 0 154 5 179 0 61 26 187 0 185 0 183 8 162 142 0 103 40 0 |Drone Time: 6668.630947|6668.630947,0.000000,0.000000,0.000000
Drone 2: 0 47 197 0 186 0 189 71 0 171 21 0 70 109 0 159 141 0 167 0 184 48 25 0 124 90 0 68 35 0 18 0 172 200 0 |Drone Time: 6674.415079|6674.415079,0.000000,0.000000,0.000000
Drone 3: 0 86 0 50 0 31 98 0 32 198 0 78 0 199 46 0 105 110 0 85 152 0 20 12 0 11 126 0 72 0 57 55 0 |Drone Time: 6651.276013|6651.276013,0.000000,0.000000,0.000000
Drone 4: 0 169 153 0 91 0 193 77 23 192 0 45 0 36 74 0 144 114 1 0 164 128 0 54 4 0 27 0 53 29 0 161 0 |Drone Time: 6669.436530|6669.436530,0.000000,0.000000,0.000000
Drone 5: 0 113 0 83 163 0 182 93 138 0 158 67 0 96 188 0 84 190 191 0 147 170 0 37 0 166 0 15 0 59 195 0 |Drone Time: 6644.264395|6644.264395,0.000000,0.000000,0.000000
Total validation: Makespan=6684.738854, Deadline violation=0.000000, Energy violation=0.000000, Capacity violation=0.000000"
200.10.1,200,3,adaptive,g4,0.5,0.3,0.1,0.6,44,0,10145.921841,6566.973646,6566.973646,6566.973646,2329.454471,FEASIBLE,"Truck 1: 0 177 16 163 198 65 101 106 66 99 7 10 0 105 53 190 139 73 30 122 111 33 110 134 0 |Truck Time: 6387.434250|6387.434250,0.000000,0.000000,0.000000
Truck 2: 0 24 157 2 181 127 165 63 13 102 69 0 150 142 87 112 125 52 143 60 146 173 0 |Truck Time: 6559.460139|6559.460139,0.000000,0.000000,0.000000
Truck 3: 0 72 6 79 159 123 121 117 147 34 80 83 0 3 14 151 166 194 0 178 145 62 86 0 |Truck Time: 6542.570546|6542.570546,0.000000,0.000000,0.000000
Truck 4: 0 18 135 158 88 82 100 75 149 94 155 169 153 0 130 175 81 0 120 19 131 0 |Truck Time: 6559.323493|6559.323493,0.000000,0.000000,0.000000
Truck 5: 0 97 133 92 136 0 58 44 39 41 196 148 0 118 21 76 17 107 104 28 0 |Truck Time: 6566.973646|6566.973646,0.000000,0.000000,0.000000","Drone 1: 0 85 152 183 35 0 42 43 116 0 56 0 47 197 84 0 38 132 0 27 0 61 26 187 0 31 98 0 48 45 0 103 40 0 |Drone Time: 6558.961436|6558.961436,0.000000,0.000000,0.000000
Drone 2: 0 9 0 186 54 0 189 138 137 0 171 0 144 114 0 156 141 0 167 0 37 0 124 90 0 50 0 89 0 172 174 200 0 |Drone Time: 6558.389511|6558.389511,0.000000,0.000000,0.000000
Drone 3: 0 129 0 29 0 70 109 0 179 49 0 78 0 67 0 185 0 5 32 119 0 20 12 0 25 184 0 51 64 0 57 55 0 |Drone Time: 6549.824741|6549.824741,0.000000,0.000000,0.000000
Drone 4: 0 140 0 193 91 0 77 23 192 0 168 0 36 74 0 113 1 0 115 0 4 0 180 0 95 160 0 68 8 0 161 0 |Drone Time: 6565.487186|6565.487186,0.000000,0.000000,0.000000
Drone 5: 0 162 108 0 164 128 0 182 93 71 0 199 46 0 96 188 0 176 191 0 22 170 0 11 126 0 154 0 15 0 59 195 0 |Drone Time: 6535.048228|6535.048228,0.000000,0.000000,0.000000",6566.973646,0.0,0.0,0.0,"Truck Routes:
Truck 1: 0 177 16 163 198 65 101 106 66 99 7 10 0 105 53 190 139 73 30 122 111 33 110 134 0 |Truck Time: 6387.434250|6387.434250,0.000000,0.000000,0.000000
Truck 2: 0 24 157 2 181 127 165 63 13 102 69 0 150 142 87 112 125 52 143 60 146 173 0 |Truck Time: 6559.460139|6559.460139,0.000000,0.000000,0.000000
Truck 3: 0 72 6 79 159 123 121 117 147 34 80 83 0 3 14 151 166 194 0 178 145 62 86 0 |Truck Time: 6542.570546|6542.570546,0.000000,0.000000,0.000000
Truck 4: 0 18 135 158 88 82 100 75 149 94 155 169 153 0 130 175 81 0 120 19 131 0 |Truck Time: 6559.323493|6559.323493,0.000000,0.000000,0.000000
Truck 5: 0 97 133 92 136 0 58 44 39 41 196 148 0 118 21 76 17 107 104 28 0 |Truck Time: 6566.973646|6566.973646,0.000000,0.000000,0.000000
Drone Routes:
Drone 1: 0 85 152 183 35 0 42 43 116 0 56 0 47 197 84 0 38 132 0 27 0 61 26 187 0 31 98 0 48 45 0 103 40 0 |Drone Time: 6558.961436|6558.961436,0.000000,0.000000,0.000000
Drone 2: 0 9 0 186 54 0 189 138 137 0 171 0 144 114 0 156 141 0 167 0 37 0 124 90 0 50 0 89 0 172 174 200 0 |Drone Time: 6558.389511|6558.389511,0.000000,0.000000,0.000000
Drone 3: 0 129 0 29 0 70 109 0 179 49 0 78 0 67 0 185 0 5 32 119 0 20 12 0 25 184 0 51 64 0 57 55 0 |Drone Time: 6549.824741|6549.824741,0.000000,0.000000,0.000000
Drone 4: 0 140 0 193 91 0 77 23 192 0 168 0 36 74 0 113 1 0 115 0 4 0 180 0 95 160 0 68 8 0 161 0 |Drone Time: 6565.487186|6565.487186,0.000000,0.000000,0.000000
Drone 5: 0 162 108 0 164 128 0 182 93 71 0 199 46 0 96 188 0 176 191 0 22 170 0 11 126 0 154 0 15 0 59 195 0 |Drone Time: 6535.048228|6535.048228,0.000000,0.000000,0.000000
Total validation: Makespan=6566.973646, Deadline violation=0.000000, Energy violation=0.000000, Capacity violation=0.000000"
200.10.1,200,3,cyclic,,,,,,44,0,10145.921841,6264.846612,6264.846612,6264.846612,1524.386288,FEASIBLE,"Truck 1: 0 185 49 52 198 7 99 10 101 115 125 0 122 77 33 110 134 17 76 104 28 0 |Truck Time: 6233.109130|6233.109130,0.000000,0.000000,0.000000
Truck 2: 0 124 24 69 22 137 13 157 2 181 39 41 196 148 0 177 19 87 186 142 108 0 |Truck Time: 6264.846612|6264.846612,0.000000,0.000000,0.000000
Truck 3: 0 173 32 119 0 144 132 75 100 82 96 88 135 199 140 0 15 3 151 194 90 0 |Truck Time: 6247.161606|6247.161606,0.000000,0.000000,0.000000
Truck 4: 0 86 29 190 176 139 152 167 0 195 14 58 166 0 68 57 150 4 37 155 129 35 0 |Truck Time: 6262.541331|6262.541331,0.000000,0.000000,0.000000
Truck 5: 0 6 97 92 91 159 12 192 133 27 136 117 175 0 171 9 30 111 73 78 50 0 |Truck Time: 6217.735471|6217.735471,0.000000,0.000000,0.000000","Drone 1: 0 113 0 61 114 128 0 138 93 71 0 44 0 180 0 107 0 120 42 0 60 5 0 164 36 1 0 31 153 154 0 |Drone Time: 6262.023182|6262.023182,0.000000,0.000000,0.000000
Drone 2: 0 116 26 0 123 0 146 0 94 0 121 0 169 0 45 0 109 25 0 51 21 0 172 158 187 0 48 70 162 0 |Drone Time: 6191.030022|6191.030022,0.000000,0.000000,0.000000
Drone 3: 0 174 145 0 40 149 0 127 63 189 0 59 112 0 200 46 0 83 34 80 0 72 20 0 18 0 98 103 0 141 23 0 |Drone Time: 6264.383987|6264.383987,0.000000,0.000000,0.000000
Drone 4: 0 165 102 182 0 179 143 0 67 74 0 56 0 130 170 0 16 0 193 168 0 191 85 0 11 197 64 0 81 147 0 53 178 0 |Drone Time: 6219.212890|6219.212890,0.000000,0.000000,0.000000
Drone 5: 0 38 183 105 0 43 188 0 156 79 0 161 0 95 160 47 0 55 184 0 131 8 0 65 66 106 0 163 54 0 62 0 126 118 84 0 89 0 |Drone Time: 6181.936157|6181.936157,0.000000,0.000000,0.000000",6264.846612,0.0,0.0,0.0,"Truck Routes:
Truck 1: 0 185 49 52 198 7 99 10 101 115 125 0 122 77 33 110 134 17 76 104 28 0 |Truck Time: 6233.109130|6233.109130,0.000000,0.000000,0.000000
Truck 2: 0 124 24 69 22 137 13 157 2 181 39 41 196 148 0 177 19 87 186 142 108 0 |Truck Time: 6264.846612|6264.846612,0.000000,0.000000,0.000000
Truck 3: 0 173 32 119 0 144 132 75 100 82 96 88 135 199 140 0 15 3 151 194 90 0 |Truck Time: 6247.161606|6247.161606,0.000000,0.000000,0.000000
Truck 4: 0 86 29 190 176 139 152 167 0 195 14 58 166 0 68 57 150 4 37 155 129 35 0 |Truck Time: 6262.541331|6262.541331,0.000000,0.000000,0.000000
Truck 5: 0 6 97 92 91 159 12 192 133 27 136 117 175 0 171 9 30 111 73 78 50 0 |Truck Time: 6217.735471|6217.735471,0.000000,0.000000,0.000000
Drone Routes:
Drone 1: 0 113 0 61 114 128 0 138 93 71 0 44 0 180 0 107 0 120 42 0 60 5 0 164 36 1 0 31 153 154 0 |Drone Time: 6262.023182|6262.023182,0.000000,0.000000,0.000000
Drone 2: 0 116 26 0 123 0 146 0 94 0 121 0 169 0 45 0 109 25 0 51 21 0 172 158 187 0 48 70 162 0 |Drone Time: 6191.030022|6191.030022,0.000000,0.000000,0.000000
Drone 3: 0 174 145 0 40 149 0 127 63 189 0 59 112 0 200 46 0 83 34 80 0 72 20 0 18 0 98 103 0 141 23 0 |Drone Time: 6264.383987|6264.383987,0.000000,0.000000,0.000000
Drone 4: 0 165 102 182 0 179 143 0 67 74 0 56 0 130 170 0 16 0 193 168 0 191 85 0 11 197 64 0 81 147 0 53 178 0 |Drone Time: 6219.212890|6219.212890,0.000000,0.000000,0.000000
Drone 5: 0 38 183 105 0 43 188 0 156 79 0 161 0 95 160 47 0 55 184 0 131 8 0 65 66 106 0 163 54 0 62 0 126 118 84 0 89 0 |Drone Time: 6181.936157|6181.936157,0.000000,0.000000,0.000000
Total validation: Makespan=6264.846612, Deadline violation=0.000000, Energy violation=0.000000, Capacity violation=0.000000"
200.10.1,200,3,random,,,,,,44,0,10145.921841,7229.22295,7229.22295,7229.22295,1720.758485,FEASIBLE,"Truck 1: 0 199 158 135 0 7 10 112 59 115 125 0 122 111 9 168 33 134 0 |Truck Time: 7229.222950|7229.222950,0.000000,0.000000,0.000000
Truck 2: 0 131 169 129 0 148 24 102 13 137 22 69 0 185 198 65 52 143 60 179 14 0 |Truck Time: 7201.670919|7201.670919,0.000000,0.000000,0.000000
Truck 3: 0 83 124 147 2 181 196 166 58 119 32 3 0 105 51 0 194 151 44 39 41 173 15 0 |Truck Time: 7151.265419|7151.265419,0.000000,0.000000,0.000000
Truck 4: 0 100 74 164 116 188 128 0 80 182 34 90 0 132 149 98 45 94 0 |Truck Time: 7217.767763|7217.767763,0.000000,0.000000,0.000000
Truck 5: 0 97 12 133 92 156 123 121 81 0 171 193 28 76 17 107 104 6 72 0 154 163 120 16 177 0 |Truck Time: 7220.143130|7220.143130,0.000000,0.000000,0.000000","Drone 1: 0 42 109 0 172 84 167 77 118 0 71 138 0 37 0 130 170 0 50 139 183 0 101 66 99 0 190 187 0 18 0 86 0 197 0 180 0 56 0 |Drone Time: 7216.427016|7216.427016,0.000000,0.000000,0.000000
Drone 2: 0 153 155 0 144 0 5 146 0 175 127 0 70 106 0 75 61 0 68 54 0 189 0 35 31 46 174 0 53 23 0 108 162 48 40 0 89 0 |Drone Time: 7202.068079|7202.068079,0.000000,0.000000,0.000000
Drone 3: 0 62 0 43 26 67 0 8 186 0 200 0 21 176 85 0 145 114 0 88 0 95 160 0 117 63 0 64 91 0 57 0 |Drone Time: 7183.102212|7183.102212,0.000000,0.000000,0.000000
Drone 4: 0 150 0 4 0 159 192 0 11 73 0 19 55 0 49 0 78 110 0 161 47 0 29 191 0 30 0 140 0 126 141 0 |Drone Time: 7121.531554|7121.531554,0.000000,0.000000,0.000000
Drone 5: 0 103 0 113 36 0 152 0 82 96 0 157 165 93 0 142 0 195 87 0 136 20 0 178 1 0 79 27 0 25 184 38 0 |Drone Time: 7202.761856|7202.761856,0.000000,0.000000,0.000000",7229.22295,0.0,0.0,0.0,"Truck Routes:
Truck 1: 0 199 158 135 0 7 10 112 59 115 125 0 122 111 9 168 33 134 0 |Truck Time: 7229.222950|7229.222950,0.000000,0.000000,0.000000
Truck 2: 0 131 169 129 0 148 24 102 13 137 22 69 0 185 198 65 52 143 60 179 14 0 |Truck Time: 7201.670919|7201.670919,0.000000,0.000000,0.000000
Truck 3: 0 83 124 147 2 181 196 166 58 119 32 3 0 105 51 0 194 151 44 39 41 173 15 0 |Truck Time: 7151.265419|7151.265419,0.000000,0.000000,0.000000
Truck 4: 0 100 74 164 116 188 128 0 80 182 34 90 0 132 149 98 45 94 0 |Truck Time: 7217.767763|7217.767763,0.000000,0.000000,0.000000
Truck 5: 0 97 12 133 92 156 123 121 81 0 171 193 28 76 17 107 104 6 72 0 154 163 120 16 177 0 |Truck Time: 7220.143130|7220.143130,0.000000,0.000000,0.000000
Drone Routes:
Drone 1: 0 42 109 0 172 84 167 77 118 0 71 138 0 37 0 130 170 0 50 139 183 0 101 66 99 0 190 187 0 18 0 86 0 197 0 180 0 56 0 |Drone Time: 7216.427016|7216.427016,0.000000,0.000000,0.000000
Drone 2: 0 153 155 0 144 0 5 146 0 175 127 0 70 106 0 75 61 0 68 54 0 189 0 35 31 46 174 0 53 23 0 108 162 48 40 0 89 0 |Drone Time: 7202.068079|7202.068079,0.000000,0.000000,0.000000
Drone 3: 0 62 0 43 26 67 0 8 186 0 200 0 21 176 85 0 145 114 0 88 0 95 160 0 117 63 0 64 91 0 57 0 |Drone Time: 7183.102212|7183.102212,0.000000,0.000000,0.000000
Drone 4: 0 150 0 4 0 159 192 0 11 73 0 19 55 0 49 0 78 110 0 161 47 0 29 191 0 30 0 140 0 126 141 0 |Drone Time: 7121.531554|7121.531554,0.000000,0.000000,0.000000
Drone 5: 0 103 0 113 36 0 152 0 82 96 0 157 165 93 0 142 0 195 87 0 136 20 0 178 1 0 79 27 0 25 184 38 0 |Drone Time: 7202.761856|7202.761856,0.000000,0.000000,0.000000
Total validation: Makespan=7229.222950, Deadline violation=0.000000, Energy violation=0.000000, Capacity violation=0.000000"
200.10.1,200,4,adaptive,g1,0.3,0.2,0.1,0.3,45,0,10796.437825,7107.384347,7107.384347,7107.384347,1736.209581,FEASIBLE,"Truck 1: 0 24 196 148 58 0 27 91 107 76 28 0 49 52 198 115 59 120 0 |Truck Time: 7105.553350|7105.553350,0.000000,0.000000,0.000000
Truck 2: 0 171 122 168 33 134 0 89 117 130 81 0 83 181 2 157 13 137 22 69 90 0 |Truck Time: 7101.631878|7101.631878,0.000000,0.000000,0.000000
Truck 3: 0 119 32 151 166 147 124 0 183 29 50 126 197 0 172 1 88 82 187 67 135 199 0 |Truck Time: 7092.255319|7092.255319,0.000000,0.000000,0.000000
Truck 4: 0 161 31 94 25 155 169 129 0 3 14 146 163 108 68 0 177 125 65 101 10 0 |Truck Time: 7107.384347|7107.384347,0.000000,0.000000,0.000000
Truck 5: 0 15 144 132 100 75 140 18 0 86 190 152 73 30 9 51 0 97 92 133 192 12 159 156 79 0 |Truck Time: 7097.610198|7097.610198,0.000000,0.000000,0.000000","Drone 1: 0 188 0 104 0 184 42 0 170 138 93 71 0 70 106 0 72 95 0 123 0 200 0 74 96 0 80 0 47 118 21 11 0 56 8 0 |Drone Time: 7101.491068|7101.491068,0.000000,0.000000,0.000000
Drone 2: 0 164 116 0 182 34 0 60 0 160 0 194 0 174 46 0 142 0 6 0 35 48 55 4 66 0 45 153 0 41 0 136 20 0 |Drone Time: 7084.448590|7084.448590,0.000000,0.000000,0.000000
Drone 3: 0 38 143 0 191 17 141 0 61 149 0 112 109 114 0 102 127 0 185 5 0 105 0 178 85 84 0 57 0 150 0 62 64 0 |Drone Time: 7074.026681|7074.026681,0.000000,0.000000,0.000000
Drone 4: 0 154 179 44 63 165 0 99 7 0 145 0 19 0 113 0 53 167 0 139 111 77 0 87 0 128 26 0 37 0 131 0 |Drone Time: 7064.675593|7064.675593,0.000000,0.000000,0.000000
Drone 5: 0 189 121 0 175 0 40 98 16 0 176 158 0 78 0 36 43 103 0 39 0 23 110 0 162 186 54 0 180 193 0 173 195 0 |Drone Time: 7101.477515|7101.477515,0.000000,0.000000,0.000000",7107.384347,0.0,0.0,0.0,"Truck Routes:
Truck 1: 0 24 196 148 58 0 27 91 107 76 28 0 49 52 198 115 59 120 0 |Truck Time: 7105.553350|7105.553350,0.000000,0.000000,0.000000
Truck 2: 0 171 122 168 33 134 0 89 117 130 81 0 83 181 2 157 13 137 22 69 90 0 |Truck Time: 7101.631878|7101.631878,0.000000,0.000000,0.000000
Truck 3: 0 119 32 151 166 147 124 0 183 29 50 126 197 0 172 1 88 82 187 67 135 199 0 |Truck Time: 7092.255319|7092.255319,0.000000,0.000000,0.000000
Truck 4: 0 161 31 94 25 155 169 129 0 3 14 146 163 108 68 0 177 125 65 101 10 0 |Truck Time: 7107.384347|7107.384347,0.000000,0.000000,0.000000
Truck 5: 0 15 144 132 100 75 140 18 0 86 190 152 73 30 9 51 0 97 92 133 192 12 159 156 79 0 |Truck Time: 7097.610198|7097.610198,0.000000,0.000000,0.000000
Drone Routes:
Drone 1: 0 188 0 104 0 184 42 0 170 138 93 71 0 70 106 0 72 95 0 123 0 200 0 74 96 0 80 0 47 118 21 11 0 56 8 0 |Drone Time: 7101.491068|7101.491068,0.000000,0.000000,0.000000
Drone 2: 0 164 116 0 182 34 0 60 0 160 0 194 0 174 46 0 142 0 6 0 35 48 55 4 66 0 45 153 0 41 0 136 20 0 |Drone Time: 7084.448590|7084.448590,0.000000,0.000000,0.000000
Drone 3: 0 38 143 0 191 17 141 0 61 149 0 112 109 114 0 102 127 0 185 5 0 105 0 178 85 84 0 57 0 150 0 62 64 0 |Drone Time: 7074.026681|7074.026681,0.000000,0.000000,0.000000
Drone 4: 0 154 179 44 63 165 0 99 7 0 145 0 19 0 113 0 53 167 0 139 111 77 0 87 0 128 26 0 37 0 131 0 |Drone Time: 7064.675593|7064.675593,0.000000,0.000000,0.000000
Drone 5: 0 189 121 0 175 0 40 98 16 0 176 158 0 78 0 36 43 103 0 39 0 23 110 0 162 186 54 0 180 193 0 173 195 0 |Drone Time: 7101.477515|7101.477515,0.000000,0.000000,0.000000
Total validation: Makespan=7107.384347, Deadline violation=0.000000, Energy violation=0.000000, Capacity violation=0.000000"
200.10.1,200,4,adaptive,g2,0.5,0.3,0.1,0.3,45,0,10796.437825,7345.729486,7345.729486,7345.729486,1337.462723,FEASIBLE,"Truck 1: 0 58 166 147 80 0 27 91 107 17 76 104 28 0 49 52 198 59 54 0 |Truck Time: 7323.215046|7323.215046,0.000000,0.000000,0.000000
Truck 2: 0 122 168 33 134 0 175 117 130 0 157 2 181 127 137 22 102 69 0 |Truck Time: 7297.989589|7297.989589,0.000000,0.000000,0.000000
Truck 3: 0 151 32 119 24 196 148 0 105 50 197 126 0 135 67 113 187 82 199 0 |Truck Time: 7265.490830|7265.490830,0.000000,0.000000,0.000000
Truck 4: 0 161 31 94 25 155 169 129 0 3 14 146 163 108 68 0 16 120 125 115 65 101 10 0 |Truck Time: 7345.729486|7345.729486,0.000000,0.000000,0.000000
Truck 5: 0 15 144 132 100 75 140 18 0 171 51 9 30 73 152 86 0 156 159 192 92 133 97 79 0 |Truck Time: 7295.138251|7295.138251,0.000000,0.000000,0.000000","Drone 1: 0 99 7 0 136 20 83 0 45 42 0 138 93 121 0 164 116 0 19 0 123 0 21 11 85 183 0 188 0 124 90 0 47 118 0 56 64 0 |Drone Time: 7324.910955|7324.910955,0.000000,0.000000,0.000000
Drone 2: 0 182 170 71 0 23 0 60 0 160 0 194 0 200 0 142 0 6 0 35 66 4 55 48 0 184 109 0 41 0 57 0 |Drone Time: 7287.345750|7287.345750,0.000000,0.000000,0.000000
Drone 3: 0 143 0 12 141 0 61 149 0 98 40 112 153 0 13 0 185 5 0 29 191 0 53 178 84 0 78 0 150 0 62 8 0 89 195 0 |Drone Time: 7344.371884|7344.371884,0.000000,0.000000,0.000000
Drone 4: 0 154 179 44 63 165 0 70 106 0 172 174 145 0 180 193 0 88 0 1 46 0 111 77 139 0 87 0 128 26 0 37 0 131 0 |Drone Time: 7288.537982|7288.537982,0.000000,0.000000,0.000000
Drone 5: 0 74 96 0 190 0 114 177 0 176 158 0 189 34 0 36 43 103 0 39 0 38 167 110 0 162 186 0 72 95 0 173 81 0 |Drone Time: 7344.615603|7344.615603,0.000000,0.000000,0.000000",7345.729486,0.0,0.0,0.0,"Truck Routes:
Truck 1: 0 58 166 147 80 0 27 91 107 17 76 104 28 0 49 52 198 59 54 0 |Truck Time: 7323.215046|7323.215046,0.000000,0.000000,0.000000
Truck 2: 0 122 168 33 134 0 175 117 130 0 157 2 181 127 137 22 102 69 0 |Truck Time: 7297.989589|7297.989589,0.000000,0.000000,0.000000
Truck 3: 0 151 32 119 24 196 148 0 105 50 197 126 0 135 67 113 187 82 199 0 |Truck Time: 7265.490830|7265.490830,0.000000,0.000000,0.000000
Truck 4: 0 161 31 94 25 155 169 129 0 3 14 146 163 108 68 0 16 120 125 115 65 101 10 0 |Truck Time: 7345.729486|7345.729486,0.000000,0.000000,0.000000
Truck 5: 0 15 144 132 100 75 140 18 0 171 51 9 30 73 152 86 0 156 159 192 92 133 97 79 0 |Truck Time: 7295.138251|7295.138251,0.000000,0.000000,0.000000
Drone Routes:
Drone 1: 0 99 7 0 136 20 83 0 45 42 0 138 93 121 0 164 116 0 19 0 123 0 21 11 85 183 0 188 0 124 90 0 47 118 0 56 64 0 |Drone Time: 7324.910955|7324.910955,0.000000,0.000000,0.000000
Drone 2: 0 182 170 71 0 23 0 60 0 160 0 194 0 200 0 142 0 6 0 35 66 4 55 48 0 184 109 0 41 0 57 0 |Drone Time: 7287.345750|7287.345750,0.000000,0.000000,0.000000
Drone 3: 0 143 0 12 141 0 61 149 0 98 40 112 153 0 13 0 185 5 0 29 191 0 53 178 84 0 78 0 150 0 62 8 0 89 195 0 |Drone Time: 7344.371884|7344.371884,0.000000,0.000000,0.000000
Drone 4: 0 154 179 44 63 165 0 70 106 0 172 174 145 0 180 193 0 88 0 1 46 0 111 77 139 0 87 0 128 26 0 37 0 131 0 |Drone Time: 7288.537982|7288.537982,0.000000,0.000000,0.000000
Drone 5: 0 74 96 0 190 0 114 177 0 176 158 0 189 34 0 36 43 103 0 39 0 38 167 110 0 162 186 0 72 95 0 173 81 0 |Drone Time: 7344.615603|7344.615603,0.000000,0.000000,0.000000
Total validation: Makespan=7345.729486, Deadline violation=0.000000, Energy violation=0.000000, Capacity violation=0.000000"
200.10.1,200,4,adaptive,g3,0.3,0.2,0.1,0.6,45,0,10796.437825,7181.575348,7181.575348,7181.575348,1456.79724,FEASIBLE,"Truck 1: 0 83 90 24 196 148 0 27 91 107 17 76 104 28 0 49 52 198 59 177 0 |Truck Time: 7150.654598|7150.654598,0.000000,0.000000,0.000000
Truck 2: 0 122 168 33 134 0 175 117 130 0 58 181 2 157 165 13 137 22 69 0 |Truck Time: 7181.575348|7181.575348,0.000000,0.000000,0.000000
Truck 3: 0 68 108 163 146 14 151 0 197 126 50 180 0 135 67 187 82 88 158 199 0 |Truck Time: 7122.629354|7122.629354,0.000000,0.000000,0.000000
Truck 4: 0 25 184 37 155 169 129 0 3 32 119 166 194 80 0 154 120 125 115 99 7 10 0 |Truck Time: 7155.690342|7155.690342,0.000000,0.000000,0.000000
Truck 5: 0 18 132 100 75 140 161 0 171 51 9 30 73 152 86 0 156 92 12 192 133 97 159 79 0 |Truck Time: 7176.510426|7176.510426,0.000000,0.000000,0.000000","Drone 1: 0 188 0 62 64 0 45 42 0 138 93 121 0 66 60 179 0 143 0 200 0 16 0 95 23 0 124 0 47 118 21 11 0 173 8 0 15 0 |Drone Time: 7125.663445|7125.663445,0.000000,0.000000,0.000000
Drone 2: 0 71 170 0 141 0 116 164 0 160 0 147 0 123 0 185 5 0 6 0 48 55 4 0 31 109 0 41 0 57 0 |Drone Time: 7179.653122|7179.653122,0.000000,0.000000,0.000000
Drone 3: 0 19 0 102 63 0 39 0 144 114 112 153 0 65 101 0 142 0 29 191 0 178 84 0 78 0 150 0 190 0 89 195 0 |Drone Time: 7181.215790|7181.215790,0.000000,0.000000,0.000000
Drone 4: 0 44 34 182 0 70 106 0 172 174 145 53 0 136 20 0 113 0 1 46 0 139 111 77 0 54 87 0 128 26 0 94 0 131 0 |Drone Time: 7170.707288|7170.707288,0.000000,0.000000,0.000000
Drone 5: 0 74 96 0 72 0 40 98 35 0 176 85 183 0 189 127 0 36 43 103 0 61 149 0 38 167 110 0 162 186 0 105 193 0 56 81 0 |Drone Time: 7166.511135|7166.511135,0.000000,0.000000,0.000000",7181.575348,0.0,0.0,0.0,"Truck Routes:
Truck 1: 0 83 90 24 196 148 0 27 91 107 17 76 104 28 0 49 52 198 59 177 0 |Truck Time: 7150.654598|7150.654598,0.000000,0.000000,0.000000
Truck 2: 0 122 168 33 134 0 175 117 130 0 58 181 2 157 165 13 137 22 69 0 |Truck Time: 7181.575348|7181.575348,0.000000,0.000000,0.000000
Truck 3: 0 68 108 163 146 14 151 0 197 126 50 180 0 135 67 187 82 88 158 199 0 |Truck Time: 7122.629354|7122.629354,0.000000,0.000000,0.000000
Truck 4: 0 25 184 37 155 169 129 0 3 32 119 166 194 80 0 154 120 125 115 99 7 10 0 |Truck Time: 7155.690342|7155.690342,0.000000,0.000000,0.000000
Truck 5: 0 18 132 100 75 140 161 0 171 51 9 30 73 152 86 0 156 92 12 192 133 97 159 79 0 |Truck Time: 7176.510426|7176.510426,0.000000,0.000000,0.000000
Drone Routes:
Drone 1: 0 188 0 62 64 0 45 42 0 138 93 121 0 66 60 179 0 143 0 200 0 16 0 95 23 0 124 0 47 118 21 11 0 173 8 0 15 0 |Drone Time: 7125.663445|7125.663445,0.000000,0.000000,0.000000
Drone 2: 0 71 170 0 141 0 116 164 0 160 0 147 0 123 0 185 5 0 6 0 48 55 4 0 31 109 0 41 0 57 0 |Drone Time: 7179.653122|7179.653122,0.000000,0.000000,0.000000
Drone 3: 0 19 0 102 63 0 39 0 144 114 112 153 0 65 101 0 142 0 29 191 0 178 84 0 78 0 150 0 190 0 89 195 0 |Drone Time: 7181.215790|7181.215790,0.000000,0.000000,0.000000
Drone 4: 0 44 34 182 0 70 106 0 172 174 145 53 0 136 20 0 113 0 1 46 0 139 111 77 0 54 87 0 128 26 0 94 0 131 0 |Drone Time: 7170.707288|7170.707288,0.000000,0.000000,0.000000
Drone 5: 0 74 96 0 72 0 40 98 35 0 176 85 183 0 189 127 0 36 43 103 0 61 149 0 38 167 110 0 162 186 0 105 193 0 56 81 0 |Drone Time: 7166.511135|7166.511135,0.000000,0.000000,0.000000
Total validation: Makespan=7181.575348, Deadline violation=0.000000, Energy violation=0.000000, Capacity violation=0.000000"
200.10.1,200,4,adaptive,g4,0.5,0.3,0.1,0.6,45,0,10796.437825,7347.593069,7347.593069,7347.593069,1698.87507,FEASIBLE,"Truck 1: 0 58 24 196 148 0 27 91 107 17 76 104 28 0 49 52 198 59 54 0 |Truck Time: 7347.593069|7347.593069,0.000000,0.000000,0.000000
Truck 2: 0 122 168 33 134 0 175 117 130 0 157 2 181 13 137 22 69 0 |Truck Time: 7298.772083|7298.772083,0.000000,0.000000,0.000000
Truck 3: 0 151 14 146 163 108 68 0 105 50 85 197 0 135 67 82 88 187 199 0 |Truck Time: 7346.586959|7346.586959,0.000000,0.000000,0.000000
Truck 4: 0 161 31 94 25 155 169 129 0 3 32 119 166 147 80 0 154 120 125 115 65 101 10 0 |Truck Time: 7346.109360|7346.109360,0.000000,0.000000,0.000000
Truck 5: 0 15 144 132 100 75 140 18 0 171 51 9 30 73 152 86 0 156 159 12 92 133 97 79 0 |Truck Time: 7289.901228|7289.901228,0.000000,0.000000,0.000000","Drone 1: 0 99 7 0 136 20 83 0 184 109 0 138 93 121 0 70 106 0 56 0 200 0 126 183 0 23 0 124 90 0 47 118 21 11 0 19 8 0 |Drone Time: 7339.733015|7339.733015,0.000000,0.000000,0.000000
Drone 2: 0 182 170 71 0 188 0 60 0 160 0 194 0 123 0 142 0 6 0 35 66 48 55 4 0 45 42 0 41 0 57 0 |Drone Time: 7344.165486|7344.165486,0.000000,0.000000,0.000000
Drone 3: 0 143 0 192 141 0 61 149 0 98 40 112 153 0 102 127 0 185 5 0 29 191 0 53 178 84 0 78 0 150 0 62 64 0 89 195 0 |Drone Time: 7342.547426|7342.547426,0.000000,0.000000,0.000000
Drone 4: 0 16 179 44 63 165 0 164 116 0 172 174 145 0 72 95 0 113 0 1 46 0 111 77 139 0 87 0 128 26 0 37 0 131 0 |Drone Time: 7289.552444|7289.552444,0.000000,0.000000,0.000000
Drone 5: 0 74 96 0 190 0 114 177 0 176 158 0 189 34 0 36 43 103 0 39 0 38 167 110 0 162 186 0 180 193 0 173 81 0 |Drone Time: 7340.638711|7340.638711,0.000000,0.000000,0.000000",7347.593069,0.0,0.0,0.0,"Truck Routes:
Truck 1: 0 58 24 196 148 0 27 91 107 17 76 104 28 0 49 52 198 59 54 0 |Truck Time: 7347.593069|7347.593069,0.000000,0.000000,0.000000
Truck 2: 0 122 168 33 134 0 175 117 130 0 157 2 181 13 137 22 69 0 |Truck Time: 7298.772083|7298.772083,0.000000,0.000000,0.000000
Truck 3: 0 151 14 146 163 108 68 0 105 50 85 197 0 135 67 82 88 187 199 0 |Truck Time: 7346.586959|7346.586959,0.000000,0.000000,0.000000
Truck 4: 0 161 31 94 25 155 169 129 0 3 32 119 166 147 80 0 154 120 125 115 65 101 10 0 |Truck Time: 7346.109360|7346.109360,0.000000,0.000000,0.000000
Truck 5: 0 15 144 132 100 75 140 18 0 171 51 9 30 73 152 86 0 156 159 12 92 133 97 79 0 |Truck Time: 7289.901228|7289.901228,0.000000,0.000000,0.000000
Drone Routes:
Drone 1: 0 99 7 0 136 20 83 0 184 109 0 138 93 121 0 70 106 0 56 0 200 0 126 183 0 23 0 124 90 0 47 118 21 11 0 19 8 0 |Drone Time: 7339.733015|7339.733015,0.000000,0.000000,0.000000
Drone 2: 0 182 170 71 0 188 0 60 0 160 0 194 0 123 0 142 0 6 0 35 66 48 55 4 0 45 42 0 41 0 57 0 |Drone Time: 7344.165486|7344.165486,0.000000,0.000000,0.000000
Drone 3: 0 143 0 192 141 0 61 149 0 98 40 112 153 0 102 127 0 185 5 0 29 191 0 53 178 84 0 78 0 150 0 62 64 0 89 195 0 |Drone Time: 7342.547426|7342.547426,0.000000,0.000000,0.000000
Drone 4: 0 16 179 44 63 165 0 164 116 0 172 174 145 0 72 95 0 113 0 1 46 0 111 77 139 0 87 0 128 26 0 37 0 131 0 |Drone Time: 7289.552444|7289.552444,0.000000,0.000000,0.000000
Drone 5: 0 74 96 0 190 0 114 177 0 176 158 0 189 34 0 36 43 103 0 39 0 38 167 110 0 162 186 0 180 193 0 173 81 0 |Drone Time: 7340.638711|7340.638711,0.000000,0.000000,0.000000
Total validation: Makespan=7347.593069, Deadline violation=0.000000, Energy violation=0.000000, Capacity violation=0.000000"
200.10.1,200,4,cyclic,,,,,,45,0,10796.437825,7048.713875,7048.713875,7048.713875,1662.537788,FEASIBLE,"Truck 1: 0 120 16 0 28 107 91 27 56 0 101 106 49 52 65 198 163 15 0 |Truck Time: 6867.529762|6867.529762,0.000000,0.000000,0.000000
Truck 2: 0 134 110 33 168 180 0 175 117 147 90 0 24 196 181 39 41 151 14 0 |Truck Time: 7024.335226|7024.335226,0.000000,0.000000,0.000000
Truck 3: 0 94 188 43 128 74 135 199 100 75 46 140 0 50 78 73 152 167 0 80 130 81 89 0 |Truck Time: 7048.713875|7048.713875,0.000000,0.000000,0.000000
Truck 4: 0 3 0 2 157 13 22 69 148 58 166 194 0 177 87 10 7 131 0 |Truck Time: 6959.815962|6959.815962,0.000000,0.000000,0.000000
Truck 5: 0 18 144 31 155 25 42 68 169 129 35 0 51 197 9 122 30 191 178 0 72 192 12 133 92 156 0 |Truck Time: 7021.796415|7021.796415,0.000000,0.000000,0.000000","Drone 1: 0 88 187 0 34 124 0 154 183 0 45 40 0 132 0 99 186 0 105 0 142 0 161 195 0 47 118 95 21 0 170 63 127 44 0 61 98 0 |Drone Time: 7047.038101|7047.038101,0.000000,0.000000,0.000000
Drone 2: 0 146 179 0 23 141 0 160 97 20 0 70 112 0 176 145 0 190 85 0 93 123 0 185 0 115 0 32 119 0 57 0 |Drone Time: 7025.105190|7025.105190,0.000000,0.000000,0.000000
Drone 3: 0 84 126 64 0 76 0 116 26 0 60 0 121 71 0 59 0 153 48 37 0 184 109 0 171 193 0 150 0 29 53 0 62 174 0 |Drone Time: 7048.569252|7048.569252,0.000000,0.000000,0.000000
Drone 4: 0 104 0 111 139 38 0 125 66 0 83 182 189 0 113 36 0 86 0 82 96 0 19 54 0 172 1 67 158 0 55 4 8 0 143 0 |Drone Time: 7041.172721|7041.172721,0.000000,0.000000,0.000000
Drone 5: 0 17 77 164 0 200 138 0 149 0 137 165 102 0 103 114 0 108 162 0 6 11 0 136 79 0 159 0 173 5 0 |Drone Time: 6994.915732|6994.915732,0.000000,0.000000,0.000000",7048.713875,0.0,0.0,0.0,"Truck Routes:
Truck 1: 0 120 16 0 28 107 91 27 56 0 101 106 49 52 65 198 163 15 0 |Truck Time: 6867.529762|6867.529762,0.000000,0.000000,0.000000
Truck 2: 0 134 110 33 168 180 0 175 117 147 90 0 24 196 181 39 41 151 14 0 |Truck Time: 7024.335226|7024.335226,0.000000,0.000000,0.000000
Truck 3: 0 94 188 43 128 74 135 199 100 75 46 140 0 50 78 73 152 167 0 80 130 81 89 0 |Truck Time: 7048.713875|7048.713875,0.000000,0.000000,0.000000
Truck 4: 0 3 0 2 157 13 22 69 148 58 166 194 0 177 87 10 7 131 0 |Truck Time: 6959.815962|6959.815962,0.000000,0.000000,0.000000
Truck 5: 0 18 144 31 155 25 42 68 169 129 35 0 51 197 9 122 30 191 178 0 72 192 12 133 92 156 0 |Truck Time: 7021.796415|7021.796415,0.000000,0.000000,0.000000
Drone Routes:
Drone 1: 0 88 187 0 34 124 0 154 183 0 45 40 0 132 0 99 186 0 105 0 142 0 161 195 0 47 118 95 21 0 170 63 127 44 0 61 98 0 |Drone Time: 7047.038101|7047.038101,0.000000,0.000000,0.000000
Drone 2: 0 146 179 0 23 141 0 160 97 20 0 70 112 0 176 145 0 190 85 0 93 123 0 185 0 115 0 32 119 0 57 0 |Drone Time: 7025.105190|7025.105190,0.000000,0.000000,0.000000
Drone 3: 0 84 126 64 0 76 0 116 26 0 60 0 121 71 0 59 0 153 48 37 0 184 109 0 171 193 0 150 0 29 53 0 62 174 0 |Drone Time: 7048.569252|7048.569252,0.000000,0.000000,0.000000
Drone 4: 0 104 0 111 139 38 0 125 66 0 83 182 189 0 113 36 0 86 0 82 96 0 19 54 0 172 1 67 158 0 55 4 8 0 143 0 |Drone Time: 7041.172721|7041.172721,0.000000,0.000000,0.000000
Drone 5: 0 17 77 164 0 200 138 0 149 0 137 165 102 0 103 114 0 108 162 0 6 11 0 136 79 0 159 0 173 5 0 |Drone Time: 6994.915732|6994.915732,0.000000,0.000000,0.000000
Total validation: Makespan=7048.713875, Deadline violation=0.000000, Energy violation=0.000000, Capacity violation=0.000000"
200.10.1,200,4,random,,,,,,45,0,10796.437825,6648.335509,6648.335509,6648.335509,1953.033594,FEASIBLE,"Truck 1: 0 14 32 119 58 166 3 0 10 7 66 106 101 115 125 0 169 155 149 132 0 |Truck Time: 6648.335509|6648.335509,0.000000,0.000000,0.000000
Truck 2: 0 28 91 107 17 76 134 0 15 0 195 124 24 157 2 181 196 148 194 151 83 0 |Truck Time: 6171.440245|6171.440245,0.000000,0.000000,0.000000
Truck 3: 0 183 86 199 135 187 36 82 96 100 75 140 0 171 73 152 176 190 145 62 174 161 0 118 11 51 56 0 |Truck Time: 6564.711465|6564.711465,0.000000,0.000000,0.000000
Truck 4: 0 182 117 175 13 137 22 69 147 0 68 57 150 142 87 65 198 52 49 0 38 0 |Truck Time: 6608.060533|6608.060533,0.000000,0.000000,0.000000
Truck 5: 0 129 42 131 8 0 180 84 126 197 9 122 78 30 191 167 29 178 0 6 104 27 133 156 79 0 |Truck Time: 6603.751813|6603.751813,0.000000,0.000000,0.000000","Drone 1: 0 70 0 102 165 127 0 188 43 0 97 12 0 128 26 0 179 146 0 94 0 47 189 0 81 71 93 138 0 72 21 0 89 0 |Drone Time: 6632.606335|6632.606335,0.000000,0.000000,0.000000
Drone 2: 0 16 109 0 172 50 85 0 23 141 0 77 33 0 139 111 0 48 98 103 0 105 64 0 35 54 19 0 163 0 92 0 120 0 |Drone Time: 6646.378999|6646.378999,0.000000,0.000000,0.000000
Drone 3: 0 123 0 67 74 0 113 0 168 0 185 0 55 45 40 0 60 0 46 0 164 116 0 130 0 1 158 0 |Drone Time: 6641.109020|6641.109020,0.000000,0.000000,0.000000
Drone 4: 0 4 0 160 192 110 0 112 59 0 20 136 0 90 34 170 0 41 44 0 153 154 0 18 0 95 193 88 0 37 0 143 0 |Drone Time: 6638.352560|6638.352560,0.000000,0.000000,0.000000
Drone 5: 0 80 177 0 61 114 184 0 162 108 0 53 200 0 121 0 25 0 63 39 0 31 144 0 99 186 0 159 0 173 5 0 |Drone Time: 6621.017560|6621.017560,0.000000,0.000000,0.000000",6648.335509,0.0,0.0,0.0,"Truck Routes:
Truck 1: 0 14 32 119 58 166 3 0 10 7 66 106 101 115 125 0 169 155 149 132 0 |Truck Time: 6648.335509|6648.335509,0.000000,0.000000,0.000000
Truck 2: 0 28 91 107 17 76 134 0 15 0 195 124 24 157 2 181 196 148 194 151 83 0 |Truck Time: 6171.440245|6171.440245,0.000000,0.000000,0.000000
Truck 3: 0 183 86 199 135 187 36 82 96 100 75 140 0 171 73 152 176 190 145 62 174 161 0 118 11 51 56 0 |Truck Time: 6564.711465|6564.711465,0.000000,0.000000,0.000000
Truck 4: 0 182 117 175 13 137 22 69 147 0 68 57 150 142 87 65 198 52 49 0 38 0 |Truck Time: 6608.060533|6608.060533,0.000000,0.000000,0.000000
Truck 5: 0 129 42 131 8 0 180 84 126 197 9 122 78 30 191 167 29 178 0 6 104 27 133 156 79 0 |Truck Time: 6603.751813|6603.751813,0.000000,0.000000,0.000000
Drone Routes:
Drone 1: 0 70 0 102 165 127 0 188 43 0 97 12 0 128 26 0 179 146 0 94 0 47 189 0 81 71 93 138 0 72 21 0 89 0 |Drone Time: 6632.606335|6632.606335,0.000000,0.000000,0.000000
Drone 2: 0 16 109 0 172 50 85 0 23 141 0 77 33 0 139 111 0 48 98 103 0 105 64 0 35 54 19 0 163 0 92 0 120 0 |Drone Time: 6646.378999|6646.378999,0.000000,0.000000,0.000000
Drone 3: 0 123 0 67 74 0 113 0 168 0 185 0 55 45 40 0 60 0 46 0 164 116 0 130 0 1 158 0 |Drone Time: 6641.109020|6641.109020,0.000000,0.000000,0.000000
Drone 4: 0 4 0 160 192 110 0 112 59 0 20 136 0 90 34 170 0 41 44 0 153 154 0 18 0 95 193 88 0 37 0 143 0 |Drone Time: 6638.352560|6638.352560,0.000000,0.000000,0.000000
Drone 5: 0 80 177 0 61 114 184 0 162 108 0 53 200 0 121 0 25 0 63 39 0 31 144 0 99 186 0 159 0 173 5 0 |Drone Time: 6621.017560|6621.017560,0.000000,0.000000,0.000000
Total validation: Makespan=6648.335509, Deadline violation=0.000000, Energy violation=0.000000, Capacity violation=0.000000"
200.10.1,200,5,adaptive,g1,0.3,0.2,0.1,0.3,46,0,10311.854697,7494.691452,7494.691452,7494.691452,1390.69286,FEASIBLE,"Truck 1: 0 171 189 0 39 41 2 0 132 67 82 74 116 164 0 |Truck Time: 7474.103477|7474.103477,0.000000,0.000000,0.000000
Truck 2: 0 199 100 75 140 18 0 161 177 59 125 120 16 0 150 57 108 87 7 10 52 143 0 |Truck Time: 7494.691452|7494.691452,0.000000,0.000000,0.000000
Truck 3: 0 117 130 136 20 156 79 133 27 6 0 95 33 85 9 122 78 152 176 190 167 0 47 118 51 64 180 0 |Truck Time: 7356.971492|7356.971492,0.000000,0.000000,0.000000
Truck 4: 0 163 19 68 42 129 166 148 58 0 157 69 137 22 13 102 24 124 83 0 |Truck Time: 7437.171572|7437.171572,0.000000,0.000000,0.000000
Truck 5: 0 14 146 173 89 0 144 31 94 149 45 98 37 131 154 0 97 92 12 91 76 17 134 50 0 |Truck Time: 7492.239084|7492.239084,0.000000,0.000000,0.000000","Drone 1: 0 172 40 103 0 62 77 193 84 0 147 63 0 4 55 48 0 93 165 181 0 29 191 0 101 66 35 8 0 155 153 0 86 0 60 0 80 38 0 |Drone Time: 7434.832695|7434.832695,0.000000,0.000000,0.000000
Drone 2: 0 32 106 0 182 138 0 46 1 26 0 105 174 0 183 135 0 126 141 0 168 0 178 53 0 159 0 123 0 121 0 56 21 0 |Drone Time: 7355.519813|7355.519813,0.000000,0.000000,0.000000
Drone 3: 0 142 0 170 71 192 0 194 44 0 169 112 0 200 65 0 113 43 0 115 0 30 0 25 184 0 109 0 81 72 0 |Drone Time: 7453.996708|7453.996708,0.000000,0.000000,0.000000
Drone 4: 0 119 0 3 0 88 114 0 158 187 0 99 162 70 54 0 49 0 186 0 151 0 110 104 0 15 0 195 5 0 127 23 0 |Drone Time: 7451.029648|7451.029648,0.000000,0.000000,0.000000
Drone 5: 0 196 90 0 61 188 0 107 0 179 198 145 0 96 36 128 0 197 11 0 139 111 0 185 0 160 28 0 175 34 0 73 0 |Drone Time: 7387.097134|7387.097134,0.000000,0.000000,0.000000",7494.691452,0.0,0.0,0.0,"Truck Routes:
Truck 1: 0 171 189 0 39 41 2 0 132 67 82 74 116 164 0 |Truck Time: 7474.103477|7474.103477,0.000000,0.000000,0.000000
Truck 2: 0 199 100 75 140 18 0 161 177 59 125 120 16 0 150 57 108 87 7 10 52 143 0 |Truck Time: 7494.691452|7494.691452,0.000000,0.000000,0.000000
Truck 3: 0 117 130 136 20 156 79 133 27 6 0 95 33 85 9 122 78 152 176 190 167 0 47 118 51 64 180 0 |Truck Time: 7356.971492|7356.971492,0.000000,0.000000,0.000000
Truck 4: 0 163 19 68 42 129 166 148 58 0 157 69 137 22 13 102 24 124 83 0 |Truck Time: 7437.171572|7437.171572,0.000000,0.000000,0.000000
Truck 5: 0 14 146 173 89 0 144 31 94 149 45 98 37 131 154 0 97 92 12 91 76 17 134 50 0 |Truck Time: 7492.239084|7492.239084,0.000000,0.000000,0.000000
Drone Routes:
Drone 1: 0 172 40 103 0 62 77 193 84 0 147 63 0 4 55 48 0 93 165 181 0 29 191 0 101 66 35 8 0 155 153 0 86 0 60 0 80 38 0 |Drone Time: 7434.832695|7434.832695,0.000000,0.000000,0.000000
Drone 2: 0 32 106 0 182 138 0 46 1 26 0 105 174 0 183 135 0 126 141 0 168 0 178 53 0 159 0 123 0 121 0 56 21 0 |Drone Time: 7355.519813|7355.519813,0.000000,0.000000,0.000000
Drone 3: 0 142 0 170 71 192 0 194 44 0 169 112 0 200 65 0 113 43 0 115 0 30 0 25 184 0 109 0 81 72 0 |Drone Time: 7453.996708|7453.996708,0.000000,0.000000,0.000000
Drone 4: 0 119 0 3 0 88 114 0 158 187 0 99 162 70 54 0 49 0 186 0 151 0 110 104 0 15 0 195 5 0 127 23 0 |Drone Time: 7451.029648|7451.029648,0.000000,0.000000,0.000000
Drone 5: 0 196 90 0 61 188 0 107 0 179 198 145 0 96 36 128 0 197 11 0 139 111 0 185 0 160 28 0 175 34 0 73 0 |Drone Time: 7387.097134|7387.097134,0.000000,0.000000,0.000000
Total validation: Makespan=7494.691452, Deadline violation=0.000000, Energy violation=0.000000, Capacity violation=0.000000"
200.10.1,200,5,adaptive,g2,0.5,0.3,0.1,0.3,46,0,10311.854697,7494.691452,7494.691452,7494.691452,1403.8466,FEASIBLE,"Truck 1: 0 171 189 0 39 41 2 0 132 67 82 74 116 164 0 |Truck Time: 7474.103477|7474.103477,0.000000,0.000000,0.000000
Truck 2: 0 199 100 75 140 18 0 161 177 59 125 120 16 0 150 57 108 87 7 10 52 143 0 |Truck Time: 7494.691452|7494.691452,0.000000,0.000000,0.000000
Truck 3: 0 117 130 136 20 156 79 133 27 6 0 95 33 85 9 122 78 152 176 190 167 0 47 118 51 64 180 0 |Truck Time: 7356.971492|7356.971492,0.000000,0.000000,0.000000
Truck 4: 0 163 19 68 42 129 166 148 58 0 157 69 137 22 13 102 24 124 83 0 |Truck Time: 7437.171572|7437.171572,0.000000,0.000000,0.000000
Truck 5: 0 14 146 173 89 0 144 31 94 149 45 98 37 131 154 0 97 92 12 91 76 17 134 50 0 |Truck Time: 7492.239084|7492.239084,0.000000,0.000000,0.000000","Drone 1: 0 172 40 103 0 62 77 193 84 0 147 63 0 4 55 48 0 93 165 181 0 29 191 0 101 66 35 8 0 155 153 0 86 0 60 0 80 38 0 |Drone Time: 7434.832695|7434.832695,0.000000,0.000000,0.000000
Drone 2: 0 32 106 0 182 138 0 46 1 26 0 105 174 0 183 135 0 126 141 0 168 0 178 53 0 159 0 123 0 121 0 56 21 0 |Drone Time: 7355.519813|7355.519813,0.000000,0.000000,0.000000
Drone 3: 0 142 0 170 71 192 0 194 44 0 169 112 0 200 65 0 113 43 0 115 0 30 0 25 184 0 109 0 81 72 0 |Drone Time: 7453.996708|7453.996708,0.000000,0.000000,0.000000
Drone 4: 0 119 0 3 0 88 114 0 158 187 0 99 162 70 54 0 49 0 186 0 151 0 110 104 0 15 0 195 5 0 127 23 0 |Drone Time: 7451.029648|7451.029648,0.000000,0.000000,0.000000
Drone 5: 0 196 90 0 61 188 0 107 0 179 198 145 0 96 36 128 0 197 11 0 139 111 0 185 0 160 28 0 175 34 0 73 0 |Drone Time: 7387.097134|7387.097134,0.000000,0.000000,0.000000",7494.691452,0.0,0.0,0.0,"Truck Routes:
Truck 1: 0 171 189 0 39 41 2 0 132 67 82 74 116 164 0 |Truck Time: 7474.103477|7474.103477,0.000000,0.000000,0.000000
Truck 2: 0 199 100 75 140 18 0 161 177 59 125 120 16 0 150 57 108 87 7 10 52 143 0 |Truck Time: 7494.691452|7494.691452,0.000000,0.000000,0.000000
Truck 3: 0 117 130 136 20 156 79 133 27 6 0 95 33 85 9 122 78 152 176 190 167 0 47 118 51 64 180 0 |Truck Time: 7356.971492|7356.971492,0.000000,0.000000,0.000000
Truck 4: 0 163 19 68 42 129 166 148 58 0 157 69 137 22 13 102 24 124 83 0 |Truck Time: 7437.171572|7437.171572,0.000000,0.000000,0.000000
Truck 5: 0 14 146 173 89 0 144 31 94 149 45 98 37 131 154 0 97 92 12 91 76 17 134 50 0 |Truck Time: 7492.239084|7492.239084,0.000000,0.000000,0.000000
Drone Routes:
Drone 1: 0 172 40 103 0 62 77 193 84 0 147 63 0 4 55 48 0 93 165 181 0 29 191 0 101 66 35 8 0 155 153 0 86 0 60 0 80 38 0 |Drone Time: 7434.832695|7434.832695,0.000000,0.000000,0.000000
Drone 2: 0 32 106 0 182 138 0 46 1 26 0 105 174 0 183 135 0 126 141 0 168 0 178 53 0 159 0 123 0 121 0 56 21 0 |Drone Time: 7355.519813|7355.519813,0.000000,0.000000,0.000000
Drone 3: 0 142 0 170 71 192 0 194 44 0 169 112 0 200 65 0 113 43 0 115 0 30 0 25 184 0 109 0 81 72 0 |Drone Time: 7453.996708|7453.996708,0.000000,0.000000,0.000000
Drone 4: 0 119 0 3 0 88 114 0 158 187 0 99 162 70 54 0 49 0 186 0 151 0 110 104 0 15 0 195 5 0 127 23 0 |Drone Time: 7451.029648|7451.029648,0.000000,0.000000,0.000000
Drone 5: 0 196 90 0 61 188 0 107 0 179 198 145 0 96 36 128 0 197 11 0 139 111 0 185 0 160 28 0 175 34 0 73 0 |Drone Time: 7387.097134|7387.097134,0.000000,0.000000,0.000000
Total validation: Makespan=7494.691452, Deadline violation=0.000000, Energy violation=0.000000, Capacity violation=0.000000"
200.10.1,200,5,adaptive,g3,0.3,0.2,0.1,0.6,46,0,10311.854697,7494.691452,7494.691452,7494.691452,1092.097638,FEASIBLE,"Truck 1: 0 171 189 0 39 41 2 0 132 67 82 74 116 164 0 |Truck Time: 7474.103477|7474.103477,0.000000,0.000000,0.000000
Truck 2: 0 199 100 75 140 18 0 161 177 59 125 120 16 0 150 57 108 87 7 10 52 143 0 |Truck Time: 7494.691452|7494.691452,0.000000,0.000000,0.000000
Truck 3: 0 117 130 136 20 156 79 133 27 6 0 95 33 85 9 122 78 152 176 190 167 0 47 118 51 64 180 0 |Truck Time: 7356.971492|7356.971492,0.000000,0.000000,0.000000
Truck 4: 0 163 19 68 42 129 166 148 58 0 157 69 137 22 13 102 24 124 83 0 |Truck Time: 7437.171572|7437.171572,0.000000,0.000000,0.000000
Truck 5: 0 14 146 173 89 0 144 31 94 149 45 98 37 131 154 0 97 92 12 91 76 17 134 50 0 |Truck Time: 7492.239084|7492.239084,0.000000,0.000000,0.000000","Drone 1: 0 172 40 103 0 62 77 193 84 0 147 63 0 4 55 48 0 93 165 181 0 29 191 0 101 66 35 8 0 155 153 0 86 0 60 0 80 38 0 |Drone Time: 7434.832695|7434.832695,0.000000,0.000000,0.000000
Drone 2: 0 32 106 0 182 138 0 46 1 26 0 105 174 0 183 135 0 126 141 0 168 0 178 53 0 159 0 123 0 121 0 56 21 0 |Drone Time: 7355.519813|7355.519813,0.000000,0.000000,0.000000
Drone 3: 0 142 0 170 71 192 0 194 44 0 169 112 0 200 65 0 113 43 0 115 0 30 0 25 184 0 109 0 81 72 0 |Drone Time: 7453.996708|7453.996708,0.000000,0.000000,0.000000
Drone 4: 0 119 0 3 0 88 114 0 158 187 0 99 162 70 54 0 49 0 186 0 151 0 110 104 0 15 0 195 5 0 127 23 0 |Drone Time: 7451.029648|7451.029648,0.000000,0.000000,0.000000
Drone 5: 0 196 90 0 61 188 0 107 0 179 198 145 0 96 36 128 0 197 11 0 139 111 0 185 0 160 28 0 175 34 0 73 0 |Drone Time: 7387.097134|7387.097134,0.000000,0.000000,0.000000",7494.691452,0.0,0.0,0.0,"Truck Routes:
Truck 1: 0 171 189 0 39 41 2 0 132 67 82 74 116 164 0 |Truck Time: 7474.103477|7474.103477,0.000000,0.000000,0.000000
Truck 2: 0 199 100 75 140 18 0 161 177 59 125 120 16 0 150 57 108 87 7 10 52 143 0 |Truck Time: 7494.691452|7494.691452,0.000000,0.000000,0.000000
Truck 3: 0 117 130 136 20 156 79 133 27 6 0 95 33 85 9 122 78 152 176 190 167 0 47 118 51 64 180 0 |Truck Time: 7356.971492|7356.971492,0.000000,0.000000,0.000000
Truck 4: 0 163 19 68 42 129 166 148 58 0 157 69 137 22 13 102 24 124 83 0 |Truck Time: 7437.171572|7437.171572,0.000000,0.000000,0.000000
Truck 5: 0 14 146 173 89 0 144 31 94 149 45 98 37 131 154 0 97 92 12 91 76 17 134 50 0 |Truck Time: 7492.239084|7492.239084,0.000000,0.000000,0.000000
Drone Routes:
Drone 1: 0 172 40 103 0 62 77 193 84 0 147 63 0 4 55 48 0 93 165 181 0 29 191 0 101 66 35 8 0 155 153 0 86 0 60 0 80 38 0 |Drone Time: 7434.832695|7434.832695,0.000000,0.000000,0.000000
Drone 2: 0 32 106 0 182 138 0 46 1 26 0 105 174 0 183 135 0 126 141 0 168 0 178 53 0 159 0 123 0 121 0 56 21 0 |Drone Time: 7355.519813|7355.519813,0.000000,0.000000,0.000000
Drone 3: 0 142 0 170 71 192 0 194 44 0 169 112 0 200 65 0 113 43 0 115 0 30 0 25 184 0 109 0 81 72 0 |Drone Time: 7453.996708|7453.996708,0.000000,0.000000,0.000000
Drone 4: 0 119 0 3 0 88 114 0 158 187 0 99 162 70 54 0 49 0 186 0 151 0 110 104 0 15 0 195 5 0 127 23 0 |Drone Time: 7451.029648|7451.029648,0.000000,0.000000,0.000000
Drone 5: 0 196 90 0 61 188 0 107 0 179 198 145 0 96 36 128 0 197 11 0 139 111 0 185 0 160 28 0 175 34 0 73 0 |Drone Time: 7387.097134|7387.097134,0.000000,0.000000,0.000000
Total validation: Makespan=7494.691452, Deadline violation=0.000000, Energy violation=0.000000, Capacity violation=0.000000"
200.10.1,200,5,adaptive,g4,0.5,0.3,0.1,0.6,46,0,10311.854697,7494.691452,7494.691452,7494.691452,1934.673959,FEASIBLE,"Truck 1: 0 171 189 0 39 41 2 0 132 67 82 74 116 164 0 |Truck Time: 7474.103477|7474.103477,0.000000,0.000000,0.000000
Truck 2: 0 199 100 75 140 18 0 161 177 59 125 120 16 0 150 57 108 87 7 10 52 143 0 |Truck Time: 7494.691452|7494.691452,0.000000,0.000000,0.000000
Truck 3: 0 117 130 136 20 156 79 133 27 6 0 95 33 85 9 122 78 152 176 190 167 0 47 118 51 64 180 0 |Truck Time: 7356.971492|7356.971492,0.000000,0.000000,0.000000
Truck 4: 0 163 19 68 42 129 166 148 58 0 157 69 137 22 13 102 24 124 83 0 |Truck Time: 7437.171572|7437.171572,0.000000,0.000000,0.000000
Truck 5: 0 14 146 173 89 0 144 31 94 149 45 98 37 131 154 0 97 92 12 91 76 17 134 50 0 |Truck Time: 7492.239084|7492.239084,0.000000,0.000000,0.000000","Drone 1: 0 172 40 103 0 62 77 193 84 0 147 63 0 4 55 48 0 93 165 181 0 29 191 0 101 66 35 8 0 155 153 0 86 0 60 0 80 38 0 |Drone Time: 7434.832695|7434.832695,0.000000,0.000000,0.000000
Drone 2: 0 32 106 0 182 138 0 46 1 26 0 105 174 0 183 135 0 126 141 0 168 0 178 53 0 159 0 123 0 121 0 56 21 0 |Drone Time: 7355.519813|7355.519813,0.000000,0.000000,0.000000
Drone 3: 0 142 0 170 71 192 0 194 44 0 169 112 0 200 65 0 113 43 0 115 0 30 0 25 184 0 109 0 81 72 0 |Drone Time: 7453.996708|7453.996708,0.000000,0.000000,0.000000
Drone 4: 0 119 0 3 0 88 114 0 158 187 0 99 162 70 54 0 49 0 186 0 151 0 110 104 0 15 0 195 5 0 127 23 0 |Drone Time: 7451.029648|7451.029648,0.000000,0.000000,0.000000
Drone 5: 0 196 90 0 61 188 0 107 0 179 198 145 0 96 36 128 0 197 11 0 139 111 0 185 0 160 28 0 175 34 0 73 0 |Drone Time: 7387.097134|7387.097134,0.000000,0.000000,0.000000",7494.691452,0.0,0.0,0.0,"Truck Routes:
Truck 1: 0 171 189 0 39 41 2 0 132 67 82 74 116 164 0 |Truck Time: 7474.103477|7474.103477,0.000000,0.000000,0.000000
Truck 2: 0 199 100 75 140 18 0 161 177 59 125 120 16 0 150 57 108 87 7 10 52 143 0 |Truck Time: 7494.691452|7494.691452,0.000000,0.000000,0.000000
Truck 3: 0 117 130 136 20 156 79 133 27 6 0 95 33 85 9 122 78 152 176 190 167 0 47 118 51 64 180 0 |Truck Time: 7356.971492|7356.971492,0.000000,0.000000,0.000000
Truck 4: 0 163 19 68 42 129 166 148 58 0 157 69 137 22 13 102 24 124 83 0 |Truck Time: 7437.171572|7437.171572,0.000000,0.000000,0.000000
Truck 5: 0 14 146 173 89 0 144 31 94 149 45 98 37 131 154 0 97 92 12 91 76 17 134 50 0 |Truck Time: 7492.239084|7492.239084,0.000000,0.000000,0.000000
Drone Routes:
Drone 1: 0 172 40 103 0 62 77 193 84 0 147 63 0 4 55 48 0 93 165 181 0 29 191 0 101 66 35 8 0 155 153 0 86 0 60 0 80 38 0 |Drone Time: 7434.832695|7434.832695,0.000000,0.000000,0.000000
Drone 2: 0 32 106 0 182 138 0 46 1 26 0 105 174 0 183 135 0 126 141 0 168 0 178 53 0 159 0 123 0 121 0 56 21 0 |Drone Time: 7355.519813|7355.519813,0.000000,0.000000,0.000000
Drone 3: 0 142 0 170 71 192 0 194 44 0 169 112 0 200 65 0 113 43 0 115 0 30 0 25 184 0 109 0 81 72 0 |Drone Time: 7453.996708|7453.996708,0.000000,0.000000,0.000000
Drone 4: 0 119 0 3 0 88 114 0 158 187 0 99 162 70 54 0 49 0 186 0 151 0 110 104 0 15 0 195 5 0 127 23 0 |Drone Time: 7451.029648|7451.029648,0.000000,0.000000,0.000000
Drone 5: 0 196 90 0 61 188 0 107 0 179 198 145 0 96 36 128 0 197 11 0 139 111 0 185 0 160 28 0 175 34 0 73 0 |Drone Time: 7387.097134|7387.097134,0.000000,0.000000,0.000000
Total validation: Makespan=7494.691452, Deadline violation=0.000000, Energy violation=0.000000, Capacity violation=0.000000"
200.10.1,200,5,cyclic,,,,,,46,0,10311.854697,7306.064345,7306.064345,7306.064345,1642.64063,FEASIBLE,"Truck 1: 0 24 196 39 41 0 197 126 72 0 114 188 43 36 116 164 199 0 |Truck Time: 7216.793954|7216.793954,0.000000,0.000000,0.000000
Truck 2: 0 100 75 140 0 163 125 115 52 143 146 0 150 57 108 142 186 7 10 0 |Truck Time: 7306.064345|7306.064345,0.000000,0.000000,0.000000
Truck 3: 0 28 23 134 33 122 78 85 50 0 176 190 152 167 180 0 47 133 92 156 79 20 136 0 |Truck Time: 7090.059396|7090.059396,0.000000,0.000000,0.000000
Truck 4: 0 129 42 68 131 120 0 3 14 166 194 151 58 119 0 124 34 137 22 13 102 69 148 0 |Truck Time: 7146.165002|7146.165002,0.000000,0.000000,0.000000
Truck 5: 0 89 195 80 0 177 16 155 94 149 45 98 37 144 0 51 6 97 12 27 76 17 107 105 0 |Truck Time: 7245.505804|7245.505804,0.000000,0.000000,0.000000","Drone 1: 0 158 187 0 88 77 0 53 178 38 0 26 128 0 118 165 181 0 106 70 0 4 0 9 174 0 30 64 0 60 0 15 0 |Drone Time: 7263.889314|7263.889314,0.000000,0.000000,0.000000
Drone 2: 0 161 0 127 138 81 0 8 32 44 90 179 0 1 113 0 121 71 0 86 153 183 0 62 0 182 189 0 130 0 35 67 74 84 0 132 0 171 21 0 |Drone Time: 7300.069067|7300.069067,0.000000,0.000000,0.000000
Drone 3: 0 141 159 0 168 110 193 0 147 63 0 169 48 55 112 0 157 0 82 0 59 0 117 0 25 184 0 109 0 185 5 0 |Drone Time: 7289.576344|7289.576344,0.000000,0.000000,0.000000
Drone 4: 0 91 0 2 0 31 0 65 101 0 172 160 95 0 46 200 0 40 99 49 0 175 11 0 123 0 104 0 154 0 173 83 0 |Drone Time: 7295.093148|7295.093148,0.000000,0.000000,0.000000
Drone 5: 0 19 162 66 0 61 103 0 56 192 0 170 93 198 0 18 0 96 145 0 139 111 0 29 191 0 54 87 0 135 0 73 0 |Drone Time: 7268.940707|7268.940707,0.000000,0.000000,0.000000",7306.064345,0.0,0.0,0.0,"Truck Routes:
Truck 1: 0 24 196 39 41 0 197 126 72 0 114 188 43 36 116 164 199 0 |Truck Time: 7216.793954|7216.793954,0.000000,0.000000,0.000000
Truck 2: 0 100 75 140 0 163 125 115 52 143 146 0 150 57 108 142 186 7 10 0 |Truck Time: 7306.064345|7306.064345,0.000000,0.000000,0.000000
Truck 3: 0 28 23 134 33 122 78 85 50 0 176 190 152 167 180 0 47 133 92 156 79 20 136 0 |Truck Time: 7090.059396|7090.059396,0.000000,0.000000,0.000000
Truck 4: 0 129 42 68 131 120 0 3 14 166 194 151 58 119 0 124 34 137 22 13 102 69 148 0 |Truck Time: 7146.165002|7146.165002,0.000000,0.000000,0.000000
Truck 5: 0 89 195 80 0 177 16 155 94 149 45 98 37 144 0 51 6 97 12 27 76 17 107 105 0 |Truck Time: 7245.505804|7245.505804,0.000000,0.000000,0.000000
Drone Routes:
Drone 1: 0 158 187 0 88 77 0 53 178 38 0 26 128 0 118 165 181 0 106 70 0 4 0 9 174 0 30 64 0 60 0 15 0 |Drone Time: 7263.889314|7263.889314,0.000000,0.000000,0.000000
Drone 2: 0 161 0 127 138 81 0 8 32 44 90 179 0 1 113 0 121 71 0 86 153 183 0 62 0 182 189 0 130 0 35 67 74 84 0 132 0 171 21 0 |Drone Time: 7300.069067|7300.069067,0.000000,0.000000,0.000000
Drone 3: 0 141 159 0 168 110 193 0 147 63 0 169 48 55 112 0 157 0 82 0 59 0 117 0 25 184 0 109 0 185 5 0 |Drone Time: 7289.576344|7289.576344,0.000000,0.000000,0.000000
Drone 4: 0 91 0 2 0 31 0 65 101 0 172 160 95 0 46 200 0 40 99 49 0 175 11 0 123 0 104 0 154 0 173 83 0 |Drone Time: 7295.093148|7295.093148,0.000000,0.000000,0.000000
Drone 5: 0 19 162 66 0 61 103 0 56 192 0 170 93 198 0 18 0 96 145 0 139 111 0 29 191 0 54 87 0 135 0 73 0 |Drone Time: 7268.940707|7268.940707,0.000000,0.000000,0.000000
Total validation: Makespan=7306.064345, Deadline violation=0.000000, Energy violation=0.000000, Capacity violation=0.000000"
200.10.1,200,5,random,,,,,,46,0,10311.854697,6357.881412,6357.881412,6357.881412,2041.511747,FEASIBLE,"Truck 1: 0 58 39 41 2 157 181 127 196 166 0 53 135 158 82 164 128 43 188 113 114 0 |Truck Time: 6316.438810|6316.438810,0.000000,0.000000,0.000000
Truck 2: 0 132 75 100 0 15 131 68 42 155 153 0 195 150 70 142 108 109 19 120 173 161 0 |Truck Time: 6336.394127|6336.394127,0.000000,0.000000,0.000000
Truck 3: 0 118 95 91 107 17 23 134 104 6 0 122 78 73 152 190 183 0 14 3 0 |Truck Time: 6357.881412|6357.881412,0.000000,0.000000,0.000000
Truck 4: 0 185 198 101 7 10 115 125 163 16 177 0 124 147 34 22 137 13 102 69 24 0 |Truck Time: 6323.354163|6323.354163,0.000000,0.000000,0.000000
Truck 5: 0 180 51 171 29 62 174 140 149 98 45 94 31 169 8 0 123 159 156 92 192 12 133 27 72 38 0 |Truck Time: 6321.407188|6321.407188,0.000000,0.000000,0.000000","Drone 1: 0 47 79 71 0 199 187 0 182 93 170 189 0 88 96 0 148 5 0 162 87 54 0 64 84 30 0 193 167 0 143 0 |Drone Time: 6336.060837|6336.060837,0.000000,0.000000,0.000000
Drone 2: 0 129 0 48 55 186 112 0 121 90 0 154 146 0 40 103 61 0 197 141 0 26 36 67 0 130 0 105 0 175 0 178 0 |Drone Time: 6330.369630|6330.369630,0.000000,0.000000,0.000000
Drone 3: 0 172 9 0 81 117 0 44 151 0 80 165 63 138 0 18 35 0 52 0 200 191 0 25 184 0 57 0 56 21 0 126 11 0 |Drone Time: 6269.876748|6269.876748,0.000000,0.000000,0.000000
Drone 4: 0 66 106 65 0 194 83 0 33 77 0 37 0 89 0 99 49 0 4 0 176 0 136 20 0 60 0 110 76 0 |Drone Time: 6335.967508|6335.967508,0.000000,0.000000,0.000000
Drone 5: 0 59 0 1 74 179 0 145 0 46 116 0 32 119 0 139 111 0 86 144 0 160 28 0 97 168 0 85 50 0 |Drone Time: 6348.430121|6348.430121,0.000000,0.000000,0.000000",6357.881412,0.0,0.0,0.0,"Truck Routes:
Truck 1: 0 58 39 41 2 157 181 127 196 166 0 53 135 158 82 164 128 43 188 113 114 0 |Truck Time: 6316.438810|6316.438810,0.000000,0.000000,0.000000
Truck 2: 0 132 75 100 0 15 131 68 42 155 153 0 195 150 70 142 108 109 19 120 173 161 0 |Truck Time: 6336.394127|6336.394127,0.000000,0.000000,0.000000
Truck 3: 0 118 95 91 107 17 23 134 104 6 0 122 78 73 152 190 183 0 14 3 0 |Truck Time: 6357.881412|6357.881412,0.000000,0.000000,0.000000
Truck 4: 0 185 198 101 7 10 115 125 163 16 177 0 124 147 34 22 137 13 102 69 24 0 |Truck Time: 6323.354163|6323.354163,0.000000,0.000000,0.000000
Truck 5: 0 180 51 171 29 62 174 140 149 98 45 94 31 169 8 0 123 159 156 92 192 12 133 27 72 38 0 |Truck Time: 6321.407188|6321.407188,0.000000,0.000000,0.000000
Drone Routes:
Drone 1: 0 47 79 71 0 199 187 0 182 93 170 189 0 88 96 0 148 5 0 162 87 54 0 64 84 30 0 193 167 0 143 0 |Drone Time: 6336.060837|6336.060837,0.000000,0.000000,0.000000
Drone 2: 0 129 0 48 55 186 112 0 121 90 0 154 146 0 40 103 61 0 197 141 0 26 36 67 0 130 0 105 0 175 0 178 0 |Drone Time: 6330.369630|6330.369630,0.000000,0.000000,0.000000
Drone 3: 0 172 9 0 81 117 0 44 151 0 80 165 63 138 0 18 35 0 52 0 200 191 0 25 184 0 57 0 56 21 0 126 11 0 |Drone Time: 6269.876748|6269.876748,0.000000,0.000000,0.000000
Drone 4: 0 66 106 65 0 194 83 0 33 77 0 37 0 89 0 99 49 0 4 0 176 0 136 20 0 60 0 110 76 0 |Drone Time: 6335.967508|6335.967508,0.000000,0.000000,0.000000
Drone 5: 0 59 0 1 74 179 0 145 0 46 116 0 32 119 0 139 111 0 86 144 0 160 28 0 97 168 0 85 50 0 |Drone Time: 6348.430121|6348.430121,0.000000,0.000000,0.000000
Total validation: Makespan=6357.881412, Deadline violation=0.000000, Energy violation=0.000000, Capacity violation=0.000000"
200.10.2,200,1,adaptive,g1,0.3,0.2,0.1,0.3,42,0,9507.21523,7680.513598,7680.513598,7680.513598,2321.668897,FEASIBLE,"Truck 1: 0 3 166 100 48 32 144 40 81 185 0 90 1 98 189 91 128 0 76 38 33 160 36 133 0 |Truck Time: 7642.037485|7642.037485,0.000000,0.000000,0.000000
Truck 2: 0 20 50 87 147 0 79 148 25 134 61 0 158 56 137 122 182 96 176 64 0 |Truck Time: 7608.272961|7608.272961,0.000000,0.000000,0.000000
Truck 3: 0 99 126 162 83 88 184 107 92 0 41 94 136 0 192 52 62 198 58 125 112 17 18 0 |Truck Time: 7661.296433|7661.296433,0.000000,0.000000,0.000000
Truck 4: 0 110 34 66 67 149 95 111 78 0 132 68 143 0 113 129 84 51 183 8 0 |Truck Time: 7680.513598|7680.513598,0.000000,0.000000,0.000000
Truck 5: 0 187 0 19 119 181 27 120 135 173 60 74 159 0 43 190 0 152 168 45 186 141 23 0 |Truck Time: 7648.727326|7648.727326,0.000000,0.000000,0.000000","Drone 1: 0 31 146 0 195 171 0 196 108 174 0 142 121 39 102 0 16 75 0 139 0 165 114 0 175 197 0 14 0 49 0 157 13 0 30 0 164 0 |Drone Time: 7639.511960|7639.511960,0.000000,0.000000,0.000000
Drone 2: 0 73 63 0 89 104 82 0 199 138 177 0 59 117 191 0 156 72 0 193 155 0 29 77 0 65 0 172 0 169 0 6 109 0 |Drone Time: 7525.303319|7525.303319,0.000000,0.000000,0.000000
Drone 3: 0 151 0 7 0 180 0 140 11 0 179 35 170 167 0 188 12 0 123 0 44 54 0 150 0 42 71 57 0 115 0 101 10 0 |Drone Time: 7616.927910|7616.927910,0.000000,0.000000,0.000000
Drone 4: 0 4 0 194 145 0 80 0 124 97 105 28 46 0 5 37 0 22 15 0 153 163 0 130 127 0 86 69 0 106 178 0 131 0 103 0 |Drone Time: 7675.937669|7675.937669,0.000000,0.000000,0.000000
Drone 5: 0 161 0 154 0 21 0 47 0 2 0 70 0 9 0 85 24 0 200 0 26 0 93 0 53 116 0 55 118 0 |Drone Time: 7613.250142|7613.250142,0.000000,0.000000,0.000000",7680.513598,0.0,0.0,0.0,"Truck Routes:
Truck 1: 0 3 166 100 48 32 144 40 81 185 0 90 1 98 189 91 128 0 76 38 33 160 36 133 0 |Truck Time: 7642.037485|7642.037485,0.000000,0.000000,0.000000
Truck 2: 0 20 50 87 147 0 79 148 25 134 61 0 158 56 137 122 182 96 176 64 0 |Truck Time: 7608.272961|7608.272961,0.000000,0.000000,0.000000
Truck 3: 0 99 126 162 83 88 184 107 92 0 41 94 136 0 192 52 62 198 58 125 112 17 18 0 |Truck Time: 7661.296433|7661.296433,0.000000,0.000000,0.000000
Truck 4: 0 110 34 66 67 149 95 111 78 0 132 68 143 0 113 129 84 51 183 8 0 |Truck Time: 7680.513598|7680.513598,0.000000,0.000000,0.000000
Truck 5: 0 187 0 19 119 181 27 120 135 173 60 74 159 0 43 190 0 152 168 45 186 141 23 0 |Truck Time: 7648.727326|7648.727326,0.000000,0.000000,0.000000
Drone Routes:
Drone 1: 0 31 146 0 195 171 0 196 108 174 0 142 121 39 102 0 16 75 0 139 0 165 114 0 175 197 0 14 0 49 0 157 13 0 30 0 164 0 |Drone Time: 7639.511960|7639.511960,0.000000,0.000000,0.000000
Drone 2: 0 73 63 0 89 104 82 0 199 138 177 0 59 117 191 0 156 72 0 193 155 0 29 77 0 65 0 172 0 169 0 6 109 0 |Drone Time: 7525.303319|7525.303319,0.000000,0.000000,0.000000
Drone 3: 0 151 0 7 0 180 0 140 11 0 179 35 170 167 0 188 12 0 123 0 44 54 0 150 0 42 71 57 0 115 0 101 10 0 |Drone Time: 7616.927910|7616.927910,0.000000,0.000000,0.000000
Drone 4: 0 4 0 194 145 0 80 0 124 97 105 28 46 0 5 37 0 22 15 0 153 163 0 130 127 0 86 69 0 106 178 0 131 0 103 0 |Drone Time: 7675.937669|7675.937669,0.000000,0.000000,0.000000
Drone 5: 0 161 0 154 0 21 0 47 0 2 0 70 0 9 0 85 24 0 200 0 26 0 93 0 53 116 0 55 118 0 |Drone Time: 7613.250142|7613.250142,0.000000,0.000000,0.000000
Total validation: Makespan=7680.513598, Deadline violation=0.000000, Energy violation=0.000000, Capacity violation=0.000000"
200.10.2,200,1,adaptive,g2,0.5,0.3,0.1,0.3,42,0,9507.21523,7680.513598,7680.513598,7680.513598,2319.923171,FEASIBLE,"Truck 1: 0 3 166 100 48 32 144 40 81 185 0 90 1 98 189 91 128 0 76 38 33 160 36 133 0 |Truck Time: 7642.037485|7642.037485,0.000000,0.000000,0.000000
Truck 2: 0 20 50 87 147 0 79 148 25 134 61 0 158 56 137 122 182 96 176 64 0 |Truck Time: 7608.272961|7608.272961,0.000000,0.000000,0.000000
Truck 3: 0 99 126 162 83 88 184 107 92 0 41 94 136 0 192 52 62 198 58 125 112 17 18 0 |Truck Time: 7661.296433|7661.296433,0.000000,0.000000,0.000000
Truck 4: 0 110 34 66 67 149 95 111 78 0 132 68 143 0 113 129 84 51 183 8 0 |Truck Time: 7680.513598|7680.513598,0.000000,0.000000,0.000000
Truck 5: 0 187 0 19 119 181 27 120 135 173 60 74 159 0 43 190 0 152 168 45 186 141 23 0 |Truck Time: 7648.727326|7648.727326,0.000000,0.000000,0.000000","Drone 1: 0 31 146 0 195 171 0 196 108 174 0 142 121 39 102 0 16 75 0 139 0 165 114 0 175 197 0 14 0 49 0 157 13 0 30 0 164 0 |Drone Time: 7639.511960|7639.511960,0.000000,0.000000,0.000000
Drone 2: 0 73 63 0 89 104 82 0 199 138 177 0 59 117 191 0 156 72 0 193 155 0 29 77 0 65 0 172 0 169 0 6 109 0 |Drone Time: 7525.303319|7525.303319,0.000000,0.000000,0.000000
Drone 3: 0 151 0 7 0 180 0 140 11 0 179 35 170 167 0 188 12 0 123 0 44 54 0 150 0 42 71 57 0 115 0 101 10 0 |Drone Time: 7616.927910|7616.927910,0.000000,0.000000,0.000000
Drone 4: 0 4 0 194 145 0 80 0 124 97 105 28 46 0 5 37 0 22 15 0 153 163 0 130 127 0 86 69 0 106 178 0 131 0 103 0 |Drone Time: 7675.937669|7675.937669,0.000000,0.000000,0.000000
Drone 5: 0 161 0 154 0 21 0 47 0 2 0 70 0 9 0 85 24 0 200 0 26 0 93 0 53 116 0 55 118 0 |Drone Time: 7613.250142|7613.250142,0.000000,0.000000,0.000000",7680.513598,0.0,0.0,0.0,"Truck Routes:
Truck 1: 0 3 166 100 48 32 144 40 81 185 0 90 1 98 189 91 128 0 76 38 33 160 36 133 0 |Truck Time: 7642.037485|7642.037485,0.000000,0.000000,0.000000
Truck 2: 0 20 50 87 147 0 79 148 25 134 61 0 158 56 137 122 182 96 176 64 0 |Truck Time: 7608.272961|7608.272961,0.000000,0.000000,0.000000
Truck 3: 0 99 126 162 83 88 184 107 92 0 41 94 136 0 192 52 62 198 58 125 112 17 18 0 |Truck Time: 7661.296433|7661.296433,0.000000,0.000000,0.000000
Truck 4: 0 110 34 66 67 149 95 111 78 0 132 68 143 0 113 129 84 51 183 8 0 |Truck Time: 7680.513598|7680.513598,0.000000,0.000000,0.000000
Truck 5: 0 187 0 19 119 181 27 120 135 173 60 74 159 0 43 190 0 152 168 45 186 141 23 0 |Truck Time: 7648.727326|7648.727326,0.000000,0.000000,0.000000
Drone Routes:
Drone 1: 0 31 146 0 195 171 0 196 108 174 0 142 121 39 102 0 16 75 0 139 0 165 114 0 175 197 0 14 0 49 0 157 13 0 30 0 164 0 |Drone Time: 7639.511960|7639.511960,0.000000,0.000000,0.000000
Drone 2: 0 73 63 0 89 104 82 0 199 138 177 0 59 117 191 0 156 72 0 193 155 0 29 77 0 65 0 172 0 169 0 6 109 0 |Drone Time: 7525.303319|7525.303319,0.000000,0.000000,0.000000
Drone 3: 0 151 0 7 0 180 0 140 11 0 179 35 170 167 0 188 12 0 123 0 44 54 0 150 0 42 71 57 0 115 0 101 10 0 |Drone Time: 7616.927910|7616.927910,0.000000,0.000000,0.000000
Drone 4: 0 4 0 194 145 0 80 0 124 97 105 28 46 0 5 37 0 22 15 0 153 163 0 130 127 0 86 69 0 106 178 0 131 0 103 0 |Drone Time: 7675.937669|7675.937669,0.000000,0.000000,0.000000
Drone 5: 0 161 0 154 0 21 0 47 0 2 0 70 0 9 0 85 24 0 200 0 26 0 93 0 53 116 0 55 118 0 |Drone Time: 7613.250142|7613.250142,0.000000,0.000000,0.000000
Total validation: Makespan=7680.513598, Deadline violation=0.000000, Energy violation=0.000000, Capacity violation=0.000000"
200.10.2,200,1,adaptive,g3,0.3,0.2,0.1,0.6,42,0,9507.21523,7680.513598,7680.513598,7680.513598,2034.949727,FEASIBLE,"Truck 1: 0 3 166 100 48 32 144 40 81 185 0 90 1 98 189 91 128 0 76 38 33 160 36 133 0 |Truck Time: 7642.037485|7642.037485,0.000000,0.000000,0.000000
Truck 2: 0 20 50 87 147 0 79 148 25 134 61 0 158 56 137 122 182 96 176 64 0 |Truck Time: 7608.272961|7608.272961,0.000000,0.000000,0.000000
Truck 3: 0 99 126 162 83 88 184 107 92 0 41 94 136 0 192 52 62 198 58 125 112 17 18 0 |Truck Time: 7661.296433|7661.296433,0.000000,0.000000,0.000000
Truck 4: 0 110 34 66 67 149 95 111 78 0 132 68 143 0 113 129 84 51 183 8 0 |Truck Time: 7680.513598|7680.513598,0.000000,0.000000,0.000000
Truck 5: 0 187 0 19 119 181 27 120 135 173 60 74 159 0 43 190 0 152 168 45 186 141 23 0 |Truck Time: 7648.727326|7648.727326,0.000000,0.000000,0.000000","Drone 1: 0 31 146 0 195 171 0 196 108 174 0 142 121 39 102 0 16 75 0 139 0 165 114 0 175 197 0 14 0 49 0 157 13 0 30 0 164 0 |Drone Time: 7639.511960|7639.511960,0.000000,0.000000,0.000000
Drone 2: 0 73 63 0 89 104 82 0 199 138 177 0 59 117 191 0 156 72 0 193 155 0 29 77 0 65 0 172 0 169 0 6 109 0 |Drone Time: 7525.303319|7525.303319,0.000000,0.000000,0.000000
Drone 3: 0 151 0 7 0 180 0 140 11 0 179 35 170 167 0 188 12 0 123 0 44 54 0 150 0 42 71 57 0 115 0 101 10 0 |Drone Time: 7616.927910|7616.927910,0.000000,0.000000,0.000000
Drone 4: 0 4 0 194 145 0 80 0 124 97 105 28 46 0 5 37 0 22 15 0 153 163 0 130 127 0 86 69 0 106 178 0 131 0 103 0 |Drone Time: 7675.937669|7675.937669,0.000000,0.000000,0.000000
Drone 5: 0 161 0 154 0 21 0 47 0 2 0 70 0 9 0 85 24 0 200 0 26 0 93 0 53 116 0 55 118 0 |Drone Time: 7613.250142|7613.250142,0.000000,0.000000,0.000000",7680.513598,0.0,0.0,0.0,"Truck Routes:
Truck 1: 0 3 166 100 48 32 144 40 81 185 0 90 1 98 189 91 128 0 76 38 33 160 36 133 0 |Truck Time: 7642.037485|7642.037485,0.000000,0.000000,0.000000
Truck 2: 0 20 50 87 147 0 79 148 25 134 61 0 158 56 137 122 182 96 176 64 0 |Truck Time: 7608.272961|7608.272961,0.000000,0.000000,0.000000
Truck 3: 0 99 126 162 83 88 184 107 92 0 41 94 136 0 192 52 62 198 58 125 112 17 18 0 |Truck Time: 7661.296433|7661.296433,0.000000,0.000000,0.000000
Truck 4: 0 110 34 66 67 149 95 111 78 0 132 68 143 0 113 129 84 51 183 8 0 |Truck Time: 7680.513598|7680.513598,0.000000,0.000000,0.000000
Truck 5: 0 187 0 19 119 181 27 120 135 173 60 74 159 0 43 190 0 152 168 45 186 141 23 0 |Truck Time: 7648.727326|7648.727326,0.000000,0.000000,0.000000
Drone Routes:
Drone 1: 0 31 146 0 195 171 0 196 108 174 0 142 121 39 102 0 16 75 0 139 0 165 114 0 175 197 0 14 0 49 0 157 13 0 30 0 164 0 |Drone Time: 7639.511960|7639.511960,0.000000,0.000000,0.000000
Drone 2: 0 73 63 0 89 104 82 0 199 138 177 0 59 117 191 0 156 72 0 193 155 0 29 77 0 65 0 172 0 169 0 6 109 0 |Drone Time: 7525.303319|7525.303319,0.000000,0.000000,0.000000
Drone 3: 0 151 0 7 0 180 0 140 11 0 179 35 170 167 0 188 12 0 123 0 44 54 0 150 0 42 71 57 0 115 0 101 10 0 |Drone Time: 7616.927910|7616.927910,0.000000,0.000000,0.000000
Drone 4: 0 4 0 194 145 0 80 0 124 97 105 28 46 0 5 37 0 22 15 0 153 163 0 130 127 0 86 69 0 106 178 0 131 0 103 0 |Drone Time: 7675.937669|7675.937669,0.000000,0.000000,0.000000
Drone 5: 0 161 0 154 0 21 0 47 0 2 0 70 0 9 0 85 24 0 200 0 26 0 93 0 53 116 0 55 118 0 |Drone Time: 7613.250142|7613.250142,0.000000,0.000000,0.000000
Total validation: Makespan=7680.513598, Deadline violation=0.000000, Energy violation=0.000000, Capacity violation=0.000000"
200.10.2,200,1,adaptive,g4,0.5,0.3,0.1,0.6,42,0,9507.21523,7680.513598,7680.513598,7680.513598,2283.489778,FEASIBLE,"Truck 1: 0 3 166 100 48 32 144 40 81 185 0 90 1 98 189 91 128 0 76 38 33 160 36 133 0 |Truck Time: 7642.037485|7642.037485,0.000000,0.000000,0.000000
Truck 2: 0 20 50 87 147 0 79 148 25 134 61 0 158 56 137 122 182 96 176 64 0 |Truck Time: 7608.272961|7608.272961,0.000000,0.000000,0.000000
Truck 3: 0 99 126 162 83 88 184 107 92 0 41 94 136 0 192 52 62 198 58 125 112 17 18 0 |Truck Time: 7661.296433|7661.296433,0.000000,0.000000,0.000000
Truck 4: 0 110 34 66 67 149 95 111 78 0 132 68 143 0 113 129 84 51 183 8 0 |Truck Time: 7680.513598|7680.513598,0.000000,0.000000,0.000000
Truck 5: 0 187 0 19 119 181 27 120 135 173 60 74 159 0 43 190 0 152 168 45 186 141 23 0 |Truck Time: 7648.727326|7648.727326,0.000000,0.000000,0.000000","Drone 1: 0 31 146 0 195 171 0 196 108 174 0 142 121 39 102 0 16 75 0 139 0 165 114 0 175 197 0 14 0 49 0 157 13 0 30 0 164 0 |Drone Time: 7639.511960|7639.511960,0.000000,0.000000,0.000000
Drone 2: 0 73 63 0 89 104 82 0 199 138 177 0 59 117 191 0 156 72 0 193 155 0 29 77 0 65 0 172 0 169 0 6 109 0 |Drone Time: 7525.303319|7525.303319,0.000000,0.000000,0.000000
Drone 3: 0 151 0 7 0 180 0 140 11 0 179 35 170 167 0 188 12 0 123 0 44 54 0 150 0 42 71 57 0 115 0 101 10 0 |Drone Time: 7616.927910|7616.927910,0.000000,0.000000,0.000000
Drone 4: 0 4 0 194 145 0 80 0 124 97 105 28 46 0 5 37 0 22 15 0 153 163 0 130 127 0 86 69 0 106 178 0 131 0 103 0 |Drone Time: 7675.937669|7675.937669,0.000000,0.000000,0.000000
Drone 5: 0 161 0 154 0 21 0 47 0 2 0 70 0 9 0 85 24 0 200 0 26 0 93 0 53 116 0 55 118 0 |Drone Time: 7613.250142|7613.250142,0.000000,0.000000,0.000000",7680.513598,0.0,0.0,0.0,"Truck Routes:
Truck 1: 0 3 166 100 48 32 144 40 81 185 0 90 1 98 189 91 128 0 76 38 33 160 36 133 0 |Truck Time: 7642.037485|7642.037485,0.000000,0.000000,0.000000
Truck 2: 0 20 50 87 147 0 79 148 25 134 61 0 158 56 137 122 182 96 176 64 0 |Truck Time: 7608.272961|7608.272961,0.000000,0.000000,0.000000
Truck 3: 0 99 126 162 83 88 184 107 92 0 41 94 136 0 192 52 62 198 58 125 112 17 18 0 |Truck Time: 7661.296433|7661.296433,0.000000,0.000000,0.000000
Truck 4: 0 110 34 66 67 149 95 111 78 0 132 68 143 0 113 129 84 51 183 8 0 |Truck Time: 7680.513598|7680.513598,0.000000,0.000000,0.000000
Truck 5: 0 187 0 19 119 181 27 120 135 173 60 74 159 0 43 190 0 152 168 45 186 141 23 0 |Truck Time: 7648.727326|7648.727326,0.000000,0.000000,0.000000
Drone Routes:
Drone 1: 0 31 146 0 195 171 0 196 108 174 0 142 121 39 102 0 16 75 0 139 0 165 114 0 175 197 0 14 0 49 0 157 13 0 30 0 164 0 |Drone Time: 7639.511960|7639.511960,0.000000,0.000000,0.000000
Drone 2: 0 73 63 0 89 104 82 0 199 138 177 0 59 117 191 0 156 72 0 193 155 0 29 77 0 65 0 172 0 169 0 6 109 0 |Drone Time: 7525.303319|7525.303319,0.000000,0.000000,0.000000
Drone 3: 0 151 0 7 0 180 0 140 11 0 179 35 170 167 0 188 12 0 123 0 44 54 0 150 0 42 71 57 0 115 0 101 10 0 |Drone Time: 7616.927910|7616.927910,0.000000,0.000000,0.000000
Drone 4: 0 4 0 194 145 0 80 0 124 97 105 28 46 0 5 37 0 22 15 0 153 163 0 130 127 0 86 69 0 106 178 0 131 0 103 0 |Drone Time: 7675.937669|7675.937669,0.000000,0.000000,0.000000
Drone 5: 0 161 0 154 0 21 0 47 0 2 0 70 0 9 0 85 24 0 200 0 26 0 93 0 53 116 0 55 118 0 |Drone Time: 7613.250142|7613.250142,0.000000,0.000000,0.000000
Total validation: Makespan=7680.513598, Deadline violation=0.000000, Energy violation=0.000000, Capacity violation=0.000000"
200.10.2,200,1,cyclic,,,,,,42,0,9507.21523,7555.171378,7555.171378,7555.171378,1472.688902,FEASIBLE,"Truck 1: 0 195 2 57 176 35 0 139 58 98 41 0 84 24 113 0 |Truck Time: 7554.862208|7554.862208,0.000000,0.000000,0.000000
Truck 2: 0 141 103 45 46 186 134 20 0 97 80 121 4 0 190 32 173 96 182 100 93 65 3 0 |Truck Time: 7512.221101|7512.221101,0.000000,0.000000,0.000000
Truck 3: 0 76 193 53 8 183 51 162 126 116 29 14 0 189 0 91 34 110 112 82 17 200 125 198 90 128 0 |Truck Time: 7545.751593|7545.751593,0.000000,0.000000,0.000000
Truck 4: 0 151 66 111 149 95 171 78 94 31 0 9 33 160 88 133 36 0 143 69 61 0 |Truck Time: 7555.171378|7555.171378,0.000000,0.000000,0.000000
Truck 5: 0 170 109 181 27 120 56 158 137 122 135 60 119 159 0 86 68 192 147 169 148 0 136 106 154 0 |Truck Time: 7481.525950|7481.525950,0.000000,0.000000,0.000000","Drone 1: 0 157 0 44 191 0 123 0 153 163 0 144 0 104 12 0 118 161 0 47 0 129 167 0 70 89 0 187 0 30 0 164 0 |Drone Time: 7534.909593|7534.909593,0.000000,0.000000,0.000000
Drone 2: 0 81 0 152 0 117 11 0 25 0 199 138 177 0 26 77 0 63 0 184 92 101 6 0 155 107 0 185 0 39 172 0 50 0 |Drone Time: 7555.059692|7555.059692,0.000000,0.000000,0.000000
Drone 3: 0 180 0 48 22 0 16 75 0 74 67 0 40 72 0 43 146 21 0 102 13 0 52 150 0 42 64 0 194 79 0 10 0 38 0 |Drone Time: 7513.434088|7513.434088,0.000000,0.000000,0.000000
Drone 4: 0 108 196 0 23 105 49 197 0 5 37 124 59 0 87 0 85 0 130 127 0 166 0 175 142 0 140 0 179 165 71 178 0 131 0 99 0 |Drone Time: 7545.031941|7545.031941,0.000000,0.000000,0.000000
Drone 5: 0 28 168 0 156 0 188 62 54 0 132 18 73 0 7 0 15 0 83 0 114 0 55 0 115 0 19 0 1 145 174 0 |Drone Time: 7502.207835|7502.207835,0.000000,0.000000,0.000000",7555.171378,0.0,0.0,0.0,"Truck Routes:
Truck 1: 0 195 2 57 176 35 0 139 58 98 41 0 84 24 113 0 |Truck Time: 7554.862208|7554.862208,0.000000,0.000000,0.000000
Truck 2: 0 141 103 45 46 186 134 20 0 97 80 121 4 0 190 32 173 96 182 100 93 65 3 0 |Truck Time: 7512.221101|7512.221101,0.000000,0.000000,0.000000
Truck 3: 0 76 193 53 8 183 51 162 126 116 29 14 0 189 0 91 34 110 112 82 17 200 125 198 90 128 0 |Truck Time: 7545.751593|7545.751593,0.000000,0.000000,0.000000
Truck 4: 0 151 66 111 149 95 171 78 94 31 0 9 33 160 88 133 36 0 143 69 61 0 |Truck Time: 7555.171378|7555.171378,0.000000,0.000000,0.000000
Truck 5: 0 170 109 181 27 120 56 158 137 122 135 60 119 159 0 86 68 192 147 169 148 0 136 106 154 0 |Truck Time: 7481.525950|7481.525950,0.000000,0.000000,0.000000
Drone Routes:
Drone 1: 0 157 0 44 191 0 123 0 153 163 0 144 0 104 12 0 118 161 0 47 0 129 167 0 70 89 0 187 0 30 0 164 0 |Drone Time: 7534.909593|7534.909593,0.000000,0.000000,0.000000
Drone 2: 0 81 0 152 0 117 11 0 25 0 199 138 177 0 26 77 0 63 0 184 92 101 6 0 155 107 0 185 0 39 172 0 50 0 |Drone Time: 7555.059692|7555.059692,0.000000,0.000000,0.000000
Drone 3: 0 180 0 48 22 0 16 75 0 74 67 0 40 72 0 43 146 21 0 102 13 0 52 150 0 42 64 0 194 79 0 10 0 38 0 |Drone Time: 7513.434088|7513.434088,0.000000,0.000000,0.000000
Drone 4: 0 108 196 0 23 105 49 197 0 5 37 124 59 0 87 0 85 0 130 127 0 166 0 175 142 0 140 0 179 165 71 178 0 131 0 99 0 |Drone Time: 7545.031941|7545.031941,0.000000,0.000000,0.000000
Drone 5: 0 28 168 0 156 0 188 62 54 0 132 18 73 0 7 0 15 0 83 0 114 0 55 0 115 0 19 0 1 145 174 0 |Drone Time: 7502.207835|7502.207835,0.000000,0.000000,0.000000
Total validation: Makespan=7555.171378, Deadline violation=0.000000, Energy violation=0.000000, Capacity violation=0.000000"
200.10.2,200,1,random,,,,,,42,0,9507.21523,8278.77971,8278.77971,8278.77971,1601.15451,FEASIBLE,"Truck 1: 0 122 173 63 32 185 138 199 0 111 95 149 0 113 129 84 55 0 |Truck Time: 8190.216730|8190.216730,0.000000,0.000000,0.000000
Truck 2: 0 46 152 168 117 0 4 80 134 186 0 120 137 182 96 176 57 0 |Truck Time: 8278.779710|8278.779710,0.000000,0.000000,0.000000
Truck 3: 0 29 131 126 116 53 133 36 38 76 193 0 70 150 123 98 91 128 41 0 189 125 58 164 90 0 |Truck Time: 8243.504145|8243.504145,0.000000,0.000000,0.000000
Truck 4: 0 200 34 110 66 171 78 1 151 79 0 143 139 0 33 160 183 88 184 92 0 |Truck Time: 8216.011132|8216.011132,0.000000,0.000000,0.000000
Truck 5: 0 187 43 136 179 190 94 0 19 109 119 181 27 158 56 135 93 3 0 20 25 148 69 59 0 169 86 0 |Truck Time: 8221.650554|8221.650554,0.000000,0.000000,0.000000","Drone 1: 0 9 197 0 102 24 0 174 196 108 0 155 107 0 7 0 12 0 156 0 47 0 192 52 0 83 0 51 0 30 0 65 0 |Drone Time: 8277.635613|8277.635613,0.000000,0.000000,0.000000
Drone 2: 0 49 0 130 39 0 35 154 23 13 0 16 75 0 81 67 177 0 72 17 0 180 0 127 161 0 8 118 0 100 71 0 172 0 50 0 74 159 0 |Drone Time: 8103.147692|8103.147692,0.000000,0.000000,0.000000
Drone 3: 0 85 104 0 31 73 0 48 22 0 141 11 0 99 170 77 0 114 54 0 112 0 44 191 0 144 0 64 0 115 0 10 0 |Drone Time: 8248.630506|8248.630506,0.000000,0.000000,0.000000
Drone 4: 0 166 165 146 0 5 37 82 0 61 105 97 0 147 0 124 45 0 42 15 0 21 0 175 142 0 87 0 106 178 0 40 0 103 0 |Drone Time: 8247.818969|8247.818969,0.000000,0.000000,0.000000
Drone 5: 0 140 28 121 0 153 163 0 188 62 18 0 132 68 89 0 101 6 2 0 14 167 0 60 0 195 0 194 198 0 26 0 157 145 0 162 0 |Drone Time: 8152.530438|8152.530438,0.000000,0.000000,0.000000",8278.77971,0.0,0.0,0.0,"Truck Routes:
Truck 1: 0 122 173 63 32 185 138 199 0 111 95 149 0 113 129 84 55 0 |Truck Time: 8190.216730|8190.216730,0.000000,0.000000,0.000000
Truck 2: 0 46 152 168 117 0 4 80 134 186 0 120 137 182 96 176 57 0 |Truck Time: 8278.779710|8278.779710,0.000000,0.000000,0.000000
Truck 3: 0 29 131 126 116 53 133 36 38 76 193 0 70 150 123 98 91 128 41 0 189 125 58 164 90 0 |Truck Time: 8243.504145|8243.504145,0.000000,0.000000,0.000000
Truck 4: 0 200 34 110 66 171 78 1 151 79 0 143 139 0 33 160 183 88 184 92 0 |Truck Time: 8216.011132|8216.011132,0.000000,0.000000,0.000000
Truck 5: 0 187 43 136 179 190 94 0 19 109 119 181 27 158 56 135 93 3 0 20 25 148 69 59 0 169 86 0 |Truck Time: 8221.650554|8221.650554,0.000000,0.000000,0.000000
Drone Routes:
Drone 1: 0 9 197 0 102 24 0 174 196 108 0 155 107 0 7 0 12 0 156 0 47 0 192 52 0 83 0 51 0 30 0 65 0 |Drone Time: 8277.635613|8277.635613,0.000000,0.000000,0.000000
Drone 2: 0 49 0 130 39 0 35 154 23 13 0 16 75 0 81 67 177 0 72 17 0 180 0 127 161 0 8 118 0 100 71 0 172 0 50 0 74 159 0 |Drone Time: 8103.147692|8103.147692,0.000000,0.000000,0.000000
Drone 3: 0 85 104 0 31 73 0 48 22 0 141 11 0 99 170 77 0 114 54 0 112 0 44 191 0 144 0 64 0 115 0 10 0 |Drone Time: 8248.630506|8248.630506,0.000000,0.000000,0.000000
Drone 4: 0 166 165 146 0 5 37 82 0 61 105 97 0 147 0 124 45 0 42 15 0 21 0 175 142 0 87 0 106 178 0 40 0 103 0 |Drone Time: 8247.818969|8247.818969,0.000000,0.000000,0.000000
Drone 5: 0 140 28 121 0 153 163 0 188 62 18 0 132 68 89 0 101 6 2 0 14 167 0 60 0 195 0 194 198 0 26 0 157 145 0 162 0 |Drone Time: 8152.530438|8152.530438,0.000000,0.000000,0.000000
Total validation: Makespan=8278.779710, Deadline violation=0.000000, Energy violation=0.000000, Capacity violation=0.000000"
200.10.2,200,2,adaptive,g1,0.3,0.2,0.1,0.3,43,0,10713.597281,7878.253373,7878.253373,7878.253373,1540.645511,FEASIBLE,"Truck 1: 0 25 141 20 0 152 45 37 87 169 61 0 125 123 12 188 1 0 |Truck Time: 7797.213263|7797.213263,0.000000,0.000000,0.000000
Truck 2: 0 171 94 31 153 119 154 0 41 91 95 149 185 0 131 113 129 115 167 0 |Truck Time: 7870.210314|7870.210314,0.000000,0.000000,0.000000
Truck 3: 0 10 55 161 184 88 183 175 0 57 7 156 63 180 3 0 122 64 182 96 0 |Truck Time: 7878.253373|7878.253373,0.000000,0.000000,0.000000
Truck 4: 0 99 14 60 166 93 100 137 158 120 114 0 143 192 139 0 73 110 112 82 150 98 90 128 0 |Truck Time: 7806.119072|7806.119072,0.000000,0.000000,0.000000
Truck 5: 0 164 200 66 111 0 4 49 9 80 0 187 136 0 29 196 162 53 36 133 38 76 0 |Truck Time: 7830.199221|7830.199221,0.000000,0.000000,0.000000","Drone 1: 0 155 108 0 160 118 0 124 11 168 0 15 104 0 103 0 5 46 0 65 0 84 163 0 13 126 0 144 0 130 0 |Drone Time: 7872.217977|7872.217977,0.000000,0.000000,0.000000
Drone 2: 0 146 40 0 0 157 97 121 0 85 24 0 2 0 193 101 102 23 0 28 39 172 0 117 59 0 147 0 56 0 145 78 0 30 0 135 0 |Drone Time: 7858.353099|7858.353099,0.000000,0.000000,0.000000
Drone 3: 0 174 178 159 0 176 77 0 54 198 52 0 62 18 67 0 190 177 138 0 8 92 107 0 32 165 0 199 81 0 194 0 74 0 51 0 148 0 181 0 |Drone Time: 7846.585983|7846.585983,0.000000,0.000000,0.000000
Drone 4: 0 186 105 140 0 195 0 48 22 0 16 75 0 70 0 132 68 72 0 21 0 27 0 134 0 173 0 179 35 0 83 0 19 0 |Drone Time: 7861.566019|7861.566019,0.000000,0.000000,0.000000
Drone 5: 0 26 0 116 127 142 0 151 0 17 89 0 42 71 47 0 197 33 0 109 6 170 0 44 191 0 50 0 69 86 0 34 0 79 43 106 0 189 58 0 |Drone Time: 7862.504601|7862.504601,0.000000,0.000000,0.000000",7878.253373,0.0,0.0,0.0,"Truck Routes:
Truck 1: 0 25 141 20 0 152 45 37 87 169 61 0 125 123 12 188 1 0 |Truck Time: 7797.213263|7797.213263,0.000000,0.000000,0.000000
Truck 2: 0 171 94 31 153 119 154 0 41 91 95 149 185 0 131 113 129 115 167 0 |Truck Time: 7870.210314|7870.210314,0.000000,0.000000,0.000000
Truck 3: 0 10 55 161 184 88 183 175 0 57 7 156 63 180 3 0 122 64 182 96 0 |Truck Time: 7878.253373|7878.253373,0.000000,0.000000,0.000000
Truck 4: 0 99 14 60 166 93 100 137 158 120 114 0 143 192 139 0 73 110 112 82 150 98 90 128 0 |Truck Time: 7806.119072|7806.119072,0.000000,0.000000,0.000000
Truck 5: 0 164 200 66 111 0 4 49 9 80 0 187 136 0 29 196 162 53 36 133 38 76 0 |Truck Time: 7830.199221|7830.199221,0.000000,0.000000,0.000000
Drone Routes:
Drone 1: 0 155 108 0 160 118 0 124 11 168 0 15 104 0 103 0 5 46 0 65 0 84 163 0 13 126 0 144 0 130 0 |Drone Time: 7872.217977|7872.217977,0.000000,0.000000,0.000000
Drone 2: 0 146 40 0 0 157 97 121 0 85 24 0 2 0 193 101 102 23 0 28 39 172 0 117 59 0 147 0 56 0 145 78 0 30 0 135 0 |Drone Time: 7858.353099|7858.353099,0.000000,0.000000,0.000000
Drone 3: 0 174 178 159 0 176 77 0 54 198 52 0 62 18 67 0 190 177 138 0 8 92 107 0 32 165 0 199 81 0 194 0 74 0 51 0 148 0 181 0 |Drone Time: 7846.585983|7846.585983,0.000000,0.000000,0.000000
Drone 4: 0 186 105 140 0 195 0 48 22 0 16 75 0 70 0 132 68 72 0 21 0 27 0 134 0 173 0 179 35 0 83 0 19 0 |Drone Time: 7861.566019|7861.566019,0.000000,0.000000,0.000000
Drone 5: 0 26 0 116 127 142 0 151 0 17 89 0 42 71 47 0 197 33 0 109 6 170 0 44 191 0 50 0 69 86 0 34 0 79 43 106 0 189 58 0 |Drone Time: 7862.504601|7862.504601,0.000000,0.000000,0.000000
Total validation: Makespan=7878.253373, Deadline violation=0.000000, Energy violation=0.000000, Capacity violation=0.000000"
200.10.2,200,2,adaptive,g2,0.5,0.3,0.1,0.3,43,0,10713.597281,7878.253373,7878.253373,7878.253373,1500.850338,FEASIBLE,"Truck 1: 0 25 141 20 0 152 45 37 87 169 61 0 125 123 12 188 1 0 |Truck Time: 7797.213263|7797.213263,0.000000,0.000000,0.000000
Truck 2: 0 171 94 31 153 119 154 0 41 91 95 149 185 0 131 113 129 115 167 0 |Truck Time: 7870.210314|7870.210314,0.000000,0.000000,0.000000
Truck 3: 0 10 55 161 184 88 183 175 0 57 7 156 63 180 3 0 122 64 182 96 0 |Truck Time: 7878.253373|7878.253373,0.000000,0.000000,0.000000
Truck 4: 0 99 14 60 166 93 100 137 158 120 114 0 143 192 139 0 73 110 112 82 150 98 90 128 0 |Truck Time: 7806.119072|7806.119072,0.000000,0.000000,0.000000
Truck 5: 0 164 200 66 111 0 4 49 9 80 0 187 136 0 29 196 162 53 36 133 38 76 0 |Truck Time: 7830.199221|7830.199221,0.000000,0.000000,0.000000","Drone 1: 0 155 108 0 160 118 0 124 11 168 0 15 104 0 103 0 5 46 0 65 0 84 163 0 13 126 0 144 0 130 0 |Drone Time: 7872.217977|7872.217977,0.000000,0.000000,0.000000
Drone 2: 0 146 40 0 0 157 97 121 0 85 24 0 2 0 193 101 102 23 0 28 39 172 0 117 59 0 147 0 56 0 145 78 0 30 0 135 0 |Drone Time: 7858.353099|7858.353099,0.000000,0.000000,0.000000
Drone 3: 0 174 178 159 0 176 77 0 54 198 52 0 62 18 67 0 190 177 138 0 8 92 107 0 32 165 0 199 81 0 194 0 74 0 51 0 148 0 181 0 |Drone Time: 7846.585983|7846.585983,0.000000,0.000000,0.000000
Drone 4: 0 186 105 140 0 195 0 48 22 0 16 75 0 70 0 132 68 72 0 21 0 27 0 134 0 173 0 179 35 0 83 0 19 0 |Drone Time: 7861.566019|7861.566019,0.000000,0.000000,0.000000
Drone 5: 0 26 0 116 127 142 0 151 0 17 89 0 42 71 47 0 197 33 0 109 6 170 0 44 191 0 50 0 69 86 0 34 0 79 43 106 0 189 58 0 |Drone Time: 7862.504601|7862.504601,0.000000,0.000000,0.000000",7878.253373,0.0,0.0,0.0,"Truck Routes:
Truck 1: 0 25 141 20 0 152 45 37 87 169 61 0 125 123 12 188 1 0 |Truck Time: 7797.213263|7797.213263,0.000000,0.000000,0.000000
Truck 2: 0 171 94 31 153 119 154 0 41 91 95 149 185 0 131 113 129 115 167 0 |Truck Time: 7870.210314|7870.210314,0.000000,0.000000,0.000000
Truck 3: 0 10 55 161 184 88 183 175 0 57 7 156 63 180 3 0 122 64 182 96 0 |Truck Time: 7878.253373|7878.253373,0.000000,0.000000,0.000000
Truck 4: 0 99 14 60 166 93 100 137 158 120 114 0 143 192 139 0 73 110 112 82 150 98 90 128 0 |Truck Time: 7806.119072|7806.119072,0.000000,0.000000,0.000000
Truck 5: 0 164 200 66 111 0 4 49 9 80 0 187 136 0 29 196 162 53 36 133 38 76 0 |Truck Time: 7830.199221|7830.199221,0.000000,0.000000,0.000000
Drone Routes:
Drone 1: 0 155 108 0 160 118 0 124 11 168 0 15 104 0 103 0 5 46 0 65 0 84 163 0 13 126 0 144 0 130 0 |Drone Time: 7872.217977|7872.217977,0.000000,0.000000,0.000000
Drone 2: 0 146 40 0 0 157 97 121 0 85 24 0 2 0 193 101 102 23 0 28 39 172 0 117 59 0 147 0 56 0 145 78 0 30 0 135 0 |Drone Time: 7858.353099|7858.353099,0.000000,0.000000,0.000000
Drone 3: 0 174 178 159 0 176 77 0 54 198 52 0 62 18 67 0 190 177 138 0 8 92 107 0 32 165 0 199 81 0 194 0 74 0 51 0 148 0 181 0 |Drone Time: 7846.585983|7846.585983,0.000000,0.000000,0.000000
Drone 4: 0 186 105 140 0 195 0 48 22 0 16 75 0 70 0 132 68 72 0 21 0 27 0 134 0 173 0 179 35 0 83 0 19 0 |Drone Time: 7861.566019|7861.566019,0.000000,0.000000,0.000000
Drone 5: 0 26 0 116 127 142 0 151 0 17 89 0 42 71 47 0 197 33 0 109 6 170 0 44 191 0 50 0 69 86 0 34 0 79 43 106 0 189 58 0 |Drone Time: 7862.504601|7862.504601,0.000000,0.000000,0.000000
Total validation: Makespan=7878.253373, Deadline violation=0.000000, Energy violation=0.000000, Capacity violation=0.000000"
200.10.2,200,2,adaptive,g3,0.3,0.2,0.1,0.6,43,0,10713.597281,7878.253373,7878.253373,7878.253373,1524.797348,FEASIBLE,"Truck 1: 0 25 141 20 0 152 45 37 87 169 61 0 125 123 12 188 1 0 |Truck Time: 7797.213263|7797.213263,0.000000,0.000000,0.000000
Truck 2: 0 171 94 31 153 119 154 0 41 91 95 149 185 0 131 113 129 115 167 0 |Truck Time: 7870.210314|7870.210314,0.000000,0.000000,0.000000
Truck 3: 0 10 55 161 184 88 183 175 0 57 7 156 63 180 3 0 122 64 182 96 0 |Truck Time: 7878.253373|7878.253373,0.000000,0.000000,0.000000
Truck 4: 0 99 14 60 166 93 100 137 158 120 114 0 143 192 139 0 73 110 112 82 150 98 90 128 0 |Truck Time: 7806.119072|7806.119072,0.000000,0.000000,0.000000
Truck 5: 0 164 200 66 111 0 4 49 9 80 0 187 136 0 29 196 162 53 36 133 38 76 0 |Truck Time: 7830.199221|7830.199221,0.000000,0.000000,0.000000","Drone 1: 0 155 108 0 160 118 0 124 11 168 0 15 104 0 103 0 5 46 0 65 0 84 163 0 13 126 0 144 0 130 0 |Drone Time: 7872.217977|7872.217977,0.000000,0.000000,0.000000
Drone 2: 0 146 40 0 0 157 97 121 0 85 24 0 2 0 193 101 102 23 0 28 39 172 0 117 59 0 147 0 56 0 145 78 0 30 0 135 0 |Drone Time: 7858.353099|7858.353099,0.000000,0.000000,0.000000
Drone 3: 0 174 178 159 0 176 77 0 54 198 52 0 62 18 67 0 190 177 138 0 8 92 107 0 32 165 0 199 81 0 194 0 74 0 51 0 148 0 181 0 |Drone Time: 7846.585983|7846.585983,0.000000,0.000000,0.000000
Drone 4: 0 186 105 140 0 195 0 48 22 0 16 75 0 70 0 132 68 72 0 21 0 27 0 134 0 173 0 179 35 0 83 0 19 0 |Drone Time: 7861.566019|7861.566019,0.000000,0.000000,0.000000
Drone 5: 0 26 0 116 127 142 0 151 0 17 89 0 42 71 47 0 197 33 0 109 6 170 0 44 191 0 50 0 69 86 0 34 0 79 43 106 0 189 58 0 |Drone Time: 7862.504601|7862.504601,0.000000,0.000000,0.000000",7878.253373,0.0,0.0,0.0,"Truck Routes:
Truck 1: 0 25 141 20 0 152 45 37 87 169 61 0 125 123 12 188 1 0 |Truck Time: 7797.213263|7797.213263,0.000000,0.000000,0.000000
Truck 2: 0 171 94 31 153 119 154 0 41 91 95 149 185 0 131 113 129 115 167 0 |Truck Time: 7870.210314|7870.210314,0.000000,0.000000,0.000000
Truck 3: 0 10 55 161 184 88 183 175 0 57 7 156 63 180 3 0 122 64 182 96 0 |Truck Time: 7878.253373|7878.253373,0.000000,0.000000,0.000000
Truck 4: 0 99 14 60 166 93 100 137 158 120 114 0 143 192 139 0 73 110 112 82 150 98 90 128 0 |Truck Time: 7806.119072|7806.119072,0.000000,0.000000,0.000000
Truck 5: 0 164 200 66 111 0 4 49 9 80 0 187 136 0 29 196 162 53 36 133 38 76 0 |Truck Time: 7830.199221|7830.199221,0.000000,0.000000,0.000000
Drone Routes:
Drone 1: 0 155 108 0 160 118 0 124 11 168 0 15 104 0 103 0 5 46 0 65 0 84 163 0 13 126 0 144 0 130 0 |Drone Time: 7872.217977|7872.217977,0.000000,0.000000,0.000000
Drone 2: 0 146 40 0 0 157 97 121 0 85 24 0 2 0 193 101 102 23 0 28 39 172 0 117 59 0 147 0 56 0 145 78 0 30 0 135 0 |Drone Time: 7858.353099|7858.353099,0.000000,0.000000,0.000000
Drone 3: 0 174 178 159 0 176 77 0 54 198 52 0 62 18 67 0 190 177 138 0 8 92 107 0 32 165 0 199 81 0 194 0 74 0 51 0 148 0 181 0 |Drone Time: 7846.585983|7846.585983,0.000000,0.000000,0.000000
Drone 4: 0 186 105 140 0 195 0 48 22 0 16 75 0 70 0 132 68 72 0 21 0 27 0 134 0 173 0 179 35 0 83 0 19 0 |Drone Time: 7861.566019|7861.566019,0.000000,0.000000,0.000000
Drone 5: 0 26 0 116 127 142 0 151 0 17 89 0 42 71 47 0 197 33 0 109 6 170 0 44 191 0 50 0 69 86 0 34 0 79 43 106 0 189 58 0 |Drone Time: 7862.504601|7862.504601,0.000000,0.000000,0.000000
Total validation: Makespan=7878.253373, Deadline violation=0.000000, Energy violation=0.000000, Capacity violation=0.000000"
200.10.2,200,2,adaptive,g4,0.5,0.3,0.1,0.6,43,0,10713.597281,7878.253373,7878.253373,7878.253373,1501.870587,FEASIBLE,"Truck 1: 0 25 141 20 0 152 45 37 87 169 61 0 125 123 12 188 1 0 |Truck Time: 7797.213263|7797.213263,0.000000,0.000000,0.000000
Truck 2: 0 171 94 31 153 119 154 0 41 91 95 149 185 0 131 113 129 115 167 0 |Truck Time: 7870.210314|7870.210314,0.000000,0.000000,0.000000
Truck 3: 0 10 55 161 184 88 183 175 0 57 7 156 63 180 3 0 122 64 182 96 0 |Truck Time: 7878.253373|7878.253373,0.000000,0.000000,0.000000
Truck 4: 0 99 14 60 166 93 100 137 158 120 114 0 143 192 139 0 73 110 112 82 150 98 90 128 0 |Truck Time: 7806.119072|7806.119072,0.000000,0.000000,0.000000
Truck 5: 0 164 200 66 111 0 4 49 9 80 0 187 136 0 29 196 162 53 36 133 38 76 0 |Truck Time: 7830.199221|7830.199221,0.000000,0.000000,0.000000","Drone 1: 0 155 108 0 160 118 0 124 11 168 0 15 104 0 103 0 5 46 0 65 0 84 163 0 13 126 0 144 0 130 0 |Drone Time: 7872.217977|7872.217977,0.000000,0.000000,0.000000
Drone 2: 0 146 40 0 0 157 97 121 0 85 24 0 2 0 193 101 102 23 0 28 39 172 0 117 59 0 147 0 56 0 145 78 0 30 0 135 0 |Drone Time: 7858.353099|7858.353099,0.000000,0.000000,0.000000
Drone 3: 0 174 178 159 0 176 77 0 54 198 52 0 62 18 67 0 190 177 138 0 8 92 107 0 32 165 0 199 81 0 194 0 74 0 51 0 148 0 181 0 |Drone Time: 7846.585983|7846.585983,0.000000,0.000000,0.000000
Drone 4: 0 186 105 140 0 195 0 48 22 0 16 75 0 70 0 132 68 72 0 21 0 27 0 134 0 173 0 179 35 0 83 0 19 0 |Drone Time: 7861.566019|7861.566019,0.000000,0.000000,0.000000
Drone 5: 0 26 0 116 127 142 0 151 0 17 89 0 42 71 47 0 197 33 0 109 6 170 0 44 191 0 50 0 69 86 0 34 0 79 43 106 0 189 58 0 |Drone Time: 7862.504601|7862.504601,0.000000,0.000000,0.000000",7878.253373,0.0,0.0,0.0,"Truck Routes:
Truck 1: 0 25 141 20 0 152 45 37 87 169 61 0 125 123 12 188 1 0 |Truck Time: 7797.213263|7797.213263,0.000000,0.000000,0.000000
Truck 2: 0 171 94 31 153 119 154 0 41 91 95 149 185 0 131 113 129 115 167 0 |Truck Time: 7870.210314|7870.210314,0.000000,0.000000,0.000000
Truck 3: 0 10 55 161 184 88 183 175 0 57 7 156 63 180 3 0 122 64 182 96 0 |Truck Time: 7878.253373|7878.253373,0.000000,0.000000,0.000000
Truck 4: 0 99 14 60 166 93 100 137 158 120 114 0 143 192 139 0 73 110 112 82 150 98 90 128 0 |Truck Time: 7806.119072|7806.119072,0.000000,0.000000,0.000000
Truck 5: 0 164 200 66 111 0 4 49 9 80 0 187 136 0 29 196 162 53 36 133 38 76 0 |Truck Time: 7830.199221|7830.199221,0.000000,0.000000,0.000000
Drone Routes:
Drone 1: 0 155 108 0 160 118 0 124 11 168 0 15 104 0 103 0 5 46 0 65 0 84 163 0 13 126 0 144 0 130 0 |Drone Time: 7872.217977|7872.217977,0.000000,0.000000,0.000000
Drone 2: 0 146 40 0 0 157 97 121 0 85 24 0 2 0 193 101 102 23 0 28 39 172 0 117 59 0 147 0 56 0 145 78 0 30 0 135 0 |Drone Time: 7858.353099|7858.353099,0.000000,0.000000,0.000000
Drone 3: 0 174 178 159 0 176 77 0 54 198 52 0 62 18 67 0 190 177 138 0 8 92 107 0 32 165 0 199 81 0 194 0 74 0 51 0 148 0 181 0 |Drone Time: 7846.585983|7846.585983,0.000000,0.000000,0.000000
Drone 4: 0 186 105 140 0 195 0 48 22 0 16 75 0 70 0 132 68 72 0 21 0 27 0 134 0 173 0 179 35 0 83 0 19 0 |Drone Time: 7861.566019|7861.566019,0.000000,0.000000,0.000000
Drone 5: 0 26 0 116 127 142 0 151 0 17 89 0 42 71 47 0 197 33 0 109 6 170 0 44 191 0 50 0 69 86 0 34 0 79 43 106 0 189 58 0 |Drone Time: 7862.504601|7862.504601,0.000000,0.000000,0.000000
Total validation: Makespan=7878.253373, Deadline violation=0.000000, Energy violation=0.000000, Capacity violation=0.000000"
200.10.2,200,2,cyclic,,,,,,43,0,10713.597281,7519.899188,7519.899188,7519.899188,2023.994195,FEASIBLE,"Truck 1: 0 61 79 0 172 134 117 46 45 5 50 169 0 189 91 34 110 18 112 123 17 41 0 |Truck Time: 7415.489737|7415.489737,0.000000,0.000000,0.000000
Truck 2: 0 151 94 0 1 128 66 90 58 98 164 0 131 113 129 84 55 161 155 88 0 |Truck Time: 7519.899188|7519.899188,0.000000,0.000000,0.000000
Truck 3: 0 25 20 141 103 124 59 69 0 27 120 26 56 158 114 154 0 63 156 2 195 179 0 |Truck Time: 7514.990690|7514.990690,0.000000,0.000000,0.000000
Truck 4: 0 47 57 176 96 64 122 93 166 0 194 62 188 139 192 143 68 132 23 0 193 53 76 0 |Truck Time: 7452.649846|7452.649846,0.000000,0.000000,0.000000
Truck 5: 0 190 138 65 180 187 0 4 80 49 130 36 0 73 40 149 31 0 19 0 |Truck Time: 7469.396949|7469.396949,0.000000,0.000000,0.000000","Drone 1: 0 97 39 9 197 0 28 152 0 136 0 160 118 0 15 163 0 145 150 0 186 105 148 0 33 0 115 167 0 175 0 101 10 0 144 0 |Drone Time: 7486.409170|7486.409170,0.000000,0.000000,0.000000
Drone 2: 0 95 72 0 140 11 0 29 196 108 0 8 0 102 127 0 126 107 184 0 133 121 0 191 44 0 60 0 70 52 0 30 0 3 71 0 |Drone Time: 7511.717999|7511.717999,0.000000,0.000000,0.000000
Drone 3: 0 137 0 99 92 0 200 82 0 119 67 0 111 177 0 182 0 135 159 0 199 81 0 157 0 74 43 0 51 142 0 162 0 181 0 |Drone Time: 7486.944292|7486.944292,0.000000,0.000000,0.000000
Drone 4: 0 86 0 54 198 0 12 104 0 85 24 0 37 168 0 125 89 0 100 165 0 185 0 16 75 0 173 0 153 0 83 0 38 0 |Drone Time: 7481.092486|7481.092486,0.000000,0.000000,0.000000
Drone 5: 0 183 6 170 0 174 77 178 0 42 21 146 0 13 35 7 0 48 22 0 109 0 87 0 147 0 32 171 0 14 0 106 116 0 78 0 |Drone Time: 7407.699989|7407.699989,0.000000,0.000000,0.000000",7519.899188,0.0,0.0,0.0,"Truck Routes:
Truck 1: 0 61 79 0 172 134 117 46 45 5 50 169 0 189 91 34 110 18 112 123 17 41 0 |Truck Time: 7415.489737|7415.489737,0.000000,0.000000,0.000000
Truck 2: 0 151 94 0 1 128 66 90 58 98 164 0 131 113 129 84 55 161 155 88 0 |Truck Time: 7519.899188|7519.899188,0.000000,0.000000,0.000000
Truck 3: 0 25 20 141 103 124 59 69 0 27 120 26 56 158 114 154 0 63 156 2 195 179 0 |Truck Time: 7514.990690|7514.990690,0.000000,0.000000,0.000000
Truck 4: 0 47 57 176 96 64 122 93 166 0 194 62 188 139 192 143 68 132 23 0 193 53 76 0 |Truck Time: 7452.649846|7452.649846,0.000000,0.000000,0.000000
Truck 5: 0 190 138 65 180 187 0 4 80 49 130 36 0 73 40 149 31 0 19 0 |Truck Time: 7469.396949|7469.396949,0.000000,0.000000,0.000000
Drone Routes:
Drone 1: 0 97 39 9 197 0 28 152 0 136 0 160 118 0 15 163 0 145 150 0 186 105 148 0 33 0 115 167 0 175 0 101 10 0 144 0 |Drone Time: 7486.409170|7486.409170,0.000000,0.000000,0.000000
Drone 2: 0 95 72 0 140 11 0 29 196 108 0 8 0 102 127 0 126 107 184 0 133 121 0 191 44 0 60 0 70 52 0 30 0 3 71 0 |Drone Time: 7511.717999|7511.717999,0.000000,0.000000,0.000000
Drone 3: 0 137 0 99 92 0 200 82 0 119 67 0 111 177 0 182 0 135 159 0 199 81 0 157 0 74 43 0 51 142 0 162 0 181 0 |Drone Time: 7486.944292|7486.944292,0.000000,0.000000,0.000000
Drone 4: 0 86 0 54 198 0 12 104 0 85 24 0 37 168 0 125 89 0 100 165 0 185 0 16 75 0 173 0 153 0 83 0 38 0 |Drone Time: 7481.092486|7481.092486,0.000000,0.000000,0.000000
Drone 5: 0 183 6 170 0 174 77 178 0 42 21 146 0 13 35 7 0 48 22 0 109 0 87 0 147 0 32 171 0 14 0 106 116 0 78 0 |Drone Time: 7407.699989|7407.699989,0.000000,0.000000,0.000000
Total validation: Makespan=7519.899188, Deadline violation=0.000000, Energy violation=0.000000, Capacity violation=0.000000"
200.10.2,200,2,random,,,,,,43,0,10713.597281,7626.997921,7626.997921,7626.997921,1523.279595,FEASIBLE,"Truck 1: 0 99 51 183 0 152 168 37 50 169 0 17 112 123 82 0 |Truck Time: 7625.164113|7625.164113,0.000000,0.000000,0.000000
Truck 2: 0 94 151 68 59 0 43 31 190 138 180 65 3 166 93 0 131 113 129 84 55 10 83 116 29 0 |Truck Time: 7483.447199|7483.447199,0.000000,0.000000,0.000000
Truck 3: 0 4 80 134 45 117 103 141 20 0 27 26 158 120 60 114 0 122 173 195 47 63 0 |Truck Time: 7626.997921|7626.997921,0.000000,0.000000,0.000000
Truck 4: 0 154 35 199 179 0 41 145 1 198 188 139 143 192 70 0 91 200 150 98 90 164 54 132 79 0 |Truck Time: 7471.916407|7471.916407,0.000000,0.000000,0.000000
Truck 5: 0 193 38 53 175 36 130 49 172 9 0 40 149 78 0 128 125 58 62 187 0 |Truck Time: 7538.385356|7538.385356,0.000000,0.000000,0.000000","Drone 1: 0 2 0 15 77 0 69 86 0 136 0 148 0 189 18 72 73 0 16 0 133 0 155 184 0 159 109 170 0 163 75 0 144 0 96 0 |Drone Time: 7581.504745|7581.504745,0.000000,0.000000,0.000000
Drone 2: 0 106 0 95 67 0 197 33 0 124 186 28 39 142 97 0 89 110 0 6 196 108 0 161 127 0 157 23 0 87 0 56 0 30 0 135 0 |Drone Time: 7620.442459|7620.442459,0.000000,0.000000,0.000000
Drone 3: 0 119 0 14 13 0 153 81 0 88 118 0 57 146 0 42 182 0 165 32 0 85 167 0 52 12 104 0 74 171 0 126 101 24 0 181 0 |Drone Time: 7623.476518|7623.476518,0.000000,0.000000,0.000000
Drone 4: 0 25 76 0 48 22 0 102 194 0 5 46 105 0 111 0 21 0 160 0 64 178 0 71 176 0 115 0 162 0 19 0 |Drone Time: 7606.687515|7606.687515,0.000000,0.000000,0.000000
Drone 5: 0 7 0 174 0 100 0 11 140 0 177 156 0 8 107 92 0 185 0 44 191 0 147 0 137 0 34 0 61 121 0 66 0 |Drone Time: 7560.416498|7560.416498,0.000000,0.000000,0.000000",7626.997921,0.0,0.0,0.0,"Truck Routes:
Truck 1: 0 99 51 183 0 152 168 37 50 169 0 17 112 123 82 0 |Truck Time: 7625.164113|7625.164113,0.000000,0.000000,0.000000
Truck 2: 0 94 151 68 59 0 43 31 190 138 180 65 3 166 93 0 131 113 129 84 55 10 83 116 29 0 |Truck Time: 7483.447199|7483.447199,0.000000,0.000000,0.000000
Truck 3: 0 4 80 134 45 117 103 141 20 0 27 26 158 120 60 114 0 122 173 195 47 63 0 |Truck Time: 7626.997921|7626.997921,0.000000,0.000000,0.000000
Truck 4: 0 154 35 199 179 0 41 145 1 198 188 139 143 192 70 0 91 200 150 98 90 164 54 132 79 0 |Truck Time: 7471.916407|7471.916407,0.000000,0.000000,0.000000
Truck 5: 0 193 38 53 175 36 130 49 172 9 0 40 149 78 0 128 125 58 62 187 0 |Truck Time: 7538.385356|7538.385356,0.000000,0.000000,0.000000
Drone Routes:
Drone 1: 0 2 0 15 77 0 69 86 0 136 0 148 0 189 18 72 73 0 16 0 133 0 155 184 0 159 109 170 0 163 75 0 144 0 96 0 |Drone Time: 7581.504745|7581.504745,0.000000,0.000000,0.000000
Drone 2: 0 106 0 95 67 0 197 33 0 124 186 28 39 142 97 0 89 110 0 6 196 108 0 161 127 0 157 23 0 87 0 56 0 30 0 135 0 |Drone Time: 7620.442459|7620.442459,0.000000,0.000000,0.000000
Drone 3: 0 119 0 14 13 0 153 81 0 88 118 0 57 146 0 42 182 0 165 32 0 85 167 0 52 12 104 0 74 171 0 126 101 24 0 181 0 |Drone Time: 7623.476518|7623.476518,0.000000,0.000000,0.000000
Drone 4: 0 25 76 0 48 22 0 102 194 0 5 46 105 0 111 0 21 0 160 0 64 178 0 71 176 0 115 0 162 0 19 0 |Drone Time: 7606.687515|7606.687515,0.000000,0.000000,0.000000
Drone 5: 0 7 0 174 0 100 0 11 140 0 177 156 0 8 107 92 0 185 0 44 191 0 147 0 137 0 34 0 61 121 0 66 0 |Drone Time: 7560.416498|7560.416498,0.000000,0.000000,0.000000
Total validation: Makespan=7626.997921, Deadline violation=0.000000, Energy violation=0.000000, Capacity violation=0.000000"
200.10.2,200,3,adaptive,g1,0.3,0.2,0.1,0.3,44,0,9865.494048,7516.868851,7516.868851,7516.868851,1736.104705,FEASIBLE,"Truck 1: 0 36 102 33 160 53 175 0 153 135 60 166 93 0 3 2 7 63 0 |Truck Time: 7509.310366|7509.310366,0.000000,0.000000,0.000000
Truck 2: 0 1 90 198 164 54 128 0 41 151 66 111 95 149 0 98 125 150 104 12 70 0 |Truck Time: 7516.868851|7516.868851,0.000000,0.000000,0.000000
Truck 3: 0 134 148 25 20 80 49 172 9 197 4 0 91 189 200 110 17 112 123 78 0 31 136 179 0 |Truck Time: 7511.383589|7511.383589,0.000000,0.000000,0.000000
Truck 4: 0 57 176 96 182 64 173 180 187 0 40 81 190 0 147 87 140 61 23 0 |Truck Time: 7488.204993|7488.204993,0.000000,0.000000,0.000000
Truck 5: 0 99 19 181 27 26 158 120 119 154 0 169 117 46 45 103 141 0 161 155 184 88 8 193 0 |Truck Time: 7501.829884|7501.829884,0.000000,0.000000,0.000000","Drone 1: 0 183 0 156 0 68 194 67 0 132 188 0 138 16 0 47 0 109 178 0 6 114 0 34 0 30 0 108 101 174 0 83 107 0 |Drone Time: 7505.226260|7505.226260,0.000000,0.000000,0.000000
Drone 2: 0 48 22 0 84 24 0 11 37 0 139 52 0 143 73 18 0 146 21 0 159 122 0 133 0 65 165 0 38 0 157 145 0 106 116 0 |Drone Time: 7389.492960|7389.492960,0.000000,0.000000,0.000000
Drone 3: 0 35 113 105 28 0 199 171 89 0 85 167 77 0 62 58 0 142 127 92 118 0 137 0 55 0 51 0 14 0 50 0 144 0 |Drone Time: 7477.716566|7477.716566,0.000000,0.000000,0.000000
Drone 4: 0 76 0 69 86 124 59 97 121 0 44 191 39 0 15 163 0 94 82 0 177 195 0 29 126 0 56 0 79 168 0 115 0 130 0 |Drone Time: 7462.140792|7462.140792,0.000000,0.000000,0.000000
Drone 5: 0 71 100 0 13 186 5 0 152 0 32 72 0 129 170 0 75 0 196 131 0 185 43 0 74 42 0 10 0 162 0 192 0 |Drone Time: 7509.021052|7509.021052,0.000000,0.000000,0.000000",7516.868851,0.0,0.0,0.0,"Truck Routes:
Truck 1: 0 36 102 33 160 53 175 0 153 135 60 166 93 0 3 2 7 63 0 |Truck Time: 7509.310366|7509.310366,0.000000,0.000000,0.000000
Truck 2: 0 1 90 198 164 54 128 0 41 151 66 111 95 149 0 98 125 150 104 12 70 0 |Truck Time: 7516.868851|7516.868851,0.000000,0.000000,0.000000
Truck 3: 0 134 148 25 20 80 49 172 9 197 4 0 91 189 200 110 17 112 123 78 0 31 136 179 0 |Truck Time: 7511.383589|7511.383589,0.000000,0.000000,0.000000
Truck 4: 0 57 176 96 182 64 173 180 187 0 40 81 190 0 147 87 140 61 23 0 |Truck Time: 7488.204993|7488.204993,0.000000,0.000000,0.000000
Truck 5: 0 99 19 181 27 26 158 120 119 154 0 169 117 46 45 103 141 0 161 155 184 88 8 193 0 |Truck Time: 7501.829884|7501.829884,0.000000,0.000000,0.000000
Drone Routes:
Drone 1: 0 183 0 156 0 68 194 67 0 132 188 0 138 16 0 47 0 109 178 0 6 114 0 34 0 30 0 108 101 174 0 83 107 0 |Drone Time: 7505.226260|7505.226260,0.000000,0.000000,0.000000
Drone 2: 0 48 22 0 84 24 0 11 37 0 139 52 0 143 73 18 0 146 21 0 159 122 0 133 0 65 165 0 38 0 157 145 0 106 116 0 |Drone Time: 7389.492960|7389.492960,0.000000,0.000000,0.000000
Drone 3: 0 35 113 105 28 0 199 171 89 0 85 167 77 0 62 58 0 142 127 92 118 0 137 0 55 0 51 0 14 0 50 0 144 0 |Drone Time: 7477.716566|7477.716566,0.000000,0.000000,0.000000
Drone 4: 0 76 0 69 86 124 59 97 121 0 44 191 39 0 15 163 0 94 82 0 177 195 0 29 126 0 56 0 79 168 0 115 0 130 0 |Drone Time: 7462.140792|7462.140792,0.000000,0.000000,0.000000
Drone 5: 0 71 100 0 13 186 5 0 152 0 32 72 0 129 170 0 75 0 196 131 0 185 43 0 74 42 0 10 0 162 0 192 0 |Drone Time: 7509.021052|7509.021052,0.000000,0.000000,0.000000
Total validation: Makespan=7516.868851, Deadline violation=0.000000, Energy violation=0.000000, Capacity violation=0.000000"
200.10.2,200,3,adaptive,g2,0.5,0.3,0.1,0.3,44,0,9865.494048,7516.868851,7516.868851,7516.868851,1722.079563,FEASIBLE,"Truck 1: 0 36 102 33 160 53 175 0 153 135 60 166 93 0 3 2 7 63 0 |Truck Time: 7509.310366|7509.310366,0.000000,0.000000,0.000000
Truck 2: 0 1 90 198 164 54 128 0 41 151 66 111 95 149 0 98 125 150 104 12 70 0 |Truck Time: 7516.868851|7516.868851,0.000000,0.000000,0.000000
Truck 3: 0 134 148 25 20 80 49 172 9 197 4 0 91 189 200 110 17 112 123 78 0 31 136 179 0 |Truck Time: 7511.383589|7511.383589,0.000000,0.000000,0.000000
Truck 4: 0 57 176 96 182 64 173 180 187 0 40 81 190 0 147 87 140 61 23 0 |Truck Time: 7488.204993|7488.204993,0.000000,0.000000,0.000000
Truck 5: 0 99 19 181 27 26 158 120 119 154 0 169 117 46 45 103 141 0 161 155 184 88 8 193 0 |Truck Time: 7501.829884|7501.829884,0.000000,0.000000,0.000000","Drone 1: 0 183 0 156 0 68 194 67 0 132 188 0 138 16 0 47 0 109 178 0 6 114 0 34 0 30 0 108 101 174 0 83 107 0 |Drone Time: 7505.226260|7505.226260,0.000000,0.000000,0.000000
Drone 2: 0 48 22 0 84 24 0 11 37 0 139 52 0 143 73 18 0 146 21 0 159 122 0 133 0 65 165 0 38 0 157 145 0 106 116 0 |Drone Time: 7389.492960|7389.492960,0.000000,0.000000,0.000000
Drone 3: 0 35 113 105 28 0 199 171 89 0 85 167 77 0 62 58 0 142 127 92 118 0 137 0 55 0 51 0 14 0 50 0 144 0 |Drone Time: 7477.716566|7477.716566,0.000000,0.000000,0.000000
Drone 4: 0 76 0 69 86 124 59 97 121 0 44 191 39 0 15 163 0 94 82 0 177 195 0 29 126 0 56 0 79 168 0 115 0 130 0 |Drone Time: 7462.140792|7462.140792,0.000000,0.000000,0.000000
Drone 5: 0 71 100 0 13 186 5 0 152 0 32 72 0 129 170 0 75 0 196 131 0 185 43 0 74 42 0 10 0 162 0 192 0 |Drone Time: 7509.021052|7509.021052,0.000000,0.000000,0.000000",7516.868851,0.0,0.0,0.0,"Truck Routes:
Truck 1: 0 36 102 33 160 53 175 0 153 135 60 166 93 0 3 2 7 63 0 |Truck Time: 7509.310366|7509.310366,0.000000,0.000000,0.000000
Truck 2: 0 1 90 198 164 54 128 0 41 151 66 111 95 149 0 98 125 150 104 12 70 0 |Truck Time: 7516.868851|7516.868851,0.000000,0.000000,0.000000
Truck 3: 0 134 148 25 20 80 49 172 9 197 4 0 91 189 200 110 17 112 123 78 0 31 136 179 0 |Truck Time: 7511.383589|7511.383589,0.000000,0.000000,0.000000
Truck 4: 0 57 176 96 182 64 173 180 187 0 40 81 190 0 147 87 140 61 23 0 |Truck Time: 7488.204993|7488.204993,0.000000,0.000000,0.000000
Truck 5: 0 99 19 181 27 26 158 120 119 154 0 169 117 46 45 103 141 0 161 155 184 88 8 193 0 |Truck Time: 7501.829884|7501.829884,0.000000,0.000000,0.000000
Drone Routes:
Drone 1: 0 183 0 156 0 68 194 67 0 132 188 0 138 16 0 47 0 109 178 0 6 114 0 34 0 30 0 108 101 174 0 83 107 0 |Drone Time: 7505.226260|7505.226260,0.000000,0.000000,0.000000
Drone 2: 0 48 22 0 84 24 0 11 37 0 139 52 0 143 73 18 0 146 21 0 159 122 0 133 0 65 165 0 38 0 157 145 0 106 116 0 |Drone Time: 7389.492960|7389.492960,0.000000,0.000000,0.000000
Drone 3: 0 35 113 105 28 0 199 171 89 0 85 167 77 0 62 58 0 142 127 92 118 0 137 0 55 0 51 0 14 0 50 0 144 0 |Drone Time: 7477.716566|7477.716566,0.000000,0.000000,0.000000
Drone 4: 0 76 0 69 86 124 59 97 121 0 44 191 39 0 15 163 0 94 82 0 177 195 0 29 126 0 56 0 79 168 0 115 0 130 0 |Drone Time: 7462.140792|7462.140792,0.000000,0.000000,0.000000
Drone 5: 0 71 100 0 13 186 5 0 152 0 32 72 0 129 170 0 75 0 196 131 0 185 43 0 74 42 0 10 0 162 0 192 0 |Drone Time: 7509.021052|7509.021052,0.000000,0.000000,0.000000
Total validation: Makespan=7516.868851, Deadline violation=0.000000, Energy violation=0.000000, Capacity violation=0.000000"
200.10.2,200,3,adaptive,g3,0.3,0.2,0.1,0.6,44,0,9865.494048,7516.868851,7516.868851,7516.868851,1347.008947,FEASIBLE,"Truck 1: 0 36 102 33 160 53 175 0 153 135 60 166 93 0 3 2 7 63 0 |Truck Time: 7509.310366|7509.310366,0.000000,0.000000,0.000000
Truck 2: 0 1 90 198 164 54 128 0 41 151 66 111 95 149 0 98 125 150 104 12 70 0 |Truck Time: 7516.868851|7516.868851,0.000000,0.000000,0.000000
Truck 3: 0 134 148 25 20 80 49 172 9 197 4 0 91 189 200 110 17 112 123 78 0 31 136 179 0 |Truck Time: 7511.383589|7511.383589,0.000000,0.000000,0.000000
Truck 4: 0 57 176 96 182 64 173 180 187 0 40 81 190 0 147 87 140 61 23 0 |Truck Time: 7488.204993|7488.204993,0.000000,0.000000,0.000000
Truck 5: 0 99 19 181 27 26 158 120 119 154 0 169 117 46 45 103 141 0 161 155 184 88 8 193 0 |Truck Time: 7501.829884|7501.829884,0.000000,0.000000,0.000000","Drone 1: 0 183 0 156 0 68 194 67 0 132 188 0 138 16 0 47 0 109 178 0 6 114 0 34 0 30 0 108 101 174 0 83 107 0 |Drone Time: 7505.226260|7505.226260,0.000000,0.000000,0.000000
Drone 2: 0 48 22 0 84 24 0 11 37 0 139 52 0 143 73 18 0 146 21 0 159 122 0 133 0 65 165 0 38 0 157 145 0 106 116 0 |Drone Time: 7389.492960|7389.492960,0.000000,0.000000,0.000000
Drone 3: 0 35 113 105 28 0 199 171 89 0 85 167 77 0 62 58 0 142 127 92 118 0 137 0 55 0 51 0 14 0 50 0 144 0 |Drone Time: 7477.716566|7477.716566,0.000000,0.000000,0.000000
Drone 4: 0 76 0 69 86 124 59 97 121 0 44 191 39 0 15 163 0 94 82 0 177 195 0 29 126 0 56 0 79 168 0 115 0 130 0 |Drone Time: 7462.140792|7462.140792,0.000000,0.000000,0.000000
Drone 5: 0 71 100 0 13 186 5 0 152 0 32 72 0 129 170 0 75 0 196 131 0 185 43 0 74 42 0 10 0 162 0 192 0 |Drone Time: 7509.021052|7509.021052,0.000000,0.000000,0.000000",7516.868851,0.0,0.0,0.0,"Truck Routes:
Truck 1: 0 36 102 33 160 53 175 0 153 135 60 166 93 0 3 2 7 63 0 |Truck Time: 7509.310366|7509.310366,0.000000,0.000000,0.000000
Truck 2: 0 1 90 198 164 54 128 0 41 151 66 111 95 149 0 98 125 150 104 12 70 0 |Truck Time: 7516.868851|7516.868851,0.000000,0.000000,0.000000
Truck 3: 0 134 148 25 20 80 49 172 9 197 4 0 91 189 200 110 17 112 123 78 0 31 136 179 0 |Truck Time: 7511.383589|7511.383589,0.000000,0.000000,0.000000
Truck 4: 0 57 176 96 182 64 173 180 187 0 40 81 190 0 147 87 140 61 23 0 |Truck Time: 7488.204993|7488.204993,0.000000,0.000000,0.000000
Truck 5: 0 99 19 181 27 26 158 120 119 154 0 169 117 46 45 103 141 0 161 155 184 88 8 193 0 |Truck Time: 7501.829884|7501.829884,0.000000,0.000000,0.000000
Drone Routes:
Drone 1: 0 183 0 156 0 68 194 67 0 132 188 0 138 16 0 47 0 109 178 0 6 114 0 34 0 30 0 108 101 174 0 83 107 0 |Drone Time: 7505.226260|7505.226260,0.000000,0.000000,0.000000
Drone 2: 0 48 22 0 84 24 0 11 37 0 139 52 0 143 73 18 0 146 21 0 159 122 0 133 0 65 165 0 38 0 157 145 0 106 116 0 |Drone Time: 7389.492960|7389.492960,0.000000,0.000000,0.000000
Drone 3: 0 35 113 105 28 0 199 171 89 0 85 167 77 0 62 58 0 142 127 92 118 0 137 0 55 0 51 0 14 0 50 0 144 0 |Drone Time: 7477.716566|7477.716566,0.000000,0.000000,0.000000
Drone 4: 0 76 0 69 86 124 59 97 121 0 44 191 39 0 15 163 0 94 82 0 177 195 0 29 126 0 56 0 79 168 0 115 0 130 0 |Drone Time: 7462.140792|7462.140792,0.000000,0.000000,0.000000
Drone 5: 0 71 100 0 13 186 5 0 152 0 32 72 0 129 170 0 75 0 196 131 0 185 43 0 74 42 0 10 0 162 0 192 0 |Drone Time: 7509.021052|7509.021052,0.000000,0.000000,0.000000
Total validation: Makespan=7516.868851, Deadline violation=0.000000, Energy violation=0.000000, Capacity violation=0.000000"
200.10.2,200,3,adaptive,g4,0.5,0.3,0.1,0.6,44,0,9865.494048,7516.868851,7516.868851,7516.868851,1716.303725,FEASIBLE,"Truck 1: 0 36 102 33 160 53 175 0 153 135 60 166 93 0 3 2 7 63 0 |Truck Time: 7509.310366|7509.310366,0.000000,0.000000,0.000000
Truck 2: 0 1 90 198 164 54 128 0 41 151 66 111 95 149 0 98 125 150 104 12 70 0 |Truck Time: 7516.868851|7516.868851,0.000000,0.000000,0.000000
Truck 3: 0 134 148 25 20 80 49 172 9 197 4 0 91 189 200 110 17 112 123 78 0 31 136 179 0 |Truck Time: 7511.383589|7511.383589,0.000000,0.000000,0.000000
Truck 4: 0 57 176 96 182 64 173 180 187 0 40 81 190 0 147 87 140 61 23 0 |Truck Time: 7488.204993|7488.204993,0.000000,0.000000,0.000000
Truck 5: 0 99 19 181 27 26 158 120 119 154 0 169 117 46 45 103 141 0 161 155 184 88 8 193 0 |Truck Time: 7501.829884|7501.829884,0.000000,0.000000,0.000000","Drone 1: 0 183 0 156 0 68 194 67 0 132 188 0 138 16 0 47 0 109 178 0 6 114 0 34 0 30 0 108 101 174 0 83 107 0 |Drone Time: 7505.226260|7505.226260,0.000000,0.000000,0.000000
Drone 2: 0 48 22 0 84 24 0 11 37 0 139 52 0 143 73 18 0 146 21 0 159 122 0 133 0 65 165 0 38 0 157 145 0 106 116 0 |Drone Time: 7389.492960|7389.492960,0.000000,0.000000,0.000000
Drone 3: 0 35 113 105 28 0 199 171 89 0 85 167 77 0 62 58 0 142 127 92 118 0 137 0 55 0 51 0 14 0 50 0 144 0 |Drone Time: 7477.716566|7477.716566,0.000000,0.000000,0.000000
Drone 4: 0 76 0 69 86 124 59 97 121 0 44 191 39 0 15 163 0 94 82 0 177 195 0 29 126 0 56 0 79 168 0 115 0 130 0 |Drone Time: 7462.140792|7462.140792,0.000000,0.000000,0.000000
Drone 5: 0 71 100 0 13 186 5 0 152 0 32 72 0 129 170 0 75 0 196 131 0 185 43 0 74 42 0 10 0 162 0 192 0 |Drone Time: 7509.021052|7509.021052,0.000000,0.000000,0.000000",7516.868851,0.0,0.0,0.0,"Truck Routes:
Truck 1: 0 36 102 33 160 53 175 0 153 135 60 166 93 0 3 2 7 63 0 |Truck Time: 7509.310366|7509.310366,0.000000,0.000000,0.000000
Truck 2: 0 1 90 198 164 54 128 0 41 151 66 111 95 149 0 98 125 150 104 12 70 0 |Truck Time: 7516.868851|7516.868851,0.000000,0.000000,0.000000
Truck 3: 0 134 148 25 20 80 49 172 9 197 4 0 91 189 200 110 17 112 123 78 0 31 136 179 0 |Truck Time: 7511.383589|7511.383589,0.000000,0.000000,0.000000
Truck 4: 0 57 176 96 182 64 173 180 187 0 40 81 190 0 147 87 140 61 23 0 |Truck Time: 7488.204993|7488.204993,0.000000,0.000000,0.000000
Truck 5: 0 99 19 181 27 26 158 120 119 154 0 169 117 46 45 103 141 0 161 155 184 88 8 193 0 |Truck Time: 7501.829884|7501.829884,0.000000,0.000000,0.000000
Drone Routes:
Drone 1: 0 183 0 156 0 68 194 67 0 132 188 0 138 16 0 47 0 109 178 0 6 114 0 34 0 30 0 108 101 174 0 83 107 0 |Drone Time: 7505.226260|7505.226260,0.000000,0.000000,0.000000
Drone 2: 0 48 22 0 84 24 0 11 37 0 139 52 0 143 73 18 0 146 21 0 159 122 0 133 0 65 165 0 38 0 157 145 0 106 116 0 |Drone Time: 7389.492960|7389.492960,0.000000,0.000000,0.000000
Drone 3: 0 35 113 105 28 0 199 171 89 0 85 167 77 0 62 58 0 142 127 92 118 0 137 0 55 0 51 0 14 0 50 0 144 0 |Drone Time: 7477.716566|7477.716566,0.000000,0.000000,0.000000
Drone 4: 0 76 0 69 86 124 59 97 121 0 44 191 39 0 15 163 0 94 82 0 177 195 0 29 126 0 56 0 79 168 0 115 0 130 0 |Drone Time: 7462.140792|7462.140792,0.000000,0.000000,0.000000
Drone 5: 0 71 100 0 13 186 5 0 152 0 32 72 0 129 170 0 75 0 196 131 0 185 43 0 74 42 0 10 0 162 0 192 0 |Drone Time: 7509.021052|7509.021052,0.000000,0.000000,0.000000
Total validation: Makespan=7516.868851, Deadline violation=0.000000, Energy violation=0.000000, Capacity violation=0.000000"
200.10.2,200,3,cyclic,,,,,,44,0,9865.494048,7736.721633,7736.721633,7736.721633,1852.195679,FEASIBLE,"Truck 1: 0 8 55 162 175 0 65 93 135 120 27 0 16 63 7 2 75 47 187 0 |Truck Time: 7671.434021|7671.434021,0.000000,0.000000,0.000000
Truck 2: 0 193 14 99 0 110 18 112 17 123 150 200 189 91 151 128 0 70 52 139 188 58 98 198 164 90 1 41 0 |Truck Time: 7736.721633|7736.721633,0.000000,0.000000,0.000000
Truck 3: 0 169 148 20 80 172 49 130 4 0 66 34 95 149 111 185 31 0 179 180 144 40 0 |Truck Time: 7646.303898|7646.303898,0.000000,0.000000,0.000000
Truck 4: 0 100 137 56 163 64 122 60 153 119 154 0 158 159 0 147 191 86 0 |Truck Time: 7572.191879|7572.191879,0.000000,0.000000,0.000000
Truck 5: 0 19 181 74 114 166 190 0 141 117 46 45 59 69 61 0 33 184 161 155 107 0 |Truck Time: 7722.731099|7722.731099,0.000000,0.000000,0.000000","Drone 1: 0 140 105 186 0 6 92 101 0 81 197 183 0 113 0 68 194 62 0 156 0 3 0 36 196 0 26 0 76 0 30 0 143 0 |Drone Time: 7642.162326|7642.162326,0.000000,0.000000,0.000000
Drone 2: 0 109 0 138 77 24 118 0 152 121 0 136 72 73 0 12 104 0 21 0 133 142 0 78 0 173 0 103 0 157 145 0 106 116 0 |Drone Time: 7735.467472|7735.467472,0.000000,0.000000,0.000000
Drone 3: 0 25 168 0 125 67 0 199 171 89 0 85 53 0 170 57 0 129 0 182 0 88 0 51 0 131 0 50 0 38 0 |Drone Time: 7707.059526|7707.059526,0.000000,0.000000,0.000000
Drone 4: 0 48 22 0 11 37 28 39 97 0 126 108 0 176 42 71 0 94 82 0 35 43 195 0 44 124 0 132 54 0 79 23 174 0 115 0 134 0 |Drone Time: 7729.989799|7729.989799,0.000000,0.000000,0.000000
Drone 5: 0 9 5 0 87 0 102 127 0 32 146 177 0 165 15 178 0 13 84 0 96 0 160 0 29 167 0 10 0 83 0 192 0 |Drone Time: 7722.493027|7722.493027,0.000000,0.000000,0.000000",7736.721633,0.0,0.0,0.0,"Truck Routes:
Truck 1: 0 8 55 162 175 0 65 93 135 120 27 0 16 63 7 2 75 47 187 0 |Truck Time: 7671.434021|7671.434021,0.000000,0.000000,0.000000
Truck 2: 0 193 14 99 0 110 18 112 17 123 150 200 189 91 151 128 0 70 52 139 188 58 98 198 164 90 1 41 0 |Truck Time: 7736.721633|7736.721633,0.000000,0.000000,0.000000
Truck 3: 0 169 148 20 80 172 49 130 4 0 66 34 95 149 111 185 31 0 179 180 144 40 0 |Truck Time: 7646.303898|7646.303898,0.000000,0.000000,0.000000
Truck 4: 0 100 137 56 163 64 122 60 153 119 154 0 158 159 0 147 191 86 0 |Truck Time: 7572.191879|7572.191879,0.000000,0.000000,0.000000
Truck 5: 0 19 181 74 114 166 190 0 141 117 46 45 59 69 61 0 33 184 161 155 107 0 |Truck Time: 7722.731099|7722.731099,0.000000,0.000000,0.000000
Drone Routes:
Drone 1: 0 140 105 186 0 6 92 101 0 81 197 183 0 113 0 68 194 62 0 156 0 3 0 36 196 0 26 0 76 0 30 0 143 0 |Drone Time: 7642.162326|7642.162326,0.000000,0.000000,0.000000
Drone 2: 0 109 0 138 77 24 118 0 152 121 0 136 72 73 0 12 104 0 21 0 133 142 0 78 0 173 0 103 0 157 145 0 106 116 0 |Drone Time: 7735.467472|7735.467472,0.000000,0.000000,0.000000
Drone 3: 0 25 168 0 125 67 0 199 171 89 0 85 53 0 170 57 0 129 0 182 0 88 0 51 0 131 0 50 0 38 0 |Drone Time: 7707.059526|7707.059526,0.000000,0.000000,0.000000
Drone 4: 0 48 22 0 11 37 28 39 97 0 126 108 0 176 42 71 0 94 82 0 35 43 195 0 44 124 0 132 54 0 79 23 174 0 115 0 134 0 |Drone Time: 7729.989799|7729.989799,0.000000,0.000000,0.000000
Drone 5: 0 9 5 0 87 0 102 127 0 32 146 177 0 165 15 178 0 13 84 0 96 0 160 0 29 167 0 10 0 83 0 192 0 |Drone Time: 7722.493027|7722.493027,0.000000,0.000000,0.000000
Total validation: Makespan=7736.721633, Deadline violation=0.000000, Energy violation=0.000000, Capacity violation=0.000000"
200.10.2,200,3,random,,,,,,44,0,9865.494048,7397.831201,7397.831201,7397.831201,1799.669478,FEASIBLE,"Truck 1: 0 183 160 33 0 114 119 153 65 3 0 63 47 156 195 176 182 137 135 0 |Truck Time: 7387.375066|7387.375066,0.000000,0.000000,0.000000
Truck 2: 0 91 58 188 98 198 164 90 128 0 149 95 111 66 78 94 0 61 143 192 52 70 0 |Truck Time: 7383.129355|7383.129355,0.000000,0.000000,0.000000
Truck 3: 0 38 133 36 130 4 49 172 80 20 25 148 0 34 110 17 112 123 150 200 189 0 159 199 136 43 187 0 |Truck Time: 7329.252325|7329.252325,0.000000,0.000000,0.000000
Truck 4: 0 100 163 22 57 2 75 173 48 180 138 0 81 185 31 0 141 117 46 45 59 0 |Truck Time: 7397.831201|7397.831201,0.000000,0.000000,0.000000
Truck 5: 0 19 120 158 179 0 169 168 152 0 14 53 162 161 155 88 8 0 |Truck Time: 7379.927605|7379.927605,0.000000,0.000000,0.000000","Drone 1: 0 56 77 0 140 11 0 177 146 7 0 21 171 0 68 194 62 0 175 167 0 145 41 0 122 178 0 93 0 165 74 0 30 0 99 6 0 |Drone Time: 7366.449829|7366.449829,0.000000,0.000000,0.000000
Drone 2: 0 109 0 16 27 0 9 105 186 0 12 104 73 0 96 0 157 0 64 0 87 0 154 170 0 103 0 92 29 0 106 116 0 190 0 |Drone Time: 7390.455042|7390.455042,0.000000,0.000000,0.000000
Drone 3: 0 147 0 32 0 85 24 101 35 0 125 89 0 28 5 37 0 126 108 0 71 26 0 193 76 0 51 0 131 0 50 0 144 0 |Drone Time: 7391.962296|7391.962296,0.000000,0.000000,0.000000
Drone 4: 0 107 118 84 0 69 86 124 97 121 0 129 0 113 196 0 54 82 1 0 166 0 44 191 0 60 0 79 13 174 0 115 0 197 134 0 |Drone Time: 7360.259616|7360.259616,0.000000,0.000000,0.000000
Drone 5: 0 40 67 0 55 39 0 132 18 72 0 142 127 0 23 15 0 181 0 184 102 0 151 42 0 10 0 83 0 139 0 |Drone Time: 7382.613084|7382.613084,0.000000,0.000000,0.000000",7397.831201,0.0,0.0,0.0,"Truck Routes:
Truck 1: 0 183 160 33 0 114 119 153 65 3 0 63 47 156 195 176 182 137 135 0 |Truck Time: 7387.375066|7387.375066,0.000000,0.000000,0.000000
Truck 2: 0 91 58 188 98 198 164 90 128 0 149 95 111 66 78 94 0 61 143 192 52 70 0 |Truck Time: 7383.129355|7383.129355,0.000000,0.000000,0.000000
Truck 3: 0 38 133 36 130 4 49 172 80 20 25 148 0 34 110 17 112 123 150 200 189 0 159 199 136 43 187 0 |Truck Time: 7329.252325|7329.252325,0.000000,0.000000,0.000000
Truck 4: 0 100 163 22 57 2 75 173 48 180 138 0 81 185 31 0 141 117 46 45 59 0 |Truck Time: 7397.831201|7397.831201,0.000000,0.000000,0.000000
Truck 5: 0 19 120 158 179 0 169 168 152 0 14 53 162 161 155 88 8 0 |Truck Time: 7379.927605|7379.927605,0.000000,0.000000,0.000000
Drone Routes:
Drone 1: 0 56 77 0 140 11 0 177 146 7 0 21 171 0 68 194 62 0 175 167 0 145 41 0 122 178 0 93 0 165 74 0 30 0 99 6 0 |Drone Time: 7366.449829|7366.449829,0.000000,0.000000,0.000000
Drone 2: 0 109 0 16 27 0 9 105 186 0 12 104 73 0 96 0 157 0 64 0 87 0 154 170 0 103 0 92 29 0 106 116 0 190 0 |Drone Time: 7390.455042|7390.455042,0.000000,0.000000,0.000000
Drone 3: 0 147 0 32 0 85 24 101 35 0 125 89 0 28 5 37 0 126 108 0 71 26 0 193 76 0 51 0 131 0 50 0 144 0 |Drone Time: 7391.962296|7391.962296,0.000000,0.000000,0.000000
Drone 4: 0 107 118 84 0 69 86 124 97 121 0 129 0 113 196 0 54 82 1 0 166 0 44 191 0 60 0 79 13 174 0 115 0 197 134 0 |Drone Time: 7360.259616|7360.259616,0.000000,0.000000,0.000000
Drone 5: 0 40 67 0 55 39 0 132 18 72 0 142 127 0 23 15 0 181 0 184 102 0 151 42 0 10 0 83 0 139 0 |Drone Time: 7382.613084|7382.613084,0.000000,0.000000,0.000000
Total validation: Makespan=7397.831201, Deadline violation=0.000000, Energy violation=0.000000, Capacity violation=0.000000"
200.10.2,200,4,adaptive,g1,0.3,0.2,0.1,0.3,45,0,10569.697666,7068.144363,7068.144363,7068.144363,1884.193875,FEASIBLE,"Truck 1: 0 34 110 21 195 135 166 180 187 0 189 89 17 82 112 12 123 200 0 |Truck Time: 6944.944609|6944.944609,0.000000,0.000000,0.000000
Truck 2: 0 84 129 113 85 115 26 56 158 120 27 19 199 136 0 133 36 130 4 49 9 38 175 99 0 |Truck Time: 7024.794072|7024.794072,0.000000,0.000000,0.000000
Truck 3: 0 114 60 181 109 174 154 0 122 64 182 96 173 100 93 3 0 147 87 140 124 61 0 |Truck Time: 6930.912995|6930.912995,0.000000,0.000000,0.000000
Truck 4: 0 134 45 103 141 20 0 91 188 58 125 98 0 53 51 155 161 107 184 88 8 0 |Truck Time: 7068.144363|7068.144363,0.000000,0.000000,0.000000
Truck 5: 0 76 102 183 160 33 0 25 148 169 86 69 23 79 0 159 74 138 32 144 40 31 190 0 |Truck Time: 7014.482666|7014.482666,0.000000,0.000000,0.000000","Drone 1: 0 191 11 0 146 63 0 152 105 0 128 145 0 28 186 46 0 42 119 0 118 108 6 170 0 101 83 13 0 193 126 0 132 68 0 151 0 |Drone Time: 7047.588625|7047.588625,0.000000,0.000000,0.000000
Drone 2: 0 18 104 54 0 16 75 0 111 171 0 196 55 0 156 163 0 73 1 90 0 150 0 50 59 0 94 0 179 35 0 192 0 65 0 |Drone Time: 7059.889868|7059.889868,0.000000,0.000000,0.000000
Drone 3: 0 66 0 57 0 153 178 165 0 14 0 2 0 70 52 0 137 0 194 198 0 157 0 80 97 0 131 0 121 197 142 127 92 0 |Drone Time: 7060.850429|7060.850429,0.000000,0.000000,0.000000
Drone 4: 0 168 37 0 5 117 0 24 106 0 7 0 47 0 48 22 0 177 149 0 41 0 139 0 44 62 0 164 0 |Drone Time: 6964.392825|6964.392825,0.000000,0.000000,0.000000
Drone 5: 0 29 116 0 143 0 167 77 15 0 72 81 0 176 71 0 95 67 0 39 172 0 30 0 10 0 162 0 78 43 0 185 0 |Drone Time: 7054.812321|7054.812321,0.000000,0.000000,0.000000",7068.144363,0.0,0.0,0.0,"Truck Routes:
Truck 1: 0 34 110 21 195 135 166 180 187 0 189 89 17 82 112 12 123 200 0 |Truck Time: 6944.944609|6944.944609,0.000000,0.000000,0.000000
Truck 2: 0 84 129 113 85 115 26 56 158 120 27 19 199 136 0 133 36 130 4 49 9 38 175 99 0 |Truck Time: 7024.794072|7024.794072,0.000000,0.000000,0.000000
Truck 3: 0 114 60 181 109 174 154 0 122 64 182 96 173 100 93 3 0 147 87 140 124 61 0 |Truck Time: 6930.912995|6930.912995,0.000000,0.000000,0.000000
Truck 4: 0 134 45 103 141 20 0 91 188 58 125 98 0 53 51 155 161 107 184 88 8 0 |Truck Time: 7068.144363|7068.144363,0.000000,0.000000,0.000000
Truck 5: 0 76 102 183 160 33 0 25 148 169 86 69 23 79 0 159 74 138 32 144 40 31 190 0 |Truck Time: 7014.482666|7014.482666,0.000000,0.000000,0.000000
Drone Routes:
Drone 1: 0 191 11 0 146 63 0 152 105 0 128 145 0 28 186 46 0 42 119 0 118 108 6 170 0 101 83 13 0 193 126 0 132 68 0 151 0 |Drone Time: 7047.588625|7047.588625,0.000000,0.000000,0.000000
Drone 2: 0 18 104 54 0 16 75 0 111 171 0 196 55 0 156 163 0 73 1 90 0 150 0 50 59 0 94 0 179 35 0 192 0 65 0 |Drone Time: 7059.889868|7059.889868,0.000000,0.000000,0.000000
Drone 3: 0 66 0 57 0 153 178 165 0 14 0 2 0 70 52 0 137 0 194 198 0 157 0 80 97 0 131 0 121 197 142 127 92 0 |Drone Time: 7060.850429|7060.850429,0.000000,0.000000,0.000000
Drone 4: 0 168 37 0 5 117 0 24 106 0 7 0 47 0 48 22 0 177 149 0 41 0 139 0 44 62 0 164 0 |Drone Time: 6964.392825|6964.392825,0.000000,0.000000,0.000000
Drone 5: 0 29 116 0 143 0 167 77 15 0 72 81 0 176 71 0 95 67 0 39 172 0 30 0 10 0 162 0 78 43 0 185 0 |Drone Time: 7054.812321|7054.812321,0.000000,0.000000,0.000000
Total validation: Makespan=7068.144363, Deadline violation=0.000000, Energy violation=0.000000, Capacity violation=0.000000"
200.10.2,200,4,adaptive,g2,0.5,0.3,0.1,0.3,45,0,10569.697666,7095.8525,7095.8525,7095.8525,1879.883065,FEASIBLE,"Truck 1: 0 34 110 21 176 135 166 65 0 189 89 17 112 82 12 123 200 0 |Truck Time: 7084.789145|7084.789145,0.000000,0.000000,0.000000
Truck 2: 0 84 129 113 85 115 26 56 158 120 27 19 0 133 36 130 4 49 9 38 175 99 0 179 187 0 |Truck Time: 7089.396937|7089.396937,0.000000,0.000000,0.000000
Truck 3: 0 114 60 42 181 109 154 0 122 64 182 96 173 100 93 3 0 147 87 140 124 61 0 |Truck Time: 7089.491745|7089.491745,0.000000,0.000000,0.000000
Truck 4: 0 134 45 103 141 20 0 98 125 58 188 90 1 0 53 51 155 161 107 184 88 8 0 |Truck Time: 7094.448777|7094.448777,0.000000,0.000000,0.000000
Truck 5: 0 76 102 142 160 127 33 0 25 148 169 86 69 23 79 0 159 199 74 138 32 144 40 31 190 0 |Truck Time: 7095.852500|7095.852500,0.000000,0.000000,0.000000","Drone 1: 0 2 0 132 68 0 24 106 0 152 105 0 128 145 0 5 117 0 119 0 118 108 6 0 101 83 13 0 193 126 0 29 116 0 151 0 |Drone Time: 7086.309047|7086.309047,0.000000,0.000000,0.000000
Drone 2: 0 72 62 54 0 191 11 37 0 131 0 168 0 156 163 0 73 91 0 150 0 50 59 0 94 0 136 35 0 192 0 180 0 |Drone Time: 7085.033296|7085.033296,0.000000,0.000000,0.000000
Drone 3: 0 174 170 0 57 0 153 178 165 0 14 0 47 71 0 70 52 0 195 0 194 198 0 157 0 80 97 0 111 67 0 121 197 183 92 0 |Drone Time: 7083.533443|7083.533443,0.000000,0.000000,0.000000
Drone 4: 0 16 75 0 28 186 46 0 146 63 0 7 0 95 171 0 48 22 0 177 149 0 41 0 139 0 44 81 0 143 0 |Drone Time: 7088.499669|7088.499669,0.000000,0.000000,0.000000
Drone 5: 0 66 0 164 0 167 77 15 0 196 55 0 137 0 39 172 0 30 0 10 0 162 0 78 43 0 185 0 18 104 0 |Drone Time: 7064.499019|7064.499019,0.000000,0.000000,0.000000",7095.8525,0.0,0.0,0.0,"Truck Routes:
Truck 1: 0 34 110 21 176 135 166 65 0 189 89 17 112 82 12 123 200 0 |Truck Time: 7084.789145|7084.789145,0.000000,0.000000,0.000000
Truck 2: 0 84 129 113 85 115 26 56 158 120 27 19 0 133 36 130 4 49 9 38 175 99 0 179 187 0 |Truck Time: 7089.396937|7089.396937,0.000000,0.000000,0.000000
Truck 3: 0 114 60 42 181 109 154 0 122 64 182 96 173 100 93 3 0 147 87 140 124 61 0 |Truck Time: 7089.491745|7089.491745,0.000000,0.000000,0.000000
Truck 4: 0 134 45 103 141 20 0 98 125 58 188 90 1 0 53 51 155 161 107 184 88 8 0 |Truck Time: 7094.448777|7094.448777,0.000000,0.000000,0.000000
Truck 5: 0 76 102 142 160 127 33 0 25 148 169 86 69 23 79 0 159 199 74 138 32 144 40 31 190 0 |Truck Time: 7095.852500|7095.852500,0.000000,0.000000,0.000000
Drone Routes:
Drone 1: 0 2 0 132 68 0 24 106 0 152 105 0 128 145 0 5 117 0 119 0 118 108 6 0 101 83 13 0 193 126 0 29 116 0 151 0 |Drone Time: 7086.309047|7086.309047,0.000000,0.000000,0.000000
Drone 2: 0 72 62 54 0 191 11 37 0 131 0 168 0 156 163 0 73 91 0 150 0 50 59 0 94 0 136 35 0 192 0 180 0 |Drone Time: 7085.033296|7085.033296,0.000000,0.000000,0.000000
Drone 3: 0 174 170 0 57 0 153 178 165 0 14 0 47 71 0 70 52 0 195 0 194 198 0 157 0 80 97 0 111 67 0 121 197 183 92 0 |Drone Time: 7083.533443|7083.533443,0.000000,0.000000,0.000000
Drone 4: 0 16 75 0 28 186 46 0 146 63 0 7 0 95 171 0 48 22 0 177 149 0 41 0 139 0 44 81 0 143 0 |Drone Time: 7088.499669|7088.499669,0.000000,0.000000,0.000000
Drone 5: 0 66 0 164 0 167 77 15 0 196 55 0 137 0 39 172 0 30 0 10 0 162 0 78 43 0 185 0 18 104 0 |Drone Time: 7064.499019|7064.499019,0.000000,0.000000,0.000000
Total validation: Makespan=7095.852500, Deadline violation=0.000000, Energy violation=0.000000, Capacity violation=0.000000"
200.10.2,200,4,adaptive,g3,0.3,0.2,0.1,0.6,45,0,10569.697666,7095.8525,7095.8525,7095.8525,1901.410158,FEASIBLE,"Truck 1: 0 34 110 21 176 135 166 65 0 189 89 17 112 82 12 123 200 0 |Truck Time: 7084.789145|7084.789145,0.000000,0.000000,0.000000
Truck 2: 0 84 129 113 85 115 26 56 158 120 27 19 0 133 36 130 4 49 9 38 175 99 0 179 187 0 |Truck Time: 7089.396937|7089.396937,0.000000,0.000000,0.000000
Truck 3: 0 114 60 42 181 109 154 0 122 64 182 96 173 100 93 3 0 147 87 140 124 61 0 |Truck Time: 7089.491745|7089.491745,0.000000,0.000000,0.000000
Truck 4: 0 134 45 103 141 20 0 98 125 58 188 90 1 0 53 51 155 161 107 184 88 8 0 |Truck Time: 7094.448777|7094.448777,0.000000,0.000000,0.000000
Truck 5: 0 76 102 142 160 127 33 0 25 148 169 86 69 23 79 0 159 199 74 138 32 144 40 31 190 0 |Truck Time: 7095.852500|7095.852500,0.000000,0.000000,0.000000","Drone 1: 0 2 0 132 68 0 24 106 0 152 105 0 128 145 0 5 117 0 119 0 118 108 6 0 101 83 13 0 193 126 0 29 116 0 151 0 |Drone Time: 7086.309047|7086.309047,0.000000,0.000000,0.000000
Drone 2: 0 72 62 54 0 191 11 37 0 131 0 168 0 156 163 0 73 91 0 150 0 50 59 0 94 0 136 35 0 192 0 180 0 |Drone Time: 7085.033296|7085.033296,0.000000,0.000000,0.000000
Drone 3: 0 174 170 0 57 0 153 178 165 0 14 0 47 71 0 70 52 0 195 0 194 198 0 157 0 80 97 0 111 67 0 121 197 183 92 0 |Drone Time: 7083.533443|7083.533443,0.000000,0.000000,0.000000
Drone 4: 0 16 75 0 28 186 46 0 146 63 0 7 0 95 171 0 48 22 0 177 149 0 41 0 139 0 44 81 0 143 0 |Drone Time: 7088.499669|7088.499669,0.000000,0.000000,0.000000
Drone 5: 0 66 0 164 0 167 77 15 0 196 55 0 137 0 39 172 0 30 0 10 0 162 0 78 43 0 185 0 18 104 0 |Drone Time: 7064.499019|7064.499019,0.000000,0.000000,0.000000",7095.8525,0.0,0.0,0.0,"Truck Routes:
Truck 1: 0 34 110 21 176 135 166 65 0 189 89 17 112 82 12 123 200 0 |Truck Time: 7084.789145|7084.789145,0.000000,0.000000,0.000000
Truck 2: 0 84 129 113 85 115 26 56 158 120 27 19 0 133 36 130 4 49 9 38 175 99 0 179 187 0 |Truck Time: 7089.396937|7089.396937,0.000000,0.000000,0.000000
Truck 3: 0 114 60 42 181 109 154 0 122 64 182 96 173 100 93 3 0 147 87 140 124 61 0 |Truck Time: 7089.491745|7089.491745,0.000000,0.000000,0.000000
Truck 4: 0 134 45 103 141 20 0 98 125 58 188 90 1 0 53 51 155 161 107 184 88 8 0 |Truck Time: 7094.448777|7094.448777,0.000000,0.000000,0.000000
Truck 5: 0 76 102 142 160 127 33 0 25 148 169 86 69 23 79 0 159 199 74 138 32 144 40 31 190 0 |Truck Time: 7095.852500|7095.852500,0.000000,0.000000,0.000000
Drone Routes:
Drone 1: 0 2 0 132 68 0 24 106 0 152 105 0 128 145 0 5 117 0 119 0 118 108 6 0 101 83 13 0 193 126 0 29 116 0 151 0 |Drone Time: 7086.309047|7086.309047,0.000000,0.000000,0.000000
Drone 2: 0 72 62 54 0 191 11 37 0 131 0 168 0 156 163 0 73 91 0 150 0 50 59 0 94 0 136 35 0 192 0 180 0 |Drone Time: 7085.033296|7085.033296,0.000000,0.000000,0.000000
Drone 3: 0 174 170 0 57 0 153 178 165 0 14 0 47 71 0 70 52 0 195 0 194 198 0 157 0 80 97 0 111 67 0 121 197 183 92 0 |Drone Time: 7083.533443|7083.533443,0.000000,0.000000,0.000000
Drone 4: 0 16 75 0 28 186 46 0 146 63 0 7 0 95 171 0 48 22 0 177 149 0 41 0 139 0 44 81 0 143 0 |Drone Time: 7088.499669|7088.499669,0.000000,0.000000,0.000000
Drone 5: 0 66 0 164 0 167 77 15 0 196 55 0 137 0 39 172 0 30 0 10 0 162 0 78 43 0 185 0 18 104 0 |Drone Time: 7064.499019|7064.499019,0.000000,0.000000,0.000000
Total validation: Makespan=7095.852500, Deadline violation=0.000000, Energy violation=0.000000, Capacity violation=0.000000"
200.10.2,200,4,adaptive,g4,0.5,0.3,0.1,0.6,45,0,10569.697666,7068.144363,7068.144363,7068.144363,1860.738224,FEASIBLE,"Truck 1: 0 110 34 63 176 135 166 65 199 0 189 89 17 112 82 12 123 200 0 |Truck Time: 7058.636843|7058.636843,0.000000,0.000000,0.000000
Truck 2: 0 84 129 113 85 115 27 26 56 158 120 19 0 4 102 9 49 130 36 175 99 0 187 136 0 |Truck Time: 7045.324559|7045.324559,0.000000,0.000000,0.000000
Truck 3: 0 114 60 42 181 119 154 0 122 64 182 96 173 100 93 3 0 147 87 140 124 61 0 |Truck Time: 7015.130327|7015.130327,0.000000,0.000000,0.000000
Truck 4: 0 134 45 103 141 20 0 91 188 58 125 98 0 53 51 155 161 107 184 88 8 0 |Truck Time: 7068.144363|7068.144363,0.000000,0.000000,0.000000
Truck 5: 0 76 38 133 183 160 33 0 25 148 169 86 69 23 79 0 159 74 138 32 144 40 31 190 0 |Truck Time: 7065.000329|7065.000329,0.000000,0.000000,0.000000","Drone 1: 0 2 0 132 68 0 191 37 0 152 105 0 164 0 5 46 0 109 0 118 108 6 0 101 83 13 0 193 106 0 29 116 0 151 0 |Drone Time: 7059.269397|7059.269397,0.000000,0.000000,0.000000
Drone 2: 0 43 72 18 54 0 168 11 0 111 67 0 70 52 0 156 163 0 10 0 150 0 50 59 0 94 0 179 35 0 90 1 0 180 0 |Drone Time: 7065.806282|7065.806282,0.000000,0.000000,0.000000
Drone 3: 0 174 170 0 16 75 0 153 178 165 0 14 0 137 71 0 177 149 0 195 0 194 198 0 157 0 80 97 0 131 0 121 197 142 127 92 0 |Drone Time: 7063.888792|7063.888792,0.000000,0.000000,0.000000
Drone 4: 0 146 21 0 28 186 117 0 57 0 7 0 95 171 0 48 77 0 196 55 0 41 0 139 0 44 81 0 128 145 0 |Drone Time: 7066.597137|7066.597137,0.000000,0.000000,0.000000
Drone 5: 0 192 0 143 0 22 15 0 62 104 0 24 126 0 47 0 39 172 0 167 30 0 73 66 0 162 0 78 0 185 0 |Drone Time: 7051.911378|7051.911378,0.000000,0.000000,0.000000",7068.144363,0.0,0.0,0.0,"Truck Routes:
Truck 1: 0 110 34 63 176 135 166 65 199 0 189 89 17 112 82 12 123 200 0 |Truck Time: 7058.636843|7058.636843,0.000000,0.000000,0.000000
Truck 2: 0 84 129 113 85 115 27 26 56 158 120 19 0 4 102 9 49 130 36 175 99 0 187 136 0 |Truck Time: 7045.324559|7045.324559,0.000000,0.000000,0.000000
Truck 3: 0 114 60 42 181 119 154 0 122 64 182 96 173 100 93 3 0 147 87 140 124 61 0 |Truck Time: 7015.130327|7015.130327,0.000000,0.000000,0.000000
Truck 4: 0 134 45 103 141 20 0 91 188 58 125 98 0 53 51 155 161 107 184 88 8 0 |Truck Time: 7068.144363|7068.144363,0.000000,0.000000,0.000000
Truck 5: 0 76 38 133 183 160 33 0 25 148 169 86 69 23 79 0 159 74 138 32 144 40 31 190 0 |Truck Time: 7065.000329|7065.000329,0.000000,0.000000,0.000000
Drone Routes:
Drone 1: 0 2 0 132 68 0 191 37 0 152 105 0 164 0 5 46 0 109 0 118 108 6 0 101 83 13 0 193 106 0 29 116 0 151 0 |Drone Time: 7059.269397|7059.269397,0.000000,0.000000,0.000000
Drone 2: 0 43 72 18 54 0 168 11 0 111 67 0 70 52 0 156 163 0 10 0 150 0 50 59 0 94 0 179 35 0 90 1 0 180 0 |Drone Time: 7065.806282|7065.806282,0.000000,0.000000,0.000000
Drone 3: 0 174 170 0 16 75 0 153 178 165 0 14 0 137 71 0 177 149 0 195 0 194 198 0 157 0 80 97 0 131 0 121 197 142 127 92 0 |Drone Time: 7063.888792|7063.888792,0.000000,0.000000,0.000000
Drone 4: 0 146 21 0 28 186 117 0 57 0 7 0 95 171 0 48 77 0 196 55 0 41 0 139 0 44 81 0 128 145 0 |Drone Time: 7066.597137|7066.597137,0.000000,0.000000,0.000000
Drone 5: 0 192 0 143 0 22 15 0 62 104 0 24 126 0 47 0 39 172 0 167 30 0 73 66 0 162 0 78 0 185 0 |Drone Time: 7051.911378|7051.911378,0.000000,0.000000,0.000000
Total validation: Makespan=7068.144363, Deadline violation=0.000000, Energy violation=0.000000, Capacity violation=0.000000"
200.10.2,200,4,cyclic,,,,,,45,0,10569.697666,7045.761558,7045.761558,7045.761558,1921.169701,FEASIBLE,"Truck 1: 0 125 200 82 112 17 123 104 12 150 164 1 0 166 93 100 3 0 189 90 128 0 |Truck Time: 7007.294192|7007.294192,0.000000,0.000000,0.000000
Truck 2: 0 8 88 184 155 161 55 10 126 116 29 0 190 32 144 48 138 0 33 127 160 0 |Truck Time: 6964.278644|6964.278644,0.000000,0.000000,0.000000
Truck 3: 0 154 181 174 35 0 63 47 75 96 64 122 135 60 119 74 179 0 117 45 103 141 20 0 |Truck Time: 7045.761558|7045.761558,0.000000,0.000000,0.000000
Truck 4: 0 152 168 140 87 139 62 188 58 98 91 0 196 131 129 113 85 115 30 6 0 |Truck Time: 7045.214058|7045.214058,0.000000,0.000000,0.000000
Truck 5: 0 4 130 80 49 9 197 102 36 38 175 99 0 191 147 79 0 31 94 78 171 151 41 0 |Truck Time: 6933.963663|6933.963663,0.000000,0.000000,0.000000","Drone 1: 0 65 0 23 51 0 182 0 106 0 120 0 57 0 195 0 61 0 14 0 109 0 86 44 0 22 2 0 19 0 97 172 0 |Drone Time: 7042.128654|7042.128654,0.000000,0.000000,0.000000
Drone 2: 0 178 158 0 40 0 37 11 194 0 148 105 186 0 7 71 0 114 0 95 72 0 69 156 0 27 0 124 169 0 180 0 |Drone Time: 7034.320678|7034.320678,0.000000,0.000000,0.000000
Drone 3: 0 192 0 66 0 176 165 0 15 163 0 110 18 0 157 0 70 0 121 142 76 0 143 54 0 199 0 149 177 0 24 84 0 |Drone Time: 7045.633217|7045.633217,0.000000,0.000000,0.000000
Drone 4: 0 108 118 107 53 0 187 0 5 52 89 145 0 193 170 153 0 173 0 137 0 134 0 167 92 183 0 50 0 83 0 21 0 |Drone Time: 7020.328745|7020.328745,0.000000,0.000000,0.000000
Drone 5: 0 133 13 0 34 73 0 111 67 0 39 28 46 25 59 0 132 68 0 42 26 0 198 0 159 56 77 0 81 146 16 0 162 101 0 43 136 0 185 0 |Drone Time: 7035.370789|7035.370789,0.000000,0.000000,0.000000",7045.761558,0.0,0.0,0.0,"Truck Routes:
Truck 1: 0 125 200 82 112 17 123 104 12 150 164 1 0 166 93 100 3 0 189 90 128 0 |Truck Time: 7007.294192|7007.294192,0.000000,0.000000,0.000000
Truck 2: 0 8 88 184 155 161 55 10 126 116 29 0 190 32 144 48 138 0 33 127 160 0 |Truck Time: 6964.278644|6964.278644,0.000000,0.000000,0.000000
Truck 3: 0 154 181 174 35 0 63 47 75 96 64 122 135 60 119 74 179 0 117 45 103 141 20 0 |Truck Time: 7045.761558|7045.761558,0.000000,0.000000,0.000000
Truck 4: 0 152 168 140 87 139 62 188 58 98 91 0 196 131 129 113 85 115 30 6 0 |Truck Time: 7045.214058|7045.214058,0.000000,0.000000,0.000000
Truck 5: 0 4 130 80 49 9 197 102 36 38 175 99 0 191 147 79 0 31 94 78 171 151 41 0 |Truck Time: 6933.963663|6933.963663,0.000000,0.000000,0.000000
Drone Routes:
Drone 1: 0 65 0 23 51 0 182 0 106 0 120 0 57 0 195 0 61 0 14 0 109 0 86 44 0 22 2 0 19 0 97 172 0 |Drone Time: 7042.128654|7042.128654,0.000000,0.000000,0.000000
Drone 2: 0 178 158 0 40 0 37 11 194 0 148 105 186 0 7 71 0 114 0 95 72 0 69 156 0 27 0 124 169 0 180 0 |Drone Time: 7034.320678|7034.320678,0.000000,0.000000,0.000000
Drone 3: 0 192 0 66 0 176 165 0 15 163 0 110 18 0 157 0 70 0 121 142 76 0 143 54 0 199 0 149 177 0 24 84 0 |Drone Time: 7045.633217|7045.633217,0.000000,0.000000,0.000000
Drone 4: 0 108 118 107 53 0 187 0 5 52 89 145 0 193 170 153 0 173 0 137 0 134 0 167 92 183 0 50 0 83 0 21 0 |Drone Time: 7020.328745|7020.328745,0.000000,0.000000,0.000000
Drone 5: 0 133 13 0 34 73 0 111 67 0 39 28 46 25 59 0 132 68 0 42 26 0 198 0 159 56 77 0 81 146 16 0 162 101 0 43 136 0 185 0 |Drone Time: 7035.370789|7035.370789,0.000000,0.000000,0.000000
Total validation: Makespan=7045.761558, Deadline violation=0.000000, Energy violation=0.000000, Capacity violation=0.000000"
200.10.2,200,4,random,,,,,,45,0,10569.697666,7539.492369,7539.492369,7539.492369,1979.553386,FEASIBLE,"Truck 1: 0 138 32 144 40 95 111 0 60 120 119 199 0 98 125 150 104 17 112 123 200 0 |Truck Time: 7539.492369|7539.492369,0.000000,0.000000,0.000000
Truck 2: 0 19 30 99 0 81 78 94 157 0 193 36 172 9 33 160 184 88 8 0 136 0 |Truck Time: 7417.961591|7417.961591,0.000000,0.000000,0.000000
Truck 3: 0 166 154 0 135 56 158 137 122 64 100 93 180 3 179 0 4 133 130 121 80 38 76 175 187 0 |Truck Time: 7421.945525|7421.945525,0.000000,0.000000,0.000000
Truck 4: 0 37 140 87 147 0 110 34 189 91 128 0 14 115 113 129 24 84 0 |Truck Time: 7521.702045|7521.702045,0.000000,0.000000,0.000000
Truck 5: 0 61 134 103 117 45 186 105 0 169 124 50 141 20 25 148 79 0 162 51 83 10 0 |Truck Time: 7538.489849|7538.489849,0.000000,0.000000,0.000000","Drone 1: 0 82 18 72 0 106 0 176 0 132 68 0 174 178 159 0 85 0 28 39 118 155 0 196 161 0 92 107 102 0 96 0 41 0 181 0 |Drone Time: 7531.946154|7531.946154,0.000000,0.000000,0.000000
Drone 2: 0 23 0 42 21 146 0 69 11 191 0 48 171 0 190 1 145 0 127 168 0 195 0 55 0 90 89 73 0 194 198 0 192 0 31 0 |Drone Time: 7507.034434|7507.034434,0.000000,0.000000,0.000000
Drone 3: 0 70 0 13 67 12 52 0 151 62 0 5 46 0 57 165 0 16 15 0 149 0 22 75 0 66 0 139 0 35 114 0 |Drone Time: 7536.629582|7536.629582,0.000000,0.000000,0.000000
Drone 4: 0 97 152 0 2 0 142 197 49 0 143 54 0 65 0 109 0 6 77 27 0 188 58 0 173 0 183 53 0 86 44 0 101 108 126 0 |Drone Time: 7405.289378|7405.289378,0.000000,0.000000,0.000000
Drone 5: 0 59 0 170 71 7 0 74 0 182 0 153 163 0 156 177 43 0 63 0 47 0 26 0 167 131 0 116 29 0 164 0 185 0 |Drone Time: 7527.233350|7527.233350,0.000000,0.000000,0.000000",7539.492369,0.0,0.0,0.0,"Truck Routes:
Truck 1: 0 138 32 144 40 95 111 0 60 120 119 199 0 98 125 150 104 17 112 123 200 0 |Truck Time: 7539.492369|7539.492369,0.000000,0.000000,0.000000
Truck 2: 0 19 30 99 0 81 78 94 157 0 193 36 172 9 33 160 184 88 8 0 136 0 |Truck Time: 7417.961591|7417.961591,0.000000,0.000000,0.000000
Truck 3: 0 166 154 0 135 56 158 137 122 64 100 93 180 3 179 0 4 133 130 121 80 38 76 175 187 0 |Truck Time: 7421.945525|7421.945525,0.000000,0.000000,0.000000
Truck 4: 0 37 140 87 147 0 110 34 189 91 128 0 14 115 113 129 24 84 0 |Truck Time: 7521.702045|7521.702045,0.000000,0.000000,0.000000
Truck 5: 0 61 134 103 117 45 186 105 0 169 124 50 141 20 25 148 79 0 162 51 83 10 0 |Truck Time: 7538.489849|7538.489849,0.000000,0.000000,0.000000
Drone Routes:
Drone 1: 0 82 18 72 0 106 0 176 0 132 68 0 174 178 159 0 85 0 28 39 118 155 0 196 161 0 92 107 102 0 96 0 41 0 181 0 |Drone Time: 7531.946154|7531.946154,0.000000,0.000000,0.000000
Drone 2: 0 23 0 42 21 146 0 69 11 191 0 48 171 0 190 1 145 0 127 168 0 195 0 55 0 90 89 73 0 194 198 0 192 0 31 0 |Drone Time: 7507.034434|7507.034434,0.000000,0.000000,0.000000
Drone 3: 0 70 0 13 67 12 52 0 151 62 0 5 46 0 57 165 0 16 15 0 149 0 22 75 0 66 0 139 0 35 114 0 |Drone Time: 7536.629582|7536.629582,0.000000,0.000000,0.000000
Drone 4: 0 97 152 0 2 0 142 197 49 0 143 54 0 65 0 109 0 6 77 27 0 188 58 0 173 0 183 53 0 86 44 0 101 108 126 0 |Drone Time: 7405.289378|7405.289378,0.000000,0.000000,0.000000
Drone 5: 0 59 0 170 71 7 0 74 0 182 0 153 163 0 156 177 43 0 63 0 47 0 26 0 167 131 0 116 29 0 164 0 185 0 |Drone Time: 7527.233350|7527.233350,0.000000,0.000000,0.000000
Total validation: Makespan=7539.492369, Deadline violation=0.000000, Energy violation=0.000000, Capacity violation=0.000000"
200.10.2,200,5,adaptive,g1,0.3,0.2,0.1,0.3,46,0,10958.821141,7666.610383,7666.610383,7666.610383,1762.707692,FEASIBLE,"Truck 1: 0 58 198 70 147 87 141 103 117 134 0 135 137 182 173 64 122 0 41 0 |Truck Time: 7539.745764|7539.745764,0.000000,0.000000,0.000000
Truck 2: 0 199 32 144 16 48 93 166 153 60 119 99 0 154 174 74 159 0 190 63 195 7 2 57 0 |Truck Time: 7608.023710|7608.023710,0.000000,0.000000,0.000000
Truck 3: 0 13 175 126 162 83 51 10 6 0 179 181 120 106 0 33 155 84 113 129 19 0 |Truck Time: 7666.610383|7666.610383,0.000000,0.000000,0.000000
Truck 4: 0 86 50 140 11 0 40 95 111 66 78 136 0 82 112 17 34 128 0 |Truck Time: 7657.470157|7657.470157,0.000000,0.000000,0.000000
Truck 5: 0 169 148 130 4 0 38 76 88 184 160 127 133 36 0 1 98 104 12 123 200 0 |Truck Time: 7653.979654|7653.979654,0.000000,0.000000,0.000000","Drone 1: 0 125 5 0 9 97 0 53 29 0 102 108 0 65 177 0 158 138 0 109 163 0 44 191 0 171 67 81 0 151 145 0 30 167 0 94 0 |Drone Time: 7661.015673|7661.015673,0.000000,0.000000,0.000000
Drone 2: 0 107 115 0 8 0 149 0 31 121 0 139 0 188 189 0 56 0 197 183 0 96 0 114 178 0 164 0 52 192 0 170 14 0 |Drone Time: 7666.277632|7666.277632,0.000000,0.000000,0.000000
Drone 3: 0 46 37 0 90 72 73 0 43 165 3 35 0 27 77 0 196 55 0 68 194 62 0 21 0 161 92 0 45 0 54 143 0 18 110 0 61 0 |Drone Time: 7664.067880|7664.067880,0.000000,0.000000,0.000000
Drone 4: 0 24 116 0 71 156 146 0 20 28 39 0 42 22 15 0 91 89 0 75 0 47 0 124 0 180 0 80 25 0 142 49 0 187 193 0 |Drone Time: 7652.011209|7652.011209,0.000000,0.000000,0.000000
Drone 5: 0 150 0 85 118 101 0 168 69 0 105 152 59 0 186 157 0 176 0 185 0 100 0 23 79 132 0 172 0 26 0 131 0 |Drone Time: 7662.871885|7662.871885,0.000000,0.000000,0.000000",7666.610383,0.0,0.0,0.0,"Truck Routes:
Truck 1: 0 58 198 70 147 87 141 103 117 134 0 135 137 182 173 64 122 0 41 0 |Truck Time: 7539.745764|7539.745764,0.000000,0.000000,0.000000
Truck 2: 0 199 32 144 16 48 93 166 153 60 119 99 0 154 174 74 159 0 190 63 195 7 2 57 0 |Truck Time: 7608.023710|7608.023710,0.000000,0.000000,0.000000
Truck 3: 0 13 175 126 162 83 51 10 6 0 179 181 120 106 0 33 155 84 113 129 19 0 |Truck Time: 7666.610383|7666.610383,0.000000,0.000000,0.000000
Truck 4: 0 86 50 140 11 0 40 95 111 66 78 136 0 82 112 17 34 128 0 |Truck Time: 7657.470157|7657.470157,0.000000,0.000000,0.000000
Truck 5: 0 169 148 130 4 0 38 76 88 184 160 127 133 36 0 1 98 104 12 123 200 0 |Truck Time: 7653.979654|7653.979654,0.000000,0.000000,0.000000
Drone Routes:
Drone 1: 0 125 5 0 9 97 0 53 29 0 102 108 0 65 177 0 158 138 0 109 163 0 44 191 0 171 67 81 0 151 145 0 30 167 0 94 0 |Drone Time: 7661.015673|7661.015673,0.000000,0.000000,0.000000
Drone 2: 0 107 115 0 8 0 149 0 31 121 0 139 0 188 189 0 56 0 197 183 0 96 0 114 178 0 164 0 52 192 0 170 14 0 |Drone Time: 7666.277632|7666.277632,0.000000,0.000000,0.000000
Drone 3: 0 46 37 0 90 72 73 0 43 165 3 35 0 27 77 0 196 55 0 68 194 62 0 21 0 161 92 0 45 0 54 143 0 18 110 0 61 0 |Drone Time: 7664.067880|7664.067880,0.000000,0.000000,0.000000
Drone 4: 0 24 116 0 71 156 146 0 20 28 39 0 42 22 15 0 91 89 0 75 0 47 0 124 0 180 0 80 25 0 142 49 0 187 193 0 |Drone Time: 7652.011209|7652.011209,0.000000,0.000000,0.000000
Drone 5: 0 150 0 85 118 101 0 168 69 0 105 152 59 0 186 157 0 176 0 185 0 100 0 23 79 132 0 172 0 26 0 131 0 |Drone Time: 7662.871885|7662.871885,0.000000,0.000000,0.000000
Total validation: Makespan=7666.610383, Deadline violation=0.000000, Energy violation=0.000000, Capacity violation=0.000000"
200.10.2,200,5,adaptive,g2,0.5,0.3,0.1,0.3,46,0,10958.821141,7666.610383,7666.610383,7666.610383,1792.736305,FEASIBLE,"Truck 1: 0 58 198 70 147 87 141 103 117 134 0 135 137 182 173 64 122 0 41 0 |Truck Time: 7539.745764|7539.745764,0.000000,0.000000,0.000000
Truck 2: 0 199 32 144 16 48 93 166 153 60 119 99 0 154 174 74 159 0 190 63 195 7 2 57 0 |Truck Time: 7608.023710|7608.023710,0.000000,0.000000,0.000000
Truck 3: 0 13 175 126 162 83 51 10 6 0 179 181 120 106 0 33 155 84 113 129 19 0 |Truck Time: 7666.610383|7666.610383,0.000000,0.000000,0.000000
Truck 4: 0 86 50 140 11 0 40 95 111 66 78 136 0 82 112 17 34 128 0 |Truck Time: 7657.470157|7657.470157,0.000000,0.000000,0.000000
Truck 5: 0 169 148 130 4 0 38 76 88 184 160 127 133 36 0 1 98 104 12 123 200 0 |Truck Time: 7653.979654|7653.979654,0.000000,0.000000,0.000000","Drone 1: 0 125 5 0 9 97 0 53 29 0 102 108 0 65 177 0 158 138 0 109 163 0 44 191 0 171 67 81 0 151 145 0 30 167 0 94 0 |Drone Time: 7661.015673|7661.015673,0.000000,0.000000,0.000000
Drone 2: 0 107 115 0 8 0 149 0 31 121 0 139 0 188 189 0 56 0 197 183 0 96 0 114 178 0 164 0 52 192 0 170 14 0 |Drone Time: 7666.277632|7666.277632,0.000000,0.000000,0.000000
Drone 3: 0 46 37 0 90 72 73 0 43 165 3 35 0 27 77 0 196 55 0 68 194 62 0 21 0 161 92 0 45 0 54 143 0 18 110 0 61 0 |Drone Time: 7664.067880|7664.067880,0.000000,0.000000,0.000000
Drone 4: 0 24 116 0 71 156 146 0 20 28 39 0 42 22 15 0 91 89 0 75 0 47 0 124 0 180 0 80 25 0 142 49 0 187 193 0 |Drone Time: 7652.011209|7652.011209,0.000000,0.000000,0.000000
Drone 5: 0 150 0 85 118 101 0 168 69 0 105 152 59 0 186 157 0 176 0 185 0 100 0 23 79 132 0 172 0 26 0 131 0 |Drone Time: 7662.871885|7662.871885,0.000000,0.000000,0.000000",7666.610383,0.0,0.0,0.0,"Truck Routes:
Truck 1: 0 58 198 70 147 87 141 103 117 134 0 135 137 182 173 64 122 0 41 0 |Truck Time: 7539.745764|7539.745764,0.000000,0.000000,0.000000
Truck 2: 0 199 32 144 16 48 93 166 153 60 119 99 0 154 174 74 159 0 190 63 195 7 2 57 0 |Truck Time: 7608.023710|7608.023710,0.000000,0.000000,0.000000
Truck 3: 0 13 175 126 162 83 51 10 6 0 179 181 120 106 0 33 155 84 113 129 19 0 |Truck Time: 7666.610383|7666.610383,0.000000,0.000000,0.000000
Truck 4: 0 86 50 140 11 0 40 95 111 66 78 136 0 82 112 17 34 128 0 |Truck Time: 7657.470157|7657.470157,0.000000,0.000000,0.000000
Truck 5: 0 169 148 130 4 0 38 76 88 184 160 127 133 36 0 1 98 104 12 123 200 0 |Truck Time: 7653.979654|7653.979654,0.000000,0.000000,0.000000
Drone Routes:
Drone 1: 0 125 5 0 9 97 0 53 29 0 102 108 0 65 177 0 158 138 0 109 163 0 44 191 0 171 67 81 0 151 145 0 30 167 0 94 0 |Drone Time: 7661.015673|7661.015673,0.000000,0.000000,0.000000
Drone 2: 0 107 115 0 8 0 149 0 31 121 0 139 0 188 189 0 56 0 197 183 0 96 0 114 178 0 164 0 52 192 0 170 14 0 |Drone Time: 7666.277632|7666.277632,0.000000,0.000000,0.000000
Drone 3: 0 46 37 0 90 72 73 0 43 165 3 35 0 27 77 0 196 55 0 68 194 62 0 21 0 161 92 0 45 0 54 143 0 18 110 0 61 0 |Drone Time: 7664.067880|7664.067880,0.000000,0.000000,0.000000
Drone 4: 0 24 116 0 71 156 146 0 20 28 39 0 42 22 15 0 91 89 0 75 0 47 0 124 0 180 0 80 25 0 142 49 0 187 193 0 |Drone Time: 7652.011209|7652.011209,0.000000,0.000000,0.000000
Drone 5: 0 150 0 85 118 101 0 168 69 0 105 152 59 0 186 157 0 176 0 185 0 100 0 23 79 132 0 172 0 26 0 131 0 |Drone Time: 7662.871885|7662.871885,0.000000,0.000000,0.000000
Total validation: Makespan=7666.610383, Deadline violation=0.000000, Energy violation=0.000000, Capacity violation=0.000000"
200.10.2,200,5,adaptive,g3,0.3,0.2,0.1,0.6,46,0,10958.821141,7666.610383,7666.610383,7666.610383,1815.384173,FEASIBLE,"Truck 1: 0 58 198 70 147 87 141 103 117 134 0 135 137 182 173 64 122 0 41 0 |Truck Time: 7539.745764|7539.745764,0.000000,0.000000,0.000000
Truck 2: 0 199 32 144 16 48 93 166 153 60 119 99 0 154 174 74 159 0 190 63 195 7 2 57 0 |Truck Time: 7608.023710|7608.023710,0.000000,0.000000,0.000000
Truck 3: 0 13 175 126 162 83 51 10 6 0 179 181 120 106 0 33 155 84 113 129 19 0 |Truck Time: 7666.610383|7666.610383,0.000000,0.000000,0.000000
Truck 4: 0 86 50 140 11 0 40 95 111 66 78 136 0 82 112 17 34 128 0 |Truck Time: 7657.470157|7657.470157,0.000000,0.000000,0.000000
Truck 5: 0 169 148 130 4 0 38 76 88 184 160 127 133 36 0 1 98 104 12 123 200 0 |Truck Time: 7653.979654|7653.979654,0.000000,0.000000,0.000000","Drone 1: 0 125 5 0 9 97 0 53 29 0 102 108 0 65 177 0 158 138 0 109 163 0 44 191 0 171 67 81 0 151 145 0 30 167 0 94 0 |Drone Time: 7661.015673|7661.015673,0.000000,0.000000,0.000000
Drone 2: 0 107 115 0 8 0 149 0 31 121 0 139 0 188 189 0 56 0 197 183 0 96 0 114 178 0 164 0 52 192 0 170 14 0 |Drone Time: 7666.277632|7666.277632,0.000000,0.000000,0.000000
Drone 3: 0 46 37 0 90 72 73 0 43 165 3 35 0 27 77 0 196 55 0 68 194 62 0 21 0 161 92 0 45 0 54 143 0 18 110 0 61 0 |Drone Time: 7664.067880|7664.067880,0.000000,0.000000,0.000000
Drone 4: 0 24 116 0 71 156 146 0 20 28 39 0 42 22 15 0 91 89 0 75 0 47 0 124 0 180 0 80 25 0 142 49 0 187 193 0 |Drone Time: 7652.011209|7652.011209,0.000000,0.000000,0.000000
Drone 5: 0 150 0 85 118 101 0 168 69 0 105 152 59 0 186 157 0 176 0 185 0 100 0 23 79 132 0 172 0 26 0 131 0 |Drone Time: 7662.871885|7662.871885,0.000000,0.000000,0.000000",7666.610383,0.0,0.0,0.0,"Truck Routes:
Truck 1: 0 58 198 70 147 87 141 103 117 134 0 135 137 182 173 64 122 0 41 0 |Truck Time: 7539.745764|7539.745764,0.000000,0.000000,0.000000
Truck 2: 0 199 32 144 16 48 93 166 153 60 119 99 0 154 174 74 159 0 190 63 195 7 2 57 0 |Truck Time: 7608.023710|7608.023710,0.000000,0.000000,0.000000
Truck 3: 0 13 175 126 162 83 51 10 6 0 179 181 120 106 0 33 155 84 113 129 19 0 |Truck Time: 7666.610383|7666.610383,0.000000,0.000000,0.000000
Truck 4: 0 86 50 140 11 0 40 95 111 66 78 136 0 82 112 17 34 128 0 |Truck Time: 7657.470157|7657.470157,0.000000,0.000000,0.000000
Truck 5: 0 169 148 130 4 0 38 76 88 184 160 127 133 36 0 1 98 104 12 123 200 0 |Truck Time: 7653.979654|7653.979654,0.000000,0.000000,0.000000
Drone Routes:
Drone 1: 0 125 5 0 9 97 0 53 29 0 102 108 0 65 177 0 158 138 0 109 163 0 44 191 0 171 67 81 0 151 145 0 30 167 0 94 0 |Drone Time: 7661.015673|7661.015673,0.000000,0.000000,0.000000
Drone 2: 0 107 115 0 8 0 149 0 31 121 0 139 0 188 189 0 56 0 197 183 0 96 0 114 178 0 164 0 52 192 0 170 14 0 |Drone Time: 7666.277632|7666.277632,0.000000,0.000000,0.000000
Drone 3: 0 46 37 0 90 72 73 0 43 165 3 35 0 27 77 0 196 55 0 68 194 62 0 21 0 161 92 0 45 0 54 143 0 18 110 0 61 0 |Drone Time: 7664.067880|7664.067880,0.000000,0.000000,0.000000
Drone 4: 0 24 116 0 71 156 146 0 20 28 39 0 42 22 15 0 91 89 0 75 0 47 0 124 0 180 0 80 25 0 142 49 0 187 193 0 |Drone Time: 7652.011209|7652.011209,0.000000,0.000000,0.000000
Drone 5: 0 150 0 85 118 101 0 168 69 0 105 152 59 0 186 157 0 176 0 185 0 100 0 23 79 132 0 172 0 26 0 131 0 |Drone Time: 7662.871885|7662.871885,0.000000,0.000000,0.000000
Total validation: Makespan=7666.610383, Deadline violation=0.000000, Energy violation=0.000000, Capacity violation=0.000000"
200.10.2,200,5,adaptive,g4,0.5,0.3,0.1,0.6,46,0,10958.821141,7666.610383,7666.610383,7666.610383,1755.36897,FEASIBLE,"Truck 1: 0 58 198 70 147 87 141 103 117 134 0 135 137 182 173 64 122 0 41 0 |Truck Time: 7539.745764|7539.745764,0.000000,0.000000,0.000000
Truck 2: 0 199 32 144 16 48 93 166 153 60 119 99 0 154 174 74 159 0 190 63 195 7 2 57 0 |Truck Time: 7608.023710|7608.023710,0.000000,0.000000,0.000000
Truck 3: 0 13 175 126 162 83 51 10 6 0 179 181 120 106 0 33 155 84 113 129 19 0 |Truck Time: 7666.610383|7666.610383,0.000000,0.000000,0.000000
Truck 4: 0 86 50 140 11 0 40 95 111 66 78 136 0 82 112 17 34 128 0 |Truck Time: 7657.470157|7657.470157,0.000000,0.000000,0.000000
Truck 5: 0 169 148 130 4 0 38 76 88 184 160 127 133 36 0 1 98 104 12 123 200 0 |Truck Time: 7653.979654|7653.979654,0.000000,0.000000,0.000000","Drone 1: 0 125 5 0 9 97 0 53 29 0 102 108 0 65 177 0 158 138 0 109 163 0 44 191 0 171 67 81 0 151 145 0 30 167 0 94 0 |Drone Time: 7661.015673|7661.015673,0.000000,0.000000,0.000000
Drone 2: 0 107 115 0 8 0 149 0 31 121 0 139 0 188 189 0 56 0 197 183 0 96 0 114 178 0 164 0 52 192 0 170 14 0 |Drone Time: 7666.277632|7666.277632,0.000000,0.000000,0.000000
Drone 3: 0 46 37 0 90 72 73 0 43 165 3 35 0 27 77 0 196 55 0 68 194 62 0 21 0 161 92 0 45 0 54 143 0 18 110 0 61 0 |Drone Time: 7664.067880|7664.067880,0.000000,0.000000,0.000000
Drone 4: 0 24 116 0 71 156 146 0 20 28 39 0 42 22 15 0 91 89 0 75 0 47 0 124 0 180 0 80 25 0 142 49 0 187 193 0 |Drone Time: 7652.011209|7652.011209,0.000000,0.000000,0.000000
Drone 5: 0 150 0 85 118 101 0 168 69 0 105 152 59 0 186 157 0 176 0 185 0 100 0 23 79 132 0 172 0 26 0 131 0 |Drone Time: 7662.871885|7662.871885,0.000000,0.000000,0.000000",7666.610383,0.0,0.0,0.0,"Truck Routes:
Truck 1: 0 58 198 70 147 87 141 103 117 134 0 135 137 182 173 64 122 0 41 0 |Truck Time: 7539.745764|7539.745764,0.000000,0.000000,0.000000
Truck 2: 0 199 32 144 16 48 93 166 153 60 119 99 0 154 174 74 159 0 190 63 195 7 2 57 0 |Truck Time: 7608.023710|7608.023710,0.000000,0.000000,0.000000
Truck 3: 0 13 175 126 162 83 51 10 6 0 179 181 120 106 0 33 155 84 113 129 19 0 |Truck Time: 7666.610383|7666.610383,0.000000,0.000000,0.000000
Truck 4: 0 86 50 140 11 0 40 95 111 66 78 136 0 82 112 17 34 128 0 |Truck Time: 7657.470157|7657.470157,0.000000,0.000000,0.000000
Truck 5: 0 169 148 130 4 0 38 76 88 184 160 127 133 36 0 1 98 104 12 123 200 0 |Truck Time: 7653.979654|7653.979654,0.000000,0.000000,0.000000
Drone Routes:
Drone 1: 0 125 5 0 9 97 0 53 29 0 102 108 0 65 177 0 158 138 0 109 163 0 44 191 0 171 67 81 0 151 145 0 30 167 0 94 0 |Drone Time: 7661.015673|7661.015673,0.000000,0.000000,0.000000
Drone 2: 0 107 115 0 8 0 149 0 31 121 0 139 0 188 189 0 56 0 197 183 0 96 0 114 178 0 164 0 52 192 0 170 14 0 |Drone Time: 7666.277632|7666.277632,0.000000,0.000000,0.000000
Drone 3: 0 46 37 0 90 72 73 0 43 165 3 35 0 27 77 0 196 55 0 68 194 62 0 21 0 161 92 0 45 0 54 143 0 18 110 0 61 0 |Drone Time: 7664.067880|7664.067880,0.000000,0.000000,0.000000
Drone 4: 0 24 116 0 71 156 146 0 20 28 39 0 42 22 15 0 91 89 0 75 0 47 0 124 0 180 0 80 25 0 142 49 0 187 193 0 |Drone Time: 7652.011209|7652.011209,0.000000,0.000000,0.000000
Drone 5: 0 150 0 85 118 101 0 168 69 0 105 152 59 0 186 157 0 176 0 185 0 100 0 23 79 132 0 172 0 26 0 131 0 |Drone Time: 7662.871885|7662.871885,0.000000,0.000000,0.000000
Total validation: Makespan=7666.610383, Deadline violation=0.000000, Energy violation=0.000000, Capacity violation=0.000000"
200.10.2,200,5,cyclic,,,,,,46,0,10958.821141,8032.813342,8032.813342,8032.813342,1123.766254,FEASIBLE,"Truck 1: 0 110 82 112 125 128 0 70 11 168 152 117 0 27 158 0 |Truck Time: 8031.298540|8031.298540,0.000000,0.000000,0.000000
Truck 2: 0 114 119 153 137 64 122 135 166 60 154 106 0 147 0 149 40 144 16 32 65 187 0 |Truck Time: 7981.146718|7981.146718,0.000000,0.000000,0.000000
Truck 3: 0 14 19 116 126 162 83 10 99 0 3 2 173 100 93 0 53 51 155 55 84 113 0 |Truck Time: 8032.813342|8032.813342,0.000000,0.000000,0.000000
Truck 4: 0 86 169 50 103 134 0 78 66 67 111 95 81 43 0 91 200 104 12 123 98 41 0 |Truck Time: 8016.788644|8016.788644,0.000000,0.000000,0.000000
Truck 5: 0 9 197 33 0 148 25 141 20 0 38 36 4 130 127 160 184 88 0 179 74 159 0 |Truck Time: 7992.556178|7992.556178,0.000000,0.000000,0.000000","Drone 1: 0 176 0 97 39 28 49 0 63 0 102 92 0 185 146 0 156 0 195 0 44 191 0 157 52 0 151 171 0 188 0 57 0 61 0 |Drone Time: 8021.148464|8021.148464,0.000000,0.000000,0.000000
Drone 2: 0 8 107 118 0 181 121 0 5 37 59 0 109 0 172 0 165 15 163 0 94 89 0 29 6 193 0 140 0 48 0 54 143 0 164 0 192 0 |Drone Time: 8026.986913|8026.986913,0.000000,0.000000,0.000000
Drone 3: 0 35 42 77 174 0 46 186 0 56 167 0 189 58 0 175 0 68 194 62 0 21 0 133 105 0 45 0 199 178 0 34 0 170 30 0 1 90 0 |Drone Time: 8029.344167|8029.344167,0.000000,0.000000,0.000000
Drone 4: 0 150 0 85 196 101 0 190 0 161 108 0 13 142 76 0 17 72 0 177 75 22 0 47 0 87 0 180 0 31 73 0 115 0 136 138 0 |Drone Time: 8012.016274|8012.016274,0.000000,0.000000,0.000000
Drone 5: 0 120 18 0 69 124 198 0 183 24 0 7 0 182 71 0 129 0 96 0 79 132 145 0 139 23 0 26 0 131 0 80 0 |Drone Time: 8032.591093|8032.591093,0.000000,0.000000,0.000000",8032.813342,0.0,0.0,0.0,"Truck Routes:
Truck 1: 0 110 82 112 125 128 0 70 11 168 152 117 0 27 158 0 |Truck Time: 8031.298540|8031.298540,0.000000,0.000000,0.000000
Truck 2: 0 114 119 153 137 64 122 135 166 60 154 106 0 147 0 149 40 144 16 32 65 187 0 |Truck Time: 7981.146718|7981.146718,0.000000,0.000000,0.000000
Truck 3: 0 14 19 116 126 162 83 10 99 0 3 2 173 100 93 0 53 51 155 55 84 113 0 |Truck Time: 8032.813342|8032.813342,0.000000,0.000000,0.000000
Truck 4: 0 86 169 50 103 134 0 78 66 67 111 95 81 43 0 91 200 104 12 123 98 41 0 |Truck Time: 8016.788644|8016.788644,0.000000,0.000000,0.000000
Truck 5: 0 9 197 33 0 148 25 141 20 0 38 36 4 130 127 160 184 88 0 179 74 159 0 |Truck Time: 7992.556178|7992.556178,0.000000,0.000000,0.000000
Drone Routes:
Drone 1: 0 176 0 97 39 28 49 0 63 0 102 92 0 185 146 0 156 0 195 0 44 191 0 157 52 0 151 171 0 188 0 57 0 61 0 |Drone Time: 8021.148464|8021.148464,0.000000,0.000000,0.000000
Drone 2: 0 8 107 118 0 181 121 0 5 37 59 0 109 0 172 0 165 15 163 0 94 89 0 29 6 193 0 140 0 48 0 54 143 0 164 0 192 0 |Drone Time: 8026.986913|8026.986913,0.000000,0.000000,0.000000
Drone 3: 0 35 42 77 174 0 46 186 0 56 167 0 189 58 0 175 0 68 194 62 0 21 0 133 105 0 45 0 199 178 0 34 0 170 30 0 1 90 0 |Drone Time: 8029.344167|8029.344167,0.000000,0.000000,0.000000
Drone 4: 0 150 0 85 196 101 0 190 0 161 108 0 13 142 76 0 17 72 0 177 75 22 0 47 0 87 0 180 0 31 73 0 115 0 136 138 0 |Drone Time: 8012.016274|8012.016274,0.000000,0.000000,0.000000
Drone 5: 0 120 18 0 69 124 198 0 183 24 0 7 0 182 71 0 129 0 96 0 79 132 145 0 139 23 0 26 0 131 0 80 0 |Drone Time: 8032.591093|8032.591093,0.000000,0.000000,0.000000
Total validation: Makespan=8032.813342, Deadline violation=0.000000, Energy violation=0.000000, Capacity violation=0.000000"
200.10.2,200,5,random,,,,,,46,0,10958.821141,7885.523194,7885.523194,7885.523194,2004.271283,FEASIBLE,"Truck 1: 0 98 58 188 198 164 90 128 151 41 0 99 109 181 27 120 114 0 70 50 141 134 80 0 |Truck Time: 7745.647123|7745.647123,0.000000,0.000000,0.000000
Truck 2: 0 14 74 158 56 135 64 122 173 166 93 100 3 0 119 15 163 57 2 195 0 35 43 0 |Truck Time: 7791.372066|7791.372066,0.000000,0.000000,0.000000
Truck 3: 0 162 83 10 51 183 8 0 40 111 185 94 0 33 155 161 55 129 113 0 |Truck Time: 7885.523194|7885.523194,0.000000,0.000000,0.000000
Truck 4: 0 86 25 103 20 0 47 63 144 16 32 0 17 112 123 104 12 189 0 |Truck Time: 7823.490799|7823.490799,0.000000,0.000000,0.000000
Truck 5: 0 76 9 160 36 38 0 169 117 152 0 175 136 0 199 190 31 0 |Truck Time: 7733.354760|7733.354760,0.000000,0.000000,0.000000","Drone 1: 0 49 197 142 0 59 124 11 46 0 170 42 165 153 0 177 21 0 88 118 0 156 22 0 53 29 0 139 52 0 157 23 0 154 138 0 13 126 0 179 178 0 |Drone Time: 7877.193021|7877.193021,0.000000,0.000000,0.000000
Drone 2: 0 37 168 0 115 167 0 148 0 200 89 0 97 121 4 0 1 91 0 68 132 0 182 0 147 105 28 0 60 0 81 67 0 61 186 0 192 0 |Drone Time: 7828.419414|7828.419414,0.000000,0.000000,0.000000
Drone 3: 0 65 18 0 44 191 0 48 71 146 0 180 77 0 130 127 0 110 82 0 150 73 0 66 0 45 0 137 0 34 0 30 0 |Drone Time: 7853.937833|7853.937833,0.000000,0.000000,0.000000
Drone 4: 0 69 194 62 0 6 196 107 101 116 0 95 72 0 84 108 0 54 143 0 78 145 0 75 0 149 0 87 0 159 106 0 172 0 174 0 187 171 0 |Drone Time: 7858.620127|7858.620127,0.000000,0.000000,0.000000
Drone 5: 0 102 193 0 19 0 125 5 0 184 92 24 0 7 0 176 0 133 39 0 96 0 79 85 0 140 0 26 0 131 0 |Drone Time: 7745.254009|7745.254009,0.000000,0.000000,0.000000",7885.523194,0.0,0.0,0.0,"Truck Routes:
Truck 1: 0 98 58 188 198 164 90 128 151 41 0 99 109 181 27 120 114 0 70 50 141 134 80 0 |Truck Time: 7745.647123|7745.647123,0.000000,0.000000,0.000000
Truck 2: 0 14 74 158 56 135 64 122 173 166 93 100 3 0 119 15 163 57 2 195 0 35 43 0 |Truck Time: 7791.372066|7791.372066,0.000000,0.000000,0.000000
Truck 3: 0 162 83 10 51 183 8 0 40 111 185 94 0 33 155 161 55 129 113 0 |Truck Time: 7885.523194|7885.523194,0.000000,0.000000,0.000000
Truck 4: 0 86 25 103 20 0 47 63 144 16 32 0 17 112 123 104 12 189 0 |Truck Time: 7823.490799|7823.490799,0.000000,0.000000,0.000000
Truck 5: 0 76 9 160 36 38 0 169 117 152 0 175 136 0 199 190 31 0 |Truck Time: 7733.354760|7733.354760,0.000000,0.000000,0.000000
Drone Routes:
Drone 1: 0 49 197 142 0 59 124 11 46 0 170 42 165 153 0 177 21 0 88 118 0 156 22 0 53 29 0 139 52 0 157 23 0 154 138 0 13 126 0 179 178 0 |Drone Time: 7877.193021|7877.193021,0.000000,0.000000,0.000000
Drone 2: 0 37 168 0 115 167 0 148 0 200 89 0 97 121 4 0 1 91 0 68 132 0 182 0 147 105 28 0 60 0 81 67 0 61 186 0 192 0 |Drone Time: 7828.419414|7828.419414,0.000000,0.000000,0.000000
Drone 3: 0 65 18 0 44 191 0 48 71 146 0 180 77 0 130 127 0 110 82 0 150 73 0 66 0 45 0 137 0 34 0 30 0 |Drone Time: 7853.937833|7853.937833,0.000000,0.000000,0.000000
Drone 4: 0 69 194 62 0 6 196 107 101 116 0 95 72 0 84 108 0 54 143 0 78 145 0 75 0 149 0 87 0 159 106 0 172 0 174 0 187 171 0 |Drone Time: 7858.620127|7858.620127,0.000000,0.000000,0.000000
Drone 5: 0 102 193 0 19 0 125 5 0 184 92 24 0 7 0 176 0 133 39 0 96 0 79 85 0 140 0 26 0 131 0 |Drone Time: 7745.254009|7745.254009,0.000000,0.000000,0.000000
Total validation: Makespan=7885.523194, Deadline violation=0.000000, Energy violation=0.000000, Capacity violation=0.000000"
200.10.3,200,1,adaptive,g1,0.3,0.2,0.1,0.3,42,0,10136.034372,7250.15186,7250.15186,7250.15186,1207.568149,FEASIBLE,"Truck 1: 0 141 165 173 20 0 189 90 87 0 68 29 130 0 |Truck Time: 7250.151860|7250.151860,0.000000,0.000000,0.000000
Truck 2: 0 63 38 197 191 153 35 0 25 143 74 181 34 185 91 123 149 192 0 158 46 183 0 |Truck Time: 7242.500912|7242.500912,0.000000,0.000000,0.000000
Truck 3: 0 93 77 55 67 108 86 137 79 0 17 160 59 18 5 0 150 179 200 50 66 7 102 0 27 53 0 |Truck Time: 7126.860611|7126.860611,0.000000,0.000000,0.000000
Truck 4: 0 169 58 97 1 14 184 199 40 6 15 104 96 0 187 144 180 92 71 157 88 154 0 151 0 |Truck Time: 7248.224364|7248.224364,0.000000,0.000000,0.000000
Truck 5: 0 22 12 119 3 61 115 0 23 2 65 190 69 111 100 42 155 0 112 198 196 0 |Truck Time: 7235.614619|7235.614619,0.000000,0.000000,0.000000","Drone 1: 0 84 0 117 118 0 161 0 140 0 32 105 0 110 48 174 28 0 64 54 0 127 26 0 36 0 162 0 120 0 |Drone Time: 7211.777885|7211.777885,0.000000,0.000000,0.000000
Drone 2: 0 163 113 178 70 0 39 75 131 159 37 0 136 138 0 167 24 0 186 4 125 0 85 114 0 193 142 0 95 45 31 0 49 47 0 106 0 164 0 |Drone Time: 7193.327061|7193.327061,0.000000,0.000000,0.000000
Drone 3: 0 98 148 30 0 94 139 145 0 133 78 0 170 171 0 8 72 0 124 0 152 121 51 99 0 103 146 0 126 0 41 0 |Drone Time: 7046.996044|7046.996044,0.000000,0.000000,0.000000
Drone 4: 0 128 57 0 132 182 83 33 0 129 60 0 16 195 0 80 0 19 147 168 0 122 0 134 156 0 89 0 11 176 13 0 |Drone Time: 7199.681660|7199.681660,0.000000,0.000000,0.000000
Drone 5: 0 10 177 44 116 109 0 21 107 0 52 62 56 0 166 9 135 0 43 101 0 73 82 0 76 194 81 0 188 0 175 0 172 0 |Drone Time: 7232.561230|7232.561230,0.000000,0.000000,0.000000",7250.15186,0.0,0.0,0.0,"Truck Routes:
Truck 1: 0 141 165 173 20 0 189 90 87 0 68 29 130 0 |Truck Time: 7250.151860|7250.151860,0.000000,0.000000,0.000000
Truck 2: 0 63 38 197 191 153 35 0 25 143 74 181 34 185 91 123 149 192 0 158 46 183 0 |Truck Time: 7242.500912|7242.500912,0.000000,0.000000,0.000000
Truck 3: 0 93 77 55 67 108 86 137 79 0 17 160 59 18 5 0 150 179 200 50 66 7 102 0 27 53 0 |Truck Time: 7126.860611|7126.860611,0.000000,0.000000,0.000000
Truck 4: 0 169 58 97 1 14 184 199 40 6 15 104 96 0 187 144 180 92 71 157 88 154 0 151 0 |Truck Time: 7248.224364|7248.224364,0.000000,0.000000,0.000000
Truck 5: 0 22 12 119 3 61 115 0 23 2 65 190 69 111 100 42 155 0 112 198 196 0 |Truck Time: 7235.614619|7235.614619,0.000000,0.000000,0.000000
Drone Routes:
Drone 1: 0 84 0 117 118 0 161 0 140 0 32 105 0 110 48 174 28 0 64 54 0 127 26 0 36 0 162 0 120 0 |Drone Time: 7211.777885|7211.777885,0.000000,0.000000,0.000000
Drone 2: 0 163 113 178 70 0 39 75 131 159 37 0 136 138 0 167 24 0 186 4 125 0 85 114 0 193 142 0 95 45 31 0 49 47 0 106 0 164 0 |Drone Time: 7193.327061|7193.327061,0.000000,0.000000,0.000000
Drone 3: 0 98 148 30 0 94 139 145 0 133 78 0 170 171 0 8 72 0 124 0 152 121 51 99 0 103 146 0 126 0 41 0 |Drone Time: 7046.996044|7046.996044,0.000000,0.000000,0.000000
Drone 4: 0 128 57 0 132 182 83 33 0 129 60 0 16 195 0 80 0 19 147 168 0 122 0 134 156 0 89 0 11 176 13 0 |Drone Time: 7199.681660|7199.681660,0.000000,0.000000,0.000000
Drone 5: 0 10 177 44 116 109 0 21 107 0 52 62 56 0 166 9 135 0 43 101 0 73 82 0 76 194 81 0 188 0 175 0 172 0 |Drone Time: 7232.561230|7232.561230,0.000000,0.000000,0.000000
Total validation: Makespan=7250.151860, Deadline violation=0.000000, Energy violation=0.000000, Capacity violation=0.000000"
200.10.3,200,1,adaptive,g2,0.5,0.3,0.1,0.3,42,0,10136.034372,7250.15186,7250.15186,7250.15186,1241.83186,FEASIBLE,"Truck 1: 0 141 165 173 20 0 189 90 87 0 68 29 130 0 |Truck Time: 7250.151860|7250.151860,0.000000,0.000000,0.000000
Truck 2: 0 63 38 197 191 153 35 0 25 143 74 181 34 185 91 123 149 192 0 158 46 183 0 |Truck Time: 7242.500912|7242.500912,0.000000,0.000000,0.000000
Truck 3: 0 93 77 55 67 108 86 137 79 0 17 160 59 18 5 0 150 179 200 50 66 7 102 0 27 53 0 |Truck Time: 7126.860611|7126.860611,0.000000,0.000000,0.000000
Truck 4: 0 169 58 97 1 14 184 199 40 6 15 104 96 0 187 144 180 92 71 157 88 154 0 151 0 |Truck Time: 7248.224364|7248.224364,0.000000,0.000000,0.000000
Truck 5: 0 22 12 119 3 61 115 0 23 2 65 190 69 111 100 42 155 0 112 198 196 0 |Truck Time: 7235.614619|7235.614619,0.000000,0.000000,0.000000","Drone 1: 0 84 0 117 118 0 161 0 140 0 32 105 0 110 48 174 28 0 64 54 0 127 26 0 36 0 162 0 120 0 |Drone Time: 7211.777885|7211.777885,0.000000,0.000000,0.000000
Drone 2: 0 163 113 178 70 0 39 75 131 159 37 0 136 138 0 167 24 0 186 4 125 0 85 114 0 193 142 0 95 45 31 0 49 47 0 106 0 164 0 |Drone Time: 7193.327061|7193.327061,0.000000,0.000000,0.000000
Drone 3: 0 98 148 30 0 94 139 145 0 133 78 0 170 171 0 8 72 0 124 0 152 121 51 99 0 103 146 0 126 0 41 0 |Drone Time: 7046.996044|7046.996044,0.000000,0.000000,0.000000
Drone 4: 0 128 57 0 132 182 83 33 0 129 60 0 16 195 0 80 0 19 147 168 0 122 0 134 156 0 89 0 11 176 13 0 |Drone Time: 7199.681660|7199.681660,0.000000,0.000000,0.000000
Drone 5: 0 10 177 44 116 109 0 21 107 0 52 62 56 0 166 9 135 0 43 101 0 73 82 0 76 194 81 0 188 0 175 0 172 0 |Drone Time: 7232.561230|7232.561230,0.000000,0.000000,0.000000",7250.15186,0.0,0.0,0.0,"Truck Routes:
Truck 1: 0 141 165 173 20 0 189 90 87 0 68 29 130 0 |Truck Time: 7250.151860|7250.151860,0.000000,0.000000,0.000000
Truck 2: 0 63 38 197 191 153 35 0 25 143 74 181 34 185 91 123 149 192 0 158 46 183 0 |Truck Time: 7242.500912|7242.500912,0.000000,0.000000,0.000000
Truck 3: 0 93 77 55 67 108 86 137 79 0 17 160 59 18 5 0 150 179 200 50 66 7 102 0 27 53 0 |Truck Time: 7126.860611|7126.860611,0.000000,0.000000,0.000000
Truck 4: 0 169 58 97 1 14 184 199 40 6 15 104 96 0 187 144 180 92 71 157 88 154 0 151 0 |Truck Time: 7248.224364|7248.224364,0.000000,0.000000,0.000000
Truck 5: 0 22 12 119 3 61 115 0 23 2 65 190 69 111 100 42 155 0 112 198 196 0 |Truck Time: 7235.614619|7235.614619,0.000000,0.000000,0.000000
Drone Routes:
Drone 1: 0 84 0 117 118 0 161 0 140 0 32 105 0 110 48 174 28 0 64 54 0 127 26 0 36 0 162 0 120 0 |Drone Time: 7211.777885|7211.777885,0.000000,0.000000,0.000000
Drone 2: 0 163 113 178 70 0 39 75 131 159 37 0 136 138 0 167 24 0 186 4 125 0 85 114 0 193 142 0 95 45 31 0 49 47 0 106 0 164 0 |Drone Time: 7193.327061|7193.327061,0.000000,0.000000,0.000000
Drone 3: 0 98 148 30 0 94 139 145 0 133 78 0 170 171 0 8 72 0 124 0 152 121 51 99 0 103 146 0 126 0 41 0 |Drone Time: 7046.996044|7046.996044,0.000000,0.000000,0.000000
Drone 4: 0 128 57 0 132 182 83 33 0 129 60 0 16 195 0 80 0 19 147 168 0 122 0 134 156 0 89 0 11 176 13 0 |Drone Time: 7199.681660|7199.681660,0.000000,0.000000,0.000000
Drone 5: 0 10 177 44 116 109 0 21 107 0 52 62 56 0 166 9 135 0 43 101 0 73 82 0 76 194 81 0 188 0 175 0 172 0 |Drone Time: 7232.561230|7232.561230,0.000000,0.000000,0.000000
Total validation: Makespan=7250.151860, Deadline violation=0.000000, Energy violation=0.000000, Capacity violation=0.000000"
200.10.3,200,1,adaptive,g3,0.3,0.2,0.1,0.6,42,0,10136.034372,7250.15186,7250.15186,7250.15186,1210.225468,FEASIBLE,"Truck 1: 0 141 165 173 20 0 189 90 87 0 68 29 130 0 |Truck Time: 7250.151860|7250.151860,0.000000,0.000000,0.000000
Truck 2: 0 63 38 197 191 153 35 0 25 143 74 181 34 185 91 123 149 192 0 158 46 183 0 |Truck Time: 7242.500912|7242.500912,0.000000,0.000000,0.000000
Truck 3: 0 93 77 55 67 108 86 137 79 0 17 160 59 18 5 0 150 179 200 50 66 7 102 0 27 53 0 |Truck Time: 7126.860611|7126.860611,0.000000,0.000000,0.000000
Truck 4: 0 169 58 97 1 14 184 199 40 6 15 104 96 0 187 144 180 92 71 157 88 154 0 151 0 |Truck Time: 7248.224364|7248.224364,0.000000,0.000000,0.000000
Truck 5: 0 22 12 119 3 61 115 0 23 2 65 190 69 111 100 42 155 0 112 198 196 0 |Truck Time: 7235.614619|7235.614619,0.000000,0.000000,0.000000","Drone 1: 0 84 0 117 118 0 161 0 140 0 32 105 0 110 48 174 28 0 64 54 0 127 26 0 36 0 162 0 120 0 |Drone Time: 7211.777885|7211.777885,0.000000,0.000000,0.000000
Drone 2: 0 163 113 178 70 0 39 75 131 159 37 0 136 138 0 167 24 0 186 4 125 0 85 114 0 193 142 0 95 45 31 0 49 47 0 106 0 164 0 |Drone Time: 7193.327061|7193.327061,0.000000,0.000000,0.000000
Drone 3: 0 98 148 30 0 94 139 145 0 133 78 0 170 171 0 8 72 0 124 0 152 121 51 99 0 103 146 0 126 0 41 0 |Drone Time: 7046.996044|7046.996044,0.000000,0.000000,0.000000
Drone 4: 0 128 57 0 132 182 83 33 0 129 60 0 16 195 0 80 0 19 147 168 0 122 0 134 156 0 89 0 11 176 13 0 |Drone Time: 7199.681660|7199.681660,0.000000,0.000000,0.000000
Drone 5: 0 10 177 44 116 109 0 21 107 0 52 62 56 0 166 9 135 0 43 101 0 73 82 0 76 194 81 0 188 0 175 0 172 0 |Drone Time: 7232.561230|7232.561230,0.000000,0.000000,0.000000",7250.15186,0.0,0.0,0.0,"Truck Routes:
Truck 1: 0 141 165 173 20 0 189 90 87 0 68 29 130 0 |Truck Time: 7250.151860|7250.151860,0.000000,0.000000,0.000000
Truck 2: 0 63 38 197 191 153 35 0 25 143 74 181 34 185 91 123 149 192 0 158 46 183 0 |Truck Time: 7242.500912|7242.500912,0.000000,0.000000,0.000000
Truck 3: 0 93 77 55 67 108 86 137 79 0 17 160 59 18 5 0 150 179 200 50 66 7 102 0 27 53 0 |Truck Time: 7126.860611|7126.860611,0.000000,0.000000,0.000000
Truck 4: 0 169 58 97 1 14 184 199 40 6 15 104 96 0 187 144 180 92 71 157 88 154 0 151 0 |Truck Time: 7248.224364|7248.224364,0.000000,0.000000,0.000000
Truck 5: 0 22 12 119 3 61 115 0 23 2 65 190 69 111 100 42 155 0 112 198 196 0 |Truck Time: 7235.614619|7235.614619,0.000000,0.000000,0.000000
Drone Routes:
Drone 1: 0 84 0 117 118 0 161 0 140 0 32 105 0 110 48 174 28 0 64 54 0 127 26 0 36 0 162 0 120 0 |Drone Time: 7211.777885|7211.777885,0.000000,0.000000,0.000000
Drone 2: 0 163 113 178 70 0 39 75 131 159 37 0 136 138 0 167 24 0 186 4 125 0 85 114 0 193 142 0 95 45 31 0 49 47 0 106 0 164 0 |Drone Time: 7193.327061|7193.327061,0.000000,0.000000,0.000000
Drone 3: 0 98 148 30 0 94 139 145 0 133 78 0 170 171 0 8 72 0 124 0 152 121 51 99 0 103 146 0 126 0 41 0 |Drone Time: 7046.996044|7046.996044,0.000000,0.000000,0.000000
Drone 4: 0 128 57 0 132 182 83 33 0 129 60 0 16 195 0 80 0 19 147 168 0 122 0 134 156 0 89 0 11 176 13 0 |Drone Time: 7199.681660|7199.681660,0.000000,0.000000,0.000000
Drone 5: 0 10 177 44 116 109 0 21 107 0 52 62 56 0 166 9 135 0 43 101 0 73 82 0 76 194 81 0 188 0 175 0 172 0 |Drone Time: 7232.561230|7232.561230,0.000000,0.000000,0.000000
Total validation: Makespan=7250.151860, Deadline violation=0.000000, Energy violation=0.000000, Capacity violation=0.000000"
200.10.3,200,1,adaptive,g4,0.5,0.3,0.1,0.6,42,0,10136.034372,7250.15186,7250.15186,7250.15186,1199.448522,FEASIBLE,"Truck 1: 0 141 165 173 20 0 189 90 87 0 68 29 130 0 |Truck Time: 7250.151860|7250.151860,0.000000,0.000000,0.000000
Truck 2: 0 63 38 197 191 153 35 0 25 143 74 181 34 185 91 123 149 192 0 158 46 183 0 |Truck Time: 7242.500912|7242.500912,0.000000,0.000000,0.000000
Truck 3: 0 93 77 55 67 108 86 137 79 0 17 160 59 18 5 0 150 179 200 50 66 7 102 0 27 53 0 |Truck Time: 7126.860611|7126.860611,0.000000,0.000000,0.000000
Truck 4: 0 169 58 97 1 14 184 199 40 6 15 104 96 0 187 144 180 92 71 157 88 154 0 151 0 |Truck Time: 7248.224364|7248.224364,0.000000,0.000000,0.000000
Truck 5: 0 22 12 119 3 61 115 0 23 2 65 190 69 111 100 42 155 0 112 198 196 0 |Truck Time: 7235.614619|7235.614619,0.000000,0.000000,0.000000","Drone 1: 0 84 0 117 118 0 161 0 140 0 32 105 0 110 48 174 28 0 64 54 0 127 26 0 36 0 162 0 120 0 |Drone Time: 7211.777885|7211.777885,0.000000,0.000000,0.000000
Drone 2: 0 163 113 178 70 0 39 75 131 159 37 0 136 138 0 167 24 0 186 4 125 0 85 114 0 193 142 0 95 45 31 0 49 47 0 106 0 164 0 |Drone Time: 7193.327061|7193.327061,0.000000,0.000000,0.000000
Drone 3: 0 98 148 30 0 94 139 145 0 133 78 0 170 171 0 8 72 0 124 0 152 121 51 99 0 103 146 0 126 0 41 0 |Drone Time: 7046.996044|7046.996044,0.000000,0.000000,0.000000
Drone 4: 0 128 57 0 132 182 83 33 0 129 60 0 16 195 0 80 0 19 147 168 0 122 0 134 156 0 89 0 11 176 13 0 |Drone Time: 7199.681660|7199.681660,0.000000,0.000000,0.000000
Drone 5: 0 10 177 44 116 109 0 21 107 0 52 62 56 0 166 9 135 0 43 101 0 73 82 0 76 194 81 0 188 0 175 0 172 0 |Drone Time: 7232.561230|7232.561230,0.000000,0.000000,0.000000",7250.15186,0.0,0.0,0.0,"Truck Routes:
Truck 1: 0 141 165 173 20 0 189 90 87 0 68 29 130 0 |Truck Time: 7250.151860|7250.151860,0.000000,0.000000,0.000000
Truck 2: 0 63 38 197 191 153 35 0 25 143 74 181 34 185 91 123 149 192 0 158 46 183 0 |Truck Time: 7242.500912|7242.500912,0.000000,0.000000,0.000000
Truck 3: 0 93 77 55 67 108 86 137 79 0 17 160 59 18 5 0 150 179 200 50 66 7 102 0 27 53 0 |Truck Time: 7126.860611|7126.860611,0.000000,0.000000,0.000000
Truck 4: 0 169 58 97 1 14 184 199 40 6 15 104 96 0 187 144 180 92 71 157 88 154 0 151 0 |Truck Time: 7248.224364|7248.224364,0.000000,0.000000,0.000000
Truck 5: 0 22 12 119 3 61 115 0 23 2 65 190 69 111 100 42 155 0 112 198 196 0 |Truck Time: 7235.614619|7235.614619,0.000000,0.000000,0.000000
Drone Routes:
Drone 1: 0 84 0 117 118 0 161 0 140 0 32 105 0 110 48 174 28 0 64 54 0 127 26 0 36 0 162 0 120 0 |Drone Time: 7211.777885|7211.777885,0.000000,0.000000,0.000000
Drone 2: 0 163 113 178 70 0 39 75 131 159 37 0 136 138 0 167 24 0 186 4 125 0 85 114 0 193 142 0 95 45 31 0 49 47 0 106 0 164 0 |Drone Time: 7193.327061|7193.327061,0.000000,0.000000,0.000000
Drone 3: 0 98 148 30 0 94 139 145 0 133 78 0 170 171 0 8 72 0 124 0 152 121 51 99 0 103 146 0 126 0 41 0 |Drone Time: 7046.996044|7046.996044,0.000000,0.000000,0.000000
Drone 4: 0 128 57 0 132 182 83 33 0 129 60 0 16 195 0 80 0 19 147 168 0 122 0 134 156 0 89 0 11 176 13 0 |Drone Time: 7199.681660|7199.681660,0.000000,0.000000,0.000000
Drone 5: 0 10 177 44 116 109 0 21 107 0 52 62 56 0 166 9 135 0 43 101 0 73 82 0 76 194 81 0 188 0 175 0 172 0 |Drone Time: 7232.561230|7232.561230,0.000000,0.000000,0.000000
Total validation: Makespan=7250.151860, Deadline violation=0.000000, Energy violation=0.000000, Capacity violation=0.000000"
200.10.3,200,1,cyclic,,,,,,42,0,10136.034372,6130.746164,6130.746164,6130.746164,1888.73757,FEASIBLE,"Truck 1: 0 180 154 162 41 0 149 123 150 138 177 35 0 3 156 196 198 197 38 63 0 |Truck Time: 5963.494587|5963.494587,0.000000,0.000000,0.000000
Truck 2: 0 11 30 17 4 193 96 0 34 74 168 10 48 181 129 90 87 136 0 93 152 77 108 86 137 79 0 |Truck Time: 6109.170824|6109.170824,0.000000,0.000000,0.000000
Truck 3: 0 102 67 55 106 0 2 23 59 190 65 5 0 25 7 50 200 66 143 179 91 0 |Truck Time: 6125.213119|6125.213119,0.000000,0.000000,0.000000
Truck 4: 0 169 81 15 40 124 21 122 103 84 184 14 1 58 104 194 0 85 92 71 157 88 24 0 |Truck Time: 6130.746164|6130.746164,0.000000,0.000000,0.000000
Truck 5: 0 112 171 130 29 68 188 47 12 119 0 160 69 111 42 100 155 18 186 0 27 0 |Truck Time: 6088.372113|6088.372113,0.000000,0.000000,0.000000","Drone 1: 0 61 115 36 0 94 49 0 54 51 0 134 146 145 0 56 8 0 46 163 0 116 109 153 0 165 43 0 166 72 0 |Drone Time: 6119.786105|6119.786105,0.000000,0.000000,0.000000
Drone 2: 0 73 78 82 0 192 0 97 13 0 187 131 52 0 76 33 142 0 105 189 28 60 147 0 159 37 195 114 62 0 158 135 183 0 172 0 |Drone Time: 6128.470273|6128.470273,0.000000,0.000000,0.000000
Drone 3: 0 39 151 0 70 0 107 120 0 161 0 175 0 191 0 176 80 0 89 0 128 0 6 178 113 0 |Drone Time: 6121.893077|6121.893077,0.000000,0.000000,0.000000
Drone 4: 0 167 144 0 53 22 0 127 99 0 31 148 0 75 101 0 173 20 0 9 141 0 57 0 174 185 0 132 83 117 98 0 |Drone Time: 6100.660954|6100.660954,0.000000,0.000000,0.000000
Drone 5: 0 139 0 26 110 0 32 121 0 133 0 182 199 0 140 118 0 164 44 0 170 45 95 0 64 126 19 0 16 125 0 |Drone Time: 6099.024016|6099.024016,0.000000,0.000000,0.000000",6130.746164,0.0,0.0,0.0,"Truck Routes:
Truck 1: 0 180 154 162 41 0 149 123 150 138 177 35 0 3 156 196 198 197 38 63 0 |Truck Time: 5963.494587|5963.494587,0.000000,0.000000,0.000000
Truck 2: 0 11 30 17 4 193 96 0 34 74 168 10 48 181 129 90 87 136 0 93 152 77 108 86 137 79 0 |Truck Time: 6109.170824|6109.170824,0.000000,0.000000,0.000000
Truck 3: 0 102 67 55 106 0 2 23 59 190 65 5 0 25 7 50 200 66 143 179 91 0 |Truck Time: 6125.213119|6125.213119,0.000000,0.000000,0.000000
Truck 4: 0 169 81 15 40 124 21 122 103 84 184 14 1 58 104 194 0 85 92 71 157 88 24 0 |Truck Time: 6130.746164|6130.746164,0.000000,0.000000,0.000000
Truck 5: 0 112 171 130 29 68 188 47 12 119 0 160 69 111 42 100 155 18 186 0 27 0 |Truck Time: 6088.372113|6088.372113,0.000000,0.000000,0.000000
Drone Routes:
Drone 1: 0 61 115 36 0 94 49 0 54 51 0 134 146 145 0 56 8 0 46 163 0 116 109 153 0 165 43 0 166 72 0 |Drone Time: 6119.786105|6119.786105,0.000000,0.000000,0.000000
Drone 2: 0 73 78 82 0 192 0 97 13 0 187 131 52 0 76 33 142 0 105 189 28 60 147 0 159 37 195 114 62 0 158 135 183 0 172 0 |Drone Time: 6128.470273|6128.470273,0.000000,0.000000,0.000000
Drone 3: 0 39 151 0 70 0 107 120 0 161 0 175 0 191 0 176 80 0 89 0 128 0 6 178 113 0 |Drone Time: 6121.893077|6121.893077,0.000000,0.000000,0.000000
Drone 4: 0 167 144 0 53 22 0 127 99 0 31 148 0 75 101 0 173 20 0 9 141 0 57 0 174 185 0 132 83 117 98 0 |Drone Time: 6100.660954|6100.660954,0.000000,0.000000,0.000000
Drone 5: 0 139 0 26 110 0 32 121 0 133 0 182 199 0 140 118 0 164 44 0 170 45 95 0 64 126 19 0 16 125 0 |Drone Time: 6099.024016|6099.024016,0.000000,0.000000,0.000000
Total validation: Makespan=6130.746164, Deadline violation=0.000000, Energy violation=0.000000, Capacity violation=0.000000"
200.10.3,200,1,random,,,,,,42,0,10136.034372,7295.65402,7295.65402,7295.65402,1628.67392,FEASIBLE,"Truck 1: 0 189 74 90 129 54 181 0 172 76 0 156 134 198 68 29 130 0 |Truck Time: 7252.966837|7252.966837,0.000000,0.000000,0.000000
Truck 2: 0 123 153 191 196 36 47 49 119 0 35 110 127 67 136 106 93 0 149 150 138 102 26 86 108 27 0 |Truck Time: 7290.028810|7290.028810,0.000000,0.000000,0.000000
Truck 3: 0 152 20 167 141 165 32 19 0 17 65 12 11 0 25 7 200 50 168 10 91 0 |Truck Time: 7281.933233|7281.933233,0.000000,0.000000,0.000000
Truck 4: 0 97 84 103 184 14 1 0 92 71 157 88 62 154 0 6 40 15 96 0 |Truck Time: 7295.654020|7295.654020,0.000000,0.000000,0.000000
Truck 5: 0 94 61 18 59 155 0 160 190 69 111 100 42 73 5 0 2 22 115 63 116 0 |Truck Time: 7294.953807|7294.953807,0.000000,0.000000,0.000000","Drone 1: 0 64 66 0 192 164 174 0 133 31 0 8 37 0 162 0 87 0 180 0 186 148 0 30 177 143 0 3 0 57 137 0 117 83 0 |Drone Time: 7268.313277|7268.313277,0.000000,0.000000,0.000000
Drone 2: 0 13 33 113 0 131 187 46 0 44 139 0 41 56 0 75 144 135 0 85 114 0 193 142 159 169 0 81 182 199 0 52 39 0 79 0 104 4 0 55 0 |Drone Time: 7284.071108|7284.071108,0.000000,0.000000,0.000000
Drone 3: 0 60 34 48 28 0 89 109 0 151 101 9 0 45 170 171 0 161 0 173 24 0 121 51 99 0 98 146 0 128 0 158 183 0 |Drone Time: 7226.564103|7226.564103,0.000000,0.000000,0.000000
Drone 4: 0 112 78 125 0 166 195 0 126 145 0 16 72 0 80 0 185 179 0 122 0 38 95 0 23 53 0 21 0 |Drone Time: 7229.450300|7229.450300,0.000000,0.000000,0.000000
Drone 5: 0 107 120 0 82 118 0 77 43 147 105 0 197 0 70 178 163 0 140 0 124 0 176 194 132 0 188 0 175 0 58 0 |Drone Time: 7294.535365|7294.535365,0.000000,0.000000,0.000000",7295.65402,0.0,0.0,0.0,"Truck Routes:
Truck 1: 0 189 74 90 129 54 181 0 172 76 0 156 134 198 68 29 130 0 |Truck Time: 7252.966837|7252.966837,0.000000,0.000000,0.000000
Truck 2: 0 123 153 191 196 36 47 49 119 0 35 110 127 67 136 106 93 0 149 150 138 102 26 86 108 27 0 |Truck Time: 7290.028810|7290.028810,0.000000,0.000000,0.000000
Truck 3: 0 152 20 167 141 165 32 19 0 17 65 12 11 0 25 7 200 50 168 10 91 0 |Truck Time: 7281.933233|7281.933233,0.000000,0.000000,0.000000
Truck 4: 0 97 84 103 184 14 1 0 92 71 157 88 62 154 0 6 40 15 96 0 |Truck Time: 7295.654020|7295.654020,0.000000,0.000000,0.000000
Truck 5: 0 94 61 18 59 155 0 160 190 69 111 100 42 73 5 0 2 22 115 63 116 0 |Truck Time: 7294.953807|7294.953807,0.000000,0.000000,0.000000
Drone Routes:
Drone 1: 0 64 66 0 192 164 174 0 133 31 0 8 37 0 162 0 87 0 180 0 186 148 0 30 177 143 0 3 0 57 137 0 117 83 0 |Drone Time: 7268.313277|7268.313277,0.000000,0.000000,0.000000
Drone 2: 0 13 33 113 0 131 187 46 0 44 139 0 41 56 0 75 144 135 0 85 114 0 193 142 159 169 0 81 182 199 0 52 39 0 79 0 104 4 0 55 0 |Drone Time: 7284.071108|7284.071108,0.000000,0.000000,0.000000
Drone 3: 0 60 34 48 28 0 89 109 0 151 101 9 0 45 170 171 0 161 0 173 24 0 121 51 99 0 98 146 0 128 0 158 183 0 |Drone Time: 7226.564103|7226.564103,0.000000,0.000000,0.000000
Drone 4: 0 112 78 125 0 166 195 0 126 145 0 16 72 0 80 0 185 179 0 122 0 38 95 0 23 53 0 21 0 |Drone Time: 7229.450300|7229.450300,0.000000,0.000000,0.000000
Drone 5: 0 107 120 0 82 118 0 77 43 147 105 0 197 0 70 178 163 0 140 0 124 0 176 194 132 0 188 0 175 0 58 0 |Drone Time: 7294.535365|7294.535365,0.000000,0.000000,0.000000
Total validation: Makespan=7295.654020, Deadline violation=0.000000, Energy violation=0.000000, Capacity violation=0.000000"
200.10.3,200,2,adaptive,g1,0.3,0.2,0.1,0.3,43,0,9163.523239,7393.625989,7393.625989,7393.625989,1439.744813,FEASIBLE,"Truck 1: 0 90 129 189 91 86 26 0 143 50 168 10 181 54 0 137 102 0 |Truck Time: 6948.986746|6948.986746,0.000000,0.000000,0.000000
Truck 2: 0 119 3 49 134 36 47 0 63 191 95 197 38 0 92 72 166 157 88 0 |Truck Time: 7393.625989|7393.625989,0.000000,0.000000,0.000000
Truck 3: 0 158 40 70 21 161 122 14 1 0 23 172 0 185 200 66 25 138 150 149 0 |Truck Time: 7287.809740|7287.809740,0.000000,0.000000,0.000000
Truck 4: 0 110 67 55 19 0 160 190 18 155 100 42 59 5 0 141 180 75 144 162 125 46 16 0 |Truck Time: 7311.995902|7311.995902,0.000000,0.000000,0.000000
Truck 5: 0 183 52 41 27 0 108 127 87 175 136 106 39 0 198 68 130 29 146 0 |Truck Time: 7387.878591|7387.878591,0.000000,0.000000,0.000000","Drone 1: 0 169 81 15 159 83 0 77 74 174 0 80 118 0 132 120 0 82 0 7 179 0 58 107 0 64 34 0 20 165 0 99 0 |Drone Time: 7361.197143|7361.197143,0.000000,0.000000,0.000000
Drone 2: 0 192 164 147 0 35 109 116 12 0 44 167 0 173 24 9 0 97 117 0 6 142 0 76 4 98 0 51 105 0 89 0 104 148 0 123 0 |Drone Time: 7375.642573|7375.642573,0.000000,0.000000,0.000000
Drone 3: 0 153 0 11 78 69 53 115 0 186 30 194 113 0 133 121 0 17 196 0 96 163 0 131 37 124 0 71 0 184 0 111 0 |Drone Time: 7262.545199|7262.545199,0.000000,0.000000,0.000000
Drone 4: 0 22 94 0 45 112 73 0 171 170 0 62 195 101 0 85 114 0 156 139 0 140 0 84 0 33 182 0 32 60 0 79 57 152 187 0 |Drone Time: 7391.129778|7391.129778,0.000000,0.000000,0.000000
Drone 5: 0 126 28 48 0 193 31 0 13 199 0 93 151 135 178 0 154 56 0 65 145 61 0 8 43 0 103 0 177 128 0 188 0 176 2 0 |Drone Time: 7364.039132|7364.039132,0.000000,0.000000,0.000000",7393.625989,0.0,0.0,0.0,"Truck Routes:
Truck 1: 0 90 129 189 91 86 26 0 143 50 168 10 181 54 0 137 102 0 |Truck Time: 6948.986746|6948.986746,0.000000,0.000000,0.000000
Truck 2: 0 119 3 49 134 36 47 0 63 191 95 197 38 0 92 72 166 157 88 0 |Truck Time: 7393.625989|7393.625989,0.000000,0.000000,0.000000
Truck 3: 0 158 40 70 21 161 122 14 1 0 23 172 0 185 200 66 25 138 150 149 0 |Truck Time: 7287.809740|7287.809740,0.000000,0.000000,0.000000
Truck 4: 0 110 67 55 19 0 160 190 18 155 100 42 59 5 0 141 180 75 144 162 125 46 16 0 |Truck Time: 7311.995902|7311.995902,0.000000,0.000000,0.000000
Truck 5: 0 183 52 41 27 0 108 127 87 175 136 106 39 0 198 68 130 29 146 0 |Truck Time: 7387.878591|7387.878591,0.000000,0.000000,0.000000
Drone Routes:
Drone 1: 0 169 81 15 159 83 0 77 74 174 0 80 118 0 132 120 0 82 0 7 179 0 58 107 0 64 34 0 20 165 0 99 0 |Drone Time: 7361.197143|7361.197143,0.000000,0.000000,0.000000
Drone 2: 0 192 164 147 0 35 109 116 12 0 44 167 0 173 24 9 0 97 117 0 6 142 0 76 4 98 0 51 105 0 89 0 104 148 0 123 0 |Drone Time: 7375.642573|7375.642573,0.000000,0.000000,0.000000
Drone 3: 0 153 0 11 78 69 53 115 0 186 30 194 113 0 133 121 0 17 196 0 96 163 0 131 37 124 0 71 0 184 0 111 0 |Drone Time: 7262.545199|7262.545199,0.000000,0.000000,0.000000
Drone 4: 0 22 94 0 45 112 73 0 171 170 0 62 195 101 0 85 114 0 156 139 0 140 0 84 0 33 182 0 32 60 0 79 57 152 187 0 |Drone Time: 7391.129778|7391.129778,0.000000,0.000000,0.000000
Drone 5: 0 126 28 48 0 193 31 0 13 199 0 93 151 135 178 0 154 56 0 65 145 61 0 8 43 0 103 0 177 128 0 188 0 176 2 0 |Drone Time: 7364.039132|7364.039132,0.000000,0.000000,0.000000
Total validation: Makespan=7393.625989, Deadline violation=0.000000, Energy violation=0.000000, Capacity violation=0.000000"
200.10.3,200,2,adaptive,g2,0.5,0.3,0.1,0.3,43,0,9163.523239,7393.625989,7393.625989,7393.625989,1147.665804,FEASIBLE,"Truck 1: 0 90 129 189 91 86 26 0 143 50 168 10 181 54 0 137 102 0 |Truck Time: 6948.986746|6948.986746,0.000000,0.000000,0.000000
Truck 2: 0 119 3 49 134 36 47 0 63 191 95 197 38 0 92 72 166 157 88 0 |Truck Time: 7393.625989|7393.625989,0.000000,0.000000,0.000000
Truck 3: 0 158 40 70 21 161 122 14 1 0 23 172 0 185 200 66 25 138 150 149 0 |Truck Time: 7287.809740|7287.809740,0.000000,0.000000,0.000000
Truck 4: 0 110 67 55 19 0 160 190 18 155 100 42 59 5 0 141 180 75 144 162 125 46 16 0 |Truck Time: 7311.995902|7311.995902,0.000000,0.000000,0.000000
Truck 5: 0 183 52 41 27 0 108 127 87 175 136 106 39 0 198 68 130 29 146 0 |Truck Time: 7387.878591|7387.878591,0.000000,0.000000,0.000000","Drone 1: 0 169 81 15 159 83 0 77 74 174 0 80 118 0 132 120 0 82 0 7 179 0 58 107 0 64 34 0 20 165 0 99 0 |Drone Time: 7361.197143|7361.197143,0.000000,0.000000,0.000000
Drone 2: 0 192 164 147 0 35 109 116 12 0 44 167 0 173 24 9 0 97 117 0 6 142 0 76 4 98 0 51 105 0 89 0 104 148 0 123 0 |Drone Time: 7375.642573|7375.642573,0.000000,0.000000,0.000000
Drone 3: 0 153 0 11 78 69 53 115 0 186 30 194 113 0 133 121 0 17 196 0 96 163 0 131 37 124 0 71 0 184 0 111 0 |Drone Time: 7262.545199|7262.545199,0.000000,0.000000,0.000000
Drone 4: 0 22 94 0 45 112 73 0 171 170 0 62 195 101 0 85 114 0 156 139 0 140 0 84 0 33 182 0 32 60 0 79 57 152 187 0 |Drone Time: 7391.129778|7391.129778,0.000000,0.000000,0.000000
Drone 5: 0 126 28 48 0 193 31 0 13 199 0 93 151 135 178 0 154 56 0 65 145 61 0 8 43 0 103 0 177 128 0 188 0 176 2 0 |Drone Time: 7364.039132|7364.039132,0.000000,0.000000,0.000000",7393.625989,0.0,0.0,0.0,"Truck Routes:
Truck 1: 0 90 129 189 91 86 26 0 143 50 168 10 181 54 0 137 102 0 |Truck Time: 6948.986746|6948.986746,0.000000,0.000000,0.000000
Truck 2: 0 119 3 49 134 36 47 0 63 191 95 197 38 0 92 72 166 157 88 0 |Truck Time: 7393.625989|7393.625989,0.000000,0.000000,0.000000
Truck 3: 0 158 40 70 21 161 122 14 1 0 23 172 0 185 200 66 25 138 150 149 0 |Truck Time: 7287.809740|7287.809740,0.000000,0.000000,0.000000
Truck 4: 0 110 67 55 19 0 160 190 18 155 100 42 59 5 0 141 180 75 144 162 125 46 16 0 |Truck Time: 7311.995902|7311.995902,0.000000,0.000000,0.000000
Truck 5: 0 183 52 41 27 0 108 127 87 175 136 106 39 0 198 68 130 29 146 0 |Truck Time: 7387.878591|7387.878591,0.000000,0.000000,0.000000
Drone Routes:
Drone 1: 0 169 81 15 159 83 0 77 74 174 0 80 118 0 132 120 0 82 0 7 179 0 58 107 0 64 34 0 20 165 0 99 0 |Drone Time: 7361.197143|7361.197143,0.000000,0.000000,0.000000
Drone 2: 0 192 164 147 0 35 109 116 12 0 44 167 0 173 24 9 0 97 117 0 6 142 0 76 4 98 0 51 105 0 89 0 104 148 0 123 0 |Drone Time: 7375.642573|7375.642573,0.000000,0.000000,0.000000
Drone 3: 0 153 0 11 78 69 53 115 0 186 30 194 113 0 133 121 0 17 196 0 96 163 0 131 37 124 0 71 0 184 0 111 0 |Drone Time: 7262.545199|7262.545199,0.000000,0.000000,0.000000
Drone 4: 0 22 94 0 45 112 73 0 171 170 0 62 195 101 0 85 114 0 156 139 0 140 0 84 0 33 182 0 32 60 0 79 57 152 187 0 |Drone Time: 7391.129778|7391.129778,0.000000,0.000000,0.000000
Drone 5: 0 126 28 48 0 193 31 0 13 199 0 93 151 135 178 0 154 56 0 65 145 61 0 8 43 0 103 0 177 128 0 188 0 176 2 0 |Drone Time: 7364.039132|7364.039132,0.000000,0.000000,0.000000
Total validation: Makespan=7393.625989, Deadline violation=0.000000, Energy violation=0.000000, Capacity violation=0.000000"
200.10.3,200,2,adaptive,g3,0.3,0.2,0.1,0.6,43,0,9163.523239,7393.625989,7393.625989,7393.625989,1291.616644,FEASIBLE,"Truck 1: 0 90 129 189 91 86 26 0 143 50 168 10 181 54 0 137 102 0 |Truck Time: 6948.986746|6948.986746,0.000000,0.000000,0.000000
Truck 2: 0 119 3 49 134 36 47 0 63 191 95 197 38 0 92 72 166 157 88 0 |Truck Time: 7393.625989|7393.625989,0.000000,0.000000,0.000000
Truck 3: 0 158 40 70 21 161 122 14 1 0 23 172 0 185 200 66 25 138 150 149 0 |Truck Time: 7287.809740|7287.809740,0.000000,0.000000,0.000000
Truck 4: 0 110 67 55 19 0 160 190 18 155 100 42 59 5 0 141 180 75 144 162 125 46 16 0 |Truck Time: 7311.995902|7311.995902,0.000000,0.000000,0.000000
Truck 5: 0 183 52 41 27 0 108 127 87 175 136 106 39 0 198 68 130 29 146 0 |Truck Time: 7387.878591|7387.878591,0.000000,0.000000,0.000000","Drone 1: 0 169 81 15 159 83 0 77 74 174 0 80 118 0 132 120 0 82 0 7 179 0 58 107 0 64 34 0 20 165 0 99 0 |Drone Time: 7361.197143|7361.197143,0.000000,0.000000,0.000000
Drone 2: 0 192 164 147 0 35 109 116 12 0 44 167 0 173 24 9 0 97 117 0 6 142 0 76 4 98 0 51 105 0 89 0 104 148 0 123 0 |Drone Time: 7375.642573|7375.642573,0.000000,0.000000,0.000000
Drone 3: 0 153 0 11 78 69 53 115 0 186 30 194 113 0 133 121 0 17 196 0 96 163 0 131 37 124 0 71 0 184 0 111 0 |Drone Time: 7262.545199|7262.545199,0.000000,0.000000,0.000000
Drone 4: 0 22 94 0 45 112 73 0 171 170 0 62 195 101 0 85 114 0 156 139 0 140 0 84 0 33 182 0 32 60 0 79 57 152 187 0 |Drone Time: 7391.129778|7391.129778,0.000000,0.000000,0.000000
Drone 5: 0 126 28 48 0 193 31 0 13 199 0 93 151 135 178 0 154 56 0 65 145 61 0 8 43 0 103 0 177 128 0 188 0 176 2 0 |Drone Time: 7364.039132|7364.039132,0.000000,0.000000,0.000000",7393.625989,0.0,0.0,0.0,"Truck Routes:
Truck 1: 0 90 129 189 91 86 26 0 143 50 168 10 181 54 0 137 102 0 |Truck Time: 6948.986746|6948.986746,0.000000,0.000000,0.000000
Truck 2: 0 119 3 49 134 36 47 0 63 191 95 197 38 0 92 72 166 157 88 0 |Truck Time: 7393.625989|7393.625989,0.000000,0.000000,0.000000
Truck 3: 0 158 40 70 21 161 122 14 1 0 23 172 0 185 200 66 25 138 150 149 0 |Truck Time: 7287.809740|7287.809740,0.000000,0.000000,0.000000
Truck 4: 0 110 67 55 19 0 160 190 18 155 100 42 59 5 0 141 180 75 144 162 125 46 16 0 |Truck Time: 7311.995902|7311.995902,0.000000,0.000000,0.000000
Truck 5: 0 183 52 41 27 0 108 127 87 175 136 106 39 0 198 68 130 29 146 0 |Truck Time: 7387.878591|7387.878591,0.000000,0.000000,0.000000
Drone Routes:
Drone 1: 0 169 81 15 159 83 0 77 74 174 0 80 118 0 132 120 0 82 0 7 179 0 58 107 0 64 34 0 20 165 0 99 0 |Drone Time: 7361.197143|7361.197143,0.000000,0.000000,0.000000
Drone 2: 0 192 164 147 0 35 109 116 12 0 44 167 0 173 24 9 0 97 117 0 6 142 0 76 4 98 0 51 105 0 89 0 104 148 0 123 0 |Drone Time: 7375.642573|7375.642573,0.000000,0.000000,0.000000
Drone 3: 0 153 0 11 78 69 53 115 0 186 30 194 113 0 133 121 0 17 196 0 96 163 0 131 37 124 0 71 0 184 0 111 0 |Drone Time: 7262.545199|7262.545199,0.000000,0.000000,0.000000
Drone 4: 0 22 94 0 45 112 73 0 171 170 0 62 195 101 0 85 114 0 156 139 0 140 0 84 0 33 182 0 32 60 0 79 57 152 187 0 |Drone Time: 7391.129778|7391.129778,0.000000,0.000000,0.000000
Drone 5: 0 126 28 48 0 193 31 0 13 199 0 93 151 135 178 0 154 56 0 65 145 61 0 8 43 0 103 0 177 128 0 188 0 176 2 0 |Drone Time: 7364.039132|7364.039132,0.000000,0.000000,0.000000
Total validation: Makespan=7393.625989, Deadline violation=0.000000, Energy violation=0.000000, Capacity violation=0.000000"
200.10.3,200,2,adaptive,g4,0.5,0.3,0.1,0.6,43,0,9163.523239,7393.625989,7393.625989,7393.625989,1444.25647,FEASIBLE,"Truck 1: 0 90 129 189 91 86 26 0 143 50 168 10 181 54 0 137 102 0 |Truck Time: 6948.986746|6948.986746,0.000000,0.000000,0.000000
Truck 2: 0 119 3 49 134 36 47 0 63 191 95 197 38 0 92 72 166 157 88 0 |Truck Time: 7393.625989|7393.625989,0.000000,0.000000,0.000000
Truck 3: 0 158 40 70 21 161 122 14 1 0 23 172 0 185 200 66 25 138 150 149 0 |Truck Time: 7287.809740|7287.809740,0.000000,0.000000,0.000000
Truck 4: 0 110 67 55 19 0 160 190 18 155 100 42 59 5 0 141 180 75 144 162 125 46 16 0 |Truck Time: 7311.995902|7311.995902,0.000000,0.000000,0.000000
Truck 5: 0 183 52 41 27 0 108 127 87 175 136 106 39 0 198 68 130 29 146 0 |Truck Time: 7387.878591|7387.878591,0.000000,0.000000,0.000000","Drone 1: 0 169 81 15 159 83 0 77 74 174 0 80 118 0 132 120 0 82 0 7 179 0 58 107 0 64 34 0 20 165 0 99 0 |Drone Time: 7361.197143|7361.197143,0.000000,0.000000,0.000000
Drone 2: 0 192 164 147 0 35 109 116 12 0 44 167 0 173 24 9 0 97 117 0 6 142 0 76 4 98 0 51 105 0 89 0 104 148 0 123 0 |Drone Time: 7375.642573|7375.642573,0.000000,0.000000,0.000000
Drone 3: 0 153 0 11 78 69 53 115 0 186 30 194 113 0 133 121 0 17 196 0 96 163 0 131 37 124 0 71 0 184 0 111 0 |Drone Time: 7262.545199|7262.545199,0.000000,0.000000,0.000000
Drone 4: 0 22 94 0 45 112 73 0 171 170 0 62 195 101 0 85 114 0 156 139 0 140 0 84 0 33 182 0 32 60 0 79 57 152 187 0 |Drone Time: 7391.129778|7391.129778,0.000000,0.000000,0.000000
Drone 5: 0 126 28 48 0 193 31 0 13 199 0 93 151 135 178 0 154 56 0 65 145 61 0 8 43 0 103 0 177 128 0 188 0 176 2 0 |Drone Time: 7364.039132|7364.039132,0.000000,0.000000,0.000000",7393.625989,0.0,0.0,0.0,"Truck Routes:
Truck 1: 0 90 129 189 91 86 26 0 143 50 168 10 181 54 0 137 102 0 |Truck Time: 6948.986746|6948.986746,0.000000,0.000000,0.000000
Truck 2: 0 119 3 49 134 36 47 0 63 191 95 197 38 0 92 72 166 157 88 0 |Truck Time: 7393.625989|7393.625989,0.000000,0.000000,0.000000
Truck 3: 0 158 40 70 21 161 122 14 1 0 23 172 0 185 200 66 25 138 150 149 0 |Truck Time: 7287.809740|7287.809740,0.000000,0.000000,0.000000
Truck 4: 0 110 67 55 19 0 160 190 18 155 100 42 59 5 0 141 180 75 144 162 125 46 16 0 |Truck Time: 7311.995902|7311.995902,0.000000,0.000000,0.000000
Truck 5: 0 183 52 41 27 0 108 127 87 175 136 106 39 0 198 68 130 29 146 0 |Truck Time: 7387.878591|7387.878591,0.000000,0.000000,0.000000
Drone Routes:
Drone 1: 0 169 81 15 159 83 0 77 74 174 0 80 118 0 132 120 0 82 0 7 179 0 58 107 0 64 34 0 20 165 0 99 0 |Drone Time: 7361.197143|7361.197143,0.000000,0.000000,0.000000
Drone 2: 0 192 164 147 0 35 109 116 12 0 44 167 0 173 24 9 0 97 117 0 6 142 0 76 4 98 0 51 105 0 89 0 104 148 0 123 0 |Drone Time: 7375.642573|7375.642573,0.000000,0.000000,0.000000
Drone 3: 0 153 0 11 78 69 53 115 0 186 30 194 113 0 133 121 0 17 196 0 96 163 0 131 37 124 0 71 0 184 0 111 0 |Drone Time: 7262.545199|7262.545199,0.000000,0.000000,0.000000
Drone 4: 0 22 94 0 45 112 73 0 171 170 0 62 195 101 0 85 114 0 156 139 0 140 0 84 0 33 182 0 32 60 0 79 57 152 187 0 |Drone Time: 7391.129778|7391.129778,0.000000,0.000000,0.000000
Drone 5: 0 126 28 48 0 193 31 0 13 199 0 93 151 135 178 0 154 56 0 65 145 61 0 8 43 0 103 0 177 128 0 188 0 176 2 0 |Drone Time: 7364.039132|7364.039132,0.000000,0.000000,0.000000
Total validation: Makespan=7393.625989, Deadline violation=0.000000, Energy violation=0.000000, Capacity violation=0.000000"
200.10.3,200,2,cyclic,,,,,,43,0,9163.523239,7437.837292,7437.837292,7437.837292,1512.398322,FEASIBLE,"Truck 1: 0 144 52 162 0 105 87 189 74 34 0 185 10 168 54 129 90 0 |Truck Time: 7384.942773|7384.942773,0.000000,0.000000,0.000000
Truck 2: 0 23 134 198 188 47 5 0 63 38 191 35 149 0 172 180 71 157 166 92 0 |Truck Time: 7437.837292|7437.837292,0.000000,0.000000,0.000000
Truck 3: 0 1 14 161 124 21 33 70 15 0 151 167 93 0 25 50 181 0 |Truck Time: 7436.980351|7436.980351,0.000000,0.000000,0.000000
Truck 4: 0 192 138 150 123 0 160 190 59 42 100 155 3 18 12 0 75 16 46 135 158 86 137 27 0 |Truck Time: 7378.340339|7378.340339,0.000000,0.000000,0.000000
Truck 5: 0 26 67 136 55 141 106 0 108 127 64 110 99 91 51 0 197 68 29 130 112 0 |Truck Time: 7422.039556|7422.039556,0.000000,0.000000,0.000000","Drone 1: 0 193 125 159 0 20 165 60 77 0 58 132 118 0 120 0 82 0 131 37 56 24 173 0 179 128 0 102 200 0 48 126 0 175 0 |Drone Time: 7428.711674|7428.711674,0.000000,0.000000,0.000000
Drone 2: 0 81 83 117 0 122 72 0 153 28 174 0 22 0 164 94 115 0 97 182 0 4 98 76 0 41 0 89 177 57 0 104 148 0 143 0 |Drone Time: 7436.338079|7436.338079,0.000000,0.000000,0.000000
Drone 3: 0 7 0 69 78 11 53 152 187 0 30 186 194 113 0 183 171 0 17 196 0 80 0 169 84 107 0 88 0 184 0 13 111 0 |Drone Time: 7424.081813|7424.081813,0.000000,0.000000,0.000000
Drone 4: 0 44 0 109 45 156 95 0 199 170 0 62 101 195 0 85 114 0 49 119 0 140 0 142 6 0 40 0 32 147 0 79 121 0 |Drone Time: 7409.246233|7409.246233,0.000000,0.000000,0.000000
Drone 5: 0 31 145 139 61 0 39 116 146 0 19 66 0 96 163 178 0 154 9 0 65 73 0 8 43 0 103 0 133 0 36 0 176 2 0 |Drone Time: 7428.225709|7428.225709,0.000000,0.000000,0.000000",7437.837292,0.0,0.0,0.0,"Truck Routes:
Truck 1: 0 144 52 162 0 105 87 189 74 34 0 185 10 168 54 129 90 0 |Truck Time: 7384.942773|7384.942773,0.000000,0.000000,0.000000
Truck 2: 0 23 134 198 188 47 5 0 63 38 191 35 149 0 172 180 71 157 166 92 0 |Truck Time: 7437.837292|7437.837292,0.000000,0.000000,0.000000
Truck 3: 0 1 14 161 124 21 33 70 15 0 151 167 93 0 25 50 181 0 |Truck Time: 7436.980351|7436.980351,0.000000,0.000000,0.000000
Truck 4: 0 192 138 150 123 0 160 190 59 42 100 155 3 18 12 0 75 16 46 135 158 86 137 27 0 |Truck Time: 7378.340339|7378.340339,0.000000,0.000000,0.000000
Truck 5: 0 26 67 136 55 141 106 0 108 127 64 110 99 91 51 0 197 68 29 130 112 0 |Truck Time: 7422.039556|7422.039556,0.000000,0.000000,0.000000
Drone Routes:
Drone 1: 0 193 125 159 0 20 165 60 77 0 58 132 118 0 120 0 82 0 131 37 56 24 173 0 179 128 0 102 200 0 48 126 0 175 0 |Drone Time: 7428.711674|7428.711674,0.000000,0.000000,0.000000
Drone 2: 0 81 83 117 0 122 72 0 153 28 174 0 22 0 164 94 115 0 97 182 0 4 98 76 0 41 0 89 177 57 0 104 148 0 143 0 |Drone Time: 7436.338079|7436.338079,0.000000,0.000000,0.000000
Drone 3: 0 7 0 69 78 11 53 152 187 0 30 186 194 113 0 183 171 0 17 196 0 80 0 169 84 107 0 88 0 184 0 13 111 0 |Drone Time: 7424.081813|7424.081813,0.000000,0.000000,0.000000
Drone 4: 0 44 0 109 45 156 95 0 199 170 0 62 101 195 0 85 114 0 49 119 0 140 0 142 6 0 40 0 32 147 0 79 121 0 |Drone Time: 7409.246233|7409.246233,0.000000,0.000000,0.000000
Drone 5: 0 31 145 139 61 0 39 116 146 0 19 66 0 96 163 178 0 154 9 0 65 73 0 8 43 0 103 0 133 0 36 0 176 2 0 |Drone Time: 7428.225709|7428.225709,0.000000,0.000000,0.000000
Total validation: Makespan=7437.837292, Deadline violation=0.000000, Energy violation=0.000000, Capacity violation=0.000000"
200.10.3,200,2,random,,,,,,43,0,9163.523239,7269.452577,7269.452577,7269.452577,1997.679872,FEASIBLE,"Truck 1: 0 46 16 183 0 67 55 136 99 64 127 123 0 141 129 181 48 54 189 90 87 51 0 |Truck Time: 7247.472335|7247.472335,0.000000,0.000000,0.000000
Truck 2: 0 3 47 188 198 139 196 156 134 23 0 63 191 38 0 71 157 88 92 154 0 |Truck Time: 7269.452577|7269.452577,0.000000,0.000000,0.000000
Truck 3: 0 58 14 97 122 161 21 33 70 0 164 110 192 149 0 125 144 162 0 |Truck Time: 7228.880595|7228.880595,0.000000,0.000000,0.000000
Truck 4: 0 22 94 0 160 190 69 78 59 100 42 155 18 5 186 30 0 25 7 200 10 168 74 28 86 0 |Truck Time: 7230.161535|7230.161535,0.000000,0.000000,0.000000
Truck 5: 0 39 106 167 158 172 0 91 185 34 108 26 0 197 68 130 29 170 0 |Truck Time: 6826.545566|6826.545566,0.000000,0.000000,0.000000","Drone 1: 0 194 169 182 81 113 0 35 116 146 53 0 17 83 118 0 120 0 82 0 176 2 0 15 107 0 179 143 0 41 0 175 0 137 138 0 |Drone Time: 7263.392574|7263.392574,0.000000,0.000000,0.000000
Drone 2: 0 12 45 111 0 109 128 0 13 27 0 173 24 131 0 96 72 159 0 6 142 0 76 98 4 0 93 151 0 89 0 104 148 0 77 19 165 0 |Drone Time: 7237.963821|7237.963821,0.000000,0.000000,0.000000
Drone 3: 0 180 56 37 163 0 132 133 0 177 50 0 11 153 145 0 193 152 187 0 80 0 124 0 20 75 0 184 0 49 119 0 1 0 |Drone Time: 7259.315763|7259.315763,0.000000,0.000000,0.000000
Drone 4: 0 105 66 0 31 112 0 199 61 95 0 62 101 9 0 65 73 0 79 0 140 0 84 0 40 0 32 147 0 57 115 102 121 0 |Drone Time: 7181.483908|7181.483908,0.000000,0.000000,0.000000
Drone 5: 0 117 60 174 0 44 171 0 52 178 135 0 166 195 0 85 114 0 8 43 0 103 0 126 0 36 0 150 0 |Drone Time: 7268.898794|7268.898794,0.000000,0.000000,0.000000",7269.452577,0.0,0.0,0.0,"Truck Routes:
Truck 1: 0 46 16 183 0 67 55 136 99 64 127 123 0 141 129 181 48 54 189 90 87 51 0 |Truck Time: 7247.472335|7247.472335,0.000000,0.000000,0.000000
Truck 2: 0 3 47 188 198 139 196 156 134 23 0 63 191 38 0 71 157 88 92 154 0 |Truck Time: 7269.452577|7269.452577,0.000000,0.000000,0.000000
Truck 3: 0 58 14 97 122 161 21 33 70 0 164 110 192 149 0 125 144 162 0 |Truck Time: 7228.880595|7228.880595,0.000000,0.000000,0.000000
Truck 4: 0 22 94 0 160 190 69 78 59 100 42 155 18 5 186 30 0 25 7 200 10 168 74 28 86 0 |Truck Time: 7230.161535|7230.161535,0.000000,0.000000,0.000000
Truck 5: 0 39 106 167 158 172 0 91 185 34 108 26 0 197 68 130 29 170 0 |Truck Time: 6826.545566|6826.545566,0.000000,0.000000,0.000000
Drone Routes:
Drone 1: 0 194 169 182 81 113 0 35 116 146 53 0 17 83 118 0 120 0 82 0 176 2 0 15 107 0 179 143 0 41 0 175 0 137 138 0 |Drone Time: 7263.392574|7263.392574,0.000000,0.000000,0.000000
Drone 2: 0 12 45 111 0 109 128 0 13 27 0 173 24 131 0 96 72 159 0 6 142 0 76 98 4 0 93 151 0 89 0 104 148 0 77 19 165 0 |Drone Time: 7237.963821|7237.963821,0.000000,0.000000,0.000000
Drone 3: 0 180 56 37 163 0 132 133 0 177 50 0 11 153 145 0 193 152 187 0 80 0 124 0 20 75 0 184 0 49 119 0 1 0 |Drone Time: 7259.315763|7259.315763,0.000000,0.000000,0.000000
Drone 4: 0 105 66 0 31 112 0 199 61 95 0 62 101 9 0 65 73 0 79 0 140 0 84 0 40 0 32 147 0 57 115 102 121 0 |Drone Time: 7181.483908|7181.483908,0.000000,0.000000,0.000000
Drone 5: 0 117 60 174 0 44 171 0 52 178 135 0 166 195 0 85 114 0 8 43 0 103 0 126 0 36 0 150 0 |Drone Time: 7268.898794|7268.898794,0.000000,0.000000,0.000000
Total validation: Makespan=7269.452577, Deadline violation=0.000000, Energy violation=0.000000, Capacity violation=0.000000"
200.10.3,200,3,adaptive,g1,0.3,0.2,0.1,0.3,44,0,8616.581505,7396.991167,7396.991167,7396.991167,1456.662214,FEASIBLE,"Truck 1: 0 154 8 180 20 106 39 0 158 75 162 144 41 88 24 0 104 58 140 103 182 0 |Truck Time: 7382.905870|7382.905870,0.000000,0.000000,0.000000
Truck 2: 0 198 95 197 38 191 153 109 35 0 165 173 172 0 112 130 68 188 36 119 0 |Truck Time: 7355.623581|7355.623581,0.000000,0.000000,0.000000
Truck 3: 0 193 6 124 21 0 136 32 147 185 0 71 157 166 92 0 |Truck Time: 7396.991167|7396.991167,0.000000,0.000000,0.000000
Truck 4: 0 93 55 127 102 108 86 26 149 123 0 23 5 3 18 59 100 42 0 1 14 184 84 97 0 |Truck Time: 7357.709477|7357.709477,0.000000,0.000000,0.000000
Truck 5: 0 27 79 137 53 11 2 176 0 96 160 190 69 111 30 0 25 50 66 200 10 168 48 181 0 |Truck Time: 7394.913161|7394.913161,0.000000,0.000000,0.000000","Drone 1: 0 133 159 37 0 54 60 56 0 73 29 145 0 82 0 52 101 0 64 87 0 155 78 0 70 142 0 76 4 0 15 0 |Drone Time: 7382.058880|7382.058880,0.000000,0.000000,0.000000
Drone 2: 0 183 135 125 33 0 194 83 186 115 0 192 164 179 51 0 80 132 0 199 13 0 122 118 0 196 139 0 62 85 0 170 0 110 99 0 |Drone Time: 7361.970591|7361.970591,0.000000,0.000000,0.000000
Drone 3: 0 129 77 0 63 116 195 0 150 72 0 31 171 0 65 45 0 91 189 0 90 0 46 0 61 177 7 0 34 0 |Drone Time: 7336.622891|7336.622891,0.000000,0.000000,0.000000
Drone 4: 0 169 81 117 0 114 174 0 151 167 9 19 0 141 43 0 134 44 0 107 98 0 113 178 40 0 47 22 0 138 143 0 175 0 |Drone Time: 7396.613600|7396.613600,0.000000,0.000000,0.000000
Drone 5: 0 105 126 0 120 0 49 156 0 57 94 12 148 0 161 0 17 121 0 67 74 28 146 0 16 163 0 89 0 152 131 187 0 128 0 |Drone Time: 7383.172286|7383.172286,0.000000,0.000000,0.000000",7396.991167,0.0,0.0,0.0,"Truck Routes:
Truck 1: 0 154 8 180 20 106 39 0 158 75 162 144 41 88 24 0 104 58 140 103 182 0 |Truck Time: 7382.905870|7382.905870,0.000000,0.000000,0.000000
Truck 2: 0 198 95 197 38 191 153 109 35 0 165 173 172 0 112 130 68 188 36 119 0 |Truck Time: 7355.623581|7355.623581,0.000000,0.000000,0.000000
Truck 3: 0 193 6 124 21 0 136 32 147 185 0 71 157 166 92 0 |Truck Time: 7396.991167|7396.991167,0.000000,0.000000,0.000000
Truck 4: 0 93 55 127 102 108 86 26 149 123 0 23 5 3 18 59 100 42 0 1 14 184 84 97 0 |Truck Time: 7357.709477|7357.709477,0.000000,0.000000,0.000000
Truck 5: 0 27 79 137 53 11 2 176 0 96 160 190 69 111 30 0 25 50 66 200 10 168 48 181 0 |Truck Time: 7394.913161|7394.913161,0.000000,0.000000,0.000000
Drone Routes:
Drone 1: 0 133 159 37 0 54 60 56 0 73 29 145 0 82 0 52 101 0 64 87 0 155 78 0 70 142 0 76 4 0 15 0 |Drone Time: 7382.058880|7382.058880,0.000000,0.000000,0.000000
Drone 2: 0 183 135 125 33 0 194 83 186 115 0 192 164 179 51 0 80 132 0 199 13 0 122 118 0 196 139 0 62 85 0 170 0 110 99 0 |Drone Time: 7361.970591|7361.970591,0.000000,0.000000,0.000000
Drone 3: 0 129 77 0 63 116 195 0 150 72 0 31 171 0 65 45 0 91 189 0 90 0 46 0 61 177 7 0 34 0 |Drone Time: 7336.622891|7336.622891,0.000000,0.000000,0.000000
Drone 4: 0 169 81 117 0 114 174 0 151 167 9 19 0 141 43 0 134 44 0 107 98 0 113 178 40 0 47 22 0 138 143 0 175 0 |Drone Time: 7396.613600|7396.613600,0.000000,0.000000,0.000000
Drone 5: 0 105 126 0 120 0 49 156 0 57 94 12 148 0 161 0 17 121 0 67 74 28 146 0 16 163 0 89 0 152 131 187 0 128 0 |Drone Time: 7383.172286|7383.172286,0.000000,0.000000,0.000000
Total validation: Makespan=7396.991167, Deadline violation=0.000000, Energy violation=0.000000, Capacity violation=0.000000"
200.10.3,200,3,adaptive,g2,0.5,0.3,0.1,0.3,44,0,8616.581505,7396.991167,7396.991167,7396.991167,1838.80476,FEASIBLE,"Truck 1: 0 154 8 180 20 106 39 0 158 75 162 144 41 88 24 0 104 58 140 103 182 0 |Truck Time: 7382.905870|7382.905870,0.000000,0.000000,0.000000
Truck 2: 0 198 95 197 38 191 153 109 35 0 165 173 172 0 112 130 68 188 36 119 0 |Truck Time: 7355.623581|7355.623581,0.000000,0.000000,0.000000
Truck 3: 0 193 6 124 21 0 136 32 147 185 0 71 157 166 92 0 |Truck Time: 7396.991167|7396.991167,0.000000,0.000000,0.000000
Truck 4: 0 93 55 127 102 108 86 26 149 123 0 23 5 3 18 59 100 42 0 1 14 184 84 97 0 |Truck Time: 7357.709477|7357.709477,0.000000,0.000000,0.000000
Truck 5: 0 27 79 137 53 11 2 176 0 96 160 190 69 111 30 0 25 50 66 200 10 168 48 181 0 |Truck Time: 7394.913161|7394.913161,0.000000,0.000000,0.000000","Drone 1: 0 133 159 37 0 54 60 56 0 73 29 145 0 82 0 52 101 0 64 87 0 155 78 0 70 142 0 76 4 0 15 0 |Drone Time: 7382.058880|7382.058880,0.000000,0.000000,0.000000
Drone 2: 0 183 135 125 33 0 194 83 186 115 0 192 164 179 51 0 80 132 0 199 13 0 122 118 0 196 139 0 62 85 0 170 0 110 99 0 |Drone Time: 7361.970591|7361.970591,0.000000,0.000000,0.000000
Drone 3: 0 129 77 0 63 116 195 0 150 72 0 31 171 0 65 45 0 91 189 0 90 0 46 0 61 177 7 0 34 0 |Drone Time: 7336.622891|7336.622891,0.000000,0.000000,0.000000
Drone 4: 0 169 81 117 0 114 174 0 151 167 9 19 0 141 43 0 134 44 0 107 98 0 113 178 40 0 47 22 0 138 143 0 175 0 |Drone Time: 7396.613600|7396.613600,0.000000,0.000000,0.000000
Drone 5: 0 105 126 0 120 0 49 156 0 57 94 12 148 0 161 0 17 121 0 67 74 28 146 0 16 163 0 89 0 152 131 187 0 128 0 |Drone Time: 7383.172286|7383.172286,0.000000,0.000000,0.000000",7396.991167,0.0,0.0,0.0,"Truck Routes:
Truck 1: 0 154 8 180 20 106 39 0 158 75 162 144 41 88 24 0 104 58 140 103 182 0 |Truck Time: 7382.905870|7382.905870,0.000000,0.000000,0.000000
Truck 2: 0 198 95 197 38 191 153 109 35 0 165 173 172 0 112 130 68 188 36 119 0 |Truck Time: 7355.623581|7355.623581,0.000000,0.000000,0.000000
Truck 3: 0 193 6 124 21 0 136 32 147 185 0 71 157 166 92 0 |Truck Time: 7396.991167|7396.991167,0.000000,0.000000,0.000000
Truck 4: 0 93 55 127 102 108 86 26 149 123 0 23 5 3 18 59 100 42 0 1 14 184 84 97 0 |Truck Time: 7357.709477|7357.709477,0.000000,0.000000,0.000000
Truck 5: 0 27 79 137 53 11 2 176 0 96 160 190 69 111 30 0 25 50 66 200 10 168 48 181 0 |Truck Time: 7394.913161|7394.913161,0.000000,0.000000,0.000000
Drone Routes:
Drone 1: 0 133 159 37 0 54 60 56 0 73 29 145 0 82 0 52 101 0 64 87 0 155 78 0 70 142 0 76 4 0 15 0 |Drone Time: 7382.058880|7382.058880,0.000000,0.000000,0.000000
Drone 2: 0 183 135 125 33 0 194 83 186 115 0 192 164 179 51 0 80 132 0 199 13 0 122 118 0 196 139 0 62 85 0 170 0 110 99 0 |Drone Time: 7361.970591|7361.970591,0.000000,0.000000,0.000000
Drone 3: 0 129 77 0 63 116 195 0 150 72 0 31 171 0 65 45 0 91 189 0 90 0 46 0 61 177 7 0 34 0 |Drone Time: 7336.622891|7336.622891,0.000000,0.000000,0.000000
Drone 4: 0 169 81 117 0 114 174 0 151 167 9 19 0 141 43 0 134 44 0 107 98 0 113 178 40 0 47 22 0 138 143 0 175 0 |Drone Time: 7396.613600|7396.613600,0.000000,0.000000,0.000000
Drone 5: 0 105 126 0 120 0 49 156 0 57 94 12 148 0 161 0 17 121 0 67 74 28 146 0 16 163 0 89 0 152 131 187 0 128 0 |Drone Time: 7383.172286|7383.172286,0.000000,0.000000,0.000000
Total validation: Makespan=7396.991167, Deadline violation=0.000000, Energy violation=0.000000, Capacity violation=0.000000"
200.10.3,200,3,adaptive,g3,0.3,0.2,0.1,0.6,44,0,8616.581505,7396.991167,7396.991167,7396.991167,1845.119287,FEASIBLE,"Truck 1: 0 154 8 180 20 106 39 0 158 75 162 144 41 88 24 0 104 58 140 103 182 0 |Truck Time: 7382.905870|7382.905870,0.000000,0.000000,0.000000
Truck 2: 0 198 95 197 38 191 153 109 35 0 165 173 172 0 112 130 68 188 36 119 0 |Truck Time: 7355.623581|7355.623581,0.000000,0.000000,0.000000
Truck 3: 0 193 6 124 21 0 136 32 147 185 0 71 157 166 92 0 |Truck Time: 7396.991167|7396.991167,0.000000,0.000000,0.000000
Truck 4: 0 93 55 127 102 108 86 26 149 123 0 23 5 3 18 59 100 42 0 1 14 184 84 97 0 |Truck Time: 7357.709477|7357.709477,0.000000,0.000000,0.000000
Truck 5: 0 27 79 137 53 11 2 176 0 96 160 190 69 111 30 0 25 50 66 200 10 168 48 181 0 |Truck Time: 7394.913161|7394.913161,0.000000,0.000000,0.000000","Drone 1: 0 133 159 37 0 54 60 56 0 73 29 145 0 82 0 52 101 0 64 87 0 155 78 0 70 142 0 76 4 0 15 0 |Drone Time: 7382.058880|7382.058880,0.000000,0.000000,0.000000
Drone 2: 0 183 135 125 33 0 194 83 186 115 0 192 164 179 51 0 80 132 0 199 13 0 122 118 0 196 139 0 62 85 0 170 0 110 99 0 |Drone Time: 7361.970591|7361.970591,0.000000,0.000000,0.000000
Drone 3: 0 129 77 0 63 116 195 0 150 72 0 31 171 0 65 45 0 91 189 0 90 0 46 0 61 177 7 0 34 0 |Drone Time: 7336.622891|7336.622891,0.000000,0.000000,0.000000
Drone 4: 0 169 81 117 0 114 174 0 151 167 9 19 0 141 43 0 134 44 0 107 98 0 113 178 40 0 47 22 0 138 143 0 175 0 |Drone Time: 7396.613600|7396.613600,0.000000,0.000000,0.000000
Drone 5: 0 105 126 0 120 0 49 156 0 57 94 12 148 0 161 0 17 121 0 67 74 28 146 0 16 163 0 89 0 152 131 187 0 128 0 |Drone Time: 7383.172286|7383.172286,0.000000,0.000000,0.000000",7396.991167,0.0,0.0,0.0,"Truck Routes:
Truck 1: 0 154 8 180 20 106 39 0 158 75 162 144 41 88 24 0 104 58 140 103 182 0 |Truck Time: 7382.905870|7382.905870,0.000000,0.000000,0.000000
Truck 2: 0 198 95 197 38 191 153 109 35 0 165 173 172 0 112 130 68 188 36 119 0 |Truck Time: 7355.623581|7355.623581,0.000000,0.000000,0.000000
Truck 3: 0 193 6 124 21 0 136 32 147 185 0 71 157 166 92 0 |Truck Time: 7396.991167|7396.991167,0.000000,0.000000,0.000000
Truck 4: 0 93 55 127 102 108 86 26 149 123 0 23 5 3 18 59 100 42 0 1 14 184 84 97 0 |Truck Time: 7357.709477|7357.709477,0.000000,0.000000,0.000000
Truck 5: 0 27 79 137 53 11 2 176 0 96 160 190 69 111 30 0 25 50 66 200 10 168 48 181 0 |Truck Time: 7394.913161|7394.913161,0.000000,0.000000,0.000000
Drone Routes:
Drone 1: 0 133 159 37 0 54 60 56 0 73 29 145 0 82 0 52 101 0 64 87 0 155 78 0 70 142 0 76 4 0 15 0 |Drone Time: 7382.058880|7382.058880,0.000000,0.000000,0.000000
Drone 2: 0 183 135 125 33 0 194 83 186 115 0 192 164 179 51 0 80 132 0 199 13 0 122 118 0 196 139 0 62 85 0 170 0 110 99 0 |Drone Time: 7361.970591|7361.970591,0.000000,0.000000,0.000000
Drone 3: 0 129 77 0 63 116 195 0 150 72 0 31 171 0 65 45 0 91 189 0 90 0 46 0 61 177 7 0 34 0 |Drone Time: 7336.622891|7336.622891,0.000000,0.000000,0.000000
Drone 4: 0 169 81 117 0 114 174 0 151 167 9 19 0 141 43 0 134 44 0 107 98 0 113 178 40 0 47 22 0 138 143 0 175 0 |Drone Time: 7396.613600|7396.613600,0.000000,0.000000,0.000000
Drone 5: 0 105 126 0 120 0 49 156 0 57 94 12 148 0 161 0 17 121 0 67 74 28 146 0 16 163 0 89 0 152 131 187 0 128 0 |Drone Time: 7383.172286|7383.172286,0.000000,0.000000,0.000000
Total validation: Makespan=7396.991167, Deadline violation=0.000000, Energy violation=0.000000, Capacity violation=0.000000"
200.10.3,200,3,adaptive,g4,0.5,0.3,0.1,0.6,44,0,8616.581505,7396.991167,7396.991167,7396.991167,1831.174837,FEASIBLE,"Truck 1: 0 154 8 180 20 106 39 0 158 75 162 144 41 88 24 0 104 58 140 103 182 0 |Truck Time: 7382.905870|7382.905870,0.000000,0.000000,0.000000
Truck 2: 0 198 95 197 38 191 153 109 35 0 165 173 172 0 112 130 68 188 36 119 0 |Truck Time: 7355.623581|7355.623581,0.000000,0.000000,0.000000
Truck 3: 0 193 6 124 21 0 136 32 147 185 0 71 157 166 92 0 |Truck Time: 7396.991167|7396.991167,0.000000,0.000000,0.000000
Truck 4: 0 93 55 127 102 108 86 26 149 123 0 23 5 3 18 59 100 42 0 1 14 184 84 97 0 |Truck Time: 7357.709477|7357.709477,0.000000,0.000000,0.000000
Truck 5: 0 27 79 137 53 11 2 176 0 96 160 190 69 111 30 0 25 50 66 200 10 168 48 181 0 |Truck Time: 7394.913161|7394.913161,0.000000,0.000000,0.000000","Drone 1: 0 133 159 37 0 54 60 56 0 73 29 145 0 82 0 52 101 0 64 87 0 155 78 0 70 142 0 76 4 0 15 0 |Drone Time: 7382.058880|7382.058880,0.000000,0.000000,0.000000
Drone 2: 0 183 135 125 33 0 194 83 186 115 0 192 164 179 51 0 80 132 0 199 13 0 122 118 0 196 139 0 62 85 0 170 0 110 99 0 |Drone Time: 7361.970591|7361.970591,0.000000,0.000000,0.000000
Drone 3: 0 129 77 0 63 116 195 0 150 72 0 31 171 0 65 45 0 91 189 0 90 0 46 0 61 177 7 0 34 0 |Drone Time: 7336.622891|7336.622891,0.000000,0.000000,0.000000
Drone 4: 0 169 81 117 0 114 174 0 151 167 9 19 0 141 43 0 134 44 0 107 98 0 113 178 40 0 47 22 0 138 143 0 175 0 |Drone Time: 7396.613600|7396.613600,0.000000,0.000000,0.000000
Drone 5: 0 105 126 0 120 0 49 156 0 57 94 12 148 0 161 0 17 121 0 67 74 28 146 0 16 163 0 89 0 152 131 187 0 128 0 |Drone Time: 7383.172286|7383.172286,0.000000,0.000000,0.000000",7396.991167,0.0,0.0,0.0,"Truck Routes:
Truck 1: 0 154 8 180 20 106 39 0 158 75 162 144 41 88 24 0 104 58 140 103 182 0 |Truck Time: 7382.905870|7382.905870,0.000000,0.000000,0.000000
Truck 2: 0 198 95 197 38 191 153 109 35 0 165 173 172 0 112 130 68 188 36 119 0 |Truck Time: 7355.623581|7355.623581,0.000000,0.000000,0.000000
Truck 3: 0 193 6 124 21 0 136 32 147 185 0 71 157 166 92 0 |Truck Time: 7396.991167|7396.991167,0.000000,0.000000,0.000000
Truck 4: 0 93 55 127 102 108 86 26 149 123 0 23 5 3 18 59 100 42 0 1 14 184 84 97 0 |Truck Time: 7357.709477|7357.709477,0.000000,0.000000,0.000000
Truck 5: 0 27 79 137 53 11 2 176 0 96 160 190 69 111 30 0 25 50 66 200 10 168 48 181 0 |Truck Time: 7394.913161|7394.913161,0.000000,0.000000,0.000000
Drone Routes:
Drone 1: 0 133 159 37 0 54 60 56 0 73 29 145 0 82 0 52 101 0 64 87 0 155 78 0 70 142 0 76 4 0 15 0 |Drone Time: 7382.058880|7382.058880,0.000000,0.000000,0.000000
Drone 2: 0 183 135 125 33 0 194 83 186 115 0 192 164 179 51 0 80 132 0 199 13 0 122 118 0 196 139 0 62 85 0 170 0 110 99 0 |Drone Time: 7361.970591|7361.970591,0.000000,0.000000,0.000000
Drone 3: 0 129 77 0 63 116 195 0 150 72 0 31 171 0 65 45 0 91 189 0 90 0 46 0 61 177 7 0 34 0 |Drone Time: 7336.622891|7336.622891,0.000000,0.000000,0.000000
Drone 4: 0 169 81 117 0 114 174 0 151 167 9 19 0 141 43 0 134 44 0 107 98 0 113 178 40 0 47 22 0 138 143 0 175 0 |Drone Time: 7396.613600|7396.613600,0.000000,0.000000,0.000000
Drone 5: 0 105 126 0 120 0 49 156 0 57 94 12 148 0 161 0 17 121 0 67 74 28 146 0 16 163 0 89 0 152 131 187 0 128 0 |Drone Time: 7383.172286|7383.172286,0.000000,0.000000,0.000000
Total validation: Makespan=7396.991167, Deadline violation=0.000000, Energy violation=0.000000, Capacity violation=0.000000"
200.10.3,200,3,cyclic,,,,,,44,0,8616.581505,7715.30961,7715.30961,7715.30961,1163.015251,FEASIBLE,"Truck 1: 0 39 141 165 55 22 53 23 30 176 11 2 0 41 0 1 21 0 |Truck Time: 7599.471206|7599.471206,0.000000,0.000000,0.000000
Truck 2: 0 128 153 191 197 119 0 172 173 24 0 112 68 130 29 198 95 0 |Truck Time: 7663.879622|7663.879622,0.000000,0.000000,0.000000
Truck 3: 0 70 161 122 182 0 137 87 147 32 136 0 92 166 157 71 88 0 |Truck Time: 7715.309610|7715.309610,0.000000,0.000000,0.000000
Truck 4: 0 93 106 167 180 154 8 144 162 0 5 3 18 59 100 42 0 132 14 184 140 103 84 97 0 |Truck Time: 7498.252133|7498.252133,0.000000,0.000000,0.000000
Truck 5: 0 27 79 26 86 108 102 67 127 123 149 0 17 160 190 69 155 61 0 25 200 50 66 10 168 54 0 |Truck Time: 7681.111100|7681.111100,0.000000,0.000000,0.000000","Drone 1: 0 109 64 48 105 185 28 0 51 114 33 0 36 145 0 134 156 0 52 101 0 181 0 129 0 40 0 6 0 15 0 |Drone Time: 7705.031887|7705.031887,0.000000,0.000000,0.000000
Drone 2: 0 121 152 75 125 159 56 0 194 113 186 115 0 192 164 179 77 0 80 169 0 111 0 58 118 0 196 73 139 0 62 85 0 188 0 110 99 0 |Drone Time: 7665.345319|7665.345319,0.000000,0.000000,0.000000
Drone 3: 0 199 13 37 0 35 116 195 0 120 0 78 45 170 171 0 65 31 0 91 189 0 143 0 193 107 0 7 0 34 0 |Drone Time: 7708.965427|7708.965427,0.000000,0.000000,0.000000
Drone 4: 0 178 83 117 81 0 133 60 0 151 20 9 19 0 46 43 0 82 0 76 4 98 0 124 0 49 44 0 63 38 0 175 0 |Drone Time: 7671.767344|7671.767344,0.000000,0.000000,0.000000
Drone 5: 0 47 177 174 0 90 72 0 126 146 0 57 94 12 148 0 142 104 0 96 187 131 0 74 0 16 163 0 89 0 183 158 135 0 138 150 0 |Drone Time: 7714.756963|7714.756963,0.000000,0.000000,0.000000",7715.30961,0.0,0.0,0.0,"Truck Routes:
Truck 1: 0 39 141 165 55 22 53 23 30 176 11 2 0 41 0 1 21 0 |Truck Time: 7599.471206|7599.471206,0.000000,0.000000,0.000000
Truck 2: 0 128 153 191 197 119 0 172 173 24 0 112 68 130 29 198 95 0 |Truck Time: 7663.879622|7663.879622,0.000000,0.000000,0.000000
Truck 3: 0 70 161 122 182 0 137 87 147 32 136 0 92 166 157 71 88 0 |Truck Time: 7715.309610|7715.309610,0.000000,0.000000,0.000000
Truck 4: 0 93 106 167 180 154 8 144 162 0 5 3 18 59 100 42 0 132 14 184 140 103 84 97 0 |Truck Time: 7498.252133|7498.252133,0.000000,0.000000,0.000000
Truck 5: 0 27 79 26 86 108 102 67 127 123 149 0 17 160 190 69 155 61 0 25 200 50 66 10 168 54 0 |Truck Time: 7681.111100|7681.111100,0.000000,0.000000,0.000000
Drone Routes:
Drone 1: 0 109 64 48 105 185 28 0 51 114 33 0 36 145 0 134 156 0 52 101 0 181 0 129 0 40 0 6 0 15 0 |Drone Time: 7705.031887|7705.031887,0.000000,0.000000,0.000000
Drone 2: 0 121 152 75 125 159 56 0 194 113 186 115 0 192 164 179 77 0 80 169 0 111 0 58 118 0 196 73 139 0 62 85 0 188 0 110 99 0 |Drone Time: 7665.345319|7665.345319,0.000000,0.000000,0.000000
Drone 3: 0 199 13 37 0 35 116 195 0 120 0 78 45 170 171 0 65 31 0 91 189 0 143 0 193 107 0 7 0 34 0 |Drone Time: 7708.965427|7708.965427,0.000000,0.000000,0.000000
Drone 4: 0 178 83 117 81 0 133 60 0 151 20 9 19 0 46 43 0 82 0 76 4 98 0 124 0 49 44 0 63 38 0 175 0 |Drone Time: 7671.767344|7671.767344,0.000000,0.000000,0.000000
Drone 5: 0 47 177 174 0 90 72 0 126 146 0 57 94 12 148 0 142 104 0 96 187 131 0 74 0 16 163 0 89 0 183 158 135 0 138 150 0 |Drone Time: 7714.756963|7714.756963,0.000000,0.000000,0.000000
Total validation: Makespan=7715.309610, Deadline violation=0.000000, Energy violation=0.000000, Capacity violation=0.000000"
200.10.3,200,3,random,,,,,,44,0,8616.581505,7382.614659,7382.614659,7382.614659,1726.911514,FEASIBLE,"Truck 1: 0 141 165 173 24 71 157 166 0 41 0 1 14 103 122 118 199 182 172 0 |Truck Time: 7321.360077|7321.360077,0.000000,0.000000,0.000000
Truck 2: 0 11 95 197 38 191 35 0 93 137 26 86 102 108 138 150 123 149 0 112 68 130 29 36 119 0 |Truck Time: 7364.684770|7364.684770,0.000000,0.000000,0.000000
Truck 3: 0 169 124 21 0 136 87 91 185 0 92 88 154 8 75 144 162 0 |Truck Time: 7350.673220|7350.673220,0.000000,0.000000,0.000000
Truck 4: 0 39 106 55 167 180 0 42 100 59 18 47 3 5 2 0 58 184 140 84 0 |Truck Time: 7319.337520|7319.337520,0.000000,0.000000,0.000000
Truck 5: 0 79 22 53 23 0 96 160 176 190 69 111 30 0 25 50 66 200 10 168 48 181 0 |Truck Time: 7382.614659|7382.614659,0.000000,0.000000,0.000000","Drone 1: 0 60 7 146 0 20 9 43 0 198 145 0 134 44 0 52 101 0 64 28 54 0 129 0 135 40 0 76 4 0 15 0 |Drone Time: 7380.826603|7380.826603,0.000000,0.000000,0.000000
Drone 2: 0 195 72 114 0 186 115 194 178 0 192 164 179 51 0 117 0 104 13 0 70 142 0 196 45 139 0 62 85 0 188 0 110 99 0 27 0 |Drone Time: 7382.497298|7382.497298,0.000000,0.000000,0.000000
Drone 3: 0 61 155 78 177 109 0 128 152 187 0 80 83 0 170 171 116 0 65 31 0 105 189 0 90 0 193 107 0 77 32 147 0 34 0 |Drone Time: 7379.303194|7379.303194,0.000000,0.000000,0.000000
Drone 4: 0 120 0 133 174 0 151 125 159 113 33 0 46 19 0 82 132 81 0 6 98 0 97 0 49 156 0 153 0 175 0 |Drone Time: 7382.112409|7382.112409,0.000000,0.000000,0.000000
Drone 5: 0 63 73 0 143 0 126 37 0 57 94 12 148 0 161 0 17 121 0 131 56 74 0 16 163 0 89 0 183 158 0 67 127 0 |Drone Time: 7281.743475|7281.743475,0.000000,0.000000,0.000000",7382.614659,0.0,0.0,0.0,"Truck Routes:
Truck 1: 0 141 165 173 24 71 157 166 0 41 0 1 14 103 122 118 199 182 172 0 |Truck Time: 7321.360077|7321.360077,0.000000,0.000000,0.000000
Truck 2: 0 11 95 197 38 191 35 0 93 137 26 86 102 108 138 150 123 149 0 112 68 130 29 36 119 0 |Truck Time: 7364.684770|7364.684770,0.000000,0.000000,0.000000
Truck 3: 0 169 124 21 0 136 87 91 185 0 92 88 154 8 75 144 162 0 |Truck Time: 7350.673220|7350.673220,0.000000,0.000000,0.000000
Truck 4: 0 39 106 55 167 180 0 42 100 59 18 47 3 5 2 0 58 184 140 84 0 |Truck Time: 7319.337520|7319.337520,0.000000,0.000000,0.000000
Truck 5: 0 79 22 53 23 0 96 160 176 190 69 111 30 0 25 50 66 200 10 168 48 181 0 |Truck Time: 7382.614659|7382.614659,0.000000,0.000000,0.000000
Drone Routes:
Drone 1: 0 60 7 146 0 20 9 43 0 198 145 0 134 44 0 52 101 0 64 28 54 0 129 0 135 40 0 76 4 0 15 0 |Drone Time: 7380.826603|7380.826603,0.000000,0.000000,0.000000
Drone 2: 0 195 72 114 0 186 115 194 178 0 192 164 179 51 0 117 0 104 13 0 70 142 0 196 45 139 0 62 85 0 188 0 110 99 0 27 0 |Drone Time: 7382.497298|7382.497298,0.000000,0.000000,0.000000
Drone 3: 0 61 155 78 177 109 0 128 152 187 0 80 83 0 170 171 116 0 65 31 0 105 189 0 90 0 193 107 0 77 32 147 0 34 0 |Drone Time: 7379.303194|7379.303194,0.000000,0.000000,0.000000
Drone 4: 0 120 0 133 174 0 151 125 159 113 33 0 46 19 0 82 132 81 0 6 98 0 97 0 49 156 0 153 0 175 0 |Drone Time: 7382.112409|7382.112409,0.000000,0.000000,0.000000
Drone 5: 0 63 73 0 143 0 126 37 0 57 94 12 148 0 161 0 17 121 0 131 56 74 0 16 163 0 89 0 183 158 0 67 127 0 |Drone Time: 7281.743475|7281.743475,0.000000,0.000000,0.000000
Total validation: Makespan=7382.614659, Deadline violation=0.000000, Energy violation=0.000000, Capacity violation=0.000000"
200.10.3,200,4,adaptive,g1,0.3,0.2,0.1,0.3,45,0,10033.142674,6435.321684,6435.321684,6435.321684,1791.724119,FEASIBLE,"Truck 1: 0 155 42 31 188 139 95 197 38 63 0 182 14 1 133 13 100 65 190 0 |Truck Time: 6398.008080|6398.008080,0.000000,0.000000,0.000000
Truck 2: 0 8 85 56 154 0 123 7 25 0 112 130 29 68 196 0 |Truck Time: 6435.321684|6435.321684,0.000000,0.000000,0.000000
Truck 3: 0 104 15 40 21 161 117 122 84 97 0 181 54 168 74 34 185 91 99 126 67 108 0 |Truck Time: 6428.661587|6428.661587,0.000000,0.000000,0.000000
Truck 4: 0 11 23 2 0 141 165 24 9 88 71 92 101 62 180 0 164 35 109 153 128 150 149 0 |Truck Time: 6378.180611|6378.180611,0.000000,0.000000,0.000000
Truck 5: 0 136 175 87 189 106 39 93 0 27 110 127 102 86 137 0 158 162 144 41 52 16 96 76 0 |Truck Time: 6183.653368|6183.653368,0.000000,0.000000,0.000000","Drone 1: 0 116 191 177 0 49 47 0 166 72 0 113 159 163 70 0 167 43 187 0 55 147 105 0 69 30 0 160 148 0 172 0 18 12 0 5 3 0 |Drone Time: 6374.820729|6374.820729,0.000000,0.000000,0.000000
Drone 2: 0 79 0 138 200 28 60 0 152 20 44 0 131 75 151 0 78 170 45 0 103 98 0 46 0 118 120 81 0 59 0 36 0 |Drone Time: 6338.398443|6338.398443,0.000000,0.000000,0.000000
Drone 3: 0 111 171 0 194 6 0 66 48 174 0 140 132 0 129 0 50 192 0 176 80 0 90 0 32 19 0 |Drone Time: 6415.855771|6415.855771,0.000000,0.000000,0.000000
Drone 4: 0 124 37 125 0 183 33 178 135 0 58 0 53 115 198 0 107 169 17 0 121 0 4 199 0 179 143 0 89 0 193 142 0 |Drone Time: 6414.797326|6414.797326,0.000000,0.000000,0.000000
Drone 5: 0 77 51 10 64 26 0 82 83 0 173 114 195 0 22 0 134 119 61 0 157 0 184 0 73 146 145 156 0 94 57 186 0 |Drone Time: 6367.862454|6367.862454,0.000000,0.000000,0.000000",6435.321684,0.0,0.0,0.0,"Truck Routes:
Truck 1: 0 155 42 31 188 139 95 197 38 63 0 182 14 1 133 13 100 65 190 0 |Truck Time: 6398.008080|6398.008080,0.000000,0.000000,0.000000
Truck 2: 0 8 85 56 154 0 123 7 25 0 112 130 29 68 196 0 |Truck Time: 6435.321684|6435.321684,0.000000,0.000000,0.000000
Truck 3: 0 104 15 40 21 161 117 122 84 97 0 181 54 168 74 34 185 91 99 126 67 108 0 |Truck Time: 6428.661587|6428.661587,0.000000,0.000000,0.000000
Truck 4: 0 11 23 2 0 141 165 24 9 88 71 92 101 62 180 0 164 35 109 153 128 150 149 0 |Truck Time: 6378.180611|6378.180611,0.000000,0.000000,0.000000
Truck 5: 0 136 175 87 189 106 39 93 0 27 110 127 102 86 137 0 158 162 144 41 52 16 96 76 0 |Truck Time: 6183.653368|6183.653368,0.000000,0.000000,0.000000
Drone Routes:
Drone 1: 0 116 191 177 0 49 47 0 166 72 0 113 159 163 70 0 167 43 187 0 55 147 105 0 69 30 0 160 148 0 172 0 18 12 0 5 3 0 |Drone Time: 6374.820729|6374.820729,0.000000,0.000000,0.000000
Drone 2: 0 79 0 138 200 28 60 0 152 20 44 0 131 75 151 0 78 170 45 0 103 98 0 46 0 118 120 81 0 59 0 36 0 |Drone Time: 6338.398443|6338.398443,0.000000,0.000000,0.000000
Drone 3: 0 111 171 0 194 6 0 66 48 174 0 140 132 0 129 0 50 192 0 176 80 0 90 0 32 19 0 |Drone Time: 6415.855771|6415.855771,0.000000,0.000000,0.000000
Drone 4: 0 124 37 125 0 183 33 178 135 0 58 0 53 115 198 0 107 169 17 0 121 0 4 199 0 179 143 0 89 0 193 142 0 |Drone Time: 6414.797326|6414.797326,0.000000,0.000000,0.000000
Drone 5: 0 77 51 10 64 26 0 82 83 0 173 114 195 0 22 0 134 119 61 0 157 0 184 0 73 146 145 156 0 94 57 186 0 |Drone Time: 6367.862454|6367.862454,0.000000,0.000000,0.000000
Total validation: Makespan=6435.321684, Deadline violation=0.000000, Energy violation=0.000000, Capacity violation=0.000000"
200.10.3,200,4,adaptive,g2,0.5,0.3,0.1,0.3,45,0,10033.142674,6435.321684,6435.321684,6435.321684,1863.352357,FEASIBLE,"Truck 1: 0 65 155 42 31 188 139 95 197 38 63 0 182 14 1 133 13 100 190 2 0 |Truck Time: 6409.024871|6409.024871,0.000000,0.000000,0.000000
Truck 2: 0 8 85 56 154 0 123 7 25 0 112 130 29 68 196 0 |Truck Time: 6435.321684|6435.321684,0.000000,0.000000,0.000000
Truck 3: 0 169 15 40 21 161 117 122 103 17 0 181 54 168 74 34 185 91 99 126 67 108 0 |Truck Time: 6429.733842|6429.733842,0.000000,0.000000,0.000000
Truck 4: 0 11 23 0 141 165 9 24 88 71 92 101 62 180 0 164 35 109 153 128 150 149 0 |Truck Time: 6378.787562|6378.787562,0.000000,0.000000,0.000000
Truck 5: 0 136 175 87 189 32 39 93 0 27 110 127 102 86 137 0 158 16 162 144 41 52 96 76 0 |Truck Time: 6412.081737|6412.081737,0.000000,0.000000,0.000000","Drone 1: 0 191 116 177 0 49 47 0 125 124 0 113 166 72 0 167 43 187 0 55 147 105 0 69 30 0 160 148 0 172 0 18 12 0 5 3 0 |Drone Time: 6427.383906|6427.383906,0.000000,0.000000,0.000000
Drone 2: 0 79 0 138 200 28 60 0 152 20 44 0 131 75 151 0 97 78 170 45 0 104 98 0 46 0 118 120 81 0 59 0 36 0 |Drone Time: 6423.375367|6423.375367,0.000000,0.000000,0.000000
Drone 3: 0 111 171 0 194 6 0 48 66 174 0 140 132 0 129 0 50 192 0 176 80 0 90 0 106 19 0 |Drone Time: 6380.766077|6380.766077,0.000000,0.000000,0.000000
Drone 4: 0 37 159 163 70 0 183 33 178 135 0 58 0 53 115 198 0 107 84 0 121 0 4 199 0 179 143 0 89 0 193 142 0 |Drone Time: 6414.829964|6414.829964,0.000000,0.000000,0.000000
Drone 5: 0 77 51 10 64 26 0 82 83 0 173 114 195 0 22 0 134 119 61 0 157 0 184 0 73 146 145 156 0 94 57 186 0 |Drone Time: 6367.862454|6367.862454,0.000000,0.000000,0.000000",6435.321684,0.0,0.0,0.0,"Truck Routes:
Truck 1: 0 65 155 42 31 188 139 95 197 38 63 0 182 14 1 133 13 100 190 2 0 |Truck Time: 6409.024871|6409.024871,0.000000,0.000000,0.000000
Truck 2: 0 8 85 56 154 0 123 7 25 0 112 130 29 68 196 0 |Truck Time: 6435.321684|6435.321684,0.000000,0.000000,0.000000
Truck 3: 0 169 15 40 21 161 117 122 103 17 0 181 54 168 74 34 185 91 99 126 67 108 0 |Truck Time: 6429.733842|6429.733842,0.000000,0.000000,0.000000
Truck 4: 0 11 23 0 141 165 9 24 88 71 92 101 62 180 0 164 35 109 153 128 150 149 0 |Truck Time: 6378.787562|6378.787562,0.000000,0.000000,0.000000
Truck 5: 0 136 175 87 189 32 39 93 0 27 110 127 102 86 137 0 158 16 162 144 41 52 96 76 0 |Truck Time: 6412.081737|6412.081737,0.000000,0.000000,0.000000
Drone Routes:
Drone 1: 0 191 116 177 0 49 47 0 125 124 0 113 166 72 0 167 43 187 0 55 147 105 0 69 30 0 160 148 0 172 0 18 12 0 5 3 0 |Drone Time: 6427.383906|6427.383906,0.000000,0.000000,0.000000
Drone 2: 0 79 0 138 200 28 60 0 152 20 44 0 131 75 151 0 97 78 170 45 0 104 98 0 46 0 118 120 81 0 59 0 36 0 |Drone Time: 6423.375367|6423.375367,0.000000,0.000000,0.000000
Drone 3: 0 111 171 0 194 6 0 48 66 174 0 140 132 0 129 0 50 192 0 176 80 0 90 0 106 19 0 |Drone Time: 6380.766077|6380.766077,0.000000,0.000000,0.000000
Drone 4: 0 37 159 163 70 0 183 33 178 135 0 58 0 53 115 198 0 107 84 0 121 0 4 199 0 179 143 0 89 0 193 142 0 |Drone Time: 6414.829964|6414.829964,0.000000,0.000000,0.000000
Drone 5: 0 77 51 10 64 26 0 82 83 0 173 114 195 0 22 0 134 119 61 0 157 0 184 0 73 146 145 156 0 94 57 186 0 |Drone Time: 6367.862454|6367.862454,0.000000,0.000000,0.000000
Total validation: Makespan=6435.321684, Deadline violation=0.000000, Energy violation=0.000000, Capacity violation=0.000000"
200.10.3,200,4,adaptive,g3,0.3,0.2,0.1,0.6,45,0,10033.142674,6435.321684,6435.321684,6435.321684,1807.833697,FEASIBLE,"Truck 1: 0 65 155 42 31 188 139 95 197 38 63 0 182 14 1 133 13 100 190 2 0 |Truck Time: 6409.024871|6409.024871,0.000000,0.000000,0.000000
Truck 2: 0 8 85 56 154 0 123 7 25 0 112 130 29 68 196 0 |Truck Time: 6435.321684|6435.321684,0.000000,0.000000,0.000000
Truck 3: 0 169 15 40 21 161 117 122 103 17 0 181 54 168 74 34 185 91 99 126 67 108 0 |Truck Time: 6429.733842|6429.733842,0.000000,0.000000,0.000000
Truck 4: 0 11 23 0 141 165 9 24 88 71 92 101 62 180 0 164 35 109 153 128 150 149 0 |Truck Time: 6378.787562|6378.787562,0.000000,0.000000,0.000000
Truck 5: 0 136 175 87 189 32 39 93 0 27 110 127 102 86 137 0 158 16 162 144 41 52 96 76 0 |Truck Time: 6412.081737|6412.081737,0.000000,0.000000,0.000000","Drone 1: 0 191 116 177 0 49 47 0 125 124 0 113 166 72 0 167 43 187 0 55 147 105 0 69 30 0 160 148 0 172 0 18 12 0 5 3 0 |Drone Time: 6427.383906|6427.383906,0.000000,0.000000,0.000000
Drone 2: 0 79 0 138 200 28 60 0 152 20 44 0 131 75 151 0 97 78 170 45 0 104 98 0 46 0 118 120 81 0 59 0 36 0 |Drone Time: 6423.375367|6423.375367,0.000000,0.000000,0.000000
Drone 3: 0 111 171 0 194 6 0 48 66 174 0 140 132 0 129 0 50 192 0 176 80 0 90 0 106 19 0 |Drone Time: 6380.766077|6380.766077,0.000000,0.000000,0.000000
Drone 4: 0 37 159 163 70 0 183 33 178 135 0 58 0 53 115 198 0 107 84 0 121 0 4 199 0 179 143 0 89 0 193 142 0 |Drone Time: 6414.829964|6414.829964,0.000000,0.000000,0.000000
Drone 5: 0 77 51 10 64 26 0 82 83 0 173 114 195 0 22 0 134 119 61 0 157 0 184 0 73 146 145 156 0 94 57 186 0 |Drone Time: 6367.862454|6367.862454,0.000000,0.000000,0.000000",6435.321684,0.0,0.0,0.0,"Truck Routes:
Truck 1: 0 65 155 42 31 188 139 95 197 38 63 0 182 14 1 133 13 100 190 2 0 |Truck Time: 6409.024871|6409.024871,0.000000,0.000000,0.000000
Truck 2: 0 8 85 56 154 0 123 7 25 0 112 130 29 68 196 0 |Truck Time: 6435.321684|6435.321684,0.000000,0.000000,0.000000
Truck 3: 0 169 15 40 21 161 117 122 103 17 0 181 54 168 74 34 185 91 99 126 67 108 0 |Truck Time: 6429.733842|6429.733842,0.000000,0.000000,0.000000
Truck 4: 0 11 23 0 141 165 9 24 88 71 92 101 62 180 0 164 35 109 153 128 150 149 0 |Truck Time: 6378.787562|6378.787562,0.000000,0.000000,0.000000
Truck 5: 0 136 175 87 189 32 39 93 0 27 110 127 102 86 137 0 158 16 162 144 41 52 96 76 0 |Truck Time: 6412.081737|6412.081737,0.000000,0.000000,0.000000
Drone Routes:
Drone 1: 0 191 116 177 0 49 47 0 125 124 0 113 166 72 0 167 43 187 0 55 147 105 0 69 30 0 160 148 0 172 0 18 12 0 5 3 0 |Drone Time: 6427.383906|6427.383906,0.000000,0.000000,0.000000
Drone 2: 0 79 0 138 200 28 60 0 152 20 44 0 131 75 151 0 97 78 170 45 0 104 98 0 46 0 118 120 81 0 59 0 36 0 |Drone Time: 6423.375367|6423.375367,0.000000,0.000000,0.000000
Drone 3: 0 111 171 0 194 6 0 48 66 174 0 140 132 0 129 0 50 192 0 176 80 0 90 0 106 19 0 |Drone Time: 6380.766077|6380.766077,0.000000,0.000000,0.000000
Drone 4: 0 37 159 163 70 0 183 33 178 135 0 58 0 53 115 198 0 107 84 0 121 0 4 199 0 179 143 0 89 0 193 142 0 |Drone Time: 6414.829964|6414.829964,0.000000,0.000000,0.000000
Drone 5: 0 77 51 10 64 26 0 82 83 0 173 114 195 0 22 0 134 119 61 0 157 0 184 0 73 146 145 156 0 94 57 186 0 |Drone Time: 6367.862454|6367.862454,0.000000,0.000000,0.000000
Total validation: Makespan=6435.321684, Deadline violation=0.000000, Energy violation=0.000000, Capacity violation=0.000000"
200.10.3,200,4,adaptive,g4,0.5,0.3,0.1,0.6,45,0,10033.142674,6435.321684,6435.321684,6435.321684,1741.194866,FEASIBLE,"Truck 1: 0 65 42 31 188 139 95 197 38 63 0 182 14 1 133 13 190 100 155 0 |Truck Time: 6386.375534|6386.375534,0.000000,0.000000,0.000000
Truck 2: 0 8 85 56 154 0 123 7 25 0 112 130 29 68 196 0 |Truck Time: 6435.321684|6435.321684,0.000000,0.000000,0.000000
Truck 3: 0 169 15 40 21 161 117 122 103 17 0 181 54 168 74 34 185 91 99 126 67 108 0 |Truck Time: 6429.733842|6429.733842,0.000000,0.000000,0.000000
Truck 4: 0 11 23 2 0 141 165 24 9 88 71 92 101 62 180 0 164 35 109 153 128 150 149 0 |Truck Time: 6378.180611|6378.180611,0.000000,0.000000,0.000000
Truck 5: 0 136 175 87 189 106 39 93 0 27 110 127 102 86 137 0 158 162 144 41 52 16 96 76 0 |Truck Time: 6183.653368|6183.653368,0.000000,0.000000,0.000000","Drone 1: 0 89 177 0 49 47 0 125 124 0 113 166 72 0 167 43 187 0 55 147 105 0 69 30 0 160 148 0 172 0 18 12 0 5 3 0 |Drone Time: 6400.646815|6400.646815,0.000000,0.000000,0.000000
Drone 2: 0 79 0 138 200 28 60 0 152 20 44 0 131 75 151 0 97 78 170 45 0 104 98 0 46 0 118 120 81 0 59 0 36 0 |Drone Time: 6423.375367|6423.375367,0.000000,0.000000,0.000000
Drone 3: 0 111 171 0 194 6 0 174 48 66 0 140 132 0 129 0 50 192 0 176 80 0 90 0 32 19 0 |Drone Time: 6415.855771|6415.855771,0.000000,0.000000,0.000000
Drone 4: 0 37 159 163 70 0 183 33 178 135 0 58 0 53 115 198 0 107 84 0 121 0 4 199 0 179 143 0 116 191 0 193 142 0 |Drone Time: 6423.309807|6423.309807,0.000000,0.000000,0.000000
Drone 5: 0 77 51 10 64 26 0 82 83 0 173 114 195 0 22 0 134 119 61 0 157 0 184 0 73 146 145 156 0 94 57 186 0 |Drone Time: 6367.862454|6367.862454,0.000000,0.000000,0.000000",6435.321684,0.0,0.0,0.0,"Truck Routes:
Truck 1: 0 65 42 31 188 139 95 197 38 63 0 182 14 1 133 13 190 100 155 0 |Truck Time: 6386.375534|6386.375534,0.000000,0.000000,0.000000
Truck 2: 0 8 85 56 154 0 123 7 25 0 112 130 29 68 196 0 |Truck Time: 6435.321684|6435.321684,0.000000,0.000000,0.000000
Truck 3: 0 169 15 40 21 161 117 122 103 17 0 181 54 168 74 34 185 91 99 126 67 108 0 |Truck Time: 6429.733842|6429.733842,0.000000,0.000000,0.000000
Truck 4: 0 11 23 2 0 141 165 24 9 88 71 92 101 62 180 0 164 35 109 153 128 150 149 0 |Truck Time: 6378.180611|6378.180611,0.000000,0.000000,0.000000
Truck 5: 0 136 175 87 189 106 39 93 0 27 110 127 102 86 137 0 158 162 144 41 52 16 96 76 0 |Truck Time: 6183.653368|6183.653368,0.000000,0.000000,0.000000
Drone Routes:
Drone 1: 0 89 177 0 49 47 0 125 124 0 113 166 72 0 167 43 187 0 55 147 105 0 69 30 0 160 148 0 172 0 18 12 0 5 3 0 |Drone Time: 6400.646815|6400.646815,0.000000,0.000000,0.000000
Drone 2: 0 79 0 138 200 28 60 0 152 20 44 0 131 75 151 0 97 78 170 45 0 104 98 0 46 0 118 120 81 0 59 0 36 0 |Drone Time: 6423.375367|6423.375367,0.000000,0.000000,0.000000
Drone 3: 0 111 171 0 194 6 0 174 48 66 0 140 132 0 129 0 50 192 0 176 80 0 90 0 32 19 0 |Drone Time: 6415.855771|6415.855771,0.000000,0.000000,0.000000
Drone 4: 0 37 159 163 70 0 183 33 178 135 0 58 0 53 115 198 0 107 84 0 121 0 4 199 0 179 143 0 116 191 0 193 142 0 |Drone Time: 6423.309807|6423.309807,0.000000,0.000000,0.000000
Drone 5: 0 77 51 10 64 26 0 82 83 0 173 114 195 0 22 0 134 119 61 0 157 0 184 0 73 146 145 156 0 94 57 186 0 |Drone Time: 6367.862454|6367.862454,0.000000,0.000000,0.000000
Total validation: Makespan=6435.321684, Deadline violation=0.000000, Energy violation=0.000000, Capacity violation=0.000000"
200.10.3,200,4,cyclic,,,,,,45,0,10033.142674,5913.365394,5913.365394,5913.365394,1784.509965,FEASIBLE,"Truck 1: 0 65 18 59 155 0 164 177 35 191 95 44 153 63 115 0 123 150 138 0 |Truck Time: 5880.064706|5880.064706,0.000000,0.000000,0.000000
Truck 2: 0 39 180 8 154 62 85 162 125 46 16 0 23 47 134 156 188 197 38 149 192 86 137 0 |Truck Time: 5857.304793|5857.304793,0.000000,0.000000,0.000000
Truck 3: 0 182 199 122 161 80 82 140 84 103 184 14 1 0 25 7 200 66 50 143 110 0 |Truck Time: 5882.472247|5882.472247,0.000000,0.000000,0.000000
Truck 4: 0 170 112 68 130 29 146 198 0 92 114 71 9 88 24 173 43 141 20 106 0 |Truck Time: 5913.365394|5913.365394,0.000000,0.000000,0.000000
Truck 5: 0 108 99 91 185 34 28 189 87 175 32 136 0 172 76 96 104 58 160 148 190 5 2 186 11 0 27 79 0 |Truck Time: 5888.671470|5888.671470,0.000000,0.000000,0.000000","Drone 1: 0 169 120 178 0 124 0 163 159 113 70 0 93 0 41 0 40 0 109 139 49 0 158 144 0 30 193 53 0 67 0 |Drone Time: 5884.635444|5884.635444,0.000000,0.000000,0.000000
Drone 2: 0 74 48 10 0 168 174 64 0 119 0 111 31 73 0 194 4 0 129 0 102 0 75 52 0 55 121 0 187 151 26 152 0 |Drone Time: 5908.150720|5908.150720,0.000000,0.000000,0.000000
Drone 3: 0 126 0 54 105 77 0 83 117 118 0 147 181 0 37 72 101 0 3 22 0 94 69 0 6 98 0 127 0 |Drone Time: 5883.786097|5883.786097,0.000000,0.000000,0.000000
Drone 4: 0 157 0 171 145 196 0 13 33 142 0 51 90 60 0 131 167 165 0 19 135 183 0 78 100 0 15 81 0 |Drone Time: 5894.852458|5894.852458,0.000000,0.000000,0.000000
Drone 5: 0 42 45 57 0 97 0 61 36 12 0 132 133 176 0 107 21 0 128 116 0 179 89 0 166 195 56 0 17 0 |Drone Time: 5908.279002|5908.279002,0.000000,0.000000,0.000000",5913.365394,0.0,0.0,0.0,"Truck Routes:
Truck 1: 0 65 18 59 155 0 164 177 35 191 95 44 153 63 115 0 123 150 138 0 |Truck Time: 5880.064706|5880.064706,0.000000,0.000000,0.000000
Truck 2: 0 39 180 8 154 62 85 162 125 46 16 0 23 47 134 156 188 197 38 149 192 86 137 0 |Truck Time: 5857.304793|5857.304793,0.000000,0.000000,0.000000
Truck 3: 0 182 199 122 161 80 82 140 84 103 184 14 1 0 25 7 200 66 50 143 110 0 |Truck Time: 5882.472247|5882.472247,0.000000,0.000000,0.000000
Truck 4: 0 170 112 68 130 29 146 198 0 92 114 71 9 88 24 173 43 141 20 106 0 |Truck Time: 5913.365394|5913.365394,0.000000,0.000000,0.000000
Truck 5: 0 108 99 91 185 34 28 189 87 175 32 136 0 172 76 96 104 58 160 148 190 5 2 186 11 0 27 79 0 |Truck Time: 5888.671470|5888.671470,0.000000,0.000000,0.000000
Drone Routes:
Drone 1: 0 169 120 178 0 124 0 163 159 113 70 0 93 0 41 0 40 0 109 139 49 0 158 144 0 30 193 53 0 67 0 |Drone Time: 5884.635444|5884.635444,0.000000,0.000000,0.000000
Drone 2: 0 74 48 10 0 168 174 64 0 119 0 111 31 73 0 194 4 0 129 0 102 0 75 52 0 55 121 0 187 151 26 152 0 |Drone Time: 5908.150720|5908.150720,0.000000,0.000000,0.000000
Drone 3: 0 126 0 54 105 77 0 83 117 118 0 147 181 0 37 72 101 0 3 22 0 94 69 0 6 98 0 127 0 |Drone Time: 5883.786097|5883.786097,0.000000,0.000000,0.000000
Drone 4: 0 157 0 171 145 196 0 13 33 142 0 51 90 60 0 131 167 165 0 19 135 183 0 78 100 0 15 81 0 |Drone Time: 5894.852458|5894.852458,0.000000,0.000000,0.000000
Drone 5: 0 42 45 57 0 97 0 61 36 12 0 132 133 176 0 107 21 0 128 116 0 179 89 0 166 195 56 0 17 0 |Drone Time: 5908.279002|5908.279002,0.000000,0.000000,0.000000
Total validation: Makespan=5913.365394, Deadline violation=0.000000, Energy violation=0.000000, Capacity violation=0.000000"
200.10.3,200,4,random,,,,,,45,0,10033.142674,7369.31703,7369.31703,7369.31703,1542.685883,FEASIBLE,"Truck 1: 0 65 190 155 59 18 61 0 38 153 191 116 35 0 112 68 130 29 0 |Truck Time: 7282.223062|7282.223062,0.000000,0.000000,0.000000
Truck 2: 0 154 56 144 162 41 0 108 50 66 200 185 91 99 127 86 26 0 188 36 196 0 |Truck Time: 7351.858214|7351.858214,0.000000,0.000000,0.000000
Truck 3: 0 104 182 122 80 82 184 14 1 97 194 4 76 0 180 8 106 0 25 7 143 137 79 0 |Truck Time: 7295.775621|7295.775621,0.000000,0.000000,0.000000
Truck 4: 0 149 123 150 138 22 0 141 165 24 88 71 166 92 0 21 124 40 15 16 0 |Truck Time: 7369.317030|7369.317030,0.000000,0.000000,0.000000
Truck 5: 0 96 158 27 0 39 136 32 87 189 126 51 0 2 23 198 95 197 0 186 5 0 |Truck Time: 7341.866047|7341.866047,0.000000,0.000000,0.000000","Drone 1: 0 121 159 187 63 0 139 145 31 0 85 72 0 142 81 132 117 0 133 0 55 147 105 0 62 75 0 94 192 0 58 0 67 20 0 172 0 |Drone Time: 7347.285936|7347.285936,0.000000,0.000000,0.000000
Drone 2: 0 10 74 28 60 0 199 13 118 0 179 54 0 151 131 183 163 0 52 101 0 102 168 0 140 0 46 125 113 0 49 0 128 0 |Drone Time: 7299.716365|7299.716365,0.000000,0.000000,0.000000
Drone 3: 0 103 178 0 170 177 44 0 120 0 110 174 0 135 157 9 0 129 0 34 0 84 0 100 78 0 175 0 |Drone Time: 7200.614199|7200.614199,0.000000,0.000000,0.000000
Drone 4: 0 12 156 109 164 64 0 161 83 0 69 73 146 0 3 47 45 0 134 119 0 17 107 169 0 111 171 0 90 0 89 0 193 98 0 |Drone Time: 7350.765269|7350.765269,0.000000,0.000000,0.000000
Drone 5: 0 115 57 53 11 30 176 152 77 48 0 173 114 37 0 167 43 195 0 6 0 42 0 181 0 70 0 160 148 0 19 0 93 33 0 |Drone Time: 7347.712097|7347.712097,0.000000,0.000000,0.000000",7369.31703,0.0,0.0,0.0,"Truck Routes:
Truck 1: 0 65 190 155 59 18 61 0 38 153 191 116 35 0 112 68 130 29 0 |Truck Time: 7282.223062|7282.223062,0.000000,0.000000,0.000000
Truck 2: 0 154 56 144 162 41 0 108 50 66 200 185 91 99 127 86 26 0 188 36 196 0 |Truck Time: 7351.858214|7351.858214,0.000000,0.000000,0.000000
Truck 3: 0 104 182 122 80 82 184 14 1 97 194 4 76 0 180 8 106 0 25 7 143 137 79 0 |Truck Time: 7295.775621|7295.775621,0.000000,0.000000,0.000000
Truck 4: 0 149 123 150 138 22 0 141 165 24 88 71 166 92 0 21 124 40 15 16 0 |Truck Time: 7369.317030|7369.317030,0.000000,0.000000,0.000000
Truck 5: 0 96 158 27 0 39 136 32 87 189 126 51 0 2 23 198 95 197 0 186 5 0 |Truck Time: 7341.866047|7341.866047,0.000000,0.000000,0.000000
Drone Routes:
Drone 1: 0 121 159 187 63 0 139 145 31 0 85 72 0 142 81 132 117 0 133 0 55 147 105 0 62 75 0 94 192 0 58 0 67 20 0 172 0 |Drone Time: 7347.285936|7347.285936,0.000000,0.000000,0.000000
Drone 2: 0 10 74 28 60 0 199 13 118 0 179 54 0 151 131 183 163 0 52 101 0 102 168 0 140 0 46 125 113 0 49 0 128 0 |Drone Time: 7299.716365|7299.716365,0.000000,0.000000,0.000000
Drone 3: 0 103 178 0 170 177 44 0 120 0 110 174 0 135 157 9 0 129 0 34 0 84 0 100 78 0 175 0 |Drone Time: 7200.614199|7200.614199,0.000000,0.000000,0.000000
Drone 4: 0 12 156 109 164 64 0 161 83 0 69 73 146 0 3 47 45 0 134 119 0 17 107 169 0 111 171 0 90 0 89 0 193 98 0 |Drone Time: 7350.765269|7350.765269,0.000000,0.000000,0.000000
Drone 5: 0 115 57 53 11 30 176 152 77 48 0 173 114 37 0 167 43 195 0 6 0 42 0 181 0 70 0 160 148 0 19 0 93 33 0 |Drone Time: 7347.712097|7347.712097,0.000000,0.000000,0.000000
Total validation: Makespan=7369.317030, Deadline violation=0.000000, Energy violation=0.000000, Capacity violation=0.000000"
200.10.3,200,5,adaptive,g1,0.3,0.2,0.1,0.3,46,0,9432.239049,6160.714813,6160.714813,6160.714813,1477.693217,FEASIBLE,"Truck 1: 0 151 173 24 88 157 166 131 0 58 169 15 21 124 40 6 0 |Truck Time: 5802.337653|5802.337653,0.000000,0.000000,0.000000
Truck 2: 0 63 38 197 191 35 0 76 183 125 46 16 0 160 132 184 84 103 122 182 0 |Truck Time: 6134.634558|6134.634558,0.000000,0.000000,0.000000
Truck 3: 0 14 82 80 140 1 133 13 69 148 2 0 198 68 29 130 112 0 |Truck Time: 6160.714813|6160.714813,0.000000,0.000000,0.000000
Truck 4: 0 19 175 87 34 185 110 137 93 152 0 136 181 54 168 10 50 66 200 7 25 143 0 |Truck Time: 6097.710228|6097.710228,0.000000,0.000000,0.000000
Truck 5: 0 23 3 18 155 100 42 59 190 65 5 22 0 141 71 92 85 154 144 162 176 30 0 |Truck Time: 6123.017588|6123.017588,0.000000,0.000000,0.000000","Drone 1: 0 127 0 83 117 142 159 135 0 41 0 95 139 0 43 101 0 73 31 171 45 0 97 199 107 0 11 186 0 180 187 0 67 102 0 |Drone Time: 6119.539429|6119.539429,0.000000,0.000000,0.000000
Drone 2: 0 106 0 17 0 134 156 0 121 91 64 0 60 129 0 61 119 94 115 0 161 37 56 0 55 9 72 0 105 147 32 0 104 0 |Drone Time: 6156.328496|6156.328496,0.000000,0.000000,0.000000
Drone 3: 0 158 0 44 145 146 78 0 178 33 98 0 20 165 0 163 113 70 0 8 0 36 12 0 89 0 188 0 179 123 0 |Drone Time: 6151.894701|6151.894701,0.000000,0.000000,0.000000
Drone 4: 0 118 120 81 0 27 192 0 189 48 174 0 52 114 0 53 196 170 0 77 28 126 0 4 111 0 167 39 0 86 0 108 26 0 |Drone Time: 6134.644205|6134.644205,0.000000,0.000000,0.000000
Drone 5: 0 128 116 57 0 96 194 0 99 74 0 75 195 62 0 51 90 0 109 153 0 149 164 177 0 150 138 0 79 0 49 47 0 172 0 193 0 |Drone Time: 6099.475468|6099.475468,0.000000,0.000000,0.000000",6160.714813,0.0,0.0,0.0,"Truck Routes:
Truck 1: 0 151 173 24 88 157 166 131 0 58 169 15 21 124 40 6 0 |Truck Time: 5802.337653|5802.337653,0.000000,0.000000,0.000000
Truck 2: 0 63 38 197 191 35 0 76 183 125 46 16 0 160 132 184 84 103 122 182 0 |Truck Time: 6134.634558|6134.634558,0.000000,0.000000,0.000000
Truck 3: 0 14 82 80 140 1 133 13 69 148 2 0 198 68 29 130 112 0 |Truck Time: 6160.714813|6160.714813,0.000000,0.000000,0.000000
Truck 4: 0 19 175 87 34 185 110 137 93 152 0 136 181 54 168 10 50 66 200 7 25 143 0 |Truck Time: 6097.710228|6097.710228,0.000000,0.000000,0.000000
Truck 5: 0 23 3 18 155 100 42 59 190 65 5 22 0 141 71 92 85 154 144 162 176 30 0 |Truck Time: 6123.017588|6123.017588,0.000000,0.000000,0.000000
Drone Routes:
Drone 1: 0 127 0 83 117 142 159 135 0 41 0 95 139 0 43 101 0 73 31 171 45 0 97 199 107 0 11 186 0 180 187 0 67 102 0 |Drone Time: 6119.539429|6119.539429,0.000000,0.000000,0.000000
Drone 2: 0 106 0 17 0 134 156 0 121 91 64 0 60 129 0 61 119 94 115 0 161 37 56 0 55 9 72 0 105 147 32 0 104 0 |Drone Time: 6156.328496|6156.328496,0.000000,0.000000,0.000000
Drone 3: 0 158 0 44 145 146 78 0 178 33 98 0 20 165 0 163 113 70 0 8 0 36 12 0 89 0 188 0 179 123 0 |Drone Time: 6151.894701|6151.894701,0.000000,0.000000,0.000000
Drone 4: 0 118 120 81 0 27 192 0 189 48 174 0 52 114 0 53 196 170 0 77 28 126 0 4 111 0 167 39 0 86 0 108 26 0 |Drone Time: 6134.644205|6134.644205,0.000000,0.000000,0.000000
Drone 5: 0 128 116 57 0 96 194 0 99 74 0 75 195 62 0 51 90 0 109 153 0 149 164 177 0 150 138 0 79 0 49 47 0 172 0 193 0 |Drone Time: 6099.475468|6099.475468,0.000000,0.000000,0.000000
Total validation: Makespan=6160.714813, Deadline violation=0.000000, Energy violation=0.000000, Capacity violation=0.000000"
200.10.3,200,5,adaptive,g2,0.5,0.3,0.1,0.3,46,0,9432.239049,5882.395683,5882.395683,5882.395683,1663.123255,FEASIBLE,"Truck 1: 0 151 173 24 88 157 166 0 96 193 169 81 15 40 21 124 6 194 0 172 0 |Truck Time: 5874.495561|5874.495561,0.000000,0.000000,0.000000
Truck 2: 0 63 38 197 191 35 0 183 16 46 158 0 160 97 184 84 103 122 182 0 |Truck Time: 5872.960627|5872.960627,0.000000,0.000000,0.000000
Truck 3: 0 14 140 80 82 1 133 13 58 17 0 112 130 29 68 170 0 |Truck Time: 5882.395683|5882.395683,0.000000,0.000000,0.000000
Truck 4: 0 108 127 99 91 34 87 175 19 0 136 181 54 168 10 50 66 200 7 25 143 123 149 0 |Truck Time: 5852.965667|5852.965667,0.000000,0.000000,0.000000
Truck 5: 0 3 18 155 59 42 100 190 65 5 2 186 11 0 141 71 92 85 154 162 144 125 0 |Truck Time: 5736.926490|5736.926490,0.000000,0.000000,0.000000","Drone 1: 0 199 33 107 135 0 164 192 0 95 139 0 60 129 0 78 73 31 171 0 132 83 117 0 23 0 104 0 26 126 0 |Drone Time: 5867.002572|5867.002572,0.000000,0.000000,0.000000
Drone 2: 0 106 0 22 0 90 0 52 101 0 61 119 94 115 0 75 56 195 37 0 55 9 72 0 105 147 32 0 180 187 0 134 156 0 |Drone Time: 5875.031826|5875.031826,0.000000,0.000000,0.000000
Drone 3: 0 44 145 146 45 176 0 142 113 159 98 0 131 41 0 163 178 70 0 121 67 102 0 36 12 0 51 185 64 0 188 0 93 0 |Drone Time: 5862.484520|5862.484520,0.000000,0.000000,0.000000
Drone 4: 0 118 120 0 8 0 77 28 74 48 189 0 161 0 53 196 198 0 20 165 0 4 111 0 150 138 0 86 0 137 152 0 |Drone Time: 5871.196450|5871.196450,0.000000,0.000000,0.000000
Drone 5: 0 30 76 0 110 174 57 0 43 114 62 0 128 116 0 109 153 0 179 89 177 0 167 39 0 79 0 49 47 0 27 0 69 148 0 |Drone Time: 5827.004044|5827.004044,0.000000,0.000000,0.000000",5882.395683,0.0,0.0,0.0,"Truck Routes:
Truck 1: 0 151 173 24 88 157 166 0 96 193 169 81 15 40 21 124 6 194 0 172 0 |Truck Time: 5874.495561|5874.495561,0.000000,0.000000,0.000000
Truck 2: 0 63 38 197 191 35 0 183 16 46 158 0 160 97 184 84 103 122 182 0 |Truck Time: 5872.960627|5872.960627,0.000000,0.000000,0.000000
Truck 3: 0 14 140 80 82 1 133 13 58 17 0 112 130 29 68 170 0 |Truck Time: 5882.395683|5882.395683,0.000000,0.000000,0.000000
Truck 4: 0 108 127 99 91 34 87 175 19 0 136 181 54 168 10 50 66 200 7 25 143 123 149 0 |Truck Time: 5852.965667|5852.965667,0.000000,0.000000,0.000000
Truck 5: 0 3 18 155 59 42 100 190 65 5 2 186 11 0 141 71 92 85 154 162 144 125 0 |Truck Time: 5736.926490|5736.926490,0.000000,0.000000,0.000000
Drone Routes:
Drone 1: 0 199 33 107 135 0 164 192 0 95 139 0 60 129 0 78 73 31 171 0 132 83 117 0 23 0 104 0 26 126 0 |Drone Time: 5867.002572|5867.002572,0.000000,0.000000,0.000000
Drone 2: 0 106 0 22 0 90 0 52 101 0 61 119 94 115 0 75 56 195 37 0 55 9 72 0 105 147 32 0 180 187 0 134 156 0 |Drone Time: 5875.031826|5875.031826,0.000000,0.000000,0.000000
Drone 3: 0 44 145 146 45 176 0 142 113 159 98 0 131 41 0 163 178 70 0 121 67 102 0 36 12 0 51 185 64 0 188 0 93 0 |Drone Time: 5862.484520|5862.484520,0.000000,0.000000,0.000000
Drone 4: 0 118 120 0 8 0 77 28 74 48 189 0 161 0 53 196 198 0 20 165 0 4 111 0 150 138 0 86 0 137 152 0 |Drone Time: 5871.196450|5871.196450,0.000000,0.000000,0.000000
Drone 5: 0 30 76 0 110 174 57 0 43 114 62 0 128 116 0 109 153 0 179 89 177 0 167 39 0 79 0 49 47 0 27 0 69 148 0 |Drone Time: 5827.004044|5827.004044,0.000000,0.000000,0.000000
Total validation: Makespan=5882.395683, Deadline violation=0.000000, Energy violation=0.000000, Capacity violation=0.000000"
200.10.3,200,5,adaptive,g3,0.3,0.2,0.1,0.6,46,0,9432.239049,5882.395683,5882.395683,5882.395683,1682.007147,FEASIBLE,"Truck 1: 0 151 173 24 88 157 166 0 96 193 169 81 15 40 21 124 6 194 0 172 0 |Truck Time: 5874.495561|5874.495561,0.000000,0.000000,0.000000
Truck 2: 0 63 38 197 191 35 0 183 16 46 158 0 160 97 184 84 103 122 182 0 |Truck Time: 5872.960627|5872.960627,0.000000,0.000000,0.000000
Truck 3: 0 14 140 80 82 1 133 13 58 17 0 112 130 29 68 170 0 |Truck Time: 5882.395683|5882.395683,0.000000,0.000000,0.000000
Truck 4: 0 108 127 99 91 34 87 175 19 0 136 181 54 168 10 50 66 200 7 25 143 123 149 0 |Truck Time: 5852.965667|5852.965667,0.000000,0.000000,0.000000
Truck 5: 0 3 18 155 59 42 100 190 65 5 2 186 11 0 141 71 92 85 154 162 144 125 0 |Truck Time: 5736.926490|5736.926490,0.000000,0.000000,0.000000","Drone 1: 0 199 33 107 135 0 164 192 0 95 139 0 60 129 0 78 73 31 171 0 132 83 117 0 23 0 104 0 26 126 0 |Drone Time: 5867.002572|5867.002572,0.000000,0.000000,0.000000
Drone 2: 0 106 0 22 0 90 0 52 101 0 61 119 94 115 0 75 56 195 37 0 55 9 72 0 105 147 32 0 180 187 0 134 156 0 |Drone Time: 5875.031826|5875.031826,0.000000,0.000000,0.000000
Drone 3: 0 44 145 146 45 176 0 142 113 159 98 0 131 41 0 163 178 70 0 121 67 102 0 36 12 0 51 185 64 0 188 0 93 0 |Drone Time: 5862.484520|5862.484520,0.000000,0.000000,0.000000
Drone 4: 0 118 120 0 8 0 77 28 74 48 189 0 161 0 53 196 198 0 20 165 0 4 111 0 150 138 0 86 0 137 152 0 |Drone Time: 5871.196450|5871.196450,0.000000,0.000000,0.000000
Drone 5: 0 30 76 0 110 174 57 0 43 114 62 0 128 116 0 109 153 0 179 89 177 0 167 39 0 79 0 49 47 0 27 0 69 148 0 |Drone Time: 5827.004044|5827.004044,0.000000,0.000000,0.000000",5882.395683,0.0,0.0,0.0,"Truck Routes:
Truck 1: 0 151 173 24 88 157 166 0 96 193 169 81 15 40 21 124 6 194 0 172 0 |Truck Time: 5874.495561|5874.495561,0.000000,0.000000,0.000000
Truck 2: 0 63 38 197 191 35 0 183 16 46 158 0 160 97 184 84 103 122 182 0 |Truck Time: 5872.960627|5872.960627,0.000000,0.000000,0.000000
Truck 3: 0 14 140 80 82 1 133 13 58 17 0 112 130 29 68 170 0 |Truck Time: 5882.395683|5882.395683,0.000000,0.000000,0.000000
Truck 4: 0 108 127 99 91 34 87 175 19 0 136 181 54 168 10 50 66 200 7 25 143 123 149 0 |Truck Time: 5852.965667|5852.965667,0.000000,0.000000,0.000000
Truck 5: 0 3 18 155 59 42 100 190 65 5 2 186 11 0 141 71 92 85 154 162 144 125 0 |Truck Time: 5736.926490|5736.926490,0.000000,0.000000,0.000000
Drone Routes:
Drone 1: 0 199 33 107 135 0 164 192 0 95 139 0 60 129 0 78 73 31 171 0 132 83 117 0 23 0 104 0 26 126 0 |Drone Time: 5867.002572|5867.002572,0.000000,0.000000,0.000000
Drone 2: 0 106 0 22 0 90 0 52 101 0 61 119 94 115 0 75 56 195 37 0 55 9 72 0 105 147 32 0 180 187 0 134 156 0 |Drone Time: 5875.031826|5875.031826,0.000000,0.000000,0.000000
Drone 3: 0 44 145 146 45 176 0 142 113 159 98 0 131 41 0 163 178 70 0 121 67 102 0 36 12 0 51 185 64 0 188 0 93 0 |Drone Time: 5862.484520|5862.484520,0.000000,0.000000,0.000000
Drone 4: 0 118 120 0 8 0 77 28 74 48 189 0 161 0 53 196 198 0 20 165 0 4 111 0 150 138 0 86 0 137 152 0 |Drone Time: 5871.196450|5871.196450,0.000000,0.000000,0.000000
Drone 5: 0 30 76 0 110 174 57 0 43 114 62 0 128 116 0 109 153 0 179 89 177 0 167 39 0 79 0 49 47 0 27 0 69 148 0 |Drone Time: 5827.004044|5827.004044,0.000000,0.000000,0.000000
Total validation: Makespan=5882.395683, Deadline violation=0.000000, Energy violation=0.000000, Capacity violation=0.000000"
200.10.3,200,5,adaptive,g4,0.5,0.3,0.1,0.6,46,0,9432.239049,6083.106682,6083.106682,6083.106682,1619.221205,FEASIBLE,"Truck 1: 0 93 20 165 173 24 88 157 166 131 0 104 98 15 21 124 40 6 0 |Truck Time: 6035.332026|6035.332026,0.000000,0.000000,0.000000
Truck 2: 0 63 191 197 38 0 144 162 125 46 16 0 160 132 184 84 103 122 182 0 |Truck Time: 6052.389073|6052.389073,0.000000,0.000000,0.000000
Truck 3: 0 14 82 80 140 1 133 13 69 148 2 0 112 130 29 68 170 0 |Truck Time: 6083.106682|6083.106682,0.000000,0.000000,0.000000
Truck 4: 0 19 175 87 34 91 110 127 0 136 181 54 168 10 50 66 200 7 25 143 179 123 0 |Truck Time: 5903.054444|5903.054444,0.000000,0.000000,0.000000
Truck 5: 0 23 3 18 155 100 42 59 190 65 5 22 0 141 71 92 85 154 158 183 76 0 |Truck Time: 5901.738738|5901.738738,0.000000,0.000000,0.000000","Drone 1: 0 8 0 169 83 117 159 135 0 193 0 95 139 0 161 0 73 31 171 45 0 97 111 0 11 186 0 27 149 0 96 194 0 |Drone Time: 6048.583668|6048.583668,0.000000,0.000000,0.000000
Drone 2: 0 86 0 151 0 188 0 51 90 0 52 101 0 119 61 94 115 0 43 114 37 56 0 55 9 72 0 105 147 32 0 176 17 0 |Drone Time: 5968.097359|5968.097359,0.000000,0.000000,0.000000
Drone 3: 0 106 0 44 145 146 78 0 178 33 142 0 180 187 0 163 113 70 0 67 102 0 36 12 0 128 116 0 134 156 0 164 192 0 |Drone Time: 6050.960895|6050.960895,0.000000,0.000000,0.000000
Drone 4: 0 118 120 81 0 41 0 152 189 48 74 0 99 174 0 53 196 198 0 77 28 126 0 4 199 107 0 167 39 0 30 0 137 26 0 |Drone Time: 6080.064565|6080.064565,0.000000,0.000000,0.000000
Drone 5: 0 89 0 108 0 60 129 0 75 195 62 0 121 185 64 0 57 153 109 0 35 177 0 150 138 0 79 0 49 47 0 172 0 58 0 |Drone Time: 6071.900597|6071.900597,0.000000,0.000000,0.000000",6083.106682,0.0,0.0,0.0,"Truck Routes:
Truck 1: 0 93 20 165 173 24 88 157 166 131 0 104 98 15 21 124 40 6 0 |Truck Time: 6035.332026|6035.332026,0.000000,0.000000,0.000000
Truck 2: 0 63 191 197 38 0 144 162 125 46 16 0 160 132 184 84 103 122 182 0 |Truck Time: 6052.389073|6052.389073,0.000000,0.000000,0.000000
Truck 3: 0 14 82 80 140 1 133 13 69 148 2 0 112 130 29 68 170 0 |Truck Time: 6083.106682|6083.106682,0.000000,0.000000,0.000000
Truck 4: 0 19 175 87 34 91 110 127 0 136 181 54 168 10 50 66 200 7 25 143 179 123 0 |Truck Time: 5903.054444|5903.054444,0.000000,0.000000,0.000000
Truck 5: 0 23 3 18 155 100 42 59 190 65 5 22 0 141 71 92 85 154 158 183 76 0 |Truck Time: 5901.738738|5901.738738,0.000000,0.000000,0.000000
Drone Routes:
Drone 1: 0 8 0 169 83 117 159 135 0 193 0 95 139 0 161 0 73 31 171 45 0 97 111 0 11 186 0 27 149 0 96 194 0 |Drone Time: 6048.583668|6048.583668,0.000000,0.000000,0.000000
Drone 2: 0 86 0 151 0 188 0 51 90 0 52 101 0 119 61 94 115 0 43 114 37 56 0 55 9 72 0 105 147 32 0 176 17 0 |Drone Time: 5968.097359|5968.097359,0.000000,0.000000,0.000000
Drone 3: 0 106 0 44 145 146 78 0 178 33 142 0 180 187 0 163 113 70 0 67 102 0 36 12 0 128 116 0 134 156 0 164 192 0 |Drone Time: 6050.960895|6050.960895,0.000000,0.000000,0.000000
Drone 4: 0 118 120 81 0 41 0 152 189 48 74 0 99 174 0 53 196 198 0 77 28 126 0 4 199 107 0 167 39 0 30 0 137 26 0 |Drone Time: 6080.064565|6080.064565,0.000000,0.000000,0.000000
Drone 5: 0 89 0 108 0 60 129 0 75 195 62 0 121 185 64 0 57 153 109 0 35 177 0 150 138 0 79 0 49 47 0 172 0 58 0 |Drone Time: 6071.900597|6071.900597,0.000000,0.000000,0.000000
Total validation: Makespan=6083.106682, Deadline violation=0.000000, Energy violation=0.000000, Capacity violation=0.000000"
200.10.3,200,5,cyclic,,,,,,46,0,9432.239049,6073.120915,6073.120915,6073.120915,1817.702733,FEASIBLE,"Truck 1: 0 123 183 16 46 41 144 162 131 172 0 14 80 82 117 122 103 84 184 97 0 |Truck Time: 6055.411282|6055.411282,0.000000,0.000000,0.000000
Truck 2: 0 17 30 0 24 88 157 71 114 92 154 0 21 124 40 6 76 0 |Truck Time: 5893.830584|5893.830584,0.000000,0.000000,0.000000
Truck 3: 0 4 104 182 199 1 133 160 0 63 191 197 38 0 137 86 67 55 106 39 0 |Truck Time: 5962.143550|5962.143550,0.000000,0.000000,0.000000
Truck 4: 0 25 7 185 34 87 126 108 0 181 54 48 168 66 50 200 143 179 150 138 149 27 0 |Truck Time: 6028.938554|6028.938554,0.000000,0.000000,0.000000
Truck 5: 0 5 65 190 78 69 111 42 100 59 155 0 2 23 47 188 73 112 130 29 68 196 0 |Truck Time: 6073.120915|6073.120915,0.000000,0.000000,0.000000","Drone 1: 0 136 51 0 36 0 110 99 0 10 174 0 169 81 58 0 198 0 93 0 118 161 0 164 35 0 107 15 0 127 102 0 |Drone Time: 6058.435644|6058.435644,0.000000,0.000000,0.000000
Drone 2: 0 116 109 153 177 0 147 175 0 57 115 22 0 49 94 0 79 26 53 0 19 129 0 70 113 159 0 37 72 166 56 0 12 3 11 0 96 0 |Drone Time: 6053.866374|6053.866374,0.000000,0.000000,0.000000
Drone 3: 0 120 83 0 139 145 119 0 178 163 142 98 194 0 173 165 77 0 134 156 0 176 13 0 189 74 28 0 132 140 0 |Drone Time: 6018.972080|6018.972080,0.000000,0.000000,0.000000
Drone 4: 0 33 52 125 0 90 64 0 152 20 43 121 0 85 62 0 44 95 146 0 170 171 45 0 89 0 9 101 75 0 |Drone Time: 6063.202432|6063.202432,0.000000,0.000000,0.000000
Drone 5: 0 31 148 0 158 91 0 8 195 0 167 151 0 61 18 0 192 186 0 32 60 105 0 128 0 193 135 0 187 180 0 141 0 |Drone Time: 6059.719433|6059.719433,0.000000,0.000000,0.000000",6073.120915,0.0,0.0,0.0,"Truck Routes:
Truck 1: 0 123 183 16 46 41 144 162 131 172 0 14 80 82 117 122 103 84 184 97 0 |Truck Time: 6055.411282|6055.411282,0.000000,0.000000,0.000000
Truck 2: 0 17 30 0 24 88 157 71 114 92 154 0 21 124 40 6 76 0 |Truck Time: 5893.830584|5893.830584,0.000000,0.000000,0.000000
Truck 3: 0 4 104 182 199 1 133 160 0 63 191 197 38 0 137 86 67 55 106 39 0 |Truck Time: 5962.143550|5962.143550,0.000000,0.000000,0.000000
Truck 4: 0 25 7 185 34 87 126 108 0 181 54 48 168 66 50 200 143 179 150 138 149 27 0 |Truck Time: 6028.938554|6028.938554,0.000000,0.000000,0.000000
Truck 5: 0 5 65 190 78 69 111 42 100 59 155 0 2 23 47 188 73 112 130 29 68 196 0 |Truck Time: 6073.120915|6073.120915,0.000000,0.000000,0.000000
Drone Routes:
Drone 1: 0 136 51 0 36 0 110 99 0 10 174 0 169 81 58 0 198 0 93 0 118 161 0 164 35 0 107 15 0 127 102 0 |Drone Time: 6058.435644|6058.435644,0.000000,0.000000,0.000000
Drone 2: 0 116 109 153 177 0 147 175 0 57 115 22 0 49 94 0 79 26 53 0 19 129 0 70 113 159 0 37 72 166 56 0 12 3 11 0 96 0 |Drone Time: 6053.866374|6053.866374,0.000000,0.000000,0.000000
Drone 3: 0 120 83 0 139 145 119 0 178 163 142 98 194 0 173 165 77 0 134 156 0 176 13 0 189 74 28 0 132 140 0 |Drone Time: 6018.972080|6018.972080,0.000000,0.000000,0.000000
Drone 4: 0 33 52 125 0 90 64 0 152 20 43 121 0 85 62 0 44 95 146 0 170 171 45 0 89 0 9 101 75 0 |Drone Time: 6063.202432|6063.202432,0.000000,0.000000,0.000000
Drone 5: 0 31 148 0 158 91 0 8 195 0 167 151 0 61 18 0 192 186 0 32 60 105 0 128 0 193 135 0 187 180 0 141 0 |Drone Time: 6059.719433|6059.719433,0.000000,0.000000,0.000000
Total validation: Makespan=6073.120915, Deadline violation=0.000000, Energy violation=0.000000, Capacity violation=0.000000"
200.10.3,200,5,random,,,,,,46,0,9432.239049,6515.131018,6515.131018,6515.131018,1562.295734,FEASIBLE,"Truck 1: 0 75 114 85 92 9 71 157 88 24 165 141 0 192 123 197 198 196 2 0 |Truck Time: 6493.462583|6493.462583,0.000000,0.000000,0.000000
Truck 2: 0 63 38 191 153 35 0 16 46 41 162 144 172 0 169 15 40 124 21 96 0 |Truck Time: 6515.131018|6515.131018,0.000000,0.000000,0.000000
Truck 3: 0 160 97 82 120 117 184 14 1 0 23 73 112 130 29 68 3 0 |Truck Time: 6349.641926|6349.641926,0.000000,0.000000,0.000000
Truck 4: 0 39 108 138 150 127 110 99 91 185 34 87 106 93 0 25 7 66 10 168 54 181 0 |Truck Time: 6345.232757|6345.232757,0.000000,0.000000,0.000000
Truck 5: 0 186 5 69 111 42 100 30 0 155 59 190 65 148 58 182 17 0 27 137 86 79 0 |Truck Time: 6448.524138|6448.524138,0.000000,0.000000,0.000000","Drone 1: 0 179 200 77 0 158 0 126 0 107 161 0 125 163 159 142 33 0 134 156 0 19 90 105 0 84 0 128 116 0 18 61 0 22 94 0 |Drone Time: 6503.227700|6503.227700,0.000000,0.000000,0.000000
Drone 2: 0 49 0 57 45 36 0 177 50 174 0 83 118 199 81 194 0 154 0 129 0 26 55 0 43 62 56 131 187 0 119 47 0 151 76 0 |Drone Time: 6512.999303|6512.999303,0.000000,0.000000,0.000000
Drone 3: 0 80 78 0 167 20 152 0 52 101 0 44 139 0 135 70 178 0 180 0 6 0 67 109 95 12 0 188 0 143 0 |Drone Time: 6485.505544|6485.505544,0.000000,0.000000,0.000000
Drone 4: 0 64 28 74 48 189 0 72 166 37 113 0 89 0 193 98 0 103 53 0 32 121 0 133 0 136 60 147 0 173 104 0 |Drone Time: 6494.056055|6494.056055,0.000000,0.000000,0.000000
Drone 5: 0 132 140 0 13 171 31 0 8 195 0 51 0 102 0 11 176 122 0 183 4 0 170 146 145 0 175 0 115 164 149 0 |Drone Time: 6426.858149|6426.858149,0.000000,0.000000,0.000000",6515.131018,0.0,0.0,0.0,"Truck Routes:
Truck 1: 0 75 114 85 92 9 71 157 88 24 165 141 0 192 123 197 198 196 2 0 |Truck Time: 6493.462583|6493.462583,0.000000,0.000000,0.000000
Truck 2: 0 63 38 191 153 35 0 16 46 41 162 144 172 0 169 15 40 124 21 96 0 |Truck Time: 6515.131018|6515.131018,0.000000,0.000000,0.000000
Truck 3: 0 160 97 82 120 117 184 14 1 0 23 73 112 130 29 68 3 0 |Truck Time: 6349.641926|6349.641926,0.000000,0.000000,0.000000
Truck 4: 0 39 108 138 150 127 110 99 91 185 34 87 106 93 0 25 7 66 10 168 54 181 0 |Truck Time: 6345.232757|6345.232757,0.000000,0.000000,0.000000
Truck 5: 0 186 5 69 111 42 100 30 0 155 59 190 65 148 58 182 17 0 27 137 86 79 0 |Truck Time: 6448.524138|6448.524138,0.000000,0.000000,0.000000
Drone Routes:
Drone 1: 0 179 200 77 0 158 0 126 0 107 161 0 125 163 159 142 33 0 134 156 0 19 90 105 0 84 0 128 116 0 18 61 0 22 94 0 |Drone Time: 6503.227700|6503.227700,0.000000,0.000000,0.000000
Drone 2: 0 49 0 57 45 36 0 177 50 174 0 83 118 199 81 194 0 154 0 129 0 26 55 0 43 62 56 131 187 0 119 47 0 151 76 0 |Drone Time: 6512.999303|6512.999303,0.000000,0.000000,0.000000
Drone 3: 0 80 78 0 167 20 152 0 52 101 0 44 139 0 135 70 178 0 180 0 6 0 67 109 95 12 0 188 0 143 0 |Drone Time: 6485.505544|6485.505544,0.000000,0.000000,0.000000
Drone 4: 0 64 28 74 48 189 0 72 166 37 113 0 89 0 193 98 0 103 53 0 32 121 0 133 0 136 60 147 0 173 104 0 |Drone Time: 6494.056055|6494.056055,0.000000,0.000000,0.000000
Drone 5: 0 132 140 0 13 171 31 0 8 195 0 51 0 102 0 11 176 122 0 183 4 0 170 146 145 0 175 0 115 164 149 0 |Drone Time: 6426.858149|6426.858149,0.000000,0.000000,0.000000
Total validation: Makespan=6515.131018, Deadline violation=0.000000, Energy violation=0.000000, Capacity violation=0.000000"
200.10.4,200,1,adaptive,g1,0.3,0.2,0.1,0.3,42,0,10225.38507,8038.259182,8038.259182,8038.259182,1944.409521,FEASIBLE,"Truck 1: 0 102 145 159 82 79 0 20 114 184 166 109 0 62 36 131 120 129 163 100 0 |Truck Time: 8021.930639|8021.930639,0.000000,0.000000,0.000000
Truck 2: 0 24 157 84 28 57 185 119 132 108 0 153 16 15 31 0 156 154 139 188 0 |Truck Time: 8010.573155|8010.573155,0.000000,0.000000,0.000000
Truck 3: 0 169 138 30 1 90 93 68 97 23 77 0 193 61 33 60 80 0 127 58 137 39 0 |Truck Time: 8019.569670|8019.569670,0.000000,0.000000,0.000000
Truck 4: 0 182 160 5 78 96 17 200 0 190 142 106 42 104 115 46 99 0 118 0 48 52 124 170 113 0 |Truck Time: 8024.705715|8024.705715,0.000000,0.000000,0.000000
Truck 5: 0 19 171 151 199 105 187 0 111 65 9 141 86 0 70 49 63 175 174 172 0 |Truck Time: 8038.259182|8038.259182,0.000000,0.000000,0.000000","Drone 1: 0 130 32 38 2 0 195 50 0 192 66 88 0 165 0 34 0 158 21 0 168 0 43 22 0 148 0 149 0 35 183 0 140 0 6 181 0 |Drone Time: 7910.597638|7910.597638,0.000000,0.000000,0.000000
Drone 2: 0 152 0 126 76 0 117 177 0 18 27 0 56 0 72 0 134 0 53 0 47 0 176 0 85 0 103 81 197 0 189 0 |Drone Time: 8029.368432|8029.368432,0.000000,0.000000,0.000000
Drone 3: 0 11 133 44 67 29 13 122 0 3 54 7 0 173 150 0 37 8 0 4 0 186 164 0 41 0 178 0 14 0 112 0 26 0 143 0 |Drone Time: 8028.767263|8028.767263,0.000000,0.000000,0.000000
Drone 4: 0 45 74 0 10 146 0 55 0 95 98 144 0 167 161 0 64 191 0 155 25 0 196 147 0 101 121 0 92 0 51 71 0 73 0 |Drone Time: 8034.739245|8034.739245,0.000000,0.000000,0.000000
Drone 5: 0 75 91 12 135 0 128 89 123 107 0 180 83 0 194 0 198 179 0 40 125 0 136 0 116 87 0 94 0 59 0 69 162 0 110 0 |Drone Time: 8030.830598|8030.830598,0.000000,0.000000,0.000000",8038.259182,0.0,0.0,0.0,"Truck Routes:
Truck 1: 0 102 145 159 82 79 0 20 114 184 166 109 0 62 36 131 120 129 163 100 0 |Truck Time: 8021.930639|8021.930639,0.000000,0.000000,0.000000
Truck 2: 0 24 157 84 28 57 185 119 132 108 0 153 16 15 31 0 156 154 139 188 0 |Truck Time: 8010.573155|8010.573155,0.000000,0.000000,0.000000
Truck 3: 0 169 138 30 1 90 93 68 97 23 77 0 193 61 33 60 80 0 127 58 137 39 0 |Truck Time: 8019.569670|8019.569670,0.000000,0.000000,0.000000
Truck 4: 0 182 160 5 78 96 17 200 0 190 142 106 42 104 115 46 99 0 118 0 48 52 124 170 113 0 |Truck Time: 8024.705715|8024.705715,0.000000,0.000000,0.000000
Truck 5: 0 19 171 151 199 105 187 0 111 65 9 141 86 0 70 49 63 175 174 172 0 |Truck Time: 8038.259182|8038.259182,0.000000,0.000000,0.000000
Drone Routes:
Drone 1: 0 130 32 38 2 0 195 50 0 192 66 88 0 165 0 34 0 158 21 0 168 0 43 22 0 148 0 149 0 35 183 0 140 0 6 181 0 |Drone Time: 7910.597638|7910.597638,0.000000,0.000000,0.000000
Drone 2: 0 152 0 126 76 0 117 177 0 18 27 0 56 0 72 0 134 0 53 0 47 0 176 0 85 0 103 81 197 0 189 0 |Drone Time: 8029.368432|8029.368432,0.000000,0.000000,0.000000
Drone 3: 0 11 133 44 67 29 13 122 0 3 54 7 0 173 150 0 37 8 0 4 0 186 164 0 41 0 178 0 14 0 112 0 26 0 143 0 |Drone Time: 8028.767263|8028.767263,0.000000,0.000000,0.000000
Drone 4: 0 45 74 0 10 146 0 55 0 95 98 144 0 167 161 0 64 191 0 155 25 0 196 147 0 101 121 0 92 0 51 71 0 73 0 |Drone Time: 8034.739245|8034.739245,0.000000,0.000000,0.000000
Drone 5: 0 75 91 12 135 0 128 89 123 107 0 180 83 0 194 0 198 179 0 40 125 0 136 0 116 87 0 94 0 59 0 69 162 0 110 0 |Drone Time: 8030.830598|8030.830598,0.000000,0.000000,0.000000
Total validation: Makespan=8038.259182, Deadline violation=0.000000, Energy violation=0.000000, Capacity violation=0.000000"
200.10.4,200,1,adaptive,g2,0.5,0.3,0.1,0.3,42,0,10225.38507,8038.259182,8038.259182,8038.259182,1904.282322,FEASIBLE,"Truck 1: 0 102 145 159 82 79 0 20 114 184 166 109 0 62 36 131 120 129 163 100 0 |Truck Time: 8021.930639|8021.930639,0.000000,0.000000,0.000000
Truck 2: 0 24 157 84 28 57 185 119 132 108 0 153 16 15 31 0 156 154 139 188 0 |Truck Time: 8010.573155|8010.573155,0.000000,0.000000,0.000000
Truck 3: 0 169 138 30 1 90 93 68 97 23 77 0 193 61 33 60 80 0 127 58 137 39 0 |Truck Time: 8019.569670|8019.569670,0.000000,0.000000,0.000000
Truck 4: 0 182 160 5 78 96 17 200 0 190 142 106 42 104 115 46 99 0 118 0 48 52 124 170 113 0 |Truck Time: 8024.705715|8024.705715,0.000000,0.000000,0.000000
Truck 5: 0 19 171 151 199 105 187 0 111 65 9 141 86 0 70 49 63 175 174 172 0 |Truck Time: 8038.259182|8038.259182,0.000000,0.000000,0.000000","Drone 1: 0 130 32 38 2 0 195 50 0 192 66 88 0 165 0 34 0 158 21 0 168 0 43 22 0 148 0 149 0 35 183 0 140 0 6 181 0 |Drone Time: 7910.597638|7910.597638,0.000000,0.000000,0.000000
Drone 2: 0 152 0 126 76 0 117 177 0 18 27 0 56 0 72 0 134 0 53 0 47 0 176 0 85 0 103 81 197 0 189 0 |Drone Time: 8029.368432|8029.368432,0.000000,0.000000,0.000000
Drone 3: 0 11 133 44 67 29 13 122 0 3 54 7 0 173 150 0 37 8 0 4 0 186 164 0 41 0 178 0 14 0 112 0 26 0 143 0 |Drone Time: 8028.767263|8028.767263,0.000000,0.000000,0.000000
Drone 4: 0 45 74 0 10 146 0 55 0 95 98 144 0 167 161 0 64 191 0 155 25 0 196 147 0 101 121 0 92 0 51 71 0 73 0 |Drone Time: 8034.739245|8034.739245,0.000000,0.000000,0.000000
Drone 5: 0 75 91 12 135 0 128 89 123 107 0 180 83 0 194 0 198 179 0 40 125 0 136 0 116 87 0 94 0 59 0 69 162 0 110 0 |Drone Time: 8030.830598|8030.830598,0.000000,0.000000,0.000000",8038.259182,0.0,0.0,0.0,"Truck Routes:
Truck 1: 0 102 145 159 82 79 0 20 114 184 166 109 0 62 36 131 120 129 163 100 0 |Truck Time: 8021.930639|8021.930639,0.000000,0.000000,0.000000
Truck 2: 0 24 157 84 28 57 185 119 132 108 0 153 16 15 31 0 156 154 139 188 0 |Truck Time: 8010.573155|8010.573155,0.000000,0.000000,0.000000
Truck 3: 0 169 138 30 1 90 93 68 97 23 77 0 193 61 33 60 80 0 127 58 137 39 0 |Truck Time: 8019.569670|8019.569670,0.000000,0.000000,0.000000
Truck 4: 0 182 160 5 78 96 17 200 0 190 142 106 42 104 115 46 99 0 118 0 48 52 124 170 113 0 |Truck Time: 8024.705715|8024.705715,0.000000,0.000000,0.000000
Truck 5: 0 19 171 151 199 105 187 0 111 65 9 141 86 0 70 49 63 175 174 172 0 |Truck Time: 8038.259182|8038.259182,0.000000,0.000000,0.000000
Drone Routes:
Drone 1: 0 130 32 38 2 0 195 50 0 192 66 88 0 165 0 34 0 158 21 0 168 0 43 22 0 148 0 149 0 35 183 0 140 0 6 181 0 |Drone Time: 7910.597638|7910.597638,0.000000,0.000000,0.000000
Drone 2: 0 152 0 126 76 0 117 177 0 18 27 0 56 0 72 0 134 0 53 0 47 0 176 0 85 0 103 81 197 0 189 0 |Drone Time: 8029.368432|8029.368432,0.000000,0.000000,0.000000
Drone 3: 0 11 133 44 67 29 13 122 0 3 54 7 0 173 150 0 37 8 0 4 0 186 164 0 41 0 178 0 14 0 112 0 26 0 143 0 |Drone Time: 8028.767263|8028.767263,0.000000,0.000000,0.000000
Drone 4: 0 45 74 0 10 146 0 55 0 95 98 144 0 167 161 0 64 191 0 155 25 0 196 147 0 101 121 0 92 0 51 71 0 73 0 |Drone Time: 8034.739245|8034.739245,0.000000,0.000000,0.000000
Drone 5: 0 75 91 12 135 0 128 89 123 107 0 180 83 0 194 0 198 179 0 40 125 0 136 0 116 87 0 94 0 59 0 69 162 0 110 0 |Drone Time: 8030.830598|8030.830598,0.000000,0.000000,0.000000
Total validation: Makespan=8038.259182, Deadline violation=0.000000, Energy violation=0.000000, Capacity violation=0.000000"
200.10.4,200,1,adaptive,g3,0.3,0.2,0.1,0.6,42,0,10225.38507,8038.259182,8038.259182,8038.259182,1675.21964,FEASIBLE,"Truck 1: 0 102 145 159 82 79 0 20 114 184 166 109 0 62 36 131 120 129 163 100 0 |Truck Time: 8021.930639|8021.930639,0.000000,0.000000,0.000000
Truck 2: 0 24 157 84 28 57 185 119 132 108 0 153 16 15 31 0 156 154 139 188 0 |Truck Time: 8010.573155|8010.573155,0.000000,0.000000,0.000000
Truck 3: 0 169 138 30 1 90 93 68 97 23 77 0 193 61 33 60 80 0 127 58 137 39 0 |Truck Time: 8019.569670|8019.569670,0.000000,0.000000,0.000000
Truck 4: 0 182 160 5 78 96 17 200 0 190 142 106 42 104 115 46 99 0 118 0 48 52 124 170 113 0 |Truck Time: 8024.705715|8024.705715,0.000000,0.000000,0.000000
Truck 5: 0 19 171 151 199 105 187 0 111 65 9 141 86 0 70 49 63 175 174 172 0 |Truck Time: 8038.259182|8038.259182,0.000000,0.000000,0.000000","Drone 1: 0 130 32 38 2 0 195 50 0 192 66 88 0 165 0 34 0 158 21 0 168 0 43 22 0 148 0 149 0 35 183 0 140 0 6 181 0 |Drone Time: 7910.597638|7910.597638,0.000000,0.000000,0.000000
Drone 2: 0 152 0 126 76 0 117 177 0 18 27 0 56 0 72 0 134 0 53 0 47 0 176 0 85 0 103 81 197 0 189 0 |Drone Time: 8029.368432|8029.368432,0.000000,0.000000,0.000000
Drone 3: 0 11 133 44 67 29 13 122 0 3 54 7 0 173 150 0 37 8 0 4 0 186 164 0 41 0 178 0 14 0 112 0 26 0 143 0 |Drone Time: 8028.767263|8028.767263,0.000000,0.000000,0.000000
Drone 4: 0 45 74 0 10 146 0 55 0 95 98 144 0 167 161 0 64 191 0 155 25 0 196 147 0 101 121 0 92 0 51 71 0 73 0 |Drone Time: 8034.739245|8034.739245,0.000000,0.000000,0.000000
Drone 5: 0 75 91 12 135 0 128 89 123 107 0 180 83 0 194 0 198 179 0 40 125 0 136 0 116 87 0 94 0 59 0 69 162 0 110 0 |Drone Time: 8030.830598|8030.830598,0.000000,0.000000,0.000000",8038.259182,0.0,0.0,0.0,"Truck Routes:
Truck 1: 0 102 145 159 82 79 0 20 114 184 166 109 0 62 36 131 120 129 163 100 0 |Truck Time: 8021.930639|8021.930639,0.000000,0.000000,0.000000
Truck 2: 0 24 157 84 28 57 185 119 132 108 0 153 16 15 31 0 156 154 139 188 0 |Truck Time: 8010.573155|8010.573155,0.000000,0.000000,0.000000
Truck 3: 0 169 138 30 1 90 93 68 97 23 77 0 193 61 33 60 80 0 127 58 137 39 0 |Truck Time: 8019.569670|8019.569670,0.000000,0.000000,0.000000
Truck 4: 0 182 160 5 78 96 17 200 0 190 142 106 42 104 115 46 99 0 118 0 48 52 124 170 113 0 |Truck Time: 8024.705715|8024.705715,0.000000,0.000000,0.000000
Truck 5: 0 19 171 151 199 105 187 0 111 65 9 141 86 0 70 49 63 175 174 172 0 |Truck Time: 8038.259182|8038.259182,0.000000,0.000000,0.000000
Drone Routes:
Drone 1: 0 130 32 38 2 0 195 50 0 192 66 88 0 165 0 34 0 158 21 0 168 0 43 22 0 148 0 149 0 35 183 0 140 0 6 181 0 |Drone Time: 7910.597638|7910.597638,0.000000,0.000000,0.000000
Drone 2: 0 152 0 126 76 0 117 177 0 18 27 0 56 0 72 0 134 0 53 0 47 0 176 0 85 0 103 81 197 0 189 0 |Drone Time: 8029.368432|8029.368432,0.000000,0.000000,0.000000
Drone 3: 0 11 133 44 67 29 13 122 0 3 54 7 0 173 150 0 37 8 0 4 0 186 164 0 41 0 178 0 14 0 112 0 26 0 143 0 |Drone Time: 8028.767263|8028.767263,0.000000,0.000000,0.000000
Drone 4: 0 45 74 0 10 146 0 55 0 95 98 144 0 167 161 0 64 191 0 155 25 0 196 147 0 101 121 0 92 0 51 71 0 73 0 |Drone Time: 8034.739245|8034.739245,0.000000,0.000000,0.000000
Drone 5: 0 75 91 12 135 0 128 89 123 107 0 180 83 0 194 0 198 179 0 40 125 0 136 0 116 87 0 94 0 59 0 69 162 0 110 0 |Drone Time: 8030.830598|8030.830598,0.000000,0.000000,0.000000
Total validation: Makespan=8038.259182, Deadline violation=0.000000, Energy violation=0.000000, Capacity violation=0.000000"
200.10.4,200,1,adaptive,g4,0.5,0.3,0.1,0.6,42,0,10225.38507,8038.259182,8038.259182,8038.259182,1906.764007,FEASIBLE,"Truck 1: 0 102 145 159 82 79 0 20 114 184 166 109 0 62 36 131 120 129 163 100 0 |Truck Time: 8021.930639|8021.930639,0.000000,0.000000,0.000000
Truck 2: 0 24 157 84 28 57 185 119 132 108 0 153 16 15 31 0 156 154 139 188 0 |Truck Time: 8010.573155|8010.573155,0.000000,0.000000,0.000000
Truck 3: 0 169 138 30 1 90 93 68 97 23 77 0 193 61 33 60 80 0 127 58 137 39 0 |Truck Time: 8019.569670|8019.569670,0.000000,0.000000,0.000000
Truck 4: 0 182 160 5 78 96 17 200 0 190 142 106 42 104 115 46 99 0 118 0 48 52 124 170 113 0 |Truck Time: 8024.705715|8024.705715,0.000000,0.000000,0.000000
Truck 5: 0 19 171 151 199 105 187 0 111 65 9 141 86 0 70 49 63 175 174 172 0 |Truck Time: 8038.259182|8038.259182,0.000000,0.000000,0.000000","Drone 1: 0 130 32 38 2 0 195 50 0 192 66 88 0 165 0 34 0 158 21 0 168 0 43 22 0 148 0 149 0 35 183 0 140 0 6 181 0 |Drone Time: 7910.597638|7910.597638,0.000000,0.000000,0.000000
Drone 2: 0 152 0 126 76 0 117 177 0 18 27 0 56 0 72 0 134 0 53 0 47 0 176 0 85 0 103 81 197 0 189 0 |Drone Time: 8029.368432|8029.368432,0.000000,0.000000,0.000000
Drone 3: 0 11 133 44 67 29 13 122 0 3 54 7 0 173 150 0 37 8 0 4 0 186 164 0 41 0 178 0 14 0 112 0 26 0 143 0 |Drone Time: 8028.767263|8028.767263,0.000000,0.000000,0.000000
Drone 4: 0 45 74 0 10 146 0 55 0 95 98 144 0 167 161 0 64 191 0 155 25 0 196 147 0 101 121 0 92 0 51 71 0 73 0 |Drone Time: 8034.739245|8034.739245,0.000000,0.000000,0.000000
Drone 5: 0 75 91 12 135 0 128 89 123 107 0 180 83 0 194 0 198 179 0 40 125 0 136 0 116 87 0 94 0 59 0 69 162 0 110 0 |Drone Time: 8030.830598|8030.830598,0.000000,0.000000,0.000000",8038.259182,0.0,0.0,0.0,"Truck Routes:
Truck 1: 0 102 145 159 82 79 0 20 114 184 166 109 0 62 36 131 120 129 163 100 0 |Truck Time: 8021.930639|8021.930639,0.000000,0.000000,0.000000
Truck 2: 0 24 157 84 28 57 185 119 132 108 0 153 16 15 31 0 156 154 139 188 0 |Truck Time: 8010.573155|8010.573155,0.000000,0.000000,0.000000
Truck 3: 0 169 138 30 1 90 93 68 97 23 77 0 193 61 33 60 80 0 127 58 137 39 0 |Truck Time: 8019.569670|8019.569670,0.000000,0.000000,0.000000
Truck 4: 0 182 160 5 78 96 17 200 0 190 142 106 42 104 115 46 99 0 118 0 48 52 124 170 113 0 |Truck Time: 8024.705715|8024.705715,0.000000,0.000000,0.000000
Truck 5: 0 19 171 151 199 105 187 0 111 65 9 141 86 0 70 49 63 175 174 172 0 |Truck Time: 8038.259182|8038.259182,0.000000,0.000000,0.000000
Drone Routes:
Drone 1: 0 130 32 38 2 0 195 50 0 192 66 88 0 165 0 34 0 158 21 0 168 0 43 22 0 148 0 149 0 35 183 0 140 0 6 181 0 |Drone Time: 7910.597638|7910.597638,0.000000,0.000000,0.000000
Drone 2: 0 152 0 126 76 0 117 177 0 18 27 0 56 0 72 0 134 0 53 0 47 0 176 0 85 0 103 81 197 0 189 0 |Drone Time: 8029.368432|8029.368432,0.000000,0.000000,0.000000
Drone 3: 0 11 133 44 67 29 13 122 0 3 54 7 0 173 150 0 37 8 0 4 0 186 164 0 41 0 178 0 14 0 112 0 26 0 143 0 |Drone Time: 8028.767263|8028.767263,0.000000,0.000000,0.000000
Drone 4: 0 45 74 0 10 146 0 55 0 95 98 144 0 167 161 0 64 191 0 155 25 0 196 147 0 101 121 0 92 0 51 71 0 73 0 |Drone Time: 8034.739245|8034.739245,0.000000,0.000000,0.000000
Drone 5: 0 75 91 12 135 0 128 89 123 107 0 180 83 0 194 0 198 179 0 40 125 0 136 0 116 87 0 94 0 59 0 69 162 0 110 0 |Drone Time: 8030.830598|8030.830598,0.000000,0.000000,0.000000
Total validation: Makespan=8038.259182, Deadline violation=0.000000, Energy violation=0.000000, Capacity violation=0.000000"
200.10.4,200,1,cyclic,,,,,,42,0,10225.38507,7503.317093,7503.317093,7503.317093,1986.249654,FEASIBLE,"Truck 1: 0 71 102 93 90 1 138 169 145 0 40 109 166 184 114 0 187 139 92 188 128 91 0 |Truck Time: 7476.015668|7476.015668,0.000000,0.000000,0.000000
Truck 2: 0 46 79 185 124 170 195 0 5 164 16 0 127 39 58 25 156 0 |Truck Time: 7490.288414|7490.288414,0.000000,0.000000,0.000000
Truck 3: 0 157 84 35 23 10 0 193 80 61 33 9 86 0 120 18 19 171 137 151 0 |Truck Time: 7503.317093|7503.317093,0.000000,0.000000,0.000000
Truck 4: 0 196 78 73 15 81 115 99 140 200 17 96 0 198 82 56 110 108 48 69 142 0 118 3 30 34 20 0 |Truck Time: 7462.526249|7462.526249,0.000000,0.000000,0.000000
Truck 5: 0 129 163 36 131 0 143 126 4 141 42 24 0 68 63 175 49 70 0 |Truck Time: 7492.188123|7492.188123,0.000000,0.000000,0.000000","Drone 1: 0 165 179 0 65 66 88 0 87 50 29 0 85 190 0 112 172 0 189 75 0 105 12 0 100 181 0 199 0 60 123 0 52 162 0 149 158 0 |Drone Time: 7461.737620|7461.737620,0.000000,0.000000,0.000000
Drone 2: 0 134 2 192 6 0 148 191 0 136 67 0 72 0 132 119 0 168 32 0 147 47 0 176 0 153 107 103 0 160 0 182 0 43 0 |Drone Time: 7400.902937|7400.902937,0.000000,0.000000,0.000000
Drone 3: 0 97 0 174 161 0 7 130 0 37 8 0 55 0 180 0 41 0 38 21 74 0 14 0 167 125 0 44 133 28 0 111 0 |Drone Time: 7484.830479|7484.830479,0.000000,0.000000,0.000000
Drone 4: 0 77 0 31 0 26 0 197 144 98 0 116 64 0 122 113 0 155 27 154 0 106 95 0 101 121 0 45 22 0 51 146 0 135 186 0 |Drone Time: 7485.957569|7485.957569,0.000000,0.000000,0.000000
Drone 5: 0 76 152 11 0 194 0 57 159 0 150 178 0 117 83 0 62 54 0 89 94 0 183 59 0 104 0 13 53 0 173 177 0 |Drone Time: 7489.251752|7489.251752,0.000000,0.000000,0.000000",7503.317093,0.0,0.0,0.0,"Truck Routes:
Truck 1: 0 71 102 93 90 1 138 169 145 0 40 109 166 184 114 0 187 139 92 188 128 91 0 |Truck Time: 7476.015668|7476.015668,0.000000,0.000000,0.000000
Truck 2: 0 46 79 185 124 170 195 0 5 164 16 0 127 39 58 25 156 0 |Truck Time: 7490.288414|7490.288414,0.000000,0.000000,0.000000
Truck 3: 0 157 84 35 23 10 0 193 80 61 33 9 86 0 120 18 19 171 137 151 0 |Truck Time: 7503.317093|7503.317093,0.000000,0.000000,0.000000
Truck 4: 0 196 78 73 15 81 115 99 140 200 17 96 0 198 82 56 110 108 48 69 142 0 118 3 30 34 20 0 |Truck Time: 7462.526249|7462.526249,0.000000,0.000000,0.000000
Truck 5: 0 129 163 36 131 0 143 126 4 141 42 24 0 68 63 175 49 70 0 |Truck Time: 7492.188123|7492.188123,0.000000,0.000000,0.000000
Drone Routes:
Drone 1: 0 165 179 0 65 66 88 0 87 50 29 0 85 190 0 112 172 0 189 75 0 105 12 0 100 181 0 199 0 60 123 0 52 162 0 149 158 0 |Drone Time: 7461.737620|7461.737620,0.000000,0.000000,0.000000
Drone 2: 0 134 2 192 6 0 148 191 0 136 67 0 72 0 132 119 0 168 32 0 147 47 0 176 0 153 107 103 0 160 0 182 0 43 0 |Drone Time: 7400.902937|7400.902937,0.000000,0.000000,0.000000
Drone 3: 0 97 0 174 161 0 7 130 0 37 8 0 55 0 180 0 41 0 38 21 74 0 14 0 167 125 0 44 133 28 0 111 0 |Drone Time: 7484.830479|7484.830479,0.000000,0.000000,0.000000
Drone 4: 0 77 0 31 0 26 0 197 144 98 0 116 64 0 122 113 0 155 27 154 0 106 95 0 101 121 0 45 22 0 51 146 0 135 186 0 |Drone Time: 7485.957569|7485.957569,0.000000,0.000000,0.000000
Drone 5: 0 76 152 11 0 194 0 57 159 0 150 178 0 117 83 0 62 54 0 89 94 0 183 59 0 104 0 13 53 0 173 177 0 |Drone Time: 7489.251752|7489.251752,0.000000,0.000000,0.000000
Total validation: Makespan=7503.317093, Deadline violation=0.000000, Energy violation=0.000000, Capacity violation=0.000000"
200.10.4,200,1,random,,,,,,42,0,10225.38507,7346.693175,7346.693175,7346.693175,2075.268361,FEASIBLE,"Truck 1: 0 96 200 143 115 0 183 102 71 112 168 184 166 114 0 62 120 18 36 131 171 151 129 0 |Truck Time: 7329.812559|7329.812559,0.000000,0.000000,0.000000
Truck 2: 0 195 82 79 0 5 153 16 15 31 0 21 19 27 137 149 0 |Truck Time: 7346.693175|7346.693175,0.000000,0.000000,0.000000
Truck 3: 0 138 30 1 90 93 68 34 0 33 61 80 94 111 0 43 156 58 39 127 0 |Truck Time: 7319.831684|7319.831684,0.000000,0.000000,0.000000
Truck 4: 0 196 182 140 104 42 0 157 84 35 0 46 57 198 159 170 113 124 179 185 132 108 0 158 145 118 20 10 0 |Truck Time: 7310.154778|7310.154778,0.000000,0.000000,0.000000
Truck 5: 0 187 105 12 163 100 0 86 9 141 4 126 17 0 70 49 175 63 172 0 |Truck Time: 7326.864838|7326.864838,0.000000,0.000000,0.000000","Drone 1: 0 144 98 123 0 64 0 65 66 88 0 193 0 77 0 6 14 0 133 41 0 37 8 0 135 91 89 81 0 189 181 0 106 0 56 53 0 |Drone Time: 7317.985048|7317.985048,0.000000,0.000000,0.000000
Drone 2: 0 26 0 174 161 0 139 128 0 192 2 47 0 22 25 0 69 29 134 0 97 0 146 0 125 130 0 160 0 75 0 164 154 0 |Drone Time: 7344.337994|7344.337994,0.000000,0.000000,0.000000
Drone 3: 0 78 197 0 76 119 0 48 83 147 0 50 165 0 55 0 186 0 67 176 44 0 101 121 0 72 0 122 28 0 199 0 99 0 |Drone Time: 7279.007043|7279.007043,0.000000,0.000000,0.000000
Drone 4: 0 173 150 0 107 60 0 188 0 178 190 0 13 117 0 110 0 45 95 0 85 7 0 167 0 92 0 74 38 51 0 103 73 0 24 0 |Drone Time: 7327.531564|7327.531564,0.000000,0.000000,0.000000
Drone 5: 0 180 0 23 0 194 32 155 109 0 11 177 152 0 169 3 0 40 116 0 136 0 191 54 0 148 142 0 59 0 87 0 52 162 0 |Drone Time: 7346.631015|7346.631015,0.000000,0.000000,0.000000",7346.693175,0.0,0.0,0.0,"Truck Routes:
Truck 1: 0 96 200 143 115 0 183 102 71 112 168 184 166 114 0 62 120 18 36 131 171 151 129 0 |Truck Time: 7329.812559|7329.812559,0.000000,0.000000,0.000000
Truck 2: 0 195 82 79 0 5 153 16 15 31 0 21 19 27 137 149 0 |Truck Time: 7346.693175|7346.693175,0.000000,0.000000,0.000000
Truck 3: 0 138 30 1 90 93 68 34 0 33 61 80 94 111 0 43 156 58 39 127 0 |Truck Time: 7319.831684|7319.831684,0.000000,0.000000,0.000000
Truck 4: 0 196 182 140 104 42 0 157 84 35 0 46 57 198 159 170 113 124 179 185 132 108 0 158 145 118 20 10 0 |Truck Time: 7310.154778|7310.154778,0.000000,0.000000,0.000000
Truck 5: 0 187 105 12 163 100 0 86 9 141 4 126 17 0 70 49 175 63 172 0 |Truck Time: 7326.864838|7326.864838,0.000000,0.000000,0.000000
Drone Routes:
Drone 1: 0 144 98 123 0 64 0 65 66 88 0 193 0 77 0 6 14 0 133 41 0 37 8 0 135 91 89 81 0 189 181 0 106 0 56 53 0 |Drone Time: 7317.985048|7317.985048,0.000000,0.000000,0.000000
Drone 2: 0 26 0 174 161 0 139 128 0 192 2 47 0 22 25 0 69 29 134 0 97 0 146 0 125 130 0 160 0 75 0 164 154 0 |Drone Time: 7344.337994|7344.337994,0.000000,0.000000,0.000000
Drone 3: 0 78 197 0 76 119 0 48 83 147 0 50 165 0 55 0 186 0 67 176 44 0 101 121 0 72 0 122 28 0 199 0 99 0 |Drone Time: 7279.007043|7279.007043,0.000000,0.000000,0.000000
Drone 4: 0 173 150 0 107 60 0 188 0 178 190 0 13 117 0 110 0 45 95 0 85 7 0 167 0 92 0 74 38 51 0 103 73 0 24 0 |Drone Time: 7327.531564|7327.531564,0.000000,0.000000,0.000000
Drone 5: 0 180 0 23 0 194 32 155 109 0 11 177 152 0 169 3 0 40 116 0 136 0 191 54 0 148 142 0 59 0 87 0 52 162 0 |Drone Time: 7346.631015|7346.631015,0.000000,0.000000,0.000000
Total validation: Makespan=7346.693175, Deadline violation=0.000000, Energy violation=0.000000, Capacity violation=0.000000"
200.10.4,200,2,adaptive,g1,0.3,0.2,0.1,0.3,43,0,10057.525404,7648.672346,7648.672346,7648.672346,1970.373996,FEASIBLE,"Truck 1: 0 142 79 53 48 143 17 0 19 131 120 18 0 23 13 198 185 132 124 179 110 108 52 99 0 |Truck Time: 7599.779799|7599.779799,0.000000,0.000000,0.000000
Truck 2: 0 178 54 63 49 37 90 0 84 57 28 0 171 137 58 39 127 0 |Truck Time: 7648.672346|7648.672346,0.000000,0.000000,0.000000
Truck 3: 0 24 42 78 111 193 94 33 66 104 0 168 118 101 189 0 91 105 199 154 25 156 0 |Truck Time: 7611.836157|7611.836157,0.000000,0.000000,0.000000
Truck 4: 0 195 159 170 55 76 0 97 71 112 70 72 145 158 0 86 4 126 117 0 |Truck Time: 7646.808815|7646.808815,0.000000,0.000000,0.000000
Truck 5: 0 106 153 81 5 186 149 163 21 0 157 11 44 148 77 0 20 138 1 64 161 167 0 |Truck Time: 7561.652473|7561.652473,0.000000,0.000000,0.000000","Drone 1: 0 74 10 183 0 109 194 0 165 50 0 177 67 162 0 155 139 95 164 0 190 188 0 96 147 6 0 180 0 30 3 0 16 0 196 38 0 |Drone Time: 7439.762362|7439.762362,0.000000,0.000000,0.000000
Drone 2: 0 87 0 15 61 2 0 89 31 0 45 0 169 8 0 151 135 0 41 0 129 62 0 29 14 0 184 0 100 128 0 46 0 182 0 |Drone Time: 7565.782043|7565.782043,0.000000,0.000000,0.000000
Drone 3: 0 22 27 36 0 26 191 0 125 130 0 69 134 0 60 0 174 172 0 35 56 0 82 0 92 0 176 0 73 0 200 0 |Drone Time: 7572.667275|7572.667275,0.000000,0.000000,0.000000
Drone 4: 0 152 119 0 85 116 0 75 0 113 0 9 0 136 0 150 173 0 88 141 0 40 166 0 59 0 51 93 0 43 122 0 140 0 114 0 |Drone Time: 7630.598698|7630.598698,0.000000,0.000000,0.000000
Drone 5: 0 181 121 32 7 0 192 80 0 175 0 12 187 0 123 65 197 103 0 107 144 98 0 83 47 0 102 133 0 34 146 0 160 0 68 0 115 0 |Drone Time: 7642.574974|7642.574974,0.000000,0.000000,0.000000",7648.672346,0.0,0.0,0.0,"Truck Routes:
Truck 1: 0 142 79 53 48 143 17 0 19 131 120 18 0 23 13 198 185 132 124 179 110 108 52 99 0 |Truck Time: 7599.779799|7599.779799,0.000000,0.000000,0.000000
Truck 2: 0 178 54 63 49 37 90 0 84 57 28 0 171 137 58 39 127 0 |Truck Time: 7648.672346|7648.672346,0.000000,0.000000,0.000000
Truck 3: 0 24 42 78 111 193 94 33 66 104 0 168 118 101 189 0 91 105 199 154 25 156 0 |Truck Time: 7611.836157|7611.836157,0.000000,0.000000,0.000000
Truck 4: 0 195 159 170 55 76 0 97 71 112 70 72 145 158 0 86 4 126 117 0 |Truck Time: 7646.808815|7646.808815,0.000000,0.000000,0.000000
Truck 5: 0 106 153 81 5 186 149 163 21 0 157 11 44 148 77 0 20 138 1 64 161 167 0 |Truck Time: 7561.652473|7561.652473,0.000000,0.000000,0.000000
Drone Routes:
Drone 1: 0 74 10 183 0 109 194 0 165 50 0 177 67 162 0 155 139 95 164 0 190 188 0 96 147 6 0 180 0 30 3 0 16 0 196 38 0 |Drone Time: 7439.762362|7439.762362,0.000000,0.000000,0.000000
Drone 2: 0 87 0 15 61 2 0 89 31 0 45 0 169 8 0 151 135 0 41 0 129 62 0 29 14 0 184 0 100 128 0 46 0 182 0 |Drone Time: 7565.782043|7565.782043,0.000000,0.000000,0.000000
Drone 3: 0 22 27 36 0 26 191 0 125 130 0 69 134 0 60 0 174 172 0 35 56 0 82 0 92 0 176 0 73 0 200 0 |Drone Time: 7572.667275|7572.667275,0.000000,0.000000,0.000000
Drone 4: 0 152 119 0 85 116 0 75 0 113 0 9 0 136 0 150 173 0 88 141 0 40 166 0 59 0 51 93 0 43 122 0 140 0 114 0 |Drone Time: 7630.598698|7630.598698,0.000000,0.000000,0.000000
Drone 5: 0 181 121 32 7 0 192 80 0 175 0 12 187 0 123 65 197 103 0 107 144 98 0 83 47 0 102 133 0 34 146 0 160 0 68 0 115 0 |Drone Time: 7642.574974|7642.574974,0.000000,0.000000,0.000000
Total validation: Makespan=7648.672346, Deadline violation=0.000000, Energy violation=0.000000, Capacity violation=0.000000"
200.10.4,200,2,adaptive,g2,0.5,0.3,0.1,0.3,43,0,10057.525404,7648.672346,7648.672346,7648.672346,1975.742689,FEASIBLE,"Truck 1: 0 142 79 53 48 143 17 0 19 131 120 18 0 23 13 198 185 132 124 179 110 108 52 99 0 |Truck Time: 7599.779799|7599.779799,0.000000,0.000000,0.000000
Truck 2: 0 178 54 63 49 37 90 0 84 57 28 0 171 137 58 39 127 0 |Truck Time: 7648.672346|7648.672346,0.000000,0.000000,0.000000
Truck 3: 0 24 42 78 111 193 94 33 66 104 0 168 118 101 189 0 91 105 199 154 25 156 0 |Truck Time: 7611.836157|7611.836157,0.000000,0.000000,0.000000
Truck 4: 0 195 159 170 55 76 0 97 71 112 70 72 145 158 0 86 4 126 117 0 |Truck Time: 7646.808815|7646.808815,0.000000,0.000000,0.000000
Truck 5: 0 106 153 81 5 186 149 163 21 0 157 11 44 148 77 0 20 138 1 64 161 167 0 |Truck Time: 7561.652473|7561.652473,0.000000,0.000000,0.000000","Drone 1: 0 74 10 183 0 109 194 0 165 50 0 177 67 162 0 155 139 95 164 0 190 188 0 96 147 6 0 180 0 30 3 0 16 0 196 38 0 |Drone Time: 7439.762362|7439.762362,0.000000,0.000000,0.000000
Drone 2: 0 87 0 15 61 2 0 89 31 0 45 0 169 8 0 151 135 0 41 0 129 62 0 29 14 0 184 0 100 128 0 46 0 182 0 |Drone Time: 7565.782043|7565.782043,0.000000,0.000000,0.000000
Drone 3: 0 22 27 36 0 26 191 0 125 130 0 69 134 0 60 0 174 172 0 35 56 0 82 0 92 0 176 0 73 0 200 0 |Drone Time: 7572.667275|7572.667275,0.000000,0.000000,0.000000
Drone 4: 0 152 119 0 85 116 0 75 0 113 0 9 0 136 0 150 173 0 88 141 0 40 166 0 59 0 51 93 0 43 122 0 140 0 114 0 |Drone Time: 7630.598698|7630.598698,0.000000,0.000000,0.000000
Drone 5: 0 181 121 32 7 0 192 80 0 175 0 12 187 0 123 65 197 103 0 107 144 98 0 83 47 0 102 133 0 34 146 0 160 0 68 0 115 0 |Drone Time: 7642.574974|7642.574974,0.000000,0.000000,0.000000",7648.672346,0.0,0.0,0.0,"Truck Routes:
Truck 1: 0 142 79 53 48 143 17 0 19 131 120 18 0 23 13 198 185 132 124 179 110 108 52 99 0 |Truck Time: 7599.779799|7599.779799,0.000000,0.000000,0.000000
Truck 2: 0 178 54 63 49 37 90 0 84 57 28 0 171 137 58 39 127 0 |Truck Time: 7648.672346|7648.672346,0.000000,0.000000,0.000000
Truck 3: 0 24 42 78 111 193 94 33 66 104 0 168 118 101 189 0 91 105 199 154 25 156 0 |Truck Time: 7611.836157|7611.836157,0.000000,0.000000,0.000000
Truck 4: 0 195 159 170 55 76 0 97 71 112 70 72 145 158 0 86 4 126 117 0 |Truck Time: 7646.808815|7646.808815,0.000000,0.000000,0.000000
Truck 5: 0 106 153 81 5 186 149 163 21 0 157 11 44 148 77 0 20 138 1 64 161 167 0 |Truck Time: 7561.652473|7561.652473,0.000000,0.000000,0.000000
Drone Routes:
Drone 1: 0 74 10 183 0 109 194 0 165 50 0 177 67 162 0 155 139 95 164 0 190 188 0 96 147 6 0 180 0 30 3 0 16 0 196 38 0 |Drone Time: 7439.762362|7439.762362,0.000000,0.000000,0.000000
Drone 2: 0 87 0 15 61 2 0 89 31 0 45 0 169 8 0 151 135 0 41 0 129 62 0 29 14 0 184 0 100 128 0 46 0 182 0 |Drone Time: 7565.782043|7565.782043,0.000000,0.000000,0.000000
Drone 3: 0 22 27 36 0 26 191 0 125 130 0 69 134 0 60 0 174 172 0 35 56 0 82 0 92 0 176 0 73 0 200 0 |Drone Time: 7572.667275|7572.667275,0.000000,0.000000,0.000000
Drone 4: 0 152 119 0 85 116 0 75 0 113 0 9 0 136 0 150 173 0 88 141 0 40 166 0 59 0 51 93 0 43 122 0 140 0 114 0 |Drone Time: 7630.598698|7630.598698,0.000000,0.000000,0.000000
Drone 5: 0 181 121 32 7 0 192 80 0 175 0 12 187 0 123 65 197 103 0 107 144 98 0 83 47 0 102 133 0 34 146 0 160 0 68 0 115 0 |Drone Time: 7642.574974|7642.574974,0.000000,0.000000,0.000000
Total validation: Makespan=7648.672346, Deadline violation=0.000000, Energy violation=0.000000, Capacity violation=0.000000"
200.10.4,200,2,adaptive,g3,0.3,0.2,0.1,0.6,43,0,10057.525404,7648.672346,7648.672346,7648.672346,1986.957627,FEASIBLE,"Truck 1: 0 142 79 53 48 143 17 0 19 131 120 18 0 23 13 198 185 132 124 179 110 108 52 99 0 |Truck Time: 7599.779799|7599.779799,0.000000,0.000000,0.000000
Truck 2: 0 178 54 63 49 37 90 0 84 57 28 0 171 137 58 39 127 0 |Truck Time: 7648.672346|7648.672346,0.000000,0.000000,0.000000
Truck 3: 0 24 42 78 111 193 94 33 66 104 0 168 118 101 189 0 91 105 199 154 25 156 0 |Truck Time: 7611.836157|7611.836157,0.000000,0.000000,0.000000
Truck 4: 0 195 159 170 55 76 0 97 71 112 70 72 145 158 0 86 4 126 117 0 |Truck Time: 7646.808815|7646.808815,0.000000,0.000000,0.000000
Truck 5: 0 106 153 81 5 186 149 163 21 0 157 11 44 148 77 0 20 138 1 64 161 167 0 |Truck Time: 7561.652473|7561.652473,0.000000,0.000000,0.000000","Drone 1: 0 74 10 183 0 109 194 0 165 50 0 177 67 162 0 155 139 95 164 0 190 188 0 96 147 6 0 180 0 30 3 0 16 0 196 38 0 |Drone Time: 7439.762362|7439.762362,0.000000,0.000000,0.000000
Drone 2: 0 87 0 15 61 2 0 89 31 0 45 0 169 8 0 151 135 0 41 0 129 62 0 29 14 0 184 0 100 128 0 46 0 182 0 |Drone Time: 7565.782043|7565.782043,0.000000,0.000000,0.000000
Drone 3: 0 22 27 36 0 26 191 0 125 130 0 69 134 0 60 0 174 172 0 35 56 0 82 0 92 0 176 0 73 0 200 0 |Drone Time: 7572.667275|7572.667275,0.000000,0.000000,0.000000
Drone 4: 0 152 119 0 85 116 0 75 0 113 0 9 0 136 0 150 173 0 88 141 0 40 166 0 59 0 51 93 0 43 122 0 140 0 114 0 |Drone Time: 7630.598698|7630.598698,0.000000,0.000000,0.000000
Drone 5: 0 181 121 32 7 0 192 80 0 175 0 12 187 0 123 65 197 103 0 107 144 98 0 83 47 0 102 133 0 34 146 0 160 0 68 0 115 0 |Drone Time: 7642.574974|7642.574974,0.000000,0.000000,0.000000",7648.672346,0.0,0.0,0.0,"Truck Routes:
Truck 1: 0 142 79 53 48 143 17 0 19 131 120 18 0 23 13 198 185 132 124 179 110 108 52 99 0 |Truck Time: 7599.779799|7599.779799,0.000000,0.000000,0.000000
Truck 2: 0 178 54 63 49 37 90 0 84 57 28 0 171 137 58 39 127 0 |Truck Time: 7648.672346|7648.672346,0.000000,0.000000,0.000000
Truck 3: 0 24 42 78 111 193 94 33 66 104 0 168 118 101 189 0 91 105 199 154 25 156 0 |Truck Time: 7611.836157|7611.836157,0.000000,0.000000,0.000000
Truck 4: 0 195 159 170 55 76 0 97 71 112 70 72 145 158 0 86 4 126 117 0 |Truck Time: 7646.808815|7646.808815,0.000000,0.000000,0.000000
Truck 5: 0 106 153 81 5 186 149 163 21 0 157 11 44 148 77 0 20 138 1 64 161 167 0 |Truck Time: 7561.652473|7561.652473,0.000000,0.000000,0.000000
Drone Routes:
Drone 1: 0 74 10 183 0 109 194 0 165 50 0 177 67 162 0 155 139 95 164 0 190 188 0 96 147 6 0 180 0 30 3 0 16 0 196 38 0 |Drone Time: 7439.762362|7439.762362,0.000000,0.000000,0.000000
Drone 2: 0 87 0 15 61 2 0 89 31 0 45 0 169 8 0 151 135 0 41 0 129 62 0 29 14 0 184 0 100 128 0 46 0 182 0 |Drone Time: 7565.782043|7565.782043,0.000000,0.000000,0.000000
Drone 3: 0 22 27 36 0 26 191 0 125 130 0 69 134 0 60 0 174 172 0 35 56 0 82 0 92 0 176 0 73 0 200 0 |Drone Time: 7572.667275|7572.667275,0.000000,0.000000,0.000000
Drone 4: 0 152 119 0 85 116 0 75 0 113 0 9 0 136 0 150 173 0 88 141 0 40 166 0 59 0 51 93 0 43 122 0 140 0 114 0 |Drone Time: 7630.598698|7630.598698,0.000000,0.000000,0.000000
Drone 5: 0 181 121 32 7 0 192 80 0 175 0 12 187 0 123 65 197 103 0 107 144 98 0 83 47 0 102 133 0 34 146 0 160 0 68 0 115 0 |Drone Time: 7642.574974|7642.574974,0.000000,0.000000,0.000000
Total validation: Makespan=7648.672346, Deadline violation=0.000000, Energy violation=0.000000, Capacity violation=0.000000"
200.10.4,200,2,adaptive,g4,0.5,0.3,0.1,0.6,43,0,10057.525404,7648.672346,7648.672346,7648.672346,2068.926004,FEASIBLE,"Truck 1: 0 142 79 53 48 143 17 0 19 131 120 18 0 23 13 198 185 132 124 179 110 108 52 99 0 |Truck Time: 7599.779799|7599.779799,0.000000,0.000000,0.000000
Truck 2: 0 178 54 63 49 37 90 0 84 57 28 0 171 137 58 39 127 0 |Truck Time: 7648.672346|7648.672346,0.000000,0.000000,0.000000
Truck 3: 0 24 42 78 111 193 94 33 66 104 0 168 118 101 189 0 91 105 199 154 25 156 0 |Truck Time: 7611.836157|7611.836157,0.000000,0.000000,0.000000
Truck 4: 0 195 159 170 55 76 0 97 71 112 70 72 145 158 0 86 4 126 117 0 |Truck Time: 7646.808815|7646.808815,0.000000,0.000000,0.000000
Truck 5: 0 106 153 81 5 186 149 163 21 0 157 11 44 148 77 0 20 138 1 64 161 167 0 |Truck Time: 7561.652473|7561.652473,0.000000,0.000000,0.000000","Drone 1: 0 74 10 183 0 109 194 0 165 50 0 177 67 162 0 155 139 95 164 0 190 188 0 96 147 6 0 180 0 30 3 0 16 0 196 38 0 |Drone Time: 7439.762362|7439.762362,0.000000,0.000000,0.000000
Drone 2: 0 87 0 15 61 2 0 89 31 0 45 0 169 8 0 151 135 0 41 0 129 62 0 29 14 0 184 0 100 128 0 46 0 182 0 |Drone Time: 7565.782043|7565.782043,0.000000,0.000000,0.000000
Drone 3: 0 22 27 36 0 26 191 0 125 130 0 69 134 0 60 0 174 172 0 35 56 0 82 0 92 0 176 0 73 0 200 0 |Drone Time: 7572.667275|7572.667275,0.000000,0.000000,0.000000
Drone 4: 0 152 119 0 85 116 0 75 0 113 0 9 0 136 0 150 173 0 88 141 0 40 166 0 59 0 51 93 0 43 122 0 140 0 114 0 |Drone Time: 7630.598698|7630.598698,0.000000,0.000000,0.000000
Drone 5: 0 181 121 32 7 0 192 80 0 175 0 12 187 0 123 65 197 103 0 107 144 98 0 83 47 0 102 133 0 34 146 0 160 0 68 0 115 0 |Drone Time: 7642.574974|7642.574974,0.000000,0.000000,0.000000",7648.672346,0.0,0.0,0.0,"Truck Routes:
Truck 1: 0 142 79 53 48 143 17 0 19 131 120 18 0 23 13 198 185 132 124 179 110 108 52 99 0 |Truck Time: 7599.779799|7599.779799,0.000000,0.000000,0.000000
Truck 2: 0 178 54 63 49 37 90 0 84 57 28 0 171 137 58 39 127 0 |Truck Time: 7648.672346|7648.672346,0.000000,0.000000,0.000000
Truck 3: 0 24 42 78 111 193 94 33 66 104 0 168 118 101 189 0 91 105 199 154 25 156 0 |Truck Time: 7611.836157|7611.836157,0.000000,0.000000,0.000000
Truck 4: 0 195 159 170 55 76 0 97 71 112 70 72 145 158 0 86 4 126 117 0 |Truck Time: 7646.808815|7646.808815,0.000000,0.000000,0.000000
Truck 5: 0 106 153 81 5 186 149 163 21 0 157 11 44 148 77 0 20 138 1 64 161 167 0 |Truck Time: 7561.652473|7561.652473,0.000000,0.000000,0.000000
Drone Routes:
Drone 1: 0 74 10 183 0 109 194 0 165 50 0 177 67 162 0 155 139 95 164 0 190 188 0 96 147 6 0 180 0 30 3 0 16 0 196 38 0 |Drone Time: 7439.762362|7439.762362,0.000000,0.000000,0.000000
Drone 2: 0 87 0 15 61 2 0 89 31 0 45 0 169 8 0 151 135 0 41 0 129 62 0 29 14 0 184 0 100 128 0 46 0 182 0 |Drone Time: 7565.782043|7565.782043,0.000000,0.000000,0.000000
Drone 3: 0 22 27 36 0 26 191 0 125 130 0 69 134 0 60 0 174 172 0 35 56 0 82 0 92 0 176 0 73 0 200 0 |Drone Time: 7572.667275|7572.667275,0.000000,0.000000,0.000000
Drone 4: 0 152 119 0 85 116 0 75 0 113 0 9 0 136 0 150 173 0 88 141 0 40 166 0 59 0 51 93 0 43 122 0 140 0 114 0 |Drone Time: 7630.598698|7630.598698,0.000000,0.000000,0.000000
Drone 5: 0 181 121 32 7 0 192 80 0 175 0 12 187 0 123 65 197 103 0 107 144 98 0 83 47 0 102 133 0 34 146 0 160 0 68 0 115 0 |Drone Time: 7642.574974|7642.574974,0.000000,0.000000,0.000000
Total validation: Makespan=7648.672346, Deadline violation=0.000000, Energy violation=0.000000, Capacity violation=0.000000"
200.10.4,200,2,cyclic,,,,,,43,0,10057.525404,7702.956414,7702.956414,7702.956414,1490.607382,FEASIBLE,"Truck 1: 0 162 52 0 79 4 143 0 171 131 36 19 0 59 176 87 46 0 |Truck Time: 7697.364816|7697.364816,0.000000,0.000000,0.000000
Truck 2: 0 178 63 175 8 174 167 0 53 82 119 198 110 48 142 0 43 120 149 12 105 186 196 0 |Truck Time: 7702.452729|7702.452729,0.000000,0.000000,0.000000
Truck 3: 0 187 25 154 139 92 75 0 90 64 145 101 0 127 39 58 137 0 |Truck Time: 7702.956414|7702.956414,0.000000,0.000000,0.000000
Truck 4: 0 108 170 195 185 99 115 0 70 72 112 68 23 0 33 144 80 111 0 |Truck Time: 7688.547162|7688.547162,0.000000,0.000000,0.000000
Truck 5: 0 104 9 88 141 193 81 78 5 153 106 0 84 26 13 157 0 51 3 1 30 138 169 114 40 21 190 0 |Truck Time: 7681.434036|7681.434036,0.000000,0.000000,0.000000","Drone 1: 0 152 76 0 49 0 194 0 123 17 0 116 189 0 168 0 71 54 0 163 135 0 96 2 197 0 42 0 16 0 77 38 0 148 69 0 |Drone Time: 7593.076297|7593.076297,0.000000,0.000000,0.000000
Drone 2: 0 113 0 31 0 97 0 32 125 161 7 0 98 60 89 103 0 65 66 0 129 166 121 0 14 0 184 109 91 0 100 128 0 181 158 0 182 0 |Drone Time: 7667.174644|7667.174644,0.000000,0.000000,0.000000
Drone 3: 0 6 180 29 0 57 0 67 41 0 11 136 44 0 22 199 0 83 126 0 85 0 35 56 0 94 0 156 95 0 28 0 73 0 200 0 |Drone Time: 7688.679493|7688.679493,0.000000,0.000000,0.000000
Drone 4: 0 179 134 147 0 62 164 0 15 107 61 0 102 0 74 20 0 150 173 0 86 192 0 165 50 159 0 133 177 37 0 34 146 0 24 122 0 140 0 |Drone Time: 7696.555643|7696.555643,0.000000,0.000000,0.000000
Drone 5: 0 155 151 27 0 188 0 124 0 118 191 0 55 0 130 0 18 0 132 117 0 47 0 45 0 10 93 0 160 0 183 172 0 |Drone Time: 7666.776886|7666.776886,0.000000,0.000000,0.000000",7702.956414,0.0,0.0,0.0,"Truck Routes:
Truck 1: 0 162 52 0 79 4 143 0 171 131 36 19 0 59 176 87 46 0 |Truck Time: 7697.364816|7697.364816,0.000000,0.000000,0.000000
Truck 2: 0 178 63 175 8 174 167 0 53 82 119 198 110 48 142 0 43 120 149 12 105 186 196 0 |Truck Time: 7702.452729|7702.452729,0.000000,0.000000,0.000000
Truck 3: 0 187 25 154 139 92 75 0 90 64 145 101 0 127 39 58 137 0 |Truck Time: 7702.956414|7702.956414,0.000000,0.000000,0.000000
Truck 4: 0 108 170 195 185 99 115 0 70 72 112 68 23 0 33 144 80 111 0 |Truck Time: 7688.547162|7688.547162,0.000000,0.000000,0.000000
Truck 5: 0 104 9 88 141 193 81 78 5 153 106 0 84 26 13 157 0 51 3 1 30 138 169 114 40 21 190 0 |Truck Time: 7681.434036|7681.434036,0.000000,0.000000,0.000000
Drone Routes:
Drone 1: 0 152 76 0 49 0 194 0 123 17 0 116 189 0 168 0 71 54 0 163 135 0 96 2 197 0 42 0 16 0 77 38 0 148 69 0 |Drone Time: 7593.076297|7593.076297,0.000000,0.000000,0.000000
Drone 2: 0 113 0 31 0 97 0 32 125 161 7 0 98 60 89 103 0 65 66 0 129 166 121 0 14 0 184 109 91 0 100 128 0 181 158 0 182 0 |Drone Time: 7667.174644|7667.174644,0.000000,0.000000,0.000000
Drone 3: 0 6 180 29 0 57 0 67 41 0 11 136 44 0 22 199 0 83 126 0 85 0 35 56 0 94 0 156 95 0 28 0 73 0 200 0 |Drone Time: 7688.679493|7688.679493,0.000000,0.000000,0.000000
Drone 4: 0 179 134 147 0 62 164 0 15 107 61 0 102 0 74 20 0 150 173 0 86 192 0 165 50 159 0 133 177 37 0 34 146 0 24 122 0 140 0 |Drone Time: 7696.555643|7696.555643,0.000000,0.000000,0.000000
Drone 5: 0 155 151 27 0 188 0 124 0 118 191 0 55 0 130 0 18 0 132 117 0 47 0 45 0 10 93 0 160 0 183 172 0 |Drone Time: 7666.776886|7666.776886,0.000000,0.000000,0.000000
Total validation: Makespan=7702.956414, Deadline violation=0.000000, Energy violation=0.000000, Capacity violation=0.000000"
200.10.4,200,2,random,,,,,,43,0,10057.525404,7431.044744,7431.044744,7431.044744,1639.839336,FEASIBLE,"Truck 1: 0 84 59 136 41 176 108 48 115 0 131 151 149 0 102 68 35 0 |Truck Time: 7403.767502|7403.767502,0.000000,0.000000,0.000000
Truck 2: 0 90 178 54 63 175 49 1 30 3 23 0 46 99 0 156 127 39 58 25 199 105 187 0 |Truck Time: 7414.968025|7414.968025,0.000000,0.000000,0.000000
Truck 3: 0 196 43 129 91 42 0 70 37 112 71 77 0 21 19 171 27 137 62 163 0 |Truck Time: 7419.663343|7419.663343,0.000000,0.000000,0.000000
Truck 4: 0 198 185 119 170 165 195 82 57 157 0 20 138 169 145 158 0 78 60 33 61 111 0 |Truck Time: 7336.477114|7336.477114,0.000000,0.000000,0.000000
Truck 5: 0 143 162 117 83 126 4 86 193 73 16 153 5 0 190 51 10 0 189 121 168 85 64 116 0 |Truck Time: 7431.044744|7431.044744,0.000000,0.000000,0.000000","Drone 1: 0 12 22 154 0 124 179 0 155 32 109 194 0 74 188 0 174 161 0 9 88 0 106 0 13 56 0 197 144 98 0 24 0 52 0 96 0 |Drone Time: 7391.424952|7391.424952,0.000000,0.000000,0.000000
Drone 2: 0 160 0 150 173 0 132 50 76 0 113 122 0 103 31 0 28 0 87 0 8 44 67 0 184 0 100 128 0 110 0 182 0 |Drone Time: 7331.622804|7331.622804,0.000000,0.000000,0.000000
Drone 3: 0 192 141 6 0 79 0 65 123 66 0 14 69 0 17 2 0 55 0 167 0 148 133 0 94 0 92 0 104 0 81 0 200 0 |Drone Time: 7230.840717|7230.840717,0.000000,0.000000,0.000000
Drone 4: 0 53 159 152 0 139 95 164 0 15 181 0 114 125 0 97 191 0 118 7 0 29 177 0 18 36 0 101 11 0 38 93 0 186 0 140 0 |Drone Time: 7383.788912|7383.788912,0.000000,0.000000,0.000000
Drone 5: 0 75 34 0 130 0 72 0 147 180 0 26 0 40 166 0 89 107 80 0 47 0 45 0 120 135 0 172 183 146 0 134 142 0 |Drone Time: 7424.188391|7424.188391,0.000000,0.000000,0.000000",7431.044744,0.0,0.0,0.0,"Truck Routes:
Truck 1: 0 84 59 136 41 176 108 48 115 0 131 151 149 0 102 68 35 0 |Truck Time: 7403.767502|7403.767502,0.000000,0.000000,0.000000
Truck 2: 0 90 178 54 63 175 49 1 30 3 23 0 46 99 0 156 127 39 58 25 199 105 187 0 |Truck Time: 7414.968025|7414.968025,0.000000,0.000000,0.000000
Truck 3: 0 196 43 129 91 42 0 70 37 112 71 77 0 21 19 171 27 137 62 163 0 |Truck Time: 7419.663343|7419.663343,0.000000,0.000000,0.000000
Truck 4: 0 198 185 119 170 165 195 82 57 157 0 20 138 169 145 158 0 78 60 33 61 111 0 |Truck Time: 7336.477114|7336.477114,0.000000,0.000000,0.000000
Truck 5: 0 143 162 117 83 126 4 86 193 73 16 153 5 0 190 51 10 0 189 121 168 85 64 116 0 |Truck Time: 7431.044744|7431.044744,0.000000,0.000000,0.000000
Drone Routes:
Drone 1: 0 12 22 154 0 124 179 0 155 32 109 194 0 74 188 0 174 161 0 9 88 0 106 0 13 56 0 197 144 98 0 24 0 52 0 96 0 |Drone Time: 7391.424952|7391.424952,0.000000,0.000000,0.000000
Drone 2: 0 160 0 150 173 0 132 50 76 0 113 122 0 103 31 0 28 0 87 0 8 44 67 0 184 0 100 128 0 110 0 182 0 |Drone Time: 7331.622804|7331.622804,0.000000,0.000000,0.000000
Drone 3: 0 192 141 6 0 79 0 65 123 66 0 14 69 0 17 2 0 55 0 167 0 148 133 0 94 0 92 0 104 0 81 0 200 0 |Drone Time: 7230.840717|7230.840717,0.000000,0.000000,0.000000
Drone 4: 0 53 159 152 0 139 95 164 0 15 181 0 114 125 0 97 191 0 118 7 0 29 177 0 18 36 0 101 11 0 38 93 0 186 0 140 0 |Drone Time: 7383.788912|7383.788912,0.000000,0.000000,0.000000
Drone 5: 0 75 34 0 130 0 72 0 147 180 0 26 0 40 166 0 89 107 80 0 47 0 45 0 120 135 0 172 183 146 0 134 142 0 |Drone Time: 7424.188391|7424.188391,0.000000,0.000000,0.000000
Total validation: Makespan=7431.044744, Deadline violation=0.000000, Energy violation=0.000000, Capacity violation=0.000000"
200.10.4,200,3,adaptive,g1,0.3,0.2,0.1,0.3,44,0,10480.571429,8076.211511,8076.211511,8076.211511,1692.4152,FEASIBLE,"Truck 1: 0 43 34 163 149 105 188 16 5 0 20 32 168 184 0 26 189 0 |Truck Time: 8065.650694|8065.650694,0.000000,0.000000,0.000000
Truck 2: 0 143 4 65 9 81 78 0 113 55 124 195 0 161 194 130 30 0 |Truck Time: 8074.270947|8074.270947,0.000000,0.000000,0.000000
Truck 3: 0 76 165 170 198 108 52 42 104 17 200 140 86 0 158 21 0 68 72 63 49 0 |Truck Time: 8072.312143|8072.312143,0.000000,0.000000,0.000000
Truck 4: 0 120 36 131 0 185 14 134 180 47 117 162 0 18 19 171 27 137 58 39 127 0 |Truck Time: 8076.211511|8076.211511,0.000000,0.000000,0.000000
Truck 5: 0 142 46 99 115 0 35 28 157 172 10 190 77 106 0 69 48 13 84 0 111 144 33 80 193 0 |Truck Time: 8024.150968|8024.150968,0.000000,0.000000,0.000000","Drone 1: 0 73 98 0 176 74 0 146 191 71 0 6 136 0 1 125 0 129 154 0 79 83 0 174 121 0 59 0 145 0 3 93 38 0 197 181 0 |Drone Time: 7942.679856|7942.679856,0.000000,0.000000,0.000000
Drone 2: 0 151 0 177 152 0 89 31 103 107 0 101 0 110 29 147 0 153 164 0 116 118 0 126 141 0 114 109 0 138 7 0 56 119 0 100 169 0 24 122 0 |Drone Time: 8063.696370|8063.696370,0.000000,0.000000,0.000000
Drone 3: 0 66 2 192 67 8 0 23 0 45 22 0 186 88 0 123 25 0 133 41 0 150 54 0 82 0 97 0 199 0 182 0 160 0 |Drone Time: 7988.512273|7988.512273,0.000000,0.000000,0.000000
Drone 4: 0 102 0 148 44 0 75 128 91 135 0 12 187 0 37 159 173 0 156 0 167 0 87 179 0 40 166 0 92 0 112 0 90 0 51 183 0 196 0 |Drone Time: 8046.298813|8046.298813,0.000000,0.000000,0.000000
Drone 5: 0 155 95 139 62 0 11 53 50 132 0 175 0 61 15 0 60 0 70 0 178 0 94 0 64 0 85 0 57 0 96 0 |Drone Time: 7956.994380|7956.994380,0.000000,0.000000,0.000000",8076.211511,0.0,0.0,0.0,"Truck Routes:
Truck 1: 0 43 34 163 149 105 188 16 5 0 20 32 168 184 0 26 189 0 |Truck Time: 8065.650694|8065.650694,0.000000,0.000000,0.000000
Truck 2: 0 143 4 65 9 81 78 0 113 55 124 195 0 161 194 130 30 0 |Truck Time: 8074.270947|8074.270947,0.000000,0.000000,0.000000
Truck 3: 0 76 165 170 198 108 52 42 104 17 200 140 86 0 158 21 0 68 72 63 49 0 |Truck Time: 8072.312143|8072.312143,0.000000,0.000000,0.000000
Truck 4: 0 120 36 131 0 185 14 134 180 47 117 162 0 18 19 171 27 137 58 39 127 0 |Truck Time: 8076.211511|8076.211511,0.000000,0.000000,0.000000
Truck 5: 0 142 46 99 115 0 35 28 157 172 10 190 77 106 0 69 48 13 84 0 111 144 33 80 193 0 |Truck Time: 8024.150968|8024.150968,0.000000,0.000000,0.000000
Drone Routes:
Drone 1: 0 73 98 0 176 74 0 146 191 71 0 6 136 0 1 125 0 129 154 0 79 83 0 174 121 0 59 0 145 0 3 93 38 0 197 181 0 |Drone Time: 7942.679856|7942.679856,0.000000,0.000000,0.000000
Drone 2: 0 151 0 177 152 0 89 31 103 107 0 101 0 110 29 147 0 153 164 0 116 118 0 126 141 0 114 109 0 138 7 0 56 119 0 100 169 0 24 122 0 |Drone Time: 8063.696370|8063.696370,0.000000,0.000000,0.000000
Drone 3: 0 66 2 192 67 8 0 23 0 45 22 0 186 88 0 123 25 0 133 41 0 150 54 0 82 0 97 0 199 0 182 0 160 0 |Drone Time: 7988.512273|7988.512273,0.000000,0.000000,0.000000
Drone 4: 0 102 0 148 44 0 75 128 91 135 0 12 187 0 37 159 173 0 156 0 167 0 87 179 0 40 166 0 92 0 112 0 90 0 51 183 0 196 0 |Drone Time: 8046.298813|8046.298813,0.000000,0.000000,0.000000
Drone 5: 0 155 95 139 62 0 11 53 50 132 0 175 0 61 15 0 60 0 70 0 178 0 94 0 64 0 85 0 57 0 96 0 |Drone Time: 7956.994380|7956.994380,0.000000,0.000000,0.000000
Total validation: Makespan=8076.211511, Deadline violation=0.000000, Energy violation=0.000000, Capacity violation=0.000000"
200.10.4,200,3,adaptive,g2,0.5,0.3,0.1,0.3,44,0,10480.571429,8076.211511,8076.211511,8076.211511,1647.633348,FEASIBLE,"Truck 1: 0 43 34 163 149 105 188 16 5 0 20 32 168 184 0 26 189 0 |Truck Time: 8065.650694|8065.650694,0.000000,0.000000,0.000000
Truck 2: 0 143 4 65 9 81 78 0 113 55 124 195 0 161 194 130 30 0 |Truck Time: 8074.270947|8074.270947,0.000000,0.000000,0.000000
Truck 3: 0 76 165 170 198 108 52 42 104 17 200 140 86 0 158 21 0 68 72 63 49 0 |Truck Time: 8072.312143|8072.312143,0.000000,0.000000,0.000000
Truck 4: 0 120 36 131 0 185 14 134 180 47 117 162 0 18 19 171 27 137 58 39 127 0 |Truck Time: 8076.211511|8076.211511,0.000000,0.000000,0.000000
Truck 5: 0 142 46 99 115 0 35 28 157 172 10 190 77 106 0 69 48 13 84 0 111 144 33 80 193 0 |Truck Time: 8024.150968|8024.150968,0.000000,0.000000,0.000000","Drone 1: 0 73 98 0 176 74 0 146 191 71 0 6 136 0 1 125 0 129 154 0 79 83 0 174 121 0 59 0 145 0 3 93 38 0 197 181 0 |Drone Time: 7942.679856|7942.679856,0.000000,0.000000,0.000000
Drone 2: 0 151 0 177 152 0 89 31 103 107 0 101 0 110 29 147 0 153 164 0 116 118 0 126 141 0 114 109 0 138 7 0 56 119 0 100 169 0 24 122 0 |Drone Time: 8063.696370|8063.696370,0.000000,0.000000,0.000000
Drone 3: 0 66 2 192 67 8 0 23 0 45 22 0 186 88 0 123 25 0 133 41 0 150 54 0 82 0 97 0 199 0 182 0 160 0 |Drone Time: 7988.512273|7988.512273,0.000000,0.000000,0.000000
Drone 4: 0 102 0 148 44 0 75 128 91 135 0 12 187 0 37 159 173 0 156 0 167 0 87 179 0 40 166 0 92 0 112 0 90 0 51 183 0 196 0 |Drone Time: 8046.298813|8046.298813,0.000000,0.000000,0.000000
Drone 5: 0 155 95 139 62 0 11 53 50 132 0 175 0 61 15 0 60 0 70 0 178 0 94 0 64 0 85 0 57 0 96 0 |Drone Time: 7956.994380|7956.994380,0.000000,0.000000,0.000000",8076.211511,0.0,0.0,0.0,"Truck Routes:
Truck 1: 0 43 34 163 149 105 188 16 5 0 20 32 168 184 0 26 189 0 |Truck Time: 8065.650694|8065.650694,0.000000,0.000000,0.000000
Truck 2: 0 143 4 65 9 81 78 0 113 55 124 195 0 161 194 130 30 0 |Truck Time: 8074.270947|8074.270947,0.000000,0.000000,0.000000
Truck 3: 0 76 165 170 198 108 52 42 104 17 200 140 86 0 158 21 0 68 72 63 49 0 |Truck Time: 8072.312143|8072.312143,0.000000,0.000000,0.000000
Truck 4: 0 120 36 131 0 185 14 134 180 47 117 162 0 18 19 171 27 137 58 39 127 0 |Truck Time: 8076.211511|8076.211511,0.000000,0.000000,0.000000
Truck 5: 0 142 46 99 115 0 35 28 157 172 10 190 77 106 0 69 48 13 84 0 111 144 33 80 193 0 |Truck Time: 8024.150968|8024.150968,0.000000,0.000000,0.000000
Drone Routes:
Drone 1: 0 73 98 0 176 74 0 146 191 71 0 6 136 0 1 125 0 129 154 0 79 83 0 174 121 0 59 0 145 0 3 93 38 0 197 181 0 |Drone Time: 7942.679856|7942.679856,0.000000,0.000000,0.000000
Drone 2: 0 151 0 177 152 0 89 31 103 107 0 101 0 110 29 147 0 153 164 0 116 118 0 126 141 0 114 109 0 138 7 0 56 119 0 100 169 0 24 122 0 |Drone Time: 8063.696370|8063.696370,0.000000,0.000000,0.000000
Drone 3: 0 66 2 192 67 8 0 23 0 45 22 0 186 88 0 123 25 0 133 41 0 150 54 0 82 0 97 0 199 0 182 0 160 0 |Drone Time: 7988.512273|7988.512273,0.000000,0.000000,0.000000
Drone 4: 0 102 0 148 44 0 75 128 91 135 0 12 187 0 37 159 173 0 156 0 167 0 87 179 0 40 166 0 92 0 112 0 90 0 51 183 0 196 0 |Drone Time: 8046.298813|8046.298813,0.000000,0.000000,0.000000
Drone 5: 0 155 95 139 62 0 11 53 50 132 0 175 0 61 15 0 60 0 70 0 178 0 94 0 64 0 85 0 57 0 96 0 |Drone Time: 7956.994380|7956.994380,0.000000,0.000000,0.000000
Total validation: Makespan=8076.211511, Deadline violation=0.000000, Energy violation=0.000000, Capacity violation=0.000000"
200.10.4,200,3,adaptive,g3,0.3,0.2,0.1,0.6,44,0,10480.571429,8076.211511,8076.211511,8076.211511,1666.017186,FEASIBLE,"Truck 1: 0 43 34 163 149 105 188 16 5 0 20 32 168 184 0 26 189 0 |Truck Time: 8065.650694|8065.650694,0.000000,0.000000,0.000000
Truck 2: 0 143 4 65 9 81 78 0 113 55 124 195 0 161 194 130 30 0 |Truck Time: 8074.270947|8074.270947,0.000000,0.000000,0.000000
Truck 3: 0 76 165 170 198 108 52 42 104 17 200 140 86 0 158 21 0 68 72 63 49 0 |Truck Time: 8072.312143|8072.312143,0.000000,0.000000,0.000000
Truck 4: 0 120 36 131 0 185 14 134 180 47 117 162 0 18 19 171 27 137 58 39 127 0 |Truck Time: 8076.211511|8076.211511,0.000000,0.000000,0.000000
Truck 5: 0 142 46 99 115 0 35 28 157 172 10 190 77 106 0 69 48 13 84 0 111 144 33 80 193 0 |Truck Time: 8024.150968|8024.150968,0.000000,0.000000,0.000000","Drone 1: 0 73 98 0 176 74 0 146 191 71 0 6 136 0 1 125 0 129 154 0 79 83 0 174 121 0 59 0 145 0 3 93 38 0 197 181 0 |Drone Time: 7942.679856|7942.679856,0.000000,0.000000,0.000000
Drone 2: 0 151 0 177 152 0 89 31 103 107 0 101 0 110 29 147 0 153 164 0 116 118 0 126 141 0 114 109 0 138 7 0 56 119 0 100 169 0 24 122 0 |Drone Time: 8063.696370|8063.696370,0.000000,0.000000,0.000000
Drone 3: 0 66 2 192 67 8 0 23 0 45 22 0 186 88 0 123 25 0 133 41 0 150 54 0 82 0 97 0 199 0 182 0 160 0 |Drone Time: 7988.512273|7988.512273,0.000000,0.000000,0.000000
Drone 4: 0 102 0 148 44 0 75 128 91 135 0 12 187 0 37 159 173 0 156 0 167 0 87 179 0 40 166 0 92 0 112 0 90 0 51 183 0 196 0 |Drone Time: 8046.298813|8046.298813,0.000000,0.000000,0.000000
Drone 5: 0 155 95 139 62 0 11 53 50 132 0 175 0 61 15 0 60 0 70 0 178 0 94 0 64 0 85 0 57 0 96 0 |Drone Time: 7956.994380|7956.994380,0.000000,0.000000,0.000000",8076.211511,0.0,0.0,0.0,"Truck Routes:
Truck 1: 0 43 34 163 149 105 188 16 5 0 20 32 168 184 0 26 189 0 |Truck Time: 8065.650694|8065.650694,0.000000,0.000000,0.000000
Truck 2: 0 143 4 65 9 81 78 0 113 55 124 195 0 161 194 130 30 0 |Truck Time: 8074.270947|8074.270947,0.000000,0.000000,0.000000
Truck 3: 0 76 165 170 198 108 52 42 104 17 200 140 86 0 158 21 0 68 72 63 49 0 |Truck Time: 8072.312143|8072.312143,0.000000,0.000000,0.000000
Truck 4: 0 120 36 131 0 185 14 134 180 47 117 162 0 18 19 171 27 137 58 39 127 0 |Truck Time: 8076.211511|8076.211511,0.000000,0.000000,0.000000
Truck 5: 0 142 46 99 115 0 35 28 157 172 10 190 77 106 0 69 48 13 84 0 111 144 33 80 193 0 |Truck Time: 8024.150968|8024.150968,0.000000,0.000000,0.000000
Drone Routes:
Drone 1: 0 73 98 0 176 74 0 146 191 71 0 6 136 0 1 125 0 129 154 0 79 83 0 174 121 0 59 0 145 0 3 93 38 0 197 181 0 |Drone Time: 7942.679856|7942.679856,0.000000,0.000000,0.000000
Drone 2: 0 151 0 177 152 0 89 31 103 107 0 101 0 110 29 147 0 153 164 0 116 118 0 126 141 0 114 109 0 138 7 0 56 119 0 100 169 0 24 122 0 |Drone Time: 8063.696370|8063.696370,0.000000,0.000000,0.000000
Drone 3: 0 66 2 192 67 8 0 23 0 45 22 0 186 88 0 123 25 0 133 41 0 150 54 0 82 0 97 0 199 0 182 0 160 0 |Drone Time: 7988.512273|7988.512273,0.000000,0.000000,0.000000
Drone 4: 0 102 0 148 44 0 75 128 91 135 0 12 187 0 37 159 173 0 156 0 167 0 87 179 0 40 166 0 92 0 112 0 90 0 51 183 0 196 0 |Drone Time: 8046.298813|8046.298813,0.000000,0.000000,0.000000
Drone 5: 0 155 95 139 62 0 11 53 50 132 0 175 0 61 15 0 60 0 70 0 178 0 94 0 64 0 85 0 57 0 96 0 |Drone Time: 7956.994380|7956.994380,0.000000,0.000000,0.000000
Total validation: Makespan=8076.211511, Deadline violation=0.000000, Energy violation=0.000000, Capacity violation=0.000000"
200.10.4,200,3,adaptive,g4,0.5,0.3,0.1,0.6,44,0,10480.571429,8076.211511,8076.211511,8076.211511,1695.210532,FEASIBLE,"Truck 1: 0 43 34 163 149 105 188 16 5 0 20 32 168 184 0 26 189 0 |Truck Time: 8065.650694|8065.650694,0.000000,0.000000,0.000000
Truck 2: 0 143 4 65 9 81 78 0 113 55 124 195 0 161 194 130 30 0 |Truck Time: 8074.270947|8074.270947,0.000000,0.000000,0.000000
Truck 3: 0 76 165 170 198 108 52 42 104 17 200 140 86 0 158 21 0 68 72 63 49 0 |Truck Time: 8072.312143|8072.312143,0.000000,0.000000,0.000000
Truck 4: 0 120 36 131 0 185 14 134 180 47 117 162 0 18 19 171 27 137 58 39 127 0 |Truck Time: 8076.211511|8076.211511,0.000000,0.000000,0.000000
Truck 5: 0 142 46 99 115 0 35 28 157 172 10 190 77 106 0 69 48 13 84 0 111 144 33 80 193 0 |Truck Time: 8024.150968|8024.150968,0.000000,0.000000,0.000000","Drone 1: 0 73 98 0 176 74 0 146 191 71 0 6 136 0 1 125 0 129 154 0 79 83 0 174 121 0 59 0 145 0 3 93 38 0 197 181 0 |Drone Time: 7942.679856|7942.679856,0.000000,0.000000,0.000000
Drone 2: 0 151 0 177 152 0 89 31 103 107 0 101 0 110 29 147 0 153 164 0 116 118 0 126 141 0 114 109 0 138 7 0 56 119 0 100 169 0 24 122 0 |Drone Time: 8063.696370|8063.696370,0.000000,0.000000,0.000000
Drone 3: 0 66 2 192 67 8 0 23 0 45 22 0 186 88 0 123 25 0 133 41 0 150 54 0 82 0 97 0 199 0 182 0 160 0 |Drone Time: 7988.512273|7988.512273,0.000000,0.000000,0.000000
Drone 4: 0 102 0 148 44 0 75 128 91 135 0 12 187 0 37 159 173 0 156 0 167 0 87 179 0 40 166 0 92 0 112 0 90 0 51 183 0 196 0 |Drone Time: 8046.298813|8046.298813,0.000000,0.000000,0.000000
Drone 5: 0 155 95 139 62 0 11 53 50 132 0 175 0 61 15 0 60 0 70 0 178 0 94 0 64 0 85 0 57 0 96 0 |Drone Time: 7956.994380|7956.994380,0.000000,0.000000,0.000000",8076.211511,0.0,0.0,0.0,"Truck Routes:
Truck 1: 0 43 34 163 149 105 188 16 5 0 20 32 168 184 0 26 189 0 |Truck Time: 8065.650694|8065.650694,0.000000,0.000000,0.000000
Truck 2: 0 143 4 65 9 81 78 0 113 55 124 195 0 161 194 130 30 0 |Truck Time: 8074.270947|8074.270947,0.000000,0.000000,0.000000
Truck 3: 0 76 165 170 198 108 52 42 104 17 200 140 86 0 158 21 0 68 72 63 49 0 |Truck Time: 8072.312143|8072.312143,0.000000,0.000000,0.000000
Truck 4: 0 120 36 131 0 185 14 134 180 47 117 162 0 18 19 171 27 137 58 39 127 0 |Truck Time: 8076.211511|8076.211511,0.000000,0.000000,0.000000
Truck 5: 0 142 46 99 115 0 35 28 157 172 10 190 77 106 0 69 48 13 84 0 111 144 33 80 193 0 |Truck Time: 8024.150968|8024.150968,0.000000,0.000000,0.000000
Drone Routes:
Drone 1: 0 73 98 0 176 74 0 146 191 71 0 6 136 0 1 125 0 129 154 0 79 83 0 174 121 0 59 0 145 0 3 93 38 0 197 181 0 |Drone Time: 7942.679856|7942.679856,0.000000,0.000000,0.000000
Drone 2: 0 151 0 177 152 0 89 31 103 107 0 101 0 110 29 147 0 153 164 0 116 118 0 126 141 0 114 109 0 138 7 0 56 119 0 100 169 0 24 122 0 |Drone Time: 8063.696370|8063.696370,0.000000,0.000000,0.000000
Drone 3: 0 66 2 192 67 8 0 23 0 45 22 0 186 88 0 123 25 0 133 41 0 150 54 0 82 0 97 0 199 0 182 0 160 0 |Drone Time: 7988.512273|7988.512273,0.000000,0.000000,0.000000
Drone 4: 0 102 0 148 44 0 75 128 91 135 0 12 187 0 37 159 173 0 156 0 167 0 87 179 0 40 166 0 92 0 112 0 90 0 51 183 0 196 0 |Drone Time: 8046.298813|8046.298813,0.000000,0.000000,0.000000
Drone 5: 0 155 95 139 62 0 11 53 50 132 0 175 0 61 15 0 60 0 70 0 178 0 94 0 64 0 85 0 57 0 96 0 |Drone Time: 7956.994380|7956.994380,0.000000,0.000000,0.000000
Total validation: Makespan=8076.211511, Deadline violation=0.000000, Energy violation=0.000000, Capacity violation=0.000000"
200.10.4,200,3,cyclic,,,,,,44,0,10480.571429,7846.512743,7846.512743,7846.512743,1671.036393,FEASIBLE,"Truck 1: 0 30 71 68 0 169 85 178 138 101 0 196 24 104 42 0 61 94 33 0 |Truck Time: 7803.220593|7803.220593,0.000000,0.000000,0.000000
Truck 2: 0 188 16 81 0 187 45 25 156 105 158 0 198 170 165 76 55 113 124 195 0 |Truck Time: 7846.512743|7846.512743,0.000000,0.000000,0.000000
Truck 3: 0 162 117 47 180 134 79 46 0 26 177 176 84 157 0 23 130 175 49 0 |Truck Time: 7828.312820|7828.312820,0.000000,0.000000,0.000000
Truck 4: 0 129 62 120 36 131 0 143 17 200 65 9 111 78 0 18 19 171 27 137 58 39 127 0 |Truck Time: 7846.209451|7846.209451,0.000000,0.000000,0.000000
Truck 5: 0 48 52 99 115 0 108 119 14 82 56 34 77 142 0 106 193 60 144 80 0 |Truck Time: 7518.013837|7518.013837,0.000000,0.000000,0.000000","Drone 1: 0 74 0 174 3 0 146 191 150 0 100 13 0 114 121 0 31 197 0 151 0 184 22 0 97 66 98 0 145 103 0 181 5 0 73 0 |Drone Time: 7757.328304|7757.328304,0.000000,0.000000,0.000000
Drone 2: 0 70 161 0 189 38 0 128 139 0 155 12 154 0 57 116 0 186 164 0 149 51 0 91 95 15 89 0 163 109 0 118 7 0 185 0 69 35 0 |Drone Time: 7812.448159|7812.448159,0.000000,0.000000,0.000000
Drone 3: 0 152 50 29 192 123 0 194 0 63 0 28 83 0 1 0 136 0 54 0 110 122 0 41 0 199 0 102 0 160 0 |Drone Time: 7825.384159|7825.384159,0.000000,0.000000,0.000000
Drone 4: 0 87 0 4 88 2 0 172 10 190 0 182 107 0 8 0 153 0 167 0 20 125 0 40 166 0 92 0 44 112 0 90 0 75 93 183 0 |Drone Time: 7797.619938|7797.619938,0.000000,0.000000,0.000000
Drone 5: 0 37 173 11 0 72 0 133 67 132 159 53 0 59 179 0 141 126 0 140 147 0 148 0 168 32 0 86 6 0 64 0 135 21 0 96 0 43 0 |Drone Time: 7833.095546|7833.095546,0.000000,0.000000,0.000000",7846.512743,0.0,0.0,0.0,"Truck Routes:
Truck 1: 0 30 71 68 0 169 85 178 138 101 0 196 24 104 42 0 61 94 33 0 |Truck Time: 7803.220593|7803.220593,0.000000,0.000000,0.000000
Truck 2: 0 188 16 81 0 187 45 25 156 105 158 0 198 170 165 76 55 113 124 195 0 |Truck Time: 7846.512743|7846.512743,0.000000,0.000000,0.000000
Truck 3: 0 162 117 47 180 134 79 46 0 26 177 176 84 157 0 23 130 175 49 0 |Truck Time: 7828.312820|7828.312820,0.000000,0.000000,0.000000
Truck 4: 0 129 62 120 36 131 0 143 17 200 65 9 111 78 0 18 19 171 27 137 58 39 127 0 |Truck Time: 7846.209451|7846.209451,0.000000,0.000000,0.000000
Truck 5: 0 48 52 99 115 0 108 119 14 82 56 34 77 142 0 106 193 60 144 80 0 |Truck Time: 7518.013837|7518.013837,0.000000,0.000000,0.000000
Drone Routes:
Drone 1: 0 74 0 174 3 0 146 191 150 0 100 13 0 114 121 0 31 197 0 151 0 184 22 0 97 66 98 0 145 103 0 181 5 0 73 0 |Drone Time: 7757.328304|7757.328304,0.000000,0.000000,0.000000
Drone 2: 0 70 161 0 189 38 0 128 139 0 155 12 154 0 57 116 0 186 164 0 149 51 0 91 95 15 89 0 163 109 0 118 7 0 185 0 69 35 0 |Drone Time: 7812.448159|7812.448159,0.000000,0.000000,0.000000
Drone 3: 0 152 50 29 192 123 0 194 0 63 0 28 83 0 1 0 136 0 54 0 110 122 0 41 0 199 0 102 0 160 0 |Drone Time: 7825.384159|7825.384159,0.000000,0.000000,0.000000
Drone 4: 0 87 0 4 88 2 0 172 10 190 0 182 107 0 8 0 153 0 167 0 20 125 0 40 166 0 92 0 44 112 0 90 0 75 93 183 0 |Drone Time: 7797.619938|7797.619938,0.000000,0.000000,0.000000
Drone 5: 0 37 173 11 0 72 0 133 67 132 159 53 0 59 179 0 141 126 0 140 147 0 148 0 168 32 0 86 6 0 64 0 135 21 0 96 0 43 0 |Drone Time: 7833.095546|7833.095546,0.000000,0.000000,0.000000
Total validation: Makespan=7846.512743, Deadline violation=0.000000, Energy violation=0.000000, Capacity violation=0.000000"
200.10.4,200,3,random,,,,,,44,0,10480.571429,7537.54699,7537.54699,7537.54699,1774.29083,FEASIBLE,"Truck 1: 0 4 9 65 86 0 131 151 171 19 36 18 0 118 169 54 37 112 71 0 |Truck Time: 7530.783195|7530.783195,0.000000,0.000000,0.000000
Truck 2: 0 153 16 73 81 0 48 134 14 96 0 165 76 55 113 119 132 110 108 0 |Truck Time: 7522.490786|7522.490786,0.000000,0.000000,0.000000
Truck 3: 0 193 94 111 0 190 172 51 97 148 84 0 68 102 174 194 175 49 1 0 |Truck Time: 7524.380500|7524.380500,0.000000,0.000000,0.000000
Truck 4: 0 120 62 129 0 35 176 41 136 59 142 0 156 127 39 58 137 149 43 0 |Truck Time: 7504.768162|7504.768162,0.000000,0.000000,0.000000
Truck 5: 0 106 104 200 17 99 115 0 46 143 126 117 47 180 29 185 195 82 79 157 0 24 42 78 80 60 33 0 |Truck Time: 7537.546990|7537.546990,0.000000,0.000000,0.000000","Drone 1: 0 145 0 87 0 45 27 0 182 107 0 2 88 98 154 0 187 12 0 167 0 30 0 168 0 188 0 25 95 197 0 |Drone Time: 7357.207965|7357.207965,0.000000,0.000000,0.000000
Drone 2: 0 13 11 150 0 20 0 57 0 90 125 0 161 155 40 38 0 44 130 109 0 116 166 121 0 181 103 91 75 0 56 198 0 77 122 0 179 124 0 158 0 |Drone Time: 7469.574429|7469.574429,0.000000,0.000000,0.000000
Drone 3: 0 152 50 83 0 31 0 144 0 63 0 138 7 0 67 177 69 0 101 0 135 74 0 26 0 199 0 6 140 0 160 0 184 0 |Drone Time: 7535.369286|7535.369286,0.000000,0.000000,0.000000
Drone 4: 0 196 0 21 100 0 93 189 0 61 8 0 163 22 0 186 164 0 191 146 0 128 139 0 92 89 66 0 72 3 0 114 0 34 183 0 |Drone Time: 7509.252852|7509.252852,0.000000,0.000000,0.000000
Drone 5: 0 105 0 133 170 0 10 0 28 147 0 5 15 0 70 0 178 0 192 141 123 0 64 0 32 85 0 162 52 0 23 0 53 159 173 0 |Drone Time: 7536.029471|7536.029471,0.000000,0.000000,0.000000",7537.54699,0.0,0.0,0.0,"Truck Routes:
Truck 1: 0 4 9 65 86 0 131 151 171 19 36 18 0 118 169 54 37 112 71 0 |Truck Time: 7530.783195|7530.783195,0.000000,0.000000,0.000000
Truck 2: 0 153 16 73 81 0 48 134 14 96 0 165 76 55 113 119 132 110 108 0 |Truck Time: 7522.490786|7522.490786,0.000000,0.000000,0.000000
Truck 3: 0 193 94 111 0 190 172 51 97 148 84 0 68 102 174 194 175 49 1 0 |Truck Time: 7524.380500|7524.380500,0.000000,0.000000,0.000000
Truck 4: 0 120 62 129 0 35 176 41 136 59 142 0 156 127 39 58 137 149 43 0 |Truck Time: 7504.768162|7504.768162,0.000000,0.000000,0.000000
Truck 5: 0 106 104 200 17 99 115 0 46 143 126 117 47 180 29 185 195 82 79 157 0 24 42 78 80 60 33 0 |Truck Time: 7537.546990|7537.546990,0.000000,0.000000,0.000000
Drone Routes:
Drone 1: 0 145 0 87 0 45 27 0 182 107 0 2 88 98 154 0 187 12 0 167 0 30 0 168 0 188 0 25 95 197 0 |Drone Time: 7357.207965|7357.207965,0.000000,0.000000,0.000000
Drone 2: 0 13 11 150 0 20 0 57 0 90 125 0 161 155 40 38 0 44 130 109 0 116 166 121 0 181 103 91 75 0 56 198 0 77 122 0 179 124 0 158 0 |Drone Time: 7469.574429|7469.574429,0.000000,0.000000,0.000000
Drone 3: 0 152 50 83 0 31 0 144 0 63 0 138 7 0 67 177 69 0 101 0 135 74 0 26 0 199 0 6 140 0 160 0 184 0 |Drone Time: 7535.369286|7535.369286,0.000000,0.000000,0.000000
Drone 4: 0 196 0 21 100 0 93 189 0 61 8 0 163 22 0 186 164 0 191 146 0 128 139 0 92 89 66 0 72 3 0 114 0 34 183 0 |Drone Time: 7509.252852|7509.252852,0.000000,0.000000,0.000000
Drone 5: 0 105 0 133 170 0 10 0 28 147 0 5 15 0 70 0 178 0 192 141 123 0 64 0 32 85 0 162 52 0 23 0 53 159 173 0 |Drone Time: 7536.029471|7536.029471,0.000000,0.000000,0.000000
Total validation: Makespan=7537.546990, Deadline violation=0.000000, Energy violation=0.000000, Capacity violation=0.000000"
200.10.4,200,4,adaptive,g1,0.3,0.2,0.1,0.3,45,0,9879.245175,7178.481673,7178.481673,7178.481673,1923.468804,FEASIBLE,"Truck 1: 0 84 176 41 136 59 0 86 65 200 140 115 142 0 198 119 113 55 124 179 0 |Truck Time: 7135.547325|7135.547325,0.000000,0.000000,0.000000
Truck 2: 0 39 156 154 45 199 105 149 20 183 172 0 128 153 16 188 164 31 15 5 0 |Truck Time: 7063.028221|7063.028221,0.000000,0.000000,0.000000
Truck 3: 0 34 30 1 90 93 146 97 0 193 80 61 94 9 111 0 171 19 131 36 18 120 163 43 0 |Truck Time: 7178.481673|7178.481673,0.000000,0.000000,0.000000
Truck 4: 0 81 73 103 78 181 96 17 143 0 101 190 75 182 106 0 10 102 112 70 49 72 68 77 0 |Truck Time: 7176.527629|7176.527629,0.000000,0.000000,0.000000
Truck 5: 0 118 138 169 166 184 114 145 0 46 79 185 110 108 0 127 58 137 0 |Truck Time: 7168.312256|7168.312256,0.000000,0.000000,0.000000","Drone 1: 0 141 88 147 0 32 125 167 0 37 8 0 122 53 13 0 121 109 21 7 0 132 87 0 197 170 0 24 0 173 177 0 157 0 160 0 |Drone Time: 7171.107791|7171.107791,0.000000,0.000000,0.000000
Drone 2: 0 174 191 0 91 133 26 67 0 139 22 129 0 175 0 192 66 33 0 12 62 100 0 6 134 69 0 196 0 29 180 0 186 0 51 0 |Drone Time: 7156.011407|7156.011407,0.000000,0.000000,0.000000
Drone 3: 0 57 0 63 0 85 161 0 123 2 4 0 165 0 3 178 0 48 150 0 40 155 0 117 126 0 23 0 104 0 60 0 |Drone Time: 7171.907802|7171.907802,0.000000,0.000000,0.000000
Drone 4: 0 135 187 0 194 0 35 56 0 76 50 0 130 0 44 148 11 0 168 0 189 74 0 52 162 0 64 0 95 92 0 42 116 0 |Drone Time: 7175.884157|7175.884157,0.000000,0.000000,0.000000
Drone 5: 0 152 0 38 158 0 98 144 107 89 0 151 27 0 47 83 0 25 0 71 54 0 14 0 99 0 159 195 0 82 0 28 0 |Drone Time: 7166.897619|7166.897619,0.000000,0.000000,0.000000",7178.481673,0.0,0.0,0.0,"Truck Routes:
Truck 1: 0 84 176 41 136 59 0 86 65 200 140 115 142 0 198 119 113 55 124 179 0 |Truck Time: 7135.547325|7135.547325,0.000000,0.000000,0.000000
Truck 2: 0 39 156 154 45 199 105 149 20 183 172 0 128 153 16 188 164 31 15 5 0 |Truck Time: 7063.028221|7063.028221,0.000000,0.000000,0.000000
Truck 3: 0 34 30 1 90 93 146 97 0 193 80 61 94 9 111 0 171 19 131 36 18 120 163 43 0 |Truck Time: 7178.481673|7178.481673,0.000000,0.000000,0.000000
Truck 4: 0 81 73 103 78 181 96 17 143 0 101 190 75 182 106 0 10 102 112 70 49 72 68 77 0 |Truck Time: 7176.527629|7176.527629,0.000000,0.000000,0.000000
Truck 5: 0 118 138 169 166 184 114 145 0 46 79 185 110 108 0 127 58 137 0 |Truck Time: 7168.312256|7168.312256,0.000000,0.000000,0.000000
Drone Routes:
Drone 1: 0 141 88 147 0 32 125 167 0 37 8 0 122 53 13 0 121 109 21 7 0 132 87 0 197 170 0 24 0 173 177 0 157 0 160 0 |Drone Time: 7171.107791|7171.107791,0.000000,0.000000,0.000000
Drone 2: 0 174 191 0 91 133 26 67 0 139 22 129 0 175 0 192 66 33 0 12 62 100 0 6 134 69 0 196 0 29 180 0 186 0 51 0 |Drone Time: 7156.011407|7156.011407,0.000000,0.000000,0.000000
Drone 3: 0 57 0 63 0 85 161 0 123 2 4 0 165 0 3 178 0 48 150 0 40 155 0 117 126 0 23 0 104 0 60 0 |Drone Time: 7171.907802|7171.907802,0.000000,0.000000,0.000000
Drone 4: 0 135 187 0 194 0 35 56 0 76 50 0 130 0 44 148 11 0 168 0 189 74 0 52 162 0 64 0 95 92 0 42 116 0 |Drone Time: 7175.884157|7175.884157,0.000000,0.000000,0.000000
Drone 5: 0 152 0 38 158 0 98 144 107 89 0 151 27 0 47 83 0 25 0 71 54 0 14 0 99 0 159 195 0 82 0 28 0 |Drone Time: 7166.897619|7166.897619,0.000000,0.000000,0.000000
Total validation: Makespan=7178.481673, Deadline violation=0.000000, Energy violation=0.000000, Capacity violation=0.000000"
200.10.4,200,4,adaptive,g2,0.5,0.3,0.1,0.3,45,0,9879.245175,7178.481673,7178.481673,7178.481673,1973.19383,FEASIBLE,"Truck 1: 0 84 176 41 136 59 0 86 65 200 140 115 142 0 198 119 113 55 124 179 0 |Truck Time: 7135.547325|7135.547325,0.000000,0.000000,0.000000
Truck 2: 0 39 156 154 45 199 105 149 20 183 172 0 128 153 16 188 164 31 15 5 0 |Truck Time: 7063.028221|7063.028221,0.000000,0.000000,0.000000
Truck 3: 0 34 30 1 90 93 146 97 0 193 80 61 94 9 111 0 171 19 131 36 18 120 163 43 0 |Truck Time: 7178.481673|7178.481673,0.000000,0.000000,0.000000
Truck 4: 0 81 73 103 78 181 96 17 143 0 101 190 75 182 106 0 10 102 112 70 49 72 68 77 0 |Truck Time: 7176.527629|7176.527629,0.000000,0.000000,0.000000
Truck 5: 0 118 138 169 166 184 114 145 0 46 79 185 110 108 0 127 58 137 0 |Truck Time: 7168.312256|7168.312256,0.000000,0.000000,0.000000","Drone 1: 0 141 88 147 0 32 125 167 0 37 8 0 122 53 13 0 121 109 21 7 0 132 87 0 197 170 0 24 0 173 177 0 157 0 160 0 |Drone Time: 7171.107791|7171.107791,0.000000,0.000000,0.000000
Drone 2: 0 174 191 0 91 133 26 67 0 139 22 129 0 175 0 192 66 33 0 12 62 100 0 6 134 69 0 196 0 29 180 0 186 0 51 0 |Drone Time: 7156.011407|7156.011407,0.000000,0.000000,0.000000
Drone 3: 0 57 0 63 0 85 161 0 123 2 4 0 165 0 3 178 0 48 150 0 40 155 0 117 126 0 23 0 104 0 60 0 |Drone Time: 7171.907802|7171.907802,0.000000,0.000000,0.000000
Drone 4: 0 135 187 0 194 0 35 56 0 76 50 0 130 0 44 148 11 0 168 0 189 74 0 52 162 0 64 0 95 92 0 42 116 0 |Drone Time: 7175.884157|7175.884157,0.000000,0.000000,0.000000
Drone 5: 0 152 0 38 158 0 98 144 107 89 0 151 27 0 47 83 0 25 0 71 54 0 14 0 99 0 159 195 0 82 0 28 0 |Drone Time: 7166.897619|7166.897619,0.000000,0.000000,0.000000",7178.481673,0.0,0.0,0.0,"Truck Routes:
Truck 1: 0 84 176 41 136 59 0 86 65 200 140 115 142 0 198 119 113 55 124 179 0 |Truck Time: 7135.547325|7135.547325,0.000000,0.000000,0.000000
Truck 2: 0 39 156 154 45 199 105 149 20 183 172 0 128 153 16 188 164 31 15 5 0 |Truck Time: 7063.028221|7063.028221,0.000000,0.000000,0.000000
Truck 3: 0 34 30 1 90 93 146 97 0 193 80 61 94 9 111 0 171 19 131 36 18 120 163 43 0 |Truck Time: 7178.481673|7178.481673,0.000000,0.000000,0.000000
Truck 4: 0 81 73 103 78 181 96 17 143 0 101 190 75 182 106 0 10 102 112 70 49 72 68 77 0 |Truck Time: 7176.527629|7176.527629,0.000000,0.000000,0.000000
Truck 5: 0 118 138 169 166 184 114 145 0 46 79 185 110 108 0 127 58 137 0 |Truck Time: 7168.312256|7168.312256,0.000000,0.000000,0.000000
Drone Routes:
Drone 1: 0 141 88 147 0 32 125 167 0 37 8 0 122 53 13 0 121 109 21 7 0 132 87 0 197 170 0 24 0 173 177 0 157 0 160 0 |Drone Time: 7171.107791|7171.107791,0.000000,0.000000,0.000000
Drone 2: 0 174 191 0 91 133 26 67 0 139 22 129 0 175 0 192 66 33 0 12 62 100 0 6 134 69 0 196 0 29 180 0 186 0 51 0 |Drone Time: 7156.011407|7156.011407,0.000000,0.000000,0.000000
Drone 3: 0 57 0 63 0 85 161 0 123 2 4 0 165 0 3 178 0 48 150 0 40 155 0 117 126 0 23 0 104 0 60 0 |Drone Time: 7171.907802|7171.907802,0.000000,0.000000,0.000000
Drone 4: 0 135 187 0 194 0 35 56 0 76 50 0 130 0 44 148 11 0 168 0 189 74 0 52 162 0 64 0 95 92 0 42 116 0 |Drone Time: 7175.884157|7175.884157,0.000000,0.000000,0.000000
Drone 5: 0 152 0 38 158 0 98 144 107 89 0 151 27 0 47 83 0 25 0 71 54 0 14 0 99 0 159 195 0 82 0 28 0 |Drone Time: 7166.897619|7166.897619,0.000000,0.000000,0.000000
Total validation: Makespan=7178.481673, Deadline violation=0.000000, Energy violation=0.000000, Capacity violation=0.000000"
200.10.4,200,4,adaptive,g3,0.3,0.2,0.1,0.6,45,0,9879.245175,7178.481673,7178.481673,7178.481673,1941.199863,FEASIBLE,"Truck 1: 0 84 176 41 136 59 0 86 65 200 140 115 142 0 198 119 113 55 124 179 0 |Truck Time: 7135.547325|7135.547325,0.000000,0.000000,0.000000
Truck 2: 0 39 156 154 45 199 105 149 20 183 172 0 128 153 16 188 164 31 15 5 0 |Truck Time: 7063.028221|7063.028221,0.000000,0.000000,0.000000
Truck 3: 0 34 30 1 90 93 146 97 0 193 80 61 94 9 111 0 171 19 131 36 18 120 163 43 0 |Truck Time: 7178.481673|7178.481673,0.000000,0.000000,0.000000
Truck 4: 0 81 73 103 78 181 96 17 143 0 101 190 75 182 106 0 10 102 112 70 49 72 68 77 0 |Truck Time: 7176.527629|7176.527629,0.000000,0.000000,0.000000
Truck 5: 0 118 138 169 166 184 114 145 0 46 79 185 110 108 0 127 58 137 0 |Truck Time: 7168.312256|7168.312256,0.000000,0.000000,0.000000","Drone 1: 0 141 88 147 0 32 125 167 0 37 8 0 122 53 13 0 121 109 21 7 0 132 87 0 197 170 0 24 0 173 177 0 157 0 160 0 |Drone Time: 7171.107791|7171.107791,0.000000,0.000000,0.000000
Drone 2: 0 174 191 0 91 133 26 67 0 139 22 129 0 175 0 192 66 33 0 12 62 100 0 6 134 69 0 196 0 29 180 0 186 0 51 0 |Drone Time: 7156.011407|7156.011407,0.000000,0.000000,0.000000
Drone 3: 0 57 0 63 0 85 161 0 123 2 4 0 165 0 3 178 0 48 150 0 40 155 0 117 126 0 23 0 104 0 60 0 |Drone Time: 7171.907802|7171.907802,0.000000,0.000000,0.000000
Drone 4: 0 135 187 0 194 0 35 56 0 76 50 0 130 0 44 148 11 0 168 0 189 74 0 52 162 0 64 0 95 92 0 42 116 0 |Drone Time: 7175.884157|7175.884157,0.000000,0.000000,0.000000
Drone 5: 0 152 0 38 158 0 98 144 107 89 0 151 27 0 47 83 0 25 0 71 54 0 14 0 99 0 159 195 0 82 0 28 0 |Drone Time: 7166.897619|7166.897619,0.000000,0.000000,0.000000",7178.481673,0.0,0.0,0.0,"Truck Routes:
Truck 1: 0 84 176 41 136 59 0 86 65 200 140 115 142 0 198 119 113 55 124 179 0 |Truck Time: 7135.547325|7135.547325,0.000000,0.000000,0.000000
Truck 2: 0 39 156 154 45 199 105 149 20 183 172 0 128 153 16 188 164 31 15 5 0 |Truck Time: 7063.028221|7063.028221,0.000000,0.000000,0.000000
Truck 3: 0 34 30 1 90 93 146 97 0 193 80 61 94 9 111 0 171 19 131 36 18 120 163 43 0 |Truck Time: 7178.481673|7178.481673,0.000000,0.000000,0.000000
Truck 4: 0 81 73 103 78 181 96 17 143 0 101 190 75 182 106 0 10 102 112 70 49 72 68 77 0 |Truck Time: 7176.527629|7176.527629,0.000000,0.000000,0.000000
Truck 5: 0 118 138 169 166 184 114 145 0 46 79 185 110 108 0 127 58 137 0 |Truck Time: 7168.312256|7168.312256,0.000000,0.000000,0.000000
Drone Routes:
Drone 1: 0 141 88 147 0 32 125 167 0 37 8 0 122 53 13 0 121 109 21 7 0 132 87 0 197 170 0 24 0 173 177 0 157 0 160 0 |Drone Time: 7171.107791|7171.107791,0.000000,0.000000,0.000000
Drone 2: 0 174 191 0 91 133 26 67 0 139 22 129 0 175 0 192 66 33 0 12 62 100 0 6 134 69 0 196 0 29 180 0 186 0 51 0 |Drone Time: 7156.011407|7156.011407,0.000000,0.000000,0.000000
Drone 3: 0 57 0 63 0 85 161 0 123 2 4 0 165 0 3 178 0 48 150 0 40 155 0 117 126 0 23 0 104 0 60 0 |Drone Time: 7171.907802|7171.907802,0.000000,0.000000,0.000000
Drone 4: 0 135 187 0 194 0 35 56 0 76 50 0 130 0 44 148 11 0 168 0 189 74 0 52 162 0 64 0 95 92 0 42 116 0 |Drone Time: 7175.884157|7175.884157,0.000000,0.000000,0.000000
Drone 5: 0 152 0 38 158 0 98 144 107 89 0 151 27 0 47 83 0 25 0 71 54 0 14 0 99 0 159 195 0 82 0 28 0 |Drone Time: 7166.897619|7166.897619,0.000000,0.000000,0.000000
Total validation: Makespan=7178.481673, Deadline violation=0.000000, Energy violation=0.000000, Capacity violation=0.000000"
200.10.4,200,4,adaptive,g4,0.5,0.3,0.1,0.6,45,0,9879.245175,7178.481673,7178.481673,7178.481673,1927.780746,FEASIBLE,"Truck 1: 0 84 176 41 136 59 0 86 65 200 140 115 142 0 198 119 113 55 124 179 0 |Truck Time: 7135.547325|7135.547325,0.000000,0.000000,0.000000
Truck 2: 0 39 156 154 45 199 105 149 20 183 172 0 128 153 16 188 164 31 15 5 0 |Truck Time: 7063.028221|7063.028221,0.000000,0.000000,0.000000
Truck 3: 0 34 30 1 90 93 146 97 0 193 80 61 94 9 111 0 171 19 131 36 18 120 163 43 0 |Truck Time: 7178.481673|7178.481673,0.000000,0.000000,0.000000
Truck 4: 0 81 73 103 78 181 96 17 143 0 101 190 75 182 106 0 10 102 112 70 49 72 68 77 0 |Truck Time: 7176.527629|7176.527629,0.000000,0.000000,0.000000
Truck 5: 0 118 138 169 166 184 114 145 0 46 79 185 110 108 0 127 58 137 0 |Truck Time: 7168.312256|7168.312256,0.000000,0.000000,0.000000","Drone 1: 0 141 88 147 0 32 125 167 0 37 8 0 122 53 13 0 121 109 21 7 0 132 87 0 197 170 0 24 0 173 177 0 157 0 160 0 |Drone Time: 7171.107791|7171.107791,0.000000,0.000000,0.000000
Drone 2: 0 174 191 0 91 133 26 67 0 139 22 129 0 175 0 192 66 33 0 12 62 100 0 6 134 69 0 196 0 29 180 0 186 0 51 0 |Drone Time: 7156.011407|7156.011407,0.000000,0.000000,0.000000
Drone 3: 0 57 0 63 0 85 161 0 123 2 4 0 165 0 3 178 0 48 150 0 40 155 0 117 126 0 23 0 104 0 60 0 |Drone Time: 7171.907802|7171.907802,0.000000,0.000000,0.000000
Drone 4: 0 135 187 0 194 0 35 56 0 76 50 0 130 0 44 148 11 0 168 0 189 74 0 52 162 0 64 0 95 92 0 42 116 0 |Drone Time: 7175.884157|7175.884157,0.000000,0.000000,0.000000
Drone 5: 0 152 0 38 158 0 98 144 107 89 0 151 27 0 47 83 0 25 0 71 54 0 14 0 99 0 159 195 0 82 0 28 0 |Drone Time: 7166.897619|7166.897619,0.000000,0.000000,0.000000",7178.481673,0.0,0.0,0.0,"Truck Routes:
Truck 1: 0 84 176 41 136 59 0 86 65 200 140 115 142 0 198 119 113 55 124 179 0 |Truck Time: 7135.547325|7135.547325,0.000000,0.000000,0.000000
Truck 2: 0 39 156 154 45 199 105 149 20 183 172 0 128 153 16 188 164 31 15 5 0 |Truck Time: 7063.028221|7063.028221,0.000000,0.000000,0.000000
Truck 3: 0 34 30 1 90 93 146 97 0 193 80 61 94 9 111 0 171 19 131 36 18 120 163 43 0 |Truck Time: 7178.481673|7178.481673,0.000000,0.000000,0.000000
Truck 4: 0 81 73 103 78 181 96 17 143 0 101 190 75 182 106 0 10 102 112 70 49 72 68 77 0 |Truck Time: 7176.527629|7176.527629,0.000000,0.000000,0.000000
Truck 5: 0 118 138 169 166 184 114 145 0 46 79 185 110 108 0 127 58 137 0 |Truck Time: 7168.312256|7168.312256,0.000000,0.000000,0.000000
Drone Routes:
Drone 1: 0 141 88 147 0 32 125 167 0 37 8 0 122 53 13 0 121 109 21 7 0 132 87 0 197 170 0 24 0 173 177 0 157 0 160 0 |Drone Time: 7171.107791|7171.107791,0.000000,0.000000,0.000000
Drone 2: 0 174 191 0 91 133 26 67 0 139 22 129 0 175 0 192 66 33 0 12 62 100 0 6 134 69 0 196 0 29 180 0 186 0 51 0 |Drone Time: 7156.011407|7156.011407,0.000000,0.000000,0.000000
Drone 3: 0 57 0 63 0 85 161 0 123 2 4 0 165 0 3 178 0 48 150 0 40 155 0 117 126 0 23 0 104 0 60 0 |Drone Time: 7171.907802|7171.907802,0.000000,0.000000,0.000000
Drone 4: 0 135 187 0 194 0 35 56 0 76 50 0 130 0 44 148 11 0 168 0 189 74 0 52 162 0 64 0 95 92 0 42 116 0 |Drone Time: 7175.884157|7175.884157,0.000000,0.000000,0.000000
Drone 5: 0 152 0 38 158 0 98 144 107 89 0 151 27 0 47 83 0 25 0 71 54 0 14 0 99 0 159 195 0 82 0 28 0 |Drone Time: 7166.897619|7166.897619,0.000000,0.000000,0.000000
Total validation: Makespan=7178.481673, Deadline violation=0.000000, Energy violation=0.000000, Capacity violation=0.000000"
200.10.4,200,4,cyclic,,,,,,45,0,9879.245175,7858.943443,7858.943443,7858.943443,1617.290669,FEASIBLE,"Truck 1: 0 176 41 59 0 4 17 200 181 140 0 108 132 119 55 113 124 0 |Truck Time: 7846.035103|7846.035103,0.000000,0.000000,0.000000
Truck 2: 0 39 58 137 0 5 15 31 164 0 194 175 49 0 |Truck Time: 7858.943443|7858.943443,0.000000,0.000000,0.000000
Truck 3: 0 138 169 30 1 90 93 68 146 71 102 0 153 73 81 103 78 24 0 19 171 151 131 36 18 120 163 0 |Truck Time: 7819.885103|7819.885103,0.000000,0.000000,0.000000
Truck 4: 0 86 9 65 141 61 80 94 197 104 42 0 52 79 84 157 142 0 193 66 60 33 123 111 0 |Truck Time: 7716.871920|7716.871920,0.000000,0.000000,0.000000
Truck 5: 0 196 106 46 23 97 145 40 114 166 184 0 195 198 110 99 115 0 187 105 45 154 156 127 0 |Truck Time: 7817.243576|7817.243576,0.000000,0.000000,0.000000","Drone 1: 0 129 62 12 74 0 32 63 0 72 0 37 8 0 189 21 109 0 174 0 167 0 134 29 0 48 126 0 54 3 0 148 0 20 0 |Drone Time: 7673.489689|7673.489689,0.000000,0.000000,0.000000
Drone 2: 0 180 0 7 34 67 133 0 77 172 91 155 0 160 95 0 122 13 0 22 25 0 170 0 112 0 101 121 0 47 0 199 0 96 0 162 0 |Drone Time: 7855.117809|7855.117809,0.000000,0.000000,0.000000
Drone 3: 0 149 139 0 173 177 159 0 190 192 88 0 178 0 165 0 28 44 0 188 0 168 0 35 56 0 26 0 136 0 16 0 |Drone Time: 7846.288369|7846.288369,0.000000,0.000000,0.000000
Drone 4: 0 152 0 117 53 0 50 76 179 0 186 27 0 130 0 70 191 0 43 11 0 75 69 0 51 150 0 64 0 100 128 0 185 0 |Drone Time: 7830.964304|7830.964304,0.000000,0.000000,0.000000
Drone 5: 0 182 0 158 135 183 0 92 107 0 143 147 2 6 0 85 161 0 57 83 0 98 89 144 0 118 125 0 14 0 87 0 10 116 38 0 82 0 |Drone Time: 7841.453239|7841.453239,0.000000,0.000000,0.000000",7858.943443,0.0,0.0,0.0,"Truck Routes:
Truck 1: 0 176 41 59 0 4 17 200 181 140 0 108 132 119 55 113 124 0 |Truck Time: 7846.035103|7846.035103,0.000000,0.000000,0.000000
Truck 2: 0 39 58 137 0 5 15 31 164 0 194 175 49 0 |Truck Time: 7858.943443|7858.943443,0.000000,0.000000,0.000000
Truck 3: 0 138 169 30 1 90 93 68 146 71 102 0 153 73 81 103 78 24 0 19 171 151 131 36 18 120 163 0 |Truck Time: 7819.885103|7819.885103,0.000000,0.000000,0.000000
Truck 4: 0 86 9 65 141 61 80 94 197 104 42 0 52 79 84 157 142 0 193 66 60 33 123 111 0 |Truck Time: 7716.871920|7716.871920,0.000000,0.000000,0.000000
Truck 5: 0 196 106 46 23 97 145 40 114 166 184 0 195 198 110 99 115 0 187 105 45 154 156 127 0 |Truck Time: 7817.243576|7817.243576,0.000000,0.000000,0.000000
Drone Routes:
Drone 1: 0 129 62 12 74 0 32 63 0 72 0 37 8 0 189 21 109 0 174 0 167 0 134 29 0 48 126 0 54 3 0 148 0 20 0 |Drone Time: 7673.489689|7673.489689,0.000000,0.000000,0.000000
Drone 2: 0 180 0 7 34 67 133 0 77 172 91 155 0 160 95 0 122 13 0 22 25 0 170 0 112 0 101 121 0 47 0 199 0 96 0 162 0 |Drone Time: 7855.117809|7855.117809,0.000000,0.000000,0.000000
Drone 3: 0 149 139 0 173 177 159 0 190 192 88 0 178 0 165 0 28 44 0 188 0 168 0 35 56 0 26 0 136 0 16 0 |Drone Time: 7846.288369|7846.288369,0.000000,0.000000,0.000000
Drone 4: 0 152 0 117 53 0 50 76 179 0 186 27 0 130 0 70 191 0 43 11 0 75 69 0 51 150 0 64 0 100 128 0 185 0 |Drone Time: 7830.964304|7830.964304,0.000000,0.000000,0.000000
Drone 5: 0 182 0 158 135 183 0 92 107 0 143 147 2 6 0 85 161 0 57 83 0 98 89 144 0 118 125 0 14 0 87 0 10 116 38 0 82 0 |Drone Time: 7841.453239|7841.453239,0.000000,0.000000,0.000000
Total validation: Makespan=7858.943443, Deadline violation=0.000000, Energy violation=0.000000, Capacity violation=0.000000"
200.10.4,200,4,random,,,,,,45,0,9879.245175,7981.910998,7981.910998,7981.910998,1853.011674,FEASIBLE,"Truck 1: 0 193 94 33 61 60 80 111 0 141 88 123 0 143 126 180 134 55 113 0 |Truck Time: 7963.088819|7963.088819,0.000000,0.000000,0.000000
Truck 2: 0 131 19 171 151 18 0 153 164 15 31 0 190 10 23 102 71 26 41 87 0 |Truck Time: 7981.910998|7981.910998,0.000000,0.000000,0.000000
Truck 3: 0 97 146 93 90 1 30 138 169 20 0 104 78 65 86 140 115 99 0 46 105 120 62 149 163 101 0 |Truck Time: 7963.464598|7963.464598,0.000000,0.000000,0.000000
Truck 4: 0 182 5 73 81 181 196 106 0 6 200 96 142 0 49 64 77 0 70 72 68 0 |Truck Time: 7955.078147|7955.078147,0.000000,0.000000,0.000000
Truck 5: 0 145 40 114 166 184 0 198 159 185 119 110 79 52 0 156 154 58 137 39 127 187 0 |Truck Time: 7944.310708|7944.310708,0.000000,0.000000,0.000000","Drone 1: 0 175 0 47 0 28 83 0 38 167 0 189 74 121 0 57 179 0 118 129 0 197 124 0 9 0 158 135 183 0 194 0 160 0 |Drone Time: 7887.162447|7887.162447,0.000000,0.000000,0.000000
Drone 2: 0 3 54 7 133 0 84 67 11 0 186 95 0 195 50 0 63 0 170 0 157 0 75 21 109 32 0 192 2 4 0 199 0 139 13 0 |Drone Time: 7969.754056|7969.754056,0.000000,0.000000,0.000000
Drone 3: 0 155 36 0 43 0 188 66 0 117 152 0 25 27 0 37 8 0 122 69 150 0 168 0 35 56 0 34 162 0 45 0 16 0 |Drone Time: 7980.817623|7980.817623,0.000000,0.000000,0.000000
Drone 4: 0 165 0 144 0 108 147 98 89 0 125 130 0 148 191 0 173 177 0 59 0 51 53 0 112 0 12 22 92 0 48 132 0 |Drone Time: 7961.644649|7961.644649,0.000000,0.000000,0.000000
Drone 5: 0 136 44 0 107 76 29 0 103 128 100 0 17 172 91 0 85 161 0 174 0 24 0 178 0 14 0 176 0 42 116 0 82 0 |Drone Time: 7952.788481|7952.788481,0.000000,0.000000,0.000000",7981.910998,0.0,0.0,0.0,"Truck Routes:
Truck 1: 0 193 94 33 61 60 80 111 0 141 88 123 0 143 126 180 134 55 113 0 |Truck Time: 7963.088819|7963.088819,0.000000,0.000000,0.000000
Truck 2: 0 131 19 171 151 18 0 153 164 15 31 0 190 10 23 102 71 26 41 87 0 |Truck Time: 7981.910998|7981.910998,0.000000,0.000000,0.000000
Truck 3: 0 97 146 93 90 1 30 138 169 20 0 104 78 65 86 140 115 99 0 46 105 120 62 149 163 101 0 |Truck Time: 7963.464598|7963.464598,0.000000,0.000000,0.000000
Truck 4: 0 182 5 73 81 181 196 106 0 6 200 96 142 0 49 64 77 0 70 72 68 0 |Truck Time: 7955.078147|7955.078147,0.000000,0.000000,0.000000
Truck 5: 0 145 40 114 166 184 0 198 159 185 119 110 79 52 0 156 154 58 137 39 127 187 0 |Truck Time: 7944.310708|7944.310708,0.000000,0.000000,0.000000
Drone Routes:
Drone 1: 0 175 0 47 0 28 83 0 38 167 0 189 74 121 0 57 179 0 118 129 0 197 124 0 9 0 158 135 183 0 194 0 160 0 |Drone Time: 7887.162447|7887.162447,0.000000,0.000000,0.000000
Drone 2: 0 3 54 7 133 0 84 67 11 0 186 95 0 195 50 0 63 0 170 0 157 0 75 21 109 32 0 192 2 4 0 199 0 139 13 0 |Drone Time: 7969.754056|7969.754056,0.000000,0.000000,0.000000
Drone 3: 0 155 36 0 43 0 188 66 0 117 152 0 25 27 0 37 8 0 122 69 150 0 168 0 35 56 0 34 162 0 45 0 16 0 |Drone Time: 7980.817623|7980.817623,0.000000,0.000000,0.000000
Drone 4: 0 165 0 144 0 108 147 98 89 0 125 130 0 148 191 0 173 177 0 59 0 51 53 0 112 0 12 22 92 0 48 132 0 |Drone Time: 7961.644649|7961.644649,0.000000,0.000000,0.000000
Drone 5: 0 136 44 0 107 76 29 0 103 128 100 0 17 172 91 0 85 161 0 174 0 24 0 178 0 14 0 176 0 42 116 0 82 0 |Drone Time: 7952.788481|7952.788481,0.000000,0.000000,0.000000
Total validation: Makespan=7981.910998, Deadline violation=0.000000, Energy violation=0.000000, Capacity violation=0.000000"
200.10.4,200,5,adaptive,g1,0.3,0.2,0.1,0.3,46,0,10194.357431,7454.833877,7454.833877,7454.833877,1453.809584,FEASIBLE,"Truck 1: 0 193 80 61 60 66 33 0 34 112 37 49 63 70 0 56 82 195 198 0 |Truck Time: 7375.473592|7375.473592,0.000000,0.000000,0.000000
Truck 2: 0 142 84 28 57 13 157 0 35 26 176 136 0 91 154 156 127 25 45 199 187 0 |Truck Time: 7339.975455|7339.975455,0.000000,0.000000,0.000000
Truck 3: 0 96 140 4 143 17 162 0 19 131 36 18 0 111 15 16 160 153 81 5 0 |Truck Time: 7446.769832|7446.769832,0.000000,0.000000,0.000000
Truck 4: 0 118 30 1 90 97 23 0 108 132 185 119 110 48 0 171 39 58 137 151 0 |Truck Time: 7454.833877|7454.833877,0.000000,0.000000,0.000000
Truck 5: 0 158 189 101 196 42 104 0 24 78 181 12 105 163 135 100 0 190 102 54 194 130 174 167 0 |Truck Time: 7405.082557|7405.082557,0.000000,0.000000,0.000000","Drone 1: 0 148 191 0 183 114 0 27 166 116 0 87 67 0 186 95 0 175 0 10 71 0 165 0 14 0 43 0 128 75 0 99 0 73 0 |Drone Time: 7454.554326|7454.554326,0.000000,0.000000,0.000000
Drone 2: 0 51 0 41 0 106 0 6 89 144 0 8 0 170 0 178 161 0 113 0 139 177 0 86 0 9 0 138 93 0 |Drone Time: 7444.856288|7444.856288,0.000000,0.000000,0.000000
Drone 3: 0 55 0 72 0 134 0 124 179 0 62 22 0 92 107 123 98 0 83 180 0 169 7 0 188 0 182 103 0 77 74 0 120 0 |Drone Time: 7441.165829|7441.165829,0.000000,0.000000,0.000000
Drone 4: 0 197 88 192 65 0 21 40 0 149 129 0 164 141 0 145 172 0 29 47 0 38 50 76 159 0 20 121 0 146 85 32 0 79 122 0 168 3 0 |Drone Time: 7437.058342|7437.058342,0.000000,0.000000,0.000000
Drone 5: 0 133 59 11 0 147 126 117 0 155 184 109 0 69 52 0 46 0 64 125 0 2 200 0 152 53 0 31 0 94 0 173 150 44 0 68 0 115 0 |Drone Time: 7438.151850|7438.151850,0.000000,0.000000,0.000000",7454.833877,0.0,0.0,0.0,"Truck Routes:
Truck 1: 0 193 80 61 60 66 33 0 34 112 37 49 63 70 0 56 82 195 198 0 |Truck Time: 7375.473592|7375.473592,0.000000,0.000000,0.000000
Truck 2: 0 142 84 28 57 13 157 0 35 26 176 136 0 91 154 156 127 25 45 199 187 0 |Truck Time: 7339.975455|7339.975455,0.000000,0.000000,0.000000
Truck 3: 0 96 140 4 143 17 162 0 19 131 36 18 0 111 15 16 160 153 81 5 0 |Truck Time: 7446.769832|7446.769832,0.000000,0.000000,0.000000
Truck 4: 0 118 30 1 90 97 23 0 108 132 185 119 110 48 0 171 39 58 137 151 0 |Truck Time: 7454.833877|7454.833877,0.000000,0.000000,0.000000
Truck 5: 0 158 189 101 196 42 104 0 24 78 181 12 105 163 135 100 0 190 102 54 194 130 174 167 0 |Truck Time: 7405.082557|7405.082557,0.000000,0.000000,0.000000
Drone Routes:
Drone 1: 0 148 191 0 183 114 0 27 166 116 0 87 67 0 186 95 0 175 0 10 71 0 165 0 14 0 43 0 128 75 0 99 0 73 0 |Drone Time: 7454.554326|7454.554326,0.000000,0.000000,0.000000
Drone 2: 0 51 0 41 0 106 0 6 89 144 0 8 0 170 0 178 161 0 113 0 139 177 0 86 0 9 0 138 93 0 |Drone Time: 7444.856288|7444.856288,0.000000,0.000000,0.000000
Drone 3: 0 55 0 72 0 134 0 124 179 0 62 22 0 92 107 123 98 0 83 180 0 169 7 0 188 0 182 103 0 77 74 0 120 0 |Drone Time: 7441.165829|7441.165829,0.000000,0.000000,0.000000
Drone 4: 0 197 88 192 65 0 21 40 0 149 129 0 164 141 0 145 172 0 29 47 0 38 50 76 159 0 20 121 0 146 85 32 0 79 122 0 168 3 0 |Drone Time: 7437.058342|7437.058342,0.000000,0.000000,0.000000
Drone 5: 0 133 59 11 0 147 126 117 0 155 184 109 0 69 52 0 46 0 64 125 0 2 200 0 152 53 0 31 0 94 0 173 150 44 0 68 0 115 0 |Drone Time: 7438.151850|7438.151850,0.000000,0.000000,0.000000
Total validation: Makespan=7454.833877, Deadline violation=0.000000, Energy violation=0.000000, Capacity violation=0.000000"
200.10.4,200,5,adaptive,g2,0.5,0.3,0.1,0.3,46,0,10194.357431,7454.833877,7454.833877,7454.833877,1649.517807,FEASIBLE,"Truck 1: 0 193 80 61 60 66 33 0 34 112 37 49 63 70 0 56 82 195 198 0 |Truck Time: 7375.473592|7375.473592,0.000000,0.000000,0.000000
Truck 2: 0 142 84 28 57 13 157 0 35 26 176 136 0 91 154 156 127 25 45 199 187 0 |Truck Time: 7339.975455|7339.975455,0.000000,0.000000,0.000000
Truck 3: 0 96 140 4 143 17 162 0 19 131 36 18 0 111 15 16 160 153 81 5 0 |Truck Time: 7446.769832|7446.769832,0.000000,0.000000,0.000000
Truck 4: 0 118 30 1 90 97 23 0 108 132 185 119 110 48 0 171 39 58 137 151 0 |Truck Time: 7454.833877|7454.833877,0.000000,0.000000,0.000000
Truck 5: 0 158 189 101 196 42 104 0 24 78 181 12 105 163 135 100 0 190 102 54 194 130 174 167 0 |Truck Time: 7405.082557|7405.082557,0.000000,0.000000,0.000000","Drone 1: 0 148 191 0 183 114 0 27 166 116 0 87 67 0 186 95 0 175 0 10 71 0 165 0 14 0 43 0 128 75 0 99 0 73 0 |Drone Time: 7454.554326|7454.554326,0.000000,0.000000,0.000000
Drone 2: 0 51 0 41 0 106 0 6 89 144 0 8 0 170 0 178 161 0 113 0 139 177 0 86 0 9 0 138 93 0 |Drone Time: 7444.856288|7444.856288,0.000000,0.000000,0.000000
Drone 3: 0 55 0 72 0 134 0 124 179 0 62 22 0 92 107 123 98 0 83 180 0 169 7 0 188 0 182 103 0 77 74 0 120 0 |Drone Time: 7441.165829|7441.165829,0.000000,0.000000,0.000000
Drone 4: 0 197 88 192 65 0 21 40 0 149 129 0 164 141 0 145 172 0 29 47 0 38 50 76 159 0 20 121 0 146 85 32 0 79 122 0 168 3 0 |Drone Time: 7437.058342|7437.058342,0.000000,0.000000,0.000000
Drone 5: 0 133 59 11 0 147 126 117 0 155 184 109 0 69 52 0 46 0 64 125 0 2 200 0 152 53 0 31 0 94 0 173 150 44 0 68 0 115 0 |Drone Time: 7438.151850|7438.151850,0.000000,0.000000,0.000000",7454.833877,0.0,0.0,0.0,"Truck Routes:
Truck 1: 0 193 80 61 60 66 33 0 34 112 37 49 63 70 0 56 82 195 198 0 |Truck Time: 7375.473592|7375.473592,0.000000,0.000000,0.000000
Truck 2: 0 142 84 28 57 13 157 0 35 26 176 136 0 91 154 156 127 25 45 199 187 0 |Truck Time: 7339.975455|7339.975455,0.000000,0.000000,0.000000
Truck 3: 0 96 140 4 143 17 162 0 19 131 36 18 0 111 15 16 160 153 81 5 0 |Truck Time: 7446.769832|7446.769832,0.000000,0.000000,0.000000
Truck 4: 0 118 30 1 90 97 23 0 108 132 185 119 110 48 0 171 39 58 137 151 0 |Truck Time: 7454.833877|7454.833877,0.000000,0.000000,0.000000
Truck 5: 0 158 189 101 196 42 104 0 24 78 181 12 105 163 135 100 0 190 102 54 194 130 174 167 0 |Truck Time: 7405.082557|7405.082557,0.000000,0.000000,0.000000
Drone Routes:
Drone 1: 0 148 191 0 183 114 0 27 166 116 0 87 67 0 186 95 0 175 0 10 71 0 165 0 14 0 43 0 128 75 0 99 0 73 0 |Drone Time: 7454.554326|7454.554326,0.000000,0.000000,0.000000
Drone 2: 0 51 0 41 0 106 0 6 89 144 0 8 0 170 0 178 161 0 113 0 139 177 0 86 0 9 0 138 93 0 |Drone Time: 7444.856288|7444.856288,0.000000,0.000000,0.000000
Drone 3: 0 55 0 72 0 134 0 124 179 0 62 22 0 92 107 123 98 0 83 180 0 169 7 0 188 0 182 103 0 77 74 0 120 0 |Drone Time: 7441.165829|7441.165829,0.000000,0.000000,0.000000
Drone 4: 0 197 88 192 65 0 21 40 0 149 129 0 164 141 0 145 172 0 29 47 0 38 50 76 159 0 20 121 0 146 85 32 0 79 122 0 168 3 0 |Drone Time: 7437.058342|7437.058342,0.000000,0.000000,0.000000
Drone 5: 0 133 59 11 0 147 126 117 0 155 184 109 0 69 52 0 46 0 64 125 0 2 200 0 152 53 0 31 0 94 0 173 150 44 0 68 0 115 0 |Drone Time: 7438.151850|7438.151850,0.000000,0.000000,0.000000
Total validation: Makespan=7454.833877, Deadline violation=0.000000, Energy violation=0.000000, Capacity violation=0.000000"
200.10.4,200,5,adaptive,g3,0.3,0.2,0.1,0.6,46,0,10194.357431,7454.833877,7454.833877,7454.833877,1677.076774,FEASIBLE,"Truck 1: 0 193 80 61 60 66 33 0 34 112 37 49 63 70 0 56 82 195 198 0 |Truck Time: 7375.473592|7375.473592,0.000000,0.000000,0.000000
Truck 2: 0 142 84 28 57 13 157 0 35 26 176 136 0 91 154 156 127 25 45 199 187 0 |Truck Time: 7339.975455|7339.975455,0.000000,0.000000,0.000000
Truck 3: 0 96 140 4 143 17 162 0 19 131 36 18 0 111 15 16 160 153 81 5 0 |Truck Time: 7446.769832|7446.769832,0.000000,0.000000,0.000000
Truck 4: 0 118 30 1 90 97 23 0 108 132 185 119 110 48 0 171 39 58 137 151 0 |Truck Time: 7454.833877|7454.833877,0.000000,0.000000,0.000000
Truck 5: 0 158 189 101 196 42 104 0 24 78 181 12 105 163 135 100 0 190 102 54 194 130 174 167 0 |Truck Time: 7405.082557|7405.082557,0.000000,0.000000,0.000000","Drone 1: 0 148 191 0 183 114 0 27 166 116 0 87 67 0 186 95 0 175 0 10 71 0 165 0 14 0 43 0 128 75 0 99 0 73 0 |Drone Time: 7454.554326|7454.554326,0.000000,0.000000,0.000000
Drone 2: 0 51 0 41 0 106 0 6 89 144 0 8 0 170 0 178 161 0 113 0 139 177 0 86 0 9 0 138 93 0 |Drone Time: 7444.856288|7444.856288,0.000000,0.000000,0.000000
Drone 3: 0 55 0 72 0 134 0 124 179 0 62 22 0 92 107 123 98 0 83 180 0 169 7 0 188 0 182 103 0 77 74 0 120 0 |Drone Time: 7441.165829|7441.165829,0.000000,0.000000,0.000000
Drone 4: 0 197 88 192 65 0 21 40 0 149 129 0 164 141 0 145 172 0 29 47 0 38 50 76 159 0 20 121 0 146 85 32 0 79 122 0 168 3 0 |Drone Time: 7437.058342|7437.058342,0.000000,0.000000,0.000000
Drone 5: 0 133 59 11 0 147 126 117 0 155 184 109 0 69 52 0 46 0 64 125 0 2 200 0 152 53 0 31 0 94 0 173 150 44 0 68 0 115 0 |Drone Time: 7438.151850|7438.151850,0.000000,0.000000,0.000000",7454.833877,0.0,0.0,0.0,"Truck Routes:
Truck 1: 0 193 80 61 60 66 33 0 34 112 37 49 63 70 0 56 82 195 198 0 |Truck Time: 7375.473592|7375.473592,0.000000,0.000000,0.000000
Truck 2: 0 142 84 28 57 13 157 0 35 26 176 136 0 91 154 156 127 25 45 199 187 0 |Truck Time: 7339.975455|7339.975455,0.000000,0.000000,0.000000
Truck 3: 0 96 140 4 143 17 162 0 19 131 36 18 0 111 15 16 160 153 81 5 0 |Truck Time: 7446.769832|7446.769832,0.000000,0.000000,0.000000
Truck 4: 0 118 30 1 90 97 23 0 108 132 185 119 110 48 0 171 39 58 137 151 0 |Truck Time: 7454.833877|7454.833877,0.000000,0.000000,0.000000
Truck 5: 0 158 189 101 196 42 104 0 24 78 181 12 105 163 135 100 0 190 102 54 194 130 174 167 0 |Truck Time: 7405.082557|7405.082557,0.000000,0.000000,0.000000
Drone Routes:
Drone 1: 0 148 191 0 183 114 0 27 166 116 0 87 67 0 186 95 0 175 0 10 71 0 165 0 14 0 43 0 128 75 0 99 0 73 0 |Drone Time: 7454.554326|7454.554326,0.000000,0.000000,0.000000
Drone 2: 0 51 0 41 0 106 0 6 89 144 0 8 0 170 0 178 161 0 113 0 139 177 0 86 0 9 0 138 93 0 |Drone Time: 7444.856288|7444.856288,0.000000,0.000000,0.000000
Drone 3: 0 55 0 72 0 134 0 124 179 0 62 22 0 92 107 123 98 0 83 180 0 169 7 0 188 0 182 103 0 77 74 0 120 0 |Drone Time: 7441.165829|7441.165829,0.000000,0.000000,0.000000
Drone 4: 0 197 88 192 65 0 21 40 0 149 129 0 164 141 0 145 172 0 29 47 0 38 50 76 159 0 20 121 0 146 85 32 0 79 122 0 168 3 0 |Drone Time: 7437.058342|7437.058342,0.000000,0.000000,0.000000
Drone 5: 0 133 59 11 0 147 126 117 0 155 184 109 0 69 52 0 46 0 64 125 0 2 200 0 152 53 0 31 0 94 0 173 150 44 0 68 0 115 0 |Drone Time: 7438.151850|7438.151850,0.000000,0.000000,0.000000
Total validation: Makespan=7454.833877, Deadline violation=0.000000, Energy violation=0.000000, Capacity violation=0.000000"
200.10.4,200,5,adaptive,g4,0.5,0.3,0.1,0.6,46,0,10194.357431,7454.833877,7454.833877,7454.833877,1266.351581,FEASIBLE,"Truck 1: 0 193 80 61 60 66 33 0 34 112 37 49 63 70 0 56 82 195 198 0 |Truck Time: 7375.473592|7375.473592,0.000000,0.000000,0.000000
Truck 2: 0 142 84 28 57 13 157 0 35 26 176 136 0 91 154 156 127 25 45 199 187 0 |Truck Time: 7339.975455|7339.975455,0.000000,0.000000,0.000000
Truck 3: 0 96 140 4 143 17 162 0 19 131 36 18 0 111 15 16 160 153 81 5 0 |Truck Time: 7446.769832|7446.769832,0.000000,0.000000,0.000000
Truck 4: 0 118 30 1 90 97 23 0 108 132 185 119 110 48 0 171 39 58 137 151 0 |Truck Time: 7454.833877|7454.833877,0.000000,0.000000,0.000000
Truck 5: 0 158 189 101 196 42 104 0 24 78 181 12 105 163 135 100 0 190 102 54 194 130 174 167 0 |Truck Time: 7405.082557|7405.082557,0.000000,0.000000,0.000000","Drone 1: 0 148 191 0 183 114 0 27 166 116 0 87 67 0 186 95 0 175 0 10 71 0 165 0 14 0 43 0 128 75 0 99 0 73 0 |Drone Time: 7454.554326|7454.554326,0.000000,0.000000,0.000000
Drone 2: 0 51 0 41 0 106 0 6 89 144 0 8 0 170 0 178 161 0 113 0 139 177 0 86 0 9 0 138 93 0 |Drone Time: 7444.856288|7444.856288,0.000000,0.000000,0.000000
Drone 3: 0 55 0 72 0 134 0 124 179 0 62 22 0 92 107 123 98 0 83 180 0 169 7 0 188 0 182 103 0 77 74 0 120 0 |Drone Time: 7441.165829|7441.165829,0.000000,0.000000,0.000000
Drone 4: 0 197 88 192 65 0 21 40 0 149 129 0 164 141 0 145 172 0 29 47 0 38 50 76 159 0 20 121 0 146 85 32 0 79 122 0 168 3 0 |Drone Time: 7437.058342|7437.058342,0.000000,0.000000,0.000000
Drone 5: 0 133 59 11 0 147 126 117 0 155 184 109 0 69 52 0 46 0 64 125 0 2 200 0 152 53 0 31 0 94 0 173 150 44 0 68 0 115 0 |Drone Time: 7438.151850|7438.151850,0.000000,0.000000,0.000000",7454.833877,0.0,0.0,0.0,"Truck Routes:
Truck 1: 0 193 80 61 60 66 33 0 34 112 37 49 63 70 0 56 82 195 198 0 |Truck Time: 7375.473592|7375.473592,0.000000,0.000000,0.000000
Truck 2: 0 142 84 28 57 13 157 0 35 26 176 136 0 91 154 156 127 25 45 199 187 0 |Truck Time: 7339.975455|7339.975455,0.000000,0.000000,0.000000
Truck 3: 0 96 140 4 143 17 162 0 19 131 36 18 0 111 15 16 160 153 81 5 0 |Truck Time: 7446.769832|7446.769832,0.000000,0.000000,0.000000
Truck 4: 0 118 30 1 90 97 23 0 108 132 185 119 110 48 0 171 39 58 137 151 0 |Truck Time: 7454.833877|7454.833877,0.000000,0.000000,0.000000
Truck 5: 0 158 189 101 196 42 104 0 24 78 181 12 105 163 135 100 0 190 102 54 194 130 174 167 0 |Truck Time: 7405.082557|7405.082557,0.000000,0.000000,0.000000
Drone Routes:
Drone 1: 0 148 191 0 183 114 0 27 166 116 0 87 67 0 186 95 0 175 0 10 71 0 165 0 14 0 43 0 128 75 0 99 0 73 0 |Drone Time: 7454.554326|7454.554326,0.000000,0.000000,0.000000
Drone 2: 0 51 0 41 0 106 0 6 89 144 0 8 0 170 0 178 161 0 113 0 139 177 0 86 0 9 0 138 93 0 |Drone Time: 7444.856288|7444.856288,0.000000,0.000000,0.000000
Drone 3: 0 55 0 72 0 134 0 124 179 0 62 22 0 92 107 123 98 0 83 180 0 169 7 0 188 0 182 103 0 77 74 0 120 0 |Drone Time: 7441.165829|7441.165829,0.000000,0.000000,0.000000
Drone 4: 0 197 88 192 65 0 21 40 0 149 129 0 164 141 0 145 172 0 29 47 0 38 50 76 159 0 20 121 0 146 85 32 0 79 122 0 168 3 0 |Drone Time: 7437.058342|7437.058342,0.000000,0.000000,0.000000
Drone 5: 0 133 59 11 0 147 126 117 0 155 184 109 0 69 52 0 46 0 64 125 0 2 200 0 152 53 0 31 0 94 0 173 150 44 0 68 0 115 0 |Drone Time: 7438.151850|7438.151850,0.000000,0.000000,0.000000
Total validation: Makespan=7454.833877, Deadline violation=0.000000, Energy violation=0.000000, Capacity violation=0.000000"
200.10.4,200,5,cyclic,,,,,,46,0,10194.357431,7458.527219,7458.527219,7458.527219,1621.420022,FEASIBLE,"Truck 1: 0 160 16 153 140 200 96 0 49 72 70 0 119 113 124 185 79 0 |Truck Time: 7449.093772|7449.093772,0.000000,0.000000,0.000000
Truck 2: 0 129 21 145 184 166 0 157 84 77 51 101 190 0 127 156 154 45 105 106 0 |Truck Time: 7384.822427|7384.822427,0.000000,0.000000,0.000000
Truck 3: 0 17 143 47 117 126 4 9 193 111 73 81 0 114 118 34 97 10 172 0 62 149 199 187 0 |Truck Time: 7457.739187|7457.739187,0.000000,0.000000,0.000000
Truck 4: 0 23 102 71 53 57 59 136 176 41 26 35 0 171 39 58 137 151 0 |Truck Time: 7458.527219|7458.527219,0.000000,0.000000,0.000000
Truck 5: 0 189 20 1 138 116 0 43 18 19 131 36 120 163 100 75 196 24 0 93 90 178 54 112 68 0 |Truck Time: 7426.867335|7426.867335,0.000000,0.000000,0.000000","Drone 1: 0 148 0 186 0 87 67 0 139 15 0 182 0 132 179 56 0 52 0 142 198 0 180 0 195 0 146 37 0 155 95 31 107 89 0 |Drone Time: 7412.570602|7412.570602,0.000000,0.000000,0.000000
Drone 2: 0 181 103 61 0 85 161 0 38 135 33 2 0 115 0 191 8 0 13 122 0 128 5 0 40 109 121 0 6 162 177 0 48 0 86 0 158 169 0 |Drone Time: 7432.276701|7432.276701,0.000000,0.000000,0.000000
Drone 3: 0 42 0 64 0 74 65 88 0 82 0 32 125 174 0 29 134 0 60 197 0 28 0 98 144 0 164 92 0 22 188 0 78 0 |Drone Time: 7425.806461|7425.806461,0.000000,0.000000,0.000000
Drone 4: 0 99 0 104 0 91 94 0 175 0 27 25 12 0 168 0 194 0 46 83 0 80 66 0 44 55 0 133 165 50 11 0 |Drone Time: 7458.110439|7458.110439,0.000000,0.000000,0.000000
Drone 5: 0 183 130 0 147 123 192 141 0 7 167 0 14 0 63 3 0 170 159 0 173 150 0 69 108 0 76 152 0 30 0 110 0 |Drone Time: 7443.880160|7443.880160,0.000000,0.000000,0.000000",7458.527219,0.0,0.0,0.0,"Truck Routes:
Truck 1: 0 160 16 153 140 200 96 0 49 72 70 0 119 113 124 185 79 0 |Truck Time: 7449.093772|7449.093772,0.000000,0.000000,0.000000
Truck 2: 0 129 21 145 184 166 0 157 84 77 51 101 190 0 127 156 154 45 105 106 0 |Truck Time: 7384.822427|7384.822427,0.000000,0.000000,0.000000
Truck 3: 0 17 143 47 117 126 4 9 193 111 73 81 0 114 118 34 97 10 172 0 62 149 199 187 0 |Truck Time: 7457.739187|7457.739187,0.000000,0.000000,0.000000
Truck 4: 0 23 102 71 53 57 59 136 176 41 26 35 0 171 39 58 137 151 0 |Truck Time: 7458.527219|7458.527219,0.000000,0.000000,0.000000
Truck 5: 0 189 20 1 138 116 0 43 18 19 131 36 120 163 100 75 196 24 0 93 90 178 54 112 68 0 |Truck Time: 7426.867335|7426.867335,0.000000,0.000000,0.000000
Drone Routes:
Drone 1: 0 148 0 186 0 87 67 0 139 15 0 182 0 132 179 56 0 52 0 142 198 0 180 0 195 0 146 37 0 155 95 31 107 89 0 |Drone Time: 7412.570602|7412.570602,0.000000,0.000000,0.000000
Drone 2: 0 181 103 61 0 85 161 0 38 135 33 2 0 115 0 191 8 0 13 122 0 128 5 0 40 109 121 0 6 162 177 0 48 0 86 0 158 169 0 |Drone Time: 7432.276701|7432.276701,0.000000,0.000000,0.000000
Drone 3: 0 42 0 64 0 74 65 88 0 82 0 32 125 174 0 29 134 0 60 197 0 28 0 98 144 0 164 92 0 22 188 0 78 0 |Drone Time: 7425.806461|7425.806461,0.000000,0.000000,0.000000
Drone 4: 0 99 0 104 0 91 94 0 175 0 27 25 12 0 168 0 194 0 46 83 0 80 66 0 44 55 0 133 165 50 11 0 |Drone Time: 7458.110439|7458.110439,0.000000,0.000000,0.000000
Drone 5: 0 183 130 0 147 123 192 141 0 7 167 0 14 0 63 3 0 170 159 0 173 150 0 69 108 0 76 152 0 30 0 110 0 |Drone Time: 7443.880160|7443.880160,0.000000,0.000000,0.000000
Total validation: Makespan=7458.527219, Deadline violation=0.000000, Energy violation=0.000000, Capacity violation=0.000000"
200.10.4,200,5,random,,,,,,46,0,10194.357431,7396.636412,7396.636412,7396.636412,2236.968552,FEASIBLE,"Truck 1: 0 111 193 86 143 17 200 96 182 128 160 153 5 0 161 130 178 112 3 30 34 23 77 0 |Truck Time: 7046.585067|7046.585067,0.000000,0.000000,0.000000
Truck 2: 0 106 181 31 15 73 81 0 157 84 57 28 79 0 171 27 137 58 127 0 |Truck Time: 7396.636412|7396.636412,0.000000,0.000000,0.000000
Truck 3: 0 115 126 180 134 14 110 48 0 114 184 166 40 145 51 190 0 42 186 105 149 129 163 100 0 |Truck Time: 7367.007032|7367.007032,0.000000,0.000000,0.000000
Truck 4: 0 68 71 93 90 10 0 198 82 195 185 119 132 108 0 91 154 156 25 12 187 75 0 |Truck Time: 7371.966778|7371.966778,0.000000,0.000000,0.000000
Truck 5: 0 43 18 19 131 120 101 0 104 24 118 169 138 172 0 194 175 49 1 0 |Truck Time: 7276.100677|7276.100677,0.000000,0.000000,0.000000","Drone 1: 0 173 177 0 159 56 53 0 139 95 164 0 189 21 0 174 32 0 122 162 0 37 8 0 70 146 0 46 38 0 183 97 0 148 142 0 197 66 33 0 |Drone Time: 7391.329636|7391.329636,0.000000,0.000000,0.000000
Drone 2: 0 191 54 0 98 144 107 0 16 0 102 0 88 141 0 135 151 155 0 167 125 0 26 11 0 6 140 0 176 0 9 0 78 103 0 |Drone Time: 7396.400823|7396.400823,0.000000,0.000000,0.000000
Drone 3: 0 99 0 35 0 41 0 13 0 89 60 0 83 117 0 136 67 0 50 170 0 63 0 192 2 47 0 92 0 188 0 158 74 0 |Drone Time: 7352.263902|7352.263902,0.000000,0.000000,0.000000
Drone 4: 0 45 0 150 0 152 76 0 72 0 124 179 0 85 7 0 109 168 0 199 22 0 20 121 0 116 64 0 87 29 147 0 |Drone Time: 7372.689057|7372.689057,0.000000,0.000000,0.000000
Drone 5: 0 4 0 39 0 165 0 36 62 0 133 113 0 80 123 0 65 61 0 44 55 0 94 0 59 0 196 0 52 69 0 |Drone Time: 7390.702929|7390.702929,0.000000,0.000000,0.000000",7396.636412,0.0,0.0,0.0,"Truck Routes:
Truck 1: 0 111 193 86 143 17 200 96 182 128 160 153 5 0 161 130 178 112 3 30 34 23 77 0 |Truck Time: 7046.585067|7046.585067,0.000000,0.000000,0.000000
Truck 2: 0 106 181 31 15 73 81 0 157 84 57 28 79 0 171 27 137 58 127 0 |Truck Time: 7396.636412|7396.636412,0.000000,0.000000,0.000000
Truck 3: 0 115 126 180 134 14 110 48 0 114 184 166 40 145 51 190 0 42 186 105 149 129 163 100 0 |Truck Time: 7367.007032|7367.007032,0.000000,0.000000,0.000000
Truck 4: 0 68 71 93 90 10 0 198 82 195 185 119 132 108 0 91 154 156 25 12 187 75 0 |Truck Time: 7371.966778|7371.966778,0.000000,0.000000,0.000000
Truck 5: 0 43 18 19 131 120 101 0 104 24 118 169 138 172 0 194 175 49 1 0 |Truck Time: 7276.100677|7276.100677,0.000000,0.000000,0.000000
Drone Routes:
Drone 1: 0 173 177 0 159 56 53 0 139 95 164 0 189 21 0 174 32 0 122 162 0 37 8 0 70 146 0 46 38 0 183 97 0 148 142 0 197 66 33 0 |Drone Time: 7391.329636|7391.329636,0.000000,0.000000,0.000000
Drone 2: 0 191 54 0 98 144 107 0 16 0 102 0 88 141 0 135 151 155 0 167 125 0 26 11 0 6 140 0 176 0 9 0 78 103 0 |Drone Time: 7396.400823|7396.400823,0.000000,0.000000,0.000000
Drone 3: 0 99 0 35 0 41 0 13 0 89 60 0 83 117 0 136 67 0 50 170 0 63 0 192 2 47 0 92 0 188 0 158 74 0 |Drone Time: 7352.263902|7352.263902,0.000000,0.000000,0.000000
Drone 4: 0 45 0 150 0 152 76 0 72 0 124 179 0 85 7 0 109 168 0 199 22 0 20 121 0 116 64 0 87 29 147 0 |Drone Time: 7372.689057|7372.689057,0.000000,0.000000,0.000000
Drone 5: 0 4 0 39 0 165 0 36 62 0 133 113 0 80 123 0 65 61 0 44 55 0 94 0 59 0 196 0 52 69 0 |Drone Time: 7390.702929|7390.702929,0.000000,0.000000,0.000000
Total validation: Makespan=7396.636412, Deadline violation=0.000000, Energy violation=0.000000, Capacity violation=0.000000"
200.20.1,200,1,adaptive,g1,0.3,0.2,0.1,0.3,42,0,17332.609037,15247.451494,15247.451494,15247.451494,1273.852487,FEASIBLE,"Truck 1: 0 53 0 170 0 67 5 105 42 51 0 161 192 0 147 145 0 |Truck Time: 15141.291605|15141.291605,0.000000,0.000000,0.000000
Truck 2: 0 150 103 118 0 19 56 100 0 97 64 108 61 12 0 88 194 94 131 0 |Truck Time: 15244.698947|15244.698947,0.000000,0.000000,0.000000
Truck 3: 0 95 128 188 130 179 85 46 0 24 0 39 141 73 132 0 40 0 |Truck Time: 15116.153546|15116.153546,0.000000,0.000000,0.000000
Truck 4: 0 89 69 29 0 60 21 0 72 167 11 83 17 0 133 96 87 26 0 |Truck Time: 15247.451494|15247.451494,0.000000,0.000000,0.000000
Truck 5: 0 193 152 48 122 35 154 0 115 31 49 66 0 200 2 0 107 148 143 168 197 0 13 157 33 0 |Truck Time: 14931.302464|14931.302464,0.000000,0.000000,0.000000","Drone 1: 0 1 75 116 27 0 156 189 0 199 172 0 34 50 0 127 0 109 173 0 90 104 0 74 79 0 182 0 176 0 159 0 184 0 |Drone Time: 15205.325544|15205.325544,0.000000,0.000000,0.000000
Drone 2: 0 137 68 20 0 30 191 112 134 25 0 62 28 163 55 160 0 3 58 0 186 0 81 38 0 65 8 0 36 0 187 23 0 121 0 98 0 99 0 |Drone Time: 15179.225693|15179.225693,0.000000,0.000000,0.000000
Drone 3: 0 70 37 136 0 174 102 177 0 171 86 119 0 142 0 110 149 0 175 180 0 158 0 138 57 0 124 125 59 155 0 47 117 0 101 0 123 190 178 0 |Drone Time: 15107.015143|15107.015143,0.000000,0.000000,0.000000
Drone 4: 0 76 153 0 129 10 45 4 146 195 54 0 41 196 0 144 185 126 0 135 15 0 166 111 198 0 71 140 0 151 44 0 93 0 63 0 181 0 6 0 |Drone Time: 15209.103331|15209.103331,0.000000,0.000000,0.000000
Drone 5: 0 106 82 113 91 43 9 0 165 78 120 22 0 114 16 0 183 0 139 0 92 164 0 18 77 0 84 52 0 162 14 0 80 0 7 0 32 169 0 |Drone Time: 15240.107171|15240.107171,0.000000,0.000000,0.000000",15247.451494,0.0,0.0,0.0,"Truck Routes:
Truck 1: 0 53 0 170 0 67 5 105 42 51 0 161 192 0 147 145 0 |Truck Time: 15141.291605|15141.291605,0.000000,0.000000,0.000000
Truck 2: 0 150 103 118 0 19 56 100 0 97 64 108 61 12 0 88 194 94 131 0 |Truck Time: 15244.698947|15244.698947,0.000000,0.000000,0.000000
Truck 3: 0 95 128 188 130 179 85 46 0 24 0 39 141 73 132 0 40 0 |Truck Time: 15116.153546|15116.153546,0.000000,0.000000,0.000000
Truck 4: 0 89 69 29 0 60 21 0 72 167 11 83 17 0 133 96 87 26 0 |Truck Time: 15247.451494|15247.451494,0.000000,0.000000,0.000000
Truck 5: 0 193 152 48 122 35 154 0 115 31 49 66 0 200 2 0 107 148 143 168 197 0 13 157 33 0 |Truck Time: 14931.302464|14931.302464,0.000000,0.000000,0.000000
Drone Routes:
Drone 1: 0 1 75 116 27 0 156 189 0 199 172 0 34 50 0 127 0 109 173 0 90 104 0 74 79 0 182 0 176 0 159 0 184 0 |Drone Time: 15205.325544|15205.325544,0.000000,0.000000,0.000000
Drone 2: 0 137 68 20 0 30 191 112 134 25 0 62 28 163 55 160 0 3 58 0 186 0 81 38 0 65 8 0 36 0 187 23 0 121 0 98 0 99 0 |Drone Time: 15179.225693|15179.225693,0.000000,0.000000,0.000000
Drone 3: 0 70 37 136 0 174 102 177 0 171 86 119 0 142 0 110 149 0 175 180 0 158 0 138 57 0 124 125 59 155 0 47 117 0 101 0 123 190 178 0 |Drone Time: 15107.015143|15107.015143,0.000000,0.000000,0.000000
Drone 4: 0 76 153 0 129 10 45 4 146 195 54 0 41 196 0 144 185 126 0 135 15 0 166 111 198 0 71 140 0 151 44 0 93 0 63 0 181 0 6 0 |Drone Time: 15209.103331|15209.103331,0.000000,0.000000,0.000000
Drone 5: 0 106 82 113 91 43 9 0 165 78 120 22 0 114 16 0 183 0 139 0 92 164 0 18 77 0 84 52 0 162 14 0 80 0 7 0 32 169 0 |Drone Time: 15240.107171|15240.107171,0.000000,0.000000,0.000000
Total validation: Makespan=15247.451494, Deadline violation=0.000000, Energy violation=0.000000, Capacity violation=0.000000"
200.20.1,200,1,adaptive,g2,0.5,0.3,0.1,0.3,42,0,17332.609037,15247.451494,15247.451494,15247.451494,691.572124,FEASIBLE,"Truck 1: 0 53 0 170 0 67 5 105 42 51 0 161 192 0 147 145 0 |Truck Time: 15141.291605|15141.291605,0.000000,0.000000,0.000000
Truck 2: 0 150 103 118 0 19 56 100 0 97 64 108 61 12 0 88 194 94 131 0 |Truck Time: 15244.698947|15244.698947,0.000000,0.000000,0.000000
Truck 3: 0 95 128 188 130 179 85 46 0 24 0 39 141 73 132 0 40 0 |Truck Time: 15116.153546|15116.153546,0.000000,0.000000,0.000000
Truck 4: 0 89 69 29 0 60 21 0 72 167 11 83 17 0 133 96 87 26 0 |Truck Time: 15247.451494|15247.451494,0.000000,0.000000,0.000000
Truck 5: 0 193 152 48 122 35 154 0 115 31 49 66 0 200 2 0 107 148 143 168 197 0 13 157 33 0 |Truck Time: 14931.302464|14931.302464,0.000000,0.000000,0.000000","Drone 1: 0 1 75 116 27 0 156 189 0 199 172 0 34 50 0 127 0 109 173 0 90 104 0 74 79 0 182 0 176 0 159 0 184 0 |Drone Time: 15205.325544|15205.325544,0.000000,0.000000,0.000000
Drone 2: 0 137 68 20 0 30 191 112 134 25 0 62 28 163 55 160 0 3 58 0 186 0 81 38 0 65 8 0 36 0 187 23 0 121 0 98 0 99 0 |Drone Time: 15179.225693|15179.225693,0.000000,0.000000,0.000000
Drone 3: 0 70 37 136 0 174 102 177 0 171 86 119 0 142 0 110 149 0 175 180 0 158 0 138 57 0 124 125 59 155 0 47 117 0 101 0 123 190 178 0 |Drone Time: 15107.015143|15107.015143,0.000000,0.000000,0.000000
Drone 4: 0 76 153 0 129 10 45 4 146 195 54 0 41 196 0 144 185 126 0 135 15 0 166 111 198 0 71 140 0 151 44 0 93 0 63 0 181 0 6 0 |Drone Time: 15209.103331|15209.103331,0.000000,0.000000,0.000000
Drone 5: 0 106 82 113 91 43 9 0 165 78 120 22 0 114 16 0 183 0 139 0 92 164 0 18 77 0 84 52 0 162 14 0 80 0 7 0 32 169 0 |Drone Time: 15240.107171|15240.107171,0.000000,0.000000,0.000000",15247.451494,0.0,0.0,0.0,"Truck Routes:
Truck 1: 0 53 0 170 0 67 5 105 42 51 0 161 192 0 147 145 0 |Truck Time: 15141.291605|15141.291605,0.000000,0.000000,0.000000
Truck 2: 0 150 103 118 0 19 56 100 0 97 64 108 61 12 0 88 194 94 131 0 |Truck Time: 15244.698947|15244.698947,0.000000,0.000000,0.000000
Truck 3: 0 95 128 188 130 179 85 46 0 24 0 39 141 73 132 0 40 0 |Truck Time: 15116.153546|15116.153546,0.000000,0.000000,0.000000
Truck 4: 0 89 69 29 0 60 21 0 72 167 11 83 17 0 133 96 87 26 0 |Truck Time: 15247.451494|15247.451494,0.000000,0.000000,0.000000
Truck 5: 0 193 152 48 122 35 154 0 115 31 49 66 0 200 2 0 107 148 143 168 197 0 13 157 33 0 |Truck Time: 14931.302464|14931.302464,0.000000,0.000000,0.000000
Drone Routes:
Drone 1: 0 1 75 116 27 0 156 189 0 199 172 0 34 50 0 127 0 109 173 0 90 104 0 74 79 0 182 0 176 0 159 0 184 0 |Drone Time: 15205.325544|15205.325544,0.000000,0.000000,0.000000
Drone 2: 0 137 68 20 0 30 191 112 134 25 0 62 28 163 55 160 0 3 58 0 186 0 81 38 0 65 8 0 36 0 187 23 0 121 0 98 0 99 0 |Drone Time: 15179.225693|15179.225693,0.000000,0.000000,0.000000
Drone 3: 0 70 37 136 0 174 102 177 0 171 86 119 0 142 0 110 149 0 175 180 0 158 0 138 57 0 124 125 59 155 0 47 117 0 101 0 123 190 178 0 |Drone Time: 15107.015143|15107.015143,0.000000,0.000000,0.000000
Drone 4: 0 76 153 0 129 10 45 4 146 195 54 0 41 196 0 144 185 126 0 135 15 0 166 111 198 0 71 140 0 151 44 0 93 0 63 0 181 0 6 0 |Drone Time: 15209.103331|15209.103331,0.000000,0.000000,0.000000
Drone 5: 0 106 82 113 91 43 9 0 165 78 120 22 0 114 16 0 183 0 139 0 92 164 0 18 77 0 84 52 0 162 14 0 80 0 7 0 32 169 0 |Drone Time: 15240.107171|15240.107171,0.000000,0.000000,0.000000
Total validation: Makespan=15247.451494, Deadline violation=0.000000, Energy violation=0.000000, Capacity violation=0.000000"
200.20.1,200,1,adaptive,g3,0.3,0.2,0.1,0.6,42,0,17332.609037,15247.451494,15247.451494,15247.451494,1006.907311,FEASIBLE,"Truck 1: 0 53 0 170 0 67 5 105 42 51 0 161 192 0 147 145 0 |Truck Time: 15141.291605|15141.291605,0.000000,0.000000,0.000000
Truck 2: 0 150 103 118 0 19 56 100 0 97 64 108 61 12 0 88 194 94 131 0 |Truck Time: 15244.698947|15244.698947,0.000000,0.000000,0.000000
Truck 3: 0 95 128 188 130 179 85 46 0 24 0 39 141 73 132 0 40 0 |Truck Time: 15116.153546|15116.153546,0.000000,0.000000,0.000000
Truck 4: 0 89 69 29 0 60 21 0 72 167 11 83 17 0 133 96 87 26 0 |Truck Time: 15247.451494|15247.451494,0.000000,0.000000,0.000000
Truck 5: 0 193 152 48 122 35 154 0 115 31 49 66 0 200 2 0 107 148 143 168 197 0 13 157 33 0 |Truck Time: 14931.302464|14931.302464,0.000000,0.000000,0.000000","Drone 1: 0 1 75 116 27 0 156 189 0 199 172 0 34 50 0 127 0 109 173 0 90 104 0 74 79 0 182 0 176 0 159 0 184 0 |Drone Time: 15205.325544|15205.325544,0.000000,0.000000,0.000000
Drone 2: 0 137 68 20 0 30 191 112 134 25 0 62 28 163 55 160 0 3 58 0 186 0 81 38 0 65 8 0 36 0 187 23 0 121 0 98 0 99 0 |Drone Time: 15179.225693|15179.225693,0.000000,0.000000,0.000000
Drone 3: 0 70 37 136 0 174 102 177 0 171 86 119 0 142 0 110 149 0 175 180 0 158 0 138 57 0 124 125 59 155 0 47 117 0 101 0 123 190 178 0 |Drone Time: 15107.015143|15107.015143,0.000000,0.000000,0.000000
Drone 4: 0 76 153 0 129 10 45 4 146 195 54 0 41 196 0 144 185 126 0 135 15 0 166 111 198 0 71 140 0 151 44 0 93 0 63 0 181 0 6 0 |Drone Time: 15209.103331|15209.103331,0.000000,0.000000,0.000000
Drone 5: 0 106 82 113 91 43 9 0 165 78 120 22 0 114 16 0 183 0 139 0 92 164 0 18 77 0 84 52 0 162 14 0 80 0 7 0 32 169 0 |Drone Time: 15240.107171|15240.107171,0.000000,0.000000,0.000000",15247.451494,0.0,0.0,0.0,"Truck Routes:
Truck 1: 0 53 0 170 0 67 5 105 42 51 0 161 192 0 147 145 0 |Truck Time: 15141.291605|15141.291605,0.000000,0.000000,0.000000
Truck 2: 0 150 103 118 0 19 56 100 0 97 64 108 61 12 0 88 194 94 131 0 |Truck Time: 15244.698947|15244.698947,0.000000,0.000000,0.000000
Truck 3: 0 95 128 188 130 179 85 46 0 24 0 39 141 73 132 0 40 0 |Truck Time: 15116.153546|15116.153546,0.000000,0.000000,0.000000
Truck 4: 0 89 69 29 0 60 21 0 72 167 11 83 17 0 133 96 87 26 0 |Truck Time: 15247.451494|15247.451494,0.000000,0.000000,0.000000
Truck 5: 0 193 152 48 122 35 154 0 115 31 49 66 0 200 2 0 107 148 143 168 197 0 13 157 33 0 |Truck Time: 14931.302464|14931.302464,0.000000,0.000000,0.000000
Drone Routes:
Drone 1: 0 1 75 116 27 0 156 189 0 199 172 0 34 50 0 127 0 109 173 0 90 104 0 74 79 0 182 0 176 0 159 0 184 0 |Drone Time: 15205.325544|15205.325544,0.000000,0.000000,0.000000
Drone 2: 0 137 68 20 0 30 191 112 134 25 0 62 28 163 55 160 0 3 58 0 186 0 81 38 0 65 8 0 36 0 187 23 0 121 0 98 0 99 0 |Drone Time: 15179.225693|15179.225693,0.000000,0.000000,0.000000
Drone 3: 0 70 37 136 0 174 102 177 0 171 86 119 0 142 0 110 149 0 175 180 0 158 0 138 57 0 124 125 59 155 0 47 117 0 101 0 123 190 178 0 |Drone Time: 15107.015143|15107.015143,0.000000,0.000000,0.000000
Drone 4: 0 76 153 0 129 10 45 4 146 195 54 0 41 196 0 144 185 126 0 135 15 0 166 111 198 0 71 140 0 151 44 0 93 0 63 0 181 0 6 0 |Drone Time: 15209.103331|15209.103331,0.000000,0.000000,0.000000
Drone 5: 0 106 82 113 91 43 9 0 165 78 120 22 0 114 16 0 183 0 139 0 92 164 0 18 77 0 84 52 0 162 14 0 80 0 7 0 32 169 0 |Drone Time: 15240.107171|15240.107171,0.000000,0.000000,0.000000
Total validation: Makespan=15247.451494, Deadline violation=0.000000, Energy violation=0.000000, Capacity violation=0.000000"
200.20.1,200,1,adaptive,g4,0.5,0.3,0.1,0.6,42,0,17332.609037,15244.698947,15244.698947,15244.698947,1287.201475,FEASIBLE,"Truck 1: 0 53 0 170 0 67 5 105 42 51 0 161 192 0 147 145 0 |Truck Time: 15141.291605|15141.291605,0.000000,0.000000,0.000000
Truck 2: 0 150 103 118 0 19 56 100 0 97 64 108 61 12 0 88 194 94 131 0 |Truck Time: 15244.698947|15244.698947,0.000000,0.000000,0.000000
Truck 3: 0 95 128 130 179 85 46 0 24 0 39 141 73 132 0 60 40 0 |Truck Time: 15182.388208|15182.388208,0.000000,0.000000,0.000000
Truck 4: 0 72 17 69 29 0 21 0 89 11 83 167 0 133 96 87 26 0 |Truck Time: 15224.192956|15224.192956,0.000000,0.000000,0.000000
Truck 5: 0 193 152 48 122 35 154 0 115 31 49 66 0 188 200 2 0 107 148 143 168 197 0 13 157 33 0 |Truck Time: 15208.473917|15208.473917,0.000000,0.000000,0.000000","Drone 1: 0 1 75 116 27 0 156 189 0 199 172 0 34 50 0 127 0 109 173 0 90 104 0 74 79 0 182 0 176 0 159 0 184 0 |Drone Time: 15205.325544|15205.325544,0.000000,0.000000,0.000000
Drone 2: 0 137 68 20 0 30 191 112 134 25 0 62 28 163 55 160 0 3 58 0 186 0 81 38 0 65 8 0 36 0 187 23 0 121 0 98 0 99 0 |Drone Time: 15179.225693|15179.225693,0.000000,0.000000,0.000000
Drone 3: 0 70 37 136 0 174 102 177 0 171 86 119 0 142 0 110 149 0 175 180 0 158 0 138 57 0 124 125 59 155 0 47 117 0 101 0 123 190 178 0 |Drone Time: 15107.015143|15107.015143,0.000000,0.000000,0.000000
Drone 4: 0 76 153 0 129 10 45 4 146 195 54 0 41 196 0 144 185 126 0 135 15 0 166 111 198 0 71 140 0 151 44 0 93 0 63 0 181 0 6 0 |Drone Time: 15209.103331|15209.103331,0.000000,0.000000,0.000000
Drone 5: 0 106 82 113 91 43 9 0 165 78 120 22 0 114 16 0 183 0 139 0 92 164 0 18 77 0 84 52 0 162 14 0 80 0 7 0 32 169 0 |Drone Time: 15240.107171|15240.107171,0.000000,0.000000,0.000000",15244.698947,0.0,0.0,0.0,"Truck Routes:
Truck 1: 0 53 0 170 0 67 5 105 42 51 0 161 192 0 147 145 0 |Truck Time: 15141.291605|15141.291605,0.000000,0.000000,0.000000
Truck 2: 0 150 103 118 0 19 56 100 0 97 64 108 61 12 0 88 194 94 131 0 |Truck Time: 15244.698947|15244.698947,0.000000,0.000000,0.000000
Truck 3: 0 95 128 130 179 85 46 0 24 0 39 141 73 132 0 60 40 0 |Truck Time: 15182.388208|15182.388208,0.000000,0.000000,0.000000
Truck 4: 0 72 17 69 29 0 21 0 89 11 83 167 0 133 96 87 26 0 |Truck Time: 15224.192956|15224.192956,0.000000,0.000000,0.000000
Truck 5: 0 193 152 48 122 35 154 0 115 31 49 66 0 188 200 2 0 107 148 143 168 197 0 13 157 33 0 |Truck Time: 15208.473917|15208.473917,0.000000,0.000000,0.000000
Drone Routes:
Drone 1: 0 1 75 116 27 0 156 189 0 199 172 0 34 50 0 127 0 109 173 0 90 104 0 74 79 0 182 0 176 0 159 0 184 0 |Drone Time: 15205.325544|15205.325544,0.000000,0.000000,0.000000
Drone 2: 0 137 68 20 0 30 191 112 134 25 0 62 28 163 55 160 0 3 58 0 186 0 81 38 0 65 8 0 36 0 187 23 0 121 0 98 0 99 0 |Drone Time: 15179.225693|15179.225693,0.000000,0.000000,0.000000
Drone 3: 0 70 37 136 0 174 102 177 0 171 86 119 0 142 0 110 149 0 175 180 0 158 0 138 57 0 124 125 59 155 0 47 117 0 101 0 123 190 178 0 |Drone Time: 15107.015143|15107.015143,0.000000,0.000000,0.000000
Drone 4: 0 76 153 0 129 10 45 4 146 195 54 0 41 196 0 144 185 126 0 135 15 0 166 111 198 0 71 140 0 151 44 0 93 0 63 0 181 0 6 0 |Drone Time: 15209.103331|15209.103331,0.000000,0.000000,0.000000
Drone 5: 0 106 82 113 91 43 9 0 165 78 120 22 0 114 16 0 183 0 139 0 92 164 0 18 77 0 84 52 0 162 14 0 80 0 7 0 32 169 0 |Drone Time: 15240.107171|15240.107171,0.000000,0.000000,0.000000
Total validation: Makespan=15244.698947, Deadline violation=0.000000, Energy violation=0.000000, Capacity violation=0.000000"
200.20.1,200,1,cyclic,,,,,,42,0,17332.609037,13513.692176,13513.692176,13513.692176,1221.815911,FEASIBLE,"Truck 1: 0 200 170 0 175 53 115 0 11 83 72 17 0 56 46 0 |Truck Time: 13499.458467|13499.458467,0.000000,0.000000,0.000000
Truck 2: 0 35 118 76 26 0 146 188 48 0 135 61 64 97 66 0 126 88 194 131 95 0 |Truck Time: 13459.663903|13459.663903,0.000000,0.000000,0.000000
Truck 3: 0 40 139 89 0 128 152 0 39 186 141 94 132 0 51 161 0 |Truck Time: 13501.294236|13501.294236,0.000000,0.000000,0.000000
Truck 4: 0 29 69 80 71 85 179 0 138 79 81 65 0 137 20 173 0 133 96 183 0 |Truck Time: 13513.692176|13513.692176,0.000000,0.000000,0.000000
Truck 5: 0 12 174 49 129 154 45 0 42 193 0 67 5 168 143 148 107 0 37 13 145 33 2 178 0 |Truck Time: 13477.403588|13477.403588,0.000000,0.000000,0.000000","Drone 1: 0 31 0 60 0 150 166 0 191 30 34 0 3 58 0 98 0 68 57 0 27 116 0 144 93 0 74 159 164 0 36 0 181 184 0 |Drone Time: 13513.089594|13513.089594,0.000000,0.000000,0.000000
Drone 2: 0 103 0 119 63 0 114 198 149 0 120 104 0 113 86 15 77 0 127 55 0 124 125 0 92 0 160 176 0 121 0 78 101 0 155 100 0 |Drone Time: 13483.331791|13483.331791,0.000000,0.000000,0.000000
Drone 3: 0 70 189 75 0 41 38 0 142 0 43 8 54 182 0 156 180 0 106 32 0 6 0 197 105 0 47 117 0 52 84 0 123 190 19 0 |Drone Time: 13500.456180|13500.456180,0.000000,0.000000,0.000000
Drone 4: 0 99 0 7 0 108 153 73 0 87 0 163 24 62 0 130 109 140 0 151 44 0 157 0 147 1 0 167 0 10 59 23 0 195 196 110 0 |Drone Time: 13455.142299|13455.142299,0.000000,0.000000,0.000000
Drone 5: 0 187 0 90 16 91 171 82 0 18 136 0 122 28 111 0 25 50 134 112 0 102 177 192 0 22 158 0 162 14 0 199 172 4 185 0 9 169 0 165 21 0 |Drone Time: 13399.660385|13399.660385,0.000000,0.000000,0.000000",13513.692176,0.0,0.0,0.0,"Truck Routes:
Truck 1: 0 200 170 0 175 53 115 0 11 83 72 17 0 56 46 0 |Truck Time: 13499.458467|13499.458467,0.000000,0.000000,0.000000
Truck 2: 0 35 118 76 26 0 146 188 48 0 135 61 64 97 66 0 126 88 194 131 95 0 |Truck Time: 13459.663903|13459.663903,0.000000,0.000000,0.000000
Truck 3: 0 40 139 89 0 128 152 0 39 186 141 94 132 0 51 161 0 |Truck Time: 13501.294236|13501.294236,0.000000,0.000000,0.000000
Truck 4: 0 29 69 80 71 85 179 0 138 79 81 65 0 137 20 173 0 133 96 183 0 |Truck Time: 13513.692176|13513.692176,0.000000,0.000000,0.000000
Truck 5: 0 12 174 49 129 154 45 0 42 193 0 67 5 168 143 148 107 0 37 13 145 33 2 178 0 |Truck Time: 13477.403588|13477.403588,0.000000,0.000000,0.000000
Drone Routes:
Drone 1: 0 31 0 60 0 150 166 0 191 30 34 0 3 58 0 98 0 68 57 0 27 116 0 144 93 0 74 159 164 0 36 0 181 184 0 |Drone Time: 13513.089594|13513.089594,0.000000,0.000000,0.000000
Drone 2: 0 103 0 119 63 0 114 198 149 0 120 104 0 113 86 15 77 0 127 55 0 124 125 0 92 0 160 176 0 121 0 78 101 0 155 100 0 |Drone Time: 13483.331791|13483.331791,0.000000,0.000000,0.000000
Drone 3: 0 70 189 75 0 41 38 0 142 0 43 8 54 182 0 156 180 0 106 32 0 6 0 197 105 0 47 117 0 52 84 0 123 190 19 0 |Drone Time: 13500.456180|13500.456180,0.000000,0.000000,0.000000
Drone 4: 0 99 0 7 0 108 153 73 0 87 0 163 24 62 0 130 109 140 0 151 44 0 157 0 147 1 0 167 0 10 59 23 0 195 196 110 0 |Drone Time: 13455.142299|13455.142299,0.000000,0.000000,0.000000
Drone 5: 0 187 0 90 16 91 171 82 0 18 136 0 122 28 111 0 25 50 134 112 0 102 177 192 0 22 158 0 162 14 0 199 172 4 185 0 9 169 0 165 21 0 |Drone Time: 13399.660385|13399.660385,0.000000,0.000000,0.000000
Total validation: Makespan=13513.692176, Deadline violation=0.000000, Energy violation=0.000000, Capacity violation=0.000000"
200.20.1,200,1,random,,,,,,42,0,17332.609037,15148.859058,15148.859058,15148.859058,993.566464,FEASIBLE,"Truck 1: 0 178 42 51 0 115 0 13 157 145 0 150 26 0 57 0 |Truck Time: 15086.220516|15086.220516,0.000000,0.000000,0.000000
Truck 2: 0 163 28 78 60 0 179 85 46 0 95 97 64 61 108 135 0 39 186 141 194 131 0 |Truck Time: 14947.144018|14947.144018,0.000000,0.000000,0.000000
Truck 3: 0 128 99 126 0 92 56 100 0 40 184 6 0 156 170 0 |Truck Time: 15080.617772|15080.617772,0.000000,0.000000,0.000000
Truck 4: 0 29 69 109 80 48 0 118 110 187 152 0 11 83 72 17 0 87 96 133 0 |Truck Time: 15148.859058|15148.859058,0.000000,0.000000,0.000000
Truck 5: 0 122 35 154 0 66 49 31 132 73 193 0 53 33 0 107 148 143 168 197 0 67 192 161 0 |Truck Time: 15121.158112|15121.158112,0.000000,0.000000,0.000000","Drone 1: 0 124 59 27 1 77 0 94 106 0 105 5 37 0 34 50 0 127 0 98 0 90 104 0 103 0 182 0 176 0 159 0 |Drone Time: 15107.531470|15107.531470,0.000000,0.000000,0.000000
Drone 2: 0 200 75 0 30 191 112 134 25 0 62 24 55 74 54 0 3 58 0 2 0 81 38 0 199 172 0 36 0 18 153 113 0 121 0 89 181 0 43 9 0 |Drone Time: 15089.138240|15089.138240,0.000000,0.000000,0.000000
Drone 3: 0 68 158 0 23 174 0 70 189 0 142 0 21 149 0 175 180 0 119 86 0 138 188 137 130 0 116 136 125 0 47 117 0 101 0 123 190 19 0 |Drone Time: 15086.274862|15086.274862,0.000000,0.000000,0.000000
Drone 4: 0 129 79 120 0 12 10 144 185 45 4 146 195 160 0 41 196 0 139 82 0 65 8 0 166 111 198 0 71 140 0 151 44 0 93 0 171 15 0 173 0 76 0 |Drone Time: 14809.274499|14809.274499,0.000000,0.000000,0.000000
Drone 5: 0 88 91 0 22 165 155 177 102 0 114 16 0 183 0 147 0 20 164 0 63 0 84 52 0 162 14 0 167 0 7 0 32 169 0 |Drone Time: 14983.638621|14983.638621,0.000000,0.000000,0.000000",15148.859058,0.0,0.0,0.0,"Truck Routes:
Truck 1: 0 178 42 51 0 115 0 13 157 145 0 150 26 0 57 0 |Truck Time: 15086.220516|15086.220516,0.000000,0.000000,0.000000
Truck 2: 0 163 28 78 60 0 179 85 46 0 95 97 64 61 108 135 0 39 186 141 194 131 0 |Truck Time: 14947.144018|14947.144018,0.000000,0.000000,0.000000
Truck 3: 0 128 99 126 0 92 56 100 0 40 184 6 0 156 170 0 |Truck Time: 15080.617772|15080.617772,0.000000,0.000000,0.000000
Truck 4: 0 29 69 109 80 48 0 118 110 187 152 0 11 83 72 17 0 87 96 133 0 |Truck Time: 15148.859058|15148.859058,0.000000,0.000000,0.000000
Truck 5: 0 122 35 154 0 66 49 31 132 73 193 0 53 33 0 107 148 143 168 197 0 67 192 161 0 |Truck Time: 15121.158112|15121.158112,0.000000,0.000000,0.000000
Drone Routes:
Drone 1: 0 124 59 27 1 77 0 94 106 0 105 5 37 0 34 50 0 127 0 98 0 90 104 0 103 0 182 0 176 0 159 0 |Drone Time: 15107.531470|15107.531470,0.000000,0.000000,0.000000
Drone 2: 0 200 75 0 30 191 112 134 25 0 62 24 55 74 54 0 3 58 0 2 0 81 38 0 199 172 0 36 0 18 153 113 0 121 0 89 181 0 43 9 0 |Drone Time: 15089.138240|15089.138240,0.000000,0.000000,0.000000
Drone 3: 0 68 158 0 23 174 0 70 189 0 142 0 21 149 0 175 180 0 119 86 0 138 188 137 130 0 116 136 125 0 47 117 0 101 0 123 190 19 0 |Drone Time: 15086.274862|15086.274862,0.000000,0.000000,0.000000
Drone 4: 0 129 79 120 0 12 10 144 185 45 4 146 195 160 0 41 196 0 139 82 0 65 8 0 166 111 198 0 71 140 0 151 44 0 93 0 171 15 0 173 0 76 0 |Drone Time: 14809.274499|14809.274499,0.000000,0.000000,0.000000
Drone 5: 0 88 91 0 22 165 155 177 102 0 114 16 0 183 0 147 0 20 164 0 63 0 84 52 0 162 14 0 167 0 7 0 32 169 0 |Drone Time: 14983.638621|14983.638621,0.000000,0.000000,0.000000
Total validation: Makespan=15148.859058, Deadline violation=0.000000, Energy violation=0.000000, Capacity violation=0.000000"
200.20.1,200,2,adaptive,g1,0.3,0.2,0.1,0.3,43,0,21786.580333,13760.984195,13760.984195,13760.984195,1549.993069,FEASIBLE,"Truck 1: 0 11 83 72 17 0 57 167 181 69 173 0 87 41 103 150 0 |Truck Time: 13257.926993|13257.926993,0.000000,0.000000,0.000000
Truck 2: 0 129 0 195 169 0 197 13 33 105 178 0 88 94 141 194 131 95 0 |Truck Time: 13760.984195|13760.984195,0.000000,0.000000,0.000000
Truck 3: 0 82 97 132 0 79 81 65 35 0 188 110 45 48 0 1 148 143 147 157 145 0 |Truck Time: 13637.103706|13637.103706,0.000000,0.000000,0.000000
Truck 4: 0 2 190 23 46 179 85 29 0 144 0 19 107 102 161 42 0 135 61 15 39 171 86 119 32 12 0 193 0 |Truck Time: 13444.297072|13444.297072,0.000000,0.000000,0.000000
Truck 5: 0 31 170 200 51 146 0 115 0 40 184 152 0 67 5 192 172 56 100 4 0 |Truck Time: 13693.431305|13693.431305,0.000000,0.000000,0.000000","Drone 1: 0 98 0 66 90 0 53 0 175 37 136 191 0 174 0 163 24 0 114 78 165 0 126 43 0 54 133 120 0 153 180 199 27 0 106 7 0 |Drone Time: 13746.521408|13746.521408,0.000000,0.000000,0.000000
Drone 2: 0 140 30 68 0 77 186 0 55 142 0 93 198 62 0 63 0 34 50 0 158 0 71 109 25 0 118 0 196 52 84 0 20 0 6 0 |Drone Time: 13750.774543|13750.774543,0.000000,0.000000,0.000000
Drone 3: 0 91 16 9 0 64 0 49 0 127 0 128 0 183 0 177 116 0 151 44 0 47 155 137 0 189 70 138 0 73 108 0 92 0 122 0 |Drone Time: 13685.084786|13685.084786,0.000000,0.000000,0.000000
Drone 4: 0 8 176 160 0 58 117 59 0 130 139 0 10 0 164 159 0 113 124 0 166 149 28 0 74 38 104 0 182 0 21 111 0 22 60 0 36 0 99 0 |Drone Time: 13597.635370|13597.635370,0.000000,0.000000,0.000000
Drone 5: 0 121 0 156 125 0 162 14 0 89 112 134 0 96 0 3 0 80 0 168 75 123 0 18 0 185 187 154 0 26 0 101 0 76 0 |Drone Time: 13669.831374|13669.831374,0.000000,0.000000,0.000000",13760.984195,0.0,0.0,0.0,"Truck Routes:
Truck 1: 0 11 83 72 17 0 57 167 181 69 173 0 87 41 103 150 0 |Truck Time: 13257.926993|13257.926993,0.000000,0.000000,0.000000
Truck 2: 0 129 0 195 169 0 197 13 33 105 178 0 88 94 141 194 131 95 0 |Truck Time: 13760.984195|13760.984195,0.000000,0.000000,0.000000
Truck 3: 0 82 97 132 0 79 81 65 35 0 188 110 45 48 0 1 148 143 147 157 145 0 |Truck Time: 13637.103706|13637.103706,0.000000,0.000000,0.000000
Truck 4: 0 2 190 23 46 179 85 29 0 144 0 19 107 102 161 42 0 135 61 15 39 171 86 119 32 12 0 193 0 |Truck Time: 13444.297072|13444.297072,0.000000,0.000000,0.000000
Truck 5: 0 31 170 200 51 146 0 115 0 40 184 152 0 67 5 192 172 56 100 4 0 |Truck Time: 13693.431305|13693.431305,0.000000,0.000000,0.000000
Drone Routes:
Drone 1: 0 98 0 66 90 0 53 0 175 37 136 191 0 174 0 163 24 0 114 78 165 0 126 43 0 54 133 120 0 153 180 199 27 0 106 7 0 |Drone Time: 13746.521408|13746.521408,0.000000,0.000000,0.000000
Drone 2: 0 140 30 68 0 77 186 0 55 142 0 93 198 62 0 63 0 34 50 0 158 0 71 109 25 0 118 0 196 52 84 0 20 0 6 0 |Drone Time: 13750.774543|13750.774543,0.000000,0.000000,0.000000
Drone 3: 0 91 16 9 0 64 0 49 0 127 0 128 0 183 0 177 116 0 151 44 0 47 155 137 0 189 70 138 0 73 108 0 92 0 122 0 |Drone Time: 13685.084786|13685.084786,0.000000,0.000000,0.000000
Drone 4: 0 8 176 160 0 58 117 59 0 130 139 0 10 0 164 159 0 113 124 0 166 149 28 0 74 38 104 0 182 0 21 111 0 22 60 0 36 0 99 0 |Drone Time: 13597.635370|13597.635370,0.000000,0.000000,0.000000
Drone 5: 0 121 0 156 125 0 162 14 0 89 112 134 0 96 0 3 0 80 0 168 75 123 0 18 0 185 187 154 0 26 0 101 0 76 0 |Drone Time: 13669.831374|13669.831374,0.000000,0.000000,0.000000
Total validation: Makespan=13760.984195, Deadline violation=0.000000, Energy violation=0.000000, Capacity violation=0.000000"
200.20.1,200,2,adaptive,g2,0.5,0.3,0.1,0.3,43,0,21786.580333,13409.665791,13409.665791,13409.665791,1588.25819,FEASIBLE,"Truck 1: 0 11 83 72 17 0 167 80 109 25 69 29 0 87 41 103 90 150 0 |Truck Time: 13210.365566|13210.365566,0.000000,0.000000,0.000000
Truck 2: 0 169 128 195 22 0 197 13 33 200 0 186 141 94 194 131 95 0 |Truck Time: 13409.665791|13409.665791,0.000000,0.000000,0.000000
Truck 3: 0 97 132 0 79 81 65 0 122 110 187 45 0 105 67 5 192 172 56 100 4 0 |Truck Time: 13257.878290|13257.878290,0.000000,0.000000,0.000000
Truck 4: 0 2 3 46 179 85 152 0 19 107 102 161 0 135 61 15 39 171 86 119 32 12 0 193 48 185 0 |Truck Time: 13397.961839|13397.961839,0.000000,0.000000,0.000000
Truck 5: 0 178 42 0 31 170 115 0 40 184 144 0 1 148 143 147 157 145 0 |Truck Time: 13281.757261|13281.757261,0.000000,0.000000,0.000000","Drone 1: 0 98 0 182 0 53 0 175 37 136 191 0 174 0 99 0 114 78 165 0 160 8 176 0 54 133 120 0 113 180 173 0 106 7 0 |Drone Time: 13375.619977|13375.619977,0.000000,0.000000,0.000000
Drone 2: 0 181 50 68 0 82 77 153 124 0 183 0 93 111 0 63 0 34 30 0 158 0 71 140 0 118 0 196 52 9 0 20 0 6 0 |Drone Time: 13368.775291|13368.775291,0.000000,0.000000,0.000000
Drone 3: 0 91 88 0 64 0 49 0 127 0 146 51 0 55 142 0 177 116 0 66 0 139 137 0 189 70 138 0 123 75 156 125 0 92 0 35 0 |Drone Time: 13399.009387|13399.009387,0.000000,0.000000,0.000000
Drone 4: 0 151 44 0 58 168 0 130 47 155 0 10 0 164 159 0 16 84 0 24 149 198 62 0 74 38 104 0 126 43 0 21 28 0 129 60 0 36 0 163 166 0 |Drone Time: 13263.052645|13263.052645,0.000000,0.000000,0.000000
Drone 5: 0 121 0 73 108 0 162 14 0 89 134 112 0 96 0 190 23 0 57 0 199 27 117 59 0 18 0 188 154 0 26 0 101 0 76 0 |Drone Time: 13388.418842|13388.418842,0.000000,0.000000,0.000000",13409.665791,0.0,0.0,0.0,"Truck Routes:
Truck 1: 0 11 83 72 17 0 167 80 109 25 69 29 0 87 41 103 90 150 0 |Truck Time: 13210.365566|13210.365566,0.000000,0.000000,0.000000
Truck 2: 0 169 128 195 22 0 197 13 33 200 0 186 141 94 194 131 95 0 |Truck Time: 13409.665791|13409.665791,0.000000,0.000000,0.000000
Truck 3: 0 97 132 0 79 81 65 0 122 110 187 45 0 105 67 5 192 172 56 100 4 0 |Truck Time: 13257.878290|13257.878290,0.000000,0.000000,0.000000
Truck 4: 0 2 3 46 179 85 152 0 19 107 102 161 0 135 61 15 39 171 86 119 32 12 0 193 48 185 0 |Truck Time: 13397.961839|13397.961839,0.000000,0.000000,0.000000
Truck 5: 0 178 42 0 31 170 115 0 40 184 144 0 1 148 143 147 157 145 0 |Truck Time: 13281.757261|13281.757261,0.000000,0.000000,0.000000
Drone Routes:
Drone 1: 0 98 0 182 0 53 0 175 37 136 191 0 174 0 99 0 114 78 165 0 160 8 176 0 54 133 120 0 113 180 173 0 106 7 0 |Drone Time: 13375.619977|13375.619977,0.000000,0.000000,0.000000
Drone 2: 0 181 50 68 0 82 77 153 124 0 183 0 93 111 0 63 0 34 30 0 158 0 71 140 0 118 0 196 52 9 0 20 0 6 0 |Drone Time: 13368.775291|13368.775291,0.000000,0.000000,0.000000
Drone 3: 0 91 88 0 64 0 49 0 127 0 146 51 0 55 142 0 177 116 0 66 0 139 137 0 189 70 138 0 123 75 156 125 0 92 0 35 0 |Drone Time: 13399.009387|13399.009387,0.000000,0.000000,0.000000
Drone 4: 0 151 44 0 58 168 0 130 47 155 0 10 0 164 159 0 16 84 0 24 149 198 62 0 74 38 104 0 126 43 0 21 28 0 129 60 0 36 0 163 166 0 |Drone Time: 13263.052645|13263.052645,0.000000,0.000000,0.000000
Drone 5: 0 121 0 73 108 0 162 14 0 89 134 112 0 96 0 190 23 0 57 0 199 27 117 59 0 18 0 188 154 0 26 0 101 0 76 0 |Drone Time: 13388.418842|13388.418842,0.000000,0.000000,0.000000
Total validation: Makespan=13409.665791, Deadline violation=0.000000, Energy violation=0.000000, Capacity violation=0.000000"
200.20.1,200,2,adaptive,g3,0.3,0.2,0.1,0.6,43,0,21786.580333,13409.665791,13409.665791,13409.665791,1595.868741,FEASIBLE,"Truck 1: 0 11 83 72 17 0 167 80 109 25 69 29 0 87 41 103 90 150 0 |Truck Time: 13210.365566|13210.365566,0.000000,0.000000,0.000000
Truck 2: 0 169 128 195 22 0 197 13 33 200 0 186 141 94 194 131 95 0 |Truck Time: 13409.665791|13409.665791,0.000000,0.000000,0.000000
Truck 3: 0 97 132 0 79 81 65 0 122 110 187 45 0 105 67 5 192 172 56 100 4 0 |Truck Time: 13257.878290|13257.878290,0.000000,0.000000,0.000000
Truck 4: 0 2 3 46 179 85 152 0 19 107 102 161 0 135 61 15 39 171 86 119 32 12 0 193 48 185 0 |Truck Time: 13397.961839|13397.961839,0.000000,0.000000,0.000000
Truck 5: 0 178 42 0 31 170 115 0 40 184 144 0 1 148 143 147 157 145 0 |Truck Time: 13281.757261|13281.757261,0.000000,0.000000,0.000000","Drone 1: 0 98 0 182 0 53 0 175 37 136 191 0 174 0 99 0 114 78 165 0 160 8 176 0 54 133 120 0 113 180 173 0 106 7 0 |Drone Time: 13375.619977|13375.619977,0.000000,0.000000,0.000000
Drone 2: 0 181 50 68 0 82 77 153 124 0 183 0 93 111 0 63 0 34 30 0 158 0 71 140 0 118 0 196 52 9 0 20 0 6 0 |Drone Time: 13368.775291|13368.775291,0.000000,0.000000,0.000000
Drone 3: 0 91 88 0 64 0 49 0 127 0 146 51 0 55 142 0 177 116 0 66 0 139 137 0 189 70 138 0 123 75 156 125 0 92 0 35 0 |Drone Time: 13399.009387|13399.009387,0.000000,0.000000,0.000000
Drone 4: 0 151 44 0 58 168 0 130 47 155 0 10 0 164 159 0 16 84 0 24 149 198 62 0 74 38 104 0 126 43 0 21 28 0 129 60 0 36 0 163 166 0 |Drone Time: 13263.052645|13263.052645,0.000000,0.000000,0.000000
Drone 5: 0 121 0 73 108 0 162 14 0 89 134 112 0 96 0 190 23 0 57 0 199 27 117 59 0 18 0 188 154 0 26 0 101 0 76 0 |Drone Time: 13388.418842|13388.418842,0.000000,0.000000,0.000000",13409.665791,0.0,0.0,0.0,"Truck Routes:
Truck 1: 0 11 83 72 17 0 167 80 109 25 69 29 0 87 41 103 90 150 0 |Truck Time: 13210.365566|13210.365566,0.000000,0.000000,0.000000
Truck 2: 0 169 128 195 22 0 197 13 33 200 0 186 141 94 194 131 95 0 |Truck Time: 13409.665791|13409.665791,0.000000,0.000000,0.000000
Truck 3: 0 97 132 0 79 81 65 0 122 110 187 45 0 105 67 5 192 172 56 100 4 0 |Truck Time: 13257.878290|13257.878290,0.000000,0.000000,0.000000
Truck 4: 0 2 3 46 179 85 152 0 19 107 102 161 0 135 61 15 39 171 86 119 32 12 0 193 48 185 0 |Truck Time: 13397.961839|13397.961839,0.000000,0.000000,0.000000
Truck 5: 0 178 42 0 31 170 115 0 40 184 144 0 1 148 143 147 157 145 0 |Truck Time: 13281.757261|13281.757261,0.000000,0.000000,0.000000
Drone Routes:
Drone 1: 0 98 0 182 0 53 0 175 37 136 191 0 174 0 99 0 114 78 165 0 160 8 176 0 54 133 120 0 113 180 173 0 106 7 0 |Drone Time: 13375.619977|13375.619977,0.000000,0.000000,0.000000
Drone 2: 0 181 50 68 0 82 77 153 124 0 183 0 93 111 0 63 0 34 30 0 158 0 71 140 0 118 0 196 52 9 0 20 0 6 0 |Drone Time: 13368.775291|13368.775291,0.000000,0.000000,0.000000
Drone 3: 0 91 88 0 64 0 49 0 127 0 146 51 0 55 142 0 177 116 0 66 0 139 137 0 189 70 138 0 123 75 156 125 0 92 0 35 0 |Drone Time: 13399.009387|13399.009387,0.000000,0.000000,0.000000
Drone 4: 0 151 44 0 58 168 0 130 47 155 0 10 0 164 159 0 16 84 0 24 149 198 62 0 74 38 104 0 126 43 0 21 28 0 129 60 0 36 0 163 166 0 |Drone Time: 13263.052645|13263.052645,0.000000,0.000000,0.000000
Drone 5: 0 121 0 73 108 0 162 14 0 89 134 112 0 96 0 190 23 0 57 0 199 27 117 59 0 18 0 188 154 0 26 0 101 0 76 0 |Drone Time: 13388.418842|13388.418842,0.000000,0.000000,0.000000
Total validation: Makespan=13409.665791, Deadline violation=0.000000, Energy violation=0.000000, Capacity violation=0.000000"
200.20.1,200,2,adaptive,g4,0.5,0.3,0.1,0.6,43,0,21786.580333,13760.984195,13760.984195,13760.984195,1514.330209,FEASIBLE,"Truck 1: 0 11 83 72 17 0 98 167 181 69 173 0 87 41 103 26 0 |Truck Time: 13288.370431|13288.370431,0.000000,0.000000,0.000000
Truck 2: 0 129 0 195 169 0 197 13 33 105 178 0 88 94 141 194 131 95 0 |Truck Time: 13760.984195|13760.984195,0.000000,0.000000,0.000000
Truck 3: 0 82 97 132 0 79 81 65 35 0 118 110 0 67 5 192 172 56 100 4 0 |Truck Time: 13569.648046|13569.648046,0.000000,0.000000,0.000000
Truck 4: 0 2 190 23 46 179 85 29 0 45 48 144 0 19 107 102 161 0 135 61 15 39 171 86 119 32 12 0 193 0 |Truck Time: 13724.497623|13724.497623,0.000000,0.000000,0.000000
Truck 5: 0 200 42 51 146 0 31 170 115 0 40 184 152 0 1 148 143 147 157 145 0 |Truck Time: 13665.166767|13665.166767,0.000000,0.000000,0.000000","Drone 1: 0 73 108 0 151 44 0 53 0 175 37 136 191 0 185 187 0 163 24 0 114 78 165 0 160 126 43 0 54 133 120 0 153 180 199 27 0 106 7 0 |Drone Time: 13748.614842|13748.614842,0.000000,0.000000,0.000000
Drone 2: 0 140 68 30 0 77 113 124 0 55 142 0 93 198 62 0 63 0 34 50 0 158 0 71 109 25 0 188 0 9 196 52 0 20 0 6 0 |Drone Time: 13732.311389|13732.311389,0.000000,0.000000,0.000000
Drone 3: 0 91 16 84 0 64 0 49 0 127 0 128 0 183 0 177 116 0 66 90 0 155 47 137 0 189 70 138 0 156 125 0 92 0 122 0 |Drone Time: 13758.387738|13758.387738,0.000000,0.000000,0.000000
Drone 4: 0 75 168 123 0 130 139 0 8 176 10 0 164 159 0 186 0 166 149 28 0 74 38 104 0 182 0 21 111 0 22 60 0 36 0 99 0 |Drone Time: 13725.198401|13725.198401,0.000000,0.000000,0.000000
Drone 5: 0 121 0 80 0 162 14 0 89 112 134 0 96 0 3 0 57 0 58 117 59 0 18 0 174 154 0 150 0 101 0 76 0 |Drone Time: 13757.717575|13757.717575,0.000000,0.000000,0.000000",13760.984195,0.0,0.0,0.0,"Truck Routes:
Truck 1: 0 11 83 72 17 0 98 167 181 69 173 0 87 41 103 26 0 |Truck Time: 13288.370431|13288.370431,0.000000,0.000000,0.000000
Truck 2: 0 129 0 195 169 0 197 13 33 105 178 0 88 94 141 194 131 95 0 |Truck Time: 13760.984195|13760.984195,0.000000,0.000000,0.000000
Truck 3: 0 82 97 132 0 79 81 65 35 0 118 110 0 67 5 192 172 56 100 4 0 |Truck Time: 13569.648046|13569.648046,0.000000,0.000000,0.000000
Truck 4: 0 2 190 23 46 179 85 29 0 45 48 144 0 19 107 102 161 0 135 61 15 39 171 86 119 32 12 0 193 0 |Truck Time: 13724.497623|13724.497623,0.000000,0.000000,0.000000
Truck 5: 0 200 42 51 146 0 31 170 115 0 40 184 152 0 1 148 143 147 157 145 0 |Truck Time: 13665.166767|13665.166767,0.000000,0.000000,0.000000
Drone Routes:
Drone 1: 0 73 108 0 151 44 0 53 0 175 37 136 191 0 185 187 0 163 24 0 114 78 165 0 160 126 43 0 54 133 120 0 153 180 199 27 0 106 7 0 |Drone Time: 13748.614842|13748.614842,0.000000,0.000000,0.000000
Drone 2: 0 140 68 30 0 77 113 124 0 55 142 0 93 198 62 0 63 0 34 50 0 158 0 71 109 25 0 188 0 9 196 52 0 20 0 6 0 |Drone Time: 13732.311389|13732.311389,0.000000,0.000000,0.000000
Drone 3: 0 91 16 84 0 64 0 49 0 127 0 128 0 183 0 177 116 0 66 90 0 155 47 137 0 189 70 138 0 156 125 0 92 0 122 0 |Drone Time: 13758.387738|13758.387738,0.000000,0.000000,0.000000
Drone 4: 0 75 168 123 0 130 139 0 8 176 10 0 164 159 0 186 0 166 149 28 0 74 38 104 0 182 0 21 111 0 22 60 0 36 0 99 0 |Drone Time: 13725.198401|13725.198401,0.000000,0.000000,0.000000
Drone 5: 0 121 0 80 0 162 14 0 89 112 134 0 96 0 3 0 57 0 58 117 59 0 18 0 174 154 0 150 0 101 0 76 0 |Drone Time: 13757.717575|13757.717575,0.000000,0.000000,0.000000
Total validation: Makespan=13760.984195, Deadline violation=0.000000, Energy violation=0.000000, Capacity violation=0.000000"
200.20.1,200,2,cyclic,,,,,,43,0,21786.580333,15065.40722,15065.40722,15065.40722,1390.483127,FEASIBLE,"Truck 1: 0 81 79 128 95 0 60 0 41 103 87 150 0 98 72 17 0 |Truck Time: 14267.565170|14267.565170,0.000000,0.000000,0.000000
Truck 2: 0 100 56 19 0 118 163 0 197 136 13 157 145 33 0 43 88 194 141 94 119 0 |Truck Time: 15065.407220|15065.407220,0.000000,0.000000,0.000000
Truck 3: 0 39 97 0 178 200 2 0 11 34 83 0 116 80 139 134 0 |Truck Time: 15047.402586|15047.402586,0.000000,0.000000,0.000000
Truck 4: 0 179 130 46 188 0 132 31 170 0 51 146 0 135 108 86 131 0 161 67 0 |Truck Time: 15018.793096|15018.793096,0.000000,0.000000,0.000000
Truck 5: 0 48 35 45 152 0 20 69 29 122 154 10 193 0 169 0 40 184 144 0 192 177 143 148 107 0 |Truck Time: 15051.587586|15051.587586,0.000000,0.000000,0.000000","Drone 1: 0 36 68 0 110 0 28 126 0 142 54 0 4 181 71 0 16 199 27 0 114 78 111 0 93 55 74 0 174 9 0 164 8 159 0 7 0 |Drone Time: 14986.151575|14986.151575,0.000000,0.000000,0.000000
Drone 2: 0 185 85 12 0 42 0 112 57 191 0 96 0 22 26 91 195 0 99 160 0 70 75 190 62 0 156 180 0 140 30 0 121 0 167 0 6 0 |Drone Time: 15047.662310|15047.662310,0.000000,0.000000,0.000000
Drone 3: 0 5 1 59 109 0 89 23 0 84 52 106 0 187 173 0 115 171 0 127 0 25 168 0 151 44 0 53 105 0 63 0 64 196 0 65 0 66 0 |Drone Time: 15000.788929|15000.788929,0.000000,0.000000,0.000000
Drone 4: 0 32 73 0 125 102 155 123 0 124 15 0 49 113 82 0 137 50 0 186 0 166 198 24 0 90 104 0 129 138 182 0 21 165 0 47 117 0 153 77 61 0 92 0 |Drone Time: 15007.756069|15007.756069,0.000000,0.000000,0.000000
Drone 5: 0 158 149 120 0 175 37 0 38 183 0 133 0 3 58 0 147 0 189 172 0 18 0 162 14 0 176 0 101 0 76 0 |Drone Time: 15054.046067|15054.046067,0.000000,0.000000,0.000000",15065.40722,0.0,0.0,0.0,"Truck Routes:
Truck 1: 0 81 79 128 95 0 60 0 41 103 87 150 0 98 72 17 0 |Truck Time: 14267.565170|14267.565170,0.000000,0.000000,0.000000
Truck 2: 0 100 56 19 0 118 163 0 197 136 13 157 145 33 0 43 88 194 141 94 119 0 |Truck Time: 15065.407220|15065.407220,0.000000,0.000000,0.000000
Truck 3: 0 39 97 0 178 200 2 0 11 34 83 0 116 80 139 134 0 |Truck Time: 15047.402586|15047.402586,0.000000,0.000000,0.000000
Truck 4: 0 179 130 46 188 0 132 31 170 0 51 146 0 135 108 86 131 0 161 67 0 |Truck Time: 15018.793096|15018.793096,0.000000,0.000000,0.000000
Truck 5: 0 48 35 45 152 0 20 69 29 122 154 10 193 0 169 0 40 184 144 0 192 177 143 148 107 0 |Truck Time: 15051.587586|15051.587586,0.000000,0.000000,0.000000
Drone Routes:
Drone 1: 0 36 68 0 110 0 28 126 0 142 54 0 4 181 71 0 16 199 27 0 114 78 111 0 93 55 74 0 174 9 0 164 8 159 0 7 0 |Drone Time: 14986.151575|14986.151575,0.000000,0.000000,0.000000
Drone 2: 0 185 85 12 0 42 0 112 57 191 0 96 0 22 26 91 195 0 99 160 0 70 75 190 62 0 156 180 0 140 30 0 121 0 167 0 6 0 |Drone Time: 15047.662310|15047.662310,0.000000,0.000000,0.000000
Drone 3: 0 5 1 59 109 0 89 23 0 84 52 106 0 187 173 0 115 171 0 127 0 25 168 0 151 44 0 53 105 0 63 0 64 196 0 65 0 66 0 |Drone Time: 15000.788929|15000.788929,0.000000,0.000000,0.000000
Drone 4: 0 32 73 0 125 102 155 123 0 124 15 0 49 113 82 0 137 50 0 186 0 166 198 24 0 90 104 0 129 138 182 0 21 165 0 47 117 0 153 77 61 0 92 0 |Drone Time: 15007.756069|15007.756069,0.000000,0.000000,0.000000
Drone 5: 0 158 149 120 0 175 37 0 38 183 0 133 0 3 58 0 147 0 189 172 0 18 0 162 14 0 176 0 101 0 76 0 |Drone Time: 15054.046067|15054.046067,0.000000,0.000000,0.000000
Total validation: Makespan=15065.407220, Deadline violation=0.000000, Energy violation=0.000000, Capacity violation=0.000000"
200.20.1,200,2,random,,,,,,43,0,21786.580333,15347.604578,15347.604578,15347.604578,1115.555795,FEASIBLE,"Truck 1: 0 162 14 182 0 124 0 87 41 103 150 0 147 0 |Truck Time: 15113.950480|15113.950480,0.000000,0.000000,0.000000
Truck 2: 0 33 200 125 0 12 66 95 128 0 107 3 92 0 126 88 194 94 113 0 |Truck Time: 15180.839678|15180.839678,0.000000,0.000000,0.000000
Truck 3: 0 39 64 97 0 161 42 51 0 11 83 72 17 0 80 140 98 30 0 |Truck Time: 15347.604578|15347.604578,0.000000,0.000000,0.000000
Truck 4: 0 100 56 27 85 46 179 0 132 31 170 0 48 146 188 0 135 86 131 0 174 123 2 0 |Truck Time: 15271.304720|15271.304720,0.000000,0.000000,0.000000
Truck 5: 0 10 152 110 60 35 118 0 185 20 69 29 0 79 196 81 0 122 193 144 0 67 168 58 197 157 145 0 |Truck Time: 15211.122676|15211.122676,0.000000,0.000000,0.000000","Drone 1: 0 137 112 134 149 0 108 73 54 0 163 28 55 74 0 47 102 0 175 77 153 91 119 0 156 180 0 143 0 114 78 165 0 93 0 23 190 130 0 49 0 7 0 |Drone Time: 15331.556985|15331.556985,0.000000,0.000000,0.000000
Drone 2: 0 127 0 25 68 89 0 139 191 4 129 0 96 0 43 141 195 0 199 109 0 70 0 181 71 0 116 0 121 0 167 0 6 0 |Drone Time: 15203.029220|15203.029220,0.000000,0.000000,0.000000
Drone 3: 0 0 19 177 75 37 0 84 52 82 138 0 187 173 0 115 171 0 169 117 59 0 192 5 0 151 44 0 53 105 0 63 0 32 15 160 22 0 26 0 65 0 |Drone Time: 14807.343173|14807.343173,0.000000,0.000000,0.000000
Drone 4: 0 9 16 106 0 155 1 136 13 0 142 120 0 164 159 8 0 34 50 0 186 0 166 24 198 0 90 104 0 184 0 21 111 0 178 0 61 0 99 0 |Drone Time: 15341.496021|15341.496021,0.000000,0.000000,0.000000
Drone 5: 0 158 0 36 38 62 0 45 154 0 183 0 133 0 189 172 0 57 0 148 0 18 0 40 0 176 0 101 0 76 0 |Drone Time: 15070.626728|15070.626728,0.000000,0.000000,0.000000",15347.604578,0.0,0.0,0.0,"Truck Routes:
Truck 1: 0 162 14 182 0 124 0 87 41 103 150 0 147 0 |Truck Time: 15113.950480|15113.950480,0.000000,0.000000,0.000000
Truck 2: 0 33 200 125 0 12 66 95 128 0 107 3 92 0 126 88 194 94 113 0 |Truck Time: 15180.839678|15180.839678,0.000000,0.000000,0.000000
Truck 3: 0 39 64 97 0 161 42 51 0 11 83 72 17 0 80 140 98 30 0 |Truck Time: 15347.604578|15347.604578,0.000000,0.000000,0.000000
Truck 4: 0 100 56 27 85 46 179 0 132 31 170 0 48 146 188 0 135 86 131 0 174 123 2 0 |Truck Time: 15271.304720|15271.304720,0.000000,0.000000,0.000000
Truck 5: 0 10 152 110 60 35 118 0 185 20 69 29 0 79 196 81 0 122 193 144 0 67 168 58 197 157 145 0 |Truck Time: 15211.122676|15211.122676,0.000000,0.000000,0.000000
Drone Routes:
Drone 1: 0 137 112 134 149 0 108 73 54 0 163 28 55 74 0 47 102 0 175 77 153 91 119 0 156 180 0 143 0 114 78 165 0 93 0 23 190 130 0 49 0 7 0 |Drone Time: 15331.556985|15331.556985,0.000000,0.000000,0.000000
Drone 2: 0 127 0 25 68 89 0 139 191 4 129 0 96 0 43 141 195 0 199 109 0 70 0 181 71 0 116 0 121 0 167 0 6 0 |Drone Time: 15203.029220|15203.029220,0.000000,0.000000,0.000000
Drone 3: 0 0 19 177 75 37 0 84 52 82 138 0 187 173 0 115 171 0 169 117 59 0 192 5 0 151 44 0 53 105 0 63 0 32 15 160 22 0 26 0 65 0 |Drone Time: 14807.343173|14807.343173,0.000000,0.000000,0.000000
Drone 4: 0 9 16 106 0 155 1 136 13 0 142 120 0 164 159 8 0 34 50 0 186 0 166 24 198 0 90 104 0 184 0 21 111 0 178 0 61 0 99 0 |Drone Time: 15341.496021|15341.496021,0.000000,0.000000,0.000000
Drone 5: 0 158 0 36 38 62 0 45 154 0 183 0 133 0 189 172 0 57 0 148 0 18 0 40 0 176 0 101 0 76 0 |Drone Time: 15070.626728|15070.626728,0.000000,0.000000,0.000000
Total validation: Makespan=15347.604578, Deadline violation=0.000000, Energy violation=0.000000, Capacity violation=0.000000"
200.20.1,200,3,adaptive,g1,0.3,0.2,0.1,0.3,44,0,20889.757495,13556.218782,13556.218782,13556.218782,1301.106257,FEASIBLE,"Truck 1: 0 63 124 115 193 0 132 0 133 96 142 183 0 56 100 0 |Truck Time: 13336.908416|13336.908416,0.000000,0.000000,0.000000
Truck 2: 0 29 69 0 135 31 0 53 3 200 178 0 13 37 197 58 147 157 145 0 |Truck Time: 13396.249058|13396.249058,0.000000,0.000000,0.000000
Truck 3: 0 0 94 141 186 97 73 0 161 5 143 148 192 107 0 163 78 101 36 110 60 0 |Truck Time: 13556.218782|13556.218782,0.000000,0.000000,0.000000
Truck 4: 0 2 33 105 67 0 95 0 179 85 46 130 155 0 40 158 0 42 0 |Truck Time: 13537.981824|13537.981824,0.000000,0.000000,0.000000
Truck 5: 0 35 122 118 48 0 126 16 81 65 66 0 25 83 72 34 11 0 152 166 62 76 111 26 0 |Truck Time: 13553.732418|13553.732418,0.000000,0.000000,0.000000","Drone 1: 0 61 0 21 0 75 189 70 0 84 196 22 0 175 108 0 54 41 38 0 32 82 119 113 0 17 0 188 89 0 184 181 0 170 0 49 0 123 51 0 |Drone Time: 13529.910595|13529.910595,0.000000,0.000000,0.000000
Drone 2: 0 28 187 0 103 0 55 127 0 146 190 199 27 0 8 74 87 0 194 15 0 88 91 52 160 0 18 0 139 134 0 7 0 151 44 0 |Drone Time: 13373.137963|13373.137963,0.000000,0.000000,0.000000
Drone 3: 0 195 106 129 0 144 185 4 191 57 0 23 71 0 164 43 86 0 149 0 112 98 0 45 154 137 0 12 64 0 14 162 0 159 0 6 0 173 0 20 0 |Drone Time: 13516.411765|13516.411765,0.000000,0.000000,0.000000
Drone 4: 0 174 0 121 0 140 0 10 131 0 9 169 138 0 128 171 0 150 90 0 136 168 177 0 120 104 0 109 116 0 176 0 92 0 99 0 |Drone Time: 13512.971627|13512.971627,0.000000,0.000000,0.000000
Drone 5: 0 77 153 39 0 198 182 0 156 180 0 24 114 0 59 172 1 102 0 47 117 125 0 30 68 50 0 165 93 0 80 0 167 0 19 0 79 0 |Drone Time: 13518.793785|13518.793785,0.000000,0.000000,0.000000",13556.218782,0.0,0.0,0.0,"Truck Routes:
Truck 1: 0 63 124 115 193 0 132 0 133 96 142 183 0 56 100 0 |Truck Time: 13336.908416|13336.908416,0.000000,0.000000,0.000000
Truck 2: 0 29 69 0 135 31 0 53 3 200 178 0 13 37 197 58 147 157 145 0 |Truck Time: 13396.249058|13396.249058,0.000000,0.000000,0.000000
Truck 3: 0 0 94 141 186 97 73 0 161 5 143 148 192 107 0 163 78 101 36 110 60 0 |Truck Time: 13556.218782|13556.218782,0.000000,0.000000,0.000000
Truck 4: 0 2 33 105 67 0 95 0 179 85 46 130 155 0 40 158 0 42 0 |Truck Time: 13537.981824|13537.981824,0.000000,0.000000,0.000000
Truck 5: 0 35 122 118 48 0 126 16 81 65 66 0 25 83 72 34 11 0 152 166 62 76 111 26 0 |Truck Time: 13553.732418|13553.732418,0.000000,0.000000,0.000000
Drone Routes:
Drone 1: 0 61 0 21 0 75 189 70 0 84 196 22 0 175 108 0 54 41 38 0 32 82 119 113 0 17 0 188 89 0 184 181 0 170 0 49 0 123 51 0 |Drone Time: 13529.910595|13529.910595,0.000000,0.000000,0.000000
Drone 2: 0 28 187 0 103 0 55 127 0 146 190 199 27 0 8 74 87 0 194 15 0 88 91 52 160 0 18 0 139 134 0 7 0 151 44 0 |Drone Time: 13373.137963|13373.137963,0.000000,0.000000,0.000000
Drone 3: 0 195 106 129 0 144 185 4 191 57 0 23 71 0 164 43 86 0 149 0 112 98 0 45 154 137 0 12 64 0 14 162 0 159 0 6 0 173 0 20 0 |Drone Time: 13516.411765|13516.411765,0.000000,0.000000,0.000000
Drone 4: 0 174 0 121 0 140 0 10 131 0 9 169 138 0 128 171 0 150 90 0 136 168 177 0 120 104 0 109 116 0 176 0 92 0 99 0 |Drone Time: 13512.971627|13512.971627,0.000000,0.000000,0.000000
Drone 5: 0 77 153 39 0 198 182 0 156 180 0 24 114 0 59 172 1 102 0 47 117 125 0 30 68 50 0 165 93 0 80 0 167 0 19 0 79 0 |Drone Time: 13518.793785|13518.793785,0.000000,0.000000,0.000000
Total validation: Makespan=13556.218782, Deadline violation=0.000000, Energy violation=0.000000, Capacity violation=0.000000"
200.20.1,200,3,adaptive,g2,0.5,0.3,0.1,0.3,44,0,20889.757495,13179.697404,13179.697404,13179.697404,1595.211734,FEASIBLE,"Truck 1: 0 64 108 135 124 170 132 0 133 96 142 183 0 29 167 69 146 0 |Truck Time: 13075.651406|13075.651406,0.000000,0.000000,0.000000
Truck 2: 0 40 158 21 0 4 0 123 53 3 200 178 51 0 67 168 197 58 147 157 145 0 |Truck Time: 13149.743640|13149.743640,0.000000,0.000000,0.000000
Truck 3: 0 94 141 186 97 73 0 161 5 143 148 192 107 0 6 36 110 60 0 |Truck Time: 13179.697404|13179.697404,0.000000,0.000000,0.000000
Truck 4: 0 33 105 2 0 48 188 122 0 46 85 179 130 193 0 198 0 100 42 0 |Truck Time: 13119.450353|13119.450353,0.000000,0.000000,0.000000
Truck 5: 0 35 0 126 16 81 65 66 0 83 72 11 89 187 0 152 118 163 76 111 26 0 |Truck Time: 13092.172637|13092.172637,0.000000,0.000000,0.000000","Drone 1: 0 156 180 0 17 144 0 177 189 70 0 195 106 43 84 0 175 37 0 54 41 38 0 32 82 119 113 0 45 0 154 166 0 184 181 0 115 0 49 0 31 0 |Drone Time: 13152.632515|13152.632515,0.000000,0.000000,0.000000
Drone 2: 0 20 0 191 98 0 190 19 0 27 199 25 0 8 74 87 0 194 15 0 91 88 52 160 0 138 24 114 0 139 134 0 86 171 129 0 151 44 0 |Drone Time: 13174.721020|13174.721020,0.000000,0.000000,0.000000
Drone 3: 0 7 185 0 71 0 112 57 0 22 164 196 0 23 0 140 34 0 56 155 137 0 165 93 0 14 162 0 28 62 159 0 101 0 128 0 10 95 0 |Drone Time: 13144.086015|13144.086015,0.000000,0.000000,0.000000
Drone 4: 0 174 0 121 0 131 0 61 0 9 169 0 78 182 0 150 90 0 136 75 13 0 103 0 109 116 0 176 0 92 0 99 0 |Drone Time: 13167.166978|13167.166978,0.000000,0.000000,0.000000
Drone 5: 0 77 153 39 0 55 127 0 120 104 149 0 18 0 59 102 1 172 0 47 117 125 0 30 68 50 0 12 63 0 80 0 173 0 79 0 |Drone Time: 12898.791905|12898.791905,0.000000,0.000000,0.000000",13179.697404,0.0,0.0,0.0,"Truck Routes:
Truck 1: 0 64 108 135 124 170 132 0 133 96 142 183 0 29 167 69 146 0 |Truck Time: 13075.651406|13075.651406,0.000000,0.000000,0.000000
Truck 2: 0 40 158 21 0 4 0 123 53 3 200 178 51 0 67 168 197 58 147 157 145 0 |Truck Time: 13149.743640|13149.743640,0.000000,0.000000,0.000000
Truck 3: 0 94 141 186 97 73 0 161 5 143 148 192 107 0 6 36 110 60 0 |Truck Time: 13179.697404|13179.697404,0.000000,0.000000,0.000000
Truck 4: 0 33 105 2 0 48 188 122 0 46 85 179 130 193 0 198 0 100 42 0 |Truck Time: 13119.450353|13119.450353,0.000000,0.000000,0.000000
Truck 5: 0 35 0 126 16 81 65 66 0 83 72 11 89 187 0 152 118 163 76 111 26 0 |Truck Time: 13092.172637|13092.172637,0.000000,0.000000,0.000000
Drone Routes:
Drone 1: 0 156 180 0 17 144 0 177 189 70 0 195 106 43 84 0 175 37 0 54 41 38 0 32 82 119 113 0 45 0 154 166 0 184 181 0 115 0 49 0 31 0 |Drone Time: 13152.632515|13152.632515,0.000000,0.000000,0.000000
Drone 2: 0 20 0 191 98 0 190 19 0 27 199 25 0 8 74 87 0 194 15 0 91 88 52 160 0 138 24 114 0 139 134 0 86 171 129 0 151 44 0 |Drone Time: 13174.721020|13174.721020,0.000000,0.000000,0.000000
Drone 3: 0 7 185 0 71 0 112 57 0 22 164 196 0 23 0 140 34 0 56 155 137 0 165 93 0 14 162 0 28 62 159 0 101 0 128 0 10 95 0 |Drone Time: 13144.086015|13144.086015,0.000000,0.000000,0.000000
Drone 4: 0 174 0 121 0 131 0 61 0 9 169 0 78 182 0 150 90 0 136 75 13 0 103 0 109 116 0 176 0 92 0 99 0 |Drone Time: 13167.166978|13167.166978,0.000000,0.000000,0.000000
Drone 5: 0 77 153 39 0 55 127 0 120 104 149 0 18 0 59 102 1 172 0 47 117 125 0 30 68 50 0 12 63 0 80 0 173 0 79 0 |Drone Time: 12898.791905|12898.791905,0.000000,0.000000,0.000000
Total validation: Makespan=13179.697404, Deadline violation=0.000000, Energy violation=0.000000, Capacity violation=0.000000"
200.20.1,200,3,adaptive,g3,0.3,0.2,0.1,0.6,44,0,20889.757495,13041.292467,13041.292467,13041.292467,1820.554684,FEASIBLE,"Truck 1: 0 97 64 108 135 63 170 0 89 29 69 173 20 48 0 133 96 183 142 87 0 |Truck Time: 12995.770048|12995.770048,0.000000,0.000000,0.000000
Truck 2: 0 152 40 158 21 0 193 0 123 53 3 200 2 0 107 13 197 58 147 157 145 0 |Truck Time: 12997.722686|12997.722686,0.000000,0.000000,0.000000
Truck 3: 0 94 141 186 73 132 0 67 5 143 148 192 0 6 36 110 60 0 |Truck Time: 13041.292467|13041.292467,0.000000,0.000000,0.000000
Truck 4: 0 161 33 105 178 51 0 115 0 85 179 46 56 155 4 0 188 23 0 100 42 0 |Truck Time: 12935.748945|12935.748945,0.000000,0.000000,0.000000
Truck 5: 0 187 122 0 126 16 81 65 66 0 83 72 11 0 118 163 76 111 35 0 |Truck Time: 13010.435029|13010.435029,0.000000,0.000000,0.000000","Drone 1: 0 88 119 113 0 129 177 75 168 0 195 84 22 0 175 37 0 54 41 38 0 32 82 0 17 0 154 185 0 184 181 0 130 31 0 92 0 95 0 |Drone Time: 12966.369740|12966.369740,0.000000,0.000000,0.000000
Drone 2: 0 28 62 166 0 140 34 0 131 0 146 199 27 25 0 8 74 26 0 55 127 0 171 86 91 43 0 18 0 139 134 0 10 0 151 44 0 |Drone Time: 12880.429307|12880.429307,0.000000,0.000000,0.000000
Drone 3: 0 138 7 0 71 0 45 144 0 164 196 52 160 106 0 120 104 0 112 57 0 191 98 137 0 165 93 0 14 162 0 159 0 101 0 128 0 190 19 0 |Drone Time: 13040.850102|13040.850102,0.000000,0.000000,0.000000
Drone 4: 0 174 0 121 0 103 0 61 0 9 169 0 78 182 0 80 0 136 189 70 0 156 180 0 109 116 0 176 0 49 0 99 0 |Drone Time: 13009.025992|13009.025992,0.000000,0.000000,0.000000
Drone 5: 0 153 77 39 0 194 15 0 198 149 24 0 114 0 59 102 1 172 0 47 117 0 30 68 50 0 12 125 124 0 150 90 0 167 0 79 0 |Drone Time: 13012.821116|13012.821116,0.000000,0.000000,0.000000",13041.292467,0.0,0.0,0.0,"Truck Routes:
Truck 1: 0 97 64 108 135 63 170 0 89 29 69 173 20 48 0 133 96 183 142 87 0 |Truck Time: 12995.770048|12995.770048,0.000000,0.000000,0.000000
Truck 2: 0 152 40 158 21 0 193 0 123 53 3 200 2 0 107 13 197 58 147 157 145 0 |Truck Time: 12997.722686|12997.722686,0.000000,0.000000,0.000000
Truck 3: 0 94 141 186 73 132 0 67 5 143 148 192 0 6 36 110 60 0 |Truck Time: 13041.292467|13041.292467,0.000000,0.000000,0.000000
Truck 4: 0 161 33 105 178 51 0 115 0 85 179 46 56 155 4 0 188 23 0 100 42 0 |Truck Time: 12935.748945|12935.748945,0.000000,0.000000,0.000000
Truck 5: 0 187 122 0 126 16 81 65 66 0 83 72 11 0 118 163 76 111 35 0 |Truck Time: 13010.435029|13010.435029,0.000000,0.000000,0.000000
Drone Routes:
Drone 1: 0 88 119 113 0 129 177 75 168 0 195 84 22 0 175 37 0 54 41 38 0 32 82 0 17 0 154 185 0 184 181 0 130 31 0 92 0 95 0 |Drone Time: 12966.369740|12966.369740,0.000000,0.000000,0.000000
Drone 2: 0 28 62 166 0 140 34 0 131 0 146 199 27 25 0 8 74 26 0 55 127 0 171 86 91 43 0 18 0 139 134 0 10 0 151 44 0 |Drone Time: 12880.429307|12880.429307,0.000000,0.000000,0.000000
Drone 3: 0 138 7 0 71 0 45 144 0 164 196 52 160 106 0 120 104 0 112 57 0 191 98 137 0 165 93 0 14 162 0 159 0 101 0 128 0 190 19 0 |Drone Time: 13040.850102|13040.850102,0.000000,0.000000,0.000000
Drone 4: 0 174 0 121 0 103 0 61 0 9 169 0 78 182 0 80 0 136 189 70 0 156 180 0 109 116 0 176 0 49 0 99 0 |Drone Time: 13009.025992|13009.025992,0.000000,0.000000,0.000000
Drone 5: 0 153 77 39 0 194 15 0 198 149 24 0 114 0 59 102 1 172 0 47 117 0 30 68 50 0 12 125 124 0 150 90 0 167 0 79 0 |Drone Time: 13012.821116|13012.821116,0.000000,0.000000,0.000000
Total validation: Makespan=13041.292467, Deadline violation=0.000000, Energy violation=0.000000, Capacity violation=0.000000"
200.20.1,200,3,adaptive,g4,0.5,0.3,0.1,0.6,44,0,20889.757495,13325.758836,13325.758836,13325.758836,1707.938208,FEASIBLE,"Truck 1: 0 61 135 115 174 144 0 133 96 183 142 55 0 29 69 25 85 46 173 0 |Truck Time: 13156.196134|13156.196134,0.000000,0.000000,0.000000
Truck 2: 0 193 21 165 48 0 124 31 0 123 3 2 0 13 37 197 58 147 157 145 0 |Truck Time: 13325.758836|13325.758836,0.000000,0.000000,0.000000
Truck 3: 0 94 141 186 97 132 0 67 5 143 148 192 107 161 0 6 36 110 60 0 |Truck Time: 13293.195718|13293.195718,0.000000,0.000000,0.000000
Truck 4: 0 53 33 105 200 0 178 42 51 0 179 130 100 0 40 98 0 |Truck Time: 13310.688888|13310.688888,0.000000,0.000000,0.000000
Truck 5: 0 35 0 126 16 121 81 65 129 0 11 83 72 0 185 152 118 166 76 111 26 0 |Truck Time: 13262.404686|13262.404686,0.000000,0.000000,0.000000","Drone 1: 0 128 0 73 0 75 189 70 0 120 104 195 0 175 108 0 54 41 38 0 32 82 119 113 0 140 34 0 187 24 62 0 184 181 0 170 0 45 154 0 95 0 |Drone Time: 13289.008062|13289.008062,0.000000,0.000000,0.000000
Drone 2: 0 89 188 0 17 0 131 0 146 190 27 199 0 8 74 87 0 194 171 0 88 91 52 160 0 18 0 139 134 0 167 0 151 44 0 |Drone Time: 13292.016781|13292.016781,0.000000,0.000000,0.000000
Drone 3: 0 66 0 4 191 57 0 23 71 0 164 43 86 0 9 149 0 112 158 0 20 137 0 84 106 138 0 14 162 0 12 63 0 101 0 163 122 0 49 0 |Drone Time: 13309.626011|13309.626011,0.000000,0.000000,0.000000
Drone 4: 0 153 77 64 0 103 0 198 182 0 22 169 196 0 56 155 0 150 90 0 136 177 168 0 10 28 114 0 109 116 0 176 0 92 0 99 0 |Drone Time: 13266.895796|13266.895796,0.000000,0.000000,0.000000
Drone 5: 0 15 39 0 127 0 156 180 0 159 0 59 102 1 172 0 47 117 125 0 30 68 50 0 78 93 0 80 0 7 0 19 0 79 0 |Drone Time: 13206.945263|13206.945263,0.000000,0.000000,0.000000",13325.758836,0.0,0.0,0.0,"Truck Routes:
Truck 1: 0 61 135 115 174 144 0 133 96 183 142 55 0 29 69 25 85 46 173 0 |Truck Time: 13156.196134|13156.196134,0.000000,0.000000,0.000000
Truck 2: 0 193 21 165 48 0 124 31 0 123 3 2 0 13 37 197 58 147 157 145 0 |Truck Time: 13325.758836|13325.758836,0.000000,0.000000,0.000000
Truck 3: 0 94 141 186 97 132 0 67 5 143 148 192 107 161 0 6 36 110 60 0 |Truck Time: 13293.195718|13293.195718,0.000000,0.000000,0.000000
Truck 4: 0 53 33 105 200 0 178 42 51 0 179 130 100 0 40 98 0 |Truck Time: 13310.688888|13310.688888,0.000000,0.000000,0.000000
Truck 5: 0 35 0 126 16 121 81 65 129 0 11 83 72 0 185 152 118 166 76 111 26 0 |Truck Time: 13262.404686|13262.404686,0.000000,0.000000,0.000000
Drone Routes:
Drone 1: 0 128 0 73 0 75 189 70 0 120 104 195 0 175 108 0 54 41 38 0 32 82 119 113 0 140 34 0 187 24 62 0 184 181 0 170 0 45 154 0 95 0 |Drone Time: 13289.008062|13289.008062,0.000000,0.000000,0.000000
Drone 2: 0 89 188 0 17 0 131 0 146 190 27 199 0 8 74 87 0 194 171 0 88 91 52 160 0 18 0 139 134 0 167 0 151 44 0 |Drone Time: 13292.016781|13292.016781,0.000000,0.000000,0.000000
Drone 3: 0 66 0 4 191 57 0 23 71 0 164 43 86 0 9 149 0 112 158 0 20 137 0 84 106 138 0 14 162 0 12 63 0 101 0 163 122 0 49 0 |Drone Time: 13309.626011|13309.626011,0.000000,0.000000,0.000000
Drone 4: 0 153 77 64 0 103 0 198 182 0 22 169 196 0 56 155 0 150 90 0 136 177 168 0 10 28 114 0 109 116 0 176 0 92 0 99 0 |Drone Time: 13266.895796|13266.895796,0.000000,0.000000,0.000000
Drone 5: 0 15 39 0 127 0 156 180 0 159 0 59 102 1 172 0 47 117 125 0 30 68 50 0 78 93 0 80 0 7 0 19 0 79 0 |Drone Time: 13206.945263|13206.945263,0.000000,0.000000,0.000000
Total validation: Makespan=13325.758836, Deadline violation=0.000000, Energy violation=0.000000, Capacity violation=0.000000"
200.20.1,200,3,cyclic,,,,,,44,0,20889.757495,14236.141694,14236.141694,14236.141694,1200.706232,FEASIBLE,"Truck 1: 0 135 124 156 180 0 168 33 0 127 133 183 142 87 0 |Truck Time: 14158.038108|14158.038108,0.000000,0.000000,0.000000
Truck 2: 0 46 109 173 0 94 141 186 82 32 0 77 108 115 125 92 12 0 |Truck Time: 14053.862209|14053.862209,0.000000,0.000000,0.000000
Truck 3: 0 198 76 24 163 165 45 0 161 107 178 51 0 40 184 6 0 200 3 2 0 |Truck Time: 14215.253298|14215.253298,0.000000,0.000000,0.000000
Truck 4: 0 19 100 56 117 102 0 49 152 193 0 67 58 197 13 136 157 145 0 31 61 170 0 |Truck Time: 14157.084973|14157.084973,0.000000,0.000000,0.000000
Truck 5: 0 154 118 35 122 48 187 0 128 81 169 10 0 89 11 83 72 17 0 60 101 14 158 0 |Truck Time: 14236.141694|14236.141694,0.000000,0.000000,0.000000","Drone 1: 0 143 75 5 0 85 27 0 59 130 140 112 0 57 68 191 0 53 189 0 150 114 0 29 134 0 181 71 0 47 199 0 7 0 179 0 69 0 |Drone Time: 14232.603021|14232.603021,0.000000,0.000000,0.000000
Drone 2: 0 119 86 171 0 103 0 66 164 160 0 30 137 188 0 174 129 138 22 0 144 185 26 0 43 16 9 0 195 95 0 84 52 74 8 0 63 0 121 0 73 0 21 78 28 0 |Drone Time: 14121.843464|14121.843464,0.000000,0.000000,0.000000
Drone 3: 0 4 70 113 0 151 44 0 139 25 0 175 37 0 194 0 98 0 147 0 18 0 93 0 159 0 20 0 65 0 97 0 |Drone Time: 14227.982689|14227.982689,0.000000,0.000000,0.000000
Drone 4: 0 110 0 196 131 0 39 15 0 126 0 106 88 91 0 162 149 0 50 34 0 64 153 0 116 0 176 0 132 0 99 0 36 0 |Drone Time: 14133.107755|14133.107755,0.000000,0.000000,0.000000
Drone 5: 0 62 120 55 96 0 166 38 90 0 111 104 0 1 148 177 0 192 172 0 23 155 190 105 0 182 0 41 54 0 80 0 167 0 42 0 79 0 146 123 0 |Drone Time: 14177.541190|14177.541190,0.000000,0.000000,0.000000",14236.141694,0.0,0.0,0.0,"Truck Routes:
Truck 1: 0 135 124 156 180 0 168 33 0 127 133 183 142 87 0 |Truck Time: 14158.038108|14158.038108,0.000000,0.000000,0.000000
Truck 2: 0 46 109 173 0 94 141 186 82 32 0 77 108 115 125 92 12 0 |Truck Time: 14053.862209|14053.862209,0.000000,0.000000,0.000000
Truck 3: 0 198 76 24 163 165 45 0 161 107 178 51 0 40 184 6 0 200 3 2 0 |Truck Time: 14215.253298|14215.253298,0.000000,0.000000,0.000000
Truck 4: 0 19 100 56 117 102 0 49 152 193 0 67 58 197 13 136 157 145 0 31 61 170 0 |Truck Time: 14157.084973|14157.084973,0.000000,0.000000,0.000000
Truck 5: 0 154 118 35 122 48 187 0 128 81 169 10 0 89 11 83 72 17 0 60 101 14 158 0 |Truck Time: 14236.141694|14236.141694,0.000000,0.000000,0.000000
Drone Routes:
Drone 1: 0 143 75 5 0 85 27 0 59 130 140 112 0 57 68 191 0 53 189 0 150 114 0 29 134 0 181 71 0 47 199 0 7 0 179 0 69 0 |Drone Time: 14232.603021|14232.603021,0.000000,0.000000,0.000000
Drone 2: 0 119 86 171 0 103 0 66 164 160 0 30 137 188 0 174 129 138 22 0 144 185 26 0 43 16 9 0 195 95 0 84 52 74 8 0 63 0 121 0 73 0 21 78 28 0 |Drone Time: 14121.843464|14121.843464,0.000000,0.000000,0.000000
Drone 3: 0 4 70 113 0 151 44 0 139 25 0 175 37 0 194 0 98 0 147 0 18 0 93 0 159 0 20 0 65 0 97 0 |Drone Time: 14227.982689|14227.982689,0.000000,0.000000,0.000000
Drone 4: 0 110 0 196 131 0 39 15 0 126 0 106 88 91 0 162 149 0 50 34 0 64 153 0 116 0 176 0 132 0 99 0 36 0 |Drone Time: 14133.107755|14133.107755,0.000000,0.000000,0.000000
Drone 5: 0 62 120 55 96 0 166 38 90 0 111 104 0 1 148 177 0 192 172 0 23 155 190 105 0 182 0 41 54 0 80 0 167 0 42 0 79 0 146 123 0 |Drone Time: 14177.541190|14177.541190,0.000000,0.000000,0.000000
Total validation: Makespan=14236.141694, Deadline violation=0.000000, Energy violation=0.000000, Capacity violation=0.000000"
200.20.1,200,3,random,,,,,,44,0,20889.757495,13115.556928,13115.556928,13115.556928,1259.164992,FEASIBLE,"Truck 1: 0 97 64 61 115 66 0 133 96 183 142 0 162 93 182 158 0 |Truck Time: 13115.556928|13115.556928,0.000000,0.000000,0.000000
Truck 2: 0 124 156 180 0 188 173 0 39 141 94 186 86 132 0 95 154 0 |Truck Time: 13108.472748|13108.472748,0.000000,0.000000,0.000000
Truck 3: 0 10 0 60 165 20 100 161 0 11 83 72 181 193 0 107 148 143 168 5 51 146 0 |Truck Time: 13086.674240|13086.674240,0.000000,0.000000,0.000000
Truck 4: 0 42 0 65 176 121 81 45 0 92 2 0 67 197 58 136 13 145 33 178 0 |Truck Time: 13096.463024|13096.463024,0.000000,0.000000,0.000000
Truck 5: 0 152 187 118 122 35 0 23 46 130 179 85 19 0 29 69 89 139 48 0 55 87 41 38 103 150 0 |Truck Time: 12914.185209|12914.185209,0.000000,0.000000,0.000000","Drone 1: 0 40 0 75 189 70 0 108 153 15 0 147 0 166 163 0 7 106 0 8 74 149 111 0 144 167 0 54 76 0 127 0 14 0 |Drone Time: 13110.837950|13110.837950,0.000000,0.000000,0.000000
Drone 2: 0 99 0 71 0 170 0 17 109 0 131 171 0 90 104 0 175 105 0 128 195 138 0 134 184 0 151 44 0 73 135 0 190 155 157 0 |Drone Time: 13016.722865|13016.722865,0.000000,0.000000,0.000000
Drone 3: 0 21 0 80 0 196 52 43 0 140 34 0 49 0 116 0 98 0 125 63 0 18 0 9 16 22 0 110 0 36 0 24 0 |Drone Time: 13111.944965|13111.944965,0.000000,0.000000,0.000000
Drone 4: 0 91 194 82 0 200 0 113 119 77 31 0 12 126 160 0 88 164 0 4 117 47 0 27 199 102 0 32 129 0 78 62 26 120 0 177 192 0 185 112 6 0 |Drone Time: 13090.421179|13090.421179,0.000000,0.000000,0.000000
Drone 5: 0 53 37 0 137 25 172 1 0 28 198 114 0 159 0 174 0 191 30 50 0 101 0 57 68 0 169 84 0 56 59 0 3 123 0 79 0 |Drone Time: 12944.656337|12944.656337,0.000000,0.000000,0.000000",13115.556928,0.0,0.0,0.0,"Truck Routes:
Truck 1: 0 97 64 61 115 66 0 133 96 183 142 0 162 93 182 158 0 |Truck Time: 13115.556928|13115.556928,0.000000,0.000000,0.000000
Truck 2: 0 124 156 180 0 188 173 0 39 141 94 186 86 132 0 95 154 0 |Truck Time: 13108.472748|13108.472748,0.000000,0.000000,0.000000
Truck 3: 0 10 0 60 165 20 100 161 0 11 83 72 181 193 0 107 148 143 168 5 51 146 0 |Truck Time: 13086.674240|13086.674240,0.000000,0.000000,0.000000
Truck 4: 0 42 0 65 176 121 81 45 0 92 2 0 67 197 58 136 13 145 33 178 0 |Truck Time: 13096.463024|13096.463024,0.000000,0.000000,0.000000
Truck 5: 0 152 187 118 122 35 0 23 46 130 179 85 19 0 29 69 89 139 48 0 55 87 41 38 103 150 0 |Truck Time: 12914.185209|12914.185209,0.000000,0.000000,0.000000
Drone Routes:
Drone 1: 0 40 0 75 189 70 0 108 153 15 0 147 0 166 163 0 7 106 0 8 74 149 111 0 144 167 0 54 76 0 127 0 14 0 |Drone Time: 13110.837950|13110.837950,0.000000,0.000000,0.000000
Drone 2: 0 99 0 71 0 170 0 17 109 0 131 171 0 90 104 0 175 105 0 128 195 138 0 134 184 0 151 44 0 73 135 0 190 155 157 0 |Drone Time: 13016.722865|13016.722865,0.000000,0.000000,0.000000
Drone 3: 0 21 0 80 0 196 52 43 0 140 34 0 49 0 116 0 98 0 125 63 0 18 0 9 16 22 0 110 0 36 0 24 0 |Drone Time: 13111.944965|13111.944965,0.000000,0.000000,0.000000
Drone 4: 0 91 194 82 0 200 0 113 119 77 31 0 12 126 160 0 88 164 0 4 117 47 0 27 199 102 0 32 129 0 78 62 26 120 0 177 192 0 185 112 6 0 |Drone Time: 13090.421179|13090.421179,0.000000,0.000000,0.000000
Drone 5: 0 53 37 0 137 25 172 1 0 28 198 114 0 159 0 174 0 191 30 50 0 101 0 57 68 0 169 84 0 56 59 0 3 123 0 79 0 |Drone Time: 12944.656337|12944.656337,0.000000,0.000000,0.000000
Total validation: Makespan=13115.556928, Deadline violation=0.000000, Energy violation=0.000000, Capacity violation=0.000000"
200.20.1,200,4,adaptive,g1,0.3,0.2,0.1,0.3,45,0,20939.57968,13589.580935,13589.580935,13589.580935,1405.600621,FEASIBLE,"Truck 1: 0 100 161 47 42 0 57 40 6 185 48 0 183 142 96 133 198 45 0 |Truck Time: 13541.486213|13541.486213,0.000000,0.000000,0.000000
Truck 2: 0 35 89 69 29 20 0 94 141 186 39 97 73 132 0 55 87 26 166 118 122 0 0 |Truck Time: 13266.508779|13266.508779,0.000000,0.000000,0.000000
Truck 3: 0 123 0 31 124 170 0 163 14 101 21 152 0 107 143 168 197 58 147 157 145 0 |Truck Time: 13589.580935|13589.580935,0.000000,0.000000,0.000000
Truck 4: 0 81 121 176 10 0 154 0 36 110 60 0 146 190 0 74 103 38 41 150 0 |Truck Time: 13588.905299|13588.905299,0.000000,0.000000,0.000000
Truck 5: 0 2 3 67 33 178 51 0 115 49 0 83 34 98 72 17 0 19 56 46 0 |Truck Time: 13562.116978|13562.116978,0.000000,0.000000,0.000000","Drone 1: 0 78 116 0 137 25 50 68 191 0 79 0 169 187 0 66 180 125 0 88 0 24 111 28 0 200 0 151 44 0 7 0 64 0 156 0 |Drone Time: 13453.548649|13453.548649,0.000000,0.000000,0.000000
Drone 2: 0 63 0 91 131 0 172 114 0 53 105 0 194 0 102 117 199 0 85 27 0 159 0 61 0 32 106 0 128 0 155 139 0 |Drone Time: 13443.216923|13443.216923,0.000000,0.000000,0.000000
Drone 3: 0 15 171 119 82 138 0 175 37 136 75 0 59 148 144 0 195 43 8 93 0 158 0 95 196 0 173 0 112 11 0 160 65 0 167 0 99 0 92 0 |Drone Time: 13488.454689|13488.454689,0.000000,0.000000,0.000000
Drone 4: 0 23 70 0 135 108 153 113 0 16 52 62 120 54 164 0 189 77 86 0 184 30 0 182 134 0 129 12 174 22 0 130 109 140 0 76 0 188 0 |Drone Time: 13172.867560|13172.867560,0.000000,0.000000,0.000000
Drone 5: 0 149 0 13 0 71 181 0 127 0 18 0 192 177 5 1 0 90 104 0 126 0 80 0 9 84 0 165 162 0 179 0 193 4 0 |Drone Time: 13564.014072|13564.014072,0.000000,0.000000,0.000000",13589.580935,0.0,0.0,0.0,"Truck Routes:
Truck 1: 0 100 161 47 42 0 57 40 6 185 48 0 183 142 96 133 198 45 0 |Truck Time: 13541.486213|13541.486213,0.000000,0.000000,0.000000
Truck 2: 0 35 89 69 29 20 0 94 141 186 39 97 73 132 0 55 87 26 166 118 122 0 0 |Truck Time: 13266.508779|13266.508779,0.000000,0.000000,0.000000
Truck 3: 0 123 0 31 124 170 0 163 14 101 21 152 0 107 143 168 197 58 147 157 145 0 |Truck Time: 13589.580935|13589.580935,0.000000,0.000000,0.000000
Truck 4: 0 81 121 176 10 0 154 0 36 110 60 0 146 190 0 74 103 38 41 150 0 |Truck Time: 13588.905299|13588.905299,0.000000,0.000000,0.000000
Truck 5: 0 2 3 67 33 178 51 0 115 49 0 83 34 98 72 17 0 19 56 46 0 |Truck Time: 13562.116978|13562.116978,0.000000,0.000000,0.000000
Drone Routes:
Drone 1: 0 78 116 0 137 25 50 68 191 0 79 0 169 187 0 66 180 125 0 88 0 24 111 28 0 200 0 151 44 0 7 0 64 0 156 0 |Drone Time: 13453.548649|13453.548649,0.000000,0.000000,0.000000
Drone 2: 0 63 0 91 131 0 172 114 0 53 105 0 194 0 102 117 199 0 85 27 0 159 0 61 0 32 106 0 128 0 155 139 0 |Drone Time: 13443.216923|13443.216923,0.000000,0.000000,0.000000
Drone 3: 0 15 171 119 82 138 0 175 37 136 75 0 59 148 144 0 195 43 8 93 0 158 0 95 196 0 173 0 112 11 0 160 65 0 167 0 99 0 92 0 |Drone Time: 13488.454689|13488.454689,0.000000,0.000000,0.000000
Drone 4: 0 23 70 0 135 108 153 113 0 16 52 62 120 54 164 0 189 77 86 0 184 30 0 182 134 0 129 12 174 22 0 130 109 140 0 76 0 188 0 |Drone Time: 13172.867560|13172.867560,0.000000,0.000000,0.000000
Drone 5: 0 149 0 13 0 71 181 0 127 0 18 0 192 177 5 1 0 90 104 0 126 0 80 0 9 84 0 165 162 0 179 0 193 4 0 |Drone Time: 13564.014072|13564.014072,0.000000,0.000000,0.000000
Total validation: Makespan=13589.580935, Deadline violation=0.000000, Energy violation=0.000000, Capacity violation=0.000000"
200.20.1,200,4,adaptive,g2,0.5,0.3,0.1,0.3,45,0,20939.57968,13589.580935,13589.580935,13589.580935,1626.967766,FEASIBLE,"Truck 1: 0 100 161 47 42 0 57 40 6 185 48 0 183 142 96 133 198 45 0 |Truck Time: 13541.486213|13541.486213,0.000000,0.000000,0.000000
Truck 2: 0 35 89 69 29 20 0 94 141 186 39 97 73 132 0 55 87 26 166 118 122 0 0 |Truck Time: 13266.508779|13266.508779,0.000000,0.000000,0.000000
Truck 3: 0 123 0 31 124 170 0 163 14 101 21 152 0 107 143 168 197 58 147 157 145 0 |Truck Time: 13589.580935|13589.580935,0.000000,0.000000,0.000000
Truck 4: 0 81 121 176 10 0 154 0 36 110 60 0 146 190 0 74 103 38 41 150 0 |Truck Time: 13588.905299|13588.905299,0.000000,0.000000,0.000000
Truck 5: 0 2 3 67 33 178 51 0 115 49 0 83 34 98 72 17 0 19 56 46 0 |Truck Time: 13562.116978|13562.116978,0.000000,0.000000,0.000000","Drone 1: 0 78 116 0 137 25 50 68 191 0 79 0 169 187 0 66 180 125 0 88 0 24 111 28 0 200 0 151 44 0 7 0 64 0 156 0 |Drone Time: 13453.548649|13453.548649,0.000000,0.000000,0.000000
Drone 2: 0 63 0 91 131 0 172 114 0 53 105 0 194 0 102 117 199 0 85 27 0 159 0 61 0 32 106 0 128 0 155 139 0 |Drone Time: 13443.216923|13443.216923,0.000000,0.000000,0.000000
Drone 3: 0 15 171 119 82 138 0 175 37 136 75 0 59 148 144 0 195 43 8 93 0 158 0 95 196 0 173 0 112 11 0 160 65 0 167 0 99 0 92 0 |Drone Time: 13488.454689|13488.454689,0.000000,0.000000,0.000000
Drone 4: 0 23 70 0 135 108 153 113 0 16 52 62 120 54 164 0 189 77 86 0 184 30 0 182 134 0 129 12 174 22 0 130 109 140 0 76 0 188 0 |Drone Time: 13172.867560|13172.867560,0.000000,0.000000,0.000000
Drone 5: 0 149 0 13 0 71 181 0 127 0 18 0 192 177 5 1 0 90 104 0 126 0 80 0 9 84 0 165 162 0 179 0 193 4 0 |Drone Time: 13564.014072|13564.014072,0.000000,0.000000,0.000000",13589.580935,0.0,0.0,0.0,"Truck Routes:
Truck 1: 0 100 161 47 42 0 57 40 6 185 48 0 183 142 96 133 198 45 0 |Truck Time: 13541.486213|13541.486213,0.000000,0.000000,0.000000
Truck 2: 0 35 89 69 29 20 0 94 141 186 39 97 73 132 0 55 87 26 166 118 122 0 0 |Truck Time: 13266.508779|13266.508779,0.000000,0.000000,0.000000
Truck 3: 0 123 0 31 124 170 0 163 14 101 21 152 0 107 143 168 197 58 147 157 145 0 |Truck Time: 13589.580935|13589.580935,0.000000,0.000000,0.000000
Truck 4: 0 81 121 176 10 0 154 0 36 110 60 0 146 190 0 74 103 38 41 150 0 |Truck Time: 13588.905299|13588.905299,0.000000,0.000000,0.000000
Truck 5: 0 2 3 67 33 178 51 0 115 49 0 83 34 98 72 17 0 19 56 46 0 |Truck Time: 13562.116978|13562.116978,0.000000,0.000000,0.000000
Drone Routes:
Drone 1: 0 78 116 0 137 25 50 68 191 0 79 0 169 187 0 66 180 125 0 88 0 24 111 28 0 200 0 151 44 0 7 0 64 0 156 0 |Drone Time: 13453.548649|13453.548649,0.000000,0.000000,0.000000
Drone 2: 0 63 0 91 131 0 172 114 0 53 105 0 194 0 102 117 199 0 85 27 0 159 0 61 0 32 106 0 128 0 155 139 0 |Drone Time: 13443.216923|13443.216923,0.000000,0.000000,0.000000
Drone 3: 0 15 171 119 82 138 0 175 37 136 75 0 59 148 144 0 195 43 8 93 0 158 0 95 196 0 173 0 112 11 0 160 65 0 167 0 99 0 92 0 |Drone Time: 13488.454689|13488.454689,0.000000,0.000000,0.000000
Drone 4: 0 23 70 0 135 108 153 113 0 16 52 62 120 54 164 0 189 77 86 0 184 30 0 182 134 0 129 12 174 22 0 130 109 140 0 76 0 188 0 |Drone Time: 13172.867560|13172.867560,0.000000,0.000000,0.000000
Drone 5: 0 149 0 13 0 71 181 0 127 0 18 0 192 177 5 1 0 90 104 0 126 0 80 0 9 84 0 165 162 0 179 0 193 4 0 |Drone Time: 13564.014072|13564.014072,0.000000,0.000000,0.000000
Total validation: Makespan=13589.580935, Deadline violation=0.000000, Energy violation=0.000000, Capacity violation=0.000000"
200.20.1,200,4,adaptive,g3,0.3,0.2,0.1,0.6,45,0,20939.57968,13589.580935,13589.580935,13589.580935,849.005345,FEASIBLE,"Truck 1: 0 100 161 47 42 0 57 40 6 185 48 0 183 142 96 133 198 45 0 |Truck Time: 13541.486213|13541.486213,0.000000,0.000000,0.000000
Truck 2: 0 35 89 69 29 20 0 94 141 186 39 97 73 132 0 55 87 26 166 118 122 0 0 |Truck Time: 13266.508779|13266.508779,0.000000,0.000000,0.000000
Truck 3: 0 123 0 31 124 170 0 163 14 101 21 152 0 107 143 168 197 58 147 157 145 0 |Truck Time: 13589.580935|13589.580935,0.000000,0.000000,0.000000
Truck 4: 0 81 121 176 10 0 154 0 36 110 60 0 146 190 0 74 103 38 41 150 0 |Truck Time: 13588.905299|13588.905299,0.000000,0.000000,0.000000
Truck 5: 0 2 3 67 33 178 51 0 115 49 0 83 34 98 72 17 0 19 56 46 0 |Truck Time: 13562.116978|13562.116978,0.000000,0.000000,0.000000","Drone 1: 0 78 116 0 137 25 50 68 191 0 79 0 169 187 0 66 180 125 0 88 0 24 111 28 0 200 0 151 44 0 7 0 64 0 156 0 |Drone Time: 13453.548649|13453.548649,0.000000,0.000000,0.000000
Drone 2: 0 63 0 91 131 0 172 114 0 53 105 0 194 0 102 117 199 0 85 27 0 159 0 61 0 32 106 0 128 0 155 139 0 |Drone Time: 13443.216923|13443.216923,0.000000,0.000000,0.000000
Drone 3: 0 15 171 119 82 138 0 175 37 136 75 0 59 148 144 0 195 43 8 93 0 158 0 95 196 0 173 0 112 11 0 160 65 0 167 0 99 0 92 0 |Drone Time: 13488.454689|13488.454689,0.000000,0.000000,0.000000
Drone 4: 0 23 70 0 135 108 153 113 0 16 52 62 120 54 164 0 189 77 86 0 184 30 0 182 134 0 129 12 174 22 0 130 109 140 0 76 0 188 0 |Drone Time: 13172.867560|13172.867560,0.000000,0.000000,0.000000
Drone 5: 0 149 0 13 0 71 181 0 127 0 18 0 192 177 5 1 0 90 104 0 126 0 80 0 9 84 0 165 162 0 179 0 193 4 0 |Drone Time: 13564.014072|13564.014072,0.000000,0.000000,0.000000",13589.580935,0.0,0.0,0.0,"Truck Routes:
Truck 1: 0 100 161 47 42 0 57 40 6 185 48 0 183 142 96 133 198 45 0 |Truck Time: 13541.486213|13541.486213,0.000000,0.000000,0.000000
Truck 2: 0 35 89 69 29 20 0 94 141 186 39 97 73 132 0 55 87 26 166 118 122 0 0 |Truck Time: 13266.508779|13266.508779,0.000000,0.000000,0.000000
Truck 3: 0 123 0 31 124 170 0 163 14 101 21 152 0 107 143 168 197 58 147 157 145 0 |Truck Time: 13589.580935|13589.580935,0.000000,0.000000,0.000000
Truck 4: 0 81 121 176 10 0 154 0 36 110 60 0 146 190 0 74 103 38 41 150 0 |Truck Time: 13588.905299|13588.905299,0.000000,0.000000,0.000000
Truck 5: 0 2 3 67 33 178 51 0 115 49 0 83 34 98 72 17 0 19 56 46 0 |Truck Time: 13562.116978|13562.116978,0.000000,0.000000,0.000000
Drone Routes:
Drone 1: 0 78 116 0 137 25 50 68 191 0 79 0 169 187 0 66 180 125 0 88 0 24 111 28 0 200 0 151 44 0 7 0 64 0 156 0 |Drone Time: 13453.548649|13453.548649,0.000000,0.000000,0.000000
Drone 2: 0 63 0 91 131 0 172 114 0 53 105 0 194 0 102 117 199 0 85 27 0 159 0 61 0 32 106 0 128 0 155 139 0 |Drone Time: 13443.216923|13443.216923,0.000000,0.000000,0.000000
Drone 3: 0 15 171 119 82 138 0 175 37 136 75 0 59 148 144 0 195 43 8 93 0 158 0 95 196 0 173 0 112 11 0 160 65 0 167 0 99 0 92 0 |Drone Time: 13488.454689|13488.454689,0.000000,0.000000,0.000000
Drone 4: 0 23 70 0 135 108 153 113 0 16 52 62 120 54 164 0 189 77 86 0 184 30 0 182 134 0 129 12 174 22 0 130 109 140 0 76 0 188 0 |Drone Time: 13172.867560|13172.867560,0.000000,0.000000,0.000000
Drone 5: 0 149 0 13 0 71 181 0 127 0 18 0 192 177 5 1 0 90 104 0 126 0 80 0 9 84 0 165 162 0 179 0 193 4 0 |Drone Time: 13564.014072|13564.014072,0.000000,0.000000,0.000000
Total validation: Makespan=13589.580935, Deadline violation=0.000000, Energy violation=0.000000, Capacity violation=0.000000"
200.20.1,200,4,adaptive,g4,0.5,0.3,0.1,0.6,45,0,20939.57968,13589.580935,13589.580935,13589.580935,1600.923739,FEASIBLE,"Truck 1: 0 100 161 47 42 0 57 40 6 185 48 0 183 142 96 133 198 45 0 |Truck Time: 13541.486213|13541.486213,0.000000,0.000000,0.000000
Truck 2: 0 35 89 69 29 20 0 94 141 186 39 97 73 132 0 55 87 26 166 118 122 0 0 |Truck Time: 13266.508779|13266.508779,0.000000,0.000000,0.000000
Truck 3: 0 123 0 31 124 170 0 163 14 101 21 152 0 107 143 168 197 58 147 157 145 0 |Truck Time: 13589.580935|13589.580935,0.000000,0.000000,0.000000
Truck 4: 0 81 121 176 10 0 154 0 36 110 60 0 146 190 0 74 103 38 41 150 0 |Truck Time: 13588.905299|13588.905299,0.000000,0.000000,0.000000
Truck 5: 0 2 3 67 33 178 51 0 115 49 0 83 34 98 72 17 0 19 56 46 0 |Truck Time: 13562.116978|13562.116978,0.000000,0.000000,0.000000","Drone 1: 0 78 116 0 137 25 50 68 191 0 79 0 169 187 0 66 180 125 0 88 0 24 111 28 0 200 0 151 44 0 7 0 64 0 156 0 |Drone Time: 13453.548649|13453.548649,0.000000,0.000000,0.000000
Drone 2: 0 63 0 91 131 0 172 114 0 53 105 0 194 0 102 117 199 0 85 27 0 159 0 61 0 32 106 0 128 0 155 139 0 |Drone Time: 13443.216923|13443.216923,0.000000,0.000000,0.000000
Drone 3: 0 15 171 119 82 138 0 175 37 136 75 0 59 148 144 0 195 43 8 93 0 158 0 95 196 0 173 0 112 11 0 160 65 0 167 0 99 0 92 0 |Drone Time: 13488.454689|13488.454689,0.000000,0.000000,0.000000
Drone 4: 0 23 70 0 135 108 153 113 0 16 52 62 120 54 164 0 189 77 86 0 184 30 0 182 134 0 129 12 174 22 0 130 109 140 0 76 0 188 0 |Drone Time: 13172.867560|13172.867560,0.000000,0.000000,0.000000
Drone 5: 0 149 0 13 0 71 181 0 127 0 18 0 192 177 5 1 0 90 104 0 126 0 80 0 9 84 0 165 162 0 179 0 193 4 0 |Drone Time: 13564.014072|13564.014072,0.000000,0.000000,0.000000",13589.580935,0.0,0.0,0.0,"Truck Routes:
Truck 1: 0 100 161 47 42 0 57 40 6 185 48 0 183 142 96 133 198 45 0 |Truck Time: 13541.486213|13541.486213,0.000000,0.000000,0.000000
Truck 2: 0 35 89 69 29 20 0 94 141 186 39 97 73 132 0 55 87 26 166 118 122 0 0 |Truck Time: 13266.508779|13266.508779,0.000000,0.000000,0.000000
Truck 3: 0 123 0 31 124 170 0 163 14 101 21 152 0 107 143 168 197 58 147 157 145 0 |Truck Time: 13589.580935|13589.580935,0.000000,0.000000,0.000000
Truck 4: 0 81 121 176 10 0 154 0 36 110 60 0 146 190 0 74 103 38 41 150 0 |Truck Time: 13588.905299|13588.905299,0.000000,0.000000,0.000000
Truck 5: 0 2 3 67 33 178 51 0 115 49 0 83 34 98 72 17 0 19 56 46 0 |Truck Time: 13562.116978|13562.116978,0.000000,0.000000,0.000000
Drone Routes:
Drone 1: 0 78 116 0 137 25 50 68 191 0 79 0 169 187 0 66 180 125 0 88 0 24 111 28 0 200 0 151 44 0 7 0 64 0 156 0 |Drone Time: 13453.548649|13453.548649,0.000000,0.000000,0.000000
Drone 2: 0 63 0 91 131 0 172 114 0 53 105 0 194 0 102 117 199 0 85 27 0 159 0 61 0 32 106 0 128 0 155 139 0 |Drone Time: 13443.216923|13443.216923,0.000000,0.000000,0.000000
Drone 3: 0 15 171 119 82 138 0 175 37 136 75 0 59 148 144 0 195 43 8 93 0 158 0 95 196 0 173 0 112 11 0 160 65 0 167 0 99 0 92 0 |Drone Time: 13488.454689|13488.454689,0.000000,0.000000,0.000000
Drone 4: 0 23 70 0 135 108 153 113 0 16 52 62 120 54 164 0 189 77 86 0 184 30 0 182 134 0 129 12 174 22 0 130 109 140 0 76 0 188 0 |Drone Time: 13172.867560|13172.867560,0.000000,0.000000,0.000000
Drone 5: 0 149 0 13 0 71 181 0 127 0 18 0 192 177 5 1 0 90 104 0 126 0 80 0 9 84 0 165 162 0 179 0 193 4 0 |Drone Time: 13564.014072|13564.014072,0.000000,0.000000,0.000000
Total validation: Makespan=13589.580935, Deadline violation=0.000000, Energy violation=0.000000, Capacity violation=0.000000"
200.20.1,200,4,cyclic,,,,,,45,0,20939.57968,15894.051872,15894.051872,15894.051872,1008.215511,FEASIBLE,"Truck 1: 0 53 115 0 85 46 0 158 0 182 0 98 57 0 |Truck Time: 15868.113720|15868.113720,0.000000,0.000000,0.000000
Truck 2: 0 19 100 92 2 200 3 42 0 187 122 0 123 33 0 150 87 103 41 160 81 0 118 190 0 |Truck Time: 15837.416233|15837.416233,0.000000,0.000000,0.000000
Truck 3: 0 94 141 32 0 132 97 73 0 124 156 18 178 0 67 147 13 145 0 |Truck Time: 15894.051872|15894.051872,0.000000,0.000000,0.000000
Truck 4: 0 48 89 69 29 0 146 188 0 163 78 26 0 60 40 139 137 20 173 0 83 72 17 0 |Truck Time: 15757.485314|15757.485314,0.000000,0.000000,0.000000
Truck 5: 0 79 65 35 0 11 0 161 192 5 107 0 0 66 49 170 0 142 0 |Truck Time: 15850.878901|15850.878901,0.000000,0.000000,0.000000","Drone 1: 0 30 68 25 27 0 112 191 184 62 120 54 164 0 183 74 0 34 50 0 186 0 119 131 0 174 23 0 88 0 162 14 0 121 0 101 0 7 0 |Drone Time: 15889.206092|15889.206092,0.000000,0.000000,0.000000
Drone 2: 0 16 113 77 153 171 22 0 36 38 0 114 109 181 0 56 59 1 177 144 0 93 0 194 0 102 117 199 0 151 44 0 31 105 0 95 0 61 0 99 0 154 0 |Drone Time: 15861.401777|15861.401777,0.000000,0.000000,0.000000
Drone 3: 0 106 82 70 0 175 180 75 0 155 4 10 185 45 129 12 138 0 55 133 0 127 0 21 149 0 159 52 0 148 0 135 108 0 176 0 167 0 6 0 193 0 |Drone Time: 15772.337433|15772.337433,0.000000,0.000000,0.000000
Drone 4: 0 39 189 0 165 28 111 0 51 91 0 63 15 0 157 37 0 166 198 24 0 86 0 71 140 0 116 0 9 84 0 130 47 0 76 0 128 0 |Drone Time: 15713.314064|15713.314064,0.000000,0.000000,0.000000
Drone 5: 0 197 58 0 8 196 0 152 195 125 136 0 96 0 172 143 0 64 43 0 168 0 90 104 0 126 0 80 0 110 134 0 169 0 179 0 |Drone Time: 15527.870406|15527.870406,0.000000,0.000000,0.000000",15894.051872,0.0,0.0,0.0,"Truck Routes:
Truck 1: 0 53 115 0 85 46 0 158 0 182 0 98 57 0 |Truck Time: 15868.113720|15868.113720,0.000000,0.000000,0.000000
Truck 2: 0 19 100 92 2 200 3 42 0 187 122 0 123 33 0 150 87 103 41 160 81 0 118 190 0 |Truck Time: 15837.416233|15837.416233,0.000000,0.000000,0.000000
Truck 3: 0 94 141 32 0 132 97 73 0 124 156 18 178 0 67 147 13 145 0 |Truck Time: 15894.051872|15894.051872,0.000000,0.000000,0.000000
Truck 4: 0 48 89 69 29 0 146 188 0 163 78 26 0 60 40 139 137 20 173 0 83 72 17 0 |Truck Time: 15757.485314|15757.485314,0.000000,0.000000,0.000000
Truck 5: 0 79 65 35 0 11 0 161 192 5 107 0 0 66 49 170 0 142 0 |Truck Time: 15850.878901|15850.878901,0.000000,0.000000,0.000000
Drone Routes:
Drone 1: 0 30 68 25 27 0 112 191 184 62 120 54 164 0 183 74 0 34 50 0 186 0 119 131 0 174 23 0 88 0 162 14 0 121 0 101 0 7 0 |Drone Time: 15889.206092|15889.206092,0.000000,0.000000,0.000000
Drone 2: 0 16 113 77 153 171 22 0 36 38 0 114 109 181 0 56 59 1 177 144 0 93 0 194 0 102 117 199 0 151 44 0 31 105 0 95 0 61 0 99 0 154 0 |Drone Time: 15861.401777|15861.401777,0.000000,0.000000,0.000000
Drone 3: 0 106 82 70 0 175 180 75 0 155 4 10 185 45 129 12 138 0 55 133 0 127 0 21 149 0 159 52 0 148 0 135 108 0 176 0 167 0 6 0 193 0 |Drone Time: 15772.337433|15772.337433,0.000000,0.000000,0.000000
Drone 4: 0 39 189 0 165 28 111 0 51 91 0 63 15 0 157 37 0 166 198 24 0 86 0 71 140 0 116 0 9 84 0 130 47 0 76 0 128 0 |Drone Time: 15713.314064|15713.314064,0.000000,0.000000,0.000000
Drone 5: 0 197 58 0 8 196 0 152 195 125 136 0 96 0 172 143 0 64 43 0 168 0 90 104 0 126 0 80 0 110 134 0 169 0 179 0 |Drone Time: 15527.870406|15527.870406,0.000000,0.000000,0.000000
Total validation: Makespan=15894.051872, Deadline violation=0.000000, Energy violation=0.000000, Capacity violation=0.000000"
200.20.1,200,4,random,,,,,,45,0,20939.57968,13827.13397,13827.13397,13827.13397,1283.031915,FEASIBLE,"Truck 1: 0 79 21 163 118 122 0 172 116 0 133 183 142 41 87 0 |Truck Time: 13569.811987|13569.811987,0.000000,0.000000,0.000000
Truck 2: 0 85 80 20 193 0 19 0 161 51 123 10 0 33 178 42 4 0 132 73 170 0 |Truck Time: 13780.178625|13780.178625,0.000000,0.000000,0.000000
Truck 3: 0 94 141 186 86 15 97 66 0 124 175 18 53 0 107 148 5 67 0 |Truck Time: 13827.133970|13827.133970,0.000000,0.000000,0.000000
Truck 4: 0 46 56 59 3 2 200 92 146 0 150 90 26 0 57 98 34 83 29 0 |Truck Time: 12760.985546|12760.985546,0.000000,0.000000,0.000000
Truck 5: 0 48 165 60 40 36 35 152 0 129 12 0 157 37 13 145 0 69 167 50 30 11 0 |Truck Time: 13738.679950|13738.679950,0.000000,0.000000,0.000000","Drone 1: 0 184 0 16 70 0 63 0 191 72 68 0 100 155 0 121 0 156 180 0 176 8 0 162 114 0 174 45 195 138 0 101 0 7 0 |Drone Time: 13791.900711|13791.900711,0.000000,0.000000,0.000000
Drone 2: 0 93 0 103 0 104 0 127 160 0 158 0 96 149 0 102 117 199 0 71 140 0 31 105 0 81 0 61 0 99 74 0 |Drone Time: 13810.969837|13810.969837,0.000000,0.000000,0.000000
Drone 3: 0 64 0 182 0 23 185 144 154 0 75 197 58 0 147 177 1 0 159 38 0 126 43 0 17 0 135 153 108 0 188 89 0 173 137 0 6 0 49 0 |Drone Time: 13781.516847|13781.516847,0.000000,0.000000,0.000000
Drone 4: 0 106 194 0 113 77 171 131 82 0 88 196 0 9 84 164 0 62 55 120 54 52 91 169 0 151 44 0 139 78 0 166 24 0 130 27 47 0 76 0 128 0 |Drone Time: 13818.391000|13818.391000,0.000000,0.000000,0.000000
Drone 5: 0 198 111 28 0 39 187 0 115 0 190 143 189 0 119 32 22 0 125 136 168 0 112 181 14 0 95 0 192 109 25 0 110 134 0 65 0 179 0 |Drone Time: 13825.898184|13825.898184,0.000000,0.000000,0.000000",13827.13397,0.0,0.0,0.0,"Truck Routes:
Truck 1: 0 79 21 163 118 122 0 172 116 0 133 183 142 41 87 0 |Truck Time: 13569.811987|13569.811987,0.000000,0.000000,0.000000
Truck 2: 0 85 80 20 193 0 19 0 161 51 123 10 0 33 178 42 4 0 132 73 170 0 |Truck Time: 13780.178625|13780.178625,0.000000,0.000000,0.000000
Truck 3: 0 94 141 186 86 15 97 66 0 124 175 18 53 0 107 148 5 67 0 |Truck Time: 13827.133970|13827.133970,0.000000,0.000000,0.000000
Truck 4: 0 46 56 59 3 2 200 92 146 0 150 90 26 0 57 98 34 83 29 0 |Truck Time: 12760.985546|12760.985546,0.000000,0.000000,0.000000
Truck 5: 0 48 165 60 40 36 35 152 0 129 12 0 157 37 13 145 0 69 167 50 30 11 0 |Truck Time: 13738.679950|13738.679950,0.000000,0.000000,0.000000
Drone Routes:
Drone 1: 0 184 0 16 70 0 63 0 191 72 68 0 100 155 0 121 0 156 180 0 176 8 0 162 114 0 174 45 195 138 0 101 0 7 0 |Drone Time: 13791.900711|13791.900711,0.000000,0.000000,0.000000
Drone 2: 0 93 0 103 0 104 0 127 160 0 158 0 96 149 0 102 117 199 0 71 140 0 31 105 0 81 0 61 0 99 74 0 |Drone Time: 13810.969837|13810.969837,0.000000,0.000000,0.000000
Drone 3: 0 64 0 182 0 23 185 144 154 0 75 197 58 0 147 177 1 0 159 38 0 126 43 0 17 0 135 153 108 0 188 89 0 173 137 0 6 0 49 0 |Drone Time: 13781.516847|13781.516847,0.000000,0.000000,0.000000
Drone 4: 0 106 194 0 113 77 171 131 82 0 88 196 0 9 84 164 0 62 55 120 54 52 91 169 0 151 44 0 139 78 0 166 24 0 130 27 47 0 76 0 128 0 |Drone Time: 13818.391000|13818.391000,0.000000,0.000000,0.000000
Drone 5: 0 198 111 28 0 39 187 0 115 0 190 143 189 0 119 32 22 0 125 136 168 0 112 181 14 0 95 0 192 109 25 0 110 134 0 65 0 179 0 |Drone Time: 13825.898184|13825.898184,0.000000,0.000000,0.000000
Total validation: Makespan=13827.133970, Deadline violation=0.000000, Energy violation=0.000000, Capacity violation=0.000000"
200.20.1,200,5,adaptive,g1,0.3,0.2,0.1,0.3,46,0,19368.725998,14291.406401,14291.406401,14291.406401,1395.528303,FEASIBLE,"Truck 1: 0 80 179 69 0 87 41 103 150 0 61 135 13 147 145 0 |Truck Time: 14231.557017|14231.557017,0.000000,0.000000,0.000000
Truck 2: 0 133 127 76 24 163 0 64 97 73 0 94 194 88 7 169 9 0 |Truck Time: 14291.406401|14291.406401,0.000000,0.000000,0.000000
Truck 3: 0 195 128 32 12 144 45 0 122 110 60 0 132 31 170 53 115 0 129 49 193 0 116 0 |Truck Time: 14281.552703|14281.552703,0.000000,0.000000,0.000000
Truck 4: 0 188 137 139 89 0 81 0 11 83 72 167 29 185 0 192 148 168 5 161 0 |Truck Time: 14131.407934|14131.407934,0.000000,0.000000,0.000000
Truck 5: 0 124 63 180 0 152 66 95 0 40 57 184 112 48 0 107 67 33 2 200 0 |Truck Time: 14218.984945|14218.984945,0.000000,0.000000,0.000000","Drone 1: 0 173 0 1 146 0 106 141 82 0 166 111 0 85 27 0 35 55 78 0 84 16 0 65 8 0 155 130 71 0 162 14 0 74 176 0 118 54 164 160 0 123 178 190 0 |Drone Time: 14259.376803|14259.376803,0.000000,0.000000,0.000000
Drone 2: 0 17 0 23 140 191 0 182 0 142 0 15 86 0 90 104 0 151 44 0 125 92 0 47 117 0 20 25 0 138 154 0 21 0 34 50 0 |Drone Time: 14175.902300|14175.902300,0.000000,0.000000,0.000000
Drone 3: 0 183 196 0 70 189 0 62 96 198 120 0 46 0 98 0 26 38 0 165 174 0 75 197 58 0 79 28 0 187 134 0 99 22 0 100 0 |Drone Time: 14203.915671|14203.915671,0.000000,0.000000,0.000000
Drone 4: 0 186 0 93 0 114 68 30 0 177 157 4 0 36 0 10 91 131 52 0 158 149 0 121 0 19 102 0 159 0 101 0 42 0 |Drone Time: 14291.021270|14291.021270,0.000000,0.000000,0.000000
Drone 5: 0 175 37 0 18 136 0 181 109 143 0 113 39 0 108 153 77 171 119 0 199 172 0 51 0 156 0 3 59 0 56 105 0 43 126 0 6 0 |Drone Time: 14266.134468|14266.134468,0.000000,0.000000,0.000000",14291.406401,0.0,0.0,0.0,"Truck Routes:
Truck 1: 0 80 179 69 0 87 41 103 150 0 61 135 13 147 145 0 |Truck Time: 14231.557017|14231.557017,0.000000,0.000000,0.000000
Truck 2: 0 133 127 76 24 163 0 64 97 73 0 94 194 88 7 169 9 0 |Truck Time: 14291.406401|14291.406401,0.000000,0.000000,0.000000
Truck 3: 0 195 128 32 12 144 45 0 122 110 60 0 132 31 170 53 115 0 129 49 193 0 116 0 |Truck Time: 14281.552703|14281.552703,0.000000,0.000000,0.000000
Truck 4: 0 188 137 139 89 0 81 0 11 83 72 167 29 185 0 192 148 168 5 161 0 |Truck Time: 14131.407934|14131.407934,0.000000,0.000000,0.000000
Truck 5: 0 124 63 180 0 152 66 95 0 40 57 184 112 48 0 107 67 33 2 200 0 |Truck Time: 14218.984945|14218.984945,0.000000,0.000000,0.000000
Drone Routes:
Drone 1: 0 173 0 1 146 0 106 141 82 0 166 111 0 85 27 0 35 55 78 0 84 16 0 65 8 0 155 130 71 0 162 14 0 74 176 0 118 54 164 160 0 123 178 190 0 |Drone Time: 14259.376803|14259.376803,0.000000,0.000000,0.000000
Drone 2: 0 17 0 23 140 191 0 182 0 142 0 15 86 0 90 104 0 151 44 0 125 92 0 47 117 0 20 25 0 138 154 0 21 0 34 50 0 |Drone Time: 14175.902300|14175.902300,0.000000,0.000000,0.000000
Drone 3: 0 183 196 0 70 189 0 62 96 198 120 0 46 0 98 0 26 38 0 165 174 0 75 197 58 0 79 28 0 187 134 0 99 22 0 100 0 |Drone Time: 14203.915671|14203.915671,0.000000,0.000000,0.000000
Drone 4: 0 186 0 93 0 114 68 30 0 177 157 4 0 36 0 10 91 131 52 0 158 149 0 121 0 19 102 0 159 0 101 0 42 0 |Drone Time: 14291.021270|14291.021270,0.000000,0.000000,0.000000
Drone 5: 0 175 37 0 18 136 0 181 109 143 0 113 39 0 108 153 77 171 119 0 199 172 0 51 0 156 0 3 59 0 56 105 0 43 126 0 6 0 |Drone Time: 14266.134468|14266.134468,0.000000,0.000000,0.000000
Total validation: Makespan=14291.406401, Deadline violation=0.000000, Energy violation=0.000000, Capacity violation=0.000000"
200.20.1,200,5,adaptive,g2,0.5,0.3,0.1,0.3,46,0,19368.725998,14291.406401,14291.406401,14291.406401,1395.201899,FEASIBLE,"Truck 1: 0 80 179 69 0 87 41 103 150 0 61 135 13 147 145 0 |Truck Time: 14231.557017|14231.557017,0.000000,0.000000,0.000000
Truck 2: 0 133 127 76 24 163 0 64 97 73 0 94 194 88 7 169 9 0 |Truck Time: 14291.406401|14291.406401,0.000000,0.000000,0.000000
Truck 3: 0 195 128 32 12 144 45 0 122 110 60 0 132 31 170 53 115 0 129 49 193 0 116 0 |Truck Time: 14281.552703|14281.552703,0.000000,0.000000,0.000000
Truck 4: 0 188 137 139 89 0 81 0 11 83 72 167 29 185 0 192 148 168 5 161 0 |Truck Time: 14131.407934|14131.407934,0.000000,0.000000,0.000000
Truck 5: 0 124 63 180 0 152 66 95 0 40 57 184 112 48 0 107 67 33 2 200 0 |Truck Time: 14218.984945|14218.984945,0.000000,0.000000,0.000000","Drone 1: 0 173 0 1 146 0 106 141 82 0 166 111 0 85 27 0 35 55 78 0 84 16 0 65 8 0 155 130 71 0 162 14 0 74 176 0 118 54 164 160 0 123 178 190 0 |Drone Time: 14259.376803|14259.376803,0.000000,0.000000,0.000000
Drone 2: 0 17 0 23 140 191 0 182 0 142 0 15 86 0 90 104 0 151 44 0 125 92 0 47 117 0 20 25 0 138 154 0 21 0 34 50 0 |Drone Time: 14175.902300|14175.902300,0.000000,0.000000,0.000000
Drone 3: 0 183 196 0 70 189 0 62 96 198 120 0 46 0 98 0 26 38 0 165 174 0 75 197 58 0 79 28 0 187 134 0 99 22 0 100 0 |Drone Time: 14203.915671|14203.915671,0.000000,0.000000,0.000000
Drone 4: 0 186 0 93 0 114 68 30 0 177 157 4 0 36 0 10 91 131 52 0 158 149 0 121 0 19 102 0 159 0 101 0 42 0 |Drone Time: 14291.021270|14291.021270,0.000000,0.000000,0.000000
Drone 5: 0 175 37 0 18 136 0 181 109 143 0 113 39 0 108 153 77 171 119 0 199 172 0 51 0 156 0 3 59 0 56 105 0 43 126 0 6 0 |Drone Time: 14266.134468|14266.134468,0.000000,0.000000,0.000000",14291.406401,0.0,0.0,0.0,"Truck Routes:
Truck 1: 0 80 179 69 0 87 41 103 150 0 61 135 13 147 145 0 |Truck Time: 14231.557017|14231.557017,0.000000,0.000000,0.000000
Truck 2: 0 133 127 76 24 163 0 64 97 73 0 94 194 88 7 169 9 0 |Truck Time: 14291.406401|14291.406401,0.000000,0.000000,0.000000
Truck 3: 0 195 128 32 12 144 45 0 122 110 60 0 132 31 170 53 115 0 129 49 193 0 116 0 |Truck Time: 14281.552703|14281.552703,0.000000,0.000000,0.000000
Truck 4: 0 188 137 139 89 0 81 0 11 83 72 167 29 185 0 192 148 168 5 161 0 |Truck Time: 14131.407934|14131.407934,0.000000,0.000000,0.000000
Truck 5: 0 124 63 180 0 152 66 95 0 40 57 184 112 48 0 107 67 33 2 200 0 |Truck Time: 14218.984945|14218.984945,0.000000,0.000000,0.000000
Drone Routes:
Drone 1: 0 173 0 1 146 0 106 141 82 0 166 111 0 85 27 0 35 55 78 0 84 16 0 65 8 0 155 130 71 0 162 14 0 74 176 0 118 54 164 160 0 123 178 190 0 |Drone Time: 14259.376803|14259.376803,0.000000,0.000000,0.000000
Drone 2: 0 17 0 23 140 191 0 182 0 142 0 15 86 0 90 104 0 151 44 0 125 92 0 47 117 0 20 25 0 138 154 0 21 0 34 50 0 |Drone Time: 14175.902300|14175.902300,0.000000,0.000000,0.000000
Drone 3: 0 183 196 0 70 189 0 62 96 198 120 0 46 0 98 0 26 38 0 165 174 0 75 197 58 0 79 28 0 187 134 0 99 22 0 100 0 |Drone Time: 14203.915671|14203.915671,0.000000,0.000000,0.000000
Drone 4: 0 186 0 93 0 114 68 30 0 177 157 4 0 36 0 10 91 131 52 0 158 149 0 121 0 19 102 0 159 0 101 0 42 0 |Drone Time: 14291.021270|14291.021270,0.000000,0.000000,0.000000
Drone 5: 0 175 37 0 18 136 0 181 109 143 0 113 39 0 108 153 77 171 119 0 199 172 0 51 0 156 0 3 59 0 56 105 0 43 126 0 6 0 |Drone Time: 14266.134468|14266.134468,0.000000,0.000000,0.000000
Total validation: Makespan=14291.406401, Deadline violation=0.000000, Energy violation=0.000000, Capacity violation=0.000000"
200.20.1,200,5,adaptive,g3,0.3,0.2,0.1,0.6,46,0,19368.725998,14291.406401,14291.406401,14291.406401,1393.993815,FEASIBLE,"Truck 1: 0 80 179 69 0 87 41 103 150 0 61 135 13 147 145 0 |Truck Time: 14231.557017|14231.557017,0.000000,0.000000,0.000000
Truck 2: 0 133 127 76 24 163 0 64 97 73 0 94 194 88 7 169 9 0 |Truck Time: 14291.406401|14291.406401,0.000000,0.000000,0.000000
Truck 3: 0 195 128 32 12 144 45 0 122 110 60 0 132 31 170 53 115 0 129 49 193 0 116 0 |Truck Time: 14281.552703|14281.552703,0.000000,0.000000,0.000000
Truck 4: 0 188 137 139 89 0 81 0 11 83 72 167 29 185 0 192 148 168 5 161 0 |Truck Time: 14131.407934|14131.407934,0.000000,0.000000,0.000000
Truck 5: 0 124 63 180 0 152 66 95 0 40 57 184 112 48 0 107 67 33 2 200 0 |Truck Time: 14218.984945|14218.984945,0.000000,0.000000,0.000000","Drone 1: 0 173 0 1 146 0 106 141 82 0 166 111 0 85 27 0 35 55 78 0 84 16 0 65 8 0 155 130 71 0 162 14 0 74 176 0 118 54 164 160 0 123 178 190 0 |Drone Time: 14259.376803|14259.376803,0.000000,0.000000,0.000000
Drone 2: 0 17 0 23 140 191 0 182 0 142 0 15 86 0 90 104 0 151 44 0 125 92 0 47 117 0 20 25 0 138 154 0 21 0 34 50 0 |Drone Time: 14175.902300|14175.902300,0.000000,0.000000,0.000000
Drone 3: 0 183 196 0 70 189 0 62 96 198 120 0 46 0 98 0 26 38 0 165 174 0 75 197 58 0 79 28 0 187 134 0 99 22 0 100 0 |Drone Time: 14203.915671|14203.915671,0.000000,0.000000,0.000000
Drone 4: 0 186 0 93 0 114 68 30 0 177 157 4 0 36 0 10 91 131 52 0 158 149 0 121 0 19 102 0 159 0 101 0 42 0 |Drone Time: 14291.021270|14291.021270,0.000000,0.000000,0.000000
Drone 5: 0 175 37 0 18 136 0 181 109 143 0 113 39 0 108 153 77 171 119 0 199 172 0 51 0 156 0 3 59 0 56 105 0 43 126 0 6 0 |Drone Time: 14266.134468|14266.134468,0.000000,0.000000,0.000000",14291.406401,0.0,0.0,0.0,"Truck Routes:
Truck 1: 0 80 179 69 0 87 41 103 150 0 61 135 13 147 145 0 |Truck Time: 14231.557017|14231.557017,0.000000,0.000000,0.000000
Truck 2: 0 133 127 76 24 163 0 64 97 73 0 94 194 88 7 169 9 0 |Truck Time: 14291.406401|14291.406401,0.000000,0.000000,0.000000
Truck 3: 0 195 128 32 12 144 45 0 122 110 60 0 132 31 170 53 115 0 129 49 193 0 116 0 |Truck Time: 14281.552703|14281.552703,0.000000,0.000000,0.000000
Truck 4: 0 188 137 139 89 0 81 0 11 83 72 167 29 185 0 192 148 168 5 161 0 |Truck Time: 14131.407934|14131.407934,0.000000,0.000000,0.000000
Truck 5: 0 124 63 180 0 152 66 95 0 40 57 184 112 48 0 107 67 33 2 200 0 |Truck Time: 14218.984945|14218.984945,0.000000,0.000000,0.000000
Drone Routes:
Drone 1: 0 173 0 1 146 0 106 141 82 0 166 111 0 85 27 0 35 55 78 0 84 16 0 65 8 0 155 130 71 0 162 14 0 74 176 0 118 54 164 160 0 123 178 190 0 |Drone Time: 14259.376803|14259.376803,0.000000,0.000000,0.000000
Drone 2: 0 17 0 23 140 191 0 182 0 142 0 15 86 0 90 104 0 151 44 0 125 92 0 47 117 0 20 25 0 138 154 0 21 0 34 50 0 |Drone Time: 14175.902300|14175.902300,0.000000,0.000000,0.000000
Drone 3: 0 183 196 0 70 189 0 62 96 198 120 0 46 0 98 0 26 38 0 165 174 0 75 197 58 0 79 28 0 187 134 0 99 22 0 100 0 |Drone Time: 14203.915671|14203.915671,0.000000,0.000000,0.000000
Drone 4: 0 186 0 93 0 114 68 30 0 177 157 4 0 36 0 10 91 131 52 0 158 149 0 121 0 19 102 0 159 0 101 0 42 0 |Drone Time: 14291.021270|14291.021270,0.000000,0.000000,0.000000
Drone 5: 0 175 37 0 18 136 0 181 109 143 0 113 39 0 108 153 77 171 119 0 199 172 0 51 0 156 0 3 59 0 56 105 0 43 126 0 6 0 |Drone Time: 14266.134468|14266.134468,0.000000,0.000000,0.000000
Total validation: Makespan=14291.406401, Deadline violation=0.000000, Energy violation=0.000000, Capacity violation=0.000000"
200.20.1,200,5,adaptive,g4,0.5,0.3,0.1,0.6,46,0,19368.725998,14291.406401,14291.406401,14291.406401,745.631099,FEASIBLE,"Truck 1: 0 80 179 69 0 87 41 103 150 0 61 135 13 147 145 0 |Truck Time: 14231.557017|14231.557017,0.000000,0.000000,0.000000
Truck 2: 0 133 127 76 24 163 0 64 97 73 0 94 194 88 7 169 9 0 |Truck Time: 14291.406401|14291.406401,0.000000,0.000000,0.000000
Truck 3: 0 195 128 32 12 144 45 0 122 110 60 0 132 31 170 53 115 0 129 49 193 0 116 0 |Truck Time: 14281.552703|14281.552703,0.000000,0.000000,0.000000
Truck 4: 0 188 137 139 89 0 81 0 11 83 72 167 29 185 0 192 148 168 5 161 0 |Truck Time: 14131.407934|14131.407934,0.000000,0.000000,0.000000
Truck 5: 0 124 63 180 0 152 66 95 0 40 57 184 112 48 0 107 67 33 2 200 0 |Truck Time: 14218.984945|14218.984945,0.000000,0.000000,0.000000","Drone 1: 0 173 0 1 146 0 106 141 82 0 166 111 0 85 27 0 35 55 78 0 84 16 0 65 8 0 155 130 71 0 162 14 0 74 176 0 118 54 164 160 0 123 178 190 0 |Drone Time: 14259.376803|14259.376803,0.000000,0.000000,0.000000
Drone 2: 0 17 0 23 140 191 0 182 0 142 0 15 86 0 90 104 0 151 44 0 125 92 0 47 117 0 20 25 0 138 154 0 21 0 34 50 0 |Drone Time: 14175.902300|14175.902300,0.000000,0.000000,0.000000
Drone 3: 0 183 196 0 70 189 0 62 96 198 120 0 46 0 98 0 26 38 0 165 174 0 75 197 58 0 79 28 0 187 134 0 99 22 0 100 0 |Drone Time: 14203.915671|14203.915671,0.000000,0.000000,0.000000
Drone 4: 0 186 0 93 0 114 68 30 0 177 157 4 0 36 0 10 91 131 52 0 158 149 0 121 0 19 102 0 159 0 101 0 42 0 |Drone Time: 14291.021270|14291.021270,0.000000,0.000000,0.000000
Drone 5: 0 175 37 0 18 136 0 181 109 143 0 113 39 0 108 153 77 171 119 0 199 172 0 51 0 156 0 3 59 0 56 105 0 43 126 0 6 0 |Drone Time: 14266.134468|14266.134468,0.000000,0.000000,0.000000",14291.406401,0.0,0.0,0.0,"Truck Routes:
Truck 1: 0 80 179 69 0 87 41 103 150 0 61 135 13 147 145 0 |Truck Time: 14231.557017|14231.557017,0.000000,0.000000,0.000000
Truck 2: 0 133 127 76 24 163 0 64 97 73 0 94 194 88 7 169 9 0 |Truck Time: 14291.406401|14291.406401,0.000000,0.000000,0.000000
Truck 3: 0 195 128 32 12 144 45 0 122 110 60 0 132 31 170 53 115 0 129 49 193 0 116 0 |Truck Time: 14281.552703|14281.552703,0.000000,0.000000,0.000000
Truck 4: 0 188 137 139 89 0 81 0 11 83 72 167 29 185 0 192 148 168 5 161 0 |Truck Time: 14131.407934|14131.407934,0.000000,0.000000,0.000000
Truck 5: 0 124 63 180 0 152 66 95 0 40 57 184 112 48 0 107 67 33 2 200 0 |Truck Time: 14218.984945|14218.984945,0.000000,0.000000,0.000000
Drone Routes:
Drone 1: 0 173 0 1 146 0 106 141 82 0 166 111 0 85 27 0 35 55 78 0 84 16 0 65 8 0 155 130 71 0 162 14 0 74 176 0 118 54 164 160 0 123 178 190 0 |Drone Time: 14259.376803|14259.376803,0.000000,0.000000,0.000000
Drone 2: 0 17 0 23 140 191 0 182 0 142 0 15 86 0 90 104 0 151 44 0 125 92 0 47 117 0 20 25 0 138 154 0 21 0 34 50 0 |Drone Time: 14175.902300|14175.902300,0.000000,0.000000,0.000000
Drone 3: 0 183 196 0 70 189 0 62 96 198 120 0 46 0 98 0 26 38 0 165 174 0 75 197 58 0 79 28 0 187 134 0 99 22 0 100 0 |Drone Time: 14203.915671|14203.915671,0.000000,0.000000,0.000000
Drone 4: 0 186 0 93 0 114 68 30 0 177 157 4 0 36 0 10 91 131 52 0 158 149 0 121 0 19 102 0 159 0 101 0 42 0 |Drone Time: 14291.021270|14291.021270,0.000000,0.000000,0.000000
Drone 5: 0 175 37 0 18 136 0 181 109 143 0 113 39 0 108 153 77 171 119 0 199 172 0 51 0 156 0 3 59 0 56 105 0 43 126 0 6 0 |Drone Time: 14266.134468|14266.134468,0.000000,0.000000,0.000000
Total validation: Makespan=14291.406401, Deadline violation=0.000000, Energy violation=0.000000, Capacity violation=0.000000"
200.20.1,200,5,cyclic,,,,,,46,0,19368.725998,14071.940418,14071.940418,14071.940418,1319.962627,FEASIBLE,"Truck 1: 0 46 0 6 0 87 41 26 0 13 58 197 147 145 51 0 |Truck Time: 14042.479252|14042.479252,0.000000,0.000000,0.000000
Truck 2: 0 133 142 76 24 0 19 100 107 102 0 94 141 194 88 128 95 66 0 |Truck Time: 14071.940418|14071.940418,0.000000,0.000000,0.000000
Truck 3: 0 79 81 169 7 9 138 0 123 3 125 31 49 174 193 0 45 122 118 48 0 124 63 156 180 0 185 35 152 0 |Truck Time: 13772.288037|13772.288037,0.000000,0.000000,0.000000
Truck 4: 0 72 17 69 29 0 161 42 0 188 89 167 83 11 0 1 148 143 168 5 67 0 |Truck Time: 14017.307280|14017.307280,0.000000,0.000000,0.000000
Truck 5: 0 39 32 0 154 22 0 2 200 53 115 0 40 184 134 0 132 0 |Truck Time: 14015.551528|14015.551528,0.000000,0.000000,0.000000","Drone 1: 0 158 0 106 43 52 0 55 182 0 34 50 0 126 160 0 199 192 177 0 65 8 0 18 0 56 4 0 176 0 165 30 0 97 0 |Drone Time: 13924.800602|13924.800602,0.000000,0.000000,0.000000
Drone 2: 0 70 105 0 104 54 0 136 33 0 62 120 96 38 0 14 114 0 151 44 191 0 181 71 0 47 117 0 173 187 0 92 0 163 0 183 149 0 |Drone Time: 13917.150447|13917.150447,0.000000,0.000000,0.000000
Drone 3: 0 78 101 0 103 74 0 73 12 129 0 84 16 0 146 0 98 0 116 0 68 139 0 93 0 144 23 27 0 82 64 0 179 25 0 60 0 85 0 |Drone Time: 14002.624051|14002.624051,0.000000,0.000000,0.000000
Drone 4: 0 127 0 170 0 131 91 0 186 0 99 195 10 0 36 0 119 86 171 0 159 196 0 162 28 0 130 155 59 190 0 166 111 198 0 21 112 0 20 137 0 |Drone Time: 13982.694324|13982.694324,0.000000,0.000000,0.000000
Drone 5: 0 57 0 164 150 90 0 140 172 75 0 113 15 153 108 0 37 178 0 157 189 0 175 135 0 109 80 0 121 0 61 77 0 110 0 |Drone Time: 14014.076491|14014.076491,0.000000,0.000000,0.000000",14071.940418,0.0,0.0,0.0,"Truck Routes:
Truck 1: 0 46 0 6 0 87 41 26 0 13 58 197 147 145 51 0 |Truck Time: 14042.479252|14042.479252,0.000000,0.000000,0.000000
Truck 2: 0 133 142 76 24 0 19 100 107 102 0 94 141 194 88 128 95 66 0 |Truck Time: 14071.940418|14071.940418,0.000000,0.000000,0.000000
Truck 3: 0 79 81 169 7 9 138 0 123 3 125 31 49 174 193 0 45 122 118 48 0 124 63 156 180 0 185 35 152 0 |Truck Time: 13772.288037|13772.288037,0.000000,0.000000,0.000000
Truck 4: 0 72 17 69 29 0 161 42 0 188 89 167 83 11 0 1 148 143 168 5 67 0 |Truck Time: 14017.307280|14017.307280,0.000000,0.000000,0.000000
Truck 5: 0 39 32 0 154 22 0 2 200 53 115 0 40 184 134 0 132 0 |Truck Time: 14015.551528|14015.551528,0.000000,0.000000,0.000000
Drone Routes:
Drone 1: 0 158 0 106 43 52 0 55 182 0 34 50 0 126 160 0 199 192 177 0 65 8 0 18 0 56 4 0 176 0 165 30 0 97 0 |Drone Time: 13924.800602|13924.800602,0.000000,0.000000,0.000000
Drone 2: 0 70 105 0 104 54 0 136 33 0 62 120 96 38 0 14 114 0 151 44 191 0 181 71 0 47 117 0 173 187 0 92 0 163 0 183 149 0 |Drone Time: 13917.150447|13917.150447,0.000000,0.000000,0.000000
Drone 3: 0 78 101 0 103 74 0 73 12 129 0 84 16 0 146 0 98 0 116 0 68 139 0 93 0 144 23 27 0 82 64 0 179 25 0 60 0 85 0 |Drone Time: 14002.624051|14002.624051,0.000000,0.000000,0.000000
Drone 4: 0 127 0 170 0 131 91 0 186 0 99 195 10 0 36 0 119 86 171 0 159 196 0 162 28 0 130 155 59 190 0 166 111 198 0 21 112 0 20 137 0 |Drone Time: 13982.694324|13982.694324,0.000000,0.000000,0.000000
Drone 5: 0 57 0 164 150 90 0 140 172 75 0 113 15 153 108 0 37 178 0 157 189 0 175 135 0 109 80 0 121 0 61 77 0 110 0 |Drone Time: 14014.076491|14014.076491,0.000000,0.000000,0.000000
Total validation: Makespan=14071.940418, Deadline violation=0.000000, Energy violation=0.000000, Capacity violation=0.000000"
200.20.1,200,5,random,,,,,,46,0,19368.725998,13627.508863,13627.508863,13627.508863,1536.173366,FEASIBLE,"Truck 1: 0 60 21 165 187 0 133 127 87 0 29 167 181 89 173 0 49 31 0 |Truck Time: 13440.621233|13440.621233,0.000000,0.000000,0.000000
Truck 2: 0 152 166 41 103 90 150 0 48 0 161 192 148 107 0 119 94 141 131 95 0 |Truck Time: 13607.220527|13607.220527,0.000000,0.000000,0.000000
Truck 3: 0 126 52 121 176 154 0 183 142 0 135 61 108 124 53 3 2 51 146 0 |Truck Time: 13627.508863|13627.508863,0.000000,0.000000,0.000000
Truck 4: 0 178 92 115 0 132 0 22 65 0 11 83 72 17 0 19 179 46 100 0 |Truck Time: 13599.904203|13599.904203,0.000000,0.000000,0.000000
Truck 5: 0 10 128 7 169 0 28 163 118 35 0 40 36 193 0 67 5 58 197 147 157 145 0 |Truck Time: 13590.444252|13590.444252,0.000000,0.000000,0.000000","Drone 1: 0 196 88 91 0 155 117 143 177 0 186 0 76 55 54 0 185 112 57 0 162 14 0 168 1 0 56 105 0 99 0 139 0 194 106 195 0 |Drone Time: 13616.892055|13616.892055,0.000000,0.000000,0.000000
Drone 2: 0 159 160 0 62 96 38 0 184 0 109 140 50 0 59 200 0 110 134 0 111 104 0 71 0 34 30 0 69 25 0 42 0 13 75 0 |Drone Time: 13596.367033|13596.367033,0.000000,0.000000,0.000000
Drone 3: 0 158 0 70 0 80 0 64 113 0 151 44 0 190 175 125 0 18 129 0 84 16 0 79 43 0 63 153 171 0 97 12 0 26 0 |Drone Time: 13627.336356|13627.336356,0.000000,0.000000,0.000000
Drone 4: 0 20 0 68 98 191 0 170 136 4 0 39 0 116 27 144 0 77 15 86 0 93 0 138 32 82 0 85 102 0 9 66 0 101 0 81 78 0 |Drone Time: 13573.257607|13573.257607,0.000000,0.000000,0.000000
Drone 5: 0 33 0 164 74 8 0 114 198 149 0 182 120 0 123 189 37 0 45 24 0 199 172 0 174 73 0 180 156 0 47 130 0 122 23 0 137 188 0 6 0 |Drone Time: 13605.842898|13605.842898,0.000000,0.000000,0.000000",13627.508863,0.0,0.0,0.0,"Truck Routes:
Truck 1: 0 60 21 165 187 0 133 127 87 0 29 167 181 89 173 0 49 31 0 |Truck Time: 13440.621233|13440.621233,0.000000,0.000000,0.000000
Truck 2: 0 152 166 41 103 90 150 0 48 0 161 192 148 107 0 119 94 141 131 95 0 |Truck Time: 13607.220527|13607.220527,0.000000,0.000000,0.000000
Truck 3: 0 126 52 121 176 154 0 183 142 0 135 61 108 124 53 3 2 51 146 0 |Truck Time: 13627.508863|13627.508863,0.000000,0.000000,0.000000
Truck 4: 0 178 92 115 0 132 0 22 65 0 11 83 72 17 0 19 179 46 100 0 |Truck Time: 13599.904203|13599.904203,0.000000,0.000000,0.000000
Truck 5: 0 10 128 7 169 0 28 163 118 35 0 40 36 193 0 67 5 58 197 147 157 145 0 |Truck Time: 13590.444252|13590.444252,0.000000,0.000000,0.000000
Drone Routes:
Drone 1: 0 196 88 91 0 155 117 143 177 0 186 0 76 55 54 0 185 112 57 0 162 14 0 168 1 0 56 105 0 99 0 139 0 194 106 195 0 |Drone Time: 13616.892055|13616.892055,0.000000,0.000000,0.000000
Drone 2: 0 159 160 0 62 96 38 0 184 0 109 140 50 0 59 200 0 110 134 0 111 104 0 71 0 34 30 0 69 25 0 42 0 13 75 0 |Drone Time: 13596.367033|13596.367033,0.000000,0.000000,0.000000
Drone 3: 0 158 0 70 0 80 0 64 113 0 151 44 0 190 175 125 0 18 129 0 84 16 0 79 43 0 63 153 171 0 97 12 0 26 0 |Drone Time: 13627.336356|13627.336356,0.000000,0.000000,0.000000
Drone 4: 0 20 0 68 98 191 0 170 136 4 0 39 0 116 27 144 0 77 15 86 0 93 0 138 32 82 0 85 102 0 9 66 0 101 0 81 78 0 |Drone Time: 13573.257607|13573.257607,0.000000,0.000000,0.000000
Drone 5: 0 33 0 164 74 8 0 114 198 149 0 182 120 0 123 189 37 0 45 24 0 199 172 0 174 73 0 180 156 0 47 130 0 122 23 0 137 188 0 6 0 |Drone Time: 13605.842898|13605.842898,0.000000,0.000000,0.000000
Total validation: Makespan=13627.508863, Deadline violation=0.000000, Energy violation=0.000000, Capacity violation=0.000000"
200.20.2,200,1,cyclic,,,,,,42,0,17908.178272,13161.10443,13161.10443,13161.10443,1686.320887,FEASIBLE,"Truck 1: 0 157 76 151 0 31 64 41 0 39 18 127 16 0 180 187 104 17 33 143 121 0 |Truck Time: 13143.538329|13143.538329,0.000000,0.000000,0.000000
Truck 2: 0 131 55 74 125 147 0 200 145 79 113 20 153 0 178 111 126 142 0 |Truck Time: 13143.998370|13143.998370,0.000000,0.000000,0.000000
Truck 3: 0 72 48 10 99 0 80 81 0 168 123 120 34 50 0 160 119 140 0 |Truck Time: 13161.104430|13161.104430,0.000000,0.000000,0.000000
Truck 4: 0 148 154 5 83 175 199 0 43 8 112 146 0 122 21 102 156 166 0 |Truck Time: 13093.814245|13093.814245,0.000000,0.000000,0.000000
Truck 5: 0 191 59 165 47 0 172 36 52 0 68 144 84 194 26 0 179 35 181 93 13 185 0 |Truck Time: 13079.696571|13079.696571,0.000000,0.000000,0.000000","Drone 1: 0 184 0 73 0 101 158 0 6 0 100 86 0 132 61 0 155 170 0 159 139 0 169 2 0 192 0 114 195 0 97 0 110 11 0 |Drone Time: 12948.090205|12948.090205,0.000000,0.000000,0.000000
Drone 2: 0 118 198 0 167 65 95 0 28 9 0 137 0 128 106 0 174 96 0 78 88 0 54 0 163 94 186 0 40 12 0 25 0 70 37 19 0 |Drone Time: 13041.947241|13041.947241,0.000000,0.000000,0.000000
Drone 3: 0 164 0 90 189 0 103 173 0 15 0 152 138 24 0 130 116 0 57 0 63 171 0 124 177 150 0 91 0 149 0 135 29 0 53 193 0 |Drone Time: 13048.548224|13048.548224,0.000000,0.000000,0.000000
Drone 4: 0 30 23 129 0 182 0 45 56 0 58 133 71 0 75 108 42 0 107 0 27 89 0 117 196 0 105 136 4 0 183 0 77 0 |Drone Time: 13094.559597|13094.559597,0.000000,0.000000,0.000000
Drone 5: 0 115 85 0 32 44 190 0 7 14 0 60 92 1 46 0 141 82 0 87 38 0 51 22 66 188 161 0 49 162 62 0 3 134 67 0 197 176 109 0 98 69 0 |Drone Time: 13159.376975|13159.376975,0.000000,0.000000,0.000000",13161.10443,0.0,0.0,0.0,"Truck Routes:
Truck 1: 0 157 76 151 0 31 64 41 0 39 18 127 16 0 180 187 104 17 33 143 121 0 |Truck Time: 13143.538329|13143.538329,0.000000,0.000000,0.000000
Truck 2: 0 131 55 74 125 147 0 200 145 79 113 20 153 0 178 111 126 142 0 |Truck Time: 13143.998370|13143.998370,0.000000,0.000000,0.000000
Truck 3: 0 72 48 10 99 0 80 81 0 168 123 120 34 50 0 160 119 140 0 |Truck Time: 13161.104430|13161.104430,0.000000,0.000000,0.000000
Truck 4: 0 148 154 5 83 175 199 0 43 8 112 146 0 122 21 102 156 166 0 |Truck Time: 13093.814245|13093.814245,0.000000,0.000000,0.000000
Truck 5: 0 191 59 165 47 0 172 36 52 0 68 144 84 194 26 0 179 35 181 93 13 185 0 |Truck Time: 13079.696571|13079.696571,0.000000,0.000000,0.000000
Drone Routes:
Drone 1: 0 184 0 73 0 101 158 0 6 0 100 86 0 132 61 0 155 170 0 159 139 0 169 2 0 192 0 114 195 0 97 0 110 11 0 |Drone Time: 12948.090205|12948.090205,0.000000,0.000000,0.000000
Drone 2: 0 118 198 0 167 65 95 0 28 9 0 137 0 128 106 0 174 96 0 78 88 0 54 0 163 94 186 0 40 12 0 25 0 70 37 19 0 |Drone Time: 13041.947241|13041.947241,0.000000,0.000000,0.000000
Drone 3: 0 164 0 90 189 0 103 173 0 15 0 152 138 24 0 130 116 0 57 0 63 171 0 124 177 150 0 91 0 149 0 135 29 0 53 193 0 |Drone Time: 13048.548224|13048.548224,0.000000,0.000000,0.000000
Drone 4: 0 30 23 129 0 182 0 45 56 0 58 133 71 0 75 108 42 0 107 0 27 89 0 117 196 0 105 136 4 0 183 0 77 0 |Drone Time: 13094.559597|13094.559597,0.000000,0.000000,0.000000
Drone 5: 0 115 85 0 32 44 190 0 7 14 0 60 92 1 46 0 141 82 0 87 38 0 51 22 66 188 161 0 49 162 62 0 3 134 67 0 197 176 109 0 98 69 0 |Drone Time: 13159.376975|13159.376975,0.000000,0.000000,0.000000
Total validation: Makespan=13161.104430, Deadline violation=0.000000, Energy violation=0.000000, Capacity violation=0.000000"
200.20.2,200,2,cyclic,,,,,,43,0,19081.935398,15954.123038,15954.123038,15954.123038,806.473376,FEASIBLE,"Truck 1: 0 31 164 0 26 0 167 34 0 187 0 |Truck Time: 15118.610628|15118.610628,0.000000,0.000000,0.000000
Truck 2: 0 114 48 10 52 0 49 2 0 113 121 0 71 180 104 149 22 0 |Truck Time: 15931.997545|15931.997545,0.000000,0.000000,0.000000
Truck 3: 0 15 25 75 146 0 178 78 126 76 0 148 5 100 83 117 157 0 74 79 145 0 1 0 |Truck Time: 15950.406605|15950.406605,0.000000,0.000000,0.000000
Truck 4: 0 132 0 51 39 165 153 72 0 159 27 59 0 191 125 0 122 156 21 102 115 4 0 |Truck Time: 15954.123038|15954.123038,0.000000,0.000000,0.000000
Truck 5: 0 81 80 0 151 35 179 137 0 11 147 0 192 120 50 141 0 8 68 144 84 135 194 0 |Truck Time: 15764.273222|15764.273222,0.000000,0.000000,0.000000","Drone 1: 0 62 193 0 13 47 142 190 177 0 168 86 0 33 143 69 0 175 127 166 0 41 38 0 17 0 101 158 0 160 0 97 0 130 9 0 182 0 196 0 6 0 |Drone Time: 15882.352040|15882.352040,0.000000,0.000000,0.000000
Drone 2: 0 170 155 0 44 150 36 0 189 95 0 163 138 0 176 197 0 154 188 87 0 96 108 0 161 199 18 0 54 0 119 0 174 128 0 112 0 185 0 |Drone Time: 15739.080455|15739.080455,0.000000,0.000000,0.000000
Drone 3: 0 3 0 73 136 0 67 134 53 46 37 0 140 169 109 61 0 55 195 0 200 7 0 98 0 70 0 131 58 0 162 173 105 0 40 93 0 30 28 0 77 0 |Drone Time: 15792.067871|15792.067871,0.000000,0.000000,0.000000
Drone 4: 0 45 85 56 0 43 88 0 82 65 0 64 24 0 172 63 0 16 66 42 0 111 123 0 32 89 0 20 0 183 0 124 12 0 184 181 0 |Drone Time: 15670.718925|15670.718925,0.000000,0.000000,0.000000
Drone 5: 0 94 129 186 19 92 0 116 14 0 198 118 0 90 23 0 103 0 29 106 0 91 133 0 139 152 0 110 60 0 171 0 57 0 99 0 107 0 |Drone Time: 15915.596311|15915.596311,0.000000,0.000000,0.000000",15954.123038,0.0,0.0,0.0,"Truck Routes:
Truck 1: 0 31 164 0 26 0 167 34 0 187 0 |Truck Time: 15118.610628|15118.610628,0.000000,0.000000,0.000000
Truck 2: 0 114 48 10 52 0 49 2 0 113 121 0 71 180 104 149 22 0 |Truck Time: 15931.997545|15931.997545,0.000000,0.000000,0.000000
Truck 3: 0 15 25 75 146 0 178 78 126 76 0 148 5 100 83 117 157 0 74 79 145 0 1 0 |Truck Time: 15950.406605|15950.406605,0.000000,0.000000,0.000000
Truck 4: 0 132 0 51 39 165 153 72 0 159 27 59 0 191 125 0 122 156 21 102 115 4 0 |Truck Time: 15954.123038|15954.123038,0.000000,0.000000,0.000000
Truck 5: 0 81 80 0 151 35 179 137 0 11 147 0 192 120 50 141 0 8 68 144 84 135 194 0 |Truck Time: 15764.273222|15764.273222,0.000000,0.000000,0.000000
Drone Routes:
Drone 1: 0 62 193 0 13 47 142 190 177 0 168 86 0 33 143 69 0 175 127 166 0 41 38 0 17 0 101 158 0 160 0 97 0 130 9 0 182 0 196 0 6 0 |Drone Time: 15882.352040|15882.352040,0.000000,0.000000,0.000000
Drone 2: 0 170 155 0 44 150 36 0 189 95 0 163 138 0 176 197 0 154 188 87 0 96 108 0 161 199 18 0 54 0 119 0 174 128 0 112 0 185 0 |Drone Time: 15739.080455|15739.080455,0.000000,0.000000,0.000000
Drone 3: 0 3 0 73 136 0 67 134 53 46 37 0 140 169 109 61 0 55 195 0 200 7 0 98 0 70 0 131 58 0 162 173 105 0 40 93 0 30 28 0 77 0 |Drone Time: 15792.067871|15792.067871,0.000000,0.000000,0.000000
Drone 4: 0 45 85 56 0 43 88 0 82 65 0 64 24 0 172 63 0 16 66 42 0 111 123 0 32 89 0 20 0 183 0 124 12 0 184 181 0 |Drone Time: 15670.718925|15670.718925,0.000000,0.000000,0.000000
Drone 5: 0 94 129 186 19 92 0 116 14 0 198 118 0 90 23 0 103 0 29 106 0 91 133 0 139 152 0 110 60 0 171 0 57 0 99 0 107 0 |Drone Time: 15915.596311|15915.596311,0.000000,0.000000,0.000000
Total validation: Makespan=15954.123038, Deadline violation=0.000000, Energy violation=0.000000, Capacity violation=0.000000"
200.20.2,200,3,cyclic,,,,,,44,0,18361.326408,13566.505173,13566.505173,13566.505173,1761.913621,FEASIBLE,"Truck 1: 0 192 44 0 55 0 3 41 77 149 0 122 166 57 154 175 199 93 22 0 |Truck Time: 13446.395039|13446.395039,0.000000,0.000000,0.000000
Truck 2: 0 164 62 31 49 0 191 139 0 52 153 0 71 180 187 104 197 176 11 0 |Truck Time: 13475.098813|13475.098813,0.000000,0.000000,0.000000
Truck 3: 0 172 2 67 147 81 0 72 193 0 100 5 83 148 0 8 68 144 84 29 195 146 0 |Truck Time: 13560.749065|13560.749065,0.000000,0.000000,0.000000
Truck 4: 0 185 161 13 0 109 107 36 46 0 120 34 50 0 130 155 79 145 138 163 0 |Truck Time: 13566.505173|13566.505173,0.000000,0.000000,0.000000
Truck 5: 0 15 35 87 25 179 151 0 182 125 74 0 53 134 99 132 91 0 51 126 111 178 39 0 |Truck Time: 13519.042001|13519.042001,0.000000,0.000000,0.000000","Drone 1: 0 98 152 37 0 92 60 65 7 116 0 94 59 0 80 0 4 198 102 0 48 33 0 18 73 0 6 63 0 86 0 32 190 142 0 28 1 0 61 143 0 |Drone Time: 13565.029775|13565.029775,0.000000,0.000000,0.000000
Drone 2: 0 78 0 23 170 69 0 90 95 0 159 14 186 0 177 45 118 0 58 194 38 108 0 110 0 70 0 171 0 165 0 113 0 200 0 196 137 0 |Drone Time: 13554.257283|13554.257283,0.000000,0.000000,0.000000
Drone 3: 0 105 0 30 129 167 0 47 97 0 20 19 0 150 127 16 88 188 0 27 0 17 0 124 123 0 162 160 0 101 158 0 40 12 0 64 0 |Drone Time: 13513.064193|13513.064193,0.000000,0.000000,0.000000
Drone 4: 0 75 0 42 173 0 89 9 141 0 66 85 56 0 103 106 0 21 0 189 168 0 117 0 140 0 114 26 0 174 96 0 184 181 0 157 76 0 |Drone Time: 13513.496086|13513.496086,0.000000,0.000000,0.000000
Drone 5: 0 10 24 0 136 156 0 82 0 128 135 133 0 115 0 169 119 0 54 0 121 0 183 0 112 0 43 0 131 0 |Drone Time: 13501.064423|13501.064423,0.000000,0.000000,0.000000",13566.505173,0.0,0.0,0.0,"Truck Routes:
Truck 1: 0 192 44 0 55 0 3 41 77 149 0 122 166 57 154 175 199 93 22 0 |Truck Time: 13446.395039|13446.395039,0.000000,0.000000,0.000000
Truck 2: 0 164 62 31 49 0 191 139 0 52 153 0 71 180 187 104 197 176 11 0 |Truck Time: 13475.098813|13475.098813,0.000000,0.000000,0.000000
Truck 3: 0 172 2 67 147 81 0 72 193 0 100 5 83 148 0 8 68 144 84 29 195 146 0 |Truck Time: 13560.749065|13560.749065,0.000000,0.000000,0.000000
Truck 4: 0 185 161 13 0 109 107 36 46 0 120 34 50 0 130 155 79 145 138 163 0 |Truck Time: 13566.505173|13566.505173,0.000000,0.000000,0.000000
Truck 5: 0 15 35 87 25 179 151 0 182 125 74 0 53 134 99 132 91 0 51 126 111 178 39 0 |Truck Time: 13519.042001|13519.042001,0.000000,0.000000,0.000000
Drone Routes:
Drone 1: 0 98 152 37 0 92 60 65 7 116 0 94 59 0 80 0 4 198 102 0 48 33 0 18 73 0 6 63 0 86 0 32 190 142 0 28 1 0 61 143 0 |Drone Time: 13565.029775|13565.029775,0.000000,0.000000,0.000000
Drone 2: 0 78 0 23 170 69 0 90 95 0 159 14 186 0 177 45 118 0 58 194 38 108 0 110 0 70 0 171 0 165 0 113 0 200 0 196 137 0 |Drone Time: 13554.257283|13554.257283,0.000000,0.000000,0.000000
Drone 3: 0 105 0 30 129 167 0 47 97 0 20 19 0 150 127 16 88 188 0 27 0 17 0 124 123 0 162 160 0 101 158 0 40 12 0 64 0 |Drone Time: 13513.064193|13513.064193,0.000000,0.000000,0.000000
Drone 4: 0 75 0 42 173 0 89 9 141 0 66 85 56 0 103 106 0 21 0 189 168 0 117 0 140 0 114 26 0 174 96 0 184 181 0 157 76 0 |Drone Time: 13513.496086|13513.496086,0.000000,0.000000,0.000000
Drone 5: 0 10 24 0 136 156 0 82 0 128 135 133 0 115 0 169 119 0 54 0 121 0 183 0 112 0 43 0 131 0 |Drone Time: 13501.064423|13501.064423,0.000000,0.000000,0.000000
Total validation: Makespan=13566.505173, Deadline violation=0.000000, Energy violation=0.000000, Capacity violation=0.000000"
200.20.2,200,4,cyclic,,,,,,45,0,18521.912597,12746.076503,12746.076503,12746.076503,1283.811673,FEASIBLE,"Truck 1: 0 43 83 0 170 155 79 145 0 120 89 9 34 50 0 |Truck Time: 12735.997484|12735.997484,0.000000,0.000000,0.000000
Truck 2: 0 179 25 87 0 185 13 181 157 0 131 164 112 38 29 194 0 80 74 132 134 52 31 0 |Truck Time: 12743.586348|12743.586348,0.000000,0.000000,0.000000
Truck 3: 0 64 149 77 172 0 59 0 126 12 124 40 192 0 188 97 111 78 47 76 0 |Truck Time: 12557.649678|12557.649678,0.000000,0.000000,0.000000
Truck 4: 0 15 117 151 0 53 2 147 0 182 143 121 0 180 187 104 176 17 10 36 0 |Truck Time: 12746.076503|12746.076503,0.000000,0.000000,0.000000
Truck 5: 0 84 68 144 91 0 146 96 174 101 41 3 0 166 156 21 118 122 127 39 0 |Truck Time: 12565.637848|12565.637848,0.000000,0.000000,0.000000","Drone 1: 0 137 0 150 88 178 0 60 130 0 48 33 0 8 58 26 0 19 20 37 0 196 100 86 18 0 160 0 183 0 191 44 0 148 0 81 0 110 163 0 |Drone Time: 12728.745835|12728.745835,0.000000,0.000000,0.000000
Drone 2: 0 109 70 0 106 173 103 0 45 136 115 0 73 16 0 123 168 0 6 0 72 0 119 0 114 162 0 56 51 0 142 165 0 193 0 |Drone Time: 12601.357936|12601.357936,0.000000,0.000000,0.000000
Drone 3: 0 154 175 199 0 90 189 0 93 66 0 61 92 138 0 42 108 133 0 128 135 0 82 141 0 152 69 23 129 0 153 62 0 57 0 22 139 0 |Drone Time: 12648.191869|12648.191869,0.000000,0.000000,0.000000
Drone 4: 0 46 99 0 35 63 0 11 197 24 0 32 190 0 30 7 14 0 195 55 75 0 67 140 169 0 95 65 167 0 161 0 107 0 113 0 159 28 0 |Drone Time: 12721.263864|12721.263864,0.000000,0.000000,0.000000
Drone 5: 0 186 1 94 0 85 54 0 71 158 0 98 116 0 4 198 102 0 49 0 105 0 27 177 0 171 0 184 0 5 0 200 0 125 0 |Drone Time: 12685.855273|12685.855273,0.000000,0.000000,0.000000",12746.076503,0.0,0.0,0.0,"Truck Routes:
Truck 1: 0 43 83 0 170 155 79 145 0 120 89 9 34 50 0 |Truck Time: 12735.997484|12735.997484,0.000000,0.000000,0.000000
Truck 2: 0 179 25 87 0 185 13 181 157 0 131 164 112 38 29 194 0 80 74 132 134 52 31 0 |Truck Time: 12743.586348|12743.586348,0.000000,0.000000,0.000000
Truck 3: 0 64 149 77 172 0 59 0 126 12 124 40 192 0 188 97 111 78 47 76 0 |Truck Time: 12557.649678|12557.649678,0.000000,0.000000,0.000000
Truck 4: 0 15 117 151 0 53 2 147 0 182 143 121 0 180 187 104 176 17 10 36 0 |Truck Time: 12746.076503|12746.076503,0.000000,0.000000,0.000000
Truck 5: 0 84 68 144 91 0 146 96 174 101 41 3 0 166 156 21 118 122 127 39 0 |Truck Time: 12565.637848|12565.637848,0.000000,0.000000,0.000000
Drone Routes:
Drone 1: 0 137 0 150 88 178 0 60 130 0 48 33 0 8 58 26 0 19 20 37 0 196 100 86 18 0 160 0 183 0 191 44 0 148 0 81 0 110 163 0 |Drone Time: 12728.745835|12728.745835,0.000000,0.000000,0.000000
Drone 2: 0 109 70 0 106 173 103 0 45 136 115 0 73 16 0 123 168 0 6 0 72 0 119 0 114 162 0 56 51 0 142 165 0 193 0 |Drone Time: 12601.357936|12601.357936,0.000000,0.000000,0.000000
Drone 3: 0 154 175 199 0 90 189 0 93 66 0 61 92 138 0 42 108 133 0 128 135 0 82 141 0 152 69 23 129 0 153 62 0 57 0 22 139 0 |Drone Time: 12648.191869|12648.191869,0.000000,0.000000,0.000000
Drone 4: 0 46 99 0 35 63 0 11 197 24 0 32 190 0 30 7 14 0 195 55 75 0 67 140 169 0 95 65 167 0 161 0 107 0 113 0 159 28 0 |Drone Time: 12721.263864|12721.263864,0.000000,0.000000,0.000000
Drone 5: 0 186 1 94 0 85 54 0 71 158 0 98 116 0 4 198 102 0 49 0 105 0 27 177 0 171 0 184 0 5 0 200 0 125 0 |Drone Time: 12685.855273|12685.855273,0.000000,0.000000,0.000000
Total validation: Makespan=12746.076503, Deadline violation=0.000000, Energy violation=0.000000, Capacity violation=0.000000"
200.30.1,200,1,adaptive,g1,0.3,0.2,0.1,0.3,42,0,29280.795634,20998.829495,20998.829495,20998.829495,1651.937119,FEASIBLE,"Truck 1: 0 191 0 14 195 97 0 119 38 94 12 144 0 186 23 137 85 0 |Truck Time: 18487.197326|18487.197326,0.000000,0.000000,0.000000
Truck 2: 0 67 0 113 0 1 54 77 183 0 65 4 0 140 32 21 0 152 42 157 180 59 0 |Truck Time: 20981.201736|20981.201736,0.000000,0.000000,0.000000
Truck 3: 0 181 197 198 106 0 134 29 154 194 46 7 0 33 28 128 98 0 173 18 168 15 0 69 175 120 150 0 |Truck Time: 20945.204630|20945.204630,0.000000,0.000000,0.000000
Truck 4: 0 26 146 0 132 82 0 64 100 16 0 147 165 162 185 170 0 124 0 161 130 49 0 |Truck Time: 20998.795777|20998.795777,0.000000,0.000000,0.000000
Truck 5: 0 90 0 10 52 68 0 189 143 178 71 0 6 141 174 0 |Truck Time: 20998.829495|20998.829495,0.000000,0.000000,0.000000","Drone 1: 0 19 0 78 0 123 0 193 20 0 74 0 160 196 0 177 63 0 70 133 0 190 95 139 0 9 56 0 55 0 153 0 108 79 0 |Drone Time: 20971.335929|20971.335929,0.000000,0.000000,0.000000
Drone 2: 0 36 57 138 0 112 0 148 93 83 0 172 30 121 31 0 135 0 125 176 0 117 41 0 72 145 129 0 111 45 0 192 167 0 61 0 99 151 0 115 0 |Drone Time: 20954.990579|20954.990579,0.000000,0.000000,0.000000
Drone 3: 0 116 0 101 58 0 171 66 0 166 24 102 0 3 0 27 131 0 164 44 0 60 5 0 158 17 0 39 47 0 91 199 0 142 118 0 169 159 0 |Drone Time: 20994.710961|20994.710961,0.000000,0.000000,0.000000
Drone 4: 0 96 0 48 0 53 0 156 13 0 40 89 0 182 51 0 76 2 0 187 0 37 0 88 81 0 188 109 0 84 126 0 |Drone Time: 20980.428872|20980.428872,0.000000,0.000000,0.000000
Drone 5: 0 200 136 87 0 80 0 62 25 0 104 34 110 0 105 11 0 50 22 163 0 92 0 35 73 75 107 0 103 122 179 0 127 0 114 8 0 149 86 43 0 184 155 0 |Drone Time: 20922.255972|20922.255972,0.000000,0.000000,0.000000",20998.829495,0.0,0.0,0.0,"Truck Routes:
Truck 1: 0 191 0 14 195 97 0 119 38 94 12 144 0 186 23 137 85 0 |Truck Time: 18487.197326|18487.197326,0.000000,0.000000,0.000000
Truck 2: 0 67 0 113 0 1 54 77 183 0 65 4 0 140 32 21 0 152 42 157 180 59 0 |Truck Time: 20981.201736|20981.201736,0.000000,0.000000,0.000000
Truck 3: 0 181 197 198 106 0 134 29 154 194 46 7 0 33 28 128 98 0 173 18 168 15 0 69 175 120 150 0 |Truck Time: 20945.204630|20945.204630,0.000000,0.000000,0.000000
Truck 4: 0 26 146 0 132 82 0 64 100 16 0 147 165 162 185 170 0 124 0 161 130 49 0 |Truck Time: 20998.795777|20998.795777,0.000000,0.000000,0.000000
Truck 5: 0 90 0 10 52 68 0 189 143 178 71 0 6 141 174 0 |Truck Time: 20998.829495|20998.829495,0.000000,0.000000,0.000000
Drone Routes:
Drone 1: 0 19 0 78 0 123 0 193 20 0 74 0 160 196 0 177 63 0 70 133 0 190 95 139 0 9 56 0 55 0 153 0 108 79 0 |Drone Time: 20971.335929|20971.335929,0.000000,0.000000,0.000000
Drone 2: 0 36 57 138 0 112 0 148 93 83 0 172 30 121 31 0 135 0 125 176 0 117 41 0 72 145 129 0 111 45 0 192 167 0 61 0 99 151 0 115 0 |Drone Time: 20954.990579|20954.990579,0.000000,0.000000,0.000000
Drone 3: 0 116 0 101 58 0 171 66 0 166 24 102 0 3 0 27 131 0 164 44 0 60 5 0 158 17 0 39 47 0 91 199 0 142 118 0 169 159 0 |Drone Time: 20994.710961|20994.710961,0.000000,0.000000,0.000000
Drone 4: 0 96 0 48 0 53 0 156 13 0 40 89 0 182 51 0 76 2 0 187 0 37 0 88 81 0 188 109 0 84 126 0 |Drone Time: 20980.428872|20980.428872,0.000000,0.000000,0.000000
Drone 5: 0 200 136 87 0 80 0 62 25 0 104 34 110 0 105 11 0 50 22 163 0 92 0 35 73 75 107 0 103 122 179 0 127 0 114 8 0 149 86 43 0 184 155 0 |Drone Time: 20922.255972|20922.255972,0.000000,0.000000,0.000000
Total validation: Makespan=20998.829495, Deadline violation=0.000000, Energy violation=0.000000, Capacity violation=0.000000"
200.30.1,200,1,adaptive,g2,0.5,0.3,0.1,0.3,42,0,29280.795634,20998.829495,20998.829495,20998.829495,1661.450411,FEASIBLE,"Truck 1: 0 191 0 14 195 97 0 119 38 94 12 144 0 186 23 137 85 0 |Truck Time: 18487.197326|18487.197326,0.000000,0.000000,0.000000
Truck 2: 0 67 0 113 0 1 54 77 183 0 65 4 0 140 32 21 0 152 42 157 180 59 0 |Truck Time: 20981.201736|20981.201736,0.000000,0.000000,0.000000
Truck 3: 0 181 197 198 106 0 134 29 154 194 46 7 0 33 28 128 98 0 173 18 168 15 0 69 175 120 150 0 |Truck Time: 20945.204630|20945.204630,0.000000,0.000000,0.000000
Truck 4: 0 26 146 0 132 82 0 64 100 16 0 147 165 162 185 170 0 124 0 161 130 49 0 |Truck Time: 20998.795777|20998.795777,0.000000,0.000000,0.000000
Truck 5: 0 90 0 10 52 68 0 189 143 178 71 0 6 141 174 0 |Truck Time: 20998.829495|20998.829495,0.000000,0.000000,0.000000","Drone 1: 0 19 0 78 0 123 0 193 20 0 74 0 160 196 0 177 63 0 70 133 0 190 95 139 0 9 56 0 55 0 153 0 108 79 0 |Drone Time: 20971.335929|20971.335929,0.000000,0.000000,0.000000
Drone 2: 0 36 57 138 0 112 0 148 93 83 0 172 30 121 31 0 135 0 125 176 0 117 41 0 72 145 129 0 111 45 0 192 167 0 61 0 99 151 0 115 0 |Drone Time: 20954.990579|20954.990579,0.000000,0.000000,0.000000
Drone 3: 0 116 0 101 58 0 171 66 0 166 24 102 0 3 0 27 131 0 164 44 0 60 5 0 158 17 0 39 47 0 91 199 0 142 118 0 169 159 0 |Drone Time: 20994.710961|20994.710961,0.000000,0.000000,0.000000
Drone 4: 0 96 0 48 0 53 0 156 13 0 40 89 0 182 51 0 76 2 0 187 0 37 0 88 81 0 188 109 0 84 126 0 |Drone Time: 20980.428872|20980.428872,0.000000,0.000000,0.000000
Drone 5: 0 200 136 87 0 80 0 62 25 0 104 34 110 0 105 11 0 50 22 163 0 92 0 35 73 75 107 0 103 122 179 0 127 0 114 8 0 149 86 43 0 184 155 0 |Drone Time: 20922.255972|20922.255972,0.000000,0.000000,0.000000",20998.829495,0.0,0.0,0.0,"Truck Routes:
Truck 1: 0 191 0 14 195 97 0 119 38 94 12 144 0 186 23 137 85 0 |Truck Time: 18487.197326|18487.197326,0.000000,0.000000,0.000000
Truck 2: 0 67 0 113 0 1 54 77 183 0 65 4 0 140 32 21 0 152 42 157 180 59 0 |Truck Time: 20981.201736|20981.201736,0.000000,0.000000,0.000000
Truck 3: 0 181 197 198 106 0 134 29 154 194 46 7 0 33 28 128 98 0 173 18 168 15 0 69 175 120 150 0 |Truck Time: 20945.204630|20945.204630,0.000000,0.000000,0.000000
Truck 4: 0 26 146 0 132 82 0 64 100 16 0 147 165 162 185 170 0 124 0 161 130 49 0 |Truck Time: 20998.795777|20998.795777,0.000000,0.000000,0.000000
Truck 5: 0 90 0 10 52 68 0 189 143 178 71 0 6 141 174 0 |Truck Time: 20998.829495|20998.829495,0.000000,0.000000,0.000000
Drone Routes:
Drone 1: 0 19 0 78 0 123 0 193 20 0 74 0 160 196 0 177 63 0 70 133 0 190 95 139 0 9 56 0 55 0 153 0 108 79 0 |Drone Time: 20971.335929|20971.335929,0.000000,0.000000,0.000000
Drone 2: 0 36 57 138 0 112 0 148 93 83 0 172 30 121 31 0 135 0 125 176 0 117 41 0 72 145 129 0 111 45 0 192 167 0 61 0 99 151 0 115 0 |Drone Time: 20954.990579|20954.990579,0.000000,0.000000,0.000000
Drone 3: 0 116 0 101 58 0 171 66 0 166 24 102 0 3 0 27 131 0 164 44 0 60 5 0 158 17 0 39 47 0 91 199 0 142 118 0 169 159 0 |Drone Time: 20994.710961|20994.710961,0.000000,0.000000,0.000000
Drone 4: 0 96 0 48 0 53 0 156 13 0 40 89 0 182 51 0 76 2 0 187 0 37 0 88 81 0 188 109 0 84 126 0 |Drone Time: 20980.428872|20980.428872,0.000000,0.000000,0.000000
Drone 5: 0 200 136 87 0 80 0 62 25 0 104 34 110 0 105 11 0 50 22 163 0 92 0 35 73 75 107 0 103 122 179 0 127 0 114 8 0 149 86 43 0 184 155 0 |Drone Time: 20922.255972|20922.255972,0.000000,0.000000,0.000000
Total validation: Makespan=20998.829495, Deadline violation=0.000000, Energy violation=0.000000, Capacity violation=0.000000"
200.30.1,200,1,adaptive,g3,0.3,0.2,0.1,0.6,42,0,29280.795634,20998.829495,20998.829495,20998.829495,1618.643249,FEASIBLE,"Truck 1: 0 191 0 14 195 97 0 119 38 94 12 144 0 186 23 137 85 0 |Truck Time: 18487.197326|18487.197326,0.000000,0.000000,0.000000
Truck 2: 0 67 0 113 0 1 54 77 183 0 65 4 0 140 32 21 0 152 42 157 180 59 0 |Truck Time: 20981.201736|20981.201736,0.000000,0.000000,0.000000
Truck 3: 0 181 197 198 106 0 134 29 154 194 46 7 0 33 28 128 98 0 173 18 168 15 0 69 175 120 150 0 |Truck Time: 20945.204630|20945.204630,0.000000,0.000000,0.000000
Truck 4: 0 26 146 0 132 82 0 64 100 16 0 147 165 162 185 170 0 124 0 161 130 49 0 |Truck Time: 20998.795777|20998.795777,0.000000,0.000000,0.000000
Truck 5: 0 90 0 10 52 68 0 189 143 178 71 0 6 141 174 0 |Truck Time: 20998.829495|20998.829495,0.000000,0.000000,0.000000","Drone 1: 0 19 0 78 0 123 0 193 20 0 74 0 160 196 0 177 63 0 70 133 0 190 95 139 0 9 56 0 55 0 153 0 108 79 0 |Drone Time: 20971.335929|20971.335929,0.000000,0.000000,0.000000
Drone 2: 0 36 57 138 0 112 0 148 93 83 0 172 30 121 31 0 135 0 125 176 0 117 41 0 72 145 129 0 111 45 0 192 167 0 61 0 99 151 0 115 0 |Drone Time: 20954.990579|20954.990579,0.000000,0.000000,0.000000
Drone 3: 0 116 0 101 58 0 171 66 0 166 24 102 0 3 0 27 131 0 164 44 0 60 5 0 158 17 0 39 47 0 91 199 0 142 118 0 169 159 0 |Drone Time: 20994.710961|20994.710961,0.000000,0.000000,0.000000
Drone 4: 0 96 0 48 0 53 0 156 13 0 40 89 0 182 51 0 76 2 0 187 0 37 0 88 81 0 188 109 0 84 126 0 |Drone Time: 20980.428872|20980.428872,0.000000,0.000000,0.000000
Drone 5: 0 200 136 87 0 80 0 62 25 0 104 34 110 0 105 11 0 50 22 163 0 92 0 35 73 75 107 0 103 122 179 0 127 0 114 8 0 149 86 43 0 184 155 0 |Drone Time: 20922.255972|20922.255972,0.000000,0.000000,0.000000",20998.829495,0.0,0.0,0.0,"Truck Routes:
Truck 1: 0 191 0 14 195 97 0 119 38 94 12 144 0 186 23 137 85 0 |Truck Time: 18487.197326|18487.197326,0.000000,0.000000,0.000000
Truck 2: 0 67 0 113 0 1 54 77 183 0 65 4 0 140 32 21 0 152 42 157 180 59 0 |Truck Time: 20981.201736|20981.201736,0.000000,0.000000,0.000000
Truck 3: 0 181 197 198 106 0 134 29 154 194 46 7 0 33 28 128 98 0 173 18 168 15 0 69 175 120 150 0 |Truck Time: 20945.204630|20945.204630,0.000000,0.000000,0.000000
Truck 4: 0 26 146 0 132 82 0 64 100 16 0 147 165 162 185 170 0 124 0 161 130 49 0 |Truck Time: 20998.795777|20998.795777,0.000000,0.000000,0.000000
Truck 5: 0 90 0 10 52 68 0 189 143 178 71 0 6 141 174 0 |Truck Time: 20998.829495|20998.829495,0.000000,0.000000,0.000000
Drone Routes:
Drone 1: 0 19 0 78 0 123 0 193 20 0 74 0 160 196 0 177 63 0 70 133 0 190 95 139 0 9 56 0 55 0 153 0 108 79 0 |Drone Time: 20971.335929|20971.335929,0.000000,0.000000,0.000000
Drone 2: 0 36 57 138 0 112 0 148 93 83 0 172 30 121 31 0 135 0 125 176 0 117 41 0 72 145 129 0 111 45 0 192 167 0 61 0 99 151 0 115 0 |Drone Time: 20954.990579|20954.990579,0.000000,0.000000,0.000000
Drone 3: 0 116 0 101 58 0 171 66 0 166 24 102 0 3 0 27 131 0 164 44 0 60 5 0 158 17 0 39 47 0 91 199 0 142 118 0 169 159 0 |Drone Time: 20994.710961|20994.710961,0.000000,0.000000,0.000000
Drone 4: 0 96 0 48 0 53 0 156 13 0 40 89 0 182 51 0 76 2 0 187 0 37 0 88 81 0 188 109 0 84 126 0 |Drone Time: 20980.428872|20980.428872,0.000000,0.000000,0.000000
Drone 5: 0 200 136 87 0 80 0 62 25 0 104 34 110 0 105 11 0 50 22 163 0 92 0 35 73 75 107 0 103 122 179 0 127 0 114 8 0 149 86 43 0 184 155 0 |Drone Time: 20922.255972|20922.255972,0.000000,0.000000,0.000000
Total validation: Makespan=20998.829495, Deadline violation=0.000000, Energy violation=0.000000, Capacity violation=0.000000"
200.30.1,200,1,adaptive,g4,0.5,0.3,0.1,0.6,42,0,29280.795634,20998.829495,20998.829495,20998.829495,1638.440274,FEASIBLE,"Truck 1: 0 191 0 14 195 97 0 119 38 94 12 144 0 186 23 137 85 0 |Truck Time: 18487.197326|18487.197326,0.000000,0.000000,0.000000
Truck 2: 0 67 0 113 0 1 54 77 183 0 65 4 0 140 32 21 0 152 42 157 180 59 0 |Truck Time: 20981.201736|20981.201736,0.000000,0.000000,0.000000
Truck 3: 0 181 197 198 106 0 134 29 154 194 46 7 0 33 28 128 98 0 173 18 168 15 0 69 175 120 150 0 |Truck Time: 20945.204630|20945.204630,0.000000,0.000000,0.000000
Truck 4: 0 26 146 0 132 82 0 64 100 16 0 147 165 162 185 170 0 124 0 161 130 49 0 |Truck Time: 20998.795777|20998.795777,0.000000,0.000000,0.000000
Truck 5: 0 90 0 10 52 68 0 189 143 178 71 0 6 141 174 0 |Truck Time: 20998.829495|20998.829495,0.000000,0.000000,0.000000","Drone 1: 0 19 0 78 0 123 0 193 20 0 74 0 160 196 0 177 63 0 70 133 0 190 95 139 0 9 56 0 55 0 153 0 108 79 0 |Drone Time: 20971.335929|20971.335929,0.000000,0.000000,0.000000
Drone 2: 0 36 57 138 0 112 0 148 93 83 0 172 30 121 31 0 135 0 125 176 0 117 41 0 72 145 129 0 111 45 0 192 167 0 61 0 99 151 0 115 0 |Drone Time: 20954.990579|20954.990579,0.000000,0.000000,0.000000
Drone 3: 0 116 0 101 58 0 171 66 0 166 24 102 0 3 0 27 131 0 164 44 0 60 5 0 158 17 0 39 47 0 91 199 0 142 118 0 169 159 0 |Drone Time: 20994.710961|20994.710961,0.000000,0.000000,0.000000
Drone 4: 0 96 0 48 0 53 0 156 13 0 40 89 0 182 51 0 76 2 0 187 0 37 0 88 81 0 188 109 0 84 126 0 |Drone Time: 20980.428872|20980.428872,0.000000,0.000000,0.000000
Drone 5: 0 200 136 87 0 80 0 62 25 0 104 34 110 0 105 11 0 50 22 163 0 92 0 35 73 75 107 0 103 122 179 0 127 0 114 8 0 149 86 43 0 184 155 0 |Drone Time: 20922.255972|20922.255972,0.000000,0.000000,0.000000",20998.829495,0.0,0.0,0.0,"Truck Routes:
Truck 1: 0 191 0 14 195 97 0 119 38 94 12 144 0 186 23 137 85 0 |Truck Time: 18487.197326|18487.197326,0.000000,0.000000,0.000000
Truck 2: 0 67 0 113 0 1 54 77 183 0 65 4 0 140 32 21 0 152 42 157 180 59 0 |Truck Time: 20981.201736|20981.201736,0.000000,0.000000,0.000000
Truck 3: 0 181 197 198 106 0 134 29 154 194 46 7 0 33 28 128 98 0 173 18 168 15 0 69 175 120 150 0 |Truck Time: 20945.204630|20945.204630,0.000000,0.000000,0.000000
Truck 4: 0 26 146 0 132 82 0 64 100 16 0 147 165 162 185 170 0 124 0 161 130 49 0 |Truck Time: 20998.795777|20998.795777,0.000000,0.000000,0.000000
Truck 5: 0 90 0 10 52 68 0 189 143 178 71 0 6 141 174 0 |Truck Time: 20998.829495|20998.829495,0.000000,0.000000,0.000000
Drone Routes:
Drone 1: 0 19 0 78 0 123 0 193 20 0 74 0 160 196 0 177 63 0 70 133 0 190 95 139 0 9 56 0 55 0 153 0 108 79 0 |Drone Time: 20971.335929|20971.335929,0.000000,0.000000,0.000000
Drone 2: 0 36 57 138 0 112 0 148 93 83 0 172 30 121 31 0 135 0 125 176 0 117 41 0 72 145 129 0 111 45 0 192 167 0 61 0 99 151 0 115 0 |Drone Time: 20954.990579|20954.990579,0.000000,0.000000,0.000000
Drone 3: 0 116 0 101 58 0 171 66 0 166 24 102 0 3 0 27 131 0 164 44 0 60 5 0 158 17 0 39 47 0 91 199 0 142 118 0 169 159 0 |Drone Time: 20994.710961|20994.710961,0.000000,0.000000,0.000000
Drone 4: 0 96 0 48 0 53 0 156 13 0 40 89 0 182 51 0 76 2 0 187 0 37 0 88 81 0 188 109 0 84 126 0 |Drone Time: 20980.428872|20980.428872,0.000000,0.000000,0.000000
Drone 5: 0 200 136 87 0 80 0 62 25 0 104 34 110 0 105 11 0 50 22 163 0 92 0 35 73 75 107 0 103 122 179 0 127 0 114 8 0 149 86 43 0 184 155 0 |Drone Time: 20922.255972|20922.255972,0.000000,0.000000,0.000000
Total validation: Makespan=20998.829495, Deadline violation=0.000000, Energy violation=0.000000, Capacity violation=0.000000"
200.30.1,200,2,adaptive,g1,0.3,0.2,0.1,0.3,43,0,31706.154911,25943.568864,25943.568864,25943.568864,921.280094,FEASIBLE,"Truck 1: 0 16 194 128 90 0 161 130 0 78 0 195 87 0 |Truck Time: 20570.500274|20570.500274,0.000000,0.000000,0.000000
Truck 2: 0 147 165 0 145 28 33 0 67 127 0 15 173 0 38 0 175 0 |Truck Time: 25853.571029|25853.571029,0.000000,0.000000,0.000000
Truck 3: 0 183 54 137 0 179 199 0 64 80 0 158 181 0 94 12 144 198 0 6 141 191 85 0 |Truck Time: 25943.568864|25943.568864,0.000000,0.000000,0.000000
Truck 4: 0 21 0 157 152 42 59 0 9 71 178 143 115 0 186 113 0 83 0 |Truck Time: 25817.638913|25817.638913,0.000000,0.000000,0.000000
Truck 5: 0 39 26 106 118 0 97 0 47 0 177 25 132 0 32 120 150 0 88 0 |Truck Time: 25778.932803|25778.932803,0.000000,0.000000,0.000000","Drone 1: 0 174 121 0 62 95 69 0 51 104 0 4 43 0 77 193 133 30 0 164 131 0 167 24 0 129 98 146 68 0 184 0 20 0 187 0 172 169 81 0 185 0 151 23 0 |Drone Time: 25505.793474|25505.793474,0.000000,0.000000,0.000000
Drone 2: 0 14 63 189 0 124 108 0 40 89 0 197 126 0 156 70 0 22 0 79 0 100 170 82 44 0 8 102 0 1 45 0 48 0 159 13 0 61 0 117 41 0 192 107 0 |Drone Time: 25692.935512|25692.935512,0.000000,0.000000,0.000000
Drone 3: 0 162 86 36 58 138 160 0 53 0 72 34 0 188 0 99 111 0 166 73 0 171 66 0 96 0 76 2 0 27 139 0 116 17 0 200 56 0 55 122 0 134 0 |Drone Time: 25914.995340|25914.995340,0.000000,0.000000,0.000000
Drone 4: 0 19 49 0 153 93 0 65 105 0 103 31 140 50 0 101 110 0 112 0 52 155 0 125 109 182 0 123 0 18 0 37 0 135 0 119 0 114 180 91 0 136 196 190 0 |Drone Time: 25792.459754|25792.459754,0.000000,0.000000,0.000000
Drone 5: 0 163 0 60 5 0 142 149 0 46 57 0 10 0 74 0 7 148 0 176 0 3 0 168 0 92 0 84 0 154 29 0 35 75 11 0 |Drone Time: 25176.108778|25176.108778,0.000000,0.000000,0.000000",25943.568864,0.0,0.0,0.0,"Truck Routes:
Truck 1: 0 16 194 128 90 0 161 130 0 78 0 195 87 0 |Truck Time: 20570.500274|20570.500274,0.000000,0.000000,0.000000
Truck 2: 0 147 165 0 145 28 33 0 67 127 0 15 173 0 38 0 175 0 |Truck Time: 25853.571029|25853.571029,0.000000,0.000000,0.000000
Truck 3: 0 183 54 137 0 179 199 0 64 80 0 158 181 0 94 12 144 198 0 6 141 191 85 0 |Truck Time: 25943.568864|25943.568864,0.000000,0.000000,0.000000
Truck 4: 0 21 0 157 152 42 59 0 9 71 178 143 115 0 186 113 0 83 0 |Truck Time: 25817.638913|25817.638913,0.000000,0.000000,0.000000
Truck 5: 0 39 26 106 118 0 97 0 47 0 177 25 132 0 32 120 150 0 88 0 |Truck Time: 25778.932803|25778.932803,0.000000,0.000000,0.000000
Drone Routes:
Drone 1: 0 174 121 0 62 95 69 0 51 104 0 4 43 0 77 193 133 30 0 164 131 0 167 24 0 129 98 146 68 0 184 0 20 0 187 0 172 169 81 0 185 0 151 23 0 |Drone Time: 25505.793474|25505.793474,0.000000,0.000000,0.000000
Drone 2: 0 14 63 189 0 124 108 0 40 89 0 197 126 0 156 70 0 22 0 79 0 100 170 82 44 0 8 102 0 1 45 0 48 0 159 13 0 61 0 117 41 0 192 107 0 |Drone Time: 25692.935512|25692.935512,0.000000,0.000000,0.000000
Drone 3: 0 162 86 36 58 138 160 0 53 0 72 34 0 188 0 99 111 0 166 73 0 171 66 0 96 0 76 2 0 27 139 0 116 17 0 200 56 0 55 122 0 134 0 |Drone Time: 25914.995340|25914.995340,0.000000,0.000000,0.000000
Drone 4: 0 19 49 0 153 93 0 65 105 0 103 31 140 50 0 101 110 0 112 0 52 155 0 125 109 182 0 123 0 18 0 37 0 135 0 119 0 114 180 91 0 136 196 190 0 |Drone Time: 25792.459754|25792.459754,0.000000,0.000000,0.000000
Drone 5: 0 163 0 60 5 0 142 149 0 46 57 0 10 0 74 0 7 148 0 176 0 3 0 168 0 92 0 84 0 154 29 0 35 75 11 0 |Drone Time: 25176.108778|25176.108778,0.000000,0.000000,0.000000
Total validation: Makespan=25943.568864, Deadline violation=0.000000, Energy violation=0.000000, Capacity violation=0.000000"
200.30.1,200,2,adaptive,g2,0.5,0.3,0.1,0.3,43,0,31706.154911,25943.317028,25943.317028,25943.317028,1143.467601,FEASIBLE,"Truck 1: 0 16 194 128 90 0 161 130 0 94 12 78 0 195 0 |Truck Time: 21868.212095|21868.212095,0.000000,0.000000,0.000000
Truck 2: 0 147 165 0 145 28 33 0 67 127 0 15 173 0 144 0 175 0 |Truck Time: 23898.966500|23898.966500,0.000000,0.000000,0.000000
Truck 3: 0 150 183 1 54 0 59 179 0 64 7 0 181 158 198 0 38 26 0 6 141 191 85 0 |Truck Time: 25943.317028|25943.317028,0.000000,0.000000,0.000000
Truck 4: 0 21 0 157 152 42 199 0 9 71 178 143 115 0 186 113 0 83 0 |Truck Time: 25793.669616|25793.669616,0.000000,0.000000,0.000000
Truck 5: 0 39 106 118 87 0 97 0 47 0 177 25 132 0 32 120 0 88 0 |Truck Time: 25901.022492|25901.022492,0.000000,0.000000,0.000000","Drone 1: 0 174 121 0 62 95 69 0 51 104 0 4 43 0 77 193 133 30 0 164 131 0 167 24 0 129 80 146 68 0 184 0 20 0 187 0 172 169 81 0 185 0 151 23 0 |Drone Time: 25446.343494|25446.343494,0.000000,0.000000,0.000000
Drone 2: 0 14 63 189 0 124 108 0 40 89 0 197 126 0 156 70 0 22 0 79 0 100 170 82 44 0 8 102 0 137 45 0 48 0 159 13 0 61 0 117 41 0 192 107 0 |Drone Time: 25654.717835|25654.717835,0.000000,0.000000,0.000000
Drone 3: 0 162 86 36 58 138 160 0 53 0 72 34 0 188 0 99 111 0 166 73 0 171 66 0 96 0 76 2 0 27 139 0 116 17 0 200 56 0 55 122 0 134 0 |Drone Time: 25914.995340|25914.995340,0.000000,0.000000,0.000000
Drone 4: 0 19 49 0 153 93 0 65 105 0 103 31 140 50 0 101 110 0 112 0 52 155 0 125 109 182 0 123 0 18 0 37 0 135 0 119 0 114 180 91 0 136 196 190 0 |Drone Time: 25792.459754|25792.459754,0.000000,0.000000,0.000000
Drone 5: 0 163 0 60 5 0 142 149 0 46 57 0 10 0 74 0 98 148 0 176 0 3 0 168 0 92 0 84 0 154 29 0 35 75 11 0 |Drone Time: 25232.698180|25232.698180,0.000000,0.000000,0.000000",25943.317028,0.0,0.0,0.0,"Truck Routes:
Truck 1: 0 16 194 128 90 0 161 130 0 94 12 78 0 195 0 |Truck Time: 21868.212095|21868.212095,0.000000,0.000000,0.000000
Truck 2: 0 147 165 0 145 28 33 0 67 127 0 15 173 0 144 0 175 0 |Truck Time: 23898.966500|23898.966500,0.000000,0.000000,0.000000
Truck 3: 0 150 183 1 54 0 59 179 0 64 7 0 181 158 198 0 38 26 0 6 141 191 85 0 |Truck Time: 25943.317028|25943.317028,0.000000,0.000000,0.000000
Truck 4: 0 21 0 157 152 42 199 0 9 71 178 143 115 0 186 113 0 83 0 |Truck Time: 25793.669616|25793.669616,0.000000,0.000000,0.000000
Truck 5: 0 39 106 118 87 0 97 0 47 0 177 25 132 0 32 120 0 88 0 |Truck Time: 25901.022492|25901.022492,0.000000,0.000000,0.000000
Drone Routes:
Drone 1: 0 174 121 0 62 95 69 0 51 104 0 4 43 0 77 193 133 30 0 164 131 0 167 24 0 129 80 146 68 0 184 0 20 0 187 0 172 169 81 0 185 0 151 23 0 |Drone Time: 25446.343494|25446.343494,0.000000,0.000000,0.000000
Drone 2: 0 14 63 189 0 124 108 0 40 89 0 197 126 0 156 70 0 22 0 79 0 100 170 82 44 0 8 102 0 137 45 0 48 0 159 13 0 61 0 117 41 0 192 107 0 |Drone Time: 25654.717835|25654.717835,0.000000,0.000000,0.000000
Drone 3: 0 162 86 36 58 138 160 0 53 0 72 34 0 188 0 99 111 0 166 73 0 171 66 0 96 0 76 2 0 27 139 0 116 17 0 200 56 0 55 122 0 134 0 |Drone Time: 25914.995340|25914.995340,0.000000,0.000000,0.000000
Drone 4: 0 19 49 0 153 93 0 65 105 0 103 31 140 50 0 101 110 0 112 0 52 155 0 125 109 182 0 123 0 18 0 37 0 135 0 119 0 114 180 91 0 136 196 190 0 |Drone Time: 25792.459754|25792.459754,0.000000,0.000000,0.000000
Drone 5: 0 163 0 60 5 0 142 149 0 46 57 0 10 0 74 0 98 148 0 176 0 3 0 168 0 92 0 84 0 154 29 0 35 75 11 0 |Drone Time: 25232.698180|25232.698180,0.000000,0.000000,0.000000
Total validation: Makespan=25943.317028, Deadline violation=0.000000, Energy violation=0.000000, Capacity violation=0.000000"
200.30.1,200,2,adaptive,g3,0.3,0.2,0.1,0.6,43,0,31706.154911,25943.568864,25943.568864,25943.568864,1147.563352,FEASIBLE,"Truck 1: 0 16 194 128 90 0 161 130 0 78 0 195 87 0 |Truck Time: 20570.500274|20570.500274,0.000000,0.000000,0.000000
Truck 2: 0 147 165 0 145 28 33 0 67 127 0 15 173 0 38 0 175 0 |Truck Time: 25853.571029|25853.571029,0.000000,0.000000,0.000000
Truck 3: 0 183 54 137 0 179 199 0 64 80 0 158 181 0 94 12 144 198 0 6 141 191 85 0 |Truck Time: 25943.568864|25943.568864,0.000000,0.000000,0.000000
Truck 4: 0 21 0 157 152 42 59 0 9 71 178 143 115 0 186 113 0 83 0 |Truck Time: 25817.638913|25817.638913,0.000000,0.000000,0.000000
Truck 5: 0 39 26 106 118 0 97 0 47 0 177 25 132 0 32 120 150 0 88 0 |Truck Time: 25778.932803|25778.932803,0.000000,0.000000,0.000000","Drone 1: 0 174 121 0 62 95 69 0 51 104 0 4 43 0 77 193 133 30 0 164 131 0 167 24 0 129 98 146 68 0 184 0 20 0 187 0 172 169 81 0 185 0 151 23 0 |Drone Time: 25505.793474|25505.793474,0.000000,0.000000,0.000000
Drone 2: 0 14 63 189 0 124 108 0 40 89 0 197 126 0 156 70 0 22 0 79 0 100 170 82 44 0 8 102 0 1 45 0 48 0 159 13 0 61 0 117 41 0 192 107 0 |Drone Time: 25692.935512|25692.935512,0.000000,0.000000,0.000000
Drone 3: 0 162 86 36 58 138 160 0 53 0 72 34 0 188 0 99 111 0 166 73 0 171 66 0 96 0 76 2 0 27 139 0 116 17 0 200 56 0 55 122 0 134 0 |Drone Time: 25914.995340|25914.995340,0.000000,0.000000,0.000000
Drone 4: 0 19 49 0 153 93 0 65 105 0 103 31 140 50 0 101 110 0 112 0 52 155 0 125 109 182 0 123 0 18 0 37 0 135 0 119 0 114 180 91 0 136 196 190 0 |Drone Time: 25792.459754|25792.459754,0.000000,0.000000,0.000000
Drone 5: 0 163 0 60 5 0 142 149 0 46 57 0 10 0 74 0 7 148 0 176 0 3 0 168 0 92 0 84 0 154 29 0 35 75 11 0 |Drone Time: 25176.108778|25176.108778,0.000000,0.000000,0.000000",25943.568864,0.0,0.0,0.0,"Truck Routes:
Truck 1: 0 16 194 128 90 0 161 130 0 78 0 195 87 0 |Truck Time: 20570.500274|20570.500274,0.000000,0.000000,0.000000
Truck 2: 0 147 165 0 145 28 33 0 67 127 0 15 173 0 38 0 175 0 |Truck Time: 25853.571029|25853.571029,0.000000,0.000000,0.000000
Truck 3: 0 183 54 137 0 179 199 0 64 80 0 158 181 0 94 12 144 198 0 6 141 191 85 0 |Truck Time: 25943.568864|25943.568864,0.000000,0.000000,0.000000
Truck 4: 0 21 0 157 152 42 59 0 9 71 178 143 115 0 186 113 0 83 0 |Truck Time: 25817.638913|25817.638913,0.000000,0.000000,0.000000
Truck 5: 0 39 26 106 118 0 97 0 47 0 177 25 132 0 32 120 150 0 88 0 |Truck Time: 25778.932803|25778.932803,0.000000,0.000000,0.000000
Drone Routes:
Drone 1: 0 174 121 0 62 95 69 0 51 104 0 4 43 0 77 193 133 30 0 164 131 0 167 24 0 129 98 146 68 0 184 0 20 0 187 0 172 169 81 0 185 0 151 23 0 |Drone Time: 25505.793474|25505.793474,0.000000,0.000000,0.000000
Drone 2: 0 14 63 189 0 124 108 0 40 89 0 197 126 0 156 70 0 22 0 79 0 100 170 82 44 0 8 102 0 1 45 0 48 0 159 13 0 61 0 117 41 0 192 107 0 |Drone Time: 25692.935512|25692.935512,0.000000,0.000000,0.000000
Drone 3: 0 162 86 36 58 138 160 0 53 0 72 34 0 188 0 99 111 0 166 73 0 171 66 0 96 0 76 2 0 27 139 0 116 17 0 200 56 0 55 122 0 134 0 |Drone Time: 25914.995340|25914.995340,0.000000,0.000000,0.000000
Drone 4: 0 19 49 0 153 93 0 65 105 0 103 31 140 50 0 101 110 0 112 0 52 155 0 125 109 182 0 123 0 18 0 37 0 135 0 119 0 114 180 91 0 136 196 190 0 |Drone Time: 25792.459754|25792.459754,0.000000,0.000000,0.000000
Drone 5: 0 163 0 60 5 0 142 149 0 46 57 0 10 0 74 0 7 148 0 176 0 3 0 168 0 92 0 84 0 154 29 0 35 75 11 0 |Drone Time: 25176.108778|25176.108778,0.000000,0.000000,0.000000
Total validation: Makespan=25943.568864, Deadline violation=0.000000, Energy violation=0.000000, Capacity violation=0.000000"
200.30.1,200,2,adaptive,g4,0.5,0.3,0.1,0.6,43,0,31706.154911,25943.568864,25943.568864,25943.568864,1039.241712,FEASIBLE,"Truck 1: 0 16 194 128 90 0 161 130 0 78 0 195 87 0 |Truck Time: 20570.500274|20570.500274,0.000000,0.000000,0.000000
Truck 2: 0 147 165 0 145 28 33 0 67 127 0 15 173 0 38 0 175 0 |Truck Time: 25853.571029|25853.571029,0.000000,0.000000,0.000000
Truck 3: 0 183 54 137 0 179 199 0 64 80 0 158 181 0 94 12 144 198 0 6 141 191 85 0 |Truck Time: 25943.568864|25943.568864,0.000000,0.000000,0.000000
Truck 4: 0 21 0 157 152 42 59 0 9 71 178 143 115 0 186 113 0 83 0 |Truck Time: 25817.638913|25817.638913,0.000000,0.000000,0.000000
Truck 5: 0 39 26 106 118 0 97 0 47 0 177 25 132 0 32 120 150 0 88 0 |Truck Time: 25778.932803|25778.932803,0.000000,0.000000,0.000000","Drone 1: 0 174 121 0 62 95 69 0 51 104 0 4 43 0 77 193 133 30 0 164 131 0 167 24 0 129 98 146 68 0 184 0 20 0 187 0 172 169 81 0 185 0 151 23 0 |Drone Time: 25505.793474|25505.793474,0.000000,0.000000,0.000000
Drone 2: 0 14 63 189 0 124 108 0 40 89 0 197 126 0 156 70 0 22 0 79 0 100 170 82 44 0 8 102 0 1 45 0 48 0 159 13 0 61 0 117 41 0 192 107 0 |Drone Time: 25692.935512|25692.935512,0.000000,0.000000,0.000000
Drone 3: 0 162 86 36 58 138 160 0 53 0 72 34 0 188 0 99 111 0 166 73 0 171 66 0 96 0 76 2 0 27 139 0 116 17 0 200 56 0 55 122 0 134 0 |Drone Time: 25914.995340|25914.995340,0.000000,0.000000,0.000000
Drone 4: 0 19 49 0 153 93 0 65 105 0 103 31 140 50 0 101 110 0 112 0 52 155 0 125 109 182 0 123 0 18 0 37 0 135 0 119 0 114 180 91 0 136 196 190 0 |Drone Time: 25792.459754|25792.459754,0.000000,0.000000,0.000000
Drone 5: 0 163 0 60 5 0 142 149 0 46 57 0 10 0 74 0 7 148 0 176 0 3 0 168 0 92 0 84 0 154 29 0 35 75 11 0 |Drone Time: 25176.108778|25176.108778,0.000000,0.000000,0.000000",25943.568864,0.0,0.0,0.0,"Truck Routes:
Truck 1: 0 16 194 128 90 0 161 130 0 78 0 195 87 0 |Truck Time: 20570.500274|20570.500274,0.000000,0.000000,0.000000
Truck 2: 0 147 165 0 145 28 33 0 67 127 0 15 173 0 38 0 175 0 |Truck Time: 25853.571029|25853.571029,0.000000,0.000000,0.000000
Truck 3: 0 183 54 137 0 179 199 0 64 80 0 158 181 0 94 12 144 198 0 6 141 191 85 0 |Truck Time: 25943.568864|25943.568864,0.000000,0.000000,0.000000
Truck 4: 0 21 0 157 152 42 59 0 9 71 178 143 115 0 186 113 0 83 0 |Truck Time: 25817.638913|25817.638913,0.000000,0.000000,0.000000
Truck 5: 0 39 26 106 118 0 97 0 47 0 177 25 132 0 32 120 150 0 88 0 |Truck Time: 25778.932803|25778.932803,0.000000,0.000000,0.000000
Drone Routes:
Drone 1: 0 174 121 0 62 95 69 0 51 104 0 4 43 0 77 193 133 30 0 164 131 0 167 24 0 129 98 146 68 0 184 0 20 0 187 0 172 169 81 0 185 0 151 23 0 |Drone Time: 25505.793474|25505.793474,0.000000,0.000000,0.000000
Drone 2: 0 14 63 189 0 124 108 0 40 89 0 197 126 0 156 70 0 22 0 79 0 100 170 82 44 0 8 102 0 1 45 0 48 0 159 13 0 61 0 117 41 0 192 107 0 |Drone Time: 25692.935512|25692.935512,0.000000,0.000000,0.000000
Drone 3: 0 162 86 36 58 138 160 0 53 0 72 34 0 188 0 99 111 0 166 73 0 171 66 0 96 0 76 2 0 27 139 0 116 17 0 200 56 0 55 122 0 134 0 |Drone Time: 25914.995340|25914.995340,0.000000,0.000000,0.000000
Drone 4: 0 19 49 0 153 93 0 65 105 0 103 31 140 50 0 101 110 0 112 0 52 155 0 125 109 182 0 123 0 18 0 37 0 135 0 119 0 114 180 91 0 136 196 190 0 |Drone Time: 25792.459754|25792.459754,0.000000,0.000000,0.000000
Drone 5: 0 163 0 60 5 0 142 149 0 46 57 0 10 0 74 0 7 148 0 176 0 3 0 168 0 92 0 84 0 154 29 0 35 75 11 0 |Drone Time: 25176.108778|25176.108778,0.000000,0.000000,0.000000
Total validation: Makespan=25943.568864, Deadline violation=0.000000, Energy violation=0.000000, Capacity violation=0.000000"
200.30.1,200,3,adaptive,g1,0.3,0.2,0.1,0.3,44,0,32283.78052,21650.793981,21650.793981,21650.793981,1210.275111,FEASIBLE,"Truck 1: 0 150 132 85 0 26 0 38 94 65 8 0 179 18 15 0 83 10 194 0 |Truck Time: 21650.793981|21650.793981,0.000000,0.000000,0.000000
Truck 2: 0 103 81 0 46 7 0 119 128 98 0 175 69 172 181 0 6 156 54 112 0 |Truck Time: 21044.770668|21044.770668,0.000000,0.000000,0.000000
Truck 3: 0 199 59 0 196 97 0 147 165 185 52 0 173 135 12 144 0 195 14 0 |Truck Time: 21473.120984|21473.120984,0.000000,0.000000,0.000000
Truck 4: 0 11 0 89 168 92 55 0 169 152 42 197 0 23 137 39 0 |Truck Time: 21500.425954|21500.425954,0.000000,0.000000,0.000000
Truck 5: 0 47 177 127 0 32 21 0 111 140 120 77 0 115 9 190 0 |Truck Time: 21326.019615|21326.019615,0.000000,0.000000,0.000000","Drone 1: 0 43 184 155 0 30 161 0 75 73 40 0 16 0 22 163 0 33 0 186 0 20 49 0 124 0 90 0 88 126 0 158 17 0 114 145 0 3 0 171 66 0 |Drone Time: 21637.906213|21637.906213,0.000000,0.000000,0.000000
Drone 2: 0 182 178 0 34 110 138 93 2 0 25 5 0 191 174 193 0 131 45 70 50 0 116 91 0 183 61 0 136 63 51 0 142 167 0 4 0 29 100 0 146 0 |Drone Time: 21591.321788|21591.321788,0.000000,0.000000,0.000000
Drone 3: 0 134 0 86 36 0 74 0 133 141 0 130 0 159 13 0 189 143 160 0 41 148 117 0 108 79 0 200 56 0 72 0 153 0 67 31 0 |Drone Time: 21639.799811|21639.799811,0.000000,0.000000,0.000000
Drone 4: 0 187 0 188 0 139 95 60 0 87 162 176 129 0 123 107 0 198 0 101 149 58 0 37 0 80 0 84 0 96 0 62 164 0 113 125 0 76 106 0 170 68 0 |Drone Time: 21594.545800|21594.545800,0.000000,0.000000,0.000000
Drone 5: 0 78 0 105 154 0 64 0 53 0 19 0 28 192 0 35 57 104 0 109 71 0 102 24 166 0 82 44 27 0 48 0 180 157 122 0 118 0 99 151 0 1 121 0 |Drone Time: 21541.497915|21541.497915,0.000000,0.000000,0.000000",21650.793981,0.0,0.0,0.0,"Truck Routes:
Truck 1: 0 150 132 85 0 26 0 38 94 65 8 0 179 18 15 0 83 10 194 0 |Truck Time: 21650.793981|21650.793981,0.000000,0.000000,0.000000
Truck 2: 0 103 81 0 46 7 0 119 128 98 0 175 69 172 181 0 6 156 54 112 0 |Truck Time: 21044.770668|21044.770668,0.000000,0.000000,0.000000
Truck 3: 0 199 59 0 196 97 0 147 165 185 52 0 173 135 12 144 0 195 14 0 |Truck Time: 21473.120984|21473.120984,0.000000,0.000000,0.000000
Truck 4: 0 11 0 89 168 92 55 0 169 152 42 197 0 23 137 39 0 |Truck Time: 21500.425954|21500.425954,0.000000,0.000000,0.000000
Truck 5: 0 47 177 127 0 32 21 0 111 140 120 77 0 115 9 190 0 |Truck Time: 21326.019615|21326.019615,0.000000,0.000000,0.000000
Drone Routes:
Drone 1: 0 43 184 155 0 30 161 0 75 73 40 0 16 0 22 163 0 33 0 186 0 20 49 0 124 0 90 0 88 126 0 158 17 0 114 145 0 3 0 171 66 0 |Drone Time: 21637.906213|21637.906213,0.000000,0.000000,0.000000
Drone 2: 0 182 178 0 34 110 138 93 2 0 25 5 0 191 174 193 0 131 45 70 50 0 116 91 0 183 61 0 136 63 51 0 142 167 0 4 0 29 100 0 146 0 |Drone Time: 21591.321788|21591.321788,0.000000,0.000000,0.000000
Drone 3: 0 134 0 86 36 0 74 0 133 141 0 130 0 159 13 0 189 143 160 0 41 148 117 0 108 79 0 200 56 0 72 0 153 0 67 31 0 |Drone Time: 21639.799811|21639.799811,0.000000,0.000000,0.000000
Drone 4: 0 187 0 188 0 139 95 60 0 87 162 176 129 0 123 107 0 198 0 101 149 58 0 37 0 80 0 84 0 96 0 62 164 0 113 125 0 76 106 0 170 68 0 |Drone Time: 21594.545800|21594.545800,0.000000,0.000000,0.000000
Drone 5: 0 78 0 105 154 0 64 0 53 0 19 0 28 192 0 35 57 104 0 109 71 0 102 24 166 0 82 44 27 0 48 0 180 157 122 0 118 0 99 151 0 1 121 0 |Drone Time: 21541.497915|21541.497915,0.000000,0.000000,0.000000
Total validation: Makespan=21650.793981, Deadline violation=0.000000, Energy violation=0.000000, Capacity violation=0.000000"
200.30.1,200,3,adaptive,g2,0.5,0.3,0.1,0.3,44,0,32283.78052,21650.793981,21650.793981,21650.793981,1551.548627,FEASIBLE,"Truck 1: 0 150 132 85 0 26 0 38 94 65 8 0 179 18 15 0 83 10 194 0 |Truck Time: 21650.793981|21650.793981,0.000000,0.000000,0.000000
Truck 2: 0 103 81 0 46 7 0 119 128 98 0 175 69 172 181 0 6 156 54 112 0 |Truck Time: 21044.770668|21044.770668,0.000000,0.000000,0.000000
Truck 3: 0 199 59 0 196 97 0 147 165 185 52 0 173 135 12 144 0 195 14 0 |Truck Time: 21473.120984|21473.120984,0.000000,0.000000,0.000000
Truck 4: 0 11 0 89 168 92 55 0 169 152 42 197 0 23 137 39 0 |Truck Time: 21500.425954|21500.425954,0.000000,0.000000,0.000000
Truck 5: 0 47 177 127 0 32 21 0 111 140 120 77 0 115 9 190 0 |Truck Time: 21326.019615|21326.019615,0.000000,0.000000,0.000000","Drone 1: 0 43 184 155 0 30 161 0 75 73 40 0 16 0 22 163 0 33 0 186 0 20 49 0 124 0 90 0 88 126 0 158 17 0 114 145 0 3 0 171 66 0 |Drone Time: 21637.906213|21637.906213,0.000000,0.000000,0.000000
Drone 2: 0 182 178 0 34 110 138 93 2 0 25 5 0 191 174 193 0 131 45 70 50 0 116 91 0 183 61 0 136 63 51 0 142 167 0 4 0 29 100 0 146 0 |Drone Time: 21591.321788|21591.321788,0.000000,0.000000,0.000000
Drone 3: 0 134 0 86 36 0 74 0 133 141 0 130 0 159 13 0 189 143 160 0 41 148 117 0 108 79 0 200 56 0 72 0 153 0 67 31 0 |Drone Time: 21639.799811|21639.799811,0.000000,0.000000,0.000000
Drone 4: 0 187 0 188 0 139 95 60 0 87 162 176 129 0 123 107 0 198 0 101 149 58 0 37 0 80 0 84 0 96 0 62 164 0 113 125 0 76 106 0 170 68 0 |Drone Time: 21594.545800|21594.545800,0.000000,0.000000,0.000000
Drone 5: 0 78 0 105 154 0 64 0 53 0 19 0 28 192 0 35 57 104 0 109 71 0 102 24 166 0 82 44 27 0 48 0 180 157 122 0 118 0 99 151 0 1 121 0 |Drone Time: 21541.497915|21541.497915,0.000000,0.000000,0.000000",21650.793981,0.0,0.0,0.0,"Truck Routes:
Truck 1: 0 150 132 85 0 26 0 38 94 65 8 0 179 18 15 0 83 10 194 0 |Truck Time: 21650.793981|21650.793981,0.000000,0.000000,0.000000
Truck 2: 0 103 81 0 46 7 0 119 128 98 0 175 69 172 181 0 6 156 54 112 0 |Truck Time: 21044.770668|21044.770668,0.000000,0.000000,0.000000
Truck 3: 0 199 59 0 196 97 0 147 165 185 52 0 173 135 12 144 0 195 14 0 |Truck Time: 21473.120984|21473.120984,0.000000,0.000000,0.000000
Truck 4: 0 11 0 89 168 92 55 0 169 152 42 197 0 23 137 39 0 |Truck Time: 21500.425954|21500.425954,0.000000,0.000000,0.000000
Truck 5: 0 47 177 127 0 32 21 0 111 140 120 77 0 115 9 190 0 |Truck Time: 21326.019615|21326.019615,0.000000,0.000000,0.000000
Drone Routes:
Drone 1: 0 43 184 155 0 30 161 0 75 73 40 0 16 0 22 163 0 33 0 186 0 20 49 0 124 0 90 0 88 126 0 158 17 0 114 145 0 3 0 171 66 0 |Drone Time: 21637.906213|21637.906213,0.000000,0.000000,0.000000
Drone 2: 0 182 178 0 34 110 138 93 2 0 25 5 0 191 174 193 0 131 45 70 50 0 116 91 0 183 61 0 136 63 51 0 142 167 0 4 0 29 100 0 146 0 |Drone Time: 21591.321788|21591.321788,0.000000,0.000000,0.000000
Drone 3: 0 134 0 86 36 0 74 0 133 141 0 130 0 159 13 0 189 143 160 0 41 148 117 0 108 79 0 200 56 0 72 0 153 0 67 31 0 |Drone Time: 21639.799811|21639.799811,0.000000,0.000000,0.000000
Drone 4: 0 187 0 188 0 139 95 60 0 87 162 176 129 0 123 107 0 198 0 101 149 58 0 37 0 80 0 84 0 96 0 62 164 0 113 125 0 76 106 0 170 68 0 |Drone Time: 21594.545800|21594.545800,0.000000,0.000000,0.000000
Drone 5: 0 78 0 105 154 0 64 0 53 0 19 0 28 192 0 35 57 104 0 109 71 0 102 24 166 0 82 44 27 0 48 0 180 157 122 0 118 0 99 151 0 1 121 0 |Drone Time: 21541.497915|21541.497915,0.000000,0.000000,0.000000
Total validation: Makespan=21650.793981, Deadline violation=0.000000, Energy violation=0.000000, Capacity violation=0.000000"
200.30.1,200,3,adaptive,g3,0.3,0.2,0.1,0.6,44,0,32283.78052,21650.793981,21650.793981,21650.793981,1580.424199,FEASIBLE,"Truck 1: 0 150 132 85 0 26 0 38 94 65 8 0 179 18 15 0 83 10 194 0 |Truck Time: 21650.793981|21650.793981,0.000000,0.000000,0.000000
Truck 2: 0 103 81 0 46 7 0 119 128 98 0 175 69 172 181 0 6 156 54 112 0 |Truck Time: 21044.770668|21044.770668,0.000000,0.000000,0.000000
Truck 3: 0 199 59 0 196 97 0 147 165 185 52 0 173 135 12 144 0 195 14 0 |Truck Time: 21473.120984|21473.120984,0.000000,0.000000,0.000000
Truck 4: 0 11 0 89 168 92 55 0 169 152 42 197 0 23 137 39 0 |Truck Time: 21500.425954|21500.425954,0.000000,0.000000,0.000000
Truck 5: 0 47 177 127 0 32 21 0 111 140 120 77 0 115 9 190 0 |Truck Time: 21326.019615|21326.019615,0.000000,0.000000,0.000000","Drone 1: 0 43 184 155 0 30 161 0 75 73 40 0 16 0 22 163 0 33 0 186 0 20 49 0 124 0 90 0 88 126 0 158 17 0 114 145 0 3 0 171 66 0 |Drone Time: 21637.906213|21637.906213,0.000000,0.000000,0.000000
Drone 2: 0 182 178 0 34 110 138 93 2 0 25 5 0 191 174 193 0 131 45 70 50 0 116 91 0 183 61 0 136 63 51 0 142 167 0 4 0 29 100 0 146 0 |Drone Time: 21591.321788|21591.321788,0.000000,0.000000,0.000000
Drone 3: 0 134 0 86 36 0 74 0 133 141 0 130 0 159 13 0 189 143 160 0 41 148 117 0 108 79 0 200 56 0 72 0 153 0 67 31 0 |Drone Time: 21639.799811|21639.799811,0.000000,0.000000,0.000000
Drone 4: 0 187 0 188 0 139 95 60 0 87 162 176 129 0 123 107 0 198 0 101 149 58 0 37 0 80 0 84 0 96 0 62 164 0 113 125 0 76 106 0 170 68 0 |Drone Time: 21594.545800|21594.545800,0.000000,0.000000,0.000000
Drone 5: 0 78 0 105 154 0 64 0 53 0 19 0 28 192 0 35 57 104 0 109 71 0 102 24 166 0 82 44 27 0 48 0 180 157 122 0 118 0 99 151 0 1 121 0 |Drone Time: 21541.497915|21541.497915,0.000000,0.000000,0.000000",21650.793981,0.0,0.0,0.0,"Truck Routes:
Truck 1: 0 150 132 85 0 26 0 38 94 65 8 0 179 18 15 0 83 10 194 0 |Truck Time: 21650.793981|21650.793981,0.000000,0.000000,0.000000
Truck 2: 0 103 81 0 46 7 0 119 128 98 0 175 69 172 181 0 6 156 54 112 0 |Truck Time: 21044.770668|21044.770668,0.000000,0.000000,0.000000
Truck 3: 0 199 59 0 196 97 0 147 165 185 52 0 173 135 12 144 0 195 14 0 |Truck Time: 21473.120984|21473.120984,0.000000,0.000000,0.000000
Truck 4: 0 11 0 89 168 92 55 0 169 152 42 197 0 23 137 39 0 |Truck Time: 21500.425954|21500.425954,0.000000,0.000000,0.000000
Truck 5: 0 47 177 127 0 32 21 0 111 140 120 77 0 115 9 190 0 |Truck Time: 21326.019615|21326.019615,0.000000,0.000000,0.000000
Drone Routes:
Drone 1: 0 43 184 155 0 30 161 0 75 73 40 0 16 0 22 163 0 33 0 186 0 20 49 0 124 0 90 0 88 126 0 158 17 0 114 145 0 3 0 171 66 0 |Drone Time: 21637.906213|21637.906213,0.000000,0.000000,0.000000
Drone 2: 0 182 178 0 34 110 138 93 2 0 25 5 0 191 174 193 0 131 45 70 50 0 116 91 0 183 61 0 136 63 51 0 142 167 0 4 0 29 100 0 146 0 |Drone Time: 21591.321788|21591.321788,0.000000,0.000000,0.000000
Drone 3: 0 134 0 86 36 0 74 0 133 141 0 130 0 159 13 0 189 143 160 0 41 148 117 0 108 79 0 200 56 0 72 0 153 0 67 31 0 |Drone Time: 21639.799811|21639.799811,0.000000,0.000000,0.000000
Drone 4: 0 187 0 188 0 139 95 60 0 87 162 176 129 0 123 107 0 198 0 101 149 58 0 37 0 80 0 84 0 96 0 62 164 0 113 125 0 76 106 0 170 68 0 |Drone Time: 21594.545800|21594.545800,0.000000,0.000000,0.000000
Drone 5: 0 78 0 105 154 0 64 0 53 0 19 0 28 192 0 35 57 104 0 109 71 0 102 24 166 0 82 44 27 0 48 0 180 157 122 0 118 0 99 151 0 1 121 0 |Drone Time: 21541.497915|21541.497915,0.000000,0.000000,0.000000
Total validation: Makespan=21650.793981, Deadline violation=0.000000, Energy violation=0.000000, Capacity violation=0.000000"
200.30.1,200,3,adaptive,g4,0.5,0.3,0.1,0.6,44,0,32283.78052,21650.793981,21650.793981,21650.793981,1573.93932,FEASIBLE,"Truck 1: 0 150 132 85 0 26 0 38 94 65 8 0 179 18 15 0 83 10 194 0 |Truck Time: 21650.793981|21650.793981,0.000000,0.000000,0.000000
Truck 2: 0 103 81 0 46 7 0 119 128 98 0 175 69 172 181 0 6 156 54 112 0 |Truck Time: 21044.770668|21044.770668,0.000000,0.000000,0.000000
Truck 3: 0 199 59 0 196 97 0 147 165 185 52 0 173 135 12 144 0 195 14 0 |Truck Time: 21473.120984|21473.120984,0.000000,0.000000,0.000000
Truck 4: 0 11 0 89 168 92 55 0 169 152 42 197 0 23 137 39 0 |Truck Time: 21500.425954|21500.425954,0.000000,0.000000,0.000000
Truck 5: 0 47 177 127 0 32 21 0 111 140 120 77 0 115 9 190 0 |Truck Time: 21326.019615|21326.019615,0.000000,0.000000,0.000000","Drone 1: 0 43 184 155 0 30 161 0 75 73 40 0 16 0 22 163 0 33 0 186 0 20 49 0 124 0 90 0 88 126 0 158 17 0 114 145 0 3 0 171 66 0 |Drone Time: 21637.906213|21637.906213,0.000000,0.000000,0.000000
Drone 2: 0 182 178 0 34 110 138 93 2 0 25 5 0 191 174 193 0 131 45 70 50 0 116 91 0 183 61 0 136 63 51 0 142 167 0 4 0 29 100 0 146 0 |Drone Time: 21591.321788|21591.321788,0.000000,0.000000,0.000000
Drone 3: 0 134 0 86 36 0 74 0 133 141 0 130 0 159 13 0 189 143 160 0 41 148 117 0 108 79 0 200 56 0 72 0 153 0 67 31 0 |Drone Time: 21639.799811|21639.799811,0.000000,0.000000,0.000000
Drone 4: 0 187 0 188 0 139 95 60 0 87 162 176 129 0 123 107 0 198 0 101 149 58 0 37 0 80 0 84 0 96 0 62 164 0 113 125 0 76 106 0 170 68 0 |Drone Time: 21594.545800|21594.545800,0.000000,0.000000,0.000000
Drone 5: 0 78 0 105 154 0 64 0 53 0 19 0 28 192 0 35 57 104 0 109 71 0 102 24 166 0 82 44 27 0 48 0 180 157 122 0 118 0 99 151 0 1 121 0 |Drone Time: 21541.497915|21541.497915,0.000000,0.000000,0.000000",21650.793981,0.0,0.0,0.0,"Truck Routes:
Truck 1: 0 150 132 85 0 26 0 38 94 65 8 0 179 18 15 0 83 10 194 0 |Truck Time: 21650.793981|21650.793981,0.000000,0.000000,0.000000
Truck 2: 0 103 81 0 46 7 0 119 128 98 0 175 69 172 181 0 6 156 54 112 0 |Truck Time: 21044.770668|21044.770668,0.000000,0.000000,0.000000
Truck 3: 0 199 59 0 196 97 0 147 165 185 52 0 173 135 12 144 0 195 14 0 |Truck Time: 21473.120984|21473.120984,0.000000,0.000000,0.000000
Truck 4: 0 11 0 89 168 92 55 0 169 152 42 197 0 23 137 39 0 |Truck Time: 21500.425954|21500.425954,0.000000,0.000000,0.000000
Truck 5: 0 47 177 127 0 32 21 0 111 140 120 77 0 115 9 190 0 |Truck Time: 21326.019615|21326.019615,0.000000,0.000000,0.000000
Drone Routes:
Drone 1: 0 43 184 155 0 30 161 0 75 73 40 0 16 0 22 163 0 33 0 186 0 20 49 0 124 0 90 0 88 126 0 158 17 0 114 145 0 3 0 171 66 0 |Drone Time: 21637.906213|21637.906213,0.000000,0.000000,0.000000
Drone 2: 0 182 178 0 34 110 138 93 2 0 25 5 0 191 174 193 0 131 45 70 50 0 116 91 0 183 61 0 136 63 51 0 142 167 0 4 0 29 100 0 146 0 |Drone Time: 21591.321788|21591.321788,0.000000,0.000000,0.000000
Drone 3: 0 134 0 86 36 0 74 0 133 141 0 130 0 159 13 0 189 143 160 0 41 148 117 0 108 79 0 200 56 0 72 0 153 0 67 31 0 |Drone Time: 21639.799811|21639.799811,0.000000,0.000000,0.000000
Drone 4: 0 187 0 188 0 139 95 60 0 87 162 176 129 0 123 107 0 198 0 101 149 58 0 37 0 80 0 84 0 96 0 62 164 0 113 125 0 76 106 0 170 68 0 |Drone Time: 21594.545800|21594.545800,0.000000,0.000000,0.000000
Drone 5: 0 78 0 105 154 0 64 0 53 0 19 0 28 192 0 35 57 104 0 109 71 0 102 24 166 0 82 44 27 0 48 0 180 157 122 0 118 0 99 151 0 1 121 0 |Drone Time: 21541.497915|21541.497915,0.000000,0.000000,0.000000
Total validation: Makespan=21650.793981, Deadline violation=0.000000, Energy violation=0.000000, Capacity violation=0.000000"
200.30.1,200,4,adaptive,g1,0.3,0.2,0.1,0.3,45,0,30875.742495,25577.016778,25577.016778,25577.016778,1315.121752,FEASIBLE,"Truck 1: 0 67 113 0 124 0 83 34 0 165 86 184 52 0 38 0 199 55 0 |Truck Time: 25533.911771|25533.911771,0.000000,0.000000,0.000000
Truck 2: 0 177 47 115 0 28 33 0 157 59 0 6 141 120 54 150 0 143 0 64 128 0 |Truck Time: 25147.265277|25147.265277,0.000000,0.000000,0.000000
Truck 3: 0 175 85 0 90 0 181 17 0 179 0 25 71 0 161 130 88 126 0 |Truck Time: 25577.016778|25577.016778,0.000000,0.000000,0.000000
Truck 4: 0 194 7 87 0 132 99 112 0 119 107 4 0 173 24 166 15 0 144 0 21 0 |Truck Time: 25459.299677|25459.299677,0.000000,0.000000,0.000000
Truck 5: 0 94 0 26 0 32 191 0 11 142 154 46 0 127 0 152 42 0 |Truck Time: 25125.526295|25125.526295,0.000000,0.000000,0.000000","Drone 1: 0 1 0 106 129 114 192 180 0 116 95 0 19 121 0 134 93 0 16 145 0 74 0 176 0 37 0 168 0 148 58 101 149 0 136 164 0 147 0 123 0 |Drone Time: 25562.325537|25562.325537,0.000000,0.000000,0.000000
Drone 2: 0 41 138 10 43 0 178 110 0 167 102 0 51 182 125 0 14 63 62 0 156 133 0 162 36 0 96 0 76 73 0 187 0 135 0 12 0 61 0 151 23 0 |Drone Time: 25490.400289|25490.400289,0.000000,0.000000,0.000000
Drone 3: 0 44 72 0 195 108 0 60 5 0 111 109 0 40 89 0 158 146 0 13 49 0 39 160 0 117 0 20 0 81 193 0 92 0 84 0 118 68 100 35 0 77 69 0 |Drone Time: 25536.973567|25536.973567,0.000000,0.000000,0.000000
Drone 4: 0 186 0 97 0 174 22 0 137 0 50 18 0 104 0 153 155 0 79 0 189 45 140 170 196 0 27 139 0 78 0 80 31 0 103 122 0 197 91 0 190 9 0 |Drone Time: 25545.744696|25545.744696,0.000000,0.000000,0.000000
Drone 5: 0 70 30 131 0 169 159 183 82 0 29 57 0 65 105 0 53 0 188 0 172 163 0 171 66 0 3 75 0 98 8 0 48 0 200 56 0 185 0 198 2 0 |Drone Time: 25051.972822|25051.972822,0.000000,0.000000,0.000000",25577.016778,0.0,0.0,0.0,"Truck Routes:
Truck 1: 0 67 113 0 124 0 83 34 0 165 86 184 52 0 38 0 199 55 0 |Truck Time: 25533.911771|25533.911771,0.000000,0.000000,0.000000
Truck 2: 0 177 47 115 0 28 33 0 157 59 0 6 141 120 54 150 0 143 0 64 128 0 |Truck Time: 25147.265277|25147.265277,0.000000,0.000000,0.000000
Truck 3: 0 175 85 0 90 0 181 17 0 179 0 25 71 0 161 130 88 126 0 |Truck Time: 25577.016778|25577.016778,0.000000,0.000000,0.000000
Truck 4: 0 194 7 87 0 132 99 112 0 119 107 4 0 173 24 166 15 0 144 0 21 0 |Truck Time: 25459.299677|25459.299677,0.000000,0.000000,0.000000
Truck 5: 0 94 0 26 0 32 191 0 11 142 154 46 0 127 0 152 42 0 |Truck Time: 25125.526295|25125.526295,0.000000,0.000000,0.000000
Drone Routes:
Drone 1: 0 1 0 106 129 114 192 180 0 116 95 0 19 121 0 134 93 0 16 145 0 74 0 176 0 37 0 168 0 148 58 101 149 0 136 164 0 147 0 123 0 |Drone Time: 25562.325537|25562.325537,0.000000,0.000000,0.000000
Drone 2: 0 41 138 10 43 0 178 110 0 167 102 0 51 182 125 0 14 63 62 0 156 133 0 162 36 0 96 0 76 73 0 187 0 135 0 12 0 61 0 151 23 0 |Drone Time: 25490.400289|25490.400289,0.000000,0.000000,0.000000
Drone 3: 0 44 72 0 195 108 0 60 5 0 111 109 0 40 89 0 158 146 0 13 49 0 39 160 0 117 0 20 0 81 193 0 92 0 84 0 118 68 100 35 0 77 69 0 |Drone Time: 25536.973567|25536.973567,0.000000,0.000000,0.000000
Drone 4: 0 186 0 97 0 174 22 0 137 0 50 18 0 104 0 153 155 0 79 0 189 45 140 170 196 0 27 139 0 78 0 80 31 0 103 122 0 197 91 0 190 9 0 |Drone Time: 25545.744696|25545.744696,0.000000,0.000000,0.000000
Drone 5: 0 70 30 131 0 169 159 183 82 0 29 57 0 65 105 0 53 0 188 0 172 163 0 171 66 0 3 75 0 98 8 0 48 0 200 56 0 185 0 198 2 0 |Drone Time: 25051.972822|25051.972822,0.000000,0.000000,0.000000
Total validation: Makespan=25577.016778, Deadline violation=0.000000, Energy violation=0.000000, Capacity violation=0.000000"
200.30.1,200,4,adaptive,g2,0.5,0.3,0.1,0.3,45,0,30875.742495,25577.016778,25577.016778,25577.016778,1301.661906,FEASIBLE,"Truck 1: 0 67 113 0 124 0 83 34 0 165 86 184 52 0 38 0 199 55 0 |Truck Time: 25533.911771|25533.911771,0.000000,0.000000,0.000000
Truck 2: 0 177 47 115 0 28 33 0 157 59 0 6 141 120 54 150 0 143 0 64 128 0 |Truck Time: 25147.265277|25147.265277,0.000000,0.000000,0.000000
Truck 3: 0 175 85 0 90 0 181 17 0 179 0 25 71 0 161 130 88 126 0 |Truck Time: 25577.016778|25577.016778,0.000000,0.000000,0.000000
Truck 4: 0 194 7 87 0 132 99 112 0 119 107 4 0 173 24 166 15 0 144 0 21 0 |Truck Time: 25459.299677|25459.299677,0.000000,0.000000,0.000000
Truck 5: 0 94 0 26 0 32 191 0 11 142 154 46 0 127 0 152 42 0 |Truck Time: 25125.526295|25125.526295,0.000000,0.000000,0.000000","Drone 1: 0 1 0 106 129 114 192 180 0 116 95 0 19 121 0 134 93 0 16 145 0 74 0 176 0 37 0 168 0 148 58 101 149 0 136 164 0 147 0 123 0 |Drone Time: 25562.325537|25562.325537,0.000000,0.000000,0.000000
Drone 2: 0 41 138 10 43 0 178 110 0 167 102 0 51 182 125 0 14 63 62 0 156 133 0 162 36 0 96 0 76 73 0 187 0 135 0 12 0 61 0 151 23 0 |Drone Time: 25490.400289|25490.400289,0.000000,0.000000,0.000000
Drone 3: 0 44 72 0 195 108 0 60 5 0 111 109 0 40 89 0 158 146 0 13 49 0 39 160 0 117 0 20 0 81 193 0 92 0 84 0 118 68 100 35 0 77 69 0 |Drone Time: 25536.973567|25536.973567,0.000000,0.000000,0.000000
Drone 4: 0 186 0 97 0 174 22 0 137 0 50 18 0 104 0 153 155 0 79 0 189 45 140 170 196 0 27 139 0 78 0 80 31 0 103 122 0 197 91 0 190 9 0 |Drone Time: 25545.744696|25545.744696,0.000000,0.000000,0.000000
Drone 5: 0 70 30 131 0 169 159 183 82 0 29 57 0 65 105 0 53 0 188 0 172 163 0 171 66 0 3 75 0 98 8 0 48 0 200 56 0 185 0 198 2 0 |Drone Time: 25051.972822|25051.972822,0.000000,0.000000,0.000000",25577.016778,0.0,0.0,0.0,"Truck Routes:
Truck 1: 0 67 113 0 124 0 83 34 0 165 86 184 52 0 38 0 199 55 0 |Truck Time: 25533.911771|25533.911771,0.000000,0.000000,0.000000
Truck 2: 0 177 47 115 0 28 33 0 157 59 0 6 141 120 54 150 0 143 0 64 128 0 |Truck Time: 25147.265277|25147.265277,0.000000,0.000000,0.000000
Truck 3: 0 175 85 0 90 0 181 17 0 179 0 25 71 0 161 130 88 126 0 |Truck Time: 25577.016778|25577.016778,0.000000,0.000000,0.000000
Truck 4: 0 194 7 87 0 132 99 112 0 119 107 4 0 173 24 166 15 0 144 0 21 0 |Truck Time: 25459.299677|25459.299677,0.000000,0.000000,0.000000
Truck 5: 0 94 0 26 0 32 191 0 11 142 154 46 0 127 0 152 42 0 |Truck Time: 25125.526295|25125.526295,0.000000,0.000000,0.000000
Drone Routes:
Drone 1: 0 1 0 106 129 114 192 180 0 116 95 0 19 121 0 134 93 0 16 145 0 74 0 176 0 37 0 168 0 148 58 101 149 0 136 164 0 147 0 123 0 |Drone Time: 25562.325537|25562.325537,0.000000,0.000000,0.000000
Drone 2: 0 41 138 10 43 0 178 110 0 167 102 0 51 182 125 0 14 63 62 0 156 133 0 162 36 0 96 0 76 73 0 187 0 135 0 12 0 61 0 151 23 0 |Drone Time: 25490.400289|25490.400289,0.000000,0.000000,0.000000
Drone 3: 0 44 72 0 195 108 0 60 5 0 111 109 0 40 89 0 158 146 0 13 49 0 39 160 0 117 0 20 0 81 193 0 92 0 84 0 118 68 100 35 0 77 69 0 |Drone Time: 25536.973567|25536.973567,0.000000,0.000000,0.000000
Drone 4: 0 186 0 97 0 174 22 0 137 0 50 18 0 104 0 153 155 0 79 0 189 45 140 170 196 0 27 139 0 78 0 80 31 0 103 122 0 197 91 0 190 9 0 |Drone Time: 25545.744696|25545.744696,0.000000,0.000000,0.000000
Drone 5: 0 70 30 131 0 169 159 183 82 0 29 57 0 65 105 0 53 0 188 0 172 163 0 171 66 0 3 75 0 98 8 0 48 0 200 56 0 185 0 198 2 0 |Drone Time: 25051.972822|25051.972822,0.000000,0.000000,0.000000
Total validation: Makespan=25577.016778, Deadline violation=0.000000, Energy violation=0.000000, Capacity violation=0.000000"
200.30.1,200,4,adaptive,g3,0.3,0.2,0.1,0.6,45,0,30875.742495,25577.016778,25577.016778,25577.016778,1319.220949,FEASIBLE,"Truck 1: 0 67 113 0 124 0 83 34 0 165 86 184 52 0 38 0 199 55 0 |Truck Time: 25533.911771|25533.911771,0.000000,0.000000,0.000000
Truck 2: 0 177 47 115 0 28 33 0 157 59 0 6 141 120 54 150 0 143 0 64 128 0 |Truck Time: 25147.265277|25147.265277,0.000000,0.000000,0.000000
Truck 3: 0 175 85 0 90 0 181 17 0 179 0 25 71 0 161 130 88 126 0 |Truck Time: 25577.016778|25577.016778,0.000000,0.000000,0.000000
Truck 4: 0 194 7 87 0 132 99 112 0 119 107 4 0 173 24 166 15 0 144 0 21 0 |Truck Time: 25459.299677|25459.299677,0.000000,0.000000,0.000000
Truck 5: 0 94 0 26 0 32 191 0 11 142 154 46 0 127 0 152 42 0 |Truck Time: 25125.526295|25125.526295,0.000000,0.000000,0.000000","Drone 1: 0 1 0 106 129 114 192 180 0 116 95 0 19 121 0 134 93 0 16 145 0 74 0 176 0 37 0 168 0 148 58 101 149 0 136 164 0 147 0 123 0 |Drone Time: 25562.325537|25562.325537,0.000000,0.000000,0.000000
Drone 2: 0 41 138 10 43 0 178 110 0 167 102 0 51 182 125 0 14 63 62 0 156 133 0 162 36 0 96 0 76 73 0 187 0 135 0 12 0 61 0 151 23 0 |Drone Time: 25490.400289|25490.400289,0.000000,0.000000,0.000000
Drone 3: 0 44 72 0 195 108 0 60 5 0 111 109 0 40 89 0 158 146 0 13 49 0 39 160 0 117 0 20 0 81 193 0 92 0 84 0 118 68 100 35 0 77 69 0 |Drone Time: 25536.973567|25536.973567,0.000000,0.000000,0.000000
Drone 4: 0 186 0 97 0 174 22 0 137 0 50 18 0 104 0 153 155 0 79 0 189 45 140 170 196 0 27 139 0 78 0 80 31 0 103 122 0 197 91 0 190 9 0 |Drone Time: 25545.744696|25545.744696,0.000000,0.000000,0.000000
Drone 5: 0 70 30 131 0 169 159 183 82 0 29 57 0 65 105 0 53 0 188 0 172 163 0 171 66 0 3 75 0 98 8 0 48 0 200 56 0 185 0 198 2 0 |Drone Time: 25051.972822|25051.972822,0.000000,0.000000,0.000000",25577.016778,0.0,0.0,0.0,"Truck Routes:
Truck 1: 0 67 113 0 124 0 83 34 0 165 86 184 52 0 38 0 199 55 0 |Truck Time: 25533.911771|25533.911771,0.000000,0.000000,0.000000
Truck 2: 0 177 47 115 0 28 33 0 157 59 0 6 141 120 54 150 0 143 0 64 128 0 |Truck Time: 25147.265277|25147.265277,0.000000,0.000000,0.000000
Truck 3: 0 175 85 0 90 0 181 17 0 179 0 25 71 0 161 130 88 126 0 |Truck Time: 25577.016778|25577.016778,0.000000,0.000000,0.000000
Truck 4: 0 194 7 87 0 132 99 112 0 119 107 4 0 173 24 166 15 0 144 0 21 0 |Truck Time: 25459.299677|25459.299677,0.000000,0.000000,0.000000
Truck 5: 0 94 0 26 0 32 191 0 11 142 154 46 0 127 0 152 42 0 |Truck Time: 25125.526295|25125.526295,0.000000,0.000000,0.000000
Drone Routes:
Drone 1: 0 1 0 106 129 114 192 180 0 116 95 0 19 121 0 134 93 0 16 145 0 74 0 176 0 37 0 168 0 148 58 101 149 0 136 164 0 147 0 123 0 |Drone Time: 25562.325537|25562.325537,0.000000,0.000000,0.000000
Drone 2: 0 41 138 10 43 0 178 110 0 167 102 0 51 182 125 0 14 63 62 0 156 133 0 162 36 0 96 0 76 73 0 187 0 135 0 12 0 61 0 151 23 0 |Drone Time: 25490.400289|25490.400289,0.000000,0.000000,0.000000
Drone 3: 0 44 72 0 195 108 0 60 5 0 111 109 0 40 89 0 158 146 0 13 49 0 39 160 0 117 0 20 0 81 193 0 92 0 84 0 118 68 100 35 0 77 69 0 |Drone Time: 25536.973567|25536.973567,0.000000,0.000000,0.000000
Drone 4: 0 186 0 97 0 174 22 0 137 0 50 18 0 104 0 153 155 0 79 0 189 45 140 170 196 0 27 139 0 78 0 80 31 0 103 122 0 197 91 0 190 9 0 |Drone Time: 25545.744696|25545.744696,0.000000,0.000000,0.000000
Drone 5: 0 70 30 131 0 169 159 183 82 0 29 57 0 65 105 0 53 0 188 0 172 163 0 171 66 0 3 75 0 98 8 0 48 0 200 56 0 185 0 198 2 0 |Drone Time: 25051.972822|25051.972822,0.000000,0.000000,0.000000
Total validation: Makespan=25577.016778, Deadline violation=0.000000, Energy violation=0.000000, Capacity violation=0.000000"
200.30.1,200,4,adaptive,g4,0.5,0.3,0.1,0.6,45,0,30875.742495,25577.016778,25577.016778,25577.016778,1006.35101,FEASIBLE,"Truck 1: 0 67 113 0 124 0 83 34 0 165 86 184 52 0 38 0 199 55 0 |Truck Time: 25533.911771|25533.911771,0.000000,0.000000,0.000000
Truck 2: 0 177 47 115 0 28 33 0 157 59 0 6 141 120 54 150 0 143 0 64 128 0 |Truck Time: 25147.265277|25147.265277,0.000000,0.000000,0.000000
Truck 3: 0 175 85 0 90 0 181 17 0 179 0 25 71 0 161 130 88 126 0 |Truck Time: 25577.016778|25577.016778,0.000000,0.000000,0.000000
Truck 4: 0 194 7 87 0 132 99 112 0 119 107 4 0 173 24 166 15 0 144 0 21 0 |Truck Time: 25459.299677|25459.299677,0.000000,0.000000,0.000000
Truck 5: 0 94 0 26 0 32 191 0 11 142 154 46 0 127 0 152 42 0 |Truck Time: 25125.526295|25125.526295,0.000000,0.000000,0.000000","Drone 1: 0 1 0 106 129 114 192 180 0 116 95 0 19 121 0 134 93 0 16 145 0 74 0 176 0 37 0 168 0 148 58 101 149 0 136 164 0 147 0 123 0 |Drone Time: 25562.325537|25562.325537,0.000000,0.000000,0.000000
Drone 2: 0 41 138 10 43 0 178 110 0 167 102 0 51 182 125 0 14 63 62 0 156 133 0 162 36 0 96 0 76 73 0 187 0 135 0 12 0 61 0 151 23 0 |Drone Time: 25490.400289|25490.400289,0.000000,0.000000,0.000000
Drone 3: 0 44 72 0 195 108 0 60 5 0 111 109 0 40 89 0 158 146 0 13 49 0 39 160 0 117 0 20 0 81 193 0 92 0 84 0 118 68 100 35 0 77 69 0 |Drone Time: 25536.973567|25536.973567,0.000000,0.000000,0.000000
Drone 4: 0 186 0 97 0 174 22 0 137 0 50 18 0 104 0 153 155 0 79 0 189 45 140 170 196 0 27 139 0 78 0 80 31 0 103 122 0 197 91 0 190 9 0 |Drone Time: 25545.744696|25545.744696,0.000000,0.000000,0.000000
Drone 5: 0 70 30 131 0 169 159 183 82 0 29 57 0 65 105 0 53 0 188 0 172 163 0 171 66 0 3 75 0 98 8 0 48 0 200 56 0 185 0 198 2 0 |Drone Time: 25051.972822|25051.972822,0.000000,0.000000,0.000000",25577.016778,0.0,0.0,0.0,"Truck Routes:
Truck 1: 0 67 113 0 124 0 83 34 0 165 86 184 52 0 38 0 199 55 0 |Truck Time: 25533.911771|25533.911771,0.000000,0.000000,0.000000
Truck 2: 0 177 47 115 0 28 33 0 157 59 0 6 141 120 54 150 0 143 0 64 128 0 |Truck Time: 25147.265277|25147.265277,0.000000,0.000000,0.000000
Truck 3: 0 175 85 0 90 0 181 17 0 179 0 25 71 0 161 130 88 126 0 |Truck Time: 25577.016778|25577.016778,0.000000,0.000000,0.000000
Truck 4: 0 194 7 87 0 132 99 112 0 119 107 4 0 173 24 166 15 0 144 0 21 0 |Truck Time: 25459.299677|25459.299677,0.000000,0.000000,0.000000
Truck 5: 0 94 0 26 0 32 191 0 11 142 154 46 0 127 0 152 42 0 |Truck Time: 25125.526295|25125.526295,0.000000,0.000000,0.000000
Drone Routes:
Drone 1: 0 1 0 106 129 114 192 180 0 116 95 0 19 121 0 134 93 0 16 145 0 74 0 176 0 37 0 168 0 148 58 101 149 0 136 164 0 147 0 123 0 |Drone Time: 25562.325537|25562.325537,0.000000,0.000000,0.000000
Drone 2: 0 41 138 10 43 0 178 110 0 167 102 0 51 182 125 0 14 63 62 0 156 133 0 162 36 0 96 0 76 73 0 187 0 135 0 12 0 61 0 151 23 0 |Drone Time: 25490.400289|25490.400289,0.000000,0.000000,0.000000
Drone 3: 0 44 72 0 195 108 0 60 5 0 111 109 0 40 89 0 158 146 0 13 49 0 39 160 0 117 0 20 0 81 193 0 92 0 84 0 118 68 100 35 0 77 69 0 |Drone Time: 25536.973567|25536.973567,0.000000,0.000000,0.000000
Drone 4: 0 186 0 97 0 174 22 0 137 0 50 18 0 104 0 153 155 0 79 0 189 45 140 170 196 0 27 139 0 78 0 80 31 0 103 122 0 197 91 0 190 9 0 |Drone Time: 25545.744696|25545.744696,0.000000,0.000000,0.000000
Drone 5: 0 70 30 131 0 169 159 183 82 0 29 57 0 65 105 0 53 0 188 0 172 163 0 171 66 0 3 75 0 98 8 0 48 0 200 56 0 185 0 198 2 0 |Drone Time: 25051.972822|25051.972822,0.000000,0.000000,0.000000
Total validation: Makespan=25577.016778, Deadline violation=0.000000, Energy violation=0.000000, Capacity violation=0.000000"
200.30.1,200,5,adaptive,g1,0.3,0.2,0.1,0.3,46,0,32461.185854,26017.370984,26017.370984,26017.370984,903.482837,FEASIBLE,"Truck 1: 0 172 0 51 143 0 38 0 83 0 24 166 0 |Truck Time: 25130.542787|25130.542787,0.000000,0.000000,0.000000
Truck 2: 0 147 165 0 194 154 46 0 175 183 0 59 92 15 0 32 54 0 158 0 |Truck Time: 25815.850588|25815.850588,0.000000,0.000000,0.000000
Truck 3: 0 150 0 97 0 157 198 0 21 31 67 0 161 88 120 0 116 17 55 0 |Truck Time: 25922.599574|25922.599574,0.000000,0.000000,0.000000
Truck 4: 0 173 77 0 129 106 0 62 99 137 0 36 43 58 0 4 0 42 152 197 0 |Truck Time: 25723.021121|25723.021121,0.000000,0.000000,0.000000
Truck 5: 0 115 9 47 0 11 0 119 128 28 0 52 0 90 0 6 141 191 0 |Truck Time: 26017.370984|26017.370984,0.000000,0.000000,0.000000","Drone 1: 0 26 39 0 44 22 169 0 164 82 146 68 0 180 179 89 0 74 126 0 130 0 1 121 131 0 127 45 0 80 162 0 27 139 0 37 0 200 56 0 186 0 72 0 136 190 196 0 132 0 |Drone Time: 25984.230563|25984.230563,0.000000,0.000000,0.000000
Drone 2: 0 109 60 63 0 188 108 0 29 34 155 0 19 49 0 144 193 0 10 0 153 145 0 33 41 0 184 0 3 0 8 0 177 0 185 0 84 0 113 69 0 |Drone Time: 25732.711352|25732.711352,0.000000,0.000000,0.000000
Drone 3: 0 134 0 16 0 195 160 0 142 138 110 0 53 0 156 70 0 171 66 0 14 182 0 95 117 0 20 0 187 0 135 0 12 0 61 0 118 114 107 0 112 85 0 |Drone Time: 25856.204076|25856.204076,0.000000,0.000000,0.000000
Drone 4: 0 125 0 48 140 0 111 71 0 65 105 0 167 40 0 30 50 163 13 0 170 100 2 0 96 0 76 73 0 18 0 86 178 0 168 0 159 174 0 78 75 0 |Drone Time: 25827.036686|25827.036686,0.000000,0.000000,0.000000
Drone 5: 0 98 192 0 87 93 101 0 64 148 0 103 81 133 0 25 5 0 35 104 57 0 123 91 0 79 0 7 149 0 176 0 124 189 0 102 199 0 94 0 151 23 0 181 122 0 |Drone Time: 25597.406525|25597.406525,0.000000,0.000000,0.000000",26017.370984,0.0,0.0,0.0,"Truck Routes:
Truck 1: 0 172 0 51 143 0 38 0 83 0 24 166 0 |Truck Time: 25130.542787|25130.542787,0.000000,0.000000,0.000000
Truck 2: 0 147 165 0 194 154 46 0 175 183 0 59 92 15 0 32 54 0 158 0 |Truck Time: 25815.850588|25815.850588,0.000000,0.000000,0.000000
Truck 3: 0 150 0 97 0 157 198 0 21 31 67 0 161 88 120 0 116 17 55 0 |Truck Time: 25922.599574|25922.599574,0.000000,0.000000,0.000000
Truck 4: 0 173 77 0 129 106 0 62 99 137 0 36 43 58 0 4 0 42 152 197 0 |Truck Time: 25723.021121|25723.021121,0.000000,0.000000,0.000000
Truck 5: 0 115 9 47 0 11 0 119 128 28 0 52 0 90 0 6 141 191 0 |Truck Time: 26017.370984|26017.370984,0.000000,0.000000,0.000000
Drone Routes:
Drone 1: 0 26 39 0 44 22 169 0 164 82 146 68 0 180 179 89 0 74 126 0 130 0 1 121 131 0 127 45 0 80 162 0 27 139 0 37 0 200 56 0 186 0 72 0 136 190 196 0 132 0 |Drone Time: 25984.230563|25984.230563,0.000000,0.000000,0.000000
Drone 2: 0 109 60 63 0 188 108 0 29 34 155 0 19 49 0 144 193 0 10 0 153 145 0 33 41 0 184 0 3 0 8 0 177 0 185 0 84 0 113 69 0 |Drone Time: 25732.711352|25732.711352,0.000000,0.000000,0.000000
Drone 3: 0 134 0 16 0 195 160 0 142 138 110 0 53 0 156 70 0 171 66 0 14 182 0 95 117 0 20 0 187 0 135 0 12 0 61 0 118 114 107 0 112 85 0 |Drone Time: 25856.204076|25856.204076,0.000000,0.000000,0.000000
Drone 4: 0 125 0 48 140 0 111 71 0 65 105 0 167 40 0 30 50 163 13 0 170 100 2 0 96 0 76 73 0 18 0 86 178 0 168 0 159 174 0 78 75 0 |Drone Time: 25827.036686|25827.036686,0.000000,0.000000,0.000000
Drone 5: 0 98 192 0 87 93 101 0 64 148 0 103 81 133 0 25 5 0 35 104 57 0 123 91 0 79 0 7 149 0 176 0 124 189 0 102 199 0 94 0 151 23 0 181 122 0 |Drone Time: 25597.406525|25597.406525,0.000000,0.000000,0.000000
Total validation: Makespan=26017.370984, Deadline violation=0.000000, Energy violation=0.000000, Capacity violation=0.000000"
200.30.1,200,5,adaptive,g2,0.5,0.3,0.1,0.3,46,0,32461.185854,26017.370984,26017.370984,26017.370984,891.828523,FEASIBLE,"Truck 1: 0 172 0 51 143 0 38 0 83 0 24 166 0 |Truck Time: 25130.542787|25130.542787,0.000000,0.000000,0.000000
Truck 2: 0 147 165 0 194 154 46 0 175 183 0 59 92 15 0 32 54 0 158 0 |Truck Time: 25815.850588|25815.850588,0.000000,0.000000,0.000000
Truck 3: 0 150 0 97 0 157 198 0 21 31 67 0 161 88 120 0 116 17 55 0 |Truck Time: 25922.599574|25922.599574,0.000000,0.000000,0.000000
Truck 4: 0 173 77 0 129 106 0 62 99 137 0 36 43 58 0 4 0 42 152 197 0 |Truck Time: 25723.021121|25723.021121,0.000000,0.000000,0.000000
Truck 5: 0 115 9 47 0 11 0 119 128 28 0 52 0 90 0 6 141 191 0 |Truck Time: 26017.370984|26017.370984,0.000000,0.000000,0.000000","Drone 1: 0 26 39 0 44 22 169 0 164 82 146 68 0 180 179 89 0 74 126 0 130 0 1 121 131 0 127 45 0 80 162 0 27 139 0 37 0 200 56 0 186 0 72 0 136 190 196 0 132 0 |Drone Time: 25984.230563|25984.230563,0.000000,0.000000,0.000000
Drone 2: 0 109 60 63 0 188 108 0 29 34 155 0 19 49 0 144 193 0 10 0 153 145 0 33 41 0 184 0 3 0 8 0 177 0 185 0 84 0 113 69 0 |Drone Time: 25732.711352|25732.711352,0.000000,0.000000,0.000000
Drone 3: 0 134 0 16 0 195 160 0 142 138 110 0 53 0 156 70 0 171 66 0 14 182 0 95 117 0 20 0 187 0 135 0 12 0 61 0 118 114 107 0 112 85 0 |Drone Time: 25856.204076|25856.204076,0.000000,0.000000,0.000000
Drone 4: 0 125 0 48 140 0 111 71 0 65 105 0 167 40 0 30 50 163 13 0 170 100 2 0 96 0 76 73 0 18 0 86 178 0 168 0 159 174 0 78 75 0 |Drone Time: 25827.036686|25827.036686,0.000000,0.000000,0.000000
Drone 5: 0 98 192 0 87 93 101 0 64 148 0 103 81 133 0 25 5 0 35 104 57 0 123 91 0 79 0 7 149 0 176 0 124 189 0 102 199 0 94 0 151 23 0 181 122 0 |Drone Time: 25597.406525|25597.406525,0.000000,0.000000,0.000000",26017.370984,0.0,0.0,0.0,"Truck Routes:
Truck 1: 0 172 0 51 143 0 38 0 83 0 24 166 0 |Truck Time: 25130.542787|25130.542787,0.000000,0.000000,0.000000
Truck 2: 0 147 165 0 194 154 46 0 175 183 0 59 92 15 0 32 54 0 158 0 |Truck Time: 25815.850588|25815.850588,0.000000,0.000000,0.000000
Truck 3: 0 150 0 97 0 157 198 0 21 31 67 0 161 88 120 0 116 17 55 0 |Truck Time: 25922.599574|25922.599574,0.000000,0.000000,0.000000
Truck 4: 0 173 77 0 129 106 0 62 99 137 0 36 43 58 0 4 0 42 152 197 0 |Truck Time: 25723.021121|25723.021121,0.000000,0.000000,0.000000
Truck 5: 0 115 9 47 0 11 0 119 128 28 0 52 0 90 0 6 141 191 0 |Truck Time: 26017.370984|26017.370984,0.000000,0.000000,0.000000
Drone Routes:
Drone 1: 0 26 39 0 44 22 169 0 164 82 146 68 0 180 179 89 0 74 126 0 130 0 1 121 131 0 127 45 0 80 162 0 27 139 0 37 0 200 56 0 186 0 72 0 136 190 196 0 132 0 |Drone Time: 25984.230563|25984.230563,0.000000,0.000000,0.000000
Drone 2: 0 109 60 63 0 188 108 0 29 34 155 0 19 49 0 144 193 0 10 0 153 145 0 33 41 0 184 0 3 0 8 0 177 0 185 0 84 0 113 69 0 |Drone Time: 25732.711352|25732.711352,0.000000,0.000000,0.000000
Drone 3: 0 134 0 16 0 195 160 0 142 138 110 0 53 0 156 70 0 171 66 0 14 182 0 95 117 0 20 0 187 0 135 0 12 0 61 0 118 114 107 0 112 85 0 |Drone Time: 25856.204076|25856.204076,0.000000,0.000000,0.000000
Drone 4: 0 125 0 48 140 0 111 71 0 65 105 0 167 40 0 30 50 163 13 0 170 100 2 0 96 0 76 73 0 18 0 86 178 0 168 0 159 174 0 78 75 0 |Drone Time: 25827.036686|25827.036686,0.000000,0.000000,0.000000
Drone 5: 0 98 192 0 87 93 101 0 64 148 0 103 81 133 0 25 5 0 35 104 57 0 123 91 0 79 0 7 149 0 176 0 124 189 0 102 199 0 94 0 151 23 0 181 122 0 |Drone Time: 25597.406525|25597.406525,0.000000,0.000000,0.000000
Total validation: Makespan=26017.370984, Deadline violation=0.000000, Energy violation=0.000000, Capacity violation=0.000000"
200.30.1,200,5,adaptive,g3,0.3,0.2,0.1,0.6,46,0,32461.185854,26017.370984,26017.370984,26017.370984,888.840807,FEASIBLE,"Truck 1: 0 172 0 51 143 0 38 0 83 0 24 166 0 |Truck Time: 25130.542787|25130.542787,0.000000,0.000000,0.000000
Truck 2: 0 147 165 0 194 154 46 0 175 183 0 59 92 15 0 32 54 0 158 0 |Truck Time: 25815.850588|25815.850588,0.000000,0.000000,0.000000
Truck 3: 0 150 0 97 0 157 198 0 21 31 67 0 161 88 120 0 116 17 55 0 |Truck Time: 25922.599574|25922.599574,0.000000,0.000000,0.000000
Truck 4: 0 173 77 0 129 106 0 62 99 137 0 36 43 58 0 4 0 42 152 197 0 |Truck Time: 25723.021121|25723.021121,0.000000,0.000000,0.000000
Truck 5: 0 115 9 47 0 11 0 119 128 28 0 52 0 90 0 6 141 191 0 |Truck Time: 26017.370984|26017.370984,0.000000,0.000000,0.000000","Drone 1: 0 26 39 0 44 22 169 0 164 82 146 68 0 180 179 89 0 74 126 0 130 0 1 121 131 0 127 45 0 80 162 0 27 139 0 37 0 200 56 0 186 0 72 0 136 190 196 0 132 0 |Drone Time: 25984.230563|25984.230563,0.000000,0.000000,0.000000
Drone 2: 0 109 60 63 0 188 108 0 29 34 155 0 19 49 0 144 193 0 10 0 153 145 0 33 41 0 184 0 3 0 8 0 177 0 185 0 84 0 113 69 0 |Drone Time: 25732.711352|25732.711352,0.000000,0.000000,0.000000
Drone 3: 0 134 0 16 0 195 160 0 142 138 110 0 53 0 156 70 0 171 66 0 14 182 0 95 117 0 20 0 187 0 135 0 12 0 61 0 118 114 107 0 112 85 0 |Drone Time: 25856.204076|25856.204076,0.000000,0.000000,0.000000
Drone 4: 0 125 0 48 140 0 111 71 0 65 105 0 167 40 0 30 50 163 13 0 170 100 2 0 96 0 76 73 0 18 0 86 178 0 168 0 159 174 0 78 75 0 |Drone Time: 25827.036686|25827.036686,0.000000,0.000000,0.000000
Drone 5: 0 98 192 0 87 93 101 0 64 148 0 103 81 133 0 25 5 0 35 104 57 0 123 91 0 79 0 7 149 0 176 0 124 189 0 102 199 0 94 0 151 23 0 181 122 0 |Drone Time: 25597.406525|25597.406525,0.000000,0.000000,0.000000",26017.370984,0.0,0.0,0.0,"Truck Routes:
Truck 1: 0 172 0 51 143 0 38 0 83 0 24 166 0 |Truck Time: 25130.542787|25130.542787,0.000000,0.000000,0.000000
Truck 2: 0 147 165 0 194 154 46 0 175 183 0 59 92 15 0 32 54 0 158 0 |Truck Time: 25815.850588|25815.850588,0.000000,0.000000,0.000000
Truck 3: 0 150 0 97 0 157 198 0 21 31 67 0 161 88 120 0 116 17 55 0 |Truck Time: 25922.599574|25922.599574,0.000000,0.000000,0.000000
Truck 4: 0 173 77 0 129 106 0 62 99 137 0 36 43 58 0 4 0 42 152 197 0 |Truck Time: 25723.021121|25723.021121,0.000000,0.000000,0.000000
Truck 5: 0 115 9 47 0 11 0 119 128 28 0 52 0 90 0 6 141 191 0 |Truck Time: 26017.370984|26017.370984,0.000000,0.000000,0.000000
Drone Routes:
Drone 1: 0 26 39 0 44 22 169 0 164 82 146 68 0 180 179 89 0 74 126 0 130 0 1 121 131 0 127 45 0 80 162 0 27 139 0 37 0 200 56 0 186 0 72 0 136 190 196 0 132 0 |Drone Time: 25984.230563|25984.230563,0.000000,0.000000,0.000000
Drone 2: 0 109 60 63 0 188 108 0 29 34 155 0 19 49 0 144 193 0 10 0 153 145 0 33 41 0 184 0 3 0 8 0 177 0 185 0 84 0 113 69 0 |Drone Time: 25732.711352|25732.711352,0.000000,0.000000,0.000000
Drone 3: 0 134 0 16 0 195 160 0 142 138 110 0 53 0 156 70 0 171 66 0 14 182 0 95 117 0 20 0 187 0 135 0 12 0 61 0 118 114 107 0 112 85 0 |Drone Time: 25856.204076|25856.204076,0.000000,0.000000,0.000000
Drone 4: 0 125 0 48 140 0 111 71 0 65 105 0 167 40 0 30 50 163 13 0 170 100 2 0 96 0 76 73 0 18 0 86 178 0 168 0 159 174 0 78 75 0 |Drone Time: 25827.036686|25827.036686,0.000000,0.000000,0.000000
Drone 5: 0 98 192 0 87 93 101 0 64 148 0 103 81 133 0 25 5 0 35 104 57 0 123 91 0 79 0 7 149 0 176 0 124 189 0 102 199 0 94 0 151 23 0 181 122 0 |Drone Time: 25597.406525|25597.406525,0.000000,0.000000,0.000000
Total validation: Makespan=26017.370984, Deadline violation=0.000000, Energy violation=0.000000, Capacity violation=0.000000"
200.30.1,200,5,adaptive,g4,0.5,0.3,0.1,0.6,46,0,32461.185854,26017.370984,26017.370984,26017.370984,918.089026,FEASIBLE,"Truck 1: 0 172 0 51 143 0 38 0 83 0 24 166 0 |Truck Time: 25130.542787|25130.542787,0.000000,0.000000,0.000000
Truck 2: 0 147 165 0 194 154 46 0 175 183 0 59 92 15 0 32 54 0 158 0 |Truck Time: 25815.850588|25815.850588,0.000000,0.000000,0.000000
Truck 3: 0 150 0 97 0 157 198 0 21 31 67 0 161 88 120 0 116 17 55 0 |Truck Time: 25922.599574|25922.599574,0.000000,0.000000,0.000000
Truck 4: 0 173 77 0 129 106 0 62 99 137 0 36 43 58 0 4 0 42 152 197 0 |Truck Time: 25723.021121|25723.021121,0.000000,0.000000,0.000000
Truck 5: 0 115 9 47 0 11 0 119 128 28 0 52 0 90 0 6 141 191 0 |Truck Time: 26017.370984|26017.370984,0.000000,0.000000,0.000000","Drone 1: 0 26 39 0 44 22 169 0 164 82 146 68 0 180 179 89 0 74 126 0 130 0 1 121 131 0 127 45 0 80 162 0 27 139 0 37 0 200 56 0 186 0 72 0 136 190 196 0 132 0 |Drone Time: 25984.230563|25984.230563,0.000000,0.000000,0.000000
Drone 2: 0 109 60 63 0 188 108 0 29 34 155 0 19 49 0 144 193 0 10 0 153 145 0 33 41 0 184 0 3 0 8 0 177 0 185 0 84 0 113 69 0 |Drone Time: 25732.711352|25732.711352,0.000000,0.000000,0.000000
Drone 3: 0 134 0 16 0 195 160 0 142 138 110 0 53 0 156 70 0 171 66 0 14 182 0 95 117 0 20 0 187 0 135 0 12 0 61 0 118 114 107 0 112 85 0 |Drone Time: 25856.204076|25856.204076,0.000000,0.000000,0.000000
Drone 4: 0 125 0 48 140 0 111 71 0 65 105 0 167 40 0 30 50 163 13 0 170 100 2 0 96 0 76 73 0 18 0 86 178 0 168 0 159 174 0 78 75 0 |Drone Time: 25827.036686|25827.036686,0.000000,0.000000,0.000000
Drone 5: 0 98 192 0 87 93 101 0 64 148 0 103 81 133 0 25 5 0 35 104 57 0 123 91 0 79 0 7 149 0 176 0 124 189 0 102 199 0 94 0 151 23 0 181 122 0 |Drone Time: 25597.406525|25597.406525,0.000000,0.000000,0.000000",26017.370984,0.0,0.0,0.0,"Truck Routes:
Truck 1: 0 172 0 51 143 0 38 0 83 0 24 166 0 |Truck Time: 25130.542787|25130.542787,0.000000,0.000000,0.000000
Truck 2: 0 147 165 0 194 154 46 0 175 183 0 59 92 15 0 32 54 0 158 0 |Truck Time: 25815.850588|25815.850588,0.000000,0.000000,0.000000
Truck 3: 0 150 0 97 0 157 198 0 21 31 67 0 161 88 120 0 116 17 55 0 |Truck Time: 25922.599574|25922.599574,0.000000,0.000000,0.000000
Truck 4: 0 173 77 0 129 106 0 62 99 137 0 36 43 58 0 4 0 42 152 197 0 |Truck Time: 25723.021121|25723.021121,0.000000,0.000000,0.000000
Truck 5: 0 115 9 47 0 11 0 119 128 28 0 52 0 90 0 6 141 191 0 |Truck Time: 26017.370984|26017.370984,0.000000,0.000000,0.000000
Drone Routes:
Drone 1: 0 26 39 0 44 22 169 0 164 82 146 68 0 180 179 89 0 74 126 0 130 0 1 121 131 0 127 45 0 80 162 0 27 139 0 37 0 200 56 0 186 0 72 0 136 190 196 0 132 0 |Drone Time: 25984.230563|25984.230563,0.000000,0.000000,0.000000
Drone 2: 0 109 60 63 0 188 108 0 29 34 155 0 19 49 0 144 193 0 10 0 153 145 0 33 41 0 184 0 3 0 8 0 177 0 185 0 84 0 113 69 0 |Drone Time: 25732.711352|25732.711352,0.000000,0.000000,0.000000
Drone 3: 0 134 0 16 0 195 160 0 142 138 110 0 53 0 156 70 0 171 66 0 14 182 0 95 117 0 20 0 187 0 135 0 12 0 61 0 118 114 107 0 112 85 0 |Drone Time: 25856.204076|25856.204076,0.000000,0.000000,0.000000
Drone 4: 0 125 0 48 140 0 111 71 0 65 105 0 167 40 0 30 50 163 13 0 170 100 2 0 96 0 76 73 0 18 0 86 178 0 168 0 159 174 0 78 75 0 |Drone Time: 25827.036686|25827.036686,0.000000,0.000000,0.000000
Drone 5: 0 98 192 0 87 93 101 0 64 148 0 103 81 133 0 25 5 0 35 104 57 0 123 91 0 79 0 7 149 0 176 0 124 189 0 102 199 0 94 0 151 23 0 181 122 0 |Drone Time: 25597.406525|25597.406525,0.000000,0.000000,0.000000
Total validation: Makespan=26017.370984, Deadline violation=0.000000, Energy violation=0.000000, Capacity violation=0.000000"
200.30.2,200,1,adaptive,g1,0.3,0.2,0.1,0.3,42,0,30411.092372,21845.740778,21845.740778,21845.740778,1058.672356,FEASIBLE,"Truck 1: 0 7 125 172 0 199 69 0 109 99 0 104 0 |Truck Time: 21694.574336|21694.574336,0.000000,0.000000,0.000000
Truck 2: 0 171 101 0 46 135 0 155 149 113 177 0 100 160 6 141 0 191 77 10 33 0 |Truck Time: 21845.740778|21845.740778,0.000000,0.000000,0.000000
Truck 3: 0 130 16 120 122 0 133 140 0 19 43 0 11 129 82 134 0 162 184 186 148 0 |Truck Time: 21788.044426|21788.044426,0.000000,0.000000,0.000000
Truck 4: 0 132 51 80 150 47 0 89 65 0 96 190 0 56 13 111 0 87 60 23 48 0 |Truck Time: 21400.930074|21400.930074,0.000000,0.000000,0.000000
Truck 5: 0 39 0 91 74 78 108 179 146 0 32 117 142 0 22 8 158 75 0 183 0 |Truck Time: 21033.088042|21033.088042,0.000000,0.000000,0.000000","Drone 1: 0 112 185 0 182 9 127 0 114 94 53 0 37 168 173 0 145 93 0 192 66 143 0 123 71 0 54 12 0 2 35 0 92 85 52 0 137 0 196 178 0 131 55 0 |Drone Time: 21810.184892|21810.184892,0.000000,0.000000,0.000000
Drone 2: 0 163 0 29 0 126 0 195 62 0 58 25 0 161 76 0 174 138 0 28 36 154 0 84 139 41 0 44 0 98 0 86 0 136 0 97 128 0 |Drone Time: 21589.062018|21589.062018,0.000000,0.000000,0.000000
Drone 3: 0 21 0 193 170 0 15 81 106 1 0 124 0 42 159 144 0 90 194 0 198 0 67 88 95 0 169 0 165 14 0 121 116 79 49 0 68 0 27 0 180 0 18 0 |Drone Time: 21809.701736|21809.701736,0.000000,0.000000,0.000000
Drone 4: 0 119 0 3 70 176 0 83 152 0 103 187 0 110 197 0 164 0 4 0 50 105 0 175 156 0 151 0 167 188 0 107 157 0 45 24 0 |Drone Time: 21651.481651|21651.481651,0.000000,0.000000,0.000000
Drone 5: 0 34 30 0 147 64 166 0 63 40 0 200 0 153 0 26 0 181 59 118 57 0 31 61 0 189 72 0 115 17 0 38 0 102 0 20 0 73 5 0 |Drone Time: 21766.716555|21766.716555,0.000000,0.000000,0.000000",21845.740778,0.0,0.0,0.0,"Truck Routes:
Truck 1: 0 7 125 172 0 199 69 0 109 99 0 104 0 |Truck Time: 21694.574336|21694.574336,0.000000,0.000000,0.000000
Truck 2: 0 171 101 0 46 135 0 155 149 113 177 0 100 160 6 141 0 191 77 10 33 0 |Truck Time: 21845.740778|21845.740778,0.000000,0.000000,0.000000
Truck 3: 0 130 16 120 122 0 133 140 0 19 43 0 11 129 82 134 0 162 184 186 148 0 |Truck Time: 21788.044426|21788.044426,0.000000,0.000000,0.000000
Truck 4: 0 132 51 80 150 47 0 89 65 0 96 190 0 56 13 111 0 87 60 23 48 0 |Truck Time: 21400.930074|21400.930074,0.000000,0.000000,0.000000
Truck 5: 0 39 0 91 74 78 108 179 146 0 32 117 142 0 22 8 158 75 0 183 0 |Truck Time: 21033.088042|21033.088042,0.000000,0.000000,0.000000
Drone Routes:
Drone 1: 0 112 185 0 182 9 127 0 114 94 53 0 37 168 173 0 145 93 0 192 66 143 0 123 71 0 54 12 0 2 35 0 92 85 52 0 137 0 196 178 0 131 55 0 |Drone Time: 21810.184892|21810.184892,0.000000,0.000000,0.000000
Drone 2: 0 163 0 29 0 126 0 195 62 0 58 25 0 161 76 0 174 138 0 28 36 154 0 84 139 41 0 44 0 98 0 86 0 136 0 97 128 0 |Drone Time: 21589.062018|21589.062018,0.000000,0.000000,0.000000
Drone 3: 0 21 0 193 170 0 15 81 106 1 0 124 0 42 159 144 0 90 194 0 198 0 67 88 95 0 169 0 165 14 0 121 116 79 49 0 68 0 27 0 180 0 18 0 |Drone Time: 21809.701736|21809.701736,0.000000,0.000000,0.000000
Drone 4: 0 119 0 3 70 176 0 83 152 0 103 187 0 110 197 0 164 0 4 0 50 105 0 175 156 0 151 0 167 188 0 107 157 0 45 24 0 |Drone Time: 21651.481651|21651.481651,0.000000,0.000000,0.000000
Drone 5: 0 34 30 0 147 64 166 0 63 40 0 200 0 153 0 26 0 181 59 118 57 0 31 61 0 189 72 0 115 17 0 38 0 102 0 20 0 73 5 0 |Drone Time: 21766.716555|21766.716555,0.000000,0.000000,0.000000
Total validation: Makespan=21845.740778, Deadline violation=0.000000, Energy violation=0.000000, Capacity violation=0.000000"
200.30.2,200,1,adaptive,g2,0.5,0.3,0.1,0.3,42,0,30411.092372,21845.740778,21845.740778,21845.740778,1061.541689,FEASIBLE,"Truck 1: 0 7 125 172 0 199 69 0 109 99 0 104 0 |Truck Time: 21694.574336|21694.574336,0.000000,0.000000,0.000000
Truck 2: 0 171 101 0 46 135 0 155 149 113 177 0 100 160 6 141 0 191 77 10 33 0 |Truck Time: 21845.740778|21845.740778,0.000000,0.000000,0.000000
Truck 3: 0 130 16 120 122 0 133 140 0 19 43 0 11 129 82 134 0 162 184 186 148 0 |Truck Time: 21788.044426|21788.044426,0.000000,0.000000,0.000000
Truck 4: 0 132 51 80 150 47 0 89 65 0 96 190 0 56 13 111 0 87 60 23 48 0 |Truck Time: 21400.930074|21400.930074,0.000000,0.000000,0.000000
Truck 5: 0 39 0 91 74 78 108 179 146 0 32 117 142 0 22 8 158 75 0 183 0 |Truck Time: 21033.088042|21033.088042,0.000000,0.000000,0.000000","Drone 1: 0 112 185 0 182 9 127 0 114 94 53 0 37 168 173 0 145 93 0 192 66 143 0 123 71 0 54 12 0 2 35 0 92 85 52 0 137 0 196 178 0 131 55 0 |Drone Time: 21810.184892|21810.184892,0.000000,0.000000,0.000000
Drone 2: 0 163 0 29 0 126 0 195 62 0 58 25 0 161 76 0 174 138 0 28 36 154 0 84 139 41 0 44 0 98 0 86 0 136 0 97 128 0 |Drone Time: 21589.062018|21589.062018,0.000000,0.000000,0.000000
Drone 3: 0 21 0 193 170 0 15 81 106 1 0 124 0 42 159 144 0 90 194 0 198 0 67 88 95 0 169 0 165 14 0 121 116 79 49 0 68 0 27 0 180 0 18 0 |Drone Time: 21809.701736|21809.701736,0.000000,0.000000,0.000000
Drone 4: 0 119 0 3 70 176 0 83 152 0 103 187 0 110 197 0 164 0 4 0 50 105 0 175 156 0 151 0 167 188 0 107 157 0 45 24 0 |Drone Time: 21651.481651|21651.481651,0.000000,0.000000,0.000000
Drone 5: 0 34 30 0 147 64 166 0 63 40 0 200 0 153 0 26 0 181 59 118 57 0 31 61 0 189 72 0 115 17 0 38 0 102 0 20 0 73 5 0 |Drone Time: 21766.716555|21766.716555,0.000000,0.000000,0.000000",21845.740778,0.0,0.0,0.0,"Truck Routes:
Truck 1: 0 7 125 172 0 199 69 0 109 99 0 104 0 |Truck Time: 21694.574336|21694.574336,0.000000,0.000000,0.000000
Truck 2: 0 171 101 0 46 135 0 155 149 113 177 0 100 160 6 141 0 191 77 10 33 0 |Truck Time: 21845.740778|21845.740778,0.000000,0.000000,0.000000
Truck 3: 0 130 16 120 122 0 133 140 0 19 43 0 11 129 82 134 0 162 184 186 148 0 |Truck Time: 21788.044426|21788.044426,0.000000,0.000000,0.000000
Truck 4: 0 132 51 80 150 47 0 89 65 0 96 190 0 56 13 111 0 87 60 23 48 0 |Truck Time: 21400.930074|21400.930074,0.000000,0.000000,0.000000
Truck 5: 0 39 0 91 74 78 108 179 146 0 32 117 142 0 22 8 158 75 0 183 0 |Truck Time: 21033.088042|21033.088042,0.000000,0.000000,0.000000
Drone Routes:
Drone 1: 0 112 185 0 182 9 127 0 114 94 53 0 37 168 173 0 145 93 0 192 66 143 0 123 71 0 54 12 0 2 35 0 92 85 52 0 137 0 196 178 0 131 55 0 |Drone Time: 21810.184892|21810.184892,0.000000,0.000000,0.000000
Drone 2: 0 163 0 29 0 126 0 195 62 0 58 25 0 161 76 0 174 138 0 28 36 154 0 84 139 41 0 44 0 98 0 86 0 136 0 97 128 0 |Drone Time: 21589.062018|21589.062018,0.000000,0.000000,0.000000
Drone 3: 0 21 0 193 170 0 15 81 106 1 0 124 0 42 159 144 0 90 194 0 198 0 67 88 95 0 169 0 165 14 0 121 116 79 49 0 68 0 27 0 180 0 18 0 |Drone Time: 21809.701736|21809.701736,0.000000,0.000000,0.000000
Drone 4: 0 119 0 3 70 176 0 83 152 0 103 187 0 110 197 0 164 0 4 0 50 105 0 175 156 0 151 0 167 188 0 107 157 0 45 24 0 |Drone Time: 21651.481651|21651.481651,0.000000,0.000000,0.000000
Drone 5: 0 34 30 0 147 64 166 0 63 40 0 200 0 153 0 26 0 181 59 118 57 0 31 61 0 189 72 0 115 17 0 38 0 102 0 20 0 73 5 0 |Drone Time: 21766.716555|21766.716555,0.000000,0.000000,0.000000
Total validation: Makespan=21845.740778, Deadline violation=0.000000, Energy violation=0.000000, Capacity violation=0.000000"
200.30.2,200,1,adaptive,g3,0.3,0.2,0.1,0.6,42,0,30411.092372,21845.740778,21845.740778,21845.740778,1172.225878,FEASIBLE,"Truck 1: 0 7 125 172 0 199 69 0 109 99 0 104 0 |Truck Time: 21694.574336|21694.574336,0.000000,0.000000,0.000000
Truck 2: 0 171 101 0 46 135 0 155 149 113 177 0 100 160 6 141 0 191 77 10 33 0 |Truck Time: 21845.740778|21845.740778,0.000000,0.000000,0.000000
Truck 3: 0 130 16 120 122 0 133 140 0 19 43 0 11 129 82 134 0 162 184 186 148 0 |Truck Time: 21788.044426|21788.044426,0.000000,0.000000,0.000000
Truck 4: 0 132 51 80 150 47 0 89 65 0 96 190 0 56 13 111 0 87 60 23 48 0 |Truck Time: 21400.930074|21400.930074,0.000000,0.000000,0.000000
Truck 5: 0 39 0 91 74 78 108 179 146 0 32 117 142 0 22 8 158 75 0 183 0 |Truck Time: 21033.088042|21033.088042,0.000000,0.000000,0.000000","Drone 1: 0 112 185 0 182 9 127 0 114 94 53 0 37 168 173 0 145 93 0 192 66 143 0 123 71 0 54 12 0 2 35 0 92 85 52 0 137 0 196 178 0 131 55 0 |Drone Time: 21810.184892|21810.184892,0.000000,0.000000,0.000000
Drone 2: 0 163 0 29 0 126 0 195 62 0 58 25 0 161 76 0 174 138 0 28 36 154 0 84 139 41 0 44 0 98 0 86 0 136 0 97 128 0 |Drone Time: 21589.062018|21589.062018,0.000000,0.000000,0.000000
Drone 3: 0 21 0 193 170 0 15 81 106 1 0 124 0 42 159 144 0 90 194 0 198 0 67 88 95 0 169 0 165 14 0 121 116 79 49 0 68 0 27 0 180 0 18 0 |Drone Time: 21809.701736|21809.701736,0.000000,0.000000,0.000000
Drone 4: 0 119 0 3 70 176 0 83 152 0 103 187 0 110 197 0 164 0 4 0 50 105 0 175 156 0 151 0 167 188 0 107 157 0 45 24 0 |Drone Time: 21651.481651|21651.481651,0.000000,0.000000,0.000000
Drone 5: 0 34 30 0 147 64 166 0 63 40 0 200 0 153 0 26 0 181 59 118 57 0 31 61 0 189 72 0 115 17 0 38 0 102 0 20 0 73 5 0 |Drone Time: 21766.716555|21766.716555,0.000000,0.000000,0.000000",21845.740778,0.0,0.0,0.0,"Truck Routes:
Truck 1: 0 7 125 172 0 199 69 0 109 99 0 104 0 |Truck Time: 21694.574336|21694.574336,0.000000,0.000000,0.000000
Truck 2: 0 171 101 0 46 135 0 155 149 113 177 0 100 160 6 141 0 191 77 10 33 0 |Truck Time: 21845.740778|21845.740778,0.000000,0.000000,0.000000
Truck 3: 0 130 16 120 122 0 133 140 0 19 43 0 11 129 82 134 0 162 184 186 148 0 |Truck Time: 21788.044426|21788.044426,0.000000,0.000000,0.000000
Truck 4: 0 132 51 80 150 47 0 89 65 0 96 190 0 56 13 111 0 87 60 23 48 0 |Truck Time: 21400.930074|21400.930074,0.000000,0.000000,0.000000
Truck 5: 0 39 0 91 74 78 108 179 146 0 32 117 142 0 22 8 158 75 0 183 0 |Truck Time: 21033.088042|21033.088042,0.000000,0.000000,0.000000
Drone Routes:
Drone 1: 0 112 185 0 182 9 127 0 114 94 53 0 37 168 173 0 145 93 0 192 66 143 0 123 71 0 54 12 0 2 35 0 92 85 52 0 137 0 196 178 0 131 55 0 |Drone Time: 21810.184892|21810.184892,0.000000,0.000000,0.000000
Drone 2: 0 163 0 29 0 126 0 195 62 0 58 25 0 161 76 0 174 138 0 28 36 154 0 84 139 41 0 44 0 98 0 86 0 136 0 97 128 0 |Drone Time: 21589.062018|21589.062018,0.000000,0.000000,0.000000
Drone 3: 0 21 0 193 170 0 15 81 106 1 0 124 0 42 159 144 0 90 194 0 198 0 67 88 95 0 169 0 165 14 0 121 116 79 49 0 68 0 27 0 180 0 18 0 |Drone Time: 21809.701736|21809.701736,0.000000,0.000000,0.000000
Drone 4: 0 119 0 3 70 176 0 83 152 0 103 187 0 110 197 0 164 0 4 0 50 105 0 175 156 0 151 0 167 188 0 107 157 0 45 24 0 |Drone Time: 21651.481651|21651.481651,0.000000,0.000000,0.000000
Drone 5: 0 34 30 0 147 64 166 0 63 40 0 200 0 153 0 26 0 181 59 118 57 0 31 61 0 189 72 0 115 17 0 38 0 102 0 20 0 73 5 0 |Drone Time: 21766.716555|21766.716555,0.000000,0.000000,0.000000
Total validation: Makespan=21845.740778, Deadline violation=0.000000, Energy violation=0.000000, Capacity violation=0.000000"
200.30.2,200,1,adaptive,g4,0.5,0.3,0.1,0.6,42,0,30411.092372,21845.740778,21845.740778,21845.740778,1071.279777,FEASIBLE,"Truck 1: 0 7 125 172 0 199 69 0 109 99 0 104 0 |Truck Time: 21694.574336|21694.574336,0.000000,0.000000,0.000000
Truck 2: 0 171 101 0 46 135 0 155 149 113 177 0 100 160 6 141 0 191 77 10 33 0 |Truck Time: 21845.740778|21845.740778,0.000000,0.000000,0.000000
Truck 3: 0 130 16 120 122 0 133 140 0 19 43 0 11 129 82 134 0 162 184 186 148 0 |Truck Time: 21788.044426|21788.044426,0.000000,0.000000,0.000000
Truck 4: 0 132 51 80 150 47 0 89 65 0 96 190 0 56 13 111 0 87 60 23 48 0 |Truck Time: 21400.930074|21400.930074,0.000000,0.000000,0.000000
Truck 5: 0 39 0 91 74 78 108 179 146 0 32 117 142 0 22 8 158 75 0 183 0 |Truck Time: 21033.088042|21033.088042,0.000000,0.000000,0.000000","Drone 1: 0 112 185 0 182 9 127 0 114 94 53 0 37 168 173 0 145 93 0 192 66 143 0 123 71 0 54 12 0 2 35 0 92 85 52 0 137 0 196 178 0 131 55 0 |Drone Time: 21810.184892|21810.184892,0.000000,0.000000,0.000000
Drone 2: 0 163 0 29 0 126 0 195 62 0 58 25 0 161 76 0 174 138 0 28 36 154 0 84 139 41 0 44 0 98 0 86 0 136 0 97 128 0 |Drone Time: 21589.062018|21589.062018,0.000000,0.000000,0.000000
Drone 3: 0 21 0 193 170 0 15 81 106 1 0 124 0 42 159 144 0 90 194 0 198 0 67 88 95 0 169 0 165 14 0 121 116 79 49 0 68 0 27 0 180 0 18 0 |Drone Time: 21809.701736|21809.701736,0.000000,0.000000,0.000000
Drone 4: 0 119 0 3 70 176 0 83 152 0 103 187 0 110 197 0 164 0 4 0 50 105 0 175 156 0 151 0 167 188 0 107 157 0 45 24 0 |Drone Time: 21651.481651|21651.481651,0.000000,0.000000,0.000000
Drone 5: 0 34 30 0 147 64 166 0 63 40 0 200 0 153 0 26 0 181 59 118 57 0 31 61 0 189 72 0 115 17 0 38 0 102 0 20 0 73 5 0 |Drone Time: 21766.716555|21766.716555,0.000000,0.000000,0.000000",21845.740778,0.0,0.0,0.0,"Truck Routes:
Truck 1: 0 7 125 172 0 199 69 0 109 99 0 104 0 |Truck Time: 21694.574336|21694.574336,0.000000,0.000000,0.000000
Truck 2: 0 171 101 0 46 135 0 155 149 113 177 0 100 160 6 141 0 191 77 10 33 0 |Truck Time: 21845.740778|21845.740778,0.000000,0.000000,0.000000
Truck 3: 0 130 16 120 122 0 133 140 0 19 43 0 11 129 82 134 0 162 184 186 148 0 |Truck Time: 21788.044426|21788.044426,0.000000,0.000000,0.000000
Truck 4: 0 132 51 80 150 47 0 89 65 0 96 190 0 56 13 111 0 87 60 23 48 0 |Truck Time: 21400.930074|21400.930074,0.000000,0.000000,0.000000
Truck 5: 0 39 0 91 74 78 108 179 146 0 32 117 142 0 22 8 158 75 0 183 0 |Truck Time: 21033.088042|21033.088042,0.000000,0.000000,0.000000
Drone Routes:
Drone 1: 0 112 185 0 182 9 127 0 114 94 53 0 37 168 173 0 145 93 0 192 66 143 0 123 71 0 54 12 0 2 35 0 92 85 52 0 137 0 196 178 0 131 55 0 |Drone Time: 21810.184892|21810.184892,0.000000,0.000000,0.000000
Drone 2: 0 163 0 29 0 126 0 195 62 0 58 25 0 161 76 0 174 138 0 28 36 154 0 84 139 41 0 44 0 98 0 86 0 136 0 97 128 0 |Drone Time: 21589.062018|21589.062018,0.000000,0.000000,0.000000
Drone 3: 0 21 0 193 170 0 15 81 106 1 0 124 0 42 159 144 0 90 194 0 198 0 67 88 95 0 169 0 165 14 0 121 116 79 49 0 68 0 27 0 180 0 18 0 |Drone Time: 21809.701736|21809.701736,0.000000,0.000000,0.000000
Drone 4: 0 119 0 3 70 176 0 83 152 0 103 187 0 110 197 0 164 0 4 0 50 105 0 175 156 0 151 0 167 188 0 107 157 0 45 24 0 |Drone Time: 21651.481651|21651.481651,0.000000,0.000000,0.000000
Drone 5: 0 34 30 0 147 64 166 0 63 40 0 200 0 153 0 26 0 181 59 118 57 0 31 61 0 189 72 0 115 17 0 38 0 102 0 20 0 73 5 0 |Drone Time: 21766.716555|21766.716555,0.000000,0.000000,0.000000
Total validation: Makespan=21845.740778, Deadline violation=0.000000, Energy violation=0.000000, Capacity violation=0.000000"
200.30.2,200,1,cyclic,,,,,,42,0,30411.092372,26236.984047,26236.984047,26236.984047,590.879022,FEASIBLE,"Truck 1: 0 7 40 0 17 0 8 125 0 13 16 74 0 104 0 |Truck Time: 24053.812827|24053.812827,0.000000,0.000000,0.000000
Truck 2: 0 80 32 186 0 169 47 142 0 165 0 100 160 141 0 103 133 0 46 77 68 198 0 |Truck Time: 25760.186754|25760.186754,0.000000,0.000000,0.000000
Truck 3: 0 147 146 73 107 0 135 59 0 155 175 0 87 99 0 12 0 |Truck Time: 23436.001763|23436.001763,0.000000,0.000000,0.000000
Truck 4: 0 65 33 0 172 19 101 0 96 51 190 0 69 191 56 0 83 0 44 0 |Truck Time: 25871.193173|25871.193173,0.000000,0.000000,0.000000
Truck 5: 0 184 162 148 196 0 62 140 161 0 3 0 23 60 126 197 0 18 0 22 129 134 0 |Truck Time: 26236.984047|26236.984047,0.000000,0.000000,0.000000","Drone 1: 0 188 70 37 168 0 137 9 144 0 111 123 0 114 94 31 0 173 0 193 170 0 109 0 71 0 95 0 130 78 0 34 30 0 2 0 149 0 75 67 0 97 0 |Drone Time: 26231.163932|26231.163932,0.000000,0.000000,0.000000
Drone 2: 0 150 0 199 138 0 127 11 88 0 61 53 25 0 171 189 52 0 92 85 166 0 14 41 105 0 48 120 0 131 93 0 176 0 119 0 43 39 0 98 0 86 0 136 0 |Drone Time: 26073.023845|26073.023845,0.000000,0.000000,0.000000
Drone 3: 0 195 179 108 122 64 0 174 36 0 89 158 42 0 26 81 28 0 15 24 0 90 194 0 84 139 0 6 0 63 0 50 0 79 49 0 5 35 0 27 0 180 0 82 0 |Drone Time: 26232.375234|26232.375234,0.000000,0.000000,0.000000
Drone 4: 0 72 128 0 76 178 177 54 112 116 0 45 0 156 115 0 159 0 124 0 145 0 154 0 164 0 4 0 110 0 21 0 151 0 29 0 183 55 0 |Drone Time: 25924.885289|25924.885289,0.000000,0.000000,0.000000
Drone 5: 0 57 163 121 0 185 143 0 66 192 0 113 106 0 200 0 182 153 1 0 117 152 0 91 157 0 58 0 118 0 167 132 0 38 0 102 0 20 0 181 187 10 0 |Drone Time: 26118.370992|26118.370992,0.000000,0.000000,0.000000",26236.984047,0.0,0.0,0.0,"Truck Routes:
Truck 1: 0 7 40 0 17 0 8 125 0 13 16 74 0 104 0 |Truck Time: 24053.812827|24053.812827,0.000000,0.000000,0.000000
Truck 2: 0 80 32 186 0 169 47 142 0 165 0 100 160 141 0 103 133 0 46 77 68 198 0 |Truck Time: 25760.186754|25760.186754,0.000000,0.000000,0.000000
Truck 3: 0 147 146 73 107 0 135 59 0 155 175 0 87 99 0 12 0 |Truck Time: 23436.001763|23436.001763,0.000000,0.000000,0.000000
Truck 4: 0 65 33 0 172 19 101 0 96 51 190 0 69 191 56 0 83 0 44 0 |Truck Time: 25871.193173|25871.193173,0.000000,0.000000,0.000000
Truck 5: 0 184 162 148 196 0 62 140 161 0 3 0 23 60 126 197 0 18 0 22 129 134 0 |Truck Time: 26236.984047|26236.984047,0.000000,0.000000,0.000000
Drone Routes:
Drone 1: 0 188 70 37 168 0 137 9 144 0 111 123 0 114 94 31 0 173 0 193 170 0 109 0 71 0 95 0 130 78 0 34 30 0 2 0 149 0 75 67 0 97 0 |Drone Time: 26231.163932|26231.163932,0.000000,0.000000,0.000000
Drone 2: 0 150 0 199 138 0 127 11 88 0 61 53 25 0 171 189 52 0 92 85 166 0 14 41 105 0 48 120 0 131 93 0 176 0 119 0 43 39 0 98 0 86 0 136 0 |Drone Time: 26073.023845|26073.023845,0.000000,0.000000,0.000000
Drone 3: 0 195 179 108 122 64 0 174 36 0 89 158 42 0 26 81 28 0 15 24 0 90 194 0 84 139 0 6 0 63 0 50 0 79 49 0 5 35 0 27 0 180 0 82 0 |Drone Time: 26232.375234|26232.375234,0.000000,0.000000,0.000000
Drone 4: 0 72 128 0 76 178 177 54 112 116 0 45 0 156 115 0 159 0 124 0 145 0 154 0 164 0 4 0 110 0 21 0 151 0 29 0 183 55 0 |Drone Time: 25924.885289|25924.885289,0.000000,0.000000,0.000000
Drone 5: 0 57 163 121 0 185 143 0 66 192 0 113 106 0 200 0 182 153 1 0 117 152 0 91 157 0 58 0 118 0 167 132 0 38 0 102 0 20 0 181 187 10 0 |Drone Time: 26118.370992|26118.370992,0.000000,0.000000,0.000000
Total validation: Makespan=26236.984047, Deadline violation=0.000000, Energy violation=0.000000, Capacity violation=0.000000"
200.30.2,200,1,random,,,,,,42,0,30411.092372,21751.945219,21751.945219,21751.945219,1506.091341,FEASIBLE,"Truck 1: 0 103 140 0 171 0 142 169 32 155 0 44 185 20 0 104 100 0 |Truck Time: 21546.127075|21546.127075,0.000000,0.000000,0.000000
Truck 2: 0 113 0 196 96 0 160 141 18 0 87 126 114 190 47 0 101 89 67 135 10 183 33 0 |Truck Time: 21672.244322|21672.244322,0.000000,0.000000,0.000000
Truck 3: 0 146 195 107 0 8 82 0 175 0 65 125 172 0 56 69 59 68 198 0 161 73 0 |Truck Time: 21666.525191|21666.525191,0.000000,0.000000,0.000000
Truck 4: 0 130 16 74 0 150 80 51 117 186 0 7 76 0 17 83 136 19 0 52 31 0 |Truck Time: 21301.526834|21301.526834,0.000000,0.000000,0.000000
Truck 5: 0 111 13 5 0 46 174 86 75 0 23 109 99 0 22 194 11 134 0 |Truck Time: 21751.945219|21751.945219,0.000000,0.000000,0.000000","Drone 1: 0 84 64 192 0 37 168 173 0 193 70 115 0 106 63 0 93 145 0 12 36 0 61 0 102 0 2 0 60 139 0 97 128 0 170 94 0 |Drone Time: 21732.960574|21732.960574,0.000000,0.000000,0.000000
Drone 2: 0 121 191 0 178 197 92 85 0 177 0 26 116 0 45 24 0 122 120 78 0 131 138 0 133 166 0 189 88 95 0 151 0 98 0 14 41 0 39 0 72 157 0 |Drone Time: 21735.624562|21735.624562,0.000000,0.000000,0.000000
Drone 3: 0 163 0 40 129 0 48 0 15 144 9 0 4 1 81 0 43 137 0 6 0 28 21 0 149 0 79 49 0 147 179 108 0 27 0 180 0 50 105 112 0 |Drone Time: 21712.067018|21712.067018,0.000000,0.000000,0.000000
Drone 4: 0 71 0 29 0 159 0 124 0 156 188 0 154 42 158 0 53 164 0 182 153 0 90 0 119 127 0 62 143 0 91 35 0 162 148 0 |Drone Time: 21662.759956|21662.759956,0.000000,0.000000,0.000000
Drone 5: 0 66 0 176 0 199 123 181 0 200 0 110 25 0 77 0 58 0 167 132 0 38 0 34 30 0 3 152 165 0 57 118 187 55 0 54 184 0 |Drone Time: 21734.477178|21734.477178,0.000000,0.000000,0.000000",21751.945219,0.0,0.0,0.0,"Truck Routes:
Truck 1: 0 103 140 0 171 0 142 169 32 155 0 44 185 20 0 104 100 0 |Truck Time: 21546.127075|21546.127075,0.000000,0.000000,0.000000
Truck 2: 0 113 0 196 96 0 160 141 18 0 87 126 114 190 47 0 101 89 67 135 10 183 33 0 |Truck Time: 21672.244322|21672.244322,0.000000,0.000000,0.000000
Truck 3: 0 146 195 107 0 8 82 0 175 0 65 125 172 0 56 69 59 68 198 0 161 73 0 |Truck Time: 21666.525191|21666.525191,0.000000,0.000000,0.000000
Truck 4: 0 130 16 74 0 150 80 51 117 186 0 7 76 0 17 83 136 19 0 52 31 0 |Truck Time: 21301.526834|21301.526834,0.000000,0.000000,0.000000
Truck 5: 0 111 13 5 0 46 174 86 75 0 23 109 99 0 22 194 11 134 0 |Truck Time: 21751.945219|21751.945219,0.000000,0.000000,0.000000
Drone Routes:
Drone 1: 0 84 64 192 0 37 168 173 0 193 70 115 0 106 63 0 93 145 0 12 36 0 61 0 102 0 2 0 60 139 0 97 128 0 170 94 0 |Drone Time: 21732.960574|21732.960574,0.000000,0.000000,0.000000
Drone 2: 0 121 191 0 178 197 92 85 0 177 0 26 116 0 45 24 0 122 120 78 0 131 138 0 133 166 0 189 88 95 0 151 0 98 0 14 41 0 39 0 72 157 0 |Drone Time: 21735.624562|21735.624562,0.000000,0.000000,0.000000
Drone 3: 0 163 0 40 129 0 48 0 15 144 9 0 4 1 81 0 43 137 0 6 0 28 21 0 149 0 79 49 0 147 179 108 0 27 0 180 0 50 105 112 0 |Drone Time: 21712.067018|21712.067018,0.000000,0.000000,0.000000
Drone 4: 0 71 0 29 0 159 0 124 0 156 188 0 154 42 158 0 53 164 0 182 153 0 90 0 119 127 0 62 143 0 91 35 0 162 148 0 |Drone Time: 21662.759956|21662.759956,0.000000,0.000000,0.000000
Drone 5: 0 66 0 176 0 199 123 181 0 200 0 110 25 0 77 0 58 0 167 132 0 38 0 34 30 0 3 152 165 0 57 118 187 55 0 54 184 0 |Drone Time: 21734.477178|21734.477178,0.000000,0.000000,0.000000
Total validation: Makespan=21751.945219, Deadline violation=0.000000, Energy violation=0.000000, Capacity violation=0.000000"
200.30.2,200,2,adaptive,g1,0.3,0.2,0.1,0.3,43,0,29249.577873,21257.672153,21257.672153,21257.672153,1449.974263,FEASIBLE,"Truck 1: 0 46 0 86 135 0 69 121 181 59 0 174 191 77 131 79 0 186 0 |Truck Time: 20952.001880|20952.001880,0.000000,0.000000,0.000000
Truck 2: 0 198 68 0 184 43 162 54 0 126 141 0 74 122 108 179 0 199 0 |Truck Time: 21217.499526|21217.499526,0.000000,0.000000,0.000000
Truck 3: 0 142 148 7 171 75 0 64 20 133 161 0 23 109 99 0 130 16 140 146 0 18 0 |Truck Time: 21086.335393|21086.335393,0.000000,0.000000,0.000000
Truck 4: 0 61 150 47 0 19 82 134 0 89 33 0 100 53 6 160 80 0 62 85 48 103 177 0 |Truck Time: 21131.672223|21131.672223,0.000000,0.000000,0.000000
Truck 5: 0 40 183 56 0 112 0 42 22 125 101 172 0 5 29 111 0 63 8 0 |Truck Time: 21257.672153|21257.672153,0.000000,0.000000,0.000000","Drone 1: 0 178 58 0 88 123 71 0 97 157 166 107 0 167 193 0 102 138 0 110 25 94 0 153 24 0 31 165 114 0 45 9 189 0 98 0 169 0 90 0 |Drone Time: 20973.339783|20973.339783,0.000000,0.000000,0.000000
Drone 2: 0 147 0 12 144 0 124 105 0 195 10 76 0 170 156 0 104 83 0 60 0 1 4 0 119 0 32 188 0 27 0 136 0 155 113 0 |Drone Time: 21243.500199|21243.500199,0.000000,0.000000,0.000000
Drone 3: 0 200 0 151 187 0 163 0 120 143 66 0 65 158 0 13 78 0 185 0 50 139 0 196 0 41 44 192 0 11 81 0 137 175 0 118 128 116 0 |Drone Time: 21182.181884|21182.181884,0.000000,0.000000,0.000000
Drone 4: 0 173 0 182 154 0 129 0 34 194 67 0 39 17 0 30 15 0 73 57 95 0 70 176 0 26 0 132 117 3 0 87 14 0 149 0 197 96 0 |Drone Time: 21210.450480|21210.450480,0.000000,0.000000,0.000000
Drone 5: 0 190 52 0 36 159 106 0 115 152 0 93 145 0 28 38 127 0 51 0 37 168 164 0 84 92 0 49 72 0 21 0 2 0 91 35 0 55 180 0 |Drone Time: 21252.768307|21252.768307,0.000000,0.000000,0.000000",21257.672153,0.0,0.0,0.0,"Truck Routes:
Truck 1: 0 46 0 86 135 0 69 121 181 59 0 174 191 77 131 79 0 186 0 |Truck Time: 20952.001880|20952.001880,0.000000,0.000000,0.000000
Truck 2: 0 198 68 0 184 43 162 54 0 126 141 0 74 122 108 179 0 199 0 |Truck Time: 21217.499526|21217.499526,0.000000,0.000000,0.000000
Truck 3: 0 142 148 7 171 75 0 64 20 133 161 0 23 109 99 0 130 16 140 146 0 18 0 |Truck Time: 21086.335393|21086.335393,0.000000,0.000000,0.000000
Truck 4: 0 61 150 47 0 19 82 134 0 89 33 0 100 53 6 160 80 0 62 85 48 103 177 0 |Truck Time: 21131.672223|21131.672223,0.000000,0.000000,0.000000
Truck 5: 0 40 183 56 0 112 0 42 22 125 101 172 0 5 29 111 0 63 8 0 |Truck Time: 21257.672153|21257.672153,0.000000,0.000000,0.000000
Drone Routes:
Drone 1: 0 178 58 0 88 123 71 0 97 157 166 107 0 167 193 0 102 138 0 110 25 94 0 153 24 0 31 165 114 0 45 9 189 0 98 0 169 0 90 0 |Drone Time: 20973.339783|20973.339783,0.000000,0.000000,0.000000
Drone 2: 0 147 0 12 144 0 124 105 0 195 10 76 0 170 156 0 104 83 0 60 0 1 4 0 119 0 32 188 0 27 0 136 0 155 113 0 |Drone Time: 21243.500199|21243.500199,0.000000,0.000000,0.000000
Drone 3: 0 200 0 151 187 0 163 0 120 143 66 0 65 158 0 13 78 0 185 0 50 139 0 196 0 41 44 192 0 11 81 0 137 175 0 118 128 116 0 |Drone Time: 21182.181884|21182.181884,0.000000,0.000000,0.000000
Drone 4: 0 173 0 182 154 0 129 0 34 194 67 0 39 17 0 30 15 0 73 57 95 0 70 176 0 26 0 132 117 3 0 87 14 0 149 0 197 96 0 |Drone Time: 21210.450480|21210.450480,0.000000,0.000000,0.000000
Drone 5: 0 190 52 0 36 159 106 0 115 152 0 93 145 0 28 38 127 0 51 0 37 168 164 0 84 92 0 49 72 0 21 0 2 0 91 35 0 55 180 0 |Drone Time: 21252.768307|21252.768307,0.000000,0.000000,0.000000
Total validation: Makespan=21257.672153, Deadline violation=0.000000, Energy violation=0.000000, Capacity violation=0.000000"
200.30.2,200,2,adaptive,g2,0.5,0.3,0.1,0.3,43,0,29249.577873,21257.672153,21257.672153,21257.672153,1472.146983,FEASIBLE,"Truck 1: 0 46 0 86 135 0 69 121 181 59 0 174 191 77 131 79 0 186 0 |Truck Time: 20952.001880|20952.001880,0.000000,0.000000,0.000000
Truck 2: 0 198 68 0 184 43 162 54 0 126 141 0 74 122 108 179 0 199 0 |Truck Time: 21217.499526|21217.499526,0.000000,0.000000,0.000000
Truck 3: 0 142 148 7 171 75 0 64 20 133 161 0 23 109 99 0 130 16 140 146 0 18 0 |Truck Time: 21086.335393|21086.335393,0.000000,0.000000,0.000000
Truck 4: 0 61 150 47 0 19 82 134 0 89 33 0 100 53 6 160 80 0 62 85 48 103 177 0 |Truck Time: 21131.672223|21131.672223,0.000000,0.000000,0.000000
Truck 5: 0 40 183 56 0 112 0 42 22 125 101 172 0 5 29 111 0 63 8 0 |Truck Time: 21257.672153|21257.672153,0.000000,0.000000,0.000000","Drone 1: 0 178 58 0 88 123 71 0 97 157 166 107 0 167 193 0 102 138 0 110 25 94 0 153 24 0 31 165 114 0 45 9 189 0 98 0 169 0 90 0 |Drone Time: 20973.339783|20973.339783,0.000000,0.000000,0.000000
Drone 2: 0 147 0 12 144 0 124 105 0 195 10 76 0 170 156 0 104 83 0 60 0 1 4 0 119 0 32 188 0 27 0 136 0 155 113 0 |Drone Time: 21243.500199|21243.500199,0.000000,0.000000,0.000000
Drone 3: 0 200 0 151 187 0 163 0 120 143 66 0 65 158 0 13 78 0 185 0 50 139 0 196 0 41 44 192 0 11 81 0 137 175 0 118 128 116 0 |Drone Time: 21182.181884|21182.181884,0.000000,0.000000,0.000000
Drone 4: 0 173 0 182 154 0 129 0 34 194 67 0 39 17 0 30 15 0 73 57 95 0 70 176 0 26 0 132 117 3 0 87 14 0 149 0 197 96 0 |Drone Time: 21210.450480|21210.450480,0.000000,0.000000,0.000000
Drone 5: 0 190 52 0 36 159 106 0 115 152 0 93 145 0 28 38 127 0 51 0 37 168 164 0 84 92 0 49 72 0 21 0 2 0 91 35 0 55 180 0 |Drone Time: 21252.768307|21252.768307,0.000000,0.000000,0.000000",21257.672153,0.0,0.0,0.0,"Truck Routes:
Truck 1: 0 46 0 86 135 0 69 121 181 59 0 174 191 77 131 79 0 186 0 |Truck Time: 20952.001880|20952.001880,0.000000,0.000000,0.000000
Truck 2: 0 198 68 0 184 43 162 54 0 126 141 0 74 122 108 179 0 199 0 |Truck Time: 21217.499526|21217.499526,0.000000,0.000000,0.000000
Truck 3: 0 142 148 7 171 75 0 64 20 133 161 0 23 109 99 0 130 16 140 146 0 18 0 |Truck Time: 21086.335393|21086.335393,0.000000,0.000000,0.000000
Truck 4: 0 61 150 47 0 19 82 134 0 89 33 0 100 53 6 160 80 0 62 85 48 103 177 0 |Truck Time: 21131.672223|21131.672223,0.000000,0.000000,0.000000
Truck 5: 0 40 183 56 0 112 0 42 22 125 101 172 0 5 29 111 0 63 8 0 |Truck Time: 21257.672153|21257.672153,0.000000,0.000000,0.000000
Drone Routes:
Drone 1: 0 178 58 0 88 123 71 0 97 157 166 107 0 167 193 0 102 138 0 110 25 94 0 153 24 0 31 165 114 0 45 9 189 0 98 0 169 0 90 0 |Drone Time: 20973.339783|20973.339783,0.000000,0.000000,0.000000
Drone 2: 0 147 0 12 144 0 124 105 0 195 10 76 0 170 156 0 104 83 0 60 0 1 4 0 119 0 32 188 0 27 0 136 0 155 113 0 |Drone Time: 21243.500199|21243.500199,0.000000,0.000000,0.000000
Drone 3: 0 200 0 151 187 0 163 0 120 143 66 0 65 158 0 13 78 0 185 0 50 139 0 196 0 41 44 192 0 11 81 0 137 175 0 118 128 116 0 |Drone Time: 21182.181884|21182.181884,0.000000,0.000000,0.000000
Drone 4: 0 173 0 182 154 0 129 0 34 194 67 0 39 17 0 30 15 0 73 57 95 0 70 176 0 26 0 132 117 3 0 87 14 0 149 0 197 96 0 |Drone Time: 21210.450480|21210.450480,0.000000,0.000000,0.000000
Drone 5: 0 190 52 0 36 159 106 0 115 152 0 93 145 0 28 38 127 0 51 0 37 168 164 0 84 92 0 49 72 0 21 0 2 0 91 35 0 55 180 0 |Drone Time: 21252.768307|21252.768307,0.000000,0.000000,0.000000
Total validation: Makespan=21257.672153, Deadline violation=0.000000, Energy violation=0.000000, Capacity violation=0.000000"
200.30.2,200,2,adaptive,g3,0.3,0.2,0.1,0.6,43,0,29249.577873,21257.672153,21257.672153,21257.672153,1454.848163,FEASIBLE,"Truck 1: 0 46 0 86 135 0 69 121 181 59 0 174 191 77 131 79 0 186 0 |Truck Time: 20952.001880|20952.001880,0.000000,0.000000,0.000000
Truck 2: 0 198 68 0 184 43 162 54 0 126 141 0 74 122 108 179 0 199 0 |Truck Time: 21217.499526|21217.499526,0.000000,0.000000,0.000000
Truck 3: 0 142 148 7 171 75 0 64 20 133 161 0 23 109 99 0 130 16 140 146 0 18 0 |Truck Time: 21086.335393|21086.335393,0.000000,0.000000,0.000000
Truck 4: 0 61 150 47 0 19 82 134 0 89 33 0 100 53 6 160 80 0 62 85 48 103 177 0 |Truck Time: 21131.672223|21131.672223,0.000000,0.000000,0.000000
Truck 5: 0 40 183 56 0 112 0 42 22 125 101 172 0 5 29 111 0 63 8 0 |Truck Time: 21257.672153|21257.672153,0.000000,0.000000,0.000000","Drone 1: 0 178 58 0 88 123 71 0 97 157 166 107 0 167 193 0 102 138 0 110 25 94 0 153 24 0 31 165 114 0 45 9 189 0 98 0 169 0 90 0 |Drone Time: 20973.339783|20973.339783,0.000000,0.000000,0.000000
Drone 2: 0 147 0 12 144 0 124 105 0 195 10 76 0 170 156 0 104 83 0 60 0 1 4 0 119 0 32 188 0 27 0 136 0 155 113 0 |Drone Time: 21243.500199|21243.500199,0.000000,0.000000,0.000000
Drone 3: 0 200 0 151 187 0 163 0 120 143 66 0 65 158 0 13 78 0 185 0 50 139 0 196 0 41 44 192 0 11 81 0 137 175 0 118 128 116 0 |Drone Time: 21182.181884|21182.181884,0.000000,0.000000,0.000000
Drone 4: 0 173 0 182 154 0 129 0 34 194 67 0 39 17 0 30 15 0 73 57 95 0 70 176 0 26 0 132 117 3 0 87 14 0 149 0 197 96 0 |Drone Time: 21210.450480|21210.450480,0.000000,0.000000,0.000000
Drone 5: 0 190 52 0 36 159 106 0 115 152 0 93 145 0 28 38 127 0 51 0 37 168 164 0 84 92 0 49 72 0 21 0 2 0 91 35 0 55 180 0 |Drone Time: 21252.768307|21252.768307,0.000000,0.000000,0.000000",21257.672153,0.0,0.0,0.0,"Truck Routes:
Truck 1: 0 46 0 86 135 0 69 121 181 59 0 174 191 77 131 79 0 186 0 |Truck Time: 20952.001880|20952.001880,0.000000,0.000000,0.000000
Truck 2: 0 198 68 0 184 43 162 54 0 126 141 0 74 122 108 179 0 199 0 |Truck Time: 21217.499526|21217.499526,0.000000,0.000000,0.000000
Truck 3: 0 142 148 7 171 75 0 64 20 133 161 0 23 109 99 0 130 16 140 146 0 18 0 |Truck Time: 21086.335393|21086.335393,0.000000,0.000000,0.000000
Truck 4: 0 61 150 47 0 19 82 134 0 89 33 0 100 53 6 160 80 0 62 85 48 103 177 0 |Truck Time: 21131.672223|21131.672223,0.000000,0.000000,0.000000
Truck 5: 0 40 183 56 0 112 0 42 22 125 101 172 0 5 29 111 0 63 8 0 |Truck Time: 21257.672153|21257.672153,0.000000,0.000000,0.000000
Drone Routes:
Drone 1: 0 178 58 0 88 123 71 0 97 157 166 107 0 167 193 0 102 138 0 110 25 94 0 153 24 0 31 165 114 0 45 9 189 0 98 0 169 0 90 0 |Drone Time: 20973.339783|20973.339783,0.000000,0.000000,0.000000
Drone 2: 0 147 0 12 144 0 124 105 0 195 10 76 0 170 156 0 104 83 0 60 0 1 4 0 119 0 32 188 0 27 0 136 0 155 113 0 |Drone Time: 21243.500199|21243.500199,0.000000,0.000000,0.000000
Drone 3: 0 200 0 151 187 0 163 0 120 143 66 0 65 158 0 13 78 0 185 0 50 139 0 196 0 41 44 192 0 11 81 0 137 175 0 118 128 116 0 |Drone Time: 21182.181884|21182.181884,0.000000,0.000000,0.000000
Drone 4: 0 173 0 182 154 0 129 0 34 194 67 0 39 17 0 30 15 0 73 57 95 0 70 176 0 26 0 132 117 3 0 87 14 0 149 0 197 96 0 |Drone Time: 21210.450480|21210.450480,0.000000,0.000000,0.000000
Drone 5: 0 190 52 0 36 159 106 0 115 152 0 93 145 0 28 38 127 0 51 0 37 168 164 0 84 92 0 49 72 0 21 0 2 0 91 35 0 55 180 0 |Drone Time: 21252.768307|21252.768307,0.000000,0.000000,0.000000
Total validation: Makespan=21257.672153, Deadline violation=0.000000, Energy violation=0.000000, Capacity violation=0.000000"
200.30.2,200,2,adaptive,g4,0.5,0.3,0.1,0.6,43,0,29249.577873,21257.672153,21257.672153,21257.672153,1444.506206,FEASIBLE,"Truck 1: 0 46 0 86 135 0 69 121 181 59 0 174 191 77 131 79 0 186 0 |Truck Time: 20952.001880|20952.001880,0.000000,0.000000,0.000000
Truck 2: 0 198 68 0 184 43 162 54 0 126 141 0 74 122 108 179 0 199 0 |Truck Time: 21217.499526|21217.499526,0.000000,0.000000,0.000000
Truck 3: 0 142 148 7 171 75 0 64 20 133 161 0 23 109 99 0 130 16 140 146 0 18 0 |Truck Time: 21086.335393|21086.335393,0.000000,0.000000,0.000000
Truck 4: 0 61 150 47 0 19 82 134 0 89 33 0 100 53 6 160 80 0 62 85 48 103 177 0 |Truck Time: 21131.672223|21131.672223,0.000000,0.000000,0.000000
Truck 5: 0 40 183 56 0 112 0 42 22 125 101 172 0 5 29 111 0 63 8 0 |Truck Time: 21257.672153|21257.672153,0.000000,0.000000,0.000000","Drone 1: 0 178 58 0 88 123 71 0 97 157 166 107 0 167 193 0 102 138 0 110 25 94 0 153 24 0 31 165 114 0 45 9 189 0 98 0 169 0 90 0 |Drone Time: 20973.339783|20973.339783,0.000000,0.000000,0.000000
Drone 2: 0 147 0 12 144 0 124 105 0 195 10 76 0 170 156 0 104 83 0 60 0 1 4 0 119 0 32 188 0 27 0 136 0 155 113 0 |Drone Time: 21243.500199|21243.500199,0.000000,0.000000,0.000000
Drone 3: 0 200 0 151 187 0 163 0 120 143 66 0 65 158 0 13 78 0 185 0 50 139 0 196 0 41 44 192 0 11 81 0 137 175 0 118 128 116 0 |Drone Time: 21182.181884|21182.181884,0.000000,0.000000,0.000000
Drone 4: 0 173 0 182 154 0 129 0 34 194 67 0 39 17 0 30 15 0 73 57 95 0 70 176 0 26 0 132 117 3 0 87 14 0 149 0 197 96 0 |Drone Time: 21210.450480|21210.450480,0.000000,0.000000,0.000000
Drone 5: 0 190 52 0 36 159 106 0 115 152 0 93 145 0 28 38 127 0 51 0 37 168 164 0 84 92 0 49 72 0 21 0 2 0 91 35 0 55 180 0 |Drone Time: 21252.768307|21252.768307,0.000000,0.000000,0.000000",21257.672153,0.0,0.0,0.0,"Truck Routes:
Truck 1: 0 46 0 86 135 0 69 121 181 59 0 174 191 77 131 79 0 186 0 |Truck Time: 20952.001880|20952.001880,0.000000,0.000000,0.000000
Truck 2: 0 198 68 0 184 43 162 54 0 126 141 0 74 122 108 179 0 199 0 |Truck Time: 21217.499526|21217.499526,0.000000,0.000000,0.000000
Truck 3: 0 142 148 7 171 75 0 64 20 133 161 0 23 109 99 0 130 16 140 146 0 18 0 |Truck Time: 21086.335393|21086.335393,0.000000,0.000000,0.000000
Truck 4: 0 61 150 47 0 19 82 134 0 89 33 0 100 53 6 160 80 0 62 85 48 103 177 0 |Truck Time: 21131.672223|21131.672223,0.000000,0.000000,0.000000
Truck 5: 0 40 183 56 0 112 0 42 22 125 101 172 0 5 29 111 0 63 8 0 |Truck Time: 21257.672153|21257.672153,0.000000,0.000000,0.000000
Drone Routes:
Drone 1: 0 178 58 0 88 123 71 0 97 157 166 107 0 167 193 0 102 138 0 110 25 94 0 153 24 0 31 165 114 0 45 9 189 0 98 0 169 0 90 0 |Drone Time: 20973.339783|20973.339783,0.000000,0.000000,0.000000
Drone 2: 0 147 0 12 144 0 124 105 0 195 10 76 0 170 156 0 104 83 0 60 0 1 4 0 119 0 32 188 0 27 0 136 0 155 113 0 |Drone Time: 21243.500199|21243.500199,0.000000,0.000000,0.000000
Drone 3: 0 200 0 151 187 0 163 0 120 143 66 0 65 158 0 13 78 0 185 0 50 139 0 196 0 41 44 192 0 11 81 0 137 175 0 118 128 116 0 |Drone Time: 21182.181884|21182.181884,0.000000,0.000000,0.000000
Drone 4: 0 173 0 182 154 0 129 0 34 194 67 0 39 17 0 30 15 0 73 57 95 0 70 176 0 26 0 132 117 3 0 87 14 0 149 0 197 96 0 |Drone Time: 21210.450480|21210.450480,0.000000,0.000000,0.000000
Drone 5: 0 190 52 0 36 159 106 0 115 152 0 93 145 0 28 38 127 0 51 0 37 168 164 0 84 92 0 49 72 0 21 0 2 0 91 35 0 55 180 0 |Drone Time: 21252.768307|21252.768307,0.000000,0.000000,0.000000
Total validation: Makespan=21257.672153, Deadline violation=0.000000, Energy violation=0.000000, Capacity violation=0.000000"
200.30.2,200,2,cyclic,,,,,,43,0,29249.577873,20770.18096,20770.18096,20770.18096,1405.501583,FEASIBLE,"Truck 1: 0 23 161 0 63 12 0 199 163 95 180 33 0 113 169 177 0 |Truck Time: 20515.711235|20515.711235,0.000000,0.000000,0.000000
Truck 2: 0 74 16 130 122 0 87 126 96 0 54 162 19 90 172 0 8 22 134 0 |Truck Time: 20527.304089|20527.304089,0.000000,0.000000,0.000000
Truck 3: 0 56 116 10 68 198 0 77 67 135 0 44 109 99 0 178 133 20 147 140 146 0 183 55 0 |Truck Time: 20585.289931|20585.289931,0.000000,0.000000,0.000000
Truck 4: 0 186 61 47 0 82 0 100 6 160 80 0 62 64 103 76 0 5 0 |Truck Time: 20714.546646|20714.546646,0.000000,0.000000,0.000000
Truck 5: 0 18 43 184 0 171 0 25 141 0 13 29 111 0 45 21 101 0 |Truck Time: 20770.180960|20770.180960,0.000000,0.000000,0.000000","Drone 1: 0 200 0 190 0 173 168 0 195 85 84 0 50 94 0 174 138 0 158 81 154 0 31 165 114 0 97 128 0 104 188 0 28 11 0 150 112 0 |Drone Time: 20732.948272|20732.948272,0.000000,0.000000,0.000000
Drone 2: 0 60 0 118 157 108 0 176 70 37 0 124 105 52 0 121 131 0 75 0 58 0 38 0 155 136 0 167 193 0 102 0 27 0 73 91 107 0 148 142 0 |Drone Time: 20766.784124|20766.784124,0.000000,0.000000,0.000000
Drone 3: 0 127 24 144 106 0 32 117 0 145 88 0 2 35 0 119 0 53 164 0 185 0 59 71 123 0 110 0 57 151 0 15 194 0 86 0 |Drone Time: 20694.170318|20694.170318,0.000000,0.000000,0.000000
Drone 4: 0 26 0 92 0 170 152 0 7 182 0 129 36 0 89 65 0 189 46 30 0 125 187 0 115 17 0 34 153 0 4 1 0 137 175 0 149 0 51 40 0 |Drone Time: 20659.462228|20659.462228,0.000000,0.000000,0.000000
Drone 5: 0 49 72 0 179 78 120 143 192 0 14 139 0 98 0 9 159 42 0 132 3 83 0 93 191 0 196 0 39 156 0 69 0 66 166 0 197 41 48 0 181 79 0 |Drone Time: 20724.757779|20724.757779,0.000000,0.000000,0.000000",20770.18096,0.0,0.0,0.0,"Truck Routes:
Truck 1: 0 23 161 0 63 12 0 199 163 95 180 33 0 113 169 177 0 |Truck Time: 20515.711235|20515.711235,0.000000,0.000000,0.000000
Truck 2: 0 74 16 130 122 0 87 126 96 0 54 162 19 90 172 0 8 22 134 0 |Truck Time: 20527.304089|20527.304089,0.000000,0.000000,0.000000
Truck 3: 0 56 116 10 68 198 0 77 67 135 0 44 109 99 0 178 133 20 147 140 146 0 183 55 0 |Truck Time: 20585.289931|20585.289931,0.000000,0.000000,0.000000
Truck 4: 0 186 61 47 0 82 0 100 6 160 80 0 62 64 103 76 0 5 0 |Truck Time: 20714.546646|20714.546646,0.000000,0.000000,0.000000
Truck 5: 0 18 43 184 0 171 0 25 141 0 13 29 111 0 45 21 101 0 |Truck Time: 20770.180960|20770.180960,0.000000,0.000000,0.000000
Drone Routes:
Drone 1: 0 200 0 190 0 173 168 0 195 85 84 0 50 94 0 174 138 0 158 81 154 0 31 165 114 0 97 128 0 104 188 0 28 11 0 150 112 0 |Drone Time: 20732.948272|20732.948272,0.000000,0.000000,0.000000
Drone 2: 0 60 0 118 157 108 0 176 70 37 0 124 105 52 0 121 131 0 75 0 58 0 38 0 155 136 0 167 193 0 102 0 27 0 73 91 107 0 148 142 0 |Drone Time: 20766.784124|20766.784124,0.000000,0.000000,0.000000
Drone 3: 0 127 24 144 106 0 32 117 0 145 88 0 2 35 0 119 0 53 164 0 185 0 59 71 123 0 110 0 57 151 0 15 194 0 86 0 |Drone Time: 20694.170318|20694.170318,0.000000,0.000000,0.000000
Drone 4: 0 26 0 92 0 170 152 0 7 182 0 129 36 0 89 65 0 189 46 30 0 125 187 0 115 17 0 34 153 0 4 1 0 137 175 0 149 0 51 40 0 |Drone Time: 20659.462228|20659.462228,0.000000,0.000000,0.000000
Drone 5: 0 49 72 0 179 78 120 143 192 0 14 139 0 98 0 9 159 42 0 132 3 83 0 93 191 0 196 0 39 156 0 69 0 66 166 0 197 41 48 0 181 79 0 |Drone Time: 20724.757779|20724.757779,0.000000,0.000000,0.000000
Total validation: Makespan=20770.180960, Deadline violation=0.000000, Energy violation=0.000000, Capacity violation=0.000000"
200.30.2,200,2,random,,,,,,43,0,29249.577873,21676.588834,21676.588834,21676.588834,1014.000166,FEASIBLE,"Truck 1: 0 27 132 0 113 0 163 191 69 0 199 68 0 |Truck Time: 21456.925506|21456.925506,0.000000,0.000000,0.000000
Truck 2: 0 130 16 120 122 0 18 54 169 142 0 101 82 125 172 0 159 154 63 153 0 146 5 0 33 0 |Truck Time: 21543.003101|21543.003101,0.000000,0.000000,0.000000
Truck 3: 0 91 74 0 89 0 135 77 0 60 23 109 99 0 133 44 20 0 |Truck Time: 21633.864661|21633.864661,0.000000,0.000000,0.000000
Truck 4: 0 80 51 150 47 61 0 48 161 0 160 53 6 100 0 103 62 76 0 7 65 171 0 |Truck Time: 21676.588834|21676.588834,0.000000,0.000000,0.000000
Truck 5: 0 198 0 52 0 126 141 0 8 21 119 12 0 86 0 |Truck Time: 21623.751698|21623.751698,0.000000,0.000000,0.000000","Drone 1: 0 189 174 88 0 58 0 22 106 0 151 0 26 155 0 114 184 0 173 37 0 98 0 167 43 0 93 79 59 181 0 42 200 0 11 0 |Drone Time: 21533.575218|21533.575218,0.000000,0.000000,0.000000
Drone 2: 0 3 115 83 0 4 144 0 13 0 24 9 158 0 177 0 34 194 1 0 148 195 73 41 87 165 0 10 57 0 84 92 0 123 71 0 129 36 81 0 45 15 0 136 0 178 56 0 |Drone Time: 21582.006978|21582.006978,0.000000,0.000000,0.000000
Drone 3: 0 118 0 95 0 131 0 145 0 66 0 179 140 107 0 78 166 143 192 147 0 185 0 19 182 0 105 50 0 70 117 0 29 35 0 183 187 0 197 190 0 |Drone Time: 21632.275400|21632.275400,0.000000,0.000000,0.000000
Drone 4: 0 67 75 0 46 0 97 128 0 186 0 32 175 0 39 156 0 30 134 0 108 124 0 188 164 0 162 193 0 31 14 0 121 138 102 0 149 0 90 28 40 0 |Drone Time: 21655.923628|21655.923628,0.000000,0.000000,0.000000
Drone 5: 0 176 0 85 139 64 0 137 17 0 94 110 0 127 38 0 104 168 25 0 196 0 49 72 0 111 116 55 0 157 2 0 112 96 0 180 0 170 152 0 |Drone Time: 21662.116407|21662.116407,0.000000,0.000000,0.000000",21676.588834,0.0,0.0,0.0,"Truck Routes:
Truck 1: 0 27 132 0 113 0 163 191 69 0 199 68 0 |Truck Time: 21456.925506|21456.925506,0.000000,0.000000,0.000000
Truck 2: 0 130 16 120 122 0 18 54 169 142 0 101 82 125 172 0 159 154 63 153 0 146 5 0 33 0 |Truck Time: 21543.003101|21543.003101,0.000000,0.000000,0.000000
Truck 3: 0 91 74 0 89 0 135 77 0 60 23 109 99 0 133 44 20 0 |Truck Time: 21633.864661|21633.864661,0.000000,0.000000,0.000000
Truck 4: 0 80 51 150 47 61 0 48 161 0 160 53 6 100 0 103 62 76 0 7 65 171 0 |Truck Time: 21676.588834|21676.588834,0.000000,0.000000,0.000000
Truck 5: 0 198 0 52 0 126 141 0 8 21 119 12 0 86 0 |Truck Time: 21623.751698|21623.751698,0.000000,0.000000,0.000000
Drone Routes:
Drone 1: 0 189 174 88 0 58 0 22 106 0 151 0 26 155 0 114 184 0 173 37 0 98 0 167 43 0 93 79 59 181 0 42 200 0 11 0 |Drone Time: 21533.575218|21533.575218,0.000000,0.000000,0.000000
Drone 2: 0 3 115 83 0 4 144 0 13 0 24 9 158 0 177 0 34 194 1 0 148 195 73 41 87 165 0 10 57 0 84 92 0 123 71 0 129 36 81 0 45 15 0 136 0 178 56 0 |Drone Time: 21582.006978|21582.006978,0.000000,0.000000,0.000000
Drone 3: 0 118 0 95 0 131 0 145 0 66 0 179 140 107 0 78 166 143 192 147 0 185 0 19 182 0 105 50 0 70 117 0 29 35 0 183 187 0 197 190 0 |Drone Time: 21632.275400|21632.275400,0.000000,0.000000,0.000000
Drone 4: 0 67 75 0 46 0 97 128 0 186 0 32 175 0 39 156 0 30 134 0 108 124 0 188 164 0 162 193 0 31 14 0 121 138 102 0 149 0 90 28 40 0 |Drone Time: 21655.923628|21655.923628,0.000000,0.000000,0.000000
Drone 5: 0 176 0 85 139 64 0 137 17 0 94 110 0 127 38 0 104 168 25 0 196 0 49 72 0 111 116 55 0 157 2 0 112 96 0 180 0 170 152 0 |Drone Time: 21662.116407|21662.116407,0.000000,0.000000,0.000000
Total validation: Makespan=21676.588834, Deadline violation=0.000000, Energy violation=0.000000, Capacity violation=0.000000"
200.30.2,200,3,adaptive,g1,0.3,0.2,0.1,0.3,44,0,31788.730834,26545.082722,26545.082722,26545.082722,1000.987015,FEASIBLE,"Truck 1: 0 160 0 126 0 199 111 0 150 155 0 62 20 0 |Truck Time: 26410.074890|26410.074890,0.000000,0.000000,0.000000
Truck 2: 0 56 10 0 5 135 171 0 96 51 190 0 21 0 100 0 109 99 161 0 |Truck Time: 26545.082722|26545.082722,0.000000,0.000000,0.000000
Truck 3: 0 153 0 172 0 196 0 69 67 0 193 141 47 0 146 122 74 0 63 0 |Truck Time: 26483.162383|26483.162383,0.000000,0.000000,0.000000
Truck 4: 0 16 130 0 113 0 68 0 17 0 87 103 0 185 0 |Truck Time: 26167.569065|26167.569065,0.000000,0.000000,0.000000
Truck 5: 0 177 18 142 0 33 183 75 0 55 198 0 89 65 0 186 0 19 0 12 119 125 0 159 8 0 |Truck Time: 25251.616878|25251.616878,0.000000,0.000000,0.000000","Drone 1: 0 166 78 108 179 147 52 0 129 144 0 200 0 14 94 0 22 0 34 42 0 45 15 0 158 102 0 26 0 97 0 60 0 151 0 29 0 184 31 0 80 165 0 |Drone Time: 26501.836228|26501.836228,0.000000,0.000000,0.000000
Drone 2: 0 77 0 169 37 25 105 195 0 13 128 0 164 53 0 178 107 124 0 145 0 154 0 131 93 0 54 197 76 181 116 0 72 0 79 49 0 38 0 27 0 180 0 61 132 0 |Drone Time: 26467.989406|26467.989406,0.000000,0.000000,0.000000
Drone 3: 0 104 70 168 0 140 120 123 0 86 106 0 173 0 90 194 0 133 0 71 0 58 0 176 0 167 188 0 110 0 191 0 98 0 48 0 92 64 143 0 |Drone Time: 26305.226650|26305.226650,0.000000,0.000000,0.000000
Drone 4: 0 137 127 28 0 39 83 36 0 7 73 121 88 0 91 192 0 134 9 0 66 0 6 0 85 84 139 0 118 0 174 138 0 44 0 182 81 1 175 0 23 0 11 0 136 0 |Drone Time: 26490.243932|26490.243932,0.000000,0.000000,0.000000
Drone 5: 0 112 162 148 40 187 41 0 35 157 59 189 46 0 43 117 57 0 115 152 0 156 24 0 163 0 114 170 0 95 0 4 0 50 0 101 30 0 2 0 149 0 32 3 0 82 0 |Drone Time: 26487.724524|26487.724524,0.000000,0.000000,0.000000",26545.082722,0.0,0.0,0.0,"Truck Routes:
Truck 1: 0 160 0 126 0 199 111 0 150 155 0 62 20 0 |Truck Time: 26410.074890|26410.074890,0.000000,0.000000,0.000000
Truck 2: 0 56 10 0 5 135 171 0 96 51 190 0 21 0 100 0 109 99 161 0 |Truck Time: 26545.082722|26545.082722,0.000000,0.000000,0.000000
Truck 3: 0 153 0 172 0 196 0 69 67 0 193 141 47 0 146 122 74 0 63 0 |Truck Time: 26483.162383|26483.162383,0.000000,0.000000,0.000000
Truck 4: 0 16 130 0 113 0 68 0 17 0 87 103 0 185 0 |Truck Time: 26167.569065|26167.569065,0.000000,0.000000,0.000000
Truck 5: 0 177 18 142 0 33 183 75 0 55 198 0 89 65 0 186 0 19 0 12 119 125 0 159 8 0 |Truck Time: 25251.616878|25251.616878,0.000000,0.000000,0.000000
Drone Routes:
Drone 1: 0 166 78 108 179 147 52 0 129 144 0 200 0 14 94 0 22 0 34 42 0 45 15 0 158 102 0 26 0 97 0 60 0 151 0 29 0 184 31 0 80 165 0 |Drone Time: 26501.836228|26501.836228,0.000000,0.000000,0.000000
Drone 2: 0 77 0 169 37 25 105 195 0 13 128 0 164 53 0 178 107 124 0 145 0 154 0 131 93 0 54 197 76 181 116 0 72 0 79 49 0 38 0 27 0 180 0 61 132 0 |Drone Time: 26467.989406|26467.989406,0.000000,0.000000,0.000000
Drone 3: 0 104 70 168 0 140 120 123 0 86 106 0 173 0 90 194 0 133 0 71 0 58 0 176 0 167 188 0 110 0 191 0 98 0 48 0 92 64 143 0 |Drone Time: 26305.226650|26305.226650,0.000000,0.000000,0.000000
Drone 4: 0 137 127 28 0 39 83 36 0 7 73 121 88 0 91 192 0 134 9 0 66 0 6 0 85 84 139 0 118 0 174 138 0 44 0 182 81 1 175 0 23 0 11 0 136 0 |Drone Time: 26490.243932|26490.243932,0.000000,0.000000,0.000000
Drone 5: 0 112 162 148 40 187 41 0 35 157 59 189 46 0 43 117 57 0 115 152 0 156 24 0 163 0 114 170 0 95 0 4 0 50 0 101 30 0 2 0 149 0 32 3 0 82 0 |Drone Time: 26487.724524|26487.724524,0.000000,0.000000,0.000000
Total validation: Makespan=26545.082722, Deadline violation=0.000000, Energy violation=0.000000, Capacity violation=0.000000"
200.30.2,200,3,adaptive,g2,0.5,0.3,0.1,0.3,44,0,31788.730834,26545.082722,26545.082722,26545.082722,1001.987947,FEASIBLE,"Truck 1: 0 160 0 126 0 199 111 0 150 155 0 62 20 0 |Truck Time: 26410.074890|26410.074890,0.000000,0.000000,0.000000
Truck 2: 0 56 10 0 5 135 171 0 96 51 190 0 21 0 100 0 109 99 161 0 |Truck Time: 26545.082722|26545.082722,0.000000,0.000000,0.000000
Truck 3: 0 153 0 172 0 196 0 69 67 0 193 141 47 0 146 122 74 0 63 0 |Truck Time: 26483.162383|26483.162383,0.000000,0.000000,0.000000
Truck 4: 0 16 130 0 113 0 68 0 17 0 87 103 0 185 0 |Truck Time: 26167.569065|26167.569065,0.000000,0.000000,0.000000
Truck 5: 0 177 18 142 0 33 183 75 0 55 198 0 89 65 0 186 0 19 0 12 119 125 0 159 8 0 |Truck Time: 25251.616878|25251.616878,0.000000,0.000000,0.000000","Drone 1: 0 166 78 108 179 147 52 0 129 144 0 200 0 14 94 0 22 0 34 42 0 45 15 0 158 102 0 26 0 97 0 60 0 151 0 29 0 184 31 0 80 165 0 |Drone Time: 26501.836228|26501.836228,0.000000,0.000000,0.000000
Drone 2: 0 77 0 169 37 25 105 195 0 13 128 0 164 53 0 178 107 124 0 145 0 154 0 131 93 0 54 197 76 181 116 0 72 0 79 49 0 38 0 27 0 180 0 61 132 0 |Drone Time: 26467.989406|26467.989406,0.000000,0.000000,0.000000
Drone 3: 0 104 70 168 0 140 120 123 0 86 106 0 173 0 90 194 0 133 0 71 0 58 0 176 0 167 188 0 110 0 191 0 98 0 48 0 92 64 143 0 |Drone Time: 26305.226650|26305.226650,0.000000,0.000000,0.000000
Drone 4: 0 137 127 28 0 39 83 36 0 7 73 121 88 0 91 192 0 134 9 0 66 0 6 0 85 84 139 0 118 0 174 138 0 44 0 182 81 1 175 0 23 0 11 0 136 0 |Drone Time: 26490.243932|26490.243932,0.000000,0.000000,0.000000
Drone 5: 0 112 162 148 40 187 41 0 35 157 59 189 46 0 43 117 57 0 115 152 0 156 24 0 163 0 114 170 0 95 0 4 0 50 0 101 30 0 2 0 149 0 32 3 0 82 0 |Drone Time: 26487.724524|26487.724524,0.000000,0.000000,0.000000",26545.082722,0.0,0.0,0.0,"Truck Routes:
Truck 1: 0 160 0 126 0 199 111 0 150 155 0 62 20 0 |Truck Time: 26410.074890|26410.074890,0.000000,0.000000,0.000000
Truck 2: 0 56 10 0 5 135 171 0 96 51 190 0 21 0 100 0 109 99 161 0 |Truck Time: 26545.082722|26545.082722,0.000000,0.000000,0.000000
Truck 3: 0 153 0 172 0 196 0 69 67 0 193 141 47 0 146 122 74 0 63 0 |Truck Time: 26483.162383|26483.162383,0.000000,0.000000,0.000000
Truck 4: 0 16 130 0 113 0 68 0 17 0 87 103 0 185 0 |Truck Time: 26167.569065|26167.569065,0.000000,0.000000,0.000000
Truck 5: 0 177 18 142 0 33 183 75 0 55 198 0 89 65 0 186 0 19 0 12 119 125 0 159 8 0 |Truck Time: 25251.616878|25251.616878,0.000000,0.000000,0.000000
Drone Routes:
Drone 1: 0 166 78 108 179 147 52 0 129 144 0 200 0 14 94 0 22 0 34 42 0 45 15 0 158 102 0 26 0 97 0 60 0 151 0 29 0 184 31 0 80 165 0 |Drone Time: 26501.836228|26501.836228,0.000000,0.000000,0.000000
Drone 2: 0 77 0 169 37 25 105 195 0 13 128 0 164 53 0 178 107 124 0 145 0 154 0 131 93 0 54 197 76 181 116 0 72 0 79 49 0 38 0 27 0 180 0 61 132 0 |Drone Time: 26467.989406|26467.989406,0.000000,0.000000,0.000000
Drone 3: 0 104 70 168 0 140 120 123 0 86 106 0 173 0 90 194 0 133 0 71 0 58 0 176 0 167 188 0 110 0 191 0 98 0 48 0 92 64 143 0 |Drone Time: 26305.226650|26305.226650,0.000000,0.000000,0.000000
Drone 4: 0 137 127 28 0 39 83 36 0 7 73 121 88 0 91 192 0 134 9 0 66 0 6 0 85 84 139 0 118 0 174 138 0 44 0 182 81 1 175 0 23 0 11 0 136 0 |Drone Time: 26490.243932|26490.243932,0.000000,0.000000,0.000000
Drone 5: 0 112 162 148 40 187 41 0 35 157 59 189 46 0 43 117 57 0 115 152 0 156 24 0 163 0 114 170 0 95 0 4 0 50 0 101 30 0 2 0 149 0 32 3 0 82 0 |Drone Time: 26487.724524|26487.724524,0.000000,0.000000,0.000000
Total validation: Makespan=26545.082722, Deadline violation=0.000000, Energy violation=0.000000, Capacity violation=0.000000"
200.30.2,200,3,adaptive,g3,0.3,0.2,0.1,0.6,44,0,31788.730834,26545.082722,26545.082722,26545.082722,1002.140956,FEASIBLE,"Truck 1: 0 160 0 126 0 199 111 0 150 155 0 62 20 0 |Truck Time: 26410.074890|26410.074890,0.000000,0.000000,0.000000
Truck 2: 0 56 10 0 5 135 171 0 96 51 190 0 21 0 100 0 109 99 161 0 |Truck Time: 26545.082722|26545.082722,0.000000,0.000000,0.000000
Truck 3: 0 153 0 172 0 196 0 69 67 0 193 141 47 0 146 122 74 0 63 0 |Truck Time: 26483.162383|26483.162383,0.000000,0.000000,0.000000
Truck 4: 0 16 130 0 113 0 68 0 17 0 87 103 0 185 0 |Truck Time: 26167.569065|26167.569065,0.000000,0.000000,0.000000
Truck 5: 0 177 18 142 0 33 183 75 0 55 198 0 89 65 0 186 0 19 0 12 119 125 0 159 8 0 |Truck Time: 25251.616878|25251.616878,0.000000,0.000000,0.000000","Drone 1: 0 166 78 108 179 147 52 0 129 144 0 200 0 14 94 0 22 0 34 42 0 45 15 0 158 102 0 26 0 97 0 60 0 151 0 29 0 184 31 0 80 165 0 |Drone Time: 26501.836228|26501.836228,0.000000,0.000000,0.000000
Drone 2: 0 77 0 169 37 25 105 195 0 13 128 0 164 53 0 178 107 124 0 145 0 154 0 131 93 0 54 197 76 181 116 0 72 0 79 49 0 38 0 27 0 180 0 61 132 0 |Drone Time: 26467.989406|26467.989406,0.000000,0.000000,0.000000
Drone 3: 0 104 70 168 0 140 120 123 0 86 106 0 173 0 90 194 0 133 0 71 0 58 0 176 0 167 188 0 110 0 191 0 98 0 48 0 92 64 143 0 |Drone Time: 26305.226650|26305.226650,0.000000,0.000000,0.000000
Drone 4: 0 137 127 28 0 39 83 36 0 7 73 121 88 0 91 192 0 134 9 0 66 0 6 0 85 84 139 0 118 0 174 138 0 44 0 182 81 1 175 0 23 0 11 0 136 0 |Drone Time: 26490.243932|26490.243932,0.000000,0.000000,0.000000
Drone 5: 0 112 162 148 40 187 41 0 35 157 59 189 46 0 43 117 57 0 115 152 0 156 24 0 163 0 114 170 0 95 0 4 0 50 0 101 30 0 2 0 149 0 32 3 0 82 0 |Drone Time: 26487.724524|26487.724524,0.000000,0.000000,0.000000",26545.082722,0.0,0.0,0.0,"Truck Routes:
Truck 1: 0 160 0 126 0 199 111 0 150 155 0 62 20 0 |Truck Time: 26410.074890|26410.074890,0.000000,0.000000,0.000000
Truck 2: 0 56 10 0 5 135 171 0 96 51 190 0 21 0 100 0 109 99 161 0 |Truck Time: 26545.082722|26545.082722,0.000000,0.000000,0.000000
Truck 3: 0 153 0 172 0 196 0 69 67 0 193 141 47 0 146 122 74 0 63 0 |Truck Time: 26483.162383|26483.162383,0.000000,0.000000,0.000000
Truck 4: 0 16 130 0 113 0 68 0 17 0 87 103 0 185 0 |Truck Time: 26167.569065|26167.569065,0.000000,0.000000,0.000000
Truck 5: 0 177 18 142 0 33 183 75 0 55 198 0 89 65 0 186 0 19 0 12 119 125 0 159 8 0 |Truck Time: 25251.616878|25251.616878,0.000000,0.000000,0.000000
Drone Routes:
Drone 1: 0 166 78 108 179 147 52 0 129 144 0 200 0 14 94 0 22 0 34 42 0 45 15 0 158 102 0 26 0 97 0 60 0 151 0 29 0 184 31 0 80 165 0 |Drone Time: 26501.836228|26501.836228,0.000000,0.000000,0.000000
Drone 2: 0 77 0 169 37 25 105 195 0 13 128 0 164 53 0 178 107 124 0 145 0 154 0 131 93 0 54 197 76 181 116 0 72 0 79 49 0 38 0 27 0 180 0 61 132 0 |Drone Time: 26467.989406|26467.989406,0.000000,0.000000,0.000000
Drone 3: 0 104 70 168 0 140 120 123 0 86 106 0 173 0 90 194 0 133 0 71 0 58 0 176 0 167 188 0 110 0 191 0 98 0 48 0 92 64 143 0 |Drone Time: 26305.226650|26305.226650,0.000000,0.000000,0.000000
Drone 4: 0 137 127 28 0 39 83 36 0 7 73 121 88 0 91 192 0 134 9 0 66 0 6 0 85 84 139 0 118 0 174 138 0 44 0 182 81 1 175 0 23 0 11 0 136 0 |Drone Time: 26490.243932|26490.243932,0.000000,0.000000,0.000000
Drone 5: 0 112 162 148 40 187 41 0 35 157 59 189 46 0 43 117 57 0 115 152 0 156 24 0 163 0 114 170 0 95 0 4 0 50 0 101 30 0 2 0 149 0 32 3 0 82 0 |Drone Time: 26487.724524|26487.724524,0.000000,0.000000,0.000000
Total validation: Makespan=26545.082722, Deadline violation=0.000000, Energy violation=0.000000, Capacity violation=0.000000"
200.30.2,200,3,adaptive,g4,0.5,0.3,0.1,0.6,44,0,31788.730834,26545.082722,26545.082722,26545.082722,993.029003,FEASIBLE,"Truck 1: 0 160 0 126 0 199 111 0 150 155 0 62 20 0 |Truck Time: 26410.074890|26410.074890,0.000000,0.000000,0.000000
Truck 2: 0 56 10 0 5 135 171 0 96 51 190 0 21 0 100 0 109 99 161 0 |Truck Time: 26545.082722|26545.082722,0.000000,0.000000,0.000000
Truck 3: 0 153 0 172 0 196 0 69 67 0 193 141 47 0 146 122 74 0 63 0 |Truck Time: 26483.162383|26483.162383,0.000000,0.000000,0.000000
Truck 4: 0 16 130 0 113 0 68 0 17 0 87 103 0 185 0 |Truck Time: 26167.569065|26167.569065,0.000000,0.000000,0.000000
Truck 5: 0 177 18 142 0 33 183 75 0 55 198 0 89 65 0 186 0 19 0 12 119 125 0 159 8 0 |Truck Time: 25251.616878|25251.616878,0.000000,0.000000,0.000000","Drone 1: 0 166 78 108 179 147 52 0 129 144 0 200 0 14 94 0 22 0 34 42 0 45 15 0 158 102 0 26 0 97 0 60 0 151 0 29 0 184 31 0 80 165 0 |Drone Time: 26501.836228|26501.836228,0.000000,0.000000,0.000000
Drone 2: 0 77 0 169 37 25 105 195 0 13 128 0 164 53 0 178 107 124 0 145 0 154 0 131 93 0 54 197 76 181 116 0 72 0 79 49 0 38 0 27 0 180 0 61 132 0 |Drone Time: 26467.989406|26467.989406,0.000000,0.000000,0.000000
Drone 3: 0 104 70 168 0 140 120 123 0 86 106 0 173 0 90 194 0 133 0 71 0 58 0 176 0 167 188 0 110 0 191 0 98 0 48 0 92 64 143 0 |Drone Time: 26305.226650|26305.226650,0.000000,0.000000,0.000000
Drone 4: 0 137 127 28 0 39 83 36 0 7 73 121 88 0 91 192 0 134 9 0 66 0 6 0 85 84 139 0 118 0 174 138 0 44 0 182 81 1 175 0 23 0 11 0 136 0 |Drone Time: 26490.243932|26490.243932,0.000000,0.000000,0.000000
Drone 5: 0 112 162 148 40 187 41 0 35 157 59 189 46 0 43 117 57 0 115 152 0 156 24 0 163 0 114 170 0 95 0 4 0 50 0 101 30 0 2 0 149 0 32 3 0 82 0 |Drone Time: 26487.724524|26487.724524,0.000000,0.000000,0.000000",26545.082722,0.0,0.0,0.0,"Truck Routes:
Truck 1: 0 160 0 126 0 199 111 0 150 155 0 62 20 0 |Truck Time: 26410.074890|26410.074890,0.000000,0.000000,0.000000
Truck 2: 0 56 10 0 5 135 171 0 96 51 190 0 21 0 100 0 109 99 161 0 |Truck Time: 26545.082722|26545.082722,0.000000,0.000000,0.000000
Truck 3: 0 153 0 172 0 196 0 69 67 0 193 141 47 0 146 122 74 0 63 0 |Truck Time: 26483.162383|26483.162383,0.000000,0.000000,0.000000
Truck 4: 0 16 130 0 113 0 68 0 17 0 87 103 0 185 0 |Truck Time: 26167.569065|26167.569065,0.000000,0.000000,0.000000
Truck 5: 0 177 18 142 0 33 183 75 0 55 198 0 89 65 0 186 0 19 0 12 119 125 0 159 8 0 |Truck Time: 25251.616878|25251.616878,0.000000,0.000000,0.000000
Drone Routes:
Drone 1: 0 166 78 108 179 147 52 0 129 144 0 200 0 14 94 0 22 0 34 42 0 45 15 0 158 102 0 26 0 97 0 60 0 151 0 29 0 184 31 0 80 165 0 |Drone Time: 26501.836228|26501.836228,0.000000,0.000000,0.000000
Drone 2: 0 77 0 169 37 25 105 195 0 13 128 0 164 53 0 178 107 124 0 145 0 154 0 131 93 0 54 197 76 181 116 0 72 0 79 49 0 38 0 27 0 180 0 61 132 0 |Drone Time: 26467.989406|26467.989406,0.000000,0.000000,0.000000
Drone 3: 0 104 70 168 0 140 120 123 0 86 106 0 173 0 90 194 0 133 0 71 0 58 0 176 0 167 188 0 110 0 191 0 98 0 48 0 92 64 143 0 |Drone Time: 26305.226650|26305.226650,0.000000,0.000000,0.000000
Drone 4: 0 137 127 28 0 39 83 36 0 7 73 121 88 0 91 192 0 134 9 0 66 0 6 0 85 84 139 0 118 0 174 138 0 44 0 182 81 1 175 0 23 0 11 0 136 0 |Drone Time: 26490.243932|26490.243932,0.000000,0.000000,0.000000
Drone 5: 0 112 162 148 40 187 41 0 35 157 59 189 46 0 43 117 57 0 115 152 0 156 24 0 163 0 114 170 0 95 0 4 0 50 0 101 30 0 2 0 149 0 32 3 0 82 0 |Drone Time: 26487.724524|26487.724524,0.000000,0.000000,0.000000
Total validation: Makespan=26545.082722, Deadline violation=0.000000, Energy violation=0.000000, Capacity violation=0.000000"
200.30.2,200,3,cyclic,,,,,,44,0,31788.730834,26856.910097,26856.910097,26856.910097,996.896122,FEASIBLE,"Truck 1: 0 193 0 65 0 111 0 97 199 0 48 0 16 146 0 |Truck Time: 26722.221228|26722.221228,0.000000,0.000000,0.000000
Truck 2: 0 56 181 198 0 23 0 80 51 190 96 0 103 133 0 86 0 126 141 0 |Truck Time: 26855.640179|26855.640179,0.000000,0.000000,0.000000
Truck 3: 0 162 47 0 135 0 160 100 0 62 20 140 0 104 0 33 5 0 75 171 0 |Truck Time: 26666.736975|26666.736975,0.000000,0.000000,0.000000
Truck 4: 0 130 0 186 0 87 0 129 125 0 8 0 185 0 |Truck Time: 26485.290376|26485.290376,0.000000,0.000000,0.000000
Truck 5: 0 178 161 148 18 0 177 10 183 0 172 101 19 0 74 0 174 0 12 134 0 159 154 153 0 |Truck Time: 26856.910097|26856.910097,0.000000,0.000000,0.000000","Drone 1: 0 105 64 143 78 108 179 195 0 63 144 0 200 0 124 0 22 0 99 166 0 45 15 0 158 182 175 0 26 0 119 0 60 0 151 0 29 0 184 31 0 191 0 |Drone Time: 26719.249558|26719.249558,0.000000,0.000000,0.000000
Drone 2: 0 11 67 42 0 169 52 25 37 0 13 128 0 164 53 0 14 94 0 145 0 89 0 131 93 0 76 197 54 55 0 72 0 79 49 0 165 38 0 27 0 180 0 61 132 0 |Drone Time: 26661.974863|26661.974863,0.000000,0.000000,0.000000
Drone 3: 0 150 70 155 116 0 122 120 123 0 113 106 0 173 0 90 194 0 109 0 71 0 58 0 176 0 167 188 0 110 0 21 0 98 0 57 69 0 92 147 0 |Drone Time: 26767.319434|26767.319434,0.000000,0.000000,0.000000
Drone 4: 0 127 28 137 81 1 0 39 83 36 0 7 73 121 88 0 91 192 0 68 9 0 66 0 6 0 85 84 139 0 118 0 77 138 0 44 0 102 0 17 0 196 107 0 136 0 |Drone Time: 26808.041219|26808.041219,0.000000,0.000000,0.000000
Drone 5: 0 142 112 40 187 41 0 157 35 59 189 46 0 43 117 168 0 115 152 0 156 24 0 163 0 114 170 0 95 0 4 0 50 0 34 30 0 2 0 149 0 32 3 0 82 0 |Drone Time: 26508.368545|26508.368545,0.000000,0.000000,0.000000",26856.910097,0.0,0.0,0.0,"Truck Routes:
Truck 1: 0 193 0 65 0 111 0 97 199 0 48 0 16 146 0 |Truck Time: 26722.221228|26722.221228,0.000000,0.000000,0.000000
Truck 2: 0 56 181 198 0 23 0 80 51 190 96 0 103 133 0 86 0 126 141 0 |Truck Time: 26855.640179|26855.640179,0.000000,0.000000,0.000000
Truck 3: 0 162 47 0 135 0 160 100 0 62 20 140 0 104 0 33 5 0 75 171 0 |Truck Time: 26666.736975|26666.736975,0.000000,0.000000,0.000000
Truck 4: 0 130 0 186 0 87 0 129 125 0 8 0 185 0 |Truck Time: 26485.290376|26485.290376,0.000000,0.000000,0.000000
Truck 5: 0 178 161 148 18 0 177 10 183 0 172 101 19 0 74 0 174 0 12 134 0 159 154 153 0 |Truck Time: 26856.910097|26856.910097,0.000000,0.000000,0.000000
Drone Routes:
Drone 1: 0 105 64 143 78 108 179 195 0 63 144 0 200 0 124 0 22 0 99 166 0 45 15 0 158 182 175 0 26 0 119 0 60 0 151 0 29 0 184 31 0 191 0 |Drone Time: 26719.249558|26719.249558,0.000000,0.000000,0.000000
Drone 2: 0 11 67 42 0 169 52 25 37 0 13 128 0 164 53 0 14 94 0 145 0 89 0 131 93 0 76 197 54 55 0 72 0 79 49 0 165 38 0 27 0 180 0 61 132 0 |Drone Time: 26661.974863|26661.974863,0.000000,0.000000,0.000000
Drone 3: 0 150 70 155 116 0 122 120 123 0 113 106 0 173 0 90 194 0 109 0 71 0 58 0 176 0 167 188 0 110 0 21 0 98 0 57 69 0 92 147 0 |Drone Time: 26767.319434|26767.319434,0.000000,0.000000,0.000000
Drone 4: 0 127 28 137 81 1 0 39 83 36 0 7 73 121 88 0 91 192 0 68 9 0 66 0 6 0 85 84 139 0 118 0 77 138 0 44 0 102 0 17 0 196 107 0 136 0 |Drone Time: 26808.041219|26808.041219,0.000000,0.000000,0.000000
Drone 5: 0 142 112 40 187 41 0 157 35 59 189 46 0 43 117 168 0 115 152 0 156 24 0 163 0 114 170 0 95 0 4 0 50 0 34 30 0 2 0 149 0 32 3 0 82 0 |Drone Time: 26508.368545|26508.368545,0.000000,0.000000,0.000000
Total validation: Makespan=26856.910097, Deadline violation=0.000000, Energy violation=0.000000, Capacity violation=0.000000"
200.30.2,200,3,random,,,,,,44,0,31788.730834,21571.297625,21571.297625,21571.297625,1352.235969,FEASIBLE,"Truck 1: 0 62 146 0 119 12 0 95 191 180 198 0 133 20 48 0 |Truck Time: 21571.297625|21571.297625,0.000000,0.000000,0.000000
Truck 2: 0 17 0 126 141 0 190 80 0 183 75 0 111 13 56 0 |Truck Time: 21569.329727|21569.329727,0.000000,0.000000,0.000000
Truck 3: 0 96 150 186 184 0 86 65 171 0 193 27 51 47 112 0 21 82 0 187 10 33 0 |Truck Time: 21453.599146|21453.599146,0.000000,0.000000,0.000000
Truck 4: 0 18 148 0 19 101 40 7 177 0 160 100 142 169 0 42 22 159 125 134 0 28 39 43 155 0 |Truck Time: 21551.566889|21551.566889,0.000000,0.000000,0.000000
Truck 5: 0 137 172 0 161 178 0 89 67 135 0 74 16 91 73 0 108 78 130 122 0 199 0 |Truck Time: 21566.349815|21566.349815,0.000000,0.000000,0.000000","Drone 1: 0 124 0 106 200 0 2 157 0 166 120 179 0 45 81 15 0 77 138 0 1 4 0 99 139 41 0 57 151 35 0 149 0 76 103 0 68 55 0 174 194 0 |Drone Time: 21512.515919|21512.515919,0.000000,0.000000,0.000000
Drone 2: 0 107 140 0 6 25 0 31 84 0 145 181 0 156 24 0 197 105 23 0 116 121 88 131 0 79 46 0 5 0 164 53 0 97 93 0 61 132 0 118 128 0 |Drone Time: 21528.360447|21528.360447,0.000000,0.000000,0.000000
Drone 3: 0 129 36 0 163 0 189 0 110 94 70 0 154 144 0 109 0 59 123 71 0 8 9 0 83 176 0 167 0 113 0 98 0 196 0 92 147 0 |Drone Time: 21535.062436|21535.062436,0.000000,0.000000,0.000000
Drone 4: 0 60 87 0 185 0 58 0 117 104 0 173 168 37 0 85 192 64 143 0 69 0 72 49 0 158 102 0 182 175 54 0 195 44 0 11 0 136 0 |Drone Time: 21469.613088|21469.613088,0.000000,0.000000,0.000000
Drone 5: 0 90 0 66 0 63 0 52 14 165 0 114 170 0 127 38 0 26 0 50 0 34 30 0 29 0 188 162 0 32 3 0 153 0 115 152 0 |Drone Time: 21526.455276|21526.455276,0.000000,0.000000,0.000000",21571.297625,0.0,0.0,0.0,"Truck Routes:
Truck 1: 0 62 146 0 119 12 0 95 191 180 198 0 133 20 48 0 |Truck Time: 21571.297625|21571.297625,0.000000,0.000000,0.000000
Truck 2: 0 17 0 126 141 0 190 80 0 183 75 0 111 13 56 0 |Truck Time: 21569.329727|21569.329727,0.000000,0.000000,0.000000
Truck 3: 0 96 150 186 184 0 86 65 171 0 193 27 51 47 112 0 21 82 0 187 10 33 0 |Truck Time: 21453.599146|21453.599146,0.000000,0.000000,0.000000
Truck 4: 0 18 148 0 19 101 40 7 177 0 160 100 142 169 0 42 22 159 125 134 0 28 39 43 155 0 |Truck Time: 21551.566889|21551.566889,0.000000,0.000000,0.000000
Truck 5: 0 137 172 0 161 178 0 89 67 135 0 74 16 91 73 0 108 78 130 122 0 199 0 |Truck Time: 21566.349815|21566.349815,0.000000,0.000000,0.000000
Drone Routes:
Drone 1: 0 124 0 106 200 0 2 157 0 166 120 179 0 45 81 15 0 77 138 0 1 4 0 99 139 41 0 57 151 35 0 149 0 76 103 0 68 55 0 174 194 0 |Drone Time: 21512.515919|21512.515919,0.000000,0.000000,0.000000
Drone 2: 0 107 140 0 6 25 0 31 84 0 145 181 0 156 24 0 197 105 23 0 116 121 88 131 0 79 46 0 5 0 164 53 0 97 93 0 61 132 0 118 128 0 |Drone Time: 21528.360447|21528.360447,0.000000,0.000000,0.000000
Drone 3: 0 129 36 0 163 0 189 0 110 94 70 0 154 144 0 109 0 59 123 71 0 8 9 0 83 176 0 167 0 113 0 98 0 196 0 92 147 0 |Drone Time: 21535.062436|21535.062436,0.000000,0.000000,0.000000
Drone 4: 0 60 87 0 185 0 58 0 117 104 0 173 168 37 0 85 192 64 143 0 69 0 72 49 0 158 102 0 182 175 54 0 195 44 0 11 0 136 0 |Drone Time: 21469.613088|21469.613088,0.000000,0.000000,0.000000
Drone 5: 0 90 0 66 0 63 0 52 14 165 0 114 170 0 127 38 0 26 0 50 0 34 30 0 29 0 188 162 0 32 3 0 153 0 115 152 0 |Drone Time: 21526.455276|21526.455276,0.000000,0.000000,0.000000
Total validation: Makespan=21571.297625, Deadline violation=0.000000, Energy violation=0.000000, Capacity violation=0.000000"
200.30.2,200,4,adaptive,g1,0.3,0.2,0.1,0.3,45,0,30307.848228,21110.486928,21110.486928,21110.486928,1479.13919,FEASIBLE,"Truck 1: 0 13 69 183 33 0 5 107 0 12 119 137 0 104 141 0 18 0 |Truck Time: 20709.274484|20709.274484,0.000000,0.000000,0.000000
Truck 2: 0 76 195 140 179 146 0 169 184 186 0 101 82 125 182 172 0 100 6 160 80 0 46 174 86 75 0 |Truck Time: 21105.580556|21105.580556,0.000000,0.000000,0.000000
Truck 3: 0 133 44 103 0 74 78 91 108 0 23 105 109 99 0 0 42 22 134 0 |Truck Time: 21045.008124|21045.008124,0.000000,0.000000,0.000000
Truck 4: 0 7 0 73 196 0 162 155 32 113 0 177 0 193 51 150 96 47 0 159 144 171 0 |Truck Time: 20844.651006|20844.651006,0.000000,0.000000,0.000000
Truck 5: 0 8 0 19 178 0 199 123 71 111 0 163 77 68 198 10 0 |Truck Time: 21110.486928|21110.486928,0.000000,0.000000,0.000000","Drone 1: 0 181 145 0 48 0 139 14 0 84 31 0 9 63 0 106 15 0 176 112 0 142 148 0 65 158 0 166 124 0 153 28 54 0 190 197 0 135 67 189 116 0 192 66 143 0 |Drone Time: 21101.414705|21101.414705,0.000000,0.000000,0.000000
Drone 2: 0 56 0 26 0 126 0 52 41 50 0 117 53 3 0 62 0 151 0 149 0 156 175 0 191 138 0 49 72 0 127 38 0 131 121 0 136 0 |Drone Time: 21039.515659|21039.515659,0.000000,0.000000,0.000000
Drone 3: 0 90 0 20 0 164 25 94 0 70 152 115 0 40 81 4 0 110 0 45 24 0 168 173 0 2 157 0 98 0 187 79 88 93 0 92 147 0 39 0 |Drone Time: 21100.995722|21100.995722,0.000000,0.000000,0.000000
Drone 4: 0 132 61 0 128 97 0 180 0 118 0 95 59 0 21 0 165 17 83 0 114 170 0 188 43 0 27 0 30 89 0 85 161 0 37 58 0 |Drone Time: 21097.661687|21097.661687,0.000000,0.000000,0.000000
Drone 5: 0 130 64 0 60 87 0 200 0 0 154 36 0 34 1 194 0 16 120 0 129 55 0 57 29 35 0 102 0 167 122 0 11 0 185 0 |Drone Time: 20964.347685|20964.347685,0.000000,0.000000,0.000000",21110.486928,0.0,0.0,0.0,"Truck Routes:
Truck 1: 0 13 69 183 33 0 5 107 0 12 119 137 0 104 141 0 18 0 |Truck Time: 20709.274484|20709.274484,0.000000,0.000000,0.000000
Truck 2: 0 76 195 140 179 146 0 169 184 186 0 101 82 125 182 172 0 100 6 160 80 0 46 174 86 75 0 |Truck Time: 21105.580556|21105.580556,0.000000,0.000000,0.000000
Truck 3: 0 133 44 103 0 74 78 91 108 0 23 105 109 99 0 0 42 22 134 0 |Truck Time: 21045.008124|21045.008124,0.000000,0.000000,0.000000
Truck 4: 0 7 0 73 196 0 162 155 32 113 0 177 0 193 51 150 96 47 0 159 144 171 0 |Truck Time: 20844.651006|20844.651006,0.000000,0.000000,0.000000
Truck 5: 0 8 0 19 178 0 199 123 71 111 0 163 77 68 198 10 0 |Truck Time: 21110.486928|21110.486928,0.000000,0.000000,0.000000
Drone Routes:
Drone 1: 0 181 145 0 48 0 139 14 0 84 31 0 9 63 0 106 15 0 176 112 0 142 148 0 65 158 0 166 124 0 153 28 54 0 190 197 0 135 67 189 116 0 192 66 143 0 |Drone Time: 21101.414705|21101.414705,0.000000,0.000000,0.000000
Drone 2: 0 56 0 26 0 126 0 52 41 50 0 117 53 3 0 62 0 151 0 149 0 156 175 0 191 138 0 49 72 0 127 38 0 131 121 0 136 0 |Drone Time: 21039.515659|21039.515659,0.000000,0.000000,0.000000
Drone 3: 0 90 0 20 0 164 25 94 0 70 152 115 0 40 81 4 0 110 0 45 24 0 168 173 0 2 157 0 98 0 187 79 88 93 0 92 147 0 39 0 |Drone Time: 21100.995722|21100.995722,0.000000,0.000000,0.000000
Drone 4: 0 132 61 0 128 97 0 180 0 118 0 95 59 0 21 0 165 17 83 0 114 170 0 188 43 0 27 0 30 89 0 85 161 0 37 58 0 |Drone Time: 21097.661687|21097.661687,0.000000,0.000000,0.000000
Drone 5: 0 130 64 0 60 87 0 200 0 0 154 36 0 34 1 194 0 16 120 0 129 55 0 57 29 35 0 102 0 167 122 0 11 0 185 0 |Drone Time: 20964.347685|20964.347685,0.000000,0.000000,0.000000
Total validation: Makespan=21110.486928, Deadline violation=0.000000, Energy violation=0.000000, Capacity violation=0.000000"
200.30.2,200,4,adaptive,g2,0.5,0.3,0.1,0.3,45,0,30307.848228,20559.872382,20559.872382,20559.872382,1723.360169,FEASIBLE,"Truck 1: 0 13 69 0 18 142 169 177 0 12 119 137 0 104 6 160 100 0 73 0 |Truck Time: 20482.822945|20482.822945,0.000000,0.000000,0.000000
Truck 2: 0 146 179 140 147 161 0 184 186 0 101 82 125 134 0 141 80 0 46 174 86 0 |Truck Time: 20559.872382|20559.872382,0.000000,0.000000,0.000000
Truck 3: 0 133 44 103 0 108 122 78 91 74 0 23 105 109 99 0 63 172 0 |Truck Time: 20270.092177|20270.092177,0.000000,0.000000,0.000000
Truck 4: 0 0 196 19 7 0 162 155 43 32 113 0 0 193 51 96 150 61 0 159 144 171 0 |Truck Time: 20495.642791|20495.642791,0.000000,0.000000,0.000000
Truck 5: 0 8 0 163 77 75 0 199 123 71 29 111 0 183 10 68 198 56 0 |Truck Time: 20386.803552|20386.803552,0.000000,0.000000,0.000000","Drone 1: 0 88 145 0 129 0 40 9 106 15 0 62 0 89 30 0 65 158 0 166 124 0 182 153 28 0 84 31 0 135 67 57 0 192 66 143 0 148 47 0 45 24 0 |Drone Time: 20498.039388|20498.039388,0.000000,0.000000,0.000000
Drone 2: 0 41 14 0 52 48 0 164 25 94 0 126 0 110 0 149 0 90 0 156 127 175 0 154 36 0 139 50 0 188 132 0 121 118 35 0 16 120 0 |Drone Time: 20505.312381|20505.312381,0.000000,0.000000,0.000000
Drone 3: 0 190 197 0 5 0 33 0 117 53 112 0 70 152 115 0 42 22 0 176 3 0 187 26 116 0 191 93 0 98 0 59 181 79 55 0 85 178 0 39 0 2 157 0 |Drone Time: 20558.683648|20558.683648,0.000000,0.000000,0.000000
Drone 4: 0 136 0 138 131 0 189 180 0 49 72 0 95 0 21 0 165 17 83 0 185 0 38 0 27 0 167 54 0 92 195 107 0 37 168 173 0 |Drone Time: 20558.529068|20558.529068,0.000000,0.000000,0.000000
Drone 5: 0 130 64 0 151 0 128 97 0 200 0 58 76 0 34 194 0 60 87 0 1 4 81 0 102 0 20 0 11 0 114 170 0 |Drone Time: 20556.251133|20556.251133,0.000000,0.000000,0.000000",20559.872382,0.0,0.0,0.0,"Truck Routes:
Truck 1: 0 13 69 0 18 142 169 177 0 12 119 137 0 104 6 160 100 0 73 0 |Truck Time: 20482.822945|20482.822945,0.000000,0.000000,0.000000
Truck 2: 0 146 179 140 147 161 0 184 186 0 101 82 125 134 0 141 80 0 46 174 86 0 |Truck Time: 20559.872382|20559.872382,0.000000,0.000000,0.000000
Truck 3: 0 133 44 103 0 108 122 78 91 74 0 23 105 109 99 0 63 172 0 |Truck Time: 20270.092177|20270.092177,0.000000,0.000000,0.000000
Truck 4: 0 0 196 19 7 0 162 155 43 32 113 0 0 193 51 96 150 61 0 159 144 171 0 |Truck Time: 20495.642791|20495.642791,0.000000,0.000000,0.000000
Truck 5: 0 8 0 163 77 75 0 199 123 71 29 111 0 183 10 68 198 56 0 |Truck Time: 20386.803552|20386.803552,0.000000,0.000000,0.000000
Drone Routes:
Drone 1: 0 88 145 0 129 0 40 9 106 15 0 62 0 89 30 0 65 158 0 166 124 0 182 153 28 0 84 31 0 135 67 57 0 192 66 143 0 148 47 0 45 24 0 |Drone Time: 20498.039388|20498.039388,0.000000,0.000000,0.000000
Drone 2: 0 41 14 0 52 48 0 164 25 94 0 126 0 110 0 149 0 90 0 156 127 175 0 154 36 0 139 50 0 188 132 0 121 118 35 0 16 120 0 |Drone Time: 20505.312381|20505.312381,0.000000,0.000000,0.000000
Drone 3: 0 190 197 0 5 0 33 0 117 53 112 0 70 152 115 0 42 22 0 176 3 0 187 26 116 0 191 93 0 98 0 59 181 79 55 0 85 178 0 39 0 2 157 0 |Drone Time: 20558.683648|20558.683648,0.000000,0.000000,0.000000
Drone 4: 0 136 0 138 131 0 189 180 0 49 72 0 95 0 21 0 165 17 83 0 185 0 38 0 27 0 167 54 0 92 195 107 0 37 168 173 0 |Drone Time: 20558.529068|20558.529068,0.000000,0.000000,0.000000
Drone 5: 0 130 64 0 151 0 128 97 0 200 0 58 76 0 34 194 0 60 87 0 1 4 81 0 102 0 20 0 11 0 114 170 0 |Drone Time: 20556.251133|20556.251133,0.000000,0.000000,0.000000
Total validation: Makespan=20559.872382, Deadline violation=0.000000, Energy violation=0.000000, Capacity violation=0.000000"
200.30.2,200,4,adaptive,g3,0.3,0.2,0.1,0.6,45,0,30307.848228,20559.872382,20559.872382,20559.872382,1613.584115,FEASIBLE,"Truck 1: 0 13 69 0 18 142 169 177 0 12 119 137 0 104 6 160 100 0 73 0 |Truck Time: 20482.822945|20482.822945,0.000000,0.000000,0.000000
Truck 2: 0 146 179 140 147 161 0 184 186 0 101 82 125 134 0 141 80 0 46 174 86 0 |Truck Time: 20559.872382|20559.872382,0.000000,0.000000,0.000000
Truck 3: 0 133 44 103 0 108 122 78 91 74 0 23 105 109 99 0 63 172 0 |Truck Time: 20270.092177|20270.092177,0.000000,0.000000,0.000000
Truck 4: 0 0 196 19 7 0 162 155 43 32 113 0 0 193 51 96 150 61 0 159 144 171 0 |Truck Time: 20495.642791|20495.642791,0.000000,0.000000,0.000000
Truck 5: 0 8 0 163 77 75 0 199 123 71 29 111 0 183 10 68 198 56 0 |Truck Time: 20386.803552|20386.803552,0.000000,0.000000,0.000000","Drone 1: 0 88 145 0 129 0 40 9 106 15 0 62 0 89 30 0 65 158 0 166 124 0 182 153 28 0 84 31 0 135 67 57 0 192 66 143 0 148 47 0 45 24 0 |Drone Time: 20498.039388|20498.039388,0.000000,0.000000,0.000000
Drone 2: 0 41 14 0 52 48 0 164 25 94 0 126 0 110 0 149 0 90 0 156 127 175 0 154 36 0 139 50 0 188 132 0 121 118 35 0 16 120 0 |Drone Time: 20505.312381|20505.312381,0.000000,0.000000,0.000000
Drone 3: 0 190 197 0 5 0 33 0 117 53 112 0 70 152 115 0 42 22 0 176 3 0 187 26 116 0 191 93 0 98 0 59 181 79 55 0 85 178 0 39 0 2 157 0 |Drone Time: 20558.683648|20558.683648,0.000000,0.000000,0.000000
Drone 4: 0 136 0 138 131 0 189 180 0 49 72 0 95 0 21 0 165 17 83 0 185 0 38 0 27 0 167 54 0 92 195 107 0 37 168 173 0 |Drone Time: 20558.529068|20558.529068,0.000000,0.000000,0.000000
Drone 5: 0 130 64 0 151 0 128 97 0 200 0 58 76 0 34 194 0 60 87 0 1 4 81 0 102 0 20 0 11 0 114 170 0 |Drone Time: 20556.251133|20556.251133,0.000000,0.000000,0.000000",20559.872382,0.0,0.0,0.0,"Truck Routes:
Truck 1: 0 13 69 0 18 142 169 177 0 12 119 137 0 104 6 160 100 0 73 0 |Truck Time: 20482.822945|20482.822945,0.000000,0.000000,0.000000
Truck 2: 0 146 179 140 147 161 0 184 186 0 101 82 125 134 0 141 80 0 46 174 86 0 |Truck Time: 20559.872382|20559.872382,0.000000,0.000000,0.000000
Truck 3: 0 133 44 103 0 108 122 78 91 74 0 23 105 109 99 0 63 172 0 |Truck Time: 20270.092177|20270.092177,0.000000,0.000000,0.000000
Truck 4: 0 0 196 19 7 0 162 155 43 32 113 0 0 193 51 96 150 61 0 159 144 171 0 |Truck Time: 20495.642791|20495.642791,0.000000,0.000000,0.000000
Truck 5: 0 8 0 163 77 75 0 199 123 71 29 111 0 183 10 68 198 56 0 |Truck Time: 20386.803552|20386.803552,0.000000,0.000000,0.000000
Drone Routes:
Drone 1: 0 88 145 0 129 0 40 9 106 15 0 62 0 89 30 0 65 158 0 166 124 0 182 153 28 0 84 31 0 135 67 57 0 192 66 143 0 148 47 0 45 24 0 |Drone Time: 20498.039388|20498.039388,0.000000,0.000000,0.000000
Drone 2: 0 41 14 0 52 48 0 164 25 94 0 126 0 110 0 149 0 90 0 156 127 175 0 154 36 0 139 50 0 188 132 0 121 118 35 0 16 120 0 |Drone Time: 20505.312381|20505.312381,0.000000,0.000000,0.000000
Drone 3: 0 190 197 0 5 0 33 0 117 53 112 0 70 152 115 0 42 22 0 176 3 0 187 26 116 0 191 93 0 98 0 59 181 79 55 0 85 178 0 39 0 2 157 0 |Drone Time: 20558.683648|20558.683648,0.000000,0.000000,0.000000
Drone 4: 0 136 0 138 131 0 189 180 0 49 72 0 95 0 21 0 165 17 83 0 185 0 38 0 27 0 167 54 0 92 195 107 0 37 168 173 0 |Drone Time: 20558.529068|20558.529068,0.000000,0.000000,0.000000
Drone 5: 0 130 64 0 151 0 128 97 0 200 0 58 76 0 34 194 0 60 87 0 1 4 81 0 102 0 20 0 11 0 114 170 0 |Drone Time: 20556.251133|20556.251133,0.000000,0.000000,0.000000
Total validation: Makespan=20559.872382, Deadline violation=0.000000, Energy violation=0.000000, Capacity violation=0.000000"
200.30.2,200,4,adaptive,g4,0.5,0.3,0.1,0.6,45,0,30307.848228,21235.17672,21235.17672,21235.17672,1520.128178,FEASIBLE,"Truck 1: 0 13 69 56 0 177 178 0 12 119 137 0 104 25 141 0 31 0 |Truck Time: 21191.572254|21191.572254,0.000000,0.000000,0.000000
Truck 2: 0 195 140 179 146 0 169 184 186 0 101 82 182 172 0 193 6 160 80 0 46 174 30 171 0 |Truck Time: 21159.060634|21159.060634,0.000000,0.000000,0.000000
Truck 3: 0 133 44 103 0 5 74 78 122 108 0 23 109 99 0 0 42 22 134 0 |Truck Time: 20852.481200|20852.481200,0.000000,0.000000,0.000000
Truck 4: 0 7 0 73 33 196 0 162 155 32 113 0 18 0 100 51 47 150 96 0 159 144 158 0 |Truck Time: 21129.396068|21129.396068,0.000000,0.000000,0.000000
Truck 5: 0 8 0 65 89 75 0 199 123 71 111 0 163 77 68 198 10 0 |Truck Time: 21235.176720|21235.176720,0.000000,0.000000,0.000000","Drone 1: 0 145 0 90 0 188 43 0 84 105 0 45 24 0 40 9 106 15 0 49 72 0 142 148 0 19 0 166 124 0 54 28 153 0 190 197 0 135 67 189 116 0 192 66 143 0 |Drone Time: 21009.936210|21009.936210,0.000000,0.000000,0.000000
Drone 2: 0 26 0 126 0 139 14 41 0 167 53 112 0 62 0 29 0 149 0 156 127 175 0 76 183 0 60 87 0 131 138 0 129 55 0 132 61 0 16 120 0 |Drone Time: 21211.581392|21211.581392,0.000000,0.000000,0.000000
Drone 3: 0 48 0 20 0 125 0 58 0 70 152 115 0 63 0 176 3 0 4 81 0 128 97 0 2 157 0 98 0 187 79 59 0 92 147 0 39 0 |Drone Time: 21151.692352|21151.692352,0.000000,0.000000,0.000000
Drone 4: 0 136 0 200 0 180 0 181 118 57 0 95 93 0 21 0 165 17 83 0 114 170 0 38 0 27 0 86 0 85 161 0 37 164 94 0 |Drone Time: 21226.068120|21226.068120,0.000000,0.000000,0.000000
Drone 5: 0 130 64 0 110 0 168 173 0 117 0 154 36 0 34 1 194 0 52 50 0 191 88 121 0 151 35 0 102 0 107 91 0 11 0 185 0 |Drone Time: 21232.380506|21232.380506,0.000000,0.000000,0.000000",21235.17672,0.0,0.0,0.0,"Truck Routes:
Truck 1: 0 13 69 56 0 177 178 0 12 119 137 0 104 25 141 0 31 0 |Truck Time: 21191.572254|21191.572254,0.000000,0.000000,0.000000
Truck 2: 0 195 140 179 146 0 169 184 186 0 101 82 182 172 0 193 6 160 80 0 46 174 30 171 0 |Truck Time: 21159.060634|21159.060634,0.000000,0.000000,0.000000
Truck 3: 0 133 44 103 0 5 74 78 122 108 0 23 109 99 0 0 42 22 134 0 |Truck Time: 20852.481200|20852.481200,0.000000,0.000000,0.000000
Truck 4: 0 7 0 73 33 196 0 162 155 32 113 0 18 0 100 51 47 150 96 0 159 144 158 0 |Truck Time: 21129.396068|21129.396068,0.000000,0.000000,0.000000
Truck 5: 0 8 0 65 89 75 0 199 123 71 111 0 163 77 68 198 10 0 |Truck Time: 21235.176720|21235.176720,0.000000,0.000000,0.000000
Drone Routes:
Drone 1: 0 145 0 90 0 188 43 0 84 105 0 45 24 0 40 9 106 15 0 49 72 0 142 148 0 19 0 166 124 0 54 28 153 0 190 197 0 135 67 189 116 0 192 66 143 0 |Drone Time: 21009.936210|21009.936210,0.000000,0.000000,0.000000
Drone 2: 0 26 0 126 0 139 14 41 0 167 53 112 0 62 0 29 0 149 0 156 127 175 0 76 183 0 60 87 0 131 138 0 129 55 0 132 61 0 16 120 0 |Drone Time: 21211.581392|21211.581392,0.000000,0.000000,0.000000
Drone 3: 0 48 0 20 0 125 0 58 0 70 152 115 0 63 0 176 3 0 4 81 0 128 97 0 2 157 0 98 0 187 79 59 0 92 147 0 39 0 |Drone Time: 21151.692352|21151.692352,0.000000,0.000000,0.000000
Drone 4: 0 136 0 200 0 180 0 181 118 57 0 95 93 0 21 0 165 17 83 0 114 170 0 38 0 27 0 86 0 85 161 0 37 164 94 0 |Drone Time: 21226.068120|21226.068120,0.000000,0.000000,0.000000
Drone 5: 0 130 64 0 110 0 168 173 0 117 0 154 36 0 34 1 194 0 52 50 0 191 88 121 0 151 35 0 102 0 107 91 0 11 0 185 0 |Drone Time: 21232.380506|21232.380506,0.000000,0.000000,0.000000
Total validation: Makespan=21235.176720, Deadline violation=0.000000, Energy violation=0.000000, Capacity violation=0.000000"
200.30.2,200,4,cyclic,,,,,,45,0,30307.848228,20702.743037,20702.743037,20702.743037,1138.671868,FEASIBLE,"Truck 1: 0 69 10 68 0 22 125 0 163 191 77 67 0 107 73 0 |Truck Time: 20681.305951|20681.305951,0.000000,0.000000,0.000000
Truck 2: 0 153 0 19 40 172 7 0 183 56 5 0 87 126 141 0 82 119 137 0 |Truck Time: 20683.663980|20683.663980,0.000000,0.000000,0.000000
Truck 3: 0 113 32 54 0 47 150 142 0 23 48 0 99 109 103 92 0 108 179 146 0 |Truck Time: 20614.828106|20614.828106,0.000000,0.000000,0.000000
Truck 4: 0 75 198 0 33 0 160 100 51 80 0 74 13 111 0 159 8 182 101 0 |Truck Time: 20452.464720|20452.464720,0.000000,0.000000,0.000000
Truck 5: 0 196 184 162 169 177 18 0 46 49 174 86 135 0 62 185 44 20 161 0 104 176 188 117 132 186 0 |Truck Time: 20702.743037|20702.743037,0.000000,0.000000,0.000000","Drone 1: 0 58 0 112 170 165 0 171 178 0 36 154 42 0 79 93 55 0 57 29 187 0 91 116 189 0 114 164 0 131 0 84 140 0 199 123 35 0 63 144 0 |Drone Time: 20622.367322|20622.367322,0.000000,0.000000,0.000000
Drone 2: 0 147 64 122 0 143 66 192 0 180 0 130 120 0 53 152 70 0 28 12 0 129 9 0 121 95 148 0 43 0 149 0 31 61 0 134 0 76 52 14 0 |Drone Time: 20614.306522|20614.306522,0.000000,0.000000,0.000000
Drone 3: 0 133 0 128 97 0 6 0 72 138 0 26 0 39 156 0 21 0 98 0 11 0 136 0 60 105 197 0 17 115 0 45 24 0 |Drone Time: 20670.240402|20670.240402,0.000000,0.000000,0.000000
Drone 4: 0 124 0 106 200 0 168 37 173 25 0 127 38 0 30 15 0 2 157 0 59 145 88 0 155 90 0 27 0 175 0 190 0 195 16 166 0 |Drone Time: 20626.035279|20626.035279,0.000000,0.000000,0.000000
Drone 5: 0 96 0 78 151 0 158 83 3 0 85 41 0 181 71 0 81 4 0 34 1 194 0 118 0 94 110 0 102 0 50 139 0 65 89 0 167 193 0 |Drone Time: 20547.890715|20547.890715,0.000000,0.000000,0.000000",20702.743037,0.0,0.0,0.0,"Truck Routes:
Truck 1: 0 69 10 68 0 22 125 0 163 191 77 67 0 107 73 0 |Truck Time: 20681.305951|20681.305951,0.000000,0.000000,0.000000
Truck 2: 0 153 0 19 40 172 7 0 183 56 5 0 87 126 141 0 82 119 137 0 |Truck Time: 20683.663980|20683.663980,0.000000,0.000000,0.000000
Truck 3: 0 113 32 54 0 47 150 142 0 23 48 0 99 109 103 92 0 108 179 146 0 |Truck Time: 20614.828106|20614.828106,0.000000,0.000000,0.000000
Truck 4: 0 75 198 0 33 0 160 100 51 80 0 74 13 111 0 159 8 182 101 0 |Truck Time: 20452.464720|20452.464720,0.000000,0.000000,0.000000
Truck 5: 0 196 184 162 169 177 18 0 46 49 174 86 135 0 62 185 44 20 161 0 104 176 188 117 132 186 0 |Truck Time: 20702.743037|20702.743037,0.000000,0.000000,0.000000
Drone Routes:
Drone 1: 0 58 0 112 170 165 0 171 178 0 36 154 42 0 79 93 55 0 57 29 187 0 91 116 189 0 114 164 0 131 0 84 140 0 199 123 35 0 63 144 0 |Drone Time: 20622.367322|20622.367322,0.000000,0.000000,0.000000
Drone 2: 0 147 64 122 0 143 66 192 0 180 0 130 120 0 53 152 70 0 28 12 0 129 9 0 121 95 148 0 43 0 149 0 31 61 0 134 0 76 52 14 0 |Drone Time: 20614.306522|20614.306522,0.000000,0.000000,0.000000
Drone 3: 0 133 0 128 97 0 6 0 72 138 0 26 0 39 156 0 21 0 98 0 11 0 136 0 60 105 197 0 17 115 0 45 24 0 |Drone Time: 20670.240402|20670.240402,0.000000,0.000000,0.000000
Drone 4: 0 124 0 106 200 0 168 37 173 25 0 127 38 0 30 15 0 2 157 0 59 145 88 0 155 90 0 27 0 175 0 190 0 195 16 166 0 |Drone Time: 20626.035279|20626.035279,0.000000,0.000000,0.000000
Drone 5: 0 96 0 78 151 0 158 83 3 0 85 41 0 181 71 0 81 4 0 34 1 194 0 118 0 94 110 0 102 0 50 139 0 65 89 0 167 193 0 |Drone Time: 20547.890715|20547.890715,0.000000,0.000000,0.000000
Total validation: Makespan=20702.743037, Deadline violation=0.000000, Energy violation=0.000000, Capacity violation=0.000000"
200.30.2,200,4,random,,,,,,45,0,30307.848228,21283.308585,21283.308585,21283.308585,1200.65263,FEASIBLE,"Truck 1: 0 48 0 21 101 0 199 163 95 79 0 104 176 186 0 |Truck Time: 21283.308585|21283.308585,0.000000,0.000000,0.000000
Truck 2: 0 8 45 75 0 183 33 0 127 12 119 153 0 87 126 141 0 142 169 0 |Truck Time: 20570.435798|20570.435798,0.000000,0.000000,0.000000
Truck 3: 0 96 190 0 74 130 122 108 5 0 23 105 109 99 0 174 86 67 135 0 171 0 |Truck Time: 21226.677250|21226.677250,0.000000,0.000000,0.000000
Truck 4: 0 76 52 197 18 0 56 198 0 63 137 0 100 160 6 32 54 0 82 134 0 |Truck Time: 21104.542278|21104.542278,0.000000,0.000000,0.000000
Truck 5: 0 55 68 0 61 0 80 150 47 112 196 0 103 62 146 195 161 0 22 125 172 0 |Truck Time: 21255.899706|21255.899706,0.000000,0.000000,0.000000","Drone 1: 0 58 0 66 0 111 97 0 129 0 0 165 14 41 0 117 188 3 0 167 193 0 50 0 77 189 0 15 81 182 0 173 59 181 0 19 155 0 43 177 0 |Drone Time: 21234.597596|21234.597596,0.000000,0.000000,0.000000
Drone 2: 0 84 192 64 0 124 0 57 2 35 0 121 145 88 116 0 25 94 110 0 7 158 0 26 0 44 0 114 164 0 149 0 133 120 0 187 10 0 78 16 0 |Drone Time: 21259.940890|21259.940890,0.000000,0.000000,0.000000
Drone 3: 0 139 60 178 0 49 72 0 200 0 90 0 132 70 37 168 53 0 51 0 157 151 0 162 0 9 36 154 0 13 0 65 30 0 20 0 136 0 156 24 0 |Drone Time: 21240.038204|21240.038204,0.000000,0.000000,0.000000
Drone 4: 0 185 0 180 0 144 42 159 0 170 152 0 71 0 123 29 0 69 0 38 0 27 0 147 140 107 0 39 83 0 89 46 0 40 175 28 0 |Drone Time: 21199.477677|21199.477677,0.000000,0.000000,0.000000
Drone 5: 0 118 128 0 113 0 93 191 0 73 179 131 0 92 85 0 98 143 166 0 4 106 0 34 1 194 0 184 0 31 148 0 138 102 0 91 0 11 0 115 17 0 |Drone Time: 21258.315341|21258.315341,0.000000,0.000000,0.000000",21283.308585,0.0,0.0,0.0,"Truck Routes:
Truck 1: 0 48 0 21 101 0 199 163 95 79 0 104 176 186 0 |Truck Time: 21283.308585|21283.308585,0.000000,0.000000,0.000000
Truck 2: 0 8 45 75 0 183 33 0 127 12 119 153 0 87 126 141 0 142 169 0 |Truck Time: 20570.435798|20570.435798,0.000000,0.000000,0.000000
Truck 3: 0 96 190 0 74 130 122 108 5 0 23 105 109 99 0 174 86 67 135 0 171 0 |Truck Time: 21226.677250|21226.677250,0.000000,0.000000,0.000000
Truck 4: 0 76 52 197 18 0 56 198 0 63 137 0 100 160 6 32 54 0 82 134 0 |Truck Time: 21104.542278|21104.542278,0.000000,0.000000,0.000000
Truck 5: 0 55 68 0 61 0 80 150 47 112 196 0 103 62 146 195 161 0 22 125 172 0 |Truck Time: 21255.899706|21255.899706,0.000000,0.000000,0.000000
Drone Routes:
Drone 1: 0 58 0 66 0 111 97 0 129 0 0 165 14 41 0 117 188 3 0 167 193 0 50 0 77 189 0 15 81 182 0 173 59 181 0 19 155 0 43 177 0 |Drone Time: 21234.597596|21234.597596,0.000000,0.000000,0.000000
Drone 2: 0 84 192 64 0 124 0 57 2 35 0 121 145 88 116 0 25 94 110 0 7 158 0 26 0 44 0 114 164 0 149 0 133 120 0 187 10 0 78 16 0 |Drone Time: 21259.940890|21259.940890,0.000000,0.000000,0.000000
Drone 3: 0 139 60 178 0 49 72 0 200 0 90 0 132 70 37 168 53 0 51 0 157 151 0 162 0 9 36 154 0 13 0 65 30 0 20 0 136 0 156 24 0 |Drone Time: 21240.038204|21240.038204,0.000000,0.000000,0.000000
Drone 4: 0 185 0 180 0 144 42 159 0 170 152 0 71 0 123 29 0 69 0 38 0 27 0 147 140 107 0 39 83 0 89 46 0 40 175 28 0 |Drone Time: 21199.477677|21199.477677,0.000000,0.000000,0.000000
Drone 5: 0 118 128 0 113 0 93 191 0 73 179 131 0 92 85 0 98 143 166 0 4 106 0 34 1 194 0 184 0 31 148 0 138 102 0 91 0 11 0 115 17 0 |Drone Time: 21258.315341|21258.315341,0.000000,0.000000,0.000000
Total validation: Makespan=21283.308585, Deadline violation=0.000000, Energy violation=0.000000, Capacity violation=0.000000"
200.30.2,200,5,adaptive,g1,0.3,0.2,0.1,0.3,46,0,31760.066328,18383.91562,18383.91562,18383.91562,1242.819684,FEASIBLE,"Truck 1: 0 188 51 47 0 42 22 8 125 134 0 17 27 176 149 113 0 |Truck Time: 18170.330706|18170.330706,0.000000,0.000000,0.000000
Truck 2: 0 142 150 61 132 186 0 5 56 68 198 0 63 12 119 175 0 82 21 45 129 172 40 0 |Truck Time: 18378.348434|18378.348434,0.000000,0.000000,0.000000
Truck 3: 0 28 153 0 183 10 55 33 0 74 16 120 130 122 108 146 0 126 141 25 190 96 0 0 |Truck Time: 18074.049101|18074.049101,0.000000,0.000000,0.000000
Truck 4: 0 19 39 43 162 0 69 191 77 75 0 104 100 160 6 193 80 0 18 148 177 0 |Truck Time: 18378.229403|18378.229403,0.000000,0.000000,0.000000
Truck 5: 0 54 184 101 171 0 133 20 48 92 161 0 185 44 103 0 46 86 174 49 67 135 0 |Truck Time: 18383.915620|18383.915620,0.000000,0.000000,0.000000","Drone 1: 0 64 99 105 0 11 0 192 66 143 0 194 102 0 137 0 131 0 88 145 121 0 30 158 0 7 0 197 14 41 52 0 110 0 81 1 4 0 |Drone Time: 18249.457156|18249.457156,0.000000,0.000000,0.000000
Drone 2: 0 187 151 0 70 152 53 0 127 38 0 73 29 0 94 164 0 139 50 0 196 0 59 128 97 0 170 114 0 84 85 76 0 182 34 0 89 65 0 |Drone Time: 18372.281531|18372.281531,0.000000,0.000000,0.000000
Drone 3: 0 163 0 200 0 169 0 31 112 0 15 106 9 0 155 32 0 165 109 0 91 178 0 116 93 95 0 147 140 195 0 107 13 0 157 71 0 |Drone Time: 18373.739836|18373.739836,0.000000,0.000000,0.000000
Drone 4: 0 23 0 98 0 78 2 0 26 0 90 0 36 154 0 87 60 0 124 0 189 72 138 0 57 111 35 179 0 123 199 181 0 |Drone Time: 18330.859047|18330.859047,0.000000,0.000000,0.000000
Drone 5: 0 180 0 58 0 156 24 0 83 115 3 0 118 0 62 166 0 136 0 167 117 0 159 144 0 79 0 37 168 173 0 |Drone Time: 18355.628947|18355.628947,0.000000,0.000000,0.000000",18383.91562,0.0,0.0,0.0,"Truck Routes:
Truck 1: 0 188 51 47 0 42 22 8 125 134 0 17 27 176 149 113 0 |Truck Time: 18170.330706|18170.330706,0.000000,0.000000,0.000000
Truck 2: 0 142 150 61 132 186 0 5 56 68 198 0 63 12 119 175 0 82 21 45 129 172 40 0 |Truck Time: 18378.348434|18378.348434,0.000000,0.000000,0.000000
Truck 3: 0 28 153 0 183 10 55 33 0 74 16 120 130 122 108 146 0 126 141 25 190 96 0 0 |Truck Time: 18074.049101|18074.049101,0.000000,0.000000,0.000000
Truck 4: 0 19 39 43 162 0 69 191 77 75 0 104 100 160 6 193 80 0 18 148 177 0 |Truck Time: 18378.229403|18378.229403,0.000000,0.000000,0.000000
Truck 5: 0 54 184 101 171 0 133 20 48 92 161 0 185 44 103 0 46 86 174 49 67 135 0 |Truck Time: 18383.915620|18383.915620,0.000000,0.000000,0.000000
Drone Routes:
Drone 1: 0 64 99 105 0 11 0 192 66 143 0 194 102 0 137 0 131 0 88 145 121 0 30 158 0 7 0 197 14 41 52 0 110 0 81 1 4 0 |Drone Time: 18249.457156|18249.457156,0.000000,0.000000,0.000000
Drone 2: 0 187 151 0 70 152 53 0 127 38 0 73 29 0 94 164 0 139 50 0 196 0 59 128 97 0 170 114 0 84 85 76 0 182 34 0 89 65 0 |Drone Time: 18372.281531|18372.281531,0.000000,0.000000,0.000000
Drone 3: 0 163 0 200 0 169 0 31 112 0 15 106 9 0 155 32 0 165 109 0 91 178 0 116 93 95 0 147 140 195 0 107 13 0 157 71 0 |Drone Time: 18373.739836|18373.739836,0.000000,0.000000,0.000000
Drone 4: 0 23 0 98 0 78 2 0 26 0 90 0 36 154 0 87 60 0 124 0 189 72 138 0 57 111 35 179 0 123 199 181 0 |Drone Time: 18330.859047|18330.859047,0.000000,0.000000,0.000000
Drone 5: 0 180 0 58 0 156 24 0 83 115 3 0 118 0 62 166 0 136 0 167 117 0 159 144 0 79 0 37 168 173 0 |Drone Time: 18355.628947|18355.628947,0.000000,0.000000,0.000000
Total validation: Makespan=18383.915620, Deadline violation=0.000000, Energy violation=0.000000, Capacity violation=0.000000"
200.30.2,200,5,adaptive,g2,0.5,0.3,0.1,0.3,46,0,31760.066328,20768.687147,20768.687147,20768.687147,1214.522501,FEASIBLE,"Truck 1: 0 96 51 0 159 8 0 188 32 113 0 83 0 |Truck Time: 20423.981343|20423.981343,0.000000,0.000000,0.000000
Truck 2: 0 18 162 43 132 186 0 142 169 196 177 0 63 12 119 175 0 82 21 45 129 125 172 0 19 137 0 |Truck Time: 20627.089895|20627.089895,0.000000,0.000000,0.000000
Truck 3: 0 153 0 150 61 0 74 130 16 120 122 108 146 0 126 141 31 0 171 40 0 |Truck Time: 20648.024414|20648.024414,0.000000,0.000000,0.000000
Truck 4: 0 127 0 69 191 77 75 0 104 100 160 6 193 80 0 195 140 0 |Truck Time: 20765.152158|20765.152158,0.000000,0.000000,0.000000
Truck 5: 0 184 54 148 33 0 10 56 73 5 0 185 44 103 0 46 86 174 49 68 198 0 133 20 161 0 |Truck Time: 20768.687147|20768.687147,0.000000,0.000000,0.000000","Drone 1: 0 64 99 0 11 81 0 42 200 0 157 118 0 112 155 58 0 110 94 0 3 70 152 37 0 78 2 0 183 0 197 14 52 0 147 92 0 102 0 |Drone Time: 20520.027296|20520.027296,0.000000,0.000000,0.000000
Drone 2: 0 4 1 0 36 22 0 97 128 0 76 57 29 0 106 144 154 0 165 87 41 0 7 182 0 123 199 0 168 173 0 91 0 181 145 0 89 65 0 |Drone Time: 20690.386195|20690.386195,0.000000,0.000000,0.000000
Drone 3: 0 192 66 143 0 121 180 0 187 59 72 138 67 0 163 0 38 0 105 50 0 158 15 9 0 190 0 156 24 0 84 85 178 0 98 0 48 0 13 0 |Drone Time: 20665.285505|20665.285505,0.000000,0.000000,0.000000
Drone 4: 0 124 0 109 0 25 170 114 0 116 71 0 139 60 0 111 35 107 0 62 166 0 90 0 34 134 0 30 194 0 151 179 0 55 189 135 0 101 28 0 |Drone Time: 20745.425330|20745.425330,0.000000,0.000000,0.000000
Drone 5: 0 164 53 0 176 0 39 0 131 0 149 0 26 0 23 0 27 0 136 0 47 0 167 117 0 93 95 0 88 79 0 115 17 0 |Drone Time: 20764.687560|20764.687560,0.000000,0.000000,0.000000",20768.687147,0.0,0.0,0.0,"Truck Routes:
Truck 1: 0 96 51 0 159 8 0 188 32 113 0 83 0 |Truck Time: 20423.981343|20423.981343,0.000000,0.000000,0.000000
Truck 2: 0 18 162 43 132 186 0 142 169 196 177 0 63 12 119 175 0 82 21 45 129 125 172 0 19 137 0 |Truck Time: 20627.089895|20627.089895,0.000000,0.000000,0.000000
Truck 3: 0 153 0 150 61 0 74 130 16 120 122 108 146 0 126 141 31 0 171 40 0 |Truck Time: 20648.024414|20648.024414,0.000000,0.000000,0.000000
Truck 4: 0 127 0 69 191 77 75 0 104 100 160 6 193 80 0 195 140 0 |Truck Time: 20765.152158|20765.152158,0.000000,0.000000,0.000000
Truck 5: 0 184 54 148 33 0 10 56 73 5 0 185 44 103 0 46 86 174 49 68 198 0 133 20 161 0 |Truck Time: 20768.687147|20768.687147,0.000000,0.000000,0.000000
Drone Routes:
Drone 1: 0 64 99 0 11 81 0 42 200 0 157 118 0 112 155 58 0 110 94 0 3 70 152 37 0 78 2 0 183 0 197 14 52 0 147 92 0 102 0 |Drone Time: 20520.027296|20520.027296,0.000000,0.000000,0.000000
Drone 2: 0 4 1 0 36 22 0 97 128 0 76 57 29 0 106 144 154 0 165 87 41 0 7 182 0 123 199 0 168 173 0 91 0 181 145 0 89 65 0 |Drone Time: 20690.386195|20690.386195,0.000000,0.000000,0.000000
Drone 3: 0 192 66 143 0 121 180 0 187 59 72 138 67 0 163 0 38 0 105 50 0 158 15 9 0 190 0 156 24 0 84 85 178 0 98 0 48 0 13 0 |Drone Time: 20665.285505|20665.285505,0.000000,0.000000,0.000000
Drone 4: 0 124 0 109 0 25 170 114 0 116 71 0 139 60 0 111 35 107 0 62 166 0 90 0 34 134 0 30 194 0 151 179 0 55 189 135 0 101 28 0 |Drone Time: 20745.425330|20745.425330,0.000000,0.000000,0.000000
Drone 5: 0 164 53 0 176 0 39 0 131 0 149 0 26 0 23 0 27 0 136 0 47 0 167 117 0 93 95 0 88 79 0 115 17 0 |Drone Time: 20764.687560|20764.687560,0.000000,0.000000,0.000000
Total validation: Makespan=20768.687147, Deadline violation=0.000000, Energy violation=0.000000, Capacity violation=0.000000"
200.30.2,200,5,adaptive,g3,0.3,0.2,0.1,0.6,46,0,31760.066328,20768.687147,20768.687147,20768.687147,1210.100817,FEASIBLE,"Truck 1: 0 96 51 0 159 8 0 188 32 113 0 83 0 |Truck Time: 20423.981343|20423.981343,0.000000,0.000000,0.000000
Truck 2: 0 18 162 43 132 186 0 142 169 196 177 0 63 12 119 175 0 82 21 45 129 125 172 0 19 137 0 |Truck Time: 20627.089895|20627.089895,0.000000,0.000000,0.000000
Truck 3: 0 153 0 150 61 0 74 130 16 120 122 108 146 0 126 141 31 0 171 40 0 |Truck Time: 20648.024414|20648.024414,0.000000,0.000000,0.000000
Truck 4: 0 127 0 69 191 77 75 0 104 100 160 6 193 80 0 195 140 0 |Truck Time: 20765.152158|20765.152158,0.000000,0.000000,0.000000
Truck 5: 0 184 54 148 33 0 10 56 73 5 0 185 44 103 0 46 86 174 49 68 198 0 133 20 161 0 |Truck Time: 20768.687147|20768.687147,0.000000,0.000000,0.000000","Drone 1: 0 64 99 0 11 81 0 42 200 0 157 118 0 112 155 58 0 110 94 0 3 70 152 37 0 78 2 0 183 0 197 14 52 0 147 92 0 102 0 |Drone Time: 20520.027296|20520.027296,0.000000,0.000000,0.000000
Drone 2: 0 4 1 0 36 22 0 97 128 0 76 57 29 0 106 144 154 0 165 87 41 0 7 182 0 123 199 0 168 173 0 91 0 181 145 0 89 65 0 |Drone Time: 20690.386195|20690.386195,0.000000,0.000000,0.000000
Drone 3: 0 192 66 143 0 121 180 0 187 59 72 138 67 0 163 0 38 0 105 50 0 158 15 9 0 190 0 156 24 0 84 85 178 0 98 0 48 0 13 0 |Drone Time: 20665.285505|20665.285505,0.000000,0.000000,0.000000
Drone 4: 0 124 0 109 0 25 170 114 0 116 71 0 139 60 0 111 35 107 0 62 166 0 90 0 34 134 0 30 194 0 151 179 0 55 189 135 0 101 28 0 |Drone Time: 20745.425330|20745.425330,0.000000,0.000000,0.000000
Drone 5: 0 164 53 0 176 0 39 0 131 0 149 0 26 0 23 0 27 0 136 0 47 0 167 117 0 93 95 0 88 79 0 115 17 0 |Drone Time: 20764.687560|20764.687560,0.000000,0.000000,0.000000",20768.687147,0.0,0.0,0.0,"Truck Routes:
Truck 1: 0 96 51 0 159 8 0 188 32 113 0 83 0 |Truck Time: 20423.981343|20423.981343,0.000000,0.000000,0.000000
Truck 2: 0 18 162 43 132 186 0 142 169 196 177 0 63 12 119 175 0 82 21 45 129 125 172 0 19 137 0 |Truck Time: 20627.089895|20627.089895,0.000000,0.000000,0.000000
Truck 3: 0 153 0 150 61 0 74 130 16 120 122 108 146 0 126 141 31 0 171 40 0 |Truck Time: 20648.024414|20648.024414,0.000000,0.000000,0.000000
Truck 4: 0 127 0 69 191 77 75 0 104 100 160 6 193 80 0 195 140 0 |Truck Time: 20765.152158|20765.152158,0.000000,0.000000,0.000000
Truck 5: 0 184 54 148 33 0 10 56 73 5 0 185 44 103 0 46 86 174 49 68 198 0 133 20 161 0 |Truck Time: 20768.687147|20768.687147,0.000000,0.000000,0.000000
Drone Routes:
Drone 1: 0 64 99 0 11 81 0 42 200 0 157 118 0 112 155 58 0 110 94 0 3 70 152 37 0 78 2 0 183 0 197 14 52 0 147 92 0 102 0 |Drone Time: 20520.027296|20520.027296,0.000000,0.000000,0.000000
Drone 2: 0 4 1 0 36 22 0 97 128 0 76 57 29 0 106 144 154 0 165 87 41 0 7 182 0 123 199 0 168 173 0 91 0 181 145 0 89 65 0 |Drone Time: 20690.386195|20690.386195,0.000000,0.000000,0.000000
Drone 3: 0 192 66 143 0 121 180 0 187 59 72 138 67 0 163 0 38 0 105 50 0 158 15 9 0 190 0 156 24 0 84 85 178 0 98 0 48 0 13 0 |Drone Time: 20665.285505|20665.285505,0.000000,0.000000,0.000000
Drone 4: 0 124 0 109 0 25 170 114 0 116 71 0 139 60 0 111 35 107 0 62 166 0 90 0 34 134 0 30 194 0 151 179 0 55 189 135 0 101 28 0 |Drone Time: 20745.425330|20745.425330,0.000000,0.000000,0.000000
Drone 5: 0 164 53 0 176 0 39 0 131 0 149 0 26 0 23 0 27 0 136 0 47 0 167 117 0 93 95 0 88 79 0 115 17 0 |Drone Time: 20764.687560|20764.687560,0.000000,0.000000,0.000000
Total validation: Makespan=20768.687147, Deadline violation=0.000000, Energy violation=0.000000, Capacity violation=0.000000"
200.30.2,200,5,adaptive,g4,0.5,0.3,0.1,0.6,46,0,31760.066328,19261.256229,19261.256229,19261.256229,1782.055708,FEASIBLE,"Truck 1: 0 96 150 51 61 47 0 159 8 125 0 31 197 196 0 17 149 132 186 0 |Truck Time: 19261.256229|19261.256229,0.000000,0.000000,0.000000
Truck 2: 0 18 43 32 162 54 169 0 142 178 177 0 63 12 119 175 0 82 21 45 129 172 0 75 171 0 |Truck Time: 19256.372127|19256.372127,0.000000,0.000000,0.000000
Truck 3: 0 153 0 184 7 0 74 16 120 130 122 108 146 0 87 126 141 0 33 183 0 |Truck Time: 19078.053862|19078.053862,0.000000,0.000000,0.000000
Truck 4: 0 127 0 69 191 77 67 135 0 104 100 160 6 193 80 0 10 56 0 |Truck Time: 19250.715561|19250.715561,0.000000,0.000000,0.000000
Truck 5: 0 19 90 101 0 133 20 85 76 0 185 44 103 0 46 86 174 49 68 198 0 161 0 |Truck Time: 19124.914687|19124.914687,0.000000,0.000000,0.000000","Drone 1: 0 99 64 107 0 106 154 36 0 156 24 0 25 58 0 30 194 0 188 152 70 155 0 26 0 79 89 0 52 41 14 0 147 140 179 0 139 60 0 |Drone Time: 19258.602787|19258.602787,0.000000,0.000000,0.000000
Drone 2: 0 195 109 105 0 144 22 0 181 118 0 15 134 0 81 42 200 0 5 0 62 166 0 37 168 173 0 78 91 0 97 128 59 0 40 182 65 0 |Drone Time: 19246.480980|19246.480980,0.000000,0.000000,0.000000
Drone 3: 0 55 131 0 110 94 0 50 0 93 95 0 102 0 23 0 158 34 9 0 13 0 164 53 0 84 92 0 111 0 48 0 11 0 |Drone Time: 19258.262441|19258.262441,0.000000,0.000000,0.000000
Drone 4: 0 124 0 39 0 123 199 121 0 3 176 0 38 0 157 71 0 113 0 165 190 0 2 35 0 112 115 83 148 0 137 28 0 4 1 0 |Drone Time: 19254.619456|19254.619456,0.000000,0.000000,0.000000
Drone 5: 0 192 66 143 0 72 138 0 57 29 0 116 88 145 0 73 151 0 27 0 136 0 180 189 0 187 163 0 167 117 0 98 0 170 114 0 |Drone Time: 19260.134857|19260.134857,0.000000,0.000000,0.000000",19261.256229,0.0,0.0,0.0,"Truck Routes:
Truck 1: 0 96 150 51 61 47 0 159 8 125 0 31 197 196 0 17 149 132 186 0 |Truck Time: 19261.256229|19261.256229,0.000000,0.000000,0.000000
Truck 2: 0 18 43 32 162 54 169 0 142 178 177 0 63 12 119 175 0 82 21 45 129 172 0 75 171 0 |Truck Time: 19256.372127|19256.372127,0.000000,0.000000,0.000000
Truck 3: 0 153 0 184 7 0 74 16 120 130 122 108 146 0 87 126 141 0 33 183 0 |Truck Time: 19078.053862|19078.053862,0.000000,0.000000,0.000000
Truck 4: 0 127 0 69 191 77 67 135 0 104 100 160 6 193 80 0 10 56 0 |Truck Time: 19250.715561|19250.715561,0.000000,0.000000,0.000000
Truck 5: 0 19 90 101 0 133 20 85 76 0 185 44 103 0 46 86 174 49 68 198 0 161 0 |Truck Time: 19124.914687|19124.914687,0.000000,0.000000,0.000000
Drone Routes:
Drone 1: 0 99 64 107 0 106 154 36 0 156 24 0 25 58 0 30 194 0 188 152 70 155 0 26 0 79 89 0 52 41 14 0 147 140 179 0 139 60 0 |Drone Time: 19258.602787|19258.602787,0.000000,0.000000,0.000000
Drone 2: 0 195 109 105 0 144 22 0 181 118 0 15 134 0 81 42 200 0 5 0 62 166 0 37 168 173 0 78 91 0 97 128 59 0 40 182 65 0 |Drone Time: 19246.480980|19246.480980,0.000000,0.000000,0.000000
Drone 3: 0 55 131 0 110 94 0 50 0 93 95 0 102 0 23 0 158 34 9 0 13 0 164 53 0 84 92 0 111 0 48 0 11 0 |Drone Time: 19258.262441|19258.262441,0.000000,0.000000,0.000000
Drone 4: 0 124 0 39 0 123 199 121 0 3 176 0 38 0 157 71 0 113 0 165 190 0 2 35 0 112 115 83 148 0 137 28 0 4 1 0 |Drone Time: 19254.619456|19254.619456,0.000000,0.000000,0.000000
Drone 5: 0 192 66 143 0 72 138 0 57 29 0 116 88 145 0 73 151 0 27 0 136 0 180 189 0 187 163 0 167 117 0 98 0 170 114 0 |Drone Time: 19260.134857|19260.134857,0.000000,0.000000,0.000000
Total validation: Makespan=19261.256229, Deadline violation=0.000000, Energy violation=0.000000, Capacity violation=0.000000"
200.30.2,200,5,cyclic,,,,,,46,0,31760.066328,19964.483736,19964.483736,19964.483736,1089.754661,FEASIBLE,"Truck 1: 0 77 0 87 126 96 0 12 119 175 0 193 176 27 169 0 |Truck Time: 19964.483736|19964.483736,0.000000,0.000000,0.000000
Truck 2: 0 146 140 76 0 7 0 133 20 85 92 161 0 101 82 125 134 0 63 21 28 137 172 0 5 73 0 |Truck Time: 19959.043082|19959.043082,0.000000,0.000000,0.000000
Truck 3: 0 48 103 178 0 130 16 91 74 0 100 160 25 141 0 23 139 60 52 0 |Truck Time: 19962.284493|19962.284493,0.000000,0.000000,0.000000
Truck 4: 0 46 49 174 86 75 0 13 111 0 44 185 147 0 184 150 113 43 155 0 |Truck Time: 19760.055577|19760.055577,0.000000,0.000000,0.000000
Truck 5: 0 80 51 142 0 19 33 0 69 191 131 68 0 54 162 186 61 47 112 0 56 10 183 116 135 0 |Truck Time: 19929.587114|19929.587114,0.000000,0.000000,0.000000","Drone 1: 0 153 45 0 66 143 166 35 0 37 53 170 0 70 152 115 0 97 128 0 159 144 0 41 50 105 195 0 156 24 0 83 17 148 0 34 15 0 |Drone Time: 19930.630385|19930.630385,0.000000,0.000000,0.000000
Drone 2: 0 168 173 0 177 0 121 145 88 0 187 67 95 0 179 124 0 127 38 0 188 104 0 89 31 197 0 30 79 59 0 78 120 84 0 3 164 0 171 40 0 |Drone Time: 19913.518356|19913.518356,0.000000,0.000000,0.000000
Drone 3: 0 114 0 65 0 81 154 36 9 0 98 0 99 64 0 118 0 107 108 122 0 196 0 18 0 32 117 0 189 26 0 72 138 0 163 123 0 1 4 0 |Drone Time: 19948.053436|19948.053436,0.000000,0.000000,0.000000
Drone 4: 0 2 0 11 0 106 42 22 0 200 0 129 0 132 167 0 110 94 0 158 102 0 190 0 198 57 0 182 0 93 199 0 8 194 0 |Drone Time: 19920.301619|19920.301619,0.000000,0.000000,0.000000
Drone 5: 0 180 181 0 6 0 14 165 0 71 0 58 0 62 0 39 0 149 0 136 0 90 0 109 192 0 151 157 0 55 29 0 |Drone Time: 19899.764984|19899.764984,0.000000,0.000000,0.000000",19964.483736,0.0,0.0,0.0,"Truck Routes:
Truck 1: 0 77 0 87 126 96 0 12 119 175 0 193 176 27 169 0 |Truck Time: 19964.483736|19964.483736,0.000000,0.000000,0.000000
Truck 2: 0 146 140 76 0 7 0 133 20 85 92 161 0 101 82 125 134 0 63 21 28 137 172 0 5 73 0 |Truck Time: 19959.043082|19959.043082,0.000000,0.000000,0.000000
Truck 3: 0 48 103 178 0 130 16 91 74 0 100 160 25 141 0 23 139 60 52 0 |Truck Time: 19962.284493|19962.284493,0.000000,0.000000,0.000000
Truck 4: 0 46 49 174 86 75 0 13 111 0 44 185 147 0 184 150 113 43 155 0 |Truck Time: 19760.055577|19760.055577,0.000000,0.000000,0.000000
Truck 5: 0 80 51 142 0 19 33 0 69 191 131 68 0 54 162 186 61 47 112 0 56 10 183 116 135 0 |Truck Time: 19929.587114|19929.587114,0.000000,0.000000,0.000000
Drone Routes:
Drone 1: 0 153 45 0 66 143 166 35 0 37 53 170 0 70 152 115 0 97 128 0 159 144 0 41 50 105 195 0 156 24 0 83 17 148 0 34 15 0 |Drone Time: 19930.630385|19930.630385,0.000000,0.000000,0.000000
Drone 2: 0 168 173 0 177 0 121 145 88 0 187 67 95 0 179 124 0 127 38 0 188 104 0 89 31 197 0 30 79 59 0 78 120 84 0 3 164 0 171 40 0 |Drone Time: 19913.518356|19913.518356,0.000000,0.000000,0.000000
Drone 3: 0 114 0 65 0 81 154 36 9 0 98 0 99 64 0 118 0 107 108 122 0 196 0 18 0 32 117 0 189 26 0 72 138 0 163 123 0 1 4 0 |Drone Time: 19948.053436|19948.053436,0.000000,0.000000,0.000000
Drone 4: 0 2 0 11 0 106 42 22 0 200 0 129 0 132 167 0 110 94 0 158 102 0 190 0 198 57 0 182 0 93 199 0 8 194 0 |Drone Time: 19920.301619|19920.301619,0.000000,0.000000,0.000000
Drone 5: 0 180 181 0 6 0 14 165 0 71 0 58 0 62 0 39 0 149 0 136 0 90 0 109 192 0 151 157 0 55 29 0 |Drone Time: 19899.764984|19899.764984,0.000000,0.000000,0.000000
Total validation: Makespan=19964.483736, Deadline violation=0.000000, Energy violation=0.000000, Capacity violation=0.000000"
200.30.2,200,5,random,,,,,,46,0,31760.066328,21379.897902,21379.897902,21379.897902,1357.412211,FEASIBLE,"Truck 1: 0 150 51 148 0 20 140 195 0 193 160 100 6 80 0 199 0 |Truck Time: 21184.711138|21184.711138,0.000000,0.000000,0.000000
Truck 2: 0 171 75 0 196 0 23 0 101 182 125 134 0 82 153 137 0 45 21 28 0 |Truck Time: 20950.522774|20950.522774,0.000000,0.000000,0.000000
Truck 3: 0 184 18 169 19 0 74 16 130 146 0 8 63 24 12 0 62 5 0 |Truck Time: 21379.897902|21379.897902,0.000000,0.000000,0.000000
Truck 4: 0 56 10 0 187 7 0 69 191 77 68 0 96 126 190 0 103 44 48 161 0 |Truck Time: 20505.445380|20505.445380,0.000000,0.000000,0.000000
Truck 5: 0 162 172 33 0 89 198 0 46 49 174 183 0 107 122 78 108 0 104 176 149 113 0 |Truck Time: 21340.583599|21340.583599,0.000000,0.000000,0.000000","Drone 1: 0 119 0 11 0 200 0 180 0 50 0 194 159 0 95 0 26 0 30 65 0 129 40 0 147 111 179 0 177 0 164 94 0 73 13 0 |Drone Time: 21375.917830|21375.917830,0.000000,0.000000,0.000000
Drone 2: 0 9 36 39 0 124 0 115 152 0 166 143 66 0 42 22 0 84 139 41 52 0 47 0 27 70 0 156 175 0 163 0 142 0 61 132 0 197 60 0 |Drone Time: 21328.459621|21328.459621,0.000000,0.000000,0.000000
Drone 3: 0 86 0 29 157 0 121 93 72 0 35 151 0 114 170 0 189 79 0 123 71 0 87 31 0 59 181 118 0 32 0 38 0 98 0 133 0 15 34 0 |Drone Time: 21335.914941|21335.914941,0.000000,0.000000,0.000000
Drone 4: 0 109 192 0 14 0 88 145 0 141 25 0 165 110 0 131 138 0 83 17 127 0 64 99 105 0 102 0 135 158 0 54 43 155 76 178 0 97 128 0 |Drone Time: 21330.792519|21330.792519,0.000000,0.000000,0.000000
Drone 5: 0 81 106 4 116 67 0 90 0 37 168 173 0 112 186 0 167 53 0 2 120 0 58 0 1 144 154 0 91 57 55 0 3 188 117 0 185 0 136 0 92 85 0 |Drone Time: 21353.099484|21353.099484,0.000000,0.000000,0.000000",21379.897902,0.0,0.0,0.0,"Truck Routes:
Truck 1: 0 150 51 148 0 20 140 195 0 193 160 100 6 80 0 199 0 |Truck Time: 21184.711138|21184.711138,0.000000,0.000000,0.000000
Truck 2: 0 171 75 0 196 0 23 0 101 182 125 134 0 82 153 137 0 45 21 28 0 |Truck Time: 20950.522774|20950.522774,0.000000,0.000000,0.000000
Truck 3: 0 184 18 169 19 0 74 16 130 146 0 8 63 24 12 0 62 5 0 |Truck Time: 21379.897902|21379.897902,0.000000,0.000000,0.000000
Truck 4: 0 56 10 0 187 7 0 69 191 77 68 0 96 126 190 0 103 44 48 161 0 |Truck Time: 20505.445380|20505.445380,0.000000,0.000000,0.000000
Truck 5: 0 162 172 33 0 89 198 0 46 49 174 183 0 107 122 78 108 0 104 176 149 113 0 |Truck Time: 21340.583599|21340.583599,0.000000,0.000000,0.000000
Drone Routes:
Drone 1: 0 119 0 11 0 200 0 180 0 50 0 194 159 0 95 0 26 0 30 65 0 129 40 0 147 111 179 0 177 0 164 94 0 73 13 0 |Drone Time: 21375.917830|21375.917830,0.000000,0.000000,0.000000
Drone 2: 0 9 36 39 0 124 0 115 152 0 166 143 66 0 42 22 0 84 139 41 52 0 47 0 27 70 0 156 175 0 163 0 142 0 61 132 0 197 60 0 |Drone Time: 21328.459621|21328.459621,0.000000,0.000000,0.000000
Drone 3: 0 86 0 29 157 0 121 93 72 0 35 151 0 114 170 0 189 79 0 123 71 0 87 31 0 59 181 118 0 32 0 38 0 98 0 133 0 15 34 0 |Drone Time: 21335.914941|21335.914941,0.000000,0.000000,0.000000
Drone 4: 0 109 192 0 14 0 88 145 0 141 25 0 165 110 0 131 138 0 83 17 127 0 64 99 105 0 102 0 135 158 0 54 43 155 76 178 0 97 128 0 |Drone Time: 21330.792519|21330.792519,0.000000,0.000000,0.000000
Drone 5: 0 81 106 4 116 67 0 90 0 37 168 173 0 112 186 0 167 53 0 2 120 0 58 0 1 144 154 0 91 57 55 0 3 188 117 0 185 0 136 0 92 85 0 |Drone Time: 21353.099484|21353.099484,0.000000,0.000000,0.000000
Total validation: Makespan=21379.897902, Deadline violation=0.000000, Energy violation=0.000000, Capacity violation=0.000000"
200.30.3,200,1,adaptive,g1,0.3,0.2,0.1,0.3,42,0,32022.352228,27686.053347,27686.053347,27686.053347,1080.483783,FEASIBLE,"Truck 1: 0 116 0 173 0 89 0 78 160 0 58 0 37 82 0 |Truck Time: 27268.624136|27268.624136,0.000000,0.000000,0.000000
Truck 2: 0 83 130 0 9 140 0 174 144 0 123 0 175 179 131 170 0 93 0 86 81 158 0 |Truck Time: 27686.053347|27686.053347,0.000000,0.000000,0.000000
Truck 3: 0 92 41 0 17 35 0 112 117 0 14 0 125 87 0 96 0 |Truck Time: 27617.117121|27617.117121,0.000000,0.000000,0.000000
Truck 4: 0 133 153 145 0 143 0 8 10 0 149 24 166 0 69 47 71 0 118 39 36 0 |Truck Time: 27568.628280|27568.628280,0.000000,0.000000,0.000000
Truck 5: 0 194 0 6 191 0 72 60 0 64 121 110 101 0 59 163 0 56 45 0 |Truck Time: 27648.036630|27648.036630,0.000000,0.000000,0.000000","Drone 1: 0 168 138 120 122 0 114 136 0 129 0 126 0 137 0 4 155 0 97 99 0 12 2 0 187 139 21 0 195 0 42 0 85 0 73 0 172 0 103 66 0 |Drone Time: 27567.181593|27567.181593,0.000000,0.000000,0.000000
Drone 2: 0 31 156 0 152 199 102 46 200 27 0 94 141 169 0 183 32 0 142 109 0 75 0 88 0 134 0 18 193 0 119 0 196 15 0 181 159 0 146 0 164 0 65 1 0 |Drone Time: 27684.560557|27684.560557,0.000000,0.000000,0.000000
Drone 3: 0 23 79 197 33 0 52 154 113 0 26 29 192 0 76 5 0 90 0 150 147 55 0 70 0 95 127 0 30 0 98 157 0 61 0 44 0 80 0 148 0 128 0 162 0 |Drone Time: 27411.963524|27411.963524,0.000000,0.000000,0.000000
Drone 4: 0 3 100 0 105 53 0 13 54 0 161 151 0 106 0 77 19 0 20 0 68 132 0 63 0 7 50 57 0 104 51 0 11 0 176 167 0 84 0 186 16 0 |Drone Time: 27581.706253|27581.706253,0.000000,0.000000,0.000000
Drone 5: 0 43 135 0 48 74 124 0 49 190 0 28 184 34 0 180 38 91 0 182 165 0 185 107 0 25 40 111 0 178 62 0 108 188 0 171 0 115 0 177 0 198 189 0 22 67 0 |Drone Time: 27554.913798|27554.913798,0.000000,0.000000,0.000000",27686.053347,0.0,0.0,0.0,"Truck Routes:
Truck 1: 0 116 0 173 0 89 0 78 160 0 58 0 37 82 0 |Truck Time: 27268.624136|27268.624136,0.000000,0.000000,0.000000
Truck 2: 0 83 130 0 9 140 0 174 144 0 123 0 175 179 131 170 0 93 0 86 81 158 0 |Truck Time: 27686.053347|27686.053347,0.000000,0.000000,0.000000
Truck 3: 0 92 41 0 17 35 0 112 117 0 14 0 125 87 0 96 0 |Truck Time: 27617.117121|27617.117121,0.000000,0.000000,0.000000
Truck 4: 0 133 153 145 0 143 0 8 10 0 149 24 166 0 69 47 71 0 118 39 36 0 |Truck Time: 27568.628280|27568.628280,0.000000,0.000000,0.000000
Truck 5: 0 194 0 6 191 0 72 60 0 64 121 110 101 0 59 163 0 56 45 0 |Truck Time: 27648.036630|27648.036630,0.000000,0.000000,0.000000
Drone Routes:
Drone 1: 0 168 138 120 122 0 114 136 0 129 0 126 0 137 0 4 155 0 97 99 0 12 2 0 187 139 21 0 195 0 42 0 85 0 73 0 172 0 103 66 0 |Drone Time: 27567.181593|27567.181593,0.000000,0.000000,0.000000
Drone 2: 0 31 156 0 152 199 102 46 200 27 0 94 141 169 0 183 32 0 142 109 0 75 0 88 0 134 0 18 193 0 119 0 196 15 0 181 159 0 146 0 164 0 65 1 0 |Drone Time: 27684.560557|27684.560557,0.000000,0.000000,0.000000
Drone 3: 0 23 79 197 33 0 52 154 113 0 26 29 192 0 76 5 0 90 0 150 147 55 0 70 0 95 127 0 30 0 98 157 0 61 0 44 0 80 0 148 0 128 0 162 0 |Drone Time: 27411.963524|27411.963524,0.000000,0.000000,0.000000
Drone 4: 0 3 100 0 105 53 0 13 54 0 161 151 0 106 0 77 19 0 20 0 68 132 0 63 0 7 50 57 0 104 51 0 11 0 176 167 0 84 0 186 16 0 |Drone Time: 27581.706253|27581.706253,0.000000,0.000000,0.000000
Drone 5: 0 43 135 0 48 74 124 0 49 190 0 28 184 34 0 180 38 91 0 182 165 0 185 107 0 25 40 111 0 178 62 0 108 188 0 171 0 115 0 177 0 198 189 0 22 67 0 |Drone Time: 27554.913798|27554.913798,0.000000,0.000000,0.000000
Total validation: Makespan=27686.053347, Deadline violation=0.000000, Energy violation=0.000000, Capacity violation=0.000000"
200.30.3,200,1,adaptive,g2,0.5,0.3,0.1,0.3,42,0,32022.352228,27686.053347,27686.053347,27686.053347,1022.362469,FEASIBLE,"Truck 1: 0 116 0 173 0 89 0 78 160 0 58 0 37 82 0 |Truck Time: 27268.624136|27268.624136,0.000000,0.000000,0.000000
Truck 2: 0 83 130 0 9 140 0 174 144 0 123 0 175 179 131 170 0 93 0 86 81 158 0 |Truck Time: 27686.053347|27686.053347,0.000000,0.000000,0.000000
Truck 3: 0 92 41 0 17 35 0 112 117 0 14 0 125 87 0 96 0 |Truck Time: 27617.117121|27617.117121,0.000000,0.000000,0.000000
Truck 4: 0 133 153 145 0 143 0 8 10 0 149 24 166 0 69 47 71 0 118 39 36 0 |Truck Time: 27568.628280|27568.628280,0.000000,0.000000,0.000000
Truck 5: 0 194 0 6 191 0 72 60 0 64 121 110 101 0 59 163 0 56 45 0 |Truck Time: 27648.036630|27648.036630,0.000000,0.000000,0.000000","Drone 1: 0 168 138 120 122 0 114 136 0 129 0 126 0 137 0 4 155 0 97 99 0 12 2 0 187 139 21 0 195 0 42 0 85 0 73 0 172 0 103 66 0 |Drone Time: 27567.181593|27567.181593,0.000000,0.000000,0.000000
Drone 2: 0 31 156 0 152 199 102 46 200 27 0 94 141 169 0 183 32 0 142 109 0 75 0 88 0 134 0 18 193 0 119 0 196 15 0 181 159 0 146 0 164 0 65 1 0 |Drone Time: 27684.560557|27684.560557,0.000000,0.000000,0.000000
Drone 3: 0 23 79 197 33 0 52 154 113 0 26 29 192 0 76 5 0 90 0 150 147 55 0 70 0 95 127 0 30 0 98 157 0 61 0 44 0 80 0 148 0 128 0 162 0 |Drone Time: 27411.963524|27411.963524,0.000000,0.000000,0.000000
Drone 4: 0 3 100 0 105 53 0 13 54 0 161 151 0 106 0 77 19 0 20 0 68 132 0 63 0 7 50 57 0 104 51 0 11 0 176 167 0 84 0 186 16 0 |Drone Time: 27581.706253|27581.706253,0.000000,0.000000,0.000000
Drone 5: 0 43 135 0 48 74 124 0 49 190 0 28 184 34 0 180 38 91 0 182 165 0 185 107 0 25 40 111 0 178 62 0 108 188 0 171 0 115 0 177 0 198 189 0 22 67 0 |Drone Time: 27554.913798|27554.913798,0.000000,0.000000,0.000000",27686.053347,0.0,0.0,0.0,"Truck Routes:
Truck 1: 0 116 0 173 0 89 0 78 160 0 58 0 37 82 0 |Truck Time: 27268.624136|27268.624136,0.000000,0.000000,0.000000
Truck 2: 0 83 130 0 9 140 0 174 144 0 123 0 175 179 131 170 0 93 0 86 81 158 0 |Truck Time: 27686.053347|27686.053347,0.000000,0.000000,0.000000
Truck 3: 0 92 41 0 17 35 0 112 117 0 14 0 125 87 0 96 0 |Truck Time: 27617.117121|27617.117121,0.000000,0.000000,0.000000
Truck 4: 0 133 153 145 0 143 0 8 10 0 149 24 166 0 69 47 71 0 118 39 36 0 |Truck Time: 27568.628280|27568.628280,0.000000,0.000000,0.000000
Truck 5: 0 194 0 6 191 0 72 60 0 64 121 110 101 0 59 163 0 56 45 0 |Truck Time: 27648.036630|27648.036630,0.000000,0.000000,0.000000
Drone Routes:
Drone 1: 0 168 138 120 122 0 114 136 0 129 0 126 0 137 0 4 155 0 97 99 0 12 2 0 187 139 21 0 195 0 42 0 85 0 73 0 172 0 103 66 0 |Drone Time: 27567.181593|27567.181593,0.000000,0.000000,0.000000
Drone 2: 0 31 156 0 152 199 102 46 200 27 0 94 141 169 0 183 32 0 142 109 0 75 0 88 0 134 0 18 193 0 119 0 196 15 0 181 159 0 146 0 164 0 65 1 0 |Drone Time: 27684.560557|27684.560557,0.000000,0.000000,0.000000
Drone 3: 0 23 79 197 33 0 52 154 113 0 26 29 192 0 76 5 0 90 0 150 147 55 0 70 0 95 127 0 30 0 98 157 0 61 0 44 0 80 0 148 0 128 0 162 0 |Drone Time: 27411.963524|27411.963524,0.000000,0.000000,0.000000
Drone 4: 0 3 100 0 105 53 0 13 54 0 161 151 0 106 0 77 19 0 20 0 68 132 0 63 0 7 50 57 0 104 51 0 11 0 176 167 0 84 0 186 16 0 |Drone Time: 27581.706253|27581.706253,0.000000,0.000000,0.000000
Drone 5: 0 43 135 0 48 74 124 0 49 190 0 28 184 34 0 180 38 91 0 182 165 0 185 107 0 25 40 111 0 178 62 0 108 188 0 171 0 115 0 177 0 198 189 0 22 67 0 |Drone Time: 27554.913798|27554.913798,0.000000,0.000000,0.000000
Total validation: Makespan=27686.053347, Deadline violation=0.000000, Energy violation=0.000000, Capacity violation=0.000000"
200.30.3,200,1,adaptive,g3,0.3,0.2,0.1,0.6,42,0,32022.352228,27686.053347,27686.053347,27686.053347,1032.1033,FEASIBLE,"Truck 1: 0 116 0 173 0 89 0 78 160 0 58 0 37 82 0 |Truck Time: 27268.624136|27268.624136,0.000000,0.000000,0.000000
Truck 2: 0 83 130 0 9 140 0 174 144 0 123 0 175 179 131 170 0 93 0 86 81 158 0 |Truck Time: 27686.053347|27686.053347,0.000000,0.000000,0.000000
Truck 3: 0 92 41 0 17 35 0 112 117 0 14 0 125 87 0 96 0 |Truck Time: 27617.117121|27617.117121,0.000000,0.000000,0.000000
Truck 4: 0 133 153 145 0 143 0 8 10 0 149 24 166 0 69 47 71 0 118 39 36 0 |Truck Time: 27568.628280|27568.628280,0.000000,0.000000,0.000000
Truck 5: 0 194 0 6 191 0 72 60 0 64 121 110 101 0 59 163 0 56 45 0 |Truck Time: 27648.036630|27648.036630,0.000000,0.000000,0.000000","Drone 1: 0 168 138 120 122 0 114 136 0 129 0 126 0 137 0 4 155 0 97 99 0 12 2 0 187 139 21 0 195 0 42 0 85 0 73 0 172 0 103 66 0 |Drone Time: 27567.181593|27567.181593,0.000000,0.000000,0.000000
Drone 2: 0 31 156 0 152 199 102 46 200 27 0 94 141 169 0 183 32 0 142 109 0 75 0 88 0 134 0 18 193 0 119 0 196 15 0 181 159 0 146 0 164 0 65 1 0 |Drone Time: 27684.560557|27684.560557,0.000000,0.000000,0.000000
Drone 3: 0 23 79 197 33 0 52 154 113 0 26 29 192 0 76 5 0 90 0 150 147 55 0 70 0 95 127 0 30 0 98 157 0 61 0 44 0 80 0 148 0 128 0 162 0 |Drone Time: 27411.963524|27411.963524,0.000000,0.000000,0.000000
Drone 4: 0 3 100 0 105 53 0 13 54 0 161 151 0 106 0 77 19 0 20 0 68 132 0 63 0 7 50 57 0 104 51 0 11 0 176 167 0 84 0 186 16 0 |Drone Time: 27581.706253|27581.706253,0.000000,0.000000,0.000000
Drone 5: 0 43 135 0 48 74 124 0 49 190 0 28 184 34 0 180 38 91 0 182 165 0 185 107 0 25 40 111 0 178 62 0 108 188 0 171 0 115 0 177 0 198 189 0 22 67 0 |Drone Time: 27554.913798|27554.913798,0.000000,0.000000,0.000000",27686.053347,0.0,0.0,0.0,"Truck Routes:
Truck 1: 0 116 0 173 0 89 0 78 160 0 58 0 37 82 0 |Truck Time: 27268.624136|27268.624136,0.000000,0.000000,0.000000
Truck 2: 0 83 130 0 9 140 0 174 144 0 123 0 175 179 131 170 0 93 0 86 81 158 0 |Truck Time: 27686.053347|27686.053347,0.000000,0.000000,0.000000
Truck 3: 0 92 41 0 17 35 0 112 117 0 14 0 125 87 0 96 0 |Truck Time: 27617.117121|27617.117121,0.000000,0.000000,0.000000
Truck 4: 0 133 153 145 0 143 0 8 10 0 149 24 166 0 69 47 71 0 118 39 36 0 |Truck Time: 27568.628280|27568.628280,0.000000,0.000000,0.000000
Truck 5: 0 194 0 6 191 0 72 60 0 64 121 110 101 0 59 163 0 56 45 0 |Truck Time: 27648.036630|27648.036630,0.000000,0.000000,0.000000
Drone Routes:
Drone 1: 0 168 138 120 122 0 114 136 0 129 0 126 0 137 0 4 155 0 97 99 0 12 2 0 187 139 21 0 195 0 42 0 85 0 73 0 172 0 103 66 0 |Drone Time: 27567.181593|27567.181593,0.000000,0.000000,0.000000
Drone 2: 0 31 156 0 152 199 102 46 200 27 0 94 141 169 0 183 32 0 142 109 0 75 0 88 0 134 0 18 193 0 119 0 196 15 0 181 159 0 146 0 164 0 65 1 0 |Drone Time: 27684.560557|27684.560557,0.000000,0.000000,0.000000
Drone 3: 0 23 79 197 33 0 52 154 113 0 26 29 192 0 76 5 0 90 0 150 147 55 0 70 0 95 127 0 30 0 98 157 0 61 0 44 0 80 0 148 0 128 0 162 0 |Drone Time: 27411.963524|27411.963524,0.000000,0.000000,0.000000
Drone 4: 0 3 100 0 105 53 0 13 54 0 161 151 0 106 0 77 19 0 20 0 68 132 0 63 0 7 50 57 0 104 51 0 11 0 176 167 0 84 0 186 16 0 |Drone Time: 27581.706253|27581.706253,0.000000,0.000000,0.000000
Drone 5: 0 43 135 0 48 74 124 0 49 190 0 28 184 34 0 180 38 91 0 182 165 0 185 107 0 25 40 111 0 178 62 0 108 188 0 171 0 115 0 177 0 198 189 0 22 67 0 |Drone Time: 27554.913798|27554.913798,0.000000,0.000000,0.000000
Total validation: Makespan=27686.053347, Deadline violation=0.000000, Energy violation=0.000000, Capacity violation=0.000000"
200.30.3,200,1,adaptive,g4,0.5,0.3,0.1,0.6,42,0,32022.352228,27686.053347,27686.053347,27686.053347,1016.613133,FEASIBLE,"Truck 1: 0 116 0 173 0 89 0 78 160 0 58 0 37 82 0 |Truck Time: 27268.624136|27268.624136,0.000000,0.000000,0.000000
Truck 2: 0 83 130 0 9 140 0 174 144 0 123 0 175 179 131 170 0 93 0 86 81 158 0 |Truck Time: 27686.053347|27686.053347,0.000000,0.000000,0.000000
Truck 3: 0 92 41 0 17 35 0 112 117 0 14 0 125 87 0 96 0 |Truck Time: 27617.117121|27617.117121,0.000000,0.000000,0.000000
Truck 4: 0 133 153 145 0 143 0 8 10 0 149 24 166 0 69 47 71 0 118 39 36 0 |Truck Time: 27568.628280|27568.628280,0.000000,0.000000,0.000000
Truck 5: 0 194 0 6 191 0 72 60 0 64 121 110 101 0 59 163 0 56 45 0 |Truck Time: 27648.036630|27648.036630,0.000000,0.000000,0.000000","Drone 1: 0 168 138 120 122 0 114 136 0 129 0 126 0 137 0 4 155 0 97 99 0 12 2 0 187 139 21 0 195 0 42 0 85 0 73 0 172 0 103 66 0 |Drone Time: 27567.181593|27567.181593,0.000000,0.000000,0.000000
Drone 2: 0 31 156 0 152 199 102 46 200 27 0 94 141 169 0 183 32 0 142 109 0 75 0 88 0 134 0 18 193 0 119 0 196 15 0 181 159 0 146 0 164 0 65 1 0 |Drone Time: 27684.560557|27684.560557,0.000000,0.000000,0.000000
Drone 3: 0 23 79 197 33 0 52 154 113 0 26 29 192 0 76 5 0 90 0 150 147 55 0 70 0 95 127 0 30 0 98 157 0 61 0 44 0 80 0 148 0 128 0 162 0 |Drone Time: 27411.963524|27411.963524,0.000000,0.000000,0.000000
Drone 4: 0 3 100 0 105 53 0 13 54 0 161 151 0 106 0 77 19 0 20 0 68 132 0 63 0 7 50 57 0 104 51 0 11 0 176 167 0 84 0 186 16 0 |Drone Time: 27581.706253|27581.706253,0.000000,0.000000,0.000000
Drone 5: 0 43 135 0 48 74 124 0 49 190 0 28 184 34 0 180 38 91 0 182 165 0 185 107 0 25 40 111 0 178 62 0 108 188 0 171 0 115 0 177 0 198 189 0 22 67 0 |Drone Time: 27554.913798|27554.913798,0.000000,0.000000,0.000000",27686.053347,0.0,0.0,0.0,"Truck Routes:
Truck 1: 0 116 0 173 0 89 0 78 160 0 58 0 37 82 0 |Truck Time: 27268.624136|27268.624136,0.000000,0.000000,0.000000
Truck 2: 0 83 130 0 9 140 0 174 144 0 123 0 175 179 131 170 0 93 0 86 81 158 0 |Truck Time: 27686.053347|27686.053347,0.000000,0.000000,0.000000
Truck 3: 0 92 41 0 17 35 0 112 117 0 14 0 125 87 0 96 0 |Truck Time: 27617.117121|27617.117121,0.000000,0.000000,0.000000
Truck 4: 0 133 153 145 0 143 0 8 10 0 149 24 166 0 69 47 71 0 118 39 36 0 |Truck Time: 27568.628280|27568.628280,0.000000,0.000000,0.000000
Truck 5: 0 194 0 6 191 0 72 60 0 64 121 110 101 0 59 163 0 56 45 0 |Truck Time: 27648.036630|27648.036630,0.000000,0.000000,0.000000
Drone Routes:
Drone 1: 0 168 138 120 122 0 114 136 0 129 0 126 0 137 0 4 155 0 97 99 0 12 2 0 187 139 21 0 195 0 42 0 85 0 73 0 172 0 103 66 0 |Drone Time: 27567.181593|27567.181593,0.000000,0.000000,0.000000
Drone 2: 0 31 156 0 152 199 102 46 200 27 0 94 141 169 0 183 32 0 142 109 0 75 0 88 0 134 0 18 193 0 119 0 196 15 0 181 159 0 146 0 164 0 65 1 0 |Drone Time: 27684.560557|27684.560557,0.000000,0.000000,0.000000
Drone 3: 0 23 79 197 33 0 52 154 113 0 26 29 192 0 76 5 0 90 0 150 147 55 0 70 0 95 127 0 30 0 98 157 0 61 0 44 0 80 0 148 0 128 0 162 0 |Drone Time: 27411.963524|27411.963524,0.000000,0.000000,0.000000
Drone 4: 0 3 100 0 105 53 0 13 54 0 161 151 0 106 0 77 19 0 20 0 68 132 0 63 0 7 50 57 0 104 51 0 11 0 176 167 0 84 0 186 16 0 |Drone Time: 27581.706253|27581.706253,0.000000,0.000000,0.000000
Drone 5: 0 43 135 0 48 74 124 0 49 190 0 28 184 34 0 180 38 91 0 182 165 0 185 107 0 25 40 111 0 178 62 0 108 188 0 171 0 115 0 177 0 198 189 0 22 67 0 |Drone Time: 27554.913798|27554.913798,0.000000,0.000000,0.000000
Total validation: Makespan=27686.053347, Deadline violation=0.000000, Energy violation=0.000000, Capacity violation=0.000000"
200.30.3,200,1,cyclic,,,,,,42,0,32022.352228,23596.432335,23596.432335,23596.432335,1502.453286,FEASIBLE,"Truck 1: 0 59 163 0 37 149 153 60 0 101 121 18 197 114 64 0 118 32 87 0 |Truck Time: 23596.432335|23596.432335,0.000000,0.000000,0.000000
Truck 2: 0 143 0 191 0 173 8 10 0 116 0 131 179 14 130 0 82 83 0 55 104 41 47 71 0 |Truck Time: 23469.102262|23469.102262,0.000000,0.000000,0.000000
Truck 3: 0 36 0 17 0 103 0 81 86 137 9 0 66 12 152 145 0 28 124 0 |Truck Time: 23551.213906|23551.213906,0.000000,0.000000,0.000000
Truck 4: 0 16 187 0 69 3 0 175 166 24 6 0 123 108 144 46 0 112 4 117 35 147 0 |Truck Time: 23590.132359|23590.132359,0.000000,0.000000,0.000000
Truck 5: 0 78 0 133 0 20 0 194 0 56 45 13 90 181 0 |Truck Time: 21286.422285|21286.422285,0.000000,0.000000,0.000000","Drone 1: 0 105 0 171 0 136 100 107 0 174 195 99 0 158 23 0 126 57 0 30 184 0 156 43 0 182 0 95 127 0 154 0 2 21 139 0 89 113 0 52 0 96 0 |Drone Time: 23533.223676|23533.223676,0.000000,0.000000,0.000000
Drone 2: 0 98 0 115 0 140 25 0 75 0 134 0 38 132 159 169 91 0 199 58 0 196 15 0 76 0 146 0 164 0 186 102 0 135 109 0 79 74 129 0 |Drone Time: 23589.063038|23589.063038,0.000000,0.000000,0.000000
Drone 3: 0 73 0 142 31 0 68 0 70 0 88 0 155 150 53 0 119 0 50 61 0 44 0 125 190 0 148 0 11 0 176 0 172 93 0 54 80 0 |Drone Time: 23558.122171|23558.122171,0.000000,0.000000,0.000000
Drone 4: 0 42 0 5 120 183 0 200 85 34 0 77 0 170 165 19 0 160 0 128 192 0 63 0 67 22 0 39 51 0 92 122 0 97 0 84 0 72 0 162 27 0 |Drone Time: 23561.579994|23561.579994,0.000000,0.000000,0.000000
Drone 5: 0 161 0 110 151 0 7 141 0 180 65 0 26 29 0 185 1 0 111 40 193 33 0 178 62 0 157 188 138 0 94 0 106 168 0 48 177 0 198 189 0 49 167 0 |Drone Time: 23537.250841|23537.250841,0.000000,0.000000,0.000000",23596.432335,0.0,0.0,0.0,"Truck Routes:
Truck 1: 0 59 163 0 37 149 153 60 0 101 121 18 197 114 64 0 118 32 87 0 |Truck Time: 23596.432335|23596.432335,0.000000,0.000000,0.000000
Truck 2: 0 143 0 191 0 173 8 10 0 116 0 131 179 14 130 0 82 83 0 55 104 41 47 71 0 |Truck Time: 23469.102262|23469.102262,0.000000,0.000000,0.000000
Truck 3: 0 36 0 17 0 103 0 81 86 137 9 0 66 12 152 145 0 28 124 0 |Truck Time: 23551.213906|23551.213906,0.000000,0.000000,0.000000
Truck 4: 0 16 187 0 69 3 0 175 166 24 6 0 123 108 144 46 0 112 4 117 35 147 0 |Truck Time: 23590.132359|23590.132359,0.000000,0.000000,0.000000
Truck 5: 0 78 0 133 0 20 0 194 0 56 45 13 90 181 0 |Truck Time: 21286.422285|21286.422285,0.000000,0.000000,0.000000
Drone Routes:
Drone 1: 0 105 0 171 0 136 100 107 0 174 195 99 0 158 23 0 126 57 0 30 184 0 156 43 0 182 0 95 127 0 154 0 2 21 139 0 89 113 0 52 0 96 0 |Drone Time: 23533.223676|23533.223676,0.000000,0.000000,0.000000
Drone 2: 0 98 0 115 0 140 25 0 75 0 134 0 38 132 159 169 91 0 199 58 0 196 15 0 76 0 146 0 164 0 186 102 0 135 109 0 79 74 129 0 |Drone Time: 23589.063038|23589.063038,0.000000,0.000000,0.000000
Drone 3: 0 73 0 142 31 0 68 0 70 0 88 0 155 150 53 0 119 0 50 61 0 44 0 125 190 0 148 0 11 0 176 0 172 93 0 54 80 0 |Drone Time: 23558.122171|23558.122171,0.000000,0.000000,0.000000
Drone 4: 0 42 0 5 120 183 0 200 85 34 0 77 0 170 165 19 0 160 0 128 192 0 63 0 67 22 0 39 51 0 92 122 0 97 0 84 0 72 0 162 27 0 |Drone Time: 23561.579994|23561.579994,0.000000,0.000000,0.000000
Drone 5: 0 161 0 110 151 0 7 141 0 180 65 0 26 29 0 185 1 0 111 40 193 33 0 178 62 0 157 188 138 0 94 0 106 168 0 48 177 0 198 189 0 49 167 0 |Drone Time: 23537.250841|23537.250841,0.000000,0.000000,0.000000
Total validation: Makespan=23596.432335, Deadline violation=0.000000, Energy violation=0.000000, Capacity violation=0.000000"
200.30.3,200,1,random,,,,,,42,0,32022.352228,26990.701028,26990.701028,26990.701028,1122.21427,FEASIBLE,"Truck 1: 0 194 0 191 0 170 0 87 0 163 59 20 0 37 0 174 0 |Truck Time: 26857.334815|26857.334815,0.000000,0.000000,0.000000
Truck 2: 0 60 0 93 0 138 181 0 186 182 199 0 131 179 14 83 0 39 41 71 0 9 158 8 0 |Truck Time: 26638.985424|26638.985424,0.000000,0.000000,0.000000
Truck 3: 0 23 0 6 143 0 130 175 0 184 28 0 116 0 81 86 137 10 0 |Truck Time: 26990.701028|26990.701028,0.000000,0.000000,0.000000
Truck 4: 0 112 47 0 82 0 17 35 0 149 24 166 0 125 172 0 76 0 |Truck Time: 26881.763682|26881.763682,0.000000,0.000000,0.000000
Truck 5: 0 124 144 0 173 0 152 145 0 64 101 110 121 0 78 160 0 56 90 123 0 |Truck Time: 26972.251365|26972.251365,0.000000,0.000000,0.000000","Drone 1: 0 183 0 168 200 96 46 0 40 74 129 0 80 54 0 68 0 197 195 0 176 167 99 0 12 2 0 187 139 21 0 58 0 42 0 85 0 73 0 92 69 0 103 66 0 |Drone Time: 26645.006056|26645.006056,0.000000,0.000000,0.000000
Drone 2: 0 18 193 0 49 190 0 120 88 5 0 33 109 79 0 34 75 0 154 52 0 134 0 89 169 0 119 0 196 15 0 126 0 146 0 164 0 65 1 0 133 159 0 |Drone Time: 26697.731276|26697.731276,0.000000,0.000000,0.000000
Drone 3: 0 31 135 0 4 0 26 29 132 0 43 136 0 105 0 150 147 55 0 70 0 95 127 0 30 0 98 157 0 61 0 44 0 11 0 148 0 128 0 162 0 |Drone Time: 26597.916487|26597.916487,0.000000,0.000000,0.000000
Drone 4: 0 118 113 0 155 156 19 53 0 13 32 0 161 48 0 106 0 77 0 117 0 57 50 45 0 36 192 0 63 0 7 0 104 51 0 122 0 97 0 84 0 102 16 0 |Drone Time: 26928.104102|26928.104102,0.000000,0.000000,0.000000
Drone 5: 0 114 153 0 27 171 111 0 3 100 0 151 142 140 0 180 38 91 0 72 165 0 185 107 0 25 0 178 62 0 108 188 0 94 141 0 115 0 177 0 198 189 0 22 67 0 |Drone Time: 26702.849790|26702.849790,0.000000,0.000000,0.000000",26990.701028,0.0,0.0,0.0,"Truck Routes:
Truck 1: 0 194 0 191 0 170 0 87 0 163 59 20 0 37 0 174 0 |Truck Time: 26857.334815|26857.334815,0.000000,0.000000,0.000000
Truck 2: 0 60 0 93 0 138 181 0 186 182 199 0 131 179 14 83 0 39 41 71 0 9 158 8 0 |Truck Time: 26638.985424|26638.985424,0.000000,0.000000,0.000000
Truck 3: 0 23 0 6 143 0 130 175 0 184 28 0 116 0 81 86 137 10 0 |Truck Time: 26990.701028|26990.701028,0.000000,0.000000,0.000000
Truck 4: 0 112 47 0 82 0 17 35 0 149 24 166 0 125 172 0 76 0 |Truck Time: 26881.763682|26881.763682,0.000000,0.000000,0.000000
Truck 5: 0 124 144 0 173 0 152 145 0 64 101 110 121 0 78 160 0 56 90 123 0 |Truck Time: 26972.251365|26972.251365,0.000000,0.000000,0.000000
Drone Routes:
Drone 1: 0 183 0 168 200 96 46 0 40 74 129 0 80 54 0 68 0 197 195 0 176 167 99 0 12 2 0 187 139 21 0 58 0 42 0 85 0 73 0 92 69 0 103 66 0 |Drone Time: 26645.006056|26645.006056,0.000000,0.000000,0.000000
Drone 2: 0 18 193 0 49 190 0 120 88 5 0 33 109 79 0 34 75 0 154 52 0 134 0 89 169 0 119 0 196 15 0 126 0 146 0 164 0 65 1 0 133 159 0 |Drone Time: 26697.731276|26697.731276,0.000000,0.000000,0.000000
Drone 3: 0 31 135 0 4 0 26 29 132 0 43 136 0 105 0 150 147 55 0 70 0 95 127 0 30 0 98 157 0 61 0 44 0 11 0 148 0 128 0 162 0 |Drone Time: 26597.916487|26597.916487,0.000000,0.000000,0.000000
Drone 4: 0 118 113 0 155 156 19 53 0 13 32 0 161 48 0 106 0 77 0 117 0 57 50 45 0 36 192 0 63 0 7 0 104 51 0 122 0 97 0 84 0 102 16 0 |Drone Time: 26928.104102|26928.104102,0.000000,0.000000,0.000000
Drone 5: 0 114 153 0 27 171 111 0 3 100 0 151 142 140 0 180 38 91 0 72 165 0 185 107 0 25 0 178 62 0 108 188 0 94 141 0 115 0 177 0 198 189 0 22 67 0 |Drone Time: 26702.849790|26702.849790,0.000000,0.000000,0.000000
Total validation: Makespan=26990.701028, Deadline violation=0.000000, Energy violation=0.000000, Capacity violation=0.000000"
200.30.3,200,2,adaptive,g1,0.3,0.2,0.1,0.3,43,0,31531.732818,22085.422325,22085.422325,22085.422325,1303.830739,FEASIBLE,"Truck 1: 0 72 130 0 12 44 2 148 0 163 59 20 0 114 161 0 |Truck Time: 19993.603076|19993.603076,0.000000,0.000000,0.000000
Truck 2: 0 60 182 0 131 179 198 0 186 6 0 13 45 56 115 181 0 98 143 176 46 0 |Truck Time: 22078.477787|22078.477787,0.000000,0.000000,0.000000
Truck 3: 0 41 47 71 147 0 128 0 124 0 175 166 24 139 0 30 121 18 197 64 0 |Truck Time: 21928.065837|21928.065837,0.000000,0.000000,0.000000
Truck 4: 0 90 123 108 0 35 189 117 112 0 192 7 93 0 149 58 196 16 145 191 0 52 83 0 |Truck Time: 21999.423503|21999.423503,0.000000,0.000000,0.000000
Truck 5: 0 39 89 172 0 101 110 10 0 3 69 87 68 104 0 32 118 95 36 0 |Truck Time: 22085.422325|22085.422325,0.000000,0.000000,0.000000","Drone 1: 0 168 106 0 99 75 0 66 173 0 77 0 122 92 0 91 169 88 0 26 70 0 146 0 78 0 82 0 11 0 103 0 31 86 0 84 34 0 |Drone Time: 22001.923008|22001.923008,0.000000,0.000000,0.000000
Drone 2: 0 135 151 109 0 134 0 37 43 0 74 81 48 0 80 0 190 159 141 0 63 0 162 0 96 0 55 4 0 65 17 0 8 0 144 0 111 137 0 |Drone Time: 22077.815458|22077.815458,0.000000,0.000000,0.000000
Drone 3: 0 140 23 158 0 50 183 127 0 156 136 15 0 53 107 100 0 188 132 125 0 152 194 0 185 150 0 142 193 0 164 0 153 1 0 28 0 133 0 155 73 0 |Drone Time: 21908.392576|21908.392576,0.000000,0.000000,0.000000
Drone 4: 0 94 0 61 0 113 5 120 54 0 102 187 21 0 38 51 180 0 85 27 0 184 42 0 177 79 0 138 157 195 0 165 14 0 160 0 22 67 0 116 200 0 126 57 0 |Drone Time: 22050.707822|22050.707822,0.000000,0.000000,0.000000
Drone 5: 0 49 0 119 0 19 105 0 178 0 97 0 129 0 29 0 33 62 0 76 0 174 167 154 0 171 0 170 199 0 9 0 40 25 0 |Drone Time: 22055.029987|22055.029987,0.000000,0.000000,0.000000",22085.422325,0.0,0.0,0.0,"Truck Routes:
Truck 1: 0 72 130 0 12 44 2 148 0 163 59 20 0 114 161 0 |Truck Time: 19993.603076|19993.603076,0.000000,0.000000,0.000000
Truck 2: 0 60 182 0 131 179 198 0 186 6 0 13 45 56 115 181 0 98 143 176 46 0 |Truck Time: 22078.477787|22078.477787,0.000000,0.000000,0.000000
Truck 3: 0 41 47 71 147 0 128 0 124 0 175 166 24 139 0 30 121 18 197 64 0 |Truck Time: 21928.065837|21928.065837,0.000000,0.000000,0.000000
Truck 4: 0 90 123 108 0 35 189 117 112 0 192 7 93 0 149 58 196 16 145 191 0 52 83 0 |Truck Time: 21999.423503|21999.423503,0.000000,0.000000,0.000000
Truck 5: 0 39 89 172 0 101 110 10 0 3 69 87 68 104 0 32 118 95 36 0 |Truck Time: 22085.422325|22085.422325,0.000000,0.000000,0.000000
Drone Routes:
Drone 1: 0 168 106 0 99 75 0 66 173 0 77 0 122 92 0 91 169 88 0 26 70 0 146 0 78 0 82 0 11 0 103 0 31 86 0 84 34 0 |Drone Time: 22001.923008|22001.923008,0.000000,0.000000,0.000000
Drone 2: 0 135 151 109 0 134 0 37 43 0 74 81 48 0 80 0 190 159 141 0 63 0 162 0 96 0 55 4 0 65 17 0 8 0 144 0 111 137 0 |Drone Time: 22077.815458|22077.815458,0.000000,0.000000,0.000000
Drone 3: 0 140 23 158 0 50 183 127 0 156 136 15 0 53 107 100 0 188 132 125 0 152 194 0 185 150 0 142 193 0 164 0 153 1 0 28 0 133 0 155 73 0 |Drone Time: 21908.392576|21908.392576,0.000000,0.000000,0.000000
Drone 4: 0 94 0 61 0 113 5 120 54 0 102 187 21 0 38 51 180 0 85 27 0 184 42 0 177 79 0 138 157 195 0 165 14 0 160 0 22 67 0 116 200 0 126 57 0 |Drone Time: 22050.707822|22050.707822,0.000000,0.000000,0.000000
Drone 5: 0 49 0 119 0 19 105 0 178 0 97 0 129 0 29 0 33 62 0 76 0 174 167 154 0 171 0 170 199 0 9 0 40 25 0 |Drone Time: 22055.029987|22055.029987,0.000000,0.000000,0.000000
Total validation: Makespan=22085.422325, Deadline violation=0.000000, Energy violation=0.000000, Capacity violation=0.000000"
200.30.3,200,2,adaptive,g2,0.5,0.3,0.1,0.3,43,0,31531.732818,21719.588615,21719.588615,21719.588615,1668.725125,FEASIBLE,"Truck 1: 0 9 18 197 64 0 12 44 2 148 133 0 163 59 20 78 0 71 83 130 0 |Truck Time: 20460.751317|20460.751317,0.000000,0.000000,0.000000
Truck 2: 0 182 186 0 131 179 198 0 191 0 45 56 115 13 123 0 98 144 0 |Truck Time: 21657.139106|21657.139106,0.000000,0.000000,0.000000
Truck 3: 0 172 41 47 0 39 89 0 175 166 24 194 0 30 121 161 28 0 |Truck Time: 21684.392730|21684.392730,0.000000,0.000000,0.000000
Truck 4: 0 22 27 0 35 117 112 0 108 7 93 0 149 58 196 152 145 187 6 0 90 181 0 |Truck Time: 21540.544270|21540.544270,0.000000,0.000000,0.000000
Truck 5: 0 164 162 0 101 110 10 0 3 69 87 68 0 32 118 95 36 104 0 |Truck Time: 21719.588615|21719.588615,0.000000,0.000000,0.000000","Drone 1: 0 177 0 183 127 0 77 0 170 0 72 0 29 0 146 0 61 0 65 17 0 11 0 103 0 126 57 0 84 34 0 81 135 0 122 92 0 |Drone Time: 21669.193203|21669.193203,0.000000,0.000000,0.000000
Drone 2: 0 50 159 125 0 140 173 0 48 109 0 168 106 0 80 0 192 141 190 91 0 40 25 23 0 52 143 0 114 0 55 4 0 147 82 0 8 66 0 60 0 31 86 0 |Drone Time: 21690.808116|21690.808116,0.000000,0.000000,0.000000
Drone 3: 0 137 0 134 0 156 21 15 0 155 73 0 53 107 100 0 188 169 88 0 85 67 0 185 150 0 142 193 0 124 0 153 1 0 94 0 176 0 |Drone Time: 21709.558958|21709.558958,0.000000,0.000000,0.000000
Drone 4: 0 37 43 0 113 5 120 54 0 111 119 0 102 136 0 38 51 180 0 99 75 46 0 184 42 0 158 0 138 167 195 0 97 0 160 0 96 0 116 200 0 |Drone Time: 21714.498850|21714.498850,0.000000,0.000000,0.000000
Drone 5: 0 49 0 199 16 139 0 19 105 0 178 0 165 14 0 79 74 129 0 26 70 0 33 151 62 0 76 132 0 174 157 154 0 171 0 128 0 189 63 0 |Drone Time: 21706.160508|21706.160508,0.000000,0.000000,0.000000",21719.588615,0.0,0.0,0.0,"Truck Routes:
Truck 1: 0 9 18 197 64 0 12 44 2 148 133 0 163 59 20 78 0 71 83 130 0 |Truck Time: 20460.751317|20460.751317,0.000000,0.000000,0.000000
Truck 2: 0 182 186 0 131 179 198 0 191 0 45 56 115 13 123 0 98 144 0 |Truck Time: 21657.139106|21657.139106,0.000000,0.000000,0.000000
Truck 3: 0 172 41 47 0 39 89 0 175 166 24 194 0 30 121 161 28 0 |Truck Time: 21684.392730|21684.392730,0.000000,0.000000,0.000000
Truck 4: 0 22 27 0 35 117 112 0 108 7 93 0 149 58 196 152 145 187 6 0 90 181 0 |Truck Time: 21540.544270|21540.544270,0.000000,0.000000,0.000000
Truck 5: 0 164 162 0 101 110 10 0 3 69 87 68 0 32 118 95 36 104 0 |Truck Time: 21719.588615|21719.588615,0.000000,0.000000,0.000000
Drone Routes:
Drone 1: 0 177 0 183 127 0 77 0 170 0 72 0 29 0 146 0 61 0 65 17 0 11 0 103 0 126 57 0 84 34 0 81 135 0 122 92 0 |Drone Time: 21669.193203|21669.193203,0.000000,0.000000,0.000000
Drone 2: 0 50 159 125 0 140 173 0 48 109 0 168 106 0 80 0 192 141 190 91 0 40 25 23 0 52 143 0 114 0 55 4 0 147 82 0 8 66 0 60 0 31 86 0 |Drone Time: 21690.808116|21690.808116,0.000000,0.000000,0.000000
Drone 3: 0 137 0 134 0 156 21 15 0 155 73 0 53 107 100 0 188 169 88 0 85 67 0 185 150 0 142 193 0 124 0 153 1 0 94 0 176 0 |Drone Time: 21709.558958|21709.558958,0.000000,0.000000,0.000000
Drone 4: 0 37 43 0 113 5 120 54 0 111 119 0 102 136 0 38 51 180 0 99 75 46 0 184 42 0 158 0 138 167 195 0 97 0 160 0 96 0 116 200 0 |Drone Time: 21714.498850|21714.498850,0.000000,0.000000,0.000000
Drone 5: 0 49 0 199 16 139 0 19 105 0 178 0 165 14 0 79 74 129 0 26 70 0 33 151 62 0 76 132 0 174 157 154 0 171 0 128 0 189 63 0 |Drone Time: 21706.160508|21706.160508,0.000000,0.000000,0.000000
Total validation: Makespan=21719.588615, Deadline violation=0.000000, Energy violation=0.000000, Capacity violation=0.000000"
200.30.3,200,2,adaptive,g3,0.3,0.2,0.1,0.6,43,0,31531.732818,21883.169922,21883.169922,21883.169922,1565.625705,FEASIBLE,"Truck 1: 0 9 10 0 12 44 2 148 0 163 59 20 98 22 27 0 47 0 130 170 0 |Truck Time: 21830.062571|21830.062571,0.000000,0.000000,0.000000
Truck 2: 0 60 6 182 0 131 179 198 0 186 191 0 13 45 56 115 181 0 90 0 |Truck Time: 21883.169922|21883.169922,0.000000,0.000000,0.000000
Truck 3: 0 162 144 0 89 39 83 0 175 166 24 194 0 30 121 18 197 64 0 |Truck Time: 21709.760138|21709.760138,0.000000,0.000000,0.000000
Truck 4: 0 96 0 35 117 112 0 108 7 93 0 149 58 196 16 145 199 0 153 1 133 0 |Truck Time: 21814.094443|21814.094443,0.000000,0.000000,0.000000
Truck 5: 0 172 41 0 101 110 161 124 28 0 3 69 87 68 104 0 32 118 95 36 0 |Truck Time: 21396.888685|21396.888685,0.000000,0.000000,0.000000","Drone 1: 0 177 0 134 0 77 0 0 155 73 0 114 0 29 0 146 0 137 23 0 147 82 0 11 0 103 0 183 127 0 84 34 0 135 109 48 0 |Drone Time: 21656.263203|21656.263203,0.000000,0.000000,0.000000
Drone 2: 0 81 0 158 0 37 43 0 168 106 0 80 0 141 190 91 0 40 25 0 52 143 0 72 0 55 4 0 65 17 0 8 66 0 71 0 31 86 0 |Drone Time: 21856.461749|21856.461749,0.000000,0.000000,0.000000
Drone 3: 0 169 125 0 97 0 156 15 21 0 26 70 0 53 107 100 0 88 0 85 67 0 185 150 0 142 193 0 164 0 188 78 0 94 0 176 0 |Drone Time: 21799.801734|21799.801734,0.000000,0.000000,0.000000
Drone 4: 0 50 159 123 0 192 61 0 113 5 120 54 0 126 57 0 102 187 136 0 38 51 180 0 99 75 46 0 184 42 0 111 119 0 167 195 138 0 140 173 0 160 0 116 200 0 |Drone Time: 21881.891479|21881.891479,0.000000,0.000000,0.000000
Drone 5: 0 49 0 152 139 0 19 105 0 178 0 165 14 0 79 74 129 0 122 92 0 151 33 62 0 76 132 0 174 157 154 0 171 0 128 0 189 63 0 |Drone Time: 21747.195302|21747.195302,0.000000,0.000000,0.000000",21883.169922,0.0,0.0,0.0,"Truck Routes:
Truck 1: 0 9 10 0 12 44 2 148 0 163 59 20 98 22 27 0 47 0 130 170 0 |Truck Time: 21830.062571|21830.062571,0.000000,0.000000,0.000000
Truck 2: 0 60 6 182 0 131 179 198 0 186 191 0 13 45 56 115 181 0 90 0 |Truck Time: 21883.169922|21883.169922,0.000000,0.000000,0.000000
Truck 3: 0 162 144 0 89 39 83 0 175 166 24 194 0 30 121 18 197 64 0 |Truck Time: 21709.760138|21709.760138,0.000000,0.000000,0.000000
Truck 4: 0 96 0 35 117 112 0 108 7 93 0 149 58 196 16 145 199 0 153 1 133 0 |Truck Time: 21814.094443|21814.094443,0.000000,0.000000,0.000000
Truck 5: 0 172 41 0 101 110 161 124 28 0 3 69 87 68 104 0 32 118 95 36 0 |Truck Time: 21396.888685|21396.888685,0.000000,0.000000,0.000000
Drone Routes:
Drone 1: 0 177 0 134 0 77 0 0 155 73 0 114 0 29 0 146 0 137 23 0 147 82 0 11 0 103 0 183 127 0 84 34 0 135 109 48 0 |Drone Time: 21656.263203|21656.263203,0.000000,0.000000,0.000000
Drone 2: 0 81 0 158 0 37 43 0 168 106 0 80 0 141 190 91 0 40 25 0 52 143 0 72 0 55 4 0 65 17 0 8 66 0 71 0 31 86 0 |Drone Time: 21856.461749|21856.461749,0.000000,0.000000,0.000000
Drone 3: 0 169 125 0 97 0 156 15 21 0 26 70 0 53 107 100 0 88 0 85 67 0 185 150 0 142 193 0 164 0 188 78 0 94 0 176 0 |Drone Time: 21799.801734|21799.801734,0.000000,0.000000,0.000000
Drone 4: 0 50 159 123 0 192 61 0 113 5 120 54 0 126 57 0 102 187 136 0 38 51 180 0 99 75 46 0 184 42 0 111 119 0 167 195 138 0 140 173 0 160 0 116 200 0 |Drone Time: 21881.891479|21881.891479,0.000000,0.000000,0.000000
Drone 5: 0 49 0 152 139 0 19 105 0 178 0 165 14 0 79 74 129 0 122 92 0 151 33 62 0 76 132 0 174 157 154 0 171 0 128 0 189 63 0 |Drone Time: 21747.195302|21747.195302,0.000000,0.000000,0.000000
Total validation: Makespan=21883.169922, Deadline violation=0.000000, Energy violation=0.000000, Capacity violation=0.000000"
200.30.3,200,2,adaptive,g4,0.5,0.3,0.1,0.6,43,0,31531.732818,22098.652769,22098.652769,22098.652769,1028.755196,FEASIBLE,"Truck 1: 0 128 7 93 0 12 44 2 148 0 163 59 20 0 86 110 0 |Truck Time: 22064.917976|22064.917976,0.000000,0.000000,0.000000
Truck 2: 0 6 72 130 0 131 179 198 0 170 0 13 45 56 115 181 0 90 0 |Truck Time: 21813.087551|21813.087551,0.000000,0.000000,0.000000
Truck 3: 0 47 71 83 0 66 199 0 172 0 175 166 24 139 0 30 121 18 197 64 0 |Truck Time: 22073.329983|22073.329983,0.000000,0.000000,0.000000
Truck 4: 0 98 162 123 0 35 117 112 0 108 0 149 58 196 145 16 60 0 173 182 0 |Truck Time: 22052.379730|22052.379730,0.000000,0.000000,0.000000
Truck 5: 0 89 39 41 0 101 161 178 124 0 3 69 87 68 104 0 32 118 95 36 0 |Truck Time: 22098.652769|22098.652769,0.000000,0.000000,0.000000","Drone 1: 0 129 0 96 0 134 0 77 0 186 187 0 29 0 42 0 26 70 0 146 0 78 0 144 0 11 0 103 0 168 106 0 84 34 0 |Drone Time: 22040.522839|22040.522839,0.000000,0.000000,0.000000
Drone 2: 0 135 151 109 0 126 57 0 19 105 0 40 137 0 192 61 0 141 190 91 0 23 25 0 52 143 0 177 0 55 4 0 65 17 147 0 8 79 0 133 0 31 9 0 |Drone Time: 22094.106531|22094.106531,0.000000,0.000000,0.000000
Drone 3: 0 154 159 50 0 111 119 0 156 80 0 155 73 0 53 107 100 0 188 169 88 0 152 194 0 185 150 0 142 193 0 164 0 153 1 0 10 0 176 0 |Drone Time: 21813.260357|21813.260357,0.000000,0.000000,0.000000
Drone 4: 0 94 0 82 0 113 5 120 54 0 183 127 0 21 15 136 0 38 51 180 0 99 75 27 0 184 191 0 158 0 138 157 195 0 165 14 0 160 0 22 67 0 116 200 0 |Drone Time: 21940.924268|21940.924268,0.000000,0.000000,0.000000
Drone 5: 0 167 49 0 125 0 37 43 0 0 97 0 81 74 48 0 122 92 0 33 62 0 76 132 0 46 174 85 0 171 0 28 102 0 114 140 0 189 63 0 |Drone Time: 22027.628676|22027.628676,0.000000,0.000000,0.000000",22098.652769,0.0,0.0,0.0,"Truck Routes:
Truck 1: 0 128 7 93 0 12 44 2 148 0 163 59 20 0 86 110 0 |Truck Time: 22064.917976|22064.917976,0.000000,0.000000,0.000000
Truck 2: 0 6 72 130 0 131 179 198 0 170 0 13 45 56 115 181 0 90 0 |Truck Time: 21813.087551|21813.087551,0.000000,0.000000,0.000000
Truck 3: 0 47 71 83 0 66 199 0 172 0 175 166 24 139 0 30 121 18 197 64 0 |Truck Time: 22073.329983|22073.329983,0.000000,0.000000,0.000000
Truck 4: 0 98 162 123 0 35 117 112 0 108 0 149 58 196 145 16 60 0 173 182 0 |Truck Time: 22052.379730|22052.379730,0.000000,0.000000,0.000000
Truck 5: 0 89 39 41 0 101 161 178 124 0 3 69 87 68 104 0 32 118 95 36 0 |Truck Time: 22098.652769|22098.652769,0.000000,0.000000,0.000000
Drone Routes:
Drone 1: 0 129 0 96 0 134 0 77 0 186 187 0 29 0 42 0 26 70 0 146 0 78 0 144 0 11 0 103 0 168 106 0 84 34 0 |Drone Time: 22040.522839|22040.522839,0.000000,0.000000,0.000000
Drone 2: 0 135 151 109 0 126 57 0 19 105 0 40 137 0 192 61 0 141 190 91 0 23 25 0 52 143 0 177 0 55 4 0 65 17 147 0 8 79 0 133 0 31 9 0 |Drone Time: 22094.106531|22094.106531,0.000000,0.000000,0.000000
Drone 3: 0 154 159 50 0 111 119 0 156 80 0 155 73 0 53 107 100 0 188 169 88 0 152 194 0 185 150 0 142 193 0 164 0 153 1 0 10 0 176 0 |Drone Time: 21813.260357|21813.260357,0.000000,0.000000,0.000000
Drone 4: 0 94 0 82 0 113 5 120 54 0 183 127 0 21 15 136 0 38 51 180 0 99 75 27 0 184 191 0 158 0 138 157 195 0 165 14 0 160 0 22 67 0 116 200 0 |Drone Time: 21940.924268|21940.924268,0.000000,0.000000,0.000000
Drone 5: 0 167 49 0 125 0 37 43 0 0 97 0 81 74 48 0 122 92 0 33 62 0 76 132 0 46 174 85 0 171 0 28 102 0 114 140 0 189 63 0 |Drone Time: 22027.628676|22027.628676,0.000000,0.000000,0.000000
Total validation: Makespan=22098.652769, Deadline violation=0.000000, Energy violation=0.000000, Capacity violation=0.000000"
200.30.3,200,2,cyclic,,,,,,43,0,31531.732818,23739.578465,23739.578465,23739.578465,1711.401204,FEASIBLE,"Truck 1: 0 175 0 92 69 3 0 16 44 148 0 64 197 121 161 178 133 0 145 152 0 |Truck Time: 23718.511305|23718.511305,0.000000,0.000000,0.000000
Truck 2: 0 176 144 0 83 60 191 0 154 128 108 0 131 107 179 165 130 0 45 56 115 181 0 |Truck Time: 23597.739826|23597.739826,0.000000,0.000000,0.000000
Truck 3: 0 41 47 0 36 95 87 0 170 0 143 0 90 13 123 7 93 0 86 142 9 0 |Truck Time: 23367.543935|23367.543935,0.000000,0.000000,0.000000
Truck 4: 0 194 0 163 160 164 162 0 166 24 149 0 55 0 58 2 0 |Truck Time: 23640.602366|23640.602366,0.000000,0.000000,0.000000
Truck 5: 0 124 114 116 0 153 82 0 59 20 0 118 39 68 104 0 101 140 0 |Truck Time: 23739.578465|23739.578465,0.000000,0.000000,0.000000","Drone 1: 0 42 0 172 0 12 31 48 0 105 0 70 0 77 0 11 0 28 40 193 0 117 0 146 0 78 0 72 0 14 0 50 57 89 0 88 113 0 |Drone Time: 23693.242838|23693.242838,0.000000,0.000000,0.000000
Drone 2: 0 76 0 132 5 51 38 0 54 189 156 100 0 53 198 0 138 167 0 26 120 29 0 184 25 23 0 8 79 66 0 126 0 73 0 103 199 0 80 0 187 102 0 182 0 |Drone Time: 23724.216208|23724.216208,0.000000,0.000000,0.000000
Drone 3: 0 35 155 0 27 195 188 0 94 159 169 91 0 141 98 0 137 0 65 1 0 10 0 19 185 17 0 62 18 0 196 21 0 111 119 0 147 150 0 67 22 0 129 0 |Drone Time: 23638.169979|23638.169979,0.000000,0.000000,0.000000
Drone 4: 0 43 37 0 99 85 0 71 0 46 52 173 0 183 190 0 180 125 0 30 200 0 4 127 0 158 0 49 157 0 97 0 96 34 0 84 0 110 0 15 136 0 |Drone Time: 23625.445840|23625.445840,0.000000,0.000000,0.000000
Drone 5: 0 6 139 0 33 81 0 171 0 174 0 135 151 74 109 0 134 0 63 0 61 0 177 0 112 0 75 168 0 186 0 192 106 0 122 32 0 |Drone Time: 23693.044042|23693.044042,0.000000,0.000000,0.000000",23739.578465,0.0,0.0,0.0,"Truck Routes:
Truck 1: 0 175 0 92 69 3 0 16 44 148 0 64 197 121 161 178 133 0 145 152 0 |Truck Time: 23718.511305|23718.511305,0.000000,0.000000,0.000000
Truck 2: 0 176 144 0 83 60 191 0 154 128 108 0 131 107 179 165 130 0 45 56 115 181 0 |Truck Time: 23597.739826|23597.739826,0.000000,0.000000,0.000000
Truck 3: 0 41 47 0 36 95 87 0 170 0 143 0 90 13 123 7 93 0 86 142 9 0 |Truck Time: 23367.543935|23367.543935,0.000000,0.000000,0.000000
Truck 4: 0 194 0 163 160 164 162 0 166 24 149 0 55 0 58 2 0 |Truck Time: 23640.602366|23640.602366,0.000000,0.000000,0.000000
Truck 5: 0 124 114 116 0 153 82 0 59 20 0 118 39 68 104 0 101 140 0 |Truck Time: 23739.578465|23739.578465,0.000000,0.000000,0.000000
Drone Routes:
Drone 1: 0 42 0 172 0 12 31 48 0 105 0 70 0 77 0 11 0 28 40 193 0 117 0 146 0 78 0 72 0 14 0 50 57 89 0 88 113 0 |Drone Time: 23693.242838|23693.242838,0.000000,0.000000,0.000000
Drone 2: 0 76 0 132 5 51 38 0 54 189 156 100 0 53 198 0 138 167 0 26 120 29 0 184 25 23 0 8 79 66 0 126 0 73 0 103 199 0 80 0 187 102 0 182 0 |Drone Time: 23724.216208|23724.216208,0.000000,0.000000,0.000000
Drone 3: 0 35 155 0 27 195 188 0 94 159 169 91 0 141 98 0 137 0 65 1 0 10 0 19 185 17 0 62 18 0 196 21 0 111 119 0 147 150 0 67 22 0 129 0 |Drone Time: 23638.169979|23638.169979,0.000000,0.000000,0.000000
Drone 4: 0 43 37 0 99 85 0 71 0 46 52 173 0 183 190 0 180 125 0 30 200 0 4 127 0 158 0 49 157 0 97 0 96 34 0 84 0 110 0 15 136 0 |Drone Time: 23625.445840|23625.445840,0.000000,0.000000,0.000000
Drone 5: 0 6 139 0 33 81 0 171 0 174 0 135 151 74 109 0 134 0 63 0 61 0 177 0 112 0 75 168 0 186 0 192 106 0 122 32 0 |Drone Time: 23693.044042|23693.044042,0.000000,0.000000,0.000000
Total validation: Makespan=23739.578465, Deadline violation=0.000000, Energy violation=0.000000, Capacity violation=0.000000"
200.30.3,200,2,random,,,,,,43,0,31531.732818,25412.992748,25412.992748,25412.992748,1259.701109,FEASIBLE,"Truck 1: 0 191 145 0 153 0 166 136 0 163 59 20 195 0 58 0 |Truck Time: 24879.394848|24879.394848,0.000000,0.000000,0.000000
Truck 2: 0 93 123 0 186 0 114 124 0 35 155 179 131 0 6 0 81 142 9 0 |Truck Time: 25412.992748|25412.992748,0.000000,0.000000,0.000000
Truck 3: 0 41 47 198 0 143 0 130 82 0 117 112 0 140 30 184 103 0 56 181 0 |Truck Time: 25404.793771|25404.793771,0.000000,0.000000,0.000000
Truck 4: 0 90 128 108 0 27 174 0 2 148 0 11 171 0 60 187 0 172 89 36 0 |Truck Time: 25377.466340|25377.466340,0.000000,0.000000,0.000000
Truck 5: 0 116 200 46 0 87 95 68 104 0 147 83 71 0 64 197 121 101 0 3 69 0 149 24 194 0 |Truck Time: 25404.336493|25404.336493,0.000000,0.000000,0.000000","Drone 1: 0 12 193 0 133 34 111 23 0 161 151 0 173 109 0 105 0 55 17 165 53 0 77 0 70 0 52 176 0 119 0 196 15 0 146 0 78 0 14 0 84 0 |Drone Time: 25281.589260|25281.589260,0.000000,0.000000,0.000000
Drone 2: 0 144 188 0 73 189 0 75 99 0 162 168 0 51 183 0 43 0 66 31 0 29 0 25 0 178 79 0 180 38 0 122 0 39 0 98 167 0 170 102 0 182 0 |Drone Time: 25328.511376|25328.511376,0.000000,0.000000,0.000000
Drone 3: 0 135 33 0 126 0 150 185 0 26 54 5 32 0 94 138 0 120 118 0 86 40 0 132 88 0 28 18 0 16 21 139 0 42 0 177 0 164 0 154 13 0 72 0 |Drone Time: 25340.289557|25340.289557,0.000000,0.000000,0.000000
Drone 4: 0 137 0 106 0 107 100 0 175 156 19 0 76 113 0 44 0 7 57 91 0 45 0 4 127 0 158 0 49 157 0 97 0 160 0 22 67 0 110 0 |Drone Time: 25131.379684|25131.379684,0.000000,0.000000,0.000000
Drone 5: 0 8 0 129 74 0 63 169 0 85 62 0 80 92 0 125 190 0 37 152 48 0 134 0 159 141 0 192 50 61 0 115 0 65 1 0 10 199 0 96 0 |Drone Time: 25248.710038|25248.710038,0.000000,0.000000,0.000000",25412.992748,0.0,0.0,0.0,"Truck Routes:
Truck 1: 0 191 145 0 153 0 166 136 0 163 59 20 195 0 58 0 |Truck Time: 24879.394848|24879.394848,0.000000,0.000000,0.000000
Truck 2: 0 93 123 0 186 0 114 124 0 35 155 179 131 0 6 0 81 142 9 0 |Truck Time: 25412.992748|25412.992748,0.000000,0.000000,0.000000
Truck 3: 0 41 47 198 0 143 0 130 82 0 117 112 0 140 30 184 103 0 56 181 0 |Truck Time: 25404.793771|25404.793771,0.000000,0.000000,0.000000
Truck 4: 0 90 128 108 0 27 174 0 2 148 0 11 171 0 60 187 0 172 89 36 0 |Truck Time: 25377.466340|25377.466340,0.000000,0.000000,0.000000
Truck 5: 0 116 200 46 0 87 95 68 104 0 147 83 71 0 64 197 121 101 0 3 69 0 149 24 194 0 |Truck Time: 25404.336493|25404.336493,0.000000,0.000000,0.000000
Drone Routes:
Drone 1: 0 12 193 0 133 34 111 23 0 161 151 0 173 109 0 105 0 55 17 165 53 0 77 0 70 0 52 176 0 119 0 196 15 0 146 0 78 0 14 0 84 0 |Drone Time: 25281.589260|25281.589260,0.000000,0.000000,0.000000
Drone 2: 0 144 188 0 73 189 0 75 99 0 162 168 0 51 183 0 43 0 66 31 0 29 0 25 0 178 79 0 180 38 0 122 0 39 0 98 167 0 170 102 0 182 0 |Drone Time: 25328.511376|25328.511376,0.000000,0.000000,0.000000
Drone 3: 0 135 33 0 126 0 150 185 0 26 54 5 32 0 94 138 0 120 118 0 86 40 0 132 88 0 28 18 0 16 21 139 0 42 0 177 0 164 0 154 13 0 72 0 |Drone Time: 25340.289557|25340.289557,0.000000,0.000000,0.000000
Drone 4: 0 137 0 106 0 107 100 0 175 156 19 0 76 113 0 44 0 7 57 91 0 45 0 4 127 0 158 0 49 157 0 97 0 160 0 22 67 0 110 0 |Drone Time: 25131.379684|25131.379684,0.000000,0.000000,0.000000
Drone 5: 0 8 0 129 74 0 63 169 0 85 62 0 80 92 0 125 190 0 37 152 48 0 134 0 159 141 0 192 50 61 0 115 0 65 1 0 10 199 0 96 0 |Drone Time: 25248.710038|25248.710038,0.000000,0.000000,0.000000
Total validation: Makespan=25412.992748, Deadline violation=0.000000, Energy violation=0.000000, Capacity violation=0.000000"
200.30.3,200,3,adaptive,g1,0.3,0.2,0.1,0.3,44,0,31751.425974,22481.626853,22481.626853,22481.626853,1254.799875,FEASIBLE,"Truck 1: 0 163 160 0 95 87 41 0 20 59 0 142 110 101 8 10 0 |Truck Time: 22352.090143|22352.090143,0.000000,0.000000,0.000000
Truck 2: 0 112 4 117 198 0 172 89 47 0 16 152 148 44 191 0 162 98 174 0 7 0 |Truck Time: 22309.184082|22309.184082,0.000000,0.000000,0.000000
Truck 3: 0 6 182 0 71 83 0 1 72 199 0 131 107 19 175 0 118 39 36 180 68 104 0 |Truck Time: 22269.692755|22269.692755,0.000000,0.000000,0.000000
Truck 4: 0 121 64 114 124 0 69 92 3 0 84 96 0 56 45 115 90 181 0 |Truck Time: 22481.626853|22481.626853,0.000000,0.000000,0.000000
Truck 5: 0 170 82 130 0 60 103 133 0 149 166 0 143 144 46 0 81 86 158 23 0 |Truck Time: 21104.131362|21104.131362,0.000000,0.000000,0.000000","Drone 1: 0 105 0 91 88 0 24 0 77 0 127 5 51 93 0 123 52 0 99 119 0 178 62 0 49 157 0 54 120 183 0 9 48 0 53 179 0 |Drone Time: 22456.417797|22456.417797,0.000000,0.000000,0.000000
Drone 2: 0 25 0 78 0 61 0 26 70 0 136 15 153 0 186 2 0 140 30 0 196 21 0 177 0 194 139 0 108 154 0 40 129 74 0 100 43 0 |Drone Time: 22421.843445|22421.843445,0.000000,0.000000,0.000000
Drone 3: 0 150 155 0 168 106 0 188 75 0 35 0 13 200 0 50 141 159 169 190 0 184 111 135 109 0 145 66 0 18 85 0 97 0 22 67 0 197 151 33 0 116 0 |Drone Time: 22394.830961|22394.830961,0.000000,0.000000,0.000000
Drone 4: 0 134 0 146 0 55 80 0 14 0 63 0 42 0 126 0 125 38 0 102 187 31 0 79 12 0 128 0 57 94 192 0 161 0 34 137 0 |Drone Time: 22370.899359|22370.899359,0.000000,0.000000,0.000000
Drone 5: 0 176 0 11 0 76 113 0 29 132 0 37 156 185 0 173 193 0 65 147 0 58 0 138 195 167 0 189 73 0 28 17 165 0 171 0 27 164 0 122 32 0 |Drone Time: 22309.348768|22309.348768,0.000000,0.000000,0.000000",22481.626853,0.0,0.0,0.0,"Truck Routes:
Truck 1: 0 163 160 0 95 87 41 0 20 59 0 142 110 101 8 10 0 |Truck Time: 22352.090143|22352.090143,0.000000,0.000000,0.000000
Truck 2: 0 112 4 117 198 0 172 89 47 0 16 152 148 44 191 0 162 98 174 0 7 0 |Truck Time: 22309.184082|22309.184082,0.000000,0.000000,0.000000
Truck 3: 0 6 182 0 71 83 0 1 72 199 0 131 107 19 175 0 118 39 36 180 68 104 0 |Truck Time: 22269.692755|22269.692755,0.000000,0.000000,0.000000
Truck 4: 0 121 64 114 124 0 69 92 3 0 84 96 0 56 45 115 90 181 0 |Truck Time: 22481.626853|22481.626853,0.000000,0.000000,0.000000
Truck 5: 0 170 82 130 0 60 103 133 0 149 166 0 143 144 46 0 81 86 158 23 0 |Truck Time: 21104.131362|21104.131362,0.000000,0.000000,0.000000
Drone Routes:
Drone 1: 0 105 0 91 88 0 24 0 77 0 127 5 51 93 0 123 52 0 99 119 0 178 62 0 49 157 0 54 120 183 0 9 48 0 53 179 0 |Drone Time: 22456.417797|22456.417797,0.000000,0.000000,0.000000
Drone 2: 0 25 0 78 0 61 0 26 70 0 136 15 153 0 186 2 0 140 30 0 196 21 0 177 0 194 139 0 108 154 0 40 129 74 0 100 43 0 |Drone Time: 22421.843445|22421.843445,0.000000,0.000000,0.000000
Drone 3: 0 150 155 0 168 106 0 188 75 0 35 0 13 200 0 50 141 159 169 190 0 184 111 135 109 0 145 66 0 18 85 0 97 0 22 67 0 197 151 33 0 116 0 |Drone Time: 22394.830961|22394.830961,0.000000,0.000000,0.000000
Drone 4: 0 134 0 146 0 55 80 0 14 0 63 0 42 0 126 0 125 38 0 102 187 31 0 79 12 0 128 0 57 94 192 0 161 0 34 137 0 |Drone Time: 22370.899359|22370.899359,0.000000,0.000000,0.000000
Drone 5: 0 176 0 11 0 76 113 0 29 132 0 37 156 185 0 173 193 0 65 147 0 58 0 138 195 167 0 189 73 0 28 17 165 0 171 0 27 164 0 122 32 0 |Drone Time: 22309.348768|22309.348768,0.000000,0.000000,0.000000
Total validation: Makespan=22481.626853, Deadline violation=0.000000, Energy violation=0.000000, Capacity violation=0.000000"
200.30.3,200,3,adaptive,g2,0.5,0.3,0.1,0.3,44,0,31751.425974,22741.280782,22741.280782,22741.280782,1025.256204,FEASIBLE,"Truck 1: 0 30 184 0 58 0 20 59 0 160 163 0 |Truck Time: 22708.654247|22708.654247,0.000000,0.000000,0.000000
Truck 2: 0 112 189 4 47 71 83 0 36 95 87 0 148 44 191 0 27 164 98 174 0 124 161 28 0 |Truck Time: 22580.211523|22580.211523,0.000000,0.000000,0.000000
Truck 3: 0 6 16 152 145 0 176 144 0 153 72 199 0 131 107 19 175 0 118 39 68 41 0 |Truck Time: 22185.427410|22185.427410,0.000000,0.000000,0.000000
Truck 4: 0 64 101 110 8 10 0 92 69 3 180 104 0 172 128 7 0 56 45 115 188 90 181 0 |Truck Time: 22741.280782|22741.280782,0.000000,0.000000,0.000000
Truck 5: 0 170 82 130 0 60 103 133 0 149 166 0 116 46 0 81 86 158 23 0 |Truck Time: 21234.344041|21234.344041,0.000000,0.000000,0.000000","Drone 1: 0 105 0 50 91 169 88 0 102 187 31 0 77 0 127 113 51 93 0 143 0 100 43 0 76 5 0 49 167 0 54 120 183 0 40 25 0 178 62 0 |Drone Time: 22669.314865|22669.314865,0.000000,0.000000,0.000000
Drone 2: 0 24 0 121 0 156 185 0 171 0 13 0 26 29 132 0 70 147 0 186 2 0 140 111 11 0 196 21 0 177 0 194 139 0 108 154 0 129 74 0 |Drone Time: 22689.203561|22689.203561,0.000000,0.000000,0.000000
Drone 3: 0 198 0 63 0 168 106 0 75 99 0 35 0 146 0 96 34 0 141 159 190 0 119 0 182 66 0 85 0 97 0 22 67 0 197 33 48 0 123 52 0 |Drone Time: 22723.049728|22723.049728,0.000000,0.000000,0.000000
Drone 4: 0 134 0 135 151 109 0 61 0 142 79 0 14 0 150 155 0 42 0 126 0 125 38 0 9 0 18 12 0 114 200 0 94 57 192 0 117 0 |Drone Time: 22741.225856|22741.225856,0.000000,0.000000,0.000000
Drone 5: 0 89 0 53 179 0 137 0 55 80 0 15 136 37 0 173 193 0 1 0 78 0 138 195 157 0 73 0 65 17 165 0 84 0 162 0 122 32 0 |Drone Time: 22725.678245|22725.678245,0.000000,0.000000,0.000000",22741.280782,0.0,0.0,0.0,"Truck Routes:
Truck 1: 0 30 184 0 58 0 20 59 0 160 163 0 |Truck Time: 22708.654247|22708.654247,0.000000,0.000000,0.000000
Truck 2: 0 112 189 4 47 71 83 0 36 95 87 0 148 44 191 0 27 164 98 174 0 124 161 28 0 |Truck Time: 22580.211523|22580.211523,0.000000,0.000000,0.000000
Truck 3: 0 6 16 152 145 0 176 144 0 153 72 199 0 131 107 19 175 0 118 39 68 41 0 |Truck Time: 22185.427410|22185.427410,0.000000,0.000000,0.000000
Truck 4: 0 64 101 110 8 10 0 92 69 3 180 104 0 172 128 7 0 56 45 115 188 90 181 0 |Truck Time: 22741.280782|22741.280782,0.000000,0.000000,0.000000
Truck 5: 0 170 82 130 0 60 103 133 0 149 166 0 116 46 0 81 86 158 23 0 |Truck Time: 21234.344041|21234.344041,0.000000,0.000000,0.000000
Drone Routes:
Drone 1: 0 105 0 50 91 169 88 0 102 187 31 0 77 0 127 113 51 93 0 143 0 100 43 0 76 5 0 49 167 0 54 120 183 0 40 25 0 178 62 0 |Drone Time: 22669.314865|22669.314865,0.000000,0.000000,0.000000
Drone 2: 0 24 0 121 0 156 185 0 171 0 13 0 26 29 132 0 70 147 0 186 2 0 140 111 11 0 196 21 0 177 0 194 139 0 108 154 0 129 74 0 |Drone Time: 22689.203561|22689.203561,0.000000,0.000000,0.000000
Drone 3: 0 198 0 63 0 168 106 0 75 99 0 35 0 146 0 96 34 0 141 159 190 0 119 0 182 66 0 85 0 97 0 22 67 0 197 33 48 0 123 52 0 |Drone Time: 22723.049728|22723.049728,0.000000,0.000000,0.000000
Drone 4: 0 134 0 135 151 109 0 61 0 142 79 0 14 0 150 155 0 42 0 126 0 125 38 0 9 0 18 12 0 114 200 0 94 57 192 0 117 0 |Drone Time: 22741.225856|22741.225856,0.000000,0.000000,0.000000
Drone 5: 0 89 0 53 179 0 137 0 55 80 0 15 136 37 0 173 193 0 1 0 78 0 138 195 157 0 73 0 65 17 165 0 84 0 162 0 122 32 0 |Drone Time: 22725.678245|22725.678245,0.000000,0.000000,0.000000
Total validation: Makespan=22741.280782, Deadline violation=0.000000, Energy violation=0.000000, Capacity violation=0.000000"
200.30.3,200,3,adaptive,g3,0.3,0.2,0.1,0.6,44,0,31751.425974,22741.280782,22741.280782,22741.280782,809.53347,FEASIBLE,"Truck 1: 0 30 184 0 58 0 20 59 0 160 163 0 |Truck Time: 22708.654247|22708.654247,0.000000,0.000000,0.000000
Truck 2: 0 112 189 4 47 71 83 0 36 95 87 0 148 44 191 0 27 164 98 174 0 124 161 28 0 |Truck Time: 22580.211523|22580.211523,0.000000,0.000000,0.000000
Truck 3: 0 6 16 152 145 0 176 144 0 153 72 199 0 131 107 19 175 0 118 39 68 41 0 |Truck Time: 22185.427410|22185.427410,0.000000,0.000000,0.000000
Truck 4: 0 64 101 110 8 10 0 92 69 3 180 104 0 172 128 7 0 56 45 115 188 90 181 0 |Truck Time: 22741.280782|22741.280782,0.000000,0.000000,0.000000
Truck 5: 0 170 82 130 0 60 103 133 0 149 166 0 116 46 0 81 86 158 23 0 |Truck Time: 21234.344041|21234.344041,0.000000,0.000000,0.000000","Drone 1: 0 105 0 50 91 169 88 0 102 187 31 0 77 0 127 113 51 93 0 143 0 100 43 0 76 5 0 49 167 0 54 120 183 0 40 25 0 178 62 0 |Drone Time: 22669.314865|22669.314865,0.000000,0.000000,0.000000
Drone 2: 0 24 0 121 0 156 185 0 171 0 13 0 26 29 132 0 70 147 0 186 2 0 140 111 11 0 196 21 0 177 0 194 139 0 108 154 0 129 74 0 |Drone Time: 22689.203561|22689.203561,0.000000,0.000000,0.000000
Drone 3: 0 198 0 63 0 168 106 0 75 99 0 35 0 146 0 96 34 0 141 159 190 0 119 0 182 66 0 85 0 97 0 22 67 0 197 33 48 0 123 52 0 |Drone Time: 22723.049728|22723.049728,0.000000,0.000000,0.000000
Drone 4: 0 134 0 135 151 109 0 61 0 142 79 0 14 0 150 155 0 42 0 126 0 125 38 0 9 0 18 12 0 114 200 0 94 57 192 0 117 0 |Drone Time: 22741.225856|22741.225856,0.000000,0.000000,0.000000
Drone 5: 0 89 0 53 179 0 137 0 55 80 0 15 136 37 0 173 193 0 1 0 78 0 138 195 157 0 73 0 65 17 165 0 84 0 162 0 122 32 0 |Drone Time: 22725.678245|22725.678245,0.000000,0.000000,0.000000",22741.280782,0.0,0.0,0.0,"Truck Routes:
Truck 1: 0 30 184 0 58 0 20 59 0 160 163 0 |Truck Time: 22708.654247|22708.654247,0.000000,0.000000,0.000000
Truck 2: 0 112 189 4 47 71 83 0 36 95 87 0 148 44 191 0 27 164 98 174 0 124 161 28 0 |Truck Time: 22580.211523|22580.211523,0.000000,0.000000,0.000000
Truck 3: 0 6 16 152 145 0 176 144 0 153 72 199 0 131 107 19 175 0 118 39 68 41 0 |Truck Time: 22185.427410|22185.427410,0.000000,0.000000,0.000000
Truck 4: 0 64 101 110 8 10 0 92 69 3 180 104 0 172 128 7 0 56 45 115 188 90 181 0 |Truck Time: 22741.280782|22741.280782,0.000000,0.000000,0.000000
Truck 5: 0 170 82 130 0 60 103 133 0 149 166 0 116 46 0 81 86 158 23 0 |Truck Time: 21234.344041|21234.344041,0.000000,0.000000,0.000000
Drone Routes:
Drone 1: 0 105 0 50 91 169 88 0 102 187 31 0 77 0 127 113 51 93 0 143 0 100 43 0 76 5 0 49 167 0 54 120 183 0 40 25 0 178 62 0 |Drone Time: 22669.314865|22669.314865,0.000000,0.000000,0.000000
Drone 2: 0 24 0 121 0 156 185 0 171 0 13 0 26 29 132 0 70 147 0 186 2 0 140 111 11 0 196 21 0 177 0 194 139 0 108 154 0 129 74 0 |Drone Time: 22689.203561|22689.203561,0.000000,0.000000,0.000000
Drone 3: 0 198 0 63 0 168 106 0 75 99 0 35 0 146 0 96 34 0 141 159 190 0 119 0 182 66 0 85 0 97 0 22 67 0 197 33 48 0 123 52 0 |Drone Time: 22723.049728|22723.049728,0.000000,0.000000,0.000000
Drone 4: 0 134 0 135 151 109 0 61 0 142 79 0 14 0 150 155 0 42 0 126 0 125 38 0 9 0 18 12 0 114 200 0 94 57 192 0 117 0 |Drone Time: 22741.225856|22741.225856,0.000000,0.000000,0.000000
Drone 5: 0 89 0 53 179 0 137 0 55 80 0 15 136 37 0 173 193 0 1 0 78 0 138 195 157 0 73 0 65 17 165 0 84 0 162 0 122 32 0 |Drone Time: 22725.678245|22725.678245,0.000000,0.000000,0.000000
Total validation: Makespan=22741.280782, Deadline violation=0.000000, Energy violation=0.000000, Capacity violation=0.000000"
200.30.3,200,3,adaptive,g4,0.5,0.3,0.1,0.6,44,0,31751.425974,22778.038032,22778.038032,22778.038032,1246.952061,FEASIBLE,"Truck 1: 0 160 163 0 58 0 20 59 0 142 79 8 10 0 |Truck Time: 22686.129642|22686.129642,0.000000,0.000000,0.000000
Truck 2: 0 112 189 4 117 71 83 0 87 95 68 104 0 148 44 191 0 138 164 98 174 0 47 0 |Truck Time: 22392.974592|22392.974592,0.000000,0.000000,0.000000
Truck 3: 0 6 16 152 182 0 176 144 0 153 72 199 0 131 107 19 175 0 118 39 36 180 41 0 |Truck Time: 22776.536610|22776.536610,0.000000,0.000000,0.000000
Truck 4: 0 64 101 110 161 28 0 92 69 3 0 172 89 7 0 56 45 115 188 90 181 0 |Truck Time: 22778.038032|22778.038032,0.000000,0.000000,0.000000
Truck 5: 0 170 82 130 0 60 103 133 0 149 166 0 116 0 81 86 158 23 0 |Truck Time: 20812.871761|20812.871761,0.000000,0.000000,0.000000","Drone 1: 0 76 5 0 57 91 88 0 102 187 31 0 75 99 0 127 54 120 93 0 123 52 0 100 43 0 111 121 0 49 157 0 113 51 80 0 40 25 0 53 179 0 |Drone Time: 22708.614127|22708.614127,0.000000,0.000000,0.000000
Drone 2: 0 24 0 140 30 0 9 48 0 171 0 13 0 26 29 132 0 156 185 147 0 186 2 0 145 66 0 196 21 0 177 0 194 139 0 108 154 0 129 74 0 |Drone Time: 22729.859441|22729.859441,0.000000,0.000000,0.000000
Drone 3: 0 198 0 150 155 0 109 135 0 137 0 35 0 42 0 96 0 141 159 169 190 0 119 0 114 200 0 85 0 97 0 22 67 0 33 151 197 0 143 46 0 |Drone Time: 22777.760741|22777.760741,0.000000,0.000000,0.000000
Drone 4: 0 134 0 168 106 0 61 0 55 183 0 14 0 63 0 34 146 0 126 0 38 125 0 105 0 18 12 0 11 0 50 94 192 0 124 184 0 |Drone Time: 22777.777099|22777.777099,0.000000,0.000000,0.000000
Drone 5: 0 128 0 178 62 0 77 0 70 0 15 136 37 0 173 193 0 65 1 0 78 0 27 195 167 0 73 0 17 165 0 84 0 162 0 122 32 0 |Drone Time: 22768.980973|22768.980973,0.000000,0.000000,0.000000",22778.038032,0.0,0.0,0.0,"Truck Routes:
Truck 1: 0 160 163 0 58 0 20 59 0 142 79 8 10 0 |Truck Time: 22686.129642|22686.129642,0.000000,0.000000,0.000000
Truck 2: 0 112 189 4 117 71 83 0 87 95 68 104 0 148 44 191 0 138 164 98 174 0 47 0 |Truck Time: 22392.974592|22392.974592,0.000000,0.000000,0.000000
Truck 3: 0 6 16 152 182 0 176 144 0 153 72 199 0 131 107 19 175 0 118 39 36 180 41 0 |Truck Time: 22776.536610|22776.536610,0.000000,0.000000,0.000000
Truck 4: 0 64 101 110 161 28 0 92 69 3 0 172 89 7 0 56 45 115 188 90 181 0 |Truck Time: 22778.038032|22778.038032,0.000000,0.000000,0.000000
Truck 5: 0 170 82 130 0 60 103 133 0 149 166 0 116 0 81 86 158 23 0 |Truck Time: 20812.871761|20812.871761,0.000000,0.000000,0.000000
Drone Routes:
Drone 1: 0 76 5 0 57 91 88 0 102 187 31 0 75 99 0 127 54 120 93 0 123 52 0 100 43 0 111 121 0 49 157 0 113 51 80 0 40 25 0 53 179 0 |Drone Time: 22708.614127|22708.614127,0.000000,0.000000,0.000000
Drone 2: 0 24 0 140 30 0 9 48 0 171 0 13 0 26 29 132 0 156 185 147 0 186 2 0 145 66 0 196 21 0 177 0 194 139 0 108 154 0 129 74 0 |Drone Time: 22729.859441|22729.859441,0.000000,0.000000,0.000000
Drone 3: 0 198 0 150 155 0 109 135 0 137 0 35 0 42 0 96 0 141 159 169 190 0 119 0 114 200 0 85 0 97 0 22 67 0 33 151 197 0 143 46 0 |Drone Time: 22777.760741|22777.760741,0.000000,0.000000,0.000000
Drone 4: 0 134 0 168 106 0 61 0 55 183 0 14 0 63 0 34 146 0 126 0 38 125 0 105 0 18 12 0 11 0 50 94 192 0 124 184 0 |Drone Time: 22777.777099|22777.777099,0.000000,0.000000,0.000000
Drone 5: 0 128 0 178 62 0 77 0 70 0 15 136 37 0 173 193 0 65 1 0 78 0 27 195 167 0 73 0 17 165 0 84 0 162 0 122 32 0 |Drone Time: 22768.980973|22768.980973,0.000000,0.000000,0.000000
Total validation: Makespan=22778.038032, Deadline violation=0.000000, Energy violation=0.000000, Capacity violation=0.000000"
200.30.3,200,3,cyclic,,,,,,44,0,31751.425974,23140.535609,23140.535609,23140.535609,967.605971,FEASIBLE,"Truck 1: 0 163 0 32 118 95 36 0 164 160 78 0 142 86 0 |Truck Time: 22788.657083|22788.657083,0.000000,0.000000,0.000000
Truck 2: 0 82 130 0 68 41 0 27 98 143 176 144 0 175 77 166 136 0 12 148 2 145 0 |Truck Time: 22291.904724|22291.904724,0.000000,0.000000,0.000000
Truck 3: 0 65 198 0 9 110 101 161 0 131 107 14 17 0 191 182 0 89 125 172 93 0 |Truck Time: 23106.427776|23106.427776,0.000000,0.000000,0.000000
Truck 4: 0 180 104 0 71 83 0 140 121 64 197 96 0 3 69 92 122 0 45 56 115 181 0 |Truck Time: 23140.535609|23140.535609,0.000000,0.000000,0.000000
Truck 5: 0 35 0 128 123 52 0 149 72 1 0 20 59 0 10 133 0 |Truck Time: 22603.735922|22603.735922,0.000000,0.000000,0.000000","Drone 1: 0 146 0 73 0 30 0 51 190 38 0 106 0 33 81 0 120 29 0 46 195 157 0 152 15 0 19 43 0 196 21 0 6 139 0 7 0 103 0 |Drone Time: 22832.601448|22832.601448,0.000000,0.000000,0.000000
Drone 2: 0 31 155 0 99 75 168 0 178 153 0 62 28 0 137 79 0 134 0 22 18 0 117 189 0 53 179 0 25 0 94 141 0 170 185 0 108 154 0 |Drone Time: 23088.718216|23088.718216,0.000000,0.000000,0.000000
Drone 3: 0 112 0 63 0 105 0 26 70 0 169 88 113 0 184 111 119 0 114 34 0 80 127 0 42 40 0 44 0 138 188 85 0 97 0 174 67 0 49 167 0 |Drone Time: 23138.271318|23138.271318,0.000000,0.000000,0.000000
Drone 4: 0 4 0 109 151 135 0 74 129 0 24 0 39 0 171 0 76 5 0 186 16 0 50 61 0 116 200 0 87 0 124 0 90 0 177 48 0 54 183 0 |Drone Time: 23121.852661|23121.852661,0.000000,0.000000,0.000000
Drone 5: 0 8 0 60 66 0 23 158 0 11 0 199 58 0 13 159 192 0 173 193 0 194 102 0 165 156 100 37 0 132 126 0 57 91 47 0 147 150 55 0 84 0 162 0 187 0 |Drone Time: 23055.141768|23055.141768,0.000000,0.000000,0.000000",23140.535609,0.0,0.0,0.0,"Truck Routes:
Truck 1: 0 163 0 32 118 95 36 0 164 160 78 0 142 86 0 |Truck Time: 22788.657083|22788.657083,0.000000,0.000000,0.000000
Truck 2: 0 82 130 0 68 41 0 27 98 143 176 144 0 175 77 166 136 0 12 148 2 145 0 |Truck Time: 22291.904724|22291.904724,0.000000,0.000000,0.000000
Truck 3: 0 65 198 0 9 110 101 161 0 131 107 14 17 0 191 182 0 89 125 172 93 0 |Truck Time: 23106.427776|23106.427776,0.000000,0.000000,0.000000
Truck 4: 0 180 104 0 71 83 0 140 121 64 197 96 0 3 69 92 122 0 45 56 115 181 0 |Truck Time: 23140.535609|23140.535609,0.000000,0.000000,0.000000
Truck 5: 0 35 0 128 123 52 0 149 72 1 0 20 59 0 10 133 0 |Truck Time: 22603.735922|22603.735922,0.000000,0.000000,0.000000
Drone Routes:
Drone 1: 0 146 0 73 0 30 0 51 190 38 0 106 0 33 81 0 120 29 0 46 195 157 0 152 15 0 19 43 0 196 21 0 6 139 0 7 0 103 0 |Drone Time: 22832.601448|22832.601448,0.000000,0.000000,0.000000
Drone 2: 0 31 155 0 99 75 168 0 178 153 0 62 28 0 137 79 0 134 0 22 18 0 117 189 0 53 179 0 25 0 94 141 0 170 185 0 108 154 0 |Drone Time: 23088.718216|23088.718216,0.000000,0.000000,0.000000
Drone 3: 0 112 0 63 0 105 0 26 70 0 169 88 113 0 184 111 119 0 114 34 0 80 127 0 42 40 0 44 0 138 188 85 0 97 0 174 67 0 49 167 0 |Drone Time: 23138.271318|23138.271318,0.000000,0.000000,0.000000
Drone 4: 0 4 0 109 151 135 0 74 129 0 24 0 39 0 171 0 76 5 0 186 16 0 50 61 0 116 200 0 87 0 124 0 90 0 177 48 0 54 183 0 |Drone Time: 23121.852661|23121.852661,0.000000,0.000000,0.000000
Drone 5: 0 8 0 60 66 0 23 158 0 11 0 199 58 0 13 159 192 0 173 193 0 194 102 0 165 156 100 37 0 132 126 0 57 91 47 0 147 150 55 0 84 0 162 0 187 0 |Drone Time: 23055.141768|23055.141768,0.000000,0.000000,0.000000
Total validation: Makespan=23140.535609, Deadline violation=0.000000, Energy violation=0.000000, Capacity violation=0.000000"
200.30.3,200,3,random,,,,,,44,0,31751.425974,25383.004823,25383.004823,25383.004823,1538.876327,FEASIBLE,"Truck 1: 0 117 0 47 0 39 89 180 104 0 142 81 86 10 0 118 87 0 |Truck Time: 25136.177245|25136.177245,0.000000,0.000000,0.000000
Truck 2: 0 194 0 41 0 1 82 130 0 45 56 195 52 0 67 162 0 124 174 0 |Truck Time: 25260.860930|25260.860930,0.000000,0.000000,0.000000
Truck 3: 0 90 176 0 181 0 23 101 110 161 0 175 107 131 170 0 59 163 160 11 143 0 |Truck Time: 25263.755019|25263.755019,0.000000,0.000000,0.000000
Truck 4: 0 186 145 0 64 18 121 0 3 69 92 0 125 172 38 0 20 0 |Truck Time: 25383.004823|25383.004823,0.000000,0.000000,0.000000
Truck 5: 0 60 0 112 198 0 83 71 0 96 0 149 166 136 72 0 103 0 44 2 6 0 |Truck Time: 25358.059934|25358.059934,0.000000,0.000000,0.000000","Drone 1: 0 178 62 0 28 140 184 34 200 0 51 91 57 94 0 31 15 37 0 77 0 189 54 183 0 50 7 0 61 0 147 12 0 123 157 0 196 21 0 169 128 0 95 0 14 0 |Drone Time: 25344.826677|25344.826677,0.000000,0.000000,0.000000
Drone 2: 0 146 0 36 93 0 137 74 0 120 32 190 0 68 0 182 48 0 73 113 192 0 80 127 0 185 150 0 55 165 0 158 0 177 79 0 152 187 199 0 191 139 0 108 154 0 |Drone Time: 25164.962852|25164.962852,0.000000,0.000000,0.000000
Drone 3: 0 171 0 133 0 58 156 0 100 43 0 106 0 40 114 0 29 0 188 49 159 0 102 153 0 30 0 119 0 76 5 26 0 85 99 167 0 97 0 22 46 0 |Drone Time: 25154.387470|25154.387470,0.000000,0.000000,0.000000
Drone 4: 0 109 151 135 0 24 0 179 0 129 0 116 111 0 19 105 0 75 0 144 27 0 132 88 0 4 155 0 63 0 42 0 126 0 164 0 98 138 0 |Drone Time: 25367.831915|25367.831915,0.000000,0.000000,0.000000
Drone 5: 0 25 0 8 0 9 53 0 197 33 0 148 66 0 70 0 13 141 0 173 193 0 65 16 0 78 0 168 134 0 122 0 17 35 0 84 0 115 0 |Drone Time: 25330.165279|25330.165279,0.000000,0.000000,0.000000",25383.004823,0.0,0.0,0.0,"Truck Routes:
Truck 1: 0 117 0 47 0 39 89 180 104 0 142 81 86 10 0 118 87 0 |Truck Time: 25136.177245|25136.177245,0.000000,0.000000,0.000000
Truck 2: 0 194 0 41 0 1 82 130 0 45 56 195 52 0 67 162 0 124 174 0 |Truck Time: 25260.860930|25260.860930,0.000000,0.000000,0.000000
Truck 3: 0 90 176 0 181 0 23 101 110 161 0 175 107 131 170 0 59 163 160 11 143 0 |Truck Time: 25263.755019|25263.755019,0.000000,0.000000,0.000000
Truck 4: 0 186 145 0 64 18 121 0 3 69 92 0 125 172 38 0 20 0 |Truck Time: 25383.004823|25383.004823,0.000000,0.000000,0.000000
Truck 5: 0 60 0 112 198 0 83 71 0 96 0 149 166 136 72 0 103 0 44 2 6 0 |Truck Time: 25358.059934|25358.059934,0.000000,0.000000,0.000000
Drone Routes:
Drone 1: 0 178 62 0 28 140 184 34 200 0 51 91 57 94 0 31 15 37 0 77 0 189 54 183 0 50 7 0 61 0 147 12 0 123 157 0 196 21 0 169 128 0 95 0 14 0 |Drone Time: 25344.826677|25344.826677,0.000000,0.000000,0.000000
Drone 2: 0 146 0 36 93 0 137 74 0 120 32 190 0 68 0 182 48 0 73 113 192 0 80 127 0 185 150 0 55 165 0 158 0 177 79 0 152 187 199 0 191 139 0 108 154 0 |Drone Time: 25164.962852|25164.962852,0.000000,0.000000,0.000000
Drone 3: 0 171 0 133 0 58 156 0 100 43 0 106 0 40 114 0 29 0 188 49 159 0 102 153 0 30 0 119 0 76 5 26 0 85 99 167 0 97 0 22 46 0 |Drone Time: 25154.387470|25154.387470,0.000000,0.000000,0.000000
Drone 4: 0 109 151 135 0 24 0 179 0 129 0 116 111 0 19 105 0 75 0 144 27 0 132 88 0 4 155 0 63 0 42 0 126 0 164 0 98 138 0 |Drone Time: 25367.831915|25367.831915,0.000000,0.000000,0.000000
Drone 5: 0 25 0 8 0 9 53 0 197 33 0 148 66 0 70 0 13 141 0 173 193 0 65 16 0 78 0 168 134 0 122 0 17 35 0 84 0 115 0 |Drone Time: 25330.165279|25330.165279,0.000000,0.000000,0.000000
Total validation: Makespan=25383.004823, Deadline violation=0.000000, Energy violation=0.000000, Capacity violation=0.000000"
200.30.3,200,4,adaptive,g1,0.3,0.2,0.1,0.3,45,0,30346.175888,26178.575188,26178.575188,26178.575188,1172.081632,FEASIBLE,"Truck 1: 0 164 0 148 0 9 161 96 0 36 39 0 197 0 |Truck Time: 24561.902289|24561.902289,0.000000,0.000000,0.000000
Truck 2: 0 90 0 11 144 0 17 0 30 119 111 64 116 0 123 7 0 125 88 172 0 |Truck Time: 26178.575188|26178.575188,0.000000,0.000000,0.000000
Truck 3: 0 173 0 104 68 0 112 117 35 198 0 81 86 158 0 149 24 0 28 0 |Truck Time: 26152.524209|26152.524209,0.000000,0.000000,0.000000
Truck 4: 0 72 194 0 181 0 3 41 0 187 0 69 92 0 169 126 38 0 |Truck Time: 26162.124244|26162.124244,0.000000,0.000000,0.000000
Truck 5: 0 60 83 130 170 0 6 191 133 0 186 145 152 0 101 121 0 59 163 78 174 0 20 0 |Truck Time: 25678.191042|25678.191042,0.000000,0.000000,0.000000","Drone 1: 0 42 0 137 0 118 32 0 33 142 0 95 0 52 40 79 66 199 0 114 188 0 93 180 0 134 0 82 155 0 58 0 44 0 177 0 94 159 0 143 0 84 0 |Drone Time: 26002.490777|26002.490777,0.000000,0.000000,0.000000
Drone 2: 0 171 0 192 154 57 113 5 0 156 53 150 0 43 37 0 74 151 135 193 0 196 136 0 14 165 0 162 0 45 0 12 2 0 49 157 0 153 21 0 115 0 160 0 98 200 0 |Drone Time: 26117.088832|26117.088832,0.000000,0.000000,0.000000
Drone 3: 0 19 107 55 147 0 195 168 99 0 87 0 4 127 0 34 18 140 23 0 10 48 0 27 85 0 109 31 0 13 141 0 71 50 0 185 131 0 61 0 89 0 97 0 65 1 0 |Drone Time: 26120.513189|26120.513189,0.000000,0.000000,0.000000
Drone 4: 0 70 0 106 0 47 0 8 102 0 189 105 0 56 0 103 184 0 75 0 166 100 0 175 0 132 120 63 0 108 91 0 179 0 73 0 76 0 182 0 |Drone Time: 26174.502502|26174.502502,0.000000,0.000000,0.000000
Drone 5: 0 176 0 80 54 0 110 0 129 0 183 26 51 190 0 124 139 0 77 0 29 0 25 0 178 62 0 16 15 0 138 167 46 0 122 0 146 0 22 67 0 128 0 |Drone Time: 26157.043418|26157.043418,0.000000,0.000000,0.000000",26178.575188,0.0,0.0,0.0,"Truck Routes:
Truck 1: 0 164 0 148 0 9 161 96 0 36 39 0 197 0 |Truck Time: 24561.902289|24561.902289,0.000000,0.000000,0.000000
Truck 2: 0 90 0 11 144 0 17 0 30 119 111 64 116 0 123 7 0 125 88 172 0 |Truck Time: 26178.575188|26178.575188,0.000000,0.000000,0.000000
Truck 3: 0 173 0 104 68 0 112 117 35 198 0 81 86 158 0 149 24 0 28 0 |Truck Time: 26152.524209|26152.524209,0.000000,0.000000,0.000000
Truck 4: 0 72 194 0 181 0 3 41 0 187 0 69 92 0 169 126 38 0 |Truck Time: 26162.124244|26162.124244,0.000000,0.000000,0.000000
Truck 5: 0 60 83 130 170 0 6 191 133 0 186 145 152 0 101 121 0 59 163 78 174 0 20 0 |Truck Time: 25678.191042|25678.191042,0.000000,0.000000,0.000000
Drone Routes:
Drone 1: 0 42 0 137 0 118 32 0 33 142 0 95 0 52 40 79 66 199 0 114 188 0 93 180 0 134 0 82 155 0 58 0 44 0 177 0 94 159 0 143 0 84 0 |Drone Time: 26002.490777|26002.490777,0.000000,0.000000,0.000000
Drone 2: 0 171 0 192 154 57 113 5 0 156 53 150 0 43 37 0 74 151 135 193 0 196 136 0 14 165 0 162 0 45 0 12 2 0 49 157 0 153 21 0 115 0 160 0 98 200 0 |Drone Time: 26117.088832|26117.088832,0.000000,0.000000,0.000000
Drone 3: 0 19 107 55 147 0 195 168 99 0 87 0 4 127 0 34 18 140 23 0 10 48 0 27 85 0 109 31 0 13 141 0 71 50 0 185 131 0 61 0 89 0 97 0 65 1 0 |Drone Time: 26120.513189|26120.513189,0.000000,0.000000,0.000000
Drone 4: 0 70 0 106 0 47 0 8 102 0 189 105 0 56 0 103 184 0 75 0 166 100 0 175 0 132 120 63 0 108 91 0 179 0 73 0 76 0 182 0 |Drone Time: 26174.502502|26174.502502,0.000000,0.000000,0.000000
Drone 5: 0 176 0 80 54 0 110 0 129 0 183 26 51 190 0 124 139 0 77 0 29 0 25 0 178 62 0 16 15 0 138 167 46 0 122 0 146 0 22 67 0 128 0 |Drone Time: 26157.043418|26157.043418,0.000000,0.000000,0.000000
Total validation: Makespan=26178.575188, Deadline violation=0.000000, Energy violation=0.000000, Capacity violation=0.000000"
200.30.3,200,4,adaptive,g2,0.5,0.3,0.1,0.3,45,0,30346.175888,26178.575188,26178.575188,26178.575188,1175.310828,FEASIBLE,"Truck 1: 0 164 0 148 0 9 161 96 0 36 39 0 197 0 |Truck Time: 24561.902289|24561.902289,0.000000,0.000000,0.000000
Truck 2: 0 90 0 11 144 0 17 0 30 119 111 64 116 0 123 7 0 125 88 172 0 |Truck Time: 26178.575188|26178.575188,0.000000,0.000000,0.000000
Truck 3: 0 173 0 104 68 0 112 117 35 198 0 81 86 158 0 149 24 0 28 0 |Truck Time: 26152.524209|26152.524209,0.000000,0.000000,0.000000
Truck 4: 0 72 194 0 181 0 3 41 0 187 0 69 92 0 169 126 38 0 |Truck Time: 26162.124244|26162.124244,0.000000,0.000000,0.000000
Truck 5: 0 60 83 130 170 0 6 191 133 0 186 145 152 0 101 121 0 59 163 78 174 0 20 0 |Truck Time: 25678.191042|25678.191042,0.000000,0.000000,0.000000","Drone 1: 0 42 0 137 0 118 32 0 33 142 0 95 0 52 40 79 66 199 0 114 188 0 93 180 0 134 0 82 155 0 58 0 44 0 177 0 94 159 0 143 0 84 0 |Drone Time: 26002.490777|26002.490777,0.000000,0.000000,0.000000
Drone 2: 0 171 0 192 154 57 113 5 0 156 53 150 0 43 37 0 74 151 135 193 0 196 136 0 14 165 0 162 0 45 0 12 2 0 49 157 0 153 21 0 115 0 160 0 98 200 0 |Drone Time: 26117.088832|26117.088832,0.000000,0.000000,0.000000
Drone 3: 0 19 107 55 147 0 195 168 99 0 87 0 4 127 0 34 18 140 23 0 10 48 0 27 85 0 109 31 0 13 141 0 71 50 0 185 131 0 61 0 89 0 97 0 65 1 0 |Drone Time: 26120.513189|26120.513189,0.000000,0.000000,0.000000
Drone 4: 0 70 0 106 0 47 0 8 102 0 189 105 0 56 0 103 184 0 75 0 166 100 0 175 0 132 120 63 0 108 91 0 179 0 73 0 76 0 182 0 |Drone Time: 26174.502502|26174.502502,0.000000,0.000000,0.000000
Drone 5: 0 176 0 80 54 0 110 0 129 0 183 26 51 190 0 124 139 0 77 0 29 0 25 0 178 62 0 16 15 0 138 167 46 0 122 0 146 0 22 67 0 128 0 |Drone Time: 26157.043418|26157.043418,0.000000,0.000000,0.000000",26178.575188,0.0,0.0,0.0,"Truck Routes:
Truck 1: 0 164 0 148 0 9 161 96 0 36 39 0 197 0 |Truck Time: 24561.902289|24561.902289,0.000000,0.000000,0.000000
Truck 2: 0 90 0 11 144 0 17 0 30 119 111 64 116 0 123 7 0 125 88 172 0 |Truck Time: 26178.575188|26178.575188,0.000000,0.000000,0.000000
Truck 3: 0 173 0 104 68 0 112 117 35 198 0 81 86 158 0 149 24 0 28 0 |Truck Time: 26152.524209|26152.524209,0.000000,0.000000,0.000000
Truck 4: 0 72 194 0 181 0 3 41 0 187 0 69 92 0 169 126 38 0 |Truck Time: 26162.124244|26162.124244,0.000000,0.000000,0.000000
Truck 5: 0 60 83 130 170 0 6 191 133 0 186 145 152 0 101 121 0 59 163 78 174 0 20 0 |Truck Time: 25678.191042|25678.191042,0.000000,0.000000,0.000000
Drone Routes:
Drone 1: 0 42 0 137 0 118 32 0 33 142 0 95 0 52 40 79 66 199 0 114 188 0 93 180 0 134 0 82 155 0 58 0 44 0 177 0 94 159 0 143 0 84 0 |Drone Time: 26002.490777|26002.490777,0.000000,0.000000,0.000000
Drone 2: 0 171 0 192 154 57 113 5 0 156 53 150 0 43 37 0 74 151 135 193 0 196 136 0 14 165 0 162 0 45 0 12 2 0 49 157 0 153 21 0 115 0 160 0 98 200 0 |Drone Time: 26117.088832|26117.088832,0.000000,0.000000,0.000000
Drone 3: 0 19 107 55 147 0 195 168 99 0 87 0 4 127 0 34 18 140 23 0 10 48 0 27 85 0 109 31 0 13 141 0 71 50 0 185 131 0 61 0 89 0 97 0 65 1 0 |Drone Time: 26120.513189|26120.513189,0.000000,0.000000,0.000000
Drone 4: 0 70 0 106 0 47 0 8 102 0 189 105 0 56 0 103 184 0 75 0 166 100 0 175 0 132 120 63 0 108 91 0 179 0 73 0 76 0 182 0 |Drone Time: 26174.502502|26174.502502,0.000000,0.000000,0.000000
Drone 5: 0 176 0 80 54 0 110 0 129 0 183 26 51 190 0 124 139 0 77 0 29 0 25 0 178 62 0 16 15 0 138 167 46 0 122 0 146 0 22 67 0 128 0 |Drone Time: 26157.043418|26157.043418,0.000000,0.000000,0.000000
Total validation: Makespan=26178.575188, Deadline violation=0.000000, Energy violation=0.000000, Capacity violation=0.000000"
200.30.3,200,4,adaptive,g3,0.3,0.2,0.1,0.6,45,0,30346.175888,26178.575188,26178.575188,26178.575188,1173.049369,FEASIBLE,"Truck 1: 0 164 0 148 0 9 161 96 0 36 39 0 197 0 |Truck Time: 24561.902289|24561.902289,0.000000,0.000000,0.000000
Truck 2: 0 90 0 11 144 0 17 0 30 119 111 64 116 0 123 7 0 125 88 172 0 |Truck Time: 26178.575188|26178.575188,0.000000,0.000000,0.000000
Truck 3: 0 173 0 104 68 0 112 117 35 198 0 81 86 158 0 149 24 0 28 0 |Truck Time: 26152.524209|26152.524209,0.000000,0.000000,0.000000
Truck 4: 0 72 194 0 181 0 3 41 0 187 0 69 92 0 169 126 38 0 |Truck Time: 26162.124244|26162.124244,0.000000,0.000000,0.000000
Truck 5: 0 60 83 130 170 0 6 191 133 0 186 145 152 0 101 121 0 59 163 78 174 0 20 0 |Truck Time: 25678.191042|25678.191042,0.000000,0.000000,0.000000","Drone 1: 0 42 0 137 0 118 32 0 33 142 0 95 0 52 40 79 66 199 0 114 188 0 93 180 0 134 0 82 155 0 58 0 44 0 177 0 94 159 0 143 0 84 0 |Drone Time: 26002.490777|26002.490777,0.000000,0.000000,0.000000
Drone 2: 0 171 0 192 154 57 113 5 0 156 53 150 0 43 37 0 74 151 135 193 0 196 136 0 14 165 0 162 0 45 0 12 2 0 49 157 0 153 21 0 115 0 160 0 98 200 0 |Drone Time: 26117.088832|26117.088832,0.000000,0.000000,0.000000
Drone 3: 0 19 107 55 147 0 195 168 99 0 87 0 4 127 0 34 18 140 23 0 10 48 0 27 85 0 109 31 0 13 141 0 71 50 0 185 131 0 61 0 89 0 97 0 65 1 0 |Drone Time: 26120.513189|26120.513189,0.000000,0.000000,0.000000
Drone 4: 0 70 0 106 0 47 0 8 102 0 189 105 0 56 0 103 184 0 75 0 166 100 0 175 0 132 120 63 0 108 91 0 179 0 73 0 76 0 182 0 |Drone Time: 26174.502502|26174.502502,0.000000,0.000000,0.000000
Drone 5: 0 176 0 80 54 0 110 0 129 0 183 26 51 190 0 124 139 0 77 0 29 0 25 0 178 62 0 16 15 0 138 167 46 0 122 0 146 0 22 67 0 128 0 |Drone Time: 26157.043418|26157.043418,0.000000,0.000000,0.000000",26178.575188,0.0,0.0,0.0,"Truck Routes:
Truck 1: 0 164 0 148 0 9 161 96 0 36 39 0 197 0 |Truck Time: 24561.902289|24561.902289,0.000000,0.000000,0.000000
Truck 2: 0 90 0 11 144 0 17 0 30 119 111 64 116 0 123 7 0 125 88 172 0 |Truck Time: 26178.575188|26178.575188,0.000000,0.000000,0.000000
Truck 3: 0 173 0 104 68 0 112 117 35 198 0 81 86 158 0 149 24 0 28 0 |Truck Time: 26152.524209|26152.524209,0.000000,0.000000,0.000000
Truck 4: 0 72 194 0 181 0 3 41 0 187 0 69 92 0 169 126 38 0 |Truck Time: 26162.124244|26162.124244,0.000000,0.000000,0.000000
Truck 5: 0 60 83 130 170 0 6 191 133 0 186 145 152 0 101 121 0 59 163 78 174 0 20 0 |Truck Time: 25678.191042|25678.191042,0.000000,0.000000,0.000000
Drone Routes:
Drone 1: 0 42 0 137 0 118 32 0 33 142 0 95 0 52 40 79 66 199 0 114 188 0 93 180 0 134 0 82 155 0 58 0 44 0 177 0 94 159 0 143 0 84 0 |Drone Time: 26002.490777|26002.490777,0.000000,0.000000,0.000000
Drone 2: 0 171 0 192 154 57 113 5 0 156 53 150 0 43 37 0 74 151 135 193 0 196 136 0 14 165 0 162 0 45 0 12 2 0 49 157 0 153 21 0 115 0 160 0 98 200 0 |Drone Time: 26117.088832|26117.088832,0.000000,0.000000,0.000000
Drone 3: 0 19 107 55 147 0 195 168 99 0 87 0 4 127 0 34 18 140 23 0 10 48 0 27 85 0 109 31 0 13 141 0 71 50 0 185 131 0 61 0 89 0 97 0 65 1 0 |Drone Time: 26120.513189|26120.513189,0.000000,0.000000,0.000000
Drone 4: 0 70 0 106 0 47 0 8 102 0 189 105 0 56 0 103 184 0 75 0 166 100 0 175 0 132 120 63 0 108 91 0 179 0 73 0 76 0 182 0 |Drone Time: 26174.502502|26174.502502,0.000000,0.000000,0.000000
Drone 5: 0 176 0 80 54 0 110 0 129 0 183 26 51 190 0 124 139 0 77 0 29 0 25 0 178 62 0 16 15 0 138 167 46 0 122 0 146 0 22 67 0 128 0 |Drone Time: 26157.043418|26157.043418,0.000000,0.000000,0.000000
Total validation: Makespan=26178.575188, Deadline violation=0.000000, Energy violation=0.000000, Capacity violation=0.000000"
200.30.3,200,4,adaptive,g4,0.5,0.3,0.1,0.6,45,0,30346.175888,26178.575188,26178.575188,26178.575188,1168.902125,FEASIBLE,"Truck 1: 0 164 0 148 0 9 161 96 0 36 39 0 197 0 |Truck Time: 24561.902289|24561.902289,0.000000,0.000000,0.000000
Truck 2: 0 90 0 11 144 0 17 0 30 119 111 64 116 0 123 7 0 125 88 172 0 |Truck Time: 26178.575188|26178.575188,0.000000,0.000000,0.000000
Truck 3: 0 173 0 104 68 0 112 117 35 198 0 81 86 158 0 149 24 0 28 0 |Truck Time: 26152.524209|26152.524209,0.000000,0.000000,0.000000
Truck 4: 0 72 194 0 181 0 3 41 0 187 0 69 92 0 169 126 38 0 |Truck Time: 26162.124244|26162.124244,0.000000,0.000000,0.000000
Truck 5: 0 60 83 130 170 0 6 191 133 0 186 145 152 0 101 121 0 59 163 78 174 0 20 0 |Truck Time: 25678.191042|25678.191042,0.000000,0.000000,0.000000","Drone 1: 0 42 0 137 0 118 32 0 33 142 0 95 0 52 40 79 66 199 0 114 188 0 93 180 0 134 0 82 155 0 58 0 44 0 177 0 94 159 0 143 0 84 0 |Drone Time: 26002.490777|26002.490777,0.000000,0.000000,0.000000
Drone 2: 0 171 0 192 154 57 113 5 0 156 53 150 0 43 37 0 74 151 135 193 0 196 136 0 14 165 0 162 0 45 0 12 2 0 49 157 0 153 21 0 115 0 160 0 98 200 0 |Drone Time: 26117.088832|26117.088832,0.000000,0.000000,0.000000
Drone 3: 0 19 107 55 147 0 195 168 99 0 87 0 4 127 0 34 18 140 23 0 10 48 0 27 85 0 109 31 0 13 141 0 71 50 0 185 131 0 61 0 89 0 97 0 65 1 0 |Drone Time: 26120.513189|26120.513189,0.000000,0.000000,0.000000
Drone 4: 0 70 0 106 0 47 0 8 102 0 189 105 0 56 0 103 184 0 75 0 166 100 0 175 0 132 120 63 0 108 91 0 179 0 73 0 76 0 182 0 |Drone Time: 26174.502502|26174.502502,0.000000,0.000000,0.000000
Drone 5: 0 176 0 80 54 0 110 0 129 0 183 26 51 190 0 124 139 0 77 0 29 0 25 0 178 62 0 16 15 0 138 167 46 0 122 0 146 0 22 67 0 128 0 |Drone Time: 26157.043418|26157.043418,0.000000,0.000000,0.000000",26178.575188,0.0,0.0,0.0,"Truck Routes:
Truck 1: 0 164 0 148 0 9 161 96 0 36 39 0 197 0 |Truck Time: 24561.902289|24561.902289,0.000000,0.000000,0.000000
Truck 2: 0 90 0 11 144 0 17 0 30 119 111 64 116 0 123 7 0 125 88 172 0 |Truck Time: 26178.575188|26178.575188,0.000000,0.000000,0.000000
Truck 3: 0 173 0 104 68 0 112 117 35 198 0 81 86 158 0 149 24 0 28 0 |Truck Time: 26152.524209|26152.524209,0.000000,0.000000,0.000000
Truck 4: 0 72 194 0 181 0 3 41 0 187 0 69 92 0 169 126 38 0 |Truck Time: 26162.124244|26162.124244,0.000000,0.000000,0.000000
Truck 5: 0 60 83 130 170 0 6 191 133 0 186 145 152 0 101 121 0 59 163 78 174 0 20 0 |Truck Time: 25678.191042|25678.191042,0.000000,0.000000,0.000000
Drone Routes:
Drone 1: 0 42 0 137 0 118 32 0 33 142 0 95 0 52 40 79 66 199 0 114 188 0 93 180 0 134 0 82 155 0 58 0 44 0 177 0 94 159 0 143 0 84 0 |Drone Time: 26002.490777|26002.490777,0.000000,0.000000,0.000000
Drone 2: 0 171 0 192 154 57 113 5 0 156 53 150 0 43 37 0 74 151 135 193 0 196 136 0 14 165 0 162 0 45 0 12 2 0 49 157 0 153 21 0 115 0 160 0 98 200 0 |Drone Time: 26117.088832|26117.088832,0.000000,0.000000,0.000000
Drone 3: 0 19 107 55 147 0 195 168 99 0 87 0 4 127 0 34 18 140 23 0 10 48 0 27 85 0 109 31 0 13 141 0 71 50 0 185 131 0 61 0 89 0 97 0 65 1 0 |Drone Time: 26120.513189|26120.513189,0.000000,0.000000,0.000000
Drone 4: 0 70 0 106 0 47 0 8 102 0 189 105 0 56 0 103 184 0 75 0 166 100 0 175 0 132 120 63 0 108 91 0 179 0 73 0 76 0 182 0 |Drone Time: 26174.502502|26174.502502,0.000000,0.000000,0.000000
Drone 5: 0 176 0 80 54 0 110 0 129 0 183 26 51 190 0 124 139 0 77 0 29 0 25 0 178 62 0 16 15 0 138 167 46 0 122 0 146 0 22 67 0 128 0 |Drone Time: 26157.043418|26157.043418,0.000000,0.000000,0.000000
Total validation: Makespan=26178.575188, Deadline violation=0.000000, Energy violation=0.000000, Capacity violation=0.000000"
200.30.3,200,4,cyclic,,,,,,45,0,30346.175888,26957.187392,26957.187392,26957.187392,990.708724,FEASIBLE,"Truck 1: 0 171 0 191 0 164 0 148 0 86 110 0 20 195 0 |Truck Time: 26892.012077|26892.012077,0.000000,0.000000,0.000000
Truck 2: 0 123 116 0 28 124 0 175 149 0 64 30 119 111 96 0 24 187 0 114 161 184 0 |Truck Time: 26583.094806|26583.094806,0.000000,0.000000,0.000000
Truck 3: 0 194 0 69 41 0 163 0 78 0 47 0 142 137 23 0 |Truck Time: 26957.187392|26957.187392,0.000000,0.000000,0.000000
Truck 4: 0 104 117 55 83 0 181 0 172 89 39 87 0 35 165 14 0 133 186 145 0 92 3 0 |Truck Time: 26872.616176|26872.616176,0.000000,0.000000,0.000000
Truck 5: 0 52 0 60 130 198 0 90 154 108 0 143 46 0 101 9 0 59 0 112 36 0 |Truck Time: 26602.910743|26602.910743,0.000000,0.000000,0.000000","Drone 1: 0 125 15 0 34 200 85 0 81 31 0 106 0 95 32 0 176 0 138 174 188 0 70 0 134 0 178 66 199 0 72 0 44 0 177 0 68 51 0 6 0 84 0 |Drone Time: 26764.765516|26764.765516,0.000000,0.000000,0.000000
Drone 2: 0 18 62 0 93 180 189 0 166 100 19 0 11 159 0 162 168 0 58 0 182 147 0 57 192 88 0 45 0 12 2 0 71 50 0 140 42 0 115 0 160 0 152 0 |Drone Time: 26941.988476|26941.988476,0.000000,0.000000,0.000000
Drone 3: 0 99 169 107 0 118 5 0 80 54 26 0 8 40 79 0 43 37 0 94 38 0 173 109 0 13 141 0 49 157 0 196 136 0 61 0 126 0 97 0 65 1 0 |Drone Time: 26672.607610|26672.607610,0.000000,0.000000,0.000000
Drone 4: 0 151 135 33 0 121 0 185 131 156 0 105 0 56 0 10 48 0 75 0 4 127 0 158 0 132 120 63 0 7 91 0 179 0 73 0 98 167 0 170 17 0 102 153 0 |Drone Time: 26813.097325|26813.097325,0.000000,0.000000,0.000000
Drone 5: 0 150 53 0 74 129 0 183 190 0 103 139 0 77 0 29 0 25 0 82 155 0 16 21 0 76 113 0 122 0 146 0 22 67 0 128 0 144 27 0 197 193 0 |Drone Time: 26571.812136|26571.812136,0.000000,0.000000,0.000000",26957.187392,0.0,0.0,0.0,"Truck Routes:
Truck 1: 0 171 0 191 0 164 0 148 0 86 110 0 20 195 0 |Truck Time: 26892.012077|26892.012077,0.000000,0.000000,0.000000
Truck 2: 0 123 116 0 28 124 0 175 149 0 64 30 119 111 96 0 24 187 0 114 161 184 0 |Truck Time: 26583.094806|26583.094806,0.000000,0.000000,0.000000
Truck 3: 0 194 0 69 41 0 163 0 78 0 47 0 142 137 23 0 |Truck Time: 26957.187392|26957.187392,0.000000,0.000000,0.000000
Truck 4: 0 104 117 55 83 0 181 0 172 89 39 87 0 35 165 14 0 133 186 145 0 92 3 0 |Truck Time: 26872.616176|26872.616176,0.000000,0.000000,0.000000
Truck 5: 0 52 0 60 130 198 0 90 154 108 0 143 46 0 101 9 0 59 0 112 36 0 |Truck Time: 26602.910743|26602.910743,0.000000,0.000000,0.000000
Drone Routes:
Drone 1: 0 125 15 0 34 200 85 0 81 31 0 106 0 95 32 0 176 0 138 174 188 0 70 0 134 0 178 66 199 0 72 0 44 0 177 0 68 51 0 6 0 84 0 |Drone Time: 26764.765516|26764.765516,0.000000,0.000000,0.000000
Drone 2: 0 18 62 0 93 180 189 0 166 100 19 0 11 159 0 162 168 0 58 0 182 147 0 57 192 88 0 45 0 12 2 0 71 50 0 140 42 0 115 0 160 0 152 0 |Drone Time: 26941.988476|26941.988476,0.000000,0.000000,0.000000
Drone 3: 0 99 169 107 0 118 5 0 80 54 26 0 8 40 79 0 43 37 0 94 38 0 173 109 0 13 141 0 49 157 0 196 136 0 61 0 126 0 97 0 65 1 0 |Drone Time: 26672.607610|26672.607610,0.000000,0.000000,0.000000
Drone 4: 0 151 135 33 0 121 0 185 131 156 0 105 0 56 0 10 48 0 75 0 4 127 0 158 0 132 120 63 0 7 91 0 179 0 73 0 98 167 0 170 17 0 102 153 0 |Drone Time: 26813.097325|26813.097325,0.000000,0.000000,0.000000
Drone 5: 0 150 53 0 74 129 0 183 190 0 103 139 0 77 0 29 0 25 0 82 155 0 16 21 0 76 113 0 122 0 146 0 22 67 0 128 0 144 27 0 197 193 0 |Drone Time: 26571.812136|26571.812136,0.000000,0.000000,0.000000
Total validation: Makespan=26957.187392, Deadline violation=0.000000, Energy violation=0.000000, Capacity violation=0.000000"
200.30.3,200,4,random,,,,,,45,0,30346.175888,26549.574508,26549.574508,26549.574508,998.710219,FEASIBLE,"Truck 1: 0 148 0 78 116 0 171 0 122 0 56 123 0 6 0 |Truck Time: 26235.520947|26235.520947,0.000000,0.000000,0.000000
Truck 2: 0 101 0 133 102 0 186 145 0 30 119 64 0 11 0 86 33 142 103 0 |Truck Time: 26549.574508|26549.574508,0.000000,0.000000,0.000000
Truck 3: 0 128 108 0 104 68 0 175 149 72 0 38 76 0 69 3 0 98 167 0 |Truck Time: 26450.172897|26450.172897,0.000000,0.000000,0.000000
Truck 4: 0 41 112 117 0 83 130 0 172 89 39 87 0 144 143 52 0 92 0 177 191 199 0 |Truck Time: 26346.393187|26346.393187,0.000000,0.000000,0.000000
Truck 5: 0 60 71 198 0 161 0 124 0 110 9 10 0 59 195 174 0 164 99 20 0 |Truck Time: 26234.509084|26234.509084,0.000000,0.000000,0.000000","Drone 1: 0 189 26 180 0 85 187 0 24 0 153 139 0 95 113 0 27 159 0 118 5 0 70 0 80 0 35 155 0 58 0 44 0 194 0 93 94 50 192 0 121 0 84 0 |Drone Time: 26549.280933|26549.280933,0.000000,0.000000,0.000000
Drone 2: 0 170 55 0 57 132 32 120 54 0 81 151 74 0 8 31 0 106 0 43 0 185 131 147 0 88 0 45 0 12 2 0 49 157 0 42 0 115 0 160 0 96 0 |Drone Time: 26389.310022|26389.310022,0.000000,0.000000,0.000000
Drone 3: 0 19 107 53 0 183 169 0 138 154 188 0 46 134 0 200 197 18 23 0 166 37 0 79 137 0 162 168 0 13 141 0 181 28 0 182 0 61 0 126 0 97 0 65 1 0 |Drone Time: 26179.316059|26179.316059,0.000000,0.000000,0.000000
Drone 4: 0 0 129 0 125 190 0 196 136 156 0 105 0 163 0 114 34 0 184 111 75 0 4 127 0 158 0 63 0 7 91 0 179 0 73 0 146 0 17 66 152 0 |Drone Time: 26518.908269|26518.908269,0.000000,0.000000,0.000000
Drone 5: 0 40 135 193 0 82 165 0 150 100 0 176 140 0 47 21 0 173 109 0 77 0 29 0 48 25 0 178 62 0 16 15 0 36 51 0 14 0 22 67 0 90 0 |Drone Time: 25742.330401|25742.330401,0.000000,0.000000,0.000000",26549.574508,0.0,0.0,0.0,"Truck Routes:
Truck 1: 0 148 0 78 116 0 171 0 122 0 56 123 0 6 0 |Truck Time: 26235.520947|26235.520947,0.000000,0.000000,0.000000
Truck 2: 0 101 0 133 102 0 186 145 0 30 119 64 0 11 0 86 33 142 103 0 |Truck Time: 26549.574508|26549.574508,0.000000,0.000000,0.000000
Truck 3: 0 128 108 0 104 68 0 175 149 72 0 38 76 0 69 3 0 98 167 0 |Truck Time: 26450.172897|26450.172897,0.000000,0.000000,0.000000
Truck 4: 0 41 112 117 0 83 130 0 172 89 39 87 0 144 143 52 0 92 0 177 191 199 0 |Truck Time: 26346.393187|26346.393187,0.000000,0.000000,0.000000
Truck 5: 0 60 71 198 0 161 0 124 0 110 9 10 0 59 195 174 0 164 99 20 0 |Truck Time: 26234.509084|26234.509084,0.000000,0.000000,0.000000
Drone Routes:
Drone 1: 0 189 26 180 0 85 187 0 24 0 153 139 0 95 113 0 27 159 0 118 5 0 70 0 80 0 35 155 0 58 0 44 0 194 0 93 94 50 192 0 121 0 84 0 |Drone Time: 26549.280933|26549.280933,0.000000,0.000000,0.000000
Drone 2: 0 170 55 0 57 132 32 120 54 0 81 151 74 0 8 31 0 106 0 43 0 185 131 147 0 88 0 45 0 12 2 0 49 157 0 42 0 115 0 160 0 96 0 |Drone Time: 26389.310022|26389.310022,0.000000,0.000000,0.000000
Drone 3: 0 19 107 53 0 183 169 0 138 154 188 0 46 134 0 200 197 18 23 0 166 37 0 79 137 0 162 168 0 13 141 0 181 28 0 182 0 61 0 126 0 97 0 65 1 0 |Drone Time: 26179.316059|26179.316059,0.000000,0.000000,0.000000
Drone 4: 0 0 129 0 125 190 0 196 136 156 0 105 0 163 0 114 34 0 184 111 75 0 4 127 0 158 0 63 0 7 91 0 179 0 73 0 146 0 17 66 152 0 |Drone Time: 26518.908269|26518.908269,0.000000,0.000000,0.000000
Drone 5: 0 40 135 193 0 82 165 0 150 100 0 176 140 0 47 21 0 173 109 0 77 0 29 0 48 25 0 178 62 0 16 15 0 36 51 0 14 0 22 67 0 90 0 |Drone Time: 25742.330401|25742.330401,0.000000,0.000000,0.000000
Total validation: Makespan=26549.574508, Deadline violation=0.000000, Energy violation=0.000000, Capacity violation=0.000000"
200.30.3,200,5,adaptive,g1,0.3,0.2,0.1,0.3,46,0,32741.789056,21618.97506,21618.97506,21618.97506,1273.801608,FEASIBLE,"Truck 1: 0 162 181 0 199 0 152 72 82 0 96 0 56 45 123 0 |Truck Time: 21136.863507|21136.863507,0.000000,0.000000,0.000000
Truck 2: 0 60 6 187 0 86 9 103 0 90 13 128 7 0 163 160 78 11 116 0 71 0 |Truck Time: 21543.349799|21543.349799,0.000000,0.000000,0.000000
Truck 3: 0 16 191 10 0 4 65 17 0 125 32 118 39 104 0 172 89 108 0 |Truck Time: 21412.575726|21412.575726,0.000000,0.000000,0.000000
Truck 4: 0 3 68 41 0 55 147 83 0 175 130 0 140 101 121 197 18 161 178 124 28 0 133 0 112 189 117 0 |Truck Time: 21504.829110|21504.829110,0.000000,0.000000,0.000000
Truck 5: 0 36 95 87 0 12 44 2 148 145 0 59 20 195 164 49 167 0 35 179 198 0 |Truck Time: 21618.975060|21618.975060,0.000000,0.000000,0.000000","Drone 1: 0 50 88 113 0 70 0 111 42 0 183 38 0 23 158 0 69 0 143 0 102 186 66 0 182 0 136 166 0 196 100 0 122 154 0 114 34 0 |Drone Time: 21536.784596|21536.784596,0.000000,0.000000,0.000000
Drone 2: 0 73 0 57 190 159 141 0 30 0 177 0 26 63 0 24 0 132 29 0 176 0 33 81 0 188 157 67 0 109 151 135 0 138 115 0 93 94 0 |Drone Time: 21476.873279|21476.873279,0.000000,0.000000,0.000000
Drone 3: 0 92 54 120 51 0 165 19 156 107 0 77 0 105 0 97 27 0 48 137 0 14 0 47 0 22 174 0 80 127 0 119 0 170 0 85 62 0 |Drone Time: 21616.913601|21616.913601,0.000000,0.000000,0.000000
Drone 4: 0 194 0 149 0 76 5 0 131 53 185 0 173 193 0 134 0 25 0 153 58 0 99 75 0 21 15 139 0 144 0 31 8 0 43 37 0 |Drone Time: 21587.014437|21587.014437,0.000000,0.000000,0.000000
Drone 5: 0 110 0 98 0 40 142 0 126 169 91 0 192 61 0 1 0 106 168 0 184 64 0 200 84 46 0 171 0 146 0 155 150 0 79 74 129 0 180 52 0 |Drone Time: 21617.702717|21617.702717,0.000000,0.000000,0.000000",21618.97506,0.0,0.0,0.0,"Truck Routes:
Truck 1: 0 162 181 0 199 0 152 72 82 0 96 0 56 45 123 0 |Truck Time: 21136.863507|21136.863507,0.000000,0.000000,0.000000
Truck 2: 0 60 6 187 0 86 9 103 0 90 13 128 7 0 163 160 78 11 116 0 71 0 |Truck Time: 21543.349799|21543.349799,0.000000,0.000000,0.000000
Truck 3: 0 16 191 10 0 4 65 17 0 125 32 118 39 104 0 172 89 108 0 |Truck Time: 21412.575726|21412.575726,0.000000,0.000000,0.000000
Truck 4: 0 3 68 41 0 55 147 83 0 175 130 0 140 101 121 197 18 161 178 124 28 0 133 0 112 189 117 0 |Truck Time: 21504.829110|21504.829110,0.000000,0.000000,0.000000
Truck 5: 0 36 95 87 0 12 44 2 148 145 0 59 20 195 164 49 167 0 35 179 198 0 |Truck Time: 21618.975060|21618.975060,0.000000,0.000000,0.000000
Drone Routes:
Drone 1: 0 50 88 113 0 70 0 111 42 0 183 38 0 23 158 0 69 0 143 0 102 186 66 0 182 0 136 166 0 196 100 0 122 154 0 114 34 0 |Drone Time: 21536.784596|21536.784596,0.000000,0.000000,0.000000
Drone 2: 0 73 0 57 190 159 141 0 30 0 177 0 26 63 0 24 0 132 29 0 176 0 33 81 0 188 157 67 0 109 151 135 0 138 115 0 93 94 0 |Drone Time: 21476.873279|21476.873279,0.000000,0.000000,0.000000
Drone 3: 0 92 54 120 51 0 165 19 156 107 0 77 0 105 0 97 27 0 48 137 0 14 0 47 0 22 174 0 80 127 0 119 0 170 0 85 62 0 |Drone Time: 21616.913601|21616.913601,0.000000,0.000000,0.000000
Drone 4: 0 194 0 149 0 76 5 0 131 53 185 0 173 193 0 134 0 25 0 153 58 0 99 75 0 21 15 139 0 144 0 31 8 0 43 37 0 |Drone Time: 21587.014437|21587.014437,0.000000,0.000000,0.000000
Drone 5: 0 110 0 98 0 40 142 0 126 169 91 0 192 61 0 1 0 106 168 0 184 64 0 200 84 46 0 171 0 146 0 155 150 0 79 74 129 0 180 52 0 |Drone Time: 21617.702717|21617.702717,0.000000,0.000000,0.000000
Total validation: Makespan=21618.975060, Deadline violation=0.000000, Energy violation=0.000000, Capacity violation=0.000000"
200.30.3,200,5,adaptive,g2,0.5,0.3,0.1,0.3,46,0,32741.789056,22179.091495,22179.091495,22179.091495,1125.033454,FEASIBLE,"Truck 1: 0 64 197 0 148 2 0 47 0 96 11 143 0 56 115 181 0 |Truck Time: 22179.091495|22179.091495,0.000000,0.000000,0.000000
Truck 2: 0 60 6 187 0 86 9 103 0 90 162 167 0 178 124 116 0 98 160 78 0 |Truck Time: 22149.246250|22149.246250,0.000000,0.000000,0.000000
Truck 3: 0 182 186 102 0 12 10 173 0 144 0 125 32 118 36 104 0 89 38 172 0 |Truck Time: 22170.365996|22170.365996,0.000000,0.000000,0.000000
Truck 4: 0 112 117 198 0 55 65 71 0 1 175 130 0 18 121 101 161 0 128 154 13 108 0 |Truck Time: 22088.661751|22088.661751,0.000000,0.000000,0.000000
Truck 5: 0 87 95 39 68 41 0 149 196 191 0 163 59 20 195 164 22 0 131 179 83 0 |Truck Time: 22173.224346|22173.224346,0.000000,0.000000,0.000000","Drone 1: 0 140 135 109 48 0 177 0 70 0 14 0 77 0 24 0 80 127 0 133 0 3 0 4 199 0 23 25 0 69 37 0 52 0 114 34 0 |Drone Time: 22145.398310|22145.398310,0.000000,0.000000,0.000000
Drone 2: 0 61 0 44 0 137 0 26 63 0 72 0 5 122 0 150 185 0 73 189 0 43 100 0 188 157 174 0 151 81 79 0 193 28 0 170 0 |Drone Time: 22178.651264|22178.651264,0.000000,0.000000,0.000000
Drone 3: 0 92 54 0 91 190 169 120 183 0 111 119 0 29 0 176 0 132 88 51 0 45 0 8 31 0 152 16 0 7 0 93 94 0 50 126 0 76 113 0 17 147 0 |Drone Time: 22084.645477|22084.645477,0.000000,0.000000,0.000000
Drone 4: 0 66 145 0 180 0 97 27 0 106 168 0 35 155 53 0 158 0 134 0 58 153 0 156 19 107 0 99 75 0 21 15 139 0 194 0 74 129 0 |Drone Time: 22137.555106|22137.555106,0.000000,0.000000,0.000000
Drone 5: 0 49 67 0 82 0 30 0 192 57 159 141 0 136 166 0 123 138 0 85 62 200 0 184 110 0 84 46 0 171 0 146 0 40 42 0 33 142 0 165 105 0 |Drone Time: 22122.760539|22122.760539,0.000000,0.000000,0.000000",22179.091495,0.0,0.0,0.0,"Truck Routes:
Truck 1: 0 64 197 0 148 2 0 47 0 96 11 143 0 56 115 181 0 |Truck Time: 22179.091495|22179.091495,0.000000,0.000000,0.000000
Truck 2: 0 60 6 187 0 86 9 103 0 90 162 167 0 178 124 116 0 98 160 78 0 |Truck Time: 22149.246250|22149.246250,0.000000,0.000000,0.000000
Truck 3: 0 182 186 102 0 12 10 173 0 144 0 125 32 118 36 104 0 89 38 172 0 |Truck Time: 22170.365996|22170.365996,0.000000,0.000000,0.000000
Truck 4: 0 112 117 198 0 55 65 71 0 1 175 130 0 18 121 101 161 0 128 154 13 108 0 |Truck Time: 22088.661751|22088.661751,0.000000,0.000000,0.000000
Truck 5: 0 87 95 39 68 41 0 149 196 191 0 163 59 20 195 164 22 0 131 179 83 0 |Truck Time: 22173.224346|22173.224346,0.000000,0.000000,0.000000
Drone Routes:
Drone 1: 0 140 135 109 48 0 177 0 70 0 14 0 77 0 24 0 80 127 0 133 0 3 0 4 199 0 23 25 0 69 37 0 52 0 114 34 0 |Drone Time: 22145.398310|22145.398310,0.000000,0.000000,0.000000
Drone 2: 0 61 0 44 0 137 0 26 63 0 72 0 5 122 0 150 185 0 73 189 0 43 100 0 188 157 174 0 151 81 79 0 193 28 0 170 0 |Drone Time: 22178.651264|22178.651264,0.000000,0.000000,0.000000
Drone 3: 0 92 54 0 91 190 169 120 183 0 111 119 0 29 0 176 0 132 88 51 0 45 0 8 31 0 152 16 0 7 0 93 94 0 50 126 0 76 113 0 17 147 0 |Drone Time: 22084.645477|22084.645477,0.000000,0.000000,0.000000
Drone 4: 0 66 145 0 180 0 97 27 0 106 168 0 35 155 53 0 158 0 134 0 58 153 0 156 19 107 0 99 75 0 21 15 139 0 194 0 74 129 0 |Drone Time: 22137.555106|22137.555106,0.000000,0.000000,0.000000
Drone 5: 0 49 67 0 82 0 30 0 192 57 159 141 0 136 166 0 123 138 0 85 62 200 0 184 110 0 84 46 0 171 0 146 0 40 42 0 33 142 0 165 105 0 |Drone Time: 22122.760539|22122.760539,0.000000,0.000000,0.000000
Total validation: Makespan=22179.091495, Deadline violation=0.000000, Energy violation=0.000000, Capacity violation=0.000000"
200.30.3,200,5,adaptive,g3,0.3,0.2,0.1,0.6,46,0,32741.789056,22029.143631,22029.143631,22029.143631,1310.886927,FEASIBLE,"Truck 1: 0 3 0 148 2 0 102 133 0 96 11 143 0 45 115 181 0 |Truck Time: 22027.432355|22027.432355,0.000000,0.000000,0.000000
Truck 2: 0 191 186 145 187 6 0 86 9 103 0 90 13 162 49 0 147 0 128 108 7 0 |Truck Time: 21827.435938|21827.435938,0.000000,0.000000,0.000000
Truck 3: 0 178 124 0 12 10 173 0 71 83 0 125 32 118 39 104 0 89 38 172 0 |Truck Time: 21911.389031|21911.389031,0.000000,0.000000,0.000000
Truck 4: 0 98 160 78 0 55 65 198 0 1 175 82 130 0 161 101 121 64 0 112 117 0 |Truck Time: 22018.470261|22018.470261,0.000000,0.000000,0.000000
Truck 5: 0 36 95 87 68 41 0 149 196 0 163 59 20 195 164 167 0 131 179 17 0 |Truck Time: 22029.143631|22029.143631,0.000000,0.000000,0.000000","Drone 1: 0 135 109 79 0 158 0 70 0 77 0 24 0 80 127 0 0 197 18 0 193 140 28 0 23 25 0 69 100 0 52 0 114 34 0 182 66 0 |Drone Time: 21952.942279|21952.942279,0.000000,0.000000,0.000000
Drone 2: 0 60 0 61 0 177 0 137 0 126 0 116 0 26 63 0 14 0 176 0 22 67 0 43 37 0 188 157 174 0 151 81 48 0 194 199 0 185 150 0 |Drone Time: 21978.659696|21978.659696,0.000000,0.000000,0.000000
Drone 3: 0 92 54 5 0 57 190 120 183 0 107 156 19 0 144 0 132 29 0 56 0 165 105 0 152 16 0 47 0 93 180 0 73 189 0 76 113 0 106 168 0 |Drone Time: 21997.335973|21997.335973,0.000000,0.000000,0.000000
Drone 4: 0 72 0 154 94 0 122 0 192 50 88 51 0 35 155 53 0 44 0 134 0 111 119 0 58 153 0 99 75 0 21 15 139 0 4 0 74 129 0 |Drone Time: 21968.501380|21968.501380,0.000000,0.000000,0.000000
Drone 5: 0 97 46 0 30 0 8 31 0 159 141 169 91 0 136 166 0 123 138 0 85 62 200 0 184 110 0 84 27 0 171 0 146 0 40 42 0 33 142 0 170 0 |Drone Time: 21970.365938|21970.365938,0.000000,0.000000,0.000000",22029.143631,0.0,0.0,0.0,"Truck Routes:
Truck 1: 0 3 0 148 2 0 102 133 0 96 11 143 0 45 115 181 0 |Truck Time: 22027.432355|22027.432355,0.000000,0.000000,0.000000
Truck 2: 0 191 186 145 187 6 0 86 9 103 0 90 13 162 49 0 147 0 128 108 7 0 |Truck Time: 21827.435938|21827.435938,0.000000,0.000000,0.000000
Truck 3: 0 178 124 0 12 10 173 0 71 83 0 125 32 118 39 104 0 89 38 172 0 |Truck Time: 21911.389031|21911.389031,0.000000,0.000000,0.000000
Truck 4: 0 98 160 78 0 55 65 198 0 1 175 82 130 0 161 101 121 64 0 112 117 0 |Truck Time: 22018.470261|22018.470261,0.000000,0.000000,0.000000
Truck 5: 0 36 95 87 68 41 0 149 196 0 163 59 20 195 164 167 0 131 179 17 0 |Truck Time: 22029.143631|22029.143631,0.000000,0.000000,0.000000
Drone Routes:
Drone 1: 0 135 109 79 0 158 0 70 0 77 0 24 0 80 127 0 0 197 18 0 193 140 28 0 23 25 0 69 100 0 52 0 114 34 0 182 66 0 |Drone Time: 21952.942279|21952.942279,0.000000,0.000000,0.000000
Drone 2: 0 60 0 61 0 177 0 137 0 126 0 116 0 26 63 0 14 0 176 0 22 67 0 43 37 0 188 157 174 0 151 81 48 0 194 199 0 185 150 0 |Drone Time: 21978.659696|21978.659696,0.000000,0.000000,0.000000
Drone 3: 0 92 54 5 0 57 190 120 183 0 107 156 19 0 144 0 132 29 0 56 0 165 105 0 152 16 0 47 0 93 180 0 73 189 0 76 113 0 106 168 0 |Drone Time: 21997.335973|21997.335973,0.000000,0.000000,0.000000
Drone 4: 0 72 0 154 94 0 122 0 192 50 88 51 0 35 155 53 0 44 0 134 0 111 119 0 58 153 0 99 75 0 21 15 139 0 4 0 74 129 0 |Drone Time: 21968.501380|21968.501380,0.000000,0.000000,0.000000
Drone 5: 0 97 46 0 30 0 8 31 0 159 141 169 91 0 136 166 0 123 138 0 85 62 200 0 184 110 0 84 27 0 171 0 146 0 40 42 0 33 142 0 170 0 |Drone Time: 21970.365938|21970.365938,0.000000,0.000000,0.000000
Total validation: Makespan=22029.143631, Deadline violation=0.000000, Energy violation=0.000000, Capacity violation=0.000000"
200.30.3,200,5,adaptive,g4,0.5,0.3,0.1,0.6,46,0,32741.789056,22125.892687,22125.892687,22125.892687,1520.335811,FEASIBLE,"Truck 1: 0 197 18 161 0 55 17 0 145 152 0 96 116 0 56 45 13 123 0 |Truck Time: 21933.497209|21933.497209,0.000000,0.000000,0.000000
Truck 2: 0 173 0 86 9 103 0 128 90 0 163 160 78 143 0 28 178 124 0 |Truck Time: 22119.696155|22119.696155,0.000000,0.000000,0.000000
Truck 3: 0 16 186 10 0 191 182 199 0 60 0 125 32 118 39 104 0 89 172 38 7 0 |Truck Time: 21881.015433|21881.015433,0.000000,0.000000,0.000000
Truck 4: 0 102 6 0 149 175 1 0 140 101 121 64 0 112 117 35 65 82 0 162 174 0 |Truck Time: 22051.186399|22051.186399,0.000000,0.000000,0.000000
Truck 5: 0 87 95 36 180 68 41 0 44 2 148 0 59 20 195 164 49 0 131 179 198 0 |Truck Time: 22125.892687|22125.892687,0.000000,0.000000,0.000000","Drone 1: 0 69 100 0 76 113 0 126 169 0 33 142 0 24 0 52 0 133 0 114 34 200 0 130 153 0 144 0 99 75 0 122 120 5 0 192 94 154 0 73 189 0 11 0 |Drone Time: 22125.468998|22125.468998,0.000000,0.000000,0.000000
Drone 2: 0 71 0 194 0 29 0 61 0 14 0 146 0 176 0 63 0 72 0 188 157 167 0 135 151 109 0 66 58 0 74 129 0 79 81 48 0 |Drone Time: 21785.882667|21785.882667,0.000000,0.000000,0.000000
Drone 3: 0 155 132 88 0 53 107 156 19 0 106 168 0 147 83 0 92 54 0 115 0 137 0 177 0 47 0 93 108 0 23 25 0 111 119 0 170 0 84 0 |Drone Time: 21962.802496|21962.802496,0.000000,0.000000,0.000000
Drone 4: 0 8 31 0 51 183 0 165 105 0 158 0 26 70 0 134 0 185 150 0 40 42 0 43 37 0 21 15 139 0 159 57 4 0 97 27 0 |Drone Time: 22096.772972|22096.772972,0.000000,0.000000,0.000000
Drone 5: 0 3 0 98 0 77 0 30 0 80 127 0 193 12 0 136 166 0 181 138 0 62 85 46 0 184 110 0 22 67 0 171 0 196 187 0 91 190 141 50 0 |Drone Time: 22091.026309|22091.026309,0.000000,0.000000,0.000000",22125.892687,0.0,0.0,0.0,"Truck Routes:
Truck 1: 0 197 18 161 0 55 17 0 145 152 0 96 116 0 56 45 13 123 0 |Truck Time: 21933.497209|21933.497209,0.000000,0.000000,0.000000
Truck 2: 0 173 0 86 9 103 0 128 90 0 163 160 78 143 0 28 178 124 0 |Truck Time: 22119.696155|22119.696155,0.000000,0.000000,0.000000
Truck 3: 0 16 186 10 0 191 182 199 0 60 0 125 32 118 39 104 0 89 172 38 7 0 |Truck Time: 21881.015433|21881.015433,0.000000,0.000000,0.000000
Truck 4: 0 102 6 0 149 175 1 0 140 101 121 64 0 112 117 35 65 82 0 162 174 0 |Truck Time: 22051.186399|22051.186399,0.000000,0.000000,0.000000
Truck 5: 0 87 95 36 180 68 41 0 44 2 148 0 59 20 195 164 49 0 131 179 198 0 |Truck Time: 22125.892687|22125.892687,0.000000,0.000000,0.000000
Drone Routes:
Drone 1: 0 69 100 0 76 113 0 126 169 0 33 142 0 24 0 52 0 133 0 114 34 200 0 130 153 0 144 0 99 75 0 122 120 5 0 192 94 154 0 73 189 0 11 0 |Drone Time: 22125.468998|22125.468998,0.000000,0.000000,0.000000
Drone 2: 0 71 0 194 0 29 0 61 0 14 0 146 0 176 0 63 0 72 0 188 157 167 0 135 151 109 0 66 58 0 74 129 0 79 81 48 0 |Drone Time: 21785.882667|21785.882667,0.000000,0.000000,0.000000
Drone 3: 0 155 132 88 0 53 107 156 19 0 106 168 0 147 83 0 92 54 0 115 0 137 0 177 0 47 0 93 108 0 23 25 0 111 119 0 170 0 84 0 |Drone Time: 21962.802496|21962.802496,0.000000,0.000000,0.000000
Drone 4: 0 8 31 0 51 183 0 165 105 0 158 0 26 70 0 134 0 185 150 0 40 42 0 43 37 0 21 15 139 0 159 57 4 0 97 27 0 |Drone Time: 22096.772972|22096.772972,0.000000,0.000000,0.000000
Drone 5: 0 3 0 98 0 77 0 30 0 80 127 0 193 12 0 136 166 0 181 138 0 62 85 46 0 184 110 0 22 67 0 171 0 196 187 0 91 190 141 50 0 |Drone Time: 22091.026309|22091.026309,0.000000,0.000000,0.000000
Total validation: Makespan=22125.892687, Deadline violation=0.000000, Energy violation=0.000000, Capacity violation=0.000000"
200.30.3,200,5,cyclic,,,,,,46,0,32741.789056,22216.669411,22216.669411,22216.669411,1233.203992,FEASIBLE,"Truck 1: 0 117 0 45 56 123 0 24 166 149 0 44 2 148 0 |Truck Time: 21934.163930|21934.163930,0.000000,0.000000,0.000000
Truck 2: 0 182 186 191 0 140 161 103 0 128 13 154 90 162 0 59 160 78 96 0 181 0 |Truck Time: 22206.070249|22206.070249,0.000000,0.000000,0.000000
Truck 3: 0 47 180 68 104 41 0 12 145 0 133 71 0 121 18 197 64 114 124 28 116 200 0 4 35 17 65 198 0 |Truck Time: 22200.357865|22200.357865,0.000000,0.000000,0.000000
Truck 4: 0 82 0 55 0 172 57 0 39 95 87 3 122 0 86 9 10 0 |Truck Time: 22216.669411|22216.669411,0.000000,0.000000,0.000000
Truck 5: 0 83 60 102 199 0 130 0 152 16 196 72 0 138 115 49 22 27 0 163 84 11 171 143 0 |Truck Time: 22002.061485|22002.061485,0.000000,0.000000,0.000000","Drone 1: 0 58 0 29 0 61 0 195 0 158 0 97 0 109 142 0 7 0 85 0 170 0 136 175 19 0 126 0 94 0 8 0 107 131 0 |Drone Time: 22167.577660|22167.577660,0.000000,0.000000,0.000000
Drone 2: 0 150 155 0 30 0 151 135 0 106 0 42 0 99 20 0 75 168 0 80 127 0 40 137 0 179 165 0 1 0 62 111 34 0 144 0 |Drone Time: 22181.261851|22181.261851,0.000000,0.000000,0.000000
Drone 3: 0 43 37 0 77 0 156 100 53 185 0 129 74 0 76 51 0 173 0 159 169 36 0 112 0 46 174 176 0 33 81 23 0 92 69 0 183 54 0 |Drone Time: 22153.031227|22153.031227,0.000000,0.000000,0.000000
Drone 4: 0 21 15 0 164 0 105 0 70 0 38 125 0 134 0 193 48 31 0 189 120 63 26 0 108 192 93 0 14 147 0 177 66 0 110 0 89 132 50 0 |Drone Time: 22213.600432|22213.600432,0.000000,0.000000,0.000000
Drone 5: 0 194 0 187 153 0 25 79 0 178 52 0 88 32 0 113 190 91 141 0 73 0 5 118 0 67 157 188 0 184 119 0 146 0 6 139 0 98 167 0 101 0 |Drone Time: 22037.011791|22037.011791,0.000000,0.000000,0.000000",22216.669411,0.0,0.0,0.0,"Truck Routes:
Truck 1: 0 117 0 45 56 123 0 24 166 149 0 44 2 148 0 |Truck Time: 21934.163930|21934.163930,0.000000,0.000000,0.000000
Truck 2: 0 182 186 191 0 140 161 103 0 128 13 154 90 162 0 59 160 78 96 0 181 0 |Truck Time: 22206.070249|22206.070249,0.000000,0.000000,0.000000
Truck 3: 0 47 180 68 104 41 0 12 145 0 133 71 0 121 18 197 64 114 124 28 116 200 0 4 35 17 65 198 0 |Truck Time: 22200.357865|22200.357865,0.000000,0.000000,0.000000
Truck 4: 0 82 0 55 0 172 57 0 39 95 87 3 122 0 86 9 10 0 |Truck Time: 22216.669411|22216.669411,0.000000,0.000000,0.000000
Truck 5: 0 83 60 102 199 0 130 0 152 16 196 72 0 138 115 49 22 27 0 163 84 11 171 143 0 |Truck Time: 22002.061485|22002.061485,0.000000,0.000000,0.000000
Drone Routes:
Drone 1: 0 58 0 29 0 61 0 195 0 158 0 97 0 109 142 0 7 0 85 0 170 0 136 175 19 0 126 0 94 0 8 0 107 131 0 |Drone Time: 22167.577660|22167.577660,0.000000,0.000000,0.000000
Drone 2: 0 150 155 0 30 0 151 135 0 106 0 42 0 99 20 0 75 168 0 80 127 0 40 137 0 179 165 0 1 0 62 111 34 0 144 0 |Drone Time: 22181.261851|22181.261851,0.000000,0.000000,0.000000
Drone 3: 0 43 37 0 77 0 156 100 53 185 0 129 74 0 76 51 0 173 0 159 169 36 0 112 0 46 174 176 0 33 81 23 0 92 69 0 183 54 0 |Drone Time: 22153.031227|22153.031227,0.000000,0.000000,0.000000
Drone 4: 0 21 15 0 164 0 105 0 70 0 38 125 0 134 0 193 48 31 0 189 120 63 26 0 108 192 93 0 14 147 0 177 66 0 110 0 89 132 50 0 |Drone Time: 22213.600432|22213.600432,0.000000,0.000000,0.000000
Drone 5: 0 194 0 187 153 0 25 79 0 178 52 0 88 32 0 113 190 91 141 0 73 0 5 118 0 67 157 188 0 184 119 0 146 0 6 139 0 98 167 0 101 0 |Drone Time: 22037.011791|22037.011791,0.000000,0.000000,0.000000
Total validation: Makespan=22216.669411, Deadline violation=0.000000, Energy violation=0.000000, Capacity violation=0.000000"
200.30.3,200,5,random,,,,,,46,0,32741.789056,26447.435147,26447.435147,26447.435147,1380.324179,FEASIBLE,"Truck 1: 0 39 0 136 149 0 123 154 0 178 0 103 60 0 56 195 164 0 |Truck Time: 26447.435147|26447.435147,0.000000,0.000000,0.000000
Truck 2: 0 82 0 55 198 0 41 68 104 0 172 128 13 0 163 59 160 78 0 133 191 186 66 199 0 7 0 |Truck Time: 26429.383625|26429.383625,0.000000,0.000000,0.000000
Truck 3: 0 101 161 0 36 0 171 0 64 84 184 0 143 0 2 0 144 176 0 |Truck Time: 26442.820598|26442.820598,0.000000,0.000000,0.000000
Truck 4: 0 57 169 38 0 116 124 0 16 194 0 87 95 3 122 0 89 91 50 0 6 0 |Truck Time: 26205.686902|26205.686902,0.000000,0.000000,0.000000
Truck 5: 0 71 83 0 170 0 108 0 117 4 35 0 90 188 115 181 0 86 10 0 130 165 0 |Truck Time: 26373.013665|26373.013665,0.000000,0.000000,0.000000","Drone 1: 0 58 79 0 134 0 106 99 0 25 151 0 183 26 32 0 77 0 131 53 0 193 142 111 0 88 132 0 196 15 0 126 0 49 0 14 0 182 0 107 0 |Drone Time: 26300.401298|26300.401298,0.000000,0.000000,0.000000
Drone 2: 0 85 62 0 19 43 100 0 61 0 113 93 180 0 158 0 28 12 0 138 75 0 29 0 52 152 139 0 185 150 0 173 21 0 42 0 20 0 145 0 96 0 |Drone Time: 26378.046167|26378.046167,0.000000,0.000000,0.000000
Drone 3: 0 166 135 0 24 0 1 0 190 54 0 94 141 192 0 33 109 0 47 189 155 0 80 127 0 46 162 0 76 51 0 44 0 9 0 112 0 45 159 0 148 0 |Drone Time: 26397.843972|26397.843972,0.000000,0.000000,0.000000
Drone 4: 0 5 120 118 0 69 92 0 174 67 27 140 0 18 197 40 23 0 81 74 0 105 0 137 0 70 0 114 34 0 30 0 63 0 177 0 147 179 0 72 0 110 0 |Drone Time: 26369.267792|26369.267792,0.000000,0.000000,0.000000
Drone 5: 0 125 37 0 102 153 187 200 0 175 168 0 48 129 0 73 156 0 8 31 0 65 17 0 11 0 22 157 0 119 0 146 0 97 0 98 167 0 121 0 |Drone Time: 26415.021984|26415.021984,0.000000,0.000000,0.000000",26447.435147,0.0,0.0,0.0,"Truck Routes:
Truck 1: 0 39 0 136 149 0 123 154 0 178 0 103 60 0 56 195 164 0 |Truck Time: 26447.435147|26447.435147,0.000000,0.000000,0.000000
Truck 2: 0 82 0 55 198 0 41 68 104 0 172 128 13 0 163 59 160 78 0 133 191 186 66 199 0 7 0 |Truck Time: 26429.383625|26429.383625,0.000000,0.000000,0.000000
Truck 3: 0 101 161 0 36 0 171 0 64 84 184 0 143 0 2 0 144 176 0 |Truck Time: 26442.820598|26442.820598,0.000000,0.000000,0.000000
Truck 4: 0 57 169 38 0 116 124 0 16 194 0 87 95 3 122 0 89 91 50 0 6 0 |Truck Time: 26205.686902|26205.686902,0.000000,0.000000,0.000000
Truck 5: 0 71 83 0 170 0 108 0 117 4 35 0 90 188 115 181 0 86 10 0 130 165 0 |Truck Time: 26373.013665|26373.013665,0.000000,0.000000,0.000000
Drone Routes:
Drone 1: 0 58 79 0 134 0 106 99 0 25 151 0 183 26 32 0 77 0 131 53 0 193 142 111 0 88 132 0 196 15 0 126 0 49 0 14 0 182 0 107 0 |Drone Time: 26300.401298|26300.401298,0.000000,0.000000,0.000000
Drone 2: 0 85 62 0 19 43 100 0 61 0 113 93 180 0 158 0 28 12 0 138 75 0 29 0 52 152 139 0 185 150 0 173 21 0 42 0 20 0 145 0 96 0 |Drone Time: 26378.046167|26378.046167,0.000000,0.000000,0.000000
Drone 3: 0 166 135 0 24 0 1 0 190 54 0 94 141 192 0 33 109 0 47 189 155 0 80 127 0 46 162 0 76 51 0 44 0 9 0 112 0 45 159 0 148 0 |Drone Time: 26397.843972|26397.843972,0.000000,0.000000,0.000000
Drone 4: 0 5 120 118 0 69 92 0 174 67 27 140 0 18 197 40 23 0 81 74 0 105 0 137 0 70 0 114 34 0 30 0 63 0 177 0 147 179 0 72 0 110 0 |Drone Time: 26369.267792|26369.267792,0.000000,0.000000,0.000000
Drone 5: 0 125 37 0 102 153 187 200 0 175 168 0 48 129 0 73 156 0 8 31 0 65 17 0 11 0 22 157 0 119 0 146 0 97 0 98 167 0 121 0 |Drone Time: 26415.021984|26415.021984,0.000000,0.000000,0.000000
Total validation: Makespan=26447.435147, Deadline violation=0.000000, Energy violation=0.000000, Capacity violation=0.000000"
200.30.4,200,1,adaptive,g1,0.3,0.2,0.1,0.3,42,0,31887.538974,25380.67829,25380.67829,25380.67829,1282.038837,FEASIBLE,"Truck 1: 0 49 113 0 198 0 53 0 74 73 0 104 151 0 165 171 0 |Truck Time: 24897.667260|24897.667260,0.000000,0.000000,0.000000
Truck 2: 0 194 137 0 57 122 0 96 16 0 9 59 0 152 2 82 0 |Truck Time: 25380.678290|25380.678290,0.000000,0.000000,0.000000
Truck 3: 0 84 71 170 119 0 190 0 39 14 196 67 175 0 43 145 62 102 0 66 5 61 0 |Truck Time: 25343.671898|25343.671898,0.000000,0.000000,0.000000
Truck 4: 0 80 131 0 83 0 163 117 60 0 19 29 191 107 0 23 0 142 54 114 0 |Truck Time: 25292.471596|25292.471596,0.000000,0.000000,0.000000
Truck 5: 0 26 3 0 25 0 143 157 0 72 139 173 195 50 0 51 176 85 0 48 98 177 0 |Truck Time: 25236.374561|25236.374561,0.000000,0.000000,0.000000","Drone 1: 0 110 178 108 0 6 64 0 197 10 0 132 123 0 140 111 0 185 158 129 182 0 118 58 0 94 0 179 0 47 112 0 135 0 153 0 121 149 0 156 8 0 168 0 134 0 |Drone Time: 25057.819888|25057.819888,0.000000,0.000000,0.000000
Drone 2: 0 36 44 125 0 138 130 0 160 27 0 103 97 172 0 40 42 0 189 133 0 109 33 0 92 32 0 13 183 0 79 0 106 0 136 0 4 186 0 68 0 |Drone Time: 25262.616111|25262.616111,0.000000,0.000000,0.000000
Drone 3: 0 93 90 38 0 78 115 0 141 181 75 0 101 46 0 116 52 0 166 1 70 0 15 0 180 0 76 188 0 21 0 87 146 0 88 31 0 17 86 0 126 18 0 155 0 77 0 |Drone Time: 25366.532495|25366.532495,0.000000,0.000000,0.000000
Drone 4: 0 162 81 0 95 34 0 144 0 154 30 0 147 0 127 0 167 0 169 128 0 35 0 69 0 41 200 0 63 0 56 0 22 0 12 0 |Drone Time: 25253.041908|25253.041908,0.000000,0.000000,0.000000
Drone 5: 0 193 0 161 0 105 0 37 187 0 99 0 120 28 148 0 124 55 91 100 0 7 0 174 0 11 0 159 164 0 65 0 45 0 20 24 0 89 192 199 0 184 150 0 |Drone Time: 25307.768771|25307.768771,0.000000,0.000000,0.000000",25380.67829,0.0,0.0,0.0,"Truck Routes:
Truck 1: 0 49 113 0 198 0 53 0 74 73 0 104 151 0 165 171 0 |Truck Time: 24897.667260|24897.667260,0.000000,0.000000,0.000000
Truck 2: 0 194 137 0 57 122 0 96 16 0 9 59 0 152 2 82 0 |Truck Time: 25380.678290|25380.678290,0.000000,0.000000,0.000000
Truck 3: 0 84 71 170 119 0 190 0 39 14 196 67 175 0 43 145 62 102 0 66 5 61 0 |Truck Time: 25343.671898|25343.671898,0.000000,0.000000,0.000000
Truck 4: 0 80 131 0 83 0 163 117 60 0 19 29 191 107 0 23 0 142 54 114 0 |Truck Time: 25292.471596|25292.471596,0.000000,0.000000,0.000000
Truck 5: 0 26 3 0 25 0 143 157 0 72 139 173 195 50 0 51 176 85 0 48 98 177 0 |Truck Time: 25236.374561|25236.374561,0.000000,0.000000,0.000000
Drone Routes:
Drone 1: 0 110 178 108 0 6 64 0 197 10 0 132 123 0 140 111 0 185 158 129 182 0 118 58 0 94 0 179 0 47 112 0 135 0 153 0 121 149 0 156 8 0 168 0 134 0 |Drone Time: 25057.819888|25057.819888,0.000000,0.000000,0.000000
Drone 2: 0 36 44 125 0 138 130 0 160 27 0 103 97 172 0 40 42 0 189 133 0 109 33 0 92 32 0 13 183 0 79 0 106 0 136 0 4 186 0 68 0 |Drone Time: 25262.616111|25262.616111,0.000000,0.000000,0.000000
Drone 3: 0 93 90 38 0 78 115 0 141 181 75 0 101 46 0 116 52 0 166 1 70 0 15 0 180 0 76 188 0 21 0 87 146 0 88 31 0 17 86 0 126 18 0 155 0 77 0 |Drone Time: 25366.532495|25366.532495,0.000000,0.000000,0.000000
Drone 4: 0 162 81 0 95 34 0 144 0 154 30 0 147 0 127 0 167 0 169 128 0 35 0 69 0 41 200 0 63 0 56 0 22 0 12 0 |Drone Time: 25253.041908|25253.041908,0.000000,0.000000,0.000000
Drone 5: 0 193 0 161 0 105 0 37 187 0 99 0 120 28 148 0 124 55 91 100 0 7 0 174 0 11 0 159 164 0 65 0 45 0 20 24 0 89 192 199 0 184 150 0 |Drone Time: 25307.768771|25307.768771,0.000000,0.000000,0.000000
Total validation: Makespan=25380.678290, Deadline violation=0.000000, Energy violation=0.000000, Capacity violation=0.000000"
200.30.4,200,1,adaptive,g2,0.5,0.3,0.1,0.3,42,0,31887.538974,25380.67829,25380.67829,25380.67829,1290.476728,FEASIBLE,"Truck 1: 0 49 113 0 198 0 53 0 74 73 0 104 151 0 165 171 0 |Truck Time: 24897.667260|24897.667260,0.000000,0.000000,0.000000
Truck 2: 0 194 137 0 57 122 0 96 16 0 9 59 0 152 2 82 0 |Truck Time: 25380.678290|25380.678290,0.000000,0.000000,0.000000
Truck 3: 0 84 71 170 119 0 190 0 39 14 196 67 175 0 43 145 62 102 0 66 5 61 0 |Truck Time: 25343.671898|25343.671898,0.000000,0.000000,0.000000
Truck 4: 0 80 131 0 83 0 163 117 60 0 19 29 191 107 0 23 0 142 54 114 0 |Truck Time: 25292.471596|25292.471596,0.000000,0.000000,0.000000
Truck 5: 0 26 3 0 25 0 143 157 0 72 139 173 195 50 0 51 176 85 0 48 98 177 0 |Truck Time: 25236.374561|25236.374561,0.000000,0.000000,0.000000","Drone 1: 0 110 178 108 0 6 64 0 197 10 0 132 123 0 140 111 0 185 158 129 182 0 118 58 0 94 0 179 0 47 112 0 135 0 153 0 121 149 0 156 8 0 168 0 134 0 |Drone Time: 25057.819888|25057.819888,0.000000,0.000000,0.000000
Drone 2: 0 36 44 125 0 138 130 0 160 27 0 103 97 172 0 40 42 0 189 133 0 109 33 0 92 32 0 13 183 0 79 0 106 0 136 0 4 186 0 68 0 |Drone Time: 25262.616111|25262.616111,0.000000,0.000000,0.000000
Drone 3: 0 93 90 38 0 78 115 0 141 181 75 0 101 46 0 116 52 0 166 1 70 0 15 0 180 0 76 188 0 21 0 87 146 0 88 31 0 17 86 0 126 18 0 155 0 77 0 |Drone Time: 25366.532495|25366.532495,0.000000,0.000000,0.000000
Drone 4: 0 162 81 0 95 34 0 144 0 154 30 0 147 0 127 0 167 0 169 128 0 35 0 69 0 41 200 0 63 0 56 0 22 0 12 0 |Drone Time: 25253.041908|25253.041908,0.000000,0.000000,0.000000
Drone 5: 0 193 0 161 0 105 0 37 187 0 99 0 120 28 148 0 124 55 91 100 0 7 0 174 0 11 0 159 164 0 65 0 45 0 20 24 0 89 192 199 0 184 150 0 |Drone Time: 25307.768771|25307.768771,0.000000,0.000000,0.000000",25380.67829,0.0,0.0,0.0,"Truck Routes:
Truck 1: 0 49 113 0 198 0 53 0 74 73 0 104 151 0 165 171 0 |Truck Time: 24897.667260|24897.667260,0.000000,0.000000,0.000000
Truck 2: 0 194 137 0 57 122 0 96 16 0 9 59 0 152 2 82 0 |Truck Time: 25380.678290|25380.678290,0.000000,0.000000,0.000000
Truck 3: 0 84 71 170 119 0 190 0 39 14 196 67 175 0 43 145 62 102 0 66 5 61 0 |Truck Time: 25343.671898|25343.671898,0.000000,0.000000,0.000000
Truck 4: 0 80 131 0 83 0 163 117 60 0 19 29 191 107 0 23 0 142 54 114 0 |Truck Time: 25292.471596|25292.471596,0.000000,0.000000,0.000000
Truck 5: 0 26 3 0 25 0 143 157 0 72 139 173 195 50 0 51 176 85 0 48 98 177 0 |Truck Time: 25236.374561|25236.374561,0.000000,0.000000,0.000000
Drone Routes:
Drone 1: 0 110 178 108 0 6 64 0 197 10 0 132 123 0 140 111 0 185 158 129 182 0 118 58 0 94 0 179 0 47 112 0 135 0 153 0 121 149 0 156 8 0 168 0 134 0 |Drone Time: 25057.819888|25057.819888,0.000000,0.000000,0.000000
Drone 2: 0 36 44 125 0 138 130 0 160 27 0 103 97 172 0 40 42 0 189 133 0 109 33 0 92 32 0 13 183 0 79 0 106 0 136 0 4 186 0 68 0 |Drone Time: 25262.616111|25262.616111,0.000000,0.000000,0.000000
Drone 3: 0 93 90 38 0 78 115 0 141 181 75 0 101 46 0 116 52 0 166 1 70 0 15 0 180 0 76 188 0 21 0 87 146 0 88 31 0 17 86 0 126 18 0 155 0 77 0 |Drone Time: 25366.532495|25366.532495,0.000000,0.000000,0.000000
Drone 4: 0 162 81 0 95 34 0 144 0 154 30 0 147 0 127 0 167 0 169 128 0 35 0 69 0 41 200 0 63 0 56 0 22 0 12 0 |Drone Time: 25253.041908|25253.041908,0.000000,0.000000,0.000000
Drone 5: 0 193 0 161 0 105 0 37 187 0 99 0 120 28 148 0 124 55 91 100 0 7 0 174 0 11 0 159 164 0 65 0 45 0 20 24 0 89 192 199 0 184 150 0 |Drone Time: 25307.768771|25307.768771,0.000000,0.000000,0.000000
Total validation: Makespan=25380.678290, Deadline violation=0.000000, Energy violation=0.000000, Capacity violation=0.000000"
200.30.4,200,1,adaptive,g3,0.3,0.2,0.1,0.6,42,0,31887.538974,25380.67829,25380.67829,25380.67829,1296.533291,FEASIBLE,"Truck 1: 0 49 113 0 198 0 53 0 74 73 0 104 151 0 165 171 0 |Truck Time: 24897.667260|24897.667260,0.000000,0.000000,0.000000
Truck 2: 0 194 137 0 57 122 0 96 16 0 9 59 0 152 2 82 0 |Truck Time: 25380.678290|25380.678290,0.000000,0.000000,0.000000
Truck 3: 0 84 71 170 119 0 190 0 39 14 196 67 175 0 43 145 62 102 0 66 5 61 0 |Truck Time: 25343.671898|25343.671898,0.000000,0.000000,0.000000
Truck 4: 0 80 131 0 83 0 163 117 60 0 19 29 191 107 0 23 0 142 54 114 0 |Truck Time: 25292.471596|25292.471596,0.000000,0.000000,0.000000
Truck 5: 0 26 3 0 25 0 143 157 0 72 139 173 195 50 0 51 176 85 0 48 98 177 0 |Truck Time: 25236.374561|25236.374561,0.000000,0.000000,0.000000","Drone 1: 0 110 178 108 0 6 64 0 197 10 0 132 123 0 140 111 0 185 158 129 182 0 118 58 0 94 0 179 0 47 112 0 135 0 153 0 121 149 0 156 8 0 168 0 134 0 |Drone Time: 25057.819888|25057.819888,0.000000,0.000000,0.000000
Drone 2: 0 36 44 125 0 138 130 0 160 27 0 103 97 172 0 40 42 0 189 133 0 109 33 0 92 32 0 13 183 0 79 0 106 0 136 0 4 186 0 68 0 |Drone Time: 25262.616111|25262.616111,0.000000,0.000000,0.000000
Drone 3: 0 93 90 38 0 78 115 0 141 181 75 0 101 46 0 116 52 0 166 1 70 0 15 0 180 0 76 188 0 21 0 87 146 0 88 31 0 17 86 0 126 18 0 155 0 77 0 |Drone Time: 25366.532495|25366.532495,0.000000,0.000000,0.000000
Drone 4: 0 162 81 0 95 34 0 144 0 154 30 0 147 0 127 0 167 0 169 128 0 35 0 69 0 41 200 0 63 0 56 0 22 0 12 0 |Drone Time: 25253.041908|25253.041908,0.000000,0.000000,0.000000
Drone 5: 0 193 0 161 0 105 0 37 187 0 99 0 120 28 148 0 124 55 91 100 0 7 0 174 0 11 0 159 164 0 65 0 45 0 20 24 0 89 192 199 0 184 150 0 |Drone Time: 25307.768771|25307.768771,0.000000,0.000000,0.000000",25380.67829,0.0,0.0,0.0,"Truck Routes:
Truck 1: 0 49 113 0 198 0 53 0 74 73 0 104 151 0 165 171 0 |Truck Time: 24897.667260|24897.667260,0.000000,0.000000,0.000000
Truck 2: 0 194 137 0 57 122 0 96 16 0 9 59 0 152 2 82 0 |Truck Time: 25380.678290|25380.678290,0.000000,0.000000,0.000000
Truck 3: 0 84 71 170 119 0 190 0 39 14 196 67 175 0 43 145 62 102 0 66 5 61 0 |Truck Time: 25343.671898|25343.671898,0.000000,0.000000,0.000000
Truck 4: 0 80 131 0 83 0 163 117 60 0 19 29 191 107 0 23 0 142 54 114 0 |Truck Time: 25292.471596|25292.471596,0.000000,0.000000,0.000000
Truck 5: 0 26 3 0 25 0 143 157 0 72 139 173 195 50 0 51 176 85 0 48 98 177 0 |Truck Time: 25236.374561|25236.374561,0.000000,0.000000,0.000000
Drone Routes:
Drone 1: 0 110 178 108 0 6 64 0 197 10 0 132 123 0 140 111 0 185 158 129 182 0 118 58 0 94 0 179 0 47 112 0 135 0 153 0 121 149 0 156 8 0 168 0 134 0 |Drone Time: 25057.819888|25057.819888,0.000000,0.000000,0.000000
Drone 2: 0 36 44 125 0 138 130 0 160 27 0 103 97 172 0 40 42 0 189 133 0 109 33 0 92 32 0 13 183 0 79 0 106 0 136 0 4 186 0 68 0 |Drone Time: 25262.616111|25262.616111,0.000000,0.000000,0.000000
Drone 3: 0 93 90 38 0 78 115 0 141 181 75 0 101 46 0 116 52 0 166 1 70 0 15 0 180 0 76 188 0 21 0 87 146 0 88 31 0 17 86 0 126 18 0 155 0 77 0 |Drone Time: 25366.532495|25366.532495,0.000000,0.000000,0.000000
Drone 4: 0 162 81 0 95 34 0 144 0 154 30 0 147 0 127 0 167 0 169 128 0 35 0 69 0 41 200 0 63 0 56 0 22 0 12 0 |Drone Time: 25253.041908|25253.041908,0.000000,0.000000,0.000000
Drone 5: 0 193 0 161 0 105 0 37 187 0 99 0 120 28 148 0 124 55 91 100 0 7 0 174 0 11 0 159 164 0 65 0 45 0 20 24 0 89 192 199 0 184 150 0 |Drone Time: 25307.768771|25307.768771,0.000000,0.000000,0.000000
Total validation: Makespan=25380.678290, Deadline violation=0.000000, Energy violation=0.000000, Capacity violation=0.000000"
200.30.4,200,1,adaptive,g4,0.5,0.3,0.1,0.6,42,0,31887.538974,25380.67829,25380.67829,25380.67829,1280.795446,FEASIBLE,"Truck 1: 0 49 113 0 198 0 53 0 74 73 0 104 151 0 165 171 0 |Truck Time: 24897.667260|24897.667260,0.000000,0.000000,0.000000
Truck 2: 0 194 137 0 57 122 0 96 16 0 9 59 0 152 2 82 0 |Truck Time: 25380.678290|25380.678290,0.000000,0.000000,0.000000
Truck 3: 0 84 71 170 119 0 190 0 39 14 196 67 175 0 43 145 62 102 0 66 5 61 0 |Truck Time: 25343.671898|25343.671898,0.000000,0.000000,0.000000
Truck 4: 0 80 131 0 83 0 163 117 60 0 19 29 191 107 0 23 0 142 54 114 0 |Truck Time: 25292.471596|25292.471596,0.000000,0.000000,0.000000
Truck 5: 0 26 3 0 25 0 143 157 0 72 139 173 195 50 0 51 176 85 0 48 98 177 0 |Truck Time: 25236.374561|25236.374561,0.000000,0.000000,0.000000","Drone 1: 0 110 178 108 0 6 64 0 197 10 0 132 123 0 140 111 0 185 158 129 182 0 118 58 0 94 0 179 0 47 112 0 135 0 153 0 121 149 0 156 8 0 168 0 134 0 |Drone Time: 25057.819888|25057.819888,0.000000,0.000000,0.000000
Drone 2: 0 36 44 125 0 138 130 0 160 27 0 103 97 172 0 40 42 0 189 133 0 109 33 0 92 32 0 13 183 0 79 0 106 0 136 0 4 186 0 68 0 |Drone Time: 25262.616111|25262.616111,0.000000,0.000000,0.000000
Drone 3: 0 93 90 38 0 78 115 0 141 181 75 0 101 46 0 116 52 0 166 1 70 0 15 0 180 0 76 188 0 21 0 87 146 0 88 31 0 17 86 0 126 18 0 155 0 77 0 |Drone Time: 25366.532495|25366.532495,0.000000,0.000000,0.000000
Drone 4: 0 162 81 0 95 34 0 144 0 154 30 0 147 0 127 0 167 0 169 128 0 35 0 69 0 41 200 0 63 0 56 0 22 0 12 0 |Drone Time: 25253.041908|25253.041908,0.000000,0.000000,0.000000
Drone 5: 0 193 0 161 0 105 0 37 187 0 99 0 120 28 148 0 124 55 91 100 0 7 0 174 0 11 0 159 164 0 65 0 45 0 20 24 0 89 192 199 0 184 150 0 |Drone Time: 25307.768771|25307.768771,0.000000,0.000000,0.000000",25380.67829,0.0,0.0,0.0,"Truck Routes:
Truck 1: 0 49 113 0 198 0 53 0 74 73 0 104 151 0 165 171 0 |Truck Time: 24897.667260|24897.667260,0.000000,0.000000,0.000000
Truck 2: 0 194 137 0 57 122 0 96 16 0 9 59 0 152 2 82 0 |Truck Time: 25380.678290|25380.678290,0.000000,0.000000,0.000000
Truck 3: 0 84 71 170 119 0 190 0 39 14 196 67 175 0 43 145 62 102 0 66 5 61 0 |Truck Time: 25343.671898|25343.671898,0.000000,0.000000,0.000000
Truck 4: 0 80 131 0 83 0 163 117 60 0 19 29 191 107 0 23 0 142 54 114 0 |Truck Time: 25292.471596|25292.471596,0.000000,0.000000,0.000000
Truck 5: 0 26 3 0 25 0 143 157 0 72 139 173 195 50 0 51 176 85 0 48 98 177 0 |Truck Time: 25236.374561|25236.374561,0.000000,0.000000,0.000000
Drone Routes:
Drone 1: 0 110 178 108 0 6 64 0 197 10 0 132 123 0 140 111 0 185 158 129 182 0 118 58 0 94 0 179 0 47 112 0 135 0 153 0 121 149 0 156 8 0 168 0 134 0 |Drone Time: 25057.819888|25057.819888,0.000000,0.000000,0.000000
Drone 2: 0 36 44 125 0 138 130 0 160 27 0 103 97 172 0 40 42 0 189 133 0 109 33 0 92 32 0 13 183 0 79 0 106 0 136 0 4 186 0 68 0 |Drone Time: 25262.616111|25262.616111,0.000000,0.000000,0.000000
Drone 3: 0 93 90 38 0 78 115 0 141 181 75 0 101 46 0 116 52 0 166 1 70 0 15 0 180 0 76 188 0 21 0 87 146 0 88 31 0 17 86 0 126 18 0 155 0 77 0 |Drone Time: 25366.532495|25366.532495,0.000000,0.000000,0.000000
Drone 4: 0 162 81 0 95 34 0 144 0 154 30 0 147 0 127 0 167 0 169 128 0 35 0 69 0 41 200 0 63 0 56 0 22 0 12 0 |Drone Time: 25253.041908|25253.041908,0.000000,0.000000,0.000000
Drone 5: 0 193 0 161 0 105 0 37 187 0 99 0 120 28 148 0 124 55 91 100 0 7 0 174 0 11 0 159 164 0 65 0 45 0 20 24 0 89 192 199 0 184 150 0 |Drone Time: 25307.768771|25307.768771,0.000000,0.000000,0.000000
Total validation: Makespan=25380.678290, Deadline violation=0.000000, Energy violation=0.000000, Capacity violation=0.000000"
200.30.4,200,1,cyclic,,,,,,42,0,31887.538974,25578.235165,25578.235165,25578.235165,1179.512387,FEASIBLE,"Truck 1: 0 173 0 64 0 184 0 135 123 159 73 0 141 0 171 0 |Truck Time: 25547.248699|25547.248699,0.000000,0.000000,0.000000
Truck 2: 0 4 125 0 48 145 62 109 0 19 29 0 110 0 140 167 196 161 190 0 |Truck Time: 25578.235165|25578.235165,0.000000,0.000000,0.000000
Truck 3: 0 198 0 107 0 104 39 137 0 163 119 170 84 60 0 57 43 122 0 54 13 14 194 0 |Truck Time: 25430.967874|25430.967874,0.000000,0.000000,0.000000
Truck 4: 0 168 67 124 0 50 40 195 0 114 0 16 96 191 0 9 2 0 175 0 26 89 3 0 |Truck Time: 25454.685959|25454.685959,0.000000,0.000000,0.000000
Truck 5: 0 155 0 31 143 157 0 72 102 131 177 80 0 160 47 132 0 152 0 |Truck Time: 25562.230596|25562.230596,0.000000,0.000000,0.000000","Drone 1: 0 91 93 0 51 27 0 197 10 44 165 0 59 75 0 142 183 0 185 120 148 129 158 0 118 58 0 78 115 0 179 0 134 34 0 98 0 153 0 116 0 36 8 0 61 5 0 |Drone Time: 25543.059502|25543.059502,0.000000,0.000000,0.000000
Drone 2: 0 49 0 100 74 42 130 0 94 0 88 71 90 0 33 101 172 0 37 187 0 169 103 0 147 0 66 0 6 0 79 0 106 0 136 0 83 186 0 68 0 |Drone Time: 25210.449022|25210.449022,0.000000,0.000000,0.000000
Drone 3: 0 17 181 0 117 182 0 108 178 139 150 0 121 149 52 0 166 70 199 192 0 15 0 180 0 156 164 0 21 0 76 0 193 38 0 25 86 0 126 18 0 23 0 77 0 |Drone Time: 24883.851032|24883.851032,0.000000,0.000000,0.000000
Drone 4: 0 113 81 133 146 0 87 0 144 0 154 30 0 176 0 97 127 188 0 28 0 128 0 35 0 69 0 11 0 63 0 56 0 22 0 12 0 |Drone Time: 25546.664843|25546.664843,0.000000,0.000000,0.000000
Drone 5: 0 105 82 0 92 32 0 162 0 99 0 138 0 200 151 55 0 7 0 174 0 41 111 0 95 112 0 65 0 45 0 20 24 0 46 189 85 1 0 53 0 |Drone Time: 25493.230958|25493.230958,0.000000,0.000000,0.000000",25578.235165,0.0,0.0,0.0,"Truck Routes:
Truck 1: 0 173 0 64 0 184 0 135 123 159 73 0 141 0 171 0 |Truck Time: 25547.248699|25547.248699,0.000000,0.000000,0.000000
Truck 2: 0 4 125 0 48 145 62 109 0 19 29 0 110 0 140 167 196 161 190 0 |Truck Time: 25578.235165|25578.235165,0.000000,0.000000,0.000000
Truck 3: 0 198 0 107 0 104 39 137 0 163 119 170 84 60 0 57 43 122 0 54 13 14 194 0 |Truck Time: 25430.967874|25430.967874,0.000000,0.000000,0.000000
Truck 4: 0 168 67 124 0 50 40 195 0 114 0 16 96 191 0 9 2 0 175 0 26 89 3 0 |Truck Time: 25454.685959|25454.685959,0.000000,0.000000,0.000000
Truck 5: 0 155 0 31 143 157 0 72 102 131 177 80 0 160 47 132 0 152 0 |Truck Time: 25562.230596|25562.230596,0.000000,0.000000,0.000000
Drone Routes:
Drone 1: 0 91 93 0 51 27 0 197 10 44 165 0 59 75 0 142 183 0 185 120 148 129 158 0 118 58 0 78 115 0 179 0 134 34 0 98 0 153 0 116 0 36 8 0 61 5 0 |Drone Time: 25543.059502|25543.059502,0.000000,0.000000,0.000000
Drone 2: 0 49 0 100 74 42 130 0 94 0 88 71 90 0 33 101 172 0 37 187 0 169 103 0 147 0 66 0 6 0 79 0 106 0 136 0 83 186 0 68 0 |Drone Time: 25210.449022|25210.449022,0.000000,0.000000,0.000000
Drone 3: 0 17 181 0 117 182 0 108 178 139 150 0 121 149 52 0 166 70 199 192 0 15 0 180 0 156 164 0 21 0 76 0 193 38 0 25 86 0 126 18 0 23 0 77 0 |Drone Time: 24883.851032|24883.851032,0.000000,0.000000,0.000000
Drone 4: 0 113 81 133 146 0 87 0 144 0 154 30 0 176 0 97 127 188 0 28 0 128 0 35 0 69 0 11 0 63 0 56 0 22 0 12 0 |Drone Time: 25546.664843|25546.664843,0.000000,0.000000,0.000000
Drone 5: 0 105 82 0 92 32 0 162 0 99 0 138 0 200 151 55 0 7 0 174 0 41 111 0 95 112 0 65 0 45 0 20 24 0 46 189 85 1 0 53 0 |Drone Time: 25493.230958|25493.230958,0.000000,0.000000,0.000000
Total validation: Makespan=25578.235165, Deadline violation=0.000000, Energy violation=0.000000, Capacity violation=0.000000"
200.30.4,200,1,random,,,,,,42,0,31887.538974,25761.636003,25761.636003,25761.636003,1069.016458,FEASIBLE,"Truck 1: 0 171 0 39 0 131 0 123 43 57 0 11 142 0 |Truck Time: 23649.472991|23649.472991,0.000000,0.000000,0.000000
Truck 2: 0 190 143 157 0 54 14 168 194 0 191 29 19 0 141 60 0 48 98 198 0 |Truck Time: 25718.795074|25718.795074,0.000000,0.000000,0.000000
Truck 3: 0 80 137 89 0 50 0 53 134 0 178 110 0 102 74 109 0 152 0 |Truck Time: 25747.411560|25747.411560,0.000000,0.000000,0.000000
Truck 4: 0 185 0 46 0 25 0 51 147 16 47 61 0 197 40 173 177 0 166 0 66 9 117 31 0 |Truck Time: 25429.462492|25429.462492,0.000000,0.000000,0.000000
Truck 5: 0 4 151 0 122 0 84 119 170 163 0 192 0 85 96 0 2 127 26 0 |Truck Time: 25761.636003|25761.636003,0.000000,0.000000,0.000000","Drone 1: 0 44 174 189 0 94 188 0 72 139 0 160 27 165 0 91 55 13 183 0 107 158 129 75 0 118 58 0 87 97 0 179 0 156 113 34 0 23 0 88 71 0 59 5 0 36 8 0 175 67 0 |Drone Time: 25701.088601|25701.088601,0.000000,0.000000,0.000000
Drone 2: 0 120 148 49 0 138 130 0 145 42 0 153 82 0 10 0 37 187 0 93 169 0 135 0 3 0 6 0 79 0 106 0 136 0 125 38 186 0 68 0 114 0 |Drone Time: 25515.384285|25515.384285,0.000000,0.000000,0.000000
Drone 3: 0 193 0 144 0 105 0 200 64 90 83 0 124 100 52 0 73 1 70 0 15 0 180 0 159 164 0 21 0 76 0 196 0 28 86 0 126 18 0 155 0 77 0 |Drone Time: 25736.403004|25736.403004,0.000000,0.000000,0.000000
Drone 4: 0 81 95 112 146 0 132 133 0 78 115 0 154 30 0 176 0 116 182 0 167 0 128 0 35 0 69 0 104 0 63 0 56 0 22 0 12 0 |Drone Time: 25702.825704|25702.825704,0.000000,0.000000,0.000000
Drone 5: 0 172 103 101 0 161 0 92 32 0 162 0 99 0 17 181 0 121 149 0 7 0 62 150 0 41 111 0 140 108 0 65 0 45 0 20 24 0 195 199 0 184 33 0 |Drone Time: 25718.948928|25718.948928,0.000000,0.000000,0.000000",25761.636003,0.0,0.0,0.0,"Truck Routes:
Truck 1: 0 171 0 39 0 131 0 123 43 57 0 11 142 0 |Truck Time: 23649.472991|23649.472991,0.000000,0.000000,0.000000
Truck 2: 0 190 143 157 0 54 14 168 194 0 191 29 19 0 141 60 0 48 98 198 0 |Truck Time: 25718.795074|25718.795074,0.000000,0.000000,0.000000
Truck 3: 0 80 137 89 0 50 0 53 134 0 178 110 0 102 74 109 0 152 0 |Truck Time: 25747.411560|25747.411560,0.000000,0.000000,0.000000
Truck 4: 0 185 0 46 0 25 0 51 147 16 47 61 0 197 40 173 177 0 166 0 66 9 117 31 0 |Truck Time: 25429.462492|25429.462492,0.000000,0.000000,0.000000
Truck 5: 0 4 151 0 122 0 84 119 170 163 0 192 0 85 96 0 2 127 26 0 |Truck Time: 25761.636003|25761.636003,0.000000,0.000000,0.000000
Drone Routes:
Drone 1: 0 44 174 189 0 94 188 0 72 139 0 160 27 165 0 91 55 13 183 0 107 158 129 75 0 118 58 0 87 97 0 179 0 156 113 34 0 23 0 88 71 0 59 5 0 36 8 0 175 67 0 |Drone Time: 25701.088601|25701.088601,0.000000,0.000000,0.000000
Drone 2: 0 120 148 49 0 138 130 0 145 42 0 153 82 0 10 0 37 187 0 93 169 0 135 0 3 0 6 0 79 0 106 0 136 0 125 38 186 0 68 0 114 0 |Drone Time: 25515.384285|25515.384285,0.000000,0.000000,0.000000
Drone 3: 0 193 0 144 0 105 0 200 64 90 83 0 124 100 52 0 73 1 70 0 15 0 180 0 159 164 0 21 0 76 0 196 0 28 86 0 126 18 0 155 0 77 0 |Drone Time: 25736.403004|25736.403004,0.000000,0.000000,0.000000
Drone 4: 0 81 95 112 146 0 132 133 0 78 115 0 154 30 0 176 0 116 182 0 167 0 128 0 35 0 69 0 104 0 63 0 56 0 22 0 12 0 |Drone Time: 25702.825704|25702.825704,0.000000,0.000000,0.000000
Drone 5: 0 172 103 101 0 161 0 92 32 0 162 0 99 0 17 181 0 121 149 0 7 0 62 150 0 41 111 0 140 108 0 65 0 45 0 20 24 0 195 199 0 184 33 0 |Drone Time: 25718.948928|25718.948928,0.000000,0.000000,0.000000
Total validation: Makespan=25761.636003, Deadline violation=0.000000, Energy violation=0.000000, Capacity violation=0.000000"
200.30.4,200,2,adaptive,g1,0.3,0.2,0.1,0.3,43,0,33373.618535,23563.418474,23563.418474,23563.418474,1103.584832,FEASIBLE,"Truck 1: 0 39 14 0 48 0 123 122 43 0 32 176 85 0 |Truck Time: 23563.418474|23563.418474,0.000000,0.000000,0.000000
Truck 2: 0 4 137 0 80 101 0 135 0 84 69 28 0 152 2 3 0 195 0 |Truck Time: 23527.060326|23527.060326,0.000000,0.000000,0.000000
Truck 3: 0 72 173 0 145 74 109 0 124 194 0 73 198 159 184 0 51 136 0 |Truck Time: 23357.223445|23357.223445,0.000000,0.000000,0.000000
Truck 4: 0 197 102 131 177 0 46 0 119 154 163 170 185 0 9 66 117 12 31 25 0 181 126 77 61 0 |Truck Time: 23556.922104|23556.922104,0.000000,0.000000,0.000000
Truck 5: 0 157 0 87 0 8 49 156 0 19 29 134 0 54 52 11 196 168 0 113 191 166 0 |Truck Time: 23432.669102|23432.669102,0.000000,0.000000,0.000000","Drone 1: 0 133 0 167 0 38 90 30 0 55 183 13 0 193 129 88 0 16 0 17 188 0 22 0 132 34 112 146 0 18 71 0 106 200 0 37 0 89 0 125 143 0 104 0 62 0 |Drone Time: 23462.465608|23462.465608,0.000000,0.000000,0.000000
Drone 2: 0 140 115 0 81 162 0 144 0 94 0 20 24 0 59 148 0 103 130 57 0 50 64 0 92 164 0 76 0 47 0 56 0 26 5 0 68 0 151 0 |Drone Time: 22917.270982|22917.270982,0.000000,0.000000,0.000000
Drone 3: 0 95 160 165 0 127 0 82 141 0 99 0 15 0 21 178 0 180 0 110 58 0 155 0 79 187 0 33 150 199 0 27 70 107 0 118 169 0 192 40 0 |Drone Time: 23547.179048|23547.179048,0.000000,0.000000,0.000000
Drone 4: 0 174 0 120 86 0 75 105 0 44 36 172 97 1 0 147 0 53 182 0 41 108 0 179 0 98 42 0 96 189 0 65 0 116 0 190 186 0 171 0 175 67 0 |Drone Time: 23535.101261|23535.101261,0.000000,0.000000,0.000000
Drone 5: 0 138 0 35 0 83 111 0 63 0 93 0 121 149 0 7 0 139 6 0 114 0 142 78 0 153 0 100 91 45 0 158 60 0 161 0 23 0 128 10 0 |Drone Time: 23551.725473|23551.725473,0.000000,0.000000,0.000000",23563.418474,0.0,0.0,0.0,"Truck Routes:
Truck 1: 0 39 14 0 48 0 123 122 43 0 32 176 85 0 |Truck Time: 23563.418474|23563.418474,0.000000,0.000000,0.000000
Truck 2: 0 4 137 0 80 101 0 135 0 84 69 28 0 152 2 3 0 195 0 |Truck Time: 23527.060326|23527.060326,0.000000,0.000000,0.000000
Truck 3: 0 72 173 0 145 74 109 0 124 194 0 73 198 159 184 0 51 136 0 |Truck Time: 23357.223445|23357.223445,0.000000,0.000000,0.000000
Truck 4: 0 197 102 131 177 0 46 0 119 154 163 170 185 0 9 66 117 12 31 25 0 181 126 77 61 0 |Truck Time: 23556.922104|23556.922104,0.000000,0.000000,0.000000
Truck 5: 0 157 0 87 0 8 49 156 0 19 29 134 0 54 52 11 196 168 0 113 191 166 0 |Truck Time: 23432.669102|23432.669102,0.000000,0.000000,0.000000
Drone Routes:
Drone 1: 0 133 0 167 0 38 90 30 0 55 183 13 0 193 129 88 0 16 0 17 188 0 22 0 132 34 112 146 0 18 71 0 106 200 0 37 0 89 0 125 143 0 104 0 62 0 |Drone Time: 23462.465608|23462.465608,0.000000,0.000000,0.000000
Drone 2: 0 140 115 0 81 162 0 144 0 94 0 20 24 0 59 148 0 103 130 57 0 50 64 0 92 164 0 76 0 47 0 56 0 26 5 0 68 0 151 0 |Drone Time: 22917.270982|22917.270982,0.000000,0.000000,0.000000
Drone 3: 0 95 160 165 0 127 0 82 141 0 99 0 15 0 21 178 0 180 0 110 58 0 155 0 79 187 0 33 150 199 0 27 70 107 0 118 169 0 192 40 0 |Drone Time: 23547.179048|23547.179048,0.000000,0.000000,0.000000
Drone 4: 0 174 0 120 86 0 75 105 0 44 36 172 97 1 0 147 0 53 182 0 41 108 0 179 0 98 42 0 96 189 0 65 0 116 0 190 186 0 171 0 175 67 0 |Drone Time: 23535.101261|23535.101261,0.000000,0.000000,0.000000
Drone 5: 0 138 0 35 0 83 111 0 63 0 93 0 121 149 0 7 0 139 6 0 114 0 142 78 0 153 0 100 91 45 0 158 60 0 161 0 23 0 128 10 0 |Drone Time: 23551.725473|23551.725473,0.000000,0.000000,0.000000
Total validation: Makespan=23563.418474, Deadline violation=0.000000, Energy violation=0.000000, Capacity violation=0.000000"
200.30.4,200,2,adaptive,g2,0.5,0.3,0.1,0.3,43,0,33373.618535,23563.418474,23563.418474,23563.418474,1098.423198,FEASIBLE,"Truck 1: 0 39 14 0 48 0 123 122 43 0 32 176 85 0 |Truck Time: 23563.418474|23563.418474,0.000000,0.000000,0.000000
Truck 2: 0 4 137 0 80 101 0 135 0 84 69 28 0 152 2 3 0 195 0 |Truck Time: 23527.060326|23527.060326,0.000000,0.000000,0.000000
Truck 3: 0 72 173 0 145 74 109 0 124 194 0 73 198 159 184 0 51 136 0 |Truck Time: 23357.223445|23357.223445,0.000000,0.000000,0.000000
Truck 4: 0 197 102 131 177 0 46 0 119 154 163 170 185 0 9 66 117 12 31 25 0 181 126 77 61 0 |Truck Time: 23556.922104|23556.922104,0.000000,0.000000,0.000000
Truck 5: 0 157 0 87 0 8 49 156 0 19 29 134 0 54 52 11 196 168 0 113 191 166 0 |Truck Time: 23432.669102|23432.669102,0.000000,0.000000,0.000000","Drone 1: 0 133 0 167 0 38 90 30 0 55 183 13 0 193 129 88 0 16 0 17 188 0 22 0 132 34 112 146 0 18 71 0 106 200 0 37 0 89 0 125 143 0 104 0 62 0 |Drone Time: 23462.465608|23462.465608,0.000000,0.000000,0.000000
Drone 2: 0 140 115 0 81 162 0 144 0 94 0 20 24 0 59 148 0 103 130 57 0 50 64 0 92 164 0 76 0 47 0 56 0 26 5 0 68 0 151 0 |Drone Time: 22917.270982|22917.270982,0.000000,0.000000,0.000000
Drone 3: 0 95 160 165 0 127 0 82 141 0 99 0 15 0 21 178 0 180 0 110 58 0 155 0 79 187 0 33 150 199 0 27 70 107 0 118 169 0 192 40 0 |Drone Time: 23547.179048|23547.179048,0.000000,0.000000,0.000000
Drone 4: 0 174 0 120 86 0 75 105 0 44 36 172 97 1 0 147 0 53 182 0 41 108 0 179 0 98 42 0 96 189 0 65 0 116 0 190 186 0 171 0 175 67 0 |Drone Time: 23535.101261|23535.101261,0.000000,0.000000,0.000000
Drone 5: 0 138 0 35 0 83 111 0 63 0 93 0 121 149 0 7 0 139 6 0 114 0 142 78 0 153 0 100 91 45 0 158 60 0 161 0 23 0 128 10 0 |Drone Time: 23551.725473|23551.725473,0.000000,0.000000,0.000000",23563.418474,0.0,0.0,0.0,"Truck Routes:
Truck 1: 0 39 14 0 48 0 123 122 43 0 32 176 85 0 |Truck Time: 23563.418474|23563.418474,0.000000,0.000000,0.000000
Truck 2: 0 4 137 0 80 101 0 135 0 84 69 28 0 152 2 3 0 195 0 |Truck Time: 23527.060326|23527.060326,0.000000,0.000000,0.000000
Truck 3: 0 72 173 0 145 74 109 0 124 194 0 73 198 159 184 0 51 136 0 |Truck Time: 23357.223445|23357.223445,0.000000,0.000000,0.000000
Truck 4: 0 197 102 131 177 0 46 0 119 154 163 170 185 0 9 66 117 12 31 25 0 181 126 77 61 0 |Truck Time: 23556.922104|23556.922104,0.000000,0.000000,0.000000
Truck 5: 0 157 0 87 0 8 49 156 0 19 29 134 0 54 52 11 196 168 0 113 191 166 0 |Truck Time: 23432.669102|23432.669102,0.000000,0.000000,0.000000
Drone Routes:
Drone 1: 0 133 0 167 0 38 90 30 0 55 183 13 0 193 129 88 0 16 0 17 188 0 22 0 132 34 112 146 0 18 71 0 106 200 0 37 0 89 0 125 143 0 104 0 62 0 |Drone Time: 23462.465608|23462.465608,0.000000,0.000000,0.000000
Drone 2: 0 140 115 0 81 162 0 144 0 94 0 20 24 0 59 148 0 103 130 57 0 50 64 0 92 164 0 76 0 47 0 56 0 26 5 0 68 0 151 0 |Drone Time: 22917.270982|22917.270982,0.000000,0.000000,0.000000
Drone 3: 0 95 160 165 0 127 0 82 141 0 99 0 15 0 21 178 0 180 0 110 58 0 155 0 79 187 0 33 150 199 0 27 70 107 0 118 169 0 192 40 0 |Drone Time: 23547.179048|23547.179048,0.000000,0.000000,0.000000
Drone 4: 0 174 0 120 86 0 75 105 0 44 36 172 97 1 0 147 0 53 182 0 41 108 0 179 0 98 42 0 96 189 0 65 0 116 0 190 186 0 171 0 175 67 0 |Drone Time: 23535.101261|23535.101261,0.000000,0.000000,0.000000
Drone 5: 0 138 0 35 0 83 111 0 63 0 93 0 121 149 0 7 0 139 6 0 114 0 142 78 0 153 0 100 91 45 0 158 60 0 161 0 23 0 128 10 0 |Drone Time: 23551.725473|23551.725473,0.000000,0.000000,0.000000
Total validation: Makespan=23563.418474, Deadline violation=0.000000, Energy violation=0.000000, Capacity violation=0.000000"
200.30.4,200,2,adaptive,g3,0.3,0.2,0.1,0.6,43,0,33373.618535,23563.418474,23563.418474,23563.418474,1089.086976,FEASIBLE,"Truck 1: 0 39 14 0 48 0 123 122 43 0 32 176 85 0 |Truck Time: 23563.418474|23563.418474,0.000000,0.000000,0.000000
Truck 2: 0 4 137 0 80 101 0 135 0 84 69 28 0 152 2 3 0 195 0 |Truck Time: 23527.060326|23527.060326,0.000000,0.000000,0.000000
Truck 3: 0 72 173 0 145 74 109 0 124 194 0 73 198 159 184 0 51 136 0 |Truck Time: 23357.223445|23357.223445,0.000000,0.000000,0.000000
Truck 4: 0 197 102 131 177 0 46 0 119 154 163 170 185 0 9 66 117 12 31 25 0 181 126 77 61 0 |Truck Time: 23556.922104|23556.922104,0.000000,0.000000,0.000000
Truck 5: 0 157 0 87 0 8 49 156 0 19 29 134 0 54 52 11 196 168 0 113 191 166 0 |Truck Time: 23432.669102|23432.669102,0.000000,0.000000,0.000000","Drone 1: 0 133 0 167 0 38 90 30 0 55 183 13 0 193 129 88 0 16 0 17 188 0 22 0 132 34 112 146 0 18 71 0 106 200 0 37 0 89 0 125 143 0 104 0 62 0 |Drone Time: 23462.465608|23462.465608,0.000000,0.000000,0.000000
Drone 2: 0 140 115 0 81 162 0 144 0 94 0 20 24 0 59 148 0 103 130 57 0 50 64 0 92 164 0 76 0 47 0 56 0 26 5 0 68 0 151 0 |Drone Time: 22917.270982|22917.270982,0.000000,0.000000,0.000000
Drone 3: 0 95 160 165 0 127 0 82 141 0 99 0 15 0 21 178 0 180 0 110 58 0 155 0 79 187 0 33 150 199 0 27 70 107 0 118 169 0 192 40 0 |Drone Time: 23547.179048|23547.179048,0.000000,0.000000,0.000000
Drone 4: 0 174 0 120 86 0 75 105 0 44 36 172 97 1 0 147 0 53 182 0 41 108 0 179 0 98 42 0 96 189 0 65 0 116 0 190 186 0 171 0 175 67 0 |Drone Time: 23535.101261|23535.101261,0.000000,0.000000,0.000000
Drone 5: 0 138 0 35 0 83 111 0 63 0 93 0 121 149 0 7 0 139 6 0 114 0 142 78 0 153 0 100 91 45 0 158 60 0 161 0 23 0 128 10 0 |Drone Time: 23551.725473|23551.725473,0.000000,0.000000,0.000000",23563.418474,0.0,0.0,0.0,"Truck Routes:
Truck 1: 0 39 14 0 48 0 123 122 43 0 32 176 85 0 |Truck Time: 23563.418474|23563.418474,0.000000,0.000000,0.000000
Truck 2: 0 4 137 0 80 101 0 135 0 84 69 28 0 152 2 3 0 195 0 |Truck Time: 23527.060326|23527.060326,0.000000,0.000000,0.000000
Truck 3: 0 72 173 0 145 74 109 0 124 194 0 73 198 159 184 0 51 136 0 |Truck Time: 23357.223445|23357.223445,0.000000,0.000000,0.000000
Truck 4: 0 197 102 131 177 0 46 0 119 154 163 170 185 0 9 66 117 12 31 25 0 181 126 77 61 0 |Truck Time: 23556.922104|23556.922104,0.000000,0.000000,0.000000
Truck 5: 0 157 0 87 0 8 49 156 0 19 29 134 0 54 52 11 196 168 0 113 191 166 0 |Truck Time: 23432.669102|23432.669102,0.000000,0.000000,0.000000
Drone Routes:
Drone 1: 0 133 0 167 0 38 90 30 0 55 183 13 0 193 129 88 0 16 0 17 188 0 22 0 132 34 112 146 0 18 71 0 106 200 0 37 0 89 0 125 143 0 104 0 62 0 |Drone Time: 23462.465608|23462.465608,0.000000,0.000000,0.000000
Drone 2: 0 140 115 0 81 162 0 144 0 94 0 20 24 0 59 148 0 103 130 57 0 50 64 0 92 164 0 76 0 47 0 56 0 26 5 0 68 0 151 0 |Drone Time: 22917.270982|22917.270982,0.000000,0.000000,0.000000
Drone 3: 0 95 160 165 0 127 0 82 141 0 99 0 15 0 21 178 0 180 0 110 58 0 155 0 79 187 0 33 150 199 0 27 70 107 0 118 169 0 192 40 0 |Drone Time: 23547.179048|23547.179048,0.000000,0.000000,0.000000
Drone 4: 0 174 0 120 86 0 75 105 0 44 36 172 97 1 0 147 0 53 182 0 41 108 0 179 0 98 42 0 96 189 0 65 0 116 0 190 186 0 171 0 175 67 0 |Drone Time: 23535.101261|23535.101261,0.000000,0.000000,0.000000
Drone 5: 0 138 0 35 0 83 111 0 63 0 93 0 121 149 0 7 0 139 6 0 114 0 142 78 0 153 0 100 91 45 0 158 60 0 161 0 23 0 128 10 0 |Drone Time: 23551.725473|23551.725473,0.000000,0.000000,0.000000
Total validation: Makespan=23563.418474, Deadline violation=0.000000, Energy violation=0.000000, Capacity violation=0.000000"
200.30.4,200,2,adaptive,g4,0.5,0.3,0.1,0.6,43,0,33373.618535,23563.418474,23563.418474,23563.418474,1091.927519,FEASIBLE,"Truck 1: 0 39 14 0 48 0 123 122 43 0 32 176 85 0 |Truck Time: 23563.418474|23563.418474,0.000000,0.000000,0.000000
Truck 2: 0 4 137 0 80 101 0 135 0 84 69 28 0 152 2 3 0 195 0 |Truck Time: 23527.060326|23527.060326,0.000000,0.000000,0.000000
Truck 3: 0 72 173 0 145 74 109 0 124 194 0 73 198 159 184 0 51 136 0 |Truck Time: 23357.223445|23357.223445,0.000000,0.000000,0.000000
Truck 4: 0 197 102 131 177 0 46 0 119 154 163 170 185 0 9 66 117 12 31 25 0 181 126 77 61 0 |Truck Time: 23556.922104|23556.922104,0.000000,0.000000,0.000000
Truck 5: 0 157 0 87 0 8 49 156 0 19 29 134 0 54 52 11 196 168 0 113 191 166 0 |Truck Time: 23432.669102|23432.669102,0.000000,0.000000,0.000000","Drone 1: 0 133 0 167 0 38 90 30 0 55 183 13 0 193 129 88 0 16 0 17 188 0 22 0 132 34 112 146 0 18 71 0 106 200 0 37 0 89 0 125 143 0 104 0 62 0 |Drone Time: 23462.465608|23462.465608,0.000000,0.000000,0.000000
Drone 2: 0 140 115 0 81 162 0 144 0 94 0 20 24 0 59 148 0 103 130 57 0 50 64 0 92 164 0 76 0 47 0 56 0 26 5 0 68 0 151 0 |Drone Time: 22917.270982|22917.270982,0.000000,0.000000,0.000000
Drone 3: 0 95 160 165 0 127 0 82 141 0 99 0 15 0 21 178 0 180 0 110 58 0 155 0 79 187 0 33 150 199 0 27 70 107 0 118 169 0 192 40 0 |Drone Time: 23547.179048|23547.179048,0.000000,0.000000,0.000000
Drone 4: 0 174 0 120 86 0 75 105 0 44 36 172 97 1 0 147 0 53 182 0 41 108 0 179 0 98 42 0 96 189 0 65 0 116 0 190 186 0 171 0 175 67 0 |Drone Time: 23535.101261|23535.101261,0.000000,0.000000,0.000000
Drone 5: 0 138 0 35 0 83 111 0 63 0 93 0 121 149 0 7 0 139 6 0 114 0 142 78 0 153 0 100 91 45 0 158 60 0 161 0 23 0 128 10 0 |Drone Time: 23551.725473|23551.725473,0.000000,0.000000,0.000000",23563.418474,0.0,0.0,0.0,"Truck Routes:
Truck 1: 0 39 14 0 48 0 123 122 43 0 32 176 85 0 |Truck Time: 23563.418474|23563.418474,0.000000,0.000000,0.000000
Truck 2: 0 4 137 0 80 101 0 135 0 84 69 28 0 152 2 3 0 195 0 |Truck Time: 23527.060326|23527.060326,0.000000,0.000000,0.000000
Truck 3: 0 72 173 0 145 74 109 0 124 194 0 73 198 159 184 0 51 136 0 |Truck Time: 23357.223445|23357.223445,0.000000,0.000000,0.000000
Truck 4: 0 197 102 131 177 0 46 0 119 154 163 170 185 0 9 66 117 12 31 25 0 181 126 77 61 0 |Truck Time: 23556.922104|23556.922104,0.000000,0.000000,0.000000
Truck 5: 0 157 0 87 0 8 49 156 0 19 29 134 0 54 52 11 196 168 0 113 191 166 0 |Truck Time: 23432.669102|23432.669102,0.000000,0.000000,0.000000
Drone Routes:
Drone 1: 0 133 0 167 0 38 90 30 0 55 183 13 0 193 129 88 0 16 0 17 188 0 22 0 132 34 112 146 0 18 71 0 106 200 0 37 0 89 0 125 143 0 104 0 62 0 |Drone Time: 23462.465608|23462.465608,0.000000,0.000000,0.000000
Drone 2: 0 140 115 0 81 162 0 144 0 94 0 20 24 0 59 148 0 103 130 57 0 50 64 0 92 164 0 76 0 47 0 56 0 26 5 0 68 0 151 0 |Drone Time: 22917.270982|22917.270982,0.000000,0.000000,0.000000
Drone 3: 0 95 160 165 0 127 0 82 141 0 99 0 15 0 21 178 0 180 0 110 58 0 155 0 79 187 0 33 150 199 0 27 70 107 0 118 169 0 192 40 0 |Drone Time: 23547.179048|23547.179048,0.000000,0.000000,0.000000
Drone 4: 0 174 0 120 86 0 75 105 0 44 36 172 97 1 0 147 0 53 182 0 41 108 0 179 0 98 42 0 96 189 0 65 0 116 0 190 186 0 171 0 175 67 0 |Drone Time: 23535.101261|23535.101261,0.000000,0.000000,0.000000
Drone 5: 0 138 0 35 0 83 111 0 63 0 93 0 121 149 0 7 0 139 6 0 114 0 142 78 0 153 0 100 91 45 0 158 60 0 161 0 23 0 128 10 0 |Drone Time: 23551.725473|23551.725473,0.000000,0.000000,0.000000
Total validation: Makespan=23563.418474, Deadline violation=0.000000, Energy violation=0.000000, Capacity violation=0.000000"
200.30.4,200,2,cyclic,,,,,,43,0,33373.618535,26138.274063,26138.274063,26138.274063,955.387333,FEASIBLE,"Truck 1: 0 57 122 0 176 51 136 0 145 37 0 133 0 |Truck Time: 24803.837758|24803.837758,0.000000,0.000000,0.000000
Truck 2: 0 143 38 125 0 61 89 0 96 16 0 28 0 60 12 84 25 0 32 180 191 0 |Truck Time: 26138.274063|26138.274063,0.000000,0.000000,0.000000
Truck 3: 0 193 26 0 135 0 197 104 149 0 142 196 22 0 72 102 131 0 |Truck Time: 24578.717990|24578.717990,0.000000,0.000000,0.000000
Truck 4: 0 177 0 163 83 0 39 151 0 134 0 9 66 181 0 140 167 94 137 0 |Truck Time: 26075.258043|26075.258043,0.000000,0.000000,0.000000
Truck 5: 0 50 87 73 0 48 98 101 0 54 157 0 19 0 198 0 14 168 194 0 |Truck Time: 26015.539149|26015.539149,0.000000,0.000000,0.000000","Drone 1: 0 99 0 106 186 0 162 0 170 90 111 0 40 0 138 172 0 128 0 174 0 6 139 91 0 43 0 3 0 47 0 117 0 119 0 55 52 173 0 5 185 64 0 31 0 |Drone Time: 25995.766606|25995.766606,0.000000,0.000000,0.000000
Drone 2: 0 27 85 189 0 1 10 159 0 62 150 0 144 0 41 108 0 15 0 88 132 0 35 0 110 69 0 78 0 76 0 105 0 56 0 184 199 0 124 0 107 70 0 |Drone Time: 25938.220419|25938.220419,0.000000,0.000000,0.000000
Drone 3: 0 46 146 112 0 171 0 183 93 0 13 30 0 103 42 169 0 63 0 82 59 0 29 0 95 160 0 175 67 0 79 0 34 2 129 0 68 97 0 17 120 0 80 0 53 0 4 0 |Drone Time: 26032.160658|26032.160658,0.000000,0.000000,0.000000
Drone 4: 0 152 0 127 0 86 71 0 141 0 113 81 36 121 0 114 178 0 166 165 0 147 0 179 0 11 0 8 187 0 65 0 116 0 190 200 0 18 158 0 155 0 192 195 0 |Drone Time: 26116.134740|26116.134740,0.000000,0.000000,0.000000
Drone 5: 0 49 0 154 115 100 0 156 0 118 58 0 126 75 148 0 123 130 0 74 109 33 0 7 0 23 44 0 21 0 92 164 0 188 153 182 0 45 0 20 24 0 161 0 77 0 |Drone Time: 26029.988388|26029.988388,0.000000,0.000000,0.000000",26138.274063,0.0,0.0,0.0,"Truck Routes:
Truck 1: 0 57 122 0 176 51 136 0 145 37 0 133 0 |Truck Time: 24803.837758|24803.837758,0.000000,0.000000,0.000000
Truck 2: 0 143 38 125 0 61 89 0 96 16 0 28 0 60 12 84 25 0 32 180 191 0 |Truck Time: 26138.274063|26138.274063,0.000000,0.000000,0.000000
Truck 3: 0 193 26 0 135 0 197 104 149 0 142 196 22 0 72 102 131 0 |Truck Time: 24578.717990|24578.717990,0.000000,0.000000,0.000000
Truck 4: 0 177 0 163 83 0 39 151 0 134 0 9 66 181 0 140 167 94 137 0 |Truck Time: 26075.258043|26075.258043,0.000000,0.000000,0.000000
Truck 5: 0 50 87 73 0 48 98 101 0 54 157 0 19 0 198 0 14 168 194 0 |Truck Time: 26015.539149|26015.539149,0.000000,0.000000,0.000000
Drone Routes:
Drone 1: 0 99 0 106 186 0 162 0 170 90 111 0 40 0 138 172 0 128 0 174 0 6 139 91 0 43 0 3 0 47 0 117 0 119 0 55 52 173 0 5 185 64 0 31 0 |Drone Time: 25995.766606|25995.766606,0.000000,0.000000,0.000000
Drone 2: 0 27 85 189 0 1 10 159 0 62 150 0 144 0 41 108 0 15 0 88 132 0 35 0 110 69 0 78 0 76 0 105 0 56 0 184 199 0 124 0 107 70 0 |Drone Time: 25938.220419|25938.220419,0.000000,0.000000,0.000000
Drone 3: 0 46 146 112 0 171 0 183 93 0 13 30 0 103 42 169 0 63 0 82 59 0 29 0 95 160 0 175 67 0 79 0 34 2 129 0 68 97 0 17 120 0 80 0 53 0 4 0 |Drone Time: 26032.160658|26032.160658,0.000000,0.000000,0.000000
Drone 4: 0 152 0 127 0 86 71 0 141 0 113 81 36 121 0 114 178 0 166 165 0 147 0 179 0 11 0 8 187 0 65 0 116 0 190 200 0 18 158 0 155 0 192 195 0 |Drone Time: 26116.134740|26116.134740,0.000000,0.000000,0.000000
Drone 5: 0 49 0 154 115 100 0 156 0 118 58 0 126 75 148 0 123 130 0 74 109 33 0 7 0 23 44 0 21 0 92 164 0 188 153 182 0 45 0 20 24 0 161 0 77 0 |Drone Time: 26029.988388|26029.988388,0.000000,0.000000,0.000000
Total validation: Makespan=26138.274063, Deadline violation=0.000000, Energy violation=0.000000, Capacity violation=0.000000"
200.30.4,200,2,random,,,,,,43,0,33373.618535,21146.876158,21146.876158,21146.876158,1467.84747,FEASIBLE,"Truck 1: 0 56 165 0 112 29 19 49 134 0 155 119 17 0 142 0 |Truck Time: 21096.740193|21096.740193,0.000000,0.000000,0.000000
Truck 2: 0 135 172 89 0 145 74 102 109 0 176 133 180 8 156 0 101 73 0 |Truck Time: 21080.969151|21080.969151,0.000000,0.000000,0.000000
Truck 3: 0 198 0 122 43 37 159 184 0 85 147 51 174 136 0 48 103 98 131 0 |Truck Time: 21146.876158|21146.876158,0.000000,0.000000,0.000000
Truck 4: 0 60 171 23 0 173 40 195 0 54 14 11 168 161 200 0 50 194 114 0 26 190 143 157 0 |Truck Time: 20771.269186|20771.269186,0.000000,0.000000,0.000000
Truck 5: 0 4 125 0 107 0 163 154 170 84 31 0 141 9 117 12 126 77 0 61 5 166 0 151 0 |Truck Time: 21143.112218|21143.112218,0.000000,0.000000,0.000000","Drone 1: 0 16 187 0 25 0 189 15 113 0 183 93 0 52 167 0 1 123 97 0 192 38 116 0 99 42 0 76 90 188 0 47 81 0 124 0 129 18 158 0 82 35 0 |Drone Time: 21131.553093|21131.553093,0.000000,0.000000,0.000000
Drone 2: 0 137 0 132 7 0 140 115 0 44 96 0 186 105 0 181 66 0 71 30 0 64 55 78 100 0 95 160 0 62 150 0 139 110 178 121 0 175 0 68 0 |Drone Time: 21134.161696|21134.161696,0.000000,0.000000,0.000000
Drone 3: 0 63 0 191 0 59 0 94 0 193 0 87 10 0 120 152 148 0 27 164 70 0 36 46 0 197 0 72 130 169 0 20 24 0 33 21 0 185 53 0 |Drone Time: 21097.262313|21097.262313,0.000000,0.000000,0.000000
Drone 4: 0 91 22 0 128 57 0 108 41 0 92 32 0 199 179 0 79 34 146 0 118 111 0 86 28 88 0 65 0 149 58 0 83 69 0 3 0 104 0 |Drone Time: 21137.056896|21137.056896,0.000000,0.000000,0.000000
Drone 5: 0 162 0 127 0 144 0 106 0 67 196 0 138 0 6 0 13 0 153 0 45 0 39 0 80 0 177 0 75 2 182 0 |Drone Time: 21065.805836|21065.805836,0.000000,0.000000,0.000000",21146.876158,0.0,0.0,0.0,"Truck Routes:
Truck 1: 0 56 165 0 112 29 19 49 134 0 155 119 17 0 142 0 |Truck Time: 21096.740193|21096.740193,0.000000,0.000000,0.000000
Truck 2: 0 135 172 89 0 145 74 102 109 0 176 133 180 8 156 0 101 73 0 |Truck Time: 21080.969151|21080.969151,0.000000,0.000000,0.000000
Truck 3: 0 198 0 122 43 37 159 184 0 85 147 51 174 136 0 48 103 98 131 0 |Truck Time: 21146.876158|21146.876158,0.000000,0.000000,0.000000
Truck 4: 0 60 171 23 0 173 40 195 0 54 14 11 168 161 200 0 50 194 114 0 26 190 143 157 0 |Truck Time: 20771.269186|20771.269186,0.000000,0.000000,0.000000
Truck 5: 0 4 125 0 107 0 163 154 170 84 31 0 141 9 117 12 126 77 0 61 5 166 0 151 0 |Truck Time: 21143.112218|21143.112218,0.000000,0.000000,0.000000
Drone Routes:
Drone 1: 0 16 187 0 25 0 189 15 113 0 183 93 0 52 167 0 1 123 97 0 192 38 116 0 99 42 0 76 90 188 0 47 81 0 124 0 129 18 158 0 82 35 0 |Drone Time: 21131.553093|21131.553093,0.000000,0.000000,0.000000
Drone 2: 0 137 0 132 7 0 140 115 0 44 96 0 186 105 0 181 66 0 71 30 0 64 55 78 100 0 95 160 0 62 150 0 139 110 178 121 0 175 0 68 0 |Drone Time: 21134.161696|21134.161696,0.000000,0.000000,0.000000
Drone 3: 0 63 0 191 0 59 0 94 0 193 0 87 10 0 120 152 148 0 27 164 70 0 36 46 0 197 0 72 130 169 0 20 24 0 33 21 0 185 53 0 |Drone Time: 21097.262313|21097.262313,0.000000,0.000000,0.000000
Drone 4: 0 91 22 0 128 57 0 108 41 0 92 32 0 199 179 0 79 34 146 0 118 111 0 86 28 88 0 65 0 149 58 0 83 69 0 3 0 104 0 |Drone Time: 21137.056896|21137.056896,0.000000,0.000000,0.000000
Drone 5: 0 162 0 127 0 144 0 106 0 67 196 0 138 0 6 0 13 0 153 0 45 0 39 0 80 0 177 0 75 2 182 0 |Drone Time: 21065.805836|21065.805836,0.000000,0.000000,0.000000
Total validation: Makespan=21146.876158, Deadline violation=0.000000, Energy violation=0.000000, Capacity violation=0.000000"
200.30.4,200,3,adaptive,g1,0.3,0.2,0.1,0.3,44,0,31683.195528,21385.50945,21385.50945,21385.50945,1393.637022,FEASIBLE,"Truck 1: 0 33 177 80 0 43 37 0 136 174 164 0 133 180 8 0 |Truck Time: 20312.975261|20312.975261,0.000000,0.000000,0.000000
Truck 2: 0 97 68 1 0 141 2 23 0 54 39 13 14 22 194 0 34 56 134 0 |Truck Time: 21118.567795|21118.567795,0.000000,0.000000,0.000000
Truck 3: 0 149 104 114 151 0 132 49 166 0 82 66 117 12 84 31 25 0 32 176 85 0 |Truck Time: 21349.750742|21349.750742,0.000000,0.000000,0.000000
Truck 4: 0 124 175 125 4 0 83 157 0 135 123 122 0 145 98 48 0 195 40 0 |Truck Time: 21257.977211|21257.977211,0.000000,0.000000,0.000000
Truck 5: 0 60 77 61 0 163 154 170 119 155 89 0 9 59 181 0 11 140 190 0 |Truck Time: 21385.509450|21385.509450,0.000000,0.000000,0.000000","Drone 1: 0 173 0 111 167 0 29 0 115 78 91 0 24 30 0 112 79 0 171 0 185 71 0 20 143 0 178 21 0 191 44 0 5 53 0 182 193 165 0 62 109 0 |Drone Time: 21378.425165|21378.425165,0.000000,0.000000,0.000000
Drone 2: 0 113 105 188 90 0 160 0 26 0 150 183 142 55 0 158 18 88 0 70 147 189 0 93 108 0 107 92 0 50 0 28 120 86 0 45 52 0 186 76 0 73 0 41 64 0 |Drone Time: 21365.927035|21365.927035,0.000000,0.000000,0.000000
Drone 3: 0 152 148 129 0 187 15 0 139 6 0 75 127 0 65 0 172 128 0 118 110 0 96 0 38 116 0 100 168 192 0 131 0 184 36 0 196 67 0 |Drone Time: 21287.735284|21287.735284,0.000000,0.000000,0.000000
Drone 4: 0 162 0 0 144 0 126 46 0 197 0 95 156 0 3 0 69 0 35 0 87 0 102 0 99 42 0 81 7 0 103 130 169 0 161 0 19 146 0 |Drone Time: 21379.750994|21379.750994,0.000000,0.000000,0.000000
Drone 5: 0 16 0 179 0 153 0 94 0 17 0 10 57 138 0 200 106 0 63 0 58 121 0 199 198 0 47 0 137 0 101 159 0 72 74 0 51 27 0 |Drone Time: 21314.529842|21314.529842,0.000000,0.000000,0.000000",21385.50945,0.0,0.0,0.0,"Truck Routes:
Truck 1: 0 33 177 80 0 43 37 0 136 174 164 0 133 180 8 0 |Truck Time: 20312.975261|20312.975261,0.000000,0.000000,0.000000
Truck 2: 0 97 68 1 0 141 2 23 0 54 39 13 14 22 194 0 34 56 134 0 |Truck Time: 21118.567795|21118.567795,0.000000,0.000000,0.000000
Truck 3: 0 149 104 114 151 0 132 49 166 0 82 66 117 12 84 31 25 0 32 176 85 0 |Truck Time: 21349.750742|21349.750742,0.000000,0.000000,0.000000
Truck 4: 0 124 175 125 4 0 83 157 0 135 123 122 0 145 98 48 0 195 40 0 |Truck Time: 21257.977211|21257.977211,0.000000,0.000000,0.000000
Truck 5: 0 60 77 61 0 163 154 170 119 155 89 0 9 59 181 0 11 140 190 0 |Truck Time: 21385.509450|21385.509450,0.000000,0.000000,0.000000
Drone Routes:
Drone 1: 0 173 0 111 167 0 29 0 115 78 91 0 24 30 0 112 79 0 171 0 185 71 0 20 143 0 178 21 0 191 44 0 5 53 0 182 193 165 0 62 109 0 |Drone Time: 21378.425165|21378.425165,0.000000,0.000000,0.000000
Drone 2: 0 113 105 188 90 0 160 0 26 0 150 183 142 55 0 158 18 88 0 70 147 189 0 93 108 0 107 92 0 50 0 28 120 86 0 45 52 0 186 76 0 73 0 41 64 0 |Drone Time: 21365.927035|21365.927035,0.000000,0.000000,0.000000
Drone 3: 0 152 148 129 0 187 15 0 139 6 0 75 127 0 65 0 172 128 0 118 110 0 96 0 38 116 0 100 168 192 0 131 0 184 36 0 196 67 0 |Drone Time: 21287.735284|21287.735284,0.000000,0.000000,0.000000
Drone 4: 0 162 0 0 144 0 126 46 0 197 0 95 156 0 3 0 69 0 35 0 87 0 102 0 99 42 0 81 7 0 103 130 169 0 161 0 19 146 0 |Drone Time: 21379.750994|21379.750994,0.000000,0.000000,0.000000
Drone 5: 0 16 0 179 0 153 0 94 0 17 0 10 57 138 0 200 106 0 63 0 58 121 0 199 198 0 47 0 137 0 101 159 0 72 74 0 51 27 0 |Drone Time: 21314.529842|21314.529842,0.000000,0.000000,0.000000
Total validation: Makespan=21385.509450, Deadline violation=0.000000, Energy violation=0.000000, Capacity violation=0.000000"
200.30.4,200,3,adaptive,g2,0.5,0.3,0.1,0.3,44,0,31683.195528,21164.654868,21164.654868,21164.654868,1446.87812,FEASIBLE,"Truck 1: 0 43 184 197 0 107 0 136 174 164 0 133 180 8 132 0 50 0 |Truck Time: 20960.840185|20960.840185,0.000000,0.000000,0.000000
Truck 2: 0 73 37 159 198 0 141 2 23 0 54 39 13 14 22 137 0 34 56 134 0 |Truck Time: 21164.654868|21164.654868,0.000000,0.000000,0.000000
Truck 3: 0 149 104 114 194 0 19 81 0 9 59 28 0 32 176 85 0 |Truck Time: 21140.553610|21140.553610,0.000000,0.000000,0.000000
Truck 4: 0 40 195 0 20 125 143 4 200 0 135 123 122 0 145 98 48 0 192 124 151 89 0 |Truck Time: 20997.931015|20997.931015,0.000000,0.000000,0.000000
Truck 5: 0 31 84 25 185 0 163 170 119 155 157 0 82 66 12 126 77 61 0 11 140 175 190 0 |Truck Time: 21124.191094|21124.191094,0.000000,0.000000,0.000000","Drone 1: 0 161 0 51 27 0 65 0 178 21 0 144 0 24 30 0 10 0 171 0 196 111 0 16 0 45 52 91 0 118 33 0 5 53 0 182 193 165 0 |Drone Time: 21159.955881|21159.955881,0.000000,0.000000,0.000000
Drone 2: 0 90 76 0 106 0 112 79 0 150 127 0 158 18 88 0 93 108 0 162 44 0 46 156 0 101 0 60 0 95 160 0 186 167 0 80 0 83 38 0 |Drone Time: 21092.536765|21092.536765,0.000000,0.000000,0.000000
Drone 3: 0 181 152 0 57 99 42 0 96 0 64 183 142 55 0 179 139 0 29 0 121 58 110 0 120 117 148 0 166 0 116 0 168 0 131 36 0 188 69 0 |Drone Time: 21154.302609|21154.302609,0.000000,0.000000,0.000000
Drone 4: 0 94 0 115 78 0 62 0 1 92 172 0 3 0 71 154 0 129 35 0 87 0 102 0 187 15 0 70 147 189 0 103 130 169 0 100 41 67 0 146 49 113 0 |Drone Time: 21065.328627|21065.328627,0.000000,0.000000,0.000000
Drone 5: 0 68 0 153 86 0 7 0 17 0 128 0 177 0 63 0 191 0 109 173 0 47 0 26 0 6 199 0 72 74 0 75 105 0 97 138 0 |Drone Time: 21156.248037|21156.248037,0.000000,0.000000,0.000000",21164.654868,0.0,0.0,0.0,"Truck Routes:
Truck 1: 0 43 184 197 0 107 0 136 174 164 0 133 180 8 132 0 50 0 |Truck Time: 20960.840185|20960.840185,0.000000,0.000000,0.000000
Truck 2: 0 73 37 159 198 0 141 2 23 0 54 39 13 14 22 137 0 34 56 134 0 |Truck Time: 21164.654868|21164.654868,0.000000,0.000000,0.000000
Truck 3: 0 149 104 114 194 0 19 81 0 9 59 28 0 32 176 85 0 |Truck Time: 21140.553610|21140.553610,0.000000,0.000000,0.000000
Truck 4: 0 40 195 0 20 125 143 4 200 0 135 123 122 0 145 98 48 0 192 124 151 89 0 |Truck Time: 20997.931015|20997.931015,0.000000,0.000000,0.000000
Truck 5: 0 31 84 25 185 0 163 170 119 155 157 0 82 66 12 126 77 61 0 11 140 175 190 0 |Truck Time: 21124.191094|21124.191094,0.000000,0.000000,0.000000
Drone Routes:
Drone 1: 0 161 0 51 27 0 65 0 178 21 0 144 0 24 30 0 10 0 171 0 196 111 0 16 0 45 52 91 0 118 33 0 5 53 0 182 193 165 0 |Drone Time: 21159.955881|21159.955881,0.000000,0.000000,0.000000
Drone 2: 0 90 76 0 106 0 112 79 0 150 127 0 158 18 88 0 93 108 0 162 44 0 46 156 0 101 0 60 0 95 160 0 186 167 0 80 0 83 38 0 |Drone Time: 21092.536765|21092.536765,0.000000,0.000000,0.000000
Drone 3: 0 181 152 0 57 99 42 0 96 0 64 183 142 55 0 179 139 0 29 0 121 58 110 0 120 117 148 0 166 0 116 0 168 0 131 36 0 188 69 0 |Drone Time: 21154.302609|21154.302609,0.000000,0.000000,0.000000
Drone 4: 0 94 0 115 78 0 62 0 1 92 172 0 3 0 71 154 0 129 35 0 87 0 102 0 187 15 0 70 147 189 0 103 130 169 0 100 41 67 0 146 49 113 0 |Drone Time: 21065.328627|21065.328627,0.000000,0.000000,0.000000
Drone 5: 0 68 0 153 86 0 7 0 17 0 128 0 177 0 63 0 191 0 109 173 0 47 0 26 0 6 199 0 72 74 0 75 105 0 97 138 0 |Drone Time: 21156.248037|21156.248037,0.000000,0.000000,0.000000
Total validation: Makespan=21164.654868, Deadline violation=0.000000, Energy violation=0.000000, Capacity violation=0.000000"
200.30.4,200,3,adaptive,g3,0.3,0.2,0.1,0.6,44,0,31683.195528,21164.654868,21164.654868,21164.654868,1475.109249,FEASIBLE,"Truck 1: 0 43 184 197 0 107 0 136 174 164 0 133 180 8 132 0 50 0 |Truck Time: 20960.840185|20960.840185,0.000000,0.000000,0.000000
Truck 2: 0 73 37 159 198 0 141 2 23 0 54 39 13 14 22 137 0 34 56 134 0 |Truck Time: 21164.654868|21164.654868,0.000000,0.000000,0.000000
Truck 3: 0 149 104 114 194 0 19 81 0 9 59 28 0 32 176 85 0 |Truck Time: 21140.553610|21140.553610,0.000000,0.000000,0.000000
Truck 4: 0 40 195 0 20 125 143 4 200 0 135 123 122 0 145 98 48 0 192 124 151 89 0 |Truck Time: 20997.931015|20997.931015,0.000000,0.000000,0.000000
Truck 5: 0 31 84 25 185 0 163 170 119 155 157 0 82 66 12 126 77 61 0 11 140 175 190 0 |Truck Time: 21124.191094|21124.191094,0.000000,0.000000,0.000000","Drone 1: 0 161 0 51 27 0 65 0 178 21 0 144 0 24 30 0 10 0 171 0 196 111 0 16 0 45 52 91 0 118 33 0 5 53 0 182 193 165 0 |Drone Time: 21159.955881|21159.955881,0.000000,0.000000,0.000000
Drone 2: 0 90 76 0 106 0 112 79 0 150 127 0 158 18 88 0 93 108 0 162 44 0 46 156 0 101 0 60 0 95 160 0 186 167 0 80 0 83 38 0 |Drone Time: 21092.536765|21092.536765,0.000000,0.000000,0.000000
Drone 3: 0 181 152 0 57 99 42 0 96 0 64 183 142 55 0 179 139 0 29 0 121 58 110 0 120 117 148 0 166 0 116 0 168 0 131 36 0 188 69 0 |Drone Time: 21154.302609|21154.302609,0.000000,0.000000,0.000000
Drone 4: 0 94 0 115 78 0 62 0 1 92 172 0 3 0 71 154 0 129 35 0 87 0 102 0 187 15 0 70 147 189 0 103 130 169 0 100 41 67 0 146 49 113 0 |Drone Time: 21065.328627|21065.328627,0.000000,0.000000,0.000000
Drone 5: 0 68 0 153 86 0 7 0 17 0 128 0 177 0 63 0 191 0 109 173 0 47 0 26 0 6 199 0 72 74 0 75 105 0 97 138 0 |Drone Time: 21156.248037|21156.248037,0.000000,0.000000,0.000000",21164.654868,0.0,0.0,0.0,"Truck Routes:
Truck 1: 0 43 184 197 0 107 0 136 174 164 0 133 180 8 132 0 50 0 |Truck Time: 20960.840185|20960.840185,0.000000,0.000000,0.000000
Truck 2: 0 73 37 159 198 0 141 2 23 0 54 39 13 14 22 137 0 34 56 134 0 |Truck Time: 21164.654868|21164.654868,0.000000,0.000000,0.000000
Truck 3: 0 149 104 114 194 0 19 81 0 9 59 28 0 32 176 85 0 |Truck Time: 21140.553610|21140.553610,0.000000,0.000000,0.000000
Truck 4: 0 40 195 0 20 125 143 4 200 0 135 123 122 0 145 98 48 0 192 124 151 89 0 |Truck Time: 20997.931015|20997.931015,0.000000,0.000000,0.000000
Truck 5: 0 31 84 25 185 0 163 170 119 155 157 0 82 66 12 126 77 61 0 11 140 175 190 0 |Truck Time: 21124.191094|21124.191094,0.000000,0.000000,0.000000
Drone Routes:
Drone 1: 0 161 0 51 27 0 65 0 178 21 0 144 0 24 30 0 10 0 171 0 196 111 0 16 0 45 52 91 0 118 33 0 5 53 0 182 193 165 0 |Drone Time: 21159.955881|21159.955881,0.000000,0.000000,0.000000
Drone 2: 0 90 76 0 106 0 112 79 0 150 127 0 158 18 88 0 93 108 0 162 44 0 46 156 0 101 0 60 0 95 160 0 186 167 0 80 0 83 38 0 |Drone Time: 21092.536765|21092.536765,0.000000,0.000000,0.000000
Drone 3: 0 181 152 0 57 99 42 0 96 0 64 183 142 55 0 179 139 0 29 0 121 58 110 0 120 117 148 0 166 0 116 0 168 0 131 36 0 188 69 0 |Drone Time: 21154.302609|21154.302609,0.000000,0.000000,0.000000
Drone 4: 0 94 0 115 78 0 62 0 1 92 172 0 3 0 71 154 0 129 35 0 87 0 102 0 187 15 0 70 147 189 0 103 130 169 0 100 41 67 0 146 49 113 0 |Drone Time: 21065.328627|21065.328627,0.000000,0.000000,0.000000
Drone 5: 0 68 0 153 86 0 7 0 17 0 128 0 177 0 63 0 191 0 109 173 0 47 0 26 0 6 199 0 72 74 0 75 105 0 97 138 0 |Drone Time: 21156.248037|21156.248037,0.000000,0.000000,0.000000
Total validation: Makespan=21164.654868, Deadline violation=0.000000, Energy violation=0.000000, Capacity violation=0.000000"
200.30.4,200,3,adaptive,g4,0.5,0.3,0.1,0.6,44,0,31683.195528,21011.442281,21011.442281,21011.442281,1286.283869,FEASIBLE,"Truck 1: 0 57 43 37 0 200 0 136 174 164 0 133 180 191 0 |Truck Time: 19495.399543|19495.399543,0.000000,0.000000,0.000000
Truck 2: 0 40 131 0 141 2 23 0 54 14 11 13 22 0 34 56 47 166 0 |Truck Time: 20938.101773|20938.101773,0.000000,0.000000,0.000000
Truck 3: 0 149 104 114 194 0 82 66 12 126 77 61 0 32 176 85 19 134 132 0 124 151 0 |Truck Time: 20671.655554|20671.655554,0.000000,0.000000,0.000000
Truck 4: 0 4 0 20 125 143 190 26 0 135 123 122 0 48 98 145 102 33 0 177 0 |Truck Time: 20983.378461|20983.378461,0.000000,0.000000,0.000000
Truck 5: 0 31 84 25 89 0 163 170 119 155 157 0 181 9 59 28 0 140 167 168 175 0 |Truck Time: 21011.442281|21011.442281,0.000000,0.000000,0.000000","Drone 1: 0 152 75 148 0 195 0 41 67 0 120 117 0 150 116 0 58 110 0 83 38 0 45 52 0 60 129 0 46 156 0 182 165 160 0 115 78 0 186 105 0 |Drone Time: 20958.571868|20958.571868,0.000000,0.000000,0.000000
Drone 2: 0 90 69 0 24 30 0 18 154 0 127 0 158 71 88 0 128 172 0 93 108 0 5 53 0 50 0 16 0 193 0 187 15 0 107 0 171 0 185 0 |Drone Time: 20921.051767|20921.051767,0.000000,0.000000,0.000000
Drone 3: 0 144 0 188 76 0 96 0 64 183 142 55 91 0 178 21 0 106 0 118 121 0 179 139 0 197 0 196 111 0 192 39 100 0 198 199 0 184 36 0 109 65 0 |Drone Time: 20994.807450|20994.807450,0.000000,0.000000,0.000000
Drone 4: 0 44 147 189 0 35 0 95 0 80 0 3 0 29 0 87 0 73 97 0 51 27 0 1 92 70 0 103 130 169 0 161 0 146 49 81 0 153 86 0 99 42 0 |Drone Time: 20892.437705|20892.437705,0.000000,0.000000,0.000000
Drone 5: 0 17 0 162 0 68 0 62 0 94 0 8 113 0 7 0 6 0 63 0 10 138 0 112 79 0 173 0 137 0 101 159 0 72 74 0 |Drone Time: 20991.572238|20991.572238,0.000000,0.000000,0.000000",21011.442281,0.0,0.0,0.0,"Truck Routes:
Truck 1: 0 57 43 37 0 200 0 136 174 164 0 133 180 191 0 |Truck Time: 19495.399543|19495.399543,0.000000,0.000000,0.000000
Truck 2: 0 40 131 0 141 2 23 0 54 14 11 13 22 0 34 56 47 166 0 |Truck Time: 20938.101773|20938.101773,0.000000,0.000000,0.000000
Truck 3: 0 149 104 114 194 0 82 66 12 126 77 61 0 32 176 85 19 134 132 0 124 151 0 |Truck Time: 20671.655554|20671.655554,0.000000,0.000000,0.000000
Truck 4: 0 4 0 20 125 143 190 26 0 135 123 122 0 48 98 145 102 33 0 177 0 |Truck Time: 20983.378461|20983.378461,0.000000,0.000000,0.000000
Truck 5: 0 31 84 25 89 0 163 170 119 155 157 0 181 9 59 28 0 140 167 168 175 0 |Truck Time: 21011.442281|21011.442281,0.000000,0.000000,0.000000
Drone Routes:
Drone 1: 0 152 75 148 0 195 0 41 67 0 120 117 0 150 116 0 58 110 0 83 38 0 45 52 0 60 129 0 46 156 0 182 165 160 0 115 78 0 186 105 0 |Drone Time: 20958.571868|20958.571868,0.000000,0.000000,0.000000
Drone 2: 0 90 69 0 24 30 0 18 154 0 127 0 158 71 88 0 128 172 0 93 108 0 5 53 0 50 0 16 0 193 0 187 15 0 107 0 171 0 185 0 |Drone Time: 20921.051767|20921.051767,0.000000,0.000000,0.000000
Drone 3: 0 144 0 188 76 0 96 0 64 183 142 55 91 0 178 21 0 106 0 118 121 0 179 139 0 197 0 196 111 0 192 39 100 0 198 199 0 184 36 0 109 65 0 |Drone Time: 20994.807450|20994.807450,0.000000,0.000000,0.000000
Drone 4: 0 44 147 189 0 35 0 95 0 80 0 3 0 29 0 87 0 73 97 0 51 27 0 1 92 70 0 103 130 169 0 161 0 146 49 81 0 153 86 0 99 42 0 |Drone Time: 20892.437705|20892.437705,0.000000,0.000000,0.000000
Drone 5: 0 17 0 162 0 68 0 62 0 94 0 8 113 0 7 0 6 0 63 0 10 138 0 112 79 0 173 0 137 0 101 159 0 72 74 0 |Drone Time: 20991.572238|20991.572238,0.000000,0.000000,0.000000
Total validation: Makespan=21011.442281, Deadline violation=0.000000, Energy violation=0.000000, Capacity violation=0.000000"
200.30.4,200,3,cyclic,,,,,,44,0,31683.195528,26329.254486,26329.254486,26329.254486,1112.076334,FEASIBLE,"Truck 1: 0 142 0 60 0 173 102 109 0 133 96 0 51 85 0 |Truck Time: 25637.928569|25637.928569,0.000000,0.000000,0.000000
Truck 2: 0 186 155 0 83 0 134 0 168 196 14 124 200 0 193 0 117 17 0 |Truck Time: 26329.254486|26329.254486,0.000000,0.000000,0.000000
Truck 3: 0 149 39 194 0 132 0 131 0 145 42 62 177 0 143 125 4 157 0 136 0 151 0 |Truck Time: 26251.002946|26251.002946,0.000000,0.000000,0.000000
Truck 4: 0 114 192 0 56 49 0 170 163 0 135 123 37 198 0 141 2 66 0 |Truck Time: 26105.387340|26105.387340,0.000000,0.000000,0.000000
Truck 5: 0 87 89 0 137 195 0 31 25 185 61 166 0 54 190 0 77 0 122 43 0 179 0 |Truck Time: 26269.437260|26269.437260,0.000000,0.000000,0.000000","Drone 1: 0 92 32 0 116 0 144 0 162 0 41 108 0 118 110 0 197 10 1 70 0 191 146 0 93 0 187 164 0 76 0 26 0 53 0 16 0 12 0 40 139 0 29 0 |Drone Time: 26133.544104|26133.544104,0.000000,0.000000,0.000000
Drone 2: 0 156 8 0 138 130 0 50 0 13 183 0 86 127 0 105 0 57 172 128 0 180 0 69 0 11 0 28 188 0 65 0 73 150 0 84 0 175 67 0 78 55 0 |Drone Time: 25839.093891|25839.093891,0.000000,0.000000,0.000000
Drone 3: 0 48 103 0 9 5 0 140 115 0 35 181 148 0 176 0 59 0 121 178 58 0 94 0 30 0 64 100 21 0 95 112 81 199 0 91 24 0 45 0 68 0 184 36 0 |Drone Time: 26293.291063|26293.291063,0.000000,0.000000,0.000000
Drone 4: 0 72 74 0 22 0 160 27 0 113 19 165 0 107 46 182 129 0 38 20 111 0 3 44 97 0 52 167 90 0 88 18 0 71 154 0 98 0 79 0 63 0 158 126 0 161 0 104 0 |Drone Time: 26177.527929|26177.527929,0.000000,0.000000,0.000000
Drone 5: 0 169 0 174 0 7 0 189 0 99 0 15 0 171 82 0 119 120 0 147 0 6 0 47 34 0 106 0 153 0 152 75 0 101 159 0 23 0 80 33 0 |Drone Time: 26298.820558|26298.820558,0.000000,0.000000,0.000000",26329.254486,0.0,0.0,0.0,"Truck Routes:
Truck 1: 0 142 0 60 0 173 102 109 0 133 96 0 51 85 0 |Truck Time: 25637.928569|25637.928569,0.000000,0.000000,0.000000
Truck 2: 0 186 155 0 83 0 134 0 168 196 14 124 200 0 193 0 117 17 0 |Truck Time: 26329.254486|26329.254486,0.000000,0.000000,0.000000
Truck 3: 0 149 39 194 0 132 0 131 0 145 42 62 177 0 143 125 4 157 0 136 0 151 0 |Truck Time: 26251.002946|26251.002946,0.000000,0.000000,0.000000
Truck 4: 0 114 192 0 56 49 0 170 163 0 135 123 37 198 0 141 2 66 0 |Truck Time: 26105.387340|26105.387340,0.000000,0.000000,0.000000
Truck 5: 0 87 89 0 137 195 0 31 25 185 61 166 0 54 190 0 77 0 122 43 0 179 0 |Truck Time: 26269.437260|26269.437260,0.000000,0.000000,0.000000
Drone Routes:
Drone 1: 0 92 32 0 116 0 144 0 162 0 41 108 0 118 110 0 197 10 1 70 0 191 146 0 93 0 187 164 0 76 0 26 0 53 0 16 0 12 0 40 139 0 29 0 |Drone Time: 26133.544104|26133.544104,0.000000,0.000000,0.000000
Drone 2: 0 156 8 0 138 130 0 50 0 13 183 0 86 127 0 105 0 57 172 128 0 180 0 69 0 11 0 28 188 0 65 0 73 150 0 84 0 175 67 0 78 55 0 |Drone Time: 25839.093891|25839.093891,0.000000,0.000000,0.000000
Drone 3: 0 48 103 0 9 5 0 140 115 0 35 181 148 0 176 0 59 0 121 178 58 0 94 0 30 0 64 100 21 0 95 112 81 199 0 91 24 0 45 0 68 0 184 36 0 |Drone Time: 26293.291063|26293.291063,0.000000,0.000000,0.000000
Drone 4: 0 72 74 0 22 0 160 27 0 113 19 165 0 107 46 182 129 0 38 20 111 0 3 44 97 0 52 167 90 0 88 18 0 71 154 0 98 0 79 0 63 0 158 126 0 161 0 104 0 |Drone Time: 26177.527929|26177.527929,0.000000,0.000000,0.000000
Drone 5: 0 169 0 174 0 7 0 189 0 99 0 15 0 171 82 0 119 120 0 147 0 6 0 47 34 0 106 0 153 0 152 75 0 101 159 0 23 0 80 33 0 |Drone Time: 26298.820558|26298.820558,0.000000,0.000000,0.000000
Total validation: Makespan=26329.254486, Deadline violation=0.000000, Energy violation=0.000000, Capacity violation=0.000000"
200.30.4,200,3,random,,,,,,44,0,31683.195528,25585.469117,25585.469117,25585.469117,1296.459751,FEASIBLE,"Truck 1: 0 149 0 168 4 0 136 174 0 176 85 0 112 29 132 0 |Truck Time: 25492.719938|25492.719938,0.000000,0.000000,0.000000
Truck 2: 0 72 173 150 0 166 0 25 185 26 0 52 11 13 22 137 0 102 62 131 0 87 0 193 165 0 |Truck Time: 25537.408849|25537.408849,0.000000,0.000000,0.000000
Truck 3: 0 177 0 195 0 83 0 84 119 170 163 0 23 61 0 122 43 37 80 0 8 187 16 0 |Truck Time: 25548.631231|25548.631231,0.000000,0.000000,0.000000
Truck 4: 0 151 0 155 157 0 19 0 135 123 172 198 0 50 109 0 2 141 60 0 |Truck Time: 25585.469117|25585.469117,0.000000,0.000000,0.000000
Truck 5: 0 124 0 31 89 0 54 142 55 0 49 0 9 66 181 0 20 38 24 200 0 |Truck Time: 25579.385219|25579.385219,0.000000,0.000000,0.000000","Drone 1: 0 188 105 0 74 103 0 81 162 0 140 183 100 0 41 64 0 197 10 70 192 0 7 0 179 0 110 58 178 0 94 0 14 0 117 0 190 186 0 12 0 156 53 0 |Drone Time: 25419.150146|25419.150146,0.000000,0.000000,0.000000
Drone 2: 0 106 90 0 146 144 0 152 0 57 73 0 127 0 133 164 0 169 128 0 180 0 79 0 196 0 158 126 120 0 65 0 91 194 0 143 125 0 175 67 0 |Drone Time: 25573.972929|25573.972929,0.000000,0.000000,0.000000
Drone 3: 0 33 118 199 0 115 108 0 88 71 75 0 191 0 114 5 0 121 78 0 39 0 48 30 0 21 0 95 113 0 160 27 1 0 116 0 45 0 68 0 184 36 0 |Drone Time: 25463.739594|25463.739594,0.000000,0.000000,0.000000
Drone 4: 0 76 0 145 42 0 92 32 0 44 97 51 0 107 46 0 93 111 0 3 0 167 0 35 0 18 154 0 98 0 182 129 69 0 63 0 28 0 161 0 104 0 |Drone Time: 25253.932139|25253.932139,0.000000,0.000000,0.000000
Drone 5: 0 138 130 0 86 59 0 96 189 0 99 0 15 0 171 82 0 17 148 0 147 0 6 0 47 34 0 40 139 0 153 0 56 0 77 0 101 159 0 134 0 |Drone Time: 25388.607136|25388.607136,0.000000,0.000000,0.000000",25585.469117,0.0,0.0,0.0,"Truck Routes:
Truck 1: 0 149 0 168 4 0 136 174 0 176 85 0 112 29 132 0 |Truck Time: 25492.719938|25492.719938,0.000000,0.000000,0.000000
Truck 2: 0 72 173 150 0 166 0 25 185 26 0 52 11 13 22 137 0 102 62 131 0 87 0 193 165 0 |Truck Time: 25537.408849|25537.408849,0.000000,0.000000,0.000000
Truck 3: 0 177 0 195 0 83 0 84 119 170 163 0 23 61 0 122 43 37 80 0 8 187 16 0 |Truck Time: 25548.631231|25548.631231,0.000000,0.000000,0.000000
Truck 4: 0 151 0 155 157 0 19 0 135 123 172 198 0 50 109 0 2 141 60 0 |Truck Time: 25585.469117|25585.469117,0.000000,0.000000,0.000000
Truck 5: 0 124 0 31 89 0 54 142 55 0 49 0 9 66 181 0 20 38 24 200 0 |Truck Time: 25579.385219|25579.385219,0.000000,0.000000,0.000000
Drone Routes:
Drone 1: 0 188 105 0 74 103 0 81 162 0 140 183 100 0 41 64 0 197 10 70 192 0 7 0 179 0 110 58 178 0 94 0 14 0 117 0 190 186 0 12 0 156 53 0 |Drone Time: 25419.150146|25419.150146,0.000000,0.000000,0.000000
Drone 2: 0 106 90 0 146 144 0 152 0 57 73 0 127 0 133 164 0 169 128 0 180 0 79 0 196 0 158 126 120 0 65 0 91 194 0 143 125 0 175 67 0 |Drone Time: 25573.972929|25573.972929,0.000000,0.000000,0.000000
Drone 3: 0 33 118 199 0 115 108 0 88 71 75 0 191 0 114 5 0 121 78 0 39 0 48 30 0 21 0 95 113 0 160 27 1 0 116 0 45 0 68 0 184 36 0 |Drone Time: 25463.739594|25463.739594,0.000000,0.000000,0.000000
Drone 4: 0 76 0 145 42 0 92 32 0 44 97 51 0 107 46 0 93 111 0 3 0 167 0 35 0 18 154 0 98 0 182 129 69 0 63 0 28 0 161 0 104 0 |Drone Time: 25253.932139|25253.932139,0.000000,0.000000,0.000000
Drone 5: 0 138 130 0 86 59 0 96 189 0 99 0 15 0 171 82 0 17 148 0 147 0 6 0 47 34 0 40 139 0 153 0 56 0 77 0 101 159 0 134 0 |Drone Time: 25388.607136|25388.607136,0.000000,0.000000,0.000000
Total validation: Makespan=25585.469117, Deadline violation=0.000000, Energy violation=0.000000, Capacity violation=0.000000"
200.30.4,200,4,adaptive,g1,0.3,0.2,0.1,0.3,45,0,31633.718371,25446.256472,25446.256472,25446.256472,1229.127089,FEASIBLE,"Truck 1: 0 71 0 72 198 0 8 16 166 0 133 134 0 31 195 0 |Truck Time: 25015.655773|25015.655773,0.000000,0.000000,0.000000
Truck 2: 0 87 61 23 0 122 43 73 0 194 0 163 69 154 170 88 119 0 168 114 124 0 38 83 185 0 |Truck Time: 25435.023892|25435.023892,0.000000,0.000000,0.000000
Truck 3: 0 40 0 11 14 0 135 123 0 2 66 77 0 98 145 131 0 |Truck Time: 25369.111274|25369.111274,0.000000,0.000000,0.000000
Truck 4: 0 175 80 0 121 0 54 94 151 0 19 191 156 0 97 37 0 186 157 0 |Truck Time: 25263.831315|25263.831315,0.000000,0.000000,0.000000
Truck 5: 0 25 155 137 0 4 0 102 173 149 50 0 190 0 9 12 3 0 51 176 85 0 |Truck Time: 25446.256472|25446.256472,0.000000,0.000000,0.000000","Drone 1: 0 144 0 55 78 0 22 0 62 0 182 141 0 115 140 0 180 0 179 0 6 0 152 181 0 106 90 188 0 63 0 56 0 17 120 0 184 172 0 |Drone Time: 25259.628874|25259.628874,0.000000,0.000000,0.000000
Drone 2: 0 164 27 0 118 103 0 129 148 117 0 200 142 183 0 74 169 0 93 0 171 82 0 128 0 35 0 92 0 41 111 0 76 0 153 0 96 0 49 0 89 0 |Drone Time: 25446.208841|25446.208841,0.000000,0.000000,0.000000
Drone 3: 0 159 10 165 0 161 0 75 105 0 162 0 42 99 0 127 0 59 0 18 126 0 58 110 0 138 0 47 112 0 39 0 65 0 45 0 29 1 0 |Drone Time: 25432.667991|25432.667991,0.000000,0.000000,0.000000
Drone 4: 0 193 32 0 48 130 86 0 95 160 0 46 132 113 81 44 107 0 109 199 197 5 0 167 0 147 0 177 57 0 20 125 0 79 0 196 0 116 0 28 0 84 0 53 0 |Drone Time: 25326.620393|25326.620393,0.000000,0.000000,0.000000
Drone 5: 0 143 0 36 187 189 34 0 30 52 0 13 108 0 178 15 0 101 139 150 33 0 70 146 7 0 174 0 64 67 24 0 21 0 104 91 100 192 0 60 0 136 0 68 0 26 158 0 |Drone Time: 25325.706442|25325.706442,0.000000,0.000000,0.000000",25446.256472,0.0,0.0,0.0,"Truck Routes:
Truck 1: 0 71 0 72 198 0 8 16 166 0 133 134 0 31 195 0 |Truck Time: 25015.655773|25015.655773,0.000000,0.000000,0.000000
Truck 2: 0 87 61 23 0 122 43 73 0 194 0 163 69 154 170 88 119 0 168 114 124 0 38 83 185 0 |Truck Time: 25435.023892|25435.023892,0.000000,0.000000,0.000000
Truck 3: 0 40 0 11 14 0 135 123 0 2 66 77 0 98 145 131 0 |Truck Time: 25369.111274|25369.111274,0.000000,0.000000,0.000000
Truck 4: 0 175 80 0 121 0 54 94 151 0 19 191 156 0 97 37 0 186 157 0 |Truck Time: 25263.831315|25263.831315,0.000000,0.000000,0.000000
Truck 5: 0 25 155 137 0 4 0 102 173 149 50 0 190 0 9 12 3 0 51 176 85 0 |Truck Time: 25446.256472|25446.256472,0.000000,0.000000,0.000000
Drone Routes:
Drone 1: 0 144 0 55 78 0 22 0 62 0 182 141 0 115 140 0 180 0 179 0 6 0 152 181 0 106 90 188 0 63 0 56 0 17 120 0 184 172 0 |Drone Time: 25259.628874|25259.628874,0.000000,0.000000,0.000000
Drone 2: 0 164 27 0 118 103 0 129 148 117 0 200 142 183 0 74 169 0 93 0 171 82 0 128 0 35 0 92 0 41 111 0 76 0 153 0 96 0 49 0 89 0 |Drone Time: 25446.208841|25446.208841,0.000000,0.000000,0.000000
Drone 3: 0 159 10 165 0 161 0 75 105 0 162 0 42 99 0 127 0 59 0 18 126 0 58 110 0 138 0 47 112 0 39 0 65 0 45 0 29 1 0 |Drone Time: 25432.667991|25432.667991,0.000000,0.000000,0.000000
Drone 4: 0 193 32 0 48 130 86 0 95 160 0 46 132 113 81 44 107 0 109 199 197 5 0 167 0 147 0 177 57 0 20 125 0 79 0 196 0 116 0 28 0 84 0 53 0 |Drone Time: 25326.620393|25326.620393,0.000000,0.000000,0.000000
Drone 5: 0 143 0 36 187 189 34 0 30 52 0 13 108 0 178 15 0 101 139 150 33 0 70 146 7 0 174 0 64 67 24 0 21 0 104 91 100 192 0 60 0 136 0 68 0 26 158 0 |Drone Time: 25325.706442|25325.706442,0.000000,0.000000,0.000000
Total validation: Makespan=25446.256472, Deadline violation=0.000000, Energy violation=0.000000, Capacity violation=0.000000"
200.30.4,200,4,adaptive,g2,0.5,0.3,0.1,0.3,45,0,31633.718371,25446.256472,25446.256472,25446.256472,1241.414752,FEASIBLE,"Truck 1: 0 71 0 72 198 0 8 16 166 0 133 134 0 31 195 0 |Truck Time: 25015.655773|25015.655773,0.000000,0.000000,0.000000
Truck 2: 0 87 61 23 0 122 43 73 0 194 0 163 69 154 170 88 119 0 168 114 124 0 38 83 185 0 |Truck Time: 25435.023892|25435.023892,0.000000,0.000000,0.000000
Truck 3: 0 40 0 11 14 0 135 123 0 2 66 77 0 98 145 131 0 |Truck Time: 25369.111274|25369.111274,0.000000,0.000000,0.000000
Truck 4: 0 175 80 0 121 0 54 94 151 0 19 191 156 0 97 37 0 186 157 0 |Truck Time: 25263.831315|25263.831315,0.000000,0.000000,0.000000
Truck 5: 0 25 155 137 0 4 0 102 173 149 50 0 190 0 9 12 3 0 51 176 85 0 |Truck Time: 25446.256472|25446.256472,0.000000,0.000000,0.000000","Drone 1: 0 144 0 55 78 0 22 0 62 0 182 141 0 115 140 0 180 0 179 0 6 0 152 181 0 106 90 188 0 63 0 56 0 17 120 0 184 172 0 |Drone Time: 25259.628874|25259.628874,0.000000,0.000000,0.000000
Drone 2: 0 164 27 0 118 103 0 129 148 117 0 200 142 183 0 74 169 0 93 0 171 82 0 128 0 35 0 92 0 41 111 0 76 0 153 0 96 0 49 0 89 0 |Drone Time: 25446.208841|25446.208841,0.000000,0.000000,0.000000
Drone 3: 0 159 10 165 0 161 0 75 105 0 162 0 42 99 0 127 0 59 0 18 126 0 58 110 0 138 0 47 112 0 39 0 65 0 45 0 29 1 0 |Drone Time: 25432.667991|25432.667991,0.000000,0.000000,0.000000
Drone 4: 0 193 32 0 48 130 86 0 95 160 0 46 132 113 81 44 107 0 109 199 197 5 0 167 0 147 0 177 57 0 20 125 0 79 0 196 0 116 0 28 0 84 0 53 0 |Drone Time: 25326.620393|25326.620393,0.000000,0.000000,0.000000
Drone 5: 0 143 0 36 187 189 34 0 30 52 0 13 108 0 178 15 0 101 139 150 33 0 70 146 7 0 174 0 64 67 24 0 21 0 104 91 100 192 0 60 0 136 0 68 0 26 158 0 |Drone Time: 25325.706442|25325.706442,0.000000,0.000000,0.000000",25446.256472,0.0,0.0,0.0,"Truck Routes:
Truck 1: 0 71 0 72 198 0 8 16 166 0 133 134 0 31 195 0 |Truck Time: 25015.655773|25015.655773,0.000000,0.000000,0.000000
Truck 2: 0 87 61 23 0 122 43 73 0 194 0 163 69 154 170 88 119 0 168 114 124 0 38 83 185 0 |Truck Time: 25435.023892|25435.023892,0.000000,0.000000,0.000000
Truck 3: 0 40 0 11 14 0 135 123 0 2 66 77 0 98 145 131 0 |Truck Time: 25369.111274|25369.111274,0.000000,0.000000,0.000000
Truck 4: 0 175 80 0 121 0 54 94 151 0 19 191 156 0 97 37 0 186 157 0 |Truck Time: 25263.831315|25263.831315,0.000000,0.000000,0.000000
Truck 5: 0 25 155 137 0 4 0 102 173 149 50 0 190 0 9 12 3 0 51 176 85 0 |Truck Time: 25446.256472|25446.256472,0.000000,0.000000,0.000000
Drone Routes:
Drone 1: 0 144 0 55 78 0 22 0 62 0 182 141 0 115 140 0 180 0 179 0 6 0 152 181 0 106 90 188 0 63 0 56 0 17 120 0 184 172 0 |Drone Time: 25259.628874|25259.628874,0.000000,0.000000,0.000000
Drone 2: 0 164 27 0 118 103 0 129 148 117 0 200 142 183 0 74 169 0 93 0 171 82 0 128 0 35 0 92 0 41 111 0 76 0 153 0 96 0 49 0 89 0 |Drone Time: 25446.208841|25446.208841,0.000000,0.000000,0.000000
Drone 3: 0 159 10 165 0 161 0 75 105 0 162 0 42 99 0 127 0 59 0 18 126 0 58 110 0 138 0 47 112 0 39 0 65 0 45 0 29 1 0 |Drone Time: 25432.667991|25432.667991,0.000000,0.000000,0.000000
Drone 4: 0 193 32 0 48 130 86 0 95 160 0 46 132 113 81 44 107 0 109 199 197 5 0 167 0 147 0 177 57 0 20 125 0 79 0 196 0 116 0 28 0 84 0 53 0 |Drone Time: 25326.620393|25326.620393,0.000000,0.000000,0.000000
Drone 5: 0 143 0 36 187 189 34 0 30 52 0 13 108 0 178 15 0 101 139 150 33 0 70 146 7 0 174 0 64 67 24 0 21 0 104 91 100 192 0 60 0 136 0 68 0 26 158 0 |Drone Time: 25325.706442|25325.706442,0.000000,0.000000,0.000000
Total validation: Makespan=25446.256472, Deadline violation=0.000000, Energy violation=0.000000, Capacity violation=0.000000"
200.30.4,200,4,adaptive,g3,0.3,0.2,0.1,0.6,45,0,31633.718371,25446.256472,25446.256472,25446.256472,1237.369639,FEASIBLE,"Truck 1: 0 71 0 72 198 0 8 16 166 0 133 134 0 31 195 0 |Truck Time: 25015.655773|25015.655773,0.000000,0.000000,0.000000
Truck 2: 0 87 61 23 0 122 43 73 0 194 0 163 69 154 170 88 119 0 168 114 124 0 38 83 185 0 |Truck Time: 25435.023892|25435.023892,0.000000,0.000000,0.000000
Truck 3: 0 40 0 11 14 0 135 123 0 2 66 77 0 98 145 131 0 |Truck Time: 25369.111274|25369.111274,0.000000,0.000000,0.000000
Truck 4: 0 175 80 0 121 0 54 94 151 0 19 191 156 0 97 37 0 186 157 0 |Truck Time: 25263.831315|25263.831315,0.000000,0.000000,0.000000
Truck 5: 0 25 155 137 0 4 0 102 173 149 50 0 190 0 9 12 3 0 51 176 85 0 |Truck Time: 25446.256472|25446.256472,0.000000,0.000000,0.000000","Drone 1: 0 144 0 55 78 0 22 0 62 0 182 141 0 115 140 0 180 0 179 0 6 0 152 181 0 106 90 188 0 63 0 56 0 17 120 0 184 172 0 |Drone Time: 25259.628874|25259.628874,0.000000,0.000000,0.000000
Drone 2: 0 164 27 0 118 103 0 129 148 117 0 200 142 183 0 74 169 0 93 0 171 82 0 128 0 35 0 92 0 41 111 0 76 0 153 0 96 0 49 0 89 0 |Drone Time: 25446.208841|25446.208841,0.000000,0.000000,0.000000
Drone 3: 0 159 10 165 0 161 0 75 105 0 162 0 42 99 0 127 0 59 0 18 126 0 58 110 0 138 0 47 112 0 39 0 65 0 45 0 29 1 0 |Drone Time: 25432.667991|25432.667991,0.000000,0.000000,0.000000
Drone 4: 0 193 32 0 48 130 86 0 95 160 0 46 132 113 81 44 107 0 109 199 197 5 0 167 0 147 0 177 57 0 20 125 0 79 0 196 0 116 0 28 0 84 0 53 0 |Drone Time: 25326.620393|25326.620393,0.000000,0.000000,0.000000
Drone 5: 0 143 0 36 187 189 34 0 30 52 0 13 108 0 178 15 0 101 139 150 33 0 70 146 7 0 174 0 64 67 24 0 21 0 104 91 100 192 0 60 0 136 0 68 0 26 158 0 |Drone Time: 25325.706442|25325.706442,0.000000,0.000000,0.000000",25446.256472,0.0,0.0,0.0,"Truck Routes:
Truck 1: 0 71 0 72 198 0 8 16 166 0 133 134 0 31 195 0 |Truck Time: 25015.655773|25015.655773,0.000000,0.000000,0.000000
Truck 2: 0 87 61 23 0 122 43 73 0 194 0 163 69 154 170 88 119 0 168 114 124 0 38 83 185 0 |Truck Time: 25435.023892|25435.023892,0.000000,0.000000,0.000000
Truck 3: 0 40 0 11 14 0 135 123 0 2 66 77 0 98 145 131 0 |Truck Time: 25369.111274|25369.111274,0.000000,0.000000,0.000000
Truck 4: 0 175 80 0 121 0 54 94 151 0 19 191 156 0 97 37 0 186 157 0 |Truck Time: 25263.831315|25263.831315,0.000000,0.000000,0.000000
Truck 5: 0 25 155 137 0 4 0 102 173 149 50 0 190 0 9 12 3 0 51 176 85 0 |Truck Time: 25446.256472|25446.256472,0.000000,0.000000,0.000000
Drone Routes:
Drone 1: 0 144 0 55 78 0 22 0 62 0 182 141 0 115 140 0 180 0 179 0 6 0 152 181 0 106 90 188 0 63 0 56 0 17 120 0 184 172 0 |Drone Time: 25259.628874|25259.628874,0.000000,0.000000,0.000000
Drone 2: 0 164 27 0 118 103 0 129 148 117 0 200 142 183 0 74 169 0 93 0 171 82 0 128 0 35 0 92 0 41 111 0 76 0 153 0 96 0 49 0 89 0 |Drone Time: 25446.208841|25446.208841,0.000000,0.000000,0.000000
Drone 3: 0 159 10 165 0 161 0 75 105 0 162 0 42 99 0 127 0 59 0 18 126 0 58 110 0 138 0 47 112 0 39 0 65 0 45 0 29 1 0 |Drone Time: 25432.667991|25432.667991,0.000000,0.000000,0.000000
Drone 4: 0 193 32 0 48 130 86 0 95 160 0 46 132 113 81 44 107 0 109 199 197 5 0 167 0 147 0 177 57 0 20 125 0 79 0 196 0 116 0 28 0 84 0 53 0 |Drone Time: 25326.620393|25326.620393,0.000000,0.000000,0.000000
Drone 5: 0 143 0 36 187 189 34 0 30 52 0 13 108 0 178 15 0 101 139 150 33 0 70 146 7 0 174 0 64 67 24 0 21 0 104 91 100 192 0 60 0 136 0 68 0 26 158 0 |Drone Time: 25325.706442|25325.706442,0.000000,0.000000,0.000000
Total validation: Makespan=25446.256472, Deadline violation=0.000000, Energy violation=0.000000, Capacity violation=0.000000"
200.30.4,200,4,adaptive,g4,0.5,0.3,0.1,0.6,45,0,31633.718371,25446.256472,25446.256472,25446.256472,1232.957242,FEASIBLE,"Truck 1: 0 71 0 72 198 0 8 16 166 0 133 134 0 31 195 0 |Truck Time: 25015.655773|25015.655773,0.000000,0.000000,0.000000
Truck 2: 0 87 61 23 0 122 43 73 0 194 0 163 69 154 170 88 119 0 168 114 124 0 38 83 185 0 |Truck Time: 25435.023892|25435.023892,0.000000,0.000000,0.000000
Truck 3: 0 40 0 11 14 0 135 123 0 2 66 77 0 98 145 131 0 |Truck Time: 25369.111274|25369.111274,0.000000,0.000000,0.000000
Truck 4: 0 175 80 0 121 0 54 94 151 0 19 191 156 0 97 37 0 186 157 0 |Truck Time: 25263.831315|25263.831315,0.000000,0.000000,0.000000
Truck 5: 0 25 155 137 0 4 0 102 173 149 50 0 190 0 9 12 3 0 51 176 85 0 |Truck Time: 25446.256472|25446.256472,0.000000,0.000000,0.000000","Drone 1: 0 144 0 55 78 0 22 0 62 0 182 141 0 115 140 0 180 0 179 0 6 0 152 181 0 106 90 188 0 63 0 56 0 17 120 0 184 172 0 |Drone Time: 25259.628874|25259.628874,0.000000,0.000000,0.000000
Drone 2: 0 164 27 0 118 103 0 129 148 117 0 200 142 183 0 74 169 0 93 0 171 82 0 128 0 35 0 92 0 41 111 0 76 0 153 0 96 0 49 0 89 0 |Drone Time: 25446.208841|25446.208841,0.000000,0.000000,0.000000
Drone 3: 0 159 10 165 0 161 0 75 105 0 162 0 42 99 0 127 0 59 0 18 126 0 58 110 0 138 0 47 112 0 39 0 65 0 45 0 29 1 0 |Drone Time: 25432.667991|25432.667991,0.000000,0.000000,0.000000
Drone 4: 0 193 32 0 48 130 86 0 95 160 0 46 132 113 81 44 107 0 109 199 197 5 0 167 0 147 0 177 57 0 20 125 0 79 0 196 0 116 0 28 0 84 0 53 0 |Drone Time: 25326.620393|25326.620393,0.000000,0.000000,0.000000
Drone 5: 0 143 0 36 187 189 34 0 30 52 0 13 108 0 178 15 0 101 139 150 33 0 70 146 7 0 174 0 64 67 24 0 21 0 104 91 100 192 0 60 0 136 0 68 0 26 158 0 |Drone Time: 25325.706442|25325.706442,0.000000,0.000000,0.000000",25446.256472,0.0,0.0,0.0,"Truck Routes:
Truck 1: 0 71 0 72 198 0 8 16 166 0 133 134 0 31 195 0 |Truck Time: 25015.655773|25015.655773,0.000000,0.000000,0.000000
Truck 2: 0 87 61 23 0 122 43 73 0 194 0 163 69 154 170 88 119 0 168 114 124 0 38 83 185 0 |Truck Time: 25435.023892|25435.023892,0.000000,0.000000,0.000000
Truck 3: 0 40 0 11 14 0 135 123 0 2 66 77 0 98 145 131 0 |Truck Time: 25369.111274|25369.111274,0.000000,0.000000,0.000000
Truck 4: 0 175 80 0 121 0 54 94 151 0 19 191 156 0 97 37 0 186 157 0 |Truck Time: 25263.831315|25263.831315,0.000000,0.000000,0.000000
Truck 5: 0 25 155 137 0 4 0 102 173 149 50 0 190 0 9 12 3 0 51 176 85 0 |Truck Time: 25446.256472|25446.256472,0.000000,0.000000,0.000000
Drone Routes:
Drone 1: 0 144 0 55 78 0 22 0 62 0 182 141 0 115 140 0 180 0 179 0 6 0 152 181 0 106 90 188 0 63 0 56 0 17 120 0 184 172 0 |Drone Time: 25259.628874|25259.628874,0.000000,0.000000,0.000000
Drone 2: 0 164 27 0 118 103 0 129 148 117 0 200 142 183 0 74 169 0 93 0 171 82 0 128 0 35 0 92 0 41 111 0 76 0 153 0 96 0 49 0 89 0 |Drone Time: 25446.208841|25446.208841,0.000000,0.000000,0.000000
Drone 3: 0 159 10 165 0 161 0 75 105 0 162 0 42 99 0 127 0 59 0 18 126 0 58 110 0 138 0 47 112 0 39 0 65 0 45 0 29 1 0 |Drone Time: 25432.667991|25432.667991,0.000000,0.000000,0.000000
Drone 4: 0 193 32 0 48 130 86 0 95 160 0 46 132 113 81 44 107 0 109 199 197 5 0 167 0 147 0 177 57 0 20 125 0 79 0 196 0 116 0 28 0 84 0 53 0 |Drone Time: 25326.620393|25326.620393,0.000000,0.000000,0.000000
Drone 5: 0 143 0 36 187 189 34 0 30 52 0 13 108 0 178 15 0 101 139 150 33 0 70 146 7 0 174 0 64 67 24 0 21 0 104 91 100 192 0 60 0 136 0 68 0 26 158 0 |Drone Time: 25325.706442|25325.706442,0.000000,0.000000,0.000000
Total validation: Makespan=25446.256472, Deadline violation=0.000000, Energy violation=0.000000, Capacity violation=0.000000"
200.30.4,200,4,cyclic,,,,,,45,0,31633.718371,25244.097696,25244.097696,25244.097696,1187.123581,FEASIBLE,"Truck 1: 0 197 137 0 125 143 0 16 87 80 0 28 0 175 0 152 0 |Truck Time: 24885.536795|24885.536795,0.000000,0.000000,0.000000
Truck 2: 0 53 23 132 156 0 194 0 54 14 39 190 200 0 155 119 25 89 0 195 0 133 180 8 0 |Truck Time: 25052.817599|25052.817599,0.000000,0.000000,0.000000
Truck 3: 0 31 0 177 0 83 38 4 0 97 123 122 0 84 12 60 0 43 98 145 0 |Truck Time: 25236.843786|25236.843786,0.000000,0.000000,0.000000
Truck 4: 0 184 0 37 0 165 171 61 0 19 29 134 0 163 71 0 11 168 0 |Truck Time: 25220.962651|25220.962651,0.000000,0.000000,0.000000
Truck 5: 0 124 157 151 0 26 166 0 102 173 62 0 40 3 0 9 2 0 51 147 85 0 |Truck Time: 25244.097696|25244.097696,0.000000,0.000000,0.000000","Drone 1: 0 141 0 81 162 0 105 181 0 140 115 0 70 176 0 20 30 0 193 0 35 0 6 0 191 146 0 106 0 41 111 0 56 0 21 183 0 |Drone Time: 25183.846785|25183.846785,0.000000,0.000000,0.000000
Drone 2: 0 99 0 48 0 94 0 129 59 0 96 0 128 0 179 0 78 0 149 55 0 76 0 153 0 88 185 0 49 0 22 0 17 120 0 131 169 0 |Drone Time: 25234.404615|25234.404615,0.000000,0.000000,0.000000
Drone 3: 0 158 75 86 188 90 0 135 0 182 63 0 69 142 0 118 103 0 42 74 130 57 0 66 148 0 138 0 47 112 0 5 127 0 65 0 45 0 159 172 0 198 1 0 |Drone Time: 25242.838405|25242.838405,0.000000,0.000000,0.000000
Drone 4: 0 92 32 0 27 160 0 144 0 126 82 0 95 164 0 46 44 107 0 199 109 73 0 167 0 15 113 0 58 110 0 72 0 79 0 196 0 116 0 101 10 0 50 0 |Drone Time: 25143.194221|25143.194221,0.000000,0.000000,0.000000
Drone 5: 0 93 186 0 18 154 0 36 187 189 34 0 13 52 108 0 114 178 0 121 139 150 33 0 7 0 174 0 64 67 24 0 161 0 104 91 100 192 0 117 0 136 0 68 0 77 0 170 0 |Drone Time: 25207.900406|25207.900406,0.000000,0.000000,0.000000",25244.097696,0.0,0.0,0.0,"Truck Routes:
Truck 1: 0 197 137 0 125 143 0 16 87 80 0 28 0 175 0 152 0 |Truck Time: 24885.536795|24885.536795,0.000000,0.000000,0.000000
Truck 2: 0 53 23 132 156 0 194 0 54 14 39 190 200 0 155 119 25 89 0 195 0 133 180 8 0 |Truck Time: 25052.817599|25052.817599,0.000000,0.000000,0.000000
Truck 3: 0 31 0 177 0 83 38 4 0 97 123 122 0 84 12 60 0 43 98 145 0 |Truck Time: 25236.843786|25236.843786,0.000000,0.000000,0.000000
Truck 4: 0 184 0 37 0 165 171 61 0 19 29 134 0 163 71 0 11 168 0 |Truck Time: 25220.962651|25220.962651,0.000000,0.000000,0.000000
Truck 5: 0 124 157 151 0 26 166 0 102 173 62 0 40 3 0 9 2 0 51 147 85 0 |Truck Time: 25244.097696|25244.097696,0.000000,0.000000,0.000000
Drone Routes:
Drone 1: 0 141 0 81 162 0 105 181 0 140 115 0 70 176 0 20 30 0 193 0 35 0 6 0 191 146 0 106 0 41 111 0 56 0 21 183 0 |Drone Time: 25183.846785|25183.846785,0.000000,0.000000,0.000000
Drone 2: 0 99 0 48 0 94 0 129 59 0 96 0 128 0 179 0 78 0 149 55 0 76 0 153 0 88 185 0 49 0 22 0 17 120 0 131 169 0 |Drone Time: 25234.404615|25234.404615,0.000000,0.000000,0.000000
Drone 3: 0 158 75 86 188 90 0 135 0 182 63 0 69 142 0 118 103 0 42 74 130 57 0 66 148 0 138 0 47 112 0 5 127 0 65 0 45 0 159 172 0 198 1 0 |Drone Time: 25242.838405|25242.838405,0.000000,0.000000,0.000000
Drone 4: 0 92 32 0 27 160 0 144 0 126 82 0 95 164 0 46 44 107 0 199 109 73 0 167 0 15 113 0 58 110 0 72 0 79 0 196 0 116 0 101 10 0 50 0 |Drone Time: 25143.194221|25143.194221,0.000000,0.000000,0.000000
Drone 5: 0 93 186 0 18 154 0 36 187 189 34 0 13 52 108 0 114 178 0 121 139 150 33 0 7 0 174 0 64 67 24 0 161 0 104 91 100 192 0 117 0 136 0 68 0 77 0 170 0 |Drone Time: 25207.900406|25207.900406,0.000000,0.000000,0.000000
Total validation: Makespan=25244.097696, Deadline violation=0.000000, Energy violation=0.000000, Capacity violation=0.000000"
200.30.4,200,4,random,,,,,,45,0,31633.718371,25605.065017,25605.065017,25605.065017,1480.272785,FEASIBLE,"Truck 1: 0 5 0 145 0 73 195 0 125 83 0 72 179 109 0 51 176 85 0 |Truck Time: 25507.091301|25507.091301,0.000000,0.000000,0.000000
Truck 2: 0 190 0 184 80 0 31 143 157 137 0 8 191 29 19 0 133 32 0 110 26 0 |Truck Time: 25556.025714|25556.025714,0.000000,0.000000,0.000000
Truck 3: 0 40 194 0 23 61 0 158 12 119 0 135 123 122 0 200 175 124 151 0 48 43 57 198 0 |Truck Time: 25588.472677|25588.472677,0.000000,0.000000,0.000000
Truck 4: 0 71 186 0 177 0 60 0 47 49 134 0 39 54 100 197 0 140 167 94 168 0 |Truck Time: 25605.065017|25605.065017,0.000000,0.000000,0.000000
Truck 5: 0 155 89 0 4 0 173 149 0 126 117 28 0 9 2 181 0 62 102 199 0 |Truck Time: 25563.083898|25563.083898,0.000000,0.000000,0.000000","Drone 1: 0 193 0 37 0 152 42 0 129 148 141 0 3 0 15 0 25 0 180 0 66 75 0 6 0 22 0 106 0 63 0 56 0 163 188 90 0 53 0 |Drone Time: 25423.142994|25423.142994,0.000000,0.000000,0.000000
Drone 2: 0 118 103 0 27 187 189 34 0 160 146 0 114 178 0 38 93 0 171 82 0 128 0 182 165 35 0 30 0 11 52 0 16 0 58 183 0 96 0 50 0 77 0 |Drone Time: 24966.010458|24966.010458,0.000000,0.000000,0.000000
Drone 3: 0 69 0 76 0 86 105 0 162 0 99 0 127 0 59 0 74 0 153 0 138 0 67 24 0 98 0 65 0 104 91 0 17 120 0 87 1 0 |Drone Time: 25569.586928|25569.586928,0.000000,0.000000,0.000000
Drone 4: 0 170 142 0 78 115 0 95 112 0 156 70 0 44 107 46 132 113 81 0 166 97 0 130 14 0 147 0 18 154 0 92 10 0 79 0 196 0 116 0 159 172 0 84 0 |Drone Time: 25019.393174|25019.393174,0.000000,0.000000,0.000000
Drone 5: 0 144 0 150 139 121 0 36 164 0 41 111 0 13 108 0 131 169 0 101 33 0 7 0 174 0 64 45 192 0 21 0 20 55 0 161 0 136 0 68 0 88 185 0 |Drone Time: 24982.983505|24982.983505,0.000000,0.000000,0.000000",25605.065017,0.0,0.0,0.0,"Truck Routes:
Truck 1: 0 5 0 145 0 73 195 0 125 83 0 72 179 109 0 51 176 85 0 |Truck Time: 25507.091301|25507.091301,0.000000,0.000000,0.000000
Truck 2: 0 190 0 184 80 0 31 143 157 137 0 8 191 29 19 0 133 32 0 110 26 0 |Truck Time: 25556.025714|25556.025714,0.000000,0.000000,0.000000
Truck 3: 0 40 194 0 23 61 0 158 12 119 0 135 123 122 0 200 175 124 151 0 48 43 57 198 0 |Truck Time: 25588.472677|25588.472677,0.000000,0.000000,0.000000
Truck 4: 0 71 186 0 177 0 60 0 47 49 134 0 39 54 100 197 0 140 167 94 168 0 |Truck Time: 25605.065017|25605.065017,0.000000,0.000000,0.000000
Truck 5: 0 155 89 0 4 0 173 149 0 126 117 28 0 9 2 181 0 62 102 199 0 |Truck Time: 25563.083898|25563.083898,0.000000,0.000000,0.000000
Drone Routes:
Drone 1: 0 193 0 37 0 152 42 0 129 148 141 0 3 0 15 0 25 0 180 0 66 75 0 6 0 22 0 106 0 63 0 56 0 163 188 90 0 53 0 |Drone Time: 25423.142994|25423.142994,0.000000,0.000000,0.000000
Drone 2: 0 118 103 0 27 187 189 34 0 160 146 0 114 178 0 38 93 0 171 82 0 128 0 182 165 35 0 30 0 11 52 0 16 0 58 183 0 96 0 50 0 77 0 |Drone Time: 24966.010458|24966.010458,0.000000,0.000000,0.000000
Drone 3: 0 69 0 76 0 86 105 0 162 0 99 0 127 0 59 0 74 0 153 0 138 0 67 24 0 98 0 65 0 104 91 0 17 120 0 87 1 0 |Drone Time: 25569.586928|25569.586928,0.000000,0.000000,0.000000
Drone 4: 0 170 142 0 78 115 0 95 112 0 156 70 0 44 107 46 132 113 81 0 166 97 0 130 14 0 147 0 18 154 0 92 10 0 79 0 196 0 116 0 159 172 0 84 0 |Drone Time: 25019.393174|25019.393174,0.000000,0.000000,0.000000
Drone 5: 0 144 0 150 139 121 0 36 164 0 41 111 0 13 108 0 131 169 0 101 33 0 7 0 174 0 64 45 192 0 21 0 20 55 0 161 0 136 0 68 0 88 185 0 |Drone Time: 24982.983505|24982.983505,0.000000,0.000000,0.000000
Total validation: Makespan=25605.065017, Deadline violation=0.000000, Energy violation=0.000000, Capacity violation=0.000000"
200.30.4,200,5,adaptive,g1,0.3,0.2,0.1,0.3,46,0,30857.673727,26663.433096,26663.433096,26663.433096,1216.49494,FEASIBLE,"Truck 1: 0 168 0 14 196 4 0 163 20 0 66 12 0 133 0 |Truck Time: 26594.410627|26594.410627,0.000000,0.000000,0.000000
Truck 2: 0 184 80 0 44 0 73 0 190 0 135 136 87 0 9 2 82 0 142 183 22 0 |Truck Time: 26622.361257|26622.361257,0.000000,0.000000,0.000000
Truck 3: 0 31 157 89 0 104 39 194 0 43 122 0 61 3 185 0 102 74 0 51 176 85 0 |Truck Time: 26566.241000|26566.241000,0.000000,0.000000,0.000000
Truck 4: 0 166 156 0 40 0 198 0 123 37 0 19 191 0 110 197 0 186 38 124 151 0 |Truck Time: 26627.725558|26627.725558,0.000000,0.000000,0.000000
Truck 5: 0 195 0 125 0 50 0 60 119 0 145 62 131 0 54 55 100 0 59 28 0 |Truck Time: 26663.433096|26663.433096,0.000000,0.000000,0.000000","Drone 1: 0 48 42 169 0 143 165 0 182 35 148 0 177 139 0 16 132 91 52 0 45 192 200 0 128 57 109 0 147 0 158 126 86 188 0 175 111 0 98 0 153 0 117 0 25 120 0 68 0 |Drone Time: 26548.639882|26548.639882,0.000000,0.000000,0.000000
Drone 2: 0 5 23 0 92 172 0 138 130 0 36 70 32 0 27 141 0 127 0 26 1 97 0 180 0 179 0 47 112 0 134 164 0 93 0 96 0 116 0 155 0 101 159 0 |Drone Time: 26635.113844|26635.113844,0.000000,0.000000,0.000000
Drone 3: 0 140 146 81 113 0 187 189 8 0 107 0 94 0 99 0 15 0 167 0 174 0 69 0 21 0 193 0 18 71 0 34 75 170 0 56 0 173 0 84 0 |Drone Time: 26612.926880|26612.926880,0.000000,0.000000,0.000000
Drone 4: 0 149 0 105 129 0 199 10 103 0 13 72 0 162 0 88 83 67 0 118 58 0 7 0 95 160 0 6 0 11 0 79 0 65 0 49 0 161 0 77 0 |Drone Time: 26530.903249|26530.903249,0.000000,0.000000,0.000000
Drone 5: 0 152 181 0 90 154 115 0 33 150 121 0 144 0 41 108 0 114 178 0 24 30 0 53 46 0 29 0 78 0 76 0 106 0 63 0 17 0 171 0 137 64 0 |Drone Time: 26508.212706|26508.212706,0.000000,0.000000,0.000000",26663.433096,0.0,0.0,0.0,"Truck Routes:
Truck 1: 0 168 0 14 196 4 0 163 20 0 66 12 0 133 0 |Truck Time: 26594.410627|26594.410627,0.000000,0.000000,0.000000
Truck 2: 0 184 80 0 44 0 73 0 190 0 135 136 87 0 9 2 82 0 142 183 22 0 |Truck Time: 26622.361257|26622.361257,0.000000,0.000000,0.000000
Truck 3: 0 31 157 89 0 104 39 194 0 43 122 0 61 3 185 0 102 74 0 51 176 85 0 |Truck Time: 26566.241000|26566.241000,0.000000,0.000000,0.000000
Truck 4: 0 166 156 0 40 0 198 0 123 37 0 19 191 0 110 197 0 186 38 124 151 0 |Truck Time: 26627.725558|26627.725558,0.000000,0.000000,0.000000
Truck 5: 0 195 0 125 0 50 0 60 119 0 145 62 131 0 54 55 100 0 59 28 0 |Truck Time: 26663.433096|26663.433096,0.000000,0.000000,0.000000
Drone Routes:
Drone 1: 0 48 42 169 0 143 165 0 182 35 148 0 177 139 0 16 132 91 52 0 45 192 200 0 128 57 109 0 147 0 158 126 86 188 0 175 111 0 98 0 153 0 117 0 25 120 0 68 0 |Drone Time: 26548.639882|26548.639882,0.000000,0.000000,0.000000
Drone 2: 0 5 23 0 92 172 0 138 130 0 36 70 32 0 27 141 0 127 0 26 1 97 0 180 0 179 0 47 112 0 134 164 0 93 0 96 0 116 0 155 0 101 159 0 |Drone Time: 26635.113844|26635.113844,0.000000,0.000000,0.000000
Drone 3: 0 140 146 81 113 0 187 189 8 0 107 0 94 0 99 0 15 0 167 0 174 0 69 0 21 0 193 0 18 71 0 34 75 170 0 56 0 173 0 84 0 |Drone Time: 26612.926880|26612.926880,0.000000,0.000000,0.000000
Drone 4: 0 149 0 105 129 0 199 10 103 0 13 72 0 162 0 88 83 67 0 118 58 0 7 0 95 160 0 6 0 11 0 79 0 65 0 49 0 161 0 77 0 |Drone Time: 26530.903249|26530.903249,0.000000,0.000000,0.000000
Drone 5: 0 152 181 0 90 154 115 0 33 150 121 0 144 0 41 108 0 114 178 0 24 30 0 53 46 0 29 0 78 0 76 0 106 0 63 0 17 0 171 0 137 64 0 |Drone Time: 26508.212706|26508.212706,0.000000,0.000000,0.000000
Total validation: Makespan=26663.433096, Deadline violation=0.000000, Energy violation=0.000000, Capacity violation=0.000000"
200.30.4,200,5,adaptive,g2,0.5,0.3,0.1,0.3,46,0,30857.673727,25476.559657,25476.559657,25476.559657,1742.55595,FEASIBLE,"Truck 1: 0 20 38 143 190 0 54 14 196 124 0 9 2 59 28 0 133 0 46 0 |Truck Time: 25099.022118|25099.022118,0.000000,0.000000,0.000000
Truck 2: 0 184 0 107 1 0 177 0 26 157 0 135 123 37 73 80 0 66 77 0 142 183 149 0 |Truck Time: 25476.559657|25476.559657,0.000000,0.000000,0.000000
Truck 3: 0 151 0 104 39 194 0 102 74 33 0 61 3 185 0 145 98 198 0 51 176 85 0 |Truck Time: 25463.570527|25463.570527,0.000000,0.000000,0.000000
Truck 4: 0 156 0 40 0 131 0 60 0 19 191 0 136 44 197 0 83 155 84 31 0 |Truck Time: 25336.963039|25336.963039,0.000000,0.000000,0.000000
Truck 5: 0 168 4 0 166 0 43 122 0 16 87 0 163 119 89 0 63 0 |Truck Time: 25318.655970|25318.655970,0.000000,0.000000,0.000000","Drone 1: 0 48 169 0 140 0 182 35 165 0 134 164 0 186 78 100 91 55 0 192 45 200 0 128 57 10 0 147 0 158 126 86 188 0 175 111 0 62 0 153 0 117 0 12 120 0 68 0 |Drone Time: 25400.689201|25400.689201,0.000000,0.000000,0.000000
Drone 2: 0 23 0 92 172 0 105 129 113 0 36 32 70 0 27 141 0 127 0 137 109 0 180 0 179 0 52 22 0 82 148 0 93 0 114 0 174 132 0 101 159 0 |Drone Time: 25417.217648|25417.217648,0.000000,0.000000,0.000000
Drone 3: 0 187 47 0 195 0 94 0 42 99 0 81 15 146 0 167 0 116 0 69 0 21 0 193 0 18 71 0 34 75 170 0 150 0 173 0 25 0 13 72 0 |Drone Time: 25422.712905|25422.712905,0.000000,0.000000,0.000000
Drone 4: 0 8 189 112 0 97 138 199 0 103 130 0 162 0 88 125 67 0 118 58 0 7 0 95 160 0 139 6 0 11 0 79 0 65 0 49 0 161 0 181 0 |Drone Time: 25475.007422|25475.007422,0.000000,0.000000,0.000000
Drone 5: 0 152 0 110 178 115 0 121 0 144 0 41 108 0 90 154 0 24 30 0 53 5 0 29 0 96 0 76 0 106 0 56 0 17 0 171 0 50 64 0 |Drone Time: 25439.180504|25439.180504,0.000000,0.000000,0.000000",25476.559657,0.0,0.0,0.0,"Truck Routes:
Truck 1: 0 20 38 143 190 0 54 14 196 124 0 9 2 59 28 0 133 0 46 0 |Truck Time: 25099.022118|25099.022118,0.000000,0.000000,0.000000
Truck 2: 0 184 0 107 1 0 177 0 26 157 0 135 123 37 73 80 0 66 77 0 142 183 149 0 |Truck Time: 25476.559657|25476.559657,0.000000,0.000000,0.000000
Truck 3: 0 151 0 104 39 194 0 102 74 33 0 61 3 185 0 145 98 198 0 51 176 85 0 |Truck Time: 25463.570527|25463.570527,0.000000,0.000000,0.000000
Truck 4: 0 156 0 40 0 131 0 60 0 19 191 0 136 44 197 0 83 155 84 31 0 |Truck Time: 25336.963039|25336.963039,0.000000,0.000000,0.000000
Truck 5: 0 168 4 0 166 0 43 122 0 16 87 0 163 119 89 0 63 0 |Truck Time: 25318.655970|25318.655970,0.000000,0.000000,0.000000
Drone Routes:
Drone 1: 0 48 169 0 140 0 182 35 165 0 134 164 0 186 78 100 91 55 0 192 45 200 0 128 57 10 0 147 0 158 126 86 188 0 175 111 0 62 0 153 0 117 0 12 120 0 68 0 |Drone Time: 25400.689201|25400.689201,0.000000,0.000000,0.000000
Drone 2: 0 23 0 92 172 0 105 129 113 0 36 32 70 0 27 141 0 127 0 137 109 0 180 0 179 0 52 22 0 82 148 0 93 0 114 0 174 132 0 101 159 0 |Drone Time: 25417.217648|25417.217648,0.000000,0.000000,0.000000
Drone 3: 0 187 47 0 195 0 94 0 42 99 0 81 15 146 0 167 0 116 0 69 0 21 0 193 0 18 71 0 34 75 170 0 150 0 173 0 25 0 13 72 0 |Drone Time: 25422.712905|25422.712905,0.000000,0.000000,0.000000
Drone 4: 0 8 189 112 0 97 138 199 0 103 130 0 162 0 88 125 67 0 118 58 0 7 0 95 160 0 139 6 0 11 0 79 0 65 0 49 0 161 0 181 0 |Drone Time: 25475.007422|25475.007422,0.000000,0.000000,0.000000
Drone 5: 0 152 0 110 178 115 0 121 0 144 0 41 108 0 90 154 0 24 30 0 53 5 0 29 0 96 0 76 0 106 0 56 0 17 0 171 0 50 64 0 |Drone Time: 25439.180504|25439.180504,0.000000,0.000000,0.000000
Total validation: Makespan=25476.559657, Deadline violation=0.000000, Energy violation=0.000000, Capacity violation=0.000000"
200.30.4,200,5,adaptive,g3,0.3,0.2,0.1,0.6,46,0,30857.673727,26662.93577,26662.93577,26662.93577,1046.605737,FEASIBLE,"Truck 1: 0 168 0 196 4 0 163 20 0 66 119 0 133 132 0 |Truck Time: 26603.118340|26603.118340,0.000000,0.000000,0.000000
Truck 2: 0 107 80 0 44 0 177 0 190 0 135 136 87 0 9 2 82 0 142 183 22 0 |Truck Time: 26649.295703|26649.295703,0.000000,0.000000,0.000000
Truck 3: 0 31 157 89 0 104 39 194 0 43 122 0 61 3 185 0 102 74 0 51 176 85 0 |Truck Time: 26566.241000|26566.241000,0.000000,0.000000,0.000000
Truck 4: 0 73 0 40 0 198 0 123 37 184 0 19 191 0 110 197 0 186 38 124 151 0 |Truck Time: 26589.108823|26589.108823,0.000000,0.000000,0.000000
Truck 5: 0 50 64 0 12 60 0 137 0 156 166 0 145 98 139 0 131 0 59 28 0 |Truck Time: 26662.935770|26662.935770,0.000000,0.000000,0.000000","Drone 1: 0 48 42 169 0 143 14 0 182 35 148 0 55 149 0 16 100 91 52 0 45 192 200 0 128 57 109 0 147 0 158 126 86 188 0 175 111 0 62 0 153 0 117 0 25 120 0 68 0 |Drone Time: 25843.740608|25843.740608,0.000000,0.000000,0.000000
Drone 2: 0 5 23 0 92 172 0 138 130 0 36 70 32 0 27 141 0 127 0 26 1 97 0 180 0 179 0 47 112 0 134 164 0 93 0 96 0 116 0 155 0 101 159 0 |Drone Time: 26635.113844|26635.113844,0.000000,0.000000,0.000000
Drone 3: 0 140 146 81 113 0 187 189 8 0 195 0 94 0 99 0 15 0 167 0 174 0 69 0 21 0 193 0 18 71 0 34 75 170 0 56 0 173 0 84 0 |Drone Time: 26644.013961|26644.013961,0.000000,0.000000,0.000000
Drone 4: 0 54 0 105 129 0 199 10 103 0 13 72 0 162 0 88 125 67 0 118 58 0 7 0 95 160 165 0 6 0 11 0 79 0 65 0 49 0 161 0 77 0 |Drone Time: 26636.927138|26636.927138,0.000000,0.000000,0.000000
Drone 5: 0 152 181 0 90 154 115 0 33 150 121 0 144 0 41 108 0 114 178 0 24 30 0 53 46 0 29 0 78 0 76 0 106 0 63 0 17 0 171 0 83 0 |Drone Time: 26604.868578|26604.868578,0.000000,0.000000,0.000000",26662.93577,0.0,0.0,0.0,"Truck Routes:
Truck 1: 0 168 0 196 4 0 163 20 0 66 119 0 133 132 0 |Truck Time: 26603.118340|26603.118340,0.000000,0.000000,0.000000
Truck 2: 0 107 80 0 44 0 177 0 190 0 135 136 87 0 9 2 82 0 142 183 22 0 |Truck Time: 26649.295703|26649.295703,0.000000,0.000000,0.000000
Truck 3: 0 31 157 89 0 104 39 194 0 43 122 0 61 3 185 0 102 74 0 51 176 85 0 |Truck Time: 26566.241000|26566.241000,0.000000,0.000000,0.000000
Truck 4: 0 73 0 40 0 198 0 123 37 184 0 19 191 0 110 197 0 186 38 124 151 0 |Truck Time: 26589.108823|26589.108823,0.000000,0.000000,0.000000
Truck 5: 0 50 64 0 12 60 0 137 0 156 166 0 145 98 139 0 131 0 59 28 0 |Truck Time: 26662.935770|26662.935770,0.000000,0.000000,0.000000
Drone Routes:
Drone 1: 0 48 42 169 0 143 14 0 182 35 148 0 55 149 0 16 100 91 52 0 45 192 200 0 128 57 109 0 147 0 158 126 86 188 0 175 111 0 62 0 153 0 117 0 25 120 0 68 0 |Drone Time: 25843.740608|25843.740608,0.000000,0.000000,0.000000
Drone 2: 0 5 23 0 92 172 0 138 130 0 36 70 32 0 27 141 0 127 0 26 1 97 0 180 0 179 0 47 112 0 134 164 0 93 0 96 0 116 0 155 0 101 159 0 |Drone Time: 26635.113844|26635.113844,0.000000,0.000000,0.000000
Drone 3: 0 140 146 81 113 0 187 189 8 0 195 0 94 0 99 0 15 0 167 0 174 0 69 0 21 0 193 0 18 71 0 34 75 170 0 56 0 173 0 84 0 |Drone Time: 26644.013961|26644.013961,0.000000,0.000000,0.000000
Drone 4: 0 54 0 105 129 0 199 10 103 0 13 72 0 162 0 88 125 67 0 118 58 0 7 0 95 160 165 0 6 0 11 0 79 0 65 0 49 0 161 0 77 0 |Drone Time: 26636.927138|26636.927138,0.000000,0.000000,0.000000
Drone 5: 0 152 181 0 90 154 115 0 33 150 121 0 144 0 41 108 0 114 178 0 24 30 0 53 46 0 29 0 78 0 76 0 106 0 63 0 17 0 171 0 83 0 |Drone Time: 26604.868578|26604.868578,0.000000,0.000000,0.000000
Total validation: Makespan=26662.935770, Deadline violation=0.000000, Energy violation=0.000000, Capacity violation=0.000000"
200.30.4,200,5,adaptive,g4,0.5,0.3,0.1,0.6,46,0,30857.673727,25450.707137,25450.707137,25450.707137,1520.625789,FEASIBLE,"Truck 1: 0 91 104 194 0 39 13 14 124 0 66 59 28 0 133 0 190 0 |Truck Time: 25438.060880|25438.060880,0.000000,0.000000,0.000000
Truck 2: 0 199 10 184 107 0 177 0 132 0 135 123 68 1 0 9 2 82 0 142 196 168 0 |Truck Time: 25441.242715|25441.242715,0.000000,0.000000,0.000000
Truck 3: 0 25 3 0 54 0 43 122 0 5 61 0 102 72 0 51 176 85 0 |Truck Time: 25450.707137|25450.707137,0.000000,0.000000,0.000000
Truck 4: 0 166 156 0 80 26 0 198 0 19 191 0 143 4 125 0 136 87 0 110 197 0 |Truck Time: 25438.243688|25438.243688,0.000000,0.000000,0.000000
Truck 5: 0 40 50 0 195 0 119 31 155 157 89 0 98 145 62 131 0 73 139 0 163 154 186 20 0 |Truck Time: 25448.718496|25448.718496,0.000000,0.000000,0.000000","Drone 1: 0 103 0 151 165 0 182 35 148 0 55 183 149 0 70 16 44 97 0 95 160 0 128 57 109 0 147 0 158 126 86 188 0 175 111 0 22 0 153 0 117 0 12 120 0 92 172 0 |Drone Time: 25427.664412|25427.664412,0.000000,0.000000,0.000000
Drone 2: 0 23 0 37 0 138 130 0 32 8 0 27 141 0 127 146 81 113 0 180 0 179 0 47 112 0 134 164 0 93 0 96 0 116 0 60 0 101 159 0 |Drone Time: 25419.208764|25419.208764,0.000000,0.000000,0.000000
Drone 3: 0 64 100 140 0 187 189 36 0 185 0 94 0 99 0 114 178 0 167 0 174 0 69 0 21 0 193 0 18 71 0 34 75 170 0 56 0 173 0 84 0 |Drone Time: 25415.678296|25415.678296,0.000000,0.000000,0.000000
Drone 4: 0 48 42 169 0 118 58 0 162 0 88 83 67 0 152 181 0 7 0 45 52 0 6 0 11 0 79 0 65 0 49 0 161 0 77 0 105 129 0 |Drone Time: 25034.235294|25034.235294,0.000000,0.000000,0.000000
Drone 5: 0 74 0 38 90 115 0 33 150 121 0 144 0 41 108 0 15 0 24 30 0 53 46 0 29 0 78 0 76 0 106 0 63 0 17 0 171 0 137 200 192 0 |Drone Time: 25298.099509|25298.099509,0.000000,0.000000,0.000000",25450.707137,0.0,0.0,0.0,"Truck Routes:
Truck 1: 0 91 104 194 0 39 13 14 124 0 66 59 28 0 133 0 190 0 |Truck Time: 25438.060880|25438.060880,0.000000,0.000000,0.000000
Truck 2: 0 199 10 184 107 0 177 0 132 0 135 123 68 1 0 9 2 82 0 142 196 168 0 |Truck Time: 25441.242715|25441.242715,0.000000,0.000000,0.000000
Truck 3: 0 25 3 0 54 0 43 122 0 5 61 0 102 72 0 51 176 85 0 |Truck Time: 25450.707137|25450.707137,0.000000,0.000000,0.000000
Truck 4: 0 166 156 0 80 26 0 198 0 19 191 0 143 4 125 0 136 87 0 110 197 0 |Truck Time: 25438.243688|25438.243688,0.000000,0.000000,0.000000
Truck 5: 0 40 50 0 195 0 119 31 155 157 89 0 98 145 62 131 0 73 139 0 163 154 186 20 0 |Truck Time: 25448.718496|25448.718496,0.000000,0.000000,0.000000
Drone Routes:
Drone 1: 0 103 0 151 165 0 182 35 148 0 55 183 149 0 70 16 44 97 0 95 160 0 128 57 109 0 147 0 158 126 86 188 0 175 111 0 22 0 153 0 117 0 12 120 0 92 172 0 |Drone Time: 25427.664412|25427.664412,0.000000,0.000000,0.000000
Drone 2: 0 23 0 37 0 138 130 0 32 8 0 27 141 0 127 146 81 113 0 180 0 179 0 47 112 0 134 164 0 93 0 96 0 116 0 60 0 101 159 0 |Drone Time: 25419.208764|25419.208764,0.000000,0.000000,0.000000
Drone 3: 0 64 100 140 0 187 189 36 0 185 0 94 0 99 0 114 178 0 167 0 174 0 69 0 21 0 193 0 18 71 0 34 75 170 0 56 0 173 0 84 0 |Drone Time: 25415.678296|25415.678296,0.000000,0.000000,0.000000
Drone 4: 0 48 42 169 0 118 58 0 162 0 88 83 67 0 152 181 0 7 0 45 52 0 6 0 11 0 79 0 65 0 49 0 161 0 77 0 105 129 0 |Drone Time: 25034.235294|25034.235294,0.000000,0.000000,0.000000
Drone 5: 0 74 0 38 90 115 0 33 150 121 0 144 0 41 108 0 15 0 24 30 0 53 46 0 29 0 78 0 76 0 106 0 63 0 17 0 171 0 137 200 192 0 |Drone Time: 25298.099509|25298.099509,0.000000,0.000000,0.000000
Total validation: Makespan=25450.707137, Deadline violation=0.000000, Energy violation=0.000000, Capacity violation=0.000000"
200.30.4,200,5,cyclic,,,,,,46,0,30857.673727,25985.390607,25985.390607,25985.390607,1467.708465,FEASIBLE,"Truck 1: 0 87 0 190 0 122 0 2 9 59 28 0 133 8 0 134 0 |Truck Time: 25303.259028|25303.259028,0.000000,0.000000,0.000000
Truck 2: 0 5 23 3 0 157 0 135 123 0 131 0 163 154 170 84 0 119 12 31 0 73 10 0 |Truck Time: 25845.823837|25845.823837,0.000000,0.000000,0.000000
Truck 3: 0 184 0 104 0 149 194 0 20 14 0 39 177 0 32 176 147 44 107 0 |Truck Time: 25985.390607|25985.390607,0.000000,0.000000,0.000000
Truck 4: 0 50 197 185 89 0 132 0 11 142 22 54 0 16 96 191 166 0 98 145 62 102 0 33 0 |Truck Time: 25761.437580|25761.437580,0.000000,0.000000,0.000000
Truck 5: 0 26 195 0 4 0 83 0 66 82 0 198 0 19 156 0 140 94 168 0 |Truck Time: 25833.147197|25833.147197,0.000000,0.000000,0.000000","Drone 1: 0 199 110 169 172 0 143 115 0 182 165 0 105 0 151 100 91 52 0 45 55 0 128 97 1 0 99 42 0 158 126 181 0 175 111 0 80 0 153 0 117 0 25 120 0 68 0 |Drone Time: 25463.698154|25463.698154,0.000000,0.000000,0.000000
Drone 2: 0 85 51 0 138 130 0 193 34 0 141 36 0 127 0 37 164 0 180 0 179 0 49 112 0 148 75 60 0 90 196 0 124 0 116 0 155 0 101 159 0 |Drone Time: 25615.943997|25615.943997,0.000000,0.000000,0.000000
Drone 3: 0 93 70 0 46 27 0 24 30 0 152 0 121 58 0 15 0 167 0 174 0 188 69 38 0 21 0 92 0 18 71 0 136 0 56 0 173 0 61 0 |Drone Time: 25490.082033|25490.082033,0.000000,0.000000,0.000000
Drone 4: 0 74 103 0 113 189 187 81 146 0 13 72 0 162 0 125 67 186 0 53 0 7 0 95 160 0 6 0 43 0 139 129 79 0 65 0 47 0 161 0 77 0 |Drone Time: 25958.122784|25958.122784,0.000000,0.000000,0.000000
Drone 5: 0 48 0 88 86 0 57 109 118 150 0 144 0 41 108 0 114 178 0 40 192 200 0 35 0 29 0 183 78 0 76 0 106 0 63 0 17 0 171 0 137 64 0 |Drone Time: 25891.195016|25891.195016,0.000000,0.000000,0.000000",25985.390607,0.0,0.0,0.0,"Truck Routes:
Truck 1: 0 87 0 190 0 122 0 2 9 59 28 0 133 8 0 134 0 |Truck Time: 25303.259028|25303.259028,0.000000,0.000000,0.000000
Truck 2: 0 5 23 3 0 157 0 135 123 0 131 0 163 154 170 84 0 119 12 31 0 73 10 0 |Truck Time: 25845.823837|25845.823837,0.000000,0.000000,0.000000
Truck 3: 0 184 0 104 0 149 194 0 20 14 0 39 177 0 32 176 147 44 107 0 |Truck Time: 25985.390607|25985.390607,0.000000,0.000000,0.000000
Truck 4: 0 50 197 185 89 0 132 0 11 142 22 54 0 16 96 191 166 0 98 145 62 102 0 33 0 |Truck Time: 25761.437580|25761.437580,0.000000,0.000000,0.000000
Truck 5: 0 26 195 0 4 0 83 0 66 82 0 198 0 19 156 0 140 94 168 0 |Truck Time: 25833.147197|25833.147197,0.000000,0.000000,0.000000
Drone Routes:
Drone 1: 0 199 110 169 172 0 143 115 0 182 165 0 105 0 151 100 91 52 0 45 55 0 128 97 1 0 99 42 0 158 126 181 0 175 111 0 80 0 153 0 117 0 25 120 0 68 0 |Drone Time: 25463.698154|25463.698154,0.000000,0.000000,0.000000
Drone 2: 0 85 51 0 138 130 0 193 34 0 141 36 0 127 0 37 164 0 180 0 179 0 49 112 0 148 75 60 0 90 196 0 124 0 116 0 155 0 101 159 0 |Drone Time: 25615.943997|25615.943997,0.000000,0.000000,0.000000
Drone 3: 0 93 70 0 46 27 0 24 30 0 152 0 121 58 0 15 0 167 0 174 0 188 69 38 0 21 0 92 0 18 71 0 136 0 56 0 173 0 61 0 |Drone Time: 25490.082033|25490.082033,0.000000,0.000000,0.000000
Drone 4: 0 74 103 0 113 189 187 81 146 0 13 72 0 162 0 125 67 186 0 53 0 7 0 95 160 0 6 0 43 0 139 129 79 0 65 0 47 0 161 0 77 0 |Drone Time: 25958.122784|25958.122784,0.000000,0.000000,0.000000
Drone 5: 0 48 0 88 86 0 57 109 118 150 0 144 0 41 108 0 114 178 0 40 192 200 0 35 0 29 0 183 78 0 76 0 106 0 63 0 17 0 171 0 137 64 0 |Drone Time: 25891.195016|25891.195016,0.000000,0.000000,0.000000
Total validation: Makespan=25985.390607, Deadline violation=0.000000, Energy violation=0.000000, Capacity violation=0.000000"
200.30.4,200,5,random,,,,,,46,0,30857.673727,26009.287784,26009.287784,26009.287784,1208.885432,FEASIBLE,"Truck 1: 0 82 53 0 145 48 42 0 133 8 0 2 0 50 0 |Truck Time: 25615.915143|25615.915143,0.000000,0.000000,0.000000
Truck 2: 0 4 200 0 192 0 31 0 40 87 184 0 54 142 0 43 0 66 59 9 0 |Truck Time: 25971.818020|25971.818020,0.000000,0.000000,0.000000
Truck 3: 0 102 62 177 0 39 104 26 0 96 16 44 107 0 123 135 0 51 176 85 0 |Truck Time: 25809.027986|25809.027986,0.000000,0.000000,0.000000
Truck 4: 0 89 195 0 197 166 0 122 0 198 0 19 134 0 191 0 20 14 22 0 |Truck Time: 26009.287784|26009.287784,0.000000,0.000000,0.000000
Truck 5: 0 157 3 0 156 0 131 80 0 60 126 12 18 185 0 61 124 190 0 170 0 140 94 168 0 |Truck Time: 25974.889036|25974.889036,0.000000,0.000000,0.000000","Drone 1: 0 179 0 27 32 34 0 182 5 23 148 0 149 183 0 151 100 91 52 0 110 78 55 0 162 0 147 0 119 86 0 196 0 98 0 186 154 88 0 117 0 25 120 0 68 0 |Drone Time: 25980.579609|25980.579609,0.000000,0.000000,0.000000
Drone 2: 0 158 141 165 0 74 169 0 138 130 0 1 92 70 97 0 188 90 76 0 127 0 37 199 10 0 180 0 163 0 28 75 0 46 36 172 0 194 0 175 111 0 116 0 155 0 101 159 0 |Drone Time: 25999.978745|25999.978745,0.000000,0.000000,0.000000
Drone 3: 0 45 0 71 0 103 72 0 152 0 99 0 15 0 167 0 174 0 69 0 21 0 193 0 47 112 0 136 0 56 0 173 0 84 0 |Drone Time: 25715.728463|25715.728463,0.000000,0.000000,0.000000
Drone 4: 0 73 0 164 189 187 132 113 81 146 0 13 115 0 105 181 0 125 67 38 0 33 121 58 0 7 0 95 160 0 6 0 11 0 139 129 79 0 65 0 49 0 161 0 77 0 |Drone Time: 25967.686984|25967.686984,0.000000,0.000000,0.000000
Drone 5: 0 128 0 93 0 57 109 118 150 0 144 0 41 108 0 114 178 0 24 30 0 35 0 29 0 83 143 0 153 0 106 0 63 0 17 0 171 0 137 64 0 |Drone Time: 25951.937903|25951.937903,0.000000,0.000000,0.000000",26009.287784,0.0,0.0,0.0,"Truck Routes:
Truck 1: 0 82 53 0 145 48 42 0 133 8 0 2 0 50 0 |Truck Time: 25615.915143|25615.915143,0.000000,0.000000,0.000000
Truck 2: 0 4 200 0 192 0 31 0 40 87 184 0 54 142 0 43 0 66 59 9 0 |Truck Time: 25971.818020|25971.818020,0.000000,0.000000,0.000000
Truck 3: 0 102 62 177 0 39 104 26 0 96 16 44 107 0 123 135 0 51 176 85 0 |Truck Time: 25809.027986|25809.027986,0.000000,0.000000,0.000000
Truck 4: 0 89 195 0 197 166 0 122 0 198 0 19 134 0 191 0 20 14 22 0 |Truck Time: 26009.287784|26009.287784,0.000000,0.000000,0.000000
Truck 5: 0 157 3 0 156 0 131 80 0 60 126 12 18 185 0 61 124 190 0 170 0 140 94 168 0 |Truck Time: 25974.889036|25974.889036,0.000000,0.000000,0.000000
Drone Routes:
Drone 1: 0 179 0 27 32 34 0 182 5 23 148 0 149 183 0 151 100 91 52 0 110 78 55 0 162 0 147 0 119 86 0 196 0 98 0 186 154 88 0 117 0 25 120 0 68 0 |Drone Time: 25980.579609|25980.579609,0.000000,0.000000,0.000000
Drone 2: 0 158 141 165 0 74 169 0 138 130 0 1 92 70 97 0 188 90 76 0 127 0 37 199 10 0 180 0 163 0 28 75 0 46 36 172 0 194 0 175 111 0 116 0 155 0 101 159 0 |Drone Time: 25999.978745|25999.978745,0.000000,0.000000,0.000000
Drone 3: 0 45 0 71 0 103 72 0 152 0 99 0 15 0 167 0 174 0 69 0 21 0 193 0 47 112 0 136 0 56 0 173 0 84 0 |Drone Time: 25715.728463|25715.728463,0.000000,0.000000,0.000000
Drone 4: 0 73 0 164 189 187 132 113 81 146 0 13 115 0 105 181 0 125 67 38 0 33 121 58 0 7 0 95 160 0 6 0 11 0 139 129 79 0 65 0 49 0 161 0 77 0 |Drone Time: 25967.686984|25967.686984,0.000000,0.000000,0.000000
Drone 5: 0 128 0 93 0 57 109 118 150 0 144 0 41 108 0 114 178 0 24 30 0 35 0 29 0 83 143 0 153 0 106 0 63 0 17 0 171 0 137 64 0 |Drone Time: 25951.937903|25951.937903,0.000000,0.000000,0.000000
Total validation: Makespan=26009.287784, Deadline violation=0.000000, Energy violation=0.000000, Capacity violation=0.000000"
200.40.1,200,1,adaptive,g1,0.3,0.2,0.1,0.3,42,0,37266.015186,27059.470293,27059.470293,27059.470293,16498.36255,FEASIBLE,"Truck 1: 0 192 59 0 89 66 55 100 0 106 151 58 0 53 162 0 50 0 |Truck Time: 26911.368143|26911.368143,0.000000,0.000000,0.000000
Truck 2: 0 158 0 28 14 0 65 163 0 184 107 121 0 148 181 0 |Truck Time: 27059.470293|27059.470293,0.000000,0.000000,0.000000
Truck 3: 0 70 77 0 200 22 62 2 0 125 197 78 108 0 18 37 11 0 3 96 30 0 154 36 143 109 0 |Truck Time: 26991.317983|26991.317983,0.000000,0.000000,0.000000
Truck 4: 0 188 176 29 156 0 193 0 116 199 190 0 131 16 0 104 52 57 63 0 |Truck Time: 26930.992269|26930.992269,0.000000,0.000000,0.000000
Truck 5: 0 155 0 54 88 12 0 183 122 102 0 133 182 76 0 42 73 56 0 134 0 |Truck Time: 26877.557757|26877.557757,0.000000,0.000000,0.000000","Drone 1: 0 170 120 40 0 195 173 0 139 136 0 26 0 34 97 111 0 145 175 0 146 23 27 0 124 4 0 43 0 119 95 0 164 0 165 0 7 174 0 135 129 0 |Drone Time: 26617.513776|26617.513776,0.000000,0.000000,0.000000
Drone 2: 0 157 79 0 83 94 0 38 172 138 0 24 80 0 126 196 93 0 71 0 86 160 140 35 31 142 0 6 101 0 168 0 49 194 0 44 112 0 32 161 171 0 |Drone Time: 27001.873819|27001.873819,0.000000,0.000000,0.000000
Drone 3: 0 20 0 137 75 0 17 84 0 128 60 189 0 117 198 0 92 0 68 61 177 0 39 110 0 1 47 0 46 0 169 48 0 51 132 45 0 64 0 74 0 |Drone Time: 26850.472619|26850.472619,0.000000,0.000000,0.000000
Drone 4: 0 187 0 41 0 141 114 0 87 0 99 0 72 191 0 127 0 167 105 0 90 85 0 150 67 0 91 19 81 153 0 159 0 185 8 0 |Drone Time: 27005.228746|27005.228746,0.000000,0.000000,0.000000
Drone 5: 0 115 0 5 0 166 33 0 98 10 0 113 69 186 0 180 149 147 0 9 123 179 0 118 0 152 0 144 0 82 178 0 103 21 0 15 25 0 13 130 0 |Drone Time: 26998.199731|26998.199731,0.000000,0.000000,0.000000",27059.470293,0.0,0.0,0.0,"Truck Routes:
Truck 1: 0 192 59 0 89 66 55 100 0 106 151 58 0 53 162 0 50 0 |Truck Time: 26911.368143|26911.368143,0.000000,0.000000,0.000000
Truck 2: 0 158 0 28 14 0 65 163 0 184 107 121 0 148 181 0 |Truck Time: 27059.470293|27059.470293,0.000000,0.000000,0.000000
Truck 3: 0 70 77 0 200 22 62 2 0 125 197 78 108 0 18 37 11 0 3 96 30 0 154 36 143 109 0 |Truck Time: 26991.317983|26991.317983,0.000000,0.000000,0.000000
Truck 4: 0 188 176 29 156 0 193 0 116 199 190 0 131 16 0 104 52 57 63 0 |Truck Time: 26930.992269|26930.992269,0.000000,0.000000,0.000000
Truck 5: 0 155 0 54 88 12 0 183 122 102 0 133 182 76 0 42 73 56 0 134 0 |Truck Time: 26877.557757|26877.557757,0.000000,0.000000,0.000000
Drone Routes:
Drone 1: 0 170 120 40 0 195 173 0 139 136 0 26 0 34 97 111 0 145 175 0 146 23 27 0 124 4 0 43 0 119 95 0 164 0 165 0 7 174 0 135 129 0 |Drone Time: 26617.513776|26617.513776,0.000000,0.000000,0.000000
Drone 2: 0 157 79 0 83 94 0 38 172 138 0 24 80 0 126 196 93 0 71 0 86 160 140 35 31 142 0 6 101 0 168 0 49 194 0 44 112 0 32 161 171 0 |Drone Time: 27001.873819|27001.873819,0.000000,0.000000,0.000000
Drone 3: 0 20 0 137 75 0 17 84 0 128 60 189 0 117 198 0 92 0 68 61 177 0 39 110 0 1 47 0 46 0 169 48 0 51 132 45 0 64 0 74 0 |Drone Time: 26850.472619|26850.472619,0.000000,0.000000,0.000000
Drone 4: 0 187 0 41 0 141 114 0 87 0 99 0 72 191 0 127 0 167 105 0 90 85 0 150 67 0 91 19 81 153 0 159 0 185 8 0 |Drone Time: 27005.228746|27005.228746,0.000000,0.000000,0.000000
Drone 5: 0 115 0 5 0 166 33 0 98 10 0 113 69 186 0 180 149 147 0 9 123 179 0 118 0 152 0 144 0 82 178 0 103 21 0 15 25 0 13 130 0 |Drone Time: 26998.199731|26998.199731,0.000000,0.000000,0.000000
Total validation: Makespan=27059.470293, Deadline violation=0.000000, Energy violation=0.000000, Capacity violation=0.000000"
200.40.1,200,1,adaptive,g2,0.5,0.3,0.1,0.3,42,0,37266.015186,27444.748491,27444.748491,27444.748491,18803.069813,FEASIBLE,"Truck 1: 0 192 11 0 162 0 106 151 58 0 55 66 0 89 53 0 |Truck Time: 27339.612466|27339.612466,0.000000,0.000000,0.000000
Truck 2: 0 193 156 0 49 0 148 181 0 184 107 121 0 13 0 65 163 80 59 0 |Truck Time: 27444.748491|27444.748491,0.000000,0.000000,0.000000
Truck 3: 0 70 77 0 200 22 64 2 0 125 197 78 108 0 18 37 12 0 14 0 109 154 143 36 100 152 30 0 |Truck Time: 27321.617404|27321.617404,0.000000,0.000000,0.000000
Truck 4: 0 188 176 147 0 158 0 116 199 190 0 131 6 0 104 52 57 63 0 |Truck Time: 27429.407624|27429.407624,0.000000,0.000000,0.000000
Truck 5: 0 42 0 88 54 0 183 122 102 0 133 182 76 0 155 129 0 20 0 |Truck Time: 27315.224903|27315.224903,0.000000,0.000000,0.000000","Drone 1: 0 170 120 40 0 71 132 45 0 93 0 99 0 34 97 111 0 72 191 0 178 27 0 124 4 0 79 0 117 95 0 164 0 168 0 75 0 92 157 0 |Drone Time: 27442.233038|27442.233038,0.000000,0.000000,0.000000
Drone 2: 0 159 0 113 41 0 3 146 23 0 138 0 139 24 0 103 21 0 10 174 136 0 160 44 31 35 38 114 0 16 101 0 165 0 144 149 0 150 67 0 161 171 0 |Drone Time: 27442.126470|27442.126470,0.000000,0.000000,0.000000
Drone 3: 0 43 0 145 175 0 128 60 189 0 127 0 8 51 0 94 7 0 68 61 177 0 56 195 110 0 1 47 0 46 0 169 48 0 26 83 0 62 0 74 0 |Drone Time: 27428.672078|27428.672078,0.000000,0.000000,0.000000
Drone 4: 0 5 0 185 0 187 0 141 172 0 87 0 167 105 0 134 0 39 173 0 137 50 0 90 85 0 140 112 0 91 19 81 153 0 73 0 |Drone Time: 27439.021022|27439.021022,0.000000,0.000000,0.000000
Drone 5: 0 115 0 17 84 32 0 98 86 142 0 69 186 0 82 196 126 119 0 9 123 179 0 118 0 96 29 0 135 194 180 0 198 0 33 166 0 15 25 0 28 130 0 |Drone Time: 27421.026466|27421.026466,0.000000,0.000000,0.000000",27444.748491,0.0,0.0,0.0,"Truck Routes:
Truck 1: 0 192 11 0 162 0 106 151 58 0 55 66 0 89 53 0 |Truck Time: 27339.612466|27339.612466,0.000000,0.000000,0.000000
Truck 2: 0 193 156 0 49 0 148 181 0 184 107 121 0 13 0 65 163 80 59 0 |Truck Time: 27444.748491|27444.748491,0.000000,0.000000,0.000000
Truck 3: 0 70 77 0 200 22 64 2 0 125 197 78 108 0 18 37 12 0 14 0 109 154 143 36 100 152 30 0 |Truck Time: 27321.617404|27321.617404,0.000000,0.000000,0.000000
Truck 4: 0 188 176 147 0 158 0 116 199 190 0 131 6 0 104 52 57 63 0 |Truck Time: 27429.407624|27429.407624,0.000000,0.000000,0.000000
Truck 5: 0 42 0 88 54 0 183 122 102 0 133 182 76 0 155 129 0 20 0 |Truck Time: 27315.224903|27315.224903,0.000000,0.000000,0.000000
Drone Routes:
Drone 1: 0 170 120 40 0 71 132 45 0 93 0 99 0 34 97 111 0 72 191 0 178 27 0 124 4 0 79 0 117 95 0 164 0 168 0 75 0 92 157 0 |Drone Time: 27442.233038|27442.233038,0.000000,0.000000,0.000000
Drone 2: 0 159 0 113 41 0 3 146 23 0 138 0 139 24 0 103 21 0 10 174 136 0 160 44 31 35 38 114 0 16 101 0 165 0 144 149 0 150 67 0 161 171 0 |Drone Time: 27442.126470|27442.126470,0.000000,0.000000,0.000000
Drone 3: 0 43 0 145 175 0 128 60 189 0 127 0 8 51 0 94 7 0 68 61 177 0 56 195 110 0 1 47 0 46 0 169 48 0 26 83 0 62 0 74 0 |Drone Time: 27428.672078|27428.672078,0.000000,0.000000,0.000000
Drone 4: 0 5 0 185 0 187 0 141 172 0 87 0 167 105 0 134 0 39 173 0 137 50 0 90 85 0 140 112 0 91 19 81 153 0 73 0 |Drone Time: 27439.021022|27439.021022,0.000000,0.000000,0.000000
Drone 5: 0 115 0 17 84 32 0 98 86 142 0 69 186 0 82 196 126 119 0 9 123 179 0 118 0 96 29 0 135 194 180 0 198 0 33 166 0 15 25 0 28 130 0 |Drone Time: 27421.026466|27421.026466,0.000000,0.000000,0.000000
Total validation: Makespan=27444.748491, Deadline violation=0.000000, Energy violation=0.000000, Capacity violation=0.000000"
200.40.1,200,1,adaptive,g3,0.3,0.2,0.1,0.6,42,0,37266.015186,27444.748491,27444.748491,27444.748491,20766.030812,FEASIBLE,"Truck 1: 0 192 11 0 162 0 106 151 58 0 55 66 0 89 53 0 |Truck Time: 27339.612466|27339.612466,0.000000,0.000000,0.000000
Truck 2: 0 193 156 0 49 0 148 181 0 184 107 121 0 13 0 65 163 80 59 0 |Truck Time: 27444.748491|27444.748491,0.000000,0.000000,0.000000
Truck 3: 0 70 77 0 200 22 64 2 0 125 197 78 108 0 18 37 12 0 14 0 109 154 143 36 100 152 30 0 |Truck Time: 27321.617404|27321.617404,0.000000,0.000000,0.000000
Truck 4: 0 188 176 147 0 158 0 116 199 190 0 131 6 0 104 52 57 63 0 |Truck Time: 27429.407624|27429.407624,0.000000,0.000000,0.000000
Truck 5: 0 42 0 88 54 0 183 122 102 0 133 182 76 0 155 129 0 20 0 |Truck Time: 27315.224903|27315.224903,0.000000,0.000000,0.000000","Drone 1: 0 170 120 40 0 71 132 45 0 93 0 99 0 34 97 111 0 72 191 0 178 27 0 124 4 0 79 0 117 95 0 164 0 168 0 75 0 92 157 0 |Drone Time: 27442.233038|27442.233038,0.000000,0.000000,0.000000
Drone 2: 0 159 0 113 41 0 3 146 23 0 138 0 139 24 0 103 21 0 10 174 136 0 160 44 31 35 38 114 0 16 101 0 165 0 144 149 0 150 67 0 161 171 0 |Drone Time: 27442.126470|27442.126470,0.000000,0.000000,0.000000
Drone 3: 0 43 0 145 175 0 128 60 189 0 127 0 8 51 0 94 7 0 68 61 177 0 56 195 110 0 1 47 0 46 0 169 48 0 26 83 0 62 0 74 0 |Drone Time: 27428.672078|27428.672078,0.000000,0.000000,0.000000
Drone 4: 0 5 0 185 0 187 0 141 172 0 87 0 167 105 0 134 0 39 173 0 137 50 0 90 85 0 140 112 0 91 19 81 153 0 73 0 |Drone Time: 27439.021022|27439.021022,0.000000,0.000000,0.000000
Drone 5: 0 115 0 17 84 32 0 98 86 142 0 69 186 0 82 196 126 119 0 9 123 179 0 118 0 96 29 0 135 194 180 0 198 0 33 166 0 15 25 0 28 130 0 |Drone Time: 27421.026466|27421.026466,0.000000,0.000000,0.000000",27444.748491,0.0,0.0,0.0,"Truck Routes:
Truck 1: 0 192 11 0 162 0 106 151 58 0 55 66 0 89 53 0 |Truck Time: 27339.612466|27339.612466,0.000000,0.000000,0.000000
Truck 2: 0 193 156 0 49 0 148 181 0 184 107 121 0 13 0 65 163 80 59 0 |Truck Time: 27444.748491|27444.748491,0.000000,0.000000,0.000000
Truck 3: 0 70 77 0 200 22 64 2 0 125 197 78 108 0 18 37 12 0 14 0 109 154 143 36 100 152 30 0 |Truck Time: 27321.617404|27321.617404,0.000000,0.000000,0.000000
Truck 4: 0 188 176 147 0 158 0 116 199 190 0 131 6 0 104 52 57 63 0 |Truck Time: 27429.407624|27429.407624,0.000000,0.000000,0.000000
Truck 5: 0 42 0 88 54 0 183 122 102 0 133 182 76 0 155 129 0 20 0 |Truck Time: 27315.224903|27315.224903,0.000000,0.000000,0.000000
Drone Routes:
Drone 1: 0 170 120 40 0 71 132 45 0 93 0 99 0 34 97 111 0 72 191 0 178 27 0 124 4 0 79 0 117 95 0 164 0 168 0 75 0 92 157 0 |Drone Time: 27442.233038|27442.233038,0.000000,0.000000,0.000000
Drone 2: 0 159 0 113 41 0 3 146 23 0 138 0 139 24 0 103 21 0 10 174 136 0 160 44 31 35 38 114 0 16 101 0 165 0 144 149 0 150 67 0 161 171 0 |Drone Time: 27442.126470|27442.126470,0.000000,0.000000,0.000000
Drone 3: 0 43 0 145 175 0 128 60 189 0 127 0 8 51 0 94 7 0 68 61 177 0 56 195 110 0 1 47 0 46 0 169 48 0 26 83 0 62 0 74 0 |Drone Time: 27428.672078|27428.672078,0.000000,0.000000,0.000000
Drone 4: 0 5 0 185 0 187 0 141 172 0 87 0 167 105 0 134 0 39 173 0 137 50 0 90 85 0 140 112 0 91 19 81 153 0 73 0 |Drone Time: 27439.021022|27439.021022,0.000000,0.000000,0.000000
Drone 5: 0 115 0 17 84 32 0 98 86 142 0 69 186 0 82 196 126 119 0 9 123 179 0 118 0 96 29 0 135 194 180 0 198 0 33 166 0 15 25 0 28 130 0 |Drone Time: 27421.026466|27421.026466,0.000000,0.000000,0.000000
Total validation: Makespan=27444.748491, Deadline violation=0.000000, Energy violation=0.000000, Capacity violation=0.000000"
200.40.1,200,1,adaptive,g4,0.5,0.3,0.1,0.6,42,0,37266.015186,27729.487601,27729.487601,27729.487601,13253.824389,FEASIBLE,"Truck 1: 0 192 59 0 89 0 106 151 58 0 55 66 0 162 53 0 |Truck Time: 27506.173076|27506.173076,0.000000,0.000000,0.000000
Truck 2: 0 13 0 144 96 0 148 181 0 184 107 6 121 0 37 11 0 65 163 0 |Truck Time: 27729.487601|27729.487601,0.000000,0.000000,0.000000
Truck 3: 0 70 77 0 200 22 64 2 0 125 78 108 0 18 158 0 88 54 0 109 154 143 36 100 135 129 0 |Truck Time: 27615.213840|27615.213840,0.000000,0.000000,0.000000
Truck 4: 0 188 176 56 0 193 0 116 199 190 0 42 0 104 52 57 63 0 |Truck Time: 27430.046492|27430.046492,0.000000,0.000000,0.000000
Truck 5: 0 131 0 14 0 183 122 102 0 133 43 76 0 155 0 30 0 20 0 |Truck Time: 27510.328943|27510.328943,0.000000,0.000000,0.000000","Drone 1: 0 170 120 40 0 71 132 45 0 26 83 0 92 25 0 15 157 0 34 97 111 0 72 191 0 179 23 27 126 0 124 4 0 79 0 147 95 0 164 0 1 47 0 75 10 0 |Drone Time: 27666.279328|27666.279328,0.000000,0.000000,0.000000
Drone 2: 0 159 0 80 136 0 166 0 50 139 24 0 145 175 0 46 0 160 44 31 35 38 114 0 16 101 0 168 0 49 194 0 150 67 0 161 171 0 140 112 0 |Drone Time: 27719.005287|27719.005287,0.000000,0.000000,0.000000
Drone 3: 0 138 0 41 0 5 0 128 60 189 0 99 0 33 51 0 68 61 177 0 93 0 165 0 167 105 0 169 48 0 117 198 0 62 0 74 0 3 156 0 |Drone Time: 27706.776073|27706.776073,0.000000,0.000000,0.000000
Drone 4: 0 197 0 174 98 0 195 110 0 141 172 0 87 0 12 86 142 187 0 21 0 39 173 0 137 7 0 90 85 0 94 113 0 91 19 81 153 0 73 0 |Drone Time: 27683.060101|27683.060101,0.000000,0.000000,0.000000
Drone 5: 0 115 0 178 82 0 17 84 32 0 185 8 0 69 186 0 196 119 0 9 123 146 0 118 0 152 0 29 149 180 0 127 0 103 182 0 134 0 28 130 0 |Drone Time: 27705.279333|27705.279333,0.000000,0.000000,0.000000",27729.487601,0.0,0.0,0.0,"Truck Routes:
Truck 1: 0 192 59 0 89 0 106 151 58 0 55 66 0 162 53 0 |Truck Time: 27506.173076|27506.173076,0.000000,0.000000,0.000000
Truck 2: 0 13 0 144 96 0 148 181 0 184 107 6 121 0 37 11 0 65 163 0 |Truck Time: 27729.487601|27729.487601,0.000000,0.000000,0.000000
Truck 3: 0 70 77 0 200 22 64 2 0 125 78 108 0 18 158 0 88 54 0 109 154 143 36 100 135 129 0 |Truck Time: 27615.213840|27615.213840,0.000000,0.000000,0.000000
Truck 4: 0 188 176 56 0 193 0 116 199 190 0 42 0 104 52 57 63 0 |Truck Time: 27430.046492|27430.046492,0.000000,0.000000,0.000000
Truck 5: 0 131 0 14 0 183 122 102 0 133 43 76 0 155 0 30 0 20 0 |Truck Time: 27510.328943|27510.328943,0.000000,0.000000,0.000000
Drone Routes:
Drone 1: 0 170 120 40 0 71 132 45 0 26 83 0 92 25 0 15 157 0 34 97 111 0 72 191 0 179 23 27 126 0 124 4 0 79 0 147 95 0 164 0 1 47 0 75 10 0 |Drone Time: 27666.279328|27666.279328,0.000000,0.000000,0.000000
Drone 2: 0 159 0 80 136 0 166 0 50 139 24 0 145 175 0 46 0 160 44 31 35 38 114 0 16 101 0 168 0 49 194 0 150 67 0 161 171 0 140 112 0 |Drone Time: 27719.005287|27719.005287,0.000000,0.000000,0.000000
Drone 3: 0 138 0 41 0 5 0 128 60 189 0 99 0 33 51 0 68 61 177 0 93 0 165 0 167 105 0 169 48 0 117 198 0 62 0 74 0 3 156 0 |Drone Time: 27706.776073|27706.776073,0.000000,0.000000,0.000000
Drone 4: 0 197 0 174 98 0 195 110 0 141 172 0 87 0 12 86 142 187 0 21 0 39 173 0 137 7 0 90 85 0 94 113 0 91 19 81 153 0 73 0 |Drone Time: 27683.060101|27683.060101,0.000000,0.000000,0.000000
Drone 5: 0 115 0 178 82 0 17 84 32 0 185 8 0 69 186 0 196 119 0 9 123 146 0 118 0 152 0 29 149 180 0 127 0 103 182 0 134 0 28 130 0 |Drone Time: 27705.279333|27705.279333,0.000000,0.000000,0.000000
Total validation: Makespan=27729.487601, Deadline violation=0.000000, Energy violation=0.000000, Capacity violation=0.000000"
200.40.1,200,1,random,,,,,,42,0,37266.015186,27638.788288,27638.788288,27638.788288,11653.877231,FEASIBLE,"Truck 1: 0 193 0 118 63 0 42 0 89 0 125 197 115 107 0 |Truck Time: 27638.788288|27638.788288,0.000000,0.000000,0.000000
Truck 2: 0 188 176 144 0 11 2 0 30 0 59 26 183 102 0 14 74 54 0 133 149 190 0 148 184 0 |Truck Time: 27306.813150|27306.813150,0.000000,0.000000,0.000000
Truck 3: 0 100 109 152 0 80 192 0 116 134 73 0 50 0 104 82 76 0 |Truck Time: 27010.843848|27010.843848,0.000000,0.000000,0.000000
Truck 4: 0 9 0 158 18 0 92 0 168 106 151 108 0 53 167 143 36 154 0 200 22 62 0 |Truck Time: 27580.372717|27580.372717,0.000000,0.000000,0.000000
Truck 5: 0 16 0 135 155 0 159 121 0 58 128 162 0 70 0 65 163 0 |Truck Time: 27620.879152|27620.879152,0.000000,0.000000,0.000000","Drone 1: 0 91 150 0 87 48 0 160 44 31 140 35 172 0 157 79 0 29 0 1 114 0 137 7 10 0 173 110 0 99 47 0 189 175 0 127 0 119 27 68 0 90 85 0 49 3 0 |Drone Time: 27629.801604|27629.801604,0.000000,0.000000,0.000000
Drone 2: 0 131 0 78 0 61 0 43 0 38 112 0 181 111 0 41 60 0 34 101 0 138 132 0 165 0 147 194 0 98 191 0 185 33 0 |Drone Time: 27634.012412|27634.012412,0.000000,0.000000,0.000000
Drone 3: 0 13 124 45 88 0 139 136 0 105 113 75 0 19 67 81 153 0 141 0 24 32 84 0 39 180 97 145 0 96 126 0 142 187 0 46 0 20 0 21 0 64 0 |Drone Time: 27633.564817|27633.564817,0.000000,0.000000,0.000000
Drone 4: 0 166 0 83 17 37 0 199 0 25 86 77 0 5 0 56 195 95 0 72 0 66 69 186 0 169 156 0 15 0 8 52 196 0 198 117 0 122 12 0 6 129 0 |Drone Time: 27616.167708|27616.167708,0.000000,0.000000,0.000000
Drone 5: 0 170 120 40 0 55 0 51 103 0 178 57 0 161 171 0 23 71 0 4 146 0 179 123 177 0 182 0 94 174 0 93 0 164 0 28 130 0 |Drone Time: 27605.321195|27605.321195,0.000000,0.000000,0.000000",27638.788288,0.0,0.0,0.0,"Truck Routes:
Truck 1: 0 193 0 118 63 0 42 0 89 0 125 197 115 107 0 |Truck Time: 27638.788288|27638.788288,0.000000,0.000000,0.000000
Truck 2: 0 188 176 144 0 11 2 0 30 0 59 26 183 102 0 14 74 54 0 133 149 190 0 148 184 0 |Truck Time: 27306.813150|27306.813150,0.000000,0.000000,0.000000
Truck 3: 0 100 109 152 0 80 192 0 116 134 73 0 50 0 104 82 76 0 |Truck Time: 27010.843848|27010.843848,0.000000,0.000000,0.000000
Truck 4: 0 9 0 158 18 0 92 0 168 106 151 108 0 53 167 143 36 154 0 200 22 62 0 |Truck Time: 27580.372717|27580.372717,0.000000,0.000000,0.000000
Truck 5: 0 16 0 135 155 0 159 121 0 58 128 162 0 70 0 65 163 0 |Truck Time: 27620.879152|27620.879152,0.000000,0.000000,0.000000
Drone Routes:
Drone 1: 0 91 150 0 87 48 0 160 44 31 140 35 172 0 157 79 0 29 0 1 114 0 137 7 10 0 173 110 0 99 47 0 189 175 0 127 0 119 27 68 0 90 85 0 49 3 0 |Drone Time: 27629.801604|27629.801604,0.000000,0.000000,0.000000
Drone 2: 0 131 0 78 0 61 0 43 0 38 112 0 181 111 0 41 60 0 34 101 0 138 132 0 165 0 147 194 0 98 191 0 185 33 0 |Drone Time: 27634.012412|27634.012412,0.000000,0.000000,0.000000
Drone 3: 0 13 124 45 88 0 139 136 0 105 113 75 0 19 67 81 153 0 141 0 24 32 84 0 39 180 97 145 0 96 126 0 142 187 0 46 0 20 0 21 0 64 0 |Drone Time: 27633.564817|27633.564817,0.000000,0.000000,0.000000
Drone 4: 0 166 0 83 17 37 0 199 0 25 86 77 0 5 0 56 195 95 0 72 0 66 69 186 0 169 156 0 15 0 8 52 196 0 198 117 0 122 12 0 6 129 0 |Drone Time: 27616.167708|27616.167708,0.000000,0.000000,0.000000
Drone 5: 0 170 120 40 0 55 0 51 103 0 178 57 0 161 171 0 23 71 0 4 146 0 179 123 177 0 182 0 94 174 0 93 0 164 0 28 130 0 |Drone Time: 27605.321195|27605.321195,0.000000,0.000000,0.000000
Total validation: Makespan=27638.788288, Deadline violation=0.000000, Energy violation=0.000000, Capacity violation=0.000000"
200.40.1,200,2,random,,,,,,43,0,38663.497731,27818.418316,27818.418316,27818.418316,14017.618421,FEASIBLE,"Truck 1: 0 27 0 43 182 133 0 4 9 0 152 0 148 131 0 |Truck Time: 27818.418316|27818.418316,0.000000,0.000000,0.000000
Truck 2: 0 11 37 12 102 0 59 26 174 0 92 62 74 54 0 181 42 0 2 0 104 52 76 0 |Truck Time: 27784.551515|27784.551515,0.000000,0.000000,0.000000
Truck 3: 0 109 100 0 90 0 16 159 0 188 147 0 58 162 0 20 0 |Truck Time: 27511.714512|27511.714512,0.000000,0.000000,0.000000
Truck 4: 0 200 28 14 0 122 183 0 125 115 107 6 121 0 192 158 0 18 70 0 63 176 13 3 0 |Truck Time: 27808.541971|27808.541971,0.000000,0.000000,0.000000
Truck 5: 0 129 0 155 0 168 108 0 163 80 7 193 0 53 167 143 36 154 0 89 165 10 0 |Truck Time: 27748.256932|27748.256932,0.000000,0.000000,0.000000","Drone 1: 0 87 0 67 150 0 134 0 46 0 194 0 145 106 0 23 21 0 47 86 160 71 0 66 0 33 166 0 97 40 197 0 41 0 57 116 0 |Drone Time: 27762.853249|27762.853249,0.000000,0.000000,0.000000
Drone 2: 0 15 0 127 0 68 8 185 0 94 0 196 51 103 0 164 0 144 0 5 0 79 177 0 22 0 60 151 0 98 161 69 0 39 0 169 48 0 96 0 |Drone Time: 27789.141769|27789.141769,0.000000,0.000000,0.000000
Drone 3: 0 119 82 0 120 170 0 17 65 0 38 112 35 140 0 173 110 0 156 25 49 0 191 186 0 126 61 0 199 117 0 91 142 77 88 0 30 0 50 55 0 29 190 56 0 78 0 |Drone Time: 27787.095897|27787.095897,0.000000,0.000000,0.000000
Drone 4: 0 99 0 93 0 149 0 153 19 0 146 123 0 189 175 0 138 172 0 73 0 113 105 135 0 179 178 0 184 101 0 130 124 0 187 81 31 0 24 72 0 |Drone Time: 27802.253335|27802.253335,0.000000,0.000000,0.000000
Drone 5: 0 85 132 45 0 44 141 0 171 0 198 180 0 83 32 84 0 118 0 195 95 0 128 0 111 34 0 139 136 0 1 114 0 137 75 0 64 157 0 |Drone Time: 27784.535161|27784.535161,0.000000,0.000000,0.000000",27818.418316,0.0,0.0,0.0,"Truck Routes:
Truck 1: 0 27 0 43 182 133 0 4 9 0 152 0 148 131 0 |Truck Time: 27818.418316|27818.418316,0.000000,0.000000,0.000000
Truck 2: 0 11 37 12 102 0 59 26 174 0 92 62 74 54 0 181 42 0 2 0 104 52 76 0 |Truck Time: 27784.551515|27784.551515,0.000000,0.000000,0.000000
Truck 3: 0 109 100 0 90 0 16 159 0 188 147 0 58 162 0 20 0 |Truck Time: 27511.714512|27511.714512,0.000000,0.000000,0.000000
Truck 4: 0 200 28 14 0 122 183 0 125 115 107 6 121 0 192 158 0 18 70 0 63 176 13 3 0 |Truck Time: 27808.541971|27808.541971,0.000000,0.000000,0.000000
Truck 5: 0 129 0 155 0 168 108 0 163 80 7 193 0 53 167 143 36 154 0 89 165 10 0 |Truck Time: 27748.256932|27748.256932,0.000000,0.000000,0.000000
Drone Routes:
Drone 1: 0 87 0 67 150 0 134 0 46 0 194 0 145 106 0 23 21 0 47 86 160 71 0 66 0 33 166 0 97 40 197 0 41 0 57 116 0 |Drone Time: 27762.853249|27762.853249,0.000000,0.000000,0.000000
Drone 2: 0 15 0 127 0 68 8 185 0 94 0 196 51 103 0 164 0 144 0 5 0 79 177 0 22 0 60 151 0 98 161 69 0 39 0 169 48 0 96 0 |Drone Time: 27789.141769|27789.141769,0.000000,0.000000,0.000000
Drone 3: 0 119 82 0 120 170 0 17 65 0 38 112 35 140 0 173 110 0 156 25 49 0 191 186 0 126 61 0 199 117 0 91 142 77 88 0 30 0 50 55 0 29 190 56 0 78 0 |Drone Time: 27787.095897|27787.095897,0.000000,0.000000,0.000000
Drone 4: 0 99 0 93 0 149 0 153 19 0 146 123 0 189 175 0 138 172 0 73 0 113 105 135 0 179 178 0 184 101 0 130 124 0 187 81 31 0 24 72 0 |Drone Time: 27802.253335|27802.253335,0.000000,0.000000,0.000000
Drone 5: 0 85 132 45 0 44 141 0 171 0 198 180 0 83 32 84 0 118 0 195 95 0 128 0 111 34 0 139 136 0 1 114 0 137 75 0 64 157 0 |Drone Time: 27784.535161|27784.535161,0.000000,0.000000,0.000000
Total validation: Makespan=27818.418316, Deadline violation=0.000000, Energy violation=0.000000, Capacity violation=0.000000"
200.40.1,200,4,random,,,,,,45,0,37236.166628,27381.586361,27381.586361,27381.586361,16058.663836,FEASIBLE,"Truck 1: 0 73 190 0 184 131 16 0 89 162 0 192 50 0 20 0 |Truck Time: 27370.188813|27370.188813,0.000000,0.000000,0.000000
Truck 2: 0 42 144 0 183 11 0 100 55 66 0 188 118 92 0 54 86 77 70 0 157 4 0 |Truck Time: 27256.814692|27256.814692,0.000000,0.000000,0.000000
Truck 3: 0 36 143 154 152 102 0 90 0 128 108 0 37 18 158 0 185 104 63 0 |Truck Time: 27381.586361|27381.586361,0.000000,0.000000,0.000000
Truck 4: 0 29 96 0 14 0 6 0 200 15 28 0 133 149 147 0 65 163 156 0 |Truck Time: 27311.557080|27311.557080,0.000000,0.000000,0.000000
Truck 5: 0 155 0 62 2 0 137 193 75 10 0 164 3 0 129 109 0 106 125 78 107 121 0 |Truck Time: 27379.855150|27379.855150,0.000000,0.000000,0.000000","Drone 1: 0 198 145 0 159 0 124 45 71 0 95 195 0 142 81 150 0 136 80 0 79 177 0 167 105 0 52 8 0 39 0 196 21 0 126 146 179 13 0 30 0 25 1 47 0 19 114 0 |Drone Time: 27323.614214|27323.614214,0.000000,0.000000,0.000000
Drone 2: 0 115 0 119 27 0 38 112 35 140 0 34 101 0 113 41 0 116 110 0 7 94 0 175 0 99 0 139 59 0 88 169 0 189 151 0 111 148 0 |Drone Time: 27326.594405|27326.594405,0.000000,0.000000,0.000000
Drone 3: 0 141 172 0 17 84 48 0 153 67 31 44 160 0 182 103 0 191 98 0 122 0 168 173 180 0 26 174 0 74 0 22 0 49 194 0 12 85 130 0 186 69 24 0 |Drone Time: 27217.497727|27217.497727,0.000000,0.000000,0.000000
Drone 4: 0 138 132 0 23 123 9 0 120 170 0 5 32 0 61 0 43 0 134 0 64 0 97 40 197 0 171 161 0 93 0 87 0 |Drone Time: 27277.075751|27277.075751,0.000000,0.000000,0.000000
Drone 5: 0 46 0 127 0 181 0 135 60 53 0 117 199 56 0 58 0 91 187 0 68 76 0 165 0 57 51 0 176 0 72 83 0 82 178 0 166 33 0 |Drone Time: 27380.332431|27380.332431,0.000000,0.000000,0.000000",27381.586361,0.0,0.0,0.0,"Truck Routes:
Truck 1: 0 73 190 0 184 131 16 0 89 162 0 192 50 0 20 0 |Truck Time: 27370.188813|27370.188813,0.000000,0.000000,0.000000
Truck 2: 0 42 144 0 183 11 0 100 55 66 0 188 118 92 0 54 86 77 70 0 157 4 0 |Truck Time: 27256.814692|27256.814692,0.000000,0.000000,0.000000
Truck 3: 0 36 143 154 152 102 0 90 0 128 108 0 37 18 158 0 185 104 63 0 |Truck Time: 27381.586361|27381.586361,0.000000,0.000000,0.000000
Truck 4: 0 29 96 0 14 0 6 0 200 15 28 0 133 149 147 0 65 163 156 0 |Truck Time: 27311.557080|27311.557080,0.000000,0.000000,0.000000
Truck 5: 0 155 0 62 2 0 137 193 75 10 0 164 3 0 129 109 0 106 125 78 107 121 0 |Truck Time: 27379.855150|27379.855150,0.000000,0.000000,0.000000
Drone Routes:
Drone 1: 0 198 145 0 159 0 124 45 71 0 95 195 0 142 81 150 0 136 80 0 79 177 0 167 105 0 52 8 0 39 0 196 21 0 126 146 179 13 0 30 0 25 1 47 0 19 114 0 |Drone Time: 27323.614214|27323.614214,0.000000,0.000000,0.000000
Drone 2: 0 115 0 119 27 0 38 112 35 140 0 34 101 0 113 41 0 116 110 0 7 94 0 175 0 99 0 139 59 0 88 169 0 189 151 0 111 148 0 |Drone Time: 27326.594405|27326.594405,0.000000,0.000000,0.000000
Drone 3: 0 141 172 0 17 84 48 0 153 67 31 44 160 0 182 103 0 191 98 0 122 0 168 173 180 0 26 174 0 74 0 22 0 49 194 0 12 85 130 0 186 69 24 0 |Drone Time: 27217.497727|27217.497727,0.000000,0.000000,0.000000
Drone 4: 0 138 132 0 23 123 9 0 120 170 0 5 32 0 61 0 43 0 134 0 64 0 97 40 197 0 171 161 0 93 0 87 0 |Drone Time: 27277.075751|27277.075751,0.000000,0.000000,0.000000
Drone 5: 0 46 0 127 0 181 0 135 60 53 0 117 199 56 0 58 0 91 187 0 68 76 0 165 0 57 51 0 176 0 72 83 0 82 178 0 166 33 0 |Drone Time: 27380.332431|27380.332431,0.000000,0.000000,0.000000
Total validation: Makespan=27381.586361, Deadline violation=0.000000, Energy violation=0.000000, Capacity violation=0.000000"
