,depot,WinMart+,Trường Mầm non Thịnh Liệt (cơ sở Giáp Nh,Trường Mầm non Hoa Mai,Trường mầm non Vườn Hồng,WinMart+,WinMart+,Siêu thị Đức Thành,WinMart+,Siêu Thị T-Mart,Trường Trung học cơ sở Tân Định,Trường Tiểu học Hoàng Liệt,WinMart+,WinMart+,Cục Dự trữ Nhà nước khu vực Hà Nội,Trường Mầm Non Đại Từ,WinMart+,Cà Phê Parkland,Trường Mầm non Định Công (Cơ sở 3),Highlands Coffee,WinMart+,WinMart+,Trường Mầm non Hoàng Liệt (cơ sở Tứ Kỳ),WinMart+,WinMart+,Trường Mầm non Sao Mai,KFC,Trường Đại học Công nghệ và Quản lý Hữu ,Không có tên,WinMart+,Không có tên,WinMart+,MM Mega Market Hoàng Mai,Trường Tiểu học Đại Kim,Không có tên,Không có tên,Cà Phê 3k,Không có tên,WinMart+,WinMart+,WinMart+,Trường Tiểu học Chu Văn An,AEON MaxValu Linh Đàm,WinMart+,WinMart+,WinMart+,Trường Mầm Non Hoạ Mi,WinMart+,WinMart+,Trường Tiểu học Chu Văn An,WinMart+,WinMart+,Trường Mầm non A Tứ Hiệp,Cà Phê KOK,Không có tên,Trường Đại học Kinh tế - Kỹ thuật Công n,WinMart+,Trường Quốc tế Singapore,WinMart+,Trường Tiểu học Tam Hiệp,WinMart+,Delícia Coffee & Lounge,UBND phường Khương Thượng,WinMart+,Siêu thị B11 Kim Liên,WinMart+,Cà Phê Big One,Trường Mầm non Đại Thanh,siêu thị 24h ninja mark,Trường Mầm non Tứ Hiệp (điểm Cổ Điển B),WinMart+,Không có tên,Quan an Nam Nhu 1,WinMart+,Taste Tea,WinMart+,WinMart+,Trường Cao đẳng Hà Nội,TK mark,Hội đồng nhân dân - Ủy ban nhân dân phườ,Trung tâm Công nghệ Phần mềm Thủy lợi,WinMart+,Không có tên,Cafe Dinh,Trường Trung học cơ sở Yên Mỹ,WinMart+,Coffee Cây,Trường Mầm non Tứ Hiệp (điểm Đồng Trì),Trường Mầm non Lĩnh Nam (cơ sở 2),Chợ Nhân Chính,Cục Sở hữu Trí tuệ,WinMart+,Kho bạc Nhà nước Đống Đa,Tịnh Cafe,Trường Mầm non Yên Mỹ,WinMart+,5050 Rooftop Cafe & Pub,Thuế cơ sở 4 thành phố Hà Nội,Trường Trung học cơ sở Lĩnh Nam,WinMart+,WinMart+,WinMart+,Cửa Hàng Tiện Lợi BV Mart,Đảng uỷ - HĐND - UBND phường Thanh Xuân,Starbucks,WinMart+,WinMart+,WinMart+,Phường Ô Chợ Dừa,Chợ Xanh Văn Quán,Noble Moment,WinMart+,Co.opmart,WinMart+,9.0cafe,The Coffee House,Cục Tần số vô tuyến điện,Everything Coffee 'N Bagel,Starbucks,Chợ Trung Kính,Trường Mầm non Kim Lan,WinMart+,Trường Trung học cơ sở Văn Đức,Trung tâm Hỗ trợ doanh nghiệp Hà Nội,Trường Mầm non Văn Đức (điểm Chử Xá),WinMart+
depot,0.000000,29.086605,28.421321,33.841955,28.055301,34.828342,21.560216,39.879380,35.217489,32.432094,33.862784,27.607655,35.409191,32.760868,36.417074,32.271840,40.694540,36.524737,30.784490,29.968415,40.562190,27.062178,26.829178,39.625904,39.518248,35.858590,35.406162,40.574943,42.950544,37.218073,34.287059,28.609977,40.582879,34.068083,39.758964,39.794267,33.963085,27.960462,38.474411,30.877289,38.597884,33.090520,34.093492,40.373648,28.608150,36.045959,34.378150,42.721894,35.146462,32.290470,42.574470,40.137262,27.638330,37.280894,40.785330,38.493821,37.689802,38.227896,32.448887,31.911446,46.158782,34.977734,43.874076,38.865817,40.814276,36.592442,38.544933,40.910007,37.024646,30.357643,32.724812,43.788665,43.253147,44.329680,42.132994,40.705500,41.778934,39.892738,34.200891,35.345836,46.418248,44.953266,46.220498,38.138828,33.233503,46.111355,44.010814,34.826313,39.538838,45.089647,41.666081,45.331437,44.527926,44.110503,33.572785,43.183003,42.890628,43.790610,40.423927,45.880408,42.225489,45.643586,42.440747,42.040805,42.566307,43.255895,43.482792,46.069021,38.335477,34.480916,45.269767,45.777701,44.542130,43.213940,47.141867,42.622618,46.870032,41.246956,41.210730,45.681180,41.876746,45.295756,39.176897,43.988084,39.774701,45.085711
WinMart+,33.606967,0.000000,32.950825,38.445045,42.548241,36.717292,23.660387,47.659927,38.155436,36.117224,38.834720,41.653959,39.536659,36.978529,40.482645,34.792037,46.039337,40.417768,32.881056,41.754665,47.494464,47.097267,36.062943,43.307928,40.961005,39.085525,39.210665,44.410578,47.368306,40.403239,36.611228,43.051865,43.486598,35.983560,42.696906,44.397548,36.177072,35.868313,41.152690,40.612973,48.188815,46.263633,36.300081,43.850232,38.419488,38.504253,46.506937,45.522797,37.031522,33.525323,47.768916,43.604620,36.610229,36.472900,44.662855,40.763702,39.831285,40.489062,43.378153,39.667045,50.122193,36.648709,48.530500,38.169553,43.828272,46.229331,42.132880,55.187214,39.460888,40.893712,39.132471,46.807675,45.790522,47.508233,45.969270,43.404629,54.507022,47.746065,33.146771,36.633839,50.667903,48.710329,51.701297,47.385062,37.675322,49.213502,47.597539,39.614518,41.528997,48.460019,43.921590,49.168573,47.604685,47.065727,38.245716,45.369447,45.027700,46.714099,42.500560,49.584769,44.491239,48.362598,44.253735,44.135263,45.054254,45.626550,45.848651,49.711068,40.165558,35.362521,48.326107,48.360708,46.942288,45.343028,50.241620,40.227620,49.848608,43.043352,42.693141,48.606233,42.701389,47.802602,39.821317,46.178843,40.427771,47.254969
Trường Mầm non Thịnh Liệt (cơ sở Giáp Nh,28.840384,31.049189,0.000000,30.931847,26.058998,32.666655,29.601291,35.773776,33.188344,36.571509,30.970637,36.339505,32.942224,30.277161,34.127162,38.551784,37.677920,34.192114,29.414494,37.297414,37.778593,34.443701,33.119810,37.435785,37.773000,33.880928,39.151528,38.339685,40.407806,35.269244,32.294074,35.322860,29.995079,38.503510,28.636970,37.626754,39.014670,33.328932,36.798439,31.094225,36.533768,39.908596,37.290523,38.342344,33.527277,34.511865,40.636393,33.424975,39.128284,37.630392,40.428583,38.428435,32.280760,35.977678,38.991602,37.096359,36.354774,29.685766,31.350724,36.476305,43.909309,38.616211,41.971542,37.575386,39.332471,35.415536,36.912736,47.159194,40.920887,34.915994,34.301456,42.425681,41.736717,42.471033,40.386188,39.328920,47.403268,43.838389,33.257123,38.130660,44.744486,43.367817,44.190304,42.844865,34.334054,44.304904,42.454909,36.144298,38.311649,43.633507,40.531004,43.757205,43.163075,42.776968,34.739595,42.134476,41.842298,42.451107,39.154583,44.365764,41.075681,44.045129,41.521627,40.978000,41.357298,42.139399,42.365417,44.589105,37.239859,37.420725,43.961891,44.647820,43.440781,42.182888,45.881546,41.729724,45.636339,40.297213,40.380732,44.414826,41.333264,44.175460,38.747179,42.929770,39.336114,44.094597
Trường Mầm non Hoa Mai,34.533939,37.789009,29.666198,0.000000,35.226280,33.644331,35.151373,29.589386,34.183394,38.000070,30.586917,40.763394,34.197058,21.524176,35.416783,36.979126,35.218294,35.528288,29.811817,40.938901,39.894416,44.055180,37.471249,39.012137,39.009209,34.973525,39.312580,36.936675,39.770558,36.473715,37.591363,41.801395,37.976608,35.607798,36.857732,39.216102,37.355736,37.108203,37.927572,40.348294,36.793688,43.703836,37.422157,37.104071,38.820281,35.402942,44.045468,40.809907,34.680017,35.296291,42.249860,39.734092,37.505974,36.814552,40.409060,36.037864,37.241747,35.705118,31.794899,39.616533,44.558590,37.435427,43.681582,38.494094,40.502800,36.126388,37.147307,49.511573,34.917501,40.585567,43.710305,43.625318,41.686656,42.600263,41.852227,40.410964,49.507754,45.775641,33.731112,41.763995,46.380892,44.842334,46.183681,45.220004,37.699101,44.895870,43.851804,40.026605,37.647541,44.989143,41.463439,45.247530,44.417741,43.969816,38.295683,43.026288,42.726576,43.645948,38.627546,45.814093,42.021431,44.500158,42.278863,41.845730,42.370549,43.101458,43.336727,46.011888,38.002015,39.592442,45.189105,45.704551,44.428560,43.060672,47.126187,42.470223,46.837720,41.046380,41.038152,45.609498,41.293780,45.216469,38.570952,43.860546,39.194094,44.998654
Trường mầm non Vườn Hồng,36.004273,40.175047,26.544533,32.743310,0.000000,35.138901,30.498811,46.635515,35.665382,40.110202,32.157304,42.893156,36.185938,30.994324,37.404626,38.575933,44.745742,37.549870,30.400544,42.780481,43.102987,46.239438,38.788676,41.287849,40.706872,36.547965,41.125119,43.091055,46.932713,38.177195,38.874621,43.576611,42.354741,36.620470,41.337656,41.464287,38.601796,38.277336,39.464865,31.350540,38.559937,45.744025,38.643668,42.548924,39.943403,36.594393,45.948248,44.905997,35.552256,36.124233,44.793039,41.445874,38.481762,37.900811,42.308377,39.404015,38.370291,39.079247,32.399403,40.828596,50.567783,38.309882,46.004200,39.650791,42.008505,37.112079,38.605360,52.008913,35.786626,41.751423,46.509038,45.200296,45.304530,47.286114,43.758018,41.784996,51.819486,47.140352,34.336715,42.707225,48.522847,46.746435,48.898267,46.764474,39.452947,49.360976,45.686822,42.167823,40.511911,46.711991,42.621555,47.206576,45.977903,45.515757,40.152869,44.222828,43.898109,45.140156,41.612917,47.726832,43.226259,48.334756,43.287799,42.990224,43.703963,44.386979,44.609315,47.905781,38.956238,40.296443,46.787020,47.095085,45.729102,44.216142,48.761935,43.431856,48.412604,42.046331,41.833811,47.137020,42.380581,46.547561,39.442430,45.019181,40.065889,46.179918
WinMart+,35.188944,35.742272,35.415646,37.391786,34.796905,0.000000,30.976657,43.538827,33.040390,36.802121,36.556588,38.754870,34.917962,35.497518,36.268978,32.980442,43.377344,33.655085,27.301674,33.725256,39.933832,43.864230,34.826310,39.456677,39.990621,33.235866,40.693084,42.655958,44.925619,35.599523,36.925984,40.767195,42.227635,36.144375,41.518483,38.143481,36.434648,36.938782,33.514168,39.186286,41.270005,43.396822,36.588135,42.329108,37.272798,34.394132,43.891911,44.088330,35.666924,33.249586,40.977916,34.522256,35.718008,39.996959,39.441767,40.031054,33.668026,39.791846,30.174819,38.450753,47.563835,36.870450,37.812987,41.542030,37.724546,32.924093,38.238582,51.432820,40.125048,39.610613,38.278296,34.148154,44.461387,45.682661,37.919102,34.281006,51.231935,46.083554,34.050304,36.783137,42.045636,40.488920,44.649889,45.417483,37.141901,47.262194,39.392810,38.855391,40.814111,41.120740,37.876242,41.024911,40.651377,40.348538,37.662455,38.236554,33.235402,37.695586,41.675535,41.926466,38.745357,46.714000,34.897681,37.107484,38.936677,37.871046,38.411530,42.272255,39.368528,35.379809,41.848031,43.048472,39.707858,38.340999,44.243463,40.567562,44.024326,38.329217,36.941633,42.482048,42.338754,42.481516,39.623173,41.125674,40.203897,42.648926
WinMart+,21.527243,47.383700,28.515770,42.066202,45.707772,38.142762,0.000000,48.352984,41.301445,38.420230,42.475360,40.000492,40.449264,41.031613,43.307092,41.691988,47.127701,42.845135,34.391316,40.765564,48.269002,34.429166,31.880193,44.725313,37.584362,41.560714,42.852779,45.796073,47.867139,42.465160,30.863401,36.200580,31.622884,40.766029,30.449866,45.830545,42.191837,32.488906,38.729296,35.593387,48.540702,45.401423,38.768013,45.281405,32.962122,40.567853,45.846765,35.534357,41.284888,38.898034,48.166440,44.921446,31.086043,40.263184,45.872048,42.324447,37.841220,31.070176,44.263071,37.457366,50.018321,40.271103,48.611513,41.987372,44.935182,40.560921,43.431717,57.784925,43.934296,35.141477,35.926362,42.143590,46.489311,48.007548,46.697544,44.422333,56.335284,47.510976,35.315728,39.098541,50.264242,48.708001,51.023825,47.201804,35.312802,49.343414,47.788173,38.288246,42.770025,48.472798,38.879359,49.022232,47.796780,47.260269,35.789373,40.253275,35.278260,47.043992,43.627915,49.347495,39.432988,40.763286,36.642366,39.227084,45.487110,40.095368,40.573943,49.432019,41.586773,37.930568,48.266298,39.755702,41.789877,40.324067,49.853539,43.218618,43.078769,39.107146,38.534611,48.515939,43.287356,40.824150,40.415270,46.404228,40.986537,40.203660
Siêu thị Đức Thành,39.175964,43.611182,34.612938,30.044392,44.095615,38.403136,38.748646,0.000000,38.713909,43.027529,37.353348,45.397896,40.193704,26.354826,40.900060,41.038903,42.689233,41.133146,32.767482,44.930693,46.959631,48.296359,40.821884,44.214212,42.916438,39.562363,43.339916,41.357390,47.092383,40.978451,40.692422,45.524864,41.066091,38.371866,39.673571,44.359636,40.447167,40.063213,41.669222,43.192185,41.422746,47.700498,40.455594,40.877393,41.500842,38.817400,47.751556,44.446644,37.323573,37.690049,47.381946,43.643148,39.988669,39.697482,44.608739,37.802091,40.166974,37.392066,34.162934,42.308452,52.184218,39.671168,48.140852,41.285302,43.839568,38.677826,40.744188,53.641477,37.308906,43.173380,46.487167,46.637403,45.009561,47.477812,45.819578,43.445491,53.298685,48.287858,35.699279,43.735754,50.199397,48.389192,51.018746,48.126402,38.723030,50.108038,47.355372,41.641995,39.423619,48.192842,43.924123,48.823642,47.399377,46.894227,39.457076,45.304009,44.989461,46.561962,40.687145,49.233214,44.460236,48.723749,44.236875,44.125901,44.997532,45.543704,45.757702,49.361094,40.370855,41.129587,48.097463,48.173842,46.821611,45.279410,49.933095,44.310628,49.573961,43.075747,42.735688,48.371243,42.138576,47.628087,39.106706,46.083033,39.764314,47.123706
WinMart+,32.562854,37.703048,31.508457,33.312847,29.574367,30.534413,34.306291,40.533000,0.000000,38.502993,32.827210,42.065141,30.316715,31.909209,30.517164,35.632335,41.279470,34.429568,25.808825,42.077674,36.293072,46.245879,37.449290,42.101908,40.905603,33.620020,40.441914,40.990230,43.641843,36.675255,37.712075,43.090330,40.895584,35.368875,40.024429,36.606307,37.376303,37.075620,39.057112,40.998135,41.432338,45.651100,37.469413,40.750655,39.111112,34.857112,45.907538,43.132697,33.969957,34.618313,40.972493,37.983101,37.514389,37.061122,38.735188,38.650252,37.684455,38.368506,29.913748,40.127504,46.992934,31.356511,38.875145,39.443107,39.255851,36.145731,37.279116,52.974639,34.517228,41.210301,45.087162,40.705797,43.669466,44.907702,40.765065,39.296561,52.602408,47.229076,32.960570,33.353309,43.473534,41.633396,46.340048,46.828495,39.032187,46.769037,40.378261,39.883788,39.724055,42.207791,38.451421,42.221901,41.627152,41.239658,39.654933,40.895755,40.543479,38.330233,40.662282,43.148539,39.348036,46.203825,40.350609,39.414048,39.597666,40.765679,41.051673,43.502082,36.707373,37.701447,42.856810,43.945148,42.471735,40.963875,45.395150,40.749362,45.115630,38.776953,39.036165,43.491263,41.973992,43.345435,39.224657,41.853388,39.822431,43.392689
Siêu Thị T-Mart,34.358902,34.914665,34.123009,40.312402,39.242476,36.620570,28.394615,46.182541,37.427583,0.000000,37.767523,39.857142,42.964717,36.662001,38.880309,26.969471,45.460991,38.960366,31.662666,32.328464,42.847805,46.823221,34.130774,42.904088,32.298033,37.569568,44.518712,44.385950,46.516610,39.318560,37.013848,42.182008,37.125814,35.901086,43.035668,41.700645,36.251345,36.969114,37.131760,39.756029,44.443306,45.895451,36.473483,43.966486,37.381752,37.320536,46.228537,39.037970,37.492201,32.170925,44.159717,36.834121,35.477072,36.637880,42.317498,41.395582,36.398594,41.182052,32.683693,38.813384,48.714177,36.885081,40.204848,39.037205,39.584349,38.074653,40.719747,56.183388,41.094339,40.190379,38.499418,40.323843,45.528020,46.843224,43.460061,36.167050,55.259687,47.687506,32.281388,36.773359,43.629620,42.135515,47.386591,47.287023,37.175315,48.235221,41.135965,39.120613,41.966676,42.554169,36.765359,42.622544,42.051046,41.742379,37.747181,38.473471,32.736520,39.300563,42.802909,43.371456,37.438145,47.636555,34.690303,37.191851,40.312025,38.067173,38.684086,43.649458,40.590446,35.217616,43.097492,38.025885,40.161354,38.589631,45.255391,41.039020,41.785819,37.553643,36.951206,43.611145,42.793094,39.332730,40.060367,38.197697,40.632560,38.837894
Trường Trung học cơ sở Tân Định,35.916224,39.848339,31.988626,32.247878,38.288814,35.215397,36.396297,39.595343,26.360140,39.920467,0.000000,42.660755,36.234332,24.810373,21.205866,38.503309,30.996786,37.532202,30.624181,42.579697,29.477369,45.927961,38.737292,41.071489,40.566581,36.581851,40.901668,40.561685,43.287140,38.142612,38.771980,43.370511,40.569594,36.618442,39.672858,27.955436,38.548812,38.242133,39.388776,41.509024,30.688934,45.461684,38.590697,40.364969,39.878296,36.623518,45.684004,42.900721,35.591294,36.145699,33.027689,31.833736,38.452502,37.888251,30.442375,38.333087,38.340819,38.051372,36.146472,40.719030,46.812186,38.289332,36.720007,39.587099,34.242176,39.243650,37.111466,51.533416,35.753980,41.644521,44.957702,39.284050,43.471736,44.701405,34.846522,34.821089,51.349595,46.937364,38.108472,38.612204,41.564464,39.903336,39.688690,46.536762,38.868782,46.622481,38.700233,41.260221,39.475228,40.648264,37.297520,40.484763,40.182869,39.860115,39.482959,39.867913,39.523534,39.319528,40.430500,41.496636,38.224437,46.057246,39.483761,38.402440,38.398041,39.660015,39.928480,41.876062,33.111574,37.030343,41.469263,42.805057,41.374774,39.951578,44.050278,39.950826,43.822445,37.884539,38.266460,42.171043,41.895741,42.213138,39.137959,40.818664,39.744262,42.422961
Trường Tiểu học Hoàng Liệt,41.586110,45.043589,39.884256,42.163343,44.707115,39.676696,44.526110,46.705163,38.899553,41.235255,42.471627,0.000000,41.914765,41.351974,43.111204,35.014704,46.083298,39.930855,35.089323,28.604186,46.828201,41.003736,27.606469,42.112882,32.739604,38.992333,36.434882,45.187709,46.819146,39.993997,23.973050,35.740373,37.233899,35.988919,38.325681,45.153990,36.338039,29.413814,34.959845,39.689076,47.367656,40.516360,34.005806,44.790791,35.150546,38.527713,41.677759,39.007890,37.460868,35.245554,47.054154,44.542713,33.265211,36.662056,45.307265,42.352429,34.790280,35.612526,34.858927,35.210456,48.736633,36.843408,47.551830,38.784793,44.607931,37.846673,43.296628,52.986938,40.501020,36.982610,38.510032,39.941795,45.949005,47.135245,46.016393,44.187872,52.411497,45.469648,32.551468,36.717043,49.123905,39.384874,49.503136,44.556309,36.297153,48.310766,47.042648,37.081807,42.748035,39.574000,36.758440,39.751572,47.153178,38.312763,36.764893,38.221836,32.854018,46.501550,43.487623,48.419157,37.285686,42.386725,34.661456,37.022212,39.675625,37.841308,38.421989,48.512988,41.735757,36.239650,40.950253,37.798830,39.795272,38.325107,42.807318,41.719342,41.333347,37.352753,36.860775,47.850659,43.830079,39.047097,41.007006,38.012621,41.552989,38.570405
WinMart+,36.218724,37.951484,33.863180,35.934669,32.409524,31.581499,33.558697,43.115988,30.007773,40.980993,35.172806,40.406978,0.000000,34.103484,34.992355,36.681450,43.045579,30.714036,23.639534,35.920145,39.067295,44.495031,36.569587,38.823921,44.221848,31.049220,42.319770,42.323158,44.879441,34.147473,38.666656,41.759075,41.921233,30.627927,41.135508,37.622418,38.287425,38.339315,32.806633,40.102374,41.202091,44.063223,38.364750,41.989824,38.351939,33.226363,44.430735,43.978923,28.889542,35.028471,40.867495,33.671087,36.874692,32.484427,39.171494,39.598954,33.252847,39.342806,28.940592,39.369195,47.830858,27.522632,37.237354,36.019327,37.292554,32.434246,37.918644,51.027567,30.733975,40.391943,45.609633,33.991732,44.396928,45.729133,37.512654,33.601906,50.886726,46.248375,29.537260,30.800985,42.077412,40.346652,44.971404,45.686166,39.554667,47.445584,39.134642,41.952488,40.502928,41.055674,37.573512,40.945677,40.544215,40.227246,40.185997,32.902015,27.607339,37.332775,41.415814,41.941416,38.518695,46.829667,30.103063,31.502520,38.713220,32.043795,40.236342,42.321444,39.194558,32.079958,41.854964,43.131729,34.267265,33.100445,44.437725,37.019531,44.192511,38.123274,32.668945,42.541144,42.250395,42.531975,39.483811,41.087689,40.081599,42.698930
WinMart+,33.063451,36.072350,29.377290,20.545786,33.254955,32.466569,34.254495,25.532000,33.040708,36.644181,23.504174,39.472152,32.793328,0.000000,25.182119,35.863771,24.635294,34.138314,29.164136,39.805166,28.390164,42.833689,36.589809,37.592951,37.878679,33.799622,38.147055,31.935672,33.923235,35.268022,36.676120,40.746746,34.212859,34.804761,33.038645,35.910035,36.452066,36.239336,36.859796,39.533161,34.455052,42.435914,36.516969,32.595131,38.070928,34.455660,42.838370,37.142639,33.962514,34.578401,38.370385,34.717666,36.824959,35.966607,33.490944,33.107227,36.360188,32.774906,31.163055,38.770266,39.333654,36.708597,41.282590,37.618028,37.761359,41.720285,35.495200,48.097914,34.213481,39.831404,41.093962,41.955769,38.424658,38.484805,38.719250,37.869491,48.204690,44.852828,40.371176,40.508280,44.504161,42.963001,42.899249,44.290887,36.017421,40.887138,41.934510,37.988893,35.079726,43.287643,39.951138,43.409445,42.768341,42.356980,36.467073,41.721545,41.414953,41.990362,35.955303,44.100084,40.543102,41.010876,41.104953,40.478554,40.831506,41.711927,41.954574,44.347345,35.904188,38.539392,43.663469,44.439403,43.134568,41.780842,45.770051,41.387322,45.507817,39.774426,39.901111,44.165637,40.219268,43.918620,37.721581,42.585102,38.335513,43.846129
Cục Dự trữ Nhà nước khu vực Hà Nội,36.988117,41.948456,35.241472,37.458457,37.883066,34.471990,37.247691,44.702176,29.014270,41.682381,26.503299,44.556106,35.533460,26.775227,0.000000,39.718389,44.187074,37.166950,29.591659,44.169052,31.072848,47.919235,39.729137,41.417870,40.752777,36.119928,42.347771,43.202431,45.731180,29.022878,39.694004,44.893008,42.612699,36.381439,41.869601,33.582299,39.430052,39.055114,39.405852,42.527471,39.587093,47.281417,39.464792,42.809486,40.725846,29.596368,47.375778,44.567486,35.251070,36.667111,39.055941,36.138181,39.146116,37.752606,36.856791,40.230743,38.247656,39.974598,38.982382,41.625919,48.479337,38.896316,41.945362,39.613658,37.932573,42.301281,35.729993,53.836632,35.522699,42.569715,46.002661,42.625822,44.918125,46.327194,39.365232,38.127334,53.431084,48.083917,40.561133,40.723235,46.066552,43.992216,45.627415,47.863996,39.913414,47.966917,42.676718,40.866567,41.024255,44.291582,39.981746,44.587432,43.558426,43.103924,40.544652,42.257267,41.890072,42.584326,41.937323,45.395814,40.841180,47.317148,41.502362,40.778482,41.219698,42.251274,42.538909,45.681440,35.591790,38.569641,44.703759,45.459239,43.924102,42.306476,47.166929,41.808312,46.817837,39.972348,40.047187,45.245727,42.456686,44.852728,39.672968,43.206095,40.262223,44.677571
Trường Mầm Non Đại Từ,32.426089,31.944099,32.641121,37.456934,36.240621,31.410450,27.985742,41.419920,34.691095,26.935469,35.646277,32.179145,36.497638,34.887057,36.635681,0.000000,41.708647,35.337936,30.461071,26.703245,39.575550,41.255699,33.527213,38.794677,27.874220,34.811738,35.436024,41.458015,43.090586,36.304455,32.069684,38.392091,39.758189,32.059351,40.765727,39.181528,30.984015,33.674112,32.035355,37.418807,41.574587,40.960369,31.548097,41.278827,35.540497,35.273153,41.712270,41.943886,34.737072,28.553607,41.342453,35.222891,34.063438,34.087699,40.040284,39.622682,32.533445,39.417816,31.731085,27.792255,45.317705,34.497118,37.764282,36.896489,37.717370,36.279610,38.930581,49.416981,38.769211,38.058750,40.757159,38.956049,43.284628,44.078820,41.156173,34.906161,49.447531,32.463978,30.380708,35.239121,41.101168,39.899855,44.310277,43.890542,38.783944,45.410943,39.021360,41.240958,40.330109,38.585258,35.419565,40.319921,40.106140,37.331321,39.415012,37.190711,31.084236,37.688965,42.976320,41.076596,36.087445,46.554009,33.393678,35.756216,38.889943,36.621907,37.315819,41.379839,39.115485,34.107789,40.333406,36.776649,38.927071,37.330869,42.429914,40.093369,40.737092,36.449309,35.928239,41.692774,43.306695,38.236397,40.514649,37.191444,41.069733,37.826192
WinMart+,41.019591,45.150385,37.237436,34.969310,46.440512,40.323406,40.199527,38.845966,40.523703,44.432946,29.968009,46.540243,42.341162,25.789606,42.731904,42.384694,0.000000,43.037187,34.488627,45.947303,48.494028,49.099480,41.995087,45.574316,44.029966,41.305738,44.356210,34.563447,39.283920,42.533226,41.677703,46.431256,36.970722,39.461914,35.322683,45.723300,41.502707,41.111731,42.881269,44.023566,36.797733,48.495178,41.493575,35.229365,42.393187,40.178825,48.487268,40.932217,38.481961,38.702446,48.409027,44.747879,40.907982,40.778336,35.494027,34.726315,41.230775,34.282438,35.425221,43.074786,46.858871,40.504711,48.906861,42.220715,44.774984,39.585862,37.198574,53.987953,38.213437,43.920505,44.398739,47.206298,42.050555,43.476522,46.752662,44.311231,53.589192,48.750638,36.644309,44.268476,50.727504,49.010113,51.619473,48.675613,37.336811,46.541623,48.007924,40.008464,36.987210,48.757115,44.602474,49.359431,47.998977,47.444589,37.993223,45.720313,45.416893,47.195319,38.181526,49.705669,45.052757,45.745870,44.631099,44.615269,45.561018,46.009566,46.239234,49.801019,41.219205,41.581408,48.535988,48.496053,47.191543,45.724873,50.235065,44.643977,49.867302,43.545740,43.222169,48.807980,41.362580,48.021408,38.459923,46.556710,39.125928,47.442710
Cà Phê Parkland,36.339524,38.289017,34.279513,36.139425,33.211972,33.466877,34.348526,42.113449,31.326234,40.928004,35.449028,40.461766,31.682897,34.475905,35.242808,37.348970,42.330655,0.000000,26.250053,36.462700,38.874257,44.115005,36.976035,35.600256,42.059218,21.260318,42.050837,41.840685,44.096468,28.405663,38.880838,41.669533,41.575457,30.336366,40.841012,36.149208,38.566433,38.564964,31.778076,40.158381,39.942287,43.733910,38.625670,41.576139,38.536353,29.559758,44.101590,43.504993,28.938004,35.537104,39.602064,32.352707,37.153369,31.823775,38.040809,39.459079,32.429903,39.220087,26.009075,39.448764,46.887324,27.741936,34.750330,34.786199,35.581364,31.877665,36.958021,50.076249,30.467354,40.422508,45.187212,38.509067,43.948947,45.084671,35.852325,31.728568,50.029306,45.927671,29.483013,30.635609,40.952170,39.043533,43.921289,45.340308,39.473989,46.706983,37.644249,41.748768,40.328403,40.010671,36.391463,39.744530,39.515288,39.188354,40.070761,39.391012,39.013164,35.928435,41.189845,40.961355,37.484550,46.210326,39.050559,37.756190,37.632613,39.107706,39.410565,41.426228,38.276784,36.512524,41.036701,42.593926,41.035563,39.485046,43.950155,39.586121,43.696387,37.281493,37.761838,41.833021,42.134576,41.934770,39.445128,40.416520,40.025813,42.212431
Trường Mầm non Định Công (Cơ sở 3),32.503212,33.511988,30.858452,31.713963,29.274674,26.308116,31.320274,34.438961,27.997558,32.958752,31.499614,35.247214,23.660386,31.167847,31.605898,32.101822,35.872577,24.893576,0.000000,32.793146,33.764887,38.466082,33.551637,28.974845,29.157879,24.616160,35.370267,36.702937,37.903599,27.627631,34.371214,36.999159,37.331107,25.522205,36.675878,33.101085,23.712724,34.714679,24.591093,36.595991,35.727104,38.317350,34.219850,36.791633,35.384569,26.820983,38.906962,39.023359,24.132953,32.557984,35.462565,30.943665,34.402826,26.913004,34.875690,36.186199,27.514666,35.973164,25.240392,36.092802,40.653759,24.286167,29.685687,30.563896,31.209265,27.906097,34.387579,43.379805,26.652333,37.086161,41.470719,30.055362,39.747481,39.986686,31.361855,29.080993,43.811411,41.852852,26.224806,28.125056,34.179645,30.740656,38.680965,40.934099,37.352260,41.451434,32.365705,38.979896,37.246029,29.433972,28.306225,31.276164,34.258089,29.384378,37.740553,30.296883,25.258415,31.907818,37.891478,34.776913,29.485545,41.481371,27.908558,28.875900,29.418152,29.277712,30.014865,33.059929,34.315727,30.054068,35.579702,30.271473,31.514025,30.521123,37.987985,34.665340,33.526131,30.697214,30.590942,36.366358,40.527706,31.817828,38.268103,36.096034,38.813930,32.007650
Highlands Coffee,40.945884,43.448873,39.606514,41.624602,43.637247,34.823722,43.328042,45.435384,35.879016,34.103995,41.875618,24.898898,37.467626,40.952206,42.454172,29.517001,45.087834,36.471627,32.675624,0.000000,45.654343,40.237044,29.988268,38.806907,29.190753,35.983184,23.095637,44.455220,45.858383,37.019410,18.969881,36.176437,37.302929,31.835790,38.283596,44.330185,31.181679,23.094121,31.851789,39.459278,46.338983,39.898617,20.137589,44.134190,35.534689,36.105955,40.906173,38.876572,33.893738,20.276928,46.059090,43.906095,33.870638,33.438187,44.585282,42.019046,32.291786,35.791068,33.066858,35.536668,47.689164,33.740606,37.951328,35.570637,44.039055,35.224278,42.811117,49.992218,36.710372,37.100968,38.457711,37.564631,45.341912,46.348942,45.259575,43.678475,49.918987,44.627856,30.531111,34.550782,40.590757,37.296020,48.345240,43.658687,36.378701,47.455751,38.919234,37.118272,42.413561,37.306497,34.819481,37.663608,39.852825,36.360753,36.819768,36.187426,31.041569,37.840920,43.101688,40.597339,35.257359,42.043449,33.017587,34.961551,37.715206,35.652920,36.258227,38.588855,41.469061,31.042137,38.972585,35.890819,37.632353,36.331374,40.812401,36.282019,39.271786,35.682353,35.307257,36.933640,43.631429,37.188776,40.919365,36.366097,41.456763,36.908132
WinMart+,36.154288,40.098881,33.444128,33.835442,36.350431,33.993138,36.608948,39.523264,29.517648,40.168462,30.628887,42.898880,34.742290,29.083841,24.125485,38.707318,32.965781,36.185520,29.790072,42.793197,0.000000,46.124468,38.926724,41.043850,39.704235,35.469973,41.077701,40.400656,45.366859,41.834724,38.915356,43.558963,40.442661,35.948342,39.648401,31.957270,38.696071,38.390098,38.537002,41.663446,30.834773,45.646970,38.738197,40.246527,40.024696,38.022889,45.861172,42.516346,34.943935,36.290737,39.688690,35.838886,38.590929,37.214210,36.728906,38.454633,37.666530,38.198683,39.203854,40.831607,45.753545,38.408880,43.133456,44.325009,38.051908,42.882674,35.368503,51.672079,35.177317,41.782589,44.506178,43.326041,43.063141,44.053607,39.858530,38.262556,51.470565,47.046789,40.900558,41.019941,47.688583,45.152430,47.950340,46.665331,38.904422,45.786607,43.589407,41.117537,43.344611,45.325868,40.304261,45.811689,44.451230,43.836248,39.483426,42.673267,42.265398,43.331849,40.346822,46.643675,41.188714,45.374951,41.768208,41.062547,41.631307,42.711375,43.024671,46.918543,35.367895,38.605545,45.585288,46.202125,44.507289,42.706631,48.238369,42.071512,47.820446,40.137334,40.238433,46.145343,41.802672,45.538545,39.147831,43.739881,39.736942,45.225487
WinMart+,42.928172,48.970976,40.571870,43.216591,46.812023,39.824211,39.846280,49.088208,42.365935,40.667533,43.647722,40.795020,41.738442,42.257248,44.331508,38.697500,47.848014,43.776276,35.597850,41.094694,48.982679,0.000000,35.433187,45.441343,38.394553,42.477964,41.598841,46.485594,48.426603,43.289070,33.374636,31.813249,34.284241,40.924530,35.624064,46.577335,42.011166,35.185832,39.228873,35.928620,49.069566,34.687941,38.663237,45.962141,29.953856,41.366001,37.096734,35.806933,41.346066,33.312144,48.716128,45.593533,27.829101,40.492565,46.521477,42.976541,38.400769,33.040693,44.764460,31.809849,50.395312,40.489991,49.055784,41.917606,45.514172,40.681066,44.085204,50.646457,43.440098,33.249292,36.106456,47.438092,46.944893,48.454813,47.239501,44.981303,41.982741,43.719558,36.128388,39.401597,50.557392,49.069686,51.324422,38.419785,33.318763,49.704865,48.190824,33.252670,43.325842,48.817341,45.149917,49.355343,48.159858,47.628882,33.669408,40.377876,36.006522,47.432352,44.149352,49.646695,39.665847,40.729720,45.581862,39.490956,45.896740,40.257931,40.678364,49.722130,42.181774,44.552137,48.582481,39.934897,41.739708,40.453880,50.075611,50.247565,49.742753,39.329601,38.819835,48.808507,43.245308,48.068535,40.415139,46.723259,40.977890,40.324142
Trường Mầm non Hoàng Liệt (cơ sở Tứ Kỳ),37.023795,38.261405,36.368825,38.649037,40.046970,38.137873,38.930142,42.105425,38.436092,38.609031,38.842586,28.916578,39.872950,38.107435,39.565044,34.992019,42.241323,38.674955,35.083648,32.042774,42.549656,34.048362,0.000000,40.451543,33.365811,38.069489,32.086227,42.044575,43.347520,38.872606,28.693020,31.078726,34.894330,35.647652,35.960472,41.667609,35.834191,25.362989,34.926435,36.315916,43.805307,34.215808,28.043711,41.865754,31.944700,37.823433,35.951538,36.150462,36.793424,26.231838,43.527035,41.630140,30.485054,36.224723,42.237075,40.215095,34.798755,33.785644,34.833450,32.103024,45.410616,36.370077,44.328287,37.856189,42.006603,37.198078,40.744845,45.432495,38.980553,33.865838,36.347394,38.991791,43.577363,44.345248,43.048556,41.776028,45.989008,42.001410,32.954029,36.361522,46.183260,45.059989,46.044701,40.378811,34.794584,45.543813,44.327477,35.129726,40.794367,38.717875,36.428329,45.332578,44.698526,44.325436,35.159485,37.611858,33.139181,44.107567,41.464254,45.742634,36.841567,40.202015,34.629398,36.602896,38.885558,37.267407,37.762230,45.878542,39.787862,32.016250,45.238346,37.283809,38.919157,37.724434,41.593121,36.860754,40.275182,36.948978,36.553011,45.563713,42.834844,38.376590,40.236650,37.540329,40.773734,38.010930
WinMart+,43.598426,47.366129,36.608701,38.391726,46.543350,38.026088,36.370181,43.361334,35.295668,42.700022,37.275761,41.653501,38.534169,40.563156,41.708573,39.535293,43.287323,36.268551,30.527097,38.168513,41.463166,44.592106,38.427032,0.000000,43.199917,36.854733,43.096684,42.702058,48.468760,39.883942,40.230861,42.462768,42.308725,36.773787,41.685170,36.622668,39.984205,39.746439,40.362233,40.977237,43.208443,44.251040,40.002351,42.412309,39.517830,36.626106,44.525076,43.955294,35.536806,37.070800,42.616461,30.207195,38.245830,38.302141,39.482241,40.722294,38.856685,40.107592,30.660667,40.308192,47.321028,32.760110,42.220483,40.299171,39.533022,42.481542,37.584823,49.702742,35.763740,41.148258,45.776341,42.900761,44.785794,45.947141,41.843706,30.616880,49.690180,46.044721,40.444222,40.648905,47.456673,44.727341,48.999049,45.544975,39.994163,47.364736,43.054154,42.167072,44.956803,44.984293,39.755054,45.458848,44.038784,43.464042,40.573306,42.384935,41.968283,42.859885,42.172417,46.386298,40.766033,46.851544,41.513500,40.696263,41.197603,42.398617,42.720992,46.696690,36.825956,38.315629,45.344953,46.056467,44.291366,42.428913,48.155457,41.852876,47.720115,39.788564,39.913202,45.949553,42.528966,45.359103,39.847998,43.472459,40.411610,45.071241
WinMart+,39.301456,40.760693,38.453517,40.150899,38.815114,40.277385,36.848116,44.478189,37.967449,44.491966,39.358472,31.218534,41.626152,38.436390,38.937827,26.877425,44.251691,39.144947,30.449936,28.041207,41.795857,45.659056,32.423551,42.047409,0.000000,32.517624,31.459273,43.572498,45.275853,39.379935,30.997024,43.299020,43.076675,32.974908,42.538523,40.267488,27.333117,32.276621,37.075208,41.557401,42.499414,45.232432,30.739918,43.274257,40.012649,37.761249,45.463808,39.310054,30.054856,28.951159,42.283170,37.267720,38.655307,38.148101,40.967556,41.174451,35.833894,40.986707,38.216630,28.215884,47.252242,27.662694,42.426219,41.459912,39.592374,39.139710,39.785895,50.940035,32.377848,41.685623,38.842327,42.176343,44.793689,45.809866,39.725802,41.467985,50.824153,32.340991,30.351954,31.683681,42.565837,40.978857,45.005668,46.321273,37.636973,47.056615,39.982512,39.607581,41.711369,38.725674,35.280335,41.518572,41.118135,37.132197,38.130752,34.120968,27.706558,40.340512,42.436346,39.298981,36.477961,46.628671,30.645446,32.470680,36.498491,33.191130,34.028702,42.433315,39.787916,32.833970,38.274873,33.883580,35.821561,34.325594,39.928529,38.615365,37.981149,33.930954,33.560420,40.948080,42.630354,35.572062,40.034822,34.771980,40.581352,35.436035
Trường Mầm non Sao Mai,35.917026,37.543113,34.112264,35.682984,33.119190,33.308713,34.189600,40.410653,31.589968,39.218519,35.089508,39.531607,32.089810,34.290951,34.929027,36.616098,40.984904,28.653778,21.062718,36.062743,38.063060,42.903707,36.577349,33.216143,40.579789,0.000000,40.637809,40.850989,42.736489,28.468680,38.171214,40.790600,40.798893,27.352617,40.115547,36.692305,37.892739,37.996187,27.376710,39.578037,39.649611,42.621170,37.951993,40.679886,38.093345,27.571334,43.023241,42.615714,25.926524,35.297352,39.345867,31.798159,36.838910,28.794158,38.143601,38.965063,29.417136,38.734758,25.200538,38.920185,45.434688,25.592417,31.781251,32.233718,33.260017,29.440739,37.172099,48.402553,28.111078,39.876797,44.418670,31.335812,43.103754,43.983204,33.512935,30.252521,48.500897,45.079736,27.469795,29.108638,37.541262,36.094348,42.851132,44.408849,39.175101,45.519739,34.927594,41.260698,39.833771,37.256458,34.582054,36.719924,36.994951,36.776829,39.728058,37.552449,26.198046,33.919361,40.626513,37.952646,35.611513,45.176313,28.732015,36.028824,35.623800,37.140267,37.425175,38.442921,36.415752,30.778103,38.496135,40.367299,38.981314,37.678336,41.279200,38.112052,41.128657,35.775416,36.445663,39.341375,41.868684,39.767151,39.282277,38.501111,39.845745,40.317874
KFC,38.099795,40.159185,37.146382,39.673160,41.662755,39.726558,34.226907,43.950875,38.797996,42.582085,39.993127,41.954921,42.795967,38.934249,40.803726,31.915572,43.751382,40.086793,34.183803,36.232329,44.232038,49.966052,39.112284,42.799682,28.494313,38.906042,0.000000,43.166577,44.836033,40.143420,30.009712,44.011845,43.516178,32.448604,44.523488,43.028734,31.493024,33.039257,32.305982,41.509728,45.312204,48.856609,29.197187,42.893539,41.134571,38.404762,48.797548,46.750611,35.078168,26.434669,45.069583,42.752365,39.102283,34.376903,43.387200,40.887143,32.737056,37.292068,34.265993,26.662336,46.845801,34.777291,40.662267,37.202320,40.064951,36.554289,41.837421,57.851047,39.269336,42.210543,44.174668,39.203062,49.998590,45.464181,44.314860,37.074620,56.773240,32.096570,30.534244,35.426683,43.449117,38.660335,47.767712,48.964435,40.885507,48.914202,41.365846,43.901697,43.611183,38.797630,35.591144,39.127249,42.121248,37.515710,41.678172,37.469699,31.278623,39.756000,45.865514,43.251256,36.261761,50.408523,33.568577,35.984780,39.102768,36.856110,37.540782,43.506919,40.442302,33.990985,40.562559,37.001029,39.193937,37.532446,42.678691,40.585608,41.012211,36.635295,36.059309,38.012058,44.601432,38.429983,41.493111,37.330667,42.073831,38.018565
Trường Đại học Công nghệ và Quản lý Hữu ,39.798697,42.705092,36.989055,35.499884,42.816902,39.264070,47.338936,37.501723,39.463239,42.418751,39.004771,44.358144,40.572039,30.615107,40.976867,41.038665,34.411088,41.176607,34.862082,44.114954,44.888848,46.678263,41.029750,43.268686,42.426762,40.080961,42.645398,0.000000,31.395627,41.055558,40.674684,44.637673,31.953841,38.852752,30.088416,43.403826,40.526564,40.221898,41.515659,41.273309,40.298215,46.166139,40.523637,19.024013,41.529193,39.378512,46.288043,36.368819,38.128945,38.277108,45.563568,43.047080,40.282380,40.010152,38.697488,28.501651,40.367588,30.566244,35.501194,41.985880,37.682778,39.863246,46.279294,41.223964,43.298196,38.986019,39.068507,50.766073,37.811950,42.887916,41.327324,45.475935,37.104737,36.593260,44.679384,42.954906,50.657687,47.083751,36.502645,43.298427,48.130203,46.776901,48.355469,46.921753,35.557868,41.162635,45.940725,37.834174,32.479231,46.728284,43.470718,47.081713,46.179398,45.726749,36.058398,44.476137,44.216540,45.502808,33.687785,47.467112,43.803384,41.303193,43.629161,43.485982,44.189625,44.669604,44.881045,47.594368,40.550781,40.966955,46.708115,46.905616,45.759744,44.503541,48.287868,43.689880,47.997898,42.613806,42.435563,47.010344,40.187286,46.482206,37.416008,45.236768,38.098239,46.118391
Không có tên,42.798359,46.314873,39.953804,39.473752,47.716320,42.222761,52.383195,44.016007,42.308323,45.580811,42.924157,47.287242,44.176016,33.661703,44.334952,43.675739,41.987153,44.620098,36.639327,46.687958,42.561893,49.388922,43.155863,47.352277,45.024012,42.964568,45.279029,32.436937,0.000000,43.927461,42.754264,48.992188,37.593372,40.730440,35.637874,44.951284,42.626859,42.244487,44.004280,44.364699,44.486170,48.883914,42.601064,33.700872,44.809486,43.974066,48.850716,42.117097,39.837870,39.911337,46.684915,41.483211,43.349829,41.945416,41.358420,33.923539,42.346195,34.342038,43.704469,43.875326,47.907490,41.440601,48.479378,43.165132,43.475187,46.290612,41.966626,53.707874,39.424138,45.184273,39.489362,46.864696,42.033638,43.681602,45.332338,43.121777,53.376810,48.978122,44.308667,43.949848,50.447642,48.679242,50.213565,48.948481,37.540941,47.139553,47.633841,40.443245,36.543500,48.452363,44.200269,49.044755,47.663521,47.122012,38.247819,45.419593,45.109044,46.834493,37.840449,49.425653,44.696343,46.147767,44.349718,44.282892,45.204013,45.694832,45.933831,49.529837,40.186553,41.292998,48.265102,48.267245,46.928018,45.436841,50.041010,44.397224,49.664128,43.223085,42.922450,48.555773,41.346621,47.785872,38.384149,46.284692,39.058719,47.223405
WinMart+,31.357685,33.776054,35.630603,37.201567,29.778091,36.144843,35.521884,41.590908,34.018244,40.749806,39.242250,40.480072,36.051160,41.558381,42.842600,38.157978,41.889250,30.749305,29.721076,37.242099,42.926378,43.451648,37.586118,39.829544,41.628085,27.511547,41.604687,41.595526,47.974483,0.000000,39.158119,41.475372,41.415296,29.089513,40.791656,39.644068,38.924125,38.865960,29.882891,40.203100,44.004393,43.160390,38.966385,41.390328,38.803651,26.291739,43.502699,43.069744,27.814198,36.331303,43.542067,34.121130,37.600289,30.451250,41.047684,39.606955,31.005855,39.393686,22.827994,39.559059,45.743625,26.976065,36.474829,42.282325,36.915039,40.349500,39.120929,48.463840,29.442519,40.433399,44.668098,40.554043,43.481204,44.369215,37.287032,31.363190,48.544936,45.303067,38.542558,39.122842,45.205676,42.038099,48.195215,44.700903,39.560738,45.777737,39.973192,41.601937,40.356226,42.825680,37.451791,42.997907,41.930954,41.336965,40.105050,40.866718,40.398554,37.055798,41.106374,44.366916,38.731867,45.425902,40.173578,38.914490,39.039513,40.682383,41.046236,44.838325,39.686984,37.027272,43.641220,44.863053,42.921671,40.932968,47.027033,40.681918,46.583800,38.168267,38.589682,44.456612,42.050095,44.071612,39.489169,42.084664,40.044133,43.997477
Không có tên,36.492202,37.402969,35.990156,38.116387,39.314160,36.856234,33.474054,41.240063,37.225211,36.964441,38.343599,37.521510,39.413587,37.566722,39.068648,31.640647,41.487177,38.010534,33.644896,18.973800,41.677606,44.559234,28.897935,40.339008,29.312223,37.316534,31.219926,41.320390,42.639246,38.356810,0.000000,40.876217,41.507717,32.087933,42.412521,41.037096,31.422708,27.010310,32.065087,39.680773,43.013227,44.090011,20.863596,41.175551,39.271489,37.199010,25.042244,43.819893,34.111839,20.610532,42.813207,41.093987,37.709003,33.649633,41.575273,39.758542,32.462370,36.513717,33.863214,23.937480,44.538541,33.990221,39.148745,35.885792,38.876504,35.570878,40.433365,51.376474,37.183007,40.295903,42.277029,37.945353,47.588368,43.557975,42.468226,36.363972,51.220367,30.865370,30.660717,34.784454,41.738896,37.624962,45.280256,45.760210,39.901689,46.538303,39.988738,42.439070,42.234602,37.651355,34.991834,38.037320,40.804239,36.676749,40.557627,36.525979,31.251845,38.729019,44.129774,41.688989,35.550683,47.750344,34.374756,35.271799,38.083837,35.993503,36.607337,41.933062,39.466581,32.981115,39.367228,36.217037,38.019285,36.675652,41.252418,39.101621,39.686262,35.992952,35.527202,37.248993,43.847006,37.530258,41.003620,36.644725,41.558706,37.243163
WinMart+,40.671676,43.617940,34.315217,41.506400,43.784842,38.612603,41.242546,45.786424,40.970949,38.908123,41.804721,43.006535,40.295122,40.807165,42.448366,37.670151,45.338067,42.199946,35.404959,42.848747,45.989219,30.661825,35.125507,43.747177,39.856687,41.241520,40.039660,44.627867,46.140538,41.977505,35.808162,0.000000,35.234566,42.066928,36.472644,44.486464,43.120524,34.949958,40.406105,37.136691,46.664790,26.769113,37.911313,44.276635,24.800338,40.479481,29.961693,36.807773,42.324850,30.082250,46.364585,43.994925,22.956741,41.520587,44.725871,41.998119,39.511918,33.876704,43.683946,43.219579,48.073626,41.474059,46.917629,42.724040,44.119013,41.507657,42.818738,40.198078,44.086563,29.607282,36.849479,46.012448,46.701207,46.624820,45.447300,43.731743,39.442814,39.000471,37.339863,40.266110,48.522462,47.271494,48.798240,35.979803,32.231509,47.798663,46.502845,31.785689,42.415904,47.188888,44.095415,47.541211,46.666304,46.220933,32.541015,41.066023,37.101002,46.032201,43.197153,47.884051,40.443853,41.158213,43.164635,40.291846,44.751366,41.017162,41.379477,47.985540,41.397983,42.124180,47.116608,40.642938,42.329470,41.138029,48.568553,47.605540,48.295145,44.506656,43.220254,47.385380,43.367653,46.857147,40.570788,45.672034,41.125103,45.280477
MM Mega Market Hoàng Mai,49.476563,54.279954,41.407896,34.703513,51.449574,46.390690,52.583337,35.606570,47.120792,48.231407,37.184367,52.573635,38.455747,31.496599,48.871986,49.220437,33.797818,39.001159,34.537637,50.831229,52.409232,48.218713,44.890968,40.720841,45.069436,38.372148,49.780168,31.384554,34.963718,39.160488,41.794795,47.773717,0.000000,47.408870,19.424731,40.557982,49.117374,43.291032,44.977178,41.508068,40.078844,52.221821,45.902688,32.139507,42.676837,38.095496,51.884494,28.138360,47.062768,45.000034,41.776803,39.075200,40.935079,46.041035,38.810527,32.838797,43.476399,23.027329,35.101964,44.815455,39.346884,45.854286,43.293595,47.011257,40.694781,45.299014,39.077369,58.201359,48.667551,43.319137,33.364013,46.030105,38.388345,38.439819,41.561499,40.558980,57.298566,50.804799,45.708592,43.675732,45.229461,44.163998,44.326904,51.275729,33.812519,40.979453,43.455966,36.697445,34.930916,44.310742,44.377457,44.445848,43.921370,43.573283,34.383567,45.442568,43.404688,43.346970,37.487141,44.882663,44.910385,41.520994,40.926036,44.836497,42.359434,45.706890,45.978728,45.036307,38.806050,41.623241,44.488716,44.856688,46.804931,45.456903,46.001939,46.056786,49.823192,45.746286,43.153166,44.841056,40.456252,47.606304,37.838140,46.107205,38.469262,46.528776
Trường Tiểu học Đại Kim,35.732712,36.251653,35.405825,36.276896,34.816387,38.193415,33.096740,39.066375,34.028910,35.418714,35.872444,36.357519,30.431371,35.284488,44.189214,31.463770,39.647182,33.294686,26.068815,33.368269,37.789163,42.583961,36.205590,35.023893,32.897704,27.785992,32.162927,39.737878,40.978378,29.696999,31.457775,39.652241,40.591026,0.000000,41.435886,42.876152,19.785168,32.640800,26.581329,38.747258,44.767503,42.292962,28.560241,39.678438,38.483224,28.888916,42.763400,42.535661,23.163478,30.818959,44.567117,39.126689,37.117353,31.205020,43.177348,38.569102,29.701943,36.161304,36.532685,38.448932,43.006926,27.259742,40.872468,37.342369,40.393137,36.180404,41.778682,48.735636,28.318033,39.447372,41.385669,40.221968,46.397615,42.179730,40.525800,40.210513,48.816739,33.431785,27.140128,29.581592,41.046163,39.300328,46.880599,44.321707,39.402733,43.383666,38.361150,41.689349,39.293695,36.682359,33.460174,39.905910,39.817917,35.340855,40.006847,32.435268,25.553066,39.006196,43.263177,37.831922,34.840112,46.456360,29.010318,30.579411,34.835864,31.231350,32.195946,41.102129,38.685017,32.938083,36.867801,32.281849,34.177130,32.689007,38.734426,39.048808,36.625934,32.559078,32.269267,39.821543,43.422740,34.173816,40.733384,33.489002,41.271363,34.183308
Không có tên,29.483525,51.081757,28.208864,34.947409,40.170978,38.043239,49.117330,36.002075,38.235437,46.465074,37.565249,49.513201,38.887556,31.497799,39.293153,47.470649,34.051035,39.433813,34.667270,48.478889,42.109360,46.249492,43.621375,41.213013,44.075679,38.737395,47.942905,31.377677,35.455422,39.551443,41.073064,46.027098,20.530351,46.118435,0.000000,41.068211,47.470574,42.365206,40.123394,40.716999,40.589806,49.823952,44.807857,32.209705,41.911459,38.384679,49.716375,22.459589,45.956860,44.142042,42.321320,39.424567,40.391590,45.072084,39.194731,32.926192,39.348766,22.422983,35.237701,43.865337,40.174594,44.928668,43.863365,45.992363,41.079220,44.519527,39.476002,55.198739,47.390097,42.545734,33.775772,43.748001,29.373332,39.022527,42.030391,40.917194,54.671058,49.472353,44.961922,43.107378,45.808826,44.683925,44.956689,49.676112,34.008180,41.707467,43.949950,36.569940,35.121065,44.796841,42.095881,44.973588,44.374020,44.007931,34.519425,44.766379,42.863267,43.782509,36.073888,45.402084,42.440399,41.728765,40.604481,44.185032,42.725665,44.979267,45.242422,45.555632,39.054505,41.293317,44.940285,45.375878,46.027149,44.797037,46.479055,45.456951,46.257432,45.120658,42.738434,45.284832,40.416765,44.985876,37.815500,43.891897,38.446665,45.869488
Không có tên,41.654373,46.227981,39.410351,41.903123,44.759173,39.529078,40.680229,48.814593,37.046162,45.324650,31.290302,47.473084,41.576106,37.110507,36.536816,43.011651,47.471177,42.402961,33.632596,46.720208,32.008250,50.036231,42.505500,41.092778,43.676989,40.647653,45.028762,45.883110,46.801253,42.020146,42.107071,47.163338,42.817122,38.992595,42.142167,0.000000,41.937569,41.513505,42.472213,44.507961,38.814496,49.358264,41.920293,45.336641,42.801080,37.431633,49.282467,44.598942,37.974420,38.969153,37.761226,33.711634,41.247527,42.702315,34.568742,38.993707,42.266263,40.342880,38.954812,43.492747,45.975338,41.616646,43.866776,44.741061,36.924294,43.163166,33.747723,55.019048,40.691585,44.362469,44.866307,43.702046,43.534253,44.601581,38.806803,37.347658,54.516323,49.273022,40.890581,41.018334,49.150352,46.000385,49.035810,49.287327,40.116908,46.274852,44.129037,42.398546,43.935298,46.063531,40.219041,46.768260,44.979122,44.265457,40.729080,42.858332,42.409922,43.680664,40.792374,47.651922,41.234374,45.812233,41.854333,41.097549,41.727151,42.926046,43.266117,47.926656,34.378876,38.471866,46.236135,46.758375,44.883573,42.888701,49.127637,42.166494,48.623233,40.079902,40.187194,46.815657,41.984224,46.029220,39.303647,44.027022,39.884263,45.595500
Cà Phê 3k,36.822930,37.500131,36.378221,38.086244,38.962215,37.158949,34.556916,40.493953,37.365373,37.291820,38.261584,37.894306,39.003410,37.632694,38.823240,33.868667,40.832977,37.988171,27.486199,35.622324,40.938357,43.010790,37.375330,39.816814,31.581945,28.664813,35.238334,40.770940,41.848208,29.867267,33.774541,40.352282,41.017848,24.298735,41.794458,40.493953,0.000000,34.381456,28.612443,39.361892,42.154665,42.727855,31.384067,40.668745,39.149075,37.715559,43.121467,42.842704,31.530457,32.969868,41.988368,39.715286,37.868589,30.265566,40.999862,39.525262,29.923562,36.801546,34.594257,39.095466,43.510393,31.886554,37.637818,33.158622,40.776989,33.331071,40.029062,48.434596,37.887824,39.993630,41.718459,36.646416,46.371765,42.760125,40.883784,40.653909,48.532691,34.216746,34.883018,33.977817,41.376980,36.456148,44.080487,44.466601,39.752471,45.415552,39.272173,41.934731,41.795200,38.132156,34.390504,36.928014,40.338120,36.712762,40.330767,36.516871,29.060541,39.680064,43.425134,41.717740,35.137230,46.421911,32.153245,34.719457,38.586052,35.712893,36.603415,41.560102,41.280251,35.070346,40.301756,36.063623,38.596044,36.686896,42.754598,41.942598,40.788615,35.788347,35.231057,37.430647,43.507793,37.831615,40.869681,36.664007,41.390582,37.412087
Không có tên,36.890529,37.806370,36.352383,38.376523,39.515378,35.998958,38.340237,41.344223,36.595077,35.783278,38.594324,30.687446,38.107333,37.837179,39.248827,32.120308,41.617821,37.174610,33.607974,33.675081,41.808575,34.394466,26.897549,39.167566,30.149631,36.671324,32.160407,41.436188,42.717361,37.574664,26.965231,31.949932,35.023329,32.364821,35.987776,41.176120,31.922636,0.000000,32.290843,36.270258,43.084368,34.591411,26.350331,41.291177,32.471274,36.681899,23.212231,36.182496,33.971622,24.304361,42.874916,41.208484,31.173693,33.603075,41.682066,39.883066,32.595136,33.957492,33.799613,22.272572,44.559672,33.883600,43.690887,35.454413,41.578685,35.206102,40.496004,43.790054,36.397871,34.109869,36.312786,37.319191,42.989500,43.604335,42.538950,41.455414,44.479094,23.911867,31.006371,34.600191,45.503997,37.121069,45.228909,39.812245,34.953238,44.731284,43.825509,35.347501,40.470621,37.106842,34.807874,37.455460,44.221274,36.285329,35.343885,36.107384,31.445562,43.682612,43.065214,45.167484,35.273171,46.121615,33.405676,34.999960,37.518785,35.618216,36.167445,45.315381,39.579848,32.177048,38.680061,35.849488,37.418957,36.250808,40.391649,37.579710,38.938321,35.684927,35.323579,36.849096,43.326774,37.062437,40.680216,36.321115,41.209646,36.822464
WinMart+,38.283288,39.807498,36.950068,38.538703,36.917105,38.292649,36.708574,42.703677,35.945961,42.095572,37.844100,34.828150,31.693834,36.999720,37.499814,32.222719,42.803593,35.620529,24.829760,32.538824,40.331194,40.089050,35.060025,37.400444,35.804776,27.409045,31.496896,42.357303,44.028385,30.267326,31.166707,37.959821,42.057636,27.126798,41.493679,40.235684,23.229468,32.161302,0.000000,40.854077,42.562467,39.960009,29.030223,42.126677,37.260178,29.049347,40.498622,43.583396,23.469557,30.723228,42.317018,32.388768,36.141989,31.066607,40.972262,40.257610,34.054071,40.061371,28.155621,37.249906,46.189115,24.176296,36.833601,38.688866,33.731559,32.060788,39.709381,45.381133,28.759480,38.155712,40.017059,34.768493,43.944328,44.840902,33.958379,37.928461,45.702323,32.985537,27.428493,29.835635,38.156589,34.858339,45.130727,42.286776,38.571892,46.155568,35.328389,40.504969,40.904607,32.787703,30.205014,35.680629,37.433071,32.079485,39.081734,32.703882,25.681946,36.578650,41.629260,35.993949,31.919224,45.795381,29.171355,30.816127,31.874383,31.510278,32.474654,37.763005,36.735297,31.732586,37.211507,32.525766,34.487671,32.950138,36.589450,37.806769,32.865845,32.768822,32.470899,37.110979,42.266131,34.434053,39.713591,36.636279,40.260059,34.417477
WinMart+,46.748563,50.370634,39.151386,37.015856,48.732428,44.242477,48.006435,38.068102,45.278726,45.533109,46.461924,48.576706,45.126348,34.450829,46.784361,46.682166,37.009118,46.193928,39.776353,47.584896,49.952870,45.155925,42.468093,47.211580,43.228727,45.095261,47.195384,35.604827,38.427511,45.617780,39.947533,45.010094,27.765376,45.363365,31.009140,48.176336,46.714430,41.280419,43.348051,0.000000,49.865808,49.116463,44.001903,35.825507,40.893896,43.891830,49.051199,28.691847,45.258852,43.403331,49.593581,47.264673,39.330973,44.366226,48.001396,35.329818,42.126194,23.769385,46.231144,43.025057,41.132181,44.239982,49.743723,45.362499,47.059889,43.899197,40.105070,54.962721,46.793246,41.637852,32.672436,44.748677,42.465252,40.187877,48.424969,46.531566,54.417832,49.027190,44.400200,42.495743,50.807226,49.676178,51.378539,49.153077,33.460329,40.295909,48.999215,36.310337,35.441694,49.440902,43.238066,49.874141,48.921172,48.471128,34.005705,44.255302,42.277172,48.346318,37.161734,50.081135,43.730668,41.161290,40.002755,43.623441,45.074336,44.434095,44.722523,50.122332,44.154236,40.758787,49.186436,43.728403,45.540457,44.285709,49.272363,45.038342,48.489808,44.659917,42.227969,49.364103,40.352124,46.400213,37.734109,45.037054,38.373708,45.442108
WinMart+,40.915247,44.381204,36.469831,37.068111,42.842797,39.191807,40.276924,41.818828,37.256640,43.890949,30.679249,45.847658,40.698743,34.443882,37.018136,42.157813,36.536394,41.404282,34.269687,45.400970,31.661600,48.212833,41.886682,42.642100,42.770091,40.138448,43.891231,40.747212,44.373344,42.943075,41.541533,45.868436,41.411778,38.831124,40.676987,35.971757,41.389102,41.042061,41.761371,43.758946,0.000000,47.703592,41.388435,38.107988,42.265634,39.192505,47.747214,43.320530,37.977439,38.856470,34.285256,31.512922,40.900160,43.148382,29.757773,37.699164,42.814885,39.107971,40.050322,42.856998,44.304134,42.079395,44.626912,44.990092,35.501843,43.608356,25.771446,52.674705,41.222103,43.689794,43.903349,44.112685,42.298246,43.143494,36.991460,36.155672,52.411559,48.209594,41.543949,41.544906,48.635233,46.110831,47.362375,48.075475,39.401667,44.918500,44.581801,41.584017,42.920607,46.139569,41.048542,46.723350,38.031207,44.581402,39.987643,43.198770,42.802782,34.368628,39.675363,47.452376,41.851962,44.600266,42.222642,41.645347,42.325880,43.301527,43.607618,47.683500,33.450300,39.006954,46.258778,46.703449,45.026146,43.230148,48.788952,42.473603,48.352855,40.653853,40.685818,46.760780,41.531433,46.060255,38.919670,44.257012,39.508656,45.652058
Trường Tiểu học Chu Văn An,45.452600,49.906330,43.208257,45.101240,48.083226,42.679371,48.748313,49.699877,44.214202,43.935559,45.470761,44.531864,43.912003,44.210691,45.916223,41.981421,48.704110,45.326072,38.084722,44.127514,49.650244,40.971392,39.580117,46.595101,40.898240,44.141096,43.934449,47.412723,49.086342,44.777905,26.067749,30.423936,39.796576,43.042035,40.743438,47.643873,44.159526,25.434228,41.319956,42.945784,49.638660,0.000000,30.180157,46.915432,27.205320,42.957008,29.053107,41.841612,43.156662,30.251455,49.334384,46.691515,25.643372,42.386445,47.442599,44.133669,40.351488,37.825417,45.715776,26.908725,50.652562,42.328446,49.564048,43.523332,46.493817,42.256229,45.280668,27.115175,44.874284,30.422264,40.733885,48.062130,47.570944,48.928333,48.047082,46.003021,47.719232,41.828526,38.175715,40.991899,50.813686,49.534625,51.446929,39.340390,33.680389,49.985808,48.779314,33.743133,44.326111,49.299427,45.987650,49.768434,48.718989,48.233816,34.097527,41.712884,37.873301,48.083886,45.066869,50.011801,41.128731,44.204379,44.842297,40.982593,46.674596,41.702394,42.058540,50.071646,43.356600,43.761225,49.056550,41.293560,42.959625,41.783305,50.368170,49.647403,50.058703,40.629065,44.694936,49.253732,44.583287,48.561386,41.690095,47.349436,42.227821,41.499865
AEON MaxValu Linh Đàm,35.029841,35.423110,34.796501,36.889682,37.734142,34.786728,32.105253,39.632541,35.888101,34.026618,37.074634,34.991175,37.416647,36.411661,37.791077,29.585136,40.124041,36.476807,32.635170,31.310487,40.195308,42.225354,28.563141,38.801462,27.153203,35.980067,27.200756,40.156388,41.369439,37.011439,20.399035,39.097364,40.266652,28.540587,41.171313,39.784869,25.980729,26.869581,29.431425,38.422897,41.719106,41.925284,0.000000,40.071189,37.962344,36.118894,29.060591,42.296253,30.881560,24.492464,41.526413,40.013920,36.545195,31.178985,40.436315,38.910563,30.418589,35.700132,34.764873,27.798544,43.296890,31.169152,37.995719,33.755941,37.933771,33.773790,39.423163,48.955246,34.210597,39.028888,41.129406,36.552368,46.406024,42.469916,41.352895,37.529010,49.018464,31.569968,28.812859,32.901844,37.596973,36.405282,43.960959,44.201936,39.154765,45.338788,35.919238,41.499719,41.359818,35.946786,33.331747,36.808389,37.204609,35.125950,39.758555,34.881994,29.332456,36.657597,43.134918,35.757861,33.857368,46.464691,35.348547,33.500410,36.599113,34.161351,34.863649,37.903268,36.755262,33.790507,37.965552,34.640172,36.389287,35.066640,39.967594,40.919862,38.249930,34.594759,36.664994,35.963456,43.371314,36.108746,40.639279,35.340411,41.185790,35.928807
WinMart+,40.853522,43.695296,38.304115,37.370432,44.135658,40.346187,48.065240,39.892873,40.497328,43.327639,40.439562,45.133687,41.756856,32.772893,42.049405,41.884822,37.693468,42.261661,35.849373,44.814560,45.896601,47.323454,41.809037,44.154283,43.177983,41.083580,43.376855,20.576783,35.747282,41.980372,41.347549,45.291856,34.118037,39.555636,32.491583,39.781846,41.219683,40.907428,42.294368,41.979140,39.124228,46.765659,41.207822,0.000000,42.153152,40.210792,46.853289,38.023100,38.854174,38.931439,46.311793,43.783778,40.914021,40.706898,37.735893,26.573707,41.054672,32.306476,36.268378,42.539679,35.001192,40.413556,43.131070,41.849770,43.933069,39.615819,38.113046,51.177459,38.438092,43.450046,40.874413,43.184988,36.003596,34.818244,45.335963,43.545063,51.033433,47.449847,37.114335,41.627723,45.387307,44.153641,48.919818,47.358912,36.223112,40.214212,43.335153,38.534421,31.309348,44.308463,41.431971,44.475638,43.860636,43.477506,36.746577,42.685807,42.434959,43.218560,32.560210,44.971003,41.843937,40.575926,42.051419,41.671181,42.128410,42.760655,42.971846,45.140821,41.118926,39.654388,44.509290,45.028720,43.917748,42.747198,46.198110,42.222211,45.959397,40.969228,40.968554,44.895761,40.022244,44.605531,37.234077,43.454029,37.933256,44.453969
WinMart+,39.280657,40.903773,33.109615,40.248011,41.726954,37.827077,37.261260,43.395934,39.902343,37.901310,40.446530,37.721366,39.252291,39.735045,41.002670,37.055512,43.370563,40.933200,35.332496,38.302522,43.730646,30.070226,35.123720,42.306079,37.210083,40.229330,38.941668,43.056591,44.228554,40.869994,33.677133,26.167135,34.163026,38.923173,35.202867,42.779235,39.414797,34.913135,37.942294,35.276990,44.655243,21.116101,37.376237,42.851415,0.000000,39.694428,31.471729,35.255247,39.461154,30.919701,44.388882,42.599686,19.070002,38.905909,43.183670,41.159079,37.478814,33.210394,42.636817,38.910277,46.023009,38.928076,45.024408,40.005786,42.840584,39.226709,41.677848,33.673635,40.923245,25.050112,35.652369,44.628645,44.247372,45.032287,43.852643,42.564386,32.584295,35.703085,35.759638,38.374954,46.625125,45.588314,46.578449,31.089656,30.531069,46.101947,44.922366,29.572755,41.607688,45.624015,43.052945,45.831428,45.211959,44.852321,30.739314,39.200576,35.648690,44.663514,41.458508,46.190136,38.637065,39.462863,41.217852,38.460685,43.613679,39.049023,39.410182,46.299634,40.631135,40.203545,45.669098,38.886867,40.291172,39.287392,47.033364,45.370525,46.811224,38.469045,41.499347,45.962233,42.450637,45.604304,39.965369,44.574134,40.493842,39.317981
WinMart+,41.155540,43.846130,34.810330,35.989812,42.600785,34.706536,40.575319,39.111472,38.413336,38.253524,35.859511,45.155628,34.358294,38.755964,38.565051,36.634391,39.758168,30.909554,27.294753,36.232120,37.989286,47.197642,41.913160,38.347007,39.360595,28.542002,39.413802,39.868607,44.901860,28.227903,37.786180,45.280415,42.539442,29.369717,42.026543,34.913045,37.587333,37.716832,30.103730,43.538147,39.568310,46.807639,37.637991,39.791038,42.241651,0.000000,46.894005,43.927223,28.306380,35.591946,39.116825,30.241329,41.038184,30.541316,37.424045,39.587166,22.952523,40.628897,19.905803,42.754693,44.757287,27.441588,28.871302,39.314372,32.506122,37.164320,36.294380,51.092092,29.607059,43.495063,44.272064,36.959540,43.119368,43.862197,32.920992,28.132306,50.974515,47.546508,36.078880,37.090996,39.800961,37.213807,44.203936,47.334283,40.324597,45.150827,35.288000,42.248986,43.502892,38.810544,34.639089,38.244694,38.279090,37.911840,40.859083,38.568401,38.116877,33.660082,40.966124,40.030262,36.066293,44.883984,38.300212,36.573943,36.136427,38.127802,38.490846,40.689510,37.139062,35.598489,40.326801,42.357003,40.493858,38.692812,43.991982,38.987133,43.685915,36.168533,36.924242,41.361932,41.943238,41.556743,39.485061,39.783059,40.022870,41.934517
Trường Mầm Non Hoạ Mi,45.159567,48.889869,43.170772,44.907520,47.530702,42.672918,48.038412,49.028584,44.097420,43.784139,45.234762,44.308657,43.803651,44.099075,45.654187,42.026892,48.220898,45.132838,38.348721,43.981422,49.047723,41.312483,26.218679,46.324811,28.280944,44.042403,28.085079,47.096181,48.637281,44.636446,25.247317,32.438101,39.975173,31.938918,40.862193,47.271843,29.171978,24.119130,31.957877,42.928078,49.138849,29.348447,29.580191,46.650379,29.108825,42.935488,0.000000,41.900198,31.299691,29.463572,48.851348,46.439451,27.572372,32.987942,47.134072,44.056460,32.274609,38.089702,45.569098,24.649000,50.147616,31.414676,49.114914,34.417603,46.287552,34.288539,45.121158,46.313168,33.049617,31.770599,40.844419,47.792048,47.322891,48.577834,47.718032,45.819243,46.921635,25.943997,30.998121,35.469787,50.347696,49.154035,50.870155,39.723554,34.097673,49.583986,48.441310,34.275359,44.248708,48.953028,45.841230,49.379136,48.415498,47.964046,34.503732,43.141110,42.873391,47.823100,44.955267,49.622552,33.178489,44.126923,38.450568,32.899072,46.481551,33.345652,33.850295,49.690941,43.321441,37.156176,48.752617,33.754917,42.095406,34.043675,50.021494,43.419676,49.737487,33.793759,39.199011,48.958553,44.539818,48.317314,41.715027,47.165403,42.235671,34.809919
WinMart+,51.526437,57.644999,42.788450,39.122597,53.578433,47.902288,56.609713,40.929727,48.416369,50.254676,50.190567,55.983281,48.569621,35.950676,50.406916,51.150988,39.892926,42.385278,41.699244,53.417322,54.358425,50.527147,46.515638,43.815163,46.307863,41.497278,51.758207,38.289947,42.557121,42.175815,42.925433,49.793799,28.344751,48.874181,33.328475,51.720433,50.934473,44.591170,46.059440,42.801590,43.551541,54.767153,47.214782,38.303840,43.766648,40.746855,54.165790,0.000000,48.336547,46.068929,53.175054,50.177488,41.845851,47.190316,41.902389,36.878991,44.331432,20.534859,48.350679,46.015919,45.162558,46.959303,52.983015,48.169469,49.652914,46.226298,42.093694,61.029626,50.035329,44.360162,34.085303,46.909399,43.933343,43.225216,51.407599,48.924142,59.748939,52.156937,46.602269,44.438399,53.755424,52.445142,54.870427,52.872770,34.234847,41.755639,51.706090,37.447054,36.285008,51.997670,45.127275,52.640239,51.344774,50.803783,34.878486,46.240991,44.118226,50.718253,38.168754,52.754971,45.707766,42.887047,41.459400,45.630370,47.017763,46.579040,46.835856,52.745093,46.014832,42.144357,51.519897,45.600329,47.677880,46.245833,51.511613,46.750743,50.810997,46.492877,43.747665,51.624900,40.781889,48.467759,38.051716,46.849633,38.700165,47.276502
WinMart+,34.149369,34.214281,34.422232,35.416859,33.820029,36.846380,32.015150,38.029482,33.007477,33.016600,35.018452,34.018290,28.962236,34.567346,43.617047,29.786114,38.754945,32.041562,24.822959,31.676212,43.766443,39.403734,34.427504,33.961780,30.481653,26.383330,30.378757,39.049094,40.151283,28.530181,30.311533,37.349071,39.268992,24.998978,38.738980,42.231364,29.014642,31.421726,23.524076,37.057099,44.269217,39.247511,28.196849,39.020034,36.758867,27.938411,39.821331,40.180124,0.000000,29.978150,43.987973,38.451924,35.665944,26.814464,42.720770,38.038917,27.910661,37.859795,35.556363,40.600780,42.336840,22.786048,39.936936,34.558396,39.776053,34.275417,41.212073,44.608365,28.535918,37.677034,39.588831,39.049373,41.184343,41.577097,39.861002,39.487489,44.970067,38.121435,25.052219,29.995629,40.142047,38.274889,46.404820,41.761172,38.252901,42.795581,37.364084,40.042386,38.809881,35.410834,31.189215,38.927762,39.049467,34.226317,38.689937,33.509219,24.770926,38.211315,39.404871,36.928240,31.804756,42.732148,29.123668,31.204783,36.117655,32.108973,33.300474,40.286696,38.095627,32.791445,38.123725,33.213812,35.762908,33.773642,40.974728,40.242199,38.574767,33.362501,32.969251,35.294866,41.130294,35.422562,38.886505,34.438000,39.406956,35.260249
Trường Tiểu học Chu Văn An,34.032734,34.090272,33.981128,35.869528,36.350782,33.491371,31.530831,38.059191,34.844877,32.545178,35.965246,33.510367,35.792613,35.468580,36.617834,29.275886,38.695351,35.243370,32.126958,30.588964,38.666642,39.829222,27.492295,37.327423,29.096358,34.954034,27.598004,38.920778,39.917378,35.866495,21.243249,30.903837,38.962222,30.626503,39.798180,38.472228,29.051245,25.683578,30.935052,37.237555,40.258835,29.873100,26.613609,38.902768,29.230763,35.244842,28.661718,40.580690,32.284031,0.000000,40.039951,38.870009,28.317459,32.452862,39.216326,38.050010,31.547398,35.045101,35.193093,27.115832,41.803199,32.371061,36.905124,34.607695,37.046920,34.434766,38.364380,37.171555,35.020836,30.808920,39.857950,36.842980,44.809005,41.172502,40.083401,37.712401,38.331219,29.167482,29.949130,33.578759,37.758666,36.679817,42.306433,35.433969,38.369221,43.767124,36.211015,32.940411,40.335073,36.281952,33.912939,37.038257,37.412061,35.486785,38.894937,35.274382,30.236605,36.897204,41.912854,36.040146,34.356608,44.746519,35.375674,34.040986,36.828738,34.666779,35.291853,38.019429,36.967589,33.795104,38.081689,35.033593,39.781188,35.434372,39.918033,41.038408,38.338779,34.945609,36.731352,36.193515,42.736048,36.363879,40.201104,35.634047,40.721824,36.166555
WinMart+,43.583505,47.709970,41.300726,43.742740,46.940376,41.733092,42.250519,50.008915,40.287522,46.717960,35.346938,48.497632,43.909602,39.339714,41.441491,44.434347,48.586375,44.434873,35.742283,47.685741,38.766578,50.694965,43.753355,43.784966,44.946422,42.592312,46.151051,46.934700,47.731854,34.678307,43.262086,48.018762,43.706353,40.329745,43.108192,39.772769,43.130947,42.690191,43.818880,45.380462,43.073777,50.041210,43.088103,46.363068,43.767862,31.054566,49.922816,45.299867,39.366815,40.146697,0.000000,27.701721,42.273785,43.581887,33.630290,40.062515,43.264963,41.283627,40.465945,44.387206,46.736129,42.409964,45.937077,45.560046,29.317861,44.217135,29.413025,55.193338,41.603854,45.167012,45.389116,44.809159,44.270502,45.380555,33.727223,28.631666,54.706443,49.699608,41.932033,41.871741,34.622426,47.085618,44.056559,49.792782,40.690104,46.883179,35.606884,42.943900,44.526527,46.987163,41.466717,47.714655,35.119342,45.272405,41.301633,43.653547,43.241618,34.401660,41.631201,35.573299,42.326621,46.395259,42.585171,42.066844,42.851676,43.811282,44.127356,48.617931,31.904718,39.239212,46.987256,47.295628,45.555665,43.681889,49.538304,42.820741,49.058321,41.007919,40.948015,47.466958,42.302893,46.637106,39.630769,44.735713,40.202876,46.125091
WinMart+,40.610399,43.624102,39.096413,40.849489,42.144530,39.074950,40.104787,45.200495,37.388577,43.269883,33.506532,45.112354,40.377470,37.184068,37.233970,41.785286,44.869272,32.469710,34.619026,44.785279,34.908881,47.349753,41.604396,30.262684,42.363110,39.929866,43.370209,44.135472,43.915212,31.180320,41.287116,45.261286,41.752194,38.783524,41.188061,33.973934,41.153220,40.832114,41.449201,43.399182,38.037694,46.924368,41.143918,43.800917,42.008729,27.596106,47.010615,43.267582,38.377146,38.810544,27.645266,0.000000,40.736901,38.289517,31.702771,38.705507,37.503504,39.824023,25.230673,42.552028,43.994998,38.082474,32.429891,39.413926,26.307119,37.593786,28.925069,51.531749,36.933306,43.364015,43.765379,37.474591,42.442000,43.125034,27.009901,25.958845,51.370707,47.648595,36.582863,37.403384,29.925225,37.823085,38.245326,47.458562,39.817860,44.532629,32.023633,41.747847,42.944501,39.027028,35.447130,38.605199,31.767792,38.247520,40.346601,38.705946,38.314874,31.014722,40.245513,32.519210,36.599098,44.299530,38.447401,36.977295,36.693733,38.351679,38.672364,40.546065,28.848125,35.935535,40.260222,42.042338,40.409719,38.822973,41.643821,39.056832,41.449443,36.555124,37.193094,39.242884,41.648706,39.761414,39.173695,38.251592,39.728496,40.403587
Trường Mầm non A Tứ Hiệp,39.343572,40.785271,30.921099,40.212844,41.542542,37.988940,33.723958,43.064116,39.882540,38.095188,40.383165,37.987528,39.282920,39.750778,40.893743,37.301185,43.080304,40.833053,35.584267,38.472025,43.396431,26.587398,35.562491,42.116309,37.368373,40.179934,38.991798,42.824368,43.890672,40.775910,34.127377,22.887616,32.365281,38.966434,33.369150,42.544238,39.431132,35.285305,38.037841,32.863511,44.289310,30.934766,37.522316,42.632777,19.485763,39.675701,32.503673,33.140991,39.460210,31.570126,44.037088,42.387990,0.000000,38.939107,42.936979,41.128344,37.573682,31.792510,42.450151,35.702052,45.591812,38.951337,44.644276,39.958838,42.627231,39.212728,41.523327,28.631934,40.802861,19.111334,33.921364,44.332608,44.051325,44.776337,43.559409,42.375451,27.226269,33.046511,35.923190,38.405798,46.189202,45.222248,46.091494,26.941534,28.940853,45.784376,44.582390,27.498388,41.547509,45.265777,42.853428,45.446614,44.888574,44.545715,29.056934,39.166108,35.791177,44.366109,39.752787,45.787020,38.639274,37.655672,39.736163,38.470656,43.376361,39.032325,39.376092,45.904066,40.553953,38.713788,45.325363,38.878352,42.658587,39.261412,46.635517,43.794955,46.430412,38.469698,40.191355,45.608943,41.467694,45.293748,39.238544,44.316951,39.714358,39.282495
Cà Phê KOK,35.734814,36.109494,35.764729,36.904969,35.418839,40.034660,33.681066,39.775885,34.653423,35.510117,36.402839,36.282397,31.293440,35.850136,44.828310,32.519243,40.280345,34.088302,26.771441,34.154387,45.101434,41.200057,36.180768,46.145318,36.101745,28.564198,33.415747,40.333678,41.542211,30.363370,32.592324,38.966811,40.374699,31.398975,39.853235,43.301690,25.304023,33.333427,28.351074,38.333902,45.591129,41.008894,30.505387,40.237784,38.095928,40.430614,41.472812,41.513879,26.347707,32.036877,45.281930,38.822497,36.952425,0.000000,43.649088,39.001314,32.433940,38.830754,35.438000,37.993074,43.623793,25.468883,40.877248,32.631647,40.352896,32.250836,41.880848,46.235429,22.699383,38.938628,40.688655,40.014880,42.190792,42.728681,40.463635,40.090086,46.477446,33.786497,22.434361,27.724318,41.101511,38.815820,47.940129,43.058026,39.071000,43.922405,37.656923,40.984783,39.688471,35.225377,31.636870,39.621625,39.592534,33.835532,39.574468,31.454897,22.986369,38.591890,40.309657,37.110311,33.412336,43.774308,27.572283,29.094552,33.382031,29.812526,31.055164,41.144071,38.342978,32.348854,35.994672,31.327170,33.531295,31.767445,38.288823,34.082245,36.516468,31.790329,31.538347,39.578387,41.583882,33.622191,39.263009,32.899062,39.774953,33.698911
Không có tên,39.797775,42.579301,34.994293,35.357763,41.000935,38.333907,39.511880,38.732051,36.589870,42.351878,29.922688,44.252833,39.454394,33.064247,36.214003,41.037783,34.848788,40.106651,34.246275,44.026741,30.280904,46.496779,41.008620,38.374316,41.630376,39.174969,42.585907,38.655892,40.669637,39.615328,40.682739,44.526315,39.575606,38.284979,38.909013,32.828020,40.548258,40.252944,40.749610,42.842800,28.135383,46.048031,40.554971,36.552924,41.503616,36.687055,46.187566,41.332550,37.575708,38.352736,31.271743,30.128117,40.291387,41.087336,0.000000,36.519336,40.617620,37.791061,37.978139,41.985143,41.626774,40.418497,39.893090,42.403127,31.546637,41.026608,24.722553,50.548586,39.528882,42.847585,42.301749,41.240233,40.543630,40.953440,31.687729,32.717494,50.455623,47.011366,39.618472,39.891813,36.808612,42.305078,37.607569,46.819830,38.569312,42.589879,41.069315,40.415198,42.230856,42.767097,39.029685,42.859079,34.963066,41.748384,39.022364,41.211761,40.866749,36.253500,38.388510,43.721860,39.780515,42.526287,40.609885,39.779102,40.058473,41.142703,41.422059,44.029041,31.072616,37.918893,43.294596,44.256770,42.787218,41.282858,45.743148,40.969830,45.453042,39.094313,39.329578,43.895493,42.707102,43.672659,39.960287,42.178479,40.531783,43.639708
Trường Đại học Kinh tế - Kỹ thuật Công n,37.680767,39.449329,35.767425,34.725947,38.987993,37.305158,49.959577,35.552336,37.479283,39.463690,36.855190,50.014788,37.977467,31.900904,38.338485,38.699585,34.079277,38.446156,34.373300,49.238147,40.666601,47.890654,46.005917,39.993069,39.764147,37.868368,39.867254,27.263534,32.884578,38.579205,43.747152,47.587217,32.666593,47.177431,31.656557,37.356473,48.227010,44.728435,39.101567,44.001123,36.774669,49.953239,38.552985,24.245473,44.368397,37.580026,49.821312,43.064409,36.797285,45.515386,38.544930,36.374476,43.237990,38.183631,35.939800,0.000000,38.442194,35.801811,34.787268,45.452814,24.267628,46.058562,40.120981,39.153430,38.057035,37.465049,36.192403,53.379108,47.859993,44.629217,33.123806,40.675517,25.120352,18.785609,38.662053,38.042307,53.059004,49.373672,39.675177,44.304795,42.160267,41.244112,41.011749,49.627558,37.790462,25.594968,40.593858,40.300775,23.312683,41.517126,39.388617,41.507786,41.230303,40.947476,38.389754,40.581239,40.372903,40.711561,24.115670,41.991143,39.751696,29.143108,40.184148,39.692128,39.932007,40.563397,40.744531,42.172034,36.618731,38.234222,41.831068,42.526818,41.591548,40.644324,43.342850,40.403716,43.183239,39.192271,39.304386,42.221164,37.066667,42.160171,34.916335,41.232185,35.546111,42.202656
WinMart+,44.405898,46.665920,36.416955,37.641503,36.210665,37.083062,36.265828,40.662391,35.464809,40.037453,41.040671,34.666669,32.452555,42.592586,43.753276,32.606411,41.043771,35.104844,27.700706,32.863848,43.948977,39.072775,34.890351,45.062543,35.032561,29.631719,32.052125,40.981177,47.435157,41.874506,31.684979,37.352649,40.920002,29.996442,40.415674,41.800642,25.943513,32.434124,33.994802,39.963712,44.619103,38.990847,30.005790,40.852128,36.832544,37.981373,39.495237,42.298635,27.858132,31.324393,44.260060,37.796932,35.877318,30.493432,42.445463,39.481648,0.000000,39.301559,24.988970,36.781705,44.272465,26.647756,37.897369,30.614732,39.106832,29.754047,40.681051,43.580091,28.565396,37.641926,39.357912,35.171604,42.695925,43.301734,39.269463,38.844411,43.968788,33.092758,24.900625,33.791544,39.517627,35.143794,47.474732,41.232580,38.184241,44.487355,35.697393,39.843981,40.126394,32.199176,29.077257,36.294473,38.253743,31.423433,38.627596,35.194232,34.663808,37.167731,40.756011,36.496482,31.314677,44.298160,35.559824,32.635785,31.243680,34.162573,31.162198,38.882562,37.235173,33.172142,37.949898,34.291124,37.336322,35.397737,37.081092,36.646673,32.580835,29.329076,34.247539,37.731670,41.799568,33.662773,39.436208,37.029321,39.956569,35.993258
Trường Quốc tế Singapore,49.377419,53.335015,42.618157,34.275370,51.022215,46.651792,52.045355,34.958174,47.194897,48.305763,36.403755,51.992948,37.540854,31.567495,48.746071,49.117370,33.478856,38.024602,34.155615,50.546183,51.848180,48.427235,45.554093,39.574433,45.385546,37.518259,49.532208,31.609947,34.349005,38.218062,42.585389,47.969815,34.917204,47.437068,22.390817,39.383463,48.972890,43.937051,45.202020,42.615445,38.922099,51.657006,46.094567,32.176720,43.417629,37.316173,51.359108,38.458811,47.092082,45.206358,40.473333,38.162970,41.886997,46.142052,37.891027,26.985276,43.753484,0.000000,34.641512,45.104751,37.913444,45.950687,41.881966,46.975867,39.665669,45.356971,38.101867,56.685381,48.447533,43.877055,35.664781,45.976689,28.949703,29.954496,40.382460,39.575400,55.978526,50.365520,45.702583,43.825209,43.728039,42.791556,42.783342,50.804116,34.861071,28.122142,42.146829,37.586699,27.281645,42.975347,44.440396,43.039450,42.647998,42.343924,35.444297,45.377956,43.523607,42.136075,28.084372,43.468209,44.923692,32.567299,41.156607,44.846873,41.273871,45.664881,45.900815,43.617099,38.021270,41.753729,43.191787,44.829231,46.636967,45.389649,44.618847,45.879107,49.392775,45.623013,43.197557,43.536799,37.555637,47.360605,35.481086,45.955383,36.062526,46.326357
WinMart+,40.252133,42.499411,39.084649,40.444905,41.245454,30.405372,39.909281,43.629339,37.777668,33.297718,35.601329,43.899733,29.615941,38.184555,37.749838,32.688819,43.611179,26.798565,26.776683,43.743848,37.218245,45.838986,41.162003,37.344753,30.781185,26.015917,34.949415,41.430285,43.475708,23.665654,34.292678,44.186242,41.787219,27.849003,41.308480,34.774995,25.679035,40.522162,28.241085,42.759820,38.574297,45.524253,34.192713,39.696509,41.583799,20.088363,45.673115,43.079968,26.695000,32.925436,38.198817,31.351661,40.500912,27.316105,36.936981,39.146666,25.175892,40.110670,0.000000,42.037300,43.654083,26.169678,25.386442,29.760069,32.711234,26.435802,35.991234,49.438088,26.696582,42.768287,43.562511,26.992500,42.377327,42.948602,32.973313,36.111050,49.422910,46.569715,34.170108,35.433930,35.690347,33.743533,42.540202,46.289586,39.998399,44.151013,32.093321,41.744789,42.829450,35.670629,32.633111,34.691151,35.427435,35.233530,40.473799,36.640904,36.231354,34.384582,40.463044,36.568474,34.036384,43.987847,36.711544,34.732119,33.937287,36.037612,36.374090,37.295801,35.132391,34.445931,37.545093,40.058450,38.367788,36.797039,41.173099,37.508415,40.987307,34.581882,35.539807,38.679834,41.659063,39.308775,39.313280,37.782741,39.833426,40.035693
Trường Tiểu học Tam Hiệp,49.946942,53.633811,47.676752,48.836566,51.544476,47.412322,52.506978,52.526010,47.904243,49.008582,49.210629,49.863523,47.989614,48.076139,49.437233,27.341265,51.476252,48.690063,42.353002,48.992726,52.343137,50.064303,24.417891,49.496336,26.908096,47.507568,25.955996,50.112293,51.535239,47.940658,23.586729,43.325331,44.041680,30.331587,44.689929,50.524912,29.513331,22.390129,30.557745,47.414692,51.933827,26.697887,27.398199,49.609858,38.324530,46.121232,23.992896,46.061513,40.470879,26.680202,51.745208,49.385623,36.293689,31.462975,50.050047,46.849502,30.992595,41.888088,47.988485,0.000000,52.543430,42.846874,51.746556,32.826662,48.990197,32.930903,48.091240,42.990619,43.780523,37.308246,44.437359,34.738077,49.672438,51.012095,50.433810,48.463605,44.254458,25.648521,40.876267,36.881072,52.541341,51.460250,53.262638,40.004144,34.462353,51.789086,50.855219,34.805723,46.770913,42.296243,40.053662,51.640137,50.580739,41.171163,34.877662,45.687514,45.372377,50.050899,47.427034,51.783120,40.563083,46.949277,40.601402,40.415369,42.103875,41.094744,41.443885,51.792983,45.962246,39.087154,50.828337,43.711469,44.757992,42.653414,44.301435,46.673781,43.295996,40.183721,41.054882,50.954044,45.851677,41.565862,42.992853,40.616995,43.487621,41.031527
WinMart+,45.240406,48.402396,43.140021,43.856851,50.226047,44.711374,52.099977,48.699864,44.689300,47.532778,46.080022,49.043499,46.740264,39.120618,46.673924,45.596490,48.465847,46.980611,39.226485,48.314119,51.028222,50.767600,45.015761,48.414872,46.673751,45.282101,46.880128,36.774050,48.743691,46.035726,44.336141,48.541055,40.800177,42.420297,39.510682,44.998435,44.249871,43.845234,45.763920,45.065729,44.732133,50.141287,44.197141,30.464991,44.794082,43.622641,50.042711,43.956005,41.718537,41.550619,46.251044,42.307955,43.463167,43.666001,42.399626,24.690366,44.021466,45.693055,39.056838,45.141681,0.000000,42.807168,47.653061,44.646932,43.849397,42.243807,46.492729,54.316667,40.971787,45.941823,42.042734,46.485095,36.642200,35.370292,45.271065,43.460290,53.949303,49.748552,44.383652,44.034440,49.333387,47.929307,48.970905,49.947287,42.934175,42.809316,47.081792,46.538321,30.872692,47.788181,44.374358,48.221595,47.200677,46.707071,43.891353,45.256433,44.992854,46.506735,32.355135,48.566061,44.664811,42.542728,44.314453,44.281785,45.090831,45.510132,45.715951,48.667848,40.975043,41.553966,47.663342,47.731759,46.566128,45.287801,49.201194,44.341667,48.891867,43.344214,43.097661,47.936607,40.332963,47.313440,37.382123,46.036281,38.106842,46.852970
Delícia Coffee & Lounge,34.763704,34.963452,34.621294,36.364264,36.895376,34.481865,32.490196,38.467481,35.461560,33.900629,36.471466,34.853670,36.502315,35.984088,37.062839,30.890244,39.031645,28.957928,24.089661,32.377075,39.029264,40.412983,35.086705,37.799021,26.596339,25.055004,31.181872,39.214526,40.159941,26.686258,30.889871,38.129961,39.375572,23.695717,40.168740,38.434363,26.287209,31.988240,23.062716,37.659989,40.295076,40.254370,28.596148,39.180184,37.371449,36.036221,40.793061,40.959561,22.012169,30.473833,40.070121,38.437628,36.211648,25.305007,39.237205,38.314328,30.936951,35.547808,32.551098,41.534193,41.943411,0.000000,35.683477,28.477893,39.534621,29.835288,38.367998,45.883087,30.624329,38.300783,40.204709,34.217006,44.917881,41.332067,39.646423,39.315280,46.176875,38.851467,31.686610,21.972539,39.774708,34.359392,42.370885,42.591692,38.672494,43.926610,37.519958,40.629428,40.598903,35.580931,31.767163,34.915547,38.946482,34.436645,39.189017,34.089112,25.557176,38.235415,42.125079,40.361015,32.446120,44.873730,25.146980,31.877137,36.613272,32.809072,33.944320,40.007419,40.182138,32.915909,38.572665,33.763265,36.325392,34.342501,41.361178,41.298480,39.032617,33.837012,33.420503,35.714935,42.827003,35.902288,40.318687,34.874448,40.830403,35.687805
UBND phường Khương Thượng,45.503451,48.067854,43.817568,45.558816,47.695361,41.082975,44.284188,49.394422,43.954612,43.101173,42.112829,48.541276,41.643759,43.543297,45.305843,41.340819,48.584431,40.602556,34.268915,47.977779,45.619565,50.039538,45.190914,47.210437,40.951157,37.079798,43.213176,45.742215,48.805448,43.700172,41.469195,48.192400,45.545099,40.203657,45.143295,43.255206,39.078477,44.277316,37.145909,46.203299,46.182174,49.598470,41.323783,43.856541,44.984500,39.200220,49.540015,46.642826,39.174072,37.153104,39.491873,38.862094,43.799003,39.188484,41.923956,42.632208,38.086175,43.502425,31.924494,45.412379,47.917345,38.707757,0.000000,41.268620,41.504493,38.545934,38.824869,53.299277,37.277139,45.983117,46.470185,38.488251,45.822856,46.829631,41.762858,41.286120,53.084474,49.462859,36.651903,37.795026,45.262688,39.752031,46.667655,49.506880,42.240163,47.879881,36.233958,44.272902,45.824156,41.614042,34.787341,41.551234,40.407287,39.759256,42.808366,39.891253,39.297120,38.503430,43.637314,43.972292,36.765953,47.445614,39.278255,37.352826,36.975573,39.473234,39.949665,44.743653,38.083925,35.870490,43.119742,44.862245,42.423095,39.990962,47.712037,39.993582,47.104663,36.728018,37.454223,44.258084,43.189737,43.847351,40.638094,41.352226,41.149969,43.827959
WinMart+,46.646148,38.102395,37.712221,38.959639,48.807954,42.037265,35.538671,41.892290,37.148742,38.146489,43.750138,38.644109,35.284196,44.871553,46.826194,35.285835,42.100677,37.241073,30.790951,36.858780,47.344799,42.897460,38.032176,48.938944,40.447844,32.740998,36.723225,41.886607,49.696580,46.088600,35.169769,40.580055,41.706141,38.163225,41.235994,45.228951,29.209562,35.473895,36.968142,39.640553,47.736741,42.652787,33.222577,41.724158,39.463039,42.085901,43.003760,42.777825,34.721257,34.408173,47.381284,39.777805,38.303268,30.383302,45.229334,40.252404,36.305319,40.081088,36.067623,39.344435,44.948167,29.604001,43.115790,0.000000,41.591834,34.029971,43.046166,47.586117,29.213784,40.213021,41.758455,42.951442,43.313240,43.969925,41.744619,41.456706,47.725469,35.284118,21.582532,30.215014,43.317828,40.528409,50.220870,44.230684,39.901734,45.070607,38.899120,41.889308,46.497672,36.100181,31.417370,41.511402,40.908110,34.163465,40.443746,37.238806,25.258999,39.710636,41.408181,38.028126,33.604310,44.848250,29.331822,34.641272,33.582075,36.449958,33.202981,42.984502,39.106881,34.338264,36.622852,36.110317,39.589652,37.406538,39.199519,38.125994,34.457712,30.653513,35.663890,40.654465,42.101679,35.322539,39.738423,34.950546,40.250146,37.516479
Siêu thị B11 Kim Liên,39.244296,41.799478,38.036381,39.498814,40.191611,37.642469,39.072002,43.100383,36.170750,41.671883,32.769801,43.506672,37.804035,36.220460,35.710648,40.511206,43.123194,36.065476,31.077898,43.367265,33.650920,45.709538,40.537578,41.342770,40.739161,33.162954,42.001080,42.760175,42.169952,37.522967,40.276541,43.885543,40.761231,32.628621,40.214193,32.571994,40.151295,39.881605,34.053374,42.373390,35.693033,45.339859,40.158616,42.527461,41.094673,32.472075,45.505363,42.215329,31.804966,38.101015,27.799259,24.560966,39.943140,40.061488,35.526280,38.008425,39.353104,39.074753,27.860183,41.590370,42.652306,39.469741,35.909709,41.617591,0.000000,39.747762,31.904365,49.674360,38.335449,42.414564,42.901486,40.097748,41.494408,41.980334,29.124840,26.882814,49.649902,46.510606,38.193167,38.782122,36.667637,41.308089,40.757137,46.225152,39.328798,43.335744,37.333595,41.084402,42.295784,41.898303,37.186276,42.169126,28.620965,40.836893,39.779278,40.368452,39.929864,35.662251,39.511152,36.965524,38.315279,43.214667,39.783452,38.519095,37.880456,40.155390,39.907826,43.697651,30.042798,36.827302,42.036824,43.560432,42.293840,40.448974,45.608468,40.297354,45.224606,41.097264,38.315409,43.046508,42.711520,42.917147,40.110060,41.038932,40.647176,43.028715
WinMart+,46.356444,49.060524,44.560619,46.395795,48.833321,35.751781,44.976266,50.456045,44.902266,36.174456,43.060527,36.658483,31.868737,44.372162,46.517518,33.168626,49.472557,41.652506,28.131017,35.104627,46.985624,40.546201,36.508428,48.900030,35.474282,29.672810,34.765977,46.460147,49.761712,45.364905,33.913083,48.910395,46.160598,34.453363,45.767314,44.544330,29.044673,34.311273,32.043345,46.776069,47.454667,40.415211,32.313584,44.506083,38.069642,40.583478,40.825943,47.249735,32.131996,33.338435,47.112471,39.562611,37.097339,31.506643,44.656430,43.153600,29.730185,44.023826,33.094411,38.048660,48.669330,29.310732,41.467476,38.290240,41.078289,0.000000,42.458493,44.817518,28.906633,38.786673,46.957656,40.034907,46.387149,47.496394,41.268447,39.101676,45.138089,34.441044,24.506138,33.382719,40.117246,38.088264,50.414083,42.285200,38.962726,48.529548,35.415016,40.731743,46.320090,30.664624,27.463271,39.473504,38.427597,30.244258,39.420181,35.021208,34.413032,37.172509,44.124787,38.697449,30.322906,48.044185,35.483149,32.064020,30.242358,33.766635,30.294249,41.777989,37.222610,32.909599,40.055359,34.024486,37.454641,35.244006,37.165189,36.703789,32.045455,28.595022,33.972703,39.531103,43.421598,33.334302,40.818635,38.323277,41.339055,35.981296
Cà Phê Big One,41.231253,44.037466,39.745251,41.402187,42.807706,39.872603,40.621408,45.466058,38.512552,43.679587,35.126314,45.247193,41.133106,33.315631,38.705489,42.246202,45.078746,41.661553,35.524731,44.931179,36.907912,47.299945,41.973009,40.471846,42.769286,40.588224,43.736095,38.529276,40.316681,38.222653,41.743709,45.367755,39.382378,39.342820,38.775746,36.770797,41.579402,41.266130,41.899988,43.609043,28.285288,46.902541,41.572076,38.521560,42.296105,35.266546,46.989065,41.009842,38.560395,39.287794,32.614674,31.112597,41.084826,42.006337,22.076535,36.263249,41.629411,37.773972,31.404501,42.870209,45.630479,41.252146,41.885965,43.403336,32.268707,42.232071,0.000000,51.286345,40.530060,43.559581,47.530058,42.518346,39.941236,40.205326,32.724851,33.494069,51.188318,47.628926,40.630521,40.766365,37.967101,43.704195,40.106384,47.416475,38.536178,41.716590,38.146170,40.407835,41.257188,44.004509,40.115292,44.243855,35.833046,42.951670,39.019287,42.209192,41.873428,37.113107,43.365251,37.853072,40.888957,48.360485,41.515079,40.851218,41.250909,42.212175,42.463645,45.275781,31.477338,38.713606,44.424951,45.192169,43.765987,42.250688,43.914619,41.803932,43.684234,40.081408,40.127600,41.998125,42.312269,42.073845,39.640937,40.653954,40.212599,42.334543
Trường Mầm non Đại Thanh,51.054199,57.522550,47.753828,49.315402,53.330330,47.413590,55.163119,54.591712,48.050548,49.773226,49.834758,51.162447,48.187029,48.273371,50.116643,46.929063,52.834154,49.066501,41.124493,49.685364,54.153424,52.472812,44.593256,50.068664,44.577325,47.534177,48.523321,50.864540,52.747615,48.078083,41.271720,40.192983,43.129060,46.858759,43.973695,51.481302,48.455568,43.185076,44.544360,47.398413,53.274739,27.039786,44.933016,50.191149,33.048858,45.823243,32.392235,45.635572,46.481351,31.699216,53.033957,49.889965,29.165072,45.539243,50.759469,46.721838,43.096604,40.641902,48.091591,44.538333,53.901623,45.416472,52.893662,46.568935,49.340909,44.997914,48.248734,0.000000,48.215810,30.965310,43.720649,50.614535,50.142426,51.857772,51.202276,48.685908,39.816186,36.838526,40.663190,39.962573,53.725516,52.364680,54.844546,34.788418,31.688295,52.788372,51.618811,31.082746,46.643087,51.922753,48.249240,52.581838,51.212478,50.732175,32.035368,47.995766,47.701048,50.571608,47.418711,52.716169,43.438795,46.847007,43.682226,43.334421,49.015761,44.125033,44.425091,52.716974,45.680784,42.338371,51.471509,43.476978,47.385258,44.935020,52.639941,49.471113,52.293628,42.626622,43.632502,51.598004,45.706668,50.681506,42.651439,49.381832,43.188905,43.448389
siêu thị 24h ninja mark,38.249988,39.013150,37.738949,44.706196,46.065676,38.815600,36.599495,47.413811,43.444783,39.237524,42.131893,39.519062,40.076225,43.194491,44.276010,36.761403,46.990866,41.116244,27.337433,38.110287,44.401074,43.082521,38.822728,45.241596,30.330629,28.265342,38.300636,44.950045,47.067027,43.079218,36.652413,41.022794,46.298215,28.532906,46.826946,42.881615,35.513456,36.684580,28.067555,40.092174,44.852647,42.865940,34.993932,43.499532,39.957260,40.388196,43.157192,48.309313,29.588702,35.823038,44.639043,40.280530,38.882483,30.474445,43.197497,42.556630,37.319331,41.847259,36.219388,42.171218,46.638434,33.229236,40.794469,40.100639,41.744968,37.582852,39.969670,47.276335,0.000000,40.606201,46.489214,40.087356,45.141667,45.875284,41.875626,41.646429,47.451884,40.067076,32.248926,30.763118,43.071201,39.104963,44.723742,44.249831,43.616430,46.737644,39.887825,45.921577,45.219643,38.218740,32.202024,39.790305,41.245413,35.997107,44.269822,35.761190,23.223247,40.314888,47.285207,43.298191,33.293992,50.308191,29.446519,32.552717,38.939206,34.055480,35.654558,43.365339,42.303605,32.868049,41.515954,35.078944,39.086944,35.953600,45.054594,37.491581,42.397185,34.893984,34.161822,37.219798,45.591789,37.782089,42.826539,36.122592,43.312802,37.232435
Trường Mầm non Tứ Hiệp (điểm Cổ Điển B),40.380768,42.026995,34.090881,41.059033,42.505342,38.924051,37.901407,43.963761,40.662846,39.167937,41.242617,39.189392,40.140628,40.592254,41.720812,38.267676,43.889675,41.604177,36.292412,39.534868,44.260147,32.650177,36.588811,42.832200,38.152295,40.904242,39.899816,43.559600,44.630509,41.485773,34.998815,30.449998,34.826405,39.765714,35.755763,43.327070,40.300246,36.206097,38.753105,35.992725,45.037251,32.487681,38.321401,43.348358,25.489598,40.321283,33.899646,35.884475,40.202164,32.470973,44.784245,43.092815,18.945766,39.645461,43.653755,41.664286,38.225680,33.874995,43.019946,37.329724,46.281144,39.648780,45.333540,40.650507,43.276114,39.839190,42.171434,31.059357,41.514189,0.000000,36.136788,44.896052,44.572771,45.348479,44.243180,42.989280,25.643460,34.377892,36.531505,38.985693,46.801276,45.832852,46.779232,22.153410,28.464165,46.333218,45.199837,26.670995,42.044353,45.843506,43.395900,46.048490,45.459164,45.104702,28.572885,39.708266,36.361726,44.936227,42.645208,46.373776,39.194526,39.592003,40.528484,39.031869,43.916100,39.603807,39.940998,46.474658,41.119319,39.507505,45.870188,39.407608,43.441179,39.793011,47.149308,44.656644,46.934520,38.965615,40.898505,46.140073,42.412471,45.790109,40.008238,44.803956,40.519272,39.763717
WinMart+,50.419419,54.376363,43.937315,40.726251,51.986032,47.686213,53.346218,42.217717,48.113082,49.417648,49.506667,53.192993,48.220388,38.418301,49.676362,50.154893,41.671264,48.898401,42.533360,51.700921,52.762545,49.682474,46.790980,49.654215,46.402274,47.687405,50.564493,40.855501,43.640410,48.104844,43.756720,49.175415,37.405633,48.446269,39.397224,50.780769,50.013865,45.103223,46.167318,43.959760,52.242609,52.736085,47.128651,38.308439,44.561606,46.212732,52.415648,41.441308,48.068486,46.183315,51.976723,49.595730,42.987111,47.105167,50.362102,32.660023,44.681282,42.630270,48.081221,46.149785,41.408598,46.905518,51.891612,47.914809,49.181086,46.245348,47.719654,57.573589,49.374341,44.971544,0.000000,46.807172,41.615522,38.681626,50.611260,48.562536,56.839937,51.229423,46.572173,44.688348,52.640413,51.539066,53.436409,51.746974,37.763602,37.901342,50.911926,42.226409,31.873471,51.202455,45.281456,51.704891,50.662937,50.189926,38.773719,46.200349,44.367774,50.114120,33.915924,51.825998,45.767662,38.894570,41.975207,45.696188,46.883736,46.513647,46.744743,51.831415,46.085931,42.532131,50.814444,45.647789,47.453047,46.223681,50.821750,46.630948,50.173923,46.417623,43.984993,50.926512,39.815588,48.155528,37.068563,46.740750,37.775565,47.103880
Không có tên,45.182472,48.348517,43.218305,45.258835,47.944589,39.649413,43.814165,50.026796,43.177752,42.258977,40.781435,48.848368,40.159149,42.791950,44.759524,40.273952,48.933636,38.503212,31.929642,48.156903,45.098413,50.577519,44.909409,47.363161,42.639614,34.621535,42.558412,45.537336,49.231187,41.907487,40.626099,48.397333,45.340167,33.684385,44.870022,41.820830,40.451337,43.892430,35.549469,46.100831,45.925492,50.041679,40.461044,43.344384,44.720202,35.239526,49.949072,46.599794,39.822558,38.193772,45.489621,36.010717,43.398054,39.939162,42.657798,42.051768,39.135474,43.050100,23.046777,45.214847,48.087692,39.355736,33.531156,41.720222,37.859002,39.663672,40.436659,54.296143,38.187400,45.863862,46.419326,0.000000,45.669406,46.812822,38.160253,41.831651,53.981305,49.752159,37.871843,38.605181,44.527535,41.082258,49.891615,49.830970,41.847087,48.016689,38.827044,44.024123,45.696193,42.133519,36.605301,42.200209,41.200263,40.671170,42.449143,40.435451,39.944797,39.774413,43.236141,43.802396,38.053610,47.514019,39.815807,38.367870,38.341305,40.181549,40.573331,44.352005,39.065466,36.637645,43.180189,44.615517,42.576772,40.520766,46.842970,40.377348,46.389163,37.675459,38.153505,44.077701,42.984851,43.777852,40.339431,41.675634,40.885467,43.768983
Quan an Nam Nhu 1,55.097043,60.420941,48.601325,40.375400,44.486931,51.633602,60.600468,42.321919,41.758491,54.149303,42.071729,59.564376,42.802953,37.474918,42.930297,54.527038,41.576022,43.108067,38.034223,57.105217,45.638773,55.075264,51.401461,44.365549,49.871782,42.178581,54.941247,35.663849,41.072819,42.787356,47.499633,54.092559,44.909188,52.093344,46.515685,41.905502,54.157157,49.042911,49.216511,48.421460,41.574764,57.757669,50.623974,33.000928,48.159075,41.298895,57.030059,52.169833,51.305044,49.177936,42.916481,40.293523,46.421618,50.163345,40.211584,24.645878,47.284949,36.030416,37.963110,49.514350,36.292808,49.866215,44.175894,50.860965,41.643859,48.803691,40.392104,62.274446,52.590622,48.291972,37.395509,43.913931,0.000000,29.386341,42.537249,41.433479,61.083392,54.161058,48.954249,46.935943,45.821479,44.807603,45.117312,55.239616,39.018949,24.687390,44.143604,42.518173,25.109161,44.874979,47.399898,45.045566,44.490917,44.131399,39.867610,48.332492,46.494691,43.944288,26.356607,45.417283,47.932914,34.522620,43.804066,47.900268,42.939838,48.813968,48.985963,45.541130,39.638849,44.190397,44.956014,47.681385,49.643932,48.322415,46.319003,48.396725,52.357094,48.345255,45.711028,45.254629,38.785862,50.216862,36.199648,48.617719,36.866449,48.983568
WinMart+,43.681217,46.258697,41.787977,42.051884,47.281158,43.226046,59.775290,45.220817,43.243079,45.693128,44.040742,59.030536,44.773137,38.287325,44.816197,44.164989,44.571358,45.057357,38.645841,57.122582,48.326042,55.496770,52.426294,46.421019,45.170069,43.749897,55.249471,36.144986,44.239287,44.437581,48.922591,54.669269,39.582381,52.822166,38.503376,43.537794,54.622548,50.289510,44.364700,49.945411,43.235110,57.643948,51.538306,32.059951,49.507843,42.485326,57.060409,53.704854,40.911584,50.193961,44.682040,41.377704,47.974547,42.634079,41.383090,19.022971,42.952870,43.322918,38.499544,50.564955,37.767192,50.793848,46.030156,43.555189,42.828972,41.403118,41.609803,61.413776,53.185589,49.553618,39.152445,45.304851,29.545388,0.000000,44.003759,42.524813,60.475201,54.572234,43.517579,47.994030,47.710691,46.491748,47.172691,55.555449,41.539776,34.002469,45.724397,45.259847,19.100321,46.450837,43.462036,46.755146,45.949576,45.527262,42.498383,44.338719,44.101558,45.325805,26.554298,47.112100,43.740441,37.044201,43.536020,43.427325,44.095929,44.529362,44.733424,47.219813,40.367584,45.276450,46.414478,46.608935,45.543124,44.373399,47.882751,43.584581,47.617201,42.601224,42.423074,46.699735,39.378501,46.223756,36.614847,45.072221,37.301005,45.875848
Taste Tea,42.191432,45.168333,40.533514,42.369554,44.104008,40.723317,41.385546,46.752746,39.473336,44.672052,35.880779,46.324404,42.198434,38.911227,39.963677,43.071311,46.201489,37.392696,36.014125,45.879700,38.208790,48.351452,42.718378,42.626898,43.565121,41.484484,44.520669,45.257434,45.375542,39.324590,42.333908,46.264331,42.763766,33.577063,42.242352,38.492639,42.212005,41.874541,35.159143,44.283607,33.868241,47.899266,42.194645,44.865265,42.920642,34.635755,47.926131,44.176390,32.740238,39.782667,33.991604,26.838916,41.641891,40.751454,32.911887,39.707168,40.161241,40.773760,29.563073,43.432834,45.109271,40.091155,38.320990,42.361171,29.692993,40.657910,29.465576,52.324372,39.045543,44.182755,44.490760,41.086420,43.348995,44.141907,0.000000,31.480529,52.111475,48.308357,39.007678,39.459239,39.202716,42.463054,39.670350,48.190762,40.404732,45.464464,39.137089,42.383517,42.162593,42.841798,38.116834,43.230888,34.329539,41.744188,40.954833,41.024739,40.603917,37.509675,44.081569,38.504136,39.193647,45.174299,40.364843,39.285603,38.842513,40.899745,40.661070,44.516742,27.951932,37.388499,42.827985,44.115596,42.897419,41.101694,46.159305,40.812644,45.774370,41.683242,38.910594,43.764869,42.665976,43.524382,40.021717,41.703318,40.575836,43.541956
WinMart+,41.550089,43.915686,40.226203,41.720956,42.878034,36.957762,40.975566,45.135672,39.268270,39.343758,37.125319,45.112040,37.019295,39.474353,39.579710,37.992617,44.911801,35.287520,30.806703,44.837841,39.265823,46.959384,42.162943,39.763586,40.062045,32.722420,40.028908,42.508195,44.870198,36.202251,38.664556,45.230661,42.728847,40.461453,42.258629,37.178795,38.529231,41.455038,33.598771,43.633922,34.243007,46.609734,38.562935,40.715841,42.433106,31.742390,46.704812,43.987680,39.721012,36.769633,30.020662,28.613347,41.308018,39.811829,33.764678,39.987986,39.068069,40.935044,34.742715,42.885299,44.758340,39.296703,34.463133,41.395977,32.602682,39.447790,31.201879,50.522243,38.118327,43.584134,44.310387,39.543541,43.245439,43.935908,27.069454,0.000000,50.446611,47.365294,37.914402,38.584474,34.337234,40.620127,37.693272,47.148133,40.540176,45.121745,36.171596,42.372555,41.299184,41.603599,36.784332,41.542922,26.241750,40.345042,41.056017,40.190173,39.743066,31.392151,41.237645,34.153525,38.033180,44.882579,39.639611,38.288405,37.946967,39.944488,40.020300,43.032991,29.956590,36.671411,42.229314,43.746501,42.163160,40.281974,43.952227,40.180943,43.645156,37.425643,38.162916,41.300119,42.220496,41.503048,39.772610,39.714499,40.301099,41.896472
WinMart+,52.478962,59.198128,48.994596,50.428074,54.623045,48.687836,56.654066,55.765403,49.086435,51.296281,50.964602,52.832163,49.325130,49.380839,51.203359,48.272254,53.844618,50.051409,42.052834,51.142150,55.232327,55.193962,46.025991,50.967827,45.622174,48.460242,49.759912,51.767059,53.647126,48.969972,42.518274,39.175391,44.125825,47.903812,44.919083,52.449591,49.594362,44.452522,45.470601,48.625659,54.175406,46.727344,45.986835,51.051551,31.733349,46.630518,46.941956,46.716876,47.417574,39.207147,53.933597,50.739888,27.431586,46.440936,51.618752,47.447506,43.921468,41.512739,48.745557,44.409631,54.701033,46.292221,53.722709,47.419087,50.106209,45.794377,49.063426,38.660846,49.130379,26.269242,44.599476,51.283719,50.817360,52.609104,52.009753,49.408343,0.000000,38.184794,41.428932,40.258865,54.414225,53.060505,55.664557,28.751673,29.996717,53.496881,52.332000,28.525488,47.300724,52.576182,48.861728,53.297671,51.858194,51.368996,30.266861,47.727902,47.459033,51.217530,48.076502,53.398240,44.101620,47.590207,43.720026,44.028655,49.653874,44.837020,45.120701,53.382115,46.345755,42.472617,52.102403,44.129008,47.143945,44.684369,53.219986,49.017977,52.864459,43.227957,43.656824,52.181906,46.031177,51.224744,42.942561,49.909146,43.471158,44.024548
Trường Cao đẳng Hà Nội,46.213312,48.555648,44.682827,45.852561,47.711282,44.346108,48.113900,48.725980,45.186089,45.286558,46.095146,45.786904,45.045179,45.245717,46.350445,43.959263,48.223720,45.934738,40.563949,45.427399,48.804960,44.714815,25.414158,46.785081,29.382421,45.078196,29.364112,47.382786,48.530381,45.510409,27.494637,39.572073,41.969806,30.529711,42.600689,47.532529,29.755733,24.206886,30.728319,44.496709,48.912191,27.179551,29.073756,47.033060,35.792523,44.090323,26.079377,43.578728,37.425750,29.346260,48.694959,46.867655,33.950049,37.141259,47.404432,44.905965,31.157691,40.235532,37.559609,25.562919,49.683878,39.459510,48.889175,38.188035,46.702790,37.629857,45.785648,36.793707,40.643295,34.826855,42.492844,39.044453,47.514326,48.503488,47.846918,46.337230,39.187441,0.000000,38.478287,33.774937,49.887225,48.966351,50.213574,36.932170,33.439800,49.296646,48.388921,33.423842,44.987601,40.004818,37.851804,49.130349,48.401195,39.011100,33.777310,43.224847,42.891858,47.919767,45.574698,49.332175,38.283463,44.968678,37.345895,38.087315,40.027233,38.713995,39.129684,41.717672,44.227315,35.694592,40.990168,41.487271,41.936959,40.285357,42.416053,43.593797,41.268138,38.194705,38.439301,39.165635,44.909750,39.539404,42.274141,38.720506,42.759928,39.134429
TK mark,42.220376,43.971233,41.157086,42.344601,43.231859,34.255169,31.335888,44.851749,40.637303,31.777247,39.150881,32.547540,29.088656,40.678290,41.049099,29.625172,44.746484,37.738830,26.376641,30.882250,40.994065,36.724268,33.105599,41.472077,29.880159,27.465636,29.927625,42.883967,44.704692,38.970874,29.991414,35.380595,43.027761,27.389518,42.651422,39.341021,24.903036,30.858599,26.767686,35.482509,41.701162,36.728220,28.549132,41.449973,35.194490,36.202169,37.283817,37.894043,25.118020,29.806697,41.418616,36.763154,34.376379,21.335461,40.225793,40.747722,26.659924,41.524038,31.397415,35.190907,44.655982,25.009730,35.762453,20.641343,38.167379,30.399842,37.101840,40.935403,22.508604,35.995691,37.746133,33.496100,43.433123,44.012629,38.327305,37.740032,41.436235,31.849996,0.000000,31.712960,37.919905,33.859761,41.725145,39.210342,37.006698,44.959377,34.694887,38.442541,43.697701,29.252736,24.400492,34.662538,37.183847,29.244596,37.377874,33.113176,32.488190,36.225642,41.741026,34.609689,27.704327,44.771328,34.013461,29.931846,29.363871,31.492985,27.945914,31.935448,36.485382,31.760656,32.932504,32.268558,35.553112,33.408928,35.952577,35.433045,32.046135,26.973003,32.682433,30.054392,42.228705,29.749124,39.968584,29.925764,40.454391,34.635055
Hội đồng nhân dân - Ủy ban nhân dân phườ,36.346291,36.763806,36.043578,37.522290,38.111983,36.484651,34.495287,39.428647,36.826563,36.437718,37.623848,37.029325,38.019817,37.152968,40.052166,33.898941,39.852263,28.822935,24.550271,35.261604,39.978326,41.317554,36.785488,40.202263,26.801814,25.414878,34.830082,39.931291,40.792556,38.517866,33.818041,39.282202,40.117931,24.463605,40.800072,38.820056,31.554515,34.308236,23.950703,38.633015,40.524569,41.141014,32.014338,39.880279,38.422002,36.675524,41.560198,41.573455,23.650569,33.237857,40.318815,37.020046,37.356431,25.867715,39.526812,38.972831,30.432614,36.513585,33.531732,40.692055,42.360976,26.812944,36.424997,28.331972,38.006107,29.478144,37.211100,45.901624,29.578454,39.189055,40.803004,35.248032,45.030522,41.785698,38.121660,37.710175,46.152417,38.400998,29.782782,0.000000,37.791128,35.247086,40.600901,43.001118,39.235350,44.132565,35.775049,41.082275,41.044010,33.426236,30.204894,35.724927,37.327924,32.725775,39.734374,29.349134,25.055394,36.685222,42.467845,35.595479,30.308827,44.994624,24.322084,29.716674,34.358433,31.167511,31.527498,37.600261,38.406918,25.487025,36.207607,31.713668,29.795173,32.913486,38.894913,27.592059,36.533256,32.101936,28.866600,33.919378,42.972743,33.834526,40.541868,33.128994,41.044763,33.884880
Trung tâm Công nghệ Phần mềm Thủy lợi,44.391015,47.212309,42.643338,44.487980,46.649641,39.740539,43.248365,48.697016,42.424256,42.133889,40.215756,47.889666,40.215977,42.166613,43.616709,40.305185,47.906734,38.739443,32.465853,47.334896,43.764661,49.601893,44.326895,45.380535,42.525536,35.123053,42.422960,44.869211,48.101525,41.734263,40.620614,47.609511,44.774405,34.108374,44.321342,37.005602,40.473845,43.419969,35.948064,45.552183,44.634194,49.142687,40.483533,42.847215,44.248840,36.090916,49.101286,45.999752,33.179408,38.311076,35.818984,34.463863,43.004043,41.848861,40.308082,41.700879,41.318253,42.656538,29.933544,44.731410,47.265692,40.923889,41.274672,43.783214,38.522729,42.113148,36.374925,53.208039,39.942433,45.366625,45.939299,42.526654,45.139037,46.145453,39.070956,30.102223,52.953513,49.134457,39.994638,40.284045,0.000000,44.517817,44.537752,49.136655,41.631191,47.314872,39.210636,43.707503,43.278561,44.835254,39.172489,45.356566,38.252963,43.178421,42.207415,42.104055,41.658824,37.322150,42.858992,38.508988,40.303145,46.889058,41.233051,40.288738,40.732743,42.084637,42.443611,46.755483,36.775092,37.939945,45.252788,46.038230,44.144550,42.160566,46.713500,41.614107,46.285123,39.375683,39.575681,44.163424,42.811153,43.854257,40.243236,41.885144,40.771875,43.820329
WinMart+,44.092107,46.577527,42.532410,44.180818,45.981443,39.462473,43.094579,47.866748,42.296432,41.611140,40.352322,47.309050,39.831785,42.089577,43.280754,36.227042,47.283831,38.543197,30.177799,37.218954,43.389124,48.935706,44.104666,44.618896,39.178386,35.378913,37.142445,44.578624,47.410276,40.812521,36.067664,47.131052,44.526473,38.024088,44.107572,40.981540,37.299916,36.201608,33.754988,45.278642,44.164526,48.527868,34.784103,42.727354,44.060659,36.346716,48.520591,45.683598,36.576470,35.477422,43.830681,37.109438,42.901248,35.916548,41.818697,41.683459,33.636479,42.579350,28.567699,44.505523,46.787288,36.331967,35.729939,37.885413,39.188203,32.728244,37.548492,52.315905,34.165633,45.118496,45.691159,30.553740,44.890852,45.794818,39.437488,38.687780,52.128328,40.377328,32.287208,35.017676,39.742465,0.000000,44.021738,48.649365,41.622062,46.887304,33.817433,43.583873,45.019557,34.748106,28.040891,33.811404,37.876848,18.721371,42.172587,37.329625,36.547046,36.399777,42.772826,33.929350,31.850628,46.521039,37.242654,33.708748,31.770084,36.176157,31.561033,27.400734,36.688905,33.840515,36.426570,35.819405,40.555023,37.518727,39.969560,38.391473,33.543256,29.034864,35.298834,31.645382,42.775827,34.827110,40.267713,34.408383,40.787810,37.646154
Không có tên,45.680543,49.276175,43.471783,45.768817,49.036430,44.142924,44.094012,51.236882,43.542790,48.263648,39.764554,49.648911,46.307118,42.167157,45.541812,46.072792,49.810502,46.580600,38.288598,48.812469,44.311696,51.438146,45.249570,46.823233,46.425146,44.758028,47.473486,48.165176,49.186188,41.112243,44.695399,49.027464,45.082510,41.975313,44.578215,47.143318,44.570063,44.129145,45.420310,46.466392,38.788991,50.824992,44.520095,47.586016,44.992288,37.678998,50.672638,46.427340,41.110040,41.648816,43.942742,37.537095,43.576704,44.930899,39.839232,41.650223,44.767193,42.708355,32.819050,45.510712,47.974961,43.630149,48.448675,46.856583,35.928413,45.796196,32.843276,55.350894,42.995741,46.187067,46.273118,46.459310,45.455807,46.632995,28.753382,36.649213,54.919620,50.245121,43.486402,43.195374,41.461491,48.683188,0.000000,50.409704,41.597960,47.913490,41.009010,43.825097,43.390459,48.394939,43.262278,49.204256,38.757458,46.786816,42.208429,44.911678,44.546359,39.712904,42.928308,40.315519,43.922515,47.393934,43.755777,43.544349,44.511102,45.179565,45.463947,49.809783,33.412735,40.415967,48.222220,48.239193,46.667567,44.933432,50.364165,43.863491,49.907866,42.410936,42.146225,48.563476,43.222469,47.666063,40.466663,45.872305,41.020924,47.044667
Cafe Dinh,46.148530,49.282351,44.322358,45.729095,48.040736,43.894394,48.691494,49.263360,44.935082,45.026319,46.010794,45.703098,44.758975,45.095466,46.332029,43.402975,48.548414,45.814172,39.738437,45.269026,49.280451,44.186891,41.721264,46.814170,42.193576,44.805110,44.790611,47.603939,48.859256,45.311511,39.318369,36.584980,41.294972,43.975288,42.044915,47.692640,44.962406,40.775791,42.412067,44.169468,49.319942,40.021757,42.445035,47.190653,31.029207,43.699241,40.782393,43.078223,44.047812,36.708667,49.052047,46.897737,27.581694,43.325023,47.594623,44.738150,41.457706,39.411920,45.991813,40.508640,50.245984,43.232096,49.243183,44.219661,46.737830,43.021144,45.646256,35.618367,45.335700,21.801398,38.424011,47.990718,47.692815,48.860903,48.007897,46.250193,28.251119,36.826692,39.454219,41.862849,50.320205,49.249063,50.788979,0.000000,26.803733,49.753904,48.604641,23.432021,44.848941,49.057029,46.247919,49.444515,48.574389,48.136527,26.822229,45.645073,39.060377,48.025182,39.538383,49.652664,41.916593,41.884478,42.035403,41.790697,46.765830,42.449678,42.739221,49.711012,43.992299,40.999599,48.843737,42.007012,44.997983,42.455762,49.988986,46.386378,49.720805,41.354071,42.244925,49.025225,40.842418,48.418905,38.651538,47.357257,39.171173,42.103240
Trường Trung học cơ sở Yên Mỹ,45.473222,46.972530,41.428676,39.658954,46.555483,44.104351,45.738483,40.399262,44.771944,44.753184,45.440377,46.159748,44.638850,38.131771,45.643963,45.467468,40.023406,45.363610,41.183112,45.841321,47.478702,44.590622,43.191833,46.041794,43.500898,44.711510,45.662944,39.490573,40.968351,45.056916,41.573702,44.541954,37.449038,44.791572,38.455237,46.589298,45.524547,42.415330,43.576966,41.493487,47.706023,46.708998,43.983650,39.437234,42.161212,43.946721,46.780627,39.119634,44.834051,43.629049,47.500747,46.168536,26.850563,44.272191,46.635255,38.315695,42.769448,31.887997,45.628462,43.372145,43.222014,44.170090,47.719631,44.903109,46.119471,43.905426,41.200892,49.998436,45.677752,26.378315,38.070391,44.512631,43.431618,42.082319,46.932161,45.777503,27.960080,47.297941,44.299477,42.962253,48.610813,47.878475,48.749506,26.486172,0.000000,42.046230,47.412817,20.221640,38.198664,47.805516,43.506128,48.016611,47.491643,47.174199,17.959167,44.132714,42.741414,47.095626,39.595605,48.208486,43.814422,42.735751,41.043981,43.710886,44.767043,44.285907,44.500464,48.259296,44.135902,41.570548,47.705177,43.791723,45.070604,44.199922,47.799606,44.763477,47.167834,44.472518,42.707515,47.886484,41.028629,45.733390,38.598497,44.778598,39.160902,45.052244
WinMart+,56.909301,62.520375,50.609698,43.448455,48.173686,44.171421,63.111704,46.602767,44.164348,56.018501,45.148997,61.836524,45.719923,39.995833,45.703316,56.278447,46.239726,45.946476,39.657290,59.140102,49.047905,57.184766,53.340175,47.157687,51.404206,44.640780,56.673472,39.332330,46.152890,45.269339,49.194627,56.068432,48.275560,53.654680,49.632341,44.504511,55.853238,50.792245,45.094901,50.400556,44.288329,59.667452,52.168109,36.064460,49.810691,43.301034,58.829788,56.391796,52.750678,50.563065,45.521883,42.303919,48.030783,51.554531,42.412837,25.029746,43.650719,41.283198,39.348938,51.033612,42.639851,51.230931,46.716916,52.204215,43.595582,50.024414,42.589806,63.973263,53.996341,49.840159,39.742621,45.856451,36.157955,34.017425,44.768967,43.247622,62.660307,55.459159,50.117010,48.074944,48.229806,47.053234,47.792536,56.708877,42.009679,0.000000,46.327457,46.259954,22.658416,46.978711,44.051129,47.298439,46.487075,46.054305,43.103221,49.410047,47.594206,45.880081,23.055903,47.613330,44.292876,37.178644,44.811965,49.015041,44.655792,49.949443,50.106750,47.712328,41.092433,45.128014,46.898803,47.016709,50.731529,49.391495,48.274088,49.337253,48.007800,49.346886,46.657759,47.159964,39.526357,46.649803,36.613132,45.524364,37.329349,49.963053
Coffee Cây,44.985752,47.454763,43.393293,45.058625,47.012474,40.635230,43.879843,48.727890,43.404379,42.624620,41.588421,48.025959,41.127747,43.079967,44.593858,40.969696,48.033745,40.052384,34.036541,47.513975,44.830360,49.542015,44.804939,46.232447,40.792851,36.718041,42.792348,45.321556,48.211379,42.791476,41.136556,47.754550,45.175520,40.045293,44.773654,42.550839,38.971387,43.930907,37.047971,45.850848,45.444162,49.124861,36.617736,43.487401,44.658645,38.522416,49.083461,46.272516,39.034810,37.098495,35.570671,34.676660,43.507939,39.023117,38.873714,42.341388,37.929197,43.203133,31.495038,45.090531,47.453134,38.593164,38.652374,41.000110,37.207796,38.324376,36.071917,52.788600,37.164394,45.665432,46.169880,38.233068,45.480785,46.427461,37.568193,36.135700,52.584187,49.125076,36.554464,37.688823,35.077169,39.303116,43.732479,49.127963,42.049206,47.468897,0.000000,44.036272,45.524248,41.182012,34.724902,40.987449,34.829923,39.488862,42.599468,39.700548,39.133665,31.074272,43.354431,28.000383,36.650107,47.077162,39.149651,37.233651,30.248203,39.285066,34.482537,34.418480,28.793507,35.831523,35.640243,39.856503,42.173108,39.811654,41.477594,39.855420,41.205461,32.568241,37.373346,37.596016,43.058916,38.774960,40.533911,36.670360,41.045344,39.895562
Trường Mầm non Tứ Hiệp (điểm Đồng Trì),49.033464,51.399684,44.409315,41.994574,50.223087,47.194953,50.241170,43.202816,47.610406,48.326474,48.584173,50.424855,47.652997,40.194403,48.771670,48.937125,42.872319,48.233826,43.145509,49.673850,50.948540,48.252996,46.333258,48.894166,46.303883,47.316431,49.209891,42.274053,44.304238,47.663902,44.315700,48.002241,40.642712,47.834543,41.734795,49.658553,48.902214,45.304799,46.143820,44.365568,50.786727,50.567393,46.855947,42.095972,26.081524,46.203194,50.457742,43.293656,47.511127,46.136470,50.638759,48.827436,24.571446,46.824478,49.356264,40.608177,44.953589,33.606285,47.763357,46.140170,46.582555,46.718203,50.703094,47.503619,48.543545,46.276928,43.400059,26.902084,48.621886,23.596839,42.063500,46.769631,47.239642,45.548163,49.687123,48.135561,25.464631,29.785794,46.506152,44.986045,51.442733,50.575428,51.903580,22.656103,20.299072,45.838291,50.085090,0.000000,40.614991,50.364078,45.420745,50.732851,49.919325,49.599528,19.340938,46.267051,44.762579,49.474874,42.423875,50.867390,45.925839,47.060143,42.736885,45.866152,46.885498,46.538085,46.738146,50.894108,46.054314,34.850283,50.143052,45.838272,47.325970,46.318501,50.178175,38.176908,49.585603,46.498735,44.388933,50.267519,42.290665,47.945648,39.518039,46.757580,40.106327,47.089849
Trường Mầm non Lĩnh Nam (cơ sở 2),46.744227,48.915209,42.006733,36.553515,40.100173,38.402082,47.736598,37.529774,38.519460,45.927431,38.225140,47.960654,39.083759,34.153975,39.342970,46.617728,36.548166,39.452447,35.593498,47.325278,41.440271,45.897480,44.077990,40.733914,44.086209,38.870336,46.854199,31.495231,35.798547,39.461274,41.947939,45.682154,37.445742,45.580926,38.666180,41.713978,46.559839,42.924163,39.830162,41.992507,41.455912,48.169260,44.593776,29.300070,42.632492,38.448020,48.120597,39.706746,45.439602,44.031651,41.581888,40.311524,41.511468,44.746571,39.407056,23.025132,39.137379,31.612437,35.771768,43.850751,30.695661,44.602816,43.551801,45.409428,40.674604,43.099598,40.748424,51.853332,46.413737,42.980083,31.392745,43.335683,26.284687,25.128149,41.461241,40.494257,51.607199,48.060624,44.530641,43.028193,44.947132,44.093773,43.285188,48.167606,37.004947,21.849707,43.517881,39.522391,0.000000,44.156079,42.019819,44.283286,40.872751,43.519332,37.601409,44.279617,42.756865,41.030286,20.069589,44.604405,42.227851,26.022648,40.816410,43.832979,42.470264,44.476547,43.030031,44.706950,38.841783,41.322355,44.218191,44.543451,45.287823,44.300210,45.422090,44.784952,45.244183,41.389203,42.549211,44.482667,36.511691,44.229469,34.410442,43.340860,35.046331,44.052374
Chợ Nhân Chính,44.264059,46.431361,42.851713,44.337878,45.905218,40.240345,43.346936,47.551951,42.735418,38.971886,41.073066,39.264239,40.635158,42.504422,43.631399,35.777558,47.082582,39.639451,29.885088,38.120609,43.768493,48.598923,38.714570,44.799020,38.421340,31.049314,38.146023,44.677512,47.191963,41.823582,36.896248,46.982248,44.616829,37.243522,44.232086,41.779221,36.152841,36.931471,33.103060,45.300748,44.390596,48.241625,35.607449,42.997334,44.185670,38.220437,48.242942,46.883178,35.830861,36.241986,44.107630,38.505520,43.112147,35.025717,42.361569,41.998047,32.728722,42.816568,32.294709,41.615820,46.664034,34.775338,38.229990,36.550525,40.303007,31.598006,38.521265,51.684808,36.513826,45.149618,45.355316,36.003754,44.948408,45.775224,40.491926,40.015477,51.548581,39.793270,29.408275,33.247916,41.382181,35.756646,44.236185,48.415303,42.839379,46.773827,36.873438,44.958406,45.061497,0.000000,23.463723,34.470462,39.418007,29.301326,43.440532,35.452095,34.608366,34.331289,42.984427,33.523222,26.351808,46.442994,35.890604,31.335194,27.452312,33.716703,26.867730,34.918140,36.387547,32.726237,34.903776,36.145478,38.862359,35.731246,39.800984,37.312165,31.503016,28.058743,34.015687,29.568082,42.875434,33.525658,40.436240,33.210621,40.938975,36.191633
Cục Sở hữu Trí tuệ,40.073541,41.506004,39.283348,40.216937,40.626439,36.702247,35.250963,42.218997,38.464107,36.535320,37.107009,37.007033,36.728711,38.735311,38.519776,34.953051,42.368951,35.705009,28.950197,35.912913,38.314751,39.927907,36.839167,38.455155,34.679295,29.746325,35.578643,40.982054,42.215946,36.276900,34.860093,38.583010,42.840714,33.613134,40.928194,36.919158,33.844056,35.095819,30.621402,41.124813,39.056542,39.795119,33.740933,39.743040,38.037815,34.055264,40.139140,44.251107,30.283460,34.451898,38.805778,34.832068,37.253892,31.608529,38.040613,39.323321,29.872579,40.056302,30.025981,39.612093,42.571935,32.276663,33.364454,31.817107,35.975291,28.725257,35.475357,43.161278,33.529631,38.623788,43.232856,31.127057,41.775981,42.133296,36.090561,35.418506,43.463353,37.919636,27.737634,30.951662,34.929283,39.491366,39.247228,41.443543,41.347798,43.044733,36.266801,43.042886,42.185739,24.123691,0.000000,37.124767,34.896862,25.605869,41.804272,31.629620,31.030076,37.116107,40.321658,37.462045,20.954306,42.984734,32.832032,23.544400,27.102675,29.814737,22.755394,36.192050,37.984063,30.896475,33.357728,28.050424,33.952797,31.964120,37.364922,34.375876,30.477540,23.841182,31.653514,29.481868,41.438285,27.392346,39.366969,27.949353,39.835267,31.166796
WinMart+,45.928699,48.807536,44.064190,45.985462,48.535908,41.101628,44.542903,50.319774,44.297302,43.329876,42.259784,49.192566,41.739325,43.803138,45.929081,41.385192,49.293458,40.570325,33.718797,48.527097,46.371948,50.743019,45.502598,48.438747,39.886191,36.673157,43.417559,46.121635,49.582071,44.299206,41.512551,48.725360,45.856187,39.036424,45.428722,43.640535,38.184353,44.500048,35.842889,46.531547,46.952157,50.248749,41.350460,44.074389,45.228636,38.870192,50.147666,47.004283,37.957422,36.422321,46.574573,38.318973,43.967231,37.732366,43.967678,42.742129,36.399544,43.654571,29.957162,45.668093,48.466636,37.609694,39.223712,39.495968,39.962975,36.484969,41.726244,54.168003,36.051323,46.278420,46.757318,35.999887,46.120031,47.254198,40.194941,37.209394,53.881194,49.899532,35.119095,36.628925,39.836420,35.819981,50.250120,50.005392,42.286631,48.346900,31.730726,44.409616,46.088241,33.048232,32.879879,0.000000,36.415878,31.757108,42.879449,38.614558,38.020872,33.684570,43.789381,31.990677,37.075327,47.854450,38.283699,41.167285,28.606490,37.992812,34.750191,38.794960,37.977929,35.079513,36.700354,41.805011,41.130508,38.359436,41.773034,39.127066,37.299363,32.287622,36.527778,36.520085,43.246316,38.319276,40.627667,35.782151,41.156036,39.789636
Kho bạc Nhà nước Đống Đa,42.346403,44.498069,41.067627,42.477372,43.667565,38.319218,41.698731,45.602285,40.435126,40.380964,38.599009,45.511508,38.534311,40.488726,40.932534,39.039790,45.364554,37.221048,32.436214,45.229277,40.826652,47.180083,42.742351,41.466582,41.254404,34.580242,40.848920,43.096357,45.348378,38.717911,39.488865,45.571422,43.223254,40.640280,42.804291,33.767344,39.534353,42.043490,38.099895,44.034648,31.742160,46.847720,39.389086,41.415413,42.902358,34.932874,46.917175,44.379645,39.822874,37.732956,34.612263,33.698650,41.845865,39.939029,30.947665,40.629246,39.118326,41.507546,34.178666,43.319693,45.158828,39.346839,37.816106,41.753293,36.143968,39.590885,29.360939,50.455735,38.097748,43.968149,44.609151,39.712908,43.672837,44.371608,25.479288,23.201842,50.379644,47.495449,37.836831,38.586985,32.222762,41.080362,36.542534,47.301585,40.932498,45.446669,35.463390,42.721982,39.619419,42.149469,36.545142,42.197838,0.000000,40.625989,41.439490,40.365529,39.868692,29.035901,41.750920,33.198266,37.981753,45.200408,39.731960,38.269974,37.877998,40.113785,40.190342,43.841177,25.672396,36.568781,42.748558,44.282272,42.536439,40.452210,44.641364,40.298832,44.265266,37.339715,38.132563,41.667207,42.263913,41.827344,39.884682,39.834718,40.395880,42.185891
Tịnh Cafe,45.126112,47.442171,43.603394,45.192005,47.035320,41.042216,44.047624,48.639913,43.666257,42.903616,41.978389,47.988870,41.551801,43.324887,44.804642,41.291427,48.005319,40.613032,29.902907,37.122893,45.049541,49.436663,44.921866,46.340525,37.062783,37.381411,37.025965,45.421397,48.165846,43.275292,36.096768,47.734788,45.266866,35.973763,44.882102,42.957829,35.266636,36.207334,32.506761,45.916603,45.595124,49.045221,34.943416,43.664315,44.758763,39.407655,49.012374,46.321185,34.764935,35.551729,45.303136,37.013058,43.651012,33.934208,43.352844,42.536851,32.046812,43.355388,33.208758,45.173032,47.450585,33.922830,39.758766,34.784954,38.776305,31.093960,41.548554,52.555001,35.324108,45.722954,46.210368,34.222688,45.555919,46.476668,38.991247,36.884700,52.376433,38.915553,29.554315,32.634530,38.922978,38.447544,48.387014,49.065731,42.183639,47.466865,32.131294,44.127456,45.592353,29.958901,25.521693,33.447946,36.167894,0.000000,42.725233,34.270551,33.621104,33.743770,43.498297,32.449211,26.912173,47.085112,34.937624,29.860049,28.020856,32.771075,27.291125,34.271505,36.372179,32.399297,35.160751,36.300655,36.872426,34.547597,39.915588,36.284031,31.774991,28.278196,33.428633,34.650209,43.133852,33.714138,40.634784,33.357424,41.137539,36.304582
Trường Mầm non Yên Mỹ,46.962716,48.783469,42.672475,40.641440,48.070457,45.389552,47.563894,41.540682,45.974224,46.226015,46.763688,47.900826,45.900726,38.968565,46.940804,46.910245,41.195840,46.577315,42.003848,47.421734,48.952413,46.094708,44.482573,47.239010,44.669523,45.832731,47.134365,40.611092,42.330573,46.179057,42.705043,45.970754,38.697960,46.065812,39.747037,47.892764,46.936581,43.619004,44.663652,42.666902,49.039222,48.338832,45.181405,40.517132,43.224560,44.924766,48.339950,40.741936,45.957074,44.709403,48.832197,47.324255,27.059251,45.364394,47.784684,39.244133,43.715850,32.541868,46.559241,44.526957,44.601784,45.269074,48.982654,46.029161,47.159615,44.898424,42.113011,51.777496,46.916756,26.587575,39.613226,45.465355,44.976170,43.489726,48.121546,46.812064,28.334700,48.531247,45.264061,43.847917,49.818579,49.034646,50.084698,26.772804,18.433732,43.574233,48.550728,19.691287,39.181227,48.911033,44.325551,49.163212,48.555745,48.210250,0.000000,45.032129,43.598030,48.142646,40.740435,49.339215,44.710109,44.462686,41.754670,44.621497,45.663384,45.231908,45.439347,49.381939,44.956987,42.259057,48.742625,44.652151,46.026052,45.096375,48.811394,45.582786,48.203384,45.335359,43.451206,48.901023,41.568616,46.676044,38.984718,45.635848,39.564140,45.924752
WinMart+,44.477092,39.409199,43.185576,44.543929,46.013287,39.251802,37.055436,47.488774,43.146907,39.732954,41.706442,39.974527,41.339591,42.907442,44.020073,37.351694,47.016835,40.537227,31.670600,38.660194,44.146182,43.325177,39.219899,45.062113,39.528824,32.774545,38.930602,44.833704,47.100926,42.602576,37.232657,41.316772,46.258459,38.628005,46.821182,42.447246,36.351171,37.189586,35.297795,43.963077,44.657840,43.098336,35.661075,43.289933,40.235345,39.562456,43.372531,48.413747,31.052903,36.397657,44.417080,39.583044,39.187060,37.178491,42.858964,42.324465,35.709116,41.554941,34.763067,42.384407,46.640940,34.597976,39.872780,38.873879,41.175891,35.629094,39.405292,47.335065,37.078744,40.858505,46.459645,38.730644,45.053867,45.829529,41.331109,41.025353,47.492604,40.359394,27.541296,32.507775,42.465312,37.902854,44.535043,44.389614,43.457126,46.742924,38.804672,45.861097,45.150000,35.864940,29.116305,38.706437,40.547488,33.907959,44.135188,0.000000,32.991805,39.506184,47.308219,38.101426,29.336865,50.511119,35.129399,28.168638,36.695482,31.027534,31.782027,41.956150,41.342589,31.709942,39.774878,32.110329,38.710206,34.512639,43.943419,36.987297,40.663180,32.625347,32.953186,35.386574,45.552989,35.581668,42.720883,34.136462,43.223615,35.381257
5050 Rooftop Cafe & Pub,35.272620,35.512109,42.383287,43.536990,44.624419,35.200692,33.691479,46.006435,42.191821,34.967075,40.904861,35.476126,40.580866,42.062382,42.792479,33.035908,45.737418,39.829475,25.507289,34.016644,42.815391,39.184847,35.531919,43.441804,27.527065,26.247082,33.585036,43.903214,45.753130,41.356930,33.011532,37.671668,45.191410,25.814644,45.720007,41.380831,31.113145,33.486925,35.366133,37.389950,43.326610,39.112849,31.574641,42.547222,37.161971,38.888343,39.549094,47.005395,25.709558,32.557379,43.120329,39.002733,36.292829,36.888324,41.877337,41.752353,35.700609,41.051155,34.933789,39.372887,45.531260,27.958332,39.019809,38.131428,40.322341,35.637734,38.953370,43.222772,29.739891,37.878964,45.452131,37.962866,44.259726,44.873201,40.460572,40.129175,43.610964,36.979705,30.357686,24.579225,40.997739,37.442059,43.306487,41.111523,42.902197,45.726841,38.164740,45.059044,44.424127,35.813715,30.806375,38.092187,39.711055,34.334567,43.503522,30.252160,0.000000,38.857410,46.368813,37.666221,31.034851,49.178924,26.428028,30.275668,36.473551,32.665419,32.908168,40.659314,40.557040,26.504508,38.896005,32.937748,37.797390,34.836762,42.288293,29.105255,39.528588,33.196885,33.448083,35.437661,45.117404,35.607160,42.456030,34.409435,42.933159,35.432355
Thuế cơ sở 4 thành phố Hà Nội,42.476701,44.611847,41.187822,42.606347,43.807532,38.501399,41.810194,45.708441,40.609044,40.529234,38.789870,45.597809,38.733582,40.634551,41.131927,39.179480,45.462229,37.462900,32.624667,45.315611,41.043378,47.249261,42.837021,41.700069,41.394188,34.803135,40.971036,43.199699,45.454457,39.019734,39.602794,45.649229,43.318097,40.788520,42.899142,36.047058,39.656923,42.132206,38.282131,44.112440,41.905991,46.917304,39.511602,41.527258,42.988585,35.275177,46.986711,44.457525,39.985974,37.844915,34.998572,34.117699,41.923476,40.119247,38.382454,40.732355,39.341204,41.593610,33.590640,43.391174,45.245166,39.501430,38.185140,41.950612,36.554459,39.840628,35.633910,50.493674,38.270188,44.037318,44.669777,39.996898,43.759009,44.449274,36.922848,32.887867,50.425954,47.539289,38.051099,38.750060,33.460682,41.441457,41.391264,47.353808,41.001684,45.524357,29.877346,42.784812,42.249509,42.416895,36.810536,36.156387,31.436600,35.500343,41.500229,40.529542,40.033058,0.000000,41.837081,27.147933,36.978957,45.269553,39.870918,40.051045,31.265044,40.303891,35.254297,35.912869,24.452484,36.690867,36.690507,40.499271,42.684017,38.002858,42.636552,40.420746,42.295620,33.154521,38.270068,38.773640,42.307557,39.666994,39.928242,37.492888,40.430929,40.580385
Trường Trung học cơ sở Lĩnh Nam,53.823652,57.701337,48.585754,40.983745,44.694934,51.064903,57.548291,42.829905,42.093533,53.019580,42.473471,56.995067,43.109449,38.348285,43.202162,53.403503,42.256702,43.379931,38.541943,55.311118,45.726588,53.715949,50.872519,44.514273,49.600984,42.477725,53.697704,37.225007,41.878621,43.041944,47.612278,52.997613,46.028396,51.469931,47.131401,42.245300,53.123567,48.907087,43.091336,48.448282,41.974596,55.894608,50.238535,34.990694,48.211516,41.597329,55.403666,50.960890,50.848807,49.022866,43.165804,40.678298,46.741041,49.878038,40.655828,27.879919,42.040153,41.087564,38.370688,49.287908,38.333331,49.614116,44.309064,50.470899,41.904941,48.669645,42.808206,59.655892,51.897693,48.305420,36.165060,43.995987,38.576451,33.574963,42.767425,41.675502,58.836150,53.337119,48.819223,47.025649,45.820731,44.868935,45.185208,54.165260,40.009557,30.649142,44.239271,43.382762,21.117228,44.918157,42.542020,45.086664,44.544111,44.201084,40.852346,48.234036,46.596097,44.032142,0.000000,45.422858,42.784840,31.881194,44.149261,47.855008,43.053740,48.665103,48.828733,45.536718,39.934301,44.468524,44.970203,47.652480,49.406990,48.233440,46.260708,48.280754,46.055423,48.246979,45.858416,45.250885,38.391176,49.928041,35.829615,43.976111,36.502541,48.814685
WinMart+,46.207866,48.790965,44.489782,46.257660,48.546285,41.937059,44.900352,50.134336,44.808663,43.875254,43.044161,49.148962,42.600304,44.305935,46.312350,42.041485,49.233198,41.704363,35.041289,48.534752,46.738296,50.579888,45.749358,48.480667,41.037112,38.020839,43.869046,46.342774,49.487492,45.168907,42.057573,48.724524,46.068793,40.357996,45.675474,44.433300,39.275616,44.797883,37.616934,46.675862,47.198942,50.119973,41.904183,44.449259,45.458450,40.729869,50.035919,47.122958,39.441907,37.420178,37.274249,36.526176,44.274059,39.498396,40.125869,43.152066,38.566654,43.987592,33.814310,45.863244,48.482832,38.983006,41.577099,41.372757,39.031910,39.061191,37.267665,53.748679,37.710965,46.431400,46.867663,39.078479,46.299117,47.364705,39.340850,36.218784,53.504396,49.830376,37.243508,38.155872,39.698936,40.315735,43.150828,49.919158,42.567556,48.371996,28.666990,44.613256,46.241936,41.699694,35.730194,38.150065,35.092392,36.508636,43.143244,40.086926,39.563503,28.239202,44.096941,0.000000,38.123952,47.914227,39.494915,41.696447,30.875033,39.767182,35.943666,37.874408,34.238476,36.239156,38.227984,42.300043,42.392258,38.947075,45.133168,40.133101,44.551699,33.311782,42.595094,40.375902,43.416439,41.005960,40.832180,38.281746,41.343344,41.743466
WinMart+,44.901612,46.770393,43.627603,44.951871,46.356550,41.535673,44.012148,47.722640,43.682495,38.877073,42.327294,39.136064,41.981645,43.400505,44.560113,37.119679,47.313215,41.285992,29.424047,38.103469,44.749873,41.923124,38.654657,45.659994,36.200348,30.383916,38.118170,45.181118,47.413874,43.410698,36.996577,40.392451,45.077778,35.077051,44.735706,43.144321,36.357541,37.016759,31.686798,45.650695,45.192817,41.781593,35.821056,43.680199,39.601495,40.558549,42.055767,46.225979,33.884814,36.395556,40.754510,40.425636,38.741256,32.934712,43.436963,42.690244,31.021812,43.406250,36.160768,41.375552,46.920010,35.236051,40.998611,33.512375,41.992905,29.899029,40.009612,45.278883,36.706081,40.147301,44.894465,32.864076,45.341650,46.108455,42.130310,37.173638,45.496176,39.656683,31.166257,33.964709,43.555989,40.280523,41.225301,43.097534,42.600451,46.987562,36.205940,44.590819,45.395253,23.942285,24.692868,37.331464,36.627389,25.698496,43.158928,35.159527,34.477561,37.232766,43.531842,37.773211,0.000000,46.682952,35.615328,28.069129,26.442580,33.764890,22.243004,36.006012,38.205907,32.867097,35.199498,28.578726,37.889461,28.670094,40.548749,36.901021,31.508112,23.197410,34.007392,29.308957,43.166161,27.485354,40.795432,28.133534,41.272438,32.073600
WinMart+,53.284182,58.054316,47.855816,40.512344,44.485374,41.182574,58.079933,43.048658,41.128911,52.469676,41.889944,57.085009,42.388366,37.493161,42.384351,52.572776,42.538994,42.524205,37.057386,54.777176,45.025544,53.061020,49.777492,43.531331,48.242148,41.353838,52.917454,37.076357,42.319265,41.859961,46.358897,52.038719,45.913275,50.113196,46.924877,41.163545,51.986891,47.635527,41.674929,47.180833,40.905763,55.083658,48.744185,34.568195,46.474757,40.076542,54.346628,52.311755,49.048150,47.203338,41.947452,39.177894,44.800220,48.009331,39.205126,26.323436,40.299889,40.882691,36.568973,47.656494,39.381818,47.697306,42.929674,48.529242,40.171477,46.683891,45.556494,58.630774,50.252236,46.315051,35.383477,42.221853,40.146948,34.339101,41.166561,39.873582,57.526020,51.268638,46.569150,44.766279,44.156315,43.146744,43.744251,52.204449,38.409251,31.822340,42.518141,42.677413,24.438464,43.062339,40.450570,43.355227,42.594991,42.283877,39.470087,46.011809,44.374439,42.065913,26.602510,43.608037,40.737501,0.000000,41.839054,45.596802,41.065562,46.407109,46.517201,43.681594,37.808940,42.003107,42.987358,45.298217,47.087756,45.849251,44.197431,45.791814,43.982569,45.783844,43.291507,43.161733,36.400329,42.748504,33.564119,41.729315,34.273285,46.296950
Cửa Hàng Tiện Lợi BV Mart,36.351964,36.735844,36.096252,43.180577,44.098512,36.485022,34.874788,45.371333,41.930527,36.464392,40.771985,36.872160,37.694327,41.834968,42.437652,34.560077,45.185251,39.808081,26.966727,35.558584,42.434837,40.255990,36.706758,42.941971,29.300597,27.740047,35.327255,43.556360,45.175795,41.122115,34.510163,38.700916,44.741970,27.793696,45.236356,41.180345,33.090675,34.790074,27.422712,38.257445,42.903812,40.150267,33.142858,42.312447,38.072556,38.996021,38.632757,46.359789,28.338575,33.972396,42.723648,39.076437,37.195587,29.198161,41.643107,41.604437,36.347102,40.954646,35.597654,40.598106,45.048706,30.748678,39.119350,38.402005,40.242500,36.386369,39.018842,43.722193,32.474572,38.730355,45.012752,38.276125,43.932103,44.468379,40.363909,40.066753,44.084811,37.950600,32.524984,24.205540,40.790163,37.789983,42.919189,42.295088,42.702755,45.279490,38.393117,44.705528,44.122794,36.648563,32.436571,38.337689,39.708956,35.272162,43.270077,33.753200,25.466429,38.966471,45.930799,37.937526,32.681549,48.501620,0.000000,32.135296,37.001247,34.311314,34.281325,40.512086,40.461277,24.467219,39.022293,34.071066,32.538732,27.210468,41.901939,28.335713,39.532936,34.100883,29.702227,36.000105,44.909804,36.229275,42.360311,35.108855,42.820174,36.003268
Đảng uỷ - HĐND - UBND phường Thanh Xuân,41.857395,37.392709,40.858095,41.960754,42.820886,37.158992,35.395571,44.373863,40.361799,37.240485,38.972933,37.614742,38.607008,40.392852,40.733068,35.208451,44.255969,37.650848,30.081692,36.292630,40.601260,41.032779,37.312858,41.032278,36.643104,31.015831,36.143075,42.515424,44.203866,38.716971,35.141356,39.358187,44.213074,35.622929,44.784272,39.107939,33.807311,35.353232,32.498042,42.166141,41.257501,40.901272,33.705986,41.169027,38.618908,36.206521,41.260809,46.010140,28.825089,34.535652,41.043615,36.721791,37.690743,33.754661,39.928052,40.546088,32.098224,40.101185,31.894685,40.606883,44.195523,31.499628,35.887349,34.451904,38.006960,31.329838,37.143194,44.933637,33.410053,39.268167,44.560546,33.960881,43.104285,43.614989,38.162876,37.609669,45.227916,38.607734,23.856305,29.538222,37.779288,34.181761,41.392676,42.551254,42.148210,44.537050,34.938680,44.296311,43.397339,30.549140,26.138794,38.585234,37.106777,30.248050,42.741200,30.474931,29.548117,36.244843,45.632159,38.765042,25.421935,48.459017,32.492295,0.000000,32.821912,27.053447,27.167581,37.979198,38.822794,30.166119,35.806848,28.535364,33.969962,19.200947,39.939754,34.591816,36.327028,29.827735,30.896894,32.579361,44.688003,32.151788,42.053132,31.380507,42.538611,32.557456
Starbucks,46.142303,48.361570,44.638547,46.184324,48.100987,42.462811,44.989166,49.492898,44.941335,44.119448,43.450257,48.742119,43.083480,44.497792,46.214945,39.497724,48.793405,42.392502,36.260140,40.559312,46.555053,50.044912,45.744890,47.896727,35.551675,39.111049,40.859114,46.270174,48.988442,45.301996,39.369504,48.412488,46.030632,34.497201,45.680185,44.677718,39.231503,39.123106,31.440354,46.586595,46.947841,49.654791,38.209220,44.582592,45.480568,41.820021,49.596510,46.991343,36.146484,38.613677,41.802726,41.456998,44.399154,32.508857,44.757892,43.379898,30.809810,44.138474,36.587526,45.852256,48.180610,38.854038,42.701522,32.924645,43.340137,29.856167,40.773742,52.934235,40.393562,46.368767,46.378198,32.348874,46.245065,47.199498,43.495073,41.926737,52.758627,41.414603,36.099984,37.839808,46.147032,41.952896,45.512174,49.557524,43.786465,48.121588,36.806608,45.874197,46.196891,25.686428,25.515704,38.803186,41.432438,33.114067,44.379297,39.502203,38.833689,38.096066,44.231926,39.160242,24.867262,47.724349,38.918322,35.604129,0.000000,38.951708,24.676623,37.136350,39.095416,35.352664,33.703131,36.165235,42.351666,33.692913,42.159474,39.735518,28.563306,25.412108,40.128563,26.607306,43.500877,32.398631,41.002546,32.164895,41.496584,36.229324
WinMart+,42.361268,37.784911,41.370510,42.456119,43.349497,37.586056,35.873805,44.795299,40.993553,37.727187,39.689944,38.050298,39.358057,40.964978,41.424431,35.814496,44.640436,38.512788,31.148685,36.847633,41.352435,41.220858,37.697195,41.834514,37.590263,32.082512,36.768503,42.933918,44.613858,39.706924,35.738753,39.614508,44.221954,36.706536,44.767559,39.944327,34.660632,35.873964,33.863197,42.260327,41.931902,41.089367,34.405787,41.621632,38.875202,37.333017,41.414766,45.925181,30.301570,35.124663,41.734983,37.660651,37.981161,35.188421,40.619565,40.956020,33.830556,40.263572,33.371090,43.891076,44.545719,32.856481,37.209690,36.090345,38.903236,33.445045,37.875061,44.899991,34.580661,39.490287,44.552249,35.769331,43.437377,43.965152,39.050495,38.608223,45.185746,41.918505,27.610720,24.939593,39.042088,35.649323,42.015725,42.628307,42.225270,44.844536,36.354982,44.296710,43.687746,33.176929,28.733218,36.316860,38.165047,32.312636,42.801210,24.998350,23.230075,37.345739,45.589650,36.095716,28.877143,48.288381,30.544297,28.029951,34.536619,0.000000,30.528567,38.789720,39.292343,28.289447,36.992714,22.460629,31.408868,18.646622,40.438143,33.905789,37.481691,31.644699,28.669970,33.944470,44.679574,33.832490,42.095893,32.916398,42.572843,33.939424
WinMart+,46.082862,48.084609,44.707235,46.125122,47.815899,42.753510,36.710238,49.088563,44.993235,38.723456,43.655614,38.980376,43.331512,44.583456,46.122045,36.854913,48.504111,42.742796,29.697874,37.888665,46.419170,41.903524,38.499365,47.556387,35.552206,39.734224,37.905469,46.210769,48.664991,45.328113,36.765961,40.314140,45.996811,34.557339,45.663432,44.780578,35.999610,36.786553,31.696593,42.763679,46.769111,41.754750,35.505990,44.651135,39.506613,42.332276,42.046036,46.377297,32.119054,36.122782,42.229645,41.935127,38.621143,32.713882,44.834986,43.516651,31.168401,44.224019,37.927411,41.349344,47.976104,34.690768,43.162529,33.129666,43.613484,30.347708,41.212922,45.403080,36.306262,40.070366,44.978673,32.622100,46.194017,47.071649,43.742787,42.404805,45.645811,39.563399,29.982540,33.283883,46.019453,42.601535,45.504034,43.123009,42.600488,47.933988,38.453185,44.663290,46.162885,27.196583,26.411868,40.598590,41.995803,36.279018,43.176390,34.521454,33.779037,39.478478,44.308856,40.640008,22.990622,47.579255,35.181445,25.679746,29.295953,32.827254,0.000000,39.800699,40.076936,32.383998,35.626829,24.502539,37.491474,26.177233,40.927761,36.613469,29.607968,21.129073,36.135387,29.516362,43.569159,25.506106,41.122029,26.576618,41.607535,30.573011
WinMart+,46.765850,49.354582,45.014758,46.799538,49.204717,42.626195,45.382439,50.690484,45.480003,44.487701,43.775652,49.613495,43.357770,44.908231,47.094696,42.602934,49.724433,42.581367,35.671960,48.974185,47.605428,50.984558,46.189455,49.433083,41.667183,38.787835,43.530594,46.808696,50.004743,46.292646,41.749940,49.130252,46.475263,41.048116,46.099204,45.352708,42.098242,45.205546,38.401520,47.048276,47.981190,50.526106,40.658046,44.916205,45.831252,41.923308,50.416614,47.504220,40.166350,40.892450,47.663584,40.962963,44.647364,40.351005,45.304835,43.551228,39.547557,44.378106,35.333904,46.228620,48.923868,42.421175,43.120453,42.353220,43.170223,40.216410,40.356523,54.087009,43.925923,46.770735,47.181304,40.417944,46.672619,47.772168,43.350956,41.458335,53.826064,43.173102,40.972740,41.671572,46.796390,42.167102,50.690647,50.241148,42.831471,48.762528,35.075829,44.885731,46.564651,35.651236,36.857626,40.581814,40.835989,35.673901,43.407374,43.638536,43.017456,36.868223,44.463158,36.582232,37.877591,48.280031,42.183977,42.595056,26.740754,43.830090,34.930323,0.000000,37.807586,37.998264,37.897185,43.437606,46.410155,38.982534,43.491122,42.548466,42.774140,36.361858,43.133245,34.994058,43.587363,38.115184,40.995057,34.751030,41.506180,40.046963
Phường Ô Chợ Dừa,38.274340,39.967993,37.476989,38.487432,38.693976,37.292810,38.346114,40.793860,36.095483,40.018991,33.830459,41.521609,37.913322,36.205797,35.789182,39.308079,41.098914,36.483289,34.580828,41.574012,34.608739,43.345264,39.506719,39.373700,39.917238,34.478924,40.430548,41.122633,40.334370,37.360527,39.285746,42.060044,39.747299,39.345524,39.311350,34.193621,38.624817,39.001011,37.261908,41.094456,32.274576,43.070848,39.209326,41.009694,40.098546,34.733418,43.295288,40.906209,38.747104,37.656187,32.000732,33.900499,39.195160,38.676650,31.695483,37.629457,37.935573,38.498725,33.076333,40.442204,41.029703,38.367012,36.587196,39.822185,30.482870,38.076267,30.017506,46.499746,37.258261,41.203631,41.707810,38.026839,40.413722,40.668429,26.942164,28.795079,46.637685,44.605111,36.998720,37.714336,33.455384,38.520410,32.989748,44.239430,38.854112,41.758383,30.563276,40.276037,39.654304,39.576629,35.999393,34.494996,26.549433,34.289782,39.211429,39.016019,38.630060,25.960225,41.194806,29.453454,36.008332,41.774332,38.696390,38.621336,31.511330,38.711699,34.654725,34.225639,0.000000,36.162023,35.593649,38.948347,40.693459,37.095857,38.398397,39.259816,38.297950,32.985457,40.471326,35.222448,41.763987,36.622626,39.480370,35.022340,39.982516,37.967382
Chợ Xanh Văn Quán,41.507720,34.366709,40.747804,41.586179,42.105121,34.139626,33.099951,43.294170,40.362663,33.823737,39.340333,34.278500,39.062473,40.393074,40.602320,32.514422,43.343923,38.418909,32.624943,33.195195,40.524895,44.583198,34.470963,40.804329,37.726603,33.396016,32.738562,42.063129,43.274497,39.263017,30.572085,42.020625,43.112121,37.072859,43.580945,39.483264,31.154990,31.131351,35.039891,44.478695,41.001474,36.242838,32.085542,41.006714,39.839150,37.554361,36.696070,44.405787,27.766885,32.385606,40.847414,37.779631,38.987825,36.066842,40.047381,40.511581,35.220877,39.930139,34.735878,38.311660,43.376100,32.710993,37.467544,36.780876,38.714961,35.078736,37.878472,41.582632,30.278045,39.412570,43.458774,36.571312,42.599795,42.965443,38.819109,38.479230,42.143427,35.501327,32.097849,25.433751,38.734697,36.416040,41.086685,40.630224,36.882090,43.716652,36.887207,37.459188,42.884044,35.163550,32.094592,36.836161,38.155262,34.295645,37.210907,32.616756,31.872742,37.557589,44.469790,41.930222,32.269662,46.621597,25.310197,31.800801,39.125549,33.330514,33.420093,41.814778,41.492114,0.000000,40.678104,36.150907,25.885975,33.444434,39.678484,20.812224,37.628227,33.475454,27.413708,35.083667,44.096176,35.151852,41.785698,34.364350,42.219977,35.047453
Noble Moment,46.526693,48.626074,45.066183,46.560927,48.417277,43.112616,45.382794,49.690025,45.446222,44.624432,44.074454,42.206802,43.741792,44.976872,46.702838,40.360510,49.008294,43.178618,37.123056,41.396722,47.059773,50.174177,46.078841,48.333316,37.753102,39.990823,41.767639,46.595686,49.203231,46.019863,40.223962,48.610016,46.330521,36.911882,45.997134,45.344326,40.264678,39.900415,34.213452,46.843762,47.392674,49.792539,39.114388,44.976211,45.771754,42.844816,49.734205,47.239916,37.495603,39.442160,42.648239,42.353827,44.732914,35.513096,45.313587,43.764763,34.274635,44.489219,38.226591,46.117761,48.403525,40.160258,43.836826,36.423486,44.134639,33.971329,41.522396,52.918396,41.625309,46.617239,46.763211,36.144918,46.510523,47.447925,44.263849,42.900271,52.751250,42.004162,38.011969,39.273979,46.966893,43.310142,46.016352,49.678031,44.145761,48.318775,38.871624,46.207780,46.436646,33.544004,30.107399,41.451612,42.474153,36.654780,44.738492,40.980407,40.364994,39.973891,44.557044,41.383999,34.038525,47.929888,40.109783,38.397855,30.476579,40.731823,29.615929,35.965923,40.512963,36.402692,0.000000,39.035661,43.679411,35.877259,30.520877,40.730502,27.179216,22.874800,41.178917,23.707352,45.814746,31.179408,43.026245,31.175836,43.503186,36.107540
WinMart+,47.465742,49.433141,46.047817,47.474201,49.326384,44.409225,38.144979,50.436956,46.581025,40.652726,45.379829,40.799118,45.089582,46.061115,47.880001,38.655484,49.716759,44.705692,33.265936,39.784187,48.280054,43.543221,40.028036,49.527727,40.021979,41.577895,40.068246,47.406851,49.937314,47.572876,38.527886,41.800210,46.083455,39.334477,46.586386,46.760790,38.158494,38.348500,36.772825,44.062023,48.510789,43.342796,37.238403,45.872707,40.779272,44.747762,43.565832,47.940064,34.466560,37.753237,44.269335,44.052139,39.834025,38.371891,46.534288,44.610162,37.423422,45.274852,40.837959,42.672372,49.086627,37.413278,45.926803,39.802544,45.705156,37.658443,42.934309,46.990744,39.209575,41.308972,46.277157,39.761598,47.193805,48.148269,45.800091,44.709581,47.148320,40.929527,33.490127,36.125950,48.741705,45.665102,47.176893,44.438403,43.574406,48.942294,42.002627,45.756181,47.051650,37.929350,33.154291,45.145231,44.385842,41.201877,44.192803,37.900232,37.101916,42.900976,45.300131,44.676865,33.706225,48.536523,37.670867,31.095650,37.590871,36.828309,28.643932,45.204173,42.886110,34.074164,42.153755,0.000000,41.235751,23.039965,45.425435,38.780029,38.477642,28.881593,34.609353,34.388677,45.508288,32.067196,42.813601,31.048423,43.290554,32.643407
Co.opmart,43.599310,39.372969,42.566261,43.668992,44.699387,39.250669,37.436661,45.995929,42.428154,39.621711,41.235350,39.826487,40.937422,42.289016,43.020810,37.751887,45.733966,40.271266,33.010065,38.794462,43.051435,42.596069,39.225931,43.652641,39.467972,33.960335,38.959654,44.001999,45.758489,41.755609,37.650115,40.972626,45.221778,38.771907,45.724722,41.737013,37.092679,37.572613,36.278359,43.294178,43.511549,42.430138,36.411357,42.706643,40.096687,39.492612,43.421050,46.941933,33.468333,40.005886,43.322849,39.513207,44.579831,37.749216,42.156721,41.938505,36.783701,41.263113,35.931803,46.229445,45.545317,36.116610,39.701178,39.009279,40.755968,36.899759,39.370262,48.944402,37.759188,44.979228,45.466568,38.909019,44.326039,44.913578,40.877359,40.605773,48.777737,44.061168,32.816263,27.354871,41.508370,38.294798,43.483921,46.375953,43.011403,45.733189,38.940563,45.082606,44.473917,37.272698,32.650968,38.867997,40.239309,35.674412,43.595737,34.465010,33.022844,39.454177,46.350336,38.391044,32.921628,49.031977,29.765106,32.341121,37.488823,34.773111,34.666435,41.187320,40.931965,27.070141,39.620759,43.778940,0.000000,26.964076,42.636843,35.331890,40.222845,34.349490,26.981208,36.342644,45.124598,36.648583,42.523748,35.408671,42.992178,36.337159
WinMart+,45.485794,38.339431,44.392587,45.520680,46.738702,38.210535,36.659908,47.816112,44.560268,38.411370,43.495443,38.657289,43.239755,44.268919,45.365500,36.771259,47.456898,42.787192,32.600345,37.676455,45.542220,41.315772,38.269926,46.304777,38.291136,40.383864,37.653113,45.657361,47.549456,44.655739,36.692159,39.914153,43.949956,37.594821,44.444385,44.321429,36.017914,36.719538,35.331396,42.218626,45.857561,41.192797,35.583910,44.370619,39.225905,42.495544,41.475489,45.422769,32.759888,36.123736,42.392962,42.183638,38.417126,36.528852,44.417939,43.432077,35.588989,44.045590,39.353293,43.627840,47.123849,34.947558,43.086963,37.413597,43.443812,35.515937,41.547936,44.517163,36.265581,39.755437,44.271207,37.245600,45.725431,46.423887,43.539002,42.550792,44.777275,41.910647,31.937130,29.718090,44.996908,42.713418,44.933620,42.552145,42.191755,47.166698,39.946829,44.075697,45.736834,36.726414,31.967966,41.564649,42.244083,38.966866,42.716448,32.608806,31.617360,40.631130,44.121819,41.512197,33.842555,47.631072,34.015754,32.338016,36.206277,18.601181,31.305061,41.226631,40.914137,31.156141,39.133775,26.992644,36.479662,0.000000,41.748291,35.916816,36.807431,30.382236,34.967092,34.294249,44.534432,32.723515,42.087258,31.884010,42.538624,33.013182
9.0cafe,47.167434,49.587939,45.510800,47.193385,49.472955,43.395640,45.818812,50.828731,46.044838,45.069741,44.519481,49.794187,44.144252,45.455676,47.617022,43.252884,49.905447,43.529750,36.739760,49.180433,48.118899,51.071256,46.549095,49.793228,42.427817,39.872492,43.742696,47.151377,50.185654,47.096027,42.041537,49.319349,46.792319,41.910985,46.441854,46.104814,42.423783,45.590858,39.545766,47.314072,48.417661,50.629880,41.017584,45.352581,46.156655,43.238321,50.528857,47.752905,41.131659,41.217729,42.239972,41.876965,45.015331,41.444207,43.803990,43.995893,40.836930,44.763047,37.655685,46.519891,49.129822,42.789059,44.588583,43.420737,43.981887,41.650156,41.067586,53.986036,44.154396,47.036320,47.404200,42.013912,46.955178,48.029168,44.136884,42.466076,53.742098,43.336157,41.587968,42.124685,47.693168,44.002205,46.213748,50.344646,43.148127,48.959754,38.284003,45.151163,46.821501,37.776273,38.531032,42.697960,41.937496,38.506785,43.715406,43.926255,43.382527,39.710286,44.822435,40.600379,39.507831,48.485546,42.549272,43.198454,31.407175,44.146789,36.961221,46.586492,38.038802,38.527969,37.471432,43.931008,46.434864,39.844872,0.000000,42.836801,38.519248,33.633047,43.398626,26.105317,46.242633,34.217342,43.291880,30.878090,43.785903,37.838467
The Coffee House,43.915522,39.962319,42.916707,43.976851,44.990663,39.865660,38.085729,46.193484,42.838517,40.296376,41.730956,40.458510,41.458623,42.682092,43.439760,38.528820,45.931093,40.869162,33.932160,39.528865,43.504353,50.013173,39.798188,44.088556,40.151099,34.856663,39.752766,44.267077,45.955573,42.362017,38.418390,47.049508,45.427127,39.540285,45.904477,42.275158,38.074250,38.264209,37.285560,43.576294,43.913194,41.159442,37.751145,43.022876,44.373089,40.261048,42.184436,47.070503,34.902373,38.359779,43.733021,40.187798,43.615744,38.739510,42.609488,42.246139,37.953142,41.596353,37.015929,44.950787,45.733557,37.431051,40.546231,40.025128,41.362309,38.222244,39.933769,47.930100,38.927090,44.040789,45.646215,40.001390,44.539796,45.118812,41.475128,41.263270,47.865900,42.500259,35.001015,27.978072,42.242586,39.276384,43.859889,45.471739,43.233717,45.895740,39.862396,40.877747,44.662039,38.757626,34.409303,39.781215,40.939441,37.048322,43.809531,37.531883,36.374880,40.205490,46.470188,45.582010,34.713605,49.057864,30.567224,34.269096,42.888824,36.726773,36.364420,45.938681,44.337660,21.311701,44.653911,40.393487,28.245741,37.132591,43.225902,0.000000,41.102385,35.569707,29.311005,37.341235,45.227386,37.775117,42.652107,36.492656,43.112009,37.344138
Cục Tần số vô tuyến điện,48.251735,50.475595,46.646196,48.260446,50.479785,44.948377,46.860447,51.622128,47.384554,46.366440,46.072409,50.562688,45.756648,46.719182,48.973543,44.583937,50.699399,45.389660,38.592010,41.909986,49.527025,51.677622,47.471219,51.124344,38.437191,41.817998,42.352521,48.082077,50.996702,48.930731,40.737818,50.036709,47.646193,37.672696,47.338386,47.785891,40.880616,40.371296,35.127625,48.074073,49.706543,51.253312,39.661979,46.394212,46.984943,45.602117,51.135216,48.512859,38.298898,39.955453,44.390083,44.138521,45.894836,36.461375,45.528241,44.977880,35.376444,45.676733,41.086319,47.296687,49.898324,40.920931,47.190499,37.482662,46.073029,35.263269,42.867470,54.327895,42.371488,47.770764,47.250990,44.692647,47.740868,48.823388,46.185123,44.923919,54.084000,42.372457,39.096865,40.111463,50.107881,47.014165,47.707056,50.874247,44.565199,49.660077,42.575267,46.644542,47.530375,35.754781,31.635850,44.532338,44.548917,38.549892,45.166488,41.862023,41.273002,43.661377,45.685018,45.317843,36.505343,49.177519,40.819077,39.898392,34.188407,41.742178,32.150646,47.167154,41.555504,37.035438,34.716784,40.564290,44.466828,37.115716,46.757236,41.362747,0.000000,16.548105,41.812091,21.225826,46.652911,28.613000,43.719198,29.265926,44.204684,34.930340
Everything Coffee 'N Bagel,46.834962,48.632213,45.545478,46.852761,48.449790,43.942425,47.014156,49.535420,45.951943,40.254405,44.810323,40.416046,44.537479,45.507258,47.046912,38.469586,48.959540,44.136109,33.565337,39.477853,47.360455,42.963703,39.755659,48.404164,39.691006,41.297720,39.663656,46.853041,49.128809,46.593379,38.359113,41.399891,46.306237,39.062951,46.775048,45.968972,37.997755,38.213280,36.773966,44.378603,47.616203,42.797795,37.196980,45.421168,40.506818,44.066373,43.029304,48.069044,34.782990,37.660307,43.281188,43.054851,39.629759,38.176453,44.324890,44.277779,37.338916,44.916900,40.514558,42.255697,48.438927,37.328796,45.007120,39.368276,44.545444,37.522514,42.183268,46.181666,38.821160,41.002259,46.474059,39.310673,46.741940,47.594032,44.649156,43.567081,46.364915,40.623144,34.139235,36.237559,46.857646,44.702138,46.086281,43.918426,43.831081,48.362438,41.466200,45.944918,46.650900,36.684582,33.726563,42.442519,43.234738,38.558316,44.440996,37.673633,37.028972,42.261728,44.959079,43.134003,25.073264,48.015959,37.538916,32.731737,36.030626,36.813141,29.002741,43.098486,40.855257,34.347703,36.908674,30.743873,40.394108,30.146074,41.948938,38.527227,34.356418,0.000000,37.621773,28.801180,45.619438,26.249530,42.975918,26.646102,43.435815,28.725021
Starbucks,46.216335,36.044689,45.220899,46.255219,47.293696,35.888052,34.781905,48.189707,45.440195,35.783367,44.559758,36.173287,44.320782,45.172347,46.188050,34.487268,47.914911,44.024975,31.173892,35.234433,46.457632,38.753787,36.134708,47.090132,35.730013,41.844182,34.921330,46.303433,48.000161,45.807561,34.414114,45.287790,41.481039,35.021159,41.958294,45.399726,33.514866,34.666348,33.014769,40.013851,46.699051,40.336847,37.433293,45.143805,43.131523,44.002595,41.097175,42.603692,30.632839,37.946948,43.708392,43.596863,42.468040,33.847104,45.404476,44.213890,32.890388,44.750565,41.466476,43.040819,47.606624,32.240530,44.561966,34.254051,44.703209,32.473502,42.729253,45.541105,33.167839,42.823742,41.902847,33.902825,46.283954,46.948223,44.766133,44.005554,45.664152,41.087400,29.323226,26.055109,46.196878,44.380579,45.766902,43.989478,40.454843,47.605100,42.170279,40.254845,46.243381,40.073055,29.745612,43.808833,43.768218,41.787369,40.885298,28.821323,28.176054,42.767124,44.790035,43.628136,38.616356,45.012042,26.263407,37.814580,40.282366,33.694668,37.699859,43.732725,42.776283,29.655882,42.283196,36.408760,22.161874,32.284588,43.937277,32.217606,40.543831,34.936335,0.000000,37.821083,43.254404,37.190270,41.089117,35.968974,41.523345,36.786500
Chợ Trung Kính,45.367012,47.215845,44.086412,45.411057,46.872453,42.134823,44.436416,48.153536,44.237829,43.558947,42.942572,47.703819,42.627439,43.919668,45.186383,42.187778,47.705718,42.003935,36.697306,39.221733,45.398496,48.937826,45.149562,46.357451,35.529145,39.241805,39.310536,45.581196,47.815162,44.221810,38.226934,47.527188,45.435447,34.661803,45.110613,43.861827,37.920803,38.136329,32.193068,45.974215,45.798724,48.616567,37.239435,44.098001,44.978803,41.464026,48.609313,46.327951,35.243600,37.643081,40.977870,40.657035,44.008086,33.107707,42.353317,43.073815,31.843731,43.772724,37.314505,45.326087,47.278026,37.362760,42.058913,33.506373,42.206968,31.247713,40.208644,51.606229,38.536069,45.806883,45.662620,40.471646,45.665773,46.458151,42.344955,40.964182,51.493164,40.315466,34.898199,36.476011,43.845781,41.459802,44.221659,48.705558,43.378156,47.311842,37.641850,45.285358,45.685569,29.500797,28.085158,37.632932,40.529301,31.816576,43.919813,37.593268,37.085305,38.592035,43.865595,38.867541,29.432111,46.998920,37.501146,34.120414,26.163673,36.946218,26.687269,36.273487,37.611043,34.756226,22.681532,33.999461,39.740547,32.714204,32.416522,38.343339,23.533115,26.694182,38.320032,0.000000,45.651811,23.633151,42.940093,24.759527,43.408522,30.951941
Trường Mầm non Kim Lan,46.315985,47.026717,44.303306,41.474528,42.686348,45.508933,46.689317,41.929173,41.872281,45.901210,41.978366,46.782957,42.224842,40.624466,42.279433,46.256607,41.818962,42.368059,40.407578,46.613839,43.260054,46.055039,45.299291,42.859114,45.115863,42.069674,46.275166,40.555380,41.690036,42.304138,44.105762,45.971887,43.008423,45.842193,43.374644,41.939988,46.275888,44.625466,42.372441,44.375132,41.849829,46.964848,45.382435,40.014015,44.582457,41.728448,46.993261,43.973121,45.894326,45.140313,42.323242,41.332991,43.993928,45.527630,41.373016,38.094334,41.970856,41.574086,40.171618,45.023847,40.988967,45.440448,42.841323,45.848515,41.916211,45.154468,43.074385,48.604665,46.222956,44.737774,40.397025,42.879444,41.218359,40.304460,42.240902,41.784500,48.596375,47.233681,45.406779,44.556797,43.649969,43.240205,43.213900,47.258303,41.086915,40.199176,42.938564,42.353982,36.116100,43.327677,42.285392,43.322802,43.977748,43.013670,41.422594,45.152565,44.318133,42.954333,37.860780,43.522288,42.357735,40.264730,43.134799,44.947931,42.461367,45.318374,45.448762,43.590734,43.227693,43.409607,43.400950,44.951491,45.768752,45.233082,44.114495,45.496020,44.018699,45.360010,44.206124,43.603734,0.000000,46.194596,24.523862,43.054493,23.602304,45.725865
WinMart+,45.827425,47.600203,44.589770,45.871686,47.316467,42.816939,44.889040,48.495492,44.826246,40.099320,43.624858,40.262519,43.335171,44.466183,45.792690,38.486643,48.029846,42.814156,37.542428,39.409674,46.029746,42.639560,39.679044,46.962891,37.251842,40.103419,39.531065,45.974084,48.156329,45.040750,38.371305,47.817714,45.802723,36.529654,45.494927,44.595434,38.065796,38.247217,34.300042,46.298844,46.361886,42.490513,37.324711,44.550689,40.387381,42.479331,42.713471,47.411864,35.243732,37.745494,41.890540,41.621253,39.578560,35.351932,43.095923,43.509455,34.360891,44.165682,38.739561,42.025083,47.593949,37.499283,43.193366,36.031961,43.094581,34.126496,41.009413,45.643783,38.765086,40.865542,45.995902,41.622855,45.999076,46.791460,43.215324,42.005239,45.833456,40.494757,34.864171,36.561432,44.912110,42.739474,44.862146,43.593795,43.583229,47.593962,39.341584,45.560412,45.984749,33.945594,31.242884,39.789339,41.630123,35.947412,44.150386,37.788143,37.237830,40.187755,44.250160,40.708743,27.990451,47.281101,37.645405,34.008344,32.428057,37.107493,23.972531,39.485786,39.053787,34.730822,32.004794,32.447422,40.106750,31.493280,37.331764,38.521908,26.978628,19.112823,37.740187,26.548128,45.823271,0.000000,43.128559,16.867689,43.596993,23.219007
Trường Trung học cơ sở Văn Đức,42.638280,43.020205,40.949555,38.545828,39.546047,42.092197,42.628931,38.766163,39.098207,42.257189,39.016790,42.794496,39.281053,37.873543,39.361631,42.630520,38.618024,39.437265,38.022312,42.774913,40.119918,42.306388,41.799012,39.901213,41.853982,39.261334,42.617388,37.546429,38.444783,39.477675,40.924952,42.306930,39.557633,42.430947,39.888773,39.105542,42.684669,41.325889,39.637318,41.036002,38.985867,43.108547,42.071601,37.094550,41.411795,39.109930,43.203067,40.154682,42.586229,42.001075,39.451453,38.729973,41.034824,42.324398,38.689109,35.656087,39.415855,38.349700,37.943795,41.788201,37.694773,42.264592,39.951715,42.628456,39.306757,42.139812,40.075924,44.518191,42.831482,41.600067,37.396775,40.224694,37.838440,37.163281,39.506475,39.245461,44.604357,43.812347,42.439647,41.753787,40.744747,40.428230,40.252055,43.674057,38.493241,36.966589,40.170586,39.376626,34.058338,40.573386,39.814700,40.495694,41.116142,40.354309,38.703297,42.299961,41.574452,40.290327,35.212749,40.702011,39.893210,37.043292,40.688319,42.098305,39.939291,42.382324,42.518691,40.778605,40.545307,41.016156,40.714751,42.168306,42.815129,42.395724,41.375923,42.787513,41.315621,42.581691,41.686836,40.913398,23.780301,43.250406,0.000000,40.583363,19.063194,42.920449
Trung tâm Hỗ trợ doanh nghiệp Hà Nội,44.324200,45.852818,43.266219,44.377669,45.425478,41.431408,43.616544,46.620977,43.242811,38.877624,42.114031,39.126547,41.800434,43.048379,43.892031,37.422513,46.399085,41.238837,36.739132,38.273508,44.023587,41.511842,38.713588,44.657653,38.461951,38.950303,38.244537,44.632691,46.445549,42.889359,37.303879,40.212193,44.589235,37.855698,44.289952,42.742546,36.859983,37.314119,35.885087,45.136496,44.423274,41.396653,36.339603,43.345730,39.532546,40.668857,41.653694,46.138527,34.115940,36.805411,40.343094,40.075180,38.783609,36.971657,41.583790,42.509481,36.202425,43.148656,37.270361,41.065800,46.149838,36.115481,40.987451,37.796423,41.334870,36.153808,39.752070,44.420713,37.214538,40.018788,44.944137,39.801527,44.861959,45.492192,41.455433,40.270966,44.646912,39.579565,33.403231,35.185742,42.272734,40.470699,43.122355,42.627039,42.821276,46.277331,37.484864,44.636560,44.958153,32.662774,30.626600,37.441731,39.895455,34.348787,43.345458,36.127530,35.643877,38.256781,43.266078,38.368579,27.565867,46.057451,36.313836,32.152523,31.100742,35.307766,29.690590,36.517086,37.506165,33.868866,30.413867,30.805735,38.168638,30.345322,34.348401,37.274430,26.551205,20.626215,36.525113,24.088780,45.230360,16.055250,42.681176,0.000000,43.140862,21.773184
Trường Mầm non Văn Đức (điểm Chử Xá),44.093284,44.530633,42.421045,40.063679,41.042491,43.485895,44.211006,40.345762,40.496677,43.718305,40.500507,44.341450,40.730513,39.397175,40.793926,44.061552,40.238350,40.863560,39.359165,44.272972,41.574689,43.814368,43.264401,41.303141,43.217625,40.664868,44.044517,39.224669,40.100199,40.864976,42.328613,43.790578,41.197515,43.806040,41.512264,40.526535,44.094701,42.742454,40.975029,42.510060,40.434512,44.582698,43.439063,38.783875,42.812915,40.448891,44.652860,41.863880,43.926531,43.320914,40.857589,40.095233,42.366316,43.646535,40.099334,37.303309,40.697984,40.031802,39.206538,43.148084,39.468995,43.577556,41.316175,43.933942,40.633271,43.398137,41.473640,45.960850,44.164478,42.970172,39.117620,41.480686,39.641192,38.949289,40.857284,40.536849,46.013097,45.104515,43.670037,42.974181,42.062588,41.729092,41.627683,45.029820,39.880049,38.817677,41.479081,40.827547,35.724506,41.841345,41.042794,41.804194,42.395482,41.604482,40.123000,43.490846,42.765590,41.551408,37.041914,41.986119,41.101128,38.882069,41.828078,43.300264,41.163192,43.593716,43.722865,42.054535,41.803099,42.125522,41.948985,43.345702,44.001803,43.574843,42.585814,43.898328,42.507813,43.735711,42.800036,42.141461,22.808783,44.415497,19.436577,41.752715,0.000000,44.058640
WinMart+,47.140167,48.823891,45.920112,47.159170,48.676406,44.496015,47.628829,49.651262,46.360684,41.506839,45.321462,41.602089,45.082520,45.925615,47.412706,39.807851,49.112410,44.749510,34.999120,40.791982,47.718092,43.860053,40.822849,48.676145,40.960984,42.064925,41.087356,47.126211,49.273002,47.078947,39.688228,42.321678,46.886551,40.452427,47.321157,46.454425,39.617554,39.423801,38.436719,45.035789,47.939777,43.676083,38.620616,45.779793,41.369202,44.799449,43.856406,48.606261,36.916114,38.965133,43.996781,43.813645,40.517917,39.856970,44.904868,44.653818,39.249683,45.258817,41.665964,43.039372,48.617762,39.375915,45.730813,41.167938,45.193512,39.653951,42.869190,46.820280,40.747474,41.813318,47.012150,41.202980,46.981411,47.807935,45.279767,44.342826,46.969135,41.535434,37.176272,38.515096,47.410947,45.520050,46.520003,44.592387,44.359776,48.525047,42.701994,46.429946,46.873160,38.825037,36.260790,43.805857,44.061601,41.372322,44.960807,40.016865,39.443535,43.395776,45.275228,44.301165,36.930774,48.186814,39.401067,37.194250,39.245260,39.647904,34.614634,44.705789,41.998669,36.001974,40.225550,35.538555,42.502727,33.693721,44.118615,40.081697,39.344574,29.102897,39.336274,29.619459,45.918251,24.312397,43.283598,16.372992,43.734812,0.000000
