,depot,WinMart+,Trường Mầm non Thịnh Liệt (cơ sở Giáp Nh,Trường Mầm non Hoa Mai,Trường mầm non Vườn Hồng,WinMart+,WinMart+,Siêu thị Đức Thành,WinMart+,Siêu Thị T-Mart,Trường Trung học cơ sở Tân Định,Trường Tiểu học Hoàng Liệt,WinMart+,WinMart+,Cục Dự trữ Nhà nước khu vực Hà Nội,Trường Mầm Non Đại Từ,WinMart+,Cà Phê Parkland,Trường Mầm non Định Công (Cơ sở 3),Highlands Coffee,WinMart+,WinMart+,Trường Mầm non Hoàng Liệt (cơ sở Tứ Kỳ),WinMart+,WinMart+,Trường Mầm non Sao Mai,KFC,Trường Đại học Công nghệ và Quản lý Hữu ,Không có tên,WinMart+,Không có tên,WinMart+,MM Mega Market Hoàng Mai,Trường Tiểu học Đại Kim,Không có tên,Không có tên,Cà Phê 3k,Không có tên,WinMart+,WinMart+,WinMart+,Trường Tiểu học Chu Văn An,AEON MaxValu Linh Đàm,WinMart+,WinMart+,WinMart+,Trường Mầm Non Hoạ Mi,WinMart+,WinMart+,Trường Tiểu học Chu Văn An,WinMart+,WinMart+,Trường Mầm non A Tứ Hiệp,Cà Phê KOK,Không có tên,Trường Đại học Kinh tế - Kỹ thuật Công n,WinMart+,Trường Quốc tế Singapore,WinMart+,Trường Tiểu học Tam Hiệp,WinMart+,Delícia Coffee & Lounge,UBND phường Khương Thượng,WinMart+,Siêu thị B11 Kim Liên,WinMart+,Cà Phê Big One,Trường Mầm non Đại Thanh,siêu thị 24h ninja mark,Trường Mầm non Tứ Hiệp (điểm Cổ Điển B),WinMart+,Không có tên,Quan an Nam Nhu 1,WinMart+,Taste Tea,WinMart+,WinMart+,Trường Cao đẳng Hà Nội,TK mark,Hội đồng nhân dân - Ủy ban nhân dân phườ,Trung tâm Công nghệ Phần mềm Thủy lợi,WinMart+,Không có tên,Cafe Dinh,Trường Trung học cơ sở Yên Mỹ,WinMart+,Coffee Cây,Trường Mầm non Tứ Hiệp (điểm Đồng Trì),Trường Mầm non Lĩnh Nam (cơ sở 2),Chợ Nhân Chính,Cục Sở hữu Trí tuệ,WinMart+,Kho bạc Nhà nước Đống Đa,Tịnh Cafe,Trường Mầm non Yên Mỹ,WinMart+,5050 Rooftop Cafe & Pub,Thuế cơ sở 4 thành phố Hà Nội,Trường Trung học cơ sở Lĩnh Nam,WinMart+,WinMart+,WinMart+,Cửa Hàng Tiện Lợi BV Mart,Đảng uỷ - HĐND - UBND phường Thanh Xuân,Starbucks,WinMart+,WinMart+,WinMart+,Phường Ô Chợ Dừa,Chợ Xanh Văn Quán,Noble Moment,WinMart+,Co.opmart,WinMart+,9.0cafe,The Coffee House,Cục Tần số vô tuyến điện,Everything Coffee 'N Bagel,Starbucks,Chợ Trung Kính,Trường Mầm non Kim Lan,WinMart+,Trường Trung học cơ sở Văn Đức,Trung tâm Hỗ trợ doanh nghiệp Hà Nội,Trường Mầm non Văn Đức (điểm Chử Xá),WinMart+
depot,0.000000,29.452408,28.906663,34.429747,28.571972,35.454020,21.939854,40.625220,35.846884,33.028178,34.466972,28.095783,36.050455,33.340122,37.082864,32.853441,41.416287,37.178461,31.328823,30.498198,41.279103,27.540395,27.303193,40.343472,40.230868,36.492191,36.090342,41.292407,43.718225,37.876043,34.919110,29.115825,41.300314,34.680624,40.461750,40.500539,34.573206,28.459767,39.156949,31.422908,39.279857,33.675125,34.706228,41.086871,29.113481,36.682614,34.985295,43.476333,35.767075,32.860607,43.338168,40.845907,28.126264,37.939016,41.505267,39.173265,38.355013,38.902563,33.021529,32.489882,46.973384,35.594980,44.676958,39.551719,41.534526,37.269681,39.262613,41.650309,37.738454,30.893731,33.302669,44.591521,44.016950,45.112450,42.876935,41.424199,42.545981,40.597121,34.804743,35.969873,47.259023,45.761686,47.065935,38.812240,33.820275,46.925462,44.810906,35.459259,40.236949,45.899303,42.401727,46.167872,45.314146,44.912609,34.165577,44.018587,43.701693,44.564106,41.137925,46.728243,42.987646,46.449832,43.233682,42.825742,43.350355,44.061130,44.281662,46.926626,39.012996,35.102867,46.107078,46.634022,45.382933,44.008984,48.023128,43.427776,47.757425,42.011614,41.939627,46.511856,42.617407,46.123895,39.869800,44.773236,40.478131,45.924138
WinMart+,33.997627,0.000000,33.518396,39.112047,43.291927,37.358894,24.073870,48.502088,38.823845,36.750791,39.515539,42.384235,40.230395,37.627137,41.193339,35.402723,46.847292,41.127257,33.458184,42.487603,48.328216,47.924100,36.696096,44.068560,41.680408,39.771849,39.927355,45.190807,48.200609,41.113093,37.254734,43.808279,44.250661,36.615896,43.447111,45.177669,36.812816,36.498606,41.875810,41.326593,49.035557,47.076551,36.938004,44.620752,39.094583,39.180840,47.324148,46.322717,37.682236,34.114428,48.608388,44.370841,37.253546,37.113805,45.447676,41.480008,40.531207,41.200543,44.140403,40.364174,51.002952,37.292709,49.383436,38.840278,44.598434,47.041861,42.874045,56.157090,40.180960,41.612427,39.820230,47.630453,46.595295,48.343193,46.777180,44.167465,55.465124,48.585197,33.729321,37.277673,51.558464,49.566458,52.610049,48.217840,38.337453,50.078411,48.434129,40.310794,42.258849,49.311727,44.693488,50.032805,48.441308,47.892953,38.917858,46.200405,45.832485,47.535206,43.247603,50.456447,45.273317,49.212671,45.034553,44.913349,45.846277,46.428655,46.654626,50.584970,40.871549,35.984121,49.175635,49.214536,47.778990,46.140133,51.127806,40.945009,50.739613,43.800096,43.443636,49.460728,43.452024,48.642974,40.521319,46.990615,41.138429,48.085734
Trường Mầm non Thịnh Liệt (cơ sở Giáp Nh,29.341176,31.637688,0.000000,31.487123,26.563213,33.280765,30.128953,36.471782,33.806613,37.271839,31.546401,36.988166,33.563259,30.817257,34.776169,39.274680,38.373467,34.829023,29.939078,37.962181,38.470091,35.057177,33.709423,38.140281,38.480987,34.498258,39.936856,39.022745,41.158580,35.915340,32.912480,35.952107,30.529235,39.222913,29.146827,38.320898,39.742994,33.947566,37.477156,31.647732,37.191507,40.621130,37.986873,39.024495,34.123627,35.136348,41.360262,34.019199,39.823762,38.308946,41.181706,39.115024,32.854328,36.616824,39.684176,37.755164,37.003798,30.212817,31.907254,37.162304,44.688776,39.313533,42.768196,38.253642,40.030644,36.095144,37.625258,48.044715,41.738113,35.536287,34.910754,43.232486,42.478109,43.225378,41.120316,40.039607,48.305863,44.632026,33.856763,38.821257,45.585404,44.177256,45.028807,43.605931,34.943876,45.091740,43.255605,36.825823,38.992114,44.446685,41.250858,44.594444,43.948178,43.584001,35.362099,42.978816,42.662284,43.224696,39.850353,45.215976,41.845147,44.827880,42.325871,41.771225,42.147446,42.952816,43.172863,45.449865,37.902135,38.121370,44.805279,45.513817,44.290843,42.988061,46.770982,42.546950,46.532054,41.072172,41.114083,45.253196,42.069092,45.013679,39.436953,43.725643,40.036317,44.945129
Trường Mầm non Hoa Mai,35.144636,38.507010,30.193412,0.000000,35.902680,34.270650,35.776079,30.161739,34.813405,38.720544,31.149250,41.488817,34.834915,21.907032,36.083328,37.665004,35.861065,36.182700,30.341979,41.666593,40.616289,44.837784,38.136641,39.738434,39.732428,35.603435,40.093552,37.593046,40.501269,37.134229,38.303563,42.544139,38.651206,36.265763,37.512334,39.931434,38.045381,37.789281,38.619191,41.064744,37.448335,44.479580,38.113213,37.762576,39.509118,36.036136,44.826800,41.533716,35.295009,35.925410,43.028227,40.438589,38.170853,37.467085,41.125212,36.676465,37.901617,36.337669,32.358111,40.353583,45.347906,38.103752,44.501881,39.181014,41.220207,36.812364,37.856880,50.431183,35.607866,41.305010,44.485060,44.446091,42.425570,43.355297,42.604422,41.132895,50.440375,46.594916,34.332333,42.511773,47.243068,45.670083,47.050550,46.021484,38.367224,45.691471,44.669883,40.773143,38.314758,45.818357,42.198259,46.104066,45.216498,44.790343,38.974452,43.879797,43.555187,44.432263,39.312429,46.682668,42.799948,45.289241,43.089121,42.647176,43.171338,43.924588,44.153746,46.890639,38.676320,40.325550,46.046715,46.581628,45.288806,43.873683,48.030013,43.293187,47.747343,41.827229,41.774840,46.460908,42.027195,46.065027,39.255997,44.664513,39.890158,45.857291
Trường mầm non Vườn Hồng,36.632000,40.886680,27.012820,33.320855,0.000000,35.760879,31.036125,47.469128,36.295186,40.819718,32.724692,43.648463,36.824633,31.539967,38.064823,39.256160,45.534042,38.211586,30.935524,43.533258,43.861821,47.052972,39.471079,42.015238,41.423861,37.191121,41.880001,43.849318,47.759214,38.849219,39.559701,44.343295,43.099895,37.265268,42.064866,42.194075,39.281361,38.951069,40.159374,31.901978,39.238227,46.548608,39.323800,43.297258,40.645894,37.238068,46.756320,45.695713,36.177464,36.759557,45.581165,42.174707,39.158438,38.567260,43.052316,40.096873,39.044980,39.766373,32.969069,41.546917,51.456875,38.983521,46.813631,40.347988,42.747071,37.765110,39.285274,52.923772,36.440654,42.485555,47.326814,45.995580,46.101111,48.117527,44.527497,42.519739,52.731159,47.969255,34.940458,43.458163,49.376340,47.568608,49.758428,47.586637,40.146560,50.228773,46.490393,42.909489,41.224119,47.533465,43.370839,48.036944,46.786276,46.316254,40.858754,45.033663,44.683397,45.933913,42.344556,48.566419,43.986510,49.184560,44.052129,43.748664,44.472728,45.167818,45.393971,48.748502,39.641135,41.005111,47.609990,47.927122,46.544770,44.993870,49.622572,44.206934,49.278558,42.785969,42.569407,47.966073,43.125726,47.366263,40.135906,45.810853,40.770318,46.992222
WinMart+,35.804167,36.395053,36.041024,38.051824,35.435203,0.000000,31.523257,44.342485,33.624978,37.466150,37.202973,39.438754,35.536918,36.123666,36.917997,33.563107,44.142957,34.249219,27.782967,34.319703,40.638012,44.637201,35.439948,40.154840,40.696011,33.821572,41.464192,43.407803,45.718030,36.227149,37.591184,41.485646,42.971763,36.781792,42.250013,38.815839,37.077010,37.589900,34.104798,39.876522,41.996971,44.161159,37.232942,43.074553,37.929167,34.999873,44.664782,44.864619,36.294908,33.835049,41.699755,35.130038,36.346801,40.701056,40.136068,40.735706,34.260669,40.492244,30.705928,39.131298,48.400984,37.519446,38.488846,42.273261,38.388495,33.519462,38.934318,52.341318,40.881973,40.308052,38.952258,34.759512,45.244223,46.486978,38.586805,34.884605,52.150438,46.894987,34.649826,37.430781,42.788974,41.201983,45.447217,46.217047,37.795762,48.094197,40.091813,39.544622,41.532594,41.844846,38.542982,41.764047,41.367074,41.064586,38.325461,38.960183,33.849531,38.359437,42.409373,42.682907,39.427847,47.536565,35.534445,37.784067,39.636714,38.559373,39.100234,43.040511,40.061972,36.003168,42.603495,43.834690,40.439881,39.029280,45.050858,41.315910,44.838307,39.022604,37.592694,43.235412,43.084857,43.239078,40.321410,41.850509,40.912338,43.422913
WinMart+,21.943756,48.359895,29.059838,42.876897,46.658557,38.913756,0.000000,49.367454,42.129609,39.212197,43.326464,40.746805,41.271445,41.775240,44.194988,42.535543,48.067522,43.707265,35.021886,41.521433,49.224449,35.050094,32.454694,45.633972,38.345219,42.380100,43.778886,46.632318,48.828682,43.307092,31.501634,36.859822,32.202995,41.589504,31.010869,46.745415,43.043654,33.141428,39.502670,36.241492,49.488265,46.281000,39.551450,46.098905,33.556943,41.363614,46.733155,36.204675,42.061107,39.658848,49.137783,45.792792,31.646770,41.035975,46.730606,43.087446,38.574597,31.630106,45.115514,38.219528,50.954290,41.060066,49.609397,42.809822,45.787829,41.402300,44.337702,58.959628,44.880692,35.775676,36.574537,43.010421,47.328027,48.873415,47.618233,45.293424,57.495323,48.444386,36.006992,39.867110,51.287012,49.692809,52.071533,48.074275,35.977110,50.233792,48.763763,39.069780,43.541874,49.451434,39.614420,50.036650,48.740328,48.225561,36.486219,41.123270,36.024996,47.974563,44.415950,50.370408,40.233274,41.499650,37.409516,40.047912,46.427407,40.932239,41.410857,50.463920,42.354935,38.700140,49.268071,40.589362,42.673494,41.157163,50.898533,44.133226,43.992339,39.920884,39.294905,49.508162,44.071213,41.663089,41.147059,47.337409,41.728572,41.042485
Siêu thị Đức Thành,39.866090,44.388547,35.224705,30.575336,44.881976,39.084292,39.431083,0.000000,39.398686,43.790314,38.013461,46.197706,40.904306,26.818804,41.623224,41.763601,43.442261,41.858960,33.344238,45.721580,47.787239,49.146110,41.540077,44.994094,43.673193,40.259185,44.131569,42.085200,47.922426,41.700339,41.410404,46.325875,41.788660,39.048062,40.371612,45.140947,41.159773,40.768898,42.403028,43.951963,42.151778,48.539888,41.168120,41.596342,42.230737,39.500525,48.591695,45.228494,37.980095,38.353219,48.216132,44.410933,40.691860,40.395762,45.393290,38.466796,40.873519,38.049540,34.763809,43.053254,53.101907,40.369022,48.988430,42.011522,44.610517,39.358898,41.461722,54.585552,37.986505,43.932514,47.304556,47.458436,45.800953,48.312593,46.625578,44.209668,54.236893,49.137203,36.327166,44.505013,51.082763,49.240595,51.916648,48.972581,39.403909,50.988973,48.188651,42.374724,40.116699,49.040666,44.696424,49.682884,48.232980,47.719303,40.150894,46.129283,45.788747,47.380912,41.402483,50.099673,45.242426,49.580366,45.015500,44.902550,45.789350,46.345238,46.562848,50.229786,41.080634,41.853098,48.943807,49.021662,47.650901,46.076094,50.811841,45.095813,50.454444,43.833722,43.487224,49.222181,42.879391,48.465987,39.794212,46.893534,40.463373,47.952858
WinMart+,33.136541,38.402281,32.065785,33.901956,30.123713,31.082193,34.911635,41.290758,0.000000,39.206454,33.408915,42.808268,30.860748,32.472504,31.070066,36.267708,42.009617,35.038794,26.264292,42.820225,36.934247,47.061512,38.109691,42.855893,41.634772,34.213557,41.217895,41.713496,44.413033,37.322960,38.399640,43.850526,41.617031,35.996962,40.730434,37.252652,38.039364,37.730253,39.746548,41.721012,42.163215,46.456244,38.134345,41.468973,39.800486,35.471860,46.716946,43.893021,34.568719,35.228669,41.698147,38.652643,38.175370,37.714292,39.417743,39.331158,38.348568,39.044393,30.440842,40.845891,47.820852,31.909103,39.577953,40.138223,39.947474,36.806819,37.965135,53.921165,35.175798,41.936583,45.881739,41.442932,44.439082,45.699111,41.483782,39.989317,53.556277,48.061711,33.541610,33.941279,44.250948,42.372410,47.177054,47.653768,39.720083,47.593147,41.102979,40.599401,40.424046,42.955770,39.129057,42.991293,42.360969,41.979943,40.353887,41.678414,41.301133,39.006148,41.379026,43.935924,40.048929,47.018281,41.095249,40.140877,40.317769,41.515094,41.796203,44.301755,37.354736,38.372426,43.639396,44.756940,43.263657,41.707763,46.233088,41.509672,45.959340,39.486567,39.725176,44.271561,42.714632,44.127434,39.916779,42.592192,40.525060,44.189266
Siêu Thị T-Mart,34.964253,35.544794,34.725765,41.024387,39.951101,37.269794,28.894771,47.021623,38.089682,0.000000,38.435076,40.559640,43.724542,37.307726,39.568037,27.445856,46.263124,39.648002,32.220187,32.897729,43.603159,47.647353,34.731463,43.661114,32.867722,38.231472,45.349308,45.167431,47.336828,40.011491,37.668830,42.924543,37.779347,36.534006,43.793192,42.435406,36.890281,37.620538,37.785902,40.455643,45.225793,46.703380,37.116111,44.740059,38.039448,37.977547,47.042164,39.724918,38.151917,32.737171,44.937431,37.482331,36.101136,37.282548,43.061991,42.123709,37.039050,41.906394,33.258724,39.496892,49.571099,37.534111,40.912963,39.724074,40.280665,38.750883,41.447486,57.172591,41.856564,40.897372,39.176652,41.034084,46.328870,47.667195,44.224868,36.803462,56.232883,48.526625,32.849384,37.420411,44.397702,42.877181,48.220941,48.118763,37.829227,49.083552,41.860106,39.809258,42.704736,43.303072,37.412024,43.376389,42.790858,42.477109,38.411171,39.189139,33.330667,39.992118,43.555798,44.139529,38.097119,48.474454,35.311756,37.857581,41.023263,38.746308,39.365200,44.428050,41.304517,35.837510,43.860950,38.707545,40.888210,39.269233,46.065885,41.782157,42.544234,38.220138,37.601551,44.378995,43.546029,40.025280,40.765205,38.870046,41.347449,39.529409
Trường Trung học cơ sở Tân Định,36.549011,40.589279,32.553915,32.817643,39.001578,35.848327,37.038228,40.337538,26.828520,40.651573,0.000000,43.414146,36.886186,25.248252,21.591090,39.191678,31.544905,38.198101,31.164580,43.331044,29.998059,46.737947,39.420378,41.809129,41.291787,37.227648,41.689212,41.277396,44.053480,38.816221,39.481008,44.135687,41.285325,37.270645,40.372711,28.449052,39.234719,38.918335,40.084113,42.240985,31.230342,46.263561,39.277603,41.076575,40.581279,37.269486,46.489559,43.657041,36.218707,36.783051,33.614418,32.394949,39.130102,38.556082,30.978870,39.008493,39.016581,38.721760,36.783467,41.450246,47.637031,38.964185,37.385902,40.284846,34.845550,39.963642,37.796557,52.457046,36.438395,42.378580,45.750131,39.997653,44.238001,45.489316,35.460992,35.435048,52.283645,47.764997,38.780375,39.292995,42.310055,40.613852,40.407802,47.357053,39.553930,47.444168,39.397010,42.002855,40.170978,41.370873,37.954959,41.224829,40.891374,40.577893,40.179033,40.633390,40.264503,40.013043,41.143319,42.256274,38.907473,46.869310,40.214731,39.112878,39.098545,40.391436,40.654942,42.648311,33.695675,37.691487,42.228935,43.598334,42.148737,40.679405,44.866015,40.698654,44.644633,38.580056,38.942085,42.930095,42.635224,42.977164,39.828762,41.539544,40.445724,43.204250
Trường Tiểu học Hoàng Liệt,42.368684,45.944249,40.616191,42.944548,45.604158,40.447834,45.316780,47.650055,39.648707,42.052827,43.288256,0.000000,42.732856,42.089041,43.960567,35.694707,46.964473,40.701520,35.715701,29.114621,47.716711,41.735048,28.098639,42.934660,33.375956,39.729311,37.194050,45.994652,47.721506,40.754243,24.449444,36.378895,37.898918,36.686674,39.010175,46.018580,37.042106,29.980557,35.629341,40.398159,48.253571,41.268101,34.665257,45.590884,35.778275,39.252112,42.449572,39.711854,38.134555,35.906167,47.964754,45.370272,33.859006,37.335798,46.118190,43.108081,35.436204,36.247792,35.501936,35.898446,49.608897,37.535241,48.489522,39.512895,45.417928,38.601177,44.164848,54.020955,41.341145,37.643113,39.197698,40.731000,46.769544,47.976830,46.886306,45.018470,53.448415,46.325964,33.162124,37.408894,50.083582,40.149134,50.479434,45.352401,36.950318,49.173642,47.964837,37.808595,43.511673,40.340807,37.423427,40.541964,48.045565,39.064152,37.450706,39.017325,33.522918,47.383359,44.265090,49.383525,38.011987,43.144615,35.359082,37.766915,40.463535,38.600422,39.183228,49.486286,42.482700,36.945308,41.766839,38.560734,40.604423,39.085616,43.669759,42.568317,42.176312,38.099472,37.557749,48.790036,44.615518,39.817556,41.741835,38.745879,42.297544,39.343735
WinMart+,36.857934,38.648420,34.461494,36.569593,33.004761,32.142016,34.149974,43.913105,30.539251,41.720508,35.795350,41.119578,0.000000,34.704550,35.618347,37.330387,43.806096,31.256879,24.056084,36.553097,39.756810,45.278730,37.213637,39.510264,45.002889,31.596821,43.123169,43.068864,45.671752,34.749935,39.362832,42.494756,42.659761,31.168583,41.860137,38.286079,38.963077,39.015660,33.385213,40.808590,41.928200,44.839591,39.041468,42.729124,39.027160,33.811830,45.213369,44.753352,29.398224,35.645539,41.587953,34.264104,37.523739,33.056428,39.861055,40.295890,33.838388,40.035197,29.450126,40.064954,48.672729,28.007289,37.902034,36.653598,37.948989,33.020095,38.607854,51.927414,31.313616,41.103009,46.412531,34.599391,45.178484,46.534120,38.173421,34.193722,51.797668,47.062948,30.057459,31.343459,42.819993,41.057573,45.773170,46.490383,40.250992,48.280676,39.827842,42.695335,41.215808,41.778952,38.234927,41.682239,41.258208,40.939848,40.893545,33.524251,28.116872,37.990383,42.144941,42.696898,39.197470,47.654112,30.651536,32.076050,39.408034,32.625293,40.956465,43.089363,39.884822,32.645361,42.609248,43.918237,34.898090,33.693550,45.247355,37.701433,45.008427,38.811706,33.244741,43.294000,42.994748,43.288918,40.179411,41.811959,40.787704,43.472442
WinMart+,33.704433,36.814640,29.932763,20.938137,33.941956,33.116644,34.863945,26.063951,33.696642,37.392897,23.970235,40.199192,33.453501,0.000000,25.693773,36.582344,25.121537,34.818371,29.692197,40.534419,28.946518,43.600900,37.244867,38.350059,38.638685,34.459604,38.966558,32.512190,34.598457,35.960691,37.428426,41.480490,34.833648,35.501676,33.640854,36.620462,37.181626,36.960768,37.589275,40.245351,35.121440,43.250358,37.248654,33.180547,38.754469,35.125544,43.659069,37.836627,34.594977,35.248801,39.137833,35.385108,37.486112,36.650751,34.111902,33.701392,37.058773,33.362980,31.758018,39.553095,40.062982,37.421774,42.123740,38.348753,38.471567,42.579542,36.230450,49.068179,34.945985,40.547275,41.832356,42.812410,39.115107,39.176184,39.476513,38.606075,49.190139,45.726911,41.154990,41.298161,45.402951,43.825042,43.773706,45.102296,36.689146,41.622170,42.784306,38.758611,35.710462,44.155008,40.700094,44.301404,43.606003,43.215799,37.171425,42.617847,42.285854,42.814476,36.602432,45.007833,41.359817,41.749102,41.959712,41.319824,41.669614,42.576576,42.813819,45.266753,36.561692,39.315532,44.563388,45.364967,44.040594,42.637918,46.722926,42.257390,46.466561,40.596286,40.682246,45.062312,40.945087,44.814677,38.402294,43.435063,39.027237,44.754687
Cục Dự trữ Nhà nước khu vực Hà Nội,37.642119,42.713190,35.864497,38.120770,38.573348,35.084305,37.903701,45.522098,29.528469,42.428122,26.972623,45.341721,36.163229,27.246874,0.000000,40.421358,44.968026,37.824108,30.112899,44.947162,31.621424,48.762899,40.428552,42.150022,41.472847,36.757118,43.145332,43.963341,46.538745,29.535025,40.402254,45.683568,43.363136,37.023800,42.606928,34.174787,40.126018,39.744217,40.100927,43.276137,40.284770,48.114492,40.161062,43.562970,41.442629,30.117909,48.210288,45.352188,35.871683,37.313082,39.744595,36.774663,39.834950,38.417355,37.505519,40.938610,38.921163,40.677926,39.668710,42.359839,49.332511,39.581293,42.687100,40.311232,38.600203,43.058336,36.373491,54.785601,36.186864,43.318842,46.812182,43.380620,45.708547,47.142394,40.058561,38.798776,54.378508,48.930702,41.275373,41.440365,46.878405,44.767336,46.433090,48.706253,40.615846,48.810846,43.428782,41.586706,41.746010,45.071786,40.685348,45.381883,44.325352,43.863401,41.258343,43.049338,42.656083,43.334253,42.675281,46.205689,41.560738,48.149769,42.251386,41.513850,41.952325,43.010670,43.292797,46.502357,36.218251,39.249200,45.501548,46.280240,44.725029,43.057061,48.017981,42.571078,47.673988,40.687068,40.752638,46.043218,43.204125,45.643351,40.371381,43.967311,40.970990,45.478974
Trường Mầm Non Đại Từ,32.999278,32.534739,33.218146,38.119177,36.910554,31.970077,28.478803,42.190894,35.306078,27.424714,36.277805,32.746869,37.148303,35.501994,37.295373,0.000000,42.446281,35.963148,30.998006,27.173991,40.274670,41.982534,34.117835,39.484947,28.367791,35.426237,36.113496,42.188745,43.852036,36.945528,32.650882,39.068704,40.458899,32.625805,41.484152,39.873290,31.531279,34.268675,32.600804,38.077997,42.307780,41.682548,32.105047,42.005848,36.166424,35.895117,42.447475,42.682850,35.349011,29.056940,42.071843,35.843613,34.663187,34.688260,40.745447,40.320245,33.106646,40.111732,32.290048,28.286473,46.115690,35.104959,38.442571,37.546603,38.381609,36.939029,39.642645,50.293865,39.505092,38.728996,41.474905,39.656811,44.046898,44.855055,41.881594,35.521337,50.338236,33.036136,30.916098,35.860156,41.831035,40.603414,45.105177,44.663510,39.467052,46.210546,39.716852,41.975755,41.040252,39.265507,36.043399,41.049749,40.812886,37.996741,40.109423,37.898478,31.661537,38.353299,43.733262,41.821116,36.725600,47.373983,34.005908,36.411259,39.592291,37.290646,37.987853,42.135384,39.804741,34.710331,41.064827,37.451483,39.648183,38.003981,43.207830,40.836543,41.493953,37.111663,36.561966,42.435279,44.070108,38.921186,41.228837,37.847563,41.793674,38.515747
WinMart+,41.744514,45.998094,37.895699,35.587549,47.312432,41.053484,40.908158,39.580638,41.249035,45.253395,30.502667,47.362109,43.108819,26.244679,43.514464,43.148326,0.000000,43.806652,35.097355,46.758337,49.351728,49.965577,42.735778,46.399270,44.823238,42.035839,45.218348,35.173522,39.984716,43.285331,42.446131,47.250759,37.623251,40.170172,35.946111,46.532845,42.246853,41.844250,43.640084,44.800280,37.447639,49.351448,42.237826,35.850773,43.140907,40.888313,49.343110,41.654381,39.160821,39.385617,49.275530,45.537563,41.629249,41.497759,36.119975,35.338502,41.958174,34.886747,36.050068,43.854165,47.685097,41.219344,49.800551,42.965644,45.564570,40.317781,37.890661,54.962852,38.950938,44.695142,45.181777,48.070343,42.792213,44.243298,47.577942,45.093302,54.571378,49.611117,37.291033,45.049780,51.644240,49.889262,52.561802,49.534192,37.995449,47.362398,48.878730,40.733944,37.639529,49.630303,45.389306,50.268559,48.846182,48.305315,38.663686,46.605080,46.274924,48.028623,38.855149,50.622443,45.863775,46.553002,45.463649,45.446918,46.398443,46.864522,47.086825,50.726381,41.946891,42.329317,49.431820,49.401635,48.081072,46.564135,51.172406,45.486052,50.810071,44.351232,43.986130,49.693051,42.093243,48.897059,39.139310,47.385057,39.817042,48.323043
Cà Phê Parkland,36.981600,39.001601,34.885229,36.778081,33.829935,34.066994,34.953701,42.902715,31.881452,41.676518,36.076993,41.175673,32.251628,35.083712,35.881901,38.015076,43.079389,0.000000,26.712894,37.105672,39.561111,44.892441,37.627600,36.238234,42.809329,21.635714,42.860732,42.578442,44.875954,28.907410,39.590639,42.404203,42.308485,30.875269,41.561061,36.787660,39.250841,39.246155,32.339192,40.866128,40.646961,44.505283,39.311381,42.308708,39.215326,30.081178,44.879211,44.271763,29.447984,36.163772,40.303689,32.923069,37.807785,32.384665,38.711018,40.154034,33.001489,39.910787,26.467408,40.155391,47.713270,28.230933,35.379052,35.399370,36.208235,32.461314,37.638958,50.971381,31.049880,41.134721,45.983348,39.206901,44.723291,45.879001,36.484550,32.288000,50.937138,46.737499,30.002827,31.175764,41.684773,39.736749,44.715053,46.139223,40.169608,47.529830,38.320181,42.498150,41.038900,40.719859,37.032762,40.469283,40.212001,39.892091,40.777119,40.146130,39.743070,36.562101,41.915745,41.709314,38.152396,47.024738,39.771823,38.453022,38.317347,39.827175,40.125665,42.188289,38.951712,37.162448,41.786479,43.381368,41.801420,40.202393,44.762012,40.325398,44.514320,37.964109,38.428408,42.583726,42.877896,42.691533,40.140998,41.130083,40.731890,42.987776
Trường Mầm non Định Công (Cơ sở 3),33.127940,34.195940,31.435363,32.312698,29.873507,26.828903,31.875614,35.149356,28.546725,33.624656,32.116502,35.887496,24.130999,31.722922,32.240652,32.737202,36.571688,25.383290,0.000000,33.385496,34.418109,39.152188,34.149884,29.551424,29.735815,25.090693,36.122557,37.358680,38.648645,28.163324,35.068050,37.660657,37.998911,26.026952,37.335004,33.747690,24.181444,35.397105,25.071602,37.250598,36.409117,39.043098,34.897026,37.449775,36.017384,27.335759,39.642620,39.742672,24.576295,33.181103,36.163118,31.530817,35.018113,27.418219,35.513571,36.833168,28.036483,36.616223,25.716038,36.812849,41.397435,24.752008,30.283427,31.150039,31.788474,28.474223,35.091774,44.244313,27.216906,37.750196,42.213126,30.661806,40.459082,40.702445,31.967524,29.639485,44.696573,42.658171,26.727504,28.666547,34.861628,31.349948,39.460105,41.673806,38.039596,42.193914,33.013755,39.760246,37.913308,30.016565,28.829871,31.911339,34.920638,29.973045,38.460187,30.940806,25.783637,32.526176,38.571000,35.484421,30.072313,42.225393,28.482284,29.469169,30.014910,29.877623,30.622330,33.737421,34.935599,30.651963,36.304447,30.894727,32.168492,31.139826,38.769752,35.385856,34.224488,31.324094,31.182226,37.095774,41.256440,32.459232,38.956191,36.807580,39.511781,32.663204
Highlands Coffee,41.724734,44.326974,40.338333,42.401297,44.520578,35.505428,44.095384,46.362662,36.574638,34.785321,42.685989,25.345095,38.204096,41.680261,43.296836,30.094198,45.955657,37.180291,33.257623,0.000000,46.526380,40.953300,30.521930,39.569729,29.762216,36.667918,23.581302,45.247785,46.748429,37.727951,19.349785,36.821805,37.968284,32.457468,38.966517,45.185016,31.790215,23.542288,32.466106,40.163489,47.211746,40.644085,20.530982,44.921835,36.168726,36.789709,41.669112,39.583097,34.507582,20.659775,46.957170,44.727818,34.474930,34.057197,45.389075,42.768459,32.895812,36.429309,33.681390,36.236477,48.549021,34.379010,38.705708,36.243507,44.844778,35.932277,43.676727,50.975468,37.478536,37.763528,39.144392,38.312820,46.151571,47.176459,46.121787,44.505841,50.914545,45.474830,31.108309,35.206877,41.390010,38.025434,49.306351,44.438899,37.038421,48.303497,39.688262,37.851575,43.171373,38.035067,35.454330,38.418584,40.612989,37.079563,37.512026,36.947051,31.678859,38.564161,43.872500,41.412506,35.949608,42.795458,33.687603,35.670590,38.470253,36.373994,36.982396,39.369386,42.211557,31.651393,39.756050,36.620206,38.403859,37.058141,41.641389,37.026451,40.079336,36.401472,35.980167,37.664497,44.413684,37.928456,41.652986,37.073171,42.199971,37.654160
WinMart+,36.797357,40.859075,34.035715,34.434135,37.039312,34.614155,37.254276,40.277878,30.050676,40.917140,31.180225,43.656761,35.378004,29.597201,24.571452,39.411112,33.554771,36.838420,30.316129,43.548992,0.000000,46.938535,39.613672,41.793681,40.426175,36.097815,41.883936,41.114203,46.183523,42.576338,39.639595,44.328303,41.156958,36.599428,40.348690,32.528198,39.396236,39.080358,39.225151,42.399140,31.380107,46.453983,39.439382,40.957038,40.731237,38.695229,46.671664,43.267220,35.560984,36.932169,40.405520,36.472132,39.271902,37.871498,37.377232,39.133090,38.331832,38.872557,39.896120,41.577032,46.561014,39.087369,43.928736,45.108027,38.723606,43.682688,36.032479,52.613506,35.862397,42.520145,45.291771,44.126171,43.823304,44.831217,40.562998,38.938690,52.422334,47.878211,41.623262,41.744788,48.558041,45.969556,48.833477,47.489188,39.591384,46.594762,44.387074,41.869741,44.109726,46.144791,41.015996,46.662961,45.236800,44.638560,40.181011,43.506389,43.070970,44.097908,41.059297,47.511586,41.936734,46.176285,42.554246,41.834745,42.403280,43.512074,43.820330,47.798075,35.992907,39.306089,46.434122,47.072519,45.353654,43.497458,49.146441,42.872100,48.732533,40.886379,40.950610,46.989582,42.541900,46.376310,39.840112,44.525054,40.439607,46.072122
WinMart+,43.767631,49.987529,41.343138,44.046324,47.785840,40.626032,40.553667,50.117938,43.211140,41.503226,44.517169,41.548855,42.582995,43.015237,45.237269,39.476747,48.796757,44.652505,36.244525,41.850296,49.947104,0.000000,36.065909,46.361550,39.169025,43.311387,42.498932,47.328057,49.395452,44.143443,34.063259,32.388477,34.908967,41.748413,36.276256,47.503642,42.856576,35.890042,40.009325,36.578830,50.023502,35.357098,39.442258,46.786336,30.490845,42.174531,37.811182,36.479397,42.120000,33.961519,49.696114,46.474830,28.328150,41.266990,47.388627,43.747011,39.142685,33.632949,45.623896,32.456045,51.334882,41.281150,50.061566,42.736535,46.375022,41.524321,45.004346,51.674353,44.376643,33.846412,36.754756,48.412738,47.787851,49.324715,48.168821,45.861345,42.846408,44.576568,36.833956,40.174438,51.584721,50.060246,52.377177,39.127716,33.943802,50.598007,49.173499,33.930627,44.104518,49.801505,46.001371,50.375990,49.108814,48.600648,34.323649,41.251300,36.768736,48.368912,44.943724,50.675185,40.469852,41.462691,46.535912,40.317054,46.844835,41.097852,41.516769,50.759646,42.958928,45.454952,49.590221,40.772071,42.622218,41.289025,51.124908,51.310856,50.797633,40.147492,39.584469,49.805671,44.025657,49.055463,41.144396,47.661596,41.717245,41.165121
Trường Mầm non Hoàng Liệt (cơ sở Tứ Kỳ),37.756489,39.064833,37.068541,39.400077,40.889776,38.914939,39.629920,42.999066,39.212250,39.411957,39.625822,29.457712,40.689656,38.799857,40.383347,35.705405,43.089421,39.458779,35.729382,32.639699,43.398119,34.664741,0.000000,41.281015,34.047355,38.826039,32.788861,42.816847,44.225857,39.649737,29.292490,31.648351,35.538848,36.374533,36.627821,42.507055,36.564619,25.877198,35.630365,36.982267,44.668233,34.884696,28.616115,42.624297,32.518652,38.572545,36.653239,36.838674,37.491605,26.750036,44.414105,42.445684,31.033017,36.926937,43.035267,40.937767,35.480153,34.392687,35.511281,32.763657,46.268991,37.090268,45.248905,38.605712,42.812058,37.979051,41.605222,46.366643,39.831431,34.475560,37.001648,39.803265,44.361798,45.143335,43.906742,42.604333,46.947305,42.835793,33.606274,37.084317,47.133975,45.981568,47.001425,41.133360,35.456421,46.364306,45.243176,35.855311,41.529447,39.508717,37.124860,46.282145,45.591123,45.241627,35.851982,38.435579,33.849599,44.990201,42.212302,46.702492,37.598159,40.927419,35.363488,37.378392,39.699233,38.054931,38.550646,46.848171,40.531366,32.673600,46.188868,38.075438,39.752518,38.513367,42.475876,37.650709,41.140156,37.727314,37.282766,46.506838,43.610545,39.174846,40.964710,38.304303,41.511450,38.813893
WinMart+,44.371983,48.241436,37.256819,39.071728,47.402596,38.703618,37.010690,44.167543,35.922947,43.474003,37.937714,42.388581,39.219482,41.277920,42.457700,40.237302,44.054426,36.911733,31.065132,38.841469,42.196934,45.377520,39.103749,0.000000,43.965559,37.506324,43.919827,43.454623,49.326907,40.589311,40.957849,43.211023,43.054352,37.424837,42.419830,37.270288,40.691796,40.449442,41.075776,41.699091,43.971297,45.031996,40.709862,43.159224,40.213715,37.272672,45.310576,44.730083,36.163113,37.724975,43.369591,30.740026,38.919169,38.977469,40.177841,41.439172,39.541907,40.813612,31.201202,41.021998,48.154585,33.337916,42.975818,41.009915,40.229595,43.250825,38.269804,50.580803,36.440678,41.872809,46.582363,43.669264,45.574378,46.756153,42.581860,31.156876,50.581475,46.856845,41.157464,41.365819,48.295499,45.516946,49.874179,46.347101,40.698736,48.198612,43.817972,42.914867,45.748272,45.778173,40.455411,46.278108,44.815345,44.235109,41.288482,43.188810,42.744662,43.615821,42.915040,47.223290,41.485635,47.676570,42.271329,41.438575,41.938166,43.169398,43.486712,47.545480,37.474765,38.991997,46.163413,46.897810,45.108317,43.190234,49.034331,42.625280,48.602864,40.508139,40.617418,46.763609,43.278383,46.167301,40.550160,44.239733,41.123676,45.888920
WinMart+,39.998560,41.516864,39.134158,40.861908,39.534536,40.995887,37.497051,45.308552,38.642088,45.301805,40.057329,31.769482,42.369243,39.113743,39.640215,27.354656,45.035887,39.839131,30.986670,28.535657,42.535535,46.463356,32.994611,42.796407,0.000000,33.092576,32.062781,44.340517,46.077528,40.076451,31.559661,44.062137,43.835957,33.558755,43.288339,40.979636,27.816870,32.847561,37.730710,42.289584,43.249840,46.030806,31.283657,44.036462,40.717349,38.427930,46.265965,40.003052,30.584617,29.462108,43.030483,37.925169,39.335947,38.820792,41.689414,41.899384,36.465880,41.708296,38.890450,28.717817,48.084699,28.150653,43.188675,42.191224,40.290092,39.851683,40.514272,51.844087,32.993439,42.419780,39.526389,42.935336,45.582575,46.616626,40.426725,42.199501,51.739977,32.911524,30.887321,32.242585,43.321699,41.702427,45.813189,47.137253,38.300165,47.885250,40.695129,40.313254,42.445878,39.409253,35.902007,42.270280,41.843363,37.794009,38.803037,34.771030,28.221455,41.052196,43.183815,40.011385,37.122808,47.449997,31.207467,33.065700,37.157654,33.797337,34.641492,43.208217,40.489132,33.413749,38.968964,34.505444,36.485361,34.944429,40.660676,39.331349,38.687024,34.547502,34.152765,41.677010,43.381841,36.208912,40.740544,35.385920,41.296680,36.081960
Trường Mầm non Sao Mai,36.559510,38.259047,34.716175,36.314975,33.750393,33.920427,34.792233,41.186695,32.163397,39.953567,35.724436,40.230318,32.680141,34.896282,35.578274,37.285413,41.720995,29.173534,21.434785,36.699976,38.740753,43.661040,37.222884,33.826257,41.321615,0.000000,41.440372,41.572744,43.509860,28.975964,38.885598,41.511315,41.519808,27.850647,40.824446,37.351252,38.582004,38.682969,27.868136,40.277232,40.351562,43.375416,38.642584,41.398322,38.766025,28.059372,43.784288,43.368905,26.384671,35.921848,40.060218,32.360536,37.489205,29.303163,38.817357,39.652777,29.937200,39.418337,25.645912,39.634419,46.237065,26.044935,32.370316,32.803677,33.847566,29.992919,37.873693,49.288955,28.661617,40.580990,45.203028,31.917534,43.864938,44.759879,34.105806,30.787594,49.402414,45.877121,27.955610,29.623469,38.229191,36.750850,43.644417,45.193329,39.867310,46.323522,35.570004,42.019357,40.537216,37.932971,35.193170,37.405774,37.649691,37.453346,40.430558,38.289539,26.700003,34.520727,41.344255,38.662463,36.261488,45.974509,29.275521,36.709862,36.287744,37.840110,38.120801,39.167276,37.059675,31.339399,39.216623,41.131691,39.726439,38.379593,42.060263,38.841051,41.917176,36.446465,37.091291,40.064743,42.609471,40.502422,39.977304,39.195685,40.550709,41.076476
KFC,38.775282,40.880296,37.803357,40.375134,42.409926,40.433378,34.829200,44.738976,39.486453,43.341343,40.702221,42.694387,43.555974,39.619546,41.529096,32.481492,44.525652,40.796753,34.785633,36.870454,45.013838,50.845242,39.800399,43.557906,28.998781,39.593137,0.000000,43.926311,45.628738,40.852366,30.541980,44.786353,44.282063,33.022292,45.307152,43.788610,32.049623,33.622873,32.876367,42.240086,46.111190,49.717781,29.712978,43.648073,41.858118,39.081923,49.657431,47.573758,35.695716,26.900630,45.865221,43.505665,39.790002,34.982386,44.150821,41.606216,33.313770,37.947895,34.869489,27.133103,47.670195,35.390071,41.380617,37.857787,40.770212,37.200518,42.577352,58.871978,39.965866,42.952850,44.951503,39.895387,50.877831,46.263671,45.095587,37.727669,57.775696,32.661937,31.072023,36.050688,44.215533,39.342002,48.610742,49.825704,41.604884,49.774301,42.095514,44.676059,44.378025,39.481508,36.217384,39.817904,42.863055,38.177325,42.411902,38.134433,31.831494,40.456138,46.671984,44.014560,36.900914,51.294865,34.161310,36.620128,39.792624,37.506683,38.202953,44.274839,41.153569,34.589980,41.278199,37.654208,39.886169,38.194393,43.431999,41.302373,41.736578,37.281598,36.694127,38.682014,45.385669,39.107435,42.222685,37.988135,42.813606,38.689225
Trường Đại học Công nghệ và Quản lý Hữu ,40.568890,43.582638,37.683600,36.173093,43.697786,40.045121,48.176673,38.279593,40.240660,43.279940,39.771677,45.165741,41.382495,31.159114,41.803549,41.854223,35.084152,41.989735,35.485418,44.913568,45.760371,47.509126,41.759832,44.133382,43.271170,40.856312,43.557419,0.000000,32.015105,41.854396,41.502976,45.434305,32.526794,39.624158,30.630496,44.254854,41.330789,41.015604,42.329870,42.010453,41.070087,47.043433,41.328722,19.363812,42.270793,40.136963,47.166212,37.041278,38.831574,39.012298,46.467268,43.866740,41.001921,40.763793,39.407515,29.010643,41.135906,31.112048,36.172582,42.827034,38.374375,40.630732,47.215241,42.017490,44.104546,39.783320,39.872244,51.781988,38.616947,43.655100,42.066475,46.397502,37.768424,37.247698,45.545519,43.782945,51.685618,47.993139,37.204983,44.135206,49.094528,47.707812,49.333640,47.772527,36.214488,41.899410,46.864459,38.594770,33.060705,47.656957,44.277795,48.042067,47.075955,46.646660,36.748565,45.426024,45.140215,46.388039,34.291550,48.436999,44.678650,42.043582,44.530059,44.383389,45.089877,45.588922,45.793247,48.573983,41.285879,41.785270,47.663646,47.875612,46.714324,45.409513,49.285958,44.602029,49.002184,43.487770,43.258941,47.957123,40.909547,47.423122,38.088457,46.132054,38.782911,47.067018
Không có tên,43.557517,47.181998,40.660896,40.172691,48.608963,42.983234,53.305731,44.845621,43.061084,46.418652,43.686615,48.121923,44.972560,34.255029,45.142807,44.457979,42.731661,45.412852,37.285368,47.511509,43.315553,50.259210,43.916198,48.204500,45.830310,43.724725,46.156515,33.008909,0.000000,44.704949,43.538402,49.856044,38.256319,41.456691,36.266376,45.746898,43.386099,42.992380,44.782915,45.146731,45.272216,49.747310,43.360063,34.294764,45.599074,44.750980,49.713202,42.860018,40.540476,40.616196,47.514842,42.215514,44.113513,42.685533,42.087574,34.521102,43.093516,34.946936,44.475525,44.663987,48.751971,42.172093,49.359715,43.927054,44.241802,47.141431,42.742922,54.671085,40.181417,45.980531,40.185238,47.716921,42.774374,44.451355,46.132812,43.883052,54.348728,49.842836,45.090820,44.725735,51.352920,49.546106,51.124033,49.811343,38.202926,47.970201,48.491805,41.171439,37.187458,49.313635,44.979725,49.942084,48.504935,47.970790,38.922752,46.293839,45.956102,47.661504,38.507472,50.331093,45.494918,46.961263,45.171629,45.102923,46.029071,46.538239,46.769831,50.443928,40.895426,42.030005,49.149692,49.162493,47.806822,46.264780,50.968355,45.229136,50.596908,44.016903,43.680886,49.429502,42.076209,48.650642,39.061458,47.102881,39.747896,48.093409
WinMart+,31.915814,34.417123,36.261168,37.860246,30.342904,36.805253,36.147681,42.385853,34.632473,41.509770,39.948476,41.195077,36.710943,42.291461,43.634937,38.851802,42.637429,31.304050,30.245665,37.899682,43.687182,44.218063,38.248961,40.557358,42.385079,27.998791,42.422722,42.329810,48.837922,0.000000,39.887297,42.207560,42.146499,29.616325,41.511921,40.352079,39.628330,39.564600,30.416307,40.912720,44.782928,43.923671,39.671608,42.120702,39.488315,26.756843,44.271738,43.830432,28.305363,36.973724,44.328357,34.724230,38.263527,30.989222,41.772255,40.305493,31.553701,40.088405,23.231214,40.281245,46.550945,27.452803,37.147451,43.029574,37.566770,41.102528,39.855680,49.346693,30.016505,41.146895,45.456286,41.303027,44.248491,45.152138,37.946311,31.917603,49.442653,46.103960,39.223823,39.814418,46.029685,42.798604,49.082806,45.489991,40.259306,46.585503,40.704539,42.362840,41.068384,43.599112,38.113188,43.796905,42.672238,42.093348,40.813790,41.665137,41.168804,37.711114,41.832053,45.192426,39.434969,46.227903,40.929678,39.646344,39.763317,41.445044,41.805147,45.678839,40.388202,37.698834,44.453735,45.708225,43.737980,41.690753,47.912264,41.456132,47.472393,38.880425,39.272794,45.269561,42.793454,44.882053,40.187258,42.839583,40.752000,44.820960
Không có tên,37.139212,38.082009,36.626666,38.790822,40.027116,37.512161,34.063128,41.993582,37.886029,37.623948,39.023729,38.182999,40.113935,38.228068,39.763644,32.202008,42.221699,38.684061,34.237349,19.308045,42.414558,45.343438,29.406446,41.054100,29.831485,37.975828,31.806850,42.047956,43.393712,39.034682,0.000000,41.595870,42.238589,32.655713,43.159379,41.762320,31.978510,27.487784,32.631617,40.379246,43.772140,44.867622,21.232455,41.900167,39.962551,37.855306,25.483773,44.591817,34.712662,20.974041,43.569559,41.818465,38.372475,34.242613,42.307331,40.458031,33.034548,37.156094,34.459917,24.360456,45.322667,34.589454,39.840919,36.518398,39.561153,36.203945,41.157691,52.283836,37.875520,41.004925,43.020895,38.616118,48.425671,44.324350,43.216942,37.004939,52.125633,31.409419,31.201082,35.397557,42.475764,38.288897,46.080098,46.565539,40.604147,47.357026,40.694702,43.188251,42.977598,38.315521,35.607866,38.710800,41.523307,37.324090,41.272059,37.207494,31.820190,39.411617,44.906223,42.427954,36.177876,48.590484,34.991376,35.903962,38.756434,36.636342,37.253732,42.681817,40.161202,33.562879,40.065101,36.867011,38.708377,37.323228,41.991984,39.810669,40.407618,36.632144,36.153311,37.906284,44.618682,38.192649,41.725240,37.290809,42.290079,37.906684
WinMart+,41.461190,44.516914,34.961350,42.295691,44.688176,39.382751,41.971956,46.738857,41.780157,39.700158,42.628752,43.791501,41.102183,41.531737,43.307064,38.420737,46.227116,43.035433,36.039594,43.626440,46.884440,31.207246,35.750146,44.623887,40.652142,42.041450,40.898730,45.425815,47.053452,42.796490,36.539471,0.000000,35.868051,42.904499,37.131544,45.361151,43.978653,35.641569,41.200770,37.799641,47.561116,27.279240,38.666672,45.067155,25.243028,41.261362,30.531752,37.490314,43.107065,30.661721,47.286892,44.835082,23.366681,42.304986,45.548946,42.747940,40.266190,34.481477,44.512562,44.088109,48.958599,42.274962,47.869444,43.548921,44.943154,42.359225,43.702452,41.004993,45.028308,30.136811,37.508436,46.947805,47.536416,47.458542,46.331003,44.577333,40.245696,39.756042,38.060515,41.046677,49.497683,48.215169,49.788478,36.634234,32.828574,48.654159,47.440833,32.426707,43.175232,48.129650,44.916681,48.514045,47.575142,47.153734,33.165817,41.946048,37.878590,46.930533,43.971337,48.865602,41.254546,41.896002,44.058842,41.126040,45.665982,41.864046,42.223200,48.976405,42.150873,42.968281,48.083602,41.486163,43.215394,41.978174,49.575711,48.602704,49.308975,45.422385,44.061518,48.342760,44.147116,47.808692,41.299979,46.578804,41.864221,46.214891
MM Mega Market Hoàng Mai,50.430455,55.391537,42.181769,35.358556,52.504000,47.309486,53.512839,36.342284,48.044709,49.206341,37.911895,53.525130,39.220318,32.055391,49.853435,50.193826,34.455462,39.767415,35.151669,51.745698,53.421329,49.075542,45.688444,41.530680,45.961996,39.110422,50.840691,31.943257,35.650022,39.918327,42.641855,48.624785,0.000000,48.345313,19.772453,41.348953,50.087016,44.140764,45.854499,42.248069,40.842150,53.208452,46.809866,32.712545,43.437598,38.825120,52.863145,28.655474,47.924718,45.859464,42.601035,39.814937,41.665007,46.903183,39.518236,33.424241,44.299137,23.437821,35.761956,45.708714,40.064591,46.732151,44.164777,47.911070,41.448098,46.220906,39.877430,59.359992,49.699181,44.092689,33.959714,46.958190,39.073821,39.126123,42.362683,41.336410,58.455394,51.780508,46.583049,44.515026,46.130922,45.038220,45.218979,52.199565,34.433077,41.711704,44.325187,37.431337,35.555225,45.186643,45.196368,45.347862,44.769272,44.445281,35.037865,46.408776,44.307085,44.185484,38.157851,45.795088,45.802960,42.264020,41.766943,45.757188,43.217962,46.642840,46.908393,45.958608,39.505044,42.450169,45.394177,45.779682,47.776543,46.377457,46.948001,47.013636,50.860578,46.679660,43.985631,45.739288,41.182075,48.564851,38.516993,47.014635,39.159407,47.480951
Trường Tiểu học Đại Kim,36.366890,36.926922,36.032478,36.919339,35.464338,38.877416,33.679396,39.798988,34.633896,36.066224,36.509775,36.999080,30.976980,35.906108,44.989975,32.024021,40.350285,33.885649,26.528244,33.956640,38.458376,43.333991,36.843189,35.650667,33.483443,28.277626,32.783435,40.438221,41.704662,30.222644,32.031574,40.351026,41.306470,0.000000,42.166297,43.635108,20.135714,33.218748,27.051713,39.429929,45.558469,43.039869,29.066063,40.377335,39.161018,29.399295,43.518324,43.285770,23.571892,31.363222,45.355613,39.817329,37.770959,31.755546,43.938353,39.248216,30.226079,36.797990,37.177145,39.136035,43.764813,27.740906,41.610446,38.001481,41.105255,36.841717,42.547284,49.604492,28.859297,40.142203,42.114619,40.949164,47.214864,42.922664,41.241327,40.920303,49.700480,34.021949,27.619145,30.103758,41.778317,39.995897,47.725628,45.102661,40.097298,44.147761,39.047958,42.435468,39.985768,37.330485,34.050017,40.631776,40.520697,35.973576,40.712638,33.056373,26.030257,39.694819,44.025375,38.520900,35.458723,47.274839,29.544864,31.142414,35.467878,31.804430,32.778370,41.856229,39.367004,33.522258,37.539454,32.877105,34.813486,33.281018,39.448008,39.776286,37.309882,33.153422,32.839217,40.533575,44.188426,34.788379,41.451641,34.080790,41.999077,34.809267
Không có tên,30.049719,52.124015,28.733736,35.604171,40.991088,38.793556,49.985143,36.743085,38.981876,47.400426,38.296959,50.404737,39.657333,32.056202,40.078853,48.405228,34.710545,40.205017,35.283086,49.346420,42.918713,47.070637,44.395662,42.028964,44.944584,39.479127,48.960267,31.935751,36.148119,40.313173,41.901812,46.846283,20.895761,47.025144,0.000000,41.865305,48.403289,43.192803,40.902262,41.442188,41.358977,50.760503,45.689185,32.783428,42.657849,39.116188,50.649352,22.870151,46.794063,44.980851,43.152285,40.167106,41.111099,45.911709,39.905588,33.512602,40.089589,22.822301,35.896829,44.735523,40.903442,45.784473,44.741892,46.868216,41.835610,45.421394,40.280544,56.292312,48.390341,43.304661,34.378185,44.625923,29.897277,39.718504,42.836528,41.697499,55.769651,50.417636,45.817689,43.931530,46.717417,45.564099,45.857122,50.566129,34.628927,42.451911,44.824806,37.297744,35.748086,45.677979,42.868481,45.881998,45.226282,44.884351,35.172879,45.714040,43.750339,44.625106,36.718585,46.320683,43.279715,42.474668,41.434883,45.088096,43.587464,45.895972,46.152785,46.484157,39.753998,42.109604,45.850554,46.305156,46.978173,45.699830,47.430407,46.396940,47.216098,46.036838,43.558594,46.187451,41.141019,45.887204,38.493144,44.751330,39.135592,46.803673
Không có tên,42.393830,47.100045,40.108003,42.645364,45.602848,40.246377,41.396540,49.741882,37.710279,46.164298,31.849299,48.311177,42.331659,37.764620,37.207896,43.788077,48.313788,43.162269,34.225709,47.544552,32.575594,50.918079,43.254516,41.838312,44.465461,41.367548,45.909018,46.692374,47.637206,42.764671,42.885711,47.995170,43.572410,39.693454,42.885642,0.000000,42.690551,42.253984,43.224654,45.292820,39.501002,50.230832,42.673199,46.135922,43.555597,38.093640,50.153358,45.386171,38.644590,39.658051,38.437912,34.307298,41.974497,43.456414,35.178566,39.680882,43.012846,41.053785,39.642651,44.280836,46.786260,42.351965,44.669813,45.531576,37.575870,43.962986,34.377117,56.013718,41.479812,45.144638,45.657330,44.503198,44.301826,45.387945,39.492757,38.007648,55.517011,50.143815,41.613098,41.743191,50.039413,46.826086,49.932094,50.156688,40.824827,47.090711,44.930252,43.168077,44.709956,46.888878,40.928842,47.630855,45.773987,45.069185,41.448499,43.690116,43.212816,44.452811,41.511870,48.531911,41.976990,46.620323,42.636294,41.864769,42.494888,43.724773,44.059911,48.818336,34.985734,39.164028,47.090392,47.632690,45.730952,43.676520,50.045461,42.963061,49.543929,40.821962,40.898101,47.664867,42.725624,46.868925,39.997710,44.810203,40.588546,46.442320
Cà Phê 3k,37.476473,38.199287,37.022027,38.760691,39.687981,37.824915,35.165213,41.254110,38.029698,37.974210,38.941390,38.562913,39.703307,38.295614,39.527437,34.472248,41.557168,38.662533,27.970562,36.250391,41.663412,43.768289,38.033490,40.530038,32.144774,29.172056,35.919119,41.489443,42.590038,30.395993,34.391270,41.063367,41.740774,24.729824,42.531139,41.210854,0.000000,34.990343,29.118851,40.055371,42.899552,43.482516,31.940413,41.385073,39.838586,38.381968,43.882789,43.598258,32.086414,33.552193,42.731412,40.416395,38.535421,30.799565,41.722508,40.221210,30.451669,37.449504,35.204583,39.794811,44.277178,32.449465,38.318098,33.743971,41.495923,33.940971,40.766305,49.298919,38.612939,40.698089,42.453279,37.309652,47.188567,43.513291,41.605742,41.371627,49.412198,34.820854,35.498780,34.577672,42.115743,37.101972,44.875846,45.250125,40.453242,46.215452,39.975978,42.685973,42.531351,38.806397,34.996792,37.600413,41.050193,37.370684,41.042366,37.216997,29.603848,40.380694,44.190209,42.478270,35.761697,47.239811,32.746340,35.359368,39.286814,36.368901,37.266234,42.323408,42.008016,35.692911,41.036721,36.729323,39.315467,37.351975,43.543077,42.724844,41.551135,36.442307,35.853413,38.100562,44.275016,38.512616,41.590376,37.312024,42.120433,38.097874
Không có tên,37.545133,38.515147,36.995659,39.056025,40.255579,36.647878,39.015182,42.124760,37.246669,36.441894,39.280034,31.228954,38.795232,38.503813,39.964998,32.696205,42.356020,37.835736,34.200346,34.268941,42.549148,35.000349,27.371305,39.873449,30.690242,37.320379,32.785390,42.166618,43.475142,38.239974,27.460636,32.513117,35.640781,32.942597,36.622301,41.905280,32.491901,0.000000,32.862509,36.909471,43.845898,35.202539,26.820380,42.018708,33.043360,37.330232,23.622171,36.820787,34.570803,24.733754,43.638040,41.936171,31.722810,34.196139,42.416963,40.585535,33.170559,34.555560,34.396091,22.673483,45.345192,34.481942,44.485500,36.080481,42.311985,35.854307,41.246464,44.576440,37.098691,34.710916,36.952631,37.998853,43.747018,44.372664,43.290406,42.187544,45.290214,24.334194,31.553903,35.211256,46.321612,37.782885,46.050163,40.514046,35.569656,45.519454,44.615921,35.984779,41.183747,37.767185,35.421784,38.141784,45.002231,36.939761,35.967771,36.803898,32.037130,44.454267,43.824303,45.996139,35.904115,46.934618,34.025769,35.649127,38.204531,36.276650,36.826587,46.152971,40.278008,32.751990,39.389988,36.515459,38.120866,36.912241,41.141326,38.285048,39.670883,36.341220,35.947942,37.512941,44.091272,37.733966,41.398013,36.963457,41.936751,37.501810
WinMart+,38.962469,40.558349,37.603852,39.220998,37.612900,38.987319,37.354851,43.514911,36.590169,42.875360,38.520002,35.442839,32.269733,37.651758,38.188584,32.804322,43.562976,36.258301,25.267548,33.112823,41.045771,40.795471,35.677744,38.079030,36.451154,27.894309,32.112952,43.104248,44.814800,30.803430,31.743177,38.629217,42.799401,27.614409,42.225590,40.948700,23.646582,32.734998,0.000000,41.574401,43.315087,40.666280,29.551683,42.869272,37.916936,29.562995,41.214152,44.352578,23.883684,31.266247,43.075463,32.960956,36.778907,31.615138,41.694956,40.966985,34.655498,40.767245,28.652700,37.925052,47.003711,24.603396,37.508109,39.372340,34.326721,32.655117,40.450280,46.201778,29.316917,38.828383,40.722520,35.406092,44.719059,45.631414,34.558543,38.598621,46.541522,33.568404,27.913077,30.362806,38.846986,35.484194,45.955915,43.032588,39.252480,46.969258,35.970019,41.240361,41.625771,33.375325,30.738033,36.338982,38.094506,32.662138,39.771982,33.338980,26.168396,37.225179,42.363461,36.658914,32.494240,46.603113,29.716605,31.391666,32.461062,32.096842,33.070679,38.465889,37.383700,32.303660,37.899299,33.134223,35.139096,33.555622,37.273331,38.521321,33.488474,33.375763,33.045248,37.784365,43.012455,35.062444,40.414844,37.288154,40.970930,35.056959
WinMart+,47.656573,51.409791,39.888432,37.719631,49.738444,45.124903,48.854521,38.860460,46.172703,46.460136,47.377259,49.462204,46.029941,35.061593,47.730720,47.611907,37.734308,47.107904,40.488165,48.447267,50.924502,45.957891,43.222142,48.157457,44.091128,45.969239,48.208829,36.240396,39.187317,46.507057,40.763323,45.811567,28.263779,46.266077,31.568480,49.122888,47.643556,42.096754,44.199925,0.000000,50.822720,50.051514,44.878111,36.464152,41.622757,44.738903,49.983554,29.223259,46.094284,44.238699,50.579585,48.166441,40.032306,45.203562,48.883696,35.959719,42.929683,24.193149,47.107302,43.889421,41.888518,45.093659,50.752723,46.237657,47.938081,44.799844,40.932852,56.065602,47.793368,42.381561,33.255934,45.658185,43.223725,40.905582,49.365911,47.430629,55.525374,49.976315,45.256466,43.318933,51.827996,50.667382,52.420894,50.046062,34.079516,41.016243,49.987252,37.042370,36.075406,50.426081,44.042587,50.894602,49.873275,49.449032,34.658127,45.204111,43.163394,49.289161,37.826964,51.107590,44.606857,41.898272,40.831461,44.526598,45.995377,45.351466,45.634194,51.157235,44.956355,41.575142,50.195744,44.635607,46.493639,45.189912,50.294046,45.981774,49.507785,45.578628,43.049315,50.361047,41.076554,47.342151,38.411544,45.930679,39.062602,46.379720
WinMart+,41.656360,45.238209,37.115430,37.724707,43.669578,39.920436,40.986412,42.632343,37.941243,44.724164,31.241234,46.657773,41.457073,35.051583,37.715271,42.938345,37.200890,42.164981,34.874886,46.203168,32.232548,49.063764,42.625846,43.435863,43.562391,40.858972,44.770832,41.467100,45.186929,43.718303,42.329817,46.678943,42.143645,39.547644,41.396007,36.626339,42.152120,41.793850,42.521038,44.532276,0.000000,48.548807,42.151801,38.781310,43.012342,39.891319,48.592885,44.086884,38.649129,39.546994,34.916202,32.071000,41.622559,43.912050,30.283865,38.364922,43.572812,39.798541,40.759023,43.654309,45.087252,42.828774,45.465586,45.790913,36.129695,44.437778,26.264753,53.652612,42.041226,44.461874,44.679162,44.942982,43.045752,43.905899,37.654702,36.799906,53.399330,49.070229,42.282441,42.286899,49.538743,46.961012,48.251377,48.925577,40.098708,45.712380,45.413112,42.359195,43.679271,46.988855,41.774858,47.608242,38.713466,45.412845,40.695875,44.058950,43.634554,34.986283,40.377026,48.352276,42.626357,45.389122,43.032597,42.443635,43.125737,44.128933,44.429448,48.594593,34.042492,39.728119,47.136658,47.600276,45.898998,44.045949,49.725102,43.297525,49.293006,41.427080,41.414048,47.632493,42.267171,46.923722,39.609149,45.066413,40.208546,46.523061
Trường Tiểu học Chu Văn An,46.282529,50.877471,43.973115,45.904977,49.018383,43.479254,49.607194,50.674298,45.033344,44.776368,46.310640,45.318979,44.736980,44.991003,46.788064,42.765204,49.597443,46.165898,38.757631,44.907591,50.553291,41.694898,40.278943,47.469793,41.662323,44.940380,44.822042,48.250892,49.994129,45.593340,26.566610,30.961907,40.500377,43.843149,41.464136,48.518461,44.980719,25.904212,42.078242,43.705340,50.526534,0.000000,30.741693,47.745045,27.686345,43.729833,29.568087,42.582394,43.920561,30.793905,50.250294,47.520709,26.096677,43.137236,48.282025,44.913695,41.067786,38.493881,46.525363,27.413708,51.548616,43.089059,50.503607,44.305060,47.316757,43.066878,46.154878,27.623012,45.773459,30.960370,41.454340,48.974678,48.412395,49.793745,48.916357,46.830195,48.626454,42.582068,38.860562,41.730723,51.766079,50.456132,52.421160,40.036738,34.276816,50.870134,49.696994,34.377756,45.110420,50.215051,46.802189,50.719305,49.601020,49.141421,34.705327,42.550539,38.615667,48.956003,45.864751,50.968645,41.896627,44.987097,45.710068,41.775095,47.564498,42.506292,42.858272,51.036848,44.125057,44.577651,49.995831,42.093517,43.799732,42.578888,51.343196,50.618961,51.040579,41.408743,45.502450,50.180292,45.374072,49.480007,42.429574,48.223415,42.976815,42.298738
AEON MaxValu Linh Đàm,35.651485,36.083218,35.412059,37.542691,38.436692,35.409649,32.670266,40.376302,36.526101,34.648948,37.733284,35.608392,38.087623,37.052903,38.476221,30.111998,40.835617,37.124375,33.210133,31.862412,40.907169,42.968861,29.066022,39.496142,27.636823,36.616735,27.726467,40.863901,42.102871,37.666638,20.771435,39.786182,40.976197,29.046699,41.896878,40.489278,26.441254,27.345512,29.952382,39.099699,42.456248,42.665698,0.000000,40.776877,38.630849,36.757089,29.573626,43.042095,31.426020,24.925054,42.261477,40.720267,37.188637,31.729068,41.148967,39.595601,30.955415,36.328621,35.378184,28.295591,44.059854,31.719419,38.682250,34.351854,38.602541,34.391677,40.149159,49.828437,34.865504,39.716264,41.853757,37.213677,47.223326,43.217876,42.083183,38.191579,49.906477,32.127368,29.321477,33.482729,38.267908,37.049823,44.753849,44.980721,39.844950,46.137243,36.562650,42.242812,42.088216,36.582208,33.919334,37.478397,37.861410,35.755130,40.460050,35.550872,29.880796,37.304899,43.894789,36.409520,34.458732,47.283247,36.000427,34.117697,37.263528,34.788674,35.494691,38.599198,37.403179,34.389974,38.657650,35.279421,37.067444,35.702062,40.704455,41.682875,38.964854,35.226659,37.312680,36.606734,44.136020,36.758384,41.355810,35.965099,41.911928,36.587151
WinMart+,41.656894,44.607550,39.034208,38.089799,45.057771,41.160804,48.918414,40.733268,41.306851,44.220626,41.246214,45.967227,42.603448,33.359961,42.910664,42.729561,38.441488,43.108483,36.499634,45.637713,46.800902,48.167549,42.551853,45.050289,44.050486,41.890212,44.319997,20.949194,36.463318,42.809499,42.202854,46.109677,34.739057,40.353133,33.085888,40.573857,42.050375,41.727143,43.136633,42.738044,39.885185,47.668102,42.039375,0.000000,42.905389,40.997352,47.756073,38.737220,39.581495,39.690992,47.244977,44.630655,41.644618,41.485871,38.439398,27.048188,41.848571,32.883295,36.965306,43.405855,35.654017,41.204187,44.017765,42.668354,44.764580,40.439548,38.910295,52.218396,39.270505,44.227421,41.605606,44.074615,36.647732,35.441089,46.229106,44.398142,52.086184,48.381244,37.840103,42.445361,46.311678,45.046772,49.925842,48.231990,36.903173,40.934407,44.220973,39.321965,31.870211,45.203573,42.214075,45.398065,44.726248,44.366745,37.461596,43.613160,43.336500,44.073273,33.144214,45.905334,42.693947,41.303865,42.934417,42.545666,43.001069,43.655528,43.859881,46.085602,41.877091,40.459681,45.435169,45.975656,44.849454,43.632029,47.169147,43.118676,46.937355,41.823609,41.776760,45.815087,40.742300,45.523603,37.903978,44.328381,38.615714,45.383793
WinMart+,40.071439,41.777016,33.756218,41.041774,42.618700,38.608978,37.940191,44.331179,40.719350,38.700980,41.273109,38.436298,40.067484,40.466110,41.862892,37.821328,44.252897,41.773925,35.990863,39.025121,44.614349,30.621545,35.760116,43.186158,37.981010,41.039732,39.808452,43.857659,45.137267,41.698265,34.391243,26.652993,34.802381,39.728201,35.864903,43.653270,40.229768,35.631050,38.717818,35.933044,45.547247,21.534687,38.150256,43.638610,0.000000,40.491870,32.094767,35.935980,40.220675,31.539381,45.307023,43.446344,19.411905,39.671113,44.011663,41.896986,38.223556,33.805778,43.478849,39.723434,46.905914,39.710514,45.974287,40.809796,43.674378,40.063566,42.572240,34.376776,41.831712,25.501529,36.292960,45.572187,45.042488,45.841376,44.740215,43.421220,33.274131,36.423208,36.478261,39.149492,47.600057,46.535263,47.561705,31.679594,31.120804,46.931440,45.865141,30.193293,42.356528,46.570593,43.889016,46.807053,46.128922,45.794242,31.354230,40.073757,36.425650,45.571278,42.205738,47.175177,39.443152,40.174296,42.106015,39.288960,44.541108,39.887734,40.246328,47.294208,41.402519,41.042166,46.644336,39.726150,41.168245,40.122349,48.048015,46.358994,47.833281,39.292630,42.340991,46.928905,43.232053,46.568267,40.688172,45.495749,41.226174,40.162221
WinMart+,41.897463,44.689268,35.426782,36.627605,43.419389,35.348729,41.289973,39.869094,39.115687,38.976392,36.513038,45.953458,34.995359,39.439544,39.287861,37.309238,40.477404,31.474480,27.776617,36.872155,38.670568,48.030280,42.652418,39.057224,40.085985,29.051463,40.200403,40.572654,45.720702,28.734609,38.499672,46.080113,43.290887,29.908746,42.769083,35.544818,38.276511,38.403895,30.648246,44.307130,40.269613,47.636779,38.328398,40.493630,42.987379,0.000000,47.724348,44.704021,28.806833,36.222451,39.832722,30.776759,41.762516,31.081703,38.085410,40.285797,23.358750,41.345854,20.257957,43.545846,45.548116,27.927455,29.411038,40.010456,33.080793,37.867567,36.985610,52.035420,30.192669,44.263149,45.053830,37.651490,43.880833,44.636745,33.507714,28.630525,51.930060,48.390137,36.717753,37.749403,40.536220,37.896029,45.029105,48.170772,41.037586,45.948199,35.942339,43.032152,44.271246,39.520797,35.251670,38.965087,38.961593,38.614909,41.582431,39.332665,38.853774,34.261286,41.690016,40.785251,36.729762,45.677194,39.030986,37.271247,36.815514,38.852381,39.212162,41.462715,37.796073,36.252759,41.087839,43.165939,41.274656,39.418840,44.831456,39.739361,44.530775,36.852577,37.580929,42.128454,42.685586,42.331241,40.183889,40.506172,40.731194,42.730085
Trường Mầm Non Hoạ Mi,45.986231,49.843794,43.935320,45.709537,48.457568,43.474677,48.884816,49.992431,44.916364,44.624218,46.072256,45.092000,44.628635,44.877438,46.523265,42.813425,49.107399,45.971065,39.026361,44.759053,49.941804,42.042006,26.681565,47.196585,28.810589,44.841645,28.654118,47.928816,49.538860,45.451103,25.731721,33.011723,40.682212,32.534778,41.585094,48.141569,29.715735,24.565841,32.545678,43.687385,50.019607,29.869904,30.131859,47.475313,29.623467,43.709561,0.000000,42.642239,31.853872,29.993007,49.760406,47.265869,28.059772,33.572487,47.968273,44.835120,32.848714,38.762841,46.376422,25.112684,51.034992,31.980372,50.048241,35.037089,47.107128,34.947989,45.994505,47.182603,33.713658,32.332573,41.566848,48.701658,48.159980,49.437074,48.583191,46.644837,47.815841,26.412362,31.555365,36.110430,51.293544,50.070538,51.835749,40.426852,34.701673,50.461260,49.354748,34.921485,45.031701,49.864255,46.653438,50.324825,49.293889,48.868656,35.120036,44.009710,43.715862,48.692321,45.751241,50.574198,33.799338,44.908338,39.196444,33.536789,47.369840,33.989989,34.495438,50.651078,44.089452,37.850907,49.688257,34.410390,42.920603,34.693378,50.992101,44.271409,50.715416,34.443768,39.908685,49.881607,45.329938,49.233370,42.455025,48.037846,42.984885,35.481560
WinMart+,52.493811,58.797093,43.565013,39.839862,54.649057,48.825440,57.607962,41.754291,49.339091,51.243558,51.144451,56.974261,49.508341,36.586087,51.391460,52.133689,40.646170,43.193665,42.437375,54.363408,55.376473,51.420999,47.338330,44.661732,47.198452,42.271218,52.833299,38.968305,43.367579,42.966968,43.770984,50.676349,28.847220,49.810956,33.919459,52.698426,51.909999,45.439950,46.930303,43.560601,44.354507,55.768380,48.119801,38.983029,44.542535,41.502504,55.154253,0.000000,49.194736,46.920576,54.192248,51.096442,42.587720,48.044779,42.646156,37.532687,45.143004,20.898825,49.229895,46.905639,45.964109,47.829402,54.017682,49.061672,50.540994,47.139720,42.930686,62.207544,51.067237,45.147402,34.690148,47.827032,44.713022,43.992270,52.366716,49.831454,60.919301,53.126077,47.464666,45.264572,54.793922,53.450957,55.941275,53.812219,34.843429,42.497022,52.708678,38.172972,36.929384,52.993325,45.931335,53.676564,52.303688,51.789174,35.520089,47.196945,45.008945,51.667288,38.847138,53.795122,46.587677,43.649426,42.286034,46.539537,47.941713,47.504304,47.753843,53.792852,46.833846,42.955161,52.536607,46.510613,48.638469,47.153560,52.539208,47.693337,51.837793,47.412533,44.563468,52.626415,41.508422,49.413148,38.729604,47.741783,39.389589,48.214547
WinMart+,34.792636,34.900290,35.049035,36.068358,34.498032,37.558838,32.579730,38.798116,33.638657,33.668444,35.686244,34.620498,29.523891,35.178368,44.471844,30.360307,39.489213,32.654769,25.262417,32.237309,44.588951,40.100914,35.036495,34.620218,31.069891,26.877101,31.011862,39.741027,40.918578,29.067232,30.910664,38.011187,39.965258,25.479802,39.426047,43.032720,29.572287,32.021926,23.970420,37.714402,45.088310,39.967571,28.739232,39.712109,37.410696,28.458372,40.550627,40.896257,0.000000,30.534323,44.832409,39.158673,36.298449,27.301744,43.479294,38.713385,28.423465,38.531047,36.205269,41.388581,43.088480,23.209770,40.719591,35.200810,40.490089,34.955078,42.034414,45.472416,29.126459,38.345918,40.291593,39.815959,41.915506,42.315175,40.607392,40.222463,45.854067,38.832362,25.517518,30.555329,40.920334,39.011590,47.313694,42.503489,38.933182,43.555736,38.091177,40.821400,39.499378,36.091334,31.747012,39.696862,39.781431,34.892561,39.404289,34.204369,25.272797,38.928953,40.105535,37.658945,32.419245,43.492113,29.706411,31.828737,36.829953,32.749074,33.955516,41.089833,38.774002,33.424609,38.878770,33.879197,36.485995,34.438952,41.795044,41.056446,39.357056,34.024804,33.586350,35.982076,41.863397,36.116006,39.579609,35.096214,40.109321,35.962385
Trường Tiểu học Chu Văn An,34.648128,34.747906,34.582787,36.505140,37.051522,34.113033,32.086133,38.798829,35.483971,33.162174,36.622744,34.102329,36.458416,36.094127,37.306401,29.816920,39.397546,35.889570,32.694096,31.129266,39.362215,40.531863,27.977199,38.021047,29.634353,35.579875,28.150747,39.608087,40.647687,36.512345,21.645742,31.449647,39.650493,31.190456,40.501367,39.170655,29.585676,26.152975,31.496422,37.895309,40.972542,30.402356,27.103419,39.589745,29.746853,35.871478,29.169317,41.298352,32.854841,0.000000,40.775182,39.558362,28.817331,33.027164,39.909423,38.721598,32.105865,35.663602,35.815811,27.619283,42.541900,32.945911,37.597395,35.221945,37.701961,35.088603,39.097558,37.860170,35.715986,31.353066,40.561883,37.535092,45.600438,41.899674,40.800063,38.382407,39.052205,29.686663,30.479922,34.176733,38.458546,37.354501,43.098868,36.060277,39.047757,44.540218,36.884737,33.553086,41.047629,36.948148,34.512800,37.738308,38.081272,36.147106,39.583743,35.975832,30.823184,37.558374,42.653650,36.722200,34.990746,45.537491,36.052968,34.692226,37.523192,35.327842,35.955467,38.744372,37.621729,34.418313,38.802810,35.704963,40.550890,36.101519,40.682378,41.832944,39.082786,35.608779,37.386743,36.866520,43.492644,37.043892,40.912810,36.283904,41.442728,36.855038
WinMart+,44.357900,48.601750,42.031681,44.517541,47.816976,42.482483,42.994112,50.950368,41.004667,47.574996,35.975689,49.353269,44.699285,40.032590,42.195087,45.227885,49.449053,45.224796,36.372109,48.526527,39.453857,51.587699,44.523712,44.571164,45.749248,43.346719,47.046293,47.761795,48.579194,35.292847,44.054335,48.864912,44.476683,41.046768,43.868084,40.477792,43.896913,43.447312,44.595410,46.179990,43.835424,50.925525,43.853562,47.179670,44.538636,31.603728,50.804699,46.098973,40.061120,40.856319,0.000000,28.191048,43.018154,44.351211,34.223195,40.767898,44.028994,42.010479,41.180244,45.183047,47.559981,43.159255,46.769464,46.364955,29.834958,45.028475,29.956312,56.180433,42.402962,45.962587,46.188576,45.622117,45.050282,46.179868,34.323329,29.137523,55.700255,50.577765,42.672754,42.611548,35.241893,47.921358,44.853329,50.670337,41.407610,47.708947,36.246375,43.714865,45.310808,47.819516,42.197998,48.585576,35.739819,46.085435,42.030808,44.493267,44.052356,35.009606,42.364696,36.223353,43.080278,47.212721,43.372702,42.844137,43.631665,44.618021,44.928169,49.513033,32.467300,39.937039,47.846100,48.170827,46.407048,44.475481,50.454112,43.621446,49.977852,41.758940,41.671859,48.318095,43.048921,47.478268,40.329648,45.527190,40.911817,46.972494
WinMart+,41.351263,44.472778,39.788541,41.576214,42.963904,39.806663,40.811179,46.086477,38.080505,44.097461,34.124670,45.909434,41.135360,37.840060,37.940451,42.564582,45.691112,33.070590,35.230404,45.576640,35.542813,48.185436,42.338533,30.830258,43.153735,40.651675,44.246607,44.915284,44.726301,31.747208,42.076692,46.061157,42.490190,39.504489,41.916252,34.596663,41.917540,41.585581,42.208699,44.166319,38.716688,47.756271,41.908472,44.574962,42.750970,28.091634,47.843755,44.033311,39.056173,39.505126,28.157840,0.000000,41.456561,38.967599,32.263491,39.389180,38.167877,40.527391,25.677425,43.349706,44.773001,38.765509,33.044070,40.120503,26.772626,38.314443,29.483133,52.495708,37.673263,44.130565,44.538979,38.185391,43.192271,43.887341,27.497674,26.424703,52.346350,48.505338,37.237829,38.076239,30.485384,38.525709,38.968735,48.298227,40.522692,45.320010,32.625330,42.532013,43.703908,39.750780,36.074746,39.342013,32.341845,38.966274,41.064273,39.482935,39.065349,31.576178,40.957598,33.140691,37.281402,45.083449,39.190706,37.691640,37.392496,39.090206,39.406775,41.326805,29.359170,36.604904,41.030158,42.855953,41.199232,39.561219,42.449087,39.820417,42.261696,37.255749,37.863661,39.979981,42.386966,40.512464,39.868075,38.956360,40.432692,41.180396
Trường Mầm non A Tứ Hiệp,40.166476,41.688419,31.548936,41.037284,42.463644,38.804499,34.364804,44.027132,40.731148,38.929859,41.240973,38.737601,40.130753,40.513798,41.785301,38.102659,43.991922,41.705269,36.276046,39.228984,44.309107,27.096481,36.235806,43.027796,38.173957,41.022776,39.893215,43.656445,44.829454,41.636537,34.880211,23.331612,32.997985,39.805606,34.024653,43.449759,40.280258,36.041125,38.847908,33.502434,45.211777,31.574364,38.331864,43.452169,19.851336,40.506981,33.175107,33.809355,40.253640,32.230215,44.986584,43.267212,0.000000,39.738697,43.797382,41.869482,38.352988,32.365420,43.325408,36.479742,46.506048,39.768366,45.625862,40.796981,43.494130,40.084390,42.451658,29.255319,41.745620,19.472416,34.552294,45.309682,44.847580,45.585542,44.479654,43.266016,27.827146,33.742391,36.676993,39.215127,47.196545,46.202207,47.106072,27.476633,29.525565,46.613389,45.558290,28.100248,42.300054,46.245708,43.723775,46.455322,45.839288,45.521577,29.664245,40.074534,36.604020,45.307825,40.474089,46.805220,39.480485,38.339116,40.628736,39.334342,44.338338,39.906404,40.247479,46.932205,41.360309,39.556623,46.334818,39.753194,43.626498,40.131831,47.684518,44.789511,47.487037,39.328706,41.043054,46.610054,42.268476,46.292825,39.953433,45.273834,40.458422,40.162260
Cà Phê KOK,36.394243,36.819708,36.401866,37.569226,36.115102,40.792957,34.274682,40.564203,35.302204,36.197031,37.082292,36.924026,31.887656,36.483111,45.688727,33.132849,41.026916,34.726620,27.244693,34.758505,45.930294,41.927888,36.819768,47.020968,36.783497,29.086800,34.098570,41.047084,42.318670,30.922099,33.222946,39.656229,41.089170,31.989663,40.558659,44.105002,25.779637,33.955966,28.876892,39.012342,46.415026,41.743528,31.079119,40.949756,38.769824,41.165586,42.214331,42.249595,26.814533,32.617348,46.131715,39.519121,37.605947,0.000000,44.422180,39.690977,33.015690,39.517350,36.069252,38.713884,44.396321,25.931362,41.660697,33.223929,41.068003,32.876435,42.698464,47.110824,23.159421,39.627889,41.408819,40.782996,42.937559,43.484926,41.203461,40.818543,47.370783,34.401600,22.841067,28.229312,41.880276,39.545755,48.857933,43.821045,39.763728,44.700064,38.373091,41.764013,40.391280,35.886677,32.197937,40.386962,40.316968,34.479149,40.287359,32.093680,23.441951,39.299316,41.023939,37.828124,34.042922,44.550101,28.111743,29.663376,34.025465,30.393550,31.652123,41.945907,39.023404,32.958887,36.691408,31.940734,34.194267,32.378919,39.038165,34.756566,37.240627,32.407062,32.114227,40.331007,42.322307,34.265122,39.960143,33.512841,40.481195,34.354706
Không có tên,40.551149,43.437259,35.634451,36.011210,41.826954,39.078752,40.208781,39.518769,37.292937,43.192152,30.496047,45.036302,40.223263,33.648761,36.927225,41.832727,35.512205,40.877916,34.852628,44.806704,30.852683,47.319541,41.734075,39.121981,42.437712,39.911615,43.478019,39.340940,41.450609,40.364602,41.490901,45.315768,40.277409,39.024943,39.599205,33.453954,41.331384,41.025573,41.526528,43.602853,28.658405,46.896813,41.338907,37.201348,42.239655,37.373086,47.037438,42.072708,38.246199,39.067688,31.875045,30.684515,41.005945,41.837545,0.000000,37.166914,41.367464,38.461159,38.674565,42.803910,42.366340,41.173754,40.678858,43.195195,32.115680,41.844317,25.218406,51.532624,40.351220,43.608462,43.052841,42.053935,41.263536,41.680567,32.283977,33.329425,51.452492,47.892360,40.357896,40.639811,37.525861,43.123424,38.347875,47.652405,39.258580,43.346557,41.872544,41.205433,42.981312,43.593072,39.731128,43.710167,35.621666,42.565157,39.746384,42.071167,41.699001,36.937734,39.071297,44.591397,40.552960,43.282814,41.426617,40.578571,40.852499,41.967077,42.240983,44.911258,31.626190,38.654728,44.156405,45.147907,43.656759,42.100205,46.663594,41.803040,46.379537,39.874335,40.069358,44.754455,43.468651,44.531915,40.672780,42.988651,41.254487,44.513109
Trường Đại học Kinh tế - Kỹ thuật Công n,38.626962,40.488426,36.645311,35.585768,40.018314,38.265869,51.124956,36.500403,38.439386,40.499847,37.799178,51.222414,38.964141,32.654701,39.343929,39.703022,34.952422,39.439272,35.196250,50.429104,41.705403,49.025075,47.086427,41.040219,40.802445,38.835846,40.970133,27.918830,33.739159,39.571384,44.913762,48.731441,33.457237,48.412552,32.426330,38.325885,49.490834,45.895921,40.117729,45.064119,37.713948,51.221967,39.566727,24.826619,45.411910,38.545926,51.087667,44.138424,37.713064,46.684592,39.560167,37.303361,44.225164,39.151376,36.833255,0.000000,39.424600,36.534471,35.672275,46.661661,24.871692,47.247404,41.196759,40.164458,39.015919,38.479133,37.176763,54.800559,49.197204,45.690850,33.902194,41.770185,25.661695,19.212215,39.668194,39.028361,54.489575,50.655910,40.702829,45.456469,43.286943,42.340836,42.116267,50.858932,38.741105,26.179915,41.682900,41.382005,23.752682,42.621227,40.384213,42.634258,42.308207,42.047459,39.383120,41.722777,41.489675,41.778512,24.607480,43.133471,40.815027,29.695214,41.286265,40.780417,41.016326,41.673587,41.849276,43.326681,37.530683,39.257800,42.971605,43.696060,42.742833,41.748831,44.534559,41.523256,44.381936,40.263903,40.335232,43.360144,37.970001,43.302205,35.719529,42.330427,36.392348,43.360267
WinMart+,45.218328,47.576454,37.063140,38.312782,36.916688,37.779401,36.905704,41.461666,36.122861,40.805294,41.799726,35.280272,33.063282,43.345184,44.585622,33.216046,41.797311,35.756058,28.190664,33.445485,44.748839,39.763357,35.506833,45.909722,35.687917,30.168483,32.701524,41.706270,48.313184,42.637385,32.292352,38.013635,41.644276,30.555266,41.131186,42.568387,26.426369,33.033852,34.618943,40.671010,45.416952,39.683227,30.564507,41.574899,37.483985,38.664562,40.196285,43.048245,28.351705,31.885932,45.082279,38.467809,36.511580,31.034231,43.197140,40.179053,0.000000,39.995967,25.432079,37.472524,45.056339,27.126453,38.616474,31.164414,39.799720,30.325531,41.467471,44.396767,29.138907,38.307913,40.054165,35.839933,43.451048,44.067642,39.979685,39.542511,44.805332,33.688629,25.347056,34.400287,40.258572,35.797698,48.374237,41.962831,38.860886,45.274408,36.369208,40.593596,40.836070,32.797220,29.592640,36.988334,38.945929,32.014873,39.315533,35.902030,35.343943,37.841458,41.477341,37.195084,31.899319,45.082165,36.248415,33.267270,31.839566,34.821464,31.754873,39.632432,37.895368,33.790892,38.676739,34.955758,38.066936,36.071823,37.799212,37.364248,33.220286,29.892018,34.865697,38.441333,42.541027,34.299489,40.135577,37.712406,40.665229,36.686248
Trường Quốc tế Singapore,50.530201,54.646021,43.587667,35.062245,52.279280,47.768878,53.163227,35.827015,48.317220,49.485393,37.268718,53.150546,38.446232,32.253394,49.933083,50.298298,34.273090,38.934543,34.907359,51.670934,53.072828,49.479790,46.534675,40.534160,46.482632,38.403515,50.807088,32.307056,35.174248,39.125614,43.637480,49.027228,35.692333,48.584922,22.890229,40.326892,50.158526,44.995939,46.285977,43.558274,39.837512,52.864233,47.213581,32.881975,44.349404,38.199228,52.559473,39.338932,48.167113,46.274855,41.456581,39.058876,42.755826,47.216016,38.754258,27.480642,44.781099,0.000000,35.450863,46.211314,38.777984,47.041163,42.918379,48.090928,40.581944,46.490731,39.059232,58.076788,49.701179,44.827700,36.427052,47.118008,29.511691,30.570729,41.348217,40.517587,57.370336,51.566937,46.789499,44.871507,44.804306,43.838924,43.845226,51.955858,35.663405,28.704105,43.188138,38.515319,27.787134,44.026846,45.468303,44.116186,43.671755,43.391252,36.285381,46.558626,44.635201,43.149919,28.606176,44.557989,46.029136,33.172531,42.197696,45.980856,42.306359,46.817127,47.047032,44.717992,38.885468,42.781665,44.276742,45.965685,47.828028,46.525445,45.749807,47.051929,50.657840,46.772186,44.236638,44.617097,38.388438,48.541026,36.219016,47.079550,36.841570,47.496863
WinMart+,40.994144,43.334651,39.779721,41.171689,42.055490,30.980598,40.614169,44.493150,38.483939,33.941039,36.264787,44.677672,30.177484,38.860002,38.473351,33.304625,44.417987,27.299488,27.250849,44.518963,37.900820,46.650059,41.890075,38.052148,31.361384,26.490822,35.662634,42.164184,44.286604,24.100128,34.954980,44.969083,42.527730,28.371782,42.040683,35.418612,26.160622,41.277197,28.763588,43.517522,39.269441,46.337383,34.834276,40.399676,42.320099,20.452517,46.487257,43.844418,27.168573,33.520277,38.913878,31.912503,41.217653,27.801200,37.591945,39.838626,25.626049,40.819819,0.000000,42.832817,44.427983,26.643438,25.871785,30.298563,33.291560,26.947356,36.692186,50.371593,27.236480,43.525851,44.334007,27.509277,43.127474,43.709036,33.574282,36.765073,50.370305,47.414777,34.787508,36.077232,36.364631,34.376193,43.352321,47.110466,40.708130,44.932958,32.701894,42.536133,43.587577,36.338222,33.212287,35.359344,36.073464,35.901720,41.200276,37.383161,36.947508,35.012713,41.179837,37.273721,34.676701,44.767074,37.427744,35.409189,34.589431,36.737875,37.071125,38.020464,35.756135,35.093365,38.269598,40.840672,39.124164,37.503078,41.976436,38.248322,41.797720,35.250651,36.186325,39.412896,42.399008,40.057947,40.011308,38.485119,40.540801,40.812310
Trường Tiểu học Tam Hiệp,50.837976,54.630008,48.523202,49.704456,52.500863,48.261852,53.433373,53.508517,48.760111,49.901505,50.089100,50.745448,48.848608,48.924778,50.329862,27.829775,52.393235,49.558583,43.100949,49.858499,53.273974,50.947707,24.848622,50.380233,27.388144,48.351462,26.456374,50.997088,52.452941,48.792646,24.015515,44.090171,44.819371,30.871867,45.479180,51.423087,30.038776,22.788384,31.100791,48.251524,52.854311,27.170729,27.885695,50.485060,39.000390,46.938786,24.417633,46.875602,41.185990,27.152881,52.664915,50.259833,36.933388,32.019471,50.934001,47.674358,31.541032,42.625773,48.837232,0.000000,53.471214,43.605523,52.676677,33.407833,49.855761,33.530406,48.972633,43.754535,44.615457,37.966115,45.220822,35.363110,50.547713,51.911207,51.326936,49.321440,45.051704,26.102548,41.599623,37.533898,53.474351,52.373297,54.217692,40.710048,35.070841,52.701817,51.760597,35.425109,47.594627,43.046247,40.760917,52.574695,51.475878,41.903990,35.494311,46.559670,46.216162,50.936800,48.262621,52.721205,41.282501,47.776335,41.345880,41.155780,42.863478,41.844918,42.189265,52.738239,46.773365,39.780221,51.749127,44.513315,45.587328,43.421277,45.113232,47.539024,44.100550,40.912992,41.781400,51.859050,46.660655,42.308515,43.751090,41.336506,44.254700,41.778503
WinMart+,46.099063,49.380235,43.930899,44.669168,51.240434,45.582204,53.020806,49.691446,45.549928,48.478010,46.964873,49.913516,47.653088,39.813458,47.595140,46.481566,49.390286,47.885848,39.922212,49.171543,51.993507,51.667371,45.813313,49.360001,47.580616,46.135013,47.864386,37.426741,49.681345,46.907843,45.218541,49.402922,41.524753,43.241580,40.212564,45.857783,45.105893,44.688149,46.637765,45.866275,45.564760,51.066642,45.052809,31.006076,45.589334,44.439417,50.964579,44.743944,42.463693,42.326135,47.144630,43.090162,44.234596,44.464126,43.153662,25.128092,44.835028,46.503324,39.773777,46.023251,0.000000,43.607959,48.593034,45.481824,44.641060,43.087027,47.426623,55.375433,41.825578,46.758369,42.789833,47.403508,37.293042,35.998672,46.123772,44.273936,55.016580,50.681736,45.212775,44.860896,50.295813,48.857484,49.936061,50.836344,43.701954,43.570324,48.003659,47.449302,31.421244,48.712091,45.172369,49.180307,48.090567,47.621835,44.706321,46.201528,45.910305,47.385209,32.930624,49.533014,45.532931,43.299451,45.206715,45.172758,45.985539,46.423016,46.620676,49.644062,41.705615,42.361050,48.613075,48.693895,47.513516,46.185294,50.192248,45.244428,49.889539,44.209860,43.908824,48.875424,41.052625,48.245120,38.048901,46.921188,38.786659,47.791550
Delícia Coffee & Lounge,35.393051,35.638972,35.236042,37.010603,37.607642,35.122609,33.063710,39.216157,36.112515,34.544086,37.138689,35.470708,37.181936,36.620001,37.760485,31.461538,39.740247,29.489186,24.515727,32.950077,39.731504,41.127175,35.706574,38.501911,27.088407,25.503609,31.807435,39.908183,40.894914,27.166796,31.475614,38.804454,40.072267,24.132182,40.879614,39.132132,26.770906,32.572924,23.481213,38.326172,41.010921,40.968934,29.122525,39.872982,38.032013,36.676603,41.516856,41.685089,22.401977,31.014939,40.805925,39.119600,36.851338,25.753590,39.931704,38.990408,31.485618,36.175204,33.128067,42.305418,42.685658,0.000000,36.352980,28.983251,40.234710,30.401999,39.101567,46.733008,31.232785,38.977890,40.915360,34.859825,45.711455,42.062462,40.354726,40.013140,47.045438,39.542407,32.248846,22.363476,40.511746,34.991128,43.164403,43.345349,39.357211,44.702920,38.217818,41.384864,41.315991,36.233894,32.329732,35.575389,39.642454,35.077163,39.884016,34.767353,26.053055,38.919856,42.869587,41.124654,33.044613,45.666785,25.628379,32.486888,37.303398,33.434563,34.582301,40.770058,40.893764,33.522427,39.302782,34.410123,37.028129,34.988735,42.152899,42.097899,39.789955,34.478819,34.015991,36.378493,43.585659,36.573159,41.032650,35.509739,41.553538,36.366806
UBND phường Khương Thượng,46.315036,48.952156,44.595265,46.368214,48.571873,41.818891,45.065313,50.309617,44.739687,43.878797,42.864358,49.399480,42.388958,44.311680,46.117986,42.079256,49.449641,41.326620,34.873895,48.825317,46.430600,50.922238,45.987849,48.053346,41.681594,37.738283,44.038772,46.549583,49.674339,44.476591,42.215771,49.042867,46.349057,40.919624,45.940277,44.023961,39.774073,45.064711,37.805881,47.018494,47.000480,50.476645,42.058928,44.630017,45.777585,39.894909,50.416765,47.466938,39.866057,37.811161,40.193686,39.549846,44.570792,39.881444,42.664175,43.382641,38.759979,44.268365,32.488991,46.219857,48.763211,39.392976,0.000000,41.999080,42.237600,39.240944,39.529670,54.246222,37.981628,46.793694,47.289230,39.173991,46.630037,47.654757,42.502227,42.016696,54.031454,50.338181,37.300305,38.463834,46.066294,40.457198,47.497061,50.380151,42.985712,48.723433,36.877282,45.058884,46.630931,42.351788,35.401391,42.295896,41.122172,40.464902,43.564987,40.645845,40.021041,39.184720,44.405846,44.761106,37.417854,48.281096,39.991544,38.030531,37.636083,40.186804,40.661042,45.552291,38.755680,36.506297,43.893187,45.677208,43.201618,40.703711,48.577790,40.727840,47.971568,37.387953,38.116665,45.043015,43.951302,44.625311,41.354382,42.084405,41.875391,44.617944
WinMart+,47.490788,38.838673,38.381672,39.651905,49.750357,42.818554,36.165923,42.707798,37.830823,38.870681,44.550710,39.328135,35.941296,45.664423,47.707834,35.938595,42.865205,37.924485,31.335467,37.511003,48.196909,43.655473,38.704011,49.849273,41.196423,33.327405,37.460275,42.627443,50.606389,46.918790,35.836903,41.297809,42.443988,38.866425,41.965672,46.050369,29.747229,36.122529,37.639213,40.341703,48.584650,43.409813,33.834350,42.461875,40.160517,42.834070,43.766677,43.535478,35.336062,35.019051,48.251699,40.483466,38.979863,30.921847,46.029821,40.962647,36.949119,40.788458,36.706853,40.075316,45.743520,30.129577,43.925093,0.000000,42.328287,34.676664,43.869578,48.467977,29.794537,40.923891,42.496527,43.758717,44.078426,44.746895,42.490731,42.192895,48.623579,35.911890,21.965448,30.752840,44.120894,41.273915,51.161842,45.013299,40.608171,45.867101,39.622975,42.668538,47.318921,36.762986,31.973712,42.296282,41.639472,34.799207,41.160947,37.980148,25.749358,40.421814,42.139996,38.747988,34.224465,45.640832,29.893629,35.304243,34.215382,37.145222,33.827338,43.804318,39.799436,34.971299,37.316415,36.802509,40.355956,38.110781,39.950260,38.864406,35.126653,31.235236,36.299651,41.410169,42.847461,35.982905,40.442091,35.587536,40.962983,38.230648
Siêu thị B11 Kim Liên,39.978804,42.632870,38.723534,40.219802,40.992575,38.365470,39.762102,43.966364,36.857500,42.489227,33.390086,44.277668,38.531983,36.861296,36.405687,41.286411,43.933771,36.750390,31.628429,44.135951,34.278105,46.518686,41.254941,42.138396,41.519399,33.778288,42.871409,43.518066,42.969327,38.223229,41.066874,44.663597,41.484050,33.251151,40.927501,33.184829,40.916696,40.637023,34.693928,43.124901,36.347201,46.163617,40.924667,43.281526,41.823047,33.070754,46.330572,42.965181,32.369751,38.801180,28.328399,25.007969,40.650846,40.782160,36.156930,38.681097,40.069030,39.766452,28.363548,42.390673,43.409347,40.196677,36.607750,42.383755,0.000000,40.529766,32.536083,50.628266,39.123415,43.166923,43.662345,40.878381,42.229987,42.724686,29.664927,27.378240,50.617755,47.369422,38.895436,39.498611,37.372278,42.095964,41.548515,47.046191,40.027741,44.104489,38.053690,41.876613,43.045714,42.696061,37.847327,42.995202,29.152112,41.624705,40.506105,41.199815,40.732446,36.325297,40.212341,37.690652,39.048663,43.981598,40.572821,39.282813,38.620918,40.949040,40.685801,44.561278,30.577178,37.531636,42.862004,44.425624,43.141840,41.238551,46.513644,41.105864,46.134071,41.905798,39.025015,43.876661,43.471709,43.749412,40.823703,41.815448,41.370492,43.877861
WinMart+,47.183024,49.952680,45.351225,47.219779,49.720373,36.391986,45.769405,51.380207,45.703988,36.824636,43.828702,37.306366,32.438838,45.154940,47.351142,33.760922,50.353314,42.395088,28.627495,35.724568,47.820698,41.261252,37.152088,49.772922,36.106897,30.199612,35.422979,47.279944,50.647409,46.170674,34.519997,49.773275,46.975175,35.066789,46.575071,45.335801,29.561559,34.921305,32.612528,47.601145,48.295277,41.130582,32.888333,45.290815,38.740653,41.302491,41.548275,48.084330,32.699429,33.928776,47.949579,40.262582,37.750892,32.063621,45.444690,43.913063,30.256032,44.798793,33.679453,38.725130,49.528261,29.829490,42.205532,38.967843,41.803691,0.000000,43.220428,45.613653,29.446969,39.470202,47.785064,40.747152,47.204054,48.333044,41.998882,39.793415,45.940930,35.050373,24.939556,33.973298,40.829387,38.763803,51.309955,43.030880,39.650232,49.384330,36.043715,41.454760,47.135402,31.208170,27.947907,40.175252,39.107301,30.780958,40.116741,35.676455,35.039824,37.830076,44.901683,39.385242,30.860455,48.889958,36.120100,32.639052,30.779525,34.369950,30.832131,42.524234,37.878912,33.492758,40.766916,34.635400,38.134097,35.869667,37.831704,37.369892,32.628435,29.102988,34.573281,40.231930,44.186870,33.925517,41.537753,39.001544,42.067456,36.622192
Cà Phê Big One,41.966315,44.833880,40.450319,42.137371,43.581027,40.586408,41.337685,46.293620,39.200014,44.464411,35.752798,46.046759,41.868746,33.903291,39.398927,43.000420,45.881117,42.404137,36.151626,45.724559,37.563758,48.134013,42.712936,41.194137,43.531838,41.308698,44.557703,39.209046,41.034126,38.901440,42.490582,46.168040,40.077258,40.043167,39.460025,37.424034,42.319223,41.999686,42.644129,44.378170,28.786261,47.732628,42.311376,39.200701,43.041534,35.891273,47.820334,41.734135,39.241272,39.983393,33.194091,31.662997,41.808559,42.748844,22.466182,36.901394,42.365638,38.438864,31.959607,43.632289,46.435699,41.982165,42.631357,44.171334,32.838482,42.984648,0.000000,52.197256,41.283177,44.327135,48.367459,43.274647,40.644549,40.913468,33.303989,34.086528,52.098625,48.471464,41.349025,41.487476,38.640976,44.479229,40.818979,48.252552,39.216082,42.451296,38.823257,41.125002,41.983315,44.784408,40.823118,45.030294,36.466782,43.713767,39.708684,42.994267,42.631459,37.769533,44.128687,38.525749,41.613709,49.211731,42.255693,41.579290,41.983483,42.962668,43.217465,46.080643,32.032255,39.399493,45.213986,45.998556,44.555048,43.000584,44.697262,42.557913,44.474053,40.793257,40.836840,42.742527,43.057847,42.819901,40.339176,41.373322,40.921019,43.086328
Trường Mầm non Đại Thanh,51.964223,58.591909,48.600969,50.191094,54.320824,48.262406,56.135987,55.614046,48.908402,50.681175,50.723766,52.066829,49.048986,49.125153,51.022798,47.767079,53.774811,49.941285,41.850453,50.562982,55.115976,53.398409,45.379640,50.962423,45.372294,48.378171,49.460631,51.762305,53.686578,48.932183,42.023309,40.902302,43.890384,47.693199,44.750037,52.396214,49.318045,43.953022,45.335755,48.234724,54.218673,27.518524,45.732362,51.076389,33.631551,46.635275,32.965490,46.441873,47.302407,32.260660,53.976449,50.772866,29.679032,46.344490,51.655696,47.544349,43.859047,41.357548,48.941957,45.331923,54.853145,46.220459,53.846332,47.393246,50.212459,45.818814,49.134905,0.000000,49.137567,31.511249,44.491364,51.527123,51.025883,52.771676,52.108906,49.547555,40.534989,37.490556,41.382678,40.669862,54.680407,53.293799,55.830047,35.402191,32.247706,53.718621,52.539726,31.637051,47.464499,52.843503,49.101082,53.535519,52.118753,51.637116,32.601716,48.914302,48.590232,51.466700,48.254106,53.673267,44.209290,47.672226,44.485020,44.130117,49.902014,44.932345,45.225848,53.681273,46.486868,43.089173,52.406037,44.276361,48.265356,45.745755,53.606761,50.390394,53.267708,43.401976,44.404639,52.516463,46.513056,51.589036,43.403640,50.256701,43.950696,44.241175
siêu thị 24h ninja mark,38.931666,39.718306,38.408270,45.499848,46.897417,39.510183,37.244792,48.270758,44.219992,39.942211,42.883056,40.217292,40.792674,43.956311,45.068933,37.417468,47.827025,41.848873,27.819787,38.783132,45.189872,43.842137,39.507048,46.048750,30.871244,28.766962,38.994914,45.742915,47.904286,43.843997,37.307931,41.746275,47.114940,29.040641,47.653122,43.643166,36.145128,37.336480,28.565878,40.799131,45.646841,43.624395,35.616050,44.266288,40.661338,41.103466,43.920491,49.162344,30.111053,36.457138,45.431851,40.992952,39.567304,31.012998,43.959776,43.305408,37.979189,42.583734,36.859469,42.920668,47.461289,33.817149,41.520248,40.810045,42.481929,38.252416,40.682328,48.115814,0.000000,41.321539,47.308080,40.800186,45.936369,46.683103,42.616496,42.382885,48.295486,40.775653,32.819057,31.307135,43.835435,39.798231,45.518143,45.029891,44.385783,47.560601,40.595622,46.736370,46.015344,38.895910,32.770091,40.497392,41.974687,36.635633,45.051799,36.402837,23.637075,41.027703,48.117409,44.067369,33.883916,51.193467,29.970204,33.131559,39.630490,34.660753,36.287286,44.135985,43.049157,33.450171,42.253080,35.702531,39.782476,36.591507,45.855313,38.158650,43.151686,35.513463,34.765389,37.879242,46.394871,38.451782,43.580627,36.761533,44.075573,37.893371
Trường Mầm non Tứ Hiệp (điểm Cổ Điển B),41.194346,42.924994,34.755953,41.867998,43.413928,39.728359,38.590400,44.911289,41.494650,39.993820,42.084307,39.929767,40.973256,41.336438,42.595107,39.057285,44.780647,42.456988,36.965914,40.277726,45.152201,33.246191,37.248758,43.721634,38.941169,41.725768,40.787753,44.366269,45.545143,42.323917,35.739600,31.012607,35.475045,40.586051,36.424954,44.209631,41.131271,36.948414,39.542672,36.658644,45.933254,33.128925,39.112704,44.140383,25.944822,41.128184,34.567849,36.574018,40.972181,33.119139,45.707808,43.945579,19.284309,40.421687,44.486618,42.408115,38.982032,34.479936,43.865830,38.107747,47.164633,40.442546,46.287560,41.464176,44.114360,40.687220,43.074524,31.705980,42.434759,0.000000,36.784013,45.842731,45.370788,46.160505,45.135145,43.851102,26.184927,35.068438,37.262532,39.769321,47.776874,46.781746,47.763900,22.571562,29.011177,47.164051,46.145563,27.228931,42.798018,46.791432,44.234423,47.026121,46.377384,46.048979,29.141898,40.591543,37.152581,45.845766,43.410848,47.359999,40.009458,40.302916,41.399625,39.870320,44.847225,40.452169,40.785827,47.470288,41.895753,40.328688,46.846865,40.255895,44.384554,40.636073,48.163700,45.627180,47.956800,39.797320,41.724250,47.107066,43.188620,46.754723,40.729274,45.726673,41.249640,40.615020
WinMart+,51.450356,55.554618,44.807660,41.540939,53.113094,48.686117,54.331939,43.140582,49.112080,50.474913,50.532310,54.214212,49.235613,39.134379,50.732914,51.205495,42.530269,49.916114,43.335884,52.688510,53.842649,50.604884,47.649516,50.701163,47.376571,48.660397,51.706041,41.625023,44.548802,49.092205,44.697042,50.099674,38.114272,49.461423,40.147223,51.831697,51.061524,46.042696,47.123048,44.787285,53.299061,53.794262,48.117348,39.020806,45.369626,47.152774,53.466106,42.251261,49.004999,47.120509,53.065921,50.593646,43.756782,48.043073,51.339620,33.244290,45.580236,43.393123,49.042617,47.127089,42.212824,47.860251,53.001089,48.889941,50.150148,47.245346,48.757681,58.791650,50.485941,45.792117,0.000000,47.809997,42.362296,39.375846,51.648679,49.552473,58.059396,52.275786,47.519877,45.601738,53.755629,52.623628,54.579414,52.741175,38.502111,38.582644,51.994541,43.124174,32.446234,52.278666,46.171782,52.820311,51.703567,51.257860,39.559120,47.243924,45.348015,51.145641,34.526423,52.945993,46.734993,39.594786,42.891894,46.693536,47.893933,47.526067,47.749606,52.959701,46.971905,43.430867,51.913971,46.646208,48.499990,47.218999,51.932781,47.660581,51.284191,47.424512,44.888291,52.011513,40.557876,49.186728,37.738521,47.719597,38.458415,48.128727
Không có tên,45.988223,49.236329,43.985266,46.062809,48.824120,40.359458,44.586895,50.952210,43.948848,43.020196,41.509136,49.711928,40.877696,43.546981,45.561791,40.993314,49.805081,39.189857,32.493283,49.007566,45.900234,51.469608,45.701250,48.208876,43.400257,35.236428,43.370840,46.341032,50.107784,42.652148,41.356661,49.251356,46.140473,34.284367,45.662160,42.564230,41.171522,44.673145,36.181206,46.914184,46.739362,50.927811,41.181022,44.108768,45.508487,35.864132,50.833181,47.423196,40.526040,38.870381,46.298256,36.648112,44.162652,40.645489,43.411025,42.791912,39.827963,43.807993,23.454361,46.019091,48.936633,40.052578,34.128239,42.458842,38.527794,40.378213,41.170115,55.261140,38.908744,46.672229,47.237342,0.000000,46.473787,47.637542,38.836005,42.572042,54.943397,50.632798,38.541968,39.288482,45.318375,41.811273,50.778678,50.710006,42.585767,48.862555,39.516674,44.805989,46.500652,42.880735,37.251512,42.955844,41.929364,41.393282,43.199570,41.200013,40.680165,40.478370,43.997542,44.587478,38.728580,48.350638,40.538293,39.063439,39.025594,40.907323,41.295146,45.152897,39.754559,37.287268,43.954033,45.425354,43.357558,41.242286,47.692263,41.118120,47.242300,38.351812,38.828447,44.859697,43.742755,44.554859,41.050370,42.413744,41.606137,44.557217
Quan an Nam Nhu 1,56.331913,61.849006,49.660351,41.263348,45.539868,52.819477,61.841796,43.332038,42.709872,55.417311,43.028824,60.829379,43.791537,38.250198,43.931491,55.781538,42.518977,44.094544,38.830837,58.314958,46.668320,56.212926,52.452234,45.394156,51.023907,43.128229,56.297350,36.411148,42.014973,43.756639,48.621503,55.224733,45.856078,53.296565,47.501108,42.862925,55.408297,50.170315,50.341805,49.437828,42.505741,59.042196,51.796145,33.686479,49.137258,42.229323,58.297946,53.303929,52.417332,50.284097,43.910295,41.193166,47.330411,51.273051,41.081086,25.092913,48.341022,36.684179,38.806326,50.672635,37.078289,50.992106,45.218611,52.009421,42.557346,49.967833,41.360881,63.731235,53.892049,49.281241,38.150537,44.953351,0.000000,29.956023,43.504828,42.371368,62.531325,55.389459,50.060953,48.001334,46.895771,45.851875,46.184461,56.426173,39.870585,25.168686,45.182500,43.518738,25.568134,45.920203,48.439805,46.119790,45.506216,45.171019,40.766232,49.534268,47.627993,44.949393,26.839567,46.502574,49.055725,35.155367,44.860837,49.055312,43.963415,49.988308,50.151379,46.636982,40.492058,45.225825,46.032164,48.833963,50.853435,49.474289,47.438352,49.576910,53.636425,49.505626,46.755605,46.323521,39.598765,51.408537,36.908362,49.748669,37.617873,50.162929
WinMart+,44.610318,47.299174,42.650269,42.927966,48.345546,44.168513,60.929332,46.247282,44.177371,46.709259,44.990419,60.213641,45.753873,39.033304,45.807689,45.127969,45.528419,46.033913,39.408090,58.262816,49.357188,56.574835,53.433314,47.440293,46.157973,44.680828,56.545298,36.857282,45.199089,45.388838,50.017153,55.744750,40.367085,53.975922,39.270369,44.477604,55.815488,51.381945,45.322806,50.930014,44.148166,58.852323,52.665910,32.684747,50.449664,43.387917,58.255506,54.802982,41.745637,51.258109,45.659037,42.247899,48.851250,43.521756,42.223950,19.365124,43.856230,44.102387,39.304471,51.682042,38.535143,51.874263,47.056584,44.481584,43.712149,42.336566,42.553315,62.769760,54.432193,50.503097,39.891032,46.317478,30.078832,0.000000,44.946443,43.431034,61.828755,55.737480,44.443509,49.019572,48.765877,47.513401,48.225698,56.674383,42.390777,34.619746,46.739415,46.264417,19.445847,47.470596,44.357116,47.807578,46.936412,46.538678,43.399053,45.381930,45.117398,46.301356,27.035637,48.174543,44.706084,37.715812,44.527787,44.416072,45.087616,45.540599,45.737260,48.292313,41.181571,46.275972,47.462715,47.672515,46.591091,45.370927,48.974955,44.588326,48.716126,43.565802,43.334574,47.739089,40.149820,47.257594,37.281747,46.059018,38.010015,46.917712
Taste Tea,42.951365,46.036500,41.253814,43.123252,44.951054,41.476090,42.116387,47.658104,40.194126,45.515538,36.533702,47.144883,42.979986,39.599033,40.712018,43.863684,47.035717,38.075035,36.651223,46.691899,38.892494,49.205996,43.473045,43.415443,44.366906,42.223118,45.409969,46.058031,46.201494,40.028760,43.132551,47.082697,43.520443,34.192229,42.989968,39.187625,42.984552,42.635755,35.793603,45.066894,34.470121,48.749803,42.967156,45.658445,43.678995,35.251378,48.776757,44.959028,33.320116,40.489345,34.612444,27.315264,42.377105,41.474063,33.494513,40.407365,40.873762,41.492915,30.087255,44.235103,45.907660,40.802922,39.036295,43.113199,30.218911,41.426362,30.026187,53.288462,39.817990,44.963546,45.276796,41.854284,44.114258,44.921453,0.000000,32.039393,53.086583,49.166074,39.700011,40.159787,39.925252,43.239515,40.409370,49.043420,41.120126,46.267452,39.861124,43.167326,42.906762,43.623656,38.791852,44.043631,34.939395,42.516416,41.681252,41.837390,41.387940,38.177147,44.860046,39.228813,39.912564,45.972038,41.133625,40.033211,39.570731,41.675419,41.421139,45.360894,28.446816,38.073510,43.634297,44.956404,43.723107,41.870870,47.038234,41.598647,46.658028,42.469577,39.601908,44.573339,43.421339,44.333078,40.729812,42.458482,41.293930,44.365901
WinMart+,42.302805,44.764429,40.940987,42.463051,43.706099,37.644856,41.699189,46.014568,39.989507,40.090882,37.804877,45.911111,37.708935,40.172196,40.325173,38.695693,45.727619,35.935301,31.351780,45.631733,39.972721,47.789494,42.907950,40.503552,40.803787,33.308635,40.833004,43.260350,45.691934,36.854520,39.398327,46.030979,43.485127,41.207280,43.006758,37.854216,39.238711,42.213290,34.208854,44.405992,34.851741,47.437641,39.273320,41.435925,43.183119,32.306767,47.534034,44.767240,40.424769,37.422997,30.572370,29.121357,42.037604,40.518013,34.362605,40.693394,39.761421,41.657304,35.358938,43.682319,45.550792,39.994592,35.110351,42.131115,33.180336,40.197878,31.799101,51.458887,38.876846,44.354652,45.093548,40.287103,44.009187,44.712131,27.553333,0.000000,51.396364,48.208083,38.587594,39.271335,34.974035,41.367548,38.399807,47.982707,41.258276,45.919032,36.844936,43.161048,42.028450,42.367649,37.436045,42.328749,26.710935,41.096061,41.784568,40.991015,40.515120,31.954378,41.966268,34.800307,38.735232,45.675578,40.399227,39.021529,38.662839,40.706739,40.773086,43.854074,30.487257,37.347574,43.029329,44.585444,42.979712,41.040562,44.794338,40.959555,44.492904,38.136099,38.843147,42.067941,42.968432,42.279104,40.476735,40.438331,41.014776,42.694265
WinMart+,53.415783,60.284754,49.864857,51.324697,55.624710,49.560652,57.653940,56.796631,49.963943,52.219915,51.874921,53.766894,50.208613,50.252719,52.122119,49.135383,54.804455,50.944910,42.795703,52.046225,56.215236,56.168091,46.837983,51.878883,46.436882,49.321690,50.709722,52.681306,54.603302,49.840921,43.282578,39.867120,44.905211,48.757930,45.712620,53.382803,50.478212,45.243966,46.279396,49.484086,55.136266,47.555451,46.805954,51.952351,32.292962,47.457702,47.773494,47.542940,48.255818,39.902268,54.893261,51.638694,27.915003,47.262865,52.530825,48.282674,44.699241,42.243610,49.608269,45.200331,55.667366,47.112518,54.680313,48.259247,50.991964,46.619016,49.953012,39.348612,50.058256,26.732438,45.385697,52.197477,51.712435,53.536085,52.931451,50.283476,0.000000,38.861176,42.162523,40.971951,55.381533,54.002897,56.655191,29.259145,30.526536,54.439466,53.262338,29.032555,48.133497,53.509378,49.724829,54.251502,52.776554,52.281852,30.802282,48.630106,48.332375,52.124648,48.923204,54.354769,44.884507,48.428231,44.512951,44.826433,50.539521,45.646436,45.923036,54.345527,47.163660,43.226284,53.035573,44.929574,48.008052,45.479499,54.184349,49.916809,53.836189,44.003493,44.429582,53.108388,46.843083,52.134635,43.699482,50.793679,44.237608,44.816875
Trường Cao đẳng Hà Nội,47.048821,49.492244,45.476600,46.667923,48.630907,45.168917,48.963469,49.672986,46.014352,46.144835,46.937185,46.597755,45.882666,46.045443,47.221709,44.771132,49.097918,46.776275,41.281513,46.231551,49.681791,45.505091,25.863135,47.653999,29.925355,45.884102,29.952948,48.221006,49.417366,46.328709,28.015417,40.272105,42.712477,31.091348,43.354693,48.394300,30.302568,24.648765,31.285150,45.283855,49.781433,27.662187,29.608275,47.864674,36.425021,44.874010,26.542274,44.350843,38.088675,29.867569,49.588098,47.699529,34.549553,37.799901,48.243701,45.697978,31.710511,40.945315,38.225627,26.037092,50.563334,40.160104,49.805577,38.866024,47.530074,38.344057,46.660413,37.474521,41.450693,35.442418,43.243718,39.777241,48.353289,49.360224,48.700477,47.159933,39.923823,0.000000,39.161308,34.374959,50.810627,49.865591,51.153002,37.585751,34.031982,50.167507,49.287963,34.044620,45.781822,40.738073,38.522260,50.057961,49.264823,39.735894,34.376536,44.084706,43.723598,48.776259,46.379760,50.264650,38.988757,45.763008,38.060245,38.815248,40.780918,39.451394,39.864310,42.512178,45.010569,36.351452,41.765241,42.281419,42.747658,41.042555,43.227224,44.437009,42.068265,38.918386,39.123039,39.892347,45.705098,40.277304,43.022341,39.424803,43.516933,39.878223
TK mark,42.986670,44.822559,41.888163,43.097512,44.068265,34.893211,31.889201,45.726729,41.385120,32.381817,39.868909,33.123950,29.631609,41.397328,41.823742,30.174491,45.560929,38.433004,26.843281,31.428975,41.733582,37.373397,33.690525,42.245420,30.434527,27.958699,30.530060,43.642714,45.525112,39.674503,30.561775,36.006590,43.789285,27.895463,43.406460,40.057252,25.362587,31.424248,27.254781,36.110330,42.442389,37.380538,29.076193,42.183034,35.816561,36.847251,37.945720,38.565580,25.563031,30.336285,42.181473,37.415811,34.983553,21.713890,40.938122,41.466567,27.133036,42.256722,31.954275,35.846384,45.446610,25.454806,36.435572,21.008471,38.843620,30.979187,37.813594,41.696027,22.957530,36.632081,38.413305,34.127370,44.200234,44.790251,39.013983,38.411806,42.218120,32.418014,0.000000,32.278795,38.624762,34.484224,42.509051,39.904448,37.662239,45.753861,35.342227,39.159555,44.469397,29.791209,24.832822,35.319734,37.850219,29.790248,38.041184,33.774554,33.120788,36.875956,42.478626,35.266639,28.216918,45.562457,34.666793,30.506309,29.919119,32.095370,28.472811,32.546222,37.131770,32.347654,33.557864,32.888846,36.243282,34.039566,36.643049,36.121285,32.670068,27.486248,33.266370,30.614470,42.976887,30.306718,40.676280,30.472494,41.170886,35.296148
Hội đồng nhân dân - Ủy ban nhân dân phườ,37.002931,37.472525,36.683730,38.189354,38.846151,37.161151,35.104317,40.194525,37.501134,37.127875,38.310661,37.684976,38.726237,37.809566,40.804586,34.524604,40.574193,29.350625,24.984494,35.885704,40.696056,42.047692,37.435275,40.948467,27.296756,25.868911,35.528220,40.637588,41.537630,39.209943,34.458239,39.977005,40.827727,24.913365,41.522098,39.523397,32.134045,34.934103,24.384425,39.316334,41.244603,41.871429,32.602557,40.585326,39.100880,37.327288,42.297740,42.309925,24.069429,33.828185,41.057875,37.677014,38.016012,26.326364,40.226512,39.660135,30.972479,37.157647,34.126233,41.446442,43.110707,27.288922,37.107404,28.834894,38.679243,30.037351,37.921702,46.750489,30.165813,39.881639,41.523935,35.909220,45.825545,42.523694,38.801269,38.379602,47.019229,39.082786,30.311367,0.000000,38.490245,35.894004,41.360086,43.762003,39.930072,44.912113,36.439369,41.844873,41.768536,34.038554,30.739831,36.399095,37.993529,33.333459,40.439176,29.932741,25.541040,37.340482,43.217944,36.267962,30.866886,45.789326,24.787092,30.284352,35.005042,31.760877,32.119086,38.315997,39.087004,25.955771,36.891897,32.320436,30.370888,33.531795,39.638381,28.125508,37.241253,32.709862,29.379713,34.548390,43.733686,34.465610,41.259318,33.731213,41.771308,34.528571
Trung tâm Công nghệ Phần mềm Thủy lợi,45.183068,48.090159,43.400485,45.278644,47.516262,40.452728,44.011574,49.609300,43.182465,42.902720,40.933930,48.736876,40.936187,42.911105,44.405653,41.025773,48.760585,39.430920,33.039363,48.171642,44.543365,50.477346,45.108939,46.191676,43.284902,35.747317,43.243322,45.661668,48.958828,42.476457,41.360821,48.450231,45.565303,34.716546,45.104371,37.664027,41.195187,44.193052,36.587484,46.356418,45.425794,50.013579,41.204675,43.603321,45.029246,36.731111,49.971065,46.813165,33.765975,38.990288,36.456377,35.074350,43.761978,42.589526,41.020339,42.435001,42.049927,43.407649,30.463323,45.528885,48.100723,41.649053,42.018552,44.558966,39.203760,42.882018,37.043577,54.154793,40.706962,46.166718,46.749305,43.293886,45.934291,46.958735,39.763456,30.635469,53.910072,50.004933,40.702942,40.997691,0.000000,45.308696,45.338500,50.004129,42.366665,48.148755,39.910524,44.487325,44.040741,45.631285,39.864594,46.179723,38.930541,43.948981,42.954231,42.910782,42.436071,37.983352,43.614068,39.208568,41.018884,47.715039,41.991383,41.029034,41.469627,42.855126,43.209029,47.611288,37.424386,38.613525,46.074866,46.885283,44.965095,42.921600,47.572030,42.387978,47.147953,40.092284,40.276588,44.949797,43.566719,44.639821,40.953018,42.627935,41.491173,44.620333
WinMart+,44.878707,47.449485,43.287526,44.965952,46.841516,40.172091,43.855086,48.769632,43.052298,42.375786,41.072901,48.146020,40.549287,42.832762,44.069226,36.875041,48.126591,39.231172,30.710936,37.876932,44.161166,49.799481,44.882862,45.421550,39.879420,36.007761,37.865602,45.366047,48.255306,41.538375,36.729642,47.963441,45.313101,38.702126,44.886928,41.710767,37.964738,36.846220,34.355450,46.078154,44.947876,49.387956,35.403764,43.481446,44.837852,36.991511,49.380176,46.491515,37.223169,36.106459,44.610699,37.766856,43.657473,36.552288,42.557733,42.417376,34.232183,43.329204,29.073357,45.304820,47.613973,36.975834,36.378603,38.556751,39.881093,33.330110,38.243711,53.252922,34.824180,45.914373,46.496952,31.109036,45.681906,46.602093,40.136613,39.373242,53.076937,41.092800,32.859126,35.638146,40.454456,0.000000,44.819097,49.508438,42.357544,47.713851,34.425578,44.367327,45.812609,35.365183,28.536443,34.429583,38.547929,19.057987,42.918981,38.049956,37.233883,37.044815,43.526610,34.550325,32.418248,47.340794,37.932657,34.332723,32.349142,36.843403,32.134493,27.906016,37.336911,34.442747,37.093285,36.483354,41.314423,38.201111,40.709645,39.110713,34.173193,29.567274,35.924259,32.213208,43.531105,35.455767,40.978249,35.018843,41.507712,38.338644
Không có tên,46.495359,50.183348,44.243451,46.582032,49.938371,44.933665,44.872021,52.187323,44.320666,49.135427,40.474367,50.527016,47.136039,42.911493,46.358537,46.896125,50.697931,47.411690,38.964799,49.675113,45.099850,52.345801,46.047716,47.659826,47.253819,45.553279,48.382867,49.015627,50.062485,41.843118,45.501661,49.892987,45.878632,42.723455,45.365566,47.981810,45.364101,44.914562,46.227929,47.286557,39.476709,51.725426,45.312851,48.425541,45.785619,38.347158,51.569995,47.248098,41.836623,42.386988,44.724434,38.201836,44.344566,45.725902,40.543033,42.383307,45.559731,43.460229,33.399749,46.320875,48.822323,44.403061,49.313039,47.686554,36.563417,46.623985,33.441035,56.335433,43.810924,47.001400,47.088782,47.288999,46.256413,47.454632,29.262836,37.298217,55.901652,51.134959,44.256278,43.960329,42.198482,49.547746,0.000000,51.299361,42.332604,48.757664,41.738018,44.604091,44.154374,49.253843,44.026385,50.088241,39.443717,47.618221,42.954990,45.764030,45.369335,40.416176,43.684338,41.040515,44.702195,48.228505,44.552476,44.336462,45.308132,45.998387,46.275426,50.712287,34.002391,41.133145,49.089313,49.117813,47.526371,45.736164,51.280433,44.671045,50.828951,43.174860,42.892222,49.425788,43.984870,48.512840,41.179988,46.685320,41.744214,47.894751
Cafe Dinh,47.036297,50.290347,45.146202,46.587735,49.023163,44.760453,49.552031,50.279137,45.811927,45.933211,46.906070,46.522878,45.644648,45.893983,47.258536,44.256728,49.486950,46.708836,40.443123,46.075345,50.225432,44.969895,42.460270,47.740487,43.024590,45.660680,45.743957,48.448738,49.812072,46.181771,40.111593,37.234486,42.028288,44.838454,42.791794,48.616127,45.844304,41.570627,43.233227,44.954082,50.250912,40.770870,43.278322,48.028793,31.579987,44.529029,41.544460,43.861741,44.846165,37.403631,50.013290,47.777355,28.071181,44.128501,48.453364,45.531213,42.235082,40.110735,46.848476,41.311176,51.152902,44.052636,50.228626,45.058648,47.594276,43.892443,46.576594,36.322780,46.294524,22.189006,39.106971,48.952706,48.539947,49.729056,48.925416,47.128797,28.818194,37.527648,40.202131,42.660132,51.316309,50.216839,51.804683,0.000000,27.290359,50.638653,49.570364,23.897468,45.646067,50.019500,47.092299,50.442116,49.503794,49.093254,27.327726,46.612742,39.868809,48.945846,40.241917,50.655951,42.743399,42.629814,42.894423,42.644105,47.707566,43.313873,43.597599,50.723025,44.777396,41.807763,49.831487,42.866417,45.927207,43.309643,51.010961,47.344944,50.750631,42.192275,43.051937,49.999654,41.571788,49.386548,39.341379,48.281172,39.870492,42.959283
Trường Trung học cơ sở Yên Mỹ,46.333014,47.917765,42.184956,40.390393,47.492000,44.959778,46.546493,41.218704,45.630511,45.639452,46.309140,46.977926,45.506946,38.806494,46.541137,46.346267,40.783392,46.233864,41.912749,46.654017,48.372744,45.380031,43.956170,46.936928,44.342601,45.549759,46.619022,40.190612,41.753005,45.906538,42.397892,45.331759,38.113251,45.655068,39.137499,47.475064,46.401466,43.227181,44.405293,42.229552,48.589645,47.566715,44.831546,40.136640,42.908500,44.765591,47.638116,39.817186,45.630621,44.439423,48.414594,47.017906,27.326284,45.077323,47.463597,38.993758,43.556024,32.452436,46.461912,44.215789,43.989670,44.992463,48.657338,45.738784,46.947829,44.778708,42.025666,50.969041,46.627210,26.846363,38.745724,45.388679,44.201524,42.828548,47.811989,46.630394,28.511098,48.180878,45.122988,43.764699,49.555230,48.801713,49.706488,26.956947,0.000000,42.792281,48.337394,20.615860,38.876086,48.725788,44.284351,48.967658,48.382736,48.094322,18.290961,45.051984,43.610174,47.980938,40.298477,49.164663,44.662340,43.494403,41.867462,44.587219,45.651825,45.170950,45.377578,49.223706,44.921584,42.374397,48.652034,44.671231,45.984431,45.072281,48.758863,45.671682,48.127043,45.357176,43.507240,48.820201,41.759363,46.630096,39.285544,45.635283,39.858159,45.951235
WinMart+,58.116079,63.922615,51.650507,44.350528,49.254884,45.131293,64.325593,47.657357,45.115177,57.260045,46.119000,63.070842,46.717776,40.771823,46.710815,57.500940,47.228698,46.938430,40.436026,60.315398,50.090146,58.290565,54.360023,48.189159,52.524052,45.586618,57.998573,40.103793,47.150090,46.234230,50.291085,57.166118,49.228009,54.821781,50.616259,45.461068,57.067960,51.890901,46.064536,51.389198,45.219318,60.912420,53.304651,36.763727,50.753329,44.216719,60.056163,57.539266,53.820842,51.630057,46.512974,43.189399,48.903629,52.622823,43.270370,25.478846,44.564453,42.024164,40.167752,52.156383,43.502622,52.315599,47.754447,53.309404,44.490200,51.147836,43.551847,65.379774,55.257696,50.790014,40.488258,46.877222,36.809118,34.630185,45.723648,44.164963,64.057113,56.637839,51.178364,49.097436,49.291964,48.082762,48.854981,57.845234,42.866024,0.000000,47.351539,47.282394,23.067257,48.005579,44.953861,48.358832,47.480824,47.073117,44.012360,50.568653,48.686438,46.862970,23.472738,48.682759,45.266482,37.850943,45.828853,50.126673,45.655969,51.079296,51.226517,48.791727,41.916775,46.119913,47.953684,48.085404,51.894458,50.497224,49.370884,50.469160,49.111549,50.459648,47.655479,48.205019,40.296424,47.688726,37.278207,46.516564,38.034977,51.093179
Coffee Cây,45.788603,48.334160,44.163875,45.859584,47.882918,41.363572,44.654204,49.637779,44.180254,43.399757,42.331253,48.875591,41.864436,43.840578,45.397722,41.702321,48.890051,40.767462,34.637793,48.353892,45.628216,50.416403,45.595398,47.059045,41.521478,37.370816,43.617503,46.121996,49.070871,43.552663,41.883720,48.597821,45.973500,40.759523,45.564674,43.308133,39.666153,44.713311,37.707139,46.660359,46.250306,49.995606,37.270216,44.254801,45.446247,39.205912,49.953096,47.090824,39.724945,37.756371,36.203849,35.291049,44.274678,39.713892,39.560676,43.086724,38.601004,43.963801,32.052563,45.893754,48.291543,39.277206,39.346722,41.726735,37.865664,39.021868,36.732943,53.728209,37.873769,46.470761,46.983898,38.920579,46.281962,47.245604,38.234218,36.775970,53.530970,49.995579,37.201979,38.356644,35.701110,40.001565,44.516144,49.995290,42.792104,48.305373,0.000000,44.819569,46.325883,41.913387,35.338465,41.728900,35.447002,40.191193,43.353345,40.459082,39.861582,31.624894,44.118130,28.507398,37.301143,47.906343,39.867389,37.915635,30.793599,40.001983,35.102300,35.046432,29.301850,36.467812,36.285557,40.587469,42.954556,40.527862,42.237431,40.594256,41.971194,33.158978,38.035311,38.264115,43.818755,39.467129,41.248660,37.320765,41.769343,40.621497
Trường Mầm non Tứ Hiệp (điểm Đồng Trì),49.908427,52.352313,45.197862,42.740987,51.153110,48.040719,51.127755,44.009666,48.461338,49.205441,49.451838,51.316872,48.506430,40.904037,49.650999,49.812100,43.636522,49.094862,43.907635,50.551904,51.855190,49.104602,47.150652,49.768238,47.130844,48.157550,50.159023,43.020640,45.093991,48.511684,45.120784,48.849854,41.360596,48.687609,42.472097,50.542268,49.773936,46.111598,46.964755,45.148827,51.687586,51.463655,47.690782,42.838794,26.541487,47.022915,51.351675,44.059251,48.351088,46.954570,51.540085,49.692497,25.004458,47.653310,50.228436,41.322993,45.749773,34.197974,48.608824,46.962024,47.405553,47.546214,51.614159,48.345460,49.401806,47.119386,44.195597,27.380893,49.550239,24.012970,42.805104,47.610877,48.071790,46.350797,50.567956,48.988412,25.923251,30.313579,47.329915,45.783134,52.357725,51.474145,52.833929,23.056074,20.657693,46.646021,50.976316,0.000000,41.330171,51.258478,46.223275,51.650862,50.803708,50.481932,19.683201,47.151335,45.595459,50.351515,43.171174,51.788742,46.741608,47.889016,43.520629,46.706510,47.731130,47.387624,47.578434,51.822937,46.867380,35.469123,51.051236,46.679208,48.203179,47.152021,51.097690,38.884856,50.507364,47.342412,45.175141,51.160764,43.036940,48.801782,40.214872,47.586873,40.813758,47.946962
Trường Mầm non Lĩnh Nam (cơ sở 2),48.006020,50.294216,43.116184,37.526551,41.233405,39.461559,48.938699,38.598973,39.576619,47.216692,39.273770,49.206279,40.169970,35.023362,40.445852,47.910731,37.550612,40.542759,36.510197,48.555699,42.573601,47.067908,45.193164,41.873970,45.316906,39.933503,48.235247,32.309218,36.793416,40.547265,43.142211,46.863222,38.419842,46.856570,39.676428,42.871879,47.864169,44.122192,40.937304,43.083204,42.589789,49.479943,45.847256,30.055704,43.712851,39.506100,49.431282,40.769406,46.653388,45.243028,42.753088,41.414565,42.535368,45.962607,40.459033,23.496505,40.209619,32.317790,36.747917,45.098132,31.516596,45.836629,44.800387,46.666138,41.774957,44.346458,41.932681,53.330597,47.797602,44.082733,32.189151,44.582893,26.900408,25.745976,42.617847,41.619712,53.095568,49.398903,45.767643,44.227511,46.232873,45.349306,44.532542,49.453744,38.005726,22.390521,44.767704,40.657558,0.000000,45.413985,43.161609,45.569202,42.018819,44.771067,38.645791,45.610026,44.021297,42.183647,20.517363,45.903073,43.438047,26.516596,42.014102,45.118853,43.704859,45.779179,44.279236,46.016877,39.883801,42.507927,45.508864,45.853968,46.628822,45.589358,46.758617,46.112455,46.587604,42.600818,43.747204,45.768528,37.472381,45.513095,35.269058,44.579213,35.949012,45.346322
Chợ Nhân Chính,45.054990,47.303138,43.613649,45.127023,46.766405,40.966130,44.112856,48.451589,43.500298,39.690182,41.807643,39.959789,41.369352,43.255848,44.428665,36.419478,47.923057,40.348091,30.413700,38.795369,44.548486,49.457756,39.398430,45.607388,39.110947,31.602046,38.891126,45.467606,48.034396,42.568543,37.575532,47.812960,45.405968,37.908771,45.014551,42.523767,36.798201,37.590076,33.692810,46.101545,45.179077,49.097821,36.242954,43.757000,44.965832,38.899439,49.098766,47.713315,36.465131,36.885480,44.893746,39.188592,43.872701,35.646488,43.111062,42.737766,33.309120,43.571010,32.867074,42.365462,47.489475,35.392458,38.926138,37.199085,41.016454,32.180870,39.236701,52.613277,37.219912,45.946772,46.155874,36.660062,45.740968,46.582732,41.210697,40.725387,52.489442,40.499313,29.929867,33.837794,42.125722,36.393859,45.039793,49.271105,43.597183,47.598943,37.538475,45.768924,45.855392,0.000000,23.878833,35.102561,40.117282,29.829699,44.210297,36.138359,35.260758,34.940437,43.742313,34.138570,26.822778,47.261549,36.557542,31.916960,27.954130,34.340426,27.357326,35.563948,37.030836,33.310293,35.544482,36.817457,39.592245,36.382993,40.540121,38.013274,32.096409,28.574746,34.619089,30.100130,43.633114,34.132535,41.150224,33.800558,41.662098,36.859293
Cục Sở hữu Trí tuệ,40.828553,42.338415,39.997737,40.955873,41.440867,37.411495,35.874413,43.072400,39.198939,37.256216,37.813734,37.663688,37.440271,39.421376,39.274079,35.626016,43.170294,36.387276,29.463556,36.550171,39.033320,40.635335,37.491575,39.199871,35.347653,30.301704,36.321035,41.709061,43.021202,36.958108,35.548506,39.267596,43.601067,34.258475,41.654812,37.618135,34.493281,35.764758,31.200997,41.854739,39.776759,40.522591,34.388636,40.448194,38.712268,34.687017,40.871539,45.037980,30.821806,35.088948,39.549151,35.469945,37.914026,32.180669,38.716625,40.018996,30.419437,40.765234,30.571874,40.379312,43.328382,32.874861,34.017323,32.406526,36.618296,29.294249,36.182619,43.995492,34.223946,39.309216,43.999842,31.737042,42.516423,42.880390,36.764002,36.075296,44.316214,38.624170,28.250818,31.527043,35.604857,40.249419,40.014279,42.180306,42.083381,43.808389,36.970856,43.878233,42.933326,24.585945,0.000000,37.856869,35.548497,26.103039,42.572795,32.285849,31.658151,37.810445,41.037111,38.201782,21.357933,43.747255,33.487890,24.014367,27.635921,30.407946,23.201865,36.912099,38.660214,31.491087,34.016824,28.611296,34.638216,32.592081,38.111431,35.070281,31.094634,24.313270,32.243252,30.053978,42.176163,27.926895,40.067417,28.481435,40.544322,31.785865
WinMart+,46.749272,49.699660,44.847504,46.803754,49.422252,41.838994,45.329731,51.246616,45.089841,44.110252,43.015260,50.063593,42.487599,44.577182,46.754012,42.125870,50.172985,41.295270,34.314932,49.385638,47.197963,51.639331,46.306002,49.305536,40.599234,37.325704,44.243829,46.936823,50.466721,45.087862,42.257541,49.586385,46.666769,39.733203,46.231886,44.417834,38.865619,45.293209,36.481116,47.353644,47.785692,51.140087,42.087845,44.852667,46.026792,39.560387,51.036815,47.836108,38.628972,37.068696,47.404269,38.998397,44.742488,38.400770,44.745185,43.494601,37.044727,44.423420,30.487841,46.482237,49.323519,38.276797,39.923849,40.196439,40.670019,37.139647,42.480203,55.132834,36.730290,47.094951,47.582068,36.642209,46.932687,48.087218,40.907965,37.869081,54.842343,50.784269,35.741540,37.278339,40.545457,36.456916,51.145602,50.888625,43.034083,49.199135,32.295537,45.200035,46.899609,33.635496,33.461117,0.000000,37.061395,32.322155,43.638662,39.342446,38.718265,34.281727,44.560778,32.561613,37.734233,48.697108,38.975598,41.910586,29.116058,38.676203,35.368919,39.492579,38.648566,35.702663,37.355201,42.560722,41.881831,39.042313,42.527253,39.842078,37.982658,32.864686,37.174854,37.169188,44.009473,39.000702,41.344015,36.416901,41.881970,40.503057
Kho bạc Nhà nước Đống Đa,43.109060,45.353264,41.797734,43.233295,44.506199,39.027427,42.435600,46.485481,41.173385,41.143399,39.301308,46.317951,39.247960,41.204798,41.699048,39.757974,46.183611,37.900241,33.010286,46.030316,41.557157,48.014343,43.497815,42.233784,42.013766,35.196241,41.665742,43.859057,46.173914,39.411214,40.234129,46.377870,43.988382,41.384973,43.562163,34.377076,40.258028,42.807890,38.787494,44.813854,32.306533,47.679994,40.110402,42.147902,43.660665,35.554107,47.750322,45.166231,40.528508,38.403595,35.244622,34.297073,42.584876,40.647604,31.495769,41.345633,39.812741,42.239704,34.785028,44.120223,45.958468,40.045816,38.522391,42.494977,36.784467,40.339740,29.920039,51.385775,38.852512,44.745409,45.397517,40.455520,44.443900,45.155356,25.932137,23.613976,51.322902,48.339227,38.508767,39.272456,32.816898,41.831794,37.223646,48.138835,41.657540,46.249475,36.119754,43.512397,40.318451,42.918934,37.192602,42.991680,0.000000,41.377860,42.174901,41.166259,40.639318,29.552624,42.488221,33.823486,38.678668,45.998369,40.489308,38.998836,38.588533,40.875110,40.941992,44.673114,26.127058,37.238955,43.553855,45.126910,43.355924,41.209599,45.492016,41.075634,45.120576,38.044513,38.810368,42.437151,43.012312,42.604786,40.590385,40.556132,41.110891,42.984661
Tịnh Cafe,45.932133,48.321798,44.378393,45.996037,47.906667,41.778387,44.825698,49.548712,44.447418,43.684280,42.728776,48.838605,42.296656,44.090523,45.612803,42.030388,48.861820,41.338706,30.431609,37.779702,45.851966,50.309960,45.715075,47.169741,37.725334,38.046538,37.740581,46.224284,49.025238,44.045724,36.752861,48.578415,46.067127,36.615908,45.675695,43.723005,35.895880,36.852722,33.085613,46.727932,46.404616,49.915271,35.566584,44.435447,45.548731,40.107432,49.881457,47.140999,35.380062,36.182692,46.110235,37.669374,44.420796,34.535378,44.119554,43.285821,32.614885,44.119076,33.797084,45.978412,48.289588,34.524576,40.473505,35.401921,39.462425,31.660300,42.310556,53.491239,35.999027,46.529853,47.025643,34.838522,46.358823,47.296169,39.683033,37.538741,53.320149,39.605668,30.078229,33.213232,39.615897,39.131337,49.254684,49.932563,42.929434,48.303791,32.703357,44.913019,46.395193,30.491378,25.972952,34.053441,36.809151,0.000000,43.481882,34.925972,34.247009,34.342129,44.264801,33.037195,27.390599,47.914494,35.578628,30.407386,28.526432,33.369553,27.781957,34.897227,37.014727,32.975070,35.797816,36.966901,37.556192,35.169506,40.647343,36.957186,32.365940,28.791462,34.021125,35.266419,43.895451,34.316326,41.351665,33.949482,41.863555,36.965622
Trường Mầm non Yên Mỹ,47.821038,49.734110,43.431027,41.365114,49.006595,46.240663,48.404472,42.356488,46.826076,47.111399,47.627286,48.749775,46.763353,39.657934,47.832715,47.786113,41.950974,47.440104,42.747551,48.261929,49.841850,46.910139,45.269148,48.126136,45.504182,46.661506,48.090173,41.330212,43.113024,47.018903,43.523053,46.784799,39.383424,46.922906,40.451248,48.771063,47.809032,44.424406,45.482378,43.422500,49.914254,49.198226,46.021646,41.234317,43.989185,45.731243,49.199021,41.464615,46.772040,45.509303,49.738273,48.165304,27.537531,46.169859,48.631666,39.936688,44.492476,33.116360,47.385883,45.362504,45.392202,46.080753,49.911524,46.854015,47.996026,45.760581,42.927077,52.746778,47.859867,27.058036,40.313970,46.328654,45.771025,44.258645,48.990194,47.651619,28.873412,49.403307,46.073844,44.636201,50.751593,49.945798,51.032794,27.247207,18.760603,44.344812,49.463435,20.061336,39.873322,49.818174,45.111735,50.102466,49.432527,49.116577,0.000000,45.938733,44.453591,49.013458,41.460792,50.282934,45.543605,45.248632,42.562903,45.484513,46.533441,46.103759,46.302601,50.333663,45.754258,43.045999,49.675303,45.517130,46.926491,45.954125,49.756069,46.475072,49.149219,46.204621,44.233459,49.819223,42.305816,47.557551,39.675553,46.475926,40.265504,46.808085
WinMart+,45.271354,40.122901,43.952941,45.336206,46.845823,39.955612,37.709844,48.349137,43.918455,40.448159,42.451644,40.682086,42.080325,43.665441,44.810328,38.019867,47.855352,41.261250,32.230362,39.343959,44.932202,44.090263,39.912203,45.868146,40.235194,33.357481,39.637873,45.625827,47.940888,43.360643,37.900529,42.046613,47.075848,39.317174,47.648658,43.202941,36.999440,37.852151,35.926034,44.739528,45.450287,43.862505,36.296740,44.054111,40.945166,40.264642,44.141237,49.270202,31.602101,37.043327,45.208041,40.284601,39.877839,37.836836,43.616610,43.069406,36.341820,42.286632,35.378656,43.139759,47.465281,35.211431,40.584286,39.563066,41.904156,36.265936,40.110308,48.177907,37.746277,41.579140,47.278847,39.421426,45.847466,46.637154,42.063966,41.752375,48.339488,41.074673,28.029224,33.083879,43.220857,38.576571,45.328401,45.173370,44.224977,47.566615,39.495157,46.677063,45.944612,36.502029,29.630822,39.396389,41.265966,34.511075,44.916334,0.000000,33.581875,40.206198,48.141255,38.780361,29.858008,51.400194,35.756234,28.671181,37.348855,31.580766,32.347653,42.704143,42.072276,32.272962,40.483222,32.683029,39.401462,35.126733,44.726939,37.647711,41.389405,33.206305,33.536561,36.015159,46.356367,36.214048,43.473698,34.741653,43.985572,36.011252
5050 Rooftop Cafe & Pub,35.902425,36.155072,43.136324,44.311276,45.431631,35.831757,34.286452,46.839737,42.946183,35.596372,41.635642,36.104023,41.307893,42.805417,43.560569,33.626796,46.553023,40.540769,25.958094,34.618248,43.577640,39.876789,36.159099,44.218754,28.018906,26.713876,34.208701,44.678903,46.569014,42.092804,33.603632,38.337126,45.989950,26.275183,46.528027,42.117511,31.667974,34.083498,35.995565,38.050317,44.095420,39.806341,32.137438,43.298298,37.817583,39.578550,40.250027,47.836935,26.164254,33.134916,43.888170,39.693997,36.932601,37.541528,42.617633,42.487245,36.333157,41.773993,35.552397,40.074542,46.335991,28.454054,39.716062,38.807444,41.035509,36.274697,39.650261,43.992365,30.286420,38.547081,46.253609,38.639951,45.039381,45.664016,41.178011,40.840335,44.388628,37.635104,30.895525,25.014830,41.727179,38.107593,44.077961,41.837431,43.660273,46.532668,38.843843,45.860747,45.206008,36.449903,31.350778,38.771189,40.414730,34.945277,44.273511,30.808640,0.000000,39.545973,47.185382,38.337429,31.586188,50.044630,26.899616,30.815821,37.123001,33.247877,33.493863,41.384215,41.272919,26.975129,39.588727,33.525227,38.472367,35.456651,43.042329,29.624950,40.234572,33.788044,34.040257,36.067186,45.913162,36.240023,43.204238,35.019500,43.690054,36.063285
Thuế cơ sở 4 thành phố Hà Nội,43.240189,45.467468,41.919693,43.364152,44.647151,39.211556,42.548834,46.591924,41.349017,41.292956,39.494251,46.405472,39.449519,41.352979,41.900681,39.898837,46.281451,38.145185,33.201875,46.117886,41.776340,48.084486,43.593937,42.470142,42.154692,35.422783,41.788876,43.963970,46.280371,39.717110,40.348841,46.456781,44.084640,41.534547,43.658427,36.696740,40.381507,42.896802,38.971733,44.892759,42.650727,47.750441,40.233848,42.261492,43.748190,35.902214,47.820738,45.245200,40.694243,38.517254,35.636851,34.723310,42.663660,40.830744,39.062004,41.450403,40.039299,42.327119,34.186346,44.191645,46.046074,40.202880,38.897115,42.695511,37.202011,40.592969,36.311356,51.422819,39.027230,44.815579,45.458997,40.743571,44.531397,45.234187,37.578836,33.471834,51.368518,48.383529,38.726589,39.438174,34.076603,42.198204,42.161472,48.191724,41.727717,46.328325,30.429400,43.575067,42.994770,43.189930,37.462486,36.835477,31.994911,36.156258,42.236453,41.332367,40.805668,0.000000,42.575712,27.658385,37.656330,46.068533,40.629720,40.812626,31.850579,41.067608,35.912555,36.593273,24.885402,37.362143,37.380568,41.270534,43.505071,38.713224,43.447716,41.198689,43.111608,33.779311,38.950059,39.488910,43.056485,40.403057,40.634498,38.170719,41.146334,41.347527
Trường Trung học cơ sở Lĩnh Nam,55.101549,59.141284,49.709078,41.939527,45.811803,52.305246,58.803982,43.908824,43.108340,54.331302,43.496005,58.281435,44.162299,39.192834,44.267118,54.703171,43.271320,44.430388,39.400714,56.556846,46.819164,54.897549,51.980745,45.606058,50.813439,43.491078,55.095868,38.055113,42.895624,44.074901,48.801125,54.178383,47.061073,52.728377,48.193656,43.267713,54.422894,50.097744,44.135078,49.531041,42.971562,57.213747,51.470322,35.765283,49.256493,42.591312,56.711194,52.138499,52.020921,50.192793,44.224807,41.642441,47.720079,51.050179,41.591027,28.386886,43.037155,41.850068,39.276048,50.509368,39.216092,50.803117,45.416721,51.680636,42.882406,49.898777,43.895009,61.134786,53.255375,49.362224,36.945613,45.099164,39.332971,34.272613,43.800289,42.677414,60.313974,54.621860,49.991596,48.159329,46.959827,45.978109,46.318048,55.405230,40.939369,31.289787,45.343337,44.465407,21.504931,46.028275,43.535727,46.226317,45.623960,45.305455,41.831308,49.503080,47.798958,45.102051,0.000000,46.573457,43.848277,32.468439,45.277902,49.077860,44.141895,49.905957,50.060608,46.698118,40.851039,45.574374,46.111572,48.873281,50.682318,49.452813,47.445640,49.528179,47.247666,49.474848,46.972383,46.385088,39.251104,51.185172,36.582545,45.062738,37.299213,50.061080
WinMart+,47.033402,49.681553,45.280721,47.080826,49.431633,42.689358,45.693713,51.056581,45.610343,44.665386,43.813668,50.019406,43.364018,45.089066,47.144172,42.793949,50.111709,42.449630,35.660961,49.393636,47.570912,51.473549,46.557321,49.348313,41.770830,38.697447,44.703192,47.162073,50.370586,45.973151,42.812466,49.585748,46.883335,41.078496,46.483202,45.224858,39.976490,45.596508,38.286874,47.500715,48.037008,51.009200,42.651610,45.234348,46.260840,41.453223,50.923272,47.957086,40.139894,38.084395,37.938434,37.173950,45.054858,40.198245,40.835619,43.911712,39.250401,44.762280,34.413456,46.681107,49.340222,39.674624,42.319482,42.106680,39.722654,39.761541,37.940547,54.706330,38.420782,47.250804,47.694521,39.775962,47.114967,48.199790,40.038882,36.861055,54.459156,50.714091,37.903758,38.832516,40.405752,41.032832,43.920063,50.801085,43.320161,49.224797,29.177437,45.407564,47.055985,42.440925,36.361977,38.830566,35.714603,37.158449,43.907312,40.842181,40.288714,28.739947,44.873695,0.000000,38.801711,48.757909,40.208194,42.448760,31.425215,40.481962,36.583876,38.554971,34.843215,36.883108,38.909561,43.064155,43.166107,39.640663,45.947465,40.866003,45.367307,33.906690,43.349815,41.093766,44.182740,41.735406,41.552213,38.961024,42.072696,42.491352
WinMart+,45.703703,47.644069,44.403192,45.751771,47.221820,42.281000,44.789883,48.621041,44.464069,39.590027,43.084066,39.829299,42.736363,44.167782,45.370313,37.784141,48.157597,42.023887,29.944496,38.777899,45.547195,42.663996,39.337473,46.479886,36.847679,30.924712,38.859525,45.980093,48.260137,44.183805,37.674484,41.106622,45.875040,35.703422,45.527052,43.913109,37.006497,37.676828,32.251266,46.457669,45.995473,42.523078,36.460131,44.451929,40.300708,41.279044,42.801792,47.044452,34.484622,37.041750,41.480876,41.142747,39.424676,33.518413,44.205484,43.441979,31.571935,44.170917,36.801651,42.117419,47.749984,35.861347,41.741786,34.107023,42.736262,30.448110,40.749442,46.088493,37.413068,40.856105,45.686845,33.460426,46.140989,46.921755,42.878146,37.833115,46.322812,40.360282,31.719012,34.567291,44.334956,40.997297,41.970798,43.859304,43.353991,47.816354,36.855925,45.390996,46.194801,24.368064,25.129697,38.012958,37.277140,26.159760,43.923663,35.837457,35.124743,37.893364,44.299100,38.463458,0.000000,47.505472,36.274260,28.587972,26.923744,34.386735,22.646468,36.668978,38.881252,33.451571,35.842704,29.107690,38.598007,29.190635,41.298432,37.591406,32.099045,23.622068,34.610551,29.833837,43.928816,27.980551,41.515554,28.633236,42.001278,32.662613
WinMart+,56.134211,61.180029,50.420455,42.687958,46.892365,43.407748,61.207268,45.390532,43.359977,55.326752,44.168741,60.185322,44.703385,39.534097,44.707336,55.454779,44.871804,44.860537,39.088978,57.784877,47.506510,55.980476,52.519341,45.942736,50.916884,43.645822,55.874912,39.131528,44.675016,44.191054,48.950354,54.936022,48.472570,52.918521,49.546242,43.471030,54.905711,50.311843,44.017906,49.829177,43.207676,58.185549,51.496471,36.515574,49.094717,42.342399,57.420573,55.271381,51.825302,49.880972,44.331962,41.403359,47.342509,50.740107,41.435661,27.819946,42.598050,43.210851,38.657184,50.385601,41.632604,50.428215,45.394568,51.311688,42.474573,49.371535,48.181891,62.006585,53.158250,48.977001,37.418291,44.660703,42.457821,36.317291,43.544443,42.177799,60.859195,54.235084,49.264994,47.359586,46.719110,45.651619,46.287142,55.232055,40.638606,33.668730,44.994428,45.164268,25.858112,45.573029,42.806245,45.888566,45.080364,44.755447,41.774646,48.712325,46.976907,44.526665,28.156143,46.166217,43.126025,0.000000,44.295846,48.275370,43.477508,49.135322,49.251468,46.251829,40.027356,44.473503,45.519262,47.968721,49.866095,48.552495,46.806182,48.497072,46.582250,48.488496,45.845117,45.711552,38.546561,45.276396,35.544149,44.196916,36.297028,49.040696
Cửa Hàng Tiện Lợi BV Mart,37.004581,37.404347,36.741129,43.952722,44.900223,37.142503,35.494052,46.200372,42.684104,37.123934,41.504142,37.528250,38.373043,42.577899,43.203155,35.181317,45.995064,40.522534,27.445780,36.190677,43.194058,40.970445,37.357931,43.713684,29.826645,28.235790,35.994378,44.329719,45.985235,41.857311,35.132035,39.387860,45.536373,28.291856,46.039638,41.916865,33.683489,35.412714,27.913010,38.936273,43.668615,40.865416,33.736265,43.062778,38.747255,39.691242,39.320521,47.183584,28.842005,34.577693,43.487741,39.772045,37.854080,29.717443,42.382463,42.339647,36.993871,41.678654,36.230707,41.324636,45.848284,31.296163,39.820281,39.085653,40.957222,37.039386,39.719769,44.503854,33.081221,39.416260,45.809672,38.961557,44.708954,45.255125,41.082496,40.779641,44.874048,38.625869,33.103495,24.636208,41.518747,38.464319,43.686738,43.044789,43.460226,46.080414,39.078902,45.503978,44.902098,37.302047,33.011951,39.023647,40.415228,35.901897,44.038788,34.384144,25.929461,39.659536,46.742387,38.616081,33.264280,49.355841,0.000000,32.710737,37.662496,34.925354,34.893669,41.236982,41.178012,24.903217,39.719752,34.681339,33.127741,27.696376,42.651755,28.848818,40.250574,34.710298,30.229926,36.641866,45.704627,36.875446,43.109326,35.733473,43.577619,36.646592
Đảng uỷ - HĐND - UBND phường Thanh Xuân,42.608724,38.072980,41.587948,42.710983,43.599167,37.828489,36.024029,45.185118,41.087061,37.913921,39.672673,38.283983,39.302035,41.110116,41.467687,35.841243,45.049016,38.326483,30.616039,36.937717,41.327586,41.760968,37.974737,41.769560,37.300882,31.570052,36.826024,43.270247,44.995791,39.409089,35.774501,40.056751,44.998032,36.261336,45.579472,39.807317,34.412892,35.985880,33.079022,42.914276,41.992892,41.629737,34.309407,41.899039,39.303252,36.851955,41.995302,46.827666,29.337128,35.150935,41.777587,37.375434,38.357971,34.354937,40.636915,41.262569,32.669347,40.810077,32.461847,41.333499,44.979912,32.060442,36.530303,35.065187,38.681937,31.892045,37.810351,45.736884,34.034615,39.963565,45.349426,34.568980,43.866469,44.386606,38.842233,38.278797,46.037543,39.294652,24.280603,30.063737,38.454040,34.791665,42.132862,43.305461,42.895808,45.324813,35.562713,45.087392,44.163807,31.093827,26.602439,39.275564,37.766728,30.788047,43.500475,31.045010,30.085754,36.889466,46.438448,39.458345,25.875194,49.312475,33.074663,0.000000,33.408431,27.537563,27.652824,38.658722,39.510480,30.703638,36.446793,29.046862,34.585336,19.543804,40.654758,35.218674,36.986962,30.360751,31.445796,33.160111,45.478880,32.725204,42.796698,31.938770,43.291058,33.139175
Starbucks,46.970407,49.250986,45.435853,47.009981,48.984813,43.227768,45.787944,50.410094,45.748829,44.917186,44.230333,49.609337,43.859030,45.287958,47.048350,40.207556,49.667717,43.153180,36.904242,41.280242,47.387856,50.933048,46.556356,48.757297,36.189823,39.809903,41.641477,47.091694,49.866072,46.111830,40.079027,49.271793,46.847893,35.115425,46.491325,45.476700,39.934238,39.823213,32.002425,47.413197,47.784673,50.539178,38.893256,45.373169,46.286544,42.565536,50.479409,47.826332,36.788600,39.301627,42.550273,42.194944,45.185180,33.086995,45.552531,44.146502,31.358022,44.918781,37.238156,46.672729,49.035758,39.545804,43.466551,33.510753,44.109853,30.395182,41.514983,53.880533,41.158937,47.189992,47.199340,32.928136,47.062872,48.034617,44.269409,42.672727,53.703107,42.151517,36.742092,38.513067,46.971281,42.701505,46.326067,50.435994,44.563188,48.972837,37.464040,46.693503,47.012887,26.144442,25.968334,39.499170,42.169377,33.705264,45.167735,40.251217,39.550162,38.773691,45.013584,39.863223,25.310680,48.565000,39.625772,36.250709,0.000000,39.656405,25.117443,37.808002,39.788071,35.982711,34.307967,36.822751,43.129739,34.294669,42.925027,40.465807,29.089556,25.868887,40.841676,27.081730,44.270976,32.976606,41.727755,32.737270,42.230817,36.882584
WinMart+,43.121392,38.472305,42.109329,43.215002,44.137390,38.262994,36.510653,45.616510,41.729931,38.409146,40.402339,38.727168,40.066365,41.692294,42.171252,36.457981,45.440158,39.203694,31.701902,37.502483,42.092021,41.952286,38.365806,42.585995,38.264857,32.655669,37.465236,43.696072,45.412938,40.416591,36.382467,40.317534,45.006972,37.364209,45.562362,40.658515,35.281359,36.515795,34.468462,43.010048,42.679190,41.821069,35.021608,42.359592,39.564020,37.998426,42.151892,46.741096,30.839771,35.750345,42.481177,38.330912,38.653474,35.814113,41.340624,41.679698,34.432422,40.975287,33.964431,44.676312,45.336239,33.441373,37.876205,36.732708,39.594054,34.045091,38.556117,45.702501,35.229051,40.189567,45.340927,36.409701,44.205405,44.742915,39.745570,39.295038,45.994482,42.664245,28.101739,25.383244,39.739292,36.285326,42.766938,43.383821,42.974172,45.637690,37.004220,45.087688,44.459308,33.768395,29.242840,36.966511,38.843749,32.889414,43.561481,25.467412,23.654066,38.009880,46.395156,36.741196,29.391950,49.138822,31.093470,28.533419,35.153709,0.000000,31.073781,39.483670,39.988313,28.793480,37.653781,22.864508,31.979639,18.979549,41.164365,34.522157,38.164753,32.210138,29.179285,34.549512,45.470288,34.435837,42.840208,33.501952,43.325885,34.545790
WinMart+,46.909633,48.970930,45.505572,46.949509,48.696499,43.523428,37.361929,50.000366,45.801414,39.423928,44.439150,39.673801,44.111276,45.375037,46.953492,37.517056,49.373020,43.509554,30.225336,38.562028,47.249356,42.647086,39.182225,48.410608,36.190198,40.444069,38.633014,47.031137,49.536631,46.138254,37.430227,41.029626,46.813383,35.176507,46.474187,45.581248,36.644320,37.444719,32.263141,43.522376,47.602633,42.498329,36.141509,45.442856,40.206664,43.086814,42.794427,47.201284,32.689565,36.766266,42.984696,42.681490,39.304830,33.295598,45.630916,44.285632,31.722928,45.005797,38.601793,42.089115,48.827544,35.308335,43.935678,33.719355,44.387980,30.897029,41.964100,46.214626,36.995960,40.780002,45.774995,33.206165,47.010889,47.904469,44.521455,43.159231,46.462973,40.267307,30.515790,33.876026,46.841320,43.361630,46.317672,43.887374,43.356124,48.781883,39.139944,45.460873,46.978258,27.681473,26.880366,41.328730,42.742702,36.926649,43.943403,35.177743,34.403908,40.180642,45.091858,41.371524,23.400542,48.417359,35.822683,26.147352,29.820965,33.422756,0.000000,40.522490,40.786969,32.961105,36.267936,24.949227,38.182123,26.645196,41.672975,37.288208,30.154949,21.509912,36.777532,30.042638,44.340480,25.961105,41.849369,27.049540,42.343747,31.125802
WinMart+,47.604742,50.252174,45.818459,47.635841,50.098769,43.393627,46.187963,51.619527,46.296711,45.291540,44.561142,50.495901,44.137796,45.705436,47.943441,43.368153,50.614995,43.345046,36.305416,49.844406,48.456644,51.889109,47.008579,50.320801,42.414736,39.480632,44.355378,47.639518,50.900160,47.119836,42.501699,50.002035,47.300169,41.783399,46.917537,46.163420,42.851991,46.014152,39.087759,47.882834,48.836137,51.425705,41.385614,45.712485,46.643235,42.670404,51.313822,48.348074,40.879670,41.620757,48.515610,41.691886,45.437602,41.068394,46.108966,44.320704,40.251032,45.162489,35.962059,47.055516,49.791984,43.176223,43.892687,43.106948,43.936720,40.937799,41.082177,55.053551,44.749561,47.598860,48.016449,41.141399,47.497788,48.617211,44.122473,42.195756,54.789271,43.941063,41.701293,42.412775,47.631937,42.919273,51.596809,51.131504,43.591050,49.624913,35.702126,45.687104,47.386969,36.286725,37.511282,41.307643,41.562105,36.310584,44.178329,44.457420,43.802635,37.523797,45.248710,37.236315,38.552765,49.130292,42.942448,43.360161,27.218482,44.614354,35.554061,0.000000,38.477205,38.675196,38.574323,44.218718,47.253580,39.678457,44.272205,43.321993,43.553699,37.011503,43.899423,35.617733,44.358694,38.794823,41.719862,35.369156,42.240307,40.762362
Phường Ô Chợ Dừa,39.016177,40.790553,38.179039,39.215629,39.490112,38.033527,39.027665,41.640098,36.804613,40.830028,34.493153,42.272013,38.668352,36.850205,36.509335,40.086262,41.898705,37.200351,35.197021,42.319886,35.276795,44.117026,40.209820,40.157695,40.708379,35.141637,41.296391,41.855689,41.125889,38.082657,40.083031,42.809982,40.456179,40.122558,40.012643,34.859844,39.387028,39.765904,37.987781,41.827434,32.887608,43.882100,39.983702,41.740953,40.813083,35.397021,44.109340,41.654905,39.453809,38.373462,32.631559,34.540233,39.893238,39.398330,32.270922,38.298488,38.651236,39.183490,33.696181,41.248094,41.774822,39.099567,37.323601,40.582219,31.044811,38.851854,30.632827,47.424593,38.051022,41.938674,42.451603,38.793382,41.133687,41.393276,27.460014,29.345214,47.579048,45.458928,37.704054,38.436656,34.121303,39.281541,33.653113,45.031985,39.563502,42.503122,31.173852,41.080422,40.360658,40.357329,36.660313,35.194753,27.060186,34.974960,39.954440,39.847982,39.434024,26.460553,41.929528,30.051759,36.722340,42.517192,39.491409,39.414224,32.149198,39.503945,35.354339,34.926045,0.000000,36.878485,36.317159,39.749339,41.538247,37.845728,39.187467,40.075375,39.095354,33.657411,41.248317,35.926003,42.511715,37.358152,40.186628,35.708986,40.698053,38.743203
Chợ Xanh Văn Quán,42.252222,35.011519,41.475303,42.329309,42.894500,34.755244,33.687477,44.112764,41.087597,34.446861,40.046390,34.888258,39.768094,41.110236,41.344000,33.098586,44.120412,39.108115,33.204393,33.785147,41.249694,45.374325,35.082388,41.540494,38.403642,33.992666,33.378038,42.809910,44.049660,39.964829,31.134764,42.766475,43.877557,37.737188,44.354798,40.189321,31.713018,31.688417,35.666291,45.267901,41.732313,36.888352,32.659924,41.733897,40.545180,38.223839,37.349331,45.194845,28.260152,32.962605,41.577865,38.452135,39.678095,36.708272,40.758403,41.227573,35.847597,40.636117,35.353603,39.001593,44.146004,33.293415,38.149609,37.435683,39.402587,35.725625,38.581790,42.329355,30.863641,40.110735,44.228386,37.237704,43.353335,43.725835,39.510354,39.164035,42.912303,36.133184,32.668917,25.886392,39.430339,37.066008,41.832725,41.350635,37.536517,44.490211,37.552148,38.134151,43.641792,35.790737,32.664098,37.511297,38.834143,34.913720,37.872226,33.248162,32.473385,38.225910,45.255992,42.699438,32.846004,47.443255,25.780281,32.390891,39.840269,33.946721,34.028657,42.587651,42.227651,0.000000,41.424274,36.822573,26.371900,34.053988,40.414855,21.203080,38.336619,34.090581,27.901261,35.714386,44.877432,35.787591,42.525365,34.976365,42.967613,35.693476
Noble Moment,47.361091,49.516006,45.870633,47.392795,49.302619,43.888630,46.188173,50.606527,46.262176,45.430588,44.865172,42.957347,44.528590,45.775164,47.544386,41.085336,49.885908,43.952896,37.782171,42.132180,47.901130,51.064222,46.895893,49.201176,38.430347,40.705031,42.564044,47.422619,50.084213,46.842107,40.948187,49.472461,47.152753,37.573019,46.813552,46.154829,40.985543,40.614076,34.824809,47.674601,48.237078,50.679016,39.814290,45.773476,46.582611,43.608291,50.619213,48.079005,38.161437,40.144602,43.410576,43.107460,45.524611,36.144436,46.117808,44.537979,34.884286,45.275529,38.906139,46.942654,49.262344,40.875041,44.621883,37.071666,44.918215,34.582001,42.274033,53.864054,42.410928,47.442611,47.590924,36.791909,47.332809,48.287209,45.051617,43.663342,53.695259,42.751334,38.687878,39.972542,47.805504,44.082716,46.838987,50.558368,44.928626,49.173293,39.565720,47.032785,47.256701,34.141945,30.641333,42.193040,43.229410,37.308995,45.533097,41.754485,41.106714,40.684716,45.344264,42.123997,34.645298,48.774024,40.835867,39.092271,31.021101,41.465637,30.144825,36.613680,41.230512,37.051259,0.000000,39.742420,44.478614,36.517832,31.072784,41.476032,27.677937,23.284227,41.910471,24.129934,46.625555,31.735460,43.787027,31.730443,44.272697,36.755866
WinMart+,48.316853,50.331107,46.869677,48.322267,50.221620,45.208410,38.821838,51.356514,47.417172,41.386944,46.193796,41.524522,45.900443,46.878541,48.742561,39.349545,50.606892,45.507196,33.856490,40.490900,49.143078,44.315541,40.737711,50.416859,40.739789,42.320326,40.823751,48.248055,50.831262,48.422710,39.221416,42.541729,46.901184,40.038868,47.413143,47.596459,38.841523,39.034277,37.429798,44.843417,49.374976,44.114325,37.904617,46.685757,41.501594,45.545023,44.340960,48.791472,35.078522,38.425500,45.060517,44.835878,40.538937,39.053959,47.360067,45.398230,38.088989,46.074961,41.563831,43.435515,49.957457,38.079077,46.749153,40.510760,46.516514,38.333840,43.705073,47.830332,39.941317,42.040253,47.096148,40.473190,48.028056,48.999821,46.615065,45.504706,47.991905,41.657467,34.085537,36.768417,49.611854,46.479545,48.020124,45.225777,44.347028,49.807724,42.752503,46.572985,47.882462,38.605354,33.742177,45.952586,45.174974,41.937129,44.977603,38.608132,37.775835,43.663715,46.100356,45.475585,34.306962,49.391222,38.345273,31.652240,38.262355,37.487111,29.155354,46.012686,43.645536,34.681108,42.906866,0.000000,41.981483,23.451227,46.237996,39.481603,39.175482,29.397528,35.224023,35.001474,46.313458,32.638913,43.570423,31.600608,44.056102,33.226483
Co.opmart,44.380978,40.088019,43.325896,44.448989,45.510461,39.956901,38.100903,46.831656,43.189636,40.337168,41.974867,40.534534,41.673493,43.039441,43.795697,38.429621,46.552681,40.993167,33.596030,39.483538,43.820903,43.351536,39.921336,44.436190,40.175749,34.566678,39.687582,44.782714,46.577514,42.501428,38.327729,41.699399,46.024144,39.466126,46.536115,42.482807,37.756540,38.244429,36.926418,44.061891,44.286595,43.185345,37.062691,43.463518,40.806865,40.196169,44.193528,47.775541,34.062520,40.718189,44.097024,40.216127,45.368672,38.420156,42.904757,42.679333,37.437831,41.992282,36.570415,47.056106,46.353260,36.759275,40.411969,39.703318,41.479411,37.561467,40.076954,49.818802,38.457433,45.775419,46.271151,39.605265,45.109538,45.707862,41.604665,41.327845,49.650368,44.844728,33.399637,27.841306,42.249305,38.977718,44.261055,47.197593,43.773981,46.541817,39.635697,45.887298,45.259162,37.936932,33.229883,39.563014,40.954656,36.310959,44.369868,35.102888,33.617047,40.155555,47.169039,39.077296,33.508310,49.895334,30.297906,32.919925,38.158398,35.395067,35.285307,41.923892,41.656718,27.552271,40.328527,44.562188,0.000000,27.445318,43.399414,35.965059,40.945470,34.963004,27.460334,36.990163,45.922879,37.301882,43.275355,36.038312,43.752357,36.986113
WinMart+,46.301166,39.044591,45.184752,46.333682,47.597641,38.897982,37.310364,48.702463,45.359989,39.104920,44.275471,39.344568,44.017187,45.054509,46.182574,37.431365,48.306443,43.554175,33.179058,38.345694,46.356202,42.048561,38.948412,47.135905,38.977791,41.104895,38.374693,46.467522,48.400573,45.453401,37.353951,40.622218,44.729830,38.267993,45.233130,45.113446,36.662567,37.376132,35.962573,42.967336,46.674452,41.926033,36.220471,45.157058,39.920727,43.252649,42.213408,46.229466,33.341545,36.766961,43.150557,42.934116,39.096985,37.178150,45.206164,44.199369,36.221918,44.824007,40.052767,44.408015,47.959863,35.569462,43.858401,38.079291,44.215025,36.157886,42.304151,45.312535,36.953690,40.459276,45.054768,37.912158,46.533804,47.245018,44.313773,43.307558,45.578429,42.656068,32.504956,30.246621,45.800213,43.475232,45.736756,43.306153,42.939911,48.000806,40.660010,44.862510,46.544509,37.380994,32.534853,42.311167,42.995173,39.662247,43.475073,33.228083,32.201535,41.353582,44.901342,42.258432,34.445772,48.469975,34.634963,32.926119,36.854279,18.938184,31.864069,41.973328,41.638794,31.711200,39.837082,27.484113,37.150868,0.000000,42.507498,36.577929,37.486617,30.929158,35.588305,34.905535,45.322633,33.307094,42.831490,32.451220,43.291123,33.609349
9.0cafe,48.012831,50.488113,46.322802,48.036136,50.370273,44.176194,46.631665,51.755738,46.870999,45.883282,45.317683,50.679306,44.937746,46.262191,48.474426,44.029162,50.798628,44.309866,37.391848,50.053868,48.978758,51.976929,47.374235,50.686770,43.188487,40.584256,44.567911,47.987889,51.083745,47.937091,42.797996,50.194095,47.622472,42.661265,47.265894,46.928515,43.182915,46.405901,40.252077,48.152995,49.279983,51.530921,41.751187,46.156286,46.974106,44.008508,51.427681,48.600832,41.861830,41.951519,42.994678,42.621851,45.811831,42.180744,44.581188,44.773030,41.563063,45.554027,38.324868,47.351616,50.001280,43.550371,45.386744,44.193180,44.762524,42.396928,41.804625,54.950369,44.979013,47.868887,48.243038,42.765614,47.785125,48.878522,44.922116,43.221167,54.703414,44.106761,42.327219,42.873702,48.544409,44.786826,47.039570,51.236555,43.913087,49.825404,38.967342,45.956993,47.648178,38.449418,39.214166,43.461376,42.682977,39.193801,44.491613,44.747359,44.171127,40.416186,45.614154,41.326067,40.211839,49.339306,43.311103,43.971515,31.968086,44.936348,37.621012,47.419563,38.712319,39.214130,38.140760,44.717695,47.275279,40.555969,0.000000,43.612379,39.218400,34.233752,44.169296,26.570430,47.060722,34.827291,44.057095,31.427167,44.560146,38.514222
The Coffee House,44.702524,40.687593,43.682343,44.762073,45.806505,40.582605,38.761346,47.032281,43.607031,41.023616,42.479052,41.177618,42.203724,43.439336,44.221815,39.220212,46.753038,41.601497,34.534369,40.230833,44.281662,50.900020,40.503612,44.879616,40.870855,35.478822,40.494864,45.052345,46.777848,43.118440,39.109539,47.883920,46.232987,40.248026,46.718907,43.030343,38.755459,38.948183,37.951419,44.348877,44.695206,41.891864,38.426240,43.785234,45.158892,40.978125,42.934752,47.906238,35.521906,39.042621,44.514311,40.902569,44.387425,39.427917,43.365430,42.992324,38.627935,42.331330,37.673685,45.754365,46.544709,38.096970,41.271945,40.737099,42.096392,38.907469,40.650367,48.786165,39.646436,44.820268,46.453878,40.716992,45.326990,45.916635,42.212929,41.996900,48.721998,43.255923,35.623118,28.475499,42.996457,39.976659,44.643556,46.277252,44.000129,46.707155,40.573828,41.607227,45.450535,39.448186,35.019310,40.492398,41.667113,37.709246,44.587340,38.226093,37.028948,40.920106,47.290933,46.396626,35.332103,49.921629,31.114264,34.882273,43.654686,37.383534,37.013472,46.760053,45.122625,21.691203,45.451428,41.116021,28.751647,37.795187,43.998857,0.000000,41.840325,36.204893,29.831428,38.006428,46.027404,38.448377,43.405912,37.141473,43.874233,38.010953
Cục Tần số vô tuyến điện,49.116326,51.391469,47.478276,49.122056,51.394968,45.756601,47.691666,52.559294,48.234504,47.203080,46.898222,51.461315,46.578872,47.547996,49.855086,45.383878,51.606565,46.202895,39.276873,42.654186,50.411849,52.593927,48.312599,52.041527,39.126138,42.564338,43.141315,48.934964,51.909073,49.804357,41.470590,50.924041,48.491363,38.346932,48.178202,48.639432,41.611957,41.092860,35.754886,48.926348,50.591652,52.165281,40.371173,47.216263,47.816955,46.414257,52.044669,49.374148,38.978679,40.666645,45.183037,44.923502,46.706803,37.109256,46.335917,45.772284,36.005381,46.483776,41.816357,48.142124,50.783294,41.648887,48.035054,38.149362,46.890669,35.895383,43.636630,55.298147,43.152701,48.616219,48.087009,45.492098,48.584602,49.686680,47.006653,45.722579,55.051222,43.125800,39.791722,40.824566,51.002046,47.852337,48.559390,51.775419,45.355173,50.538009,43.335057,47.476868,48.369482,36.391792,32.196661,45.328393,45.340696,39.237552,45.968343,42.634580,42.013412,44.437367,46.491862,46.127668,37.155717,50.043365,41.549521,40.612231,34.798857,42.488562,32.724443,48.010420,42.291176,37.694891,35.336775,41.289818,45.263197,37.777961,47.593268,42.103433,0.000000,16.843589,42.554429,21.603914,47.478104,29.122927,44.491828,29.786222,44.986191,35.554007
Everything Coffee 'N Bagel,47.674053,49.519442,46.357849,47.689158,49.332974,44.732458,47.848068,50.446268,46.776129,40.980672,45.613453,41.134327,45.337723,46.314564,47.893690,39.159766,49.835521,44.926829,34.160988,40.178855,48.206529,43.725495,40.460285,49.272481,40.402378,42.034741,40.418019,47.684157,50.007751,47.425272,39.049068,42.134088,47.127666,39.762059,47.604897,46.790056,38.677514,38.896268,37.430624,45.165391,48.464100,43.559325,37.862091,46.226009,41.224144,44.851172,43.794605,48.922476,35.400383,38.330656,44.054331,43.820573,40.330915,38.854825,45.111242,45.059858,38.002755,45.710556,41.234452,43.011021,49.298040,37.992860,45.812590,40.068526,45.335995,38.195445,42.945086,47.006441,39.552299,41.727985,47.296400,40.013878,47.568092,48.435660,45.443412,44.341667,47.194122,41.345429,34.746019,36.881830,47.693849,45.499130,46.909691,44.696443,44.608097,49.217499,42.206230,46.764795,47.474551,37.338192,34.324477,43.201244,44.003205,39.246156,45.230021,38.383860,37.707941,43.012931,45.753214,43.904877,25.520014,48.861482,38.216992,33.322403,36.674048,37.474924,29.520423,43.873027,41.578651,34.959384,37.567895,31.299314,41.131644,30.684053,42.705878,39.230949,34.985523,0.000000,38.289883,29.314327,46.426563,26.717446,43.735613,27.119936,44.203929,29.239697
Starbucks,47.054183,36.740710,46.027536,47.081000,48.206361,36.555195,35.399048,49.127542,46.274964,36.462593,45.375587,36.816584,45.146415,45.974303,47.057866,35.125548,48.785607,44.833355,31.727637,35.860681,47.294432,39.441596,36.775773,47.966671,36.391749,42.594226,35.623550,47.125782,48.879547,46.633267,35.067348,46.092011,42.217853,35.666926,42.703708,46.224859,34.132238,35.300680,33.614497,40.724316,47.531829,41.055631,38.123147,45.944946,43.896486,44.787411,41.829189,43.361208,31.177368,38.623376,44.512056,44.373377,43.220547,34.449434,46.211173,44.996011,33.475988,45.542455,42.204347,43.841197,48.452245,32.814925,45.399379,34.864275,45.497791,33.091463,43.547834,46.385837,33.829075,43.583124,42.645683,34.540679,47.103590,47.780023,45.566629,44.789404,46.524361,41.819355,29.845418,26.519235,47.054008,45.197523,46.625203,44.770373,41.173488,48.448516,42.955630,41.004246,47.061612,40.809249,30.274096,44.638005,44.550911,42.565532,41.612843,29.396708,28.724013,43.533152,45.583110,44.454764,39.329333,45.806688,26.767053,38.539118,41.042579,34.338015,38.409204,44.567594,43.535884,30.202732,43.084519,37.107396,22.591421,32.892693,44.779529,32.842390,41.331981,35.599704,0.000000,38.524198,44.022323,37.885692,41.817989,36.624418,42.260197,37.487188
Chợ Trung Kính,46.179612,48.093748,44.872633,46.221581,47.743328,42.892255,45.224577,49.055933,45.031208,44.354269,43.712189,48.551629,43.393329,44.698835,46.004514,42.944647,48.559243,42.756441,37.348564,39.918210,46.209502,49.805588,45.949832,47.189044,36.165919,39.942123,40.072179,46.389817,48.670629,45.011381,38.924464,48.370141,46.241517,35.282185,45.911018,44.645323,38.599232,38.817988,32.767964,46.789381,46.614310,49.481695,37.905354,44.879484,45.775417,42.202523,49.473922,47.150547,35.869227,38.313166,41.709925,41.380165,44.786802,33.696058,43.104764,43.834732,32.409915,44.546264,37.977590,46.136365,48.116629,38.027474,42.818237,34.102405,42.956095,31.819242,40.949160,52.528034,39.275690,46.617823,46.470778,41.203027,46.473099,47.279886,43.098364,41.692627,52.424905,41.032425,35.518600,37.124652,44.628410,42.199149,45.018026,49.568585,44.147322,48.148539,38.314804,46.094609,46.492391,30.026535,28.583174,38.317062,41.249852,32.385253,44.699772,38.315561,37.778679,39.278208,44.640671,39.574778,29.956698,47.826843,38.192070,34.748464,26.637714,37.623759,27.169250,36.938520,38.277299,35.375464,23.094197,34.626079,40.480630,33.305556,33.013272,39.057715,23.972645,27.180694,39.000954,0.000000,46.460017,24.057031,43.699638,25.200085,44.176638,31.517838
Trường Mầm non Kim Lan,47.240681,48.021503,45.159322,42.283693,43.589302,46.439467,47.528836,42.823343,42.719624,46.858391,42.825573,47.656545,43.090807,41.360132,43.155328,47.200017,42.657919,43.226271,41.147785,47.478525,44.121380,46.884484,46.105800,43.738489,46.037456,42.904018,47.294388,41.295988,42.533710,43.147842,45.027855,46.809086,43.798042,46.775828,44.174802,42.783170,47.217803,45.528427,43.224286,45.183844,42.670951,47.878922,46.307149,40.733784,45.377993,42.551952,47.906482,44.805734,46.760431,46.028729,43.184329,42.139236,44.778848,46.406110,42.150508,38.772945,42.789416,42.314998,40.950091,45.949740,41.759586,46.337176,43.731013,46.753012,42.715887,46.103220,43.985044,49.602668,47.236434,45.537660,41.119070,43.771448,41.954381,41.024479,43.080115,42.609849,49.608703,48.168447,46.301886,45.439126,44.547171,44.122729,44.110982,48.135741,41.863902,40.918032,43.824408,43.227553,36.761233,44.210728,43.089427,44.230034,44.852662,43.901417,42.234756,46.145329,45.269728,43.810508,38.538089,44.435081,43.225600,40.983055,44.049515,45.900432,43.348974,46.275840,46.396391,44.511704,44.029954,44.298492,44.312006,45.905866,46.749431,46.177567,45.050456,46.471539,44.964674,46.314349,45.084362,44.503863,0.000000,47.153272,24.964096,43.927441,24.026169,46.690867
WinMart+,46.648285,48.480564,45.384954,46.690425,48.190924,43.586626,45.685133,49.399514,45.630166,40.827504,44.406685,40.978017,44.113760,45.254945,46.617261,39.177094,48.889148,43.581160,38.208607,40.109420,46.852011,43.395537,40.382240,47.805337,37.919486,40.819101,40.293109,46.789575,49.017885,45.844924,39.067679,48.665707,46.615210,37.183455,46.302060,45.392017,38.746809,38.930846,34.912552,47.119665,47.187473,43.246599,37.992150,45.340085,41.102573,43.235893,43.473182,48.253650,35.869318,38.417387,42.638899,42.361510,40.278805,35.980139,43.860493,44.277981,34.971814,44.946078,39.427948,42.776358,48.438103,38.166418,43.968918,36.672907,43.859421,34.747325,41.760644,46.459077,39.505314,41.588892,46.809836,42.370921,46.812173,47.618963,43.984186,42.752162,46.658249,41.214867,35.483932,37.211559,45.713752,43.501619,45.665600,44.366150,44.355952,48.435515,40.043843,46.373597,46.796734,34.550522,31.796842,40.508729,42.370201,36.588821,44.934383,38.510471,37.930377,40.902247,45.031899,41.445436,28.489312,48.113867,38.335250,34.630950,33.012360,37.784292,24.403082,40.205767,39.745472,35.349547,32.583880,33.042188,40.849643,32.059393,38.015249,39.235747,27.479802,19.459233,38.410693,27.021362,46.634291,0.000000,43.891235,17.167777,44.368238,23.641177
Trường Trung học cơ sở Văn Đức,43.548272,43.989550,41.797408,39.351295,40.437463,43.011461,43.454722,39.647024,39.944193,43.197668,39.859111,43.653843,40.142104,38.612819,40.232848,43.560511,39.447712,40.292319,38.772984,43.629465,40.976213,43.128835,42.602457,40.777349,42.769308,40.096708,43.617598,38.286360,39.278584,40.322400,41.840098,43.138894,40.341520,43.357149,40.682913,39.949084,43.616163,42.222852,40.492540,41.844193,39.808346,44.011275,42.991121,37.816581,42.198557,39.939843,44.106860,40.974719,43.453314,42.890386,40.313057,39.543366,41.783267,43.204423,39.474092,36.295595,40.243709,39.037846,38.736046,42.710354,38.460104,43.162305,40.841617,43.533764,40.115992,43.088929,40.983832,45.499739,43.835474,42.395391,38.100634,41.122593,38.519472,37.832712,40.351420,40.080369,45.601436,44.746186,43.341008,42.644368,41.644499,41.315203,41.149261,44.551747,39.280150,37.635771,41.060953,40.249246,34.672076,41.462635,40.632919,41.406017,41.997445,41.249352,39.521829,43.295201,42.531309,41.155687,35.848585,41.618577,40.772313,37.710425,41.614114,43.055607,40.836076,43.343484,43.471218,41.703488,41.360700,41.919838,41.632783,43.129249,43.799219,43.347080,42.318335,43.771741,42.268031,43.544147,42.580258,41.822047,24.244642,44.215782,0.000000,41.469848,19.424351,43.893578
Trung tâm Hỗ trợ doanh nghiệp Hà Nội,45.118288,46.720926,44.037978,45.169931,46.284915,42.185884,44.390242,47.510595,44.020751,39.600755,42.869115,39.822124,42.563107,43.812273,44.701771,38.100736,47.229658,41.980166,37.391353,38.953401,44.810436,42.248138,39.399951,45.471684,39.159419,39.645809,38.998863,45.424809,47.278442,43.655598,37.997489,40.925716,45.380653,38.539006,45.076174,43.506545,37.524601,37.982326,36.526338,45.937174,45.214862,42.133753,36.995086,44.114210,40.232968,41.393658,42.395039,46.958216,34.721882,37.461000,41.069106,40.788408,39.470103,37.629067,42.321983,43.260676,36.846504,43.911413,37.933061,41.813405,46.968890,36.758428,41.741675,38.469230,42.068970,36.827687,40.498085,45.227227,37.941937,40.727641,45.739990,40.534719,45.655465,46.297229,42.193608,40.987652,45.470408,40.284013,33.997536,35.811948,43.040408,41.199711,43.914052,43.382918,43.581157,47.096193,38.168154,45.449886,45.752625,33.249902,31.170136,38.135590,40.605402,34.974811,44.115937,36.834552,36.322976,38.937672,44.031103,39.080323,28.063840,46.869429,36.995794,32.755790,31.675277,35.967840,30.237370,37.199622,38.171236,34.479823,30.978071,31.384525,38.893157,30.904703,34.993049,37.982317,27.056681,21.009549,37.174982,24.526865,46.031997,16.348975,43.436929,0.000000,43.905080,22.179110
Trường Mầm non Văn Đức (điểm Chử Xá),44.999231,45.498588,43.265403,40.868721,41.934757,44.400604,45.031698,41.229991,41.340097,44.655859,41.341885,45.195629,41.590075,40.133866,41.663423,44.986555,41.069693,41.715815,40.103628,45.120715,42.427519,44.629645,44.059927,42.175645,44.126691,41.496053,45.041521,39.964679,40.936181,41.704950,43.239517,44.614655,41.978979,44.725153,42.303435,41.366280,45.019453,43.633733,41.824133,43.310889,41.252917,45.478050,44.351213,39.505412,43.589420,41.272349,45.548428,42.682616,44.782868,44.200641,41.714505,40.902472,43.124101,44.516080,40.877995,37.969554,41.517305,40.747094,39.990962,44.062658,40.235838,44.465044,42.200385,44.828469,41.434141,44.337604,42.376885,46.933823,45.161063,43.753788,39.819347,42.370064,40.351182,39.647180,41.695020,41.363376,47.001037,46.025928,44.558794,43.852643,42.954130,42.607539,42.518584,45.894607,40.659723,39.514139,42.361516,41.695935,36.364809,42.721049,41.849533,42.706636,43.266249,42.490040,40.935564,44.475331,43.711625,42.406506,37.706970,42.893953,41.969910,39.578300,42.742289,44.246028,42.050443,44.543147,44.662986,42.970484,42.605962,43.015576,42.856971,44.294344,44.973443,44.513217,43.517254,44.868397,43.449233,44.684578,43.678352,43.039059,23.233358,45.366447,19.786915,42.626685,0.000000,45.017460
WinMart+,47.984777,49.711841,46.739186,48.001075,49.560974,45.296064,48.473500,50.561486,47.192271,42.255805,46.133827,42.341425,45.892663,46.740234,48.266206,40.522146,49.991234,45.551335,35.620169,41.516299,48.570668,44.637635,41.546257,49.549521,41.695267,42.815748,41.866744,47.962111,50.154687,47.919643,40.402299,43.072165,47.718240,41.176565,48.160679,47.284344,40.326456,40.128578,39.123209,45.834185,48.793573,44.453355,39.311360,46.590909,42.101672,45.597448,44.636538,49.469308,37.571423,39.658836,44.782922,44.592997,41.234627,40.565309,45.701572,45.442393,39.947619,46.058359,42.406442,43.808955,49.480124,40.076545,46.549541,41.900355,45.995673,40.365069,43.641241,47.656735,41.512988,42.553308,47.843878,41.940317,47.811639,48.653172,46.085425,45.131374,47.809481,42.274103,37.837177,39.200012,48.257311,46.331883,47.351481,45.382391,45.146256,49.382832,43.464353,47.258776,47.700624,39.517004,36.903718,44.589296,44.844959,42.110632,45.759232,40.769428,40.164866,44.167324,46.074833,45.093244,37.589016,49.035302,40.110819,37.863589,39.946378,40.358652,35.232730,45.506963,42.742345,36.643319,40.944320,36.178847,43.276678,34.295246,44.912491,40.811842,40.063089,29.622896,40.034972,30.147356,46.730606,24.745933,44.048593,16.664222,44.508111,0.000000
