,depot,WinMart+,Trường Mầm non Thịnh Liệt (cơ sở Giáp Nh,Trường Mầm non Hoa Mai,Trường mầm non Vườn Hồng,WinMart+,WinMart+,Siêu thị Đức Thành,WinMart+,Siêu Thị T-Mart,Trường Trung học cơ sở Tân Định,Trường Tiểu học Hoàng Liệt,WinMart+,WinMart+,Cục Dự trữ Nhà nước khu vực Hà Nội,Trường Mầm Non Đại Từ,WinMart+,Cà Phê Parkland,Trường Mầm non Định Công (Cơ sở 3),Highlands Coffee,WinMart+,WinMart+,Trường Mầm non Hoàng Liệt (cơ sở Tứ Kỳ),WinMart+,WinMart+,Trường Mầm non Sao Mai,KFC,Trường Đại học Công nghệ và Quản lý Hữu ,Không có tên,WinMart+,Không có tên,WinMart+,MM Mega Market Hoàng Mai,Trường Tiểu học Đại Kim,Không có tên,Không có tên,Cà Phê 3k,Không có tên,WinMart+,WinMart+,WinMart+,Trường Tiểu học Chu Văn An,AEON MaxValu Linh Đàm,WinMart+,WinMart+,WinMart+,Trường Mầm Non Hoạ Mi,WinMart+,WinMart+,Trường Tiểu học Chu Văn An,WinMart+,WinMart+,Trường Mầm non A Tứ Hiệp,Cà Phê KOK,Không có tên,Trường Đại học Kinh tế - Kỹ thuật Công n,WinMart+,Trường Quốc tế Singapore,WinMart+,Trường Tiểu học Tam Hiệp,WinMart+,Delícia Coffee & Lounge,UBND phường Khương Thượng,WinMart+,Siêu thị B11 Kim Liên,WinMart+,Cà Phê Big One,Trường Mầm non Đại Thanh,siêu thị 24h ninja mark,Trường Mầm non Tứ Hiệp (điểm Cổ Điển B),WinMart+,Không có tên,Quan an Nam Nhu 1,WinMart+,Taste Tea,WinMart+,WinMart+,Trường Cao đẳng Hà Nội,TK mark,Hội đồng nhân dân - Ủy ban nhân dân phườ,Trung tâm Công nghệ Phần mềm Thủy lợi,WinMart+,Không có tên,Cafe Dinh,Trường Trung học cơ sở Yên Mỹ,WinMart+,Coffee Cây,Trường Mầm non Tứ Hiệp (điểm Đồng Trì),Trường Mầm non Lĩnh Nam (cơ sở 2),Chợ Nhân Chính,Cục Sở hữu Trí tuệ,WinMart+,Kho bạc Nhà nước Đống Đa,Tịnh Cafe,Trường Mầm non Yên Mỹ,WinMart+,5050 Rooftop Cafe & Pub,Thuế cơ sở 4 thành phố Hà Nội,Trường Trung học cơ sở Lĩnh Nam,WinMart+,WinMart+,WinMart+,Cửa Hàng Tiện Lợi BV Mart,Đảng uỷ - HĐND - UBND phường Thanh Xuân,Starbucks,WinMart+,WinMart+,WinMart+,Phường Ô Chợ Dừa,Chợ Xanh Văn Quán,Noble Moment,WinMart+,Co.opmart,WinMart+,9.0cafe,The Coffee House,Cục Tần số vô tuyến điện,Everything Coffee 'N Bagel,Starbucks,Chợ Trung Kính,Trường Mầm non Kim Lan,WinMart+,Trường Trung học cơ sở Văn Đức,Trung tâm Hỗ trợ doanh nghiệp Hà Nội,Trường Mầm non Văn Đức (điểm Chử Xá),WinMart+
depot,0.000000,28.930224,28.364686,33.795407,28.075722,34.831692,21.498805,39.926016,35.215963,32.455637,33.860716,27.555595,35.420907,32.675508,36.438065,32.278200,40.685464,36.525597,30.712008,29.906039,40.544411,26.986804,26.746434,39.637697,39.525762,35.838754,35.481302,40.474641,42.948845,37.202702,34.314562,28.537055,40.486704,34.072039,39.668802,39.785063,33.966268,27.958721,38.465383,30.797982,38.565786,33.056494,34.097187,40.256969,28.508002,36.020234,34.340813,42.648869,35.083474,32.264887,42.576332,40.096734,27.512952,37.233084,40.707232,38.109587,37.650148,37.934279,32.409199,31.920348,46.068887,34.950213,43.897791,38.834984,40.748841,36.623700,38.584392,40.920090,37.099171,30.252057,32.598204,43.814899,42.974781,44.110943,42.106364,40.674009,41.805044,39.863744,34.172740,35.320578,46.430473,44.956524,46.245145,38.052313,33.172597,45.887374,44.026681,34.838678,39.050839,45.090328,41.594250,45.365636,44.500214,44.126347,33.539917,43.273669,42.952685,43.765650,40.094900,45.917054,42.232267,43.617013,42.485210,42.084176,42.594380,43.297170,43.508606,46.113197,38.245037,34.484324,45.305264,45.828027,44.602519,43.241796,47.193144,42.681561,46.937934,41.282549,41.182289,45.696613,41.746042,45.317721,38.983774,43.980886,39.620177,45.128488
WinMart+,33.336114,0.000000,32.845149,38.337013,42.514833,36.662092,23.554031,47.636254,38.091013,36.082019,38.768009,41.506689,39.483438,36.821347,40.437292,34.740795,45.953892,40.352030,32.750065,41.600054,47.397253,46.890174,35.893775,43.249043,40.901252,39.001413,39.226296,44.229379,47.289322,40.321950,36.578070,42.873071,43.313933,35.928729,42.531870,44.316095,36.121336,35.808023,41.077173,40.444087,48.072262,46.142723,36.244884,43.654092,38.224307,38.415966,46.383046,45.373228,36.906848,33.446037,47.693893,43.492057,36.386911,36.368910,44.507343,40.295020,39.727075,40.115912,43.257365,39.613264,49.946322,36.562679,48.476089,38.079656,43.689604,46.190457,42.103823,55.110531,39.472586,40.687418,38.919871,46.757288,45.424851,47.199776,45.868108,43.303006,54.449620,47.636461,33.067519,36.550257,50.598225,48.635003,51.642617,47.203307,37.547231,48.897908,47.536178,39.563224,40.955068,48.382480,43.777052,49.122378,47.500365,47.004869,38.148260,45.386636,45.015230,46.613971,42.089454,49.539961,44.425635,46.199065,44.223795,44.104594,45.007563,45.591202,45.798317,49.672634,40.007341,35.308017,48.281158,48.329850,46.924273,45.295029,50.208708,40.213059,49.833750,43.005954,42.595532,48.541225,42.500195,47.744944,39.562047,46.096408,40.206593,47.217528
Trường Mầm non Thịnh Liệt (cơ sở Giáp Nh,28.809896,31.097941,0.000000,30.933545,26.117576,32.713370,29.548234,35.863096,33.227316,36.643637,31.005807,36.309212,32.992546,30.229412,34.187493,38.604729,37.713333,34.232958,29.375740,37.258437,37.804890,34.382995,33.051273,37.490130,37.823706,33.899939,39.281464,38.284203,40.452402,35.294454,32.357423,35.269067,29.954736,38.551925,28.601375,37.660714,39.062805,33.364815,36.831667,31.046266,36.542518,39.909250,37.336956,38.270623,33.443844,34.524571,40.634264,33.402007,39.098050,37.640700,40.475797,38.429551,32.166484,35.968180,38.956425,36.760774,36.353983,29.486279,31.344084,36.527127,43.868001,38.626819,42.041063,37.585442,39.309068,35.485369,36.991862,47.223353,41.049586,34.829470,34.202922,42.498439,41.508877,42.303425,40.404253,39.340250,47.485728,43.853345,33.264863,38.144190,44.806044,43.419177,44.263190,42.790876,34.305784,44.133609,42.517430,36.197354,37.874052,43.682614,40.502044,43.839011,43.182953,42.839964,34.741665,42.270410,41.949784,42.473145,38.873881,44.450762,41.128021,42.095190,41.611595,41.066153,41.430804,42.226812,42.437958,44.681862,37.189729,37.466179,44.045623,44.747048,43.548567,42.257382,45.983048,41.834466,45.753934,40.377308,40.396542,44.479677,41.246220,44.246481,38.595138,42.970773,39.223073,44.186025
Trường Mầm non Hoa Mai,34.518370,37.853698,29.652959,0.000000,35.298653,33.683785,35.077160,29.656211,34.213570,38.064450,30.612275,40.716506,34.239039,21.483348,35.468841,37.018476,35.240146,35.559451,29.763051,40.883266,39.909298,43.963619,37.381908,39.056604,39.049279,34.981758,39.431376,36.871643,39.801651,36.487864,37.653226,41.724612,37.913685,35.641106,36.800462,39.238747,37.389746,37.136076,37.949393,40.273457,36.790278,43.690709,37.456573,37.023077,38.711537,35.404283,44.029451,40.769321,34.642580,35.294329,42.285473,39.722529,37.361503,36.793608,40.360253,35.700560,37.229120,35.454069,31.778567,39.659011,44.503159,37.433490,43.739931,38.491792,40.466417,36.186063,37.215056,49.562899,35.016264,40.472530,43.571325,43.686058,41.446227,42.419064,41.857261,40.409352,49.577883,45.776220,33.727859,41.765070,46.429585,44.880778,46.244810,45.149175,37.656551,44.708481,43.902098,40.072308,37.206074,45.025065,41.421183,45.317428,44.423570,44.020207,38.285368,43.151252,42.822477,43.654180,38.338729,45.886904,42.061166,42.524419,42.356719,41.922121,42.431999,43.176792,43.396724,46.092552,37.939200,39.627492,45.260357,45.791163,44.524268,43.122544,47.214972,42.562903,46.943052,41.114434,41.040538,45.660982,41.194058,45.274200,38.407671,43.887865,39.069352,45.077116
Trường mầm non Vườn Hồng,35.931242,40.166044,26.478661,32.669298,0.000000,35.102113,30.368358,46.632815,35.615985,40.083962,32.110012,42.747900,36.145716,30.866067,37.370929,38.526438,44.669954,37.494920,30.282149,42.625981,43.020290,46.039469,38.609277,41.237419,40.652759,36.473082,41.148881,42.917892,46.859408,38.103923,38.844024,43.397961,42.188871,36.568136,41.180053,41.391648,38.545686,38.216123,39.395455,31.221530,38.469024,45.627051,38.587833,42.360169,39.741718,36.512588,45.828162,44.760432,35.434076,36.040675,44.725558,41.340818,38.247757,37.794371,42.162646,38.950203,38.271579,38.718987,32.310518,40.775680,50.392114,38.221643,45.955381,39.559089,41.877054,37.083127,38.581120,51.939344,35.799871,41.541679,46.257231,45.154026,44.942934,46.979693,43.663399,41.688677,51.767509,47.033818,34.255788,42.611272,48.458254,46.676091,48.844984,46.586198,39.319811,49.044975,45.629839,42.114964,39.951128,46.639021,42.482343,47.164268,45.878578,45.458680,40.051642,44.241995,43.888024,45.044737,41.210240,47.685611,43.164017,46.166059,43.260348,42.962146,43.660348,44.354370,44.561994,47.870624,38.803520,40.235641,46.745228,47.066866,45.713413,44.170872,48.731823,43.417858,48.400099,42.011259,41.739170,47.075422,42.181489,46.492864,39.185931,44.940013,39.847132,46.144855
WinMart+,35.145861,35.764619,35.355141,37.336724,34.822319,0.000000,30.869192,43.577179,33.022864,36.811607,36.534410,38.656619,34.909711,35.380744,36.269184,32.966943,43.341689,33.635218,27.218764,33.632487,39.892035,43.712109,34.695023,39.443372,39.972486,33.196769,40.756594,42.521511,44.894978,35.562461,36.931693,40.635515,42.099038,36.124631,41.396373,38.110275,36.413827,36.912266,33.484735,39.059103,41.208940,43.323915,36.567506,42.178056,37.116811,34.347446,43.815669,43.983936,35.579511,33.201849,40.952236,34.465001,35.531462,39.919636,39.340322,39.602570,33.610904,39.458265,30.118451,38.435284,47.440112,36.817860,37.807745,41.482423,37.639508,32.929945,38.251881,51.409943,40.179392,39.446210,38.104394,34.145074,44.144574,45.426190,37.870674,34.232310,51.228613,46.020220,34.000193,36.733059,42.027425,40.463906,44.642634,45.284336,37.049327,47.000640,39.379489,38.841980,40.281962,41.092996,37.785961,41.027283,40.599613,40.334684,37.600878,38.290878,33.260521,37.649458,41.307674,41.930562,38.724141,44.621898,34.909922,37.119846,38.934947,37.880592,38.407176,42.283009,39.249307,35.358206,41.851208,43.065412,39.733754,38.338380,44.260199,40.594992,44.056979,38.334884,36.891508,42.465793,42.177852,42.471540,39.400714,41.090618,40.020318,42.658844
WinMart+,21.572200,47.580615,28.565477,42.153799,45.913910,38.280546,0.000000,48.585045,41.441093,38.583668,42.618801,40.050064,40.603967,41.048999,43.484420,41.845811,47.280838,42.996271,34.418421,40.810693,48.415147,34.439885,31.880125,44.896015,37.723810,41.681698,43.100357,45.828173,48.033816,42.596314,30.998571,36.223647,31.649460,40.915041,30.479212,45.981623,42.345456,32.602123,38.857558,35.616421,48.668625,45.510972,38.910438,45.295194,32.951427,40.680464,45.954566,35.592681,41.348758,39.002735,48.340174,45.031482,31.043579,40.349235,45.937057,42.029333,37.932089,30.927475,44.360743,37.601405,50.087643,40.380259,48.811726,42.101099,45.015455,40.741226,43.632452,58.006074,44.182307,35.132382,35.902651,42.319991,46.336798,47.923613,46.832785,44.543906,56.572553,47.643759,35.410619,39.208524,50.457762,48.886154,51.234608,47.251562,35.367454,49.262102,47.976949,38.439370,42.370615,48.647286,38.944477,49.235755,47.936829,47.447254,35.879817,40.484166,35.457158,47.184975,43.410589,49.565116,39.581320,38.972764,36.813272,39.409470,45.681444,40.278759,40.744708,49.658517,41.627548,38.071159,48.478942,39.943671,41.998448,40.496190,50.088884,43.435702,43.298097,39.282988,38.645761,48.708323,43.294500,40.992088,40.347796,46.564490,40.961542,40.387893
Siêu thị Đức Thành,39.101715,43.603247,34.522920,29.973112,44.086140,38.359340,38.574853,0.000000,38.655956,42.995479,37.293889,45.236115,40.144412,26.240559,40.858676,40.981083,42.611079,41.067431,32.633636,44.760216,46.862652,48.077970,40.624929,44.154194,42.853363,39.475198,43.359869,41.183209,47.011675,40.893302,40.654718,45.329370,40.897409,38.311088,39.514778,44.274788,40.381989,39.992705,41.589118,43.006037,41.317952,47.570169,40.390572,40.687960,41.282914,38.723923,47.618287,44.294356,37.192569,37.596267,47.302638,43.524739,39.737226,39.578795,44.446701,37.357969,40.056450,37.039134,34.063041,42.246530,51.993131,39.572743,48.081765,41.182447,43.694243,38.641291,40.711855,53.560496,37.316226,42.947841,46.226090,46.581700,44.640791,47.160381,45.712213,43.337427,53.236062,48.169920,35.608594,43.629493,50.123707,48.307745,50.954225,47.933589,38.584946,49.776994,47.287906,41.582391,38.869145,48.108875,43.772271,48.771327,47.288233,46.827031,39.350220,45.315205,44.970435,46.454863,40.284773,49.181928,44.388088,46.529721,44.200616,44.088971,44.944574,45.502175,45.700929,49.316094,40.204680,41.059967,48.045859,48.135825,46.796282,45.224814,49.892840,44.287525,49.551279,43.031961,42.630860,48.299037,41.932140,47.563292,38.844368,45.993292,39.539135,47.079294
WinMart+,32.538633,37.744083,31.464023,33.274011,29.607595,30.538602,34.195153,40.585033,0.000000,38.527521,32.817977,41.970024,30.320578,31.812511,30.528719,35.630327,41.258948,34.420565,25.737529,41.973810,36.266650,46.097928,37.318092,42.102861,40.901510,33.591131,40.521335,40.872555,43.626174,36.648687,37.731680,42.963284,40.782707,35.361492,39.918231,36.586073,37.367421,37.060828,39.035161,40.876713,41.383785,45.588323,37.460774,40.616698,38.958245,34.820548,45.841735,43.043332,33.896720,34.579213,40.960162,37.931633,37.328605,37.000607,38.646925,38.245364,37.631938,38.056403,29.866882,40.125172,46.884532,31.321364,38.883233,39.398559,39.179048,36.164788,37.305180,52.969245,34.576546,41.050966,44.895034,40.716230,43.369935,44.667996,40.725527,39.252758,52.617193,47.178631,32.922122,33.318098,43.469551,41.621411,46.348475,46.705010,38.946529,46.523281,40.378427,39.883680,39.215409,42.193051,38.371291,42.238948,41.586937,41.239620,39.602193,40.968504,40.588379,38.295123,40.314147,43.167672,39.339864,44.130550,40.378843,39.440931,39.609615,40.790163,41.061220,43.528321,36.607200,37.691168,42.874953,43.977812,42.514383,40.975281,45.428210,40.791275,45.165018,38.796207,38.995328,43.489623,41.826971,43.350250,39.015824,41.830821,39.652328,43.417904
Siêu Thị T-Mart,34.310732,34.926540,34.050407,40.236301,39.255421,36.597406,28.281235,46.204191,37.391444,0.000000,37.727675,39.736021,42.935596,36.522222,38.862623,26.946369,45.402738,38.919631,31.550246,32.223222,42.783046,46.636570,33.984350,42.870052,32.268749,37.507745,44.568202,44.223299,46.463177,39.259012,37.001058,42.024044,36.993797,35.864645,42.887240,41.644532,36.213570,36.925058,37.081453,39.606692,44.355978,45.795943,36.435674,43.787049,37.205990,37.251825,46.125646,38.926150,37.381665,32.109130,44.111045,36.755053,35.273346,36.549065,42.187586,40.930060,36.319107,40.814954,32.606675,38.778898,48.563273,36.814585,40.178687,38.962195,39.475540,38.061608,40.712726,56.130950,41.129120,40.002923,38.304678,40.299062,45.179679,46.555904,43.383181,36.097838,55.226812,47.598398,32.217897,36.705117,43.589049,42.088899,47.354108,47.124405,37.063917,47.943289,41.101150,39.087238,41.397366,42.504568,36.659226,42.602155,41.976610,41.706712,37.666602,38.507971,32.743811,39.232841,42.402628,43.352242,37.399099,45.490659,34.683829,37.184205,40.288341,38.056147,38.658677,43.636821,40.446658,35.178509,43.077206,38.020119,40.165702,38.565740,45.247692,41.044328,41.793943,37.538424,36.882152,43.571660,42.608071,39.302338,39.814342,38.145669,40.425703,38.825402
Trường Trung học cơ sở Tân Định,35.892258,39.894798,31.944635,32.211546,38.334438,35.222089,36.279536,39.649508,26.356350,39.948795,0.000000,42.566205,36.241577,24.736265,21.215586,38.504032,30.983367,37.525190,30.541185,42.476974,29.457908,45.783476,38.603625,41.075909,40.565934,36.553019,40.986603,40.447674,43.275051,38.117768,38.795695,43.245328,40.460203,36.613947,39.570194,27.942116,38.542993,38.229989,39.369671,41.388832,30.655268,45.402539,38.585196,40.234950,39.724975,36.587912,45.621962,42.814958,35.517148,36.107657,33.020686,31.793037,38.264460,37.829262,30.375247,37.933061,38.290366,37.743807,36.092645,40.720421,46.707721,38.249454,36.731096,39.545537,34.177812,39.268122,37.141041,51.532925,35.819207,41.486467,44.769270,39.297828,43.176240,44.465802,34.815554,34.785087,51.368896,46.891033,38.067097,38.574571,41.564518,39.895522,39.699655,46.417631,38.786529,46.380739,38.704020,41.263979,38.971605,40.637833,37.222764,40.505007,40.147368,39.863836,39.433678,39.943003,39.571274,39.286771,40.086876,41.519041,38.220075,43.986923,39.515298,38.432431,38.413341,39.687739,39.941614,41.905444,33.023869,37.023746,41.490861,42.841122,41.420482,39.966567,44.086725,39.995941,43.874844,37.907059,38.229665,42.173487,41.752321,42.221890,38.932541,40.800175,39.577591,42.451783
Trường Tiểu học Hoàng Liệt,41.641925,45.190865,39.909478,42.202892,44.859029,39.772690,44.473306,46.875724,38.983062,41.360496,42.561260,0.000000,42.022204,41.316917,43.233785,35.099235,46.173383,40.020068,35.071381,28.598074,46.909096,40.965033,27.571891,42.220198,32.819283,39.055248,36.601119,45.161784,46.921701,40.065494,24.047504,35.717891,37.217505,36.074089,38.313181,45.244316,36.423402,29.478154,35.030116,39.664746,47.430511,40.560959,34.086666,44.749002,35.095594,38.584519,41.721272,39.020585,37.469484,35.294433,47.162946,44.593491,33.178408,36.692399,45.311803,42.003608,34.828483,35.404412,34.890463,35.300626,48.740285,36.895390,47.686647,38.839359,44.629172,37.966423,43.441333,53.121175,40.678505,36.927631,38.437350,40.057595,45.741417,46.994967,46.089993,44.251423,52.564941,45.537626,32.596577,36.772563,49.249565,39.477913,49.643755,44.546140,36.305734,48.171904,47.167725,37.180245,42.296370,39.665230,36.771941,39.873554,47.229981,38.414801,36.809830,38.392529,32.978521,46.580264,43.217497,48.570227,37.377560,40.500918,34.778655,37.146810,39.793975,37.965703,38.534071,48.672787,41.723575,36.326958,41.077791,37.928851,39.942720,38.439072,42.954154,41.875175,41.490570,37.472331,36.918897,47.978145,43.783954,39.157003,40.888454,38.094359,41.477061,38.697291
WinMart+,36.183919,37.983152,33.804503,35.881362,32.436217,31.575185,33.437599,43.158501,29.991983,40.993493,35.151309,40.300653,0.000000,33.987263,34.993625,36.666780,43.009725,30.695829,23.565404,35.818267,39.025723,44.336078,36.427776,38.811089,44.202043,31.012002,42.389878,42.185944,44.848312,34.111121,38.673174,41.620457,41.790089,30.610895,41.011285,37.588870,38.265060,38.311080,32.777048,39.968884,41.139519,43.987248,38.342503,41.836344,38.187786,33.180064,44.351556,43.872160,28.816965,34.976833,40.841041,33.613765,36.678277,32.420030,39.068295,39.168330,33.195017,39.007579,28.885231,39.352508,47.703581,27.482342,37.231553,35.966246,37.206479,32.439642,37.931517,51.003395,30.776110,40.220961,45.398487,33.987871,44.075566,45.468011,37.463255,33.552754,50.882183,46.182854,29.492488,30.757737,42.057753,40.320455,44.962754,45.549199,39.453686,47.178668,39.120062,41.936535,39.968567,41.026576,37.481765,40.946894,40.490814,40.211965,40.118323,32.948676,27.627720,37.285404,41.045484,41.944201,38.496217,44.717073,30.112888,31.512214,38.710228,32.050967,40.230362,42.330962,39.073296,32.059170,41.856726,43.147446,34.288750,33.096926,44.453147,37.043573,44.224128,38.127511,32.622977,42.522939,42.086710,42.520129,39.258743,41.050793,39.895429,42.707257
WinMart+,33.136438,36.222140,29.420667,20.582755,33.397981,32.574120,34.240374,25.648872,33.141637,36.789471,23.575403,39.503923,32.908267,0.000000,25.277659,35.984377,24.706815,34.247230,29.174662,39.832977,28.466502,42.829734,36.575084,37.725360,38.007830,33.886971,38.359579,31.945654,34.030870,35.365684,36.826636,40.757245,34.228963,34.921675,33.058550,36.017531,36.574086,36.354811,36.970736,39.544595,34.535080,42.524891,36.640632,32.594013,38.045488,34.540987,42.925951,37.191729,34.004204,34.661252,38.498149,34.792328,36.762139,36.032671,33.527955,32.863212,36.436997,32.612466,31.222846,38.909359,39.376343,36.797896,41.442269,37.709477,37.817812,41.895630,35.650782,48.269569,34.399337,39.809151,41.054439,42.120975,38.286115,38.405692,38.821050,37.962953,48.395946,44.966174,40.468800,40.611422,44.664323,43.109196,43.065909,44.324836,36.063037,40.807700,42.089796,38.129436,34.739810,43.432592,40.007090,43.588201,42.882569,42.514182,36.549621,41.952079,41.615657,42.105352,35.765070,44.284130,40.685576,39.191641,41.287314,40.657516,40.996343,41.893106,42.121212,44.540313,35.929621,38.672826,43.845627,44.639354,43.340170,41.949290,45.975608,41.585904,45.729321,39.943960,40.006083,44.330088,40.215440,44.088785,37.648386,42.721673,38.302062,44.036927
Cục Dự trữ Nhà nước khu vực Hà Nội,36.946616,41.975598,35.173251,37.395332,37.906407,34.458214,37.104358,44.736823,28.992952,41.685637,26.481410,44.428200,35.518047,26.677230,0.000000,39.693832,44.140395,37.136674,29.491461,44.032887,31.032705,47.735896,39.564954,41.394925,40.725397,36.068270,42.408209,43.051398,45.688918,28.985182,39.690747,44.732483,42.468549,36.352732,41.732543,33.544419,39.397778,39.017137,39.360953,42.375004,39.517365,47.188335,39.432573,42.641975,40.540964,29.547941,47.279710,44.448140,35.153666,36.604104,39.021323,36.067766,38.927354,37.668402,36.750396,39.782400,38.171715,39.623342,38.898165,41.598026,48.338104,38.829821,41.927684,39.545501,37.835478,42.297106,35.732655,53.797927,35.562171,42.378372,45.777625,42.609446,44.581010,46.050405,39.303540,38.061987,53.411791,48.003688,40.489415,40.655794,46.033440,43.952706,45.606128,47.708054,39.801213,47.684356,42.649589,40.840292,40.472055,44.249082,39.873799,44.576493,43.489981,43.076112,40.465989,42.305801,41.909530,42.519395,41.551072,45.386219,40.806982,45.176908,41.504444,40.779736,41.204998,42.248961,42.520640,45.678933,35.472242,38.534754,44.693064,45.463052,43.939343,42.289980,47.169985,41.823692,46.838137,39.965403,39.980295,45.214141,42.280733,44.827419,39.436038,43.155969,40.064305,44.673512
Trường Mầm Non Đại Từ,32.400956,31.977222,32.589455,37.407161,36.277596,31.409617,27.888263,41.469440,34.678673,26.948968,35.630494,32.099028,36.496482,34.772704,36.644212,0.000000,41.681029,35.323120,30.369805,26.631384,39.540131,41.113974,33.401749,38.789375,27.866802,34.775893,35.502799,41.329561,43.068190,36.271966,32.081513,38.270184,39.639653,32.047129,40.648679,39.153306,30.971308,33.655115,32.011927,37.299710,41.518289,40.896400,31.535255,41.133906,35.393387,35.229842,41.644691,41.848607,34.655201,28.516212,41.322770,35.168645,33.886651,34.025582,39.940986,39.195964,32.482160,39.086704,31.675514,27.785714,45.204180,34.452313,37.765607,36.848204,37.636300,36.292689,38.951429,49.402839,38.830383,37.903249,40.574410,38.959055,42.977095,43.833351,41.108830,34.860876,49.452545,32.423366,30.339669,35.195476,41.089645,39.880738,44.310127,43.765788,38.691076,45.161993,39.014131,41.233001,39.802423,38.564469,35.338739,40.328814,40.059989,37.324131,39.355115,37.250975,31.113290,37.647420,42.597714,41.087154,36.072811,44.449220,33.411050,35.774143,38.894346,36.637170,37.317362,41.397130,39.000676,34.091671,40.342818,36.797176,38.959095,37.334000,42.452854,40.127257,40.774231,36.460350,35.883713,41.682768,43.145699,38.232966,40.289809,37.164372,40.885310,37.840827
WinMart+,41.003285,45.216598,37.192779,34.936367,46.508428,40.340156,40.075528,38.910296,40.526852,44.475869,29.967797,46.443782,42.359717,25.715906,42.762259,42.395430,0.000000,43.039007,34.400160,45.843529,48.471831,48.951982,41.856023,45.590310,44.039786,41.281518,44.462189,34.471575,39.281965,42.514177,41.713880,46.304415,36.876922,39.466266,35.237031,45.711186,41.506076,41.108070,42.869491,43.903174,36.764558,48.441367,41.497263,35.121485,42.236648,40.147738,48.430693,40.857732,38.408643,38.669324,48.409845,44.699296,40.713853,40.722531,35.422057,34.366913,41.184510,34.009277,35.379262,43.086352,46.762733,40.470563,48.933328,42.184745,44.699120,39.620256,37.237467,53.999891,38.293452,43.761003,44.219776,47.234043,41.770504,43.253997,46.720446,44.274168,53.622020,48.712161,36.611718,44.234076,50.739152,49.011551,51.645763,48.559690,37.264644,46.307590,48.023628,40.021272,36.518820,48.755546,44.521379,49.395779,47.966120,47.459875,37.953199,45.818246,45.482957,47.165380,37.862188,49.744190,45.057741,43.679374,44.677523,44.660859,45.589855,46.052727,46.265217,49.847845,41.117564,41.583367,48.572684,48.548549,47.255172,45.752656,50.288637,44.705248,49.939089,43.581855,43.189205,48.821887,41.228362,48.042348,38.264495,46.545921,38.968667,47.486094
Cà Phê Parkland,36.317017,38.335770,34.230399,36.096899,33.252089,33.471960,34.234199,42.172254,31.320180,40.956540,35.439269,40.367607,31.688057,34.368508,35.258134,37.347969,42.310067,0.000000,26.175833,36.370809,38.846393,43.970911,36.843889,35.602729,42.056671,21.242298,42.139742,41.718365,44.081744,28.385464,38.903533,41.544568,41.458888,30.330961,40.731064,36.129937,38.558400,38.550493,31.760804,40.037761,39.895630,43.673720,38.617875,41.437622,38.383660,29.529010,44.038366,43.414192,28.875133,35.497236,39.591217,32.308946,36.967033,31.771732,37.953502,39.040114,32.384887,38.897041,25.968419,39.447938,46.778605,27.711175,34.759085,34.747298,35.511574,31.896153,36.985980,50.072701,30.522392,40.264771,44.992843,38.520456,43.644338,44.841699,35.818001,31.693516,50.045341,45.879080,29.448869,30.603577,40.949560,39.033187,43.930759,45.220041,39.387010,46.459435,37.645485,41.749827,39.806996,39.997551,36.315425,39.762095,39.477539,39.189391,40.017674,39.463877,39.058436,35.895878,40.834158,40.980983,37.477545,44.118758,39.079648,37.783604,37.645259,39.132788,39.420974,41.452856,38.171883,36.503314,41.055479,42.627328,41.078657,39.497199,43.983867,39.628607,43.746207,37.301198,37.722593,41.832309,41.986150,41.940395,39.233740,40.395244,39.853812,42.238310
Trường Mầm non Định Công (Cơ sở 3),32.567644,33.643093,30.894194,31.760630,29.391778,26.386267,31.295844,34.585889,28.072884,33.077970,31.583129,35.261020,23.734513,31.154448,31.714344,32.197613,35.962688,24.963322,0.000000,32.802125,33.842276,38.446932,33.524546,29.065984,29.246152,24.669995,35.555641,36.699046,38.009000,27.693112,34.499421,36.993505,37.332764,25.597982,36.682414,33.187056,23.782812,34.811571,24.655302,36.591661,35.795623,38.382084,34.322296,36.775667,35.346672,26.876665,38.970756,39.058862,24.152624,32.622939,35.566772,30.997712,34.330159,26.951538,34.899880,35.903648,27.561788,35.779736,25.278732,36.208485,40.681325,24.335634,29.789257,30.626075,31.243304,28.012930,34.525501,43.517857,26.787609,37.050942,41.414573,30.162278,39.588043,39.888664,31.431978,29.141289,43.968639,41.942096,26.277845,28.185562,34.289479,30.833324,38.816443,40.948785,37.384470,41.354631,32.473120,39.109109,36.869458,29.521117,28.334510,31.393117,34.336103,29.482134,37.811021,30.453340,25.371450,31.982611,37.675738,34.908848,29.577726,39.627909,28.021946,28.992756,29.525747,29.393868,30.122640,33.191320,34.326189,30.146482,35.714623,30.396285,31.652463,30.632499,38.144248,34.818687,33.676773,30.816351,30.659334,36.487674,40.508506,31.928832,38.179111,36.197676,38.765300,32.134772
Highlands Coffee,41.015327,43.606239,39.639830,41.672472,43.798084,34.915835,43.280409,45.614405,35.963377,34.215796,41.972049,24.899500,37.571802,40.920592,42.584781,29.594443,45.184593,36.560428,32.661827,0.000000,45.741909,40.202738,29.953410,38.914560,29.268205,36.048189,23.208179,44.434491,45.968424,37.092903,19.033428,36.157741,37.290954,31.918058,38.275918,44.428104,31.261740,23.149569,31.922466,39.440058,46.409507,39.950147,20.189950,44.098646,35.483424,36.166554,40.956872,38.896244,33.907644,20.309243,46.176066,43.965047,33.786326,33.472509,44.597997,41.675131,32.334004,35.585090,33.103658,35.636306,47.701951,33.795616,38.068457,35.628495,44.068979,35.344910,42.965537,50.130967,36.881941,37.051551,38.390945,37.682982,45.142673,46.217604,45.342204,43.751075,50.077782,44.704624,30.580254,34.610840,40.704516,37.393089,48.494691,43.656531,36.394861,47.326609,39.032347,37.225987,41.968680,37.401512,34.839699,37.788897,39.926974,36.466639,36.873113,36.359429,31.167656,37.913782,42.839585,40.734491,35.352871,40.159447,33.138045,35.088525,37.837447,35.779538,36.373293,38.726139,41.464868,31.124583,39.104085,36.023814,37.781963,36.448720,40.963196,36.427339,39.431808,35.805845,35.371238,37.041268,43.593647,37.302839,40.808149,36.453122,41.388558,37.039187
WinMart+,36.149372,40.169318,33.411163,33.810968,36.413862,34.016174,36.502845,39.600271,29.527550,40.218507,30.636556,42.818527,34.766935,29.006304,24.149363,38.727527,32.966784,36.196654,29.719557,42.705248,0.000000,45.995031,38.805456,41.069543,39.723903,35.457544,41.188733,40.301487,45.376639,41.826054,38.960177,43.448903,40.348426,35.961966,39.560563,31.957183,38.709608,38.396882,38.536557,41.558257,30.814173,45.606842,38.752056,40.131686,39.885094,38.002416,45.818214,42.448398,34.885062,36.268156,39.699932,35.808251,38.415485,37.171752,36.662497,38.062826,37.632966,37.901171,39.161981,40.853593,45.669779,38.385492,43.168578,44.297614,37.995984,42.931799,35.415347,51.697339,35.261241,41.639654,44.336062,43.363291,42.784684,43.837078,39.840447,38.239497,51.516072,47.020671,40.873711,40.997658,47.712216,45.165655,47.987677,46.564446,38.837922,45.565786,43.615292,41.141665,42.802733,45.336331,40.240075,45.857858,44.431256,43.862058,39.450997,42.776847,42.338630,43.314558,40.017084,46.692449,41.204135,43.319917,41.823128,41.115773,41.668917,42.763122,43.060451,46.975485,35.288586,38.617571,45.632122,46.264814,44.579616,42.744101,48.303029,42.140895,47.902544,40.181525,40.217258,46.170785,41.676283,45.570592,38.957282,43.741190,39.585916,45.279133
WinMart+,43.035637,49.188820,40.638701,43.301609,47.024227,39.963192,39.831961,49.324105,42.501797,40.836261,43.786001,40.830635,41.891327,42.258018,44.507450,38.833526,47.993271,43.922143,35.612736,41.126352,49.120879,0.000000,35.420376,45.609033,38.531664,42.593429,41.840761,46.503558,48.587574,43.414946,33.517761,31.823945,34.303338,41.068601,35.648840,46.723851,42.158624,35.303486,39.352916,35.942367,49.190383,34.765375,38.800618,45.964113,29.935969,41.474584,37.177787,35.858793,41.402044,33.396996,48.886733,45.698296,27.783595,40.572771,46.578984,42.660081,38.487811,32.878326,44.857220,31.929963,50.457030,40.595138,49.255154,42.026400,45.588996,40.860393,44.287666,50.836710,43.686271,33.234179,36.075385,47.634236,46.779174,48.359732,47.371822,45.099952,42.157689,43.837514,36.221883,39.508696,50.749005,49.245830,51.533933,38.454885,33.366130,49.613487,48.378669,33.382164,42.907449,48.990032,45.220419,49.568708,48.297087,47.815007,33.751470,40.610413,36.188905,47.570769,43.919475,49.864109,39.812890,38.909433,45.793869,39.674002,46.091488,40.441324,40.848250,49.949001,42.218423,44.715095,48.795272,40.123125,41.947781,40.625265,50.311172,50.499624,49.995770,39.505426,38.929091,48.999950,43.247179,48.264463,40.341807,46.882056,40.947650,40.508090
Trường Mầm non Hoàng Liệt (cơ sở Tứ Kỳ),37.129780,38.445603,36.441540,38.738859,40.243346,38.285013,38.929524,42.323670,38.573663,38.783816,38.980198,28.952267,40.034180,38.121783,39.737310,35.128461,42.385724,38.818731,35.111245,32.079397,42.686161,34.059216,0.000000,40.616727,33.498092,38.187816,32.285783,42.076711,43.508751,39.000962,28.827575,31.101031,34.927166,35.787417,35.999385,41.815353,35.974385,25.457998,35.050912,36.343929,43.930692,34.305864,28.154747,41.883444,31.936978,37.937952,36.044521,36.217231,36.857913,26.309273,43.697273,41.742642,30.446118,36.311095,42.306218,39.932794,34.891750,33.631507,34.919745,32.237468,45.484510,36.479381,44.526791,37.969932,42.092714,37.377522,40.948943,45.621990,39.217823,33.862856,36.329406,39.169207,43.439249,44.274361,43.186831,41.903383,46.199768,42.132017,33.052870,36.475347,46.377495,45.240458,46.251861,40.432143,34.858294,45.476845,44.518750,35.281188,40.414563,38.870958,36.500170,45.547538,44.844448,44.517189,35.259749,37.844363,33.321006,44.254647,41.263443,45.962164,36.993563,38.407162,34.805034,36.787961,39.066896,37.452867,37.935811,46.107207,39.838815,32.146793,45.455558,37.475288,39.129633,37.900162,41.806363,37.061270,40.497108,37.129779,36.671207,45.761651,42.852977,38.549213,40.178749,37.683704,40.759014,38.200398
WinMart+,43.564890,47.416122,36.548313,38.338439,46.590716,38.023714,36.238555,43.413443,35.281508,42.720379,37.257355,41.544730,38.531138,40.424296,41.716722,39.524709,43.255929,36.251389,30.431291,38.060767,41.423071,44.432203,38.277254,0.000000,43.186074,36.813855,43.178247,42.563553,48.440296,39.844999,40.243549,42.321664,42.176539,36.757304,41.559650,36.593348,39.964988,39.720959,40.329354,40.840798,43.145572,44.177211,39.983065,42.256947,39.347926,36.577493,44.448073,43.849933,35.448516,37.018431,42.592684,30.157370,38.040828,38.227907,39.379159,40.274556,38.791176,39.762685,30.603508,40.294907,47.196322,32.714111,42.218171,40.242115,39.443125,42.493265,37.601877,49.683356,35.818031,40.973630,45.563694,42.899850,44.459307,45.683423,41.790946,30.573681,49.690227,45.981866,40.384889,40.593901,47.438052,44.701422,48.993620,45.408956,39.892929,47.097048,43.041298,42.154111,44.358491,44.955342,39.658959,45.464005,43.982909,43.450588,40.506586,42.450107,42.003423,42.807479,41.792760,46.393030,40.744766,44.718251,41.530728,40.712329,41.197543,42.411624,42.717728,46.710985,36.712412,38.293067,45.350238,46.077019,44.323008,42.427299,48.175966,41.883629,47.758361,39.795791,39.858550,45.932484,42.364069,45.349148,39.620031,43.435427,40.223490,45.083125
WinMart+,39.274954,40.808078,38.393788,40.099066,38.858920,40.278953,36.718450,44.536828,37.956071,44.518356,39.343112,31.140251,41.627703,38.308826,38.950133,26.873127,44.224387,39.130678,30.357627,27.965070,41.760033,45.500228,32.300649,42.044396,0.000000,32.485199,31.523018,43.435968,45.254400,39.345945,31.010794,43.159948,42.946900,32.963918,42.415206,40.239882,27.323135,32.259655,37.049284,41.423698,42.442463,45.162162,30.728670,43.120599,39.845076,37.715504,45.390431,39.220337,29.983635,28.913624,42.264532,37.210573,38.452384,38.078589,40.865315,40.725844,35.777662,40.638555,38.149846,28.210287,47.133207,27.627109,42.429520,41.406107,39.506979,39.155754,39.809310,50.926911,32.431481,41.513533,38.666360,42.181108,44.472118,45.552151,39.680479,41.414445,50.831050,32.300729,30.311071,31.644616,42.554834,40.960076,45.006753,46.188444,37.546203,46.796091,39.975961,39.600751,41.160471,38.705477,35.199300,41.528947,41.070968,37.125733,38.072682,34.178221,27.733601,40.296120,42.059043,39.310078,36.463547,44.504622,30.662405,32.487996,36.503463,33.205913,34.030791,42.452199,39.670092,32.818718,38.284637,33.903426,35.852176,34.329046,39.951117,38.649171,38.016943,33.941855,33.518657,40.938540,42.470286,35.569200,39.810602,34.746726,40.397382,35.450347
Trường Mầm non Sao Mai,35.918253,37.615866,34.083079,35.661939,33.182805,33.336529,34.093855,40.496818,31.605458,39.274090,35.103669,39.461944,32.117780,34.202894,34.969534,36.641078,40.992403,28.667108,21.015063,35.992620,38.060365,42.787525,36.466879,33.242452,40.606521,0.000000,40.756012,40.755042,42.752442,28.467080,38.221848,40.691864,40.708305,27.367365,40.031170,36.697883,37.912051,38.008878,27.380624,39.482437,39.628452,42.589315,37.971625,40.568119,37.964329,27.560246,42.988591,42.552854,25.886010,35.280155,39.363221,31.775181,36.674960,28.765023,38.079260,38.570292,29.394830,38.436017,25.176930,38.947432,45.357079,25.580313,31.812380,32.218164,33.215339,29.479447,37.227704,48.433898,28.183360,39.744661,44.253558,31.367870,42.828890,43.771393,33.502299,30.238365,48.551686,45.060790,27.455439,29.096747,37.565753,36.110493,42.891368,44.318149,39.112986,45.304846,34.953833,41.291394,39.338114,37.270777,34.531323,36.762895,36.983388,36.804250,39.700672,37.650289,26.247884,33.910592,40.298007,37.998456,35.630312,43.122922,28.774561,36.081487,35.661711,37.191357,37.462271,38.495868,36.338526,30.792416,38.541888,40.428710,39.051172,37.717382,41.341288,38.181256,41.206138,35.820548,36.431378,39.369143,41.746962,39.801335,39.095322,38.508032,39.698814,40.372168
KFC,38.008535,40.132563,37.023824,39.552338,41.632501,39.657379,34.045935,43.925440,38.716594,42.528310,39.905098,41.773788,42.719339,38.734394,40.740699,31.852071,43.644148,39.998569,34.017480,36.067364,44.112521,49.700316,38.892038,42.716947,28.435598,38.795008,0.000000,42.950849,44.730929,40.033575,29.965030,43.788046,43.303475,32.376780,44.310775,42.918177,31.422175,32.959569,32.222397,41.297972,45.165813,48.688299,29.131264,42.660286,40.884766,38.285415,48.626245,46.555281,34.928515,26.350172,44.964084,42.605517,38.823294,34.248864,43.196427,40.367255,32.623325,36.906090,34.140813,26.605745,46.638523,34.666153,40.585977,37.082916,39.901988,36.496538,41.777974,57.724497,39.251252,41.955516,43.890108,39.130131,49.545153,45.121783,44.178879,36.955277,56.668480,31.994664,30.434174,35.314595,43.353356,38.567939,47.674545,48.729571,40.707945,48.549825,41.278013,43.808104,42.956655,38.702276,35.440553,39.058582,41.991259,37.435483,41.533869,37.452187,31.243971,39.634852,45.371220,43.176178,36.176666,48.097697,33.518339,35.930215,39.029450,36.797211,37.467774,43.437273,40.243664,33.908716,40.490616,36.946355,39.145435,37.460499,42.614680,40.535972,40.964445,36.572118,35.943415,37.927530,44.346543,38.349762,41.179951,37.229976,41.800816,37.955675
Trường Đại học Công nghệ và Quản lý Hữu ,39.886628,42.881955,37.037040,35.557077,42.996339,39.386744,47.303856,37.668712,39.574660,42.578777,39.112837,44.377730,40.704536,30.602418,41.123310,41.166179,34.501152,41.296624,34.860607,44.128848,44.996257,46.655648,40.997042,43.410475,42.560526,40.172532,42.877062,0.000000,31.486457,41.156910,40.832101,44.631864,31.956558,38.972674,30.095157,43.521226,40.651090,40.338652,41.628460,41.269691,40.379116,46.248052,40.649711,19.016301,41.485613,39.464055,46.367973,36.404519,38.162727,38.357182,45.702886,43.126215,40.198004,40.070925,38.727145,28.277825,40.440628,30.401524,35.558496,42.125967,37.711306,39.948647,46.447151,41.312160,43.349225,39.140946,39.231027,50.934137,38.010367,42.849109,41.273095,45.643919,36.956482,36.504774,44.784198,43.048578,50.846475,47.189238,36.580356,43.396278,48.291065,46.923734,48.531332,46.942345,35.591684,41.068218,46.099228,37.964542,32.149898,46.872480,43.518232,47.264383,46.289775,45.884894,36.129582,44.713241,44.421177,45.614620,33.496610,47.653831,43.945885,39.443182,43.812885,43.668372,44.357420,44.853304,45.048381,47.790395,40.566772,41.098177,46.891807,47.105869,45.967644,44.672041,48.493493,43.889689,48.220785,42.785145,42.535267,47.173285,40.171101,46.650543,37.331163,45.369695,38.053047,46.308054
Không có tên,42.779156,46.380508,39.900449,39.431508,47.782624,42.235287,52.210208,44.086120,42.305809,45.620334,42.917720,47.179395,44.189818,33.557544,44.361499,43.680769,41.971724,44.615267,36.536745,46.572195,42.536105,49.228569,43.002254,47.362620,45.027686,42.932700,45.384999,32.343029,0.000000,43.900906,42.786107,48.846636,37.489257,40.728438,35.543311,44.932341,42.623364,42.233539,43.985168,44.232836,44.438120,48.820612,42.597712,33.589466,44.632662,43.932347,48.784575,42.031726,39.753620,39.870083,46.677625,41.430459,43.132598,41.879902,41.265778,33.560853,42.290889,34.057925,43.639575,43.879904,47.799169,41.398334,48.497981,43.120636,43.392779,46.323908,42.004390,53.710355,39.502110,45.009117,39.320336,46.884430,41.741824,43.446584,45.292896,43.077742,53.400543,48.930402,44.260948,43.907555,50.450020,48.671459,50.230278,48.820949,37.460350,46.890320,47.640685,40.448720,36.068413,48.441406,44.110568,49.072317,47.621915,47.128364,38.199994,45.510487,45.167421,46.795845,37.512952,49.455083,44.692451,44.041062,44.388311,44.320537,45.224368,45.729650,45.951073,49.567579,40.078361,41.286634,48.292665,48.310889,46.983168,45.455742,50.085277,44.450351,49.726912,43.250702,42.881058,48.559700,41.202478,47.797084,38.179208,46.264199,38.892037,47.257515
WinMart+,31.354561,33.836942,35.595295,37.174624,29.831170,36.169785,35.417151,41.673935,34.029853,40.801756,39.252116,40.402608,36.077300,41.445140,42.886147,38.178326,41.890439,30.758918,29.649119,37.163897,42.916770,43.327052,37.466581,39.855283,41.649343,27.501793,41.720356,41.491167,47.985053,0.000000,39.204427,41.368313,41.316759,29.100784,40.699415,39.643927,38.938022,38.872917,29.882472,40.099524,43.974420,43.121713,38.980574,41.269924,38.665871,26.277333,43.461214,42.999646,27.766484,36.308316,43.554617,34.091448,37.426697,30.415916,40.972180,39.198329,30.977828,39.082927,22.803276,39.580875,45.658579,26.959438,36.505204,42.255840,36.859955,40.396723,39.173832,48.487903,29.514213,40.292951,44.494863,40.589498,43.196536,44.148250,37.269829,31.343974,48.588559,45.277466,38.516815,39.101201,45.228295,42.050430,48.233211,44.602719,39.492018,45.554158,39.997142,41.626544,39.846687,42.835506,37.391205,43.041790,41.911698,41.361463,40.071497,40.967445,40.469508,37.040609,40.766923,44.413773,38.746279,43.353619,40.227116,38.965586,39.075140,40.732245,41.080652,44.893327,39.596681,37.038689,43.686436,44.924543,42.992180,40.969068,47.090627,40.749676,46.664561,38.210530,38.568801,44.480974,41.921162,44.102573,39.294768,42.085447,39.890029,44.049926
Không có tên,36.448178,37.424211,35.914348,38.046088,39.334845,36.837108,33.337281,41.269704,37.193217,36.964032,38.306980,37.405729,39.392681,37.420104,39.057955,31.617838,41.438019,37.975223,33.523147,18.911201,41.618136,44.377984,28.771340,40.313184,29.289728,37.258006,31.264755,41.166409,42.594824,38.301694,0.000000,40.720569,41.358009,32.059004,42.264413,40.985424,31.393350,26.980663,32.024241,39.529460,42.930588,43.995813,20.844070,41.004739,39.083433,37.132366,24.987219,43.694095,34.010906,20.571835,42.769867,41.007006,37.488235,33.568629,41.446984,39.300745,32.392525,36.181160,33.784291,23.918714,44.400094,33.926755,39.127863,35.818322,38.769775,35.563198,40.431869,51.333068,37.221721,40.105191,42.059888,37.926013,47.217480,43.286360,42.394817,36.295611,51.195148,30.808738,30.601309,34.721043,41.703272,37.585789,45.253227,45.601472,39.781568,46.252225,39.957939,42.406027,41.650791,37.609681,34.890527,38.022461,40.733241,36.648016,40.471702,36.564310,31.262435,38.663326,43.710125,41.673862,35.515542,45.561806,34.371731,35.267935,38.064390,35.986279,36.586094,41.924538,39.325631,32.946180,39.351627,36.214725,38.027129,36.655507,41.248818,39.110383,39.697791,35.980820,35.461344,37.217133,43.655186,37.503322,40.748388,36.595898,41.344467,37.233638
WinMart+,40.765381,43.802730,34.362418,41.576512,43.972225,38.736328,41.214173,45.994486,41.089731,39.058116,41.923596,43.028108,40.429895,40.792118,42.603576,37.790118,45.460016,42.326104,35.405423,42.864783,46.102626,30.648395,35.099126,43.894209,39.985629,41.338808,40.261489,44.626724,46.277719,42.084339,35.949958,0.000000,35.239717,42.200263,36.483119,44.610364,43.256630,35.054271,40.519141,37.135415,46.762042,26.818629,38.032496,44.261059,24.775585,40.570633,30.015740,36.846590,42.365436,30.147606,46.510421,44.079299,22.909809,41.586918,44.763482,41.669377,39.586653,33.695455,43.758039,43.367848,48.113746,41.566461,47.092346,42.819106,44.174570,41.676767,43.001224,40.334941,44.322850,29.582316,36.803351,46.186903,46.516942,46.514736,45.557935,43.830949,39.593699,39.091290,37.422637,40.360678,48.689290,47.424340,48.980503,35.998473,32.264836,47.691933,46.667823,31.898315,41.987123,47.339007,44.147367,47.730486,46.782111,46.385332,32.608175,41.289607,37.276694,46.149545,42.954243,48.077294,40.579356,39.299194,43.350969,40.465091,44.925872,41.190137,41.537967,48.188198,41.417832,42.263254,47.306773,40.820753,42.526347,41.297983,48.780495,47.828384,48.524635,44.690209,43.325855,47.554354,43.353401,47.031572,40.481574,45.810669,41.079296,45.471425
MM Mega Market Hoàng Mai,49.581075,54.499484,41.456399,34.754995,51.659394,46.529760,52.536646,35.761020,47.247368,48.407089,37.282012,52.587985,38.575927,31.478304,49.039898,49.366171,33.881050,39.108878,34.529868,50.838066,52.526262,48.186929,44.847311,40.848279,45.204737,38.453566,50.044565,31.376400,35.059350,39.250741,41.950390,47.758977,0.000000,47.547711,19.425430,40.661053,49.260449,43.409640,45.091927,41.496987,40.152386,52.305335,46.038072,32.120663,42.624217,38.171738,51.964994,28.160857,47.095857,45.086418,41.897730,39.140182,40.841614,46.102799,38.833132,32.573881,43.547506,22.898591,35.152491,44.957873,39.369500,45.944675,43.443842,47.103750,40.735426,45.472060,39.233978,58.384580,48.916099,43.272086,33.314142,46.192820,38.227512,38.339703,41.651881,40.640423,57.503008,50.909840,45.797956,43.766875,45.373219,44.295288,44.480947,51.288653,33.838483,40.877855,43.598788,36.817879,34.569300,44.440082,44.417912,44.611185,44.018743,43.716814,34.445383,45.678182,43.598885,43.445939,37.267030,45.051978,45.048957,39.642014,41.091958,45.017493,42.513429,45.887589,46.142662,45.214607,38.814141,41.749571,44.656467,45.041049,47.010230,45.621538,46.190450,46.260149,50.046706,45.922735,43.246945,44.988918,40.432799,47.770743,37.745411,46.234734,38.416741,46.712533
Trường Tiểu học Đại Kim,35.712326,36.298139,35.353627,36.233102,34.859956,38.199094,32.982219,39.123347,34.022191,35.444336,35.862122,36.268864,30.436356,35.169453,44.209253,31.462610,39.627012,33.286369,25.991477,33.280097,37.760858,42.438522,36.070578,35.026325,32.895396,27.761347,32.234257,39.616097,40.963951,29.674720,31.476581,39.527642,40.471734,0.000000,41.318977,42.851887,19.780456,32.627661,26.565913,38.625464,44.712331,42.231664,28.553451,39.540420,38.324608,28.857139,42.698865,42.442566,23.110730,30.782415,44.553150,39.070874,36.924675,31.151374,43.073573,38.148936,29.658574,35.855194,36.472769,38.446893,42.902687,27.227799,40.881797,37.298174,40.310101,36.200898,41.809947,48.730020,28.370059,39.287547,41.201215,40.232503,46.066812,41.945162,40.484295,40.163202,48.830654,33.394009,27.106651,29.548519,41.041353,39.287490,46.888574,44.198716,39.311604,43.146451,38.360331,41.688089,38.774837,36.667889,33.386732,39.921856,39.776885,35.339724,39.950392,32.495329,25.582119,38.967812,42.880445,37.848226,34.831131,44.326891,29.030896,30.600466,34.845772,31.250043,32.202641,41.126692,38.574204,32.927325,36.882694,32.305726,34.211737,32.697053,38.762255,39.089136,36.666238,32.574357,32.232846,39.817816,43.263622,34.175899,40.508411,33.468775,41.087791,34.202179
Không có tên,29.542599,51.282797,28.238518,34.995025,40.330155,38.152641,49.067749,36.153997,38.333298,46.628556,37.659004,49.519787,39.004032,31.475362,39.423077,47.604879,34.130261,39.537364,34.654776,48.478291,42.197548,46.212673,43.572966,41.336413,44.201957,38.814118,48.191493,31.365159,35.547416,39.636951,41.220356,46.006419,20.525339,46.246989,0.000000,41.166683,47.602070,42.475177,40.219936,40.700322,40.658279,49.896198,44.933523,32.186186,41.853712,38.455817,49.786054,22.474110,45.982117,44.220184,42.437625,39.484179,40.293389,45.125694,39.211490,32.655442,39.407182,22.294205,35.283084,43.998345,40.191463,45.010470,44.009222,46.075900,41.113903,44.683166,39.628525,55.364321,47.625494,42.493243,33.720285,43.896218,29.245806,38.915061,42.115413,40.993117,54.858076,49.567080,45.042932,43.190736,45.947559,44.810012,45.106215,49.680730,34.028930,41.597791,44.087790,36.684450,34.751954,44.920795,42.127627,45.134184,44.465549,44.146241,34.576109,44.992032,43.048727,43.875681,35.856494,45.566537,42.564853,39.836240,40.763065,44.356818,42.874553,45.150355,45.396883,45.729150,39.056379,41.412295,45.102939,45.555553,46.222153,44.952452,46.662505,45.650845,46.458009,45.287815,42.824583,45.427154,40.387274,45.134330,37.717076,44.006440,38.388378,46.043644
Không có tên,41.643765,46.303804,39.364640,41.865806,44.831433,39.549227,40.552283,48.903935,37.051872,45.374344,31.292155,47.372762,41.598496,37.001588,36.567258,43.026347,47.463237,42.407878,33.543976,46.612342,31.995270,49.881961,42.361100,41.111497,43.690812,40.625718,45.146715,45.758021,46.802118,42.003343,42.148877,47.031208,42.705914,38.999829,42.037721,0.000000,41.943984,41.512329,42.462709,44.383411,38.780387,49.304139,41.926896,45.194607,42.639381,37.403779,49.225546,44.516989,37.901264,38.936811,37.764238,33.675534,41.047522,42.644048,34.497812,38.581347,42.219606,40.014710,38.904783,43.507833,45.880142,41.582802,43.894431,44.704182,36.861521,43.205082,33.786688,55.034838,40.783143,44.198330,44.682067,43.731215,43.238762,44.369064,38.781159,37.317263,54.554010,49.235255,40.854989,40.987384,49.164477,46.003945,49.064118,49.168239,40.038595,46.038075,44.146041,42.414528,43.369165,46.064038,40.145362,46.806139,44.949305,44.282130,40.686543,42.955586,42.475733,43.653799,40.445489,47.692089,41.240617,43.711941,41.901366,41.142888,41.756264,42.969556,43.293013,47.975226,34.292988,38.475149,46.274031,46.812481,44.947824,42.917101,49.183490,42.227754,48.697192,40.115478,40.156929,46.830758,41.845842,46.051225,39.100863,44.017689,39.721489,45.639796
Cà Phê 3k,36.802712,37.549279,36.325182,38.040929,39.012099,37.165336,34.437759,40.554353,37.358780,37.319904,38.251376,37.802395,39.010866,37.510420,38.842046,33.868335,40.813114,37.979600,27.404983,35.528675,40.908626,42.864396,37.236373,39.820828,31.580683,28.640060,35.318179,40.646518,41.834570,29.845577,33.795946,40.226005,40.897864,24.294449,41.677118,40.472072,0.000000,34.368536,28.596580,39.238711,42.103671,42.666857,31.377552,40.527824,38.988167,37.674975,43.057341,42.749743,31.459238,32.931557,41.976398,39.659530,37.672358,30.214187,40.902072,39.094391,29.880566,36.490039,34.538310,39.094694,43.405772,31.849984,37.647732,33.120200,40.694017,33.351194,40.060554,48.430580,37.959145,39.832153,41.533067,36.657289,46.041421,42.522777,40.842956,40.607088,48.548220,34.178938,34.840847,33.940679,41.373457,36.445355,44.089476,44.344017,39.661334,45.167746,39.272613,41.934824,41.242974,38.118255,34.315744,36.944069,40.297579,36.712779,40.274822,36.586067,29.094714,39.642023,43.041145,41.737171,35.129254,44.289886,32.177249,34.744646,38.598363,35.735564,36.612271,41.586438,41.162800,35.059973,40.319439,36.091616,38.636586,36.697163,42.786860,41.987494,40.835044,35.806375,35.192175,37.428319,43.349127,37.835138,40.644511,36.642847,41.207141,37.434034
Không có tên,36.875294,37.861760,36.304402,38.336179,39.572189,36.010784,38.213477,41.412585,36.593998,35.816037,38.589599,30.617471,38.120844,37.719770,39.274353,32.125311,41.603782,37.171959,33.513676,33.591589,41.784514,34.282536,26.801563,39.178171,30.153560,36.645275,32.238986,41.316050,42.710099,37.553182,26.987027,31.854851,34.926268,32.364720,35.892309,41.160320,31.921483,0.000000,32.278026,36.162390,43.039030,34.547471,26.349487,41.154537,32.342850,36.648243,23.181387,36.109695,33.900250,24.279981,42.870211,41.157192,31.016973,33.551378,41.589260,39.454031,32.553509,33.675130,33.750353,22.276119,44.459636,33.850186,43.710271,35.419045,41.500753,35.233750,40.535249,43.794326,36.473143,33.977588,36.157189,37.337063,42.689918,43.369183,42.503417,41.414436,44.501458,23.889357,30.973957,34.568035,45.508412,37.116834,45.246430,39.708983,34.878820,44.494347,43.834037,35.354070,39.941744,37.100110,34.737937,37.478685,44.184167,36.292042,35.300720,36.182624,31.488439,43.648014,42.691120,45.196937,35.271688,44.003069,33.436881,35.031923,37.537773,35.647521,36.182970,45.352631,39.473844,32.173532,38.704317,35.884098,37.465370,36.267788,40.429791,37.627095,38.990075,35.709674,35.290609,36.853758,43.176049,37.072901,40.462837,36.306362,41.033901,36.851075
WinMart+,38.273224,39.872631,36.906920,38.504071,36.976604,38.311865,36.592939,42.781909,35.951224,42.141674,37.846063,34.754331,31.710815,36.890893,37.531095,32.233648,42.796206,35.624546,24.764191,32.463538,40.314710,39.965220,34.940707,37.417607,35.816192,27.394214,31.580016,42.241631,44.029239,30.255199,31.197922,37.853309,41.948250,27.131921,41.390715,40.227254,23.233109,32.160485,0.000000,40.739624,42.525101,39.916215,29.034944,41.994555,37.119226,29.027792,40.451906,43.503321,23.424351,30.697809,42.320657,32.354159,35.966492,31.024283,40.888228,39.831000,34.016597,39.734907,28.119562,37.263208,46.093570,24.156749,36.857276,38.657158,33.674315,32.092391,39.755853,45.394606,28.824835,38.014471,39.852627,34.792135,43.645644,44.606914,33.936132,37.897800,45.734516,32.960438,27.404767,29.813292,38.167959,34.861359,45.157339,42.184704,38.496728,45.919227,35.342407,40.520697,40.376630,32.788376,30.149809,35.710036,37.408503,32.091943,39.041147,32.778821,25.722265,36.556393,41.274821,36.024803,31.924387,43.691677,29.204625,30.850634,31.897077,31.542719,32.495289,37.801872,36.643669,31.735637,37.242553,32.563936,34.537652,32.972407,36.631636,37.862360,32.916422,32.798385,32.446675,37.123381,42.126920,34.450944,39.508640,36.628853,40.095793,34.451429
WinMart+,46.857785,50.586035,39.205349,37.078466,48.942251,44.384497,47.971832,38.242078,45.409744,45.709054,46.593444,48.599077,45.277080,34.436309,46.955506,46.830327,37.107882,46.331203,39.774586,47.600238,50.074857,45.133445,42.433613,47.369950,43.368103,45.200465,47.458450,35.601770,38.540993,45.732656,40.105696,45.003678,27.767802,45.506395,31.016281,48.309391,46.861060,41.402744,43.468235,0.000000,49.968057,49.205518,44.141748,35.810672,40.850368,43.989342,49.137927,28.720812,45.300176,43.496304,49.748692,47.353710,39.247741,44.435469,48.039563,35.049298,42.204566,23.640022,46.308077,43.172296,41.164763,44.337395,49.928790,45.462230,47.117380,44.078139,40.276177,55.149220,47.045084,41.600331,32.629576,44.918125,42.294391,40.090338,48.541696,46.635926,54.625800,49.140107,44.497440,42.594471,50.981337,49.836047,51.570083,49.176384,33.493621,40.203411,49.172583,36.438634,35.079487,49.597443,43.287459,50.072588,49.041439,48.643068,34.074956,44.497084,42.477695,48.468425,36.949782,50.283093,43.876580,39.290472,40.175588,43.811144,45.249954,44.621526,44.893595,50.334036,44.173637,40.892817,49.384821,43.919793,45.752507,44.457644,49.487404,45.249375,48.720473,44.843933,42.330135,49.539551,40.337043,46.572493,37.649064,45.172938,38.329109,45.633616
WinMart+,40.931105,44.483665,36.448977,37.056989,42.941006,39.238151,40.174199,41.924415,37.287760,43.969655,30.702192,45.778903,40.749208,34.363933,37.075319,42.202081,36.555940,41.438584,34.200942,45.324858,31.670586,48.094591,41.770772,42.692630,42.814853,40.144375,44.039723,40.662319,44.406691,42.956371,41.613971,45.769710,41.331201,38.867192,40.602821,35.990823,41.426388,41.071585,41.783207,43.665412,0.000000,47.683421,41.426211,38.013836,42.133792,39.190608,47.724390,43.270071,37.929817,38.850969,34.314005,31.500611,40.728646,43.118803,29.716792,37.323404,42.796812,38.814553,40.026176,42.904720,44.242428,42.074719,44.689496,44.984596,35.465714,43.684611,25.821322,52.730454,41.347628,43.557609,43.752571,44.176462,42.038835,42.947337,36.993991,36.151976,52.488716,48.207271,41.537131,41.543485,48.687041,46.150198,47.426809,47.992513,39.352074,44.718947,44.633841,41.632243,42.393675,46.176064,41.001982,46.798087,38.034165,44.633242,39.974043,43.331618,42.903431,34.373188,39.364069,47.530039,41.891243,42.553785,42.303827,41.724586,42.389106,43.380057,43.669469,47.770032,33.390324,39.041193,46.333725,46.795063,45.126967,43.293397,48.883748,42.569696,48.465605,40.722681,40.685497,46.813303,41.423959,46.119247,38.746052,44.282889,39.375288,45.733314
Trường Tiểu học Chu Văn An,45.480169,50.032700,43.191995,45.097333,48.204357,42.739503,48.633752,49.836850,44.261257,44.024560,45.515278,44.474234,43.976741,44.117207,45.998020,42.035432,48.741658,45.374408,38.016362,44.062872,49.676144,40.879600,39.478981,46.661606,40.950972,44.158237,44.094070,47.324185,49.135225,44.802680,26.119686,30.365094,39.727842,43.092664,40.678098,47.680894,44.210296,25.458855,41.351848,42.863519,49.640808,0.000000,30.215294,46.809975,27.126498,42.965637,29.045768,41.802289,43.112253,30.254727,49.388249,46.684124,25.541542,42.366998,47.387994,43.703062,40.343848,37.549817,45.698602,26.945554,50.593517,42.334416,49.646281,43.529026,46.457136,42.341037,45.380036,27.150853,45.022698,30.337159,40.603259,48.144068,47.289823,48.716946,48.062666,46.010088,47.801901,41.837249,38.179253,41.001053,50.881059,49.589817,51.530398,39.281679,33.645869,49.775224,48.849022,33.791107,43.791341,49.351314,45.946282,49.861158,48.735457,48.302597,34.094511,41.852318,37.972443,48.102846,44.723469,50.106923,41.178196,42.176549,44.940468,41.071500,46.756737,41.789155,42.129396,50.175899,43.289184,43.811261,49.149147,41.385639,43.067373,41.855622,50.479573,49.773111,50.188943,40.708777,44.706450,49.322265,44.478598,48.636628,41.514012,47.389782,42.095367,41.584932
AEON MaxValu Linh Đàm,35.010057,35.469221,34.744848,36.844860,37.782142,34.792084,31.993601,39.691588,35.881151,34.051974,37.064079,34.905269,37.423348,36.292156,37.809145,29.584459,40.103857,36.468100,32.537697,31.227249,40.165457,42.080235,28.455976,38.805148,27.151900,35.948422,27.263015,40.032562,41.355538,36.984018,20.411997,38.973752,40.147641,28.535300,41.054515,39.762914,25.975085,26.859234,29.414768,38.301441,41.667879,41.864593,0.000000,39.931044,37.804971,36.079460,29.016811,42.203482,30.811068,24.463607,41.514317,39.957010,36.354366,31.125439,40.338903,38.483757,30.374366,35.395999,34.708041,27.797913,43.191811,31.132977,38.005742,33.716351,37.855815,33.794323,39.454420,48.950938,34.275631,38.870049,40.945236,36.563184,46.073277,42.232538,41.311070,37.485252,49.034125,31.534641,28.777592,32.865421,37.593552,36.394194,43.969800,44.078984,39.064132,45.089705,35.919456,41.499586,40.810429,35.933384,33.258592,36.824377,37.166723,35.125770,39.702742,34.948594,29.367135,36.621953,42.751307,35.774468,33.849378,44.322507,35.375046,33.524801,36.610720,34.183075,34.871973,37.927308,36.649807,33.780201,37.982139,34.667104,36.427646,35.076306,39.997764,40.963790,38.293603,34.612085,36.623963,35.960904,43.211917,36.111842,40.413941,35.319609,41.001976,35.949781
WinMart+,40.963951,43.898480,38.370569,37.447069,44.342299,40.490662,48.046418,40.090434,40.629570,43.511515,40.569112,45.170711,41.912199,32.770530,42.219443,42.033760,37.808340,42.403408,35.860839,44.845501,46.026237,47.315956,41.788834,44.319764,43.334151,41.195264,43.636588,20.582673,35.866919,42.102480,41.527964,45.302403,34.133923,39.696178,32.511447,39.907581,41.365658,41.045083,42.428581,41.991230,39.219966,46.868956,41.355597,0.000000,42.122853,40.316233,46.954774,38.076501,38.905012,39.030528,46.475718,43.883876,40.841653,40.786785,37.780944,26.371256,41.147699,32.141507,36.343442,42.703110,35.043003,40.519152,43.309808,41.959012,44.004613,39.794253,38.292028,51.372752,38.661819,43.426607,40.835525,43.366939,35.871342,34.746171,45.464141,43.660838,51.250325,47.578929,37.211089,41.741846,45.562211,44.314517,49.123212,47.400804,36.274128,40.136518,43.507095,38.687138,30.999589,44.467700,41.496544,44.671922,43.987056,43.650503,36.836908,42.938026,42.654932,43.346116,32.386047,45.171982,42.001621,38.729606,42.251597,41.868811,42.310971,42.959825,43.155007,45.351346,41.154232,39.802007,44.708372,45.245699,44.141732,42.931926,46.420166,42.438812,46.198475,41.156110,41.085319,45.074989,40.022570,44.790734,37.164174,43.604039,37.903592,44.660986
WinMart+,39.414333,41.122874,33.190381,40.359121,41.952321,37.989829,37.273140,43.642572,40.061856,38.090100,40.605973,37.779958,39.427608,39.761382,41.199352,37.215248,43.535535,41.101592,35.370322,38.357894,43.887671,30.088201,35.132529,42.497440,37.373591,40.369945,39.205430,43.102120,44.411291,41.020980,33.850719,26.193608,34.205648,39.092413,35.252070,42.948560,39.585919,35.058595,38.093142,35.315134,44.800392,21.179723,37.540535,42.882759,0.000000,39.830653,31.565376,35.333255,39.544721,31.023596,44.582355,42.731866,19.050240,39.014035,43.270428,40.874918,37.594473,33.064946,42.760044,39.091918,46.115710,39.061924,45.248369,40.143321,42.945713,39.436097,41.908374,33.830231,41.195742,25.055578,35.645151,44.854011,44.117741,44.972734,44.013195,42.713066,32.750106,35.830066,35.882782,38.512317,46.844027,45.792790,46.811394,31.143130,30.599657,46.047788,45.138574,29.714971,41.226190,45.826564,43.156257,46.072586,45.380536,45.068879,30.840902,39.465638,35.863889,44.833289,41.268036,46.435963,38.815601,37.672051,41.449260,38.675954,43.839947,39.264315,39.611881,46.555230,40.700498,40.387644,45.912563,39.107664,40.531313,39.490942,47.299921,45.642372,47.095097,38.677685,41.653298,46.185352,42.486260,45.833027,39.921390,44.766450,40.493722,39.535066
WinMart+,41.166670,43.942451,34.786312,35.974813,42.693511,34.743257,40.466338,39.205695,38.440426,38.317395,35.881525,45.081728,34.396422,38.660400,38.619683,36.667937,39.773858,30.930882,27.235977,36.166136,37.994578,47.074715,41.790714,38.387255,39.396356,28.541981,39.542543,39.779444,44.929124,28.232416,37.846950,45.175893,42.450116,29.392737,41.943457,34.926326,37.615679,37.738338,30.114900,43.438177,39.554569,46.781036,37.666743,39.686265,42.102850,0.000000,46.864710,43.869391,28.266572,35.581493,39.143721,30.225077,40.859109,30.515835,37.366751,39.185163,22.939480,40.316767,19.890872,42.795967,44.688087,27.434153,28.907561,39.303302,32.468100,37.223938,36.359416,51.138377,29.693229,43.356184,44.112545,37.007426,42.847262,43.655211,32.917889,28.124802,51.041855,47.536376,36.067199,37.083594,39.837133,37.239668,44.257234,47.244945,40.267443,44.942397,35.323652,42.291329,42.960413,38.835003,34.594313,38.299968,38.275668,37.949903,40.838881,38.681472,38.200784,33.658877,40.637165,40.089506,36.094271,42.816978,38.367972,36.637892,36.184699,38.191005,38.539302,40.756971,37.066346,35.623877,40.385720,42.433444,40.578243,38.743168,44.070491,39.069242,43.780955,36.223926,36.917521,41.401507,41.827481,41.603087,39.301905,39.799525,39.880767,42.002343
Trường Mầm Non Hoạ Mi,45.190550,49.017888,43.157140,44.906644,47.654478,42.736341,47.927739,49.167996,44.147625,43.876416,45.282325,44.253506,43.871621,44.007711,45.739204,42.084131,48.261461,45.184264,38.281564,43.919045,49.076651,41.221584,26.152681,46.394564,28.319573,44.062446,28.189903,47.010227,48.689243,44.664162,25.299708,32.376706,39.907867,31.978850,40.798480,47.311885,29.207663,24.144212,31.984763,42.847640,49.144026,29.344373,29.616806,46.547326,29.025492,42.946858,0.000000,41.862928,31.269039,29.468623,48.908250,46.434928,27.463758,32.974600,47.082146,43.626962,32.270491,37.812917,45.554538,24.684629,50.091684,31.421139,49.200297,34.424323,46.253482,34.360176,45.223952,46.377575,33.162006,31.682942,40.714943,47.877256,47.044483,48.369561,47.736636,45.829210,47.006590,25.951073,31.002954,35.479989,50.418176,49.212334,50.956572,39.666168,34.064457,49.376798,48.514138,34.326631,43.715085,49.008029,45.802378,49.474988,48.435008,48.035988,34.502806,43.289191,42.989200,47.845057,44.613755,49.720769,33.220754,42.096810,38.537851,32.973086,46.566922,33.417669,33.909889,49.798318,43.256185,37.201296,48.848387,33.832865,42.204410,34.105150,50.136064,43.533127,49.870930,33.862632,39.211583,49.030173,44.437176,48.395684,41.540384,47.208764,42.104913,34.883923
WinMart+,51.597884,57.836802,42.804897,39.149647,53.756660,48.008186,56.515869,41.076100,48.506970,50.397729,50.280473,55.950667,48.681215,35.900127,50.538644,51.259163,39.956571,42.465714,41.654530,53.377880,54.431833,50.450450,46.430290,43.914782,46.406772,41.548083,51.991795,38.246627,42.635641,42.234788,43.048173,49.734445,28.316906,48.973639,33.299968,51.804880,51.036967,44.672784,46.134649,42.751844,43.590569,54.802906,47.310937,38.246674,43.672662,40.790131,54.198280,0.000000,48.324110,46.113700,53.279832,50.212865,41.711175,47.208128,41.886725,36.545121,44.361475,20.400238,48.373811,46.119877,45.145250,47.007041,53.118419,48.218055,49.653937,46.360826,42.224219,61.164633,50.246883,44.270526,34.002389,47.031723,43.706933,43.071678,51.469872,48.975000,59.906598,52.214160,46.647984,44.487914,53.875358,52.550959,55.009405,52.836117,34.227237,41.612271,51.826956,37.534341,35.872989,52.099503,45.123343,52.786530,51.408304,50.922588,34.906660,46.438765,44.274632,50.784084,37.907038,52.903909,45.804519,40.918419,41.588577,45.771651,47.143908,46.719127,46.958009,52.903866,45.980748,42.231251,51.664901,45.744465,47.842004,46.368739,51.673570,46.912872,50.990806,46.627389,43.798929,51.744566,40.719386,48.587860,37.921621,46.932741,38.610195,47.417574
WinMart+,34.199976,34.331461,34.438647,35.444670,33.935867,36.931435,31.964711,38.169289,33.072475,33.113879,35.084621,34.001302,29.031670,34.521631,43.735428,29.852089,38.820621,32.105581,24.798446,31.655516,43.829900,39.347275,34.367262,34.042467,30.549871,26.418272,30.519104,39.008287,40.229463,28.572960,30.401376,37.307803,39.233843,25.052431,38.709240,42.304649,29.076035,31.482486,23.564913,37.017304,44.313381,39.277099,28.257226,38.965265,36.683177,27.970951,39.849265,40.177403,0.000000,30.010374,44.079294,38.482984,35.554319,26.827324,42.708696,37.697666,27.932458,37.614835,35.577038,40.696858,42.324508,22.811596,40.043315,34.596878,39.780955,34.378904,41.344377,44.711860,28.659755,37.604363,39.496152,39.155450,40.975763,41.433183,39.913521,39.532720,45.093640,38.167310,25.079453,30.032247,40.235979,38.356271,46.527442,41.736157,38.248016,42.652581,37.455509,40.140101,38.372395,35.484037,31.189764,39.040244,39.101989,34.310115,38.725329,33.656330,24.861518,38.265047,39.138214,37.036595,31.875575,40.770166,29.217666,31.304888,36.218572,32.209130,33.391028,40.412474,38.071078,32.862675,38.235282,33.322524,35.890047,33.867169,41.108160,40.386299,38.715635,33.462765,33.011488,35.380608,41.071231,35.514290,38.757256,34.502897,39.319133,35.369430
Trường Tiểu học Chu Văn An,34.044959,34.168437,33.960043,35.857155,36.433406,33.529870,31.448275,38.154672,34.872594,32.602664,35.990552,33.457748,35.835719,35.383485,36.673284,29.305452,38.714097,35.270963,32.059943,30.535337,38.675462,39.728175,27.413822,37.370278,29.125629,34.957114,27.691320,38.836411,39.945410,35.875488,21.279615,30.834640,38.883131,30.653496,39.722304,38.490486,29.075993,25.700693,30.949452,37.154684,40.248068,29.858452,26.636561,38.803065,29.136714,35.240709,28.646062,40.530268,32.241010,0.000000,40.071433,38.852220,28.195758,32.428318,39.159205,37.665392,31.532013,34.777827,35.169502,27.144777,41.741723,32.365241,36.955322,34.601054,37.006463,34.493685,38.437273,37.209003,35.126816,30.712755,39.717147,36.894559,44.529024,40.980990,40.083386,37.705832,38.385878,29.163982,29.942002,33.575193,37.796833,36.708991,42.361846,35.369817,38.317832,43.568113,36.251319,32.976805,39.833892,36.308458,33.871792,37.095708,37.412270,35.526064,38.878975,35.381861,30.306505,36.899399,41.578824,36.097300,34.386737,42.681628,35.442107,34.104199,36.881832,34.727982,35.339995,38.086556,36.898140,33.822639,38.141375,35.100612,39.868462,35.484212,39.993581,41.129343,38.426408,35.002841,36.728168,36.231863,42.621428,36.408202,40.017561,35.652337,40.580336,36.228908
WinMart+,43.562399,47.776676,41.241905,43.692392,47.004620,41.743129,42.105483,50.088563,40.282944,46.757265,35.339655,48.380932,43.921460,39.212280,41.465312,44.437301,48.565704,44.427929,35.637131,47.561260,38.740681,50.522819,43.590887,43.793290,44.948429,42.557972,46.262549,46.792039,47.719774,34.655222,43.294015,47.869013,43.579163,40.325868,42.987919,39.753977,43.125314,42.677258,43.797530,45.238997,43.023752,49.971930,43.082610,46.202769,43.587926,31.022810,49.850736,45.202931,39.279024,40.102114,0.000000,27.664091,42.054266,43.509662,33.551020,39.622803,43.204864,40.932336,40.402335,44.390309,46.625189,42.363681,45.953623,45.509743,29.259281,44.248472,29.439375,55.193423,41.687850,44.984906,45.187484,44.826649,43.953933,45.128247,33.695488,28.600223,54.729084,49.647384,41.883496,41.828243,34.622307,47.075244,44.069442,49.656737,40.598079,46.627055,35.610237,42.947531,43.934471,46.973497,41.377989,47.739850,35.086003,45.276124,41.246276,43.741772,43.297149,34.370570,41.261506,35.593101,42.320137,44.246949,42.621250,42.101552,42.869185,43.843313,44.141858,48.653367,31.814785,39.230475,47.012084,47.336912,45.608171,43.697802,49.580369,42.870896,49.119154,41.032158,40.904880,47.467528,42.149265,46.645050,39.412358,44.712613,40.025025,46.156170
WinMart+,40.634733,43.734758,39.080560,40.844674,42.250736,39.129478,40.008616,45.325280,37.427617,43.357254,33.538522,45.051652,40.436375,37.103255,37.299945,41.838219,44.902529,32.503525,34.554782,44.717102,34.925898,47.240582,41.495264,30.305423,42.416932,39.943877,43.528775,44.050195,43.957748,31.196431,41.369019,45.170708,41.677394,38.828175,41.119400,33.999225,41.199455,40.870421,41.479768,43.313100,38.037494,46.912836,41.190704,43.699297,41.883724,27.600403,46.996519,43.224457,38.335440,38.812938,27.674668,0.000000,40.571676,38.270055,31.664436,38.323007,37.494545,39.529624,25.220040,42.609381,43.941235,38.086175,32.483167,39.417316,26.284984,37.668822,28.988300,51.598248,37.055814,43.239462,43.621641,37.537752,42.187102,42.935072,27.017495,25.961629,51.458707,47.656335,36.584490,37.410009,29.964066,37.864010,38.306470,47.384778,39.774742,44.341298,32.068521,41.806036,42.420678,39.066784,35.413263,38.676332,31.777080,38.300965,40.340921,38.835390,38.414760,31.025508,39.934646,32.580324,36.641854,42.254770,38.530959,37.056889,36.757435,38.430730,38.736511,40.629664,28.801476,35.975351,40.335242,42.135270,40.510434,38.889079,41.735047,39.155064,41.556603,36.625879,37.200767,39.296096,41.547962,39.821694,39.005019,38.282520,39.600877,40.485336
Trường Mầm non A Tứ Hiệp,39.523959,41.052484,31.032677,40.371151,41.817003,38.197987,33.774267,43.361502,40.090185,38.331531,40.591370,38.091789,39.506652,39.824598,41.140680,37.508160,43.297313,41.051716,35.665485,38.574516,43.606285,26.635718,35.614825,42.360381,37.580123,40.371018,39.306887,42.922781,44.128136,40.978497,34.347601,22.939404,32.446326,39.186363,33.457944,42.767751,39.653726,35.478295,38.238601,32.940883,44.490664,31.068037,37.736732,42.718528,19.510736,39.863928,32.642917,33.257498,39.595250,31.717891,44.287938,42.575499,0.000000,39.098697,43.079671,40.890135,37.739531,31.689609,42.629241,35.917106,45.744009,39.137490,44.927266,40.149907,42.788737,39.475916,41.810197,28.804225,41.131407,19.140796,33.958022,44.617579,43.974294,44.770576,43.778177,42.581106,27.402472,33.209107,36.095878,38.595762,46.469939,45.487552,46.386036,27.024374,29.045230,45.786067,44.858974,27.668906,41.213598,45.529599,43.014852,45.749431,45.118036,44.823074,29.193070,39.486616,36.057870,44.596386,39.617801,46.095203,38.871968,35.946784,40.015477,38.740438,43.662637,39.302802,39.633240,46.222563,40.679187,38.945622,45.631293,39.154424,42.973694,39.520545,46.966277,44.119945,46.778388,38.733144,40.396974,45.895115,41.559959,45.585402,39.244447,44.570946,39.767525,39.555602
Cà Phê KOK,35.767633,36.212799,35.760976,36.912360,35.519715,40.103612,33.609841,39.898902,34.700993,35.593635,36.449620,36.244131,31.349540,35.782593,44.922820,32.571350,40.323664,34.135278,26.729640,34.112494,45.138551,41.117174,36.096453,46.226229,36.159935,28.583869,33.549650,40.267794,41.596668,30.389408,32.668315,38.900548,40.314546,31.445971,39.798871,43.348836,25.341226,33.376251,28.381797,38.269538,45.606536,41.012636,30.550751,40.156705,37.994083,40.450895,41.474229,41.485410,26.327260,32.049954,45.346018,38.827798,36.813626,0.000000,43.609924,38.626937,32.437441,38.555056,35.434696,38.057761,43.584154,25.480264,40.958983,32.645891,40.331690,32.326779,41.987470,46.311592,22.782946,38.838874,40.567589,40.096683,41.950113,42.553517,40.489315,40.108542,46.573796,33.803949,22.443300,27.739069,41.169651,38.871770,48.034111,43.004820,39.041208,43.747292,37.723301,41.056715,39.215652,35.273949,31.616820,39.709027,39.618276,33.895073,39.583007,31.571707,23.054734,38.619181,40.010542,37.193609,33.463501,41.753927,27.642323,29.167859,33.452200,29.884925,31.118047,41.244031,38.293407,32.396492,36.074967,31.407966,33.627264,31.833210,38.386836,34.180589,36.624416,31.863592,31.556308,39.646602,41.496788,33.685544,39.106472,32.937702,39.660007,33.779563
Không có tên,39.862658,42.731737,35.015682,35.390355,41.147698,38.428045,39.454141,38.880528,36.667213,42.483104,29.983508,44.235723,39.554833,33.024155,36.317792,41.134708,34.912779,40.192585,34.216218,44.002883,30.329049,46.435189,40.941237,38.471290,41.729769,39.232314,42.789997,38.619729,40.754761,39.680314,40.809700,44.481975,39.544557,38.372523,38.883477,32.889729,40.640072,40.336676,40.826234,42.801510,28.167291,46.088934,40.647868,36.505599,41.422514,36.734899,46.226204,41.335124,37.574313,38.399320,31.341374,30.156590,40.169287,41.112595,0.000000,36.194410,40.654976,37.549826,38.005459,42.091048,41.619674,40.469595,40.005700,42.456403,31.554793,41.157158,24.805987,50.673708,39.707344,42.769693,42.207315,41.358822,40.342176,40.815910,31.734091,32.759678,50.602333,47.074729,39.667221,39.946288,36.900476,42.401523,37.712908,46.797410,38.569604,42.452070,41.176250,40.520159,41.757792,42.862074,39.035726,42.989843,35.015233,41.857164,39.063652,41.399892,41.023072,36.309823,38.132319,43.857212,39.875258,40.567863,40.747681,39.913289,40.176869,41.277794,41.541347,44.173724,31.056426,38.007154,43.428301,44.408926,42.946484,41.403798,45.899629,41.123377,45.626638,39.218130,39.385755,44.009016,42.650896,43.792662,39.831913,42.264388,40.446173,43.781925
Trường Đại học Kinh tế - Kỹ thuật Công n,38.089495,39.955094,36.123241,35.083915,39.493949,37.749926,50.357922,36.027504,37.918579,39.966194,37.287394,50.483011,38.445125,32.173057,38.825530,39.173467,34.480168,38.911391,34.685204,49.704748,41.140567,48.306180,46.390182,40.499641,40.263553,38.310588,40.464091,27.516356,33.291721,39.040671,44.335300,48.030183,32.979084,47.776469,31.965365,37.817598,48.841713,45.291457,39.586940,44.420255,37.205597,50.527497,39.050369,24.469491,44.746574,38.030339,50.396220,43.529047,37.191356,46.060219,39.045496,36.801491,43.560644,38.620496,36.323740,0.000000,38.894790,35.935242,35.190631,46.061414,24.528309,46.619622,40.671861,39.631247,38.484389,37.994292,36.710999,54.097677,48.600253,45.032532,33.408158,41.240976,25.259081,18.923651,39.146784,38.513223,53.800930,49.988930,40.165461,44.858735,42.734797,41.797888,41.583853,50.157463,38.214219,25.789947,41.153873,40.856916,23.284322,42.075012,39.837875,42.100199,41.756035,41.514860,38.863577,41.221886,40.981628,41.235146,24.207773,42.595160,40.296057,27.856921,40.774097,40.274444,40.501904,41.155663,41.323723,42.788631,37.015094,38.758002,42.435643,43.156326,42.219075,41.226441,43.984769,41.015302,43.840240,39.763935,39.810886,42.813655,37.438350,42.759053,35.192592,41.789566,35.871731,42.824197
WinMart+,44.436801,46.789054,36.405132,37.640195,36.305504,37.138264,36.181182,40.778665,35.504976,40.122042,41.083363,34.622221,32.502770,42.502451,43.834728,32.650494,41.077460,35.144275,27.650826,32.815687,43.973707,38.984668,34.800502,45.129929,35.079912,29.644229,32.172434,40.904022,47.484687,41.899088,31.750461,37.279648,40.848663,30.033221,40.350248,41.834688,25.974559,32.466851,34.022194,39.886199,44.621537,38.983483,30.042032,40.758996,36.724237,37.989568,39.485564,42.258533,27.829186,31.328141,44.310118,37.791060,35.732682,30.479488,42.396051,39.091132,0.000000,39.011314,24.979724,36.833772,44.220324,26.651826,37.962241,30.619037,39.075727,29.815535,40.772890,43.639111,28.662405,37.534960,39.229741,35.233187,42.440034,43.111884,39.282585,38.850562,44.046936,33.099818,24.902968,33.799237,39.571280,35.183846,47.553542,41.169973,38.144382,44.297088,35.749529,39.901842,39.636387,32.233755,29.050611,36.363556,38.266780,31.469131,38.623865,35.314404,34.756413,37.182413,40.441309,36.567210,31.352923,42.248408,35.639277,32.708010,31.299709,34.235010,31.215632,38.965004,37.176168,33.210596,38.022746,34.368920,37.431610,35.459926,37.164440,36.741002,32.666990,29.387439,34.256036,37.784716,41.699536,33.715510,39.267032,37.060942,39.829064,36.067997
Trường Quốc tế Singapore,49.783651,53.879252,42.928298,34.536683,51.548206,47.082131,52.316819,35.330640,47.618412,48.788065,36.729587,52.333129,37.898175,31.746738,49.228054,49.579573,33.777138,38.375947,34.366202,50.877807,52.302071,48.704826,45.799862,39.960270,45.822647,37.845678,50.129560,31.808335,34.672311,38.561179,43.031415,48.270926,35.145182,47.896799,22.540924,39.750394,49.448773,44.356603,45.625316,42.889696,39.258592,52.091608,46.547781,32.373646,43.651735,37.647574,51.791820,38.753425,47.448739,45.606163,40.872780,38.491104,42.066167,46.524364,38.175719,26.929058,44.130395,0.000000,34.933276,45.566523,38.199674,46.364318,42.324619,47.399336,39.983920,45.853952,38.527021,57.267699,49.043789,44.131036,35.854829,46.468760,29.014785,30.076537,40.758264,39.937156,56.581160,50.829731,46.118830,44.230659,44.182325,43.227245,43.241511,51.179583,35.137457,28.243133,42.590998,37.982843,27.166210,43.412390,44.800697,43.513356,43.051590,42.792008,35.764808,45.946951,44.037791,42.538861,28.099187,43.950757,45.390763,31.109048,41.625865,45.357606,41.727050,46.181428,46.401906,44.111126,38.305519,42.187331,43.673266,45.344788,47.186721,45.889250,45.131984,46.421862,49.980862,46.136963,43.609547,44.002572,37.805135,47.875335,35.641163,46.422588,36.270309,46.854032
WinMart+,40.288776,42.620806,39.079586,40.452059,41.362512,30.457247,39.823658,43.763734,37.828674,33.375407,35.646124,43.851896,29.668288,38.111015,37.828478,32.740219,43.656522,26.834574,26.733619,43.688207,37.247327,45.744389,41.063827,37.408916,30.829639,26.032601,35.088638,41.360296,43.530758,23.684764,34.371301,44.108452,41.722497,27.889372,41.249669,34.811040,25.715510,40.572096,28.270129,42.685222,38.584875,45.525363,34.241701,39.613731,41.469507,20.097136,45.671476,43.047694,26.672563,32.936642,38.250614,31.353685,40.345289,27.309096,36.901321,38.766091,25.176758,39.821437,0.000000,42.106317,43.611352,26.179471,25.435671,29.770853,32.691770,26.496479,36.080742,49.516242,26.793465,42.655075,43.429061,27.045912,42.131118,42.768433,32.991678,36.124796,49.522028,46.590025,34.180925,35.449904,35.746916,33.789640,42.620540,46.228559,39.964694,43.970629,32.147499,41.814915,42.313634,35.717018,32.609790,34.765132,35.447447,35.292800,40.478903,36.774583,36.336543,34.405892,40.157945,36.647741,34.085701,41.951836,36.802049,34.817004,34.005943,36.122341,36.444814,37.383489,35.083801,34.493715,37.625811,40.158597,38.474616,36.870149,41.275172,37.613677,41.105224,34.658679,35.556642,38.743082,41.567716,39.379387,39.152301,37.823603,39.714214,40.128077
Trường Tiểu học Tam Hiệp,49.916340,53.700621,47.601613,48.773088,51.606915,47.416467,52.317636,52.601394,47.891947,49.041680,49.193228,49.734718,47.994567,47.911455,49.457139,27.338782,51.446280,48.674982,42.220336,48.855617,52.299636,49.884432,24.322309,49.497006,26.904789,47.461205,26.014595,49.949895,51.513748,47.900508,23.599819,43.181297,43.904520,30.323546,44.556108,50.492301,29.504471,22.379502,30.537493,47.256883,51.863709,26.655762,27.389886,49.427573,38.158368,46.065363,23.953534,45.953485,40.372253,26.645439,51.725259,49.308750,36.096486,31.404445,49.921501,46.321976,30.943344,41.520366,47.903303,0.000000,52.407480,42.791650,51.754452,32.783867,48.881912,32.947478,48.124501,42.981581,43.860504,37.148982,44.229233,34.744144,49.304090,50.715596,50.376025,48.400309,44.263122,25.616218,40.820336,36.835037,52.529452,51.438324,53.266280,39.885590,34.376574,51.492896,50.848375,34.800666,46.135182,42.275201,39.958802,51.655734,50.521841,41.164950,34.823164,45.770219,45.420620,49.994744,46.992461,51.799968,40.547709,44.764521,40.626570,40.439475,42.111202,41.115270,41.447669,51.818639,45.821517,39.069559,50.843110,43.739367,44.799179,42.658616,44.328527,46.717489,43.339510,40.197701,41.002095,50.941871,45.673405,41.562547,42.744269,40.586789,43.283787,41.049079
WinMart+,45.318375,48.580311,43.169748,43.900746,50.410416,44.824973,52.027073,48.890949,44.787338,47.684048,46.177202,49.027399,46.862905,39.075212,46.811386,45.707582,48.558211,47.084607,39.193940,48.290336,51.112667,50.702555,44.943625,48.540684,46.788432,45.351126,47.108871,36.741146,48.848821,46.113948,44.477636,48.494534,40.769745,42.519946,39.486271,45.085627,44.352747,43.938991,45.852521,45.023804,44.784992,50.188066,44.300925,30.426442,44.707636,43.681604,50.086701,43.960347,41.718471,41.602968,46.356534,42.349695,43.332046,43.694529,42.394074,24.469975,44.063746,45.400759,39.086449,45.258002,0.000000,42.863108,47.790234,44.704878,43.862186,42.380664,46.652360,54.453834,41.159518,45.859132,41.949511,46.621184,36.459963,35.251756,45.339087,43.517956,54.108916,49.817457,44.439856,44.096190,49.458763,48.040664,49.110395,49.924539,42.935582,42.671031,47.206492,46.661246,30.525765,47.896278,44.382344,48.371002,47.272725,46.830769,43.939111,45.465656,45.167280,46.580519,32.138643,48.718587,44.772915,40.577533,44.466938,44.433251,45.226058,45.661641,45.849525,48.829956,40.954467,41.652218,47.812556,47.897996,46.741624,45.422280,49.371638,44.509868,49.080826,43.483235,43.160385,48.062265,40.280349,47.445151,37.262059,46.131457,38.026614,47.007493
Delícia Coffee & Lounge,34.778248,35.046008,34.601198,36.353304,36.981626,34.523309,32.405716,38.566568,35.491379,33.962426,36.498614,34.799416,36.548008,35.897921,37.120884,30.922756,39.051829,28.981668,24.039420,32.320422,39.039196,40.310207,34.986190,37.844047,26.624142,25.057734,31.289742,39.129191,40.189334,26.693480,30.944183,38.044094,39.295231,23.717309,40.091748,38.453421,26.310324,32.010295,23.073876,37.575522,40.284712,40.234844,28.621506,39.078859,37.250008,36.032157,40.770895,40.908346,21.982631,30.467645,40.102441,38.420137,36.054220,25.285804,39.179550,37.922757,30.921939,35.273602,32.529260,41.579534,41.881176,0.000000,35.733015,28.472423,39.491065,29.887312,38.442245,45.930111,30.718639,38.179780,40.060951,34.265674,44.633903,41.137480,39.646275,39.308154,46.243691,38.846523,31.678950,21.970034,39.815358,34.386953,42.427025,42.513451,38.619869,43.724334,37.562105,40.674701,40.089402,35.607033,31.727959,34.970274,38.946288,34.475012,39.172496,34.194311,25.616916,38.237208,41.785472,40.425521,32.474566,42.790003,25.194678,31.936897,36.666424,32.867478,33.990873,40.078588,40.105347,32.942625,38.633450,33.828308,36.405709,34.390938,41.439914,41.390629,39.122449,33.892594,33.416862,35.752587,42.710211,35.945926,40.132035,34.891840,40.686356,35.749451
UBND phường Khương Thượng,45.464817,48.115028,43.738006,45.488667,47.740474,41.076706,44.113840,49.452202,43.932727,43.118742,42.087724,48.403961,41.637990,43.383460,45.312259,41.327037,48.544298,40.580107,34.153097,47.831634,45.570494,49.847365,45.002823,47.199648,40.936194,37.034517,43.299371,45.582565,48.773162,43.652822,41.481031,48.020100,45.391833,40.183151,44.996786,43.216635,39.057164,44.245413,37.112128,46.037890,46.108322,49.507836,41.301094,43.684330,44.778092,39.142976,49.446360,46.521700,39.068740,37.095429,39.466923,38.791881,43.549890,39.105752,41.805695,42.141356,38.016127,43.109455,31.859831,45.394912,47.781266,38.648208,0.000000,41.204486,41.402274,38.554848,38.841163,53.274860,37.335231,45.775034,46.240613,38.484383,45.471229,46.545378,41.704475,41.221759,53.080234,49.388037,36.592456,37.738275,45.241134,39.725130,46.658053,49.347430,42.124178,47.593652,36.219751,44.255100,45.189586,41.582869,34.696023,41.552273,40.349954,39.742963,42.730529,39.952589,39.328067,38.450392,43.226099,43.974342,36.742699,45.233400,39.291709,37.364725,36.971665,39.481934,39.942093,44.753292,37.957373,35.845180,43.120153,44.878298,42.450258,39.984527,47.727773,40.019793,47.138756,36.730374,37.396284,44.235963,43.010383,43.831733,40.392330,41.310730,40.946175,43.834247
WinMart+,46.665858,38.192489,37.690438,38.947997,48.922250,42.087953,35.446440,42.000435,37.180153,38.216212,43.782916,38.584116,35.328562,44.764305,46.899820,35.323192,42.122697,37.271842,30.726875,36.794462,47.357155,42.788572,37.923406,48.997647,40.490462,32.744800,36.850763,41.795675,49.733369,46.101433,35.231959,40.488887,41.621279,38.198356,41.157197,45.251785,29.235529,35.498690,36.986372,39.551879,47.724793,42.632396,33.252381,41.616500,39.335013,42.081536,42.980715,42.724647,34.674917,34.401457,47.420032,39.760021,38.136927,30.360489,45.163222,39.840957,36.288015,39.771973,36.043740,39.387887,44.881847,29.598993,43.176215,0.000000,41.546375,34.089804,43.130114,47.635504,29.304280,40.086255,41.609415,43.013126,43.039562,43.763163,41.744950,41.449664,47.795208,35.280035,21.577529,30.211924,43.362693,40.561460,50.288123,44.149826,39.847810,44.863340,38.943366,41.936576,45.914018,36.127159,31.378907,41.577104,40.908418,34.202020,40.427122,37.354445,25.318480,39.713001,41.074473,38.089496,33.634249,42.763728,29.387954,34.706797,33.631355,36.515450,33.249033,43.061678,39.032536,34.366635,36.681152,36.180494,39.677884,37.459880,39.274800,38.211737,34.537629,30.704360,35.660470,40.697932,41.987258,35.366011,39.554755,34.968473,40.108496,37.581905
Siêu thị B11 Kim Liên,39.296521,41.936629,38.047386,39.522465,40.323043,37.722889,39.003064,43.252116,36.235315,41.787460,32.825383,43.476037,37.887610,36.164752,35.801040,40.593029,43.187268,36.130153,31.040160,43.329230,33.692353,45.633312,40.456944,41.432799,40.822035,33.199314,42.188592,42.705142,42.242859,37.570551,40.387911,43.826099,40.714691,32.691226,40.173385,32.621003,40.227279,39.949567,34.104450,42.316961,35.719509,45.362158,40.235372,42.456449,40.998714,32.501616,45.525185,42.201539,31.791673,38.132099,27.850420,24.574240,39.806225,40.069748,35.507138,37.653487,39.373321,38.808641,27.868841,41.679172,42.628932,39.503648,35.997209,41.652910,0.000000,39.858965,31.999812,49.777608,38.494338,42.320538,42.788455,40.197236,41.270606,41.822065,29.155422,26.906283,49.774569,46.553872,38.224126,38.818827,36.744261,41.385342,40.854818,46.184682,39.313140,43.177410,37.415568,41.174290,41.802677,41.974011,37.176345,42.280702,28.651505,40.926444,39.804201,40.537035,40.066639,35.702362,39.229830,37.064770,38.390418,41.211423,39.902289,38.633341,37.976744,40.270759,40.006131,43.823230,30.014884,36.897383,42.149135,43.692203,42.433911,40.550433,45.745518,40.431748,45.378660,41.210093,38.353202,43.139322,42.637329,43.016668,39.963802,41.104587,40.543967,43.150699
WinMart+,46.303973,49.093113,44.466955,46.311067,48.863952,35.736064,44.790400,50.498980,44.866960,36.178427,43.022404,36.544122,31.855124,44.196397,46.510694,33.147982,49.417332,41.617409,28.027723,34.987425,46.921404,40.378625,36.345791,48.874723,35.451052,29.627909,34.824315,46.284290,49.714284,45.302457,33.912380,48.721045,45.991590,34.425730,45.605210,44.491545,29.020340,34.276497,32.004792,46.594700,47.364733,40.329374,32.286374,44.318057,37.883606,40.512196,40.736635,47.112943,32.036015,33.276790,47.068864,39.479366,36.875228,31.430737,44.517114,42.643954,29.666660,43.612990,33.017520,38.022865,48.516559,29.256927,41.450354,38.219346,40.964823,0.000000,42.462492,44.783739,28.942358,38.599423,46.711463,40.018904,46.017148,47.193702,41.198394,39.028983,45.120773,34.378602,24.459021,33.322563,40.086213,38.051137,50.388748,42.136191,38.843935,48.224680,35.390593,40.703240,45.664920,30.632496,27.382854,39.461884,38.361496,30.222843,39.336583,35.063646,34.428818,37.110060,43.695552,38.686697,30.294610,45.799690,35.483581,32.063623,30.229632,33.762865,30.279175,41.773088,37.087484,32.876422,40.042612,34.025319,37.466150,35.227305,37.165011,36.715580,32.057932,28.587268,33.909673,39.499269,43.227784,33.312258,40.559082,38.273057,41.121466,35.974324
Cà Phê Big One,41.178346,44.059237,39.655701,41.320301,42.827258,39.848919,40.447419,45.496874,38.476317,43.677569,35.089781,45.099120,41.109146,33.178575,38.693782,42.213346,45.021442,41.619981,35.388830,44.774255,36.851746,47.097181,41.779574,40.444598,42.734619,40.520505,43.801927,38.377464,40.271958,38.164071,41.736292,45.185067,39.232059,39.305107,38.632365,36.721469,41.538051,41.217837,41.843009,43.433143,28.227253,46.795580,41.530542,38.352791,42.082801,35.199070,46.878903,40.884683,38.439161,39.208976,32.579354,31.042242,40.832405,41.898531,22.004192,35.829432,41.533912,37.415600,31.326596,42.834389,45.480065,41.169922,41.862062,43.316133,32.174486,42.221422,0.000000,51.239573,40.573069,43.342390,47.273340,42.494601,39.616364,39.942744,32.664107,33.426484,51.160549,47.535007,40.545947,40.686424,37.931695,43.654643,40.079848,47.241841,38.412555,41.447904,38.113790,40.373124,40.667361,43.951397,39.991438,44.223781,35.765697,42.914410,38.930317,42.252921,41.885238,37.044819,42.936576,37.836497,40.844256,46.099547,41.508233,40.843467,41.226939,42.200121,42.435701,45.262606,31.358008,38.668353,44.403670,45.185228,43.771641,42.223852,43.906565,41.809896,43.693434,40.064046,40.046646,41.957498,42.116551,42.039200,39.382469,40.594086,39.994427,42.319139
Trường Mầm non Đại Thanh,51.023975,57.595462,47.679488,49.252284,53.396300,47.418732,54.965533,54.671836,48.039405,49.808430,49.818436,51.031452,48.193398,48.109184,50.138720,46.926295,52.805020,49.052906,40.996726,49.547625,54.110201,52.285670,44.419866,50.071332,44.573619,47.489470,48.636030,50.701138,52.727731,48.039633,41.296771,40.060527,42.996035,46.848378,43.843376,51.450247,48.443191,43.166478,44.516753,47.242131,53.204894,26.998159,44.921498,50.008279,32.906518,45.769650,32.340386,45.530206,46.369768,31.659263,53.016146,49.814388,29.007353,45.456384,50.631004,46.195756,43.030010,40.285634,48.008332,44.534851,53.764307,45.360078,52.905102,46.510427,49.233931,45.023582,48.285432,0.000000,48.307825,30.834188,43.517316,50.626677,49.771648,51.557849,51.146203,48.624728,39.826635,36.793972,40.609556,39.914701,53.716608,52.345342,54.851922,34.686778,31.610809,52.488089,51.615238,31.080262,46.008876,51.899928,48.137177,52.601389,51.155561,50.727884,31.986933,48.086736,47.755455,50.517573,46.985044,52.737035,43.424912,44.659119,43.712587,43.363513,49.027778,44.150334,44.432277,52.746981,45.543015,42.321890,51.490182,43.508001,47.432561,44.943679,52.676077,49.521305,52.350302,42.644538,43.578795,51.589188,45.530940,50.680976,42.406360,49.348032,42.988223,43.470171
siêu thị 24h ninja mark,38.167242,38.997793,37.620708,44.578325,46.045636,38.757970,36.410578,47.402613,43.365093,39.200520,42.050346,39.354580,40.016848,42.978388,44.222712,36.699676,46.888792,41.038097,27.208364,37.942971,44.293367,42.859180,38.608982,45.170033,30.278472,28.192520,38.319390,44.732202,46.971803,42.973831,36.612313,40.820304,46.079344,28.479369,46.611072,42.784712,35.445477,36.607899,28.003554,39.893776,44.719344,42.728728,34.926656,43.269083,39.719187,40.273624,43.016170,48.117319,29.468374,35.718017,44.549296,40.152137,38.607994,30.367998,43.015959,42.010070,37.199075,41.412587,36.095897,42.096689,46.441409,33.132063,40.733125,39.982694,41.584218,37.538264,39.929070,47.189004,0.000000,40.365991,46.194953,40.027343,44.733122,45.533236,41.758594,41.523301,47.381523,39.950424,32.151492,30.673866,42.990466,39.023785,44.651997,44.045332,43.435514,46.393163,39.816319,45.838770,44.533763,38.136516,32.072269,39.734647,41.128929,35.931830,44.127059,35.760671,23.206760,40.202486,46.774504,43.238132,33.225975,47.950441,29.413494,32.515462,38.879597,34.013408,35.597210,43.311504,42.103188,32.798364,41.456571,35.039838,39.053363,35.896510,45.003092,37.459776,42.363798,34.845558,34.060310,37.148235,45.337645,37.714868,42.506965,36.034869,43.036799,37.183281
Trường Mầm non Tứ Hiệp (điểm Cổ Điển B),40.520301,42.254295,34.173785,41.172030,42.736070,39.091690,37.911160,44.214544,40.824681,39.362821,41.403794,39.246589,40.318773,40.614606,41.919895,38.431005,44.053885,41.772950,36.326459,39.586940,44.415587,32.664928,36.592400,43.023804,38.317738,41.043438,40.170539,43.598830,44.811396,41.634993,35.177405,30.475697,34.864165,39.935432,35.799885,43.494409,40.471778,36.353555,38.903195,36.025228,45.177754,32.581031,38.486320,43.371870,25.484765,40.454586,33.995716,35.958085,40.280724,32.575828,44.975127,43.220406,18.921929,39.749705,43.734134,41.362984,38.338346,33.717096,43.138159,37.500854,46.366741,39.780023,45.555563,40.784933,43.375452,40.049161,42.402050,31.200848,41.789558,0.000000,36.122007,45.119017,44.430711,45.278256,44.399502,43.133659,25.771837,34.495537,36.652238,39.119983,47.016356,46.033519,47.008896,22.187513,28.523230,46.268360,45.412961,26.796615,41.644200,46.042031,43.492809,46.286919,45.622593,45.317968,28.663096,39.975298,36.578927,45.100939,42.437290,46.616507,39.371298,37.767183,40.753081,39.247430,44.140037,39.819009,40.141692,46.727433,41.182151,39.684024,46.110630,39.628238,43.697001,39.995319,47.412620,44.920936,47.215750,39.173300,41.044334,46.358894,42.439672,46.014851,39.955365,44.991588,40.510960,39.979605
WinMart+,50.616289,54.695023,44.063962,40.856779,52.291982,47.913435,53.384020,42.478050,48.326826,49.686504,49.723180,53.295199,48.457004,38.457208,49.936859,50.392677,41.846905,49.120001,42.593238,51.793423,52.973080,49.728367,46.817658,49.900336,46.625964,47.872760,50.932265,40.911905,43.838585,48.301367,44.001500,49.240711,37.464355,48.676941,39.465066,51.002021,50.251560,45.309326,46.369088,44.021066,52.431601,52.913891,47.355111,38.348139,44.574749,46.388727,52.590515,41.547089,48.186539,46.355788,52.224653,49.767684,42.952407,47.252876,50.480279,32.438222,44.835697,42.450655,48.237808,46.385001,41.506226,47.084792,52.172467,48.097843,49.319145,46.512991,48.005319,57.865653,49.727509,44.994904,0.000000,47.063940,41.501980,38.639564,50.816296,48.750799,57.154104,51.431345,46.750293,44.865539,52.909838,51.791664,53.726754,51.853469,37.861614,37.865997,51.178720,42.447491,31.584379,51.451098,45.406236,51.999879,50.871718,50.453730,38.916536,46.535538,44.656321,50.324278,33.766379,52.124754,45.998338,37.104210,42.230119,45.972845,47.147729,46.791153,47.004506,52.140954,46.180658,42.744827,51.107937,45.927762,47.757892,46.483410,51.132797,46.931931,50.501491,46.689931,44.165352,51.195363,39.862212,48.417764,37.037397,46.961591,37.786028,47.384981
Không có tên,45.142270,48.393416,43.137971,45.187241,47.987556,39.641656,43.643600,50.083111,43.154542,42.274357,40.755542,48.708028,40.152104,42.632865,44.764316,40.259139,48.891500,38.480626,31.820287,48.008140,45.048395,50.380916,44.720314,47.351011,42.622839,34.578158,42.642635,45.376379,49.197230,41.860809,40.636594,48.222139,45.185647,33.666340,44.722526,41.782408,40.428269,43.859680,35.516194,45.933790,45.850644,49.948640,40.437887,43.172223,44.512778,35.187065,49.853095,46.477119,39.714051,38.133406,45.459903,35.944590,43.148884,39.853600,42.535946,41.564328,39.062402,42.658356,22.999439,45.196690,47.949499,39.294209,33.526637,41.654347,37.764572,39.672219,40.453053,54.270330,38.246788,45.654195,46.187749,0.000000,45.316220,46.526211,38.106018,41.765414,53.976049,49.675693,37.809469,38.546283,44.505588,41.053716,49.880616,49.668698,41.730816,47.727181,38.811210,44.005724,45.059559,42.101212,36.508075,42.200597,41.140870,40.653875,42.370874,40.497563,39.975883,39.718713,42.825908,43.803737,38.028880,45.289723,39.828984,38.379631,38.336649,40.189872,40.564964,44.360956,38.934314,36.611177,43.179931,44.630917,42.603601,40.513545,46.857790,40.403384,46.422269,37.677262,38.093565,44.054929,42.804616,43.761570,40.093490,41.632974,40.681161,43.774573
Quan an Nam Nhu 1,55.473695,60.952438,48.885187,40.624741,44.881051,52.034042,60.825290,42.710217,42.070369,54.608141,42.383951,59.861019,43.144262,37.628142,43.287894,54.954437,41.880486,43.437779,38.206589,57.386383,45.964414,55.299539,51.592946,44.726024,50.270634,42.476937,55.515759,35.827145,41.391120,43.099794,47.918302,54.338944,45.124983,52.510378,46.746941,42.224640,54.591332,49.427448,49.592938,48.647833,41.862000,58.142858,51.034380,33.144126,48.332415,41.593334,57.410046,52.476797,51.602237,49.526014,43.264846,40.568366,46.535266,50.489336,40.441318,24.552159,47.607870,35.987535,38.214995,49.934108,36.501273,50.225969,44.564903,51.228247,41.902567,49.252359,40.771620,62.803113,53.146282,48.482062,37.525287,44.305542,0.000000,29.451035,42.855924,41.736821,61.631431,54.561501,49.310659,47.284421,46.214592,45.182477,45.518883,55.545060,39.255866,24.746864,44.528568,42.888906,24.958256,45.249404,47.696029,45.459846,44.829927,44.517797,40.154205,48.852198,46.960007,44.282997,26.323653,45.838628,48.343122,32.950926,44.224045,48.358768,43.332855,49.277201,49.430990,45.973826,39.860429,44.567724,45.374727,48.142597,50.138635,48.765307,46.766798,48.880839,52.884816,48.800776,46.061319,45.654766,38.969411,50.669452,36.293137,49.021128,37.007997,49.450939
WinMart+,43.905621,46.586936,41.960190,42.238973,47.618469,43.486201,59.892094,45.556747,43.489933,45.999738,44.289434,59.218929,45.050216,38.374819,45.108980,44.431454,44.816949,45.320078,38.750144,57.298854,48.582098,55.620078,52.524296,46.712376,45.447554,43.977852,55.724853,36.242533,44.499167,44.678447,49.261824,54.814488,39.697272,53.144834,38.621223,43.786331,54.956144,50.587540,44.618866,50.082427,43.450373,57.916856,51.856502,32.136637,49.589433,42.705472,57.329165,53.915662,41.068291,50.450759,44.957111,41.578455,47.997134,42.826864,41.537499,18.916729,43.161076,43.193461,38.678543,50.893425,37.908821,51.059087,46.343953,43.782683,43.009209,41.701143,41.917669,61.812063,53.641401,49.648558,39.209125,45.617696,29.501864,0.000000,44.244408,42.749995,60.895543,54.864912,43.745929,48.252697,48.023037,46.786064,47.496531,55.748811,41.706840,34.014594,46.029636,45.561829,18.950544,46.743160,43.644045,47.089267,46.205061,45.832237,42.716128,44.724601,44.452239,45.581382,26.471125,47.451946,44.024275,35.344754,43.863586,43.753309,44.408269,44.859778,45.047065,47.570568,40.508941,45.568822,46.750270,46.962873,45.902275,44.687579,48.245875,43.929738,47.997868,42.913579,42.659108,47.014761,39.481851,46.543362,36.632263,45.351357,37.365395,46.217154
Taste Tea,42.203354,45.268447,40.504832,42.351432,44.200741,40.766377,41.272080,46.866592,39.500814,44.747019,35.902218,46.245696,42.245142,38.812203,40.020542,43.110383,46.218514,37.417849,35.933528,45.792588,38.212787,48.220886,42.589136,42.671623,43.604416,41.482721,44.669355,45.151822,45.402064,39.329254,42.402401,46.152716,42.669760,33.602743,42.154751,38.505948,42.242914,41.897162,35.170822,44.177073,33.854729,47.869138,42.225836,44.741733,42.773646,34.626989,47.893181,44.114448,32.691310,39.769010,34.014022,26.822858,41.453125,40.714575,32.858471,39.292593,40.136065,40.450822,29.539015,43.474080,45.035467,40.078405,38.368836,42.347144,29.655849,40.723279,29.518646,52.370389,39.161153,44.035419,44.323684,41.139009,43.066169,43.925724,0.000000,31.470350,52.179474,48.295099,38.992670,39.448875,39.236998,42.490741,39.717146,48.094456,40.343430,45.246516,39.175277,42.424464,41.623639,42.866733,38.063876,43.292461,34.323865,41.784472,40.931516,41.146295,40.693361,37.505363,43.716875,38.560075,39.221984,43.063351,40.435783,39.353742,38.893220,40.966720,40.710805,44.589535,27.893909,37.413052,42.889170,44.194269,42.986272,41.153466,46.240480,40.897953,45.873280,41.745457,38.900175,43.804132,42.542081,43.570503,39.828720,41.717324,40.425207,43.610622
WinMart+,41.568300,44.019962,40.203361,41.708947,42.978911,37.002721,40.869043,45.252866,39.301901,39.416162,37.153497,45.041906,37.066309,39.379624,39.642535,38.033324,44.935718,35.317084,30.742301,44.759327,39.276417,46.839531,42.041625,39.811978,40.104912,32.726489,40.169478,42.415385,44.904012,36.212652,38.733745,45.128396,42.641405,40.499319,42.177433,37.198003,38.564070,41.484565,33.615713,43.535665,34.234639,46.587626,38.598134,40.610015,42.294308,31.739289,46.679961,43.932834,39.667823,36.762738,30.045700,28.600694,41.127115,39.782020,33.715146,39.576309,39.049697,40.616969,34.719888,42.933579,44.692128,39.290387,34.512263,41.388795,32.567030,39.518233,31.263644,50.575637,38.238074,43.445644,44.150940,39.601219,42.969955,43.727594,27.069887,0.000000,50.521489,47.360112,37.905882,38.580772,34.373418,40.653890,37.744528,47.061462,40.485174,44.912562,36.213412,42.421139,40.777283,41.635311,36.739163,41.609641,26.242120,40.391298,41.039311,40.316667,39.837911,31.394203,40.902888,34.209396,38.067607,42.785321,39.716569,38.361865,38.003477,40.017264,40.076615,43.111308,29.899318,36.702223,42.297449,43.832629,42.258335,40.340169,44.037693,40.272426,43.747617,37.488467,38.159338,41.344830,42.104868,41.554741,39.587319,39.735183,40.158133,41.970374
WinMart+,52.432182,59.252863,48.903272,50.348059,54.671788,48.678234,56.432862,55.828063,49.059940,51.314738,50.932103,52.679867,49.316442,49.196609,51.208868,48.254449,53.798072,50.021950,41.908267,50.983580,55.170827,54.978576,45.831419,50.954776,45.604216,48.399279,49.858705,51.583325,53.610005,48.915192,42.529170,39.032966,43.974798,47.878076,44.770786,52.401208,49.565989,44.419224,45.427850,48.448671,54.086683,46.640054,45.960417,50.847831,31.585459,46.560745,46.851321,46.593317,47.287767,39.144859,53.898211,50.646238,27.273301,46.340953,51.470594,46.895406,43.839050,41.133352,48.644946,44.391738,54.543082,46.219460,53.715457,47.343799,49.980604,45.804116,49.083221,38.642356,49.206989,26.148540,44.375844,51.277547,50.422424,52.285333,51.935365,49.329617,0.000000,38.125720,41.360257,40.197031,54.387171,53.023347,55.652113,28.657530,29.912896,53.172656,52.310429,28.513436,46.639379,52.535533,48.731189,53.297806,51.782878,51.346894,30.210668,47.801274,47.495815,51.145226,47.618364,53.399466,44.072643,45.357925,43.734262,44.041902,49.647435,44.846011,45.111007,53.392512,46.189247,42.441596,52.101645,44.143938,47.173391,44.675954,53.236420,49.049289,52.901874,43.229608,43.587620,52.154500,45.837034,51.205282,42.679337,49.857484,43.252706,44.029731
Trường Cao đẳng Hà Nội,46.230991,48.668175,44.655187,45.837019,47.820819,44.397532,47.986447,48.849756,45.222221,45.367309,46.127499,45.713381,45.099822,45.134833,46.421386,44.003863,48.246643,45.970602,40.477050,45.345502,48.815336,44.598376,25.339717,46.839389,29.412204,45.081221,29.465676,47.276853,48.564198,45.520877,27.542295,39.480515,41.881709,30.556555,42.516593,47.554380,29.780955,24.222751,30.742058,44.394146,48.897660,27.165227,29.098650,46.908309,35.673529,44.083703,26.064132,43.522100,37.373667,29.339224,48.732841,46.844478,33.799530,37.111508,47.332405,44.441084,31.141422,39.920643,37.532987,25.590289,49.607790,39.451130,48.956194,38.179434,46.649292,37.695020,45.873823,36.830556,40.768886,34.714326,42.337651,39.099257,47.209005,48.270874,47.844975,46.327243,39.243454,0.000000,38.467642,33.769775,49.937029,49.004320,50.279082,36.862323,33.392670,49.065410,48.442181,33.460313,44.416434,40.033079,37.803334,49.206566,48.399125,39.053662,33.761800,43.358664,42.991931,47.920164,45.202126,49.410166,38.315971,42.865335,37.416387,38.158332,40.084638,38.782423,39.182579,41.791319,44.140400,35.722580,41.054045,41.566694,42.029363,40.341315,42.496212,43.690693,41.362789,38.256701,38.433472,39.205824,44.784309,39.586426,42.074838,38.738461,42.605886,39.201292
TK mark,42.240974,44.077848,41.135501,42.334236,43.335784,34.298581,31.255883,44.970596,40.674205,31.837401,39.182634,32.498443,29.127155,40.582577,41.116500,29.658523,44.772713,37.772508,26.322751,30.829645,41.007353,36.632298,33.011929,41.524931,29.913847,27.470573,30.034643,42.792428,44.740956,38.984277,30.046890,35.302343,42.941840,27.416772,42.571601,39.363652,24.927044,30.882416,26.782768,35.404396,41.693114,36.712690,28.576932,41.344333,35.081126,36.200763,37.265930,37.848770,25.085696,29.802681,41.455737,36.748845,34.227523,21.320620,40.168906,40.329855,26.648822,41.203239,31.378483,35.232796,44.592318,25.007228,35.815784,20.638987,38.127719,30.456171,37.177805,40.981336,22.580935,35.883201,37.612269,33.547189,43.158527,43.806180,38.330337,37.736222,41.500526,31.848521,0.000000,31.711925,37.962393,33.890147,41.784706,39.140439,36.958564,44.753278,34.737337,38.489216,43.147163,29.276989,24.371915,34.720608,37.186787,29.280119,37.364827,33.219871,32.568067,36.230379,41.404157,34.668727,27.731289,42.677004,34.081937,29.991420,29.409664,31.552614,27.987197,31.995853,36.417733,31.789527,32.987977,32.334418,35.635968,33.459550,36.025084,35.516316,32.123724,27.020207,32.681548,30.089029,42.115473,29.788271,39.784566,29.943406,40.313165,34.698648
Hội đồng nhân dân - Ủy ban nhân dân phườ,36.359502,36.848374,36.020616,37.508866,38.198833,36.526292,34.403325,39.528163,36.855323,36.502068,37.649543,36.969194,38.065265,37.061254,40.112792,33.932730,39.870446,28.844911,24.497229,35.197392,39.986052,41.209210,36.677069,40.248260,26.828527,25.416090,34.950119,39.841282,40.820257,38.525993,33.876139,39.190586,40.032982,24.484698,40.718782,38.837202,31.580725,34.330121,23.960979,38.543249,40.511796,41.118590,32.041213,39.773754,38.293535,36.669367,41.535164,41.518687,23.617232,33.229302,40.349516,37.001086,37.190074,25.846541,39.466052,38.568438,30.416199,36.227023,33.507392,40.735011,42.295365,26.806798,36.474407,28.325114,37.961915,29.528793,37.282273,45.946892,29.669536,39.061699,40.653210,35.297001,44.740212,41.584475,38.119434,37.701419,46.217732,38.393974,29.774043,0.000000,37.828284,35.273863,40.653279,42.919034,39.179372,43.924684,35.813893,41.126488,40.521856,33.449324,30.165700,35.779854,37.325670,32.760992,39.715464,29.439683,25.113545,36.684880,42.119721,35.651259,30.334093,42.888264,24.367681,29.771698,34.407230,31.222188,31.569669,37.666137,38.330770,25.506614,36.263530,31.773964,29.860449,32.958732,38.967900,27.653037,36.616587,32.153592,28.861703,33.953663,42.851925,33.874256,40.349932,33.143807,40.896125,33.942302
Trung tâm Công nghệ Phần mềm Thủy lợi,44.365309,47.272696,42.577246,44.431372,46.707981,39.745365,43.093322,48.769422,42.415000,42.164367,40.203125,47.767103,40.222023,42.022969,43.636777,40.303572,47.881025,38.729404,32.364864,47.203652,43.730353,49.424602,44.154047,45.384114,42.523042,35.090526,42.523529,44.724833,48.084428,41.701561,40.646482,47.452299,44.636125,34.101658,44.189874,36.984034,40.464514,43.402258,35.926513,45.401696,44.576224,49.067554,40.474201,42.690660,44.057462,36.049222,49.023223,45.893750,33.099881,38.263323,35.807900,34.412061,42.770278,41.773117,40.206183,41.228616,41.254952,42.280485,29.882087,44.729245,47.145481,40.873741,41.284970,43.728901,38.439496,42.138765,36.404054,53.201433,40.020857,45.173771,45.724698,42.538221,44.803309,45.877164,39.028844,30.064853,52.969140,49.075787,39.942454,40.236408,0.000000,44.502561,44.545091,48.993016,41.529524,47.044361,39.209011,43.705209,42.686753,44.816707,39.081699,45.374953,38.211069,43.175950,42.144097,42.186114,41.708123,37.282857,42.464849,38.525484,40.291301,44.687722,41.263313,40.317325,40.744036,42.110295,42.451765,46.783763,36.664112,37.926147,45.270667,46.072770,44.190389,42.169916,46.747222,41.657966,46.337133,39.393449,39.527453,44.156904,42.646044,43.854890,40.010861,41.857275,40.581633,43.843660
WinMart+,44.073977,46.645899,42.473701,44.132101,46.047711,39.474365,42.947478,47.947146,42.294469,41.649280,40.346624,47.196194,39.845351,41.953535,43.309128,36.231984,47.266758,38.539980,30.089237,37.122321,43.362777,48.769428,43.940464,44.631147,39.183283,35.352459,37.238002,44.443138,47.401919,40.787866,36.097891,46.983878,44.396963,38.023464,43.984684,40.965069,37.298069,36.193403,33.740876,45.137237,44.115192,48.462497,34.782417,42.578968,43.878048,36.311360,48.452310,45.586657,36.495475,35.439697,43.825152,37.060461,42.675775,35.858129,41.720639,41.218516,33.591135,42.211470,28.523851,44.512524,46.676914,36.294167,35.746243,37.845442,39.110787,32.754959,37.586396,52.320144,34.239922,44.935041,45.486151,30.568440,44.565111,45.536983,39.402390,38.647021,52.154656,40.336719,32.251163,34.982867,39.745286,0.000000,44.038270,48.516311,41.528272,46.627935,33.823168,43.590795,44.411636,34.740349,27.981219,33.832299,37.842589,18.724273,42.117371,37.410422,36.598142,36.368430,42.387268,33.951146,31.847688,44.337010,37.277995,33.739921,31.785718,36.206012,31.573890,27.423229,36.585252,33.834974,36.448837,35.854050,40.605959,37.535176,40.007113,38.440318,33.588282,29.054293,35.262729,31.647585,42.619159,34.835199,40.042937,34.392252,40.605391,37.674440
Không có tên,45.642904,49.325625,43.393775,45.699352,49.084189,44.137274,43.925191,51.298856,43.522409,48.285113,39.742096,49.509544,46.302436,42.013079,45.550246,46.059329,49.771241,46.556785,38.159947,48.664936,44.265808,51.241452,45.061832,46.815099,46.410689,44.705297,47.572806,47.998076,49.156234,41.069616,44.711279,48.853179,44.931876,41.956359,44.434696,47.103843,44.548428,44.099899,45.381506,46.301089,38.728737,50.734345,44.498463,47.400047,44.786259,37.625859,50.579155,46.308516,41.001020,41.586268,43.917903,37.471083,43.328726,44.838093,39.728337,41.168156,44.687162,42.321060,32.754239,45.496712,47.840670,43.565511,48.446999,46.786430,35.841562,45.811042,32.860239,55.329754,43.067991,45.978800,46.045012,46.458650,45.106030,46.349828,28.714944,36.594222,54.920082,50.172085,43.418374,43.133079,41.444974,48.653858,0.000000,50.249220,41.485543,47.627105,40.996214,43.810970,42.786268,48.362303,43.150725,49.210026,38.704888,46.771416,42.134073,44.986346,44.586243,39.660677,42.522407,40.321114,43.898076,45.166083,43.775245,43.562642,44.510514,45.193993,45.459439,49.825414,33.303062,40.390587,48.227202,48.261318,46.702421,44.930230,50.385782,43.896889,49.949335,42.417600,42.083604,48.543044,43.044217,47.652983,40.222192,45.829514,40.818547,47.055852
Cafe Dinh,46.245739,49.482080,44.369408,45.791930,48.235336,44.022420,48.639024,49.475841,45.050633,45.186851,46.125159,45.704166,44.893608,45.057282,46.486565,43.525477,48.659414,45.933231,39.717955,45.261652,49.380843,44.144035,41.667254,46.954584,42.314094,44.890650,45.029200,47.576344,48.984006,45.406126,39.460139,36.561423,41.277322,44.096343,42.032434,47.804063,45.085182,40.879416,42.511130,44.142431,49.397372,40.074551,42.562154,47.145825,30.978798,43.775573,40.834147,43.098851,44.064482,36.769543,49.184471,46.962576,27.506633,43.370378,47.606586,44.348718,41.514215,39.169940,46.045187,40.630666,50.258609,43.306396,49.406772,44.295278,46.770076,43.180040,45.823908,35.723892,45.565559,21.769224,38.351043,48.152655,47.468974,48.711995,48.100214,46.330868,28.347436,36.893127,39.520653,41.939147,50.470396,49.385118,50.956493,0.000000,26.815374,49.608706,48.755142,23.504406,44.354234,49.189691,46.275088,49.620491,48.669347,48.285718,26.862730,45.878929,39.230576,48.122026,39.284646,49.831595,42.036807,39.931341,42.200048,41.953495,46.927805,42.611052,42.883861,49.900067,43.986228,41.115047,49.019484,42.173307,45.189301,42.601500,50.185907,46.584742,49.937061,41.506071,42.324724,49.176084,40.803592,48.575939,38.540082,47.476318,39.102172,42.261972
Trường Trung học cơ sở Yên Mỹ,45.546728,47.139790,41.452153,39.693752,46.720889,44.210939,45.668623,40.553229,44.864496,44.890106,45.530246,46.138210,44.750333,38.081924,45.772816,45.572415,40.094260,45.458026,41.142641,45.811923,47.550726,44.526440,43.115632,46.155872,43.602392,44.773393,45.882242,39.448895,41.051335,45.127153,41.701587,44.491905,37.415055,44.891053,38.425305,46.673287,45.624529,42.500401,43.655351,41.447916,47.755220,46.745396,44.081260,39.380472,42.072089,43.999663,46.814575,39.117060,44.826555,43.677580,47.603031,46.207064,26.764191,44.294222,46.621907,37.963579,42.804192,31.676497,45.656240,43.478877,43.209449,44.221540,47.851737,44.954952,46.125615,44.043183,41.338313,50.118665,45.883902,26.326001,37.978780,44.637931,43.205843,41.932726,46.996078,45.831632,28.039701,47.356624,44.349082,43.016295,48.728450,47.983665,48.882705,26.469808,0.000000,41.901910,47.532730,20.272622,37.758428,47.907603,43.506879,48.160159,47.557364,47.293467,17.976005,44.333642,42.903208,47.163561,39.321125,48.354556,43.914896,40.738857,41.181182,43.856046,44.896331,44.428760,44.625401,48.414987,44.106608,41.663571,47.849246,43.939754,45.236147,44.326016,47.960176,44.928925,47.345594,44.610107,42.763282,48.005915,40.967839,45.855030,38.466732,44.865013,39.071107,45.195784
WinMart+,57.196299,62.958099,50.812950,43.637066,48.512450,44.432414,63.227641,46.944080,44.411304,56.388003,45.398434,62.025749,45.997289,40.081781,45.996336,56.610851,46.488389,46.208335,39.758539,59.313976,49.301002,57.303230,53.431776,47.447473,51.713101,44.866958,57.154820,39.432294,46.417504,45.508079,49.529205,56.208280,48.407886,53.974782,49.776181,44.752001,56.186271,51.085772,45.346475,50.530346,44.501854,59.940431,52.482488,36.144517,49.884023,43.518563,59.097407,56.603792,52.943934,50.813670,45.795300,42.502297,48.044475,51.779199,42.563922,24.884839,43.855273,41.151904,39.525527,51.357716,42.792588,51.490284,47.028730,52.468506,43.771768,50.377549,42.899092,64.378602,54.452468,49.926581,39.792836,46.166454,36.097816,34.017245,45.006673,43.469662,63.086844,55.747642,50.371845,48.326274,48.538332,47.343932,48.113612,56.896333,42.171417,0.000000,46.629799,46.561675,22.475745,47.267156,44.228092,47.629647,46.738026,46.355908,43.316927,49.833900,47.966230,46.131316,22.979072,47.949907,44.573491,35.461912,45.142948,49.376169,44.965637,50.313050,50.450730,48.059996,41.229129,45.412512,47.231323,47.367148,51.124647,49.733914,48.633347,49.721173,48.385004,49.701502,46.909648,47.470865,39.622911,46.965289,36.623834,45.799080,37.386854,50.327538
Coffee Cây,44.956112,47.511148,43.322450,44.997600,47.067016,40.636836,43.718701,48.796024,43.391371,42.651592,41.571959,47.898826,41.130608,42.929360,44.610364,40.964749,48.004061,40.038769,33.927607,47.378004,44.791574,49.360447,44.626134,46.232465,40.787242,36.681057,42.890444,45.171610,48.190395,42.754476,41.159196,47.592495,45.031899,40.034235,44.636791,42.522624,38.959318,43.909487,37.022784,45.695175,45.381369,49.045624,36.606406,43.324477,44.461266,38.474751,49.001296,46.161817,38.937798,37.049196,35.556865,34.621635,43.267148,38.949165,38.771989,41.857265,37.867931,42.817748,31.438254,45.084745,47.328256,38.542721,38.658704,40.945888,37.124177,38.344479,36.097816,52.777939,37.234528,45.466955,45.949739,38.240157,45.137808,46.152876,37.524615,36.087844,52.595161,49.062342,36.503716,37.641127,35.069546,39.286523,43.735850,48.979843,41.942746,47.192710,0.000000,44.030079,44.896533,41.161677,34.641327,41.000522,34.788877,39.483074,42.531924,39.774832,39.176740,31.038948,42.951064,28.009934,36.636376,44.861770,39.175075,37.256908,30.253935,39.305639,34.486104,34.436323,28.703935,35.815579,35.651189,39.882973,42.213329,39.816914,41.503930,39.894027,41.248257,32.580032,37.324564,37.587144,42.888673,38.771952,40.295692,36.642860,40.849740,39.913243
Trường Mầm non Tứ Hiệp (điểm Đồng Trì),49.001306,51.460912,44.336982,41.937855,50.281525,47.196935,50.056906,43.263399,47.596288,48.357242,48.565107,50.291603,47.656465,40.054076,48.789936,48.931396,42.846000,48.217622,43.007633,49.531943,50.904692,48.076393,46.148586,48.894398,46.297724,47.269005,49.323051,42.134407,44.285169,47.622929,44.340359,47.839596,40.513718,47.821578,41.607446,49.625891,48.887328,45.282953,46.112702,44.215179,50.716840,50.486119,46.841711,41.938491,25.966390,46.146296,50.373575,43.190338,47.393330,46.075440,50.619409,48.750254,24.435582,46.736029,49.227407,40.143983,44.881262,33.306639,47.677548,46.134547,46.460262,46.657446,50.711790,47.441109,48.434765,46.301583,43.431585,26.896831,48.714110,23.494419,41.863183,46.778680,46.883623,45.279026,49.629831,48.072145,25.470156,29.747963,46.441912,44.929429,51.431918,50.554435,51.908011,22.587946,20.247817,45.571850,50.078974,0.000000,40.055052,50.339578,45.311745,50.749480,49.860861,49.592673,19.310412,46.354105,44.812284,49.418998,42.029349,50.885200,45.908979,44.844781,42.765047,45.895238,46.894811,46.562897,46.743404,50.920975,45.911376,34.835047,50.158920,45.869159,47.371577,46.325047,50.210522,38.214272,49.637602,46.516008,44.331338,50.256056,42.123753,47.942364,39.286037,46.722886,39.915467,47.111173
Trường Mầm non Lĩnh Nam (cơ sở 2),47.383398,49.678362,42.541904,37.031911,40.730749,38.965348,48.248698,38.133822,39.075980,46.636888,38.777031,48.539349,39.670625,34.537329,39.948881,47.314070,37.076289,40.035776,36.011501,47.900140,42.034284,46.417950,44.563433,41.359384,44.758312,39.428268,47.682781,31.870968,36.337729,40.038841,42.624717,46.228629,37.903493,46.282137,39.146257,42.340899,47.278523,43.579864,40.431579,42.504289,42.052849,48.852147,45.289464,29.648880,43.109258,39.012371,48.805491,40.241939,46.048516,44.677813,42.235017,40.893834,41.931821,45.379824,39.934710,23.103367,39.705070,31.813573,36.284559,44.559096,31.109384,45.268882,44.270652,46.088713,41.243164,43.828623,41.446141,52.695478,47.262448,43.486084,31.748086,44.059308,26.500865,25.381444,42.096754,41.108511,52.474072,48.793854,45.205448,43.686666,45.686266,44.810018,44.011310,48.816490,37.523543,22.076633,44.241627,40.179926,0.000000,44.874711,42.617528,45.041693,41.509797,44.246416,38.172106,45.106597,43.524576,41.674736,20.201468,45.374207,42.927129,24.858272,41.533656,44.602832,43.198990,45.254672,43.766022,45.490152,39.373364,42.007803,44.985534,45.332363,46.103127,45.063295,46.227118,45.593632,46.064778,42.113500,43.220703,45.236306,36.983008,44.986736,34.781367,44.053088,35.468498,44.830449
Chợ Nhân Chính,44.249719,46.503738,42.796149,44.292744,45.975583,40.256068,43.202267,47.636306,42.737099,39.011190,41.070786,39.173606,40.652702,42.370186,43.664050,35.785712,47.069645,39.639590,29.799599,38.024515,43.745688,48.437294,38.573170,44.815527,38.429733,31.028770,38.248284,44.544970,47.187796,41.801923,36.930760,46.838906,44.490301,37.246232,44.112085,41.766076,36.154256,36.926345,33.092099,45.162491,44.344709,48.180588,35.608913,42.850972,44.005419,38.186479,48.178980,46.787271,35.754228,36.206477,44.105968,38.457847,42.888064,34.971539,42.265401,41.530810,32.687286,42.448430,32.247756,41.626319,46.557451,34.742078,38.251138,36.515019,40.226503,31.626946,38.564043,51.693842,36.597235,44.968937,45.154621,36.024541,44.624384,45.520032,40.459283,39.976629,51.579587,39.756541,29.377855,33.217613,41.388962,35.754428,44.256986,48.286311,42.746000,46.517644,36.883122,44.969721,44.453667,0.000000,23.415541,34.495092,39.385602,29.308581,43.387116,35.532667,34.660282,34.304535,42.598621,33.547969,26.351760,44.256819,35.928231,31.367276,27.468441,33.747831,26.881212,34.950214,36.287287,32.723833,34.928450,36.183991,38.915069,35.750262,39.842261,37.363366,31.548464,28.080182,33.983610,29.572808,42.721168,33.536500,40.212725,33.197795,40.758345,36.222261
Cục Sở hữu Trí tuệ,40.134655,41.649940,39.301835,40.248349,40.766896,36.787330,35.193936,42.375830,38.539749,36.643445,37.176587,36.986308,36.816652,38.680905,38.624549,35.030056,42.439445,35.775507,28.918832,35.886297,38.368712,39.866296,36.770295,38.546304,34.756442,29.784184,35.745973,40.934441,42.296743,36.329336,34.963523,38.535442,42.797191,33.683978,40.891882,36.981467,33.914504,35.162147,30.672904,41.075003,39.092135,39.821298,33.811856,39.681221,37.952868,34.092172,40.163322,44.242832,30.274996,34.486000,38.884696,34.856796,37.129307,31.620263,38.025363,38.956193,29.893102,39.785056,30.040464,39.704811,42.554631,32.310217,33.452832,31.849825,35.975375,28.811978,35.589495,43.259727,33.677186,38.542281,43.123246,31.210860,41.552981,41.977857,36.135060,35.455783,43.581752,37.961733,27.765050,30.986536,35.009362,39.573047,39.349496,41.412759,41.337189,42.891059,36.353872,43.145863,41.692726,24.172059,0.000000,37.231046,34.940475,25.667272,41.837762,31.769847,31.143682,37.164608,40.036080,37.570716,20.999563,40.970920,32.937614,23.619588,27.177416,29.907070,22.816288,36.304121,37.953893,30.961438,33.454082,28.141602,34.073139,32.051040,37.485543,34.498477,30.588452,23.911756,31.690369,29.551343,41.371201,27.461452,39.226873,27.999373,39.738314,31.261901
WinMart+,45.883473,48.847379,43.977784,45.908062,48.574066,41.089583,44.364560,50.371258,44.269222,43.341487,42.228869,49.045774,41.728187,43.635197,45.930036,41.366220,49.246334,40.542805,33.599382,48.371668,46.316092,50.539663,45.305387,48.422326,39.867145,36.623709,43.500697,45.953082,49.543505,44.245691,41.519697,48.543028,45.694418,39.012195,45.273992,43.596520,38.159338,44.462954,35.806099,46.357206,46.870925,50.150154,41.323312,43.893692,45.012698,38.808516,50.046134,46.875253,37.849684,36.361149,46.540234,38.244684,43.708127,37.647535,43.837017,42.237914,36.327905,43.249320,29.892555,45.646249,48.321830,37.547253,39.215613,39.429749,39.858904,36.489775,41.739806,54.137900,36.105310,46.060462,46.517348,35.992946,45.755259,46.957403,40.133913,37.146759,53.871769,49.817859,35.057690,36.569379,39.813511,35.792012,50.235156,49.836364,42.164149,48.047739,31.715205,44.387421,45.435612,33.020003,32.788727,0.000000,36.359737,31.740983,42.795824,38.671484,38.047489,33.633976,43.365532,31.988650,37.047934,45.597307,38.293123,41.176366,28.600492,37.997296,34.740142,38.799288,37.845602,35.051008,36.696629,41.815721,41.152972,38.349207,41.782437,39.148954,37.322822,32.285985,36.466411,36.497877,43.058897,38.301615,40.373357,35.741928,40.944200,39.790795
Kho bạc Nhà nước Đống Đa,42.358498,44.596826,41.038577,42.459214,43.763553,38.359720,41.584353,45.713836,40.463298,40.448949,38.622075,45.433918,38.577124,40.385373,40.991125,39.075392,45.381344,37.246237,32.363319,45.143046,40.831005,47.052168,42.612508,41.510626,41.292092,34.578917,40.987212,42.995304,45.375293,38.722668,39.553599,45.460902,43.127764,40.671862,42.715084,33.779316,39.563811,42.066661,38.112879,43.928141,31.729585,46.818313,39.418775,41.300737,42.754531,34.924228,46.885019,44.317221,39.763163,37.720223,34.635666,33.678611,41.654885,39.902948,30.897281,40.201791,39.094043,41.176409,34.151038,43.361909,45.084816,39.334722,37.864445,41.739869,36.098776,39.655972,29.414977,50.501274,38.212838,43.820671,44.440599,39.764902,43.385817,44.152819,25.475495,23.194565,50.446931,47.482887,37.822606,38.577243,32.251703,41.107986,36.586662,47.206689,40.870259,45.227292,35.498885,42.764314,39.108906,42.174856,36.494323,42.259342,0.000000,40.666217,41.416185,40.487589,39.958367,29.032844,41.402912,33.247585,38.010004,43.073768,39.803437,38.337909,37.928675,40.181005,40.240719,43.914507,25.618924,36.593571,42.811048,44.362980,42.626416,40.504340,44.721553,40.384808,44.362864,37.396632,38.122664,41.705488,42.140494,41.872671,39.691018,39.848669,40.244981,42.253804
Tịnh Cafe,45.097364,47.499456,43.533153,45.131779,47.090837,41.044647,43.886806,48.709021,43.654079,42.931668,41.962651,47.862802,41.555589,43.174263,44.822230,41.287357,47.976706,40.600132,29.807768,37.017379,45.011573,49.256372,44.743372,46.341685,37.058590,37.344608,37.112139,45.271932,48.146029,43.238863,36.117600,47.573620,45.123759,35.964714,44.745713,42.930370,35.256587,36.190561,32.485435,45.761471,45.533127,48.967163,34.933480,43.501401,44.561533,39.359788,48.931377,46.211251,34.679189,35.505285,45.286705,36.955127,43.409811,33.870603,43.240196,42.049875,31.995756,42.968464,33.149605,45.168481,47.326606,33.879280,39.766415,34.739750,38.689923,31.111225,41.579708,52.545796,35.392153,45.524785,45.990530,34.230002,45.212377,46.202094,38.946917,36.836680,52.388863,38.866730,29.513936,32.593960,38.915552,38.432292,48.392073,48.918588,42.077577,47.190982,32.127967,44.122424,44.962471,29.944864,25.460724,33.459580,36.126077,0.000000,42.658373,34.336002,33.659239,33.706147,43.093257,32.461205,26.902763,44.864205,34.961416,29.879633,28.026960,32.789231,27.294701,34.290301,36.259585,32.385687,35.172550,36.325876,36.908783,34.553094,39.942131,36.320340,31.809018,28.289221,33.385679,34.642888,42.963798,33.712366,40.396157,33.333153,40.941842,36.321688
Trường Mầm non Yên Mỹ,46.994761,48.911221,42.657483,40.638633,48.195459,45.455793,47.450562,41.659174,46.024902,46.322700,46.810718,47.836676,45.970563,38.883392,47.027370,46.972414,41.228138,46.628190,41.925072,47.348985,48.978036,45.986948,44.364055,47.309036,44.729142,45.850187,47.314098,40.531226,42.373648,46.204323,42.793324,45.876790,38.627239,46.121328,39.679424,47.930270,46.991746,43.661832,44.698135,42.580188,49.039212,48.327247,45.235060,40.420645,43.092340,44.932281,48.325681,40.700520,45.906097,44.712549,48.886544,47.314666,26.946237,45.341210,47.725623,38.845775,43.705898,32.294605,46.539925,44.589938,44.546247,45.274112,49.066918,46.033641,47.119312,44.992182,42.209275,51.847204,47.079567,26.508918,39.479206,45.545171,44.698101,43.292411,48.135684,46.817318,28.385248,48.539376,45.266084,43.855890,49.885701,49.089651,50.167770,26.729891,18.413149,43.381266,48.621238,19.719698,38.690906,48.962598,44.281912,49.257214,48.570138,48.279889,0.000000,45.189002,43.716082,48.159416,40.416887,49.435100,44.763775,42.371489,41.848980,44.721237,45.745458,45.328546,45.517213,49.487334,44.881883,42.307135,48.836400,44.754224,46.144789,45.175366,48.921751,45.701267,48.332144,45.425552,43.459502,48.968658,41.464505,46.748341,38.811498,45.673013,39.432772,46.020152
WinMart+,44.379845,39.392790,43.048965,44.415271,45.992541,39.192722,36.862668,47.477421,43.067095,39.695190,41.625125,39.806808,41.278083,42.691013,43.967140,37.288859,46.914320,40.460042,31.519875,38.489196,44.038791,43.098744,39.002136,44.991354,39.461245,32.689955,38.951803,44.614758,47.005982,42.498339,37.192913,41.111241,46.038179,38.556053,46.603820,42.351650,36.282122,37.112280,35.217586,43.743872,44.524894,42.960025,35.593130,43.058723,39.993399,39.450208,43.230484,48.220384,30.925969,36.290915,44.328634,39.456666,38.907572,37.048269,42.677901,41.774777,35.593959,41.118588,34.644390,42.310786,46.443002,34.496940,39.814304,38.759673,41.016790,35.588484,39.367295,47.248933,37.082572,40.614700,46.162854,38.674101,44.641670,45.484341,41.215896,40.904206,47.424015,40.242051,27.458132,32.413589,42.386882,37.825029,44.465112,44.183217,43.276003,46.394897,38.736235,45.779706,44.457411,35.788550,28.998488,38.653868,40.433186,33.847433,43.992717,0.000000,32.970340,39.396197,46.791708,38.050066,29.277557,48.121115,35.091812,28.137820,36.640717,30.990656,31.732030,41.905987,41.145549,31.643397,39.719548,32.076081,38.679087,34.458990,43.895212,36.957924,40.633415,32.581296,32.855237,35.319326,45.297007,35.519274,42.398935,34.053924,42.945672,35.335892
5050 Rooftop Cafe & Pub,35.215962,35.517928,42.273851,43.436597,44.630319,35.168286,33.535801,46.022382,42.138548,34.954396,40.849189,35.348111,40.544446,41.874903,42.766353,32.999913,45.664824,39.777299,25.400969,33.886334,42.736749,39.003243,35.355653,43.399582,27.496491,26.195059,33.625679,43.715032,45.688457,41.280656,32.996223,37.506841,45.003337,25.782181,45.535260,41.312711,31.072923,33.437646,35.307252,37.226072,43.223954,39.011099,31.533733,42.345680,36.960897,38.801736,39.443692,46.846288,25.620132,32.481819,43.060911,38.902087,36.055830,36.781715,41.726032,41.233975,35.607410,40.644234,34.836004,39.328796,45.365979,27.893927,38.986716,38.042943,40.191378,35.619199,38.939964,43.170920,29.763238,37.676151,45.189581,37.931066,43.881384,44.562515,40.372948,40.035635,43.575189,36.895213,30.284923,24.523329,40.947635,37.388576,43.265576,40.945892,42.750083,45.414369,38.121344,45.007321,43.767732,35.759889,30.700947,38.064380,39.624005,34.294854,43.390356,30.275050,0.000000,38.773671,45.890315,37.639215,30.991683,46.853232,26.416441,30.261672,36.442159,32.647244,32.877200,40.636422,40.389179,26.465645,38.866523,32.923484,37.790962,34.804682,42.268718,29.100608,39.524742,33.173127,33.369832,35.392802,44.892160,35.567332,42.162417,34.348076,42.683919,35.409464
Thuế cơ sở 4 thành phố Hà Nội,42.486308,44.708020,41.156445,42.585789,43.901080,38.539745,41.693386,45.817424,40.634903,40.595007,38.810728,45.517652,38.774307,40.528700,41.188371,39.212902,45.476380,37.486058,32.549619,45.226816,41.045369,47.118670,42.704638,41.741999,41.429659,34.799943,41.107544,43.096116,45.478866,39.022303,39.665520,45.536095,43.220108,40.817949,42.807475,36.057826,39.684282,42.153089,38.293044,44.003408,41.887196,46.885400,39.539232,41.410068,42.838156,35.264633,46.952082,44.392694,39.923956,37.830215,35.020374,34.095667,41.729853,40.080964,38.318005,40.301282,39.314812,41.259350,33.561816,43.431250,45.168741,39.487325,38.232040,41.935063,36.506932,39.904175,35.697763,50.536683,38.384067,43.887295,44.498630,40.047279,43.468926,44.227683,36.915568,32.875956,50.490834,47.524414,38.034946,38.738407,33.489068,41.467240,41.439214,47.256427,40.937305,45.302141,29.905777,42.825094,41.702335,42.440331,36.757541,36.207360,31.430232,35.533754,41.474886,40.650344,40.121263,0.000000,41.485871,27.186973,37.004632,43.135758,39.940816,40.120299,31.305397,40.369559,35.296809,35.971268,24.400341,36.713941,36.742413,40.571213,42.772364,38.050017,42.711159,40.505138,42.386951,33.203488,38.258310,38.807362,42.181843,39.708055,39.732207,37.504142,40.277784,40.643810
Trường Trung học cơ sở Lĩnh Nam,54.298708,58.322964,48.965963,41.318117,45.179237,51.561874,57.875875,43.307774,42.491260,53.573863,42.872745,57.391618,43.538724,38.580863,43.647990,53.928282,42.650106,43.798034,38.792869,55.693119,46.144013,54.041111,51.162816,44.965440,50.097384,42.863289,54.368769,37.469557,42.287519,43.442793,48.128491,53.344767,46.341642,51.986310,47.460228,42.652695,53.657484,49.390001,43.508505,48.772191,42.349804,56.380873,50.748653,35.213036,48.481931,41.978936,55.886019,51.364646,51.247122,49.470507,43.605444,41.039363,46.949420,50.304863,40.971613,27.821733,42.414242,41.113309,38.704811,49.809022,38.632797,50.075406,44.792562,50.940665,42.252417,49.220166,43.301293,60.288135,52.557355,48.595212,36.365062,44.481770,38.668425,33.717722,43.178248,42.068724,59.489839,53.844432,49.278079,47.474572,46.311834,45.340221,45.684364,54.579074,40.337220,30.786595,44.720288,43.854465,21.026940,45.389619,42.898462,45.599085,44.979171,44.683734,41.233688,48.858804,47.164399,44.466410,0.000000,45.943237,43.243801,30.420157,44.669316,48.417998,43.541928,49.233657,49.379135,46.069350,40.243455,44.945330,45.487827,48.218422,50.008489,48.781489,46.810018,48.870551,46.621645,48.807975,46.309925,45.750485,38.655736,50.488097,35.998647,44.437718,36.721387,49.388822
WinMart+,46.160902,48.828878,44.401176,46.178363,48.582623,41.923413,44.719314,50.183859,44.778885,43.885653,43.011373,49.000882,42.587697,44.134779,46.312018,42.021044,49.184742,41.674930,34.916179,48.377928,46.680721,50.375709,45.549718,48.463065,41.016529,37.968578,43.952164,46.172083,49.447805,45.113194,42.063909,48.540790,45.904976,40.332042,45.518636,44.387452,39.249026,44.759540,37.577459,46.499651,47.116120,50.020384,41.875801,44.265722,45.239993,40.664289,49.933402,46.992407,39.328952,37.356466,37.246042,36.454502,44.011600,39.408656,40.005613,42.640685,38.489883,43.577184,33.740629,45.840557,48.336803,38.917465,41.567894,41.302519,38.929356,39.065694,37.279199,53.717930,37.767091,46.211320,46.625646,39.070377,45.930985,47.065533,39.280329,36.157072,53.494302,49.747800,37.177616,38.093069,39.675491,40.283595,43.137365,49.749160,42.443249,48.070981,28.652543,44.590295,45.584378,41.663407,35.630322,38.146447,35.037614,36.489572,43.058212,40.145740,39.590732,28.196238,43.667955,0.000000,38.095189,45.648371,39.504138,41.705108,30.868193,39.771336,35.932825,37.878114,34.118337,36.209164,38.223534,42.310326,42.414916,38.936194,45.142718,40.155076,44.579202,33.309584,42.522687,40.350749,43.227061,40.986482,40.575165,38.238056,41.129269,41.744065
WinMart+,44.881430,46.836514,43.565570,44.900464,46.420946,41.546006,43.859867,47.800556,43.678667,38.910800,42.319573,39.040809,41.993922,43.257983,44.587307,37.123288,47.294285,41.280995,29.336153,38.002613,44.720996,41.778378,38.508552,45.670702,36.203516,30.360063,38.215653,45.041318,47.403930,43.382882,37.026321,40.264035,44.944195,35.075387,44.608652,43.125539,36.354633,37.007192,31.672490,45.505525,45.140554,41.723580,35.818274,43.525875,39.434744,40.517600,41.994855,46.125650,33.808114,36.355498,40.748238,40.370665,38.534636,32.879740,43.332944,42.208610,30.978805,43.026571,36.103842,41.380790,46.807049,35.198176,41.016209,33.475841,41.908052,29.922775,40.049220,45.281063,36.785834,39.981359,44.689831,32.878961,45.008203,45.845047,42.091360,37.133123,45.517917,39.615359,31.130291,33.929713,43.557626,40.273253,41.239545,42.977258,42.502279,46.723721,36.210897,44.596425,44.775410,23.936281,24.639100,37.353557,36.592935,25.701626,43.100646,35.235550,34.525231,37.199313,43.134388,37.796443,0.000000,44.476934,35.648426,28.094512,26.454861,33.791983,22.251405,36.034717,38.095773,32.860590,35.220041,28.605726,37.936353,28.681763,40.585868,36.947254,31.549816,23.212244,33.971184,29.309869,43.005114,27.490731,40.564181,28.119340,41.084717,32.096761
WinMart+,56.117666,61.181882,50.406212,42.680431,46.902910,43.414078,61.189757,45.410396,43.372395,55.352446,44.186169,60.195390,44.728793,39.541214,44.739288,55.494171,44.903386,44.896020,39.108595,57.819284,47.548430,56.014453,52.551953,45.994648,50.976063,43.694318,55.959391,39.168713,44.733750,44.249055,49.024195,54.998035,48.530567,53.000535,49.610543,43.540230,54.997414,50.396979,44.093281,49.902671,43.281958,58.286492,51.594543,36.574014,49.171946,42.423813,57.530634,55.375492,51.924339,49.983593,44.428706,41.490418,47.426233,50.848767,41.523021,27.857041,42.694554,43.281571,38.746558,50.511341,41.728424,50.551798,45.513098,51.440504,42.579043,49.506225,48.315473,62.175623,53.313595,49.096061,37.509025,44.788797,42.553506,36.405073,43.667938,42.297970,61.041807,54.392688,49.408987,47.499698,46.862488,45.792096,46.432529,55.393414,40.759878,33.761484,45.139334,45.310746,25.915605,45.721632,42.940546,46.043029,45.228074,44.906618,41.912125,48.885834,47.142717,44.677642,28.235537,46.329617,43.277407,0.000000,44.454454,48.449128,43.633610,49.313816,49.429992,46.421658,40.165043,44.635653,45.688396,48.148981,50.055357,48.735112,46.984607,48.683866,46.762720,48.675150,46.017356,45.887429,38.686050,45.452646,35.669671,44.368526,36.429149,49.236505
Cửa Hàng Tiện Lợi BV Mart,36.310737,36.758980,36.020119,43.101394,44.124882,36.468511,34.730078,45.408700,41.897235,36.468191,40.735582,36.756414,37.678110,41.668062,42.431554,34.538559,45.134636,39.774508,26.866876,35.438927,42.376676,40.088076,36.541632,42.920235,29.281690,27.697961,35.387837,43.389785,45.132933,41.065359,34.510194,38.549386,44.576356,27.771628,45.074358,41.131610,33.063208,34.754958,27.389716,38.107239,42.821911,40.064280,33.115199,42.131235,37.883747,38.927079,38.547502,46.224034,28.252929,33.909108,42.684388,38.993453,36.969215,29.127084,41.511548,41.105197,36.268780,40.566156,35.514207,40.571229,44.905556,30.691833,39.104072,38.330335,40.129986,36.384091,39.023273,43.689644,32.516248,38.540170,44.772628,38.261497,43.575392,44.179892,40.294727,39.991434,44.068680,37.880990,32.461665,24.161387,40.758758,37.753062,42.898061,42.143479,42.570372,44.989672,38.366776,44.674356,43.488167,36.609952,32.339979,38.326992,39.639652,35.247211,43.176789,33.795375,25.478381,38.899887,45.475727,37.927387,32.650718,46.206941,0.000000,32.134902,36.985991,34.307632,34.264409,40.507448,40.311543,24.442237,39.010161,34.071639,32.548742,27.197548,41.901287,28.344751,39.548278,34.091695,29.645849,35.970519,44.705031,36.204839,42.085337,35.061758,42.589948,35.996020
Đảng uỷ - HĐND - UBND phường Thanh Xuân,41.810466,37.416667,40.772474,41.884378,42.846979,37.142648,35.249212,44.411035,40.330293,37.244836,38.938668,37.497214,38.590921,40.232297,40.727767,35.187021,44.207030,37.619633,29.970760,36.171051,40.546215,40.862249,37.145573,41.012115,36.620006,30.969250,36.205689,42.353491,44.162604,38.664136,35.141916,39.204703,44.050117,35.595202,44.624607,39.062279,33.779787,35.318113,32.459462,42.001267,41.179416,40.814346,33.678406,40.993378,38.428009,36.143112,41.170441,45.876174,28.738453,34.471896,41.006588,36.644427,37.461960,33.673066,39.802587,40.060097,32.029609,39.721385,31.820470,40.580703,44.055845,31.441943,35.873958,34.388209,37.901358,31.328423,37.148060,44.900979,33.453626,39.076007,44.323585,33.948506,42.754975,43.332758,38.098152,37.539645,45.212180,38.537614,23.810293,29.484876,37.750888,34.148987,41.373052,42.399484,42.018303,44.252734,34.915350,44.266238,42.773709,30.517519,26.061432,38.575182,37.042700,30.227215,42.649840,30.513680,29.562616,36.183584,45.180755,38.755410,25.398430,46.165701,32.493375,0.000000,32.809003,27.051060,27.154694,37.975574,38.679841,30.135894,35.796401,28.536459,33.981154,19.192199,39.939958,34.603607,36.341926,29.820274,30.838841,32.553217,44.485065,32.130726,41.780895,31.339020,42.310672,32.551538
Starbucks,46.105778,48.410027,44.559789,46.115582,48.147784,42.458267,44.818095,49.552865,44.921318,44.139386,43.426658,48.606200,43.080038,44.335875,46.224529,39.487041,48.755974,42.371728,36.138686,40.437184,46.507777,49.853880,45.555294,47.889540,35.541413,39.065689,40.945612,46.109748,48.959552,45.255758,39.383719,48.240288,45.876779,34.482264,45.533041,44.641010,39.213147,39.097800,31.413932,46.420508,46.875281,49.566502,38.191250,44.407782,45.271431,41.761356,49.505169,46.870881,36.050433,38.555886,41.779648,41.384159,44.144948,32.441652,44.632897,42.874172,30.754763,43.735314,36.515244,45.838846,48.045245,38.796573,42.700658,32.875384,43.234977,29.865900,40.794950,52.914526,40.462295,46.158146,46.147833,32.348594,45.886242,46.910539,43.436784,41.863598,52.759089,41.354142,36.043223,37.784965,46.128828,41.927664,45.506875,49.398385,43.667110,47.831277,36.795217,45.859496,45.548007,25.669053,25.449304,38.807291,41.375758,33.103159,44.300359,39.568338,38.868355,38.045404,43.809587,39.165064,24.853251,45.466287,38.935282,35.618716,0.000000,38.963624,24.673876,37.147446,38.965574,35.330094,33.705946,36.181273,42.382819,33.689860,42.176811,39.765243,28.586667,25.415478,40.067853,26.595711,43.319122,32.389297,40.751848,32.134171,41.289248,36.236983
WinMart+,42.316553,37.811531,41.286587,42.381685,43.378722,37.571984,35.727931,44.836141,40.964300,37.734072,39.657729,37.934044,39.344310,40.805002,41.421836,35.795147,44.594159,38.483519,31.036009,36.726795,41.299276,41.052461,37.530855,41.816894,37.569217,32.036616,36.835193,42.773467,44.575406,39.655596,35.741862,39.462879,44.062163,36.680621,44.611204,39.900601,34.634938,35.840949,33.825478,42.098170,41.855630,41.005075,34.380172,41.447099,38.685869,37.270413,41.327144,45.794879,30.212753,35.062450,41.700460,37.584137,37.753376,35.106008,40.494977,40.467824,33.760801,39.885037,33.295975,43.866120,44.408312,32.798822,37.198647,36.026384,38.798112,33.446103,37.883081,44.870813,34.628828,39.300014,44.318675,35.759065,43.088506,43.683916,38.987300,38.539341,45.173544,41.845637,27.559618,24.896498,39.015793,35.617934,41.999099,42.479560,42.098408,44.561619,36.333569,44.270128,43.062758,33.145210,28.650426,36.310276,38.102159,32.292940,42.713103,25.032422,23.243568,37.285587,45.141935,36.089634,28.852750,46.001995,30.548064,28.032667,34.525819,0.000000,30.516546,38.789158,39.150774,28.263386,36.984915,22.463528,31.422088,18.639639,40.442029,33.920457,37.500510,31.639368,28.618427,33.919998,44.480219,33.813090,41.826643,32.875566,42.348073,33.936042
WinMart+,46.048932,48.135687,44.630892,46.059084,47.865351,42.751295,36.572794,49.151118,44.975743,38.743189,43.634400,38.873977,43.330521,44.423873,46.134242,36.847081,48.469748,42.724356,29.600179,37.776855,46.374803,41.746094,38.342121,47.552085,35.544073,39.690551,37.988349,46.053371,48.639254,45.284624,36.781752,40.173227,45.845912,34.544506,45.519175,44.746569,35.985002,36.765051,31.671937,42.613888,46.699770,41.683141,35.491526,44.478850,39.327405,42.275584,41.971277,46.261358,32.035750,36.071032,42.209035,41.864139,38.402415,32.648358,44.712655,43.011771,31.114734,43.822698,37.854948,41.339943,47.844426,34.641728,43.164475,33.082270,43.510509,30.359843,41.237418,45.389172,36.370819,39.890939,44.758151,32.623983,45.838442,46.786460,43.687084,42.343777,45.649283,39.508286,29.937404,33.237873,46.004391,42.578778,45.501797,42.987395,42.487208,47.647885,38.443885,44.651999,45.517000,27.180032,26.344911,40.605978,41.941206,36.269541,43.102523,34.581982,33.811821,39.428675,43.888496,40.648139,22.979250,45.326919,35.199514,25.692268,29.297323,32.839853,0.000000,39.815699,39.946576,32.365583,35.632587,24.515333,37.522026,26.176772,40.947821,36.643774,29.634547,21.133541,36.083257,29.505584,43.390107,25.500561,40.873352,26.553110,41.402476,30.581901
WinMart+,46.716131,49.388849,44.923157,46.717188,49.237419,42.609882,45.197686,50.736267,45.447221,44.495437,43.739822,49.461670,43.342317,44.732654,47.091405,42.579647,49.672603,42.548757,35.542769,48.813372,47.543996,50.776069,45.985459,49.412003,41.643648,38.732183,43.609406,46.633591,49.961429,46.232620,41.753368,48.942028,46.307173,41.018976,45.938049,45.302904,42.066884,45.163790,38.358622,46.867604,47.893780,50.422316,40.627652,44.727724,45.607897,41.852905,50.309830,47.369327,40.048527,40.819934,47.624049,40.879657,44.379451,40.256425,45.165788,43.031814,39.465954,43.960672,35.254322,46.202268,48.772883,42.346682,43.107597,42.278113,43.053516,40.217640,40.365055,54.051806,43.987178,46.545289,46.933843,40.406307,46.297589,47.466452,43.280779,41.384347,53.811500,43.098035,40.896891,41.599550,46.764860,42.129964,50.670575,50.065795,42.702763,48.454780,35.055169,44.858797,45.898162,35.617158,36.751415,40.574472,40.768708,35.652168,43.318024,43.698158,43.042531,36.808851,44.026318,36.576093,37.845615,45.992669,42.189261,42.599264,26.732418,43.829843,34.916604,0.000000,37.671369,37.963297,37.889242,43.443308,46.429812,38.967981,43.495395,42.566989,42.795738,36.355784,43.055741,34.968871,43.392869,38.093377,40.732790,34.707965,41.287015,40.043042
Phường Ô Chợ Dừa,38.363955,40.138491,37.525401,38.549094,38.858835,37.409576,38.313014,40.978389,36.196011,40.169968,33.921654,41.531200,38.035231,36.182223,35.915949,39.427114,41.201301,36.585535,34.569447,41.575322,34.686256,43.311100,39.462654,39.499864,40.039369,34.551609,40.654970,41.105963,40.445357,37.445828,39.435303,42.040045,39.737057,39.461567,39.306315,34.280129,38.737814,39.107649,37.356046,41.075915,32.331205,43.135510,39.325041,40.977091,40.039344,34.800493,43.358018,40.932842,38.768399,37.725502,32.093207,33.953415,39.093624,38.723916,31.708760,37.304529,37.994070,38.265996,33.120587,40.571854,41.046869,38.439895,36.715890,39.897419,30.509041,38.224462,30.140353,46.646241,37.455396,41.148381,41.634035,38.162405,40.228028,40.549225,26.998709,28.850306,46.805565,44.693284,37.067349,37.789560,33.561370,38.633771,33.104677,44.241499,38.877004,41.641161,30.663495,40.407779,39.217887,39.690708,36.026134,34.624239,26.605813,34.402242,39.277030,39.224288,38.806051,26.016880,40.933212,29.565023,36.117879,39.810549,38.855397,38.779165,31.626248,38.866136,34.778270,34.362183,0.000000,36.270083,35.728192,39.109825,40.874289,37.229770,38.556748,39.435175,38.471833,33.112567,40.554096,35.336779,41.729267,36.747646,39.370378,35.116060,39.916479,38.117260
Chợ Xanh Văn Quán,41.495345,34.420116,40.696141,41.544966,42.169511,34.153121,32.990605,43.370947,40.364971,33.857896,39.338844,34.200229,39.079568,40.266509,40.632931,32.522208,43.332827,38.419740,32.532281,33.112191,40.504581,44.435775,34.345692,40.819787,37.735223,33.374576,32.827074,41.938964,43.271504,39.243400,30.600975,41.892927,42.990397,37.076250,43.463232,39.471573,31.156806,31.127608,35.028911,44.343330,40.959720,36.197506,32.087437,40.867359,39.676720,37.521583,36.647921,44.315407,27.707773,32.354354,40.846647,37.733349,38.784897,36.011474,39.956785,40.059188,35.176766,39.585663,34.685830,38.321769,43.277366,32.680186,37.488744,36.745648,38.641788,35.111376,37.921138,41.590244,30.348146,39.254571,43.266047,36.592782,42.291480,42.725154,38.788247,38.442256,42.169184,35.468891,32.064915,25.410796,38.741262,36.414130,41.106291,40.521822,36.801661,43.476261,36.897078,37.468782,42.302561,35.159180,32.028651,36.862770,38.124133,34.304257,37.165255,32.691785,31.921049,37.528475,44.068377,41.961405,32.269578,44.414426,25.337011,31.833682,39.148726,33.361546,33.436967,41.853469,41.377341,0.000000,40.707002,36.189685,25.921362,33.462242,39.719842,20.840978,37.682879,33.501044,27.387760,35.089081,43.936566,35.163057,41.553271,34.351073,42.032529,35.077100
Noble Moment,46.484308,48.668140,44.981361,46.486132,48.457804,43.102748,45.204970,49.743580,45.420527,44.639147,44.045257,42.084171,43.733059,44.807974,46.706942,40.344813,48.964951,43.152385,36.994384,41.267258,47.006532,49.976833,45.882525,48.320460,37.737837,39.939857,41.850961,46.428725,49.168563,45.967625,40.233825,48.431481,46.170308,36.891691,45.843658,45.301927,40.241271,39.870088,34.180831,46.671358,47.314073,49.698377,39.091594,44.794676,45.555986,42.779911,49.637020,47.113464,37.391719,39.378726,42.619957,42.274677,44.471597,35.435707,45.181922,43.249245,34.209597,44.077564,38.146838,46.099244,48.262111,40.096450,43.831185,36.364992,44.022644,33.978367,41.539081,52.892934,41.691434,46.400149,46.525560,36.140698,46.144150,47.151940,44.199698,42.830975,52.746045,41.938252,37.948045,39.212772,46.943304,43.279414,46.006058,49.512927,44.020515,48.021686,38.855427,46.188020,45.778669,33.517712,30.025724,41.451314,42.411450,36.638794,44.654044,41.044496,40.396422,39.916397,44.126270,41.384288,34.015697,45.657697,40.122649,38.409162,30.472429,40.739563,29.609501,35.972498,40.373886,36.375566,0.000000,39.048468,43.706555,35.870204,30.529895,40.756315,27.198343,22.875155,41.112132,23.694481,45.618119,31.167096,42.758180,31.142695,43.280844,36.110963
WinMart+,47.409123,49.460808,45.948167,47.384531,49.352554,44.386410,37.984788,50.475190,46.541377,40.654466,45.336782,40.668979,45.067640,45.875069,47.870435,38.629340,49.658512,44.665672,33.141140,39.648391,48.211539,43.359522,39.846074,49.500244,39.994230,41.512909,40.135215,47.223347,49.887647,47.505084,38.526120,41.634633,45.910791,39.301517,46.417472,46.703459,38.125193,38.308176,36.727045,43.887089,48.416200,43.248202,37.205819,45.674246,40.575229,44.666902,43.467977,47.797753,34.361010,37.681471,44.226995,43.956918,39.589793,38.277035,46.385463,44.072259,37.341432,44.843042,40.740774,42.642677,48.928824,37.342832,45.907352,39.726908,45.575740,37.654895,42.937865,46.954243,39.258951,41.104469,46.028398,39.745163,46.808374,47.833840,45.720142,44.624113,47.129664,40.853164,33.423873,36.058927,48.702734,45.619125,47.152300,44.277545,43.437853,48.626995,41.972615,45.722981,46.371978,37.888318,33.054495,45.131437,44.307089,41.171611,44.096213,37.946919,37.118464,42.826439,44.849058,44.663788,33.673521,46.233963,37.670475,31.094570,37.574463,36.823515,28.629103,45.197967,42.726034,34.038519,42.139666,0.000000,41.247559,23.028477,45.423743,38.791581,38.491783,28.873149,34.542740,34.359580,45.299259,32.044805,42.534040,31.005999,43.056272,32.636127
Co.opmart,43.537325,39.385895,42.464423,43.576515,44.712738,39.221446,37.270934,46.019676,42.382238,39.614207,41.186695,39.690309,40.908000,42.108514,43.002206,37.717582,45.669770,40.225854,32.878623,38.653089,42.980332,42.406548,39.038577,43.618224,39.431390,33.899340,39.014575,43.821458,45.702257,41.686330,37.639533,40.800792,45.041805,38.730307,45.548261,41.676034,37.051579,37.524262,36.224656,43.112169,43.416474,42.327557,36.370904,42.511883,39.886690,39.411935,43.313286,46.791533,33.357959,39.920388,43.271158,39.418460,44.296088,37.646977,42.011945,41.423394,36.694405,40.860092,35.837786,46.186290,45.388126,36.040035,39.674915,38.925886,40.630900,36.887486,39.364131,48.894717,37.796709,44.745910,45.211419,38.883635,43.953680,44.609695,40.796242,40.518452,48.746756,43.968430,32.743497,27.297578,41.465236,38.247065,43.450823,46.197011,42.866333,45.427742,38.903390,45.039067,43.821594,37.223426,32.544866,38.846772,40.158249,35.639625,43.489981,34.498240,33.028717,39.376117,45.877994,38.370533,32.881736,46.704518,29.757608,32.332185,37.463403,34.760180,34.640109,41.171705,40.769330,27.035279,39.597929,43.768051,0.000000,26.944094,42.624913,35.332889,40.226770,34.331093,26.922724,36.303054,44.906424,36.614076,42.235871,35.351675,42.749138,36.320204
WinMart+,45.449850,38.377687,44.314488,45.453152,46.784106,38.206415,36.520857,47.874149,44.540564,38.428701,43.472023,38.549855,43.236478,44.108294,45.375112,36.761563,47.420920,42.766597,32.491518,37.563455,45.496516,41.158573,38.111794,46.298377,38.280563,40.337619,37.733726,45.499690,47.522123,44.610868,36.706116,39.772767,43.803727,37.579179,44.301926,44.285823,36.001718,36.696475,35.302383,42.068812,45.787600,41.120379,35.567905,44.197395,39.046160,42.436860,41.400002,45.307265,32.673516,36.070503,42.370560,42.110497,38.197752,36.454187,44.294871,42.925740,35.526295,43.643617,39.276552,43.616278,46.992585,34.896815,43.087314,37.358643,43.339513,35.528762,41.571046,44.501887,36.328898,39.575693,44.052206,37.246415,45.371233,46.140507,43.481961,42.487985,44.779099,41.850728,31.887878,29.675926,44.980607,42.689097,44.929865,42.416626,42.077930,46.883067,39.935805,44.063054,45.094196,36.702810,31.885723,41.570739,42.187687,38.955390,42.641848,32.665076,31.647032,40.578459,43.700996,41.519056,33.824687,45.371570,34.032118,32.352729,36.206738,18.607705,31.302773,41.240806,40.779500,31.137420,39.138787,27.005865,36.508258,0.000000,41.767399,35.945435,36.839350,30.387644,34.915464,34.280635,44.349657,32.715374,41.830933,31.854773,42.327245,33.021706
9.0cafe,47.111493,49.615797,45.412702,47.104641,49.499356,43.373601,45.626887,50.867605,46.005992,45.071919,44.477608,49.635888,44.123106,45.272585,47.607868,43.224007,49.847461,43.491194,36.602359,49.013142,48.051134,50.856411,46.338051,49.766115,42.398856,39.810644,43.816431,46.969454,50.136330,47.029493,42.040067,49.124623,46.617611,41.876387,46.274082,46.048890,42.387308,45.543519,39.497065,47.126871,48.323931,50.520099,40.982258,45.156995,45.926328,43.160821,50.416109,47.611853,41.006309,41.139999,42.200204,41.787084,44.739927,41.342397,43.664570,43.465751,40.748114,44.336598,37.566683,46.488269,48.972670,42.709198,44.570425,43.338950,43.858075,41.646923,41.071676,53.945009,44.210967,46.804184,47.150098,41.997264,46.572288,47.716204,44.060615,42.385646,53.721778,43.256073,41.506434,42.047286,47.655894,43.958698,46.190492,50.163275,43.013668,48.645072,38.257354,45.119236,46.145457,37.736116,38.415748,42.685720,41.863873,38.479229,43.620677,43.981451,43.402871,39.642046,44.376651,40.589285,39.470263,46.183516,42.549730,43.197829,31.394093,44.141936,36.942824,46.581043,37.897527,38.488439,37.459669,43.931746,46.449270,39.825815,0.000000,42.850592,38.534340,33.623907,43.315970,26.083763,46.031074,34.194155,43.009910,30.836534,43.549713,37.830827
The Coffee House,43.851876,39.974146,42.812920,43.882574,45.002685,39.834835,37.916228,46.215915,42.790988,40.287564,41.680599,40.319198,41.427695,42.498909,43.419783,38.492796,45.865456,40.822029,33.796257,39.383898,43.431444,49.789505,39.607194,44.052699,40.112899,34.793240,39.807797,44.084447,45.898011,42.290750,38.406645,46.851135,45.245327,39.496946,45.726309,42.212439,38.031196,38.214108,37.229536,43.392147,43.816288,41.059045,37.708370,42.825739,44.139722,40.177948,42.078853,46.918702,34.786539,38.277001,43.679921,40.090603,43.337170,38.633796,42.462284,41.726163,37.860247,41.189081,36.918341,44.907926,45.574805,37.350955,40.518600,39.938783,41.234568,38.208779,39.926770,47.880512,38.965043,43.811431,45.389107,39.974519,44.164630,44.812572,41.392044,41.173760,47.834594,42.410012,34.922751,27.918953,42.197905,39.226701,43.825691,45.295413,43.087081,45.588241,39.823616,40.837526,44.005759,38.705696,34.296852,39.758782,40.856236,37.011536,43.702469,37.567454,36.380690,40.125226,45.995539,45.556861,34.670932,46.727183,30.559013,34.259054,42.859013,36.712499,36.336186,45.920497,44.160689,21.283893,44.627433,40.382776,28.245774,37.104451,43.213099,0.000000,41.105693,35.550067,29.246971,37.299932,45.007873,37.738920,42.362504,36.433306,42.867466,37.326107
Cục Tần số vô tuyến điện,48.178954,50.487456,46.530659,48.154153,50.490201,44.910936,46.649189,51.644048,47.329165,46.353510,46.014077,50.385637,45.719784,46.515962,48.948091,44.539601,50.623948,45.334621,38.435195,41.753842,49.441100,51.443503,47.240643,51.079731,38.398342,41.739446,42.408340,47.880896,50.929804,48.845524,40.722932,49.822812,47.452722,37.629171,47.151879,47.712172,40.831969,40.316047,35.072768,47.868100,49.593924,51.125276,39.614692,46.178906,46.735086,45.505306,51.004220,48.353555,38.169540,39.866878,44.333561,44.029172,45.599016,36.359732,45.368276,44.421698,35.287775,45.226855,40.975585,47.248796,49.722182,40.830960,47.155551,37.399596,45.928030,35.248759,42.857416,54.268480,42.410028,47.519166,46.982060,44.659979,47.335937,48.489130,46.089879,44.823818,54.045426,42.279981,39.007135,40.024338,50.051919,46.951916,47.667036,50.673969,44.411415,49.324427,42.531331,46.595888,46.829232,35.704762,31.530595,44.504593,44.455746,38.509336,45.053441,41.898967,41.276879,43.571628,45.215704,45.290152,36.458305,46.840339,40.805695,39.884339,34.162620,41.723484,32.123781,47.145691,41.387177,36.984923,34.694143,40.551130,44.464244,37.085391,46.740616,41.360748,0.000000,16.537986,41.718266,21.201089,46.423705,28.583884,43.419752,29.216592,43.951315,34.911402
Everything Coffee 'N Bagel,46.788669,48.669724,45.456399,46.774021,48.485887,43.928831,46.826713,49.584317,45.922408,40.264376,44.777219,40.295793,44.525137,45.333247,47.047380,38.451728,48.912661,44.106040,33.446706,39.351699,47.303519,42.791819,39.583609,48.387798,39.672125,41.242244,39.739772,46.682020,49.090776,46.537304,38.365759,41.245083,46.143041,39.038911,46.615895,45.922906,37.973101,38.181676,36.736461,44.212368,47.534130,42.714087,37.172850,45.234877,40.313209,43.996797,42.942479,47.937315,34.684414,37.597360,43.249729,42.971686,39.395630,38.090878,44.193326,43.752940,37.265769,44.498138,40.427562,42.236133,48.294445,37.267229,44.998569,39.302681,44.429709,37.527823,42.197453,46.156658,38.880468,40.808734,46.234927,39.303719,46.370580,47.294049,44.581816,43.494144,46.357598,40.557018,34.079823,36.178966,46.831378,44.667822,46.073283,43.769838,43.704138,48.061986,41.446536,45.922629,45.986314,36.653740,33.633109,42.439801,43.168452,38.539316,44.354573,37.730459,37.055595,42.198545,44.521304,43.131883,25.055042,45.735025,37.548733,32.739434,36.023737,36.817951,28.994850,43.103808,40.712649,34.320223,36.905436,30.752149,40.416863,30.138495,41.958862,38.549409,34.378614,0.000000,37.558670,28.783968,45.420955,26.237733,42.705489,26.616320,43.211202,28.726065
Starbucks,46.237593,36.129832,45.196640,46.243230,47.404541,35.931746,34.692781,48.314799,45.479434,35.849181,44.593859,36.117820,44.377318,45.064821,46.261727,34.524520,47.940891,44.062287,31.109091,35.173211,46.470746,38.655237,36.030992,47.148367,35.768914,41.849964,35.046082,46.202523,48.037135,45.821318,34.476538,45.185369,41.396223,35.054617,41.877754,45.423964,33.545849,34.691675,33.031945,39.923553,46.688406,40.318301,37.468285,45.026007,42.989613,43.999173,41.075943,42.550855,30.591996,37.940599,43.745982,43.578313,42.280408,33.822239,45.338075,43.753035,32.875609,44.398826,41.440078,43.090909,47.536561,32.236195,44.627421,34.248963,44.654847,32.533152,42.816203,45.590785,33.275119,42.686596,41.750739,33.953664,45.985503,46.723248,44.767648,43.999336,45.733899,41.083606,29.317230,26.053014,46.247113,44.418763,45.830898,43.908266,40.399949,47.381829,42.220502,40.302373,45.650556,40.104751,29.709157,43.881185,43.769465,41.836706,40.869239,28.914785,28.245168,42.770423,44.421226,43.701394,38.652340,42.879192,26.315921,37.889263,40.344106,33.757801,37.754409,43.814504,42.693960,29.681591,42.353237,36.482354,22.213253,32.332395,44.024874,32.292862,40.641466,34.996333,0.000000,37.862932,43.134499,37.237601,40.894991,35.988186,41.374092,36.852860
Chợ Trung Kính,45.343184,47.276875,44.020688,45.355885,46.931945,42.141517,44.279998,48.226474,44.230223,43.591812,42.931133,47.584388,42.635823,43.772449,45.209082,42.188258,47.682732,41.995331,36.585025,39.115049,45.365594,48.765305,44.975626,46.364018,35.529302,39.207911,39.407280,45.436653,47.801208,44.189913,38.253658,47.372327,45.297207,34.657287,44.978894,43.839167,37.914639,38.123340,32.175898,45.824244,45.742063,48.545136,37.233468,43.938500,44.785560,41.418806,48.534967,46.223597,35.160921,37.598592,40.968212,40.598423,43.769341,33.049728,42.248349,42.583052,31.797003,43.385305,37.252740,45.327510,47.160246,37.319568,42.072820,33.467099,42.118132,31.269454,40.244509,51.603979,38.616511,45.613237,45.450113,40.485893,45.325046,46.188066,42.302226,40.916049,51.512577,40.269996,34.854918,36.435285,43.843221,41.448793,44.232412,48.565084,43.274220,47.041225,37.643128,45.286368,45.055527,29.490865,28.021424,37.651358,40.487588,31.817142,43.856534,37.671321,37.132983,38.553865,43.459657,38.887397,29.425678,44.766767,37.532236,34.147823,26.173100,36.972068,26.694536,36.298645,37.498863,34.746217,22.692373,34.028062,39.785722,32.723989,32.442785,38.387467,23.561871,26.708352,38.275510,0.000000,45.476527,23.635143,42.691631,24.744659,43.206183,30.970911
Trường Mầm non Kim Lan,46.464056,47.267118,44.398728,41.576806,42.904683,45.690645,46.686739,42.154963,42.025329,46.114225,42.128236,46.834890,42.397680,40.631926,42.466451,46.437615,41.960288,42.524493,40.429557,46.656953,43.395778,46.056973,45.284957,43.035080,45.294658,42.196474,46.574277,40.574440,41.842735,42.439343,44.313984,45.990111,43.035929,46.019575,43.408734,42.084845,46.454106,44.788865,42.518846,44.394360,41.962223,47.079139,45.558840,40.016271,44.553593,41.848176,47.105460,44.042990,45.962651,45.266045,42.485669,41.436645,43.916717,45.626437,41.429517,37.795815,42.075591,41.356913,40.263736,45.211444,41.045231,45.570432,43.033390,45.979302,41.992490,45.374053,43.292574,48.804995,46.512997,44.716241,40.360243,43.074140,41.063794,40.220784,42.370708,41.905375,48.818962,47.373209,45.535416,44.689320,43.831210,43.410032,43.407108,47.306620,41.151375,40.121217,43.121905,42.534525,35.747611,43.495569,42.358483,43.528328,44.114818,43.197660,41.533050,45.439318,44.564657,43.090942,37.652743,43.730879,42.529085,38.369547,43.355596,45.177030,42.659067,45.545009,45.656712,43.808806,43.270665,43.583223,43.609054,45.183601,46.018832,45.442352,44.341406,45.745763,44.263633,45.581100,44.341391,43.789742,0.000000,46.399476,24.477537,43.213621,23.584651,45.953279
WinMart+,45.797373,47.654752,44.517430,45.809923,47.369563,42.818096,44.725023,48.561804,44.812609,40.123639,43.607447,40.156318,43.337939,44.311126,45.808889,38.481955,48.000297,42.799676,37.422472,39.297148,45.990232,42.483432,39.520761,46.963276,37.247031,40.063404,39.622512,45.822012,48.135813,45.002202,38.392393,47.655341,45.657085,36.519978,45.355847,44.566378,38.054478,38.229029,34.277113,46.141432,46.298233,42.422302,37.313690,44.383380,40.208263,42.427231,42.642316,47.298565,35.156213,37.695744,41.874993,41.555567,39.358344,35.285181,42.983177,43.007803,34.305772,43.768694,38.670132,42.020709,47.468818,37.450812,43.201118,35.984794,42.997934,34.145085,41.039796,45.635563,38.840189,40.687039,45.775376,41.631167,45.649409,46.512851,43.165757,41.950082,45.843741,40.443483,34.816104,36.515549,44.903312,42.722239,44.866184,43.461933,43.472693,47.314993,39.337327,45.554992,45.344283,33.929473,31.167603,39.802719,41.581484,35.942908,44.080606,37.860862,37.280006,40.142391,43.834407,40.723265,27.980436,45.033892,37.670830,34.030429,32.434727,37.127727,23.975341,39.507061,38.931726,34.715952,32.015122,32.469687,40.146129,31.497786,37.356200,38.560255,27.007398,19.119978,37.690964,26.542238,45.640669,0.000000,42.872743,16.855162,43.387437,23.229595
Trường Trung học cơ sở Văn Đức,42.862163,43.328626,41.122265,38.720658,39.830315,42.347813,42.715149,39.055891,39.323045,42.542012,39.238227,42.932149,39.524904,37.960498,39.619333,42.888088,38.830919,39.667187,38.124213,42.906101,40.332087,42.398985,41.875523,40.151365,42.110580,39.464935,42.985456,37.645656,38.669547,39.690203,41.207817,42.416252,39.669661,42.688589,40.007895,39.327028,42.943538,41.568825,39.862284,41.144731,39.177376,43.309568,42.329128,37.179279,41.475078,39.309865,43.403222,40.308692,42.745420,42.212795,39.691988,38.914672,41.047810,42.512096,38.829582,35.447682,39.603751,38.226830,38.117111,42.057547,37.832370,42.482023,40.222200,42.847650,39.468296,42.441451,40.371001,44.804092,43.198797,41.673591,37.445071,40.500223,37.774679,37.163178,39.719222,39.449818,44.912015,44.043379,42.658399,41.975009,41.008730,40.681177,40.525859,43.820382,38.643409,36.972859,40.436047,39.636645,33.779813,40.825673,39.976767,40.782860,41.340879,40.621817,38.897558,42.668150,41.903701,40.513525,35.093263,40.993210,40.148893,35.309368,40.992798,42.412501,40.219845,42.694735,42.814103,41.079420,40.681716,41.277744,41.006867,42.486464,43.151093,42.692992,41.687503,43.124571,41.644250,42.891102,41.914177,41.185951,23.838817,43.546002,0.000000,40.830788,19.092688,43.237054
Trung tâm Hỗ trợ doanh nghiệp Hà Nội,44.320940,45.935372,43.221267,44.343853,45.506323,41.458405,43.482598,46.715576,43.255555,38.926965,42.122208,39.046440,41.829793,42.923653,43.936824,37.441380,46.398304,41.249944,36.643583,38.187033,44.012221,41.384521,38.582147,44.686951,38.481447,38.934944,38.359004,44.511837,46.454151,42.878656,37.349702,40.099864,44.474357,37.869601,44.181340,42.740774,36.872304,37.319313,35.883041,45.010378,44.389431,41.355492,36.352004,43.209225,39.381103,40.643923,41.609833,46.056487,34.052089,36.779517,40.353757,40.036574,38.591178,36.924578,41.500506,42.043807,36.166666,42.786255,37.226546,41.089068,46.056916,36.091151,41.023155,37.770386,41.267732,36.198602,39.809180,44.442454,37.312699,39.868621,44.756261,39.837229,44.548042,45.249106,41.433849,40.243306,44.688152,39.554283,33.378137,35.163678,42.293089,40.480955,43.156487,42.524780,42.739539,46.034576,37.506704,44.662075,44.357743,32.668678,30.572103,37.480755,39.874126,34.368339,43.304425,36.222771,35.709582,38.237942,42.885799,38.409498,27.574600,43.869668,36.364215,32.196315,31.129285,35.352221,29.715247,36.562879,37.412858,33.877261,30.445453,30.848979,38.233559,30.371432,34.395598,37.338413,26.598688,20.648802,36.501138,24.100390,45.079138,16.065651,42.455084,0.000000,42.961090,21.798863
Trường Mầm non Văn Đức (điểm Chử Xá),44.272560,44.797098,42.549367,40.197486,41.288458,43.697761,44.247113,40.598717,40.680526,43.960001,40.681076,44.429917,40.933602,39.439280,41.010969,44.273548,40.410515,41.051269,39.415797,44.353687,41.742789,43.855548,43.289464,41.510421,43.428405,40.824604,44.369768,39.278756,40.283953,41.033195,42.567588,43.847981,41.261643,44.016183,41.583104,40.704193,44.305617,42.938833,41.154872,42.567836,40.580915,44.732912,43.648762,38.822106,42.822693,40.603042,44.801523,41.969769,44.033279,43.482590,41.053215,40.233807,42.327605,43.782672,40.192081,37.041553,40.838312,39.856081,39.333826,43.369251,39.560769,43.743978,41.541201,44.101467,40.746161,43.651165,41.723904,46.194753,44.484578,42.988585,39.115729,41.709322,39.526361,38.901855,41.022441,40.693428,46.268704,45.281588,43.836222,43.143845,42.278354,41.933790,41.854596,45.119579,39.981459,38.776139,41.696944,41.041731,35.389602,42.044628,41.153892,42.043793,42.569348,41.823543,40.269501,43.810274,43.045957,41.724624,36.870446,42.229050,41.308173,37.054411,42.083834,43.564107,41.395845,43.855214,43.966519,42.306937,41.885965,42.336047,42.192108,43.612969,44.286392,43.820121,42.847634,44.183453,42.787128,43.992869,42.973886,42.363606,22.833103,44.657235,19.417254,41.949053,0.000000,44.322263
WinMart+,47.090062,48.857494,45.826814,47.076357,48.708660,44.478938,47.435091,49.696267,46.327442,41.514107,45.284615,41.475051,45.066743,45.746285,47.409779,39.786487,49.061777,44.715768,34.872619,40.658417,47.657232,43.681001,40.642794,48.656269,40.938612,42.005353,41.163296,46.950398,49.231346,47.018875,39.692420,42.159998,46.717564,40.424698,47.156392,46.404568,39.589083,39.388418,38.394787,44.863454,47.853640,43.587433,38.592888,45.588263,41.167961,44.725479,43.764684,48.469355,36.808668,38.897189,43.961779,43.725811,40.274977,39.764678,44.768135,44.120235,39.169948,44.832676,41.573460,43.016592,48.469045,39.308174,45.719162,41.096414,45.072721,39.657013,42.880551,46.791806,40.807071,41.612444,46.766220,41.193023,46.603858,47.502368,45.208283,44.265434,46.958704,41.464871,37.108918,38.450084,47.381219,45.482039,46.503858,44.438032,44.227928,48.219298,42.678930,46.404359,46.200701,38.789782,36.157585,43.800281,43.990944,41.349215,44.870133,40.074659,39.469188,43.327829,44.830106,44.296178,36.901455,45.892888,39.408611,37.200381,39.235266,39.650265,34.602996,44.708119,41.848784,35.970756,40.219476,35.545608,42.523727,33.683076,44.125908,40.101986,39.367265,29.099764,39.267469,29.599772,45.714655,24.299860,43.007374,16.353555,43.504894,0.000000
