,depot,WinMart+,Trường Mầm non Thịnh Liệt (cơ sở Giáp Nh,Trường Mầm non Hoa Mai,Trường mầm non Vườn Hồng,WinMart+,WinMart+,Siêu thị Đức Thành,WinMart+,Siêu Thị T-Mart,Trường Trung học cơ sở Tân Định,Trường Tiểu học Hoàng Liệt,WinMart+,WinMart+,Cục Dự trữ Nhà nước khu vực Hà Nội,Trường Mầm Non Đại Từ,WinMart+,Cà Phê Parkland,Trường Mầm non Định Công (Cơ sở 3),Highlands Coffee,WinMart+,WinMart+,Trường Mầm non Hoàng Liệt (cơ sở Tứ Kỳ),WinMart+,WinMart+,Trường Mầm non Sao Mai,KFC,Trường Đại học Công nghệ và Quản lý Hữu ,Không có tên,WinMart+,Không có tên,WinMart+,MM Mega Market Hoàng Mai,Trường Tiểu học Đại Kim,Không có tên,Không có tên,Cà Phê 3k,Không có tên,WinMart+,WinMart+,WinMart+,Trường Tiểu học Chu Văn An,AEON MaxValu Linh Đàm,WinMart+,WinMart+,WinMart+,Trường Mầm Non Hoạ Mi,WinMart+,WinMart+,Trường Tiểu học Chu Văn An,WinMart+,WinMart+,Trường Mầm non A Tứ Hiệp,Cà Phê KOK,Không có tên,Trường Đại học Kinh tế - Kỹ thuật Công n,WinMart+,Trường Quốc tế Singapore,WinMart+,Trường Tiểu học Tam Hiệp,WinMart+,Delícia Coffee & Lounge,UBND phường Khương Thượng,WinMart+,Siêu thị B11 Kim Liên,WinMart+,Cà Phê Big One,Trường Mầm non Đại Thanh,siêu thị 24h ninja mark,Trường Mầm non Tứ Hiệp (điểm Cổ Điển B),WinMart+,Không có tên,Quan an Nam Nhu 1,WinMart+,Taste Tea,WinMart+,WinMart+,Trường Cao đẳng Hà Nội,TK mark,Hội đồng nhân dân - Ủy ban nhân dân phườ,Trung tâm Công nghệ Phần mềm Thủy lợi,WinMart+,Không có tên,Cafe Dinh,Trường Trung học cơ sở Yên Mỹ,WinMart+,Coffee Cây,Trường Mầm non Tứ Hiệp (điểm Đồng Trì),Trường Mầm non Lĩnh Nam (cơ sở 2),Chợ Nhân Chính,Cục Sở hữu Trí tuệ,WinMart+,Kho bạc Nhà nước Đống Đa,Tịnh Cafe,Trường Mầm non Yên Mỹ,WinMart+,5050 Rooftop Cafe & Pub,Thuế cơ sở 4 thành phố Hà Nội,Trường Trung học cơ sở Lĩnh Nam,WinMart+,WinMart+,WinMart+,Cửa Hàng Tiện Lợi BV Mart,Đảng uỷ - HĐND - UBND phường Thanh Xuân,Starbucks,WinMart+,WinMart+,WinMart+,Phường Ô Chợ Dừa,Chợ Xanh Văn Quán,Noble Moment,WinMart+,Co.opmart,WinMart+,9.0cafe,The Coffee House,Cục Tần số vô tuyến điện,Everything Coffee 'N Bagel,Starbucks,Chợ Trung Kính,Trường Mầm non Kim Lan,WinMart+,Trường Trung học cơ sở Văn Đức,Trung tâm Hỗ trợ doanh nghiệp Hà Nội,Trường Mầm non Văn Đức (điểm Chử Xá),WinMart+
depot,0.000000,26.328223,25.476576,30.349223,25.238031,31.306262,19.239073,35.885998,31.646210,29.169396,30.428240,24.693061,31.831220,29.243788,32.745449,29.005473,36.557896,32.821513,27.497642,26.788885,36.422189,24.144563,23.917125,35.616661,35.515667,32.188492,31.892142,36.230038,38.590032,33.420594,30.836637,25.540886,36.247374,30.614581,35.521521,35.745609,30.519398,25.120937,34.560310,27.563960,34.620471,29.664796,30.637138,36.009835,25.473286,32.342297,30.814591,38.228322,31.442644,28.966811,38.254468,35.984613,24.540083,33.399005,36.475437,33.665338,33.786765,33.648404,29.075077,28.679049,41.277545,31.378406,39.442166,34.865667,36.532685,32.908304,34.671216,36.765380,33.342405,27.032713,29.109340,39.368290,38.202385,39.316325,37.812199,36.517062,37.561837,35.792428,30.677606,31.714065,41.715645,40.390201,41.551277,34.074750,29.727669,40.905403,39.556433,31.301399,34.349778,40.508801,37.281702,40.761297,39.962466,39.645371,30.101216,38.890794,38.598236,39.305704,35.534284,41.257157,37.942366,36.067875,38.171632,37.811357,38.267512,38.900971,39.088711,41.431390,34.240153,30.978771,40.704503,41.176491,40.077228,38.850053,42.403375,38.351704,42.176887,37.091615,36.975481,41.054146,37.323714,40.714743,34.743869,39.509240,35.375892,40.547671
WinMart+,30.262480,0.000000,29.412342,34.336329,38.196188,32.895688,21.023341,42.793970,34.160091,32.396018,34.763374,37.101019,35.425607,32.870593,36.294243,31.162451,41.193355,36.185641,29.248209,37.169855,42.471804,41.845166,32.015188,38.799634,36.687047,34.941153,35.239034,39.490796,42.400478,36.131899,32.839313,38.274579,38.680410,32.221997,37.988869,39.722692,32.393668,32.104920,36.819357,36.105347,43.045637,41.303810,32.505401,38.949356,34.068377,34.406368,41.515062,40.567209,32.992904,29.951319,42.769204,38.932947,32.372404,32.541138,39.779199,35.506153,35.560261,35.493084,38.708839,35.535768,44.638012,32.742969,43.503878,34.100998,39.069738,41.472682,37.812011,49.434966,35.455277,36.265164,34.666050,41.964288,40.277884,41.962468,41.086290,38.779122,48.869978,42.663259,29.610390,32.735240,45.388060,43.614112,46.344127,42.161983,33.562715,43.478283,42.647630,35.494261,35.936031,43.383536,39.138791,44.097223,42.548992,42.170634,34.150552,40.766532,40.428684,41.758182,37.208020,44.474527,39.843883,38.188285,39.711304,39.604359,40.396079,40.938391,41.101489,44.603453,35.727588,31.662789,43.342283,43.400202,42.140000,40.652576,45.087891,36.113652,44.754273,38.610665,38.148554,43.545017,37.902340,42.840414,35.170516,41.319853,35.809082,42.397438
Trường Mầm non Thịnh Liệt (cơ sở Giáp Nh,25.901767,27.966040,0.000000,27.792941,23.478293,29.403253,26.470172,32.239881,29.863383,32.939269,27.867284,32.578895,29.654986,27.089481,30.729988,34.698280,33.894643,30.768265,26.336628,33.420494,33.975060,30.803795,29.595508,33.695874,33.995232,30.464523,35.317837,34.317248,36.356605,31.718843,29.085843,31.610530,26.856164,34.649396,25.647593,33.846247,35.108473,29.986573,33.101505,27.825763,32.837654,35.861710,33.557627,34.282024,29.926370,31.024686,36.512386,29.983322,35.091488,33.824431,36.377837,34.531979,28.731931,32.311527,34.957606,32.518287,32.665123,26.191770,28.160918,32.828129,39.363293,34.708570,37.785578,33.772982,35.293761,31.895376,33.250539,42.441671,36.904304,31.168504,30.586927,38.197241,36.952436,37.760177,36.306309,35.349325,42.679198,39.405145,29.890191,34.275311,40.268604,39.021001,39.782766,38.374435,30.788531,39.399553,38.212271,32.532192,33.360408,39.256246,36.356375,39.401894,38.803003,38.501535,31.215870,38.001058,37.708760,38.166013,34.501662,39.952070,36.961665,34.807788,37.398328,36.908133,37.233619,37.951010,38.138545,40.157738,33.344432,33.667790,39.584936,40.217593,39.142237,37.977217,41.328745,37.602053,41.125558,36.289317,36.296836,39.972938,36.931057,39.764370,34.447846,38.613486,35.072769,39.712986
Trường Mầm non Hoa Mai,31.025620,34.037895,26.630440,0.000000,31.731193,30.274626,31.409626,26.659315,30.748481,34.215054,27.512246,36.518152,30.773801,19.243577,31.880038,33.270649,31.669985,31.958601,26.672464,36.656360,35.863942,39.370033,33.458730,35.101522,35.094437,31.434547,35.450474,33.036836,35.769276,32.789048,33.843930,37.380314,33.977212,32.030960,32.985753,35.261882,33.602354,33.373566,34.103541,36.080220,33.057809,39.247991,33.662656,33.150112,34.624872,31.812784,39.549018,36.580949,31.079268,31.713467,38.001376,35.685671,33.357480,33.038950,36.201749,31.565910,33.443769,31.478494,28.539089,35.640044,39.916015,33.633569,39.309381,34.584601,36.317288,32.522617,33.448529,44.540775,31.477810,36.202565,38.947769,39.261530,36.880170,37.846632,37.608872,36.306999,44.556014,41.129615,30.303738,37.525873,41.724378,40.331299,41.560477,40.471827,33.781192,39.895152,39.453536,36.011870,32.757359,40.459376,37.165421,40.727384,39.914506,39.559044,34.396207,38.789857,38.490147,39.224067,34.011556,41.239537,37.797208,35.158162,38.064987,37.674445,38.130349,38.801718,38.997070,41.422307,34.001745,35.607124,40.673405,41.152751,40.016046,38.751656,42.432606,38.253766,42.191051,36.948873,36.872494,41.031271,36.868382,40.684725,34.265541,39.434401,34.920117,40.510628
Trường mầm non Vườn Hồng,32.219362,36.100300,23.703247,29.255996,0.000000,31.495877,27.100807,41.896041,31.941431,35.991232,28.793974,38.208850,32.432530,27.552639,33.544071,34.559838,40.043935,33.624967,27.043448,38.086071,38.551154,41.084856,34.436181,36.996963,36.465996,32.677262,36.968809,38.319493,42.016822,34.145629,34.875474,38.742913,37.675670,32.796841,36.781550,37.102783,34.569245,34.265303,35.313227,27.872139,34.447567,40.843308,34.607945,37.794734,35.420365,32.702653,41.019491,40.019997,31.676820,32.275792,40.108808,37.008190,34.027214,33.817365,37.684152,34.318158,34.258376,34.255268,28.913827,36.579915,45.037202,34.229636,41.243292,35.426876,37.449622,33.296840,34.649742,46.591935,32.157693,37.026547,41.201280,40.526777,39.849405,41.766243,39.112508,37.334434,46.464290,42.124635,30.675208,38.164608,43.469779,41.858660,43.834901,41.611285,35.147751,43.608618,40.938556,37.784676,35.052688,41.821393,37.981918,42.340740,41.097263,40.784633,35.855270,39.739763,39.417581,40.353362,36.429627,42.811036,38.713400,38.151114,38.847401,38.579693,39.188064,39.829000,39.993108,42.986626,34.652989,36.082626,41.964666,42.267279,41.053812,39.644713,43.762875,38.992869,43.467998,37.718642,37.382384,42.231124,37.618361,41.717988,34.836001,40.284189,35.489013,41.435341
WinMart+,31.552175,32.148803,31.690312,33.480367,31.293858,0.000000,27.584772,39.161269,29.657265,33.077898,32.807583,34.600174,31.365449,31.626910,32.587740,29.615210,38.909045,30.207130,24.342370,30.093514,35.799688,39.063928,30.989438,35.435394,35.908212,29.785357,36.628177,38.020591,40.314337,31.914836,33.182475,36.329529,37.650233,32.446684,37.028790,34.211666,32.705410,33.145004,30.059227,34.920035,36.955466,38.838838,32.844472,37.687538,33.129410,30.808944,39.276177,39.383868,31.853869,29.777585,36.779480,30.898730,31.657075,35.771992,35.213749,34.942355,30.131140,34.959820,26.992286,34.525502,42.461907,33.021560,33.963499,37.204614,33.710177,29.583447,34.365722,46.180795,36.103917,35.210863,33.989742,30.673701,39.198776,40.444664,33.974018,30.702486,46.019710,41.278173,30.491649,32.948796,37.751968,36.341672,40.103304,40.508625,33.167488,41.852681,35.373863,34.891108,35.392427,36.903166,33.833405,36.855880,36.422667,36.231365,33.711469,34.406003,29.882756,33.778530,36.568895,37.667670,34.783022,36.878090,31.359392,33.344591,34.972951,34.027760,34.498737,37.982705,35.103114,31.755694,37.593857,38.686789,35.695566,34.437884,39.760408,36.469797,39.580558,34.436491,33.089658,38.143997,37.670763,38.150119,35.078540,36.888156,35.695942,38.321225
WinMart+,19.392146,42.796030,25.671863,37.888590,41.293426,34.422001,0.000000,43.698902,37.262930,34.700245,38.322598,35.995215,36.514514,36.886735,39.107052,37.630621,42.514617,38.664268,30.932676,36.680291,43.532986,30.948174,28.633437,40.374789,33.924297,37.477900,38.773853,41.187986,43.194427,38.301990,27.880211,32.556058,28.446205,36.794263,27.395220,41.347877,38.080631,29.317812,34.942030,32.011089,43.758991,40.918203,34.991975,40.700697,29.577407,36.577573,41.316527,31.996125,37.169922,35.068598,43.471466,40.487532,27.815144,36.275387,41.293466,37.290297,34.103036,27.556266,39.880635,33.813973,45.022431,36.305652,43.897390,37.852974,40.466467,36.641653,39.243234,52.163815,39.744819,31.538506,32.208006,38.059922,41.379090,42.911289,42.108224,40.049166,50.877313,42.836805,31.837339,35.252829,45.375485,43.960766,46.076462,42.471167,31.792231,44.116599,43.145284,34.568248,37.433086,43.744515,35.007654,44.279563,43.100772,42.668279,32.257916,36.417632,31.892066,42.425599,38.648223,44.576099,35.593314,32.222464,33.106138,35.440896,41.078720,36.222349,36.639159,44.657744,37.411958,34.232229,43.595853,35.922352,37.772019,36.416546,45.046424,39.065086,38.941858,35.327230,34.744571,43.799599,38.887964,36.861987,36.126178,41.868126,36.743496,36.321519
Siêu thị Đức Thành,35.047624,39.176708,30.894826,26.833798,39.600686,34.409653,34.412102,0.000000,34.658433,38.595659,33.433088,40.419331,36.010638,23.415465,36.664759,36.751385,38.186999,36.818004,29.133387,39.979511,41.981648,42.888981,36.221131,39.602354,38.428688,35.356025,38.955073,36.758042,42.140575,36.633861,36.490400,40.453167,36.509865,34.349531,35.282115,39.674791,36.204920,35.847023,37.267818,38.379138,36.986680,42.568768,36.213388,36.290040,36.780807,34.672001,42.607757,39.589965,33.237640,33.657888,42.406372,38.950371,35.339291,35.402233,39.712120,32.901428,35.844263,32.756087,30.472027,37.887378,46.452364,35.427996,43.137938,36.868522,39.061534,34.684901,36.552858,48.030678,33.518410,38.266320,41.158829,41.794698,39.566523,41.911550,40.934241,38.798088,47.766973,43.127808,31.875974,39.063557,44.949099,43.307691,45.712886,42.800008,34.479050,44.243383,42.412245,37.294614,34.089556,43.125178,39.121823,43.769137,42.345816,41.998448,35.215433,40.701721,40.387636,41.602651,35.597957,44.139892,39.798049,38.440542,39.684041,39.582689,40.327519,40.846344,41.001782,44.270117,35.891880,36.809645,43.118084,43.219742,42.024029,40.577244,44.796114,39.771727,44.499437,38.622288,38.168097,43.314395,37.382881,42.664280,34.519924,41.214498,35.202215,42.260398
WinMart+,29.222275,33.929471,28.214704,29.850600,26.611002,27.441862,30.569070,36.477346,0.000000,34.623925,29.484020,37.581900,27.245335,28.449097,27.433235,32.014924,37.056655,30.926877,23.027562,37.573605,32.561537,41.213820,33.346639,37.829195,36.749126,30.153413,36.421643,36.562354,39.193756,32.905240,33.905355,38.427725,36.489390,31.770596,35.722747,32.859087,33.572602,33.294357,35.058576,36.561544,37.129782,40.888045,33.656507,36.308770,34.788454,31.248155,41.111730,38.559615,30.361437,31.027655,36.799090,34.022770,33.272804,33.171925,34.609265,33.757356,33.751965,33.731447,26.779595,36.047848,41.984390,28.105294,34.933883,35.352584,35.105617,32.493533,33.519315,47.587102,31.073271,36.660068,40.065289,36.581150,38.527463,39.787334,36.552648,35.222114,47.272737,42.337472,29.538944,29.899957,39.051952,37.390437,41.640576,41.799063,34.882356,41.446238,36.275415,35.831005,34.468322,37.902461,34.373759,37.948817,37.326261,37.048524,35.522682,36.816418,36.470764,34.374219,35.704514,38.783524,35.340533,36.464615,36.276388,35.433787,35.583097,36.645677,36.886942,39.105901,32.755479,33.856660,38.517880,39.510984,38.198019,36.810677,40.814338,36.650341,40.580664,34.854825,34.993253,39.067952,37.374703,38.943741,34.751609,37.570523,35.383984,39.007486
Siêu Thị T-Mart,30.777960,31.391895,30.497743,36.053346,35.276452,32.858839,25.250900,41.520173,33.555550,0.000000,33.853338,35.536838,38.550693,32.619466,34.906802,24.188178,40.727374,34.925709,28.192149,28.808310,38.363580,41.641668,30.328445,38.487880,28.965013,33.626238,40.049478,39.508608,41.689301,35.203809,33.240584,37.538887,33.056417,32.187423,38.329865,37.354178,32.499408,33.129705,33.260956,35.379326,39.744870,41.020917,32.699543,39.091552,33.180092,33.386547,41.312437,34.825703,33.439086,28.773707,39.584077,32.924359,31.399298,32.724199,37.730386,36.079559,32.531840,36.128667,29.197848,34.811963,43.430471,32.991208,36.083176,34.915238,35.324773,34.188332,36.570958,50.385555,36.951808,35.676962,34.138743,36.193494,40.082088,41.414114,38.887015,32.348706,49.602319,42.658203,28.869183,32.896308,39.127796,37.769908,42.525213,42.118798,33.152475,42.654726,36.899947,35.091527,36.339214,38.139236,32.796800,38.264417,37.626585,37.443246,33.742085,34.595601,29.413802,35.169747,37.504756,38.938452,33.565020,37.580210,31.151343,33.397093,36.182813,34.180014,34.718007,39.192588,36.143405,31.568241,38.688919,34.149025,36.077895,34.636528,40.641029,36.867634,37.541522,33.715625,33.053763,39.113510,38.022658,35.289047,35.416233,34.216041,36.026672,34.871937
Trường Trung học cơ sở Tân Định,32.237085,35.862618,28.648531,28.900530,34.455517,31.651008,32.434807,35.637648,23.681809,35.902161,0.000000,38.119279,32.566570,22.122874,19.064950,34.597843,27.831117,33.717105,27.328011,38.027849,26.451694,40.936553,34.498577,36.907562,36.448629,32.816317,36.841217,36.186036,38.880766,34.228647,34.862561,38.684080,36.204773,32.896774,35.415220,25.098982,34.629747,34.347534,35.363649,37.023691,27.507574,40.726513,34.667713,35.971464,35.476872,32.838442,40.919807,38.359705,31.816732,32.403316,29.667033,28.520408,34.110478,33.919139,27.205114,33.483878,34.346979,33.457208,32.366020,36.583796,41.831301,34.326575,33.001437,35.489182,30.628275,35.283029,33.372970,46.298178,32.191179,37.053312,39.957647,35.307952,38.359251,39.611593,31.252430,31.217373,46.152760,42.085014,34.159757,34.621797,37.341698,35.841095,35.668264,41.547103,34.743509,41.323940,34.772255,37.072219,34.256575,36.506519,33.349211,36.392185,36.039031,35.813692,35.376229,35.896101,35.558036,35.269080,35.506802,37.303544,34.335640,36.340444,35.501786,34.528918,34.509572,35.656456,35.882328,37.649153,29.552974,33.258173,37.275660,38.491016,37.216415,35.905635,39.610390,35.936926,39.422740,34.057093,34.310772,37.886792,37.312681,37.931253,34.681553,36.649596,35.321642,38.140720
Trường Tiểu học Hoàng Liệt,37.426289,40.637939,35.858901,37.923942,40.337074,35.755729,39.888191,42.152378,35.043696,37.188560,38.260523,0.000000,37.779943,37.073053,38.871333,31.554888,41.506742,35.977699,31.485399,25.687642,42.166104,36.750328,24.722325,37.957434,29.505112,35.105424,32.918282,40.539119,42.181669,36.015159,21.622189,32.058198,33.415515,32.431082,34.406138,40.672314,32.745096,26.500457,31.490548,35.601671,42.632053,36.455864,30.644667,40.143167,31.449233,34.681880,37.498200,35.065791,33.671293,31.724174,42.399794,40.080763,29.677720,32.976929,40.717649,37.201553,31.302616,31.490432,31.356589,31.735287,43.796648,33.161897,42.872664,34.909278,40.106044,34.135871,39.059727,47.756389,36.582280,33.095237,34.424527,36.014339,40.777898,42.009074,41.427215,39.773507,47.258755,40.930149,29.297915,33.052137,44.275375,35.489468,44.632158,40.009588,32.624907,43.068176,42.404524,33.425654,37.303047,35.656650,33.043913,35.848884,42.451850,34.535000,33.083504,34.525847,29.653751,41.868730,38.411032,43.668076,33.601240,33.467376,31.267105,33.396145,35.773729,34.132058,34.640871,43.758228,37.467280,32.653986,36.929126,34.100213,35.912504,34.556285,38.618435,37.650408,37.305122,33.688818,33.181752,43.129970,39.263461,35.201154,36.549757,34.241766,37.144867,34.790648
WinMart+,32.479308,34.141943,30.297901,32.173173,29.152320,28.369527,29.874490,38.788997,26.934307,36.838240,31.563963,36.066557,0.000000,30.375999,31.443572,32.937505,38.608647,27.565841,21.071800,32.044871,35.019854,39.615081,32.531556,34.868994,39.705920,27.823096,38.098793,37.715150,40.270098,30.610172,34.748672,37.204783,37.368915,27.492728,36.679593,33.741320,34.366017,34.398790,29.421834,35.728516,36.889974,39.429825,34.436500,37.376855,34.079905,29.759332,39.752831,39.279535,25.796623,31.366802,36.677094,30.132795,32.673014,29.048775,34.966395,34.548700,29.755672,34.552135,25.884731,35.350245,42.693229,24.646593,33.446709,32.254576,33.319033,29.143714,34.078800,45.816385,27.655336,35.897470,40.490312,30.533082,39.129874,40.475287,33.605742,30.090430,45.709379,41.420502,26.446787,27.586680,37.779715,36.210090,40.391470,40.740998,35.316232,42.004656,35.141260,37.671340,35.107429,36.840681,33.557624,36.784226,36.321926,36.121529,35.965202,29.606460,24.822430,33.448981,36.329543,37.680408,34.575560,36.935402,27.050749,28.307791,34.771622,28.791541,36.136882,38.026374,34.941961,28.790547,37.599314,38.761059,30.804433,29.730021,39.934281,33.279758,39.731307,34.250582,29.258409,38.195587,37.584919,38.194048,34.947213,36.849301,35.580017,38.365085
WinMart+,29.786282,32.577539,26.438876,18.498853,30.036383,29.289120,30.748717,23.068621,29.797872,33.084655,21.196961,35.498302,29.591588,0.000000,22.731457,32.356886,22.213984,30.793913,26.215173,35.795500,25.593276,38.472433,32.837162,33.923570,34.176896,30.466112,34.507316,28.706264,30.599571,31.797161,33.119649,36.624637,30.759851,31.401919,29.709147,32.384990,32.887817,32.689665,33.242366,35.536274,31.048013,38.229353,32.948106,29.277566,34.137320,31.054299,38.589532,33.429642,30.563995,31.162041,34.617991,31.278447,32.926435,32.391286,30.135258,29.143035,32.755777,29.044723,28.066900,34.987790,35.390507,33.081939,37.267460,33.901585,33.992781,37.677563,32.062545,43.404973,30.942786,35.724991,36.817139,37.878490,34.176497,34.376570,34.901958,34.129491,43.521104,40.426123,36.382128,36.511279,40.162900,38.763183,38.727679,39.836450,32.414410,36.532695,37.848546,34.287287,30.677425,39.052749,35.959607,39.198137,38.553527,38.229640,32.857501,37.736141,37.429257,37.855549,31.829271,39.824295,36.583939,32.383374,37.127691,36.561333,36.863633,37.672100,37.874838,40.052805,32.288196,34.771137,39.427059,40.143162,38.976695,37.721135,41.345013,37.399471,41.126341,35.919654,35.965111,39.860246,36.111669,39.644382,33.698508,38.410474,34.347465,39.600972
Cục Dự trữ Nhà nước khu vực Hà Nội,33.151378,37.729336,31.512719,33.517887,34.067766,30.948052,33.137224,40.206295,26.027015,37.458839,23.769512,39.744199,31.901165,23.832755,0.000000,35.642508,39.607649,33.336497,26.359670,39.377550,27.835915,42.634686,35.318015,37.176026,36.568022,32.346046,38.113279,38.472408,41.007982,25.999510,35.660835,39.969425,37.959279,32.636148,37.308614,30.098270,35.368572,35.018083,35.316927,37.862905,35.420320,42.281202,35.400634,38.079915,36.163935,26.490369,42.359195,39.778004,31.455530,32.812059,35.028041,32.318746,34.660869,33.736798,32.877530,35.073700,34.201983,35.081252,34.842499,37.354964,43.242246,34.808190,37.662600,35.449165,33.867563,37.996764,32.100855,48.306974,31.953719,37.806162,40.810232,38.275341,39.560503,40.975242,35.241314,34.119583,47.978081,43.034939,36.292317,36.448468,41.335281,39.455065,40.966166,42.653179,35.611681,42.435731,38.302388,36.677116,35.533106,39.717249,35.683564,40.041615,38.995347,38.685022,36.261048,38.011424,37.651064,38.127838,36.760150,40.769216,36.635138,37.307999,37.280948,36.630001,37.009596,37.949426,38.191060,41.030625,31.707720,34.590984,40.143931,40.837995,39.471222,37.984818,42.371551,37.571205,42.076410,35.898711,35.841363,40.600666,37.741499,40.262582,35.089326,38.722245,35.714737,40.128171
Trường Mầm Non Đại Từ,29.090265,28.744314,29.215775,33.549337,32.606687,28.224700,24.922005,37.273368,31.151029,24.218805,32.002241,28.733198,32.794817,31.084916,32.928834,0.000000,37.425353,31.729400,27.162394,23.831380,35.490466,36.744445,29.835918,34.851832,25.037452,31.207914,31.911314,36.958199,38.681764,32.557597,28.827899,34.218013,35.454436,28.790217,36.364031,35.154758,27.822772,30.226179,28.742497,33.350508,37.239118,36.668512,28.330169,36.758043,31.593443,31.605931,37.336151,37.477190,31.030703,25.579592,37.119506,31.534737,30.193063,30.495152,35.756428,34.579074,29.124204,34.629155,28.392505,24.961574,40.466592,30.905442,33.928868,33.054132,33.712560,32.607598,34.997603,44.381616,34.895440,33.837070,36.196427,35.001365,38.162996,39.029163,36.885576,31.271710,44.428148,29.087459,27.213551,31.575120,36.912561,35.824655,39.807890,39.155700,34.642400,40.218587,35.048454,37.041833,34.967674,34.638916,31.647046,36.231448,35.944825,33.529686,35.290132,33.474711,27.956000,33.782534,37.711513,36.912963,32.404278,36.706866,30.015598,32.138540,34.939371,32.913588,33.522527,37.190011,34.885845,30.622166,36.241810,33.058579,35.002552,33.538266,38.139857,36.052530,36.634333,32.755079,32.191165,37.443305,38.540200,34.345271,35.873605,33.369326,36.471747,33.995647
WinMart+,36.837843,40.648218,33.364783,31.354432,41.806118,36.253051,35.837067,34.976666,36.417198,39.974141,26.928626,41.602250,38.067448,23.004383,38.430828,38.097528,0.000000,38.674258,30.788438,41.052181,43.538070,43.780009,37.413811,40.967482,39.573274,37.072389,39.969483,30.847327,35.295935,38.187841,37.488211,41.430918,33.006861,35.462400,31.545289,41.070367,37.294985,36.936174,38.517442,39.282924,32.999133,43.464840,37.287081,31.407772,37.729038,36.044075,43.451578,36.616349,34.416540,34.712391,43.496710,40.109805,36.302230,36.523866,31.734061,30.339822,36.953954,30.152148,31.735631,38.712738,41.892461,36.330781,43.968514,37.869001,40.068450,35.602579,33.462586,48.518581,34.418038,39.094939,39.477242,42.442016,37.118298,38.541322,41.951568,39.745105,48.181209,43.732575,32.863559,39.713251,45.587961,44.034225,46.405121,43.476609,33.389821,41.268931,43.148655,35.958675,32.105002,43.802465,39.899832,44.383917,43.070587,42.641436,34.058157,41.179747,40.873658,42.354638,33.543283,44.697260,40.481553,36.070883,40.143162,40.128183,40.960204,41.378425,41.566697,44.788610,36.806486,37.357015,43.641610,43.622541,42.462465,41.107125,45.186302,40.171639,44.875346,39.158675,38.773432,43.862820,36.854593,43.163596,34.095210,41.813934,34.787533,42.667178
Cà Phê Parkland,32.615291,34.460993,30.695448,32.383418,29.888644,30.079224,30.601199,37.906948,28.142488,36.809090,31.839902,36.144862,28.475545,30.732043,31.684996,33.559815,38.001547,0.000000,23.417946,32.556113,34.878313,39.308840,32.919852,31.990585,37.788851,19.068650,37.879333,37.316640,39.604290,25.486505,34.960219,37.156474,37.092445,27.251995,36.448462,32.450201,34.643939,34.633546,28.525865,35.809212,35.794694,39.170705,34.697307,37.040357,34.272656,26.499723,39.494333,38.891074,25.863028,31.851600,35.570395,28.979498,32.947214,28.483959,33.987563,34.450330,29.046048,34.470520,23.284187,35.440898,41.888924,24.866125,31.229962,31.179345,31.819225,28.659488,33.233992,44.986473,27.431316,35.956070,40.150129,34.609712,38.766585,39.938773,32.148439,28.439413,44.963850,41.171747,26.422858,27.464228,36.789259,35.066363,39.469798,40.469266,35.276476,41.386340,33.821267,37.508714,34.980633,35.931269,32.531854,35.724803,35.433406,35.207755,35.895553,35.465825,35.097368,32.220983,36.160519,36.820142,33.668462,36.429734,35.110597,33.946180,33.819656,35.158027,35.414677,37.242668,34.155098,32.790620,36.884578,38.299047,36.909429,35.483965,39.518052,35.606979,39.307273,33.512762,33.851469,37.580172,37.515955,37.678261,34.943815,36.281741,35.562456,37.948877
Trường Mầm non Định Công (Cơ sở 3),29.273940,30.256450,27.761652,28.543450,26.432263,23.724036,28.090859,31.104999,25.238870,29.745096,28.394755,31.682080,21.340928,27.975645,28.517786,28.949662,32.331477,22.444340,0.000000,29.473680,30.423735,34.517754,30.082701,26.134760,26.296188,22.177494,31.982837,32.968504,34.173615,24.896455,31.024217,33.229328,33.544783,23.015967,32.961711,29.837261,21.383894,31.299207,22.166864,32.869688,32.178007,34.501411,30.860675,33.016852,31.699187,24.161228,35.030206,35.103902,21.706606,29.326559,31.979188,27.864189,30.731789,24.225288,31.364754,31.819983,24.774709,31.847239,22.721267,32.556315,36.559305,21.876024,26.786068,27.530780,28.080234,25.190463,31.047937,39.128708,24.094013,33.232853,37.121031,27.121945,35.319407,35.685185,28.256123,26.196077,39.536328,37.703717,23.621908,25.337486,30.830932,27.722399,34.903229,36.798125,33.598523,37.003080,29.198326,35.165126,32.538908,26.541755,25.465246,28.228864,30.866904,26.508612,33.988136,27.390733,22.817247,28.751800,33.511366,31.390475,26.593528,32.730231,25.196717,26.069635,26.547127,26.430053,27.083599,29.844762,30.844010,27.102667,32.112767,27.332425,28.463366,27.542652,34.299559,31.310927,30.284475,27.709302,27.559917,32.805755,36.357004,28.707751,34.156240,32.541932,34.745598,28.895294
Highlands Coffee,36.865816,39.214873,35.619075,37.449625,39.386049,31.391414,38.828716,41.021314,32.330955,30.766492,37.732637,22.370902,33.780669,36.726467,38.290102,26.607340,40.619518,32.868997,29.329619,0.000000,41.118432,36.075219,26.864044,34.987562,26.314064,32.403666,20.874601,39.896571,41.326688,33.344388,17.114832,32.461378,33.490368,28.696247,34.381975,39.940416,28.106149,20.812154,28.698197,35.409411,41.715714,35.907902,18.152149,39.570066,31.804607,32.509731,36.812307,34.954702,30.471038,18.255516,41.514759,39.517226,30.228432,30.083985,40.076957,36.914448,29.061780,31.656409,29.751887,32.039030,42.864709,30.377174,34.227590,32.024757,39.603869,31.780906,38.634455,45.070824,33.170433,33.215294,34.392060,33.881526,40.252796,41.324410,40.757131,39.325683,45.025540,40.183382,27.486931,31.110638,36.595582,33.617236,43.601798,39.222337,32.706078,42.323318,35.092843,33.468821,37.018660,33.623716,31.308747,33.976850,35.889540,32.785632,33.141948,32.699878,28.027359,34.080628,38.083243,36.625564,31.783029,33.165678,29.794264,31.547913,34.017186,32.168886,32.700607,34.818316,37.246517,27.979405,35.157140,32.389720,33.972160,32.769157,36.830964,32.754489,35.456522,32.192741,31.792495,33.300377,39.104570,33.536470,36.488117,32.768486,37.076454,33.302168
WinMart+,32.482383,36.112759,29.982638,30.354825,32.734504,30.571897,32.652895,35.599640,26.535208,36.150343,27.531494,38.367533,31.246323,25.956162,21.704911,34.804044,29.623626,32.528173,26.607864,38.254472,0.000000,41.148660,34.698036,36.908079,35.697929,31.853261,37.030100,36.076099,40.775337,37.581354,35.016301,38.888648,36.125983,32.316168,35.427618,28.714961,34.784978,34.502810,34.627017,37.196997,27.667719,40.935566,34.823133,35.899907,35.639842,34.129887,41.121859,38.054846,31.269832,32.568257,35.673641,32.142771,34.263598,33.350705,32.856565,33.611027,33.779025,33.612094,35.141053,36.709742,40.927433,34.471131,38.791983,39.779702,34.071552,38.581652,31.827938,46.453628,31.695533,37.212076,39.594015,38.967257,38.031033,39.073323,35.786458,34.339849,46.292889,42.228867,36.702133,36.820573,42.871917,40.582257,43.121852,41.704538,34.811551,40.620936,39.191097,36.968417,37.638848,40.733986,36.075482,41.208463,39.910570,39.412180,35.414658,38.449642,38.051252,38.910288,35.462910,41.958677,37.022375,35.765087,37.581719,36.946082,37.440621,38.425998,38.690657,42.211364,31.599570,34.695515,41.003021,41.574046,40.061676,38.407233,43.405796,37.870534,43.048933,36.106431,36.118005,41.484367,37.267632,40.946182,34.723877,39.297475,35.350382,40.687533
WinMart+,38.687351,44.241487,36.522182,38.919643,42.293660,35.934818,35.777004,44.364714,38.215205,36.725600,39.369879,36.690129,37.670680,37.964266,40.025832,34.919963,43.151971,39.494357,31.999206,36.956984,44.163798,0.000000,31.806328,41.014195,34.649065,38.294367,37.640979,41.786733,43.689732,39.035017,30.144972,28.596284,30.825958,36.930385,32.036356,42.012552,37.910596,31.745176,35.385159,32.298369,44.224106,31.253921,34.891437,41.295631,26.865925,37.288664,33.422416,32.231518,37.213334,30.025942,43.960880,41.083519,24.889016,36.472959,41.865643,37.832965,34.600044,29.284841,40.323873,28.712962,45.349849,36.496665,44.295126,37.783552,40.978477,36.748147,39.831897,45.715138,39.298562,29.830926,32.358676,42.838230,41.764610,43.294591,42.590832,40.546981,37.912854,39.412588,32.565000,35.520946,45.636181,44.282867,46.344624,34.561195,29.990805,44.424877,43.505503,30.019611,37.892788,44.051537,40.646305,44.578316,43.422907,42.998076,30.342895,36.531228,32.549997,42.770782,39.092495,44.844351,35.800711,32.131472,41.182354,35.678745,41.447196,36.368437,36.731991,44.918820,37.940376,40.205622,43.880051,36.083641,37.726440,36.532307,45.246163,45.418177,44.965652,35.527016,34.998213,44.061239,38.843492,43.401135,36.117344,42.152811,36.728548,36.429382
Trường Mầm non Hoàng Liệt (cơ sở Tứ Kỳ),33.380477,34.581062,32.752533,34.821112,36.197438,34.428201,34.969088,38.070874,34.685721,34.882264,35.051295,26.018223,36.003272,34.250856,35.738662,31.590627,38.112912,34.908024,31.550962,28.829370,38.381345,30.602362,0.000000,36.527684,30.125048,34.336098,29.047425,37.811826,39.125959,35.069101,25.928817,27.948870,31.389005,32.183924,32.353924,37.602002,32.352102,22.893878,31.519443,32.661808,39.498614,30.843307,25.320206,37.637498,28.676465,34.111781,32.406284,32.556365,33.131656,23.655603,39.297591,37.530429,27.288187,32.644645,38.028405,35.431960,31.369892,29.970963,31.393383,28.991998,40.884125,32.799257,40.046396,34.139555,37.839025,33.618735,36.832306,41.029351,35.282025,30.411026,32.603474,35.228610,38.802751,39.657732,38.831661,37.676462,41.551666,37.882610,29.718566,32.796682,41.708825,40.684795,41.598175,36.341453,31.334793,40.742086,40.038005,31.730212,35.709043,34.955696,32.811065,40.965714,40.322355,40.036122,31.701711,34.046145,29.973217,39.792863,36.747365,41.338998,33.268542,31.715529,31.302996,33.086382,35.133649,33.684053,34.116173,41.467736,35.805134,28.907472,40.880513,33.705486,35.195139,34.084889,37.601029,33.335113,36.426020,33.393683,32.971332,41.153107,38.508547,34.668030,35.990249,33.885472,36.578579,34.357245
WinMart+,39.106219,42.622768,32.758898,34.378337,41.877792,34.165639,32.377122,39.022364,31.686679,38.393712,33.457027,37.180146,34.623454,36.128465,37.488222,35.507141,38.831765,32.556829,27.210777,34.051067,37.173020,39.700004,34.182106,0.000000,38.795969,33.029941,38.811856,38.052221,43.497944,35.757264,36.162891,37.830944,37.714126,33.014973,37.169817,32.849354,35.894732,35.666515,36.202722,36.507328,38.689999,39.601103,35.911780,37.751664,35.113684,32.807621,39.840309,39.259993,31.733349,33.198721,38.251990,27.035001,33.884307,34.253380,35.244806,35.516176,34.773003,35.215473,27.425257,36.199444,42.239676,29.339540,37.929192,36.090359,35.322531,38.178700,33.785162,44.633508,32.188656,36.568109,40.636025,38.541771,39.466373,40.664402,37.489042,27.419572,44.641568,41.241427,36.215284,36.409775,42.615299,40.145999,44.015212,40.615489,35.709624,41.929501,38.665936,37.868970,38.954684,40.370082,35.507200,40.844621,39.455518,39.032915,36.313979,38.146748,37.740827,38.403803,36.986405,41.679395,36.596315,36.908097,37.309945,36.574703,37.008100,38.100930,38.373403,41.963538,32.830731,34.390044,40.739837,41.395264,39.821451,38.113314,43.281136,37.630251,42.909004,35.751151,35.748460,41.260190,37.832031,40.737263,35.267141,38.990857,35.871567,40.501494
WinMart+,35.261518,36.683363,34.419082,35.963498,34.928890,36.196645,32.811592,40.033135,34.095008,40.010618,35.336558,27.873731,37.407686,34.243903,35.003062,24.146109,39.708623,35.149320,27.149841,25.023542,37.482517,40.661702,28.850180,37.778634,0.000000,29.151788,28.336274,38.839386,40.644980,35.316224,27.867308,38.587492,38.410202,29.613591,37.942179,36.129854,24.545215,28.972493,33.264797,37.035410,38.066920,40.491911,27.605175,38.530568,35.564061,33.834996,40.692950,35.121832,26.846440,25.935320,37.964850,33.364525,34.257360,34.126313,36.582097,35.920351,32.078011,35.997713,34.194683,25.344112,42.191509,24.782232,38.120646,37.141685,35.386733,35.181533,35.770028,45.752543,29.146493,37.057159,34.491309,37.897613,39.485152,40.555326,35.602969,37.149409,45.668392,28.976543,27.187008,28.388620,38.230123,36.793359,40.435157,41.320882,33.615676,41.669622,35.913713,35.576660,36.152477,34.764713,31.520707,37.310970,36.850747,33.352522,34.138859,30.714751,24.920203,36.158080,37.229015,35.317586,32.756208,36.730069,27.547358,29.187467,32.792764,29.832155,30.571209,38.139212,35.482762,29.479641,34.393999,30.459891,32.212310,30.839786,35.893476,34.725732,34.158171,30.493459,30.068368,36.775765,37.934397,31.953242,35.443691,31.197535,36.033749,31.849001
Trường Mầm non Sao Mai,32.276003,33.818313,30.591364,32.022641,29.831329,29.962408,30.503312,36.407513,28.403817,35.303160,31.547207,35.365966,28.866806,30.611400,31.431431,32.930541,36.836959,25.762893,18.817880,32.246947,34.199620,38.285422,32.612286,29.875659,36.492962,0.000000,36.643348,36.488249,38.419092,25.579249,34.354534,36.427090,36.454419,24.594106,35.855233,32.976241,34.069963,34.155781,24.603983,35.345001,35.588630,38.234195,34.123500,36.296388,33.928956,24.756497,38.589459,38.155377,23.207554,31.687061,35.372843,28.527892,32.716105,25.812941,34.132414,34.061980,26.389566,34.090375,22.596202,34.998841,40.654669,22.976210,28.588701,28.937826,29.790232,26.493873,33.458600,43.523502,25.334906,35.524594,39.526882,28.189420,38.075593,39.020852,30.099113,27.159926,43.631444,40.476551,24.658087,26.137257,33.756569,32.447679,38.544342,39.699904,35.064589,40.394741,31.409881,37.104900,34.595115,33.488938,30.963340,33.037400,33.226305,33.072133,35.645617,33.843641,23.591228,30.466288,35.716558,34.147920,32.015866,35.591322,25.857909,32.424163,32.044743,33.421185,33.662402,34.593625,32.545762,27.666531,34.633914,36.331647,35.095452,33.892320,37.151877,34.314019,37.033043,32.189423,32.724323,35.374900,37.337519,35.764204,34.852679,34.597642,35.457359,36.280062
KFC,34.023238,36.012130,33.091332,35.366266,37.354279,35.532197,30.330259,39.421796,34.671823,38.132397,35.731023,37.275754,38.275456,34.516091,36.516510,28.530679,39.065135,35.816428,30.326842,32.171490,39.469195,44.273953,34.626815,38.267758,25.468973,34.703410,0.000000,38.282613,40.046873,35.818689,26.863289,39.023040,38.604353,28.992974,39.509891,38.410762,28.136785,29.505794,28.837680,36.803126,40.378402,43.511905,26.085523,37.995005,36.372963,34.234674,43.451969,41.554236,31.171792,23.558868,40.258315,38.077044,34.474308,30.593609,38.542037,35.489171,29.154018,32.584682,30.500875,23.830030,41.611331,30.994352,36.366403,33.154430,35.622793,32.717927,37.462206,51.697575,35.250484,37.327908,39.021559,35.063420,43.844297,40.039304,39.508446,33.040088,50.780651,28.607216,27.207238,31.576303,38.826506,34.530228,42.714322,43.449499,36.325480,43.087637,36.973019,39.238748,37.609272,34.646812,31.631266,35.006321,37.551497,33.530624,37.118693,33.634185,28.032192,35.446684,40.028377,38.698327,32.392164,39.677824,30.053732,32.215319,34.973587,32.988372,33.570434,38.941072,35.875904,30.357759,36.289252,33.128906,35.114608,33.565739,38.210332,36.362996,36.750925,32.780288,32.136364,33.967151,39.478126,34.353128,36.540629,33.316042,37.161114,34.024628
Trường Đại học Công nghệ và Quản lý Hữu ,35.854508,38.566639,33.283258,31.956718,38.668743,35.414124,42.466082,33.879143,35.580575,38.289981,35.165174,39.873350,36.600590,27.483421,36.979556,37.014443,31.018070,37.130244,31.319617,39.650441,40.451593,41.892355,36.792010,39.033707,38.268530,36.114225,38.570468,0.000000,28.309790,37.001086,36.720069,40.095221,28.713420,35.042322,27.042048,39.128970,36.551455,36.269276,37.427514,37.076346,36.298508,41.572200,36.550674,17.074626,37.208442,35.477238,41.679609,32.718119,34.297602,34.481709,41.093739,38.766856,35.987602,36.017696,34.804092,25.060691,36.351584,27.060776,31.961321,37.878029,33.890161,35.911598,41.765890,37.137429,38.960689,35.198429,35.280708,45.798231,34.189739,38.438088,36.998374,41.044294,32.973728,32.660993,40.260044,38.698490,45.722283,42.421390,32.883683,39.011911,43.421498,42.190479,43.640034,42.184071,31.987411,36.750569,41.451489,34.136963,28.372988,42.143124,39.111710,42.501795,41.613700,41.258243,32.477242,40.218247,39.950673,41.007603,29.795869,42.852333,39.513151,32.558008,39.397154,39.267170,39.884015,40.332249,40.504949,42.973500,36.451780,36.949780,42.164253,42.359346,41.337878,40.167449,43.607300,39.469625,43.365157,38.472708,38.236202,42.414450,36.059378,41.945662,33.401659,40.788798,34.111809,41.641264
Không có tên,38.422231,41.694011,35.783498,35.378496,42.952191,37.956412,46.672617,39.630257,38.015965,41.003257,38.562522,42.246747,39.712323,30.008260,39.868517,39.252670,37.701271,40.090489,32.688761,41.689885,38.194773,44.010729,38.423541,42.560321,40.461057,38.543215,40.800346,28.931857,0.000000,39.421144,38.451949,43.689187,33.542593,36.596246,31.807872,40.360101,38.298520,37.946173,39.508944,39.563011,39.873632,43.790438,38.275316,30.026158,39.853221,39.428965,43.754336,37.655197,35.609099,35.778461,41.939517,37.164069,38.442211,37.549044,36.956148,29.610930,37.934021,30.179756,39.132091,39.425238,42.805842,37.151479,43.576817,38.696403,38.883929,41.626007,37.745909,48.257504,35.504396,40.194143,35.089112,42.127168,37.075487,38.696375,40.656389,38.658242,47.981371,43.913924,39.716403,39.406976,45.327098,43.727507,45.132262,43.694611,33.553230,41.770604,42.803517,36.341804,31.690777,43.519036,39.517745,44.092336,42.747265,42.342475,34.267951,40.902702,40.589380,42.008724,33.217816,44.436412,40.152145,36.339797,39.882686,39.821756,40.631018,41.087398,41.283561,44.535938,35.863371,37.089430,43.389067,43.408138,42.217284,40.839357,45.002614,39.941817,44.683820,38.860175,38.483852,43.625970,36.817658,42.941992,34.005351,41.556797,34.705647,42.460679
WinMart+,28.174189,30.419913,31.941654,33.373647,26.817476,32.507849,31.679769,37.464841,30.581625,36.675290,35.274165,36.200503,32.424508,37.084215,38.545918,34.311002,37.642635,27.641850,26.542834,33.288418,38.560531,38.758691,33.498031,35.817635,37.428949,24.705438,37.509627,37.138324,43.119854,0.000000,35.236640,37.023653,36.990387,26.150985,36.445034,35.622236,34.990761,34.930998,26.851140,35.888721,39.482620,38.703307,35.028969,36.915226,34.547249,23.598778,39.004783,38.546951,24.887595,32.603117,39.137919,30.600440,33.378020,27.288102,36.716808,34.606166,27.804380,34.654338,20.461171,35.566835,40.915296,24.209473,32.804868,37.944918,33.051327,36.304281,35.206545,43.570454,26.530498,36.005743,39.732451,36.475361,38.392089,39.346659,33.476395,28.146601,43.663048,40.661973,34.584588,35.116173,40.640607,37.783665,43.343209,39.945318,35.396071,40.606627,35.940508,37.404667,35.031906,38.487548,33.519897,38.678621,37.646160,37.165831,35.970333,36.824259,36.372191,33.273188,36.122279,39.911699,34.814396,35.772243,36.148411,35.014755,35.110748,36.601888,36.912466,40.341215,35.455521,33.277481,39.255457,40.370497,38.635967,36.812926,42.317140,36.621066,41.937271,34.335918,34.636429,39.966614,37.484328,39.627694,35.021722,37.810306,35.619451,39.583630
Không có tên,32.693680,33.637673,32.166565,34.090700,35.352771,33.075028,29.761604,37.092252,33.378821,33.214393,34.373896,33.449759,35.371339,33.416809,35.084578,28.382760,37.171680,34.079289,29.951413,16.905452,37.319639,39.619460,25.672276,36.194711,26.292448,33.402811,28.100449,36.773466,38.219795,34.345899,0.000000,36.370245,36.952371,28.773090,37.769688,36.763809,28.174525,24.208062,28.725239,35.306370,38.467084,39.407456,18.707219,36.602894,34.848689,33.279256,22.379205,39.089142,30.421979,18.434661,38.381398,36.732246,33.363821,30.054607,37.065644,34.625886,29.014218,32.015231,30.251730,21.472687,39.705147,30.403165,35.140781,32.097664,34.691725,31.948132,36.323218,46.079748,33.445995,35.763389,37.479889,34.063086,41.878596,38.498116,38.000816,32.525496,45.982386,27.610727,27.420100,31.117627,37.435463,33.729084,40.639148,40.754512,35.581174,41.142595,35.873913,38.071334,36.543884,33.747148,31.212772,34.154430,36.511403,32.901849,36.253756,32.853254,28.086016,34.658452,38.649568,37.434438,31.874431,37.585473,30.874337,31.679328,34.188437,32.324244,32.857013,37.658410,35.139167,29.564957,35.346158,32.530589,34.160353,32.921204,37.052710,35.133848,35.662049,32.319421,31.779482,33.408881,38.953111,33.673491,36.241228,32.825290,36.840799,33.445013
WinMart+,36.645096,39.395366,30.880171,37.367189,39.547154,34.829852,37.003576,41.368134,36.943272,35.124541,37.692729,38.660684,36.354162,36.638682,38.311285,33.979337,40.871040,38.056342,31.808877,38.514494,41.446639,27.522345,31.502389,39.469290,35.953833,37.163055,36.218439,40.094864,41.609320,37.835280,32.330155,0.000000,31.663210,37.944958,32.781816,40.108694,38.894785,31.518411,36.430595,33.365904,42.036738,24.107325,34.197876,39.746144,22.223573,36.472402,26.980985,33.115512,38.074743,27.101873,41.820479,39.623934,20.512241,37.380610,40.229051,36.930729,35.584328,29.995050,39.331781,38.995427,43.238779,37.366424,42.346914,38.492607,39.702784,37.479622,38.672105,36.268474,39.868692,26.540033,32.995233,41.533410,41.507720,41.621311,40.956263,39.402387,35.604294,35.142162,33.641334,36.283552,43.780431,42.641398,44.044844,32.349698,28.997706,42.682514,41.963609,28.682911,37.056633,42.563421,39.677555,42.921886,42.057013,41.709091,29.312249,37.139733,33.525998,41.489208,38.212051,43.234098,36.486939,32.431344,38.982774,36.387650,40.396112,37.039231,37.349470,43.332272,37.216886,37.998092,42.538403,36.708441,38.244143,37.134492,43.866455,43.012736,43.639503,40.186708,38.947605,42.758026,38.920830,42.289223,36.224655,41.186110,36.829113,40.889930
MM Mega Market Hoàng Mai,44.568564,49.014378,37.254260,31.235416,46.459298,41.835999,47.154108,32.162925,42.478060,43.530444,33.518365,47.248566,34.685816,28.263887,44.097466,44.386326,30.459716,35.162262,31.020170,45.676740,47.219605,43.257494,40.238077,36.728848,40.644941,34.567750,45.017212,28.183948,31.521228,35.286184,37.724720,42.894689,0.000000,42.751214,17.453847,36.556199,44.291123,39.029147,40.540042,37.271997,36.093235,47.015087,41.394286,28.834220,38.220454,34.314115,46.708698,25.308010,42.323919,40.529404,37.671021,35.182249,36.554611,41.437591,34.897614,28.859195,39.142694,20.376600,31.595054,40.423055,35.378639,41.300076,39.064041,42.342089,36.609832,40.890581,35.282293,52.495635,43.998094,38.808336,29.856561,41.536521,34.098759,34.294139,37.442702,36.532222,51.706294,45.764252,41.168117,39.343498,40.796461,39.825744,39.996518,46.087491,30.410303,36.571169,39.201779,33.104749,30.498877,39.954721,39.918450,40.114624,39.570531,39.307409,30.962011,41.084989,39.209906,39.056419,33.140762,40.511285,40.503503,32.711672,36.949354,40.479098,38.224790,41.261017,41.487541,40.656075,34.875286,37.534144,40.153002,40.501330,42.274174,41.019866,41.535008,41.600085,45.005837,41.292714,38.874454,40.449054,36.286038,42.951426,33.764175,41.564984,34.429814,42.003600
Trường Tiểu học Đại Kim,32.067371,32.629721,31.698082,32.500893,31.335395,34.328462,29.476397,35.168577,30.565983,31.856570,32.214954,32.468452,27.351846,31.441269,39.730933,28.272499,35.586242,29.904414,23.247843,29.783296,33.898356,37.929964,32.220983,31.474162,29.558518,24.916675,28.977633,35.428182,36.797744,26.639857,28.287419,35.344407,36.201204,0.000000,36.966471,38.481567,17.772463,29.307998,23.856285,34.538059,40.109187,37.870389,25.655356,35.335870,34.210812,25.892318,38.285999,38.012985,20.695706,27.616154,40.027670,35.038178,32.899529,27.922504,38.564627,33.647346,26.596073,31.762023,32.696862,34.542734,38.410438,24.428221,36.732358,33.462531,36.111821,32.528652,37.570081,43.781351,25.498272,35.074595,36.756925,36.149051,40.904214,37.347949,36.330481,36.033193,43.873832,29.962442,24.316989,26.512738,36.872543,35.295478,42.128282,39.546789,35.201765,38.424059,34.464223,37.454007,34.056876,32.940485,29.902339,35.869277,35.695802,31.749837,35.828575,29.204396,22.988437,34.972192,37.958620,34.006225,31.291465,36.564270,26.083296,27.493471,31.305518,28.076778,28.930658,36.950679,34.507918,29.578862,33.136534,29.026272,30.740362,29.375392,34.827483,35.123224,32.946618,29.266606,28.919861,35.770956,38.648584,30.703286,36.069337,30.055389,36.654545,30.729420
Không có tên,26.555536,46.120655,25.375785,31.450615,36.269863,34.303327,44.032316,32.515774,34.463124,41.930257,33.856583,44.490784,35.070008,28.255748,35.449096,42.801743,30.683025,35.546667,31.126275,43.555252,37.933409,41.476928,39.086838,37.166835,39.742311,34.890908,43.349320,28.168216,31.959177,35.632378,37.067262,41.312306,18.437642,41.580556,0.000000,37.009712,42.798834,38.187882,36.158799,36.549027,36.546835,44.848172,40.399979,28.887117,37.521751,34.568385,44.748686,20.196662,41.321586,39.749439,38.155303,35.490287,36.056263,40.557988,35.236375,28.924755,35.419991,19.834338,31.711370,39.559128,36.116001,40.458996,39.571242,41.416790,36.948693,40.179979,35.636050,49.778486,42.836036,38.101906,30.214215,39.470208,26.081406,34.801348,37.858136,36.848026,49.326462,44.555712,40.488051,38.824282,41.311559,40.287242,40.557472,44.640959,30.580343,37.207323,39.640200,32.983722,30.652904,40.385611,37.858800,40.583630,39.970835,39.692249,31.078439,40.466619,38.713934,39.441404,31.879320,40.972678,38.268798,32.867734,36.652500,39.883809,38.548287,40.596864,40.815723,41.117469,35.091652,37.229732,40.553179,40.962707,41.564213,40.416990,41.958176,41.050891,41.777314,40.720521,38.493490,40.841750,36.237714,40.579675,33.731690,39.560436,34.397219,41.400811
Không có tên,37.413360,41.626821,35.313341,37.573661,40.301549,35.544324,36.261417,43.963800,33.296604,40.784537,28.120137,42.431987,37.385743,33.097247,32.865743,38.666901,42.646902,38.109206,30.019616,41.737739,28.738483,44.607254,37.861062,36.945563,39.262415,36.483253,40.589383,40.943619,42.055471,37.728816,37.882001,42.077370,38.221054,35.045432,37.630640,0.000000,37.690687,37.301402,38.153287,39.709051,34.807689,44.237605,37.675215,40.411610,38.083855,33.580019,44.163351,39.893651,33.960037,34.951807,33.933367,30.217027,36.593534,38.245892,30.904292,34.046863,37.881889,35.466194,34.897232,39.094035,41.099811,37.328818,39.443576,40.130137,33.041501,38.826658,30.363835,49.451359,36.658959,39.481392,39.885116,39.297038,38.414651,39.528672,34.822309,33.499359,49.021746,44.201523,36.671741,36.797788,44.175557,41.334138,44.087952,44.018787,35.873585,41.022659,39.666822,38.111002,38.112283,41.386455,35.976537,42.059547,40.361063,39.788409,36.510054,38.609801,38.173681,39.200551,35.823159,42.855776,37.053842,36.054653,37.651359,36.969764,37.518248,38.610704,38.898658,43.108783,30.695865,34.566473,41.578784,42.065252,40.391751,38.561614,44.195933,37.947772,43.762122,36.046089,36.050486,42.075936,37.403722,41.376686,34.836047,39.544304,35.456165,41.010427
Cà Phê 3k,33.047561,33.754615,32.570236,34.123631,35.068077,33.399774,30.778019,36.455364,33.564805,33.542658,34.362419,33.842229,35.057788,33.534885,34.907852,30.434659,36.652695,34.122038,24.512753,31.796472,36.725445,38.311481,33.263089,35.782947,28.377563,25.706266,31.750563,36.350595,37.581247,26.794214,30.372241,35.969756,36.583338,21.829322,37.287906,36.345837,0.000000,30.872927,25.680794,35.087304,37.770401,38.261931,28.193212,36.219142,34.803862,33.805411,38.608743,38.289296,28.172683,29.545291,37.714128,35.567307,33.566236,27.083371,36.621570,34.480753,26.796102,32.324399,30.963774,35.125323,38.862099,28.576221,33.827104,29.715314,36.456979,29.968531,35.998705,43.512989,34.117335,35.561654,37.053802,32.937234,40.882043,37.862914,36.653734,36.432793,43.620775,30.667856,31.256379,30.454788,37.171480,32.742618,39.613971,39.678021,35.516091,40.224871,35.284385,37.676251,36.224101,34.244139,30.735426,33.194304,36.164433,32.983913,36.120838,32.881440,26.145338,35.578600,38.101064,37.500986,31.559749,36.527849,28.910691,31.217411,34.677423,32.107360,32.892773,37.364361,36.824825,31.495111,36.224792,32.428376,34.716814,32.969645,38.444166,37.728140,36.693121,32.170926,31.576191,33.624802,38.726070,33.991208,36.191297,32.907011,36.761961,33.633639
Không có tên,33.120812,34.036405,32.559565,34.396932,35.572590,32.363159,34.160831,37.228020,32.884049,32.192033,34.674937,27.416789,34.259110,33.730395,35.297603,28.869355,37.372217,33.402820,29.984250,30.070426,37.521335,30.648854,23.947736,35.206841,27.096253,32.899901,28.983605,36.958738,38.376964,33.722518,24.254106,28.491601,31.249708,29.081933,32.120559,36.973547,28.683344,0.000000,28.994440,32.344780,38.619568,30.988875,23.676468,36.788717,28.879166,32.892768,20.791784,32.350521,30.366628,21.789076,38.519691,36.920162,27.643379,30.082693,37.246638,34.806426,29.200866,29.838344,30.265400,20.015353,39.816178,30.378922,39.276334,31.786301,37.189597,31.661726,36.427087,39.349437,32.783383,30.342745,32.266170,33.549698,37.915865,38.626646,38.154102,37.167102,39.986767,21.441033,27.794769,31.026035,40.888557,33.347564,40.655549,35.540167,31.241774,39.635578,39.384600,31.765410,35.089698,33.331176,31.121907,33.676396,39.663066,32.607588,31.668285,32.520556,28.297881,39.184518,37.800911,40.611708,31.689345,36.290093,30.044022,31.477170,33.726326,32.029925,32.508772,40.750309,35.323323,28.903653,34.775500,32.243600,33.666176,32.585569,36.328215,33.811833,35.037109,32.085700,31.673038,33.110331,38.581750,33.308129,36.039059,32.613632,36.617163,33.111588
WinMart+,34.385612,35.845152,33.108821,34.556892,33.240423,34.432284,32.720943,38.460308,32.307555,37.878936,34.009719,31.129635,28.499465,32.998128,33.732123,28.967797,38.453980,32.013534,22.162257,29.068603,36.211563,35.739033,31.228809,33.626147,32.186093,24.601246,28.392419,37.797183,39.563972,27.176624,28.039804,33.866164,37.542992,24.380990,37.051537,36.145189,20.877274,28.898311,0.000000,36.449035,38.169254,35.814782,26.090725,37.550193,33.153338,26.060659,36.292373,38.985548,20.988679,27.556402,38.027780,29.031710,32.063580,27.824852,36.629304,35.148384,30.522082,35.217405,25.223317,33.483166,41.291365,21.685816,33.120240,34.702370,30.184918,28.840371,35.728579,40.789443,25.910196,33.957513,35.574118,31.264583,38.775627,39.740360,30.472384,34.021047,41.096952,29.591094,24.599106,26.766308,34.295142,31.322831,40.577702,37.766953,34.492468,40.916607,31.756664,36.409584,35.481178,29.459077,27.019271,32.088954,33.590565,28.835483,35.034089,29.462909,23.117252,32.827726,36.557118,32.371890,28.683597,36.032149,26.242687,27.721717,28.659964,28.343271,29.197181,33.967685,32.800315,28.511842,33.463982,29.261907,31.037079,29.626408,32.917213,34.025140,29.580876,29.471495,29.129178,33.354410,37.655231,30.954149,35.199358,32.906583,35.790437,30.957177
WinMart+,42.122548,45.496613,35.232864,33.324982,44.017630,39.908876,43.070577,34.395955,40.827701,41.106021,41.891540,43.665679,40.712949,30.929336,42.225031,42.108104,33.362037,41.657497,35.733328,42.768424,45.017573,40.528637,38.083866,42.594792,38.995341,40.634420,42.693244,31.985418,34.653029,41.115025,36.067564,40.432403,24.948873,40.917687,27.868795,43.434285,42.135700,37.226418,39.081930,0.000000,44.918234,44.230296,39.691074,32.156486,36.640791,39.545358,44.169150,25.811969,40.711307,39.101539,44.732093,42.566772,35.138164,39.940373,43.172236,31.059111,37.937106,21.041697,41.623344,38.819641,36.993098,39.857051,44.897629,40.868319,42.346951,39.639290,36.221542,49.589199,42.317735,37.320547,29.251965,40.392518,37.736833,35.870636,43.638365,41.923623,49.121874,44.175476,40.000925,38.291399,45.841378,44.809815,46.373507,44.190864,30.101486,35.978561,44.215879,32.765550,30.955638,44.593991,38.904068,45.028139,44.087876,43.739232,30.630477,40.025161,38.203870,43.573650,32.867523,45.217785,39.451609,32.409368,36.127617,39.396812,40.687727,40.125073,40.366913,45.262138,39.692464,36.766035,44.407200,39.495514,41.145722,39.975754,44.502387,40.693656,43.815909,40.325098,38.052332,44.543067,36.211917,41.876519,33.688482,40.612729,34.362304,41.035935
WinMart+,36.782910,39.995057,32.731062,33.291866,38.607019,35.269237,35.959957,37.694401,33.513066,39.527281,27.593699,41.046476,36.627587,30.769463,33.327201,37.931634,32.852797,37.243580,30.639156,40.626989,28.460281,43.053434,37.372127,38.372588,38.481370,36.073536,39.600761,36.422081,39.909457,38.602023,37.407442,40.991658,37.029598,34.932107,36.384488,32.343975,37.231903,36.911618,37.549547,39.107884,0.000000,42.829139,37.231809,34.026721,37.671936,35.214500,42.862546,38.817774,34.022058,34.908553,30.838790,28.295971,36.347523,38.713459,26.649984,32.969416,38.441494,34.437799,35.942168,38.559608,39.675720,37.803839,40.165922,40.418397,31.824958,39.265402,23.210047,47.390084,37.173870,38.950961,39.097401,39.705054,37.387903,38.302937,33.239722,32.481997,47.175432,43.314157,37.320162,37.326976,43.755422,41.473908,42.625344,43.013128,35.297097,39.890093,40.113326,37.415730,37.291679,41.495588,36.784567,42.061011,34.174083,40.112144,35.910228,38.956001,38.566113,30.885265,34.901870,42.719042,37.646176,35.092732,38.020991,37.500334,38.094815,38.987725,39.245075,42.933374,29.920734,35.082282,41.641112,42.058403,40.561242,38.907807,43.935757,38.263063,43.563121,36.599296,36.554028,42.068941,37.067177,41.446393,34.557364,39.790753,35.185522,41.103057
Trường Tiểu học Chu Văn An,40.872527,44.985872,38.799448,40.520117,43.340913,38.418007,43.546919,44.810425,39.782337,39.578353,40.908792,39.890337,39.530440,39.516083,41.349773,37.783596,43.806128,40.782867,34.068960,39.509459,44.642862,36.607352,35.333896,41.942058,36.807996,39.682374,39.651689,42.404003,44.161384,40.263248,23.480611,27.204668,35.605559,38.731825,36.464722,42.851816,39.736069,22.881465,37.163892,38.403164,44.605564,0.000000,27.157490,41.915010,24.262399,38.608683,26.096036,37.514322,38.684298,27.186167,44.388907,41.946752,22.802101,38.052036,42.512649,38.617925,36.248540,33.327241,41.050541,24.218150,45.387515,38.039472,44.623694,39.112939,41.703022,38.060088,40.793327,24.402595,40.480483,27.138405,36.296136,43.273753,42.072801,43.464099,43.187793,41.341923,42.965742,37.593032,34.305310,36.841882,45.730058,44.567777,46.316384,35.218758,30.189772,44.416266,43.904369,30.370664,38.534078,44.351801,41.235220,44.816893,43.792076,43.412580,30.633529,37.628513,34.135818,43.224482,39.667699,45.037986,37.007750,34.780640,40.393310,36.915752,42.022683,37.560330,37.863472,45.098559,38.805056,39.371179,44.174244,37.198935,38.712536,37.618102,45.372986,44.740629,45.115057,36.589159,40.169231,44.326475,39.814949,43.711528,37.039424,42.585219,37.629772,37.377106
AEON MaxValu Linh Đàm,31.436991,31.884764,31.152431,33.049879,33.962661,31.267137,28.592423,35.680113,32.236444,30.605698,33.294981,31.247380,33.631378,32.444252,33.979873,26.585302,36.014830,32.763265,29.102457,27.945732,36.057353,37.608782,25.418305,34.870644,24.398230,32.265170,24.509518,35.799895,37.150099,33.202009,18.344369,34.848373,35.910667,25.639952,36.729290,35.708161,23.338655,24.126850,26.414929,34.247602,37.378411,37.541371,0.000000,35.684034,33.745768,32.372911,26.018077,37.798658,27.591205,21.947485,37.298158,35.833045,32.389786,27.899324,36.115978,33.938178,27.238183,31.352322,31.115065,24.975841,38.669163,27.932222,34.149225,30.249416,33.913185,30.367127,35.454522,43.980986,30.807155,34.700923,36.527374,32.853070,40.907130,37.602093,37.072933,33.631019,44.057899,28.294479,25.816243,29.489209,33.775817,32.696963,39.506868,39.439335,34.980072,40.152894,32.272076,37.285582,35.839758,32.281232,29.787577,33.087145,33.353851,31.558410,35.606771,31.410258,26.390486,32.867247,37.841214,32.143828,30.410188,36.543373,31.784308,30.121824,32.892104,30.712901,31.329649,34.077164,32.786236,30.345771,34.125263,31.148844,32.732409,31.513771,35.938585,36.808752,34.409898,31.098230,32.860002,32.306800,38.601817,32.443295,35.983944,31.717927,36.577140,32.300407
WinMart+,36.826829,39.484441,34.485106,33.658645,39.883243,36.410161,43.153653,36.060957,36.532403,39.132520,36.477673,40.587961,37.689922,29.438309,37.968827,37.797911,33.994195,38.128647,32.219234,40.295891,41.380808,42.505716,37.525441,39.855102,38.967762,37.036557,39.258294,18.493111,32.251152,37.854220,37.349535,40.703386,30.670719,35.696107,29.214169,35.883084,37.197330,36.907686,38.150118,37.729992,35.259027,42.133148,37.188770,0.000000,37.802639,36.246158,42.210001,34.222624,34.966521,35.089735,41.792557,39.450779,36.584890,36.663637,33.955527,23.380741,36.990088,28.623700,32.669426,38.401058,31.494151,36.427675,38.948998,37.722238,39.552480,35.789943,34.440169,46.197453,34.780007,38.980385,36.628594,39.001061,32.023072,31.105931,40.875228,39.252543,46.090645,42.775728,33.453758,37.528164,40.972270,39.848707,44.177172,42.598686,32.603066,35.938401,39.125017,34.790542,27.368949,39.985367,37.297654,40.175251,39.547545,39.253568,33.116152,38.626450,38.366862,38.972116,28.823359,40.625320,37.769204,31.940953,37.998070,37.653768,38.048653,38.634487,38.807286,40.785398,36.982490,35.788648,40.205905,40.691725,39.700930,38.607487,41.748089,38.169709,41.551769,37.012391,36.936694,40.532593,35.949817,40.278217,33.273104,39.205877,33.999889,40.165149
WinMart+,35.437994,36.992381,29.833195,36.280643,37.738307,34.165657,33.481863,39.261099,36.026597,34.261172,36.515608,33.951576,35.460346,35.723173,37.056433,33.469511,39.148968,36.963139,31.782955,34.471277,39.463598,27.033196,31.562178,38.221789,33.612593,36.299764,35.276832,38.731996,39.939959,36.887224,30.449212,23.537947,30.739709,35.158385,31.681552,38.623150,35.602255,31.529373,34.257016,31.736173,40.281969,19.042539,33.763243,38.533780,0.000000,35.815138,28.380099,31.761969,35.547008,27.895596,40.096260,38.421172,17.083300,35.075657,38.895365,36.278758,33.801316,29.478160,38.443601,35.159391,41.452254,35.123324,40.699027,36.095793,38.607039,35.473662,37.698952,30.427184,37.065644,22.512615,32.008032,40.345180,39.428086,40.305414,39.577443,38.406982,29.457967,32.218420,32.265069,34.630549,42.132152,41.185047,42.105333,27.992841,27.507578,41.276899,40.599181,26.726677,36.437034,41.214422,38.796166,41.442146,40.807493,40.536143,27.730617,35.508951,32.264166,40.316272,36.768807,41.769433,34.910382,31.068876,37.283086,34.788488,39.430570,35.317299,35.627422,41.875491,36.581210,36.321670,41.296151,35.177728,36.460209,35.519419,42.546867,41.058318,42.365753,34.789700,37.453990,41.538467,38.179942,41.222869,35.781375,40.258263,36.363622,35.561644
WinMart+,36.994278,39.507913,31.231122,32.312484,38.384017,31.228573,36.213151,35.249551,34.548543,34.445585,32.248130,40.411920,30.916868,34.608272,34.714892,32.956937,35.744088,27.799114,24.393656,32.409774,34.142570,42.130159,37.380765,34.502252,35.408214,25.647145,35.556401,35.622509,40.378145,25.370026,34.020563,40.449798,38.022663,26.416322,37.576555,31.386616,33.806282,33.915197,27.062876,38.894624,35.531978,42.008500,33.852176,35.514730,37.634569,0.000000,42.080253,39.345716,25.348101,31.966642,35.178456,27.143601,36.454182,27.391391,33.502093,34.603370,20.599979,35.760226,17.856978,38.460882,40.065381,24.648506,25.980805,35.311819,29.127840,33.457451,32.681615,45.957979,26.695301,38.760730,39.408683,33.260741,38.096136,38.923699,29.576363,25.268909,45.873776,42.710008,32.401798,33.318684,35.800901,33.465267,39.775514,42.332353,36.109044,40.078540,31.745131,38.006930,37.778350,34.897570,31.028189,34.422111,34.389949,34.104763,36.678067,34.774525,34.337923,30.242425,36.020171,36.030571,32.435624,35.300464,34.482675,32.927730,32.518037,34.323129,34.633680,36.629354,33.206345,32.010522,36.294464,38.137195,36.471723,34.817481,39.608558,35.115749,39.351233,32.555096,33.167557,37.204452,37.418565,37.386654,35.043673,35.761018,35.627825,37.748680
Trường Mầm Non Hoạ Mi,40.613216,44.074282,38.771432,40.349803,42.847466,38.415996,42.918171,44.210082,39.681077,39.446055,40.700281,39.695391,39.436821,39.420905,41.118065,37.828213,43.375476,40.612838,34.309090,39.383385,44.105055,36.916191,23.408408,41.703035,25.455109,39.597148,25.350572,42.125650,43.761536,40.139622,22.744041,29.008918,35.769422,28.743360,36.575229,42.521121,26.252357,21.700396,28.746091,38.391575,44.160043,26.366858,26.620175,41.682618,25.962537,38.592603,0.000000,37.571519,28.059535,26.480328,43.958504,41.723635,24.519508,29.618499,42.241355,38.551169,28.995299,33.561846,40.924360,22.186639,44.940674,28.233997,44.223974,30.932589,41.523373,30.886959,40.654106,41.684170,29.817258,28.344135,36.398251,43.035023,41.856361,43.156566,42.895784,41.180289,42.251978,23.318946,27.857757,31.881560,45.315134,44.229567,45.801750,35.566047,30.567640,44.063226,43.604444,30.852727,38.467129,44.044346,41.109188,44.470929,43.523047,43.174015,31.001003,38.921489,38.646730,42.993752,39.571797,44.692022,29.856926,34.706506,34.639487,29.637582,41.853200,30.036807,30.477050,44.760389,38.778349,33.431932,43.905077,30.411039,37.937868,30.653079,45.065415,39.132615,44.830403,30.436600,35.232789,44.065029,39.780646,43.496040,37.065161,42.423520,37.640786,31.354941
WinMart+,46.377086,52.009997,38.462239,35.181357,48.340103,43.160301,50.663603,36.938926,43.605068,45.314846,45.198664,50.242516,43.766189,32.193581,45.438948,46.081849,35.916439,38.174745,37.373129,47.918145,48.924935,45.231107,41.604277,39.480011,41.719185,37.343300,46.762309,34.310728,38.326572,37.962276,38.705709,44.610808,25.408781,44.025755,29.886315,46.566725,45.880392,40.157674,41.469989,38.348711,39.176272,49.250320,42.531081,34.287986,39.108027,36.660739,48.706219,0.000000,43.412960,41.444630,47.895930,45.126051,37.281631,42.422168,37.622641,32.329097,39.866201,18.127145,43.469388,41.460144,40.548903,42.246573,47.754422,43.335003,44.615389,41.682128,37.964400,54.984773,45.187187,39.650376,30.432065,42.282789,38.931115,38.473554,46.259031,44.015144,53.857213,46.926985,41.923424,39.983332,48.431436,47.238971,49.453836,47.428891,30.748864,37.176821,46.590824,33.742205,31.601310,46.831615,40.543182,47.456607,46.203627,45.777201,31.369855,41.761296,39.809950,45.643497,33.661318,47.562372,41.174414,33.735575,37.388814,41.149393,42.379944,42.000653,42.212388,47.560930,41.268288,37.959572,46.445558,41.125874,43.013879,41.683436,46.456424,42.178898,45.845982,41.918015,39.362270,46.513556,36.494456,43.677254,33.875259,42.183699,34.556430,42.628994
WinMart+,30.740100,30.873251,30.945370,31.852536,30.517020,33.202688,28.658768,34.325538,29.730875,29.774729,31.539241,30.536763,26.101035,30.961762,39.323003,26.837478,34.896040,28.862030,22.252710,28.421668,39.396414,35.281581,30.799431,30.605311,27.464587,23.745172,27.450018,34.998966,36.164357,25.683043,27.335251,33.469103,35.209564,22.521842,34.746024,38.027937,26.138890,28.301160,21.182744,33.209515,39.826777,35.298364,25.402954,34.937167,32.853730,25.139884,35.812044,36.100220,0.000000,26.972406,39.626024,34.585259,31.783078,24.108127,38.366470,33.353063,25.102576,33.428170,31.970789,36.585933,38.020858,20.501928,36.000552,31.093994,35.745103,30.910178,37.174245,40.195313,25.774466,33.684730,35.354024,35.202683,36.503470,37.015229,35.873538,35.529989,40.541095,34.303356,22.539932,26.992025,36.171175,34.479979,41.829544,37.470338,34.366035,38.111675,33.672194,36.085618,33.807460,31.896984,28.024600,35.099205,35.144112,30.844096,34.802481,30.267148,22.355048,34.392556,34.759404,33.297990,28.654196,33.612028,26.267853,28.144300,32.559481,28.956877,30.017282,36.332038,34.174255,29.539390,34.373540,29.958903,32.268944,30.445874,36.958706,36.311879,34.810259,30.083806,29.668312,31.804703,36.815149,31.925816,34.626707,31.012411,35.196037,31.798400
Trường Tiểu học Chu Văn An,30.595064,30.720835,30.493236,32.210941,32.756512,30.138572,28.146370,34.305379,31.342632,29.308960,32.346830,29.995745,32.211296,31.678620,32.966078,26.340190,34.792506,31.700492,28.717649,27.367167,34.755266,35.559476,24.523858,33.589066,26.177874,31.412418,24.900597,34.782192,35.900151,32.238998,19.128722,27.612151,34.831912,27.550128,35.590983,34.590448,26.132106,23.097640,27.813560,33.272345,36.159588,26.815765,23.939669,34.728457,26.047482,31.665311,25.724864,36.355501,28.915828,0.000000,36.013177,34.895692,25.158789,29.111798,35.113581,33.263845,28.319885,30.850136,31.577446,24.395837,37.428568,29.079906,33.214782,31.088787,33.203582,31.004421,34.550376,33.440660,31.581346,27.460653,35.486094,33.160310,39.595439,36.543365,36.015521,33.878012,34.500302,26.203706,26.902097,30.167327,33.968334,32.989346,38.073212,31.695990,34.365164,38.857331,32.579799,29.636919,35.031398,32.628163,30.384070,33.340823,33.615168,31.927478,34.922419,31.809254,27.242789,33.154970,36.858367,32.443571,30.902092,35.182551,31.854148,30.651623,33.145592,31.211846,31.759603,34.230489,33.059856,30.392919,34.278574,31.547809,35.834943,31.889739,35.945567,36.968584,34.539576,31.458670,32.998385,32.559863,38.133508,32.719263,35.685883,32.035595,36.257129,32.560953
WinMart+,39.119620,42.949473,36.980888,39.195442,42.254080,37.515035,37.632252,45.027805,36.194041,42.026464,31.748464,43.314194,39.472332,35.057259,37.267027,39.933741,43.617469,39.917727,31.876899,42.566411,34.781202,45.157307,38.940128,39.354518,40.391380,38.200734,41.592043,41.847573,42.870831,31.113982,38.910076,42.804955,38.982765,36.235757,38.461729,35.703195,38.750805,38.339003,39.334223,40.453596,38.597907,44.815149,38.712176,41.291351,38.910051,27.838096,44.702590,40.488176,35.176923,35.980575,0.000000,24.810923,37.469818,39.003100,30.040968,34.942033,38.747197,36.256594,36.222946,39.885433,41.746290,38.011612,41.292377,40.833662,26.214079,39.762812,26.455963,49.591664,37.471092,40.162359,40.314193,40.279698,39.026514,40.182154,30.241266,25.661758,49.176965,44.549973,37.576689,37.534507,31.107545,42.294577,39.597988,44.433229,36.356455,41.523878,31.995523,38.588014,38.582016,42.201426,37.062519,42.896602,31.489279,40.679500,36.994144,39.314986,38.910228,30.849299,36.523045,31.982162,38.021734,36.467648,38.296690,37.829648,38.516517,39.394159,39.659540,43.716244,28.463040,35.243298,42.240018,42.534633,40.983422,39.261198,44.550548,38.524050,44.139401,36.868003,36.704035,42.645808,37.655041,41.908047,35.093910,40.156525,35.707764,41.472354
WinMart+,36.518559,39.323506,35.104304,36.699732,37.988412,35.173365,35.821439,40.754442,33.640561,38.978865,30.144434,40.405346,36.348379,33.230942,33.531043,37.606685,40.356042,29.214646,30.964221,40.092885,31.387352,42.299794,37.135059,27.240516,38.126041,35.895407,39.144156,39.466915,39.508319,28.035744,37.189613,40.465614,37.349520,34.899177,36.857100,30.555996,37.030219,36.733031,37.279037,38.802356,34.179254,42.148832,37.022426,39.125797,37.457550,24.801619,42.220712,38.787473,34.395281,34.876396,24.873437,0.000000,36.215776,34.369744,28.404372,33.857101,33.688477,35.078633,22.653241,38.296868,39.416529,34.222321,29.197229,35.418442,23.593309,33.860645,26.058666,46.375717,33.317918,38.676267,38.990079,33.740683,37.527576,38.300939,24.277241,23.327606,46.253011,42.821849,32.872376,33.615147,26.930794,34.029640,34.430748,42.480007,35.686141,39.562575,28.822624,37.574522,37.319925,35.109330,31.779644,34.763891,28.553865,34.423698,36.245789,34.916565,34.533819,27.879052,35.414552,29.284645,32.930987,34.828345,34.632777,33.307773,33.036145,34.542162,34.814480,36.518722,25.815869,32.329626,36.252839,37.873143,36.414579,34.952185,37.513447,35.196551,37.355830,32.919712,33.425310,35.316041,37.188065,35.789437,34.796846,34.401389,35.396252,36.389057
Trường Mầm non A Tứ Hiệp,35.544047,36.936602,27.899795,36.299324,37.624515,34.360134,30.345183,39.016645,36.059826,34.485779,36.510371,34.239079,35.539204,35.787353,37.011853,33.740411,38.943382,36.926508,32.054908,34.673365,39.219417,23.936238,32.002062,38.107283,33.806127,36.309061,35.376567,38.579096,39.694539,36.857581,30.903471,20.618114,29.165021,35.251226,30.075788,38.469673,35.671757,31.914445,34.396043,29.609062,40.013015,27.939695,33.947940,38.394634,17.532409,35.853749,29.355973,29.903072,35.600822,28.526863,39.841348,38.289930,0.000000,35.160387,38.733178,36.354890,33.940269,28.301815,38.335715,32.312365,41.128323,35.200330,40.420813,36.111034,38.475637,35.518879,37.620625,25.913570,37.017741,17.202182,30.515174,40.143204,39.370136,40.196515,39.376597,38.298519,24.654580,29.869624,32.465343,34.714872,41.807033,40.921610,41.734115,24.296949,26.117049,41.116542,40.358786,24.893218,36.488458,40.958666,38.679392,41.162962,40.582602,40.326286,26.256157,35.537926,32.447838,40.114316,35.361702,41.474631,34.970894,29.636954,36.003741,34.856488,39.282322,35.362060,35.656827,41.588204,36.571948,35.034806,41.054948,35.229939,38.668442,35.556251,42.258938,39.700282,42.093041,34.849625,36.334633,41.289282,37.357477,41.011954,35.238974,40.093967,35.739291,35.590473
Cà Phê KOK,32.146387,32.562128,32.130763,33.168532,31.938357,36.051200,30.106345,35.877539,31.191784,32.001267,32.763004,32.521299,28.182017,32.063071,40.386351,29.279009,36.243206,30.683333,23.963387,30.599235,40.568091,36.834104,32.318731,41.554133,32.504306,25.688603,30.172423,36.095058,37.388919,27.312451,29.370058,34.865017,36.145271,28.266059,35.690341,38.961634,22.778485,29.999748,25.509425,34.300298,40.983626,36.853211,27.461260,35.971036,33.995094,36.351809,37.267319,37.244688,23.632587,28.801578,40.759285,34.890320,32.876829,0.000000,39.138720,34.141135,29.147050,34.229772,31.838351,34.208717,39.115013,22.897148,36.818682,29.336364,36.219008,29.061077,37.747248,41.627585,20.486508,34.756777,36.277714,36.043784,37.334458,37.978768,36.385721,36.042206,41.865810,30.377251,20.167731,24.927306,37.005149,34.938283,43.177822,38.572037,35.044948,39.051351,33.907932,36.904191,34.515726,31.703417,28.386493,35.695201,35.602747,30.466440,35.567835,28.388331,20.727375,34.705568,35.498569,33.434167,30.077107,34.413440,24.847918,26.219182,30.068146,26.863398,27.969809,37.074159,34.340516,29.115971,32.426584,28.233413,30.229989,28.613100,34.506931,30.727678,32.925099,28.641815,28.356137,35.634135,37.160283,30.277254,34.904209,29.601004,35.466300,30.364436
Không có tên,35.831149,38.428537,31.465037,31.804872,37.003511,34.549305,35.380368,34.966350,32.963481,38.200435,26.954470,39.735931,35.563092,29.624219,32.654834,36.981947,31.384276,36.133199,30.709375,39.515075,27.262095,41.644739,36.697608,34.588199,37.516725,35.263815,38.488484,34.656729,36.637833,35.668168,36.695182,39.912419,35.494972,34.497666,34.908907,29.565820,36.536067,36.261888,36.700374,38.405767,25.316258,41.421479,36.543308,32.737705,37.104906,33.017904,41.544251,37.141496,33.761447,34.513285,28.176012,27.103073,35.914680,36.946611,0.000000,32.027072,36.537396,33.375307,34.154213,37.840772,37.394346,36.373361,35.968166,38.159109,28.354382,37.006024,22.304884,45.556677,35.711413,38.318575,37.787594,37.185099,35.944765,36.470045,28.523065,29.443792,45.495482,42.310545,35.651835,35.903746,33.173935,38.117883,33.906362,42.022251,34.656026,37.939086,37.018570,36.428720,36.794309,38.530691,35.075461,38.651686,31.472179,37.630237,35.107780,37.232593,36.888807,32.636402,33.871150,39.431726,35.846827,33.436489,36.635412,35.885155,36.119421,37.111460,37.345692,39.715228,27.882968,34.165023,39.043726,39.927955,38.615116,37.222702,41.268292,36.976205,41.025913,35.259492,35.398371,39.562641,38.238298,39.369324,35.593157,37.990206,36.211557,39.363197
Trường Đại học Kinh tế - Kỹ thuật Công n,34.289804,35.986713,32.511248,31.579381,35.572457,33.993981,45.295561,32.453083,34.144519,35.996590,33.576459,45.429199,34.623785,28.945209,34.969405,35.279472,31.049286,35.042522,31.211214,44.731747,37.046193,43.463284,41.735385,36.477618,36.264291,34.498353,36.462509,24.762669,29.984112,35.158554,39.939501,43.224705,29.681672,43.033181,28.770964,34.060500,43.993401,40.794279,35.654889,39.979472,33.504764,45.499204,35.175591,22.021811,40.262765,34.249872,45.381860,39.190876,33.484225,41.481705,35.172231,33.141692,39.185730,34.777416,32.703321,0.000000,35.027204,32.294793,31.690077,41.495665,22.084034,41.988038,36.642941,35.694280,34.653678,34.233354,33.078423,48.736851,43.800527,40.528954,30.063721,37.157494,22.712969,17.024061,35.261060,34.689259,48.474747,45.026523,36.177485,40.406099,38.501846,37.656376,37.467316,45.160838,34.411618,23.203720,37.078969,36.811516,20.822873,37.906214,35.875346,37.934920,37.613789,37.404757,35.005375,37.153843,36.932711,37.145754,21.761316,38.382115,36.305872,22.973357,36.740590,36.290383,36.492797,37.084133,37.233050,38.555856,33.327901,34.918191,38.236824,38.888721,38.046157,37.146632,39.635545,36.961914,39.508298,35.830859,35.861677,38.575200,33.703936,38.527306,31.667067,37.649031,32.287482,38.589776
WinMart+,39.936829,42.070965,32.702317,33.821655,32.643945,33.384475,32.395720,36.667479,31.913424,36.071443,36.926831,31.052515,29.217699,38.067754,39.406712,29.349067,36.919340,31.589095,24.778310,29.423011,39.519617,34.908213,31.144515,40.566961,31.532150,26.640428,28.932689,36.648952,42.679455,37.655093,28.543625,33.397238,36.607673,26.994926,36.168494,37.598950,23.346663,29.180951,30.577512,35.733056,40.096493,35.025594,27.002653,36.493877,32.843820,34.138152,35.473904,37.921562,24.969428,28.151431,39.826071,33.956896,31.896640,27.373803,38.031903,34.535079,0.000000,34.618488,22.437936,33.106704,39.667740,23.948585,34.122974,27.513417,35.075015,26.802028,36.653283,39.223164,25.771932,33.574222,35.064902,31.670054,37.752539,38.458944,35.299181,34.909666,39.592060,29.742702,22.376652,30.371345,35.566335,31.621643,42.743288,36.909130,34.224025,39.523379,32.131825,35.863926,34.869255,28.969170,26.070350,32.685888,34.386061,28.284134,34.703773,31.751747,31.245868,33.412270,35.863501,32.869031,28.178326,34.815723,32.034495,29.399649,28.131664,30.771771,28.055777,35.023382,33.322994,29.845747,34.175236,30.893161,33.647900,31.870938,33.405989,33.027374,29.365563,26.414354,30.780072,33.958499,37.324200,30.302233,35.030781,33.304362,35.600553,32.419413
Trường Quốc tế Singapore,44.798456,48.507332,38.619118,31.073203,46.409494,42.378810,47.036059,31.811059,42.859272,43.922042,33.058743,47.071708,34.115079,28.547806,44.317551,44.629595,30.401371,34.543371,30.908648,45.764371,47.073301,43.799520,41.183040,35.973579,41.250176,34.062150,45.149270,28.610017,31.211265,34.708516,38.744642,43.417981,31.614116,43.118605,20.277301,35.782021,44.516204,39.930618,41.071132,38.580471,35.334092,46.881722,41.905985,29.118861,39.255299,33.886197,46.612369,34.871413,42.694864,41.049519,36.797456,34.643502,37.819185,41.870690,34.350795,24.077561,39.719087,0.000000,31.439914,41.026004,34.372693,41.733567,38.109733,42.665491,35.982519,41.290804,34.694391,51.562239,44.174440,39.693421,32.245724,41.842760,26.073895,27.040666,36.690446,35.950060,50.949154,45.756080,41.514489,39.816111,39.781878,38.920440,38.937237,46.052571,31.621433,25.394864,38.350331,34.201057,24.187989,39.086909,40.319257,39.184082,38.756648,38.531549,32.194051,41.387183,39.662405,38.296130,25.224245,39.578924,40.870431,25.648671,37.484752,40.845228,37.573143,41.586680,41.782298,39.722613,34.467646,37.983748,39.327205,40.835063,42.496068,41.321846,40.643645,41.807778,45.013725,41.547148,39.258307,39.621117,34.011901,43.109685,32.049519,41.796125,32.624736,42.194147
WinMart+,36.210425,38.324640,35.113220,36.349899,37.192550,27.379941,35.667167,39.353365,34.003584,30.007273,32.041131,39.341644,26.670913,34.144150,34.008769,29.431082,39.239154,24.121119,23.963149,39.182541,33.476145,40.972690,36.760255,33.628242,27.713076,23.395900,31.556826,37.068271,39.127569,21.286759,30.901296,39.526083,37.401412,25.069215,36.985226,31.288018,23.114990,36.467721,25.409112,38.251514,34.673757,40.908296,30.779007,35.478554,37.098241,18.060598,41.038800,38.640797,23.938520,29.598365,34.381570,28.174097,36.024302,24.533510,33.112296,34.257199,22.622827,35.347285,0.000000,37.847802,39.132751,23.525409,22.864518,26.752704,29.353148,23.819751,32.437015,44.508005,24.092819,38.165013,38.829540,24.312102,37.488362,38.163476,29.647825,32.462173,44.515888,41.866971,30.715073,31.856345,32.130807,30.370269,38.311406,41.456161,35.867634,39.243342,28.895919,37.585500,37.234301,32.101447,29.272893,31.250890,31.854411,31.722590,36.372543,33.066519,32.668258,30.918988,35.622197,32.943281,30.636117,34.569055,33.081554,31.297115,30.565724,32.470033,32.757486,33.603766,31.456622,31.000612,33.820392,36.099386,34.587456,33.140307,37.103116,33.813775,36.953115,31.154075,31.950480,34.821774,37.216979,35.394710,34.938468,33.991625,35.508151,36.070836
Trường Tiểu học Tam Hiệp,44.807358,48.274444,42.666345,43.735499,46.390900,42.605737,46.740198,47.286417,43.012953,44.079308,44.175926,44.507562,43.128332,42.816460,44.449174,24.560626,46.185230,43.715330,37.749236,43.706105,46.934614,44.567327,21.717847,44.476121,24.170987,42.583924,23.388006,44.652174,46.259700,42.987490,21.209706,38.596083,39.256494,27.237541,39.847214,45.327925,26.500797,20.095948,27.413682,42.239094,46.508310,23.894651,24.601998,44.153339,34.047601,41.318421,21.470416,41.142177,36.139893,23.896457,46.455980,44.203769,32.146407,28.139237,44.678742,40.828915,27.738539,36.759298,42.929023,0.000000,46.902456,38.378706,46.503323,29.402371,43.774846,29.606502,43.246154,38.615020,39.422876,33.151009,39.440765,31.218810,43.755470,45.135563,45.191778,43.408209,39.771314,22.975902,36.606500,33.039106,47.192913,46.198409,47.859807,35.673511,30.770912,45.835120,45.685010,31.266837,40.493033,37.964971,35.775026,46.413365,45.322401,36.984149,31.219092,41.136673,40.816957,44.852555,41.574824,46.542877,36.420728,36.879264,36.503013,36.334822,37.833977,36.941502,37.237402,46.558462,40.975197,35.088966,45.680270,39.300459,40.254856,38.325876,39.829840,41.978913,38.944118,36.116672,36.774612,45.765139,40.784200,37.339990,38.042336,36.434669,38.596609,36.881862
WinMart+,40.736406,43.689407,38.793596,39.454343,45.334689,40.301722,46.655849,43.970321,40.264523,42.878300,41.513338,44.040725,42.134806,35.052610,42.091222,41.094248,43.651719,42.330208,35.177143,43.365565,45.945140,45.472025,40.285240,43.642384,42.065734,40.764643,42.374478,32.970990,43.915296,41.452224,39.994333,43.512787,36.594735,38.227174,35.450127,40.530069,39.874727,39.501169,41.219589,40.399754,40.252745,45.106348,39.828353,27.285885,40.047318,39.262477,45.014568,39.500985,37.485631,37.393422,41.675568,38.062236,38.741919,39.267571,38.091056,21.651632,39.601647,40.352286,35.126295,40.688849,0.000000,38.525334,42.968029,40.180740,39.414106,38.107005,41.949537,48.956107,37.018398,41.086098,37.556355,41.917311,32.484937,31.497812,40.752168,39.113815,48.649220,44.776467,39.942022,39.634353,44.464856,43.188148,44.154338,44.830111,38.579453,38.134111,42.440750,41.950535,26.895740,43.056976,39.880154,43.490719,42.490081,42.102395,39.490113,40.890057,40.616240,41.868688,28.546289,43.803423,40.250418,33.436136,39.980219,39.949843,40.659554,41.053718,41.219597,43.902440,36.769456,37.442317,42.986224,43.065878,42.028404,40.836188,44.390885,40.022025,44.132734,39.094847,38.791456,43.207160,36.112684,42.653666,33.296202,41.466880,34.044896,42.264028
Delícia Coffee & Lounge,31.255154,31.510764,31.067171,32.654712,33.250474,31.032484,29.001257,34.676903,31.899756,30.532312,32.804406,31.196303,32.852539,32.136578,33.369492,27.794672,35.097003,26.048591,21.531457,28.964691,35.083090,36.077205,31.295073,34.015976,23.930287,22.517448,28.137515,35.041252,36.120374,23.988329,27.817295,34.064979,35.197881,21.316756,35.918771,34.558024,23.647095,28.768923,20.736464,33.645975,36.189764,36.131958,25.724300,34.971751,33.296965,32.377147,36.610382,36.691482,19.713732,27.373762,36.041923,34.504874,32.166897,22.697911,35.128685,33.484719,27.769798,31.284942,29.204575,37.369838,37.550322,0.000000,32.117109,25.582272,35.429850,26.864799,34.555874,41.279563,27.619064,34.133251,35.789177,30.798315,39.682920,36.678280,35.623467,35.318319,41.563815,34.904054,28.460983,19.740431,35.783228,30.903265,38.132706,38.093943,34.632886,38.991718,33.758596,36.555990,35.248369,31.998520,28.458443,31.431310,34.994076,30.983579,35.183151,30.742565,23.027896,34.357552,37.035453,36.334545,29.184272,35.253875,22.644767,28.704548,32.952869,29.540523,30.547934,36.021799,35.930015,29.602786,34.721681,30.405082,32.723409,30.907931,37.246444,37.204418,35.166139,30.461543,30.023784,32.129804,38.208880,32.304485,35.783486,31.352776,36.347704,32.130750
UBND phường Khương Thượng,40.795110,43.251292,39.187525,40.773876,42.913278,36.894341,39.394832,44.453344,39.441125,38.753824,37.779796,43.298870,37.401090,38.753897,40.717967,37.112283,43.562188,36.430364,30.523571,42.772235,40.878943,44.515506,40.166939,42.394419,36.761545,33.214973,38.925521,40.730864,43.780534,39.159223,37.277845,42.902897,40.569180,36.078785,40.224280,38.780269,35.066405,39.714159,33.301857,41.131975,41.329847,44.360917,37.081749,39.006182,39.936942,35.094587,44.301812,41.633179,34.958133,33.254274,35.431510,34.760970,38.767223,35.024907,37.399244,37.127470,34.064314,38.149209,28.539352,40.769632,42.743854,34.647835,0.000000,36.938730,37.060773,34.642970,34.901551,47.842358,33.555616,40.830900,41.216334,34.577208,40.336028,41.405916,37.396677,36.954283,47.690414,44.278590,32.801023,33.834790,40.627757,35.663223,41.917851,44.116984,37.689581,42.345556,32.530986,39.747463,39.645282,37.327282,31.049825,37.332629,36.181810,35.694858,38.291565,35.905488,35.339426,34.480763,38.225501,39.508628,32.988870,37.260015,35.301156,33.569800,33.214107,35.471468,35.882214,40.207486,33.928037,32.179343,38.738773,40.320942,38.141507,35.920816,42.881063,35.958021,42.355055,32.999002,33.526145,39.725164,38.389406,39.371217,35.933181,37.068623,36.496036,39.381431
WinMart+,41.938471,34.339831,33.841459,34.986030,43.986401,37.832209,31.722958,37.764480,33.417611,34.356503,39.351398,34.589645,31.756402,40.074484,42.160228,31.749978,37.856863,33.499761,27.521607,32.974686,42.558121,38.295818,33.922838,44.041415,36.393648,29.425220,33.138420,37.429687,44.698168,41.429468,31.671873,36.254573,37.281934,34.332153,36.873876,40.667745,26.276244,31.904125,33.239642,35.416160,42.874388,38.285741,29.886473,37.243208,35.161149,37.812920,38.595432,38.321221,31.096541,30.908730,42.618679,35.708909,34.025416,27.253741,40.494392,35.178387,32.589519,35.274802,32.360501,35.400217,40.241427,26.595057,38.807281,0.000000,37.274504,30.642432,38.769998,42.812437,26.347564,35.838184,37.173035,38.660778,38.265740,39.019800,37.509291,37.242549,42.958516,31.699598,19.386087,27.145967,38.971477,36.452375,45.198330,39.560918,35.734738,40.007935,35.000140,37.690247,40.369475,32.466061,28.145914,37.369719,36.757198,30.738370,36.310786,33.583902,22.759746,35.683711,36.405499,34.235091,30.226581,35.229484,26.413805,31.194288,30.225357,32.819423,29.881396,38.703158,34.969565,30.882570,32.967241,32.519426,35.664827,33.666238,35.300625,34.347236,31.045146,27.596212,32.039687,36.574215,37.562782,31.783476,35.269258,31.421765,35.832048,33.777899
Siêu thị B11 Kim Liên,35.321082,37.712082,34.188182,35.517099,36.260556,33.913965,34.955334,38.896327,32.573790,37.573334,29.507894,39.030433,34.062542,32.421986,32.188703,36.493152,38.820490,32.479388,27.841956,38.886632,30.283620,40.900490,36.241150,37.248791,36.698613,29.839319,37.945755,38.299297,37.973357,33.769652,36.313891,39.299519,36.522651,29.388258,36.044626,29.322360,36.162667,35.911559,30.655861,37.947202,32.101806,40.765373,36.170077,38.050282,36.701816,29.210877,40.911187,37.907295,28.552518,34.270580,25.035887,22.084287,35.566836,36.006601,31.883239,33.294838,35.382835,34.470697,25.042827,37.467898,38.277747,35.502484,32.361993,37.434065,0.000000,35.836310,28.771418,44.747817,34.618255,37.891667,38.282963,36.138128,36.747171,37.344355,26.203242,24.180926,44.747987,41.839024,34.352018,34.887553,33.030983,37.201478,36.728379,41.445695,35.307581,38.561723,33.635005,37.013918,36.807308,37.729376,33.395628,38.011208,25.750220,36.790615,35.770253,36.453994,36.026078,32.087684,34.821939,33.322094,34.509195,33.951971,35.872714,34.731829,34.138911,36.203372,35.962789,39.397153,26.930707,33.164794,37.890796,39.280574,38.151378,36.452662,41.126578,36.351572,40.799851,37.047484,34.467391,38.777672,38.201399,38.668578,35.687296,36.944570,36.275337,38.792572
WinMart+,41.528159,44.128098,39.821443,41.491022,43.920715,32.082019,39.979437,45.391727,40.260357,32.504547,38.600055,32.673808,28.599793,39.460533,41.774594,29.752851,44.323904,37.343292,25.036674,31.271056,42.070055,36.041506,32.423873,43.877400,31.820105,26.559090,31.304507,41.337088,44.603239,40.618873,30.467562,43.507146,41.084456,30.894095,40.747564,39.904412,26.042149,30.750832,28.704534,41.608259,42.434720,36.118467,28.973479,39.551795,33.770487,36.303904,36.479826,42.140871,28.650768,29.815975,42.234913,35.359086,32.808530,28.136501,39.804514,37.550541,26.569283,38.574543,29.561341,34.131512,43.379396,26.215296,37.223469,34.245199,36.650418,0.000000,38.152497,40.196724,26.010318,34.412425,41.614328,35.939495,40.798794,41.960651,36.924019,34.970634,40.522804,30.806194,21.913536,29.860524,35.980167,34.142967,45.246489,37.650534,34.736682,42.884406,31.770049,36.538710,40.041163,27.483493,24.492506,35.446749,34.381064,27.130541,35.231999,31.509080,30.934377,33.261665,38.620092,34.751768,27.185592,37.720794,31.877035,28.804609,27.148864,30.330694,27.190222,37.526730,33.133230,29.499056,35.967966,30.567403,33.660358,31.635118,33.388013,32.986285,28.802138,25.680415,30.384681,35.453277,38.563228,29.906900,36.062457,34.325184,36.632975,32.317057
Cà Phê Big One,36.921777,39.600930,35.503705,37.010184,38.492359,35.765196,36.093551,40.894201,34.516992,39.232139,31.474726,40.312232,36.898628,29.615546,34.744718,37.879904,40.370597,37.335896,31.603873,40.007764,33.032889,42.027263,37.261417,36.299778,38.347665,36.313894,39.373253,34.266272,36.122180,34.209471,37.486933,40.338782,35.036772,35.263624,34.508193,32.926733,37.265400,36.968408,37.518309,38.774606,25.282443,41.898319,37.259223,34.218826,37.503604,31.534260,41.968997,36.560063,34.368027,35.121792,29.225676,27.795032,36.319388,37.497063,19.669495,31.541372,37.187504,33.084062,28.039851,38.440342,40.653392,36.879841,37.583153,38.801535,28.778067,37.924336,0.000000,45.978971,36.461133,38.630324,42.103341,38.152597,35.114187,35.503941,29.267250,29.942582,45.934767,42.583915,36.316409,36.449421,34.037150,39.160357,35.979927,42.201079,34.341510,36.847884,34.205407,36.232566,35.649376,39.422525,35.760408,39.713410,32.045869,38.513107,34.858589,37.967725,37.632175,33.194129,37.938764,33.978847,36.642603,37.965591,37.287542,36.690280,37.015395,37.906609,38.096271,40.657364,28.006913,34.686553,39.874452,40.591171,39.323422,37.907932,39.442505,37.561322,39.254024,35.980444,35.873881,37.649457,37.561509,37.731462,35.006564,36.396852,35.619069,38.010394
Trường Mầm non Đại Thanh,45.804851,51.775799,42.739089,44.168314,47.999691,42.610980,49.108727,49.148074,43.148658,44.768785,44.740755,45.670969,43.310468,42.995720,45.062165,42.161059,47.408721,44.058264,36.657478,44.328081,48.563307,46.715432,39.665662,44.996112,40.047939,42.612756,43.726419,45.326652,47.353910,43.115930,37.115029,35.808991,38.446753,42.084368,39.212490,46.191890,43.515347,38.765274,39.966413,42.228709,47.714979,24.203559,40.352796,44.674956,29.363272,41.056720,28.990263,40.766395,41.511888,28.395470,47.619768,44.660846,25.834394,40.733559,45.317276,40.717818,38.576766,35.667103,43.026908,40.015023,48.120665,40.685979,47.538474,41.716910,44.093816,40.459186,43.392011,0.000000,43.421622,27.517645,38.808389,45.491022,44.172219,45.887681,45.886997,43.613531,35.786031,33.004612,36.420843,35.804741,48.262770,47.017638,49.285831,31.026200,28.297626,46.723663,46.375223,27.924950,40.381898,46.613004,43.100847,47.264426,45.895261,45.577075,28.679050,43.220132,42.916482,45.325910,41.569600,47.386224,39.008969,36.781384,39.277097,38.963342,44.049402,39.669737,39.920043,47.394072,40.729580,38.013785,46.263061,39.093818,42.622500,40.380049,47.331722,44.499766,47.042568,38.316247,39.089387,46.347943,40.660130,45.533310,37.743991,44.303992,38.335811,39.058354
siêu thị 24h ninja mark,34.170110,34.998728,33.630464,39.867451,41.322159,34.732981,32.441288,42.552575,38.843003,35.156790,37.660108,35.122919,35.862823,38.303312,39.648025,32.881220,41.979707,36.756673,24.260297,33.850590,39.641311,38.185377,34.379535,40.477565,27.127667,25.226015,34.437255,39.877140,42.065377,38.460106,32.832973,36.384328,41.086490,25.510662,41.568907,38.302623,31.749140,32.781648,25.069341,35.557942,39.990131,38.195991,31.284644,38.543294,35.340379,36.022744,38.449108,42.958555,26.304996,31.943389,39.899439,35.894162,34.285453,27.134036,38.389800,36.923857,33.252584,36.559625,32.256585,37.717548,41.445491,29.631598,36.510726,35.757571,37.134151,33.663475,35.816795,42.275809,0.000000,35.918926,41.075874,35.879316,39.585112,40.407227,37.355142,37.134979,42.472789,35.731031,28.750684,27.434756,38.513798,34.949265,40.019184,39.281190,38.768525,41.176733,35.675108,41.070587,38.977196,34.150952,28.632008,35.623923,36.790914,32.193956,39.446948,32.124426,20.828172,35.964466,41.262679,38.766270,29.759166,39.482251,26.382158,29.163478,34.850722,30.502857,31.904728,38.841097,37.541746,29.372697,37.166922,31.429639,35.043584,32.174429,40.364853,33.614420,38.018700,31.242460,30.460953,33.279118,40.367252,33.794507,37.721360,32.255711,38.265064,33.342472
Trường Mầm non Tứ Hiệp (điểm Cổ Điển B),36.433474,38.011023,30.718055,37.012351,38.444275,35.157128,34.054684,39.776564,36.712871,35.406424,37.233144,35.268942,36.262010,36.488291,37.704773,34.562877,39.614812,37.566675,32.640528,35.574294,39.937818,29.346455,32.871397,38.695094,34.461523,36.904729,36.145971,39.175789,40.299225,37.438622,31.642521,27.383909,31.329390,35.916060,32.171765,39.113230,36.398382,32.693337,34.984697,32.371753,40.619953,29.292298,34.613218,38.969798,22.891031,36.375027,30.563995,32.321868,36.206527,29.290328,40.448653,38.858906,16.964181,35.735460,39.309763,36.697394,34.468888,30.049798,38.782074,33.727965,41.675504,35.767935,40.974943,36.671562,38.991423,36.024903,38.142870,28.061824,37.600212,0.000000,32.429190,40.583039,39.696319,40.569289,39.923602,38.783897,23.180903,31.017389,32.955800,35.175796,42.286368,41.400649,42.282333,19.941715,25.639464,41.464591,40.845239,24.101361,36.790129,41.407322,39.096623,41.634470,41.023859,40.759472,25.771457,35.967654,32.907283,40.555636,37.798348,41.931322,35.409417,31.113174,36.656913,35.302528,39.700277,35.816168,36.103693,42.030271,37.011843,35.688366,41.474058,35.645897,39.307918,35.972749,42.648067,40.409290,42.474251,35.235213,36.905350,41.693918,38.134941,41.385840,35.803686,40.459826,36.371765,35.961197
WinMart+,45.514722,49.206216,39.611259,36.731872,47.044233,43.094393,47.957563,38.217434,43.462926,44.696090,44.718166,47.897728,43.584989,34.553013,44.919357,45.324386,37.633386,44.177656,38.274735,46.547512,47.636669,44.680301,42.060568,44.883654,41.937275,43.049165,45.833530,36.764714,39.427849,43.436943,39.583421,44.249171,33.668985,43.781692,35.468712,45.868743,45.197942,40.751107,41.702389,39.560329,47.146310,47.577131,42.593412,34.459153,40.045935,41.714629,47.286137,37.349183,43.316769,41.684395,46.972977,44.749698,38.534983,42.484947,45.377767,28.799038,40.314352,37.859617,43.370982,41.722363,37.310404,42.340110,46.931119,43.251171,44.338737,41.843354,43.187570,52.049107,44.746833,40.428023,0.000000,42.336663,37.105496,34.645170,45.698144,43.839024,51.413420,46.250274,42.039726,40.346178,47.591805,46.584045,48.329682,46.609680,34.037202,33.958328,46.035819,38.181988,27.921958,46.276709,40.820888,46.778079,45.748644,45.383372,34.994146,41.874598,40.178115,45.257306,30.096319,46.890910,41.373953,30.566720,37.989515,41.356331,42.409943,42.091901,42.280644,46.904599,41.508583,38.445080,45.973772,41.316775,42.965509,41.812761,45.999320,42.222832,45.434900,42.000700,39.715895,46.048648,35.822751,43.551707,33.212294,42.235960,33.949129,42.626872
Không có tên,40.502941,43.501001,38.647221,40.500915,43.135009,35.603172,38.971951,45.020231,38.740061,37.994606,36.581653,43.567649,36.064285,38.080458,40.223363,36.151175,43.871040,34.543508,28.436501,42.926902,40.408123,44.988494,39.911657,42.528134,38.274127,31.010093,38.335407,40.543570,44.158743,37.549486,36.518993,43.080145,40.381922,30.226015,39.976209,37.491203,36.295509,39.365807,31.868014,41.035900,41.096422,44.753155,36.304856,38.545967,39.697117,31.546018,44.663535,41.590563,35.533207,34.182820,40.809672,32.207643,38.406844,35.692556,38.050022,36.614065,34.999848,37.745661,20.601233,40.589805,42.891644,35.225103,30.121673,37.340027,33.802496,35.647257,36.350270,48.734103,34.375348,40.720014,41.165960,0.000000,40.194400,41.385224,34.168171,37.439700,48.495604,44.534166,33.890145,34.557421,39.965429,36.854250,44.811087,44.401303,37.335335,42.460683,34.856985,39.521737,39.525273,37.790845,32.669513,37.915409,36.889152,36.511388,37.967232,36.395745,35.921913,35.616325,37.867307,39.355642,34.142094,37.294005,35.784285,34.482023,34.440685,36.107883,36.442085,39.855414,34.799121,32.865565,38.792830,40.099101,38.279718,36.396351,42.099840,36.303075,41.711735,33.849975,34.149542,39.560860,38.203135,39.306507,35.664389,37.356020,36.257156,39.328143
Quan an Nam Nhu 1,49.906896,54.862504,43.967111,36.541503,40.397216,46.824174,54.670412,38.445896,37.855625,49.148804,38.137529,53.826867,38.826829,33.826094,38.959171,49.453777,37.683839,39.088271,34.351545,51.602199,41.356708,49.713371,46.376364,40.251879,45.240656,38.218423,49.986119,32.213605,37.247728,38.781276,43.131539,48.858631,40.576912,47.256873,42.037575,37.996866,49.129907,44.480942,44.627961,43.744031,37.664406,52.309708,45.929987,29.800662,43.447798,37.424846,51.650610,47.203020,46.415339,44.562150,38.937801,36.500164,41.819926,45.422694,36.375903,21.898588,42.833562,32.244531,34.380944,44.942912,32.832068,45.193252,40.113145,46.095319,37.695034,44.335837,36.703157,56.526299,47.853618,43.589156,33.734071,39.880935,0.000000,26.466866,38.564599,37.556180,55.477174,49.097181,44.371145,42.549289,41.596787,40.666124,40.973271,49.960913,35.313955,22.241485,40.080496,38.604665,22.166612,40.725926,42.908189,40.922182,40.342375,40.070878,36.131393,43.988706,42.279208,39.851216,23.572839,41.263963,43.512584,27.147937,39.810257,43.532264,39.004995,44.358509,44.493658,41.385086,35.852359,40.112111,40.844507,43.338968,45.138314,43.895569,42.100605,44.006464,47.611899,43.929869,41.449551,41.093501,35.044749,45.608727,32.621361,44.118967,33.274043,44.516376
WinMart+,39.488704,41.920607,37.728129,37.982656,42.848921,39.120880,53.815965,40.996278,39.121422,41.388749,39.840182,53.233422,40.529796,34.486781,40.585749,39.971782,40.313550,40.769390,34.829294,51.507200,43.698135,49.985554,47.198387,42.026061,40.886995,39.556029,50.158271,32.576390,40.031515,40.188493,44.326249,49.269747,35.684280,47.811866,34.718721,39.388905,49.441507,45.509486,40.138183,45.018519,39.080066,52.088392,46.653791,28.884727,44.562175,38.412110,51.559758,48.480197,36.927179,45.378172,40.446531,37.395660,43.118206,38.515372,37.348463,16.826070,38.818657,38.595086,34.785263,45.789657,34.085576,45.926007,41.699203,39.381238,38.676203,37.524592,37.720942,55.613677,48.281659,44.621133,35.234496,41.046733,26.426853,0.000000,39.798972,38.453266,54.794050,49.351402,39.348817,43.404007,43.208051,42.093324,42.737093,50.124794,37.504300,30.559052,41.415673,40.994777,16.784537,42.054011,39.247580,42.372498,41.563590,41.237922,38.421553,40.256416,40.005808,41.003505,23.639175,42.699447,39.609610,29.116206,39.470235,39.370937,39.957202,40.366059,40.531542,42.805488,36.421030,40.996773,42.065968,42.260137,41.308008,40.208971,43.414766,39.533300,43.194948,38.614795,38.372466,42.300575,35.491105,41.877837,32.912186,40.799631,33.581611,41.588460
Taste Tea,37.926996,40.701077,36.358509,38.032849,39.740413,36.643284,36.926320,42.139036,35.502418,40.226789,32.267395,41.446324,37.972628,34.736009,35.975297,38.748367,41.536610,33.630004,32.175835,41.026899,34.339322,43.145169,38.085233,38.354325,39.191499,37.276106,40.168823,40.423442,40.804189,35.342449,38.116914,41.313936,38.209923,30.200830,37.756582,34.604192,37.965907,37.653558,31.607005,39.546030,30.405442,42.976407,37.950492,40.028057,38.223322,31.106640,42.994492,39.556339,29.309134,35.721280,30.569117,24.083068,36.972488,36.537860,29.453070,34.681452,36.035193,35.864551,26.512969,39.071679,40.367439,36.001560,34.485483,38.038751,26.598919,36.604222,26.533935,47.066554,35.209279,39.356824,39.585696,36.975317,38.276647,39.152299,0.000000,28.268916,46.897883,43.385529,35.022644,35.439441,35.262524,38.184999,35.696260,43.082785,36.168628,40.336797,35.207519,38.127587,36.583043,38.521428,34.132215,38.910451,30.839677,37.551824,36.753368,36.992250,36.579934,33.698793,38.734006,34.657100,35.247063,35.461590,36.342752,35.370140,34.953456,36.819280,36.586454,40.075413,24.983043,33.619137,38.545724,39.721343,38.637714,36.984768,41.560429,36.760921,41.233559,37.518642,34.944895,39.364489,38.047676,39.155707,35.502318,37.484836,36.103901,39.195336
WinMart+,37.357291,39.579603,36.096755,37.465089,38.642953,33.261214,36.574716,40.689261,35.324661,35.435469,33.392967,40.377440,33.318554,35.252554,35.636583,34.186061,40.384999,31.742878,27.534307,40.111148,35.296257,41.919646,37.604987,35.785174,36.047338,29.408780,36.123528,37.983069,40.357922,32.542865,34.820213,40.407135,38.194121,36.400453,37.786403,33.429939,34.660744,37.284051,30.210529,38.981680,30.754434,41.836482,34.691337,36.340807,37.804518,28.519775,41.916034,39.403516,35.572929,33.029426,27.003720,25.685874,36.691003,35.710111,30.228693,34.940401,35.068830,36.020854,31.171120,38.587447,40.069989,35.302804,31.020488,37.187502,29.217550,35.522512,28.103641,45.455414,34.380770,38.839687,39.441542,35.594634,38.200826,38.985682,24.323374,0.000000,45.409618,42.553901,34.055350,34.665679,30.892896,36.535820,33.924777,42.168368,36.305133,40.049389,32.547026,38.126227,35.847845,37.416434,32.952913,37.399580,23.579313,36.301338,36.859774,36.247968,35.812518,28.209091,36.249936,30.748127,34.211159,35.231925,35.697907,34.480180,34.155336,35.967524,36.018088,38.748538,26.786165,32.981833,38.015598,39.398041,37.985093,36.255447,39.582333,36.200267,39.324627,33.694162,34.285050,37.156073,37.666472,37.345838,35.296290,35.705367,35.874719,37.722830
WinMart+,47.041325,53.262822,43.810162,45.124275,49.143604,43.716975,50.389666,50.184759,44.039186,46.120047,45.713726,47.117846,44.293447,43.940963,46.011962,43.328536,48.271383,44.901772,37.449683,45.584969,49.485439,49.091354,40.901031,45.762672,40.949362,43.402900,44.823064,46.086900,48.117254,43.875166,38.220107,34.868876,39.297625,42.983402,40.017141,47.017121,44.496986,39.866080,40.759556,43.280173,48.476017,41.786566,41.260950,45.396453,28.166690,41.740700,41.972075,41.692300,42.307320,35.087722,48.382463,45.378515,24.274472,41.500408,46.039892,41.306742,39.277728,36.393604,43.570405,39.865046,48.787090,41.431165,48.257895,42.438090,44.734511,41.157410,44.105561,34.698722,44.226605,23.321083,39.548650,46.069661,44.720381,46.505025,46.566101,44.218254,0.000000,34.177924,37.070985,36.035535,48.836620,47.597173,49.993636,25.616934,26.760718,47.302232,46.978601,25.606812,40.907174,47.154592,43.605085,47.886136,46.429016,46.112604,27.069441,42.960111,42.679600,45.860305,42.101597,47.977305,39.566201,37.343801,39.293329,39.569617,44.602370,40.291449,40.526150,47.970069,41.281192,38.097638,46.808450,39.661888,42.386070,40.136036,47.831148,44.071911,47.534228,38.838579,39.072762,46.831891,40.907129,45.990181,37.962118,44.733371,38.546662,39.557643
Trường Cao đẳng Hà Nội,41.547176,43.758489,40.090776,41.169994,42.995941,39.907862,42.940822,43.922971,40.645399,40.785180,41.458176,40.976127,40.539355,40.401340,41.729975,39.552203,43.360106,41.317744,36.250295,40.633192,43.867998,39.910636,22.663765,42.101331,26.436158,40.510530,26.497584,42.333080,43.647038,40.907294,24.759251,35.347240,37.510610,27.463662,38.087166,42.736725,26.766314,21.769820,27.627630,39.747107,43.923443,24.392930,26.153055,41.973511,31.883901,39.608957,23.402321,39.032006,33.512909,26.357734,43.798350,42.067060,30.151202,33.310309,42.434383,39.231619,27.964567,35.400099,33.694044,22.999540,44.473691,35.444488,44.002562,34.301256,41.848133,33.883271,41.236629,33.101475,36.655908,31.031427,37.818466,35.143056,41.965650,43.032555,42.990057,41.622004,35.272317,0.000000,34.557354,30.342486,44.880055,44.039843,45.190306,33.026970,29.942513,43.748781,43.537186,30.072274,39.043290,35.976111,33.904701,44.227342,43.487452,35.098729,30.321046,38.982558,38.647413,43.057829,40.056450,44.410388,34.433937,35.295279,33.630105,34.296872,36.025366,34.857269,35.214198,37.561718,39.541255,32.101111,36.897655,37.360942,37.778867,36.256066,38.196383,39.272468,37.180507,34.384254,34.530897,35.233356,40.060164,35.576468,37.510968,34.809291,38.058199,35.233587
TK mark,37.962098,39.631949,36.937012,38.030213,38.964159,30.830747,27.974089,40.435838,36.558395,28.622365,35.217013,29.135528,26.182364,36.332585,36.961972,26.658665,40.238863,33.950120,23.578001,27.630481,36.852134,32.787396,29.530744,37.325290,26.887641,24.685940,27.009858,38.324083,40.211814,35.033981,27.011386,31.611849,38.466636,24.642259,38.142940,35.376620,22.404281,27.755747,24.070020,31.703781,37.458234,32.971714,25.684775,37.001189,31.359776,32.529075,33.465907,33.949834,22.498185,26.778735,37.259048,33.006748,30.538209,19.140146,36.018412,35.608126,23.934444,36.543581,28.173950,31.666701,39.984251,22.469698,32.192644,18.544698,34.209578,27.377177,33.420582,36.833003,20.303423,32.081858,33.603299,30.153607,38.371590,39.059105,34.441848,33.906658,37.302048,28.616879,0.000000,28.494287,34.119021,30.457701,37.556719,35.074206,33.145798,39.910820,31.220918,34.592968,37.933667,26.310806,21.862308,31.208132,33.413934,26.315710,33.562810,29.867942,29.277789,32.555117,36.697056,31.161541,24.922384,35.139361,30.633992,26.957220,26.432203,28.360030,25.153421,28.758484,32.628998,28.567627,29.649094,29.063664,32.033006,30.072092,32.380980,31.925682,28.876490,24.285871,29.363891,27.041108,37.679491,26.771627,35.475320,26.907101,36.016529,31.187611
Hội đồng nhân dân - Ủy ban nhân dân phườ,32.675740,33.130981,32.338089,33.689083,34.344674,32.832511,30.785168,35.541432,33.125213,32.815250,33.838329,33.137303,34.216043,33.173636,36.058852,30.499844,35.832185,25.925345,21.938591,31.538899,35.933463,36.876750,32.802993,36.176855,24.113855,22.839156,31.429542,35.674140,36.687095,34.621270,30.453024,35.086756,35.853918,22.006341,36.475732,34.902591,28.383837,30.853591,21.533481,34.507767,36.389848,36.921477,28.797684,35.588568,34.224630,32.946504,37.292525,37.234385,21.177022,29.851845,36.263806,33.226796,33.174783,23.198638,35.381184,34.046051,27.312721,32.123616,30.079520,36.610956,37.917141,24.083792,32.783693,25.447365,34.054065,26.542780,33.513518,41.294707,26.676300,34.916619,36.312800,31.725472,39.769753,37.070647,34.251309,33.871532,41.540787,34.496462,26.746889,0.000000,33.997461,31.700312,36.538671,38.452545,35.130480,39.163923,32.187510,36.962137,35.618351,30.059497,27.054090,32.159234,33.537683,29.443259,35.667166,26.468375,22.575687,32.962480,37.323623,32.043684,27.260698,35.311789,21.901821,26.758908,30.922859,28.062176,28.372282,33.854002,34.336111,22.920778,32.592102,28.559020,26.840591,29.621055,35.025032,24.856598,32.914173,28.898878,25.930997,30.513310,38.330621,30.442869,35.972115,29.782033,36.529936,30.506837
Trung tâm Công nghệ Phần mềm Thủy lợi,39.826235,42.496301,38.164471,39.843980,41.987728,35.714736,38.500270,43.842554,38.095943,37.898555,36.104589,42.748046,36.145987,37.554987,39.219045,36.210105,42.986938,34.785161,28.938137,42.229519,39.246652,44.157412,39.426697,40.783381,38.204950,31.486417,38.231968,39.982311,43.183081,37.426724,36.531292,42.414608,39.911806,30.633394,39.520943,33.203594,36.347747,38.976377,32.253669,40.581971,39.975780,43.987477,36.357284,38.136144,39.311696,32.336594,43.943908,41.090670,29.631300,34.318044,32.162685,30.851282,38.089713,37.432068,35.985429,36.335335,36.984696,37.429874,26.780940,40.190651,42.195438,36.661382,37.098024,39.221447,34.425493,37.867854,32.715646,47.800903,35.974055,40.313085,40.774985,38.224035,39.759826,40.829390,35.015157,26.966010,47.596409,44.020892,35.821983,36.092787,0.000000,39.972713,40.025860,43.821268,37.175725,41.875395,35.229313,39.269108,37.460701,40.250974,34.991924,40.772273,34.281372,38.792870,37.785161,37.917946,37.483018,33.450835,37.566879,34.617509,36.193692,36.788705,37.077512,36.227378,36.607858,37.837866,38.141719,42.037257,32.788151,34.065271,40.676072,41.399593,39.710325,37.888942,42.005592,37.434902,41.640317,35.396078,35.454904,39.671673,38.082437,39.401499,35.609931,37.578483,36.188090,39.394982
WinMart+,39.576470,41.934163,38.082998,39.587420,41.395559,35.477223,38.381441,43.104833,37.999104,37.436893,36.244373,42.249838,35.810551,37.504233,38.926009,32.561315,42.448334,34.625550,26.911608,33.220612,38.928639,43.585318,39.247929,40.109611,35.212514,31.731181,33.481271,39.742651,42.583250,36.617969,32.444602,42.008820,39.710176,34.166908,39.349569,36.789095,33.513850,32.512731,30.300891,40.358087,39.574641,43.458594,31.254206,38.048188,39.163765,32.581923,43.445736,40.828484,32.681293,31.795533,39.376164,33.236079,38.017389,32.141873,37.352646,36.337351,30.123655,37.380257,25.571740,39.997949,41.789265,32.564079,32.122658,33.955197,35.037781,29.436654,33.779946,47.012949,30.779281,40.112697,40.575055,27.469651,39.560773,40.539387,35.361543,34.674640,46.867024,36.193496,28.933350,31.390279,35.712682,0.000000,39.572582,43.408713,37.186468,41.517856,30.391776,39.168428,38.986001,31.211149,25.061090,30.402133,33.961670,16.824369,37.773305,33.627301,32.892507,32.640866,37.509927,30.508878,28.614612,36.499535,33.498339,30.318903,28.560543,32.534434,28.369830,24.642343,32.728121,30.398090,32.751414,32.219164,36.491333,33.726590,35.951151,34.545377,30.185404,26.107524,31.639749,28.434572,38.070626,31.299493,35.649836,30.886503,36.220870,33.853645
Không có tên,40.956282,44.339680,38.880270,40.964076,44.121637,39.644936,39.227022,46.114143,39.074418,43.397841,35.675757,44.288773,41.592977,37.530272,40.934120,41.364060,44.665268,41.797928,34.105152,43.518331,39.710504,45.761099,40.220084,42.051681,41.680319,40.096706,42.769215,42.890075,44.127010,36.843942,40.182169,43.647984,40.158979,37.673305,39.722789,42.271010,39.999205,39.586045,40.724702,41.367969,34.716888,45.462163,39.955181,42.324691,39.944562,33.736355,45.319080,41.444067,36.688551,37.282288,39.430196,33.579248,38.570083,40.161113,35.542261,36.266117,40.044283,37.449248,29.342280,40.864447,42.798944,39.058806,43.530735,41.945611,32.084837,41.165104,29.528858,49.691745,38.710430,41.013394,41.042483,41.743949,40.010695,41.231761,25.750727,32.808091,49.345988,44.984664,38.922343,38.674283,37.221796,43.682491,0.000000,44.925049,37.120013,42.375236,36.824109,39.351882,37.531531,43.416459,38.618120,44.215109,34.709211,42.010999,37.759589,40.431935,40.066656,35.568670,37.600983,36.228324,39.416462,37.179133,39.331760,39.140620,39.989048,40.605730,40.841033,44.767038,29.769243,36.263017,43.329352,43.362970,41.964607,40.366057,45.271758,39.443961,44.883087,38.110548,37.731134,43.596767,38.420917,42.807315,35.782025,41.126656,36.383123,42.278085
Cafe Dinh,41.572367,44.503148,39.873678,41.156148,43.381528,39.582511,43.641936,44.499531,40.503589,40.635516,41.468903,41.061580,40.366755,40.441062,41.802049,39.134858,43.745207,41.297591,35.667037,40.662711,44.390977,39.611659,37.368719,42.219425,38.045723,40.353157,40.507586,42.717781,44.039809,40.818498,35.485457,32.823499,37.070779,39.647304,37.756955,42.976768,40.536193,36.753215,38.218420,39.630652,44.400979,36.018841,38.268011,42.302553,27.764425,39.349503,36.701082,38.728579,39.595291,33.051189,44.221406,42.210623,24.605588,38.978433,42.776889,39.256218,37.312726,34.830069,41.382658,36.532013,45.159088,38.926648,44.425677,39.815530,42.029481,38.829602,41.208727,32.120052,40.985645,19.514127,34.353269,43.298442,42.314264,43.547359,43.237449,41.645317,25.489660,33.162561,35.523441,37.698557,45.378617,44.400846,45.818610,0.000000,24.096123,44.357469,43.837299,21.133546,39.093515,44.223874,41.583521,44.618782,43.749108,43.414732,24.144659,41.266541,35.281594,43.257932,34.909582,44.808838,37.794338,32.877194,37.946430,37.724628,42.194147,38.315325,38.557631,44.869634,39.514595,36.963246,44.076217,37.923034,40.637320,38.304383,45.128107,41.892527,44.907843,37.321333,38.043816,44.213064,36.602780,43.674891,34.456877,42.679951,35.027525,38.001618
Trường Trung học cơ sở Yên Mỹ,40.940692,42.393083,37.248987,35.672396,42.015984,39.748687,40.945558,36.471251,40.332771,40.365171,40.930485,41.436981,40.234380,34.154201,41.156535,40.971617,36.041798,40.866624,36.918066,41.131137,42.741802,39.924000,38.637801,41.497293,39.200305,40.243875,41.271016,35.392915,36.904206,40.563723,37.497444,39.912202,33.576032,40.357772,34.489917,41.955909,41.016937,38.206675,39.243071,37.182515,42.920475,42.010202,39.629727,35.307277,37.677076,39.546745,42.071727,35.146807,40.275778,39.256449,42.794968,41.527101,23.922553,39.804415,41.880753,33.577850,38.467946,28.144563,41.028581,39.088612,38.815102,39.744840,43.022664,40.404000,41.445729,39.601391,37.170777,45.057651,41.267419,23.580173,33.992820,40.133504,38.483383,37.456999,42.240101,41.191845,25.210065,42.563114,39.858922,38.662334,43.807366,43.135862,43.948853,23.763570,0.000000,37.436529,42.733203,18.225619,33.253869,43.066158,39.091355,43.300568,42.744498,42.517569,16.155214,39.871938,38.579998,42.391318,34.914012,43.475519,39.478186,33.539887,37.025883,39.430736,40.362799,39.945045,40.118709,43.529090,39.591189,37.451893,43.018843,39.506731,40.674584,39.850168,43.121518,40.398649,42.572260,40.107586,38.433365,43.155780,36.720708,41.223510,34.363641,40.327539,34.971592,40.634721
WinMart+,51.441666,56.651116,45.687220,39.239188,43.652685,39.971407,56.811334,42.244036,39.949429,50.734747,40.836861,55.754682,41.380945,36.019333,41.383247,50.927507,41.815946,41.567389,35.734101,53.316433,44.343515,51.495685,48.011380,42.686341,46.522590,40.354511,51.444409,35.441721,41.756034,40.933459,44.565699,50.519888,43.512122,48.557094,44.744261,40.256304,50.546655,45.956244,40.791375,45.418623,40.024279,53.906166,47.215477,32.485102,44.823939,39.142008,53.147859,50.894900,47.603032,45.702842,41.199268,38.224989,43.157376,46.564406,38.269440,22.129005,39.441411,36.762498,35.545504,46.205980,38.474887,46.312109,42.314100,47.192077,39.360097,45.330720,38.603020,57.920985,49.010503,44.867957,35.756468,41.539231,32.328315,30.552671,40.483112,39.099068,56.764049,50.143464,45.306913,43.468486,43.670232,42.593770,43.290954,51.153720,37.920136,0.000000,41.954289,41.893007,19.901328,42.523974,39.770842,42.857430,42.041387,41.707725,38.960306,44.854130,43.167072,41.496586,20.515934,43.146186,40.102367,29.200463,40.620387,44.429426,40.457560,45.271829,45.392232,43.244699,37.066603,40.854846,42.497604,42.622757,46.006459,44.748233,43.762212,44.743929,43.542176,44.721436,42.194291,42.709581,35.615735,42.256147,32.898207,41.200978,33.598608,45.285844
Coffee Cây,40.350552,42.710076,38.826596,40.345667,42.309940,36.510367,39.053014,43.865935,38.967062,38.335997,37.328268,42.859345,36.957002,38.359028,40.093563,36.798641,43.090892,35.955778,30.330669,42.378904,40.192974,44.093116,39.841902,41.539579,36.639965,32.908584,38.561470,40.375320,43.271747,38.365876,36.991632,42.533141,40.259310,35.957227,39.914323,38.170269,34.990440,39.425935,33.232823,40.837739,40.691556,43.961005,32.877966,38.696059,39.665469,34.507018,43.917436,41.324183,34.851962,33.223981,31.932393,31.034350,38.525675,34.896133,34.696300,36.882263,33.943012,37.898559,28.171246,40.505800,42.352344,34.565287,34.737650,36.719653,33.242310,34.457692,32.440028,47.413296,33.469113,40.567997,40.968809,34.361406,40.049506,41.067722,33.660459,32.363214,47.259720,44.002050,32.732924,33.759565,31.504929,35.282272,39.298146,43.802442,37.539659,42.000215,0.000000,39.559916,39.391966,36.962710,31.011314,36.841048,31.206310,35.474343,38.126930,35.750202,35.207600,27.844386,37.989914,25.168276,32.905483,36.924845,35.200669,33.477000,27.182307,35.317307,30.984369,30.942134,25.665377,32.164710,32.032448,35.837152,37.933210,35.774296,37.293624,35.849310,37.066771,29.273617,33.473800,33.766840,38.292799,34.834188,35.857267,32.892073,36.421059,35.862844
Trường Mầm non Tứ Hiệp (điểm Đồng Trì),43.981840,46.260710,39.736278,37.602663,45.199571,42.404844,44.715249,38.892318,42.743756,43.464359,43.608083,45.000849,42.821215,35.790215,43.849991,43.955643,38.461228,43.301132,38.448448,44.306044,45.679043,42.946527,41.201556,43.931903,41.590694,42.408144,44.344914,37.661008,39.765642,42.735147,39.850753,42.754433,36.220374,42.952106,37.205890,44.547081,43.907661,40.659707,41.392773,39.515503,45.476227,45.252731,42.071368,37.458548,23.165777,41.387974,45.147917,38.664577,42.420750,41.318837,45.460186,43.699615,21.757999,41.873237,44.053189,35.372808,40.229964,29.480372,42.723548,41.449598,41.576130,41.843185,45.568348,42.545055,43.370775,41.608345,39.030782,24.163247,43.787943,20.963186,37.325643,42.033975,41.598887,40.290564,44.519753,43.111219,22.886441,26.680133,41.645099,40.296864,46.204859,45.402387,46.641250,20.200549,18.122468,40.558119,44.995435,0.000000,35.144225,45.205039,40.564138,45.601128,44.726823,44.557649,17.310694,41.663901,40.272324,44.333382,37.174962,45.722953,41.234430,36.909792,38.426569,41.239075,42.133811,41.838322,41.997202,45.754281,41.051805,31.284611,45.067741,41.216232,42.568605,41.621798,45.117147,34.339983,44.605819,41.795431,39.758268,45.148802,37.610319,43.073374,34.959213,41.940935,35.588503,42.330474
Trường Mầm non Lĩnh Nam (cơ sở 2),42.676745,44.765104,38.305920,33.348171,36.703449,35.104453,43.417267,34.366176,35.202407,42.023674,34.933189,43.698398,35.743279,31.084810,35.997168,42.629472,33.401429,36.070658,32.417411,43.124834,37.867060,41.780338,40.107077,37.268255,40.330086,35.519801,42.986807,28.692399,32.741480,36.072667,38.415410,41.619014,34.126671,41.705145,35.247704,38.150629,42.603707,39.269414,36.431096,38.269343,37.885583,44.008662,40.813241,26.692902,38.803268,35.149069,43.967547,36.245814,41.475005,40.253667,38.061952,36.842421,37.733027,40.881002,35.968705,20.750177,35.772027,28.597810,32.688966,40.160349,28.020647,40.789155,39.903421,41.528268,37.153288,39.508361,37.362301,47.495118,42.614986,39.151694,28.580208,39.715066,23.836623,22.841358,37.935072,37.043253,47.301254,43.969621,40.735106,39.367922,41.180014,40.388620,39.673006,43.971590,33.804008,19.869757,39.879656,36.218528,0.000000,40.447464,38.395244,40.604862,37.409192,39.884864,34.398181,40.675254,39.243571,37.559154,18.164892,40.906110,38.694874,20.476181,37.443725,40.210696,38.942256,40.798018,39.453184,41.010660,35.467009,37.864650,40.554703,40.870145,41.567329,40.624095,41.677181,41.108619,41.534107,37.967132,38.952079,40.778352,33.308457,40.554863,31.309379,39.707908,31.937967,40.418197
Chợ Nhân Chính,39.737357,41.807289,38.375085,39.734596,41.331717,36.180617,38.612100,42.826481,38.399825,35.066504,36.897818,35.070720,36.537069,37.879518,39.246060,32.161069,42.274676,35.616345,26.654538,34.030553,39.275534,43.291665,34.456334,40.276463,34.536295,27.852627,34.390758,39.836663,42.394412,37.531407,33.194182,41.882275,39.796628,33.471128,39.466512,37.511568,32.488838,33.173920,29.720728,40.383635,39.783745,43.209248,31.999197,38.294010,39.280185,34.267265,43.204129,41.907065,32.020017,32.486137,39.631890,34.492066,38.208989,31.349696,37.843332,36.613920,29.315536,37.591918,28.912632,37.405743,41.685638,31.174146,34.374830,32.764303,36.040228,28.423926,34.659824,46.451723,32.899594,40.145806,40.282108,32.373777,39.615566,40.526902,36.313164,35.870634,46.351891,35.675949,26.357862,29.808847,37.190846,32.126353,39.770492,43.206289,38.279945,41.422321,33.142430,40.408836,39.023648,0.000000,20.973592,30.998833,35.349478,26.335621,38.915360,31.940673,31.152008,30.791146,37.698660,30.147647,23.677400,36.424981,32.286661,28.187899,24.682234,30.326667,24.154236,31.407211,32.464148,29.400828,31.386401,32.516862,34.973096,32.123931,35.804322,33.578796,28.353297,25.233108,30.494660,26.571341,38.164582,30.133648,35.803328,29.816423,36.359874,32.549899
Cục Sở hữu Trí tuệ,36.075616,37.455693,35.316370,36.170443,36.661248,33.074035,31.547618,38.110042,34.646507,32.949444,33.420377,33.210640,33.100953,34.684047,34.728801,31.493189,38.149429,32.161648,25.943861,32.212772,34.487871,35.737829,32.944324,34.655319,31.247015,26.770621,32.153111,36.717742,38.023218,32.655029,31.438247,34.561294,38.397535,30.281960,36.695851,33.243091,30.489004,31.609251,27.572280,36.839837,35.133734,35.786753,30.396856,35.568991,33.980519,30.641303,36.093541,39.748457,27.195523,30.994601,34.956573,31.325720,33.179549,28.414474,34.150886,34.447263,26.864207,35.340497,26.994990,35.695004,38.218442,29.038711,30.076332,28.624921,32.324530,25.905817,32.000978,38.890596,30.288379,34.514397,38.588489,28.060839,37.002313,37.488551,32.477479,31.865662,39.182945,34.118394,24.953363,27.849533,31.473135,35.574230,35.377154,37.170409,37.132717,38.311262,32.682436,38.788459,36.709311,21.728812,0.000000,33.473586,31.403697,23.074798,37.599051,28.572045,28.004901,33.403291,35.540021,33.779086,18.877566,33.724549,29.613566,21.235847,24.432624,26.888358,20.511676,32.639784,34.060681,27.831017,30.076273,25.301937,30.636651,28.814068,33.702985,31.019316,27.504016,21.497882,28.480902,26.565128,37.073733,24.687207,35.034415,25.167025,35.560509,28.106413
WinMart+,41.157609,43.908698,39.389581,41.136563,43.662050,36.894407,39.605228,45.279232,39.730813,38.947264,37.894598,43.858117,37.470700,38.965157,41.260838,37.136154,44.178383,36.385667,30.018205,43.240313,41.534858,45.117754,40.422541,43.479912,35.790953,32.836377,39.107350,41.047541,44.458689,39.678882,37.309905,43.354765,40.825383,35.017115,40.458084,39.109396,34.250228,39.897521,32.120219,41.402596,42.000254,44.922170,37.090804,39.178984,40.131242,34.784012,44.824973,41.935698,33.856078,32.585965,41.769405,34.259846,38.892723,33.708096,39.203362,37.193165,32.541523,38.255219,26.768801,40.983955,43.213247,33.650728,35.224703,35.337063,35.667792,32.788077,37.506988,48.603663,32.451242,41.070398,41.447430,32.331357,40.570289,41.755822,35.977636,33.291127,48.393284,44.650506,31.415743,32.776924,35.743504,32.123050,45.118942,44.538972,37.712939,42.732568,28.477175,39.855043,39.838490,29.632246,29.333468,0.000000,32.594009,28.499900,38.338244,34.755181,34.189457,30.152509,38.330656,28.740527,33.253369,37.523352,34.404875,36.995236,25.691906,34.138412,31.203518,34.859008,33.816851,31.457498,32.968535,37.570163,36.976761,34.446784,37.540194,35.176337,33.535993,29.006547,32.682644,32.766833,38.419083,34.394160,35.902192,32.062270,36.480768,35.749229
Kho bạc Nhà nước Đống Đa,38.066576,40.097412,36.836915,38.128962,39.347666,34.480234,37.204480,41.103004,36.367665,36.363240,34.712030,40.717543,34.675862,36.142572,36.848185,35.121930,40.784422,33.475974,28.977865,40.443571,36.692303,42.097676,38.104415,37.311293,37.113641,31.071953,36.858528,38.491211,40.780521,34.797559,35.556620,40.692941,38.618554,36.554724,38.257027,30.356778,35.558493,37.806281,34.251237,39.321523,28.496329,42.032144,35.428094,36.947846,38.204153,31.373221,42.088625,39.737043,35.648309,33.880524,31.128231,30.237998,37.149901,35.808740,27.694304,35.478894,35.099112,36.503880,30.652042,38.971696,40.410604,35.333188,34.032929,37.492881,32.377000,35.645754,26.441424,45.387623,34.357737,39.162894,39.687890,35.741099,38.557189,39.351983,22.889643,20.834828,45.341796,42.655512,33.971363,34.656091,28.985389,36.943041,32.883430,42.286185,36.640021,40.316904,31.904159,38.433825,34.366934,37.900418,32.724078,37.982857,0.000000,36.547645,37.188120,36.401229,35.920249,26.086492,36.679647,29.883068,34.158580,35.450242,35.775537,34.458202,34.087587,36.114191,36.164986,39.469883,22.944855,32.883514,38.476587,39.874153,38.315437,36.402351,40.196383,36.300774,39.877113,33.611036,34.246228,37.479395,37.687043,37.630798,35.377349,35.806417,35.941188,37.976894
Tịnh Cafe,40.477307,42.699864,39.015341,40.465902,42.331714,36.876813,39.202926,43.788144,39.203024,38.588090,37.679104,42.826880,37.338961,38.577561,40.284388,37.088542,43.066382,36.459971,26.647407,33.111283,40.390433,43.999770,39.946203,41.637937,33.290607,33.503945,33.366887,40.464684,43.232080,38.800631,32.460947,42.515931,40.341155,32.302306,40.011468,38.536429,31.665084,32.495328,29.160063,40.896665,40.827671,43.890680,31.375610,38.853722,39.754453,35.300866,43.854788,41.368330,31.040129,31.839545,40.670686,33.126093,38.652079,30.346047,38.694693,37.050534,28.679541,38.030866,29.704819,40.581415,42.350796,30.383224,35.733591,31.154213,34.644337,27.958113,37.367086,47.205164,31.813665,40.619178,41.004687,30.758503,40.114713,41.110837,34.936488,33.034916,47.075134,34.858179,26.465291,29.233002,34.960331,34.515393,43.482615,43.747502,37.660291,41.997992,28.866831,39.643258,39.447851,26.890372,22.792735,30.065642,32.405983,0.000000,38.240417,30.862309,30.249644,30.237234,38.114498,29.168448,24.163307,36.919479,31.415097,26.848698,25.181886,29.462664,24.523616,30.811494,32.421130,29.084726,31.602953,32.641492,33.167127,31.045441,35.890902,32.638548,28.584949,25.418698,29.941446,31.122128,38.359617,30.288947,35.946124,29.921374,36.502806,32.636316
Trường Mầm non Yên Mỹ,42.235854,43.979442,38.313852,36.515801,43.335366,40.861476,42.479311,37.459961,41.369256,41.646666,42.074665,42.897705,41.324626,34.820198,42.277496,42.223108,37.054667,41.911367,37.562988,42.446579,44.016897,41.170560,39.695695,42.526483,40.206071,41.204131,42.551533,36.308235,38.085888,41.524169,38.472101,41.091260,34.610549,41.455977,35.560796,43.077532,42.237982,39.243184,40.172631,38.139218,44.065646,43.414549,40.659050,36.183618,38.530616,40.376760,43.409731,36.517551,41.181986,40.178310,43.939923,42.508331,24.047404,40.715247,42.805724,34.303548,39.265058,28.648130,41.798655,40.079192,39.953742,40.682108,44.106048,41.364555,42.288756,40.446255,37.946029,46.601767,42.334082,23.706606,35.279962,40.940474,39.748983,38.610125,43.254799,42.068372,25.515249,43.616411,40.673964,39.408131,44.837962,44.120419,45.094396,23.959384,16.518101,38.696461,43.702128,17.724596,34.020603,44.004683,39.733138,44.277109,43.644776,43.394666,0.000000,40.632348,39.302280,43.276438,35.829119,44.437076,40.232163,34.871346,37.618001,40.199741,41.117031,40.744984,40.911315,44.483320,40.223586,38.021763,43.896487,40.230027,41.482339,40.604579,43.976196,41.083908,43.449608,40.831485,39.049943,44.011185,37.106875,42.016961,34.616085,41.044245,35.238988,41.366404
WinMart+,39.726623,35.348496,38.477668,39.716281,41.269441,35.118128,32.839338,42.614863,38.571311,35.596326,37.274700,35.521536,36.988912,38.041637,39.414677,33.405383,41.997704,36.234867,28.100632,34.333191,39.409079,38.393255,34.724537,40.313603,35.351447,29.247096,35.005187,39.766893,42.091833,38.030622,33.350759,36.638508,41.044213,34.533756,41.556915,37.911288,32.495581,33.230206,31.524463,38.984214,39.812099,38.398616,31.878812,38.350453,35.578975,35.282780,38.636598,43.045540,27.602868,32.452572,39.698473,35.268836,34.545657,33.099410,38.083616,36.706796,31.814690,36.291775,30.956463,37.906684,41.442284,30.849553,35.684738,34.660705,36.623590,31.912895,35.310638,42.326382,33.313423,36.135011,41.041125,34.663933,39.496139,40.356960,36.866540,36.578104,42.508047,35.988706,24.551563,28.988227,37.970311,33.873100,39.848908,39.399442,38.621873,41.171288,34.704883,41.014715,38.897773,32.045966,25.885193,34.652680,36.165457,30.324234,39.323201,0.000000,29.589233,35.240103,41.268052,34.112481,26.220742,39.590288,31.473464,25.235650,32.841781,27.790405,28.438639,37.578334,36.683622,28.336310,35.607337,28.769459,34.705655,30.883869,39.368638,33.162043,36.463551,29.210337,29.380607,31.638332,40.325640,31.824807,37.619165,30.480017,38.178385,31.683728
5050 Rooftop Cafe & Pub,31.555587,31.903831,37.823367,38.880790,40.087992,31.544327,29.906163,41.351193,37.778483,31.377300,36.617559,31.575370,36.369039,37.352972,38.377922,29.593772,40.921610,35.660457,22.669051,30.258825,38.283825,34.781134,31.510833,38.928025,24.658602,23.460821,30.225268,39.005816,40.955060,36.979833,29.618750,33.461454,40.163929,23.116890,40.646971,37.020415,27.859508,29.971690,31.638261,33.210782,38.689939,34.906071,28.273092,37.755481,32.916142,34.739843,35.289854,41.863584,22.891606,29.077435,38.604456,34.810387,32.047739,32.896532,37.274182,36.268989,31.860938,35.910863,31.161195,35.273033,40.524850,24.971590,34.980678,34.056514,35.925359,31.974939,34.965083,38.715075,26.746413,33.556774,40.219201,34.034786,38.865000,39.581649,36.151769,35.840301,39.100621,33.031503,27.108597,21.955666,36.720970,33.518729,38.816154,36.552427,38.194141,40.344849,34.191276,40.366770,38.333600,32.055318,27.434858,34.161535,35.480506,30.758731,38.827295,27.204041,0.000000,34.721301,40.516401,33.781157,27.786374,38.548843,23.718611,27.170232,32.699689,29.308083,29.497348,36.479935,36.048893,23.725786,34.880979,29.562007,33.946085,31.228073,37.951641,26.140504,35.507736,29.773748,29.873755,31.739172,40.009322,31.903088,37.450402,30.777316,37.987537,31.784811
Thuế cơ sở 4 thành phố Hà Nội,38.180712,40.196738,36.940052,38.239901,39.470706,34.641436,37.299142,41.195554,36.521236,36.493961,34.880941,40.789493,34.852514,36.268008,37.024911,35.244924,40.869082,33.690924,29.142413,40.515522,36.884259,42.153852,38.183760,37.518679,37.236695,31.268393,36.966369,38.578459,40.872926,35.066197,35.656739,40.757062,38.698251,36.685444,38.336832,32.403885,35.666207,37.883341,34.412571,39.385826,37.616245,42.089390,35.535807,37.042724,38.275768,31.676827,42.145847,39.801783,35.789815,33.976969,31.473506,30.610298,37.213602,35.965928,34.343208,35.563055,35.294873,36.573942,30.121089,39.033514,40.482864,35.467865,34.362913,37.665660,32.740730,35.868457,32.088740,45.418847,34.511413,39.219308,39.736490,35.994473,38.627557,39.415367,33.166298,29.529281,45.380733,42.689950,34.159773,34.798538,30.097054,37.265396,37.244369,42.327599,36.697477,40.380225,26.877096,38.487974,36.641934,38.138488,32.957761,32.542960,28.238252,31.934601,37.238307,36.547284,36.066357,0.000000,36.749655,24.435502,33.254659,35.496164,35.898706,36.059905,28.134782,36.283334,31.721495,32.330292,21.851888,32.991299,33.022060,36.465731,38.446311,34.196237,38.389066,36.408635,38.100683,29.842064,34.365831,34.874549,37.721179,35.685079,35.411162,33.699291,35.967678,36.529513
Trường Trung học cơ sở Lĩnh Nam,48.866029,52.513081,44.054188,37.177386,40.679176,46.414618,52.035656,38.996878,38.246930,48.234011,38.589997,51.622423,39.194827,34.693021,39.296432,48.546439,38.388930,39.425471,34.889174,50.094909,41.531946,48.596449,46.003201,40.481057,45.099965,38.578773,48.970643,33.700445,38.067182,39.102902,43.335692,47.979020,41.683527,46.801177,42.691998,38.395032,48.306003,44.462376,39.165935,43.869024,38.115944,50.741176,45.688624,31.670256,43.594721,37.784558,50.296137,46.217469,46.110680,44.527292,39.258094,36.936326,42.203649,45.271789,36.864750,24.886005,38.173860,36.916938,34.833581,44.846735,34.760834,45.073684,40.332980,45.852761,38.022654,44.323427,38.995042,54.282683,47.341503,43.704242,32.700858,40.054554,34.741972,30.309797,38.868728,37.868489,53.569672,48.469473,44.357835,42.735919,41.699988,40.823367,41.137833,49.108576,36.299266,27.677800,40.268370,39.488792,18.728058,40.867675,38.605887,41.063485,40.491821,40.235771,37.116421,44.012258,42.480031,40.031335,0.000000,41.374423,38.937909,25.043721,40.227352,43.603213,39.208939,44.337229,44.464842,41.487859,36.209887,40.468060,40.962871,43.424886,45.039555,43.927868,42.156675,44.015224,41.990422,43.954198,41.689542,41.196234,34.774829,45.463874,32.367010,40.009852,33.027546,44.478672
WinMart+,41.404178,43.891649,39.766522,41.376443,43.669404,37.641109,39.919430,45.110512,40.186095,39.434291,38.594734,43.815309,38.240568,39.408780,41.601951,37.722100,44.120821,37.399788,31.192700,43.243273,41.859676,44.968531,40.637928,43.514432,36.821053,34.040431,39.513311,41.240602,44.370651,40.454816,37.797257,43.350060,41.010996,36.200095,40.674247,39.816997,35.226635,40.161741,33.707606,41.527248,42.217809,44.803584,37.584969,39.508558,40.331232,36.445534,44.721686,42.038165,35.177294,33.476288,33.426449,32.654530,39.160009,35.283096,35.774941,37.544235,34.476464,38.542011,30.213255,41.156714,43.224289,34.877115,37.336099,37.013710,34.834169,35.102807,33.498866,48.224607,33.945095,41.202301,41.541217,35.094319,40.722931,41.849043,35.210861,32.402673,48.052319,44.585668,33.313894,34.141034,35.618129,36.152688,38.742478,44.458557,37.960561,42.750268,25.726160,40.035576,39.964628,37.387307,31.873976,34.271904,31.407414,32.762294,38.571492,36.080440,35.576435,25.276502,38.594688,0.000000,34.191952,37.557133,35.493174,37.470544,27.727963,35.732511,32.273573,34.031591,30.484732,32.495620,34.340498,38.014789,38.110912,34.972713,40.559538,36.080609,40.056406,29.926317,38.108826,36.224397,38.566877,36.803679,36.079216,34.299980,36.643388,37.504289
WinMart+,40.296337,42.105268,39.056825,40.271366,41.730980,37.338828,39.191263,42.973075,39.237789,34.975307,38.011899,34.944251,37.741401,38.664667,40.074811,33.358870,42.467679,37.083561,26.234198,34.003501,40.142883,37.331794,34.390873,41.043918,32.533309,27.246737,34.360794,40.271590,42.579931,38.942831,33.279265,35.995128,40.193716,31.514142,39.901957,38.724638,32.662299,33.239787,28.439920,40.681244,40.489258,37.410585,32.181227,38.888315,35.192170,36.351580,37.650613,41.305513,30.270584,32.613049,36.607371,36.200012,34.322325,29.468275,38.790725,37.201323,27.777482,38.094106,32.363128,37.184209,41.900057,31.576900,36.858855,30.031104,37.538769,26.891775,35.993904,40.688219,33.068602,35.684962,39.858196,29.546297,39.946291,40.806478,37.770273,33.312330,40.903672,35.541950,27.924384,30.441609,39.138563,36.181427,37.058064,38.447333,38.053476,41.595851,32.537585,40.072413,39.294766,21.502266,22.064831,33.566849,32.836278,23.093983,38.650384,31.673077,31.030034,33.382609,38.162835,33.964760,0.000000,36.594623,32.034645,25.246405,23.770989,30.365774,19.993688,32.381160,34.074702,29.521714,31.647786,25.706145,34.092913,25.771877,36.471862,33.204231,28.354002,20.858303,30.477286,26.334462,38.409636,24.700756,36.107684,25.250168,36.642613,28.842060
WinMart+,50.857226,55.462637,45.677710,38.680507,42.523511,39.357442,55.437488,41.176114,39.322669,50.191527,40.063148,54.560201,40.560576,35.836636,40.574255,50.327063,40.721253,40.717505,35.453683,52.420912,43.124423,50.780816,47.640568,41.723598,46.243238,39.634588,50.776903,35.518879,40.584107,40.143490,44.483379,49.879023,44.016478,48.091814,44.999668,39.508151,49.907668,45.733343,40.013191,45.268905,39.275661,52.891104,46.826999,33.179757,44.604824,38.502541,52.211416,50.251884,47.120616,45.367445,40.330619,37.659232,43.022893,46.153713,37.686336,25.248445,38.756307,39.246976,35.173156,45.861868,37.877706,45.895294,41.327074,46.704007,38.655040,44.956593,43.876627,56.461149,48.420539,44.563700,34.045012,40.676390,38.609897,33.039734,39.656124,38.412092,55.441936,49.397701,44.871959,43.139280,42.565148,41.592976,42.176837,50.302172,37.016340,30.648490,41.004239,41.160578,23.502023,41.533983,39.001119,41.829363,41.085203,40.797113,38.072727,44.417998,42.833252,40.588434,25.626784,42.094648,39.320376,0.000000,40.391937,44.022116,39.646314,44.808812,44.914051,42.181995,36.486549,40.558055,41.516911,43.754141,45.487689,44.286803,42.697633,44.243060,42.497817,44.235043,41.815769,41.701391,35.145758,41.307605,32.399451,40.321620,33.094253,44.749551
Cửa Hàng Tiện Lợi BV Mart,32.555214,33.037503,32.246540,38.602950,39.656815,32.729431,30.989096,40.817567,37.583883,32.755159,36.536903,32.852408,33.817557,37.190067,38.099702,30.991693,40.470123,35.678815,23.991284,31.663703,37.983546,35.769436,32.586897,38.520773,26.275049,24.821478,31.813188,38.738334,40.481014,36.808719,30.996127,34.411788,39.806304,24.915465,40.259294,36.880041,29.661615,31.171006,24.558099,34.017004,38.352884,35.869766,29.708779,37.586517,33.757942,34.872895,34.508636,41.332137,25.259065,30.373312,38.289891,34.913040,32.878991,26.066054,37.104757,36.176154,32.472233,35.862671,31.786974,36.409357,40.137646,27.492955,35.107241,34.334515,35.892082,32.681402,35.061167,39.204027,29.224493,34.346832,39.871881,34.352137,38.616657,39.265096,36.103619,35.822446,39.567522,33.934631,29.074672,21.644757,36.573857,33.866103,38.509903,37.644225,38.056595,39.991373,34.432411,40.092598,38.109679,32.837361,28.917061,34.418271,35.516166,31.632227,38.659724,30.371711,22.893921,34.855575,40.173712,34.060642,29.291734,38.014805,0.000000,28.869813,33.208042,30.817559,30.760817,36.386484,36.001456,21.925294,35.031393,30.611005,29.244438,24.417650,37.644851,25.467374,35.534103,30.616973,26.556161,32.277044,39.866662,32.494855,37.404330,31.436074,37.926770,32.331190
Đảng uỷ - HĐND - UBND phường Thanh Xuân,37.487237,33.629653,36.502098,37.514066,38.509527,33.335473,31.453220,39.920859,36.179370,33.453784,34.926276,33.515517,34.637926,35.909654,36.571020,31.574557,39.639618,33.746895,26.763752,32.318806,36.343988,36.461295,33.126461,36.809433,32.860931,27.753918,32.548553,37.814278,39.611979,34.657506,31.564573,34.997834,39.337584,31.935473,39.858818,35.025749,30.305470,31.677129,29.104677,37.494226,36.882998,36.542482,30.215057,36.572531,34.243976,32.379934,36.857951,41.022406,25.693964,30.878433,36.786067,32.810903,33.318225,30.135276,35.578364,35.257290,28.677763,35.116834,28.481842,36.419119,39.379442,28.165835,32.208402,30.804384,33.899930,28.141226,33.377532,40.292394,30.067158,34.825473,39.473234,30.480898,37.890721,38.513390,34.136683,33.627398,40.595664,34.524033,21.326699,26.414662,33.876012,30.634169,37.142209,37.874156,37.564324,39.337539,31.336026,39.727745,37.484514,27.373709,23.303836,34.642396,33.190517,27.128054,38.189225,27.422657,26.564037,32.422812,39.914288,34.805503,22.786346,37.979986,29.193037,0.000000,29.458783,24.300076,24.378965,34.113433,34.545389,27.033616,32.146586,25.638205,30.531645,17.231164,35.883432,31.091087,32.653423,26.781884,27.625795,29.211686,39.671832,28.839270,37.134947,28.099304,37.679319,29.238469
Starbucks,41.362346,43.517469,39.915904,41.327790,43.280898,38.128417,40.014951,44.545778,40.321416,39.669737,38.974623,43.470370,38.689910,39.595597,41.531199,35.453998,43.744372,38.032242,32.290765,36.151988,41.712408,44.510887,40.650367,43.007657,31.912040,35.030625,36.812611,41.192513,43.940866,40.590318,35.395299,43.089631,40.993379,30.955524,40.694653,40.052061,35.201161,35.088278,28.184181,41.464226,42.009940,44.405404,34.284531,39.642660,40.366660,37.435891,44.346525,41.937311,32.250905,34.557692,37.502353,37.077351,39.285790,29.050939,39.920370,37.756168,27.553150,38.688632,32.704032,41.163201,42.971675,34.775444,38.361049,29.467290,38.694194,26.837959,36.660436,47.512606,36.369894,41.162483,41.123061,29.062272,40.690473,41.718793,38.944203,37.523865,47.401191,37.070111,32.303594,33.871406,41.419603,37.635484,40.878576,44.153382,39.062549,42.544814,33.043652,41.183177,39.939070,23.039013,22.770622,34.869320,37.096025,29.727604,39.691818,35.563827,34.929553,34.112352,38.726525,35.190623,22.311130,37.405029,34.984351,32.004216,0.000000,35.009080,22.165544,33.377267,34.822300,31.712894,30.283771,32.510073,38.084522,30.266354,37.897168,35.732619,25.688041,22.835456,35.915697,23.880626,38.656185,29.089533,36.242875,28.830299,36.792677,32.558590
WinMart+,37.945858,33.988371,36.967088,37.964353,38.991860,33.725194,31.884439,40.303495,36.752920,33.897700,35.575897,33.910326,35.318807,36.425502,37.199203,32.124508,39.992031,34.526429,27.718605,32.819635,37.023915,36.635773,33.474395,37.536803,33.717248,28.714305,33.115048,38.194250,39.987640,35.551006,32.107838,35.232944,39.353541,32.913776,39.852132,35.782307,31.076912,32.150453,30.333647,37.585727,37.493750,36.718226,30.848900,36.982244,34.478325,33.394430,37.003286,40.955264,27.015742,31.411739,37.413714,33.656922,33.581837,31.421978,36.202206,35.620472,30.231964,35.265998,29.806657,39.373155,39.699947,29.385425,33.402462,32.276333,34.706810,30.047735,34.041166,40.271017,31.124129,35.029867,39.474199,32.111089,38.191309,38.830692,34.938296,34.527767,40.566770,37.492818,24.688419,22.307213,35.016078,31.956474,37.709635,37.950961,37.641201,39.617469,32.613531,39.736933,37.742315,29.734961,25.622490,32.613107,34.144662,28.986154,38.251304,22.497231,20.886472,33.415044,39.885174,32.416112,25.889135,37.843724,27.446026,25.185966,31.004791,0.000000,27.401150,34.849347,34.970919,25.357536,33.218753,20.182593,28.233103,16.737497,36.335466,30.478088,33.695310,28.419767,25.640405,30.442585,39.673077,30.353705,37.180724,29.481272,37.717886,30.486513
WinMart+,41.315890,43.271240,39.983970,41.281691,43.027431,38.395848,32.656841,44.185085,40.374781,34.822858,39.165454,34.770294,38.919271,39.678533,41.454809,33.087429,43.492484,38.353112,26.451380,33.777333,41.597870,37.276163,34.217619,42.709537,31.918114,35.595017,34.154348,41.146751,43.658447,40.620885,33.057305,35.887925,40.970415,31.015016,40.686864,40.151441,32.307075,32.998611,28.418977,38.068352,41.857505,37.347225,31.864727,39.710608,35.070575,37.901293,37.602080,41.396739,28.662669,32.334312,37.892287,37.511782,34.179191,29.239469,39.996363,37.881240,27.878942,38.770112,33.907918,37.127677,42.797086,31.054938,38.782438,29.656270,38.945395,27.282343,37.058772,40.760438,32.692882,35.577687,39.889289,29.313262,40.652607,41.613188,39.173338,37.958838,41.018196,35.419747,26.834513,29.798877,41.312924,38.224610,40.879037,38.427660,38.011607,42.386568,34.528470,40.103741,39.915882,24.398172,23.574798,36.486246,37.607573,32.575128,38.623288,31.082795,30.386085,35.356945,38.800550,36.523970,20.631358,37.288759,31.628363,23.085586,26.322647,29.507476,0.000000,35.775496,35.703292,29.055499,32.015496,22.028325,33.717439,23.518808,36.793692,32.928430,26.630259,18.988607,32.347991,26.496729,38.724160,22.905462,36.355189,23.826004,36.897956,27.478162
WinMart+,41.891055,44.394960,40.223187,41.847988,44.257956,38.247368,40.335407,45.607056,40.775047,39.971784,39.237907,44.215170,38.907870,39.931557,42.290957,38.213395,44.546473,38.173757,31.743615,43.620371,42.622267,45.313206,41.015148,44.354706,37.374069,34.715603,39.205101,41.641101,44.819484,41.447389,37.508326,43.696030,41.358642,36.806765,41.037442,40.627167,37.745542,40.513497,34.398960,41.843934,42.902770,45.151064,36.454857,39.909459,40.647466,37.500488,45.046284,42.363403,35.810792,36.569881,42.728585,36.608207,39.475695,36.032014,40.377955,37.877018,35.340917,38.869428,31.559890,41.470288,43.601876,37.939802,38.708662,37.877479,38.513598,36.131503,36.271488,48.511158,39.535428,41.487922,41.803500,36.284501,41.035523,42.192937,38.786079,37.076819,48.324193,38.615135,36.636375,37.273304,41.971034,37.799324,45.495805,44.728573,38.181697,43.078641,31.466245,40.265609,40.226973,31.952789,32.867449,36.443404,36.534456,32.001632,38.793233,39.272682,38.677746,32.987986,38.899279,32.853320,33.958537,37.834189,37.905210,38.273440,24.006382,39.378359,31.352271,0.000000,33.649581,34.060422,34.031280,39.032201,41.717832,34.991657,39.078893,38.247247,38.453337,32.656519,38.575612,31.384170,38.703339,34.196351,36.208376,31.124699,36.772899,35.973057
Phường Ô Chợ Dừa,34.488605,36.101617,33.724444,34.647893,34.950464,33.638154,34.380778,36.858820,32.544064,36.125783,30.498552,37.313375,34.201500,32.478702,32.298240,35.451457,37.041694,32.894602,31.046827,37.351543,31.182356,38.868028,35.394906,35.518150,36.002074,31.060230,36.574908,36.911746,36.364468,33.663638,35.464960,37.745549,35.690926,35.481651,35.311575,30.819641,34.830715,35.161657,33.585106,36.880925,29.061794,38.770953,35.358962,36.770682,35.887636,31.282808,38.970423,36.782735,34.836813,33.911437,28.855966,30.518553,34.972693,34.803233,28.492219,33.020296,34.149776,34.026892,29.767586,36.480956,36.882557,34.553451,33.016015,35.863595,27.417182,34.375240,27.106316,41.942532,33.692856,36.888620,37.296706,34.317088,35.860786,36.252098,24.270092,25.933455,42.089234,40.175308,33.319314,33.969666,30.176922,34.736145,29.768286,39.750072,34.935122,37.235417,27.571869,36.333657,34.564187,35.685452,32.374234,31.135851,23.916934,30.933328,35.303858,35.283228,34.901896,23.387949,36.374753,26.586476,32.474256,32.756499,34.941134,34.872471,28.437750,34.950100,31.271547,30.900013,0.000000,32.609163,32.127138,35.170448,36.759282,33.476359,34.673037,35.465303,34.599452,29.775778,36.453593,31.772069,37.436443,33.041727,35.201344,31.569781,35.759720,34.276685
Chợ Xanh Văn Quán,37.258989,30.944283,36.487052,37.264573,37.910540,30.695655,29.481064,38.992369,36.263808,30.434618,35.337292,30.613772,35.123440,35.993343,36.522037,29.226670,38.913501,34.515939,29.094393,29.629802,36.360900,39.709076,30.675226,36.685860,33.912497,29.954433,29.517076,37.500357,38.871147,35.229753,27.505310,37.453886,38.449103,33.314571,38.880116,35.446380,27.994670,27.961010,31.456280,39.644972,36.742028,32.458197,28.831590,36.515504,35.410398,33.666234,32.859297,39.687337,24.810358,29.026042,36.698814,33.837743,34.547299,32.277512,35.771056,35.308169,31.544088,35.049297,31.094454,34.436898,38.743273,29.320314,33.690428,32.967072,34.615655,31.556251,34.082894,37.373334,27.282762,35.038561,38.590796,32.885135,37.537025,38.031708,34.809077,34.489524,37.896107,31.824391,28.765046,22.800298,34.812312,32.717164,36.939936,36.253307,32.951989,38.707059,33.155581,33.669261,37.125398,31.586617,28.684484,33.127318,34.213051,30.825131,33.330462,29.387919,28.690831,33.680714,38.990807,37.709190,28.995093,36.537046,22.769620,28.607881,35.178670,29.980395,30.045682,37.611712,37.012594,0.000000,36.579899,32.522889,23.296294,30.068700,35.695274,18.730512,33.867404,30.105074,24.572929,31.528325,39.244206,31.595789,36.990268,30.848600,37.490336,31.521601
Noble Moment,41.694622,43.748372,40.286382,41.652487,43.558490,38.700473,40.353032,44.716123,40.762406,40.112038,39.522896,37.630665,39.269601,40.009902,41.957443,36.217885,43.924165,38.726198,33.049307,36.887387,42.152318,44.612444,40.934793,43.387194,33.878330,35.808190,37.625728,41.469860,44.120782,41.221555,36.153610,43.252440,41.248097,33.112795,40.964765,40.637942,36.117843,35.775143,30.661245,41.680596,42.395654,44.515598,35.086702,39.980600,40.612741,38.342166,44.456697,42.146726,33.444758,35.288951,38.250013,37.868441,39.568877,31.726376,40.404080,38.078554,30.642890,38.983529,34.159254,41.389970,43.157826,35.934266,39.370000,32.589395,39.392050,30.532763,37.328281,47.485076,37.473897,41.370516,41.451805,32.463618,40.911053,41.925377,39.621261,38.384199,47.381437,37.587091,34.004777,35.145138,42.143700,38.842152,41.319941,44.247662,39.371549,42.705918,34.887830,41.471090,40.132724,30.078309,26.860499,37.242106,38.017906,32.897069,40.001604,36.889766,36.301916,35.783631,38.998503,37.183274,30.531128,37.556573,36.050414,34.510708,27.373228,36.603929,26.594913,32.320816,36.074298,32.645726,0.000000,35.085525,39.273108,32.219670,27.431408,36.622338,24.439925,20.552512,36.845283,21.271929,40.700152,27.987067,38.019894,27.935912,38.560101,32.444573
WinMart+,42.503635,44.451579,41.132342,42.436891,44.353402,39.833750,33.891271,45.371187,41.748029,36.513769,40.662013,36.347425,40.448269,40.942613,42.981669,34.660944,44.524500,40.064625,29.592360,35.422839,43.211615,38.686260,35.531667,44.424669,35.886276,37.200115,36.080832,42.158641,44.743913,42.579167,34.602010,37.163868,40.995778,35.258283,41.456784,41.874346,34.201586,34.356541,32.928855,39.174395,43.361513,38.718676,33.377456,40.745127,36.154222,40.013333,38.911919,42.737343,30.718472,33.750987,39.672365,39.355503,35.207438,34.252980,41.459367,38.783901,33.431302,39.640576,36.463584,38.267235,43.731828,33.449551,41.214083,35.584224,40.761062,33.822071,38.577408,42.132255,35.284714,36.630171,40.987926,35.683304,41.478822,42.509966,40.963364,39.970812,42.314830,36.595928,29.935450,32.301967,43.701014,40.921144,42.327904,39.548723,38.830505,43.222012,37.667515,41.032616,40.632724,33.983064,29.554796,40.527865,39.696815,36.948089,39.481609,34.102864,33.353385,38.372682,39.617040,40.109369,30.208521,38.028548,33.843437,27.934657,33.735702,33.076861,25.701180,40.599026,38.156248,30.532643,37.840933,0.000000,37.060349,20.674258,40.808687,34.853877,34.585011,25.929775,30.941751,30.830775,40.394734,28.760444,37.801001,27.798965,38.340127,29.312778
Co.opmart,39.017200,35.383255,37.998798,39.011151,40.167897,35.184742,33.241196,41.354955,38.002269,35.565482,36.925264,35.458657,36.700487,37.566064,38.595351,33.829440,40.931869,36.067820,29.346204,34.519785,38.507556,37.820811,34.797620,39.130166,35.367124,30.365351,35.071514,39.105839,40.973641,37.348771,33.792215,36.404841,40.203553,34.731875,40.663991,37.351697,33.225075,33.639919,32.465305,38.467042,38.868005,37.879078,32.615259,37.908580,35.526202,35.291504,38.757660,41.820586,29.809579,35.741803,38.799193,35.277729,39.376629,33.675387,37.534930,36.438216,32.838589,36.104981,32.062201,41.430357,40.550541,32.269356,35.604288,34.852432,36.323654,33.119266,35.352182,43.855493,33.968328,39.858756,40.243766,34.895534,38.933099,39.628265,36.536701,36.278320,43.748769,39.370310,29.313977,24.443362,37.191488,34.294142,38.989096,41.246056,38.303699,40.361570,34.898701,40.402185,38.382586,33.372904,29.087025,34.869874,35.964748,31.970370,38.922634,31.001419,29.676443,35.266527,40.509172,34.443606,29.485982,38.413750,26.723427,29.034512,33.622073,31.210558,31.084555,36.967142,36.393596,24.240642,35.543745,39.306456,0.000000,24.179539,38.278351,31.744030,36.141349,30.818533,24.106031,32.561093,40.027618,32.847720,37.520247,31.681925,38.050630,32.608138
WinMart+,40.776068,34.498841,39.698165,40.736232,42.054894,34.312151,32.608412,43.036600,39.981947,34.539495,39.017575,34.478278,38.832779,39.394174,40.770630,33.008913,42.549045,38.388996,29.033332,33.584472,40.807833,36.749218,34.009885,41.581447,34.373728,36.173365,33.925180,40.649539,42.653538,40.014398,32.989000,35.527971,39.143013,33.737963,39.596443,39.735985,32.320492,32.935413,31.674934,37.579099,41.037711,36.840990,31.931753,39.456847,34.817500,38.043893,37.088269,40.540671,29.231615,32.332150,38.035481,37.730519,33.994685,32.646157,39.620394,37.802058,31.830069,38.608553,35.179462,39.170338,42.032778,31.282056,38.711456,33.488112,38.790253,31.927147,37.358434,39.961863,32.655129,35.294309,39.257608,33.465187,40.235213,41.035839,38.987532,38.086252,40.234861,37.517954,28.581423,26.604179,40.391787,38.321943,40.363505,37.915309,37.643411,41.703364,35.866906,39.573089,39.541213,32.944851,28.531502,37.352976,37.826798,34.985914,38.208609,29.359826,28.440565,36.386276,38.631641,37.306381,30.367355,37.319090,30.579367,29.070251,32.530431,16.719486,28.122938,37.055924,36.445784,27.951768,35.165688,24.266160,32.806428,0.000000,37.530055,32.300857,33.104615,27.303395,31.299634,30.783561,39.578245,29.384849,37.204476,28.581916,37.719816,29.670279
9.0cafe,42.238098,44.592383,40.654203,42.187498,44.486875,38.926096,40.710939,45.723915,41.269127,40.482706,39.892731,44.362793,39.601896,40.406060,42.747419,38.784925,44.695399,39.012455,32.683906,43.790848,43.069287,45.376460,41.321908,44.664889,38.045276,35.675914,39.390320,41.933243,44.968555,42.154357,37.759478,43.850909,41.628215,37.569633,41.330013,41.288946,38.026473,40.847025,35.413691,42.067592,43.280392,45.230532,36.766692,40.284945,40.923502,38.665552,45.133376,42.572568,36.660557,36.850097,37.855751,37.414149,39.788628,36.997395,39.028766,38.250887,36.482597,39.193810,33.623958,41.719926,43.772553,38.257880,40.015484,38.821077,39.226269,37.409331,36.902301,48.407067,39.735740,41.710809,41.988120,37.706820,41.270719,42.406690,39.478040,37.967240,48.235522,38.749944,37.175882,37.667876,42.763456,39.433329,41.466252,44.807461,38.452726,43.239406,34.334769,40.492507,40.434865,33.847954,34.349709,38.333280,37.509327,34.533365,39.057373,39.526456,39.000676,35.520883,39.200713,36.451935,35.410271,37.984483,38.228254,38.809687,28.187986,39.652429,33.166106,41.843237,33.845443,34.525710,33.639839,39.470164,41.734406,35.755963,0.000000,38.501223,34.623575,30.197570,38.801985,23.405914,41.048794,30.690839,38.225161,27.648197,38.780866,33.980016
The Coffee House,39.297940,35.910788,38.309474,39.283961,40.427340,35.734013,33.815620,41.530275,38.367705,36.169086,37.367018,36.019361,37.165738,37.913119,38.969136,34.523817,41.106113,36.601379,30.164288,35.171347,38.910644,44.403965,35.303320,39.518938,35.977469,31.165207,35.784412,39.339292,41.148072,37.889281,34.480107,41.801998,40.383965,35.418477,40.821698,37.831465,34.102670,34.257486,33.365039,38.715654,39.224869,36.742870,33.813788,38.187255,39.313016,35.976483,37.652037,41.933047,31.085305,34.269533,39.164767,35.878306,38.522911,34.557162,37.936196,36.703008,33.881039,36.394293,33.028050,40.282726,40.716190,33.442282,36.360626,35.758435,36.862333,34.304868,35.856742,42.944849,35.018261,39.025136,40.400659,35.873765,39.118547,39.807167,37.069397,36.864146,42.929229,37.973939,31.264207,24.999157,37.847811,35.171741,39.324636,40.439955,38.499915,40.502843,35.723431,36.632413,38.542165,34.701074,30.652061,35.687792,36.588982,33.200328,39.111845,33.759496,32.688153,35.936605,40.611417,40.893641,31.089729,38.429685,27.442597,30.764266,38.463678,32.962876,32.605889,41.230177,39.419910,19.083371,40.057520,36.265573,25.376165,33.296740,38.805811,0.000000,36.930964,31.912157,26.186501,33.454515,40.116908,33.856158,37.631553,32.650555,38.154822,33.510577
Cục Tần số vô tuyến điện,43.171486,45.351099,41.632095,43.103712,45.352621,40.283662,41.600026,46.403648,42.432658,41.610925,41.248010,45.007830,41.012297,41.492609,43.926532,39.943256,45.366398,40.643446,34.301291,37.284102,44.290412,45.874489,42.103091,45.818313,34.436317,37.383430,38.121606,42.722839,45.654661,43.757555,36.556037,44.448973,42.349955,33.740264,42.090154,42.756209,36.610539,36.138241,31.429051,42.704935,44.392676,45.746382,35.519729,41.173091,41.620372,40.742711,45.633887,43.211105,34.104944,35.689408,39.746922,39.399125,40.529369,32.519808,40.528365,39.070060,31.575791,39.957946,36.654099,42.378331,44.416961,36.554473,42.312341,33.481684,41.054010,31.644180,38.484878,48.669516,38.113731,42.323502,41.814275,40.074621,41.923203,43.068656,41.272509,40.128144,48.498366,37.853723,34.917210,35.834961,44.887719,42.094197,42.767226,45.237364,39.679242,43.817752,38.148576,41.793675,41.010889,32.007437,28.176928,39.943716,39.808544,34.540459,40.316847,37.651357,37.086799,39.019323,39.918733,40.650203,32.689219,38.521652,36.640708,35.812179,30.656091,37.458362,28.823071,42.326043,36.940381,33.157775,31.138323,36.413160,39.942989,33.276325,41.969399,37.155906,0.000000,14.844144,37.349003,19.013472,41.374637,25.640474,38.566740,26.180497,39.115487,31.339587
Everything Coffee 'N Bagel,41.963803,43.748798,40.708007,41.906541,43.582788,39.438742,41.796575,44.572068,41.209183,36.177929,40.176149,36.028053,39.977421,40.474923,42.259748,34.515483,43.873385,39.578602,29.877021,35.171734,42.414885,38.194873,35.311602,43.444060,35.611820,36.972595,35.727165,41.692039,44.047252,41.728791,34.472270,36.830930,41.219760,35.037164,41.650827,41.191499,34.079268,34.257278,32.950933,39.480733,42.589093,38.256262,33.361797,40.369545,35.935259,39.429418,38.457430,42.879802,31.020382,33.689691,38.812067,38.489440,35.048878,34.100597,39.516407,38.517316,33.377554,39.351008,36.198445,37.918567,43.182849,33.395938,40.415517,35.219130,39.752793,33.721837,37.919444,41.434318,34.946949,36.381656,41.188801,35.302178,41.107320,42.047417,39.960531,38.975300,41.639648,36.346171,30.535981,32.423371,42.040003,40.085100,41.377221,39.111760,39.085138,42.737404,37.211542,41.229681,40.309551,32.889999,30.084994,38.127443,38.693363,34.600900,39.730046,33.910903,33.299382,37.826448,39.343145,38.750658,22.486689,37.613882,33.737424,29.416170,32.357624,33.080086,26.040964,38.727813,36.373787,30.798821,33.155261,27.630916,36.316794,27.069327,37.700074,34.638974,30.891712,0.000000,33.657937,25.839142,40.520533,23.558925,37.969275,23.873789,38.494413,25.809197
Starbucks,41.553023,32.485521,40.575041,41.533075,42.622554,32.298379,31.042743,43.443127,40.876699,32.228985,40.079798,32.372783,39.890371,40.335435,41.587273,31.032155,43.085318,39.602794,27.858339,31.515709,41.760971,34.589148,32.223039,42.379984,32.150268,37.606860,31.517484,41.367646,43.173865,41.177388,30.993841,40.451335,37.072792,31.507018,37.511959,40.822556,30.150662,31.179042,29.685811,35.741359,41.937327,36.202099,33.676126,40.285376,38.418567,39.531756,36.879465,38.158662,27.430091,34.083908,39.317322,39.132437,37.711527,30.356564,40.643846,38.613739,29.520863,39.362902,37.200213,38.729935,42.614418,28.961665,40.113618,30.769329,40.057074,29.244885,38.490179,40.976219,29.920163,38.153967,37.289995,30.519501,40.870645,41.647106,40.225668,39.529752,41.107974,36.913155,26.336512,23.408903,41.565415,39.920170,41.194150,39.337231,36.223887,42.241847,37.947055,36.223021,40.114698,36.041805,26.644068,39.442908,39.328346,37.601555,36.703243,25.998309,25.392442,38.431304,39.355712,39.281333,34.737532,35.268874,23.654528,34.057303,36.260706,30.343135,33.932597,39.382629,38.243451,26.673735,38.067564,32.793139,19.968132,29.059776,39.572834,29.029158,36.534539,31.455694,0.000000,34.028075,38.581341,33.467189,36.454488,32.339069,36.954252,33.124754
Chợ Trung Kính,40.700453,42.500512,39.454423,40.669161,42.189807,37.864995,39.555784,43.355517,39.723184,39.182254,38.551370,42.579707,38.312543,39.113597,40.632986,37.900741,42.805506,37.715708,32.707458,34.989208,40.710993,43.562787,40.155022,41.661651,31.919541,35.178181,35.432107,40.613656,42.925987,39.657082,34.382004,42.337822,40.498072,31.130753,40.221911,39.355472,34.055388,34.233703,28.884612,40.954566,41.018032,43.515467,33.444402,39.245708,39.955613,37.150482,43.502651,41.381939,31.473228,33.719401,36.795852,36.394642,38.972964,29.612731,37.809436,37.518188,28.503679,38.398994,33.384231,40.728660,42.204746,33.471456,37.808013,30.015550,37.716835,28.101876,36.169255,46.363991,34.714304,40.699754,40.524285,36.381823,40.214535,41.099200,37.949855,36.696614,46.290241,36.120033,31.257389,32.681234,39.391472,37.228397,39.747023,43.434143,38.734089,41.865660,33.824082,40.691818,39.525795,26.485530,25.087026,33.834204,36.321869,28.588660,39.318017,33.862586,33.373680,34.589377,38.437561,34.944836,26.432215,36.817638,33.727448,30.686007,23.517682,33.223333,23.985836,32.618220,33.531620,31.208202,20.390643,30.578760,35.754856,29.403768,29.154092,34.498459,21.175143,23.999710,34.330185,0.000000,40.605394,21.236220,37.989831,22.214323,38.523408,27.830187
Trường Mầm non Kim Lan,41.775691,42.518954,39.906439,37.373819,38.594639,41.089768,41.933395,37.922424,37.790234,41.477321,37.882016,42.083567,38.129468,36.499190,38.194315,41.760833,37.729180,38.239692,36.322312,41.922166,39.017424,41.371730,40.672428,38.702693,40.733424,37.937947,41.906752,36.452545,37.626372,38.158290,39.858609,41.317581,38.666484,41.384506,39.003334,37.842151,41.775117,40.275745,38.232508,39.885212,37.724454,42.321738,40.970450,35.948067,39.988625,37.623836,42.344983,39.583297,41.307471,40.695882,38.206293,37.250434,39.341296,41.013142,37.232400,33.499557,37.824273,36.825211,36.193313,40.659684,36.886724,40.969733,38.703633,41.337327,37.742797,40.812096,38.941535,43.891200,41.848218,40.142716,36.205733,38.740824,36.656038,36.008212,38.095068,37.675056,43.907752,42.591641,40.938149,40.178907,39.418232,39.037545,39.039551,42.510855,36.984973,35.926098,38.781294,38.253009,31.546872,39.113526,38.071134,39.150259,39.663515,38.849124,37.338253,40.881780,40.088906,38.743714,33.505364,39.332733,38.245868,31.563052,38.995655,40.633794,38.365728,40.964080,41.061091,39.402594,38.882444,39.191659,39.221387,40.640491,41.394155,40.868972,39.882940,41.148840,39.816250,40.995947,39.865398,39.379976,0.000000,41.728389,21.916253,38.857089,21.158411,41.331488
WinMart+,41.098809,42.839166,39.890556,41.066924,42.582150,38.464165,39.944205,43.655876,40.237041,36.063985,39.149734,35.924625,38.934564,39.585823,41.170996,34.563180,43.080683,38.429250,33.448402,35.143958,41.262015,37.942288,35.276629,42.190412,33.455031,35.937415,35.624634,40.948556,43.216453,40.376669,34.505701,42.580792,40.810266,32.796293,40.549489,39.998990,34.173042,34.320609,30.763710,41.228336,41.507030,38.018079,33.508633,39.633707,35.863461,38.046045,38.211974,42.334307,31.461574,33.798564,37.601459,37.243880,35.036959,31.608228,38.457929,37.883333,30.745331,38.728993,34.646225,37.748487,42.470789,33.581212,38.820660,32.265940,38.495534,30.685191,36.882789,40.991950,34.914233,36.295498,40.804484,37.409742,40.492512,41.378205,38.715337,37.615061,41.194710,36.267006,31.215141,32.745425,40.334363,38.363068,40.315129,38.860802,38.902398,42.099084,35.339962,40.925228,39.769503,30.464557,27.897031,35.766195,37.294292,32.290086,39.509420,34.031773,33.504635,36.005928,38.759510,36.593266,25.127999,37.035244,33.850796,30.579433,29.142993,33.362026,21.541790,35.500064,34.804487,31.173581,28.766738,29.177309,36.077463,28.300959,33.568237,34.652506,24.270785,17.180297,33.797776,23.841786,40.742067,0.000000,38.141670,15.127962,38.675590,20.873147
Trường Trung học cơ sở Văn Đức,38.550454,38.989456,36.974303,34.818507,35.841557,38.096869,38.379736,35.146862,35.372800,38.277890,35.295898,38.590629,35.558679,34.111843,35.646522,38.582806,34.928111,35.683354,34.263796,38.566210,36.276264,38.100041,37.625394,36.122775,37.884180,35.495427,38.692096,33.834112,34.786129,35.700051,37.078865,38.121429,35.655694,38.403786,35.961526,35.376041,38.633122,37.394708,35.857733,36.980116,35.234661,38.948393,38.081005,33.412693,37.264825,35.355794,39.032435,36.241592,38.431463,37.966113,35.708342,34.997338,36.868378,38.229202,34.910051,31.519217,35.616784,34.148020,34.277857,37.838959,34.013478,38.208992,36.190332,38.537903,35.488877,38.190292,36.328784,40.310030,38.882678,37.447859,33.643584,36.441267,33.829334,33.378084,35.726451,35.482613,40.411199,39.614955,38.368137,37.754847,36.895868,36.599397,36.464010,39.395144,34.746040,33.210063,36.381698,35.662441,29.905924,36.728787,35.946342,36.697117,37.185918,36.548756,34.984454,38.405533,37.711913,36.442535,31.329704,36.886880,36.121562,29.047140,36.886978,38.164383,36.188246,38.417746,38.521946,36.964367,36.572556,37.135263,36.897690,38.231828,38.832174,38.413730,37.512896,38.808655,37.477067,38.594109,37.700396,37.055309,21.426388,39.180096,0.000000,36.731358,17.156585,38.906358
Trung tâm Hỗ trợ doanh nghiệp Hà Nội,39.813579,41.298153,38.767936,39.792524,40.911921,37.262628,38.873756,42.001095,38.874101,34.992551,37.854385,34.967037,37.596698,38.385185,39.493339,33.650567,41.685020,37.071312,32.785551,34.185939,39.527492,36.998562,34.473994,40.163285,34.584731,34.960812,34.493227,39.818473,41.746637,38.510749,33.573144,35.866657,39.793954,34.033372,39.540097,38.399877,33.136752,33.536869,32.238172,40.259259,39.836824,37.100306,32.669091,38.625169,35.162084,36.484614,37.325409,41.265382,30.505140,33.011294,36.264206,35.919799,34.389764,33.111234,37.170071,37.071709,32.446898,37.898697,33.387693,36.926176,41.250660,32.395866,36.869362,33.902425,36.985216,32.535813,35.782534,39.939119,33.546520,35.602732,39.937907,35.803477,39.556761,40.296188,37.201005,36.122572,40.162872,35.506917,29.957379,31.566310,38.006729,36.376428,38.785278,38.062979,38.286682,41.002978,33.705948,40.136162,38.943248,29.355184,27.392953,33.685397,35.800745,30.885114,38.854776,32.564904,32.098714,34.333989,37.960238,34.520055,24.778436,36.078126,32.682287,28.936280,27.974834,31.772054,26.703664,32.860137,33.482120,30.440126,27.361049,27.725721,34.364659,27.293628,30.913180,33.560285,23.907621,18.557228,32.765550,21.656498,40.283551,14.436995,37.810140,0.000000,38.336245,19.590976
Trường Mầm non Văn Đức (điểm Chử Xá),39.811199,40.302973,38.249898,36.139332,37.146301,39.303451,39.748209,36.527930,36.586504,39.545716,36.586306,39.928701,36.818438,35.433329,36.890965,39.820893,36.341336,36.920678,35.417080,39.858888,37.537124,39.400464,38.887453,37.337472,39.061344,36.710394,39.929587,35.294131,36.230512,36.899947,38.294015,39.399444,37.078340,39.589371,37.369055,36.606699,39.849597,38.618508,37.012158,38.250486,36.488687,40.219269,39.259305,34.881071,38.466770,36.510524,40.280650,37.726339,39.580165,39.099111,36.924419,36.175257,37.968776,39.362531,36.126494,32.874753,36.718365,35.536569,35.363577,39.009827,35.558857,39.334585,37.368197,39.656064,36.629033,39.269421,37.537217,41.551174,40.030404,38.620019,35.135977,37.520084,35.331391,34.874637,36.889556,36.592105,41.621677,40.718557,39.417697,38.796505,38.028717,37.716941,37.650202,40.552904,35.940070,34.768847,37.506749,36.917357,31.272241,37.815843,36.995329,37.822153,38.281154,37.620420,36.209099,39.423596,38.730067,37.522301,32.853743,37.989180,37.154985,30.479680,37.859038,39.190589,37.236783,39.451823,39.548625,38.059103,37.645297,38.077477,37.954328,39.235362,39.843525,39.417627,38.546830,39.751234,38.495570,39.575162,38.643392,38.104857,20.516982,40.169362,17.409256,37.727366,0.000000,39.872347
WinMart+,42.228517,43.917040,41.034263,42.171801,43.782526,39.927334,42.333947,44.672208,41.567141,37.295917,40.626013,37.077401,40.458369,40.838155,42.579682,35.708888,44.001288,40.120426,31.146493,36.334698,42.726357,38.983190,36.251504,43.679388,36.743865,37.651690,37.006656,41.925961,44.167556,42.155000,35.659660,37.642723,41.727228,36.276132,42.127948,41.618032,35.524874,35.335325,34.433812,40.056568,42.869603,39.033190,34.631696,40.679227,36.692000,40.077093,39.188466,43.349769,32.915712,34.849751,39.445876,39.159619,35.825994,35.594225,40.024872,38.834247,35.078347,39.640626,37.219468,38.614250,43.333031,35.220187,41.057431,36.821589,40.322624,35.631164,38.532984,41.999019,36.678409,37.092887,41.656120,36.994353,41.307751,42.226392,40.516682,39.661167,42.174143,37.154811,33.245641,34.454135,42.528051,40.810436,41.758494,39.703301,39.548106,42.870921,38.313026,41.656755,40.490315,34.802146,32.338706,39.344609,39.425331,37.118817,40.186425,36.017559,35.468035,38.833537,39.609580,39.791542,33.114399,37.736940,35.408271,33.424063,35.237800,35.624587,31.073777,40.168941,37.383638,32.275797,36.127899,31.937606,38.209643,30.249036,39.646842,36.033781,35.374110,26.141439,35.184549,26.568012,40.776724,21.816062,38.231958,14.666553,38.750405,0.000000
