,depot,WinMart+,Trường Mầm non Thịnh Liệt (cơ sở Giáp Nh,Trường Mầm non Hoa Mai,Trường mầm non Vườn Hồng,WinMart+,WinMart+,Siêu thị Đức Thành,WinMart+,Siêu Thị T-Mart,Trường Trung học cơ sở Tân Định,Trường Tiểu học Hoàng Liệt,WinMart+,WinMart+,Cục Dự trữ Nhà nước khu vực Hà Nội,Trường Mầm Non Đại Từ,WinMart+,Cà Phê Parkland,Trường Mầm non Định Công (Cơ sở 3),Highlands Coffee,WinMart+,WinMart+,Trường Mầm non Hoàng Liệt (cơ sở Tứ Kỳ),WinMart+,WinMart+,Trường Mầm non Sao Mai,KFC,Trường Đại học Công nghệ và Quản lý Hữu ,Không có tên,WinMart+,Không có tên,WinMart+,MM Mega Market Hoàng Mai,Trường Tiểu học Đại Kim,Không có tên,Không có tên,Cà Phê 3k,Không có tên,WinMart+,WinMart+,WinMart+,Trường Tiểu học Chu Văn An,AEON MaxValu Linh Đàm,WinMart+,WinMart+,WinMart+,Trường Mầm Non Hoạ Mi,WinMart+,WinMart+,Trường Tiểu học Chu Văn An,WinMart+,WinMart+,Trường Mầm non A Tứ Hiệp,Cà Phê KOK,Không có tên,Trường Đại học Kinh tế - Kỹ thuật Công n,WinMart+,Trường Quốc tế Singapore,WinMart+,Trường Tiểu học Tam Hiệp,WinMart+,Delícia Coffee & Lounge,UBND phường Khương Thượng,WinMart+,Siêu thị B11 Kim Liên,WinMart+,Cà Phê Big One,Trường Mầm non Đại Thanh,siêu thị 24h ninja mark,Trường Mầm non Tứ Hiệp (điểm Cổ Điển B),WinMart+,Không có tên,Quan an Nam Nhu 1,WinMart+,Taste Tea,WinMart+,WinMart+,Trường Cao đẳng Hà Nội,TK mark,Hội đồng nhân dân - Ủy ban nhân dân phườ,Trung tâm Công nghệ Phần mềm Thủy lợi,WinMart+,Không có tên,Cafe Dinh,Trường Trung học cơ sở Yên Mỹ,WinMart+,Coffee Cây,Trường Mầm non Tứ Hiệp (điểm Đồng Trì),Trường Mầm non Lĩnh Nam (cơ sở 2),Chợ Nhân Chính,Cục Sở hữu Trí tuệ,WinMart+,Kho bạc Nhà nước Đống Đa,Tịnh Cafe,Trường Mầm non Yên Mỹ,WinMart+,5050 Rooftop Cafe & Pub,Thuế cơ sở 4 thành phố Hà Nội,Trường Trung học cơ sở Lĩnh Nam,WinMart+,WinMart+,WinMart+,Cửa Hàng Tiện Lợi BV Mart,Đảng uỷ - HĐND - UBND phường Thanh Xuân,Starbucks,WinMart+,WinMart+,WinMart+,Phường Ô Chợ Dừa,Chợ Xanh Văn Quán,Noble Moment,WinMart+,Co.opmart,WinMart+,9.0cafe,The Coffee House,Cục Tần số vô tuyến điện,Everything Coffee 'N Bagel,Starbucks,Chợ Trung Kính,Trường Mầm non Kim Lan,WinMart+,Trường Trung học cơ sở Văn Đức,Trung tâm Hỗ trợ doanh nghiệp Hà Nội,Trường Mầm non Văn Đức (điểm Chử Xá),WinMart+
depot,0.000000,28.369323,27.530048,32.778773,27.252443,33.799981,20.791889,38.744416,34.161083,31.490051,32.845366,26.672503,34.360120,31.597043,35.346832,31.308136,39.457852,35.426085,29.705874,28.935791,39.311241,26.087124,25.844172,38.441593,38.332087,34.741868,34.429819,39.138482,41.648686,36.069579,33.284396,27.591939,39.154411,33.041227,38.368163,38.576971,32.938211,27.111372,37.297855,29.776751,37.370122,32.023594,33.065082,38.905703,27.529079,34.908116,33.264717,41.279349,33.953180,31.265477,41.284739,38.844024,26.532247,36.056701,39.389008,36.489045,36.469948,36.430263,31.385641,30.950104,44.572458,33.865392,42.566984,37.629375,39.442842,35.516955,37.420513,39.676813,35.991080,29.211493,31.460799,42.487523,41.336625,42.511996,40.805826,39.410678,40.537495,38.628016,33.109423,34.226391,45.018397,43.586994,44.842712,36.800102,32.098928,44.228660,42.688557,33.779904,37.269765,43.713743,40.252306,43.990465,43.125525,42.784039,32.489061,41.979272,41.660049,42.416531,38.478922,44.525830,40.945084,39.786843,41.194936,40.806122,41.296489,41.981769,42.182479,44.712771,36.977035,33.428582,43.927404,44.438656,43.253821,41.925584,45.762905,41.391885,45.520764,40.029348,39.902589,44.302793,40.322528,43.937340,37.566199,42.632708,38.231189,43.759489
WinMart+,32.621687,0.000000,31.782758,37.091195,41.224954,35.514879,22.725160,46.182069,36.879582,34.964423,37.531541,40.086438,38.238724,35.525628,39.170975,33.637776,44.472911,39.062529,31.606201,40.160474,45.854640,45.224878,34.604636,41.875166,39.597058,37.724306,38.026292,42.673600,45.768111,39.007642,35.435776,41.360465,41.794993,34.778327,41.045461,42.879593,34.963621,34.654206,39.745772,39.015407,46.478454,44.601503,35.083533,42.094063,36.828639,37.147112,44.829447,43.817979,35.637841,32.337802,46.160696,42.039219,35.010549,35.141058,42.969436,38.494332,38.395747,38.438083,41.797443,38.346796,48.215496,35.348658,46.940406,36.815091,42.194557,44.743350,40.791993,53.347106,38.254660,39.199701,37.477475,45.278722,43.594972,45.386544,44.352466,41.864562,52.728136,46.057026,31.967215,35.339076,48.978614,47.068054,50.005268,45.547821,36.250761,47.024428,46.019354,38.300656,39.000928,46.818920,42.270075,47.575219,45.930611,45.504036,36.870728,43.984274,43.616154,45.076731,40.302883,47.981790,42.997024,42.110176,42.837453,42.722103,43.581086,44.161203,44.343679,48.115132,38.595177,34.167348,46.758130,46.817773,45.459958,43.859493,48.638584,38.959202,48.281174,41.653675,41.181260,46.986886,40.960276,46.223840,38.039130,44.594496,38.711240,45.737149
Trường Mầm non Thịnh Liệt (cơ sở Giáp Nh,27.973587,30.207473,0.000000,29.997853,25.349623,31.742862,28.588892,34.809069,32.237245,35.561862,30.082569,35.175238,32.013808,29.257116,33.174961,37.457076,36.587439,33.213912,28.441229,36.086169,36.672474,33.270499,31.968995,36.374120,36.696841,32.882117,38.134810,37.060355,39.244721,34.236800,31.400120,34.138531,29.001290,37.402480,27.694782,36.533686,37.897878,32.368417,35.729994,30.050900,35.441881,38.704615,36.223894,37.028454,32.332310,33.485402,39.406151,32.367668,37.883290,36.506688,39.267306,37.269199,31.055733,34.873753,37.740157,35.235240,35.253061,28.349053,30.391259,35.435202,42.494684,37.459439,40.787845,36.449777,38.095800,34.431158,35.894949,45.812413,39.844661,33.672031,33.049289,41.232640,39.973532,40.818831,39.184335,38.150722,46.070364,42.528378,32.258837,36.992087,43.466335,42.118657,42.943581,41.433666,33.236466,42.589793,41.247117,35.115950,36.186699,42.371492,39.243988,42.532906,41.878721,41.558938,33.688481,41.028202,40.709224,41.191850,37.351254,43.127079,39.895724,38.396022,40.369510,39.840368,40.189820,40.965835,41.166387,43.348047,36.001256,36.338421,42.728859,43.413637,42.254322,40.992918,44.613256,40.592035,44.396180,39.172382,39.172346,43.145773,39.888909,42.921466,37.237176,41.675549,37.894614,42.868465
Trường Mầm non Hoa Mai,33.499256,36.761483,28.745165,0.000000,34.258925,32.681883,33.925170,28.782540,33.190851,36.937334,29.697591,39.430798,33.219732,20.784526,34.414560,35.913808,34.183933,34.496764,28.805585,39.582524,38.708846,42.525103,36.144021,37.889137,37.881022,33.926899,38.275840,35.679707,38.608245,35.389636,36.534514,40.372139,36.693331,34.573743,35.620827,38.059199,36.269715,36.022058,36.809149,38.967770,35.677063,42.360045,36.334858,35.807971,37.410682,34.333658,42.685103,39.492409,33.553941,34.225958,41.017027,38.513879,36.057360,35.661101,39.085726,34.204609,36.092944,34.072798,30.801310,38.467799,43.094004,36.296691,42.429829,37.323106,39.203004,35.105881,36.106239,48.074919,33.983550,39.112713,42.085623,42.378593,39.897434,40.914552,40.587295,39.181523,48.092994,44.386398,32.702846,40.497445,45.034588,43.529944,44.859436,43.700913,36.469298,43.127950,42.584000,38.869284,35.533995,43.667042,40.119750,43.960675,43.075280,42.697445,37.118464,41.876987,41.549930,42.330796,36.822564,44.513771,40.794737,38.777982,41.086310,40.664765,41.154904,41.881240,42.090160,44.709999,36.713188,38.428910,43.900742,44.420051,43.194638,41.825956,45.801688,41.292734,45.543283,39.881580,39.790809,44.285030,39.823625,43.911840,37.042276,42.558580,37.731933,43.726454
Trường mầm non Vườn Hồng,34.802146,38.974539,25.603269,31.596119,0.000000,34.000773,29.288900,45.212571,34.482784,38.844010,31.085750,41.280101,35.007463,29.775586,36.202694,37.304668,43.231315,36.297916,29.222098,41.148579,41.621255,44.400857,37.219446,39.929716,39.358536,35.279846,39.893736,41.406483,45.353986,36.863154,37.633249,41.865304,40.708289,35.398883,39.740098,40.051495,37.311923,36.986213,38.119968,30.117936,37.194576,44.104019,37.352993,40.845290,38.289100,35.307648,44.294149,43.226526,34.215930,34.847461,43.289540,39.960814,36.799069,36.519122,40.706028,37.203639,36.990025,37.095646,31.220840,39.473823,48.646367,36.953693,44.501616,38.246554,40.444723,35.923075,37.380880,50.279408,34.697183,40.022085,44.541941,43.728015,43.129798,45.173280,42.221895,40.305014,50.132921,45.475661,33.116849,41.200407,46.908874,45.173828,47.298152,44.952653,37.962626,47.164509,44.175445,40.772424,38.040075,45.133317,41.020572,45.680554,44.363640,44.008755,38.711295,42.876945,42.525732,43.560401,39.458516,46.187460,41.777303,42.060114,41.905905,41.617128,42.278137,42.964827,43.148169,46.371381,37.434204,38.937011,45.272273,45.596005,44.288575,42.772410,47.209591,42.065639,46.893930,40.691633,40.354294,45.569392,40.653144,45.013032,37.676861,43.476938,38.364910,44.699577
WinMart+,34.066335,34.710941,34.218256,36.146498,33.778242,0.000000,29.802542,42.269017,32.008233,35.699675,35.409553,37.371145,33.848384,34.169374,35.168063,31.959651,41.995992,32.600686,26.296847,32.505373,38.641713,42.206521,33.485988,38.237440,38.747952,32.150427,39.535293,41.073968,43.506790,34.447280,35.809068,39.248495,40.671645,35.013496,39.998329,36.922765,35.292794,35.769438,32.441558,37.725471,39.894050,41.930675,35.442349,40.720640,35.804825,33.256210,42.402856,42.530529,34.399985,32.143618,39.688194,33.357098,34.228540,38.622014,38.029696,37.872072,32.527125,37.850479,29.140105,37.252124,45.855386,35.642376,36.647086,40.157801,36.398900,31.922372,37.083694,49.827999,38.964771,38.051707,36.738138,33.097634,42.416784,43.734888,36.667692,33.138864,49.655835,44.553113,32.912217,35.562740,40.732967,39.212317,43.271704,43.752754,35.816695,45.256239,38.167432,37.646588,38.401112,39.817956,36.533007,39.768108,39.309910,39.092249,36.389675,37.131533,32.247217,36.455999,39.601399,40.644287,37.528687,40.660357,33.836879,35.978914,37.734103,36.715818,37.222263,40.983369,37.912970,34.261201,40.562934,41.744026,38.517815,37.157221,42.902658,39.353615,42.710813,37.157081,35.713334,41.154678,40.701685,41.162071,37.931586,39.804061,38.580932,41.349087
WinMart+,20.938917,46.227822,27.712452,40.902491,44.598224,37.171567,0.000000,47.198119,40.238089,37.476310,41.383019,38.855876,39.433369,39.813198,42.234824,40.638070,45.909530,41.753630,33.389955,39.596172,47.007749,33.404804,30.909798,43.602268,36.635714,40.468747,41.885201,44.460465,46.645661,41.360078,30.111802,35.142796,30.707307,39.735267,29.573414,44.650629,41.124481,31.660606,37.733410,34.555063,47.250199,44.181405,37.789305,43.936082,31.936757,39.496539,44.611043,34.543958,40.129206,37.866744,46.946091,43.716690,30.047397,39.166680,44.580193,40.380792,36.821900,29.808074,43.058469,36.516661,48.604512,39.201474,47.407906,40.872330,43.688730,39.573779,42.384635,56.333589,42.932341,34.053199,34.781853,41.104240,44.736749,46.361601,45.467961,43.243719,54.946581,46.254204,34.376757,38.065357,49.002523,47.473557,49.761532,45.848747,34.322884,47.662947,46.594674,37.331952,40.581127,47.239014,37.794386,47.821694,46.539791,46.079172,34.829961,39.338159,34.446729,45.811465,41.817183,48.142344,38.437646,35.543827,35.753984,38.275473,44.362076,39.119171,39.567465,48.229379,40.384600,36.965825,47.081600,38.796267,40.795386,39.327743,48.650481,42.192327,42.059680,38.152736,37.515490,47.299513,41.980917,39.808340,39.030888,45.210601,39.679203,39.227036
Siêu thị Đức Thành,37.854927,42.296816,33.372462,28.982057,42.742993,37.150012,37.191643,0.000000,37.419672,41.659524,36.097514,43.670803,38.873589,25.305830,39.574817,39.674085,41.230214,39.748389,31.482129,43.196865,45.328739,46.352979,39.150551,42.745559,41.480618,38.175012,42.037068,39.721494,45.491363,39.552537,39.379378,43.715833,39.450934,37.077791,38.122305,42.831241,39.080487,38.696545,40.232966,41.473854,39.938981,45.970378,39.088776,39.221233,39.761636,37.436491,46.012292,42.764703,35.904072,36.342167,45.772669,42.060737,38.219588,38.233068,42.899196,35.667752,38.704911,35.472831,32.905495,40.887692,50.177945,38.249963,46.549328,39.805564,42.188132,37.423346,39.436434,51.835632,36.164290,41.364220,44.498167,45.099250,42.825012,45.332331,44.191305,41.887792,51.542018,46.561589,34.415354,42.173524,48.508470,46.740701,49.327823,46.239398,37.242508,47.853081,45.768669,40.246253,36.994939,46.543349,42.254102,47.224751,45.714239,45.321456,38.022769,43.913245,43.570609,44.911716,38.558774,47.624214,42.950503,42.369342,42.809077,42.700230,43.510251,44.065138,44.239250,47.759025,38.774636,39.724016,46.519569,46.623697,45.333400,43.781270,48.325073,42.904114,48.004695,41.669130,41.204897,46.741168,40.400729,46.036900,37.336663,44.483641,38.056705,45.592463
WinMart+,31.544923,36.633657,30.461496,32.224319,28.726008,29.617768,33.022429,39.375861,0.000000,37.371415,31.820165,40.587540,29.404501,30.732758,29.607969,34.550627,39.993953,33.375435,24.874079,40.581308,35.144171,44.525096,36.029562,40.824060,39.657881,32.545594,39.316308,39.495213,42.294968,35.514043,36.592434,41.511779,39.414438,34.284438,38.584495,35.460884,36.228791,35.928520,37.834870,39.495729,40.079657,44.140121,36.319267,39.227778,37.594678,33.728224,44.381670,41.637555,32.785997,33.490950,39.709331,36.727379,35.972356,35.812495,37.374326,36.583215,36.433628,36.516688,28.908697,38.898117,45.336697,30.334124,37.697494,38.156497,37.903215,35.065689,36.173614,51.349835,33.538630,39.614878,43.301638,39.475385,41.686596,43.020577,39.448469,38.014898,51.012367,45.693763,31.881989,32.270129,42.139255,40.345369,44.934355,45.143548,37.666123,44.813237,39.143579,38.664061,37.394340,40.896751,37.114136,40.951005,40.282781,39.977391,38.342481,39.736516,39.360015,37.096737,38.661884,41.851980,38.133285,40.198346,39.145791,38.236533,38.395759,39.544006,39.802449,42.198984,35.375111,36.530252,41.563537,42.637079,41.221743,39.720792,44.043709,39.551896,43.793845,37.611699,37.765608,42.155126,40.379057,42.021917,37.575276,40.538016,38.241070,42.093191
Siêu Thị T-Mart,33.233614,33.889722,32.935260,38.930699,38.075313,35.468542,27.284021,44.813175,36.222097,0.000000,36.544589,38.387799,41.608457,35.245755,37.671174,26.107459,43.965677,37.699333,30.459364,31.121066,41.415518,44.996747,32.775330,41.536371,31.260649,36.301661,43.224762,42.686559,44.997483,38.002798,35.868319,40.559791,35.713471,34.738931,41.408765,40.320145,35.075656,35.758105,35.902147,38.226123,42.911058,44.292338,35.291001,42.242422,35.863415,36.043408,44.607040,37.612860,36.116372,31.064082,42.720510,35.548493,33.953110,35.335881,40.752530,39.106240,35.123244,39.118635,31.525179,37.563774,46.907042,35.614229,38.931591,37.691563,38.146969,36.887022,39.458759,54.369938,39.875378,38.559621,36.903109,39.050129,43.376357,44.787625,41.975601,34.920154,53.515547,46.048477,31.164882,35.510579,42.220756,40.758665,45.882207,45.497199,35.804754,46.128138,39.815053,37.863972,39.430138,41.156936,35.417925,41.282826,40.614336,40.400711,36.427197,37.331672,31.737274,37.962216,40.618148,42.010231,36.219140,41.419948,33.608250,36.031116,39.034610,36.875529,37.454588,42.283585,39.041115,34.063292,41.739253,36.843085,38.925563,37.366843,43.847411,39.777988,40.505510,36.374697,35.679016,42.202571,41.086573,38.073836,38.300776,36.925344,38.942686,37.622502
Trường Trung học cơ sở Tân Định,34.796783,38.720136,30.927990,31.197094,37.194410,34.160826,35.035428,38.470112,25.557501,38.751612,0.000000,41.165674,35.147859,23.897315,20.576614,37.338583,30.036189,36.386989,29.517863,41.069982,28.548826,44.223298,37.272242,39.830127,39.334227,35.418687,39.770228,39.086979,41.957236,36.941323,37.626231,41.786925,39.105414,35.500316,38.250837,27.085631,37.370206,37.064819,38.163123,39.993404,29.692137,43.964444,37.411133,38.861831,38.337020,35.443776,44.173218,41.420380,34.356417,34.974898,32.013826,30.786769,36.876384,36.618157,29.377723,36.284436,37.074943,36.217821,34.938342,39.477248,45.170057,37.047866,35.612928,38.302995,33.068161,38.076837,36.016484,49.960009,34.746079,40.038445,43.183770,38.102267,41.502757,42.828906,33.727574,33.691828,49.804868,45.420235,36.868461,37.365407,40.294630,38.674367,38.490453,44.870168,37.515198,44.679400,37.522360,40.004255,37.162482,39.391336,36.006986,39.272090,38.892729,38.645758,38.183516,38.744140,38.375864,38.061634,38.446147,40.255794,37.049752,40.056627,38.310792,37.260936,37.238201,38.477412,38.719280,40.627926,31.915652,35.885257,40.223983,41.537348,40.163356,38.745047,42.745459,38.782886,42.545210,36.751679,37.028247,40.881497,40.310937,40.930279,37.498344,39.543631,38.172587,41.158772
Trường Tiểu học Hoàng Liệt,40.403180,43.887958,38.700876,40.931973,43.557820,38.604035,43.054483,45.519126,37.833142,40.155129,41.306254,0.000000,40.790528,40.019117,41.970549,34.068552,44.809922,38.842788,33.985885,27.724464,45.519972,39.675236,26.692785,40.981440,31.855285,37.896889,35.551606,43.761594,45.540191,38.880353,23.347058,34.608199,36.070573,35.014237,37.138395,43.909476,35.353239,28.610589,33.997181,38.434227,46.020744,39.352319,33.085781,43.342953,33.964476,37.439336,40.477010,37.847281,36.341660,34.246093,45.776641,43.265535,32.065442,35.595387,43.945994,40.289692,33.788894,34.069029,33.845804,34.262799,47.267763,35.797197,46.289112,37.683545,43.287470,36.857901,42.175517,51.560218,39.506166,35.741379,37.183001,38.884804,44.094704,45.395621,44.720427,42.934321,51.025144,44.183369,31.626120,35.679351,47.801754,38.315096,48.188967,43.185966,35.211941,46.539486,45.782509,36.088404,40.445554,38.494737,35.664345,38.706388,45.826626,37.285797,35.711577,37.285054,32.020766,45.197881,41.567993,47.149219,36.276679,36.898630,33.759056,36.057769,38.622914,36.852074,37.399623,47.245562,40.440799,35.252181,39.871357,36.818730,38.776939,37.308943,41.697300,40.653818,40.281424,36.373731,35.818364,46.564041,42.395509,38.004704,39.496782,36.965510,40.121238,37.563816
WinMart+,35.063934,36.860333,32.713946,34.735499,31.468232,30.618571,32.274391,41.869898,29.071015,39.759745,34.068967,38.954350,0.000000,32.816716,33.934549,35.547021,41.673651,29.751636,22.763248,34.612876,37.801529,42.800995,35.151315,37.627267,42.848425,30.033528,41.124842,40.743656,43.461169,33.040424,37.500295,40.193783,40.367682,29.669108,39.621203,36.416712,37.086546,37.124156,31.754957,38.598825,39.824564,42.569855,37.161988,40.384719,36.831482,32.124276,42.918596,42.418571,27.859015,33.860168,39.579407,32.531121,35.326018,31.363902,37.763135,37.441179,32.122719,37.406417,27.945174,38.142451,46.105991,26.603574,36.089940,34.815948,35.977333,31.448341,36.774660,49.435231,29.847406,38.793613,43.764033,32.946253,42.340569,43.767173,36.271392,32.479234,49.321476,44.708110,28.547101,29.776139,40.763147,39.071805,43.582959,44.004364,38.137784,45.419956,37.916668,40.646597,38.088242,39.751974,36.235963,39.691095,39.202373,38.973914,38.823500,31.952255,26.786777,36.101409,39.340534,40.658282,37.306162,40.704679,29.188097,30.544448,37.517104,31.066190,38.989932,41.030773,37.739528,31.063188,40.569040,41.824454,33.240233,32.077735,43.090535,35.911593,42.873805,36.956642,31.579191,41.210385,40.609331,41.209537,37.789406,39.763376,38.455796,41.396561
WinMart+,32.158750,35.186723,28.537541,19.968544,32.438962,31.626446,33.179241,24.914732,32.174244,35.729038,22.887603,38.313625,31.954406,0.000000,24.547636,34.939815,23.985475,33.251354,28.293252,38.635389,27.633314,41.522789,35.444505,36.632332,36.905371,32.894089,37.274304,30.982585,33.041535,34.332591,35.767938,39.529115,33.200400,33.909038,32.067169,34.968682,35.513612,35.298864,35.894785,38.355429,33.521827,41.273970,35.579129,31.603176,36.858039,33.529382,41.662509,36.087758,32.993796,33.645386,37.381976,33.769932,35.566353,34.969614,32.530438,31.553494,35.364009,31.414667,30.300589,37.781524,38.202418,35.717588,40.244935,36.602656,36.696100,40.689840,34.626849,46.871190,33.422441,38.571981,39.757596,40.905466,36.946987,37.138643,37.683717,36.848872,46.998810,43.647710,39.280874,39.421076,43.370222,41.857643,41.822162,43.000456,34.991464,39.467657,40.871657,37.025982,33.253199,42.169475,38.818787,42.331023,41.626583,41.282916,35.474578,40.760091,40.425015,40.873657,34.436753,43.007618,39.504740,35.702695,40.094757,39.483131,39.807587,40.682381,40.899326,43.253511,34.850767,37.545295,42.576857,43.352155,42.094018,40.734079,44.650249,40.391012,44.416476,38.790170,38.830630,43.042627,38.983340,42.810434,36.407092,41.474159,37.091112,42.766247
Cục Dự trữ Nhà nước khu vực Hà Nội,35.793190,40.732132,34.029262,36.191223,36.773451,33.405205,35.802562,43.398885,28.094747,40.428516,25.658586,42.930400,34.431115,25.749952,0.000000,38.470219,42.756138,35.983394,28.477982,42.536826,30.049786,46.067174,38.165183,40.120365,39.465919,34.918972,41.139061,41.565063,44.261558,28.066201,38.483079,43.183932,41.008674,35.222838,40.303859,32.487631,38.171817,37.795790,38.120788,40.907804,38.241161,45.652029,38.205682,41.147397,39.086551,28.597866,45.736180,42.960209,33.972960,35.423149,37.802975,34.893807,37.477740,36.428378,35.509874,38.011686,36.925612,37.981229,37.618892,40.307345,46.702382,37.574940,40.636811,38.267182,36.572367,40.999257,34.638382,52.126289,34.484691,40.859102,44.112790,41.298118,42.809030,44.310616,38.039594,36.831034,51.766533,46.454188,39.177465,39.344207,44.602068,42.576477,44.200506,46.072980,38.459600,45.888993,41.327659,39.574223,38.551501,42.859077,38.534338,43.203362,42.090901,41.739904,39.145699,41.020821,40.628248,41.154296,39.808960,43.988575,39.531319,41.108718,40.224240,39.521881,39.929401,40.945156,41.203822,44.269753,34.248735,37.324247,43.312037,44.062905,42.589800,40.981918,45.717698,40.539999,45.401685,38.732644,38.687093,43.806329,40.781275,43.439027,37.945495,41.787456,38.603951,43.296313
Trường Mầm Non Đại Từ,31.403035,31.033449,31.543690,36.219405,35.198494,30.462364,26.922267,40.235858,33.620985,26.140697,34.540712,31.032095,35.393515,33.580577,35.539172,0.000000,40.394973,34.244196,29.341134,25.739866,38.308176,39.697298,32.236761,37.610596,27.018846,33.686104,34.447934,39.923940,41.745715,35.141309,31.112273,36.965257,38.297782,31.068425,39.278560,37.941067,30.024463,32.619996,31.020803,36.028129,40.200114,39.587251,30.571512,39.714257,34.142549,34.116521,40.308072,40.470654,33.510269,27.612038,40.055720,34.043508,32.642940,32.924417,38.614900,37.470936,31.440001,37.487198,30.651565,26.934580,43.699773,33.358369,36.612090,35.677904,36.401000,35.187981,37.768133,47.889526,37.663466,36.565386,39.121205,37.769608,41.291985,42.201334,39.810199,33.753266,47.941442,31.395223,29.373856,34.080098,39.829493,38.654854,42.955430,42.290535,37.408816,43.486609,37.818416,39.969357,37.933702,37.375189,34.171738,39.096617,38.794210,36.179198,38.093590,36.128932,30.169890,36.460321,40.834677,39.832193,34.963776,40.446526,32.388866,34.679645,37.699989,35.515696,36.170974,40.130357,37.677579,33.039183,39.106270,35.673093,37.772234,36.188497,41.156353,38.905613,39.533884,35.344731,34.743506,40.400677,41.639895,37.058692,38.789440,36.007149,39.418012,36.683677
WinMart+,39.759460,43.887696,36.017090,33.844156,45.132205,39.129861,38.706872,37.759423,39.303707,43.149584,29.062783,44.923716,41.087235,24.847399,41.480762,41.117945,0.000000,41.739003,33.253039,44.333216,46.988119,47.291289,40.418500,44.214411,42.708930,40.010819,43.150808,33.317986,38.090981,41.212869,40.462757,44.751053,35.649024,38.271308,34.068976,44.320681,40.248775,39.860555,41.565865,42.431168,35.618424,46.918532,40.240185,33.929209,40.767768,38.902322,46.904368,39.536027,37.161944,37.465852,46.940286,43.295413,39.242666,39.428512,34.266704,32.872664,39.887479,32.636349,34.256538,41.777201,45.234031,39.209629,47.450913,40.870104,43.258534,38.424217,36.115598,52.359237,37.152344,42.241985,42.661838,45.803820,40.156536,41.668653,45.272588,42.894058,51.997115,47.196773,35.468256,42.858893,49.195979,47.517986,50.079936,46.951819,36.051977,44.616869,46.564067,38.804986,34.823851,47.266599,43.077890,47.899240,46.479536,46.016197,36.759535,44.450026,44.115587,45.706703,36.316800,48.237638,43.684037,39.745977,43.322168,43.305977,44.201601,44.654875,44.855807,48.335266,39.747305,40.310224,47.096335,47.077941,45.827707,44.360541,48.765706,43.355683,48.432735,42.259451,41.842921,47.332644,39.814076,46.579050,36.862134,45.118288,37.593346,46.046180
Cà Phê Parkland,35.205365,37.205985,33.138634,34.958082,32.265395,32.464857,33.054480,40.921272,30.371942,39.731484,34.363305,39.033813,30.733089,33.196774,34.198052,36.218826,41.014408,0.000000,25.294487,35.160830,37.645205,42.464680,35.566241,34.524330,40.781075,20.581694,40.892341,40.308408,42.739010,27.507544,37.732236,40.136969,40.064556,29.409002,39.367258,35.020303,37.385732,37.374474,30.785390,38.681792,38.638733,42.286280,37.443207,40.016749,37.035515,28.603200,42.635737,41.995097,27.928081,34.380603,38.384228,31.283335,35.618197,30.751372,36.702587,37.328272,31.354017,37.312661,25.135507,38.244096,45.233300,26.838387,33.701432,33.652634,34.354883,30.929012,35.866740,48.544595,29.608826,38.852976,43.391803,37.348859,41.942262,43.182202,34.695790,30.694725,48.521971,44.436119,28.519012,29.641647,39.698446,37.838275,42.592766,43.706965,38.091576,44.746584,36.496091,40.475185,37.944837,38.770467,35.125366,38.551891,38.240449,37.991801,38.745244,38.279968,37.878783,34.773360,39.152672,39.734082,36.329653,40.137545,37.888695,36.632120,36.493687,37.939549,38.214577,40.189262,36.886476,35.380590,39.801895,41.330164,39.832080,38.289912,42.645761,38.426807,42.420599,36.164178,36.533734,40.550414,40.531148,40.657076,37.781959,39.147999,38.433204,40.951607
Trường Mầm non Định Công (Cơ sở 3),31.603987,32.678040,29.963627,30.809479,28.545446,25.615980,30.312865,33.592809,27.250058,32.120845,30.657504,34.191534,23.043526,30.191101,30.794386,31.258508,34.907243,24.233736,0.000000,31.808801,32.846257,37.255852,32.472338,28.219617,28.393475,23.942975,34.545444,35.581018,36.897981,26.879462,33.502609,35.864366,36.202499,24.851654,35.574217,32.215117,23.089422,33.794758,23.933635,35.477178,34.738827,37.245808,33.322403,35.640821,34.226664,26.084678,37.816354,37.891522,23.430001,31.660888,34.529738,30.081043,33.196558,26.151229,33.854391,34.450922,26.745080,34.445792,24.527342,35.153166,39.460331,23.616877,28.923920,29.721721,30.310562,27.202362,33.528591,42.250104,26.023007,35.882656,40.087228,29.287067,38.183203,38.553535,30.505615,28.280916,42.692305,40.704881,25.501791,27.354448,33.290377,29.933066,37.689171,39.717024,36.266366,39.977166,31.528010,37.970923,35.270272,28.657689,27.487508,30.482672,33.324461,28.623497,36.692098,29.583515,24.641636,31.041486,36.257218,33.897009,28.714403,36.072267,27.208262,28.150858,28.664988,28.539839,29.244088,32.227265,33.288897,29.262683,34.675561,29.515101,30.737530,29.740289,37.038738,33.812906,32.704796,29.921380,29.753273,35.422118,39.250160,30.997953,36.903145,35.134686,37.522807,31.202459
Highlands Coffee,39.798819,42.351958,38.442925,40.421224,42.533278,33.893469,41.905505,44.300428,34.905736,33.222341,40.737600,24.141628,36.473962,39.639662,41.344772,28.727900,43.853252,35.487617,31.654901,0.000000,44.390037,38.941245,29.001229,37.776471,28.411128,34.981133,22.545902,43.062799,44.618597,35.998055,18.480946,35.039284,36.147260,30.983024,37.108223,43.120661,30.345878,22.470094,30.983511,38.222361,45.032559,38.761564,19.598831,42.719228,34.343968,35.095394,39.737449,37.727829,32.887970,19.707247,44.822758,42.658197,32.656037,32.473396,43.255035,39.970087,31.370874,34.242540,32.114506,34.592185,46.262703,32.792176,36.956756,34.570840,42.746356,34.316737,41.718300,48.662745,35.823583,35.867185,37.143782,36.583614,43.520642,44.650267,43.998577,42.452297,48.616134,43.378690,29.672183,33.584654,39.511960,36.295277,47.078568,42.332530,35.300363,45.729303,37.890010,36.136567,40.129310,36.301495,33.792456,36.686831,38.744037,35.398633,35.775848,35.315068,30.266065,36.791864,41.207366,39.547125,34.315156,36.548566,32.170425,34.063917,36.728205,34.734148,35.306488,37.595005,40.199274,30.206979,37.959999,34.973594,36.683679,35.381108,39.769266,35.369125,38.287271,34.760071,34.320027,35.953410,42.220311,36.209089,39.426183,35.376529,40.043676,35.958417
WinMart+,35.058406,38.992180,32.364022,32.763243,35.340845,32.999612,35.265087,38.434370,28.640014,39.024329,29.715027,41.427973,33.726963,28.033614,23.428881,37.565545,31.971354,35.107879,28.735842,41.309238,0.000000,44.445765,37.481909,39.835782,38.528904,34.376352,39.980396,38.963018,44.006958,40.557027,37.797171,42.002344,39.015407,34.878032,38.259585,30.989335,37.542299,37.236802,37.369772,40.175567,29.862369,44.186065,37.583428,38.779508,38.507686,36.834607,44.387328,41.087033,33.762413,35.149991,38.500292,34.693944,37.036214,36.001218,35.476909,36.412972,36.458803,36.378027,37.930674,39.618237,44.189755,37.200959,41.867160,42.930303,36.782376,41.642190,34.353673,50.134063,34.215976,40.205123,42.785353,42.056592,41.140794,42.240948,38.617742,37.058907,49.962539,45.571937,39.609299,39.735337,46.267967,43.795715,46.539702,45.035776,37.585203,43.913443,42.295991,39.897234,40.822167,43.958255,38.947044,44.475215,43.067534,42.534119,38.221903,41.505996,41.072092,41.987925,38.392133,45.285110,39.953754,39.401285,40.560591,39.874540,40.406143,41.471413,41.754911,45.556943,34.122643,37.440707,44.251763,44.870145,43.239530,41.449648,46.847236,40.874901,46.464620,38.968041,38.975547,44.768882,40.258121,44.188993,37.539531,42.405603,38.199433,43.912604
WinMart+,41.769702,47.785834,39.422092,42.012785,45.678770,38.803723,38.601177,47.917315,41.263893,39.662332,42.510793,39.599264,40.679611,40.967737,43.224998,37.708282,46.593814,42.646828,34.534768,39.888120,47.684565,0.000000,34.327337,44.290167,37.416027,41.346593,40.661054,45.099110,47.177126,42.148038,32.556270,30.863287,33.271039,39.879640,34.578450,45.364992,40.938172,34.279553,38.209099,34.859921,47.748043,33.743125,37.678356,44.570806,29.003555,40.261029,36.084095,34.794246,40.171584,32.419063,47.471762,44.356342,26.880956,39.376369,45.193030,40.953549,37.355490,31.668915,43.533414,31.006436,48.953101,39.404940,47.835377,40.794510,44.237588,39.687290,43.018898,49.367055,42.449424,32.204801,34.939208,46.262831,45.143867,46.767546,45.986258,43.778444,40.943584,42.554157,35.160208,38.352509,49.281873,47.819146,50.049126,37.306347,32.375432,47.988422,46.981734,32.418305,41.066461,47.568423,43.878609,48.142667,46.885074,46.433486,32.760273,39.460124,35.156429,46.181759,42.289048,48.430435,38.660025,35.408088,44.474961,38.531314,44.758617,39.275853,39.666458,48.509990,40.951958,43.414601,47.387122,38.969438,40.745197,39.451532,48.864909,49.052843,48.564647,38.367394,37.787584,47.580434,41.928871,46.868640,39.016482,45.516238,39.658837,39.342453
Trường Mầm non Hoàng Liệt (cơ sở Tứ Kỳ),36.041849,37.353395,35.355041,37.590594,39.096823,37.178915,37.731588,41.121907,37.455011,37.673826,37.849898,28.082806,38.881362,36.962681,38.597542,34.115197,41.155356,37.696743,34.053034,31.117766,41.443728,33.026565,0.000000,39.447863,32.532854,37.075224,31.380134,40.811676,42.251843,37.868325,28.004743,30.166467,33.880918,34.756459,34.923476,40.605225,34.938137,24.723285,34.037181,35.254490,42.648886,33.302055,27.344513,40.623110,30.954973,36.833447,34.989444,35.147319,35.767878,25.542770,42.439030,40.523020,29.469100,35.245764,41.053662,38.350234,33.870494,32.407421,33.894520,31.310028,44.135673,35.415443,43.250226,36.862778,40.851365,36.310252,39.782235,44.310187,38.113689,32.827853,35.200069,38.047695,41.938075,42.834692,41.930493,40.682154,44.876636,40.905250,32.089305,35.413704,45.044146,43.937028,44.926649,39.230882,33.828775,44.005912,43.240433,34.268176,38.695747,37.749261,35.422928,44.244579,43.540591,43.238166,34.229919,36.778631,32.375796,42.969600,39.748169,44.648189,35.928360,34.949075,33.808329,35.734437,37.943563,36.379669,36.844496,44.786449,38.650135,31.217092,44.151250,36.403901,38.014289,36.811384,40.611464,36.005601,39.344565,36.066290,35.601888,44.443457,41.563942,37.440707,38.875507,36.592065,39.493230,37.107510
WinMart+,42.218755,46.017172,35.372401,37.118071,45.208039,36.876697,34.978116,42.125597,34.202797,41.441766,36.114650,40.157844,37.368300,39.031435,40.461202,38.323120,41.917193,35.140819,29.395264,36.780532,40.128209,42.892834,36.934640,0.000000,41.869668,35.656174,41.898747,41.108302,46.948025,38.598497,39.029395,40.870705,40.741275,35.630983,40.151532,35.456248,38.738899,38.494790,39.075926,39.440730,41.769817,42.756683,38.756539,40.790000,37.948537,35.416613,43.014921,42.398839,34.271434,35.839456,41.281474,29.188056,36.634838,36.984781,38.064931,38.484621,37.540876,38.121533,29.609609,39.060964,45.617608,31.670707,40.929065,38.958210,38.142038,41.200279,36.460028,48.161448,34.742483,39.518544,43.921466,41.590176,42.702799,43.970894,40.464654,29.597692,48.171863,44.516842,39.093093,39.301261,45.982816,43.321074,47.495398,43.869856,38.563745,45.338095,41.721695,40.861750,42.256899,43.562507,38.342335,44.074551,42.586325,42.117121,39.201519,41.171634,40.729644,41.450897,40.049644,44.975433,39.488436,40.649602,40.259935,39.466519,39.932036,41.113053,41.404911,45.281167,35.460111,37.106470,43.959612,44.668962,42.972348,41.124822,46.704066,40.608071,46.305052,38.577442,38.585509,44.518626,40.876899,43.955294,38.135112,42.076055,38.771131,43.703623
WinMart+,38.066026,39.605195,37.163111,38.827612,37.707131,39.067880,35.445619,43.217532,36.800690,43.187826,38.141767,30.104619,40.373742,36.993605,37.779728,26.059979,42.861892,37.937486,29.328051,27.028135,40.460628,43.929819,31.171895,40.771000,0.000000,31.468398,30.590787,41.956824,43.867082,38.120918,30.077003,41.686228,41.491447,31.958896,40.984127,38.995621,26.489114,31.268793,35.903503,40.009582,41.095583,43.716809,29.790860,41.629874,38.433657,36.524348,43.933866,37.928379,28.992553,27.997285,40.970174,36.020349,37.036611,36.846235,39.507745,38.920659,34.630134,38.966549,36.916891,27.348320,45.563922,26.750374,41.136865,40.091695,38.210000,37.967033,38.603190,49.370373,31.459920,40.045521,37.278507,40.896280,42.721334,43.851211,38.427590,40.099085,49.281365,31.276827,29.346409,30.642084,41.252350,39.702002,43.633590,44.630193,36.301180,45.055363,38.753135,38.389438,39.215367,37.512675,34.036374,40.262700,39.773570,35.988985,36.852227,33.151360,26.894553,39.025727,40.310712,38.111705,35.344335,40.452047,29.726377,31.496187,35.384751,32.191581,32.987362,41.155772,38.323234,31.807207,37.113399,32.869805,34.762222,33.277610,38.733356,37.474883,36.862790,32.905128,32.453596,39.681276,40.986085,34.478448,38.324631,33.665021,38.945054,34.368124
Trường Mầm non Sao Mai,34.836385,36.515611,33.020053,34.562422,32.207761,32.342838,32.942131,39.308293,30.657922,38.111312,34.050383,38.185497,31.159732,33.059966,33.929353,35.544745,39.757729,27.807076,20.321990,34.820642,36.909120,41.351284,35.227201,32.246869,39.388587,0.000000,39.564909,39.406570,41.465561,27.605579,37.084460,39.342118,39.368618,26.544855,38.719966,35.589458,36.772054,36.863679,26.553805,38.173803,38.410656,41.269136,36.829784,39.206222,36.657486,26.717799,41.652783,41.194350,25.056719,34.198169,38.177164,30.791405,35.361692,27.863682,36.853402,36.898056,28.482464,36.892963,24.389394,37.773368,43.894000,24.795223,30.856350,31.229084,32.159584,28.596788,36.115341,46.973710,27.350865,38.380440,42.711066,30.425568,41.186599,42.182228,32.479793,29.309866,47.092113,43.680000,26.610685,28.205738,36.432035,35.018399,41.601097,42.869760,37.857385,43.666966,33.899691,40.046153,37.517649,36.141156,33.427123,35.657898,35.854084,35.693304,38.470324,36.535551,25.465221,32.876268,38.664366,36.856658,34.552195,39.199966,27.908710,34.995702,34.584318,36.071478,36.329919,37.337014,35.143405,29.856748,37.379568,39.213770,37.880989,36.578573,40.099151,37.037815,39.973109,34.742010,35.312628,38.177195,40.332348,38.598145,37.677268,37.335449,38.313696,39.157373
KFC,36.757262,38.891622,35.756175,38.211025,40.336181,38.377687,32.788366,42.563584,37.449679,41.177855,38.594282,40.286618,41.336247,37.312601,39.432266,30.812642,42.195240,38.682957,32.781136,34.771079,42.632656,47.862718,37.436945,41.322551,27.503111,37.484700,0.000000,41.380869,43.248372,38.687137,29.002236,42.182272,41.726338,31.308110,42.703080,41.482376,30.383314,31.863357,31.143695,39.781942,43.616631,47.004858,28.167368,41.074906,39.330334,36.977185,46.939653,44.900502,33.682897,25.446426,43.469968,41.131316,37.291832,33.050595,41.647778,38.473202,31.491134,35.290727,32.947363,25.726494,44.962210,33.474362,39.256590,35.807466,38.485987,35.313969,40.432321,55.812554,38.031568,40.359850,42.197475,37.849071,47.462561,43.316183,42.665936,35.682692,54.812908,30.894755,29.383974,34.101024,41.915145,37.279812,46.107722,46.954100,39.248200,46.612778,39.912237,42.358251,40.814459,37.405112,34.173652,37.782706,40.551117,36.195428,40.089804,36.284551,30.247850,38.277830,43.363188,41.766736,34.969064,43.681451,32.431153,34.764082,37.746019,35.599576,36.232772,42.023647,38.767797,32.771542,39.164556,35.749647,37.888887,36.227552,41.233645,39.235884,39.653625,35.377375,34.703403,36.665661,42.675675,37.080127,39.530560,35.969386,40.183749,36.718696
Trường Đại học Công nghệ và Quản lý Hữu ,38.709180,41.654227,35.924033,34.494613,41.761876,38.239448,45.822211,36.590385,38.416785,41.349517,37.968188,43.031227,39.521578,29.657551,39.932760,39.967322,33.489675,40.091160,33.798027,42.791146,43.673064,45.211612,39.711067,42.148486,41.321507,38.989524,41.662683,0.000000,30.567145,39.948626,39.654447,43.271263,30.987745,37.837820,29.184859,42.247833,39.467332,39.161633,40.411069,40.014436,39.187402,44.879094,39.466895,18.430114,40.171570,38.301793,44.994696,35.316061,37.020397,37.226595,44.371911,41.851248,38.869947,38.881170,37.566473,27.127878,39.242883,29.264615,34.502016,40.900176,36.579239,38.769735,45.100293,40.093246,42.055225,38.010549,38.100506,49.452591,36.928211,41.499691,39.951477,44.321771,35.643269,35.282946,43.465689,41.778777,49.373134,45.798567,35.500988,42.117870,46.886206,45.555667,47.124314,45.530019,34.527342,39.700856,44.759711,36.861444,30.749407,45.503621,42.217800,45.896201,44.927471,44.550758,35.061345,43.439291,43.146140,44.273874,32.233497,46.275145,42.665179,35.864595,42.543483,42.403094,43.066872,43.552877,43.737078,46.405227,39.341224,39.895378,45.530297,45.743187,44.641887,43.373405,47.090980,42.624681,46.832137,41.545021,41.279815,45.798077,38.926486,45.292906,36.085127,44.039398,36.835906,44.967215
Không có tên,41.473331,45.015988,38.632001,38.191920,46.370321,40.968634,50.413488,42.784468,41.029406,44.261144,41.619810,45.623046,42.862957,32.414231,43.033150,42.364903,40.691399,43.267460,35.307601,45.024959,41.225795,47.542969,41.511221,45.933853,43.667260,41.602533,44.049322,31.250945,0.000000,42.548262,41.503319,47.192963,36.229872,39.494852,34.354767,43.557916,41.331591,40.950485,42.639579,42.736141,43.042503,47.274116,41.306362,32.438328,43.064691,42.559576,47.235231,40.660737,38.452441,38.619972,45.259304,40.119160,41.556811,40.538523,39.908388,32.080078,40.948892,32.665016,42.244105,42.545737,46.223624,40.098982,47.027855,41.766807,41.982934,44.924785,40.738347,52.076808,38.325208,43.431670,37.921229,45.463542,40.110089,41.837265,43.878793,41.724711,51.780841,47.396602,42.867894,42.532031,48.913636,47.186089,48.705534,47.190328,36.230983,45.160479,46.190786,39.217726,34.371504,46.959763,42.668471,47.583846,46.134558,45.692691,36.988949,44.150756,43.808272,45.337234,35.963853,47.955298,43.327575,40.015403,43.040495,42.974692,43.845612,44.340131,44.549447,48.061824,38.731396,40.020558,46.822951,46.845803,45.562438,44.070690,48.566634,43.106986,48.225296,41.936483,41.533793,47.075917,39.776415,46.338818,36.766283,44.840625,37.506647,45.822367
WinMart+,30.408288,32.845246,34.479010,36.022164,28.953225,35.089650,34.213730,40.449127,33.007733,39.591718,38.072061,39.087868,34.999178,40.051660,41.608302,37.033865,40.626164,29.834332,28.665227,35.946355,41.614946,41.863552,36.184853,38.659517,40.397827,26.662877,40.499630,40.109781,46.537808,0.000000,38.035769,39.987529,39.948598,28.224461,39.358068,38.444029,37.764847,37.699291,28.978198,38.762128,42.615065,41.777043,37.806004,39.875713,37.326340,25.469358,42.102631,41.618502,26.871510,35.188171,42.239510,33.029620,36.077741,29.457090,39.645101,37.486955,30.010604,37.503274,22.085741,38.385318,44.176848,26.127132,35.405975,40.950917,35.681275,39.184841,38.001086,47.023015,28.640939,38.901236,42.934181,39.367689,41.529363,42.535197,36.125596,30.375797,47.124888,43.881763,37.324632,37.896671,43.860370,40.775885,46.779166,43.136111,38.216528,43.896865,38.788286,40.368464,37.990687,41.534350,36.188326,41.745365,40.624729,40.110236,38.822183,39.752235,39.260373,35.905582,39.103808,43.076371,37.571249,39.390438,39.014267,37.790692,37.892201,39.503286,39.836352,43.539161,38.286635,35.910773,42.366249,43.571771,41.701349,39.729474,45.672859,39.526880,45.265415,37.057620,37.377366,43.131308,40.492115,42.766456,37.860869,40.801014,38.489870,42.721665
Không có tên,35.301557,36.313517,34.738455,36.813610,38.161499,35.705685,32.157009,40.039357,36.035419,35.849831,37.110530,36.133882,38.181958,36.106698,37.868599,30.638840,40.131694,36.790123,32.360213,18.263057,40.292859,42.811257,27.742986,39.067172,28.380163,36.064277,30.333330,39.731990,41.257769,37.080696,0.000000,39.297637,39.923554,31.057877,40.804846,39.687442,30.411704,26.131721,31.009695,38.148056,41.535169,42.553657,20.192198,39.553562,37.666453,35.930953,24.165850,42.219974,32.859540,19.903854,41.427321,39.663125,36.075812,32.455635,40.036688,37.521482,31.328067,34.659639,32.665708,23.172879,42.885988,32.823466,37.919531,34.653099,37.465850,34.473280,39.195276,49.729274,36.096308,38.653335,40.514664,36.755903,45.316786,41.632711,41.022762,35.114052,49.615794,29.807689,29.603053,33.593446,40.398954,36.401807,43.852062,44.025489,38.429929,44.491795,38.712030,41.083481,39.643055,36.420925,33.709324,36.851471,39.413930,35.504232,39.141692,35.454890,30.307142,37.413414,41.853757,40.390510,34.398141,41.378228,33.312043,34.180549,36.885881,34.876047,35.450536,40.631425,37.958131,31.904662,38.135610,35.099553,36.859483,35.519728,39.978843,37.910163,38.480522,34.870690,34.306110,36.050692,42.093178,36.334142,39.192571,35.427404,39.823208,36.085342
WinMart+,39.563016,42.549644,33.330522,40.335105,42.711148,37.608966,39.926037,44.679382,39.888496,37.931619,40.697560,41.722423,39.255891,39.534966,41.371334,36.690444,44.128086,41.091461,34.325788,41.565045,44.747652,29.701405,33.999865,42.619305,38.822557,40.122120,39.122817,43.268418,44.927552,40.849560,34.914172,0.000000,34.171023,40.972423,35.379316,43.306017,41.998020,34.032218,39.335012,36.008136,45.382566,26.025075,36.926757,42.899203,23.992036,39.376455,29.127122,35.745064,41.097445,29.259491,45.157109,42.776759,22.153798,40.352626,43.422074,39.973450,38.414860,32.435412,42.458647,42.107276,46.669778,40.340700,45.728342,41.556646,42.856473,40.474600,41.763603,39.162933,43.062814,28.652523,35.626978,44.850580,44.865292,44.960053,44.217799,42.539115,38.447803,37.940216,36.319290,39.172687,47.274418,46.043148,47.562127,34.915736,31.300420,46.106538,45.313338,30.972536,40.156887,45.958045,42.828879,46.350560,45.406599,45.038231,31.644839,40.114973,36.208204,44.794357,41.335518,46.688134,39.398111,35.717905,42.096732,39.294283,43.620541,39.997578,40.330448,46.793435,40.167240,41.027863,45.935070,39.641541,41.301606,40.099014,47.371642,46.451831,47.129252,43.396609,42.048368,46.169763,42.013707,45.664594,39.133042,44.469002,39.768460,44.156611
MM Mega Market Hoàng Mai,48.116364,52.937627,40.209502,33.715539,50.175139,45.173038,50.882670,34.736493,45.863319,47.008057,36.189416,50.988934,37.453319,30.500650,47.618291,47.926339,32.886064,37.965393,33.473922,49.292937,50.978756,46.686025,43.431471,39.658847,43.886502,37.318885,48.625613,30.415664,34.033774,38.096029,40.738490,46.293549,0.000000,46.160479,18.836094,39.468871,47.823142,42.140415,43.770435,40.226488,38.964494,50.753178,44.695708,31.123871,41.264809,37.044847,50.422001,27.316487,45.682080,43.754238,40.674967,37.980101,39.482712,44.730309,37.665886,31.238782,42.254511,22.035820,34.105415,43.647038,38.184295,44.585581,42.181591,45.710611,39.516135,44.156300,38.101229,56.682738,47.521106,41.900171,32.240124,44.852035,36.859380,37.047548,40.422666,39.438726,55.833370,49.405863,44.443257,42.474401,44.050379,43.000981,43.188624,49.740955,32.823694,39.507498,42.329170,35.745761,33.052305,43.139357,43.086921,43.317123,42.720140,42.442946,33.424351,44.374334,42.344966,42.165832,35.851876,43.745817,43.733148,36.024068,39.899094,43.710592,41.274037,44.554551,44.796757,43.901490,37.638227,40.525061,43.357220,43.735503,45.651751,44.292534,44.851851,44.924186,48.602633,44.588906,41.967420,43.674526,39.172063,46.377494,36.477319,44.875964,37.180040,45.357138
Trường Tiểu học Đại Kim,34.616135,35.228809,34.223688,35.087908,33.828672,37.052214,31.840806,37.967330,32.990747,34.387282,34.771415,35.065324,29.521401,33.963931,42.884072,30.513658,38.411233,32.275867,25.111655,32.167643,36.590857,40.976198,34.811881,33.968422,31.900254,26.896158,31.284917,38.269947,39.714270,28.754952,30.531706,38.180851,39.103485,0.000000,39.928490,41.533239,19.179758,31.630463,25.748271,37.309990,43.299381,40.885505,27.686422,38.176367,36.969156,27.949825,41.334254,41.049303,22.349429,29.811187,43.195853,37.826413,35.566295,30.147255,41.647543,36.452927,28.711501,34.378064,35.299121,37.275954,41.479463,26.367848,39.640490,36.119762,38.992001,35.105739,40.547737,47.245255,27.523616,37.901379,39.725265,39.011066,44.253290,40.380780,39.212297,38.893667,47.346920,32.340522,26.248026,28.616883,39.789083,38.086123,45.462578,42.712771,38.013030,41.543810,37.190587,40.416880,36.937425,35.543955,32.288106,38.708661,38.526508,34.261026,38.675604,31.522814,24.810916,37.745280,41.097321,36.698195,33.765194,40.252124,28.147816,29.669568,33.781433,30.298746,31.218499,39.875028,37.269378,31.915536,35.758074,31.324177,33.175294,31.698801,37.584697,37.905586,35.556947,31.582600,31.213538,38.598618,41.756366,33.131053,38.999296,32.432188,39.614493,33.161407
Không có tên,28.669054,49.811580,27.388364,33.947341,39.170245,37.038997,47.516154,35.117106,37.209050,45.279344,36.553965,48.011819,37.867530,30.493100,38.278771,46.214549,33.126524,38.379715,33.589736,47.002344,40.952441,44.766004,42.190399,40.130991,42.911027,37.666935,46.823240,30.399807,34.505891,38.468922,40.027697,44.587383,19.897917,44.895471,0.000000,39.957596,46.210808,41.231137,39.039156,39.447584,39.453182,48.412726,43.621081,31.182018,40.511748,37.318401,48.304893,21.798887,44.598963,42.911099,41.196865,38.311615,38.945576,43.779613,38.030426,31.310195,38.234830,21.449856,34.230042,42.713167,38.979008,43.676433,42.728232,44.710505,39.880764,43.387902,38.482328,53.747514,46.264950,41.138754,32.627328,42.619718,28.193641,37.596539,40.870052,39.778562,53.262236,48.099831,43.707875,41.912708,44.605397,43.498125,43.793214,48.178279,33.006243,40.195869,42.801441,35.614139,33.219603,43.603423,40.862572,43.822431,43.151098,42.857343,33.549077,43.705382,41.808273,42.580267,34.487996,44.242882,41.319130,36.191921,39.577524,43.066669,41.622246,43.836243,44.070185,44.398556,37.870567,40.195299,43.788172,44.232565,44.883903,43.640390,45.307618,44.329951,45.114916,43.969861,41.554954,44.097327,39.121140,43.815360,36.443275,42.710535,37.145975,44.705014
Không có tên,40.381584,44.944707,38.121962,40.559180,43.510599,38.366626,39.164925,47.465238,35.937438,44.027073,30.349973,45.819953,40.353634,35.748229,35.476269,41.734631,46.026922,41.131047,32.422324,45.073629,31.017531,48.183856,40.900473,39.876155,42.375840,39.377150,43.824420,44.222548,45.387959,40.719780,40.890461,45.448830,41.280491,37.823210,40.641224,0.000000,40.677789,40.256472,41.174704,42.891122,37.572143,47.754479,40.660940,43.655194,41.149777,36.244576,47.674460,43.075540,36.669716,37.725951,36.621443,32.618186,39.555230,41.288841,33.371291,36.881182,40.890768,38.382774,37.670744,42.190826,44.379101,40.288697,42.569873,43.312476,35.673149,41.906207,32.773098,53.368281,39.574175,42.658798,43.101467,42.411843,41.555239,42.733952,37.580794,36.155122,52.906836,47.705054,39.579991,39.714306,47.673800,44.606012,47.581410,47.537993,38.734642,44.348701,42.808419,41.129376,41.331038,44.661178,38.843109,45.392885,43.557544,42.939105,39.407427,41.678567,41.203636,42.304878,38.781048,46.252332,39.986582,39.689185,40.635078,39.899415,40.489067,41.669979,41.978444,46.524586,33.149016,37.300411,44.872161,45.399411,43.595022,41.615248,47.699033,40.957511,47.233536,38.901995,38.906015,45.405977,40.407400,44.652343,37.661985,42.670502,38.315512,44.259998
Cà Phê 3k,35.673971,36.443400,35.165108,36.839622,37.858645,36.050076,33.246475,39.356904,36.227375,36.207628,37.089195,36.548652,37.838901,36.225108,37.678584,32.847498,39.562261,36.827903,26.477697,34.341682,39.642414,41.387875,35.937335,38.619080,30.626054,27.748424,34.279158,39.265963,40.559870,28.921524,32.782318,38.856001,39.515906,23.558097,40.275354,39.228130,0.000000,33.319408,27.717467,37.902965,40.774473,41.308091,30.425508,39.130242,37.609552,36.491664,41.682570,41.347472,30.423703,31.893604,40.699232,38.397551,36.286479,29.241169,39.548945,37.354480,28.927384,34.985839,33.428028,37.905087,41.967019,30.845179,36.505671,32.074954,39.364551,32.343203,38.852324,46.956190,36.827844,38.427311,40.045673,35.545385,44.228433,40.936977,39.561177,39.324957,47.074398,33.101900,33.738444,32.871764,40.112113,35.331800,42.749762,42.854286,38.352306,43.490260,38.076056,40.657158,39.286525,36.950951,33.187549,35.822367,39.032283,35.593105,38.991033,35.492264,28.218453,38.399752,41.250637,40.470080,34.055048,40.206644,31.199397,33.688679,37.420462,34.648730,35.494352,40.321940,39.771513,33.983530,39.091114,34.996041,37.467189,35.577742,41.488203,40.717360,39.600774,34.717150,34.080515,36.283197,41.839804,36.679353,39.130724,35.509326,39.730248,36.295887
Không có tên,35.750675,36.748332,35.151282,37.132281,38.404144,34.931968,36.898165,40.192006,35.491217,34.750528,37.424242,29.607488,36.977787,36.433988,38.100259,31.158904,40.336531,36.050431,32.385793,32.475499,40.499189,33.107920,25.871478,37.998407,29.244065,35.511539,31.292806,39.920521,41.416687,36.397891,26.179504,30.776000,33.752780,31.386047,34.692028,39.903485,30.955598,0.000000,31.292252,34.938390,41.688949,33.454209,25.551966,39.743369,31.205474,35.504643,22.445935,34.932499,32.791196,23.519696,41.569663,39.855995,29.881945,32.477773,40.221866,37.704990,31.521814,32.293204,32.672418,21.600103,42.995113,32.789385,42.387916,34.308694,40.153569,34.171811,39.316102,42.464708,35.389233,32.786125,34.869626,36.207673,41.017194,41.760481,41.178567,40.115617,43.154275,23.141648,30.000502,33.486741,44.124891,35.985921,43.875434,38.383286,33.734999,42.850894,42.502279,34.279950,38.054045,35.967179,33.603237,36.344015,42.806346,35.188351,34.183059,35.104099,30.542860,42.289619,40.923477,43.828782,34.196199,39.943915,32.423708,33.970323,36.395542,34.566510,35.081336,43.977615,38.148026,31.188525,37.528606,34.797994,36.334741,35.164650,39.206243,36.492195,37.815021,34.626529,34.183465,35.729439,41.681859,35.943656,38.964180,35.191148,39.571824,35.733922
WinMart+,37.113252,38.702023,35.741732,37.302364,35.887210,37.166233,35.340390,41.523486,34.869910,40.890479,36.706531,33.614704,30.761917,35.640578,36.411510,31.266036,41.501442,34.552019,23.935707,31.391477,39.083014,38.603943,33.735209,36.293515,34.738445,26.552494,30.655540,40.823534,42.699084,29.330909,30.266729,36.579164,40.547603,26.313532,40.015275,39.007388,22.531907,31.187724,0.000000,39.369324,41.200428,38.661772,28.158451,40.563520,35.821733,28.128410,39.177454,42.094620,22.663157,29.743409,41.040302,31.338486,34.657969,30.038465,39.552945,38.072914,32.946206,38.112394,27.227823,36.135637,44.585565,23.405233,35.745505,37.454128,32.588818,31.128006,38.563716,44.020433,27.970841,36.689869,38.442266,33.742854,41.944763,42.962045,32.886175,36.718028,44.354181,31.936446,26.549831,28.887647,37.011096,33.802355,43.793194,40.785988,37.243109,44.233327,34.271912,39.293356,38.476226,31.790149,29.171950,34.632255,36.250729,31.118979,37.814175,31.804884,24.952276,35.427276,39.574636,34.937701,30.953957,39.659051,28.322473,29.918677,30.929505,30.589180,31.509003,36.659368,35.421391,30.767024,36.114777,31.581420,33.498668,31.972623,35.526513,36.723970,31.927548,31.806651,31.436381,35.994339,40.678734,33.404824,38.054252,35.508143,38.676321,33.410311
WinMart+,45.476861,49.139583,38.028770,35.972037,47.539831,43.093559,46.471620,37.149588,44.082812,44.391458,45.231190,47.123129,43.962765,33.373555,45.597926,45.467877,36.020625,44.979810,38.559867,46.154970,48.602788,43.736224,41.101826,45.994348,42.106779,43.869626,46.117452,34.516190,37.416427,44.390330,38.950399,43.631669,26.924200,44.182236,30.076264,46.896477,45.497384,40.195307,42.197479,0.000000,48.492856,47.748203,42.858145,34.706367,39.555032,42.693659,47.681830,27.861044,43.942450,42.214009,48.300825,45.953159,37.948428,43.115262,46.597909,33.614654,40.954298,22.751896,44.931815,41.917396,39.927746,43.029176,48.482710,44.121046,45.709935,42.806882,39.117201,53.546585,45.708366,40.289811,31.584008,43.618515,40.786979,38.746350,47.113098,45.260634,53.044901,47.692331,43.184695,41.340031,49.499685,48.384346,50.076646,47.695182,32.491286,38.863172,47.745252,35.380963,33.541986,48.150357,41.993295,48.625018,47.598813,47.230274,33.067612,43.231763,41.260394,47.044462,35.551828,48.830242,42.599145,35.679951,39.013563,42.543873,43.935414,43.329920,43.588682,48.877476,42.838305,39.697439,47.953068,42.651341,44.435233,43.167044,48.058409,43.947397,47.319845,43.546018,41.081489,48.097090,39.088635,45.218837,36.391978,43.849692,37.103753,44.314248
WinMart+,39.702080,43.186525,35.325063,35.927908,41.685169,38.073359,38.829077,40.700738,36.174722,42.674300,29.784845,44.312510,39.539529,33.225453,35.978382,40.945559,35.459773,40.201267,33.083145,43.863256,30.716928,46.493846,40.362199,41.421404,41.537907,38.932487,42.762578,39.329394,43.077215,41.662719,40.383380,44.265531,39.984197,37.705733,39.286169,34.909607,40.187867,39.840975,40.528195,42.231928,0.000000,46.223834,40.187769,36.749295,40.695122,38.003685,46.260186,41.904601,36.728588,37.672836,33.286357,30.537956,39.280062,41.784680,28.771127,35.704701,41.486130,37.260571,38.790624,41.620148,42.832274,40.796275,43.355897,43.617833,34.352539,42.386117,25.055462,51.151333,40.136222,42.076479,42.240931,42.858668,40.435139,41.399546,35.871651,35.052983,50.921985,46.743047,40.273820,40.282055,47.227615,44.763670,46.009987,46.442362,38.104431,43.114883,43.296987,40.385291,40.431162,44.785870,39.707560,45.401597,36.879806,43.295241,38.752416,42.059068,41.633862,33.331092,37.775082,46.112072,40.632175,38.624593,41.040572,40.478509,41.117832,42.083604,42.359026,46.342695,32.305485,37.863006,44.946616,45.399318,43.785023,41.995564,47.425863,41.304482,47.026355,39.505370,39.446613,45.405666,40.035752,44.734730,37.352891,42.943256,38.015285,44.367148
Trường Tiểu học Chu Văn An,44.117523,48.576994,41.870809,43.728534,46.797976,41.473790,47.017349,48.385918,42.943329,42.730881,44.158742,43.060799,42.674647,42.666662,44.640750,40.787221,47.283984,44.023222,36.783532,42.653264,48.184440,39.529451,38.157802,45.276240,39.733169,42.828996,42.819315,45.785192,47.668528,43.457385,25.349635,29.375120,38.443551,41.808868,39.369773,46.252876,42.892635,24.698399,40.113622,41.467744,48.139584,0.000000,29.314870,45.265307,26.207460,41.668497,28.162581,40.494530,41.758664,29.340226,47.914026,45.268349,24.639912,41.067851,45.893033,41.818472,39.117820,36.056170,44.300735,26.141598,48.995018,41.052450,48.169964,42.210985,45.011982,41.086954,44.038871,26.340618,43.708444,29.313945,39.211605,46.713048,45.498479,46.974540,46.609629,44.616301,46.380215,40.570953,37.022127,39.760459,49.361337,48.105274,49.996545,38.023959,32.588672,48.003527,47.391236,32.782691,41.774987,47.870911,44.508868,48.378760,47.261617,46.859905,33.058377,40.627890,36.853009,46.649760,42.930120,48.617640,39.945103,38.280327,43.603497,39.849512,45.359679,40.544911,40.869855,48.682276,41.895096,42.493991,47.683245,40.155877,41.791512,40.605563,48.979753,48.299396,48.704158,39.496436,43.350069,47.844683,43.000686,47.181980,40.032983,45.961451,40.653358,40.347383
AEON MaxValu Linh Đàm,33.935702,34.424491,33.634695,35.680843,36.665431,33.748300,30.885631,38.520248,34.794176,33.037514,35.937582,33.746420,36.299520,35.046951,36.677207,28.693118,38.874353,35.361960,31.435318,30.182789,38.921845,40.628668,27.461754,37.634774,26.331615,34.828913,26.461869,38.671118,40.095273,35.838629,19.800210,37.644640,38.789382,27.670769,39.672093,38.540552,25.187194,26.039214,28.510307,36.995908,40.351850,40.530657,0.000000,38.552074,36.465962,34.945845,28.089844,40.817970,29.795986,23.692249,40.251090,38.684931,35.014278,30.122473,39.003215,36.764848,29.405030,33.932642,33.591800,26.952626,41.759014,30.150517,36.853649,32.651968,36.618261,32.773726,38.265420,47.461587,33.255160,37.497150,39.476575,35.454870,44.254672,40.654563,40.014269,36.301322,47.546555,30.540619,27.866718,31.830039,36.448083,35.282764,42.634521,42.596764,37.773818,43.412066,34.825671,40.235868,38.867618,34.833272,32.164398,35.707030,35.999377,34.055078,38.436642,33.904696,28.483333,35.473946,40.968254,34.689057,32.814792,40.213232,34.300842,32.506678,35.494221,33.144202,33.807865,36.774875,35.410025,32.743585,36.825759,33.615500,35.325916,34.006953,38.784564,39.725504,37.136975,33.559810,35.466663,34.861201,41.705700,35.009246,38.906323,34.226767,39.530498,34.857384
WinMart+,39.761381,42.648087,37.223574,36.334093,43.076935,39.317729,46.557870,38.950078,39.447188,42.262572,39.387851,43.803852,40.700705,31.764795,41.004095,40.816089,36.705203,41.171852,34.769470,43.488810,44.678915,45.865835,40.493532,43.038599,42.079534,39.987636,42.409797,19.957336,34.825110,40.872185,40.337375,43.926318,33.100790,38.546448,31.529869,38.745737,40.167529,39.853631,41.193929,40.718808,38.067259,45.486975,40.158729,0.000000,40.803757,39.134240,45.569662,36.941547,37.743930,37.885248,45.129730,42.591933,39.505393,39.580511,36.652051,25.300414,39.934525,30.945480,35.268454,41.468265,33.994666,39.329468,42.062016,40.727271,42.696256,38.652671,37.196072,49.887635,37.569460,42.076299,39.543583,42.118922,34.606528,33.595175,44.132986,42.379851,49.775179,46.184332,36.118907,40.518834,44.245176,43.030554,47.708378,45.979705,35.193793,38.814715,42.251098,37.570323,29.650975,43.177324,40.262046,43.387694,42.699952,42.389700,35.753579,41.724208,41.439566,42.079413,31.173004,43.874170,40.785521,35.159159,41.036560,40.664690,41.088793,41.723455,41.907742,44.046510,39.916272,38.645012,43.419606,43.946502,42.878240,41.692711,45.087484,41.224828,44.878116,39.971767,39.879971,43.769934,38.801123,43.496277,35.938792,42.333890,36.708003,43.377248
WinMart+,38.265443,39.960103,32.205361,39.168331,40.764248,36.897655,36.126765,42.410926,38.905018,37.005421,39.432931,36.645507,38.297099,38.550466,40.023097,36.146003,42.275700,39.917730,34.302453,37.206820,42.613705,29.173485,34.058523,41.279581,36.300935,39.196694,38.113209,41.803548,43.132659,39.832823,32.888985,25.404724,33.179212,37.970387,34.196959,41.709489,38.449804,34.050217,36.994784,34.254395,43.495661,20.560901,36.464209,41.589013,0.000000,38.673787,30.642882,34.289764,38.375426,30.121842,43.303580,41.485708,18.442742,37.871127,41.989649,39.248130,36.496734,31.861789,41.507505,37.972750,44.749359,37.926290,43.957835,38.976501,41.681272,38.316287,40.721157,32.862129,40.043885,24.296142,34.547571,43.576493,42.599264,43.521078,42.737693,41.472683,31.817306,34.790608,34.840381,37.395532,45.504098,44.479850,45.477336,30.218842,29.697579,44.570625,43.849273,28.866256,39.466318,44.510846,41.885623,44.762306,44.066642,43.781033,29.943427,38.362227,34.853152,43.537014,39.757351,45.116322,37.703857,34.199912,40.270256,37.575761,42.587329,38.146608,38.479442,45.230375,39.488902,39.226315,44.603535,37.997038,39.383949,38.363507,45.956922,44.351179,45.764014,37.576904,40.444454,44.862780,41.209875,44.523001,38.639755,43.476701,39.251702,38.411322
WinMart+,39.929819,42.660038,33.708714,34.873538,41.444080,33.711125,39.105070,38.060649,37.292060,37.187691,34.808475,43.630281,33.374450,37.372951,37.476095,35.575182,38.579989,30.006390,26.341028,34.993598,36.849240,45.499391,40.373779,37.243116,38.220171,27.679336,38.395062,38.468180,43.582465,27.381131,36.726608,43.682814,41.058807,28.513362,40.575592,33.875741,36.489700,36.606146,29.209150,42.003901,38.347891,45.340916,36.539195,38.358357,40.656744,0.000000,45.418614,42.476949,27.366146,34.498604,37.969750,29.296025,39.396992,29.566131,36.170614,37.474621,22.232855,38.692365,19.273294,41.512831,43.255324,26.599083,28.043696,38.106548,31.442977,36.115932,35.279501,49.604583,28.822205,41.872963,42.579173,35.901816,41.202426,42.072184,31.917485,27.268320,49.515980,46.089966,34.966473,35.955568,38.641044,36.118980,42.932974,45.709671,38.983030,43.320310,34.263891,41.022514,40.958915,37.663824,33.495556,37.155215,37.111833,36.810321,39.583230,37.543836,37.068600,32.636512,38.986430,38.891508,35.007508,38.844522,37.220486,35.542028,35.097745,37.047825,37.380905,39.537229,35.854790,34.546950,39.174678,41.165742,39.369643,37.579764,42.753987,37.906187,42.478719,35.139246,35.791204,40.154370,40.417199,40.351918,37.880077,38.593261,38.494877,40.745438
Trường Mầm Non Hoạ Mi,43.838294,47.593331,41.840332,43.545500,46.266067,41.472362,46.337981,47.738687,42.834798,42.588880,43.934431,42.849876,42.574386,42.563288,44.391495,40.836154,46.819954,43.840474,37.042259,42.516611,47.604787,39.862306,25.278792,45.019140,27.478604,42.737748,27.376457,45.483961,47.237813,43.324704,24.554961,31.322829,38.619916,31.027473,39.488535,45.896770,28.338345,23.423981,31.028246,41.454587,47.659512,28.455058,28.735420,45.013583,28.043342,41.651826,0.000000,40.555831,30.289179,28.578922,47.450350,45.028244,26.495079,31.965640,45.599644,41.743924,31.290939,36.308514,44.164246,23.949239,48.512148,30.470839,47.739499,33.383255,44.817667,33.344094,43.889560,44.995576,32.195732,30.615788,39.321155,46.456318,45.262963,46.641035,46.295292,44.442618,45.610691,25.166576,30.064457,34.407766,48.914433,47.741136,49.442026,38.398446,32.996226,47.620867,47.068428,33.303698,41.700002,47.539971,44.372409,48.006308,46.972078,46.603319,33.455470,42.024944,41.723919,46.401532,42.824759,48.245176,32.227320,38.191009,37.393226,31.993636,45.177684,32.424262,32.897625,48.318270,41.865793,36.084355,47.393684,32.829118,40.956133,33.088080,48.648765,42.246230,48.397917,32.855683,38.023362,47.563396,42.963031,46.950295,40.059962,45.787753,40.664573,33.847339
WinMart+,50.064445,56.167848,41.509543,37.971355,52.201998,46.598690,54.685740,39.891227,47.075455,48.930310,48.795338,54.220796,47.253232,34.750681,49.061717,49.751545,38.772872,41.213205,40.339948,51.717083,52.813174,48.828284,44.917072,42.624378,45.040898,40.309933,50.505405,37.036730,41.376137,40.979578,41.792665,48.157253,27.426854,47.530244,32.258920,50.269901,49.532301,43.352783,44.768022,41.398244,42.286252,53.157714,45.916592,37.019093,42.232196,39.572045,52.569796,0.000000,46.851551,44.735164,51.707525,48.706705,40.275851,45.785407,40.604264,34.998173,43.028445,19.605982,46.915363,44.760164,43.761292,45.599951,51.557863,46.774841,48.148743,45.004443,40.991635,59.361239,48.798689,42.818336,32.868313,45.650864,42.089893,41.570369,49.932317,47.508948,58.146943,50.652528,45.250907,43.157805,52.285930,50.996958,53.392239,51.194596,33.184486,40.169383,50.299533,36.428146,34.249481,50.556012,43.753111,51.237046,49.872564,49.420717,33.858610,45.098015,42.986268,49.268737,36.420249,51.351531,44.450077,37.123647,40.367264,44.427358,45.753246,45.345972,45.571981,51.349277,44.544294,40.977491,50.143730,44.402756,46.443139,45.001591,50.158118,45.541930,49.501970,45.256632,42.486468,50.214085,39.405414,47.153222,36.604332,45.535996,37.324356,46.024757
WinMart+,33.184638,33.341807,33.397601,34.379042,32.955507,35.848315,30.932936,37.069533,32.097536,32.150806,34.049479,32.953647,28.181053,33.419920,42.458834,28.975118,37.671909,31.159752,24.018435,30.673953,42.528071,38.086246,33.250790,33.043415,29.651838,25.631964,29.647795,37.778450,39.042543,27.724840,29.515880,36.128669,38.004871,24.315026,37.503271,41.052790,28.219947,30.553454,22.867771,35.849260,42.989145,38.099506,27.425545,37.718808,35.477145,27.136778,38.653484,38.959128,0.000000,29.114428,42.780284,37.330194,34.334579,26.019891,41.405831,36.105330,27.094245,36.154021,34.505865,39.498751,41.031788,22.129711,38.868606,33.562799,38.576677,33.374563,40.139272,43.395469,27.835010,36.374952,38.183136,38.007538,39.463978,39.993408,38.722894,38.351005,43.771072,37.027424,24.329409,29.135620,39.050694,37.223693,45.161671,40.444219,37.087142,41.178225,36.353291,38.958885,36.639171,34.434361,30.243978,37.896019,37.935589,33.299728,37.564308,32.686180,24.139195,37.124930,37.607099,35.951490,30.934434,36.986528,28.360986,30.386914,35.151838,31.263924,32.406966,39.226797,36.886098,31.888532,37.111268,32.346690,34.842306,32.870164,39.904453,39.207949,37.587000,32.480553,32.023748,34.335737,39.750571,34.467288,37.415217,33.477629,38.014109,34.332140
Trường Tiểu học Chu Văn An,33.023291,33.172339,32.911516,34.763148,35.368560,32.535014,30.393235,37.041897,33.832151,31.642738,34.915609,32.383717,34.772409,34.208259,35.588874,28.433300,37.553579,34.218167,31.009320,29.548177,37.511193,38.402088,26.486626,36.258137,28.257376,33.902064,26.889225,37.559668,38.749880,34.795276,20.650701,29.818242,37.612235,29.737788,38.430515,37.334403,28.206962,24.930795,30.019968,35.931160,39.024418,28.942360,25.840427,37.508035,28.138291,34.173357,27.765110,39.247850,31.217177,0.000000,38.871542,37.662058,27.188815,31.422460,37.909568,36.021912,30.564078,33.378129,34.081312,26.332313,40.407660,31.381746,35.852915,33.549655,35.841903,33.468812,37.297741,36.094892,34.098459,29.664712,38.339854,35.794267,42.822286,39.497981,38.867174,36.559399,37.240398,28.278001,29.031133,32.555503,36.663952,35.606134,41.096518,34.223928,37.099548,41.998960,35.165614,31.989154,37.978487,35.215338,32.799532,35.988956,36.276520,34.461126,37.687814,34.343352,29.409991,35.780401,39.891960,35.020546,33.353153,38.708932,34.384144,33.086054,35.775972,33.690409,34.279691,36.948857,35.695824,32.801945,36.999729,34.053941,38.683261,34.420586,38.801082,39.907277,37.285606,33.956621,35.609424,35.142343,41.188418,35.315181,38.573106,34.573573,39.173772,35.146739
WinMart+,42.228930,46.371357,39.927674,42.315798,45.617868,40.492961,40.650312,48.613452,39.066011,45.366983,34.268504,46.778168,42.605026,37.869298,40.226483,43.101080,47.080937,43.084224,34.431930,45.973674,37.544577,48.782893,42.070199,42.475413,43.593446,41.236423,44.906955,45.203534,46.270001,33.585062,41.999451,46.239327,42.107521,39.106918,41.543154,38.535569,41.820839,41.378292,42.454827,43.699621,41.668618,48.383865,41.778906,44.609674,42.045966,30.050841,48.262422,43.722369,37.987892,38.841217,0.000000,26.785735,40.505079,42.111237,32.442553,37.849813,41.829901,39.238768,39.106521,43.043729,45.082087,41.030754,44.564038,44.077251,28.305141,42.915552,28.554474,53.518024,40.450262,43.398228,43.568573,43.471120,42.218790,43.443181,32.640887,27.699538,53.072772,48.086957,40.561572,40.514310,33.569778,45.640810,42.734258,47.990397,39.260193,44.893479,34.528340,41.642684,41.838511,45.538906,40.019936,46.294770,33.987202,43.899156,39.934541,42.438812,41.997427,33.296227,39.539568,34.515730,41.029447,40.117513,41.330299,40.826185,41.564971,42.514146,42.798064,47.178636,30.740839,38.029260,45.584178,45.904484,44.232227,42.368667,48.080119,41.578154,47.639212,39.787572,39.615911,46.019070,40.682566,45.223950,37.943386,43.333235,38.590544,44.756836
WinMart+,39.418091,42.462785,37.884505,39.605998,41.019028,37.971411,38.677095,44.006954,36.313862,42.084124,32.539457,43.617760,39.239865,35.880998,36.200156,40.596610,43.560254,31.536091,33.431933,43.283926,33.877529,45.676818,40.103292,29.406322,41.156366,38.741917,42.272161,42.614472,42.646241,30.259990,40.150340,43.694564,40.327073,37.672032,39.793999,32.981339,39.972129,39.650104,40.238088,41.899253,36.887222,45.487445,39.963736,42.253483,40.460515,26.767227,45.565339,41.869660,37.129499,37.639790,26.848905,0.000000,39.134372,37.094603,30.663493,36.660676,36.355082,37.949482,24.447456,41.338822,42.550267,36.933004,31.517848,38.223889,25.465897,36.553927,28.132232,50.059150,35.975326,41.776910,42.121966,36.422611,40.582204,41.394008,26.200798,25.175213,49.929136,46.213978,35.475692,36.278107,29.069447,36.730852,37.166761,45.864270,38.522513,42.757526,31.111879,40.558894,40.455661,37.895245,34.303311,37.527069,30.816119,37.157423,39.114786,37.700289,37.283068,30.088284,38.325878,31.612425,35.544885,38.317158,37.385517,35.955137,35.659788,37.287236,37.579022,39.420975,27.872036,34.894059,39.132873,40.884017,39.311153,37.728150,40.495758,37.996498,40.328012,35.535643,36.072073,38.119222,40.164016,38.631074,37.609031,37.128830,38.240550,39.281043
Trường Mầm non A Tứ Hiệp,38.385999,39.906092,30.123115,39.194929,40.648077,37.113821,32.747456,42.154074,38.947468,37.254396,39.433969,36.961850,38.388918,38.625891,39.982012,36.444979,42.061065,39.885226,34.601644,37.431214,42.357597,25.835567,34.538827,41.163530,36.516709,39.213897,38.228410,41.645620,42.875635,39.808216,33.386046,22.257162,31.485068,38.077943,32.469463,41.551702,38.532319,34.472741,37.152099,31.964201,43.213538,30.173246,36.670924,41.446245,18.923179,38.723066,31.702726,32.289091,38.440865,30.809591,43.036988,41.352183,0.000000,37.970139,41.822701,39.311758,36.654202,30.576391,41.399459,34.905288,44.408548,38.017340,43.666675,39.001092,41.547894,38.373422,40.645376,27.993315,40.000994,18.568589,32.936308,43.367779,42.518170,43.385251,42.529968,41.364460,26.635091,32.261263,35.064215,37.494720,45.162939,44.205090,45.086424,26.234545,28.202342,44.379138,43.599396,26.892050,39.503764,44.244567,41.768611,44.470877,43.833569,43.564261,28.357610,38.402481,35.059668,43.328659,38.219419,44.808225,37.777851,32.615964,38.897475,37.657993,42.437070,38.203873,38.520157,44.930578,39.487610,37.845311,44.353395,38.062386,41.779126,38.412286,45.656680,42.894387,45.480214,37.650503,39.244793,44.604118,40.330995,44.305636,38.038938,43.309424,38.578495,38.451621
Cà Phê KOK,34.700357,35.163239,34.674489,35.796882,34.487990,38.920968,32.502930,38.742795,33.672175,34.552410,35.367866,35.103216,30.425453,34.616360,43.603469,31.608516,39.122936,33.123250,25.870488,33.031282,43.789023,39.770682,34.898406,44.860502,35.089789,27.727266,32.585417,38.969775,40.360819,29.480996,31.710111,37.643300,39.022943,30.513683,38.530469,42.056642,24.589610,32.384036,27.535889,37.034238,44.233315,39.773613,29.644761,38.842727,36.716855,39.235183,40.219950,40.200468,25.508821,31.085548,43.999162,37.655388,35.522847,0.000000,42.247634,36.964290,31.456151,37.027351,34.359102,36.928333,42.220885,24.712365,39.747655,31.662085,39.090128,31.374670,40.753606,44.936836,22.121981,37.539673,39.188037,38.911361,40.369406,41.041909,39.271249,38.899397,45.196277,32.785741,21.766339,26.903799,39.946511,37.714143,46.612053,41.641206,37.826980,42.201059,36.603571,39.838022,37.412001,34.221394,30.638000,38.535048,38.426058,32.888152,38.385750,30.653735,22.379042,37.458293,38.413071,36.094279,32.466705,37.858957,26.824790,28.305104,32.458331,29.000259,30.192926,40.023345,37.072388,31.427667,35.005090,30.480074,32.636908,30.887758,37.252836,33.174453,35.547258,30.919971,30.603606,38.465243,40.130459,32.683515,37.721649,31.950080,38.312810,32.779935
Không có tên,38.681460,41.502153,33.959308,34.328486,39.961398,37.303199,38.186250,37.762669,35.588397,41.250036,29.100544,42.879062,38.398186,31.974695,35.259904,39.928684,33.881665,39.010809,33.144587,42.644561,29.429939,44.953065,39.616451,37.344676,40.505675,38.066865,41.571511,37.407282,39.554794,38.504790,39.623689,43.081951,38.311173,37.245422,37.677373,31.918446,39.446024,39.148812,39.620862,41.456600,27.327133,44.709613,39.454028,35.342512,40.065714,35.641491,44.841602,40.083725,36.435270,37.255135,30.419725,29.254898,38.795674,39.877422,0.000000,34.666897,39.437344,36.094215,36.863368,40.854773,40.354239,39.262365,38.834886,41.190002,30.601225,39.957732,24.084731,49.185194,38.567771,41.376864,40.809387,40.149193,38.857482,39.402181,30.789466,31.782463,49.121776,45.671752,38.483349,38.756161,35.815966,41.152337,36.608498,45.355519,37.400969,40.989542,39.967378,39.330543,39.872577,41.597058,37.854152,41.732946,33.972973,40.627430,37.894876,40.209789,39.834264,35.230268,36.643572,42.575419,38.700641,36.785220,39.556042,38.745918,38.996519,40.069564,40.320127,42.881001,30.094380,36.883191,42.154828,43.111770,41.696020,40.187928,44.559044,39.926643,44.300005,38.069846,38.209840,42.712416,41.285417,42.504710,38.457558,41.011354,39.109147,42.501133
Trường Đại học Kinh tế - Kỹ thuật Công n,37.061311,38.911210,35.131184,34.127047,38.463244,36.749489,48.923920,35.092900,36.911046,38.920680,36.297405,49.086236,37.433878,31.269828,37.810277,38.142647,33.566281,37.885806,33.723025,48.335916,40.048856,46.957672,45.087769,39.441540,39.210353,37.295146,39.440592,26.757814,32.419467,38.011460,43.191481,46.708663,32.075782,46.531591,31.093028,36.827401,47.570673,44.110402,38.552215,43.205238,36.223061,49.188807,38.037485,23.797705,43.503633,37.030758,49.062892,42.364115,36.194971,44.850113,38.034957,35.831661,42.332701,37.598251,35.351253,0.000000,37.870502,34.864133,34.261409,44.876075,23.872523,45.399870,39.630399,38.595086,37.463775,37.026862,35.778898,52.708922,47.384635,43.799294,32.486993,40.188812,24.530262,18.392280,38.129555,37.510358,52.430205,48.689222,39.119788,43.693447,41.641710,40.726169,40.524978,48.820774,37.203823,25.070932,40.104202,39.815056,22.495937,40.996673,38.787721,41.032950,40.676336,40.457207,37.853261,40.197220,39.954023,40.171394,23.497992,41.517930,39.268194,25.292144,39.742204,39.255266,39.472052,40.113674,40.272622,41.705961,36.029879,37.766187,41.360106,42.067462,41.157801,40.180418,42.875697,39.985451,42.740708,38.759035,38.782736,41.724506,36.432840,41.673847,34.219251,40.719850,34.896971,41.744696
WinMart+,43.108944,45.430773,35.293316,36.501073,35.249226,36.041230,34.979187,39.595023,34.450444,38.946211,39.861821,33.522165,31.542835,41.104448,42.544768,31.683352,39.851755,34.100143,26.753603,31.765534,42.656113,37.695873,33.634557,43.793555,34.039331,28.753766,31.245717,39.572547,46.070472,40.643543,30.816909,36.062836,39.526848,29.140538,39.051283,40.584359,25.202129,31.499102,33.005453,38.585663,43.274292,37.800840,29.148671,39.411800,35.477395,36.844578,38.284924,40.935772,26.954887,30.382679,42.990164,36.646555,34.467495,29.544651,41.057533,37.394319,0.000000,37.451570,24.215631,35.737319,42.822283,25.846096,36.836055,29.693387,37.859660,28.934633,39.570951,42.339539,27.828282,36.266303,37.881935,34.188253,40.825549,41.565097,38.096881,37.675419,42.739846,32.099458,24.149274,32.778033,38.391666,34.132497,46.140954,39.850226,36.944841,42.715488,34.684722,38.713328,37.798258,31.268567,28.141139,35.284742,37.111153,30.530987,37.451451,34.284064,33.734202,36.060704,38.811562,35.482551,30.415642,38.296466,34.581558,31.737158,30.366513,33.218003,30.284318,37.807686,35.977641,32.213849,36.891063,33.349916,36.325268,34.402950,36.062590,35.655599,31.702754,28.513976,33.218002,36.654693,40.311541,32.708883,37.862134,35.945536,38.461652,34.996679
Trường Quốc tế Singapore,48.403644,52.432275,41.717290,33.568664,50.164023,45.798209,50.785703,34.386662,46.315366,47.472924,35.724701,50.841927,36.870226,30.828677,47.899835,48.233225,32.853177,37.331676,33.382778,49.431905,50.868429,47.301575,44.472687,38.880854,44.583153,36.808416,48.817120,30.902032,33.732203,37.509098,41.881777,46.897155,34.149214,46.603989,21.904220,38.671985,48.115061,43.157651,44.389042,41.674556,38.183762,50.660688,45.295236,31.452615,42.395416,36.620889,50.370128,37.677484,46.129838,44.362330,39.774139,37.437911,40.836798,45.245581,37.114508,26.002954,42.922837,0.000000,33.974684,44.347114,37.138398,45.103017,41.197104,46.110520,38.881380,44.638773,37.508751,55.737535,47.766243,42.874837,34.827322,45.234190,28.145657,29.199006,39.655516,38.854319,55.079283,49.453365,44.868318,43.033821,43.004616,42.072160,42.093754,49.759251,34.169731,27.424052,41.458313,36.972856,26.154944,42.252039,43.569800,42.362518,41.890626,41.654565,34.795153,44.754571,42.885068,41.393931,27.230293,42.790386,44.182198,28.229355,40.526222,44.159381,40.619483,44.960693,45.169689,42.945666,37.242132,41.060184,42.517267,44.149778,45.947601,44.673086,43.943095,45.203956,48.670964,44.918709,42.433317,42.833010,36.745699,46.605620,34.613422,45.180941,35.242085,45.619374
WinMart+,39.087901,41.386679,37.893718,39.231019,40.162304,29.559918,38.509381,42.496938,36.708117,32.399957,34.589080,42.468211,28.794464,36.865818,36.718387,31.773108,42.357444,26.039532,25.872045,42.299789,36.134404,44.242226,39.697116,36.304410,29.917798,25.252858,34.081080,40.023173,42.238085,22.977080,33.363730,42.678580,40.381748,27.062883,39.931018,33.773720,24.953080,39.366367,27.427800,41.303004,37.423319,44.150240,33.226545,38.313280,40.070822,19.493230,44.290396,41.710080,25.840708,31.945639,37.114701,30.406986,38.925748,26.477816,35.744766,37.091180,24.415121,38.237847,0.000000,40.856949,42.242678,25.390494,24.683554,28.873655,31.681998,25.716219,35.020644,48.046412,26.016392,41.223097,41.946862,26.246428,40.537666,41.243607,31.999033,35.035568,48.057329,45.186430,33.149707,34.382229,34.684791,32.783234,41.358659,44.757417,38.717269,42.410642,31.193141,40.573528,40.359528,34.651038,31.596573,33.737202,34.380415,34.244157,39.254098,35.705379,35.271512,33.371292,38.548314,35.564350,33.070089,38.023153,35.713537,33.787065,32.995471,35.052903,35.361134,36.276904,33.960974,33.461885,36.509717,38.971983,37.341336,35.774823,40.055599,36.506291,39.896068,33.632011,34.482674,37.588243,40.193796,38.207580,37.760462,36.688984,38.359944,38.940201
Trường Tiểu học Tam Hiệp,48.376219,52.120458,46.073410,47.224709,50.084138,45.990948,50.496257,51.052118,46.433184,47.583047,47.689703,48.074039,46.552791,46.257460,47.978976,26.511559,49.860115,47.190205,40.780640,47.211258,50.671139,48.152092,23.466714,48.004392,26.089417,45.974705,25.252147,48.239551,49.934962,46.408338,22.893613,41.698277,42.408846,29.399551,43.045378,48.930922,28.604284,21.692167,29.592799,45.634268,50.215366,25.801001,26.554233,47.707639,36.796089,44.608867,23.183357,44.434503,39.032956,25.799893,50.141590,47.728609,34.754335,30.385700,48.256766,44.229609,29.949445,39.786345,46.352661,0.000000,50.656796,41.432608,50.187144,31.742193,47.272840,31.953520,46.675849,41.672778,42.556811,35.826133,42.629474,33.691756,47.339078,48.803777,48.784173,46.861383,42.921238,24.803293,39.519466,35.666680,50.928127,49.858346,51.649389,38.534064,33.232637,49.559754,49.300431,33.741205,43.912895,40.972207,38.634467,50.089063,48.923917,39.910397,33.704719,44.404496,44.054565,48.416344,45.012232,50.228760,39.303672,40.556409,39.393712,39.212115,40.827468,39.866355,40.183286,50.244819,44.259508,37.865144,49.295603,42.413092,43.444926,41.358260,42.984372,45.305859,42.031017,38.975741,39.696986,49.383748,44.068216,40.293325,41.135375,39.321839,41.717065,39.801715
WinMart+,43.978108,47.185036,41.869988,42.586115,48.959949,43.515335,50.357385,47.488112,43.471996,46.302638,44.819730,47.525649,45.495016,37.834697,45.450333,44.369808,47.126443,45.702483,37.967498,46.801104,49.599811,49.085402,43.490279,47.121655,45.418257,44.005949,45.770190,35.588466,47.412784,44.749840,43.187252,46.969112,39.498963,41.272959,38.262268,43.756119,43.051588,42.646935,44.500660,43.609742,43.450871,48.687901,43.001687,29.457370,43.243478,42.383078,48.588233,42.630780,40.455004,40.364836,44.995239,41.084883,41.850036,42.383200,41.107674,23.435873,42.745566,43.639354,37.913218,43.930677,0.000000,41.586032,46.393697,43.372997,42.537979,41.147479,45.298012,52.856488,39.980329,44.365788,40.560068,45.259591,35.117274,34.030389,43.991057,42.221286,52.528007,48.334395,43.114986,42.783873,48.007065,46.627119,47.674141,48.386875,41.635669,41.200482,45.822367,45.293087,29.145082,46.484414,43.040025,46.958692,45.867110,45.456652,42.625748,44.160742,43.860261,45.197030,30.882635,47.296575,43.455581,36.777057,43.168410,43.135541,43.899164,44.326956,44.503431,47.402935,39.686268,40.421942,46.412370,46.500837,45.382566,44.090090,47.931570,43.216368,47.655728,42.211684,41.873025,46.647893,38.990873,46.051418,35.975946,44.765209,36.769443,45.634041
Delícia Coffee & Lounge,33.736675,34.026175,33.533215,35.244465,35.903088,33.501013,31.318147,37.444386,34.434556,32.964572,35.410530,33.681744,35.465728,34.704514,36.025562,30.004264,37.883278,28.118187,23.250797,31.274619,37.866016,38.962945,33.801212,36.720147,25.832044,24.302733,30.385944,37.841130,38.988679,25.891055,30.031569,36.788215,38.009137,23.010101,38.786239,37.300376,25.525355,31.053001,22.382015,36.336166,39.059246,38.999554,27.767496,37.772243,35.970857,34.942315,39.516152,39.612532,21.283748,29.543039,38.903568,37.242314,34.763177,24.500793,37.927675,36.259899,29.972078,33.848323,31.522026,40.337285,40.541064,0.000000,34.669058,27.608020,38.247000,29.001022,37.304820,44.557120,29.821447,36.874057,38.668428,33.245556,42.917114,39.644587,38.444830,38.114405,44.866117,37.667758,30.714839,21.303551,38.623790,33.355328,41.161759,41.133892,37.390287,42.145057,36.438824,39.458294,38.211751,34.536512,30.722262,33.928635,37.765245,33.443080,37.971156,33.192735,24.860488,37.078817,40.083287,39.221519,31.499721,38.770575,24.443974,30.985163,35.568824,31.887184,32.972654,38.883401,38.796446,31.949836,37.478900,32.821260,35.325331,33.361601,40.206276,40.162881,37.962953,32.881055,32.399912,34.678848,41.271239,34.868189,38.679410,33.837216,39.272756,34.683125
UBND phường Khương Thượng,44.048873,46.695441,42.321077,44.031261,46.328026,39.829770,42.564753,47.991723,42.581587,41.832717,40.788858,46.772993,40.374789,41.872335,43.951443,40.064158,47.032924,39.329978,32.977775,46.206786,44.137594,48.100462,43.405348,45.761953,39.683075,35.863125,42.026447,44.007143,47.263284,42.279376,40.235769,46.355350,43.830829,38.946214,43.456551,41.866679,37.853288,42.872599,35.952318,44.441999,44.628166,47.904385,40.027938,42.149714,43.164434,37.892782,47.840508,44.968712,37.759869,35.906273,38.245917,37.536127,41.915588,37.824367,40.397754,40.222382,36.782624,41.293597,30.818068,44.001223,46.169233,37.408114,0.000000,39.881745,40.025653,37.387449,37.667659,51.635307,36.221433,44.129278,44.552108,37.314343,43.642726,44.774423,40.372875,39.897436,51.464972,47.804352,35.414164,36.528735,43.847114,38.491825,45.235275,47.658461,40.708148,45.790056,35.107165,42.895287,42.995832,40.287406,33.534325,40.287099,39.060226,38.520884,41.343701,38.755803,38.140597,37.223533,41.388706,42.635209,35.603127,40.969835,38.094708,36.226256,35.840187,38.277935,38.718848,43.388722,36.650407,34.728203,41.802516,43.512111,41.161947,38.760844,46.274808,38.805755,45.709920,35.609370,36.193322,42.869127,41.483790,42.484800,38.857584,40.009293,39.449638,42.496871
WinMart+,45.268114,37.081026,36.527374,37.760331,47.495481,40.841601,34.256891,40.778390,36.072994,37.093406,42.477608,37.345035,34.282395,43.276203,45.516020,34.274000,40.862212,36.161350,29.718933,35.604022,45.933969,41.358527,36.638962,47.542615,39.285899,31.758172,35.786558,40.419949,48.247647,44.715597,34.193023,39.152406,40.259203,37.059434,39.817167,43.894949,28.363356,34.437139,35.877401,38.247463,46.273529,41.323934,32.260287,40.225135,37.984273,40.808755,41.658421,41.371640,33.572783,33.357895,46.002559,38.541574,36.771199,29.418252,43.720511,38.093087,35.173767,38.164401,34.928122,38.211343,43.446128,28.700818,41.890921,0.000000,40.238006,33.079135,41.854304,46.211800,28.448664,38.715463,40.163151,41.732880,41.383790,42.174924,40.480061,40.191016,46.371756,34.209613,20.921158,29.295518,42.065228,39.344823,48.788766,42.717560,38.579558,43.242916,37.779034,40.682705,43.762370,35.041216,30.384643,40.338994,39.668048,33.178494,39.187895,36.260677,24.571086,38.510072,39.400833,36.955367,32.624806,38.741124,28.512579,33.672838,32.624896,35.426680,32.253314,41.777915,37.759073,33.331177,35.585260,35.103749,38.500773,36.338997,38.105965,37.078638,33.514338,29.788234,34.575418,39.475973,40.572997,34.305935,38.123138,33.911753,38.715225,36.461242
Siêu thị B11 Kim Liên,38.129842,40.727307,36.897377,38.334284,39.158130,36.616241,37.733983,42.005929,35.166647,40.571760,31.856266,42.124818,36.776876,35.000100,34.755524,39.399629,41.908104,35.064765,30.054529,41.973030,32.690458,44.156459,39.129596,40.215849,39.620901,32.209835,40.984131,41.345186,40.994955,36.453692,39.210485,42.426655,39.426259,31.727688,38.908944,31.654169,39.041152,38.768819,33.093787,40.967504,34.649877,43.999087,39.049242,41.083544,39.635827,31.530311,44.155858,40.911752,30.816398,36.991143,27.028198,23.836305,38.424746,38.860565,34.412529,36.042072,38.188963,37.282623,27.027680,40.450180,41.313273,38.320148,34.939558,40.405052,0.000000,38.692814,31.065754,48.309344,37.385506,40.921192,41.349617,39.016714,39.729205,40.351594,28.283629,26.099996,48.312112,45.160022,37.078011,37.656925,35.659613,40.160658,39.653200,44.739282,38.106996,41.667148,36.312190,39.960037,39.888982,40.729539,36.041238,41.039082,27.794576,39.718587,38.607390,39.366894,38.900507,34.635699,37.675720,35.976594,37.254223,37.337984,38.730373,37.498536,36.856105,39.086856,38.824788,42.535114,29.070446,35.801162,40.907604,42.410298,41.192917,39.354157,44.403406,39.249888,44.053342,39.997919,37.202395,41.862298,41.250773,41.745519,38.563716,39.879919,39.182777,41.882418
WinMart+,44.845800,47.640012,43.010856,44.811079,47.413595,34.638705,43.201411,49.002674,43.471197,35.089387,41.679341,35.299465,30.877333,42.640619,45.097248,32.123087,47.860834,40.320202,27.052698,33.785822,45.428814,38.948256,35.041781,47.368124,34.352818,28.679794,33.796699,44.666921,48.156816,43.860192,32.886100,47.013198,44.392239,33.353149,44.026540,43.085011,28.114919,33.200050,30.992466,44.961267,45.826128,39.007702,31.278837,42.743651,36.503295,39.202691,39.397879,45.521809,30.950202,32.197165,45.594576,38.185981,35.476379,30.388535,43.000255,40.683943,28.692469,41.757604,31.924950,36.840810,46.860448,28.306707,40.174456,36.977415,39.586473,0.000000,41.173853,43.388019,28.075090,37.195883,44.986588,38.787750,44.147321,45.378467,39.866643,37.759617,43.732812,33.262542,23.661685,32.241272,38.835185,36.854712,48.832292,40.676852,37.522409,46.376940,34.289414,39.436371,43.428129,29.665946,26.454878,38.251522,37.119882,29.281429,38.043981,34.008293,33.384291,35.910980,41.819334,37.500817,29.342848,41.471056,34.397448,31.082019,29.296042,32.728348,29.341524,40.493279,35.795210,31.838740,38.811243,32.984521,36.323613,34.137899,36.028125,35.596384,31.081506,27.710243,32.805101,38.262873,41.675458,32.275156,39.000819,37.051787,39.601229,34.871344
Cà Phê Big One,39.873853,42.752008,38.349617,39.974102,41.553000,38.617735,39.004647,44.146266,37.272012,42.354512,33.987605,43.554228,39.839395,32.004056,37.510440,40.899962,43.594585,40.314547,34.150618,43.227543,35.672181,45.419271,40.272117,39.189894,41.402292,39.215708,42.506623,37.028543,39.002251,36.941386,40.464955,43.591850,37.859679,38.072587,37.287080,35.553125,40.233673,39.915023,40.510960,41.901468,27.304500,45.252326,40.226041,36.982225,40.540585,34.054018,45.328532,39.495323,37.128250,37.928722,31.552172,30.018768,39.274669,40.500421,21.249772,34.174822,40.161295,35.815713,30.283375,41.493850,43.917931,39.824111,40.564783,41.899432,31.085051,40.928517,0.000000,49.631900,39.354228,41.756996,45.517445,41.178371,37.997912,38.397666,31.601279,32.332203,49.576024,45.981685,39.215516,39.357473,36.739854,42.272735,38.833320,45.595396,37.097368,39.850664,36.919752,39.107912,38.666334,42.555175,38.627466,42.857937,34.600370,41.568465,37.642612,40.977785,40.611100,35.839823,41.083333,36.668574,39.552248,41.738106,40.234316,39.589755,39.944887,40.902433,41.112495,43.870730,30.258481,37.439511,43.028656,43.799339,42.433219,40.908987,42.559827,40.531966,42.359012,38.826306,38.733435,40.635073,40.594792,40.721304,37.860609,39.289910,38.506942,41.015052
Trường Mầm non Đại Thanh,49.451490,55.900613,46.150428,47.690542,51.821140,45.995307,53.053041,53.062316,46.578394,48.327529,48.298120,49.328901,46.748233,46.449288,48.640944,45.508951,51.179622,47.559222,39.599709,47.881417,52.428169,50.470996,42.858074,48.564674,43.225631,46.004723,47.212420,48.966431,51.115029,46.545934,40.062193,38.685760,41.532639,45.423995,42.358289,49.862543,46.968480,41.843584,43.142475,45.621454,51.517024,26.133922,43.554132,48.269495,31.732354,44.325389,31.302416,44.027457,44.833762,30.656627,51.396869,48.221067,27.928997,43.984457,48.945116,44.105779,41.650682,38.601783,46.457387,43.183649,51.971211,43.922690,51.305184,45.035906,47.616219,43.667354,46.834180,0.000000,46.874510,29.737155,41.944432,49.095384,47.787468,49.614915,49.533860,47.082247,38.621026,35.629048,39.318366,38.651629,52.082670,50.741834,53.189278,33.513250,30.560796,50.518465,50.046139,30.135375,43.788716,50.304646,46.544853,51.008519,49.541554,49.184087,30.961919,46.654584,46.321632,48.926579,45.004010,51.139900,42.096308,40.438218,42.388407,42.049698,47.535635,42.811513,43.079013,51.147675,43.993208,41.020937,49.925543,42.190994,46.001223,43.575824,51.081491,48.027559,50.772520,41.350279,42.195103,50.013551,43.932985,49.135608,40.811311,47.814171,41.433930,42.151383
siêu thị 24h ninja mark,36.916355,37.798041,36.340049,43.076516,44.624655,37.517299,35.070869,45.949330,41.958889,37.968863,40.681792,37.961438,38.735199,41.407455,42.819597,35.515583,45.348514,39.703353,26.224577,36.587799,42.823798,41.281779,37.170352,43.715693,29.298826,27.251313,37.171661,43.106569,45.435051,41.545809,35.453500,39.331878,44.411907,27.552154,44.931562,41.371864,34.289645,35.406507,27.078113,38.438196,43.202932,41.267373,33.786991,41.669623,38.214678,38.914009,41.540553,46.422730,28.426933,34.507588,43.089706,38.778483,37.087048,29.316846,41.487459,40.018594,35.923276,39.590350,34.848671,40.726717,44.787895,32.007421,39.419854,38.624708,40.123684,36.341658,38.664140,45.648945,0.000000,38.838200,44.420395,38.736959,42.848921,43.713931,40.346744,40.111073,45.853877,38.593968,31.055430,29.632739,41.584809,37.738585,43.206207,42.453603,41.892425,44.545603,38.517856,44.343404,42.287107,36.875926,30.936911,38.456311,39.735683,34.758510,42.610266,34.663881,22.478762,38.842644,44.695437,41.847525,32.131855,43.398187,28.474522,31.476696,37.620143,32.923376,34.441012,41.923392,40.571833,31.713326,40.118845,33.922120,37.819277,34.731838,43.566418,36.276804,41.029064,33.723485,32.898683,35.928700,43.639769,36.483057,40.808405,34.829764,41.379357,35.988612
Trường Mầm non Tứ Hiệp (điểm Cổ Điển B),39.341067,41.061153,33.161187,39.959017,41.527903,37.969060,36.744394,42.968891,39.646578,38.243063,40.208042,38.066711,39.163263,39.374780,40.723819,37.326981,42.778657,40.569492,35.226576,38.396016,43.125466,31.668273,35.469282,41.790881,37.217766,39.849462,39.053217,42.280330,43.520316,40.427686,34.178018,29.554007,33.813879,38.788350,34.724275,42.238134,39.309213,35.306775,37.779997,34.938242,43.859443,31.626961,37.381703,42.056661,24.701493,39.277353,32.999823,34.892651,39.085592,31.626994,43.683477,41.956979,18.312948,38.582066,42.434889,39.693776,37.216368,32.475467,41.871552,36.426406,44.988203,38.621304,44.255493,39.597113,42.094471,38.911511,41.200526,30.307040,40.621746,0.000000,35.000418,43.832931,42.884767,43.802978,43.110310,41.878435,25.037232,33.492695,35.585126,37.983173,45.669889,44.711818,45.667872,21.526240,27.679358,44.770323,44.114293,26.030327,39.840254,44.718256,42.208035,44.969511,44.298974,44.021484,27.826950,38.857893,35.547685,43.794171,40.865503,45.290594,38.242022,34.216026,39.593686,38.130745,42.878158,38.685134,38.993354,45.397162,39.951584,38.541634,44.795181,38.502412,42.459768,38.852594,46.065802,43.649814,45.880930,38.057623,39.850774,45.029817,41.158492,44.698230,38.661615,43.693283,39.258902,38.842384
WinMart+,49.150001,53.157881,42.764333,39.658663,50.820816,46.544069,51.748646,41.287249,46.939026,48.280087,48.294235,51.700670,47.075225,37.288870,48.519301,48.952388,40.641711,47.712126,41.309968,50.243040,51.442328,48.218609,45.387823,48.477935,45.294601,46.487445,49.523466,39.680986,42.582322,46.908259,42.758293,47.759215,36.341625,47.286452,38.285578,49.536997,48.816076,44.011911,45.037768,42.699890,50.910071,51.372969,46.003633,37.191495,43.214715,45.046406,51.058525,40.322885,46.764785,45.013258,50.733480,48.321141,41.592368,45.872758,48.989099,31.145603,43.531182,40.909336,46.829721,45.063986,40.279319,45.721411,50.692593,46.705361,47.871169,45.199831,46.653399,56.218084,48.346600,43.630822,0.000000,45.730726,40.079766,37.401061,49.349841,47.340811,55.535215,49.945357,45.397562,43.569824,51.404126,50.313978,52.203803,50.317372,36.748297,36.660215,49.724501,41.241393,30.232294,49.981245,44.073254,50.529450,49.405169,49.019630,37.788453,45.243390,43.405645,48.875483,32.533656,50.651891,44.687559,33.615085,41.036610,44.673421,45.808705,45.467528,45.668673,50.666377,44.809373,41.522374,49.659568,44.631647,46.414715,45.164104,49.689990,45.612808,49.083371,45.369044,42.889408,49.737362,38.666371,47.041614,35.858240,45.615413,36.638776,46.046219
Không có tên,43.733567,46.964474,41.737748,43.736741,46.567083,38.436221,42.107822,48.603536,41.825097,41.012943,39.495648,47.063392,38.932169,41.144624,43.418189,39.027086,47.366868,37.293374,30.722861,46.373915,43.629707,48.611420,43.129333,45.907039,41.316511,33.482837,41.389585,43.804762,47.672271,40.541881,39.416726,46.546824,43.628547,32.628813,43.188617,40.475609,39.180718,42.497202,34.404856,44.338193,44.376614,48.328445,39.189986,41.652347,42.905018,34.061717,48.231641,44.922992,38.381283,36.909348,44.052064,34.779358,41.525489,38.545783,41.100978,39.664258,37.793304,40.855522,22.246414,43.808075,46.329243,38.031955,32.506974,40.315628,36.507089,38.471503,39.231430,52.598839,37.106662,44.009375,44.497499,0.000000,43.488597,44.751601,36.888044,40.422154,52.334118,48.081049,36.590619,37.309502,43.133214,39.778115,48.358562,47.965933,40.325915,45.914156,37.618175,42.652600,42.863236,40.788555,35.284000,40.916201,39.824514,39.402915,40.994127,39.285371,38.769537,38.450072,40.999733,42.470317,36.848496,40.995327,38.616349,37.210928,37.163944,38.964956,39.323172,43.009065,37.591716,35.469534,41.861075,43.272996,41.311408,39.274153,45.432037,39.178417,45.015971,36.527842,36.866936,42.692735,41.282689,42.415906,38.566711,40.320267,39.191454,42.439584
Quan an Nam Nhu 1,53.913300,59.290829,47.485203,39.468452,43.657173,50.592314,59.015729,41.550612,40.899741,53.111363,41.204195,58.124585,41.953415,36.519699,42.099116,53.434895,40.713517,42.233629,37.091678,55.723226,44.680134,53.673826,50.067135,43.494491,48.884180,41.289355,54.034512,34.784610,40.246034,41.899632,46.612301,52.758626,43.818180,51.063505,45.397317,41.054791,53.087723,48.062858,48.220155,47.238098,40.690636,56.510203,49.631187,32.179161,46.908489,40.433643,55.798403,50.986236,50.134629,48.144536,42.075799,39.432762,45.141617,49.069257,39.290509,23.658006,46.274758,34.805595,37.141636,48.567195,35.462765,48.827426,43.350398,49.802302,40.719205,47.916988,39.669131,61.085611,51.730133,47.066992,36.422408,43.100704,0.000000,28.569288,41.668335,40.577651,59.956600,53.047995,47.940814,45.973573,44.952962,43.945809,44.281504,53.964334,38.147384,24.010077,43.315482,41.720598,23.976617,44.010150,46.352269,44.228149,43.590749,43.305286,39.038042,47.553691,45.700704,43.061049,25.456509,44.598390,47.023656,29.859631,43.027329,47.050096,42.154425,47.942708,48.085959,44.729268,38.725192,43.347250,44.143942,46.842478,48.789463,47.440687,45.504216,47.566574,51.464355,47.479912,44.787146,44.410616,37.848291,49.291650,35.218032,47.676455,35.930590,48.114922
WinMart+,42.649644,45.294591,40.738091,41.015992,46.296521,42.259655,58.080121,44.296942,42.257618,44.715353,43.033708,57.470118,43.783158,37.224010,43.846283,43.179139,43.544022,44.039218,37.598149,55.606685,47.197892,53.953956,50.941521,45.400072,44.168606,42.723420,54.206784,35.167101,43.242606,43.408578,47.890850,53.188286,38.524348,51.649391,37.483336,42.547358,53.409949,49.160836,43.357114,48.600878,42.208351,56.255460,50.399322,31.181311,48.097961,41.488577,55.684462,52.350834,39.874751,49.012134,43.693628,40.388558,46.529394,41.595323,40.329206,18.189121,41.924995,41.686092,37.567300,49.467650,36.805719,49.604326,45.051089,42.535531,41.766497,40.543471,40.756972,60.081284,52.177255,48.166498,38.030672,44.347159,28.533182,0.000000,42.988802,41.534068,59.200103,53.306123,42.501208,46.882459,46.679710,45.473927,46.173338,54.124215,40.500648,32.978485,44.744345,44.289660,18.165693,45.430912,42.384248,45.781097,44.895922,44.552305,41.499079,43.505115,43.229528,44.291844,25.543058,46.134998,42.791886,32.019613,42.646079,42.538754,43.169523,43.613525,43.789706,46.249407,39.326431,44.288752,45.449210,45.661503,44.634733,43.442069,46.909211,42.717502,46.674665,41.721538,41.448481,45.699952,38.317441,45.244435,35.520170,44.074720,36.250408,44.935327
Taste Tea,40.937342,43.949283,39.247114,41.051831,42.910181,39.557429,39.878608,45.501533,38.322778,43.430698,34.830169,44.750912,40.992396,37.513587,38.838216,41.828011,44.833189,36.301257,34.746911,44.301124,37.062454,46.598481,41.137026,41.402763,42.305391,40.230643,43.378489,43.655480,44.043610,38.144942,41.150520,44.618763,41.263755,32.599326,40.772776,37.349447,40.980751,40.642230,34.114477,42.709929,32.818281,46.389947,40.964013,43.235314,41.294406,33.573144,46.409690,42.707742,31.644999,38.554422,32.995602,25.995225,39.957792,39.442285,31.801474,37.554872,38.895285,38.803164,28.618525,42.173594,43.584851,38.854502,37.225080,41.053410,28.715473,39.514389,28.644383,50.802694,38.016666,42.518722,42.771910,39.912765,41.396761,42.319838,0.000000,30.508708,50.623205,46.822393,37.798409,38.246677,38.061045,41.214015,38.531117,46.523104,39.050329,43.600120,38.002083,41.153898,39.656934,41.575942,36.849338,42.001354,33.281022,40.531960,39.668118,39.940156,39.490506,36.366950,41.921598,37.410172,38.042738,38.982206,39.229796,38.179831,37.727632,39.743588,39.489824,43.258405,26.977482,36.283896,41.605939,42.877225,41.709339,39.920163,44.862397,39.683570,44.512315,40.498004,37.711258,42.486645,41.098890,42.262304,38.376637,40.454242,39.010813,42.308173
WinMart+,40.323229,42.739169,38.962081,40.436447,41.726073,35.907159,39.496370,43.937042,38.131740,38.258622,36.045942,43.594072,35.969030,38.069045,38.473446,36.903965,43.591202,34.265046,29.732649,43.309628,38.096196,45.272076,40.615794,38.630380,38.912393,31.740538,39.010971,41.017503,43.563027,35.124262,37.592424,43.636799,41.244224,39.292346,40.802555,36.082994,37.414127,40.244471,32.608087,42.097939,33.193065,45.156889,37.447088,39.250313,40.839538,30.779426,45.243003,42.540314,38.405813,35.647077,29.148029,27.723741,39.651250,38.546583,32.637102,37.832966,37.850135,38.969945,33.644756,41.652167,43.261292,38.098306,33.485836,40.132525,31.540748,38.347860,30.339877,49.065164,37.123260,41.957687,42.613759,38.423591,41.312378,42.137356,26.249959,0.000000,49.018269,45.923593,36.752507,37.410857,33.345691,39.435266,36.620120,45.533214,39.195616,43.287057,35.131548,41.153757,38.857703,40.384633,35.574277,40.371784,25.446730,39.183514,39.780896,39.137867,38.663310,30.443581,39.230894,33.191779,36.925885,38.729101,38.535012,37.220419,36.867395,38.825482,38.877652,41.827544,28.923035,35.597263,41.035104,42.529671,41.006223,39.134273,42.728585,39.079667,42.453033,36.371051,36.998676,40.104423,40.684981,40.310207,38.151888,38.535111,38.761134,40.720116
WinMart+,50.794760,57.503757,47.314783,48.730769,53.054099,47.196928,54.445575,54.179532,47.547499,49.784222,49.356482,50.899665,47.817051,47.477773,49.667975,46.776720,52.119259,48.477544,40.461631,49.246567,53.432172,53.045834,44.199410,49.399997,44.205666,46.865124,48.394657,49.795074,51.947204,47.372962,41.253179,37.675602,42.458014,46.401663,43.233805,50.761231,48.035514,43.038476,44.005422,46.764064,52.346600,45.126016,44.541203,49.055905,30.443397,45.070599,45.326324,45.033952,45.699437,37.887432,52.228006,49.003158,26.245984,44.819033,49.732655,44.747749,42.413726,39.392315,47.051085,43.027122,52.698436,44.733746,52.080941,45.821182,48.314976,44.418624,47.601868,37.451498,47.741196,25.205434,42.750066,49.718198,48.386020,50.288627,50.274237,47.741957,0.000000,36.900974,40.025968,38.906360,52.709065,51.374777,53.952946,27.674122,28.904934,51.150257,50.701444,27.636134,44.361393,50.896485,47.095834,51.676474,50.124808,49.765906,29.228261,46.371391,46.063337,49.510386,45.584507,51.774715,42.703739,41.044008,42.403483,42.701526,48.129506,43.479916,43.730557,51.766237,44.594942,41.117282,50.511065,42.801528,45.743368,43.309842,51.617387,47.562972,51.300130,41.911399,42.182983,50.540762,44.205507,49.629664,41.052039,48.284285,41.666979,42.687542
Trường Cao đẳng Hà Nội,44.845349,47.251227,43.273805,44.435875,46.425976,43.082170,46.371638,47.428479,43.874894,44.034172,44.751495,44.241056,43.763853,43.629748,45.051518,42.696347,46.802061,44.600280,39.145018,43.873870,47.347447,43.102922,24.478605,45.448320,28.537056,43.722093,28.615389,45.715592,47.112912,44.151749,26.730231,38.172934,40.506625,29.645281,41.127832,46.127934,28.892308,23.498157,29.819913,42.925062,47.406967,26.329274,28.230289,45.334493,34.443963,42.747829,25.260164,42.139772,36.182204,28.447043,47.275828,45.405205,32.584107,35.956648,45.815831,42.479488,30.182853,38.298550,36.368390,24.825996,48.016328,38.251755,47.499226,37.018232,45.176226,36.577913,44.517478,35.729820,39.579561,33.522939,40.860547,37.935772,45.384150,46.511785,46.394688,44.918031,38.075017,0.000000,37.294789,32.744958,48.442913,47.534327,48.780237,35.662800,32.326833,47.285924,46.993966,32.459939,42.321377,38.829661,36.602245,47.741712,46.931036,37.885052,32.724421,42.090119,41.723497,46.468011,43.350627,47.939369,37.165967,38.796262,36.302545,37.022210,38.885550,37.626664,38.009582,40.546046,42.696183,34.646356,39.827992,40.330280,40.783227,39.134569,41.232091,42.395849,40.137979,37.115616,37.263577,38.028760,43.270979,38.400013,40.546109,37.567627,41.120715,38.032727
TK mark,40.976233,42.795895,39.867923,41.045265,42.073164,33.283536,30.207800,43.663694,39.463745,30.902923,38.015128,31.455667,28.265346,39.234178,39.904634,28.778313,43.433742,36.647913,25.459715,29.832882,39.775762,35.408426,31.894120,40.293276,29.024914,26.643425,29.169126,41.384548,43.405660,37.813263,29.162166,34.137523,41.537307,26.600230,41.186382,38.184481,24.184245,29.959858,25.980474,34.237247,40.427433,35.587663,27.725332,39.962402,33.876373,35.106676,36.121275,36.651521,24.289212,28.900316,40.218102,35.624573,33.000997,20.659948,38.887093,38.554344,25.832070,39.533994,30.409018,34.182136,43.167634,24.249166,34.751551,20.013319,36.928810,29.555026,36.080333,39.758467,21.923282,34.656368,36.304905,32.550514,41.495645,42.215417,37.170275,36.591570,40.266891,30.883267,0.000000,30.751071,36.828393,32.875172,40.541112,37.872021,35.783885,43.135991,33.700542,37.340380,41.116867,28.398345,23.600874,33.688724,36.060624,28.405418,36.221857,32.249650,31.608825,35.134253,39.713382,33.638485,26.900356,38.624093,33.069095,29.099987,28.531398,30.613918,27.150772,31.044091,35.231142,30.833404,32.004495,31.374279,34.581224,32.460366,34.955305,34.465562,31.174151,26.215656,31.688381,29.187207,40.698022,28.897034,38.344323,29.039920,38.913334,33.666100
Hội đồng nhân dân - Ủy ban nhân dân phườ,35.269575,35.775347,34.905760,36.361714,37.084469,35.443956,33.244901,38.377937,35.757108,35.429277,36.526263,35.777772,36.937505,35.824587,38.928920,32.924313,38.676479,27.984950,23.690535,34.054373,38.783484,39.826459,35.429821,39.052787,26.030149,24.649724,33.941511,38.524683,39.600219,37.367078,32.877210,37.891714,38.717712,23.754403,39.387858,37.672071,30.638246,33.303032,23.242135,37.266898,39.276076,39.852530,31.084909,38.438353,36.972676,35.557575,40.253248,40.199164,22.863845,32.218279,39.142984,35.863602,35.851650,25.041759,38.200713,36.864344,29.479437,34.753651,32.467123,39.518271,40.937647,25.991405,35.388802,27.463170,36.762456,28.653620,36.179866,44.573541,28.803976,37.720123,39.233800,34.246554,43.009270,40.067833,36.963785,36.553988,44.841510,37.227905,28.865766,0.000000,36.696329,34.215612,39.441253,41.521506,37.928052,42.330363,34.743087,39.896773,38.608496,32.443695,29.206693,34.714608,36.193304,31.780568,38.494477,28.578335,24.372544,35.573026,40.392888,34.589922,29.423541,38.812104,23.642243,28.885228,33.377896,30.291671,30.624499,36.543707,37.075849,24.738088,35.180457,30.828774,28.975060,31.972735,37.808650,26.833445,35.532253,31.194461,27.983037,32.934170,41.402907,32.858930,38.882750,32.141936,39.469530,32.930415
Trung tâm Công nghệ Phần mềm Thủy lợi,42.997528,45.882020,41.211310,43.022091,45.330984,38.552082,41.592946,47.334866,41.124877,40.911631,38.976049,46.172363,39.015947,40.571820,42.334319,39.086334,46.407086,37.550081,31.261018,45.615071,42.370952,47.707591,42.600057,44.019027,41.237487,33.993474,41.280968,43.193242,46.614088,40.405050,39.432815,45.822343,43.115635,33.065201,42.691876,35.843017,39.233147,42.072530,34.817667,43.842708,43.162044,47.496625,39.242706,41.204761,42.483454,34.911815,47.449638,44.378324,32.002917,37.051654,34.714733,33.311334,41.177653,40.420242,38.866756,39.356446,39.932637,40.508250,28.916775,43.374056,45.572573,39.578917,40.038347,42.342956,37.176230,40.871489,35.311729,51.586995,38.835841,43.564791,44.069972,41.253493,43.013059,44.145442,37.798973,29.111433,51.368150,47.522516,38.672812,38.963564,0.000000,43.140181,43.196805,47.334589,40.149605,45.276145,38.018703,42.378318,40.618200,43.440062,37.788665,44.003058,37.005926,41.863800,40.793833,40.932233,40.458068,36.109084,40.669278,37.360529,39.059389,40.430699,40.015579,39.097976,39.506031,40.835536,41.160868,45.367670,35.415963,36.761200,43.897235,44.680504,42.859262,40.888433,45.334461,40.403606,44.943038,38.199706,38.272821,42.810068,41.148167,42.519517,38.503680,40.556939,39.112792,42.515588
WinMart+,42.724484,45.276178,41.120079,42.741706,44.692786,38.294660,41.461299,46.539596,41.017194,40.414335,39.123967,45.630714,38.654193,40.513854,42.019174,35.145343,45.822200,37.375004,29.069607,35.881205,42.024516,47.085945,42.403701,43.292590,38.005865,34.255230,36.152532,42.931152,45.963298,39.529093,35.022643,45.380619,42.894685,36.876616,42.503667,39.710736,36.171752,35.092977,32.707365,43.597703,42.725934,46.922257,33.732310,41.106795,42.320559,35.174250,46.908473,44.092089,35.294568,34.325861,42.497718,35.883839,41.096556,34.705367,40.340676,39.355792,32.522528,40.451670,27.609281,43.167673,45.130837,35.153209,34.669928,36.655151,37.834911,31.772728,36.461858,50.737927,33.229082,43.345296,43.850903,29.647892,42.794762,43.828894,38.170418,37.430929,50.582916,39.069960,31.233936,33.884837,38.541508,0.000000,42.709286,46.885886,40.158594,44.886568,32.799432,42.271334,42.269184,33.681890,27.062364,32.812502,36.658496,18.156949,40.778446,36.301982,35.504644,35.232531,40.604904,32.927673,30.879707,40.112471,36.154265,32.722661,30.822884,35.113381,30.616726,26.595730,35.348872,32.802718,35.346473,34.773963,39.386642,36.398066,38.801822,37.286480,32.580927,28.176597,34.152328,30.685278,41.132792,33.777766,38.544347,33.332518,39.145730,36.536835
Không có tên,44.222058,47.870453,41.988494,44.235988,47.632988,42.798829,42.382250,49.785472,42.185359,46.846279,38.516931,47.841161,44.899863,40.549009,44.184859,44.654055,48.223642,45.124651,36.846277,47.011656,42.875850,49.444828,43.461336,45.392317,44.993025,43.293446,46.178088,46.338795,47.637522,39.779630,43.371732,47.159110,43.386603,40.667781,42.913815,45.635462,43.178487,42.734587,43.966159,44.695852,37.487411,49.093410,43.130103,45.734369,43.171146,36.426343,48.938912,44.763974,39.628523,40.255621,42.562749,36.260051,41.700485,43.370977,38.391462,39.284404,43.239912,40.532413,31.685171,44.104423,46.228389,42.170834,46.978537,45.287892,34.651544,44.428026,31.870449,53.632323,41.787806,44.325297,44.362771,45.050057,43.287881,44.584119,27.800395,35.421362,53.253601,48.567125,42.023510,41.753967,40.172071,47.147984,0.000000,48.530918,40.092799,45.820248,39.741108,42.469269,40.697694,46.860343,41.708166,47.716138,37.470928,45.338067,40.769640,43.643750,43.244445,38.398438,40.709209,39.096850,42.540911,40.856483,42.446159,42.239768,43.152549,43.820296,44.071436,48.311083,32.157734,39.136161,46.758060,46.796912,45.289826,43.559242,48.856777,42.569654,48.440350,41.126904,40.733332,47.048144,41.517224,46.193675,38.692774,44.390009,39.326696,45.624515
Cafe Dinh,44.882399,48.065969,43.037447,44.424890,46.853079,42.740808,47.095978,48.062426,43.732178,43.883097,44.773817,44.310001,43.588197,43.642771,45.140589,42.256398,47.229572,44.589792,38.489177,43.878594,47.924260,42.751296,40.334007,45.587910,41.080190,43.563826,43.757040,46.100528,47.549779,44.067881,38.320865,35.424174,40.005510,42.808701,40.744766,46.400072,43.768290,39.682361,41.262820,42.771655,47.930920,38.880523,41.319476,45.660513,29.974394,42.479172,39.616527,41.798662,42.733259,35.679352,47.746795,45.564851,26.573994,42.072981,46.165967,42.478522,40.276968,37.657590,44.668187,39.445408,48.736176,42.021612,47.971061,42.981201,45.362662,41.930933,44.501536,34.681490,44.268870,21.067891,37.093655,46.754308,45.732479,47.039029,46.676720,44.956578,27.524031,35.799800,38.347650,40.696705,48.997141,47.939721,49.474780,0.000000,26.006154,47.914545,47.333682,22.819114,42.349637,47.747603,44.880553,48.180519,47.229229,46.877058,26.063366,44.571401,38.102778,46.699724,37.757398,48.386029,40.806913,36.136847,40.975961,40.736372,45.559771,41.373734,41.632781,48.451342,42.642472,39.907795,47.593187,40.951301,43.884310,41.359909,48.731743,45.240122,48.496976,40.300113,41.068758,47.737621,39.513435,47.157743,37.222937,46.078156,37.824058,41.035210
Trường Trung học cơ sở Yên Mỹ,44.197665,45.784092,40.201950,38.503139,45.375342,42.917453,44.194807,39.388759,43.544837,43.588224,44.189495,44.716599,43.442277,36.865218,44.440429,44.236561,38.909826,44.121334,39.846700,44.390048,46.140465,43.096446,41.711565,44.804850,42.323713,43.442592,44.578408,38.202655,39.842440,43.789473,40.490524,43.082396,36.240696,43.572423,37.225945,45.294322,44.283863,41.248381,42.365712,40.136692,46.328969,45.344214,42.786309,38.116749,40.683295,42.688582,45.410042,37.929797,43.464043,42.374502,46.202786,44.823245,25.840847,42.960896,45.197809,36.340207,41.520411,30.434579,44.282183,42.202274,41.888443,42.901138,46.452072,43.612660,44.728695,42.760654,40.137442,48.646550,44.569348,25.462048,36.710729,43.332928,41.599177,40.467212,45.595945,44.463047,27.219683,45.943775,43.023914,41.733344,47.296318,46.569687,47.451517,25.649031,0.000000,40.445382,46.137294,19.677449,36.029298,46.493343,42.186854,46.752757,46.140404,45.904081,17.437390,43.061135,41.661060,45.759859,37.768348,46.941869,42.620966,36.862897,39.978178,42.574694,43.578244,43.129483,43.314271,46.999352,42.732151,40.431518,46.447028,42.657409,43.920379,43.024892,46.560477,43.622707,45.970337,43.304595,41.485267,46.591560,39.647195,44.506572,37.128239,43.534206,37.769783,43.874245
WinMart+,55.558640,61.209817,49.331396,42.372227,47.164367,43.177776,61.311251,45.644575,43.151261,54.811677,44.109438,60.190348,44.701812,38.876899,44.707054,55.012853,45.165796,44.900233,38.573493,57.557930,47.893783,55.581755,51.816810,46.112379,50.255390,43.584680,55.595913,38.258731,45.104315,44.212014,48.148502,54.535486,46.973218,52.453082,48.305173,43.483091,54.602349,49.642058,44.061410,49.030574,43.226719,58.216635,51.004680,35.066227,48.377903,42.275549,57.397558,54.956104,51.400650,49.361131,44.505496,41.282777,46.568760,50.286104,41.321920,23.920202,42.596061,39.705102,38.386935,49.916034,41.543552,50.019654,45.714188,50.970236,42.503316,48.976341,41.708989,62.572110,52.963785,48.430253,38.591824,44.878000,34.903884,32.968683,43.726262,42.230107,61.326782,54.159729,48.934852,46.950429,47.177587,46.013107,46.770353,55.232638,40.947906,0.000000,45.324870,45.258697,21.537302,45.937143,42.947489,46.303713,45.410407,45.058483,42.079381,48.472739,46.644304,44.822856,22.167302,46.616322,43.322834,32.100133,43.887624,48.002983,43.708877,48.912643,49.039718,46.722678,40.021660,44.134047,45.914259,46.052059,49.710269,48.344904,47.283318,48.346538,47.048624,48.318091,45.575019,46.140381,38.450003,45.651753,35.504424,44.506780,36.266701,48.928841
Coffee Cây,43.565369,46.112315,41.928013,43.565591,45.678430,39.412581,42.191721,47.359712,42.067022,41.383473,40.298726,46.294362,39.893052,41.441973,43.277916,39.723302,46.521233,38.815367,32.766522,45.778138,43.394388,47.639804,43.050168,44.837162,39.549976,35.530330,41.636521,43.619359,46.711761,41.420632,39.929385,45.951997,43.492576,38.813306,43.118357,41.206209,37.769686,42.559572,35.876133,44.120537,43.936601,47.469882,35.488749,41.811108,42.867098,37.256568,47.422886,44.632166,37.642807,35.871857,34.467607,33.510294,41.650092,37.683297,37.475762,39.949090,36.649940,41.016126,30.419140,43.715319,45.743709,37.317500,37.490566,39.643625,35.899845,37.190529,35.013960,51.170847,36.131408,43.841611,44.280763,37.084388,43.327313,44.404285,36.338021,34.939414,51.004312,47.504043,35.339294,36.446191,34.000556,38.079635,42.411021,47.315886,40.544103,45.412282,0.000000,42.691906,42.712124,39.892904,33.491116,39.759944,33.687787,38.282166,41.164380,38.591892,38.001724,30.058273,41.127820,27.162288,35.512276,40.573390,37.989685,36.129346,29.333996,38.114942,33.436640,33.393225,27.723289,34.711650,34.568779,38.676882,40.940865,38.605982,40.248695,38.691923,40.006380,31.591979,36.135646,36.438468,41.376767,37.590354,38.772123,35.500486,39.365740,38.703255
Trường Mầm non Tứ Hiệp (điểm Đồng Trì),47.485706,49.945764,42.910116,40.603448,48.798114,45.775384,48.308731,41.989969,46.143935,46.919513,47.078032,48.607212,46.222933,38.666462,47.332707,47.448906,41.522814,46.744684,41.535988,47.859575,49.317192,46.400702,44.519029,47.419202,44.893712,45.786481,47.881219,40.686720,42.926742,46.137583,43.015607,46.190805,39.129044,46.363599,40.192286,48.090008,47.395000,43.891226,44.684931,42.691767,49.102614,48.864484,45.412007,40.473741,25.035468,44.685611,48.751361,41.759453,45.817453,44.611664,49.069233,47.185796,23.522410,45.217460,47.581983,38.313751,43.438087,31.905189,46.132432,44.733755,44.905129,45.174714,49.179663,45.932721,46.837817,44.908378,42.127728,26.078125,47.271149,22.654674,40.342848,45.365049,45.003177,43.563712,48.060954,46.542816,24.699877,28.803420,44.960934,43.503576,49.864771,49.001970,50.335874,21.820757,19.572795,43.852765,48.557671,0.000000,38.105971,48.788487,43.807644,49.214177,48.283263,48.084512,18.689713,44.975766,43.468488,47.858134,40.245244,49.345556,44.500916,40.555796,41.471273,44.506503,45.469124,45.152614,45.321183,49.378829,44.343250,33.761765,48.636312,44.482300,45.943900,44.916432,48.692247,37.063002,48.143431,45.105571,42.919715,48.720836,40.639135,46.481540,37.800854,45.266808,38.465678,45.683236
Trường Mầm non Lĩnh Nam (cơ sở 2),46.142881,48.420282,41.407740,36.051476,39.700504,37.963452,46.910860,37.174958,38.067887,45.453326,37.776996,47.231314,38.657523,33.591636,38.934974,46.104781,36.121123,39.010400,35.036840,46.613751,40.949711,45.152629,43.341161,40.310066,43.621103,38.411907,46.514289,31.013204,35.412489,39.012423,41.557434,44.986499,36.890067,45.110575,38.103672,41.263314,46.083276,42.475581,39.404385,41.369007,40.972369,47.592421,44.148521,28.853633,41.938079,38.015258,47.548947,39.192617,44.846369,43.536460,41.173726,39.845542,40.773804,44.210958,38.892979,22.391737,38.688369,30.879160,35.352830,43.447078,30.299398,44.118283,43.171900,44.918197,40.178975,42.747567,40.427004,51.383964,46.119114,42.323146,30.892659,42.970342,25.749904,24.683706,41.035185,40.069484,51.179399,47.562678,44.063171,42.585486,44.554237,43.696706,42.926211,47.550437,36.558966,21.474668,43.149052,39.187920,0.000000,43.760975,41.526236,43.937280,40.469498,43.155619,37.209776,44.024084,42.470087,40.633066,19.619076,44.264804,41.867628,22.519730,40.518415,43.512659,42.137617,44.148000,42.690349,44.378491,38.355643,40.968502,43.884279,44.228084,44.984602,43.958874,45.101856,44.488871,44.949992,41.085907,42.140628,44.124556,36.017604,43.884048,33.843369,42.963123,34.530686,43.739880
Chợ Nhân Chính,42.898009,45.140028,41.435330,42.900499,44.624816,39.054718,41.710251,46.240126,41.449711,37.856271,39.829289,37.876935,39.439280,40.918986,42.365653,34.714112,45.634721,38.444488,28.791738,36.755820,42.398991,46.768362,37.226534,43.473764,37.276913,30.068165,37.135675,43.032427,45.759570,40.515182,35.832729,45.243605,42.987814,36.125857,42.629752,40.490672,35.065567,35.806737,32.081192,43.625008,42.951691,46.653009,34.536664,41.372054,42.445935,36.993724,46.647595,45.256771,34.580321,35.071461,42.773902,37.239891,41.303099,33.849992,40.870500,39.653842,31.650092,40.679635,31.216405,40.371183,45.018843,33.652855,37.101772,35.369652,38.917365,30.680545,37.412722,50.133628,35.519321,43.380699,43.533867,34.941909,42.853133,43.814780,39.197765,38.722105,50.028406,38.511396,28.453736,32.177826,40.137885,34.670809,42.924117,46.667102,41.339411,44.782677,35.769009,43.611239,42.308070,0.000000,22.648444,33.457502,38.156640,28.422352,42.011447,34.482338,33.626971,33.236057,40.808104,32.538762,25.552377,40.022305,34.847604,30.423649,26.638163,32.731611,26.068028,33.897879,35.063682,31.727457,33.874314,35.096339,37.749119,34.669475,38.644520,36.244324,30.604372,27.233684,32.916406,28.675366,41.234066,32.520530,38.709815,32.177849,39.295623,35.130792
Cục Sở hữu Trí tuệ,38.945355,40.451553,38.115918,39.040498,39.592309,35.710520,34.053385,41.158481,37.405508,35.580193,36.081176,35.841525,35.739886,37.439522,37.499608,34.002589,41.184849,34.722814,28.003692,34.767259,37.229887,38.580002,35.567312,37.417266,33.736461,28.898158,34.729656,39.635052,41.050174,35.251497,33.947421,37.308685,41.447319,32.693729,39.609233,35.887852,32.917076,34.125369,29.765926,39.769090,37.923362,38.626336,32.817676,38.401457,36.693806,33.075205,38.956944,42.896351,29.350073,33.455974,37.739775,33.811651,35.841968,30.667262,36.857855,37.282372,28.995478,38.217585,29.135275,38.537915,41.246926,31.344343,32.473410,30.897701,34.884403,27.972195,34.554669,41.987764,32.711556,37.270859,41.675985,30.297473,39.999929,40.503253,35.057181,34.395696,42.305890,36.827733,26.934345,30.061185,33.979292,38.405571,38.196163,40.121793,40.074658,41.392385,35.285402,41.877712,39.774028,23.457635,0.000000,36.141826,33.898048,24.912343,40.582414,30.857068,30.241039,36.056998,38.446936,36.471819,20.380057,37.059595,31.974424,22.928763,26.378650,29.031524,22.145173,35.241443,36.764849,30.044751,32.472599,27.319402,33.080986,31.109124,36.390300,33.494390,29.698956,23.211152,30.741937,28.679609,40.030380,26.652886,37.854715,27.167720,38.407683,30.346677
WinMart+,44.444278,47.404320,42.543176,44.427118,47.136109,39.833869,42.795421,48.883388,42.898715,42.044047,40.916931,47.380947,40.454283,42.103629,44.542445,40.094251,47.703111,39.285878,32.434138,46.716102,44.850425,48.754543,43.684409,46.939155,38.639790,35.458050,42.223837,44.352495,48.000745,42.844994,40.272022,46.846876,44.110908,37.804524,43.712484,42.226682,36.976512,43.075405,34.680457,44.737559,45.356678,48.515233,40.042360,42.339217,43.376856,37.561398,48.410241,45.299466,36.572675,35.188349,45.092533,36.998714,42.052889,36.405838,42.350167,40.290838,35.141961,41.407587,28.909113,44.238092,46.680429,36.335558,38.018134,38.156626,38.524898,35.386305,40.480449,52.463424,35.030445,44.390827,44.804355,34.894503,43.896532,45.154467,38.845235,35.946460,52.228094,48.211157,33.922177,35.390508,38.580565,34.675019,48.695810,48.118300,40.737048,46.210345,30.736115,43.016671,43.200956,31.985964,31.683587,0.000000,35.190879,30.760071,41.398418,37.515297,36.900291,32.554552,41.501787,31.015420,35.892865,41.224377,37.128310,39.923603,27.724673,36.840130,33.673307,37.617778,36.533416,33.953281,35.576500,40.544399,39.905818,37.173023,40.511967,37.962943,36.193068,31.301544,35.286519,35.364343,41.518815,37.118654,38.825746,34.609726,39.435495,38.577865
Kho bạc Nhà nước Đống Đa,41.088024,43.297516,39.763839,41.155960,42.486438,37.222554,40.178944,44.383307,39.256970,39.259778,37.469132,43.964025,37.433745,39.032399,39.780978,37.913643,44.021514,36.135223,31.293225,43.671132,39.602214,45.466748,41.157300,40.277311,40.062878,33.535161,39.804594,41.568476,44.018454,37.557065,38.387032,43.947738,41.704804,39.458261,41.313011,32.765345,38.382582,40.807459,36.968776,42.467114,30.757984,45.371056,38.241749,39.907848,41.272984,33.861284,45.432255,42.902938,38.489451,36.568110,33.599498,32.639158,40.148425,38.655494,29.902504,38.415074,37.885343,39.492536,33.086661,42.066383,43.631593,38.133743,36.737259,40.464877,34.953559,38.480507,28.545123,48.991258,37.098245,42.308617,42.881566,38.581204,41.698303,42.534487,24.702314,22.485951,48.944445,46.035262,36.664341,37.401858,31.286244,39.874115,35.495533,45.662879,39.559448,43.577465,34.437098,41.485129,37.250697,40.906293,35.329332,41.000888,0.000000,39.448756,40.137881,39.303124,38.779236,28.152190,39.695840,32.257532,36.868476,38.950367,38.618434,37.196319,36.793808,38.983375,39.035695,42.605724,24.776639,35.490547,41.532176,43.043144,41.362427,39.292284,43.390927,39.187758,43.049027,36.280821,36.957892,40.452707,40.709098,40.617117,38.240687,38.643368,38.834511,40.993790
Tịnh Cafe,43.702540,46.101550,42.132139,43.695763,45.702303,39.808534,42.353869,47.276160,42.322162,41.655966,40.677863,46.259533,40.305790,41.678209,43.484308,40.036680,46.495227,39.360071,28.787561,35.767323,43.608007,47.539077,43.162956,44.943904,35.935054,36.173490,36.028217,43.716056,46.669491,41.890449,35.039300,45.933548,43.581166,34.868518,43.223492,41.601980,34.180638,35.078538,31.479796,44.184343,44.084002,47.394374,33.867535,41.981557,42.963275,38.114077,47.355678,44.680164,33.525963,34.377448,43.900251,35.769267,41.786611,32.770090,41.794741,40.130433,30.967037,41.158744,32.075414,43.797600,45.742383,32.802836,38.565963,33.635406,37.414286,30.175903,40.332544,50.946985,34.344857,43.896987,44.319548,33.196424,43.397459,44.450751,37.716026,35.665013,50.805806,37.632893,28.572933,31.559780,37.730245,37.252496,46.927577,47.256837,40.674713,45.409743,31.152609,42.782503,42.771436,29.022512,24.615559,32.448186,34.983295,0.000000,41.287371,33.316040,32.650802,32.641781,41.262102,31.479824,26.077924,40.560323,33.904701,28.976336,27.175620,31.797006,26.464922,33.252731,35.020983,31.388254,34.105767,35.228527,35.797442,33.503282,38.735396,35.227108,30.852375,27.432150,32.322792,33.585014,41.449134,32.685909,38.868124,32.294647,39.454157,35.221674
Trường Mầm non Yên Mỹ,45.590519,47.491771,41.351393,39.408745,46.794707,44.113653,45.868020,40.451720,44.658343,44.966525,45.419054,46.310585,44.613803,37.598257,45.645017,45.581870,39.998009,45.243308,40.557872,45.826758,47.510475,44.458413,42.869307,45.909853,43.403681,44.472915,45.955493,39.204874,41.112405,44.819870,41.537201,44.371054,37.370741,44.751657,38.395523,46.498353,45.595493,42.361154,43.362775,41.183955,47.557795,46.856290,43.891038,39.076475,41.619346,43.577754,46.851398,39.421098,44.457572,43.362705,47.431556,45.877166,25.984452,43.945656,46.212059,37.136764,42.375876,30.988914,45.112133,43.264920,43.132077,43.905622,47.614254,44.642115,45.647554,43.665967,40.968051,50.305477,45.714208,25.607097,38.113389,44.197014,42.980841,41.726544,46.683326,45.401419,27.544643,47.072653,43.896103,42.531052,48.400849,47.624546,48.680179,25.868978,17.831746,41.819963,47.175353,19.133242,36.869918,47.498343,42.890460,47.798985,47.103868,46.842931,0.000000,43.875015,42.433795,46.706970,38.769787,47.971763,43.427305,38.313514,40.610535,43.397544,44.384846,43.985577,44.162292,48.021307,43.428848,41.039428,47.386289,43.430791,44.784781,43.831639,47.474962,44.354878,46.909484,44.078362,42.143046,47.506507,40.076917,45.355033,37.412617,44.299770,38.070554,44.656215
WinMart+,42.921719,38.177924,41.580117,42.915727,44.570799,37.935816,35.502900,46.020114,41.668264,38.446438,40.268241,38.394319,39.954503,41.126518,42.571037,36.084546,45.371317,39.142732,30.377378,37.111471,42.576185,41.508499,37.545076,43.542498,38.184158,31.597755,37.787834,42.989673,45.467565,41.085258,36.016090,39.608733,44.368703,37.300727,44.921232,40.952785,35.099054,35.894228,34.053489,42.144314,43.014106,41.489567,34.431936,41.463270,38.474343,38.117931,41.746482,46.520061,29.831612,35.060668,42.876840,38.106071,37.369614,35.764978,41.159491,39.780892,34.372878,39.299552,33.446947,40.935282,44.787787,33.326116,38.532250,37.443346,39.575192,34.455664,38.122064,45.708337,35.954029,39.073824,44.384823,37.428845,42.752802,43.660865,39.822811,39.513259,45.896990,38.875931,26.522140,31.313603,41.002310,36.580300,43.027016,42.584409,41.737177,44.541151,37.474311,44.287780,42.197109,34.606558,27.971222,37.412001,39.063892,32.743338,42.480429,0.000000,31.937832,38.063923,44.700447,36.827901,28.314243,43.485635,33.973564,27.240467,35.455526,29.999106,30.702777,40.565025,39.647357,30.597559,38.439671,31.054513,37.458918,33.342330,42.495976,35.792712,39.355309,31.533443,31.734839,34.160840,43.597430,34.360280,40.699305,32.915620,41.287718,34.201967
5050 Rooftop Cafe & Pub,34.084347,34.448358,40.862134,42.001748,43.283444,34.066298,32.323274,44.643853,40.801131,33.880822,39.548068,34.120139,39.274831,40.371567,41.440682,31.959090,44.197528,38.512459,24.499483,32.699102,41.350089,37.593791,34.061754,42.035489,26.627888,25.340130,32.630411,42.156432,44.228744,39.940253,31.978034,36.165217,43.406465,24.963042,43.926897,39.980772,30.084303,32.366698,34.168212,35.894216,41.791679,37.706863,30.530191,40.810239,35.586310,37.522484,38.121339,45.232001,24.734109,31.406912,41.685507,37.601944,34.659362,35.537475,40.275290,39.297440,34.414877,38.878102,33.660385,38.082506,43.786204,26.970103,37.763438,36.782259,38.811824,34.514874,37.740516,41.799062,28.868576,36.277651,43.486061,36.741305,42.060137,42.812416,39.041992,38.707604,42.208562,35.673542,29.277899,23.711644,39.644468,36.189634,41.902702,39.498491,41.265821,43.637408,36.911663,43.578632,41.576321,34.609127,29.639283,36.873780,38.315719,33.205327,41.935605,29.360550,0.000000,37.495453,43.876844,36.462410,29.998452,42.343195,25.597258,29.322509,35.294620,31.630699,31.839019,39.371001,38.953000,25.613685,37.647597,31.903305,36.631413,33.706847,40.957838,28.208281,38.315705,32.134947,32.260713,34.262556,43.246306,34.437619,40.508183,33.229743,41.072683,34.303988
Thuế cơ sở 4 thành phố Hà Nội,41.210606,43.404172,39.875345,41.275904,42.618761,37.396067,40.281233,44.482724,39.422197,39.400415,37.650932,44.041803,37.623953,39.167885,39.971274,38.045912,44.112275,36.366755,31.470942,43.748888,39.808832,45.527412,41.242971,40.500691,40.195211,33.747364,39.920713,41.662715,44.117623,37.846485,38.494692,44.016991,41.790898,39.598871,41.399230,34.974414,38.498373,40.890114,37.142420,42.536565,40.601922,45.433057,38.357545,40.010299,41.350258,34.189161,45.494233,42.972958,38.642336,36.672408,33.971772,33.041185,40.217070,38.825345,37.081650,38.505437,38.096849,39.567819,32.513704,42.132658,43.709746,38.279340,37.093085,40.651609,35.346378,38.720552,34.641425,49.024424,37.263906,42.369504,42.933977,38.854317,41.774016,42.602785,35.793045,31.869633,48.985990,46.072736,36.867923,37.555842,32.485803,40.221594,40.202473,45.707707,39.621624,43.645709,29.010621,41.543140,39.715598,41.162789,35.581770,35.128415,30.474166,34.469177,40.192300,39.460547,38.936653,0.000000,39.771094,26.376859,35.892455,38.995753,38.751072,38.924974,30.368133,39.165622,34.239171,34.898600,23.596496,35.606510,35.644162,39.363507,41.503379,36.910683,41.439623,39.303883,41.130971,32.212181,37.087241,37.640833,40.746026,38.516611,38.277118,36.368891,38.863116,39.431076
Trường Trung học cơ sở Lĩnh Nam,52.802297,56.766138,47.591368,40.165552,43.973344,50.162738,56.185239,42.157202,41.333166,52.136441,41.703748,55.757696,42.362074,37.464523,42.474746,52.468184,41.485975,42.609012,37.681110,54.108568,44.881039,52.480165,49.675745,43.753822,48.745136,41.689489,52.951663,36.398734,41.142357,42.258187,46.845716,51.821053,45.023975,50.584716,46.115189,41.496078,52.211565,48.055732,42.329817,47.384414,41.189267,54.830001,49.383883,34.206085,47.077945,40.833193,54.349458,49.934463,49.818274,48.119811,42.433708,39.914616,45.565878,48.919201,39.828777,26.861381,41.251924,39.826534,37.640872,48.477295,37.555984,48.711854,43.600754,49.554114,41.084210,47.917802,42.158805,58.678172,51.192231,47.202915,35.315424,43.301213,37.496392,32.725040,42.009025,40.926809,57.912477,52.384852,47.940196,46.188566,45.077964,44.128863,44.472781,53.058082,39.222629,29.885814,43.531699,42.689022,20.238915,44.176686,41.716464,44.394604,43.765247,43.496841,40.114112,47.594410,45.932298,43.268643,0.000000,44.731802,42.092842,27.526981,43.492053,47.141876,42.388308,47.935056,48.070093,44.854732,39.122632,43.745681,44.286061,46.950504,48.698543,47.490803,45.579569,47.591552,45.402850,47.521546,45.060444,44.535877,37.567424,49.150904,34.952624,43.249726,35.674281,48.089869
WinMart+,44.710837,47.385530,42.950576,44.686516,47.143782,40.640434,43.135072,48.701039,43.390706,42.570274,41.673292,47.334904,41.285895,42.583086,44.911229,40.727317,47.641426,40.381258,33.703254,46.719489,45.201632,48.593385,43.917232,46.977044,39.752395,36.758627,42.662248,44.561235,47.906284,43.683331,40.798683,46.841921,44.311621,39.082193,43.946220,42.991222,38.031156,43.361237,36.394826,44.872389,45.592098,48.387633,40.576417,42.695463,43.593014,39.356044,48.299180,45.410491,38.000179,36.150194,36.086350,35.265441,42.341732,38.107265,38.646829,40.670085,37.231961,41.717366,32.629341,44.425325,46.692743,37.660293,40.297694,39.967582,37.624867,37.884562,36.154686,52.055139,36.643245,44.533471,44.905752,37.877189,44.061249,45.255112,38.017888,34.987622,51.861069,48.141815,35.972251,36.863902,38.445901,39.025431,41.814596,48.031775,41.004903,46.229348,27.767367,43.212284,43.336240,40.357693,34.427985,36.985456,33.910240,35.361121,41.650831,38.946057,38.397418,27.290505,41.787024,0.000000,36.906578,41.253371,38.302936,40.436718,29.922413,38.560547,34.828731,36.725027,32.933907,35.074387,37.057119,41.024399,41.130011,37.741296,43.770507,38.939037,43.230310,32.294189,41.145618,39.096697,41.678759,39.719766,39.017135,37.025837,39.611394,40.471929
WinMart+,43.503271,45.460696,42.173181,43.481871,45.054965,40.304021,42.337416,46.397524,42.356099,37.757041,41.033672,37.741739,40.738394,41.768550,43.259408,36.007590,45.845061,40.029986,28.338651,36.727898,43.337194,40.331150,37.156957,44.301266,35.114852,29.415354,37.102839,43.503672,45.961901,42.040651,35.923930,38.885220,43.418183,34.015147,43.101551,41.801954,35.254413,35.879458,30.700027,43.947892,43.715200,40.393828,34.734566,42.015377,38.029457,39.245546,40.653095,44.608782,32.692196,35.209959,39.511429,39.085498,37.102463,31.819777,41.895183,40.289543,29.990806,41.223211,34.943280,40.131362,45.252079,34.089119,39.782176,32.420522,40.537108,29.026296,38.852170,43.912464,35.701373,38.561462,43.076824,31.889581,43.211343,44.117903,40.772428,35.961997,44.147300,38.368418,30.146117,32.862306,42.239142,39.048049,39.995891,41.528388,41.096365,44.971182,35.115577,43.247346,42.600919,23.205661,23.827734,36.228596,35.445422,24.923396,41.727142,34.193042,33.494823,36.034870,41.310641,36.658004,0.000000,40.197334,34.575100,27.248450,25.654292,32.773323,21.577470,34.948527,36.804512,31.857836,34.155864,27.744926,36.798545,27.813599,39.364402,35.839505,30.604693,22.511652,32.899088,28.419193,41.500115,26.656810,39.039717,27.251201,39.602263,31.128436
WinMart+,55.249303,60.267955,49.619347,42.021706,46.212017,42.768308,60.213368,44.753512,42.733681,54.552584,43.541263,59.282125,44.087145,38.936552,44.106167,54.707316,44.264674,44.263405,38.529350,56.972908,46.881760,55.188475,51.775126,45.366783,50.281998,43.093826,55.224917,38.611299,44.132613,43.652953,48.379479,54.227919,47.856775,52.304699,48.929255,42.969881,54.283744,49.743951,43.522568,49.227133,42.719748,57.529313,50.940587,36.083407,48.505972,41.884442,56.796533,54.662487,51.257141,49.356502,43.881190,40.971474,46.789719,50.213819,40.999784,27.444126,42.169236,42.673354,38.271415,49.909190,41.212972,49.943203,44.977676,50.825259,42.063652,48.931618,47.757588,61.453179,52.708642,48.489334,37.043336,44.276978,42.001247,35.947866,43.164755,41.810906,60.354633,53.770656,48.844726,46.959866,46.338877,45.280709,45.918415,54.753681,40.294294,33.354152,44.644056,44.814960,25.560861,45.221803,42.459199,45.546754,44.733316,44.423089,41.453500,48.371724,46.644985,44.195903,27.887573,45.840914,42.818842,0.000000,43.987612,47.941568,43.175935,48.799439,48.913805,45.939918,39.729139,44.170475,45.216939,47.654908,49.544251,48.235214,46.505954,48.190499,46.290258,48.181770,45.543396,45.421999,38.273299,44.994466,35.278846,43.920034,36.039078,48.746888
Cửa Hàng Tiện Lợi BV Mart,35.160830,35.669163,34.834092,41.697843,42.814086,35.343003,33.490753,44.066329,40.587402,35.365554,39.457524,35.496973,36.516369,40.191974,41.136798,33.465920,43.706204,38.529054,25.926242,34.214350,41.022355,38.658706,35.221922,41.592385,28.371150,26.807603,34.348221,41.863827,43.713320,39.752256,33.462525,37.189243,43.016412,26.903158,43.504369,39.826068,32.027851,33.659248,26.519834,36.762584,41.424370,38.744852,32.078064,40.624305,36.493411,37.663313,37.274566,44.654304,27.289989,32.804120,41.342785,37.709966,35.555444,28.156505,40.089133,39.193435,35.072562,38.822656,34.333804,39.306555,43.364564,29.691095,37.897422,37.079817,38.772992,35.275028,37.841637,42.324001,31.546845,37.128886,43.107163,37.081342,41.787968,42.466660,38.987234,38.685574,42.709675,36.646314,31.399080,23.374220,39.482946,36.562179,41.569287,40.675289,41.114226,43.251710,37.169474,43.279726,41.329881,35.451074,31.238348,37.148447,38.351588,34.146024,41.751714,32.783135,24.708657,37.637868,43.502199,36.761666,31.621539,41.754330,0.000000,31.154719,35.840984,33.257656,33.200629,39.267618,38.898966,23.668363,37.807500,33.033572,31.560296,26.354126,40.624146,27.484231,38.348620,33.042910,28.676097,34.840907,43.088974,35.074114,40.455293,33.938743,41.003959,34.891439
Đảng uỷ - HĐND - UBND phường Thanh Xuân,40.487127,36.308083,39.430669,40.521194,41.575015,35.997044,33.991937,43.098301,39.070221,36.119478,37.717739,36.213040,37.401814,38.807751,39.485853,34.094962,42.808836,36.442421,28.921983,34.921827,39.251215,39.405993,35.804699,39.744192,35.482070,29.974378,35.142272,40.864756,42.774470,37.428637,34.075885,37.822168,42.509424,34.482874,43.071143,37.823285,32.722758,34.205446,31.429295,40.520017,39.836373,39.471095,32.624415,39.527936,37.018416,34.970537,39.811793,44.319228,27.759574,33.349348,39.718702,35.439083,36.030021,32.551756,38.439587,38.197405,30.973945,38.014778,30.763571,39.316760,42.544989,30.417498,34.767907,33.267125,36.620592,30.374295,36.024198,43.498620,32.456599,37.645906,42.675719,32.902275,41.001936,41.653206,36.862879,36.314769,43.819116,37.282492,23.031485,28.525006,36.570219,33.072681,40.092621,40.923348,40.582033,42.544119,33.826688,42.885531,40.651325,29.552303,25.174303,37.390067,35.839974,29.283679,41.243236,29.600066,28.669814,35.010625,43.220767,37.565317,24.598535,41.715187,31.503403,0.000000,31.794228,26.223939,26.312403,36.814320,37.325379,29.182578,34.693833,27.667345,32.949584,18.597571,38.723319,33.553458,35.239933,28.903741,29.830881,31.531825,42.878006,31.128141,40.163539,30.336098,40.736048,31.553589
Starbucks,44.665479,46.983793,43.111764,44.633821,46.726656,41.166461,43.238144,48.093751,43.536713,42.824376,42.083384,46.962087,41.770959,42.784786,44.834813,38.278473,47.234856,41.064076,34.889564,39.058021,45.042542,48.098664,43.930502,46.429958,34.452578,37.827852,39.748441,44.509113,47.442247,43.829618,38.206218,46.560341,44.292438,33.420090,43.968128,43.245029,38.003679,37.883610,30.431068,44.804131,45.367578,47.957548,37.013329,42.840213,43.631105,40.425480,47.893966,45.301461,34.838886,37.317967,40.486649,40.041865,42.477477,31.376238,43.124954,40.899146,29.755306,41.875660,35.319298,44.432448,46.419793,37.550535,41.404075,31.818942,41.794098,28.966346,39.569083,51.286707,39.262972,44.490243,44.453513,31.366915,44.025751,45.113977,42.048896,40.517391,51.158498,40.026846,34.881350,36.572796,44.708075,40.626140,44.120205,47.701963,42.195204,46.006879,35.665548,44.451058,43.307804,24.869495,24.595167,37.631616,40.052207,32.085792,42.860603,38.390558,37.701322,36.830412,41.929287,37.978232,24.082543,41.084038,37.755921,34.539580,0.000000,37.781935,23.920505,36.020890,37.619876,34.229620,32.681249,35.085798,41.103788,32.662453,40.899596,38.565589,27.724972,24.643605,38.777728,25.774212,41.775099,31.394466,39.193846,31.121504,39.772560,35.136780
WinMart+,40.980810,36.694202,39.931366,41.005949,42.094441,36.416479,34.456565,43.511779,39.688082,36.597401,38.417817,36.638176,38.135603,39.363662,40.162632,34.687529,43.187813,37.282843,29.952663,35.461621,39.984055,39.593015,36.179347,40.528113,36.405396,31.010474,35.754346,41.273804,43.178593,38.392204,34.661186,38.074809,42.525070,35.537980,43.062314,38.638923,33.554580,34.715352,32.755291,40.617396,40.494610,39.659527,33.307677,39.969278,37.270356,36.064960,39.967388,44.245127,29.186583,33.924174,40.395054,36.351628,36.313719,33.940473,39.112234,38.589256,32.651492,38.174730,32.193439,42.504484,42.889791,31.733545,36.055732,34.855615,37.490971,32.431097,36.740015,43.474184,33.598115,37.865517,42.675245,34.660908,41.325644,41.994852,37.727314,37.285906,43.786608,40.487201,26.661085,24.088641,37.799809,34.499190,40.703902,41.004983,40.663764,42.845350,35.204680,42.894168,40.929226,32.100515,27.678178,35.198799,36.869157,31.288503,41.309002,24.283987,22.542574,36.080956,43.187625,34.985458,27.947265,41.563914,29.618658,27.179603,33.461847,0.000000,29.573426,37.607440,37.783959,27.372471,35.849946,21.780341,30.469566,18.064246,39.211837,32.892512,36.365016,30.670529,27.686198,32.859552,42.877981,32.761846,40.211703,31.827158,40.776421,32.899544
WinMart+,44.613752,46.718225,43.183764,44.582486,46.453319,41.453805,35.286082,47.704674,43.592875,37.591276,42.288026,37.561877,42.017214,42.872894,44.750913,35.722213,46.961332,41.409185,28.579230,36.491234,44.917405,40.279398,36.977405,46.106681,34.458063,38.436086,36.878556,44.458165,47.135859,43.861247,35.682902,38.777263,44.266154,33.483301,43.958264,43.351006,34.878131,35.626391,30.683651,41.133371,45.201564,40.333509,34.399907,42.912233,37.905463,40.926812,40.608765,44.716130,30.961745,34.915949,40.906428,40.509811,36.954761,31.578904,43.205716,41.033070,30.106247,41.962345,36.618374,40.075306,46.229798,33.532165,41.857752,32.022083,42.064178,29.446353,39.999547,43.996985,35.293954,38.452739,43.118455,31.636962,43.983287,44.998317,42.295118,40.985916,44.268483,38.243783,28.975039,32.174573,44.591739,41.260975,44.119545,41.514853,41.058800,45.834302,37.267206,43.284837,43.281034,26.335948,25.463061,39.377192,40.603426,35.158293,41.705630,33.553867,32.797802,38.173152,42.008012,39.417773,22.268829,40.954700,34.134574,24.914793,28.406392,31.845061,0.000000,38.609649,38.570563,31.360537,34.550587,23.773957,36.391049,25.380450,39.709300,35.539623,28.742346,20.492466,34.924807,28.597040,41.847367,24.719781,39.314124,25.718854,39.885209,29.654509
WinMart+,45.241255,47.929106,43.448271,45.200437,47.779430,41.299293,43.588948,49.237402,44.031175,43.155029,42.372122,47.771637,42.010691,43.152199,45.659802,41.262003,48.105941,41.221142,34.301831,47.131491,46.029760,48.970527,44.329106,47.889130,40.353584,37.491479,42.329753,44.998254,48.395790,44.759601,40.490997,47.220190,44.691460,39.741191,44.342811,43.870370,40.754713,43.745399,37.144992,45.218764,46.336320,48.767626,39.360299,43.132623,43.938741,40.499191,48.654419,45.766125,38.688139,39.494707,46.133279,39.539018,42.686691,38.919818,43.623401,41.033327,38.169159,42.074909,34.086912,44.768276,47.104993,40.971323,41.783319,40.904203,41.602941,38.997341,39.147173,52.369604,42.678047,44.846052,45.193119,39.165625,44.402863,45.630714,41.882110,40.038437,52.159637,41.699005,39.563570,40.249768,45.307562,40.806836,49.108212,48.327764,41.247473,46.588173,33.966165,43.464751,43.623045,34.494696,35.504248,39.332708,39.449516,34.543425,41.894106,42.391822,41.744570,35.619718,42.119662,35.457260,36.658084,41.551572,40.905838,41.303083,25.908791,42.494830,33.837726,0.000000,36.356172,36.766822,36.726780,42.122219,45.022532,37.765319,42.172483,41.277182,41.500076,35.242769,41.653361,33.875831,41.829691,36.909290,39.159826,33.601280,39.754578,38.820303
Phường Ô Chợ Dừa,37.236241,38.993628,36.401860,37.401363,37.749268,36.323851,37.101790,39.812078,35.139782,39.014890,32.930607,40.266529,36.932657,35.049696,34.879473,38.280941,39.993784,35.518466,33.503002,40.306581,33.665656,41.948054,38.202866,38.353817,38.875353,33.532824,39.511292,39.834082,39.264407,36.344876,38.300669,40.735449,38.515784,38.312585,38.105276,33.275927,37.609539,37.965547,36.261870,39.803166,31.373292,41.852584,38.180110,39.688530,38.742963,33.772067,42.067420,39.699496,37.598510,36.609240,31.157732,32.944697,37.768769,37.567365,30.750209,35.726851,36.863938,36.786278,32.131959,39.392163,39.804954,37.302054,35.652632,38.716424,29.592289,37.122739,29.273824,45.289336,36.394080,39.824493,40.270414,37.057915,38.755081,39.156929,26.201590,27.996429,45.450688,43.371753,35.969504,36.672539,32.584720,37.506324,32.145212,42.897424,37.705136,40.219424,29.772307,39.233328,37.437897,38.530492,34.941913,33.622965,25.820381,33.401780,38.110548,38.111166,37.694750,25.249684,39.338700,28.710336,35.064264,35.983241,37.732779,37.658541,30.707641,37.741878,33.767264,33.368340,0.000000,35.208415,34.692398,37.980907,39.698558,36.148499,37.443732,38.301355,37.366724,32.153892,39.353446,34.306377,40.412311,35.678254,38.025398,34.084728,38.613363,37.014737
Chợ Xanh Văn Quán,40.224835,33.411406,39.398997,40.236034,40.931690,33.134438,31.848179,42.101162,39.146468,32.856404,38.147118,33.065054,37.913898,38.883287,39.425760,31.547890,42.008974,37.259047,31.428688,32.004210,39.254967,42.899948,33.142840,39.598831,36.604230,32.339145,31.873905,40.510529,41.959366,38.032906,29.692285,40.461582,41.534133,35.959197,41.998313,38.263928,30.216975,30.182078,33.956749,42.828906,39.670101,35.047104,31.119803,39.452180,38.265613,36.347077,35.480287,42.861828,26.795546,31.337889,39.610954,36.535558,37.345852,34.853757,38.634397,38.238752,34.058145,37.928121,33.574054,37.167781,41.843379,31.653607,36.363931,35.590763,37.381114,34.062422,36.790942,40.336475,29.456176,37.863291,41.707395,35.494646,40.605097,41.118129,37.576596,37.233529,40.902895,34.355872,31.054240,24.613828,37.571629,35.310076,39.869982,39.159052,35.587465,41.848140,35.783940,36.338292,40.248140,34.089622,30.976748,35.755662,36.932298,33.268276,35.984364,31.727448,30.971107,36.357344,42.206582,40.700987,31.291742,40.127995,24.576360,30.877784,37.967313,32.358730,32.427029,40.595462,39.978299,0.000000,39.480444,35.103760,25.146148,32.452118,38.527798,20.217907,36.557252,32.492673,26.526038,34.025519,42.402248,34.099174,39.994111,33.293958,40.518747,34.021745
Noble Moment,45.025748,47.232048,43.513292,44.985946,47.025372,41.785512,43.604743,48.276690,44.014348,43.303367,42.676811,40.654528,42.398268,43.233690,45.296551,39.104551,47.430566,41.814759,35.710167,39.853694,45.519070,48.209731,44.239067,46.841340,36.576678,38.668776,40.625689,44.810039,47.638123,44.512702,39.025976,46.737546,44.568904,35.750351,44.261220,43.879095,38.994688,38.626509,33.106718,45.039155,45.785583,48.078066,37.880654,43.206545,43.898165,41.405473,48.014458,45.529026,36.129606,38.108865,41.295231,40.897499,42.784483,34.266884,43.648770,41.248569,33.093050,42.195374,36.892063,44.678829,46.622266,38.803110,42.494611,35.191361,42.549159,32.953547,40.289169,51.258806,40.454111,44.716205,44.809946,35.039259,44.265120,45.338314,42.781352,41.447719,51.139040,40.586395,36.719479,37.949360,45.491269,41.930154,44.598171,47.805177,42.530244,46.182053,37.657391,44.763401,43.517666,32.469202,29.013627,40.192431,41.048907,35.507939,43.196501,39.821203,39.181867,38.636129,42.224221,40.128132,32.956322,41.244582,38.905730,37.243953,29.540787,39.502368,28.701615,34.880110,38.973582,35.237719,0.000000,37.864593,42.385829,34.771665,29.604121,39.525119,26.377403,22.179463,39.782694,22.959470,43.985140,30.205716,41.116429,30.157064,41.684142,35.013053
WinMart+,45.904990,47.992080,44.432403,45.838672,47.884342,43.014308,36.626669,48.981753,45.083990,39.423520,43.912047,39.272818,43.676009,44.246752,46.407753,37.427912,48.084454,43.264984,31.978606,38.275807,46.668385,41.810505,38.404204,47.966942,38.749010,40.176502,38.955704,45.559476,48.316440,45.983936,37.355348,40.162904,44.301252,38.071031,44.797850,45.219191,36.929939,37.098992,35.559157,42.335695,46.833873,41.821866,36.039294,44.037592,39.083236,43.214912,42.030558,46.172091,33.188085,36.451985,42.835499,42.508134,38.072680,36.999816,44.793639,42.016868,36.108316,42.910989,39.384979,41.312409,47.247398,36.123894,44.489817,38.429403,44.032575,36.506439,41.637000,45.485422,38.088645,39.596653,44.313115,38.518467,44.884021,45.975240,44.235150,43.165493,45.675419,39.520276,32.328662,34.882973,47.177205,44.179030,45.690857,42.732856,41.950124,46.744902,40.661948,44.294695,44.063887,36.688123,31.927171,43.742986,42.866062,39.884555,42.639330,36.810589,35.997207,41.435792,42.898075,43.290381,32.611406,41.760930,36.522027,30.145833,36.410775,35.696170,27.739898,43.814107,41.227003,32.960192,40.840027,0.000000,39.995175,22.314032,44.038777,37.614111,37.324384,27.984553,33.411861,33.279969,43.659399,31.043503,40.883708,30.012219,41.450421,31.634279
Co.opmart,42.143672,38.205203,41.051444,42.142407,43.369834,37.997763,35.927567,44.648165,41.042849,38.403337,39.880427,38.316145,39.632917,40.601524,41.675738,36.533470,44.208724,38.952564,31.715544,37.303480,41.591886,40.878925,37.614263,42.254184,38.191969,32.797902,37.864449,42.264255,44.249186,40.338981,36.484449,39.346171,43.449061,37.506028,43.945106,40.338919,35.878763,36.328432,35.061724,41.574945,41.984271,40.918615,35.219449,40.975432,38.407693,38.118646,41.867625,45.185620,32.208940,38.605507,41.896387,38.107032,42.584807,36.379069,40.557100,39.478804,35.471216,39.086917,34.633957,44.731117,43.814131,34.852341,38.437467,37.642330,39.242368,35.750926,38.159253,47.349855,36.665945,43.090317,43.512219,37.671312,42.132738,42.862168,39.458259,39.181182,47.227233,42.519932,31.660163,26.398660,40.153252,37.027531,42.090307,44.570535,41.384425,43.654856,37.676162,43.617772,41.626760,36.032382,31.424439,37.639259,38.839243,34.514079,42.039101,33.461236,32.027211,38.084811,43.867473,37.178327,31.834001,42.182155,28.840860,31.335315,36.291105,33.684831,33.553041,39.897864,39.325665,26.170060,38.363891,42.420634,0.000000,26.099447,41.311503,34.256222,39.001990,33.263401,26.032530,35.150571,43.266041,35.458082,40.583225,34.207063,41.140669,35.193439
WinMart+,44.030752,37.246498,42.874979,43.993327,45.402792,37.044877,35.233577,46.464187,43.168735,37.285024,42.128356,37.246265,41.923895,42.565407,44.012445,35.637496,45.942661,41.447971,31.368724,36.282726,44.064340,39.709765,36.752680,44.889010,37.109198,39.060623,36.630868,43.920720,46.051021,43.206437,35.608852,38.388133,42.291567,36.423074,42.780001,42.902552,34.892741,35.558269,34.199159,40.604532,44.316312,39.786806,34.472404,42.637773,37.631652,41.080867,40.053893,43.791359,31.576280,34.913678,41.061202,40.746077,36.754891,35.258180,42.799517,40.946146,34.373104,41.786649,37.991628,42.280421,45.404161,33.777512,41.781459,36.159726,41.896639,34.459389,40.322782,43.135286,35.253088,38.146245,42.435346,36.118300,43.531027,44.373554,42.094689,41.123651,43.423336,40.509445,30.861412,28.725298,43.597810,41.366313,43.563494,40.961303,40.661110,45.095102,38.712101,42.712418,42.873293,35.561675,30.816824,40.312397,40.840317,37.760549,41.258014,31.693856,30.697762,39.284668,41.824316,40.261981,32.777796,40.981598,33.002350,31.373556,35.105444,18.043941,30.349107,39.991368,39.372704,30.169488,37.950066,26.189042,35.407699,0.000000,40.503872,34.862182,35.730093,29.465645,33.793124,33.223956,42.770250,31.712675,40.232226,30.852819,40.773435,32.020123
9.0cafe,45.617391,48.143306,43.915109,45.568480,48.027691,42.033488,43.995919,49.362493,44.566089,43.708066,43.080573,47.932417,42.761430,43.666072,46.154142,41.880460,48.268247,42.128112,35.318793,47.316927,46.513937,49.040081,44.661712,48.225628,41.079648,38.529755,42.528959,45.315081,48.558314,45.524474,40.763527,47.388724,44.983893,40.566208,44.660091,44.586397,41.059387,44.106956,38.241941,45.461576,46.745564,48.854892,39.698294,43.539457,44.238087,41.758697,48.749922,45.993356,39.607264,39.798548,40.873524,40.410686,43.025867,39.963732,42.166912,41.438340,39.403399,42.426392,36.317345,45.039334,47.290694,41.316117,43.195478,41.924517,42.373997,40.377989,39.828632,52.259033,42.893568,45.087985,45.393666,40.702325,44.657911,45.862696,42.630669,41.001275,52.065788,41.845902,40.147437,40.677133,46.164574,42.572295,44.760284,48.414284,41.541423,46.762875,37.063874,43.711191,43.848108,36.541866,37.106481,41.373904,40.503465,37.277542,42.180656,42.665044,42.092352,38.355908,42.446345,39.342511,38.226528,41.709936,41.253719,41.881316,30.422875,42.792073,35.796641,45.156453,36.568784,37.270368,36.305650,42.594077,45.039620,38.591588,0.000000,41.550535,37.366209,32.590258,41.899127,25.265038,44.365688,33.126830,41.341777,29.849147,41.926282,36.670837
The Coffee House,42.446820,38.774776,41.386980,42.437027,43.649954,38.590910,36.548284,44.837465,41.437482,39.055103,40.357493,38.921919,40.135329,40.976475,42.079364,37.283337,44.396881,39.528780,32.599570,38.007474,42.027228,47.994208,38.160751,42.674021,38.851082,33.661816,38.633957,42.516432,44.437573,40.922756,37.227202,45.179250,43.643915,38.247499,44.115424,40.857072,36.826482,36.995378,36.033429,41.843524,42.369731,39.691210,36.513716,41.276522,42.501486,38.858501,40.673268,45.307071,33.587303,37.015282,42.291204,38.755771,41.661323,37.331624,40.990622,39.765201,36.597247,39.399770,35.677285,43.492160,43.993073,36.119186,39.254102,38.620892,39.824320,37.030860,38.704013,46.366766,37.799169,42.188986,43.681703,38.727474,42.333132,43.055465,40.033608,39.813933,46.342682,41.011905,33.766522,26.998951,40.861955,37.975172,42.452669,43.699423,41.596413,43.807463,38.566644,39.548084,41.799207,37.466492,33.115246,38.522278,39.513440,35.842011,42.243516,36.438085,35.277403,38.808509,43.977815,44.140642,33.565554,42.196920,29.617147,33.202290,41.517219,35.576221,35.195325,44.499061,42.595788,20.602367,43.235979,39.139000,27.384443,35.940713,41.880942,0.000000,39.854021,34.443924,28.279326,36.115168,43.362504,36.546792,40.703474,35.252996,41.253236,36.167581
Cục Tần số vô tuyến điện,46.631740,48.969038,44.977466,46.564349,48.968908,43.505227,44.962676,50.100007,45.828639,44.932119,44.550017,48.635700,44.290168,44.846087,47.433428,43.136863,48.999244,43.895047,37.071308,40.291402,47.838880,49.584606,45.511781,49.477352,37.187607,40.378999,41.156838,46.174146,49.305446,47.261816,39.469349,48.041009,45.769498,36.435987,45.487110,46.176615,39.535463,39.027238,33.943295,46.155984,47.952822,49.418162,38.356647,44.504746,44.996814,44.007416,49.296556,46.688867,36.850697,38.549680,42.920691,42.559794,43.832029,35.131380,43.792336,42.330367,34.107855,43.258412,39.594955,45.755645,47.992600,39.481266,45.680355,36.162591,44.353656,34.159430,41.541679,52.548623,41.139995,45.755584,45.210931,43.263363,45.369012,46.583900,44.573679,43.339943,52.355677,40.882857,37.712625,38.702301,48.463458,45.450280,46.170002,48.884401,42.871387,47.393645,41.185607,45.121022,44.477110,34.558860,30.441776,43.117069,42.991148,37.289495,43.545819,40.638259,40.023989,42.138381,43.228365,43.878728,35.293095,42.296811,39.544891,38.650998,33.090448,40.428904,31.112691,45.682698,39.917216,35.797745,33.609716,39.299044,43.104930,35.919365,45.296100,40.097081,0.000000,16.022119,40.334683,20.526011,44.722769,27.678711,41.715695,28.267764,42.292635,33.825101
Everything Coffee 'N Bagel,45.316433,47.231549,43.968654,45.260325,47.050722,42.582732,45.164445,48.120321,44.496864,39.056430,43.382279,38.923039,43.162633,43.736002,45.623131,37.266593,47.375840,42.735277,32.282359,37.999974,45.802714,41.274505,38.161784,46.902985,38.448429,39.926303,38.575244,45.049961,47.558939,45.060581,37.211329,39.798475,44.538158,37.828206,45.002382,44.477000,36.793941,36.987852,35.579187,42.661893,45.994610,41.317896,36.018610,43.626701,38.842071,42.579743,41.535182,46.320948,33.510613,36.381941,41.902307,41.568293,37.896839,36.831307,42.689821,41.722785,36.046508,42.592372,39.094531,40.931945,46.649350,36.062318,43.623529,38.031252,42.938916,36.395014,40.926734,44.727571,37.725832,39.323735,44.525411,38.103410,44.476888,45.469918,43.147953,42.086241,44.942367,39.246687,32.973944,35.010635,45.379756,43.272292,44.660448,42.256382,42.220951,46.215757,40.165963,44.503260,43.708008,35.504708,32.496701,41.148371,41.778504,37.347369,42.903498,36.605303,35.940769,40.842076,42.596628,41.820132,24.273115,41.301160,36.409180,31.745608,34.920293,35.699124,28.104115,41.794005,39.297232,33.244513,35.779817,29.819215,39.194829,29.213726,40.685704,37.384192,33.340340,0.000000,36.341518,27.889305,43.791020,25.426820,41.061460,25.772204,41.613039,27.852089
Starbucks,44.851888,35.078880,43.797219,44.828598,46.023828,34.867936,33.522928,46.911646,44.125186,34.797169,43.264149,34.952254,43.064073,43.558193,44.898559,33.499634,46.506029,42.749755,30.082659,34.029100,45.073820,37.355230,34.802706,45.750353,34.706125,40.588713,34.038202,44.672484,46.603108,44.443874,33.462263,43.684419,40.033422,34.010650,40.506369,44.062698,32.546256,33.655102,32.041989,38.598451,45.264225,39.076486,36.351795,43.510254,41.501971,42.665528,39.807868,41.197056,29.614969,36.786496,42.440134,42.238481,40.752341,32.768701,43.882672,41.803700,31.863304,42.581059,40.153677,41.807122,46.009209,31.256397,43.303017,33.207493,43.243251,31.572082,41.554489,44.231363,32.308509,41.216203,40.288156,32.946130,44.196123,45.011861,43.412258,42.661369,44.376238,39.836958,28.423542,25.262963,44.866723,43.089135,44.468370,42.476612,39.108684,45.654752,40.961501,39.100468,43.473832,38.901830,28.764280,42.578982,42.443468,40.588086,39.613520,28.072515,27.414947,41.475908,42.587334,42.404599,37.494902,38.729935,25.535603,36.765526,39.141398,32.755536,36.627887,42.513747,41.294991,28.789702,41.092731,35.401234,21.557250,31.368304,42.720048,31.339532,39.442727,33.955959,0.000000,36.729214,41.673102,36.124744,39.402329,34.902680,39.926890,35.757990
Chợ Trung Kính,43.942776,45.886969,42.605592,43.914609,45.550050,40.874947,42.734040,46.810242,42.883367,42.298296,41.619196,45.991527,41.356583,42.256180,43.861652,40.913307,46.213258,40.715507,35.333392,37.795018,43.953818,47.065595,43.387271,44.969664,34.455162,37.980929,38.259770,43.875865,46.339085,42.814961,37.114183,45.739904,43.749634,33.604021,43.449849,42.486215,36.760995,36.955204,31.182461,44.245763,44.289312,46.988861,36.100848,42.403888,43.179176,40.111014,46.975134,44.694260,33.993266,36.407078,39.718039,39.298443,42.131628,31.977983,40.837988,40.632697,30.777102,41.553943,36.048385,43.957195,45.584143,36.137127,40.806529,32.406161,40.732174,30.332447,39.041480,50.039875,37.478310,43.982770,43.798844,39.267125,43.502728,44.436189,40.969409,39.618437,49.960918,38.995401,33.746807,35.282669,42.513168,40.181218,42.897864,46.917719,41.834130,45.264724,36.503823,43.915599,42.850419,28.586005,27.093201,36.517086,39.210937,30.853184,42.450992,36.556933,36.024684,37.340320,41.608592,37.715708,28.527079,40.426841,36.402211,33.119460,25.380885,35.857463,25.885798,35.204389,36.220197,33.680533,22.006566,33.004006,38.592442,31.733126,31.466262,37.236494,22.856018,25.902008,37.060905,0.000000,43.874975,22.917796,41.076394,23.976641,41.637033,30.036281
Trường Mầm non Kim Lan,45.108193,45.929592,43.078782,40.347840,41.689559,44.374896,45.242490,40.965250,40.808572,44.799144,40.907075,45.418674,41.178662,39.383117,41.251239,45.098737,40.740390,41.294363,39.196350,45.243343,42.129243,44.640229,43.882418,41.797369,43.989317,40.962595,45.276692,39.336977,40.631602,41.202189,43.050765,44.586685,41.728125,44.691682,42.093156,40.862923,45.113358,43.492625,41.284572,43.042031,40.729711,45.690901,44.244728,38.790340,43.154139,40.622554,45.715584,42.727084,44.587297,43.938761,41.259121,40.216617,42.470667,44.275835,40.187789,36.230821,40.835559,39.795989,39.072950,43.910200,39.814300,44.234409,41.800111,44.631329,40.742165,44.080140,42.061255,47.399916,45.209705,43.321902,39.078245,41.840774,39.599540,38.879172,41.132348,40.677522,47.421145,45.986547,44.200296,43.381720,42.569384,42.156667,42.162776,45.882701,39.922759,38.791055,41.882330,41.311788,34.156127,42.237919,41.096179,42.283776,42.826198,41.955365,40.312303,44.165165,43.303348,41.833756,36.221834,42.481176,41.302263,34.664679,42.117661,43.886849,41.434337,44.243002,44.344805,42.556629,41.965360,42.321941,42.359584,43.894834,44.710983,44.137954,43.076623,44.446320,43.007486,44.277027,43.043023,42.527626,0.000000,45.065000,23.666172,41.958941,22.838988,44.640098
WinMart+,44.375496,46.251730,43.079109,44.346733,45.972769,41.524188,43.156203,47.133632,43.440644,38.931282,42.267638,38.805433,42.030468,42.768806,44.441525,37.312614,46.513018,41.488186,36.135874,37.964331,44.551276,40.995470,38.118335,45.543011,36.114684,38.802848,38.466874,44.240126,46.655279,43.594297,37.246912,46.004936,44.089325,35.403869,43.806125,43.183331,36.890053,37.051079,33.212886,44.543951,44.819773,41.054923,36.172176,42.825411,38.758937,41.080188,41.264386,45.725325,33.982508,36.494531,40.589837,40.217608,37.878572,34.134698,41.540639,41.030014,33.199327,41.913069,37.413091,40.742991,45.873916,36.257564,41.898487,34.837642,41.575323,33.120018,39.810723,44.244290,37.693270,39.225260,44.103929,40.375577,43.805550,44.740074,41.798003,40.612146,44.460228,39.156128,33.702958,35.353819,43.533076,41.408062,43.509908,41.979729,42.018068,45.519330,38.140986,44.169080,43.116342,32.882309,30.129459,38.601286,40.262785,34.848790,42.659835,36.738659,36.165118,38.871528,41.958983,39.493821,27.120897,40.663714,36.534403,33.003584,31.451047,36.006220,23.247548,38.313728,37.597011,33.644898,31.045637,31.490582,38.939639,30.542145,36.229535,37.401788,26.196706,18.541574,36.487995,25.730341,44.024820,0.000000,41.242530,16.328928,41.803537,22.527153
Trường Trung học cơ sở Văn Đức,41.636693,42.128128,39.924269,37.599327,38.726137,41.153890,41.419777,37.977366,38.208597,41.354920,38.125062,41.660620,38.413081,36.817576,38.510445,41.678567,37.726567,38.544897,36.985657,41.633620,39.180877,41.122116,40.606400,39.022652,40.924428,38.336733,41.815920,36.522295,37.575786,38.559476,40.060491,41.150151,38.490674,41.485431,38.822293,38.211706,41.733158,40.393976,38.732247,39.919449,38.053469,42.062202,41.137290,36.065881,40.217238,38.185865,42.152784,39.132472,41.496224,41.004632,38.573983,37.796313,39.779685,41.283843,37.693384,34.063094,38.464945,36.874836,37.017321,40.877489,36.725202,41.267402,39.098748,41.622735,38.321965,41.262214,39.252360,43.547126,42.020083,40.418626,36.309004,39.370589,36.518637,36.012919,38.588132,38.323540,43.659835,42.787373,41.439834,40.778567,39.859213,39.537461,39.394906,42.534720,37.519118,35.834050,39.304665,38.527634,32.355816,39.676723,38.816323,39.648349,40.165332,39.485125,37.784510,41.504812,40.750310,39.363161,33.845086,39.853875,39.022263,31.903721,39.854530,41.234632,39.096842,41.507885,41.617707,39.937740,39.486723,40.115934,39.864512,41.308383,41.959055,41.501540,40.531661,41.933996,40.495703,41.698324,40.720502,40.031949,23.130273,42.328633,0.000000,39.678292,18.517821,42.036509
Trung tâm Hỗ trợ doanh nghiệp Hà Nội,42.976801,44.591816,41.856073,42.959629,44.173466,40.224162,41.989025,45.351133,41.960295,37.778123,40.858927,37.761586,40.584819,41.461260,42.634629,36.323430,44.995071,40.013975,35.411005,36.920326,42.668060,39.965977,37.241905,43.353888,37.331108,37.739254,37.248984,43.008758,45.058797,41.569721,36.244009,38.741541,42.981019,36.734666,42.705442,41.447110,35.766561,36.197079,34.796552,43.486618,43.006157,40.054433,35.261680,41.725814,37.991977,39.385075,40.297626,44.560399,32.941776,35.636235,39.141009,38.778871,37.170233,35.749624,40.140309,40.141720,35.028714,41.005036,36.045849,39.856394,44.545873,34.969847,39.797140,36.596313,39.935145,35.121631,38.627696,43.107821,36.221008,38.467856,43.157505,38.646587,42.783532,43.560303,40.154185,38.992093,43.351847,38.327011,32.337807,34.073266,41.021398,39.260241,41.863960,41.108768,41.343916,44.324310,36.379905,43.320183,42.211350,31.681456,29.578567,36.360102,38.641973,33.334861,41.943888,35.159568,34.651943,37.058523,41.084707,37.261009,26.742567,39.613118,35.277758,31.234162,30.194229,34.294619,28.821845,35.469114,36.160726,32.851514,29.532391,29.927768,37.095744,29.458844,33.368300,36.227607,25.808072,20.030202,35.366083,23.373165,43.520000,15.581789,40.875235,0.000000,41.427852,21.146157
Trường Mầm non Văn Đức (điểm Chử Xá),42.991879,43.540803,41.295311,39.019635,40.129730,42.450714,42.889892,39.463510,39.513374,42.717916,39.512608,43.098176,39.767578,38.237627,39.848417,43.008983,39.246579,39.874881,38.224157,43.021886,40.535914,42.518466,41.961289,40.328067,42.188917,39.642184,43.146048,38.091691,39.129261,39.848572,41.366210,42.522193,40.019346,42.758656,40.334600,39.534019,43.039623,41.708512,39.972073,41.283295,39.400705,43.426805,42.402499,37.643926,41.506727,39.425805,43.492776,40.728104,42.728585,42.220479,39.880275,39.061145,40.975833,42.499730,38.999426,35.543400,39.647098,38.390915,38.182518,42.134384,38.386387,42.474939,40.363566,42.822141,39.545456,42.420004,40.550249,44.879254,43.252122,41.675511,37.912088,40.528226,38.156387,37.643396,39.836511,39.514013,44.958745,43.970583,42.564908,41.895261,41.074853,40.736565,40.668308,43.775835,38.800546,37.529862,40.511923,39.875304,33.847980,40.842712,39.940832,40.855546,41.339826,40.634570,39.099092,42.596373,41.841940,40.521066,35.506239,41.036362,40.130342,33.473631,40.896347,42.334637,40.221302,42.616289,42.717991,41.111971,40.636310,41.125140,40.997522,42.383796,43.042829,42.577165,41.640038,42.943449,41.587484,42.749238,41.730121,41.157047,22.143747,43.388144,18.793634,40.745455,0.000000,43.070992
WinMart+,45.603949,47.412708,44.322655,45.548482,47.265948,43.111880,45.746726,48.228054,44.885056,40.264903,43.869673,40.058098,43.683555,44.129992,45.970298,38.556580,47.515722,43.321943,33.655160,39.257791,46.140780,42.127769,39.178824,47.158889,39.672183,40.661166,39.956556,45.304215,47.690659,45.522525,38.494594,40.676997,45.087966,39.167385,45.519405,44.939264,38.356184,38.153291,37.181754,43.285519,46.299241,42.158519,37.391087,43.962746,39.661207,43.280769,42.326248,46.830241,35.559311,37.636094,42.588238,42.293612,38.738130,38.445912,43.240587,42.066407,37.884692,42.906538,40.198711,41.684595,46.813200,38.033650,44.318202,39.763153,43.555952,38.457016,41.588735,45.338961,39.594858,40.093670,45.031872,39.931480,44.694632,45.664615,43.750123,42.828458,45.521111,40.121362,35.901275,37.204840,45.908403,44.057031,45.073788,42.896891,42.722518,46.361303,41.356549,44.966034,43.903894,37.570344,34.932284,42.463707,42.570432,40.066743,43.397912,38.879226,38.281275,41.931019,42.885661,42.945207,35.746529,41.429520,38.212180,36.070722,38.030133,38.444897,33.537029,43.349018,40.389580,34.840150,38.989362,34.466817,41.237500,32.646645,42.786426,38.889362,38.177862,28.211646,37.991253,28.677136,44.069224,23.546704,41.346560,15.833424,41.890947,0.000000
