,depot,WinMart+,Trường Mầm non Thịnh Liệt (cơ sở Giáp Nh,Trường Mầm non Hoa Mai,Trường mầm non Vườn Hồng,WinMart+,WinMart+,Siêu thị Đức Thành,WinMart+,Siêu Thị T-Mart,Trường Trung học cơ sở Tân Định,Trường Tiểu học Hoàng Liệt,WinMart+,WinMart+,Cục Dự trữ Nhà nước khu vực Hà Nội,Trường Mầm Non Đại Từ,WinMart+,Cà Phê Parkland,Trường Mầm non Định Công (Cơ sở 3),Highlands Coffee,WinMart+,WinMart+,Trường Mầm non Hoàng Liệt (cơ sở Tứ Kỳ),WinMart+,WinMart+,Trường Mầm non Sao Mai,KFC,Trường Đại học Công nghệ và Quản lý Hữu ,Không có tên,WinMart+,Không có tên,WinMart+,MM Mega Market Hoàng Mai,Trường Tiểu học Đại Kim,Không có tên,Không có tên,Cà Phê 3k,Không có tên,WinMart+,WinMart+,WinMart+,Trường Tiểu học Chu Văn An,AEON MaxValu Linh Đàm,WinMart+,WinMart+,WinMart+,Trường Mầm Non Hoạ Mi,WinMart+,WinMart+,Trường Tiểu học Chu Văn An,WinMart+,WinMart+,Trường Mầm non A Tứ Hiệp,Cà Phê KOK,Không có tên,Trường Đại học Kinh tế - Kỹ thuật Công n,WinMart+,Trường Quốc tế Singapore,WinMart+,Trường Tiểu học Tam Hiệp,WinMart+,Delícia Coffee & Lounge,UBND phường Khương Thượng,WinMart+,Siêu thị B11 Kim Liên,WinMart+,Cà Phê Big One,Trường Mầm non Đại Thanh,siêu thị 24h ninja mark,Trường Mầm non Tứ Hiệp (điểm Cổ Điển B),WinMart+,Không có tên,Quan an Nam Nhu 1,WinMart+,Taste Tea,WinMart+,WinMart+,Trường Cao đẳng Hà Nội,TK mark,Hội đồng nhân dân - Ủy ban nhân dân phườ,Trung tâm Công nghệ Phần mềm Thủy lợi,WinMart+,Không có tên,Cafe Dinh,Trường Trung học cơ sở Yên Mỹ,WinMart+,Coffee Cây,Trường Mầm non Tứ Hiệp (điểm Đồng Trì),Trường Mầm non Lĩnh Nam (cơ sở 2),Chợ Nhân Chính,Cục Sở hữu Trí tuệ,WinMart+,Kho bạc Nhà nước Đống Đa,Tịnh Cafe,Trường Mầm non Yên Mỹ,WinMart+,5050 Rooftop Cafe & Pub,Thuế cơ sở 4 thành phố Hà Nội,Trường Trung học cơ sở Lĩnh Nam,WinMart+,WinMart+,WinMart+,Cửa Hàng Tiện Lợi BV Mart,Đảng uỷ - HĐND - UBND phường Thanh Xuân,Starbucks,WinMart+,WinMart+,WinMart+,Phường Ô Chợ Dừa,Chợ Xanh Văn Quán,Noble Moment,WinMart+,Co.opmart,WinMart+,9.0cafe,The Coffee House,Cục Tần số vô tuyến điện,Everything Coffee 'N Bagel,Starbucks,Chợ Trung Kính,Trường Mầm non Kim Lan,WinMart+,Trường Trung học cơ sở Văn Đức,Trung tâm Hỗ trợ doanh nghiệp Hà Nội,Trường Mầm non Văn Đức (điểm Chử Xá),WinMart+
depot,0.000000,28.834947,28.350544,33.790937,27.984369,34.775798,21.543179,39.787439,35.184118,32.378973,33.836603,27.594001,35.370067,32.746642,36.369410,32.243002,40.676297,36.500000,30.773952,29.958603,40.549456,27.054012,26.821381,39.588654,39.485976,35.848989,35.309730,40.564312,42.927213,37.208817,34.240109,28.603109,40.573377,34.044891,39.750026,39.781129,33.941027,27.946841,38.462490,30.870963,38.590128,33.083994,34.071320,40.365922,28.602769,36.039293,34.371896,42.714247,35.140269,32.284866,42.549291,40.130463,27.633715,37.274755,40.778706,38.487652,37.683841,38.221927,32.443884,31.883817,46.151776,34.972488,43.824916,38.860056,40.808294,36.540258,38.483706,40.877035,36.929721,30.353146,32.720015,43.738182,43.246867,44.323307,42.126994,40.699759,41.729328,39.887156,34.196149,35.340980,46.380264,44.925202,46.170533,38.133660,33.229038,46.105211,43.970639,34.794836,39.533619,45.063558,41.660645,45.271873,44.522143,44.070183,33.568459,43.068720,42.805364,43.784874,40.418670,45.818725,42.195773,45.637685,42.370916,41.972515,42.513175,43.189358,43.431747,45.998322,38.330437,34.457703,45.208452,45.701477,44.456766,43.161995,47.064517,42.540310,46.776663,41.189090,41.205157,45.641216,41.871122,45.249494,39.171665,43.971553,39.769441,45.018661
WinMart+,33.363000,0.000000,32.903578,38.407078,42.513718,36.693156,23.647218,47.625804,38.138268,36.102091,38.820082,41.639477,39.523579,36.967222,40.470669,34.782370,46.027287,40.407598,32.873191,41.745072,47.483959,47.087218,36.055506,43.299149,40.952977,39.078178,39.162319,44.402493,47.359852,40.396250,36.604899,43.044761,43.479582,35.977825,42.690303,44.390805,36.171648,35.863054,41.146786,40.607261,48.182153,46.257344,36.295183,43.844459,38.414508,38.499337,46.501085,45.517150,37.026992,33.521277,47.763184,43.599493,36.605979,36.468718,44.657796,40.759139,39.826877,40.484632,43.373459,39.662747,50.116885,36.644868,48.525383,38.165632,43.823814,46.224576,42.127661,55.181697,39.417639,40.889676,39.128642,46.803064,45.786119,47.503703,45.964922,43.400558,54.501869,47.741656,33.143734,36.630508,50.663284,48.705934,51.696635,47.380877,37.672019,49.209216,47.593376,39.611077,41.525452,48.455885,43.917890,49.164388,47.600724,47.061793,38.242573,45.315958,45.004282,46.710248,42.497078,49.580664,44.487607,48.358702,44.245894,44.128415,45.050624,45.622880,45.844999,49.707112,40.162434,35.359766,48.322329,48.351475,46.921595,45.339521,50.233370,40.209398,49.823038,43.040043,42.689923,48.602554,42.698200,47.799010,39.818370,46.175430,40.424805,47.251462
Trường Mầm non Thịnh Liệt (cơ sở Giáp Nh,28.748235,30.930503,0.000000,30.911290,25.990331,32.609114,29.592649,35.674991,33.140631,36.491568,30.928905,36.330642,32.885059,30.270311,34.059675,38.491047,37.634905,34.144705,29.408405,37.290001,37.743821,34.437227,33.113797,37.372375,37.713431,33.853838,39.014080,38.332679,40.354372,35.236289,32.224219,35.316569,29.989862,38.446571,28.632091,37.584167,38.957842,33.285703,36.757143,31.089069,36.516559,39.898574,37.235666,38.336261,33.522047,34.490576,40.628274,33.419965,39.122506,37.610307,40.371151,38.417385,32.276140,35.972597,38.986169,37.091256,36.344648,29.681776,31.346561,36.414239,43.903493,38.593443,41.889272,37.553725,39.327312,35.335162,36.822898,47.081370,40.781101,34.911150,34.296746,42.340776,41.730984,42.465256,40.355618,39.305413,47.306615,43.810099,33.239264,38.105563,44.669672,43.303698,44.104675,42.839033,34.329420,44.298974,42.379760,36.080611,38.306492,43.570816,40.525572,43.662025,43.129817,42.701005,34.726825,41.986399,41.722852,42.416623,39.149156,44.267689,41.011235,44.038990,41.417248,40.875820,41.269740,42.037903,42.278817,44.481805,37.234425,37.362972,43.863985,44.534451,43.319494,42.095305,45.766074,41.612524,45.505348,40.205332,40.352911,44.337027,41.326842,44.091573,38.741171,42.876019,39.330049,43.990238
Trường Mầm non Hoa Mai,34.462290,37.669356,29.654243,0.000000,35.144796,33.596029,35.144094,29.516522,34.144835,37.928420,30.555043,40.755897,34.147851,21.520458,35.357048,36.931691,35.188452,35.489414,29.807012,40.932546,39.869258,44.048699,37.465911,38.957115,38.958764,34.955578,39.185467,36.931280,39.729244,36.450013,37.520617,41.795411,37.971290,35.565156,36.852663,39.182746,37.311805,37.070498,37.895679,40.342884,36.786727,43.698156,37.377569,37.099315,38.815382,35.391012,44.040048,40.804961,34.675873,35.287282,42.201555,39.729425,37.501635,36.810346,40.404500,36.033846,37.237633,35.701229,31.791474,39.559991,44.553791,37.423663,43.607924,38.482510,40.498483,36.054281,37.067055,49.443456,34.807736,40.580937,43.705366,43.549956,41.681934,42.595481,41.832034,40.397909,49.420353,45.758679,33.722273,41.747988,46.316062,44.788344,46.106853,45.214939,37.694912,44.890919,43.786187,39.967039,37.643357,44.936829,41.458847,45.161475,44.395698,43.903773,38.291398,42.886801,42.616279,43.622480,38.623099,45.725355,41.967024,44.494997,42.184142,41.752834,42.292452,43.009447,43.260021,45.913770,37.997366,39.542199,45.100851,45.601019,44.316683,42.983082,47.020504,42.362585,46.716121,40.964061,41.021173,45.542146,41.288354,45.143029,38.565891,43.817687,39.188981,44.904500
Trường mầm non Vườn Hồng,35.964455,40.137609,26.537723,32.737500,0.000000,35.133305,30.495706,46.618653,35.661442,40.105274,32.154268,42.890053,36.182565,30.992277,37.401266,38.572878,44.742650,37.547206,30.398830,42.778130,43.100431,46.237009,38.786681,41.285178,40.704349,36.546037,41.078848,43.088838,46.929958,38.175126,38.872091,43.574487,42.352702,36.618420,41.335710,41.462147,38.599723,38.275353,39.462896,31.349134,38.558187,45.741997,38.641716,42.547076,39.941681,36.592771,45.946291,44.904102,35.550765,36.122689,44.790937,41.444156,38.480186,37.899268,42.306663,39.402428,38.368743,39.077688,32.398117,40.826728,50.565793,38.308339,46.002072,39.649209,42.006878,37.110337,38.602688,52.006644,35.749154,41.749769,46.507202,45.198225,45.302755,47.284268,43.756254,41.783337,51.817158,47.138486,34.335370,42.705544,48.520774,46.744480,48.896144,46.762702,39.451456,49.359117,45.684896,42.166053,40.510396,46.710096,42.619969,47.204554,45.976147,45.513881,40.151378,44.172311,43.876968,45.138374,41.611327,47.724756,43.224472,48.332921,43.281756,42.985159,43.702096,44.385049,44.607430,47.903711,38.954773,40.294812,46.785040,47.087738,45.710496,44.214284,48.755595,43.413622,48.389354,42.044525,41.832184,47.135072,42.378970,46.545628,39.440935,45.017395,40.064377,46.177965
WinMart+,35.157769,35.684726,35.407643,37.385795,34.760680,0.000000,30.973385,43.486604,33.036409,36.779565,36.552644,38.751524,34.912088,35.494704,36.253788,32.977395,43.373779,33.652279,27.299792,33.722994,39.931004,43.861428,34.824135,39.450708,39.987731,33.233772,40.612649,42.653226,44.922440,35.597171,36.903104,40.764675,42.225063,36.141908,41.516022,38.141061,36.432271,36.936450,33.512123,39.184096,41.267687,43.394439,36.585912,42.326837,37.270818,34.392270,43.889615,44.086049,35.665094,33.247858,40.975625,34.520516,35.716231,39.994983,39.439832,40.029104,33.666388,39.789932,30.173377,38.443686,47.561578,36.868670,37.796252,41.540023,37.722772,32.899332,38.203586,51.426120,40.048916,39.608592,38.276354,34.131734,44.459128,45.680352,37.917144,34.279260,51.205308,46.081196,34.048580,36.781273,42.039215,40.486772,44.631296,45.415241,37.140076,47.259881,39.382944,38.846008,40.812121,41.118610,37.874410,40.998068,40.649351,40.338274,37.660617,38.160320,33.191131,37.693604,41.673400,41.897639,38.743235,46.711604,34.863135,37.071534,38.913635,37.837633,38.391658,42.235112,39.366389,35.377790,41.818789,43.004988,39.657732,38.320061,44.199855,40.515761,43.965419,38.300579,36.939428,42.472747,42.336270,42.465961,39.620855,41.123201,40.201563,42.613362
WinMart+,21.452390,47.152084,28.454048,41.966230,45.503282,38.005147,0.000000,48.127064,41.163821,38.262265,42.336505,39.951304,40.300348,41.014097,43.136616,41.544625,46.981496,42.701318,34.366866,40.723575,48.129413,34.419537,31.871548,44.561004,37.450583,41.445249,42.616056,45.768717,47.708645,42.341038,30.734816,36.181964,31.600051,40.624375,30.424243,45.687233,42.045994,32.381751,38.608293,35.575194,48.420882,45.299300,38.633082,45.268582,32.952942,40.461657,45.745916,35.481005,41.226629,38.799280,48.001066,44.818389,31.077543,40.182747,45.812918,42.313132,37.754774,31.061977,44.169727,37.318115,49.953661,40.166398,48.418029,41.878657,44.859761,40.386753,43.238003,57.572680,43.694860,35.131728,35.916502,41.973975,46.476574,47.994531,46.568126,44.306292,56.106428,47.384497,35.225529,38.993875,50.078411,48.537356,50.821470,47.158184,35.262833,49.329824,47.606766,38.143182,42.758203,48.305019,38.818847,48.816135,47.663266,47.080477,35.703850,40.029800,35.105747,46.910440,43.615477,49.138108,39.291063,40.751630,36.475730,39.049473,45.298320,39.917201,40.408472,49.212415,41.550368,37.794937,48.060540,39.573746,41.587983,40.158208,49.626415,43.009040,42.867178,38.938214,38.429713,48.332056,43.273952,40.663406,40.402792,46.251682,40.973941,40.026531
Siêu thị Đức Thành,39.148724,43.582180,34.606420,30.040124,44.086337,38.397494,38.745812,0.000000,38.709779,43.022107,37.349852,45.395061,40.189864,26.353413,40.896169,41.035536,42.686199,41.130109,32.765871,44.928468,46.956754,48.294195,40.820085,44.211155,42.913611,39.560199,43.299025,41.355497,47.089504,40.976165,40.689529,45.522873,41.064288,38.369608,39.671846,44.357251,40.444881,40.061037,41.667053,43.190409,41.420830,47.698364,40.453438,40.875773,41.499208,38.815634,47.749502,44.444811,37.322049,37.688397,47.379601,43.641309,39.987153,39.695859,44.606981,37.800675,40.165325,37.390676,34.161563,42.306389,52.182210,39.669522,48.138447,41.283606,43.837878,38.675836,40.742052,53.638993,37.276960,43.171775,46.485444,46.635118,45.007901,47.476066,45.817684,43.443729,53.296123,48.285902,35.697853,43.733993,50.197142,48.387078,51.016389,48.124633,38.721588,50.106244,47.353265,41.640150,39.422214,48.190803,43.922501,48.821398,47.397517,46.892188,39.455585,45.260992,44.976559,46.560094,40.685670,49.230945,44.458338,48.721991,44.234781,44.123826,44.995512,45.541602,45.755676,49.358830,40.369390,41.127875,48.095317,48.171620,46.811732,45.277430,49.930812,44.300717,49.559883,43.073829,42.734039,48.369210,42.137070,47.626065,39.105313,46.081196,39.762902,47.121634
WinMart+,32.542798,37.638935,31.502700,33.308152,29.535672,30.521514,34.303261,40.472923,0.000000,38.468586,32.823344,42.061482,30.303154,31.906717,30.495753,35.621927,41.275522,34.426059,25.806947,42.074631,36.290062,46.242813,37.446858,42.083718,40.892819,33.617485,40.350044,40.987370,43.638170,36.672382,37.678008,43.087408,40.892827,35.361179,40.021773,36.603528,37.368971,37.072807,39.054253,40.995590,41.429574,45.648138,37.461413,40.748234,39.108810,34.854863,45.904702,43.130122,33.967952,34.616178,40.965472,37.980835,37.512317,37.058976,38.733010,38.648164,37.682294,38.366461,29.912073,40.108985,46.990368,31.354713,38.847105,39.440837,39.253698,36.108434,37.234539,52.953006,34.441894,41.207918,45.084570,40.674848,43.666944,44.905123,40.762548,39.294175,52.560376,47.226187,32.958579,33.351289,43.454806,41.623562,46.307814,46.825796,39.029926,46.766403,40.356899,39.863038,39.721807,42.199578,38.449205,42.182454,41.624633,41.217664,39.652586,40.802591,40.478033,38.327794,40.659858,43.106780,39.335269,46.201053,40.299319,39.364778,39.563127,40.718243,41.018917,43.451608,36.705002,37.690284,42.814806,43.888358,42.406101,40.929980,45.337584,40.685781,45.042464,38.737035,39.033324,43.469516,41.971063,43.317364,39.221924,41.850304,39.819678,43.344253
Siêu Thị T-Mart,34.339849,34.882900,34.117586,40.307469,39.221019,36.615644,28.392656,46.149379,37.423717,0.000000,37.764051,39.854598,42.960607,36.659961,38.876554,26.967243,45.457735,38.957476,31.661046,32.326800,42.845131,46.821024,34.129198,42.901045,32.295856,37.567462,44.451610,44.383763,46.513642,39.316255,37.008772,42.180016,37.124057,35.898866,43.033656,41.698287,36.249191,36.967008,37.129728,39.754272,44.441125,45.893268,36.471438,43.964616,37.380173,37.318740,46.226425,39.036256,37.490571,32.169434,44.157421,36.832477,35.475635,36.636291,42.315725,41.393929,36.397014,41.180421,32.682305,38.811387,48.712189,36.883469,40.202720,39.035516,39.582736,38.064372,40.702119,56.180601,41.036057,40.188735,38.497849,40.321693,45.526176,46.841334,43.458115,36.165459,55.256800,47.685414,32.279991,36.771756,43.627501,42.133532,47.384220,47.285132,37.173811,48.233339,41.133989,39.118743,41.965050,42.552236,36.763890,42.615357,42.049266,41.740419,37.745639,38.415337,32.708800,39.298826,42.801181,43.362761,37.436383,47.634638,34.672854,37.173948,40.307860,38.052180,38.682150,43.632459,40.588752,35.215956,43.088483,38.006095,40.130317,38.587508,45.233000,41.006754,41.750419,37.544071,36.949501,43.608971,42.791245,39.330752,40.058644,38.195896,40.630820,38.824629
Trường Trung học cơ sở Tân Định,35.898067,39.780787,31.983671,32.243968,38.236315,35.198366,36.393396,39.533803,26.355032,39.881995,0.000000,42.657264,36.215526,24.808524,21.189422,38.489242,30.993939,37.525611,30.622005,42.576686,29.474989,45.924968,38.734815,41.050607,40.550804,36.579127,40.805268,40.558871,43.281374,38.139648,38.733901,43.367565,40.566853,36.607641,39.670211,27.953314,38.538258,38.237831,39.385879,41.506415,30.686869,45.458707,38.579443,40.362531,39.875911,36.621127,45.681144,42.898120,35.589161,36.143440,33.019443,31.831805,38.450335,37.886019,30.440631,38.330973,38.338583,38.049302,36.144411,40.697022,46.809577,38.287095,36.690605,39.584774,34.240257,39.200008,37.064093,51.508293,35.672963,41.642050,44.955050,39.251049,43.469157,44.698768,34.844320,34.818923,51.304466,46.934421,38.106112,38.609808,41.543260,39.890750,39.657914,46.533997,38.866463,46.619773,38.676676,41.235466,39.472920,40.637128,37.295299,40.443684,40.180361,39.835674,39.480544,39.773773,39.456497,39.316947,40.428005,41.453132,38.208984,46.054382,39.430365,38.351315,38.361457,39.610648,39.893406,41.824074,33.109355,37.016415,41.425263,42.746250,41.307441,39.915295,43.990824,39.885210,43.747772,37.842462,38.263571,42.146558,41.892700,42.182392,39.135121,40.815358,39.741403,42.372154
Trường Tiểu học Hoàng Liệt,41.492532,44.876273,39.840065,42.107063,44.553157,39.575029,44.519705,46.534770,38.810574,41.108595,42.377409,0.000000,41.804351,41.344998,42.986394,34.927602,45.988745,39.838784,35.082981,28.599123,46.741858,40.996716,27.601858,42.001871,32.657115,38.924685,36.270847,45.179484,46.712954,39.918860,23.898082,35.733734,37.227090,35.901325,38.318694,45.059832,36.250273,29.347475,34.887103,39.681729,47.300119,40.467486,33.922889,44.782590,35.144201,38.466920,41.629438,38.989910,37.446987,35.192761,46.941560,44.486927,33.259366,36.626954,45.295993,42.345186,34.746960,35.606511,34.821600,35.116067,48.724235,36.785900,47.411875,38.724703,44.579444,37.723393,43.148386,52.847428,40.322047,36.975935,38.503148,39.822482,45.940773,47.126877,45.936621,44.118315,52.252892,45.395835,32.502150,36.656912,48.993307,39.287828,49.358219,44.548101,36.283513,48.302033,46.912914,36.979827,42.740245,39.478131,36.739400,39.625683,47.070491,38.206816,36.715277,38.049079,32.727392,46.417952,43.479365,48.263982,37.190275,42.378620,34.539771,36.892987,39.552175,37.712443,38.305241,48.347860,41.727400,36.147791,40.818256,37.665096,39.644324,38.207361,42.656800,41.560370,41.173264,37.230290,36.798885,47.719195,43.820756,38.934035,40.998296,37.927286,41.544197,38.440574
WinMart+,36.202446,37.903794,33.858427,35.930578,32.378059,31.577130,33.556481,43.066312,30.004452,40.958199,35.169227,40.404287,0.000000,34.101455,34.979591,36.677963,43.042048,30.711417,23.638209,35.918128,39.064493,44.492727,36.567724,38.820190,44.218379,31.047218,42.237261,42.320845,44.876125,34.145162,38.644648,41.756844,41.918995,30.625695,41.133343,37.619929,38.284750,38.336759,32.804535,40.100378,41.199748,44.060805,38.362228,41.987815,38.350117,33.224513,44.428405,43.976751,28.888134,35.026601,40.865020,33.669365,36.873023,32.482827,39.169669,39.597190,33.251200,39.341071,28.939198,39.364188,47.828690,27.521256,37.222925,36.017530,37.290834,32.411575,37.885915,51.023872,30.677018,40.390041,45.607495,33.977297,44.394843,45.726994,37.510667,33.600162,50.863145,46.245962,29.535742,30.799391,42.073453,40.344381,44.955255,45.684032,39.552796,47.443419,39.127125,41.944813,40.501085,41.053434,37.571749,40.921202,40.542154,40.219377,40.184029,32.838009,27.572030,37.330784,41.413828,41.914976,38.516485,46.827416,30.074941,31.473765,38.692561,32.017341,40.217889,42.286670,39.192544,32.078066,41.828148,43.090604,34.225906,33.084328,44.396464,36.974324,44.135832,38.097027,32.667014,42.534423,42.248074,42.518973,39.481647,41.085208,40.079417,42.665826
WinMart+,32.963985,35.910194,29.321193,20.501669,33.112874,32.356550,34.249018,25.417502,32.937674,36.500931,23.432396,39.432658,32.679323,0.000000,25.087950,35.744290,24.563951,34.030697,29.149761,39.772667,28.313753,42.824631,36.582254,37.461917,37.751033,33.712287,37.942478,31.923106,33.817385,35.171717,36.529985,40.733979,34.194957,34.690308,33.017345,35.804467,36.332815,36.126562,36.751518,39.520651,34.376468,42.348441,36.396551,32.587491,38.062132,34.371796,42.752056,37.093809,33.920921,34.496920,38.245517,34.644363,36.816482,35.901313,33.453941,33.099744,36.283669,32.767571,31.102928,38.632870,39.289941,36.619674,41.125364,37.527305,37.704764,41.548199,35.342853,47.929609,34.032497,39.821861,41.084211,41.794078,38.415534,38.475751,38.618714,37.777199,48.017043,44.741272,40.275133,40.406917,44.347264,42.819895,42.736419,44.257827,35.972823,40.877264,41.782470,37.851440,35.071200,43.145239,39.895963,43.234233,42.656273,42.203042,36.386263,41.496565,41.219223,41.878419,35.946217,43.920357,40.404104,41.000458,40.924838,40.301996,40.668903,41.533528,41.790546,44.157726,35.879038,38.408159,43.484653,44.243393,42.933285,41.616035,45.569149,41.193451,45.291790,39.609287,39.799375,44.005754,40.208062,43.753124,37.711091,42.452394,38.324892,43.660260
Cục Dự trữ Nhà nước khu vực Hà Nội,36.972742,41.907251,35.236650,37.454143,37.855558,34.467064,37.245477,44.661565,29.010948,41.669511,26.500527,44.553301,35.529479,26.773807,0.000000,39.714499,44.183358,37.163680,29.590141,44.166728,31.070565,47.916992,39.727303,41.414306,40.749451,36.117541,42.275567,43.200265,45.727719,29.020883,39.681348,44.890827,42.610605,36.378734,41.867555,33.580048,39.427239,39.052463,39.403295,42.525523,39.584848,47.278847,39.462138,42.807598,40.724062,29.594715,47.373316,44.565358,35.249413,36.665150,39.053521,36.136342,39.144467,37.750771,36.855136,40.229072,38.245769,39.972951,38.980520,41.623349,48.477218,38.894364,41.939692,39.611689,37.930875,42.282379,35.708166,53.833437,35.465780,42.567878,46.000683,42.618540,44.916200,46.325216,39.363197,38.125409,53.419899,48.081487,40.559119,40.721191,46.063893,43.989773,45.622644,47.861937,39.911650,47.964927,42.674276,40.864242,41.022565,44.289222,39.979993,44.572139,43.556303,43.101517,40.542771,42.185771,41.847161,42.582167,41.935515,45.378800,40.838925,47.315108,41.474194,40.751689,41.208270,42.227223,42.530328,45.655633,35.590163,38.567497,44.686611,45.427578,43.882374,42.296786,47.135286,41.768025,46.769857,39.955158,40.045041,45.243043,42.454664,44.850033,39.671087,43.203710,40.260324,44.654489
Trường Mầm Non Đại Từ,32.413373,31.900651,32.636783,37.452717,36.199976,31.403457,27.983998,41.365709,34.687041,26.916358,35.642394,32.176936,36.488153,34.884990,36.616686,0.000000,41.704882,35.334618,30.459303,26.701665,39.572411,41.253506,33.525457,38.785029,27.870660,34.809234,35.361138,41.455646,43.087052,36.301729,32.046463,38.389940,39.755946,32.056754,40.763448,39.178644,30.981608,33.671614,32.033076,37.416850,41.571972,40.957892,31.545792,41.276755,35.538727,35.270981,41.709864,41.941644,34.735245,28.551924,41.339674,35.220910,34.061820,34.085865,40.038278,39.620831,32.531677,39.415993,31.729413,27.784537,45.315491,34.495214,37.743932,36.894453,37.715477,36.248715,38.891009,49.405960,38.691273,38.056844,40.755127,38.933596,43.282461,44.076623,41.153759,34.904157,49.417116,32.462102,30.378980,35.237102,41.091112,39.897355,44.287661,43.888322,38.781940,45.408721,39.007981,41.227192,40.328132,38.582906,35.417740,40.289691,40.103868,37.318387,39.412864,37.112561,31.039689,37.686728,42.974096,41.044452,36.082534,46.551590,33.357372,35.718106,38.863279,36.586074,37.293036,41.339507,39.113287,34.104156,40.301414,36.735942,38.874089,37.307010,42.384006,40.038222,40.678552,36.418637,35.925869,41.679861,43.304093,38.218896,40.512220,37.188929,41.067287,37.791074
WinMart+,41.004351,45.070329,37.232607,34.965446,46.368540,40.297170,40.196831,38.778254,40.508973,44.382067,29.959590,46.536630,42.311691,25.787811,42.691015,42.361717,0.000000,43.022042,34.486190,45.944022,48.489628,49.096292,41.992404,45.542965,44.004978,41.302246,44.242704,34.561006,39.271753,42.529475,41.629070,46.428007,36.968130,39.443269,35.320213,45.717641,41.483976,41.099836,42.876436,44.020641,36.794912,48.491587,41.474103,35.227103,42.390489,40.175812,48.483827,40.929490,38.479437,38.699672,48.388383,44.744782,40.905511,40.775625,35.491803,34.724261,41.228032,34.280436,35.422933,43.043853,46.856006,40.501986,48.858930,42.217863,44.772186,39.534653,37.144292,53.952076,38.119599,43.917697,44.395918,47.158188,42.047864,43.473755,46.749284,44.308091,53.532506,48.747154,36.641728,44.265344,50.692676,48.986050,51.570252,48.672450,37.334349,46.538687,47.970207,39.977382,36.984854,48.735204,44.599516,49.300497,47.995541,47.407103,37.990579,45.603817,45.331551,47.191785,38.178959,49.644658,45.026624,45.742765,44.562676,44.547816,45.509474,45.944007,46.190377,49.730220,41.216174,41.558455,48.475794,48.420660,47.106152,45.675189,50.158187,44.562523,49.773233,43.489560,43.218487,48.771008,41.359295,47.977907,38.456869,46.544778,39.122841,47.377366
Cà Phê Parkland,36.326688,38.231055,34.275303,36.135636,33.168799,33.453542,34.346413,42.050603,31.322663,40.891502,35.445225,40.458970,31.668912,34.473804,35.218054,37.338276,42.326788,0.000000,26.248457,36.460448,38.871114,44.112538,36.973997,35.584842,42.046098,21.258732,41.953884,41.838141,44.092715,28.403450,38.845404,41.667038,41.572955,30.329808,40.838568,36.146427,38.558915,38.561958,31.775706,40.156123,39.939633,43.731109,38.617443,41.573885,38.534279,29.557832,44.098887,43.502506,28.936375,35.534887,39.595299,32.350771,37.151464,31.821949,38.038765,39.457092,32.428029,39.218133,26.007617,39.430486,46.884862,27.740309,34.725124,34.784153,35.579446,31.844544,36.913506,50.055764,30.400294,40.420304,45.184760,38.479662,43.946547,45.082222,35.850068,31.726612,49.989165,45.924816,29.481208,30.633721,40.934518,39.034350,43.890645,45.337794,39.471760,46.704473,37.624306,41.727023,40.326223,40.002942,36.389404,39.707254,39.512850,39.167436,40.068369,39.300715,38.949852,35.926111,41.187491,40.921583,37.472433,46.207664,39.000714,37.708803,37.599713,39.062037,39.379068,41.378000,38.274394,36.501779,40.996383,42.538688,40.971892,39.452337,43.894243,39.524118,43.625249,37.243039,37.759082,41.812158,42.131744,41.907636,39.442479,40.413496,40.023144,42.165215
Trường Mầm non Định Công (Cơ sở 3),32.417090,33.372758,30.809000,31.655465,29.158183,26.226971,31.316421,34.294572,27.918852,32.839859,31.413197,35.223011,23.585413,31.162907,31.497321,32.004782,35.779860,24.822841,0.000000,32.776679,33.684520,38.459494,33.546007,28.882700,29.068572,24.560181,35.190870,36.696101,37.797053,27.560766,34.244710,36.992033,37.323242,25.446146,36.663685,33.014021,23.642467,34.617394,24.526482,36.588796,35.656702,38.250262,34.117564,36.784390,35.377692,26.763984,38.840600,38.984146,24.110874,32.491315,35.358062,30.887897,34.396137,26.872457,34.847943,36.179286,27.465233,35.966350,25.199453,35.975891,40.621108,24.234799,29.581643,30.499586,31.172108,27.799425,34.250355,43.241282,26.519251,37.078562,41.462297,29.948667,39.739388,39.978614,31.290038,29.019040,43.654150,41.761603,26.170469,28.063315,34.069579,30.647671,38.545921,40.916154,37.317508,41.442804,32.258224,38.850746,37.238210,29.346145,28.275831,31.159406,34.178833,29.286549,37.668513,30.142525,25.146638,31.832559,37.883161,34.645735,29.393479,41.472202,27.794701,28.758682,29.309945,29.161363,29.906660,32.928597,34.302252,29.960937,35.444813,30.147126,31.376491,30.410040,37.832768,34.513441,33.377117,30.579114,30.522366,36.245857,40.517773,31.707664,38.258736,35.994638,38.804460,31.881694
Highlands Coffee,40.850858,43.282555,39.556066,41.561511,43.477801,34.727757,43.323250,45.259802,35.790075,33.992294,41.774767,24.890302,37.361497,40.946432,42.322606,29.437754,44.986624,36.380399,32.670475,0.000000,45.561285,40.230951,29.983814,38.696702,29.111305,35.913704,22.986334,44.447865,45.745209,36.942557,18.906565,36.170247,37.296608,31.751858,38.277074,44.228862,31.100037,23.037374,31.779118,39.452394,46.263735,39.842615,20.084366,44.126497,35.528572,36.041747,40.850618,38.851052,33.874548,20.242463,45.939359,43.842277,33.864846,33.399475,44.565397,42.012005,32.245034,35.785125,33.024762,35.433917,47.667545,33.681023,37.831530,35.508229,44.002054,35.101911,42.655205,49.850057,36.539842,37.094294,38.450853,37.444398,45.333798,46.340717,45.171772,43.600722,49.757243,44.546201,30.478561,34.487057,40.474267,37.196285,48.193401,43.650547,36.357659,47.447083,38.803642,37.008316,42.405740,37.208277,34.794349,37.536220,39.774649,36.252476,36.762458,36.015732,30.915098,37.765007,43.093363,40.458483,35.159688,42.035264,32.894493,34.831923,37.589759,35.523786,36.140289,38.449152,41.460577,30.956898,38.838572,35.756040,37.481378,36.211970,40.660043,36.135833,39.111089,35.557682,35.240612,36.824327,43.621943,37.073169,40.910477,36.276812,41.447787,36.775930
WinMart+,36.137724,40.020482,33.439897,33.831615,36.286180,33.963822,36.606586,39.445602,29.500706,40.113681,30.613817,42.895440,34.710609,29.081768,24.097132,38.678016,32.955449,36.165045,29.787856,42.789946,0.000000,46.121278,38.924072,41.006737,39.673146,35.466523,40.963184,40.397604,45.343142,41.829328,38.861408,43.555670,40.439601,35.923659,39.645389,31.946540,38.670318,38.370801,38.524467,41.660381,30.832033,45.643068,38.711715,40.243651,40.021861,38.019569,45.857413,42.513138,34.941346,36.287715,39.663309,35.836011,38.588328,37.211364,36.726311,38.452096,37.663630,38.196198,39.200936,40.793563,45.750389,38.405875,43.081921,44.321529,38.049198,42.817939,35.309225,51.626731,35.083156,41.779616,44.503030,43.272591,43.060072,44.050486,39.855203,38.259431,51.405093,47.042913,40.897242,41.016597,47.645714,45.120707,47.894372,46.661940,38.901526,45.783380,43.545891,41.076846,43.341521,45.295919,40.301227,45.747173,44.447549,43.792290,39.480261,42.555190,42.176821,43.328113,40.343791,46.576434,41.156098,45.371504,41.695185,40.991628,41.575304,42.641334,42.970016,46.841754,35.364987,38.576053,45.518981,46.120342,44.417128,42.651088,48.154151,41.985645,47.719878,40.076929,40.234521,46.100558,41.798960,45.487572,39.144354,43.719426,39.733432,45.153479
WinMart+,42.795953,48.745715,40.488682,43.117274,46.603775,39.682844,39.840322,48.859245,42.227167,40.501723,43.507695,40.748587,41.586587,42.243100,44.158296,38.562347,47.701999,43.631336,35.575350,41.055264,48.843128,0.000000,35.426762,45.275308,38.258783,42.361449,41.367770,46.460514,48.267567,43.163909,33.235843,31.798570,34.261161,40.783101,35.595691,46.432714,41.866665,35.070471,39.107150,35.911757,48.949653,34.610810,38.529175,45.952037,29.947352,41.258476,37.015912,35.754098,41.288776,33.228098,48.549224,45.489706,27.822990,40.412365,46.462519,42.967227,38.313524,33.033583,44.670600,31.691518,50.331027,40.385034,48.860193,41.809394,45.438374,40.505881,43.887929,50.460322,43.202025,33.241542,36.098113,47.246794,46.934023,48.443689,47.108743,44.863984,41.811784,43.603329,36.036256,39.296240,50.370215,48.897629,51.120444,38.384717,33.271903,49.693037,48.007526,33.126439,43.315451,48.648159,45.079914,49.147202,48.025317,47.447297,33.588996,40.152477,35.829679,47.297669,44.138289,49.435374,39.522836,40.719448,45.373791,39.311487,45.705690,40.078417,40.512012,49.500478,42.145105,44.392542,48.374725,39.751452,41.537241,40.287026,49.846667,50.002932,49.497444,39.159187,38.714100,48.623120,43.233277,47.878797,40.403910,46.569431,40.966540,40.145877
Trường Mầm non Hoàng Liệt (cơ sở Tứ Kỳ),36.897913,38.072986,36.282444,38.547567,39.855482,37.989817,38.911822,41.894908,38.297368,38.438656,38.704984,28.874163,39.714468,38.082218,39.397088,34.857999,42.098187,38.533841,35.049871,32.001379,42.414049,34.030804,0.000000,40.289986,33.236478,37.952171,31.896991,42.007867,43.190401,38.746995,28.563873,31.053985,34.859128,35.512265,35.919727,41.523984,35.698657,25.271145,34.806100,36.286632,43.683291,34.128044,27.936831,41.846538,31.937096,37.712170,35.860928,36.084812,36.729913,26.156662,43.362919,41.521071,30.477684,36.140585,42.169148,40.205482,34.707770,33.777622,34.748491,31.972537,45.337203,36.263307,44.136238,37.745452,41.922266,37.025025,40.548415,45.249827,38.753395,33.857144,36.338145,38.821082,43.566256,44.334042,42.914604,41.652716,45.785858,41.875308,32.858662,36.251783,45.996329,44.886436,45.845787,40.328154,34.733724,45.531871,44.143553,34.984226,40.783593,38.570326,36.359355,45.125715,44.558243,44.141114,35.063403,37.388847,32.964929,43.967099,41.452828,45.532089,36.695995,40.190872,34.459325,36.423870,38.710226,37.088313,37.594724,45.658120,39.739633,31.890477,45.029204,37.099605,38.716861,37.555754,41.388521,36.668494,40.062572,36.776053,36.440805,45.374845,42.820911,38.211796,40.224420,37.403734,40.761379,37.829704
WinMart+,43.584190,47.310566,36.603950,38.387123,46.496804,38.019781,36.368230,43.309629,35.290815,42.675027,37.270972,41.650650,38.528688,40.560981,41.692270,39.530288,43.282677,36.264414,30.525424,38.166284,41.459257,44.589931,38.425212,0.000000,43.195215,36.851592,43.010456,42.699754,48.463974,39.880432,40.206981,42.460528,42.306439,36.770168,41.682901,36.619472,39.980427,39.742892,40.358823,40.975183,43.205337,44.248024,39.998780,42.410294,39.515978,36.623501,44.522187,43.952803,35.534839,37.068286,42.612969,30.205269,38.244100,38.299855,39.480177,40.720477,38.854293,40.105817,30.658859,40.302694,47.318620,32.758033,42.203631,40.296633,39.530894,42.451222,37.551768,49.698802,35.696502,41.146315,45.774189,42.882127,44.783684,45.944985,41.840969,30.614937,49.666697,46.041784,40.441698,40.646332,47.451980,44.724089,48.981107,45.542720,39.992066,47.362553,43.045675,42.159162,44.954736,44.981157,39.752965,45.431310,44.036062,43.455367,40.570949,42.301652,41.914050,42.857145,42.170378,46.356737,40.763096,46.849273,41.474342,40.658763,41.175404,42.363294,42.701217,46.657984,36.823990,38.312855,45.315662,46.012199,44.237486,42.408105,48.110410,41.801386,47.658466,39.760990,39.910511,45.942282,42.526624,45.345186,39.845810,43.469380,40.409403,45.036103
WinMart+,39.289063,40.708535,38.448655,40.146200,38.771893,40.269220,36.846137,44.420020,37.962303,44.460791,39.353464,31.216385,41.615987,38.434288,38.918074,26.874032,44.246939,39.140485,30.448230,28.039538,41.791902,45.656771,32.421973,42.037651,0.000000,32.514827,31.392553,43.570080,45.271349,39.376433,30.974960,43.296662,43.074276,32.971633,42.536140,40.263930,27.330508,32.273708,37.072037,41.555253,42.496307,45.229293,30.737145,43.272136,40.010714,37.758521,45.460803,39.307775,30.053154,28.949163,42.279666,37.265301,38.653507,38.145779,40.965363,41.172560,35.831648,40.984841,38.214334,28.208710,47.249774,27.660907,42.404264,41.457246,39.590188,39.107124,39.746164,50.929972,32.313074,41.683574,38.840426,42.153007,44.791488,45.807625,39.723132,41.465278,50.794084,32.338867,30.350002,31.681616,42.556576,40.975800,44.983828,46.318880,37.634920,47.054345,39.969882,39.595436,41.709354,38.722892,35.278402,41.488458,41.115501,37.120360,38.128447,34.049794,27.667417,40.337834,42.434186,39.269227,36.474094,46.626288,30.612855,32.436853,36.474445,33.159483,34.008865,42.393031,39.785671,32.831497,38.245542,33.846922,35.773650,34.304627,39.886350,38.563177,37.927473,33.903338,33.558040,40.936670,42.627854,35.556858,40.032478,34.769395,40.578990,35.404120
Trường Mầm non Sao Mai,35.897757,37.466247,34.107929,35.678775,33.056590,33.276076,34.187480,40.326156,31.568126,39.160221,35.068119,39.528302,32.056698,34.288506,34.883705,36.584007,40.967242,28.634153,21.061098,36.059862,38.054663,42.900702,36.574852,33.182094,40.543138,0.000000,40.519099,40.847795,42.709078,28.461680,38.113566,40.787399,40.795658,27.330573,40.112331,36.675664,37.863002,37.972581,27.364575,39.574978,39.645723,42.617161,37.921524,40.676860,38.090548,27.568669,43.019357,42.612221,25.924441,35.294097,39.316045,31.795342,36.836323,28.791737,38.140682,38.962384,29.414633,38.732129,25.198471,38.879291,45.431292,25.590197,31.739459,32.230915,33.257431,29.392716,37.105251,48.354351,28.032265,39.873837,44.415393,31.293401,43.100548,43.979951,33.509857,30.249807,48.433404,45.075657,27.467352,29.106031,37.503101,36.064770,42.796024,44.405402,39.171957,45.516380,34.888610,41.215004,39.830794,37.227497,34.579240,36.663826,36.991072,36.735621,39.724577,37.443862,26.139947,33.914429,40.623313,37.893408,35.579159,45.172713,28.678326,35.962269,35.571650,37.074911,37.373202,38.375399,36.412569,30.751006,38.435558,40.290995,38.897629,37.624873,41.202180,38.029656,41.037179,35.717318,36.441832,39.298587,41.864786,39.717963,39.278618,38.478651,39.842050,40.248878
KFC,38.088501,40.143637,37.142067,39.668887,41.653224,39.720572,34.225342,43.941096,38.793268,42.574975,39.988611,41.952556,42.790492,38.932568,40.798108,31.911964,43.747260,40.082726,34.182272,36.230576,44.228387,49.964068,39.110775,42.795187,28.491501,38.903129,0.000000,43.164776,44.832201,40.140419,30.006224,44.010064,43.514355,32.445825,44.521590,43.025517,31.490428,33.036702,32.303635,41.508094,45.309470,48.853828,29.194897,42.891934,41.133053,38.402445,48.794890,46.748427,35.076570,26.433145,45.066322,42.750056,39.100866,34.375173,43.385322,40.885672,32.735339,37.290733,34.264276,26.660346,46.843813,34.775391,40.659014,37.200310,40.063139,36.551113,41.833621,57.847013,39.264664,42.209039,44.173097,39.200058,49.996817,45.462571,44.312491,37.072704,56.768967,32.094907,30.532700,35.424857,43.446269,38.657954,47.764339,48.962565,40.883826,48.912489,41.363127,43.898831,43.609658,38.795346,35.589666,39.124410,42.119129,37.513315,41.676225,37.463864,31.275938,39.754009,45.863913,43.248197,36.259639,50.406767,33.566031,35.982078,39.100132,36.853431,37.538322,43.503784,40.440804,33.989068,40.559806,36.998310,39.190870,37.530029,42.675612,40.582459,41.008991,36.632837,36.057621,38.009858,44.599878,38.427686,41.491668,37.328768,42.072370,38.016033
Trường Đại học Công nghệ và Quản lý Hữu ,39.690947,42.524381,36.926151,35.430660,42.641175,39.138427,47.334168,37.339771,39.347911,42.260723,38.893557,44.323781,40.438921,30.610966,40.831360,40.910096,34.318534,41.055182,34.852950,44.088903,44.777320,46.671235,41.023703,43.126177,42.292076,39.985653,42.423537,0.000000,31.303975,40.951911,40.520247,44.629871,31.944228,38.732692,30.075655,43.284998,40.402029,40.104810,41.402137,41.265810,40.214658,46.080608,40.398035,19.020545,41.521720,39.290702,46.204341,36.328675,38.090293,38.194702,45.424232,42.965020,40.275029,39.945752,38.662848,28.496516,40.290818,30.560770,35.439896,41.845083,37.648714,39.774655,46.111706,41.132806,43.242182,38.832366,38.907927,50.598206,37.618366,42.879514,41.319293,45.309226,37.097498,36.586176,44.572241,42.858777,50.469967,46.976026,36.423094,43.198704,47.969752,46.630160,48.181079,46.896437,35.521114,41.154342,45.782915,37.704501,32.472621,46.583609,43.419504,46.900449,46.067533,45.569290,35.985691,44.243991,44.015537,45.390525,33.680583,47.282533,43.661676,41.294290,43.446010,43.304323,44.021971,44.486846,44.714077,47.399721,40.530694,40.835405,46.525611,46.707416,45.554590,44.336449,48.084898,43.493243,47.778845,42.444922,42.335832,46.849262,40.177622,46.315979,37.407017,45.104680,38.089108,45.931543
Không có tên,42.785999,46.244868,39.948985,39.469275,47.651116,42.203511,52.380405,43.947112,42.301346,45.537111,42.918556,47.283907,44.153819,33.659799,44.300925,43.660667,41.982409,44.613316,36.637158,46.685011,42.557639,49.386292,43.153623,47.328927,45.007343,42.960611,45.170878,32.435006,0.000000,43.923266,42.712548,48.989301,37.591108,40.719413,35.635702,44.946976,42.616252,42.240337,44.000182,44.362198,44.482631,48.880217,42.589724,33.699057,44.807104,43.970599,48.847185,42.114423,39.835399,39.908333,46.674535,41.480260,43.347607,41.942616,41.355991,33.921826,42.343287,34.340320,43.701592,43.852677,47.904736,41.437663,48.441544,43.162077,43.472538,46.239851,41.913608,53.683169,39.334711,45.181799,39.487210,46.826405,42.031331,43.679216,45.328959,43.118653,53.331151,48.974546,44.305498,43.946666,50.423416,48.665477,50.175952,48.945636,37.538639,47.136990,47.606253,40.420190,36.541498,48.440749,44.197530,48.996200,47.660078,47.094566,38.245201,45.312668,45.033289,46.830984,37.838259,49.375133,44.679829,46.145074,44.290755,44.224977,45.162241,45.639103,45.894868,49.469623,40.183955,41.278980,48.215274,48.202141,46.852692,45.396999,49.974778,44.325324,49.580621,43.176369,42.918958,48.529344,41.343812,47.752732,38.381543,46.280735,39.056084,47.168259
WinMart+,31.345842,33.712143,35.626346,37.197381,29.725895,36.114408,35.519878,41.509606,33.999436,40.694811,39.223790,40.476951,36.018920,41.555713,42.792870,38.129808,41.877041,30.732521,29.719022,37.239388,42.921710,43.448922,37.583815,39.794178,41.596221,27.508744,41.488701,41.592604,47.950378,0.000000,39.104335,41.472452,41.412333,29.070101,40.788696,39.631616,38.898980,38.847232,29.873825,40.200320,44.000351,43.156600,38.940509,41.387571,38.801100,26.289348,43.499029,43.066492,27.812142,36.328147,43.515087,34.118297,37.597911,30.448862,41.044795,39.604495,31.003376,39.391268,22.826238,39.522918,45.740473,26.973851,36.431847,42.278851,36.912370,40.289171,39.055889,48.422251,29.363921,40.430674,44.665104,40.504720,43.478266,44.366232,37.283794,31.360535,48.484036,45.299197,38.539327,39.119532,45.165954,42.009465,48.139862,44.697722,39.557802,45.774659,39.934085,41.561606,40.353480,42.798329,37.448969,42.938123,41.927361,41.296359,40.101758,40.754068,40.314477,37.052505,41.103421,44.303778,38.702059,45.422601,40.104028,38.847956,38.987760,40.616405,40.994924,44.765763,39.683805,36.999841,43.578594,44.784449,42.835445,40.880580,46.945801,40.599586,46.486625,38.111595,38.585888,44.414486,42.046519,44.023262,39.485809,42.066039,40.040742,43.928307
Không có tên,36.482220,37.378220,35.986119,38.112361,39.293631,36.850627,33.472523,41.210418,37.220550,36.958069,38.339131,37.519308,39.408338,37.565033,39.063029,31.636908,41.483102,38.006503,33.643328,18.972839,41.674008,44.557382,28.896765,40.334531,29.309167,37.313599,31.171843,41.318491,42.635287,38.353694,0.000000,40.874392,41.505801,32.084939,42.410529,41.033756,31.419884,27.008037,32.062550,39.679059,43.010389,44.087264,20.861810,41.173856,39.269893,37.196561,25.040751,43.817651,34.110137,20.609235,42.809825,41.091562,37.707506,33.647783,41.573308,39.756978,32.460512,36.512289,33.861361,23.935526,44.536481,33.988199,39.145319,35.883682,38.874589,35.562037,40.416610,51.372531,37.130273,40.294267,42.275318,37.942104,47.586450,43.556224,42.465684,36.361864,51.216061,30.863580,30.658980,34.782449,41.735836,37.622371,45.276686,45.758250,39.899848,46.536468,39.985804,42.435978,42.232944,37.648883,34.990208,38.032074,40.801952,36.674137,40.555513,36.471157,31.226045,38.726795,44.127976,41.681973,35.548301,47.748403,34.358433,35.255835,38.080891,35.980427,36.604576,41.918035,39.464853,32.978958,39.360350,36.199276,37.990920,36.672900,41.233291,39.071948,39.653707,35.985048,35.525193,37.246423,43.845110,37.527592,41.001853,36.642495,41.556922,37.231757
WinMart+,40.558883,43.430299,34.254117,41.422077,43.601429,38.485842,41.238654,45.584740,40.847846,38.759900,41.682106,42.969783,40.159542,40.801935,42.294037,37.548992,45.212399,42.072008,35.392867,42.819990,45.871147,30.657391,35.120528,43.599342,39.726760,41.140012,39.827641,44.616775,46.001934,41.868009,35.669073,0.000000,35.221089,41.933327,36.454178,44.360883,42.984305,34.845225,40.292171,37.130099,46.564080,26.717253,37.790521,44.268724,24.795960,40.385759,29.904963,36.764034,42.278364,30.014902,46.218744,43.907283,22.952608,41.450197,44.682028,41.990639,39.433363,33.870700,43.604745,43.070795,48.026050,41.378278,46.743511,42.625843,44.058128,41.340291,42.638828,40.061570,43.856685,29.601518,36.842361,45.839628,46.692145,46.615841,45.334331,43.630047,39.293090,38.907820,37.255214,40.169835,48.356354,47.118986,48.617850,35.957283,32.195390,47.789046,46.338914,31.673884,42.407280,47.038568,44.039612,47.353846,46.549132,46.057599,32.472529,40.847781,36.928894,45.914534,43.187908,47.693481,40.309378,41.149329,42.979458,40.119823,44.577508,40.845583,41.221776,47.784890,41.373865,41.985123,46.928203,40.467455,42.135767,40.979829,48.359930,47.386862,48.070248,44.326200,43.114836,47.218726,43.357190,46.685327,40.561004,45.534581,41.115208,45.092868
MM Mega Market Hoàng Mai,49.349850,54.057909,41.342980,34.640394,51.244898,46.248245,52.578652,35.457278,46.989301,48.057986,37.083320,52.540246,38.334666,31.492822,48.704873,49.072822,33.711516,38.891439,34.532830,50.808420,52.286214,48.212242,44.885060,40.592161,44.932420,38.286186,49.527445,31.379818,34.866421,39.067032,41.641684,47.766189,0.000000,47.268827,19.419267,40.452529,48.973153,43.170964,44.860412,41.501241,40.001339,52.132389,45.766706,32.134192,42.669865,38.015846,51.797934,28.111277,47.021716,44.909425,41.654778,39.006182,40.928281,45.973389,38.781282,32.833409,43.399785,23.023570,35.046259,44.671261,39.316873,45.758759,43.142678,46.913852,40.647866,45.126572,38.921988,58.016880,48.424732,43.311359,33.358068,45.867623,38.381471,38.432986,41.467616,40.473869,57.094019,50.695650,45.615365,43.581237,45.084888,44.031546,44.173102,51.255357,33.782356,40.971850,43.312650,36.576706,34.924362,44.179673,44.331442,44.280784,43.821114,43.429229,34.319064,45.211366,43.213204,43.246079,37.479728,44.714264,44.771312,41.512707,40.759782,44.655286,42.204534,45.526118,45.814000,44.858268,38.792359,41.495366,44.320989,44.673260,46.601439,45.292501,45.814863,45.855752,49.602572,45.571286,43.057836,44.693644,40.447191,47.442660,37.829667,45.979035,38.460667,46.346657
Trường Tiểu học Đại Kim,35.723078,36.203245,35.401670,36.272805,34.774332,38.182133,33.095120,39.011357,34.024166,35.390387,35.867712,36.355072,30.420941,35.282666,44.162322,31.457966,39.642669,33.290623,26.067400,33.366291,37.785359,42.581886,36.203868,35.012205,32.890793,27.783425,32.090992,39.735719,40.973935,29.694156,31.432073,39.650116,40.588782,0.000000,41.433554,42.872013,19.783081,32.637558,26.578837,38.745263,44.763976,42.289812,28.557246,39.676488,38.481356,28.886652,42.760361,42.533071,23.162104,30.816654,44.562994,39.123946,37.115607,31.202983,43.174934,38.567311,29.699928,36.159638,36.530319,38.435261,43.004572,27.257819,40.847115,37.339747,40.390761,36.146495,41.732542,48.721098,28.258209,39.445397,41.383605,40.195587,46.395288,42.177623,40.522824,40.207653,48.782852,33.429390,27.138228,29.579488,41.033115,39.295621,46.853078,44.319328,39.400459,43.381515,38.345168,41.672367,39.291738,36.679404,33.458222,39.872866,39.815119,35.326034,40.004212,32.364039,25.514251,39.003363,43.260905,37.799401,34.832959,46.453905,28.976445,30.544376,34.809365,31.198341,32.173910,41.058860,38.682741,32.932340,36.835776,32.243568,34.127823,32.665721,38.689491,38.991928,36.570313,32.529245,32.266782,39.806469,43.420091,34.155774,40.730901,33.486257,41.268863,34.149016
Không có tên,29.411752,50.879179,28.168116,34.888137,40.016023,37.931094,49.113199,35.855485,38.133475,46.303715,37.467853,49.488055,38.769964,31.494248,39.163677,47.334240,33.968382,39.327855,34.662731,48.463374,42.015856,46.243660,43.615979,41.087959,43.947250,38.655543,47.705403,31.373215,35.361266,39.462103,40.927773,46.020262,20.527295,45.988072,0.000000,40.966679,47.337250,42.253128,40.024375,40.710683,40.516541,49.745059,44.680863,32.204683,41.905002,38.309366,49.639854,22.440888,45.922744,44.058859,42.203144,39.360038,40.385271,45.011706,39.170301,32.921106,39.284520,22.419536,35.186345,43.729824,40.149185,44.840884,43.716078,45.903030,41.037214,44.355744,39.324077,55.030901,47.159640,42.538529,33.770094,43.599197,29.368366,39.015977,41.940900,40.836645,54.482919,49.372497,44.876068,43.019722,45.668327,44.555710,44.806507,49.662898,33.982300,41.700159,43.810694,36.454357,35.114839,44.670157,42.057747,44.812368,44.278520,43.868149,34.459182,44.544326,42.679680,43.686329,36.067139,45.237612,42.314506,41.720882,40.444776,44.012163,42.574968,44.807194,45.086211,45.381443,39.045877,41.171853,44.776694,45.196207,45.832992,44.640858,46.296072,45.264424,46.058592,44.953928,42.649644,45.141892,40.408169,44.837123,37.807457,43.775649,38.438505,45.695921
Không có tên,41.643374,46.150551,39.405709,41.898339,44.689598,39.503744,40.678161,48.728797,37.033187,45.272565,31.281961,47.469678,41.547335,37.108412,36.501767,42.988657,47.465364,42.388507,33.630562,46.717144,32.004756,50.033488,42.503221,41.064636,43.652469,40.643524,44.911990,45.880285,46.787375,42.015714,42.057770,47.160444,42.814430,38.974600,42.139464,0.000000,41.919134,41.502102,42.467776,44.505300,38.811054,49.354116,41.901127,45.334028,42.798643,37.428325,49.278496,44.595838,37.971843,38.965864,37.745638,33.708948,41.245253,42.699140,34.566521,38.991589,42.263011,40.340709,38.951947,43.461961,45.972440,41.613320,43.824077,44.737490,36.921800,43.107436,33.698488,54.983218,40.591092,44.359846,44.863667,43.657909,43.531671,44.598948,38.803545,37.344616,54.459177,49.268973,40.887294,41.014990,49.117367,45.978640,48.989651,49.284203,40.114191,46.272116,44.095035,42.366264,43.932674,46.043748,40.216269,46.712920,44.975438,44.231203,40.725932,42.748871,42.330363,43.676965,40.789798,47.594008,41.211290,45.809310,41.790539,41.035802,41.680548,42.865357,43.221086,47.859081,34.376441,38.451480,46.179460,46.686194,44.802729,42.842825,49.053043,42.089936,48.531926,40.028819,40.183514,46.781209,41.981095,45.988456,39.300716,44.016915,39.881306,45.533411
Cà Phê 3k,36.813423,37.449649,36.374051,38.082010,38.914383,37.147303,34.555266,40.436062,37.360163,37.261235,38.256530,37.891795,38.989276,37.630785,38.798810,33.861760,40.828302,37.983490,27.484731,35.620238,40.934200,43.008717,37.373569,39.802706,31.574669,28.662133,35.158611,40.768749,41.843604,29.864372,33.746198,40.350138,41.015602,24.295587,41.792129,40.489986,0.000000,34.377979,28.609718,39.359876,42.151298,42.724634,31.380140,40.666751,39.147178,37.712556,43.118362,42.840080,31.528578,32.967361,41.984393,39.712460,37.866810,30.263567,40.997559,39.523428,29.921501,36.799851,34.591985,39.080745,43.507998,31.884263,37.613657,33.156250,40.774565,33.299087,39.983946,48.419140,37.806841,39.991626,41.716377,36.621591,46.369436,42.757987,40.880725,40.650966,48.497954,34.214250,34.880533,33.975356,41.362969,36.451042,44.053670,44.464207,39.750157,45.413293,39.254990,41.916774,41.793110,38.128487,34.388475,36.896633,40.335227,36.696599,40.328063,36.435791,29.015731,39.677125,43.422843,41.680974,35.129301,46.419446,32.114988,34.678909,38.555874,35.674364,36.577585,41.515440,41.277811,35.063521,40.265879,36.020060,38.539491,36.659984,42.704058,41.880558,40.725750,35.754784,35.228297,37.415708,43.505125,37.810855,40.867176,36.660939,41.388060,37.373747
Không có tên,36.881211,37.749639,36.348277,38.372316,39.460637,35.982014,38.338378,41.278539,36.588503,35.748236,38.589229,30.685377,38.087461,37.835194,39.217853,32.108629,41.613005,37.168298,33.606102,33.673037,41.804269,34.392730,26.896222,39.147404,30.137845,36.667822,32.082400,41.433846,42.711993,37.570941,26.938238,31.948140,35.021311,32.355413,35.985662,41.171984,31.914054,0.000000,32.287683,36.268287,43.080808,34.588708,26.342780,41.289020,32.469598,36.678875,23.210493,36.180173,33.969498,24.302447,42.864516,41.205432,31.172131,33.600757,41.679602,39.881094,32.592799,33.955826,33.797299,22.260580,44.557085,33.881070,43.655751,35.451773,41.576088,35.166590,40.443759,43.768974,36.314094,34.108036,36.310843,37.287830,42.987183,43.601995,42.535622,41.452271,44.440009,23.910038,31.004054,34.597566,45.481190,37.109838,45.194014,39.809945,34.951068,44.728884,43.799190,35.326598,40.468432,37.097229,34.805677,37.417499,44.217921,36.263427,35.341368,36.021254,31.391900,43.679189,43.062752,45.120271,35.259446,46.118955,33.360436,34.953326,37.483279,35.573926,36.135978,45.259215,39.577308,32.165509,38.639255,35.800264,37.357939,36.218240,40.337224,37.517898,38.871853,35.645561,35.320612,36.828313,43.323865,37.035981,40.677485,36.317869,41.206897,36.778635
WinMart+,38.273820,39.740999,36.945950,38.534533,36.859574,38.268012,36.706763,42.628381,35.933273,42.046988,37.833894,34.825736,31.671755,36.997689,37.463626,32.205342,42.798556,35.608222,24.828297,32.536747,40.326945,40.086900,35.058186,37.374589,35.784454,27.406347,31.414856,42.354752,44.015073,30.264227,31.129958,37.957539,42.055046,27.114101,41.491071,40.231132,23.219100,32.152258,0.000000,40.851676,42.558778,39.956724,29.016742,42.124287,37.258088,29.046834,40.495424,43.580416,23.467992,30.720687,42.299232,32.386236,36.140022,31.064337,40.969670,40.255451,34.051497,40.059241,28.153584,37.223218,46.186244,24.174397,36.797406,38.685829,33.729314,32.019071,39.651035,45.351190,28.688096,38.153482,40.014730,34.733051,43.941750,44.838283,33.955569,37.925416,45.653979,32.982864,27.426318,29.833237,38.130646,34.841568,45.087820,42.284123,38.569309,46.152864,35.300848,40.473761,40.902186,32.773345,30.202953,35.638054,37.430042,32.054367,39.078746,32.619948,25.633481,36.575587,41.626653,35.949844,31.901076,45.792482,29.126585,30.769504,31.838472,31.465403,32.440543,37.709372,36.732715,31.715495,37.165523,32.475214,34.425175,32.914575,36.533512,37.737714,32.803766,32.726729,32.467953,37.083335,42.263003,34.403237,39.710650,36.627561,40.257094,34.370260
WinMart+,46.620043,50.154680,39.081953,36.940829,48.528085,44.097318,48.002459,37.900220,45.142895,45.359627,46.325954,48.535825,44.974670,34.446929,46.614327,46.532267,36.906838,46.054216,39.763406,47.553654,49.825032,45.150081,42.462692,47.052185,43.088003,44.984645,46.945039,35.596536,38.312348,45.499181,39.792398,45.003176,27.755178,45.219559,30.993897,48.040705,46.567137,41.157007,43.226168,0.000000,49.758660,49.021802,43.861966,35.819624,40.887255,43.790580,48.958796,28.658083,45.209668,43.306521,49.437853,47.170946,39.324414,44.291435,47.954888,35.323975,42.042791,23.765467,46.147718,42.877058,41.091913,44.138132,49.559170,45.258572,46.995396,43.722155,39.936498,54.776268,46.548926,41.630258,32.666520,44.580665,42.457519,40.180609,48.304928,46.423692,54.211320,48.911068,44.299870,42.394437,50.633468,49.516140,51.188712,49.122853,33.423160,40.288252,48.826618,36.182720,35.434880,49.283638,43.183744,49.677610,48.798659,48.299980,33.934388,44.019843,42.080945,48.223060,37.154185,49.881861,43.585448,41.152847,39.831116,43.437174,44.899291,44.248228,44.552171,49.912762,44.128976,40.624424,48.989815,43.539589,45.332002,44.115500,49.060724,44.831407,48.263942,44.478906,42.125278,49.190689,40.342820,46.230220,37.725408,44.901781,38.364875,45.253877
WinMart+,40.882932,44.278213,36.465630,37.063934,42.747924,39.140905,40.274728,41.717507,37.219004,43.811280,30.650744,45.843966,40.643446,34.441605,36.957838,42.107103,36.508879,41.362447,34.267138,45.397362,31.644392,48.209509,41.883850,42.584191,42.717281,40.121133,43.747348,40.744034,44.330296,42.918528,41.464641,45.864787,41.408422,38.786940,40.673613,35.943624,41.342863,41.002983,41.729100,43.755408,0.000000,47.698551,41.341399,38.104985,42.262340,39.182113,47.742333,43.316599,37.974069,38.849260,34.247836,31.509730,40.897066,43.144263,29.755249,37.696364,42.810703,39.105100,40.046564,42.797541,44.300444,42.068837,44.553075,44.979418,35.498710,43.522269,25.716215,52.604548,41.091886,43.686264,43.899822,44.038007,42.294816,43.140014,36.975913,36.146303,52.320807,48.194791,41.535743,41.531596,48.569433,46.057620,47.285398,48.071301,39.398071,44.914816,44.517003,41.523940,42.917034,46.088289,41.044716,46.636029,38.014678,44.516400,39.983538,43.058569,42.692984,34.352283,39.671865,47.362112,41.799893,44.596282,42.129214,41.554094,42.249510,43.210473,43.532242,47.583389,33.447015,38.959529,46.170194,46.599094,44.913891,43.154108,48.681141,42.367066,48.228539,40.573939,40.671689,46.694145,41.527100,45.987686,38.915605,44.216433,39.504541,45.558303
Trường Tiểu học Chu Văn An,45.406940,49.779669,43.203313,45.088924,47.966150,42.614544,48.745563,49.568444,44.159781,43.846052,45.418447,44.528139,43.842575,44.207604,45.831190,41.921567,48.656595,45.270153,38.081702,44.123797,49.612200,40.968356,39.577239,46.521377,40.838566,44.112196,43.780454,47.408740,49.027694,44.742266,26.013600,30.421312,39.793088,42.983353,40.739785,47.595883,44.100217,25.404267,41.278697,42.941987,49.622010,0.000000,30.139020,46.911368,27.202989,42.935939,29.049916,41.837496,43.152506,30.239029,49.269355,46.683985,25.641228,42.382072,47.438207,44.130049,40.345138,37.822349,45.711146,26.865291,50.647958,42.308286,49.470776,43.503185,46.489341,42.163181,45.173294,27.072892,44.722240,30.419545,40.730265,47.969808,47.566677,48.923970,48.016007,45.980686,47.625713,41.806200,38.159521,40.969462,50.733334,49.466156,51.351538,39.336597,33.676996,49.981234,48.697262,33.686666,44.321994,49.233376,45.982921,49.664014,48.686719,48.152441,34.088844,41.567886,37.767428,48.050044,45.062432,49.905176,41.068133,44.199970,44.732750,40.883356,46.579645,41.605096,41.976164,49.954978,43.351871,43.697968,48.951303,41.191763,42.842595,41.700176,50.245233,49.511387,49.918416,40.539813,44.669160,49.172181,44.578112,48.473666,41.685250,47.295120,42.222926,41.405039
AEON MaxValu Linh Đàm,35.021483,35.376662,34.792756,36.885780,37.688601,34.776645,32.103798,39.576613,35.883147,33.999389,37.069783,34.988945,37.403881,36.409900,37.768033,29.579741,40.119474,36.472297,32.633493,31.308712,40.191247,42.223395,28.561843,38.788471,27.147495,35.976717,27.139510,40.154310,41.364841,37.007851,20.382263,39.095363,40.264517,28.537344,41.169085,39.780939,25.977879,26.866824,29.428594,38.420995,41.715801,41.922161,0.000000,40.069281,37.960557,36.116018,29.058519,42.293700,30.879747,24.490603,41.522377,40.011090,36.543520,31.176942,40.434075,38.908800,30.416503,35.698525,34.762602,27.788594,43.294535,31.166901,37.971993,33.753515,37.931535,33.741930,39.379347,48.940560,34.137878,39.026979,41.127402,36.528256,46.403750,42.467842,41.349777,37.526284,48.984247,31.567655,28.810802,32.899448,37.584967,36.400916,43.935018,44.199597,39.152513,45.336582,35.904205,41.482739,41.357797,35.943735,33.329801,36.777757,37.201920,35.111158,39.755896,34.804996,29.287678,36.654864,43.132694,35.726985,33.850410,46.462280,35.307084,33.461855,36.571161,34.125090,34.839699,37.863199,36.753133,33.784625,37.932446,34.598926,36.336567,35.041579,39.921047,40.860015,38.191609,34.562954,36.662128,35.949829,43.368719,36.089644,40.636849,35.337425,41.183340,35.892645
WinMart+,40.727202,43.492761,38.222840,37.281597,43.934821,40.199460,48.055289,39.702612,40.361421,43.147017,40.306799,45.079805,41.601516,32.760325,41.881413,41.735267,37.575781,42.118640,35.825004,44.769209,45.762633,47.312400,41.803458,43.989186,43.021764,40.968000,43.130761,20.564651,35.627173,41.856030,41.171827,45.268688,34.093265,39.415798,32.463925,39.655335,41.074631,40.770169,42.159991,41.957189,39.025922,46.658520,41.061622,0.000000,42.145795,40.103355,46.747963,37.964530,38.797817,38.830361,46.149294,43.680945,40.906632,40.623402,37.685568,26.568933,40.958356,32.300685,36.189653,42.377586,34.954136,40.305653,42.955011,41.738488,43.856750,39.441268,37.938604,50.984830,38.222935,43.441417,40.866353,43.006759,35.996458,34.811388,45.206845,43.428050,50.820739,47.319940,37.016770,41.513100,45.215186,43.994975,48.720816,47.312389,36.169531,40.205859,43.166337,38.384606,31.302770,44.151028,41.364634,44.283725,43.734517,43.307744,36.655900,42.442575,42.222026,43.092307,32.552982,44.775196,41.689351,40.566834,41.855188,41.477590,41.949007,42.565722,42.792049,44.935113,41.080209,39.508831,44.314640,44.817338,43.700162,42.566846,45.982277,42.012286,45.727971,40.787759,40.853644,44.721194,40.012191,44.425358,37.224724,43.307250,37.923742,44.253092
WinMart+,39.132379,40.686143,33.016660,40.124651,41.508233,37.663324,37.228004,43.158804,39.740677,37.716885,40.285531,37.650146,39.078791,39.692240,40.810071,36.897162,43.204661,40.765851,35.283774,38.236908,43.572126,30.042144,35.102096,42.117904,37.049058,40.087627,38.693045,43.000837,44.048470,40.719850,33.509980,26.135234,34.114007,38.757750,35.147896,42.612585,39.247863,34.770969,37.794544,35.233426,44.511025,21.052584,37.216751,42.813308,0.000000,39.559848,31.378375,35.175650,39.375599,30.817158,44.201100,42.468941,19.065819,38.798095,43.095034,41.150073,37.363870,33.203140,42.513545,38.733889,45.928013,38.796019,44.808025,39.870485,42.735242,39.025434,41.456861,33.522467,40.664477,25.042212,35.643835,44.412086,44.236735,45.021537,43.696003,42.419191,32.424852,35.579467,35.639717,38.241459,46.414444,45.391373,46.355109,31.036632,30.463790,46.090319,44.714695,29.436266,41.597087,45.428726,42.951758,45.600297,45.049071,44.644523,30.641105,38.948638,35.443817,44.500507,41.447381,45.955340,38.466154,39.452183,40.995451,38.253952,43.396129,38.842509,39.216518,46.054835,40.563362,40.026611,45.436003,38.675893,40.062096,39.092908,46.779226,45.111755,46.541255,38.270494,41.352607,45.749871,42.417509,45.386699,39.953340,44.390948,40.481673,39.111525
WinMart+,41.129534,43.751107,34.806264,35.985635,42.512601,34.666558,40.573170,39.022354,38.380237,38.189689,35.831558,45.152032,34.316711,38.753517,38.507932,36.595808,39.734249,30.882986,27.292815,36.229333,37.974438,47.194603,41.910539,38.300678,39.317926,28.534079,39.290295,39.865681,44.865147,28.216118,37.721903,45.277054,42.536195,29.340782,42.023250,34.891113,37.551095,37.686722,30.085121,43.534882,39.564017,46.802815,37.600996,39.788164,42.238669,0.000000,46.889342,43.923405,28.303978,35.588245,39.080151,30.238344,41.035365,30.538491,37.421019,39.584490,22.950334,40.626179,19.903985,42.701915,44.753732,27.438864,28.827933,39.310469,32.503369,37.096592,36.222094,51.031916,29.517940,43.491860,44.268824,36.902641,43.116182,43.858972,32.912323,28.129448,50.894086,47.539404,36.075257,37.084964,39.753293,37.176668,44.138935,47.330459,40.321132,45.147469,35.242191,42.194518,43.499608,38.773485,34.636044,38.179131,38.268511,37.862474,40.855070,38.449067,38.024945,33.649413,40.962848,39.960334,36.027090,44.880346,38.221391,36.499470,36.076865,38.053554,38.430339,40.610419,37.135688,35.560833,40.255883,42.268957,40.399190,38.630832,43.901642,38.895408,43.580395,36.103120,36.917351,41.309549,41.939245,41.497847,39.481310,39.752936,40.019079,41.854994
Trường Mầm Non Hoạ Mi,45.112389,48.763568,43.165721,44.893141,47.412384,42.605878,48.035700,48.896214,44.040888,43.692587,45.180427,44.304862,43.732105,44.095989,45.567208,41.964808,48.171448,45.074863,38.345649,43.977649,49.007736,41.309431,26.216793,46.249094,28.238219,44.011432,27.984993,47.092200,48.576717,44.598739,25.193517,32.435292,39.971634,31.893751,40.858482,47.221885,29.131320,24.089510,31.924385,42.924259,49.120053,29.343764,29.538372,46.646342,29.106358,42.912386,0.000000,41.895967,31.296598,29.450073,48.784488,46.429790,27.570078,32.984423,47.129594,44.052858,32.268019,38.086620,45.564313,24.607946,50.142932,31.398217,49.019920,34.400034,46.282952,34.211212,45.011742,46.238591,32.935766,31.767759,40.840791,47.697766,47.318649,48.573503,47.684888,45.794829,46.827245,25.928918,30.983508,35.448686,50.265533,49.083639,50.773220,39.719646,34.094148,49.579435,48.357370,34.216265,44.244585,48.885014,45.836388,49.272975,48.381119,47.880703,34.493333,42.988752,42.751244,47.787160,44.950822,49.514196,33.127957,44.122501,38.354622,32.817689,46.384615,33.266121,33.782275,49.572586,43.316635,37.100634,48.645525,33.669948,41.978514,33.974219,49.896811,43.298440,49.595482,33.717797,39.174563,48.875062,44.534611,48.227621,41.710156,47.109021,42.230750,34.728601
WinMart+,51.436794,57.455771,42.755650,39.082704,53.407274,47.793240,56.606062,40.790240,48.320052,50.113919,50.094667,55.977803,48.455740,35.947680,50.274959,51.038956,39.823574,42.300546,41.695198,53.411850,54.275299,50.522531,46.511490,43.712168,46.204711,41.438394,51.536446,38.285938,42.473557,42.109896,42.802997,49.788386,28.341623,48.769856,33.324707,51.628530,50.826736,44.504223,45.977915,42.796729,43.503493,54.718941,47.113831,38.299524,43.761804,40.695493,54.120539,0.000000,48.330496,46.014520,53.063700,50.130758,41.841203,47.160411,41.897244,36.874957,44.290313,20.532625,48.314321,45.905815,45.157056,46.900652,52.841951,48.109913,49.637309,46.088324,41.960882,60.886835,49.826341,44.354814,34.081221,46.782601,43.928038,43.220028,51.334475,48.862464,59.585067,52.088614,46.546335,44.379545,53.628356,52.331646,54.725647,52.865777,34.230157,41.750409,51.578623,37.355053,36.280397,51.887350,45.118549,52.488452,51.270763,50.678236,34.842476,46.043648,43.960068,50.642962,38.163608,52.600974,45.604565,42.881193,41.325424,45.483890,46.885093,46.433623,46.707239,52.580568,46.007993,42.050331,51.368731,45.451884,47.510271,46.117352,51.345159,46.585642,50.628345,46.354001,43.688150,51.498713,40.775483,48.341960,38.045744,46.759048,38.694100,47.131084
WinMart+,34.086947,34.098904,34.392796,35.377579,33.708895,36.759140,32.013070,37.896384,32.938805,32.921092,34.948345,34.014941,28.891671,34.564432,43.498849,29.718141,38.684027,31.974567,24.820518,31.672929,43.695516,39.400077,34.424382,33.878814,30.410943,26.343480,30.245750,39.044938,40.068743,28.482970,30.222255,37.344937,39.264583,24.943304,38.734523,42.152430,28.950585,31.357552,23.480265,37.052804,44.216319,39.209370,28.133941,39.015537,36.754704,27.900623,39.784415,40.171347,0.000000,29.939983,43.891763,38.412577,35.661878,26.795013,42.715401,38.034643,27.882203,37.855561,35.526359,40.499837,42.331555,22.755481,39.826864,34.512470,39.759906,34.169888,41.078159,44.499815,28.414021,37.672361,39.583952,38.940152,41.179227,41.571963,39.800599,39.434042,44.842500,38.067954,25.019823,29.953112,40.043388,38.188468,46.278007,41.755489,38.247517,42.790058,37.268461,39.940244,38.804799,35.332384,31.180310,38.811841,38.989533,34.138514,38.646390,33.363020,24.679774,38.151016,39.399394,36.816952,31.729952,42.726134,29.026796,31.101655,36.012327,32.005689,33.205879,40.157214,38.089800,32.715196,38.008255,33.102538,35.633786,33.676615,40.838433,40.096255,38.432430,33.259681,32.921305,35.205256,41.123641,35.327268,38.880220,34.368167,39.400596,35.148445
Trường Tiểu học Chu Văn An,34.008879,34.013872,33.977266,35.865419,36.272609,33.450147,31.529193,37.969364,34.812117,32.488238,35.934391,33.507762,35.746427,35.466366,36.560633,29.242715,38.669044,35.210278,32.124694,30.586637,38.648527,39.826659,27.490574,37.279303,29.062469,34.941621,27.509149,38.917920,39.881554,35.848712,21.205357,30.901533,38.959240,30.593862,39.795051,38.445007,29.020895,25.661016,30.913470,37.234734,40.254379,29.869974,26.585299,38.899920,29.228670,35.238270,28.658820,40.577141,32.281275,0.000000,39.999179,38.866094,28.315480,32.449811,39.213126,38.047393,31.544325,35.042714,35.189819,27.080150,41.799843,32.365478,36.846652,34.602210,37.043735,34.369153,38.284769,37.124750,34.912414,30.806606,39.854974,36.783232,44.805628,41.169414,40.069696,37.705623,38.267584,29.160839,29.945608,33.570664,37.710368,36.640242,42.240746,35.431045,38.365863,43.763786,36.161051,32.895254,40.331950,36.244375,33.909897,36.971702,37.398767,35.437678,38.890997,35.162220,30.161135,36.882591,41.909412,35.974209,34.316476,44.742795,35.299925,33.968837,36.765001,34.596392,35.233473,37.942372,36.964149,33.756616,38.011574,34.957852,39.684852,35.374698,39.832737,40.938417,38.242957,34.879518,36.721596,36.144726,42.731871,36.309366,40.197181,35.604200,40.717861,36.094975
WinMart+,43.573356,47.645562,41.296213,43.737918,46.881272,41.718940,42.248600,49.935629,40.281473,46.678125,35.341895,48.494456,43.892398,39.337777,41.414055,44.424027,48.580304,44.428813,35.740386,47.682935,38.762282,50.692572,43.751356,43.768072,44.934712,42.587961,46.044334,46.932199,47.725967,34.674610,43.224203,48.016235,43.703956,40.323365,43.105770,39.768408,43.125081,42.685305,43.814195,45.378140,43.070075,50.037197,43.081476,46.360817,43.765795,31.051865,49.918982,45.296991,39.364389,40.143371,0.000000,27.699600,42.271831,43.578822,33.628332,40.060682,43.261748,41.281751,40.463098,44.369132,46.733455,42.406609,45.906074,45.556463,29.316024,44.173130,29.378786,55.174106,41.513038,45.164776,45.386880,44.777361,44.268307,45.378314,33.724433,28.629401,54.665529,49.695635,41.928783,41.868412,34.609716,47.077769,44.028402,49.790032,40.687647,46.880864,35.590272,42.924272,44.524314,46.981427,41.464164,47.672576,35.116558,45.251182,41.298649,43.554768,43.173343,34.398855,41.629020,35.540827,42.315962,46.392810,42.533070,42.016313,42.816865,43.762594,44.094916,48.564118,31.902799,39.230583,46.943991,47.236945,45.487340,43.648575,49.478145,42.755934,48.981014,40.968224,40.944571,47.446774,42.300306,46.610249,39.628358,44.731574,40.200443,46.076425
WinMart+,40.572209,43.515787,39.092048,40.840445,42.043548,39.017277,40.102652,45.082645,37.344235,43.183476,33.469522,45.108749,40.315367,37.181636,37.166551,41.727568,44.827632,32.431144,34.616444,44.781698,34.883843,47.346493,41.601606,30.216104,42.303172,39.905722,43.219569,44.131996,43.864794,31.157050,41.203042,45.257638,41.748750,38.732433,41.184574,33.941354,41.099856,40.785952,41.409831,43.395590,38.026954,46.919155,41.089747,43.797393,42.005418,27.584007,47.005542,43.263496,38.373603,38.796629,27.610115,0.000000,40.733748,38.285649,31.699957,38.702560,37.499596,39.821024,25.228155,42.485243,43.991154,38.066301,32.370261,39.397725,26.304661,37.512563,28.857655,51.453753,36.809466,43.360401,43.761753,37.404256,42.438450,43.121445,26.993820,25.947601,51.272295,47.625649,36.569274,37.384862,29.879299,37.772617,38.176144,47.454202,39.814008,44.528818,31.971250,41.679926,42.940768,38.976634,35.443617,38.525914,31.748401,38.184784,40.338499,38.572851,38.209348,30.994513,40.241799,32.451341,36.546954,44.295385,38.355153,36.889378,36.620774,38.263909,38.598423,40.453410,28.845128,35.885368,40.175698,41.940566,40.301388,38.747563,41.544053,38.951536,41.335086,36.476523,37.173656,39.179844,41.644144,39.691524,39.169409,38.209692,39.724159,40.313144
Trường Mầm non A Tứ Hiệp,39.150267,40.521537,30.798809,40.043297,41.276511,37.780367,33.655004,42.778520,39.674510,37.865297,40.175318,37.871774,39.063277,39.661811,40.653603,37.097986,42.864985,40.618120,35.493671,38.361152,43.188065,26.531466,35.498982,41.879069,37.162373,39.990934,38.696320,42.718523,43.659850,40.577755,33.917275,22.832702,32.280592,38.754349,33.277538,42.327758,39.217002,35.099455,37.844269,32.783914,44.093446,30.804820,37.317187,42.544157,19.458511,39.493659,32.368358,33.026546,39.327458,31.427529,43.797697,42.207004,0.000000,38.784474,42.797372,41.117280,37.413288,31.783960,42.276406,35.497025,45.442959,38.772256,44.375605,39.775498,42.471093,38.963891,41.252681,28.468665,40.495117,19.082358,33.884701,44.063568,44.038209,44.763094,43.351082,42.179614,27.059914,32.892059,35.759205,38.225633,45.924273,44.971866,45.814312,26.862998,28.842035,45.770003,44.321939,27.337941,41.534341,45.016879,42.700764,45.161909,44.672237,44.284952,28.928772,38.866381,35.541649,44.150127,39.739527,45.498256,38.421151,37.643014,39.473103,38.216758,43.106908,38.778087,39.134391,45.605105,40.437005,38.496043,45.038459,38.619725,42.363680,39.018914,46.326281,43.491373,46.105588,38.223915,40.000091,45.342261,41.384862,45.022012,39.223935,44.080500,39.669058,39.027936
Cà Phê KOK,35.690634,36.009040,35.755216,36.885798,35.323249,39.963475,33.679073,39.660094,34.601849,35.428413,36.351605,36.279191,31.235797,35.847513,44.733486,32.464432,40.230737,34.037436,26.769195,34.151328,45.055403,41.196853,36.178037,46.060206,36.039644,28.538251,33.289368,40.330091,41.481833,30.331460,32.515936,38.963252,40.370930,31.348000,39.849417,43.246937,25.263457,33.285534,28.315467,38.330283,45.564370,40.994001,30.455848,40.234073,38.092508,40.400543,41.459646,41.509413,26.344934,32.015613,45.210433,38.806474,36.949183,0.000000,43.644641,38.997945,32.420677,38.827426,35.429740,37.921746,43.619406,25.450282,40.789474,32.608250,40.348565,32.171185,41.770274,46.151189,22.616208,38.934890,40.684789,39.927412,42.186774,42.724634,40.427136,40.060435,46.374035,33.759861,22.419147,27.702075,41.025725,38.752034,47.838557,43.053432,39.066633,43.918089,37.583676,40.905421,39.684510,35.169010,31.633253,39.527965,39.556180,33.769554,39.554363,31.336916,22.915900,38.554841,40.305383,37.021330,33.354379,43.769604,27.497546,29.016320,33.305279,29.735017,30.986132,41.037233,38.338376,32.293658,35.907897,31.241568,33.430934,31.695848,38.185145,33.979711,36.404306,31.712057,31.512103,39.502486,41.578640,33.552618,39.258103,32.852808,39.769972,33.612957
Không có tên,39.720448,42.430605,34.960198,35.314273,40.860943,38.238308,39.509256,38.591486,36.509160,42.223948,29.859045,44.248431,39.353267,33.061426,36.111242,40.938959,34.780683,40.017762,34.242869,44.022126,30.228086,46.492417,41.004873,38.275688,41.528529,39.110965,42.393764,38.651733,40.580926,39.544864,40.557665,44.521332,39.571108,38.194883,38.904479,32.762559,40.453617,40.165675,40.668625,42.837768,28.098321,45.997677,40.459357,36.548654,41.498878,36.632913,46.139117,41.318529,37.566366,38.299174,31.199376,30.093592,40.286778,41.052515,0.000000,36.515207,40.571215,37.786803,37.941435,41.875368,41.621031,40.359259,39.777977,42.341510,31.529978,40.894936,24.638979,50.419101,39.354717,42.842166,42.296450,41.119549,40.538536,40.948323,31.635754,32.669143,50.305963,46.939557,39.562319,39.830293,36.713426,42.204162,37.499940,46.813282,38.559169,42.584294,40.958928,40.306909,42.225234,42.666901,39.013755,42.725880,34.905021,41.635913,38.973597,41.026429,40.710972,36.191739,38.383076,43.584414,39.681865,42.520192,40.469492,39.642434,39.936461,41.004991,41.299035,43.881788,31.067730,37.825879,43.157844,44.102712,42.627111,41.158919,45.585017,40.815862,45.279345,38.968752,39.267460,43.778417,42.700022,43.549550,39.953706,42.087601,40.525096,43.495659
Trường Đại học Kinh tế - Kỹ thuật Công n,37.261392,38.949796,35.402195,34.362002,38.495307,36.866674,49.541748,35.094074,37.047731,38.977288,36.432664,49.544514,37.524866,31.625985,37.870409,38.242902,33.691891,37.998821,34.065278,48.780183,40.211032,47.481532,45.627134,39.511617,39.289892,37.446571,39.310962,27.019665,32.499788,38.142702,43.196336,47.163933,32.368810,46.615645,31.363623,36.924257,47.652604,44.202660,38.648595,43.607042,36.372431,49.417555,38.091400,24.036182,44.015272,37.162058,49.287868,42.633318,36.432030,45.011663,38.083403,35.980508,42.941461,37.781039,35.586291,0.000000,38.025458,35.683041,34.416077,44.893999,24.028373,45.543771,39.616541,38.715942,37.666403,36.981679,35.719273,52.723695,47.186373,44.265546,32.868195,40.161073,24.999624,18.662919,38.221591,37.614837,52.385237,48.816094,39.231279,43.803496,41.639930,40.743027,40.494251,49.152566,37.410010,25.424453,40.088103,39.798872,23.295749,41.013765,38.986010,40.973276,40.757640,40.436453,37.964937,40.003527,39.824788,40.242505,24.045063,41.448165,39.263308,29.120885,39.652210,39.167421,39.419165,40.030443,40.224047,41.617832,36.268069,37.764819,41.288598,41.961891,41.028410,40.123135,42.767777,39.855736,42.594805,38.681332,38.854664,41.692957,36.743640,41.626326,34.683212,40.736776,35.266511,41.648236
WinMart+,44.363217,46.548901,36.412112,37.632301,36.122817,37.027289,36.263304,40.555167,35.421816,39.956379,40.994302,34.663317,32.401790,42.589168,43.672897,32.560559,41.004738,35.062313,27.698242,32.860732,43.916522,39.069576,34.887588,44.992110,34.982182,29.613218,31.939899,40.977430,47.379688,41.842441,31.619709,37.349192,40.916126,29.956297,40.411759,41.759748,25.909342,32.396820,33.961876,39.959962,44.605802,38.985941,29.965697,40.848430,36.829323,37.964118,39.490419,42.294125,27.855229,31.312688,44.202967,37.792333,35.874334,30.489962,42.441222,39.478668,0.000000,39.298502,24.986157,36.723303,44.268123,26.636059,37.826978,30.601719,39.102738,29.689191,40.585445,43.513385,28.468992,37.638515,39.354396,35.104973,42.692212,43.297925,39.245554,38.827086,43.883801,33.076397,24.891068,33.774381,39.456356,35.096369,47.388082,41.228439,38.180197,44.483348,35.638448,39.778546,40.122908,32.157138,29.074110,36.219349,38.229932,31.371424,38.619427,35.072545,34.567741,37.143075,40.752190,36.419753,31.269634,44.294019,35.473940,32.557679,31.181099,34.083867,31.102171,38.793123,37.231041,33.125407,37.869677,34.207599,37.235651,35.328493,36.991710,36.547316,32.490447,29.265607,34.229303,37.670586,41.794760,33.603174,39.431764,36.988350,39.952030,35.912199
Trường Quốc tế Singapore,48.959123,52.800588,42.297184,34.008073,50.513024,46.228251,51.751636,34.600864,46.778605,47.840172,36.084836,51.646206,37.195049,31.382241,48.283039,48.671351,33.189697,37.685982,33.943994,50.215839,51.409763,48.148105,45.305878,39.206629,44.969019,37.204044,48.975919,31.415502,34.042026,37.891604,42.166587,47.677660,34.696850,47.003793,22.246511,39.037436,48.525813,43.542986,44.804521,42.354055,38.605504,51.248140,45.671456,31.990128,43.195373,37.006048,50.953959,38.182589,46.757945,44.833511,40.102385,37.857479,41.719501,45.786249,37.625999,26.973103,43.403014,0.000000,34.370109,44.677181,37.647609,45.567316,41.473290,46.584231,39.371528,44.899424,37.710950,56.149599,47.901210,43.645592,35.492176,45.525132,28.894112,29.845292,40.037398,39.243534,55.426167,49.940415,45.321735,43.454437,43.312587,42.393413,42.364954,50.464075,34.610308,28.016270,41.741655,37.225591,27.266920,42.576837,44.113974,42.607520,42.281200,41.936142,35.153814,44.860016,43.056098,41.771417,28.068466,43.029913,44.500171,32.548795,40.728810,44.381581,40.861476,45.194920,45.445461,43.168167,37.767254,41.360694,42.754942,44.361466,46.138249,44.937362,44.154105,45.387529,48.860379,45.158637,42.827792,43.116986,37.337650,46.896685,35.347838,45.535467,35.884092,45.850343
WinMart+,40.206138,42.385036,39.077910,40.427629,41.137717,30.354002,39.906110,43.506152,37.724875,33.224087,35.554508,43.894999,29.564106,38.181095,37.673454,32.636774,43.561629,26.761119,26.774006,43.739211,37.183884,45.834754,41.158332,37.279433,30.731194,25.994871,34.820457,41.426044,43.416798,23.643155,34.215620,44.181665,41.782795,27.806554,41.304013,34.734530,25.640437,40.468028,28.208492,42.755326,38.555695,45.512532,34.140657,39.692478,41.579735,20.075531,45.663489,43.074857,26.691900,32.907067,38.142439,31.342081,40.497164,27.312659,36.932855,39.143480,25.168307,40.107325,0.000000,41.962734,43.649295,26.153373,25.334557,29.741938,32.707418,26.373241,35.899918,49.353217,26.601461,42.763960,43.558177,26.936332,42.373313,42.944434,32.947158,36.088294,49.318167,46.538106,34.150698,35.409395,35.628367,33.691725,42.454621,46.284387,39.993679,44.146609,32.034353,41.668461,42.825410,35.617436,32.629184,34.612873,35.398841,35.168655,40.457788,36.507319,36.124147,34.355414,40.458930,36.484761,33.981094,43.983380,36.616009,34.642496,33.862973,35.947844,36.297232,37.203032,35.128064,34.390993,37.458710,39.953374,38.257138,36.718184,41.066139,37.399681,40.865902,34.500573,35.514305,38.609998,41.653769,39.231841,39.308424,37.733913,39.828442,39.938037
Trường Tiểu học Tam Hiệp,49.934060,53.575460,47.670189,48.829670,51.492585,47.402164,52.503360,52.462305,47.895366,48.979277,49.201943,49.859084,47.979922,48.072764,49.417198,27.336224,51.468233,48.681859,42.349894,48.988824,52.335829,50.061014,24.416355,49.487439,26.903515,47.501448,25.902558,50.108748,51.527401,47.934288,23.572211,43.322344,44.038529,30.326889,44.686671,50.518053,29.508899,22.386967,30.553696,47.411536,51.928260,26.695218,27.394239,49.606755,38.322265,46.116227,23.990598,46.057817,40.467721,26.677443,51.738244,49.380912,36.291726,31.460215,50.046359,46.847444,30.989727,41.886145,47.984281,0.000000,52.539657,42.842661,51.725431,32.823469,48.986396,32.906891,48.048042,42.984917,43.696449,37.306072,44.434831,34.722775,49.669883,51.009337,50.428778,48.458987,44.233302,25.646060,40.872471,36.877553,52.534696,51.454160,53.243051,40.001535,34.459899,51.786322,50.845361,34.799318,46.768739,42.291476,40.050781,51.608647,50.576005,41.163143,34.874720,45.596369,45.313022,50.046145,47.424658,51.750023,40.558433,46.946987,40.562818,40.377877,42.081257,41.060353,41.424857,51.749900,45.959209,39.082771,50.795571,43.669268,44.703161,42.632721,44.259875,46.616003,43.239702,40.155992,41.051079,50.946644,45.848763,41.553554,42.990287,40.612820,43.484958,40.999667
WinMart+,45.151940,48.232633,43.097378,43.802228,50.053534,44.599044,52.095491,48.522151,44.589970,47.388342,45.981290,49.037694,46.619710,39.116607,46.540723,45.486008,48.370488,46.875841,39.221954,48.308262,50.938619,50.762087,45.011019,48.289782,46.558961,45.207663,46.667769,36.769582,48.636827,45.953405,44.199255,48.534996,40.795000,42.320020,39.505560,44.908292,44.146150,43.749771,45.672583,45.059906,44.672949,50.086213,44.092544,30.461107,44.788550,43.558012,49.990010,43.940982,41.708070,41.492381,46.143648,42.259308,43.457909,43.628865,42.393689,24.687652,43.971019,45.687925,39.018981,45.023310,0.000000,42.744255,47.515172,44.581889,43.826183,42.107864,46.335145,54.177188,40.790793,45.935674,42.037187,46.348744,36.637529,35.365710,45.196673,43.395956,53.788931,49.672446,44.320658,43.966434,49.205570,47.814769,48.830489,49.939889,42.922929,42.803522,46.955027,46.413418,30.868662,47.676056,44.356299,48.071473,47.122248,46.581057,43.836496,45.052520,44.821050,46.427460,32.350593,48.413166,44.553928,42.536744,44.161026,44.129429,44.953321,45.357599,45.580023,48.504875,40.968333,41.451961,47.512623,47.565403,46.391657,45.151713,49.030919,44.174828,48.704806,43.204879,43.029640,47.808689,40.326083,47.179992,37.375877,45.937091,38.100412,46.698191
Delícia Coffee & Lounge,34.741136,34.886657,34.616498,36.359086,36.817181,34.440619,32.487803,38.377863,35.429530,33.842453,36.441575,34.850240,36.456543,35.981160,37.006254,30.856422,39.006720,28.931892,24.087536,32.374025,39.012678,40.409725,35.083979,37.751756,26.566420,25.047249,31.082370,39.211049,40.125620,26.674251,30.835941,38.126580,39.371987,23.671480,40.165005,38.408920,26.260896,31.961580,23.047697,37.656653,40.289858,40.249459,28.567006,39.176864,37.368416,36.031335,40.788259,40.955400,22.009987,30.470022,40.031159,38.433116,36.208911,25.302244,39.233495,38.311835,30.933433,35.545421,32.547570,41.481417,41.939520,0.000000,35.628511,28.474490,39.530701,29.779708,38.289984,45.827478,30.530632,38.297616,40.201447,34.163081,44.914452,41.328811,39.634994,39.310366,46.102351,38.844746,31.682862,21.968447,39.725787,34.324054,42.307130,42.587790,38.668726,43.923115,37.470042,40.575749,40.595903,35.545923,31.764001,34.854473,38.934815,34.390729,39.184573,33.982107,25.494531,38.222425,42.121718,40.289148,32.409930,44.870168,25.094331,31.811104,36.551750,32.744060,33.889904,39.928303,40.178135,32.880207,38.503600,33.691930,36.239169,34.286453,41.274860,41.199858,38.936949,33.774767,33.413626,35.668747,42.822648,35.850412,40.314730,34.847242,40.826333,35.619030
UBND phường Khương Thượng,45.492002,48.028251,43.811699,45.552537,47.659797,41.074301,44.281245,49.347395,43.946602,43.086649,42.105533,48.537138,41.635470,43.540370,45.296079,41.333313,48.577008,40.595825,34.266509,47.974117,45.613325,50.036390,45.188193,47.202047,40.944268,37.075119,43.135384,45.739119,48.798136,43.694479,41.454440,48.189231,45.541986,40.197516,45.140148,43.249435,39.072687,44.271157,37.141068,46.200355,46.177348,49.593646,41.317880,43.853914,44.981956,39.196061,49.535397,46.639215,39.171126,37.149348,39.486614,38.858477,43.796733,39.185140,41.920979,42.630419,38.082734,43.500495,31.921766,45.406060,47.914024,38.704025,0.000000,41.264693,41.501375,38.527800,38.800041,53.292284,37.215175,45.980572,46.467675,38.481284,45.820633,46.827238,41.758797,41.282297,53.072875,49.458252,36.648603,37.791523,45.257044,39.747403,46.661371,49.503816,42.237297,47.877474,36.229425,44.267404,45.822163,41.609436,34.784951,41.536682,40.403617,39.754427,42.804885,39.821991,39.255908,38.499890,43.635278,43.955622,36.761830,47.443467,39.251139,37.327891,36.965344,39.450482,39.941745,44.718103,38.081585,35.866588,43.103200,44.830641,42.382194,39.982020,47.679750,39.954526,47.055733,36.712296,37.450947,44.253033,43.187231,43.842172,40.635894,41.348168,41.147675,43.805412
WinMart+,46.615479,38.018396,37.707113,38.954214,48.704005,41.986534,35.536094,41.794235,37.114778,38.080614,43.713791,38.640369,35.239554,44.867954,46.754174,35.246793,42.073302,37.207154,30.788270,36.855355,47.324120,42.894043,38.029255,48.877159,40.401852,32.730471,36.605543,41.882934,49.653498,46.067301,35.107926,40.576494,41.702383,38.123713,41.232199,45.198444,29.179954,35.443882,36.943600,39.637072,47.730630,42.647641,33.188291,41.720649,39.459860,42.079663,42.998747,42.773518,34.717843,34.403913,47.334591,39.773181,38.300390,30.380014,45.225091,40.249795,36.301228,40.078408,36.063747,39.293915,44.944027,29.600067,43.048794,0.000000,41.587739,33.966106,42.958036,47.527802,29.123965,40.209712,41.755082,42.883166,43.309946,43.966476,41.732032,41.450978,47.647787,35.277547,21.579996,30.208986,43.263955,40.486173,50.144609,44.226649,39.897864,45.067032,38.846833,41.833385,46.494243,36.064166,31.414257,41.438205,40.895303,34.117439,40.439183,37.121342,25.196711,39.696608,41.404883,37.959873,33.566363,44.844695,29.269987,34.569012,33.525171,36.377207,33.149286,42.898879,39.102996,34.300542,36.556755,36.033498,39.495096,37.344960,39.117143,38.034384,34.372746,30.596685,35.656065,40.601319,42.097405,35.271003,39.734529,34.922796,40.246139,37.443637
Siêu thị B11 Kim Liên,39.182932,41.669264,38.013580,39.465009,40.069238,37.562599,39.068899,42.959933,36.104513,41.561591,32.712453,43.501961,37.721375,36.217095,35.622768,40.428985,43.055346,35.999272,31.074673,43.362521,33.605117,45.705101,40.533765,41.252248,40.655043,33.121563,41.827322,42.755543,42.094192,37.470751,40.168134,43.880684,40.756632,32.564424,40.209557,32.519671,40.073116,39.810618,33.998956,42.368563,35.660028,45.308123,40.079564,42.522715,41.090239,32.436920,45.475590,42.209902,31.800960,38.062826,27.745794,24.542540,39.938973,40.043421,35.521920,38.004864,39.323731,39.071009,27.844309,41.497907,42.647126,39.427527,35.820135,41.573633,0.000000,39.635722,31.808965,49.566697,38.181357,42.409685,42.896624,39.996188,41.489888,41.975671,29.088671,26.853819,49.522202,46.458154,38.154324,38.737834,36.587367,41.225983,40.656653,46.219246,39.323557,43.330739,37.248080,40.990655,42.291106,41.816856,37.181219,42.054793,28.584952,40.743161,39.745617,40.202723,39.793433,35.615874,39.506446,36.864043,38.235627,43.209513,39.661731,38.402084,37.780223,40.036999,39.805290,43.568960,30.038556,36.751800,41.920883,43.426203,42.152443,40.343798,45.469065,40.162012,45.069848,40.981799,38.270509,42.949111,42.705252,42.813513,40.104310,40.967179,40.641284,42.904006
WinMart+,46.345076,49.035527,44.554834,46.389577,48.812129,35.744361,44.973387,50.423725,44.894245,36.165752,43.053219,36.655486,31.862495,44.369302,46.507632,33.162700,49.465147,41.645716,28.129117,35.102048,46.979333,40.543746,36.506313,48.891443,35.468388,29.669144,34.714137,46.457128,49.754377,45.359117,33.906318,48.907311,46.157571,34.448176,45.764250,44.538491,29.040428,34.306572,32.039240,46.773203,47.449836,40.411389,32.309024,44.503519,38.067572,40.579272,40.822241,47.246201,32.129662,33.335142,47.106267,39.559022,37.095488,31.504030,44.653364,43.151861,29.727564,44.021947,33.091656,38.043404,48.666064,29.307963,41.461310,38.286669,41.075295,0.000000,42.444446,44.811700,28.867491,38.784625,46.955236,40.029129,46.385008,47.494081,41.264530,39.098151,45.131671,34.437919,24.503992,33.379703,40.112300,38.083888,50.407355,42.282688,38.960183,48.527218,35.410629,40.726734,46.318172,30.661274,27.461453,39.468067,38.424188,30.240623,39.417068,34.971195,34.387569,37.169182,44.122841,38.692206,30.319563,48.042138,35.469628,32.052540,30.238453,33.757634,30.290451,41.767084,37.220461,32.906108,40.050140,34.011073,37.430152,35.239649,37.151584,36.679349,32.022128,28.591306,33.969886,39.526736,43.419283,33.330482,40.816612,38.319668,41.336940,35.973983
Cà Phê Big One,41.221264,44.021370,39.740155,41.396706,42.795255,39.864437,40.618844,45.444428,38.505769,43.669219,35.120435,45.243552,41.125157,33.313519,38.697369,42.238751,45.072083,41.654848,35.522368,44.927927,36.903033,47.297125,41.970614,40.464823,42.762264,40.583271,43.678042,38.526815,40.310814,38.217840,41.735480,45.364942,39.379837,39.336969,38.773191,36.766037,41.573397,41.260544,41.894686,43.606413,28.282446,46.898164,41.566277,38.519375,42.293841,35.262936,46.984858,41.006816,38.557631,39.283960,32.610426,31.109809,41.082808,42.002897,22.075040,36.261813,41.625785,37.772386,31.401919,42.864346,45.627457,41.248293,41.879797,43.399334,32.266383,42.225293,0.000000,51.279759,40.481778,43.557323,47.527655,42.512277,39.939429,40.203406,32.721785,33.491090,51.181117,47.624660,40.627009,40.762729,37.962472,43.699230,40.101088,47.413703,38.533700,41.714623,38.141495,40.402919,41.255513,43.999753,40.112674,44.237820,35.829905,42.946560,39.016243,42.155776,41.849259,37.109832,43.363382,37.848000,40.884504,48.358472,41.506015,40.843243,41.245649,42.206331,42.458393,45.269570,31.475563,38.709561,44.419239,45.181720,43.744510,42.245544,43.905708,41.782921,43.659570,40.076285,40.124349,41.993571,42.310087,42.069109,39.639040,40.650202,40.210609,42.329167
Trường Mầm non Đại Thanh,51.041976,57.458026,47.747711,49.308883,53.274369,47.403877,55.159536,54.523048,48.042011,49.741205,49.826308,51.158167,48.177628,48.270151,50.093962,46.920679,52.826208,49.058486,41.121619,49.681604,54.146122,52.469507,44.590562,50.059868,44.569908,47.528252,48.420766,50.861086,52.739770,48.071868,41.244204,40.190314,43.126091,46.851624,43.970610,51.474450,48.448402,43.179078,44.538563,47.395360,53.269186,27.037161,44.926597,50.188101,33.046957,45.818389,32.389216,45.632034,46.477846,31.696012,53.026878,49.885319,29.163529,45.535353,50.755848,46.719811,43.092703,40.640045,48.087474,44.529714,53.897864,45.412082,52.869210,46.564477,49.337178,44.962631,48.202715,0.000000,48.120356,30.963538,43.718204,50.589478,50.139877,51.855007,51.197211,48.681323,39.794966,36.835026,40.659455,39.958794,53.717485,52.358461,54.821368,34.786188,31.686080,52.785584,51.605981,31.075324,46.640925,51.916865,48.245824,52.546841,51.207696,50.719503,32.032685,47.897114,47.635875,50.566808,47.416341,52.679523,43.433769,46.844723,43.638224,43.291754,48.986690,44.085604,44.402216,52.670130,45.677790,42.333571,51.435430,43.432514,47.324453,44.910704,52.587546,49.406991,52.222578,42.594797,43.628451,51.587648,45.703766,50.663670,42.648889,49.376698,43.186258,43.412179
siêu thị 24h ninja mark,38.240938,38.999187,37.734209,44.700398,46.052531,38.807822,36.597217,47.399908,43.437298,39.228392,42.124990,39.515939,40.068641,43.191798,44.266897,36.755049,46.984055,41.109754,27.335644,38.107573,44.395312,43.079992,38.820546,45.233888,30.325739,28.261951,38.287157,44.947265,47.060346,43.073931,36.645332,41.020330,46.295319,28.528762,46.823951,42.876195,35.508445,36.679729,28.064085,40.089828,44.848250,42.862038,34.989157,43.497137,39.955186,40.384157,43.153421,48.305840,29.586635,35.819623,44.633349,40.277004,38.880630,30.472008,43.194644,42.554999,37.316153,41.845556,36.216477,42.165559,46.635420,33.226199,40.788562,40.097018,41.742031,37.576909,39.963043,47.270374,0.000000,40.604182,46.486961,40.081755,45.139715,45.873185,41.871810,41.642829,47.445344,40.063588,32.246217,30.760450,43.066072,39.100627,44.717958,44.247334,43.613717,46.735527,39.883043,45.916111,45.217888,38.214707,32.199988,39.784976,41.241890,35.992915,44.266463,35.750779,23.219517,40.311455,47.283292,43.292529,33.290475,50.306225,29.442352,32.548158,38.934365,34.050871,35.650261,43.359523,42.301334,32.864719,41.510742,35.074130,39.081203,35.949341,45.048526,37.486116,42.390927,34.889651,34.159175,37.215901,45.589584,37.777974,42.824624,36.119386,43.310795,37.227835
Trường Mầm non Tứ Hiệp (điểm Cổ Điển B),40.231473,41.806385,33.997374,40.935713,42.284607,38.757639,37.870274,43.725721,40.500513,38.979572,41.081090,39.118569,39.965723,40.551894,41.527435,38.106700,43.724964,41.437031,36.245587,39.470651,44.103126,32.622649,36.569643,42.644637,37.989902,40.763480,39.647168,43.507301,44.452219,41.336783,34.827548,30.415825,34.779785,39.599782,35.703386,43.161821,40.132732,36.061598,38.605436,35.951854,44.895929,32.393012,38.160968,43.314189,25.484961,40.188210,33.802283,35.806978,40.118957,32.366251,44.598434,42.964619,18.942223,39.539397,43.568472,41.656855,38.112014,33.868862,42.899621,37.163421,46.190169,39.517873,45.119123,40.516742,43.173930,39.637699,41.950869,30.922448,41.254222,0.000000,36.129247,44.681692,44.563641,45.339124,44.089139,42.846599,25.519968,34.262029,36.412405,38.853669,46.593646,45.638719,46.558675,22.117870,28.404297,46.323041,44.994573,26.550085,42.035271,45.651174,43.298226,45.819853,45.299561,44.899455,28.484332,39.455594,36.155364,44.776383,42.635359,46.141712,39.024505,39.582817,40.312884,38.825055,43.700590,39.397452,39.748003,46.232587,41.054946,39.337074,45.639773,39.196875,43.197467,39.599329,46.898259,44.405337,46.667387,38.767697,40.757829,45.930913,42.383832,45.575548,39.997554,44.623909,40.508386,39.558147
WinMart+,50.210920,54.067057,43.797506,40.586007,51.693113,47.461262,53.279024,41.970428,47.899672,49.158046,49.290778,53.073330,47.988798,38.363126,49.423938,49.921510,41.496258,48.680074,42.459575,51.593908,52.551706,49.618482,46.745663,49.414439,46.183877,47.501838,50.221527,40.788157,43.446376,47.910366,43.522808,49.098151,37.338742,48.222169,39.321767,50.564066,49.783275,44.902736,45.970426,43.890002,52.054946,52.558454,46.909881,38.260937,44.536727,46.039160,52.241232,41.332958,47.947126,46.013285,51.737300,49.425536,42.978241,46.957641,50.240755,32.653555,44.527996,42.621710,47.924767,45.923041,41.308300,46.729167,51.622365,47.735176,49.042449,45.990208,47.448137,57.293339,49.042452,44.941584,0.000000,46.562150,41.606082,38.672801,50.411790,48.379040,56.540045,51.033205,46.398915,44.516443,52.382616,51.297004,53.159816,51.640203,37.666810,37.892123,50.657224,42.015486,31.865827,50.964005,45.158694,51.424281,50.461674,49.938339,38.635651,45.885009,44.095449,49.912685,33.907245,51.542666,45.547945,38.884569,41.732481,45.432904,46.631949,46.249740,46.497213,51.537420,45.992523,42.328933,50.535623,45.382509,47.164810,45.977244,50.527552,46.346879,49.865052,46.160289,43.813282,50.671986,39.770332,47.907491,37.057650,46.531195,37.764384,46.838462
Không có tên,45.171630,48.311116,43.212644,45.252696,47.910832,39.641179,43.811317,49.981159,43.169960,42.246373,40.774420,48.844237,40.151218,42.789114,44.749944,40.266662,48.926157,38.496826,31.927413,48.153236,45.092218,50.574377,44.906763,47.354713,42.632401,34.617131,42.483151,45.534270,49.223747,41.901975,40.613026,48.394168,45.337074,33.679184,44.866893,41.815176,40.445265,43.886237,35.544767,46.097900,45.920628,50.036745,40.455169,43.341809,44.717739,35.235726,49.944343,46.596149,39.819532,38.189841,45.483438,36.007306,43.395862,39.935698,42.654734,42.050032,39.131868,43.048224,23.044770,45.208410,48.084315,39.351857,33.526025,41.716161,37.856112,39.646250,40.412048,54.288840,38.124985,45.861374,46.416882,0.000000,45.667235,46.810483,38.156453,41.827690,53.971213,49.747416,37.868355,38.601517,44.521831,41.077341,49.884710,49.827855,41.844206,48.014322,38.822048,44.018498,45.694233,42.128716,36.602745,42.186742,41.196419,40.666081,42.445607,40.366343,39.904077,39.770660,43.234156,43.787154,38.049217,47.511901,39.789530,38.343427,38.331901,40.159627,40.566569,44.328047,39.063052,36.633546,43.164975,44.585449,42.536993,40.512989,46.812709,40.339124,46.342356,37.660515,38.150099,44.072533,42.982386,43.772536,40.337293,41.671437,40.883238,43.747832
Quan an Nam Nhu 1,54.708527,59.901295,48.304347,40.117977,44.106103,51.238483,60.345818,41.949766,41.450184,53.705291,41.763953,59.253964,42.470718,37.309922,42.584904,54.111396,41.277752,42.787294,37.854815,56.816520,45.320098,54.839689,51.197946,44.018611,49.487728,41.887920,54.404535,35.497883,40.766775,42.485634,47.102973,53.844526,44.693393,51.695289,46.286052,41.600072,53.743815,48.676584,48.857632,48.197877,41.299328,57.387816,50.235430,32.859786,47.985988,41.018163,56.666675,51.874502,51.019131,48.846959,42.588023,40.032264,46.307159,49.852985,39.991774,24.637658,46.978190,36.018280,37.723504,49.119874,36.093818,49.526097,43.811661,50.514465,41.398776,48.385159,40.038719,61.780457,52.076486,48.111653,37.272206,43.549332,0.000000,29.324563,42.238848,41.149493,60.573562,53.786923,48.621396,46.610836,45.456087,44.459194,44.744925,54.955213,38.798498,24.632708,43.786710,42.174705,25.098946,44.527566,47.124920,44.662230,44.176684,43.773949,39.602328,47.853886,46.065963,43.631655,26.345265,45.028729,47.554563,34.507693,43.415534,47.476361,42.576492,48.386152,48.575031,45.141995,39.435545,43.842347,44.570168,47.256733,49.188807,47.915040,45.907418,47.952071,51.872678,47.927324,45.390470,44.887921,38.621195,49.802235,36.120184,48.248550,36.741587,48.555440
WinMart+,43.448078,45.939975,41.604591,41.856258,46.957621,42.969792,59.627840,44.901121,42.998720,45.397556,43.795062,58.825931,44.503493,38.185770,44.533718,43.905451,44.329591,44.800960,38.531548,56.934386,48.073549,55.357347,52.311347,46.139685,44.901796,43.525683,54.806663,36.040911,43.987902,44.202958,48.600539,54.515904,39.462686,52.512310,38.381976,43.297929,54.302836,50.003440,44.120302,49.804203,43.025964,57.377976,51.234804,31.980377,49.418811,42.272696,56.799263,53.497384,40.757192,49.946355,44.420270,41.183893,47.942703,42.447157,41.231574,19.018207,42.751667,43.311939,38.326005,50.253079,37.628381,50.539096,45.733511,43.337164,42.654442,41.122638,41.320719,61.037533,52.761213,49.458545,39.094433,45.010594,29.536927,0.000000,43.774873,42.310521,60.079885,54.294366,43.300768,47.748820,47.416788,46.214658,46.868924,55.370740,41.380842,33.989100,45.437832,44.976528,19.094508,46.175755,43.289266,46.442241,45.708858,45.241397,42.293221,43.979999,43.775018,45.086148,26.545708,46.794832,43.474987,37.032158,43.229092,43.122061,43.803187,44.220231,44.439778,46.892051,40.234600,45.002623,46.100847,46.278867,45.208639,44.080421,47.544703,43.263672,47.263536,42.310853,42.203454,46.406880,39.283786,45.926798,36.601322,44.812728,37.243344,45.558916
Taste Tea,42.171129,45.076852,40.527678,42.363239,44.017582,40.681023,41.382339,46.651239,39.443876,44.602481,35.857012,46.319644,42.152171,38.907967,39.908972,43.030932,46.179261,37.364965,36.010872,45.875248,38.198576,48.347515,42.715071,42.580290,43.522959,41.478205,44.385397,45.253390,45.343921,39.313129,42.266663,46.260235,42.759852,33.548020,42.238399,38.473252,42.176421,41.846273,35.141829,44.279720,33.863750,47.893285,42.158313,44.861542,42.917322,34.631101,47.920352,44.171837,32.736945,39.777547,33.963913,26.835683,41.638967,40.746899,32.908734,39.704837,40.156541,40.771286,29.559778,43.384466,45.105028,40.086193,38.267965,42.355954,29.689994,40.588503,29.410241,52.269211,38.931984,44.179272,44.487357,41.028138,43.346009,44.138708,0.000000,31.476656,52.035578,48.302354,39.002968,39.454364,39.160708,42.426128,39.616932,48.186397,40.400800,45.461130,39.091228,42.334247,42.159779,42.806476,38.113048,43.162091,34.324786,41.695172,40.950144,40.902209,40.510705,37.502994,44.078397,38.441678,39.156213,45.171068,40.286695,39.210425,38.783437,40.825185,40.602389,44.435778,27.949235,37.353976,42.758140,44.029387,42.802360,41.041217,46.070321,40.721633,45.669409,41.613255,38.905533,43.715366,42.661891,43.468536,40.018137,41.677590,40.572096,43.465037
WinMart+,41.523594,43.819810,40.220449,41.714779,42.787200,36.913519,40.972379,45.030479,39.232725,39.276206,37.094819,45.107367,36.972796,39.470999,39.519192,37.950918,44.883015,35.255695,30.803865,44.833412,39.249046,46.955466,42.159593,39.713710,40.016823,32.712219,39.900779,42.504289,44.831697,36.185874,38.596869,45.226524,42.724813,40.419910,42.254549,37.154063,38.490509,41.420337,33.576783,43.629939,34.238359,46.603767,38.523469,40.712317,42.429671,31.738024,46.699029,43.983000,39.716886,36.764787,29.991332,28.609807,41.304970,39.807249,33.761329,39.985495,39.063374,40.932416,34.738734,42.830569,44.753980,39.291717,34.409835,41.390745,32.599280,39.374013,31.138186,50.460755,38.001209,43.580530,44.306828,39.480992,43.242288,43.932552,27.061592,0.000000,50.364894,47.357016,37.909680,38.577218,34.294835,40.578176,37.636348,47.143663,40.536062,45.118243,36.123295,42.316366,41.296245,41.562501,36.780520,41.469998,26.233841,40.291057,41.051134,40.063504,39.645284,31.381436,41.234476,34.092509,37.990616,44.879145,39.556336,38.208825,37.883006,39.865083,39.955953,42.947625,29.953541,36.631520,42.153478,43.653784,42.062751,40.216053,43.860227,40.084684,43.537842,37.356613,38.155060,41.246582,42.216205,41.442936,39.768816,39.683452,40.297143,41.815518
WinMart+,52.466089,59.154287,48.987779,50.420804,54.586195,48.677244,56.650010,55.716146,49.077102,51.282496,50.955349,52.827293,49.314893,49.377247,51.191874,48.263036,53.835890,50.042624,42.049615,51.137891,55.224256,55.190205,46.023033,50.958223,45.614004,48.453669,49.673254,51.763254,53.638520,48.963116,42.505837,39.172599,44.122544,47.895962,44.915671,52.442042,49.586454,44.445849,45.464193,48.622293,54.169257,46.722390,45.979734,51.048261,31.731476,46.625140,46.937173,46.712915,47.413664,39.202823,53.925787,50.734717,27.430146,46.436590,51.614727,47.445537,43.917114,41.510925,48.740981,44.402905,54.696864,46.287332,53.713985,47.414139,50.102072,45.775632,49.035017,38.655311,49.051446,26.267725,44.596998,51.275601,50.814951,52.606417,52.004221,49.403340,0.000000,38.180905,41.424851,40.254782,54.406807,53.053735,55.656376,28.749735,29.994492,53.494173,52.324836,28.521610,47.298684,52.569789,48.858055,53.282316,51.853028,51.362159,30.264161,47.647700,47.412076,51.212380,48.074287,53.381331,44.096203,47.588077,43.692521,44.001970,49.643270,44.813958,45.114423,53.354951,46.342701,42.467568,52.085700,44.100647,47.101353,44.677231,53.187280,48.973093,52.812755,43.212196,43.652700,52.175432,46.028405,51.218166,42.940254,49.903821,43.468702,44.004687
Trường Cao đẳng Hà Nội,46.186218,48.452161,44.676561,45.845904,47.612613,44.295243,48.110224,48.614862,45.147443,45.211083,46.059577,45.782255,44.990851,45.241948,46.281894,43.913209,48.195214,45.895602,40.560292,45.423006,48.786533,44.711165,25.412182,46.728723,29.350714,45.066383,29.271558,47.378530,48.491150,45.492084,27.447873,39.568537,41.965934,30.499880,42.596669,47.503268,29.727305,24.187824,30.709736,44.492745,48.905692,27.176145,29.045441,47.029088,35.789698,44.084385,26.076216,43.574193,37.421947,29.342471,48.649786,46.861976,33.947606,37.137075,47.399833,44.903242,31.154022,40.233015,37.555391,25.531550,49.679142,39.454600,48.815964,38.183302,46.698019,37.561318,45.694417,36.750732,40.520373,34.824043,42.489512,38.984609,47.510952,48.499874,47.835376,46.331474,39.125884,0.000000,38.473591,33.770248,49.828073,48.918184,50.140207,36.928750,33.436483,49.292918,48.326679,33.381160,44.984487,39.967264,37.847969,49.046511,48.388992,38.960816,33.773378,43.090689,42.788410,47.905773,45.571292,49.246459,38.242502,44.965333,37.269262,38.010014,39.961732,38.638932,39.068695,41.636960,44.222924,35.657523,40.918571,41.401372,41.839135,40.221418,42.329348,43.491493,41.168684,38.126137,38.433296,39.116802,44.905303,39.484091,42.270216,38.692154,42.755842,39.060738
TK mark,42.191154,43.872817,41.151354,42.338497,43.137795,34.212195,31.333492,44.744614,40.598173,31.720846,39.116448,32.544226,29.050421,40.674877,40.983929,29.590920,44.715188,37.702576,26.374236,30.879234,40.974145,36.721227,33.102986,41.417592,29.844653,27.455455,29.829991,42.880051,44.663667,38.950932,29.937102,35.377371,43.023717,27.359751,42.647322,39.312494,24.876508,30.830910,26.748559,35.479271,41.695545,36.723550,28.518184,41.446381,35.191632,36.195022,37.279225,37.890021,25.115415,29.802793,41.375629,36.758626,34.373825,21.333015,40.221805,40.745156,26.656733,41.521345,31.393829,35.143839,44.651630,25.005163,35.704941,20.637872,38.163397,30.341100,37.023791,40.883062,22.438015,35.992692,37.743077,33.441043,43.429924,44.009234,38.313839,37.732955,41.366542,31.842489,0.000000,31.705061,37.870731,33.822696,41.659535,39.206597,37.002920,44.955843,34.646400,38.389172,43.694540,29.222024,24.397947,34.599519,37.170356,29.203641,37.373409,33.006680,32.406190,36.211045,41.737765,34.545681,27.671595,44.767843,33.939852,29.867739,29.312531,31.428389,27.899225,31.870076,36.481628,31.724121,32.871285,32.198117,35.466176,33.352151,35.875037,35.345896,31.965290,26.921545,32.673682,30.013544,42.224352,29.704162,39.964708,29.900498,40.450358,34.565932
Hội đồng nhân dân - Ủy ban nhân dân phườ,36.325629,36.686066,36.038616,37.516942,38.033750,36.443376,34.492689,39.339326,36.795650,36.377546,37.595414,37.025626,37.974548,37.149920,39.993538,33.863952,39.829340,28.798828,24.548091,35.258246,39.963873,41.314230,36.782669,40.154441,26.773299,25.408626,34.720781,39.927757,40.760208,38.502966,33.761017,39.278743,40.114284,24.440072,40.796279,38.796759,31.524847,34.281745,23.936590,38.629623,40.519263,41.135934,31.983640,39.876958,38.419011,36.670652,41.555232,41.569188,23.648198,33.233624,40.282013,37.015621,37.353779,25.864841,39.523028,38.970498,30.429077,36.511330,33.528016,40.642710,42.356990,26.809649,36.370970,28.328505,38.002273,29.424865,37.137471,45.848679,29.489386,39.185932,40.799845,35.194509,45.027365,41.782623,38.113049,37.705547,46.080574,38.396233,29.779191,0.000000,37.746866,35.212931,40.542158,42.997185,39.231505,44.129269,35.729547,41.030405,41.041205,33.395347,30.201871,35.664467,37.319083,32.684063,39.729803,29.258427,24.995306,36.675069,42.464711,35.534132,30.276841,44.991319,24.272513,29.656775,34.302696,31.107516,31.478807,37.528041,38.403150,25.460930,36.144876,31.648448,29.726083,32.861717,38.815951,27.527687,36.445716,32.044762,28.862536,33.877581,42.968540,33.787684,40.538150,33.105231,41.040888,33.821553
Trung tâm Công nghệ Phần mềm Thủy lợi,44.380491,47.160439,42.637595,44.481773,46.601305,39.732031,43.245309,48.636329,42.416306,42.107288,40.208542,47.885288,40.207699,42.163545,43.597448,40.297539,47.899046,38.732691,32.463364,47.330960,43.758336,49.598496,44.324022,45.372009,42.517946,35.118341,42.333471,44.865887,48.093823,41.728453,40.593882,47.606070,44.771036,34.102771,44.317938,37.000274,40.467372,43.413437,35.942993,45.548984,44.629142,49.137483,40.477255,42.844406,44.246171,36.086765,49.096281,45.995828,33.176653,38.306859,35.813768,34.460351,43.001726,41.844934,40.304912,41.699080,41.314153,42.654607,29.930727,44.723176,47.262055,40.919567,41.255946,43.778635,38.519519,42.080432,36.340470,53.200310,39.863455,45.363907,45.936647,42.505980,45.136781,46.142981,39.066743,30.099135,52.925763,49.129374,39.990634,40.279894,0.000000,44.512019,44.519349,49.133224,41.628008,47.312347,39.201287,43.697512,43.276564,44.829673,39.169455,45.326771,38.249065,43.168083,42.203555,42.017635,41.602156,37.318294,42.856867,38.482564,40.298038,46.886786,41.191836,40.249389,40.708979,42.047387,42.422187,46.714338,36.772505,37.935247,45.221498,45.991524,44.088221,42.138188,46.667401,41.560475,46.222570,39.346669,39.571727,44.155084,42.808320,43.839325,40.240828,41.880418,40.769327,43.784233
WinMart+,44.081756,46.517446,42.526721,44.174696,45.924960,39.450346,43.091527,47.797863,42.288540,41.576845,40.345103,47.304707,39.817335,42.086483,43.253278,36.219684,47.276236,38.536479,30.175458,37.215828,43.382841,48.932308,44.101764,44.602883,39.169265,35.374146,37.056850,44.575265,47.402659,40.806810,36.036919,47.127578,44.523061,38.017816,44.104124,40.975604,37.293924,36.196134,33.750199,45.275400,44.159482,48.522676,34.778684,42.724495,44.057941,36.342499,48.515594,45.679648,36.573390,35.473482,43.824266,37.105618,42.898879,35.913139,41.815359,41.681603,33.633107,42.577365,28.564981,44.488687,46.783629,36.328090,35.706775,37.881404,39.184884,32.696436,37.505592,52.299291,34.091371,45.115703,45.688429,30.532919,44.888511,45.792267,39.433164,38.683741,52.090822,40.373073,32.283914,35.014001,39.729176,0.000000,43.994939,48.645856,41.618786,46.884690,33.802758,43.565384,45.017362,34.743705,28.038651,33.782563,37.872898,18.713222,42.168623,37.245640,36.490134,36.395918,42.770580,33.899401,31.843780,46.518642,37.198095,33.669185,31.745298,36.137006,31.538888,27.371215,36.686196,33.834382,36.394198,35.775989,40.495250,37.491407,39.922209,38.334387,33.491271,29.007724,35.295164,31.633155,42.772813,34.808366,40.265127,34.404358,40.785084,37.607684
Không có tên,45.669923,49.235269,43.466044,45.762556,48.998734,44.133669,44.090965,51.186734,43.534812,48.246084,39.757590,49.644496,46.297794,42.164178,45.531852,46.064257,49.802702,46.572672,38.285751,48.808528,44.305445,51.434731,45.246728,46.814620,46.417039,44.752164,47.386003,48.161721,49.178497,41.106658,44.677908,49.024043,45.079232,41.968582,44.574903,47.136696,44.563102,44.122663,45.414058,46.463236,38.784715,50.819752,44.513347,47.583000,44.989669,37.674772,50.667608,46.423492,41.106724,41.644345,43.936482,37.533365,43.574439,44.926791,39.836186,41.648498,44.762860,42.706496,32.816038,45.503893,47.971372,43.625649,48.439568,46.851805,35.925504,45.772794,32.820902,55.343037,42.922160,46.184418,46.270563,46.449095,45.453652,46.630618,28.750373,36.645568,54.905466,50.240088,43.482190,43.191064,41.455866,48.677019,0.000000,50.406335,41.594907,47.911066,41.003410,43.819153,43.388578,48.389089,43.259061,49.185043,38.753643,46.780594,42.204711,44.831457,44.497640,39.708950,42.926317,40.298611,43.917128,47.391794,43.723717,43.513446,44.497025,45.151650,45.453155,49.779275,33.410529,40.411155,48.201781,48.203169,46.620517,44.921624,50.327966,43.818724,49.853807,42.391072,42.142248,48.557403,43.219834,47.659882,40.464452,45.867388,41.018573,47.018547
Cafe Dinh,46.041655,49.091757,44.261784,45.654775,47.857516,43.767427,48.687346,49.064756,44.818047,44.872322,45.894630,45.684104,44.626374,45.090899,46.181995,43.281126,48.434258,45.694374,39.733889,45.259043,49.174970,44.182134,41.716936,46.675054,42.073437,44.714201,44.569811,47.598180,48.733189,45.212983,39.181588,36.580425,41.289729,43.854206,42.039448,47.578565,44.839471,40.671118,42.310916,44.163733,49.235611,39.962313,42.327951,47.184603,31.025402,43.617536,40.723625,43.046843,44.019718,36.642913,48.918809,46.825538,27.578368,43.271304,47.569957,44.733234,41.393988,39.407499,45.929253,40.386303,50.219442,43.151586,49.081000,44.137871,46.694817,42.865367,45.473088,35.512698,45.116710,21.798397,38.418823,47.830712,47.686689,48.854477,47.910071,46.163516,28.155788,36.755836,39.382675,41.781675,50.169694,49.111704,50.622941,0.000000,26.786209,49.746981,48.454267,23.359727,44.842925,48.922310,46.210931,49.270580,48.474411,47.987301,26.778098,45.420406,38.895189,47.924246,39.532659,49.476225,41.795711,41.878387,41.872721,41.629874,46.604287,42.290126,42.594870,49.524314,43.984680,40.882497,48.669471,41.843460,44.810925,42.311009,49.795589,46.192809,49.510143,41.204341,42.161469,48.874656,40.835101,48.262792,38.644838,47.236252,39.164271,41.947010
Trường Trung học cơ sở Yên Mỹ,45.390321,46.814056,41.392500,39.614094,46.400971,43.998629,45.734775,40.256434,44.677565,44.622371,45.348267,46.154654,44.528857,38.128179,45.518934,45.362530,39.949303,45.267690,41.178767,45.836205,47.400852,44.586236,43.187749,45.928046,43.398856,44.643231,45.460772,39.486224,40.883241,44.981610,41.450012,44.536940,37.444726,44.690808,38.450702,46.501345,45.423040,42.327860,43.495049,41.488655,47.648555,46.663233,43.884583,39.432741,42.156638,43.886793,46.736898,39.110941,44.828161,43.573033,47.395844,46.120906,26.847758,44.239783,46.629251,38.312113,42.725457,31.884948,45.589596,43.263244,43.216479,44.110333,47.586798,44.842953,46.100537,43.768867,41.065638,49.875666,45.480454,26.375194,38.065979,44.386989,43.426875,42.077590,46.860525,45.715127,27.880046,47.231154,44.241836,42.900963,48.490347,47.769504,48.615160,26.482600,0.000000,42.041265,47.290479,20.169640,38.194354,47.698797,43.493658,47.872391,47.418316,47.052234,17.938858,43.938202,42.582675,47.020909,39.590782,48.062030,43.710661,42.730527,40.906304,43.565224,44.635511,44.142318,44.373149,48.102983,44.129327,41.473294,47.559632,43.643865,44.906552,44.072092,47.639418,44.599852,46.992412,44.334537,42.645265,47.764236,41.022338,45.609646,38.592802,44.687394,39.155014,44.908430
WinMart+,56.611210,62.095715,50.392339,43.250422,47.848490,43.913736,62.961936,46.277631,43.919033,55.661497,44.901544,61.628278,45.449045,39.893689,45.419712,55.953302,45.993555,45.689626,39.544029,58.951286,48.796648,57.046930,53.228663,46.876618,51.104096,44.416623,56.224591,39.223174,45.895373,45.035044,48.875736,55.917045,48.134667,53.345476,49.481108,44.263966,55.532113,50.508616,44.851221,50.263446,44.078818,59.398522,51.866347,35.978818,49.726461,43.088956,58.566849,56.180015,52.557289,50.319063,45.259965,42.110321,48.004106,51.334044,42.262131,25.024050,43.450925,41.273680,39.175780,50.724123,42.487724,50.979472,46.420641,51.948499,43.422631,49.690602,42.298206,63.588022,53.570702,49.749965,39.688062,45.563342,36.148472,34.008427,44.540886,43.034330,62.257136,55.182734,49.872713,47.834488,47.937736,46.777741,47.489724,56.526510,41.853515,0.000000,46.041933,45.975193,22.652066,46.705441,43.880798,46.986738,46.248533,45.769929,42.899798,49.015057,47.246544,45.642431,23.049010,47.297568,44.028727,37.167463,44.500570,48.675461,44.363936,49.607770,49.783023,47.386013,40.961557,44.859847,46.586726,46.688528,50.364038,49.070516,47.938197,48.978956,47.656059,49.015631,46.421286,46.869196,39.435634,46.355001,36.600539,45.267129,37.275744,49.623014
Coffee Cây,44.975185,47.407391,43.387414,45.052273,46.968313,40.626480,43.876742,48.671850,43.396173,42.601823,41.580888,48.021564,41.119208,43.076835,44.578459,40.961845,48.025936,40.045318,34.033932,47.510020,44.823780,49.538624,44.802041,46.223643,40.785467,36.713027,42.706058,45.318199,48.203540,42.785417,41.113393,47.751102,45.172121,40.038612,44.770213,42.544603,38.965050,43.924180,37.042648,45.847624,45.438922,49.119566,36.611953,43.484550,44.655967,38.517895,49.078367,46.268530,39.031541,37.094325,35.565384,34.673055,43.505636,39.019391,38.870630,42.339593,37.925354,43.201213,31.492016,45.083491,47.449449,38.588993,38.638494,40.995725,37.204652,38.298207,36.041132,52.780767,37.094325,45.662715,46.167244,38.218106,45.478565,46.425035,37.564058,36.131918,52.561613,49.119893,36.550734,37.684861,35.072182,39.297889,43.718563,49.124533,42.045973,47.466429,0.000000,44.030013,45.522201,41.176780,34.722194,40.964406,34.826306,39.483177,42.595509,39.622724,39.084095,31.071006,43.352342,27.983827,36.645376,47.074946,39.114215,37.200805,30.233438,39.254018,34.468426,34.391460,28.791501,35.827015,35.618998,39.819848,42.123278,39.794338,41.440605,39.807825,41.153669,32.547360,37.369585,37.591037,43.056128,38.765497,40.531578,36.666179,41.042851,39.866515
Trường Mầm non Tứ Hiệp (điểm Đồng Trì),49.022051,51.348047,44.403348,41.988702,50.175557,47.184876,50.237640,43.152819,47.601476,48.300281,48.575441,50.420268,47.643179,40.191496,48.754471,48.927817,42.865398,48.225377,43.142218,49.669737,50.941111,48.249707,46.330275,48.884918,46.295557,47.310011,49.110259,42.270935,44.297079,47.657193,44.290400,47.998789,40.639667,47.826610,41.731601,49.651317,48.894308,45.297902,46.137228,44.362460,50.780901,50.561971,46.848588,42.093222,26.079965,46.197797,50.452529,43.289942,47.507165,46.131309,50.631272,48.822383,24.570148,46.820026,49.352363,40.606458,44.949054,33.604794,47.758793,46.133002,46.578951,46.713175,50.684468,47.498560,48.539458,46.244940,43.362651,26.898110,48.529785,23.595439,42.061104,46.750938,47.237340,45.545786,49.681674,48.130541,25.453485,29.782662,46.501423,44.981332,51.435449,50.568728,51.886628,22.654525,20.297516,45.835911,50.077501,0.000000,40.613165,50.357701,45.417212,50.703894,49.914156,49.591969,19.339146,46.175935,44.705482,49.469689,42.421831,50.836874,45.919929,47.057928,42.697828,45.825288,46.862207,46.500897,46.718617,50.853706,46.051110,34.845910,50.112725,45.795711,47.269629,46.297953,50.132983,38.130975,49.522832,46.468514,44.384474,50.260879,42.287927,47.933533,39.515765,46.752259,40.103891,47.055148
Trường Mầm non Lĩnh Nam (cơ sở 2),46.097291,48.164782,41.462706,36.070450,39.485386,37.846695,47.205769,36.945200,37.971611,45.237756,37.683506,47.378629,38.512636,33.766050,38.756818,45.941948,36.033994,38.887010,35.177319,46.756024,40.864039,45.379815,43.594353,40.133857,43.441623,38.332273,46.075306,31.127485,35.283078,38.908149,41.307087,45.150981,37.002117,44.915183,38.202790,41.118570,45.879593,42.303610,39.261024,41.501490,40.889982,47.521829,43.939317,28.966775,42.175963,37.915966,47.474357,39.200784,44.864321,43.424544,40.971233,39.765046,41.112010,44.152534,38.911399,22.947341,38.606104,31.419527,35.292070,43.192296,30.308581,43.982270,42.885723,44.777736,40.145259,42.426276,40.104913,51.075198,45.634623,42.510563,31.063215,42.669375,26.084824,24.893873,40.875011,39.927914,50.810793,47.385708,43.909864,42.422944,44.269212,43.437075,42.620439,47.572855,36.529843,21.642896,42.856226,38.921650,0.000000,43.499243,41.473722,43.591498,40.291337,42.856536,37.081257,43.528185,42.059167,40.444150,19.954132,43.904938,41.592558,26.002155,40.163870,43.132971,41.807833,43.769758,42.361738,43.996326,38.361198,40.700797,43.522825,43.829005,44.549945,43.609831,44.694189,44.054171,44.503026,40.735337,41.944063,43.803028,36.090725,43.546983,34.083222,42.699700,34.671615,43.351758
Chợ Nhân Chính,44.253216,46.369094,42.845384,44.331085,45.846278,40.225765,43.343344,47.480841,42.726813,38.937601,41.065109,39.260141,40.618169,42.500798,43.601276,35.768309,47.074317,39.631953,29.882419,38.116952,43.761510,48.595005,38.711607,44.780456,38.410265,31.044679,38.055845,44.673648,47.183694,41.817129,36.862721,46.978276,44.612920,37.236672,44.228143,41.772575,36.146515,36.925359,33.097896,45.297031,44.384934,48.235838,35.601076,42.994031,44.182544,38.215493,48.237363,46.878596,35.827448,36.237489,44.100564,38.501071,43.109452,35.021974,42.357737,41.996057,32.725038,42.814370,32.291252,41.597811,46.659899,34.771189,38.203104,36.546201,40.299155,31.565532,38.475087,51.665596,36.432307,45.146451,45.352257,35.977249,44.945823,45.772387,40.486993,40.010821,51.508674,39.788601,29.404929,33.244032,41.366123,35.750014,44.206858,48.411372,42.835593,46.770937,36.855460,44.936924,45.059264,0.000000,23.461621,34.439177,39.413440,29.287007,43.435972,35.370270,34.552523,34.327258,42.981998,33.491808,26.344750,46.440544,35.845684,31.296692,27.429414,33.678368,26.847437,34.878614,36.384556,32.718587,34.870871,36.099682,38.802922,35.703316,39.751654,37.254614,31.452442,28.031001,34.011789,29.555105,42.872095,33.505845,40.433417,33.206367,40.935969,36.152697
Cục Sở hữu Trí tuệ,40.005718,41.371400,39.254091,40.176604,40.496828,36.619016,35.247718,42.075175,38.388018,36.433275,37.036629,37.002565,36.643013,38.731302,38.419302,34.876972,42.296076,35.634217,28.946901,35.908595,38.256984,39.923678,36.835421,38.365235,34.602540,29.704849,35.425748,40.977261,42.133870,36.221113,34.761009,38.578435,42.835514,33.542019,40.923117,36.854413,33.773139,35.028165,30.567966,41.119820,39.014775,39.761524,33.669496,39.738351,38.033567,34.013444,40.107084,44.244954,30.279333,34.412352,38.725346,34.800891,37.249964,31.589722,38.035554,39.319785,29.845942,40.052542,30.004524,39.518028,42.566319,32.237419,33.276119,31.778852,35.965497,28.639813,35.363711,43.061221,33.389299,38.619181,43.227826,31.043462,41.771504,42.128605,36.040464,35.375150,43.344909,37.871353,27.705396,30.911807,34.847556,39.406963,39.144494,41.437904,41.341889,43.039732,36.178252,42.938175,42.181290,24.073197,0.000000,37.018395,34.847864,25.543235,41.762869,31.494520,30.919100,37.062436,40.316939,37.353445,20.907619,42.979808,32.726453,23.469209,27.026829,29.722219,22.693478,36.079870,37.978436,30.828549,33.260626,27.959628,33.833937,31.876172,37.244929,34.255014,30.368441,23.770565,31.611885,29.410785,41.432037,27.322107,39.361336,27.896404,39.829414,31.071697
WinMart+,45.917565,48.778147,44.057792,45.978522,48.509442,41.092423,44.539337,50.281746,44.288552,43.318648,42.251780,49.187653,41.730324,43.799591,45.918368,41.376931,49.285036,40.562838,33.715943,48.522671,46.364756,50.739152,45.499312,48.429133,39.878649,36.667847,43.347116,46.117888,49.573630,44.292591,41.503197,48.721516,45.852429,39.029629,45.424927,43.633821,38.177868,44.492911,35.837479,46.527976,46.946410,50.242983,41.343633,44.071227,45.225661,38.865354,50.142118,46.999935,37.954002,36.417974,46.567321,38.314728,43.964685,37.728515,43.963917,42.740289,36.395613,43.652520,29.954092,45.660639,48.462580,37.605377,39.216836,39.491486,39.959361,36.474483,41.707141,54.159628,35.997601,46.275472,46.754462,35.993731,46.117681,47.251579,40.190301,37.205303,53.872085,49.894012,35.115334,36.624888,39.830539,35.815026,50.242112,50.001695,42.283203,48.344250,31.726014,44.403065,46.086287,33.043864,32.877179,0.000000,36.411928,31.752517,42.875276,38.554171,37.987814,33.680892,43.787272,31.984491,37.070389,47.852341,38.264283,41.147363,28.602045,37.977934,34.744945,38.779987,37.975223,35.075001,36.693137,41.783265,41.098344,38.353713,41.752495,39.095997,37.267413,32.279865,36.524075,36.515203,43.243532,38.313965,40.625380,35.778037,41.153567,39.776625
Kho bạc Nhà nước Đống Đa,42.327013,44.408922,41.061634,42.470932,43.582468,38.279872,41.695237,45.503676,40.405385,40.318488,38.573852,45.506630,38.492455,40.485114,40.876879,39.003569,45.343178,37.193797,32.433129,45.224685,40.816133,47.175998,42.738823,41.421567,41.214809,34.574853,40.724751,43.092311,45.317152,38.706981,39.426357,45.567189,43.219112,40.605437,42.800106,33.750612,39.501320,42.015431,38.081441,44.030595,31.737802,46.841650,39.355442,41.411802,42.898876,34.928005,46.911285,44.374878,39.818696,37.727903,34.584286,33.694416,41.842810,39.934363,30.944560,40.626890,39.113536,41.504984,34.174674,43.271663,45.154374,39.341745,37.763916,41.747915,36.140144,39.523363,29.305819,50.402807,37.986736,43.964535,44.605605,39.656720,43.669779,44.368309,25.475875,23.198863,50.306438,47.489290,37.832061,38.582005,32.188400,41.044880,36.493473,47.297126,40.928353,45.443260,35.422003,42.672528,39.616900,42.114975,36.541367,42.130797,0.000000,40.578486,41.434541,40.244737,39.777111,29.030974,41.747928,33.144507,37.945706,45.197311,39.655075,38.196784,37.820526,40.040734,40.132510,43.761532,25.669849,36.535255,42.678984,44.195800,42.442178,40.392868,44.555387,40.208972,44.163759,37.277154,38.127448,41.620344,42.259793,41.773918,39.881104,39.810466,40.392109,42.111501
Tịnh Cafe,45.115349,47.394879,43.597141,45.185270,46.991032,41.033100,44.044101,48.583831,43.657683,42.880559,41.970471,47.984062,41.542874,43.321352,44.789040,41.283207,47.997140,40.605556,29.900357,37.119487,45.042572,49.432858,44.918585,46.331343,37.055786,37.376010,36.951075,45.417661,48.157640,43.268826,36.076306,47.730960,45.263099,35.967483,44.878299,42.951198,35.260628,36.201508,32.501838,45.913020,45.589513,49.039557,34.937625,43.661126,44.755758,39.402727,49.006913,46.316854,34.761767,35.547463,45.296052,37.008931,43.648424,33.930716,43.349090,42.534954,32.043327,43.353286,33.205328,45.165625,47.446565,33.918914,39.744339,34.780978,38.772758,31.072593,41.512900,52.546800,35.257266,45.719944,46.207447,34.209171,45.553489,46.473985,38.986681,36.880581,52.353758,38.911176,29.551094,32.630873,38.917154,38.442150,48.371455,49.061993,42.180128,47.464148,32.126456,44.120855,45.590305,29.954881,25.519543,33.429019,36.163895,0.000000,42.720983,34.203144,33.578345,33.740001,43.496070,32.429909,26.908511,47.082883,34.905854,29.833584,28.007087,32.745049,27.279873,34.244469,36.369439,32.395002,35.139675,36.267125,36.828691,34.532468,39.879838,36.240538,31.734907,28.259975,33.425069,34.645389,43.130837,33.705829,40.632270,33.353412,41.134845,36.278030
Trường Mầm non Yên Mỹ,46.922440,48.666152,42.666305,40.634568,47.957409,45.324668,47.559872,41.434065,45.921858,46.135794,46.714303,47.895598,45.832276,38.964985,46.857936,46.847686,41.159711,46.524283,41.999684,47.416734,48.919910,46.090512,44.478702,47.168481,44.608436,45.807562,46.971744,40.607054,42.284133,46.147163,42.619933,45.966186,38.694005,46.007450,39.742889,47.849421,46.878112,43.571997,44.623690,42.662645,49.028439,48.332219,45.124244,40.513276,43.220705,44.907825,48.333518,40.737246,45.951899,44.696141,48.772641,47.317944,27.057050,45.358745,47.779514,39.241530,43.710168,32.539592,46.553454,44.459262,44.597033,45.252651,48.894859,46.013123,47.154238,44.803307,42.016539,51.701818,46.760578,26.585143,39.609709,45.382233,44.972591,43.486081,48.095944,46.794840,28.281799,48.511042,45.250251,43.829067,49.744829,48.971995,49.996684,26.769997,18.431672,43.570499,48.473943,19.660327,39.178301,48.850732,44.320492,49.064674,48.529325,48.133854,0.000000,44.878568,43.479699,48.114513,40.737022,49.238765,44.649080,44.459088,41.656448,44.517536,45.575054,45.130646,45.355001,49.271591,44.951941,42.202696,48.642923,44.546270,45.904776,45.011362,48.696939,45.462026,48.072619,45.240405,43.431702,48.825557,41.563958,46.596875,38.980648,45.588980,39.559863,45.824496
WinMart+,44.466628,39.395072,43.179507,44.537420,45.999318,39.243224,37.052557,47.473820,43.138615,39.722880,41.698757,39.970669,41.330887,42.904082,44.010023,37.344414,47.009018,40.529929,31.668005,38.656779,44.139525,43.321977,39.217154,45.053353,39.521507,32.769931,38.917271,44.830220,47.093136,42.596423,37.224441,41.313651,46.254826,38.621455,46.817432,42.440905,36.345155,37.183782,35.292619,43.959840,44.652563,43.093567,35.655330,43.286953,40.232808,39.557693,43.367899,48.409431,31.050208,36.393454,44.410325,39.578808,39.184885,37.174826,42.855428,42.322728,35.705386,41.553075,34.759622,42.377625,46.637172,34.594123,39.865908,38.869598,41.172291,35.622381,39.397506,47.327896,37.069191,40.856039,46.456959,38.724162,45.051706,45.827131,41.326508,41.021008,47.484739,40.355091,27.538456,32.504321,42.459192,37.897746,44.528093,44.386479,43.453753,46.740498,38.799038,45.854483,45.148204,35.860320,29.114012,38.700158,40.543235,33.903163,44.131050,0.000000,32.985381,39.502055,47.306118,38.095374,29.333081,50.509076,35.123351,28.163837,36.689931,31.022419,31.777364,41.949291,41.339833,31.706008,39.768789,32.104951,38.703265,34.507651,43.936188,36.980710,40.655844,32.620396,32.950046,35.382041,45.550310,35.576930,42.718709,34.132731,43.221256,35.375901
5050 Rooftop Cafe & Pub,35.264390,35.499487,42.377376,43.530675,44.610983,35.193060,33.688877,45.992063,42.183773,34.958277,40.897378,35.472724,40.572384,42.059106,42.782780,33.029514,45.729865,39.822353,25.505210,34.013656,42.808976,39.181968,35.529444,43.433415,27.522003,26.243409,33.553319,43.899796,45.745586,41.350971,33.004276,37.668816,45.187855,25.810280,45.716339,41.374664,31.108010,33.481713,35.360960,37.387191,43.321497,39.108523,31.569567,42.544285,37.159620,38.883666,39.544872,47.001202,25.707324,32.553623,43.113786,38.998561,36.290805,36.884688,41.873879,41.750625,35.696882,41.049298,34.930327,39.366601,45.527576,27.955221,39.013100,38.127232,40.318812,35.631037,38.945695,43.216238,29.715654,37.876656,45.449477,37.956512,44.257576,44.870826,40.456056,40.124914,43.603742,36.975751,30.354546,24.576606,40.991827,37.437006,43.299727,41.108601,42.898848,45.724442,38.159195,45.052541,44.422333,35.809094,30.803936,38.086006,39.706878,34.329706,43.499429,30.225257,0.000000,38.853322,46.366709,37.660222,31.030831,49.176888,26.423469,30.270496,36.468018,32.660022,32.903324,40.652651,40.554303,26.501205,38.890034,32.932219,37.790601,34.831711,42.281319,29.100063,39.521446,33.191834,33.444873,35.433104,45.114714,35.602400,42.453834,34.405654,42.930781,35.426976
Thuế cơ sở 4 thành phố Hà Nội,42.459208,44.524611,41.182039,42.600130,43.724149,38.463560,41.806800,45.611668,40.580938,40.468323,38.766266,45.593089,38.693194,40.631045,41.077794,39.144819,45.442751,37.437079,32.621667,45.311163,41.034544,47.245302,42.833597,41.656579,41.356217,34.797885,40.848255,43.195775,45.425076,39.010360,39.541789,45.645126,43.314080,40.755264,42.895083,36.030705,39.625449,42.105850,38.265188,44.108512,41.900422,46.911421,39.479499,41.523752,42.985207,35.270410,46.980998,44.452898,39.981909,37.839999,34.971724,34.113543,41.920507,40.114702,38.378719,40.730064,39.336530,41.591118,33.586831,43.344836,45.240834,39.496458,38.133994,41.945358,36.550703,39.774295,35.568456,50.442760,38.160202,44.033805,44.666331,39.941931,43.756036,44.446066,36.918032,32.883757,50.354718,47.533287,38.046431,38.745190,33.426351,41.407336,41.337362,47.349470,40.997648,45.521040,29.843683,42.737010,42.246904,42.383891,36.806839,36.100392,31.432611,35.460261,41.495407,40.409847,39.942694,0.000000,41.834172,27.105058,36.945350,45.266545,39.795353,39.976047,31.218859,40.232102,35.204982,35.849063,24.450126,36.658707,36.632261,40.421801,42.591128,37.948635,42.556140,40.332224,42.200313,33.100302,38.265066,38.731596,42.303551,39.617924,39.924767,37.471577,40.427265,40.510448
Trường Trung học cơ sở Lĩnh Nam,53.339754,57.093782,48.193724,40.642208,44.225459,50.574573,57.193159,42.370001,41.700532,52.481537,42.079764,56.586022,42.690663,38.103935,42.770225,52.892008,41.870815,42.972231,38.284225,54.922557,45.317608,53.380218,50.570679,44.078862,49.121678,42.101510,53.068032,36.978248,41.484245,42.653744,47.121164,52.649796,45.716175,50.975295,46.805449,41.854093,52.613389,48.445306,42.692077,48.128507,41.613519,55.426068,49.753692,34.771547,47.942447,41.232172,54.940751,50.571163,50.464362,48.595654,42.749846,40.333726,46.532761,49.470188,40.352566,27.869884,41.683735,41.050348,38.052053,48.797222,38.046629,49.176863,43.855547,50.026436,41.574609,48.155308,42.348387,59.063748,51.286935,48.028287,35.973354,43.542892,38.484817,33.437118,42.381816,41.306406,58.227385,52.861826,48.389440,46.605660,45.363565,44.430133,44.721726,53.777414,39.703033,30.519615,43.792826,42.945230,21.107676,44.480193,42.209537,44.612416,44.139912,43.754233,40.498251,47.659495,46.072759,43.630227,0.000000,44.942884,42.361008,31.865775,43.668826,47.335184,42.602751,48.140603,48.320775,45.045895,39.648702,44.028619,44.493579,47.132012,48.854424,47.729523,45.756320,47.739769,45.536392,47.732510,45.444116,44.792806,38.150286,49.414904,35.678334,43.553204,36.304774,48.289290
WinMart+,46.196895,48.763415,44.483324,46.250686,48.521436,41.927714,44.896640,50.098096,44.799828,43.863936,43.036012,49.143947,42.591125,44.302232,46.301557,42.033079,49.224760,41.696641,35.038233,48.530207,46.731010,50.575900,45.745935,48.470996,41.029306,38.015293,43.799143,46.338891,49.479001,45.162108,42.048041,48.720556,46.064900,40.350905,45.671543,44.426392,39.268875,44.790619,37.611191,46.672159,47.193082,50.114126,41.897178,44.445958,45.455355,40.724725,50.030281,47.118485,39.438257,37.415639,37.268358,36.522056,44.271416,39.494277,40.122335,43.150225,38.562407,43.985533,33.810769,45.855636,48.478652,38.978448,41.569690,41.367972,39.028285,39.051038,37.251620,53.740219,37.655745,46.428343,46.864708,39.071677,46.296731,47.362011,39.336224,36.214723,53.495183,49.824754,37.239438,38.151583,39.692959,40.310043,43.143815,49.915346,42.564003,48.369275,28.662645,44.606538,46.239986,41.694062,35.727175,38.143633,35.088505,36.503244,43.138948,40.025243,39.530146,28.236055,44.094844,0.000000,38.118762,47.912128,39.475942,41.677387,30.870131,39.752680,35.938121,37.860811,34.235963,36.234390,38.221505,42.279172,42.360229,38.941136,45.112189,40.102296,44.514713,33.304687,42.590689,40.370387,43.413567,41.000150,40.829840,38.277249,41.340803,41.730948
WinMart+,44.891035,46.714137,43.621286,44.945112,46.303184,41.526058,44.008472,47.657578,43.673858,38.847969,42.319235,39.132001,41.969544,43.396792,44.535140,37.112208,47.305033,41.278289,29.421418,38.099821,44.742825,41.919728,38.651681,45.646930,36.193413,30.379432,38.032898,45.177213,47.405643,43.404070,36.967695,40.389038,45.073833,35.070805,44.731724,43.137507,36.351216,37.010668,31.681883,45.646941,45.187089,41.776609,35.814986,43.676830,39.598685,40.553326,42.050920,46.221468,33.881588,36.391052,40.747979,40.420975,38.738836,32.931195,43.433025,42.688302,31.018321,43.404098,36.156893,41.362844,46.915841,35.231845,40.974918,33.508410,41.988889,29.872039,39.966640,45.267744,36.628635,40.144492,44.891449,32.844007,45.339114,46.105633,42.125187,37.169320,45.466658,39.652040,31.162718,33.960747,43.544559,40.274671,41.203141,43.094045,42.596701,46.984700,36.192833,44.575115,45.393118,23.938945,24.690667,37.302254,36.623155,25.689166,43.154417,35.082669,34.426201,37.228411,43.529520,37.742547,0.000000,46.680624,35.575193,28.038143,26.423846,33.730725,22.229001,35.969764,38.202811,32.862533,35.170738,28.546092,37.836234,28.651298,40.503575,36.848709,31.461460,23.177399,34.003547,29.299809,43.162882,27.472591,40.792689,28.129958,41.269496,32.043131
WinMart+,50.448847,54.954113,45.308403,38.353327,42.104678,38.980198,54.979652,40.737500,38.924185,49.650926,39.640633,54.022437,40.107028,35.478905,40.098481,49.736959,40.243838,40.227349,35.058169,51.819287,42.589293,50.192269,47.084473,41.168566,45.622292,39.108468,50.030408,35.063003,40.015569,39.580707,43.829116,49.205471,43.411771,47.376116,44.364970,38.913416,49.142481,45.028141,39.392900,44.599630,38.664560,52.064410,46.068214,32.672968,43.925682,37.874648,51.359950,49.436438,46.350963,44.604782,39.635373,37.019367,42.333365,45.362124,37.043057,24.872407,38.074388,38.626847,34.547889,45.018207,37.204152,45.057047,40.549362,45.840702,37.946044,44.091310,43.025010,55.374518,47.454118,43.745511,33.419756,39.872462,37.917661,32.431385,38.875895,37.654283,54.319159,48.412988,43.974514,42.271049,41.692330,40.738716,41.300981,49.292709,36.265920,30.046954,40.140701,40.290336,23.074081,40.652940,38.188884,40.926266,40.210665,39.914480,37.259830,43.427205,41.882944,39.707678,25.112636,41.159227,38.450623,0.000000,39.488240,43.034223,38.757907,43.797846,43.902004,41.224310,35.685636,39.640887,40.567717,42.747087,44.434516,43.266975,41.706536,43.209698,41.501738,43.202292,40.852694,40.728020,34.350268,40.336688,31.673230,39.375039,32.341382,43.681525
Cửa Hàng Tiện Lợi BV Mart,36.341627,36.721009,36.089270,43.172003,44.083030,36.475246,34.870224,45.350220,41.920396,36.453414,40.762473,36.866712,37.684592,41.829568,42.425977,34.551709,45.175584,39.799040,26.963192,35.553711,42.426450,40.251079,36.702436,42.931684,29.293853,27.734874,35.280246,43.550920,45.166280,41.114311,34.501033,38.696210,44.736407,27.787762,45.230685,41.172389,33.083765,34.783140,27.417508,38.252946,42.896889,40.144093,33.136125,42.307719,38.068541,38.989688,38.627008,46.353707,28.334929,33.967073,42.715419,39.070655,37.192032,29.194096,41.637981,41.601181,36.341853,40.951290,35.592716,40.590035,45.043292,30.744059,39.111112,38.396298,40.237428,36.378142,39.009666,43.713933,32.435785,38.726551,45.008461,38.268288,43.928428,44.464431,40.357918,40.061027,44.075896,37.945162,32.520441,24.202088,40.782814,37.783533,42.910956,42.290583,42.697912,45.275576,38.386191,44.697513,44.119611,36.642566,32.432885,38.330144,39.703425,35.265964,43.264538,33.710490,25.451922,38.961054,45.927314,37.930198,32.676219,48.499465,0.000000,32.128728,36.994405,34.304504,34.275151,40.504110,40.457243,24.463378,39.015033,34.063644,32.523125,27.205645,41.893669,28.321797,39.511057,34.094596,29.698438,35.994333,44.905736,36.223288,42.356851,35.103904,42.816509,35.996671
Đảng uỷ - HĐND - UBND phường Thanh Xuân,41.845586,37.377730,40.850249,41.952484,42.805969,37.149110,35.390969,44.352368,40.352117,37.229354,38.963905,37.609219,38.597106,40.387670,40.721940,35.199983,44.246562,37.642353,30.077773,36.287685,40.593286,41.027802,37.308488,41.022510,36.634724,31.010082,36.094256,42.510142,44.194610,38.709666,35.132115,39.353426,44.207605,35.615367,44.778686,39.100426,33.800291,35.346225,32.491909,42.161205,41.250878,40.895014,33.699175,41.164448,38.614853,36.200671,41.254698,46.004131,28.821398,34.530267,41.035749,36.716383,37.687156,33.749984,39.923159,40.542927,32.093610,40.097911,31.890280,40.598849,44.190233,31.494917,35.879827,34.446807,38.002190,31.322787,37.134500,44.925187,33.369452,39.264324,44.556313,33.953958,43.100691,43.611130,38.157235,37.604316,45.218809,38.602223,23.852986,29.534026,37.772510,34.175950,41.384769,42.546737,42.143447,44.533213,34.932402,44.288400,43.394218,30.544161,26.135835,38.577670,37.101627,30.242755,42.735748,30.435724,29.530666,36.239822,45.628706,38.757582,25.417804,48.456867,32.484915,0.000000,32.815864,27.048097,27.162705,37.971747,38.818934,30.161399,35.800210,28.528549,33.952952,19.197554,39.931379,34.574097,36.306155,29.822252,30.892963,32.574152,44.683963,32.146490,42.049703,31.376094,42.534977,32.551509
Starbucks,46.129386,48.327737,44.630025,46.175273,48.069809,42.451577,44.983328,49.450400,44.930589,44.106315,43.440221,48.734963,43.072467,44.492078,46.202364,39.488252,48.783059,42.382963,36.255412,40.553784,46.545927,50.038833,45.739524,47.885357,35.543564,39.103810,40.788557,46.264404,48.978190,45.293448,39.358823,48.406609,46.024917,34.489883,45.674467,44.669135,39.223361,39.115354,31.434419,46.581120,46.940295,49.647181,38.201502,44.577611,45.475769,41.813256,49.589151,46.985190,36.141841,38.607648,41.794715,41.450882,44.394903,32.504342,44.752390,43.376488,30.805373,44.134843,36.582462,45.843186,48.174824,38.848218,42.692576,32.919765,43.334682,29.844604,40.750997,52.924262,40.329235,46.364181,46.373744,32.342264,46.241158,47.195273,43.488611,41.920736,52.747978,41.408661,36.094933,37.834404,46.138726,41.945738,45.503456,49.552218,43.781479,48.117393,36.799974,45.865979,46.193519,25.682225,25.512793,38.793002,41.426656,33.108251,44.373601,39.436462,38.796108,38.090744,44.228515,39.148883,24.863194,47.722154,38.894813,35.583452,0.000000,38.932695,24.672157,37.118438,39.091451,35.347071,33.693273,36.142939,42.314442,33.686891,42.134696,39.700122,28.536073,25.403578,40.123343,26.602980,43.496815,32.393206,40.999081,32.160283,41.492917,36.214036
WinMart+,42.349502,37.769509,41.362681,42.447871,43.334047,37.576207,35.869201,44.769916,40.983854,37.716069,39.680873,38.044778,39.348098,40.959782,41.413265,35.805993,44.631067,38.504209,31.144671,36.842668,41.344411,41.215910,37.692826,41.824677,37.581768,32.076633,36.715744,42.928634,44.604620,39.699513,35.729462,39.609760,44.216535,36.698828,44.762026,39.936733,34.653511,35.866927,33.856871,42.255423,41.925235,41.083140,34.398905,41.617041,38.871153,37.327041,41.408687,45.919235,30.297722,35.119235,41.727060,37.655154,37.977572,35.183586,40.614628,40.952846,33.825734,40.260305,33.366519,43.882470,44.540429,32.851608,37.201961,36.085049,38.898391,33.437583,37.864949,44.891618,34.535670,39.486445,44.548041,35.762099,43.433773,43.961283,39.044764,38.602766,45.176719,41.912564,27.606905,24.936075,39.035136,35.643307,42.007760,42.623808,42.220527,44.840691,36.348498,44.288857,43.684617,33.171559,28.729984,36.309792,38.159785,32.307019,42.795785,24.964029,23.214359,37.340594,45.586210,36.088813,28.872479,48.286235,30.534739,28.021838,34.530292,0.000000,30.523119,38.782148,39.288449,28.285044,36.985892,22.453333,31.390432,18.643344,40.426182,33.885494,37.456914,31.638904,28.666331,33.939063,44.675536,33.826936,42.092460,32.911782,42.569206,33.933245
WinMart+,46.070159,48.047643,44.698819,46.116208,47.781549,42.742358,36.705530,49.042943,44.982617,38.711231,43.645659,38.974717,43.320578,44.577790,46.109650,36.846185,48.493949,42.733294,29.694040,37.883552,46.410174,41.898481,38.494891,47.545229,35.544188,39.726949,37.837264,46.205057,48.654916,45.319647,36.753336,40.309283,45.991146,34.550081,45.657762,44.772057,35.992212,36.779333,31.690665,42.758691,46.761659,41.748405,35.498885,44.646181,39.502472,42.325486,42.039847,46.371269,32.114959,36.117187,42.221623,41.928988,38.617467,32.709372,44.829512,43.513245,31.163946,44.220398,37.922199,41.341232,47.970380,34.685610,43.153562,33.124792,43.608030,30.333732,41.186909,45.394589,36.245752,40.066418,44.974370,32.615483,46.190126,47.067449,43.736326,42.398771,45.636461,39.557754,29.978369,33.279156,46.011223,42.594312,45.495375,43.118412,42.595658,47.929821,38.446298,44.655339,46.159521,27.192159,26.408868,40.584939,41.989971,36.272683,43.170873,34.461422,33.743837,39.472986,44.305441,40.625213,22.986879,47.577054,35.157582,25.662926,29.288343,32.808793,0.000000,39.778544,40.072871,32.378891,35.613760,24.485606,37.455719,26.171875,40.900653,36.578113,29.577520,21.120404,36.130686,29.511571,43.565077,25.501843,41.118538,26.572809,41.603844,30.557826
WinMart+,46.753056,49.334531,45.006360,46.790575,49.187200,42.615186,45.376687,50.661764,45.469392,44.474774,43.765783,49.606388,43.346947,44.902602,47.082171,42.592953,49.714131,42.572003,35.667416,48.967661,47.596303,50.978505,46.184159,49.421602,41.657882,38.780811,43.468065,46.802996,49.994510,46.284104,41.739212,49.124423,46.469626,41.039594,46.093564,45.344180,42.089688,45.196776,38.394423,47.042869,47.973641,50.518526,40.649999,44.911296,45.826522,41.916664,50.409287,47.498128,40.161297,40.886192,47.654626,40.957040,44.643181,40.345512,45.299377,43.547879,39.541972,44.374533,35.329107,46.219643,48.918108,42.414940,43.111581,42.347060,43.164892,40.207515,40.345650,54.077014,43.868640,46.766219,47.176882,40.409845,46.668774,47.767995,43.344647,41.452524,53.815404,43.167034,40.967125,41.665741,46.788128,42.160045,50.681117,50.235886,42.826697,48.758375,35.069623,44.877838,46.561335,35.645511,36.853508,40.573976,40.830401,35.667749,43.401912,43.578467,42.988215,36.863181,44.459823,36.575287,37.871519,48.277894,42.170647,42.582596,26.735891,43.821332,34.924135,0.000000,37.803863,37.992391,37.890243,43.423358,46.382758,38.975729,43.478118,42.522853,42.745716,36.355243,43.127806,34.988521,43.583447,38.108970,40.991732,34.746189,41.502654,40.039716
Phường Ô Chợ Dừa,38.181605,39.809474,37.421310,38.420300,38.542198,37.180737,38.340744,40.624972,35.997383,39.877763,33.741244,41.499562,37.796826,36.200323,35.669396,39.193405,40.997717,36.383884,34.575252,41.560204,34.530839,43.338600,39.500814,39.252429,39.799260,34.405202,40.226762,41.115883,40.225966,37.275273,39.144934,42.053064,39.740609,39.233018,39.304639,34.108205,38.515137,38.896787,37.169123,41.087517,32.216005,43.002369,39.097080,41.002888,40.092148,34.664859,43.228409,40.872205,38.718412,37.584837,31.910498,33.844822,39.189111,38.624734,31.675839,37.624278,37.873384,38.493277,33.027966,40.315913,41.003900,38.291652,36.462941,39.744493,30.451764,37.934473,29.900527,46.357095,37.074234,41.196658,41.700885,37.896215,40.407422,40.661903,26.884589,28.738263,46.475621,44.514890,36.927990,37.637498,33.351997,38.409167,32.878623,44.228310,38.824986,41.751444,30.465703,40.147809,39.648184,39.464072,35.967176,34.370230,26.492225,34.180131,39.143161,38.819823,38.462756,25.903184,41.187965,29.345905,35.901024,41.768594,38.542800,38.468899,31.399431,38.562410,34.534346,34.093764,0.000000,36.055313,35.463230,38.792902,40.520267,36.965849,38.246121,39.092119,38.131906,32.862888,40.387665,35.110985,41.755539,36.501123,39.472706,34.929624,39.974592,37.822893
Chợ Xanh Văn Quán,41.496444,34.323254,40.740222,41.578227,42.053927,34.129405,33.095752,43.232350,40.353182,33.796198,39.331382,34.273540,39.048600,40.387951,40.576892,32.506723,43.334834,38.410363,32.620731,33.190715,40.517027,44.577825,34.466947,40.789977,37.718081,33.389882,32.663203,42.057903,43.265498,39.255645,30.546275,42.015518,43.106768,37.065024,43.575490,39.475695,31.148544,31.125196,35.033288,44.473458,40.994881,36.237278,32.079075,41.002116,39.834923,37.548280,36.690616,44.399960,27.763311,32.380540,40.839591,37.774044,38.984060,36.061818,40.042443,40.508344,35.215789,39.926807,34.731054,38.297543,43.370867,32.706074,37.443618,36.775392,38.710054,35.044958,37.835513,41.569885,30.212287,39.408585,43.454503,36.546794,42.596078,42.961483,38.813253,38.473634,42.113586,35.496140,32.093273,25.430052,38.722238,36.409736,41.062183,40.625763,36.877786,43.712704,36.871691,37.443802,42.880757,35.157691,32.090832,36.805202,38.149806,34.281204,37.205997,32.543499,31.823398,37.552187,44.466162,41.893778,32.263229,46.619203,25.280225,31.763879,39.095603,33.294892,33.397158,41.770309,41.487668,0.000000,40.642569,36.107577,25.848132,33.420628,39.632042,20.781534,37.570368,33.444702,27.409923,35.070756,44.091711,35.133571,41.781826,34.359144,42.215907,35.012214
Noble Moment,46.514146,48.597817,45.057885,46.552115,48.391505,43.101588,45.377131,49.653082,45.435707,44.611558,44.064597,42.200830,43.730954,44.971309,46.690498,40.351122,48.998212,43.169187,37.118387,41.391273,47.050812,50.168291,46.073618,48.322154,37.744724,39.983624,41.700158,46.590071,49.193209,46.011411,40.213661,48.604305,46.324957,36.904250,45.991562,45.335833,40.256527,39.892702,34.207152,46.838427,47.385247,49.785101,39.106671,44.971335,45.767066,42.838048,49.727006,47.233893,37.490915,39.436143,42.640243,42.347723,44.728748,35.508280,45.308161,43.761410,34.269808,44.485653,38.221418,46.108815,48.397857,40.154367,43.827810,36.418198,44.129211,33.961878,41.503761,52.908617,41.563501,46.612752,46.758840,36.137665,46.506696,47.443788,44.257403,42.894254,52.740784,41.998253,38.006755,39.268479,46.958588,43.302885,46.007683,49.672846,44.140847,48.314666,38.864733,46.199638,46.433337,33.538609,30.104037,41.443583,42.468331,36.648444,44.732856,40.916569,40.330269,39.968407,44.553693,41.376108,34.033050,47.927738,40.089880,38.379700,30.471007,40.716342,29.610651,35.952462,40.508963,36.397033,0.000000,39.015806,43.645718,35.870948,30.506234,40.698601,27.156225,22.869598,41.173672,23.703566,45.810592,31.174276,43.022715,31.171451,43.499453,36.096206
WinMart+,47.453034,49.414267,46.039404,47.465286,49.309947,44.397961,38.140262,50.415198,46.570349,40.641103,45.369774,40.793405,45.078511,46.055479,47.867461,38.646573,49.706624,44.696014,33.261795,39.779003,48.270944,43.538165,40.023546,49.516386,40.013173,41.570476,40.016018,47.401206,49.927240,47.564225,38.518107,41.795357,46.077984,39.326419,46.580806,46.752114,38.150840,38.341155,36.766116,44.057061,48.503260,43.336385,37.231122,45.867790,40.775143,44.740761,43.559587,47.934015,34.462295,37.747532,44.261107,44.045851,39.830359,38.366738,46.528772,44.606788,37.418202,45.271267,40.832484,42.664162,49.080936,37.407839,45.917431,39.796816,45.699588,37.650172,42.924483,46.982137,39.163574,41.305052,46.272893,39.753692,47.189982,48.144132,45.793492,44.703378,47.139050,40.923832,33.485583,36.120944,48.733167,45.657524,47.168085,44.433822,43.569614,48.938191,41.995249,45.748192,47.048350,37.923307,33.150632,45.136561,44.379821,41.194819,44.187295,37.852998,37.081550,42.895163,45.296788,44.668432,33.700863,48.534407,37.663247,31.089418,37.584077,36.821146,28.638890,45.195450,42.881957,34.068939,42.146077,0.000000,41.216805,23.035969,45.416627,38.761762,38.457112,28.876374,34.605038,34.383282,45.504277,32.062008,42.810194,31.044139,43.286946,32.637533
Co.opmart,43.587722,39.358047,42.558537,43.660847,44.684598,39.240781,37.432059,45.980172,42.418498,39.610463,41.226276,39.820947,40.927439,42.283874,43.009618,37.743242,45.724703,40.262605,33.005981,38.789438,43.043362,42.591152,39.221556,43.642707,39.459342,33.954312,38.918693,43.996798,45.749322,41.748068,37.640623,40.967903,45.216446,38.764017,45.719284,41.729321,37.085288,37.565464,36.271784,43.289336,43.504840,42.423904,36.404283,42.702097,40.092654,39.486472,43.414865,46.936047,33.464218,39.999877,43.314846,39.507601,44.575754,37.744177,42.151755,41.935354,36.778600,41.259867,35.927016,46.220602,45.540069,36.111390,39.693123,39.003698,40.751032,36.891700,39.361302,48.935486,37.724382,44.974992,45.462410,38.901331,44.322476,44.909749,40.871508,40.600177,48.768204,44.055076,32.811840,27.351105,41.501143,38.288482,43.475851,46.371205,43.006705,45.729383,38.933763,45.074780,44.470821,37.266795,32.647388,38.860574,40.233883,35.668336,43.590336,34.430719,33.013011,39.448873,46.346952,38.383847,32.916429,49.029871,29.759125,32.334682,37.482093,34.766393,34.660373,41.179424,40.928036,27.066020,39.613590,43.770370,0.000000,26.959434,42.628634,35.324124,40.211494,34.343334,26.977879,36.336994,45.120672,36.642706,42.520411,35.403833,42.988642,36.330674
WinMart+,45.473790,38.311560,44.384571,45.512231,46.706941,38.200950,36.655405,47.773501,44.550142,38.400496,43.485886,38.651900,43.229230,44.263517,45.353725,36.762851,47.447294,42.778001,32.596299,37.671563,45.533683,41.310985,38.265641,46.294255,38.282773,40.376702,37.586624,45.651921,47.539911,44.647651,36.680802,39.909512,43.944733,37.587156,44.439056,44.313237,36.010721,36.712533,35.324974,42.213864,45.850459,41.186714,35.576981,44.365853,39.221921,42.488909,41.469551,45.417037,32.755832,36.118286,42.385110,42.177622,38.413575,36.523948,44.412670,43.428768,35.584029,44.042079,39.348020,43.619476,47.118380,34.942483,43.078205,37.408220,43.438517,35.500677,41.522992,44.509017,36.206198,39.751626,44.267085,37.238198,45.721678,46.419852,43.532710,42.544868,44.768474,41.904794,31.932781,29.713957,44.989019,42.706320,44.925230,42.547724,42.187084,47.162698,39.939806,44.067995,45.733576,36.720552,31.964415,41.551909,42.238328,38.960181,42.711096,32.553004,31.585327,40.625583,44.118495,41.498310,33.837142,47.628908,33.993677,32.317782,36.197937,18.591265,31.299508,41.204889,40.910088,31.151312,39.120565,26.974775,36.445919,0.000000,41.721852,35.883161,36.770629,30.370657,34.962625,34.288773,44.530358,32.718130,42.083767,31.879518,42.534937,32.997740
9.0cafe,47.155075,49.569400,45.502651,47.184698,49.456800,43.384856,45.813246,50.805814,46.034490,45.057111,44.509805,49.787335,44.133619,45.450205,47.604787,43.243097,49.895456,43.520497,36.735260,49.174128,48.109976,51.065417,46.543952,49.782025,42.418642,39.865495,43.684733,47.145844,50.175697,47.087600,42.031043,49.313704,46.786842,41.902537,46.436369,46.096393,42.415407,45.582260,39.538661,47.308815,48.410256,50.622499,41.009684,45.347783,46.152040,43.231651,50.521714,47.746959,41.126636,41.211585,42.232232,41.871067,45.011236,41.438713,43.798863,43.992600,40.831307,44.759540,37.650701,46.511062,49.124195,42.782917,44.579607,43.414568,43.976593,41.641125,41.058305,53.976275,44.101544,47.031904,47.399878,42.005665,46.951411,48.025084,44.130600,42.460253,53.731662,43.330196,41.582391,42.118915,47.684913,43.994988,46.205223,50.339510,43.143432,48.955688,38.277356,45.143370,46.818244,37.770323,38.526823,42.689851,41.931867,38.500262,43.710014,43.870431,43.357670,39.704961,44.819153,40.592795,39.501613,48.483442,42.540381,43.189881,31.401558,44.138287,36.954782,46.577590,38.035150,38.522120,37.464675,43.921292,46.412401,39.838031,0.000000,42.815579,38.497754,33.627024,43.393264,26.101260,46.238587,34.211858,43.288460,30.873868,43.782280,37.831718
The Coffee House,43.904094,39.947486,42.909073,43.968809,44.976074,39.855820,38.081129,46.177955,42.828956,40.285162,41.721947,40.452979,41.448704,42.676987,43.428672,38.520159,45.921957,40.860531,33.928029,39.523828,43.496336,50.007489,39.793817,44.078697,40.142470,34.850583,39.711657,44.261922,45.946519,42.354490,38.408865,47.044163,45.421849,39.532368,45.899095,42.267488,38.066782,38.257042,37.278905,43.571487,43.906523,41.153481,37.743920,43.018356,44.368684,40.254878,42.178511,47.064681,34.898139,38.354097,43.725058,40.182174,43.611803,38.734407,42.604533,42.243000,37.947949,41.593116,37.011060,44.942306,45.728352,37.425711,40.538116,40.019475,41.357360,38.214004,39.924794,47.921482,38.891797,44.036688,45.642088,39.993587,44.536254,45.115006,41.469263,41.257651,47.856663,42.494452,34.996353,27.974266,42.235320,39.269983,43.851848,45.467134,43.229046,45.891959,39.855517,40.870735,44.658959,38.751559,34.405571,39.773704,40.933981,37.042084,43.804163,37.495079,36.364591,40.200144,46.466826,45.573558,34.708183,49.055772,30.561144,34.262342,42.881208,36.719749,36.358131,45.929963,44.333446,21.308490,44.645915,40.385656,28.239907,37.126265,43.217659,0.000000,41.091384,35.563396,29.307425,37.335489,45.223488,37.769121,42.648790,36.487719,43.108494,37.337536
Cục Tần số vô tuyến điện,48.239266,50.456992,46.637953,48.251677,50.463528,44.937355,46.854819,51.604891,47.374046,46.353621,46.062525,50.555814,45.745770,46.713625,48.961120,44.573976,50.689374,45.380131,38.587336,41.904674,49.517950,51.671778,47.466031,51.112978,38.428977,41.810743,42.311336,48.076507,50.986711,48.922086,40.727775,50.031053,47.640686,37.665194,47.332864,47.777269,40.872642,40.363774,35.121389,48.068796,49.699031,51.245927,39.654429,46.389361,46.980300,45.595164,51.128069,48.506888,38.294274,39.949564,44.382040,44.132373,45.890707,36.456595,45.522970,44.974551,35.371626,45.673194,41.080939,47.287805,49.892669,40.915120,47.181098,37.477392,46.067541,35.255701,42.857880,54.318171,42.335656,47.766335,47.246736,44.683970,47.737087,48.819287,46.178622,44.917828,54.073610,42.366694,39.091680,40.106030,50.099301,47.006537,47.698347,50.869117,44.560404,49.656003,42.567952,46.636575,47.527110,35.749207,31.632433,44.523966,44.543000,38.543428,45.160975,41.823516,41.263838,43.655597,45.681729,45.309476,36.499667,49.175432,40.810993,39.890562,34.182362,41.734229,32.145110,47.158241,41.551571,37.029883,34.710593,40.556459,44.457682,37.109419,46.748356,41.354293,0.000000,16.545181,41.807006,21.222574,46.648907,28.608477,43.715813,29.261983,44.201097,34.924191
Everything Coffee 'N Bagel,46.822942,48.606985,45.537474,46.844296,48.426884,43.931709,47.008529,49.501527,45.941791,40.243324,44.800744,40.410561,44.526931,45.501849,47.035026,38.461021,48.949890,44.126873,33.561275,39.472855,47.351801,42.958846,39.751315,48.393439,39.682551,41.290573,39.601745,46.847596,49.119191,46.585147,38.349673,41.395195,46.300867,39.055178,46.769575,45.960678,37.990347,38.206162,36.767438,44.373714,47.608999,42.791621,37.189902,45.416401,40.502798,44.059648,43.023281,48.063113,34.778780,37.654750,43.273347,43.048845,39.626176,38.171439,44.319744,44.274478,37.333822,44.913397,40.509244,42.247764,48.433422,37.323487,44.998158,39.362733,44.540125,37.513976,42.166479,46.173395,38.765448,40.998423,46.469835,39.303026,46.738195,47.589993,44.642843,43.561146,46.355991,40.617592,34.134685,36.232627,46.849601,44.694863,46.077850,43.913963,43.826333,48.358429,41.459057,45.937049,46.647654,36.678845,33.722895,42.434524,43.228969,38.551832,44.435543,37.616751,36.998934,42.256084,44.955777,43.125998,25.069339,48.013848,37.522127,32.717862,36.024213,36.800947,28.997709,43.084457,40.851324,34.342502,36.902045,30.729732,40.364912,30.140909,41.930852,38.498921,34.329020,0.000000,37.617105,28.796700,45.615406,26.245320,42.972480,26.642448,43.432179,28.717390
Starbucks,46.189757,35.968745,45.212925,46.246836,47.196141,35.846803,34.777632,48.079973,45.401061,35.723754,44.525084,36.168143,44.267169,45.166649,46.119629,34.450960,47.886199,43.987168,31.169824,35.229641,46.439652,38.749038,36.130418,47.033113,35.691217,41.832805,34.810834,46.297509,47.960988,45.788712,34.355402,45.282059,41.475689,34.986688,41.952822,45.371396,33.482598,34.638777,32.994533,40.008860,46.691320,40.330453,37.396550,45.138398,43.126605,43.995246,41.090832,42.597822,30.628693,37.940813,43.667477,43.590151,42.463578,33.842172,45.398554,44.209953,32.885437,44.746433,41.460456,42.987629,47.600520,32.235482,44.494831,34.248715,44.697200,32.414025,42.643644,45.487551,33.066841,42.818960,41.898283,33.850583,46.279383,46.943369,44.755026,43.998760,45.592040,41.081015,29.318770,26.051079,46.141764,44.336614,45.699679,43.984126,40.449654,47.600204,42.115736,40.203161,46.239196,40.035181,29.741754,43.733713,43.756954,41.733232,40.879386,28.731260,28.107725,42.754447,44.785698,43.552001,38.574840,45.008964,26.209267,37.737490,40.216191,33.629065,37.640884,43.647778,42.770971,29.624972,42.209079,36.333074,22.109945,32.233190,43.847130,32.141672,40.445695,34.873435,0.000000,37.773826,43.249144,37.138128,41.084452,35.942582,41.518477,36.717029
Chợ Trung Kính,45.355512,47.166620,44.078741,45.402935,46.825685,42.124608,44.431116,48.095262,44.228093,43.532866,42.933415,47.697340,42.617365,43.914433,45.167736,42.178397,47.696328,41.995156,36.692850,39.216753,45.390211,48.932269,45.144603,46.347185,35.521580,39.235021,39.228394,45.575860,47.805785,44.213985,38.202751,47.521743,45.430129,34.654883,45.105286,43.853886,37.913384,38.129200,32.187332,45.969098,45.791766,48.609517,37.232321,44.093321,44.974284,41.457671,48.602472,46.322192,35.239300,37.637501,40.970414,40.651334,44.004052,33.103332,42.348359,43.070543,31.839363,43.769250,37.309580,45.317539,47.272607,37.357422,42.040765,33.501628,42.201884,31.224107,40.171389,51.596903,38.460324,45.802497,45.658369,40.452892,45.662005,46.454099,42.338889,40.958526,51.467350,40.309876,34.893478,36.470975,43.838156,41.452965,44.204410,48.700493,43.373358,47.307801,37.633765,45.276081,45.682270,29.496116,28.082040,37.609068,40.523800,31.809724,43.914320,37.516524,37.035537,38.586771,43.862231,38.841778,29.427408,46.996680,37.464475,34.087840,26.149044,36.914359,26.674459,36.242404,37.607252,34.750808,22.666401,33.965733,39.690651,32.697672,32.385280,38.294717,23.501788,26.675182,38.315048,0.000000,45.647493,23.625738,42.936389,24.755982,43.404620,30.927216
Trường Mầm non Kim Lan,46.162747,46.798768,44.197940,41.365130,42.481020,45.331586,46.668018,41.718280,41.721011,45.698238,41.830027,46.716048,42.057224,40.599478,42.099979,46.080058,41.678303,42.214430,40.371099,46.556221,43.123552,46.034180,45.292333,42.688364,44.941694,41.941568,46.000034,40.522797,41.540142,42.169150,43.907658,45.938758,42.968132,45.669377,43.328604,41.796967,46.102268,44.465467,42.228211,44.342849,41.735584,46.847173,45.210975,39.998928,44.574713,41.607827,46.877561,43.896229,45.818222,45.013300,42.165009,41.227086,43.986357,45.424624,41.309312,38.088342,41.863382,41.567381,40.075850,44.841755,40.925411,45.309246,42.656294,45.716703,41.834714,44.944595,42.866705,48.410592,45.951805,44.729191,40.389400,42.692464,41.210962,40.297057,42.111503,41.663332,48.382472,47.094338,45.277846,44.424661,43.474554,43.075169,43.028189,47.202591,41.017952,40.191417,42.761541,42.179728,36.109513,43.164116,42.208215,43.125754,43.842002,42.836026,41.311855,44.883292,44.084814,42.819857,37.853347,43.322736,42.191945,40.257904,42.923289,44.728515,42.270895,45.101229,45.248383,43.381989,43.178753,43.240871,43.201280,44.729969,45.531049,45.032162,43.898183,45.258993,43.786531,45.148900,44.073267,43.424816,0.000000,45.997962,24.518253,42.900082,23.596811,45.508893
WinMart+,45.815837,47.557610,44.582027,45.863489,47.276222,42.806567,44.883743,48.443946,44.816390,40.081217,43.615568,40.257086,43.324940,44.460941,45.780538,38.478096,48.020406,42.805219,37.537913,39.404709,46.021357,42.634777,39.674747,46.952498,37.243915,40.096494,39.454275,45.968758,48.146895,45.032791,38.352678,47.812299,45.797416,36.522369,45.489604,44.587370,38.058355,38.240074,34.293937,46.293748,46.354858,42.484370,37.317585,44.546021,40.383381,42.472831,42.707476,47.406000,35.239456,37.739908,41.882919,41.615428,39.574981,35.347274,43.090907,43.506196,34.356186,44.162225,38.734460,42.017154,47.588524,37.493930,43.181074,36.026865,43.089413,34.105730,40.977444,45.635540,38.694583,40.861691,45.991688,41.609693,45.995346,46.787447,43.209152,41.999459,45.817228,40.489163,34.859473,36.556401,44.904312,42.732438,44.851256,43.589313,43.578450,47.589969,39.334727,45.552518,45.981493,33.940220,31.239445,39.769968,41.624496,35.941288,44.144895,37.716560,37.193343,40.182302,44.246839,40.687764,27.985995,47.278915,37.614146,33.980895,32.414715,37.080976,23.964568,39.457788,39.049921,34.725441,31.988178,32.420033,40.062328,31.482030,37.301314,38.478766,26.946713,19.102055,37.735342,26.543872,45.819058,0.000000,43.124950,16.865300,43.593187,23.203905
Trường Trung học cơ sở Văn Đức,42.409935,42.723651,40.768185,38.365028,39.274677,41.841647,42.521982,38.491460,38.876387,41.983239,38.798387,42.644971,39.043949,37.772070,39.113125,42.379516,38.408073,39.212460,37.909191,42.633290,39.909924,42.199454,41.706749,39.659174,41.605205,39.059906,42.275327,37.438027,38.226255,39.269189,40.655608,42.188097,39.437892,42.182119,39.762950,38.890176,42.434974,41.090969,39.419143,40.920089,38.797468,42.909855,41.824117,37.002670,41.337560,38.914453,43.005616,39.999817,42.425800,41.794213,39.220636,38.548896,41.008035,42.139179,38.547779,35.648103,39.231540,38.340940,37.773054,41.530759,37.556559,42.053009,39.694530,42.415508,39.146990,41.854599,39.797707,44.245919,42.489454,41.520866,37.341927,39.963815,37.828719,37.153171,39.301451,39.048179,44.313175,43.589840,42.228775,41.541027,40.494219,40.187773,39.993296,43.529550,38.346566,36.952773,39.919289,39.130601,34.049207,40.333618,39.657056,40.225059,40.901367,40.101423,38.517078,41.957467,41.266767,40.077966,35.202631,40.428341,39.651679,37.033602,40.401779,41.802730,39.674626,42.088512,42.240145,40.495975,40.412573,40.768753,40.440139,41.870089,42.500974,42.116420,41.084257,42.472795,41.009051,42.292048,41.471915,40.657558,23.723684,42.973282,0.000000,40.350490,19.034202,42.624483
Trung tâm Hỗ trợ doanh nghiệp Hà Nội,44.312938,45.782130,43.258614,44.369639,45.357408,41.407163,43.611305,46.541158,43.229988,38.834852,42.104881,39.121122,41.773540,43.043150,43.851890,37.404326,46.389721,41.226817,36.734551,38.268511,44.015333,41.507015,38.709245,44.628937,38.442037,38.943357,38.145269,44.627290,46.434050,42.881521,37.261478,40.207418,44.583819,37.839989,44.284517,42.734538,36.845498,37.305711,35.878463,45.131275,44.416256,41.390406,36.324666,43.340952,39.528430,40.662371,41.647585,46.132544,34.111599,36.799731,40.328338,40.069320,38.779933,36.966558,41.578707,42.506119,36.197244,43.145102,37.265228,41.038475,46.144301,36.110093,40.949089,37.790823,41.329649,36.108223,39.695123,44.393855,37.122471,40.014752,44.939733,39.762956,44.858047,45.488016,41.449174,40.265100,44.601942,39.573766,33.398453,35.180609,42.246482,40.453761,43.083708,42.622305,42.816221,46.273132,37.457847,44.604823,44.954639,32.650616,30.622955,37.398991,39.889680,34.323989,43.339650,36.035340,35.577887,38.251196,43.262469,38.323649,27.552061,46.054910,36.259838,32.105452,31.067533,35.259331,29.661231,36.467175,37.502022,33.853063,30.378075,30.759445,38.101200,30.314513,34.297740,37.208082,26.502261,20.600991,36.519908,24.072597,45.225600,16.042018,42.677068,0.000000,43.136533,21.744651
Trường Mầm non Văn Đức (điểm Chử Xá),43.909514,44.276478,42.283634,39.923465,40.809636,43.278862,44.152846,40.107921,40.315316,43.487098,40.322280,44.239678,40.533457,39.338900,40.585302,43.855043,40.067982,40.679790,39.289483,44.179770,41.407226,43.756492,43.221125,41.102463,43.012965,40.505450,43.744066,39.158949,39.920857,40.698734,42.101314,43.720760,41.122880,43.602376,41.431832,40.352665,43.890428,42.551548,40.799440,42.441838,40.288475,44.431673,43.236572,38.735200,42.788457,40.296221,44.503464,41.753716,43.814898,43.160668,40.668623,39.956985,42.357981,43.509132,40.002118,37.296496,40.557686,40.024325,39.078309,42.935247,39.372833,43.413023,41.100981,43.768580,40.518187,43.157772,41.236723,45.736383,43.866029,42.941327,39.108444,41.262814,39.632915,38.941000,40.695719,40.383173,45.769500,44.931227,43.507081,42.808385,41.855972,41.532534,41.411569,44.936631,39.777539,38.808929,41.270961,40.623030,35.716814,41.645947,40.931229,41.576599,42.226661,41.395370,39.979808,43.192476,42.502069,41.384068,37.033342,41.755924,40.903368,38.874082,41.585414,43.049996,40.941564,43.345658,43.490798,41.815333,41.718345,41.923897,41.718250,43.093078,43.733660,43.342056,42.338639,43.630073,42.245307,43.492741,42.632861,41.930554,22.782966,44.186373,19.431359,41.565324,0.000000,43.809824
WinMart+,47.128184,48.802909,45.912061,47.150651,48.657605,44.485144,47.623221,49.621558,46.350416,41.495369,45.311744,41.596461,45.071795,45.920222,47.400662,39.798939,49.102679,44.740091,34.994914,40.786832,47.709317,43.855156,40.818465,48.665270,40.952184,42.057590,41.026637,47.120771,49.263274,47.070561,39.678355,42.316911,46.881135,40.444295,47.315632,46.445960,39.609745,39.416379,38.429823,45.030852,47.932453,43.669722,38.613175,45.775033,41.365167,44.792535,43.850204,48.600224,36.911617,38.959315,43.988697,43.807463,40.514341,39.851680,44.899622,44.650567,39.244262,45.255371,41.660433,43.031161,48.612197,39.370237,45.721548,41.162059,45.188059,39.645286,42.855684,46.811751,40.692310,41.809456,47.007951,41.194818,46.977734,47.803973,45.273268,44.336696,46.959921,41.529673,37.171243,38.509773,47.402655,45.512506,46.511326,44.587831,44.354923,48.521109,42.694495,46.421839,46.869959,38.818848,36.256801,43.797425,44.055620,41.365224,44.955200,39.959679,39.414774,43.389882,45.271968,44.292761,36.924877,48.184717,39.386702,37.181563,39.238123,39.638059,34.608501,44.694947,41.994609,35.996417,40.218163,35.525151,42.475508,33.687826,44.103251,40.055553,39.316439,29.097576,39.331320,29.614763,45.914226,24.308420,43.280212,16.370708,43.731210,0.000000
