,depot,WinMart+,Trường Mầm non Thịnh Liệt (cơ sở Giáp Nh,Trường Mầm non Hoa Mai,Trường mầm non Vườn Hồng,WinMart+,WinMart+,Siêu thị Đức Thành,WinMart+,Siêu Thị T-Mart,Trường Trung học cơ sở Tân Định,Trường Tiểu học Hoàng Liệt,WinMart+,WinMart+,Cục Dự trữ Nhà nước khu vực Hà Nội,Trường Mầm Non Đại Từ,WinMart+,Cà Phê Parkland,Trường Mầm non Định Công (Cơ sở 3),Highlands Coffee,WinMart+,WinMart+,Trường Mầm non Hoàng Liệt (cơ sở Tứ Kỳ),WinMart+,WinMart+,Trường Mầm non Sao Mai,KFC,Trường Đại học Công nghệ và Quản lý Hữu ,Không có tên,WinMart+,Không có tên,WinMart+,MM Mega Market Hoàng Mai,Trường Tiểu học Đại Kim,Không có tên,Không có tên,Cà Phê 3k,Không có tên,WinMart+,WinMart+,WinMart+,Trường Tiểu học Chu Văn An,AEON MaxValu Linh Đàm,WinMart+,WinMart+,WinMart+,Trường Mầm Non Hoạ Mi,WinMart+,WinMart+,Trường Tiểu học Chu Văn An,WinMart+,WinMart+,Trường Mầm non A Tứ Hiệp,Cà Phê KOK,Không có tên,Trường Đại học Kinh tế - Kỹ thuật Công n,WinMart+,Trường Quốc tế Singapore,WinMart+,Trường Tiểu học Tam Hiệp,WinMart+,Delícia Coffee & Lounge,UBND phường Khương Thượng,WinMart+,Siêu thị B11 Kim Liên,WinMart+,Cà Phê Big One,Trường Mầm non Đại Thanh,siêu thị 24h ninja mark,Trường Mầm non Tứ Hiệp (điểm Cổ Điển B),WinMart+,Không có tên,Quan an Nam Nhu 1,WinMart+,Taste Tea,WinMart+,WinMart+,Trường Cao đẳng Hà Nội,TK mark,Hội đồng nhân dân - Ủy ban nhân dân phườ,Trung tâm Công nghệ Phần mềm Thủy lợi,WinMart+,Không có tên,Cafe Dinh,Trường Trung học cơ sở Yên Mỹ,WinMart+,Coffee Cây,Trường Mầm non Tứ Hiệp (điểm Đồng Trì),Trường Mầm non Lĩnh Nam (cơ sở 2),Chợ Nhân Chính,Cục Sở hữu Trí tuệ,WinMart+,Kho bạc Nhà nước Đống Đa,Tịnh Cafe,Trường Mầm non Yên Mỹ,WinMart+,5050 Rooftop Cafe & Pub,Thuế cơ sở 4 thành phố Hà Nội,Trường Trung học cơ sở Lĩnh Nam,WinMart+,WinMart+,WinMart+,Cửa Hàng Tiện Lợi BV Mart,Đảng uỷ - HĐND - UBND phường Thanh Xuân,Starbucks,WinMart+,WinMart+,WinMart+,Phường Ô Chợ Dừa,Chợ Xanh Văn Quán,Noble Moment,WinMart+,Co.opmart,WinMart+,9.0cafe,The Coffee House,Cục Tần số vô tuyến điện,Everything Coffee 'N Bagel,Starbucks,Chợ Trung Kính,Trường Mầm non Kim Lan,WinMart+,Trường Trung học cơ sở Văn Đức,Trung tâm Hỗ trợ doanh nghiệp Hà Nội,Trường Mầm non Văn Đức (điểm Chử Xá),WinMart+
depot,0.000000,26.634806,25.960077,30.929155,25.575323,31.804806,19.712963,36.349002,32.183251,29.595377,30.952090,25.247369,32.341715,29.961529,33.246950,29.486067,37.213649,33.384826,28.156207,27.410216,37.100176,24.752706,24.539866,36.197867,36.108006,32.799412,32.228431,37.113301,39.264175,34.043283,31.292779,26.169641,37.121537,31.134788,36.368230,36.392804,31.040355,25.562387,35.186775,28.244579,35.307046,30.269366,31.158860,36.931780,26.169393,32.973271,31.447741,39.080392,32.150773,29.538300,38.913592,36.716449,25.282844,34.103710,37.309584,35.213447,34.478029,34.970351,29.683861,29.151193,42.225590,31.997347,40.058754,35.554163,37.336673,33.390029,35.160316,37.375443,33.708286,27.770770,29.936282,39.977812,39.567512,40.552386,38.542944,37.237147,38.140200,36.493654,31.286835,32.334277,42.406220,41.083565,42.203585,34.889322,30.401985,42.182696,40.199175,31.810661,36.170169,41.211688,38.116236,41.372475,40.734257,40.289952,30.712492,39.307742,39.092560,40.059566,36.979777,41.870798,38.584093,41.754717,38.708632,38.345438,38.853627,39.460416,39.695972,42.026969,35.069010,31.509164,41.312508,41.750364,40.603275,39.448235,42.996541,38.852344,42.718873,37.637658,37.698858,41.727365,38.308160,41.363297,35.838410,40.220363,36.385339,41.133531
WinMart+,30.860775,0.000000,30.119229,35.151200,38.905265,33.577889,21.639120,43.571082,34.898026,33.034178,35.521163,38.100745,36.164237,33.825144,37.030403,31.825608,42.114587,36.972451,30.078533,38.196091,43.446987,43.083890,32.990029,39.617635,37.470912,35.755548,35.795875,40.626911,43.332720,36.961256,33.492145,39.384496,39.782315,32.918402,39.060102,40.615965,33.095691,32.813337,37.647751,37.154099,44.084819,42.323675,33.208638,40.115951,35.147747,35.225351,42.546617,41.646344,33.878185,30.670591,43.701304,39.891725,33.492942,33.367347,40.860001,37.292886,36.439900,37.041710,39.684857,36.289666,45.854787,33.528467,44.398551,34.919890,40.096874,42.293381,38.544063,50.488772,36.030368,37.412189,35.800921,42.822603,41.892200,43.463707,42.055790,39.709511,49.866629,43.681410,30.324983,33.515218,46.354517,44.563641,47.299964,43.351297,34.468141,45.024136,43.545677,36.242252,37.993845,44.334842,40.182809,44.983051,43.552426,43.059292,34.990154,41.417680,41.159223,42.737608,38.882761,45.363843,40.703974,44.245859,40.479021,40.372392,41.219076,41.742651,41.945893,45.479519,36.746662,32.352439,44.212517,44.234319,42.915739,41.483386,45.957113,36.776110,45.566211,39.379442,39.059141,44.468876,39.066714,43.733669,36.431814,42.248197,36.986671,43.232675
Trường Mầm non Thịnh Liệt (cơ sở Giáp Nh,26.306273,28.247049,0.000000,28.272591,23.724301,29.790227,27.072526,32.557776,30.283606,33.320980,28.264528,33.236396,30.040414,27.692401,31.105784,35.166530,34.398783,31.201163,26.903991,34.114582,34.505436,31.504940,30.294331,34.139920,34.455370,30.952626,35.576203,35.068633,36.877188,32.212265,29.423370,32.309388,27.436332,35.128280,26.194227,34.351886,35.596130,30.418167,33.596257,28.442059,33.397502,36.498430,34.021980,35.072384,30.668105,31.540019,37.167721,30.574856,35.791992,34.395592,36.888546,35.142084,29.528552,32.910389,35.667479,33.933919,33.246296,27.155226,28.678339,33.263756,40.166423,35.292655,38.255412,34.342292,35.979787,32.260092,33.612952,43.010105,37.190291,31.939291,31.377225,38.666170,38.178611,38.850420,36.898054,35.943397,43.199419,40.060909,30.397910,34.844111,40.806031,39.565678,40.279442,39.192343,31.407144,40.528082,38.710454,32.956954,35.045672,39.811335,37.075867,39.865897,39.433990,39.003654,31.763512,38.285673,38.069990,38.780335,35.816454,40.417500,37.467766,40.289991,37.803754,37.310309,37.683747,38.374222,38.607904,40.605224,34.064483,34.135579,40.048272,40.647999,39.529285,38.439127,41.773068,37.971058,41.520717,36.706000,36.897992,40.499002,37.808159,40.268997,35.442648,39.183561,35.981414,40.158066
Trường Mầm non Hoa Mai,31.526386,34.402960,27.129773,0.000000,32.088191,30.699630,32.152107,26.944093,31.209398,34.641918,27.930269,37.285793,31.202140,19.688222,32.299054,33.750740,32.171235,32.438544,27.269339,37.447843,36.458170,40.298932,34.276638,35.596903,35.602460,31.968407,35.741739,33.787316,36.315500,33.330647,34.268420,38.237404,34.738913,32.504114,33.715569,35.822424,34.101111,33.885843,34.646038,36.908754,33.653498,39.978547,34.160639,33.941446,35.511500,32.371961,40.291555,37.331881,31.724509,32.279611,38.571176,36.347992,34.309864,33.677451,36.965752,32.967112,34.068477,32.662872,29.085886,36.146777,40.762071,34.231866,39.835370,35.200858,37.051913,32.925224,33.844665,45.179755,31.751178,37.127089,39.985634,39.780812,38.134400,38.970230,38.257974,36.952108,45.141448,41.853687,30.847706,38.184784,42.321112,40.932902,42.119020,41.366740,34.486761,41.070358,40.005590,36.516488,34.439591,41.070244,37.930361,41.245787,40.602032,40.112797,35.032447,39.116975,38.895410,39.893285,35.335812,41.759353,38.351044,40.707908,38.513858,38.120843,38.627749,39.271423,39.514309,41.923428,34.763105,36.136068,41.188386,41.632454,40.449884,39.260140,42.929370,38.665681,42.636720,37.408563,37.518920,41.610779,37.773659,41.240176,35.282953,40.054688,35.853026,41.003502
Trường mầm non Vườn Hồng,32.914246,36.726722,24.280093,29.952312,0.000000,32.143303,27.901526,42.642057,32.627173,36.692347,29.418625,39.241699,33.104077,28.356032,34.219081,35.291304,40.936509,34.353073,27.813146,39.139499,39.434204,42.304208,35.487599,37.773112,37.241768,33.437454,37.545550,39.423748,42.937851,34.927882,35.565205,39.868138,38.750287,33.503505,37.819818,37.935337,35.316321,35.019597,36.106182,28.682701,35.278559,41.851373,35.354811,38.928220,36.544434,33.480326,42.038330,41.084794,32.527008,33.050259,40.981069,37.919144,35.207287,34.675782,38.708315,36.051101,35.105331,35.753989,29.642543,37.354066,46.265003,35.050054,42.089176,36.276887,38.434066,33.953738,35.318385,47.583105,32.676503,38.198786,42.551585,41.353704,41.449588,43.262569,40.034580,38.229487,47.409667,43.129161,31.415014,39.073265,44.393750,42.768575,44.737163,42.785397,36.095996,45.160985,41.799097,38.579560,37.064879,42.737156,38.995032,43.189467,42.065720,41.642658,36.736401,40.371889,40.127786,41.299151,38.072138,43.665391,39.547967,44.222046,39.596602,39.326091,39.984915,40.609751,40.813259,43.829132,35.641548,36.867517,42.805645,43.077834,41.807669,40.453559,44.604786,39.706404,44.254643,38.468320,38.274179,43.125938,38.774487,42.586623,36.086347,41.188443,36.656766,42.250200
WinMart+,32.173677,32.624994,32.395047,34.204863,31.775205,0.000000,28.338169,39.744375,30.224988,33.633413,33.442192,35.454573,31.939248,32.474953,33.158524,30.171394,39.683495,30.789055,24.977361,30.854166,36.533917,40.130196,31.861720,36.091623,36.585714,30.406602,37.088584,39.024695,41.100609,32.568829,33.745500,37.296849,38.633027,33.067135,37.984347,34.896351,33.332873,33.794219,30.661259,35.850881,37.757216,39.703095,33.473555,38.726346,34.100424,31.466705,40.156226,40.335967,32.631333,30.419693,37.489976,31.584135,32.678157,36.592961,36.085042,36.624198,30.802700,36.405388,27.606827,35.169023,43.515995,33.732598,34.568028,38.006599,34.514084,30.080289,34.924487,47.048041,36.576358,36.239362,35.020456,31.215336,40.677302,41.794654,34.691770,31.363358,46.828270,42.161373,31.152307,33.652545,38.459423,37.042765,40.820303,41.552130,33.980873,43.239876,36.025912,35.535055,37.340576,37.620892,34.652763,37.488617,37.191616,36.899663,34.457142,34.848204,30.329914,34.487204,38.128506,38.309947,35.447478,42.738138,31.868415,33.887815,35.584786,34.591040,35.110007,38.611339,36.017635,32.368252,38.237437,39.310122,36.241538,35.043554,40.403299,37.025134,40.175192,35.018887,33.796963,38.853545,38.734727,38.841773,36.250317,37.624803,36.781638,38.958843
WinMart+,19.578403,42.966010,25.983411,38.312383,41.455581,34.653485,0.000000,43.836511,37.543230,34.870220,38.615083,36.512176,36.742973,37.512722,39.318984,37.882809,42.858602,38.944335,31.424247,37.225075,43.914751,31.485563,29.154988,40.627629,34.148681,37.820083,38.783823,41.854395,43.512943,38.632078,28.008376,33.090222,28.893978,37.045744,27.815624,41.676807,38.342815,29.534339,35.219371,32.535394,44.198990,41.358444,35.229679,41.409681,30.144010,36.928332,41.768213,32.417951,37.670871,35.413850,43.774372,40.917559,28.428607,36.696001,41.866575,38.706729,34.469038,28.414613,40.332618,34.022584,45.650451,36.659463,44.130903,38.222640,40.979952,36.799411,39.390977,52.490838,39.768440,32.137125,32.855094,38.255802,42.515081,43.903764,42.495167,40.437461,51.134463,43.244778,32.151472,35.586684,45.657018,44.260439,46.322265,43.111345,32.221363,45.125086,43.399383,34.772426,39.113581,44.050400,35.465777,44.484048,43.493638,42.919281,32.593322,36.429090,31.968810,42.804801,39.897482,44.775777,35.825577,37.277737,33.227581,35.572835,41.280659,36.366334,36.827134,44.834749,37.986635,34.462237,43.793078,36.048734,37.874083,36.597832,45.206930,39.167563,39.035981,35.478828,35.070415,44.061015,39.584223,37.064670,36.957902,42.185277,37.480402,36.467369
Siêu thị Đức Thành,35.821789,39.874151,31.661751,27.483973,40.331874,35.129193,35.449982,0.000000,35.415745,39.360362,34.171828,41.533588,36.770039,24.111838,37.416195,37.544120,39.054703,37.630887,29.978902,41.106951,42.962249,44.186554,37.348163,40.449891,39.262842,36.195069,39.581737,37.837945,43.083637,37.490530,37.227762,41.650911,37.571542,35.105587,36.297541,40.584049,37.004386,36.653264,38.122739,39.516898,37.897652,43.641285,37.012305,37.399170,37.969585,35.514060,43.688127,40.664581,34.147653,34.482747,43.349428,39.929381,36.586167,36.319550,40.813011,34.585664,36.749077,34.210542,31.255986,38.707761,47.743973,36.295423,44.043687,37.772232,40.109342,35.385937,37.276360,49.076499,34.079363,39.499938,42.531777,42.668262,41.179907,43.438154,41.920646,39.748636,48.762709,44.178961,32.661600,40.014219,45.927456,44.271403,46.676965,44.031553,35.428236,45.844661,43.325488,38.098326,36.069323,44.091872,40.186809,44.668682,43.366178,42.903665,36.099784,41.374729,41.141256,42.599946,37.225296,45.043387,40.676858,44.578123,40.472148,40.370642,41.168260,41.667853,41.863789,45.160401,36.935914,37.629709,44.004409,44.074163,42.823082,41.426240,45.683734,40.525521,45.333854,39.410043,39.099362,44.255106,38.553268,43.575154,35.779367,42.161784,36.381030,43.113568
WinMart+,29.776831,34.399604,28.821899,30.473720,26.991344,27.916022,31.384794,36.979490,0.000000,35.168109,30.029773,38.482677,27.715136,29.192117,27.884344,32.584498,37.763186,31.496379,23.611375,38.495059,33.202298,42.308831,34.261202,38.489912,37.405050,30.757295,36.838190,37.500331,39.925093,33.552179,34.444603,39.421759,37.413890,32.348153,36.616971,33.489239,34.185563,33.918590,35.731533,37.508073,37.904979,41.764718,34.269526,37.281841,35.781898,31.889662,41.999562,39.461088,31.078353,31.671358,37.476529,34.749842,34.321315,33.906455,35.438136,35.360575,34.476764,35.102856,27.367565,36.682609,42.993127,28.687449,35.519541,36.085698,35.914566,33.005469,34.029366,48.431910,31.446812,37.702447,41.249333,37.189315,39.952289,41.085150,37.294830,35.951404,48.054521,43.208620,30.154788,30.514087,39.743788,38.076138,42.342233,42.842424,35.709723,42.788134,36.906906,36.455577,36.342790,38.604621,35.178410,38.561176,38.083613,37.693929,36.279372,37.250870,36.978549,35.067137,37.200940,39.404869,35.979779,42.270732,36.827614,35.974323,36.168910,37.214356,37.502522,39.712642,33.582371,34.476081,39.137511,40.106648,38.742546,37.420144,41.431983,37.170313,41.148090,35.408286,35.712354,39.754591,38.400251,39.609749,35.885006,38.289633,36.431924,39.616241
Siêu Thị T-Mart,31.420820,31.903731,31.214622,36.877816,35.868785,33.499147,25.977437,42.197269,34.239089,0.000000,34.550727,36.464268,39.304915,33.541589,35.568320,24.672740,41.590363,35.643030,28.967954,29.577062,39.200305,42.838551,31.226272,39.251139,29.548299,34.371769,40.613025,40.608479,42.556633,35.971705,33.857972,38.592240,33.966329,32.844920,39.373278,38.151156,33.165509,33.822334,33.971278,36.372906,40.660931,41.989607,33.368939,40.225183,34.200790,34.144402,42.294488,35.715956,34.301755,29.433138,40.401236,33.699597,32.458284,33.520135,38.716545,37.873217,33.301206,37.677879,29.902481,35.509960,44.568993,33.746271,36.782892,35.715285,36.216040,34.819091,37.226051,51.401770,37.495468,36.770490,35.223425,36.891727,41.653969,42.857272,39.761652,33.089318,50.556425,43.629420,29.534356,33.644056,39.916494,38.549654,43.353602,43.263332,34.012007,44.130928,37.635097,35.791277,38.395787,38.932797,33.636965,38.985891,38.472715,38.189979,34.535185,35.097650,29.903315,35.956156,39.160743,39.668412,34.252041,43.583096,31.709518,33.997570,36.877260,34.803724,35.391747,39.907794,37.136445,32.220479,39.417171,34.757291,36.690916,35.304986,41.367466,37.491748,38.169405,34.343639,33.806598,39.899486,39.151550,35.985168,36.651383,34.946945,37.174897,35.512038
Trường Trung học cơ sở Tân Định,32.846327,36.353967,29.262151,29.500311,34.940056,32.191499,33.297209,36.118751,24.110183,36.457642,0.000000,39.027859,33.120175,22.697864,19.373502,35.204748,28.356569,34.329642,28.016789,38.954410,26.967114,42.018023,35.439587,37.542198,37.089413,33.466961,37.250686,37.108272,39.596736,34.894602,35.407147,39.678054,37.115624,33.485870,36.295287,25.574988,35.252562,34.983230,36.034918,37.975401,28.076177,41.591362,35.289602,36.928904,36.483698,33.505631,41.794977,39.248778,32.561612,33.068661,30.204939,29.123870,35.179496,34.663103,27.851126,35.070324,35.077184,34.812635,33.069706,37.217549,42.827662,35.030072,33.545165,36.217349,31.327557,35.828567,33.870927,47.106916,32.568180,38.099592,41.130771,35.884739,39.771267,40.896289,31.880029,31.856820,46.902632,42.941613,34.864370,35.325212,37.992555,36.488199,36.258982,42.575378,35.560108,42.653908,35.367581,37.707769,36.115012,37.172409,34.122605,36.968784,36.762141,36.427258,36.121900,36.308665,36.042457,35.972075,36.988743,37.890265,34.946866,42.136458,36.030672,35.045381,35.067590,36.199217,36.470646,38.222140,30.292555,33.857049,37.864337,39.059856,37.735793,36.489609,40.198053,36.436007,39.962143,34.587857,35.008008,38.541681,38.328461,38.568900,35.805500,37.342486,36.360219,38.724691
Trường Tiểu học Hoàng Liệt,37.898940,40.928226,36.416063,38.478599,40.629930,36.121014,40.729777,42.428104,35.432551,37.501832,38.691516,0.000000,38.152753,37.824274,39.221518,31.881230,41.995490,36.370521,32.095129,26.163555,42.691834,37.505530,25.251439,38.332851,29.807796,35.555762,33.042055,41.331705,42.647775,36.458803,21.800050,32.690309,34.056565,32.771717,35.055220,41.145865,33.090851,26.793862,31.856910,36.302084,43.219381,36.984137,30.965618,40.968589,32.151148,35.143030,38.047801,35.659613,34.251483,32.154289,42.851251,40.655753,30.426971,33.482291,41.435602,38.739201,31.754791,32.574433,31.828409,32.047141,44.571417,33.607799,43.257261,35.379507,40.764659,34.407179,39.348855,48.231186,36.735519,33.826902,35.224105,36.331383,42.028307,43.113463,41.960916,40.306254,47.670240,41.471407,29.695506,33.487488,44.712626,35.861971,45.033813,40.754065,33.187164,44.188423,42.809848,33.745780,39.100252,36.037147,33.599502,36.145490,42.995850,34.864954,33.550261,34.661303,29.832955,42.397997,39.776160,44.023514,33.944210,38.769124,31.495669,33.642163,36.080445,34.392293,34.945469,44.091465,38.173068,32.993525,37.231335,34.344667,36.140373,34.855050,38.897173,37.886443,37.531263,33.956866,33.615949,43.546205,40.087674,35.524146,37.505671,34.627604,38.005097,35.057734
WinMart+,33.123947,34.651393,30.977431,32.873232,29.598275,28.889224,30.701947,39.361502,27.450921,37.456265,32.176352,36.967037,0.000000,31.200568,31.994626,33.556822,39.379797,28.098236,21.627435,32.862757,35.740973,40.708104,33.457233,35.516629,40.456115,28.405956,38.573301,38.720848,41.058056,31.240257,35.339758,38.204857,38.353214,28.020073,37.634414,34.419444,35.027588,35.075273,30.013773,36.689405,37.695019,40.312765,35.098597,38.416354,35.088087,30.398240,40.649177,40.236052,26.430900,32.047093,37.388630,30.805369,33.736693,29.719810,35.837947,36.229169,30.422815,35.994847,26.477627,36.013132,43.760488,25.180253,34.045533,32.953822,34.118933,29.635900,34.635892,46.682711,28.018353,36.954492,41.728161,31.075834,40.618652,41.837498,34.319854,30.742021,46.517967,42.312117,27.023346,28.179496,38.492984,36.912409,41.118947,41.798190,36.188452,43.407966,35.793977,38.371972,37.056139,37.561202,34.375922,37.420445,37.093538,36.793051,36.765936,29.989329,25.196554,34.155258,37.891162,38.327990,35.239970,42.844265,27.493062,28.772401,35.384677,29.271811,36.782289,38.660679,35.858710,29.349211,38.248213,39.390619,31.279364,30.257280,40.585344,33.790703,40.333170,34.834816,29.888054,38.912321,38.654205,38.892600,36.123112,37.590076,36.670043,39.009092
WinMart+,30.084656,32.724168,26.780003,18.720045,30.172443,29.508626,31.332916,23.155425,30.046402,33.271155,21.376853,36.045682,29.800281,0.000000,22.871804,32.599839,22.412597,31.042451,26.659202,36.363022,25.839143,39.176389,33.465951,34.161180,34.428740,30.769090,34.535807,29.198443,30.848848,32.096540,33.295159,37.260233,31.272458,31.639950,30.191929,32.667289,33.138590,32.955627,33.531461,36.150292,31.384656,38.671116,33.195894,29.810782,34.819046,31.375691,39.041453,33.897459,31.000694,31.492295,34.883736,31.634482,33.679570,32.791702,30.577491,30.279631,33.131576,29.975820,28.405757,35.227028,35.911470,33.428007,37.490066,34.256904,34.449601,37.863784,32.203436,43.706146,30.979085,36.428599,37.583463,38.098025,35.142179,35.197336,35.246861,34.484200,43.768993,40.839237,36.766496,36.882357,40.438462,39.053172,38.959287,40.466655,32.875601,37.394029,38.095998,34.512061,32.082671,39.351496,36.455894,39.403803,38.931047,38.479159,33.221746,37.769695,37.541893,38.219455,32.882852,40.027640,36.846430,37.506326,37.286402,36.719666,37.067782,37.844899,38.092838,40.236103,32.807148,35.027069,39.629838,40.308832,39.105411,37.932508,41.517586,37.520059,41.250397,36.096061,36.326296,40.123520,36.780672,39.887379,34.496566,38.726318,35.058081,39.784321
Cục Dự trữ Nhà nước khu vực Hà Nội,33.827923,38.319901,32.238226,34.266965,34.613696,31.532972,34.077280,40.829217,26.541855,38.115938,24.245279,40.763204,32.505603,24.496388,0.000000,36.334865,40.423922,34.001405,27.073183,40.409818,28.427108,43.841293,36.348214,37.890374,37.282238,33.044895,38.617564,39.525630,41.837141,26.551909,36.296666,41.072443,38.986153,33.283613,38.306311,30.723238,36.072842,35.730061,36.051142,38.908415,36.217510,43.257099,36.104897,39.166552,37.260241,27.077218,43.343618,40.774664,32.251148,33.546267,35.731203,33.062517,35.815047,34.539690,33.720348,36.807417,34.992558,36.573090,35.664858,38.082414,44.353932,35.585952,38.369110,36.242275,34.704587,38.670901,32.653003,49.253880,32.400058,38.947236,42.088067,38.988810,41.095830,42.385007,36.014853,34.882393,48.868403,43.991587,37.109113,37.257382,42.145340,40.247740,41.739734,43.791005,36.516897,43.885294,39.044086,37.388039,37.533421,40.521794,36.579436,40.769175,39.851383,39.435030,37.094260,38.535743,38.251322,38.960038,38.368653,41.505728,37.364929,43.290680,37.923163,37.263305,37.694728,38.615832,38.906921,41.751211,32.562934,35.286711,40.872267,41.537339,40.114558,38.692250,43.099884,38.181246,42.751004,36.543037,36.638632,41.394256,38.843488,41.034651,36.296689,39.528553,36.835813,40.837603
Trường Mầm Non Đại Từ,29.656346,29.158607,29.859599,34.265678,33.087102,28.727905,25.603520,37.801404,31.734780,24.611325,32.609015,29.439521,33.377886,31.917435,33.487026,0.000000,38.156115,32.327805,27.868240,24.430222,36.205433,37.744369,30.673706,35.479223,25.498120,31.847722,32.288563,37.929171,39.420924,33.213144,29.301465,35.124284,36.374075,29.329176,37.295888,35.845328,28.345591,30.806818,29.307767,34.234077,38.035391,37.473631,28.861888,37.765715,32.515778,32.270468,38.161725,38.373932,31.780559,26.123062,37.822700,32.224805,31.164558,31.186380,36.632577,36.250747,29.764382,36.063346,29.030404,25.415556,41.460946,31.560865,34.517018,33.756012,34.507348,33.139546,35.549497,45.195879,35.332674,34.819682,37.288453,35.603676,39.600801,40.327419,37.652878,31.934955,45.188848,29.700629,27.794736,32.239580,37.588777,36.503223,40.502404,40.155106,35.483047,41.546238,35.679787,37.709984,36.897803,35.300649,32.405018,36.837550,36.692364,34.134226,36.060211,33.887951,28.361231,34.480759,39.318604,37.526448,33.010579,42.591778,30.489193,32.647626,35.535582,33.443828,34.102287,37.789147,35.786063,31.201537,36.846720,33.576625,35.522090,34.114121,38.739897,36.585334,37.168214,33.295227,32.869501,38.124952,39.620237,34.954142,37.065870,34.025055,37.573731,34.547028
WinMart+,37.516573,41.179013,34.064349,31.990070,42.363520,36.848502,36.777277,35.421885,37.052307,40.564116,27.405274,42.577226,38.688611,23.593901,39.025535,38.740102,0.000000,39.351220,31.552217,42.035219,44.363485,44.919552,38.420041,41.643382,40.241790,37.787896,40.380849,31.620654,35.922339,38.910578,38.046881,42.478066,33.822999,36.073504,32.315285,41.825999,37.940638,37.595226,39.227064,40.275631,33.664316,44.365912,37.930927,32.230256,38.784256,36.757611,44.358931,37.447446,35.205860,35.407167,44.256328,40.938057,37.425711,37.306671,32.472477,31.770329,37.720587,31.364281,32.409408,39.356995,42.869970,37.056283,44.662597,38.626171,40.963369,36.128114,33.938245,49.333466,34.795521,40.181523,40.619074,43.106296,38.470757,39.775358,42.771901,40.538452,48.931075,44.599824,33.524340,40.499347,46.352091,44.800122,47.142270,44.531735,34.158172,42.579570,43.858503,36.551084,33.838478,44.572512,40.805248,45.056842,43.912153,43.343476,34.758459,41.623306,41.401865,43.176652,34.930888,45.369908,41.175474,41.851179,40.713386,40.700653,41.594696,41.979835,42.220106,45.439514,37.709500,38.004990,44.301157,44.237207,43.025574,41.747994,45.825709,40.701696,45.458217,39.742413,39.541047,44.591935,37.840248,43.860456,35.184775,42.577224,35.794100,43.291554
Cà Phê Parkland,33.236774,34.938575,31.358808,33.060805,30.311245,30.598034,31.424693,38.420383,28.656800,37.383023,32.428656,37.016935,28.964313,31.541165,32.202167,34.154600,38.725055,0.000000,24.015531,33.358764,35.563749,40.360094,33.828816,32.545967,38.459961,19.450025,38.301287,38.278999,40.340904,25.986792,35.511565,38.122481,38.036389,27.745529,37.364485,33.070994,35.274185,35.280972,29.072206,36.740210,36.541802,40.010806,35.327090,38.037434,35.256403,27.043253,40.347391,39.801891,26.474873,32.511897,36.223091,29.598725,33.991287,29.114952,34.803035,36.100820,29.669463,35.882204,23.795253,36.062042,42.896690,25.380492,31.750551,31.825126,32.552906,29.107834,33.735736,45.782044,27.756241,36.981961,41.341140,35.182171,40.208242,41.247320,32.800243,29.027609,45.703639,42.017944,26.973234,28.027692,37.438759,35.707663,40.132023,41.481110,36.114040,42.731597,34.407927,38.160248,36.895895,36.595198,33.293885,36.298387,36.151464,35.818998,36.659791,35.879313,35.582250,32.869764,37.683796,37.407267,34.275927,42.276902,35.640751,34.460858,34.373918,35.700578,36.003251,37.817377,35.018343,33.389021,37.475232,38.873160,37.432077,36.069221,40.112880,36.108874,39.853232,34.042649,34.546546,38.238960,38.547381,38.320746,36.086907,36.975061,36.618188,38.538576
Trường Mầm non Định Công (Cơ sở 3),29.592850,30.419557,28.146827,28.912820,26.576424,23.925543,28.650863,31.251327,25.475677,29.942786,28.666141,32.207305,21.513945,28.509447,28.723472,29.198016,32.656013,22.649944,0.000000,29.975828,30.749741,35.184341,30.689374,26.345662,26.518258,22.422697,32.040364,33.570682,34.489483,25.158575,31.221455,33.841225,34.143617,23.215557,33.536285,30.130345,21.570357,31.588365,22.384247,33.472226,32.563204,34.939247,31.126598,33.651158,32.364354,24.438309,35.480050,35.635518,22.041747,29.670205,32.259672,28.212775,31.466413,24.552181,31.861098,33.097784,25.086669,32.903034,23.021034,32.813960,37.139169,22.129119,26.974690,27.849888,28.489371,25.341650,31.217113,39.442612,24.146904,33.920062,37.930437,27.308195,36.354275,36.573182,28.566509,26.497316,39.803772,38.130718,23.897655,25.623029,31.075832,27.959966,35.149509,37.422293,34.114599,37.912451,29.420751,35.433655,34.065978,26.773661,25.845351,28.407111,31.203185,26.710261,34.402657,27.443328,22.909896,29.059922,34.655703,31.584323,26.813243,37.938926,25.331024,26.210087,26.722494,26.579321,27.268497,30.013044,31.374625,27.331549,32.312225,27.474213,28.587383,27.726562,34.479186,31.444957,30.407789,27.875058,27.867111,33.058002,37.065037,28.914731,34.998516,32.845100,35.497763,29.059950
Highlands Coffee,37.303361,39.464681,36.149598,37.972758,39.640798,31.690576,39.636137,41.256823,32.668702,31.003646,38.134085,22.766794,34.091305,37.460512,38.608124,26.864986,41.072572,33.206820,29.888674,0.000000,41.605595,36.805597,27.430995,35.309345,26.566090,32.799073,20.935429,40.662979,41.756072,33.733955,17.243197,33.090068,34.120562,28.978226,35.017509,40.379153,28.383851,21.028670,29.013176,36.092618,42.264226,36.406032,18.329821,40.368684,32.503021,32.920967,37.328745,35.525839,30.977985,18.491127,41.927918,40.058762,30.981015,30.525953,40.759443,38.434506,29.462496,32.737918,30.180075,32.330570,43.596351,30.765019,34.509245,32.434402,40.228787,32.009395,38.890848,45.486293,33.282407,33.935201,35.176279,34.154672,41.473034,42.394258,41.253970,39.825396,45.384005,40.687050,27.841075,31.498907,36.930316,33.945860,43.961915,39.932878,33.248440,43.406216,35.402506,33.764801,38.794165,33.958185,31.814388,34.232360,36.324219,33.074712,33.586618,32.801828,28.174909,34.487439,39.422927,36.896067,32.084259,38.454900,29.989049,31.755996,34.283119,32.389495,32.963537,35.056823,37.928834,28.249786,35.418197,32.597017,34.161329,33.027851,37.068579,32.934427,35.643905,32.424526,32.185939,33.597143,39.905644,33.819245,37.425185,33.113952,37.916745,33.532539
WinMart+,33.059131,36.556958,30.594208,30.952513,33.144936,31.050736,33.492479,36.023711,26.977864,36.655144,27.997989,39.245732,31.731767,26.607580,22.023486,35.363981,30.144710,33.072451,27.253514,39.149331,0.000000,42.197481,35.612613,37.487734,36.272856,32.448372,37.379340,36.960546,41.467381,38.268547,35.509859,39.849919,36.998965,32.847798,36.272313,29.221165,35.359999,35.091676,35.238283,38.115950,28.208482,41.759347,35.397214,36.819822,36.616922,34.784465,41.955583,38.896086,31.968547,33.200094,36.268863,32.786913,35.305454,34.045358,33.601749,35.180856,34.459126,34.946755,35.865717,37.291760,41.858146,35.138180,39.373593,40.550502,34.812068,39.120332,32.254815,47.197478,32.017017,38.225117,40.716846,39.546364,39.396631,40.302798,36.464025,35.004090,46.976806,43.040193,37.417481,37.526665,43.557099,41.256654,43.772983,42.692008,35.591782,41.888277,39.805238,37.548607,39.654134,41.418545,36.872369,41.800726,40.665645,40.030296,36.121094,38.832550,38.512545,39.641338,36.911319,42.557077,37.628306,41.511241,38.085666,37.443794,37.991101,38.954037,39.268446,42.791376,32.355910,35.270387,41.590368,42.126862,40.561006,38.975856,43.985617,38.340054,43.573750,36.616227,36.810623,42.141649,38.242220,41.575276,35.813498,39.984564,36.352465,41.250893
WinMart+,39.049558,44.411408,36.973732,39.364030,42.457765,36.184161,36.448266,44.502998,38.514390,36.911777,39.684975,37.243426,37.916722,38.639583,40.250901,35.164378,43.517443,39.793799,32.531276,37.530322,44.567303,0.000000,32.409592,41.279289,34.886077,38.657065,37.646512,42.488929,44.023454,39.383696,30.287537,29.082571,31.328367,37.190860,32.544762,42.357393,38.179606,31.986979,35.674884,32.844223,44.682351,31.600332,35.135106,42.037090,27.396014,37.655946,33.797722,32.668023,37.728285,30.329019,44.274272,41.530818,25.452588,36.906036,42.460789,39.306706,34.979336,30.219386,40.790174,28.892627,45.995743,36.859045,44.533371,38.159457,41.508764,36.907333,39.982317,46.005914,39.318594,30.409160,33.022396,43.060984,42.935023,44.316139,42.988385,40.946370,38.106014,39.793853,32.891378,35.862526,45.922585,44.588596,46.594159,35.090937,30.402226,45.458719,43.764185,30.198652,39.624502,44.362899,41.186030,44.784965,43.823767,43.253124,30.662587,36.539542,32.627256,43.157885,40.376852,45.045871,36.036512,37.249313,41.332417,35.810795,41.651222,36.512510,36.920933,45.096334,38.530383,40.477627,44.078607,36.209879,37.827016,36.714663,45.406675,45.535755,45.072644,35.679561,35.329714,44.325809,39.548021,43.640890,36.959848,42.474684,37.474550,36.575425
Trường Mầm non Hoàng Liệt (cơ sở Tứ Kỳ),33.656950,34.676327,33.122103,35.180838,36.297965,34.629138,35.587711,38.147061,34.918731,35.020079,35.292723,26.382001,36.197920,34.822597,35.899150,31.775982,38.392609,35.133077,32.040487,29.244361,38.688305,31.122458,0.000000,36.721801,30.296473,34.621956,29.017949,38.404506,39.379660,35.341917,26.021325,28.392391,31.864796,32.373507,32.830330,37.866901,32.543941,23.041557,31.740751,33.176269,39.861874,31.149237,25.467335,38.272551,29.215715,34.407855,32.732305,32.959324,33.551491,23.866609,39.531405,37.894971,27.880581,32.993953,38.524491,36.779537,31.676843,30.899447,31.719451,29.139057,41.418398,33.086158,40.214233,34.438814,38.284051,33.724359,36.927539,41.241526,35.257915,30.971681,33.241308,35.369857,39.853409,40.555842,39.148032,38.002853,41.713853,38.204063,29.981098,33.073058,41.920837,40.917160,41.772484,36.855443,31.727452,41.651258,40.228230,31.881530,37.307610,35.160998,33.207717,41.106581,40.646425,40.225674,31.997860,34.013070,30.008417,40.105403,37.919435,41.475197,33.447791,36.764999,31.379504,33.169135,35.264438,33.777055,34.250706,41.581812,36.319209,29.068330,41.016368,33.782887,35.246648,34.214048,37.689193,33.381306,36.468864,33.496884,33.244011,41.350687,39.169138,34.817814,36.794840,34.103451,37.286052,34.453621
WinMart+,39.875128,43.248092,33.488770,35.120055,42.503471,34.782394,33.274703,39.582413,32.286530,39.025273,34.098378,38.107257,35.248592,37.110768,38.133637,36.165412,39.599066,33.177901,27.928829,34.919615,37.931257,40.797169,35.156852,0.000000,39.518973,33.715947,39.277754,39.067594,44.339724,36.486983,36.767777,38.848759,38.707731,33.641060,38.137218,33.503519,36.578255,36.361104,36.924782,37.489844,39.529533,40.483645,36.595215,38.802973,36.154861,33.507684,40.734599,40.213947,32.512098,33.914725,38.987206,27.635674,34.991212,35.041770,36.121923,37.256976,35.548981,36.694606,28.050792,36.871544,43.293664,29.971275,38.600790,36.868574,36.168272,38.815373,34.330013,45.470234,32.602142,37.646506,41.880750,39.220021,40.974490,42.037020,38.281449,28.010492,45.423495,42.124950,37.001315,37.188512,43.413740,40.919027,44.801100,41.668874,36.590261,43.334044,39.378661,38.568018,41.131032,41.154331,36.371493,41.544549,40.289926,39.753342,37.119713,38.631457,38.302602,39.211226,38.583421,42.389506,37.295049,42.864330,37.913656,37.168886,37.655198,38.730442,39.053451,42.657021,33.691639,35.053260,41.437175,42.061195,40.428822,38.784341,43.980340,38.201951,43.552076,36.356263,36.515155,42.030099,38.909135,41.477855,36.456366,39.771134,36.972028,41.176190
WinMart+,35.945587,37.208822,35.176543,36.729492,35.438068,36.838953,33.711946,40.592668,34.730651,40.653738,36.003639,28.560663,38.069275,35.164938,35.592196,24.586482,40.481258,35.809186,27.858168,25.654287,38.235581,41.773214,29.664199,38.455336,0.000000,29.748170,28.664767,39.863830,41.418761,36.025839,28.322181,39.613708,39.410194,30.165752,38.917821,36.837835,25.004772,29.527459,33.917628,38.020520,38.880783,41.381386,28.121645,39.591456,36.607467,34.546104,41.593320,35.964007,27.496675,26.486304,38.682230,34.095067,35.365753,34.900765,37.480735,37.670562,32.783438,37.498821,34.963508,25.804220,43.230623,25.307740,38.779834,37.930409,36.222477,35.753555,36.331927,46.591296,29.508541,38.138001,35.536695,38.548710,40.981558,41.911270,36.343723,37.937723,46.449189,29.587708,27.768075,28.986384,38.930455,37.489575,41.140184,42.378933,34.433554,43.051969,36.560667,36.218484,38.161613,35.428430,32.277482,37.934608,37.617741,33.954093,34.884914,31.091883,25.280540,36.906157,38.824702,35.904365,33.369852,42.660213,27.981385,29.649221,33.352249,30.312355,31.100019,38.753252,36.401294,30.038171,34.968085,30.936902,32.689839,31.369635,36.457995,35.238422,34.655443,30.996562,30.703021,37.446362,39.001629,32.520534,36.627038,31.811219,37.127072,32.365931
Trường Mầm non Sao Mai,32.835539,34.219395,31.205177,32.642229,30.191308,30.418488,31.279199,36.823400,28.865196,35.779654,32.068046,36.164966,29.302225,31.371342,31.878084,33.445547,37.468944,26.182553,19.269188,32.991744,34.812155,39.250877,33.463254,30.331042,37.064003,0.000000,36.969400,37.372363,39.054015,26.035915,34.822373,37.317099,37.324626,24.987608,36.699410,33.543049,34.617829,34.723532,25.027509,36.207872,36.271925,38.990637,34.670711,37.216100,34.849860,25.222643,39.358739,38.986537,23.718679,32.290784,35.947229,29.089845,33.702438,26.341926,34.895628,35.647666,26.911796,35.437028,23.054442,35.537751,41.566009,23.412738,29.004099,29.488396,30.427816,26.851330,33.891496,44.200827,25.579235,36.481402,40.636582,28.595420,39.433581,40.238181,30.658382,27.675794,44.256030,41.240056,25.130121,26.629348,34.280978,32.972546,39.108891,40.627303,35.839045,41.643899,31.888018,37.670633,36.442005,34.036974,31.637064,33.497122,33.842938,33.576035,36.344407,34.164261,23.866141,31.026920,37.166966,34.619394,32.525759,41.329255,26.192637,32.845933,32.501313,33.865056,34.149873,35.053066,33.314229,28.112738,35.114279,36.798019,35.516558,34.378837,37.631114,34.723524,37.467313,32.629342,33.340477,35.919760,38.302327,36.297798,35.936226,35.187587,36.451727,36.765984
KFC,34.847275,36.723894,33.981394,36.293066,38.104401,36.338831,31.314288,40.197430,35.491305,38.949578,36.585185,38.383876,39.148065,35.621189,37.324945,29.195919,40.024570,36.671637,31.274882,33.148857,40.465160,45.714544,35.784373,39.153118,26.066889,35.593244,0.000000,39.493479,41.017487,36.725273,27.452285,40.266917,39.813317,29.685045,40.734854,39.364901,28.811023,30.225868,29.555295,37.977778,41.455065,44.698046,26.710903,39.243986,37.634712,35.135606,44.644213,42.772126,32.093079,24.184571,41.232152,39.113589,35.775377,31.451204,39.695195,37.408395,29.950797,34.119204,31.349742,24.392073,42.859552,31.817252,37.199547,34.035917,36.655509,33.440962,38.273844,52.925596,35.922588,38.619222,40.416242,35.864837,45.744665,41.596052,40.543129,33.919235,51.939006,29.364855,27.935563,32.411561,39.750160,35.369327,43.700682,44.798264,37.406529,44.752572,37.844231,40.164231,39.900739,35.495116,32.562639,35.795749,38.536447,34.321992,38.131339,34.273786,28.614677,36.372514,41.963275,39.568755,33.175126,46.119770,30.710180,32.920688,35.773701,33.717978,34.344820,39.802550,37.001321,31.097765,37.109180,33.850509,35.856373,34.337268,39.044835,37.129583,37.519795,33.516324,32.990642,34.776481,40.806748,35.158705,37.962887,34.153541,38.494203,34.781858
Trường Đại học Công nghệ và Quản lý Hữu ,36.227757,38.755683,33.731748,32.357394,38.860778,35.699917,43.305995,34.022139,35.900653,38.528126,35.488593,40.525336,36.883196,28.005075,37.231316,37.318343,31.319051,37.457437,31.882077,40.317871,40.871905,42.697575,37.530988,39.333665,38.577414,36.501974,38.620678,0.000000,28.561590,37.378738,36.938794,40.829167,29.220257,35.333627,27.507732,39.500040,36.857098,36.591755,37.781972,37.751374,36.722026,42.087590,36.852518,17.400638,37.985554,35.872837,42.202433,33.204927,34.818124,34.874801,41.439264,39.239940,36.844964,36.493002,35.345584,26.069637,36.797744,27.958119,32.372909,38.163063,34.418169,36.314967,42.043244,37.555403,39.516690,35.395078,35.458087,46.148147,34.248936,39.227190,37.799917,41.309811,33.937693,33.469970,40.688318,39.130290,46.013223,42.887275,33.256392,39.438147,43.749742,42.536191,43.930758,42.887685,32.469116,37.648794,41.751149,34.384407,29.706536,42.495443,39.683297,42.752898,42.052375,41.556018,32.862290,40.277171,40.095753,41.432579,30.811326,43.099605,39.824571,37.776364,39.590478,39.462167,40.131240,40.543210,40.765138,43.197950,37.067778,37.247594,42.408920,42.561358,41.500369,40.419536,43.817542,39.621818,43.523263,38.687235,38.648794,42.724128,36.754033,42.231611,34.219522,41.153567,34.843511,41.861558
Không có tên,39.144806,42.258627,36.549243,36.110223,43.543024,38.598938,47.924825,40.150431,38.699209,41.627442,39.265145,43.261169,40.380686,30.796523,40.504798,39.935735,38.409262,40.814730,33.520541,42.713499,38.935973,45.185370,39.482911,43.284743,41.166436,39.304921,41.235119,29.675845,0.000000,40.185547,39.044531,44.821939,34.393312,37.248018,32.604227,41.122128,38.983966,38.645735,40.256003,40.588541,40.697886,44.721466,38.959023,30.832523,40.995714,40.229443,44.691374,38.531722,36.446623,36.512922,42.697399,37.951249,39.660429,38.374417,37.837968,31.036431,38.740933,31.419340,39.983780,40.104517,43.829677,37.912278,44.289788,39.489989,39.774386,42.263796,38.303342,49.097461,35.911401,41.338474,36.128295,42.811557,38.455991,39.963710,41.472382,39.450202,48.756761,44.807864,40.536106,40.207770,46.115243,44.516043,45.876932,44.782010,34.345266,43.127362,43.534585,36.963459,33.433146,44.312324,40.437667,44.787745,43.605258,43.066519,34.991497,41.365559,41.137597,42.846600,34.619504,45.132722,40.866784,42.219672,40.473088,40.413835,41.285755,41.709686,41.958597,45.210581,36.765441,37.757277,44.072089,44.046510,42.802710,41.502280,45.667454,40.493250,45.291474,39.464337,39.267189,44.380259,37.826519,43.663706,35.116263,42.342771,35.733433,43.109371
WinMart+,28.675577,30.794605,32.594477,34.031693,27.152926,33.017482,32.498387,37.909094,31.092508,37.186726,35.873041,37.033102,32.928398,38.020508,39.111000,34.863420,38.306236,28.105058,27.190669,34.071124,39.268754,39.752711,34.386593,36.379864,38.031813,25.167697,37.859019,38.054068,43.852680,0.000000,35.732353,37.944137,37.889094,26.581592,37.318480,36.251427,35.569812,35.528154,27.326164,36.780276,40.256204,39.484392,35.607145,37.866606,35.500199,24.052312,39.797806,39.402382,25.445912,33.237001,39.791822,31.215292,34.399444,27.858190,37.552862,36.235363,28.365484,36.040297,20.884146,36.130884,41.849101,24.678761,33.296521,38.681520,33.771947,36.810527,35.677916,44.268824,26.797886,36.991088,40.865293,37.017526,39.779403,40.591839,34.111332,28.692136,44.308212,41.444761,35.260127,35.790939,41.291004,38.412702,43.998217,40.894986,36.192254,41.880447,36.504453,37.992528,36.920440,39.135638,34.262804,39.234750,38.359820,37.749583,36.689674,37.189458,36.812595,33.899664,37.606456,40.481335,35.385429,41.558141,36.632927,35.486317,35.627361,37.104923,37.464287,40.895692,36.307351,33.830044,39.818269,40.907428,39.117352,37.358718,42.882714,37.075033,42.448429,34.821337,35.302279,40.601326,38.468871,40.237832,36.126045,38.473399,36.633773,40.132457
Không có tên,33.377588,34.184221,32.923824,34.869007,35.935566,33.713165,30.625479,37.681212,34.052341,33.810805,35.075974,34.327663,36.053639,34.369909,35.737382,28.944143,37.952949,34.771964,30.781727,17.359003,38.127999,40.767637,26.439028,36.901685,26.814842,34.138841,28.479404,37.804085,39.007259,35.090367,0.000000,37.397806,37.975459,29.354674,38.803205,37.542387,28.746299,24.709990,29.334560,36.304188,39.351377,40.336769,19.086705,37.671912,35.929901,34.032147,22.910592,40.090485,31.208736,18.855997,39.167415,37.596015,34.500424,30.785567,38.037175,36.375595,29.699229,33.406876,30.980982,21.898952,40.748342,31.096897,35.814419,32.831156,35.567937,32.530965,36.965814,47.001662,33.926948,36.867147,38.679709,34.713645,43.539122,39.851679,38.853208,33.268687,46.858196,28.238121,28.050959,31.823635,38.184989,34.421631,41.424382,41.866318,36.506091,42.578475,36.583844,38.825578,38.640977,34.445985,32.014039,34.794171,37.331133,33.553995,37.105787,33.321947,28.548501,35.432457,40.374781,38.132206,32.524067,43.687286,31.423000,32.244429,34.840877,32.909985,33.490229,38.341080,36.108171,30.173351,36.008068,33.106066,34.735981,33.552752,37.710907,35.723943,36.253687,32.918806,32.503232,34.077665,40.115887,34.334850,37.514468,33.525359,38.022330,34.056409
WinMart+,37.016701,39.577808,31.288310,37.826023,39.732554,35.101777,37.729404,41.531012,37.266150,35.333577,38.029946,39.284281,36.625362,37.328722,38.561816,34.249516,41.257436,38.382026,32.373442,39.154393,41.866916,28.047319,32.130559,39.761870,36.234381,37.552682,36.254193,40.814201,41.968441,38.211754,32.513610,0.000000,32.215116,38.250160,33.338961,40.478460,39.209485,31.790220,36.765980,33.968005,42.516468,24.400101,34.470918,40.498650,22.684298,36.869547,27.312519,33.600073,38.643218,27.403685,42.160457,40.097138,20.997868,37.864231,40.844922,38.414609,36.011581,30.986211,39.827801,39.277494,43.901376,37.775881,42.615551,38.915266,40.258940,37.677655,38.854700,36.535004,39.924803,27.080192,33.704338,41.789706,42.715144,42.645395,41.380451,39.831049,35.820149,35.518271,34.013248,36.669797,44.098462,42.978346,44.325081,32.880851,29.426642,43.718354,42.254458,28.882272,38.794939,42.906719,40.246614,43.162349,42.488322,41.997610,29.651498,37.182007,33.637145,41.907264,39.508708,43.470313,36.763646,37.643738,39.161798,36.556916,40.634057,37.221391,37.577918,43.545064,37.835695,38.292925,42.772064,36.871970,38.382326,37.356130,44.064195,43.164937,43.784729,40.398345,39.356536,43.057250,39.662633,42.564608,37.104722,41.542170,37.611721,41.093507
MM Mega Market Hoàng Mai,45.049077,49.272753,37.771234,31.639666,46.707486,42.190421,48.104637,32.310906,42.878097,43.818935,33.841247,48.044138,34.968490,28.812250,44.416354,44.770260,30.769164,35.487998,31.592972,46.469002,47.732251,44.108017,41.064167,37.027318,40.991224,34.955244,45.093398,28.708097,31.816176,35.663103,37.966068,43.699062,0.000000,43.126376,17.763651,36.920189,44.682122,39.394593,40.943358,37.967332,36.532174,47.621425,41.755577,29.397886,39.036491,34.713559,47.317953,25.697612,42.988152,41.011412,38.005564,35.629161,37.443122,42.005331,35.458695,30.037607,39.642528,21.063103,32.017663,40.745951,35.948081,41.784187,39.341363,42.839438,37.150934,41.137544,35.475543,52.921406,44.093031,39.622821,30.517222,41.824455,35.112795,35.159965,37.859325,36.957843,52.059225,46.289397,41.655099,39.792757,41.124151,40.171107,40.281703,46.880415,30.883965,37.482367,39.503689,33.360371,31.949874,40.307880,40.522279,40.370249,40.007160,39.609722,31.344570,41.163131,39.370034,39.480474,34.287301,40.763960,40.842174,37.976703,37.147544,40.698651,38.479563,41.495860,41.773505,40.887219,35.482827,37.854670,40.404760,40.713172,42.459666,41.296660,41.754520,41.779568,45.190536,41.542379,39.313278,40.763816,37.001163,43.264760,34.606651,41.957023,35.183908,42.245533
Trường Tiểu học Đại Kim,32.682710,33.087551,32.388899,33.185754,31.781279,34.926466,30.280081,35.646566,31.127637,32.356909,32.814455,33.262209,27.825677,32.281480,40.384346,28.778621,36.268636,30.457001,23.850027,30.527913,34.569799,38.959923,33.124442,32.025451,30.088609,25.419220,29.299291,36.355679,37.486772,27.167284,28.737252,36.277384,37.136149,0.000000,37.909028,39.223723,18.099452,29.860119,24.317114,35.449570,40.955331,38.691824,26.126901,36.301657,35.208199,26.428903,39.122455,38.914853,21.191772,28.194782,40.770946,35.795442,33.958663,28.548485,39.502286,35.286905,27.173233,33.084030,33.422626,35.155650,39.346453,24.938824,37.352097,34.163028,36.954849,33.043496,38.143812,44.566287,25.802849,36.090190,37.863540,36.755046,42.448922,38.590016,37.075197,36.786916,44.605612,30.585312,24.829420,27.062961,37.533191,35.950812,42.845534,40.549414,36.048827,39.691518,35.071143,38.114599,35.949607,33.558555,30.612052,36.453815,36.427803,32.309701,36.600954,29.549459,23.310756,35.685036,39.581065,34.557087,31.865356,42.502451,26.482999,27.916604,31.826591,28.516774,29.419148,37.529912,35.392128,30.127571,33.675825,29.468463,31.182746,29.868043,35.360496,35.626621,33.411994,29.737362,29.521478,36.409036,39.726415,31.236083,37.265992,30.637062,37.758202,31.215465
Không có tên,26.851653,46.380762,25.737649,31.869749,36.477183,34.607172,44.934255,32.677672,34.801301,42.224495,34.196329,45.258718,35.369879,28.813737,35.719619,43.189411,31.007428,35.890647,31.712047,44.329763,38.361147,42.307323,39.903398,37.484182,40.097412,35.296840,43.439741,28.702280,32.271732,36.028230,37.319774,42.102133,18.779612,41.963073,0.000000,37.394099,43.194937,38.561853,36.534150,37.244401,37.007326,45.446363,40.769995,29.462622,38.337072,34.985958,45.352210,20.516667,41.988730,40.239719,38.510712,35.956899,36.946665,41.131823,35.818897,30.118091,35.888041,20.510675,32.149681,39.892226,36.713702,40.951184,39.869222,41.921679,37.511516,40.439902,35.846500,50.203989,42.946428,38.916156,30.894433,39.760972,26.867509,35.693619,38.296250,37.293805,49.684611,45.086935,40.985160,39.285013,41.661582,40.654445,40.864451,45.429637,31.070690,38.148994,39.962971,33.252974,32.124420,40.760530,38.448820,40.860029,40.429874,40.015093,31.476533,40.560884,38.888841,39.887449,32.995341,41.246275,38.605869,38.167502,36.865096,40.117566,38.822209,40.845735,41.115104,41.369305,35.719258,37.564312,40.825365,41.194969,41.764789,40.707669,42.198422,41.246017,41.967089,40.984801,38.945551,41.177892,36.965830,40.893872,34.586673,39.951468,35.163977,41.657662
Không có tên,38.099021,42.164525,36.052131,38.332451,40.829338,36.123245,37.218044,44.510719,33.873563,41.377976,28.615338,43.431079,37.989968,33.951780,33.367759,39.313853,43.425202,38.772270,30.769673,42.742809,29.280910,45.777455,38.887780,37.548771,39.919816,37.184701,40.990704,41.977303,42.797659,38.439993,38.438745,43.148574,39.172215,35.645388,38.554625,0.000000,38.339204,37.963861,38.853621,40.719360,35.508594,45.154725,38.322063,41.477670,39.157980,34.243530,45.085676,40.801836,34.741434,35.650364,34.522987,30.840875,37.736789,39.066334,31.625915,35.674853,38.667219,36.909229,35.637971,39.739843,42.061565,38.072702,40.060605,40.931062,33.780728,39.393328,30.790023,50.277174,37.051238,40.586302,41.047274,39.907290,39.828569,40.805066,35.501868,34.167151,49.778763,45.076897,37.408437,37.525231,44.912506,42.050586,44.783956,45.091589,36.701529,42.335900,40.316227,38.735948,40.195445,42.111894,36.794881,42.692615,41.148691,40.440590,37.260907,39.017556,38.661152,39.960601,37.319813,43.496520,37.687331,41.912292,38.181200,37.492445,38.095821,39.167406,39.506794,43.730493,31.451826,35.164543,42.203333,42.653229,40.922198,39.159948,44.816733,38.443836,44.325092,36.580551,36.764180,42.773678,38.409384,42.042710,35.957049,40.265997,36.488256,41.607411
Cà Phê 3k,33.680212,34.225977,33.278558,34.841008,35.564305,33.979269,31.616052,36.947635,34.179635,34.066729,34.999919,34.668227,35.662358,34.429891,35.478966,30.977098,37.353338,34.750388,25.146814,32.590144,37.450644,39.350467,34.194665,36.406574,28.884053,26.223132,32.099268,37.300857,38.282375,27.322990,30.852325,36.917877,37.526681,22.227416,38.237122,37.044356,0.000000,31.452384,26.175145,36.011914,38.564914,39.089624,28.708996,37.207697,35.817394,34.503841,39.449969,39.195737,28.846530,30.162478,38.411699,36.333857,34.645975,27.688968,37.510124,36.161701,27.375933,33.669792,31.649166,35.745339,39.807050,29.171635,34.394595,30.335415,37.305986,30.439877,36.544794,44.289199,34.520986,36.589959,38.168010,33.486276,42.425271,39.121016,37.402606,37.192475,44.344195,31.303365,31.913010,31.084810,37.834161,33.347713,40.284751,40.681968,36.368765,41.550473,35.902564,38.337374,38.238212,34.883823,31.463158,33.732091,36.903620,33.562569,36.897220,33.266339,26.509257,36.301434,39.729226,38.104924,32.135825,42.470919,29.350846,31.694768,35.251345,32.607389,33.445098,37.946457,37.766442,32.076622,36.810921,32.919230,35.212951,33.519535,39.028814,38.265119,37.207754,32.685391,32.230990,34.221650,39.804210,34.578033,37.390669,33.541579,37.867254,34.162473
Không có tên,33.742282,34.494838,33.255011,35.106648,36.057982,32.908317,35.077350,37.711577,33.472355,32.678377,35.304299,28.074850,34.832101,34.616856,35.856572,29.368755,38.071213,34.003047,30.747422,30.808524,38.246620,31.467278,24.608446,35.801599,27.565365,33.547517,29.286074,37.909283,39.076270,34.373684,24.624297,29.230493,32.042201,29.596514,32.924487,37.668235,29.193400,0.000000,29.540060,33.183204,39.415242,31.645823,24.096648,37.776928,29.707711,33.558025,21.235753,33.102292,31.079726,22.234726,39.211296,37.699715,28.520645,30.742177,38.134049,36.488848,29.819897,31.067588,30.922010,20.357514,40.766790,30.998483,39.913294,32.435557,38.039225,32.141939,36.959192,40.029361,33.152664,31.206725,33.222162,34.090078,39.330583,39.893105,38.916587,37.925492,40.627370,21.875749,28.366242,31.653987,41.594473,33.945067,41.320985,36.423484,31.977808,40.924139,40.052342,32.304836,37.026077,33.934961,31.844756,34.202841,40.455841,33.161131,32.334640,32.882568,28.675570,39.962854,39.399610,41.242569,32.249765,42.195818,30.484222,31.940461,34.265212,32.510383,33.036036,41.361763,36.210434,29.420799,35.318213,32.713104,34.127893,33.110332,36.859753,34.273553,35.508275,32.580312,32.315289,33.679013,39.638167,33.863986,37.216923,33.227534,37.701310,33.613091
WinMart+,35.016419,36.308369,33.801853,35.255095,33.675515,34.993150,33.584491,38.938145,32.867385,38.429680,34.608629,31.862916,28.959815,33.850515,34.246833,29.452184,39.155789,32.570265,22.716228,29.768814,36.894941,36.676996,32.076068,34.174435,32.724377,25.074096,28.671700,38.751725,40.261520,27.688685,28.451026,34.728581,38.477471,24.797850,37.961431,36.807005,21.236025,29.410939,0.000000,37.376569,38.937489,36.556986,26.538030,38.540993,34.088755,26.575267,37.049954,39.872842,21.471501,28.106786,38.687513,29.630740,33.065844,28.421441,37.484372,36.831226,31.154385,36.651720,25.758343,34.035103,42.257210,22.117573,33.637056,35.394336,30.859862,29.260043,36.228451,41.469206,26.185962,34.907910,36.610837,31.748868,40.203783,41.024061,31.066424,34.698568,41.729926,30.176529,25.092799,27.294902,34.866040,31.864714,41.216714,38.687025,35.288095,42.226810,32.275387,37.005282,37.422766,29.974454,27.633461,32.570582,34.245324,29.307046,35.753891,29.772376,23.411309,33.463489,38.085492,32.854513,29.172978,41.896911,26.610727,28.112335,29.099933,28.750627,29.652420,34.456010,33.607653,29.004119,33.965182,29.669555,31.443151,30.084871,33.378074,34.468267,29.959959,29.907207,29.705179,33.906275,38.667323,31.451198,36.332121,33.506054,36.832086,31.406463
WinMart+,42.548145,45.705154,35.698222,33.733889,44.221865,40.219880,43.918055,34.529707,41.184761,41.349889,42.267148,44.373430,41.016876,31.515093,42.500921,42.443625,33.678653,42.015244,36.371641,43.483393,45.475988,41.306702,38.848153,42.910930,39.300299,41.062377,42.732676,32.563188,34.953306,41.526141,36.272200,41.171448,25.386732,41.247967,28.345662,43.836524,42.477907,37.548862,39.443487,0.000000,45.433736,44.770601,40.009243,32.769523,37.405699,39.978222,44.714962,26.191995,41.322905,39.539256,45.097123,43.077929,35.975801,40.460002,43.837157,32.316056,38.394856,21.741793,42.150817,39.100907,37.563120,40.295713,45.182593,41.319079,42.943282,39.848462,36.392144,49.954534,42.375415,38.084787,29.884487,40.642016,38.841607,36.758653,44.092221,42.381703,49.419862,44.650333,40.445130,38.700802,46.175200,45.165022,46.669018,44.920433,30.549085,36.856840,44.522986,32.993793,32.416775,44.954758,39.464770,45.280440,44.541857,44.042426,30.986555,40.069181,38.329863,44.014561,33.989322,45.464939,39.751682,37.647309,36.293080,39.579641,40.927420,40.322119,40.613982,45.484138,40.355565,37.052027,44.651131,39.671135,41.293786,40.214594,44.702737,40.837113,43.961097,40.537565,38.453476,44.855569,36.905469,42.149783,34.511070,40.965059,35.096066,41.240265
WinMart+,37.383499,40.427805,33.362269,33.909501,39.030213,35.768510,36.848789,38.081607,34.021664,40.016418,28.019863,41.943343,37.139365,31.511547,33.762656,38.482635,33.380853,37.809132,31.351705,41.534786,28.939019,44.108073,38.320614,38.912743,39.039033,36.695043,39.901083,37.277443,40.523580,39.248232,37.871590,41.962459,37.885205,35.450459,37.212855,32.863079,37.787272,37.482636,38.153062,40.032512,0.000000,43.639194,37.785214,34.862915,38.666581,35.841996,43.679384,39.630692,34.742831,35.540256,31.303187,28.828226,37.417545,39.472855,27.223451,34.489200,39.167602,35.778109,36.638809,39.106500,40.531088,38.483139,40.700041,41.146191,32.478116,39.746007,23.481053,48.070307,37.483166,39.969262,40.164665,40.228025,38.696194,39.469494,33.818754,33.065159,47.792424,44.084572,37.997474,37.989144,44.382086,42.094977,43.197300,43.980970,36.045592,41.093242,40.675045,37.940618,39.265400,42.124750,37.552055,42.593951,34.768345,40.674314,36.580871,39.273745,38.966194,31.417469,36.296194,43.255708,38.200231,40.801551,38.464863,37.940568,38.590071,39.456317,39.764643,43.449457,30.600744,35.605466,42.166626,42.545079,40.996135,39.418079,44.447074,38.670900,44.018319,37.053831,37.201680,42.665539,37.993031,42.013870,35.603777,40.421587,36.142603,41.602186
Trường Tiểu học Chu Văn An,41.511456,45.441084,39.526564,41.245059,43.785185,38.934500,44.598980,45.238493,40.357510,40.039503,41.511045,40.739358,40.054002,40.446586,41.859763,38.304756,44.478143,41.372150,34.841575,40.369409,45.360884,37.482791,36.210071,42.501201,37.313941,40.336544,39.922426,43.374868,44.807815,40.907095,23.754198,27.832801,36.407098,39.277280,37.273175,43.507165,40.298638,23.218065,37.732982,39.288038,45.388862,0.000000,27.540398,42.919732,24.888338,39.267241,26.577544,38.277191,39.480368,27.657366,45.023228,42.708680,23.459508,38.775260,43.401516,40.375238,36.909734,34.604258,41.821092,24.542901,46.338205,38.693722,45.182456,39.787058,42.533254,38.496302,41.237829,24.733880,40.785574,27.831119,37.264507,43.809949,43.519175,44.760994,43.906556,42.052022,43.494035,38.232420,34.901193,37.466714,46.349143,45.200233,46.901462,35.989190,30.811082,45.728205,44.484652,30.772825,40.550475,44.989385,42.069694,45.349382,44.519200,43.986752,31.183245,37.905564,34.462876,43.935271,41.227708,45.568100,37.523136,40.438594,40.832801,37.319797,42.535641,37.981907,38.334667,45.604785,39.662341,39.927067,44.696564,37.599732,39.096722,38.081490,45.864824,45.181768,45.550414,37.014354,40.849021,44.919720,40.783977,44.275111,38.137327,43.226402,38.629251,37.801078
AEON MaxValu Linh Đàm,32.040762,32.332010,31.831956,33.746707,34.444742,31.811504,29.373150,36.163001,32.828397,31.085145,33.914232,32.012398,34.212957,33.312919,34.537057,27.060435,36.704865,33.367818,29.857661,28.645432,36.770938,38.632003,26.132481,35.479567,24.834634,32.915296,24.778253,36.738749,37.844328,33.858580,18.634722,35.769900,36.839545,26.108507,37.667132,36.395627,23.766962,24.580406,26.924319,35.152948,38.166497,38.355461,0.000000,36.661096,34.731749,33.043147,26.586319,38.695871,28.252918,22.406932,37.988920,36.607100,33.435277,28.524657,36.994601,35.599389,27.828833,32.662174,31.805282,25.417407,39.611772,28.515299,34.722876,30.881861,34.704824,30.845207,35.992777,44.766996,31.171298,35.707407,37.629176,33.401531,42.456717,38.855597,37.831738,34.333631,44.789638,28.881933,26.359674,30.100432,34.379132,33.302519,40.176987,40.439906,35.821988,41.480333,32.838563,37.941125,37.839969,32.885363,30.494563,33.624008,34.036875,32.113145,36.373741,31.777840,26.758138,33.536295,39.463805,32.662349,30.966532,42.510162,32.268751,30.582971,33.437354,31.191859,31.856641,34.608804,33.626705,30.907299,34.678341,31.620989,33.200732,32.040376,36.485965,37.333310,34.893108,31.596461,33.542839,32.881569,39.679469,33.004636,37.179992,32.330661,37.680006,32.809238
WinMart+,37.157076,39.620318,34.901546,34.033385,40.022140,36.651969,43.961067,36.159057,36.809687,39.319039,36.762523,41.199650,37.927229,29.964164,38.172169,38.054728,34.277065,38.411301,32.757895,40.923123,41.753504,43.280592,38.244821,40.103280,39.225967,37.382792,39.246455,18.805725,32.492027,38.187612,37.516149,41.399972,31.173107,35.941122,29.679717,36.172099,37.454329,37.182659,38.456893,38.371104,35.621232,42.597174,37.441435,0.000000,38.556660,36.598980,42.680630,34.685343,35.449761,35.439847,42.082162,39.876558,37.422832,37.096084,34.437432,24.306220,37.391183,29.549846,33.043458,38.631449,31.941094,36.783691,39.147433,38.091745,40.060986,35.933753,34.558944,46.479989,34.783114,39.741133,37.385456,39.192908,32.930339,31.846249,41.249495,39.632652,46.312101,43.182288,33.783630,37.882621,41.219027,40.114472,44.402852,43.249451,33.047483,36.780895,39.347288,34.988882,28.636163,40.258366,37.788793,40.349243,39.905054,39.475860,33.459601,38.619200,38.444229,39.317353,29.779568,40.795527,38.008528,37.110599,38.123375,37.780222,38.224139,38.774680,38.995184,40.933127,37.554060,36.021409,40.375204,40.820357,39.792661,38.788672,41.882349,38.255073,41.635869,37.159857,37.279166,40.765060,36.602354,40.489404,34.052435,39.495942,34.691897,40.313434
WinMart+,35.678056,37.038513,30.127522,36.604079,37.785954,34.316319,34.033544,39.279918,36.218869,34.347150,36.718027,34.386218,35.602876,36.279952,37.170115,33.620140,39.384701,37.151975,32.241081,34.928180,39.727483,27.463378,32.098935,38.370671,33.756793,36.554145,35.183799,39.295992,40.144328,37.125204,30.513280,23.885283,31.170619,35.316407,32.111352,38.842452,35.763536,31.689167,34.450770,32.199786,40.599438,19.206669,33.911724,39.140232,0.000000,36.077699,28.628260,32.114964,35.952619,28.106607,40.277287,38.742940,17.441491,35.404472,39.353183,37.644279,34.085834,30.374401,38.790380,35.284939,41.939722,35.381080,40.807327,36.361352,39.009189,35.529715,37.737017,30.538920,36.978627,22.906642,32.606577,40.444952,40.467231,41.185220,39.842818,38.684696,29.527306,32.445513,32.503927,34.872481,42.282324,41.358399,42.216846,28.351504,27.814697,42.162446,40.729751,26.813129,38.052050,41.394063,39.211128,41.519319,41.075428,40.665465,27.949520,35.414728,32.249501,40.573432,37.914659,41.840987,35.045002,36.089453,37.313702,34.819126,39.514623,35.357863,35.711465,41.923227,37.055520,36.467531,41.367374,35.201496,36.453849,35.597681,42.577824,41.048004,42.346089,34.841605,37.707673,41.673004,38.782929,41.336060,36.546940,40.455448,37.030246,35.604154
WinMart+,37.614287,39.952105,31.844023,32.922849,38.820869,31.684232,37.121886,35.626423,35.088239,34.886784,32.760779,41.310314,31.362656,35.456726,35.183844,33.450643,36.335256,28.234095,24.970832,33.146887,34.733065,43.179691,38.345210,35.003682,35.937689,26.101365,35.841032,36.473977,41.018618,25.807018,34.458249,41.424937,38.917194,26.820872,38.447823,31.905568,34.326747,34.456273,27.511083,39.830965,36.196864,42.819801,34.371720,36.403106,38.645184,0.000000,42.899101,40.186010,25.895671,32.559587,35.725390,27.665106,37.544319,27.939865,34.237089,36.216910,20.997357,37.170001,18.210303,39.024961,40.945956,25.103844,26.338771,35.965188,29.737751,33.882907,33.078717,46.640257,26.929611,39.791663,40.502539,33.715046,39.447938,40.127545,30.106732,25.735611,46.496185,43.491749,33.005262,33.926995,36.331529,33.983287,40.328974,43.303409,36.890292,41.306390,32.205569,38.559189,39.798689,35.444424,31.688880,34.875315,35.005891,34.599943,37.378390,35.074648,34.710869,30.779396,37.477609,36.501230,32.929611,41.061757,34.902232,33.330554,32.957100,34.752726,35.109669,37.087938,33.975750,32.504375,36.770790,38.597543,36.880858,35.291823,40.089405,35.507532,39.782015,32.975957,33.772922,37.751347,38.370423,37.917858,36.121652,36.346819,36.613670,38.226340
Trường Mầm Non Hoạ Mi,41.240048,44.511121,39.492019,41.064069,43.277424,38.924628,43.949489,44.622631,40.246877,39.897313,41.291493,40.535008,39.951080,40.344463,41.616540,38.342376,44.032553,41.191670,35.083044,40.235646,44.806109,37.794860,23.986331,42.250340,25.799809,40.242532,25.517482,43.085250,44.393515,40.773961,23.004168,29.675411,36.570432,29.142421,37.381743,43.163246,26.618818,22.015396,29.180795,39.271808,44.927698,26.845107,26.990229,42.677271,26.629780,39.243909,0.000000,38.330607,28.633303,26.934541,44.577995,42.474224,25.224255,30.177287,43.119082,40.304637,29.519059,34.846059,41.686627,22.479590,45.876064,28.714432,44.768449,31.460081,42.344323,31.234321,41.088249,42.241667,30.034985,29.064622,37.365642,43.559340,43.292267,44.440363,43.601777,41.880144,42.762718,23.711320,28.336635,32.416467,45.919547,44.848562,46.370983,36.339591,31.192671,45.360599,44.172021,31.255101,40.479655,44.668934,41.935541,44.990089,44.237738,43.736408,31.551844,39.199173,39.008628,43.692902,41.125595,45.208869,30.266916,40.367715,35.008989,29.955672,42.355474,30.367628,30.850112,45.253452,39.630053,33.897447,44.415189,30.732312,38.306265,31.024479,45.544522,39.510143,45.253462,30.784098,35.822714,44.646178,40.744162,44.048273,38.160109,43.054322,38.636403,31.704219
WinMart+,46.989599,52.409321,39.092120,35.724879,48.715854,43.633729,51.790427,37.199341,44.126951,45.729144,45.751084,51.214149,44.235606,32.888990,45.884202,46.600833,36.376664,38.629459,38.147022,48.866379,49.587602,46.223398,42.553749,39.904887,42.185391,37.863469,46.959189,35.027662,38.788792,38.471680,39.055868,45.551057,25.929521,44.531450,30.488432,47.158100,46.410449,40.643840,41.997059,39.154277,39.762672,50.024563,43.019195,35.039861,40.037318,37.190433,49.479655,0.000000,44.216612,42.054583,48.454014,45.827725,38.280169,43.124818,38.331043,33.736643,40.488736,18.785167,44.174893,41.905716,41.313423,42.861609,48.224776,43.967277,45.403861,42.048035,38.276061,55.584235,45.405452,40.579524,31.180397,42.693206,40.189068,39.541346,46.905711,44.654003,54.374462,47.600014,42.539872,40.554684,48.956754,47.782312,49.945077,48.365576,31.316182,38.196643,47.080916,34.097939,33.192182,47.378604,41.275406,47.891852,46.846660,46.258784,31.848643,41.954596,40.082855,46.271117,34.914860,47.992875,41.636260,39.230795,37.693610,41.487489,42.781818,42.357436,42.622686,47.964908,42.090969,38.392331,46.867931,41.456488,43.322917,42.083091,46.832836,42.479127,46.162617,42.290431,39.921600,47.009057,37.303674,44.120993,34.806362,42.703874,35.399522,42.995654
WinMart+,31.137063,31.101151,31.443117,32.335265,30.745075,33.556956,29.289615,34.557137,30.077779,30.037931,31.915223,31.120288,26.373062,31.623412,39.696319,27.131554,35.332604,29.197017,22.708316,28.977459,39.918033,36.047345,31.495113,30.925227,27.763019,24.068664,27.556923,35.722015,36.589323,26.019771,27.573990,34.166571,35.922788,22.773524,35.437757,38.499067,26.432714,28.634960,21.445373,33.899151,40.410604,35.842385,25.686515,35.694855,33.626505,25.495292,36.369632,36.748653,0.000000,27.360947,40.075222,35.112253,32.626672,24.499940,39.079462,34.797541,25.486710,34.633718,32.479669,36.967437,38.728319,20.793931,36.343592,31.537844,36.365648,31.171561,37.467416,40.620649,25.890563,34.465748,36.214654,35.533037,37.674110,38.033442,36.363612,36.034392,40.917361,34.784410,22.864187,27.369125,36.551843,34.865460,42.231514,38.200925,34.991436,39.147670,34.015505,36.454385,35.501586,32.259240,28.521864,35.409698,35.621937,31.158574,35.322518,30.397288,22.500975,34.854397,36.045317,33.588519,28.966303,39.088794,26.473384,28.366319,32.857590,29.193370,30.299235,36.628729,34.846783,29.866534,34.674873,30.189909,32.490168,30.727818,37.246022,36.558393,35.039210,30.341210,30.080277,32.133110,37.622037,32.239709,35.569644,31.384720,36.045719,32.061449
Trường Tiểu học Chu Văn An,31.099852,31.057910,31.085633,32.812894,33.120158,30.570119,28.847239,34.662330,31.823744,29.676111,32.852301,30.656837,32.666765,32.449235,33.402022,26.727432,35.358491,32.187752,29.391645,27.984302,35.346955,36.438550,25.151951,34.067561,26.561841,31.960222,25.092062,35.606852,36.459480,32.785455,19.369148,28.272462,35.644563,27.964153,36.409199,35.152664,26.526929,23.459575,28.266384,34.066809,36.828406,27.327945,24.300182,35.590405,26.741999,32.236833,26.219944,37.124462,29.534540,0.000000,36.562671,35.558589,25.906542,29.688509,35.876698,34.810545,28.859985,32.061506,32.195382,24.746397,38.243368,29.609112,33.662434,31.655787,33.891756,31.389227,34.959573,33.927233,31.848421,28.185611,36.464166,33.603281,40.993599,37.666764,36.651193,34.494240,34.957992,26.675971,27.396798,30.709625,34.461736,33.490317,38.591567,32.416396,35.101349,40.040368,33.042647,30.058744,36.900475,33.129874,31.024476,33.769673,34.207686,32.381530,35.581365,32.073612,27.530194,33.734230,38.343571,32.857534,31.363609,40.935837,32.231872,31.017137,33.583054,31.592909,32.186478,34.648532,33.818747,30.852815,34.718006,31.918900,36.225799,32.314559,36.370903,37.369564,34.906947,31.855796,33.591278,33.028794,39.095520,33.174360,36.776530,32.551027,37.252910,32.963053
WinMart+,39.864277,43.542723,37.781841,40.015511,42.844070,38.160088,38.655048,45.626194,36.851896,42.675020,32.333095,44.368911,40.146021,35.991728,37.869311,40.638519,44.445157,40.646635,32.700235,43.626703,35.463282,46.380793,40.030031,40.032455,41.104504,38.963661,42.035910,42.940058,43.663609,31.723632,39.516259,43.931918,39.986367,36.889867,39.439018,36.383826,39.453856,39.052312,40.085389,41.518282,39.405328,45.779863,39.413266,42.417472,40.043221,28.409695,45.671841,41.443581,36.015723,36.727747,0.000000,25.342904,38.676363,39.871334,30.767716,36.653299,39.581092,37.770517,37.020676,40.581255,42.758079,38.798540,41.976078,41.680415,26.822131,40.378930,26.850926,50.466656,37.903533,41.323131,41.526352,40.942611,40.502912,41.518508,30.854973,26.193538,49.982081,45.467370,38.361430,38.306127,31.656233,43.068675,40.260527,45.554739,37.226460,42.893255,32.549964,39.257815,40.737140,42.982387,37.936880,43.582545,32.128747,41.385490,37.785086,39.764545,39.442580,31.472047,38.088027,32.490654,38.709172,42.446592,38.871066,38.399633,39.146070,39.999096,40.317577,44.387892,29.188927,35.887892,42.914845,43.169222,41.559807,39.908408,45.218591,39.063724,44.748519,37.450265,37.460749,43.395377,38.701921,42.624040,36.257280,40.925221,36.780709,42.116243
WinMart+,37.092965,39.724534,35.765170,37.360597,38.380324,35.649398,36.691370,41.146122,34.130318,39.436062,30.591491,41.270701,36.833181,34.018495,33.947362,38.129189,40.979926,29.640004,31.671290,40.971491,31.896155,43.318487,38.062404,27.606155,38.653854,36.491908,39.412313,40.377131,40.091156,28.487756,37.625933,41.406941,38.196538,35.394503,37.680294,31.027108,37.558651,37.277812,37.854675,39.703252,34.784762,42.925938,37.548677,40.070953,38.431499,25.228355,43.005095,39.581991,35.108269,35.486174,25.231793,0.000000,37.268077,35.027531,29.002598,35.409744,34.308273,36.433074,23.081257,38.814308,40.247983,34.815908,29.565564,36.034125,24.066290,34.251579,26.344684,47.010459,33.570554,39.671052,40.038272,34.162132,38.827536,39.452431,24.684798,23.731812,46.826335,43.556625,33.448460,34.190332,27.298505,34.516776,34.869413,43.416205,36.425976,40.739977,29.206891,38.076446,39.287004,35.618501,32.427422,35.180486,29.032260,34.883026,36.902145,35.175769,34.867591,28.341744,36.817516,29.632450,33.393833,40.526127,35.012762,33.675437,33.442927,34.933252,35.251590,36.932297,26.390350,32.790257,36.685401,38.284949,36.779311,35.386762,37.923930,35.546910,37.719806,33.305969,33.996337,35.793281,38.099961,36.255387,35.835846,34.924356,36.343391,36.805933
Trường Mầm non A Tứ Hiệp,35.653788,36.846429,28.072044,36.488545,37.531957,34.383621,30.732549,38.889013,36.117179,34.442640,36.575619,34.549441,35.547774,36.211104,36.984828,33.764140,39.030086,36.974630,32.395966,35.001697,39.331889,24.226424,32.424915,38.108706,33.820658,36.423769,35.145427,38.993259,39.743832,36.952677,30.847976,20.843090,29.461446,35.272019,30.367523,38.537753,35.693561,31.951091,34.455738,29.926579,40.171655,28.071069,33.963276,38.849228,17.780353,35.975161,29.496965,30.117717,35.866807,28.629673,39.862592,38.458847,0.000000,35.350604,39.035733,37.612612,34.090867,29.074830,38.528774,32.297994,41.448269,35.317780,40.365528,36.231993,38.722590,35.431453,37.506408,25.904122,36.780534,17.434732,30.972137,40.079777,40.283588,40.946744,39.481579,38.420764,24.612429,29.959350,32.574347,34.816798,41.785980,40.927416,41.674557,24.510110,26.302946,41.867158,40.323849,24.872088,37.992579,40.969950,38.936011,41.070994,40.683470,40.289777,26.356324,35.297416,32.299696,40.206112,36.350297,41.375225,34.962208,34.432515,35.884994,34.743559,39.204270,35.256892,35.594006,41.464045,36.896496,35.031132,40.956248,35.108153,38.501786,35.487696,42.114895,39.525980,41.899206,34.757408,36.430894,41.252214,37.794187,40.954719,35.877491,40.124469,36.257536,35.485338
Cà Phê KOK,32.620496,32.862113,32.707407,33.733137,32.236041,36.503185,30.814040,36.186335,31.614652,32.344401,33.215967,33.192151,28.529412,32.797642,40.846779,29.656090,36.766759,31.098854,24.491480,31.245333,41.184425,37.691733,33.099994,42.069221,32.920888,26.089203,30.347738,36.898372,37.901961,27.724701,29.684138,35.647770,36.935600,28.637940,36.458388,39.521987,23.079865,30.413489,25.876816,35.068575,41.667241,37.495922,27.822895,36.810435,34.851177,36.939440,37.923510,37.976739,24.102887,29.275114,41.303704,35.493341,33.805204,0.000000,39.930451,35.679683,29.652836,35.523694,32.410538,34.634764,39.907410,23.270251,37.244136,29.815470,36.914697,29.365703,38.121376,42.153177,20.619929,35.621699,37.222721,36.455642,38.596889,39.088997,36.958064,36.628615,42.340095,30.866326,20.499814,25.327405,37.470926,35.401161,43.681748,39.389403,35.741735,40.180775,34.323737,37.357680,36.307415,32.129306,28.940933,36.084653,36.161289,30.840302,36.174057,28.568409,20.905361,35.244471,36.875254,33.795266,30.467544,40.044608,25.093732,26.480299,30.405965,27.138542,28.290814,37.453968,35.075215,29.499459,32.778459,28.509857,30.500033,28.937938,34.847151,31.000240,33.210193,28.946865,28.810065,36.077141,38.039490,30.638672,35.916513,30.019036,36.384804,30.679358
Không có tên,36.278564,38.695487,31.958105,32.273584,37.263632,34.902982,36.148021,35.186573,33.333956,38.521277,27.264306,40.482877,35.918258,30.248264,32.950429,37.371166,31.763591,36.537069,31.328807,40.275660,27.611546,42.536129,37.515630,34.934464,37.907919,35.729369,38.619990,35.362241,37.052514,36.120689,36.999116,40.732157,36.203185,34.868095,35.593206,29.919389,36.930788,36.673852,37.139615,39.191696,25.676839,42.042799,36.935180,33.437893,37.966878,33.470761,42.173905,37.793667,34.364622,34.995885,28.482974,27.504743,36.857937,37.531801,0.000000,33.407408,37.081125,34.570792,34.683508,38.218235,38.077805,36.875800,36.294428,38.687441,28.834888,37.301780,22.470373,46.018213,35.854946,39.195431,38.696207,37.517040,37.087915,37.462845,28.900343,29.849102,45.896835,42.885613,36.149389,36.389823,33.508066,38.526959,34.216704,42.828024,35.272384,38.959357,37.379190,36.784462,38.630796,38.951002,35.683193,38.975730,31.886336,37.996787,35.617296,37.374615,37.112141,33.060398,35.115448,39.757540,36.221120,38.900303,36.904812,36.151367,36.433385,37.397178,37.679241,40.020976,28.422481,34.527932,39.367878,40.217100,38.861587,37.550248,41.569801,37.209763,41.276340,35.544847,35.874424,39.953175,39.064063,39.738416,36.551635,38.429320,37.074362,39.670548
Trường Đại học Kinh tế - Kỹ thuật Công n,33.724179,35.198633,32.068182,31.117501,34.786071,33.343565,44.958781,31.704736,33.515467,35.232769,32.960827,44.915363,33.933776,28.693531,34.236442,34.587284,30.484506,34.372310,30.896388,44.227548,36.389216,43.082696,41.412880,35.726644,35.530166,33.889895,35.477649,24.506906,29.396597,34.514062,39.037311,42.780169,29.353789,42.156189,28.438403,33.403244,43.093985,39.980330,34.962782,39.551834,32.924981,44.743266,34.445518,21.808065,39.961864,33.633733,44.626777,38.628392,33.012442,40.740439,34.438472,32.574004,39.029742,34.213909,32.249130,0.000000,34.425075,32.545753,31.162755,40.584401,21.774630,41.217821,35.803682,35.038707,34.119813,33.411509,32.265502,47.663571,42.581193,40.182249,29.849045,36.293356,22.768589,16.968528,34.584002,34.040317,47.337965,44.174710,35.504945,39.637897,37.641469,36.837805,36.595752,44.555801,33.894676,23.113359,36.234537,35.973314,21.301614,37.083650,35.317247,37.019206,36.876456,36.548754,34.363391,36.093988,35.956515,36.408416,21.939810,37.446432,35.495419,26.627308,35.812905,35.375721,35.616536,36.158163,36.346316,37.591949,32.876531,34.141193,37.301091,37.897397,37.044871,36.253514,38.625919,35.985299,38.455940,34.943387,35.155998,37.683858,33.336390,37.617950,31.530613,36.837908,32.023226,37.619910
WinMart+,40.557796,42.492173,33.312637,34.425083,32.974591,33.830338,33.178124,37.013017,32.372597,36.488117,37.468388,31.713544,29.602452,38.965486,39.889244,29.752052,37.484415,32.044064,25.341371,30.064425,40.154477,35.745330,31.919242,41.105023,31.963777,27.079437,29.125589,37.490561,43.302878,38.257070,28.874012,34.171034,37.434374,27.374198,36.972858,38.173578,23.676557,29.609765,31.045655,36.559612,40.802156,35.667468,27.382832,37.372591,33.695566,34.721551,36.129129,38.694720,25.484688,28.640463,40.394718,34.575590,32.821962,27.894963,38.829532,36.119864,0.000000,35.954959,22.859611,33.549713,40.501031,24.361379,34.548946,27.988759,35.774999,27.107861,37.050597,39.755215,25.963498,34.435824,36.005739,32.061677,39.059626,39.613764,35.888136,35.511084,40.077945,30.250110,22.766639,30.888045,36.047884,32.070810,43.282852,37.719955,34.930943,40.698251,32.556593,36.338992,36.708947,29.386212,26.599759,33.073776,34.958941,28.658454,35.329216,31.983231,31.544029,33.963739,37.284464,33.255725,28.571501,40.524919,32.382207,29.720750,28.474951,31.116671,28.405000,35.416087,34.062423,30.268029,34.579312,31.225619,33.981069,32.263889,33.767872,33.352420,29.648375,26.721528,31.303403,34.414132,38.237610,30.693798,36.075805,33.807729,36.551763,32.787508
Trường Quốc tế Singapore,44.429419,47.842242,38.416444,30.879578,45.767742,41.922674,47.091065,31.342998,42.432693,43.360740,32.734457,46.947969,33.726645,28.550022,43.768351,44.138620,30.111994,34.182310,30.870799,45.654158,46.651019,43.807680,41.234511,35.548056,40.777465,33.763089,44.320862,28.572725,30.876439,34.381515,38.211636,43.366096,31.552311,42.624745,20.227685,35.412792,44.005262,39.492920,40.644191,38.522491,35.043711,46.530039,41.414916,29.105822,39.327135,33.586033,46.264273,34.692603,42.487819,40.692726,36.365512,34.369301,38.025441,41.579636,34.193349,24.670077,39.403711,0.000000,31.208551,40.501479,34.212453,41.355009,37.586720,42.278230,35.764865,40.678531,34.160018,50.903262,43.346988,39.731383,32.323038,41.256436,26.389482,27.212268,36.329231,35.614529,50.226860,45.319817,41.132857,39.433196,39.263953,38.438211,38.394333,45.874411,31.446995,25.541744,37.835713,33.742456,24.936933,38.605803,40.076081,38.604420,38.363366,38.011452,31.909253,40.589676,38.983588,37.898899,25.669404,38.985403,40.343737,29.766753,36.889195,40.198399,37.024206,40.938521,41.180669,39.102641,34.333076,37.498152,38.735242,40.177949,41.776418,40.718585,39.990937,41.095867,44.237535,40.910464,38.861298,39.081701,33.972069,42.501231,32.226453,41.294572,32.677096,41.533175
WinMart+,36.750730,38.684187,35.750166,36.975636,37.545640,27.728240,36.510688,39.699070,34.471217,30.334716,32.490641,40.159233,27.005063,34.932152,34.403360,29.816328,39.814660,24.453061,24.495543,40.016799,33.992508,41.934508,37.656124,34.052548,28.074529,23.766446,31.746527,37.900640,39.673854,21.613369,31.238848,40.421724,38.226924,25.405184,37.788817,31.745973,23.426612,36.979977,25.781678,39.116730,35.261686,41.633245,31.192319,36.314655,38.041437,18.357582,41.773220,39.408601,24.420112,30.093425,34.850062,28.669274,37.051165,24.987817,33.789579,35.813021,23.022076,36.694793,0.000000,38.329461,39.934468,23.915664,23.134928,27.197556,29.923631,24.075862,32.767227,45.082562,24.255894,39.124791,39.851481,24.596750,38.767611,39.290050,30.123199,33.000331,45.032888,42.553982,31.230417,32.377567,32.544721,30.781725,38.769780,42.345222,36.589716,40.389836,29.258897,38.058639,39.181261,32.542502,29.851972,31.601111,32.364313,32.121521,37.004387,33.285547,32.958303,31.409088,37.015917,33.309065,31.043418,40.240447,33.418683,31.618177,30.918485,32.812435,33.143563,33.958266,32.138093,31.418797,34.197867,36.463906,34.906931,33.526971,37.480417,34.124071,37.284414,31.495713,32.472767,35.265977,38.108232,35.828665,35.962637,34.482993,36.438340,36.456458
Trường Tiểu học Tam Hiệp,45.681871,48.974036,43.612203,44.672654,47.070023,43.363902,48.036552,47.946824,43.816182,44.790102,45.011843,45.616502,43.892918,43.982913,45.198905,25.008071,47.086004,44.536384,38.746845,44.820699,47.880411,45.802227,22.339264,45.272909,24.612524,43.458008,23.653573,45.845727,47.140312,43.853864,21.555638,39.636754,40.291916,27.744766,40.884872,46.217574,26.996536,20.481124,27.952818,43.378165,47.508941,24.423495,25.062044,45.386798,35.062366,42.191486,21.949117,42.139103,37.024698,24.407158,47.333948,45.178857,33.204705,28.783311,45.788556,42.862921,28.352734,38.323514,43.901368,0.000000,48.069808,39.196869,47.309689,30.030312,44.818617,30.088301,43.925355,39.325829,39.907515,34.132653,40.655058,31.757532,45.445020,46.670432,46.137379,44.335392,40.454394,23.463708,37.394528,33.739472,48.062951,47.074732,48.699624,36.598604,31.528228,47.381360,46.514367,31.835423,42.790838,38.692106,36.643443,47.193582,46.272338,37.656833,31.907388,41.639551,41.408448,45.787514,43.390834,47.321512,37.106501,42.953844,37.080443,36.912192,38.483956,37.539401,37.886538,47.312544,42.049440,35.756518,46.448482,39.919610,40.854419,38.990247,40.460579,42.602043,39.514072,36.717826,37.557966,46.609214,41.948493,38.010254,39.333317,37.156663,39.785853,37.486105
WinMart+,41.238630,43.985910,39.396027,40.030161,45.646159,40.708281,47.662646,44.240348,40.711418,43.232174,41.985005,44.863828,42.549894,35.787678,42.466474,41.521459,44.174076,42.798186,35.883674,44.196402,46.528967,46.441882,41.180388,44.073937,42.499364,41.298634,42.512957,33.639876,44.407612,41.974033,40.320802,44.403739,37.322498,38.633638,36.142732,41.010841,40.301480,39.946107,41.709117,41.224300,40.822942,45.779683,40.251657,27.868231,40.976255,39.797952,45.693762,40.192376,38.153318,37.913575,42.125896,38.623821,39.758971,39.887165,38.784680,22.586571,40.188412,41.799500,35.668500,41.091058,0.000000,39.054874,43.353815,40.734414,40.080072,38.407921,42.256698,49.448092,37.163018,42.025383,38.458820,42.287930,33.518937,32.355315,41.288673,39.649952,49.074352,45.382466,40.497247,40.168688,44.909446,43.648640,44.555105,45.688169,39.264283,39.159814,42.851151,42.357237,28.241049,43.523855,40.569766,43.852011,43.047011,42.509645,40.061488,41.042116,40.858738,42.410560,29.596584,44.162223,40.668265,38.915577,40.271086,40.243128,41.010133,41.366746,41.584969,44.237241,37.479924,37.837880,43.340192,43.374644,42.293499,41.192951,44.712125,40.271890,44.398884,39.408758,39.311636,43.631332,36.892150,43.051176,34.193272,41.944293,34.856063,42.591432
Delícia Coffee & Lounge,31.770533,31.855818,31.669691,33.263688,33.618551,31.476478,29.723723,35.036453,32.389427,30.914244,33.317336,31.884514,33.317009,32.919689,33.810448,28.203488,35.668803,26.449435,22.037922,29.619156,35.681620,36.971501,32.098973,34.500744,24.281593,22.911173,28.352281,35.874582,36.684260,24.396111,28.166963,34.882401,36.021761,21.637770,36.747240,35.121341,24.005223,29.220997,21.075169,34.452474,36.860288,36.823574,26.112781,35.843455,34.188989,32.964072,37.316655,37.470106,20.136985,27.876451,36.593666,35.161979,33.128306,23.148875,35.894960,35.052639,28.300703,32.521505,29.777601,37.908377,38.370779,0.000000,32.551083,26.050906,36.166730,27.198942,34.965908,41.882473,27.852325,35.039099,36.780993,31.211153,41.093180,37.812519,36.255566,35.964315,42.117219,35.536674,28.986239,20.097324,36.305392,31.374892,38.654158,38.963944,35.378175,40.186076,34.240519,37.078879,37.142136,32.493178,29.060961,31.837409,35.614695,31.426517,35.849621,30.998537,23.271767,34.961700,38.537945,36.800526,29.622731,41.052569,22.914437,29.048366,33.390011,29.902920,30.960746,36.463944,36.759082,30.053472,35.169258,30.764613,33.082126,31.322147,37.689659,37.610135,35.542213,30.848475,30.567145,32.595685,39.178491,32.756861,36.884111,31.860848,37.352127,32.530165
UBND phường Khương Thượng,41.618161,43.914389,40.082290,41.674632,43.577491,37.575226,40.514033,45.111476,40.203842,39.411468,38.519887,44.407192,38.089000,39.836224,41.437209,37.813166,44.441073,37.139005,31.351267,43.892457,41.730311,45.779811,41.344145,43.182232,37.457694,33.919274,39.400120,41.847960,44.643513,39.975065,37.917644,44.089721,41.667585,36.775052,41.299885,39.567800,35.746137,40.502349,33.979510,42.270129,42.247559,45.373412,37.800362,40.123435,41.155640,35.860343,45.320282,42.671141,35.838508,33.987961,36.125303,35.551899,40.071406,35.851009,38.354552,39.004634,34.842246,39.800624,29.205646,41.540627,43.837803,35.410480,0.000000,37.753291,37.970507,35.236632,35.479806,48.755847,33.996807,42.069370,42.515089,35.203955,41.923291,42.844178,38.205286,37.769490,48.551044,45.249714,33.530165,34.575752,41.404838,36.364436,42.689256,45.292660,38.644080,43.805118,33.145624,40.499454,41.924883,38.068182,31.825697,37.992857,36.965640,36.370700,39.162915,36.375463,35.882344,35.223873,39.923890,40.204286,33.633102,43.408230,35.890457,34.132634,33.813940,36.076723,36.539372,40.894074,34.842113,32.814155,39.424432,40.991674,38.743126,36.575316,43.597982,36.523464,43.012262,33.577533,34.264334,40.486685,39.513568,40.110650,37.179384,37.829589,37.647578,40.061613
WinMart+,42.629074,34.715119,34.497297,35.637980,44.472201,38.372545,32.512696,38.154960,33.929697,34.785325,39.965641,35.352156,32.204464,41.050387,42.716074,32.216022,38.472528,34.014258,28.168516,33.719184,43.282892,39.244474,34.793685,44.667545,36.926675,29.938800,33.389891,38.319149,45.394433,42.132372,32.068795,37.123880,38.153890,34.847925,37.723653,41.329211,26.673218,32.404302,33.781378,36.264403,43.667740,39.017677,30.336663,38.170820,36.102503,38.497041,39.339043,39.133532,31.763454,31.475529,43.269393,36.388022,35.041856,27.794519,41.376732,36.825742,33.211675,36.668870,32.994558,35.908826,41.119647,27.080324,39.329916,0.000000,38.048741,31.022117,39.228173,43.435852,26.568670,36.788518,38.202452,39.177238,39.625192,40.225779,38.173308,37.922230,43.528479,32.272843,19.743271,27.635631,39.538393,37.007059,45.814298,40.463362,36.502732,41.232673,35.498166,38.227614,42.538667,32.966470,28.740990,37.850719,37.407510,31.176359,36.997469,33.861646,22.999582,36.309641,37.882102,34.672461,30.679295,41.029266,26.726984,31.566308,30.624809,33.220358,30.283724,39.176228,35.775441,31.351273,33.390541,32.902267,36.053888,34.115752,35.718858,34.719967,31.375489,27.945355,32.618119,37.102779,38.514970,32.227006,36.353285,31.929493,36.821309,34.196061
Siêu thị B11 Kim Liên,35.800455,38.014854,34.761979,36.080122,36.554969,34.298768,35.744708,39.183953,32.976643,37.930992,29.880816,39.799629,34.441573,33.135206,32.516778,36.919379,39.335160,32.880396,28.430125,39.672046,30.707794,41.815708,37.084537,37.665290,37.124515,30.269253,38.118147,39.116790,38.448722,34.239155,36.657583,40.146100,37.287861,29.739315,36.787269,29.708868,36.597317,36.363500,31.060553,38.762575,32.599386,41.428446,36.602441,38.903691,37.593254,29.648357,41.583415,38.616925,29.094076,34.793321,25.339793,22.439895,36.540087,36.623401,32.498407,34.770900,35.954848,35.746256,25.463241,37.888289,39.017183,36.038426,32.695749,38.000556,0.000000,36.167093,29.020433,45.257701,34.799218,38.800186,39.245741,36.506197,37.958881,38.403247,26.583837,24.545328,45.199253,42.462350,34.876478,35.405555,33.406000,37.648666,37.111465,42.285046,35.976145,39.642843,34.005900,37.423033,38.691865,38.189891,34.016094,38.378478,26.123088,37.196591,36.337116,36.638383,36.289812,32.547156,36.143931,33.640385,34.914709,39.531816,36.182323,35.033931,34.479794,36.528649,36.330680,39.751246,27.481349,33.560714,38.254563,39.615726,38.443908,36.821090,41.480357,36.628052,41.101493,37.395759,34.977505,39.211843,39.069538,39.082245,36.690139,37.421120,37.181346,39.146370
WinMart+,42.398690,44.848948,40.762301,42.440553,44.644644,32.699444,41.147378,46.109388,41.070914,33.083999,39.386997,33.536634,29.148564,40.594734,42.545666,30.338482,45.253719,38.099592,25.736078,32.115631,42.980144,37.094780,33.400877,44.727844,32.448171,27.143763,31.717672,42.504987,45.518439,41.498104,31.018222,44.746820,42.230903,31.515279,41.870993,40.747211,26.568049,31.386110,29.312024,42.794338,43.411860,36.972621,29.558504,40.717862,34.829483,37.125919,37.348639,43.226585,29.396187,30.498406,43.096388,36.192908,33.940222,28.823520,40.854562,39.481783,27.198076,40.277783,30.276053,34.804788,44.525949,26.814029,37.931376,35.028740,37.580751,0.000000,38.824006,40.997211,26.378966,35.485603,42.961270,36.621278,42.439749,43.454390,37.753156,35.771275,41.289494,31.507569,22.418990,30.539408,36.698053,34.842553,46.116406,38.685899,35.645838,44.399683,32.396558,37.260199,42.378781,28.051820,25.125284,36.108190,35.154708,27.666701,36.063417,31.954110,31.441839,34.006469,40.370074,35.398453,27.739170,43.956084,32.442482,29.317679,27.664501,30.880024,27.712167,38.206927,34.054352,30.105699,36.640963,31.108002,34.226621,32.240150,33.981377,33.539683,29.279346,26.157550,31.079594,36.162759,39.726045,30.493733,37.344882,35.058926,37.820897,32.909446
Cà Phê Big One,37.711241,40.268479,36.357498,37.872766,39.146915,36.468638,37.163317,41.562779,35.226580,39.948199,32.129801,41.394026,37.622355,30.479512,35.400843,38.641674,41.234749,38.108018,32.500389,41.105581,33.761656,43.273698,38.400383,37.018905,39.121024,37.128950,39.914194,35.249345,36.878935,34.964752,38.180587,41.505834,36.029790,35.987902,35.474710,33.636425,38.034072,37.748156,38.328615,39.896970,25.875642,42.907455,38.027726,35.242781,38.696287,32.262046,42.986916,37.518067,35.277317,35.941031,29.834529,28.462674,37.588413,38.429128,20.197063,33.177754,38.083924,34.559782,28.730111,39.215373,41.745873,37.738342,38.314282,39.706387,29.521293,38.629914,0.000000,46.914749,36.997912,39.852368,43.485034,38.893079,36.542425,36.783865,29.937380,30.641352,46.823998,43.572283,37.170165,37.294245,34.731253,39.980016,36.687510,43.380477,35.255665,38.166568,34.895018,36.963987,37.746730,40.255159,36.700285,40.471947,32.781199,39.291219,35.696726,38.524957,38.270398,33.952206,39.675242,34.626157,37.405009,44.245549,37.969701,37.364233,37.734797,38.613331,38.844446,41.415847,28.798171,35.415311,40.638214,41.331707,40.006897,38.649785,40.165528,38.212467,39.926352,36.664970,36.710471,38.419718,38.711255,38.488685,36.267523,37.191210,36.790424,38.726112
Trường Mầm non Đại Thanh,46.695784,52.520921,43.683457,45.111416,48.696720,43.365839,50.466919,49.828003,43.950646,45.484840,45.583327,46.805265,44.074065,44.163641,45.815781,42.924800,48.328595,44.881154,37.623183,45.454694,49.536809,48.005937,40.797342,45.796766,40.774666,43.482695,44.214305,46.534175,48.249610,43.979878,37.713936,36.771257,39.457197,42.862641,40.229826,47.092670,44.323642,39.503248,40.747317,43.363446,48.735878,24.736403,41.101859,45.918760,30.235844,41.919093,29.633122,41.749646,42.523574,28.998701,48.512935,45.640433,26.682867,41.660900,46.437777,42.746159,39.425907,37.183419,43.995857,40.736736,49.312554,41.547700,48.353286,42.602070,45.139631,41.109232,44.064384,0.000000,43.945304,28.329667,39.999419,46.266805,45.875058,47.444195,46.840456,44.538852,36.393293,33.700576,37.199672,36.558543,49.143966,47.902047,50.140586,31.826957,28.990424,48.295643,47.207690,28.427095,42.673896,47.498263,44.141331,48.048916,46.850286,46.396700,29.307182,43.738083,43.528695,46.263874,43.383226,48.168853,39.737080,42.860275,39.889619,39.573784,44.796653,40.303019,40.607389,48.151219,41.791979,38.730606,47.031015,39.700983,43.247596,41.071373,48.070733,45.150163,47.720265,38.945685,39.916017,47.193107,41.815832,46.341038,39.020955,45.174687,39.512560,39.689682
siêu thị 24h ninja mark,34.984798,35.674626,34.522371,40.895324,42.126715,35.502171,33.483842,43.358912,39.738271,35.885922,38.538015,36.153791,36.655960,39.517474,40.496064,33.625075,42.984050,37.609442,25.010154,34.865520,40.616241,39.415334,35.518300,41.381962,27.743552,25.856430,35.021082,41.123682,43.053980,39.407606,33.524120,37.530873,42.357043,26.099964,42.840655,39.226579,32.485551,33.557385,25.675340,36.679585,41.031803,39.214855,32.010605,39.797174,36.556609,36.947527,39.481570,44.196182,27.069577,32.771560,40.834124,36.849898,35.573590,27.879378,39.520028,38.935748,34.141049,38.286563,33.135079,38.576161,42.668145,30.398925,37.316032,36.685135,38.190845,34.377398,36.560118,43.246739,0.000000,37.150486,42.532936,36.669571,41.300476,41.971467,38.308886,38.099547,43.406365,36.654661,29.502535,28.143116,39.400551,35.772882,40.911469,40.483523,39.903598,42.760485,36.488416,42.008016,41.372165,34.962525,29.460783,36.398242,37.732762,32.929496,40.500328,32.702622,21.242432,36.881507,43.261852,39.607327,30.457362,46.027744,26.935865,29.777309,35.620351,31.152226,32.615894,39.668505,38.703162,30.067957,37.977394,32.088326,35.753977,32.889582,41.213715,34.294728,38.781903,31.919927,31.252925,34.048761,41.711919,34.562871,39.182262,33.046030,39.627024,34.059108
Trường Mầm non Tứ Hiệp (điểm Cổ Điển B),36.681543,38.059821,31.024276,37.346211,38.494681,35.315336,34.623088,39.798017,36.913606,35.499126,37.445565,35.730152,36.413258,37.068679,37.825917,34.724602,39.861883,37.766343,33.122790,36.058260,40.214706,29.824984,33.443878,38.853248,34.616505,37.173394,36.053437,39.762427,40.515385,37.690729,31.715269,27.799948,31.781893,36.086446,32.621883,39.346257,36.572700,32.868032,35.192810,32.859484,40.954161,29.555443,34.774855,39.601969,23.314528,36.653961,30.842537,32.694442,36.634817,29.522063,40.642605,39.198700,17.328929,36.084266,39.789287,38.109266,34.771477,30.984444,39.146202,33.856926,42.183092,36.042560,41.093753,36.954001,39.413325,36.089782,38.189454,28.172556,37.517283,0.000000,33.051538,40.693609,40.767582,41.476953,40.204800,39.077956,23.241236,31.246901,33.211618,35.433912,42.448991,41.587192,42.405578,20.206298,25.936783,42.376570,40.987965,24.186086,38.454223,41.600199,39.531185,41.722432,41.307485,40.900976,25.984591,35.878014,32.899277,40.828607,39.002688,42.013942,35.556655,36.210201,36.695196,35.341625,39.795006,35.865780,36.198356,42.088292,37.508254,35.842336,41.556191,35.678413,39.309764,36.061750,42.689479,40.408261,42.464031,35.297096,37.168758,41.841460,38.756005,41.511522,36.588493,40.671336,37.055735,36.013588
WinMart+,45.760686,49.200393,39.950185,37.011201,47.039453,43.227156,48.689826,38.183728,43.638460,44.749228,44.909141,48.455232,43.704059,35.052829,44.998834,45.470872,37.813517,44.348300,38.784604,47.112947,47.897370,45.343656,42.731640,45.001306,42.064304,43.299223,45.649038,37.261096,39.581118,43.665204,39.615911,44.855937,34.105354,43.924348,35.912223,46.073685,45.347017,40.908025,41.888134,40.097248,47.463569,47.933168,42.728401,34.966465,40.728897,41.971682,47.645785,37.723358,43.763755,41.951162,47.127171,45.073219,39.317150,42.835204,45.862460,29.872189,40.606985,38.991183,43.712202,41.818426,37.707985,42.600623,46.995676,43.518227,44.750728,41.854839,43.174369,52.174850,44.579892,41.094986,0.000000,42.387128,38.061220,35.377814,45.949802,44.104005,51.468265,46.521301,42.301295,40.580046,47.701509,46.722112,48.396042,47.156094,34.379278,34.663203,46.125553,38.257184,29.150522,46.420641,41.211337,46.804517,45.993965,45.470573,35.229196,41.705521,40.106104,45.491542,31.017559,46.910485,41.481640,35.570666,37.970184,41.337867,42.445153,42.084728,42.325652,46.896320,42.000478,38.550936,45.993116,41.290045,42.900551,41.850902,45.972176,42.155864,45.353046,42.008788,39.937086,46.139462,36.349978,43.615704,33.898353,42.390459,34.544789,42.622172
Không có tên,41.325114,44.174786,39.534293,41.400384,43.808787,36.264308,40.084130,45.692617,39.493415,38.644325,37.302179,44.688186,36.731239,39.148911,40.937671,36.837384,44.760502,35.218746,29.211181,44.056344,41.253551,46.272063,41.086701,43.321886,39.002054,31.670486,38.805609,41.660551,45.032845,38.335109,37.149264,44.277239,41.480110,30.811658,41.049876,38.255579,37.001801,40.150134,32.519040,42.176396,42.012637,45.778757,37.011026,39.654912,40.913952,32.237001,45.694375,42.631712,36.431725,34.939857,41.611552,32.943297,39.704681,36.537663,39.025856,38.473633,35.802055,39.386850,21.083936,41.359693,43.993572,36.003120,30.671574,38.166272,34.635344,36.260665,36.955003,49.667437,34.828920,41.960355,42.468669,0.000000,41.782980,42.828894,34.909419,38.268406,49.374385,45.514190,34.646069,35.316757,40.732090,37.581078,45.638059,45.589114,38.284400,43.930368,35.517459,40.271613,41.807858,38.543161,33.488816,38.588645,37.690905,37.204645,38.834141,36.873720,36.475883,36.386438,39.556915,40.051433,34.810827,43.470873,36.383853,35.062306,35.065085,36.726347,37.112131,40.538616,35.740083,33.515754,39.482158,40.768718,38.885792,37.062203,42.806474,36.876136,42.361446,34.445859,34.903947,40.321445,39.326175,40.046831,36.906226,38.125269,37.405680,40.010194
Quan an Nam Nhu 1,49.716155,54.352242,43.934205,36.478824,40.019276,46.532210,54.989250,38.054069,37.652996,48.746372,37.940620,53.941091,38.565795,33.991666,38.658748,49.143005,37.504301,38.865657,34.477601,51.730442,41.184964,49.968831,46.665136,39.969287,44.940598,38.069471,49.305156,32.333143,37.030164,38.606702,42.747755,49.047547,40.702900,46.948310,42.147948,37.793266,48.809224,44.214370,44.386623,43.902748,37.544690,52.181947,45.621158,29.941573,43.753769,37.282805,51.527922,47.203391,46.429087,44.401676,38.677101,36.398030,42.269806,45.340487,36.397715,22.536366,42.713265,32.946271,34.304721,44.595376,32.849568,45.015117,39.765229,45.913863,37.662830,43.902020,36.322729,56.091864,47.195329,43.862702,33.995085,39.525008,0.000000,26.777516,38.384399,37.400408,54.973700,48.883900,44.193992,42.361200,41.269021,40.371890,40.612181,50.032484,35.305618,22.490782,39.749124,38.286031,22.956877,40.435391,42.876099,40.526917,40.143711,39.737025,36.001506,43.363270,41.771348,39.646502,24.096343,40.857744,43.177875,31.561948,39.381733,43.066133,38.636275,43.895162,44.082898,40.952139,35.903964,39.808090,40.440681,42.864629,44.605585,43.482252,41.641596,43.483272,47.035518,43.484240,41.249080,40.748449,35.193220,45.202724,32.980335,43.821277,33.508663,44.050009
WinMart+,39.550302,41.755137,37.904965,38.124281,42.679325,39.089719,54.427597,40.801140,39.126688,41.276521,39.854200,53.643405,40.481311,34.849385,40.497701,39.943068,40.346824,40.765228,35.154575,51.927434,43.763014,50.527764,47.762436,41.968166,40.847071,39.626877,49.756164,32.884859,40.025855,40.237448,44.184027,49.745715,36.001971,47.773917,35.011637,39.404795,49.403542,45.499417,40.153292,45.445438,39.183177,52.264833,46.610750,29.191404,45.139184,38.490896,51.739635,48.766006,37.155831,45.481295,40.412489,37.511364,43.839420,38.673350,37.592483,17.397470,38.939326,39.620783,34.914375,45.705163,34.306853,46.017389,41.583330,39.460211,38.874067,37.378778,37.552445,55.516001,47.900947,45.170428,35.720116,40.924067,27.018949,0.000000,39.851175,38.524229,54.622974,49.433138,39.428101,43.472918,43.126048,42.040984,42.616072,50.500674,37.722713,31.088432,41.321844,40.902635,17.466467,42.007197,39.456689,42.217624,41.610426,41.142772,38.516626,39.924320,39.765175,41.041646,24.281960,42.536453,39.544622,33.874110,39.282991,39.186540,39.820833,40.187958,40.402531,42.616208,36.697090,40.935070,41.904766,42.053146,41.070013,40.074377,43.204360,39.302409,42.933329,38.457582,38.421905,42.203244,35.861149,41.760351,33.478738,40.774115,34.027015,41.406091
Taste Tea,38.570992,41.167119,37.077435,38.756435,40.199695,37.185542,37.861371,42.596154,36.064856,40.749618,32.787937,42.377720,38.528106,35.597391,36.468150,39.337347,42.234080,34.164194,32.946640,41.971391,34.942416,44.233885,39.080811,38.919469,39.785930,37.946731,40.492996,41.402762,41.461424,35.961128,38.614292,42.323979,39.121338,30.670525,38.644190,35.185618,38.559662,38.264050,32.139224,40.512026,30.981111,43.816689,38.542417,41.044520,39.265918,31.683094,43.841618,40.412782,29.951075,36.391628,31.052219,24.551572,38.096572,37.279025,30.108372,36.327353,36.738739,37.303020,27.044021,39.653620,41.266889,36.674162,34.967940,38.750749,27.163409,37.076715,26.861158,47.777075,35.521997,40.420469,40.702427,37.488823,39.658451,40.383584,0.000000,28.797473,47.544930,44.190981,35.683245,36.096133,35.794529,38.786864,36.201866,44.086214,36.962873,41.593478,35.727534,38.691852,38.573221,39.136293,34.869738,39.432024,31.402720,38.107323,37.464903,37.316702,36.984422,34.309056,40.328441,35.118501,35.794463,41.328172,36.792779,35.810633,35.434203,37.288675,37.098884,40.586670,25.570909,34.148017,39.061490,40.210179,39.079626,37.498824,42.075166,37.179368,41.694192,38.013819,35.593835,39.955384,39.031638,39.723914,36.613056,38.111913,37.119788,39.702032
WinMart+,37.972917,40.012906,36.796390,38.163218,39.069970,33.736543,37.486281,41.109873,35.866247,35.877853,33.914543,41.268580,33.788773,36.112477,36.106338,34.687974,41.042195,32.230583,28.182661,41.018149,35.897759,42.960199,38.572523,36.293654,36.575112,29.922424,36.395876,38.887495,40.986632,33.095340,35.256042,41.378117,39.089180,36.947182,38.658862,33.973822,35.184284,37.868612,30.703068,39.917409,31.323744,42.636812,35.213770,37.248210,38.819632,29.036213,42.724126,40.239896,36.336924,33.635226,27.415875,26.174617,37.790868,36.419242,30.888324,36.584021,35.738514,37.450326,31.782120,39.141163,40.945591,35.947209,31.437529,37.867588,29.825030,35.961589,28.434809,46.116735,34.667190,39.872532,40.537118,36.069409,39.563415,40.194827,24.754192,0.000000,46.011106,43.323994,34.682897,35.291444,31.341941,37.091544,34.386537,43.132046,37.086489,41.279607,33.009733,38.669357,37.783000,37.992942,33.650477,37.880113,23.996763,36.818164,37.557151,36.545629,36.188520,28.704294,37.726304,31.140321,34.723403,41.060902,36.119966,34.890278,34.605988,36.405898,36.502379,39.221122,27.404534,33.482218,38.502922,39.860741,38.398154,36.738983,40.050278,36.591920,39.741746,34.119872,34.904690,37.692893,38.623676,37.866726,36.384758,36.282576,36.868037,38.189164
WinMart+,47.997990,54.091152,44.817489,46.128180,49.914097,44.530239,51.830282,50.937022,44.897098,46.911399,46.615739,48.332007,45.113982,45.176313,46.830394,44.152373,49.251817,45.781012,38.472008,46.786773,50.522673,50.494966,42.107820,46.618108,41.729403,44.328924,45.374569,47.359368,49.071352,44.794850,38.881797,35.839976,40.368692,43.817633,41.094286,47.977454,45.364358,40.661792,41.593775,44.485828,49.558962,42.746174,42.064929,46.705612,29.032234,42.656849,42.942834,42.738305,43.379520,35.866410,49.334853,46.417212,25.096945,42.485164,47.223327,43.410250,40.179877,37.980310,44.593451,40.622451,50.043311,42.348153,49.140314,43.379118,45.839186,41.867898,44.841672,35.364472,44.812031,24.033295,40.803492,46.909735,46.492871,48.131805,47.578501,45.199167,0.000000,34.931733,37.899735,36.829139,49.775303,48.537791,50.918021,26.303955,27.442654,48.944080,47.870540,26.093652,43.275854,48.095293,44.701327,48.739409,47.440466,46.989974,27.689013,43.526356,43.340188,46.854304,43.985385,48.828621,40.342903,43.540581,39.954028,40.237897,45.413900,40.984069,41.273864,48.795391,42.400337,38.853034,47.643298,40.326693,43.059716,40.873071,48.637056,44.770315,48.277541,39.524932,39.938170,47.734425,42.113001,46.858456,39.287772,45.656869,39.771171,40.246407
Trường Cao đẳng Hà Nội,42.238871,44.244979,40.873239,41.942728,43.478295,40.484925,44.016861,44.384346,41.275434,41.301238,42.112759,41.886110,41.118326,41.392448,42.287074,40.139582,44.073084,41.959562,37.108945,41.557645,44.623035,40.906921,23.250070,42.706611,26.827653,41.224971,26.701610,43.347053,44.334362,41.608736,25.073282,36.201646,38.394949,27.880787,38.971945,43.439265,27.175122,22.114823,28.082751,40.706876,44.742603,24.862947,26.551312,43.027583,32.744664,40.331647,23.856729,39.865962,34.237356,26.844790,44.474192,42.873307,31.059496,33.976398,43.366307,41.083483,28.502423,36.810474,34.359121,23.333385,45.451724,36.096306,44.601389,34.933236,42.724024,34.307625,41.729268,33.588569,36.967075,31.861134,38.874488,35.617617,43.468987,44.373638,43.758788,42.387855,35.745354,0.000000,35.198885,30.895374,45.539886,44.717076,45.812902,33.786420,30.591136,45.099180,44.163379,30.505680,41.157536,36.536450,34.627154,44.802891,44.264754,35.604280,30.898893,39.308852,39.059439,43.821035,41.694224,44.984181,34.955294,41.139833,34.033193,34.710384,36.506639,35.287823,35.693518,38.025994,40.459696,32.593516,37.376744,37.805841,38.195836,36.745643,38.654223,39.703766,37.580944,34.824389,35.160910,35.748324,41.084029,36.078646,38.673391,35.377929,39.117599,35.674992
TK mark,38.581240,40.059053,37.648164,38.733966,39.387890,31.265952,28.667543,40.846573,37.112434,28.974573,35.760825,29.774650,26.547143,37.213954,37.442437,27.045202,40.886396,34.465532,24.129984,28.251481,37.473416,33.596771,30.286493,37.848605,27.276231,25.112529,27.208077,39.231300,40.830640,35.622181,27.344228,32.367055,39.362662,25.007638,39.018225,35.945401,22.738350,28.185556,24.457813,32.460292,38.146158,33.597634,26.066537,37.919809,32.197418,33.111860,34.106130,34.665457,22.978062,27.265882,37.820320,33.629847,31.449389,19.517361,36.799030,37.279033,24.387868,37.989130,28.721908,32.114644,40.851948,22.875485,32.618805,18.880420,34.915629,27.709853,33.807378,37.361315,20.468155,32.930277,34.531802,30.549533,39.735056,40.264956,35.044942,34.519103,37.788327,29.128990,0.000000,29.002895,34.607850,30.914658,38.060022,35.870347,33.853994,41.130985,31.658217,35.078500,39.977218,26.710703,22.321653,31.602453,33.998640,26.684807,34.192431,30.106556,29.578785,33.119907,38.186728,31.552317,25.290288,40.959019,30.989489,27.271957,26.775250,28.699506,25.486209,29.102961,33.377053,28.994957,30.022734,29.398629,32.374273,30.466663,32.756699,32.264036,29.176394,24.587428,29.888464,27.425984,38.631078,27.139255,36.563929,27.336361,37.008163,31.566328
Hội đồng nhân dân - Ủy ban nhân dân phườ,33.221543,33.501050,32.970715,34.322947,34.731706,33.308989,31.557979,35.916507,33.640437,33.232118,34.374413,33.874732,34.706461,33.988983,36.542037,30.954360,36.423302,26.329418,22.459278,32.257918,36.553876,37.799054,33.653168,36.698739,24.472160,23.243180,31.672843,36.530314,37.266693,35.216770,30.840701,35.936552,36.700904,22.341677,37.324802,35.478148,28.818762,31.344115,21.889324,35.342684,37.070132,37.634558,29.237634,36.484035,35.150305,33.549073,38.018300,38.031634,21.635774,30.404769,36.825155,33.865077,34.175915,23.663557,36.159826,35.655440,27.839218,33.405408,30.674547,37.144059,38.752687,24.527701,33.231309,25.917289,34.768324,26.876348,33.915315,41.904288,26.903763,35.851935,37.328610,32.155304,41.196722,38.227903,34.865526,34.496190,42.099732,35.128048,27.244550,0.000000,34.498869,32.189292,37.043719,39.338520,35.893057,40.374876,32.651936,37.496537,37.549747,30.529105,27.631758,32.579140,34.138846,29.868697,36.348405,26.690919,22.817293,33.548423,38.851974,32.459101,27.674729,41.163641,22.165245,27.082655,31.337317,28.409986,28.759727,34.273890,35.135203,23.273435,33.016707,28.900310,27.137939,30.022357,35.446351,25.130608,33.270019,29.270069,26.405441,30.960709,39.312118,30.873980,37.088746,30.270000,37.548615,30.890361
Trung tâm Công nghệ Phần mềm Thủy lợi,40.601152,43.108720,39.008037,40.694939,42.597643,36.347221,39.566071,44.448771,38.803715,38.504663,36.784258,43.810568,36.782648,38.576340,39.874578,36.865358,43.820555,35.434272,29.701358,43.303763,40.032977,45.378946,40.553323,41.507697,38.897036,32.128844,38.656093,41.048788,43.998786,38.176108,37.119658,43.555925,40.961977,31.198919,40.547376,33.850301,37.021717,39.717268,32.883122,41.673936,40.830810,44.955739,37.030921,39.199614,40.482318,33.015411,44.918202,42.082213,30.353835,35.046705,32.764765,31.527787,39.343961,38.284216,36.875732,38.152477,37.798419,39.026662,27.383818,40.914162,43.241020,37.437200,37.732375,40.052993,35.242099,38.474392,33.220826,48.671124,36.404977,41.505005,42.029104,38.874416,41.297562,42.218043,35.741995,27.537698,48.402174,44.948431,36.587513,36.852062,0.000000,40.723052,40.718622,44.953296,38.086350,43.287958,35.860639,39.974086,39.595715,41.013876,35.836937,41.447299,34.994096,39.489346,38.612420,38.369345,38.015511,34.142494,39.211602,35.187876,36.867897,42.898793,37.653739,36.793059,37.227385,38.440073,38.797031,42.706851,33.644143,34.706318,41.349639,42.040553,40.290524,38.536329,42.659514,37.980042,42.237926,35.976233,36.204285,40.394222,39.166625,40.099457,36.817757,38.316071,37.301210,40.030283
WinMart+,40.327913,42.513012,38.906630,40.414038,41.971540,36.086258,39.425367,43.674283,38.686860,38.012469,36.909205,43.279375,36.419979,38.505808,39.552361,33.134387,43.250770,35.254769,27.608085,34.049259,39.689439,44.769395,40.349937,40.797293,35.831645,32.362856,33.831392,40.782844,43.366451,37.332900,32.946471,43.118086,40.735048,34.780577,40.351703,37.487169,34.118456,33.114415,30.876980,41.423576,40.401084,44.393211,31.817520,39.089856,40.310049,33.249351,44.386889,41.792890,33.461526,32.454438,40.093263,33.947911,39.249814,32.857145,38.257629,38.136438,30.770983,38.955941,26.134263,40.691960,42.803249,33.236438,32.650962,34.657589,35.850808,29.888873,34.279408,47.838800,31.127704,41.277841,41.801926,27.918988,41.070330,41.897081,36.077176,35.391696,47.629540,36.937233,29.536568,32.034244,36.340153,0.000000,40.231331,44.507299,38.077836,42.896587,30.916285,39.845640,41.188355,31.786340,25.653081,30.885256,34.649867,17.115244,38.580373,34.005142,33.337814,33.298534,39.132552,30.991177,29.130764,42.561847,33.996517,30.772016,29.024760,33.030417,28.838236,25.018316,33.565070,30.952787,33.271748,32.696310,36.999916,34.280165,36.486588,35.025123,30.598228,26.517818,32.291527,28.933285,39.133988,31.832802,36.839844,31.476166,37.315482,34.376671
Không có tên,41.780893,45.016989,39.766054,41.866788,44.800752,40.374040,40.339834,46.791766,39.827109,44.129701,36.371849,45.420179,42.354136,38.576989,41.652814,42.141089,45.562278,42.606769,35.028442,44.655704,40.533633,47.059051,41.397606,42.827594,42.464223,40.942689,43.280989,44.064310,44.991254,37.607359,40.864747,44.853360,41.244043,38.395090,40.782568,43.123908,40.768846,40.366240,41.548030,42.510495,35.483886,46.494957,40.723497,43.535176,41.162643,34.468349,46.355917,42.473576,37.609256,38.100240,40.196066,34.339366,39.868023,41.103915,36.446956,38.106251,40.953736,39.074194,30.023669,41.629761,43.890069,39.913073,44.313902,42.864729,32.868861,41.861162,30.011162,50.631578,39.208490,42.255812,42.334708,42.491639,41.587573,42.664297,26.303668,33.527121,50.225668,45.964755,39.782057,39.515603,37.926862,44.533655,0.000000,46.118219,38.056166,43.835856,37.512893,40.088973,39.698297,44.270462,39.578707,44.986995,35.455842,42.798418,38.613592,40.949493,40.671929,36.329824,39.275254,36.858000,40.179075,43.360972,39.978528,39.787155,40.702026,41.288746,41.579790,45.520697,30.568296,36.971639,44.086214,44.073679,42.615800,41.092540,46.017699,40.054197,45.568031,38.769965,38.556248,44.424311,39.543312,43.603006,37.022527,41.963928,37.529424,42.998516
Cafe Dinh,42.035445,44.752676,40.445403,41.707672,43.627282,39.934346,44.544526,44.718326,40.904384,40.921539,41.890231,41.783591,40.715313,41.253584,42.123320,39.493918,44.215739,41.703815,36.352071,41.402726,44.901140,40.421962,38.166698,42.584042,38.390398,40.832493,40.585936,43.546799,44.478753,41.282165,35.729770,33.466742,37.775112,40.018966,38.460914,43.432896,40.918833,37.120995,38.624508,40.404389,44.975424,36.512494,38.626004,43.168182,28.384616,39.837260,37.209689,39.359715,40.252803,33.469676,44.642250,42.780990,25.231032,39.545279,43.504298,40.926144,37.818673,36.053593,41.969429,36.844739,45.926896,39.411973,44.765043,40.313291,42.687282,39.083500,41.454169,32.400214,41.087659,19.942733,35.148368,43.622997,43.627551,44.695815,43.750641,42.162441,25.677880,33.568515,35.971446,38.157977,45.771531,44.815126,46.172522,0.000000,24.493697,45.512050,44.202057,21.309924,41.025658,44.644172,42.249954,44.928138,44.265139,43.775816,24.462671,41.360462,35.442548,43.760921,36.167100,45.114109,38.135683,38.313107,38.169165,37.948612,42.499511,38.553868,38.846156,45.149067,40.239101,37.303474,44.377895,38.141651,40.836066,38.586094,45.391381,42.094731,45.114946,37.569119,38.503597,44.586657,37.357545,44.021897,35.353990,43.113715,35.829100,38.242900
Trường Trung học cơ sở Yên Mỹ,41.460728,42.696948,37.841715,36.206687,42.320030,40.164772,41.843345,36.708163,40.795972,40.713422,41.411676,42.226482,40.646161,34.883625,41.538817,41.413415,36.487612,41.334600,37.674276,41.935123,43.302366,40.792011,39.512664,41.923049,39.619213,40.787645,41.417686,36.125653,37.332435,41.091068,37.816985,40.746440,34.257761,40.802477,35.178034,42.470421,41.471803,38.652164,39.725043,37.957475,43.547109,42.655922,40.066289,36.076628,38.568880,40.102944,42.725129,35.778516,41.012219,39.819317,43.273866,42.158041,24.562959,40.450326,42.660096,35.052012,39.054446,29.171703,41.679654,39.489023,39.537848,40.307614,43.423861,40.977608,42.164864,39.927217,37.454961,45.527056,41.439679,24.130326,34.826152,40.502451,39.731013,38.496453,42.813518,41.773698,25.439123,43.156948,40.429854,39.199729,44.261547,43.612162,44.363477,24.228243,0.000000,38.463035,43.162021,18.408990,34.943709,43.549457,39.785383,43.675107,43.322417,42.944366,16.395930,40.030928,38.822260,42.957583,36.221009,43.846662,39.902992,39.093502,37.307020,39.732844,40.724649,40.262720,40.488330,43.875437,40.372293,37.861607,43.387805,39.802876,40.943903,40.212430,43.447870,40.663664,42.842402,40.443599,38.965026,43.595676,37.529691,41.622916,35.307189,40.807889,35.821448,40.963539
WinMart+,51.537078,56.444155,45.915433,39.397748,43.492986,39.952127,57.476142,42.055819,39.967887,50.613491,40.865011,56.204225,41.345357,36.411547,41.307351,50.908544,41.865382,41.577901,36.081850,53.772250,44.425675,52.075049,48.604749,42.642636,46.493858,40.442063,51.048180,35.792040,41.765679,40.999020,44.438573,51.029412,43.917901,48.536757,45.140739,40.288037,50.526985,45.963728,40.822636,45.869183,40.146125,54.110885,47.190061,32.844516,45.424849,39.238171,53.355260,51.216666,47.918203,45.825411,41.180590,38.359141,43.900095,46.774966,38.536067,22.891950,39.580302,37.756984,35.692172,46.138189,38.741248,46.423139,42.212297,47.306049,39.578261,45.171143,38.444548,57.841597,48.640452,45.441295,36.266267,41.430761,33.067566,31.109853,40.552691,39.187301,56.608085,50.247147,45.416963,43.555407,43.604241,42.557519,43.184855,51.560150,38.157565,0.000000,41.875422,41.815040,20.721131,42.493362,39.999995,42.716813,42.106046,41.627599,39.073079,44.499243,42.922851,41.552312,21.083899,42.997693,40.052350,33.998593,40.442356,44.237440,40.334611,45.088662,45.264874,43.069371,37.364025,40.809335,42.350623,42.429564,45.757911,44.615432,43.566218,44.498731,43.294100,44.556185,42.266199,42.628001,36.003528,42.153958,33.478758,41.191779,34.060167,45.104197
Coffee Cây,41.145119,43.338538,39.693984,41.216814,42.937182,37.165433,40.143781,44.485424,39.700074,38.960562,38.039677,43.935244,37.616458,39.411930,40.775652,37.473028,43.936564,36.635054,31.138301,43.467584,41.007637,45.324170,40.990683,42.286710,37.312021,33.587713,38.999892,41.462620,44.099070,39.143014,37.598203,43.688623,41.328941,36.629245,40.961172,38.922539,35.647233,40.184438,33.889088,41.947170,41.571596,44.939277,33.494640,39.785303,40.857268,35.239556,44.901742,42.331683,35.710543,33.937299,32.537445,31.722335,39.805043,35.699059,35.563461,38.738539,34.697937,39.526807,28.812206,41.244928,43.412446,35.304891,35.341743,37.506839,34.039075,35.019507,32.950215,48.287171,33.879165,41.778415,42.240114,34.956125,41.610323,42.476158,34.367132,33.057034,48.073605,44.939680,33.440287,34.477808,32.086421,35.952678,39.989917,44.945349,38.468745,43.428991,0.000000,40.281657,41.650398,37.671828,31.768035,37.461776,31.862559,36.121831,38.970976,36.185671,35.717824,28.426811,39.664987,25.590367,33.526081,43.071008,35.757881,34.009416,27.650331,35.889685,31.525898,31.444041,26.342129,32.777480,32.572342,36.402446,38.498405,36.396234,37.885134,36.381760,37.609484,29.762140,34.189521,34.391159,39.393407,35.461810,37.083855,33.545574,37.551531,36.451874
Trường Mầm non Tứ Hiệp (điểm Đồng Trì),44.847414,46.940652,40.623471,38.414094,45.868840,43.165179,45.963520,39.440822,43.547267,44.171647,44.438599,46.129857,43.584747,36.772083,44.595103,44.760576,39.215483,44.118548,39.471661,45.443557,46.604200,44.144918,42.388918,44.721374,42.352898,43.282627,44.847958,38.674622,40.525276,43.600080,40.503265,43.915248,37.182111,43.754119,38.181095,45.424252,44.731068,41.441232,42.209447,40.588363,46.458941,46.258948,42.859715,38.512342,23.861454,42.265828,46.158981,39.606546,43.465030,42.205182,46.320696,44.667556,22.480211,42.835918,45.153405,37.152812,41.123942,30.746597,43.694778,42.205109,42.616019,42.737685,46.359544,43.456275,44.409464,42.285574,39.643506,24.608101,44.323070,21.588294,38.483259,42.760315,43.219503,41.671700,45.453483,44.034569,23.279930,27.248099,42.544191,41.153348,47.056676,46.264114,47.460957,20.727233,18.570627,41.937164,45.813895,0.000000,37.158891,46.071291,41.553129,46.368108,45.666434,45.369651,17.693545,42.170053,40.854695,45.259747,38.813621,46.488398,42.011189,43.055436,39.033655,41.893662,42.857998,42.515094,42.729945,46.495041,42.133418,31.879894,45.825963,41.865091,43.201516,42.344136,45.831338,34.848924,45.257492,42.491635,40.607465,45.982513,38.690556,43.848153,36.154448,42.773252,36.692444,43.024416
Trường Mầm non Lĩnh Nam (cơ sở 2),41.606142,43.407154,37.454517,32.574855,35.583680,34.136500,42.720903,33.286520,34.257561,40.780754,33.999589,42.834226,34.732383,30.551222,34.942732,41.437500,32.514968,35.080159,31.817765,42.276483,36.879570,41.063092,39.459629,36.190762,39.177927,34.597090,41.470079,28.155566,31.827399,35.110935,37.228770,40.842394,33.463817,40.507998,34.545017,37.096363,41.377750,38.158569,35.420118,37.539091,36.913415,42.909438,39.625525,26.209607,38.187002,34.222380,42.867280,35.421064,40.541907,39.196485,36.948770,35.901729,37.264349,39.874264,35.165630,20.928459,34.854856,28.578687,31.868143,38.939101,27.390173,39.695311,38.652036,40.413400,36.265126,38.225444,36.127812,46.046569,41.068198,38.482543,28.131892,38.454218,23.691418,22.571172,36.882949,36.033937,45.788915,42.762030,39.629460,38.282676,39.908011,39.165341,38.411132,43.004290,33.005521,19.620930,38.629672,35.083310,0.000000,39.222274,37.466626,39.276035,36.353627,38.629110,33.470499,39.165931,37.869043,36.489447,18.156700,39.556295,37.496992,23.775058,36.174681,38.849593,37.670189,39.426327,38.171895,39.630321,34.676949,36.693353,39.210564,39.473985,40.113073,39.294646,40.253865,39.665791,40.067394,36.696802,37.845654,39.481028,32.652392,39.244294,30.898402,38.505431,31.394810,39.049810
Chợ Nhân Chính,40.484194,42.375172,39.197659,40.556577,41.897426,36.793634,39.655330,43.382304,39.087299,35.597616,37.567406,35.918950,37.150540,38.884468,39.868492,32.719748,43.065485,36.256486,27.339696,34.873343,40.035357,44.460352,35.417999,40.957571,35.135482,28.401584,34.741496,40.872461,43.165587,38.256735,33.699668,42.981081,40.816874,34.065375,40.464788,38.215822,33.068338,33.781141,30.279841,41.442994,40.606881,44.130292,32.569210,39.336127,40.423739,34.962531,44.131856,42.889409,32.778743,33.153051,40.345562,35.224232,39.442234,32.041486,38.753510,38.424063,29.939874,39.172638,29.543149,38.045843,42.689670,31.811694,34.931847,33.435661,36.869930,28.853563,35.163650,47.256743,33.263298,41.305690,41.494086,32.895535,41.122590,41.878677,37.040934,36.605469,47.094827,36.402135,26.902317,30.414597,37.835552,32.705192,40.423061,44.292428,39.190800,42.792300,33.706611,41.098001,41.226678,0.000000,21.465297,31.483939,36.058955,26.784755,39.739514,32.291173,31.565921,31.405621,39.325869,30.616986,24.099040,42.490368,32.758807,28.602192,25.077471,30.781558,24.547272,31.878721,33.288865,29.930542,31.877494,32.990438,35.451811,32.643586,36.328842,34.036789,28.734017,25.623634,31.117095,27.031260,39.224590,30.640104,36.993658,30.379857,37.453335,33.045011
Cục Sở hữu Trí tuệ,36.546853,37.737718,35.891266,36.725446,36.939867,33.432463,32.248282,38.371511,35.057356,33.245977,33.825908,33.853007,33.452250,35.435134,35.064512,31.844827,38.636041,32.542366,26.483201,32.852196,34.953663,36.525990,33.700684,35.024303,31.593110,27.142955,32.279324,37.489573,38.479501,33.092634,31.718435,35.294878,39.189526,30.627737,37.439821,33.664173,30.839383,31.990606,27.922142,37.619877,35.661237,36.351750,30.744090,36.356107,34.796617,31.085003,36.669297,40.478395,27.701731,31.452010,35.362168,31.814943,34.079900,28.887712,34.797788,35.974065,27.285213,36.644346,27.434906,36.075382,38.942912,29.462219,30.369173,29.043515,32.899517,26.129569,32.258703,39.312075,30.426836,35.332178,39.548670,28.330517,38.216608,38.543176,32.932379,32.329598,39.555384,34.609243,25.321683,28.248775,31.812869,35.982318,35.725945,37.910438,37.822367,39.376602,33.024402,39.195371,38.591588,21.982068,0.000000,33.777360,31.842145,23.316396,38.176077,28.697698,28.192516,33.864340,36.885532,34.081966,19.088973,39.321850,29.850990,21.407586,24.662194,27.113705,20.709547,32.913507,34.745111,28.147755,30.347263,25.502481,30.852601,29.088608,33.972627,31.236119,27.690348,21.687392,28.887843,26.847739,37.904613,24.937361,36.010453,25.478153,36.438559,28.346201
WinMart+,42.006841,44.608751,40.306933,42.063831,44.363089,37.591397,40.749661,45.974542,40.516147,39.626775,38.653154,45.001773,38.175251,40.072902,42.005874,37.852498,45.088129,37.108242,30.847150,44.393763,42.417114,46.422249,41.628362,44.304050,36.482180,33.546141,39.600596,42.194011,45.352202,40.521612,37.967187,44.576220,41.951127,35.705959,41.559945,39.918777,34.926866,40.704497,32.786317,42.569406,42.950521,45.966812,37.823215,40.321859,41.378296,35.557230,45.874700,43.000622,34.724499,33.318315,42.602455,35.053897,40.224878,34.517838,40.223194,39.105144,33.298189,39.939648,27.405001,41.772689,44.339154,34.404790,35.877188,36.130418,36.559217,33.364782,38.145032,49.548386,32.890229,42.338901,42.777243,32.928690,42.195009,43.232289,36.769703,34.038924,49.284701,45.647729,32.126907,33.507901,36.439528,32.766150,45.964229,45.747737,38.685661,44.232049,29.024968,40.622774,42.166612,30.231058,30.079894,0.000000,33.313120,29.049318,39.226799,35.223483,34.729444,30.814493,40.062939,29.260204,33.914807,43.782413,34.994471,37.632029,26.166811,34.736478,31.786820,35.470268,34.744531,32.089410,33.567673,38.212253,37.576331,35.088403,38.185168,35.745160,34.071234,29.529072,33.415955,33.406881,39.564899,35.052372,37.169735,32.733009,37.652869,36.383908
Kho bạc Nhà nước Đống Đa,38.713949,40.557550,37.565826,38.854860,39.802779,34.991129,38.147426,41.548758,36.944413,36.836092,35.272629,41.633735,35.183417,37.040165,37.352985,35.656047,41.469858,34.008034,29.673210,41.376028,37.337224,43.161849,39.102366,37.860700,37.676302,31.631021,37.153426,39.425417,41.437323,35.407006,36.019673,41.689747,39.541373,37.122927,39.157960,30.866814,36.114260,38.419055,34.827976,40.283953,29.036024,42.854401,35.980230,37.888164,39.248915,31.954595,42.918264,40.598399,36.430046,34.516305,31.619641,30.826395,38.282983,36.535491,28.311234,37.171000,35.784347,37.974275,31.266015,39.550760,41.311880,35.992910,34.507531,38.194288,33.064528,36.103854,26.765854,46.071367,34.659451,40.223893,40.810516,36.235896,39.954646,40.593594,23.307241,21.224164,45.965237,43.446931,34.611851,35.297868,29.421733,37.524359,33.347834,43.272483,37.445416,41.577075,32.374232,39.001267,36.246772,38.504355,33.431697,38.490016,0.000000,37.086955,37.907923,36.716758,36.314712,26.558797,38.196257,30.279386,34.688131,41.352305,36.216038,34.884985,34.554623,36.572308,36.669755,39.970977,23.485439,33.399818,38.989364,40.362286,38.750848,36.906650,40.691750,36.711380,40.319675,34.052952,34.881873,38.040843,38.663711,38.175545,36.487689,36.404854,36.955095,38.465860
Tịnh Cafe,41.273047,43.327023,39.885560,41.338187,42.957891,37.537192,40.296566,44.404893,39.939058,39.215408,38.395833,43.900597,38.003799,39.635332,40.968191,37.766777,43.909926,37.147337,27.356205,33.960886,41.207521,45.227063,41.097010,42.384960,33.899751,34.194024,33.744194,41.553323,44.056786,39.585005,32.991701,43.669890,41.411892,32.904564,41.059781,39.294257,32.258025,33.119062,29.734655,42.006722,41.709094,44.865780,31.962663,39.946599,40.948316,36.048843,44.836077,42.375628,31.803861,32.521876,41.439401,33.859209,39.935468,31.043206,39.660643,38.917217,29.316281,39.665812,30.379535,41.319798,43.409546,31.032063,36.353141,31.820793,35.473548,28.412390,37.952594,48.072815,32.201169,41.830550,42.276678,31.289284,41.678717,42.520750,35.668472,33.741786,47.883381,35.599540,27.036157,29.853751,35.603843,35.169569,44.245878,44.887889,38.591280,43.426714,29.391263,40.364516,41.712719,27.404971,23.348223,30.570622,33.086135,0.000000,39.085560,31.236055,30.686168,30.868503,39.796397,29.656107,24.617887,43.078274,31.910543,27.274140,25.614145,29.938501,24.950977,31.309569,33.275236,29.637429,32.133950,33.154536,33.659334,31.583629,36.458183,33.121391,29.001782,25.841593,30.580525,31.696081,39.461597,30.833298,37.175854,30.514597,37.635555,33.170682
Trường Mầm non Yên Mỹ,42.900355,44.428088,39.033925,37.174212,43.781057,41.414420,43.513014,37.817908,41.971865,42.134304,42.699591,43.819308,41.875727,35.649301,42.801490,42.810007,37.628892,42.522505,38.425553,43.381381,44.732610,42.168558,40.694044,43.096458,40.762377,41.891320,42.835387,37.151455,38.648610,42.196120,38.921737,42.054549,35.401129,42.044873,36.360687,43.743538,42.841421,39.826488,40.795012,39.032132,44.851166,44.217806,41.237789,37.065826,39.543078,41.075362,44.219142,37.270087,42.041014,40.884923,44.573896,43.290011,24.754956,41.497910,43.713257,35.903218,39.989465,29.771326,42.590936,40.619955,40.801681,41.391303,44.660710,42.087474,43.140980,40.910508,38.359453,47.239770,42.647484,24.322993,36.239376,41.450824,41.146273,39.786089,43.984774,42.801700,25.830800,44.369375,41.391442,40.086595,45.450834,44.753523,45.668661,24.491834,16.863010,39.863266,44.285290,17.961632,35.845131,44.644641,40.548428,44.806551,44.380590,43.974453,0.000000,40.927668,39.678859,43.999537,37.270954,44.964155,40.799528,40.676437,38.028375,40.641169,41.622622,41.204552,41.424805,44.985444,41.126221,38.565250,44.419637,40.665769,41.895176,41.109797,44.456018,41.490527,43.870349,41.310583,39.722494,44.608225,38.026598,42.565714,35.663387,41.672119,36.193193,41.840318
WinMart+,40.679652,36.036159,39.503579,40.745602,42.077390,35.899925,33.899974,43.425746,39.464352,36.337646,38.147410,36.569268,37.810019,39.253681,40.260314,34.163613,43.006106,37.078286,28.973534,35.367473,40.381503,39.636212,35.880741,41.215965,36.155587,29.980180,35.597954,41.016030,43.083123,38.970023,34.053118,37.798738,42.319414,35.332689,42.834097,38.827583,33.250345,34.017846,32.287970,40.219875,40.852072,39.426025,32.619389,39.604407,36.810274,36.190768,39.677146,44.290313,28.408230,33.295995,40.629242,36.210514,35.851740,34.011371,39.209126,38.723162,32.666805,38.018838,31.801675,38.769330,42.669168,31.649920,36.471081,35.561565,37.669036,32.588457,36.041769,43.298440,33.909983,37.380598,42.505168,35.426726,41.219811,41.929119,37.809346,37.530026,43.441391,36.920759,25.194934,29.738121,38.844510,34.671680,40.736852,40.610359,39.756737,42.764820,35.495923,41.950747,41.308405,32.807863,26.636986,35.404927,37.092953,31.016957,40.375839,0.000000,30.175888,36.140395,43.282629,34.851749,26.836229,46.213333,32.132400,25.765568,33.566200,28.380872,29.072002,38.377374,37.823052,29.007303,36.382873,29.371160,35.407249,31.569911,40.195057,33.831428,37.193512,29.843137,30.146229,32.370339,41.675646,32.548491,39.085186,31.227889,39.544858,32.364050
5050 Rooftop Cafe & Pub,32.261157,32.472795,38.769769,39.824607,40.807517,32.194862,30.822501,42.070435,38.590888,31.979146,37.414328,32.454102,37.116183,38.480612,39.137692,30.216271,41.835918,36.431010,23.335109,31.119447,39.164271,35.848439,32.506773,39.734050,25.178069,24.009289,30.673536,40.164761,41.850336,37.830612,30.192513,34.463996,41.343215,23.612445,41.826682,37.852132,28.459158,30.630992,32.350502,34.206400,39.634300,35.780136,28.881527,38.924912,33.998509,35.574115,36.179473,43.001906,23.519956,29.782976,39.443102,35.679650,33.203828,33.745923,38.311087,38.199704,32.659025,37.557898,31.957853,36.014695,41.653975,25.576037,35.690909,34.882380,36.888175,32.596391,35.628460,39.536856,27.168415,34.654639,41.583363,34.724444,40.493202,41.054133,37.012965,36.710181,39.890862,33.829001,27.771366,22.485069,37.502062,34.250156,39.613070,37.611325,39.249027,41.835166,34.910549,41.217073,40.644245,32.760993,28.183119,34.843069,36.327761,31.407185,39.797951,27.632264,0.000000,35.546848,42.423082,34.453635,28.389452,44.994407,24.173354,27.692828,33.363167,29.879024,30.102091,37.191129,37.104320,24.245503,35.578922,30.127976,34.572299,31.866371,38.681086,26.621891,36.155712,30.365912,30.598933,32.417041,41.277074,32.571780,38.842812,31.477568,39.279062,32.410766
Thuế cơ sở 4 thành phố Hà Nội,38.836475,40.664984,37.676159,38.973255,39.933919,35.160528,38.249586,41.649182,37.106481,36.974566,35.450055,41.712972,35.368386,37.173773,37.538161,35.786663,41.562639,34.231893,29.845786,41.455271,37.538554,43.225361,39.189166,38.077076,37.807121,31.835206,37.267655,39.520181,41.537698,35.685967,36.126615,41.761161,39.628367,37.261416,39.244962,32.953415,36.229211,38.503289,34.997435,40.355343,38.333669,42.918391,36.095098,37.990679,39.327986,32.267972,42.982192,40.669897,36.579473,34.618981,31.975139,31.209952,38.354142,36.700594,35.112851,37.265450,35.988474,38.053140,30.728297,39.619205,41.391086,36.134568,34.847070,38.375044,33.440235,36.334503,32.486978,46.109700,34.819079,40.287351,40.866156,36.497938,40.033634,40.664810,33.775487,30.084765,46.011150,43.487313,34.808077,35.447266,30.554473,37.857204,37.775668,43.320472,37.508904,41.648313,27.276943,39.061724,38.653107,38.751725,33.674660,32.982016,28.757095,32.410384,37.963715,36.868802,36.467291,0.000000,38.275232,24.762967,33.774967,41.415720,36.345556,36.511391,28.524134,36.748523,32.168639,32.745142,22.369564,33.513980,33.466681,36.917070,38.888345,34.674721,38.867373,36.825335,38.528620,30.238542,35.007881,35.401918,38.703839,36.206677,36.527719,34.267382,36.987344,37.004845
Trường Trung học cơ sở Lĩnh Nam,48.378021,51.704330,43.748441,36.883731,40.049830,45.840199,52.015300,38.360774,37.806877,47.543218,38.153307,51.412323,38.690249,34.647680,38.751557,47.942227,37.969198,38.957750,34.800958,49.908796,41.102556,48.544481,46.003874,39.945981,44.521215,38.189014,48.000046,33.615959,37.608336,38.683836,42.680736,47.865818,41.553180,46.203932,42.537740,37.949673,47.689091,43.918174,38.709373,43.753950,37.756264,50.299474,45.095084,31.621655,43.628796,37.403821,49.860508,45.927171,45.834146,44.086485,38.747713,36.600068,42.393032,44.903871,36.653902,25.492320,37.824872,37.528467,34.535356,44.215046,34.558695,44.609580,39.726438,45.380606,37.748233,43.607043,38.342013,53.519303,46.387650,43.700664,32.746030,39.440910,35.132880,30.473147,38.438080,37.468702,52.739576,47.947976,43.896029,42.272560,41.103277,40.265423,40.510495,48.863271,36.057131,27.811095,39.675629,38.907979,19.305455,40.312051,38.327674,40.401093,40.030560,39.640047,36.742776,43.100877,41.694139,39.566317,0.000000,40.698525,38.385669,29.144225,39.532425,42.852355,38.582969,43.585206,43.764645,40.783341,36.026257,39.897449,40.290532,42.666029,44.213743,43.227347,41.421527,43.204123,41.207450,43.220866,41.215403,40.580818,34.694969,44.761441,32.512530,39.477659,33.044534,43.720757
WinMart+,42.262397,44.596725,40.696226,42.312826,44.375502,38.355567,41.076466,45.808097,40.983894,40.125645,39.370602,44.961701,38.962735,40.532681,42.356433,38.452753,45.032972,38.145469,32.056857,44.400562,42.752160,46.272777,41.853906,44.342319,37.534805,34.778843,40.014713,42.396115,45.265586,41.317061,38.465576,44.575241,42.145425,36.914672,41.785485,40.643816,35.924919,40.976798,34.408970,42.701226,43.176136,45.848850,38.329563,40.664619,41.588366,37.258280,45.772303,43.108995,36.082382,34.231010,34.095166,33.413735,40.505454,36.133266,36.708398,39.480228,35.280516,40.244345,30.933417,41.950990,44.353762,35.660937,38.029586,37.847132,35.707292,35.722640,34.070969,49.164574,34.406132,42.478689,42.878038,35.744445,42.358811,43.333275,35.988254,33.132589,48.939765,45.584284,34.070181,34.904602,36.313573,36.878427,39.470216,45.668640,38.942490,44.254890,26.222338,40.808821,42.307250,38.144830,32.687338,34.895600,32.102266,33.395512,39.467960,36.568395,36.140435,25.832988,40.344372,0.000000,34.873853,43.837130,36.103550,38.117787,28.241708,36.360720,32.878319,34.630467,31.323327,33.150033,34.966800,38.666807,38.731097,35.625717,41.258911,36.666179,40.698054,30.467383,38.966249,36.933808,39.720412,37.509794,37.356773,35.019443,37.824133,38.172564
WinMart+,41.067805,42.696001,39.907589,41.118426,42.320445,37.987812,40.263840,43.549396,39.953814,35.520208,38.714837,35.801735,38.391394,39.704214,40.727559,33.950997,43.276663,37.762700,26.917921,34.857677,40.933199,38.353019,35.363157,41.755289,33.110749,27.793023,34.724879,41.333180,43.368709,39.708625,33.799857,36.952497,41.238573,32.084151,40.925524,39.464583,33.255644,33.859220,28.984421,41.763126,41.340791,38.220860,32.765213,39.960824,36.229842,37.101387,38.471962,42.288209,30.998467,33.293557,37.278442,36.980743,35.443416,30.128642,39.737296,39.057493,28.378416,39.712265,33.079811,37.835573,42.923827,32.233144,37.470902,30.656426,38.415877,27.308904,36.531287,41.409922,33.446584,36.729270,41.072489,30.034357,41.482484,42.183603,38.539706,34.005820,41.575647,36.277208,28.510511,31.070320,39.832938,36.845931,37.681052,39.427521,38.972249,42.987912,33.104650,40.772095,41.532228,21.901042,22.589775,34.105503,33.506165,23.497187,39.481939,32.032457,31.454338,34.059871,39.826926,34.507078,0.000000,42.710136,32.515577,25.627317,24.161087,30.833182,20.327018,32.880047,34.952458,30.065001,32.155567,26.090625,34.572828,26.199140,37.020555,33.670058,28.745767,21.189478,31.109600,26.801074,39.490708,25.125972,37.322453,25.735576,37.758562,29.292306
WinMart+,43.642494,47.533348,39.193510,33.175519,36.414575,33.713192,47.554069,35.227688,33.661547,42.934391,34.278834,46.716861,34.678974,30.679324,34.668720,43.001740,34.793786,34.778033,30.310464,44.800101,36.817413,43.391336,40.703558,35.584810,39.433628,33.803639,43.235877,30.306775,34.584171,34.207997,37.876410,42.526429,37.518102,40.940211,38.339933,33.626034,42.463645,38.907849,34.038023,38.538368,33.407927,44.985266,39.801857,28.230187,37.952161,32.721774,44.371950,42.709883,40.043492,38.533254,34.238566,31.979312,36.570706,39.184993,31.998584,21.485715,32.887655,33.365979,29.840609,38.881665,32.134303,38.915421,35.019801,39.590958,32.772693,38.076331,37.154606,47.820202,40.976015,37.779337,28.861463,34.430360,32.745189,28.006768,33.569868,32.514658,46.901837,41.803624,37.970664,36.499166,35.997827,35.174255,35.658598,42.561005,31.312630,25.943310,34.655309,34.784077,19.922217,35.096691,32.970385,35.330783,34.714279,34.457099,32.166319,37.485771,36.153498,34.278030,21.679627,35.528641,33.191043,0.000000,34.085473,37.145941,33.454928,37.804438,37.894523,35.582353,30.803913,34.216071,35.014836,36.895061,38.350706,37.343760,35.995968,37.292512,35.818021,37.286242,35.259756,35.150833,29.647910,34.812281,27.337037,33.982404,27.913108,37.697047
Cửa Hàng Tiện Lợi BV Mart,33.245037,33.588635,33.015369,39.494579,40.322786,33.366298,31.901810,41.477335,38.348215,33.345411,37.289253,33.727918,34.472895,38.268872,38.809639,31.607466,41.327065,36.408142,24.667966,32.527054,38.812690,36.825028,33.578561,39.273468,26.797942,25.372757,32.240286,39.843936,41.318721,37.612613,31.560538,35.402572,40.928559,25.420565,41.380734,37.665647,30.265539,31.820420,25.082381,34.997181,39.244373,36.726212,30.313598,38.707054,34.828851,35.669829,35.338452,42.407985,25.923061,31.075034,39.077297,35.744362,34.027243,26.708853,38.093951,38.061784,33.247984,37.467065,32.562784,37.132734,41.209527,28.126603,35.779413,35.127406,36.812522,33.278802,35.685844,39.990913,29.644583,35.431128,41.178586,35.008579,40.190873,40.681088,36.922045,36.650609,40.321584,34.714860,29.752045,22.141759,37.309731,34.566159,39.256239,38.691613,39.064041,41.423314,35.117201,40.891088,40.366215,33.522561,29.672632,35.065422,36.323580,32.262832,39.581943,30.807381,23.275718,35.644421,42.020009,34.699659,29.893961,44.374532,0.000000,29.392015,33.843819,31.382624,31.356282,37.054236,37.014541,22.380538,35.692332,31.161704,29.744883,24.888883,38.325432,25.902159,36.133296,31.190996,27.170595,32.929648,41.084839,33.138964,38.753138,32.115582,39.173552,32.931119
Đảng uỷ - HĐND - UBND phường Thanh Xuân,38.280077,34.189423,37.370880,38.378990,39.154756,33.982789,32.378250,40.563943,36.913633,34.055263,35.643987,34.407239,35.307698,36.949740,37.250916,32.200547,40.477238,34.435253,27.517438,33.198570,37.135712,37.535661,34.133049,37.527027,33.513395,28.369051,32.983510,38.891770,40.429870,35.412805,32.137879,36.003868,40.444790,32.581384,40.967231,35.770191,30.921061,32.335575,29.724626,38.572821,37.738542,37.413225,30.828718,37.661100,35.328686,33.118313,37.742455,42.088189,26.368135,31.590298,37.540719,33.590543,34.480246,30.876923,36.525104,37.093573,29.361420,36.686302,29.175544,37.140829,40.429093,28.813551,32.823416,31.514175,34.767557,28.654179,33.970485,41.099038,30.497283,35.923150,40.764924,31.061771,39.433571,39.900401,34.908735,34.403056,41.367177,35.316002,21.822442,27.019801,34.555808,31.265791,37.860063,38.925980,38.556778,40.744124,31.957559,40.516841,39.702540,27.943432,23.911510,35.291889,33.943282,27.667399,39.098177,27.814058,27.005166,33.154853,41.746811,35.456597,23.253584,44.335557,29.717205,0.000000,30.021156,24.744296,24.849545,34.737583,35.515651,27.593436,32.751316,26.097619,31.051930,17.562749,36.529836,31.619649,33.201691,27.282511,28.263453,29.800685,40.881941,29.409308,38.472126,28.705121,38.915978,29.779368
Starbucks,42.198936,44.192526,40.828758,42.242127,43.956789,38.833361,41.154052,45.210056,41.101994,40.345956,39.738924,44.585758,39.401682,40.704763,42.264243,36.123432,44.627296,38.771988,33.169210,37.101500,42.581346,45.779698,41.846485,43.805125,32.515222,35.773472,37.259572,42.326460,44.805964,41.435853,36.004063,44.286472,42.107401,31.551781,41.786749,40.864606,35.882177,35.783666,28.757201,42.616534,42.943522,45.420226,34.947543,40.783763,41.605710,38.253000,45.367338,42.985724,33.065455,35.320517,38.235043,37.921962,40.617191,29.737312,40.943280,39.686035,28.182846,40.379741,33.468284,41.938479,44.074529,35.540811,39.055827,30.117132,39.646151,27.297626,37.267107,48.416841,36.844473,42.418809,42.427666,29.587348,42.306797,43.179539,39.786200,38.351992,48.255009,37.883500,33.022241,34.613546,42.209536,38.373943,41.627946,45.335252,40.055371,44.023306,33.666071,41.960054,42.263655,23.495461,23.341475,35.486590,37.900108,30.288864,40.596590,36.026222,35.465195,34.848176,40.465690,35.811175,22.746175,43.663270,35.567942,32.540554,0.000000,35.606581,22.571060,33.947510,35.764914,32.337545,30.820610,33.051043,38.684757,30.818161,38.531302,36.294272,26.086395,23.236717,36.708080,24.337859,39.795698,29.634947,37.510790,29.422482,37.962479,33.122288
WinMart+,38.741176,34.547507,37.839760,38.832280,39.637468,34.373605,32.815821,40.942541,37.491652,34.500615,36.299969,34.805771,35.994800,37.473201,37.883440,32.755012,40.829087,35.223770,28.493555,33.706354,37.822940,37.707800,34.484711,38.260943,34.379836,29.344824,33.548678,39.274682,40.805039,36.318415,32.684405,36.238419,40.453000,33.572617,40.952030,36.535335,31.701662,32.811987,30.973390,38.659054,38.355533,37.585382,31.468903,38.075204,35.563199,34.148822,37.883378,42.010560,27.718821,32.129160,38.173212,34.449430,34.745970,32.188519,37.157750,37.468632,30.946118,36.834895,30.526145,40.144831,40.749514,30.054771,34.032982,33.012980,35.587506,30.588853,34.637585,41.068386,31.560480,36.126386,40.757374,32.715943,39.738326,40.220776,35.720738,35.316539,41.328730,38.344566,25.256821,22.813292,35.710951,32.608235,38.430043,38.996512,38.627320,41.025454,33.253098,40.517304,39.968241,30.347147,26.284895,33.217214,34.911388,29.555910,39.153129,22.811760,21.227260,34.161942,41.707936,33.015162,26.414130,44.179433,27.930852,25.632823,31.589606,0.000000,27.923813,35.478992,35.945221,25.876852,33.836050,20.538356,28.705947,17.055746,36.979392,30.987283,34.251167,28.944471,26.226351,31.049398,40.874229,30.946685,38.511240,30.110090,38.947291,31.043451
WinMart+,42.144884,43.933393,40.891789,42.188198,43.690196,39.099491,33.580961,44.834444,41.149707,35.410210,39.926965,35.656534,39.628766,40.783227,42.179565,33.706588,44.362917,39.092567,27.166399,34.658624,42.457241,38.332264,35.218500,43.494088,32.515869,36.343605,34.561172,42.272204,44.510317,41.459894,33.618293,36.878382,42.076540,31.606912,41.771502,40.958830,32.926328,33.646676,28.991669,39.119466,42.780148,38.193994,32.475187,40.846524,36.140770,38.721662,38.460791,42.424097,29.381364,33.042135,38.625648,38.359404,35.331392,29.924915,41.013868,39.811167,28.510920,40.458029,34.694002,37.820036,43.887515,31.732624,39.477605,30.304732,39.896261,27.743031,37.663058,41.528502,33.111436,36.656967,41.147381,29.837333,42.260114,43.062601,40.012857,38.789359,41.749109,36.190189,27.426386,30.446109,42.092935,38.967325,41.620599,39.448986,38.970487,43.851701,35.172229,40.852551,42.232552,24.876848,24.161297,37.123129,38.415491,33.183853,39.496255,31.479097,30.844460,36.112769,40.536070,37.158961,21.029635,43.530497,32.148050,23.466679,26.792084,30.003688,0.000000,36.377737,36.662818,29.622094,32.575000,22.389327,34.240314,23.942508,37.400077,33.437658,27.036464,19.317484,33.055272,26.998801,39.858138,23.330383,37.620068,24.310670,38.063953,27.946939
WinMart+,42.769660,45.125962,41.173199,42.805191,44.991327,38.983249,41.514040,46.330687,41.595105,40.683265,40.036947,45.383137,39.652985,41.080456,43.069304,38.963774,45.479251,38.945102,32.631354,44.799241,43.542427,46.639503,42.253376,45.210680,38.108764,35.478108,39.718483,42.819319,45.735899,42.342296,38.182076,44.943301,42.514363,37.543692,42.170278,41.482309,38.504491,41.347251,35.124557,43.039081,43.889014,46.217516,37.187616,41.089136,41.926696,38.347715,46.117774,43.455103,36.742860,37.405164,43.596008,37.470260,40.844413,36.911067,41.443800,39.842901,36.175769,40.599098,32.321700,42.283007,44.754640,38.803970,39.439271,38.741925,39.490895,36.782082,36.906753,49.471574,40.089307,42.786723,43.162548,36.967861,42.698106,43.703611,39.654598,37.923736,49.231680,39.492282,37.479765,38.118815,42.803763,38.570112,46.364772,45.960830,39.181928,44.609826,32.083172,41.056181,42.600244,32.610489,33.717083,37.118257,37.354698,32.630495,39.707696,39.821216,39.308390,33.725199,40.677391,33.460244,34.646983,44.171806,38.574373,38.952076,24.459024,40.088795,31.950081,0.000000,34.586983,34.757748,34.663421,39.719782,42.415998,35.656740,39.770987,38.885760,39.087193,33.259190,39.456943,32.009532,39.875079,34.864151,37.504175,31.788363,37.971499,36.629921
Phường Ô Chợ Dừa,34.855357,36.287041,34.190884,35.094738,35.131801,33.920940,35.076606,37.022452,32.850505,36.363044,30.794029,37.952241,34.480778,33.118156,32.531329,35.760233,37.423046,33.203038,31.631200,38.015097,31.526507,39.648623,36.137734,35.808408,36.311659,31.415252,36.627366,37.614848,36.710562,34.031170,35.692865,38.472182,36.356563,35.798408,35.957647,31.133191,35.144053,35.498082,33.927401,37.588779,29.425607,39.286306,35.674263,37.511459,36.678476,31.657451,39.494551,37.367785,35.401782,34.326742,29.118049,30.918539,35.852508,35.295475,28.965880,34.421413,34.598878,35.216318,30.177590,36.777039,37.495571,34.969920,33.253413,36.297204,27.835696,34.584366,27.255324,42.290220,33.760036,37.688665,38.150063,34.559233,36.967071,37.199735,24.548288,26.245067,42.381515,40.651035,33.726318,34.370103,30.425388,35.045716,29.985419,40.459013,35.498988,38.196331,27.789592,36.621539,36.272541,36.009784,32.881356,31.338164,24.189620,31.177590,35.755406,35.346428,35.045223,23.650812,37.680851,26.756184,32.754286,38.212981,35.130568,35.063973,28.631303,35.152324,31.492236,31.078949,0.000000,32.896008,32.333286,35.357793,36.922642,33.708547,34.860305,35.620766,34.743646,29.960959,36.880566,32.027782,38.198904,33.290866,36.110780,31.878434,36.569789,34.479946
Chợ Xanh Văn Quán,37.960952,31.369022,37.270420,38.036816,38.434388,31.219435,30.278505,39.503282,36.914780,30.899312,35.980292,31.355614,35.717281,36.950047,37.105484,29.736887,39.643285,35.137933,29.843962,30.365276,37.066026,40.783547,31.533377,37.310180,34.504541,30.546220,29.820474,38.478024,39.579960,35.912316,27.927085,38.439356,39.437635,33.907579,39.866433,36.113514,28.495220,28.474091,32.049570,40.688248,37.504332,33.152036,29.346631,37.512551,36.444888,34.351168,33.566922,40.620542,25.400096,29.623590,37.361274,34.558141,35.666746,32.991935,36.634209,37.061866,32.217782,36.529694,31.774468,35.029728,39.679430,29.921573,34.239707,33.644483,35.415129,32.036225,34.581467,38.025124,27.586109,36.055030,39.756751,33.418587,38.971754,39.305897,35.508806,35.198270,38.507473,32.474242,29.361165,23.265126,35.419767,33.309273,37.550153,37.168359,33.739143,39.993277,33.723804,34.247399,39.232592,32.164032,29.359594,33.649292,34.902099,31.354456,34.038971,29.712450,29.074695,34.355338,40.682955,38.300471,29.515104,42.653920,23.104830,29.031208,35.745892,30.433232,30.538034,38.180392,37.957025,0.000000,37.156415,33.000010,23.617497,30.558737,36.222133,18.987902,34.325610,30.574620,25.076635,32.078255,40.339688,32.130969,38.226657,31.433927,38.623675,32.004906
Noble Moment,42.551206,44.444485,41.220424,42.587130,44.255921,39.428287,41.514521,45.400423,41.564366,40.808468,40.310371,38.608114,40.004337,41.143376,42.711084,36.913019,44.824378,39.491465,33.958866,37.867856,43.043446,45.898308,42.152293,44.204964,34.529036,36.578522,38.096425,42.624566,45.002894,42.092860,36.786568,44.467497,42.382053,33.760640,42.077003,41.474702,36.827505,36.494963,31.293915,42.852078,43.350742,45.546560,35.775764,41.144098,41.872329,39.190667,45.493602,43.213389,34.299799,36.078586,39.008703,38.742567,40.922720,32.485624,41.451863,40.038275,31.352435,40.700775,34.967815,42.181629,44.278694,36.735859,40.094495,33.317813,40.373152,31.066815,37.959533,48.402683,37.976073,42.646326,42.780087,33.059564,42.549820,43.406995,40.489645,39.242731,48.248575,38.422994,34.771397,35.925623,42.959699,39.615632,42.089346,45.445718,40.384244,44.203873,35.555087,42.265408,42.483131,30.682971,27.542030,37.913781,38.853191,33.527668,40.925349,37.382220,36.871490,36.566078,40.763266,37.852162,31.135323,43.851406,36.664629,35.101361,27.876028,37.241752,27.089055,32.884589,37.061885,33.298190,0.000000,35.681884,39.906009,32.816308,27.900239,37.210982,24.827595,20.921075,37.669094,21.685371,41.912692,28.519878,39.362330,28.517896,39.798373,33.017979
WinMart+,43.410163,45.199890,42.118403,43.422581,45.104590,40.614257,34.893707,46.111250,42.602415,37.176578,41.504428,37.320558,41.237144,42.135311,43.787827,35.353772,45.472523,40.888289,30.430583,36.392872,44.159726,39.832536,36.617181,45.297524,36.604286,38.030289,36.568950,43.366716,45.674481,43.513499,35.235585,38.238118,42.156152,35.976543,42.616146,42.770429,34.901237,35.075620,33.634997,40.307475,44.373625,39.646918,34.060017,41.964306,37.305252,40.931431,39.851282,43.853967,31.529001,34.533785,40.491581,40.296178,36.441174,35.100794,42.568629,40.811763,34.232847,41.419584,37.356655,39.030419,44.903681,34.223194,42.006179,36.408841,41.809909,34.442659,39.267323,42.980991,35.794156,37.790319,42.335538,36.367648,43.175018,44.047798,41.895020,40.897902,43.124039,37.440087,30.635133,33.046076,44.583223,41.769832,43.150985,40.652578,39.861671,44.774392,38.419070,41.852464,43.045864,34.694381,30.329378,41.292284,40.602013,37.686950,40.426271,34.593782,33.911657,39.243751,41.443192,40.864152,30.831468,44.406525,34.455168,28.441331,34.383397,33.685031,26.200098,41.346140,39.233017,31.168368,38.556853,0.000000,37.696647,21.074356,41.548453,35.450880,35.170122,26.417258,31.659637,31.455861,41.632533,29.332095,39.167975,28.401490,39.604032,29.858138
Co.opmart,39.874219,36.001411,38.934031,39.942218,40.873799,35.896642,34.245810,42.058466,38.804371,36.233863,37.713994,36.430918,37.439862,38.684766,39.344070,34.527455,41.829839,36.832616,30.196564,35.487567,39.377418,38.966149,35.883468,39.924342,36.097682,31.062755,35.574879,40.252100,41.852486,38.192709,34.432933,37.481117,41.367974,35.462091,41.827981,38.175449,33.926486,34.366034,33.182799,39.605115,39.800814,38.812155,33.303640,39.068046,36.680864,36.124536,39.718913,42.940975,30.615898,36.594401,39.625949,36.144303,40.782803,34.531254,38.564172,38.367624,33.647718,37.749490,32.868783,42.283995,41.664201,33.037140,36.312095,35.683269,37.282568,33.748839,36.007764,44.768026,34.487225,41.148001,41.594045,35.587926,40.551503,41.088635,37.392083,37.144024,44.614478,40.304807,30.018765,25.022807,37.967088,35.028287,39.773240,42.425119,39.346693,41.838620,35.618322,41.236434,40.687629,34.093795,29.868980,35.550856,36.809022,32.631092,39.880149,31.473870,30.198288,36.090856,42.404043,35.114846,30.113853,44.859874,27.224335,29.580563,34.290136,31.805320,31.708845,37.672202,37.445388,24.761689,36.240074,40.042339,0.000000,24.663748,38.997962,32.314762,36.783542,31.418693,24.681690,33.243273,41.281607,33.522812,38.902883,32.390099,39.331146,33.236815
WinMart+,41.599658,35.032302,40.604582,41.635953,42.709185,34.945461,33.535268,43.675531,40.754410,35.127065,39.781107,35.361385,39.545527,40.495893,41.488420,33.630607,43.405706,39.133734,29.821744,34.464839,41.655645,37.794924,35.008895,42.349990,35.021357,36.938213,34.333346,41.766316,43.490541,40.845337,33.553037,36.512774,40.204464,34.385462,40.656684,40.539287,32.943434,33.585732,32.316606,38.621140,41.946699,37.680268,32.546788,40.590178,35.884196,38.871318,37.939181,41.551227,29.967784,33.043257,38.775377,38.587000,35.144932,33.414873,40.632627,39.733945,32.554817,40.294955,35.998556,39.904392,43.108152,31.967726,39.408826,34.223595,39.741284,32.469652,37.971515,40.718497,33.076241,36.369045,40.500368,34.066415,41.831597,42.470188,39.826685,38.923122,40.955376,38.337525,29.214498,27.184484,41.157909,39.069912,41.099142,38.926955,38.596773,43.149924,36.538657,40.315340,41.842898,33.594024,29.244093,38.008707,38.642794,35.642591,39.075696,29.736638,28.872225,37.167332,40.365085,37.958642,30.956118,43.577965,31.084654,29.552842,33.113708,17.002219,28.634112,37.683203,37.428866,28.499100,35.783595,24.666083,33.318127,0.000000,38.152061,32.803280,33.612528,27.778881,31.986699,31.369319,40.741358,29.932278,38.503234,29.165680,38.915889,30.179228
9.0cafe,43.137763,45.342075,41.627497,43.166037,45.239195,39.687677,41.913637,46.467622,42.112385,41.216348,40.717882,45.548912,40.372943,41.581634,43.547736,39.558811,45.645421,39.813057,33.608450,44.988335,44.012598,46.719200,42.582705,45.540694,38.804956,36.470603,39.920782,43.133155,45.901911,43.077579,38.449294,45.116638,42.804741,38.333336,42.484065,42.170661,38.802666,41.700107,36.171512,43.282537,44.288628,46.312811,37.516844,41.488602,42.224631,39.550888,46.220792,43.682897,37.626153,37.702985,38.635587,38.306600,41.181245,37.911328,40.071119,40.249855,37.355459,40.951422,34.445769,42.549774,44.943312,39.140738,40.782410,39.718669,40.233615,38.093708,37.560238,49.379589,40.306349,43.029897,43.366663,38.427894,42.956773,43.938910,40.373752,38.845782,49.155239,39.641658,38.042753,38.533510,43.624315,40.248928,42.270208,46.055742,39.471797,44.790428,35.017843,41.299220,42.835353,34.554476,35.248066,39.054034,38.362488,35.221902,39.989658,40.092136,39.650333,36.325154,41.006211,37.135690,36.138375,44.359899,38.916617,39.511188,28.727432,40.379027,33.807890,42.610632,34.798662,35.242460,34.274180,40.179411,42.447499,36.445703,0.000000,39.157500,35.206447,30.763387,39.699891,23.879007,42.304386,31.298937,39.605567,28.245742,40.057241,34.610035
The Coffee House,40.163798,36.540803,39.254838,40.224084,41.140663,36.459434,34.839698,42.239627,39.180014,36.851235,38.167581,37.009225,37.916868,39.044489,39.727586,35.238312,42.010430,37.379735,31.040184,36.159511,39.791929,45.751341,36.407079,40.323330,36.722736,31.882783,36.300314,40.494722,42.033012,38.747588,35.135840,43.040289,41.555956,36.165100,41.992551,38.667882,34.824477,34.998803,34.104236,39.863306,40.168377,37.649960,34.529268,39.357439,40.593059,36.827591,38.587879,43.058723,31.927815,35.088803,40.001319,36.761511,39.900911,35.437247,38.978465,38.649122,34.717578,38.054414,33.860600,41.114667,41.836510,34.239625,37.085203,36.612630,37.837338,34.958581,36.523341,43.840470,35.554982,40.289574,41.758468,36.587233,40.747121,41.276458,37.939007,37.745584,43.780672,38.877090,32.017367,25.592955,38.638818,35.926278,40.117296,41.598020,39.550152,41.987391,36.461649,37.390452,40.859781,35.452198,31.477566,36.386285,37.449574,33.887920,40.075821,34.275544,33.264583,36.778223,42.513742,41.692313,31.753101,44.883580,27.958091,31.344089,39.229532,33.592366,33.262084,42.018212,40.561055,19.494368,40.843911,36.945971,25.834399,33.964893,39.536884,0.000000,37.588948,32.534907,26.812986,34.156803,41.375701,34.553369,39.020360,33.381758,39.440824,34.157985
Cục Tần số vô tuyến điện,44.129702,46.154164,42.666200,44.142237,46.160259,41.107999,42.866607,47.203819,43.337928,42.402485,42.138429,46.252040,41.847838,42.737569,44.788612,40.776405,46.371818,41.514369,35.302925,38.337720,45.300749,47.274006,43.426354,46.758366,35.155254,38.250265,38.678993,43.984666,46.643951,44.755928,37.257191,45.772991,43.585968,34.457001,43.304313,43.708474,37.391386,36.926144,32.130481,43.977889,45.467749,46.883235,36.277090,42.441585,42.982452,41.713234,46.775594,44.378197,35.034908,36.548461,40.602383,40.375458,41.985919,33.353345,41.648533,41.148293,32.360586,41.787373,37.584062,43.260439,45.646431,37.431998,43.162392,34.286972,42.146642,32.252323,39.206574,49.692449,38.705662,43.701878,43.226594,40.878156,43.675641,44.665579,42.247484,41.094209,49.468154,38.760227,35.764107,36.692021,45.833180,43.004117,43.636247,46.540327,40.768224,45.431197,38.943134,42.665338,43.483946,32.705489,28.940440,40.732009,40.751402,35.261445,41.317167,38.234576,37.748408,39.939561,41.795446,41.450751,33.392076,44.993069,37.334933,36.492960,31.271483,38.179795,29.407838,43.141911,38.015907,33.877320,31.754693,37.102252,40.670754,33.949502,42.766906,37.831761,0.000000,15.136245,38.248710,19.415728,42.679854,26.172699,39.996616,26.771115,40.440480,31.950173
Everything Coffee 'N Bagel,42.834090,44.455410,41.659477,42.854758,44.290795,40.188097,43.007250,45.264417,42.027729,36.813065,40.984169,36.970450,40.732890,41.628937,43.026701,35.184282,44.780523,40.367898,30.704667,36.112903,43.319100,39.302631,36.368212,44.270550,36.302061,37.774405,36.181265,42.860334,44.935500,42.618001,35.081751,37.872104,42.360168,35.728595,42.788951,42.046589,34.754589,34.952289,33.636353,40.597264,43.555653,39.148658,34.022467,41.551409,37.056146,40.308446,39.360750,43.972182,31.818622,34.449011,39.588109,39.384161,36.254414,34.922210,40.547700,40.507759,34.155742,41.092198,37.061022,38.649646,44.311363,34.146118,41.165390,36.011810,40.749217,34.317786,38.567541,42.241277,35.421228,37.509820,42.515764,35.955505,42.761698,43.540842,40.842422,39.852992,42.407831,37.159997,31.229045,33.148322,42.860186,40.889255,42.153739,40.177005,40.096596,44.243988,37.928650,42.025362,42.679270,33.555961,30.852979,38.820505,39.549203,35.269120,40.653456,34.369033,33.827455,38.659135,41.131200,39.453192,22.934907,43.930216,34.317881,29.924559,32.956450,33.662065,26.528419,39.409851,37.375189,31.418691,33.759484,28.105178,36.908043,27.574328,38.350706,35.201449,31.386795,0.000000,34.415346,26.344953,41.734190,24.010696,39.316431,24.374511,39.736890,26.269637
Starbucks,42.241745,32.845732,41.362543,42.308160,43.098346,32.763260,31.817334,43.896326,41.507217,32.634520,40.709652,33.088995,40.456955,41.321999,42.138896,31.490432,43.790332,40.214701,28.516526,32.230604,42.476226,35.450818,33.055198,42.984738,32.623044,38.266817,31.754393,42.356621,43.849515,41.879865,31.383219,41.427676,37.945223,31.982227,38.381700,41.489629,30.607935,31.669988,30.171999,36.603407,42.715560,36.896548,34.185222,41.296520,39.456157,40.249012,37.592328,38.971576,28.021408,34.710285,39.919384,39.878873,38.849878,30.961064,41.534163,40.448203,30.085653,40.938919,37.930795,39.286440,43.548785,29.490882,40.653189,31.332728,40.892378,29.606085,38.943041,41.573534,30.166772,39.174817,38.332588,30.926924,42.341221,42.948529,40.940869,40.252704,41.652716,37.583345,26.822629,23.833086,42.170740,40.528906,41.755523,40.240481,37.006627,43.549504,38.487441,36.739973,42.304777,36.598497,27.210139,39.949669,40.027494,38.137806,37.399250,26.209327,25.657994,39.108960,40.974740,39.782505,35.259067,41.180010,23.933451,34.461414,36.739069,30.712390,34.389049,39.862351,39.130520,27.079369,38.555526,33.177625,20.184555,29.447744,40.040162,29.342304,36.920809,31.853383,0.000000,34.521079,39.568098,33.935089,37.587917,32.863982,37.984881,33.534439
Chợ Trung Kính,41.491762,43.116055,40.325032,41.536219,42.804479,38.535039,40.649237,43.956010,40.460063,39.809689,39.275937,43.636911,38.986052,40.176623,41.312115,38.584962,43.633746,38.417782,33.569681,35.878590,41.524578,44.767637,41.302474,42.398633,32.495560,35.893903,35.821682,41.696805,43.733952,40.448756,34.934217,43.477184,41.563497,31.703083,41.266273,40.119192,34.684160,34.881861,29.446269,42.056829,41.893111,44.471233,34.061252,40.340883,41.147079,37.927979,44.464960,42.379406,32.239918,34.433210,37.481273,37.190722,40.259734,30.285488,38.744066,39.406201,29.128984,40.045346,34.133695,41.457946,43.249305,34.177142,38.451210,30.649633,38.609953,28.549152,36.723844,47.202852,35.124247,41.905029,41.773263,36.997766,41.776979,42.501504,38.734537,37.471858,47.069724,36.878409,31.923189,33.366321,40.105097,37.923319,40.431710,44.556120,39.682088,43.282652,34.427681,41.419332,41.795914,26.984725,25.692125,34.391110,37.074228,29.099777,40.176511,34.259688,33.843422,35.302074,40.130569,35.517353,26.921848,42.999417,34.247468,31.161478,23.913376,33.748369,24.395741,33.134217,34.407024,31.792109,20.726317,31.048724,36.272710,29.903672,29.604814,34.996560,21.476368,24.390922,35.053698,0.000000,41.763317,21.610944,39.283192,22.648508,39.711457,28.276447
Trường Mầm non Kim Lan,42.104422,42.620709,40.347262,37.751639,38.688256,41.320956,42.681800,37.985498,38.040358,41.633942,38.142719,42.685399,38.333618,37.125996,38.362327,42.006552,38.010705,38.489814,36.906894,42.547483,39.336764,42.102450,41.436011,38.908340,40.967082,38.262704,41.846707,37.049223,37.876180,38.464890,39.999917,42.004350,39.279883,41.634136,39.604622,38.117261,42.029523,40.543913,38.510796,40.544898,38.086578,42.760614,41.215927,36.585511,40.778849,37.964041,42.790177,40.096682,41.855996,41.074369,38.440595,37.628718,40.240664,41.472014,37.741376,34.845353,38.209530,38.028043,36.584322,40.868687,37.390247,41.341459,38.866440,41.713753,38.206358,40.938279,39.038996,44.123573,41.805884,40.919560,36.949495,38.897843,37.701397,36.865184,38.417189,38.014408,44.080335,42.967663,41.314808,40.531311,39.623669,39.267418,39.206163,43.140927,37.470221,36.768253,38.969856,38.439955,33.034321,39.350117,38.552034,39.285420,39.995017,39.037475,37.702112,40.829831,40.130954,39.060915,34.629233,39.463470,38.458657,36.829829,39.087425,40.732206,38.509086,41.075251,41.224712,39.509597,39.465227,39.415845,39.352273,40.731709,41.450407,41.026425,39.975254,41.202092,39.859106,41.124259,40.209320,39.575202,0.000000,41.913945,22.429318,39.116761,21.586306,41.448469
WinMart+,41.912870,43.479695,40.785470,41.957558,43.222523,39.158894,41.063385,44.281039,40.998250,36.658497,39.899990,36.830068,39.633348,40.676663,41.878606,35.199924,43.930234,39.158850,34.342852,36.050579,42.101984,39.006174,36.298193,42.952384,34.071178,36.682024,36.033125,42.056309,44.046018,41.197843,35.076341,43.743063,41.899569,33.411511,41.617922,40.790222,34.816791,34.983300,31.373483,42.353895,42.408277,38.867554,34.139258,40.755107,36.946897,38.856718,39.071816,43.370990,32.240080,34.526907,38.316069,38.072755,36.207574,32.338432,39.423438,39.804827,31.431566,40.404926,35.437296,38.438646,43.538358,34.302034,39.499803,32.959904,39.421961,31.188370,37.466087,41.749171,35.343260,37.384701,42.078275,38.061214,42.082013,42.806546,39.530730,38.424196,41.908378,37.042451,31.892095,33.444491,41.080476,39.093858,41.029227,39.879940,39.869762,43.540871,35.985152,41.673501,42.069735,31.050455,28.580843,36.372331,38.081248,32.880802,40.387486,34.447312,33.992512,36.761809,40.482514,37.210685,25.603176,43.257703,34.389228,31.068180,29.647610,33.905573,21.920499,36.079040,35.726986,31.768930,29.254427,29.640041,36.617661,28.796055,34.103697,35.169836,24.627961,17.468822,34.523388,24.283828,41.920382,0.000000,39.455801,15.429580,39.884071,21.218165
Trường Trung học cơ sở Văn Đức,38.603683,38.830830,37.141494,34.943106,35.695788,38.062642,38.812091,34.976295,35.374881,38.171701,35.306563,38.887002,35.514795,34.470997,35.568080,38.554488,34.956958,35.679860,34.586210,38.883443,36.331098,38.517280,38.079488,36.073419,37.848042,35.560960,38.379304,34.159391,34.783132,35.746267,36.961170,38.496475,35.979249,38.375942,36.271299,35.393445,38.606555,37.389876,35.874990,37.338924,35.332500,39.086188,38.049632,33.775855,37.757948,35.433301,39.174936,36.462385,38.677222,38.058197,35.682246,35.111605,37.498630,38.393027,35.145813,32.610952,35.733358,35.074229,34.410877,37.772467,34.241630,38.290859,36.092612,38.621355,35.677795,38.044325,36.168514,40.243755,38.575236,37.921441,34.119319,36.335801,34.604811,33.986348,35.779093,35.554210,40.288637,39.687493,38.452431,37.821480,36.830275,36.558785,36.364690,39.701510,34.957143,33.799757,36.303565,35.586593,31.147112,36.692864,36.146540,36.566292,37.234478,36.468846,35.078160,38.088109,37.486806,36.483253,32.201695,36.749658,36.067410,33.877328,36.714012,37.987891,36.067995,38.250946,38.403168,36.803689,36.860068,37.084388,36.759687,38.047248,38.610451,38.289342,37.334031,38.584197,37.252097,38.440951,37.756602,36.975272,21.657190,39.075341,0.000000,36.714619,17.390787,38.739559
Trung tâm Hỗ trợ doanh nghiệp Hà Nội,40.537933,41.830076,39.574681,40.590849,41.442082,37.866119,39.899177,42.514868,39.544069,35.496161,38.517851,35.790689,38.199020,39.379421,40.089030,34.208870,42.438246,37.711889,33.607737,35.010953,40.266615,37.974256,35.414739,40.810057,35.156823,35.626907,34.815427,40.828828,42.476951,39.229563,34.056780,36.785243,40.789061,34.609666,40.515195,39.094954,33.700785,34.127254,32.822880,41.290151,40.634494,37.866511,33.223813,39.652399,36.164539,37.200187,38.101942,42.205702,31.208056,33.666584,36.887308,36.658061,35.480042,33.819695,38.039746,38.889691,33.115722,39.474197,34.092946,37.525936,42.216828,33.035817,37.434385,34.573490,37.811761,32.998622,36.270587,40.596509,33.885636,36.609615,41.115599,36.348888,41.041257,41.617455,37.920308,36.837214,40.770875,36.204712,30.555219,32.185579,38.632188,37.000099,39.387280,38.994939,39.172111,42.335821,34.249915,40.785200,41.129971,29.864464,28.016599,34.182144,36.493799,31.384399,39.650442,32.890710,32.495287,34.994770,39.581600,35.026263,25.197840,42.137471,33.129857,29.334738,28.397308,32.219318,27.113954,33.323186,34.310456,30.961474,27.764169,28.103835,34.802811,27.710423,31.337499,33.986579,24.206186,18.827525,33.410992,22.012041,41.376935,14.666691,39.045591,0.000000,39.465818,19.871035
Trường Mầm non Văn Đức (điểm Chử Xá),40.015451,40.289383,38.567200,36.405144,37.134496,39.416355,40.347679,36.488100,36.727434,39.585689,36.736601,40.388569,36.913250,35.943006,36.950520,39.944085,36.510904,37.058881,35.887737,40.341451,37.738863,39.985511,39.508620,37.430709,39.175263,36.920891,39.760072,35.771897,36.368432,37.091754,38.321250,39.942335,37.561012,39.715500,37.838574,36.768391,39.978537,38.765298,37.175689,38.773602,36.734304,40.520883,39.381873,35.399414,39.129645,36.735532,40.588031,38.106801,39.991474,39.349782,37.044198,36.437930,38.750106,39.688874,36.515601,34.120160,36.985750,36.615543,35.642822,39.097036,35.940753,39.576913,37.416652,39.901526,36.971992,39.276382,37.521721,41.649802,39.873300,39.265758,35.776134,37.562402,36.256796,35.623696,37.093285,36.814297,41.663230,40.958389,39.664457,39.022643,38.115085,37.828039,37.700088,41.034393,36.305549,35.502497,37.578493,36.988834,32.674113,37.932852,37.353160,37.840962,38.487736,37.691471,36.454586,39.257074,38.656088,37.718114,33.878020,38.002779,37.251363,35.562715,37.835765,39.169130,37.265237,39.441618,39.588545,38.049225,38.097266,38.181763,37.967879,39.206511,39.778948,39.451850,38.521040,39.684088,38.422130,39.580761,38.861027,38.179712,20.823657,40.227668,17.775200,37.866334,0.000000,39.865731
WinMart+,43.113319,44.638361,42.002175,43.135026,44.505566,40.694364,43.569700,45.377986,42.401527,37.958361,41.451619,38.055416,41.231296,42.011757,43.361135,36.408181,44.920263,40.928840,32.016305,37.315049,43.646130,40.122709,37.344605,44.519158,37.463482,38.476066,37.486153,43.110291,45.067251,43.062027,36.297132,38.715402,42.891069,36.999330,43.288544,42.490480,36.235993,36.059377,35.157116,41.198499,43.851515,39.951960,35.324452,41.879560,37.845191,40.978878,40.117230,44.463547,33.769905,35.642460,40.242453,40.078145,37.067080,36.459383,41.078201,40.851917,35.903502,41.405148,38.114169,39.366223,44.474892,36.018566,41.827041,37.657896,41.341960,36.267846,39.201105,42.825159,37.184840,38.251886,43.008156,37.686056,42.980929,43.736696,41.419104,40.562453,42.960189,37.994369,34.007064,35.231564,43.366028,41.637173,42.550169,40.793512,40.580166,44.392898,39.058774,42.468749,42.882715,35.513671,33.171208,40.067191,40.305408,37.842839,41.128812,36.512588,36.039116,39.696345,41.420546,40.520447,33.780962,44.086573,36.026146,34.009925,35.896551,36.260135,31.661327,40.886306,38.421179,32.931715,36.793078,32.493667,38.841025,30.819120,40.340895,36.627714,35.949664,26.619575,35.983602,27.093298,42.007616,22.238650,39.598048,14.977122,40.010530,0.000000
