,depot,WinMart+,Trường Mầm non Thịnh Liệt (cơ sở Giáp Nh,Trường Mầm non Hoa Mai,Trường mầm non Vườn Hồng,WinMart+,WinMart+,Siêu thị Đức Thành,WinMart+,Siêu Thị T-Mart,Trường Trung học cơ sở Tân Định,Trường Tiểu học Hoàng Liệt,WinMart+,WinMart+,Cục Dự trữ Nhà nước khu vực Hà Nội,Trường Mầm Non Đại Từ,WinMart+,Cà Phê Parkland,Trường Mầm non Định Công (Cơ sở 3),Highlands Coffee,WinMart+,WinMart+,Trường Mầm non Hoàng Liệt (cơ sở Tứ Kỳ),WinMart+,WinMart+,Trường Mầm non Sao Mai,KFC,Trường Đại học Công nghệ và Quản lý Hữu ,Không có tên,WinMart+,Không có tên,WinMart+,MM Mega Market Hoàng Mai,Trường Tiểu học Đại Kim,Không có tên,Không có tên,Cà Phê 3k,Không có tên,WinMart+,WinMart+,WinMart+,Trường Tiểu học Chu Văn An,AEON MaxValu Linh Đàm,WinMart+,WinMart+,WinMart+,Trường Mầm Non Hoạ Mi,WinMart+,WinMart+,Trường Tiểu học Chu Văn An,WinMart+,WinMart+,Trường Mầm non A Tứ Hiệp,Cà Phê KOK,Không có tên,Trường Đại học Kinh tế - Kỹ thuật Công n,WinMart+,Trường Quốc tế Singapore,WinMart+,Trường Tiểu học Tam Hiệp,WinMart+,Delícia Coffee & Lounge,UBND phường Khương Thượng,WinMart+,Siêu thị B11 Kim Liên,WinMart+,Cà Phê Big One,Trường Mầm non Đại Thanh,siêu thị 24h ninja mark,Trường Mầm non Tứ Hiệp (điểm Cổ Điển B),WinMart+,Không có tên,Quan an Nam Nhu 1,WinMart+,Taste Tea,WinMart+,WinMart+,Trường Cao đẳng Hà Nội,TK mark,Hội đồng nhân dân - Ủy ban nhân dân phườ,Trung tâm Công nghệ Phần mềm Thủy lợi,WinMart+,Không có tên,Cafe Dinh,Trường Trung học cơ sở Yên Mỹ,WinMart+,Coffee Cây,Trường Mầm non Tứ Hiệp (điểm Đồng Trì),Trường Mầm non Lĩnh Nam (cơ sở 2),Chợ Nhân Chính,Cục Sở hữu Trí tuệ,WinMart+,Kho bạc Nhà nước Đống Đa,Tịnh Cafe,Trường Mầm non Yên Mỹ,WinMart+,5050 Rooftop Cafe & Pub,Thuế cơ sở 4 thành phố Hà Nội,Trường Trung học cơ sở Lĩnh Nam,WinMart+,WinMart+,WinMart+,Cửa Hàng Tiện Lợi BV Mart,Đảng uỷ - HĐND - UBND phường Thanh Xuân,Starbucks,WinMart+,WinMart+,WinMart+,Phường Ô Chợ Dừa,Chợ Xanh Văn Quán,Noble Moment,WinMart+,Co.opmart,WinMart+,9.0cafe,The Coffee House,Cục Tần số vô tuyến điện,Everything Coffee 'N Bagel,Starbucks,Chợ Trung Kính,Trường Mầm non Kim Lan,WinMart+,Trường Trung học cơ sở Văn Đức,Trung tâm Hỗ trợ doanh nghiệp Hà Nội,Trường Mầm non Văn Đức (điểm Chử Xá),WinMart+
depot,0.000000,27.632373,26.862512,31.986764,26.468406,32.893779,20.378701,37.613974,33.273904,30.612226,31.997699,26.095724,33.441840,30.967343,34.382645,30.485121,38.463546,34.511339,29.100059,28.328872,38.343362,25.582002,25.361907,37.426198,37.330322,33.897729,33.360708,38.355852,40.586169,35.182841,32.363743,27.045506,38.363856,32.186073,37.585178,37.613174,32.087884,26.422291,36.366298,29.189435,36.488102,31.281860,32.210554,38.167025,27.044637,34.076030,32.499442,40.387302,33.225909,30.526042,40.225712,37.944151,26.128212,35.243984,38.557014,36.390763,35.630728,36.139481,30.676229,30.139615,43.637187,33.066992,41.423869,36.742668,38.584739,34.534734,36.369512,38.641211,34.889594,28.699021,30.936898,41.340950,40.890015,41.907785,39.831161,38.481702,39.441606,37.713330,32.332476,33.414911,43.842752,42.469960,43.640660,36.055298,31.417985,43.592377,41.563504,32.890092,37.378888,42.601174,39.389962,42.787739,42.095447,41.657399,31.738774,40.687543,40.447449,41.398172,38.215459,43.303898,39.888148,43.149925,40.041302,39.665040,40.180904,40.816073,41.050017,43.470665,36.240783,32.573390,42.726666,43.188186,42.008419,40.794490,44.476516,40.197219,44.199310,38.927109,38.958460,43.142181,39.588104,42.769828,37.035823,41.570691,37.601009,42.545100
WinMart+,31.986776,0.000000,31.148922,36.343872,40.220673,34.710529,22.367910,45.042841,36.071114,34.143910,36.713750,39.379355,37.377428,34.959474,38.271905,32.892334,43.525856,38.211173,31.086100,39.475379,44.901935,44.526493,34.094522,40.943889,38.725172,36.952268,37.018760,41.986466,44.782720,38.197961,34.612717,40.702112,41.113161,34.019573,40.366648,41.974488,34.202628,33.910779,38.906824,38.396611,45.559052,43.738963,34.319087,41.457320,36.322956,36.403118,43.969130,43.038717,35.010812,31.695954,45.162271,41.225298,34.612579,34.482760,42.225851,38.539470,37.657946,38.279848,41.011318,37.502626,47.387421,34.649092,45.882471,36.086981,41.436969,43.706875,39.832791,52.176110,37.258425,38.662474,36.997342,44.253669,43.292148,44.916153,43.461170,41.036470,51.532994,45.141062,31.338308,34.635134,47.903449,46.052715,48.880458,44.799828,35.619841,46.528535,45.000668,37.453203,39.263306,45.816160,41.525385,46.486006,45.007563,44.497946,36.159197,42.831756,42.546335,44.165475,40.181828,46.879439,42.063872,45.724076,41.833966,41.723176,42.596150,43.137210,43.347230,46.998901,37.974283,33.433255,45.689544,45.715394,44.359816,42.869217,47.495052,38.013891,47.101660,40.694964,40.363951,45.954399,40.371763,45.194618,37.648831,43.659507,38.222212,44.676863
Trường Mầm non Thịnh Liệt (cơ sở Giáp Nh,27.235396,29.256389,0.000000,29.225634,24.555314,30.816268,27.978519,33.701057,31.320206,34.478148,29.230256,34.347591,31.074790,28.618050,32.181996,36.373740,35.569685,32.268339,27.803025,35.254500,35.675144,32.557565,31.306464,35.315073,35.638654,31.999531,36.844020,36.240181,38.137283,33.304615,30.445319,33.388687,28.352823,36.332374,27.069199,35.521453,36.815782,31.457148,34.739864,29.392066,34.519874,37.719695,35.188136,36.243797,31.692402,32.603170,38.410253,31.596003,36.987367,35.553223,38.151956,36.319073,30.514712,34.009481,36.858637,35.067172,34.359739,28.062084,29.636055,34.409487,41.507776,36.482037,39.579717,35.499324,37.181313,33.383551,34.787192,44.489973,38.513981,33.005906,32.425063,40.005620,39.453576,40.147812,38.145558,37.154808,44.697044,41.412346,31.421179,36.019881,42.210647,40.922454,41.673070,40.501136,32.455952,41.881467,40.045488,34.093367,36.215978,41.175430,38.313964,41.251598,40.767571,40.348914,32.829137,39.650896,39.410555,40.092790,37.012504,41.823224,38.754753,41.635431,39.126250,38.615002,38.991944,39.713875,39.946240,42.022650,35.202048,35.307400,41.441414,42.070499,40.919320,39.772315,43.234221,39.306642,42.982844,37.983993,38.143344,41.894687,39.070771,41.660739,36.626260,40.520821,37.183013,41.558603
Trường Mầm non Hoa Mai,32.617192,35.617482,28.039643,0.000000,33.205341,31.750673,33.227012,27.884977,32.271658,35.838347,28.879294,38.531628,32.270716,20.345986,33.410617,34.903175,33.260457,33.542153,28.180229,38.698683,37.687534,41.644930,35.421457,36.815859,36.818799,33.043999,37.009079,34.915753,37.549979,34.455041,35.452586,39.514420,35.899071,33.612541,34.841530,37.035778,35.263555,35.037331,35.819318,38.141316,34.778610,41.313596,35.325580,35.074878,36.697351,33.457534,41.637008,38.578491,32.783866,33.360438,39.885513,37.561724,35.455530,34.801992,38.200087,34.067920,35.206056,33.753509,30.057080,37.385550,42.123137,35.379605,41.207467,36.380757,38.289087,34.066138,35.021129,46.726465,32.875751,38.366800,41.320788,41.151994,39.407740,40.271473,39.544883,38.191173,46.698596,43.258418,31.880825,39.466726,43.770579,42.329508,43.569022,42.747996,35.638287,42.441708,41.378394,37.769345,35.589539,42.470407,39.196864,42.672333,41.968154,41.489401,36.202191,40.505056,40.258310,41.236568,36.515697,43.204542,39.661775,42.067173,39.854545,39.447296,39.962057,40.635619,40.877255,43.379634,35.923891,37.370353,42.614087,43.082218,41.865301,40.615039,44.423558,40.019014,44.130776,38.704565,38.778812,43.037621,39.035005,42.658386,36.461127,41.414809,37.050231,42.426455
Trường mầm non Vườn Hồng,34.032470,37.968822,25.093212,30.954149,0.000000,33.217632,28.833760,44.072614,33.717131,37.918089,30.401239,40.552270,34.209721,29.302984,35.361904,36.469870,42.303531,35.500244,28.741868,40.446408,40.750965,43.716758,36.672529,39.034408,38.485302,34.553916,38.825399,40.740068,44.371536,36.094093,36.752737,41.199264,40.044084,34.622151,39.082537,39.201932,36.495478,36.188835,37.311689,29.640335,36.456411,43.248666,36.535228,40.227909,37.764534,34.598129,43.441848,42.456474,33.612971,34.153694,42.349305,39.185125,36.382726,35.833475,40.000637,37.254707,36.277361,36.947673,30.632188,38.601194,47.809602,36.220235,43.494394,37.488023,39.717216,35.087342,36.498063,49.171727,33.789180,39.474081,43.972200,42.734357,42.833409,44.706917,41.371165,39.505805,48.992499,44.569055,32.463823,40.377749,45.875879,44.196441,46.230759,44.213802,37.301073,46.668699,43.194596,39.867570,38.302300,44.163963,40.296890,44.631386,43.470098,43.032926,37.962853,41.749278,41.479161,42.677941,39.343187,45.123199,40.868300,45.698408,40.921092,40.640964,41.319842,41.965541,42.175838,45.292402,36.831445,38.098356,44.234740,44.519260,43.213570,41.804126,46.096532,41.041985,45.744983,39.752611,39.551970,44.565718,40.068977,44.008398,37.291092,42.563530,37.880554,43.660747
WinMart+,33.262738,33.744018,33.479280,35.348517,32.855157,0.000000,29.284862,41.099767,31.234613,34.767681,34.559139,36.638615,33.007278,33.559418,34.272904,31.178949,41.008639,31.817183,25.811372,31.884395,37.753804,41.470125,32.925560,37.298580,37.807314,31.421844,38.373693,40.327679,42.472933,33.656262,34.884488,38.542119,39.922903,34.171205,39.252554,36.061472,34.445797,34.922538,31.684965,37.047833,39.017815,41.028654,34.591152,40.019286,35.238918,32.517272,41.496897,41.682636,33.720770,31.435294,38.741645,32.638605,33.769149,37.814652,37.289773,37.846928,31.831074,37.620809,28.528500,36.346242,44.968804,34.858786,35.731089,39.275477,35.666357,31.098559,36.110521,48.621198,37.842398,37.449248,36.189647,32.266339,42.035350,43.190005,35.849990,32.410452,48.406191,43.568969,32.192353,34.776064,39.745971,38.279479,42.192995,42.939375,35.115346,44.683466,37.233414,36.725893,38.587213,38.876901,35.809664,38.755239,38.433283,38.136558,35.607513,36.056754,31.368336,35.638593,39.401457,39.605117,36.630935,44.164985,32.952235,35.039823,36.785526,35.764941,36.292969,39.921566,37.220124,33.448912,39.530388,40.647496,37.480598,36.224905,41.777166,38.291310,41.550714,36.204049,34.925331,40.154812,40.027945,40.146459,37.460589,38.880971,38.009646,40.279621
WinMart+,20.275467,44.533885,26.885568,39.648063,42.957485,35.888963,0.000000,45.430083,38.874600,36.124548,39.982377,37.755209,38.054059,38.769664,40.728715,39.230769,44.371147,40.325256,32.482882,38.487214,45.458540,32.537391,30.128920,42.077373,35.364527,39.146807,40.215429,43.261277,45.054704,39.990806,29.016725,34.200584,29.867624,38.362426,28.755169,43.148406,39.705112,30.580495,36.462754,33.627092,45.740038,42.794374,36.481891,42.792897,31.150896,38.219700,43.217116,33.527333,38.957771,36.650440,45.329145,42.339557,29.378164,37.964071,43.293456,39.999557,35.666886,29.363664,41.729556,35.237696,47.206551,37.941230,45.714784,39.558712,42.387367,38.127885,40.817348,54.363670,41.234874,33.210546,33.952483,39.629770,43.935118,45.370168,43.985682,41.851466,52.972334,44.758328,33.274421,36.832542,47.286710,45.834474,47.983997,44.569879,33.322073,46.632293,44.951383,36.015714,40.420001,45.615736,36.680694,46.087027,45.019606,44.454255,33.727985,37.774858,33.135455,44.307712,41.230117,46.390237,37.101750,38.522870,34.432461,36.862240,42.766401,37.682361,38.150723,46.457114,39.270186,35.689134,45.372412,37.356380,39.254400,37.913867,46.846007,40.595385,40.460608,36.759423,36.298535,45.635615,40.906489,38.392942,38.192433,43.678611,38.732378,37.785799
Siêu thị Đức Thành,37.029747,41.216166,32.720669,28.402500,41.679723,36.302759,36.633904,0.000000,36.598518,40.674911,35.312941,42.920368,37.997891,24.916875,38.665601,38.797730,40.358695,38.887345,30.979778,42.479350,44.396646,45.661740,38.595043,41.800440,40.573739,37.403491,40.925653,39.101168,44.522065,38.742197,38.470720,43.041415,38.825859,36.277639,37.509323,41.938984,38.239822,37.876967,39.395492,40.836145,39.162865,45.098242,38.247991,38.647712,39.237170,36.699695,45.146640,42.022146,35.287653,35.633946,44.796668,41.262407,37.807563,37.532059,42.175525,35.740274,37.975927,35.352628,32.299450,40.000037,49.337869,37.507132,45.514112,39.033241,41.448362,36.567323,38.520864,50.714925,35.235245,40.818606,43.951659,44.092762,42.554658,44.888294,43.320149,41.075624,50.390670,45.653853,33.751989,41.350072,47.460745,45.749397,48.235283,45.501504,36.610976,47.375137,44.771909,39.370237,37.273460,45.563868,41.528410,46.159954,44.813931,44.335999,37.304947,42.780794,42.521266,44.022122,38.468026,46.547169,42.034846,46.066320,41.823325,41.718428,42.542664,43.058942,43.261410,46.668088,38.168983,38.885964,45.473497,45.545587,44.257412,42.809251,47.208892,41.883242,46.854482,40.725747,40.404667,45.732550,39.840328,45.029899,36.973824,43.569332,37.595572,44.552912
WinMart+,30.779703,35.581687,29.785662,31.492061,27.913182,28.853561,32.432963,38.247001,0.000000,36.360252,31.032618,39.767657,28.646755,30.166824,28.826378,33.676596,39.024122,32.548157,24.399704,39.780317,34.310882,43.721387,35.405067,39.783878,38.659610,31.784208,38.121265,38.752345,41.258127,34.672409,35.613321,40.737908,38.663003,33.431127,37.839473,34.607354,35.329624,35.051038,36.924499,38.760304,39.170482,43.159074,35.416892,38.526508,36.976486,32.954329,43.401745,40.778513,32.115914,32.728728,38.730340,35.909981,35.467130,35.038432,36.621241,36.541082,35.627779,36.274757,28.281235,37.917017,44.428451,29.645187,36.720950,37.290431,37.113574,34.128662,35.191095,50.059960,32.540976,38.961155,42.626454,38.448099,41.286109,42.456791,38.539949,37.151668,49.682345,44.651173,31.161526,31.532821,41.080381,39.351724,43.773665,44.272733,36.901907,44.216625,38.150521,37.683766,37.556103,39.896861,36.352855,39.870939,39.355062,38.964174,37.490579,38.549479,38.251257,36.237892,38.442916,40.744112,37.187205,43.681969,38.086703,37.203718,37.395836,38.483961,38.772807,41.067368,34.703558,35.632331,40.467913,41.478326,40.074087,38.688314,42.848275,38.448147,42.564336,36.612980,36.904685,41.093142,39.682310,40.947320,37.083089,39.568016,37.648263,40.966419
Siêu Thị T-Mart,32.478052,32.983330,32.258170,38.109988,37.075726,34.618099,26.844933,43.622353,35.382484,0.000000,35.704434,37.681749,40.617362,34.661437,36.755986,25.496546,42.978982,36.833084,29.935064,30.564509,40.509076,44.268715,32.268758,40.561642,30.534834,35.519301,42.007066,41.964189,43.977453,37.172655,34.989808,39.880626,35.100282,33.941490,40.687737,39.424859,34.272773,34.951518,35.105425,37.587189,42.018390,43.391418,34.482983,41.568065,35.342553,35.284306,43.706470,36.908310,35.446895,30.415754,41.750044,34.824641,33.541872,34.639184,40.009066,39.137576,34.412947,38.935716,30.900756,36.695474,46.056890,34.872873,38.010910,36.907619,37.425082,35.986552,38.478232,53.117827,38.781169,37.998041,36.399329,38.123379,43.044550,44.288024,41.089080,34.193990,52.244278,45.085969,30.520345,34.767247,41.249110,39.836632,44.800975,44.707640,35.147470,45.604195,38.891548,36.986171,39.677591,40.232560,34.759906,40.290535,39.757105,39.464951,35.688117,36.303466,30.917456,37.156540,40.468093,40.996715,35.395545,45.038083,32.777691,35.142326,38.109722,35.973602,36.573312,41.249122,38.376222,33.296160,40.737291,35.928534,37.933460,36.483761,42.760741,38.761737,39.463884,35.494853,34.935227,41.231543,40.458606,37.186546,37.874971,36.113649,38.415962,36.704486
Trường Trung học cơ sở Tân Định,33.950685,37.603558,30.240312,30.485920,36.134995,33.274149,34.409158,37.358546,24.916593,37.695313,0.000000,40.330992,34.235146,23.455711,20.028991,36.386449,29.303386,35.477775,28.952191,40.254985,27.867497,43.420854,36.622782,38.806229,38.335290,34.584332,38.550094,38.347187,40.920116,36.059642,36.610358,41.002754,38.354773,34.608656,37.507044,26.428864,36.434146,36.152069,37.238009,39.243232,29.013532,42.979929,36.472941,38.161788,37.701717,34.624248,43.190329,40.559115,33.648693,34.172681,31.217032,30.096184,36.353963,35.820341,28.780939,36.241142,36.248245,35.974848,34.173742,38.471887,44.257464,36.199562,34.681536,37.426478,32.373429,37.049700,35.029016,48.692867,33.703081,39.371562,42.503937,37.101232,41.099048,42.261627,32.944372,32.920385,48.493877,44.375255,36.028343,36.504572,39.272223,37.712477,37.486648,43.996777,36.747300,44.077922,36.561163,38.980102,37.320725,38.418633,35.261806,38.226387,37.989477,37.656711,37.327855,37.576346,37.284839,37.173046,38.223639,39.180008,36.121441,43.543217,37.264400,36.244864,36.258984,37.436082,37.707879,39.528018,31.303912,34.994295,39.153436,40.397779,39.034714,37.728146,41.574269,37.690511,41.339670,35.766445,36.176830,39.841397,39.608131,39.873331,37.000935,38.589367,37.574172,40.046510
Trường Tiểu học Hoàng Liệt,39.217662,42.390338,37.655956,39.794618,42.074996,37.385019,42.090188,43.942627,36.665909,38.826276,40.036270,0.000000,39.489272,39.087517,40.602222,32.994914,43.450325,37.636560,33.167028,27.037338,44.165015,38.758065,26.094722,39.675889,30.849794,36.780113,34.240248,42.712032,44.131312,37.717567,22.570758,33.782047,35.193917,33.915312,36.225916,42.572169,34.245170,27.725645,32.961031,37.514420,44.698485,38.244442,32.046267,42.336748,33.224836,36.349373,39.343235,36.857137,35.399692,33.256397,44.345585,42.042556,31.443055,34.617856,42.821353,40.032841,32.837945,33.662201,32.910407,33.171016,46.062306,34.761277,44.781838,36.593469,42.138618,35.627037,40.748235,49.920900,38.066286,34.956531,36.400385,37.612760,43.431809,44.553193,43.405728,41.689790,49.352804,42.896251,30.713612,34.638342,46.279756,37.114206,46.620234,42.115031,34.299691,45.664060,44.313134,34.930578,40.405978,37.294502,34.729036,37.424627,44.476719,36.089366,34.696717,35.919280,30.902331,43.859365,41.104487,45.582389,35.131469,40.063825,32.617367,34.839818,37.355705,35.614633,36.178848,45.658407,39.447899,34.146853,38.549954,35.568268,37.434095,36.085887,40.282297,39.243017,38.876654,35.160560,34.771531,45.074290,41.426495,36.774262,38.758257,35.831092,39.274358,36.302521
WinMart+,34.236449,35.832096,32.012706,33.971391,30.602387,29.854112,31.727126,40.701803,28.367595,38.717580,33.250753,38.201265,0.000000,32.242227,33.068395,34.677263,40.694604,29.036383,22.349464,33.959877,36.934245,42.067121,34.574182,36.702774,41.806839,29.354313,39.908241,40.013524,42.428849,32.283244,36.531016,39.480301,39.633613,28.955568,38.890813,35.568567,36.197030,36.246293,31.015802,37.914245,38.953463,41.658594,36.270396,39.698841,36.259463,31.413080,42.006230,41.579300,27.313273,33.116975,38.636869,31.833789,34.862951,30.711984,37.034360,37.438636,31.438461,37.196491,27.361563,37.217067,45.221385,26.020883,35.189566,34.053969,35.257962,30.637871,35.810660,48.241658,28.987003,38.188187,43.121220,32.120817,41.974672,43.234208,35.465620,31.768338,48.083455,43.724700,27.925514,29.120263,39.779014,38.144743,42.499933,43.193590,37.396578,44.857103,36.992183,39.656248,38.293226,38.815190,35.523539,38.683179,38.331897,38.024809,37.993351,31.028120,26.058161,35.295533,39.156137,39.622144,36.416476,44.274598,28.426918,29.749294,36.577162,30.263956,38.020032,39.970942,37.055847,30.329056,39.539905,40.729064,32.347451,31.275995,41.963682,34.944840,41.712395,36.012269,30.885888,40.213899,39.944685,40.197337,37.329090,38.845054,37.894279,40.329919
WinMart+,31.146831,33.910281,27.706084,19.370345,31.261988,30.557249,32.379475,23.994631,31.108586,34.464329,22.131437,37.268916,30.860446,0.000000,23.689441,33.756392,23.201221,32.139935,27.554525,37.592157,26.744834,40.484861,34.583674,35.376707,35.651060,31.845338,35.807182,30.176947,31.938767,33.222158,34.490492,38.506763,32.323103,32.761318,31.208708,33.817485,34.312662,34.119665,34.711893,37.359677,32.475781,40.009883,34.372503,30.806449,35.981972,32.469766,40.391887,35.054109,32.056658,32.588828,36.119272,32.730733,34.804422,33.921612,31.616603,31.290911,34.279675,30.976945,29.386804,36.481684,37.132062,34.593494,38.831912,35.450977,35.629349,39.226959,33.366377,45.261236,32.118390,37.645282,38.838706,39.462576,36.315884,36.372873,36.479674,35.686643,45.337832,42.264578,38.047019,38.169949,41.877902,40.438177,40.353053,41.831756,33.995439,38.642947,39.454599,35.742646,33.154200,40.745986,37.701159,40.819846,40.293113,39.851553,34.375027,39.161299,38.908238,39.557615,33.981134,41.466968,38.155344,38.759034,38.634802,38.047035,38.398254,39.210715,39.458172,41.688111,33.912484,36.270629,41.055136,41.767051,40.526766,39.292806,43.018817,38.884138,42.751789,37.395384,37.594825,41.553457,38.009230,41.312882,35.648825,40.093397,36.229090,41.218761
Cục Dự trữ Nhà nước khu vực Hà Nội,34.963221,39.618357,33.315495,35.411603,35.782025,32.586124,35.215096,42.212526,27.428154,39.392978,25.054837,42.124121,33.590990,25.314189,0.000000,37.548047,41.773571,35.136634,27.976985,41.758856,29.376183,45.304861,37.561638,39.155448,38.526988,34.148115,39.947440,40.845133,43.233932,27.438361,37.514009,42.443576,40.287645,34.394830,39.585108,31.748950,37.277172,36.922932,37.254721,40.207301,37.426613,44.701205,37.310285,40.474052,38.504103,27.981179,44.790606,42.135872,33.327807,34.666189,36.924102,34.166280,37.010665,35.692760,34.846052,38.036164,36.160752,37.794016,36.855493,39.353817,45.834622,36.773964,39.651912,37.452196,35.863154,39.971762,33.754956,50.898238,33.514649,40.247429,43.493112,40.293254,42.467751,43.799966,37.217193,36.046922,50.504680,45.460221,38.347977,38.501198,43.552375,41.591413,43.134474,45.252906,37.735968,45.350338,40.347585,38.636248,38.786416,41.874610,37.800596,42.137969,41.181796,40.751576,38.332619,39.863967,39.552805,40.260703,39.649541,42.900109,38.612363,44.735884,39.204826,38.522127,38.958643,39.918097,40.209533,43.159091,33.650017,36.464765,42.245607,42.941631,41.477475,39.988362,44.556255,39.478810,44.205590,37.771991,37.861811,42.776229,40.140249,42.404622,37.508426,40.848220,38.065548,42.213367
Trường Mầm Non Đại Từ,30.651308,30.154149,30.857328,35.410234,34.212691,29.688908,26.458406,39.092216,32.794485,25.442456,33.697853,30.422405,34.495614,32.983007,34.614106,0.000000,39.430070,33.407174,28.798604,25.245815,37.414216,39.004425,31.697715,36.667534,26.350133,32.910990,33.409177,39.195404,40.737068,34.322004,30.292017,36.296873,37.588391,30.308386,38.540977,37.042065,29.291953,31.835340,30.286232,35.376938,39.305202,38.724678,29.825475,39.026470,33.601272,33.347816,39.435737,39.655011,32.841522,26.995175,39.085438,33.300614,32.204940,32.227515,37.855515,37.460925,30.758049,37.267268,29.999564,26.267657,42.845073,32.614512,35.680227,34.882944,35.659344,34.263184,36.758703,46.709526,36.557656,35.982103,38.533292,36.804357,40.922837,41.673712,38.909923,33.001103,46.713974,30.692185,28.722661,33.315898,38.848219,37.721905,41.866595,41.495653,36.667626,42.933220,36.877611,38.975740,38.129603,36.479178,33.486840,38.084180,37.917338,35.280264,37.264073,35.065104,29.333817,35.631910,40.631233,38.797173,34.114253,44.013681,31.527778,33.759263,36.736592,34.580626,35.253145,39.073540,36.980779,32.244078,38.094652,34.720780,36.738510,35.265991,40.059324,37.838486,38.442833,34.423868,33.966884,39.403872,40.942973,36.130133,38.303327,35.161025,38.828142,35.720124
WinMart+,38.774873,42.596473,35.202519,33.058583,43.816822,38.091670,38.005262,36.641638,38.295575,41.945628,28.323385,43.998772,39.995270,24.381615,40.350239,40.044717,0.000000,40.671609,32.605609,43.438599,45.844689,46.419196,39.702696,43.050100,41.597999,39.049529,41.794041,32.676324,37.126867,40.209700,39.344036,43.896210,34.952193,37.287035,33.394143,43.223481,39.216509,38.855479,40.537461,41.620233,34.788239,45.847109,39.207027,33.306257,40.079061,37.984805,45.839883,38.697636,36.381211,36.589264,45.744137,42.304797,38.675152,38.552166,33.556567,32.830966,38.979902,32.411360,33.491402,40.687801,44.301176,38.293427,46.180548,39.915728,42.330932,37.363490,35.102432,50.999841,36.011976,41.522988,41.975145,44.572394,39.755110,41.103264,44.199890,41.891869,50.596580,46.088837,34.643582,41.851458,47.918459,46.308239,48.743662,46.018442,35.298559,44.001095,45.343499,37.788442,34.968183,46.071754,42.167554,46.594605,45.378212,44.811164,35.918903,43.081245,42.833631,44.618171,36.097078,46.919304,42.563950,43.248411,42.112006,42.098245,43.012473,43.418901,43.657079,46.997050,38.968483,39.285768,45.814336,45.757416,44.511398,43.169656,47.399714,42.107630,47.030295,41.101074,40.861229,46.100623,39.103619,45.348721,36.359488,44.003594,36.989154,44.774086
Cà Phê Parkland,34.351240,36.135203,32.406518,34.165039,31.346039,31.625254,32.473930,39.736989,29.613703,38.649981,33.511457,38.252800,29.937741,32.594180,33.289907,35.299131,40.018005,0.000000,24.817281,34.472441,36.751112,41.707485,34.958164,33.639979,39.749748,20.099388,39.635298,39.556925,41.687773,26.854397,36.716380,39.395177,39.306214,28.674307,38.611879,34.175115,36.454548,36.458880,30.042814,37.966750,37.761760,41.346568,36.509742,39.307275,36.433401,27.946099,41.694383,41.130655,27.358720,33.597309,37.434847,30.586873,35.126047,30.086943,35.964906,37.306004,30.659969,37.080089,24.589648,37.275462,44.328761,26.227818,32.824394,32.887605,33.639665,30.098322,34.887368,47.320880,28.721965,38.216581,42.721288,36.372921,41.550571,42.624338,33.895293,29.996704,47.251706,43.420728,27.873742,28.963406,38.697721,36.903791,41.488624,42.865942,37.319699,44.158168,35.567235,39.445755,38.127647,37.820060,34.405395,37.531199,37.358395,37.025956,37.883686,37.130057,36.806828,33.967146,38.941865,38.678520,35.426068,43.688314,36.859178,35.638449,35.539859,36.918449,37.222650,39.107352,36.187447,34.508708,38.749026,40.202556,38.718493,37.291505,41.483979,37.350134,41.224820,35.200787,35.699939,39.526359,39.834323,39.614673,37.291703,38.209543,37.840720,39.851922
Trường Mầm non Định Công (Cơ sở 3),30.630742,31.515295,29.114674,29.911636,27.531003,24.771176,29.607678,32.377989,26.371424,31.010892,29.672572,33.294209,22.275226,29.461537,29.744843,30.228335,33.798871,23.446418,0.000000,30.983442,31.821742,36.359346,31.714252,27.278120,27.454723,23.202777,33.213831,34.691826,35.701518,26.036137,32.336444,34.971416,35.284357,24.033972,34.659438,31.185540,22.330508,32.698156,23.168039,34.590092,33.689188,36.142265,32.223997,34.774995,33.445205,25.285890,36.700651,36.844821,22.788434,30.697731,33.396198,29.185166,32.517267,25.393589,32.937895,34.203104,25.951296,34.001843,23.811806,33.976503,38.394576,22.896518,27.935097,28.815418,29.459693,26.249235,32.338563,40.838586,25.030401,35.052881,39.197180,28.281153,37.568381,37.794589,29.560315,27.416301,41.223000,39.454386,24.725502,26.512750,32.176161,28.946302,36.400371,38.677748,35.270290,39.178602,30.464441,36.690441,35.203675,27.717406,26.723367,29.422628,32.289034,27.657886,35.590498,28.449295,23.739394,30.071937,35.813123,32.714101,27.760704,39.206003,26.242311,27.152616,27.676617,27.533562,28.240733,31.090481,32.425875,28.296760,33.468262,28.462952,29.621057,28.715647,35.719423,32.582245,31.508814,28.873207,28.835019,34.229917,38.303011,29.942651,36.167465,33.998399,36.683382,30.102248
Highlands Coffee,38.603251,40.877308,37.384647,39.276180,41.055819,32.803634,40.959739,42.735020,33.810122,32.102700,39.464463,23.530096,35.290063,38.711446,39.972389,27.807006,42.500864,34.367138,30.886784,0.000000,43.046817,38.034659,28.346998,36.551199,27.498333,33.932866,21.697492,42.020887,43.214183,34.903144,17.855142,34.195096,35.259995,29.993342,36.186895,41.784297,29.377796,21.762789,30.022631,37.297915,43.716284,37.651490,18.971974,41.716772,33.588432,34.055444,38.604680,36.723582,32.020563,19.127402,43.395723,41.430563,32.015589,31.565330,42.127988,39.717964,30.471410,33.831140,31.210080,33.468780,45.060418,31.825069,35.730210,33.551675,41.590055,33.148625,40.279272,47.086023,34.492690,35.068447,36.350964,35.363935,42.857995,43.809975,42.680000,41.197788,46.992065,42.090426,28.799349,32.585664,38.229702,35.135792,45.516566,41.266433,34.367452,44.855743,36.650496,34.954859,40.089681,35.147609,32.888159,35.448470,37.580203,34.240753,34.738833,33.996854,29.188724,35.680800,40.739472,38.207599,33.210819,39.739123,31.061197,32.890851,35.499530,33.545084,34.131458,36.307482,39.195525,29.241123,36.677436,33.762816,35.388892,34.198665,38.393658,34.118204,36.926531,33.578328,33.296700,34.780667,41.238401,35.013965,38.675098,34.269313,39.183071,34.727752
WinMart+,34.169792,37.819459,31.616295,31.986302,34.286405,32.102420,34.610735,37.269032,27.886670,37.908442,28.939676,40.556026,32.807710,27.495895,22.774019,36.559626,31.155222,34.186573,28.163386,40.456358,0.000000,43.606240,36.801535,38.759096,37.500159,33.531756,38.692588,38.194485,42.863371,39.546971,36.725298,41.180318,38.234187,33.957201,37.483278,30.201386,36.553811,36.272687,36.420125,39.388455,29.150275,43.153546,36.592803,38.049049,37.839375,35.945807,43.356321,40.194651,33.035829,34.308527,37.492991,33.881540,36.484115,35.181987,34.723546,36.355355,35.609575,36.113436,37.063117,38.557723,43.255581,36.311307,40.717067,41.904326,35.974280,40.463286,33.365599,48.798015,33.140682,39.501272,42.076187,40.896687,40.711898,41.648318,37.681440,36.172755,48.582093,44.477159,38.666719,38.779550,45.034837,42.650990,45.265786,44.117303,36.780040,43.286729,41.158319,38.824756,40.978003,42.817223,38.103385,43.232971,42.023339,41.391148,37.327049,40.198004,39.849589,40.964848,38.143634,44.016126,38.902190,42.897133,39.399141,38.734589,39.291143,40.294616,40.610222,44.263894,33.436164,36.463716,43.016538,43.580219,41.967190,40.308342,45.502338,39.669582,45.086537,37.872932,38.039667,43.573071,39.519024,42.991566,37.009214,41.329402,37.566174,42.669085
WinMart+,40.430220,46.024034,38.256064,40.735648,43.995645,37.474000,37.666077,46.120933,39.880221,38.239678,41.090246,38.511364,39.269915,39.934346,41.694395,36.415887,45.053564,41.205172,33.627371,38.803053,46.134470,0.000000,33.491948,42.752831,36.128630,40.013606,39.036833,43.917530,45.583874,40.769353,31.378399,30.058748,32.384380,38.513234,33.644414,43.853624,39.536668,33.120476,36.934862,33.946673,46.240882,32.697912,36.384502,43.441066,28.310991,38.973325,34.970633,33.786424,39.017683,31.388524,45.847528,42.974765,26.302656,38.181929,43.908546,40.619459,36.195475,31.228636,42.203611,29.925035,47.564317,38.148398,46.132508,39.493949,42.934996,38.240396,41.430861,47.648178,40.769255,31.424794,34.125301,44.608316,44.368996,45.796228,44.496925,42.378858,39.476319,41.187291,34.040722,37.118646,47.562577,46.175086,48.266493,36.278676,31.441280,46.976996,45.330024,31.278950,40.947927,45.940124,42.597573,46.399625,45.362070,44.800822,31.730555,37.890144,33.818569,44.673932,41.725442,46.670910,37.320839,38.493447,42.831978,37.109505,43.151069,37.834513,38.248569,46.729011,39.832922,41.919396,45.669054,37.524055,39.206345,38.035570,47.053847,47.196595,46.718446,36.968058,36.567512,45.910659,40.869025,45.205615,38.194396,43.979000,38.726285,37.898441
Trường Mầm non Hoàng Liệt (cơ sở Tứ Kỳ),34.854037,35.942846,34.277921,36.414232,37.620591,35.871025,36.784285,39.542203,36.164590,36.287516,36.550082,27.285792,37.497607,35.996841,37.194363,32.913776,39.756122,36.386748,33.126862,30.242336,40.057097,32.168445,0.000000,38.040617,31.382122,35.844373,30.095943,39.703951,40.784006,36.593008,26.964187,29.351443,32.945684,33.531611,33.946638,39.212707,33.707744,23.863055,32.868652,34.296931,41.260866,32.237861,26.378470,39.556432,30.191516,35.619031,33.875294,34.094770,34.705338,24.705510,40.944700,39.220677,28.811790,34.141701,39.846291,38.007953,32.784991,31.931464,32.825405,30.186597,42.839748,34.250678,41.667016,35.650626,39.607707,34.949794,38.273451,42.722669,36.566459,32.006160,34.351585,36.648506,41.184532,41.910415,40.530264,39.340567,43.222962,39.550081,31.035217,34.238617,43.427015,42.381890,43.280836,38.110785,32.818603,43.042446,41.676288,33.028951,38.553721,36.418692,34.352951,42.597560,42.081979,41.673775,33.119235,35.277714,31.110649,41.522891,39.186017,42.980442,34.647111,37.993024,32.524798,34.379261,36.541964,35.007366,35.489766,43.096295,37.554760,30.110016,42.505243,35.016333,36.539565,35.452423,39.064610,34.606107,37.808451,34.713843,34.415917,42.838138,40.478105,36.073752,38.023947,35.318670,38.531560,35.707381
WinMart+,41.210960,44.718505,34.607494,36.293012,43.944901,35.944039,34.385620,40.929923,33.364665,40.339114,35.236956,39.379463,36.425617,38.349642,39.413155,37.372985,40.921210,34.285673,28.861169,36.085343,39.197668,42.159070,36.330465,0.000000,40.838459,34.841594,40.636892,40.371768,45.820114,37.705148,38.006916,40.145622,39.999895,34.764252,39.410341,34.622081,37.799500,37.575077,38.157555,38.741340,40.849218,41.835168,37.817010,40.098298,37.361786,34.626335,42.094492,41.556423,33.597457,35.046957,40.288843,28.558271,36.159296,36.211601,37.327784,38.500697,36.735757,37.919556,28.987240,38.103884,44.738941,30.971853,39.897598,38.099414,37.375696,40.127412,35.494160,46.988320,33.729062,38.903247,43.278842,40.538560,42.342331,43.440331,39.559471,28.945614,46.951792,43.531281,38.236589,38.430040,44.863809,42.285141,46.305390,43.059912,37.811772,44.780656,40.696539,39.858535,42.504102,42.528293,37.585705,42.946119,41.634993,41.083873,38.358928,39.969339,39.612092,40.520290,39.871456,43.820458,38.540177,44.295277,39.201171,38.430569,38.923892,40.042872,40.367295,44.102384,34.816391,36.223545,42.836223,43.490047,41.809018,40.089822,45.473622,39.506456,45.041034,37.584840,37.734225,43.435595,40.208073,42.868962,37.673422,41.098924,38.206297,42.570052
WinMart+,37.149609,38.476667,36.351615,37.956177,36.642635,38.070254,34.837460,41.977736,35.890393,42.025568,37.205829,29.514161,39.343106,36.338862,36.789216,25.407431,41.832858,37.004814,28.788156,26.510714,39.512156,43.167707,30.654462,39.742335,0.000000,30.741351,29.658925,41.194594,42.801631,37.228613,29.278906,40.936117,40.725817,31.172915,40.217012,38.067722,25.839613,30.513284,35.050009,39.289740,40.178816,42.762886,29.060538,40.913110,37.829509,35.699427,42.981888,37.164612,28.414608,27.370545,39.973690,35.233310,36.546345,36.065893,38.731964,38.928096,33.877892,38.750623,36.130735,26.668676,44.673803,26.152632,40.085690,39.196703,37.431717,36.964902,37.566813,48.150448,30.530862,39.411158,36.723014,39.847699,42.349644,43.310393,37.557062,39.204270,48.015636,30.575492,28.695107,29.954092,40.233819,38.741202,42.524773,43.793685,35.583075,44.489175,37.787095,37.433216,39.435565,36.611236,33.355029,39.217368,38.873607,35.093181,36.049531,32.171117,26.146825,38.138275,40.120803,37.119215,34.484644,44.084358,28.933810,30.657985,34.478584,31.341911,32.148731,40.069389,37.616516,31.041032,36.151463,31.990289,33.808412,32.427999,37.698739,36.444511,35.842979,32.046457,31.728062,38.701510,40.303669,33.613776,37.849804,32.873272,38.366531,33.464101
Trường Mầm non Sao Mai,33.940316,35.403042,32.247572,33.732402,31.233216,31.450923,32.323522,38.099035,29.839647,37.005604,33.148923,37.372395,30.297900,32.418682,32.966758,34.578740,38.727667,27.066458,19.912495,34.093194,35.976980,40.561253,34.580409,31.361887,38.320754,0.000000,38.270984,38.620042,40.371573,26.907554,36.016819,38.562932,38.570716,25.833345,37.924632,34.670659,35.789083,35.894654,25.868696,37.416671,37.482948,40.292414,35.844266,38.458549,36.013311,26.064759,40.672794,40.288130,24.510541,33.368873,37.163094,30.061054,34.827575,27.221380,36.060628,36.837742,27.810281,36.620070,23.824137,36.746740,42.953698,24.194409,29.995858,30.472912,31.443665,27.775059,35.061116,45.702935,26.478846,37.699336,41.993235,29.573893,40.750076,41.581536,31.681977,28.599803,45.771552,42.616937,25.969136,27.518420,35.446484,34.089282,40.445465,41.983667,37.035562,43.034186,32.974276,38.953650,37.658631,35.188831,32.693300,34.647285,34.973171,34.719896,37.557830,35.368079,24.696448,32.063888,38.407812,35.808816,33.629243,42.709066,27.097859,33.980616,33.615851,35.032963,35.319223,36.261845,34.426480,29.065920,36.320925,38.070211,36.750450,35.556651,38.931455,35.930173,38.770832,33.751579,34.453668,37.142433,39.581134,37.536929,37.136037,36.373608,37.668747,38.032656
KFC,36.014223,37.953453,35.116466,37.505114,39.377224,37.552374,32.359723,41.540044,36.676385,40.250279,37.806732,39.665272,40.455236,36.810304,38.571277,30.170737,41.360867,37.896014,32.318898,34.255445,41.816127,47.240569,36.978913,40.460380,26.937204,36.781534,0.000000,40.811833,42.386908,37.951352,28.368903,41.611085,41.142353,30.676123,42.094659,40.679113,29.772913,31.234979,30.542004,39.245536,42.838999,46.190228,27.602672,40.554009,38.891016,36.308579,46.134595,44.199976,33.164431,24.991950,42.608714,40.419343,36.969621,32.501150,41.020323,38.657155,30.950665,35.258167,32.396307,25.206432,44.290319,32.879442,38.441525,35.172172,37.879182,34.557479,39.551736,54.692556,37.122086,39.908403,41.765413,37.062240,47.271709,42.984609,41.896622,35.051589,53.673067,30.345168,28.868156,33.493584,41.077237,36.550132,45.159674,46.293737,38.655262,46.246505,39.107682,41.505135,41.232709,36.680114,33.649674,36.990841,39.822943,35.467846,39.404296,35.419414,29.570060,37.586768,43.364098,40.889805,34.282672,47.659347,31.735495,34.019802,36.968036,34.843702,35.491444,41.131413,38.236513,32.135952,38.348104,34.980661,37.053513,35.483635,40.348401,38.369228,38.772471,34.635292,34.091983,35.937485,42.168963,36.332478,39.230169,35.293723,39.779222,35.943079
Trường Đại học Công nghệ và Quản lý Hữu ,37.499518,40.153268,34.893804,33.477395,40.259332,36.964224,44.752050,35.251138,37.165497,39.905245,36.737062,41.895715,38.190962,28.940230,38.557896,38.637875,32.417342,38.777279,32.949001,41.675894,42.299687,44.123378,38.784250,40.728655,39.942518,37.774465,40.038012,0.000000,29.567358,38.685221,38.260654,42.192647,30.198526,36.581791,28.430893,40.886212,38.158626,37.879967,39.107636,39.012087,37.994432,43.539730,38.154458,17.981734,39.254075,37.119565,43.657308,34.334092,36.000080,36.085070,42.902202,40.595203,38.075398,37.746227,36.542642,26.940221,38.068637,28.891764,33.487236,39.517907,35.584037,37.576924,43.543240,38.860119,40.865408,36.665328,36.734510,47.784817,35.504610,40.537216,39.062271,42.784661,35.071066,34.587717,42.106769,40.490233,47.657232,44.379155,34.410833,40.810422,45.302023,44.039827,45.497337,44.329524,33.571373,38.906118,43.235310,35.606493,30.698624,43.996460,41.034243,44.284403,43.518807,43.033380,33.999311,41.756586,41.550470,42.878466,31.840338,44.644457,41.234698,39.037994,41.017671,40.884158,41.567065,42.001763,42.221573,44.751891,38.312407,38.565701,43.929301,44.096187,43.004022,41.864377,45.396912,41.057769,45.102395,40.075385,39.993968,44.241824,37.981603,43.736031,35.362437,42.601588,36.007264,43.366088
Không có tên,40.455433,43.705225,37.770074,37.316170,45.030434,39.895567,49.524840,41.527230,39.992170,43.039194,40.576244,44.705451,41.738705,31.824622,41.873921,41.274892,39.691700,42.178375,34.639567,44.139438,40.235951,46.693787,40.800962,44.740724,42.547923,40.617188,42.672346,30.666521,0.000000,41.527222,40.370122,46.318232,35.541473,38.495725,33.692667,42.495081,40.289339,39.936017,41.600026,41.943504,42.056606,46.214497,40.264132,31.861798,42.364263,41.572528,46.183392,39.818064,37.663353,37.731918,44.126688,39.218248,40.984403,39.655528,39.101138,32.072513,40.034293,32.468206,41.318622,41.454862,45.292873,39.177987,45.788733,40.808370,41.102218,43.702933,39.611787,50.748829,37.161733,42.718489,37.334377,44.261493,39.739783,41.297834,42.856966,40.767265,50.409344,46.303798,41.889419,41.550125,47.666992,46.008210,47.428758,46.277007,35.491857,44.567104,45.002365,38.209470,34.549263,45.796452,41.787654,46.309893,45.061045,44.518643,36.159694,42.808533,42.554313,44.277070,35.775239,46.667531,42.238975,43.629133,41.857634,41.795766,42.687062,43.133488,43.380629,46.753760,37.992843,39.024272,45.571095,45.553819,44.274670,42.909593,47.229440,41.886144,46.851253,40.807798,40.578183,45.875383,39.089356,45.138996,36.288619,43.756470,36.926392,44.579443
WinMart+,29.637439,31.856663,33.683193,35.168213,28.087484,34.135122,33.583388,39.218871,32.139330,38.457505,37.078918,38.269488,34.044303,39.289804,40.443139,36.041495,39.589624,29.051322,28.098415,35.208585,40.579880,41.079813,35.534550,37.612997,39.317942,26.007993,39.188478,39.324479,45.328166,0.000000,36.954774,39.210874,39.154001,27.478876,38.564342,37.466811,36.770060,36.723203,28.242142,38.008157,41.600227,40.802631,36.809178,39.130746,36.685337,24.855341,41.126498,40.717836,26.295424,34.346666,41.134133,32.257447,35.547831,28.788252,38.806554,37.445039,29.312491,37.243460,21.581376,37.356789,43.246221,25.502691,34.432045,39.972948,34.899427,38.073540,36.905958,45.769245,27.737923,38.226015,42.229558,38.280838,41.107420,41.946978,35.250198,29.650066,45.821514,42.828460,36.437336,36.985874,42.691112,39.710221,45.497909,42.260265,37.400545,43.278608,37.744670,39.283074,38.153017,40.456507,35.406686,40.578371,39.640529,39.032215,37.914607,38.496492,38.089971,35.031473,38.861951,41.868489,36.582733,42.945568,37.895645,36.708996,36.845871,38.381197,38.743734,42.302239,37.519508,34.974016,41.182949,42.317977,40.472786,38.635237,44.360629,38.360027,43.921384,36.015804,36.480950,41.979677,39.753210,41.607820,37.332166,39.766692,37.856844,41.511467
Không có tên,34.494911,35.335083,34.023501,36.033454,37.142932,34.839008,31.647913,38.952155,35.189375,34.939906,36.247136,35.473655,37.257498,35.517261,36.930717,29.910564,39.220091,35.932927,31.809287,17.938492,39.400948,42.128535,27.321610,38.133792,27.710141,35.278585,29.455957,39.066061,40.309588,36.261882,0.000000,38.646212,39.243157,30.334740,40.098541,38.795772,29.706045,25.534962,30.313913,37.516088,40.665097,41.683371,19.723943,38.929466,37.129304,35.168295,23.675437,41.428826,32.250574,19.485493,40.475063,38.851120,35.652113,31.813301,39.306963,37.589884,30.690708,34.522065,32.015245,22.630087,42.108638,32.135047,37.010171,33.927201,36.755311,33.620449,38.207822,48.570871,35.089039,38.097853,39.970923,35.872638,44.992554,41.182017,40.150302,34.379338,48.422659,29.180830,28.987417,32.886044,39.459835,35.570816,42.807404,43.263925,37.724775,43.999842,37.805237,40.121811,39.930902,35.595974,33.082769,35.957170,38.577404,34.674228,38.344519,34.465505,29.515594,36.615347,41.722592,39.407559,33.609898,45.145677,32.480289,33.328888,36.004097,34.014909,34.608348,39.628234,37.313564,31.180698,37.212580,34.220360,35.910960,34.672956,38.979534,36.932648,37.481774,34.020941,33.588327,35.215370,41.455065,35.481151,38.766803,34.644595,39.291620,35.198618
WinMart+,38.317900,41.006992,32.367939,39.137461,41.164771,36.346924,38.989214,43.033675,38.581256,36.598564,39.370018,40.614941,37.926116,38.575189,39.938052,35.462530,42.706637,39.736677,33.458659,40.475473,43.331889,28.983892,33.203473,41.174376,37.518695,38.863987,37.586838,42.179499,43.448769,39.549578,33.679027,0.000000,33.295501,39.603593,34.459736,41.901336,40.596384,32.911257,38.058147,35.102365,43.992130,25.243395,35.690746,41.851101,23.441833,38.153070,28.255676,34.744625,39.957265,28.356286,43.651337,41.484349,21.699090,39.166755,42.230598,39.697451,37.257429,32.020980,41.201065,40.674224,45.391026,39.090820,44.138492,40.269508,41.635339,39.032061,40.255709,37.832899,41.390969,27.984562,34.829922,43.284167,44.141652,44.069567,42.825461,41.217684,37.102095,36.755897,35.195958,37.947899,45.665726,44.500151,45.908350,33.988178,30.427328,45.178387,43.759014,29.910513,40.090555,44.424799,41.619085,44.711087,43.972454,43.493160,30.679167,38.549968,34.859547,43.372182,40.828197,45.031036,38.067565,38.900947,40.575872,37.876396,42.090285,38.562656,38.922712,45.114084,39.108304,39.650289,44.308007,38.203828,39.775296,38.693683,45.655080,44.731873,45.375963,41.850293,40.728656,44.589330,40.987358,44.083414,38.344010,43.006314,38.867940,42.572878
MM Mega Market Hoàng Mai,46.626059,51.044820,39.069134,32.732072,48.384360,43.680924,49.710847,33.475283,44.385052,45.381359,35.028828,49.664624,36.205333,29.774308,45.995090,46.349400,31.845502,36.735366,32.647924,48.030206,49.395549,45.580845,42.435347,38.337306,42.438194,36.170789,46.744371,29.666734,32.933792,36.906528,39.321396,45.158308,0.000000,44.646083,18.358271,38.212628,46.256103,40.778065,42.376398,39.235196,37.794843,49.260383,43.227117,30.379585,40.340048,35.916997,48.945094,26.569270,44.443751,42.431098,39.343991,36.856638,38.693477,43.444235,36.656533,31.040659,41.008252,21.766465,33.117002,42.188968,37.162682,43.232594,40.741560,44.324028,38.415709,42.610319,36.749526,54.793714,45.705810,40.946005,31.536325,43.314059,36.285365,36.334105,39.175883,38.239094,53.914749,47.895626,43.097491,41.173933,42.579716,41.587662,41.714670,48.452462,31.929753,38.734085,40.904539,34.543173,33.016841,41.728141,41.898302,41.812908,41.398815,41.014463,32.426374,42.671527,40.795012,40.854825,35.432356,42.221563,42.284798,39.244974,38.483455,42.161673,39.852960,42.985091,43.262346,42.354494,36.671193,39.190983,41.849790,42.177824,43.994396,42.769274,43.255910,43.290097,46.826242,43.029373,40.678178,42.208341,38.236936,44.802233,35.762450,43.429679,36.358983,43.760200
Trường Tiểu học Đại Kim,33.776572,34.216245,33.470695,34.293996,32.863413,36.095907,31.290986,36.865010,32.167054,33.450721,33.910154,34.372657,28.758433,33.359132,41.744990,29.740513,37.479596,31.473940,24.646205,31.547036,35.723997,40.260496,34.230212,33.099214,31.095064,26.267884,30.317295,37.569325,38.738387,28.074315,29.709767,37.488412,38.375853,0.000000,39.174537,40.533290,18.703757,30.857070,25.128984,36.632958,42.322637,39.983546,26.999295,37.513484,36.383524,27.311243,40.428545,40.213971,21.899227,29.136070,42.132170,36.990462,35.092278,29.501555,40.821002,36.464862,28.080403,34.188451,34.538421,36.335535,40.659968,25.771408,38.612169,35.303562,38.188542,34.165063,39.442640,46.060393,26.698404,37.294978,39.127529,37.995847,43.865985,39.878259,38.312969,38.015055,46.112622,31.606411,25.658352,27.966465,38.792064,37.151955,44.290140,41.903086,37.252272,41.016535,36.249747,39.395253,37.149710,34.678954,31.634002,37.688741,37.643955,33.395595,37.822869,30.577002,24.110988,36.876398,40.902408,35.728472,32.931824,43.921322,27.386055,28.868138,32.903353,29.487097,30.412981,38.806812,36.573656,31.135247,34.817537,30.473666,32.251678,30.877573,36.566066,36.848198,34.558987,30.746430,30.507079,37.631631,41.052645,32.288051,38.510084,31.659927,39.018725,32.276517
Không có tên,27.789312,48.044848,26.619934,32.967485,37.783762,35.826924,46.434576,33.852568,36.021534,43.726585,35.393556,46.781560,36.618004,29.775822,36.986293,44.709231,32.089549,37.149209,32.770946,45.815478,39.694741,43.719988,41.235785,38.807244,41.509525,36.521361,45.026573,29.660697,33.402691,37.281420,38.648948,43.508014,19.406704,43.438324,0.000000,38.700047,44.712967,39.912901,37.809854,38.488089,38.283375,47.006730,42.203436,30.446456,39.617239,36.195963,46.908030,21.210909,43.407054,41.629383,39.863751,37.192714,38.180409,42.537431,37.025974,31.123803,37.121473,21.195572,33.250915,41.301716,37.951171,42.367347,41.284913,43.371017,38.785494,41.884357,37.130839,51.976010,44.513708,40.215705,31.926104,41.173797,27.764709,36.885548,39.624850,38.583635,51.451390,46.647728,42.400983,40.645333,43.132727,42.084688,42.314769,46.949326,32.120258,39.422940,41.376805,34.429221,33.197187,42.193375,39.751285,42.316810,41.832903,41.430903,32.560303,42.043846,40.293180,41.272680,34.097220,42.717710,39.966311,39.442110,38.187797,41.556377,40.204623,42.308250,42.577077,42.850453,36.912626,38.887269,42.282057,42.673539,43.270939,42.155910,43.712276,42.733834,43.482639,42.448440,40.294474,42.633683,38.200388,42.343707,35.741771,41.350431,36.338353,43.147800
Không có tên,39.374011,43.612391,37.256261,39.612560,42.228917,37.341004,38.460580,46.042388,35.009330,42.786234,29.573287,44.881032,39.272140,35.085209,34.499651,40.636867,44.875147,40.072316,31.796868,44.169732,30.258550,47.305641,40.185966,38.816323,41.264261,38.426210,42.424428,43.378643,44.231721,39.723420,39.748413,44.589010,40.479917,36.843688,39.841716,0.000000,39.627586,39.235578,40.150857,42.078697,36.694091,46.662249,39.610432,42.862314,40.465187,35.386796,46.590885,42.163979,35.901249,36.840588,35.682778,31.870513,38.996551,40.370565,32.681713,36.865784,39.958140,38.141367,36.827750,41.082687,43.465747,39.343792,41.421246,42.297579,34.908481,40.739485,31.845542,51.974261,38.345786,41.941212,42.417573,41.263675,41.158187,42.167283,36.687145,35.307858,51.471987,46.581840,38.657353,38.778051,46.429177,43.465151,46.304204,46.596928,37.926793,43.749225,41.680345,40.046364,41.537318,43.527370,38.023270,44.148711,42.522490,41.809034,38.504889,40.383390,39.997278,41.294745,38.565700,44.980936,38.957285,43.311498,39.491963,38.779016,39.393448,40.509160,40.850492,45.228439,32.501841,36.348751,43.643871,44.118022,42.334453,40.492552,46.355043,39.770899,45.856970,37.830257,37.991630,44.219817,39.691689,43.468287,37.157482,41.613950,37.706423,43.031291
Cà Phê 3k,34.807251,35.393751,34.390030,36.004503,36.775668,35.117393,32.671552,38.210998,35.320957,35.218754,36.168588,35.825610,36.858241,35.579261,36.674769,32.012845,38.600514,35.910682,25.986281,33.678109,38.701027,40.664076,35.336162,37.627675,29.850569,27.098638,33.214967,38.546054,39.560557,28.235221,31.896801,38.150285,38.779421,22.969825,39.513583,38.281163,0.000000,32.502501,27.049051,37.214074,39.852418,40.394628,29.667959,38.449770,37.013055,35.655770,40.766996,40.504233,29.809528,31.169461,39.694161,37.546855,35.802533,28.613346,38.762334,37.368860,28.289871,34.793767,32.705756,36.945454,41.135941,30.145535,35.555322,31.348167,38.551403,31.473452,37.789633,45.774560,35.719569,37.811429,39.442161,34.617144,43.841544,40.426984,38.651313,38.434156,45.842924,32.348439,32.978431,32.122586,39.103594,34.462293,41.643515,42.040064,37.582891,42.937546,37.109551,39.625985,39.514714,36.048789,32.513522,34.875233,38.135660,34.690985,38.129028,34.423557,27.419623,37.513378,41.055514,39.397044,33.211738,43.888736,30.352061,32.775477,36.444410,33.717308,34.575348,39.238000,39.027232,33.149880,38.059377,34.042554,36.420479,34.652898,40.359938,39.577645,38.485518,33.794899,33.307052,35.371213,41.133035,35.742976,38.638920,34.661419,39.131415,35.324121
Không có tên,34.871328,35.675402,34.365682,36.279003,37.289992,34.014052,36.248410,39.005083,34.590971,33.786928,36.483131,29.012121,36.003838,35.772477,37.068916,30.353842,39.342364,35.139423,31.773863,31.837022,39.523586,32.517737,25.429940,37.006214,28.490683,34.667569,30.307143,39.174805,40.381324,35.521325,25.460557,30.206288,33.111866,30.588199,34.023610,38.925883,30.171216,0.000000,30.526319,34.290947,40.731147,32.702327,24.904105,39.038017,30.699429,34.678388,21.944710,34.207377,32.117286,22.977045,40.524265,38.958323,29.472736,31.768493,39.407100,37.706940,30.815436,32.104704,31.954334,21.043166,42.127734,32.033381,41.264520,33.518432,39.309132,33.236742,38.222102,41.376118,34.307309,32.248500,34.331219,35.244975,40.643561,41.224862,40.215852,39.191658,42.004815,22.606086,29.313264,32.710776,42.994504,35.083222,42.719109,37.639432,33.045359,42.290319,41.403107,33.394123,38.262129,35.071849,32.907871,35.365593,41.806489,34.279586,33.414140,34.029982,29.663410,41.297053,40.714912,42.645496,33.332927,43.604470,31.527366,33.032971,35.428565,33.620483,34.155993,42.773982,37.419296,30.408329,36.519825,33.832902,35.301878,34.233400,38.120852,35.452848,36.731494,33.689742,33.394183,34.813942,40.961471,35.008491,38.459395,34.336906,38.959952,34.759661
WinMart+,36.188029,37.555175,34.930775,36.432398,34.830041,36.172990,34.705715,40.278268,33.969589,39.737808,35.767401,32.926660,29.937378,34.980564,35.408740,30.443493,40.463162,33.662540,23.474573,30.762614,38.126788,37.901384,33.146863,35.328279,33.826681,25.911255,29.674725,40.045387,41.610836,28.613142,29.420571,35.887934,39.761982,25.631632,39.228721,38.036138,21.949784,30.396324,0.000000,38.624316,40.237461,37.777466,27.430385,39.827607,35.226740,27.462516,38.286885,41.203973,22.188311,29.045159,39.987444,30.619977,34.169681,29.370291,38.735750,38.060763,32.194487,37.875266,26.618289,35.185390,43.667926,22.855987,34.779734,36.576005,31.890104,30.260109,37.470635,42.869240,27.101057,36.073259,37.833036,32.828161,41.545930,42.393592,32.103617,35.857015,43.149631,31.184006,25.930545,28.206171,36.043663,32.936826,42.616125,39.978557,36.466174,43.636497,33.367640,38.257382,38.672080,30.982147,28.555999,33.681657,35.388645,30.298931,36.947561,30.814774,24.220553,34.580717,39.356942,33.975955,30.156203,43.295606,27.524445,29.077203,30.091324,29.735718,30.661138,35.636486,34.729642,29.981046,35.124739,30.688654,32.528479,31.108841,34.523971,35.658317,30.995570,30.929119,30.696950,35.052824,39.958241,32.517837,37.545077,34.627914,38.061734,32.481448
WinMart+,44.043125,47.355026,36.929910,34.903388,45.815862,41.646533,45.384437,35.779033,42.638110,42.830242,43.756480,45.876406,42.473561,32.567384,44.017717,43.946814,34.861608,43.498085,37.590825,44.950471,47.067205,42.685981,40.145330,44.435286,40.693263,42.496203,44.303480,33.652428,36.186168,42.979970,37.572334,42.546284,26.238081,42.707450,29.298536,45.377410,43.980392,38.872945,40.829729,0.000000,47.010615,46.317885,41.425039,33.863820,38.654807,41.369941,46.259028,27.084175,42.728038,40.913688,46.691836,44.568238,37.177173,41.851794,45.324309,33.395208,39.723136,22.467830,43.604158,40.491360,38.837674,41.698350,46.797281,42.756957,44.411428,41.280918,37.704376,51.729153,43.931616,39.356632,30.882477,42.095442,40.138722,37.986202,45.631913,43.857118,51.188532,46.206148,41.851475,40.049679,47.816272,46.764250,48.336019,46.433182,31.587921,38.087696,46.108322,34.168411,33.499358,46.545295,40.810557,46.905194,46.097707,45.610797,32.060483,41.543403,39.722826,45.553127,35.124452,47.097289,41.161578,38.904608,37.603585,41.008240,42.394171,41.775133,42.067433,47.123042,41.712900,38.365402,46.254562,41.104117,42.792440,41.654501,46.316690,42.319565,45.558761,41.994525,39.794095,46.451634,38.138075,43.653788,35.663704,42.408852,36.268236,42.724930
WinMart+,38.647808,41.833575,34.476510,35.041878,40.385317,36.990001,38.079011,39.408869,35.177314,41.395980,28.970167,43.343673,38.409174,32.563551,34.922833,39.794607,34.509254,39.093507,32.398383,42.921449,29.913404,45.580604,39.599931,40.243495,40.371015,37.927943,41.314486,38.521955,41.899272,40.570455,39.178699,43.363384,39.150017,36.657827,38.455228,33.974761,39.073760,38.754736,39.443456,41.369011,0.000000,45.096218,39.072194,36.026818,39.957468,37.042410,45.137737,40.953821,35.902766,36.728772,32.368605,29.790732,38.666727,40.790738,28.132331,35.640616,40.475306,36.972553,37.862070,40.445206,41.884253,39.771861,42.100399,42.523708,33.562444,41.121828,24.296427,49.714120,38.809529,41.303653,41.505579,41.613110,39.988086,40.787203,34.954981,34.172557,49.439233,45.562407,39.268515,39.262995,45.900439,43.529597,44.682796,45.449325,37.249034,42.465166,42.069276,39.240893,40.576306,43.559229,38.805802,44.065553,35.936803,42.068643,37.802231,40.666083,40.330199,32.474104,37.507987,44.751077,39.504329,42.163767,39.802446,39.259365,39.921630,40.825482,41.134721,44.957064,31.622419,36.820240,43.624610,44.025062,42.429185,40.776933,45.992445,40.023012,45.559194,38.336147,38.449420,44.126890,39.261534,43.457068,36.792509,41.792565,37.349324,43.044358
Trường Tiểu học Chu Văn An,42.921354,47.027799,40.846669,42.626820,45.311811,40.269806,46.087957,46.821855,41.734276,41.425743,42.924977,42.099507,41.429336,41.796902,43.304328,39.616278,45.988177,42.783621,36.004783,41.717188,46.894823,38.734161,37.418949,43.960913,38.592540,41.697682,41.342507,44.822973,46.335516,42.291184,24.577557,28.762025,37.622589,40.620747,38.517588,44.985285,41.676543,24.009455,39.014697,40.599713,46.910947,0.000000,28.482481,44.352647,25.719257,40.588107,27.464926,39.555161,40.798501,28.586303,46.562225,44.136141,24.242720,40.069881,44.850549,41.723190,38.143364,35.759540,43.217403,25.386671,47.885280,39.995145,46.743695,41.124883,43.953319,39.834546,42.675896,25.583318,42.234850,28.760295,38.508628,45.324820,44.972120,46.255397,45.388129,43.466546,44.999145,39.519662,36.073759,38.728525,47.941613,46.747327,48.521253,37.190762,31.839788,47.254911,46.016017,31.831982,41.904320,46.528027,43.474308,46.922877,46.021869,45.501111,32.227372,39.255032,35.674351,45.419339,42.604185,47.150140,38.809641,41.788730,42.258768,38.622537,44.009623,39.305526,39.661134,47.193921,40.986597,41.295159,46.248628,38.913249,40.469170,39.399891,47.466276,46.768229,47.151675,38.300776,42.225072,46.464901,42.145706,45.802515,39.410689,44.698862,39.919036,39.117073
AEON MaxValu Linh Đàm,33.112623,33.434414,32.895047,34.873612,35.617426,32.876521,30.353761,37.398981,33.924586,32.135869,35.046639,33.081110,35.359718,34.424996,35.700595,27.964816,37.930384,34.481946,30.854386,29.601706,37.998624,39.921625,27.004842,36.669047,25.665277,34.014230,25.639133,37.965177,39.107887,34.989013,19.265309,36.963980,38.069342,26.980236,38.924561,37.610776,24.560501,25.401086,27.823239,36.326431,39.440696,39.635951,0.000000,37.884918,35.891166,34.146309,27.473894,39.987676,29.196096,23.154993,39.257275,37.829217,34.551417,29.476932,38.229599,36.787774,28.757890,33.752509,32.867083,26.270398,40.934142,29.467287,35.894174,31.912856,35.863402,31.892096,37.218290,46.267720,32.253135,36.899411,38.885335,34.529045,43.874033,40.152699,39.094771,35.479868,46.302763,29.846166,27.239695,31.105344,35.532131,34.415092,41.531524,41.789916,37.017856,42.865059,33.942057,39.215856,39.103171,33.983298,31.512588,34.762994,35.173207,33.192353,37.588069,32.882823,27.676662,34.655922,40.781225,33.769432,32.002836,43.929281,33.369029,31.625321,34.568531,32.253136,32.932739,35.786238,34.749287,31.940970,35.853958,32.699547,34.338769,33.123251,37.729824,38.613326,36.090871,32.668536,34.662693,33.985625,41.004119,34.116077,38.421201,33.410071,38.937906,33.924385
WinMart+,38.471211,41.059784,36.113924,35.221268,41.474276,37.960755,45.432514,37.475954,38.117372,40.736043,38.066609,42.604782,39.283204,30.970027,39.543567,39.411524,35.489168,39.776073,33.863607,42.313415,43.224371,44.728643,39.521881,41.537450,40.625635,38.696995,40.698531,19.439177,33.645804,39.533625,38.869837,42.792125,32.225809,37.221395,30.684401,37.452179,38.788051,38.502683,39.817611,39.661441,36.865989,44.079429,38.775293,0.000000,39.844255,37.881748,44.164554,35.875014,36.663543,36.680190,43.580300,41.265565,38.672579,38.380939,35.613820,25.117930,38.693605,30.536666,34.190608,40.014441,33.032418,38.072819,40.555814,39.426363,41.440061,37.234101,35.813366,48.142286,36.068872,41.068356,38.634000,40.603895,34.030099,32.909800,42.699729,41.021784,47.980639,44.697214,34.966369,39.211988,42.693811,41.544447,45.999536,44.716106,34.179080,38.009276,40.757746,36.242898,29.592538,41.692355,39.086357,41.806727,41.308437,40.891059,34.627184,40.049381,39.850591,40.701085,30.774159,42.270009,39.365682,38.350040,39.509122,39.152940,39.603170,40.181236,40.400045,42.417869,38.826006,37.306860,41.834767,42.304652,41.246399,40.186817,43.404530,39.652988,43.159039,38.504331,38.587715,42.225328,37.824904,41.943856,35.189814,40.897382,35.850632,41.774404
WinMart+,36.956231,38.401253,31.187849,37.898469,39.174424,35.557529,35.188120,40.728663,37.522264,35.600858,38.037466,35.574670,36.892202,37.514311,38.522712,34.834362,40.795591,38.489164,33.344037,36.130753,41.145303,28.394710,33.180670,39.760643,34.976931,37.856080,36.501943,40.637553,41.588403,38.450914,31.628444,24.699359,32.237466,36.590781,33.213022,40.234997,37.053614,32.828835,35.685676,33.297285,42.036885,19.883856,35.135551,40.465144,0.000000,37.358856,29.636804,33.231220,37.200120,29.103275,41.729842,40.110330,18.024021,36.647041,40.715548,38.901558,35.288843,31.388870,40.154916,36.564502,43.391908,36.637396,42.294382,37.652141,40.369996,36.831966,39.124358,31.645279,38.362797,23.672873,33.695650,41.919806,41.818854,42.560816,41.262016,40.058473,30.604840,33.598764,33.656877,36.112334,43.814776,42.851899,43.754537,29.325931,28.779890,43.570725,42.208677,27.786573,39.323043,42.887700,40.575554,43.038374,42.538968,42.142195,28.937729,36.742768,33.444276,42.020140,39.181104,43.372715,36.312602,37.294936,38.687388,36.100463,40.958583,36.656928,37.014625,43.463393,38.327548,37.785824,42.882047,36.497871,37.802598,36.897358,44.145107,42.567108,43.914978,36.118415,39.048701,43.185152,40.090878,42.840136,37.767793,41.909689,38.267240,36.911028
WinMart+,38.882290,41.336985,32.907533,34.022271,40.164674,32.762969,38.361213,36.864415,36.276493,36.085887,33.868488,42.689501,32.431709,36.640424,36.389211,34.587597,37.559767,29.190283,25.804472,34.253502,35.898944,44.621201,39.625322,36.197121,37.160129,26.975631,37.106879,37.691642,42.406861,26.673749,35.643965,42.807886,40.216434,27.731549,39.731401,32.981550,35.491854,35.622086,28.438693,41.160703,37.405406,44.249446,35.538864,37.618397,39.935321,0.000000,44.331382,41.527656,26.760216,33.646678,36.937607,28.588766,38.797698,28.872681,35.380107,37.425974,21.698395,38.410883,18.818284,40.356819,42.312950,25.941998,27.242264,37.165974,30.730572,35.052246,34.223921,48.230315,27.879716,41.120088,41.854696,34.872372,40.764891,41.467186,31.115120,26.594863,48.093484,44.945197,34.107226,35.061113,37.570681,35.137918,41.711627,44.749108,38.121909,42.685391,33.306133,39.876645,41.127360,36.647727,32.746852,36.076602,36.178694,35.782432,38.626355,36.314446,35.922286,31.811371,38.728807,37.759282,34.050344,42.432618,36.112278,34.485623,34.090849,35.955039,36.315692,38.370934,35.110075,33.609955,38.038358,39.936165,38.166192,36.504742,41.479068,36.745317,41.170427,34.113699,34.902146,39.040434,39.651483,39.216390,37.327632,37.575799,37.836076,39.547482
Trường Mầm Non Hoạ Mi,42.641685,46.066461,40.810947,42.440938,44.787625,40.260740,45.416776,46.185765,41.621051,41.279813,42.699158,41.888338,41.324059,41.691367,43.053945,39.656315,45.528747,42.598193,36.254312,41.578961,46.322592,39.056643,24.787113,43.702683,26.684625,41.601666,26.425934,44.523681,45.908390,42.154731,23.802213,30.666148,37.791373,30.140083,38.629779,44.630942,27.529758,22.766436,30.172860,40.582937,46.435612,27.742202,27.914284,44.102084,27.518832,40.565124,0.000000,39.610363,29.589287,27.839978,46.103080,43.895069,26.066378,31.184846,44.558689,41.650222,30.506521,36.009406,43.078457,23.253087,47.407713,29.681042,46.316706,32.518823,43.758086,32.321045,42.522323,43.693619,31.103155,30.034974,38.613131,45.066832,44.737626,45.924051,45.074327,43.290094,44.243785,24.510337,29.289470,33.509131,47.498605,46.384931,47.973821,37.552861,32.234119,46.875022,45.693921,32.331775,41.831127,46.197922,43.335678,46.552447,45.732185,45.243433,32.609219,40.595873,40.381062,45.170045,42.498653,46.779772,31.305521,41.715476,36.232614,31.002236,43.824460,31.426797,31.918503,46.831684,40.953228,35.059925,45.958791,31.806831,39.652102,32.099473,47.136137,40.898628,46.845628,31.854896,37.030478,46.183254,42.104553,45.569141,39.434221,44.522169,39.926417,32.808894
WinMart+,48.608526,54.265253,40.414600,36.939348,50.438771,45.151949,53.519538,38.519980,45.654283,47.335248,47.332224,52.924092,45.776614,33.987042,47.490599,48.219664,37.629763,39.966626,39.420655,50.497930,51.289132,47.766657,43.974483,41.295374,43.651989,39.159975,48.653273,36.197161,40.130629,39.792514,40.429197,47.071921,26.795264,46.076880,31.506397,48.783766,48.020517,42.049475,43.444558,40.461581,41.115825,51.719616,44.512272,36.209787,41.374094,38.459925,51.154818,0.000000,45.692993,43.487979,50.134504,47.382169,39.558276,44.579157,39.610897,34.863044,41.862072,19.412366,45.668176,43.367396,42.692854,44.324526,49.915330,45.467522,46.925514,43.530879,39.630096,57.521006,47.041842,41.934434,32.221477,44.190885,41.530942,40.861590,48.511840,46.178260,56.283382,49.226337,43.990226,41.940677,50.663343,49.441696,51.695046,49.980511,32.361851,39.472007,48.725256,35.288633,34.300455,49.022659,42.655112,49.577625,48.451224,47.874555,32.930873,43.469435,41.512102,47.857147,36.080676,49.683221,43.084636,40.540727,39.028926,42.956596,44.285824,43.854850,44.118933,49.660421,43.496453,39.727060,48.518957,42.925614,44.865566,43.561168,48.491670,43.992111,47.808686,43.781490,41.286296,48.649682,38.549327,45.665225,35.968623,44.179885,36.581589,44.514125
WinMart+,32.211646,32.204353,32.508688,33.436418,31.834271,34.726565,30.267500,35.786052,31.120635,31.094728,33.020107,32.159336,27.293383,32.679213,41.088461,28.075681,36.551846,30.209424,23.466493,29.944963,41.290146,37.250861,32.546639,32.004671,28.729879,24.894249,28.552725,36.914703,37.857262,26.914652,28.545238,35.307335,37.122196,23.565226,36.620979,39.828534,27.351300,29.626992,22.185806,35.031002,41.788211,37.059014,26.579562,36.886659,34.749244,26.367091,37.603108,37.977861,0.000000,28.295153,41.467520,36.305325,33.716028,25.327629,40.384315,35.959374,26.352709,35.790079,33.579538,38.259090,40.021445,21.504892,37.619830,32.615855,37.586550,32.272720,38.795106,42.038471,26.825216,35.616535,37.423834,36.781676,38.932023,39.303350,37.610934,37.266570,42.356307,35.974946,23.645083,28.306123,37.828205,36.078361,43.713758,39.476474,36.159835,40.454800,35.205570,37.729558,36.686981,33.380583,29.476948,36.658240,36.844168,32.248784,36.524897,31.496675,23.304660,36.051180,37.248892,34.773558,29.975677,40.393998,27.412816,29.372507,34.014686,30.227171,31.364699,37.925730,36.010385,30.906653,35.898462,31.261596,33.649047,31.808917,38.567538,37.862708,36.290759,31.412799,31.110351,33.256494,38.878335,33.370038,36.757406,32.471379,37.249377,33.195693
Trường Tiểu học Chu Văn An,32.149675,32.135953,32.123784,33.908626,34.268308,31.612467,29.810309,35.868586,32.903052,30.697625,33.964761,31.680339,33.781928,33.532528,34.548044,27.637225,36.551867,33.279464,30.372871,28.918560,36.535218,37.655015,25.991621,35.230815,27.466706,33.032337,25.979568,36.795569,37.695269,33.888208,20.036634,29.216323,36.834548,28.915069,37.624718,36.339929,27.428643,24.254508,29.220891,35.204115,38.058040,28.240358,25.126565,36.778568,27.634760,33.314781,27.095358,38.363896,30.520572,0.000000,37.805155,36.745795,26.771408,30.679710,37.074455,35.972662,29.823538,33.131849,33.270281,25.592211,39.520137,30.599080,34.818868,32.713888,35.023265,32.474113,36.171686,35.085606,32.973714,29.126576,37.681507,34.758486,42.362157,38.924256,37.880625,35.647655,36.160701,27.568795,28.311772,31.737737,35.638869,34.629900,39.916624,33.498631,36.273242,41.377108,34.173500,31.087295,38.132394,34.256281,32.060268,34.934603,35.355470,33.489852,36.769339,33.208991,28.492420,34.866975,39.623684,33.991682,32.432639,42.302498,33.350991,32.093625,34.740052,32.687522,33.293733,35.848915,34.947834,31.903787,35.916586,33.027533,37.490163,33.426805,37.633530,38.674179,36.127010,32.956519,34.716117,34.158301,40.400793,34.312136,38.004379,33.653310,38.496663,34.103977
WinMart+,41.197535,45.028156,39.043598,41.351739,44.303789,39.438604,39.945525,47.186771,38.082471,44.118587,33.412738,45.850140,41.492665,37.193232,39.146076,41.997718,45.929152,42.003841,33.791853,45.083103,36.647336,47.929085,41.366318,41.375589,42.480365,40.264556,43.497481,44.373499,45.121505,32.782808,40.854473,45.398461,41.321211,38.122386,40.755596,37.598611,40.771550,40.356209,41.423748,42.904248,40.720900,47.308228,40.730183,43.833447,41.379937,29.358179,47.196591,42.827114,37.218050,37.953926,0.000000,26.188976,39.967451,41.202415,31.794840,37.876856,40.902505,39.031370,38.256597,41.944156,44.185481,40.093851,43.393109,43.071936,27.717556,41.750422,27.765856,52.159714,39.220008,42.702589,42.912594,42.325719,41.854992,42.904492,31.885095,27.068024,51.671884,46.985327,39.642141,39.585001,32.718703,44.508587,41.618892,47.075490,38.469211,44.325134,33.644575,40.577765,42.097044,44.418235,39.203355,45.059967,33.201387,42.777342,39.046538,41.148274,40.797530,32.522768,39.359506,33.592736,40.005545,43.863574,40.197449,39.709369,40.471354,41.361042,41.680488,45.899142,30.163353,37.089022,44.370762,44.642768,42.985428,41.258197,46.761298,40.404061,46.285722,38.721900,38.711411,44.853525,39.993923,44.060477,37.467670,42.291589,38.008573,43.548780
WinMart+,38.351097,41.109898,36.959583,38.610888,39.717164,36.870798,37.916326,42.584827,35.293465,40.800049,31.632426,42.648568,38.096650,35.154191,35.117704,39.433381,42.369771,30.650188,32.728638,42.339349,32.973655,44.764658,39.333098,28.553342,39.977032,37.722037,40.812906,41.725128,41.456653,29.450643,38.928814,42.789320,39.471747,36.603934,38.938276,32.080149,38.841566,38.547134,39.139205,41.028762,35.950023,44.359162,38.831813,41.408729,39.714538,26.076098,44.440951,40.903502,36.280411,36.676816,26.093399,0.000000,38.512269,36.197010,29.970884,36.591894,35.453752,37.649386,23.851881,40.147382,41.591706,35.985687,30.586158,37.244498,24.869785,35.441089,27.262487,48.623317,34.762311,40.995489,41.374968,35.342219,40.123813,40.769571,25.516893,24.529258,48.445143,45.021600,34.571045,35.340602,28.235484,35.697001,36.072458,44.865715,37.642128,42.100111,30.211313,39.385662,40.598635,36.835417,33.510083,36.399934,30.011176,36.082755,38.136464,36.426854,36.092094,29.298091,38.046718,30.660208,34.537597,41.879151,36.234271,34.849796,34.600659,36.149419,36.470148,38.217953,27.271457,33.912661,37.958007,39.621077,38.069137,36.610636,39.246795,36.793832,39.044487,34.462346,35.140346,37.023270,39.372039,37.504858,37.032329,36.112787,37.556819,38.086001
Trường Mầm non A Tứ Hiệp,36.958536,38.230645,29.081755,37.807149,38.940431,35.654088,31.798763,40.353782,37.445087,35.726770,37.918472,35.770246,36.862886,37.471015,38.359622,35.009952,40.458731,38.334323,33.529232,36.233875,40.766281,25.066654,33.542580,39.519031,35.069581,37.749489,36.489789,40.354613,41.204599,38.301098,31.999583,21.569583,30.492586,36.572422,31.432879,39.949532,37.009083,33.125203,35.717791,30.969739,41.625316,29.082690,35.215593,40.194281,18.387860,37.280792,30.559124,31.187977,37.139217,29.667264,41.331462,39.846238,0.000000,36.618851,40.417453,38.869032,35.320677,30.046049,39.914173,33.494609,42.915664,36.599473,41.868224,37.546530,40.103568,36.757994,38.914809,26.862924,38.186322,18.031356,32.023015,41.572846,41.629311,42.314610,40.918824,39.815232,25.529969,31.047682,33.755281,36.081927,43.333285,42.437499,43.225280,25.371545,27.236159,43.265828,41.819743,25.794619,39.261816,42.480461,40.321199,42.605983,42.164917,41.784547,27.308817,36.648940,33.521810,41.671230,37.564716,42.922485,36.254289,35.582867,37.234365,36.049496,40.667753,36.580027,36.920896,43.020014,38.191721,36.325030,42.488124,36.428766,39.956675,36.811297,43.698335,41.019937,43.484596,36.058513,37.755054,42.781540,39.098005,42.477149,37.076217,41.598316,37.487546,36.815815
Cà Phê KOK,33.733259,34.014596,33.802953,34.868607,33.365233,37.761016,31.842797,37.458775,32.698276,33.469488,34.352727,34.300336,29.513659,33.892607,42.263034,30.676298,38.020929,32.164872,25.309152,32.288506,42.583768,38.950088,34.205047,43.520933,34.054298,26.973770,31.432239,38.130265,39.200345,28.667234,30.717883,36.837914,38.168748,29.622135,37.675612,40.871100,23.872762,31.455058,26.759982,36.239390,43.071205,38.753862,28.779155,38.039397,36.014719,38.187940,39.194703,39.244700,24.907625,30.263089,42.722258,36.685328,34.933819,0.000000,41.263620,36.870873,30.648670,36.709675,33.495267,35.831121,41.239807,24.056663,38.537148,30.822796,38.147202,30.391343,39.457007,43.607700,21.356041,36.810983,38.465453,37.722158,39.885501,40.394037,38.211119,37.866596,43.812179,31.910524,21.191833,26.184460,38.764448,36.618600,45.197461,40.704520,36.935086,41.522279,35.510900,38.649554,37.519605,33.233340,29.907226,37.342579,37.387674,31.907076,37.391096,29.590181,21.643679,36.440653,38.106422,34.974091,31.517087,41.381599,25.974163,27.408991,31.464576,28.088720,29.274350,38.765204,36.246334,30.515034,33.922022,29.510490,31.575702,29.944498,36.069600,32.093827,34.383096,29.957626,29.785199,37.324006,39.309598,31.700628,37.115731,31.046453,37.599659,31.752427
Không có tên,37.533292,40.071018,33.043636,33.375190,38.586761,36.122308,37.354888,36.440716,34.492384,39.879644,28.210364,41.834529,37.174561,31.258159,34.108650,38.674616,32.862219,37.806925,32.374804,41.620393,28.562852,43.956292,38.768165,36.156664,39.231130,36.957784,40.018717,36.542920,38.339479,37.365852,38.305340,42.092138,37.411959,36.083058,36.781622,30.954977,38.217169,37.947328,38.424891,40.500262,26.554213,43.473233,38.222283,34.554343,39.234536,34.617948,43.607585,39.060817,35.514771,36.193567,29.474824,28.441509,38.088569,38.802730,0.000000,34.522826,38.344037,35.725053,35.860764,39.556676,39.349471,38.139559,37.571876,40.012926,29.805246,38.622520,23.268455,47.628145,37.152247,40.504146,39.988248,38.838433,38.326256,38.713703,29.893977,30.872162,47.514610,44.356850,37.386908,37.638559,34.680846,39.870340,35.420412,44.258086,36.452955,40.260203,38.689955,38.074152,39.920678,40.308090,36.880908,40.353168,32.982946,39.329329,36.832550,38.729412,38.440728,34.198229,36.287978,41.163450,37.486219,40.199217,38.217411,37.436637,37.719355,38.724529,39.007269,41.441342,29.371570,35.733168,40.760261,41.648000,40.250887,38.874419,43.048102,38.540345,42.754030,36.803097,37.105781,41.353175,40.368523,41.134859,37.772192,39.762976,38.312376,41.077195
Trường Đại học Kinh tế - Kỹ thuật Công n,35.102261,36.671206,33.358541,32.374943,36.240173,34.718200,46.710014,33.034489,34.891150,36.697152,34.312079,46.694351,35.334518,29.814302,35.655756,36.011688,31.731000,35.783650,32.109218,45.973658,37.872328,44.760878,43.017062,37.202101,36.994682,35.268795,36.986753,25.467324,30.603255,35.921660,40.662241,44.454305,30.506819,43.891472,29.557877,34.770421,44.867411,41.621279,36.393638,41.099839,34.257852,46.547900,35.863684,22.656424,41.497903,34.998947,46.425493,40.166909,34.325294,42.392087,35.855591,33.889119,40.499546,35.588409,33.529076,0.000000,35.814943,33.693086,32.417244,42.262626,22.639013,42.890915,37.290601,36.460672,35.483263,34.806177,33.615915,49.632902,44.391688,41.729141,30.989284,37.801584,23.593172,17.602933,35.991805,35.422292,49.306478,45.969569,36.944929,41.248823,39.197379,38.355616,38.115063,46.313098,35.242932,23.978915,37.734772,37.462523,22.014084,38.610575,36.725546,38.562163,38.378056,38.062137,35.753175,37.631217,37.471747,37.891935,22.705484,39.008027,36.960094,27.517962,37.313747,36.857726,37.099474,37.670813,37.857789,39.164486,34.171846,35.549288,38.856903,39.486113,38.604186,37.761836,40.244514,37.500352,40.076595,36.401963,36.585238,39.243249,34.629314,39.178410,32.709522,38.349752,33.246484,39.192471
WinMart+,41.933407,43.974045,34.425208,35.577212,34.123234,34.989508,34.285842,38.307307,33.475925,37.750237,38.743412,32.772384,30.617961,40.266387,41.264526,30.769774,38.755785,33.136250,26.187423,31.068179,41.511027,36.938707,32.984876,42.515446,33.058004,27.992317,30.160684,38.742219,44.777837,39.550215,29.873889,35.311864,38.684163,28.309617,38.207246,39.469218,24.485327,30.618027,32.099173,37.780188,42.169033,36.858374,28.318611,38.620295,34.820501,35.888325,37.335438,39.986630,26.335545,29.601440,41.774149,35.730027,33.917718,28.826321,40.125918,37.325696,0.000000,37.155288,23.622848,34.702013,41.853218,25.179916,35.741605,28.928911,36.969424,28.049312,38.341419,41.119196,26.885239,35.585478,37.207801,33.169240,40.363631,40.936276,37.097904,36.704362,41.463498,31.267553,23.530736,31.927232,37.285201,33.167425,44.776210,38.979291,36.097185,42.056976,33.676236,37.588497,37.934473,30.390221,27.487855,34.220228,36.137710,29.644122,36.510933,33.120803,32.651842,35.109805,38.529228,34.409176,29.550114,41.877864,33.511969,30.757222,29.460721,32.199990,29.386908,36.648987,35.199678,31.304113,35.778881,32.315402,35.172788,33.379775,34.945787,34.522387,30.689616,27.649311,32.356798,35.596743,39.514271,31.751614,37.280279,34.958174,37.772133,33.927838
Trường Quốc tế Singapore,46.162719,49.755413,39.891099,32.070210,47.596344,43.573403,48.838112,32.599655,44.095765,45.082676,34.015733,48.720313,35.056310,29.612196,45.501681,45.874476,31.287341,35.522383,32.025255,47.371715,48.465662,45.432686,42.755170,36.950105,42.382497,35.074023,46.124116,29.639316,32.086416,35.719726,39.731212,44.982436,32.732948,44.300013,20.986270,36.796290,45.734291,41.040340,42.231870,39.958442,36.397040,48.320000,43.042905,30.183852,40.765585,34.886698,48.042711,36.009655,44.098239,42.266551,37.794172,35.692784,39.386797,43.172463,35.486658,25.494607,40.921061,0.000000,32.406646,42.100818,35.506725,42.956510,39.077683,43.915100,37.127286,42.300812,35.526150,52.911567,45.109576,41.186869,33.497588,42.894047,27.296513,28.179128,37.740263,36.993923,52.221917,47.076590,42.724288,40.962176,40.813708,39.950257,39.916744,47.598034,32.639140,26.450781,39.331683,35.076385,25.770532,40.123372,41.599268,40.141511,39.853872,39.514511,33.140172,42.242992,40.553844,39.372369,26.527538,40.538521,41.933195,30.761858,38.366443,41.807574,38.496740,42.574889,42.816404,40.665524,35.621633,38.974722,40.278676,41.787434,43.457130,42.336753,41.592237,42.749584,46.019506,42.541858,40.368568,40.626014,35.226223,44.184974,33.371483,42.912207,33.864411,43.191905
WinMart+,38.001429,40.037741,36.944862,38.217394,38.857905,28.681557,37.729708,41.091937,35.650079,31.387535,33.600053,41.500100,27.934615,36.098432,35.593517,30.839719,41.169687,25.289359,25.313381,41.352872,35.144824,43.334553,38.913318,35.224946,29.038880,24.570390,32.878499,39.166025,41.029810,22.346437,32.324264,41.771276,39.503209,26.276271,39.050481,32.827136,24.229566,38.243500,26.659554,40.422712,36.447025,43.026690,32.261909,37.527070,39.311488,18.976586,43.170142,40.724382,25.235448,31.106627,36.044197,29.629808,38.288133,25.822134,34.917727,37.008615,23.793400,37.919833,0.000000,39.650385,41.267773,24.721984,23.936260,28.114269,30.922721,24.914821,33.912646,46.634562,25.119861,40.431015,41.181960,25.449304,40.061882,40.601775,31.142113,34.113048,46.594987,43.990169,32.282179,33.470605,33.665579,31.837836,40.111942,43.759014,37.811370,41.738288,30.268534,39.371699,40.489336,33.658125,30.848675,32.700199,33.459333,33.230032,38.246398,34.473348,34.119642,32.472580,38.251726,34.468250,32.110303,41.583908,34.588509,32.724512,31.992450,33.958623,34.293135,35.144382,33.211125,32.497921,35.388192,37.740766,36.135203,34.690449,38.792214,35.325098,38.598194,32.592931,33.569261,36.481962,39.380603,37.067616,37.163354,35.660413,37.654949,37.728646
Trường Tiểu học Tam Hiệp,47.209552,50.635060,45.068763,46.164521,48.664664,44.812222,49.640337,49.577535,45.279457,46.296607,46.514987,47.139481,45.358789,45.451268,46.714094,25.843208,48.658301,46.023592,40.040380,46.317032,49.479163,47.331268,23.085023,46.784773,25.434421,44.909045,24.471401,47.376216,48.714393,45.318122,22.281450,40.959951,41.636997,28.671210,42.249752,47.760769,27.897983,21.164994,28.886146,44.826248,49.095116,25.238901,25.898882,46.901916,36.232820,43.600139,22.681907,43.545886,38.260733,25.222033,48.914425,46.687192,34.313132,29.744246,47.317148,44.293716,29.299312,39.602791,45.367030,0.000000,49.674556,40.505515,48.897596,31.032915,46.314854,31.104421,45.413544,40.638918,41.285800,35.272069,42.012199,32.824183,46.962031,48.228365,47.677749,45.815578,41.814218,24.247071,38.642976,34.865901,49.667746,48.646489,50.333248,37.820369,32.580751,48.963023,48.069539,32.899623,44.219228,39.983960,37.866734,48.784222,47.817186,38.915959,32.972615,43.080368,42.822835,47.316178,44.839266,48.917426,38.345421,44.387683,38.338482,38.163982,39.779316,38.810261,39.159878,48.914121,43.453168,36.950352,48.015207,41.274424,42.247842,40.301367,41.833041,44.055436,40.863715,37.957408,38.811860,48.166255,43.348832,39.283780,40.646339,38.397204,41.113990,38.753815
WinMart+,42.664582,45.549183,40.734023,41.396355,47.266746,42.130250,49.254044,45.817010,42.126058,44.756477,43.441683,46.361830,44.037962,36.982571,43.958998,42.969476,45.701746,44.285448,37.081795,45.672100,48.131810,47.992499,42.555320,45.615672,43.982634,42.718313,44.052474,34.763079,45.949818,43.420753,41.744089,45.886342,38.568673,39.979606,37.349523,42.430112,41.705055,41.332994,43.152299,42.600754,42.217623,47.336993,41.654110,28.798728,42.344402,41.161770,47.246827,41.539708,39.430039,39.210890,43.592591,39.939054,41.086461,41.237611,40.079716,23.340677,41.556911,43.195084,36.878974,42.529876,0.000000,40.393079,44.879487,42.129787,41.428607,39.767609,43.757295,51.177729,38.507445,43.428586,39.742930,43.777114,34.638089,33.435624,42.707983,41.008686,50.803842,46.939079,41.883357,41.546849,46.481005,45.170343,46.122241,47.213734,40.578209,40.467338,44.353542,43.842056,29.183984,45.040000,41.931236,45.401520,44.527180,44.000194,41.428120,42.529621,42.321210,43.869924,30.584803,45.723625,42.088437,40.214955,41.703171,41.673628,42.457395,42.834739,43.050400,45.806975,38.731456,39.158416,44.872803,44.917622,43.805233,42.645323,46.301898,41.711725,45.988090,40.803540,40.660713,45.159940,38.124070,44.563760,35.335056,43.399662,36.019985,44.101383
Delícia Coffee & Lounge,32.841312,32.959909,32.727391,34.374546,34.782491,32.548344,30.716118,36.254180,33.486493,31.977011,34.444070,32.949064,34.452894,34.018745,34.968982,29.162272,36.871062,27.345341,22.773679,30.608037,36.879534,38.205804,33.170597,35.677246,25.107689,23.678702,29.353832,37.072271,37.926013,25.215582,29.136366,36.046959,37.224367,22.372580,37.974072,36.305953,24.820130,30.209830,21.785882,35.602673,38.091024,38.053056,26.999618,37.040078,35.330367,34.064826,38.562586,38.721100,20.809283,28.807215,37.835534,36.335970,34.234254,23.921753,37.093342,36.222795,29.245603,33.607172,30.771797,39.202329,39.651815,0.000000,33.667852,26.920706,37.374205,28.137762,36.176647,43.310540,28.835161,36.208857,38.008898,32.282691,42.465020,39.074851,37.470051,37.165221,43.564304,36.724412,29.954039,20.769221,37.543828,32.441044,39.979583,40.264768,36.559310,41.527649,35.410788,38.345933,38.382065,33.596435,30.031198,32.934216,36.808032,32.500699,37.046557,32.094439,24.084084,36.134032,39.824491,38.069074,30.631046,42.423061,23.708988,30.055183,34.538810,30.937595,32.024397,37.725531,37.986320,31.075814,36.381782,31.831728,34.235237,32.398776,38.996317,38.921403,36.782831,31.912954,31.589282,33.708857,40.486504,33.878788,38.115508,32.938265,38.599157,33.654589
UBND phường Khương Thượng,43.009840,45.396126,41.420926,43.066353,45.046261,38.830188,41.866653,46.637932,41.546461,40.730253,39.806219,45.889778,39.361023,41.166132,42.821106,39.075910,45.925033,38.379178,32.397896,45.357788,43.123694,47.308093,42.724341,44.624266,38.708525,35.051808,40.755538,43.244979,46.134210,41.309800,39.187846,45.561561,43.058580,38.003023,42.678609,40.888952,36.939736,41.854724,35.114057,43.681213,43.658062,46.888245,39.062535,41.462842,42.529492,37.057610,46.833328,44.095676,37.034935,35.122701,37.331520,36.738823,41.409049,37.047894,39.634962,40.306633,36.005476,41.129205,30.180682,42.927701,45.301262,36.592707,0.000000,39.013729,39.238118,36.420537,36.675730,50.383798,35.165049,43.473720,43.934313,36.380293,43.322733,44.274375,39.480821,39.030458,50.174656,46.760416,34.649589,35.730094,42.787316,37.578586,44.114663,46.804644,39.934143,45.267391,34.252336,41.851702,43.324357,39.339198,32.888145,39.266835,38.199766,37.585083,40.470357,37.627810,37.101760,36.399849,41.256581,41.553232,34.756044,44.857225,37.101916,35.284259,34.946272,37.291828,37.761130,42.271308,36.005225,33.909740,40.747422,42.375778,40.057823,37.798913,45.069320,37.763150,44.473927,34.705294,35.408250,41.838453,40.832602,41.449881,38.420483,39.092579,38.904315,41.409491
WinMart+,44.066149,35.918580,35.649413,36.828111,46.012308,39.679583,33.598203,39.481417,35.079238,35.981484,41.317571,36.532478,33.302711,42.420892,44.180151,33.311507,39.769641,35.166713,29.108948,34.844949,44.736395,40.554660,35.955272,46.191152,38.183316,30.942030,34.569710,39.598451,46.931443,43.547996,33.172782,38.363271,39.427677,36.031669,38.983083,42.723593,27.578944,33.501158,34.920893,37.475094,45.125768,40.320414,31.367233,39.445142,37.307764,39.782913,40.652496,40.440061,32.823916,32.526460,44.738218,37.602947,36.211688,28.722502,42.758128,38.055093,34.320541,37.892992,34.096158,37.134864,42.492457,27.984749,40.679626,0.000000,39.319050,32.093195,40.586871,44.917293,27.506465,38.016681,39.477814,40.522636,40.948029,41.568678,39.452390,39.188868,45.024464,33.351796,20.402464,28.559808,40.887485,38.264947,47.385673,41.814247,37.721412,42.609189,36.711753,39.534284,43.958754,34.086108,29.700544,39.155045,38.661271,32.242285,38.232730,35.059097,23.802618,37.527512,39.146757,35.867982,31.723865,42.398983,27.653989,32.660698,31.678761,34.370137,31.324403,40.532029,36.969842,32.418059,34.542058,34.043844,37.310928,35.288730,36.957531,35.930803,32.470966,28.909923,33.709145,38.370224,39.800833,33.331092,37.566963,33.009533,38.050620,35.378393
Siêu thị B11 Kim Liên,37.029048,39.355962,35.933662,37.302226,37.843290,35.487971,36.938151,40.570222,34.113992,39.258540,30.909814,41.128493,35.637155,34.241504,33.651178,38.197346,40.685326,34.014503,29.379345,40.996629,31.757700,43.211817,38.322676,38.973089,38.410584,31.301978,39.488566,40.422811,39.774038,35.410435,37.942040,41.486489,38.532828,30.767711,38.015530,30.729329,37.862411,37.616593,32.127252,40.056777,33.704716,42.827076,37.868266,40.202594,38.848391,30.656715,42.986075,39.906319,30.065501,35.974896,26.215483,23.198248,37.760046,37.853933,33.583489,35.931757,37.169928,36.939684,26.320832,39.205133,40.319916,37.263975,33.837859,39.292474,0.000000,37.438047,30.043438,46.829021,36.049042,40.095635,40.556059,37.782289,39.226214,39.685427,27.490797,25.380117,46.780428,43.907840,36.061203,36.611152,34.566337,38.951432,38.407142,43.696900,37.177372,40.966424,35.189341,38.725168,39.983671,39.510327,35.151886,39.724596,27.014577,38.491183,37.567326,37.956707,37.579281,33.658700,37.350697,34.821021,36.124900,40.851694,37.459580,36.270134,35.687627,37.815436,37.601502,41.151440,28.398952,34.723266,39.597374,41.014660,39.808012,38.109737,42.944409,37.928050,42.561944,38.709555,36.168800,40.575423,40.374083,40.445217,37.915221,38.709842,38.422836,40.523986
WinMart+,43.816370,46.352898,42.123616,43.857824,46.140170,33.791542,42.521130,47.660088,42.442467,34.188990,40.702266,34.656281,30.121999,41.949955,43.966564,31.351603,46.764798,39.371828,26.595245,33.187789,44.415245,38.333121,34.515897,46.221480,33.531710,28.050062,32.802232,43.923932,47.038340,42.883682,32.054097,46.240587,43.640694,32.567611,43.268774,42.107733,27.455176,32.434087,30.290721,44.222914,44.861225,38.206976,30.545472,42.077107,35.992152,38.365431,38.595538,44.669654,30.377539,31.516636,44.535362,37.401226,35.073194,29.785787,42.218425,40.799708,28.106096,41.622290,31.286820,35.966944,46.012375,27.709248,39.197973,36.198211,38.835345,0.000000,40.124666,42.366098,27.279977,36.670169,44.395381,37.844108,43.856425,44.904951,39.013589,36.965523,42.668197,32.559471,23.167457,31.558987,37.923370,36.005886,47.656243,39.977326,36.835803,45.881797,33.478257,38.504287,43.793402,28.988408,25.964046,37.313873,36.328368,28.590463,37.267378,33.047623,32.503864,35.141795,41.717652,36.580427,28.665321,45.423358,33.530877,30.300812,28.588213,31.913742,28.637459,39.485798,35.191156,31.110847,37.864402,32.151970,35.380993,33.316620,35.121174,34.671170,30.268286,27.030943,32.117173,37.370146,41.052155,31.511861,38.591490,36.229400,39.083404,34.009912
Cà Phê Big One,38.972156,41.615042,37.571698,39.137490,40.454614,37.686607,38.404053,42.956079,36.402952,41.282434,33.202718,42.775994,38.878765,31.497042,36.583114,39.932062,42.611622,39.380527,33.585372,42.477859,34.888948,44.718309,39.682300,38.255101,40.427381,38.368638,41.274697,36.426072,38.110348,36.132183,39.455644,42.891406,37.232568,37.189574,36.658962,34.759517,39.304053,39.008556,39.608362,41.228825,26.739533,44.339946,39.297479,36.419256,39.988036,33.339167,44.422048,38.770562,36.455002,37.140967,30.830691,29.412912,38.843166,39.712074,20.871308,34.285247,39.355371,35.713416,29.689265,40.524797,43.139489,38.998279,39.593660,41.032024,30.506829,39.919884,0.000000,48.481216,38.257620,41.182702,44.936629,40.191761,37.762242,38.011754,30.936872,31.664332,48.387498,45.026972,38.411103,38.539337,35.890897,41.314876,37.912509,44.828618,36.432604,39.440613,36.060135,38.198182,39.006731,41.599187,37.925456,41.823334,33.875617,40.603108,36.888443,39.839160,39.558943,35.085717,40.999625,35.782338,38.653878,45.722484,39.239435,38.613173,38.994750,39.902663,40.141432,42.798749,29.759510,36.597728,41.995115,42.714323,41.351905,39.940261,41.508424,39.497469,41.270594,37.889195,37.936030,39.702453,40.003485,39.773742,37.478164,38.432866,38.018528,40.019160
Trường Mầm non Đại Thanh,48.257068,54.303805,45.142312,46.617864,50.348125,44.814157,52.151822,51.524409,45.418361,47.016284,47.105512,48.367910,45.545941,45.638022,47.353248,44.358227,49.942353,46.379845,38.879199,46.972183,51.190843,49.608544,42.159294,47.326097,42.136252,44.934539,45.744610,48.087646,49.860715,45.448330,38.985162,37.998796,40.774412,44.293884,41.572838,48.665075,45.803651,40.822264,42.107837,44.811040,50.363008,25.562253,42.474273,47.451642,31.245182,43.318646,30.622445,43.143424,43.943183,29.966870,50.132777,47.164175,27.573589,43.051753,47.988043,44.173069,40.742171,38.424648,45.464673,42.098430,50.958789,42.934831,49.977960,44.024397,46.646585,42.499026,45.558876,0.000000,45.464653,29.275372,41.334681,47.822449,47.406433,49.027966,48.404301,46.025832,37.617920,34.825710,38.441615,37.779093,50.785597,49.501434,51.824355,32.889433,29.958227,49.907836,48.787743,29.378385,44.098393,49.084146,45.614932,49.670124,48.414434,47.949733,30.285604,45.253128,45.017094,47.808447,44.831414,49.795089,41.063838,44.291001,41.244416,40.917275,46.306118,41.668904,41.973643,49.782937,43.187117,40.023747,48.619094,41.049823,44.724223,42.453961,49.703088,46.692137,49.351944,40.261892,41.248641,48.771356,43.211749,47.895361,40.323557,46.682933,40.831580,41.033356
siêu thị 24h ninja mark,36.154494,36.867511,35.675269,42.260966,43.533920,36.687841,34.601733,44.807262,41.065290,37.084460,39.824907,37.360807,37.880079,40.836727,41.848479,34.747926,44.419321,38.865291,25.845084,36.029477,41.972396,40.731141,36.704005,42.763842,28.669976,26.719738,36.192043,42.496507,44.491566,40.723366,34.643659,38.783746,43.771039,26.971458,44.270800,40.536311,33.570253,34.677846,26.532602,37.904032,42.401695,40.524059,33.079436,41.125681,37.776931,38.181073,40.799670,45.671613,27.973255,33.865674,42.197548,38.080142,36.761084,28.810120,40.839335,40.235445,35.280857,39.564600,34.241290,39.864232,44.092547,31.413824,38.562068,37.909899,39.465802,35.525356,37.780990,44.690723,0.000000,38.390624,43.952744,37.893999,42.679118,43.372522,39.587863,39.371517,44.855737,37.878394,30.487482,29.082687,40.716090,36.967266,42.277498,41.834954,41.235695,44.187877,37.706729,43.410617,42.753183,36.129837,30.444273,37.613599,38.992485,34.028969,41.852406,33.796956,21.951786,38.112805,44.705952,40.929821,31.474256,47.564163,27.835289,30.771606,36.809694,32.192417,33.704906,40.993053,39.995143,31.071834,39.245440,33.159779,36.947865,33.987722,42.589857,35.439883,40.076898,32.985708,32.296278,35.185551,43.104305,35.716842,40.490191,34.149288,40.949808,35.196317
Trường Mầm non Tứ Hiệp (điểm Cổ Điển B),37.993181,39.457643,32.114544,38.664944,39.907249,36.590913,35.795938,41.263867,38.240154,36.793093,38.789260,36.963229,37.730089,38.327987,39.200460,35.976948,41.287831,39.123715,34.254201,37.297876,41.647847,30.834864,34.569211,40.258720,35.865948,38.495463,37.402335,41.117843,41.970723,39.034681,32.872736,28.745992,32.868000,37.386747,33.739360,40.754829,37.890081,34.048398,36.452489,33.977744,42.402019,30.595951,36.028035,40.940430,24.093126,37.953665,31.927467,33.829118,37.904061,30.567379,42.106237,40.580116,17.907642,37.348797,41.164658,39.381921,35.996867,32.019173,40.521208,35.082971,43.641494,37.320488,42.589149,38.263903,40.786163,37.410726,39.591489,29.191739,38.919739,0.000000,34.155374,42.175452,42.129093,42.862161,41.634806,40.463665,24.088188,32.355922,34.387940,36.691883,43.985307,43.086815,43.947975,20.899719,26.835450,43.791869,42.474169,25.062917,39.738502,43.099137,40.904677,43.246796,42.777150,42.384163,26.901971,37.221641,34.116466,42.282291,40.305333,43.549861,36.840933,37.419581,38.044251,36.640397,41.247179,37.181682,37.517430,43.632378,38.793856,37.136182,43.075655,36.990537,40.762186,37.376522,44.258696,41.901639,44.035137,36.588789,38.488675,43.357561,40.061011,43.019845,37.810617,42.131227,38.293470,37.333651
WinMart+,47.410435,51.021926,41.365862,38.328989,48.779513,44.801285,50.353345,39.601448,45.219574,46.393627,46.533931,50.141649,45.297491,36.253871,46.647369,47.124246,39.177369,45.955362,40.120745,48.746398,49.618457,46.892218,44.181925,46.642522,43.595038,44.851956,47.370547,38.542139,41.014625,45.235109,41.073489,46.395515,35.280845,45.520102,37.152934,47.736747,46.993910,42.389255,43.399877,41.473548,49.155586,49.634827,44.280886,36.158465,42.098877,43.472366,49.335866,39.043670,45.292864,43.448980,48.838322,46.674986,40.630253,44.348959,47.461248,30.869827,42.050030,40.293375,45.260500,43.345210,39.022761,44.123687,48.719827,45.073694,46.322671,43.399262,44.772282,54.077866,46.259677,42.479428,0.000000,43.943258,39.332428,36.559404,47.597763,45.681000,53.359185,48.186226,43.812091,42.032738,49.442112,48.420788,50.170735,48.788205,35.580591,35.820968,47.811769,39.655526,30.124145,48.107067,42.655353,48.528505,47.644005,47.133000,36.483383,43.279854,41.601900,47.124741,32.053583,48.639390,42.992261,36.758768,39.377438,42.869324,44.006680,43.641351,43.880615,48.630784,43.452390,39.954024,47.688522,42.820864,44.498454,43.389210,47.675778,43.726415,47.044585,43.558621,41.367154,47.825035,37.584591,45.213474,35.030705,43.924657,35.698738,44.197183
Không có tên,42.706756,45.664014,40.854582,42.782913,45.284252,37.475455,41.422387,47.237604,40.812290,39.936497,38.547833,46.180154,37.957902,40.455875,42.304865,38.067533,46.255124,36.394792,30.186369,45.527150,42.631015,47.816781,42.458304,44.768578,40.304454,32.727939,40.139644,43.051320,46.536545,39.615092,38.392845,45.755345,42.864853,31.840505,42.420261,39.532922,38.237332,41.490755,33.604829,43.584357,43.415305,47.307131,38.246849,40.978683,42.279736,33.313301,47.219920,44.054938,37.647963,36.106385,43.000963,34.043138,41.030082,37.757479,40.328683,39.757910,36.997337,40.701620,21.787832,42.740735,45.462239,37.205141,31.695762,39.440507,35.791619,37.478128,38.199788,51.325838,36.024946,43.361065,43.886342,0.000000,43.177738,44.258579,36.074926,39.546039,51.024378,47.033732,35.802755,36.495845,42.092116,38.835860,47.161941,47.110999,39.562461,45.396819,36.703375,41.616264,43.203426,39.830046,34.606790,39.881702,38.949252,38.446883,40.130616,38.142367,37.714621,37.601235,40.877355,41.394316,35.973099,44.921957,37.611118,36.244480,36.238496,37.962475,38.352174,41.902934,36.933172,34.634771,40.806164,42.144343,40.204425,38.301224,44.250102,38.126934,43.800008,35.601979,36.069221,41.667704,40.638950,41.383941,38.138201,39.398138,38.654336,41.355408
Quan an Nam Nhu 1,51.607132,56.472640,45.578081,37.849984,41.579344,48.319259,56.976206,39.542822,39.092151,50.634778,39.388787,55.925123,40.048716,35.223373,40.152087,51.027823,38.931673,40.351479,35.733483,53.626348,42.746863,51.773919,48.340843,41.506738,46.665667,39.510495,51.263162,33.508688,38.445161,40.071701,44.405994,50.827971,42.186348,48.747670,43.687576,39.232865,50.679342,45.903607,46.077142,45.496540,38.957945,54.138390,47.369917,31.021445,45.311671,38.690214,53.458384,48.949346,48.143604,46.075569,40.158769,37.764080,43.742259,47.033106,37.738894,23.289329,44.316337,34.047045,35.588175,46.312784,34.060238,46.714367,41.303735,47.646621,39.060780,45.609943,37.739850,58.250028,49.068332,45.426918,35.197417,41.055243,0.000000,27.703084,39.837729,38.812411,57.103553,50.731039,45.860655,43.962294,42.857556,41.920517,42.182815,51.863537,36.609572,23.269511,41.281872,39.762133,23.724013,41.985336,44.463838,42.100928,41.664132,41.269453,37.355091,45.087235,43.413076,41.149143,24.901599,42.445502,44.836761,32.616690,40.920303,44.748009,40.135145,45.606799,45.790804,42.548908,37.216462,41.336683,42.012525,44.539836,46.356525,45.167723,43.268279,45.190562,48.884231,45.175744,42.808618,42.318762,36.458205,46.949272,34.120304,45.495022,34.693674,45.766178
WinMart+,41.008170,43.334959,39.278811,39.512562,44.292846,40.544956,56.330794,42.349294,40.576128,42.826921,41.328497,55.553654,41.990191,36.071456,42.014328,41.427956,41.834852,42.275621,36.393965,53.769694,45.371118,52.293972,49.421775,43.532970,42.366797,41.080138,51.673264,34.041936,41.508077,41.716859,45.845756,51.493193,37.271866,49.548480,36.249493,40.859243,51.238051,47.183990,41.635146,47.041941,40.611875,54.162741,48.342330,30.210023,46.693691,39.898458,53.616987,50.512333,38.484163,47.142175,41.912827,38.874915,45.315616,40.071449,38.933425,17.978582,40.354782,40.944208,36.179432,47.411199,35.530834,47.700091,43.142922,40.902775,40.271135,38.788631,38.973034,57.586257,49.745156,46.728431,36.941752,42.459968,27.921513,0.000000,41.312902,39.933103,56.674493,51.242563,40.868405,45.064606,44.734959,43.603827,44.213683,52.289412,39.071455,32.128748,42.866251,42.431128,18.049951,43.567617,40.871251,43.807228,43.137146,42.680631,39.919221,41.464183,41.280863,42.548573,25.093160,44.138987,41.017041,35.005760,40.771093,40.670409,41.318420,41.707352,41.919922,44.227292,37.995369,42.458406,43.483793,43.646728,42.633415,41.580204,44.840809,40.798888,44.569836,39.907911,39.829060,43.779557,37.108051,43.324344,34.597302,42.283138,35.190575,42.970100
Taste Tea,39.866506,42.589140,38.315723,40.050726,41.587041,38.447746,39.125470,44.071923,37.282481,42.146027,33.893197,43.792633,39.837443,36.785856,37.713755,40.670336,43.653037,35.317695,34.046604,43.372684,36.111719,45.710649,40.385524,40.242400,41.135166,39.213834,41.918955,42.785017,42.860366,37.165161,39.939019,43.736976,40.427426,31.708737,39.934355,36.368569,39.864443,39.554728,33.219547,41.864519,32.015551,45.279667,39.847181,42.414769,40.576768,32.740980,45.305412,41.762024,30.951030,37.606711,32.102642,25.371306,39.368355,38.523676,31.113565,37.540036,37.965374,38.548280,27.946954,41.002814,42.644615,37.898667,36.163804,40.044585,28.070298,38.352426,27.788317,49.400912,36.771578,41.769860,42.061222,38.771782,40.982362,41.731719,0.000000,29.758980,49.173299,45.666458,36.874648,37.301332,37.011626,40.100648,37.439241,45.558035,38.196908,42.982001,36.944718,40.009792,39.860889,40.460832,36.033901,40.786146,32.451508,39.405689,38.715767,38.631874,38.271327,35.455764,41.674720,36.325215,37.008940,42.707821,38.064518,37.047898,36.649447,38.574811,38.369339,41.986438,26.424606,35.305907,40.403917,41.600507,40.437489,38.783645,43.529239,38.471528,43.144960,39.321372,36.782272,41.315512,40.334713,41.080102,37.835360,39.396545,38.359023,41.069990
WinMart+,39.252340,41.399310,38.025284,39.437691,40.422497,34.885260,38.737859,42.538542,37.080972,37.111142,35.061379,42.646466,34.940644,37.318145,37.343435,35.867103,42.425462,33.322225,29.123580,42.387625,37.102836,44.394452,39.860277,37.531198,37.819357,30.924753,37.681474,40.185789,42.373915,34.206934,36.469330,42.759550,40.394208,38.201798,39.949531,35.119644,36.378599,39.149983,31.738381,41.250067,32.369635,44.060411,36.409605,38.491737,40.115599,30.005730,44.150625,41.583381,37.550092,34.758287,28.346212,27.048551,39.052461,37.635199,31.919568,37.805286,36.931765,38.700518,32.843257,40.477100,42.312605,37.147455,32.516019,39.131949,30.820791,37.202784,29.419336,47.689064,35.890438,41.203647,41.890412,37.307652,40.884171,41.536678,25.583340,0.000000,47.591867,44.771890,35.840913,36.471218,32.410987,38.351861,35.565544,44.572031,38.324667,42.657671,34.137854,39.990664,39.044306,39.282838,34.773948,39.185001,24.800755,38.076543,38.811111,37.837570,37.451625,29.666724,38.985735,32.213679,35.905248,42.431651,37.372329,36.099492,35.796536,37.665495,37.756318,40.578007,28.319461,34.621109,39.830283,41.243272,39.736471,38.001709,41.438677,37.867603,41.128857,35.297148,36.071767,38.980037,39.913154,39.163565,37.599462,37.509418,38.098889,39.509097
WinMart+,49.602664,55.913190,46.314241,47.668622,51.593901,46.017489,53.560733,52.658025,46.396467,48.478800,48.172447,49.945664,46.620631,46.684527,48.394427,45.626838,50.896452,47.309798,39.756385,48.348765,52.209672,52.180687,43.513530,48.174912,43.122912,45.809062,46.933257,48.940408,50.709940,46.290550,40.182375,37.036437,41.716352,45.280801,42.466173,49.579440,46.879156,42.019525,42.982589,45.970902,51.213605,44.173325,43.469533,48.264766,30.001390,44.081061,44.376538,44.165110,44.827722,37.063890,50.982175,47.966914,25.934717,43.903557,48.799835,44.859303,41.521335,39.248118,46.082242,41.978901,51.713959,43.762032,50.781244,44.827410,47.369511,43.272543,46.350950,36.545315,46.349717,24.835570,42.165579,48.476154,48.044838,49.738502,49.167003,46.708207,0.000000,36.097981,39.165061,38.058734,51.437303,50.158426,52.618231,27.182057,28.358788,50.577886,49.468946,26.964921,44.720411,49.701129,46.193624,50.371338,49.024328,48.558961,28.613416,45.022756,44.810914,48.418595,45.453635,50.464524,41.689898,44.993977,41.300678,41.593526,46.932439,42.362436,42.652010,50.436316,43.815765,40.150265,49.239738,41.686350,44.518764,42.238426,50.276047,46.287704,49.915748,40.850490,41.271519,49.328206,43.518802,48.423013,40.599233,47.181202,41.098784,41.598510
Trường Cao đẳng Hà Nội,43.660652,45.776570,42.238268,43.343401,44.982037,41.862134,45.486472,45.925392,42.672050,42.719637,43.535487,43.284604,42.518757,42.774389,43.734594,41.502752,45.557110,43.379393,38.347876,42.945126,46.119610,42.272619,24.026277,44.161471,27.739450,42.604610,27.643928,44.794226,45.833555,43.004963,25.935348,37.410254,39.676794,28.826654,40.273059,44.902953,28.096710,22.862430,29.028822,42.065885,46.236534,25.693089,27.452137,44.464048,33.837818,41.678308,24.653266,41.196955,35.380421,27.741116,45.981986,44.304777,32.096369,35.110788,44.814137,42.454950,29.454067,38.039304,35.506293,24.129046,46.969174,37.301522,46.130066,36.099615,44.150434,35.490649,43.172780,34.732696,38.270301,32.924792,40.172272,36.839225,44.920120,45.854989,45.223126,43.803132,36.972295,0.000000,36.374122,31.927221,47.091775,46.235089,47.382235,34.914392,31.612454,46.604750,45.671287,31.547076,42.531490,37.775746,35.783227,46.344837,45.746419,36.820047,31.930542,40.697229,40.421511,45.288942,43.086113,46.533293,36.143930,42.513212,35.212126,35.912265,37.761421,36.507618,36.918542,39.340328,41.810476,33.701150,38.664099,39.115902,39.525890,38.007435,39.993002,41.086677,38.891445,36.024871,36.335451,36.967935,42.455641,37.313107,39.964495,36.573068,40.423547,36.906898
TK mark,39.882656,41.448632,38.905480,40.027476,40.753014,32.331807,29.624679,42.267750,38.370862,29.971738,36.971537,30.768768,27.453220,38.456394,38.726831,27.965631,42.266065,35.634267,24.935598,29.194713,38.732902,34.718421,31.297617,39.140709,28.205247,25.954754,28.170258,40.541074,42.214302,36.820089,28.286359,33.447651,40.676824,25.857841,40.320893,37.159179,23.511120,29.140427,25.283531,33.543995,39.419845,34.719424,26.952802,39.185762,33.272312,34.218806,35.244886,35.822831,23.745225,28.176274,39.105268,34.752701,32.499287,20.169003,38.027614,38.523508,25.202140,39.257317,29.680873,33.212072,42.215840,23.640135,33.739158,19.511350,36.081352,28.667383,34.979316,38.636663,21.191233,34.029637,35.684620,31.599536,41.061550,41.609156,36.220207,35.673063,39.088140,30.103672,0.000000,29.973627,35.789714,31.966360,39.366546,37.067903,34.984256,42.504097,32.741450,36.278550,41.311783,27.618651,23.066898,32.692390,35.139123,27.597943,35.334054,31.172120,30.612413,34.231740,39.461539,32.641178,26.152106,42.326377,32.065247,28.218265,27.697502,29.693657,26.362768,30.111002,34.491386,29.982405,31.058986,30.419507,33.503976,31.515064,33.893611,33.390175,30.195951,25.436811,30.889037,28.363659,39.920813,28.069822,37.784625,28.261820,38.243702,32.658660
Hội đồng nhân dân - Ủy ban nhân dân phườ,34.339446,34.660380,34.071812,35.469145,35.932600,34.441766,32.611615,37.163197,34.778387,34.373081,35.535380,35.005737,35.888181,35.123745,37.792550,32.005297,37.649396,27.220103,23.209108,33.334906,37.779476,39.060991,34.776681,37.948583,25.303667,24.020817,32.790296,37.749902,38.526534,36.398171,31.900767,37.136307,37.926188,23.099415,38.570921,36.673248,29.795818,32.403427,22.626538,36.522605,38.307877,38.891122,30.229323,37.702043,36.323769,34.669260,39.287664,39.301381,22.358114,31.419955,38.073278,34.995772,35.316824,24.453623,37.367057,36.845705,28.768715,34.520567,31.698697,38.410310,40.046481,25.346651,34.369972,26.782634,35.929117,27.802867,35.088205,43.331278,27.851968,37.048821,38.574785,33.257859,42.571998,39.504086,36.031932,35.647971,43.544388,36.300929,28.154201,0.000000,35.674182,33.281720,38.312314,40.651848,37.091382,41.722731,33.766491,38.776233,38.803262,31.564347,28.554279,33.700085,35.281246,30.888332,37.561997,27.633384,23.612758,34.671903,40.148977,33.576584,28.615532,42.537814,22.932856,28.020163,32.414128,29.391768,29.746508,35.458214,36.308218,24.064123,34.153580,29.901502,28.082680,31.052998,36.673692,26.005688,34.429879,30.278805,27.287258,32.016690,40.624571,31.930068,38.326944,31.292296,38.802179,31.956756
Trung tâm Công nghệ Phần mềm Thủy lợi,41.958436,44.571243,40.310741,42.053910,44.041582,37.561148,40.887054,45.961390,40.099575,39.800534,38.012638,45.273266,38.011050,39.864216,41.212105,38.096467,45.283818,36.617539,30.692932,44.749477,41.369709,46.893881,41.907146,42.893835,40.195957,33.201619,39.993479,42.419163,45.467990,39.450806,38.370331,45.009982,42.329452,32.240722,41.901014,34.980577,38.257941,41.043465,33.981090,43.065150,42.194044,46.456663,38.267436,40.508208,41.833712,34.117718,46.417859,43.487120,31.367186,36.216819,33.858805,32.580387,40.657329,39.562363,38.106801,39.426036,39.060371,40.329410,28.298052,42.281213,44.684588,38.687119,38.999656,41.390239,36.418649,39.774574,34.347086,50.296297,37.663132,42.890532,43.432119,40.180958,42.676122,43.627348,36.935320,28.457089,50.030218,46.449111,37.809037,38.082429,0.000000,42.082772,42.085419,46.453981,39.357821,44.732973,37.060397,41.311221,40.917446,42.383286,37.033319,42.845181,36.162429,40.810610,39.901514,39.697895,39.314866,35.282396,40.520520,36.375363,38.098882,44.330787,38.932070,38.041630,38.481269,39.742280,40.101825,44.153471,34.767286,35.865117,42.745291,43.468287,41.665621,39.833031,44.107516,39.276608,43.681557,37.191573,37.412999,41.744520,40.474099,41.443857,38.046794,39.595345,38.546399,41.384918
WinMart+,41.676037,43.960808,40.205942,41.763622,43.399684,37.293739,40.741653,45.166205,39.978813,39.296686,38.141755,44.724341,37.640091,39.791334,40.884187,34.241199,44.695008,36.432041,28.529780,35.186013,41.014702,46.263987,41.696976,42.164360,37.029494,33.443447,35.006270,42.144349,44.814542,38.579447,34.060802,44.557535,42.094954,35.941982,41.698816,38.738885,35.257737,34.220139,31.907966,42.806440,41.749976,45.875360,32.879955,40.394794,41.655700,34.359473,45.868814,43.188145,34.578632,33.538007,41.432011,35.081316,40.560047,33.954109,39.534838,39.409469,31.798318,40.256337,27.006784,42.056840,44.232208,34.346110,33.751803,35.814704,37.047687,30.902794,35.446004,49.441644,32.207540,42.655795,43.197368,28.860940,42.441316,43.295683,37.281698,36.573314,49.237764,38.170454,30.522693,33.103767,37.558259,0.000000,41.586978,45.993107,39.349033,44.328550,31.954621,41.183631,42.563262,32.847660,26.509491,31.930919,35.806716,17.690113,39.868408,35.187026,34.481629,34.410269,40.438845,32.041059,30.105085,43.982608,35.155106,31.820264,30.006129,34.153657,29.811841,25.869019,34.685587,31.987388,34.399071,33.810959,38.267526,35.438099,37.729807,36.225379,31.648021,27.417082,33.369625,29.904213,40.440391,32.904174,38.069637,32.527087,38.561165,35.544456
Không có tên,43.177563,46.536277,41.094055,43.264874,46.311462,41.722431,41.686643,48.375851,41.157125,45.607112,37.586438,46.936606,43.768582,39.864880,43.043896,43.548357,47.083681,44.029529,36.197854,46.146545,41.887068,48.630068,42.779609,44.257791,43.882248,42.309743,44.770706,45.535348,46.493580,38.863054,42.234412,46.350721,42.620926,39.677173,42.144050,44.563817,42.130178,41.714093,42.935305,43.929630,36.668592,48.047260,42.083298,44.988498,42.536743,35.619158,47.903565,43.891542,38.864821,39.372295,41.538231,35.485828,41.198882,42.476192,37.663705,39.378265,42.321026,40.378527,31.026032,43.019842,45.355299,41.245646,45.794446,44.295842,33.966177,43.268426,31.023318,52.322198,40.556587,43.666396,43.747917,43.912283,42.975808,44.088492,27.181866,34.646471,51.906216,47.499354,41.110225,40.834887,39.193243,46.020596,0.000000,47.657782,39.326621,45.299153,38.765456,41.427548,41.023444,45.748593,40.899995,46.496343,36.639581,44.227452,39.902715,42.360122,42.054893,37.542742,40.586288,38.095361,41.520603,44.808383,41.328734,41.130315,42.065780,42.680177,42.970857,47.054605,31.588747,38.206058,45.566467,45.562682,44.062726,42.468022,47.571567,41.414490,47.117420,40.072848,39.843465,45.907581,40.863342,45.058876,38.258383,43.364972,38.782214,44.446014
Cafe Dinh,43.499262,46.354297,41.829327,43.141775,45.187424,41.339553,46.031800,46.323573,42.336264,42.374932,43.354413,43.187073,42.149731,42.630980,43.614670,40.881425,45.756252,43.163815,37.565839,42.787914,46.459483,41.771595,39.441017,44.084682,39.740197,42.246677,42.066268,45.000801,46.034934,42.715696,37.000277,34.584182,39.036416,41.423564,39.745125,44.947222,42.354512,38.419409,39.970953,41.753487,46.523566,37.763962,39.981834,44.609555,29.332354,41.212708,38.483979,40.689233,41.610103,34.623574,46.208149,44.248820,26.073467,40.894335,44.967794,42.292579,39.116238,37.257352,43.404559,38.144463,47.472193,40.772607,46.352052,41.704665,44.134522,40.477322,42.937116,33.541974,42.584881,20.608626,36.321971,45.170580,45.084243,46.188190,45.265914,43.618184,26.589531,34.728601,37.211957,39.477033,47.385187,46.389163,47.808602,0.000000,25.319638,47.031705,45.763344,22.062495,42.395486,46.210967,43.678677,46.527424,45.798670,45.322185,25.303503,42.870419,36.720470,45.278101,37.374736,46.720971,39.477356,39.592399,39.536513,39.307499,44.010449,39.932142,40.225227,46.762987,41.582815,38.615081,45.958816,39.508478,42.306434,39.956641,47.017208,43.610796,46.741640,38.908627,39.834921,46.160368,38.605046,45.580083,36.534561,44.620877,37.025548,39.608707
Trường Trung học cơ sở Yên Mỹ,42.890791,44.210755,39.124072,37.439684,43.819310,41.564739,43.240410,38.013613,42.210511,42.145857,42.845381,43.636387,42.064617,36.048309,42.995632,42.854581,37.746756,42.767931,38.932152,43.335284,44.790856,42.153956,40.831882,43.386433,40.999026,42.186746,42.914457,37.331822,38.626169,42.504318,39.149079,42.106891,35.401576,42.220988,36.352583,43.937069,42.913072,39.991271,41.096641,39.224816,45.031651,44.103833,41.459324,37.281159,39.856603,41.474259,44.174157,36.975269,42.381609,41.178912,44.777341,43.590526,25.383046,41.816874,44.084497,36.222262,40.381467,30.145638,43.091074,40.868840,40.857998,41.685782,44.948803,42.378300,43.580459,41.337756,38.782290,47.116189,42.935791,24.935996,35.988927,41.925778,41.057523,39.781758,44.282097,43.202138,26.333785,44.634052,41.810685,40.541763,45.807177,45.129385,45.920610,25.037219,0.000000,39.747240,44.672138,19.052957,36.110388,45.063292,41.117618,45.215157,44.808869,44.447000,16.954045,41.478867,40.208997,44.432608,37.430361,45.393684,41.293504,40.398761,38.630962,41.142288,42.158840,41.688576,41.912136,45.429107,41.720358,39.180182,44.918907,41.215870,42.404393,41.627267,44.989496,42.114520,44.372750,41.872028,40.299330,45.119817,38.782844,43.082247,36.486107,42.220816,37.017549,42.412763
WinMart+,53.433502,58.576164,47.576882,40.830062,45.134675,41.437093,59.482587,43.649073,41.446112,52.511581,42.374267,58.202351,42.883976,37.686262,42.851832,52.798037,43.406917,43.115922,37.351803,55.676780,46.055476,53.892279,50.290496,44.230041,48.220895,41.922804,53.012019,37.049292,43.309832,42.503979,46.107219,52.818965,45.464413,50.336753,46.734038,41.772677,52.400189,47.662744,42.326750,47.477855,41.607533,56.072597,48.940340,33.988667,46.986518,40.670714,55.288050,53.047703,49.628442,47.496118,42.706985,39.751220,45.375762,48.463164,39.908377,23.656547,41.016698,39.018085,36.983288,47.857641,40.121137,48.117911,43.792968,49.032615,40.998284,46.872224,39.896602,59.995132,50.510257,47.005963,37.504449,42.983214,34.172120,32.149021,42.037732,40.618089,58.730797,52.083372,47.073333,45.147519,45.228397,44.137031,44.801221,53.383358,39.519588,0.000000,43.438032,43.375146,21.413304,44.069317,41.431662,44.322681,43.648446,43.181109,40.493615,46.212941,44.556362,43.075518,21.788221,44.615058,41.541296,35.134341,41.971986,45.909955,41.849130,46.790671,46.962195,44.695037,38.683688,42.325570,43.943942,44.034901,47.497065,46.289247,45.213797,46.190436,44.941802,46.233868,43.811632,44.217648,37.253259,43.730192,34.597259,42.713813,35.222862,46.805226
Coffee Cây,42.520497,44.805919,41.019585,42.593209,44.389797,38.406684,41.484049,45.996356,41.025870,40.269216,39.309983,45.402105,38.872708,40.727704,42.140730,38.724432,45.403707,37.858423,32.177848,44.918769,42.376921,46.837277,42.359108,43.698869,38.558018,34.709206,40.346600,42.846812,45.571630,40.450005,38.862536,45.147110,42.708667,37.852385,42.328625,40.222186,36.837567,41.526242,35.020652,43.347506,42.959571,46.439659,34.613081,41.113450,42.221178,36.416130,46.400857,43.744922,36.902728,35.070380,33.623902,32.781437,41.133799,36.890903,36.750723,40.031659,35.856382,40.846248,29.774133,42.622180,44.861739,36.483625,36.526421,38.759084,35.175466,36.200642,34.065141,49.899535,35.047800,43.173066,43.650169,36.128688,42.999317,43.894072,35.514559,34.160702,49.687451,46.440074,34.556741,35.628912,33.157806,37.153125,41.329637,46.445766,39.752982,44.878708,0.000000,41.626686,43.040708,38.929657,32.828581,38.722786,32.926345,37.328061,40.272044,37.436230,36.936299,29.375889,40.989031,26.452290,34.645491,44.508742,36.969502,35.161293,28.579831,37.103139,32.584088,32.507089,27.221505,33.871880,33.669602,37.636315,39.809807,37.618537,39.168589,37.621371,38.892447,30.765603,35.330969,35.539455,40.708442,36.648399,38.321762,34.665574,38.805065,37.683020
Trường Mầm non Tứ Hiệp (điểm Đồng Trì),46.346527,48.530250,41.980106,39.696888,47.420898,44.606798,47.498088,40.780642,45.001533,45.655591,45.922584,47.669987,45.040306,37.999724,46.088305,46.255339,40.524974,45.591810,40.789416,46.960710,48.160354,45.618657,43.804021,46.214832,43.767224,44.727829,46.396870,39.965739,41.878496,45.055889,41.865524,45.381302,38.423400,45.215171,39.455738,46.940991,46.224726,42.824998,43.618827,41.943339,48.010091,47.803388,44.290867,39.797995,24.658005,43.676992,47.700070,40.928806,44.916097,43.614305,47.867386,46.158854,23.230638,44.266032,46.660820,38.393001,42.496928,31.772948,45.153576,43.614420,44.038724,44.164579,47.913819,44.907154,45.892070,43.712029,40.985145,25.429792,45.852225,22.308957,39.767903,44.194914,44.662216,43.062762,46.971053,45.504742,24.061583,28.157827,43.964592,42.527327,48.627924,47.808854,49.051248,21.419174,19.190587,43.337084,47.343926,0.000000,38.399275,47.609569,42.940341,47.929191,47.191086,46.884964,18.284254,43.627684,42.248653,46.770821,40.109248,48.054474,43.413909,44.492652,40.356505,43.312824,44.298977,43.952812,44.164461,48.067205,43.539953,32.944325,47.369970,43.284367,44.673383,43.766442,47.384266,36.036518,46.801622,43.924541,41.963183,47.517835,39.982129,45.315619,37.361332,44.201339,37.917301,44.477804
Trường Mầm non Lĩnh Nam (cơ sở 2),43.384605,45.304421,39.032784,33.953072,37.138201,35.608412,44.466462,34.745302,35.728582,42.552709,35.457822,44.612354,36.231763,31.802795,36.457325,43.222408,33.906093,36.586972,33.127385,44.026075,38.452590,42.740880,41.063386,37.753822,40.866920,36.070389,43.311881,29.312630,33.194113,36.609454,38.848701,42.518547,34.842063,42.252127,35.970706,38.685020,43.158904,39.797048,36.936846,39.079898,38.477872,44.721676,41.332016,27.279192,39.727695,35.676497,44.676604,36.899310,42.231439,40.860033,38.539225,37.419480,38.738795,41.552070,36.628376,21.667430,36.328398,29.640329,33.211707,40.623084,28.529721,41.382104,40.330440,42.130359,37.783442,39.893369,37.708178,48.036406,42.891684,40.037561,29.260315,40.125089,24.594551,23.458173,38.454510,37.565442,47.779774,44.580888,41.312184,39.911400,41.633343,40.853430,40.078639,44.782576,34.381436,20.393221,40.302381,36.602257,0.000000,40.911793,39.032189,40.987505,37.903170,40.301969,34.887988,40.907824,39.536472,38.045764,18.824771,41.280874,39.115520,24.570441,37.759198,40.550718,39.310092,41.150410,39.831721,41.363230,36.109549,38.276470,40.920388,41.203573,41.877451,41.004069,42.016949,41.410870,41.831773,38.298168,39.456400,41.189818,33.981342,40.946766,32.112844,40.159025,32.654231,40.756208
Chợ Nhân Chính,41.837493,43.819389,40.506735,41.910977,43.324243,38.025832,40.979344,44.865495,40.392682,36.801266,38.821990,37.118222,38.396186,40.182684,41.212099,33.813641,44.503597,37.467259,28.252464,36.037651,41.372225,45.944676,36.600429,42.331172,36.311056,29.349946,35.948981,42.237000,44.607026,39.534177,34.840433,44.415999,42.179553,35.203042,41.815716,39.491913,34.172593,34.909168,31.290924,42.826543,41.962690,45.603711,33.656978,40.649318,41.773214,36.129891,45.605312,44.321310,33.873082,34.259979,41.692777,36.400283,40.758908,33.111248,40.047304,39.706692,30.939490,40.480273,30.529505,39.323038,44.114869,32.873828,36.110573,34.552010,38.100860,29.833180,36.361335,48.841412,34.418173,42.684594,42.879268,34.006314,42.495327,43.276675,38.277666,37.827641,48.686322,37.617519,27.800514,31.430070,39.104843,33.798121,41.786303,45.771087,40.499175,44.220792,34.839605,42.479196,42.602855,0.000000,22.181914,32.550758,37.262877,27.685153,41.066275,33.414410,32.649838,32.454180,40.638611,31.655052,24.905739,43.908726,33.876140,29.577331,25.926080,31.829189,25.376698,32.963597,34.400174,30.931807,32.958471,34.116043,36.667386,33.747152,37.567709,35.204138,29.720662,26.493293,32.156001,27.939113,40.534028,31.672189,38.228587,31.394194,38.703626,34.168486
Cục Sở hữu Trí tuệ,37.803920,39.072056,37.104159,37.972662,38.245034,34.594608,33.325024,39.732465,36.269604,34.412524,34.993790,34.983365,34.616483,36.618265,36.290933,32.949991,39.965669,33.667729,27.367448,33.949115,36.151865,37.745528,34.825877,36.243545,32.690395,28.071446,33.442755,38.741302,39.809329,34.227654,32.832680,36.473327,40.498023,31.689604,38.689904,34.823511,31.908205,33.095877,28.883561,38.875956,36.873564,37.582228,31.810075,37.569976,35.958395,32.144998,37.909465,41.829981,28.626692,32.522924,36.587389,32.892961,35.217723,29.860897,35.959676,37.175073,28.209739,37.867746,28.361346,37.332469,40.243201,30.466767,31.432757,30.033512,34.000931,27.050161,33.398791,40.680508,31.522418,36.511849,40.869109,29.323384,39.492534,39.830023,34.058876,33.432018,40.942700,35.790490,26.184099,29.213199,32.920735,37.230658,36.976475,39.176252,39.085267,40.691288,34.176663,40.562707,39.880021,22.744086,0.000000,34.965153,32.931650,24.130002,39.471943,29.732940,29.196840,35.023892,38.117037,35.281185,19.752338,40.634684,30.907459,22.164915,25.528344,28.071293,21.435822,34.075833,35.905263,29.125328,31.415257,26.405356,31.950152,30.109262,35.174775,32.347591,28.676785,22.451278,29.874300,27.783773,39.170260,25.809281,37.212822,26.357858,37.655238,29.346309
WinMart+,43.411002,46.107112,41.653038,43.468551,45.852036,38.846904,42.110199,47.523695,41.869228,40.950329,39.943976,46.504282,39.450188,41.410777,43.408800,39.116601,46.593760,38.347439,31.877002,45.875904,43.833494,47.972051,43.018105,45.783606,37.700488,34.666269,40.957348,43.602648,46.866633,41.874659,39.235194,46.064365,43.351648,36.898287,42.947411,41.251711,36.093163,42.063687,33.881077,43.990537,44.384558,47.501525,39.086212,41.667937,42.759617,36.744428,47.406322,44.436213,35.883782,34.430745,44.025012,36.224245,41.567662,35.670261,41.566035,40.410494,34.409915,41.272872,28.319959,43.167581,45.819402,35.553488,37.075257,37.336723,37.779755,34.481148,39.425478,51.202878,34.015859,43.752270,44.205235,34.028279,43.603519,44.675447,37.997356,35.175383,50.930462,47.171773,33.199519,34.626630,37.656273,33.860206,47.499063,47.274947,39.977145,45.708574,29.994139,41.979202,43.574136,31.240452,31.084086,0.000000,34.425341,30.019291,40.536413,36.431257,35.904836,31.843290,41.400254,30.237870,35.047199,45.243865,36.170803,38.896471,27.040561,35.901593,32.848214,36.659886,35.904398,33.160834,34.689436,39.497170,38.846184,36.260031,39.468498,36.953432,35.224297,30.516729,34.531567,34.522304,40.885642,36.222755,38.410491,33.825869,38.909770,37.602960
Kho bạc Nhà nước Đống Đa,40.013634,41.957882,38.820390,40.152418,41.176025,36.178504,39.421098,42.987834,38.191383,38.098037,36.461316,43.023828,36.378756,38.276825,38.628462,36.863959,42.862759,35.155950,30.663906,42.757468,38.586328,44.602854,40.407827,39.147297,38.953652,32.687242,38.461455,40.741681,42.835078,36.592168,37.255062,43.081595,40.861507,38.379222,40.465299,31.904290,37.335971,39.714618,35.998367,41.628855,30.005530,44.285268,37.197937,39.153061,40.559218,33.021559,44.351248,41.953856,37.646327,35.668788,32.688980,31.855648,39.561005,37.755333,29.256441,38.411846,36.979132,39.241952,32.309926,40.896108,42.691127,37.194685,35.687349,39.469560,34.168448,37.345783,27.689496,47.636827,35.878409,41.566736,42.172933,37.475662,41.288451,41.948748,24.085458,21.932816,47.539105,44.897582,35.767494,36.476427,30.421883,38.795049,34.487369,44.717152,38.695572,42.965059,33.476891,40.329405,37.456770,39.807167,34.547858,39.811458,0.000000,38.350231,39.173590,38.010493,37.578013,27.446230,39.471353,31.319563,35.864765,42.732743,37.467535,36.089973,35.739400,37.833423,37.925194,41.349168,24.269514,34.532041,40.328975,41.757529,40.096960,38.170858,42.097664,37.986966,41.722276,35.223966,36.046543,39.335457,39.954504,39.478531,37.705803,37.631617,38.188828,39.790890
Tịnh Cafe,42.652638,44.793824,41.217580,42.718661,44.411095,38.790878,41.641975,45.912979,41.272859,40.532526,39.678058,45.366342,39.273006,40.958602,42.339616,39.028015,45.376210,38.387838,28.269513,35.094716,42.583508,46.736970,42.469021,43.800424,35.031818,35.335785,34.909338,42.940578,45.527961,40.906779,34.101049,45.127787,42.794419,34.003347,42.430557,40.606340,33.335205,34.224965,30.727519,43.409077,43.101686,46.363737,33.029966,41.280158,42.315293,37.252459,46.333028,43.790360,32.865643,33.607718,42.823125,34.989673,41.268600,32.079628,40.984709,40.216304,30.295067,40.989903,31.393806,42.699570,44.858766,32.068156,37.571633,32.883214,36.657846,29.370613,39.236692,49.678044,33.311849,43.226962,43.687973,32.338769,43.070006,43.940168,36.859363,34.868332,49.490722,36.788113,27.938811,30.850486,36.792692,36.343884,45.728067,46.386408,39.879624,44.876370,30.372672,41.712330,43.105106,28.320010,24.127691,31.599591,34.190786,0.000000,40.390469,32.315487,31.732920,31.899113,41.124830,30.654895,25.439868,44.516238,32.991721,28.197830,26.475130,30.950667,25.788410,32.367993,34.386069,30.626998,33.216360,34.278233,34.805816,32.644228,37.693205,34.249832,29.991041,26.712805,31.601493,32.754401,40.778918,31.864931,38.416839,31.533409,38.891902,34.290922
Trường Mầm non Yên Mỹ,44.352097,45.974086,40.337508,38.416104,45.303435,42.830944,44.965837,39.138037,43.399848,43.589176,44.150085,45.282386,43.309760,36.839536,44.274609,44.271846,38.902930,43.969308,39.708482,44.829795,46.241176,43.576425,42.052667,44.572647,42.155387,43.301046,44.355169,38.391826,39.962745,43.619911,40.267237,43.458610,36.583064,43.479116,37.574664,45.225635,44.302304,41.180285,42.176950,40.335278,46.351028,45.694232,42.644601,38.303305,40.863239,42.453213,45.695599,38.514455,43.444663,42.254320,46.093404,44.735444,25.581388,42.883473,45.172719,37.101777,41.324686,30.765195,44.012997,42.012693,42.163930,42.779591,46.199803,43.498714,44.581360,42.328917,39.693623,48.857747,44.159057,25.135022,37.449227,42.880283,42.519901,41.114327,45.464864,44.237421,26.722282,45.859072,42.778166,41.432872,47.008208,46.281152,47.241632,25.309531,17.426018,41.194083,45.805667,18.578172,37.041764,46.167319,41.902238,46.357056,45.874401,45.484284,0.000000,42.381001,41.070039,45.481622,38.515209,46.521044,42.194539,42.034366,39.352881,42.056078,43.061078,42.636642,42.854320,46.548809,42.499300,39.883048,45.957934,42.082610,43.361973,42.529181,46.004131,42.943520,45.408473,42.742443,41.056808,46.138475,39.296177,44.030131,36.854036,43.087679,37.401546,43.293009
WinMart+,42.039372,37.240838,40.822825,42.106270,43.482966,37.098912,35.031806,44.876370,40.782280,37.551315,39.421319,37.790220,39.072735,40.564196,41.604915,35.304504,44.442188,38.316463,29.940828,36.548251,41.729891,40.959456,37.078597,42.592373,37.362972,30.981226,36.787192,42.385328,44.521761,40.271242,35.190386,39.060612,43.732219,36.512535,44.264088,40.124063,34.360644,35.153743,33.366076,41.562561,42.216029,40.742343,33.708606,40.926526,38.039097,37.399105,41.001837,45.768949,29.356636,34.407669,41.985896,37.419466,37.048537,35.146876,40.518105,40.015759,33.757442,39.287941,32.863414,40.063921,44.093655,32.706630,37.688972,36.748867,38.926619,33.676745,37.245410,44.744226,35.042627,38.628440,43.924069,36.609720,42.595762,43.328767,39.071695,38.783030,44.892012,38.153422,26.036101,30.730979,40.141547,35.829351,42.097122,41.966058,41.083968,44.192360,36.681155,43.351504,42.687278,33.903286,27.526233,36.587183,38.331359,32.052622,41.723803,0.000000,31.183631,37.346993,44.727408,36.015518,27.732262,47.755918,33.205410,26.625962,34.687015,29.328582,30.042735,39.658884,39.085675,29.975808,37.597744,30.351944,36.589637,32.624041,41.537265,34.961186,38.435550,30.839628,31.152663,33.451135,43.066832,33.635254,40.389865,32.270482,40.864899,33.444719
5050 Rooftop Cafe & Pub,33.339473,33.558333,40.064502,41.154513,42.170661,33.270099,31.851583,43.475771,39.879638,33.047234,38.663750,33.537659,38.355720,39.765316,40.444793,31.225336,43.232919,37.647568,24.114161,32.158399,40.472010,37.045229,33.591992,41.060964,26.018866,24.810963,31.710612,41.505642,43.247807,39.093785,31.200845,35.614545,42.723433,24.400922,43.223044,39.116039,29.409468,31.653797,33.430695,35.348336,40.957599,36.974730,29.845929,40.224350,35.133470,36.761864,37.387388,44.437531,24.305168,30.777359,40.760149,36.870879,34.312235,34.872566,39.590086,39.474832,33.749404,38.811618,33.024808,37.217301,43.044573,26.429956,36.882746,36.047007,38.119690,33.684942,36.818296,40.857037,28.085991,35.811486,42.971497,35.883987,41.844903,42.424578,38.248728,37.935815,41.222923,34.958442,28.698553,23.235772,38.754275,35.393754,40.935816,38.866910,40.559312,43.231677,36.076236,42.593334,42.000953,33.854852,29.123985,36.006563,37.540623,32.455881,41.126625,28.567300,0.000000,36.733633,43.839176,35.604112,29.337348,46.496311,24.980585,28.617580,34.477204,30.876762,31.107221,38.433030,38.342955,25.055021,36.766950,31.134033,35.726806,32.930401,39.972741,27.510896,37.363095,31.379860,31.620483,33.499399,42.654960,33.659322,40.139405,32.528500,40.590235,33.492996
Thuế cơ sở 4 thành phố Hà Nội,40.139220,42.067911,38.934373,40.274734,41.310645,36.352743,39.526657,43.090648,38.357970,38.240298,36.643814,43.105695,36.569101,38.414885,38.818995,36.998085,42.957599,35.386492,30.842237,42.839345,38.793442,44.668479,40.497518,39.370053,39.087943,32.898228,38.578739,40.839602,42.937786,36.879565,37.364749,43.155387,40.951398,38.521453,40.555198,34.060191,37.453892,39.800718,36.172638,41.702622,39.613606,44.351380,37.315779,39.258994,40.640925,33.345387,44.417297,42.027733,37.800735,35.774880,33.055693,32.252002,39.634539,37.925940,36.285133,38.509451,37.190066,39.323449,31.754246,40.965882,42.772971,37.341063,36.037617,39.656342,34.556693,37.583446,33.607223,47.675301,36.042765,41.632311,42.230428,37.745748,41.370075,42.022340,34.903226,31.089256,47.585429,44.939302,35.970264,36.630805,31.592360,39.138215,39.065555,44.766738,38.761175,43.038675,28.205304,40.390939,39.943435,40.061935,34.798928,34.113526,29.717260,33.513549,39.231237,38.166961,37.734979,0.000000,39.552964,25.613016,34.919778,42.798275,37.600612,37.771637,29.501425,38.014787,33.269167,33.873362,23.116382,34.649231,34.615698,38.192288,40.238252,35.861603,40.209275,38.103950,39.867943,31.277624,36.176751,36.605835,39.995967,37.441553,37.747166,35.421260,38.222151,38.278616
Trường Trung học cơ sở Lĩnh Nam,50.282371,53.790146,45.443806,38.319415,41.664621,47.661982,53.964119,39.912807,39.302496,49.448608,39.660642,53.372017,40.229727,35.949364,40.300335,49.845156,39.465083,40.499241,36.115067,51.804603,42.716353,50.362847,47.717128,41.536031,46.289812,39.685700,49.970424,34.883021,39.095807,40.203577,44.393550,49.667244,43.123123,48.036680,44.148449,39.446089,49.580212,45.654962,40.235551,45.400776,39.228077,52.252730,46.884144,32.804323,45.240355,38.865943,51.795326,47.687420,47.588062,45.807613,40.284074,38.022772,43.926007,46.640387,38.053607,26.344137,39.295209,38.795999,35.873754,45.977165,35.878648,46.353385,41.316784,47.154141,39.199961,45.362047,39.889402,55.650362,48.290848,45.317391,33.947799,41.020870,36.352960,31.566842,39.945064,38.933598,54.853738,49.824145,45.610405,43.927082,42.740671,41.864079,42.131644,50.717006,37.437202,28.810931,41.258879,40.460366,19.950685,41.911462,39.798413,42.024538,41.600496,41.222036,38.173598,44.872321,43.388888,41.119104,0.000000,42.334833,39.912065,30.118353,41.130050,44.583517,40.131667,45.343381,45.519089,42.428386,37.391526,41.483144,41.910743,44.390871,46.008773,44.961096,43.095339,44.958570,42.882524,44.960279,42.829093,42.199274,35.988464,46.551174,33.679487,41.038622,34.257221,45.482943
WinMart+,43.674991,46.093652,42.055315,43.725849,45.863926,39.636581,42.447925,47.350675,42.352587,41.465847,40.685378,46.462883,40.263964,41.885920,43.771057,39.736898,46.536759,39.419302,33.127107,45.882943,44.179728,47.817606,43.251194,45.823151,38.788265,35.940134,41.384818,43.811514,46.777128,42.696672,39.750226,46.063369,43.552448,38.147365,43.180494,42.000963,37.124547,42.345085,35.557915,44.126773,44.617713,47.379633,39.609472,42.022153,42.976714,38.502279,47.300516,44.548217,37.287008,35.373920,35.233657,34.529329,41.857615,37.339631,37.933909,40.798100,36.458434,41.587741,31.966183,43.351843,45.834510,36.851581,39.299537,39.110761,36.899398,36.917173,35.213966,50.806259,35.582941,43.896736,44.309406,36.938067,43.772794,44.779812,37.189821,34.238794,50.574017,47.106217,35.207679,36.069969,37.526119,38.109799,40.788210,47.193222,40.242557,45.732186,27.097932,42.171469,43.719469,39.418467,33.778586,36.060864,33.174065,34.510614,40.785633,37.821544,37.362847,26.695473,41.691083,0.000000,36.038273,45.300407,37.316432,39.397778,29.184748,37.579578,33.976167,35.791218,32.368991,34.256877,36.134611,39.966225,40.039189,36.815293,42.644708,37.904840,42.074560,31.485807,40.267166,38.166998,41.046353,38.762236,38.603776,36.188647,39.086756,39.450772
WinMart+,42.440452,44.147370,41.240338,42.491558,43.758032,39.256769,41.608171,45.034559,41.288108,36.718208,40.007718,36.997092,39.675386,41.029803,42.096653,35.084809,44.721810,39.023756,27.816610,36.021464,42.300036,39.633455,36.543762,43.152108,34.216474,28.721058,35.928810,42.713107,44.816918,41.034539,34.941142,38.186156,42.615335,33.155547,42.291838,40.782365,34.366147,34.989848,29.952244,43.157370,42.721102,39.496974,33.859325,41.294877,37.439319,38.340158,39.756447,43.700041,32.033374,34.405176,38.523237,38.215440,36.626607,31.134542,41.063938,40.361267,29.325899,41.037913,34.184247,39.102519,44.356849,33.309349,38.732139,31.679983,39.698423,28.233767,37.772461,42.795037,34.604978,37.955404,42.443602,31.045986,42.867234,43.591783,39.826477,35.141195,42.977117,37.488421,29.462402,32.107686,41.165878,38.076234,38.948641,40.743771,40.273329,44.422936,34.214618,42.138897,42.918598,22.632317,23.343933,35.258269,34.624854,24.285088,40.800099,33.143974,32.531756,35.197047,41.156390,35.674118,0.000000,44.135823,33.621860,26.498863,24.976643,31.879960,21.012127,33.996215,36.119302,31.068862,33.243253,26.978604,35.755332,27.082626,38.279874,34.821972,29.730377,21.906849,32.148250,27.698934,40.809024,25.970195,38.568350,26.594843,39.019036,30.285714
WinMart+,46.821562,50.996068,42.047739,35.591584,39.066860,36.168740,51.017664,37.793952,36.113683,46.062285,36.776172,50.120344,37.205751,32.914603,37.195017,46.135336,37.329323,37.312554,32.519352,48.065079,39.500846,46.553869,43.670303,38.178796,42.308265,36.267872,46.388278,32.516140,37.105611,36.702056,40.638177,45.627014,40.253628,43.925554,41.135557,36.078144,45.560350,41.745306,36.520387,41.348853,35.844419,48.266182,42.704929,30.289140,40.720238,35.108546,47.608547,45.825274,42.964454,41.344188,36.736346,34.312236,39.238512,42.043689,34.333022,23.053160,35.287105,35.800236,32.017831,41.718747,34.478929,41.754953,37.575271,42.479885,35.164091,40.855036,39.866116,51.309988,43.966676,40.536223,30.967613,36.943197,35.134800,30.050634,36.019896,34.887698,50.325152,44.854700,40.742019,39.163169,38.625371,37.741697,38.261482,45.667515,33.598172,27.836915,37.185071,37.323269,21.376377,37.658731,35.377118,37.910060,37.248435,36.972601,34.514502,40.222688,38.793073,36.780477,23.262251,38.122589,35.614275,0.000000,36.574107,39.858046,35.897521,40.564661,40.661299,38.180381,33.052847,36.714290,37.571475,39.589051,41.151043,40.070497,38.624370,40.015649,38.433517,40.008891,37.834303,37.717536,31.812654,37.354320,29.333066,36.463825,29.951242,40.449879
Cửa Hàng Tiện Lợi BV Mart,34.356395,34.711625,34.118131,40.813701,41.669959,34.480847,32.967118,42.865946,39.629074,34.459307,38.534698,34.854193,35.624334,39.546716,40.105975,32.663147,42.707280,37.624113,25.491642,33.613164,40.108873,38.054600,34.699721,40.585173,27.692949,26.220070,33.337801,41.174287,42.698615,38.868665,32.614684,36.584606,42.295107,26.269520,42.762378,38.923474,31.276282,32.883062,25.919983,36.165651,40.554800,37.952528,31.325926,39.999361,35.991656,36.860898,36.518411,43.823928,26.788590,32.112659,40.382254,36.937869,35.163245,27.600642,39.365823,39.332415,34.358127,38.717855,33.650032,38.372780,42.585409,29.065759,36.974303,36.300313,38.041615,34.390229,36.877690,41.326360,30.652611,36.613990,42.553316,36.177698,41.532577,42.039180,38.154864,37.874345,41.668123,35.873961,30.745431,22.881053,38.555608,35.720387,40.567158,39.983351,40.368240,42.806167,36.289864,42.256552,41.713718,34.641919,30.663288,36.236413,37.536377,33.340163,40.903486,31.856936,24.058350,36.834535,43.422723,35.858419,30.892148,45.855705,0.000000,30.373564,34.973969,32.430629,32.403348,38.291633,38.250246,23.127828,36.884210,32.202695,30.743534,25.719975,39.605277,26.772011,37.348186,32.232548,28.077736,34.029176,42.456375,34.245499,40.046798,33.187867,40.481264,34.030777
Đảng uỷ - HĐND - UBND phường Thanh Xuân,39.559734,35.332479,38.619114,39.660843,40.462889,35.117921,33.459465,41.922546,38.146566,35.192862,36.834474,35.556194,36.487012,38.183533,38.495178,33.276030,41.829065,35.585326,28.436258,34.307099,38.375885,38.788958,35.272721,38.780396,34.632682,29.316421,34.106798,40.190327,41.780074,36.595392,33.211303,37.205977,41.795183,33.669479,42.335068,36.964716,31.953692,33.415416,30.717248,39.860672,38.998684,38.662479,31.858245,38.918485,36.508177,34.224180,39.002682,43.493453,27.248523,32.645126,38.794360,34.712132,35.631372,31.907880,37.744594,38.331882,30.341791,37.911028,30.149694,38.381142,41.778917,29.775644,33.919585,32.566435,35.928372,29.611153,35.105037,42.471486,31.534745,37.122439,42.125844,32.099083,40.749994,41.232432,36.074329,35.551746,42.748631,36.495175,22.551068,27.921968,35.709722,32.309813,39.124355,40.225543,39.844041,42.104304,33.024711,41.869805,41.027889,28.876495,24.709824,36.470441,35.076603,28.591277,40.403568,28.762038,27.913587,34.261842,43.140406,36.640632,24.030042,45.815431,30.710048,0.000000,31.023653,25.570616,25.679334,35.897616,36.701317,28.514784,33.844983,26.969814,32.094912,18.149206,37.750033,32.681964,34.318493,28.193547,29.207081,30.795736,42.246705,30.391306,39.756406,29.663536,40.215093,30.773780
Starbucks,43.609574,45.678890,42.192481,43.653001,45.434192,40.130509,42.528317,46.735601,42.474816,41.693685,41.066175,46.074603,40.717734,42.063941,43.675955,37.329934,46.117720,40.066897,34.276745,38.340352,44.003378,47.308261,43.243704,45.268173,33.601169,36.968107,38.537878,43.739701,46.302312,42.819576,37.206828,45.765127,43.513309,32.605491,43.181951,42.229257,37.080488,36.978656,29.717518,44.039398,44.377467,46.936841,36.114619,42.145407,42.994772,39.530323,46.882164,44.420958,34.169457,36.499901,39.511871,39.188179,41.973203,30.730219,42.310286,41.010893,29.123866,41.727772,34.585767,43.339009,45.546068,36.727530,40.360132,31.122745,40.969854,28.212249,38.519805,50.033660,38.107147,43.834961,43.844102,30.575423,43.719145,44.621047,41.114655,39.632539,49.866485,39.148403,34.124818,35.769265,43.619032,39.655321,43.018065,46.848797,41.392671,45.492962,34.790277,43.361214,43.674506,24.280002,24.120761,36.673205,39.165546,31.300281,41.952014,37.263187,36.667116,36.011709,41.816527,37.009362,23.505693,45.120714,36.765178,33.635409,0.000000,36.802507,23.324768,35.087607,36.958910,33.417306,31.851976,34.163919,39.993838,31.847250,39.828023,37.522765,26.970423,24.014972,37.933660,25.150513,41.124215,30.624488,38.762992,30.404858,39.229777,34.233565
WinMart+,40.036207,35.702796,39.103637,40.129256,40.962046,35.521773,33.911639,42.316171,38.743875,35.653071,37.512350,35.968027,37.197048,38.724467,39.148812,33.849000,42.192651,36.400166,29.444963,34.831833,39.086053,38.966841,35.636121,39.538810,35.528049,30.324772,34.693154,40.586020,42.167761,37.531237,33.776072,37.448357,41.803664,34.693808,42.319355,37.755404,32.760355,33.907731,32.007708,39.949782,39.636272,38.840379,32.519803,39.346413,36.750519,35.289096,39.148307,43.413230,28.644305,33.201978,39.447968,35.599694,35.905967,33.263266,38.398361,38.719463,31.979399,38.064583,31.545388,41.485455,42.110036,31.058305,35.169539,34.115282,36.775696,31.610434,35.795212,42.439805,32.635945,37.332461,42.118043,33.808491,41.064926,41.563503,36.913442,36.495728,42.708895,39.624858,26.100115,23.575006,36.903434,33.697080,39.713365,40.298430,39.916938,42.395027,34.363508,41.870280,41.302463,31.360470,27.162447,34.326479,36.077032,30.542847,40.460355,23.590576,21.942550,35.302557,43.100236,34.117665,27.296120,45.654101,28.865629,26.490314,32.644477,0.000000,28.856257,36.663781,37.145230,26.740883,34.965937,21.225946,29.671796,17.625272,38.216746,32.030149,35.405257,29.911003,27.101968,32.086144,42.238740,31.980017,39.796830,31.115416,40.247455,32.080073
WinMart+,43.553673,45.413191,42.257599,43.597253,45.160797,40.405508,34.702329,46.349534,42.524105,36.593565,41.260482,36.847199,40.952386,42.145019,43.588430,34.832355,45.844498,40.398170,28.073494,35.815902,43.875117,39.612157,36.394413,44.946732,33.601829,37.557272,35.748628,43.683630,45.996781,42.844411,34.743026,38.109690,43.481416,32.662456,43.166192,42.326620,34.025920,34.770294,29.959810,40.425570,44.208633,39.469316,33.559692,42.210263,37.347378,40.014631,39.745002,43.840578,30.362359,34.145439,39.915514,39.640223,36.510937,30.924084,42.383230,41.140205,29.462892,41.808675,35.852409,39.083025,45.352810,32.792184,40.795989,31.316608,41.228314,28.673960,38.930946,42.915288,34.247841,37.880762,42.521077,30.833752,43.670906,44.500207,41.348878,40.084508,43.143438,37.398552,28.342123,31.462680,43.498533,40.268515,43.010469,40.766015,40.271568,45.315632,36.346727,42.216725,43.642368,25.707515,24.967954,38.366320,39.698137,34.291937,40.814941,32.561521,31.891331,37.318525,41.889260,38.404098,21.731835,44.983515,33.231780,24.257410,27.688095,31.012929,0.000000,37.601270,37.886794,30.611186,33.666702,23.144329,35.400715,24.742426,38.660601,34.571139,27.954046,19.965440,34.158897,27.900306,41.188744,24.109409,38.875924,25.122371,39.334644,28.885978
WinMart+,44.199314,46.635082,42.548397,44.234842,46.494916,40.285370,42.900308,47.885196,42.984365,42.042223,41.374124,46.898588,40.977401,42.452164,44.507872,40.265115,46.998101,40.245769,33.720920,46.295113,44.996533,48.196762,43.664170,46.720643,39.381503,36.662864,41.073536,44.249005,47.263279,43.756270,39.457353,46.443875,43.933849,38.797491,43.578275,42.867569,39.790358,42.728017,36.297490,44.476045,45.354516,47.760740,38.429484,42.460969,43.326469,39.628190,47.657645,44.906000,37.969638,38.654147,45.051844,38.721385,42.208006,38.143493,42.827510,41.172994,37.383663,41.954450,33.400892,43.695028,46.248880,40.099638,40.756367,40.035512,40.809409,38.010492,38.140319,51.123598,41.455513,44.215152,44.603512,38.202395,44.123514,45.162610,40.978650,39.189975,50.875753,40.810893,38.731167,39.391564,44.233089,39.858030,47.913058,47.495254,40.490062,46.099059,33.154511,42.427146,44.022329,33.699385,34.842767,38.357790,38.601919,33.720095,41.033436,41.180865,40.633066,34.851229,42.035292,34.577605,35.803872,45.646224,39.865470,40.255243,25.275781,41.427645,33.016968,0.000000,35.741649,35.918311,35.820933,41.049647,43.843259,36.847387,41.101861,40.194558,40.404344,34.369799,40.774287,33.078335,41.206236,36.028288,38.756149,32.849722,39.239090,37.853088
Phường Ô Chợ Dừa,36.070619,37.587227,35.362459,36.303178,36.389820,35.116193,36.247966,38.353211,34.002051,37.656280,31.871862,39.228884,35.697211,34.224096,33.684638,37.018286,38.728701,34.367031,32.687494,39.288779,32.622185,40.972620,37.344477,37.071984,37.590099,32.504784,37.965047,38.870942,37.996702,35.214527,36.963740,39.756902,37.570642,37.056564,37.158408,32.220149,36.378775,36.741405,35.111705,38.843996,30.439880,40.634695,36.928158,38.764079,37.903257,32.751964,40.848941,38.631765,36.597162,35.511795,30.140773,31.980809,37.049681,36.501199,29.941646,35.570742,35.787585,36.392201,31.210907,38.076087,38.758916,36.178827,34.433859,37.551653,28.780705,35.819343,28.231599,43.782456,34.991824,38.947185,39.423978,35.786867,38.201444,38.441894,25.399634,27.152441,43.888160,42.057757,34.890956,35.559801,31.499424,36.278238,31.049306,41.811858,36.697653,39.471779,28.772443,37.916532,37.483706,37.275209,33.994767,32.455137,25.028758,32.280361,36.986023,36.638480,36.310440,24.471859,38.939073,27.710407,33.908130,39.488862,36.390680,36.321177,29.650511,36.410609,32.611678,32.191336,0.000000,34.054147,33.486608,36.626481,38.253800,34.907386,36.110527,36.905304,35.997982,31.030568,38.157438,33.159676,39.474542,34.470734,37.316653,32.994279,37.791007,35.712935
Chợ Xanh Văn Quán,39.229841,32.436067,38.515258,39.307203,39.740907,32.263072,31.289587,40.851422,38.147723,31.942216,37.181989,32.402657,36.912713,38.183844,38.353721,30.730068,40.967244,36.311459,30.840462,31.379195,38.303861,42.145288,32.586248,38.559197,35.656918,31.566289,30.855078,39.762770,40.901772,37.111581,28.870732,39.722788,40.754407,35.039960,41.197521,37.319503,29.446836,29.424978,33.119831,42.046737,38.756657,34.259009,30.326662,38.764986,37.661655,35.498206,34.687733,41.976811,26.248168,30.612752,38.608922,35.712043,36.857494,34.093516,37.857349,38.299131,33.293531,37.749206,32.835400,36.203527,41.004233,30.920667,35.392973,34.767880,36.597574,33.121921,35.757186,39.297894,28.542167,37.258740,41.084034,34.544968,40.272785,40.618104,36.694451,36.373528,39.806394,33.558546,30.341514,24.041939,36.605833,34.421544,38.814190,38.409262,34.865582,41.328416,34.855295,35.396249,40.542281,33.238041,30.339815,34.787397,36.067454,32.406531,35.175468,30.744140,30.071260,35.502434,42.041070,39.596666,30.501279,44.077705,23.891449,30.019168,36.953295,31.467114,31.567984,39.477345,39.224233,0.000000,38.414088,34.123885,24.425823,31.589920,37.455102,19.637939,35.502112,31.610407,25.913898,33.153619,41.686405,33.211271,39.502796,32.483493,39.913085,33.091020
Noble Moment,43.973511,45.936074,42.597180,44.009480,45.740197,40.745258,42.900793,46.929130,42.952586,42.171594,41.656668,39.897322,41.340477,42.517177,44.137676,38.145858,46.321348,40.810370,35.092751,39.132277,44.480881,47.430812,43.559706,45.681329,35.682215,37.800021,39.400712,44.047743,46.505790,43.498500,38.015230,45.952181,43.797118,34.888097,43.481882,42.859705,38.057365,37.713688,32.338927,44.282795,44.798269,47.067377,36.970480,42.517764,43.270285,40.499288,47.012630,44.656214,35.445005,37.283273,40.311350,40.036174,42.288928,33.570288,42.835840,41.374892,32.399279,42.059523,36.135358,43.590263,45.757042,37.962473,41.433472,34.430290,41.721122,32.105531,39.232820,50.019014,39.274828,44.070069,44.208285,34.163582,43.970281,44.856093,41.841580,40.553012,49.859820,39.705904,35.932371,37.125145,44.394234,40.938464,43.494862,46.962946,41.732519,45.679556,36.742365,43.676755,43.901310,31.707506,28.461553,39.179882,40.150447,34.647229,42.291745,38.663092,38.118463,37.786964,42.124038,39.116190,32.174957,45.315135,37.896191,36.279898,28.806892,38.489971,27.993626,33.986668,38.299177,34.410022,0.000000,36.880825,41.253596,33.912113,28.837216,38.467874,25.667209,21.620298,38.926754,22.409453,43.311877,29.472181,40.676339,29.470065,41.126956,34.123427
WinMart+,44.861159,46.710886,43.525142,44.872825,46.611405,41.970829,36.058888,47.654358,44.025294,38.418376,42.890594,38.566766,42.614448,43.542227,45.250371,36.534525,46.991128,42.253835,31.446655,37.608039,45.634431,41.162504,37.839779,46.810369,37.826764,39.300261,37.813344,44.814667,47.199794,44.966571,36.412434,39.514810,43.563669,37.177994,44.039020,44.198694,36.066762,36.246940,34.758181,41.653230,45.855301,40.970739,35.197431,43.365352,38.550728,42.298171,41.181909,45.318174,32.581693,35.686885,41.843740,41.641654,37.657763,36.272772,43.989889,42.174200,35.375863,42.802325,38.603956,40.333814,46.402891,35.365905,43.408991,37.624523,43.205845,35.592933,40.578757,44.416266,37.010860,39.051941,43.748891,37.582133,44.616345,45.518286,43.293874,42.263442,44.564145,38.690173,31.657999,34.149449,46.071965,43.164589,44.591946,42.009780,41.192496,46.269117,39.701977,43.250016,44.482826,35.852857,31.341957,42.671202,41.957655,38.945393,41.775999,35.771925,35.051513,40.554034,42.826657,42.228754,31.860951,45.888781,35.605798,29.391123,35.531555,34.809913,27.074978,42.726850,40.542784,32.209079,39.844376,0.000000,38.961827,21.778068,42.935918,36.640984,36.352215,27.299395,32.716651,32.506174,43.022356,30.311510,40.475488,29.349765,40.926119,30.855175
Co.opmart,41.207008,37.204891,40.234405,41.276216,42.239261,37.095631,35.389353,43.463512,40.100390,37.444163,38.973559,37.647414,38.690331,39.976463,40.658180,35.680604,43.226787,38.062708,31.204819,36.672503,40.692413,40.267187,37.081566,41.257726,37.303235,32.100052,36.779487,41.596055,43.250156,39.468096,35.582968,38.732531,42.749171,36.646356,43.224537,39.450265,35.059454,35.513653,34.290878,40.927418,41.129795,40.108099,34.415791,40.372394,37.905492,37.330766,41.045117,44.374697,31.638101,37.816304,40.949197,37.351147,42.144336,35.684213,39.851731,39.648467,34.771195,39.009710,33.966236,43.696036,43.055252,34.140247,37.524746,36.874722,38.527345,34.875938,37.210333,46.262972,35.653730,42.521717,42.982641,36.776368,41.905248,42.460332,38.640584,38.384223,46.104351,41.650541,31.021049,25.858289,39.234897,36.197931,41.101403,43.841497,40.660323,43.235339,36.807702,42.613412,42.045867,35.232214,30.866188,36.738040,38.038019,33.720707,41.211643,32.540488,31.208291,37.295867,43.819582,36.287454,31.119372,46.357262,28.133488,30.568396,35.435175,32.867427,32.767671,38.930220,38.695475,25.588479,37.450229,41.379520,0.000000,25.487314,40.300251,33.394197,38.013727,32.467836,25.505730,34.353264,42.659712,34.642154,40.201544,33.471543,40.644120,34.346671
WinMart+,42.990102,36.211558,41.960745,43.026513,44.145934,36.112673,34.655083,45.150613,42.115556,36.300391,41.109708,36.542169,40.866321,41.848066,42.874149,34.753801,44.855280,40.440675,30.817485,35.615627,43.046720,39.056859,36.177795,43.764384,36.190964,38.171712,35.512329,43.160833,44.942917,42.209307,34.674965,37.731863,41.546819,35.533775,42.014137,41.893043,34.043576,34.707296,33.395762,39.910596,43.347337,38.938422,33.633666,41.945350,37.082231,40.169269,39.205963,42.938553,30.968351,34.146588,40.070224,39.875407,36.318249,34.530561,41.989252,41.060405,33.641805,41.640157,37.200513,41.236970,44.547417,33.035128,40.724895,35.366313,41.068155,33.558596,39.249096,42.078220,34.210838,37.583225,41.852462,35.204051,43.228085,43.888016,41.156482,40.222730,42.323060,39.617580,30.189934,28.092148,42.532272,40.374517,42.471586,40.226552,39.885373,44.590427,37.758774,41.661565,43.239710,34.715761,30.220443,39.280872,39.933025,36.832771,40.380337,30.758614,29.851638,38.408294,41.712570,39.229895,31.989768,45.032577,32.131979,30.548122,34.220542,17.573822,29.590275,38.949970,38.678415,29.450691,36.982189,25.497420,34.446678,0.000000,39.437248,33.914670,34.752692,28.710157,33.054646,32.416753,42.101449,30.931744,39.788573,30.139480,40.215021,31.192735
9.0cafe,44.579599,46.857757,43.017816,44.607688,46.750465,41.013272,43.313218,48.023421,43.518872,42.593056,42.077757,47.069867,41.721358,42.970052,45.002233,40.879985,47.169781,41.142674,34.730623,46.490497,45.482372,48.279100,44.004477,47.061639,40.100913,37.688479,41.279907,44.573302,47.434803,44.516081,39.733461,46.622984,44.233907,39.613479,43.902524,43.578885,40.098466,43.092633,37.379389,44.727617,45.767457,47.859200,38.769686,42.873763,43.634343,40.871523,47.764088,45.141388,38.882413,38.961900,39.925759,39.585639,42.556081,39.177142,41.408990,41.593534,38.602732,42.318536,35.595874,43.970684,46.443843,40.447641,42.144343,41.044861,41.576920,39.365904,38.814648,51.028523,41.677121,44.466441,44.814440,39.711171,44.390816,45.405763,41.721807,40.142800,50.796743,40.965249,39.312946,39.820099,45.081029,41.592894,43.681749,47.593331,40.789604,46.285691,36.187170,42.678290,44.265291,35.708276,36.424861,40.358200,39.643352,36.398027,41.324808,41.458227,40.983761,37.537989,42.375091,38.375779,37.345056,45.840604,40.216456,40.830649,29.686717,41.727443,34.936807,44.033562,35.960392,36.419202,35.418687,41.521864,43.872858,37.662688,0.000000,40.472712,36.390369,31.790649,41.025343,24.676327,43.716640,32.344024,40.927691,29.188815,41.394459,35.765747
The Coffee House,41.506216,37.762261,40.565904,41.567474,42.515004,37.677196,36.003062,43.650689,40.488557,38.082129,39.442275,38.245021,39.183246,40.348188,41.054482,36.415185,43.413390,38.628082,32.076601,37.366875,41.120751,47.278922,37.622654,41.670021,37.949149,32.947454,37.529152,41.846773,43.436696,40.041492,36.309334,44.477307,42.943425,37.372830,43.394597,39.959131,35.987423,36.167542,35.243076,41.194226,41.509624,38.907092,35.682337,40.671447,41.948297,38.057290,39.876312,44.496372,32.993817,36.260426,41.337092,37.988958,41.233001,36.620452,40.279853,39.939363,35.876772,39.324813,34.991165,42.487649,43.233312,35.382878,38.323662,37.835109,39.100634,36.126071,37.743117,45.304432,36.757288,41.634631,43.152554,37.809038,42.107397,42.654427,39.205766,39.005865,45.242690,40.175150,33.086379,26.447472,39.929051,37.125902,41.456940,42.986785,40.870574,43.389078,37.679184,38.638997,42.223769,36.635971,32.528477,37.601361,38.699955,35.019498,41.413845,35.436809,34.376849,38.006181,43.932944,43.084559,32.813352,46.381764,28.891743,32.390809,40.539505,34.714144,34.372772,43.421354,41.915157,20.145280,42.207794,38.179746,26.697145,35.099035,40.857164,0.000000,38.845742,33.621319,27.708183,35.297294,42.756949,35.707118,40.322945,34.496310,40.757461,35.298596
Cục Tần số vô tuyến điện,45.604657,47.696949,44.091195,45.616476,47.702270,42.481016,44.298000,48.780701,44.785330,43.818792,43.545732,47.796465,43.245498,44.164578,46.284536,42.138230,47.920423,42.900792,36.481672,39.617811,46.813529,48.852424,44.876290,48.319963,36.329314,39.527562,39.986796,45.453237,48.201611,46.250465,38.501530,47.301246,45.041213,35.607685,44.750153,45.168041,38.640048,38.159241,33.203408,45.446181,46.985942,48.448663,37.488523,43.858560,44.417462,43.106066,48.337409,45.859899,36.204649,37.768821,41.958224,41.723570,43.387617,34.466970,43.039066,42.521965,33.441080,43.182393,38.838948,44.705074,47.170434,38.681842,44.603795,35.431797,43.553815,33.329431,40.515958,51.351823,40.012955,45.160854,44.669692,42.243250,45.133681,46.156690,43.658097,42.466295,51.120097,40.054384,36.958215,37.917121,47.363646,44.440077,45.093396,48.094092,42.129311,46.947849,40.243529,44.090020,44.935534,33.797546,29.906646,42.092202,42.112025,36.438885,42.696636,39.528438,39.009089,41.273069,43.190671,42.834927,34.507051,46.494909,38.581719,37.711621,32.315714,39.454762,30.389823,44.582574,39.285041,35.008475,32.815062,38.341243,42.028962,35.083129,44.195046,39.095152,0.000000,15.641677,39.525707,20.064015,44.104639,27.046613,41.331790,27.664949,41.790489,33.017059
Everything Coffee 'N Bagel,44.265725,45.945915,43.050841,44.285992,45.774852,41.530382,44.443337,46.787127,43.431368,38.042671,42.352918,38.204948,42.093307,43.018928,44.463772,36.359341,46.275982,41.716030,31.729880,37.318708,44.765702,40.614896,37.582488,45.749057,37.514417,39.035810,37.418869,44.291368,46.436106,44.041146,36.253431,39.136569,43.774489,36.921744,44.217588,43.450660,35.915196,36.119472,34.759566,41.952690,45.010002,40.455831,35.158609,42.938667,38.293303,41.654372,40.674988,45.440330,32.880979,35.599271,40.910081,40.699177,37.464769,36.088219,41.901483,41.860052,35.296176,42.464015,38.298446,39.940308,45.790794,35.286248,42.540104,37.214228,42.109735,35.464172,39.860068,43.651835,36.631544,38.762081,43.935137,37.156212,44.189234,44.994410,42.206125,41.183638,43.824003,38.400727,32.271737,34.255105,44.291379,42.254599,43.561385,41.518333,41.435265,45.721014,39.195171,43.428676,44.104003,34.676418,31.883041,40.116867,40.869690,36.446818,42.010768,35.545636,34.970473,39.949898,42.504259,40.770668,23.700716,45.396588,35.469597,30.928396,34.056952,34.789307,27.414259,40.729447,38.622940,32.467758,34.886803,29.048703,38.153296,28.495084,39.637506,36.389419,32.447294,0.000000,35.564369,27.224613,43.127418,24.812427,40.628912,25.188335,41.063423,27.148374
Starbucks,43.662582,33.981896,42.743991,43.721140,44.588265,33.877326,32.879782,45.419746,42.911113,33.754799,42.084435,34.193910,41.834298,42.701777,43.580741,32.559441,45.264266,41.574952,29.468709,33.306815,43.900255,36.634515,34.158895,44.448480,33.731365,39.546968,32.874565,43.770895,45.331727,43.284647,32.461785,42.810916,39.212193,33.066803,39.663245,42.887076,31.645525,32.740190,31.188053,37.825549,44.141925,38.128581,35.344583,42.675336,40.773506,41.593017,38.847578,40.272824,28.957028,35.869322,41.272216,41.210469,40.146944,31.994863,42.920944,41.798571,31.090236,42.305682,39.197315,40.625554,45.002823,30.475620,42.045978,32.378963,42.257741,30.626572,40.289626,42.989078,31.229855,40.482739,39.612381,31.987217,43.754804,44.382408,42.310353,41.596774,43.081839,38.838284,27.718250,24.628890,43.607229,41.904180,43.185283,41.584013,38.242212,45.003435,39.801010,37.993679,43.717101,37.839387,28.118640,41.324022,41.366773,39.439547,38.647999,27.134684,26.552378,40.418478,42.342676,41.151924,36.457534,42.554687,24.762184,35.654187,38.001316,31.773591,35.568812,41.239590,40.436987,27.999227,39.882930,34.326836,20.887137,30.458513,41.426371,30.363904,38.207770,32.950988,0.000000,35.698320,40.889153,35.095714,38.842828,33.973720,39.253060,34.691945
Chợ Trung Kính,42.878502,44.576788,41.671816,42.923406,44.253774,39.822103,42.006583,45.450173,41.811340,41.147989,40.587633,45.094011,40.288124,41.518124,42.696335,39.873592,45.090907,39.700785,34.690558,37.076573,42.911252,46.262375,42.681501,43.814622,33.580791,37.092512,37.059662,43.088997,45.194434,41.799465,36.109965,44.928798,42.951225,32.761803,42.644076,41.458904,35.842419,36.046695,30.429565,43.460993,43.291951,45.956130,35.198692,41.687733,42.520823,39.194422,45.949630,43.794379,33.316346,35.582946,38.732894,38.432503,41.603813,31.296686,40.037634,40.721728,30.101582,41.382222,35.273383,42.842392,44.693283,35.318312,39.741221,31.673014,39.899052,29.512872,37.967506,48.779101,36.336851,43.304035,43.167860,38.239870,43.171655,43.920389,40.027868,38.723009,48.651212,38.109746,32.989065,34.480390,41.444303,39.189637,41.787384,46.043659,41.006930,44.727598,35.578229,42.803284,43.191172,27.885771,26.549892,35.549736,38.312089,30.072344,41.517911,35.444688,34.998926,36.480762,41.470240,36.714641,27.820793,44.434739,35.408887,32.217786,24.717933,34.890385,25.215294,34.255349,35.555703,32.853661,21.425111,32.102012,37.509335,30.908782,30.608595,36.189977,22.209602,25.213980,36.224058,0.000000,43.157548,22.334680,40.594591,23.404718,41.037169,29.232274
Trường Mầm non Kim Lan,43.597894,44.173751,41.754193,39.074438,40.097243,42.802126,44.116239,39.374090,39.396991,43.140051,39.500991,44.147000,39.709357,38.377287,39.745786,43.509975,39.360015,39.862615,38.157609,43.998682,40.727837,43.516710,42.819705,40.305075,42.434450,39.613019,43.400725,38.302126,39.226281,39.825871,41.448647,43.422396,40.611566,43.122841,40.950535,39.471330,43.531852,41.988744,39.878614,41.913690,39.422587,44.254272,42.689822,37.812093,42.140630,39.299746,44.283627,41.477283,43.294681,42.517417,39.814291,38.944454,41.584459,42.913963,39.035631,36.008928,39.545571,39.297909,37.859288,42.337322,38.672710,42.795868,40.270000,43.180868,39.526666,42.425314,40.461370,45.707568,43.357038,42.286085,38.183427,40.303489,38.960402,38.096280,39.772998,39.351907,45.674459,44.480808,42.766727,41.959047,41.046734,40.672500,40.621296,44.609571,38.758204,37.996136,40.372064,39.822864,34.137473,40.757067,39.880900,40.709826,41.406916,40.442243,39.022758,42.347563,41.604535,40.440840,35.785683,40.895174,39.837070,38.059674,40.513555,42.217744,39.903622,42.570856,42.715477,40.948082,40.807063,40.827733,40.780198,42.218335,42.970382,42.510779,41.433565,42.713334,41.322733,42.617738,41.626055,40.998168,0.000000,43.425217,23.178407,40.509980,22.307248,42.956200
WinMart+,43.313666,44.948454,42.147626,43.358812,44.681717,40.466791,42.434552,45.781886,42.367498,37.887262,41.232525,38.059873,40.957036,42.034852,43.277698,36.375500,45.397294,40.466599,35.489539,37.254300,43.507938,40.308537,37.510128,44.386865,35.209028,37.906949,37.274845,43.460498,45.516919,42.573565,36.253426,45.203547,43.298512,34.527281,43.007461,42.152340,35.979477,36.151520,32.421133,43.767971,43.824316,40.165342,35.279302,42.115780,38.180407,40.154171,40.376409,44.819067,33.316511,35.679770,39.595566,39.343985,37.416367,33.418174,40.739687,41.133658,32.481045,41.753802,36.620508,39.722265,44.991984,35.447373,40.821117,34.060423,40.738168,32.238114,38.731198,43.143303,36.559928,38.632789,43.483048,39.335284,43.486866,44.235607,40.850643,39.707144,43.312337,38.279264,32.956931,34.561168,42.452250,40.399261,42.400909,41.211356,41.200865,44.994430,37.186783,43.065075,43.474128,32.087258,29.535052,37.594129,39.352730,33.978758,41.735927,35.635391,35.149752,37.989233,41.833928,38.461396,26.458088,44.701641,35.552067,32.118265,30.642178,35.049570,22.654745,37.296260,36.919725,32.829705,30.237870,30.642620,37.862432,29.761105,35.256656,36.365689,25.466362,18.056577,35.676035,25.094680,43.319844,0.000000,40.772951,15.944756,41.215535,21.933311
Trường Trung học cơ sở Văn Đức,40.026486,40.299824,38.487972,36.215848,37.045507,39.479918,40.169653,36.303638,36.685601,39.605716,36.612890,40.272125,36.838785,35.680113,36.900305,39.988001,36.246439,37.002064,35.805846,40.263244,37.666351,39.863968,39.402731,37.418640,39.256405,36.865334,39.858248,35.361562,36.071406,37.060762,38.351432,39.849052,37.248587,39.801623,37.553931,36.700029,40.040341,38.774401,37.199146,38.650880,36.620994,40.505761,39.463360,34.954654,39.058490,36.729245,40.596605,37.768328,40.060171,39.448208,37.007152,36.388117,38.761524,39.781208,36.399684,33.700153,37.032477,36.245715,35.657888,39.182595,35.463482,39.691237,37.446458,40.033461,36.960195,39.479475,37.536935,41.744693,40.060626,39.229619,35.286391,37.699685,35.760694,35.121841,37.091647,36.854657,41.801998,41.140402,39.857296,39.206448,38.204497,37.918020,37.728131,41.107951,36.207190,34.930971,37.660602,36.916615,32.187521,38.056068,37.442624,37.943304,38.600836,37.832191,36.355727,39.557398,38.915869,37.822996,33.277380,38.134376,37.410545,35.008901,38.105003,39.426583,37.424638,39.697318,39.845671,38.195234,38.164300,38.464619,38.145037,39.489241,40.080449,39.728295,38.748336,40.053551,38.672266,39.890855,39.139576,38.356504,22.410320,40.538977,0.000000,38.073591,17.985551,40.203062
Trung tâm Hỗ trợ doanh nghiệp Hà Nội,41.892769,43.261150,40.896406,41.946467,42.859055,39.139432,41.231477,43.974230,40.866687,36.701257,39.804244,36.985802,39.485085,40.694311,41.445592,35.357269,43.855504,38.973284,34.729895,36.179979,41.611301,39.242182,36.597191,42.184345,36.337968,36.816619,36.030313,42.192056,43.896771,40.539583,35.214338,38.013442,42.150950,35.770295,41.867940,40.400489,34.830514,35.267637,33.918952,42.668735,41.991332,39.130900,34.338039,40.976279,37.371948,38.442353,39.374176,43.614899,32.250048,34.790742,38.123478,37.882078,36.664560,34.948915,39.309819,40.187986,34.221453,40.792016,35.231292,38.790869,43.626357,34.138898,38.702737,35.727909,39.074231,34.123542,37.511006,41.963455,35.066856,37.831851,42.488259,37.581310,42.411389,43.006844,39.186480,38.067204,42.154307,37.413583,31.575444,33.260249,39.933547,38.241668,40.721045,40.296841,40.479954,43.749179,35.405910,42.161525,42.503022,30.865765,28.951995,35.345128,37.712313,32.443762,40.974313,34.039414,33.615645,36.163231,40.902970,36.218680,26.044804,43.544053,34.264449,30.338928,29.362194,33.320356,28.033861,34.461846,35.455944,32.001506,28.709512,29.066621,36.000982,28.651055,32.410509,35.156942,25.040734,19.469137,34.526548,22.754367,42.758311,15.162755,40.349098,0.000000,40.783371,20.549375
Trường Mầm non Văn Đức (điểm Chử Xá),41.458010,41.780941,39.934350,37.701833,38.508554,40.852183,41.726765,37.843255,38.058597,41.040780,38.066158,41.794786,38.259511,37.175034,38.304607,41.396951,37.828201,38.402214,37.124536,41.740636,39.095363,41.351582,40.850004,38.796225,40.601286,38.245311,41.259904,37.002165,37.685976,38.425727,39.731575,41.313723,38.856037,41.158762,39.146264,38.095961,41.430873,40.169344,38.517746,40.104892,38.044226,41.959833,40.813164,36.606548,40.446238,38.049384,42.028191,39.440938,41.389204,40.755130,38.389619,37.733203,40.044229,41.091857,37.788935,35.259613,38.300494,37.838343,36.905676,40.524861,37.194286,40.992282,38.789751,41.328131,38.271076,40.726060,38.910806,43.169344,41.376176,40.588952,36.971380,38.941780,37.467672,36.813442,38.423987,38.131010,43.194338,42.424635,41.081474,40.419971,39.506265,39.203730,39.082933,42.455026,37.574527,36.688229,38.952629,38.341186,33.765348,39.311303,38.662356,39.235172,39.868869,39.069866,37.752756,40.739433,40.098216,39.072604,35.009504,39.403771,38.608299,36.750378,39.238430,40.620646,38.636572,40.900880,41.043345,39.456865,39.414602,39.571787,39.367837,40.660485,41.260999,40.902363,39.948915,41.162966,39.855568,41.041406,40.252924,39.574864,21.531107,41.701713,18.368923,39.237155,0.000000,41.339285
WinMart+,44.554215,46.132339,43.404967,44.575608,45.994220,42.053551,45.024551,46.901867,43.817645,39.226218,42.835977,39.326136,42.608358,43.414521,44.809375,37.624115,46.420390,42.295705,33.085308,38.560989,45.103654,41.462347,38.591472,46.005971,38.714627,39.760904,38.766201,44.549666,46.572261,44.500003,37.509410,40.008019,44.323111,38.234918,44.733859,43.909379,37.446077,37.263534,36.331116,42.573995,45.315747,41.285959,36.504078,43.277768,39.108683,42.347196,41.456731,45.948104,34.897413,36.832575,41.586283,41.416337,38.304556,37.676720,42.449697,42.215691,37.102298,42.787404,39.386761,40.680823,45.959786,37.221223,43.223862,38.915282,42.722273,37.479068,40.512594,44.255225,38.453255,39.528914,44.443959,38.944564,44.415775,45.196793,42.802070,41.916795,44.394819,39.262965,35.142516,36.407909,44.814124,43.027501,43.971065,42.155423,41.934983,45.874885,40.363043,43.886880,44.314233,36.699506,34.278669,41.405198,41.651151,39.106489,42.502003,37.760452,37.254775,41.021746,42.803256,41.873575,34.908935,45.558163,37.233106,35.148838,37.095241,37.472278,32.718574,42.252972,39.703850,34.031309,38.021709,33.582635,40.149243,31.848233,41.692136,37.861693,37.162248,27.508474,37.184988,27.997951,43.409967,22.981217,40.919921,15.477185,41.346191,0.000000
