# i j distance_m; directed OSRM/OSM truck distance; depot 0 + customers 1..100
0 0 0.000
0 1 2594.000
0 2 8073.100
0 3 10472.500
0 4 4232.700
0 5 4967.700
0 6 10310.000
0 7 6070.700
0 8 6221.700
0 9 9083.100
0 10 3970.400
0 11 9732.200
0 12 6462.800
0 13 3069.100
0 14 5438.800
0 15 8376.500
0 16 0.000
0 17 6447.200
0 18 4691.200
0 19 8825.600
0 20 7431.200
0 21 9504.900
0 22 5293.200
0 23 12903.500
0 24 8332.900
0 25 5025.200
0 26 6401.200
0 27 6967.200
0 28 2734.600
0 29 12622.500
0 30 8916.300
0 31 7511.400
0 32 13691.100
0 33 6626.400
0 34 12063.900
0 35 10759.400
0 36 7349.800
0 37 7111.100
0 38 8331.300
0 39 2845.300
0 40 8474.700
0 41 5736.900
0 42 9039.100
0 43 10173.300
0 44 3910.800
0 45 3785.800
0 46 11043.700
0 47 4912.500
0 48 11245.300
0 49 9704.300
0 50 13201.800
0 51 6782.700
0 52 9423.700
0 53 8399.700
0 54 9948.900
0 55 1164.300
0 56 3422.700
0 57 6984.600
0 58 9679.300
0 59 7004.700
0 60 7729.400
0 61 10541.200
0 62 12003.200
0 63 11112.700
0 64 6928.100
0 65 9855.000
0 66 8198.500
0 67 5886.500
0 68 8166.800
0 69 5831.000
0 70 1571.600
0 71 7015.400
0 72 3682.100
0 73 5784.100
0 74 10745.800
0 75 6989.800
0 76 7192.700
0 77 3931.000
0 78 11161.900
0 79 8076.400
0 80 6870.000
0 81 2830.100
0 82 8760.000
0 83 4893.500
0 84 8557.900
0 85 8312.700
0 86 12699.800
0 87 9449.500
0 88 8132.600
0 89 12848.300
0 90 7844.900
0 91 12319.900
0 92 11090.400
0 93 8600.300
0 94 9182.400
0 95 1380.000
0 96 5164.800
0 97 6021.500
0 98 9951.500
0 99 5917.400
0 100 4639.600
1 0 2532.600
1 1 0.000
1 2 8825.800
1 3 12591.000
1 4 4985.400
1 5 5292.800
1 6 11117.000
1 7 6823.400
1 8 3675.100
1 9 9835.800
1 10 4723.100
1 11 10484.900
1 12 3916.200
1 13 2053.600
1 14 5763.900
1 15 5829.900
1 16 2532.600
1 17 7199.900
1 18 5155.800
1 19 9578.300
1 20 5903.900
1 21 7564.700
1 22 6045.900
1 23 13656.200
1 24 5786.300
1 25 5137.200
1 26 7153.900
1 27 7719.900
1 28 3487.300
1 29 13375.200
1 30 9021.700
1 31 8264.100
1 32 14443.800
1 33 7379.100
1 34 12816.600
1 35 11512.100
1 36 8102.400
1 37 4564.500
1 38 9567.900
1 39 1242.600
1 40 9227.400
1 41 3190.300
1 42 9791.800
1 43 10925.900
1 44 4386.200
1 45 1239.100
1 46 11796.300
1 47 1938.600
1 48 13363.800
1 49 10457.000
1 50 13954.400
1 51 7535.400
1 52 10176.400
1 53 9152.400
1 54 10701.500
1 55 1910.100
1 56 3622.600
1 57 4438.000
1 58 10342.500
1 59 7757.400
1 60 6644.400
1 61 11293.900
1 62 12755.900
1 63 8566.000
1 64 3717.700
1 65 10607.600
1 66 8951.100
1 67 3339.900
1 68 8919.500
1 69 2620.600
1 70 1022.400
1 71 3805.000
1 72 1135.500
1 73 6536.800
1 74 11498.500
1 75 6848.300
1 76 3982.300
1 77 4130.900
1 78 8615.300
1 79 8829.100
1 80 7622.700
1 81 2459.700
1 82 9512.700
1 83 5368.800
1 84 9310.600
1 85 8195.600
1 86 14818.300
1 87 10202.200
1 88 9034.600
1 89 14966.800
1 90 4634.500
1 91 13072.600
1 92 11843.100
1 93 7918.200
1 94 6635.800
1 95 3532.800
1 96 5917.500
1 97 4940.200
1 98 10704.200
1 99 6670.100
1 100 5392.300
2 0 6855.100
2 1 8968.600
2 2 0.000
2 3 14841.800
2 4 6827.400
2 5 5263.400
2 6 14302.900
2 7 3386.000
2 8 13222.700
2 9 7507.300
2 10 5460.700
2 11 5464.900
2 12 12691.400
2 13 8736.700
2 14 5054.700
2 15 14605.100
2 16 6855.100
2 17 2868.700
2 18 6682.300
2 19 1575.300
2 20 13094.400
2 21 15168.100
2 22 3267.500
2 23 5389.400
2 24 14561.500
2 25 11462.200
2 26 7900.900
2 27 3739.900
2 28 5811.600
2 29 6804.900
2 30 13285.600
2 31 11880.700
2 32 6882.200
2 33 10995.700
2 34 6246.200
2 35 9912.600
2 36 10635.600
2 37 14112.100
2 38 12700.500
2 39 9219.800
2 40 4160.500
2 41 12550.500
2 42 3221.500
2 43 9326.400
2 44 4818.100
2 45 10160.300
2 46 2973.800
2 47 10580.000
2 48 12568.500
2 49 2454.800
2 50 5687.700
2 51 6582.400
2 52 11911.200
2 53 1218.600
2 54 5806.700
2 55 7438.200
2 56 6899.100
2 57 11807.200
2 58 16116.400
2 59 11374.000
2 60 13392.600
2 61 10803.400
2 62 7749.600
2 63 17341.200
2 64 12595.700
2 65 4037.300
2 66 1099.100
2 67 12115.100
2 68 9666.500
2 69 11498.600
2 70 7946.200
2 71 12682.900
2 72 10056.700
2 73 7061.200
2 74 3231.800
2 75 12653.000
2 76 12860.200
2 77 6356.900
2 78 17390.500
2 79 8941.000
2 80 5976.100
2 81 9683.900
2 82 9795.600
2 83 4512.300
2 84 2740.200
2 85 13975.900
2 86 17069.100
2 87 2615.600
2 88 12501.800
2 89 17217.600
2 90 13512.400
2 91 8066.400
2 92 5272.700
2 93 12969.600
2 94 15411.000
2 95 8233.900
2 96 5501.100
2 97 10406.800
2 98 8155.400
2 99 5768.500
2 100 5067.100
3 0 9021.100
3 1 11134.500
3 2 13762.600
3 3 0.000
3 4 7196.800
3 5 11403.800
3 6 2070.700
3 7 10722.800
3 8 9587.600
3 9 7191.200
3 10 10116.400
3 11 11920.400
3 12 15598.700
3 13 10902.600
3 14 11874.900
3 15 17649.800
3 16 9021.100
3 17 11092.800
3 18 11127.300
3 19 13567.400
3 20 15260.300
3 21 17334.100
3 22 10982.700
3 23 16836.600
3 24 14321.700
3 25 7473.900
3 26 6991.900
3 27 10574.500
3 28 9854.900
3 29 14955.400
3 30 4267.800
3 31 3562.100
3 32 16024.000
3 33 5078.400
3 34 12467.300
3 35 7101.000
3 36 4090.700
3 37 9550.600
3 38 3376.600
3 39 10683.400
3 40 12105.300
3 41 10029.400
3 42 12628.500
3 43 6514.900
3 44 10998.200
3 45 10394.300
3 46 16902.100
3 47 13203.200
3 48 2996.300
3 49 13293.700
3 50 17134.900
3 51 10003.600
3 52 2773.900
3 53 14089.200
3 54 10913.900
3 55 9604.100
3 56 11117.400
3 57 8541.200
3 58 5390.900
3 59 4834.300
3 60 15558.500
3 61 3666.300
3 62 13015.000
3 63 16905.700
3 64 12001.200
3 65 12187.800
3 66 12940.300
3 67 13797.100
3 68 5653.300
3 69 11361.100
3 70 10112.100
3 71 10983.800
3 72 11642.500
3 73 7862.800
3 74 16584.400
3 75 14818.900
3 76 12722.700
3 77 11073.300
3 78 18038.500
3 79 10160.200
3 80 9502.100
3 81 9173.800
3 82 4472.800
3 83 11621.200
3 84 12614.400
3 85 16141.900
3 86 2227.300
3 87 15139.100
3 88 4927.000
3 89 2375.700
3 90 13374.900
3 91 13331.800
3 92 13423.300
3 93 4537.100
3 94 17344.400
3 95 9095.600
3 96 8980.800
3 97 8008.500
3 98 9733.300
3 99 8225.000
3 100 9578.700
4 0 3129.800
4 1 5243.300
4 2 6625.400
4 3 7142.900
4 4 0.000
4 5 4350.400
4 6 6980.400
4 7 3642.700
4 8 5506.800
4 9 5051.200
4 10 2190.400
4 11 6567.700
4 12 8966.100
4 13 5011.300
4 14 5059.200
4 15 10879.800
4 16 3129.800
4 17 3875.400
4 18 5236.100
4 19 6408.600
4 20 9369.100
4 21 11442.800
4 22 3845.500
4 23 10519.700
4 24 9120.300
4 25 3746.300
4 26 2379.500
4 27 3525.600
4 28 2593.000
4 29 9895.000
4 30 5586.700
4 31 4181.800
4 32 10963.600
4 33 3296.800
4 34 9336.300
4 35 6737.700
4 36 4020.100
4 37 6396.300
4 38 5001.600
4 39 5494.500
4 40 5310.200
4 41 4834.700
4 42 6311.600
4 43 6151.500
4 44 3072.300
4 45 5076.700
4 46 9596.000
4 47 6854.700
4 48 7511.200
4 49 6976.800
4 50 10818.000
4 51 2750.900
4 52 6094.000
4 53 6952.000
4 54 7084.800
4 55 3712.800
4 56 5226.200
4 57 4091.400
4 58 8400.500
4 59 3675.100
4 60 9667.300
4 61 6519.400
4 62 9186.000
4 63 11704.200
4 64 6806.400
4 65 7127.400
4 66 5781.500
4 67 9374.200
4 68 4145.100
4 69 6166.300
4 70 4220.800
4 71 5789.100
4 72 6447.700
4 73 1539.800
4 74 9298.200
4 75 8927.700
4 76 8299.800
4 77 5182.100
4 78 12837.100
4 79 3835.800
4 80 3177.700
4 81 3856.200
4 82 4738.300
4 83 3695.300
4 84 6297.500
4 85 10250.600
4 86 9370.200
4 87 8001.900
4 88 4802.900
4 89 9518.700
4 90 8180.100
4 91 9502.700
4 92 8362.900
4 93 5270.700
4 94 12143.000
4 95 3204.400
4 96 1623.700
4 97 2690.900
4 98 5919.600
4 99 1885.600
4 100 2441.500
5 0 3606.100
5 1 5304.500
5 2 5210.300
5 3 11101.500
5 4 4630.200
5 5 0.000
5 6 10939.000
5 7 4866.700
5 8 8799.800
5 9 8088.800
5 10 3055.400
5 11 8974.800
5 12 7983.800
5 13 4029.100
5 14 740.000
5 15 9897.500
5 16 3606.100
5 17 5452.900
5 18 2039.300
5 19 6253.900
5 20 8360.400
5 21 9380.000
5 22 3534.200
5 23 10040.700
5 24 9853.900
5 25 7706.000
5 26 5708.700
5 27 5972.900
5 28 2562.500
5 29 10314.900
5 30 9545.300
5 31 8140.400
5 32 11383.500
5 33 7255.400
5 34 9756.200
5 35 10066.900
5 36 7978.700
5 37 9307.100
5 38 8960.200
5 39 5555.700
5 40 7480.400
5 41 8315.000
5 42 6731.400
5 43 9480.800
5 44 1625.900
5 45 6453.000
5 46 7625.100
5 47 5872.400
5 48 10840.400
5 49 7133.500
5 50 10339.000
5 51 5788.400
5 52 10052.700
5 53 5211.600
5 54 9316.700
5 55 4189.100
5 56 2467.000
5 57 8051.000
5 58 12360.100
5 59 7633.700
5 60 7604.500
5 61 9848.700
5 62 11259.600
5 63 12633.600
5 64 7888.100
5 65 7547.300
5 66 5626.800
5 67 7407.500
5 68 7474.300
5 69 6791.000
5 70 4282.100
5 71 7975.300
5 72 6289.400
5 73 4869.100
5 74 7883.100
5 75 6864.800
5 76 8152.600
5 77 1924.900
5 78 12691.900
5 79 7137.000
5 80 5875.700
5 81 6434.900
5 82 8067.500
5 83 2608.500
5 84 6250.200
5 85 8187.800
5 86 13328.800
5 87 6276.100
5 88 8761.500
5 89 13477.300
5 90 8804.800
5 91 11576.300
5 92 8782.700
5 93 9229.300
5 94 10703.400
5 95 4984.800
5 96 4249.700
5 97 6650.500
5 98 8957.200
5 99 4923.100
5 100 3724.600
6 0 8941.300
6 1 9441.500
6 2 13884.300
6 3 2143.800
6 4 7117.100
6 5 11324.000
6 6 0.000
6 7 10643.100
6 8 7941.800
6 9 7111.400
6 10 10036.600
6 11 11840.700
6 12 13952.900
6 13 10822.800
6 14 11795.100
6 15 16004.100
6 16 8941.300
6 17 11013.000
6 18 11047.500
6 19 13487.700
6 20 15180.600
6 21 17254.300
6 22 10903.000
6 23 16756.900
6 24 12676.000
6 25 5828.200
6 26 6912.100
6 27 10494.700
6 28 9775.200
6 29 14875.600
6 30 2622.000
6 31 3482.400
6 32 15944.300
6 33 4998.700
6 34 12387.600
6 35 7021.300
6 36 4010.900
6 37 7904.800
6 38 2115.500
6 39 9037.600
6 40 12025.500
6 41 8383.700
6 42 12548.800
6 43 6435.100
6 44 10918.500
6 45 8748.500
6 46 16822.400
6 47 11557.400
6 48 2916.600
6 49 13214.000
6 50 17055.200
6 51 9923.900
6 52 2694.100
6 53 14009.500
6 54 10834.100
6 55 9524.300
6 56 11037.700
6 57 6895.500
6 58 3745.100
6 59 4754.500
6 60 15478.800
6 61 3586.500
6 62 12935.300
6 63 15259.900
6 64 10355.400
6 65 12108.100
6 66 12860.500
6 67 12151.300
6 68 5573.500
6 69 9715.300
6 70 10032.300
6 71 9338.100
6 72 9996.700
6 73 8429.100
6 74 16504.600
6 75 14739.200
6 76 11076.900
6 77 10993.600
6 78 16392.800
6 79 10080.500
6 80 9422.400
6 81 7528.000
6 82 4393.100
6 83 11541.500
6 84 12534.700
6 85 16062.100
6 86 4371.100
6 87 15059.300
6 88 3806.200
6 89 4519.600
6 90 11729.100
6 91 13252.000
6 92 13343.500
6 93 4509.500
6 94 15698.600
6 95 8810.900
6 96 8901.000
6 97 6362.700
6 98 9653.500
6 99 8145.300
6 100 9498.900
7 0 4196.500
7 1 6310.000
7 2 3529.400
7 3 10632.200
7 4 3538.100
7 5 4910.300
7 6 11477.700
7 7 0.000
7 8 9013.100
7 9 5208.200
7 10 2896.000
7 11 4305.900
7 12 10032.800
7 13 6078.000
7 14 4989.200
7 15 11946.500
7 16 4196.500
7 17 1090.900
7 18 5977.300
7 19 3802.600
7 20 10435.800
7 21 12509.500
7 22 1285.900
7 23 7551.100
7 24 12619.500
7 25 7252.600
7 26 4611.600
7 27 1540.900
7 28 3152.900
7 29 7399.100
7 30 9076.000
7 31 7671.100
7 32 8467.700
7 33 6786.100
7 34 6840.400
7 35 7613.500
7 36 7346.300
7 37 9902.500
7 38 8490.900
7 39 6561.200
7 40 3048.400
7 41 8340.900
7 42 3815.600
7 43 7027.300
7 44 3003.800
7 45 7501.700
7 46 6500.000
7 47 7921.400
7 48 9743.300
7 49 4480.900
7 50 7849.400
7 51 3293.200
7 52 9086.100
7 53 3856.000
7 54 4522.600
7 55 4779.500
7 56 6013.300
7 57 7597.600
7 58 11906.800
7 59 7164.400
7 60 10734.000
7 61 8751.600
7 62 6576.900
7 63 15203.500
7 64 9937.100
7 65 4631.500
7 66 3175.400
7 67 9456.500
7 68 6377.200
7 69 8840.000
7 70 5287.500
7 71 9295.300
7 72 7398.100
7 73 3772.000
7 74 6202.100
7 75 9994.400
7 76 10201.600
7 77 5862.800
7 78 14731.900
7 79 4731.400
7 80 2686.800
7 81 7025.300
7 82 6970.500
7 83 2697.900
7 84 3099.400
7 85 11317.300
7 86 12859.500
7 87 4905.800
7 88 8292.200
7 89 13008.000
7 90 10853.800
7 91 6893.600
7 92 5866.900
7 93 8760.000
7 94 12752.400
7 95 5575.300
7 96 2548.800
7 97 6197.200
7 98 5676.800
7 99 2510.700
7 100 2226.800
8 0 6195.100
8 1 3937.200
8 2 12190.500
8 3 9502.400
8 4 5624.700
8 5 9435.800
8 6 8028.400
8 7 9150.700
8 8 0.000
8 9 10237.900
8 10 7761.000
8 11 13299.800
8 12 6500.400
8 13 5890.200
8 14 9906.900
8 15 8551.600
8 16 6195.100
8 17 9490.800
8 18 9298.800
8 19 12667.800
8 20 8488.100
8 21 9660.400
8 22 9410.600
8 23 15264.500
8 24 5223.500
8 25 2505.600
8 26 7130.300
8 27 9134.100
8 28 7149.700
8 29 14639.900
8 30 5933.100
8 31 6484.700
8 32 15708.500
8 33 7984.500
8 34 14081.200
8 35 10147.700
8 36 7013.200
8 37 1247.000
8 38 6479.300
8 39 4796.800
8 40 10613.300
8 41 1350.100
8 42 11056.400
8 43 9561.600
8 44 8048.600
8 45 3659.400
8 46 15330.000
8 47 4105.000
8 48 10275.200
8 49 11721.700
8 50 15562.800
8 51 7518.200
8 52 8397.000
8 53 12517.100
8 54 11829.700
8 55 5572.500
8 56 7285.100
8 57 1540.700
8 58 7253.900
8 59 7740.400
8 60 9228.600
8 61 10945.100
8 62 13930.900
8 63 7807.400
8 64 2903.000
8 65 11872.300
8 66 12040.700
8 67 4698.800
8 68 8700.000
8 69 2262.800
8 70 4684.900
8 71 1885.600
8 72 2544.200
8 73 6290.700
8 74 15012.300
8 75 9047.100
8 76 3624.500
8 77 8274.000
8 78 8940.300
8 79 8588.100
8 80 7930.000
8 81 2875.500
8 82 8148.300
8 83 9265.900
8 84 11042.300
8 85 10809.700
8 86 11729.700
8 87 13567.000
8 88 5946.000
8 89 11878.200
8 90 4276.700
8 91 14247.600
8 92 13107.700
8 93 4829.600
8 94 8246.100
8 95 4325.600
8 96 7408.700
8 97 3100.000
8 98 10664.500
8 99 6652.900
8 100 8006.600
9 0 8129.900
9 1 10243.400
9 2 7857.000
9 3 6883.800
9 4 5445.800
9 5 8843.700
9 6 6850.300
9 7 5515.900
9 8 9916.100
9 9 0.000
9 10 5538.800
9 11 5813.400
9 12 13966.200
9 13 10011.500
9 14 8920.200
9 15 16850.600
9 16 8129.900
9 17 4985.800
9 18 9908.200
9 19 7460.400
9 20 14369.200
9 21 16442.900
9 22 6513.200
9 23 10562.000
9 24 13522.500
9 25 7798.500
9 26 4284.300
9 27 4467.500
9 28 7086.400
9 29 8848.400
9 30 5015.600
9 31 4045.400
9 32 9917.000
9 33 5561.700
9 34 6360.300
9 35 2113.000
9 36 3882.800
9 37 9875.200
9 38 4321.700
9 39 10494.600
9 40 5998.300
9 41 9243.900
9 42 6353.900
9 43 1526.900
9 44 6934.800
9 45 9486.000
9 46 10271.800
9 47 11854.800
9 48 5115.900
9 49 7019.100
9 50 10860.300
9 51 3896.600
9 52 4458.700
9 53 9619.700
9 54 4806.800
9 55 8713.000
9 56 9944.300
9 57 8500.600
9 58 8866.600
9 59 4269.500
9 60 14667.400
9 61 3350.800
9 62 6908.000
9 63 16106.400
9 64 11215.700
9 65 6080.800
9 66 6833.300
9 67 13776.400
9 68 2945.700
9 69 10575.500
9 70 9221.000
9 71 10198.300
9 72 10857.000
9 73 4688.000
9 74 10309.800
9 75 13927.800
9 76 12702.000
9 77 9793.800
9 78 17239.300
9 79 5634.400
9 80 5032.600
9 81 8265.500
9 82 2343.100
9 83 6628.900
9 84 6339.800
9 85 15250.700
9 86 9111.100
9 87 10669.500
9 88 5410.300
9 89 9259.600
9 90 13337.700
9 91 7224.800
9 92 7316.200
9 93 5020.300
9 94 16545.200
9 95 8345.500
9 96 4511.200
9 97 7100.200
9 98 3626.200
9 99 3755.500
9 100 5109.200
10 0 2955.800
10 1 5069.200
10 2 4975.200
10 3 9914.500
10 4 1936.400
10 5 3669.600
10 6 9881.000
10 7 2751.700
10 8 7381.700
10 9 5088.100
10 10 0.000
10 11 6413.200
10 12 8792.100
10 13 4837.300
10 14 4002.200
10 15 10705.700
10 16 2955.800
10 17 3128.200
10 18 4990.200
10 19 5727.700
10 20 9195.100
10 21 11268.800
10 22 2195.300
10 23 9805.600
10 24 10995.200
10 25 5621.200
10 26 3014.900
10 27 3607.900
10 28 1912.200
10 29 9916.800
10 30 7444.500
10 31 6039.700
10 32 10985.400
10 33 5154.700
10 34 9358.200
10 35 7373.100
10 36 5749.600
10 37 8271.100
10 38 6859.500
10 39 5320.500
10 40 5155.700
10 41 6709.500
10 42 6333.400
10 43 6787.000
10 44 2015.300
10 45 6261.000
10 46 7945.800
10 47 6680.700
10 48 8146.600
10 49 6998.600
10 50 10103.900
10 51 2787.700
10 52 7489.400
10 53 5301.800
10 54 7121.700
10 55 3538.800
10 56 5024.900
10 57 5966.200
10 58 10275.400
10 59 5533.000
10 60 9493.300
10 61 7154.900
10 62 8684.200
10 63 13579.100
10 64 8696.300
10 65 7149.300
10 66 5100.600
10 67 8215.800
10 68 4780.500
10 69 7599.200
10 70 4046.800
10 71 7663.900
10 72 6157.300
10 73 2175.300
10 74 7648.000
10 75 8753.600
10 76 8960.900
10 77 4875.800
10 78 13491.100
10 79 4443.200
10 80 3199.500
10 81 5734.400
10 82 5373.800
10 83 2311.100
10 84 5460.000
10 85 10076.600
10 86 12141.800
10 87 6351.700
10 88 6660.800
10 89 12290.300
10 90 9613.000
10 91 9001.000
10 92 8384.700
10 93 7128.600
10 94 11511.600
10 95 4284.300
10 96 1090.900
10 97 4565.800
10 98 5956.500
10 99 1922.400
10 100 669.200
11 0 8372.400
11 1 10485.800
11 2 4967.800
11 3 11929.200
11 4 6566.800
11 5 8773.400
11 6 11895.700
11 7 4263.300
11 8 11330.800
11 9 5100.100
11 10 6431.300
11 11 0.000
11 12 14208.700
11 13 10253.900
11 14 8564.800
11 15 16122.400
11 16 8372.400
11 17 3303.300
11 18 10192.400
11 19 4427.300
11 20 14611.700
11 21 16685.400
11 22 5461.700
11 23 6970.800
11 24 14937.200
11 25 9570.300
11 26 6942.400
11 27 3020.700
11 28 7328.800
11 29 2949.900
11 30 10060.900
11 31 9090.700
11 32 4018.500
11 33 9103.800
11 34 2157.300
11 35 7505.400
11 36 8928.200
11 37 12220.200
11 38 9367.100
11 39 10737.100
11 40 1562.200
11 41 10658.600
11 42 2762.700
11 43 6919.200
11 44 7320.800
11 45 11677.600
11 46 7036.300
11 47 12097.300
11 48 10161.300
11 49 3427.900
11 50 7269.100
11 51 5610.900
11 52 9504.000
11 53 5947.600
11 54 1610.900
11 55 8955.400
11 56 10330.400
11 57 9915.300
11 58 13911.900
11 59 9314.900
11 60 14909.900
11 61 8396.200
11 62 2705.000
11 63 17521.200
11 64 12630.400
11 65 1968.600
11 66 3800.200
11 67 15191.100
11 68 7991.100
11 69 11990.300
11 70 9463.400
11 71 11613.100
11 72 11573.900
11 73 6102.800
11 74 6718.600
11 75 14170.200
11 76 14116.700
11 77 10179.900
11 78 18654.000
11 79 7049.100
11 80 4417.800
11 81 9680.200
11 82 7388.400
11 83 7015.000
11 84 2901.100
11 85 15493.200
11 86 14156.400
11 87 7344.600
11 88 10455.700
11 89 14304.900
11 90 14752.400
11 91 3021.800
11 92 1417.800
11 93 10065.700
11 94 17959.900
11 95 9760.300
11 96 5577.500
11 97 8514.900
11 98 3959.500
11 99 5131.200
11 100 5762.100
12 0 5647.800
12 1 3751.200
12 2 10445.200
12 3 12844.700
12 4 6604.800
12 5 5799.800
12 6 13517.900
12 7 8442.800
12 8 6075.900
12 9 11455.200
12 10 6342.600
12 11 12104.300
12 12 0.000
12 13 2498.500
12 14 6270.900
12 15 6094.700
12 16 5647.800
12 17 8819.300
12 18 5662.800
12 19 11197.700
12 20 4887.200
12 21 6960.900
12 22 7665.300
12 23 15275.600
12 24 6051.100
12 25 7538.000
12 26 8773.300
12 27 9339.300
12 28 5106.700
12 29 14994.600
12 30 11288.400
12 31 9883.500
12 32 16063.300
12 33 8998.500
12 34 14436.000
12 35 13131.500
12 36 9721.900
12 37 6583.200
12 38 10703.400
12 39 4610.800
12 40 10846.800
12 41 5591.100
12 42 11411.200
12 43 12545.400
12 44 6283.000
12 45 3861.600
12 46 13415.800
12 47 2525.500
12 48 13617.400
12 49 12076.400
12 50 15573.900
12 51 9154.800
12 52 11795.800
12 53 10771.800
12 54 12321.000
12 55 4198.300
12 56 4539.500
12 57 6838.800
12 58 12743.300
12 59 9376.800
12 60 5185.400
12 61 12913.300
12 62 14375.300
12 63 8830.900
12 64 5164.200
12 65 12227.100
12 66 10570.600
12 67 3604.800
12 68 10538.900
12 69 4067.100
12 70 4498.800
12 71 5251.400
12 72 3697.900
12 73 8156.200
12 74 13118.000
12 75 4445.700
12 76 4420.800
12 77 4637.900
12 78 8880.100
12 79 10448.500
12 80 9242.100
12 81 5082.100
12 82 11132.100
12 83 7265.600
12 84 10930.000
12 85 5768.700
12 86 15071.900
12 87 11821.600
12 88 10504.700
12 89 15220.400
12 90 6080.900
12 91 14692.000
12 92 13462.500
12 93 10319.000
12 94 6900.600
12 95 6155.300
12 96 7536.900
12 97 7341.000
12 98 12323.600
12 99 8289.500
12 100 7011.800
13 0 4759.200
13 1 2545.900
13 2 9556.700
13 3 11956.100
13 4 5716.300
13 5 4932.700
13 6 12445.000
13 7 7554.300
13 8 5003.100
13 9 10566.700
13 10 5454.000
13 11 11215.800
13 12 4187.100
13 13 0.000
13 14 5403.700
13 15 6100.800
13 16 4759.200
13 17 7930.800
13 18 4795.600
13 19 10309.200
13 20 5752.900
13 21 7826.600
13 22 6776.800
13 23 14387.000
13 24 6057.200
13 25 6465.200
13 26 7884.800
13 27 8450.800
13 28 4218.200
13 29 14106.100
13 30 10349.700
13 31 8995.000
13 32 15174.700
13 33 8110.000
13 34 13547.500
13 35 12243.000
13 36 8833.300
13 37 5510.400
13 38 9814.800
13 39 3405.500
13 40 9958.300
13 41 4518.300
13 42 10522.700
13 43 11656.800
13 44 5394.400
13 45 2656.300
13 46 12527.200
13 47 2075.700
13 48 12728.900
13 49 11187.900
13 50 14685.300
13 51 8266.300
13 52 10907.300
13 53 9883.300
13 54 11432.400
13 55 2704.300
13 56 3672.300
13 57 5766.000
13 58 11670.500
13 59 8488.300
13 60 6051.000
13 61 12024.800
13 62 13486.800
13 63 8836.900
13 64 4091.400
13 65 11338.500
13 66 9682.000
13 67 3610.800
13 68 9650.400
13 69 2994.300
13 70 2280.900
13 71 4178.600
13 72 2492.600
13 73 7267.700
13 74 12229.400
13 75 5311.400
13 76 4355.900
13 77 3770.800
13 78 8886.200
13 79 9560.000
13 80 8353.600
13 81 3876.800
13 82 10243.600
13 83 6377.100
13 84 10041.500
13 85 6634.400
13 86 14183.400
13 87 10933.100
13 88 9616.100
13 89 14331.900
13 90 5008.100
13 91 13803.500
13 92 12574.000
13 93 9246.200
13 94 6906.700
13 95 4949.900
13 96 6648.400
13 97 6268.100
13 98 11435.100
13 99 7401.000
13 100 6123.200
14 0 4285.300
14 1 5983.700
14 2 4768.000
14 3 11780.700
14 4 5352.000
14 5 679.200
14 6 11618.200
14 7 5065.200
14 8 9479.000
14 9 8672.300
14 10 3777.200
14 11 8864.500
14 12 8663.000
14 13 4708.200
14 14 0.000
14 15 10576.700
14 16 4285.300
14 17 5668.300
14 18 1926.400
14 19 5811.600
14 20 9039.600
14 21 10059.200
14 22 4117.700
14 23 9598.300
14 24 10533.100
14 25 8385.100
14 26 6430.600
14 27 6556.400
14 28 3241.700
14 29 10204.500
14 30 10224.400
14 31 8819.600
14 32 11273.200
14 33 7934.500
14 34 9645.900
14 35 10788.800
14 36 8657.900
14 37 9986.300
14 38 9639.400
14 39 6234.900
14 40 7560.200
14 41 8994.200
14 42 6621.100
14 43 10202.600
14 44 2305.000
14 45 7132.200
14 46 7182.700
14 47 6551.600
14 48 11562.300
14 49 6691.100
14 50 9896.600
14 51 6371.900
14 52 10731.800
14 53 4769.200
14 54 9206.400
14 55 4868.300
14 56 3146.200
14 57 8730.200
14 58 13039.300
14 59 8312.800
14 60 8283.600
14 61 10570.500
14 62 11149.300
14 63 13312.800
14 64 8567.300
14 65 7437.000
14 66 5184.400
14 67 8086.700
14 68 8196.100
14 69 7470.200
14 70 4961.200
14 71 8654.500
14 72 6968.500
14 73 5590.900
14 74 7440.700
14 75 7544.000
14 76 8831.800
14 77 2604.100
14 78 13371.100
14 79 7858.900
14 80 6459.200
14 81 7114.100
14 82 8789.400
14 83 2732.800
14 84 6139.900
14 85 8867.000
14 86 14008.000
14 87 5833.800
14 88 9440.700
14 89 14156.500
14 90 9484.000
14 91 11466.000
14 92 8672.400
14 93 9908.500
14 94 11382.600
14 95 5664.000
14 96 4971.600
14 97 7329.700
14 98 9540.700
14 99 5506.600
14 100 4446.400
15 0 8066.600
15 1 5808.800
15 2 14415.300
15 3 17220.300
15 4 10574.900
15 5 9791.200
15 6 15746.300
15 7 12412.800
15 8 7656.000
15 9 16054.500
15 10 10312.600
15 11 16074.400
15 12 3393.700
15 13 6245.700
15 14 10262.300
15 15 0.000
15 16 8066.600
15 17 12789.400
15 18 9654.200
15 19 15167.800
15 20 3003.400
15 21 1734.800
15 22 11635.400
15 23 19245.600
15 24 2972.900
15 25 9560.700
15 26 13393.300
15 27 13309.400
15 28 9076.800
15 29 20898.200
15 30 13651.000
15 31 14287.200
15 32 21966.800
15 33 13402.200
15 34 20339.600
15 35 17751.600
15 36 14125.500
15 37 7819.100
15 38 14197.200
15 39 6668.400
15 40 14816.900
15 41 7613.900
15 42 17314.800
15 43 17165.400
15 44 10253.000
15 45 5919.200
15 46 17385.800
15 47 4583.100
15 48 17993.100
15 49 17980.000
15 50 19543.900
15 51 13776.600
15 52 16199.500
15 53 14741.900
15 54 18088.000
15 55 7444.100
15 56 8530.900
15 57 8861.600
15 58 14971.800
15 59 13780.500
15 60 2906.900
15 61 17533.300
15 62 18345.400
15 63 4879.400
15 64 6400.100
15 65 18130.700
15 66 14540.600
15 67 4438.400
15 68 15158.900
15 69 6124.700
15 70 6556.400
15 71 6487.400
15 72 5755.600
15 73 12553.700
15 74 17088.000
15 75 3110.800
15 76 5009.300
15 77 8629.400
15 78 2785.400
15 79 14846.500
15 80 14188.400
15 81 7139.700
15 82 15752.200
15 83 11235.700
15 84 17300.700
15 85 3369.500
15 86 19447.500
15 87 15791.700
15 88 13663.900
15 89 19596.000
15 90 5536.500
15 91 18662.100
15 92 19366.100
15 93 12547.500
15 94 805.900
15 95 8212.900
15 96 11507.000
15 97 9363.700
15 98 16922.900
15 99 12911.300
15 100 10981.800
16 0 0.000
16 1 2594.000
16 2 8073.100
16 3 10472.500
16 4 4232.700
16 5 4967.700
16 6 10310.000
16 7 6070.700
16 8 6221.700
16 9 9083.100
16 10 3970.400
16 11 9732.200
16 12 6462.800
16 13 3069.100
16 14 5438.800
16 15 8376.500
16 16 0.000
16 17 6447.200
16 18 4691.200
16 19 8825.600
16 20 7431.200
16 21 9504.900
16 22 5293.200
16 23 12903.500
16 24 8332.900
16 25 5025.200
16 26 6401.200
16 27 6967.200
16 28 2734.600
16 29 12622.500
16 30 8916.300
16 31 7511.400
16 32 13691.100
16 33 6626.400
16 34 12063.900
16 35 10759.400
16 36 7349.800
16 37 7111.100
16 38 8331.300
16 39 2845.300
16 40 8474.700
16 41 5736.900
16 42 9039.100
16 43 10173.300
16 44 3910.800
16 45 3785.800
16 46 11043.700
16 47 4912.500
16 48 11245.300
16 49 9704.300
16 50 13201.800
16 51 6782.700
16 52 9423.700
16 53 8399.700
16 54 9948.900
16 55 1164.300
16 56 3422.700
16 57 6984.600
16 58 9679.300
16 59 7004.700
16 60 7729.400
16 61 10541.200
16 62 12003.200
16 63 11112.700
16 64 6928.100
16 65 9855.000
16 66 8198.500
16 67 5886.500
16 68 8166.800
16 69 5831.000
16 70 1571.600
16 71 7015.400
16 72 3682.100
16 73 5784.100
16 74 10745.800
16 75 6989.800
16 76 7192.700
16 77 3931.000
16 78 11161.900
16 79 8076.400
16 80 6870.000
16 81 2830.100
16 82 8760.000
16 83 4893.500
16 84 8557.900
16 85 8312.700
16 86 12699.800
16 87 9449.500
16 88 8132.600
16 89 12848.300
16 90 7844.900
16 91 12319.900
16 92 11090.400
16 93 8600.300
16 94 9182.400
16 95 1380.000
16 96 5164.800
16 97 6021.500
16 98 9951.500
16 99 5917.400
16 100 4639.600
17 0 5200.000
17 1 7313.500
17 2 2816.900
17 3 11467.700
17 4 3911.300
17 5 5913.800
17 6 11434.200
17 7 1090.900
17 8 9386.300
17 9 4638.700
17 10 3272.500
17 11 3306.800
17 12 11036.300
17 13 7081.500
17 14 5992.700
17 15 12950.000
17 16 5200.000
17 17 0.000
17 18 6980.700
17 19 2684.500
17 20 11439.300
17 21 13513.000
17 22 2289.300
17 23 6433.000
17 24 12992.800
17 25 7625.800
17 26 4984.900
17 27 861.800
17 28 4156.400
17 29 6279.600
17 30 9599.500
17 31 8044.300
17 32 7348.200
17 33 7159.300
17 34 5721.000
17 35 7043.900
17 36 7719.500
17 37 10275.800
17 38 8905.600
17 39 7564.700
17 40 2049.300
17 41 8714.200
17 42 2696.200
17 43 6457.800
17 44 4007.300
17 45 8505.200
17 46 5231.600
17 47 8924.900
17 48 9699.900
17 49 3361.400
17 50 6731.300
17 51 3666.400
17 52 9042.600
17 53 3786.300
17 54 3523.500
17 55 5783.000
17 56 7016.800
17 57 7970.900
17 58 12280.000
17 59 7537.600
17 60 11737.500
17 61 7934.800
17 62 5577.800
17 63 15576.700
17 64 10940.600
17 65 3512.100
17 66 2057.300
17 67 10460.000
17 68 6750.400
17 69 9843.500
17 70 6291.000
17 71 9668.600
17 72 8401.600
17 73 4145.200
17 74 5489.600
17 75 10997.900
17 76 11205.100
17 77 6866.300
17 78 16709.600
17 79 5104.600
17 80 2635.900
17 81 7735.700
17 82 6927.000
17 83 3701.400
17 84 1997.400
17 85 12320.800
17 86 13695.000
17 87 5814.000
17 88 8665.500
17 89 13843.500
17 90 11857.300
17 91 5894.500
17 92 4747.500
17 93 9133.200
17 94 13755.900
17 95 6578.800
17 96 2922.000
17 97 6570.400
17 98 5107.300
17 99 2884.000
17 100 2603.300
18 0 4401.900
18 1 5644.500
18 2 6598.100
18 3 11619.700
18 4 5379.800
18 5 1957.600
18 6 11457.200
18 7 6895.300
18 8 9139.700
18 9 9900.200
18 10 4984.400
18 11 10694.700
18 12 8323.800
18 13 4369.000
18 14 1808.100
18 15 10237.500
18 16 4401.900
18 17 7264.300
18 18 0.000
18 19 7641.700
18 20 8700.400
18 21 9720.000
18 22 5345.600
18 23 11428.500
18 24 10193.900
18 25 8224.100
18 26 7637.700
18 27 7784.300
18 28 3860.900
18 29 12034.700
18 30 10063.400
18 31 8658.600
18 32 13103.300
18 33 7773.500
18 34 11476.000
18 35 11995.900
18 36 8496.900
18 37 9647.000
18 38 9478.400
18 39 5895.700
18 40 9390.300
18 41 8655.000
18 42 8451.300
18 43 11409.800
18 44 3437.300
18 45 6792.900
18 46 9012.800
18 47 6212.400
18 48 12392.500
18 49 8521.200
18 50 11726.700
18 51 7599.900
18 52 10570.800
18 53 6599.300
18 54 11036.500
18 55 4336.600
18 56 2807.000
18 57 8569.200
18 58 12878.300
18 59 8151.800
18 60 7944.400
18 61 11777.700
18 62 12979.400
18 63 12973.600
18 64 8228.000
18 65 9267.100
18 66 7014.600
18 67 7747.500
18 68 9403.300
18 69 7130.900
18 70 4622.000
18 71 8315.300
18 72 6629.300
18 73 6798.100
18 74 9270.800
18 75 7204.800
18 76 8492.600
18 77 2264.900
18 78 13031.800
18 79 9223.500
18 80 7687.100
18 81 6953.100
18 82 9996.600
18 83 4419.900
18 84 7970.000
18 85 8527.800
18 86 13847.000
18 87 7663.900
18 88 9279.700
18 89 13995.500
18 90 9144.800
18 91 13296.200
18 92 10502.500
18 93 9747.500
18 94 11043.400
18 95 5503.000
18 96 6178.800
18 97 7168.700
18 98 10768.600
18 99 6734.600
18 100 5653.600
19 0 7867.200
19 1 9980.600
19 2 2110.200
19 3 13887.200
19 4 7805.400
19 5 6824.300
19 6 13724.700
19 7 4398.100
19 8 12268.100
19 9 7334.300
19 10 6472.700
19 11 4510.300
19 12 13703.400
19 13 9748.700
19 14 6615.700
19 15 15617.100
19 16 7867.200
19 17 3257.000
19 18 8243.300
19 19 0.000
19 20 14106.500
19 21 16180.200
19 22 4279.500
19 23 4385.700
19 24 15874.500
19 25 10507.600
19 26 7887.200
19 27 3773.700
19 28 6823.600
19 29 5850.300
19 30 12331.000
19 31 10926.100
19 32 5878.500
19 33 10041.100
19 34 5291.600
19 35 9739.600
19 36 10764.500
19 37 13157.500
19 38 11745.900
19 39 10231.900
19 40 3305.800
19 41 11596.000
19 42 2219.000
19 43 9153.400
19 44 5830.100
19 45 11172.300
19 46 3814.100
19 47 11592.000
19 48 13018.900
19 49 879.500
19 50 4684.000
19 51 6555.700
19 52 12838.400
19 53 2393.200
19 54 4852.100
19 55 8450.200
19 56 8460.000
19 57 10852.700
19 58 15161.800
19 59 10419.400
19 60 14404.600
19 61 10630.400
19 62 6795.100
19 63 18458.500
19 64 13567.700
19 65 3082.700
19 66 1192.400
19 67 16128.400
19 68 9652.800
19 69 12927.600
19 70 8958.200
19 71 12550.400
19 72 11068.700
19 73 7047.600
19 74 4133.500
19 75 13665.000
19 76 15054.000
19 77 7917.900
19 78 19591.400
19 79 7986.400
19 80 5373.200
19 81 10617.500
19 82 10246.100
19 83 5524.300
19 84 2643.900
19 85 14988.000
19 86 16114.500
19 87 3790.200
19 88 11547.300
19 89 16263.000
19 90 15689.700
19 91 7111.800
19 92 4318.100
19 93 12015.000
19 94 18897.200
19 95 10697.600
19 96 6831.700
19 97 9452.200
19 98 7200.800
19 99 6076.000
19 100 5902.100
20 0 8293.800
20 1 5865.000
20 2 13091.200
20 3 15490.700
20 4 9250.800
20 5 8442.000
20 6 15631.700
20 7 11088.800
20 8 8189.700
20 9 14101.200
20 10 8988.600
20 11 14750.300
20 12 3449.900
20 13 5140.700
20 14 8913.100
20 15 3003.400
20 16 8293.800
20 17 11465.300
20 18 8305.000
20 19 13843.700
20 20 0.000
20 21 4606.200
20 22 10311.300
20 23 17921.600
20 24 4456.700
20 25 9651.800
20 26 11419.300
20 27 11985.300
20 28 7752.700
20 29 17640.600
20 30 13934.400
20 31 12529.500
20 32 18709.300
20 33 11644.500
20 34 17082.000
20 35 15777.500
20 36 12367.900
20 37 8697.000
20 38 13349.400
20 39 6724.600
20 40 13492.800
20 41 7705.000
20 42 14057.200
20 43 15191.400
20 44 8929.000
20 45 5975.400
20 46 16061.800
20 47 4639.400
20 48 16263.400
20 49 14722.400
20 50 18219.900
20 51 11800.800
20 52 14441.800
20 53 13417.800
20 54 14967.000
20 55 6840.600
20 56 7181.700
20 57 8952.700
20 58 14857.200
20 59 12022.800
20 60 2830.600
20 61 15559.300
20 62 17021.300
20 63 7882.800
20 64 7278.000
20 65 14873.100
20 66 13216.600
20 67 4494.600
20 68 13184.900
20 69 6180.900
20 70 6612.700
20 71 7365.300
20 72 5811.800
20 73 10802.300
20 74 15764.000
20 75 2091.000
20 76 5511.300
20 77 7280.200
20 78 5788.800
20 79 13094.500
20 80 11888.100
20 81 7196.000
20 82 13778.200
20 83 9911.600
20 84 13576.000
20 85 3414.000
20 86 17717.900
20 87 14467.600
20 88 13150.700
20 89 17866.400
20 90 7017.700
20 91 17338.000
20 92 16108.500
20 93 12432.900
20 94 3809.300
20 95 8269.100
20 96 10182.900
20 97 9454.800
20 98 14969.600
20 99 10935.500
20 100 9657.800
21 0 10195.000
21 1 7728.300
21 2 14992.500
21 3 17391.900
21 4 11152.100
21 5 9341.700
21 6 17053.000
21 7 12990.100
21 8 8962.700
21 9 16002.500
21 10 10889.800
21 11 16651.600
21 12 5313.300
21 13 7042.000
21 14 9812.800
21 15 1919.500
21 16 10195.000
21 17 13366.600
21 18 9204.700
21 19 15745.000
21 20 4912.800
21 21 0.000
21 22 12212.600
21 23 19822.900
21 24 4279.600
21 25 10867.400
21 26 13320.600
21 27 13886.600
21 28 9654.000
21 29 19541.900
21 30 14957.600
21 31 14430.800
21 32 20610.500
21 33 13545.800
21 34 18983.300
21 35 17678.800
21 36 14269.200
21 37 9125.800
21 38 15250.600
21 39 8587.900
21 40 15394.100
21 41 8920.500
21 42 15958.500
21 43 17092.600
21 44 10830.200
21 45 7838.700
21 46 17963.100
21 47 6502.700
21 48 18164.700
21 49 16623.700
21 50 20121.100
21 51 13702.100
21 52 16343.100
21 53 15319.100
21 54 16868.300
21 55 8741.800
21 56 8081.400
21 57 10168.300
21 58 16278.500
21 59 13924.100
21 60 1837.500
21 61 17460.600
21 62 18922.600
21 63 6401.100
21 64 7706.800
21 65 16774.400
21 66 15117.900
21 67 7385.100
21 68 15086.200
21 69 7588.500
21 70 8476.000
21 71 7794.000
21 72 7675.100
21 73 12703.500
21 74 17665.200
21 75 2539.500
21 76 6316.000
21 77 8179.900
21 78 4307.000
21 79 14995.800
21 80 13789.400
21 81 9059.300
21 82 15679.400
21 83 11812.900
21 84 15477.300
21 85 1344.900
21 86 19619.200
21 87 16368.900
21 88 15051.900
21 89 19767.700
21 90 6843.100
21 91 19239.300
21 92 18009.800
21 93 13854.100
21 94 1792.600
21 95 11275.300
21 96 12084.200
21 97 10670.400
21 98 16870.900
21 99 12836.800
21 100 11559.000
22 0 4291.800
22 1 6405.200
22 2 3144.100
22 3 11375.000
22 4 4332.200
22 5 4123.300
22 6 12276.800
22 7 1332.600
22 8 9755.900
22 9 6370.700
22 10 2897.300
22 11 6353.500
22 12 10128.000
22 13 6173.300
22 14 3914.600
22 15 12041.700
22 16 4291.800
22 17 1935.700
22 18 4902.600
22 19 3896.500
22 20 10531.100
22 21 12604.800
22 22 0.000
22 23 7974.400
22 24 11998.100
22 25 7995.400
22 26 5410.700
22 27 2454.900
22 28 3248.200
22 29 7693.500
22 30 9818.800
22 31 8413.900
22 32 8762.100
22 33 7528.900
22 34 7134.800
22 35 8776.000
22 36 8145.400
22 37 10645.300
22 38 9233.800
22 39 6656.500
22 40 3962.400
22 41 9083.800
22 42 4110.100
22 43 8189.800
22 44 1929.200
22 45 7596.900
22 46 6114.600
22 47 8016.600
22 48 10542.400
22 49 4775.300
22 50 8272.700
22 51 4070.400
22 52 9885.100
22 53 3470.600
22 54 6695.300
22 55 4874.800
22 56 4938.700
22 57 8340.500
22 58 12649.600
22 59 7907.200
22 60 10829.200
22 61 9550.700
22 62 8638.200
22 63 14777.900
22 64 10032.300
22 65 4925.900
22 66 3269.400
22 67 9551.800
22 68 7176.300
22 69 8935.200
22 70 5382.800
22 71 10119.500
22 72 7493.300
22 73 4571.100
22 74 5816.800
22 75 10089.600
22 76 10296.800
22 77 4788.200
22 78 14827.100
22 79 5474.200
22 80 3366.000
22 81 7120.600
22 82 7769.500
22 83 1623.300
22 84 3628.800
22 85 11412.600
22 86 13602.300
22 87 4520.500
22 88 9035.100
22 89 13750.800
22 90 10949.000
22 91 8955.000
22 92 6161.300
22 93 9502.800
22 94 12847.600
22 95 5670.500
22 96 2937.800
22 97 6940.000
22 98 7239.100
22 99 3205.100
22 100 2503.700
23 0 10835.300
23 1 12948.700
23 2 4939.900
23 3 15621.800
23 4 9539.900
23 5 9654.000
23 6 15459.300
23 7 7366.200
23 8 14002.700
23 9 9068.900
23 10 9593.800
23 11 6244.800
23 12 16671.600
23 13 12716.800
23 14 9445.400
23 15 20937.200
23 16 10835.300
23 17 6063.900
23 18 11073.000
23 19 3683.700
23 20 17074.600
23 21 19148.300
23 22 7247.700
23 23 0.000
23 24 17609.100
23 25 12242.200
23 26 9621.800
23 27 5689.400
23 28 9791.700
23 29 3017.400
23 30 14065.500
23 31 12660.700
23 32 2668.400
23 33 11775.600
23 34 7026.200
23 35 11474.100
23 36 12499.000
23 37 14892.100
23 38 13480.500
23 39 13200.000
23 40 5040.300
23 41 13330.500
23 42 3953.600
23 43 10888.000
23 44 8798.300
23 45 13572.600
23 46 3967.600
23 47 14560.200
23 48 14753.500
23 49 2614.100
23 50 1473.800
23 51 8290.300
23 52 14572.900
23 53 5222.900
23 54 6586.700
23 55 11418.300
23 56 11289.700
23 57 12587.200
23 58 16896.300
23 59 12153.900
23 60 17372.800
23 61 12364.900
23 62 8529.600
23 63 20193.000
23 64 15302.300
23 65 4817.300
23 66 4022.100
23 67 17862.900
23 68 11387.400
23 69 14662.100
23 70 11926.300
23 71 14284.900
23 72 14943.600
23 73 8782.100
23 74 3649.900
23 75 16633.100
23 76 16788.600
23 77 10747.600
23 78 21325.900
23 79 9721.000
23 80 7107.700
23 81 12352.000
23 82 11980.600
23 83 8492.400
23 84 4378.500
23 85 17956.100
23 86 17849.100
23 87 4935.900
23 88 13281.800
23 89 17997.500
23 90 17424.300
23 91 8846.300
23 92 6052.700
23 93 13749.600
23 94 20631.800
23 95 12432.100
23 96 8566.300
23 97 11186.800
23 98 8935.300
23 99 7810.500
23 100 9164.200
24 0 9855.200
24 1 5935.100
24 2 14652.700
24 3 14264.800
24 4 8932.200
24 5 10028.700
24 6 12790.800
24 7 12453.600
24 8 4700.500
24 9 13098.900
24 10 10550.000
24 11 16602.700
24 12 3376.000
24 13 6483.100
24 14 10499.700
24 15 4029.900
24 16 9855.200
24 17 12793.600
24 18 9891.600
24 19 15970.600
24 20 4464.700
24 21 5545.200
24 22 11872.800
24 23 18567.400
24 24 0.000
24 25 6605.200
24 26 10437.800
24 27 12436.900
24 28 9314.200
24 29 17942.700
24 30 10695.400
24 31 11331.600
24 32 19011.300
24 33 10446.600
24 34 17384.000
24 35 14796.000
24 36 11170.000
24 37 4863.600
24 38 11241.600
24 39 6794.700
24 40 13916.100
24 41 4658.300
24 42 14359.300
24 43 14209.800
24 44 10490.400
24 45 6193.500
24 46 17623.300
24 47 4697.800
24 48 15037.500
24 49 15024.500
24 50 18865.600
24 51 10821.000
24 52 13243.900
24 53 14979.300
24 54 15132.500
24 55 8405.800
24 56 8768.300
24 57 5906.000
24 58 12016.300
24 59 10824.900
24 60 5205.200
24 61 14577.800
24 62 17233.700
24 63 2779.700
24 64 3444.600
24 65 15175.100
24 66 15343.500
24 67 3122.900
24 68 12203.400
24 69 3326.300
24 70 6682.800
24 71 3531.800
24 72 5078.400
24 73 9598.100
24 74 18315.100
24 75 5409.100
24 76 2053.800
24 77 8866.800
24 78 3912.600
24 79 11891.000
24 80 11232.800
24 81 6290.200
24 82 12796.600
24 83 11473.100
24 84 14345.100
24 85 5895.100
24 86 16492.000
24 87 16029.100
24 88 10708.300
24 89 16640.500
24 90 2580.900
24 91 17550.400
24 92 16410.500
24 93 9591.900
24 94 3697.100
24 95 7740.200
24 96 10711.500
24 97 6408.200
24 98 13967.300
24 99 9955.700
24 100 11309.400
25 0 5565.200
25 1 5402.400
25 2 10306.700
25 3 7492.300
25 4 3740.900
25 5 7947.900
25 6 6018.300
25 7 7266.900
25 8 2197.500
25 9 8227.800
25 10 5877.200
25 11 11416.000
25 12 7965.600
25 13 7355.400
25 14 8419.000
25 15 10016.800
25 16 5565.200
25 17 7607.000
25 18 7671.400
25 19 10784.000
25 20 9953.300
25 21 11125.600
25 22 7526.800
25 23 13380.700
25 24 6688.700
25 25 0.000
25 26 5246.500
25 27 7250.300
25 28 6399.000
25 29 12756.100
25 30 3923.000
25 31 4474.600
25 32 13824.700
25 33 3482.100
25 34 12197.400
25 35 8137.600
25 36 5003.100
25 37 3086.900
25 38 4469.200
25 39 3767.800
25 40 8729.500
25 41 2396.400
25 42 9172.600
25 43 7551.500
25 44 6759.000
25 45 3478.700
25 46 13446.200
25 47 5570.200
25 48 8265.100
25 49 9837.900
25 50 13679.000
25 51 5634.400
25 52 6386.800
25 53 10633.300
25 54 9945.900
25 55 6148.200
25 56 7661.500
25 57 1067.300
25 58 5243.800
25 59 5730.300
25 60 10693.800
25 61 8935.000
25 62 12047.100
25 63 9272.600
25 64 4368.200
25 65 9988.500
25 66 10156.800
25 67 6164.000
25 68 6689.900
25 69 3728.000
25 70 4386.100
25 71 3350.800
25 72 4009.500
25 73 4406.900
25 74 13128.500
25 75 10512.300
25 76 5089.700
25 77 7617.400
25 78 10405.500
25 79 6704.300
25 80 6046.200
25 81 2258.100
25 82 6138.200
25 83 7382.100
25 84 9158.500
25 85 12274.900
25 86 9719.600
25 87 11683.200
25 88 3935.900
25 89 9868.100
25 90 5741.900
25 91 12363.800
25 92 11223.900
25 93 2819.500
25 94 9711.300
25 95 3541.100
25 96 5524.900
25 97 1092.900
25 98 8780.700
25 99 4769.100
25 100 6122.800
26 0 4946.800
26 1 7060.200
26 2 7533.600
26 3 7585.700
26 4 2233.900
26 5 5660.600
26 6 7552.200
26 7 4576.800
26 8 6686.300
26 9 5134.500
26 10 3124.500
26 11 7213.800
26 12 10783.100
26 13 6828.300
26 14 5993.200
26 15 13627.900
26 16 4946.800
26 17 4809.400
26 18 6981.200
26 19 8018.300
26 20 11186.100
26 21 13259.800
26 22 4753.700
26 23 10615.000
26 24 10299.800
26 25 4925.900
26 26 0.000
26 27 4459.600
26 28 3903.200
26 29 9990.400
26 30 5717.500
26 31 4052.400
26 32 11059.000
26 33 3167.400
26 34 9431.700
26 35 5044.400
26 36 3420.800
26 37 7575.800
26 38 5023.600
26 39 7311.500
26 40 5956.300
26 41 6014.200
26 42 6406.900
26 43 4458.200
26 44 4006.300
26 45 6256.200
26 46 10504.200
26 47 8671.700
26 48 5817.900
26 49 7072.200
26 50 10913.300
26 51 2861.300
26 52 5160.600
26 53 7860.200
26 54 7172.700
26 55 5529.800
26 56 7015.900
26 57 5270.900
26 58 8987.600
26 59 3807.600
26 60 11484.300
26 61 4826.100
26 62 9273.900
26 63 12883.800
26 64 7985.900
26 65 7222.800
26 66 7391.200
26 67 10553.700
26 68 2451.700
26 69 7345.800
26 70 6037.800
26 71 6968.600
26 72 7627.200
26 73 1517.000
26 74 10362.800
26 75 10744.600
26 76 9479.300
26 77 6866.800
26 78 14016.600
26 79 3931.200
26 80 3273.100
26 81 5035.700
26 82 3045.000
26 83 4629.400
26 84 6392.800
26 85 12067.600
26 86 9813.000
26 87 8910.000
26 88 4673.600
26 89 9961.500
26 90 9359.600
26 91 9590.700
26 92 8458.200
26 93 5141.300
26 94 13322.500
26 95 5115.800
26 96 2557.700
26 97 3870.400
26 98 6007.600
26 99 1996.000
26 100 3349.600
27 0 5634.200
27 1 7747.700
27 2 3767.300
27 3 10946.600
27 4 3546.000
27 5 6348.000
27 6 10913.100
27 7 1525.100
27 8 9027.900
27 9 4117.600
27 10 3584.300
27 11 3042.200
27 12 11470.500
27 13 7515.700
27 14 6426.900
27 15 13384.200
27 16 5634.200
27 17 900.300
27 18 7414.900
27 19 3370.700
27 20 11873.500
27 21 13947.200
27 22 2723.500
27 23 6760.000
27 24 12634.300
27 25 7267.400
27 26 4619.600
27 27 0.000
27 28 4590.600
27 29 6135.300
27 30 9078.400
27 31 7685.900
27 32 7203.900
27 33 6800.900
27 34 5576.600
27 35 6522.900
27 36 7068.200
27 37 9917.300
27 38 8384.500
27 39 7998.900
27 40 1784.700
27 41 8355.700
27 42 2551.900
27 43 5936.700
27 44 4441.500
27 45 8939.400
27 46 6182.000
27 47 9359.100
27 48 9178.800
27 49 3217.100
27 50 7058.300
27 51 3308.000
27 52 8521.500
27 53 4736.700
27 54 3258.800
27 55 6217.200
27 56 7451.000
27 57 7612.400
27 58 11921.600
27 59 7179.200
27 60 12171.700
27 61 7413.700
27 62 5313.200
27 63 15218.300
27 64 10327.500
27 65 3367.700
27 66 2743.600
27 67 10894.200
27 68 6099.100
27 69 9687.400
27 70 6725.200
27 71 9310.200
27 72 8835.800
27 73 3779.900
27 74 6440.000
27 75 11432.100
27 76 11813.800
27 77 7300.500
27 78 16351.100
27 79 4746.200
27 80 2114.900
27 81 7377.300
27 82 6405.900
27 83 4135.600
27 84 1822.200
27 85 12755.000
27 86 13173.900
27 87 6879.900
27 88 8307.000
27 89 13322.400
27 90 12449.500
27 91 5629.900
27 92 4603.200
27 93 8774.800
27 94 15657.000
27 95 6767.700
27 96 2556.700
27 97 6212.000
27 98 4586.300
27 99 2518.700
27 100 3154.700
28 0 1786.600
28 1 3900.000
28 2 5338.500
28 3 9282.000
28 4 2810.600
28 5 2434.200
28 6 9119.500
28 7 3336.100
28 8 7527.700
28 9 6348.500
28 10 1235.800
28 11 6997.600
28 12 7622.800
28 13 3668.100
28 14 2905.200
28 15 9536.500
28 16 1786.600
28 17 3712.600
28 18 3611.000
28 19 6091.000
28 20 8025.900
28 21 10099.600
28 22 2558.600
28 23 10168.900
28 24 9492.900
28 25 5886.400
28 26 3889.200
28 27 4232.600
28 28 0.000
28 29 9887.900
28 30 7725.700
28 31 6320.800
28 32 10956.500
28 33 5435.800
28 34 9329.300
28 35 8247.400
28 36 6159.200
28 37 8946.100
28 38 7140.700
28 39 4151.300
28 40 5740.100
28 41 7042.900
28 42 6304.500
28 43 7661.200
28 44 1250.900
28 45 5091.700
28 46 8309.000
28 47 5511.400
28 48 9020.900
28 49 6969.700
28 50 10467.100
28 51 4048.100
28 52 8233.100
28 53 5665.100
28 54 7214.300
28 55 2369.600
28 56 3624.500
28 57 6231.400
28 58 10540.600
28 59 5814.100
28 60 8324.000
28 61 8029.100
28 62 9268.600
28 63 12272.700
28 64 7527.100
28 65 7120.400
28 66 5463.900
28 67 7046.500
28 68 5654.800
28 69 6430.000
28 70 2877.600
28 71 7614.300
28 72 4988.100
28 73 3049.500
28 74 8011.200
28 75 7584.400
28 76 7791.600
28 77 3535.400
28 78 12321.900
28 79 5317.500
28 80 4135.400
28 81 4615.400
28 82 6248.000
28 83 2174.900
28 84 5823.300
28 85 8907.400
28 86 11509.200
28 87 6714.900
28 88 6942.000
28 89 11657.700
28 90 8443.800
28 91 9585.300
28 92 8355.800
28 93 7409.700
28 94 10342.400
28 95 3165.300
28 96 2430.200
28 97 4831.000
28 98 7216.900
28 99 3182.800
28 100 1905.000
29 0 12021.500
29 1 14135.000
29 2 4931.200
29 3 15803.100
29 4 9531.200
29 5 9645.300
29 6 15769.600
29 7 8121.500
29 8 13994.000
29 9 8974.100
29 10 9585.100
29 11 3931.600
29 12 17857.800
29 13 13903.000
29 14 9436.600
29 15 20928.500
29 16 12021.500
29 17 7250.100
29 18 11064.200
29 19 3675.000
29 20 18260.800
29 21 20334.500
29 22 8433.900
29 23 3557.800
29 24 17600.400
29 25 12233.500
29 26 9613.100
29 27 6879.000
29 28 10977.900
29 29 0.000
29 30 13934.900
29 31 12651.900
29 32 1068.600
29 33 11766.900
29 34 3421.500
29 35 11748.200
29 36 12802.100
29 37 14883.400
29 38 13241.000
29 39 14386.200
29 40 5420.500
29 41 13321.800
29 42 3944.900
29 43 10793.200
29 44 9984.500
29 45 13563.800
29 46 6326.600
29 47 15746.400
29 48 14035.300
29 49 2605.400
29 50 2645.900
29 51 8281.500
29 52 13378.000
29 53 5214.200
29 54 5484.900
29 55 12604.500
29 56 11281.000
29 57 12578.500
29 58 16887.600
29 59 12145.200
29 60 18559.000
29 61 12270.200
29 62 5320.800
29 63 20184.300
29 64 15293.500
29 65 5103.100
29 66 4013.400
29 67 17854.200
29 68 11378.600
29 69 14653.400
29 70 13112.500
29 71 14276.200
29 72 14934.800
29 73 8773.400
29 74 6210.600
29 75 17819.400
29 76 16779.800
29 77 10738.900
29 78 21317.200
29 79 9712.200
29 80 7099.000
29 81 12343.300
29 82 11262.400
29 83 9678.600
29 84 5564.700
29 85 19142.300
29 86 18030.400
29 87 6611.200
29 88 13273.100
29 89 18178.900
29 90 17415.500
29 91 5637.600
29 92 1532.100
29 93 13939.600
29 94 20623.000
29 95 12423.400
29 96 8557.600
29 97 11178.000
29 98 7833.500
29 99 7801.800
29 100 9155.500
30 0 7408.500
30 1 7503.200
30 2 12150.100
30 3 4291.200
30 4 5584.300
30 5 9791.300
30 6 2817.200
30 7 9110.300
30 8 6003.500
30 9 5290.300
30 10 7720.500
30 11 10019.500
30 12 12014.500
30 13 9290.100
30 14 10262.400
30 15 14065.700
30 16 7408.500
30 17 9191.900
30 18 9514.800
30 19 11666.500
30 20 13647.800
30 21 15721.500
30 22 9370.200
30 23 15224.100
30 24 10737.600
30 25 3889.800
30 26 5091.000
30 27 8673.600
30 28 8242.400
30 29 13054.500
30 30 0.000
30 31 1966.100
30 32 14123.100
30 33 3465.900
30 34 10566.400
30 35 5200.100
30 36 2494.600
30 37 5966.500
30 38 889.700
30 39 7099.200
30 40 10204.400
30 41 6445.300
30 42 11016.000
30 43 4614.000
30 44 8602.400
30 45 6810.200
30 46 15289.600
30 47 9619.100
30 48 5064.000
30 49 11681.200
30 50 15522.400
30 51 8102.800
30 52 2831.400
30 53 12476.700
30 54 9013.000
30 55 7991.600
30 56 9504.900
30 57 4957.100
30 58 3165.400
30 59 3221.800
30 60 13946.000
30 61 5733.900
30 62 11114.200
30 63 13321.500
30 64 8417.100
30 65 10286.900
30 66 11039.400
30 67 10212.900
30 68 3752.400
30 69 7776.900
30 70 8499.600
30 71 7399.700
30 72 8058.300
30 73 6250.300
30 74 14971.900
30 75 13206.400
30 76 9138.600
30 77 9460.800
30 78 14454.400
30 79 8547.700
30 80 7889.600
30 81 5589.600
30 82 3200.700
30 83 9225.400
30 84 11001.900
30 85 14529.300
30 86 6518.400
30 87 13526.500
30 88 2490.200
30 89 6666.900
30 90 9790.800
30 91 11430.900
30 92 11522.400
30 93 2198.100
30 94 13760.200
30 95 7483.100
30 96 7368.300
30 97 4424.300
30 98 7832.400
30 99 6612.500
30 100 7966.200
31 0 6435.000
31 1 8548.500
31 2 10876.000
31 3 3311.100
31 4 4610.800
31 5 8817.800
31 6 3148.600
31 7 8136.800
31 8 6842.900
31 9 4103.200
31 10 7028.400
31 11 8832.500
31 12 12271.300
31 13 8316.600
31 14 9288.900
31 15 15001.300
31 16 6435.000
31 17 8004.800
31 18 8541.300
31 19 10479.400
31 20 12674.300
31 21 14748.100
31 22 8396.700
31 23 14250.600
31 24 11673.200
31 25 4729.300
31 26 3903.900
31 27 7486.500
31 28 7268.900
31 29 11867.400
31 30 1946.300
31 31 0.000
31 32 12936.000
31 33 2492.400
31 34 9379.300
31 35 4013.000
31 36 1504.700
31 37 6805.900
31 38 1252.400
31 39 7938.700
31 40 9017.300
31 41 7284.800
31 42 10042.500
31 43 3426.900
31 44 7910.200
31 45 7649.600
31 46 13290.800
31 47 10458.500
31 48 4083.900
31 49 10707.700
31 50 14548.900
31 51 6915.700
31 52 2262.300
31 53 11503.200
31 54 7825.900
31 55 7018.100
31 56 8531.400
31 57 5796.600
31 58 5797.300
31 59 2248.300
31 60 12972.500
31 61 3794.800
31 62 9927.100
31 63 14257.100
31 64 9256.500
31 65 9099.900
31 66 9852.300
31 67 11052.400
31 68 2565.300
31 69 8616.400
31 70 7526.100
31 71 8239.200
31 72 8897.800
31 73 5420.900
31 74 13998.400
31 75 12232.900
31 76 9978.000
31 77 8487.300
31 78 15390.000
31 79 7574.200
31 80 6916.100
31 81 6429.100
31 82 2013.700
31 83 8533.300
31 84 10028.400
31 85 13555.900
31 86 5538.400
31 87 12553.100
31 88 2341.000
31 89 5686.900
31 90 10630.200
31 91 10243.800
31 92 10335.300
31 93 1951.000
31 94 14695.800
31 95 6509.600
31 96 6394.800
31 97 5263.800
31 98 6645.300
31 99 5639.000
31 100 6992.700
32 0 13090.100
32 1 15203.600
32 2 5999.800
32 3 16871.700
32 4 10599.800
32 5 10713.900
32 6 16838.200
32 7 9190.200
32 8 15062.600
32 9 10042.700
32 10 10653.700
32 11 5000.200
32 12 18926.400
32 13 14971.700
32 14 10505.300
32 15 21997.100
32 16 13090.100
32 17 8318.800
32 18 12132.900
32 19 4743.600
32 20 19329.400
32 21 21403.100
32 22 9502.500
32 23 2978.600
32 24 18669.000
32 25 13302.100
32 26 10681.700
32 27 7947.600
32 28 12046.600
32 29 1068.600
32 30 15003.500
32 31 13720.500
32 32 0.000
32 33 12835.500
32 34 4490.100
32 35 12387.100
32 36 13870.800
32 37 15952.000
32 38 14309.600
32 39 15454.800
32 40 6489.100
32 41 14390.400
32 42 5013.500
32 43 11861.800
32 44 11053.100
32 45 14632.500
32 46 6522.500
32 47 16815.000
32 48 15103.900
32 49 3674.000
32 50 5672.400
32 51 9350.100
32 52 14446.600
32 53 6282.800
32 54 6553.500
32 55 13673.200
32 56 12349.600
32 57 13647.100
32 58 17956.200
32 59 13213.800
32 60 19627.600
32 61 13338.800
32 62 6389.500
32 63 21252.900
32 64 16362.200
32 65 6171.800
32 66 5082.000
32 67 18922.800
32 68 12447.300
32 69 15722.000
32 70 14181.200
32 71 15344.800
32 72 16003.400
32 73 9842.000
32 74 5631.400
32 75 18888.000
32 76 17848.400
32 77 11807.500
32 78 22385.800
32 79 10780.900
32 80 8167.600
32 81 13411.900
32 82 12331.000
32 83 10747.300
32 84 6633.300
32 85 20210.900
32 86 19099.000
32 87 7490.800
32 88 14341.700
32 89 19247.500
32 90 18484.200
32 91 6706.200
32 92 2600.800
32 93 15008.300
32 94 21691.600
32 95 13492.000
32 96 9626.200
32 97 12246.600
32 98 8902.100
32 99 8870.400
32 100 10224.100
33 0 4037.600
33 1 6151.000
33 2 8779.200
33 3 5304.000
33 4 2213.400
33 5 6420.300
33 6 5141.400
33 7 5739.400
33 8 5662.200
33 9 5963.900
33 10 4349.600
33 11 9888.500
33 12 9873.900
33 13 5919.100
33 14 6891.400
33 15 12603.800
33 16 4037.600
33 17 6079.400
33 18 6143.800
33 19 9256.400
33 20 10276.900
33 21 12350.600
33 22 5999.300
33 23 11853.200
33 24 9275.700
33 25 3901.700
33 26 3305.200
33 27 5722.700
33 28 4871.500
33 29 11228.500
33 30 3747.700
33 31 2342.800
33 32 12297.100
33 33 0.000
33 34 10669.800
33 35 5873.800
33 36 2181.200
33 37 6551.600
33 38 3162.700
33 39 6402.300
33 40 7201.900
33 41 4990.000
33 42 7645.100
33 43 5287.600
33 44 5231.400
33 45 5232.100
33 46 11918.600
33 47 7762.500
33 48 6076.700
33 49 8310.300
33 50 12151.400
33 51 4106.800
33 52 4255.100
33 53 9105.800
33 54 8418.300
33 55 4620.600
33 56 6133.900
33 57 4246.700
33 58 7278.000
33 59 1836.100
33 60 10575.100
33 61 5655.500
33 62 10519.500
33 63 11859.600
33 64 6961.800
33 65 8460.900
33 66 8629.300
33 67 9529.500
33 68 3281.100
33 69 6321.700
33 70 5128.600
33 71 5944.500
33 72 6603.100
33 73 2879.300
33 74 11600.900
33 75 9835.400
33 76 8455.200
33 77 6089.800
33 78 12992.500
33 79 5176.800
33 80 4518.600
33 81 4011.600
33 82 3874.400
33 83 5854.500
33 84 7631.000
33 85 11158.400
33 86 7531.200
33 87 10155.600
33 88 2964.000
33 89 7679.700
33 90 8335.500
33 91 10836.200
33 92 9696.300
33 93 3431.700
33 94 12298.400
33 95 4112.100
33 96 3997.300
33 97 2846.300
33 98 7253.100
33 99 3241.500
33 100 4595.200
34 0 9956.300
34 1 12069.800
34 2 5566.300
34 3 12484.700
34 4 8611.700
34 5 9371.900
34 6 12451.200
34 7 6056.400
34 8 13074.400
34 9 5655.600
34 10 8665.600
34 11 1866.400
34 12 15792.600
34 13 11837.900
34 14 9163.200
34 15 20009.000
34 16 9956.300
34 17 5185.000
34 18 10790.800
34 19 5025.800
34 20 16195.600
34 21 18269.400
34 22 6368.700
34 23 7569.300
34 24 16680.900
34 25 11313.900
34 26 8693.500
34 27 4813.800
34 28 8912.800
34 29 3205.200
34 30 10616.500
34 31 9646.300
34 32 4273.900
34 33 10847.400
34 34 0.000
34 35 7204.800
34 36 9483.700
34 37 13963.900
34 38 9922.600
34 39 12321.000
34 40 3355.300
34 41 12402.300
34 42 3361.200
34 43 7474.700
34 44 7919.300
34 45 12644.300
34 46 7634.700
34 47 13681.200
34 48 10716.800
34 49 4026.400
34 50 7867.500
34 51 7362.000
34 52 10059.500
34 53 6546.100
34 54 2190.400
34 55 10539.400
34 56 10928.800
34 57 11659.000
34 58 14467.500
34 59 9870.400
34 60 16493.800
34 61 8951.700
34 62 2012.700
34 63 19264.800
34 64 14374.000
34 65 3038.000
34 66 4398.600
34 67 16934.700
34 68 8546.600
34 69 13733.900
34 70 11047.400
34 71 13356.700
34 72 14015.300
34 73 7853.900
34 74 7317.000
34 75 15754.200
34 76 15860.300
34 77 10778.300
34 78 20397.700
34 79 8792.700
34 80 6179.500
34 81 11423.800
34 82 7943.900
34 83 7613.500
34 84 3499.500
34 85 17077.200
34 86 14711.900
34 87 7943.000
34 88 11011.200
34 89 14860.400
34 90 16496.000
34 91 2329.400
34 92 1673.100
34 93 10621.200
34 94 19703.500
34 95 11503.900
34 96 7638.100
34 97 10258.500
34 98 4515.100
34 99 6882.300
34 100 8236.000
35 0 9791.600
35 1 11905.000
35 2 9518.600
35 3 7157.200
35 4 7107.500
35 5 10505.400
35 6 7123.700
35 7 7177.500
35 8 10185.600
35 9 2113.000
35 10 7200.400
35 11 7475.100
35 12 15627.900
35 13 11673.100
35 14 10581.900
35 15 18512.300
35 16 9791.600
35 17 6647.400
35 18 11569.900
35 19 9122.100
35 20 16030.900
35 21 18104.600
35 22 8174.900
35 23 12223.600
35 24 15184.200
35 25 8071.900
35 26 4557.700
35 27 6129.100
35 28 8748.000
35 29 10510.000
35 30 5289.000
35 31 4318.800
35 32 11578.600
35 33 5835.100
35 34 6858.400
35 35 0.000
35 36 4156.200
35 37 10148.600
35 38 4595.100
35 39 12156.300
35 40 7659.900
35 41 10627.400
35 42 8015.500
35 43 586.200
35 44 8596.400
35 45 10992.300
35 46 11933.400
35 47 13516.500
35 48 5389.300
35 49 8680.800
35 50 12521.900
35 51 5558.300
35 52 4732.100
35 53 11281.300
35 54 6468.500
35 55 10374.600
35 56 11606.000
35 57 9139.200
35 58 9140.000
35 59 4542.900
35 60 16329.100
35 61 3624.200
35 62 7327.600
35 63 17768.100
35 64 12599.200
35 65 7742.500
35 66 8494.900
35 67 15438.000
35 68 3219.100
35 69 11959.100
35 70 10882.600
35 71 11581.800
35 72 12240.500
35 73 6349.700
35 74 11971.400
35 75 15589.400
35 76 14363.600
35 77 11455.500
35 78 18901.000
35 79 7296.000
35 80 6694.200
35 81 9771.800
35 82 2616.500
35 83 8290.600
35 84 8001.400
35 85 16912.400
35 86 9384.500
35 87 12331.200
35 88 5683.700
35 89 9533.000
35 90 14999.300
35 91 8886.400
35 92 8977.900
35 93 5293.700
35 94 18206.800
35 95 10007.200
35 96 6172.900
35 97 8606.500
35 98 3020.100
35 99 5417.100
35 100 6770.800
36 0 6105.600
36 1 8219.000
36 2 9561.400
36 3 4052.900
36 4 4261.700
36 5 7688.400
36 6 3890.400
36 7 6604.600
36 8 7072.500
36 9 4282.900
36 10 5152.300
36 11 9012.200
36 12 11941.900
36 13 7987.100
36 14 8021.000
36 15 14671.800
36 16 6105.600
36 17 6837.300
36 18 8211.800
36 19 10046.100
36 20 12344.900
36 21 14418.600
36 22 6781.500
36 23 12642.900
36 24 11343.700
36 25 4958.900
36 26 2027.800
36 27 6487.400
36 28 5931.000
36 29 12018.200
36 30 2496.600
36 31 1091.700
36 32 13086.800
36 33 2162.900
36 34 9559.000
36 35 4192.700
36 36 0.000
36 37 7035.500
36 38 1911.600
36 39 8470.300
36 40 7984.200
36 41 7514.400
36 42 8434.800
36 43 3606.600
36 44 6034.200
36 45 7879.200
36 46 12532.000
36 47 9830.500
36 48 4966.200
36 49 9100.000
36 50 12941.200
36 51 4889.100
36 52 3004.000
36 53 9888.000
36 54 8005.600
36 55 6688.600
36 56 8201.900
36 57 6026.200
36 58 6026.900
36 59 837.700
36 60 12643.100
36 61 3974.500
36 62 10106.800
36 63 13927.600
36 64 9486.100
36 65 9250.600
36 66 9419.000
36 67 11282.000
36 68 1600.100
36 69 8846.000
36 70 7196.600
36 71 8468.800
36 72 9127.400
36 73 3544.800
36 74 12390.600
36 75 11903.400
36 76 10207.600
36 77 8157.800
36 78 15060.500
36 79 5959.000
36 80 5300.900
36 81 6658.700
36 82 2193.300
36 83 6657.200
36 84 8420.700
36 85 13226.400
36 86 6280.100
36 87 10937.900
36 88 2472.700
36 89 6428.600
36 90 10859.800
36 91 10423.500
36 92 10486.100
36 93 2180.700
36 94 14366.300
36 95 6180.100
36 96 4585.600
36 97 5493.400
36 98 6825.000
36 99 4023.800
36 100 5377.500
37 0 7084.500
37 1 4826.700
37 2 13080.000
37 3 9507.000
37 4 6514.200
37 5 9859.500
37 6 8033.000
37 7 10040.200
37 8 1247.000
37 9 10242.400
37 10 8650.400
37 11 14189.300
37 12 6924.100
37 13 6313.900
37 14 10330.600
37 15 8837.800
37 16 7084.500
37 17 10380.200
37 18 9722.500
37 19 13557.200
37 20 8911.800
37 21 10549.800
37 22 10300.100
37 23 16154.000
37 24 6112.900
37 25 3395.000
37 26 8019.800
37 27 10023.500
37 28 8039.200
37 29 15529.300
37 30 5937.600
37 31 6489.200
37 32 16597.900
37 33 7989.000
37 34 14970.600
37 35 10152.300
37 36 7017.800
37 37 0.000
37 38 6483.800
37 39 5686.300
37 40 11502.700
37 41 2239.600
37 42 11945.900
37 43 9566.100
37 44 8938.000
37 45 4548.800
37 46 16219.400
37 47 4528.700
37 48 10279.700
37 49 12611.100
37 50 16452.200
37 51 8407.600
37 52 8401.500
37 53 13406.600
37 54 12719.100
37 55 6462.000
37 56 8599.200
37 57 2430.100
37 58 7258.500
37 59 7744.900
37 60 9652.300
37 61 10949.700
37 62 14820.300
37 63 8696.800
37 64 2119.900
37 65 12761.700
37 66 12930.100
37 67 4488.700
37 68 8704.500
37 69 3152.200
37 70 5574.300
37 71 2775.000
37 72 3433.700
37 73 7180.100
37 74 15901.700
37 75 9470.800
37 76 3414.400
37 77 8697.700
37 78 9829.700
37 79 9477.600
37 80 8819.400
37 81 3871.400
37 82 8152.900
37 83 10155.300
37 84 11931.800
37 85 10793.700
37 86 11734.200
37 87 14456.400
37 88 5950.600
37 89 11882.700
37 90 4066.600
37 91 15137.000
37 92 13997.100
37 93 4834.100
37 94 9135.600
37 95 5321.500
37 96 8298.100
37 97 3989.400
37 98 11553.900
37 99 7542.400
37 100 8896.000
38 0 6853.900
38 1 8967.400
38 2 11595.500
38 3 3345.200
38 4 5029.700
38 5 9236.700
38 6 2218.000
38 7 8555.700
38 8 6535.400
38 9 4735.700
38 10 7165.900
38 11 9465.000
38 12 12546.400
38 13 8735.500
38 14 9707.800
38 15 14597.600
38 16 6853.900
38 17 8637.300
38 18 8960.200
38 19 11111.900
38 20 13093.200
38 21 15167.000
38 22 8815.600
38 23 14669.500
38 24 11269.500
38 25 4421.700
38 26 4536.400
38 27 8119.000
38 28 7687.800
38 29 12499.900
38 30 693.900
38 31 1411.500
38 32 13568.500
38 33 2911.300
38 34 10011.800
38 35 4645.500
38 36 1940.000
38 37 6498.400
38 38 0.000
38 39 7631.200
38 40 9649.800
38 41 6977.200
38 42 10461.400
38 43 4059.400
38 44 8047.800
38 45 7342.100
38 46 14735.000
38 47 10151.000
38 48 4117.900
38 49 11126.600
38 50 14967.800
38 51 7548.200
38 52 2296.300
38 53 11922.100
38 54 8458.400
38 55 7437.000
38 56 8950.300
38 57 5489.000
38 58 3709.400
38 59 2667.200
38 60 13391.400
38 61 3932.700
38 62 10559.600
38 63 13853.400
38 64 8949.000
38 65 9732.400
38 66 10484.800
38 67 10744.800
38 68 3197.800
38 69 8308.800
38 70 7945.000
38 71 7931.600
38 72 8590.300
38 73 5695.700
38 74 14417.300
38 75 12651.800
38 76 9670.500
38 77 8906.200
38 78 14986.300
38 79 7993.100
38 80 7335.000
38 81 6121.500
38 82 2646.200
38 83 8670.800
38 84 10447.300
38 85 13974.800
38 86 5572.400
38 87 12972.000
38 88 1935.600
38 89 5720.900
38 90 10322.700
38 91 10876.300
38 92 10967.800
38 93 1643.500
38 94 14292.200
38 95 6928.500
38 96 6813.700
38 97 4956.300
38 98 7277.800
38 99 6057.900
38 100 7411.600
39 0 2953.900
39 1 1229.200
39 2 9247.000
39 3 11552.700
39 4 5406.600
39 5 5714.000
39 6 10078.700
39 7 7244.600
39 8 4516.200
39 9 10257.000
39 10 5144.400
39 11 10906.100
39 12 4757.400
39 13 3430.100
39 14 6185.100
39 15 6671.100
39 16 2953.900
39 17 7621.100
39 18 5577.000
39 19 9999.500
39 20 6745.100
39 21 8405.800
39 22 6467.100
39 23 14077.400
39 24 6627.500
39 25 4650.000
39 26 7575.100
39 27 8141.100
39 28 3908.500
39 29 13796.400
39 30 7983.300
39 31 8685.300
39 32 14865.100
39 33 7800.300
39 34 13237.800
39 35 11933.300
39 36 8523.700
39 37 5405.700
39 38 8529.500
39 39 0.000
39 40 9648.600
39 41 4031.500
39 42 10213.000
39 43 11347.200
39 44 4807.400
39 45 1234.400
39 46 12217.600
39 47 2779.800
39 48 12325.400
39 49 10878.200
39 50 14375.700
39 51 7956.600
39 52 10597.600
39 53 9573.600
39 54 11122.800
39 55 2331.400
39 56 4043.900
39 57 5279.200
39 58 9304.200
39 59 8178.600
39 60 7485.500
39 61 11715.100
39 62 13177.100
39 63 9407.200
39 64 4558.900
39 65 11028.900
39 66 9372.400
39 67 4181.100
39 68 9340.700
39 69 3461.800
39 70 1443.700
39 71 4646.100
39 72 1976.700
39 73 6958.000
39 74 11919.800
39 75 7689.500
39 76 4823.400
39 77 4552.200
39 78 9456.500
39 79 9250.300
39 80 8043.900
39 81 2455.000
39 82 9934.000
39 83 5790.100
39 84 9731.800
39 85 9036.800
39 86 13779.900
39 87 10623.400
39 88 7996.200
39 89 13928.400
39 90 5475.600
39 91 13493.800
39 92 12264.300
39 93 6879.800
39 94 7477.000
39 95 3528.100
39 96 6338.700
39 97 3556.800
39 98 11125.400
39 99 7091.300
39 100 5813.600
40 0 7158.900
40 1 9272.400
40 2 4240.000
40 3 11994.500
40 4 5353.300
40 5 8045.600
40 6 11961.000
40 7 3049.800
40 8 10117.400
40 9 5165.400
40 10 5217.900
40 11 1347.400
40 12 12995.200
40 13 9040.500
40 14 7836.900
40 15 14908.900
40 16 7158.900
40 17 2089.800
40 18 9464.500
40 19 3843.400
40 20 13398.200
40 21 15471.900
40 22 4248.300
40 23 6445.600
40 24 13723.800
40 25 8356.900
40 26 5729.000
40 27 1807.300
40 28 6115.400
40 29 4364.000
40 30 10126.300
40 31 8775.300
40 32 5432.600
40 33 7890.300
40 34 3805.400
40 35 7570.700
40 36 8157.700
40 37 11006.800
40 38 9432.400
40 39 9523.600
40 40 0.000
40 41 9445.200
40 42 2237.500
40 43 6984.500
40 44 5966.200
40 45 10464.100
40 46 6511.100
40 47 10883.800
40 48 10226.600
40 49 2902.700
40 50 6743.900
40 51 4397.400
40 52 9569.300
40 53 5209.400
40 54 1969.700
40 55 7742.000
40 56 8975.700
40 57 8701.900
40 58 13011.000
40 59 8268.600
40 60 13696.400
40 61 8461.500
40 62 3618.400
40 63 16307.700
40 64 11417.000
40 65 1596.500
40 66 3216.300
40 67 13977.600
40 68 7188.600
40 69 10776.800
40 70 8250.000
40 71 10399.600
40 72 10360.500
40 73 4889.300
40 74 6193.300
40 75 12956.800
40 76 12903.200
40 77 8825.200
40 78 17440.600
40 79 5835.700
40 80 3204.300
40 81 8466.700
40 82 7453.700
40 83 5660.400
40 84 2375.800
40 85 14279.700
40 86 14221.700
40 87 7237.200
40 88 9396.500
40 89 14370.200
40 90 13539.000
40 91 3935.100
40 92 2831.900
40 93 9864.300
40 94 16746.400
40 95 8546.800
40 96 4364.000
40 97 7301.400
40 98 4318.400
40 99 3917.700
40 100 4548.700
41 0 5066.300
41 1 2916.100
41 2 11010.600
41 3 9776.600
41 4 4444.800
41 5 9120.700
41 6 8302.600
41 7 7970.800
41 8 1288.200
41 9 8616.200
41 10 6581.000
41 11 12119.900
41 12 6185.300
41 13 5575.100
41 14 9591.800
41 15 8236.500
41 16 5066.300
41 17 8310.900
41 18 8375.300
41 19 11487.800
41 20 8173.000
41 21 9345.200
41 22 8230.700
41 23 14084.600
41 24 4908.300
41 25 2117.100
41 26 5950.400
41 27 7954.100
41 28 6128.600
41 29 13459.900
41 30 6207.300
41 31 6758.900
41 32 14528.500
41 33 5959.200
41 34 12901.300
41 35 10421.900
41 36 6682.600
41 37 2177.600
41 38 6753.500
41 39 3311.700
41 40 9433.300
41 41 0.000
41 42 9876.500
41 43 9835.800
41 44 7462.900
41 45 2638.300
41 46 14150.100
41 47 3789.800
41 48 10549.400
41 49 10541.700
41 50 14382.900
41 51 6338.300
41 52 8671.200
41 53 11337.200
41 54 10649.700
41 55 4551.400
41 56 6263.900
41 57 1417.900
41 58 7528.100
41 59 6337.500
41 60 8913.500
41 61 11219.300
41 62 12750.900
41 63 7492.300
41 64 2587.800
41 65 10692.400
41 66 10860.700
41 67 4383.700
41 68 7716.000
41 69 1947.700
41 70 3663.800
41 71 1570.500
41 72 1604.200
41 73 5110.700
41 74 13832.400
41 75 8732.000
41 76 3309.300
41 77 7958.800
41 78 8625.200
41 79 7408.200
41 80 6750.100
41 81 1802.000
41 82 8422.500
41 83 8085.900
41 84 9862.400
41 85 10494.600
41 86 12003.900
41 87 12387.000
41 88 6220.200
41 89 12152.400
41 90 3961.500
41 91 13067.700
41 92 11927.800
41 93 5103.800
41 94 7931.000
41 95 3252.100
41 96 6228.700
41 97 1920.100
41 98 9484.600
41 99 5473.000
41 100 6826.600
42 0 7738.000
42 1 9851.400
42 2 2124.500
42 3 12983.200
42 4 6901.400
42 5 6695.100
42 6 12820.700
42 7 4268.900
42 8 11364.100
42 9 6430.300
42 10 6955.300
42 11 3606.300
42 12 13574.300
42 13 9619.500
42 14 6486.500
42 15 15487.900
42 16 7738.000
42 17 3127.800
42 18 8114.100
42 19 1596.800
42 20 13977.300
42 21 16051.000
42 22 4150.400
42 23 4208.100
42 24 14970.500
42 25 9603.600
42 26 6983.200
42 27 3644.500
42 28 6694.400
42 29 4946.300
42 30 11427.000
42 31 10022.100
42 32 6014.900
42 33 9137.100
42 34 4387.600
42 35 8835.600
42 36 9860.400
42 37 12253.500
42 38 10841.900
42 39 10102.700
42 40 2401.700
42 41 10691.900
42 42 0.000
42 43 8249.400
42 44 5700.900
42 45 10934.000
42 46 4273.600
42 47 11462.900
42 48 12114.900
42 49 665.200
42 50 4506.400
42 51 5651.700
42 52 11934.400
42 53 3136.000
42 54 3948.100
42 55 8321.000
42 56 8330.800
42 57 9948.600
42 58 14257.800
42 59 9515.400
42 60 14275.400
42 61 9726.400
42 62 5891.000
42 63 17554.500
42 64 12663.700
42 65 2178.700
42 66 1025.400
42 67 15224.400
42 68 8748.800
42 69 12023.600
42 70 8829.000
42 71 11646.300
42 72 12305.000
42 73 6143.600
42 74 3955.900
42 75 13535.800
42 76 14150.000
42 77 7788.700
42 78 18687.300
42 79 7082.400
42 80 4469.200
42 81 9713.500
42 82 9342.000
42 83 5395.100
42 84 1739.900
42 85 14858.800
42 86 15210.500
42 87 4533.000
42 88 10643.200
42 89 15359.000
42 90 14785.700
42 91 6207.800
42 92 3414.100
42 93 11111.000
42 94 17993.200
42 95 9793.600
42 96 5927.700
42 97 8548.200
42 98 6296.800
42 99 5172.000
42 100 6525.600
43 0 9205.400
43 1 11318.900
43 2 8932.500
43 3 6571.000
43 4 6521.300
43 5 9919.200
43 6 6537.500
43 7 6591.400
43 8 9599.400
43 9 1526.900
43 10 6614.300
43 11 6888.900
43 12 15041.700
43 13 11086.900
43 14 9995.700
43 15 17926.100
43 16 9205.400
43 17 6061.300
43 18 10983.700
43 19 8535.900
43 20 15444.700
43 21 17518.400
43 22 7588.700
43 23 11637.500
43 24 14598.000
43 25 7485.800
43 26 3971.600
43 27 5543.000
43 28 8161.800
43 29 9923.900
43 30 4702.800
43 31 3732.600
43 32 10992.500
43 33 5248.900
43 34 7435.800
43 35 586.200
43 36 3570.100
43 37 9562.500
43 38 4008.900
43 39 11570.100
43 40 7073.700
43 41 10041.300
43 42 7429.400
43 43 0.000
43 44 8010.300
43 45 10406.100
43 46 11347.200
43 47 12930.300
43 48 4803.200
43 49 8094.600
43 50 11935.800
43 51 4972.100
43 52 4145.900
43 53 10695.200
43 54 5882.300
43 55 9788.400
43 56 11019.800
43 57 8553.100
43 58 8553.800
43 59 3956.800
43 60 15742.900
43 61 3038.100
43 62 7983.500
43 63 17181.900
43 64 12013.000
43 65 7156.300
43 66 7908.800
43 67 14851.800
43 68 2632.900
43 69 11372.900
43 70 10296.400
43 71 10995.700
43 72 11654.300
43 73 5763.500
43 74 11385.200
43 75 15003.300
43 76 13777.500
43 77 10869.300
43 78 18314.800
43 79 6709.900
43 80 6108.100
43 81 9185.600
43 82 2030.300
43 83 7704.400
43 84 7415.300
43 85 16326.200
43 86 8798.300
43 87 11745.000
43 88 5097.500
43 89 8946.800
43 90 14413.200
43 91 8300.200
43 92 8391.700
43 93 4707.600
43 94 17620.600
43 95 9421.000
43 96 5586.700
43 97 8020.300
43 98 3272.800
43 99 4831.000
43 100 6184.600
44 0 2593.200
44 1 4358.800
44 2 4709.800
44 3 11120.300
44 4 3142.200
44 5 1867.300
44 6 11086.800
44 7 3261.200
44 8 7986.500
44 9 6483.200
44 10 1567.400
44 11 7919.200
44 12 8429.500
44 13 4474.700
44 14 2365.300
44 15 10343.200
44 16 2593.200
44 17 3847.300
44 18 3016.300
44 19 5462.300
44 20 8832.500
44 21 10906.200
44 22 1928.600
44 23 9540.200
44 24 10299.500
44 25 6827.000
44 26 4220.700
44 27 4367.300
44 28 1549.600
44 29 9259.200
44 30 8532.300
44 31 7127.500
44 32 10327.800
44 33 6242.400
44 34 8700.600
44 35 8578.900
44 36 6955.400
44 37 8875.900
44 38 7947.300
44 39 4610.100
44 40 5874.800
44 41 7501.700
44 42 5675.800
44 43 7992.800
44 44 0.000
44 45 5550.600
44 46 7124.600
44 47 6318.100
44 48 9352.500
44 49 6341.000
44 50 9838.500
44 51 4182.900
44 52 8695.200
44 53 5037.600
44 54 8261.100
44 55 3176.200
44 56 3029.800
44 57 7172.000
44 58 11481.200
44 59 6620.700
44 60 9130.700
44 61 8360.700
44 62 10204.000
44 63 13079.300
44 64 8333.700
44 65 6491.700
44 66 4835.200
44 67 7853.200
44 68 5986.300
44 69 7236.600
44 70 3336.400
44 71 8421.000
44 72 5446.900
44 73 3381.100
44 74 7382.500
44 75 8391.000
44 76 8598.300
44 77 3238.900
44 78 13128.500
44 79 5649.000
44 80 4270.100
44 81 5422.000
44 82 6579.600
44 83 1002.900
44 84 5194.600
44 85 9714.000
44 86 13347.600
44 87 6087.400
44 88 7748.600
44 89 13496.100
44 90 9250.500
44 91 10520.700
44 92 7727.100
44 93 8216.400
44 94 11149.000
44 95 3971.900
44 96 2761.800
44 97 5771.600
44 98 7351.600
44 99 3317.600
44 100 2236.600
45 0 3533.700
45 1 1054.500
45 2 9826.900
45 3 10318.200
45 4 4780.600
45 5 6293.900
45 6 8844.200
45 7 7824.500
45 8 3656.600
45 9 8952.000
45 10 5724.200
45 11 12455.700
45 12 4052.000
45 13 2724.600
45 14 6765.000
45 15 5965.600
45 16 3533.700
45 17 8201.000
45 18 6156.900
45 19 10579.400
45 20 6039.700
45 21 7700.400
45 22 7047.000
45 23 14420.400
45 24 5922.000
45 25 3415.600
45 26 6286.200
45 27 8290.000
45 28 4488.400
45 29 13795.700
45 30 6748.900
45 31 7300.500
45 32 14864.400
45 33 6295.100
45 34 13237.100
45 35 10963.500
45 36 7018.400
45 37 4546.000
45 38 7295.100
45 39 1559.400
45 40 10228.500
45 41 3171.800
45 42 10212.300
45 43 10377.400
45 44 5387.300
45 45 0.000
45 46 12797.400
45 47 2074.400
45 48 11091.000
45 49 10877.500
45 50 14718.700
45 51 6674.100
45 52 9212.800
45 53 10153.500
45 54 10985.600
45 55 2911.200
45 56 4623.700
45 57 4419.500
45 58 8069.700
45 59 6673.400
45 60 6780.100
45 61 11760.900
45 62 13086.800
45 63 8701.800
45 64 3699.200
45 65 11028.200
45 66 9952.200
45 67 3475.700
45 68 8051.800
45 69 2602.100
45 70 2023.500
45 71 3786.500
45 72 1117.000
45 73 5446.600
45 74 12499.600
45 75 6984.000
45 76 3963.800
45 77 5132.000
45 78 8751.000
45 79 7744.000
45 80 7085.900
45 81 1220.500
45 82 8645.100
45 83 6369.900
45 84 10198.200
45 85 8331.400
45 86 12545.500
45 87 11203.300
45 88 6761.800
45 89 12694.000
45 90 4616.000
45 91 13403.500
45 92 12263.600
45 93 5645.400
45 94 6771.500
45 95 2293.700
45 96 6564.600
45 97 2322.300
45 98 9820.400
45 99 5808.800
45 100 6393.400
46 0 9099.600
46 1 11213.100
46 2 3058.900
46 3 16165.900
46 4 9071.800
46 5 7326.000
46 6 17011.400
46 7 5630.500
46 8 14546.800
46 9 9966.900
46 10 7705.100
46 11 7774.500
46 12 14935.900
46 13 10981.100
46 14 7117.400
46 15 16849.600
46 16 9099.600
46 17 5328.200
46 18 8745.000
46 19 3264.300
46 20 15338.900
46 21 17412.600
46 22 5512.200
46 23 3298.500
46 24 16806.000
46 25 12786.300
46 26 10145.300
46 27 6199.500
46 28 8056.000
46 29 5140.300
46 30 14609.700
46 31 13204.800
46 32 4791.300
46 33 12319.800
46 34 8555.900
46 35 12372.200
46 36 12880.000
46 37 15436.200
46 38 14024.600
46 39 11464.300
46 40 6570.000
46 41 13874.600
46 42 5681.000
46 43 11786.000
46 44 7062.800
46 45 12404.800
46 46 0.000
46 47 12824.500
46 48 15277.100
46 49 4143.800
46 50 3596.800
46 51 8826.900
46 52 14619.800
46 53 2489.500
46 54 8116.400
46 55 9682.600
46 56 8961.700
46 57 13131.300
46 58 17440.500
46 59 12698.100
46 60 15637.100
46 61 14285.300
46 62 10059.300
46 63 19585.700
46 64 14840.100
46 65 6347.000
46 66 3558.700
46 67 14359.600
46 68 11910.900
46 69 13743.000
46 70 10190.600
46 71 14927.400
46 72 12301.200
46 73 9305.700
46 74 852.900
46 75 14897.500
46 76 15104.700
46 77 8419.600
46 78 19635.000
46 79 10265.100
46 80 8220.500
46 81 11928.400
46 82 12504.200
46 83 6757.000
46 84 5199.800
46 85 16220.400
46 86 18393.200
46 87 1379.300
46 88 13825.900
46 89 18541.700
46 90 15756.900
46 91 10376.000
46 92 7582.400
46 93 14293.700
46 94 17655.500
46 95 10478.300
46 96 7745.600
46 97 11730.900
46 98 10465.000
46 99 8012.900
46 100 7311.600
47 0 4515.700
47 1 2257.900
47 2 10864.300
47 3 13498.500
47 4 7023.900
47 5 6240.300
47 6 12024.500
47 7 8861.900
47 8 4582.600
47 9 11874.300
47 10 6761.700
47 11 12523.400
47 12 2612.200
47 13 2694.700
47 14 6711.400
47 15 4525.900
47 16 4515.700
47 17 9238.400
47 18 6103.300
47 19 11616.800
47 20 4599.900
47 21 6260.600
47 22 8084.400
47 23 15694.700
47 24 4482.300
47 25 6044.700
47 26 9192.400
47 27 9758.400
47 28 5525.800
47 29 15413.700
47 30 9929.200
47 31 10302.600
47 32 16482.400
47 33 9417.600
47 34 14855.100
47 35 13550.600
47 36 10141.000
47 37 5089.900
47 38 10475.400
47 39 3117.400
47 40 11265.900
47 41 4097.800
47 42 11830.300
47 43 12964.500
47 44 6702.100
47 45 2368.200
47 46 13834.900
47 47 0.000
47 48 14271.300
47 49 12495.500
47 50 15993.000
47 51 9573.900
47 52 12214.900
47 53 11190.900
47 54 12740.100
47 55 3893.200
47 56 4980.000
47 57 5345.500
47 58 11250.000
47 59 9795.900
47 60 5340.400
47 61 13332.400
47 62 14794.400
47 63 7262.000
47 64 3670.900
47 65 12646.200
47 66 10989.700
47 67 1592.300
47 68 10958.000
47 69 2573.800
47 70 3005.500
47 71 3758.100
47 72 2204.600
47 73 8575.300
47 74 13537.100
47 75 5204.400
47 76 2230.500
47 77 5078.400
47 78 7311.300
47 79 10867.600
47 80 9661.200
47 81 3588.800
47 82 11551.300
47 83 7684.700
47 84 11349.100
47 85 6527.300
47 86 15725.800
47 87 12240.700
47 88 9942.100
47 89 15874.300
47 90 3041.800
47 91 15111.100
47 92 13881.600
47 93 8825.700
47 94 5331.800
47 95 4661.900
47 96 7956.000
47 97 5847.700
47 98 12742.700
47 99 8708.600
47 100 7430.900
48 0 9396.000
48 1 11509.500
48 2 11421.400
48 3 2697.300
48 4 6683.100
48 5 10109.800
48 6 2663.800
48 7 9026.000
48 8 10180.700
48 9 4648.600
48 10 7573.700
48 11 9377.800
48 12 15232.300
48 13 11277.600
48 14 10442.500
48 15 18077.200
48 16 9396.000
48 17 8550.200
48 18 11430.500
48 19 11024.800
48 20 15635.300
48 21 17709.000
48 22 9203.000
48 23 14126.400
48 24 14749.100
48 25 8067.000
48 26 4449.300
48 27 8031.900
48 28 8352.500
48 29 12412.800
48 30 4860.900
48 31 4210.300
48 32 13481.400
48 33 5351.100
48 34 9924.700
48 35 4558.400
48 36 4047.800
48 37 10143.700
48 38 4486.700
48 39 11276.500
48 40 9562.600
48 41 10622.500
48 42 9918.300
48 43 3972.200
48 44 8455.600
48 45 10987.400
48 46 13836.100
48 47 13796.300
48 48 0.000
48 49 10583.500
48 50 14424.700
48 51 7461.000
48 52 1600.900
48 53 12309.400
48 54 8371.200
48 55 9979.100
48 56 11465.100
48 57 9134.300
48 58 5984.000
48 59 4434.500
48 60 15933.500
48 61 1123.700
48 62 10472.400
48 63 17333.000
48 64 12594.300
48 65 9645.200
48 66 10397.700
48 67 14390.200
48 68 3110.700
48 69 11954.200
48 70 10487.100
48 71 11576.900
48 72 12235.600
48 73 5966.200
48 74 13874.100
48 75 15193.900
48 76 13315.800
48 77 11316.100
48 78 18465.900
48 79 9198.800
48 80 7722.300
48 81 9766.900
48 82 1930.200
48 83 9078.600
48 84 9904.200
48 85 16516.800
48 86 4924.600
48 87 13359.300
48 88 5575.200
48 89 5073.100
48 90 13968.000
48 91 10789.200
48 92 10880.600
48 93 5185.300
48 94 17771.700
48 95 9565.100
48 96 7007.000
48 97 8601.600
48 98 7190.600
48 99 6445.200
48 100 7798.900
49 0 8299.600
49 1 10413.100
49 2 2404.200
49 3 13086.100
49 4 7004.300
49 5 7118.300
49 6 12923.600
49 7 4830.500
49 8 11467.000
49 9 6533.200
49 10 7058.200
49 11 3709.200
49 12 14135.900
49 13 10181.100
49 14 6909.700
49 15 18401.500
49 16 8299.600
49 17 3528.200
49 18 8537.300
49 19 1148.000
49 20 14538.900
49 21 16612.600
49 22 4712.000
49 23 3734.200
49 24 15073.400
49 25 9706.500
49 26 7086.100
49 27 3153.800
49 28 7256.000
49 29 5049.200
49 30 11529.900
49 31 10125.000
49 32 6117.800
49 33 9240.000
49 34 4490.500
49 35 8938.400
49 36 9963.300
49 37 12356.400
49 38 10944.800
49 39 10664.300
49 40 2504.600
49 41 10794.800
49 42 1417.900
49 43 8352.300
49 44 6262.600
49 45 11036.900
49 46 3799.700
49 47 12024.500
49 48 12217.800
49 49 0.000
49 50 4032.500
49 51 5754.600
49 52 12037.300
49 53 2687.300
49 54 4051.000
49 55 8882.600
49 56 8754.000
49 57 10051.500
49 58 14360.700
49 59 9618.300
49 60 14837.100
49 61 9829.300
49 62 5993.900
49 63 17657.400
49 64 12766.600
49 65 2281.600
49 66 1486.400
49 67 15327.300
49 68 8851.700
49 69 12126.500
49 70 9390.600
49 71 11749.200
49 72 12407.900
49 73 6246.500
49 74 3482.000
49 75 14097.500
49 76 14252.900
49 77 8211.900
49 78 18790.200
49 79 7185.300
49 80 4572.000
49 81 9816.400
49 82 9444.900
49 83 5956.700
49 84 1842.800
49 85 15420.400
49 86 15313.400
49 87 4084.300
49 88 10746.100
49 89 15461.900
49 90 14888.600
49 91 6310.700
49 92 3517.000
49 93 11213.900
49 94 18096.100
49 95 9896.500
49 96 6030.600
49 97 8651.100
49 98 6399.700
49 99 5274.900
49 100 6628.500
50 0 13565.000
50 1 15678.500
50 2 7704.900
50 3 17346.700
50 4 11074.700
50 5 12368.900
50 6 17313.100
50 7 9665.100
50 8 15537.500
50 9 10517.600
50 10 11128.600
50 11 5475.100
50 12 19401.300
50 13 15446.600
50 14 12160.300
50 15 22472.000
50 16 13565.000
50 17 8793.700
50 18 13787.900
50 19 5218.500
50 20 19804.300
50 21 20970.700
50 22 9977.400
50 23 2202.300
50 24 19143.900
50 25 13777.000
50 26 11156.600
50 27 8422.500
50 28 12521.500
50 29 1543.500
50 30 15478.400
50 31 14195.400
50 32 1194.500
50 33 13310.400
50 34 4965.000
50 35 13291.700
50 36 14345.700
50 37 16426.900
50 38 14784.500
50 39 15929.700
50 40 6964.000
50 41 14865.300
50 42 5488.400
50 43 12336.700
50 44 11528.000
50 45 15107.400
50 46 5746.200
50 47 17289.900
50 48 15578.800
50 49 4148.900
50 50 0.000
50 51 9825.000
50 52 14921.500
50 53 7824.700
50 54 7028.400
50 55 14148.100
50 56 14004.600
50 57 14122.000
50 58 18431.100
50 59 13688.700
50 60 19195.200
50 61 13813.700
50 62 6864.400
50 63 21727.800
50 64 16837.100
50 65 6646.700
50 66 5556.900
50 67 19397.700
50 68 12922.200
50 69 16196.900
50 70 14656.100
50 71 15819.700
50 72 16478.400
50 73 10316.900
50 74 4855.100
50 75 18455.600
50 76 18323.400
50 77 13462.500
50 78 22860.700
50 79 11255.800
50 80 8642.500
50 81 13886.800
50 82 12805.900
50 83 11222.200
50 84 7108.200
50 85 19778.500
50 86 19573.900
50 87 6714.600
50 88 14816.600
50 89 19722.400
50 90 18959.100
50 91 7181.100
50 92 3075.700
50 93 15483.200
50 94 22166.500
50 95 13966.900
50 96 10101.100
50 97 12721.500
50 98 9377.000
50 99 9345.300
50 100 10699.000
51 0 7047.000
51 1 9160.500
51 2 7052.800
51 3 9106.900
51 4 4417.600
51 5 7760.800
51 6 9073.400
51 7 3358.600
51 8 8935.600
51 9 2277.900
51 10 4455.900
51 11 5318.000
51 12 12883.300
51 13 8928.500
51 14 7837.300
51 15 15870.100
51 16 7047.000
51 17 3744.900
51 18 8825.300
51 19 6219.500
51 20 13286.300
51 21 15360.000
51 22 4272.900
51 23 9355.300
51 24 12542.000
51 25 7175.100
51 26 3352.700
51 27 3226.600
51 28 6003.400
51 29 8353.000
51 30 7238.700
51 31 6268.500
51 32 9421.600
51 33 6202.500
51 34 5864.900
51 35 4683.200
51 36 4899.200
51 37 9825.000
51 38 6544.800
51 39 9411.700
51 40 4705.800
51 41 8263.400
51 42 5147.200
51 43 4097.000
51 44 5851.900
51 45 8505.500
51 46 10023.400
51 47 10771.900
51 48 7339.100
51 49 5812.400
51 50 9653.600
51 51 0.000
51 52 6681.800
51 53 7379.400
51 54 4311.500
51 55 7630.000
51 56 8861.400
51 57 7520.100
51 58 11089.700
51 59 5285.900
51 60 13584.500
51 61 5574.000
51 62 6412.700
51 63 15125.900
51 64 10235.200
51 65 5585.400
51 66 5592.400
51 67 12795.800
51 68 3930.100
51 69 9595.000
51 70 8138.000
51 71 9217.800
51 72 9876.500
51 73 3707.500
51 74 9103.000
51 75 12844.900
51 76 11721.500
51 77 8710.900
51 78 16258.800
51 79 4653.900
51 80 2022.500
51 81 7284.900
51 82 4566.200
51 83 5546.000
51 84 5133.100
51 85 14167.800
51 86 11334.200
51 87 8429.300
51 88 7633.400
51 89 11482.700
51 90 12357.200
51 91 6729.400
51 92 6820.900
51 93 7243.500
51 94 15564.700
51 95 7365.000
51 96 3428.300
51 97 6119.700
51 98 3146.300
51 99 2735.900
51 100 4026.200
52 0 8010.800
52 1 10124.200
52 2 11048.100
52 3 2717.600
52 4 6186.500
52 5 9736.600
52 6 2555.100
52 7 8652.800
52 8 8418.600
52 9 4275.300
52 10 7200.500
52 11 9004.600
52 12 13847.100
52 13 9892.300
52 14 10069.200
52 15 16577.000
52 16 8010.800
52 17 8176.900
52 18 10117.000
52 19 10651.500
52 20 14250.100
52 21 16323.800
52 22 8829.700
52 23 13753.100
52 24 13248.900
52 25 6305.000
52 26 4076.000
52 27 7658.600
52 28 7979.200
52 29 12039.500
52 30 2917.100
52 31 2551.800
52 32 13108.100
52 33 4068.100
52 34 9551.400
52 35 4185.100
52 36 3080.400
52 37 8381.700
52 38 2310.400
52 39 9514.400
52 40 9189.400
52 41 8860.500
52 42 9545.000
52 43 3599.000
52 44 8082.300
52 45 9225.400
52 46 13462.900
52 47 12034.200
52 48 2628.200
52 49 10210.200
52 50 14051.400
52 51 7087.800
52 52 0.000
52 53 11936.200
52 54 7998.000
52 55 8593.800
52 56 10107.100
52 57 7372.300
52 58 5580.500
52 59 4061.200
52 60 14548.200
52 61 1636.400
52 62 10099.200
52 63 15832.800
52 64 10832.200
52 65 9272.000
52 66 10024.400
52 67 12628.100
52 68 2737.400
52 69 10192.100
52 70 9101.800
52 71 9814.900
52 72 10473.500
52 73 5593.000
52 74 13500.900
52 75 13808.600
52 76 11553.700
52 77 10063.000
52 78 16965.700
52 79 8825.500
52 80 7349.100
52 81 8004.800
52 82 1556.900
52 83 8705.400
52 84 9530.900
52 85 15131.600
52 86 4944.900
52 87 12986.000
52 88 3916.700
52 89 5093.400
52 90 12205.900
52 91 10415.900
52 92 10507.400
52 93 3526.800
52 94 16271.500
52 95 8085.300
52 96 6633.700
52 97 6839.500
52 98 6817.400
52 99 6072.000
52 100 7425.600
53 0 6611.200
53 1 8724.700
53 2 2844.900
53 3 13677.500
53 4 6583.400
53 5 4839.700
53 6 14523.000
53 7 3142.100
53 8 12058.400
53 9 8690.200
53 10 5216.700
53 11 6941.500
53 12 12447.500
53 13 8492.700
53 14 4631.000
53 15 14361.200
53 16 6611.200
53 17 3745.200
53 18 6258.600
53 19 3140.900
53 20 12850.500
53 21 14924.200
53 22 3023.600
53 23 6932.100
53 24 14317.600
53 25 10297.900
53 26 7656.900
53 27 4264.500
53 28 5567.600
53 29 8281.500
53 30 12121.300
53 31 10716.400
53 32 8424.900
53 33 9831.400
53 34 7722.800
53 35 11095.400
53 36 10391.600
53 37 12947.800
53 38 11536.200
53 39 8975.900
53 40 5637.100
53 41 11386.200
53 42 4698.000
53 43 10509.300
53 44 4574.200
53 45 9916.400
53 46 4220.600
53 47 10336.100
53 48 12788.700
53 49 4020.400
53 50 7230.300
53 51 6338.500
53 52 12131.400
53 53 0.000
53 54 7283.300
53 55 7194.200
53 56 6475.400
53 57 10642.900
53 58 14952.100
53 59 10209.700
53 60 13148.700
53 61 11796.900
53 62 9226.200
53 63 17097.300
53 64 12351.700
53 65 5513.900
53 66 3261.400
53 67 11871.200
53 68 9422.500
53 69 11254.600
53 70 7702.200
53 71 12439.000
53 72 9812.800
53 73 6817.300
53 74 4774.400
53 75 12409.100
53 76 12616.300
53 77 5933.200
53 78 17146.600
53 79 7776.700
53 80 5732.100
53 81 9440.000
53 82 10015.800
53 83 4268.300
53 84 4216.800
53 85 13732.000
53 86 15904.800
53 87 2626.500
53 88 11337.500
53 89 16053.300
53 90 13268.500
53 91 9543.000
53 92 6749.300
53 93 11805.300
53 94 15167.100
53 95 7989.900
53 96 5257.200
53 97 9242.500
53 98 8819.000
53 99 5524.500
53 100 4823.200
54 0 8589.600
54 1 10703.000
54 2 5187.700
54 3 11001.800
54 4 7304.400
54 5 8993.200
54 6 10968.300
54 7 4480.500
54 8 11774.600
54 9 4172.800
54 10 7397.300
54 11 1594.600
54 12 14425.900
54 13 10471.100
54 14 8784.600
54 15 16339.600
54 16 8589.600
54 17 3520.500
54 18 10412.200
54 19 4647.100
54 20 14828.900
54 21 16902.600
54 22 5678.900
54 23 7190.600
54 24 15381.100
54 25 10014.100
54 26 7386.200
54 27 3237.900
54 28 7546.000
54 29 4629.600
54 30 9133.600
54 31 8163.400
54 32 5698.200
54 33 9547.600
54 34 2157.400
54 35 6578.000
54 36 8000.800
54 37 12664.100
54 38 8439.700
54 39 10954.300
54 40 1779.400
54 41 11102.500
54 42 2982.500
54 43 5991.900
54 44 7540.700
54 45 11344.500
54 46 7256.100
54 47 12314.500
54 48 9234.000
54 49 3647.700
54 50 7488.900
54 51 5755.200
54 52 8576.700
54 53 6167.400
54 54 0.000
54 55 9172.600
54 56 10550.200
54 57 10359.200
54 58 12984.600
54 59 8387.500
54 60 15127.100
54 61 7468.900
54 62 2705.100
54 63 17965.000
54 64 13074.200
54 65 1862.000
54 66 4020.000
54 67 15634.900
54 68 7063.700
54 69 12434.100
54 70 9680.600
54 71 12056.900
54 72 12715.500
54 73 6546.600
54 74 6938.400
54 75 14387.500
54 76 14560.500
54 77 10399.700
54 78 19097.900
54 79 7492.900
54 80 4635.000
54 81 10124.000
54 82 6461.100
54 83 7234.800
54 84 3120.900
54 85 15710.400
54 86 13229.100
54 87 7564.400
54 88 9528.300
54 89 13377.600
54 90 15196.200
54 91 3021.800
54 92 3097.400
54 93 9138.300
54 94 18403.700
54 95 10204.100
54 96 6369.800
54 97 8958.700
54 98 3032.200
54 99 5614.000
54 100 5979.300
55 0 834.400
55 1 1910.100
55 2 7425.900
55 3 9825.300
55 4 3585.400
55 5 3984.900
55 6 9662.800
55 7 5423.400
55 8 5537.800
55 9 8435.800
55 10 3323.200
55 11 9084.900
55 12 5950.500
55 13 1995.700
55 14 4456.000
55 15 7864.200
55 16 834.400
55 17 5799.900
55 18 3847.900
55 19 8178.300
55 20 6357.800
55 21 8431.600
55 22 4645.900
55 23 12256.200
55 24 7820.600
55 25 6429.700
55 26 5754.000
55 27 6319.900
55 28 2087.400
55 29 11975.300
55 30 8269.000
55 31 6864.100
55 32 13043.900
55 33 5979.100
55 34 11416.600
55 35 10112.200
55 36 6702.500
55 37 6427.200
55 38 7684.000
55 39 2161.400
55 40 7827.400
55 41 5053.000
55 42 8391.900
55 43 9526.000
55 44 3263.600
55 45 3101.800
55 46 10396.400
55 47 3839.100
55 48 10598.100
55 49 9057.100
55 50 12554.500
55 51 6135.400
55 52 8776.400
55 53 7752.400
55 54 9301.600
55 55 0.000
55 56 2314.700
55 57 6300.700
55 58 11083.900
55 59 6357.400
55 60 6656.000
55 61 9893.900
55 62 11355.900
55 63 10600.300
55 64 5854.800
55 65 9207.700
55 66 7551.200
55 67 5374.200
55 68 7519.500
55 69 4757.700
55 70 887.700
55 71 5942.000
55 72 2998.200
55 73 5136.900
55 74 10098.600
55 75 5916.400
55 76 6119.300
55 77 2823.100
55 78 10649.600
55 79 7429.100
55 80 6222.700
55 81 4322.400
55 82 8112.800
55 83 4246.200
55 84 7910.600
55 85 7239.400
55 86 12052.500
55 87 8802.300
55 88 7485.300
55 89 12201.000
55 90 6771.500
55 91 11672.700
55 92 10443.100
55 93 7953.100
55 94 8670.100
55 95 1856.500
55 96 4517.600
55 97 5374.300
55 98 9304.200
55 99 5270.200
55 100 3992.400
56 0 3152.700
56 1 3971.400
56 2 7692.600
56 3 11160.000
56 4 4920.100
56 5 2459.400
56 6 10997.400
56 7 6243.900
56 8 6428.600
56 9 9466.000
56 10 4550.200
56 11 10902.000
56 12 5612.600
56 13 1657.900
56 14 2930.500
56 15 7526.300
56 16 3152.700
56 17 6830.100
56 18 2322.400
56 19 8445.100
56 20 5989.200
56 21 7018.800
56 22 4911.400
56 23 12522.900
56 24 7482.700
56 25 7764.400
56 26 7203.500
56 27 7350.100
56 28 3401.100
56 29 12242.000
56 30 9603.700
56 31 8198.800
56 32 13310.600
56 33 7313.800
56 34 11683.300
56 35 11561.700
56 36 8037.200
56 37 6935.900
56 38 9018.700
56 39 4831.000
56 40 8857.600
56 41 5943.800
56 42 8658.600
56 43 10975.500
56 44 3003.100
56 45 4081.800
56 46 10107.300
56 47 3501.200
56 48 11932.700
56 49 9323.800
56 50 12821.200
56 51 7165.600
56 52 10111.100
56 53 8020.300
56 54 11243.800
56 55 2318.300
56 56 0.000
56 57 7191.500
56 58 12418.600
56 59 7692.100
56 60 5243.300
56 61 11343.500
56 62 13186.800
56 63 10262.400
56 64 5516.900
56 65 9474.400
56 66 7817.900
56 67 5036.300
56 68 8969.100
56 69 4419.800
56 70 2603.800
56 71 5604.100
56 72 3918.200
56 73 6363.800
56 74 10365.300
56 75 4503.700
56 76 5781.400
56 77 1297.500
56 78 10311.700
56 79 8763.800
56 80 7252.900
56 81 5302.300
56 82 9562.300
56 83 3985.700
56 84 8177.300
56 85 5826.600
56 86 13387.200
56 87 9070.200
56 88 8820.000
56 89 13535.700
56 90 6433.600
56 91 13503.500
56 92 10709.900
56 93 9287.700
56 94 8332.200
56 95 5043.300
56 96 5744.500
56 97 6709.000
56 98 10334.400
56 99 6300.300
56 100 5219.400
57 0 5888.100
57 1 4444.100
57 2 10629.700
57 3 8508.700
57 4 4063.900
57 5 8270.900
57 6 7034.700
57 7 7589.900
57 8 1265.600
57 9 9244.100
57 10 6200.100
57 11 11739.000
57 12 7007.300
57 13 6397.100
57 14 8741.900
57 15 9058.500
57 16 5888.100
57 17 7930.000
57 18 7994.400
57 19 11106.900
57 20 8995.000
57 21 10167.200
57 22 7849.800
57 23 13703.700
57 24 5730.400
57 25 1016.300
57 26 5569.500
57 27 7573.200
57 28 6722.000
57 29 13079.000
57 30 4939.300
57 31 5490.900
57 32 14147.600
57 33 4498.400
57 34 12520.400
57 35 9154.000
57 36 6019.500
57 37 2155.000
57 38 5485.500
57 39 4188.800
57 40 9052.400
57 41 1438.100
57 42 9495.600
57 43 8567.800
57 44 7082.000
57 45 4166.200
57 46 13769.200
57 47 4611.800
57 48 9281.400
57 49 10160.800
57 50 14002.000
57 51 5957.400
57 52 7403.200
57 53 10956.300
57 54 10268.800
57 55 6079.400
57 56 7791.900
57 57 0.000
57 58 6260.200
57 59 6746.600
57 60 9735.500
57 61 9951.400
57 62 12370.000
57 63 8314.300
57 64 3409.800
57 65 10311.500
57 66 10479.800
57 67 5205.700
57 68 7706.200
57 69 2769.700
57 70 5191.700
57 71 2392.500
57 72 3051.100
57 73 4729.900
57 74 13451.500
57 75 9554.000
57 76 4131.300
57 77 8780.800
57 78 9447.200
57 79 7027.300
57 80 6369.200
57 81 2679.200
57 82 7154.600
57 83 7705.000
57 84 9481.500
57 85 11316.600
57 86 10735.900
57 87 12006.100
57 88 4952.300
57 89 10884.400
57 90 4783.500
57 91 12686.800
57 92 11546.900
57 93 3835.800
57 94 8753.000
57 95 4129.300
57 96 5847.800
57 97 1539.200
57 98 9103.700
57 99 5092.100
57 100 6445.800
58 0 10132.000
58 1 8738.500
58 2 14873.600
58 3 5495.600
58 4 8307.800
58 5 12514.700
58 6 4021.600
58 7 11833.800
58 8 7238.800
58 9 9214.800
58 10 10444.000
58 11 13944.000
58 12 13249.900
58 13 12013.500
58 14 12985.800
58 15 15301.100
58 16 10132.000
58 17 12173.900
58 18 12238.200
58 19 15350.800
58 20 15237.600
58 21 16409.800
58 22 12093.700
58 23 17947.600
58 24 11972.900
58 25 5125.200
58 26 8017.900
58 27 11817.100
58 28 10965.900
58 29 17322.900
58 30 3215.000
58 31 5461.500
58 32 18391.500
58 33 6961.400
58 34 14490.900
58 35 9124.600
58 36 5990.100
58 37 7201.800
58 38 3858.300
58 39 8334.600
58 40 13296.300
58 41 7680.600
58 42 13739.500
58 43 8538.400
58 44 11325.900
58 45 8045.500
58 46 18013.100
58 47 10854.400
58 48 6268.300
58 49 14404.700
58 50 18245.900
58 51 10201.300
58 52 5645.900
58 53 15200.200
58 54 12937.400
58 55 10715.000
58 56 12228.400
58 57 6192.400
58 58 0.000
58 59 6717.200
58 60 15978.000
58 61 6938.300
58 62 15038.600
58 63 14556.900
58 64 9652.400
58 65 14555.300
58 66 14723.700
58 67 11448.300
58 68 7676.800
58 69 9012.300
58 70 8953.000
58 71 8635.100
58 72 9293.700
58 73 8973.700
58 74 17695.300
58 75 15796.600
58 76 10373.900
58 77 12184.300
58 78 15689.700
58 79 11271.200
58 80 10613.100
58 81 6825.000
58 82 7744.800
58 83 11948.900
58 84 13725.400
58 85 17559.200
58 86 7722.800
58 87 16250.000
58 88 4922.900
58 89 7871.300
58 90 11026.100
58 91 15355.300
58 92 15790.800
58 93 3806.500
58 94 14995.600
58 95 8107.900
58 96 10091.700
58 97 5659.700
58 98 11756.800
58 99 9336.000
58 100 10689.600
59 0 6197.900
59 1 8311.400
59 2 10335.600
59 3 3964.900
59 4 4373.700
59 5 8580.700
59 6 3802.400
59 7 7378.700
59 8 6984.500
59 9 4756.900
59 10 5926.400
59 11 9486.200
59 12 12034.200
59 13 8079.500
59 14 8795.100
59 15 14764.200
59 16 6197.900
59 17 7611.400
59 18 8304.200
59 19 11416.700
59 20 12437.200
59 21 14510.900
59 22 7555.600
59 23 14013.500
59 24 11436.100
59 25 4870.900
59 26 2801.900
59 27 7261.500
59 28 7031.800
59 29 13388.800
59 30 2408.600
59 31 1003.700
59 32 14457.500
59 33 2255.300
59 34 10033.100
59 35 4666.800
59 36 947.100
59 37 6947.500
59 38 1823.600
59 39 8562.600
59 40 8758.300
59 41 7426.300
59 42 9805.400
59 43 4080.600
59 44 6808.300
59 45 7791.200
59 46 13306.100
59 47 9922.800
59 48 4737.700
59 49 10470.600
59 50 14311.800
59 51 5663.200
59 52 2916.000
59 53 10662.100
59 54 8479.600
59 55 6781.000
59 56 8294.300
59 57 5938.100
59 58 5938.900
59 59 0.000
59 60 12735.400
59 61 4448.500
59 62 10580.800
59 63 14020.000
59 64 9398.100
59 65 10621.300
59 66 10789.600
59 67 11194.000
59 68 2374.200
59 69 8758.000
59 70 7289.000
59 71 8380.800
59 72 9039.400
59 73 4318.900
59 74 13761.300
59 75 11995.800
59 76 10119.600
59 77 8250.200
59 78 15152.900
59 79 6733.100
59 80 6075.000
59 81 6570.700
59 82 2667.400
59 83 7431.300
59 84 9791.300
59 85 13318.700
59 86 6192.100
59 87 11712.000
59 88 2103.900
59 89 6340.600
59 90 10771.800
59 91 10897.500
59 92 11856.700
59 93 2092.600
59 94 14458.700
59 95 6272.500
59 96 5359.700
59 97 5405.400
59 98 7299.000
59 99 4797.900
59 100 6151.600
60 0 8419.500
60 1 6623.300
60 2 13217.000
60 3 15616.400
60 4 9376.500
60 5 7566.200
60 6 15453.900
60 7 11214.500
60 8 8948.000
60 9 14226.900
60 10 9114.300
60 11 14876.000
60 12 4208.200
60 13 5266.500
60 14 8037.300
60 15 2906.900
60 16 8419.500
60 17 11591.000
60 18 7429.100
60 19 13969.500
60 20 3137.300
60 21 1837.500
60 22 10437.100
60 23 18047.300
60 24 5214.900
60 25 10410.100
60 26 11545.100
60 27 12111.100
60 28 7878.500
60 29 17766.400
60 30 14060.100
60 31 12655.300
60 32 18835.000
60 33 11770.200
60 34 17207.700
60 35 15903.300
60 36 12493.600
60 37 9455.300
60 38 13475.100
60 39 7482.900
60 40 13618.500
60 41 8463.200
60 42 14183.000
60 43 15317.100
60 44 9054.700
60 45 6733.700
60 46 16187.500
60 47 5397.600
60 48 16389.200
60 49 14848.200
60 50 18345.600
60 51 11926.600
60 52 14567.500
60 53 13543.500
60 54 15092.700
60 55 6966.300
60 56 6305.900
60 57 9710.900
60 58 15615.500
60 59 12148.500
60 60 0.000
60 61 15685.000
60 62 17147.000
60 63 7366.700
60 64 8036.300
60 65 14998.800
60 66 13342.300
60 67 5252.900
60 68 13310.700
60 69 6939.200
60 70 7370.900
60 71 8123.500
60 72 6570.100
60 73 10928.000
60 74 15889.700
60 75 739.600
60 76 6269.600
60 77 6404.300
60 78 5272.700
60 79 13220.200
60 80 12013.900
60 81 7954.200
60 82 13903.900
60 83 10037.300
60 84 13701.700
60 85 2086.900
60 86 17843.700
60 87 14593.400
60 88 13276.400
60 89 17992.200
60 90 7776.000
60 91 17463.800
60 92 16234.200
60 93 13191.100
60 94 3712.800
60 95 9499.700
60 96 10308.700
60 97 10213.100
60 98 15095.300
60 99 11061.300
60 100 9783.500
61 0 9275.500
61 1 11388.900
61 2 10205.000
61 3 3735.800
61 4 6562.600
61 5 9989.300
61 6 3702.300
61 7 7863.800
61 8 11219.200
61 9 3432.200
61 10 7886.800
61 11 8161.400
61 12 15111.700
61 13 11157.000
61 14 10321.900
61 15 17956.600
61 16 9275.500
61 17 7333.800
61 18 11309.900
61 19 9808.400
61 20 15514.700
61 21 17588.500
61 22 8861.200
61 23 12910.000
61 24 14628.500
61 25 9105.500
61 26 4328.700
61 27 6815.500
61 28 8231.900
61 29 11196.400
61 30 5899.400
61 31 4089.800
61 32 12265.000
61 33 5230.500
61 34 8708.300
61 35 3342.000
61 36 3927.200
61 37 11182.200
61 38 4366.100
61 39 11640.100
61 40 8346.200
61 41 11661.000
61 42 8701.900
61 43 2755.800
61 44 8335.000
61 45 12025.900
61 46 12619.700
61 47 13000.300
61 48 1967.900
61 49 9367.100
61 50 13208.300
61 51 6244.600
61 52 1480.300
61 53 11967.700
61 54 7154.800
61 55 9858.500
61 56 11344.500
61 57 10172.800
61 58 7022.500
61 59 4313.900
61 60 15812.900
61 61 0.000
61 62 9256.000
61 63 17212.400
61 64 13632.800
61 65 8428.800
61 66 9181.300
61 67 15428.700
61 68 2990.100
61 69 12992.600
61 70 10366.500
61 71 12615.400
61 72 13274.100
61 73 5845.600
61 74 12657.700
61 75 15073.300
61 76 14354.300
61 77 11195.500
61 78 18345.300
61 79 7982.400
61 80 7380.600
61 81 10805.400
61 82 1809.600
61 83 8976.900
61 84 8687.800
61 85 16396.300
61 86 5963.000
61 87 13017.500
61 88 5454.700
61 89 6111.500
61 90 15006.500
61 91 9572.700
61 92 9664.200
61 93 5064.700
61 94 17651.200
61 95 9444.500
61 96 6859.200
61 97 9640.100
61 98 5974.200
61 99 6103.500
61 100 7457.100
62 0 9473.800
62 1 11587.300
62 2 6083.800
62 3 11824.700
62 4 8127.300
62 5 9889.400
62 6 11791.200
62 7 5364.700
62 8 12597.600
62 9 4995.700
62 10 8220.200
62 11 1638.800
62 12 15310.100
62 13 11355.300
62 14 9680.700
62 15 19532.100
62 16 9473.800
62 17 4404.700
62 18 11308.300
62 19 5543.200
62 20 15713.100
62 21 17786.800
62 22 6563.200
62 23 8086.700
62 24 16204.000
62 25 10837.100
62 26 8209.100
62 27 4122.200
62 28 8430.200
62 29 3932.500
62 30 9956.500
62 31 8986.300
62 32 5001.100
62 33 10370.500
62 34 840.500
62 35 7401.000
62 36 8823.800
62 37 13487.000
62 38 9262.600
62 39 11838.500
62 40 2663.700
62 41 11925.400
62 42 3878.600
62 43 6814.800
62 44 8436.800
62 45 12167.500
62 46 8152.200
62 47 13198.700
62 48 10056.900
62 49 4543.900
62 50 8385.000
62 51 6578.100
62 52 9399.600
62 53 7063.500
62 54 1530.500
62 55 10056.800
62 56 11446.300
62 57 11182.100
62 58 13807.500
62 59 9210.500
62 60 16011.300
62 61 8291.800
62 62 0.000
62 63 18787.900
62 64 13897.100
62 65 2804.500
62 66 4916.100
62 67 16457.800
62 68 7886.600
62 69 13257.000
62 70 10564.800
62 71 12879.800
62 72 13538.400
62 73 7369.500
62 74 7834.500
62 75 15271.700
62 76 15383.400
62 77 11295.800
62 78 19920.800
62 79 8315.800
62 80 5519.200
62 81 10946.900
62 82 7284.000
62 83 8130.900
62 84 4017.000
62 85 16594.600
62 86 14052.000
62 87 8460.500
62 88 10351.200
62 89 14200.500
62 90 16019.200
62 91 1669.500
62 92 2400.300
62 93 9961.300
62 94 19226.600
62 95 11027.000
62 96 7192.700
62 97 9781.600
62 98 3855.100
62 99 6437.000
62 100 7790.600
63 0 12542.300
63 1 9380.500
63 2 17339.800
63 3 16951.800
63 4 11619.300
63 5 12715.700
63 6 15477.800
63 7 15140.600
63 8 7387.600
63 9 15786.000
63 10 13237.100
63 11 19289.700
63 12 6080.400
63 13 9170.200
63 14 13186.800
63 15 4885.700
63 16 12542.300
63 17 15480.700
63 18 12578.700
63 19 18657.700
63 20 7169.100
63 21 6401.100
63 22 14559.900
63 23 21254.400
63 24 2704.400
63 25 9292.300
63 26 13124.900
63 27 15124.000
63 28 12001.300
63 29 20629.800
63 30 13382.500
63 31 14018.700
63 32 21698.400
63 33 13133.700
63 34 20071.100
63 35 17483.100
63 36 13857.100
63 37 7550.600
63 38 13928.700
63 39 10240.100
63 40 16603.200
63 41 7345.400
63 42 17046.300
63 43 16896.900
63 44 13177.500
63 45 8880.600
63 46 20310.300
63 47 7384.900
63 48 17724.600
63 49 17711.500
63 50 21552.700
63 51 13508.100
63 52 15931.000
63 53 17666.400
63 54 17819.600
63 55 11092.900
63 56 11455.400
63 57 8593.100
63 58 14703.300
63 59 13512.000
63 60 7493.600
63 61 17264.800
63 62 19920.800
63 63 0.000
63 64 6131.700
63 65 17862.200
63 66 18030.500
63 67 5810.000
63 68 14890.500
63 69 6013.300
63 70 10128.200
63 71 6218.900
63 72 7765.400
63 73 12285.200
63 74 21002.200
63 75 7945.500
63 76 4740.900
63 77 11553.900
63 78 3507.700
63 79 14578.000
63 80 13919.900
63 81 8977.200
63 82 15483.700
63 83 14160.200
63 84 17032.200
63 85 6750.900
63 86 19179.100
63 87 18716.200
63 88 13395.400
63 89 19327.600
63 90 5268.000
63 91 20237.500
63 92 19097.600
63 93 12279.000
63 94 4552.900
63 95 10427.300
63 96 13398.600
63 97 9095.300
63 98 16654.400
63 99 12642.800
63 100 13996.500
64 0 7658.900
64 1 4497.100
64 2 12456.300
64 3 13020.100
64 4 7287.600
64 5 7832.300
64 6 11546.100
64 7 10453.900
64 8 3055.200
64 9 11459.000
64 10 8353.700
64 11 14962.700
64 12 4896.900
64 13 4286.700
64 14 8303.400
64 15 6810.600
64 16 7658.900
64 17 10830.400
64 18 7695.300
64 19 13208.800
64 20 6884.600
64 21 8545.400
64 22 9676.400
64 23 16927.400
64 24 3448.200
64 25 4959.900
64 26 8793.200
64 27 11350.400
64 28 7117.900
64 29 16302.700
64 30 9450.700
64 31 10002.300
64 32 17371.400
64 33 8802.100
64 34 15744.100
64 35 13665.400
64 36 10530.900
64 37 2798.500
64 38 9997.000
64 39 5356.700
64 40 12857.900
64 41 3013.000
64 42 12719.300
64 43 13079.200
64 44 8294.100
64 45 3997.100
64 46 15426.900
64 47 2501.500
64 48 13792.900
64 49 13384.500
64 50 17225.700
64 51 9181.100
64 52 11914.600
64 53 12782.900
64 54 13492.600
64 55 6209.400
64 56 6572.000
64 57 4260.800
64 58 10771.600
64 59 9180.300
64 60 7625.100
64 61 14462.800
64 62 15593.800
64 63 6032.100
64 64 0.000
64 65 13535.200
64 66 12581.700
64 67 2461.500
64 68 10558.800
64 69 1129.900
64 70 5244.700
64 71 1886.500
64 72 2882.000
64 73 7953.600
64 74 15129.100
64 75 7443.600
64 76 1387.200
64 77 6670.500
64 78 7165.000
64 79 10251.000
64 80 9592.900
64 81 4644.900
64 82 11666.000
64 83 9276.700
64 84 12705.200
64 85 8766.500
64 86 15247.300
64 87 13832.800
64 88 9463.700
64 89 15395.800
64 90 2039.400
64 91 15910.500
64 92 14770.600
64 93 8347.200
64 94 7587.500
64 95 6094.900
64 96 9071.600
64 97 4762.900
64 98 12327.400
64 99 8315.800
64 100 9022.900
65 0 8595.800
65 1 10709.200
65 2 3838.500
65 3 12554.500
65 4 7300.400
65 5 8011.300
65 6 12521.000
65 7 4872.900
65 8 11763.200
65 9 5725.500
65 10 7354.300
65 11 1896.500
65 12 14432.000
65 13 10477.300
65 14 7802.600
65 15 18697.700
65 16 8595.800
65 17 3824.400
65 18 9430.200
65 19 3310.800
65 20 14835.100
65 21 16908.800
65 22 5008.100
65 23 5922.200
65 24 15369.600
65 25 10002.700
65 26 7382.300
65 27 3630.400
65 28 7552.200
65 29 3730.500
65 30 10686.300
65 31 10421.100
65 32 4799.200
65 33 9536.100
65 34 3171.900
65 35 8130.700
65 36 10259.500
65 37 12652.600
65 38 9992.400
65 39 10960.500
65 40 2171.900
65 41 11091.000
65 42 1714.100
65 43 7544.600
65 44 6558.700
65 45 11333.000
65 46 5987.600
65 47 12320.600
65 48 10786.600
65 49 2379.300
65 50 6220.400
65 51 6050.700
65 52 10129.400
65 53 4850.100
65 54 2236.300
65 55 9178.800
65 56 9568.300
65 57 10347.700
65 58 14656.800
65 59 9914.400
65 60 15133.200
65 61 9021.600
65 62 4241.000
65 63 17953.500
65 64 13062.700
65 65 0.000
65 66 2739.400
65 67 15623.400
65 68 9147.800
65 69 12422.600
65 70 9686.800
65 71 12045.400
65 72 12704.000
65 73 6542.600
65 74 5669.900
65 75 14393.600
65 76 14549.000
65 77 9417.700
65 78 19086.400
65 79 7481.400
65 80 4868.200
65 81 10112.500
65 82 8013.800
65 83 6252.900
65 84 2138.900
65 85 15716.600
65 86 14781.800
65 87 6247.100
65 88 11042.300
65 89 14930.300
65 90 15184.700
65 91 4557.700
65 92 2198.400
65 93 11510.000
65 94 18392.200
65 95 10192.600
65 96 6326.800
65 97 8947.200
65 98 4584.900
65 99 5571.000
65 100 6924.700
66 0 6712.600
66 1 8826.100
66 2 1099.100
66 3 13614.300
66 4 5793.800
66 5 5669.700
66 6 13294.900
66 7 3243.500
66 8 11995.200
66 9 6499.400
66 10 5318.100
66 11 4237.300
66 12 12548.900
66 13 8594.100
66 14 5461.100
66 15 14462.600
66 16 6712.600
66 17 2102.400
66 18 7088.700
66 19 665.000
66 20 12951.900
66 21 15025.600
66 22 3125.000
66 23 4413.500
66 24 15601.600
66 25 10234.700
66 26 7614.300
66 27 2619.200
66 28 5669.000
66 29 5577.400
66 30 12058.000
66 31 10653.200
66 32 6646.000
66 33 9768.200
66 34 5018.700
66 35 8904.600
66 36 10491.500
66 37 12884.600
66 38 11473.000
66 39 9077.300
66 40 3039.700
66 41 11323.000
66 42 1993.900
66 43 8318.400
66 44 4675.600
66 45 10017.800
66 46 3513.800
66 47 10437.500
66 48 11560.500
66 49 1529.700
66 50 4711.800
66 51 6282.800
66 52 10903.200
66 53 2185.300
66 54 4579.200
66 55 7295.600
66 56 7305.400
66 57 10579.700
66 58 14888.900
66 59 10146.400
66 60 13250.100
66 61 9795.400
66 62 6522.100
66 63 18185.500
66 64 12453.100
66 65 2809.800
66 66 0.000
66 67 11972.600
66 68 9379.900
66 69 11356.000
66 70 7803.600
66 71 12277.400
66 72 9914.200
66 73 6774.600
66 74 3771.800
66 75 12510.500
66 76 12717.700
66 77 6763.300
66 78 17248.000
66 79 7713.500
66 80 4496.600
66 81 9541.400
66 82 8787.600
66 83 4369.700
66 84 1512.700
66 85 13833.400
66 86 15841.600
66 87 3582.300
66 88 11274.300
66 89 15990.100
66 90 13369.900
66 91 6838.800
66 92 4045.200
66 93 11742.100
66 94 15268.500
66 95 8091.300
66 96 4804.500
66 97 9179.300
66 98 6927.800
66 99 4766.400
66 100 4747.600
67 0 5594.900
67 1 3337.100
67 2 11943.600
67 3 13307.700
67 4 7975.900
67 5 7319.500
67 6 11833.800
67 7 9941.100
67 8 3743.500
67 9 12147.300
67 10 7840.900
67 11 15651.000
67 12 3736.900
67 13 3774.000
67 14 7790.600
67 15 4422.300
67 16 5594.900
67 17 10317.700
67 18 7182.500
67 19 12696.100
67 20 4496.300
67 21 6157.000
67 22 9163.700
67 23 17615.700
67 24 2739.600
67 25 5648.200
67 26 9481.500
67 27 10837.700
67 28 6605.100
67 29 16991.000
67 30 9738.400
67 31 10290.000
67 32 18059.700
67 33 9490.300
67 34 16432.400
67 35 13953.000
67 36 10213.700
67 37 3906.600
67 38 10284.600
67 39 4196.700
67 40 12345.200
67 41 3701.300
67 42 13407.600
67 43 13366.900
67 44 7781.300
67 45 3447.500
67 46 14914.100
67 47 1592.300
67 48 14080.500
67 49 14072.800
67 50 17914.000
67 51 9869.400
67 52 12202.300
67 53 12270.200
67 54 14180.900
67 55 4972.400
67 56 6059.200
67 57 4949.000
67 58 11059.300
67 59 9868.600
67 60 5236.800
67 61 14750.500
67 62 16282.100
67 63 5519.400
67 64 2487.600
67 65 14223.500
67 66 12068.900
67 67 0.000
67 68 11247.100
67 69 2369.300
67 70 4084.700
67 71 2574.800
67 72 3283.900
67 73 8641.900
67 74 14616.300
67 75 5440.700
67 76 1104.200
67 77 6157.700
67 78 6652.200
67 79 10939.300
67 80 10281.200
67 81 5333.200
67 82 11953.700
67 83 8764.000
67 84 13393.500
67 85 6788.000
67 86 15535.000
67 87 13320.000
67 88 9751.300
67 89 15683.500
67 90 1915.500
67 91 16598.800
67 92 15458.900
67 93 8634.900
67 94 5228.200
67 95 5741.200
67 96 9759.900
67 97 5451.200
67 98 13015.700
67 99 9004.100
67 100 8510.100
68 0 7481.300
68 1 9594.700
68 2 9455.600
68 3 5134.000
68 4 4768.400
68 5 8195.100
68 6 5100.500
68 7 7114.500
68 8 8162.400
68 9 2682.800
68 10 5659.000
68 11 7412.000
68 12 13317.600
68 13 9362.800
68 14 8527.700
68 15 16162.400
68 16 7481.300
68 17 6584.400
68 18 9515.700
68 19 9059.000
68 20 13720.600
68 21 15794.300
68 22 8111.800
68 23 12160.600
68 24 12834.300
68 25 6048.700
68 26 2534.500
68 27 6066.100
68 28 6437.700
68 29 10447.000
68 30 3265.800
68 31 2295.600
68 32 11515.600
68 33 3811.900
68 34 7958.900
68 35 2592.600
68 36 2133.000
68 37 8125.400
68 38 2571.900
68 39 9846.000
68 40 7596.900
68 41 8604.200
68 42 7952.500
68 43 2006.500
68 44 6540.800
68 45 8969.100
68 46 11870.400
68 47 11206.200
68 48 3366.100
68 49 8617.700
68 50 12458.900
68 51 5495.200
68 52 2708.800
68 53 11218.300
68 54 6405.500
68 55 8064.300
68 56 9550.400
68 57 7116.000
68 58 7116.800
68 59 2519.700
68 60 14018.800
68 61 2374.400
68 62 8506.600
68 63 15418.300
68 64 10576.000
68 65 7679.400
68 66 8431.900
68 67 12371.900
68 68 0.000
68 69 9935.800
68 70 8572.300
68 71 9558.600
68 72 10217.300
68 73 4051.500
68 74 11908.400
68 75 13279.100
68 76 11297.500
68 77 9401.300
68 78 16551.100
68 79 7233.000
68 80 6631.200
68 81 7748.600
68 82 593.200
68 83 7163.900
68 84 7938.400
68 85 14602.100
68 86 7361.200
68 87 12268.200
68 88 3660.500
68 89 7509.700
68 90 11949.700
68 91 8823.400
68 92 8914.900
68 93 3270.500
68 94 15857.000
68 95 7650.300
68 96 6109.900
68 97 6583.300
68 98 5224.900
68 99 5354.100
68 100 6707.800
69 0 6999.600
69 1 3837.800
69 2 11797.000
69 3 11917.300
69 4 6585.400
69 5 7173.000
69 6 10443.300
69 7 9794.600
69 8 2353.000
69 9 10756.800
69 10 7694.400
69 11 14260.500
69 12 4237.600
69 13 3627.400
69 14 7644.100
69 15 6151.300
69 16 6999.600
69 17 10171.100
69 18 7036.000
69 19 12549.500
69 20 6225.300
69 21 7886.100
69 22 9017.100
69 23 16225.200
69 24 3422.700
69 25 4257.700
69 26 8091.000
69 27 10094.800
69 28 6458.500
69 29 15600.600
69 30 8347.900
69 31 8899.500
69 32 16669.200
69 33 8099.900
69 34 15041.900
69 35 12562.600
69 36 8823.200
69 37 2516.100
69 38 8894.100
69 39 4697.400
69 40 11574.000
69 41 2310.800
69 42 12017.100
69 43 11976.400
69 44 7634.800
69 45 3337.800
69 46 14767.600
69 47 1842.100
69 48 12690.000
69 49 12682.400
69 50 16523.500
69 51 8478.900
69 52 10811.800
69 53 12123.600
69 54 12790.400
69 55 5550.100
69 56 5912.700
69 57 3558.600
69 58 9668.800
69 59 8478.200
69 60 6965.800
69 61 13360.000
69 62 14891.600
69 63 6006.600
69 64 1097.100
69 65 12833.000
69 66 11922.400
69 67 2436.000
69 68 9856.600
69 69 0.000
69 70 4585.400
69 71 1184.300
69 72 2222.700
69 73 7251.400
69 74 14469.800
69 75 6784.300
69 76 1361.600
69 77 6011.100
69 78 7139.500
69 79 9548.800
69 80 8890.700
69 81 3942.700
69 82 10563.200
69 83 8617.400
69 84 12003.000
69 85 8107.200
69 86 14144.500
69 87 13173.500
69 88 8360.900
69 89 14293.000
69 90 2013.800
69 91 15208.300
69 92 14068.400
69 93 7244.400
69 94 6957.200
69 95 5392.700
69 96 8369.400
69 97 4060.700
69 98 11625.200
69 99 7613.600
69 100 8363.600
70 0 1510.200
70 1 1022.400
70 2 7803.300
70 3 10202.800
70 4 3962.900
70 5 4270.300
70 6 10040.300
70 7 5800.900
70 8 4650.100
70 9 8813.300
70 10 3700.700
70 11 9462.400
70 12 4891.200
70 13 2349.600
70 14 4741.400
70 15 6804.900
70 16 1510.200
70 17 6177.400
70 18 4133.300
70 19 8555.800
70 20 6711.700
70 21 8785.500
70 22 5023.400
70 23 12633.700
70 24 6761.300
70 25 6112.200
70 26 6131.400
70 27 6697.400
70 28 2464.900
70 29 12352.800
70 30 8646.500
70 31 7241.600
70 32 13421.400
70 33 6356.600
70 34 11794.100
70 35 10489.700
70 36 7080.000
70 37 5539.500
70 38 8061.500
70 39 1273.700
70 40 8204.900
70 41 4165.300
70 42 8769.300
70 43 9903.500
70 44 3363.700
70 45 2214.200
70 46 10773.900
70 47 2913.700
70 48 10975.600
70 49 9434.600
70 50 12932.000
70 51 6512.900
70 52 9153.900
70 53 8129.900
70 54 9679.100
70 55 887.700
70 56 2600.200
70 57 5413.000
70 58 11317.600
70 59 6734.900
70 60 7009.900
70 61 10271.400
70 62 11733.400
70 63 9541.100
70 64 4692.800
70 65 9585.200
70 66 7928.700
70 67 4315.000
70 68 7897.000
70 69 3595.700
70 70 0.000
70 71 4780.000
70 72 2110.500
70 73 5514.400
70 74 10476.100
70 75 6270.300
70 76 4957.300
70 77 3108.500
70 78 9590.300
70 79 7806.600
70 80 6600.200
70 81 3434.700
70 82 8490.300
70 83 4346.400
70 84 8288.100
70 85 7593.300
70 86 12430.000
70 87 9179.800
70 88 7862.800
70 89 12578.500
70 90 5609.500
70 91 12050.100
70 92 10820.600
70 93 8330.600
70 94 7610.800
70 95 4086.100
70 96 4895.100
70 97 5915.200
70 98 9681.700
70 99 5647.600
70 100 4369.900
71 0 6509.800
71 1 4252.000
71 2 13381.000
71 3 11342.200
71 4 6010.400
71 5 8756.900
71 6 9868.200
71 7 9536.400
71 8 1778.000
71 9 10181.800
71 10 9278.300
71 11 13685.500
71 12 5821.500
71 13 5211.300
71 14 9228.000
71 15 7735.200
71 16 6509.800
71 17 9876.500
71 18 8619.900
71 19 13053.400
71 20 7809.200
71 21 9470.000
71 22 10601.100
71 23 15650.200
71 24 4372.800
71 25 3682.700
71 26 7516.000
71 27 9519.700
71 28 8042.500
71 29 15025.500
71 30 7772.900
71 31 8324.500
71 32 16094.100
71 33 7524.800
71 34 14466.900
71 35 11987.500
71 36 8248.200
71 37 2239.600
71 38 8319.100
71 39 5111.600
71 40 10998.900
71 41 1735.800
71 42 11442.100
71 43 11401.400
71 44 9218.700
71 45 3974.100
71 46 16351.500
71 47 3426.100
71 48 12115.000
71 49 12107.300
71 50 15948.500
71 51 7903.900
71 52 10236.700
71 53 13707.500
71 54 12215.300
71 55 5887.300
71 56 7496.600
71 57 2983.500
71 58 9093.700
71 59 7903.100
71 60 8549.700
71 61 12784.900
71 62 14316.500
71 63 6956.700
71 64 1017.400
71 65 12258.000
71 66 12426.300
71 67 3386.200
71 68 9281.600
71 69 2054.500
71 70 4999.600
71 71 0.000
71 72 2859.000
71 73 6676.300
71 74 15398.000
71 75 8368.200
71 76 2311.800
71 77 7595.100
71 78 8089.600
71 79 8973.800
71 80 8315.700
71 81 3367.600
71 82 9988.100
71 83 10201.300
71 84 11428.000
71 85 9691.200
71 86 13569.500
71 87 14757.400
71 88 7785.800
71 89 13718.000
71 90 2964.000
71 91 14633.300
71 92 13493.400
71 93 6669.400
71 94 8512.200
71 95 4817.700
71 96 7794.300
71 97 3485.700
71 98 11050.200
71 99 7038.600
71 100 8392.200
72 0 3650.800
72 1 1393.000
72 2 9944.000
72 3 11455.500
72 4 6329.400
72 5 6411.000
72 6 9981.500
72 7 7941.500
72 8 2539.600
72 9 10500.800
72 10 5841.300
72 11 11603.100
72 12 3948.000
72 13 2566.200
72 14 6882.100
72 15 5861.700
72 16 3650.800
72 17 8318.100
72 18 6273.900
72 19 10696.500
72 20 5935.700
72 21 7596.500
72 22 7164.100
72 23 15969.200
72 24 4907.800
72 25 4001.700
72 26 7835.000
72 27 8838.100
72 28 4605.500
72 29 15344.500
72 30 7886.200
72 31 8437.800
72 32 16413.100
72 33 7843.800
72 34 14785.900
72 35 12100.800
72 36 8966.300
72 37 3429.000
72 38 8432.400
72 39 2252.600
72 40 10345.500
72 41 2054.800
72 42 11761.100
72 43 11514.600
72 44 5504.400
72 45 1115.100
72 46 12914.500
72 47 1970.500
72 48 12228.300
72 49 12426.300
72 50 16267.500
72 51 8222.900
72 52 10350.000
72 53 10270.600
72 54 12534.300
72 55 3028.300
72 56 4740.800
72 57 3302.500
72 58 9207.000
72 59 8222.100
72 60 6676.200
72 61 12898.200
72 62 14635.500
72 63 7491.700
72 64 2582.200
72 65 12577.000
72 66 10069.300
72 67 3921.100
72 68 9600.600
72 69 1485.100
72 70 2140.600
72 71 2669.500
72 72 0.000
72 73 6995.300
72 74 12616.700
72 75 6880.100
72 76 2846.800
72 77 5249.100
72 78 8647.100
72 79 9292.800
72 80 8634.700
72 81 2335.700
72 82 10101.400
72 83 6487.000
72 84 11747.000
72 85 8227.500
72 86 13682.800
72 87 11320.400
72 88 7899.100
72 89 13831.300
72 90 3499.000
72 91 14952.200
72 92 13812.400
72 93 6782.700
72 94 6667.600
72 95 3408.800
72 96 7035.700
72 97 3804.600
72 98 11369.200
72 99 7357.600
72 100 6510.500
73 0 4516.300
73 1 6629.800
73 2 7103.100
73 3 7739.200
73 4 1803.400
73 5 5230.100
73 6 7705.700
73 7 4146.300
73 8 6255.900
73 9 5288.000
73 10 2694.000
73 11 6783.400
73 12 10352.600
73 13 6397.800
73 14 5562.700
73 15 13197.500
73 16 4516.300
73 17 4379.000
73 18 6550.800
73 19 7587.800
73 20 10755.600
73 21 12829.300
73 22 4323.200
73 23 10184.600
73 24 9869.400
73 25 4495.400
73 26 839.700
73 27 4029.100
73 28 3472.700
73 29 9559.900
73 30 5871.000
73 31 4964.800
73 32 10628.500
73 33 3075.400
73 34 9001.300
73 35 5197.900
73 36 3574.300
73 37 7145.300
73 38 5177.100
73 39 6881.000
73 40 5525.900
73 41 5583.700
73 42 5976.500
73 43 4611.700
73 44 3575.900
73 45 5825.800
73 46 10073.700
73 47 8241.200
73 48 5971.400
73 49 6641.700
73 50 10482.900
73 51 2430.800
73 52 5314.100
73 53 7429.700
73 54 6742.300
73 55 5099.300
73 56 6585.400
73 57 4840.400
73 58 9722.000
73 59 3961.000
73 60 11053.800
73 61 4979.600
73 62 8843.500
73 63 12453.300
73 64 7555.500
73 65 6792.400
73 66 6960.700
73 67 10123.200
73 68 2605.200
73 69 6915.300
73 70 5607.300
73 71 6538.100
73 72 7196.800
73 73 0.000
73 74 9932.300
73 75 10314.200
73 76 9048.800
73 77 6436.300
73 78 13586.200
73 79 3500.700
73 80 2842.600
73 81 4605.200
73 82 3198.500
73 83 4198.900
73 84 5962.400
73 85 11637.100
73 86 9966.500
73 87 8479.600
73 88 4581.600
73 89 10115.000
73 90 8929.200
73 91 9160.200
73 92 8027.800
73 93 5875.700
73 94 12892.000
73 95 4685.300
73 96 2127.300
73 97 3440.000
73 98 5577.100
73 99 1565.500
73 100 2919.200
74 0 9920.100
74 1 12033.500
74 2 3190.100
74 3 17282.700
74 4 9892.300
74 5 7854.200
74 6 17831.900
74 7 6451.000
74 8 15663.600
74 9 10098.100
74 10 8525.600
74 11 7905.700
74 12 15756.400
74 13 11801.600
74 14 7645.500
74 15 17670.100
74 16 9920.100
74 17 5459.400
74 18 9273.100
74 19 3395.500
74 20 16159.400
74 21 18233.100
74 22 5858.300
74 23 2530.900
74 24 17626.400
74 25 13903.100
74 26 10965.800
74 27 6330.700
74 28 8876.500
74 29 4372.800
74 30 15726.500
74 31 14321.600
74 32 4023.800
74 33 13436.600
74 34 8687.100
74 35 12503.400
74 36 13700.500
74 37 16553.000
74 38 15141.400
74 39 12284.800
74 40 6701.200
74 41 14991.400
74 42 5812.200
74 43 11917.200
74 44 7408.900
74 45 13225.300
74 46 798.100
74 47 13645.000
74 48 16097.500
74 49 4275.000
74 50 2829.200
74 51 9647.400
74 52 14502.000
74 53 3309.900
74 54 8247.600
74 55 10503.100
74 56 9489.800
74 57 14248.100
74 58 18557.300
74 59 13814.900
74 60 16457.600
74 61 13394.200
74 62 10190.500
74 63 20406.200
74 64 15660.600
74 65 6478.200
74 66 3689.900
74 67 15180.100
74 68 12731.400
74 69 14563.500
74 70 11011.100
74 71 15747.900
74 72 13121.600
74 73 10126.200
74 74 0.000
74 75 15718.000
74 76 15925.200
74 77 8947.700
74 78 20455.400
74 79 11381.900
74 80 9041.000
74 81 12748.900
74 82 13324.700
74 83 7103.000
74 84 5331.000
74 85 17040.900
74 86 19510.000
74 87 2199.800
74 88 14942.700
74 89 19658.500
74 90 16577.400
74 91 10507.300
74 92 7713.600
74 93 15410.500
74 94 18476.000
74 95 11298.800
74 96 8566.100
74 97 12847.700
74 98 10596.300
74 99 8833.400
74 100 8132.000
75 0 7679.900
75 1 6466.300
75 2 12477.400
75 3 14876.800
75 4 8636.900
75 5 6826.600
75 6 14714.300
75 7 10474.900
75 8 8791.000
75 9 13487.300
75 10 8374.700
75 11 14136.400
75 12 4412.100
75 13 4526.900
75 14 7297.600
75 15 3110.800
75 16 7679.900
75 17 10851.400
75 18 6689.500
75 19 13229.800
75 20 2397.700
75 21 2539.500
75 22 9697.400
75 23 17307.700
75 24 5418.800
75 25 10253.100
75 26 10805.500
75 27 11371.400
75 28 7138.900
75 29 17026.800
75 30 13320.500
75 31 11915.600
75 32 18095.400
75 33 11030.600
75 34 16468.100
75 35 15163.700
75 36 11754.000
75 37 9298.300
75 38 12735.500
75 39 7325.900
75 40 12878.900
75 41 8306.300
75 42 13443.300
75 43 14577.500
75 44 8315.100
75 45 6576.700
75 46 15447.900
75 47 5240.600
75 48 15649.600
75 49 14108.600
75 50 17606.000
75 51 11186.900
75 52 13827.900
75 53 12803.900
75 54 14353.100
75 55 6226.700
75 56 5566.200
75 57 9554.000
75 58 15458.500
75 59 11408.900
75 60 739.600
75 61 14945.400
75 62 16407.400
75 63 7945.500
75 64 7879.300
75 65 14259.200
75 66 12602.700
75 67 5456.800
75 68 12571.000
75 69 6782.200
75 70 6734.700
75 71 7966.600
75 72 6413.100
75 73 10188.400
75 74 15150.100
75 75 0.000
75 76 6473.500
75 77 5664.700
75 78 5851.400
75 79 12480.600
75 80 11274.200
75 81 7797.200
75 82 13164.300
75 83 9297.700
75 84 12962.100
75 85 1347.300
75 86 17104.000
75 87 13853.800
75 88 12536.800
75 89 17252.500
75 90 7979.900
75 91 16724.200
75 92 15494.600
75 93 13004.600
75 94 4237.600
75 95 8760.100
75 96 9569.100
75 97 10425.800
75 98 14355.700
75 99 10321.700
75 100 9043.900
76 0 7805.900
76 1 4644.100
76 2 12603.300
76 3 12215.400
76 4 6883.600
76 5 7979.300
76 6 10741.400
76 7 10600.900
76 8 2651.100
76 9 11054.900
76 10 8500.700
76 11 14558.700
76 12 5043.900
76 13 4433.700
76 14 8450.400
76 15 5440.000
76 16 7805.900
76 17 10977.400
76 18 7842.300
76 19 13355.800
76 20 5514.000
76 21 7786.900
76 22 9823.400
76 23 16523.400
76 24 2220.200
76 25 4555.800
76 26 8389.200
76 27 10392.900
76 28 7264.800
76 29 15898.700
76 30 8646.000
76 31 9197.600
76 32 16967.300
76 33 8398.000
76 34 15340.000
76 35 12860.700
76 36 9121.400
76 37 2814.200
76 38 9192.300
76 39 5503.700
76 40 11872.100
76 41 2609.000
76 42 12315.300
76 43 12274.500
76 44 8441.100
76 45 4144.100
76 46 15573.900
76 47 2648.400
76 48 12988.200
76 49 12980.500
76 50 16821.600
76 51 8777.000
76 52 11109.900
76 53 12929.900
76 54 13088.500
76 55 6356.400
76 56 6719.000
76 57 3856.700
76 58 9966.900
76 59 8776.300
76 60 6254.400
76 61 13658.100
76 62 15189.700
76 63 4804.100
76 64 1395.200
76 65 13131.100
76 66 12728.700
76 67 1105.200
76 68 10154.700
76 69 1276.900
76 70 5391.700
76 71 1482.400
76 72 3029.000
76 73 7549.500
76 74 15276.100
76 75 7590.600
76 76 0.000
76 77 6817.400
76 78 5937.000
76 79 9846.900
76 80 9188.800
76 81 4240.800
76 82 10861.300
76 83 9423.700
76 84 12301.100
76 85 8913.500
76 86 14442.600
76 87 13979.700
76 88 8659.000
76 89 14591.100
76 90 811.400
76 91 15506.400
76 92 14366.500
76 93 7542.500
76 94 6372.700
76 95 5690.900
76 96 8667.500
76 97 4358.800
76 98 11923.300
76 99 7911.700
76 100 9169.900
77 0 3729.400
77 1 4972.000
77 2 6233.300
77 3 10947.200
77 4 4707.400
77 5 1291.900
77 6 10784.700
77 7 6005.700
77 8 8467.300
77 9 9227.700
77 10 4311.900
77 11 9806.800
77 12 7651.300
77 13 3696.500
77 14 1763.000
77 15 9565.000
77 16 3729.400
77 17 6591.900
77 18 1015.400
77 19 7276.900
77 20 8027.900
77 21 9047.500
77 22 4673.100
77 23 11063.700
77 24 9521.400
77 25 7551.700
77 26 6965.300
77 27 7111.900
77 28 3188.400
77 29 11146.900
77 30 9391.000
77 31 7986.100
77 32 12215.500
77 33 7101.100
77 34 10588.200
77 35 11323.500
77 36 7824.400
77 37 8974.500
77 38 8805.900
77 39 5223.200
77 40 8619.300
77 41 7982.500
77 42 7563.400
77 43 10737.300
77 44 2764.800
77 45 6120.500
77 46 8648.100
77 47 5539.900
77 48 11720.000
77 49 8156.400
77 50 11361.900
77 51 6927.400
77 52 9898.400
77 53 6234.500
77 54 10148.700
77 55 3664.100
77 56 2134.500
77 57 7896.700
77 58 12205.800
77 59 7479.400
77 60 7271.900
77 61 11105.200
77 62 12091.600
77 63 12301.100
77 64 7555.600
77 65 8379.300
77 66 6649.800
77 67 7075.000
77 68 8730.800
77 69 6458.500
77 70 3949.500
77 71 7642.800
77 72 5956.800
77 73 6125.600
77 74 8906.000
77 75 6532.300
77 76 7820.100
77 77 0.000
77 78 12359.400
77 79 8551.100
77 80 7014.700
77 81 6280.600
77 82 9324.100
77 83 3747.400
77 84 7082.200
77 85 7855.300
77 86 13174.500
77 87 7299.100
77 88 8607.200
77 89 13323.000
77 90 8472.300
77 91 12408.400
77 92 9614.700
77 93 9075.000
77 94 10370.900
77 95 4830.600
77 96 5506.300
77 97 6496.200
77 98 10096.100
77 99 6062.100
77 100 4981.100
78 0 10858.300
78 1 8600.400
78 2 17206.900
78 3 18084.700
78 4 12752.100
78 5 12653.600
78 6 16610.700
78 7 16273.500
78 8 8520.500
78 9 16918.900
78 10 13104.200
78 11 20422.600
78 12 6185.400
78 13 9037.300
78 14 13124.700
78 15 2791.600
78 16 10858.300
78 17 16613.600
78 18 12516.600
78 19 19790.500
78 20 5795.000
78 21 4307.000
78 22 14427.000
78 23 22387.300
78 24 3837.300
78 25 10425.200
78 26 14257.800
78 27 16256.800
78 28 11868.400
78 29 21762.600
78 30 14515.400
78 31 15151.600
78 32 22831.300
78 33 14266.600
78 34 21204.000
78 35 18616.000
78 36 14990.000
78 37 8683.500
78 38 15061.600
78 39 9460.000
78 40 17736.000
78 41 8478.300
78 42 18179.200
78 43 18029.800
78 44 13044.600
78 45 8710.800
78 46 20177.500
78 47 7374.800
78 48 18857.500
78 49 18844.400
78 50 22685.600
78 51 14641.000
78 52 17063.900
78 53 17533.500
78 54 18952.400
78 55 10235.700
78 56 11393.300
78 57 9726.000
78 58 15836.200
78 59 14644.900
78 60 5399.500
78 61 18397.700
78 62 21053.600
78 63 3507.700
78 64 7264.500
78 65 18995.100
78 66 19163.400
78 67 6942.900
78 68 16023.300
78 69 7146.200
78 70 9348.100
78 71 7351.800
78 72 8547.200
78 73 13418.100
78 74 19879.600
78 75 5851.400
78 76 5873.700
78 77 11491.800
78 78 0.000
78 79 15710.900
78 80 15052.800
78 81 10110.100
78 82 16616.600
78 83 14027.300
78 84 18165.100
78 85 4656.800
78 86 20312.000
78 87 18583.300
78 88 14528.300
78 89 20460.500
78 90 6400.900
78 91 21370.400
78 92 20230.500
78 93 13411.900
78 94 2458.900
78 95 11004.500
78 96 14531.400
78 97 10228.100
78 98 17787.300
78 99 13775.700
78 100 13773.400
79 0 14857.100
79 1 11695.300
79 2 19654.600
79 3 19266.600
79 4 13934.800
79 5 15030.600
79 6 17792.700
79 7 17652.200
79 8 9702.400
79 9 18106.200
79 10 15551.900
79 11 21609.900
79 12 11264.100
79 13 11485.000
79 14 15501.600
79 15 11216.200
79 16 14857.100
79 17 18028.700
79 18 14893.500
79 19 20407.100
79 20 12352.800
79 21 12325.000
79 22 16874.700
79 23 23574.600
79 24 7888.100
79 25 11607.100
79 26 15440.400
79 27 17444.100
79 28 14316.100
79 29 22949.900
79 30 15697.300
79 31 16248.900
79 32 24018.600
79 33 15449.200
79 34 22391.300
79 35 19911.900
79 36 16172.600
79 37 9865.500
79 38 16243.500
79 39 12554.900
79 40 18923.300
79 41 9660.200
79 42 19366.500
79 43 19325.800
79 44 15492.300
79 45 11195.400
79 46 22625.100
79 47 9699.700
79 48 20039.400
79 49 20031.700
79 50 23872.900
79 51 15828.300
79 52 18161.200
79 53 19981.200
79 54 20139.800
79 55 13407.700
79 56 13770.200
79 57 10907.900
79 58 17018.100
79 59 15827.500
79 60 13093.300
79 61 20709.400
79 62 22240.900
79 63 10472.100
79 64 8446.500
79 65 20182.400
79 66 19780.000
79 67 8142.000
79 68 17206.000
79 69 8328.200
79 70 12443.000
79 71 8533.700
79 72 10080.300
79 73 14600.800
79 74 22327.300
79 75 13297.200
79 76 7067.600
79 77 13868.700
79 78 11604.900
79 79 0.000
79 80 16240.100
79 81 11292.100
79 82 17912.600
79 83 16475.000
79 84 19352.400
79 85 13474.300
79 86 21493.900
79 87 21031.000
79 88 15710.200
79 89 21642.400
79 90 7703.300
79 91 22557.700
79 92 21417.800
79 93 14593.800
79 94 10910.800
79 95 12742.100
79 96 15718.800
79 97 11410.100
79 98 18974.600
79 99 14963.000
79 100 16221.100
80 0 5445.200
80 1 7558.700
80 2 4606.000
80 3 10119.900
80 4 3025.800
80 5 6159.000
80 6 10965.400
80 7 1336.100
80 8 8500.800
80 9 4540.400
80 10 3064.000
80 11 4290.800
80 12 11281.500
80 13 7326.700
80 14 6237.900
80 15 13195.200
80 16 5445.200
80 17 1676.200
80 18 7226.000
80 19 4209.400
80 20 11684.500
80 21 13758.200
80 22 2534.600
80 23 7682.800
80 24 12107.200
80 25 6740.300
80 26 4099.300
80 27 1218.900
80 28 4401.600
80 29 7058.100
80 30 8563.600
80 31 7158.800
80 32 8126.700
80 33 6273.700
80 34 6499.400
80 35 6945.600
80 36 6834.000
80 37 9390.200
80 38 7978.600
80 39 7809.900
80 40 3033.200
80 41 7828.600
80 42 3474.700
80 43 6359.500
80 44 4252.500
80 45 8750.400
80 46 7020.800
80 47 9170.100
80 48 9231.000
80 49 4139.900
80 50 7981.000
80 51 2780.800
80 52 8573.700
80 53 5641.000
80 54 4931.600
80 55 6028.300
80 56 7262.000
80 57 7085.300
80 58 11394.400
80 59 6652.000
80 60 11982.700
80 61 8239.300
80 62 6561.800
80 63 14691.100
80 64 9800.400
80 65 4290.500
80 66 3582.300
80 67 12361.000
80 68 5864.900
80 69 9160.200
80 70 6536.200
80 71 8783.000
80 72 8646.800
80 73 3259.700
80 74 7430.500
80 75 11243.100
80 76 11286.700
80 77 7111.500
80 78 15824.000
80 79 4219.100
80 80 0.000
80 81 6850.100
80 82 6458.100
80 83 3946.700
80 84 3460.500
80 85 12566.000
80 86 12347.200
80 87 6690.900
80 88 7779.900
80 89 12495.700
80 90 11922.400
80 91 6878.500
80 92 5525.900
80 93 8247.700
80 94 15129.900
80 95 6247.500
80 96 2036.500
80 97 5684.900
80 98 5009.000
80 99 1998.400
80 100 2634.400
81 0 3264.200
81 1 1913.500
81 2 8904.100
81 3 9097.700
81 4 3560.100
81 5 6166.300
81 6 7623.700
81 7 7086.100
81 8 2805.700
81 9 7731.500
81 10 4626.500
81 11 11235.200
81 12 5441.700
81 13 4114.400
81 14 6637.400
81 15 7355.400
81 16 3264.200
81 17 7426.200
81 18 6261.300
81 19 10603.100
81 20 7429.400
81 21 9090.200
81 22 6124.200
81 23 13199.900
81 24 6425.900
81 25 2195.000
81 26 5065.700
81 27 7069.400
81 28 3870.400
81 29 12575.200
81 30 5528.400
81 31 6079.900
81 32 13643.800
81 33 5074.500
81 34 12016.600
81 35 9743.000
81 36 5797.900
81 37 3695.200
81 38 6074.600
81 39 1509.600
81 40 8548.600
81 41 2133.600
81 42 8991.800
81 43 9156.800
81 44 4983.100
81 45 1220.500
81 46 11874.700
81 47 3464.100
81 48 9870.500
81 49 9657.000
81 50 13498.200
81 51 5453.600
81 52 7992.200
81 53 9230.700
81 54 9765.000
81 55 3015.700
81 56 4728.200
81 57 2494.800
81 58 6849.200
81 59 5452.800
81 60 8169.900
81 61 10540.400
81 62 11866.200
81 63 9009.800
81 64 4105.300
81 65 9807.700
81 66 9976.000
81 67 4865.400
81 68 6831.300
81 69 3465.200
81 70 2128.000
81 71 3088.000
81 72 2661.000
81 73 4226.000
81 74 11576.800
81 75 8373.800
81 76 4826.800
81 77 5236.500
81 78 10140.800
81 79 6523.500
81 80 5865.400
81 81 0.000
81 82 7424.500
81 83 5740.500
81 84 8977.700
81 85 9721.100
81 86 11324.900
81 87 10280.500
81 88 5541.300
81 89 11473.400
81 90 5479.000
81 91 12182.900
81 92 11043.100
81 93 4424.900
81 94 8161.300
81 95 1450.100
81 96 5344.000
81 97 1101.800
81 98 8599.900
81 99 4588.300
81 100 5295.700
82 0 7465.800
82 1 9579.300
82 2 9491.200
82 3 4594.800
82 4 4752.900
82 5 8179.600
82 6 4561.200
82 7 7095.800
82 8 8146.900
82 9 2718.400
82 10 5643.500
82 11 7447.600
82 12 13302.100
82 13 9347.300
82 14 8512.300
82 15 16147.000
82 16 7465.800
82 17 6620.000
82 18 9500.300
82 19 9094.600
82 20 13705.100
82 21 15778.800
82 22 7272.800
82 23 12196.200
82 24 12818.900
82 25 6033.300
82 26 2519.100
82 27 6101.700
82 28 6422.200
82 29 10482.600
82 30 3250.300
82 31 2280.100
82 32 11551.200
82 33 3420.900
82 34 7994.500
82 35 2628.200
82 36 2117.600
82 37 8110.000
82 38 2556.400
82 39 9830.500
82 40 7632.400
82 41 8588.800
82 42 7988.100
82 43 2042.000
82 44 6525.400
82 45 8953.600
82 46 11905.900
82 47 11190.700
82 48 2826.900
82 49 8653.300
82 50 12494.500
82 51 5530.800
82 52 1988.200
82 53 10379.200
82 54 6441.000
82 55 8048.900
82 56 9534.900
82 57 7100.600
82 58 7101.300
82 59 2504.300
82 60 14003.300
82 61 1835.100
82 62 8542.200
82 63 15402.800
82 64 10560.500
82 65 7715.000
82 66 8467.500
82 67 12356.400
82 68 1180.400
82 69 9920.400
82 70 8556.800
82 71 9543.200
82 72 10201.800
82 73 4036.000
82 74 11943.900
82 75 13263.700
82 76 11282.000
82 77 9385.900
82 78 16535.700
82 79 7268.600
82 80 5792.100
82 81 7733.100
82 82 0.000
82 83 7148.400
82 84 7974.000
82 85 14586.600
82 86 6822.000
82 87 11429.100
82 88 3645.000
82 89 6970.500
82 90 11934.200
82 91 8858.900
82 92 8950.400
82 93 3255.100
82 94 15841.500
82 95 7634.800
82 96 5076.800
82 97 6567.800
82 98 5260.400
82 99 4515.000
82 100 5868.700
83 0 3511.400
83 1 5348.300
83 2 4404.100
83 3 11672.900
83 4 3694.700
83 5 3203.800
83 6 11639.300
83 7 2955.500
83 8 9140.000
83 9 6177.600
83 10 2119.900
83 11 7613.500
83 12 9347.600
83 13 5392.900
83 14 2995.200
83 15 11261.300
83 16 3511.400
83 17 3541.700
83 18 3983.200
83 19 5156.600
83 20 9750.700
83 21 11824.400
83 22 1623.000
83 23 9234.500
83 24 11217.700
83 25 7379.500
83 26 4773.300
83 27 4061.700
83 28 2467.800
83 29 8953.600
83 30 9202.900
83 31 7798.000
83 32 10022.200
83 33 6913.000
83 34 8394.900
83 35 8582.800
83 36 7507.900
83 37 10670.900
83 38 8617.900
83 39 5599.500
83 40 5569.200
83 41 8467.900
83 42 5370.100
83 43 7996.700
83 44 1009.800
83 45 6540.000
83 46 6818.900
83 47 7236.200
83 48 9905.000
83 49 6035.400
83 50 9532.800
83 51 3877.200
83 52 9247.700
83 53 4731.900
83 54 7955.400
83 55 4094.400
83 56 4019.300
83 57 7724.600
83 58 12033.700
83 59 7291.300
83 60 10048.800
83 61 8913.200
83 62 9898.300
83 63 13997.500
83 64 9251.900
83 65 6186.000
83 66 4529.500
83 67 8771.300
83 68 6538.900
83 69 8154.800
83 70 4325.900
83 71 9339.100
83 72 6436.400
83 73 3933.600
83 74 7076.900
83 75 9309.200
83 76 9516.400
83 77 3868.800
83 78 14046.700
83 79 5281.000
83 80 3964.500
83 81 6340.200
83 82 7132.100
83 83 0.000
83 84 4888.900
83 85 10632.200
83 86 13900.100
83 87 5781.800
83 88 8419.200
83 89 14048.600
83 90 10168.600
83 91 10215.000
83 92 7421.400
83 93 8886.900
83 94 12067.200
83 95 4890.100
83 96 2744.600
83 97 6324.100
83 98 7046.000
83 99 3011.900
83 100 2310.500
84 0 6556.000
84 1 8669.500
84 2 2166.000
84 3 12847.800
84 4 5476.000
84 5 5971.600
84 6 12685.300
84 7 3086.900
84 8 11228.700
84 9 6181.600
84 10 5161.600
84 11 3665.600
84 12 12392.300
84 13 8437.600
84 14 5762.900
84 15 14306.000
84 16 6556.000
84 17 1784.700
84 18 7390.500
84 19 1625.400
84 20 12795.300
84 21 14869.000
84 22 2968.400
84 23 5630.300
84 24 14835.100
84 25 9468.200
84 26 6847.800
84 27 1822.200
84 28 5512.500
84 29 5005.700
84 30 11291.500
84 31 9886.600
84 32 6074.300
84 33 9001.600
84 34 4447.000
84 35 8586.800
84 36 9725.000
84 37 12118.100
84 38 10706.500
84 39 8920.700
84 40 2266.300
84 41 10556.500
84 42 1422.200
84 43 8000.700
84 44 4519.000
84 45 9861.200
84 46 4566.700
84 47 10280.900
84 48 11979.500
84 49 2087.500
84 50 5928.600
84 51 5516.200
84 52 11798.900
84 53 3145.700
84 54 4007.500
84 55 7139.100
84 56 7528.500
84 57 9813.200
84 58 14122.300
84 59 9379.900
84 60 13093.500
84 61 9477.700
84 62 5950.400
84 63 17419.000
84 64 12528.200
84 65 2238.100
84 66 998.300
84 67 11816.000
84 68 8613.300
84 69 11199.500
84 70 7647.100
84 71 11510.900
84 72 9757.600
84 73 6008.100
84 74 4824.600
84 75 12353.900
84 76 14014.500
84 77 7378.000
84 78 18551.900
84 79 6946.900
84 80 4333.700
84 81 9578.000
84 82 9206.600
84 83 4213.200
84 84 0.000
84 85 13676.800
84 86 15075.000
84 87 4542.700
84 88 10507.800
84 89 15223.500
84 90 14650.300
84 91 6267.200
84 92 3473.500
84 93 10975.500
84 94 15111.900
84 95 7934.800
84 96 4486.700
84 97 8412.700
84 98 6356.200
84 99 5036.500
84 100 4429.800
85 0 9002.800
85 1 7789.200
85 2 13800.300
85 3 16199.700
85 4 9959.900
85 5 8149.500
85 6 16037.200
85 7 11797.900
85 8 10418.900
85 9 14810.300
85 10 9697.600
85 11 15459.400
85 12 5759.500
85 13 5849.800
85 14 8620.600
85 15 3375.700
85 16 9002.800
85 17 12174.400
85 18 8012.500
85 19 14552.800
85 20 3720.600
85 21 1344.900
85 22 11020.400
85 23 18630.700
85 24 5735.700
85 25 12323.600
85 26 12128.400
85 27 12694.400
85 28 8461.800
85 29 18349.700
85 30 14643.500
85 31 13238.600
85 32 19418.300
85 33 12353.600
85 34 17791.100
85 35 16486.600
85 36 13077.000
85 37 10581.900
85 38 14058.400
85 39 8648.800
85 40 14201.900
85 41 10376.700
85 42 14766.300
85 43 15900.400
85 44 9638.000
85 45 7899.600
85 46 16770.900
85 47 6563.600
85 48 16972.500
85 49 15431.500
85 50 18928.900
85 51 12509.900
85 52 15150.900
85 53 14126.900
85 54 15676.100
85 55 7549.600
85 56 6889.200
85 57 11624.400
85 58 17734.600
85 59 12731.900
85 60 2086.900
85 61 16268.400
85 62 17730.400
85 63 6750.900
85 64 9162.900
85 65 15582.200
85 66 13925.700
85 67 6804.100
85 68 13894.000
85 69 8105.200
85 70 8057.600
85 71 9250.200
85 72 7736.000
85 73 11511.300
85 74 16473.000
85 75 1347.300
85 76 7772.100
85 77 6987.700
85 78 4656.800
85 79 13803.600
85 80 12597.200
85 81 9120.200
85 82 14487.200
85 83 10620.700
85 84 14285.100
85 85 0.000
85 86 18427.000
85 87 15176.700
85 88 13859.700
85 89 18575.500
85 90 8299.300
85 91 18047.100
85 92 16817.600
85 93 14327.500
85 94 3043.000
85 95 10083.100
85 96 10892.000
85 97 12126.500
85 98 15678.700
85 99 11644.600
85 100 10366.800
86 0 11248.300
86 1 13361.800
86 2 15989.900
86 3 2227.300
86 4 9424.100
86 5 13631.000
86 6 4297.900
86 7 12950.100
86 8 11814.800
86 9 9418.400
86 10 12343.600
86 11 14147.700
86 12 17825.900
86 13 13129.800
86 14 14102.100
86 15 19877.100
86 16 11248.300
86 17 13320.000
86 18 13354.500
86 19 15794.700
86 20 17487.600
86 21 19561.300
86 22 13210.000
86 23 19063.900
86 24 16549.000
86 25 9701.200
86 26 9219.100
86 27 12801.700
86 28 12082.200
86 29 17182.600
86 30 6495.000
86 31 5789.400
86 32 18251.300
86 33 7305.700
86 34 14694.600
86 35 9328.300
86 36 6317.900
86 37 11777.900
86 38 5603.800
86 39 12910.600
86 40 14332.500
86 41 12256.700
86 42 14855.800
86 43 8742.100
86 44 13225.500
86 45 12621.600
86 46 19129.400
86 47 15430.500
86 48 5223.600
86 49 15521.000
86 50 19362.200
86 51 12230.900
86 52 5001.200
86 53 16316.500
86 54 13141.100
86 55 11831.300
86 56 13344.700
86 57 10768.500
86 58 7618.200
86 59 7061.500
86 60 17785.800
86 61 5893.500
86 62 15242.300
86 63 19132.900
86 64 14228.400
86 65 14415.100
86 66 15167.600
86 67 16024.300
86 68 7880.500
86 69 13588.300
86 70 12339.300
86 71 13211.100
86 72 13869.700
86 73 10090.000
86 74 18811.600
86 75 17046.200
86 76 14949.900
86 77 13300.600
86 78 20265.800
86 79 12387.500
86 80 11729.400
86 81 11401.000
86 82 6700.100
86 83 13848.500
86 84 14841.700
86 85 18369.100
86 86 0.000
86 87 17366.300
86 88 7154.300
86 89 1380.100
86 90 15602.100
86 91 15559.000
86 92 15650.500
86 93 6764.300
86 94 19571.600
86 95 11322.900
86 96 11208.000
86 97 10235.700
86 98 11960.500
86 99 10452.300
86 100 11805.900
87 0 9634.600
87 1 11748.000
87 2 4373.900
87 3 16700.900
87 4 9606.800
87 5 7861.000
87 6 17546.400
87 7 6165.500
87 8 15081.800
87 9 11713.500
87 10 8240.100
87 11 9089.500
87 12 15470.800
87 13 11516.100
87 14 7652.300
87 15 17384.500
87 16 9634.600
87 17 6768.600
87 18 9279.900
87 19 4579.200
87 20 15873.800
87 21 17947.600
87 22 6047.200
87 23 4613.400
87 24 17340.900
87 25 13321.300
87 26 10680.300
87 27 7287.800
87 28 8591.000
87 29 6455.300
87 30 15144.600
87 31 13739.700
87 32 6106.300
87 33 12854.700
87 34 9870.800
87 35 14118.800
87 36 13415.000
87 37 15971.200
87 38 14559.600
87 39 11999.200
87 40 7885.000
87 41 14409.600
87 42 6996.000
87 43 13532.600
87 44 7597.800
87 45 12939.700
87 46 1595.400
87 47 13359.400
87 48 15812.000
87 49 5458.700
87 50 4911.700
87 51 9361.800
87 52 15154.700
87 53 3024.400
87 54 9431.400
87 55 10217.600
87 56 9496.600
87 57 13666.300
87 58 17975.400
87 59 13233.000
87 60 16172.000
87 61 14820.300
87 62 11374.300
87 63 20120.600
87 64 15375.100
87 65 7661.900
87 66 4873.600
87 67 14894.500
87 68 12445.900
87 69 14278.000
87 70 10725.600
87 71 15462.300
87 72 12836.100
87 73 9840.600
87 74 2455.800
87 75 15432.400
87 76 15639.600
87 77 8954.500
87 78 20169.900
87 79 10800.100
87 80 8755.500
87 81 12463.400
87 82 13039.100
87 83 7291.900
87 84 6514.700
87 85 16755.400
87 86 18928.100
87 87 0.000
87 88 14360.900
87 89 19076.600
87 90 16291.800
87 91 11691.000
87 92 8897.400
87 93 14828.700
87 94 18190.400
87 95 11013.300
87 96 8280.600
87 97 12265.800
87 98 11842.300
87 99 8547.900
87 100 7846.500
88 0 5968.500
88 1 8082.000
88 2 10710.100
88 3 4740.000
88 4 4144.300
88 5 8351.200
88 6 3657.800
88 7 7670.300
88 8 5950.100
88 9 5532.100
88 10 6280.500
88 11 11819.400
88 12 11804.800
88 13 7850.000
88 14 8822.300
88 15 14534.700
88 16 5968.500
88 17 8010.300
88 18 8074.700
88 19 11187.300
88 20 12207.800
88 21 14281.500
88 22 7930.200
88 23 13784.100
88 24 11206.600
88 25 3836.500
88 26 3654.500
88 27 7653.600
88 28 6802.400
88 29 13159.400
88 30 2358.500
88 31 1778.900
88 32 14228.000
88 33 2025.900
88 34 12600.700
88 35 5441.900
88 36 2126.800
88 37 5913.100
88 38 1773.500
88 39 8333.200
88 40 9132.800
88 41 6392.000
88 42 9576.000
88 43 4855.800
88 44 7162.300
88 45 6756.800
88 46 13849.600
88 47 9693.400
88 48 5512.800
88 49 10241.200
88 50 14082.400
88 51 6037.800
88 52 3691.200
88 53 11036.700
88 54 9254.800
88 55 6551.500
88 56 8064.900
88 57 4903.800
88 58 4904.500
88 59 1781.700
88 60 12506.000
88 61 5223.700
88 62 11356.000
88 63 13790.500
88 64 8363.700
88 65 10391.800
88 66 10560.200
88 67 10159.600
88 68 3226.800
88 69 7723.600
88 70 7059.500
88 71 7346.400
88 72 8005.000
88 73 4810.200
88 74 13531.800
88 75 11766.400
88 76 9085.200
88 77 8020.800
88 78 14923.400
88 79 7107.700
88 80 6449.600
88 81 5536.300
88 82 3442.500
88 83 7785.400
88 84 9561.900
88 85 13089.300
88 86 6967.300
88 87 12086.500
88 88 0.000
88 89 7115.800
88 90 9737.400
88 91 11672.700
88 92 11627.300
88 93 1058.300
88 94 14229.300
88 95 6043.000
88 96 5928.200
88 97 4371.000
88 98 8074.200
88 99 5172.500
88 100 6526.100
89 0 11396.800
89 1 13510.300
89 2 16138.400
89 3 2375.700
89 4 9572.600
89 5 13779.500
89 6 4446.400
89 7 13098.600
89 8 11963.300
89 9 9566.900
89 10 12492.100
89 11 14296.200
89 12 17974.400
89 13 13278.300
89 14 14250.600
89 15 20025.600
89 16 11396.800
89 17 13468.500
89 18 13503.000
89 19 15943.200
89 20 17636.100
89 21 19709.800
89 22 13358.500
89 23 19212.400
89 24 16697.500
89 25 9849.700
89 26 9367.600
89 27 12950.200
89 28 12230.700
89 29 17331.100
89 30 6643.500
89 31 5937.900
89 32 18399.800
89 33 7454.200
89 34 14843.100
89 35 9476.800
89 36 6466.400
89 37 11926.400
89 38 5752.300
89 39 13059.100
89 40 14481.000
89 41 12405.200
89 42 15004.300
89 43 8890.600
89 44 13374.000
89 45 12770.100
89 46 19277.900
89 47 15579.000
89 48 5372.100
89 49 15669.500
89 50 19510.700
89 51 12379.400
89 52 5149.600
89 53 16465.000
89 54 13289.600
89 55 11979.800
89 56 13493.200
89 57 10917.000
89 58 3090.100
89 59 7210.000
89 60 17934.300
89 61 6042.000
89 62 15390.800
89 63 19281.400
89 64 14376.900
89 65 14563.600
89 66 15316.000
89 67 16172.800
89 68 8029.000
89 69 13736.800
89 70 12487.800
89 71 13359.600
89 72 14018.200
89 73 10238.500
89 74 18960.100
89 75 17194.700
89 76 15098.400
89 77 13449.100
89 78 20414.300
89 79 12536.000
89 80 11877.900
89 81 11549.500
89 82 6848.600
89 83 13997.000
89 84 14990.200
89 85 18517.600
89 86 1380.100
89 87 17514.800
89 88 7302.800
89 89 0.000
89 90 15750.600
89 91 15707.500
89 92 15799.000
89 93 6912.800
89 94 19720.100
89 95 11471.400
89 96 11356.500
89 97 10384.200
89 98 12109.000
89 99 10600.800
89 100 11954.400
90 0 11246.700
90 1 7344.000
90 2 16044.200
90 3 15656.200
90 4 10323.700
90 5 11420.100
90 6 14182.200
90 7 13845.000
90 8 6092.000
90 9 14490.400
90 10 11941.500
90 11 17994.100
90 12 4784.800
90 13 7874.500
90 14 11891.200
90 15 5242.900
90 16 11246.700
90 17 14185.100
90 18 11283.100
90 19 17362.100
90 20 5873.500
90 21 6758.300
90 22 13264.300
90 23 19958.800
90 24 1408.800
90 25 7996.700
90 26 11829.300
90 27 13828.400
90 28 10705.700
90 29 19334.100
90 30 12086.900
90 31 12723.100
90 32 20402.800
90 33 11838.100
90 34 18775.500
90 35 16187.500
90 36 12561.500
90 37 6255.000
90 38 12633.100
90 39 8203.600
90 40 15307.600
90 41 6049.800
90 42 15750.700
90 43 15601.300
90 44 11881.900
90 45 7585.000
90 46 19014.700
90 47 6089.300
90 48 16429.000
90 49 16415.900
90 50 20257.100
90 51 12212.500
90 52 14635.400
90 53 16370.800
90 54 16524.000
90 55 9797.200
90 56 10159.800
90 57 7297.500
90 58 13407.700
90 59 12216.400
90 60 6614.000
90 61 15969.200
90 62 18625.200
90 63 3992.800
90 64 4836.100
90 65 16566.600
90 66 16734.900
90 67 4514.400
90 68 13594.900
90 69 4717.700
90 70 8091.600
90 71 4923.300
90 72 6469.800
90 73 10989.600
90 74 19706.600
90 75 6817.900
90 76 3445.200
90 77 10258.300
90 78 5125.600
90 79 13282.400
90 80 12624.300
90 81 7681.600
90 82 14188.100
90 83 12864.600
90 84 15736.600
90 85 7108.100
90 86 17883.500
90 87 17420.600
90 88 12099.800
90 89 18032.000
90 90 0.000
90 91 18941.900
90 92 17802.000
90 93 10983.400
90 94 4910.100
90 95 9131.700
90 96 12103.000
90 97 7799.700
90 98 15358.800
90 99 11347.200
90 100 12700.900
91 0 10962.700
91 1 13076.100
91 2 7572.600
91 3 13313.600
91 4 9616.100
91 5 11378.200
91 6 13280.100
91 7 6853.500
91 8 14086.400
91 9 6484.500
91 10 9709.100
91 11 3127.700
91 12 16799.000
91 13 12844.200
91 14 11169.600
91 15 21020.900
91 16 10962.700
91 17 5893.600
91 18 12797.100
91 19 7032.100
91 20 17202.000
91 21 19275.700
91 22 8052.000
91 23 9575.600
91 24 17692.800
91 25 12325.900
91 26 9698.000
91 27 5611.000
91 28 9919.100
91 29 5421.300
91 30 11445.400
91 31 10475.200
91 32 6489.900
91 33 11859.400
91 34 2329.400
91 35 8889.800
91 36 10312.600
91 37 14975.800
91 38 10751.500
91 39 13327.400
91 40 4152.500
91 41 13414.200
91 42 5367.500
91 43 8303.600
91 44 9925.600
91 45 13656.300
91 46 9641.100
91 47 14687.600
91 48 11545.700
91 49 6032.700
91 50 9873.900
91 51 8066.900
91 52 10888.400
91 53 8552.400
91 54 3019.300
91 55 11545.700
91 56 12935.200
91 57 12670.900
91 58 15296.400
91 59 10699.300
91 60 17500.100
91 61 9780.600
91 62 2877.100
91 63 20276.700
91 64 15386.000
91 65 4293.300
91 66 6404.900
91 67 17946.700
91 68 9375.500
91 69 14745.900
91 70 12053.700
91 71 14368.600
91 72 15027.300
91 73 8858.300
91 74 9323.300
91 75 16760.500
91 76 16872.300
91 77 12784.700
91 78 21409.600
91 79 9804.700
91 80 7008.000
91 81 12435.800
91 82 8772.800
91 83 9619.800
91 84 5505.800
91 85 18083.500
91 86 15540.800
91 87 9949.400
91 88 11840.100
91 89 15689.300
91 90 17508.000
91 91 0.000
91 92 3889.200
91 93 11450.100
91 94 20715.500
91 95 12515.800
91 96 8681.500
91 97 11270.500
91 98 5344.000
91 99 7925.800
91 100 9279.500
92 0 10489.400
92 1 12602.800
92 2 6099.300
92 3 14271.000
92 4 9144.700
92 5 9904.900
92 6 14237.500
92 7 6589.400
92 8 13607.500
92 9 7441.900
92 10 9198.600
92 11 2399.400
92 12 16325.700
92 13 12370.900
92 14 9696.300
92 15 20542.000
92 16 10489.400
92 17 5718.000
92 18 11323.900
92 19 5558.800
92 20 16728.700
92 21 18802.400
92 22 6901.800
92 23 5089.900
92 24 17213.900
92 25 11847.000
92 26 9226.600
92 27 5346.900
92 28 9445.800
92 29 1532.100
92 30 12402.800
92 31 12265.400
92 32 2600.800
92 33 11380.400
92 34 1889.300
92 35 10216.100
92 36 11270.000
92 37 14496.900
92 38 11708.900
92 39 12854.100
92 40 3888.400
92 41 12935.300
92 42 3894.200
92 43 9261.000
92 44 8452.300
92 45 13177.400
92 46 8167.800
92 47 14214.300
92 48 12503.100
92 49 4559.400
92 50 3314.300
92 51 7895.000
92 52 11845.800
92 53 7079.100
92 54 3952.700
92 55 11072.400
92 56 11461.900
92 57 12192.000
92 58 16501.100
92 59 11758.700
92 60 17026.900
92 61 10738.000
92 62 3788.700
92 63 19797.800
92 64 14907.100
92 65 3571.000
92 66 4931.700
92 67 17467.700
92 68 10992.200
92 69 14266.900
92 70 11580.400
92 71 13889.700
92 72 14548.300
92 73 8386.900
92 74 7850.100
92 75 16287.200
92 76 16393.300
92 77 11311.400
92 78 20930.700
92 79 9325.800
92 80 6712.500
92 81 11956.800
92 82 9730.200
92 83 8146.500
92 84 4032.600
92 85 17610.200
92 86 16498.200
92 87 8476.100
92 88 12886.600
92 89 16646.700
92 90 17029.100
92 91 4105.400
92 92 0.000
92 93 12407.500
92 94 20236.500
92 95 12036.900
92 96 8171.100
92 97 10791.500
92 98 6301.400
92 99 7415.300
92 100 8769.000
93 0 7097.500
93 1 6391.600
93 2 11839.100
93 3 4616.200
93 4 5273.300
93 5 9480.300
93 6 4620.800
93 7 8799.300
93 8 4891.900
93 9 5408.300
93 10 7409.500
93 11 10137.600
93 12 10902.900
93 13 8979.100
93 14 9951.300
93 15 12954.100
93 16 7097.500
93 17 9309.900
93 18 9203.800
93 19 12316.300
93 20 13336.800
93 21 14062.900
93 22 9059.200
93 23 14913.100
93 24 9626.000
93 25 2778.200
93 26 4211.500
93 27 8791.600
93 28 7931.400
93 29 14288.400
93 30 2234.700
93 31 1655.100
93 32 15357.100
93 33 3154.900
93 34 10684.400
93 35 5318.100
93 36 2183.600
93 37 4854.900
93 38 1649.700
93 39 5987.700
93 40 10322.400
93 41 5333.700
93 42 10705.000
93 43 4732.000
93 44 8291.400
93 45 5698.600
93 46 14978.600
93 47 8507.500
93 48 5389.000
93 49 11370.200
93 50 15211.400
93 51 7166.800
93 52 3567.400
93 53 12165.700
93 54 9131.000
93 55 7680.600
93 56 9193.900
93 57 3845.500
93 58 3846.300
93 59 2910.800
93 60 13635.000
93 61 5099.900
93 62 11232.200
93 63 12209.900
93 64 7305.500
93 65 11520.900
93 66 11689.200
93 67 9101.300
93 68 3870.400
93 69 6665.300
93 70 8188.600
93 71 6288.100
93 72 6946.800
93 73 5939.300
93 74 14660.900
93 75 12895.400
93 76 8027.000
93 77 9149.800
93 78 13342.800
93 79 8236.700
93 80 7578.600
93 81 4478.000
93 82 3318.700
93 83 8914.400
93 84 10690.900
93 85 14218.300
93 86 6843.500
93 87 13215.500
93 88 1116.400
93 89 6992.000
93 90 8679.200
93 91 11548.900
93 92 12756.300
93 93 0.000
93 94 12648.700
93 95 5761.000
93 96 7057.300
93 97 3312.800
93 98 7950.400
93 99 6301.500
93 100 7655.200
94 0 9554.700
94 1 7296.800
94 2 16146.300
94 3 18095.400
94 4 12305.900
94 5 10495.500
94 6 16621.500
94 7 14143.800
94 8 8531.200
94 9 16929.600
94 10 12043.600
94 11 20433.400
94 12 4881.800
94 13 7733.700
94 14 10966.600
94 15 1488.000
94 16 9554.700
94 17 14520.400
94 18 10358.500
94 19 16898.800
94 20 4491.400
94 21 1414.200
94 22 13366.400
94 23 22398.100
94 24 3848.000
94 25 10435.900
94 26 14268.500
94 27 15040.400
94 28 10807.800
94 29 21773.400
94 30 14526.100
94 31 15162.300
94 32 22842.000
94 33 14277.300
94 34 21214.700
94 35 18626.700
94 36 15000.700
94 37 8694.300
94 38 15072.300
94 39 8156.400
94 40 16547.800
94 41 8489.000
94 42 18189.900
94 43 18040.500
94 44 11984.000
94 45 7407.200
94 46 19116.800
94 47 6071.200
94 48 18868.200
94 49 18855.200
94 50 22696.300
94 51 14651.700
94 52 17074.600
94 53 16472.900
94 54 18963.200
94 55 8932.100
94 56 9235.200
94 57 9736.700
94 58 15846.900
94 59 14655.600
94 60 3241.400
94 61 18408.500
94 62 21064.400
94 63 5214.000
94 64 7275.300
94 65 19005.800
94 66 16271.600
94 67 6953.600
94 68 16034.100
94 69 7157.000
94 70 8044.500
94 71 7362.500
94 72 7243.600
94 73 13428.800
94 74 18819.000
94 75 3693.300
94 76 5884.500
94 77 9333.600
94 78 3119.900
94 79 15721.600
94 80 15063.500
94 81 8627.800
94 82 16627.300
94 83 12966.700
94 84 18175.800
94 85 2498.700
94 86 20322.700
94 87 17522.700
94 88 14539.000
94 89 20471.200
94 90 6411.600
94 91 21381.100
94 92 20241.200
94 93 13422.600
94 94 0.000
94 95 9700.900
94 96 14542.200
94 97 10238.900
94 98 17798.000
94 99 13786.400
94 100 12712.800
95 0 1814.200
95 1 2986.700
95 2 7454.000
95 3 9502.200
95 4 3262.300
95 5 4716.200
95 6 9073.800
95 7 5121.700
95 8 4255.800
95 9 8314.000
95 10 3176.400
95 11 8958.100
95 12 6514.900
95 13 3695.700
95 14 5187.300
95 15 8428.500
95 16 1814.200
95 17 5673.100
95 18 5320.200
95 19 8206.500
95 20 8053.400
95 21 10127.200
95 22 4674.100
95 23 12284.400
95 24 8384.900
95 25 3645.100
95 26 5430.900
95 27 6193.100
95 28 2420.300
95 29 13157.800
95 30 6978.400
95 31 6541.100
95 32 14226.400
95 33 5656.000
95 34 12599.100
95 35 9789.100
95 36 6379.400
95 37 5145.200
95 38 7360.900
95 39 2582.800
95 40 7700.600
95 41 3583.600
95 42 9574.300
95 43 9202.900
95 44 3533.000
95 45 2293.700
95 46 10424.600
95 47 4537.300
95 48 10275.000
95 49 10239.600
95 50 12582.700
95 51 6036.100
95 52 8453.300
95 53 7780.600
95 54 10347.600
95 55 2397.200
95 56 4321.500
95 57 3944.800
95 58 8299.300
95 59 6034.300
95 60 8351.600
95 61 9570.800
95 62 11229.100
95 63 10459.900
95 64 5555.400
95 65 10390.200
95 66 7579.400
95 67 5938.600
95 68 7196.500
95 69 5219.300
95 70 2905.200
95 71 4538.100
95 72 3734.100
95 73 4808.600
95 74 10126.800
95 75 7612.000
95 76 6580.900
95 77 4829.800
95 78 11213.900
95 79 7106.000
95 80 6447.900
95 81 1450.100
95 82 7789.700
95 83 4290.400
95 84 9560.200
95 85 8935.000
95 86 11729.500
95 87 8830.500
95 88 7162.200
95 89 11878.000
95 90 7233.100
95 91 11545.800
95 92 11625.600
95 93 5874.900
95 94 9234.400
95 95 0.000
95 96 4370.800
95 97 2551.900
95 98 9182.400
95 99 5170.800
95 100 3845.600
96 0 3870.500
96 1 5983.900
96 2 5033.600
96 3 9586.800
96 4 1608.700
96 5 4584.300
96 6 9553.300
96 7 2631.200
96 8 7054.000
96 9 4039.700
96 10 1090.900
96 11 5556.200
96 12 9706.700
96 13 5752.000
96 14 4660.700
96 15 11620.400
96 16 3870.500
96 17 2863.800
96 18 5648.800
96 19 5786.100
96 20 10109.700
96 21 12183.500
96 22 2253.700
96 23 9493.100
96 24 11031.300
96 25 5293.500
96 26 2687.200
96 27 2514.000
96 28 2826.900
96 29 8868.400
96 30 7116.800
96 31 5711.900
96 32 9937.000
96 33 4826.900
96 34 8309.700
96 35 6444.900
96 36 5421.900
96 37 7943.400
96 38 6531.800
96 39 6235.100
96 40 4298.700
96 41 6381.800
96 42 5285.000
96 43 5858.800
96 44 2675.300
96 45 7175.600
96 46 8004.200
96 47 7595.300
96 48 7818.900
96 49 5950.200
96 50 9791.300
96 51 1739.300
96 52 7161.600
96 53 5360.200
96 54 6073.200
96 55 4453.500
96 56 5684.800
96 57 5638.500
96 58 9947.600
96 59 5205.200
96 60 10407.900
96 61 6827.200
96 62 8174.400
96 63 13615.200
96 64 8353.600
96 65 6100.800
96 66 5159.000
96 67 9130.400
96 68 4452.800
96 69 8513.900
96 70 4961.500
96 71 7336.200
96 72 7072.000
96 73 1847.600
96 74 7706.400
96 75 9668.300
96 76 9875.500
96 77 5534.300
96 78 14748.100
96 79 3143.100
96 80 2151.100
96 81 5907.500
96 82 5046.000
96 83 2369.500
96 84 5270.800
96 85 10991.300
96 86 11814.000
96 87 6410.100
96 88 6333.100
96 89 11962.500
96 90 10527.700
96 91 8491.100
96 92 7336.200
96 93 6800.900
96 94 12426.300
96 95 4457.400
96 96 0.000
96 97 4238.000
96 98 4908.100
96 99 874.000
96 100 849.700
97 0 4472.300
97 1 3078.800
97 2 9213.900
97 3 8119.200
97 4 2648.100
97 5 6855.000
97 6 6645.200
97 7 6174.100
97 8 2815.900
97 9 6819.500
97 10 4784.300
97 11 10323.200
97 12 7713.000
97 13 6353.800
97 14 7326.100
97 15 9764.200
97 16 4472.300
97 17 6514.200
97 18 6578.500
97 19 9691.100
97 20 9700.700
97 21 10872.900
97 22 6434.000
97 23 12287.900
97 24 6436.000
97 25 1216.600
97 26 4153.700
97 27 6157.400
97 28 5306.200
97 29 11663.200
97 30 4549.900
97 31 5101.500
97 32 12731.800
97 33 4162.500
97 34 11104.600
97 35 8511.900
97 36 4885.900
97 37 3705.400
97 38 5096.100
97 39 2674.900
97 40 7636.600
97 41 2143.800
97 42 8079.800
97 43 7925.700
97 44 5666.200
97 45 2385.800
97 46 12353.400
97 47 5317.500
97 48 8892.000
97 49 8745.000
97 50 12586.200
97 51 4541.600
97 52 7013.800
97 53 9540.500
97 54 8853.000
97 55 5055.300
97 56 6568.700
97 57 1400.500
97 58 5870.700
97 59 4540.800
97 60 10441.200
97 61 8293.700
97 62 10954.200
97 63 9020.000
97 64 4115.500
97 65 8895.700
97 66 9064.000
97 67 5911.400
97 68 5919.300
97 69 3475.400
97 70 3293.300
97 71 3098.200
97 72 3756.800
97 73 3314.000
97 74 12035.600
97 75 10270.200
97 76 4837.000
97 77 6524.600
97 78 10152.900
97 79 5611.500
97 80 4953.400
97 81 1165.300
97 82 6512.500
97 83 6289.200
97 84 8065.700
97 85 11593.100
97 86 10346.500
97 87 10590.300
97 88 4562.800
97 89 10495.000
97 90 5489.200
97 91 11270.900
97 92 10131.100
97 93 3446.400
97 94 9458.700
97 95 2448.200
97 96 4432.000
97 97 0.000
97 98 7687.900
97 99 3676.300
97 100 5029.900
98 0 9214.900
98 1 11328.300
98 2 7790.700
98 3 10228.200
98 4 6530.800
98 5 9928.700
98 6 10194.700
98 7 5449.500
98 8 11001.000
98 9 3399.200
98 10 6623.700
98 11 4769.000
98 12 15051.100
98 13 11096.400
98 14 10005.100
98 15 17935.600
98 16 9214.900
98 17 4919.400
98 18 10993.200
98 19 7394.100
98 20 15454.200
98 21 17527.900
98 22 7598.100
98 23 10495.700
98 24 14607.400
98 25 9240.500
98 26 6612.600
98 27 4401.100
98 28 8171.300
98 29 7803.900
98 30 8360.000
98 31 7389.800
98 32 8872.500
98 33 8774.000
98 34 5315.900
98 35 3704.700
98 36 7227.200
98 37 11890.400
98 38 7666.100
98 39 11579.600
98 40 4953.800
98 41 10328.800
98 42 6287.600
98 43 3118.600
98 44 8019.700
98 45 10570.900
98 46 10205.400
98 47 12939.700
98 48 8460.300
98 49 6952.800
98 50 10793.900
98 51 4981.600
98 52 7803.000
98 53 8760.100
98 54 3762.400
98 55 9797.900
98 56 11029.200
98 57 9585.500
98 58 12211.000
98 59 7613.900
98 60 15752.300
98 61 6695.200
98 62 5863.600
98 63 17191.400
98 64 12300.600
98 65 5036.400
98 66 6766.900
98 67 14861.300
98 68 6290.100
98 69 11660.500
98 70 10305.900
98 71 11283.300
98 72 11941.900
98 73 5772.900
98 74 10243.400
98 75 15012.700
98 76 13786.900
98 77 10878.700
98 78 18324.200
98 79 6719.300
98 80 4723.100
98 81 9350.400
98 82 5687.400
98 83 7713.900
98 84 6273.400
98 85 16335.700
98 86 12455.500
98 87 11754.500
98 88 8754.700
98 89 12604.000
98 90 14422.600
98 91 6180.300
98 92 6271.800
98 93 8364.700
98 94 17630.100
98 95 9430.500
98 96 5596.200
98 97 8185.100
98 98 0.000
98 99 4840.400
98 100 6194.100
99 0 4725.600
99 1 6839.100
99 2 5640.000
99 3 8170.000
99 4 2080.600
99 5 5439.400
99 6 9028.500
99 7 2497.800
99 8 6550.800
99 9 3143.200
99 10 2134.500
99 11 5217.800
99 12 10561.900
99 13 6607.200
99 14 5515.900
99 15 13485.400
99 16 4725.600
99 17 2837.900
99 18 6503.900
99 19 6022.300
99 20 10964.900
99 21 13038.600
99 22 2860.000
99 23 8619.100
99 24 10157.300
99 25 4790.400
99 26 2162.400
99 27 2481.100
99 28 3682.100
99 29 7994.400
99 30 6613.700
99 31 5208.800
99 32 9063.000
99 33 4323.800
99 34 7435.700
99 35 5548.500
99 36 4897.100
99 37 7440.300
99 38 6028.700
99 39 7090.300
99 40 3960.300
99 41 5878.700
99 42 4411.000
99 43 4962.300
99 44 3530.500
99 45 6120.700
99 46 8610.500
99 47 8450.500
99 48 7294.100
99 49 5076.200
99 50 8917.300
99 51 865.300
99 52 6636.900
99 53 5966.500
99 54 5176.800
99 55 5308.700
99 56 6540.000
99 57 5135.400
99 58 9444.500
99 59 4702.100
99 60 11263.100
99 61 6302.400
99 62 7277.900
99 63 12741.200
99 64 7850.400
99 65 5226.800
99 66 5395.200
99 67 10411.100
99 68 3928.000
99 69 7210.300
99 70 5816.700
99 71 6833.100
99 72 7491.700
99 73 1322.800
99 74 8366.800
99 75 10523.500
99 76 9336.700
99 77 6389.500
99 78 13874.100
99 79 2269.100
99 80 1277.100
99 81 4900.200
99 82 4521.300
99 83 3224.600
99 84 4396.900
99 85 11846.400
99 86 10397.200
99 87 7016.400
99 88 5830.000
99 89 10545.700
99 90 9972.400
99 91 7594.700
99 92 6462.200
99 93 6297.700
99 94 13179.900
99 95 4980.300
99 96 1106.900
99 97 3734.900
99 98 4011.600
99 99 0.000
99 100 1704.900
100 0 3142.900
100 1 5256.300
100 2 4306.000
100 3 10240.300
100 4 2262.200
100 5 3856.700
100 6 10206.800
100 7 2082.500
100 8 7707.500
100 9 5094.900
100 10 669.200
100 11 5744.000
100 12 8979.100
100 13 5024.400
100 14 3933.100
100 15 10892.800
100 16 3142.900
100 17 2459.000
100 18 4921.200
100 19 5058.500
100 20 9382.100
100 21 11455.900
100 22 1526.100
100 23 9136.400
100 24 10849.200
100 25 5947.000
100 26 3340.700
100 27 2979.000
100 28 2099.300
100 29 8855.400
100 30 7770.300
100 31 6365.500
100 32 9924.100
100 33 5480.400
100 34 8296.800
100 35 7698.900
100 36 6075.400
100 37 8596.900
100 38 7185.300
100 39 5507.500
100 40 4486.500
100 41 7035.300
100 42 5272.000
100 43 7112.800
100 44 1947.700
100 45 6448.000
100 46 7276.600
100 47 6867.700
100 48 8472.400
100 49 5937.200
100 50 9434.700
100 51 2794.600
100 52 7815.200
100 53 4632.600
100 54 5960.700
100 55 3725.900
100 56 4957.200
100 57 6292.000
100 58 10601.100
100 59 5858.700
100 60 9680.300
100 61 7480.700
100 62 8015.000
100 63 13904.900
100 64 8883.400
100 65 6087.900
100 66 4431.400
100 67 8402.800
100 68 5106.300
100 69 7786.300
100 70 4233.900
100 71 7989.700
100 72 6344.400
100 73 2501.100
100 74 6978.800
100 75 8940.700
100 76 9147.900
100 77 4806.700
100 78 13678.200
100 79 4198.400
100 80 2881.800
100 81 5971.700
100 82 5699.500
100 83 1641.900
100 84 4790.800
100 85 10263.700
100 86 12467.600
100 87 5682.500
100 88 6986.600
100 89 12616.100
100 90 9800.100
100 91 8331.800
100 92 7323.300
100 93 7454.400
100 94 11698.700
100 95 4521.600
100 96 1182.700
100 97 4891.600
100 98 5963.300
100 99 1929.300
100 100 0.000
