# i j distance_m; directed OSRM/OSM truck distance; depot 0 + customers 1..100
0 0 0.000
0 1 6462.800
0 2 8166.200
0 3 6772.400
0 4 7716.500
0 5 2765.100
0 6 5940.200
0 7 5784.100
0 8 5917.400
0 9 3746.000
0 10 3913.700
0 11 5454.300
0 12 6626.400
0 13 7744.300
0 14 6038.400
0 15 7404.000
0 16 3500.900
0 17 3910.800
0 18 5006.700
0 19 4291.600
0 20 5342.300
0 21 8600.300
0 22 6008.200
0 23 6774.600
0 24 8298.700
0 25 7038.000
0 26 6160.900
0 27 5212.000
0 28 5196.700
0 29 6913.300
0 30 4461.600
0 31 8607.600
0 32 7782.500
0 33 6063.600
0 34 6964.300
0 35 9227.200
0 36 5166.500
0 37 4042.700
0 38 1841.800
0 39 2577.600
0 40 9704.300
0 41 4151.100
0 42 5245.400
0 43 6634.100
0 44 3696.200
0 45 8523.600
0 46 2845.300
0 47 2941.600
0 48 6744.500
0 49 9963.200
0 50 4565.400
0 51 3750.200
0 52 6850.800
0 53 5926.200
0 54 6368.500
0 55 3161.700
0 56 3531.300
0 57 7853.400
0 58 4129.300
0 59 5933.700
0 60 4409.500
0 61 8050.500
0 62 5305.600
0 63 4691.200
0 64 6324.100
0 65 8231.400
0 66 8132.600
0 67 4731.100
0 68 9463.100
0 69 6335.800
0 70 8255.300
0 71 5034.600
0 72 8763.400
0 73 7487.700
0 74 2090.200
0 75 7275.400
0 76 5435.200
0 77 6722.200
0 78 4198.500
0 79 1891.400
0 80 8003.100
0 81 9855.000
0 82 4494.300
0 83 10563.400
0 84 4364.500
0 85 8243.000
0 86 6190.200
0 87 3749.200
0 88 7101.100
0 89 2763.400
0 90 7168.200
0 91 218.100
0 92 7721.900
0 93 5357.500
0 94 1375.100
0 95 5990.700
0 96 2453.500
0 97 8916.300
0 98 5891.400
0 99 8299.400
0 100 8751.500
1 0 5647.800
1 1 0.000
1 2 5884.400
1 3 9144.500
1 4 10088.600
1 5 5137.300
1 6 3396.200
1 7 8156.200
1 8 8289.500
1 9 6118.200
1 10 6139.400
1 11 6286.400
1 12 8998.500
1 13 10116.400
1 14 8410.500
1 15 9776.100
1 16 5873.000
1 17 6283.000
1 18 7378.900
1 19 3543.800
1 20 3578.400
1 21 10319.000
1 22 5458.300
1 23 9838.700
1 24 10670.800
1 25 6892.200
1 26 8533.000
1 27 5034.600
1 28 6168.200
1 29 9285.500
1 30 7870.600
1 31 10979.700
1 32 10846.500
1 33 8435.700
1 34 9336.400
1 35 11599.300
1 36 7538.600
1 37 5890.700
1 38 3152.200
1 39 4957.700
1 40 12076.400
1 41 4166.900
1 42 7617.500
1 43 9006.200
1 44 4403.100
1 45 10895.700
1 46 4610.800
1 47 2798.100
1 48 9116.600
1 49 12335.300
1 50 4419.600
1 51 6122.400
1 52 9222.900
1 53 4162.200
1 54 4086.800
1 55 5533.800
1 56 3030.500
1 57 10225.500
1 58 6501.400
1 59 6905.200
1 60 6781.600
1 61 10422.600
1 62 6063.000
1 63 5662.800
1 64 4042.300
1 65 10603.500
1 66 10504.700
1 67 7103.200
1 68 11835.200
1 69 4571.800
1 70 10627.400
1 71 2752.800
1 72 11135.600
1 73 4152.400
1 74 6572.000
1 75 9647.500
1 76 7807.300
1 77 9094.400
1 78 6570.600
1 79 4201.300
1 80 10375.300
1 81 12227.100
1 82 6866.400
1 83 12935.600
1 84 2295.500
1 85 10615.200
1 86 6044.400
1 87 6121.300
1 88 5337.200
1 89 5892.800
1 90 5404.300
1 91 5865.900
1 92 10094.000
1 93 7729.600
1 94 4895.100
1 95 3446.700
1 96 3777.900
1 97 11288.400
1 98 8263.500
1 99 8153.600
1 100 11123.600
2 0 9964.400
2 1 3485.900
2 2 0.000
2 3 11189.200
2 4 12349.600
2 5 9453.800
2 6 3223.900
2 7 10194.700
2 8 10552.300
2 9 10434.700
2 10 5315.700
2 11 10624.400
2 12 11043.100
2 13 11166.300
2 14 12727.100
2 15 11820.800
2 16 10189.600
2 17 10599.500
2 18 9157.900
2 19 7881.800
2 20 4353.800
2 21 9701.000
2 22 3847.800
2 23 9220.700
2 24 16216.600
2 25 6068.500
2 26 12388.400
2 27 9480.800
2 28 10506.200
2 29 11330.100
2 30 7047.000
2 31 11627.100
2 32 10228.500
2 33 10480.400
2 34 13658.900
2 35 15915.900
2 36 12368.500
2 37 10228.700
2 38 7468.800
2 39 6651.800
2 40 15621.000
2 41 5213.200
2 42 11934.100
2 43 11667.500
2 44 8741.100
2 45 16849.100
2 46 6904.700
2 47 6891.800
2 48 13433.200
2 49 14374.300
2 50 4465.000
2 51 10438.900
2 52 12656.300
2 53 3479.200
2 54 2492.700
2 55 9850.400
2 56 7368.500
2 57 13891.300
2 58 9996.500
2 59 11243.200
2 60 10657.500
2 61 11540.300
2 62 10401.000
2 63 10000.700
2 64 3560.700
2 65 13637.100
2 66 10817.400
2 67 11419.800
2 68 12388.100
2 69 2961.300
2 70 12100.000
2 71 4616.900
2 72 14801.400
2 73 2452.700
2 74 8177.500
2 75 13964.100
2 76 12123.900
2 77 11355.400
2 78 10887.200
2 79 6495.200
2 80 12616.700
2 81 15771.600
2 82 9974.600
2 83 15196.600
2 84 4589.400
2 85 11262.500
2 86 5679.700
2 87 10113.300
2 88 3726.700
2 89 6923.600
2 90 3793.800
2 91 8283.400
2 92 11566.600
2 93 10653.800
2 94 7730.700
2 95 3114.500
2 96 8094.500
2 97 10804.500
2 98 12580.100
2 99 3970.600
2 100 15748.100
3 0 4722.000
3 1 10558.300
3 2 10493.600
3 3 0.000
3 4 3891.100
3 5 4702.600
3 6 9474.600
3 7 3563.700
3 8 3925.900
3 9 5300.700
3 10 5832.000
3 11 7449.400
3 12 779.300
3 13 1960.100
3 14 7428.900
3 15 1380.800
3 16 5637.900
3 17 5915.800
3 18 2515.900
3 19 7454.700
3 20 8395.100
3 21 2816.100
3 22 6158.600
3 23 3757.700
3 24 9590.300
3 25 4873.200
3 26 5762.100
3 27 7349.000
3 28 7333.600
3 29 1066.300
3 30 4022.600
3 31 2823.400
3 32 4765.500
3 33 1579.400
3 34 7032.600
3 35 10617.700
3 36 5742.100
3 37 6179.600
3 38 5378.500
3 39 4948.500
3 40 8994.700
3 41 7313.200
3 42 6650.600
3 43 4222.500
3 44 6539.400
3 45 10222.800
3 46 7086.700
3 47 6478.300
3 48 8083.900
3 49 7748.000
3 50 6404.200
3 51 4039.100
3 52 6029.900
3 53 8199.400
3 54 10464.000
3 55 5298.700
3 56 6771.400
3 57 7265.000
3 58 3365.500
3 59 8070.600
3 60 4026.600
3 61 2266.300
3 62 7442.600
3 63 6828.200
3 64 10542.700
3 65 6979.100
3 66 2285.500
3 67 6138.800
3 68 3678.900
3 69 7070.500
3 70 2471.100
3 71 9130.000
3 72 8175.000
3 73 9434.600
3 74 4640.600
3 75 9098.000
3 76 6825.700
3 77 2866.600
3 78 4805.900
3 79 6132.900
3 80 5990.400
3 81 9145.300
3 82 3343.600
3 83 5062.200
3 84 7898.900
3 85 2458.800
3 86 6315.100
3 87 3482.400
3 88 7622.400
3 89 3783.800
3 90 7886.300
3 91 4940.100
3 92 1937.700
3 93 4022.800
3 94 6001.800
3 95 9525.100
3 96 5849.100
3 97 3132.100
3 98 7281.900
3 99 8443.200
3 100 9121.700
4 0 6728.000
4 1 12564.200
4 2 12654.100
4 3 4359.700
4 4 0.000
4 5 5717.200
4 6 11480.600
4 7 3286.000
4 8 2353.500
4 9 5109.100
4 10 7999.500
4 11 7065.000
4 12 4213.600
4 13 3843.500
4 14 5856.400
4 15 2546.500
4 16 6456.900
4 17 5532.800
4 18 4683.400
4 19 9178.700
4 20 10562.600
4 21 5211.700
4 22 8326.100
4 23 6153.300
4 24 6772.300
4 25 7040.700
4 26 3484.900
4 27 9027.000
4 28 7969.400
4 29 4500.600
4 30 6190.000
4 31 4789.400
4 32 7161.100
4 33 2153.600
4 34 4858.300
4 35 9045.200
4 36 4169.700
4 37 6930.400
4 38 7384.500
4 39 7116.000
4 40 7429.700
4 41 9480.700
4 42 5078.200
4 43 1735.200
4 44 8157.000
4 45 7400.400
4 46 9092.600
4 47 8484.300
4 48 6421.300
4 49 6183.000
4 50 8571.700
4 51 5092.900
4 52 3752.700
4 53 10366.900
4 54 12469.900
4 55 6990.000
4 56 8495.400
4 57 4987.800
4 58 4842.500
4 59 8874.500
4 60 4136.500
4 61 4839.800
4 62 6871.400
4 63 8506.300
4 64 12703.100
4 65 3660.600
4 66 5400.900
4 67 4566.400
4 68 5562.300
4 69 9238.000
4 70 3063.900
4 71 11136.000
4 72 5897.800
4 73 11595.000
4 74 6787.600
4 75 6100.700
4 76 5253.300
4 77 1387.500
4 78 3908.800
4 79 8138.800
4 80 2640.100
4 81 7580.300
4 82 3782.200
4 83 4337.800
4 84 9904.800
4 85 4732.600
4 86 8482.600
4 87 4556.400
4 88 9789.900
4 89 5930.800
4 90 10053.800
4 91 6946.100
4 92 3151.500
4 93 3649.800
4 94 8007.800
4 95 11531.100
4 96 7573.100
4 97 5207.000
4 98 5709.500
4 99 10603.600
4 100 7556.800
5 0 1130.700
5 1 6967.000
5 2 8670.400
5 3 4816.600
5 4 5350.200
5 5 0.000
5 6 5883.400
5 7 3195.300
5 8 3407.500
5 9 1257.700
5 10 5003.700
5 11 3406.200
5 12 4670.500
5 13 5788.400
5 14 3624.500
5 15 5448.200
5 16 1936.600
5 17 1738.200
5 18 3050.900
5 19 4234.700
5 20 5285.500
5 21 6644.500
5 22 7165.400
5 23 6870.600
5 24 5884.800
5 25 5408.200
5 26 3592.000
5 27 4619.100
5 28 3978.500
5 29 4957.500
5 30 4557.600
5 31 6651.800
5 32 7878.400
5 33 4107.800
5 34 4395.400
5 35 6813.300
5 36 2597.600
5 37 2410.000
5 38 1787.300
5 39 3597.500
5 40 7290.400
5 41 4801.200
5 42 2831.500
5 43 4267.800
5 44 3787.900
5 45 6109.700
5 46 3495.400
5 47 2887.100
5 48 4199.900
5 49 6091.600
5 50 5215.600
5 51 985.100
5 52 4281.900
5 53 5869.300
5 54 6872.700
5 55 2559.500
5 56 3721.400
5 57 5284.500
5 58 2173.400
5 59 5202.000
5 60 1937.500
5 61 6094.600
5 62 3212.600
5 63 4098.300
5 64 6828.200
5 65 5662.500
5 66 6176.700
5 67 2317.300
5 68 7507.200
5 69 6278.900
5 70 6299.500
5 71 5538.700
5 72 6194.500
5 73 7430.900
5 74 2244.100
5 75 4861.600
5 76 3021.400
5 77 4356.000
5 78 1609.600
5 79 2541.600
5 80 5493.300
5 81 7441.100
5 82 2538.400
5 83 8197.200
5 84 4307.600
5 85 6287.200
5 86 6840.300
5 87 1793.300
5 88 7044.300
5 89 3429.800
5 90 7111.400
5 91 1348.800
5 92 5766.000
5 93 2768.700
5 94 2410.600
5 95 5933.800
5 96 2668.800
5 97 6960.400
5 98 3477.600
5 99 8978.200
5 100 6337.600
6 0 6645.500
6 1 1949.400
6 2 2940.900
6 3 10142.300
6 4 11086.300
6 5 6135.000
6 6 0.000
6 7 9154.000
6 8 9287.300
6 9 7115.900
6 10 6904.200
6 11 7284.100
6 12 9996.200
6 13 11114.100
6 14 9408.300
6 15 10773.900
6 16 6870.700
6 17 7280.700
6 18 8376.600
6 19 4541.500
6 20 4343.200
6 21 11083.800
6 22 6223.100
6 23 10603.500
6 24 11668.500
6 25 7657.000
6 26 9530.700
6 27 6032.300
6 28 7165.900
6 29 10283.200
6 30 8635.400
6 31 11977.500
6 32 11611.300
6 33 9433.500
6 34 10334.200
6 35 12597.100
6 36 8536.300
6 37 6888.400
6 38 4150.000
6 39 5722.500
6 40 13074.200
6 41 4931.700
6 42 8615.200
6 43 10003.900
6 44 5400.900
6 45 11893.400
6 46 5375.600
6 47 3795.900
6 48 10114.300
6 49 13333.100
6 50 5184.400
6 51 7120.100
6 52 10220.600
6 53 4927.000
6 54 1309.200
6 55 6531.600
6 56 4028.200
6 57 11223.300
6 58 7499.100
6 59 7902.900
6 60 7779.400
6 61 11420.300
6 62 7060.800
6 63 6660.500
6 64 2961.800
6 65 11601.300
6 66 11502.400
6 67 8101.000
6 68 12832.900
6 69 5336.600
6 70 11625.200
6 71 3087.800
6 72 12133.300
6 73 3893.900
6 74 7569.800
6 75 10645.300
6 76 8805.100
6 77 10092.100
6 78 7568.300
6 79 4966.100
6 80 11373.000
6 81 13224.800
6 82 7864.100
6 83 13933.300
6 84 3060.300
6 85 11612.900
6 86 6809.100
6 87 7119.000
6 88 6102.000
6 89 6657.600
6 90 6169.100
6 91 6863.600
6 92 11091.700
6 93 8727.400
6 94 5892.800
6 95 965.100
6 96 4775.600
6 97 12286.100
6 98 9261.300
6 99 6461.800
6 100 12121.400
7 0 4516.300
7 1 10352.600
7 2 10402.900
7 3 3221.400
7 4 2154.900
7 5 3353.300
7 6 9269.000
7 7 0.000
7 8 1565.500
7 9 2960.700
7 10 5741.300
7 11 5109.500
7 12 3075.400
7 13 4507.600
7 14 5068.500
7 15 3210.600
7 16 4245.300
7 17 3575.900
7 18 2425.200
7 19 7221.800
7 20 8304.400
7 21 5875.700
7 22 6067.900
7 23 6817.300
7 24 7237.300
7 25 4782.500
7 26 3369.300
7 27 7071.500
7 28 6013.900
7 29 3362.400
7 30 3931.800
7 31 5453.500
7 32 7825.200
7 33 2512.600
7 34 4647.700
7 35 8257.300
7 36 3357.300
7 37 4718.700
7 38 5172.900
7 39 4857.800
7 40 6641.700
7 41 7222.500
7 42 4290.200
7 43 1072.500
7 44 6201.500
7 45 7869.800
7 46 6881.000
7 47 6272.700
7 48 5699.000
7 49 5395.000
7 50 6313.500
7 51 2879.200
7 52 3675.300
7 53 8108.700
7 54 10258.300
7 55 5033.100
7 56 6538.400
7 57 4904.600
7 58 2602.000
7 59 6905.300
7 60 1922.700
7 61 5503.800
7 62 4915.900
7 63 6550.800
7 64 10451.900
7 65 4650.400
7 66 4581.600
7 67 3778.400
7 68 6226.400
7 69 6979.800
7 70 3727.900
7 71 8924.300
7 72 5814.600
7 73 9343.900
7 74 4529.400
7 75 6745.000
7 76 4465.300
7 77 1160.700
7 78 2466.000
7 79 5927.200
7 80 3629.900
7 81 6792.400
7 82 1541.800
7 83 5001.900
7 84 7693.200
7 85 5396.600
7 86 6224.300
7 87 2316.000
7 88 7531.700
7 89 3672.600
7 90 7795.600
7 91 4734.400
7 92 3815.600
7 93 1682.900
7 94 5796.100
7 95 9319.400
7 96 5616.200
7 97 5871.000
7 98 4921.500
7 99 8352.400
7 100 6768.800
8 0 4725.600
8 1 10561.900
8 2 10690.800
8 3 4469.800
8 4 2854.200
8 5 3714.800
8 6 9478.300
8 7 1322.800
8 8 0.000
8 9 3106.800
8 10 6036.300
8 11 5062.600
8 12 4323.800
8 13 5441.700
8 14 3605.300
8 15 4533.400
8 16 4454.600
8 17 3530.500
8 18 2720.100
8 19 7176.400
8 20 8599.400
8 21 6297.700
8 22 6362.900
8 23 6539.800
8 24 5671.800
8 25 5077.400
8 26 1836.200
8 27 7024.700
8 28 5967.100
8 29 4610.800
8 30 4226.800
8 31 6305.000
8 32 7547.700
8 33 3761.000
8 34 3106.600
8 35 6794.100
8 36 1816.200
8 37 4928.100
8 38 5382.200
8 39 5152.800
8 40 5076.200
8 41 7517.400
8 42 3075.900
8 43 1449.200
8 44 6154.700
8 45 6304.300
8 46 7090.300
8 47 6482.000
8 48 4157.900
8 49 3829.500
8 50 6608.400
8 51 3156.300
8 52 2104.000
8 53 8403.600
8 54 10467.600
8 55 4987.700
8 56 6493.100
8 57 3339.100
8 58 2879.200
8 59 6872.200
8 60 2134.200
8 61 5747.900
8 62 4869.100
8 63 6503.900
8 64 10739.800
8 65 3084.800
8 66 5830.000
8 67 2564.000
8 68 7160.500
8 69 7274.800
8 70 5050.700
8 71 9133.600
8 72 4249.100
8 73 9631.800
8 74 4824.300
8 75 5179.500
8 76 3002.100
8 77 2483.500
8 78 1906.400
8 79 6136.500
8 80 2064.400
8 81 5226.800
8 82 1819.000
8 83 5142.200
8 84 7902.500
8 85 5940.500
8 86 6519.300
8 87 2593.100
8 88 7826.700
8 89 3967.600
8 90 8090.600
8 91 4943.700
8 92 5138.400
8 93 1647.400
8 94 6005.500
8 95 9528.700
8 96 5570.800
8 97 6613.700
8 98 3458.300
8 99 8640.300
8 100 5203.200
9 0 1618.900
9 1 7455.200
9 2 9158.500
9 3 4982.600
9 4 4900.600
9 5 608.100
9 6 6371.500
9 7 2745.700
9 8 2958.000
9 9 0.000
9 10 5601.300
9 11 2956.600
9 12 4836.600
9 13 5954.500
9 14 3202.300
9 15 5956.300
9 16 1347.800
9 17 1149.500
9 18 3217.000
9 19 4159.400
9 20 5773.600
9 21 6810.600
9 22 7653.500
9 23 7036.700
9 24 5462.600
9 25 5574.300
9 26 3142.400
9 27 4030.300
9 28 3389.700
9 29 5123.600
9 30 4723.600
9 31 6817.900
9 32 8044.500
9 33 4273.800
9 34 3945.800
9 35 6391.100
9 36 2148.000
9 37 1821.300
9 38 2275.400
9 39 4195.100
9 40 6868.200
9 41 5289.400
9 42 2409.300
9 43 3818.300
9 44 3199.100
9 45 5687.500
9 46 3983.600
9 47 3375.200
9 48 3750.300
9 49 5642.000
9 50 5703.700
9 51 535.500
9 52 3832.300
9 53 6357.500
9 54 7360.900
9 55 1970.700
9 56 3476.100
9 57 4834.900
9 58 2339.500
9 59 4367.200
9 60 1487.900
9 61 6260.700
9 62 2678.200
9 63 3509.500
9 64 7316.400
9 65 5213.000
9 66 6342.800
9 67 1895.000
9 68 7673.300
9 69 6767.100
9 70 6473.600
9 71 6026.900
9 72 5745.000
9 73 7919.000
9 74 2841.700
9 75 4439.300
9 76 2599.100
9 77 3906.400
9 78 1160.100
9 79 3029.700
9 80 5043.700
9 81 7018.900
9 82 1966.700
9 83 7747.600
9 84 4795.800
9 85 6453.300
9 86 7328.400
9 87 1569.200
9 88 7532.400
9 89 4027.400
9 90 7599.500
9 91 1837.000
9 92 5932.100
9 93 2319.100
9 94 2898.700
9 95 6422.000
9 96 2553.900
9 97 7126.500
9 98 3055.300
9 99 9144.300
9 100 5915.400
10 0 4347.800
10 1 6619.200
10 2 5875.800
10 3 6292.000
10 4 7452.400
10 5 4328.500
10 6 7256.200
10 7 5297.500
10 8 5659.700
10 9 5586.100
10 10 0.000
10 11 7734.700
10 12 6146.000
10 13 6562.400
10 14 9162.700
10 15 6923.600
10 16 6165.400
10 17 6066.700
10 18 4260.700
10 19 7298.600
10 20 3770.700
10 21 5097.100
10 22 1534.200
10 23 4616.700
10 24 11324.100
10 25 1464.500
10 26 7495.900
10 27 8897.600
10 28 7850.300
10 29 5624.200
10 30 2636.500
10 31 7023.100
10 32 5624.500
10 33 5583.200
10 34 8766.400
10 35 12351.500
10 36 7475.900
10 37 6738.500
10 38 4333.900
10 39 1336.200
10 40 10728.400
10 41 2688.700
10 42 8384.400
10 43 6153.700
10 44 6085.300
10 45 11956.600
10 46 2593.200
10 47 4979.300
10 48 9817.600
10 49 9481.800
10 50 1779.800
10 51 5772.900
10 52 7763.700
10 53 3574.900
10 54 6524.900
10 55 7032.500
10 56 6785.300
10 57 8998.800
10 58 5099.300
10 59 8587.300
10 60 5760.300
10 61 6936.300
10 62 7745.200
10 63 7344.900
10 64 5146.300
10 65 8744.600
10 66 6213.500
10 67 7872.600
10 68 7784.100
10 69 2446.100
10 70 7496.000
10 71 5190.900
10 72 9908.800
10 73 4038.300
10 74 2861.800
10 75 10831.800
10 76 8559.500
10 77 6458.200
10 78 6539.700
10 79 3484.700
10 80 7724.100
10 81 10879.100
10 82 5077.400
10 83 10219.200
10 84 4763.700
10 85 6658.500
10 86 1690.600
10 87 5216.100
10 88 2998.000
10 89 1607.900
10 90 3261.900
10 91 4565.900
10 92 6962.600
10 93 5756.600
10 94 4149.500
10 95 6442.000
10 96 4842.600
10 97 6200.500
10 98 9015.700
10 99 3825.300
10 100 10855.500
11 0 4268.000
11 1 8645.700
11 2 10349.100
11 3 8063.300
11 4 7377.000
11 5 3257.200
11 6 7531.300
11 7 5222.100
11 8 5137.800
11 9 3180.900
11 10 8250.400
11 11 0.000
11 12 7917.300
11 13 9035.200
11 14 4115.500
11 15 8432.600
11 16 2097.800
11 17 2287.800
11 18 6297.600
11 19 3674.800
11 20 6964.200
11 21 9891.200
11 22 8844.100
11 23 10117.300
11 24 4620.200
11 25 8655.000
11 26 5381.200
11 27 3273.600
11 28 1039.300
11 29 8204.200
11 30 7804.300
11 31 9898.500
11 32 11125.200
11 33 7354.500
11 34 5695.200
11 35 4209.600
11 36 4386.800
11 37 1824.000
11 38 4492.700
11 39 6844.300
11 40 6317.700
11 41 7420.200
11 42 2818.700
11 43 6294.600
11 44 2352.000
11 45 4845.100
11 46 6217.700
11 47 4990.600
11 48 5564.800
11 49 6333.900
11 50 7805.400
11 51 3716.500
11 52 6071.100
11 53 7548.000
11 54 8551.500
11 55 3121.900
11 56 3878.500
11 57 6565.500
11 58 5420.200
11 59 2012.600
11 60 3964.300
11 61 9341.400
11 62 1459.700
11 63 2379.700
11 64 8507.000
11 65 7451.800
11 66 9423.400
11 67 2866.300
11 68 10754.000
11 69 7957.600
11 70 8950.000
11 71 7217.500
11 72 7475.500
11 73 9109.600
11 74 5490.800
11 75 4496.700
11 76 4422.000
11 77 6382.800
11 78 3636.400
11 79 5263.800
11 80 7223.500
11 81 7063.600
11 82 4721.600
11 83 10223.900
11 84 5959.100
11 85 9533.900
11 86 9430.200
11 87 4622.000
11 88 8723.000
11 89 6676.500
11 90 8790.100
11 91 4486.100
11 92 9037.600
11 93 4795.400
11 94 5132.800
11 95 7581.800
11 96 3668.200
11 97 10207.200
11 98 4355.100
11 99 12224.900
11 100 5364.100
12 0 4037.600
12 1 9873.900
12 2 9809.200
12 3 1603.800
12 4 4506.700
12 5 4018.200
12 6 8790.200
12 7 2879.300
12 8 3241.500
12 9 4616.300
12 10 5147.600
12 11 6765.000
12 12 0.000
12 13 2575.700
12 14 6744.500
12 15 2235.400
12 16 4953.500
12 17 5231.400
12 18 1831.500
12 19 6770.300
12 20 7710.700
12 21 3431.700
12 22 5474.200
12 23 4373.300
12 24 8905.900
12 25 4188.800
12 26 5077.700
12 27 6664.600
12 28 6649.200
12 29 1744.800
12 30 3338.200
12 31 3439.000
12 32 5381.100
12 33 895.000
12 34 6348.200
12 35 9933.300
12 36 5057.700
12 37 5495.200
12 38 4694.100
12 39 4264.100
12 40 8310.300
12 41 6628.800
12 42 5966.200
12 43 3538.100
12 44 5855.000
12 45 9538.400
12 46 6402.300
12 47 5793.900
12 48 7399.500
12 49 7063.600
12 50 5719.800
12 51 3354.700
12 52 5345.500
12 53 7515.000
12 54 9779.600
12 55 4614.300
12 56 6087.000
12 57 6580.600
12 58 2681.100
12 59 7386.200
12 60 3342.200
12 61 2881.900
12 62 6758.200
12 63 6143.800
12 64 9858.300
12 65 6326.400
12 66 2964.000
12 67 5454.400
12 68 4294.500
12 69 6386.100
12 70 3086.700
12 71 8445.600
12 72 7490.600
12 73 8750.200
12 74 3956.200
12 75 8413.600
12 76 6141.300
12 77 3482.200
12 78 4121.500
12 79 5448.500
12 80 5306.000
12 81 8460.900
12 82 2659.200
12 83 5677.800
12 84 7214.500
12 85 3074.400
12 86 5630.700
12 87 2798.000
12 88 6938.000
12 89 3099.400
12 90 7201.900
12 91 4255.700
12 92 2553.300
12 93 3338.400
12 94 5317.400
12 95 8840.700
12 96 5164.700
12 97 3747.700
12 98 6597.500
12 99 7758.800
12 100 8437.300
13 0 5989.600
13 1 11825.900
13 2 11761.300
13 3 1507.900
13 4 3884.900
13 5 5970.300
13 6 10742.300
13 7 4831.400
13 8 5193.600
13 9 6568.300
13 10 6698.900
13 11 8717.100
13 12 2047.000
13 13 0.000
13 14 8696.500
13 15 1423.000
13 16 6905.500
13 17 7183.500
13 18 3783.500
13 19 8722.400
13 20 9560.000
13 21 1505.600
13 22 7323.500
13 23 2447.200
13 24 10857.900
13 25 6038.100
13 26 7029.700
13 27 8616.600
13 28 8601.300
13 29 2334.000
13 30 4460.600
13 31 1173.500
13 32 3455.000
13 33 2847.100
13 34 8395.600
13 35 11885.300
13 36 7009.800
13 37 7447.300
13 38 6646.200
13 39 6236.200
13 40 10262.300
13 41 8478.100
13 42 7918.300
13 43 4633.000
13 44 7807.100
13 45 11490.500
13 46 7493.300
13 47 7746.000
13 48 9351.500
13 49 9015.700
13 50 7569.100
13 51 5306.700
13 52 7290.100
13 53 9364.300
13 54 11731.600
13 55 6566.300
13 56 8039.000
13 57 8491.000
13 58 4633.100
13 59 9338.300
13 60 5294.200
13 61 1334.500
13 62 8710.300
13 63 8095.900
13 64 10935.700
13 65 5914.700
13 66 1895.600
13 67 7406.400
13 68 1934.400
13 69 8235.400
13 70 1274.600
13 71 10397.600
13 72 9486.700
13 73 9827.700
13 74 5908.200
13 75 10365.600
13 76 8093.300
13 77 2860.400
13 78 6073.600
13 79 7400.500
13 80 7258.000
13 81 10413.000
13 82 4611.200
13 83 3997.800
13 84 9166.500
13 85 808.900
13 86 6366.000
13 87 4750.000
13 88 7869.100
13 89 6078.900
13 90 9051.200
13 91 6207.700
13 92 741.200
13 93 5290.500
13 94 7269.500
13 95 10792.700
13 96 7116.800
13 97 1482.100
13 98 8549.500
13 99 9710.800
13 100 10389.400
14 0 4732.300
14 1 10568.500
14 2 12271.900
14 3 8115.400
14 4 6522.200
14 5 3721.500
14 6 9484.900
14 7 5011.600
14 8 3645.600
14 9 3113.400
14 10 8714.700
14 11 2999.900
14 12 7969.400
14 13 9087.300
14 14 0.000
14 15 8222.100
14 16 3400.100
14 17 2350.300
14 18 6365.700
14 19 6065.100
14 20 8887.000
14 21 9943.300
14 22 10766.900
14 23 10185.400
14 24 2640.100
14 25 8723.000
14 26 2638.400
14 27 5215.200
14 28 3901.000
14 29 8256.300
14 30 7872.300
14 31 9950.600
14 32 11193.200
14 33 7406.600
14 34 2815.300
14 35 3270.100
14 36 2571.300
14 37 3873.500
14 38 5388.800
14 39 7308.500
14 40 4045.800
14 41 8402.800
14 42 877.900
14 43 5094.700
14 44 4520.600
14 45 2865.000
14 46 7096.900
14 47 6488.600
14 48 2706.800
14 49 3466.700
14 50 8817.100
14 51 3648.900
14 52 3298.600
14 53 9470.800
14 54 10474.200
14 55 3807.400
14 56 5312.800
14 57 3805.100
14 58 5571.300
14 59 3954.100
14 60 3753.800
14 61 9393.400
14 62 3234.900
14 63 5080.700
14 64 10429.700
14 65 4679.300
14 66 9475.500
14 67 2183.700
14 68 10806.100
14 69 9880.400
14 70 8739.500
14 71 9140.300
14 72 4715.100
14 73 11032.400
14 74 5955.000
14 75 1616.900
14 76 1564.000
14 77 6172.200
14 78 3385.400
14 79 6143.100
14 80 5731.300
14 81 4196.400
14 82 4511.100
14 83 8810.200
14 84 7909.100
14 85 9586.000
14 86 10164.900
14 87 4411.500
14 88 10645.800
14 89 7140.700
14 90 10712.900
14 91 4950.400
14 92 8827.100
14 93 3627.000
14 94 6012.100
14 95 9535.400
14 96 4390.600
14 97 10259.300
14 98 1497.100
14 99 12285.900
14 100 3093.000
15 0 5741.800
15 1 11578.100
15 2 11513.500
15 3 1945.200
15 4 2461.900
15 5 5447.800
15 6 10494.500
15 7 3181.000
15 8 3660.100
15 9 5055.200
15 10 6851.900
15 11 7204.000
15 12 1799.200
15 13 2119.200
15 14 7163.000
15 15 0.000
15 16 6339.800
15 17 5670.400
15 18 3535.700
15 19 8474.600
15 20 9415.000
15 21 2975.200
15 22 7178.500
15 23 3916.800
15 24 9331.900
15 25 5893.000
15 26 5463.800
15 27 8368.800
15 28 8108.500
15 29 2086.100
15 30 5042.400
15 31 2982.500
15 32 4924.600
15 33 2599.200
15 34 6742.300
15 35 10351.800
15 36 5451.800
15 37 6813.300
15 38 6398.400
15 39 5968.400
15 40 8736.200
15 41 8333.000
15 42 6384.800
15 43 3210.000
15 44 7559.300
15 45 9964.400
15 46 8106.500
15 47 7498.200
15 48 7793.500
15 49 7489.600
15 50 7424.100
15 51 4973.700
15 52 5769.900
15 53 9219.200
15 54 11483.800
15 55 6318.500
15 56 7791.200
15 57 6999.100
15 58 4385.300
15 59 8999.900
15 60 4017.300
15 61 2425.300
15 62 7010.400
15 63 7848.100
15 64 11562.500
15 65 5549.900
15 66 2986.500
15 67 5872.900
15 68 3838.000
15 69 8090.400
15 70 2359.000
15 71 10149.800
15 72 7909.200
15 73 10454.500
15 74 5660.400
15 75 8839.600
15 76 6559.800
15 77 1437.400
15 78 4560.500
15 79 7152.700
15 80 5724.500
15 81 8886.900
15 82 3636.300
15 83 3633.000
15 84 8918.700
15 85 2617.900
15 86 7835.500
15 87 4410.500
15 88 8642.300
15 89 4803.700
15 90 8906.200
15 91 5959.900
15 92 681.800
15 93 3777.400
15 94 7021.700
15 95 10544.900
15 96 6869.000
15 97 3291.200
15 98 7016.000
15 99 9463.000
15 100 8863.300
16 0 2602.600
16 1 7570.800
16 2 9274.100
16 3 6120.300
16 4 6254.400
16 5 1825.700
16 6 6487.100
16 7 4099.400
16 8 4153.500
16 9 2061.400
16 10 6307.400
16 11 2093.100
16 12 5974.200
16 13 7092.100
16 14 3131.200
16 15 6751.900
16 16 0.000
16 17 856.200
16 18 4354.600
16 19 3169.700
16 20 5889.200
16 21 7948.200
16 22 7769.100
16 23 8174.300
16 24 5771.300
16 25 6711.900
16 26 4397.000
16 27 2951.000
16 28 2663.600
16 29 6261.200
16 30 5861.300
16 31 7955.500
16 32 9182.100
16 33 5411.500
16 34 5200.400
16 35 5571.200
16 36 3402.600
16 37 541.800
16 38 2388.700
16 39 4901.200
16 40 7177.000
16 41 5419.400
16 42 2310.500
16 43 5172.000
16 44 2141.400
16 45 5996.200
16 46 4113.600
16 47 3488.500
16 48 4970.100
16 49 6597.900
16 50 5833.700
16 51 2596.900
16 52 5086.900
16 53 6473.100
16 54 7476.500
16 55 1000.700
16 56 2486.400
16 57 6089.500
16 58 3477.100
16 59 3672.600
16 60 2841.700
16 61 7398.300
16 62 1952.000
16 63 2430.200
16 64 7432.000
16 65 6467.500
16 66 7480.400
16 67 1861.300
16 68 8810.900
16 69 6882.600
16 70 7603.200
16 71 6142.500
16 72 6999.500
16 73 8034.600
16 74 3547.800
16 75 4748.100
16 76 3270.800
16 77 5260.100
16 78 2513.800
16 79 3159.800
16 80 6239.200
16 81 7327.600
16 82 3599.000
16 83 9101.300
16 84 4911.400
16 85 7590.900
16 86 7458.500
16 87 3097.000
16 88 7648.000
16 89 4733.500
16 90 7715.100
16 91 2820.700
16 92 7069.700
16 93 3672.800
16 94 3028.700
16 95 6537.600
16 96 1564.200
16 97 8264.100
16 98 3727.000
16 99 10281.900
16 100 6224.200
17 0 2593.200
17 1 8429.500
17 2 10132.800
17 3 6388.500
17 4 5536.000
17 5 1582.400
17 6 7345.800
17 7 3381.100
17 8 3317.600
17 9 1340.000
17 10 6575.600
17 11 1912.100
17 12 6242.400
17 13 7360.300
17 14 2295.300
17 15 6591.700
17 16 882.400
17 17 0.000
17 18 4756.800
17 19 3666.200
17 20 6747.900
17 21 8216.400
17 22 8627.800
17 23 8576.500
17 24 4935.400
17 25 7114.100
17 26 3561.000
17 27 3537.100
17 28 2816.500
17 29 6529.400
17 30 6263.400
17 31 8223.700
17 32 9584.300
17 33 5679.700
17 34 4364.500
17 35 4735.300
17 36 2566.600
17 37 1355.900
17 38 2885.100
17 39 5169.400
17 40 6341.000
17 41 5915.900
17 42 1474.600
17 43 4453.600
17 44 3004.100
17 45 5160.300
17 46 4610.100
17 47 3985.000
17 48 4134.200
17 49 5761.900
17 50 6330.200
17 51 1875.500
17 52 4250.900
17 53 7331.800
17 54 8335.200
17 55 1477.500
17 56 2982.900
17 57 5253.600
17 58 3745.300
17 59 3707.900
17 60 2123.300
17 61 7666.500
17 62 1718.500
17 63 3016.300
17 64 8290.700
17 65 5631.600
17 66 7748.600
17 67 1025.300
17 68 9079.100
17 69 7741.400
17 70 7109.000
17 71 7001.200
17 72 6163.600
17 73 8893.300
17 74 3816.000
17 75 3912.100
17 76 2434.800
17 77 4541.800
17 78 1795.400
17 79 3656.200
17 80 5403.300
17 81 6491.700
17 82 2880.600
17 83 8383.000
17 84 5770.100
17 85 7859.100
17 86 7954.900
17 87 2781.000
17 88 8506.700
17 89 5001.700
17 90 8573.800
17 91 2811.300
17 92 7196.700
17 93 2954.500
17 94 3525.200
17 95 7396.300
17 96 2060.600
17 97 8532.300
17 98 2891.000
17 99 10684.000
17 100 5388.200
18 0 14413.200
18 1 10820.200
18 2 7977.700
18 3 15151.300
18 4 16311.800
18 5 13902.700
18 6 10558.200
18 7 14156.800
18 8 14519.100
18 9 14883.600
18 10 9764.500
18 11 15073.200
18 12 15005.300
18 13 15615.200
18 14 17176.000
18 15 15782.900
18 16 14638.500
18 17 15048.400
18 18 0.000
18 19 12330.700
18 20 8802.700
18 21 14149.900
18 22 8296.700
18 23 13669.600
18 24 19436.300
18 25 10517.300
18 26 16355.200
18 27 13929.700
18 28 14955.000
18 29 14483.500
18 30 11495.800
18 31 16076.000
18 32 14677.400
18 33 14442.500
18 34 18101.900
18 35 20364.800
18 36 16304.000
18 37 14677.600
18 38 11917.700
18 39 11100.700
18 40 19587.800
18 41 9662.000
18 42 16383.000
18 43 15013.000
18 44 13190.000
18 45 19661.100
18 46 12111.000
18 47 11340.700
18 48 17882.100
18 49 18341.200
18 50 8913.800
18 51 14887.800
18 52 16623.100
18 53 7945.200
18 54 9826.900
18 55 14299.300
18 56 11817.300
18 57 17858.200
18 58 13958.600
18 59 15692.000
18 60 14619.700
18 61 15989.100
18 62 14849.900
18 63 14449.600
18 64 8026.800
18 65 17603.900
18 66 15266.300
18 67 15868.700
18 68 16836.900
18 69 7410.200
18 70 16548.900
18 71 10223.000
18 72 18768.200
18 73 6918.700
18 74 12626.400
18 75 18413.000
18 76 16572.800
18 77 15317.500
18 78 15336.100
18 79 11701.500
18 80 16583.500
18 81 19738.500
18 82 13936.700
18 83 19272.100
18 84 9795.700
18 85 15711.400
18 86 10128.500
18 87 14075.500
18 88 8175.600
18 89 11372.500
18 90 8242.700
18 91 13489.700
18 92 16015.400
18 93 14616.000
18 94 12937.000
18 95 10448.700
18 96 12543.300
18 97 15253.400
18 98 17029.000
18 99 5927.300
18 100 19714.900
19 0 4843.600
19 1 5701.700
19 2 7405.100
19 3 8340.300
19 4 9088.300
19 5 4333.100
19 6 4587.300
19 7 6933.400
19 8 6869.900
19 9 4892.300
19 10 6581.100
19 11 3330.200
19 12 8194.300
19 13 9312.200
19 14 5847.600
19 15 8971.900
19 16 3162.600
19 17 3572.600
19 18 6574.700
19 19 0.000
19 20 4020.200
19 21 10168.200
19 22 5900.100
19 23 10280.400
19 24 7899.900
19 25 7333.900
19 26 7113.300
19 27 1599.000
19 28 3212.000
19 29 8481.300
19 30 8312.400
19 31 10175.500
19 32 11288.300
19 33 7631.500
19 34 7916.800
19 35 7489.400
19 36 6118.900
19 37 2934.500
19 38 2348.000
19 39 5267.000
19 40 9893.300
19 41 4476.200
19 42 5026.900
19 43 8005.900
19 44 1446.900
19 45 8124.800
19 46 4920.100
19 47 2046.600
19 48 7686.500
19 49 9314.200
19 50 4861.400
19 51 5318.200
19 52 7803.300
19 53 4604.000
19 54 5607.400
19 55 2909.800
19 56 934.400
19 57 8805.900
19 58 5697.200
19 59 3949.000
19 60 5675.600
19 61 9618.400
19 62 3106.800
19 63 2706.600
19 64 5562.900
19 65 9183.900
19 66 9700.500
19 67 4577.600
19 68 11031.000
19 69 5013.600
19 70 9823.200
19 71 4273.400
19 72 9715.900
19 73 6165.600
19 74 5767.800
19 75 7464.400
19 76 5987.100
19 77 8094.100
19 78 5347.800
19 79 3493.200
19 80 8955.600
19 81 10044.000
19 82 6062.200
19 83 11935.300
19 84 3015.000
19 85 9811.000
19 86 6486.100
19 87 5317.100
19 88 5779.000
19 89 6202.100
19 90 5846.100
19 91 3914.900
19 92 9289.800
19 93 6506.800
19 94 3362.100
19 95 4637.700
19 96 1897.600
19 97 10484.200
19 98 6443.300
19 99 8595.400
19 100 8643.800
20 0 4706.600
20 1 2848.500
20 2 4551.900
20 3 9754.500
20 4 10698.500
20 5 5747.200
20 6 3485.500
20 7 8766.200
20 8 8899.500
20 9 6728.100
20 10 4836.900
20 11 6917.800
20 12 9608.500
20 13 10481.900
20 14 9020.500
20 15 10386.100
20 16 6483.000
20 17 6892.900
20 18 7988.800
20 19 4175.200
20 20 0.000
20 21 9016.500
20 22 4155.900
20 23 8536.200
20 24 11280.800
20 25 5589.700
20 26 9143.000
20 27 5774.200
20 28 6799.500
20 29 9895.400
20 30 6568.200
20 31 10942.600
20 32 9544.000
20 33 9045.700
20 34 9946.400
20 35 12209.300
20 36 8148.600
20 37 6522.100
20 38 3762.200
20 39 3655.300
20 40 12686.400
20 41 2864.400
20 42 8227.500
20 43 9616.200
20 44 5034.500
20 45 11505.600
20 46 3308.300
20 47 3185.200
20 48 9726.600
20 49 12945.300
20 50 3117.200
20 51 6732.300
20 52 9832.900
20 53 2859.800
20 54 2754.300
20 55 6143.800
20 56 3661.800
20 57 10835.500
20 58 7111.400
20 59 7536.600
20 60 7391.600
20 61 10855.800
20 62 6694.400
20 63 6294.100
20 64 1904.700
20 65 11213.500
20 66 10133.000
20 67 7713.200
20 68 12358.400
20 69 3269.400
20 70 11237.400
20 71 1420.300
20 72 11745.500
20 73 1945.800
20 74 5401.100
20 75 10257.500
20 76 8417.300
20 77 9704.300
20 78 7180.600
20 79 2898.800
20 80 10985.200
20 81 12837.100
20 82 7476.400
20 83 13545.500
20 84 993.000
20 85 10578.000
20 86 4741.900
20 87 6731.300
20 88 4034.800
20 89 4590.300
20 90 4101.900
20 91 4687.000
20 92 10704.000
20 93 8339.600
20 94 4134.300
20 95 2671.300
20 96 4387.900
20 97 10120.000
20 98 8873.500
20 99 6851.100
20 100 11733.600
21 0 7097.500
21 1 10902.900
21 2 10159.500
21 3 2615.800
21 4 5009.300
21 5 7078.200
21 6 11850.200
21 7 5939.300
21 8 6301.500
21 9 7676.200
21 10 5193.300
21 11 9825.000
21 12 3154.900
21 13 1465.300
21 14 9804.400
21 15 2547.400
21 16 8013.400
21 17 8291.400
21 18 4891.400
21 19 9830.300
21 20 8054.400
21 21 0.000
21 22 5817.900
21 23 941.600
21 24 11965.900
21 25 4532.500
21 26 8137.700
21 27 9724.500
21 28 9709.200
21 29 2621.300
21 30 2955.000
21 31 1926.100
21 32 1949.400
21 33 3955.000
21 34 9520.000
21 35 12993.200
21 36 8117.700
21 37 8555.200
21 38 7754.100
21 39 4730.600
21 40 11370.200
21 41 6972.500
21 42 9026.200
21 43 5757.400
21 44 8915.000
21 45 12598.400
21 46 5987.700
21 47 8853.900
21 48 10459.400
21 49 10123.600
21 50 6063.500
21 51 6414.600
21 52 8414.400
21 53 7858.700
21 54 10808.700
21 55 7674.300
21 56 9146.900
21 57 9615.300
21 58 5741.100
21 59 10446.200
21 60 6402.100
21 61 1839.200
21 62 9818.200
21 63 9203.800
21 64 9430.100
21 65 7039.000
21 66 1116.400
21 67 8514.400
21 68 2687.000
21 69 6729.800
21 70 2399.000
21 71 9474.700
21 72 10611.100
21 73 8322.000
21 74 5619.600
21 75 11473.600
21 76 9201.200
21 77 3984.800
21 78 7181.500
21 79 8508.400
21 80 8365.900
21 81 11520.900
21 82 5719.200
21 83 5122.200
21 84 9047.400
21 85 1561.500
21 86 4860.300
21 87 5857.900
21 88 6363.400
21 89 4573.300
21 90 7545.600
21 91 7315.600
21 92 1865.600
21 93 6398.400
21 94 8377.400
21 95 10725.700
21 96 8224.700
21 97 2234.700
21 98 9657.400
21 99 8109.100
21 100 11497.300
22 0 5766.600
22 1 6291.800
22 2 5376.500
22 3 6927.600
22 4 8088.100
22 5 5869.300
22 6 6928.700
22 7 5933.100
22 8 6295.400
22 9 7670.100
22 10 1540.800
22 11 9713.700
22 12 6781.600
22 13 7391.500
22 14 9798.300
22 15 7559.200
22 16 7210.200
22 17 7620.200
22 18 4896.300
22 19 6971.200
22 20 3443.200
22 21 5926.200
22 22 0.000
22 23 5445.800
22 24 11959.700
22 25 2293.600
22 26 8131.500
22 27 8570.200
22 28 9595.500
22 29 6259.800
22 30 3272.100
22 31 7852.300
22 32 6453.700
22 33 6218.800
22 34 9402.000
22 35 12987.100
22 36 8111.600
22 37 9318.100
22 38 6558.200
22 39 2877.000
22 40 11364.100
22 41 2141.500
22 42 9020.100
22 43 6789.300
22 44 7830.500
22 45 12592.200
22 46 4368.400
22 47 4432.100
22 48 10453.300
22 49 10117.400
22 50 1232.500
22 51 6408.500
22 52 8399.400
22 53 3247.500
22 54 6197.500
22 55 6957.300
22 56 6457.800
22 57 9634.500
22 58 5734.900
22 59 10332.500
22 60 6396.000
22 61 7765.400
22 62 9490.400
22 63 9090.100
22 64 4185.100
22 65 9380.200
22 66 7042.600
22 67 8508.200
22 68 8613.200
22 69 911.900
22 70 8325.200
22 71 4863.500
22 72 10544.500
22 73 3077.000
22 74 4402.700
22 75 11467.400
22 76 9195.100
22 77 7093.800
22 78 7175.400
22 79 3958.900
22 80 8359.800
22 81 11514.800
22 82 5713.000
22 83 11048.300
22 84 4436.200
22 85 7487.700
22 86 1904.800
22 87 5851.800
22 88 1463.800
22 89 3148.800
22 90 1727.700
22 91 5747.100
22 92 7791.700
22 93 6392.300
22 94 5194.400
22 95 6114.500
22 96 5887.400
22 97 7029.700
22 98 9651.300
22 99 4039.600
22 100 11491.200
23 0 7356.300
23 1 10474.200
23 2 9730.800
23 3 3646.500
23 4 6040.100
23 5 7337.000
23 6 11111.100
23 7 6198.000
23 8 6560.300
23 9 7935.000
23 10 4764.500
23 11 10083.800
23 12 4185.600
23 13 2496.100
23 14 10063.200
23 15 3578.100
23 16 8272.200
23 17 8550.100
23 18 5161.200
23 19 10089.000
23 20 7625.600
23 21 1030.800
23 22 5389.100
23 23 0.000
23 24 12224.600
23 25 4103.700
23 26 8396.400
23 27 9983.300
23 28 9968.000
23 29 2892.300
23 30 2526.200
23 31 2320.600
23 32 1007.800
23 33 4985.700
23 34 9666.900
23 35 13252.000
23 36 8376.500
23 37 8814.000
23 38 8012.800
23 39 4301.800
23 40 11629.000
23 41 6543.700
23 42 9285.000
23 43 6788.200
23 44 9173.700
23 45 12857.100
23 46 5558.900
23 47 8834.300
23 48 10718.200
23 49 10382.300
23 50 5634.700
23 51 6673.400
23 52 8664.300
23 53 7429.900
23 54 10379.900
23 55 7933.000
23 56 9405.700
23 57 9899.300
23 58 5999.800
23 59 10705.000
23 60 6660.900
23 61 2870.000
23 62 9890.200
23 63 9462.500
23 64 9001.300
23 65 8069.800
23 66 2147.200
23 67 8773.100
23 68 3822.200
23 69 6301.000
23 70 3429.700
23 71 9045.900
23 72 10809.400
23 73 7893.300
23 74 5190.800
23 75 11732.300
23 76 9460.000
23 77 5015.500
23 78 7440.300
23 79 6450.300
23 80 8624.700
23 81 11779.600
23 82 5977.900
23 83 6152.900
23 84 8618.700
23 85 2592.300
23 86 4431.600
23 87 6116.700
23 88 5934.700
23 89 4144.500
23 90 7116.800
23 91 7574.400
23 92 2896.300
23 93 6657.100
23 94 8636.100
23 95 10296.900
23 96 8483.500
23 97 1583.800
23 98 9916.200
23 99 7680.300
23 100 11756.100
24 0 7040.400
24 1 12876.700
24 2 14580.000
24 3 10190.800
24 4 6816.300
24 5 6029.600
24 6 11793.000
24 7 7051.300
24 8 5043.100
24 9 5421.500
24 10 11757.200
24 11 4786.700
24 12 10044.800
24 13 11162.700
24 14 2771.200
24 15 10261.900
24 16 6053.200
24 17 5003.400
24 18 8441.100
24 19 7851.900
24 20 11195.100
24 21 12018.700
24 22 12083.900
24 23 12260.800
24 24 0.000
24 25 10798.400
24 26 3336.900
24 27 7002.100
24 28 5687.800
24 29 10331.800
24 30 9947.800
24 31 12026.000
24 32 13268.600
24 33 9482.000
24 34 2054.400
24 35 1640.200
24 36 4308.800
24 37 5980.200
24 38 7696.900
24 39 9616.600
24 40 1821.100
24 41 10710.900
24 42 3705.200
24 43 7177.700
24 44 6307.400
24 45 1219.200
24 46 9405.100
24 47 8796.800
24 48 4444.300
24 49 2356.700
24 50 11125.200
24 51 5957.100
24 52 3032.600
24 53 11779.000
24 54 12782.400
24 55 6460.600
24 56 7833.900
24 57 2695.100
24 58 6869.100
24 59 5741.000
24 60 6061.900
24 61 11468.900
24 62 5021.800
24 63 6867.600
24 64 12737.900
24 65 4413.200
24 66 11551.000
24 67 4836.800
24 68 12881.500
24 69 12188.600
24 70 9593.700
24 71 11448.400
24 72 3605.100
24 73 13340.500
24 74 8263.200
24 75 966.400
24 76 3301.500
24 77 8212.000
24 78 5693.500
24 79 8451.300
24 80 6564.300
24 81 3086.400
24 82 5808.800
24 83 8775.000
24 84 10217.300
24 85 11661.400
24 86 12240.300
24 87 6719.600
24 88 12954.000
24 89 9448.900
24 90 13021.100
24 91 7258.500
24 92 11140.300
24 93 5935.200
24 94 8320.200
24 95 11843.500
24 96 7043.700
24 97 12334.700
24 98 3234.600
24 99 14361.300
24 100 867.500
25 0 5902.800
25 1 6370.500
25 2 5627.100
25 3 5739.000
25 4 6899.400
25 5 5883.500
25 6 7007.400
25 7 4744.500
25 8 5106.800
25 9 6481.500
25 10 958.800
25 11 8630.300
25 12 5593.000
25 13 6313.600
25 14 8609.700
25 15 6370.600
25 16 6818.700
25 17 7096.600
25 18 3707.700
25 19 7049.900
25 20 3521.900
25 21 4848.300
25 22 1285.400
25 23 4368.000
25 24 10771.100
25 25 0.000
25 26 6942.900
25 27 8648.900
25 28 8514.500
25 29 5071.200
25 30 2083.500
25 31 6774.400
25 32 5375.800
25 33 5030.200
25 34 8213.400
25 35 11798.500
25 36 6923.000
25 37 7360.500
25 38 5677.200
25 39 2295.000
25 40 10175.500
25 41 2440.000
25 42 7831.500
25 43 5600.700
25 44 7909.200
25 45 11403.600
25 46 3552.000
25 47 4730.600
25 48 9264.700
25 49 8928.800
25 50 1531.000
25 51 5219.900
25 52 7210.700
25 53 3326.200
25 54 6276.200
25 55 6479.500
25 56 6536.500
25 57 8445.800
25 58 4546.300
25 59 9251.500
25 60 5207.400
25 61 6687.500
25 62 8436.700
25 63 8009.000
25 64 4897.600
25 65 8191.600
25 66 5964.700
25 67 7319.600
25 68 7535.300
25 69 2197.300
25 70 7247.300
25 71 4942.200
25 72 9355.900
25 73 3789.600
25 74 3737.300
25 75 10278.800
25 76 8006.500
25 77 5905.200
25 78 5986.800
25 79 4257.400
25 80 7171.200
25 81 10326.100
25 82 4524.400
25 83 9970.500
25 84 4515.000
25 85 6409.800
25 86 1441.900
25 87 4663.200
25 88 2749.200
25 89 2566.800
25 90 3013.100
25 91 6120.900
25 92 6713.900
25 93 5203.600
25 94 5492.800
25 95 6193.200
25 96 6185.900
25 97 5951.800
25 98 8462.700
25 99 3576.600
25 100 10302.600
26 0 4886.200
26 1 10722.500
26 2 12528.500
26 3 6307.600
26 4 4177.100
26 5 3875.400
26 6 9638.800
26 7 3147.400
26 8 1886.200
26 9 3267.300
26 10 7874.000
26 11 5225.600
26 12 6161.500
26 13 7279.400
26 14 2720.700
26 15 6358.000
26 16 4615.100
26 17 3693.400
26 18 4557.800
26 19 7339.400
26 20 9040.900
26 21 8135.500
26 22 8200.600
26 23 8377.600
26 24 3299.900
26 25 6915.200
26 26 0.000
26 27 7935.900
26 28 6130.000
26 29 6448.500
26 30 6064.500
26 31 8142.800
26 32 9385.400
26 33 5598.700
26 34 1385.900
26 35 4902.600
26 36 1185.600
26 37 5088.600
26 38 5542.700
26 39 7462.400
26 40 3908.300
26 41 8556.700
26 42 3238.800
26 43 3286.900
26 44 6317.700
26 45 3928.000
26 46 7250.900
26 47 6642.500
26 48 2617.900
26 49 2661.600
26 50 8446.200
26 51 3802.800
26 52 705.300
26 53 9624.800
26 54 10628.200
26 55 5150.600
26 56 6656.000
26 57 1854.600
26 58 3712.200
26 59 6674.900
26 60 3099.000
26 61 7585.600
26 62 5032.000
26 63 6666.900
26 64 10583.700
26 65 2086.000
26 66 7667.700
26 67 2724.600
26 68 8998.200
26 69 9112.500
26 70 6875.300
26 71 9294.200
26 72 2764.600
26 73 11469.500
26 74 6109.000
26 75 2628.300
26 76 1639.600
26 77 4308.100
26 78 2730.600
26 79 6297.000
26 80 3971.900
26 81 4058.900
26 82 2652.000
26 83 6447.700
26 84 8063.100
26 85 7778.200
26 86 8357.000
26 87 3426.100
26 88 9664.400
26 89 5636.700
26 90 9928.300
26 91 5104.300
26 92 6963.000
26 93 2464.800
26 94 6166.000
26 95 9689.300
26 96 5733.800
26 97 8451.400
26 98 2573.700
26 99 10478.100
26 100 3576.300
27 0 4387.400
27 1 6730.800
27 2 8434.200
27 3 7905.100
27 4 8938.500
27 5 3897.800
27 6 5616.400
27 7 6783.600
27 8 6720.100
27 9 4742.400
27 10 7610.200
27 11 2436.400
27 12 7759.000
27 13 8876.900
27 14 5697.700
27 15 8536.700
27 16 2612.600
27 17 3422.800
27 18 6139.400
27 19 1029.100
27 20 5049.300
27 21 9733.000
27 22 6929.200
27 23 9959.100
27 24 7116.900
27 25 8496.700
27 26 6963.500
27 27 0.000
27 28 2262.900
27 29 8046.000
27 30 7646.100
27 31 9740.300
27 32 10966.900
27 33 7196.300
27 34 7767.000
27 35 6706.300
27 36 5969.100
27 37 2161.900
27 38 3377.100
27 39 6296.200
27 40 8814.400
27 41 5505.300
27 42 4444.200
27 43 7856.100
27 44 2015.500
27 45 7341.700
27 46 5949.200
27 47 3075.700
27 48 7536.700
27 49 8307.500
27 50 5890.500
27 51 4882.900
27 52 7653.400
27 53 5633.100
27 54 6636.500
27 55 2785.500
27 56 1963.500
27 57 8656.100
27 58 5261.900
27 59 2999.900
27 60 5525.800
27 61 9183.100
27 62 2287.800
27 63 1757.500
27 64 6592.000
27 65 9034.100
27 66 9265.200
27 67 4427.800
27 68 10595.700
27 69 6042.700
27 70 9388.000
27 71 5302.500
27 72 9566.100
27 73 7194.700
27 74 5332.600
27 75 6457.700
27 76 5837.300
27 77 7944.300
27 78 5197.900
27 79 4522.300
27 80 8805.800
27 81 9037.300
27 82 5627.000
27 83 11785.500
27 84 4044.100
27 85 9375.700
27 86 7515.200
27 87 4881.800
27 88 6808.100
27 89 6518.300
27 90 6875.200
27 91 4605.500
27 92 8854.500
27 93 6357.000
27 94 4391.200
27 95 5666.900
27 96 2926.700
27 97 10048.900
27 98 6293.500
27 99 9624.500
27 100 7860.800
28 0 4397.400
28 1 8319.300
28 2 10022.600
28 3 7915.100
28 4 8347.500
28 5 3907.800
28 6 7204.900
28 7 6192.600
28 8 6442.200
28 9 4151.400
28 10 9198.700
28 11 1054.800
28 12 7769.000
28 13 8886.900
28 14 4747.600
28 15 8546.700
28 16 2622.600
28 17 3432.800
28 18 6149.400
28 19 3060.000
28 20 6637.700
28 21 9743.000
28 22 8517.600
28 23 9969.100
28 24 5476.000
28 25 8506.700
28 26 6352.300
28 27 2210.100
28 28 0.000
28 29 8056.000
28 30 7656.100
28 31 9750.300
28 32 10976.900
28 33 7206.200
28 34 6551.000
28 35 5065.500
28 36 5691.200
28 37 2171.900
28 38 4166.300
28 39 6696.000
28 40 7173.600
28 41 7093.800
28 42 3674.600
28 43 7265.100
28 44 2025.500
28 45 5700.900
28 46 5891.200
28 47 4664.200
28 48 6420.700
28 49 7189.700
28 50 7478.900
28 51 4892.900
28 52 7012.500
28 53 7221.600
28 54 8225.000
28 55 2795.500
28 56 3552.000
28 57 7421.400
28 58 5271.900
28 59 949.100
28 60 4934.800
28 61 9193.100
28 62 2297.700
28 63 1361.000
28 64 8180.500
28 65 8393.100
28 66 9275.200
28 67 3836.800
28 68 10605.700
28 69 7631.200
28 70 9398.000
28 71 6891.000
28 72 8331.400
28 73 8783.100
28 74 5342.600
28 75 5352.600
28 76 5277.900
28 77 7353.300
28 78 4606.900
28 79 4937.400
28 80 8527.900
28 81 7919.500
28 82 5636.900
28 83 11194.500
28 84 5632.600
28 85 9385.700
28 86 9103.700
28 87 4891.800
28 88 8396.500
28 89 6528.300
28 90 8463.600
28 91 4615.500
28 92 8864.500
28 93 5766.000
28 94 4806.300
28 95 7255.300
28 96 3341.800
28 97 10058.900
28 98 5211.000
28 99 12076.700
28 100 6220.000
29 0 4794.100
29 1 10630.400
29 2 10565.800
29 3 1858.100
29 4 4823.700
29 5 4774.800
29 6 9546.800
29 7 3635.800
29 8 3998.100
29 9 5372.800
29 10 4712.300
29 11 7521.600
29 12 851.500
29 13 2178.200
29 14 7501.000
29 15 2552.400
29 16 5710.000
29 17 5988.000
29 18 2588.000
29 19 7526.900
29 20 7275.400
29 21 2631.600
29 22 5038.900
29 23 2783.300
29 24 9662.400
29 25 3753.500
29 26 5834.200
29 27 7421.100
29 28 7405.800
29 29 0.000
29 30 2902.800
29 31 2638.900
29 32 3791.200
29 33 1651.500
29 34 7104.700
29 35 10689.800
29 36 5814.300
29 37 6251.800
29 38 5450.700
29 39 3828.800
29 40 9066.800
29 41 6193.400
29 42 6722.800
29 43 4294.600
29 44 6611.600
29 45 10294.900
29 46 5085.800
29 47 6550.500
29 48 8156.000
29 49 7820.100
29 50 5284.500
29 51 4111.200
29 52 6102.100
29 53 7079.600
29 54 10536.100
29 55 5370.800
29 56 6843.500
29 57 7337.200
29 58 3437.600
29 59 8142.800
29 60 4098.700
29 61 1318.300
29 62 7514.700
29 63 6900.300
29 64 8651.000
29 65 7082.900
29 66 1371.300
29 67 6210.900
29 68 3399.900
29 69 5950.800
29 70 3111.800
29 71 9202.100
29 72 8247.200
29 73 7543.000
29 74 4712.700
29 75 9170.100
29 76 6897.800
29 77 3799.200
29 78 4878.100
29 79 6205.000
29 80 6062.500
29 81 9217.500
29 82 3415.700
29 83 5835.000
29 84 7971.000
29 85 2274.300
29 86 5195.300
29 87 3554.500
29 88 6502.700
29 89 3671.400
29 90 6766.600
29 91 5012.200
29 92 2578.400
29 93 4094.900
29 94 6073.900
29 95 9597.200
29 96 5921.300
29 97 2947.600
29 98 7354.000
29 99 8515.300
29 100 9193.900
30 0 5582.800
30 1 8700.700
30 2 7957.300
30 3 5421.100
30 4 6579.500
30 5 5563.500
30 6 9337.700
30 7 4424.600
30 8 4786.800
30 9 6161.500
30 10 3289.100
30 11 8310.300
30 12 3445.600
30 13 4270.600
30 14 8289.700
30 15 5352.700
30 16 6498.700
30 17 6776.700
30 18 3387.800
30 19 8315.600
30 20 5852.200
30 21 2805.300
30 22 3615.700
30 23 2325.000
30 24 10451.200
30 25 2330.200
30 26 6623.000
30 27 8209.800
30 28 8194.500
30 29 2689.500
30 30 0.000
30 31 4731.400
30 32 3332.800
30 33 4710.300
30 34 7893.400
30 35 11478.500
30 36 6603.000
30 37 7040.500
30 38 6239.400
30 39 2528.400
30 40 9855.500
30 41 4770.200
30 42 7511.500
30 43 5280.700
30 44 7400.300
30 45 11083.700
30 46 3785.400
30 47 7060.800
30 48 8944.700
30 49 8608.900
30 50 3861.200
30 51 4899.900
30 52 6890.800
30 53 5656.400
30 54 8606.400
30 55 6159.600
30 56 7632.200
30 57 8125.900
30 58 4226.300
30 59 8931.500
30 60 4887.400
30 61 4644.500
30 62 8116.700
30 63 7689.100
30 64 7227.800
30 65 7871.600
30 66 3921.700
30 67 6999.600
30 68 5492.300
30 69 4527.600
30 70 5204.300
30 71 7272.400
30 72 9035.900
30 73 6119.800
30 74 3417.400
30 75 9958.900
30 76 7686.500
30 77 5585.300
30 78 5666.800
30 79 4676.900
30 80 6851.200
30 81 10006.200
30 82 4204.400
30 83 7927.500
30 84 6845.200
30 85 4366.800
30 86 2742.000
30 87 4343.200
30 88 5079.500
30 89 2371.000
30 90 5343.400
30 91 5800.900
30 92 4670.900
30 93 4883.700
30 94 6862.700
30 95 8523.400
30 96 6710.000
30 97 3908.800
30 98 8142.700
30 99 5906.800
30 100 9982.600
31 0 7273.700
31 1 12966.200
31 2 12222.800
31 3 2792.000
31 4 5185.500
31 5 7254.400
31 6 12026.400
31 7 6115.500
31 8 6477.700
31 9 7852.400
31 10 7256.600
31 11 10001.200
31 12 3331.100
31 13 1330.600
31 14 9980.600
31 15 2723.600
31 16 8189.600
31 17 8467.600
31 18 5067.600
31 19 10006.500
31 20 10117.700
31 21 2063.300
31 22 7881.200
31 23 3004.900
31 24 12142.100
31 25 6595.800
31 26 8313.900
31 27 9900.700
31 28 9885.400
31 29 2797.500
31 30 5018.300
31 31 0.000
31 32 2041.600
31 33 4131.200
31 34 9253.500
31 35 13169.400
31 36 8293.900
31 37 8731.400
31 38 7930.300
31 39 6793.900
31 40 11546.400
31 41 9035.800
31 42 9202.400
31 43 5933.600
31 44 9091.200
31 45 12774.600
31 46 8051.000
31 47 9030.100
31 48 10635.600
31 49 10299.800
31 50 8126.800
31 51 6590.800
31 52 8147.900
31 53 9922.000
31 54 12872.000
31 55 7850.500
31 56 9323.100
31 57 9348.800
31 58 5917.300
31 59 10622.400
31 60 6578.300
31 61 2015.400
31 62 9994.400
31 63 9380.000
31 64 11493.400
31 65 6772.500
31 66 2355.400
31 67 8690.600
31 68 765.400
31 69 8793.100
31 70 2132.500
31 71 11538.000
31 72 10344.600
31 73 10385.300
31 74 7192.300
31 75 10495.900
31 76 9377.400
31 77 4161.000
31 78 7357.700
31 79 8684.600
31 80 9153.300
31 81 10138.400
31 82 5895.400
31 83 4855.600
31 84 10450.600
31 85 599.600
31 86 6923.600
31 87 6034.100
31 88 8426.700
31 89 6636.600
31 90 9608.900
31 91 7491.800
31 92 2041.800
31 93 6574.600
31 94 8553.600
31 95 12076.800
31 96 8400.900
31 97 922.900
31 98 9833.700
31 99 10172.400
31 100 11673.500
32 0 8282.100
32 1 11400.000
32 2 10656.600
32 3 4572.400
32 4 6965.900
32 5 8262.800
32 6 12037.000
32 7 7123.900
32 8 7486.100
32 9 8860.800
32 10 5690.400
32 11 11009.600
32 12 5111.500
32 13 3421.900
32 14 10989.000
32 15 4504.000
32 16 9198.000
32 17 9476.000
32 18 6087.100
32 19 11014.900
32 20 8551.500
32 21 1956.600
32 22 6315.000
32 23 1476.300
32 24 13150.500
32 25 5029.500
32 26 9322.300
32 27 10909.100
32 28 10893.800
32 29 3818.200
32 30 3452.100
32 31 2041.600
32 32 0.000
32 33 5911.600
32 34 10592.700
32 35 14177.800
32 36 9302.300
32 37 9739.800
32 38 8938.700
32 39 5227.700
32 40 12554.800
32 41 7469.500
32 42 10210.800
32 43 7714.000
32 44 10099.600
32 45 13783.000
32 46 6484.700
32 47 9760.100
32 48 11644.000
32 49 11308.200
32 50 6560.600
32 51 7599.200
32 52 9590.100
32 53 8355.700
32 54 11305.700
32 55 8858.900
32 56 10331.500
32 57 10825.200
32 58 6925.700
32 59 11630.800
32 60 7586.700
32 61 3795.800
32 62 10816.000
32 63 10388.400
32 64 9927.100
32 65 8995.600
32 66 3073.000
32 67 9699.000
32 68 3543.200
32 69 7226.900
32 70 4355.600
32 71 9971.700
32 72 11735.200
32 73 8819.100
32 74 6116.700
32 75 12658.200
32 76 10385.800
32 77 5941.400
32 78 8366.100
32 79 7376.200
32 80 9550.500
32 81 12705.500
32 82 6903.800
32 83 7078.800
32 84 9544.500
32 85 1892.800
32 86 5357.400
32 87 7042.500
32 88 6860.500
32 89 5070.300
32 90 8042.700
32 91 8500.200
32 92 3822.200
32 93 7583.000
32 94 9562.000
32 95 11222.800
32 96 9409.300
32 97 1304.900
32 98 10842.100
32 99 8606.100
32 100 12681.900
33 0 4480.900
33 1 10317.200
33 2 10252.600
33 3 2357.700
33 4 2118.300
33 5 4608.000
33 6 9233.600
33 7 2341.200
33 8 2820.200
33 9 4215.400
33 10 5590.900
33 11 6364.100
33 12 2211.700
33 13 3329.600
33 14 6323.100
33 15 2989.400
33 16 5499.900
33 17 4830.500
33 18 2274.800
33 19 7213.700
33 20 8154.100
33 21 4185.700
33 22 5917.600
33 23 5127.200
33 24 8492.000
33 25 4632.100
33 26 4623.900
33 27 7107.900
33 28 7092.600
33 29 2498.700
33 30 3781.500
33 31 4193.000
33 32 6135.100
33 33 0.000
33 34 5902.400
33 35 9511.900
33 36 4611.900
33 37 5973.400
33 38 5137.500
33 39 4707.500
33 40 7896.400
33 41 7072.100
33 42 5544.900
33 43 1929.500
33 44 6298.400
33 45 9124.500
33 46 6845.600
33 47 6237.300
33 48 6953.700
33 49 6649.700
33 50 6163.100
33 51 4133.800
33 52 4930.000
33 53 7958.300
33 54 10222.900
33 55 5057.600
33 56 6530.300
33 57 6159.300
33 58 3124.400
33 59 7829.600
33 60 3177.400
33 61 3635.800
33 62 6170.600
33 63 6587.100
33 64 10301.600
33 65 6080.900
33 66 3717.900
33 67 5033.000
33 68 5048.400
33 69 6829.500
33 70 3840.600
33 71 8888.900
33 72 7069.300
33 73 9193.500
33 74 4399.500
33 75 7999.700
33 76 5719.900
33 77 1651.800
33 78 3720.600
33 79 5891.800
33 80 5060.500
33 81 8047.000
33 82 2796.500
33 83 5523.300
33 84 7657.800
33 85 3828.400
33 86 6074.000
33 87 3241.300
33 88 7381.400
33 89 3542.800
33 90 7645.300
33 91 4699.000
33 92 3307.200
33 93 2937.500
33 94 5760.700
33 95 9284.000
33 96 5608.100
33 97 4501.600
33 98 6176.100
33 99 8202.100
33 100 8023.400
34 0 5828.400
34 1 11664.700
34 2 13879.400
34 3 7658.400
34 4 5010.300
34 5 4817.600
34 6 10581.100
34 7 4498.300
34 8 3237.100
34 9 4209.500
34 10 9224.800
34 11 5804.700
34 12 7512.400
34 13 8567.400
34 14 2770.500
34 15 7708.900
34 16 5557.400
34 17 5002.700
34 18 5908.700
34 19 8648.600
34 20 9983.200
34 21 9486.300
34 22 9551.400
34 23 9728.400
34 24 1914.000
34 25 8266.000
34 26 1530.900
34 27 8020.100
34 28 6705.800
34 29 7799.300
34 30 7415.400
34 31 9513.300
34 32 10736.200
34 33 6949.600
34 34 0.000
34 35 3516.700
34 36 2127.900
34 37 6030.800
34 38 6485.000
34 39 8404.700
34 40 2942.800
34 41 9498.900
34 42 3612.000
34 43 4637.800
34 44 7626.900
34 45 2542.100
34 46 8193.100
34 47 7584.800
34 48 3560.200
34 49 1696.100
34 50 9797.000
34 51 4745.100
34 52 1226.600
34 53 10567.000
34 54 11570.400
34 55 6459.800
34 56 7965.200
34 57 889.100
34 58 5063.100
34 59 6759.000
34 60 4027.800
34 61 8936.500
34 62 6341.200
34 63 7885.600
34 64 11525.900
34 65 2607.200
34 66 9018.600
34 67 3666.800
34 68 10286.200
34 69 10976.600
34 70 7787.700
34 71 10236.400
34 72 1799.100
34 73 12820.400
34 74 7051.200
34 75 1242.400
34 76 3300.800
34 77 5659.000
34 78 3659.300
34 79 7239.300
34 80 4758.300
34 81 3093.400
34 82 4002.800
34 83 6969.000
34 84 9005.300
34 85 9129.000
34 86 9707.900
34 87 4685.500
34 88 11015.200
34 89 7156.200
34 90 11279.100
34 91 6046.500
34 92 8313.900
34 93 3901.000
34 94 7108.300
34 95 10631.500
34 96 7043.000
34 97 9930.800
34 98 3233.900
34 99 11828.900
34 100 2190.400
35 0 7341.900
35 1 13178.100
35 2 14881.500
35 3 10708.100
35 4 8577.600
35 5 6331.100
35 6 12094.500
35 7 7547.900
35 8 6255.200
35 9 5723.000
35 10 11324.300
35 11 4907.200
35 12 10562.000
35 13 11679.900
35 14 3072.900
35 15 10758.500
35 16 6354.900
35 17 5305.100
35 18 8958.300
35 19 7972.400
35 20 11496.600
35 21 12536.000
35 22 13376.500
35 23 12778.100
35 24 2278.100
35 25 11315.700
35 26 4677.300
35 27 7122.500
35 28 5808.300
35 29 10849.000
35 30 10465.000
35 31 12543.300
35 32 13785.900
35 33 9999.200
35 34 4162.300
35 35 0.000
35 36 4610.200
35 37 6100.600
35 38 7998.400
35 39 9918.100
35 40 3178.800
35 41 11012.400
35 42 3914.400
35 43 7687.400
35 44 6427.800
35 45 1733.400
35 46 9706.600
35 47 9098.200
35 48 4745.800
35 49 4736.300
35 50 11426.700
35 51 6258.500
35 52 5337.600
35 53 12080.400
35 54 13083.900
35 55 6762.300
35 56 8267.700
35 57 5074.700
35 58 8112.700
35 59 5861.400
35 60 6363.400
35 61 11986.100
35 62 5142.200
35 63 6988.000
35 64 13039.400
35 65 6718.200
35 66 12068.200
35 67 5180.300
35 68 13398.700
35 69 12490.000
35 70 11275.800
35 71 11749.900
35 72 5893.700
35 73 13642.000
35 74 8564.700
35 75 2963.900
35 76 3603.000
35 77 8708.600
35 78 5995.000
35 79 8752.700
35 80 8340.900
35 81 5382.000
35 82 7052.500
35 83 11419.900
35 84 10518.800
35 85 12178.700
35 86 12757.500
35 87 7021.100
35 88 13255.400
35 89 9750.400
35 90 13322.500
35 91 7560.000
35 92 11363.500
35 93 6236.700
35 94 8621.700
35 95 12145.000
35 96 7345.400
35 97 12851.900
35 98 3536.000
35 99 14878.600
35 100 2898.000
36 0 4104.500
36 1 9940.800
36 2 12468.700
36 3 6247.700
36 4 4117.300
36 5 3093.700
36 6 8857.100
36 7 3087.600
36 8 1826.400
36 9 2485.600
36 10 7814.200
36 11 4443.900
36 12 6101.700
36 13 7219.600
36 14 1939.000
36 15 6298.200
36 16 3833.400
36 17 2911.700
36 18 4498.000
36 19 6557.700
36 20 8259.200
36 21 8075.700
36 22 8140.800
36 23 8317.700
36 24 4199.300
36 25 6855.400
36 26 1213.100
36 27 7154.200
36 28 5348.400
36 29 6388.700
36 30 6004.700
36 31 8083.000
36 32 9325.600
36 33 5538.900
36 34 1946.600
36 35 5127.800
36 36 0.000
36 37 4306.900
36 38 4761.000
36 39 6680.700
36 40 4889.400
36 41 7775.000
36 42 2457.100
36 43 3227.100
36 44 5536.000
36 45 4424.200
36 46 6469.200
36 47 5860.800
36 48 2491.700
36 49 3642.800
36 50 8189.300
36 51 3021.100
36 52 1983.300
36 53 8843.100
36 54 9846.500
36 55 4368.900
36 56 5874.300
36 57 2835.700
36 58 3652.400
36 59 5893.200
36 60 2132.100
36 61 7525.800
36 62 4250.300
36 63 5885.200
36 64 9802.000
36 65 3363.900
36 66 7607.900
36 67 1942.900
36 68 8938.400
36 69 9252.600
36 70 6815.500
36 71 8512.500
36 72 3745.700
36 73 10404.600
36 74 5327.300
36 75 3176.000
36 76 1335.800
36 77 4248.300
36 78 1763.700
36 79 5515.300
36 80 3912.100
36 81 5040.100
36 82 2592.200
36 83 6991.100
36 84 7281.400
36 85 7718.400
36 86 8297.200
36 87 2789.900
36 88 10018.000
36 89 6513.000
36 90 10085.100
36 91 4322.600
36 92 6903.200
36 93 2005.400
36 94 5384.300
36 95 8907.600
36 96 4952.100
36 97 8391.600
36 98 1792.000
36 99 10418.200
36 100 4137.000
37 0 3289.300
37 1 8029.600
37 2 9732.900
37 3 6662.100
37 4 6707.200
37 5 2278.500
37 6 6915.200
37 7 4552.200
37 8 4606.300
37 9 2514.200
37 10 6849.200
37 11 1356.000
37 12 6516.000
37 13 7633.900
37 14 3584.000
37 15 7293.700
37 16 541.800
37 17 1309.000
37 18 4896.400
37 19 3058.600
37 20 6348.000
37 21 8490.000
37 22 8227.900
37 23 8716.100
37 24 6224.100
37 25 7253.700
37 26 4849.800
37 27 2605.800
37 28 1926.500
37 29 6803.000
37 30 6403.100
37 31 8497.300
37 32 9723.900
37 33 5953.200
37 34 5653.200
37 35 5625.800
37 36 3855.400
37 37 0.000
37 38 2930.500
37 39 5443.000
37 40 7629.800
37 41 5961.200
37 42 2763.300
37 43 5624.800
37 44 1735.800
37 45 6449.000
37 46 4655.400
37 47 4374.500
37 48 5422.900
37 49 7050.700
37 50 7189.200
37 51 3049.700
37 52 5539.700
37 53 6931.900
37 54 7935.300
37 55 1542.400
37 56 3262.300
37 57 6542.300
37 58 4018.900
37 59 2903.900
37 60 3294.500
37 61 7940.100
37 62 1214.900
37 63 2085.100
37 64 7890.800
37 65 6920.300
37 66 8022.200
37 67 2314.100
37 68 9352.700
37 69 7341.500
37 70 8280.200
37 71 6601.300
37 72 7452.300
37 73 8493.400
37 74 4089.600
37 75 5200.900
37 76 3723.600
37 77 5712.900
37 78 2966.600
37 79 3701.500
37 80 6692.000
37 81 7780.400
37 82 4051.800
37 83 9554.100
37 84 5342.900
37 85 8132.700
37 86 8814.000
37 87 3638.800
37 88 8106.800
37 89 5275.300
37 90 8173.900
37 91 3507.400
37 92 7611.500
37 93 4125.600
37 94 3570.500
37 95 6965.600
37 96 2105.900
37 97 8805.900
37 98 4179.800
37 99 10823.700
37 100 6677.000
38 0 2495.400
38 1 5243.500
38 2 6946.900
38 3 5992.200
38 4 6936.200
38 5 1984.900
38 6 4159.900
38 7 5003.900
38 8 5137.200
38 9 2965.800
38 10 6123.000
38 11 4229.900
38 12 5846.100
38 13 6964.000
38 14 5258.200
38 15 6623.800
38 16 2426.700
38 17 2836.700
38 18 4226.500
38 19 2511.300
38 20 3562.000
38 21 7820.100
38 22 5441.900
38 23 8046.200
38 24 7518.500
38 25 6583.800
38 26 5380.600
38 27 4127.000
38 28 4111.700
38 29 6133.100
38 30 5733.200
38 31 7827.400
38 32 9054.000
38 33 5283.400
38 34 6184.100
38 35 8447.000
38 36 4386.200
38 37 2968.500
38 38 0.000
38 39 4262.200
38 40 8924.100
38 41 3531.300
38 42 4465.200
38 43 5853.900
38 44 2346.600
38 45 7743.300
38 46 2827.800
38 47 1161.300
38 48 5964.200
38 49 9183.000
38 50 4403.200
38 51 2970.000
38 52 6070.500
38 53 4145.800
38 54 5149.300
38 55 2381.500
38 56 1750.900
38 57 7073.200
38 58 3349.000
38 59 4848.700
38 60 3629.300
38 61 7270.200
38 62 4006.500
38 63 3606.200
38 64 5104.800
38 65 7451.200
38 66 7352.300
38 67 3950.900
38 68 8682.800
38 69 4555.400
38 70 7475.100
38 71 3815.300
38 72 7983.200
38 73 5707.400
38 74 3419.700
38 75 6495.200
38 76 4655.000
38 77 5942.000
38 78 3418.300
38 79 1873.900
38 80 7222.900
38 81 9074.700
38 82 3714.100
38 83 9783.200
38 84 2584.200
38 85 7462.800
38 86 6028.000
38 87 2969.000
38 88 5320.800
38 89 4605.400
38 90 5387.900
38 91 2713.500
38 92 6941.600
38 93 4577.300
38 94 1742.900
38 95 4210.400
38 96 1103.900
38 97 8136.000
38 98 5111.200
38 99 8137.200
38 100 7971.300
39 0 3011.700
39 1 5317.300
39 2 7020.700
39 3 5473.100
39 4 6633.500
39 5 2992.300
39 6 5954.300
39 7 4478.600
39 8 4840.800
39 9 4250.000
39 10 1336.200
39 11 6398.500
39 12 5327.100
39 13 6142.700
39 14 6616.900
39 15 6104.700
39 16 4928.900
39 17 4730.500
39 18 3441.800
39 19 5240.200
39 20 4523.900
39 21 4677.400
39 22 2870.300
39 23 4197.100
39 24 8877.100
39 25 2696.900
39 26 6677.000
39 27 7038.400
39 28 7023.100
39 29 4805.300
39 30 1884.000
39 31 6603.500
39 32 5204.900
39 33 4764.300
39 34 7387.700
39 35 9805.700
39 36 5589.900
39 37 5402.400
39 38 3126.000
39 39 0.000
39 40 9909.600
39 41 3005.600
39 42 5823.800
39 43 5334.800
39 44 4877.300
39 45 9102.000
39 46 1385.200
39 47 3740.100
39 48 7192.200
39 49 8662.900
39 50 3419.900
39 51 3977.400
39 52 6944.800
39 53 5107.700
39 54 5223.100
39 55 4988.200
39 56 4556.900
39 57 8179.900
39 58 4356.400
39 59 7760.100
39 60 4636.700
39 61 6516.600
39 62 6204.900
39 63 6517.700
39 64 5178.600
39 65 7925.700
39 66 5793.800
39 67 5309.600
39 68 7364.500
39 69 3782.200
39 70 7076.400
39 71 3889.100
39 72 9089.900
39 73 5678.500
39 74 1745.800
39 75 7853.900
39 76 6013.700
39 77 5639.300
39 78 4602.000
39 79 2276.700
39 80 6905.300
39 81 10060.200
39 82 4258.500
39 83 9799.600
39 84 3811.100
39 85 6238.900
39 86 3026.800
39 87 3976.400
39 88 4334.100
39 89 1063.300
39 90 4598.000
39 91 3229.800
39 92 6543.000
39 93 4937.700
39 94 2941.600
39 95 5140.100
39 96 3634.600
39 97 5780.900
39 98 6469.900
39 99 5161.500
39 100 10036.600
40 0 8299.600
40 1 14135.900
40 2 15607.000
40 3 9386.000
40 4 6615.100
40 5 7288.800
40 6 13052.300
40 7 6246.500
40 8 5274.900
40 9 6680.700
40 10 10952.400
40 11 6456.400
40 12 9240.000
40 13 10357.900
40 14 4030.400
40 15 9457.000
40 16 7312.400
40 17 6262.600
40 18 7636.300
40 19 9521.600
40 20 12454.400
40 21 11213.900
40 22 11279.000
40 23 11456.000
40 24 1763.100
40 25 9993.600
40 26 4486.100
40 27 8671.800
40 28 7357.500
40 29 9526.900
40 30 9142.900
40 31 11221.200
40 32 12463.800
40 33 8677.200
40 34 3203.600
40 35 2573.400
40 36 5083.000
40 37 7785.900
40 38 8956.200
40 39 10068.900
40 40 0.000
40 41 12433.600
40 42 4871.900
40 43 6372.900
40 44 7977.100
40 45 1444.600
40 46 10664.300
40 47 10056.000
40 48 5703.500
40 49 1898.900
40 50 11524.600
40 51 7216.300
40 52 4176.100
40 53 13319.800
40 54 14041.600
40 55 7719.800
40 56 9225.100
40 57 3150.300
40 58 7802.900
40 59 7410.700
40 60 7057.800
40 61 10664.000
40 62 6691.500
40 63 8537.300
40 64 15656.000
40 65 4170.400
40 66 10746.100
40 67 6096.000
40 68 12076.700
40 69 12190.900
40 70 9974.400
40 71 12707.600
40 72 2793.400
40 73 14547.900
40 74 9740.500
40 75 2408.100
40 76 4560.700
40 77 7407.200
40 78 6830.100
40 79 9710.500
40 80 6953.700
40 81 2281.600
40 82 6742.700
40 83 8532.200
40 84 11476.500
40 85 10856.600
40 86 11435.500
40 87 7516.800
40 88 12742.800
40 89 8883.700
40 90 13006.700
40 91 8517.700
40 92 10335.500
40 93 6571.100
40 94 9579.400
40 95 13102.700
40 96 8302.900
40 97 11529.900
40 98 4493.800
40 99 13556.500
40 100 778.900
41 0 4119.800
41 1 4417.000
41 2 5467.700
41 3 8016.200
41 4 9176.600
41 5 5105.000
41 6 5054.000
41 7 7021.700
41 8 7384.000
41 9 6085.900
41 10 2629.400
41 11 7366.500
41 12 7870.200
41 13 8274.400
41 14 8248.300
41 15 8647.800
41 16 5563.400
41 17 5973.300
41 18 5984.900
41 19 5451.200
41 20 2900.600
41 21 6809.100
41 22 2352.500
41 23 6328.700
41 24 10638.500
41 25 3382.200
41 26 8500.700
41 27 7050.200
41 28 7248.300
41 29 7348.400
41 30 4360.700
41 31 8735.100
41 32 7336.600
41 33 7307.400
41 34 9304.100
41 35 11567.000
41 36 7506.300
41 37 6105.100
41 38 3731.900
41 39 2680.300
41 40 12452.700
41 41 0.000
41 42 7585.200
41 43 7877.900
41 44 5483.300
41 45 10863.400
41 46 2721.500
41 47 2785.200
41 48 9084.300
41 49 11206.000
41 50 909.700
41 51 6090.100
41 52 9487.900
41 53 2704.800
41 54 4322.700
41 55 5310.500
41 56 4937.900
41 57 10193.200
41 58 6823.500
41 59 7985.300
41 60 6749.300
41 61 8648.300
41 62 7143.200
41 63 6742.900
41 64 4276.200
41 65 10468.800
41 66 7925.500
41 67 7070.900
41 68 9496.100
41 69 2016.300
41 70 9208.000
41 71 2988.700
41 72 11103.300
41 73 3168.200
41 74 4426.100
41 75 9615.200
41 76 7775.000
41 77 8182.400
41 78 6538.300
41 79 2312.100
41 80 9448.400
41 81 12603.300
41 82 6801.600
41 83 11931.200
41 84 2910.700
41 85 8370.600
41 86 2534.400
41 87 6089.000
41 88 2781.600
41 89 3049.400
41 90 2848.700
41 91 4100.300
41 92 8674.600
41 93 7480.800
41 94 3547.500
41 95 4239.700
41 96 4240.600
41 97 7912.600
41 98 8231.200
41 99 4643.700
41 100 12579.800
42 0 3854.300
42 1 9690.600
42 2 11394.000
42 3 7237.500
42 4 5644.300
42 5 2843.500
42 6 8607.000
42 7 4133.600
42 8 2767.600
42 9 2235.400
42 10 7836.700
42 11 3004.500
42 12 7091.400
42 13 8209.300
42 14 1310.900
42 15 7344.200
42 16 2522.100
42 17 1472.300
42 18 5487.800
42 19 5118.200
42 20 8009.100
42 21 9065.400
42 22 9889.000
42 23 9307.500
42 24 3956.600
42 25 7845.100
42 26 3011.100
42 27 5342.800
42 28 4028.500
42 29 7378.400
42 30 6994.400
42 31 9072.700
42 32 10315.300
42 33 6528.700
42 34 3814.500
42 35 3546.100
42 36 2016.700
42 37 2995.600
42 38 4510.900
42 39 6430.600
42 40 5654.200
42 41 7524.800
42 42 0.000
42 43 4216.800
42 44 4096.500
42 45 4181.500
42 46 6219.000
42 47 5610.700
42 48 3149.800
42 49 4777.500
42 50 7939.100
42 51 2771.000
42 52 3701.000
42 53 8592.900
42 54 9596.300
42 55 2929.500
42 56 4434.900
42 57 4703.600
42 58 4693.400
42 59 4081.700
42 60 2875.800
42 61 8515.500
42 62 2810.900
42 63 4445.800
42 64 9551.800
42 65 5081.600
42 66 8597.600
42 67 1305.700
42 68 9928.100
42 69 9002.500
42 70 7861.500
42 71 8262.300
42 72 5613.700
42 73 10154.500
42 74 5077.100
42 75 2927.700
42 76 1450.400
42 77 5294.300
42 78 2507.400
42 79 5265.200
42 80 4853.400
42 81 5507.300
42 82 3633.100
42 83 7932.300
42 84 7031.200
42 85 8708.100
42 86 9286.900
42 87 3533.600
42 88 9767.900
42 89 6262.800
42 90 9835.000
42 91 4072.400
42 92 7949.200
42 93 2749.100
42 94 5134.100
42 95 8657.400
42 96 3512.700
42 97 9381.300
42 98 1906.600
42 99 11408.000
42 100 4700.600
43 0 5274.500
43 1 11110.800
43 2 11318.300
43 3 3732.800
43 4 1814.800
43 5 4000.500
43 6 10027.200
43 7 1692.800
43 8 2097.700
43 9 3607.900
43 10 6405.000
43 11 5756.700
43 12 3586.800
43 13 4740.300
43 14 5600.700
43 15 3443.300
43 16 4892.500
43 17 4223.100
43 18 3088.900
43 19 8007.300
43 20 8968.200
43 21 5560.700
43 22 6731.700
43 23 6502.300
43 24 7769.500
43 25 5446.200
43 26 3933.900
43 27 7718.800
43 28 6661.100
43 29 3873.800
43 30 4595.600
43 31 5686.200
43 32 7510.200
43 33 3024.000
43 34 5204.400
43 35 8789.500
43 36 3913.900
43 37 5366.000
43 38 5931.100
43 39 5521.600
43 40 7173.900
43 41 7886.200
43 42 4822.400
43 43 0.000
43 44 6848.800
43 45 8402.100
43 46 7639.200
43 47 7030.900
43 48 6165.500
43 49 5927.300
43 50 6977.200
43 51 3526.400
43 52 4201.700
43 53 8772.400
43 54 11016.500
43 55 5680.300
43 56 7323.900
43 57 5436.800
43 58 3249.300
43 59 7552.500
43 60 2569.900
43 61 5010.900
43 62 5563.100
43 63 7198.000
43 64 11367.300
43 65 4458.400
43 66 5093.000
43 67 4310.600
43 68 6459.100
43 69 7643.600
43 70 3960.600
43 71 9682.500
43 72 6346.800
43 73 10259.300
43 74 5193.100
43 75 7277.200
43 76 4997.500
43 77 1393.400
43 78 3653.000
43 79 6685.400
43 80 3438.000
43 81 7324.600
43 82 2189.000
43 83 5234.600
43 84 8451.400
43 85 5203.500
43 86 6888.100
43 87 2963.200
43 88 8195.500
43 89 4336.400
43 90 8459.300
43 91 5492.600
43 92 4048.300
43 93 2330.100
43 94 6554.400
43 95 10077.600
43 96 6401.700
43 97 6103.700
43 98 5453.700
43 99 9267.800
43 100 7301.000
44 0 3633.200
44 1 6558.900
44 2 8262.200
44 3 7150.900
44 4 8184.300
44 5 3143.600
44 6 5444.500
44 7 6029.400
44 8 5965.900
44 9 3988.300
44 10 7438.300
44 11 2107.800
44 12 7004.900
44 13 8122.800
44 14 4943.600
44 15 7782.500
44 16 1858.400
44 17 2668.600
44 18 5385.200
44 19 1587.900
44 20 4877.300
44 21 8978.800
44 22 6757.200
44 23 9204.900
44 24 6677.500
44 25 7742.600
44 26 6209.400
44 27 2004.900
44 28 1989.600
44 29 7291.800
44 30 6891.900
44 31 8986.100
44 32 10212.800
44 33 6442.100
44 34 7012.800
44 35 6266.900
44 36 5214.900
44 37 1712.100
44 38 2405.900
44 39 6124.200
44 40 8375.000
44 41 5333.400
44 42 4040.800
44 43 7101.900
44 44 0.000
44 45 6902.400
44 46 4130.800
44 47 2903.800
44 48 6782.500
44 49 7904.200
44 50 5718.500
44 51 4128.700
44 52 6899.300
44 53 5461.200
44 54 6464.600
44 55 2031.300
44 56 1791.600
44 57 7901.900
44 58 4507.800
44 59 2726.600
44 60 4771.600
44 61 8429.000
44 62 1884.400
44 63 1484.100
44 64 6420.100
44 65 8279.900
44 66 8511.000
44 67 3673.700
44 68 9841.600
44 69 5870.800
44 70 8633.800
44 71 5130.600
44 72 8811.900
44 73 7022.700
44 74 4578.400
44 75 6054.400
44 76 5083.100
44 77 7190.100
44 78 4443.800
44 79 3176.900
44 80 8051.600
44 81 8633.900
44 82 4872.800
44 83 11031.300
44 84 3872.200
44 85 8621.500
44 86 7343.300
44 87 4127.700
44 88 6636.100
44 89 5764.100
44 90 6703.200
44 91 3851.300
44 92 8100.400
44 93 5602.800
44 94 3045.900
44 95 5494.900
44 96 1581.300
44 97 9294.800
44 98 5539.300
44 99 9452.500
44 100 7421.400
45 0 7855.100
45 1 13691.400
45 2 15394.700
45 3 10792.300
45 4 7501.900
45 5 6844.300
45 6 12607.800
45 7 7652.800
45 8 6768.400
45 9 6236.200
45 10 12358.700
45 11 4945.200
45 12 10646.300
45 13 11764.200
45 14 2929.700
45 15 10863.400
45 16 6211.600
45 17 5161.800
45 18 9042.600
45 19 8010.400
45 20 12009.900
45 21 12620.200
45 22 12685.300
45 23 12862.300
45 24 1128.300
45 25 11399.900
45 26 4022.500
45 27 7160.500
45 28 5846.300
45 29 10933.200
45 30 10549.300
45 31 12627.500
45 32 13870.100
45 33 10083.500
45 34 2740.000
45 35 1128.800
45 36 5123.500
45 37 6138.600
45 38 8511.700
45 39 10431.400
45 40 1484.700
45 41 11525.600
45 42 3863.600
45 43 7779.200
45 44 6465.900
45 45 0.000
45 46 10219.800
45 47 9611.500
45 48 5259.000
45 49 3042.300
45 50 11939.900
45 51 6771.800
45 52 3718.200
45 53 12593.700
45 54 13597.100
45 55 6619.000
45 56 7992.300
45 57 3380.700
45 58 8625.900
45 59 5899.400
45 60 6876.600
45 61 12070.400
45 62 5180.200
45 63 7026.000
45 64 13552.600
45 65 5098.800
45 66 12152.400
45 67 4995.200
45 68 13483.000
45 69 13003.300
45 70 10279.300
45 71 12263.100
45 72 4199.700
45 73 14155.200
45 74 9077.900
45 75 1814.200
45 76 4116.200
45 77 8813.500
45 78 6508.200
45 79 9266.000
45 80 8854.200
45 81 3687.900
45 82 7565.700
45 83 9460.600
45 84 11032.000
45 85 12262.900
45 86 12841.800
45 87 7534.300
45 88 13768.700
45 89 10263.600
45 90 13835.800
45 91 8073.200
45 92 11741.800
45 93 6749.900
45 94 9134.900
45 95 12658.200
45 96 7202.200
45 97 12936.200
45 98 4049.300
45 99 14962.800
45 100 1204.000
46 0 2953.900
46 1 4757.400
46 2 6460.700
46 3 7946.300
46 4 8890.400
46 5 3939.100
46 6 5394.300
46 7 6958.000
46 8 7091.300
46 9 4920.000
46 10 4579.700
46 11 6200.600
46 12 7800.300
46 13 8345.100
46 14 7082.400
46 15 8577.900
46 16 4397.500
46 17 4807.400
46 18 6180.700
46 19 4680.300
46 20 3963.900
46 21 6879.800
46 22 4302.800
46 23 6399.500
46 24 9472.600
46 25 5332.500
46 26 7334.800
46 27 6097.800
46 28 6082.400
46 29 8087.300
46 30 4086.400
46 31 8805.900
46 32 7407.300
46 33 7237.500
46 34 8138.200
46 35 10401.100
46 36 6340.400
46 37 4939.300
46 38 2566.000
46 39 2330.600
46 40 10878.200
46 41 2445.600
46 42 6419.300
46 43 7808.000
46 44 4317.400
46 45 9697.500
46 46 0.000
46 47 3180.200
46 48 7918.400
46 49 11137.100
46 50 2860.000
46 51 4924.200
46 52 8024.700
46 53 4547.800
46 54 4663.100
46 55 4144.600
46 56 3996.900
46 57 9027.300
46 58 5303.200
46 59 6819.400
46 60 5583.400
46 61 8719.000
46 62 5977.300
46 63 5577.000
46 64 4618.600
46 65 9405.300
46 66 7996.200
46 67 5905.100
46 68 9566.900
46 69 3966.500
46 70 9429.200
46 71 3329.100
46 72 9937.400
46 73 5118.500
46 74 4076.400
46 75 8449.300
46 76 6609.100
46 77 7896.200
46 78 5372.400
46 79 1716.700
46 80 9177.100
46 81 11028.900
46 82 5668.200
46 83 11737.400
46 84 3251.100
46 85 8441.300
46 86 4484.700
46 87 4923.100
46 88 4731.900
46 89 3265.700
46 90 4799.000
46 91 2934.400
46 92 8745.400
46 93 6531.400
46 94 2381.600
46 95 4580.100
46 96 3074.700
46 97 7983.300
46 98 7065.400
46 99 6593.900
46 100 9925.400
47 0 3903.700
47 1 4208.400
47 2 5911.800
47 3 7400.500
47 4 8344.500
47 5 3393.200
47 6 3898.000
47 7 6412.200
47 8 6545.500
47 9 4374.100
47 10 5087.900
47 11 4992.000
47 12 7254.400
47 13 8372.300
47 14 6666.500
47 15 8032.100
47 16 3835.000
47 17 4245.000
47 18 5634.800
47 19 2249.400
47 20 2526.900
47 21 9267.500
47 22 4406.800
47 23 8787.200
47 24 8926.800
47 25 5840.700
47 26 6788.900
47 27 3848.400
47 28 4873.800
47 29 7541.400
47 30 6819.100
47 31 9235.700
47 32 9795.000
47 33 6691.700
47 34 7592.400
47 35 9855.300
47 36 5794.500
47 37 4376.800
47 38 1408.300
47 39 3516.500
47 40 10332.400
47 41 2785.700
47 42 5873.400
47 43 7262.100
47 44 3108.700
47 45 9151.600
47 46 2919.900
47 47 0.000
47 48 7372.500
47 49 10591.300
47 50 3368.100
47 51 4378.300
47 52 7478.800
47 53 3110.700
47 54 4114.100
47 55 3789.800
47 56 1736.100
47 57 8481.500
47 58 4757.300
47 59 5610.800
47 60 5037.600
47 61 8678.500
47 62 4768.600
47 63 4368.300
47 64 4069.600
47 65 8859.500
47 66 8760.600
47 67 5359.200
47 68 10091.100
47 69 3520.300
47 70 8883.400
47 71 2780.200
47 72 9391.500
47 73 4672.300
47 74 4828.000
47 75 7903.500
47 76 6063.300
47 77 7350.300
47 78 4826.500
47 79 1733.500
47 80 8631.200
47 81 10483.000
47 82 5122.300
47 83 11191.500
47 84 1521.700
47 85 8871.100
47 86 4992.800
47 87 4377.200
47 88 4285.700
47 89 4451.600
47 90 4352.800
47 91 3521.700
47 92 8349.900
47 93 5985.600
47 94 2968.900
47 95 3948.500
47 96 1863.000
47 97 9544.300
47 98 6519.500
47 99 7102.100
47 100 9379.600
48 0 4760.500
48 1 10596.800
48 2 12300.200
48 3 7981.700
48 4 5851.300
48 5 3749.700
48 6 9513.200
48 7 4821.600
48 8 3673.900
48 9 3141.700
48 10 8743.000
48 11 4336.700
48 12 7835.700
48 13 8953.600
48 14 1373.300
48 15 8032.200
48 16 4489.500
48 17 3605.500
48 18 6232.000
48 19 7251.400
48 20 8915.300
48 21 9809.600
48 22 10795.200
48 23 10051.700
48 24 3109.100
48 25 8589.300
48 26 1911.800
48 27 6552.100
48 28 5237.800
48 29 8122.700
48 30 7738.700
48 31 9816.900
48 32 11059.600
48 33 7272.900
48 34 2226.700
48 35 3739.000
48 36 1883.900
48 37 4963.000
48 38 5417.100
48 39 7336.800
48 40 4514.700
48 41 8431.000
48 42 2214.800
48 43 4961.100
48 44 6229.700
48 45 3333.900
48 46 7125.200
48 47 6516.900
48 48 0.000
48 49 3935.600
48 50 8845.400
48 51 3677.200
48 52 2572.000
48 53 9499.100
48 54 10502.500
48 55 5062.700
48 56 6568.100
48 57 3115.800
48 58 5386.400
48 59 5291.000
48 60 3782.100
48 61 9259.800
48 62 4944.100
48 63 6417.600
48 64 10458.000
48 65 3952.600
48 66 9341.900
48 67 2599.000
48 68 10672.400
48 69 9908.700
48 70 8549.500
48 71 9168.500
48 72 4025.800
48 73 11060.700
48 74 5983.300
48 75 2085.800
48 76 1021.600
48 77 5982.300
48 78 3413.600
48 79 6171.400
48 80 5759.600
48 81 4665.300
48 82 4326.100
48 83 8314.400
48 84 7937.400
48 85 9452.400
48 86 10031.200
48 87 4439.800
48 88 10674.100
48 89 7169.000
48 90 10741.200
48 91 4978.600
48 92 8637.200
48 93 3655.300
48 94 6040.400
48 95 9563.600
48 96 5645.800
48 97 10125.600
48 98 1506.800
48 99 12152.200
48 100 3561.900
49 0 7123.400
49 1 12959.700
49 2 14801.300
49 3 8580.300
49 4 5809.400
49 5 6112.600
49 6 11876.000
49 7 5440.800
49 8 4469.200
49 9 5504.500
49 10 10146.700
49 11 5877.000
49 12 8434.300
49 13 9552.200
49 14 2854.200
49 15 8651.400
49 16 6136.200
49 17 5086.300
49 18 6830.600
49 19 8732.300
49 20 11278.100
49 21 10408.200
49 22 10473.300
49 23 10650.300
49 24 1842.300
49 25 9187.900
49 26 2249.300
49 27 8092.300
49 28 6778.100
49 29 8721.200
49 30 8337.300
49 31 10415.500
49 32 11658.100
49 33 7871.500
49 34 1432.700
49 35 3599.300
49 36 3312.100
49 37 6609.600
49 38 7779.900
49 39 9263.200
49 40 1520.100
49 41 11627.900
49 42 3695.600
49 43 5567.200
49 44 7710.600
49 45 2470.400
49 46 9488.100
49 47 8879.700
49 48 4527.300
49 49 0.000
49 50 10718.900
49 51 6040.000
49 52 1932.300
49 53 11862.000
49 54 12865.400
49 55 6543.500
49 56 8048.900
49 57 1110.700
49 58 6997.200
49 59 6831.300
49 60 6252.200
49 61 9858.400
49 62 6424.900
49 63 7957.900
49 64 14850.300
49 65 3364.700
49 66 9940.400
49 67 4919.800
49 68 11271.000
49 69 11385.200
49 70 9168.700
49 71 11531.400
49 72 1987.700
49 73 13742.300
49 74 8934.800
49 75 1350.000
49 76 3384.500
49 77 6601.500
49 78 4843.600
49 79 8534.200
49 80 6148.000
49 81 1670.800
49 82 5937.000
49 83 7726.500
49 84 10300.300
49 85 10050.900
49 86 10629.800
49 87 6711.100
49 88 11937.100
49 89 8078.100
49 90 12201.000
49 91 7341.500
49 92 9529.800
49 93 5765.400
49 94 8403.200
49 95 11926.500
49 96 7126.700
49 97 10724.200
49 98 3317.600
49 99 12750.800
49 100 1647.200
50 0 4534.100
50 1 4839.500
50 2 4558.000
50 3 7130.900
50 4 8291.300
50 5 5519.300
50 6 5476.400
50 7 6136.400
50 8 6498.700
50 9 6500.200
50 10 1744.100
50 11 8261.500
50 12 6984.900
50 13 7389.100
50 14 8662.600
50 15 7762.500
50 16 5977.700
50 17 6387.600
50 18 5099.600
50 19 5518.900
50 20 1990.900
50 21 5923.800
50 22 1467.200
50 23 5443.400
50 24 12163.000
50 25 2496.900
50 26 8334.800
50 27 7117.900
50 28 8143.200
50 29 6463.100
50 30 3475.400
50 31 7849.800
50 32 6451.200
50 33 6422.100
50 34 9605.300
50 35 11981.400
50 36 8314.800
50 37 6519.500
50 38 4146.200
50 39 3094.600
50 40 11567.400
50 41 909.000
50 42 7999.500
50 43 6992.600
50 44 6378.200
50 45 11277.700
50 46 3135.900
50 47 3199.600
50 48 9498.600
50 49 10320.700
50 50 0.000
50 51 6611.800
50 52 8602.600
50 53 1795.200
50 54 4745.200
50 55 5724.800
50 56 5005.500
50 57 9837.700
50 58 5938.200
50 59 8880.200
50 60 6599.300
50 61 7763.000
50 62 8038.100
50 63 7637.800
50 64 3366.600
50 65 9583.500
50 66 7040.200
50 67 7485.300
50 68 8610.800
50 69 1106.600
50 70 8322.700
50 71 3411.200
50 72 10747.800
50 73 2258.500
50 74 4606.000
50 75 10029.600
50 76 8189.400
50 77 7297.100
50 78 6952.600
50 79 2726.400
50 80 8563.100
50 81 11718.000
50 82 5916.300
50 83 11045.900
50 84 2983.900
50 85 7485.300
50 86 1649.100
50 87 6055.100
50 88 1872.000
50 89 3352.100
50 90 1939.100
50 91 4514.600
50 92 7789.300
50 93 6595.500
50 94 3961.800
50 95 4662.200
50 96 4654.900
50 97 7027.300
50 98 8645.600
50 99 3758.400
50 100 11694.500
51 0 2148.100
51 1 7984.400
51 2 9687.800
51 3 4447.100
51 4 4688.400
51 5 985.100
51 6 6900.800
51 7 2533.500
51 8 2868.500
51 9 1198.100
51 10 5997.600
51 11 3346.700
51 12 4301.100
51 13 5419.000
51 14 3565.000
51 15 5078.700
51 16 1877.100
51 17 1678.700
51 18 2681.500
51 19 4688.700
51 20 6302.900
51 21 6275.000
51 22 6324.200
51 23 6501.200
51 24 5825.300
51 25 5038.800
51 26 3532.500
51 27 4559.500
51 28 3919.000
51 29 4588.100
51 30 4188.100
51 31 6282.300
51 32 7509.000
51 33 3738.300
51 34 4335.900
51 35 6753.800
51 36 2538.100
51 37 2350.500
51 38 2804.700
51 39 4463.400
51 40 7230.900
51 41 5818.600
51 42 2772.000
51 43 3606.100
51 44 3728.400
51 45 6050.200
51 46 4512.800
51 47 3904.500
51 48 4140.400
51 49 6698.000
51 50 6232.900
51 51 0.000
51 52 4154.700
51 53 6886.700
51 54 7890.100
51 55 2499.900
51 56 4005.300
51 57 5225.000
51 58 1804.000
51 59 4896.500
51 60 1120.600
51 61 5725.200
51 62 3207.400
51 63 4038.800
51 64 7845.600
51 65 5535.300
51 66 5807.300
51 67 2257.700
51 68 7137.800
51 69 7296.300
51 70 5930.000
51 71 6556.100
51 72 6135.000
51 73 8448.200
51 74 3109.900
51 75 4802.000
51 76 2961.800
51 77 3694.200
51 78 1550.100
51 79 3559.000
51 80 4954.200
51 81 7381.600
51 82 1431.200
51 83 7535.400
51 84 5325.000
51 85 5917.700
51 86 6480.600
51 87 1033.700
51 88 8061.700
51 89 4295.600
51 90 8128.800
51 91 2366.200
51 92 5396.600
51 93 2162.200
51 94 3427.900
51 95 6951.200
51 96 3083.100
51 97 6591.000
51 98 3418.000
51 99 8608.700
51 100 6278.100
52 0 5591.300
52 1 11427.600
52 2 12793.700
52 3 6572.700
52 4 3783.700
52 5 4580.500
52 6 10343.900
52 7 3405.700
52 8 2144.500
52 9 3972.400
52 10 8139.100
52 11 6138.200
52 12 6426.700
52 13 7340.800
52 14 3425.800
52 15 6616.300
52 16 5320.200
52 17 4606.100
52 18 4823.000
52 19 8252.000
52 20 9746.000
52 21 8400.600
52 22 8465.700
52 23 8642.700
52 24 3053.700
52 25 7180.300
52 26 705.100
52 27 8641.100
52 28 7042.700
52 29 6713.600
52 30 6329.700
52 31 8286.700
52 32 9650.500
52 33 5863.900
52 34 1139.700
52 35 4656.400
52 36 1890.700
52 37 5793.700
52 38 6247.800
52 39 7591.000
52 40 3779.900
52 41 9261.800
52 42 4151.500
52 43 3552.000
52 44 7230.300
52 45 3681.900
52 46 7956.000
52 47 7347.600
52 48 3323.100
52 49 2533.300
52 50 8711.300
52 51 4166.200
52 52 0.000
52 53 10329.900
52 54 11333.300
52 55 6063.300
52 56 7568.700
52 57 1574.700
52 58 3970.500
52 59 7380.000
52 60 3209.800
52 61 7850.800
52 62 5944.700
52 63 7579.500
52 64 12842.700
52 65 1380.600
52 66 7932.800
52 67 3639.600
52 68 9059.600
52 69 9377.600
52 70 6561.100
52 71 9999.300
52 72 2484.700
52 73 11734.700
52 74 6237.600
52 75 2382.200
52 76 2344.700
52 77 4566.400
52 78 2982.000
52 79 7002.200
52 80 3531.700
52 81 3930.600
52 82 2910.200
52 83 5742.400
52 84 8768.200
52 85 8229.800
52 86 8622.200
52 87 3684.400
52 88 9929.500
52 89 5895.000
52 90 10193.400
52 91 5809.400
52 92 7221.300
52 93 2723.000
52 94 6871.100
52 95 10394.400
52 96 6646.400
52 97 8704.200
52 98 3278.800
52 99 10743.200
52 100 3330.100
53 0 6507.900
53 1 3745.900
53 2 3725.300
53 3 8935.500
53 4 10096.000
53 5 5997.400
53 6 4382.900
53 7 7941.000
53 8 8303.300
53 9 6978.300
53 10 3548.800
53 11 7167.900
53 12 8789.500
53 13 9193.700
53 14 9270.600
53 15 9567.200
53 16 6733.100
53 17 7143.100
53 18 6904.300
53 19 4425.300
53 20 897.400
53 21 7728.400
53 22 2867.700
53 23 7248.000
53 24 11530.900
53 25 4301.500
53 26 9393.100
53 27 6024.300
53 28 7049.700
53 29 8267.700
53 30 5280.000
53 31 9654.500
53 32 8255.900
53 33 8226.700
53 34 10196.500
53 35 12459.400
53 36 8398.700
53 37 6772.200
53 38 4012.300
53 39 4552.600
53 40 12936.500
53 41 2577.200
53 42 8477.600
53 43 8797.200
53 44 5284.600
53 45 11755.800
53 46 4205.700
53 47 3435.300
53 48 9976.700
53 49 12125.400
53 50 1829.000
53 51 6982.500
53 52 10083.000
53 53 0.000
53 54 3651.600
53 55 6393.900
53 56 3912.000
53 57 11085.600
53 58 7361.500
53 59 7786.700
53 60 7641.700
53 61 9567.600
53 62 6944.500
53 63 6544.300
53 64 1568.600
53 65 11463.600
53 66 8844.800
53 67 7963.300
53 68 11070.300
53 69 1981.200
53 70 10127.400
53 71 2317.600
53 72 11995.700
53 73 1083.000
53 74 7432.100
53 75 10507.600
53 76 8667.400
53 77 9101.700
53 78 7430.700
53 79 3796.200
53 80 11235.400
53 81 13087.200
53 82 7726.500
53 83 12850.500
53 84 1890.400
53 85 9289.900
53 86 3453.700
53 87 6981.400
53 88 2746.600
53 89 5156.700
53 90 2813.700
53 91 5584.400
53 92 9593.900
53 93 8589.700
53 94 5031.600
53 95 3568.600
53 96 4638.000
53 97 8831.900
53 98 9123.600
53 99 5563.000
53 100 11983.700
54 0 6077.300
54 1 1404.400
54 2 2244.400
54 3 11125.200
54 4 12069.300
54 5 7118.000
54 6 1311.300
54 7 10137.000
54 8 10270.200
54 9 8098.900
54 10 6207.700
54 11 8288.500
54 12 10979.200
54 13 11852.600
54 14 10391.300
54 15 11756.800
54 16 7853.700
54 17 8263.700
54 18 9359.600
54 19 5545.900
54 20 3646.700
54 21 10387.300
54 22 5526.600
54 23 9907.000
54 24 12651.500
54 25 6960.500
54 26 10513.700
54 27 7144.900
54 28 8170.300
54 29 11266.200
54 30 7938.900
54 31 12313.400
54 32 10914.800
54 33 10416.400
54 34 11317.200
54 35 13580.100
54 36 9519.300
54 37 7892.800
54 38 5132.900
54 39 5026.000
54 40 14057.200
54 41 4235.200
54 42 9598.200
54 43 10986.900
54 44 6405.300
54 45 12876.400
54 46 4679.100
54 47 4556.000
54 48 11097.300
54 49 14316.100
54 50 4487.900
54 51 8103.100
54 52 11203.600
54 53 4230.500
54 54 0.000
54 55 7514.600
54 56 5032.600
54 57 12206.300
54 58 8482.100
54 59 8907.300
54 60 8762.300
54 61 12226.500
54 62 8065.200
54 63 7664.900
54 64 2265.300
54 65 12584.300
54 66 11503.700
54 67 9084.000
54 68 13729.200
54 69 4640.100
54 70 12608.100
54 71 2391.300
54 72 13116.300
54 73 3197.400
54 74 6771.900
54 75 11628.300
54 76 9788.100
54 77 11075.100
54 78 8551.300
54 79 4269.600
54 80 12356.000
54 81 14207.800
54 82 8847.100
54 83 14916.300
54 84 2363.800
54 85 11948.800
54 86 6112.600
54 87 8102.000
54 88 5405.500
54 89 5961.100
54 90 5472.600
54 91 6057.800
54 92 12074.700
54 93 9710.300
54 94 5505.000
54 95 1032.900
54 96 5758.600
54 97 11490.800
54 98 10244.300
54 99 5765.300
54 100 13104.300
55 0 1601.900
55 1 7438.200
55 2 9141.600
55 3 5119.600
55 4 6063.700
55 5 1112.300
55 6 6354.600
55 7 4110.400
55 8 4243.700
55 9 2072.300
55 10 5306.700
55 11 3162.600
55 12 4973.600
55 13 6091.500
55 14 3767.700
55 15 5751.200
55 16 1185.400
55 17 1492.800
55 18 3353.900
55 19 3002.300
55 20 5756.700
55 21 6947.500
55 22 7636.600
55 23 7173.600
55 24 6407.900
55 25 5711.300
55 26 4487.100
55 27 2896.600
55 28 2881.200
55 29 5260.500
55 30 4860.600
55 31 6954.800
55 32 8181.500
55 33 4410.800
55 34 5290.600
55 35 7553.500
55 36 3492.700
55 37 2164.600
55 38 2258.500
55 39 3900.600
55 40 7813.500
55 41 5272.400
55 42 2947.100
55 43 4981.300
55 44 2087.000
55 45 6632.700
55 46 3966.600
55 47 3358.300
55 48 5070.800
55 49 8310.400
55 50 5686.800
55 51 2097.400
55 52 5177.100
55 53 6340.500
55 54 7343.900
55 55 0.000
55 56 2318.900
55 57 6179.700
55 58 2476.500
55 59 3618.200
55 60 2756.700
55 61 6397.700
55 62 2990.200
55 63 2375.800
55 64 7299.400
55 65 6557.700
55 66 6479.700
55 67 2497.800
55 68 7810.300
55 69 6750.100
55 70 6602.500
55 71 6009.900
55 72 7089.700
55 73 7902.100
55 74 2547.100
55 75 5384.600
55 76 3761.500
55 77 5069.400
55 78 2524.800
55 79 3012.800
55 80 6329.400
55 81 7964.100
55 82 2841.500
55 83 8910.600
55 84 4778.800
55 85 6590.200
55 86 7153.100
55 87 2096.400
55 88 7515.500
55 89 3732.800
55 90 7582.600
55 91 1820.000
55 92 6069.100
55 93 3683.800
55 94 2881.800
55 95 6405.000
55 96 1396.700
55 97 7263.500
55 98 4217.700
55 99 9281.200
55 100 6860.700
56 0 4320.700
56 1 5178.900
56 2 6882.200
56 3 7817.500
56 4 8761.600
56 5 3810.200
56 6 4064.500
56 7 6829.200
56 8 6962.500
56 9 4791.100
56 10 6058.300
56 11 3955.200
56 12 7671.500
56 13 8789.400
56 14 5262.200
56 15 8449.100
56 16 2577.300
56 17 2987.300
56 18 6051.800
56 19 1212.600
56 20 3497.300
56 21 9645.400
56 22 5377.200
56 23 9757.600
56 24 7902.400
56 25 6811.100
56 26 7206.000
56 27 2811.600
56 28 3837.000
56 29 7958.400
56 30 7789.600
56 31 9652.700
56 32 10765.400
56 33 7108.700
56 34 8009.400
56 35 7702.300
56 36 6211.600
56 37 3119.100
56 38 1825.200
56 39 4744.200
56 40 9308.000
56 41 3953.400
56 42 4441.600
56 43 7679.200
56 44 2071.900
56 45 8127.200
56 46 4397.200
56 47 1523.800
56 48 7101.200
56 49 8728.900
56 50 4338.500
56 51 4795.300
56 52 7895.900
56 53 4081.200
56 54 5084.600
56 55 2324.400
56 56 0.000
56 57 8898.500
56 58 5174.400
56 59 4574.000
56 60 5454.600
56 61 9095.600
56 62 3731.800
56 63 3331.600
56 64 5040.100
56 65 9276.500
56 66 9177.600
56 67 3992.300
56 68 10508.200
56 69 4490.800
56 70 9300.400
56 71 3750.600
56 72 9808.500
56 73 5642.700
56 74 5245.000
56 75 6879.100
56 76 5401.800
56 77 7767.300
56 78 5243.600
56 79 2907.800
56 80 9048.200
56 81 9458.600
56 82 5539.400
56 83 11608.500
56 84 2492.200
56 85 9288.100
56 86 5963.300
56 87 4794.300
56 88 5256.100
56 89 5679.300
56 90 5323.200
56 91 4538.800
56 92 8767.000
56 93 6402.600
56 94 2776.800
56 95 4114.900
56 96 925.700
56 97 9961.400
56 98 5858.000
56 99 8072.500
56 100 8355.200
57 0 6527.100
57 1 12363.400
57 2 13723.200
57 3 7502.200
57 4 4713.200
57 5 5516.300
57 6 11279.700
57 7 4355.200
57 8 3383.600
57 9 4908.200
57 10 9068.600
57 11 6694.400
57 12 7356.200
57 13 8228.700
57 14 3660.100
57 15 7259.800
57 16 6256.000
57 17 5892.300
57 18 5752.500
57 19 9538.200
57 20 10681.800
57 21 9330.100
57 22 9395.200
57 23 9572.200
57 24 2649.300
57 25 8109.800
57 26 1866.600
57 27 8909.700
57 28 7595.500
57 29 7643.100
57 30 7259.200
57 31 9174.600
57 32 10580.000
57 33 6793.400
57 34 947.100
57 35 4410.700
57 36 2826.500
57 37 6729.500
57 38 7183.600
57 39 8185.100
57 40 2053.700
57 41 10549.800
57 42 4501.600
57 43 4481.600
57 44 8516.500
57 45 3281.800
57 46 8891.800
57 47 8283.400
57 48 4258.800
57 49 807.000
57 50 9640.800
57 51 5443.700
57 52 1549.600
57 53 11265.700
57 54 12269.100
57 55 7349.500
57 56 8854.800
57 57 0.000
57 58 5520.100
57 59 7648.600
57 60 4726.400
57 61 8780.300
57 62 7230.900
57 63 8775.200
57 64 13772.200
57 65 2268.500
57 66 8862.300
57 67 4365.500
57 68 9947.500
57 69 10307.100
57 70 7449.000
57 71 10935.100
57 72 910.000
57 73 12664.200
57 74 7856.700
57 75 2132.100
57 76 3280.500
57 77 5515.800
57 78 4358.000
57 79 7938.000
57 80 4461.200
57 81 2204.400
57 82 4459.900
57 83 6630.300
57 84 9704.000
57 85 8972.800
57 86 9551.700
57 87 5234.000
57 88 10859.000
57 89 7000.000
57 90 11122.900
57 91 6745.200
57 92 7864.800
57 93 4272.700
57 94 7806.900
57 95 11330.200
57 96 7932.600
57 97 9592.100
57 98 4123.500
57 99 11672.700
57 100 2180.800
58 0 2862.700
58 1 8699.000
58 2 8855.200
58 3 2644.200
58 4 3588.200
58 5 2843.400
58 6 7615.400
58 7 1649.700
58 8 2011.900
58 9 3386.600
58 10 4193.600
58 11 5535.400
58 12 2498.100
58 13 3616.000
58 14 5514.800
58 15 3275.800
58 16 3778.600
58 17 4001.800
58 18 877.500
58 19 5595.400
58 20 7017.400
58 21 4472.100
58 22 4520.200
58 23 4697.200
58 24 7676.200
58 25 3234.800
58 26 3848.000
58 27 5489.700
58 28 5474.400
58 29 2785.100
58 30 2384.100
58 31 4479.400
58 32 5705.000
58 33 1935.300
58 34 5118.500
58 35 8703.600
58 36 3828.100
58 37 4320.400
58 38 3519.200
58 39 4134.800
58 40 7080.600
58 41 5674.800
58 42 4736.600
58 43 2505.800
58 44 4680.100
58 45 8308.800
58 46 5227.400
58 47 4619.100
58 48 6169.800
58 49 5834.000
58 50 4765.800
58 51 2179.800
58 52 4115.900
58 53 6561.000
58 54 8604.700
58 55 3439.400
58 56 4912.100
58 57 5351.000
58 58 0.000
58 59 6211.400
58 60 2112.500
58 61 3922.200
58 62 5341.800
58 63 4968.900
58 64 8904.200
58 65 5096.700
58 66 4004.300
58 67 4224.700
58 68 5334.800
58 69 5432.100
58 70 4127.000
58 71 7270.700
58 72 6261.000
58 73 7796.200
58 74 2781.300
58 75 7183.900
58 76 4911.600
58 77 2594.000
58 78 2891.900
58 79 4273.600
58 80 4076.300
58 81 7231.300
58 82 1429.500
58 83 6435.200
58 84 6039.600
58 85 4114.800
58 86 4676.700
58 87 1478.900
58 88 5984.000
58 89 1924.500
58 90 6247.900
58 91 3080.800
58 92 3593.600
58 93 2108.800
58 94 4142.500
58 95 7665.800
58 96 3989.900
58 97 4788.000
58 98 5367.800
58 99 6804.700
58 100 7207.700
59 0 5658.300
59 1 8001.900
59 2 9705.200
59 3 9176.000
59 4 9582.300
59 5 5168.700
59 6 6887.500
59 7 7427.400
59 8 7219.600
59 9 5386.300
59 10 8881.300
59 11 2462.600
59 12 9030.000
59 13 10147.900
59 14 5525.000
59 15 9807.600
59 16 3883.500
59 17 4693.700
59 18 7410.300
59 19 2300.200
59 20 6320.300
59 21 11003.900
59 22 8200.200
59 23 11230.000
59 24 6253.400
59 25 9634.100
59 26 7129.700
59 27 1450.300
59 28 1442.200
59 29 9316.900
59 30 8917.000
59 31 11011.200
59 32 12237.900
59 33 8467.200
59 34 7328.400
59 35 5842.900
59 36 6468.600
59 37 3432.800
59 38 4648.200
59 39 7567.200
59 40 7951.000
59 41 6776.400
59 42 4452.000
59 43 8500.000
59 44 3286.500
59 45 6478.300
59 46 7220.200
59 47 4346.800
59 48 7198.100
59 49 7967.100
59 50 7161.500
59 51 6153.800
59 52 7789.900
59 53 6904.200
59 54 7907.600
59 55 4056.400
59 56 3234.600
59 57 8198.800
59 58 6532.900
59 59 0.000
59 60 6169.700
59 61 10454.100
59 62 3558.700
59 63 2621.900
59 64 7863.100
59 65 9170.500
59 66 10536.100
59 67 5071.700
59 68 11866.700
59 69 7313.800
59 70 10658.900
59 71 6573.600
59 72 9108.800
59 73 8465.700
59 74 6603.500
59 75 6130.000
59 76 6055.300
59 77 8588.100
59 78 5841.800
59 79 5793.300
59 80 9305.300
59 81 8696.900
59 82 6897.900
59 83 12384.300
59 84 5315.200
59 85 10646.600
59 86 8786.300
59 87 6152.800
59 88 8079.100
59 89 7789.200
59 90 8146.200
59 91 5876.400
59 92 10125.500
59 93 7000.800
59 94 5662.300
59 95 6937.900
59 96 4197.700
59 97 11319.900
59 98 5988.300
59 99 10895.500
59 100 6997.400
60 0 2974.700
60 1 8811.000
60 2 10514.400
60 3 4569.600
60 4 3866.600
60 5 1811.700
60 6 7727.400
60 7 1711.700
60 8 1924.000
60 9 1419.100
60 10 6403.500
60 11 3567.900
60 12 4423.600
60 13 5541.500
60 14 3642.400
60 15 4922.300
60 16 2703.700
60 17 2034.300
60 18 3087.400
60 19 5680.200
60 20 7129.500
60 21 6397.500
60 22 6730.200
60 23 6907.100
60 24 5902.700
60 25 5444.700
60 26 2904.100
60 27 5529.900
60 28 4472.300
60 29 4710.600
60 30 4594.100
60 31 6404.800
60 32 7914.900
60 33 3860.800
60 34 4182.600
60 35 6831.200
60 36 2549.400
60 37 3177.100
60 38 3631.300
60 39 4585.900
60 40 7000.200
60 41 6645.200
60 42 2864.200
60 43 2784.300
60 44 4659.900
60 45 6127.600
60 46 5339.400
60 47 4731.100
60 48 4207.200
60 49 5753.500
60 50 6975.700
60 51 1025.400
60 52 3210.200
60 53 7713.300
60 54 8716.700
60 55 3491.500
60 56 4996.800
60 57 4727.400
60 58 1926.500
60 59 5363.700
60 60 0.000
60 61 5847.700
60 62 3374.300
60 63 5009.200
60 64 8672.200
60 65 4590.800
60 66 5929.800
60 67 2352.300
60 68 7260.300
60 69 8122.900
60 70 5439.600
60 71 7382.700
60 72 5637.400
60 73 9274.800
60 74 3232.400
60 75 4879.400
60 76 3039.200
60 77 2872.400
60 78 924.400
60 79 4385.600
60 80 4009.700
60 81 7150.800
60 82 878.400
60 83 6713.600
60 84 6151.600
60 85 6040.300
60 86 6886.600
60 87 679.200
60 88 8193.900
60 89 4418.100
60 90 8955.400
60 91 3192.800
60 92 5527.300
60 93 1263.200
60 94 4254.500
60 95 7777.800
60 96 4074.600
60 97 6713.500
60 98 3495.400
60 99 9014.700
60 100 6355.500
61 0 5390.700
61 1 11227.000
61 2 11162.400
61 3 909.000
61 4 3874.600
61 5 5371.400
61 6 10143.400
61 7 4232.500
61 8 4594.700
61 9 5969.400
61 10 6500.800
61 11 8118.200
61 12 1448.100
61 13 1397.600
61 14 8097.600
61 15 1603.300
61 16 6306.600
61 17 6584.600
61 18 3184.600
61 19 8123.500
61 20 9063.900
61 21 1851.000
61 22 6827.400
61 23 2792.600
61 24 10259.100
61 25 5542.000
61 26 6430.900
61 27 8017.700
61 28 8002.400
61 29 1319.900
61 30 4806.000
61 31 1858.300
61 32 3800.400
61 33 2248.200
61 34 7701.300
61 35 11286.400
61 36 6410.900
61 37 6848.400
61 38 6047.300
61 39 5617.300
61 40 9663.400
61 41 7981.900
61 42 7319.400
61 43 4622.700
61 44 7208.200
61 45 10891.600
61 46 7755.400
61 47 7147.100
61 48 8752.600
61 49 8416.800
61 50 7073.000
61 51 4707.800
61 52 6698.700
61 53 8868.100
61 54 11132.700
61 55 5967.500
61 56 7440.100
61 57 7933.800
61 58 4034.200
61 59 8739.400
61 60 4695.300
61 61 0.000
61 62 8111.400
61 63 7497.000
61 64 11211.400
61 65 6962.500
61 66 877.700
61 67 6807.500
61 68 2619.300
61 69 7739.300
61 70 2331.200
61 71 9798.700
61 72 8843.800
61 73 10103.400
61 74 5309.300
61 75 9766.800
61 76 7494.400
61 77 2850.000
61 78 5474.700
61 79 6801.600
61 80 6659.100
61 81 9814.100
61 82 4012.300
61 83 5045.700
61 84 8567.600
61 85 1493.800
61 86 6711.400
61 87 4151.100
61 88 8291.200
61 89 4452.600
61 90 8555.100
61 91 5608.800
61 92 1797.800
61 93 4691.600
61 94 6670.600
61 95 10193.800
61 96 6517.900
61 97 2167.000
61 98 7950.600
61 99 9111.900
61 100 9790.500
62 0 4251.400
62 1 9073.300
62 2 10776.600
62 3 7799.100
62 4 6828.600
62 5 3240.600
62 6 7958.800
62 7 4673.700
62 8 4589.400
62 9 2632.500
62 10 8233.800
62 11 807.700
62 12 7653.000
62 13 8770.900
62 14 3567.100
62 15 7884.200
62 16 2726.000
62 17 1749.800
62 18 6049.300
62 19 4102.300
62 20 7391.700
62 21 9627.000
62 22 9271.600
62 23 9869.100
62 24 4793.100
62 25 8406.700
62 26 4832.800
62 27 3864.600
62 28 1712.100
62 29 7940.000
62 30 7556.000
62 31 9634.300
62 32 10876.900
62 33 7090.300
62 34 5636.300
62 35 4382.500
62 36 3838.400
62 37 2452.300
62 38 4908.000
62 39 6827.700
62 40 6490.600
62 41 7847.700
62 42 2156.400
62 43 5746.200
62 44 2779.500
62 45 5017.900
62 46 6616.100
62 47 5418.100
62 48 5260.000
62 49 6019.800
62 50 8232.900
62 51 3168.100
62 52 5522.700
62 53 7975.600
62 54 8979.000
62 55 3207.000
62 56 4306.000
62 57 6358.200
62 58 5233.400
62 59 2603.500
62 60 3415.900
62 61 9077.100
62 62 0.000
62 63 3128.800
62 64 8934.500
62 65 6903.400
62 66 9159.200
62 67 2317.900
62 68 10489.700
62 69 8385.200
62 70 8401.600
62 71 7645.000
62 72 7268.200
62 73 9537.100
62 74 5474.200
62 75 4170.000
62 76 3706.600
62 77 5834.400
62 78 3088.000
62 79 5662.300
62 80 6675.100
62 81 6749.500
62 82 4173.200
62 83 9675.600
62 84 6386.600
62 85 9269.700
62 86 9857.700
62 87 4073.600
62 88 9150.500
62 89 6659.900
62 90 9217.600
62 91 4469.500
62 92 8489.300
62 93 4247.000
62 94 5531.200
62 95 8009.300
62 96 3790.100
62 97 9942.900
62 98 4162.800
62 99 11976.600
62 100 5537.000
63 0 4401.900
63 1 8323.800
63 2 10027.100
63 3 7919.600
63 4 8953.000
63 5 3912.300
63 6 7209.400
63 7 6798.100
63 8 6734.600
63 9 4757.000
63 10 9203.200
63 11 2261.200
63 12 7773.500
63 13 8891.400
63 14 5712.300
63 15 8551.200
63 16 2627.100
63 17 3437.300
63 18 6153.900
63 19 3352.800
63 20 6642.300
63 21 9747.500
63 22 8522.200
63 23 9973.600
63 24 6823.700
63 25 8511.200
63 26 6978.000
63 27 3238.800
63 28 1240.700
63 29 8060.500
63 30 7660.600
63 31 9754.800
63 32 10981.500
63 33 7210.800
63 34 7898.700
63 35 6413.100
63 36 5983.600
63 37 2176.400
63 38 4170.800
63 39 6700.500
63 40 8521.200
63 41 7098.300
63 42 5022.200
63 43 7870.600
63 44 2030.100
63 45 7048.600
63 46 5895.700
63 47 4668.700
63 48 7768.300
63 49 8537.400
63 50 7483.500
63 51 4897.400
63 52 7667.900
63 53 7226.100
63 54 8229.500
63 55 2800.000
63 56 3556.500
63 57 8769.000
63 58 5276.400
63 59 1977.700
63 60 5540.300
63 61 9197.600
63 62 2302.300
63 63 0.000
63 64 8185.000
63 65 9048.600
63 66 9279.700
63 67 4442.300
63 68 10610.200
63 69 7635.700
63 70 9402.500
63 71 6895.500
63 72 9679.100
63 73 8787.600
63 74 5347.100
63 75 6700.200
63 76 5851.800
63 77 7958.800
63 78 5212.400
63 79 4941.900
63 80 8820.300
63 81 9267.100
63 82 5641.500
63 83 11800.000
63 84 5637.100
63 85 9390.200
63 86 9108.200
63 87 4896.400
63 88 8401.100
63 89 6532.800
63 90 8468.200
63 91 4620.000
63 92 8869.000
63 93 6371.500
63 94 4810.800
63 95 7259.800
63 96 3346.300
63 97 10063.400
63 98 6308.000
63 99 12081.200
63 100 7567.600
64 0 6032.400
64 1 3119.200
64 2 2309.900
64 3 9965.100
64 4 11125.500
64 5 7073.100
64 6 2961.800
64 7 8970.600
64 8 9332.800
64 9 8054.000
64 10 4578.300
64 11 8243.700
64 12 9819.100
64 13 10429.000
64 14 10346.400
64 15 10596.700
64 16 7808.900
64 17 8218.800
64 18 7933.800
64 19 5501.100
64 20 2466.000
64 21 8963.600
64 22 3110.400
64 23 8483.300
64 24 12606.700
64 25 5331.100
64 26 10468.900
64 27 7100.100
64 28 8125.400
64 29 9297.300
64 30 6309.600
64 31 10889.700
64 32 9491.100
64 33 9256.300
64 34 11272.300
64 35 13535.200
64 36 9474.400
64 37 7848.000
64 38 5088.100
64 39 4981.200
64 40 14401.600
64 41 4475.800
64 42 9553.400
64 43 9826.800
64 44 6360.400
64 45 12831.500
64 46 4634.200
64 47 4511.100
64 48 11052.500
64 49 13154.900
64 50 3727.600
64 51 8058.200
64 52 11436.800
64 53 1568.600
64 54 2230.500
64 55 7469.700
64 56 4987.700
64 57 12161.400
64 58 8437.300
64 59 8862.400
64 60 8717.500
64 61 10802.900
64 62 8020.300
64 63 7620.000
64 64 0.000
64 65 12417.700
64 66 10080.100
64 67 9039.100
64 68 11650.700
64 69 2223.900
64 70 11362.600
64 71 2746.200
64 72 13071.400
64 73 1164.500
64 74 7440.100
64 75 11583.400
64 76 9743.200
64 77 10131.300
64 78 8506.500
64 79 4224.700
64 80 11397.200
64 81 14552.200
64 82 8750.500
64 83 14085.800
64 84 2318.900
64 85 10525.100
64 86 4942.300
64 87 8057.200
64 88 2989.300
64 89 6186.200
64 90 3056.400
64 91 6012.900
64 92 10829.200
64 93 9429.700
64 94 5460.200
64 95 2747.700
64 96 5713.800
64 97 10067.100
64 98 10199.400
64 99 5830.800
64 100 13059.500
65 0 6910.100
65 1 12746.300
65 2 13127.500
65 3 6906.500
65 4 3548.300
65 5 5899.300
65 6 11662.700
65 7 3759.500
65 8 2787.900
65 9 5291.200
65 10 8473.000
65 11 7457.000
65 12 6760.500
65 13 6024.700
65 14 4744.600
65 15 5891.700
65 16 6639.000
65 17 5924.900
65 18 5156.800
65 19 9570.800
65 20 11064.800
65 21 7392.900
65 22 8799.600
65 23 8334.500
65 24 4395.000
65 25 7514.100
65 26 2023.900
65 27 9959.800
65 28 8361.500
65 29 7047.500
65 30 6663.500
65 31 6970.700
65 32 9342.300
65 33 6197.700
65 34 2481.000
65 35 5997.700
65 36 3281.000
65 37 7112.500
65 38 7566.600
65 39 7589.500
65 40 4304.200
65 41 9954.100
65 42 5470.300
65 43 3885.900
65 44 8549.100
65 45 5023.100
65 46 9274.800
65 47 8666.400
65 48 4641.800
65 49 3057.500
65 50 9045.200
65 51 5485.000
65 52 1375.400
65 53 10840.300
65 54 12652.100
65 55 7382.100
65 56 8887.400
65 57 2576.300
65 58 5289.200
65 59 8698.700
65 60 4528.500
65 61 7221.800
65 62 7263.400
65 63 8898.300
65 64 13176.500
65 65 0.000
65 66 7782.900
65 67 4958.400
65 68 7743.500
65 69 9711.500
65 70 5245.100
65 71 11318.100
65 72 3486.300
65 73 12068.500
65 74 7261.100
65 75 3723.400
65 76 3663.500
65 77 4920.200
65 78 4300.800
65 79 8320.900
65 80 3865.500
65 81 4092.600
65 82 4229.000
65 83 4426.400
65 84 10087.000
65 85 6913.800
65 86 8956.000
65 87 5003.200
65 88 10263.400
65 89 6404.300
65 90 10527.300
65 91 7128.200
65 92 6496.700
65 93 4041.800
65 94 8189.900
65 95 11713.200
65 96 7965.200
65 97 7388.200
65 98 4597.600
65 99 11077.000
65 100 4431.300
66 0 5968.500
66 1 11804.800
66 2 11740.200
66 3 1486.700
66 4 4452.400
66 5 5949.200
66 6 10721.100
66 7 4810.200
66 8 5172.500
66 9 6547.200
66 10 6251.500
66 11 8696.000
66 12 2025.900
66 13 1589.100
66 14 8675.400
66 15 2181.100
66 16 6884.400
66 17 7162.300
66 18 3762.400
66 19 8701.200
66 20 9112.700
66 21 1058.300
66 22 6876.200
66 23 1999.800
66 24 10836.800
66 25 5590.700
66 26 7008.600
66 27 8595.500
66 28 8580.200
66 29 1367.800
66 30 4013.200
66 31 2049.900
66 32 3007.700
66 33 2825.900
66 34 8279.100
66 35 11864.200
66 36 6988.700
66 37 7426.200
66 38 6625.000
66 39 5788.900
66 40 10241.200
66 41 8030.700
66 42 7897.200
66 43 5200.400
66 44 7785.900
66 45 11469.300
66 46 8333.200
66 47 7724.900
66 48 9330.400
66 49 8994.500
66 50 7121.700
66 51 5285.600
66 52 7276.400
66 53 8916.900
66 54 11710.500
66 55 6545.200
66 56 8017.900
66 57 8511.500
66 58 4612.000
66 59 9317.200
66 60 5273.100
66 61 729.300
66 62 8689.100
66 63 8074.700
66 64 10488.300
66 65 7162.800
66 66 0.000
66 67 7385.300
66 68 2810.800
66 69 7788.100
66 70 2522.800
66 71 10376.500
66 72 9421.600
66 73 9380.300
66 74 5887.100
66 75 10344.500
66 76 8072.200
66 77 3427.800
66 78 6052.500
66 79 7379.400
66 80 7236.900
66 81 10391.800
66 82 4590.100
66 83 5246.000
66 84 9145.400
66 85 1685.300
66 86 5918.600
66 87 4728.900
66 88 7421.700
66 89 5631.500
66 90 8603.800
66 91 6186.600
66 92 1989.400
66 93 5269.300
66 94 7248.300
66 95 10771.600
66 96 7095.700
66 97 2358.500
66 98 8528.400
66 99 9689.700
66 100 10368.300
67 0 2714.900
67 1 8551.200
67 2 10254.500
67 3 6262.500
67 4 5292.100
67 5 1704.100
67 6 7467.500
67 7 3137.100
67 8 2905.000
67 9 1096.000
67 10 6697.300
67 11 2516.100
67 12 6116.500
67 13 7234.400
67 14 2135.500
67 15 6347.700
67 16 2033.800
67 17 984.000
67 18 4512.800
67 19 4629.900
67 20 6869.600
67 21 8090.400
67 22 8749.500
67 23 8332.500
67 24 4775.600
67 25 6870.100
67 26 3148.500
67 27 4478.200
67 28 3420.600
67 29 6403.500
67 30 6019.500
67 31 8097.700
67 32 9340.400
67 33 5553.700
67 34 3951.900
67 35 4485.800
67 36 2154.100
67 37 2507.200
67 38 3371.400
67 39 5291.100
67 40 6181.300
67 41 6385.400
67 42 1225.100
67 43 4209.700
67 44 3608.200
67 45 5000.500
67 46 5079.600
67 47 4471.200
67 48 3712.600
67 49 5602.200
67 50 6799.700
67 51 1631.500
67 52 3838.400
67 53 7453.500
67 54 8456.900
67 55 2441.100
67 56 3946.500
67 57 4841.000
67 58 3696.900
67 59 4312.000
67 60 1879.400
67 61 7540.600
67 62 2322.500
67 63 3957.400
67 64 8412.400
67 65 5219.000
67 66 7622.700
67 67 0.000
67 68 8953.200
67 69 7863.100
67 70 6865.000
67 71 7122.900
67 72 5751.000
67 73 9015.000
67 74 3937.700
67 75 3752.400
67 76 2275.100
67 77 4297.800
67 78 1551.500
67 79 4125.800
67 80 4990.700
67 81 6331.900
67 82 2636.700
67 83 8139.000
67 84 5891.800
67 85 7733.200
67 86 8312.000
67 87 2537.100
67 88 8628.400
67 89 5123.400
67 90 8695.500
67 91 2933.000
67 92 6952.700
67 93 2710.500
67 94 3994.700
67 95 7518.000
67 96 3024.300
67 97 8406.400
67 98 2731.300
67 99 10440.100
67 100 5228.500
68 0 7877.900
68 1 13714.200
68 2 13649.600
68 3 3396.100
68 4 6235.100
68 5 7858.600
68 6 12630.600
68 7 6719.600
68 8 7081.900
68 9 8456.600
68 10 7763.400
68 11 10605.400
68 12 3935.300
68 13 2025.700
68 14 10584.800
68 15 3311.300
68 16 8793.800
68 17 9071.800
68 18 5671.800
68 19 10610.700
68 20 10624.600
68 21 2570.200
68 22 8388.100
68 23 3511.800
68 24 11662.200
68 25 7102.600
68 26 8918.000
68 27 10504.900
68 28 10489.600
68 29 3304.400
68 30 5525.100
68 31 642.100
68 32 2470.100
68 33 4735.300
68 34 9748.200
68 35 13773.600
68 36 8898.100
68 37 9335.600
68 38 8534.500
68 39 7300.800
68 40 12150.600
68 41 9542.600
68 42 9806.600
68 43 6983.100
68 44 9695.300
68 45 12290.400
68 46 8557.800
68 47 9634.300
68 48 11239.800
68 49 10903.900
68 50 8633.600
68 51 7195.000
68 52 8642.600
68 53 10428.800
68 54 13619.900
68 55 8454.600
68 56 9927.300
68 57 9843.500
68 58 6521.400
68 59 11226.600
68 60 7182.500
68 61 2522.300
68 62 10598.500
68 63 9984.100
68 64 12000.200
68 65 7267.300
68 66 2862.200
68 67 9294.700
68 68 0.000
68 69 9300.000
68 70 2627.200
68 71 12285.900
68 72 10839.300
68 73 10892.200
68 74 7796.500
68 75 10990.700
68 76 9981.600
68 77 5210.500
68 78 7961.900
68 79 9288.800
68 80 9648.100
68 81 10633.200
68 82 6499.500
68 83 5350.400
68 84 11054.800
68 85 1308.700
68 86 7430.500
68 87 6638.300
68 88 8933.600
68 89 7143.400
68 90 10115.800
68 91 8096.000
68 92 2629.500
68 93 7178.700
68 94 9157.700
68 95 12681.000
68 96 9005.100
68 97 1398.200
68 98 10437.800
68 99 11599.100
68 100 12277.700
69 0 6580.100
69 1 5639.000
69 2 4723.800
69 3 7741.200
69 4 8901.600
69 5 7890.400
69 6 6275.900
69 7 6746.700
69 8 7108.900
69 9 8871.300
69 10 2354.400
69 11 9061.000
69 12 7595.100
69 13 8205.000
69 14 11163.700
69 15 8372.800
69 16 8626.200
69 17 9036.100
69 18 5709.900
69 19 6318.400
69 20 2790.400
69 21 6739.700
69 22 886.500
69 23 6259.400
69 24 12773.200
69 25 3107.100
69 26 8945.000
69 27 7917.400
69 28 8942.700
69 29 7073.300
69 30 4085.600
69 31 8665.800
69 32 7267.200
69 33 7032.300
69 34 10215.500
69 35 14352.500
69 36 8925.100
69 37 8665.300
69 38 5905.400
69 39 3690.500
69 40 12177.600
69 41 2955.000
69 42 10370.700
69 43 7602.800
69 44 7177.700
69 45 13405.800
69 46 5181.900
69 47 5328.400
69 48 11869.800
69 49 10931.000
69 50 2046.000
69 51 7222.000
69 52 9212.900
69 53 2594.700
69 54 5544.700
69 55 8287.000
69 56 5805.000
69 57 10448.000
69 58 6548.400
69 59 9679.800
69 60 7209.500
69 61 8578.900
69 62 8837.600
69 63 8437.300
69 64 3532.300
69 65 10193.700
69 66 7856.100
69 67 9856.400
69 68 9426.700
69 69 0.000
69 70 9138.700
69 71 4210.700
69 72 11358.000
69 73 2424.300
69 74 5216.200
69 75 12280.900
69 76 10560.500
69 77 7907.300
69 78 7988.900
69 79 4772.400
69 80 9173.300
69 81 12328.300
69 82 6526.500
69 83 11861.900
69 84 3783.400
69 85 8301.200
69 86 2718.300
69 87 6665.300
69 88 811.000
69 89 3962.300
69 90 1074.900
69 91 6560.600
69 92 8605.300
69 93 7205.800
69 94 6007.900
69 95 5461.700
69 96 6531.100
69 97 7843.200
69 98 11016.700
69 99 4853.100
69 100 12304.700
70 0 6631.800
70 1 12468.100
70 2 12403.500
70 3 2150.100
70 4 4093.000
70 5 6612.500
70 6 11384.500
70 7 4812.100
70 8 6165.800
70 9 6686.300
70 10 7341.100
70 11 8835.100
70 12 2689.200
70 13 779.700
70 14 9668.700
70 15 2065.200
70 16 7547.700
70 17 7301.500
70 18 4425.700
70 19 9364.600
70 20 10202.200
70 21 2147.800
70 22 7965.700
70 23 3089.400
70 24 9520.200
70 25 6680.300
70 26 7149.100
70 27 9258.800
70 28 9243.500
70 29 2976.200
70 30 5102.800
70 31 1725.600
70 32 4097.300
70 33 3489.300
70 34 7606.200
70 35 11122.900
70 36 7082.900
70 37 8089.500
70 38 7288.400
70 39 6878.500
70 40 9429.400
70 41 9120.300
70 42 8890.500
70 43 4841.100
70 44 8449.300
70 45 10148.300
70 46 8135.500
70 47 8388.200
70 48 9424.600
70 49 8182.700
70 50 8211.300
70 51 5948.900
70 52 6500.600
70 53 10006.500
70 54 12373.800
70 55 7208.600
70 56 8681.200
70 57 7701.500
70 58 5275.400
70 59 9980.500
70 60 5648.300
70 61 1976.700
70 62 8641.500
70 63 8738.100
70 64 11577.900
70 65 5125.200
70 66 2537.800
70 67 8378.600
70 68 2498.500
70 69 8877.600
70 70 0.000
70 71 11039.800
70 72 8697.300
70 73 10469.900
70 74 6550.400
70 75 8848.600
70 76 9065.500
70 77 3068.400
70 78 6191.600
70 79 8042.700
70 80 7506.000
70 81 8491.100
70 82 5267.400
70 83 3208.300
70 84 9808.700
70 85 1668.700
70 86 7008.200
70 87 5392.200
70 88 8511.300
70 89 6721.100
70 90 9693.400
70 91 6849.900
70 92 1383.400
70 93 5408.500
70 94 7911.700
70 95 11434.900
70 96 7759.000
70 97 2143.100
70 98 9521.700
70 99 10353.000
70 100 9556.500
71 0 4739.400
71 1 2455.300
71 2 4158.600
71 3 9787.400
71 4 10731.400
71 5 5780.100
71 6 3092.200
71 7 8799.100
71 8 8932.400
71 9 6761.000
71 10 4869.800
71 11 6950.600
71 12 9641.400
71 13 10514.800
71 14 9053.400
71 15 10419.000
71 16 6515.900
71 17 6925.800
71 18 8021.700
71 19 4208.100
71 20 2308.800
71 21 9049.400
71 22 4188.700
71 23 8569.100
71 24 11313.700
71 25 5622.600
71 26 9175.800
71 27 5807.100
71 28 6832.400
71 29 9928.300
71 30 6601.100
71 31 10975.500
71 32 9576.900
71 33 9078.600
71 34 9979.300
71 35 12242.200
71 36 8181.400
71 37 6555.000
71 38 3795.100
71 39 3688.200
71 40 12719.300
71 41 2897.300
71 42 8260.400
71 43 9649.100
71 44 5067.400
71 45 11538.500
71 46 3341.200
71 47 3218.100
71 48 9759.500
71 49 12978.200
71 50 3150.000
71 51 6765.200
71 52 9865.800
71 53 2892.700
71 54 2361.000
71 55 6176.700
71 56 3694.700
71 57 10868.400
71 58 7144.200
71 59 7569.400
71 60 7424.500
71 61 10888.700
71 62 6727.300
71 63 6327.000
71 64 2772.700
71 65 11246.400
71 66 10165.900
71 67 7746.100
71 68 12391.300
71 69 3302.300
71 70 11270.300
71 71 0.000
71 72 11778.400
71 73 2882.800
71 74 5434.000
71 75 10290.400
71 76 8450.200
71 77 9737.200
71 78 7213.500
71 79 2931.700
71 80 11018.100
71 81 12869.900
71 82 7509.300
71 83 13578.400
71 84 1025.900
71 85 10610.900
71 86 4774.800
71 87 6764.200
71 88 4067.600
71 89 4623.200
71 90 4134.700
71 91 4719.900
71 92 10736.800
71 93 8372.500
71 94 4167.200
71 95 2278.000
71 96 4420.800
71 97 10152.900
71 98 8906.400
71 99 7679.600
71 100 11766.500
72 0 7649.400
72 1 13485.600
72 2 15712.100
72 3 9491.100
72 4 5737.800
72 5 6638.600
72 6 12402.000
72 7 5379.700
72 8 4408.100
72 9 6030.500
72 10 11057.500
72 11 7207.700
72 12 9345.100
72 13 8677.700
72 14 4184.900
72 15 8544.600
72 16 7466.800
72 17 6417.000
72 18 7741.400
72 19 10062.900
72 20 11804.100
72 21 10045.900
72 22 11384.100
72 23 10987.400
72 24 3173.000
72 25 10098.700
72 26 2988.900
72 27 9423.000
72 28 8108.800
72 29 9632.000
72 30 9248.100
72 31 9623.600
72 32 11995.300
72 33 8782.300
72 34 2069.400
72 35 4929.900
72 36 3948.800
72 37 7940.300
72 38 8305.900
72 39 10174.100
72 40 2524.100
72 41 12538.700
72 42 5026.300
72 43 5506.100
72 44 9041.200
72 45 3801.100
72 46 10014.100
72 47 9405.700
72 48 5858.000
72 49 2053.300
72 50 11629.700
72 51 6566.000
72 52 2671.900
72 53 13424.900
72 54 13391.400
72 55 7874.200
72 56 9379.600
72 57 1454.900
72 58 6642.400
72 59 8161.900
72 60 5848.700
72 61 9874.700
72 62 7755.600
72 63 9288.500
72 64 15761.100
72 65 3293.100
72 66 10851.300
72 67 5487.800
72 68 10396.500
72 69 12296.000
72 70 7898.000
72 71 12057.400
72 72 0.000
72 73 14653.100
72 74 9845.600
72 75 2680.700
72 76 4715.100
72 77 6540.400
72 78 5480.300
72 79 9060.200
72 80 5485.800
72 81 1217.800
72 82 5582.100
72 83 7079.300
72 84 10826.300
72 85 9566.700
72 86 11540.600
72 87 6356.300
72 88 12847.900
72 89 8988.900
72 90 13111.800
72 91 7867.500
72 92 9149.600
72 93 5394.900
72 94 8929.200
72 95 12452.500
72 96 8457.300
72 97 10041.100
72 98 4648.200
72 99 13661.600
72 100 2651.100
73 0 6109.300
73 1 4251.300
73 2 3264.700
73 3 9090.200
73 4 10250.700
73 5 7023.900
73 6 3837.400
73 7 8095.700
73 8 8458.000
73 9 8004.800
73 10 3703.400
73 11 8194.400
73 12 8944.200
73 13 9554.100
73 14 10297.100
73 15 9721.800
73 16 7759.600
73 17 8169.600
73 18 7058.900
73 19 5451.800
73 20 1923.900
73 21 8088.800
73 22 2235.600
73 23 7608.400
73 24 12557.400
73 25 4456.200
73 26 10294.100
73 27 7050.800
73 28 8076.200
73 29 8422.400
73 30 5434.700
73 31 10014.900
73 32 8616.300
73 33 8381.400
73 34 11223.000
73 35 13485.900
73 36 9425.200
73 37 7798.700
73 38 5038.800
73 39 5039.600
73 40 13526.700
73 41 3600.900
73 42 9504.100
73 43 8951.900
73 44 6311.100
73 45 12782.300
73 46 4711.000
73 47 4461.900
73 48 11003.200
73 49 12280.000
73 50 2852.700
73 51 8009.000
73 52 10562.000
73 53 1026.500
73 54 3106.100
73 55 7420.500
73 56 4938.500
73 57 11797.000
73 58 7897.500
73 59 8813.200
73 60 8558.600
73 61 9928.000
73 62 7971.000
73 63 7570.800
73 64 1108.000
73 65 11542.800
73 66 9205.200
73 67 8989.900
73 68 10775.800
73 69 1349.100
73 70 10487.800
73 71 2823.000
73 72 12707.100
73 73 0.000
73 74 6565.300
73 75 11534.200
73 76 9694.000
73 77 9256.400
73 78 8457.200
73 79 4301.600
73 80 10522.400
73 81 13677.400
73 82 7875.600
73 83 13210.900
73 84 2395.800
73 85 9650.300
73 86 4067.400
73 87 8014.400
73 88 2114.500
73 89 5311.400
73 90 2181.600
73 91 6089.800
73 92 9954.300
73 93 8554.800
73 94 5537.000
73 95 4074.000
73 96 5664.500
73 97 9192.300
73 98 10150.200
73 99 6202.100
73 100 13653.800
74 0 1772.200
74 1 7608.400
74 2 9311.800
74 3 5760.100
74 4 6704.100
74 5 1752.800
74 6 6524.800
74 7 4766.600
74 8 5128.800
74 9 3010.500
74 10 2861.800
74 11 5159.000
74 12 5614.100
74 13 6732.000
74 14 5377.400
74 15 6391.700
74 16 3689.400
74 17 3491.000
74 18 3994.400
74 19 4876.200
74 20 5926.900
74 21 6000.600
74 22 4396.000
74 23 5520.300
74 24 7637.600
74 25 4020.100
74 26 5344.800
74 27 5798.900
74 28 5783.600
74 29 5901.000
74 30 3207.200
74 31 7595.300
74 32 6528.100
74 33 5051.300
74 34 6148.200
74 35 8566.200
74 36 4350.400
74 37 4162.900
74 38 2428.700
74 39 1745.800
74 40 10197.600
74 41 4751.400
74 42 4584.300
74 43 5621.800
74 44 4553.000
74 45 7862.500
74 46 3131.100
74 47 3528.500
74 48 5952.700
74 49 8950.900
74 50 4641.600
74 51 2737.900
74 52 6392.100
74 53 6510.700
74 54 7514.200
74 55 3748.700
74 56 4362.800
74 57 7037.300
74 58 3116.900
74 59 6520.600
74 60 3397.200
74 61 7038.100
74 62 4965.400
74 63 5278.200
74 64 7469.700
74 65 7772.800
74 66 7120.200
74 67 4070.100
74 68 8450.800
74 69 5307.900
74 70 7243.000
74 71 6180.200
74 72 7947.400
74 73 8072.300
74 74 0.000
74 75 6614.400
74 76 4774.200
74 77 5709.900
74 78 3362.500
74 79 3183.000
74 80 7191.700
74 81 10348.200
74 82 3482.000
74 83 9551.100
74 84 4949.100
74 85 7230.700
74 86 4552.500
74 87 2736.900
74 88 5859.800
74 89 1352.200
74 90 6123.700
74 91 1990.300
74 92 6709.500
74 93 4399.600
74 94 3052.000
74 95 6575.300
74 96 3310.300
74 97 7104.100
74 98 5230.400
74 99 6687.200
74 100 8090.500
75 0 5797.200
75 1 11633.500
75 2 13336.900
75 3 9769.600
75 4 6077.200
75 5 4786.500
75 6 10549.900
75 7 6003.300
75 8 4710.600
75 9 4178.400
75 10 11336.100
75 11 4562.300
75 12 9623.600
75 13 9634.300
75 14 1528.100
75 15 9213.900
75 16 4810.000
75 17 3760.200
75 18 8019.900
75 19 7406.100
75 20 9952.000
75 21 11597.500
75 22 11662.700
75 23 11839.600
75 24 1016.500
75 25 10377.200
75 26 2710.600
75 27 6777.600
75 28 5463.400
75 29 9910.600
75 30 9526.600
75 31 10580.200
75 32 12847.500
75 33 9060.800
75 34 1198.400
75 35 2274.200
75 36 3065.600
75 37 5283.500
75 38 6453.800
75 39 8373.500
75 40 2514.600
75 41 9467.700
75 42 2369.500
75 43 6142.800
75 44 6384.400
75 45 1927.200
75 46 8161.900
75 47 7553.600
75 48 3201.200
75 49 1935.500
75 50 9882.100
75 51 4713.900
75 52 2293.500
75 53 10535.800
75 54 11539.200
75 55 5217.400
75 56 6722.800
75 57 2068.800
75 58 6568.100
75 59 5516.600
75 60 4818.800
75 61 11047.700
75 62 5098.800
75 63 6643.200
75 64 11494.700
75 65 3674.100
75 66 11129.800
75 67 3593.600
75 68 11353.100
75 69 10945.400
75 70 8854.600
75 71 10205.300
75 72 2978.800
75 73 12097.400
75 74 7020.000
75 75 0.000
75 76 2058.400
75 77 7164.000
75 78 4450.400
75 79 7208.100
75 80 6796.300
75 81 2665.300
75 82 5507.900
75 83 8035.900
75 84 8974.100
75 85 11240.300
75 86 11819.100
75 87 5476.500
75 88 11710.800
75 89 8205.700
75 90 11777.900
75 91 6015.300
75 92 9818.900
75 93 4692.000
75 94 7077.100
75 95 10600.300
75 96 5800.600
75 97 11913.500
75 98 1991.400
75 99 13940.100
75 100 1575.500
76 0 3738.900
76 1 9575.200
76 2 11278.500
76 3 7105.100
76 4 4974.600
76 5 2728.100
76 6 8491.500
76 7 3945.000
76 8 2652.200
76 9 2120.000
76 10 7721.300
76 11 3940.200
76 12 6959.100
76 13 8077.000
76 14 1224.100
76 15 7155.600
76 16 3467.800
76 17 2408.100
76 18 5355.400
76 19 6054.000
76 20 7893.600
76 21 8933.000
76 22 9773.500
76 23 9175.100
76 24 3484.400
76 25 7712.700
76 26 1816.500
76 27 6439.300
76 28 5125.100
76 29 7246.000
76 30 6862.000
76 31 8940.300
76 32 10182.900
76 33 6396.300
76 34 2550.000
76 35 4412.900
76 36 1007.300
76 37 3941.300
76 38 4395.400
76 39 6315.100
76 40 4890.000
76 41 7409.400
76 42 2102.000
76 43 4084.400
76 44 5032.300
76 45 3709.300
76 46 6103.600
76 47 5495.200
76 48 2224.600
76 49 4246.100
76 50 7823.700
76 51 2655.500
76 52 2476.700
76 53 8477.500
76 54 9480.900
76 55 3865.300
76 56 5370.600
76 57 3439.100
76 58 4509.700
76 59 5178.200
76 60 2760.400
76 61 8383.100
76 62 3746.700
76 63 5381.500
76 64 9436.400
76 65 3857.400
76 66 8465.200
76 67 1577.300
76 68 9795.800
76 69 8887.100
76 70 7672.900
76 71 8146.900
76 72 4349.100
76 73 10039.000
76 74 4961.700
76 75 2461.100
76 76 0.000
76 77 5105.700
76 78 2392.000
76 79 5149.800
76 80 4737.900
76 81 5040.700
76 82 3449.500
76 83 7816.900
76 84 6915.800
76 85 8575.700
76 86 9154.600
76 87 3418.100
76 88 9652.400
76 89 6147.400
76 90 9719.600
76 91 3957.000
76 92 7760.600
76 93 2633.700
76 94 5018.700
76 95 8542.000
76 96 4448.400
76 97 9249.000
76 98 1077.100
76 99 11275.600
76 100 3937.200
77 0 5173.500
77 1 11009.800
77 2 11060.100
77 3 3540.100
77 4 1571.300
77 5 4010.500
77 6 9926.100
77 7 1743.700
77 8 2222.700
77 9 3617.900
77 10 6398.500
77 11 5766.600
77 12 3394.100
77 13 3924.000
77 14 5725.600
77 15 2627.000
77 16 4902.400
77 17 4233.000
77 18 3082.300
77 19 7879.000
77 20 8961.600
77 21 5292.200
77 22 6725.100
77 23 6233.800
77 24 7894.500
77 25 5439.600
77 26 4026.400
77 27 7728.700
77 28 6671.100
77 29 3681.100
77 30 4589.000
77 31 4869.900
77 32 7241.600
77 33 2831.300
77 34 5304.900
77 35 8914.400
77 36 4014.400
77 37 5375.900
77 38 5830.000
77 39 5515.000
77 40 7298.900
77 41 7879.600
77 42 4947.400
77 43 1772.600
77 44 6858.700
77 45 8527.000
77 46 7538.200
77 47 6929.800
77 48 6356.200
77 49 6052.200
77 50 6970.600
77 51 3536.300
77 52 4332.500
77 53 8765.800
77 54 10915.500
77 55 5690.200
77 56 7195.600
77 57 5561.800
77 58 3259.200
77 59 7562.500
77 60 2579.900
77 61 4920.300
77 62 5573.100
77 63 7207.900
77 64 11109.100
77 65 5307.500
77 66 4900.300
77 67 4435.500
77 68 5642.800
77 69 7637.000
77 70 3144.300
77 71 9581.500
77 72 6471.800
77 73 10001.100
77 74 5186.500
77 75 7402.200
77 76 5122.400
77 77 0.000
77 78 3123.100
77 79 6584.300
77 80 4287.100
77 81 7449.500
77 82 2199.000
77 83 4418.300
77 84 8350.400
77 85 4813.100
77 86 6881.500
77 87 2973.100
77 88 8188.900
77 89 4329.800
77 90 8452.800
77 91 5391.600
77 92 3232.000
77 93 2340.000
77 94 6453.300
77 95 9976.600
77 96 6273.400
77 97 5287.400
77 98 5578.600
77 99 9009.600
77 100 7425.900
78 0 3183.800
78 1 9020.100
78 2 10723.500
78 3 5306.500
78 4 4336.100
78 5 2020.800
78 6 7936.500
78 7 2181.100
78 8 1694.400
78 9 1628.200
78 10 6873.000
78 11 3777.000
78 12 5160.500
78 13 6278.400
78 14 2712.500
78 15 5391.700
78 16 2912.800
78 17 2388.900
78 18 3556.800
78 19 6034.800
78 20 7338.600
78 21 7134.400
78 22 7199.600
78 23 7376.500
78 24 4972.800
78 25 5914.100
78 26 2720.000
78 27 5739.100
78 28 4681.400
78 29 5447.500
78 30 5063.500
78 31 7141.700
78 32 8384.400
78 33 4597.700
78 34 3417.300
78 35 5901.300
78 36 1619.500
78 37 3386.200
78 38 3840.400
78 39 5487.700
78 40 6770.600
78 41 6854.300
78 42 1934.300
78 43 3253.700
78 44 4869.000
78 45 5197.600
78 46 5548.500
78 47 4940.200
78 48 3277.300
78 49 5523.900
78 50 7445.200
78 51 1546.700
78 52 3026.100
78 53 7922.400
78 54 8925.800
78 55 3846.000
78 56 5351.400
78 57 4306.400
78 58 2740.900
78 59 5730.600
78 60 923.400
78 61 6584.600
78 62 3583.400
78 63 5218.300
78 64 8881.300
78 65 4406.700
78 66 6666.700
78 67 1422.400
78 68 7997.200
78 69 8332.000
78 70 5909.000
78 71 7591.800
78 72 5216.400
78 73 9484.000
78 74 4134.300
78 75 3949.500
78 76 2109.300
78 77 3341.800
78 78 0.000
78 79 4594.700
78 80 3780.100
78 81 6921.200
78 82 1680.700
78 83 6859.100
78 84 6360.700
78 85 6777.200
78 86 7356.000
78 87 1581.100
78 88 8663.400
78 89 5320.000
78 90 9164.500
78 91 3401.900
78 92 5996.700
78 93 1033.600
78 94 4463.700
78 95 7986.900
78 96 4429.200
78 97 7450.400
78 98 2565.500
78 99 9484.100
78 100 5425.600
79 0 1830.100
79 1 4593.700
79 2 6297.100
79 3 6822.500
79 4 7766.600
79 5 2815.200
79 6 5540.600
79 7 5834.200
79 8 5967.500
79 9 3796.100
79 10 4416.100
79 11 5076.800
79 12 6676.500
79 13 7794.400
79 14 5958.600
79 15 7454.100
79 16 3273.600
79 17 3683.600
79 18 5056.800
79 19 3556.400
79 20 2594.800
79 21 8595.700
79 22 4139.100
79 23 8115.400
79 24 8348.800
79 25 5168.800
79 26 6211.000
79 27 4973.900
79 28 4958.600
79 29 6963.400
79 30 6147.300
79 31 8657.700
79 32 9123.200
79 33 6113.700
79 34 7014.400
79 35 9277.300
79 36 5216.600
79 37 3815.400
79 38 1442.200
79 39 3012.800
79 40 9754.400
79 41 2282.000
79 42 5295.500
79 43 6684.200
79 44 3193.500
79 45 8573.700
79 46 1336.400
79 47 1733.500
79 48 6794.600
79 49 10013.300
79 50 2696.300
79 51 3800.300
79 52 6900.900
79 53 3178.700
79 54 4499.400
79 55 3020.800
79 56 2873.100
79 57 7903.500
79 58 4179.400
79 59 5695.600
79 60 4459.600
79 61 8100.600
79 62 4853.500
79 63 4453.200
79 64 4454.900
79 65 8281.500
79 66 8182.600
79 67 4781.200
79 68 9513.200
79 69 3802.900
79 70 8305.400
79 71 3165.400
79 72 8813.500
79 73 4954.800
79 74 4250.000
79 75 7325.500
79 76 5485.300
79 77 6772.300
79 78 4248.600
79 79 0.000
79 80 8053.200
79 81 9905.100
79 82 4544.400
79 83 10613.500
79 84 3087.500
79 85 8293.100
79 86 4321.000
79 87 3799.300
79 88 4568.300
79 89 3947.900
79 90 4635.400
79 91 1810.500
79 92 7772.000
79 93 5407.600
79 94 1257.800
79 95 4416.500
79 96 1950.800
79 97 8966.400
79 98 5941.500
79 99 6430.300
79 100 8801.600
80 0 13131.800
80 1 18968.000
80 2 19057.900
80 3 10398.700
80 4 8437.000
80 5 12121.000
80 6 17884.400
80 7 9689.800
80 8 8757.300
80 9 11512.900
80 10 14403.300
80 11 13468.800
80 12 10937.900
80 13 9028.300
80 14 12260.300
80 15 8895.300
80 16 12860.700
80 17 11936.600
80 18 11087.200
80 19 15582.500
80 20 16966.400
80 21 10396.500
80 22 14729.900
80 23 11338.100
80 24 12087.000
80 25 13444.500
80 26 9715.900
80 27 15430.800
80 28 14373.200
80 29 11224.800
80 30 12593.900
80 31 9974.300
80 32 12345.900
80 33 12128.100
80 34 10173.000
80 35 13689.700
80 36 10573.500
80 37 13334.200
80 38 13788.300
80 39 13519.800
80 40 11996.200
80 41 15884.500
80 42 11482.000
80 43 9035.400
80 44 14560.800
80 45 12715.100
80 46 15496.500
80 47 14888.100
80 48 12825.100
80 49 10749.500
80 50 14975.500
80 51 11496.700
80 52 9067.400
80 53 16770.700
80 54 18873.800
80 55 13393.800
80 56 14899.200
80 57 10268.300
80 58 11246.300
80 59 15278.300
80 60 10540.300
80 61 10225.400
80 62 13275.200
80 63 14910.100
80 64 19106.900
80 65 7692.000
80 66 10786.500
80 67 10970.200
80 68 10747.100
80 69 15641.800
80 70 8248.700
80 71 17539.800
80 72 11264.100
80 73 17998.900
80 74 13191.400
80 75 11415.400
80 76 11657.100
80 77 9433.800
80 78 10312.600
80 79 14542.600
80 80 0.000
80 81 11057.900
80 82 10186.000
80 83 8072.300
80 84 16308.700
80 85 9917.400
80 86 14886.400
80 87 10960.200
80 88 16193.700
80 89 12334.700
80 90 16457.600
80 91 13349.900
80 92 9500.300
80 93 10053.600
80 94 14411.600
80 95 17934.900
80 96 13976.900
80 97 10391.800
80 98 12113.300
80 99 17007.400
80 100 12123.300
81 0 8595.800
81 1 14432.000
81 2 15903.100
81 3 9682.100
81 4 6846.500
81 5 7585.000
81 6 13348.400
81 7 6542.600
81 8 5571.000
81 9 6976.900
81 10 11248.600
81 11 7349.400
81 12 9536.100
81 13 9322.900
81 14 4326.600
81 15 9189.800
81 16 7608.500
81 17 6558.700
81 18 7932.400
81 19 10204.600
81 20 12750.500
81 21 11510.000
81 22 11575.200
81 23 11752.100
81 24 3053.900
81 25 10289.700
81 26 4321.600
81 27 9564.700
81 28 8250.500
81 29 9823.100
81 30 9439.100
81 31 10268.800
81 32 12760.000
81 33 8973.300
81 34 3402.000
81 35 4736.200
81 36 5281.500
81 37 8082.000
81 38 9252.300
81 39 10365.100
81 40 2379.300
81 41 12729.700
81 42 5168.000
81 43 6669.000
81 44 9182.900
81 45 3607.400
81 46 10960.500
81 47 10352.100
81 48 5999.700
81 49 2195.000
81 50 11820.700
81 51 7512.400
81 52 4004.600
81 53 13615.900
81 54 14337.800
81 55 8015.900
81 56 9521.300
81 57 2787.600
81 58 8099.000
81 59 8303.600
81 60 7354.000
81 61 10960.200
81 62 7897.300
81 63 9430.200
81 64 15952.100
81 65 4466.600
81 66 11042.300
81 67 6392.200
81 68 11041.700
81 69 12487.100
81 70 8543.200
81 71 13003.800
81 72 1621.800
81 73 14844.100
81 74 10036.600
81 75 2822.400
81 76 4856.900
81 77 7703.300
81 78 7126.300
81 79 10006.600
81 80 7249.800
81 81 0.000
81 82 7038.800
81 83 7724.500
81 84 11772.600
81 85 10211.900
81 86 11731.600
81 87 7813.000
81 88 13039.000
81 89 9179.900
81 90 13302.900
81 91 8813.900
81 92 10631.600
81 93 6867.300
81 94 9875.600
81 95 13398.900
81 96 8599.100
81 97 10686.300
81 98 4789.900
81 99 13852.600
81 100 2506.300
82 0 3391.400
82 1 9227.700
82 2 9915.500
82 3 3704.400
82 4 3443.900
82 5 2588.100
82 6 8144.100
82 7 1289.000
82 8 1623.900
82 9 2195.500
82 10 5253.800
82 11 4344.300
82 12 3558.400
82 13 4676.300
82 14 4329.100
82 15 4336.000
82 16 3480.100
82 17 2810.700
82 18 1937.700
82 19 6456.600
82 20 7546.200
82 21 5532.300
82 22 5580.500
82 23 5757.400
82 24 5796.500
82 25 4295.000
82 26 2604.100
82 27 6306.400
82 28 5248.700
82 29 3845.300
82 30 3444.400
82 31 5539.600
82 32 6765.300
82 33 2995.600
82 34 3882.500
82 35 7517.900
82 36 2592.100
82 37 3953.500
82 38 4048.000
82 39 4663.500
82 40 6700.100
82 41 6735.000
82 42 3550.900
82 43 2361.500
82 44 5436.300
82 45 6424.700
82 46 5756.100
82 47 5147.800
82 48 4933.800
82 49 5453.500
82 50 5826.000
82 51 1603.500
82 52 2910.200
82 53 7621.200
82 54 9133.400
82 55 4267.900
82 56 5773.300
82 57 4427.300
82 58 1060.200
82 59 6140.100
82 60 869.600
82 61 4982.400
82 62 4150.700
82 63 5785.600
82 64 9964.500
82 65 4290.800
82 66 5064.500
82 67 3039.100
82 68 6395.100
82 69 6492.400
82 70 5016.900
82 71 7799.400
82 72 5337.400
82 73 8856.400
82 74 3310.000
82 75 5125.000
82 76 3725.900
82 77 2449.700
82 78 1700.800
82 79 4802.300
82 80 3709.700
82 81 6850.800
82 82 0.000
82 83 6290.900
82 84 6568.300
82 85 5175.000
82 86 5736.900
82 87 756.900
82 88 7044.300
82 89 2984.800
82 90 7308.100
82 91 3609.500
82 92 4653.900
82 93 917.700
82 94 4671.300
82 95 8194.500
82 96 4851.000
82 97 5848.300
82 98 4182.200
82 99 7865.000
82 100 6827.200
83 0 9114.800
83 1 14951.000
83 2 15040.900
83 3 5100.000
83 4 4420.000
83 5 8104.000
83 6 13867.400
83 7 5672.800
83 8 4740.300
83 9 7495.900
83 10 10386.300
83 11 9451.800
83 12 5639.100
83 13 3729.600
83 14 8243.300
83 15 3596.500
83 16 8843.700
83 17 7919.600
83 18 7070.200
83 19 11565.500
83 20 12949.400
83 21 5097.800
83 22 10712.900
83 23 6039.300
83 24 8094.700
83 25 9427.500
83 26 5723.600
83 27 11413.800
83 28 10356.200
83 29 5926.100
83 30 8052.700
83 31 4675.500
83 32 7047.200
83 33 6439.200
83 34 6180.700
83 35 9697.400
83 36 6556.500
83 37 9317.200
83 38 9771.300
83 39 9502.800
83 40 8003.900
83 41 11867.500
83 42 7465.000
83 43 5018.400
83 44 10543.800
83 45 8722.900
83 46 11479.500
83 47 10871.100
83 48 8808.100
83 49 6757.300
83 50 10958.500
83 51 7479.700
83 52 5075.100
83 53 12753.700
83 54 14856.800
83 55 9376.800
83 56 10882.200
83 57 6276.000
83 58 7229.300
83 59 11261.300
83 60 6523.300
83 61 4926.600
83 62 9258.200
83 63 10893.100
83 64 15089.900
83 65 3699.700
83 66 5487.700
83 67 6953.200
83 68 5448.400
83 69 11624.800
83 70 2949.900
83 71 13522.800
83 72 7271.800
83 73 13981.900
83 74 9174.400
83 75 7423.200
83 76 7640.100
83 77 4135.000
83 78 6295.600
83 79 10525.600
83 80 6080.600
83 81 7065.600
83 82 6169.000
83 83 0.000
83 84 12291.700
83 85 4618.600
83 86 9958.100
83 87 6943.200
83 88 12176.700
83 89 8317.700
83 90 12440.600
83 91 9332.900
83 92 4201.500
83 93 6036.600
83 94 10394.600
83 95 13917.900
83 96 9959.900
83 97 5093.000
83 98 8096.300
83 99 12990.400
83 100 8131.000
84 0 4189.800
84 1 3313.500
84 2 5016.900
84 3 8570.000
84 4 9514.000
84 5 4562.700
84 6 3950.500
84 7 7581.700
84 8 7715.000
84 9 5543.600
84 10 4320.100
84 11 5733.200
84 12 8423.900
84 13 9965.100
84 14 7836.000
84 15 9201.600
84 16 5298.400
84 17 5708.400
84 18 6804.300
84 19 2990.600
84 20 1759.100
84 21 8499.800
84 22 3639.100
84 23 8019.400
84 24 10096.200
84 25 5072.900
84 26 7958.400
84 27 4589.600
84 28 5615.000
84 29 8710.900
84 30 6051.400
84 31 10425.800
84 32 9027.200
84 33 7861.100
84 34 8761.900
84 35 11024.800
84 36 6964.000
84 37 5337.500
84 38 2577.600
84 39 3138.500
84 40 11501.900
84 41 2347.600
84 42 7042.900
84 43 8431.600
84 44 3850.000
84 45 10321.100
84 46 2791.500
84 47 2000.700
84 48 8542.000
84 49 11760.800
84 50 2600.400
84 51 5547.800
84 52 8648.300
84 53 2343.000
84 54 3219.200
84 55 4959.300
84 56 2477.300
84 57 9651.000
84 58 5926.800
84 59 6352.000
84 60 6207.000
84 61 10339.000
84 62 5509.900
84 63 5109.600
84 64 3174.700
84 65 10029.000
84 66 9616.200
84 67 6528.700
84 68 11841.600
84 69 2752.600
84 70 10052.800
84 71 1885.200
84 72 10561.000
84 73 3904.500
84 74 4884.300
84 75 9073.000
84 76 7232.800
84 77 8519.800
84 78 5996.000
84 79 2382.000
84 80 9800.700
84 81 11652.500
84 82 6291.800
84 83 12361.000
84 84 0.000
84 85 10061.200
84 86 4225.100
84 87 5546.700
84 88 3518.000
84 89 4073.500
84 90 3585.100
84 91 4170.200
84 92 9519.400
84 93 7155.000
84 94 3617.500
84 95 3136.300
84 96 3203.300
84 97 9603.200
84 98 7689.000
84 99 6334.400
84 100 10549.100
85 0 6738.300
85 1 12430.800
85 2 11687.400
85 3 2256.600
85 4 5218.600
85 5 6719.000
85 6 11491.000
85 7 5580.100
85 8 5942.300
85 9 7317.000
85 10 6721.200
85 11 9465.800
85 12 2795.700
85 13 1009.300
85 14 9445.200
85 15 2188.200
85 16 7654.200
85 17 7932.200
85 18 4532.200
85 19 9471.100
85 20 9582.300
85 21 1527.900
85 22 7345.800
85 23 2469.500
85 24 10645.800
85 25 6060.400
85 26 7778.500
85 27 9365.300
85 28 9350.000
85 29 2262.100
85 30 4482.900
85 31 591.400
85 32 1895.800
85 33 3595.800
85 34 8731.800
85 35 12634.000
85 36 7758.500
85 37 8196.000
85 38 7394.900
85 39 6258.500
85 40 11011.000
85 41 8500.400
85 42 8667.000
85 43 5966.700
85 44 8555.800
85 45 12239.200
85 46 7515.500
85 47 8494.700
85 48 10100.200
85 49 9764.400
85 50 7591.400
85 51 6055.400
85 52 7626.200
85 53 9386.600
85 54 12336.500
85 55 7315.100
85 56 8787.700
85 57 8827.100
85 58 5381.900
85 59 10087.000
85 60 6042.900
85 61 1480.000
85 62 9459.000
85 63 8844.600
85 64 10958.000
85 65 6250.800
85 66 1820.000
85 67 8155.200
85 68 1399.200
85 69 8257.700
85 70 1610.800
85 71 11002.600
85 72 9822.900
85 73 9849.900
85 74 6656.900
85 75 9974.300
85 76 8842.000
85 77 4194.100
85 78 6822.300
85 79 8149.200
85 80 8631.700
85 81 9616.700
85 82 5360.000
85 83 4334.000
85 84 9915.200
85 85 0.000
85 86 6388.200
85 87 5498.700
85 88 7891.300
85 89 6101.200
85 90 9073.500
85 91 6956.400
85 92 1506.400
85 93 6039.200
85 94 8018.200
85 95 11541.400
85 96 7865.500
85 97 777.100
85 98 9298.200
85 99 9637.000
85 100 11138.100
86 0 6176.500
86 1 6481.900
86 2 5738.500
86 3 7029.500
86 4 8151.300
86 5 5932.600
86 6 7118.900
86 7 5996.400
86 8 6358.700
86 9 7733.400
86 10 1604.100
86 11 9903.900
86 12 7568.700
86 13 5879.100
86 14 9861.600
86 15 6961.100
86 16 7620.100
86 17 8030.100
86 18 4959.600
86 19 7161.300
86 20 3633.300
86 21 4413.800
86 22 1396.900
86 23 3933.400
86 24 12023.000
86 25 1406.200
86 26 8194.800
86 27 8760.300
86 28 9785.700
86 29 6275.400
86 30 3335.400
86 31 6339.800
86 32 4941.200
86 33 6282.100
86 34 9465.300
86 35 13050.400
86 36 8174.900
86 37 8161.900
86 38 5788.700
86 39 2940.300
86 40 11427.400
86 41 2551.400
86 42 9083.400
86 43 6852.600
86 44 8020.600
86 45 12655.500
86 46 4778.300
86 47 4842.000
86 48 10516.600
86 49 10180.700
86 50 1642.400
86 51 6471.800
86 52 8462.700
86 53 3437.600
86 54 6387.600
86 55 7367.200
86 56 6648.000
86 57 9697.700
86 58 5798.200
86 59 10522.700
86 60 6459.300
86 61 6253.000
86 62 9680.500
86 63 9280.200
86 64 5009.000
86 65 9443.500
86 66 5530.200
86 67 8571.500
86 68 7100.800
86 69 2308.800
86 70 6812.700
86 71 5053.600
86 72 10607.800
86 73 3901.000
86 74 4466.000
86 75 11530.700
86 76 9258.400
86 77 7157.100
86 78 7238.700
86 79 4368.800
86 80 8423.100
86 81 11578.100
86 82 5776.300
86 83 9535.900
86 84 4626.400
86 85 5975.300
86 86 0.000
86 87 5915.100
86 88 1803.900
86 89 3212.100
86 90 3124.500
86 91 6157.000
86 92 6279.300
86 93 6455.500
86 94 5604.300
86 95 6304.600
86 96 6297.300
86 97 5517.300
86 98 9714.600
86 99 3688.000
86 100 11554.500
87 0 2634.600
87 1 8470.900
87 2 10102.500
87 3 3890.400
87 4 4228.200
87 5 2004.100
87 6 7387.200
87 7 2073.300
87 8 2408.200
87 9 2079.400
87 10 5440.900
87 11 4228.200
87 12 3744.400
87 13 4862.300
87 14 4302.700
87 15 4522.000
87 16 2896.000
87 17 2694.600
87 18 2124.700
87 19 5367.300
87 20 6789.300
87 21 5718.300
87 22 5767.500
87 23 5944.400
87 24 6563.000
87 25 4482.000
87 26 3388.400
87 27 5261.600
87 28 5132.600
87 29 4031.300
87 30 3631.400
87 31 5725.600
87 32 6952.300
87 33 3181.600
87 34 4666.800
87 35 7491.500
87 36 3209.700
87 37 3369.500
87 38 3291.100
87 39 3906.600
87 40 7484.400
87 41 6305.100
87 42 3524.500
87 43 3145.800
87 44 4452.000
87 45 6787.900
87 46 4999.300
87 47 4390.900
87 48 4867.600
87 49 6237.700
87 50 6013.000
87 51 1019.000
87 52 3694.400
87 53 7373.200
87 54 8376.600
87 55 3211.300
87 56 4684.000
87 57 5211.600
87 58 1247.200
87 59 6024.000
87 60 660.300
87 61 5168.400
87 62 4034.600
87 63 4740.800
87 64 8332.100
87 65 5075.100
87 66 5250.500
87 67 3012.600
87 68 6581.100
87 69 6679.400
87 70 5373.300
87 71 7042.600
87 72 6121.600
87 73 8934.700
87 74 2553.200
87 75 5539.700
87 76 3699.500
87 77 3234.000
87 78 1584.700
87 79 4045.400
87 80 4494.000
87 81 7635.100
87 82 970.900
87 83 7075.200
87 84 5811.500
87 85 5361.000
87 86 5923.900
87 87 0.000
87 88 7231.300
87 89 3738.900
87 90 7495.200
87 91 2852.700
87 92 4839.800
87 93 1702.000
87 94 3914.400
87 95 7437.700
87 96 3761.700
87 97 6034.300
87 98 4155.700
87 99 8052.000
87 100 7015.800
88 0 8440.100
88 1 5678.100
88 2 4762.900
88 3 8377.000
88 4 9537.400
88 5 7929.600
88 6 6315.100
88 7 7382.500
88 8 7744.700
88 9 8910.500
88 10 2990.200
88 11 9100.100
88 12 8231.000
88 13 7766.500
88 14 11202.900
88 15 9008.600
88 16 8665.300
88 17 9075.300
88 18 6345.700
88 19 6357.600
88 20 2829.600
88 21 6301.200
88 22 1522.300
88 23 5820.800
88 24 13409.100
88 25 3065.600
88 26 9580.900
88 27 7956.600
88 28 8981.900
88 29 7709.200
88 30 4721.500
88 31 8227.200
88 32 6828.700
88 33 7668.200
88 34 10851.400
88 35 14391.700
88 36 9560.900
88 37 8704.500
88 38 5944.600
88 39 4326.400
88 40 12813.500
88 41 3590.900
88 42 10409.900
88 43 8238.700
88 44 7216.900
88 45 13688.000
88 46 6137.900
88 47 5367.600
88 48 11908.900
88 49 11566.800
88 50 2681.900
88 51 7857.900
88 52 9848.700
88 53 2633.900
88 54 5583.900
88 55 8326.200
88 56 5844.200
88 57 11083.800
88 58 7184.300
88 59 9718.900
88 60 7845.400
88 61 8140.400
88 62 8876.800
88 63 8476.500
88 64 3571.500
88 65 10829.600
88 66 7417.600
88 67 9895.600
88 68 8988.200
88 69 635.900
88 70 8700.100
88 71 4249.900
88 72 11993.800
88 73 2463.400
88 74 5852.100
88 75 12439.900
88 76 10599.700
88 77 8543.200
88 78 9362.900
88 79 5728.400
88 80 9809.200
88 81 12964.100
88 82 7162.400
88 83 11423.300
88 84 3822.600
88 85 7862.700
88 86 1780.000
88 87 7301.200
88 88 0.000
88 89 4598.200
88 90 1114.100
88 91 7516.600
88 92 8166.700
88 93 7841.600
88 94 6963.900
88 95 5500.900
88 96 6570.200
88 97 7404.700
88 98 11055.900
88 99 5178.100
88 100 12940.500
89 0 2919.000
89 1 6252.400
89 2 7483.800
89 3 4702.200
89 4 5862.600
89 5 2899.600
89 6 6889.400
89 7 3707.700
89 8 4070.000
89 9 4157.300
89 10 1608.000
89 11 6305.800
89 12 4556.200
89 13 5674.100
89 14 6524.200
89 15 5333.800
89 16 4836.200
89 17 4637.800
89 18 2670.900
89 19 6023.000
89 20 5458.900
89 21 4746.800
89 22 3142.200
89 23 4266.400
89 24 9734.300
89 25 2766.200
89 26 5906.100
89 27 6945.800
89 28 6930.400
89 29 4034.400
89 30 1953.400
89 31 6672.900
89 32 5274.300
89 33 3993.400
89 34 7176.600
89 35 9713.000
89 36 5886.200
89 37 5309.700
89 38 3575.500
89 39 1063.300
89 40 9138.700
89 41 3049.400
89 42 5731.200
89 43 4563.900
89 44 5699.800
89 45 10366.800
89 46 2320.300
89 47 4675.200
89 48 7099.500
89 49 7892.000
89 50 3387.800
89 51 3884.700
89 52 6174.000
89 53 5183.000
89 54 6158.100
89 55 4895.500
89 56 5509.600
89 57 7409.000
89 58 3509.500
89 59 7667.400
89 60 4170.600
89 61 5980.300
89 62 6112.200
89 63 6425.000
89 64 6113.600
89 65 7154.800
89 66 5863.200
89 67 5216.900
89 68 7433.800
89 69 4054.100
89 70 6185.100
89 71 4824.100
89 72 8319.100
89 73 5646.300
89 74 1352.900
89 75 7761.200
89 76 5921.000
89 77 4868.400
89 78 4509.300
89 79 3211.700
89 80 6134.400
89 81 9289.300
89 82 3487.600
89 83 8709.600
89 84 4746.100
89 85 6308.300
89 86 3298.700
89 87 3626.400
89 88 4606.000
89 89 0.000
89 90 4869.900
89 91 3137.100
89 92 5651.700
89 93 4166.800
89 94 4198.800
89 95 6075.100
89 96 4457.100
89 97 5850.300
89 98 6377.200
89 99 5433.400
89 100 9265.800
90 0 7899.000
90 1 5137.000
90 2 3653.400
90 3 9188.200
90 4 10348.600
90 5 7388.500
90 6 5774.000
90 7 8193.700
90 8 8555.900
90 9 8369.400
90 10 3801.400
90 11 8559.000
90 12 9042.200
90 13 10052.700
90 14 10661.800
90 15 9819.800
90 16 8124.200
90 17 8534.200
90 18 7156.900
90 19 5816.400
90 20 2288.500
90 21 8587.400
90 22 2333.500
90 23 8107.000
90 24 12922.100
90 25 4554.200
90 26 10784.200
90 27 7415.500
90 28 8440.800
90 29 8520.400
90 30 5532.700
90 31 10513.400
90 32 9114.900
90 33 8479.400
90 34 11587.700
90 35 13850.600
90 36 9789.800
90 37 8163.300
90 38 5403.500
90 39 5137.600
90 40 13624.700
90 41 3147.800
90 42 9868.700
90 43 9049.900
90 44 6675.800
90 45 13146.900
90 46 5596.800
90 47 4826.500
90 48 11367.800
90 49 12378.000
90 50 2399.600
90 51 8373.600
90 52 10659.900
90 53 2092.800
90 54 5042.800
90 55 7785.100
90 56 5303.100
90 57 12476.800
90 58 7995.500
90 59 9177.800
90 60 9032.900
90 61 10426.600
90 62 8335.700
90 63 7935.400
90 64 2461.900
90 65 11640.800
90 66 9703.800
90 67 9354.500
90 68 11274.400
90 69 1447.000
90 70 10986.400
90 71 3708.800
90 72 13386.800
90 73 1353.900
90 74 6663.200
90 75 11898.800
90 76 10058.600
90 77 9354.400
90 78 8821.800
90 79 5187.300
90 80 10620.300
90 81 13775.300
90 82 7973.600
90 83 13709.500
90 84 3281.500
90 85 10148.900
90 86 4165.400
90 87 8372.500
90 88 2212.400
90 89 5409.300
90 90 0.000
90 91 6975.500
90 92 10452.900
90 93 8652.800
90 94 6422.800
90 95 4959.800
90 96 6029.100
90 97 9690.900
90 98 10514.800
90 99 6300.100
90 100 13751.700
91 0 645.000
91 1 6381.900
91 2 8085.300
91 3 6691.500
91 4 7635.600
91 5 2684.200
91 6 5859.300
91 7 5703.200
91 8 5836.500
91 9 3665.100
91 10 3832.800
91 11 5373.400
91 12 6545.500
91 13 7663.400
91 14 5957.500
91 15 7323.100
91 16 3420.000
91 17 3829.900
91 18 4925.800
91 19 4210.700
91 20 5261.400
91 21 8519.400
91 22 5927.300
91 23 6693.700
91 24 8217.800
91 25 6957.000
91 26 6080.000
91 27 5131.100
91 28 5115.800
91 29 6832.400
91 30 4380.700
91 31 8526.700
91 32 7701.500
91 33 5982.700
91 34 6883.400
91 35 9146.300
91 36 5085.600
91 37 3961.800
91 38 1760.900
91 39 2496.600
91 40 9623.400
91 41 4070.200
91 42 5164.500
91 43 6553.200
91 44 3615.300
91 45 8442.700
91 46 2764.400
91 47 2860.700
91 48 6663.600
91 49 9882.300
91 50 4484.500
91 51 3669.300
91 52 6769.900
91 53 5845.300
91 54 6287.600
91 55 3080.800
91 56 3450.300
91 57 7772.500
91 58 4048.400
91 59 5852.800
91 60 4328.600
91 61 7969.500
91 62 5224.700
91 63 4610.300
91 64 6243.100
91 65 8150.500
91 66 8051.600
91 67 4650.200
91 68 9382.200
91 69 6254.800
91 70 8174.400
91 71 4953.600
91 72 8682.500
91 73 7406.800
91 74 2009.300
91 75 7194.500
91 76 5354.300
91 77 6641.300
91 78 4117.600
91 79 1810.500
91 80 7922.200
91 81 9774.100
91 82 4413.400
91 83 10482.500
91 84 4283.600
91 85 8162.100
91 86 6109.200
91 87 3668.300
91 88 7020.200
91 89 2682.500
91 90 7087.300
91 91 0.000
91 92 7641.000
91 93 5276.600
91 94 1294.200
91 95 5909.800
91 96 2372.600
91 97 8835.400
91 98 5810.500
91 99 8218.500
91 100 8670.600
92 0 6346.600
92 1 12182.900
92 2 12118.200
92 3 1864.800
92 4 3143.800
92 5 6327.200
92 6 11099.200
92 7 3862.900
92 8 4341.900
92 9 5737.100
92 10 7055.900
92 11 7885.800
92 12 2403.900
92 13 1006.500
92 14 7844.800
92 15 681.800
92 16 7262.500
92 17 6352.200
92 18 4140.500
92 19 9079.300
92 20 9917.000
92 21 1862.600
92 22 7680.500
92 23 2804.200
92 24 10013.700
92 25 6395.100
92 26 6145.600
92 27 8973.600
92 28 8958.200
92 29 2690.900
92 30 4817.600
92 31 1869.900
92 32 3812.000
92 33 3204.000
92 34 7424.100
92 35 11033.600
92 36 6133.600
92 37 7495.100
92 38 7003.100
92 39 6593.200
92 40 9418.100
92 41 8835.000
92 42 7066.600
92 43 3891.900
92 44 8164.000
92 45 10646.200
92 46 7850.200
92 47 8102.900
92 48 8475.400
92 49 8171.400
92 50 7926.100
92 51 5663.700
92 52 6451.700
92 53 9721.200
92 54 12088.600
92 55 6923.300
92 56 8396.000
92 57 7681.000
92 58 4990.100
92 59 9695.200
92 60 4699.100
92 61 1691.400
92 62 7692.300
92 63 8452.800
92 64 11292.600
92 65 6157.600
92 66 2154.700
92 67 6554.700
92 68 2725.300
92 69 8592.400
92 70 1517.600
92 71 10754.600
92 72 8591.000
92 73 10184.600
92 74 6265.200
92 75 9521.400
92 76 7241.600
92 77 2119.200
92 78 5242.300
92 79 7757.500
92 80 6406.300
92 81 9568.700
92 82 4318.200
92 83 4240.700
92 84 9523.500
92 85 1505.300
92 86 6722.900
92 87 5107.000
92 88 8226.000
92 89 6435.900
92 90 9408.200
92 91 6564.700
92 92 0.000
92 93 4459.200
92 94 7626.400
92 95 11149.700
92 96 7473.700
92 97 2178.500
92 98 7697.800
92 99 10067.800
92 100 9545.100
93 0 4283.000
93 1 10119.300
93 2 11397.100
93 3 5176.100
93 4 3582.900
93 5 3272.200
93 6 9035.600
93 7 1865.300
93 8 706.300
93 9 2664.100
93 10 6742.500
93 11 4620.000
93 12 5030.100
93 13 6148.000
93 14 3411.500
93 15 5075.900
93 16 4011.900
93 17 3087.800
93 18 3426.400
93 19 6733.800
93 20 8437.700
93 21 7004.000
93 22 7069.100
93 23 7246.100
93 24 4878.900
93 25 5783.700
93 26 1686.400
93 27 6582.100
93 28 5524.400
93 29 5317.000
93 30 4933.100
93 31 7011.300
93 32 8253.900
93 33 4467.300
93 34 2964.900
93 35 6600.300
93 36 1674.400
93 37 4485.400
93 38 4939.500
93 39 6255.900
93 40 5782.500
93 41 7953.500
93 42 2633.200
93 43 2155.500
93 44 5712.000
93 45 5507.000
93 46 6647.700
93 47 6039.300
93 48 4016.100
93 49 4535.800
93 50 7314.700
93 51 2647.900
93 52 1992.500
93 53 9021.600
93 54 10025.000
93 55 4545.000
93 56 6050.400
93 57 3509.700
93 58 2430.000
93 59 6429.600
93 60 1691.500
93 61 6454.200
93 62 4426.400
93 63 6061.300
93 64 9980.500
93 65 3373.100
93 66 6536.200
93 67 2121.400
93 68 7866.800
93 69 7981.000
93 70 5593.200
93 71 8691.000
93 72 4419.700
93 73 10338.100
93 74 4902.400
93 75 4207.300
93 76 2808.300
93 77 3026.000
93 78 1463.800
93 79 5693.800
93 80 2792.000
93 81 5933.100
93 82 1369.800
93 83 5871.000
93 84 7459.900
93 85 6646.700
93 86 7225.600
93 87 2349.200
93 88 8532.900
93 89 4354.600
93 90 8796.800
93 91 4501.100
93 92 5680.900
93 93 0.000
93 94 5562.800
93 95 9086.100
93 96 5128.200
93 97 7320.000
93 98 3264.500
93 99 9346.600
93 100 5909.500
94 0 1313.700
94 1 5829.200
94 2 7532.500
94 3 6691.500
94 4 7635.500
94 5 2684.200
94 6 5409.600
94 7 5703.200
94 8 5836.500
94 9 3665.100
94 10 5651.500
94 11 4945.800
94 12 6545.400
94 13 7663.300
94 14 5827.500
94 15 7323.100
94 16 3142.600
94 17 3552.600
94 18 4925.800
94 19 3425.400
94 20 3830.300
94 21 8519.400
94 22 5374.600
94 23 8745.500
94 24 8217.700
94 25 6404.300
94 26 6079.900
94 27 4842.900
94 28 4827.600
94 29 6832.400
94 30 6432.500
94 31 8526.700
94 32 9753.300
94 33 5982.700
94 34 6883.400
94 35 9146.300
94 36 5085.500
94 37 3684.400
94 38 1311.100
94 39 4248.300
94 40 9623.400
94 41 3517.400
94 42 5164.400
94 43 6553.100
94 44 3062.500
94 45 8442.600
94 46 2211.600
94 47 2410.900
94 48 6663.500
94 49 9882.300
94 50 3931.700
94 51 3669.300
94 52 6769.800
94 53 4414.100
94 54 5734.900
94 55 2889.700
94 56 2742.000
94 57 7772.500
94 58 4048.300
94 59 5564.600
94 60 4328.600
94 61 7969.500
94 62 4722.400
94 63 4322.100
94 64 5690.400
94 65 8150.500
94 66 8051.600
94 67 4650.200
94 68 9382.100
94 69 5038.300
94 70 8174.400
94 71 4400.900
94 72 8682.500
94 73 6190.300
94 74 4119.000
94 75 7194.500
94 76 5354.300
94 77 6641.300
94 78 4117.500
94 79 1257.800
94 80 7922.200
94 81 9774.000
94 82 4413.300
94 83 10482.500
94 84 3833.800
94 85 8162.100
94 86 5556.500
94 87 3668.200
94 88 5803.700
94 89 5183.300
94 90 5870.800
94 91 1294.200
94 92 7640.900
94 93 5276.600
94 94 0.000
94 95 5460.000
94 96 1819.800
94 97 8835.300
94 98 5810.500
94 99 7665.700
94 100 8670.600
95 0 6716.800
95 1 715.400
95 2 2829.400
95 3 10213.600
95 4 11157.600
95 5 6206.300
95 6 965.100
95 7 9225.300
95 8 9358.600
95 9 7187.200
95 10 6093.000
95 11 7355.400
95 12 10067.500
95 13 11185.400
95 14 9479.600
95 15 10845.200
95 16 6942.000
95 17 7352.000
95 18 8447.900
95 19 4612.900
95 20 3532.100
95 21 10272.700
95 22 5412.000
95 23 9792.300
95 24 11739.900
95 25 6845.800
95 26 9602.000
95 27 6103.600
95 28 7237.200
95 29 10354.500
95 30 7824.300
95 31 12048.800
95 32 10800.200
95 33 9504.800
95 34 10405.500
95 35 12668.400
95 36 8607.600
95 37 6959.800
95 38 4221.300
95 39 4911.400
95 40 13145.500
95 41 4120.500
95 42 8686.600
95 43 10075.300
95 44 5472.200
95 45 11964.700
95 46 4564.400
95 47 3867.200
95 48 10185.600
95 49 13404.400
95 50 4373.300
95 51 7191.400
95 52 10291.900
95 53 4115.900
95 54 1233.100
95 55 6602.900
95 56 4099.500
95 57 11294.600
95 58 7570.400
95 59 7974.200
95 60 7850.700
95 61 11491.600
95 62 7132.100
95 63 6731.800
95 64 2747.700
95 65 11672.600
95 66 11573.700
95 67 8172.300
95 68 12904.200
95 69 4525.500
95 70 11696.500
95 71 2276.600
95 72 12204.600
95 73 4106.000
95 74 7641.100
95 75 10716.600
95 76 8876.400
95 77 10163.400
95 78 7639.600
95 79 4154.900
95 80 11444.300
95 81 13296.100
95 82 7935.500
95 83 14004.600
95 84 2249.100
95 85 11684.200
95 86 5998.000
95 87 7190.400
95 88 5290.900
95 89 5846.400
95 90 5358.000
95 91 5943.100
95 92 11163.000
95 93 8798.700
95 94 5390.400
95 95 0.000
95 96 4846.900
95 97 11376.200
95 98 9332.600
95 99 6350.300
95 100 12192.700
96 0 2211.300
96 1 6101.100
96 2 7804.500
96 3 6518.400
96 4 7577.300
96 5 2511.100
96 6 4986.700
96 7 5422.400
96 8 5358.900
96 9 3381.300
96 10 6375.900
96 11 3272.900
96 12 6372.400
96 13 7490.200
96 14 4336.600
96 15 7150.000
96 16 1651.600
96 17 2061.600
96 18 4752.700
96 19 1752.500
96 20 4419.600
96 21 8346.300
96 22 6299.500
96 23 8572.400
96 24 6976.700
96 25 7110.000
96 26 5602.300
96 27 3170.000
96 28 3154.700
96 29 6659.300
96 30 6259.400
96 31 8353.600
96 32 9580.300
96 33 5809.600
96 34 6405.800
96 35 6776.600
96 36 4607.900
96 37 2193.400
96 38 1211.100
96 39 4972.700
96 40 8382.300
96 41 4241.800
96 42 3515.900
96 43 6494.900
96 44 1389.600
96 45 7201.600
96 46 2936.000
96 47 2310.900
96 48 6175.500
96 49 7803.200
96 50 4656.100
96 51 3496.200
96 52 6292.300
96 53 5003.400
96 54 6006.800
96 55 1398.800
96 56 922.200
96 57 7294.900
96 58 3875.200
96 59 3891.700
96 60 4164.600
96 61 7796.400
96 62 3049.500
96 63 2649.200
96 64 5962.300
96 65 7672.900
96 66 7878.500
96 67 3066.600
96 68 9209.000
96 69 5413.000
96 70 8001.300
96 71 4672.800
96 72 8204.900
96 73 6565.000
96 74 3945.900
96 75 5953.400
96 76 4476.100
96 77 6583.100
96 78 3836.800
96 79 1982.200
96 80 7444.600
96 81 8533.000
96 82 4240.300
96 83 10424.300
96 84 3414.400
96 85 7989.000
96 86 6280.900
96 87 3495.200
96 88 6178.400
96 89 5131.600
96 90 6245.500
96 91 2403.900
96 92 7467.800
96 93 4995.800
96 94 1851.100
96 95 5037.100
96 96 0.000
96 97 8662.200
96 98 4932.300
96 99 8390.100
96 100 7429.500
97 0 7408.500
97 1 12014.500
97 2 11271.100
97 3 2926.800
97 4 5888.800
97 5 7389.200
97 6 12161.200
97 7 6250.300
97 8 6612.500
97 9 7987.200
97 10 6304.900
97 11 10136.000
97 12 3465.900
97 13 1679.500
97 14 10115.400
97 15 2858.400
97 16 8324.400
97 17 8602.400
97 18 5202.400
97 19 10141.300
97 20 9166.000
97 21 2198.100
97 22 6929.500
97 23 2090.800
97 24 11316.000
97 25 5644.100
97 26 8448.700
97 27 10035.500
97 28 10020.200
97 29 2932.300
97 30 4066.600
97 31 922.900
97 32 1304.900
97 33 4266.000
97 34 9402.000
97 35 13304.200
97 36 8428.700
97 37 8866.200
97 38 8065.100
97 39 5842.200
97 40 11681.200
97 41 8084.000
97 42 9337.200
97 43 6636.900
97 44 9226.000
97 45 12909.400
97 46 7099.200
97 47 9164.900
97 48 10770.400
97 49 10434.600
97 50 7175.100
97 51 6725.600
97 52 8296.400
97 53 8970.300
97 54 11920.200
97 55 7985.300
97 56 9457.900
97 57 9497.300
97 58 6052.100
97 59 10757.200
97 60 6713.100
97 61 2150.200
97 62 10129.200
97 63 9514.800
97 64 10541.700
97 65 6921.000
97 66 2490.200
97 67 8825.400
97 68 1474.700
97 69 7841.400
97 70 2281.000
97 71 10586.300
97 72 10493.100
97 73 9433.600
97 74 6731.200
97 75 10644.500
97 76 9512.200
97 77 4864.300
97 78 7492.500
97 79 8819.400
97 80 9301.900
97 81 10286.900
97 82 6030.200
97 83 5004.200
97 84 10159.000
97 85 774.100
97 86 5971.900
97 87 6168.900
97 88 7475.000
97 89 5684.900
97 90 8657.200
97 91 7626.600
97 92 2176.600
97 93 6709.400
97 94 8688.400
97 95 11837.300
97 96 8535.700
97 97 0.000
97 98 9968.500
97 99 9220.600
97 100 11808.300
98 0 5070.100
98 1 10906.300
98 2 12609.700
98 3 8436.200
98 4 6305.800
98 5 4059.300
98 6 9822.700
98 7 5513.300
98 8 4147.300
98 9 3451.200
98 10 9052.500
98 11 3713.100
98 12 8290.200
98 13 9408.100
98 14 639.200
98 15 8723.800
98 16 3921.200
98 17 2871.400
98 18 6686.500
98 19 6517.300
98 20 9224.800
98 21 10264.200
98 22 11104.700
98 23 10506.200
98 24 2407.300
98 25 9043.900
98 26 2405.500
98 27 5928.400
98 28 4614.200
98 29 8577.200
98 30 8193.200
98 31 10271.500
98 32 11514.100
98 33 7727.400
98 34 2582.400
98 35 3037.300
98 36 2338.400
98 37 4394.700
98 38 5726.600
98 39 7646.300
98 40 3812.900
98 41 8740.600
98 42 1480.700
98 43 5415.600
98 44 5495.600
98 45 2632.100
98 46 7434.700
98 47 6826.400
98 48 2474.000
98 49 3233.800
98 50 9154.900
98 51 3986.700
98 52 3065.700
98 53 9808.600
98 54 10812.000
98 55 4328.600
98 56 5833.900
98 57 3572.200
98 58 5840.900
98 59 4667.300
98 60 4255.500
98 61 9714.300
98 62 4210.000
98 63 5793.900
98 64 10767.500
98 65 4446.400
98 66 9796.400
98 67 2704.800
98 68 11126.900
98 69 10218.200
98 70 9241.200
98 71 9478.100
98 72 4482.200
98 73 11370.200
98 74 6292.800
98 75 1384.000
98 76 1331.200
98 77 6674.000
98 78 3887.100
98 79 6480.900
98 80 6233.000
98 81 3963.500
98 82 4780.700
98 83 9311.900
98 84 8246.900
98 85 9906.900
98 86 10485.700
98 87 4913.200
98 88 10983.600
98 89 7478.500
98 90 11050.700
98 91 5288.200
98 92 9328.800
98 93 4128.700
98 94 6349.900
98 95 9873.200
98 96 4911.700
98 97 10580.100
98 98 0.000
98 99 12606.700
98 100 2860.100
99 0 8485.900
99 1 5724.000
99 2 3274.500
99 3 9224.100
99 4 10384.500
99 5 7975.400
99 6 4828.800
99 7 8229.600
99 8 8591.800
99 9 8956.300
99 10 3837.300
99 11 9146.000
99 12 9078.000
99 13 9687.900
99 14 11248.700
99 15 9855.700
99 16 8711.200
99 17 9121.100
99 18 7192.800
99 19 6403.400
99 20 2875.400
99 21 8222.600
99 22 2369.400
99 23 7742.300
99 24 13509.000
99 25 4590.100
99 26 10428.000
99 27 8002.400
99 28 9027.800
99 29 8556.200
99 30 5568.600
99 31 10148.700
99 32 8750.100
99 33 8515.300
99 34 12174.600
99 35 14437.500
99 36 10376.800
99 37 8750.300
99 38 5990.400
99 39 5173.400
99 40 13660.500
99 41 3734.800
99 42 10455.700
99 43 9085.800
99 44 7262.700
99 45 13733.900
99 46 6183.700
99 47 5413.400
99 48 11954.800
99 49 12413.900
99 50 2986.600
99 51 8960.500
99 52 10695.800
99 53 2018.000
99 54 4097.600
99 55 8372.000
99 56 5890.000
99 57 11930.900
99 58 8031.400
99 59 9764.800
99 60 8692.400
99 61 10061.800
99 62 8922.600
99 63 8522.300
99 64 2099.500
99 65 11676.600
99 66 9339.000
99 67 9941.400
99 68 10909.700
99 69 1482.900
99 70 10621.600
99 71 4295.700
99 72 12840.900
99 73 991.500
99 74 6699.100
99 75 12485.700
99 76 10645.500
99 77 9390.300
99 78 9408.800
99 79 5774.300
99 80 10656.200
99 81 13811.200
99 82 8009.500
99 83 13344.800
99 84 3868.500
99 85 9784.100
99 86 4201.300
99 87 8148.200
99 88 2248.300
99 89 5445.200
99 90 2315.400
99 91 7562.500
99 92 10088.200
99 93 8688.700
99 94 7009.700
99 95 5546.700
99 96 6616.100
99 97 9326.100
99 98 11101.700
99 99 0.000
99 100 13787.600
100 0 7265.600
100 1 13101.900
100 2 16135.500
100 3 9914.500
100 4 7143.600
100 5 6254.800
100 6 12018.300
100 7 6775.000
100 8 5803.400
100 9 5646.800
100 10 11480.900
100 11 5560.900
100 12 9768.500
100 13 10886.400
100 14 2996.500
100 15 9985.600
100 16 6278.400
100 17 5228.600
100 18 8164.800
100 19 8626.100
100 20 11420.400
100 21 11742.400
100 22 11807.600
100 23 11984.500
100 24 867.500
100 25 10522.100
100 26 3613.300
100 27 7776.200
100 28 6462.000
100 29 10055.500
100 30 9671.500
100 31 11749.700
100 32 12992.300
100 33 9205.700
100 34 2330.800
100 35 2292.300
100 36 4210.300
100 37 6751.900
100 38 7922.200
100 39 9841.900
100 40 933.200
100 41 10936.100
100 42 3837.900
100 43 6901.400
100 44 7081.500
100 45 1163.500
100 46 9630.300
100 47 9022.000
100 48 4669.500
100 49 2427.400
100 50 12053.100
100 51 6182.300
100 52 3309.000
100 53 12004.200
100 54 13007.600
100 55 6685.800
100 56 8191.200
100 57 2971.500
100 58 7145.500
100 59 6515.100
100 60 6110.200
100 61 11192.600
100 62 5795.900
100 63 7641.700
100 64 12963.100
100 65 4699.000
100 66 11274.700
100 67 5062.000
100 68 12605.200
100 69 12719.500
100 70 10502.900
100 71 11673.600
100 72 3321.900
100 73 15076.500
100 74 8488.400
100 75 1512.600
100 76 3526.700
100 77 7935.700
100 78 5741.800
100 79 8676.500
100 80 7482.200
100 81 2810.100
100 82 6085.200
100 83 9060.700
100 84 10442.500
100 85 11385.100
100 86 11964.000
100 87 6767.900
100 88 13271.400
100 89 9412.300
100 90 13535.200
100 91 7483.700
100 92 10864.000
100 93 5983.400
100 94 8545.500
100 95 12068.700
100 96 7268.900
100 97 12058.400
100 98 3459.800
100 99 14085.000
100 100 0.000
