# i j distance_m; Euclidean drone distance; depot 0 + customers 1..100
0 0 0.000
0 1 3898.628
0 2 6048.144
0 3 3917.389
0 4 4568.931
0 5 564.530
0 6 4865.389
0 7 2873.615
0 8 2976.051
0 9 1088.574
0 10 2989.242
0 11 2860.022
0 12 3310.148
0 13 5252.438
0 14 3338.581
0 15 4592.041
0 16 1332.501
0 17 1604.374
0 18 2224.554
0 19 2379.753
0 20 3470.727
0 21 5026.833
0 22 4125.758
0 23 5176.154
0 24 5275.566
0 25 3378.287
0 26 3615.764
0 27 2851.782
0 28 3212.125
0 29 3602.406
0 30 3224.839
0 31 5961.109
0 32 5772.853
0 33 3134.809
0 34 4454.785
0 35 5003.489
0 36 2785.084
0 37 1822.597
0 38 1195.502
0 39 2041.375
0 40 6468.080
0 41 3119.321
0 42 2662.416
0 43 3415.560
0 44 2102.578
0 45 5631.865
0 46 1353.332
0 47 2028.531
0 48 3982.661
0 49 5438.637
0 50 3789.298
0 51 1022.280
0 52 4171.742
0 53 3955.293
0 54 5114.548
0 55 512.785
0 56 1962.035
0 57 5221.995
0 58 2013.263
0 59 3592.788
0 60 1512.238
0 61 4481.571
0 62 2395.223
0 63 2656.853
0 64 4690.768
0 65 4853.943
0 66 4576.591
0 67 1914.667
0 68 6503.225
0 69 4539.803
0 70 5416.596
0 71 3849.077
0 72 6073.889
0 73 4710.544
0 74 951.400
0 75 4660.712
0 76 3172.390
0 77 3700.423
0 78 1844.606
0 79 1682.764
0 80 4893.635
0 81 6612.324
0 82 1893.157
0 83 5092.864
0 84 3114.030
0 85 5423.330
0 86 4270.497
0 87 1330.886
0 88 4768.038
0 89 1978.681
0 90 5164.805
0 91 382.846
0 92 4897.441
0 93 2461.550
0 94 1208.762
0 95 4395.682
0 96 1350.567
0 97 5929.242
0 98 3629.486
0 99 5531.036
0 100 5852.152
1 0 3898.628
1 1 0.000
1 2 2598.371
1 3 6813.111
1 4 8113.548
1 5 4438.533
1 6 1054.076
1 7 6511.975
1 8 6829.302
1 9 4891.410
1 10 3515.770
1 11 5275.812
1 12 6341.184
1 13 7996.376
1 14 6816.524
1 15 7793.840
1 16 4400.175
1 17 5033.918
1 18 5044.297
1 19 2862.563
1 20 1745.492
1 21 7216.642
1 22 3359.373
1 23 6996.061
1 24 8747.895
1 25 3956.274
1 26 7499.233
1 27 3687.979
1 28 4941.550
1 29 6335.089
1 30 5020.556
1 31 8425.510
1 32 7412.117
1 33 6451.769
1 34 8247.504
1 35 8204.986
1 36 6642.610
1 37 4451.033
1 38 2745.225
1 39 3643.254
1 40 10072.935
1 41 2726.859
1 42 6095.647
1 43 7117.811
1 44 3651.761
1 45 8990.520
1 46 3284.719
1 47 1874.020
1 48 7671.727
1 49 9196.325
1 50 2834.515
1 51 4920.699
1 52 8052.270
1 53 1993.537
1 54 1219.838
1 55 3913.165
1 56 2407.199
1 57 9059.682
1 58 5351.280
1 59 4749.522
1 60 5391.272
1 61 7273.222
1 62 5299.486
1 63 4326.185
1 64 1587.443
1 65 8734.899
1 66 6998.789
1 67 5636.117
1 68 8885.197
1 69 2912.240
1 70 8394.427
1 71 1334.775
1 72 9912.057
1 73 2282.789
1 74 4350.073
1 75 8257.455
1 76 6901.980
1 77 7184.672
1 78 5730.705
1 79 2379.520
1 80 8679.529
1 81 10362.110
1 82 5617.373
1 83 8537.735
1 84 1093.283
1 85 7900.148
1 86 4257.272
1 87 5085.726
1 88 3483.014
1 89 4215.011
1 90 3232.946
1 91 3838.388
1 92 7898.481
1 93 6333.050
1 94 2865.422
1 95 521.927
1 96 3037.591
1 97 8115.497
1 98 7226.696
1 99 3230.525
1 100 9421.923
2 0 6048.144
2 1 2598.371
2 2 0.000
2 3 7962.750
2 4 9617.546
2 5 6612.615
2 6 2450.505
2 7 8209.271
2 8 8742.302
2 9 7122.626
2 10 4335.916
2 11 7837.991
2 12 7640.239
2 13 8906.962
2 14 9227.384
2 15 9046.401
2 16 6823.005
2 17 7413.221
2 18 6462.131
2 19 5452.518
2 20 2682.463
2 21 7860.496
2 22 3365.835
2 23 7439.124
2 24 11181.939
2 25 4551.259
2 26 9629.432
2 27 6286.332
2 28 7537.134
2 29 7453.105
2 30 5899.582
2 31 9100.998
2 32 7672.304
2 33 7919.677
2 34 10502.525
2 35 10709.075
2 36 8827.621
2 37 6952.630
2 38 5048.662
2 39 4994.153
2 40 12459.151
2 41 3550.541
2 42 8507.236
2 43 8830.871
2 44 6218.787
2 45 11462.720
2 46 5024.270
2 47 4119.910
2 48 9999.897
2 49 11483.051
2 50 3118.345
2 51 7024.644
2 52 10185.182
2 53 2333.255
2 54 1810.874
2 55 6201.936
2 56 4931.475
2 57 11263.668
2 58 6980.703
2 59 7343.632
2 60 7415.775
2 61 8297.173
2 62 7801.344
2 63 6913.987
2 64 1362.118
2 65 10654.525
2 66 7822.419
2 67 7925.867
2 68 9458.776
2 69 2517.227
2 70 9431.453
2 71 2209.418
2 72 12113.289
2 73 1714.811
2 74 6204.547
2 75 10637.392
2 76 9200.505
2 77 8702.949
2 78 7874.613
2 79 4367.102
2 80 10418.751
2 81 12656.958
2 82 7461.165
2 83 9927.889
2 84 2956.038
2 85 8641.360
2 86 4301.449
2 87 7004.317
2 88 2958.619
2 89 5604.613
2 90 2257.683
2 91 5871.288
2 92 8997.103
2 93 8300.027
2 94 4857.965
2 95 2403.879
2 96 5488.149
2 97 8638.409
2 98 9597.244
2 99 1847.983
2 100 11821.601
3 0 3917.389
3 1 6813.111
3 2 7962.750
3 3 0.000
3 4 1966.213
3 5 3828.608
3 6 7865.919
3 7 1855.731
3 8 2798.160
3 9 3992.046
3 10 3627.824
3 11 6321.213
3 12 616.374
3 13 1335.152
3 14 5492.437
3 15 1100.993
3 16 4955.420
3 17 4745.576
3 18 1830.111
3 19 6266.062
3 20 5443.021
3 21 1553.610
3 22 4725.634
3 23 2092.333
3 24 6796.084
3 25 3452.336
3 26 4109.276
3 27 6761.955
3 28 6907.798
3 29 509.801
3 30 2089.728
3 31 2095.204
3 32 2659.802
3 33 1049.909
3 34 5228.606
3 35 7095.066
3 36 4026.153
3 37 5490.316
3 38 4825.678
3 39 3173.514
3 40 7380.481
3 41 4438.959
3 42 5206.415
3 43 2079.003
3 44 6003.954
3 45 7301.099
3 46 3623.829
3 47 5208.385
3 48 5346.350
3 49 6060.102
3 50 4854.588
3 51 3474.845
3 52 4432.676
3 53 5659.054
3 54 7846.942
3 55 4372.295
3 56 5716.222
3 57 5480.056
3 58 1922.419
3 59 7397.604
3 60 3110.772
3 61 569.257
3 62 5671.219
3 63 6463.508
3 64 6744.645
3 65 3893.795
3 66 1001.928
3 67 4327.344
3 68 2644.261
3 69 5559.746
3 70 1589.215
3 71 6013.707
3 72 6102.355
3 73 6255.658
3 74 2981.347
3 75 6053.690
3 76 4773.123
3 77 1382.532
3 78 3613.118
3 79 4569.198
3 80 3163.745
3 81 6992.944
3 82 2430.374
3 83 2057.429
3 84 5735.125
3 85 1591.847
3 86 4024.240
3 87 2807.715
3 88 5345.564
3 89 2602.095
3 90 6066.821
3 91 3647.504
3 92 1085.420
3 93 2907.861
3 94 4199.393
3 95 7326.874
3 96 5226.681
3 97 2239.406
3 98 5397.988
3 99 6572.535
3 100 6994.839
4 0 4568.931
4 1 8113.548
4 2 9617.546
4 3 1966.213
4 4 0.000
4 5 4240.731
4 6 9157.697
4 7 1696.759
4 8 2046.468
4 9 4145.848
4 10 5326.588
4 11 6227.006
4 12 2030.877
4 13 2270.901
4 14 4792.981
4 15 1081.393
4 16 5179.880
4 17 4739.408
4 18 3161.442
4 19 6904.779
4 20 6985.662
4 21 3263.878
4 22 6530.637
4 23 3903.982
4 24 5595.467
4 25 5251.632
4 26 2979.818
4 27 7170.604
4 28 6956.498
4 29 2401.869
4 30 3931.512
4 31 3102.152
4 32 4382.967
4 33 1700.472
4 34 3933.548
4 35 6122.891
4 36 3321.891
4 37 5661.652
4 38 5703.386
4 39 4640.070
4 40 5882.470
4 41 6069.516
4 42 4769.180
4 43 1242.010
4 44 6419.176
4 45 6113.715
4 46 4830.392
4 47 6326.033
4 48 4296.004
4 49 4576.579
4 50 6577.052
4 51 3742.104
4 52 3086.445
4 53 7284.539
4 54 9246.491
4 55 4884.588
4 56 6528.549
4 57 3931.017
4 58 2762.830
4 59 7543.931
4 60 3223.991
4 61 2065.898
4 62 5543.884
4 63 6674.962
4 64 8327.261
4 65 2140.432
4 66 2792.216
4 67 4093.372
4 68 3543.589
4 69 7330.431
4 70 1830.398
4 71 7534.304
4 72 4406.812
4 73 7946.531
4 74 3820.880
4 75 4892.238
4 76 3979.540
4 77 930.910
4 78 3412.794
4 79 5743.894
4 80 1266.113
4 81 5341.513
4 82 2681.017
4 83 602.685
4 84 7097.405
4 85 2853.809
4 86 5919.873
4 87 3239.623
4 88 7184.429
4 89 4025.581
4 90 7878.835
4 91 4442.812
4 92 1613.535
4 93 2480.290
4 94 5283.602
4 95 8635.420
4 96 5906.993
4 97 3575.622
4 98 4529.364
4 99 8376.091
4 100 5616.464
5 0 564.530
5 1 4438.533
5 2 6612.615
5 3 3828.608
5 4 4240.731
5 5 0.000
5 6 5387.137
5 7 2551.228
5 8 2511.796
5 9 538.775
5 10 3432.494
5 11 2626.670
5 12 3212.308
5 13 5155.442
5 14 2819.776
5 15 4384.109
5 16 1144.357
5 17 1184.074
5 18 2298.663
5 19 2667.046
5 20 4029.997
5 21 5067.488
5 22 4617.721
5 23 5286.647
5 24 4739.638
5 25 3784.233
5 26 3063.220
5 27 2981.271
5 28 3107.798
5 29 3577.408
5 30 3450.636
5 31 5912.227
5 32 5896.818
5 33 2944.743
5 34 3890.257
5 35 4512.160
5 36 2223.536
5 37 1680.578
5 38 1704.757
5 39 2447.007
5 40 5913.101
5 41 3635.707
5 42 2169.691
5 43 3041.357
5 44 2218.325
5 45 5109.955
5 46 1841.988
5 47 2576.556
5 48 3425.060
5 49 4874.513
5 50 4307.242
5 51 524.843
5 52 3618.082
5 53 4510.339
5 54 5657.067
5 55 649.534
5 56 2376.381
5 57 4659.649
5 58 1910.158
5 59 3570.893
5 60 1054.830
5 61 4397.865
5 62 2072.114
5 63 2635.124
5 64 5255.288
5 65 4351.128
5 66 4582.563
5 67 1367.691
5 68 6460.018
5 69 5069.899
5 70 5253.120
5 71 4413.398
5 72 5511.941
5 73 5266.349
5 74 1070.366
5 75 4111.359
5 76 2613.098
5 77 3418.616
5 78 1292.499
5 79 2247.179
5 80 4453.468
5 81 6048.110
5 82 1574.644
5 83 4791.917
5 84 3676.268
5 85 5386.367
5 86 4690.092
5 87 1052.363
5 88 5273.601
5 89 2261.176
5 90 5696.838
5 91 825.469
5 92 4741.300
5 93 1986.906
5 94 1769.414
5 95 4928.853
5 96 1701.761
5 97 5941.929
5 98 3085.886
5 99 6073.722
5 100 5301.991
6 0 4865.389
6 1 1054.076
6 2 2450.505
6 3 7865.919
6 4 9157.697
6 5 5387.137
6 6 0.000
6 7 7543.538
6 8 7824.485
6 9 5810.052
6 10 4516.674
6 11 5895.659
6 12 7395.233
6 13 9041.781
6 14 7604.218
6 15 8847.798
6 16 5215.027
6 17 5869.233
6 18 6098.045
6 19 3459.634
6 20 2667.568
6 21 8238.044
6 22 4198.162
6 23 7992.566
6 24 9499.421
6 25 4934.610
6 26 8429.339
6 27 4160.965
6 28 5442.192
6 29 7386.297
6 30 6050.308
6 31 9454.983
6 32 8385.818
6 33 7501.663
6 34 9119.664
6 35 8886.999
6 36 7559.140
6 37 5186.081
6 38 3682.392
6 39 4694.495
6 40 10854.799
6 41 3701.833
6 42 6891.212
6 43 8144.714
6 44 4297.167
6 45 9703.638
6 46 4332.845
6 47 2870.497
6 48 8508.469
6 49 10045.914
6 50 3705.174
6 51 5885.369
6 52 8977.515
6 53 2785.662
6 54 640.545
6 55 4823.798
6 56 3184.182
6 57 9950.304
6 58 6394.867
6 59 5136.684
6 60 6372.610
6 61 8322.667
6 62 6017.803
6 63 4886.392
6 64 1997.431
6 65 9718.134
6 66 8035.410
6 67 6516.081
6 68 9906.513
6 69 3611.200
6 70 9445.965
6 71 2154.297
6 72 10799.293
6 73 2832.078
6 74 5376.190
6 75 9055.506
6 76 7762.740
6 77 8230.015
6 78 6672.189
6 79 3415.529
6 80 9696.661
6 81 11200.905
6 82 6634.031
6 83 9587.622
6 84 2135.956
6 85 8933.499
6 86 5142.358
6 87 6093.763
6 88 4192.084
6 89 5268.805
6 90 3787.240
6 91 4838.265
6 92 8951.195
6 93 7319.838
6 94 3890.892
6 95 540.938
6 96 3867.885
6 97 9128.274
6 98 8040.102
6 99 3649.131
6 100 10197.368
7 0 2873.615
7 1 6511.975
7 2 8209.271
7 3 1855.731
7 4 1696.759
7 5 2551.228
7 6 7543.538
7 7 0.000
7 8 968.725
7 9 2504.724
7 10 4076.776
7 11 4717.573
7 12 1392.342
7 13 2977.380
7 14 3655.131
7 15 1952.527
7 16 3538.807
7 17 3167.539
7 18 1845.912
7 19 5210.646
7 20 5533.696
7 21 3400.418
7 22 5359.293
7 23 3882.981
7 24 4960.169
7 25 4132.823
7 26 2303.386
7 27 5506.428
7 28 5394.669
7 29 1945.201
7 30 3002.062
7 31 3835.417
7 32 4478.812
7 33 824.594
7 34 3440.739
7 35 5239.463
7 36 2173.860
7 37 4042.538
7 38 4020.315
7 39 3230.918
7 40 5638.030
7 41 4716.516
7 42 3431.620
7 43 621.889
7 44 4748.925
7 45 5459.909
7 46 3260.801
7 47 4685.596
7 48 3498.778
7 49 4335.300
7 50 5298.208
7 51 2064.984
7 52 2697.551
7 53 5890.350
7 54 7676.318
7 55 3191.459
7 56 4834.715
7 57 3814.110
7 58 1229.370
7 59 5951.990
7 60 1565.734
7 61 2343.114
7 62 4040.549
7 63 5055.046
7 64 6878.392
7 65 2553.503
7 66 2846.564
7 67 2614.893
7 68 4370.664
7 69 6087.043
7 70 2884.597
7 71 6055.387
7 72 4533.062
7 73 6598.332
7 74 2169.470
7 75 4216.510
7 76 2919.655
7 77 889.730
7 78 1892.680
7 79 4132.455
7 80 2210.907
7 81 5358.388
7 82 984.389
7 83 2240.802
7 84 5536.639
7 85 3389.066
7 86 4940.486
7 87 1543.313
7 88 6045.392
7 89 2639.614
7 90 6679.247
7 91 2763.492
7 92 2418.542
7 93 1069.459
7 94 3652.879
7 95 7031.857
7 96 4210.242
7 97 4076.220
7 98 3543.035
7 99 7153.598
7 100 5205.369
8 0 2976.051
8 1 6829.302
8 2 8742.302
8 3 2798.160
8 4 2046.468
8 5 2511.796
8 6 7824.485
8 7 968.725
8 8 0.000
8 9 2263.372
8 10 4796.731
8 11 4190.754
8 12 2360.732
8 13 3817.529
8 14 2820.579
8 15 2680.240
8 16 3261.039
8 17 2749.172
8 18 2640.284
8 19 5129.455
8 20 6062.443
8 21 4350.672
8 22 6094.637
8 23 4848.240
8 24 3999.580
8 25 4920.097
8 26 1335.141
8 27 5265.754
8 28 4937.874
8 29 2913.757
8 30 3890.385
8 31 4690.490
8 32 5440.301
8 33 1789.682
8 34 2473.582
8 35 4323.982
8 36 1318.472
8 37 3701.926
8 38 4171.513
8 39 3869.054
8 40 4677.195
8 41 5349.486
8 42 2727.993
8 43 863.075
8 44 4539.230
8 45 4503.158
8 46 3719.088
8 47 4959.006
8 48 2549.688
8 49 3382.975
8 50 5970.976
8 51 1987.473
8 52 1753.562
8 53 6465.704
8 54 8030.056
8 55 3151.533
8 56 4888.165
8 57 2890.710
8 58 1931.303
8 59 5541.450
8 60 1466.556
8 61 3249.153
8 62 3508.884
8 63 4704.271
8 64 7388.339
8 65 1919.120
8 66 3797.339
8 67 2063.462
8 68 5210.053
8 69 6769.000
8 70 3616.972
8 71 6546.739
8 72 3649.629
8 73 7200.137
8 74 2542.348
8 75 3256.522
8 76 2037.378
8 77 1595.532
8 78 1427.319
8 79 4484.294
8 80 1948.539
8 81 4436.138
8 82 1285.937
8 83 2648.992
8 84 5935.992
8 85 4279.273
8 86 5768.802
8 87 1755.636
8 88 6786.835
8 89 3328.029
8 90 7379.346
8 91 2990.944
8 92 3206.436
8 93 527.094
8 94 3982.767
8 95 7338.517
8 96 4208.975
8 97 4984.785
8 98 2642.570
8 99 7834.520
8 100 4236.987
9 0 1088.574
9 1 4891.410
9 2 7122.626
9 3 3992.046
9 4 4145.848
9 5 538.775
9 6 5810.052
9 7 2504.724
9 8 2263.372
9 9 0.000
9 10 3952.065
9 11 2336.644
9 12 3380.668
9 13 5293.181
9 14 2285.455
9 15 4422.045
9 16 1035.801
9 17 778.089
9 18 2633.561
9 19 2872.980
9 20 4559.236
9 21 5326.317
9 22 5150.745
9 23 5598.767
9 24 4200.897
9 25 4287.862
9 26 2619.683
9 27 3028.223
9 28 2927.352
9 29 3801.633
9 30 3860.471
9 31 6087.250
9 32 6215.114
9 33 3031.955
9 34 3383.922
9 35 3987.794
9 36 1751.883
9 37 1540.602
9 38 2146.303
9 39 2957.676
9 40 5379.679
9 41 4173.744
9 42 1651.819
9 43 2911.823
9 44 2285.834
9 45 4573.319
9 46 2378.036
9 47 3050.843
9 48 2894.243
9 49 4360.481
9 50 4845.295
9 51 525.561
9 52 3167.637
9 53 5043.302
9 54 6111.195
9 55 986.455
9 56 2709.982
9 57 4173.594
9 58 2126.633
9 59 3457.146
9 60 940.219
9 61 4556.933
9 62 1714.087
9 63 2550.998
9 64 5768.929
9 65 4006.400
9 66 4817.766
9 67 829.328
9 68 6636.299
9 69 5608.670
9 70 5325.747
9 71 4930.414
9 72 5026.670
9 73 5798.808
9 74 1506.661
9 75 3574.544
9 76 2084.899
9 77 3393.703
9 78 891.682
9 79 2765.185
9 80 4207.769
9 81 5534.364
9 82 1596.519
9 83 4722.127
9 84 4175.873
9 85 5576.363
9 86 5197.045
9 87 1197.789
9 88 5809.451
9 89 2720.984
9 90 6235.611
9 91 1363.038
9 92 4826.971
9 93 1741.173
9 94 2297.246
9 95 5369.823
9 96 2009.045
9 97 6170.426
9 98 2547.414
9 99 6611.568
9 100 4765.618
10 0 2989.242
10 1 3515.770
10 2 4335.916
10 3 3627.824
10 4 5326.588
10 5 3432.494
10 6 4516.674
10 7 4076.776
10 8 4796.731
10 9 3952.065
10 10 0.000
10 11 5770.611
10 12 3318.334
10 13 4638.143
10 14 6229.370
10 15 4710.786
10 16 4280.988
10 17 4586.094
10 18 2237.501
10 19 4320.149
10 20 1895.132
10 21 3732.292
10 22 1298.478
10 23 3480.479
10 24 8095.769
10 25 503.141
10 26 5933.537
10 27 5150.682
10 28 5948.552
10 29 3118.528
10 30 1595.676
10 31 4963.159
10 32 3906.958
10 33 3649.530
10 34 6983.807
10 35 7939.853
10 36 5300.794
10 37 4703.432
10 38 2864.092
10 39 1006.161
10 40 9152.757
10 41 841.622
10 42 5600.842
10 43 4680.632
10 44 4576.218
10 45 8499.970
10 46 1649.045
10 47 2545.359
10 48 6687.835
10 49 7976.474
10 50 1250.464
10 51 3598.263
10 52 6457.689
10 53 2038.482
10 54 4367.399
10 55 3432.866
10 56 3564.667
10 57 7601.912
10 58 2880.263
10 59 6153.385
10 60 3773.039
10 61 3984.143
10 62 5372.026
10 63 5303.656
10 64 3133.846
10 65 6621.336
10 66 3580.694
10 67 4750.808
10 68 5397.737
10 69 2018.059
10 70 5124.085
10 71 2465.634
10 72 8409.647
10 73 2634.825
10 74 2528.202
10 75 7417.964
10 76 5886.074
10 77 4434.961
10 78 4381.277
10 79 2019.706
10 80 6236.359
10 81 9115.312
10 82 3545.200
10 83 5603.231
10 84 2441.879
10 85 4456.515
10 86 1294.522
10 87 3257.909
10 88 1991.041
10 89 1469.166
10 90 2602.508
10 91 2628.986
10 92 4673.057
10 93 4461.004
10 94 2088.303
10 95 3982.973
10 96 3524.792
10 97 4612.703
10 98 6436.246
10 99 3080.835
10 100 8586.626
11 0 2860.022
11 1 5275.812
11 2 7837.991
11 3 6321.213
11 4 6227.006
11 5 2626.670
11 6 5895.659
11 7 4717.573
11 8 4190.754
11 9 2336.644
11 10 5770.611
11 11 0.000
11 12 5712.955
11 13 7607.535
11 14 2122.177
11 15 6669.267
11 16 1528.692
11 17 1576.154
11 18 4921.837
11 19 2440.057
11 20 5699.218
11 21 7658.744
11 22 6769.545
11 23 7907.622
11 24 3733.405
11 25 6198.100
11 26 3819.040
11 27 1834.869
11 28 820.137
11 29 6137.967
11 30 6058.800
11 31 8415.295
11 32 8520.010
11 33 5335.837
11 34 3917.765
11 35 3010.446
11 36 3057.817
11 37 1067.468
11 38 3076.402
11 39 4879.529
11 40 5133.126
11 41 5711.397
11 42 1635.778
11 43 4995.139
11 44 1624.054
11 45 3856.673
11 46 4128.193
11 47 3885.938
11 48 3164.292
11 49 4625.300
11 50 6343.701
11 51 2861.278
11 52 4211.146
11 53 6216.387
11 54 6388.166
11 55 2364.858
11 56 2912.080
11 57 4781.510
11 58 4461.346
11 59 1470.923
11 60 3219.970
11 61 6882.964
11 62 683.249
11 63 1042.162
11 64 6604.041
11 65 5450.541
11 66 7153.760
11 67 2134.038
11 68 8963.953
11 69 6997.648
11 70 7594.999
11 71 5869.433
11 72 5539.438
11 73 6914.853
11 74 3688.390
11 75 3464.584
11 76 2717.038
11 77 5596.384
11 78 2835.030
11 79 3996.422
11 80 5960.042
11 81 5668.447
11 82 3900.323
11 83 6826.475
11 84 5014.124
11 85 7909.204
11 86 7065.070
11 87 3534.188
11 88 7344.056
11 89 4831.154
11 90 7587.161
11 91 3242.863
11 92 7110.944
11 93 3752.079
11 94 3725.643
11 95 5619.068
11 96 2461.285
11 97 8507.057
11 98 2628.668
11 99 7855.311
11 100 4475.225
12 0 3310.148
12 1 6341.184
12 2 7640.239
12 3 616.374
12 4 2030.877
12 5 3212.308
12 6 7395.233
12 7 1392.342
12 8 2360.732
12 9 3380.668
12 10 3318.334
12 11 5712.955
12 12 0.000
12 13 1947.163
12 14 4956.275
12 15 1453.841
12 16 4339.398
12 17 4138.439
12 18 1301.717
12 19 5668.557
12 20 5055.949
12 21 2048.907
12 22 4501.588
12 23 2494.586
12 24 6348.845
12 25 3221.674
12 26 3694.257
12 27 6150.367
12 28 6292.970
12 29 553.177
12 30 1906.258
12 31 2708.342
12 32 3096.668
12 33 576.527
12 34 4829.707
12 35 6592.666
12 36 3518.308
12 37 4874.512
12 38 4248.940
12 39 2733.055
12 40 7017.736
12 41 4091.638
12 42 4635.481
12 43 1762.648
12 44 5391.353
12 45 6845.717
12 46 3100.795
12 47 4678.949
12 48 4881.710
12 49 5707.266
12 50 4566.432
12 51 2861.646
12 52 4068.484
12 53 5314.462
12 54 7411.312
12 55 3759.584
12 56 5135.679
12 57 5160.602
12 58 1307.654
12 59 6781.250
12 60 2511.261
12 61 1185.597
12 62 5067.215
12 63 5847.152
12 64 6381.645
12 65 3704.777
12 66 1501.881
12 67 3742.922
12 68 3257.389
12 69 5308.399
12 70 2137.073
12 71 5619.259
12 72 5836.113
12 73 5950.685
12 74 2381.682
12 75 5605.180
12 76 4264.858
12 77 1218.117
12 78 3036.606
12 79 4048.370
12 80 3091.386
12 81 6695.684
12 82 1834.469
12 83 2287.673
12 84 5277.909
12 85 2196.258
12 86 3900.825
12 87 2192.942
12 88 5153.557
12 89 2133.187
12 90 5850.047
12 91 3050.625
12 92 1617.426
12 93 2392.561
12 94 3653.960
12 95 6859.443
12 96 4628.918
12 97 2815.594
12 98 4893.674
12 99 6348.844
12 100 6595.848
13 0 5252.438
13 1 7996.376
13 2 8906.962
13 3 1335.152
13 4 2270.901
13 5 5155.442
13 6 9041.781
13 7 2977.380
13 8 3817.529
13 9 5293.181
13 10 4638.143
13 11 7607.535
13 12 1947.163
13 13 0.000
13 14 6617.288
13 15 1219.632
13 16 6274.394
13 17 6032.239
13 18 3129.961
13 19 7596.579
13 20 6518.985
13 21 1261.019
13 22 5568.008
13 23 1918.048
13 24 7723.781
13 25 4358.420
13 26 5032.375
13 27 8096.759
13 28 8217.978
13 29 1709.836
13 30 3042.598
13 31 875.481
13 32 2248.013
13 33 2272.742
13 34 6088.619
13 35 8134.016
13 36 5119.055
13 37 6807.224
13 38 6141.297
13 39 4362.597
13 40 8126.398
13 41 5477.121
13 42 6406.327
13 43 2983.553
13 44 7338.275
13 45 8239.533
13 46 4893.628
13 47 6474.084
13 48 6331.192
13 49 6810.125
13 50 5794.389
13 51 4783.182
13 52 5251.013
13 53 6668.405
13 54 8971.405
13 55 5706.511
13 56 7033.836
13 57 6178.649
13 58 3254.772
13 59 8719.784
13 60 4387.581
13 61 774.044
13 62 6946.589
13 63 7788.348
13 64 7767.295
13 65 4411.066
13 66 1090.497
13 67 5562.754
13 68 1395.448
13 69 6423.460
13 70 651.038
13 71 7092.789
13 72 6677.644
13 73 7192.986
13 74 4314.597
13 75 6994.647
13 76 5852.421
13 77 2226.855
13 78 4839.583
13 79 5828.938
13 80 3520.380
13 81 7611.031
13 82 3707.494
13 83 1980.275
13 84 6906.168
13 85 602.567
13 86 4729.745
13 87 4123.392
13 88 6115.606
13 89 3835.549
13 90 6861.075
13 91 4979.022
13 92 661.967
13 93 4044.117
13 94 5487.521
13 95 8500.853
13 96 6557.750
13 97 1307.382
13 98 6459.954
13 99 7368.467
13 100 7821.001
14 0 3338.581
14 1 6816.524
14 2 9227.384
14 3 5492.437
14 4 4792.981
14 5 2819.776
14 6 7604.218
14 7 3655.131
14 8 2820.579
14 9 2285.455
14 10 6229.370
14 11 2122.177
14 12 4956.275
14 13 6617.288
14 14 0.000
14 15 5500.473
14 16 2418.109
14 17 1816.260
14 18 4643.706
14 19 4222.150
14 20 6766.954
14 21 7005.170
14 22 7436.183
14 23 7412.157
14 24 1957.941
14 25 6544.371
14 26 1941.134
14 27 3854.175
14 28 2931.570
14 29 5479.157
14 30 5955.469
14 31 7483.823
14 32 8027.223
14 33 4442.599
14 34 1798.953
14 35 1730.924
14 36 1502.932
14 37 2433.816
14 38 4180.478
14 39 5228.440
14 40 3256.968
14 41 6452.658
14 42 722.018
14 43 3682.069
14 44 3390.962
14 45 2293.289
14 46 4661.763
14 47 5107.864
14 48 1042.131
14 49 2534.602
14 50 7123.861
14 51 2648.619
14 52 2202.580
14 53 7266.375
14 54 8010.431
14 55 3055.619
14 56 4429.074
14 57 2659.583
14 58 3978.322
14 59 3578.598
14 60 2641.487
14 61 5997.517
14 62 1666.260
14 63 3075.431
14 64 7900.294
14 65 3533.350
14 66 6456.501
14 67 1480.158
14 68 8012.703
14 69 7878.382
14 70 6437.516
14 71 7083.744
14 72 3424.445
14 73 8015.978
14 74 3730.207
14 75 1452.286
14 76 818.398
14 77 4410.946
14 78 2005.540
14 79 4954.132
14 80 4209.333
14 81 3636.319
14 82 3209.256
14 83 5387.095
14 84 6276.619
14 85 7044.192
14 86 7455.540
14 87 3152.131
14 88 8093.340
14 89 4930.022
14 90 8503.246
14 91 3644.963
14 92 6021.270
14 93 2587.799
14 94 4524.220
14 95 7240.163
14 96 3779.361
14 97 7726.969
14 98 506.495
14 99 8863.336
14 100 2605.647
15 0 4592.041
15 1 7793.840
15 2 9046.401
15 3 1100.993
15 4 1081.393
15 5 4384.109
15 6 8847.798
15 7 1952.527
15 8 2680.240
15 9 4422.045
15 10 4710.786
15 11 6669.267
15 12 1453.841
15 13 1219.632
15 14 5500.473
15 15 0.000
15 16 5444.352
15 17 5112.933
15 18 2750.482
15 19 6971.794
15 20 6494.584
15 21 2193.022
15 22 5825.944
15 23 2843.409
15 24 6520.042
15 25 4551.078
15 26 3838.743
15 27 7365.340
15 28 7335.729
15 29 1606.023
15 30 3189.732
15 31 2082.503
15 32 3305.345
15 33 1457.379
15 34 4877.073
15 35 6962.827
15 36 3997.683
15 37 5961.966
15 38 5621.331
15 39 4184.117
15 40 6907.094
15 41 5509.593
15 42 5354.832
15 43 1822.503
15 44 6602.268
15 45 7037.005
15 46 4540.989
15 47 6109.791
15 48 5147.784
15 49 5590.505
15 50 5945.622
15 51 3945.214
15 52 4036.543
15 53 6732.531
15 54 8864.148
15 55 4990.703
15 56 6494.044
15 57 4960.135
15 58 2600.849
15 59 7879.159
15 60 3484.794
15 61 1018.272
15 62 5992.953
15 63 6968.089
15 64 7810.568
15 65 3208.299
15 66 1749.376
15 67 4564.753
15 68 2567.645
15 69 6658.027
15 70 941.087
15 71 7061.204
15 72 5473.896
15 73 7343.687
15 74 3717.690
15 75 5795.849
15 76 4714.218
15 77 1096.707
15 78 3844.215
15 79 5486.685
15 80 2347.239
15 81 6402.400
15 82 2833.349
15 83 981.733
15 84 6731.751
15 85 1783.320
15 86 5119.305
15 87 3332.123
15 88 6446.329
15 89 3586.832
15 90 7167.736
15 91 4383.268
15 92 559.701
15 93 2977.787
15 94 5074.903
15 95 8312.533
15 96 5939.134
15 97 2509.972
15 98 5307.552
15 99 7673.319
15 100 6603.334
16 0 1332.501
16 1 4400.175
16 2 6823.005
16 3 4955.420
16 4 5179.880
16 5 1144.357
16 6 5215.027
16 7 3538.807
16 8 3261.039
16 9 1035.801
16 10 4280.988
16 11 1528.692
16 12 4339.398
16 13 6274.394
16 14 2418.109
16 15 5444.352
16 16 0.000
16 17 664.659
16 18 3435.490
16 19 1980.738
16 20 4444.286
16 21 6211.760
16 22 5344.721
16 23 6422.389
16 24 4362.827
16 25 4692.205
16 26 3385.912
16 27 2005.318
16 28 1963.703
16 29 4719.006
16 30 4535.345
16 31 7045.305
16 32 7029.810
16 33 4033.340
16 34 3924.544
16 35 3917.144
16 36 2501.611
16 37 536.928
16 38 1798.613
16 39 3363.427
16 40 5673.119
16 41 4301.189
16 42 1696.352
16 43 3943.348
16 44 1285.663
16 45 4642.262
16 46 2632.003
16 47 2712.544
16 48 3293.624
16 49 4832.762
16 50 4955.544
16 51 1501.710
16 52 3898.960
16 53 4956.327
16 54 5599.523
16 55 849.197
16 56 2030.857
16 57 4774.604
16 58 3046.027
16 59 2446.491
16 60 1973.098
16 61 5524.115
16 62 1100.867
16 63 1524.091
16 64 5510.429
16 65 4898.434
16 66 5726.112
16 67 1388.975
16 68 7593.831
16 69 5658.195
16 70 6337.957
16 71 4711.040
16 72 5613.963
16 73 5690.557
16 74 2177.620
16 75 3857.532
16 76 2563.986
16 77 4426.900
16 78 1839.953
16 79 2652.324
16 80 5187.234
16 81 5985.884
16 82 2611.338
16 83 5757.653
16 84 3884.320
16 85 6523.052
16 86 5572.329
16 87 2151.038
16 88 5953.086
16 89 3302.897
16 90 6268.679
16 91 1715.253
16 92 5833.349
16 93 2749.339
16 94 2299.775
16 95 4831.996
16 96 1362.677
16 97 7085.347
16 98 2830.174
16 99 6584.760
16 100 5023.624
17 0 1604.374
17 1 5033.918
17 2 7413.221
17 3 4745.576
17 4 4739.408
17 5 1184.074
17 6 5869.233
17 7 3167.539
17 8 2749.172
17 9 778.089
17 10 4586.094
17 11 1576.154
17 12 4138.439
17 13 6032.239
17 14 1816.260
17 15 5112.933
17 16 664.659
17 17 0.000
17 18 3408.319
17 19 2635.851
17 20 4961.243
17 21 6100.853
17 22 5728.122
17 23 6376.827
17 24 3773.979
17 25 4956.254
17 26 2741.325
17 27 2564.556
17 28 2228.349
17 29 4572.102
17 30 4616.314
17 31 6839.300
17 32 6993.077
17 33 3761.490
17 34 3261.101
17 35 3415.453
17 36 1863.636
17 37 967.913
17 38 2364.969
17 39 3616.172
17 40 5052.681
17 41 4711.288
17 42 1101.748
17 43 3497.687
17 44 1896.661
17 45 4087.542
17 46 2957.603
17 47 3293.311
17 48 2641.664
17 49 4176.729
17 50 5378.068
17 51 1301.799
17 52 3244.743
17 53 5465.130
17 54 6240.446
17 55 1250.928
17 56 2686.884
17 57 4109.990
17 58 2900.924
17 59 2804.524
17 60 1645.369
17 61 5306.879
17 62 936.804
17 63 1956.007
17 64 6084.094
17 65 4286.279
17 66 5588.756
17 67 752.635
17 68 7387.901
17 69 6112.229
17 70 6031.979
17 71 5268.138
17 72 4949.915
17 73 6211.015
17 74 2241.917
17 75 3231.543
17 76 1900.487
17 77 4054.003
17 78 1329.431
17 79 3149.513
17 80 4634.563
17 81 5334.769
17 82 2324.752
17 83 5330.979
17 84 4460.864
17 85 6334.461
17 86 5857.676
17 87 1970.609
17 88 6364.139
17 89 3444.021
17 90 6732.383
17 91 1957.166
17 92 5542.783
17 93 2264.352
17 94 2739.838
17 95 5476.279
17 96 2004.740
17 97 6938.489
17 98 2195.196
17 99 7075.334
17 100 4410.007
18 0 2224.554
18 1 5044.297
18 2 6462.131
18 3 1830.111
18 4 3161.442
18 5 2298.663
18 6 6098.045
18 7 1845.912
18 8 2640.284
18 9 2633.561
18 10 2237.501
18 11 4921.837
18 12 1301.717
18 13 3129.961
18 14 4643.706
18 15 2750.482
18 16 3435.490
18 17 3408.319
18 18 0.000
18 19 4492.886
18 20 3824.683
18 21 2802.462
18 22 3513.909
18 23 2988.036
18 24 6318.063
18 25 2292.730
18 26 3884.830
18 27 5063.635
18 28 5390.088
18 29 1425.625
18 30 1325.177
18 31 3771.395
18 32 3598.506
18 33 1460.970
18 34 4997.586
18 35 6365.443
18 36 3413.225
18 37 3966.772
18 38 3013.112
18 39 1479.169
18 40 7211.836
18 41 2923.321
18 42 4161.418
18 43 2443.806
18 44 4323.402
18 45 6776.108
18 46 1801.301
18 47 3383.318
18 48 4846.849
18 49 5962.797
18 50 3472.755
18 51 2122.924
18 52 4370.005
18 53 4129.142
18 54 6130.304
18 55 2721.866
18 56 3906.260
18 57 5517.394
18 58 727.343
18 59 5808.892
18 60 2002.320
18 61 2359.268
18 62 4337.627
18 63 4869.798
18 64 5165.828
18 65 4398.379
18 66 2359.226
18 67 3232.511
18 68 4305.625
18 69 4253.915
18 70 3414.018
18 71 4376.366
18 72 6289.594
18 73 4808.537
18 74 1278.382
18 75 5593.657
18 76 4104.325
18 77 2241.237
18 78 2640.483
18 79 2748.943
18 80 4001.960
18 81 7057.350
18 82 1511.783
18 83 3521.066
18 84 3988.767
18 85 3227.673
18 86 3128.584
18 87 1505.061
18 88 4199.490
18 89 864.857
18 90 4838.798
18 91 1901.194
18 92 2900.210
18 93 2399.348
18 94 2369.292
18 95 5563.688
18 96 3460.856
18 97 3706.476
18 98 4715.967
18 99 5318.173
18 100 6702.164
19 0 2379.753
19 1 2862.563
19 2 5452.518
19 3 6266.062
19 4 6904.779
19 5 2667.046
19 6 3459.634
19 7 5210.646
19 8 5129.455
19 9 2872.980
19 10 4320.149
19 11 2440.057
19 12 5668.557
19 13 7596.579
19 14 4222.150
19 15 6971.794
19 16 1980.738
19 17 2635.851
19 18 4492.886
19 19 0.000
19 20 3609.503
19 21 7243.494
19 22 4985.395
19 23 7285.959
19 24 6066.569
19 25 4815.799
19 26 5366.254
19 27 907.296
19 28 2088.867
19 29 5912.669
19 30 5206.979
19 31 8264.257
19 32 7844.320
19 33 5514.545
19 34 5863.842
19 35 5428.066
19 36 4481.059
19 37 1791.841
19 38 1544.907
19 39 3721.509
19 40 7441.080
19 41 3954.711
19 42 3533.687
19 43 5707.791
19 44 843.503
19 45 6250.651
19 46 2947.643
19 47 1869.952
19 48 5189.494
19 49 6729.804
19 50 4481.086
19 51 3179.610
19 52 5878.928
19 53 4106.319
19 54 3949.128
19 55 2020.362
19 56 762.729
19 57 6725.445
19 58 4386.327
19 59 2002.935
19 60 3710.492
19 61 6822.687
19 62 2585.286
19 63 1463.660
19 64 4288.631
19 65 6857.145
19 66 6841.700
19 67 3369.592
19 68 8797.061
19 69 4991.914
19 70 7789.580
19 71 3640.485
19 72 7553.921
19 73 4726.727
19 74 3286.876
19 75 5670.235
19 76 4510.718
19 77 6062.663
19 78 3754.341
19 79 2300.681
19 80 7077.335
19 81 7855.935
19 82 4227.408
19 83 7447.715
19 84 2799.183
19 85 7720.237
19 86 5541.411
19 87 3677.704
19 88 5439.000
19 89 3983.899
19 90 5520.624
19 91 2618.692
19 92 7269.433
19 93 4603.457
19 94 2337.777
19 95 3181.923
19 96 1039.652
19 97 8167.416
19 98 4688.720
19 99 5704.094
19 100 6780.619
20 0 3470.727
20 1 1745.492
20 2 2682.463
20 3 5443.021
20 4 6985.662
20 5 4029.997
20 6 2667.568
20 7 5533.696
20 8 6062.443
20 9 4559.236
20 10 1895.132
20 11 5699.218
20 12 5055.949
20 13 6518.985
20 14 6766.954
20 15 6494.584
20 16 4444.286
20 17 4961.243
20 18 3824.683
20 19 3609.503
20 20 0.000
20 21 5624.732
20 22 1633.162
20 23 5341.155
20 24 8721.114
20 25 2277.578
20 26 6986.145
20 27 4516.786
20 28 5609.124
20 29 4940.751
20 30 3480.251
20 31 6857.901
20 32 5720.194
20 33 5285.382
20 34 7905.107
20 35 8356.680
20 36 6211.692
20 37 4694.231
20 38 2656.401
20 39 2345.626
20 40 9937.872
20 41 1056.197
20 42 6061.745
20 43 6155.582
20 44 4183.162
20 45 9048.682
20 46 2349.007
20 47 1819.339
20 48 7453.384
20 49 8896.227
20 50 1097.107
20 51 4400.281
20 52 7539.461
20 53 517.294
20 54 2473.624
20 55 3712.472
20 56 2896.477
20 57 8637.460
20 58 4307.341
20 59 5610.751
20 60 4760.696
20 61 5841.685
20 62 5509.093
20 63 4941.672
20 64 1346.139
20 65 7972.767
20 66 5471.821
20 67 5382.929
20 68 7287.353
20 69 1390.808
20 70 6981.186
20 71 573.922
20 72 9481.948
20 73 1249.781
20 74 3529.867
20 75 8126.461
20 76 6642.654
20 77 6061.839
20 78 5252.796
20 79 1812.860
20 80 7744.490
20 81 10067.934
20 82 4779.804
20 83 7332.116
20 84 879.788
20 85 6351.398
20 86 2511.782
20 87 4332.016
20 88 1890.135
20 89 2960.118
20 90 1915.407
20 91 3246.594
20 92 6512.455
20 93 5627.361
20 94 2261.990
20 95 2151.676
20 96 3238.084
20 97 6495.099
20 98 7090.611
20 99 2156.571
20 100 9317.880
21 0 5026.833
21 1 7216.642
21 2 7860.496
21 3 1553.610
21 4 3263.878
21 5 5067.488
21 6 8238.044
21 7 3400.418
21 8 4350.672
21 9 5326.317
21 10 3732.292
21 11 7658.744
21 12 2048.907
21 13 1261.019
21 14 7005.170
21 15 2193.022
21 16 6211.760
21 17 6100.853
21 18 2802.462
21 19 7243.494
21 20 5624.732
21 21 0.000
21 22 4495.389
21 23 667.469
21 24 8349.429
21 25 3371.957
21 26 5662.461
21 27 7857.558
21 28 8174.388
21 29 1542.088
21 30 2203.725
21 31 1243.824
21 32 1130.222
21 33 2580.600
21 34 6778.988
21 35 8633.310
21 36 5559.550
21 37 6747.362
21 38 5718.586
21 39 3695.244
21 40 8917.739
21 41 4568.546
21 42 6672.211
21 43 3622.443
21 44 7123.049
21 45 8853.829
21 46 4359.625
21 47 5880.543
21 48 6897.056
21 49 7595.586
21 50 4787.707
21 51 4800.768
21 52 5976.013
21 53 5703.870
21 54 8098.315
21 55 5523.548
21 56 6602.275
21 57 7001.866
21 58 3199.991
21 59 8608.863
21 60 4515.944
21 61 1208.015
21 62 7037.343
21 63 7669.246
21 64 6798.472
21 65 5342.929
21 66 553.874
21 67 5767.182
21 68 1668.710
21 69 5348.830
21 70 1909.727
21 71 6191.313
21 72 7588.684
21 73 6159.452
21 74 4080.074
21 75 7606.838
21 76 6306.933
21 77 2896.511
21 78 5072.535
21 79 5237.691
21 80 4526.768
21 81 8496.601
21 82 3854.765
21 83 3116.790
21 84 6125.742
21 85 802.494
21 86 3597.365
21 87 4130.246
21 88 4989.627
21 89 3282.050
21 90 5738.349
21 91 4695.921
21 92 1743.602
21 93 4435.218
21 94 4981.560
21 95 7700.411
21 96 6228.080
21 97 930.103
21 98 6934.439
21 99 6241.169
21 100 8543.858
22 0 4125.758
22 1 3359.373
22 2 3365.835
22 3 4725.634
22 4 6530.637
22 5 4617.721
22 6 4198.162
22 7 5359.293
22 8 6094.637
22 9 5150.745
22 10 1298.478
22 11 6769.545
22 12 4501.588
22 13 5568.008
22 14 7436.183
22 15 5825.944
22 16 5344.721
22 17 5728.122
22 18 3513.909
22 19 4985.395
22 20 1633.162
22 21 4495.389
22 22 0.000
22 23 4081.581
22 24 9333.152
22 25 1280.826
22 26 7226.913
22 27 5875.177
22 28 6832.858
22 29 4220.391
22 30 2636.235
22 31 5735.230
22 32 4355.172
22 33 4885.112
22 34 8267.124
22 35 9125.334
22 36 6576.591
22 37 5709.985
22 38 3720.276
22 39 2275.438
22 40 10422.704
22 41 1061.494
22 42 6781.652
22 43 5955.836
22 44 5411.158
22 45 9721.700
22 46 2778.194
22 47 3115.451
22 48 7946.924
22 49 9261.809
22 50 541.824
22 51 4838.372
22 52 7753.696
22 53 1413.380
22 54 3875.665
22 55 4515.784
22 56 4228.674
22 57 8896.645
22 58 4174.467
22 59 6940.517
22 60 5049.427
22 61 4999.039
22 62 6445.573
22 63 6167.753
22 64 2410.040
22 65 7909.329
22 66 4478.472
22 67 5967.385
22 68 6097.099
22 69 856.202
22 70 6118.017
22 71 2052.697
22 72 9706.836
22 73 1679.335
22 74 3788.773
22 75 8669.563
22 76 7139.380
22 77 5664.328
22 78 5644.543
22 79 2795.901
22 80 7494.604
22 81 10405.597
22 82 4842.984
22 83 6758.194
22 84 2481.595
22 85 5279.543
22 86 977.438
22 87 4541.237
22 88 692.580
22 89 2767.591
22 90 1348.482
22 91 3794.607
22 92 5711.087
22 93 5757.993
22 94 3051.033
22 95 3716.886
22 96 4377.714
22 97 5278.443
22 98 7671.990
22 99 1849.643
22 100 9846.299
23 0 5176.154
23 1 6996.061
23 2 7439.124
23 3 2092.333
23 4 3903.982
23 5 5286.647
23 6 7992.566
23 7 3882.981
23 8 4848.240
23 9 5598.767
23 10 3480.479
23 11 7907.622
23 12 2494.586
23 13 1918.048
23 14 7412.157
23 15 2843.409
23 16 6422.389
23 17 6376.827
23 18 2988.036
23 19 7285.959
23 20 5341.155
23 21 667.469
23 22 4081.581
23 23 0.000
23 24 8842.633
23 25 3063.606
23 26 6176.209
23 27 7956.106
23 28 8371.722
23 29 1947.781
23 30 2097.773
23 31 1726.696
23 32 619.040
23 33 3058.966
23 34 7305.116
23 35 9074.790
23 36 6003.839
23 37 6951.866
23 38 5743.625
23 39 3622.453
23 40 9469.950
23 41 4292.369
23 42 7030.389
23 43 4168.945
23 44 7242.512
23 45 9340.252
23 46 4350.161
23 47 5799.189
23 48 7376.280
23 49 8150.668
23 50 4427.434
23 51 5077.235
23 52 6519.837
23 53 5365.113
23 54 7805.741
23 55 5684.644
23 56 6607.987
23 57 7572.307
23 58 3498.704
23 59 8768.210
23 60 4849.957
23 61 1838.187
23 62 7311.646
23 63 7833.005
23 64 6445.251
23 65 5954.387
23 66 1120.886
23 67 6110.190
23 68 2022.188
23 69 4922.212
23 70 2568.888
23 71 5895.096
23 72 8185.022
23 73 5760.155
23 74 4251.907
23 75 8098.936
23 76 6747.954
23 77 3469.781
23 78 5439.770
23 79 5169.836
23 80 5161.120
23 81 9082.197
23 82 4216.039
23 83 3779.509
23 84 5917.219
23 85 1402.709
23 86 3140.227
23 87 4420.111
23 88 4519.148
23 89 3303.882
23 90 5264.423
23 91 4822.686
23 92 2409.207
23 93 4879.243
23 94 4972.508
23 95 7461.354
23 96 6297.464
23 97 1200.194
23 98 7377.523
23 99 5759.552
23 100 9072.720
24 0 5275.566
24 1 8747.895
24 2 11181.939
24 3 6796.084
24 4 5595.467
24 5 4739.638
24 6 9499.421
24 7 4960.169
24 8 3999.580
24 9 4200.897
24 10 8095.769
24 11 3733.405
24 12 6348.845
24 13 7723.781
24 14 1957.941
24 15 6520.042
24 16 4362.827
24 17 3773.979
24 18 6318.063
24 19 6066.569
24 20 8721.114
24 21 8349.429
24 22 9333.152
24 23 8842.633
24 24 0.000
24 25 8374.733
24 26 2698.747
24 27 5566.028
24 28 4438.970
24 29 6899.259
24 30 7642.863
24 31 8597.097
24 32 9438.580
24 33 5784.717
24 34 1664.414
24 35 982.423
24 36 2908.075
24 37 4314.449
24 38 6137.167
24 39 7089.666
24 40 1402.276
24 41 8373.215
24 42 2675.235
24 43 4760.964
24 44 5223.331
24 45 518.321
24 46 6574.482
24 47 7063.546
24 48 1479.479
24 49 1432.670
24 50 9044.666
24 51 4498.687
24 52 2510.072
24 53 9218.100
24 54 9930.066
24 55 5012.046
24 56 6346.983
24 57 2011.687
24 58 5606.316
24 59 5028.440
24 60 4371.094
24 61 7225.767
24 62 3484.130
24 63 4770.783
24 64 9857.584
24 65 3717.798
24 66 7796.443
24 67 3373.568
24 68 9086.956
24 69 9809.485
24 70 7402.116
24 71 9041.684
24 72 2352.874
24 73 9969.319
24 74 5569.664
24 75 743.697
24 76 2226.388
24 77 5517.798
24 78 3735.160
24 79 6908.780
24 80 4627.276
24 81 2078.991
24 82 4812.230
24 83 6124.245
24 84 8233.271
24 85 8231.727
24 86 9282.619
24 87 4899.240
24 88 10001.053
24 89 6730.900
24 90 10436.226
24 91 5563.109
24 92 7076.442
24 93 3995.630
24 94 6471.693
24 95 9157.275
24 96 5717.116
24 97 8950.659
24 98 1661.191
24 99 10806.478
24 100 753.718
25 0 3378.287
25 1 3956.274
25 2 4551.259
25 3 3452.336
25 4 5251.632
25 5 3784.233
25 6 4934.610
25 7 4132.823
25 8 4920.097
25 9 4287.862
25 10 503.141
25 11 6198.100
25 12 3221.674
25 13 4358.420
25 14 6544.371
25 15 4551.078
25 16 4692.205
25 17 4956.254
25 18 2292.730
25 19 4815.799
25 20 2277.578
25 21 3371.957
25 22 1280.826
25 23 3063.606
25 24 8374.733
25 25 0.000
25 26 6114.444
25 27 5638.401
25 28 6407.092
25 29 2945.068
25 30 1363.785
25 31 4613.698
25 32 3456.173
25 33 3617.538
25 34 7193.401
25 35 8266.656
25 36 5533.585
25 37 5133.387
25 38 3344.139
25 39 1340.304
25 40 9384.735
25 41 1233.232
25 42 5939.471
25 43 4715.811
25 44 5049.650
25 45 8794.344
25 46 2071.138
25 47 3048.496
25 48 6943.224
25 49 8178.352
25 50 1435.981
25 51 3897.239
25 52 6623.021
25 53 2332.641
25 54 4744.385
25 55 3843.208
25 56 4062.465
25 57 7771.511
25 58 2988.826
25 59 6629.977
25 60 4015.239
25 61 3750.849
25 62 5772.584
25 63 5768.684
25 64 3429.453
25 65 6686.146
25 66 3278.925
25 67 5064.629
25 68 5023.728
25 69 2107.461
25 70 4881.606
25 71 2833.312
25 72 8561.643
25 73 2836.468
25 74 2815.541
25 75 7681.464
25 76 6152.688
25 77 4392.410
25 78 4641.932
25 79 2516.946
25 80 6234.779
25 81 9300.202
25 82 3710.683
25 83 5478.404
25 84 2899.836
25 85 4125.344
25 86 911.177
25 87 3489.707
25 88 1937.390
25 89 1652.728
25 90 2629.097
25 91 3006.060
25 92 4456.934
25 93 4627.746
25 94 2556.850
25 95 4407.385
25 96 4000.492
25 97 4223.797
25 98 6722.077
25 99 3130.163
25 100 8836.059
26 0 3615.764
26 1 7499.233
26 2 9629.432
26 3 4109.276
26 4 2979.818
26 5 3063.220
26 6 8429.339
26 7 2303.386
26 8 1335.141
26 9 2619.683
26 10 5933.537
26 11 3819.040
26 12 3694.257
26 13 5032.375
26 14 1941.134
26 15 3838.743
26 16 3385.912
26 17 2741.325
26 18 3884.830
26 19 5366.254
26 20 6986.145
26 21 5662.461
26 22 7226.913
26 23 6176.209
26 24 2698.747
26 25 6114.444
26 26 0.000
26 27 5273.220
26 28 4632.381
26 29 4247.430
26 30 5176.069
26 31 5907.188
26 32 6763.023
26 33 3120.989
26 34 1139.405
26 35 3144.377
26 36 886.859
26 37 3680.205
26 38 4756.656
26 39 4957.405
26 40 3351.175
26 41 6394.117
26 42 2186.193
26 43 2062.225
26 44 4636.323
26 45 3211.342
26 46 4652.718
26 47 5639.706
26 48 1317.856
26 49 2078.476
26 50 7043.713
26 51 2609.408
26 52 556.623
26 53 7430.831
26 54 8718.577
26 55 3606.136
26 56 5312.079
26 57 1671.701
26 58 3158.237
26 59 5278.045
26 60 2229.214
26 61 4527.865
26 62 3194.620
26 63 4581.577
26 64 8267.368
26 65 1633.530
26 66 5111.147
26 67 1997.011
26 68 6405.546
26 69 7840.295
26 70 4741.516
26 71 7420.217
26 72 2501.187
26 73 8182.159
26 74 3491.830
26 75 1963.560
26 76 1146.339
26 77 2819.492
26 78 1771.546
26 79 5272.498
26 80 2270.203
26 81 3185.973
26 82 2403.963
26 83 3549.726
26 84 6722.746
26 85 5533.694
26 86 6991.060
26 87 2700.302
26 88 7917.874
26 89 4476.242
26 90 8462.781
26 91 3758.662
26 92 4391.021
26 93 1489.417
26 94 4774.865
26 95 7984.256
26 96 4608.423
26 97 6251.964
26 98 1585.031
26 99 8893.600
26 100 2901.983
27 0 2851.782
27 1 3687.979
27 2 6286.332
27 3 6761.955
27 4 7170.604
27 5 2981.271
27 6 4160.965
27 7 5506.428
27 8 5265.754
27 9 3028.223
27 10 5150.682
27 11 1834.869
27 12 6150.367
27 13 8096.759
27 14 3854.175
27 15 7365.340
27 16 2005.318
27 17 2564.556
27 18 5063.635
27 19 907.296
27 20 4516.786
27 21 7857.558
27 22 5875.177
27 23 7956.106
27 24 5566.028
27 25 5638.401
27 26 5273.220
27 27 0.000
27 28 1281.227
27 29 6454.049
27 30 5911.247
27 31 8812.887
27 32 8533.190
27 33 5922.351
27 34 5599.773
27 35 4834.417
27 36 4413.355
27 37 1599.740
27 38 2302.104
27 39 4474.485
27 40 6963.695
27 41 4834.987
27 42 3233.036
27 43 5939.671
27 44 763.244
27 45 5688.290
27 46 3682.732
27 47 2763.595
27 48 4876.716
27 49 6388.427
27 50 5377.244
27 51 3442.034
27 52 5744.195
27 53 5013.250
27 54 4701.326
27 55 2391.618
27 56 1647.584
27 57 6471.187
27 58 4844.257
27 59 1097.325
27 60 3948.301
27 61 7328.397
27 62 2193.060
27 63 795.476
27 64 5164.474
27 65 6847.212
27 66 7422.039
27 67 3314.551
27 68 9354.752
27 69 5898.533
27 70 8227.994
27 71 4539.381
27 72 7268.150
27 73 5627.633
27 74 3801.758
27 75 5260.962
27 76 4291.936
27 77 6386.902
27 78 3841.759
27 79 3144.003
27 80 7184.925
27 81 7468.024
27 82 4546.793
27 83 7740.598
27 84 3702.933
27 85 8274.794
27 86 6396.588
27 87 4033.282
27 88 6341.306
27 89 4661.009
27 90 6427.721
27 91 3163.024
27 92 7713.184
27 93 4754.586
27 94 3104.046
27 95 3952.799
27 96 1674.809
27 97 8769.184
27 98 4350.207
27 99 6606.903
27 100 6304.458
28 0 3212.125
28 1 4941.550
28 2 7537.134
28 3 6907.798
28 4 6956.498
28 5 3107.798
28 6 5442.192
28 7 5394.669
28 8 4937.874
28 9 2927.352
28 10 5948.552
28 11 820.137
28 12 6292.970
28 13 8217.978
28 14 2931.570
28 15 7335.729
28 16 1963.703
28 17 2228.349
28 18 5390.088
28 19 2088.867
28 20 5609.124
28 21 8174.388
28 22 6832.858
28 23 8371.722
28 24 4438.970
28 25 6407.092
28 26 4632.381
28 27 1281.227
28 28 0.000
28 29 6681.932
28 30 6434.117
28 31 9001.072
28 32 8974.840
28 33 5959.288
28 34 4730.019
28 35 3636.001
28 36 3853.542
28 37 1427.235
28 38 3118.798
28 39 5135.032
28 40 5840.703
28 41 5772.773
28 42 2453.364
28 43 5716.987
28 44 1431.080
28 45 4505.221
28 46 4350.555
28 47 3797.740
28 48 3972.870
28 49 5410.420
28 50 6368.670
28 51 3435.053
28 52 5030.637
28 53 6119.803
28 54 5979.478
28 55 2699.353
28 56 2720.291
28 57 5590.416
28 58 5006.852
28 59 650.844
28 60 3854.040
28 61 7475.247
28 62 1452.895
28 63 669.261
28 64 6373.915
28 65 6261.590
28 66 7689.783
28 67 2874.907
28 68 9550.002
28 69 6961.296
28 70 8248.408
28 71 5700.213
28 72 6336.364
28 73 6776.603
28 74 4119.823
28 75 4233.236
28 76 3536.569
28 77 6282.006
28 78 3544.724
28 79 4038.135
28 80 6747.827
28 81 6425.093
28 82 4522.806
28 83 7551.630
28 84 4847.658
28 85 8482.131
28 86 7234.661
28 87 4100.119
28 88 7358.776
28 89 5180.247
28 90 7522.632
28 91 3584.273
28 92 7752.795
28 93 4476.275
28 94 3861.391
28 95 5226.643
28 96 2456.270
28 97 9048.971
28 98 3437.552
28 99 7743.466
28 100 5189.949
29 0 3602.406
29 1 6335.089
29 2 7453.105
29 3 509.801
29 4 2401.869
29 5 3577.408
29 6 7386.297
29 7 1945.201
29 8 2913.757
29 9 3801.633
29 10 3118.528
29 11 6137.967
29 12 553.177
29 13 1709.836
29 14 5479.157
29 15 1606.023
29 16 4719.006
29 17 4572.102
29 18 1425.625
29 19 5912.669
29 20 4940.751
29 21 1542.088
29 22 4220.391
29 23 1947.781
29 24 6899.259
29 25 2945.068
29 26 4247.430
29 27 6454.049
29 28 6681.932
29 29 0.000
29 30 1584.235
29 31 2359.273
29 32 2555.069
29 33 1128.459
29 34 5382.798
29 35 7129.770
29 36 4057.124
29 37 5255.934
29 38 4438.601
29 39 2691.891
29 40 7569.247
29 41 3931.875
29 42 5131.279
29 43 2299.350
29 44 5703.562
29 45 7394.794
29 46 3185.845
29 47 4768.433
29 48 5430.126
29 49 6257.453
29 50 4344.864
29 51 3276.690
29 52 4619.104
29 53 5151.008
29 54 7354.495
29 55 4079.190
29 56 5331.803
29 57 5705.677
29 58 1678.515
29 59 7143.325
29 60 2974.883
29 61 948.548
29 62 5507.209
29 63 6204.486
29 64 6238.009
29 65 4211.574
29 66 1016.713
29 67 4225.094
29 68 2900.851
29 69 5052.151
29 70 2059.810
29 71 5512.360
29 72 6370.241
29 73 5745.856
29 74 2652.618
29 75 6155.683
29 76 4802.178
29 77 1693.612
29 78 3532.028
29 79 4124.712
29 80 3545.919
29 81 7237.473
29 82 2312.804
29 83 2547.327
29 84 5252.363
29 85 1821.070
29 86 3537.532
29 87 2603.859
29 88 4845.668
29 89 2138.268
29 90 5563.483
29 91 3304.854
29 92 1573.808
29 93 2931.970
29 94 3777.695
29 95 6846.343
29 96 4877.177
29 97 2370.190
29 98 5431.607
29 99 6068.490
29 100 7149.017
30 0 3224.839
30 1 5020.556
30 2 5899.582
30 3 2089.728
30 4 3931.512
30 5 3450.636
30 6 6050.308
30 7 3002.062
30 8 3890.385
30 9 3860.471
30 10 1595.676
30 11 6058.800
30 12 1906.258
30 13 3042.598
30 14 5955.469
30 15 3189.732
30 16 4535.345
30 17 4616.314
30 18 1325.177
30 19 5206.979
30 20 3480.251
30 21 2203.725
30 22 2636.235
30 23 2097.773
30 24 7642.863
30 25 1363.785
30 26 5176.069
30 27 5911.247
30 28 6434.117
30 29 1584.235
30 30 0.000
30 31 3405.267
30 32 2638.135
30 33 2366.754
30 34 6300.404
30 35 7681.552
30 36 4736.917
30 37 5044.134
30 38 3662.109
30 39 1525.195
30 40 8517.579
30 41 2434.731
30 42 5446.268
30 43 3533.484
30 44 5221.360
30 45 8101.220
30 46 2261.251
30 47 3707.641
30 48 6170.483
30 49 7253.415
30 50 2781.944
30 51 3376.095
30 52 5640.500
30 53 3629.913
30 54 5943.177
30 55 3737.003
30 56 4516.259
30 57 6781.087
30 58 2041.016
30 59 6778.371
30 60 3316.116
30 61 2398.281
30 62 5522.628
30 63 5856.115
30 64 4727.588
30 65 5518.469
30 66 1993.256
30 67 4521.792
30 68 3869.040
30 69 3471.019
30 70 3535.545
30 71 4053.473
30 72 7527.150
30 73 4186.306
30 74 2380.305
30 75 6917.240
30 76 5429.296
30 77 3111.990
30 78 3957.757
30 79 3074.118
30 80 4980.625
30 81 8326.303
30 82 2833.166
30 83 4126.517
30 84 3927.918
30 85 2883.975
30 86 1995.844
30 87 2804.281
30 88 3265.388
30 89 1259.307
30 90 3979.567
30 91 2849.889
30 92 3098.308
30 93 3702.564
30 94 2880.669
30 95 5510.799
30 96 4240.013
30 97 3119.889
30 98 6039.624
30 99 4484.308
30 100 8018.573
31 0 5961.109
31 1 8425.510
31 2 9100.998
31 3 2095.204
31 4 3102.152
31 5 5912.227
31 6 9454.983
31 7 3835.417
31 8 4690.490
31 9 6087.250
31 10 4963.159
31 11 8415.295
31 12 2708.342
31 13 875.481
31 14 7483.823
31 15 2082.503
31 16 7045.305
31 17 6839.300
31 18 3771.395
31 19 8264.257
31 20 6857.901
31 21 1243.824
31 22 5735.230
31 23 1726.696
31 24 8597.097
31 25 4613.698
31 26 5907.188
31 27 8812.887
31 28 9001.072
31 29 2359.273
31 30 3405.267
31 31 0.000
31 32 1808.990
31 33 3099.875
31 34 6958.637
31 35 9008.912
31 36 5988.046
31 37 7581.135
31 38 6771.313
31 39 4850.295
31 40 8978.446
31 41 5802.276
31 42 7256.207
31 43 3858.920
31 44 8061.120
31 45 9113.198
31 46 5460.366
31 47 7017.204
31 48 7206.670
31 49 7665.765
31 50 6031.500
31 51 5569.657
31 52 6118.946
31 53 6946.182
31 54 9330.533
31 55 6433.971
31 56 7663.552
31 57 7028.120
31 58 4002.069
31 59 9483.119
31 60 5200.494
31 61 1532.726
31 62 7762.355
31 63 8546.568
31 64 8041.534
31 65 5238.375
31 66 1450.572
31 67 6398.848
31 68 549.091
31 69 6587.151
31 70 1310.085
31 71 7426.499
31 72 7500.921
31 73 7402.109
31 74 5011.824
31 75 7868.982
31 76 6723.671
31 77 3101.796
31 78 5678.130
31 79 6370.446
31 80 4326.303
31 81 8439.906
31 82 4519.123
31 83 2738.718
31 84 7332.568
31 85 545.819
31 86 4825.145
31 87 4901.240
31 88 6214.951
31 89 4381.439
31 90 6963.080
31 91 5662.940
31 92 1523.149
31 93 4904.456
31 94 6072.903
31 95 8915.779
31 96 7231.592
31 97 647.742
31 98 7333.056
31 99 7463.060
31 100 8685.070
32 0 5772.853
32 1 7412.117
32 2 7672.304
32 3 2659.802
32 4 4382.967
32 5 5896.818
32 6 8385.818
32 7 4478.812
32 8 5440.301
32 9 6215.114
32 10 3906.958
32 11 8520.010
32 12 3096.668
32 13 2248.013
32 14 8027.223
32 15 3305.345
32 16 7029.810
32 17 6993.077
32 18 3598.506
32 19 7844.320
32 20 5720.194
32 21 1130.222
32 22 4355.172
32 23 619.040
32 24 9438.580
32 25 3456.173
32 26 6763.023
32 27 8533.190
32 28 8974.840
32 29 2555.069
32 30 2638.135
32 31 1808.990
32 32 0.000
32 33 3654.243
32 34 7886.951
32 35 9684.802
32 36 6612.049
32 37 7557.627
32 38 6299.656
32 39 4150.562
32 40 10038.248
32 41 4688.427
32 42 7649.118
32 43 4737.998
32 44 7827.205
32 45 9938.643
32 46 4899.386
32 47 6306.845
32 48 7976.252
32 49 8716.878
32 50 4749.750
32 51 5694.228
32 52 7092.160
32 53 5696.743
32 54 8162.029
32 55 6283.013
32 56 7153.279
32 57 8127.947
32 58 4117.610
32 59 9362.115
32 60 5468.965
32 61 2337.170
32 62 7927.335
32 63 8428.948
32 64 6754.817
32 65 6472.367
32 66 1662.344
32 67 6729.180
32 68 1937.267
32 69 5169.819
32 70 2886.375
32 71 6259.300
32 72 8718.880
32 73 6028.922
32 74 4855.837
32 75 8695.014
32 76 7357.247
32 77 4021.249
32 78 6057.783
32 79 5687.743
32 80 5648.205
32 81 9625.980
32 82 4833.901
32 83 4197.446
32 84 6347.801
32 85 1662.427
32 86 3384.855
32 87 5038.316
32 88 4719.667
32 89 3872.965
32 90 5451.261
32 91 5414.766
32 92 2821.854
32 93 5486.635
32 94 5518.201
32 95 7861.687
32 96 6868.054
32 97 1173.036
32 98 7986.669
32 99 5931.463
32 100 9653.825
33 0 3134.809
33 1 6451.769
33 2 7919.677
33 3 1049.909
33 4 1700.472
33 5 2944.743
33 6 7501.663
33 7 824.594
33 8 1789.682
33 9 3031.955
33 10 3649.530
33 11 5335.837
33 12 576.527
33 13 2272.742
33 14 4442.599
33 15 1457.379
33 16 4033.340
33 17 3761.490
33 18 1460.970
33 19 5514.545
33 20 5285.382
33 21 2580.600
33 22 4885.112
33 23 3058.966
33 24 5784.717
33 25 3617.538
33 26 3120.989
33 27 5922.351
33 28 5959.288
33 29 1128.459
33 30 2366.754
33 31 3099.875
33 32 3654.243
33 33 0.000
33 34 4255.034
33 35 6053.340
33 36 2980.863
33 37 4560.432
33 38 4175.411
33 39 2939.756
33 40 6441.264
33 41 4374.450
33 42 4164.960
33 43 1200.846
33 44 5159.158
33 45 6284.423
33 46 3169.319
33 47 4708.339
33 48 4322.728
33 49 5130.811
33 50 4898.115
33 51 2532.570
33 52 3491.982
33 53 5586.428
33 54 7565.810
33 55 3539.753
33 56 5042.160
33 57 4586.494
33 58 1152.591
33 59 6478.623
33 60 2116.159
33 61 1574.731
33 62 4673.851
33 63 5555.852
33 64 6626.791
33 65 3168.791
33 66 2027.225
33 67 3299.018
33 68 3644.886
33 69 5663.873
33 70 2308.836
33 71 5835.277
33 72 5270.065
33 73 6255.656
33 74 2267.793
33 75 5041.071
33 76 3728.277
33 77 786.216
33 78 2579.079
33 79 4102.246
33 80 2621.525
33 81 6123.507
33 82 1438.187
33 83 2085.999
33 84 5417.868
33 85 2622.846
33 86 4355.770
33 87 1893.706
33 88 5554.454
33 89 2325.265
33 90 6228.475
33 91 2929.794
33 92 1800.279
33 93 1859.459
33 94 3665.747
33 95 6973.402
33 96 4481.800
33 97 3287.675
33 98 4354.843
33 99 6719.233
33 100 6021.770
34 0 4454.785
34 1 8247.504
34 2 10502.525
34 3 5228.606
34 4 3933.548
34 5 3890.257
34 6 9119.664
34 7 3440.739
34 8 2473.582
34 9 3383.922
34 10 6983.807
34 11 3917.765
34 12 4829.707
34 13 6088.619
34 14 1798.953
34 15 4877.073
34 16 3924.544
34 17 3261.101
34 18 4997.586
34 19 5863.842
34 20 7905.107
34 21 6778.988
34 22 8267.124
34 23 7305.116
34 24 1664.414
34 25 7193.401
34 26 1139.405
34 27 5599.773
34 28 4730.019
34 29 5382.798
34 30 6300.404
34 31 6958.637
34 32 7886.951
34 33 4255.034
34 34 0.000
34 35 2327.500
34 36 1702.499
34 37 4084.996
34 38 5513.631
34 39 5991.686
34 40 2217.605
34 41 7390.392
34 42 2367.173
34 43 3160.041
34 44 5064.474
34 45 2181.937
34 46 5612.610
34 47 6430.184
34 48 764.049
34 49 997.402
34 50 8050.979
34 51 3508.600
34 52 847.131
34 53 8370.869
34 54 9464.057
34 55 4340.045
34 56 5943.985
34 57 871.450
34 58 4270.336
34 59 5377.509
34 60 3220.011
34 61 5625.972
34 62 3410.973
34 63 4839.478
34 64 9145.538
34 65 2101.434
34 66 6230.049
34 67 2611.403
34 68 7439.936
34 69 8841.737
34 70 5746.692
34 71 8303.136
34 72 1690.864
34 73 9126.758
34 74 4489.486
34 75 1001.025
34 76 1360.626
34 77 3906.898
34 78 2659.471
34 79 6137.288
34 80 2979.866
34 81 2163.428
34 82 3497.302
34 83 4459.845
34 84 7559.546
34 85 6611.746
34 86 8081.223
34 87 3726.515
34 88 8954.163
34 89 5544.303
34 90 9468.292
34 91 4658.857
34 92 5435.681
34 93 2599.177
34 94 5654.316
34 95 8709.071
34 96 5252.228
34 97 7335.707
34 98 1294.647
34 99 9882.104
34 100 1767.617
35 0 5003.489
35 1 8204.986
35 2 10709.075
35 3 7095.066
35 4 6122.891
35 5 4512.160
35 6 8886.999
35 7 5239.463
35 8 4323.982
35 9 3987.794
35 10 7939.853
35 11 3010.446
35 12 6592.666
35 13 8134.016
35 14 1730.924
35 15 6962.827
35 16 3917.144
35 17 3415.453
35 18 6365.443
35 19 5428.066
35 20 8356.680
35 21 8633.310
35 22 9125.334
35 23 9074.790
35 24 982.423
35 25 8266.656
35 26 3144.377
35 27 4834.417
35 28 3636.001
35 29 7129.770
35 30 7681.552
35 31 9008.912
35 32 9684.802
35 33 6053.340
35 34 2327.500
35 35 0.000
35 36 3074.493
35 37 3759.673
35 38 5715.583
35 39 6943.579
35 40 2288.616
35 41 8121.616
35 42 2343.798
35 43 5151.424
35 44 4590.268
35 45 875.563
35 46 6347.183
35 47 6622.721
35 48 1826.938
35 49 2370.566
35 50 8790.238
35 51 4375.626
35 52 3114.140
35 53 8865.896
35 54 9355.562
35 55 4662.681
35 56 5799.888
35 57 2880.246
35 58 5687.705
35 59 4186.461
35 60 4365.503
35 61 7569.414
35 62 2909.657
35 63 4049.449
35 64 9416.421
35 65 4427.641
35 66 8080.368
35 67 3204.000
35 68 9520.703
35 69 9527.681
35 70 7878.073
35 71 8626.156
35 72 3317.165
35 73 9604.923
35 74 5455.848
35 75 1336.905
35 76 2327.881
35 77 5907.175
35 78 3725.022
35 79 6552.269
35 80 5283.328
35 81 3050.113
35 82 4906.632
35 83 6685.502
35 84 7792.489
35 85 8603.151
35 86 9177.514
35 87 4880.458
35 88 9771.527
35 89 6659.344
35 90 10147.600
35 91 5331.591
35 92 7507.233
35 93 4200.130
35 94 6154.819
35 95 8582.439
35 96 5221.854
35 97 9305.976
35 98 1699.099
35 99 10485.336
35 100 1692.231
36 0 2785.084
36 1 6642.610
36 2 8827.621
36 3 4026.153
36 4 3321.891
36 5 2223.536
36 6 7559.140
36 7 2173.860
36 8 1318.472
36 9 1751.883
36 10 5300.794
36 11 3057.817
36 12 3518.308
36 13 5119.055
36 14 1502.932
36 15 3997.683
36 16 2501.611
36 17 1863.636
36 18 3413.225
36 19 4481.059
36 20 6211.692
36 21 5559.550
36 22 6576.591
36 23 6003.839
36 24 2908.075
36 25 5533.585
36 26 886.859
36 27 4413.355
36 28 3853.542
36 29 4057.124
36 30 4736.917
36 31 5988.046
36 32 6612.049
36 33 2980.863
36 34 1702.499
36 35 3074.493
36 36 0.000
36 37 2814.865
36 38 3897.399
36 39 4302.489
36 40 3853.489
36 41 5688.834
36 42 1476.893
36 43 2181.055
36 44 3760.295
36 45 3378.104
36 46 3910.374
36 47 4794.197
36 48 1433.634
36 49 2699.662
36 50 6350.650
36 51 1811.458
36 52 1420.924
36 53 6672.730
36 54 7862.446
36 55 2736.172
36 56 4429.210
36 57 2437.138
36 58 2698.513
36 59 4489.022
36 60 1527.938
36 61 4515.058
36 62 2401.083
36 63 3745.397
36 64 7467.459
36 65 2438.624
36 66 5007.007
36 67 1114.140
36 68 6514.073
36 69 7140.283
36 70 4935.266
36 71 6622.341
36 72 3288.807
36 73 7428.090
36 74 2791.611
36 75 2180.438
36 76 747.446
36 77 2908.229
36 78 959.356
36 79 4460.898
36 80 2904.210
36 81 3863.917
36 82 1904.551
36 83 3921.926
36 84 5899.087
36 85 5557.817
36 86 6432.015
36 87 2046.196
36 88 7261.255
36 89 3880.861
36 90 7767.173
36 91 2965.754
36 92 4518.911
36 93 1125.768
36 94 3970.835
36 95 7121.662
36 96 3725.740
36 97 6249.712
36 98 1375.409
36 99 8179.642
36 100 3306.006
37 0 1822.597
37 1 4451.033
37 2 6952.630
37 3 5490.316
37 4 5661.652
37 5 1680.578
37 6 5186.081
37 7 4042.538
37 8 3701.926
37 9 1540.602
37 10 4703.432
37 11 1067.468
37 12 4874.512
37 13 6807.224
37 14 2433.816
37 15 5961.966
37 16 536.928
37 17 967.913
37 18 3966.772
37 19 1791.841
37 20 4694.231
37 21 6747.362
37 22 5709.985
37 23 6951.866
37 24 4314.449
37 25 5133.387
37 26 3680.205
37 27 1599.740
37 28 1427.235
37 29 5255.934
37 30 5044.134
37 31 7581.135
37 32 7557.627
37 33 4560.432
37 34 4084.996
37 35 3759.673
37 36 2814.865
37 37 0.000
37 38 2044.574
37 39 3820.176
37 40 5671.010
37 41 4654.218
37 42 1741.988
37 43 4420.800
37 44 979.785
37 45 4539.994
37 46 3062.616
37 47 2902.579
37 48 3399.363
37 49 4938.537
37 50 5293.205
37 51 2028.011
37 52 4163.264
37 53 5211.020
37 54 5619.541
37 55 1315.664
37 56 2043.835
37 57 4951.516
37 58 3582.689
37 59 1918.789
37 60 2480.442
37 61 6058.768
37 62 850.052
37 63 1014.112
37 64 5674.860
37 65 5247.487
37 66 6262.839
37 67 1715.236
37 68 8129.765
37 69 5963.770
37 70 6861.657
37 71 4906.650
37 72 5772.167
37 73 5926.422
37 74 2702.230
37 75 3884.813
37 76 2743.176
37 77 4932.140
37 78 2274.987
37 79 2952.469
37 80 5600.626
37 81 6064.758
37 82 3132.053
37 83 6245.881
37 84 4059.629
37 85 7059.522
37 86 5997.934
37 87 2684.139
37 88 6293.872
37 89 3801.272
37 90 6561.814
37 91 2203.324
37 92 6359.424
37 93 3204.047
37 94 2661.868
37 95 4846.063
37 96 1476.864
37 97 7622.118
37 98 2896.894
37 99 6849.315
37 100 5012.471
38 0 1195.502
38 1 2745.225
38 2 5048.662
38 3 4825.678
38 4 5703.386
38 5 1704.757
38 6 3682.392
38 7 4020.315
38 8 4171.513
38 9 2146.303
38 10 2864.092
38 11 3076.402
38 12 4248.940
38 13 6141.297
38 14 4180.478
38 15 5621.331
38 16 1798.613
38 17 2364.969
38 18 3013.112
38 19 1544.907
38 20 2656.401
38 21 5718.586
38 22 3720.276
38 23 5743.625
38 24 6137.167
38 25 3344.139
38 26 4756.656
38 27 2302.104
38 28 3118.798
38 29 4438.601
38 30 3662.109
38 31 6771.313
38 32 6299.656
38 33 4175.411
38 34 5513.631
38 35 5715.583
38 36 3897.399
38 37 2044.574
38 38 0.000
38 39 2183.593
38 40 7412.182
38 41 2658.834
38 42 3462.033
38 43 4584.921
38 44 1716.563
38 45 6434.612
38 46 1403.262
38 47 929.383
38 48 4966.678
38 49 6474.556
38 50 3273.942
38 51 2206.814
38 52 5308.548
38 53 3171.799
38 54 3965.055
38 55 1173.614
38 56 893.268
38 57 6317.268
38 58 3023.230
38 59 3289.546
38 60 2707.387
38 61 5368.701
38 62 2852.694
38 63 2459.405
38 64 3720.752
38 65 6045.171
38 66 5335.299
38 67 2906.163
38 68 7296.895
38 69 3922.533
38 70 6385.740
38 71 2913.466
38 72 7170.095
38 73 3897.624
38 74 1908.237
38 75 5590.179
38 76 4179.979
38 77 4808.516
38 78 2992.257
38 79 925.946
38 80 6084.296
38 81 7645.403
38 82 3055.106
38 83 6202.963
38 84 2096.160
38 85 6225.685
38 86 4133.465
38 87 2494.425
38 88 4272.648
38 89 2445.450
38 90 4517.601
38 91 1260.980
38 92 5865.520
38 93 3656.625
38 94 803.286
38 95 3227.731
38 96 665.404
38 97 6645.867
38 98 4550.510
38 99 4807.951
38 100 6773.077
39 0 2041.375
39 1 3643.254
39 2 4994.153
39 3 3173.514
39 4 4640.070
39 5 2447.007
39 6 4694.495
39 7 3230.918
39 8 3869.054
39 9 2957.676
39 10 1006.161
39 11 4879.529
39 12 2733.055
39 13 4362.597
39 14 5228.440
39 15 4184.117
39 16 3363.427
39 17 3616.172
39 18 1479.169
39 19 3721.509
39 20 2345.626
39 21 3695.244
39 22 2275.438
39 23 3622.453
39 24 7089.666
39 25 1340.304
39 26 4957.405
39 27 4474.485
39 28 5135.032
39 29 2691.891
39 30 1525.195
39 31 4850.295
39 32 4150.562
39 33 2939.756
39 34 5991.686
39 35 6943.579
39 36 4302.489
39 37 3820.176
39 38 2183.593
39 39 0.000
39 40 8151.909
39 41 1488.924
39 42 4609.097
39 43 3849.725
39 44 3827.905
39 45 7495.190
39 46 794.885
39 47 2187.464
39 48 5683.255
39 49 6986.468
39 50 2102.484
39 51 2592.697
39 52 5489.550
39 53 2665.137
39 54 4681.041
39 55 2516.539
39 56 3009.268
39 57 6628.670
39 58 2003.451
39 59 5407.916
39 60 2774.758
39 61 3631.029
39 62 4436.598
39 63 4515.470
39 64 3687.980
39 65 5737.378
39 66 3402.924
39 67 3748.809
39 68 5341.827
39 69 2901.021
39 70 4751.473
39 71 2898.137
39 72 7445.834
39 73 3367.439
39 74 1522.510
39 75 6412.307
39 76 4880.435
39 77 3717.138
39 78 3377.148
39 79 1549.743
39 80 5432.754
39 81 8131.938
39 82 2594.367
39 83 4993.668
39 84 2561.736
39 85 4311.942
39 86 2243.193
39 87 2266.065
39 88 2963.439
39 89 614.494
39 90 3515.698
39 91 1666.649
39 92 4258.101
39 93 3500.547
39 94 1383.810
39 95 4154.724
39 96 2802.291
39 97 4622.007
39 98 5430.333
39 99 3965.639
39 100 7582.416
40 0 6468.080
40 1 10072.935
40 2 12459.151
40 3 7380.481
40 4 5882.470
40 5 5913.101
40 6 10854.799
40 7 5638.030
40 8 4677.195
40 9 5379.679
40 10 9152.757
40 11 5133.126
40 12 7017.736
40 13 8126.398
40 14 3256.968
40 15 6907.094
40 16 5673.119
40 17 5052.681
40 18 7211.836
40 19 7441.080
40 20 9937.872
40 21 8917.739
40 22 10422.704
40 23 9469.950
40 24 1402.276
40 25 9384.735
40 26 3351.175
40 27 6963.695
40 28 5840.703
40 29 7569.247
40 30 8517.579
40 31 8978.446
40 32 10038.248
40 33 6441.264
40 34 2217.605
40 35 2288.616
40 36 3853.489
40 37 5671.010
40 38 7412.182
40 39 8151.909
40 40 0.000
40 41 9507.928
40 42 3977.296
40 43 5301.582
40 44 6599.559
40 45 1444.463
40 46 7711.668
40 47 8341.565
40 48 2490.292
40 49 1322.655
40 50 10175.663
40 51 5601.453
40 52 2951.565
40 53 10422.876
40 54 11267.249
40 55 6259.423
40 56 7684.987
40 57 1951.469
40 58 6484.989
40 59 6426.244
40 60 5380.057
40 61 7737.441
40 62 4855.860
40 63 6168.227
40 64 11119.650
40 65 3784.520
40 66 8376.034
40 67 4555.026
40 68 9425.592
40 69 10956.777
40 70 7710.824
40 71 10291.135
40 72 1715.392
40 73 11178.481
40 74 6633.932
40 75 1822.006
40 76 3304.221
40 77 6022.369
40 78 4778.608
40 79 8135.284
40 80 4732.372
40 81 952.108
40 82 5706.606
40 83 6330.807
40 84 9503.371
40 85 8680.322
40 86 10279.458
40 87 5899.647
40 88 11103.851
40 89 7732.289
40 90 11584.968
40 91 6720.999
40 92 7464.793
40 93 4815.433
40 94 7676.253
40 95 10496.640
40 96 7035.404
40 97 9408.729
40 98 2861.926
40 99 11978.790
40 100 660.985
41 0 3119.321
41 1 2726.859
41 2 3550.541
41 3 4438.959
41 4 6069.516
41 5 3635.707
41 6 3701.833
41 7 4716.516
41 8 5349.486
41 9 4173.744
41 10 841.622
41 11 5711.397
41 12 4091.638
41 13 5477.121
41 14 6452.658
41 15 5509.593
41 16 4301.189
41 17 4711.288
41 18 2923.321
41 19 3954.711
41 20 1056.197
41 21 4568.546
41 22 1061.494
41 23 4292.369
41 24 8373.215
41 25 1233.232
41 26 6394.117
41 27 4834.987
41 28 5772.773
41 29 3931.875
41 30 2434.731
41 31 5802.276
41 32 4688.427
41 33 4374.450
41 34 7390.392
41 35 8121.616
41 36 5688.834
41 37 4654.218
41 38 2658.834
41 39 1488.924
41 40 9507.928
41 41 0.000
41 42 5781.724
41 43 5333.461
41 44 4353.303
41 45 8744.817
41 46 1800.052
41 47 2091.028
41 48 7020.356
41 49 8387.793
41 50 671.552
41 51 3906.481
41 52 6935.521
41 53 1223.436
41 54 3529.818
41 55 3482.551
41 56 3193.594
41 57 8064.592
41 58 3491.134
41 59 5891.378
41 60 4176.665
41 61 4814.208
41 62 5401.109
41 63 5108.477
41 64 2306.337
41 65 7225.674
41 66 4422.169
41 67 4999.675
41 68 6231.359
41 69 1451.466
41 70 5954.647
41 71 1624.613
41 72 8892.636
41 73 1886.068
41 74 2905.687
41 75 7729.312
41 76 6207.546
41 77 5159.554
41 78 4738.625
41 79 1734.944
41 80 6912.030
41 81 9546.408
41 82 4068.098
41 83 6378.811
41 84 1690.031
41 85 5297.563
41 86 1648.950
41 87 3694.299
41 88 1654.442
41 89 2079.929
41 90 2078.795
41 91 2810.716
41 92 5496.145
41 93 4962.324
41 94 2001.926
41 95 3174.158
41 96 3317.019
41 97 5440.488
41 98 6715.340
41 99 2499.602
41 100 8914.830
42 0 2662.416
42 1 6095.647
42 2 8507.236
42 3 5206.415
42 4 4769.180
42 5 2169.691
42 6 6891.212
42 7 3431.620
42 8 2727.993
42 9 1651.819
42 10 5600.842
42 11 1635.778
42 12 4635.481
42 13 6406.327
42 14 722.018
42 15 5354.832
42 16 1696.352
42 17 1101.748
42 18 4161.418
42 19 3533.687
42 20 6061.745
42 21 6672.211
42 22 6781.652
42 23 7030.389
42 24 2675.235
42 25 5939.471
42 26 2186.193
42 27 3233.036
42 28 2453.364
42 29 5131.279
42 30 5446.268
42 31 7256.207
42 32 7649.118
42 33 4164.960
42 34 2367.173
42 35 2343.798
42 36 1476.893
42 37 1741.988
42 38 3462.033
42 39 4609.097
42 40 3977.296
42 41 5781.724
42 42 0.000
42 43 3579.296
42 44 2714.296
42 45 2987.186
42 46 4003.464
42 47 4388.361
42 48 1659.695
42 49 3196.730
42 50 6451.470
42 51 2078.898
42 52 2579.160
42 53 6564.295
42 54 7291.415
42 55 2349.546
42 56 3712.189
42 57 3238.437
42 58 3542.469
42 59 3102.465
42 60 2184.304
42 61 5739.189
42 62 1051.898
42 63 2480.500
42 64 7182.656
42 65 3819.415
42 66 6133.600
42 67 929.261
42 68 7796.218
42 69 7196.357
42 70 6295.557
42 71 6369.070
42 72 4043.521
42 73 7311.428
42 74 3144.048
42 75 2165.520
42 76 1086.967
42 77 4258.662
42 78 1599.830
42 79 4249.331
42 80 4370.623
42 81 4325.694
42 82 2820.085
42 83 5371.655
42 84 5558.073
42 85 6787.782
42 86 6848.841
42 87 2656.529
42 88 7429.614
42 89 4357.461
42 90 7819.013
42 91 2987.812
42 92 5846.235
42 93 2377.550
42 94 3830.462
42 95 6521.881
42 96 3058.173
42 97 7444.181
42 98 1156.070
42 99 8169.701
42 100 3327.278
43 0 3415.560
43 1 7117.811
43 2 8830.871
43 3 2079.003
43 4 1242.010
43 5 3041.357
43 6 8144.714
43 7 621.889
43 8 863.075
43 9 2911.823
43 10 4680.632
43 11 4995.139
43 12 1762.648
43 13 2983.553
43 14 3682.069
43 15 1822.503
43 16 3943.348
43 17 3497.687
43 18 2443.806
43 19 5707.791
43 20 6155.582
43 21 3622.443
43 22 5955.836
43 23 4168.945
43 24 4760.964
43 25 4715.811
43 26 2062.225
43 27 5939.671
43 28 5716.987
43 29 2299.350
43 30 3533.484
43 31 3858.920
43 32 4737.998
43 33 1200.846
43 34 3160.041
43 35 5151.424
43 36 2181.055
43 37 4420.800
43 38 4584.921
43 39 3849.725
43 40 5301.582
43 41 5333.461
43 42 3579.296
43 43 0.000
43 44 5192.489
43 45 5273.252
43 46 3877.823
43 47 5280.526
43 48 3348.889
43 49 3981.735
43 50 5908.840
43 51 2530.098
43 52 2354.280
43 53 6510.908
43 54 8288.194
43 55 3690.162
43 56 5375.545
43 57 3411.271
43 58 1850.388
43 59 6302.184
43 60 2003.239
43 61 2468.004
43 62 4311.932
43 63 5433.713
43 64 7500.268
43 65 1985.253
43 66 3076.705
43 67 2861.398
43 68 4369.485
43 69 6694.890
43 70 2756.119
43 71 6676.865
43 72 4073.496
43 73 7216.689
43 74 2768.741
43 75 4024.765
43 76 2891.871
43 77 759.053
43 78 2172.350
43 79 4739.088
43 80 1589.052
43 81 4938.681
43 82 1529.956
43 83 1834.648
43 84 6151.738
43 85 3472.444
43 86 5501.066
43 87 2090.910
43 88 6638.763
43 89 3254.576
43 90 7282.525
43 91 3338.149
43 92 2357.796
43 93 1243.274
43 94 4254.423
43 95 7636.655
43 96 4730.495
43 97 4189.760
43 98 3486.455
43 99 7760.418
43 100 4922.329
44 0 2102.578
44 1 3651.761
44 2 6218.787
44 3 6003.954
44 4 6419.176
44 5 2218.325
44 6 4297.167
44 7 4748.925
44 8 4539.230
44 9 2285.834
44 10 4576.218
44 11 1624.054
44 12 5391.353
44 13 7338.275
44 14 3390.962
44 15 6602.268
44 16 1285.663
44 17 1896.661
44 18 4323.402
44 19 843.503
44 20 4183.162
44 21 7123.049
44 22 5411.158
44 23 7242.512
44 24 5223.331
44 25 5049.650
44 26 4636.323
44 27 763.244
44 28 1431.080
44 29 5703.562
44 30 5221.360
44 31 8061.120
44 32 7827.205
44 33 5159.158
44 34 5064.474
44 35 4590.268
44 36 3760.295
44 37 979.785
44 38 1716.563
44 39 3827.905
44 40 6599.559
44 41 4353.303
44 42 2714.296
44 43 5192.489
44 44 0.000
44 45 5408.647
44 46 3033.174
44 47 2368.164
44 48 4373.818
44 49 5909.986
44 50 4940.858
44 51 2683.942
44 52 5130.645
44 53 4695.799
44 54 4771.903
44 55 1631.774
44 56 1313.257
44 57 5931.279
44 58 4084.435
44 59 1582.452
44 60 3195.245
44 61 6571.126
44 62 1743.945
44 63 761.829
44 64 5003.805
44 65 6176.303
44 66 6678.704
44 67 2647.884
44 68 8604.303
44 69 5530.610
44 70 7465.085
44 71 4297.655
44 72 6750.866
44 73 5364.630
44 74 3053.974
44 75 4835.161
44 76 3722.399
44 77 5627.350
44 78 3123.604
44 79 2622.256
44 80 6471.295
44 81 7027.133
44 82 3785.800
44 83 6985.671
44 84 3441.640
44 85 7524.631
44 86 5849.850
44 87 3270.163
44 88 5929.001
44 89 3963.947
44 90 6094.721
44 91 2428.173
44 92 6950.554
44 93 4022.417
44 94 2492.935
44 95 4000.701
44 96 1052.077
44 97 8029.771
44 98 3865.150
44 99 6324.976
44 100 5938.900
45 0 5631.865
45 1 8990.520
45 2 11462.720
45 3 7301.099
45 4 6113.715
45 5 5109.955
45 6 9703.638
45 7 5459.909
45 8 4503.158
45 9 4573.319
45 10 8499.970
45 11 3856.673
45 12 6845.717
45 13 8239.533
45 14 2293.289
45 15 7037.005
45 16 4642.262
45 17 4087.542
45 18 6776.108
45 19 6250.651
45 20 9048.682
45 21 8853.829
45 22 9721.700
45 23 9340.252
45 24 518.321
45 25 8794.344
45 26 3211.342
45 27 5688.290
45 28 4505.221
45 29 7394.794
45 30 8101.220
45 31 9113.198
45 32 9938.643
45 33 6284.423
45 34 2181.937
45 35 875.563
45 36 3378.104
45 37 4539.994
45 38 6434.612
45 39 7495.190
45 40 1444.463
45 41 8744.817
45 42 2987.186
45 43 5273.252
45 44 5408.647
45 45 0.000
45 46 6951.330
45 47 7354.395
45 48 1965.206
45 49 1858.660
45 50 9416.186
45 51 4902.956
45 52 3028.064
45 53 9551.468
45 54 10156.546
45 55 5336.722
45 56 6583.482
45 57 2478.251
45 58 6070.616
45 59 5061.288
45 60 4809.143
45 61 7736.077
45 62 3694.002
45 63 4898.591
45 64 10152.351
45 65 4222.687
45 66 8300.448
45 67 3754.531
45 68 9604.168
45 69 10171.668
45 70 7920.247
45 71 9347.312
45 72 2717.769
45 73 10298.423
45 74 5981.318
45 75 1249.076
45 76 2672.249
45 77 6030.833
45 78 4168.206
45 79 7236.463
45 80 5138.213
45 81 2283.018
45 82 5277.052
45 83 6641.492
45 84 8526.192
45 85 8745.032
45 86 9704.315
45 87 5336.076
45 88 10382.737
45 89 7158.369
45 90 10796.452
45 91 5935.423
45 92 7593.054
45 93 4480.081
45 94 6814.491
45 95 9382.860
45 96 5978.518
45 97 9462.936
45 98 2074.691
45 99 11154.267
45 100 923.997
46 0 1353.332
46 1 3284.719
46 2 5024.270
46 3 3623.829
46 4 4830.392
46 5 1841.988
46 6 4332.845
46 7 3260.801
46 8 3719.088
46 9 2378.036
46 10 1649.045
46 11 4128.193
46 12 3100.795
46 13 4893.628
46 14 4661.763
46 15 4540.989
46 16 2632.003
46 17 2957.603
46 18 1801.301
46 19 2947.643
46 20 2349.007
46 21 4359.625
46 22 2778.194
46 23 4350.161
46 24 6574.482
46 25 2071.138
46 26 4652.718
46 27 3682.732
46 28 4350.555
46 29 3185.845
46 30 2261.251
46 31 5460.366
46 32 4899.386
46 33 3169.319
46 34 5612.610
46 35 6347.183
46 36 3910.374
46 37 3062.616
46 38 1403.262
46 39 794.885
46 40 7711.668
46 41 1800.052
46 42 4003.464
46 43 3877.823
46 44 3033.174
46 45 6951.330
46 46 0.000
46 47 1584.666
46 48 5222.670
46 49 6609.256
46 50 2470.945
46 51 2112.369
46 52 5202.932
46 53 2778.824
46 54 4422.654
46 55 1783.852
46 56 2257.903
46 57 6314.570
46 58 2070.984
46 59 4613.663
46 60 2423.505
46 61 4133.509
46 62 3723.661
46 63 3725.064
46 64 3669.252
46 65 5634.594
46 66 4011.654
46 67 3201.446
46 68 5972.343
46 69 3245.448
46 70 5211.793
46 71 2828.567
46 72 7153.217
46 73 3529.443
46 74 1180.994
46 75 5929.439
46 76 4409.299
46 77 3900.703
46 78 2953.878
46 79 947.700
46 80 5460.960
46 81 7774.063
46 82 2442.545
46 83 5255.054
46 84 2277.325
46 85 4915.531
46 86 2940.840
46 87 1983.041
46 88 3431.648
46 89 1080.760
46 90 3873.649
46 91 1017.122
46 92 4700.101
46 93 3278.377
46 94 623.752
46 95 3806.629
46 96 2009.030
46 97 5289.654
46 98 4915.776
46 99 4272.252
46 100 7115.586
47 0 2028.531
47 1 1874.020
47 2 4119.910
47 3 5208.385
47 4 6326.033
47 5 2576.556
47 6 2870.497
47 7 4685.596
47 8 4959.006
47 9 3050.843
47 10 2545.359
47 11 3885.938
47 12 4678.949
47 13 6474.084
47 14 5107.864
47 15 6109.791
47 16 2712.544
47 17 3293.311
47 18 3383.318
47 19 1869.952
47 20 1819.339
47 21 5880.543
47 22 3115.451
47 23 5799.189
47 24 7063.546
47 25 3048.496
47 26 5639.706
47 27 2763.595
47 28 3797.740
47 29 4768.433
47 30 3707.641
47 31 7017.204
47 32 6306.845
47 33 4708.339
47 34 6430.184
47 35 6622.721
47 36 4794.197
47 37 2902.579
47 38 929.383
47 39 2187.464
47 40 8341.565
47 41 2091.028
47 42 4388.361
47 43 5280.526
47 44 2368.164
47 45 7354.395
47 46 1584.666
47 47 0.000
47 48 5893.693
47 49 7396.537
47 50 2613.649
47 51 3049.340
47 52 6194.630
47 53 2334.989
47 54 3086.774
47 55 2095.188
47 56 1116.135
47 57 7223.989
47 58 3572.673
47 59 3841.078
47 60 3517.308
47 61 5716.663
47 62 3735.604
47 63 3128.900
47 64 2797.965
47 65 6861.581
47 66 5566.650
47 67 3828.253
47 68 7518.653
47 69 3164.531
47 70 6795.960
47 71 2006.374
47 72 8077.072
47 73 3029.872
47 74 2516.248
47 75 6519.562
47 76 5103.557
47 77 5405.912
47 78 3868.461
47 79 647.057
47 80 6826.620
47 81 8568.526
47 82 3764.590
47 83 6784.229
47 84 1171.809
47 85 6474.629
47 86 3705.318
47 87 3223.318
47 88 3582.760
47 89 2642.861
47 90 3727.045
47 91 1969.144
47 92 6283.390
47 93 4459.979
47 94 1044.004
47 95 2379.640
47 96 1429.981
47 97 6808.450
47 98 5479.875
47 99 3971.726
47 100 7702.234
48 0 3982.661
48 1 7671.727
48 2 9999.897
48 3 5346.350
48 4 4296.004
48 5 3425.060
48 6 8508.469
48 7 3498.778
48 8 2549.688
48 9 2894.243
48 10 6687.835
48 11 3164.292
48 12 4881.710
48 13 6331.192
48 14 1042.131
48 15 5147.784
48 16 3293.624
48 17 2641.664
48 18 4846.849
48 19 5189.494
48 20 7453.384
48 21 6897.056
48 22 7946.924
48 23 7376.280
48 24 1479.479
48 25 6943.224
48 26 1317.856
48 27 4876.716
48 28 3972.870
48 29 5430.126
48 30 6170.483
48 31 7206.670
48 32 7976.252
48 33 4322.728
48 34 764.049
48 35 1826.938
48 36 1433.634
48 37 3399.363
48 38 4966.678
48 39 5683.255
48 40 2490.292
48 41 7020.356
48 42 1659.695
48 43 3348.889
48 44 4373.818
48 45 1965.206
48 46 5222.670
48 47 5893.693
48 48 0.000
48 49 1542.428
48 50 7689.078
48 51 3114.932
48 52 1345.214
48 53 7935.393
48 54 8880.996
48 55 3800.104
48 56 5324.409
48 57 1617.620
48 58 4131.398
48 59 4618.851
48 60 2928.149
48 61 5795.550
48 62 2683.660
48 63 4106.111
48 64 8652.577
48 65 2701.608
48 66 6343.276
48 67 2075.797
48 68 7711.550
48 69 8468.097
48 70 6056.716
48 71 7818.524
48 72 2391.563
48 73 8691.401
48 74 4161.225
48 75 746.808
48 76 813.936
48 77 4107.694
48 78 2306.666
48 79 5656.619
48 80 3497.866
48 81 2693.159
48 82 3337.724
48 83 4860.578
48 84 7045.025
48 85 6817.192
48 86 7846.681
48 87 3454.918
48 88 8624.500
48 89 5292.595
48 90 9096.302
48 91 4230.767
48 92 5696.520
48 93 2517.036
48 94 5191.418
48 95 8117.770
48 96 4646.393
48 97 7528.786
48 98 535.638
48 99 9488.533
48 100 1899.497
49 0 5438.637
49 1 9196.325
49 2 11483.051
49 3 6060.102
49 4 4576.579
49 5 4874.513
49 6 10045.914
49 7 4335.300
49 8 3382.975
49 9 4360.481
49 10 7976.474
49 11 4625.300
49 12 5707.266
49 13 6810.125
49 14 2534.602
49 15 5590.505
49 16 4832.762
49 17 4176.729
49 18 5962.797
49 19 6729.804
49 20 8896.227
49 21 7595.586
49 22 9261.809
49 23 8150.668
49 24 1432.670
49 25 8178.352
49 26 2078.476
49 27 6388.427
49 28 5410.420
49 29 6257.453
49 30 7253.415
49 31 7665.765
49 32 8716.878
49 33 5130.811
49 34 997.402
49 35 2370.566
49 36 2699.662
49 37 4938.537
49 38 6474.556
49 39 6986.468
49 40 1322.655
49 41 8387.793
49 42 3196.730
49 43 3981.735
49 44 5909.986
49 45 1858.660
49 46 6609.256
49 47 7396.537
49 48 1542.428
49 49 0.000
49 50 9048.249
49 51 4503.226
49 52 1639.076
49 53 9364.543
49 54 10409.175
49 55 5302.007
49 56 6862.695
49 57 669.831
49 58 5235.862
49 59 6042.801
49 60 4216.516
49 61 6414.810
49 62 4200.142
49 63 5606.770
49 64 10128.292
49 65 2515.011
49 66 7054.561
49 67 3568.604
49 68 8119.771
49 69 9839.132
49 70 6406.855
49 71 9287.663
49 72 967.348
49 73 10120.671
49 74 5486.509
49 75 1201.475
49 76 2295.347
49 77 4699.888
49 78 3655.596
49 79 7121.299
49 80 3462.281
49 81 1173.920
49 82 4473.453
49 83 5043.525
49 84 8534.931
49 85 7360.636
49 86 9061.676
49 87 4720.605
49 88 9949.492
49 89 6532.028
49 90 10465.658
49 91 5651.166
49 92 6149.044
49 93 3564.793
49 94 6641.834
49 95 9648.846
49 96 6180.336
49 97 8088.918
49 98 2045.856
49 99 10879.294
49 100 1090.624
50 0 3789.298
50 1 2834.515
50 2 3118.345
50 3 4854.588
50 4 6577.052
50 5 4307.242
50 6 3705.174
50 7 5298.208
50 8 5970.976
50 9 4845.295
50 10 1250.464
50 11 6343.701
50 12 4566.432
50 13 5794.389
50 14 7123.861
50 15 5945.622
50 16 4955.544
50 17 5378.068
50 18 3472.755
50 19 4481.086
50 20 1097.107
50 21 4787.707
50 22 541.824
50 23 4427.434
50 24 9044.666
50 25 1435.981
50 26 7043.713
50 27 5377.244
50 28 6368.670
50 29 4344.864
50 30 2781.944
50 31 6031.500
50 32 4749.750
50 33 4898.115
50 34 8050.979
50 35 8790.238
50 36 6350.650
50 37 5293.205
50 38 3273.942
50 39 2102.484
50 40 10175.663
50 41 671.552
50 42 6451.470
50 43 5908.840
50 44 4940.858
50 45 9416.186
50 46 2470.945
50 47 2613.649
50 48 7689.078
50 49 9048.249
50 50 0.000
50 51 4574.466
50 52 7581.671
50 53 947.831
50 54 3421.517
50 55 4144.445
50 56 3729.723
50 57 8715.204
50 58 4083.686
50 59 6451.459
50 60 4833.593
50 61 5178.931
50 62 6053.587
50 63 5700.919
50 64 2018.105
50 65 7828.444
50 66 4714.253
50 67 5671.152
50 68 6422.582
50 69 798.739
50 70 6313.222
50 71 1550.978
50 72 9539.015
50 73 1404.375
50 74 3562.385
50 75 8399.589
50 76 6876.665
50 77 5683.961
50 78 5403.141
50 79 2348.907
50 80 7474.700
50 81 10204.133
50 82 4696.493
50 83 6848.755
50 84 1939.775
50 85 5552.815
50 86 1437.229
50 87 4343.675
50 88 1000.680
50 89 2661.879
50 90 1419.198
50 91 3482.267
50 92 5880.156
50 93 5599.463
50 94 2656.488
50 95 3210.686
50 96 3921.258
50 97 5611.850
50 98 7386.579
50 99 1863.688
50 100 9584.450
51 0 1022.280
51 1 4920.699
51 2 7024.644
51 3 3474.845
51 4 3742.104
51 5 524.843
51 6 5885.369
51 7 2064.984
51 8 1987.473
51 9 525.561
51 10 3598.263
51 11 2861.278
51 12 2861.646
51 13 4783.182
51 14 2648.619
51 15 3945.214
51 16 1501.710
51 17 1301.799
51 18 2122.924
51 19 3179.610
51 20 4400.281
51 21 4800.768
51 22 4838.372
51 23 5077.235
51 24 4498.687
51 25 3897.239
51 26 2609.408
51 27 3442.034
51 28 3435.053
51 29 3276.690
51 30 3376.095
51 31 5569.657
51 32 5694.228
51 33 2532.570
51 34 3508.600
51 35 4375.626
51 36 1811.458
51 37 2028.011
51 38 2206.814
51 39 2592.697
51 40 5601.453
51 41 3906.481
51 42 2078.898
51 43 2530.098
51 44 2683.942
51 45 4902.956
51 46 2112.369
51 47 3049.340
51 48 3114.932
51 49 4503.226
51 50 4574.466
51 51 0.000
51 52 3166.020
51 53 4862.414
51 54 6135.982
51 55 1170.873
51 56 2900.807
51 57 4241.101
51 58 1601.088
51 59 3946.058
51 60 532.076
51 61 4041.281
51 62 2238.517
51 63 3025.557
51 64 5663.145
51 65 3838.813
51 66 4292.609
51 67 1172.121
51 68 6118.747
51 69 5355.831
51 70 4836.248
51 71 4816.752
51 72 5089.227
51 73 5618.194
51 74 1081.883
51 75 3831.677
51 76 2303.608
51 77 2945.258
51 78 852.612
51 79 2663.300
51 80 3928.650
51 81 5671.985
51 82 1112.214
51 83 4302.973
51 84 4113.888
51 85 5055.979
51 86 4808.353
51 87 673.009
51 88 5512.160
51 89 2285.210
51 90 5983.955
51 91 1155.355
51 92 4332.112
51 93 1463.395
51 94 2167.118
51 95 5417.859
51 96 2225.987
51 97 5645.962
51 98 2838.298
51 99 6384.259
51 100 5012.120
52 0 4171.742
52 1 8052.270
52 2 10185.182
52 3 4432.676
52 4 3086.445
52 5 3618.082
52 6 8977.515
52 7 2697.551
52 8 1753.562
52 9 3167.637
52 10 6457.689
52 11 4211.146
52 12 4068.484
52 13 5251.013
52 14 2202.580
52 15 4036.543
52 16 3898.960
52 17 3244.743
52 18 4370.005
52 19 5878.928
52 20 7539.461
52 21 5976.013
52 22 7753.696
52 23 6519.837
52 24 2510.072
52 25 6623.021
52 26 556.623
52 27 5744.195
52 28 5030.637
52 29 4619.104
52 30 5640.500
52 31 6118.946
52 32 7092.160
52 33 3491.982
52 34 847.131
52 35 3114.140
52 36 1420.924
52 37 4163.264
52 38 5308.548
52 39 5489.550
52 40 2951.565
52 41 6935.521
52 42 2579.160
52 43 2354.280
52 44 5130.645
52 45 3028.064
52 46 5202.932
52 47 6194.630
52 48 1345.214
52 49 1639.076
52 50 7581.671
52 51 3166.020
52 52 0.000
52 53 7981.637
52 54 9271.839
52 55 4153.720
52 56 5849.442
52 57 1148.769
52 58 3647.663
52 59 5680.633
52 60 2780.050
52 61 4808.626
52 62 3618.383
52 63 5029.882
52 64 8823.084
52 65 1358.939
52 66 5430.977
52 67 2512.845
52 68 6596.468
52 69 8379.194
52 70 4900.595
52 71 7975.872
52 72 1957.379
52 73 8732.015
52 74 4037.432
52 75 1822.682
52 76 1494.109
52 77 3088.317
52 78 2327.228
52 79 5829.058
52 80 2169.500
52 81 2687.961
52 82 2915.886
52 83 3615.832
52 84 7279.347
52 85 5781.430
52 86 7490.460
52 87 3241.534
52 88 8445.557
52 89 4994.622
52 90 9000.161
52 91 4314.802
52 92 4595.807
52 93 1997.942
52 94 5331.251
52 95 8535.595
52 96 5146.142
52 97 6507.271
52 98 1761.797
52 99 9435.065
52 100 2576.465
53 0 3955.293
53 1 1993.537
53 2 2333.255
53 3 5659.054
53 4 7284.539
53 5 4510.339
53 6 2785.662
53 7 5890.350
53 8 6465.704
53 9 5043.302
53 10 2038.482
53 11 6216.387
53 12 5314.462
53 13 6668.405
53 14 7266.375
53 15 6732.531
53 16 4956.327
53 17 5465.130
53 18 4129.142
53 19 4106.319
53 20 517.294
53 21 5703.870
53 22 1413.380
53 23 5365.113
53 24 9218.100
53 25 2332.641
53 26 7430.831
53 27 5013.250
53 28 6119.803
53 29 5151.008
53 30 3629.913
53 31 6946.182
53 32 5696.743
53 33 5586.428
53 34 8370.869
53 35 8865.896
53 36 6672.730
53 37 5211.020
53 38 3171.799
53 39 2665.137
53 40 10422.876
53 41 1223.436
53 42 6564.295
53 43 6510.908
53 44 4695.799
53 45 9551.468
53 46 2778.824
53 47 2334.989
53 48 7935.393
53 49 9364.543
53 50 947.831
53 51 4862.414
53 52 7981.637
53 53 0.000
53 54 2475.346
53 55 4214.852
53 56 3403.381
53 57 9089.682
53 58 4660.991
53 59 6109.127
53 60 5201.820
53 61 6022.537
53 62 6024.291
53 63 5453.134
53 64 1099.329
53 65 8365.513
53 66 5599.719
53 67 5869.827
53 68 7349.899
53 69 945.843
53 70 7162.308
53 71 659.525
53 72 9930.537
53 73 756.464
53 74 3952.691
53 75 8615.493
53 76 7123.056
53 77 6369.756
53 78 5713.410
53 79 2315.763
53 80 8096.415
53 81 10534.296
53 82 5179.880
53 83 7601.187
53 84 1328.749
53 85 6456.695
53 86 2371.111
53 87 4755.488
53 88 1497.557
53 89 3273.246
53 90 1414.917
53 91 3714.090
53 92 6710.701
53 93 6046.642
53 94 2749.079
53 95 2312.981
53 96 3755.317
53 97 6543.451
53 98 7581.899
53 99 1639.278
53 100 9807.025
54 0 5114.548
54 1 1219.838
54 2 1810.874
54 3 7846.942
54 4 9246.491
54 5 5657.067
54 6 640.545
54 7 7676.318
54 8 8030.056
54 9 6111.195
54 10 4367.399
54 11 6388.166
54 12 7411.312
54 13 8971.405
54 14 8010.431
54 15 8864.148
54 16 5599.523
54 17 6240.446
54 18 6130.304
54 19 3949.128
54 20 2473.624
54 21 8098.315
54 22 3875.665
54 23 7805.741
54 24 9930.066
54 25 4744.385
54 26 8718.577
54 27 4701.326
54 28 5979.478
54 29 7354.495
54 30 5943.177
54 31 9330.533
54 32 8162.029
54 33 7565.810
54 34 9464.057
54 35 9355.562
54 36 7862.446
54 37 5619.541
54 38 3965.055
54 39 4681.041
54 40 11267.249
54 41 3529.818
54 42 7291.415
54 43 8288.194
54 44 4771.903
54 45 10156.546
54 46 4422.654
54 47 3086.774
54 48 8880.996
54 49 10409.175
54 50 3421.517
54 51 6135.982
54 52 9271.839
54 53 2475.346
54 54 0.000
54 55 5132.279
54 56 3583.786
54 57 10278.568
54 58 6492.921
54 59 5707.559
54 60 6600.694
54 61 8275.362
54 62 6462.675
54 63 5399.747
54 64 1529.688
54 65 9940.578
54 66 7936.432
54 67 6852.749
54 68 9760.759
54 69 3206.273
54 70 9409.952
54 71 1911.074
54 72 11130.757
54 73 2374.165
54 74 5528.448
54 75 9456.081
54 76 8116.059
54 77 8315.633
54 78 6949.459
54 79 3555.558
54 80 9860.078
54 81 11573.005
54 82 6803.014
54 83 9646.882
54 84 2149.100
54 85 8821.392
54 86 4843.998
54 87 6280.255
54 88 3779.337
54 89 5278.684
54 90 3301.224
54 91 5041.606
54 92 8927.704
54 93 7538.948
54 94 4051.843
54 95 773.686
54 96 4237.959
54 97 8966.712
54 98 8429.310
54 99 3109.850
54 100 10613.616
55 0 512.785
55 1 3913.165
55 2 6201.936
55 3 4372.295
55 4 4884.588
55 5 649.534
55 6 4823.798
55 7 3191.459
55 8 3151.533
55 9 986.455
55 10 3432.866
55 11 2364.858
55 12 3759.584
55 13 5706.511
55 14 3055.619
55 15 4990.703
55 16 849.197
55 17 1250.928
55 18 2721.866
55 19 2020.362
55 20 3712.472
55 21 5523.548
55 22 4515.784
55 23 5684.644
55 24 5012.046
55 25 3843.208
55 26 3606.136
55 27 2391.618
55 28 2699.353
55 29 4079.190
55 30 3737.003
55 31 6433.971
55 32 6283.013
55 33 3539.753
55 34 4340.045
55 35 4662.681
55 36 2736.172
55 37 1315.664
55 38 1173.614
55 39 2516.539
55 40 6259.423
55 41 3482.551
55 42 2349.546
55 43 3690.162
55 44 1631.774
55 45 5336.722
55 46 1783.852
55 47 2095.188
55 48 3800.104
55 49 5302.007
55 50 4144.445
55 51 1170.873
55 52 4153.720
55 53 4214.852
55 54 5132.279
55 55 0.000
55 56 1744.484
55 57 5146.540
55 58 2452.831
55 59 3087.829
55 60 1702.660
55 61 4939.700
55 62 1940.961
55 63 2149.795
55 64 4860.263
55 65 4964.130
55 66 5064.335
55 67 1733.411
55 68 6978.479
55 69 4867.820
55 70 5840.543
55 71 4034.552
55 72 5999.019
55 73 4962.042
55 74 1443.566
55 75 4438.897
55 76 3008.401
55 77 4050.210
55 78 1862.493
55 79 1899.827
55 80 5096.956
55 81 6473.565
55 82 2209.670
55 83 5430.473
55 84 3246.051
55 85 5899.545
55 86 4723.483
55 87 1667.521
55 88 5136.966
55 89 2488.293
55 90 5485.828
55 91 889.111
55 92 5324.319
55 93 2624.981
55 94 1493.759
55 95 4386.736
55 96 1057.457
55 97 6420.257
55 98 3398.762
55 99 5824.745
55 100 5626.887
56 0 1962.035
56 1 2407.199
56 2 4931.475
56 3 5716.222
56 4 6528.549
56 5 2376.381
56 6 3184.182
56 7 4834.715
56 8 4888.165
56 9 2709.982
56 10 3564.667
56 11 2912.080
56 12 5135.679
56 13 7033.836
56 14 4429.074
56 15 6494.044
56 16 2030.857
56 17 2686.884
56 18 3906.260
56 19 762.729
56 20 2896.477
56 21 6602.275
56 22 4228.674
56 23 6607.987
56 24 6346.983
56 25 4062.465
56 26 5312.079
56 27 1647.584
56 28 2720.291
56 29 5331.803
56 30 4516.259
56 31 7663.552
56 32 7153.279
56 33 5042.160
56 34 5943.985
56 35 5799.888
56 36 4429.210
56 37 2043.835
56 38 893.268
56 39 3009.268
56 40 7684.987
56 41 3193.594
56 42 3712.189
56 43 5375.545
56 44 1313.257
56 45 6583.482
56 46 2257.903
56 47 1116.135
56 48 5324.409
56 49 6862.695
56 50 3729.723
56 51 2900.807
56 52 5849.442
56 53 3403.381
56 54 3583.786
56 55 1744.484
56 56 0.000
56 57 6783.670
56 58 3893.205
56 59 2727.090
56 60 3427.000
56 61 6260.955
56 62 2892.581
56 63 2057.709
56 64 3694.490
56 65 6707.514
56 66 6225.793
56 67 3354.403
56 68 8188.003
56 69 4265.967
56 70 7271.378
56 71 2985.521
56 72 7629.038
56 73 4057.091
56 74 2776.383
56 75 5877.704
56 76 4584.532
56 77 5649.743
56 78 3598.727
56 79 1545.520
56 80 6827.644
56 81 8016.723
56 82 3855.189
56 83 7044.517
56 84 2130.285
56 85 7117.844
56 86 4779.302
56 87 3292.787
56 88 4696.873
56 89 3322.589
56 90 4811.883
56 91 2112.651
56 92 6750.811
56 93 4363.129
56 94 1635.785
56 95 2811.997
56 96 703.663
56 97 7530.772
56 98 4857.501
56 99 5023.277
56 100 7030.446
57 0 5221.995
57 1 9059.682
57 2 11263.668
57 3 5480.056
57 4 3931.017
57 5 4659.649
57 6 9950.304
57 7 3814.110
57 8 2890.710
57 9 4173.594
57 10 7601.912
57 11 4781.510
57 12 5160.602
57 13 6178.649
57 14 2659.583
57 15 4960.135
57 16 4774.604
57 17 4109.990
57 18 5517.394
57 19 6725.445
57 20 8637.460
57 21 7001.866
57 22 8896.645
57 23 7572.307
57 24 2011.687
57 25 7771.511
57 26 1671.701
57 27 6471.187
57 28 5590.416
57 29 5705.677
57 30 6781.087
57 31 7028.120
57 32 8127.947
57 33 4586.494
57 34 871.450
57 35 2880.246
57 36 2437.138
57 37 4951.516
57 38 6317.268
57 39 6628.670
57 40 1951.469
57 41 8064.592
57 42 3238.437
57 43 3411.271
57 44 5931.279
57 45 2478.251
57 46 6314.570
57 47 7223.989
57 48 1617.620
57 49 669.831
57 50 8715.204
57 51 4241.101
57 52 1148.769
57 53 9089.682
57 54 10278.568
57 55 5146.540
57 56 6783.670
57 57 0.000
57 58 4795.935
57 59 6235.936
57 60 3893.334
57 61 5810.821
57 62 4282.260
57 63 5710.466
57 64 9902.916
57 65 1848.089
57 66 6466.721
57 67 3434.244
57 68 7474.147
57 69 9511.546
57 70 5759.472
57 71 9057.119
57 72 853.088
57 73 9842.849
57 74 5160.539
57 75 1582.799
57 76 2215.056
57 77 4106.765
57 78 3389.511
57 79 6897.558
57 80 2796.480
57 81 1545.969
57 82 4063.132
57 83 4384.869
57 84 8335.809
57 85 6737.323
57 86 8639.107
57 87 4371.580
57 88 9588.011
57 89 6140.902
57 90 10134.321
57 91 5396.365
57 92 5516.762
57 93 3145.070
57 94 6405.941
57 95 9529.351
57 96 6087.287
57 97 7465.725
57 98 2153.170
57 99 10563.797
57 100 1758.753
58 0 2013.263
58 1 5351.280
58 2 6980.703
58 3 1922.419
58 4 2762.830
58 5 1910.158
58 6 6394.867
58 7 1229.370
58 8 1931.303
58 9 2126.633
58 10 2880.263
58 11 4461.346
58 12 1307.654
58 13 3254.772
58 14 3978.322
58 15 2600.849
58 16 3046.027
58 17 2900.924
58 18 727.343
58 19 4386.327
58 20 4307.341
58 21 3199.991
58 22 4174.467
58 23 3498.704
58 24 5606.316
58 25 2988.826
58 26 3158.237
58 27 4844.257
58 28 5006.852
58 29 1678.515
58 30 2041.016
58 31 4002.069
58 32 4117.610
58 33 1152.591
58 34 4270.336
58 35 5687.705
58 36 2698.513
58 37 3582.689
58 38 3023.230
58 39 2003.451
58 40 6484.989
58 41 3491.134
58 42 3542.469
58 43 1850.388
58 44 4084.435
58 45 6070.616
58 46 2070.984
58 47 3572.673
58 48 4131.398
58 49 5235.862
58 50 4083.686
58 51 1601.088
58 52 3647.663
58 53 4660.991
58 54 6492.921
58 55 2452.831
58 56 3893.205
58 57 4795.935
58 58 0.000
58 59 5481.051
58 60 1358.253
58 61 2491.246
58 62 3837.539
58 63 4544.825
58 64 5652.887
58 65 3745.420
58 66 2692.864
58 67 2616.769
58 68 4549.921
58 69 4876.947
58 70 3403.991
58 71 4834.204
58 72 5575.550
58 73 5370.602
58 74 1116.938
58 75 4877.923
58 76 3402.600
58 77 1836.249
58 78 1974.867
58 79 2981.689
58 80 3438.127
58 81 6333.802
58 82 794.098
58 83 3212.072
58 84 4345.499
58 85 3477.249
58 86 3843.958
58 87 930.428
58 88 4865.327
58 89 1421.940
58 90 5477.318
58 91 1783.092
58 92 2884.437
58 93 1672.021
58 94 2528.672
58 95 5873.077
58 96 3348.808
58 97 4048.694
58 98 4020.974
58 99 5944.347
58 100 5978.542
59 0 3592.788
59 1 4749.522
59 2 7343.632
59 3 7397.604
59 4 7543.931
59 5 3570.893
59 6 5136.684
59 7 5951.990
59 8 5541.450
59 9 3457.146
59 10 6153.385
59 11 1470.923
59 12 6781.250
59 13 8719.784
59 14 3578.598
59 15 7879.159
59 16 2446.491
59 17 2804.524
59 18 5808.892
59 19 2002.935
59 20 5610.751
59 21 8608.863
59 22 6940.517
59 23 8768.210
59 24 5028.440
59 25 6629.977
59 26 5278.045
59 27 1097.325
59 28 650.844
59 29 7143.325
59 30 6778.371
59 31 9483.119
59 32 9362.115
59 33 6478.623
59 34 5377.509
59 35 4186.461
59 36 4489.022
59 37 1918.789
59 38 3289.546
59 39 5407.916
59 40 6426.244
59 41 5891.378
59 42 3102.465
59 43 6302.184
59 44 1582.452
59 45 5061.288
59 46 4613.663
59 47 3841.078
59 48 4618.851
59 49 6042.801
59 50 6451.459
59 51 3946.058
59 52 5680.633
59 53 6109.127
59 54 5707.559
59 55 3087.829
59 56 2727.090
59 57 6235.936
59 58 5481.051
59 59 0.000
59 60 4395.218
59 61 7966.722
59 62 2089.198
59 63 939.806
59 64 6250.560
59 65 6905.191
59 66 8140.785
59 67 3484.560
59 68 10030.854
59 69 6989.424
59 70 8780.436
59 71 5636.017
59 72 6974.866
59 73 6724.637
59 74 4530.583
59 75 4858.344
59 76 4186.680
59 77 6841.567
59 78 4132.540
59 79 4175.730
59 80 7375.137
59 81 7039.452
59 82 5050.715
59 83 8135.051
59 84 4800.245
59 85 8956.486
59 86 7420.176
59 87 4596.992
59 88 7423.579
59 89 5519.064
59 90 7523.187
59 91 3947.392
59 92 8277.996
59 93 5067.314
59 94 4074.079
59 95 4978.693
59 96 2629.539
59 97 9499.291
59 98 4083.991
59 99 7704.181
59 100 5781.784
60 0 1512.238
60 1 5391.272
60 2 7415.775
60 3 3110.772
60 4 3223.991
60 5 1054.830
60 6 6372.610
60 7 1565.734
60 8 1466.556
60 9 940.219
60 10 3773.039
60 11 3219.970
60 12 2511.261
60 13 4387.581
60 14 2641.487
60 15 3484.794
60 16 1973.098
60 17 1645.369
60 18 2002.320
60 19 3710.492
60 20 4760.696
60 21 4515.944
60 22 5049.427
60 23 4849.957
60 24 4371.094
60 25 4015.239
60 26 2229.214
60 27 3948.301
60 28 3854.040
60 29 2974.883
60 30 3316.116
60 31 5200.494
60 32 5468.965
60 33 2116.159
60 34 3220.011
60 35 4365.503
60 36 1527.938
60 37 2480.442
60 38 2707.387
60 39 2774.758
60 40 5380.057
60 41 4176.665
60 42 2184.304
60 43 2003.239
60 44 3195.245
60 45 4809.143
60 46 2423.505
60 47 3517.308
60 48 2928.149
60 49 4216.516
60 50 4833.593
60 51 532.076
60 52 2780.050
60 53 5201.820
60 54 6600.694
60 55 1702.660
60 56 3427.000
60 57 3893.334
60 58 1358.253
60 59 4395.218
60 60 0.000
60 61 3667.823
60 62 2561.917
60 63 3491.196
60 64 6054.096
60 65 3345.906
60 66 3988.163
60 67 1260.307
60 68 5748.418
60 69 5626.767
60 70 4394.380
60 71 5206.938
60 72 4729.923
60 73 5952.945
60 74 1271.324
60 75 3668.137
60 76 2144.728
60 77 2453.990
60 78 643.257
60 79 3083.806
60 80 3400.655
60 81 5370.566
60 82 681.415
60 83 3792.476
60 84 4541.654
60 85 4702.363
60 86 4918.680
60 87 528.179
60 88 5735.105
60 89 2364.552
60 90 6252.116
60 91 1566.222
60 92 3900.582
60 93 949.312
60 94 2580.937
60 95 5895.053
60 96 2756.571
60 97 5324.424
60 98 2736.454
60 99 6673.838
60 100 4821.585
61 0 4481.571
61 1 7273.222
61 2 8297.173
61 3 569.257
61 4 2065.898
61 5 4397.865
61 6 8322.667
61 7 2343.114
61 8 3249.153
61 9 4556.933
61 10 3984.143
61 11 6882.964
61 12 1185.597
61 13 774.044
61 14 5997.517
61 15 1018.272
61 16 5524.115
61 17 5306.879
61 18 2359.268
61 19 6822.687
61 20 5841.685
61 21 1208.015
61 22 4999.039
61 23 1838.187
61 24 7225.767
61 25 3750.849
61 26 4527.865
61 27 7328.397
61 28 7475.247
61 29 948.548
61 30 2398.281
61 31 1532.726
61 32 2337.170
61 33 1574.731
61 34 5625.972
61 35 7569.414
61 36 4515.058
61 37 6058.768
61 38 5368.701
61 39 3631.029
61 40 7737.441
61 41 4814.208
61 42 5739.189
61 43 2468.004
61 44 6571.126
61 45 7736.077
61 46 4133.509
61 47 5716.663
61 48 5795.550
61 49 6414.810
61 50 5178.931
61 51 4041.281
61 52 4808.626
61 53 6022.537
61 54 8275.362
61 55 4939.700
61 56 6260.955
61 57 5810.821
61 58 2491.246
61 59 7966.722
61 60 3667.823
61 61 0.000
61 62 6229.647
61 63 7032.749
61 64 7117.418
61 65 4135.210
61 66 731.552
61 67 4871.742
61 68 2081.052
61 69 5847.619
61 70 1140.440
61 71 6415.197
61 72 6383.966
61 73 6583.174
61 74 3541.736
61 75 6487.003
61 76 5258.814
61 77 1720.434
61 78 4153.221
61 79 5073.189
61 80 3323.885
61 81 7295.838
61 82 2986.484
61 83 1987.271
61 84 6187.144
61 85 1049.262
61 86 4223.757
61 87 3375.495
61 88 5585.553
61 89 3085.904
61 90 6321.702
61 91 4205.427
61 92 716.642
61 93 3409.921
61 94 4721.988
61 95 7782.163
61 96 5783.973
61 97 1736.578
61 98 5878.312
61 99 6829.872
61 100 7383.755
62 0 2395.223
62 1 5299.486
62 2 7801.344
62 3 5671.219
62 4 5543.884
62 5 2072.114
62 6 6017.803
62 7 4040.549
62 8 3508.884
62 9 1714.087
62 10 5372.026
62 11 683.249
62 12 5067.215
62 13 6946.589
62 14 1666.260
62 15 5992.953
62 16 1100.867
62 17 936.804
62 18 4337.627
62 19 2585.286
62 20 5509.093
62 21 7037.343
62 22 6445.573
62 23 7311.646
62 24 3484.130
62 25 5772.584
62 26 3194.620
62 27 2193.060
62 28 1452.895
62 29 5507.209
62 30 5522.628
62 31 7762.355
62 32 7927.335
62 33 4673.851
62 34 3410.973
62 35 2909.657
62 36 2401.083
62 37 850.052
62 38 2852.694
62 39 4436.598
62 40 4855.860
62 41 5401.109
62 42 1051.898
62 43 4311.932
62 44 1743.945
62 45 3694.002
62 46 3723.661
62 47 3735.604
62 48 2683.660
62 49 4200.142
62 50 6053.587
62 51 2238.517
62 52 3618.383
62 53 6024.291
62 54 6462.675
62 55 1940.961
62 56 2892.581
62 57 4282.260
62 58 3837.539
62 59 2089.198
62 60 2561.917
62 61 6229.647
62 62 0.000
62 63 1429.586
62 64 6518.223
62 65 4817.716
62 66 6523.922
62 67 1450.792
62 68 8310.333
62 69 6748.575
62 70 6921.204
62 71 5741.901
62 72 5075.139
62 73 6748.709
62 74 3142.333
62 75 3097.164
62 76 2133.695
62 77 4916.861
62 78 2154.077
62 79 3736.634
62 80 5295.642
62 81 5297.341
62 82 3243.330
62 83 6143.255
62 84 4899.081
62 85 7261.932
62 86 6660.169
62 87 2907.144
62 88 7052.013
62 89 4323.516
62 90 7355.094
62 91 2772.365
62 92 6440.588
62 93 3068.931
62 94 3399.263
62 95 5688.995
62 96 2318.709
62 97 7871.959
62 98 2158.031
62 99 7659.041
62 100 4195.342
63 0 2656.853
63 1 4326.185
63 2 6913.987
63 3 6463.508
63 4 6674.962
63 5 2635.124
63 6 4886.392
63 7 5055.046
63 8 4704.271
63 9 2550.998
63 10 5303.656
63 11 1042.162
63 12 5847.152
63 13 7788.348
63 14 3075.431
63 15 6968.089
63 16 1524.091
63 17 1956.007
63 18 4869.798
63 19 1463.660
63 20 4941.672
63 21 7669.246
63 22 6167.753
63 23 7833.005
63 24 4770.783
63 25 5768.684
63 26 4581.577
63 27 795.476
63 28 669.261
63 29 6204.486
63 30 5856.115
63 31 8546.568
63 32 8428.948
63 33 5555.852
63 34 4839.478
63 35 4049.449
63 36 3745.397
63 37 1014.112
63 38 2459.405
63 39 4515.470
63 40 6168.227
63 41 5108.477
63 42 2480.500
63 43 5433.713
63 44 761.829
63 45 4898.591
63 46 3725.064
63 47 3128.900
63 48 4106.111
63 49 5606.770
63 50 5700.919
63 51 3025.557
63 52 5029.882
63 53 5453.134
63 54 5399.747
63 55 2149.795
63 56 2057.709
63 57 5710.466
63 58 4544.825
63 59 939.806
63 60 3491.196
63 61 7032.749
63 62 1429.586
63 63 0.000
63 64 5728.698
63 65 6183.427
63 66 7201.123
63 67 2680.125
63 68 9093.968
63 69 6292.141
63 70 7861.638
63 71 5041.777
63 72 6496.928
63 73 6114.746
63 74 3591.646
63 75 4470.460
63 76 3556.305
63 77 5944.405
63 78 3280.048
63 79 3374.771
63 80 6583.957
63 81 6677.731
63 82 4135.349
63 83 7259.847
63 84 4187.522
63 85 8018.793
63 86 6585.252
63 87 3668.285
63 88 6690.175
63 89 4597.455
63 90 6854.518
63 91 3015.915
63 92 7356.105
63 93 4212.449
63 94 3215.400
63 95 4637.355
63 96 1794.773
63 97 8559.546
63 98 3575.699
63 99 7079.116
63 100 5508.987
64 0 4690.768
64 1 1587.443
64 2 1362.118
64 3 6744.645
64 4 8327.261
64 5 5255.288
64 6 1997.431
64 7 6878.392
64 8 7388.339
64 9 5768.929
64 10 3133.846
64 11 6604.041
64 12 6381.645
64 13 7767.295
64 14 7900.294
64 15 7810.568
64 16 5510.429
64 17 6084.094
64 18 5165.828
64 19 4288.631
64 20 1346.139
64 21 6798.472
64 22 2410.040
64 23 6445.251
64 24 9857.584
64 25 3429.453
64 26 8267.368
64 27 5164.474
64 28 6373.915
64 29 6238.009
64 30 4727.588
64 31 8041.534
64 32 6754.817
64 33 6626.791
64 34 9145.538
64 35 9416.421
64 36 7467.459
64 37 5674.860
64 38 3720.752
64 39 3687.980
64 40 11119.650
64 41 2306.337
64 42 7182.656
64 43 7500.268
64 44 5003.805
64 45 10152.351
64 46 3669.252
64 47 2797.965
64 48 8652.577
64 49 10128.292
64 50 2018.105
64 51 5663.145
64 52 8823.084
64 53 1099.329
64 54 1529.688
64 55 4860.263
64 56 3694.490
64 57 9902.916
64 58 5652.887
64 59 6250.560
64 60 6054.096
64 61 7117.418
64 62 6518.223
64 63 5728.698
64 64 0.000
64 65 9303.161
64 66 6699.036
64 67 6577.096
64 68 8439.371
64 69 1684.920
64 70 8257.615
64 71 847.325
64 72 10752.133
64 73 845.461
64 74 4847.990
64 75 9299.071
64 76 7850.106
64 77 7405.116
64 78 6513.567
64 79 3008.388
64 80 9089.296
64 81 11302.176
64 82 6109.922
64 83 8663.963
64 84 1626.159
64 85 7554.577
64 86 3387.448
64 87 5646.207
64 88 2252.575
64 89 4302.214
64 90 1790.448
64 91 4509.411
64 92 7802.141
64 93 6941.559
64 94 3496.974
64 95 1659.278
64 96 4199.585
64 97 7629.701
64 98 8258.849
64 99 1680.246
64 100 10486.189
65 0 4853.943
65 1 8734.899
65 2 10654.525
65 3 3893.795
65 4 2140.432
65 5 4351.128
65 6 9718.134
65 7 2553.503
65 8 1919.120
65 9 4006.400
65 10 6621.336
65 11 5450.541
65 12 3704.777
65 13 4411.066
65 14 3533.350
65 15 3208.299
65 16 4898.434
65 17 4286.279
65 18 4398.379
65 19 6857.145
65 20 7972.767
65 21 5342.929
65 22 7909.329
65 23 5954.387
65 24 3717.798
65 25 6686.146
65 26 1633.530
65 27 6847.212
65 28 6261.590
65 29 4211.574
65 30 5518.469
65 31 5238.375
65 32 6472.367
65 33 3168.791
65 34 2101.434
65 35 4427.641
65 36 2438.624
65 37 5247.487
65 38 6045.171
65 39 5737.378
65 40 3784.520
65 41 7225.674
65 42 3819.415
65 43 1985.253
65 44 6176.303
65 45 4222.687
65 46 5634.594
65 47 6861.581
65 48 2701.608
65 49 2515.011
65 50 7828.444
65 51 3838.813
65 52 1358.939
65 53 8365.513
65 54 9940.578
65 55 4964.130
65 56 6707.514
65 57 1848.089
65 58 3745.420
65 59 6905.191
65 60 3345.906
65 61 4135.210
65 62 4817.716
65 63 6183.427
65 64 9303.161
65 65 0.000
65 66 4833.767
65 67 3534.003
65 68 5662.405
65 69 8622.340
65 70 3948.334
65 71 8463.099
65 72 2266.703
65 73 9092.464
65 74 4460.457
65 75 3101.203
65 76 2769.608
65 77 2523.169
65 78 3114.790
65 79 6400.879
65 80 948.879
65 81 3201.769
65 82 3193.479
65 83 2548.984
65 84 7854.205
65 85 4990.129
65 86 7484.080
65 87 3674.249
65 88 8596.936
65 89 5167.244
65 90 9221.691
65 91 4898.978
65 92 3752.157
65 93 2401.917
65 94 5898.585
65 95 9240.404
65 96 6011.350
65 97 5714.293
65 98 3114.016
65 99 9689.744
65 100 3594.596
66 0 4576.591
66 1 6998.789
66 2 7822.419
66 3 1001.928
66 4 2792.216
66 5 4582.563
66 6 8035.410
66 7 2846.564
66 8 3797.339
66 9 4817.766
66 10 3580.694
66 11 7153.760
66 12 1501.881
66 13 1090.497
66 14 6456.501
66 15 1749.376
66 16 5726.112
66 17 5588.756
66 18 2359.226
66 19 6841.700
66 20 5471.821
66 21 553.874
66 22 4478.472
66 23 1120.886
66 24 7796.443
66 25 3278.925
66 26 5111.147
66 27 7422.039
66 28 7689.783
66 29 1016.713
66 30 1993.256
66 31 1450.572
66 32 1662.344
66 33 2027.225
66 34 6230.049
66 35 8080.368
66 36 5007.007
66 37 6262.839
66 38 5335.299
66 39 3402.924
66 40 8376.034
66 41 4422.169
66 42 6133.600
66 43 3076.705
66 44 6678.704
66 45 8300.448
66 46 4011.654
66 47 5566.650
66 48 6343.276
66 49 7054.561
66 50 4714.253
66 51 4292.609
66 52 5430.977
66 53 5599.719
66 54 7936.432
66 55 5064.335
66 56 6225.793
66 57 6466.721
66 58 2692.864
66 59 8140.785
66 60 3988.163
66 61 731.552
66 62 6523.922
66 63 7201.123
66 64 6699.036
66 65 4833.767
66 66 0.000
66 67 5233.769
66 68 1962.906
66 69 5334.214
66 70 1678.681
66 71 6044.394
66 72 7068.017
66 73 6109.516
66 74 3625.474
66 75 7053.700
66 76 5754.440
66 77 2360.064
66 78 4533.840
66 79 4919.876
66 80 4044.185
66 81 7969.421
66 82 3320.856
66 83 2712.260
66 84 5905.582
66 85 909.149
66 86 3641.826
66 87 3619.989
66 88 5025.923
66 89 2931.879
66 90 5770.960
66 91 4260.340
66 92 1382.433
66 93 3883.231
66 94 4626.214
66 95 7495.022
66 96 5815.113
66 97 1359.415
66 98 6381.638
66 99 6278.490
66 100 7995.858
67 0 1914.667
67 1 5636.117
67 2 7925.867
67 3 4327.344
67 4 4093.372
67 5 1367.691
67 6 6516.081
67 7 2614.893
67 8 2063.462
67 9 829.328
67 10 4750.808
67 11 2134.038
67 12 3742.922
67 13 5562.754
67 14 1480.158
67 15 4564.753
67 16 1388.975
67 17 752.635
67 18 3232.511
67 19 3369.592
67 20 5382.929
67 21 5767.182
67 22 5967.385
67 23 6110.190
67 24 3373.568
67 25 5064.629
67 26 1997.011
67 27 3314.551
67 28 2874.907
67 29 4225.094
67 30 4521.792
67 31 6398.848
67 32 6729.180
67 33 3299.018
67 34 2611.403
67 35 3204.000
67 36 1114.140
67 37 1715.236
67 38 2906.163
67 39 3748.809
67 40 4555.026
67 41 4999.675
67 42 929.261
67 43 2861.398
67 44 2647.884
67 45 3754.531
67 46 3201.446
67 47 3828.253
67 48 2075.797
67 49 3568.604
67 50 5671.152
67 51 1172.121
67 52 2512.845
67 53 5869.827
67 54 6852.749
67 55 1733.411
67 56 3354.403
67 57 3434.244
67 58 2616.769
67 59 3484.560
67 60 1260.307
67 61 4871.742
67 62 1450.792
67 63 2680.125
67 64 6577.096
67 65 3534.003
67 66 5233.769
67 67 0.000
67 68 6943.252
67 69 6436.946
67 70 5499.350
67 71 5742.739
67 72 4283.569
67 73 6624.810
67 74 2251.887
67 75 2746.137
67 76 1275.791
67 77 3479.635
67 78 724.126
67 79 3581.753
67 80 3904.799
67 81 4740.274
67 82 1912.990
67 83 4692.498
67 84 4972.425
67 85 5916.525
67 86 5975.764
67 87 1727.486
67 88 6630.675
67 89 3457.180
67 90 7064.123
67 91 2189.669
67 92 5030.024
67 93 1618.838
67 94 3121.693
67 95 6098.917
67 96 2654.972
67 97 6557.946
67 98 1718.195
67 99 7440.883
67 100 3937.515
68 0 6503.225
68 1 8885.197
68 2 9458.776
68 3 2644.261
68 4 3543.589
68 5 6460.018
68 6 9906.513
68 7 4370.664
68 8 5210.053
68 9 6636.299
68 10 5397.737
68 11 8963.953
68 12 3257.389
68 13 1395.448
68 14 8012.703
68 15 2567.645
68 16 7593.831
68 17 7387.901
68 18 4305.625
68 19 8797.061
68 20 7287.353
68 21 1668.710
68 22 6097.099
68 23 2022.188
68 24 9086.956
68 25 5023.728
68 26 6405.546
68 27 9354.752
68 28 9550.002
68 29 2900.851
68 30 3869.040
68 31 549.091
68 32 1937.267
68 33 3644.886
68 34 7439.936
68 35 9520.703
68 36 6514.073
68 37 8129.765
68 38 7296.895
68 39 5341.827
68 40 9425.592
68 41 6231.359
68 42 7796.218
68 43 4369.485
68 44 8604.303
68 45 9604.168
68 46 5972.343
68 47 7518.653
68 48 7711.550
68 49 8119.771
68 50 6422.582
68 51 6118.747
68 52 6596.468
68 53 7349.899
68 54 9760.759
68 55 6978.479
68 56 8188.003
68 57 7474.147
68 58 4549.921
68 59 10030.854
68 60 5748.418
68 61 2081.052
68 62 8310.333
68 63 9093.968
68 64 8439.371
68 65 5662.405
68 66 1962.906
68 67 6943.252
68 68 0.000
68 69 6941.550
68 70 1715.324
68 71 7851.664
68 72 7914.022
68 73 7773.329
68 74 5553.063
68 75 8363.493
68 76 7246.203
68 77 3616.299
68 78 6221.754
68 79 6872.860
68 80 4733.823
68 81 8857.704
68 82 5067.009
68 83 3127.362
68 84 7794.010
68 85 1079.989
68 86 5162.005
68 87 5450.254
68 88 6540.873
68 89 4891.783
68 90 7285.415
68 91 6201.227
68 92 2015.074
68 93 5438.491
68 94 6588.359
68 95 9369.036
68 96 7766.462
68 97 822.306
68 98 7851.616
68 99 7778.925
68 100 9152.246
69 0 4539.803
69 1 2912.240
69 2 2517.227
69 3 5559.746
69 4 7330.431
69 5 5069.899
69 6 3611.200
69 7 6087.043
69 8 6769.000
69 9 5608.670
69 10 2018.059
69 11 6997.648
69 12 5308.399
69 13 6423.460
69 14 7878.382
69 15 6658.027
69 16 5658.195
69 17 6112.229
69 18 4253.915
69 19 4991.914
69 20 1390.808
69 21 5348.830
69 22 856.202
69 23 4922.212
69 24 9809.485
69 25 2107.461
69 26 7840.295
69 27 5898.533
69 28 6961.296
69 29 5052.151
69 30 3471.019
69 31 6587.151
69 32 5169.819
69 33 5663.873
69 34 8841.737
69 35 9527.681
69 36 7140.283
69 37 5963.770
69 38 3922.533
69 39 2901.021
69 40 10956.777
69 41 1451.466
69 42 7196.357
69 43 6694.890
69 44 5530.610
69 45 10171.668
69 46 3245.448
69 47 3164.531
69 48 8468.097
69 49 9839.132
69 50 798.739
69 51 5355.831
69 52 8379.194
69 53 945.843
69 54 3206.273
69 55 4867.820
69 56 4265.967
69 57 9511.546
69 58 4876.947
69 59 6989.424
69 60 5626.767
69 61 5847.619
69 62 6748.575
69 63 6292.141
69 64 1684.920
69 65 8622.340
69 66 5334.214
69 67 6436.946
69 68 6941.550
69 69 0.000
69 70 6970.107
69 71 1584.187
69 72 10336.572
69 73 874.050
69 74 4355.478
69 75 9173.311
69 76 7654.744
69 77 6448.085
69 78 6189.867
69 79 3013.550
69 80 8254.279
69 81 10997.083
69 82 5495.177
69 83 7579.537
69 84 2257.547
69 85 6134.725
69 86 1787.991
69 87 5140.012
69 88 581.210
69 89 3455.106
69 90 628.207
69 91 4247.735
69 92 6557.812
69 93 6398.068
69 94 3374.086
69 95 3180.858
69 96 4545.810
69 97 6121.271
69 98 8154.639
69 99 1067.405
69 100 10360.527
70 0 5416.596
70 1 8394.427
70 2 9431.453
70 3 1589.215
70 4 1830.398
70 5 5253.120
70 6 9445.965
70 7 2884.597
70 8 3616.972
70 9 5325.747
70 10 5124.085
70 11 7594.999
70 12 2137.073
70 13 651.038
70 14 6437.516
70 15 941.087
70 16 6337.957
70 17 6031.979
70 18 3414.018
70 19 7789.580
70 20 6981.186
70 21 1909.727
70 22 6118.017
70 23 2568.888
70 24 7402.116
70 25 4881.606
70 26 4741.516
70 27 8227.994
70 28 8248.408
70 29 2059.810
70 30 3535.545
70 31 1310.085
70 32 2886.375
70 33 2308.836
70 34 5746.692
70 35 7878.073
70 36 4935.266
70 37 6861.657
70 38 6385.740
70 39 4751.473
70 40 7710.824
70 41 5954.647
70 42 6295.557
70 43 2756.119
70 44 7465.085
70 45 7920.247
70 46 5211.793
70 47 6795.960
70 48 6056.716
70 49 6406.855
70 50 6313.222
70 51 4836.248
70 52 4900.595
70 53 7162.308
70 54 9409.952
70 55 5840.543
70 56 7271.378
70 57 5759.472
70 58 3403.991
70 59 8780.436
70 60 4394.380
70 61 1140.440
70 62 6921.204
70 63 7861.638
70 64 8257.615
70 65 3948.334
70 66 1678.681
70 67 5499.350
70 68 1715.324
70 69 6970.107
70 70 0.000
70 71 7554.525
70 72 6204.201
70 73 7716.849
70 74 4507.190
70 75 6686.870
70 76 5647.072
70 77 2037.793
70 78 4777.227
70 79 6157.836
70 80 3025.009
70 81 7146.289
70 82 3729.946
70 83 1429.133
70 84 7312.170
70 85 1225.011
70 86 5311.063
70 87 4202.533
70 88 6687.694
70 89 4189.084
70 90 7429.110
70 91 5177.294
70 92 520.772
70 93 3918.233
70 94 5781.732
70 95 8906.093
70 96 6751.082
70 97 1871.501
70 98 6234.682
70 99 7937.332
70 100 7445.053
71 0 3849.077
71 1 1334.775
71 2 2209.418
71 3 6013.707
71 4 7534.304
71 5 4413.398
71 6 2154.297
71 7 6055.387
71 8 6546.739
71 9 4930.414
71 10 2465.634
71 11 5869.433
71 12 5619.259
71 13 7092.789
71 14 7083.744
71 15 7061.204
71 16 4711.040
71 17 5268.138
71 18 4376.366
71 19 3640.485
71 20 573.922
71 21 6191.313
71 22 2052.697
71 23 5895.096
71 24 9041.684
71 25 2833.312
71 26 7420.217
71 27 4539.381
71 28 5700.213
71 29 5512.360
71 30 4053.473
71 31 7426.499
71 32 6259.300
71 33 5835.277
71 34 8303.136
71 35 8626.156
71 36 6622.341
71 37 4906.650
71 38 2913.466
71 39 2898.137
71 40 10291.135
71 41 1624.613
71 42 6369.070
71 43 6676.865
71 44 4297.655
71 45 9347.312
71 46 2828.567
71 47 2006.374
71 48 7818.524
71 49 9287.663
71 50 1550.978
71 51 4816.752
71 52 7975.872
71 53 659.525
71 54 1911.074
71 55 4034.552
71 56 2985.521
71 57 9057.119
71 58 4834.204
71 59 5636.017
71 60 5206.938
71 61 6415.197
71 62 5741.901
71 63 5041.777
71 64 847.325
71 65 8463.099
71 66 6044.394
71 67 5742.739
71 68 7851.664
71 69 1584.187
71 70 7554.525
71 71 0.000
71 72 9905.938
71 73 1090.259
71 74 4005.063
71 75 8472.213
71 76 7013.703
71 77 6607.860
71 78 5667.626
71 79 2166.364
71 80 8265.597
71 81 10461.391
71 82 5270.906
71 83 7890.664
71 84 856.550
71 85 6922.076
71 86 2988.206
71 87 4801.744
71 88 2149.929
71 89 3511.643
71 90 1967.703
71 91 3662.592
71 92 7084.668
71 93 6096.624
71 94 2651.506
71 95 1664.224
71 96 3430.605
71 97 7056.030
71 98 7432.501
71 99 2073.803
71 100 9661.146
72 0 6073.889
72 1 9912.057
72 2 12113.289
72 3 6102.355
72 4 4406.812
72 5 5511.941
72 6 10799.293
72 7 4533.062
72 8 3649.629
72 9 5026.670
72 10 8409.647
72 11 5539.438
72 12 5836.113
72 13 6677.644
72 14 3424.445
72 15 5473.896
72 16 5613.963
72 17 4949.915
72 18 6289.594
72 19 7553.921
72 20 9481.948
72 21 7588.684
72 22 9706.836
72 23 8185.022
72 24 2352.874
72 25 8561.643
72 26 2501.187
72 27 7268.150
72 28 6336.364
72 29 6370.241
72 30 7527.150
72 31 7500.921
72 32 8718.880
72 33 5270.065
72 34 1690.864
72 35 3317.165
72 36 3288.807
72 37 5772.167
72 38 7170.095
72 39 7445.834
72 40 1715.392
72 41 8892.636
72 42 4043.521
72 43 4073.496
72 44 6750.866
72 45 2717.769
72 46 7153.217
72 47 8077.072
72 48 2391.563
72 49 967.348
72 50 9539.015
72 51 5089.227
72 52 1957.379
72 53 9930.537
72 54 11130.757
72 55 5999.019
72 56 7629.038
72 57 853.088
72 58 5575.550
72 59 6974.866
72 60 4729.923
72 61 6383.966
72 62 5075.139
72 63 6496.928
72 64 10752.133
72 65 2266.703
72 66 7068.017
72 67 4283.569
72 68 7914.022
72 69 10336.572
72 70 6204.201
72 71 9905.938
72 72 0.000
72 73 10682.568
72 74 5992.571
72 75 2163.525
72 76 3050.243
72 77 4719.823
72 78 4238.681
72 79 7748.034
72 80 3180.209
72 81 947.594
72 82 4864.733
72 83 4788.183
72 84 9187.871
72 85 7256.434
72 86 9417.699
72 87 5198.409
72 88 10399.070
72 89 6943.724
72 90 10957.423
72 91 6244.040
72 92 6018.855
72 93 3948.846
72 94 7255.328
72 95 10380.667
72 96 6934.335
72 97 7980.947
72 98 2921.477
72 99 11392.223
72 100 1831.549
73 0 4710.544
73 1 2282.789
73 2 1714.811
73 3 6255.658
73 4 7946.531
73 5 5266.349
73 6 2832.078
73 7 6598.332
73 8 7200.137
73 9 5798.808
73 10 2634.825
73 11 6914.853
73 12 5950.685
73 13 7192.986
73 14 8015.978
73 15 7343.687
73 16 5690.557
73 17 6211.015
73 18 4808.537
73 19 4726.727
73 20 1249.781
73 21 6159.452
73 22 1679.335
73 23 5760.155
73 24 9969.319
73 25 2836.468
73 26 8182.159
73 27 5627.633
73 28 6776.603
73 29 5745.856
73 30 4186.306
73 31 7402.109
73 32 6028.922
73 33 6255.656
73 34 9126.758
73 35 9604.923
73 36 7428.090
73 37 5926.422
73 38 3897.624
73 39 3367.439
73 40 11178.481
73 41 1886.068
73 42 7311.428
73 43 7216.689
73 44 5364.630
73 45 10298.423
73 46 3529.443
73 47 3029.872
73 48 8691.401
73 49 10120.671
73 50 1404.375
73 51 5618.194
73 52 8732.015
73 53 756.464
73 54 2374.165
73 55 4962.042
73 56 4057.091
73 57 9842.849
73 58 5370.602
73 59 6724.637
73 60 5952.945
73 61 6583.174
73 62 6748.709
73 63 6114.746
73 64 845.461
73 65 9092.464
73 66 6109.516
73 67 6624.810
73 68 7773.329
73 69 874.050
73 70 7716.849
73 71 1090.259
73 72 10682.568
73 73 0.000
73 74 4698.956
73 75 9370.072
73 76 7879.221
73 77 7041.517
73 78 6468.839
73 79 3062.256
73 80 8797.249
73 81 11290.169
73 82 5914.370
73 83 8237.143
73 84 1930.206
73 85 6935.147
73 86 2644.127
73 87 5500.924
73 88 1420.345
73 89 3965.240
73 90 963.790
73 91 4470.475
73 92 7284.457
73 93 6789.091
73 94 3503.370
73 95 2454.795
73 96 4459.254
73 97 6955.848
73 98 8335.687
73 99 984.343
73 100 10561.614
74 0 951.400
74 1 4350.073
74 2 6204.547
74 3 2981.347
74 4 3820.880
74 5 1070.366
74 6 5376.190
74 7 2169.470
74 8 2542.348
74 9 1506.661
74 10 2528.202
74 11 3688.390
74 12 2381.682
74 13 4314.597
74 14 3730.207
74 15 3717.690
74 16 2177.620
74 17 2241.917
74 18 1278.382
74 19 3286.876
74 20 3529.867
74 21 4080.074
74 22 3788.773
74 23 4251.907
74 24 5569.664
74 25 2815.541
74 26 3491.830
74 27 3801.758
74 28 4119.823
74 29 2652.618
74 30 2380.305
74 31 5011.824
74 32 4855.837
74 33 2267.793
74 34 4489.486
74 35 5455.848
74 36 2791.611
74 37 2702.230
74 38 1908.237
74 39 1522.510
74 40 6633.932
74 41 2905.687
74 42 3144.048
74 43 2768.741
74 44 3053.974
74 45 5981.318
74 46 1180.994
74 47 2516.248
74 48 4161.225
74 49 5486.509
74 50 3562.385
74 51 1081.883
74 52 4037.432
74 53 3952.691
74 54 5528.448
74 55 1443.566
74 56 2776.383
74 57 5160.539
74 58 1116.938
74 59 4530.583
74 60 1271.324
74 61 3541.736
74 62 3142.333
74 63 3591.646
74 64 4847.990
74 65 4460.457
74 66 3625.474
74 67 2251.887
74 68 5553.063
74 69 4355.478
74 70 4507.190
74 71 4005.063
74 72 5992.571
74 73 4698.956
74 74 0.000
74 75 4889.825
74 76 3357.943
74 77 2911.759
74 78 1856.154
74 79 1973.680
74 80 4331.954
74 81 6641.864
74 82 1278.334
74 83 4303.012
74 84 3407.275
74 85 4473.084
74 86 3726.592
74 87 803.048
74 88 4470.999
74 89 1214.909
74 90 4980.803
74 91 670.105
74 92 3986.517
74 93 2097.531
74 94 1485.690
74 95 4868.302
74 96 2247.236
74 97 4979.133
74 98 3912.090
74 99 5403.791
74 100 6060.596
75 0 4660.712
75 1 8257.455
75 2 10637.392
75 3 6053.690
75 4 4892.238
75 5 4111.359
75 6 9055.506
75 7 4216.510
75 8 3256.522
75 9 3574.544
75 10 7417.964
75 11 3464.584
75 12 5605.180
75 13 6994.647
75 14 1452.286
75 15 5795.849
75 16 3857.532
75 17 3231.543
75 18 5593.657
75 19 5670.235
75 20 8126.461
75 21 7606.838
75 22 8669.563
75 23 8098.936
75 24 743.697
75 25 7681.464
75 26 1963.560
75 27 5260.962
75 28 4233.236
75 29 6155.683
75 30 6917.240
75 31 7868.982
75 32 8695.014
75 33 5041.071
75 34 1001.025
75 35 1336.905
75 36 2180.438
75 37 3884.813
75 38 5590.179
75 39 6412.307
75 40 1822.006
75 41 7729.312
75 42 2165.520
75 43 4024.765
75 44 4835.161
75 45 1249.076
75 46 5929.439
75 47 6519.562
75 48 746.808
75 49 1201.475
75 50 8399.589
75 51 3831.677
75 52 1822.682
75 53 8615.493
75 54 9456.081
75 55 4438.897
75 56 5877.704
75 57 1582.799
75 58 4877.923
75 59 4858.344
75 60 3668.137
75 61 6487.003
75 62 3097.164
75 63 4470.460
75 64 9299.071
75 65 3101.203
75 66 7053.700
75 67 2746.137
75 68 8363.493
75 69 9173.311
75 70 6686.870
75 71 8472.213
75 72 2163.525
75 73 9370.072
75 74 4889.825
75 75 0.000
75 76 1531.890
75 77 4782.734
75 78 3040.415
75 79 6320.068
75 80 3978.333
75 81 2207.273
75 82 4084.372
75 83 5434.086
75 84 7681.763
75 85 7496.944
75 86 8586.476
75 87 4195.769
75 88 9343.731
75 89 6032.455
75 90 9801.255
75 91 4927.415
75 92 6350.500
75 93 3256.010
75 94 5866.703
75 95 8687.063
75 96 5220.191
75 97 8214.250
75 98 1040.283
75 99 10184.672
75 100 1191.543
76 0 3172.390
76 1 6901.980
76 2 9200.505
76 3 4773.123
76 4 3979.540
76 5 2613.098
76 6 7762.740
76 7 2919.655
76 8 2037.378
76 9 2084.899
76 10 5886.074
76 11 2717.038
76 12 4264.858
76 13 5852.421
76 14 818.398
76 15 4714.218
76 16 2563.986
76 17 1900.487
76 18 4104.325
76 19 4510.718
76 20 6642.654
76 21 6306.933
76 22 7139.380
76 23 6747.954
76 24 2226.388
76 25 6152.688
76 26 1146.339
76 27 4291.936
76 28 3536.569
76 29 4802.178
76 30 5429.296
76 31 6723.671
76 32 7357.247
76 33 3728.277
76 34 1360.626
76 35 2327.881
76 36 747.446
76 37 2743.176
76 38 4179.979
76 39 4880.435
76 40 3304.221
76 41 6207.546
76 42 1086.967
76 43 2891.871
76 44 3722.399
76 45 2672.249
76 46 4409.299
76 47 5103.557
76 48 813.936
76 49 2295.347
76 50 6876.665
76 51 2303.608
76 52 1494.109
76 53 7123.056
76 54 8116.059
76 55 3008.401
76 56 4584.532
76 57 2215.056
76 58 3402.600
76 59 4186.680
76 60 2144.728
76 61 5258.814
76 62 2133.695
76 63 3556.305
76 64 7850.106
76 65 2769.608
76 66 5754.440
76 67 1275.791
76 68 7246.203
76 69 7654.744
76 70 5647.072
76 71 7013.703
76 72 3050.243
76 73 7879.221
76 74 3357.943
76 75 1531.890
76 76 0.000
76 77 3632.908
76 78 1510.791
76 79 4849.621
76 80 3402.398
76 81 3465.426
76 82 2610.845
76 83 4571.811
76 84 6247.871
76 85 6299.651
76 86 7059.163
76 87 2672.891
76 88 7815.189
76 89 4506.082
76 90 8282.941
76 91 3416.925
76 92 5243.731
76 93 1872.433
76 94 4381.005
76 95 7357.761
76 96 3894.855
76 97 6994.339
76 98 629.590
76 99 8674.597
76 100 2708.513
77 0 3700.423
77 1 7184.672
77 2 8702.949
77 3 1382.532
77 4 930.910
77 5 3418.616
77 6 8230.015
77 7 889.730
77 8 1595.532
77 9 3393.703
77 10 4434.961
77 11 5596.384
77 12 1218.117
77 13 2226.855
77 14 4410.946
77 15 1096.707
77 16 4426.900
77 17 4054.003
77 18 2241.237
77 19 6062.663
77 20 6061.839
77 21 2896.511
77 22 5664.328
77 23 3469.781
77 24 5517.798
77 25 4392.410
77 26 2819.492
77 27 6386.902
77 28 6282.006
77 29 1693.612
77 30 3111.990
77 31 3101.796
77 32 4021.249
77 33 786.216
77 34 3906.898
77 35 5907.175
77 36 2908.229
77 37 4932.140
77 38 4808.516
77 39 3717.138
77 40 6022.369
77 41 5159.554
77 42 4258.662
77 43 759.053
77 44 5627.350
77 45 6030.833
77 46 3900.703
77 47 5405.912
77 48 4107.694
77 49 4699.888
77 50 5683.961
77 51 2945.258
77 52 3088.317
77 53 6369.756
77 54 8315.633
77 55 4050.210
77 56 5649.743
77 57 4106.765
77 58 1836.249
77 59 6841.567
77 60 2453.990
77 61 1720.434
77 62 4916.861
77 63 5944.405
77 64 7405.116
77 65 2523.169
77 66 2360.064
77 67 3479.635
77 68 3616.299
77 69 6448.085
77 70 2037.793
77 71 6607.860
77 72 4719.823
77 73 7041.517
77 74 2911.759
77 75 4782.734
77 76 3632.908
77 77 0.000
77 78 2763.363
77 79 4817.878
77 80 1873.430
77 81 5612.454
77 82 1844.014
77 83 1395.081
77 84 6166.540
77 85 2714.224
77 86 5107.592
77 87 2385.067
77 88 6329.776
77 89 3103.044
77 90 7009.451
77 91 3548.141
77 92 1611.180
77 93 1882.480
77 94 4362.345
77 95 7706.588
77 96 5048.322
77 97 3433.291
77 98 4235.436
77 99 7501.781
77 100 5663.341
78 0 1844.606
78 1 5730.705
78 2 7874.613
78 3 3613.118
78 4 3412.794
78 5 1292.499
78 6 6672.189
78 7 1892.680
78 8 1427.319
78 9 891.682
78 10 4381.277
78 11 2835.030
78 12 3036.606
78 13 4839.583
78 14 2005.540
78 15 3844.215
78 16 1839.953
78 17 1329.431
78 18 2640.483
78 19 3754.341
78 20 5252.796
78 21 5072.535
78 22 5644.543
78 23 5439.770
78 24 3735.160
78 25 4641.932
78 26 1771.546
78 27 3841.759
78 28 3544.724
78 29 3532.028
78 30 3957.757
78 31 5678.130
78 32 6057.783
78 33 2579.079
78 34 2659.471
78 35 3725.022
78 36 959.356
78 37 2274.987
78 38 2992.257
78 39 3377.148
78 40 4778.608
78 41 4738.625
78 42 1599.830
78 43 2172.350
78 44 3123.604
78 45 4168.206
78 46 2953.878
78 47 3868.461
78 48 2306.666
78 49 3655.596
78 50 5403.141
78 51 852.612
78 52 2327.228
78 53 5713.410
78 54 6949.459
78 55 1862.493
78 56 3598.727
78 57 3389.511
78 58 1974.867
78 59 4132.540
78 60 643.257
78 61 4153.221
78 62 2154.077
78 63 3280.048
78 64 6513.567
78 65 3114.790
78 66 4533.840
78 67 724.126
78 68 6221.754
78 69 6189.867
78 70 4777.227
78 71 5667.626
78 72 4238.681
78 73 6468.839
78 74 1856.154
78 75 3040.415
78 76 1510.791
78 77 2763.363
78 78 0.000
78 79 3510.010
78 80 3347.700
78 81 4822.242
78 82 1223.994
78 83 4006.952
78 84 4955.162
78 85 5199.674
78 86 5548.436
78 87 1168.111
78 88 6325.254
78 89 2995.796
78 90 6817.420
78 91 2007.751
78 92 4306.193
78 93 934.980
78 94 3016.664
78 95 6219.269
78 96 2899.339
78 97 5848.202
78 98 2094.421
78 99 7225.220
78 100 4205.382
79 0 1682.764
79 1 2379.520
79 2 4367.102
79 3 4569.198
79 4 5743.894
79 5 2247.179
79 6 3415.529
79 7 4132.455
79 8 4484.294
79 9 2765.185
79 10 2019.706
79 11 3996.422
79 12 4048.370
79 13 5828.938
79 14 4954.132
79 15 5486.685
79 16 2652.324
79 17 3149.513
79 18 2748.943
79 19 2300.681
79 20 1812.860
79 21 5237.691
79 22 2795.901
79 23 5169.836
79 24 6908.780
79 25 2516.946
79 26 5272.498
79 27 3144.003
79 28 4038.135
79 29 4124.712
79 30 3074.118
79 31 6370.446
79 32 5687.743
79 33 4102.246
79 34 6137.288
79 35 6552.269
79 36 4460.898
79 37 2952.469
79 38 925.946
79 39 1549.743
79 40 8135.284
79 41 1734.944
79 42 4249.331
79 43 4739.088
79 44 2622.256
79 45 7236.463
79 46 947.700
79 47 647.057
79 48 5656.619
79 49 7121.299
79 50 2348.907
79 51 2663.300
79 52 5829.058
79 53 2315.763
79 54 3555.558
79 55 1899.827
79 56 1545.520
79 57 6897.558
79 58 2981.689
79 59 4175.730
79 60 3083.806
79 61 5073.189
79 62 3736.634
79 63 3374.771
79 64 3008.388
79 65 6400.879
79 66 4919.876
79 67 3581.753
79 68 6872.860
79 69 3013.550
79 70 6157.836
79 71 2166.364
79 72 7748.034
79 73 3062.256
79 74 1973.680
79 75 6320.068
79 76 4849.621
79 77 4817.878
79 78 3510.010
79 79 0.000
79 80 6305.606
79 81 8295.038
79 82 3247.499
79 83 6185.166
79 84 1457.906
79 85 5827.718
79 86 3252.643
79 87 2729.801
79 88 3348.448
79 89 1996.162
79 90 3618.510
79 91 1519.271
79 92 5647.013
79 93 4004.883
79 94 503.302
79 95 2899.655
79 96 1582.108
79 97 6166.339
79 98 5282.406
79 99 3934.617
79 100 7510.931
80 0 4893.635
80 1 8679.529
80 2 10418.751
80 3 3163.745
80 4 1266.113
80 5 4453.468
80 6 9696.661
80 7 2210.907
80 8 1948.539
80 9 4207.769
80 10 6236.359
80 11 5960.042
80 12 3091.386
80 13 3520.380
80 14 4209.333
80 15 2347.239
80 16 5187.234
80 17 4634.563
80 18 4001.960
80 19 7077.335
80 20 7744.490
80 21 4526.768
80 22 7494.604
80 23 5161.120
80 24 4627.276
80 25 6234.779
80 26 2270.203
80 27 7184.925
80 28 6747.827
80 29 3545.919
80 30 4980.625
80 31 4326.303
80 32 5648.205
80 33 2621.525
80 34 2979.866
80 35 5283.328
80 36 2904.210
80 37 5600.626
80 38 6084.296
80 39 5432.754
80 40 4732.372
80 41 6912.030
80 42 4370.623
80 43 1589.052
80 44 6471.295
80 45 5138.213
80 46 5460.960
80 47 6826.620
80 48 3497.866
80 49 3462.281
80 50 7474.700
80 51 3928.650
80 52 2169.500
80 53 8096.415
80 54 9860.078
80 55 5096.956
80 56 6827.644
80 57 2796.480
80 58 3438.127
80 59 7375.137
80 60 3400.655
80 61 3323.885
80 62 5295.642
80 63 6583.957
80 64 9089.296
80 65 948.879
80 66 4044.185
80 67 3904.799
80 68 4733.823
80 69 8254.279
80 70 3025.009
80 71 8265.597
80 72 3180.209
80 73 8797.249
80 74 4331.954
80 75 3978.333
80 76 3402.398
80 77 1873.430
80 78 3347.700
80 79 6305.606
80 80 0.000
80 81 4124.291
80 82 3062.946
80 83 1609.470
80 84 7730.457
80 85 4111.031
80 86 6974.391
80 87 3605.963
80 88 8169.601
80 89 4832.142
80 90 8831.911
80 91 4864.209
80 92 2870.379
80 93 2475.439
80 94 5814.251
80 95 9195.926
80 96 6153.916
80 97 4827.734
80 98 3845.590
80 99 9316.480
80 100 4538.088
81 0 6612.324
81 1 10362.110
81 2 12656.958
81 3 6992.944
81 4 5341.513
81 5 6048.110
81 6 11200.905
81 7 5358.388
81 8 4436.138
81 9 5534.364
81 10 9115.312
81 11 5668.447
81 12 6695.684
81 13 7611.031
81 14 3636.319
81 15 6402.400
81 16 5985.884
81 17 5334.769
81 18 7057.350
81 19 7855.935
81 20 10067.934
81 21 8496.601
81 22 10405.597
81 23 9082.197
81 24 2078.991
81 25 9300.202
81 26 3185.973
81 27 7468.024
81 28 6425.093
81 29 7237.473
81 30 8326.303
81 31 8439.906
81 32 9625.980
81 33 6123.507
81 34 2163.428
81 35 3050.113
81 36 3863.917
81 37 6064.758
81 38 7645.403
81 39 8131.938
81 40 952.108
81 41 9546.408
81 42 4325.694
81 43 4938.681
81 44 7027.133
81 45 2283.018
81 46 7774.063
81 47 8568.526
81 48 2693.159
81 49 1173.920
81 50 10204.133
81 51 5671.985
81 52 2687.961
81 53 10534.296
81 54 11573.005
81 55 6473.565
81 56 8016.723
81 57 1545.969
81 58 6333.802
81 59 7039.452
81 60 5370.566
81 61 7295.838
81 62 5297.341
81 63 6677.731
81 64 11302.176
81 65 3201.769
81 66 7969.421
81 67 4740.274
81 68 8857.704
81 69 10997.083
81 70 7146.289
81 71 10461.391
81 72 947.594
81 73 11290.169
81 74 6641.864
81 75 2207.273
81 76 3465.426
81 77 5612.454
81 78 4822.242
81 79 8295.038
81 80 4124.291
81 81 0.000
81 82 5589.527
81 83 5733.225
81 84 9708.481
81 85 8185.716
81 86 10174.034
81 87 5866.711
81 88 11095.160
81 89 7661.513
81 90 11622.666
81 91 6822.023
81 92 6950.845
81 93 4673.120
81 94 7814.906
81 95 10810.585
81 96 7339.509
81 97 8911.749
81 98 3169.714
81 99 12041.071
81 100 1367.638
82 0 1893.157
82 1 5617.373
82 2 7461.165
82 3 2430.374
82 4 2681.017
82 5 1574.644
82 6 6634.031
82 7 984.389
82 8 1285.937
82 9 1596.519
82 10 3545.200
82 11 3900.323
82 12 1834.469
82 13 3707.494
82 14 3209.256
82 15 2833.349
82 16 2611.338
82 17 2324.752
82 18 1511.783
82 19 4227.408
82 20 4779.804
82 21 3854.765
82 22 4842.984
82 23 4216.039
82 24 4812.230
82 25 3710.683
82 26 2403.963
82 27 4546.793
82 28 4522.806
82 29 2312.804
82 30 2833.166
82 31 4519.123
82 32 4833.901
82 33 1438.187
82 34 3497.302
82 35 4906.632
82 36 1904.551
82 37 3132.053
82 38 3055.106
82 39 2594.367
82 40 5706.606
82 41 4068.098
82 42 2820.085
82 43 1529.956
82 44 3785.800
82 45 5277.052
82 46 2442.545
82 47 3764.590
82 48 3337.724
82 49 4473.453
82 50 4696.493
82 51 1112.214
82 52 2915.886
82 53 5179.880
82 54 6803.014
82 55 2209.670
82 56 3855.189
82 57 4063.132
82 58 794.098
82 59 5050.715
82 60 681.415
82 61 2986.484
82 62 3243.330
82 63 4135.349
82 64 6109.922
82 65 3193.479
82 66 3320.856
82 67 1912.990
82 68 5067.009
82 69 5495.177
82 70 3729.946
82 71 5270.906
82 72 4864.733
82 73 5914.370
82 74 1278.334
82 75 4084.372
82 76 2610.845
82 77 1844.014
82 78 1223.994
82 79 3247.499
82 80 3062.946
82 81 5589.527
82 82 0.000
82 83 3220.858
82 84 4685.594
82 85 4022.186
82 86 4588.524
82 87 562.843
82 88 5535.452
82 89 2079.258
82 90 6109.669
82 91 1810.144
82 92 3230.476
82 93 918.069
82 94 2752.917
82 95 6133.201
82 96 3226.036
82 97 4649.753
82 98 3231.745
82 99 6558.732
82 100 5190.866
83 0 5092.864
83 1 8537.735
83 2 9927.889
83 3 2057.429
83 4 602.685
83 5 4791.917
83 6 9587.622
83 7 2240.802
83 8 2648.992
83 9 4722.127
83 10 5603.231
83 11 6826.475
83 12 2287.673
83 13 1980.275
83 14 5387.095
83 15 981.733
83 16 5757.653
83 17 5330.979
83 18 3521.066
83 19 7447.715
83 20 7332.116
83 21 3116.790
83 22 6758.194
83 23 3779.509
83 24 6124.245
83 25 5478.404
83 26 3549.726
83 27 7740.598
83 28 7551.630
83 29 2547.327
83 30 4126.517
83 31 2738.718
83 32 4197.446
83 33 2085.999
83 34 4459.845
83 35 6685.502
83 36 3921.926
83 37 6245.881
83 38 6202.963
83 39 4993.668
83 40 6330.807
83 41 6378.811
83 42 5371.655
83 43 1834.648
83 44 6985.671
83 45 6641.492
83 46 5255.054
83 47 6784.229
83 48 4860.578
83 49 5043.525
83 50 6848.755
83 51 4302.973
83 52 3615.832
83 53 7601.187
83 54 9646.882
83 55 5430.473
83 56 7044.517
83 57 4384.869
83 58 3212.072
83 59 8135.051
83 60 3792.476
83 61 1987.271
83 62 6143.255
83 63 7259.847
83 64 8663.963
83 65 2548.984
83 66 2712.260
83 67 4692.498
83 68 3127.362
83 69 7579.537
83 70 1429.133
83 71 7890.664
83 72 4788.183
83 73 8237.143
83 74 4303.012
83 75 5434.086
83 76 4571.811
83 77 1395.081
83 78 4006.952
83 79 6185.166
83 80 1609.470
83 81 5733.225
83 82 3220.858
83 83 0.000
83 84 7500.525
83 85 2582.505
83 86 6081.051
83 87 3771.471
83 88 7391.405
83 89 4382.516
83 90 8104.549
83 91 4942.913
83 92 1376.944
83 93 3076.834
83 94 5740.281
83 95 9059.335
83 96 6438.796
83 97 3276.350
83 98 5112.461
83 99 8607.792
83 100 6103.707
84 0 3114.030
84 1 1093.283
84 2 2956.038
84 3 5735.125
84 4 7097.405
84 5 3676.268
84 6 2135.956
84 7 5536.639
84 8 5935.992
84 9 4175.873
84 10 2441.879
84 11 5014.124
84 12 5277.909
84 13 6906.168
84 14 6276.619
84 15 6731.751
84 16 3884.320
84 17 4460.864
84 18 3988.767
84 19 2799.183
84 20 879.788
84 21 6125.742
84 22 2481.595
84 23 5917.219
84 24 8233.271
84 25 2899.836
84 26 6722.746
84 27 3702.933
84 28 4847.658
84 29 5252.363
84 30 3927.918
84 31 7332.568
84 32 6347.801
84 33 5417.868
84 34 7559.546
84 35 7792.489
84 36 5899.087
84 37 4059.629
84 38 2096.160
84 39 2561.736
84 40 9503.371
84 41 1690.031
84 42 5558.073
84 43 6151.738
84 44 3441.640
84 45 8526.192
84 46 2277.325
84 47 1171.809
84 48 7045.025
84 49 8534.931
84 50 1939.775
84 51 4113.888
84 52 7279.347
84 53 1328.749
84 54 2149.100
84 55 3246.051
84 56 2130.285
84 57 8335.809
84 58 4345.499
84 59 4800.245
84 60 4541.654
84 61 6187.144
84 62 4899.081
84 63 4187.522
84 64 1626.159
84 65 7854.205
84 66 5905.582
84 67 4972.425
84 68 7794.010
84 69 2257.547
84 70 7312.170
84 71 856.550
84 72 9187.871
84 73 1930.206
84 74 3407.275
84 75 7681.763
84 76 6247.871
84 77 6166.540
84 78 4955.162
84 79 1457.906
84 80 7730.457
84 81 9708.481
84 82 4685.594
84 83 7500.525
84 84 0.000
84 85 6806.882
84 86 3296.342
84 87 4180.361
84 88 2769.523
84 89 3145.598
84 90 2739.165
84 91 2976.442
84 92 6819.835
84 93 5461.199
84 94 1961.071
84 95 1595.183
84 96 2582.766
84 97 7027.564
84 98 6641.539
84 99 2904.989
84 100 8866.886
85 0 5423.330
85 1 7900.148
85 2 8641.360
85 3 1591.847
85 4 2853.809
85 5 5386.367
85 6 8933.499
85 7 3389.066
85 8 4279.273
85 9 5576.363
85 10 4456.515
85 11 7909.204
85 12 2196.258
85 13 602.567
85 14 7044.192
85 15 1783.320
85 16 6523.052
85 17 6334.461
85 18 3227.673
85 19 7720.237
85 20 6351.398
85 21 802.494
85 22 5279.543
85 23 1402.709
85 24 8231.727
85 25 4125.344
85 26 5533.694
85 27 8274.794
85 28 8482.131
85 29 1821.070
85 30 2883.975
85 31 545.819
85 32 1662.427
85 33 2622.846
85 34 6611.746
85 35 8603.151
85 36 5557.817
85 37 7059.522
85 38 6225.685
85 39 4311.942
85 40 8680.322
85 41 5297.563
85 42 6787.782
85 43 3472.444
85 44 7524.631
85 45 8745.032
85 46 4915.531
85 47 6474.629
85 48 6817.192
85 49 7360.636
85 50 5552.815
85 51 5055.979
85 52 5781.430
85 53 6456.695
85 54 8821.392
85 55 5899.545
85 56 7117.844
85 57 6737.323
85 58 3477.249
85 59 8956.486
85 60 4702.363
85 61 1049.262
85 62 7261.932
85 63 8018.793
85 64 7554.577
85 65 4990.129
85 66 909.149
85 67 5916.525
85 68 1079.989
85 69 6134.725
85 70 1225.011
85 71 6922.076
85 72 7256.434
85 73 6935.147
85 74 4473.084
85 75 7496.944
85 76 6299.651
85 77 2714.224
85 78 5199.674
85 79 5827.718
85 80 4111.031
85 81 8185.716
85 82 4022.186
85 83 2582.505
85 84 6806.882
85 85 0.000
85 86 4393.760
85 87 4385.142
85 88 5786.292
85 89 3837.140
85 90 6534.954
85 91 5121.646
85 92 1240.962
85 93 4457.276
85 94 5527.484
85 95 8393.605
85 96 6688.381
85 97 728.451
85 98 6916.327
85 99 7038.802
85 100 8356.823
86 0 4270.497
86 1 4257.272
86 2 4301.449
86 3 4024.240
86 4 5919.873
86 5 4690.092
86 6 5142.358
86 7 4940.486
86 8 5768.802
86 9 5197.045
86 10 1294.522
86 11 7065.070
86 12 3900.825
86 13 4729.745
86 14 7455.540
86 15 5119.305
86 16 5572.329
86 17 5857.676
86 18 3128.584
86 19 5541.411
86 20 2511.782
86 21 3597.365
86 22 977.438
86 23 3140.227
86 24 9282.619
86 25 911.177
86 26 6991.060
86 27 6396.588
86 28 7234.661
86 29 3537.532
86 30 1995.844
86 31 4825.145
86 32 3384.855
86 33 4355.770
86 34 8081.223
86 35 9177.514
86 36 6432.015
86 37 5997.934
86 38 4133.465
86 39 2243.193
86 40 10279.458
86 41 1648.950
86 42 6848.841
86 43 5501.066
86 44 5849.850
86 45 9704.315
86 46 2940.840
86 47 3705.318
86 48 7846.681
86 49 9061.676
86 50 1437.229
86 51 4808.353
86 52 7490.460
86 53 2371.111
86 54 4843.998
86 55 4723.483
86 56 4779.302
86 57 8639.107
86 58 3843.958
86 59 7420.176
86 60 4918.680
86 61 4223.757
86 62 6660.169
86 63 6585.252
86 64 3387.448
86 65 7484.080
86 66 3641.826
86 67 5975.764
86 68 5162.005
86 69 1787.991
86 70 5311.063
86 71 2988.206
86 72 9417.699
86 73 2644.127
86 74 3726.592
86 75 8586.476
86 76 7059.163
86 77 5107.592
86 78 5548.436
86 79 3252.643
86 80 6974.391
86 81 10174.034
86 82 4588.524
86 83 6081.051
86 84 3296.342
86 85 4393.760
86 86 0.000
86 87 4391.816
86 88 1392.533
86 89 2554.128
86 90 2141.220
86 91 3902.983
86 92 4940.376
86 93 5501.843
86 94 3373.539
86 95 4646.452
86 96 4797.898
86 97 4340.367
86 98 7631.448
86 99 2645.406
86 100 9736.835
87 0 1330.886
87 1 5085.726
87 2 7004.317
87 3 2807.715
87 4 3239.623
87 5 1052.363
87 6 6093.763
87 7 1543.313
87 8 1755.636
87 9 1197.789
87 10 3257.909
87 11 3534.188
87 12 2192.942
87 13 4123.392
87 14 3152.131
87 15 3332.123
87 16 2151.038
87 17 1970.609
87 18 1505.061
87 19 3677.704
87 20 4332.016
87 21 4130.246
87 22 4541.237
87 23 4420.111
87 24 4899.240
87 25 3489.707
87 26 2700.302
87 27 4033.282
87 28 4100.119
87 29 2603.859
87 30 2804.281
87 31 4901.240
87 32 5038.316
87 33 1893.706
87 34 3726.515
87 35 4880.458
87 36 2046.196
87 37 2684.139
87 38 2494.425
87 39 2266.065
87 40 5899.647
87 41 3694.299
87 42 2656.529
87 43 2090.910
87 44 3270.163
87 45 5336.076
87 46 1983.041
87 47 3223.318
87 48 3454.918
87 49 4720.605
87 50 4343.675
87 51 673.009
87 52 3241.534
87 53 4755.488
87 54 6280.255
87 55 1667.521
87 56 3292.787
87 57 4371.580
87 58 930.428
87 59 4596.992
87 60 528.179
87 61 3375.495
87 62 2907.144
87 63 3668.285
87 64 5646.207
87 65 3674.249
87 66 3619.989
87 67 1727.486
87 68 5450.254
87 69 5140.012
87 70 4202.533
87 71 4801.744
87 72 5198.409
87 73 5500.924
87 74 803.048
87 75 4195.769
87 76 2672.891
87 77 2385.067
87 78 1168.111
87 79 2729.801
87 80 3605.963
87 81 5866.711
87 82 562.843
87 83 3771.471
87 84 4180.361
87 85 4385.142
87 86 4391.816
87 87 0.000
87 88 5229.452
87 89 1837.884
87 90 5762.838
87 91 1258.270
87 92 3692.365
87 93 1295.793
87 94 2229.414
87 95 5598.718
87 96 2668.592
87 97 4972.964
87 98 3262.529
87 99 6193.900
87 100 5346.353
88 0 4768.038
88 1 3483.014
88 2 2958.619
88 3 5345.564
88 4 7184.429
88 5 5273.601
88 6 4192.084
88 7 6045.392
88 8 6786.835
88 9 5809.451
88 10 1991.041
88 11 7344.056
88 12 5153.557
88 13 6115.606
88 14 8093.340
88 15 6446.329
88 16 5953.086
88 17 6364.139
88 18 4199.490
88 19 5439.000
88 20 1890.135
88 21 4989.627
88 22 692.580
88 23 4519.148
88 24 10001.053
88 25 1937.390
88 26 7917.874
88 27 6341.306
88 28 7358.776
88 29 4845.668
88 30 3265.388
88 31 6214.951
88 32 4719.667
88 33 5554.454
88 34 8954.163
88 35 9771.527
88 36 7261.255
88 37 6293.872
88 38 4272.648
88 39 2963.439
88 40 11103.851
88 41 1654.442
88 42 7429.614
88 43 6638.763
88 44 5929.001
88 45 10382.737
88 46 3431.648
88 47 3582.760
88 48 8624.500
88 49 9949.492
88 50 1000.680
88 51 5512.160
88 52 8445.557
88 53 1497.557
88 54 3779.337
88 55 5136.966
88 56 4696.873
88 57 9588.011
88 58 4865.327
88 59 7423.579
88 60 5735.105
88 61 5585.553
88 62 7052.013
88 63 6690.175
88 64 2252.575
88 65 8596.936
88 66 5025.923
88 67 6630.675
88 68 6540.873
88 69 581.210
88 70 6687.694
88 71 2149.929
88 72 10399.070
88 73 1420.345
88 74 4470.999
88 75 9343.731
88 76 7815.189
88 77 6329.776
88 78 6325.254
88 79 3348.448
88 80 8169.601
88 81 11095.160
88 82 5535.452
88 83 7391.405
88 84 2769.523
88 85 5786.292
88 86 1392.533
88 87 5229.452
88 88 0.000
88 89 3460.105
88 90 748.727
88 91 4448.399
88 92 6301.356
88 93 6450.228
88 94 3653.337
88 95 3761.166
88 96 4916.689
88 97 5718.572
88 98 8340.450
88 99 1253.625
88 100 10523.299
89 0 1978.681
89 1 4215.011
89 2 5604.613
89 3 2602.095
89 4 4025.581
89 5 2261.176
89 6 5268.805
89 7 2639.614
89 8 3328.029
89 9 2720.984
89 10 1469.166
89 11 4831.154
89 12 2133.187
89 13 3835.549
89 14 4930.022
89 15 3586.832
89 16 3302.897
89 17 3444.021
89 18 864.857
89 19 3983.899
89 20 2960.118
89 21 3282.050
89 22 2767.591
89 23 3303.882
89 24 6730.900
89 25 1652.728
89 26 4476.242
89 27 4661.009
89 28 5180.247
89 29 2138.268
89 30 1259.307
89 31 4381.439
89 32 3872.965
89 33 2325.265
89 34 5544.303
89 35 6659.344
89 36 3880.861
89 37 3801.272
89 38 2445.450
89 39 614.494
89 40 7732.289
89 41 2079.929
89 42 4357.461
89 43 3254.576
89 44 3963.947
89 45 7158.369
89 46 1080.760
89 47 2642.861
89 48 5292.595
89 49 6532.028
89 50 2661.879
89 51 2285.210
89 52 4994.622
89 53 3273.246
89 54 5278.684
89 55 2488.293
89 56 3322.589
89 57 6140.902
89 58 1421.940
89 59 5519.064
89 60 2364.552
89 61 3085.904
89 62 4323.516
89 63 4597.455
89 64 4302.214
89 65 5167.244
89 66 2931.879
89 67 3457.180
89 68 4891.783
89 69 3455.106
89 70 4189.084
89 71 3511.643
89 72 6943.724
89 73 3965.240
89 74 1214.909
89 75 6032.455
89 76 4506.082
89 77 3103.044
89 78 2995.796
89 79 1996.162
89 80 4832.142
89 81 7661.513
89 82 2079.258
89 83 4382.516
89 84 3145.598
89 85 3837.140
89 86 2554.128
89 87 1837.884
89 88 3460.105
89 89 0.000
89 90 4057.380
89 91 1599.200
89 92 3687.091
89 93 2996.739
89 94 1700.169
89 95 4731.234
89 96 2995.419
89 97 4211.687
89 98 5083.913
89 99 4522.511
89 100 7183.903
90 0 5164.805
90 1 3232.946
90 2 2257.683
90 3 6066.821
90 4 7878.835
90 5 5696.838
90 6 3787.240
90 7 6679.247
90 8 7379.346
90 9 6235.611
90 10 2602.508
90 11 7587.161
90 12 5850.047
90 13 6861.075
90 14 8503.246
90 15 7167.736
90 16 6268.679
90 17 6732.383
90 18 4838.798
90 19 5520.624
90 20 1915.407
90 21 5738.349
90 22 1348.482
90 23 5264.423
90 24 10436.226
90 25 2629.097
90 26 8462.781
90 27 6427.721
90 28 7522.632
90 29 5563.483
90 30 3979.567
90 31 6963.080
90 32 5451.261
90 33 6228.475
90 34 9468.292
90 35 10147.600
90 36 7767.173
90 37 6561.814
90 38 4517.601
90 39 3515.698
90 40 11584.968
90 41 2078.795
90 42 7819.013
90 43 7282.525
90 44 6094.721
90 45 10796.452
90 46 3873.649
90 47 3727.045
90 48 9096.302
90 49 10465.658
90 50 1419.198
90 51 5983.955
90 52 9000.161
90 53 1414.917
90 54 3301.224
90 55 5485.828
90 56 4811.883
90 57 10134.321
90 58 5477.318
90 59 7523.187
90 60 6252.116
90 61 6321.702
90 62 7355.094
90 63 6854.518
90 64 1790.448
90 65 9221.691
90 66 5770.960
90 67 7064.123
90 68 7285.415
90 69 628.207
90 70 7429.110
90 71 1967.703
90 72 10957.423
90 73 963.790
90 74 4980.803
90 75 9801.255
90 76 8282.941
90 77 7009.451
90 78 6817.420
90 79 3618.510
90 80 8831.911
90 81 11622.666
90 82 6109.669
90 83 8104.549
90 84 2739.165
90 85 6534.954
90 86 2141.220
90 87 5762.838
90 88 748.727
90 89 4057.380
90 90 0.000
90 91 4875.218
90 92 7036.562
90 93 7015.660
90 94 3992.800
90 95 3418.564
90 96 5128.908
90 97 6463.138
90 98 8781.987
90 99 508.291
90 100 10988.621
91 0 382.846
91 1 3838.388
91 2 5871.288
91 3 3647.504
91 4 4442.812
91 5 825.469
91 6 4838.265
91 7 2763.492
91 8 2990.944
91 9 1363.038
91 10 2628.986
91 11 3242.863
91 12 3050.625
91 13 4979.022
91 14 3644.963
91 15 4383.268
91 16 1715.253
91 17 1957.166
91 18 1901.194
91 19 2618.692
91 20 3246.594
91 21 4695.921
91 22 3794.607
91 23 4822.686
91 24 5563.109
91 25 3006.060
91 26 3758.662
91 27 3163.024
91 28 3584.273
91 29 3304.854
91 30 2849.889
91 31 5662.940
91 32 5414.766
91 33 2929.794
91 34 4658.857
91 35 5331.591
91 36 2965.754
91 37 2203.324
91 38 1260.980
91 39 1666.649
91 40 6720.999
91 41 2810.716
91 42 2987.812
91 43 3338.149
91 44 2428.173
91 45 5935.423
91 46 1017.122
91 47 1969.144
91 48 4230.767
91 49 5651.166
91 50 3482.267
91 51 1155.355
91 52 4314.802
91 53 3714.090
91 54 5041.606
91 55 889.111
91 56 2112.651
91 57 5396.365
91 58 1783.092
91 59 3947.392
91 60 1566.222
91 61 4205.427
91 62 2772.365
91 63 3015.915
91 64 4509.411
91 65 4898.978
91 66 4260.340
91 67 2189.669
91 68 6201.227
91 69 4247.735
91 70 5177.294
91 71 3662.592
91 72 6244.040
91 73 4470.475
91 74 670.105
91 75 4927.415
91 76 3416.925
91 77 3548.141
91 78 2007.751
91 79 1519.271
91 80 4864.209
91 81 6822.023
91 82 1810.144
91 83 4942.913
91 84 2976.442
91 85 5121.646
91 86 3902.983
91 87 1258.270
91 88 4448.399
91 89 1599.200
91 90 4875.218
91 91 0.000
91 92 4656.621
91 93 2497.564
91 94 1017.890
91 95 4347.988
91 96 1579.189
91 97 5606.161
91 98 3906.940
91 99 5258.592
91 100 6116.470
92 0 4897.441
92 1 7898.481
92 2 8997.103
92 3 1085.420
92 4 1613.535
92 5 4741.300
92 6 8951.195
92 7 2418.542
92 8 3206.436
92 9 4826.971
92 10 4673.057
92 11 7110.944
92 12 1617.426
92 13 661.967
92 14 6021.270
92 15 559.701
92 16 5833.349
92 17 5542.783
92 18 2900.210
92 19 7269.433
92 20 6512.455
92 21 1743.602
92 22 5711.087
92 23 2409.207
92 24 7076.442
92 25 4456.934
92 26 4391.021
92 27 7713.184
92 28 7752.795
92 29 1573.808
92 30 3098.308
92 31 1523.149
92 32 2821.854
92 33 1800.279
92 34 5435.681
92 35 7507.233
92 36 4518.911
92 37 6359.424
92 38 5865.520
92 39 4258.101
92 40 7464.793
92 41 5496.145
92 42 5846.235
92 43 2357.796
92 44 6950.554
92 45 7593.054
92 46 4700.101
92 47 6283.390
92 48 5696.520
92 49 6149.044
92 50 5880.156
92 51 4332.112
92 52 4595.807
92 53 6710.701
92 54 8927.704
92 55 5324.319
92 56 6750.811
92 57 5516.762
92 58 2884.437
92 59 8277.996
92 60 3900.582
92 61 716.642
92 62 6440.588
92 63 7356.105
92 64 7802.141
92 65 3752.157
92 66 1382.433
92 67 5030.024
92 68 2015.074
92 69 6557.812
92 70 520.772
92 71 7084.668
92 72 6018.855
92 73 7284.457
92 74 3986.517
92 75 6350.500
92 76 5243.731
92 77 1611.180
92 78 4306.193
92 79 5647.013
92 80 2870.379
92 81 6950.845
92 82 3230.476
92 83 1376.944
92 84 6819.835
92 85 1240.962
92 86 4940.376
92 87 3692.365
92 88 6301.356
92 89 3687.091
92 90 7036.562
92 91 4656.621
92 92 0.000
92 93 3470.806
92 94 5265.885
92 95 8412.036
92 96 6230.774
92 97 1962.279
92 98 5843.601
92 99 7544.637
92 100 7163.035
93 0 2461.550
93 1 6333.050
93 2 8300.027
93 3 2907.861
93 4 2480.290
93 5 1986.906
93 6 7319.838
93 7 1069.459
93 8 527.094
93 9 1741.173
93 10 4461.004
93 11 3752.079
93 12 2392.561
93 13 4044.117
93 14 2587.799
93 15 2977.787
93 16 2749.339
93 17 2264.352
93 18 2399.348
93 19 4603.457
93 20 5627.361
93 21 4435.218
93 22 5757.993
93 23 4879.243
93 24 3995.630
93 25 4627.746
93 26 1489.417
93 27 4754.586
93 28 4476.275
93 29 2931.970
93 30 3702.564
93 31 4904.456
93 32 5486.635
93 33 1859.459
93 34 2599.177
93 35 4200.130
93 36 1125.768
93 37 3204.047
93 38 3656.625
93 39 3500.547
93 40 4815.433
93 41 4962.324
93 42 2377.550
93 43 1243.274
93 44 4022.417
93 45 4480.081
93 46 3278.377
93 47 4459.979
93 48 2517.036
93 49 3564.793
93 50 5599.463
93 51 1463.395
93 52 1997.942
93 53 6046.642
93 54 7538.948
93 55 2624.981
93 56 4363.129
93 57 3145.070
93 58 1672.021
93 59 5067.314
93 60 949.312
93 61 3409.921
93 62 3068.931
93 63 4212.449
93 64 6941.559
93 65 2401.917
93 66 3883.231
93 67 1618.838
93 68 5438.491
93 69 6398.068
93 70 3918.233
93 71 6096.624
93 72 3948.846
93 73 6789.091
93 74 2097.531
93 75 3256.010
93 76 1872.433
93 77 1882.480
93 78 934.980
93 79 4004.883
93 80 2475.439
93 81 4673.120
93 82 918.069
93 83 3076.834
93 84 5461.199
93 85 4457.276
93 86 5501.843
93 87 1295.793
93 88 6450.228
93 89 2996.739
93 90 7015.660
93 91 2497.564
93 92 3470.806
93 93 0.000
93 94 3501.798
93 95 6839.195
93 96 3682.437
93 97 5139.531
93 98 2501.113
93 99 7458.795
93 100 4321.830
94 0 1208.762
94 1 2865.422
94 2 4857.965
94 3 4199.393
94 4 5283.602
94 5 1769.414
94 6 3890.892
94 7 3652.879
94 8 3982.767
94 9 2297.246
94 10 2088.303
94 11 3725.643
94 12 3653.960
94 13 5487.521
94 14 4524.220
94 15 5074.903
94 16 2299.775
94 17 2739.838
94 18 2369.292
94 19 2337.777
94 20 2261.990
94 21 4981.560
94 22 3051.033
94 23 4972.508
94 24 6471.693
94 25 2556.850
94 26 4774.865
94 27 3104.046
94 28 3861.391
94 29 3777.695
94 30 2880.669
94 31 6072.903
94 32 5518.201
94 33 3665.747
94 34 5654.316
94 35 6154.819
94 36 3970.835
94 37 2661.868
94 38 803.286
94 39 1383.810
94 40 7676.253
94 41 2001.926
94 42 3830.462
94 43 4254.423
94 44 2492.935
94 45 6814.491
94 46 623.752
94 47 1044.004
94 48 5191.418
94 49 6641.834
94 50 2656.488
94 51 2167.118
94 52 5331.251
94 53 2749.079
94 54 4051.843
94 55 1493.759
94 56 1635.785
94 57 6405.941
94 58 2528.672
94 59 4074.079
94 60 2580.937
94 61 4721.988
94 62 3399.263
94 63 3215.400
94 64 3496.974
94 65 5898.585
94 66 4626.214
94 67 3121.693
94 68 6588.359
94 69 3374.086
94 70 5781.732
94 71 2651.506
94 72 7255.328
94 73 3503.370
94 74 1485.690
94 75 5866.703
94 76 4381.005
94 77 4362.345
94 78 3016.664
94 79 503.302
94 80 5814.251
94 81 7814.906
94 82 2752.917
94 83 5740.281
94 84 1961.071
94 85 5527.484
94 86 3373.539
94 87 2229.414
94 88 3653.337
94 89 1700.169
94 90 3992.800
94 91 1017.890
94 92 5265.885
94 93 3501.798
94 94 0.000
94 95 3382.915
94 96 1445.793
94 97 5911.434
94 98 4832.834
94 99 4339.793
94 100 7058.246
95 0 4395.682
95 1 521.927
95 2 2403.879
95 3 7326.874
95 4 8635.420
95 5 4928.853
95 6 540.938
95 7 7031.857
95 8 7338.517
95 9 5369.823
95 10 3982.973
95 11 5619.068
95 12 6859.443
95 13 8500.853
95 14 7240.163
95 15 8312.533
95 16 4831.996
95 17 5476.279
95 18 5563.688
95 19 3181.923
95 20 2151.676
95 21 7700.411
95 22 3716.886
95 23 7461.354
95 24 9157.275
95 25 4407.385
95 26 7984.256
95 27 3952.799
95 28 5226.643
95 29 6846.343
95 30 5510.799
95 31 8915.779
95 32 7861.687
95 33 6973.402
95 34 8709.071
95 35 8582.439
95 36 7121.662
95 37 4846.063
95 38 3227.731
95 39 4154.724
95 40 10496.640
95 41 3174.158
95 42 6521.881
95 43 7636.655
95 44 4000.701
95 45 9382.860
95 46 3806.629
95 47 2379.640
95 48 8117.770
95 49 9648.846
95 50 3210.686
95 51 5417.859
95 52 8535.595
95 53 2312.981
95 54 773.686
95 55 4386.736
95 56 2811.997
95 57 9529.351
95 58 5873.077
95 59 4978.693
95 60 5895.053
95 61 7782.163
95 62 5688.995
95 63 4637.355
95 64 1659.278
95 65 9240.404
95 66 7495.022
95 67 6098.917
95 68 9369.036
95 69 3180.858
95 70 8906.093
95 71 1664.224
95 72 10380.667
95 73 2454.795
95 74 4868.302
95 75 8687.063
95 76 7357.761
95 77 7706.588
95 78 6219.269
95 79 2899.655
95 80 9195.926
95 81 10810.585
95 82 6133.201
95 83 9059.335
95 84 1595.183
95 85 8393.605
95 86 4646.452
95 87 5598.718
95 88 3761.166
95 89 4731.234
95 90 3418.564
95 91 4347.988
95 92 8412.036
95 93 6839.195
95 94 3382.915
95 95 0.000
95 96 3472.073
95 97 8592.799
95 98 7662.168
95 99 3339.391
95 100 9842.410
96 0 1350.567
96 1 3037.591
96 2 5488.149
96 3 5226.681
96 4 5906.993
96 5 1701.761
96 6 3867.885
96 7 4210.242
96 8 4208.975
96 9 2009.045
96 10 3524.792
96 11 2461.285
96 12 4628.918
96 13 6557.750
96 14 3779.361
96 15 5939.134
96 16 1362.677
96 17 2004.740
96 18 3460.856
96 19 1039.652
96 20 3238.084
96 21 6228.080
96 22 4377.714
96 23 6297.464
96 24 5717.116
96 25 4000.492
96 26 4608.423
96 27 1674.809
96 28 2456.270
96 29 4877.177
96 30 4240.013
96 31 7231.592
96 32 6868.054
96 33 4481.800
96 34 5252.228
96 35 5221.854
96 36 3725.740
96 37 1476.864
96 38 665.404
96 39 2802.291
96 40 7035.404
96 41 3317.019
96 42 3058.173
96 43 4730.495
96 44 1052.077
96 45 5978.518
96 46 2009.030
96 47 1429.981
96 48 4646.393
96 49 6180.336
96 50 3921.258
96 51 2225.987
96 52 5146.142
96 53 3755.317
96 54 4237.959
96 55 1057.457
96 56 703.663
96 57 6087.287
96 58 3348.808
96 59 2629.539
96 60 2756.571
96 61 5783.973
96 62 2318.709
96 63 1794.773
96 64 4199.585
96 65 6011.350
96 66 5815.113
96 67 2654.972
96 68 7766.462
96 69 4545.810
96 70 6751.082
96 71 3430.605
96 72 6934.335
96 73 4459.254
96 74 2247.236
96 75 5220.191
96 76 3894.855
96 77 5048.322
96 78 2899.339
96 79 1582.108
96 80 6153.916
96 81 7339.509
96 82 3226.036
96 83 6438.796
96 84 2582.766
96 85 6688.381
96 86 4797.898
96 87 2668.592
96 88 4916.689
96 89 2995.419
96 90 5128.908
96 91 1579.189
96 92 6230.774
96 93 3682.437
96 94 1445.793
96 95 3472.073
96 96 0.000
96 97 7148.382
96 98 4191.438
96 99 5394.437
96 100 6384.979
97 0 5929.242
97 1 8115.497
97 2 8638.409
97 3 2239.406
97 4 3575.622
97 5 5941.929
97 6 9128.274
97 7 4076.220
97 8 4984.785
97 9 6170.426
97 10 4612.703
97 11 8507.057
97 12 2815.594
97 13 1307.382
97 14 7726.969
97 15 2509.972
97 16 7085.347
97 17 6938.489
97 18 3706.476
97 19 8167.416
97 20 6495.099
97 21 930.103
97 22 5278.443
97 23 1200.194
97 24 8950.659
97 25 4223.797
97 26 6251.964
97 27 8769.184
97 28 9048.971
97 29 2370.190
97 30 3119.889
97 31 647.742
97 32 1173.036
97 33 3287.675
97 34 7335.707
97 35 9305.976
97 36 6249.712
97 37 7622.118
97 38 6645.867
97 39 4622.007
97 40 9408.729
97 41 5440.488
97 42 7444.181
97 43 4189.760
97 44 8029.771
97 45 9462.936
97 46 5289.654
97 47 6808.450
97 48 7528.786
97 49 8088.918
97 50 5611.850
97 51 5645.962
97 52 6507.271
97 53 6543.451
97 54 8966.712
97 55 6420.257
97 56 7530.772
97 57 7465.725
97 58 4048.694
97 59 9499.291
97 60 5324.424
97 61 1736.578
97 62 7871.959
97 63 8559.546
97 64 7629.701
97 65 5714.293
97 66 1359.415
97 67 6557.946
97 68 822.306
97 69 6121.271
97 70 1871.501
97 71 7056.030
97 72 7980.947
97 73 6955.848
97 74 4979.133
97 75 8214.250
97 76 6994.339
97 77 3433.291
97 78 5848.202
97 79 6166.339
97 80 4827.734
97 81 8911.749
97 82 4649.753
97 83 3276.350
97 84 7027.564
97 85 728.451
97 86 4340.367
97 87 4972.964
97 88 5718.572
97 89 4211.687
97 90 6463.138
97 91 5606.161
97 92 1962.279
97 93 5139.531
97 94 5911.434
97 95 8592.799
97 96 7148.382
97 97 0.000
97 98 7614.622
97 99 6956.887
97 100 9083.175
98 0 3629.486
98 1 7226.696
98 2 9597.244
98 3 5397.988
98 4 4529.364
98 5 3085.886
98 6 8040.102
98 7 3543.035
98 8 2642.570
98 9 2547.414
98 10 6436.246
98 11 2628.668
98 12 4893.674
98 13 6459.954
98 14 506.495
98 15 5307.552
98 16 2830.174
98 17 2195.196
98 18 4715.967
98 19 4688.720
98 20 7090.611
98 21 6934.439
98 22 7671.990
98 23 7377.523
98 24 1661.191
98 25 6722.077
98 26 1585.031
98 27 4350.207
98 28 3437.552
98 29 5431.607
98 30 6039.624
98 31 7333.056
98 32 7986.669
98 33 4354.843
98 34 1294.647
98 35 1699.099
98 36 1375.409
98 37 2896.894
98 38 4550.510
98 39 5430.333
98 40 2861.926
98 41 6715.340
98 42 1156.070
98 43 3486.455
98 44 3865.150
98 45 2074.691
98 46 4915.776
98 47 5479.875
98 48 535.638
98 49 2045.856
98 50 7386.579
98 51 2838.298
98 52 1761.797
98 53 7581.899
98 54 8429.310
98 55 3398.762
98 56 4857.501
98 57 2153.170
98 58 4020.974
98 59 4083.991
98 60 2736.454
98 61 5878.312
98 62 2158.031
98 63 3575.699
98 64 8258.849
98 65 3114.016
98 66 6381.638
98 67 1718.195
98 68 7851.616
98 69 8154.639
98 70 6234.682
98 71 7432.501
98 72 2921.477
98 73 8335.687
98 74 3912.090
98 75 1040.283
98 76 629.590
98 77 4235.436
98 78 2094.421
98 79 5282.406
98 80 3845.590
98 81 3169.714
98 82 3231.745
98 83 5112.461
98 84 6641.539
98 85 6916.327
98 86 7631.448
98 87 3262.529
98 88 8340.450
98 89 5083.913
98 90 8781.987
98 91 3906.940
98 92 5843.601
98 93 2501.113
98 94 4832.834
98 95 7662.168
98 96 4191.438
98 97 7614.622
98 98 0.000
98 99 9158.635
98 100 2228.952
99 0 5531.036
99 1 3230.525
99 2 1847.983
99 3 6572.535
99 4 8376.091
99 5 6073.722
99 6 3649.131
99 7 7153.598
99 8 7834.520
99 9 6611.568
99 10 3080.835
99 11 7855.311
99 12 6348.844
99 13 7368.467
99 14 8863.336
99 15 7673.319
99 16 6584.760
99 17 7075.334
99 18 5318.173
99 19 5704.094
99 20 2156.571
99 21 6241.169
99 22 1849.643
99 23 5759.552
99 24 10806.478
99 25 3130.163
99 26 8893.600
99 27 6606.903
99 28 7743.466
99 29 6068.490
99 30 4484.308
99 31 7463.060
99 32 5931.463
99 33 6719.233
99 34 9882.104
99 35 10485.336
99 36 8179.642
99 37 6849.315
99 38 4807.951
99 39 3965.639
99 40 11978.790
99 41 2499.602
99 42 8169.701
99 43 7760.418
99 44 6324.976
99 45 11154.267
99 46 4272.252
99 47 3971.726
99 48 9488.533
99 49 10879.294
99 50 1863.688
99 51 6384.259
99 52 9435.065
99 53 1639.278
99 54 3109.850
99 55 5824.745
99 56 5023.277
99 57 10563.797
99 58 5944.347
99 59 7704.181
99 60 6673.838
99 61 6829.872
99 62 7659.041
99 63 7079.116
99 64 1680.246
99 65 9689.744
99 66 6278.490
99 67 7440.883
99 68 7778.925
99 69 1067.405
99 70 7937.332
99 71 2073.803
99 72 11392.223
99 73 984.343
99 74 5403.791
99 75 10184.672
99 76 8674.597
99 77 7501.781
99 78 7225.220
99 79 3934.617
99 80 9316.480
99 81 12041.071
99 82 6558.732
99 83 8607.792
99 84 2904.989
99 85 7038.802
99 86 2645.406
99 87 6193.900
99 88 1253.625
99 89 4522.511
99 90 508.291
99 91 5258.592
99 92 7544.637
99 93 7458.795
99 94 4339.793
99 95 3339.391
99 96 5394.437
99 97 6956.887
99 98 9158.635
99 99 0.000
99 100 11374.584
100 0 5852.152
100 1 9421.923
100 2 11821.601
100 3 6994.839
100 4 5616.464
100 5 5301.991
100 6 10197.368
100 7 5205.369
100 8 4236.987
100 9 4765.618
100 10 8586.626
100 11 4475.225
100 12 6595.848
100 13 7821.001
100 14 2605.647
100 15 6603.334
100 16 5023.624
100 17 4410.007
100 18 6702.164
100 19 6780.619
100 20 9317.880
100 21 8543.858
100 22 9846.299
100 23 9072.720
100 24 753.718
100 25 8836.059
100 26 2901.983
100 27 6304.458
100 28 5189.949
100 29 7149.017
100 30 8018.573
100 31 8685.070
100 32 9653.825
100 33 6021.770
100 34 1767.617
100 35 1692.231
100 36 3306.006
100 37 5012.471
100 38 6773.077
100 39 7582.416
100 40 660.985
100 41 8914.830
100 42 3327.278
100 43 4922.329
100 44 5938.900
100 45 923.997
100 46 7115.586
100 47 7702.234
100 48 1899.497
100 49 1090.624
100 50 9584.450
100 51 5012.120
100 52 2576.465
100 53 9807.025
100 54 10613.616
100 55 5626.887
100 56 7030.446
100 57 1758.753
100 58 5978.542
100 59 5781.784
100 60 4821.585
100 61 7383.755
100 62 4195.342
100 63 5508.987
100 64 10486.189
100 65 3594.596
100 66 7995.858
100 67 3937.515
100 68 9152.246
100 69 10360.527
100 70 7445.053
100 71 9661.146
100 72 1831.549
100 73 10561.614
100 74 6060.596
100 75 1191.543
100 76 2708.513
100 77 5663.341
100 78 4205.382
100 79 7510.931
100 80 4538.088
100 81 1367.638
100 82 5190.866
100 83 6103.707
100 84 8866.886
100 85 8356.823
100 86 9736.835
100 87 5346.353
100 88 10523.299
100 89 7183.903
100 90 10988.621
100 91 6116.470
100 92 7163.035
100 93 4321.830
100 94 7058.246
100 95 9842.410
100 96 6384.979
100 97 9083.175
100 98 2228.952
100 99 11374.584
100 100 0.000
