# i j distance_m; directed OSRM/OSM truck distance; depot 0 + customers 1..100
0 0 0.000
0 1 8600.300
0 2 3822.000
0 3 7038.500
0 4 5164.800
0 5 6329.500
0 6 5831.000
0 7 8763.400
0 8 10649.700
0 9 8003.300
0 10 8607.600
0 11 10236.200
0 12 4220.600
0 13 8539.100
0 14 8166.800
0 15 8754.700
0 16 10310.000
0 17 5070.600
0 18 11225.200
0 19 7284.900
0 20 7744.300
0 21 12133.000
0 22 9386.500
0 23 6438.600
0 24 10827.500
0 25 10916.300
0 26 8794.500
0 27 8535.300
0 28 2453.500
0 29 7702.700
0 30 9025.700
0 31 6017.500
0 32 8132.600
0 33 6591.100
0 34 10016.200
0 35 6913.300
0 36 5379.800
0 37 6224.000
0 38 9732.200
0 39 8050.500
0 40 11937.600
0 41 6038.400
0 42 5650.000
0 43 6651.600
0 44 9679.300
0 45 12791.100
0 46 5685.900
0 47 11432.000
0 48 9623.200
0 49 9938.200
0 50 7062.500
0 51 2289.600
0 52 2627.600
0 53 10650.600
0 54 6624.300
0 55 12695.600
0 56 4500.300
0 57 4175.900
0 58 11100.500
0 59 15175.400
0 60 3970.400
0 61 3664.800
0 62 4494.300
0 63 9423.700
0 64 3395.400
0 65 4565.400
0 66 9065.400
0 67 5435.200
0 68 7431.200
0 69 8948.900
0 70 5004.500
0 71 13977.000
0 72 10481.100
0 73 781.200
0 74 9124.500
0 75 5474.600
0 76 2591.700
0 77 10128.300
0 78 12352.100
0 79 6454.400
0 80 10121.100
0 81 5891.800
0 82 3046.400
0 83 4944.000
0 84 11630.300
0 85 9449.500
0 86 7725.300
0 87 7879.800
0 88 8171.600
0 89 6928.100
0 90 9732.300
0 91 14055.100
0 92 7679.000
0 93 6841.700
0 94 11245.300
0 95 7526.400
0 96 5084.100
0 97 8227.800
0 98 9933.200
0 99 10072.500
0 100 6782.700
1 0 7097.500
1 1 0.000
1 2 9732.000
1 3 10346.200
1 4 7057.300
1 5 4999.700
1 6 6665.300
1 7 10611.100
1 8 12830.600
1 9 12821.500
1 10 1926.100
1 11 11902.100
1 12 7986.600
1 13 2682.800
1 14 3870.400
1 15 2921.600
1 16 4620.800
1 17 9583.100
1 18 9239.500
1 19 9840.600
1 20 1465.300
1 21 6276.700
1 22 3530.200
1 23 10700.500
1 24 13166.500
1 25 9186.200
1 26 11485.500
1 27 14440.900
1 28 8224.700
1 29 3036.800
1 30 12516.500
1 31 6967.700
1 32 1116.400
1 33 3759.600
1 34 9159.000
1 35 2621.300
1 36 5264.500
1 37 8430.300
1 38 10137.600
1 39 1839.200
1 40 6081.300
1 41 9804.400
1 42 10087.900
1 43 12557.300
1 44 3846.300
1 45 14457.000
1 46 10126.000
1 47 4237.900
1 48 10720.500
1 49 4496.900
1 50 2968.600
1 51 6480.900
1 52 4514.100
1 53 14239.800
1 54 6784.600
1 55 14361.500
1 56 9012.900
1 57 5308.500
1 58 9370.300
1 59 16841.300
1 60 7409.500
1 61 9574.800
1 62 5719.200
1 63 3567.400
1 64 9305.300
1 65 6063.500
1 66 9748.800
1 67 9201.200
1 68 13336.800
1 69 10307.200
1 70 5419.200
1 71 15642.900
1 72 12147.000
1 73 7061.200
1 74 3286.000
1 75 9225.100
1 76 8504.000
1 77 13659.200
1 78 11512.600
1 79 2207.800
1 80 11829.200
1 81 9606.700
1 82 4261.700
1 83 8510.000
1 84 12727.600
1 85 13215.500
1 86 5018.200
1 87 12319.900
1 88 2338.500
1 89 7305.500
1 90 2956.200
1 91 15721.000
1 92 11030.300
1 93 7925.700
1 94 5389.000
1 95 13432.000
1 96 5048.000
1 97 11993.900
1 98 4491.900
1 99 12932.700
1 100 7166.800
2 0 4896.400
2 1 8852.400
2 2 0.000
2 3 4368.900
2 4 6785.500
2 5 4717.100
2 6 2600.500
2 7 10384.200
2 8 7980.200
2 9 5711.900
2 10 10228.300
2 11 11856.900
2 12 5841.300
2 13 10159.800
2 14 9787.500
2 15 9572.400
2 16 12051.200
2 17 5312.100
2 18 12845.900
2 19 8905.600
2 20 9365.000
2 21 13753.800
2 22 12410.600
2 23 6364.600
2 24 12448.200
2 25 12537.000
2 26 10415.200
2 27 6994.000
2 28 3026.500
2 29 9323.500
2 30 10646.500
2 31 7638.200
2 32 9753.300
2 33 5873.800
2 34 11636.900
2 35 8534.100
2 36 7000.600
2 37 7844.700
2 38 11352.900
2 39 9671.200
2 40 13558.300
2 41 7659.100
2 42 5752.000
2 43 5110.400
2 44 11276.700
2 45 14411.800
2 46 3016.400
2 47 9819.500
2 48 6953.700
2 49 11558.900
2 50 8683.200
2 51 2456.500
2 52 4580.400
2 53 12271.400
2 54 8245.000
2 55 14316.300
2 56 4481.200
2 57 2652.600
2 58 12721.200
2 59 16796.100
2 60 5591.200
2 61 2187.000
2 62 6115.000
2 63 11044.400
2 64 1064.300
2 65 2953.000
2 66 10686.100
2 67 7055.900
2 68 5890.000
2 69 6279.400
2 70 3942.700
2 71 15597.700
2 72 12101.800
2 73 4860.000
2 74 7512.100
2 75 2805.000
2 76 1979.400
2 77 7038.000
2 78 13972.800
2 79 8396.900
2 80 7451.600
2 81 7512.500
2 82 3699.300
2 83 2274.500
2 84 8960.800
2 85 11070.200
2 86 9346.000
2 87 5210.200
2 88 8282.200
2 89 3697.600
2 90 11678.600
2 91 15675.800
2 92 9299.800
2 93 8462.400
2 94 12866.000
2 95 5985.100
2 96 6704.800
2 97 9848.600
2 98 11553.900
2 99 11693.200
2 100 8403.400
3 0 6634.200
3 1 9879.800
3 2 4462.600
3 3 0.000
3 4 10074.500
3 5 5269.200
3 6 3614.200
3 7 13673.200
3 8 4807.600
3 9 3094.800
3 10 11805.900
3 11 16943.700
3 12 9130.300
3 13 12562.600
3 14 13590.700
3 15 10599.800
3 16 13078.700
3 17 8601.100
3 18 16628.400
3 19 12194.600
3 20 11345.100
3 21 16213.100
3 22 13438.000
3 23 9653.600
3 24 18208.100
3 25 16575.000
3 26 13704.200
3 27 5678.100
3 28 6315.500
3 29 12910.300
3 30 13935.500
3 31 12009.300
3 32 10996.200
3 33 6695.500
3 34 16547.900
3 35 12120.900
3 36 8250.700
3 37 11133.700
3 38 14641.900
3 39 11719.000
3 40 16017.700
3 41 10948.100
3 42 9041.000
3 43 3840.800
3 44 12304.200
3 45 19498.600
3 46 1522.000
3 47 10847.000
3 48 2697.500
3 49 15362.100
3 50 12270.100
3 51 4680.700
3 52 6804.700
3 53 15560.300
3 54 11826.200
3 55 19403.100
3 56 7770.200
3 57 4876.800
3 58 16759.200
3 59 21882.900
3 60 8880.100
3 61 5476.000
3 62 9404.000
3 63 13447.200
3 64 4353.300
3 65 4643.800
3 66 14815.600
3 67 10344.900
3 68 3163.900
3 69 2023.200
3 70 5031.700
3 71 20684.500
3 72 17188.600
3 73 6422.000
3 74 8539.500
3 75 1834.700
3 76 5268.300
3 77 4420.900
3 78 19059.600
3 79 9218.600
3 80 3806.200
3 81 10801.500
3 82 5923.600
3 83 2365.300
3 84 4704.600
3 85 14359.200
3 86 13149.300
3 87 2593.100
3 88 9309.600
3 89 3732.500
3 90 12706.100
3 91 20762.600
3 92 12588.800
3 93 12967.300
3 94 15325.400
3 95 4669.200
3 96 10291.600
3 97 13137.500
3 98 15357.100
3 99 14982.200
3 100 12208.400
4 0 3870.500
4 1 6800.900
4 2 6504.900
4 3 10282.400
4 4 0.000
4 5 7161.800
4 6 8513.900
4 7 4587.400
4 8 14235.800
4 9 10681.800
4 10 6808.200
4 11 6482.100
4 12 1181.100
4 13 5223.200
4 14 4452.800
4 15 9023.000
4 16 9553.300
4 17 5611.100
4 18 6181.800
4 19 3453.200
4 20 5944.800
4 21 11247.300
4 22 7587.100
4 23 5096.700
4 24 7746.500
4 25 6128.400
4 26 6065.400
4 27 11213.800
4 28 4715.600
4 29 4166.000
4 30 5986.300
4 31 1326.900
4 32 6333.100
4 33 4807.600
4 34 6101.300
4 35 5113.900
4 36 3596.300
4 37 2154.800
4 38 5556.200
4 39 6251.000
4 40 11051.800
4 41 2998.900
4 42 4470.400
4 43 9330.200
4 44 9947.600
4 45 9036.900
4 46 8929.800
4 47 10339.300
4 48 12125.700
4 49 6224.200
4 50 5263.000
4 51 5679.500
4 52 5304.700
4 53 7611.200
4 54 1691.100
4 55 8941.500
4 56 4442.600
4 57 6361.000
4 58 6312.600
4 59 11421.300
4 60 1090.900
4 61 6347.700
4 62 1347.100
4 63 7161.600
4 64 6078.200
4 65 7111.600
4 66 4346.500
4 67 2395.800
4 68 10109.700
4 69 11712.500
4 70 6467.300
4 71 10222.900
4 72 6726.900
4 73 3834.100
4 74 9052.800
4 75 8718.500
4 76 5276.900
4 77 12806.800
4 78 8597.900
4 79 6722.700
4 80 13234.400
4 81 2711.100
4 82 5187.000
4 83 8187.900
4 84 14132.800
4 85 6410.100
4 86 3810.100
4 87 11123.700
4 88 8439.900
4 89 8353.600
4 90 7932.800
4 91 10300.900
4 92 4639.600
4 93 2180.800
4 94 7818.900
4 95 10204.900
4 96 3284.600
4 97 5188.400
4 98 5515.800
4 99 7512.600
4 100 1739.300
5 0 6302.900
5 1 4937.400
5 2 5647.400
5 3 6051.500
5 4 7516.500
5 5 0.000
5 6 2370.600
5 7 11009.800
5 8 8535.900
5 9 8526.800
5 10 6863.500
5 11 12361.300
5 12 8445.800
5 13 7620.200
5 14 8807.800
5 15 5657.400
5 16 8136.300
5 17 9785.900
5 18 12046.000
5 19 10187.900
5 20 6402.700
5 21 11270.700
5 22 8495.600
5 23 10838.500
5 24 13625.700
5 25 11992.700
5 26 11944.700
5 27 10542.300
5 28 6423.700
5 29 7974.200
5 30 12975.700
5 31 7427.000
5 32 6053.800
5 33 3207.200
5 34 11965.500
5 35 6799.000
5 36 4762.400
5 37 8889.600
5 38 13407.700
5 39 6776.600
5 40 11075.300
5 41 10263.700
5 42 10225.900
5 43 8816.800
5 44 7361.700
5 45 14916.200
5 46 5831.300
5 47 5904.600
5 48 6425.800
5 49 9434.300
5 50 7906.000
5 51 4349.500
5 52 3762.500
5 53 14699.100
5 54 7243.900
5 55 14820.800
5 56 8955.100
5 57 4157.300
5 58 12176.900
5 59 17300.600
5 60 7868.800
5 61 6660.900
5 62 6178.400
5 63 8504.800
5 64 5538.100
5 65 1768.800
5 66 10233.200
5 67 9660.500
5 68 8595.900
5 69 6012.500
5 70 1543.400
5 71 16102.200
5 72 12606.200
5 73 6090.700
5 74 3597.100
5 75 4930.400
5 76 6453.200
5 77 9364.500
5 78 14477.200
5 79 5388.800
5 80 7534.500
5 81 10066.000
5 82 2881.500
5 83 4215.300
5 84 8432.900
5 85 13674.800
5 86 8562.300
5 87 8025.200
5 88 4367.200
5 89 3010.800
5 90 7763.700
5 91 16180.200
5 92 11489.500
5 93 8384.900
5 94 10383.000
5 95 9691.500
5 96 5704.600
5 97 12453.100
5 98 9429.300
5 99 13391.900
5 100 7626.000
6 0 6999.600
6 1 7244.400
6 2 3276.800
6 3 3680.900
6 4 8369.400
6 5 2633.900
6 6 0.000
6 7 11862.700
6 8 6627.200
6 9 6156.200
6 10 9170.500
6 11 13214.200
6 12 7944.500
6 13 9927.200
6 14 9856.600
6 15 7964.400
6 16 10443.300
6 17 7415.300
6 18 12898.900
6 19 11008.800
6 20 8709.800
6 21 13577.800
6 22 10802.600
6 23 8467.800
6 24 14478.600
6 25 12845.600
6 26 12797.600
6 27 8329.800
6 28 5129.700
6 29 9176.200
6 30 12749.700
6 31 8279.800
6 32 8360.900
6 33 4060.100
6 34 12818.400
6 35 7578.100
6 36 5615.300
6 37 9947.900
6 38 14260.500
6 39 9083.700
6 40 13382.300
6 41 9762.300
6 42 7855.200
6 43 6446.100
6 44 9668.800
6 45 15769.100
6 46 3460.600
6 47 8211.600
6 48 4517.100
6 49 11741.400
6 50 8536.000
6 51 4142.200
6 52 4615.400
6 53 14374.600
6 54 8096.800
6 55 15673.600
6 56 6584.400
6 57 3727.900
6 58 13029.800
6 59 18153.400
6 60 7694.400
6 61 4290.200
6 62 7031.300
6 63 10811.800
6 64 3167.500
6 65 1500.200
6 66 11086.100
6 67 9159.200
6 68 6225.300
6 69 4103.900
6 70 2396.300
6 71 16955.000
6 72 13459.100
6 73 6963.200
6 74 5904.200
6 75 2559.800
6 76 4082.600
6 77 7482.300
6 78 15330.100
6 79 6583.200
6 80 5625.800
6 81 9615.800
6 82 3734.400
6 83 1844.700
6 84 6524.200
6 85 13173.500
6 86 9415.100
6 87 5654.500
6 88 6674.200
6 89 1097.100
6 90 10070.700
6 91 17033.100
6 92 11403.000
6 93 9237.800
6 94 12690.000
6 95 7320.900
6 96 6557.500
6 97 11951.800
6 98 11736.300
6 99 14244.800
6 100 8478.900
7 0 7649.400
7 1 10045.900
7 2 10283.800
7 3 16592.100
7 4 4854.500
7 5 11679.900
7 6 12231.600
7 7 0.000
7 8 18383.100
7 9 14460.700
7 10 9623.600
7 11 1599.100
7 12 4865.800
7 13 7545.700
7 14 7679.000
7 15 12967.500
7 16 11875.800
7 17 8447.200
7 18 2546.900
7 19 2389.900
7 20 8677.700
7 21 13569.800
7 22 10319.900
7 23 7241.600
7 24 4320.400
7 25 2152.900
7 26 2639.300
7 27 14992.700
7 28 8457.300
7 29 7392.200
7 30 3723.600
7 31 3751.300
7 32 10851.300
7 33 9325.800
7 34 1252.700
7 35 9632.000
7 36 8114.500
7 37 3071.900
7 38 968.700
7 39 9874.700
7 40 13374.400
7 41 4184.900
7 42 6939.100
7 43 13109.100
7 44 13892.100
7 45 4153.900
7 46 12708.700
7 47 14283.800
7 48 16273.000
7 49 8058.700
7 50 9781.200
7 51 9458.400
7 52 8742.100
7 53 5393.700
7 54 4874.000
7 55 4058.500
7 56 8508.100
7 57 10751.900
7 58 2337.100
7 59 6538.300
7 60 5708.300
7 61 9677.700
7 62 5582.100
7 63 9484.200
7 64 9857.100
7 65 11629.700
7 66 1819.300
7 67 4715.100
7 68 13888.700
7 69 15859.800
7 70 10985.400
7 71 5339.900
7 72 1844.000
7 73 7613.000
7 74 13571.000
7 75 12497.400
7 76 9055.800
7 77 16585.700
7 78 3715.000
7 79 11240.900
7 80 17381.700
7 81 5005.300
7 82 9705.200
7 83 11966.800
7 84 18280.100
7 85 6440.700
7 86 5797.200
7 87 14902.600
7 88 12384.400
7 89 12871.700
7 90 10665.700
7 91 5417.900
7 92 2237.400
7 93 3167.300
7 94 10141.500
7 95 13983.800
7 96 7802.800
7 97 4206.700
7 98 6556.400
7 99 4086.500
7 100 4887.800
8 0 10346.000
8 1 12899.600
8 2 8174.400
8 3 4738.600
8 4 14019.200
8 5 8289.100
8 6 6634.000
8 7 17512.600
8 8 0.000
8 9 4376.700
8 10 14825.700
8 11 18864.100
8 12 12842.100
8 13 15667.100
8 14 15511.100
8 15 13619.700
8 16 16098.500
8 17 12383.700
8 18 18548.800
8 19 16690.700
8 20 14365.000
8 21 19233.000
8 22 16457.800
8 23 12457.000
8 24 20128.500
8 25 18495.400
8 26 18447.400
8 27 3769.300
8 28 10027.400
8 29 14830.700
8 30 19478.500
8 31 13929.700
8 32 14016.100
8 33 9715.300
8 34 18468.300
8 35 14041.300
8 36 11270.500
8 37 15392.300
8 38 19910.400
8 39 14738.900
8 40 19037.500
8 41 14660.000
8 42 12823.600
8 43 5653.000
8 44 15324.000
8 45 21418.900
8 46 5233.900
8 47 13866.800
8 48 2574.500
8 49 17282.500
8 50 14190.400
8 51 8392.600
8 52 10270.600
8 53 19272.200
8 54 13746.600
8 55 21323.500
8 56 11552.800
8 57 8588.700
8 58 18679.600
8 59 23803.300
8 60 12592.000
8 61 9187.900
8 62 12685.800
8 63 16551.600
8 64 8065.200
8 65 7663.600
8 66 16736.000
8 67 14056.800
8 68 5282.800
8 69 2748.500
8 70 8051.500
8 71 22604.900
8 72 19109.000
8 73 10133.900
8 74 11559.400
8 75 6554.400
8 76 8980.200
8 77 2769.700
8 78 20980.000
8 79 12238.400
8 80 1381.100
8 81 14513.400
8 82 9389.600
8 83 6999.200
8 84 2795.000
8 85 18071.100
8 86 15069.600
8 87 3575.900
8 88 12329.400
8 89 6752.300
8 90 15725.900
8 91 22682.900
8 92 17992.200
8 93 14887.700
8 94 18345.300
8 95 4775.400
8 96 12212.000
8 97 16849.400
8 98 17277.500
8 99 19894.600
8 100 14128.800
9 0 8693.400
9 1 12381.500
9 2 5899.900
9 3 3110.900
9 4 10582.600
9 5 8246.200
9 6 6129.600
9 7 14181.200
9 8 4370.500
9 9 0.000
9 10 14025.400
9 11 15653.900
9 12 9638.300
9 13 13956.900
9 14 13584.500
9 15 13101.500
9 16 15580.400
9 17 8082.400
9 18 16642.900
9 19 12702.600
9 20 13162.000
9 21 17550.800
9 22 14804.300
9 23 8155.700
9 24 16245.200
9 25 16334.100
9 26 14212.200
9 27 2583.400
9 28 6819.800
9 29 13120.500
9 30 14443.500
9 31 11435.200
9 32 13550.300
9 33 9402.900
9 34 15433.900
9 35 12331.100
9 36 10797.600
9 37 11641.700
9 38 15149.900
9 39 13468.200
9 40 17355.300
9 41 11456.200
9 42 8522.300
9 43 1351.600
9 44 14805.900
9 45 18208.800
9 46 2959.400
9 47 13348.700
9 48 5295.000
9 49 15356.000
9 50 12480.200
9 51 6118.100
9 52 8242.000
9 53 16068.400
9 54 12042.000
9 55 18113.400
9 56 7251.500
9 57 6314.200
9 58 16518.200
9 59 20593.200
9 60 9388.200
9 61 5958.900
9 62 9912.000
9 63 14841.400
9 64 5250.600
9 65 6482.100
9 66 14483.100
9 67 10853.000
9 68 3008.300
9 69 4493.600
9 70 7471.800
9 71 19394.800
9 72 15898.800
9 73 8657.100
9 74 11041.300
9 75 5255.300
9 76 5772.600
9 77 2707.300
9 78 17769.800
9 79 11926.000
9 80 3841.900
9 81 11309.600
9 82 7361.000
9 83 4724.700
9 84 7494.400
9 85 14867.300
9 86 13143.100
9 87 833.600
9 88 11811.300
9 89 7226.700
9 90 15207.800
9 91 19472.800
9 92 13096.800
9 93 12259.400
9 94 16663.100
9 95 1574.500
9 96 10501.800
9 97 13645.600
9 98 15350.900
9 99 15490.200
9 100 12200.400
10 0 7273.700
10 1 2063.300
10 2 9908.200
10 3 12409.500
10 4 7233.500
10 5 7063.000
10 6 8728.600
10 7 10344.600
10 8 14893.900
10 9 14085.100
10 10 0.000
10 11 10519.600
10 12 8162.800
10 13 2416.300
10 14 3603.800
10 15 3013.800
10 16 1725.300
10 17 9759.300
10 18 8973.000
10 19 9574.100
10 20 1330.600
10 21 4633.800
10 22 2084.600
10 23 10876.700
10 24 13342.700
10 25 8919.600
10 26 11661.700
10 27 14617.100
10 28 8400.900
10 29 3213.000
10 30 12692.700
10 31 7143.900
10 32 2355.400
10 33 5822.800
10 34 8892.500
10 35 2797.500
10 36 5440.700
10 37 8606.500
10 38 9871.000
10 39 2015.400
10 40 4438.300
10 41 9980.600
10 42 10264.100
10 43 12733.500
10 44 3938.400
10 45 13074.500
10 46 12189.300
10 47 4330.100
10 48 12783.800
10 49 2957.900
10 50 3144.800
10 51 9082.800
10 52 6577.400
10 53 14416.000
10 54 6960.800
10 55 12979.100
10 56 9189.100
10 57 7371.800
10 58 9103.800
10 59 15458.900
10 60 7585.700
10 61 9751.000
10 62 5895.400
10 63 1924.400
10 64 9481.500
10 65 8126.800
10 66 9482.200
10 67 9377.400
10 68 13513.000
10 69 12370.500
10 70 7482.500
10 71 14260.500
10 72 10764.500
10 73 7237.400
10 74 3200.700
10 75 11288.400
10 76 8680.200
10 77 16210.100
10 78 11246.100
10 79 4271.100
10 80 13892.500
10 81 9783.000
10 82 6325.000
10 83 10573.300
10 84 14790.900
10 85 13391.700
10 86 5194.400
10 87 14383.200
10 88 2430.700
10 89 9368.800
10 90 1147.500
10 91 14338.500
10 92 11206.500
10 93 8195.600
10 94 3746.100
10 95 13608.200
10 96 5224.200
10 97 12170.100
10 98 4225.400
10 99 13108.900
10 100 7954.200
11 0 8932.600
11 1 10850.700
11 2 11567.000
11 3 17070.600
11 4 6614.300
11 5 12158.500
11 6 12710.100
11 7 1804.600
11 8 18861.600
11 9 15743.900
11 10 10428.400
11 11 0.000
11 12 6149.000
11 13 8350.500
11 14 9435.300
11 15 14019.600
11 16 12680.700
11 17 8925.800
11 18 3351.800
11 19 3428.200
11 20 9482.500
11 21 14374.700
11 22 11124.700
11 23 7720.100
11 24 4798.900
11 25 2376.300
11 26 3117.800
11 27 16275.900
11 28 8935.900
11 29 9148.600
11 30 4202.100
11 31 5212.200
11 32 11329.800
11 33 9804.300
11 34 1729.000
11 35 10110.600
11 36 8593.000
11 37 4564.200
11 38 1178.400
11 39 11247.700
11 40 14179.200
11 41 4663.400
11 42 7417.600
11 43 14392.300
11 44 14944.300
11 45 2554.900
11 46 13991.900
11 47 15335.900
11 48 16751.500
11 49 8863.600
11 50 10259.700
11 51 10741.600
11 52 9220.700
11 53 5872.200
11 54 6324.400
11 55 2459.400
11 56 8986.600
11 57 11230.400
11 58 2560.500
11 59 4939.200
11 60 7641.800
11 61 10156.300
11 62 7326.300
11 63 10289.000
11 64 11140.300
11 65 12108.200
11 66 3311.700
11 67 5193.700
11 68 15171.900
11 69 16338.300
11 70 11463.900
11 71 3740.800
11 72 2640.300
11 73 8896.200
11 74 14049.500
11 75 16034.700
11 76 10339.000
11 77 17868.900
11 78 2115.900
11 79 11719.400
11 80 17860.200
11 81 5483.800
11 82 10183.700
11 83 13250.000
11 84 18758.600
11 85 6919.300
11 86 7065.500
11 87 16185.800
11 88 13436.600
11 89 13350.200
11 90 11470.500
11 91 3818.900
11 92 2715.900
11 93 4659.600
11 94 10946.300
11 95 15267.000
11 96 8281.300
11 97 4685.200
11 98 7361.300
11 99 4565.000
11 100 6338.200
12 0 2917.200
12 1 7994.600
12 2 5551.700
12 3 9329.100
12 4 1429.500
12 5 8355.500
12 6 7560.700
12 7 4542.900
12 8 12940.400
12 9 9728.600
12 10 8001.900
12 11 6243.500
12 12 0.000
12 13 6438.400
12 14 5668.100
12 15 10216.700
12 16 10768.600
12 17 4660.300
12 18 7004.600
12 19 3064.300
12 20 7138.500
12 21 11527.300
12 22 8780.800
12 23 4145.900
12 24 6834.800
12 25 6695.700
12 26 4801.800
12 27 10260.600
12 28 3764.900
12 29 5381.300
12 30 5033.100
12 31 1796.900
12 32 7526.800
12 33 6001.400
12 34 5795.600
12 35 6307.600
12 36 4790.000
12 37 2003.400
12 38 5511.600
12 39 7444.700
12 40 11331.800
12 41 2045.700
12 42 3519.600
12 43 8377.000
12 44 11141.300
12 45 8798.400
12 46 7976.600
12 47 11533.000
12 48 12948.600
12 49 7439.500
12 50 6456.700
12 51 4726.300
12 52 5143.300
12 53 6657.900
12 54 2513.900
12 55 8702.900
12 56 3489.300
12 57 6612.500
12 58 6879.900
12 59 11182.700
12 60 1394.600
12 61 5394.500
12 62 2562.300
12 63 8376.900
12 64 5125.000
12 65 7002.100
12 66 4844.800
12 67 1442.500
12 68 9156.500
12 69 12535.300
12 70 7661.000
12 71 9984.300
12 72 6488.400
12 73 2880.900
12 74 10246.600
12 75 7765.200
12 76 4323.700
12 77 11853.600
12 78 8359.400
12 79 7916.500
12 80 12411.800
12 81 1695.600
12 82 6024.400
12 83 7234.700
12 84 14955.700
12 85 5456.800
12 86 4632.900
12 87 10170.400
12 88 9633.600
12 89 8657.800
12 90 9126.500
12 91 10062.400
12 92 3686.400
12 93 2621.100
12 94 9034.200
12 95 9251.700
12 96 4478.300
12 97 4235.100
12 98 6338.600
12 99 6079.800
12 100 2562.100
13 0 6984.100
13 1 2500.100
13 2 9618.600
13 3 13635.800
13 4 6543.600
13 5 7499.800
13 6 9165.500
13 7 8319.400
13 8 15426.800
13 9 13795.500
13 10 2077.900
13 11 8494.400
13 12 7472.900
13 13 0.000
13 14 1578.600
13 15 5421.800
13 16 3697.700
13 17 9469.700
13 18 6947.800
13 19 7548.800
13 20 1132.000
13 21 5520.700
13 22 2774.200
13 23 9332.700
13 24 10847.800
13 25 6894.400
13 26 9166.700
13 27 14327.500
13 28 8111.300
13 29 2134.200
13 30 9692.900
13 31 6454.100
13 32 2890.100
13 33 6259.700
13 34 6867.300
13 35 3328.500
13 36 5151.100
13 37 6773.700
13 38 7845.800
13 39 2329.000
13 40 5325.300
13 41 9290.800
13 42 8720.100
13 43 12443.900
13 44 6346.400
13 45 11049.300
13 46 12043.500
13 47 6738.000
13 48 13316.700
13 49 2205.200
13 50 2592.300
13 51 8793.200
13 52 5799.300
13 53 11921.100
13 54 4827.900
13 55 10953.800
13 56 8436.100
13 57 7808.600
13 58 7078.600
13 59 13433.600
13 60 6041.700
13 61 9461.400
13 62 4889.500
13 63 1938.500
13 64 9191.900
13 65 8563.600
13 66 7457.000
13 67 8687.600
13 68 13223.400
13 69 12903.500
13 70 7919.300
13 71 12235.200
13 72 8739.300
13 73 6947.800
13 74 5786.200
13 75 11725.300
13 76 8390.600
13 77 15920.500
13 78 9220.800
13 79 4708.000
13 80 14425.400
13 81 8194.000
13 82 6761.900
13 83 11010.100
13 84 15323.800
13 85 12701.900
13 86 3723.900
13 87 14237.300
13 88 4838.700
13 89 9805.600
13 90 3120.000
13 91 12313.300
13 92 8449.000
13 93 6170.400
13 94 3799.900
13 95 13318.600
13 96 4047.900
13 97 10044.100
13 98 2200.100
13 99 10613.900
13 100 5929.000
14 0 7481.300
14 1 3270.500
14 2 10115.700
14 3 14247.900
14 4 6109.900
14 5 8270.200
14 6 9935.800
14 7 7885.600
14 8 16038.900
14 9 14292.600
14 10 2848.300
14 11 8060.700
14 12 7039.200
14 13 770.400
14 14 0.000
14 15 6192.100
14 16 5100.500
14 17 9478.000
14 18 6514.000
14 19 7115.100
14 20 1902.300
14 21 6794.500
14 22 3544.600
14 23 8950.000
14 24 10414.000
14 25 6460.700
14 26 8732.900
14 27 14824.600
14 28 8581.200
14 29 1751.500
14 30 9259.200
14 31 6020.300
14 32 3660.500
14 33 7030.100
14 34 6433.500
14 35 4098.800
14 36 5763.200
14 37 6339.900
14 38 7412.000
14 39 3099.400
14 40 6599.000
14 41 8857.000
14 42 8337.300
14 43 12941.000
14 44 7116.800
14 45 10615.500
14 46 12540.600
14 47 7508.400
14 48 13928.800
14 49 1771.400
14 50 2209.500
14 51 9290.300
14 52 6390.900
14 53 11487.300
14 54 4445.200
14 55 10520.100
14 56 8053.400
14 57 8579.000
14 58 6644.800
14 59 12999.900
14 60 5659.000
14 61 9958.500
14 62 4506.800
14 63 2708.800
14 64 9689.100
14 65 9334.000
14 66 7023.300
14 67 8253.800
14 68 13720.600
14 69 13515.500
14 70 8689.700
14 71 11801.500
14 72 8305.600
14 73 7444.900
14 74 6556.500
14 75 12495.600
14 76 8887.700
14 77 16417.600
14 78 8787.100
14 79 5478.300
14 80 15037.500
14 81 8569.200
14 82 7532.200
14 83 11780.500
14 84 15935.900
14 85 12268.200
14 86 3341.200
14 87 14734.500
14 88 5609.000
14 89 10576.000
14 90 3890.300
14 91 11879.500
14 92 8015.200
14 93 5736.600
14 94 3366.100
14 95 13815.700
14 96 3665.100
14 97 9610.300
14 98 1766.400
14 99 10180.200
14 100 5495.200
15 0 9254.300
15 1 2928.800
15 2 11411.400
15 3 11815.500
15 4 9214.000
15 5 6468.900
15 6 8134.600
15 7 12707.400
15 8 14299.800
15 9 14290.800
15 10 3013.800
15 11 14058.900
15 12 10143.400
15 13 5611.600
15 14 6799.200
15 15 0.000
15 16 4372.400
15 17 11739.900
15 18 12168.300
15 19 11885.500
15 20 4394.100
15 21 7506.900
15 22 4731.700
15 23 12857.300
15 24 15323.300
15 25 12114.900
15 26 13642.200
15 27 16306.200
15 28 10381.500
15 29 5965.500
15 30 14673.300
15 31 9124.500
15 32 4045.200
15 33 5228.800
15 34 12087.800
15 35 4790.400
15 36 6460.000
15 37 10587.100
15 38 13066.300
15 39 4768.000
15 40 7311.400
15 41 11961.200
15 42 12244.700
15 43 14580.700
15 44 3597.900
15 45 16613.800
15 46 11595.200
15 47 1316.300
15 48 12189.700
15 49 7546.300
15 50 5897.300
15 51 7950.200
15 52 5983.300
15 53 16396.600
15 54 8941.400
15 55 16518.300
15 56 11169.600
15 57 6777.800
15 58 12299.100
15 59 18998.100
15 60 9566.300
15 61 11731.600
15 62 7875.900
15 63 4922.300
15 64 11302.100
15 65 7532.700
15 66 11930.800
15 67 11358.000
15 68 14359.900
15 69 11776.500
15 70 6888.400
15 71 17799.700
15 72 14303.800
15 73 9218.000
15 74 2060.300
15 75 10694.400
15 76 10660.800
15 77 15128.400
15 78 14441.400
15 79 3677.100
15 80 13298.400
15 81 11763.500
15 82 5731.000
15 83 9979.300
15 84 14196.800
15 85 15372.300
15 86 7947.000
15 87 13789.100
15 88 1290.200
15 89 8774.700
15 90 3999.800
15 91 17877.800
15 92 13187.000
15 93 10082.500
15 94 6619.200
15 95 15455.500
15 96 7976.800
15 97 14150.600
15 98 7420.700
15 99 15089.500
15 100 9323.600
16 0 8941.300
16 1 4509.500
16 2 11575.800
16 3 13396.200
16 4 8901.000
16 5 8049.600
16 6 9715.300
16 7 12314.300
16 8 15880.500
16 9 15871.500
16 10 1735.400
16 11 12489.300
16 12 9830.400
16 13 3974.400
16 14 5573.500
16 15 4215.400
16 16 0.000
16 17 11426.900
16 18 10942.700
16 19 11543.700
16 20 3089.100
16 21 3804.300
16 22 1029.100
16 23 13327.600
16 24 15010.300
16 25 10889.300
16 26 13329.200
16 27 16284.600
16 28 10068.500
16 29 6129.100
16 30 13687.800
16 31 8811.500
16 32 3806.200
16 33 6809.500
16 34 10862.200
16 35 4248.300
16 36 7108.300
16 37 10768.600
16 38 11840.700
16 39 3466.200
16 40 3608.800
16 41 11648.200
16 42 12715.000
16 43 14401.000
16 44 3745.100
16 45 15044.200
16 46 13175.900
16 47 5531.700
16 48 13770.400
16 49 3843.700
16 50 4812.300
16 51 9530.900
16 52 7564.000
16 53 16083.600
16 54 8822.800
16 55 14948.700
16 56 10856.600
16 57 8358.400
16 58 11073.500
16 59 17428.500
16 60 10036.600
16 61 11418.500
16 62 7562.900
16 63 2694.100
16 64 11149.100
16 65 9113.400
16 66 11451.900
16 67 11045.000
16 68 15180.600
16 69 13357.200
16 70 8469.100
16 71 16230.100
16 72 12734.200
16 73 8905.000
16 74 4402.400
16 75 12275.100
16 76 10347.800
16 77 16709.100
16 78 13215.700
16 79 5257.800
16 80 14879.100
16 81 11450.500
16 82 7311.700
16 83 11559.900
16 84 15777.500
16 85 15059.300
16 86 7718.800
16 87 15369.800
16 88 3632.300
16 89 10355.400
16 90 726.300
16 91 16308.200
16 92 12874.000
16 93 10165.300
16 94 2916.600
16 95 15275.700
16 96 6891.800
16 97 14039.000
16 98 5373.000
16 99 14776.400
16 100 9923.900
17 0 4350.000
17 1 9695.600
17 2 5070.000
17 3 8847.500
17 4 6126.900
17 5 9195.600
17 6 7079.000
17 7 8750.200
17 8 12467.700
17 9 8166.400
17 10 9702.900
17 11 8719.500
17 12 5164.100
17 13 9634.400
17 14 9351.400
17 15 11901.700
17 16 11405.300
17 17 0.000
17 18 11063.500
17 19 6791.100
17 20 8839.500
17 21 13228.300
17 22 10481.800
17 23 1553.700
17 24 8714.700
17 25 10963.700
17 26 6681.700
17 27 8698.400
17 28 3294.400
17 29 8798.000
17 30 6913.000
17 31 6961.000
17 32 9227.800
17 33 7686.400
17 34 9769.300
17 35 8008.600
17 36 6475.100
17 37 6834.100
17 38 9765.800
17 39 9145.700
17 40 13032.800
17 41 5166.400
17 42 1388.000
17 43 6956.700
17 44 12826.400
17 45 11274.300
17 46 7494.900
17 47 13218.000
17 48 11432.200
17 49 11122.800
17 50 8157.700
17 51 5288.100
17 52 6298.500
17 53 8246.700
17 54 7719.500
17 55 11178.900
17 56 1445.000
17 57 7131.100
17 58 11147.900
17 59 13658.700
17 60 4932.500
17 61 3391.200
17 62 5589.500
17 63 10518.900
17 64 4612.600
17 65 7431.500
17 66 9140.600
17 67 5696.600
17 68 8648.400
17 69 10758.000
17 70 8421.200
17 71 12460.300
17 72 8964.400
17 73 4313.600
17 74 11931.600
17 75 7283.600
17 76 4496.700
17 77 10291.400
17 78 10835.400
17 79 9601.500
17 80 11939.100
17 81 5986.800
17 82 7179.500
17 83 6753.000
17 84 13439.300
17 85 6735.000
17 86 8909.900
17 87 9688.800
17 88 11318.600
17 89 8176.100
17 90 10827.500
17 91 12538.300
17 92 6162.300
17 93 7451.800
17 94 12340.600
17 95 7689.500
17 96 6179.300
17 97 5823.900
17 98 11117.800
17 99 7959.700
17 100 7726.200
18 0 8394.400
18 1 7544.200
18 2 11028.800
18 3 15200.500
18 4 4775.700
18 5 10288.300
18 6 10840.000
18 7 4422.100
18 8 16991.500
18 9 15205.700
18 10 7122.000
18 11 4597.100
18 12 5705.000
18 13 5044.100
18 14 5469.600
18 15 10465.800
18 16 9374.200
18 17 10135.000
18 18 0.000
18 19 4629.600
18 20 6176.000
18 21 11068.200
18 22 7818.300
18 23 9620.600
18 24 7928.600
18 25 2997.100
18 26 6247.500
18 27 15737.700
18 28 9239.600
18 29 6025.200
18 30 6773.700
18 31 3959.100
18 32 7934.200
18 33 7934.200
18 34 2969.900
18 35 8240.400
18 36 6722.900
18 37 3854.500
18 38 3948.500
18 39 7373.100
18 40 10872.700
18 41 7522.900
18 42 8994.300
18 43 13854.100
18 44 11390.500
18 45 7152.000
18 46 13453.700
18 47 11782.100
18 48 14881.400
18 49 5557.100
18 50 6483.300
18 51 10203.400
18 52 7350.500
18 53 9001.900
18 54 4446.700
18 55 7056.500
18 56 8966.500
18 57 9360.300
18 58 3181.300
18 59 9536.300
18 60 5803.200
18 61 10871.600
18 62 5448.600
18 63 6982.600
18 64 10602.100
18 65 10238.100
18 66 3493.800
18 67 5491.600
18 68 14633.700
18 69 14468.200
18 70 9593.800
18 71 8337.900
18 72 4842.000
18 73 8358.000
18 74 10830.300
18 75 14164.600
18 76 9800.800
18 77 17820.100
18 78 5323.500
18 79 9752.100
18 80 15990.100
18 81 5617.300
18 82 8313.600
18 83 12711.800
18 84 16888.500
18 85 10934.000
18 86 3759.100
18 87 15647.600
18 88 9882.800
18 89 11480.100
18 90 8164.000
18 91 8416.000
18 92 5529.700
18 93 3251.200
18 94 7639.800
18 95 14728.800
18 96 6411.200
18 97 7124.900
18 98 4054.800
18 99 7694.700
18 100 4161.100
19 0 5933.000
19 1 9866.200
19 2 8567.500
19 3 12344.900
19 4 3655.100
19 5 10227.200
19 6 10576.500
19 7 2120.600
19 8 16930.300
19 9 12744.400
19 10 9915.000
19 11 3223.900
19 12 3149.500
19 13 7837.100
19 14 7483.500
19 15 12088.300
19 16 12167.200
19 17 6723.800
19 18 4667.600
19 19 0.000
19 20 8969.100
19 21 13861.200
19 22 10611.300
19 23 5518.100
19 24 4017.000
19 25 4273.500
19 26 1984.000
19 27 13276.400
19 28 6722.400
19 29 7196.700
19 30 2215.300
19 31 2940.600
19 32 9398.500
19 33 7873.000
19 34 3373.400
19 35 8179.300
19 36 6661.700
19 37 1630.900
19 38 3089.400
19 39 9316.400
19 40 13665.800
19 41 2449.900
19 42 5215.600
19 43 11392.800
19 44 13013.000
19 45 5778.800
19 46 10992.400
19 47 13404.600
19 48 14820.200
19 49 8350.100
19 50 8328.400
19 51 7742.100
19 52 7289.400
19 53 4918.100
19 54 4385.600
19 55 5683.300
19 56 6773.200
19 57 9628.300
19 58 4457.700
19 59 8163.100
19 60 4005.500
19 61 7942.800
19 62 4382.700
19 63 9775.600
19 64 8140.800
19 65 10176.900
19 66 2511.000
19 67 2980.200
19 68 12172.300
19 69 14407.000
19 70 9532.700
19 71 6964.700
19 72 3468.800
19 73 5896.700
19 74 12118.200
19 75 10781.000
19 76 7339.500
19 77 14869.400
19 78 5339.800
19 79 9788.100
19 80 15928.900
19 81 3270.400
19 82 8252.400
19 83 10250.500
19 84 16827.300
19 85 5337.700
19 86 5471.500
19 87 13186.200
19 88 11505.300
19 89 11673.600
19 90 10957.100
19 91 7042.800
19 92 971.300
19 93 2123.700
19 94 10432.900
19 95 12267.500
19 96 6350.000
19 97 2495.300
19 98 6847.800
19 99 3262.000
19 100 4399.400
20 0 5989.600
20 1 1505.600
20 2 8624.100
20 3 12641.300
20 4 5949.300
20 5 6505.300
20 6 8171.000
20 7 9486.700
20 8 14432.300
20 9 12801.000
20 10 1173.500
20 11 10794.200
20 12 6878.700
20 13 1558.400
20 14 2746.000
20 15 4427.200
20 16 2781.400
20 17 8475.200
20 18 8115.100
20 19 8716.200
20 20 0.000
20 21 5152.300
20 22 2405.800
20 23 9592.600
20 24 12058.600
20 25 8061.800
20 26 10377.500
20 27 13333.000
20 28 7116.800
20 29 1912.400
20 30 11408.600
20 31 5859.800
20 32 1895.600
20 33 5265.200
20 34 8034.600
20 35 2334.000
20 36 4156.600
20 37 7322.400
20 38 9013.200
20 39 1334.500
20 40 4956.900
20 41 8696.500
20 42 8980.000
20 43 11449.400
20 44 5351.900
20 45 13349.100
20 46 11048.900
20 47 5743.500
20 48 12322.200
20 49 3372.500
20 50 1860.700
20 51 7798.700
20 52 4804.700
20 53 13131.900
20 54 5676.700
20 55 13253.600
20 56 7904.900
20 57 6814.100
20 58 8246.000
20 59 15733.400
20 60 6301.600
20 61 8466.900
20 62 4611.200
20 63 2443.000
20 64 8197.400
20 65 7569.100
20 66 8624.400
20 67 8093.300
20 68 12228.900
20 69 11909.000
20 70 6924.800
20 71 14535.000
20 72 11039.100
20 73 5953.300
20 74 4791.700
20 75 10730.800
20 76 7396.100
20 77 14926.000
20 78 10388.200
20 79 3713.500
20 80 13430.900
20 81 8498.800
20 82 5767.400
20 83 10015.600
20 84 14329.300
20 85 12107.600
20 86 3893.800
20 87 13242.800
20 88 3844.200
20 89 8811.100
20 90 2203.600
20 91 14613.100
20 92 9922.300
20 93 6817.800
20 94 4264.600
20 95 12324.100
20 96 3940.100
20 97 10885.900
20 98 3367.500
20 99 11824.800
20 100 6058.900
21 0 10681.500
21 1 6197.500
21 2 13316.000
21 3 16702.500
21 4 10641.300
21 5 11355.900
21 6 13021.500
21 7 14054.500
21 8 19186.800
21 9 17492.900
21 10 4595.800
21 11 14229.600
21 12 11570.600
21 13 5714.700
21 14 7313.800
21 15 7521.700
21 16 3731.200
21 17 13167.100
21 18 12682.900
21 19 13284.000
21 20 4829.400
21 21 0.000
21 22 3413.600
21 23 15067.800
21 24 16750.500
21 25 12629.500
21 26 15069.500
21 27 18024.900
21 28 11808.700
21 29 6604.300
21 30 15428.100
21 31 10551.700
21 32 6587.500
21 33 10115.800
21 34 12602.400
21 35 7025.900
21 36 8848.500
21 37 12508.800
21 38 13580.900
21 39 6026.400
21 40 659.800
21 41 13388.400
21 42 14455.200
21 43 16141.300
21 44 7051.400
21 45 16784.400
21 46 16482.200
21 47 8838.000
21 48 17076.700
21 49 5583.900
21 50 6552.600
21 51 12490.600
21 52 10870.300
21 53 17823.800
21 54 10563.100
21 55 16689.000
21 56 12596.900
21 57 11664.700
21 58 12813.700
21 59 19168.800
21 60 11776.900
21 61 13158.800
21 62 9303.200
21 63 4434.400
21 64 12889.300
21 65 12419.700
21 66 13192.200
21 67 12785.300
21 68 16920.800
21 69 16663.400
21 70 11775.400
21 71 17970.400
21 72 14474.500
21 73 10645.200
21 74 7708.600
21 75 15581.400
21 76 12088.000
21 77 19617.900
21 78 14956.000
21 79 8564.100
21 80 18185.400
21 81 13190.800
21 82 10617.900
21 83 14866.200
21 84 19083.800
21 85 16799.600
21 86 9459.100
21 87 18676.100
21 88 6938.600
21 89 13661.700
21 90 3824.900
21 91 18048.400
21 92 14614.300
21 93 11905.500
21 94 4656.800
21 95 17016.000
21 96 8632.000
21 97 15577.900
21 98 7113.200
21 99 16516.700
21 100 11664.100
22 0 8008.200
22 1 3524.200
22 2 10642.700
22 3 14049.500
22 4 7967.900
22 5 8702.900
22 6 10368.600
22 7 11381.200
22 8 16533.800
22 9 14819.600
22 10 1922.500
22 11 11556.200
22 12 8897.300
22 13 3041.300
22 14 4640.400
22 15 4868.700
22 16 1078.200
22 17 10493.800
22 18 10009.600
22 19 10610.600
22 20 2156.000
22 21 2871.200
22 22 0.000
22 23 12394.500
22 24 14077.200
22 25 9956.200
22 26 12396.100
22 27 15351.500
22 28 9135.400
22 29 5196.000
22 30 12754.700
22 31 7878.400
22 32 3914.200
22 33 7462.800
22 34 9929.100
22 35 4352.500
22 36 6175.200
22 37 9835.500
22 38 10907.600
22 39 3353.100
22 40 2675.700
22 41 10715.100
22 42 11781.900
22 43 13467.900
22 44 4398.400
22 45 14111.100
22 46 13829.200
22 47 6185.000
22 48 14423.700
22 49 2910.600
22 50 3879.200
22 51 9817.300
22 52 8217.300
22 53 15150.500
22 54 7889.700
22 55 14015.600
22 56 9923.500
22 57 9011.700
22 58 10140.400
22 59 16495.400
22 60 9103.500
22 61 10485.400
22 62 6629.800
22 63 1761.000
22 64 10216.000
22 65 9766.700
22 66 10518.800
22 67 10111.900
22 68 14247.500
22 69 14010.500
22 70 9122.400
22 71 15297.000
22 72 11801.100
22 73 7971.900
22 74 5055.700
22 75 12928.400
22 76 9414.700
22 77 16944.500
22 78 12282.600
22 79 5911.100
22 80 15532.400
22 81 10517.400
22 82 7965.000
22 83 12213.200
22 84 16430.800
22 85 14126.200
22 86 6785.700
22 87 16023.100
22 88 4285.600
22 89 11008.700
22 90 1171.900
22 91 15375.100
22 92 11940.900
22 93 9232.200
22 94 1983.500
22 95 14342.600
22 96 5958.700
22 97 13105.900
22 98 4439.900
22 99 13843.300
22 100 8990.800
23 0 5083.300
23 1 10428.900
23 2 5531.100
23 3 9308.600
23 4 5733.300
23 5 9656.700
23 6 7540.100
23 7 7889.800
23 8 11904.400
23 9 7603.100
23 10 10436.200
23 11 7859.100
23 12 4303.700
23 13 9584.000
23 14 8813.700
23 15 12635.000
23 16 12138.600
23 17 1205.600
23 18 10203.100
23 19 5930.700
23 20 9572.900
23 21 13961.600
23 22 11215.100
23 23 0.000
23 24 7854.300
23 25 10103.300
23 26 5821.300
23 27 8135.100
23 28 4027.700
23 29 8526.900
23 30 6052.600
23 31 6100.600
23 32 9961.100
23 33 8419.700
23 34 8908.900
23 35 8741.900
23 36 7208.400
23 37 5973.800
23 38 8905.400
23 39 9879.000
23 40 13766.200
23 41 4306.000
23 42 1103.700
23 43 6393.500
23 44 13559.700
23 45 10413.900
23 46 7956.000
23 47 13951.300
23 48 11893.300
23 49 10585.100
23 50 8891.100
23 51 6021.500
23 52 7031.800
23 53 7386.400
23 54 6817.600
23 55 10318.500
23 56 2178.400
23 57 7592.200
23 58 10287.500
23 59 12798.300
23 60 4394.700
23 61 3852.300
23 62 5707.900
23 63 11252.200
23 64 5073.700
23 65 7892.600
23 66 8280.200
23 67 4836.300
23 68 7500.200
23 69 11219.000
23 70 8882.300
23 71 11599.900
23 72 8104.000
23 73 5047.000
23 74 12664.900
23 75 7744.700
23 76 4957.800
23 77 9728.100
23 78 9975.000
23 79 10334.800
23 80 11375.900
23 81 5126.400
23 82 7912.900
23 83 7214.100
23 84 13900.400
23 85 5874.600
23 86 8372.200
23 87 8436.700
23 88 12052.000
23 89 8637.200
23 90 11560.800
23 91 11678.000
23 92 5301.900
23 93 6591.400
23 94 12179.800
23 95 7126.200
23 96 6912.600
23 97 4963.600
23 98 10642.400
23 99 7099.300
23 100 6865.900
24 0 10500.800
24 1 15130.300
24 2 13135.200
24 3 16912.700
24 4 9146.800
24 5 15491.200
24 6 15144.200
24 7 6709.800
24 8 20523.900
24 9 17312.100
24 10 15137.600
24 11 6579.200
24 12 7717.200
24 13 13538.500
24 14 12768.100
24 15 17352.400
24 16 16840.000
24 17 9012.500
24 18 8923.300
24 19 5661.600
24 20 14274.300
24 21 18663.000
24 22 15916.500
24 23 7806.800
24 24 0.000
24 25 8823.500
24 26 4866.500
24 27 17844.100
24 28 10029.900
24 29 12481.400
24 30 4176.300
24 31 8769.200
24 32 14662.500
24 33 13137.100
24 34 7629.100
24 35 13443.300
24 36 11925.800
24 37 7072.500
24 38 7625.600
24 39 14580.500
24 40 18467.600
24 41 5757.400
24 42 7504.400
24 43 15960.500
24 44 18277.100
24 45 6221.200
24 46 15560.100
24 47 18668.700
24 48 20084.300
24 49 13428.000
24 50 13592.500
24 51 12309.800
24 52 12726.900
24 53 1073.300
24 54 9657.200
24 55 9038.700
24 56 8760.500
24 57 14196.000
24 58 9007.700
24 59 6450.500
24 60 9106.300
24 61 10706.600
24 62 10211.400
24 63 15953.700
24 64 12708.500
24 65 14585.600
24 66 7118.700
24 67 6761.900
24 68 16740.100
24 69 19671.000
24 70 14796.700
24 71 4335.000
24 72 5778.800
24 73 10464.400
24 74 17382.300
24 75 15348.800
24 76 11907.200
24 77 19437.100
24 78 8695.100
24 79 15052.200
24 80 19995.300
24 81 7052.000
24 82 13607.900
24 83 14818.200
24 84 22091.400
24 85 2780.400
24 86 10591.000
24 87 17754.000
24 88 16769.300
24 89 16241.300
24 90 16262.300
24 91 4413.000
24 92 5032.800
24 93 7430.800
24 94 16134.200
24 95 16835.200
24 96 11614.000
24 97 3070.600
24 98 11925.700
24 99 4786.100
24 100 9671.000
25 0 10131.400
25 1 9281.300
25 2 12765.900
25 3 16937.600
25 4 6512.700
25 5 12025.400
25 6 12577.000
25 7 3224.500
25 8 18728.600
25 9 16942.800
25 10 8859.000
25 11 2810.800
25 12 7442.100
25 13 6781.100
25 14 7206.700
25 15 12202.900
25 16 11111.300
25 17 10739.000
25 18 1782.400
25 19 4486.400
25 20 7913.100
25 21 12805.300
25 22 9555.400
25 23 9533.400
25 24 6612.200
25 25 0.000
25 26 4931.100
25 27 17474.800
25 28 10749.200
25 29 7762.300
25 30 6015.400
25 31 5847.800
25 32 9671.300
25 33 9671.300
25 34 1455.700
25 35 9977.500
25 36 8460.000
25 37 5168.400
25 38 1910.800
25 39 9110.100
25 40 12609.800
25 41 6476.700
25 42 9230.900
25 43 15591.200
25 44 13127.600
25 45 5365.600
25 46 15190.800
25 47 13519.200
25 48 16618.500
25 49 7294.200
25 50 8220.300
25 51 11940.500
25 52 9087.600
25 53 7685.500
25 54 6183.800
25 55 5270.200
25 56 10703.500
25 57 11097.400
25 58 1030.900
25 59 7750.000
25 60 7540.300
25 61 12608.700
25 62 7185.700
25 63 8719.600
25 64 12339.200
25 65 11975.200
25 66 2386.200
25 67 7007.000
25 68 16370.700
25 69 16205.200
25 70 11330.900
25 71 6551.600
25 72 3679.200
25 73 10095.100
25 74 12567.300
25 75 15901.600
25 76 11537.900
25 77 19557.200
25 78 3252.900
25 79 11489.100
25 80 17727.200
25 81 7297.100
25 82 10050.600
25 83 14448.900
25 84 18625.600
25 85 8732.500
25 86 5496.100
25 87 17384.600
25 88 11619.800
25 89 13217.200
25 90 9901.100
25 91 6629.700
25 92 4529.200
25 93 5263.800
25 94 9376.900
25 95 16465.900
25 96 8148.200
25 97 6498.500
25 98 5791.900
25 99 6378.300
25 100 5898.100
26 0 7308.600
26 1 11730.600
26 2 9943.000
26 3 13720.500
26 4 5400.500
26 5 12091.500
26 6 11952.000
26 7 3310.100
26 8 18794.700
26 9 14120.000
26 10 11737.900
26 11 3179.500
26 12 4525.100
26 13 10138.700
26 14 9368.400
26 15 13952.700
26 16 13440.300
26 17 6843.400
26 18 5523.600
26 19 1965.400
26 20 10874.500
26 21 15263.300
26 22 12516.800
26 23 5637.800
26 24 3081.100
26 25 5423.700
26 26 0.000
26 27 14651.900
26 28 7311.900
26 29 9081.600
26 30 1461.100
26 31 4686.000
26 32 11262.800
26 33 9737.400
26 34 4229.400
26 35 10043.600
26 36 8526.000
26 37 3376.300
26 38 4225.800
26 39 11180.700
26 40 15067.800
26 41 3039.400
26 42 5335.300
26 43 12768.300
26 44 14877.300
26 45 5734.400
26 46 12367.900
26 47 15269.000
26 48 16684.600
26 49 10028.300
26 50 10192.700
26 51 9117.600
26 52 9153.700
26 53 4272.600
26 54 6257.400
26 55 5638.900
26 56 6591.400
26 57 11003.900
26 58 5607.900
26 59 8118.700
26 60 5914.100
26 61 8537.500
26 62 6128.200
26 63 12553.900
26 64 9516.400
26 65 12041.300
26 66 3719.000
26 67 3569.700
26 68 13547.900
26 69 16271.300
26 70 11397.000
26 71 6920.300
26 72 2379.000
26 73 7272.300
26 74 13982.600
26 75 12156.600
26 76 8715.000
26 77 16244.900
26 78 5295.400
26 79 11652.500
26 80 17793.300
26 81 3859.800
26 82 10116.700
26 83 11626.000
26 84 18691.700
26 85 4178.200
26 86 7191.200
26 87 14561.800
26 88 13369.600
26 89 13283.300
26 90 12862.500
26 91 6998.400
26 92 1229.900
26 93 3847.300
26 94 12734.500
26 95 13643.000
26 96 8214.300
26 97 1849.800
26 98 8526.000
26 99 2507.800
26 100 6271.300
27 0 9225.400
27 1 14935.000
27 2 6825.300
27 3 5694.300
27 4 11114.500
27 5 10324.500
27 6 8669.400
27 7 14713.200
27 8 3769.300
27 9 2583.400
27 10 14557.300
27 11 16185.900
27 12 10170.300
27 13 14488.800
27 14 14116.500
27 15 15655.000
27 16 16259.700
27 17 8614.300
27 18 17174.900
27 19 13234.600
27 20 13694.000
27 21 18082.800
27 22 15336.200
27 23 8687.600
27 24 16777.200
27 25 16866.000
27 26 14744.200
27 27 0.000
27 28 7351.800
27 29 13652.500
27 30 14975.500
27 31 11967.200
27 32 14082.300
27 33 11750.700
27 34 15965.900
27 35 12863.100
27 36 11329.600
27 37 12173.700
27 38 15681.900
27 39 14000.200
27 40 17887.300
27 41 11988.100
27 42 9054.300
27 43 1883.600
27 44 17359.400
27 45 18740.800
27 46 5542.700
27 47 15902.200
27 48 4693.900
27 49 15887.900
27 50 13012.200
27 51 8316.200
27 52 11152.900
27 53 16600.400
27 54 12574.000
27 55 18645.300
27 56 7783.500
27 57 8512.300
27 58 17050.200
27 59 21125.100
27 60 9920.200
27 61 6490.900
27 62 10444.000
27 63 15373.400
27 64 5782.600
27 65 8680.200
27 66 15015.100
27 67 11384.900
27 68 3943.200
27 69 4783.800
27 70 10086.900
27 71 19926.700
27 72 16430.800
27 73 9189.000
27 74 13594.800
27 75 7453.400
27 76 6304.600
27 77 1593.000
27 78 18301.800
27 79 14273.800
27 80 3240.800
27 81 11841.500
27 82 9559.000
27 83 6922.800
27 84 6893.300
27 85 15399.200
27 86 13675.000
27 87 3416.900
27 88 14364.800
27 89 8787.700
27 90 15682.000
27 91 20004.800
27 92 13628.800
27 93 12791.400
27 94 17195.000
27 95 1006.000
27 96 11033.800
27 97 14177.600
27 98 15882.900
27 99 16022.200
27 100 12732.400
28 0 2211.300
28 1 8346.300
28 2 2899.300
28 3 6676.700
28 4 4803.100
28 5 6420.200
28 6 4908.300
28 7 8204.900
28 8 10287.900
28 9 6618.000
28 10 8353.600
28 11 8914.200
28 12 3662.000
28 13 8285.100
28 14 8027.600
28 15 10552.400
28 16 10056.000
28 17 3028.600
28 18 10666.600
28 19 6726.400
28 20 7490.200
28 21 11879.000
28 22 9132.500
28 23 4081.100
28 24 9505.500
28 25 11158.400
28 26 7472.500
28 27 7150.000
28 28 0.000
28 29 7448.700
28 30 7703.800
28 31 5458.900
28 32 7878.500
28 33 6337.100
28 34 9964.000
28 35 6659.300
28 36 5125.800
28 37 5665.500
28 38 9960.500
28 39 7796.400
28 40 11683.500
28 41 4336.600
28 42 3468.500
28 43 5698.100
28 44 11477.100
28 45 11469.100
28 46 5324.100
28 47 11522.700
28 48 9261.400
28 49 9799.100
28 50 6808.400
28 51 2380.400
28 52 4949.200
28 53 9328.600
28 54 6370.300
28 55 11373.600
28 56 2197.700
28 57 4266.600
28 58 11342.600
28 59 13853.400
28 60 3608.700
28 61 1220.400
28 62 4240.300
28 63 9169.600
28 64 2441.800
28 65 4656.100
28 66 8506.900
28 67 4476.100
28 68 6477.700
28 69 8587.200
28 70 5095.200
28 71 12655.000
28 72 9159.100
28 73 1999.100
28 74 9215.300
28 75 5112.800
28 76 896.100
28 77 8743.000
28 78 11030.100
28 79 8252.200
28 80 9759.400
28 81 5322.800
28 82 5313.300
28 83 4582.200
28 84 11268.600
28 85 8128.700
28 86 7586.200
28 87 7518.000
28 88 9969.400
28 89 6005.400
28 90 9478.200
28 91 12733.100
28 92 6357.100
28 93 6283.100
28 94 10991.300
28 95 6141.100
28 96 4830.000
28 97 6905.800
28 98 9794.000
28 99 8750.500
28 100 6224.200
29 0 6025.600
29 1 3300.200
29 2 8660.000
29 3 12792.200
29 4 3636.500
29 5 7872.900
29 6 8424.600
29 7 7323.900
29 8 14583.200
29 9 12836.900
29 10 3307.500
29 11 8682.800
29 12 4759.800
29 13 1872.000
29 14 1101.600
29 15 6221.800
29 16 6202.100
29 17 8022.300
29 18 7615.600
29 19 6477.500
29 20 2819.600
29 21 7896.100
29 22 4461.900
29 23 7494.200
29 24 9947.200
29 25 7562.300
29 26 8266.200
29 27 13368.900
29 28 7125.400
29 29 0.000
29 30 9297.200
29 31 3741.000
29 32 3687.000
29 33 5518.800
29 34 7535.100
29 35 2322.000
29 36 4307.500
29 37 5179.200
29 38 8513.600
29 39 3125.800
29 40 7700.600
29 41 6577.700
29 42 6881.600
29 43 11485.300
29 44 7146.400
29 45 11237.700
29 46 11084.900
29 47 7538.100
29 48 12473.100
29 49 2873.000
29 50 1272.900
29 51 7834.600
29 52 4935.100
29 53 11020.500
29 54 2989.500
29 55 11142.200
29 56 6597.700
29 57 6944.900
29 58 7746.400
29 59 13622.000
29 60 4203.300
29 61 8502.800
29 62 3051.000
29 63 3810.400
29 64 8233.300
29 65 7822.700
29 66 6547.300
29 67 5974.500
29 68 12264.800
29 69 12059.800
29 70 7178.400
29 71 12423.600
29 72 8927.700
29 73 5989.200
29 74 6586.200
29 75 11756.200
29 76 7432.000
29 77 14961.900
29 78 10798.700
29 79 5508.000
29 80 13581.800
29 81 6355.600
29 82 5898.200
29 83 10343.000
29 84 14480.200
29 85 9988.800
29 86 1885.500
29 87 13278.700
29 88 5638.700
29 89 9064.700
29 90 4807.600
29 91 12501.700
29 92 7811.000
29 93 4699.000
29 94 4467.700
29 95 12360.000
29 96 2209.400
29 97 8767.100
29 98 2868.000
29 99 9713.400
29 100 3940.100
30 0 7539.900
30 1 12485.200
30 2 10174.300
30 3 13951.800
30 4 5631.800
30 5 12846.200
30 6 12183.300
30 7 4064.800
30 8 17563.000
30 9 14351.200
30 10 12492.500
30 11 3934.200
30 12 4756.400
30 13 9792.000
30 14 10123.000
30 15 14707.400
30 16 14122.200
30 17 7074.700
30 18 6278.200
30 19 2196.700
30 20 11629.200
30 21 16018.000
30 22 13271.400
30 23 5869.000
30 24 1801.800
30 25 6178.400
30 26 1461.100
30 27 14883.200
30 28 7543.200
30 29 9836.300
30 30 0.000
30 31 4917.300
30 32 12017.500
30 33 10492.000
30 34 4984.000
30 35 10798.300
30 36 9280.700
30 37 3607.600
30 38 4980.500
30 39 11935.400
30 40 15822.500
30 41 3270.700
30 42 5566.600
30 43 12999.600
30 44 15632.000
30 45 6489.000
30 46 12599.200
30 47 16023.600
30 48 17439.200
30 49 10305.100
30 50 10947.400
30 51 9348.900
30 52 9908.400
30 53 2875.100
30 54 7012.100
30 55 6393.600
30 56 6822.700
30 57 11235.200
30 58 6362.600
30 59 8873.400
30 60 6145.400
30 61 8768.800
30 62 6359.500
30 63 11730.500
30 64 9747.700
30 65 12796.000
30 66 4473.700
30 67 3801.000
30 68 13779.200
30 69 17026.000
30 70 12151.700
30 71 5327.000
30 72 3133.700
30 73 7503.500
30 74 14737.200
30 75 12387.900
30 76 8946.300
30 77 16476.200
30 78 6050.100
30 79 12407.100
30 80 18547.900
30 81 4091.100
30 82 10871.400
30 83 11857.300
30 84 19446.300
30 85 3443.400
30 86 7426.400
30 87 14793.100
30 88 14124.300
30 89 13280.400
30 90 13617.200
30 91 5405.100
30 92 1461.200
30 93 4078.600
30 94 12387.800
30 95 13874.300
30 96 8969.000
30 97 1209.400
30 98 8802.800
30 99 1046.700
30 100 7025.900
31 0 4967.900
31 1 6925.700
31 2 7602.400
31 3 12198.800
31 4 1349.200
31 5 7286.600
31 6 7838.200
31 7 3824.500
31 8 13989.800
31 9 11779.300
31 10 6933.000
31 11 5174.300
31 12 2321.000
31 13 5326.300
31 14 4556.000
31 15 9147.800
31 16 9656.400
31 17 7178.500
31 18 5542.700
31 19 2761.000
31 20 6069.600
31 21 10458.400
31 22 7711.900
31 23 5972.900
31 24 6438.700
31 25 5489.300
31 26 4757.600
31 27 12311.300
31 28 5813.100
31 29 4269.200
31 30 4905.100
31 31 0.000
31 32 6457.900
31 33 4932.500
31 34 5462.200
31 35 5238.700
31 36 3721.100
31 37 1462.600
31 38 4793.300
31 39 6375.800
31 40 10262.900
31 41 2939.100
31 42 5567.800
31 43 10427.700
31 44 10072.400
31 45 7729.100
31 46 10027.300
31 47 10464.100
31 48 11879.700
31 49 6327.400
31 50 5387.800
31 51 6777.000
31 52 4348.800
31 53 7551.300
31 54 1445.000
31 55 7633.700
31 56 5540.000
31 57 6358.600
31 58 5673.500
31 59 10113.500
31 60 2376.800
31 61 7445.200
31 62 2076.900
31 63 7264.800
31 64 7175.700
31 65 7236.400
31 66 3047.900
31 67 2335.900
31 68 11207.200
31 69 11466.400
31 70 6592.100
31 71 8915.100
31 72 5419.200
31 73 4931.600
31 74 9177.700
31 75 11162.800
31 76 6374.400
31 77 13904.300
31 78 7290.100
31 79 6847.600
31 80 12988.400
31 81 2639.000
31 82 5311.800
31 83 9285.400
31 84 13886.800
31 85 6350.200
31 86 3026.700
31 87 12221.100
31 88 8564.700
31 89 8478.400
31 90 8057.600
31 91 8993.100
31 92 3661.100
31 93 1199.600
31 94 7922.100
31 95 11302.400
31 96 3409.400
31 97 5128.500
31 98 5212.900
31 99 5951.800
31 100 1458.800
32 0 5968.500
32 1 1058.300
32 2 8602.900
32 3 12620.200
32 4 5928.200
32 5 6057.900
32 6 7723.600
32 7 9421.600
32 8 14411.200
32 9 12779.900
32 10 2049.900
32 11 10773.100
32 12 6857.500
32 13 2806.600
32 14 3226.800
32 15 3979.900
32 16 3657.800
32 17 8454.100
32 18 9363.300
32 19 8599.700
32 20 1589.100
32 21 6400.500
32 22 3654.000
32 23 9571.500
32 24 12037.500
32 25 9310.000
32 26 10356.400
32 27 13311.800
32 28 7095.700
32 29 2479.800
32 30 11387.500
32 31 5838.700
32 32 0.000
32 33 4817.800
32 34 9282.800
32 35 1367.800
32 36 4135.500
32 37 7301.300
32 38 11819.400
32 39 729.300
32 40 6205.100
32 41 8675.400
32 42 8958.800
32 43 11428.200
32 44 4904.500
32 45 13327.900
32 46 11027.800
32 47 5296.100
32 48 12301.100
32 49 4620.700
32 50 1839.500
32 51 7777.600
32 52 4783.600
32 53 13110.800
32 54 5655.600
32 55 13232.500
32 56 7883.800
32 57 6366.700
32 58 9494.100
32 59 15712.300
32 60 6280.500
32 61 8445.700
32 62 4590.100
32 63 3691.200
32 64 8176.300
32 65 7121.700
32 66 8645.000
32 67 8072.200
32 68 12207.800
32 69 11887.800
32 70 6477.400
32 71 14513.900
32 72 11018.000
32 73 5932.200
32 74 4344.300
32 75 10283.400
32 76 7375.000
32 77 14904.800
32 78 12889.000
32 79 3266.100
32 80 13409.800
32 81 8477.700
32 82 5320.000
32 83 9568.300
32 84 14308.200
32 85 12086.500
32 86 4461.200
32 87 13221.700
32 88 3396.800
32 89 8363.700
32 90 3080.000
32 91 14591.900
32 92 9901.200
32 93 6796.700
32 94 5512.800
32 95 12302.900
32 96 3919.000
32 97 10864.800
32 98 4615.700
32 99 11803.600
32 100 6037.800
33 0 5195.900
33 1 3503.000
33 2 6375.100
33 3 6779.300
33 4 5155.600
33 5 2546.700
33 6 3098.300
33 7 8648.900
33 8 9263.600
33 9 9254.500
33 10 5429.100
33 11 10000.400
33 12 6084.900
33 13 6185.800
33 14 6642.800
33 15 5002.700
33 16 6701.900
33 17 7681.400
33 18 9685.100
33 19 7827.000
33 20 4968.300
33 21 9836.300
33 22 7061.200
33 23 8798.800
33 24 11264.800
33 25 9631.800
33 26 9583.800
33 27 11270.000
33 28 6323.000
33 29 5962.400
33 30 10614.800
33 31 5066.000
33 32 4619.400
33 33 0.000
33 34 9604.600
33 35 3409.500
33 36 2401.500
33 37 6528.700
33 38 11046.700
33 39 5342.200
33 40 9640.900
33 41 7902.800
33 42 8186.200
33 43 9544.500
33 44 5927.300
33 45 12555.300
33 46 6559.000
33 47 6594.700
33 48 7153.500
33 49 7999.900
33 50 5322.200
33 51 3708.600
33 52 1924.900
33 53 12338.100
33 54 4883.000
33 55 12459.800
33 56 7111.200
33 57 2536.100
33 58 9816.000
33 59 14939.600
33 60 5507.900
33 61 7388.600
33 62 3817.500
33 63 7070.400
33 64 6265.800
33 65 2496.500
33 66 7872.300
33 67 7299.600
33 68 9323.700
33 69 6740.200
33 70 1852.200
33 71 13741.200
33 72 10245.300
33 73 5159.500
33 74 4287.300
33 75 5658.100
33 76 7180.900
33 77 10092.200
33 78 12116.300
33 79 2702.500
33 80 8262.200
33 81 7705.100
33 82 1489.400
33 83 4943.000
33 84 9160.600
33 85 11313.900
33 86 6201.300
33 87 8752.900
33 88 4419.600
33 89 3738.500
33 90 6329.300
33 91 13819.300
33 92 9128.600
33 93 6024.000
33 94 8948.600
33 95 10419.200
33 96 3343.700
33 97 10092.200
33 98 7994.900
33 99 11031.000
33 100 5265.100
34 0 8544.400
34 1 9124.200
34 2 11178.800
34 3 16780.500
34 4 6355.700
34 5 11868.300
34 6 12420.000
34 7 2023.000
34 8 18571.500
34 9 15355.700
34 10 8702.000
34 11 1912.400
34 12 5760.800
34 13 6624.100
34 14 7049.600
34 15 12045.800
34 16 10954.200
34 17 9840.600
34 18 1625.300
34 19 3284.900
34 20 7756.100
34 21 12648.200
34 22 9398.300
34 23 8635.000
34 24 5713.700
34 25 1275.000
34 26 4032.700
34 27 15887.700
34 28 9850.700
34 29 7605.200
34 30 5117.000
34 31 4646.300
34 32 9514.200
34 33 9514.200
34 34 0.000
34 35 9820.500
34 36 8302.900
34 37 3966.900
34 38 1012.400
34 39 8953.100
34 40 12452.800
34 41 5578.200
34 42 8332.500
34 43 14004.100
34 44 12970.500
34 45 4467.200
34 46 13603.700
34 47 13362.100
34 48 16461.400
34 49 7137.100
34 50 8063.300
34 51 10353.400
34 52 8930.600
34 53 6787.000
34 54 6026.800
34 55 4371.800
34 56 9901.500
34 57 10940.300
34 58 1459.100
34 59 6851.600
34 60 7383.200
34 61 11071.100
34 62 7028.700
34 63 8562.600
34 64 10752.100
34 65 11818.100
34 66 1869.300
34 67 6108.500
34 68 14783.700
34 69 16048.200
34 70 11173.800
34 71 5653.200
34 72 2442.900
34 73 8508.000
34 74 12410.300
34 75 15744.600
34 76 9950.800
34 77 17480.700
34 78 2663.600
34 79 11332.100
34 80 17570.100
34 81 5423.500
34 82 9893.600
34 83 12861.800
34 84 18468.500
34 85 7834.100
34 86 5339.100
34 87 15797.600
34 88 11462.800
34 89 13060.100
34 90 9744.100
34 91 5731.200
34 92 3630.700
34 93 4062.300
34 94 9219.900
34 95 14878.800
34 96 7991.200
34 97 5600.100
34 98 5634.800
34 99 5479.900
34 100 5741.100
35 0 4794.100
35 1 2631.600
35 2 7428.600
35 3 11445.800
35 4 4753.800
35 5 5334.700
35 6 5886.300
35 7 8247.200
35 8 13236.800
35 9 11605.500
35 10 2638.900
35 11 9598.700
35 12 5683.200
35 13 3395.600
35 14 3598.100
35 15 4763.400
35 16 4246.800
35 17 7279.700
35 18 9283.400
35 19 7425.300
35 20 2178.200
35 21 6989.600
35 22 4243.000
35 23 8397.100
35 24 10863.100
35 25 9230.000
35 26 9182.000
35 27 12137.500
35 28 5921.300
35 29 2851.200
35 30 10213.100
35 31 4664.300
35 32 1371.300
35 33 2980.500
35 34 9202.900
35 35 0.000
35 36 2961.100
35 37 6126.900
35 38 10645.000
35 39 1318.300
35 40 6794.100
35 41 7501.000
35 42 7784.500
35 43 10253.800
35 44 5688.000
35 45 12153.500
35 46 9853.400
35 47 6079.600
35 48 11126.700
35 49 5209.800
35 50 2210.900
35 51 6603.200
35 52 3612.300
35 53 11936.400
35 54 4481.200
35 55 12058.100
35 56 6709.400
35 57 4406.700
35 58 9414.200
35 59 14537.900
35 60 5106.100
35 61 7271.300
35 62 3415.700
35 63 4280.200
35 64 7001.900
35 65 5284.500
35 66 7470.600
35 67 6897.800
35 68 11033.400
35 69 10713.400
35 70 4640.200
35 71 13339.500
35 72 9843.600
35 73 4757.800
35 74 5127.800
35 75 8446.100
35 76 6200.600
35 77 13730.500
35 78 11714.600
35 79 3105.500
35 80 12235.400
35 81 7303.300
35 82 3359.900
35 83 7731.000
35 84 13133.800
35 85 10912.100
35 86 4832.600
35 87 12047.300
35 88 4180.300
35 89 6526.500
35 90 3669.100
35 91 13417.600
35 92 8726.800
35 93 5622.300
35 94 6101.800
35 95 11128.600
35 96 2744.600
35 97 9690.400
35 98 5204.700
35 99 10629.200
35 100 4863.400
36 0 5114.000
36 1 3927.000
36 2 7393.900
36 3 7798.000
36 4 5073.700
36 5 3565.400
36 6 4117.100
36 7 8567.100
36 8 10282.300
36 9 10273.300
36 10 5853.000
36 11 9918.600
36 12 6003.100
36 13 6609.800
36 14 6561.000
36 15 5426.600
36 16 7125.800
36 17 7599.600
36 18 9603.300
36 19 7745.200
36 20 5392.300
36 21 10260.300
36 22 7485.100
36 23 8717.000
36 24 11183.000
36 25 9549.900
36 26 9501.900
36 27 12288.700
36 28 6241.200
36 29 4816.500
36 30 10533.000
36 31 4984.200
36 32 3336.600
36 33 1211.300
36 34 9522.800
36 35 1962.800
36 36 0.000
36 37 6446.800
36 38 10964.900
36 39 3283.700
36 40 10064.800
36 41 7820.900
36 42 8104.400
36 43 10573.700
36 44 6351.300
36 45 12473.400
36 46 7577.700
36 47 6742.900
36 48 8172.200
36 49 8423.900
36 50 4176.300
36 51 3809.900
36 52 1843.000
36 53 12256.300
36 54 4801.100
36 55 12378.000
36 56 7029.300
36 57 2637.400
36 58 9734.100
36 59 14857.800
36 60 5426.000
36 61 7591.200
36 62 3735.600
36 63 7494.300
36 64 7284.600
36 65 3515.200
36 66 7790.500
36 67 7217.700
36 68 10342.400
36 69 7759.000
36 70 2870.900
36 71 13659.400
36 72 10163.500
36 73 5077.700
36 74 5456.500
36 75 6676.900
36 76 6520.500
36 77 11110.900
36 78 12034.500
36 79 3126.400
36 80 9280.900
36 81 7623.200
36 82 1590.700
36 83 5961.700
36 84 10179.300
36 85 11232.000
36 86 6119.500
36 87 9771.600
36 88 4843.600
36 89 4757.200
36 90 6753.200
36 91 13737.500
36 92 9046.700
36 93 5942.200
36 94 9372.600
36 95 11448.500
36 96 3261.900
36 97 10010.300
36 98 8418.800
36 99 10949.100
36 100 5183.300
37 0 4894.800
37 1 8552.700
37 2 7529.200
37 3 11306.700
37 4 2177.100
37 5 8913.600
37 6 9538.200
37 7 2751.300
37 8 15616.800
37 9 11706.100
37 10 8560.000
37 11 4426.800
37 12 2111.300
37 13 6775.900
37 14 6005.500
37 15 10774.800
37 16 11106.000
37 17 6968.800
37 18 4950.800
37 19 1425.300
37 20 7696.600
37 21 12085.400
37 22 9338.900
37 23 5763.100
37 24 5371.200
37 25 4904.100
37 26 3338.100
37 27 12238.100
37 28 5742.400
37 29 5718.800
37 30 3569.400
37 31 1627.000
37 32 8084.900
37 33 6559.400
37 34 4004.000
37 35 6865.700
37 36 5348.100
37 37 0.000
37 38 3720.000
37 39 8002.800
37 40 11889.900
37 41 2729.300
37 42 5460.700
37 43 10354.500
37 44 11699.400
37 45 6981.700
37 46 9954.100
37 47 12091.100
37 48 13506.700
37 49 7429.500
37 50 7014.800
37 51 6703.800
37 52 5642.900
37 53 6230.400
37 54 3072.000
37 55 6886.200
37 56 5466.900
37 57 8590.100
37 58 5088.300
37 59 9366.000
37 60 2953.700
37 61 7372.000
37 62 2904.800
37 63 8714.400
37 64 7102.500
37 65 8863.400
37 66 2893.100
37 67 1648.200
37 68 11134.100
37 69 13093.400
37 70 8219.100
37 71 8167.600
37 72 4671.700
37 73 4858.400
37 74 10804.600
37 75 9742.800
37 76 6301.200
37 77 13831.100
37 78 6542.700
37 79 8474.600
37 80 14615.400
37 81 1773.900
37 82 6938.800
37 83 9212.200
37 84 15513.800
37 85 6140.400
37 86 4653.700
37 87 12148.000
37 88 10191.700
37 89 10105.400
37 90 9684.600
37 91 8245.700
37 92 2325.400
37 93 733.500
37 94 9371.700
37 95 11229.200
37 96 5036.400
37 97 3807.600
37 98 5927.200
37 99 4616.100
37 100 3085.800
38 0 8372.400
38 1 10065.700
38 2 11006.800
38 3 14784.300
38 4 5577.500
38 5 11438.600
38 6 11990.300
38 7 1851.000
38 8 18141.800
38 9 15183.700
38 10 9643.400
38 11 696.200
38 12 5588.900
38 13 7565.500
38 14 7991.100
38 15 12987.300
38 16 11895.700
38 17 9351.100
38 18 2566.800
38 19 3112.900
38 20 8697.500
38 21 13589.700
38 22 10339.700
38 23 8145.400
38 24 5224.200
38 25 1618.200
38 26 3543.100
38 27 15715.700
38 28 9361.200
38 29 8546.700
38 30 4627.400
38 31 4474.300
38 32 10455.700
38 33 9084.500
38 34 970.900
38 35 9390.700
38 36 7873.200
38 37 3794.900
38 38 0.000
38 39 9894.500
38 40 13394.200
38 41 5088.700
38 42 7843.000
38 43 13832.100
38 44 13911.900
38 45 3118.400
38 46 13431.700
38 47 14303.600
38 48 16031.700
38 49 8078.600
38 50 9004.700
38 51 10181.400
38 52 8500.800
38 53 6297.500
38 54 5597.000
38 55 3023.000
38 56 9412.000
38 57 10510.600
38 58 1802.400
38 59 5502.800
38 60 6431.300
38 61 10581.600
38 62 6305.200
38 63 9504.000
38 64 10580.200
38 65 11388.400
38 66 2542.300
38 67 5619.000
38 68 14611.700
38 69 15618.400
38 70 10744.100
38 71 4304.400
38 72 2594.700
38 73 8336.100
38 74 13351.700
38 75 13220.400
38 76 9778.800
38 77 17308.700
38 78 2679.500
38 79 10999.600
38 80 17140.400
38 81 5251.500
38 82 9463.900
38 83 12689.800
38 84 18038.800
38 85 7344.600
38 86 6280.500
38 87 15625.600
38 88 12404.200
38 89 12630.400
38 90 10685.500
38 91 4382.400
38 92 3141.200
38 93 3890.300
38 94 10161.300
38 95 14706.800
38 96 7561.400
38 97 5110.600
38 98 6576.300
38 99 4990.300
38 100 5610.900
39 0 5390.700
39 1 1851.000
39 2 8025.200
39 3 12042.400
39 4 5350.400
39 5 6850.700
39 6 7674.800
39 7 8843.800
39 8 13833.400
39 9 12202.100
39 10 1858.300
39 11 10195.300
39 12 6279.800
39 13 2615.100
39 14 2649.000
39 15 4772.600
39 16 3466.200
39 17 7876.300
39 18 9163.000
39 19 8021.900
39 20 1397.600
39 21 6209.000
39 22 3462.500
39 23 8993.700
39 24 11459.700
39 25 9109.700
39 26 9778.600
39 27 12734.100
39 28 6517.900
39 29 1902.000
39 30 10809.700
39 31 5260.900
39 32 877.700
39 33 4769.000
39 34 9082.500
39 35 1319.900
39 36 3557.700
39 37 6723.500
39 38 11241.600
39 39 0.000
39 40 6013.500
39 41 8097.600
39 42 8381.100
39 43 10850.500
39 44 5697.300
39 45 12750.200
39 46 10450.100
39 47 6088.900
39 48 11723.300
39 49 4420.400
39 50 1261.800
39 51 7199.800
39 52 4205.900
39 53 12533.000
39 54 5077.800
39 55 12654.700
39 56 7306.000
39 57 6195.200
39 58 9293.800
39 59 15134.500
39 60 5702.700
39 61 7868.000
39 62 4012.300
39 63 3499.600
39 64 7598.500
39 65 7073.000
39 66 8067.200
39 67 7494.400
39 68 11630.000
39 69 11310.100
39 70 6428.700
39 71 13936.100
39 72 10440.200
39 73 5354.400
39 74 5137.100
39 75 11006.500
39 76 6797.200
39 77 14327.100
39 78 12311.200
39 79 4058.900
39 80 12832.000
39 81 7899.900
39 82 5148.400
39 83 9708.200
39 84 13730.400
39 85 11508.700
39 86 3883.400
39 87 12643.900
39 88 4189.600
39 89 8315.000
39 90 2888.500
39 91 14014.200
39 92 9323.400
39 93 6218.900
39 94 5321.300
39 95 11725.200
39 96 3341.200
39 97 10287.000
39 98 4415.400
39 99 11225.900
39 100 5460.000
40 0 10727.700
40 1 6243.700
40 2 13362.200
40 3 16748.600
40 4 10687.400
40 5 11402.100
40 6 13067.700
40 7 14100.700
40 8 19233.000
40 9 17539.100
40 10 4642.000
40 11 14275.700
40 12 11616.800
40 13 5760.800
40 14 7359.900
40 15 7567.800
40 16 3777.400
40 17 13213.300
40 18 12729.100
40 19 13330.200
40 20 4875.500
40 21 659.800
40 22 3459.800
40 23 15114.000
40 24 16796.700
40 25 12675.700
40 26 15115.600
40 27 18071.100
40 28 11854.900
40 29 6650.500
40 30 15474.200
40 31 10597.900
40 32 6633.700
40 33 10161.900
40 34 12648.600
40 35 7072.000
40 36 8894.700
40 37 12555.000
40 38 13627.100
40 39 6072.600
40 40 0.000
40 41 13434.600
40 42 14501.400
40 43 16187.400
40 44 7097.600
40 45 16830.600
40 46 16528.400
40 47 8884.100
40 48 17122.800
40 49 5630.100
40 50 6598.700
40 51 12536.800
40 52 10916.500
40 53 17870.000
40 54 10609.300
40 55 16735.100
40 56 12643.000
40 57 11710.900
40 58 12859.900
40 59 19214.900
40 60 11823.000
40 61 13204.900
40 62 9349.300
40 63 4480.600
40 64 12935.500
40 65 12465.900
40 66 13238.300
40 67 12831.400
40 68 16967.000
40 69 16709.600
40 70 11821.600
40 71 18016.500
40 72 14520.600
40 73 10691.400
40 74 7754.800
40 75 15627.500
40 76 12134.200
40 77 19664.100
40 78 15002.200
40 79 8610.200
40 80 18231.500
40 81 13236.900
40 82 10664.100
40 83 14912.400
40 84 19130.000
40 85 16845.700
40 86 9505.200
40 87 18722.200
40 88 6984.800
40 89 13707.900
40 90 3871.100
40 91 18094.600
40 92 14660.400
40 93 11951.700
40 94 4703.000
40 95 17062.200
40 96 8678.200
40 97 15624.000
40 98 7159.400
40 99 16562.800
40 100 11710.300
41 0 4732.300
41 1 9943.300
41 2 7366.700
41 3 11144.200
41 4 3378.200
41 5 10304.200
41 6 9375.700
41 7 4715.100
41 8 14755.400
41 9 11543.600
41 10 9950.600
41 11 4577.600
41 12 1948.700
41 13 8387.200
41 14 7616.800
41 15 12165.400
41 16 12717.300
41 17 4239.500
41 18 6921.700
41 19 2756.000
41 20 9087.300
41 21 13476.000
41 22 10729.500
41 23 3033.800
41 24 5168.900
41 25 6821.900
41 26 3135.900
41 27 12075.600
41 28 4390.600
41 29 7330.000
41 30 3367.200
41 31 3571.400
41 32 9475.500
41 33 7950.100
41 34 5627.500
41 35 8256.300
41 36 6738.800
41 37 2701.500
41 38 5624.000
41 39 9393.400
41 40 13280.600
41 41 0.000
41 42 2731.300
41 43 10192.000
41 44 13090.100
41 45 7132.500
41 46 9791.600
41 47 13481.700
41 48 13728.900
41 49 9388.200
41 50 8405.500
41 51 6541.300
41 52 6958.300
41 53 4992.100
41 54 4462.600
41 55 7037.100
41 56 3987.400
41 57 8427.500
41 58 7006.000
41 59 9516.900
41 60 3337.800
41 61 5611.000
41 62 4511.100
41 63 10325.600
41 64 6940.000
41 65 8817.100
41 66 5117.100
41 67 1564.000
41 68 10971.500
41 69 13054.600
41 70 9256.100
41 71 8318.500
41 72 4822.500
41 73 4695.900
41 74 12195.300
41 75 9580.300
41 76 5286.700
41 77 13668.600
41 78 6693.500
41 79 9865.200
41 80 14226.800
41 81 1854.200
41 82 7839.400
41 83 9049.700
41 84 15736.000
41 85 3792.200
41 86 6581.600
41 87 11985.400
41 88 11582.300
41 89 10472.800
41 90 11075.300
41 91 8396.500
41 92 2020.500
41 93 3319.200
41 94 10982.900
41 95 11066.700
41 96 6427.000
41 97 2569.300
41 98 8287.400
41 99 4413.900
41 100 4510.900
42 0 4700.400
42 1 10075.900
42 2 6339.600
42 3 10117.000
42 4 4503.300
42 5 10465.200
42 6 8348.600
42 7 7340.200
42 8 12712.900
42 9 8411.600
42 10 10083.200
42 11 7309.500
42 12 3341.500
42 13 8498.200
42 14 7727.900
42 15 12298.000
42 16 12828.400
42 17 2014.100
42 18 9653.500
42 19 5381.100
42 20 9219.900
42 21 14522.400
42 22 10862.100
42 23 808.500
42 24 7304.700
42 25 9553.700
42 26 5271.700
42 27 8943.600
42 28 4239.100
42 29 7441.100
42 30 5503.000
42 31 5138.400
42 32 9608.200
42 33 8082.700
42 34 8359.300
42 35 8389.000
42 36 6871.400
42 37 5344.900
42 38 8355.800
42 39 9526.100
42 40 14326.900
42 41 4016.000
42 42 0.000
42 43 7201.900
42 44 13222.700
42 45 9864.300
42 46 8764.500
42 47 13614.300
42 48 12701.800
42 49 9499.300
42 50 8538.100
42 51 6509.400
42 52 6926.500
42 53 6836.700
42 54 5938.500
42 55 9768.900
42 56 2039.000
42 57 8400.700
42 58 9737.900
42 59 12248.700
42 60 3308.900
42 61 4660.700
42 62 4622.100
42 63 10436.700
42 64 5882.100
42 65 8701.100
42 66 7730.600
42 67 4286.600
42 68 8308.700
42 69 12027.500
42 70 9690.800
42 71 11050.300
42 72 7554.300
42 73 4664.000
42 74 12327.900
42 75 8553.100
42 76 5766.300
42 77 10536.600
42 78 9425.300
42 79 9997.800
42 80 12184.300
42 81 4576.800
42 82 7807.500
42 83 8022.600
42 84 14708.900
42 85 5325.000
42 86 7286.400
42 87 9245.100
42 88 11715.000
42 89 9445.700
42 90 11207.900
42 91 11128.300
42 92 4752.300
42 93 5962.600
42 94 11094.000
42 95 7934.700
42 96 6559.700
42 97 4413.900
42 98 9494.300
42 99 6549.700
42 100 5903.600
43 0 7341.800
43 1 12666.400
43 2 4941.600
43 3 4462.500
43 4 9230.900
43 5 8560.700
43 6 6444.100
43 7 12829.500
43 8 5653.000
43 9 1351.600
43 10 12673.700
43 11 14302.300
43 12 8286.700
43 13 12605.200
43 14 12232.900
43 15 13416.000
43 16 14376.100
43 17 6872.700
43 18 15291.300
43 19 11351.000
43 20 11810.400
43 21 16199.100
43 22 13452.600
43 23 6946.000
43 24 14893.600
43 25 14982.400
43 26 12860.600
43 27 1883.600
43 28 5468.100
43 29 11768.900
43 30 13091.900
43 31 10083.600
43 32 12198.700
43 33 10657.300
43 34 14082.300
43 35 10979.500
43 36 9445.900
43 37 10290.100
43 38 13798.300
43 39 12116.600
43 40 16003.700
43 41 10104.500
43 42 7312.600
43 43 0.000
43 44 15120.300
43 45 16857.200
43 46 4311.000
43 47 13663.100
43 48 6577.500
43 49 14004.300
43 50 11128.600
43 51 6432.600
43 52 9269.300
43 53 14716.700
43 54 10690.400
43 55 16761.700
43 56 6041.900
43 57 6628.700
43 58 15166.600
43 59 19241.500
43 60 8036.500
43 61 4607.300
43 62 8560.400
43 63 13489.800
43 64 3899.000
43 65 6796.600
43 66 13131.500
43 67 9501.300
43 68 2059.500
43 69 5845.200
43 70 7786.300
43 71 18043.100
43 72 14547.200
43 73 7305.400
43 74 11355.700
43 75 5569.800
43 76 4421.000
43 77 3476.600
43 78 16418.200
43 79 12572.400
43 80 5124.400
43 81 9957.900
43 82 7675.400
43 83 5039.200
43 84 8776.900
43 85 13515.600
43 86 11791.400
43 87 2185.200
43 88 12125.800
43 89 7541.200
43 90 13798.400
43 91 18121.200
43 92 11745.200
43 93 10907.800
43 94 15311.400
43 95 874.700
43 96 9150.200
43 97 12293.900
43 98 13999.300
43 99 14138.600
43 100 10848.800
44 0 10132.000
44 1 3806.500
44 2 12289.100
44 3 12693.200
44 4 10091.700
44 5 7346.600
44 6 9012.300
44 7 13585.100
44 8 15177.500
44 9 15168.500
44 10 3891.500
44 11 14936.600
44 12 11021.100
44 13 6489.300
44 14 7676.800
44 15 3512.400
44 16 4021.600
44 17 12617.600
44 18 13046.000
44 19 12763.200
44 20 5271.800
44 21 7156.000
44 22 4380.900
44 23 13735.000
44 24 16201.000
44 25 12992.600
44 26 14519.900
44 27 17183.900
44 28 11259.200
44 29 6843.200
44 30 15551.000
44 31 10002.200
44 32 4922.900
44 33 6106.500
44 34 12965.500
44 35 5668.100
44 36 7337.600
44 37 11464.800
44 38 13944.000
44 39 5645.700
44 40 6960.600
44 41 12838.900
44 42 13122.400
44 43 15458.400
44 44 0.000
44 45 17491.400
44 46 12472.900
44 47 4828.700
44 48 13067.400
44 49 7195.400
44 50 6775.000
44 51 8827.900
44 52 6861.000
44 53 17274.300
44 54 9819.100
44 55 17396.000
44 56 12047.300
44 57 7655.400
44 58 13176.800
44 59 19875.800
44 60 10444.000
44 61 12609.200
44 62 8753.600
44 63 5645.900
44 64 12179.800
44 65 8410.400
44 66 12808.500
44 67 12235.700
44 68 15237.600
44 69 12654.100
44 70 7766.100
44 71 18677.400
44 72 15181.500
44 73 10095.700
44 74 3699.400
44 75 11572.100
44 76 11538.500
44 77 16006.100
44 78 15319.100
44 79 4554.800
44 80 14176.100
44 81 12641.200
44 82 6608.700
44 83 10856.900
44 84 15074.500
44 85 16250.000
44 86 8824.600
44 87 14666.800
44 88 2929.300
44 89 9652.400
44 90 3649.000
44 91 18755.400
44 92 14064.700
44 93 10960.200
44 94 6268.300
44 95 16333.100
44 96 8854.500
44 97 15028.300
44 98 8724.700
44 99 15967.100
44 100 10201.300
45 0 11936.400
45 1 13854.600
45 2 14570.900
45 3 20074.500
45 4 9618.100
45 5 15162.300
45 6 15714.000
45 7 4808.500
45 8 21865.500
45 9 18747.800
45 10 13432.300
45 11 3181.300
45 12 9152.900
45 13 11354.400
45 14 12439.200
45 15 17023.500
45 16 15684.500
45 17 11929.600
45 18 6355.600
45 19 6432.000
45 20 12486.400
45 21 17378.500
45 22 14128.600
45 23 10724.000
45 24 7802.800
45 25 5380.200
45 26 6121.700
45 27 19279.800
45 28 11939.700
45 29 12152.500
45 30 7206.000
45 31 8216.100
45 32 14333.600
45 33 12808.200
45 34 4732.900
45 35 13114.400
45 36 11596.900
45 37 7568.100
45 38 3846.500
45 39 14251.600
45 40 17183.100
45 41 7667.300
45 42 10421.500
45 43 17396.200
45 44 17948.200
45 45 0.000
45 46 16995.800
45 47 18339.800
45 48 19755.400
45 49 11867.400
45 50 13263.600
45 51 13745.500
45 52 12224.500
45 53 7644.500
45 54 9328.300
45 55 1992.200
45 56 11990.500
45 57 14234.300
45 58 5564.300
45 59 2338.400
45 60 10645.700
45 61 13160.100
45 62 10330.200
45 63 13292.900
45 64 14144.200
45 65 15112.100
45 66 6315.500
45 67 8197.500
45 68 18175.700
45 69 19342.200
45 70 14467.800
45 71 1901.800
45 72 5644.200
45 73 11900.100
45 74 17053.400
45 75 19038.600
45 76 13342.900
45 77 20872.800
45 78 3624.600
45 79 14723.300
45 80 20864.100
45 81 8487.700
45 82 13187.600
45 83 16253.900
45 84 21762.500
45 85 9923.100
45 86 10069.400
45 87 19189.600
45 88 16440.400
45 89 16354.100
45 90 14474.400
45 91 3015.800
45 92 5719.700
45 93 7663.500
45 94 13950.200
45 95 18270.900
45 96 11285.200
45 97 7689.100
45 98 10365.100
45 99 7568.900
45 100 9342.100
46 0 5112.200
46 1 9422.100
46 2 2940.500
46 3 2202.200
46 4 8552.500
46 5 5286.800
46 6 3170.200
46 7 12151.100
46 8 5813.400
46 9 3545.200
46 10 11348.200
46 11 13623.900
46 12 7608.300
46 13 11926.800
46 14 11554.500
46 15 10142.200
46 16 12621.000
46 17 7079.000
46 18 14612.900
46 19 10672.600
46 20 10887.500
46 21 15755.500
46 22 12980.300
46 23 8131.600
46 24 14215.200
46 25 14304.000
46 26 12182.100
46 27 6128.500
46 28 4793.500
46 29 11090.400
46 30 12413.400
46 31 9405.200
46 32 10538.600
46 33 6443.500
46 34 13403.900
46 35 10301.000
46 36 7998.700
46 37 9611.700
46 38 13119.900
46 39 11261.400
46 40 15560.000
46 41 9426.100
46 42 7519.000
46 43 4291.200
46 44 11846.500
46 45 16178.700
46 46 0.000
46 47 10389.300
46 48 4786.900
46 49 13325.900
46 50 10450.200
46 51 3158.700
46 52 5282.600
46 53 14038.300
46 54 10012.000
46 55 16083.300
46 56 6248.200
46 57 3354.800
46 58 14488.200
46 59 18563.100
46 60 7358.100
46 61 3954.000
46 62 7882.000
46 63 12811.400
46 64 2831.300
46 65 3522.800
46 66 12453.100
46 67 8822.900
46 68 3614.300
46 69 4112.700
46 70 4512.400
46 71 17364.700
46 72 13868.800
46 73 4900.000
46 74 8081.900
46 75 2295.900
46 76 3746.300
46 77 4871.300
46 78 15739.800
46 79 8966.600
46 80 5284.800
46 81 9279.500
46 82 4401.600
46 83 1765.300
46 84 6794.000
46 85 12837.200
46 86 11113.000
46 87 3043.500
46 88 8851.900
46 89 4267.300
46 90 12248.400
46 91 17442.800
46 92 11066.700
46 93 10229.400
46 94 14867.800
46 95 5119.600
46 96 8471.700
46 97 11615.500
46 98 13320.900
46 99 13460.100
46 100 10170.400
47 0 10570.600
47 1 4245.100
47 2 10812.200
47 3 11216.300
47 4 10530.300
47 5 5966.800
47 6 7535.400
47 7 14023.700
47 8 13700.600
47 9 13691.600
47 10 4330.100
47 11 15375.200
47 12 11459.700
47 13 6927.900
47 14 8115.400
47 15 1316.300
47 16 5688.700
47 17 13056.200
47 18 13484.600
47 19 13201.800
47 20 5710.400
47 21 8823.200
47 22 6048.000
47 23 14173.600
47 24 16639.600
47 25 13431.200
47 26 14958.500
47 27 15707.000
47 28 11697.800
47 29 7281.800
47 30 15989.600
47 31 10440.800
47 32 5361.500
47 33 6545.100
47 34 13404.100
47 35 6106.700
47 36 7776.300
47 37 11903.400
47 38 14382.600
47 39 6084.300
47 40 8627.700
47 41 13277.500
47 42 13561.000
47 43 13981.500
47 44 4914.200
47 45 17930.000
47 46 10996.000
47 47 0.000
47 48 11590.500
47 49 8862.600
47 50 7213.600
47 51 9514.200
47 52 7299.600
47 53 17712.900
47 54 10257.700
47 55 17834.600
47 56 12485.900
47 57 8074.500
47 58 13615.400
47 59 20314.400
47 60 10882.600
47 61 11825.600
47 62 9192.200
47 63 6238.600
47 64 10702.900
47 65 6933.500
47 66 13247.100
47 67 12674.300
47 68 13760.700
47 69 11177.200
47 70 6305.300
47 71 19116.000
47 72 15620.100
47 73 10534.300
47 74 3275.100
47 75 10095.200
47 76 11617.900
47 77 14529.200
47 78 15757.700
47 79 4993.400
47 80 12699.200
47 81 13079.800
47 82 7035.700
47 83 9380.000
47 84 13597.600
47 85 16688.600
47 86 9263.200
47 87 13189.900
47 88 2606.500
47 89 8175.500
47 90 5316.100
47 91 19194.100
47 92 14503.300
47 93 11398.800
47 94 7935.400
47 95 14856.200
47 96 9293.100
47 97 15466.900
47 98 8737.000
47 99 16405.700
47 100 10639.900
48 0 10316.700
48 1 11665.600
48 2 8145.100
48 3 3504.600
48 4 12785.100
48 5 7055.000
48 6 5399.900
48 7 16278.500
48 8 2180.700
48 9 4347.400
48 10 13591.600
48 11 17630.000
48 12 12812.800
48 13 14433.000
48 14 14277.000
48 15 12385.600
48 16 14864.400
48 17 12283.600
48 18 17314.700
48 19 15456.600
48 20 13130.900
48 21 17998.900
48 22 15223.700
48 23 12820.500
48 24 18894.400
48 25 17261.300
48 26 17213.300
48 27 4132.900
48 28 9998.000
48 29 13596.600
48 30 18244.400
48 31 12695.600
48 32 12782.000
48 33 8481.200
48 34 17234.200
48 35 12807.200
48 36 10036.400
48 37 14158.200
48 38 18676.300
48 39 13504.800
48 40 17803.400
48 41 14630.600
48 42 12723.500
48 43 6016.500
48 44 14089.900
48 45 20184.800
48 46 5204.500
48 47 12632.700
48 48 0.000
48 49 16048.400
48 50 12956.400
48 51 8363.300
48 52 9036.500
48 53 19967.700
48 54 12512.500
48 55 20089.400
48 56 11452.700
48 57 8559.300
48 58 17445.500
48 59 22569.200
48 60 12562.700
48 61 9158.500
48 62 11451.700
48 63 15317.600
48 64 8035.800
48 65 6429.500
48 66 15501.900
48 67 14027.400
48 68 5253.400
48 69 1514.400
48 70 6817.500
48 71 21370.800
48 72 17874.900
48 73 10104.500
48 74 10325.300
48 75 5320.300
48 76 8950.900
48 77 2955.100
48 78 19745.900
48 79 11004.300
48 80 1108.700
48 81 14484.000
48 82 8155.500
48 83 5850.900
48 84 3539.800
48 85 18041.700
48 86 13835.500
48 87 3546.500
48 88 11095.300
48 89 5518.200
48 90 14491.800
48 91 21448.900
48 92 16758.100
48 93 13653.600
48 94 17111.200
48 95 5138.900
48 96 10977.900
48 97 16820.100
48 98 16043.400
48 99 18660.600
48 100 12894.700
49 0 8687.400
49 1 4476.600
49 2 11321.800
49 3 15454.000
49 4 6812.600
49 5 9476.300
49 6 11141.900
49 7 8588.400
49 8 17245.000
49 9 15498.700
49 10 3285.900
49 11 8763.400
49 12 7742.000
49 13 1976.500
49 14 2402.000
49 15 7724.300
49 16 3933.800
49 17 10684.200
49 18 7216.800
49 19 7817.900
49 20 3108.400
49 21 5627.800
49 22 4330.400
49 23 10156.100
49 24 11116.800
49 25 7163.400
49 26 9435.700
49 27 16030.700
49 28 9787.300
49 29 2957.600
49 30 9962.000
49 31 6723.100
49 32 4866.600
49 33 8236.200
49 34 7136.300
49 35 4929.400
49 36 6969.300
49 37 7042.700
49 38 8114.800
49 39 4305.500
49 40 5432.400
49 41 9559.800
49 42 9543.400
49 43 14147.100
49 44 7254.100
49 45 11318.300
49 46 13746.700
49 47 9040.600
49 48 15134.900
49 49 0.000
49 50 3415.600
49 51 10496.400
49 52 7597.000
49 53 12190.100
49 54 6483.700
49 55 11222.900
49 56 9259.500
49 57 9785.100
49 58 7347.600
49 59 13702.700
49 60 6865.100
49 61 11164.600
49 62 5712.900
49 63 1360.800
49 64 10895.200
49 65 10540.100
49 66 7726.000
49 67 8956.600
49 68 14926.700
49 69 14721.600
49 70 9895.800
49 71 12504.300
49 72 9008.300
49 73 8651.000
49 74 7911.300
49 75 13701.800
49 76 10093.800
49 77 17623.700
49 78 9489.900
49 79 6684.400
49 80 16243.600
49 81 9272.000
49 82 8738.300
49 83 12986.600
49 84 17142.000
49 85 12970.900
49 86 4547.300
49 87 15940.600
49 88 7141.300
49 89 11782.100
49 90 4027.600
49 91 12582.300
49 92 8718.000
49 93 6439.400
49 94 2199.500
49 95 15021.800
49 96 4871.200
49 97 10313.100
49 98 1493.000
49 99 10882.900
49 100 6198.000
50 0 5558.800
50 1 2874.800
50 2 8193.300
50 3 12210.500
50 4 4509.600
50 5 7291.300
50 6 7842.900
50 7 8196.900
50 8 14001.500
50 9 12370.200
50 10 2882.100
50 11 9555.900
50 12 5632.900
50 13 2294.500
50 14 1524.100
50 15 5796.400
50 16 4584.500
50 17 8044.400
50 18 8038.100
50 19 7350.600
50 20 2018.800
50 21 6407.500
50 22 3661.000
50 23 8367.300
50 24 10820.300
50 25 7984.800
50 26 9139.200
50 27 12902.200
50 28 6686.000
50 29 777.100
50 30 10170.300
50 31 4614.000
50 32 2886.100
50 33 4937.100
50 34 7957.600
50 35 1903.100
50 36 3725.800
50 37 6052.200
50 38 8936.200
50 39 2325.000
50 40 6212.100
50 41 7450.800
50 42 7754.700
50 43 11018.500
50 44 6721.100
50 45 12110.700
50 46 10618.100
50 47 7112.700
50 48 11891.400
50 49 3295.500
50 50 0.000
50 51 7367.900
50 52 4373.900
50 53 11893.600
50 54 3862.600
50 55 12015.300
50 56 7470.700
50 57 6363.300
50 58 8169.000
50 59 14495.100
50 60 5076.300
50 61 8036.000
50 62 3924.100
50 63 3698.200
50 64 7766.600
50 65 7241.000
50 66 7420.300
50 67 6847.600
50 68 11798.100
50 69 11478.100
50 70 6596.800
50 71 13296.700
50 72 9800.800
50 73 5522.500
50 74 6160.900
50 75 11174.600
50 76 6965.300
50 77 14495.200
50 78 10311.200
50 79 5082.700
50 80 13000.100
50 81 7228.600
50 82 5316.500
50 83 9876.200
50 84 13898.500
50 85 10861.900
50 86 2758.500
50 87 12812.000
50 88 5213.300
50 89 8483.000
50 90 4006.800
50 91 13374.700
50 92 8684.000
50 93 5572.000
50 94 4890.200
50 95 11893.300
50 96 3082.500
50 97 9640.200
50 98 3290.500
50 99 10586.400
50 100 4813.100
51 0 2228.200
51 1 8222.600
51 2 3614.600
51 3 4796.200
51 4 5613.100
51 5 4087.300
51 6 2925.000
51 7 9211.700
51 8 8407.500
51 9 6139.200
51 10 9055.900
51 11 10684.500
51 12 4668.800
51 13 8987.400
51 14 8615.100
51 15 8942.600
51 16 11421.400
51 17 5230.700
51 18 11673.500
51 19 7733.200
51 20 8192.600
51 21 12581.300
51 22 9834.800
51 23 6283.200
51 24 11275.800
51 25 11364.600
51 26 9242.700
51 27 8533.800
51 28 2349.000
51 29 8151.000
51 30 9474.000
51 31 6465.800
51 32 8580.800
51 33 4279.000
51 34 10464.500
51 35 7361.600
51 36 5828.100
51 37 6672.300
51 38 10180.500
51 39 8498.700
51 40 12385.900
51 41 6356.700
51 42 5670.600
51 43 6650.200
51 44 10646.900
51 45 13239.300
51 46 3443.700
51 47 9189.700
51 48 7381.000
51 49 10386.500
51 50 7510.800
51 51 0.000
51 52 3705.000
51 53 11098.900
51 54 7072.600
51 55 13143.900
51 56 4399.800
51 57 1777.200
51 58 11548.800
51 59 15623.700
51 60 4418.700
51 61 3663.400
51 62 4942.600
51 63 9871.900
51 64 3505.400
51 65 2323.200
51 66 9513.700
51 67 5883.500
51 68 6208.300
51 69 6706.700
51 70 2762.300
51 71 14425.300
51 72 10929.400
51 73 2016.100
51 74 6882.300
51 75 3232.300
51 76 2590.300
51 77 7465.300
51 78 12800.400
51 79 6231.900
51 80 7878.900
51 81 6340.100
51 82 2823.900
51 83 2701.800
51 84 9388.100
51 85 9897.800
51 86 8173.600
51 87 5637.500
51 88 7652.400
51 89 4022.100
51 90 11048.800
51 91 14503.300
51 92 8127.300
51 93 7290.000
51 94 11693.600
51 95 7524.900
51 96 5532.300
51 97 8676.100
51 98 10381.500
51 99 10520.700
51 100 7231.000
52 0 2775.500
52 1 4895.100
52 2 5409.900
52 3 7114.700
52 4 4792.900
52 5 3586.300
52 6 4137.900
52 7 8286.300
52 8 10303.200
52 9 8457.700
52 10 6821.100
52 11 9637.800
52 12 4562.800
52 13 6436.100
52 14 6280.200
52 15 6394.800
52 16 8093.900
52 17 6660.800
52 18 9322.500
52 19 7464.400
52 20 5641.300
52 21 10030.100
52 22 8453.200
52 23 7037.800
52 24 10902.200
52 25 9269.100
52 26 9221.100
52 27 10118.800
52 28 4313.600
52 29 5599.800
52 30 10252.200
52 31 4703.400
52 32 5375.500
52 33 2141.600
52 34 9242.000
52 35 4001.600
52 36 2038.800
52 37 6166.000
52 38 10684.100
52 39 5947.500
52 40 9834.600
52 41 6380.700
52 42 6425.200
52 43 8235.200
52 44 7319.400
52 45 12192.600
52 46 5762.100
52 47 7820.500
52 48 8193.100
52 49 8051.600
52 50 4959.500
52 51 3100.300
52 52 0.000
52 53 10992.900
52 54 4520.300
52 55 12097.200
52 56 5535.900
52 57 1927.800
52 58 9453.300
52 59 14577.000
52 60 4137.700
52 61 5252.700
52 62 3454.800
52 63 7320.700
52 64 4983.200
52 65 3536.100
52 66 7509.700
52 67 5777.500
52 68 9014.800
52 69 7779.800
52 70 2882.000
52 71 13378.600
52 72 9882.700
52 73 2739.100
52 74 5513.100
52 75 5550.800
52 76 4181.900
52 77 9783.800
52 78 11753.700
52 79 4094.500
52 80 9301.800
52 81 6103.400
52 82 881.100
52 83 5020.200
52 84 10200.200
52 85 9791.800
52 86 5838.700
52 87 7956.000
52 88 5811.700
52 89 4778.100
52 90 7721.300
52 91 13456.600
52 92 8765.900
52 93 5661.400
52 94 9142.300
52 95 9109.900
52 96 2981.100
52 97 8570.100
52 98 8046.600
52 99 10668.300
52 100 4902.500
53 0 9803.200
53 1 14937.600
53 2 12437.600
53 3 16215.100
53 4 8449.200
53 5 15298.500
53 6 14446.600
53 7 6517.100
53 8 19826.300
53 9 16614.500
53 10 14944.900
53 11 6386.600
53 12 7019.600
53 13 12446.600
53 14 12614.500
53 15 17159.700
53 16 17715.000
53 17 8314.900
53 18 8730.600
53 19 4964.000
53 20 14081.600
53 21 18470.300
53 22 15723.800
53 23 7109.200
53 24 3343.600
53 25 8630.800
53 26 4168.900
53 27 17146.500
53 28 9332.300
53 29 12327.700
53 30 3478.700
53 31 8071.600
53 32 14469.900
53 33 12944.400
53 34 7436.400
53 35 13250.600
53 36 11733.100
53 37 6374.900
53 38 7432.900
53 39 14387.800
53 40 18274.900
53 41 5059.800
53 42 6806.800
53 43 15262.900
53 44 18084.400
53 45 6028.500
53 46 14862.500
53 47 18476.000
53 48 18799.800
53 49 12959.600
53 50 13399.800
53 51 11612.200
53 52 12029.300
53 53 0.000
53 54 9516.600
53 55 8846.000
53 56 8062.900
53 57 13498.400
53 58 8815.000
53 59 6257.800
53 60 8408.700
53 61 10009.000
53 62 9513.800
53 63 14385.100
53 64 12010.900
53 65 13888.000
53 66 6926.000
53 67 6064.300
53 68 16042.500
53 69 18125.500
53 70 14604.000
53 71 4142.300
53 72 5586.100
53 73 9766.800
53 74 17189.600
53 75 14651.200
53 76 11209.600
53 77 18739.500
53 78 8502.500
53 79 14859.500
53 80 19297.700
53 81 6354.400
53 82 12910.300
53 83 14120.600
53 84 20806.900
53 85 2082.800
53 86 11098.300
53 87 17056.400
53 88 16576.600
53 89 15543.700
53 90 16069.600
53 91 4220.300
53 92 4335.200
53 93 6733.200
53 94 15980.600
53 95 16137.600
53 96 11421.400
53 97 2373.000
53 98 11457.300
53 99 4088.500
53 100 9530.400
54 0 4642.400
54 1 6034.400
54 2 7276.900
54 3 11566.200
54 4 1996.900
54 5 6395.300
54 6 6947.000
54 7 5490.200
54 8 13357.200
54 9 11453.800
54 10 6041.700
54 11 6849.200
54 12 2926.200
54 13 3973.100
54 14 3202.700
54 15 8256.500
54 16 8303.200
54 17 6528.200
54 18 6526.400
54 19 4668.300
54 20 5105.000
54 21 9997.200
54 22 6747.300
54 23 6000.100
54 24 8113.600
54 25 6473.100
54 26 6432.500
54 27 11985.800
54 28 5769.600
54 29 2916.000
54 30 7463.600
54 31 1907.300
54 32 5566.700
54 33 4041.200
54 34 6445.900
54 35 4347.400
54 36 2829.900
54 37 3370.000
54 38 6459.000
54 39 5484.600
54 40 9801.700
54 41 4744.100
54 42 5387.500
54 43 10102.200
54 44 9181.200
54 45 9404.000
54 46 9701.700
54 47 9572.800
54 48 11247.100
54 49 4974.100
54 50 4248.300
54 51 6451.500
54 52 3457.500
54 53 9186.900
54 54 0.000
54 55 9308.600
54 56 5103.500
54 57 5467.300
54 58 6657.300
54 59 11788.400
54 60 2709.100
54 61 7119.700
54 62 1556.900
54 63 5911.600
54 64 6850.200
54 65 6345.100
54 66 4713.600
54 67 4140.900
54 68 10881.700
54 69 10833.800
54 70 5700.800
54 71 10590.000
54 72 7094.100
54 73 4606.100
54 74 8286.400
54 75 10530.300
54 76 6048.900
54 77 13578.800
54 78 8965.100
54 79 5956.300
54 80 12355.800
54 81 4546.400
54 82 4420.600
54 83 8959.900
54 84 13254.200
54 85 8155.200
54 86 2445.900
54 87 11895.600
54 88 7673.400
54 89 7587.100
54 90 7093.000
54 91 10668.000
54 92 5977.300
54 93 2865.300
54 94 6568.800
54 95 10976.900
54 96 1914.800
54 97 6933.500
54 98 4969.100
54 99 7879.700
54 100 2106.400
55 0 11636.400
55 1 13554.500
55 2 14270.800
55 3 19774.500
55 4 9318.100
55 5 14862.300
55 6 15413.900
55 7 4508.400
55 8 21565.500
55 9 18447.700
55 10 13132.300
55 11 2881.200
55 12 8852.900
55 13 11054.400
55 14 12139.200
55 15 16723.500
55 16 15384.500
55 17 11629.600
55 18 6055.600
55 19 6132.000
55 20 12186.300
55 21 17078.500
55 22 13828.600
55 23 10423.900
55 24 7502.700
55 25 5080.100
55 26 5821.600
55 27 18979.700
55 28 11639.700
55 29 11852.400
55 30 6905.900
55 31 7916.100
55 32 14033.600
55 33 12508.100
55 34 4432.800
55 35 12814.400
55 36 11296.800
55 37 7268.000
55 38 3546.400
55 39 13951.500
55 40 16883.000
55 41 7367.200
55 42 10121.500
55 43 17096.100
55 44 17648.100
55 45 1992.200
55 46 16695.700
55 47 18039.800
55 48 19455.300
55 49 11567.400
55 50 12963.500
55 51 13445.400
55 52 11924.500
55 53 8576.000
55 54 9028.200
55 55 0.000
55 56 11690.500
55 57 13934.300
55 58 5264.300
55 59 2950.700
55 60 10345.600
55 61 12860.100
55 62 10030.100
55 63 12992.800
55 64 13844.200
55 65 14812.100
55 66 6015.500
55 67 7897.500
55 68 17875.700
55 69 19042.100
55 70 14167.800
55 71 3789.600
55 72 5344.100
55 73 11600.000
55 74 16753.300
55 75 18738.500
55 76 13042.800
55 77 20572.700
55 78 1962.400
55 79 14423.200
55 80 20564.000
55 81 8187.600
55 82 12887.500
55 83 15953.800
55 84 21462.500
55 85 9623.100
55 86 9769.300
55 87 18889.600
55 88 16140.400
55 89 16054.100
55 90 14174.300
55 91 4903.600
55 92 5419.700
55 93 7363.500
55 94 13650.100
55 95 17970.800
55 96 10985.100
55 97 7389.100
55 98 10065.100
55 99 7268.900
55 100 9042.000
56 0 3228.800
56 1 8574.400
56 2 4684.300
56 3 8461.800
56 4 4308.100
56 5 8224.000
56 6 6693.300
56 7 7827.500
56 8 12082.000
56 9 7780.700
56 10 8581.700
56 11 8536.800
56 12 3284.600
56 13 8513.200
56 14 7532.600
56 15 10780.500
56 16 10284.100
56 17 2025.500
56 18 10289.200
56 19 6349.000
56 20 7718.400
56 21 12107.100
56 22 9360.600
56 23 2101.900
56 24 8794.000
56 25 10781.000
56 26 6761.000
56 27 8312.700
56 28 2190.400
56 29 7676.800
56 30 6992.300
56 31 5081.500
56 32 8106.600
56 33 6565.200
56 34 9586.600
56 35 6887.400
56 36 5353.900
56 37 5288.100
56 38 9583.100
56 39 8024.500
56 40 11911.700
56 41 3959.200
56 42 1489.300
56 43 6571.000
56 44 11705.200
56 45 11091.700
56 46 7109.200
56 47 12096.800
56 48 11046.500
56 49 9304.100
56 50 7036.600
56 51 4184.200
56 52 5177.300
56 53 8326.000
56 54 5743.300
56 55 10996.200
56 56 0.000
56 57 6070.400
56 58 10965.200
56 59 13476.000
56 60 3113.700
56 61 3005.500
56 62 4468.400
56 63 9397.700
56 64 4226.900
56 65 6459.900
56 66 8129.500
56 67 4098.700
56 68 8262.800
56 69 10372.300
56 70 6899.000
56 71 12277.600
56 72 8781.700
56 73 3192.500
56 74 10810.400
56 75 6897.900
56 76 3086.500
56 77 9905.700
56 78 10652.700
56 79 8480.300
56 80 11553.400
56 81 4945.400
56 82 6058.400
56 83 6367.300
56 84 13053.600
56 85 6814.300
56 86 7091.200
56 87 9303.100
56 88 10197.500
56 89 7790.400
56 90 9706.300
56 91 12355.700
56 92 5979.700
56 93 5905.700
56 94 10898.800
56 95 7303.800
56 96 5058.100
56 97 5903.200
56 98 9299.000
56 99 8039.000
56 100 5846.800
57 0 3717.700
57 1 5255.300
57 2 3836.100
57 3 5017.700
57 4 6174.500
57 5 4154.500
57 6 2992.200
57 7 9667.800
57 8 8628.900
57 9 6360.600
57 10 7181.400
57 11 11019.300
57 12 5738.500
57 13 7938.100
57 14 7661.700
57 15 6755.000
57 16 8454.100
57 17 6300.300
57 18 10704.000
57 19 8802.800
57 20 6720.600
57 21 11588.600
57 22 8813.500
57 23 7352.900
57 24 12283.700
57 25 10650.700
57 26 10602.700
57 27 8944.000
57 28 3418.700
57 29 6981.300
57 30 10543.700
57 31 6084.900
57 32 6371.700
57 33 2501.800
57 34 10623.500
57 35 5383.200
57 36 3420.400
57 37 7741.900
57 38 12065.600
57 39 7094.500
57 40 11393.200
57 41 7426.400
57 42 6740.300
57 43 6999.900
57 44 7679.600
57 45 13574.200
57 46 3665.100
57 47 7978.200
57 48 7602.400
57 49 9433.100
57 50 6341.000
57 51 1662.600
57 52 1927.800
57 53 12168.600
57 54 5901.900
57 55 13478.700
57 56 5469.500
57 57 0.000
57 58 10834.900
57 59 15958.500
57 60 5080.000
57 61 4849.500
57 62 4836.400
57 63 8822.700
57 64 3726.800
57 65 2390.400
57 66 8891.200
57 67 6953.200
57 68 6429.800
57 69 6928.100
57 70 2818.800
57 71 14760.100
57 72 11264.200
57 73 3681.400
57 74 5670.800
57 75 3453.800
57 76 3506.800
57 77 7686.800
57 78 13135.200
57 79 4454.800
57 80 8100.300
57 81 7409.800
57 82 1046.800
57 83 2923.200
57 84 9609.500
57 85 10967.500
57 86 7220.200
57 87 5859.000
57 88 6171.900
57 89 4089.300
57 90 8081.500
57 91 14838.200
57 92 9197.000
57 93 7042.900
57 94 10700.900
57 95 7935.100
57 96 4362.600
57 97 9745.800
57 98 9747.200
57 99 12049.900
57 100 6284.000
58 0 10318.500
58 1 9468.400
58 2 12953.000
58 3 17124.700
58 4 6699.800
58 5 12212.500
58 6 12764.100
58 7 3411.600
58 8 18915.700
58 9 17129.900
58 10 9046.100
58 11 2997.900
58 12 7629.200
58 13 6968.200
58 14 7393.800
58 15 12390.000
58 16 11298.400
58 17 10926.100
58 18 1969.500
58 19 4673.500
58 20 8100.200
58 21 12992.400
58 22 9742.500
58 23 9720.500
58 24 6799.300
58 25 1104.400
58 26 5118.200
58 27 17661.900
58 28 10936.200
58 29 7949.400
58 30 6202.500
58 31 6034.900
58 32 9858.400
58 33 9858.400
58 34 1642.700
58 35 10164.600
58 36 8647.000
58 37 5355.500
58 38 2097.900
58 39 9297.200
58 40 12796.900
58 41 6663.800
58 42 9418.000
58 43 15778.300
58 44 13314.600
58 45 5552.700
58 46 15377.800
58 47 13706.300
58 48 16805.600
58 49 7481.300
58 50 8407.400
58 51 12127.600
58 52 9274.700
58 53 7872.600
58 54 6370.900
58 55 5457.300
58 56 10987.000
58 57 11284.500
58 58 0.000
58 59 7937.100
58 60 7727.400
58 61 12156.600
58 62 7372.800
58 63 8906.700
58 64 12526.300
58 65 12162.300
58 66 3292.600
58 67 7194.000
58 68 16557.800
58 69 16392.300
58 70 11518.000
58 71 6738.700
58 72 3866.300
58 73 10282.200
58 74 12754.400
58 75 16088.700
58 76 11725.000
58 77 19744.300
58 78 3440.000
58 79 11676.200
58 80 17914.300
58 81 7484.200
58 82 10237.700
58 83 14636.000
58 84 18812.700
58 85 8919.600
58 86 5683.200
58 87 17571.700
58 88 11806.900
58 89 13404.300
58 90 10088.200
58 91 6816.800
58 92 4716.200
58 93 5450.900
58 94 9564.000
58 95 16653.000
58 96 8335.300
58 97 6685.600
58 98 5979.000
58 99 6565.400
58 100 6085.200
59 0 13792.000
59 1 15710.100
59 2 16426.500
59 3 21930.100
59 4 11473.700
59 5 17017.900
59 6 17569.600
59 7 6664.100
59 8 23721.100
59 9 20603.400
59 10 15287.900
59 11 5036.900
59 12 11008.500
59 13 13210.000
59 14 14294.800
59 15 18879.100
59 16 17540.100
59 17 13785.200
59 18 8211.200
59 19 8287.600
59 20 14342.000
59 21 19234.100
59 22 15984.200
59 23 12579.600
59 24 9658.300
59 25 7235.700
59 26 7977.300
59 27 21135.400
59 28 13795.300
59 29 14008.000
59 30 9061.600
59 31 10071.700
59 32 16189.200
59 33 14663.800
59 34 6588.400
59 35 14970.000
59 36 13452.500
59 37 9423.700
59 38 5702.100
59 39 16107.100
59 40 19038.700
59 41 9522.800
59 42 12277.100
59 43 19251.700
59 44 19803.800
59 45 2379.500
59 46 18851.300
59 47 20195.400
59 48 21611.000
59 49 13723.000
59 50 15119.200
59 51 15601.100
59 52 14080.100
59 53 7940.300
59 54 11183.800
59 55 2935.600
59 56 13846.100
59 57 16089.900
59 58 7419.900
59 59 0.000
59 60 12501.300
59 61 15015.700
59 62 12185.700
59 63 15148.500
59 64 15999.800
59 65 16967.700
59 66 8171.100
59 67 10053.100
59 68 20031.300
59 69 21197.700
59 70 16323.400
59 71 2197.600
59 72 7499.800
59 73 13755.700
59 74 18909.000
59 75 20894.200
59 76 15198.500
59 77 22728.400
59 78 4118.000
59 79 16578.900
59 80 22719.700
59 81 10343.300
59 82 15043.100
59 83 18109.400
59 84 23618.100
59 85 11778.700
59 86 11925.000
59 87 21045.200
59 88 18296.000
59 89 18209.700
59 90 16330.000
59 91 3311.600
59 92 7575.300
59 93 9519.100
59 94 15805.800
59 95 20126.500
59 96 13140.700
59 97 9544.700
59 98 12220.700
59 99 9424.500
59 100 11197.700
60 0 2955.800
60 1 7128.600
60 2 5590.200
60 3 9367.700
60 4 1090.900
60 5 7489.500
60 6 7599.200
60 7 5444.500
60 8 12978.900
60 9 9767.100
60 10 7135.900
60 11 7530.500
60 12 1122.700
60 13 5550.900
60 14 4780.500
60 15 9350.700
60 16 9881.000
60 17 4952.500
60 18 7230.200
60 19 3965.900
60 20 6272.500
60 21 11575.000
60 22 7914.800
60 23 4424.500
60 24 7729.600
60 25 7176.900
60 26 5696.600
60 27 10299.100
60 28 4055.700
60 29 4493.800
60 30 5927.900
60 31 2420.800
60 32 6660.800
60 33 5135.400
60 34 7149.700
60 35 5441.600
60 36 3924.100
60 37 2905.100
60 38 6413.200
60 39 6578.700
60 40 11379.600
60 41 2940.500
60 42 3811.800
60 43 8415.500
60 44 10275.400
60 45 10085.300
60 46 8015.100
60 47 10667.000
60 48 12089.600
60 49 6551.900
60 50 5590.700
60 51 4764.800
60 52 5131.700
60 53 7552.800
60 54 2991.200
60 55 9989.900
60 56 3527.900
60 57 6187.900
60 58 7361.000
60 59 12469.700
60 60 0.000
60 61 5433.000
60 62 1674.800
60 63 7489.400
60 64 5163.600
60 65 7040.600
60 66 5394.900
60 67 2337.400
60 68 9195.100
60 69 11676.400
60 70 6795.000
60 71 11271.300
60 72 7775.400
60 73 2919.400
60 74 9380.600
60 75 7803.800
60 76 4362.200
60 77 11892.100
60 78 9646.400
60 79 7050.500
60 80 12450.300
60 81 2652.700
60 82 5514.700
60 83 7273.200
60 84 14096.800
60 85 6351.700
60 86 4339.000
60 87 10209.000
60 88 8767.600
60 89 8696.300
60 90 8260.500
60 91 11349.400
60 92 4581.200
60 93 3274.700
60 94 8146.600
60 95 9290.200
60 96 3612.300
60 97 5130.000
60 98 6546.900
60 99 6974.600
60 100 2787.700
61 0 4022.600
61 1 9347.200
61 2 1678.900
61 3 5456.300
61 4 5911.700
61 5 5804.500
61 6 3687.900
61 7 9510.400
61 8 9067.500
61 9 5829.300
61 10 9354.500
61 11 10983.100
61 12 4967.500
61 13 9286.000
61 14 8913.700
61 15 10659.800
61 16 11057.000
61 17 3412.700
61 18 11972.100
61 19 8031.800
61 20 8491.200
61 21 12880.000
61 22 10133.400
61 23 4465.300
61 24 11574.400
61 25 11663.200
61 26 9541.400
61 27 6361.300
61 28 1319.400
61 29 8449.700
61 30 9772.700
61 31 6764.400
61 32 8879.500
61 33 6961.200
61 34 10763.100
61 35 7660.300
61 36 6126.800
61 37 6970.900
61 38 10479.100
61 39 8797.400
61 40 12684.500
61 41 5656.000
61 42 3852.700
61 43 4477.700
61 44 12364.100
61 45 13538.000
61 46 4103.700
61 47 10906.900
61 48 8041.100
61 49 10685.100
61 50 7809.400
61 51 3543.900
61 52 5667.800
61 53 11397.600
61 54 7371.200
61 55 13442.500
61 56 2581.900
61 57 3740.000
61 58 11847.400
61 59 15922.300
61 60 4717.400
61 61 0.000
61 62 5241.200
61 63 10170.600
61 64 1221.400
61 65 4040.400
61 66 9812.300
61 67 6182.100
61 68 5257.300
61 69 7366.800
61 70 5030.100
61 71 14723.900
61 72 11228.000
61 73 3986.200
61 74 8599.500
61 75 3892.400
61 76 1105.600
61 77 7954.300
61 78 13099.000
61 79 9484.300
61 80 8539.000
61 81 6638.800
61 82 4786.700
61 83 3361.900
61 84 10048.200
61 85 10196.500
61 86 8472.200
61 87 6297.600
61 88 9369.500
61 89 4785.000
61 90 10479.200
61 91 14802.000
61 92 8426.000
61 93 7588.600
61 94 11992.300
61 95 5352.400
61 96 5831.000
61 97 8974.800
61 98 10680.100
61 99 10819.400
61 100 7529.600
62 0 3391.400
62 1 5532.300
62 2 6025.900
62 3 10795.500
62 4 1362.100
62 5 5876.300
62 6 6427.900
62 7 5337.400
62 8 12586.500
62 9 10202.800
62 10 5539.600
62 11 7232.000
62 12 2511.300
62 13 4664.600
62 14 3894.200
62 15 7737.400
62 16 7242.000
62 17 5747.900
62 18 6931.700
62 19 4203.100
62 20 4676.300
62 21 9065.000
62 22 6318.500
62 23 5219.800
62 24 8496.400
62 25 6878.400
62 26 6815.300
62 27 10734.800
62 28 4851.000
62 29 3607.500
62 30 6347.200
62 31 2076.900
62 32 5064.500
62 33 3522.100
62 34 6851.200
62 35 3845.300
62 36 2310.800
62 37 2904.700
62 38 6306.100
62 39 4982.400
62 40 8869.600
62 41 4329.100
62 42 4607.200
62 43 8851.200
62 44 8662.100
62 45 9786.900
62 46 8450.800
62 47 9053.700
62 48 10476.400
62 49 5665.600
62 50 3994.500
62 51 5200.500
62 52 2738.100
62 53 8941.400
62 54 2132.900
62 55 9691.400
62 56 4323.200
62 57 4948.200
62 58 7062.600
62 59 12171.200
62 60 1928.800
62 61 5868.700
62 62 0.000
62 63 6355.700
62 64 5599.200
62 65 5826.000
62 66 5096.500
62 67 3725.900
62 68 9630.700
62 69 10063.100
62 70 5181.700
62 71 10972.800
62 72 7476.900
62 73 3355.100
62 74 7767.300
62 75 8239.400
62 76 4797.900
62 77 12327.800
62 78 9347.900
62 79 5437.200
62 80 11585.100
62 81 4081.100
62 82 3901.500
62 83 7708.900
62 84 12483.500
62 85 7740.200
62 86 3452.700
62 87 10644.600
62 88 7154.400
62 89 7068.000
62 90 6664.300
62 91 11050.900
62 92 5103.200
62 93 2930.700
62 94 7260.300
62 95 9725.900
62 96 2016.000
62 97 6518.600
62 98 5660.600
62 99 8262.600
62 100 2489.200
63 0 8010.800
63 1 3526.800
63 2 10645.200
63 3 14662.500
63 4 6633.700
63 5 8526.400
63 6 10192.100
63 7 9478.100
63 8 16453.500
63 9 14822.100
63 10 1925.100
63 11 9653.200
63 12 7757.100
63 13 2311.800
63 14 2737.400
63 15 4961.100
63 16 2555.100
63 17 10496.300
63 18 8106.500
63 19 8707.600
63 20 2158.600
63 21 4378.100
63 22 1631.600
63 23 10491.400
63 24 12006.500
63 25 8053.200
63 26 10325.500
63 27 15354.100
63 28 9137.900
63 29 3293.000
63 30 10851.700
63 31 6738.200
63 32 3916.700
63 33 7286.300
63 34 8026.000
63 35 4355.100
63 36 6177.800
63 37 7932.400
63 38 9004.600
63 39 3355.600
63 40 4182.600
63 41 9574.900
63 42 9878.800
63 43 13470.500
63 44 5580.500
63 45 12208.000
63 46 13070.100
63 47 6277.400
63 48 14343.300
63 49 1033.400
63 50 3751.000
63 51 9819.800
63 52 6825.900
63 53 13079.800
63 54 5986.700
63 55 12112.600
63 56 9594.900
63 57 8835.300
63 58 8237.400
63 59 14592.400
63 60 7200.500
63 61 10488.000
63 62 6048.300
63 63 0.000
63 64 10218.500
63 65 9590.200
63 66 8615.800
63 67 8971.700
63 68 14250.100
63 69 13930.100
63 70 8946.000
63 71 13394.000
63 72 9898.100
63 73 7974.400
63 74 5148.100
63 75 12751.900
63 76 9417.200
63 77 16947.100
63 78 10379.600
63 79 5734.600
63 80 15452.000
63 81 9352.800
63 82 7788.500
63 83 12036.800
63 84 16350.500
63 85 12986.000
63 86 4882.700
63 87 15264.000
63 88 4378.100
63 89 10832.200
63 90 1977.300
63 91 13472.100
63 92 9607.700
63 93 7329.100
63 94 2628.200
63 95 14345.200
63 96 5206.600
63 97 11202.900
63 98 2595.400
63 99 11772.700
63 100 7087.800
64 0 4304.500
64 1 9085.700
64 2 824.800
64 3 4087.400
64 4 6193.600
64 5 4950.400
64 6 2833.800
64 7 9792.300
64 8 7698.600
64 9 5270.300
64 10 9636.400
64 11 11265.000
64 12 5249.400
64 13 9567.900
64 14 9195.600
64 15 9805.700
64 16 12284.500
64 17 4720.200
64 18 12254.000
64 19 8313.700
64 20 8773.100
64 21 13161.900
64 22 10415.300
64 23 5772.700
64 24 11856.300
64 25 11945.100
64 26 9823.300
64 27 5802.300
64 28 2434.600
64 29 8731.600
64 30 10054.600
64 31 7046.300
64 32 9161.400
64 33 6107.100
64 34 11045.000
64 35 7942.200
64 36 6408.600
64 37 7252.800
64 38 10761.000
64 39 9079.300
64 40 12966.400
64 41 7067.200
64 42 5160.100
64 43 3918.700
64 44 11510.000
64 45 13819.900
64 46 2734.800
64 47 10052.800
64 48 6672.100
64 49 10967.000
64 50 8091.300
64 51 2689.800
64 52 4813.700
64 53 11679.400
64 54 7653.100
64 55 13724.400
64 56 3889.300
64 57 2885.900
64 58 12129.300
64 59 16204.200
64 60 4999.300
64 61 1595.100
64 62 5523.100
64 63 10452.500
64 64 0.000
64 65 3186.300
64 66 10094.200
64 67 6464.000
64 68 4698.300
64 69 5997.800
64 70 4176.000
64 71 15005.800
64 72 11509.900
64 73 4268.100
64 74 7745.400
64 75 2523.500
64 76 1387.500
64 77 7395.300
64 78 13380.900
64 79 8630.200
64 80 7170.000
64 81 6920.600
64 82 3932.700
64 83 1992.900
64 84 8679.200
64 85 10478.300
64 86 8754.100
64 87 4928.600
64 88 8515.500
64 89 3930.900
64 90 10761.100
64 91 15083.900
64 92 8707.900
64 93 7870.500
64 94 12274.100
64 95 4793.400
64 96 6112.900
64 97 9256.600
64 98 10962.000
64 99 11101.300
64 100 7811.500
65 0 4534.100
65 1 5923.800
65 2 3878.600
65 3 4282.800
65 4 7254.400
65 5 1788.500
65 6 601.900
65 7 10747.800
65 8 7229.100
65 9 6758.100
65 10 7849.800
65 11 12099.300
65 12 6974.700
65 13 8606.600
65 14 8741.700
65 15 6643.800
65 16 9122.600
65 17 8017.100
65 18 11784.000
65 19 9925.900
65 20 7389.100
65 21 12257.100
65 22 9481.900
65 23 9069.700
65 24 13363.700
65 25 11730.600
65 26 11682.600
65 27 8931.600
65 28 4654.900
65 29 8061.300
65 30 12713.700
65 31 7164.900
65 32 7040.200
65 33 2945.100
65 34 11703.500
65 35 6463.100
65 36 4500.300
65 37 8627.500
65 38 13145.600
65 39 7763.000
65 40 12061.600
65 41 8662.600
65 42 8457.100
65 43 7048.000
65 44 8348.100
65 45 14654.100
65 46 4062.500
65 47 6890.900
65 48 5119.000
65 49 10420.700
65 50 7421.000
65 51 2580.700
65 52 3500.400
65 53 13404.800
65 54 6981.800
65 55 14558.700
65 56 7186.300
65 57 2388.500
65 58 11914.800
65 59 17038.500
65 60 6724.600
65 61 4892.100
65 62 5916.300
65 63 9491.100
65 64 3769.400
65 65 0.000
65 66 9971.200
65 67 8189.400
65 68 6827.200
65 69 4705.700
65 70 1014.100
65 71 15840.100
65 72 12344.200
65 73 4322.000
65 74 4583.500
65 75 3161.700
65 76 4684.400
65 77 8084.200
65 78 14215.200
65 79 5468.200
65 80 6227.700
65 81 8646.000
65 82 2619.400
65 83 2446.500
65 84 7126.100
65 85 12203.700
65 86 8300.200
65 87 6256.400
65 88 5353.500
65 89 1699.000
65 90 8750.000
65 91 15918.100
65 92 11227.400
65 93 8122.900
65 94 11369.400
65 95 7922.700
65 96 5442.600
65 97 10982.000
65 98 10415.600
65 99 13129.800
65 100 7364.000
66 0 7442.500
66 1 9078.000
66 2 10077.000
66 3 14351.100
66 4 3823.800
66 5 9438.900
66 6 9990.500
66 7 1642.500
66 8 16142.100
66 9 14253.900
66 10 8922.500
66 11 3161.600
66 12 4795.600
66 13 6844.600
66 14 6402.300
66 15 11300.100
66 16 11174.700
66 17 9474.100
66 18 2388.600
66 19 2750.400
66 20 7976.500
66 21 12868.700
66 22 9618.800
66 23 8268.500
66 24 6016.500
66 25 2335.300
66 26 4335.400
66 27 14785.800
66 28 8287.700
66 29 6115.500
66 30 4894.500
66 31 2474.600
66 32 8610.200
66 33 7084.800
66 34 1802.200
66 35 7391.000
66 36 5873.400
66 37 2673.100
66 38 2513.000
66 39 8528.100
66 40 12673.200
66 41 5413.600
66 42 7966.000
66 43 12902.200
66 44 12224.700
66 45 5716.500
66 46 12501.800
66 47 12616.400
66 48 14032.000
66 49 7357.600
66 50 7540.100
66 51 9251.600
66 52 6501.100
66 53 7089.800
66 54 3597.300
66 55 5621.000
66 56 8014.600
66 57 8510.900
66 58 2519.400
66 59 8100.800
66 60 4851.400
66 61 9919.700
66 62 4551.500
66 63 8783.000
66 64 9650.300
66 65 9388.700
66 66 0.000
66 67 4810.400
66 68 13681.800
66 69 13618.700
66 70 8744.400
66 71 6902.400
66 72 3406.500
66 73 7406.200
66 74 11329.900
66 75 13315.100
66 76 8849.000
66 77 16970.600
66 78 5277.500
66 79 8999.900
66 80 15140.700
66 81 4435.900
66 82 7464.100
66 83 11759.900
66 84 16039.100
66 85 8824.700
66 86 4520.500
66 87 14695.700
66 88 10717.000
66 89 10630.700
66 90 9964.500
66 91 6980.500
66 92 3880.200
66 93 2069.800
66 94 9440.300
66 95 13777.000
66 96 5561.700
66 97 5245.600
66 98 5855.300
66 99 5782.700
66 100 3611.100
67 0 3738.900
67 1 8933.000
67 2 6373.300
67 3 10150.800
67 4 2384.900
67 5 9293.900
67 6 8382.300
67 7 4349.100
67 8 13762.000
67 9 10550.300
67 10 8940.300
67 11 5421.900
67 12 955.400
67 13 7320.600
67 14 6550.200
67 15 11155.100
67 16 11650.700
67 17 5463.600
67 18 6719.900
67 19 2870.600
67 20 8077.000
67 21 12465.700
67 22 9719.200
67 23 4257.900
67 24 6013.200
67 25 6502.000
67 26 3980.100
67 27 11082.200
67 28 4448.400
67 29 6263.500
67 30 4211.400
67 31 2007.300
67 32 8465.200
67 33 6939.800
67 34 5601.900
67 35 7246.000
67 36 5728.500
67 37 1879.600
67 38 5317.900
67 39 8383.100
67 40 12270.300
67 41 1224.100
67 42 3955.500
67 43 9198.600
67 44 12079.800
67 45 7976.700
67 46 8798.200
67 47 12471.400
67 48 12735.500
67 49 8321.600
67 50 7395.200
67 51 5547.900
67 52 5965.000
67 53 5836.300
67 54 3452.300
67 55 7881.300
67 56 4311.000
67 57 7434.200
67 58 6686.200
67 59 10361.100
67 60 2344.400
67 61 6216.100
67 62 3449.500
67 63 9259.100
67 64 5946.700
67 65 7823.700
67 66 4695.600
67 67 0.000
67 68 9978.200
67 69 12061.300
67 70 8262.800
67 71 9162.700
67 72 5666.800
67 73 3702.600
67 74 11185.000
67 75 8586.900
67 76 5145.300
67 77 12675.200
67 78 7537.800
67 79 8854.900
67 80 13233.400
67 81 1371.900
67 82 6846.000
67 83 8056.300
67 84 14742.600
67 85 4635.200
67 86 5034.000
67 87 10992.100
67 88 10572.000
67 89 9479.400
67 90 10064.900
67 91 9240.800
67 92 2864.700
67 93 2497.300
67 94 9916.300
67 95 10073.300
67 96 5416.700
67 97 3413.500
67 98 7294.000
67 99 5258.100
67 100 3466.200
68 0 8293.800
68 1 12432.900
68 2 5893.700
68 3 3162.200
68 4 10182.900
68 5 8297.500
68 6 6180.900
68 7 13781.600
68 8 5276.500
68 9 3104.500
68 10 13625.700
68 11 15254.300
68 12 9238.700
68 13 13557.200
68 14 13184.900
68 15 13152.900
68 16 15631.700
68 17 8684.300
68 18 16243.300
68 19 12303.000
68 20 12762.400
68 21 17151.200
68 22 14404.600
68 23 8204.600
68 24 15845.600
68 25 15934.400
68 26 13812.600
68 27 3636.500
68 28 6420.200
68 29 12720.900
68 30 14043.900
68 31 11035.600
68 32 13150.700
68 33 9454.200
68 34 15034.300
68 35 11931.500
68 36 10398.000
68 37 11242.100
68 38 14750.300
68 39 13068.600
68 40 16955.700
68 41 11056.500
68 42 9124.300
68 43 1752.900
68 44 14857.200
68 45 17809.200
68 46 3010.700
68 47 13400.000
68 48 6201.100
68 49 14956.300
68 50 12080.600
68 51 6169.400
68 52 8293.300
68 53 15668.800
68 54 11642.400
68 55 17713.700
68 56 7853.500
68 57 6365.500
68 58 16118.600
68 59 20193.500
68 60 8988.600
68 61 5559.300
68 62 9512.400
68 63 14441.800
68 64 4851.000
68 65 6533.500
68 66 14083.500
68 67 10453.300
68 68 0.000
68 69 5399.600
68 70 7523.200
68 71 18995.100
68 72 15499.200
68 73 8257.400
68 74 11092.600
68 75 5306.600
68 76 5373.000
68 77 5229.500
68 78 17370.200
68 79 11977.300
68 80 4748.000
68 81 10910.000
68 82 7412.300
68 83 4776.100
68 84 8400.400
68 85 14467.600
68 86 12743.400
68 87 2506.600
68 88 11862.600
68 89 7278.000
68 90 14750.400
68 91 19073.200
68 92 12697.200
68 93 11859.800
68 94 16263.400
68 95 2627.600
68 96 10102.200
68 97 13246.000
68 98 14951.300
68 99 15090.600
68 100 11800.800
69 0 10512.500
69 1 10249.200
69 2 6789.700
69 3 2088.200
69 4 11368.800
69 5 5638.600
69 6 3983.500
69 7 14862.100
69 8 4057.700
69 9 5070.200
69 10 12175.300
69 11 16213.600
69 12 11457.400
69 13 13016.600
69 14 12860.700
69 15 10969.200
69 16 13448.000
69 17 10928.200
69 18 15898.300
69 19 14040.200
69 20 11714.500
69 21 16582.500
69 22 13807.400
69 23 11980.800
69 24 17478.000
69 25 15845.000
69 26 15797.000
69 27 6177.100
69 28 8642.600
69 29 12180.200
69 30 16828.000
69 31 11279.200
69 32 11365.600
69 33 7064.900
69 34 15817.800
69 35 11390.900
69 36 8620.100
69 37 12741.900
69 38 17259.900
69 39 12088.400
69 40 16387.000
69 41 13275.300
69 42 11368.200
69 43 5816.200
69 44 12673.500
69 45 18768.500
69 46 3755.500
69 47 11216.300
69 48 1947.500
69 49 14632.100
69 50 11540.000
69 51 7655.100
69 52 7620.200
69 53 18551.300
69 54 11096.100
69 55 18673.000
69 56 10097.400
69 57 7240.900
69 58 16029.100
69 59 21152.800
69 60 11207.300
69 61 7803.200
69 62 10035.300
69 63 13901.200
69 64 6680.400
69 65 5013.100
69 66 14085.500
69 67 12672.100
69 68 5139.300
69 69 0.000
69 70 5401.100
69 71 19954.400
69 72 16458.500
69 73 10476.200
69 74 8908.900
69 75 3904.000
69 76 7595.500
69 77 5177.400
69 78 18329.500
69 79 9588.000
69 80 3056.200
69 81 13128.700
69 82 6739.100
69 83 4434.500
69 84 3954.600
69 85 16686.400
69 86 12419.200
69 87 4568.500
69 88 9679.000
69 89 4101.900
69 90 13075.400
69 91 20032.500
69 92 15341.800
69 93 12237.200
69 94 15694.800
69 95 6644.700
69 96 9561.600
69 97 15464.700
69 98 14627.000
69 99 17244.200
69 100 11478.300
70 0 4964.400
70 1 5370.700
70 2 4655.700
70 3 5837.300
70 4 6495.700
70 5 1515.700
70 6 2040.400
70 7 9989.000
70 8 8205.600
70 9 7180.200
70 10 7296.800
70 11 11340.500
70 12 7425.000
70 13 8053.500
70 14 7982.900
70 15 6090.700
70 16 8569.600
70 17 7966.900
70 18 11025.200
70 19 9167.100
70 20 6836.100
70 21 11704.100
70 22 8928.900
70 23 9019.400
70 24 12604.900
70 25 10971.900
70 26 10923.900
70 27 10212.000
70 28 5085.200
70 29 7302.500
70 30 11954.900
70 31 6406.100
70 32 6487.200
70 33 2186.400
70 34 10944.700
70 35 5704.400
70 36 3741.600
70 37 7868.800
70 38 12386.900
70 39 7210.000
70 40 11508.600
70 41 9242.900
70 42 8406.800
70 43 7819.400
70 44 7795.100
70 45 13895.400
70 46 4484.700
70 47 6337.900
70 48 6095.500
70 49 9867.700
70 50 6662.300
70 51 3011.000
70 52 2741.700
70 53 13678.300
70 54 6223.100
70 55 13799.900
70 56 7136.000
70 57 2818.800
70 58 11156.100
70 59 16279.800
70 60 6848.000
70 61 5669.100
70 62 5157.600
70 63 8938.100
70 64 4546.400
70 65 1438.500
70 66 9212.400
70 67 8639.700
70 68 7249.400
70 69 5682.300
70 70 0.000
70 71 15081.300
70 72 11585.400
70 73 4752.300
70 74 4030.500
70 75 4600.200
70 76 4271.900
70 77 9034.200
70 78 13456.400
70 79 4709.500
70 80 7204.200
70 81 9045.200
70 82 1860.700
70 83 3885.000
70 84 8102.600
70 85 12654.000
70 86 7541.500
70 87 6678.600
70 88 4800.500
70 89 2680.500
70 90 8197.000
70 91 15159.400
70 92 10468.700
70 93 7364.100
70 94 10816.300
70 95 8754.700
70 96 4683.800
70 97 11432.300
70 98 9862.600
70 99 12371.100
70 100 6605.200
71 0 13376.000
71 1 15294.100
71 2 16010.400
71 3 20368.400
71 4 9912.100
71 5 15456.200
71 6 16007.900
71 7 6248.000
71 8 22159.400
71 9 20187.400
71 10 14871.900
71 11 4620.900
71 12 10592.500
71 13 12794.000
71 14 12733.100
71 15 17317.400
71 16 17124.100
71 17 11577.400
71 18 7795.200
71 19 7871.600
71 20 13925.900
71 21 18818.100
71 22 15568.200
71 23 10371.800
71 24 6639.900
71 25 6819.700
71 26 5023.200
71 27 20719.300
71 28 13379.300
71 29 12446.400
71 30 5229.600
71 31 8510.000
71 32 14627.600
71 33 13102.100
71 34 6172.400
71 35 13408.400
71 36 11890.800
71 37 9007.700
71 38 5286.100
71 39 14545.500
71 40 18622.600
71 41 9106.800
71 42 10069.300
71 43 18835.700
71 44 18242.100
71 45 2154.700
71 46 18435.300
71 47 18633.700
71 48 20049.300
71 49 13307.000
71 50 13557.500
71 51 15185.100
71 52 12518.500
71 53 5767.900
71 54 9622.200
71 55 4029.800
71 56 11325.400
71 57 14528.200
71 58 7003.900
71 59 2384.000
71 60 10939.600
71 61 13271.600
71 62 10624.100
71 63 14732.500
71 64 15583.800
71 65 15406.000
71 66 7755.100
71 67 9637.100
71 68 19615.300
71 69 19636.100
71 70 14761.700
71 71 0.000
71 72 7083.700
71 73 13339.700
71 74 17347.300
71 75 19332.500
71 76 14782.500
71 77 22312.300
71 78 5212.200
71 79 15017.200
71 80 21158.000
71 81 9927.300
71 82 13481.500
71 83 17693.400
71 84 22056.400
71 85 7776.700
71 86 11509.000
71 87 20629.200
71 88 16734.400
71 89 16648.000
71 90 15913.900
71 91 1139.200
71 92 7159.300
71 93 9103.100
71 94 15389.700
71 95 19710.400
71 96 11579.100
71 97 5731.700
71 98 11804.700
71 99 5635.200
71 100 9636.000
72 0 9058.500
72 1 10999.800
72 2 11692.900
72 3 17119.900
72 4 6663.500
72 5 12207.700
72 6 12759.400
72 7 1930.500
72 8 18910.900
72 9 15869.800
72 10 10577.500
72 11 1652.900
72 12 6275.000
72 13 8499.600
72 14 9484.600
72 15 14068.900
72 16 12829.700
72 17 9051.700
72 18 3500.800
72 19 3554.100
72 20 9631.600
72 21 14523.700
72 22 11273.800
72 23 7846.000
72 24 4512.300
72 25 3389.300
72 26 2831.300
72 27 16401.800
72 28 9061.800
72 29 9197.900
72 30 3847.700
72 31 5261.500
72 32 11379.100
72 33 9853.600
72 34 2206.600
72 35 10159.900
72 36 8642.300
72 37 4713.300
72 38 2205.200
72 39 11297.000
72 40 14328.300
72 41 4789.300
72 42 7543.600
72 43 14518.200
72 44 14993.600
72 45 4207.800
72 46 14117.800
72 47 15385.200
72 48 16800.800
72 49 9012.600
72 50 10309.000
72 51 10867.500
72 52 9269.900
72 53 5585.600
72 54 6373.700
72 55 4112.400
72 56 9112.600
72 57 11279.700
72 58 3573.500
72 59 6592.200
72 60 7691.100
72 61 10282.200
72 62 7375.600
72 63 10438.100
72 64 11266.300
72 65 12157.500
72 66 3460.800
72 67 5319.600
72 68 15297.800
72 69 16387.600
72 70 11513.200
72 71 5393.800
72 72 0.000
72 73 9022.100
72 74 14098.800
72 75 16084.000
72 76 10464.900
72 77 17994.800
72 78 3768.800
72 79 11768.700
72 80 17909.500
72 81 5609.700
72 82 10233.000
72 83 13375.900
72 84 18807.900
72 85 6583.800
72 86 7214.600
72 87 16311.700
72 88 13485.900
72 89 13399.500
72 90 11619.600
72 91 5471.800
72 92 2841.800
72 93 4808.700
72 94 11095.400
72 95 15392.900
72 96 8330.600
72 97 4349.800
72 98 7510.300
72 99 4278.500
72 100 6387.500
73 0 323.900
73 1 7806.200
73 2 3027.900
73 3 6805.400
73 4 4370.700
73 5 6240.100
73 6 5036.900
73 7 7969.300
73 8 10416.600
73 9 7209.200
73 10 7813.500
73 11 9442.100
73 12 3426.500
73 13 7745.000
73 14 7372.700
73 15 10012.400
73 16 9515.900
73 17 4276.500
73 18 10431.100
73 19 6490.800
73 20 6950.200
73 21 11338.900
73 22 8592.400
73 23 5644.500
73 24 10033.400
73 25 10122.200
73 26 8000.400
73 27 7741.200
73 28 1929.200
73 29 6908.600
73 30 8231.600
73 31 5223.400
73 32 7338.500
73 33 5797.000
73 34 9222.100
73 35 6119.200
73 36 4585.700
73 37 5429.900
73 38 8938.100
73 39 7256.400
73 40 11143.500
73 41 5244.300
73 42 4855.900
73 43 5857.500
73 44 10937.000
73 45 11997.000
73 46 5452.800
73 47 11342.500
73 48 9390.100
73 49 9144.100
73 50 6268.400
73 51 2200.200
73 52 4409.100
73 53 9856.500
73 54 5830.200
73 55 11901.500
73 56 3706.200
73 57 4086.400
73 58 10306.400
73 59 14381.300
73 60 3176.300
73 61 2870.700
73 62 3700.200
73 63 8629.600
73 64 2601.300
73 65 4476.000
73 66 8271.300
73 67 4641.100
73 68 6637.100
73 69 8715.900
73 70 4915.000
73 71 13182.900
73 72 9687.000
73 73 0.000
73 74 9035.100
73 75 5241.500
73 76 1797.600
73 77 9334.200
73 78 11558.000
73 79 7712.200
73 80 9888.000
73 81 5097.700
73 82 3139.900
73 83 4710.900
73 84 11397.200
73 85 8655.400
73 86 6931.200
73 87 7646.700
73 88 9429.300
73 89 6134.000
73 90 8938.200
73 91 13261.000
73 92 6884.900
73 93 6047.600
73 94 10451.200
73 95 6732.300
73 96 4290.000
73 97 7433.700
73 98 9139.100
73 99 9278.400
73 100 5988.600
74 0 9314.600
74 1 3286.000
74 2 8504.700
74 3 8908.900
74 4 9274.300
74 5 3659.400
74 6 5227.900
74 7 12767.700
74 8 11393.200
74 9 11384.100
74 10 3200.700
74 11 14119.200
74 12 10203.700
74 13 5968.800
74 14 7156.400
74 15 2060.300
74 16 4559.400
74 17 11800.200
74 18 12525.600
74 19 11945.800
74 20 4751.400
74 21 7693.800
74 22 4918.700
74 23 12917.600
74 24 15383.600
74 25 12472.200
74 26 13702.500
74 27 13399.600
74 28 10441.800
74 29 6322.800
74 30 14733.600
74 31 9184.800
74 32 4402.500
74 33 5289.100
74 34 12445.100
74 35 5147.600
74 36 6520.300
74 37 10647.400
74 38 13423.600
74 39 5125.300
74 40 7498.400
74 41 12021.500
74 42 12305.000
74 43 11674.100
74 44 3784.900
74 45 16674.000
74 46 8688.600
74 47 3275.100
74 48 9283.100
74 49 7733.200
74 50 6254.600
74 51 7206.800
74 52 6043.600
74 53 16456.900
74 54 9001.700
74 55 16578.600
74 56 11229.900
74 57 5767.000
74 58 12656.400
74 59 19058.400
74 60 9626.600
74 61 9518.200
74 62 7936.200
74 63 5109.300
74 64 8395.500
74 65 4626.100
74 66 11991.100
74 67 11418.300
74 68 11453.300
74 69 8869.800
74 70 3997.900
74 71 17860.000
74 72 14364.100
74 73 9278.300
74 74 0.000
74 75 7787.800
74 76 9310.500
74 77 12221.800
74 78 14798.600
74 79 3737.400
74 80 10391.800
74 81 11823.800
74 82 4728.300
74 83 7072.600
74 84 11290.200
74 85 15432.600
74 86 8304.200
74 87 10882.500
74 88 770.000
74 89 5868.100
74 90 4186.800
74 91 17938.100
74 92 13247.300
74 93 10142.800
74 94 6806.100
74 95 12548.800
74 96 7462.500
74 97 14210.900
74 98 7777.900
74 99 15149.700
74 100 9383.900
75 0 5183.000
75 1 8758.700
75 2 3011.400
75 3 1834.700
75 4 8623.300
75 5 4148.100
75 6 2493.100
75 7 12221.900
75 8 7511.800
75 9 5243.500
75 10 10684.800
75 11 14728.500
75 12 7679.100
75 13 11441.500
75 14 11370.900
75 15 9478.700
75 16 11957.600
75 17 7149.900
75 18 14413.200
75 19 10743.400
75 20 10224.000
75 21 15092.000
75 22 12316.900
75 23 8202.400
75 24 14286.000
75 25 14359.900
75 26 12252.900
75 27 7417.100
75 28 4864.300
75 29 10690.500
75 30 12484.200
75 31 9794.100
75 32 9875.100
75 33 5574.400
75 34 13474.700
75 35 9092.300
75 36 7129.600
75 37 9682.500
75 38 13190.700
75 39 10597.900
75 40 14896.600
75 41 9496.900
75 42 7589.800
75 43 5533.500
75 44 11183.000
75 45 17283.400
75 46 2548.000
75 47 9725.900
75 48 4532.200
75 49 13255.600
75 50 10050.200
75 51 3229.500
75 52 6129.700
75 53 14109.100
75 54 9611.000
75 55 17187.900
75 56 6319.000
75 57 3425.600
75 58 14544.000
75 59 19667.700
75 60 7428.900
75 61 4024.800
75 62 7952.800
75 63 12326.100
75 64 2523.500
75 65 3522.700
75 66 12600.400
75 67 8893.700
75 68 5312.600
75 69 3858.000
75 70 3910.600
75 71 18469.300
75 72 14973.400
75 73 4970.800
75 74 7418.400
75 75 0.000
75 76 3817.100
75 77 6569.700
75 78 16844.400
75 79 8097.500
75 80 5640.900
75 81 9350.300
75 82 5248.600
75 83 530.600
75 84 6539.300
75 85 12908.000
75 86 10929.400
75 87 4741.900
75 88 8188.500
75 89 2611.400
75 90 11585.000
75 91 18547.400
75 92 11137.500
75 93 10300.200
75 94 14204.300
75 95 6408.200
75 96 8071.800
75 97 11686.300
75 98 13250.600
75 99 13530.900
75 100 9993.200
76 0 2916.900
76 1 8241.500
76 2 1940.900
76 3 5718.400
76 4 4806.000
76 5 6066.500
76 6 3949.900
76 7 8404.700
76 8 9329.600
76 9 6122.100
76 10 8248.800
76 11 9877.400
76 12 3861.800
76 13 8180.300
76 14 7808.000
76 15 10447.700
76 16 9951.300
76 17 4407.000
76 18 10866.400
76 19 6926.100
76 20 7385.500
76 21 11774.300
76 22 9027.700
76 23 5459.600
76 24 10468.700
76 25 10557.500
76 26 8435.700
76 27 6654.100
76 28 1525.400
76 29 7344.000
76 30 8667.000
76 31 5658.700
76 32 7773.800
76 33 6232.400
76 34 9657.400
76 35 6554.600
76 36 5021.100
76 37 5865.200
76 38 9373.400
76 39 7691.700
76 40 11578.800
76 41 5679.600
76 42 4847.000
76 43 4770.500
76 44 11372.400
76 45 12432.300
76 46 4365.800
76 47 11168.900
76 48 8303.100
76 49 9579.400
76 50 6703.700
76 51 2693.600
76 52 4844.500
76 53 10291.900
76 54 6265.500
76 55 12336.800
76 56 3576.200
76 57 3455.300
76 58 10741.700
76 59 14816.600
76 60 3611.700
76 61 1783.700
76 62 4135.500
76 63 9064.900
76 64 1514.200
76 65 4302.400
76 66 8706.600
76 67 5076.500
76 68 5550.100
76 69 7628.800
76 70 5292.100
76 71 13618.200
76 72 10122.300
76 73 2089.800
76 74 8861.500
76 75 4154.500
76 76 0.000
76 77 8247.100
76 78 11993.300
76 79 8147.500
76 80 8801.000
76 81 5533.100
76 82 4502.100
76 83 3623.900
76 84 10310.200
76 85 9090.800
76 86 7366.500
76 87 6559.600
76 88 9631.600
76 89 5047.000
76 90 9373.500
76 91 13696.300
76 92 7320.300
76 93 6482.900
76 94 10886.600
76 95 5645.200
76 96 4725.300
76 97 7869.100
76 98 9574.400
76 99 9713.700
76 100 6423.900
77 0 10818.400
77 1 13450.400
77 2 7410.800
77 3 4621.800
77 4 12707.500
77 5 8839.800
77 6 7184.700
77 7 16306.200
77 8 2856.100
77 9 2707.300
77 10 15376.500
77 11 19414.800
77 12 11763.300
77 13 16217.800
77 14 16061.800
77 15 14170.400
77 16 16649.200
77 17 10207.300
77 18 19099.500
77 19 14827.600
77 20 14915.700
77 21 19783.700
77 22 17008.600
77 23 10280.600
77 24 18370.200
77 25 19046.200
77 26 16337.200
77 27 1593.000
77 28 8944.800
77 29 15381.400
77 30 16568.500
77 31 14480.400
77 32 14566.800
77 33 10266.100
77 34 17558.900
77 35 14592.000
77 36 11821.300
77 37 13766.700
77 38 17274.900
77 39 15289.600
77 40 19588.200
77 41 13581.100
77 42 10647.300
77 43 3476.600
77 44 15874.700
77 45 21969.700
77 46 4470.300
77 47 14417.500
77 48 3780.700
77 49 17833.300
77 50 14741.200
77 51 7629.000
77 52 10821.400
77 53 18193.400
77 54 14297.300
77 55 21874.200
77 56 9376.500
77 57 7825.100
77 58 19230.300
77 59 24354.000
77 60 11513.200
77 61 8083.900
77 62 12037.000
77 63 17102.400
77 64 7301.600
77 65 8214.300
77 66 17286.700
77 67 12977.900
77 68 4519.200
77 69 3299.200
77 70 8602.300
77 71 23155.600
77 72 19659.700
77 73 10782.000
77 74 12110.100
77 75 7105.200
77 76 7897.600
77 77 0.000
77 78 21530.700
77 79 12789.200
77 80 2327.600
77 81 13434.500
77 82 9940.300
77 83 6235.600
77 84 5980.100
77 85 16992.200
77 86 15620.400
77 87 2812.300
77 88 12880.200
77 89 7303.000
77 90 16276.600
77 91 23233.700
77 92 15221.800
77 93 14384.400
77 94 18896.000
77 95 2599.000
77 96 12762.800
77 97 15770.600
77 98 17828.200
77 99 17615.200
77 100 14679.500
78 0 10681.700
78 1 11874.100
78 2 13316.200
78 3 18819.800
78 4 8363.400
78 5 13907.600
78 6 14459.300
78 7 3553.800
78 8 20610.800
78 9 17493.100
78 10 11451.900
78 11 1926.600
78 12 7898.200
78 13 9374.000
78 14 9799.500
78 15 14795.700
78 16 13704.100
78 17 10674.900
78 18 4375.200
78 19 5177.300
78 20 10505.900
78 21 15398.100
78 22 12148.200
78 23 9469.300
78 24 6548.100
78 25 2888.500
78 26 4867.000
78 27 18025.100
78 28 10685.000
78 29 10897.800
78 30 5951.300
78 31 6961.400
78 32 12264.100
78 33 11553.500
78 34 3096.500
78 35 11859.700
78 36 10342.200
78 37 6313.400
78 38 2591.800
78 39 11703.000
78 40 15202.600
78 41 6412.600
78 42 9166.800
78 43 16141.500
78 44 15720.400
78 45 4099.200
78 46 15741.100
78 47 16112.000
78 48 18500.700
78 49 9887.000
78 50 12008.900
78 51 12490.800
78 52 10969.800
78 53 7621.400
78 54 8073.600
78 55 2513.100
78 56 10735.800
78 57 12979.600
78 58 3587.100
78 59 4992.900
78 60 9391.000
78 61 11905.400
78 62 9075.500
78 63 11312.500
78 64 12889.500
78 65 13857.400
78 66 5060.800
78 67 6942.800
78 68 16921.000
78 69 18087.500
78 70 13213.100
78 71 5285.100
78 72 4389.500
78 73 10645.400
78 74 15160.200
78 75 17783.900
78 76 12088.200
78 77 19618.100
78 78 0.000
78 79 13468.600
78 80 19609.400
78 81 7233.000
78 82 11932.900
78 83 14999.200
78 84 20507.800
78 85 8668.400
78 86 8089.000
78 87 17934.900
78 88 14212.600
78 89 15099.400
78 90 12493.900
78 91 5363.200
78 92 4465.000
78 93 6408.800
78 94 11969.700
78 95 17016.200
78 96 10030.500
78 97 6434.400
78 98 8384.700
78 99 6314.200
78 100 8087.400
79 0 5590.100
79 1 2844.500
79 2 7747.200
79 3 8151.300
79 4 5549.800
79 5 2867.900
79 6 4470.400
79 7 9043.200
79 8 10635.600
79 9 10626.600
79 10 4770.500
79 11 10394.700
79 12 6479.200
79 13 5527.300
79 14 6714.800
79 15 4344.100
79 16 6043.300
79 17 8075.700
79 18 10079.400
79 19 8221.300
79 20 4309.800
79 21 9177.800
79 22 6402.600
79 23 9193.100
79 24 11659.100
79 25 10026.000
79 26 9978.000
79 27 12642.000
79 28 6717.300
79 29 5881.200
79 30 11009.100
79 31 5460.300
79 32 3960.900
79 33 1564.600
79 34 9998.900
79 35 2750.900
79 36 2795.800
79 37 6922.900
79 38 11441.000
79 39 4683.700
79 40 8982.300
79 41 8297.000
79 42 8580.500
79 43 10916.500
79 44 5268.800
79 45 12949.600
79 46 7931.000
79 47 5660.400
79 48 8525.500
79 49 7341.400
79 50 5813.000
79 51 4286.000
79 52 2319.100
79 53 12732.400
79 54 5277.200
79 55 12854.100
79 56 7505.400
79 57 3113.500
79 58 10210.200
79 59 15333.900
79 60 5902.100
79 61 8067.400
79 62 4211.700
79 63 6411.800
79 64 7637.900
79 65 3868.500
79 66 8266.600
79 67 7693.800
79 68 10695.700
79 69 8112.300
79 70 3224.200
79 71 14135.500
79 72 10639.600
79 73 5553.800
79 74 4374.000
79 75 7030.200
79 76 6996.600
79 77 11464.200
79 78 12510.600
79 79 0.000
79 80 9634.200
79 81 8099.300
79 82 2066.800
79 83 6315.100
79 84 10532.600
79 85 11708.100
79 86 6595.600
79 87 10124.900
79 88 3761.100
79 89 5110.500
79 90 5670.700
79 91 14213.600
79 92 9522.800
79 93 6418.300
79 94 8290.100
79 95 11791.300
79 96 3738.000
79 97 10486.400
79 98 7336.300
79 99 11425.300
79 100 5659.400
80 0 9208.000
80 1 12184.900
80 2 7036.400
80 3 4247.400
80 4 13304.500
80 5 7574.300
80 6 5919.300
80 7 16797.800
80 8 1381.100
80 9 3238.700
80 10 14111.000
80 11 18149.300
80 12 11704.100
80 13 14952.300
80 14 14796.400
80 15 12904.900
80 16 15383.800
80 17 11174.900
80 18 17834.000
80 19 14768.400
80 20 13650.200
80 21 18518.200
80 22 15743.100
80 23 11711.800
80 24 19413.700
80 25 17780.700
80 26 17732.700
80 27 3024.200
80 28 8889.300
80 29 14116.000
80 30 16509.300
80 31 13214.900
80 32 13301.300
80 33 9000.600
80 34 17753.500
80 35 13326.600
80 36 10555.800
80 37 13707.500
80 38 19195.700
80 39 14024.100
80 40 18322.800
80 41 13521.900
80 42 11614.800
80 43 4907.800
80 44 14609.200
80 45 20704.200
80 46 4095.800
80 47 13152.100
80 48 1859.800
80 49 16567.800
80 50 13475.700
80 51 7254.600
80 52 9555.900
80 53 18134.200
80 54 13031.900
80 55 20608.800
80 56 10344.000
80 57 7450.600
80 58 17964.900
80 59 23088.600
80 60 11454.000
80 61 8049.800
80 62 11971.000
80 63 15836.900
80 64 6927.100
80 65 6948.900
80 66 16021.200
80 67 12918.700
80 68 4144.700
80 69 2033.700
80 70 7336.800
80 71 21890.100
80 72 18394.200
80 73 8995.800
80 74 10844.600
80 75 5839.700
80 76 7842.200
80 77 1846.400
80 78 20265.200
80 79 11523.700
80 80 0.000
80 81 13375.400
80 82 8674.800
80 83 5861.200
80 84 4059.100
80 85 16933.000
80 86 14354.900
80 87 2437.800
80 88 11614.700
80 89 6037.600
80 90 15011.200
80 91 21968.200
80 92 15162.600
80 93 14172.900
80 94 17630.500
80 95 4030.200
80 96 11497.300
80 97 15711.400
80 98 16562.800
80 99 19179.900
80 100 13414.000
81 0 5228.700
81 1 10422.800
81 2 7863.100
81 3 11640.600
81 4 3874.700
81 5 10783.700
81 6 9872.100
81 7 4770.200
81 8 15251.800
81 9 12040.000
81 10 10430.100
81 11 4632.700
81 12 2445.100
81 13 8810.400
81 14 8040.000
81 15 12644.900
81 16 13140.500
81 17 5162.500
81 18 6976.700
81 19 2811.100
81 20 9566.700
81 21 13955.500
81 22 11209.000
81 23 3956.800
81 24 5224.000
81 25 6876.900
81 26 3191.000
81 27 12572.000
81 28 5232.000
81 29 7753.200
81 30 3422.300
81 31 3497.100
81 32 9955.000
81 33 8429.600
81 34 5682.500
81 35 8735.800
81 36 7218.200
81 37 2627.300
81 38 5679.000
81 39 9872.900
81 40 13760.000
81 41 959.500
81 42 3654.300
81 43 10688.400
81 44 13569.500
81 45 7187.600
81 46 10288.000
81 47 13961.200
81 48 14225.300
81 49 9811.400
81 50 8884.900
81 51 7037.700
81 52 7454.800
81 53 5047.200
81 54 4942.100
81 55 7092.100
81 56 5282.700
81 57 8924.000
81 58 7061.100
81 59 9571.900
81 60 3834.200
81 61 6452.400
81 62 4939.300
81 63 10748.800
81 64 7436.400
81 65 9313.500
81 66 5172.200
81 67 1489.800
81 68 11468.000
81 69 13551.000
81 70 9752.600
81 71 8373.500
81 72 4877.600
81 73 5192.300
81 74 12674.800
81 75 10076.700
81 76 6635.100
81 77 14165.000
81 78 6748.600
81 79 10344.700
81 80 14723.200
81 81 0.000
81 82 8335.800
81 83 9546.100
81 84 16232.400
81 85 3847.200
81 86 6523.800
81 87 12481.900
81 88 12061.800
81 89 10969.200
81 90 11554.700
81 91 8451.600
81 92 2075.600
81 93 3245.000
81 94 11406.100
81 95 11563.100
81 96 6906.500
81 97 2624.400
81 98 8783.800
81 99 4469.000
81 100 4955.900
82 0 3480.600
82 1 4208.500
82 2 5052.000
82 3 6233.700
82 4 5127.700
82 5 2705.200
82 6 3256.900
82 7 8621.100
82 8 9422.100
82 9 7576.600
82 10 6134.600
82 11 9972.600
82 12 5267.900
82 13 6891.300
82 14 6615.000
82 15 5708.200
82 16 7407.400
82 17 6857.000
82 18 9657.300
82 19 7799.200
82 20 5673.900
82 21 10541.900
82 22 7766.700
82 23 7742.900
82 24 11237.000
82 25 9603.900
82 26 9555.900
82 27 10160.000
82 28 3975.300
82 29 5934.600
82 30 10587.000
82 31 5038.200
82 32 5325.000
82 33 1455.100
82 34 9576.800
82 35 4336.400
82 36 2373.600
82 37 6500.800
82 38 11018.900
82 39 6047.800
82 40 10346.400
82 41 7085.800
82 42 7130.300
82 43 8215.800
82 44 6632.900
82 45 12527.400
82 46 4881.100
82 47 6939.500
82 48 7312.000
82 49 8386.400
82 50 5294.300
82 51 2219.200
82 52 881.100
82 53 12310.300
82 54 4855.100
82 55 12432.000
82 56 6026.100
82 57 1046.800
82 58 9788.100
82 59 14911.800
82 60 4842.800
82 61 6065.500
82 62 3789.600
82 63 7775.900
82 64 4942.800
82 65 2655.000
82 66 7844.500
82 67 6482.600
82 68 7645.700
82 69 6898.800
82 70 2012.000
82 71 13713.400
82 72 10217.500
82 73 3444.200
82 74 4632.000
82 75 4669.800
82 76 4216.600
82 77 8902.700
82 78 12088.400
82 79 3408.000
82 80 8420.700
82 81 6808.400
82 82 0.000
82 83 4139.200
82 84 9319.100
82 85 10496.900
82 86 6173.500
82 87 7074.900
82 88 5125.100
82 89 3897.000
82 90 7034.800
82 91 13791.400
82 92 9100.700
82 93 5996.100
82 94 9654.100
82 95 9151.100
82 96 3315.900
82 97 9275.200
82 98 8700.400
82 99 11003.100
82 100 5237.200
83 0 4652.400
83 1 9289.300
83 2 2480.800
83 3 2365.300
83 4 8092.700
83 5 4827.100
83 6 2710.500
83 7 11691.400
83 8 6981.200
83 9 4713.000
83 10 11215.400
83 11 13164.100
83 12 7148.500
83 13 11467.000
83 14 11094.700
83 15 10009.300
83 16 12488.100
83 17 6619.300
83 18 14153.100
83 19 10212.800
83 20 10754.600
83 21 15622.600
83 22 12847.500
83 23 7671.800
83 24 13755.400
83 25 13844.200
83 26 11722.400
83 27 6886.500
83 28 4333.700
83 29 10630.700
83 30 11953.700
83 31 8945.400
83 32 10405.700
83 33 6105.000
83 34 12944.100
83 35 9841.300
83 36 7660.200
83 37 9151.900
83 38 12660.100
83 39 11128.500
83 40 15427.200
83 41 8966.300
83 42 7059.200
83 43 5002.900
83 44 11713.600
83 45 15719.000
83 46 2017.400
83 47 10256.400
83 48 5954.700
83 49 12866.100
83 50 9990.400
83 51 2698.900
83 52 4822.900
83 53 13578.500
83 54 9552.200
83 55 15623.500
83 56 5788.400
83 57 2895.000
83 58 14028.400
83 59 18103.300
83 60 6898.300
83 61 3494.200
83 62 7422.200
83 63 12351.600
83 64 1992.900
83 65 3063.000
83 66 11993.300
83 67 8363.100
83 68 4782.100
83 69 5280.500
83 70 4441.200
83 71 16904.900
83 72 13409.000
83 73 4440.200
83 74 7949.000
83 75 530.600
83 76 3286.500
83 77 6039.100
83 78 15280.000
83 79 8628.100
83 80 6452.600
83 81 8819.700
83 82 3941.800
83 83 0.000
83 84 7961.800
83 85 12377.400
83 86 10653.200
83 87 4211.300
83 88 8719.100
83 89 3142.000
83 90 12115.500
83 91 16983.000
83 92 10607.000
83 93 9769.600
83 94 14734.900
83 95 5877.600
83 96 8012.000
83 97 11155.700
83 98 12861.100
83 99 13000.400
83 100 9710.600
84 0 13060.000
84 1 12796.600
84 2 9337.200
84 3 4635.600
84 4 13916.200
84 5 8186.100
84 6 6531.000
84 7 17409.600
84 8 2795.000
84 9 7500.600
84 10 14722.700
84 11 18761.100
84 12 14004.900
84 13 15564.100
84 14 15408.100
84 15 13516.600
84 16 15995.500
84 17 13475.700
84 18 18445.800
84 19 16587.700
84 20 14262.000
84 21 19130.000
84 22 16354.800
84 23 14528.200
84 24 20025.500
84 25 18392.400
84 26 18344.400
84 27 6893.300
84 28 11190.100
84 29 14727.700
84 30 19375.500
84 31 13826.700
84 32 13913.100
84 33 9612.300
84 34 18365.300
84 35 13938.300
84 36 11167.500
84 37 15289.300
84 38 19807.400
84 39 14635.900
84 40 18934.500
84 41 15822.700
84 42 13915.600
84 43 8776.900
84 44 15221.000
84 45 21315.900
84 46 6302.900
84 47 13763.800
84 48 3058.700
84 49 17179.500
84 50 14087.400
84 51 10202.600
84 52 10167.600
84 53 21098.800
84 54 13643.600
84 55 21220.500
84 56 12644.800
84 57 9788.300
84 58 18576.600
84 59 23700.300
84 60 13754.800
84 61 10350.600
84 62 12582.800
84 63 16448.600
84 64 9227.900
84 65 7560.600
84 66 16633.000
84 67 15219.500
84 68 7686.800
84 69 2645.400
84 70 7948.500
84 71 22501.900
84 72 19006.000
84 73 13023.600
84 74 11456.400
84 75 6451.400
84 76 10143.000
84 77 5893.600
84 78 20877.000
84 79 12135.400
84 80 4031.600
84 81 15676.100
84 82 9286.600
84 83 6982.000
84 84 0.000
84 85 19233.800
84 86 14966.600
84 87 6699.800
84 88 12226.400
84 89 6649.300
84 90 15622.900
84 91 22579.900
84 92 17889.200
84 93 14784.700
84 94 18242.200
84 95 7899.300
84 96 12109.000
84 97 18012.100
84 98 17174.500
84 99 19791.600
84 100 14025.800
85 0 9634.600
85 1 14828.700
85 2 12269.000
85 3 16046.500
85 4 8280.600
85 5 15189.600
85 6 14278.000
85 7 8173.700
85 8 19657.700
85 9 16445.900
85 10 14836.000
85 11 8043.200
85 12 6851.000
85 13 13216.200
85 14 12445.900
85 15 17050.800
85 16 17546.400
85 17 8438.600
85 18 10387.200
85 19 6264.700
85 20 13972.600
85 21 18361.400
85 22 15614.900
85 23 7233.000
85 24 5593.400
85 25 10287.400
85 26 5469.600
85 27 16977.900
85 28 9638.100
85 29 12159.100
85 30 4779.400
85 31 7903.000
85 32 14360.900
85 33 12835.400
85 34 9093.000
85 35 13141.700
85 36 11624.100
85 37 7033.200
85 38 9089.500
85 39 14278.800
85 40 18165.900
85 41 5365.600
85 42 6930.500
85 43 15094.300
85 44 17975.400
85 45 8278.300
85 46 14693.900
85 47 18367.100
85 48 18631.200
85 49 14217.300
85 50 13290.800
85 51 11443.600
85 52 11860.600
85 53 2360.600
85 54 9348.000
85 55 10502.600
85 56 8186.600
85 57 13329.800
85 58 10471.600
85 59 8507.600
85 60 8240.100
85 61 10132.700
85 62 9345.200
85 63 15154.700
85 64 11842.300
85 65 13719.400
85 66 8582.600
85 67 5895.700
85 68 15873.800
85 69 17956.900
85 70 14158.500
85 71 6392.100
85 72 7242.700
85 73 9598.200
85 74 17080.600
85 75 14482.600
85 76 11041.000
85 77 18570.900
85 78 10159.100
85 79 14750.500
85 80 19129.100
85 81 6185.800
85 82 12741.700
85 83 13952.000
85 84 20638.300
85 85 0.000
85 86 10929.700
85 87 16887.800
85 88 16467.700
85 89 15375.100
85 90 15960.600
85 91 6127.200
85 92 5635.900
85 93 7650.800
85 94 15812.000
85 95 15969.000
85 96 11312.400
85 97 3673.600
85 98 13189.700
85 99 5389.200
85 100 9361.800
86 0 6474.300
86 1 5605.000
86 2 9108.800
86 3 13280.500
86 4 2855.600
86 5 8368.300
86 6 8919.900
86 7 5644.200
86 8 15071.500
86 9 13285.700
86 10 5182.700
86 11 7707.900
86 12 3785.000
86 13 3104.800
86 14 2334.500
86 15 8526.600
86 16 7435.000
86 17 8214.900
86 18 5607.400
86 19 4925.200
86 20 4236.800
86 21 9129.000
86 22 5879.100
86 23 7700.600
86 24 8972.300
86 25 5554.100
86 26 7291.300
86 27 13817.700
86 28 7319.500
86 29 2047.700
86 30 7069.300
86 31 2766.100
86 32 5794.200
86 33 6014.200
86 34 5526.900
86 35 4893.900
86 36 4802.800
86 37 3541.600
86 38 6505.400
86 39 5233.100
86 40 8933.500
86 41 5602.800
86 42 7074.200
86 43 11934.000
86 44 9451.300
86 45 10262.800
86 46 11533.600
86 47 9842.900
86 48 12961.400
86 49 4105.900
86 50 3380.100
86 51 8283.400
86 52 5430.500
86 53 10045.600
86 54 2526.700
86 55 10167.300
86 56 7046.400
86 57 7440.300
86 58 5738.200
86 59 12647.100
86 60 3883.200
86 61 8951.500
86 62 3528.600
86 63 5043.300
86 64 8682.100
86 65 8318.100
86 66 4867.600
86 67 4999.600
86 68 12713.600
86 69 12548.100
86 70 7673.800
86 71 11448.700
86 72 7952.800
86 73 6438.000
86 74 8891.000
86 75 12244.500
86 76 7880.800
86 77 15900.100
86 78 9823.800
86 79 7812.800
86 80 14070.100
86 81 5315.000
86 82 6393.500
86 83 10791.800
86 84 14968.500
86 85 9013.900
86 86 0.000
86 87 13727.500
86 88 7943.500
86 89 9560.100
86 90 6224.800
86 91 11526.800
86 92 6836.100
86 93 3019.300
86 94 5700.600
86 95 12808.800
86 96 2724.600
86 97 7792.200
86 98 4100.900
86 99 8738.500
86 100 2241.000
87 0 7569.900
87 1 11879.900
87 2 5398.300
87 3 2609.200
87 4 11010.200
87 5 7744.600
87 6 5628.000
87 7 14608.800
87 8 3569.700
87 9 833.600
87 10 13805.900
87 11 16081.600
87 12 10066.000
87 13 14384.500
87 14 14012.200
87 15 12599.900
87 16 15078.700
87 17 9536.800
87 18 17070.600
87 19 13130.300
87 20 13345.200
87 21 18213.200
87 22 15438.000
87 23 8989.200
87 24 16672.900
87 25 16761.700
87 26 14639.900
87 27 3416.900
87 28 7251.200
87 29 13548.100
87 30 14871.100
87 31 11862.900
87 32 12996.300
87 33 8901.200
87 34 15861.600
87 35 12758.700
87 36 10456.400
87 37 12069.400
87 38 15577.600
87 39 13719.100
87 40 18017.700
87 41 11883.800
87 42 9976.700
87 43 2185.200
87 44 14304.200
87 45 18636.400
87 46 2457.700
87 47 12847.000
87 48 4494.200
87 49 15783.600
87 50 12907.900
87 51 5616.400
87 52 7740.300
87 53 16496.000
87 54 12469.700
87 55 18541.000
87 56 8705.900
87 57 5812.500
87 58 16945.900
87 59 21020.800
87 60 9815.800
87 61 6411.700
87 62 10339.700
87 63 15269.100
87 64 5289.000
87 65 5980.500
87 66 14910.800
87 67 11280.600
87 68 2506.600
87 69 3692.800
87 70 6970.200
87 71 19822.400
87 72 16326.500
87 73 7357.700
87 74 10539.600
87 75 4753.600
87 76 6204.000
87 77 2627.500
87 78 18197.500
87 79 11424.300
87 80 3041.100
87 81 11737.200
87 82 6859.300
87 83 4223.100
87 84 6693.600
87 85 15294.900
87 86 13570.700
87 87 0.000
87 88 11309.600
87 89 6725.100
87 90 14706.100
87 91 19900.500
87 92 13524.400
87 93 12687.100
87 94 17325.500
87 95 2408.000
87 96 10929.500
87 97 14073.200
87 98 15778.600
87 99 15917.900
87 100 12628.100
88 0 8671.300
88 1 2345.700
88 2 9274.800
88 3 9678.900
88 4 8631.000
88 5 4429.500
88 6 5998.000
88 7 12124.300
88 8 12163.200
88 9 12154.200
88 10 2430.700
88 11 13475.800
88 12 9560.300
88 13 5028.500
88 14 6216.100
88 15 1290.200
88 16 3789.300
88 17 11156.800
88 18 11585.200
88 19 11302.400
88 20 3811.000
88 21 6923.800
88 22 4148.600
88 23 12274.200
88 24 14740.200
88 25 11531.900
88 26 13059.200
88 27 14169.600
88 28 9798.400
88 29 5382.500
88 30 14090.200
88 31 8541.400
88 32 3462.100
88 33 4645.700
88 34 11504.700
88 35 4207.300
88 36 5876.900
88 37 10004.100
88 38 12483.300
88 39 4184.900
88 40 6728.300
88 41 11378.200
88 42 11661.600
88 43 12444.100
88 44 3014.800
88 45 16030.700
88 46 9458.600
88 47 2606.500
88 48 10053.100
88 49 6963.200
88 50 5314.300
88 51 7367.100
88 52 5400.300
88 53 15813.500
88 54 8358.400
88 55 15935.200
88 56 10586.600
88 57 6194.700
88 58 11716.100
88 59 18415.000
88 60 8983.300
88 61 10288.200
88 62 7292.900
88 63 4339.200
88 64 9165.500
88 65 5396.100
88 66 11347.700
88 67 10775.000
88 68 12223.300
88 69 9639.900
88 70 4767.900
88 71 17216.600
88 72 13720.700
88 73 8634.900
88 74 770.000
88 75 8557.800
88 76 10077.700
88 77 12991.800
88 78 13858.300
88 79 3094.000
88 80 11161.800
88 81 11180.500
88 82 5147.900
88 83 7842.600
88 84 12060.200
88 85 14789.300
88 86 7363.900
88 87 11652.500
88 88 0.000
88 89 6638.100
88 90 3416.700
88 91 17294.700
88 92 12604.000
88 93 9499.400
88 94 6036.100
88 95 13318.800
88 96 7393.700
88 97 13567.600
88 98 6837.600
88 99 14506.400
88 100 8740.500
89 0 7658.900
89 1 8347.200
89 2 3936.100
89 3 3706.400
89 4 9071.600
89 5 3336.100
89 6 1129.900
89 7 13146.700
89 8 6652.800
89 9 6815.500
89 10 10273.300
89 11 13916.400
89 12 8603.800
89 13 11030.100
89 14 10558.800
89 15 9846.900
89 16 11546.100
89 17 8074.600
89 18 13601.100
89 19 11668.100
89 20 9812.600
89 21 14680.600
89 22 11905.400
89 23 9127.200
89 24 15180.800
89 25 13547.800
89 26 13499.800
89 27 8989.100
89 28 5789.000
89 29 9878.400
89 30 13409.000
89 31 8982.000
89 32 9463.700
89 33 4762.300
89 34 13520.600
89 35 8280.200
89 36 6317.500
89 37 10607.200
89 38 14962.700
89 39 10186.500
89 40 14485.100
89 41 10421.700
89 42 8514.500
89 43 7105.500
89 44 10771.600
89 45 16471.300
89 46 4120.000
89 47 9314.400
89 48 4542.600
89 49 12844.200
89 50 9238.100
89 51 4801.500
89 52 5317.600
89 53 15033.900
89 54 8799.000
89 55 16375.800
89 56 7243.800
89 57 4387.200
89 58 13732.000
89 59 18855.600
89 60 8353.700
89 61 4949.600
89 62 7733.500
89 63 11914.600
89 64 3826.800
89 65 2159.500
89 66 11788.300
89 67 9818.500
89 68 6884.600
89 69 4129.400
89 70 3098.500
89 71 17657.200
89 72 14161.300
89 73 7622.600
89 74 7007.000
89 75 2585.300
89 76 4741.900
89 77 8141.600
89 78 16032.300
89 79 7285.400
89 80 5651.300
89 81 10275.100
89 82 4436.500
89 83 2504.000
89 84 6549.800
89 85 13832.800
89 86 10117.300
89 87 6313.800
89 88 7777.000
89 89 0.000
89 90 11173.500
89 91 17735.300
89 92 12062.300
89 93 9940.000
89 94 13792.900
89 95 7980.200
89 96 7259.700
89 97 12611.100
89 98 12839.100
89 99 14455.700
89 100 9181.100
90 0 8244.100
90 1 2936.300
90 2 10878.500
90 3 13254.200
90 4 8203.800
90 5 7907.600
90 6 9573.300
90 7 11205.500
90 8 15738.500
90 9 15055.500
90 10 1157.700
90 11 11380.600
90 12 9133.100
90 13 3277.200
90 14 4464.800
90 15 4073.400
90 16 726.300
90 17 10729.600
90 18 9833.900
90 19 10435.000
90 20 2391.900
90 21 3860.800
90 22 1085.600
90 23 11847.100
90 24 14313.100
90 25 9780.600
90 26 12632.000
90 27 15587.400
90 28 9371.300
90 29 4166.800
90 30 12579.100
90 31 8114.300
90 32 3228.400
90 33 6667.500
90 34 9753.400
90 35 3670.600
90 36 6411.100
90 37 9659.800
90 38 10731.900
90 39 2888.500
90 40 3665.300
90 41 10951.000
90 42 11234.400
90 43 13703.800
90 44 3603.100
90 45 13935.400
90 46 13033.900
90 47 5389.700
90 48 13628.400
90 49 3030.400
90 50 4115.100
90 51 9388.900
90 52 7422.000
90 53 15386.400
90 54 7931.200
90 55 13840.000
90 56 10159.400
90 57 8216.400
90 58 9964.700
90 59 16319.800
90 60 8556.100
90 61 10721.300
90 62 6865.700
90 63 1996.900
90 64 10451.900
90 65 8971.400
90 66 10343.200
90 67 10347.800
90 68 14483.400
90 69 13215.100
90 70 8327.100
90 71 15121.400
90 72 11625.500
90 73 8207.800
90 74 4260.400
90 75 12133.100
90 76 9650.500
90 77 16567.100
90 78 12107.000
90 79 5115.800
90 80 14737.100
90 81 10753.300
90 82 7169.700
90 83 11417.900
90 84 15635.500
90 85 14362.100
90 86 6610.100
90 87 15227.800
90 88 3490.300
90 89 10213.400
90 90 0.000
90 91 15199.400
90 92 12176.800
90 93 9056.500
90 94 2973.100
90 95 14578.500
90 96 6194.600
90 97 13140.400
90 98 5429.500
90 99 14079.200
90 100 8815.100
91 0 13454.100
91 1 15372.200
91 2 16088.500
91 3 20446.500
91 4 9990.100
91 5 15534.300
91 6 16085.900
91 7 6326.100
91 8 22237.500
91 9 20265.400
91 10 14949.900
91 11 4698.900
91 12 10670.500
91 13 12872.000
91 14 12811.200
91 15 17395.500
91 16 17202.200
91 17 12869.500
91 18 7873.300
91 19 7949.700
91 20 14004.000
91 21 18896.200
91 22 15646.300
91 23 11663.900
91 24 5500.700
91 25 6897.800
91 26 5101.300
91 27 20797.400
91 28 13457.400
91 29 12524.400
91 30 5307.700
91 31 8588.100
91 32 14705.600
91 33 13180.200
91 34 6250.500
91 35 13486.400
91 36 11968.900
91 37 9085.700
91 38 5364.100
91 39 14623.500
91 40 18700.700
91 41 9184.900
91 42 11361.400
91 43 18913.800
91 44 18320.200
91 45 3025.400
91 46 18513.400
91 47 18711.800
91 48 20127.400
91 49 13385.100
91 50 13635.500
91 51 15263.100
91 52 12596.500
91 53 4628.700
91 54 9700.200
91 55 4900.500
91 56 12617.500
91 57 14606.300
91 58 7082.000
91 59 3254.700
91 60 11017.700
91 61 14563.700
91 62 10702.100
91 63 14810.500
91 64 15661.800
91 65 15484.100
91 66 7833.200
91 67 9715.200
91 68 19693.400
91 69 19714.100
91 70 14839.800
91 71 1139.200
91 72 7161.800
91 73 13417.700
91 74 17425.400
91 75 19410.500
91 76 14860.500
91 77 22390.400
91 78 5142.200
91 79 15095.300
91 80 21236.100
91 81 10005.300
91 82 13559.500
91 83 17771.500
91 84 22134.500
91 85 6637.500
91 86 11587.000
91 87 20707.300
91 88 16812.400
91 89 16726.100
91 90 15992.000
91 91 0.000
91 92 7237.400
91 93 9181.100
91 94 15467.800
91 95 19788.500
91 96 11657.100
91 97 6927.600
91 98 11882.800
91 99 5713.200
91 100 9714.100
92 0 6216.700
92 1 11193.500
92 2 8851.100
92 3 12628.600
92 4 4170.600
92 5 11554.400
92 6 10860.100
92 7 2694.600
92 8 16239.800
92 9 13028.100
92 10 11200.800
92 11 2642.400
92 12 3433.200
92 13 8330.900
92 14 7999.000
92 15 13415.600
92 16 12661.000
92 17 6209.900
92 18 4986.500
92 19 735.500
92 20 9462.900
92 21 14355.000
92 22 11105.100
92 23 5004.200
92 24 3288.000
92 25 4886.600
92 26 1255.000
92 27 13560.000
92 28 6220.000
92 29 7712.300
92 30 1486.200
92 31 3456.100
92 32 10725.700
92 33 9200.300
92 34 3692.300
92 35 9506.500
92 36 7988.900
92 37 2146.400
92 38 3688.700
92 39 10643.600
92 40 14159.600
92 41 1947.500
92 42 4701.800
92 43 11676.400
92 44 14340.200
92 45 5197.300
92 46 11276.000
92 47 14731.900
92 48 16147.500
92 49 8843.900
92 50 9655.600
92 51 8025.700
92 52 8442.800
92 53 4390.100
92 54 4901.100
92 55 5101.800
92 56 6270.800
92 57 9912.000
92 58 5070.800
92 59 7581.600
92 60 4822.200
92 61 7440.400
92 62 4898.300
92 63 10269.400
92 64 8424.500
92 65 10301.500
92 66 3085.000
92 67 2477.800
92 68 12456.000
92 69 15734.200
92 70 10859.900
92 71 6383.200
92 72 2887.300
92 73 6180.400
92 74 13445.500
92 75 11064.700
92 76 7623.100
92 77 15153.000
92 78 4758.300
92 79 11115.400
92 80 15711.200
92 81 2767.900
92 82 9579.600
92 83 10534.100
92 84 18154.600
92 85 4203.400
92 86 5965.200
92 87 13469.900
92 88 12832.500
92 89 11957.200
92 90 11450.800
92 91 6461.300
92 92 0.000
92 93 2617.500
92 94 10926.700
92 95 12551.100
92 96 7677.200
92 97 1969.400
92 98 7341.600
92 99 2533.000
92 100 4915.000
93 0 5641.000
93 1 8443.400
93 2 8275.400
93 3 12052.900
93 4 2232.200
93 5 8804.300
93 6 9356.000
93 7 2904.100
93 8 15507.500
93 9 12452.300
93 10 8385.400
93 11 4410.500
93 12 2857.500
93 13 6307.500
93 14 6060.600
93 15 10665.500
93 16 10637.600
93 17 7715.000
93 18 4341.900
93 19 1879.600
93 20 7439.400
93 21 12331.600
93 22 9081.700
93 23 6509.300
93 24 5674.900
93 25 4288.500
93 26 3792.500
93 27 12984.300
93 28 6488.600
93 29 5773.900
93 30 4023.700
93 31 1517.700
93 32 7975.700
93 33 6450.200
93 34 4261.400
93 35 6756.400
93 36 5238.900
93 37 733.500
93 38 3872.800
93 39 7893.600
93 40 12136.100
93 41 3475.500
93 42 6206.900
93 43 11100.700
93 44 11590.200
93 45 6965.300
93 46 10700.300
93 47 11981.800
93 48 13397.400
93 49 6820.500
93 50 6905.600
93 51 7450.000
93 52 5698.000
93 53 6797.700
93 54 2962.700
93 55 6869.900
93 56 6213.100
93 57 7876.300
93 58 4472.700
93 59 9349.700
93 60 3259.800
93 61 8118.200
93 62 2959.900
93 63 8245.900
93 64 7848.800
93 65 8754.100
93 66 2284.100
93 67 2394.400
93 68 11880.300
93 69 12984.200
93 70 8109.800
93 71 8151.300
93 72 4655.400
93 73 5604.600
93 74 10695.400
93 75 10489.000
93 76 7047.400
93 77 14577.300
93 78 6526.400
93 79 8365.300
93 80 14506.100
93 81 2520.100
93 82 6829.600
93 83 9958.400
93 84 15404.500
93 85 6886.600
93 86 3941.800
93 87 12894.200
93 88 10082.400
93 89 9996.100
93 90 9427.400
93 91 8229.300
93 92 2779.800
93 93 0.000
93 94 8903.200
93 95 11975.400
93 96 4927.200
93 97 4374.900
93 98 5318.200
93 99 5070.500
93 100 2976.600
94 0 9396.000
94 1 5185.300
94 2 12030.500
94 3 16162.700
94 4 7007.000
94 5 10288.500
94 6 11954.200
94 7 9851.400
94 8 17953.700
94 9 16207.400
94 10 3526.000
94 11 10026.500
94 12 8130.300
94 13 2685.100
94 14 3110.700
94 15 6454.300
94 16 2663.800
94 17 11392.800
94 18 8479.800
94 19 9080.900
94 20 3817.100
94 21 4357.800
94 22 3060.400
94 23 10864.700
94 24 12379.800
94 25 8426.400
94 26 10698.700
94 27 16739.400
94 28 10495.900
94 29 3666.300
94 30 11225.000
94 31 7111.500
94 32 5575.200
94 33 9048.400
94 34 8399.300
94 35 5638.100
94 36 7678.000
94 37 8305.700
94 38 9377.800
94 39 5014.100
94 40 4162.300
94 41 9948.200
94 42 10252.100
94 43 14855.800
94 44 5984.000
94 45 12581.300
94 46 14455.400
94 47 7770.600
94 48 15843.600
94 49 1380.800
94 50 4124.300
94 51 11205.100
94 52 9802.900
94 53 13453.100
94 54 6360.000
94 55 12485.900
94 56 9968.100
94 57 10597.300
94 58 8610.600
94 59 14965.700
94 60 7573.700
94 61 11873.300
94 62 6421.500
94 63 1600.900
94 64 11603.800
94 65 11352.300
94 66 8989.000
94 67 9345.000
94 68 15635.300
94 69 15430.300
94 70 10708.000
94 71 13767.300
94 72 10271.300
94 73 9359.700
94 74 6641.300
94 75 14514.000
94 76 10802.500
94 77 18332.400
94 78 10752.900
94 79 7496.700
94 80 16952.200
94 81 9726.100
94 82 9550.600
94 83 13798.800
94 84 17850.700
94 85 13359.300
94 86 5256.000
94 87 16649.200
94 88 5871.200
94 89 12594.300
94 90 2757.500
94 91 13845.300
94 92 9981.000
94 93 7702.400
94 94 0.000
94 95 15730.500
94 96 5579.900
94 97 11576.100
94 98 2663.300
94 99 12145.900
94 100 7461.000
95 0 8216.500
95 1 13541.100
95 2 5816.400
95 3 4685.400
95 4 10105.600
95 5 9435.400
95 6 7318.800
95 7 13704.300
95 8 4775.400
95 9 1574.500
95 10 13548.400
95 11 15177.000
95 12 9161.400
95 13 13479.900
95 14 13107.600
95 15 14290.700
95 16 15250.900
95 17 7605.400
95 18 16166.000
95 19 12225.700
95 20 12685.100
95 21 17073.900
95 22 14327.300
95 23 7678.700
95 24 15768.300
95 25 15857.100
95 26 13735.300
95 27 1006.000
95 28 6342.900
95 29 12643.600
95 30 13966.600
95 31 10958.300
95 32 13073.400
95 33 11532.000
95 34 14957.000
95 35 11854.200
95 36 10320.700
95 37 11164.800
95 38 14673.000
95 39 12991.300
95 40 16878.400
95 41 10979.200
95 42 8045.400
95 43 874.700
95 44 15995.100
95 45 17731.900
95 46 4533.800
95 47 14537.900
95 48 5700.000
95 49 14879.000
95 50 12003.300
95 51 7307.300
95 52 10144.000
95 53 15591.500
95 54 11565.100
95 55 17636.400
95 56 6774.600
95 57 7503.400
95 58 16041.300
95 59 20116.200
95 60 8911.300
95 61 5482.000
95 62 9435.100
95 63 14364.500
95 64 4773.700
95 65 7671.300
95 66 14006.200
95 67 10376.000
95 68 2934.300
95 69 5789.900
95 70 8661.000
95 71 18917.800
95 72 15421.900
95 73 8180.100
95 74 12230.500
95 75 6444.500
95 76 5295.700
95 77 2599.000
95 78 17292.900
95 79 13447.100
95 80 4246.800
95 81 10832.700
95 82 8550.100
95 83 5913.900
95 84 7899.300
95 85 14390.300
95 86 12666.100
95 87 2408.000
95 88 13000.500
95 89 8415.900
95 90 14673.100
95 91 18995.900
95 92 12619.900
95 93 11782.500
95 94 16186.100
95 95 0.000
95 96 10024.900
95 97 13168.700
95 98 14874.000
95 99 15013.300
95 100 11723.500
96 0 4306.000
96 1 4010.700
96 2 6940.400
96 3 10957.600
96 4 3188.700
96 5 6038.400
96 6 6590.000
96 7 6876.100
96 8 12748.700
96 9 11117.300
96 10 4018.000
96 11 8235.000
96 12 4312.100
96 13 3853.100
96 14 3082.700
96 15 6932.300
96 16 5720.400
96 17 6791.500
96 18 7902.000
96 19 6029.700
96 20 3154.700
96 21 7543.400
96 22 4796.900
96 23 7046.500
96 24 9499.400
96 25 7848.600
96 26 7818.400
96 27 11649.300
96 28 5433.100
96 29 2796.000
96 30 8849.400
96 31 3293.200
96 32 3542.900
96 33 3684.300
96 34 7821.500
96 35 2323.700
96 36 2473.000
96 37 4731.400
96 38 7844.800
96 39 3460.800
96 40 7348.000
96 41 6129.900
96 42 6433.800
96 43 9765.700
96 44 7857.000
96 45 10789.900
96 46 9365.300
96 47 8248.600
96 48 10638.500
96 49 4854.200
96 50 2472.900
96 51 6115.000
96 52 3121.100
96 53 10572.800
96 54 1914.800
96 55 10694.400
96 56 6221.300
96 57 5110.400
96 58 8032.800
96 59 13174.200
96 60 3755.500
96 61 6783.200
96 62 2603.300
96 63 4834.100
96 64 6513.700
96 65 5988.200
96 66 6099.500
96 67 5526.700
96 68 10545.300
96 69 10225.300
96 70 5343.900
96 71 11975.800
96 72 8479.900
96 73 4269.600
96 74 7296.700
96 75 9921.700
96 76 5712.400
96 77 13242.300
96 78 10350.900
96 79 6218.500
96 80 11747.200
96 81 5907.800
96 82 4063.600
96 83 8623.400
96 84 12645.600
96 85 9541.000
96 86 2641.300
96 87 11559.200
96 88 6349.200
96 89 7230.200
96 90 5142.700
96 91 12053.900
96 92 7363.200
96 93 4251.200
96 94 6448.900
96 95 10640.400
96 96 0.000
96 97 8319.300
96 98 4849.100
96 99 9265.600
96 100 3481.900
97 0 8714.800
97 1 14043.700
97 2 11349.200
97 3 15126.700
97 4 7360.800
97 5 14404.600
97 6 13358.200
97 7 5623.200
97 8 18737.900
97 9 15526.100
97 10 14051.000
97 11 5492.700
97 12 5931.300
97 13 11196.800
97 14 11526.100
97 15 16265.800
97 16 15526.900
97 17 7065.000
97 18 7836.700
97 19 3714.200
97 20 13187.700
97 21 17576.400
97 22 14829.900
97 23 5859.400
97 24 3693.800
97 25 7736.900
97 26 2919.100
97 27 16058.100
97 28 8082.400
97 29 11239.400
97 30 2228.900
97 31 6983.200
97 32 13576.000
97 33 12050.500
97 34 6542.500
97 35 12356.800
97 36 10839.200
97 37 5125.100
97 38 6539.000
97 39 13493.900
97 40 17381.000
97 41 3810.000
97 42 5556.900
97 43 14174.500
97 44 17190.500
97 45 8047.500
97 46 13774.100
97 47 17582.100
97 48 18997.700
97 49 11709.800
97 50 12505.900
97 51 10523.800
97 52 10940.900
97 53 2420.700
97 54 8428.200
97 55 7952.100
97 56 6813.000
97 57 12410.100
97 58 7921.100
97 59 10431.900
97 60 7320.300
97 61 8759.200
97 62 8425.400
97 63 13135.200
97 64 10922.600
97 65 12799.600
97 66 6032.100
97 67 4975.900
97 68 14954.100
97 69 18584.500
97 70 13710.100
97 71 6452.200
97 72 4692.200
97 73 8678.400
97 74 16295.700
97 75 13562.800
97 76 10121.200
97 77 17651.100
97 78 7608.600
97 79 13965.600
97 80 18209.300
97 81 5266.000
97 82 11821.900
97 83 13032.200
97 84 21004.800
97 85 3226.300
97 86 8831.100
97 87 15968.000
97 88 15682.800
97 89 14455.300
97 90 15175.700
97 91 6530.300
97 92 3085.400
97 93 5483.300
97 94 13792.500
97 95 15049.200
97 96 10527.500
97 97 0.000
97 98 10207.500
97 99 2938.700
97 100 8442.000
98 0 8938.300
98 1 4440.500
98 2 11572.800
98 3 15744.500
98 4 5319.600
98 5 9440.100
98 6 11105.800
98 7 7095.400
98 8 17535.500
98 9 15749.700
98 10 4018.200
98 11 7270.400
98 12 6249.000
98 13 1940.300
98 14 2365.800
98 15 7362.100
98 16 5535.300
98 17 10678.900
98 18 5723.800
98 19 6324.900
98 20 3072.300
98 21 7229.300
98 22 4714.500
98 23 10164.600
98 24 9623.800
98 25 5670.400
98 26 7942.700
98 27 16281.700
98 28 9783.500
98 29 2921.500
98 30 8469.000
98 31 5230.100
98 32 4830.400
98 33 8200.000
98 34 5643.300
98 35 5268.800
98 36 7266.800
98 37 5549.700
98 38 6621.800
98 39 4269.300
98 40 7033.900
98 41 8066.800
98 42 9538.200
98 43 14398.000
98 44 8286.700
98 45 9825.300
98 46 13997.600
98 47 8678.400
98 48 15425.400
98 49 1533.100
98 50 3379.500
98 51 10747.400
98 52 7894.500
98 53 10697.100
98 54 4990.700
98 55 9729.900
98 56 9510.400
98 57 9749.000
98 58 5854.600
98 59 12209.700
98 60 6347.200
98 61 11415.600
98 62 5992.600
98 63 2962.300
98 64 11146.100
98 65 10503.900
98 66 6233.000
98 67 7463.600
98 68 15177.600
98 69 15012.100
98 70 9859.700
98 71 11011.200
98 72 7515.300
98 73 8902.000
98 74 7726.500
98 75 14708.500
98 76 10344.800
98 77 18364.100
98 78 7996.900
98 79 6648.300
98 80 16534.100
98 81 7779.000
98 82 8702.200
98 83 13255.800
98 84 17432.500
98 85 11477.900
98 86 4303.000
98 87 16191.500
98 88 6779.000
98 89 11745.900
98 90 5060.300
98 91 11089.300
98 92 7225.000
98 93 4946.400
98 94 3801.000
98 95 15272.800
98 96 4835.100
98 97 8820.100
98 98 0.000
98 99 9389.900
98 100 4705.000
99 0 8586.600
99 1 13532.000
99 2 11221.000
99 3 14998.500
99 4 6678.500
99 5 13892.900
99 6 13230.000
99 7 5111.500
99 8 18609.700
99 9 15398.000
99 10 13539.300
99 11 4980.900
99 12 5803.100
99 13 10838.800
99 14 11169.800
99 15 15754.100
99 16 15168.900
99 17 8121.400
99 18 7324.900
99 19 3243.400
99 20 12675.900
99 21 17064.700
99 22 14318.200
99 23 6915.800
99 24 755.000
99 25 7225.100
99 26 2507.800
99 27 15929.900
99 28 8589.900
99 29 10883.000
99 30 1046.700
99 31 5964.000
99 32 13064.200
99 33 11538.700
99 34 6030.700
99 35 11845.000
99 36 10327.400
99 37 4654.300
99 38 6027.200
99 39 12982.100
99 40 16869.200
99 41 4317.400
99 42 6613.300
99 43 14046.300
99 44 16678.700
99 45 6166.500
99 46 13645.900
99 47 17070.400
99 48 18485.900
99 49 11351.800
99 50 11994.100
99 51 10395.600
99 52 10955.100
99 53 1828.400
99 54 8058.800
99 55 7440.300
99 56 7869.400
99 57 12281.900
99 58 7409.300
99 59 6395.800
99 60 7192.100
99 61 9815.500
99 62 7406.200
99 63 12777.200
99 64 10794.400
99 65 13842.700
99 66 5520.400
99 67 4847.700
99 68 14825.900
99 69 18072.700
99 70 13198.400
99 71 4280.300
99 72 4180.400
99 73 8550.300
99 74 15783.900
99 75 13434.600
99 76 9993.000
99 77 17522.900
99 78 7096.800
99 79 13453.800
99 80 19594.600
99 81 5137.800
99 82 11918.100
99 83 12904.000
99 84 20493.100
99 85 3535.500
99 86 8473.100
99 87 15839.800
99 88 15171.000
99 89 14327.100
99 90 14663.900
99 91 4358.400
99 92 2507.900
99 93 5125.300
99 94 13434.500
99 95 14921.000
99 96 10015.700
99 97 2256.100
99 98 9849.500
99 99 0.000
99 100 8072.600
100 0 7047.000
100 1 7243.500
100 2 9681.500
100 3 13955.600
100 4 3428.300
100 5 9043.400
100 6 9595.000
100 7 4994.500
100 8 15746.600
100 9 13858.400
100 10 6821.200
100 11 5966.700
100 12 4400.100
100 13 4743.300
100 14 3930.100
100 15 10165.100
100 16 9073.400
100 17 9257.600
100 18 4420.000
100 19 4275.600
100 20 5875.300
100 21 10767.400
100 22 7517.500
100 23 8052.000
100 24 7608.700
100 25 4366.700
100 26 5927.600
100 27 14390.400
100 28 7892.200
100 29 3643.300
100 30 6419.700
100 31 2079.100
100 32 7633.400
100 33 6689.300
100 34 4339.500
100 35 6489.500
100 36 5478.000
100 37 2891.900
100 38 5318.000
100 39 7072.300
100 40 10572.000
100 41 5018.200
100 42 7646.900
100 43 12506.700
100 44 11089.700
100 45 8521.500
100 46 12106.300
100 47 11481.400
100 48 13636.500
100 49 5256.300
100 50 4975.700
100 51 8856.100
100 52 6105.600
100 53 8682.000
100 54 3201.800
100 55 8426.100
100 56 7619.100
100 57 8115.400
100 58 4550.800
100 59 10905.900
100 60 4455.900
100 61 9524.300
100 62 4156.000
100 63 6681.800
100 64 9254.800
100 65 8993.200
100 66 4217.900
100 67 4415.000
100 68 13286.300
100 69 13223.200
100 70 8348.900
100 71 9707.500
100 72 6211.600
100 73 7010.700
100 74 10529.500
100 75 12919.600
100 76 8453.500
100 77 16575.200
100 78 6693.100
100 79 9451.300
100 80 14745.200
100 81 4346.900
100 82 7068.600
100 83 11364.400
100 84 15643.600
100 85 8429.300
100 86 2048.300
100 87 14300.200
100 88 9582.000
100 89 10235.200
100 90 7863.300
100 91 9785.500
100 92 5472.400
100 93 2369.600
100 94 7339.100
100 95 13381.500
100 96 3830.300
100 97 7207.600
100 98 3754.000
100 99 7374.800
100 100 0.000
