# i j distance_m; Euclidean drone distance; depot 0 + customers 1..100
0 0 0.000
0 1 2853.385
0 2 1498.552
0 3 5378.698
0 4 4123.204
0 5 2259.417
0 6 1336.766
0 7 4454.785
0 8 1829.079
0 9 3001.746
0 10 4257.595
0 11 1056.294
0 12 5211.161
0 13 3346.956
0 14 1933.407
0 15 2014.789
0 16 3319.486
0 17 3841.525
0 18 4818.774
0 19 3668.907
0 20 4370.464
0 21 3493.258
0 22 5531.036
0 23 5961.109
0 24 3322.786
0 25 5782.972
0 26 3138.780
0 27 3032.156
0 28 2393.327
0 29 5030.857
0 30 4889.386
0 31 4390.510
0 32 4304.010
0 33 4548.605
0 34 800.596
0 35 1304.565
0 36 4281.319
0 37 4761.474
0 38 5422.420
0 39 5092.560
0 40 1784.028
0 41 3955.293
0 42 3702.207
0 43 2125.547
0 44 1413.636
0 45 1022.280
0 46 3789.298
0 47 2612.110
0 48 2809.355
0 49 4593.950
0 50 5223.426
0 51 5822.209
0 52 6048.144
0 53 5565.170
0 54 2989.242
0 55 1115.166
0 56 4529.683
0 57 3574.141
0 58 2287.466
0 59 2395.736
0 60 382.846
0 61 2346.995
0 62 3691.407
0 63 5511.519
0 64 2826.225
0 65 4233.325
0 66 3904.511
0 67 2013.263
0 68 1934.377
0 69 6355.026
0 70 6616.518
0 71 6190.731
0 72 1417.678
0 73 2013.679
0 74 4088.831
0 75 5790.903
0 76 1618.357
0 77 2693.826
0 78 4710.544
0 79 2173.546
0 80 2102.578
0 81 4366.688
0 82 3092.786
0 83 2976.051
0 84 5415.462
0 85 1186.219
0 86 1682.764
0 87 2638.742
0 88 5081.381
0 89 4690.768
0 90 2419.855
0 91 5462.645
0 92 4372.600
0 93 3134.809
0 94 4392.004
0 95 4378.542
0 96 564.530
0 97 4270.497
0 98 3977.526
0 99 3765.560
0 100 4415.988
1 0 2853.385
1 1 0.000
1 2 4346.785
1 3 2554.736
1 4 4916.888
1 5 3209.359
1 6 1520.491
1 7 4580.528
1 8 3489.895
1 9 5513.473
1 10 4086.875
1 11 3798.254
1 12 2361.489
1 13 6039.036
1 14 1379.603
1 15 4666.485
1 16 3770.791
1 17 4939.921
1 18 3761.057
1 19 4447.383
1 20 4799.853
1 21 1983.718
1 22 6195.659
1 23 3166.842
1 24 2659.785
1 25 5246.929
1 26 1699.239
1 27 5044.640
1 28 2566.689
1 29 5508.952
1 30 4293.670
1 31 4894.882
1 32 2096.912
1 33 1966.884
1 34 3265.206
1 35 3137.223
1 36 2623.114
1 37 5475.357
1 38 5647.572
1 39 6954.190
1 40 3015.338
1 41 5071.182
1 42 3912.431
1 43 4490.356
1 44 2103.972
1 45 2406.337
1 46 4375.043
1 47 4490.062
1 48 5470.541
1 49 3950.893
1 50 4466.386
1 51 3372.653
1 52 7404.106
1 53 2753.347
1 54 3126.102
1 55 3227.767
1 56 5911.767
1 57 996.251
1 58 5103.531
1 59 4080.113
1 60 2602.828
1 61 4680.236
1 62 3634.496
1 63 6242.927
1 64 3754.906
1 65 5575.143
1 66 4311.724
1 67 846.130
1 68 2239.649
1 69 6212.968
1 70 7813.315
1 71 6445.366
1 72 4087.562
1 73 3567.248
1 74 2838.185
1 75 6908.349
1 76 1494.594
1 77 1803.123
1 78 5735.509
1 79 4757.456
1 80 4930.478
1 81 4332.107
1 82 2261.179
1 83 2111.268
1 84 6396.709
1 85 1829.055
1 86 3664.467
1 87 1260.223
1 88 6477.071
1 89 6118.015
1 90 2352.916
1 91 5774.781
1 92 5515.948
1 93 523.715
1 94 1540.623
1 95 1564.037
1 96 2750.386
1 97 3849.410
1 98 5863.051
1 99 916.228
1 100 1754.540
2 0 1498.552
2 1 4346.785
2 2 0.000
2 3 6853.580
2 4 4299.909
2 5 3092.591
2 6 2834.542
2 7 5202.203
2 8 2406.008
2 9 2217.923
2 10 5154.588
2 11 909.606
2 12 6707.015
2 13 2225.910
2 14 3307.986
2 15 1282.420
2 16 4102.242
2 17 4170.338
2 18 5967.597
2 19 4216.529
2 20 4714.126
2 21 4734.296
2 22 5596.884
2 23 7422.272
2 24 4516.178
2 25 6680.878
2 26 4528.405
2 27 2525.999
2 28 3521.137
2 29 5541.541
2 30 5652.914
2 31 4966.037
2 32 5741.142
2 33 5966.134
2 34 1296.707
2 35 1883.774
2 36 5620.863
2 37 4888.214
2 38 6019.411
2 39 4399.781
2 40 2461.968
2 41 3959.015
2 42 4276.745
2 43 1527.017
2 44 2631.182
2 45 2306.466
2 46 4148.805
2 47 2367.310
2 48 1819.311
2 49 5628.187
2 50 6243.685
2 51 7174.776
2 52 5637.159
2 53 7063.545
2 54 3764.278
2 55 1812.929
2 56 4563.364
2 57 5019.409
2 58 830.456
2 59 2694.270
2 60 1760.233
2 61 2002.004
2 62 4623.531
2 63 5837.224
2 64 3486.098
2 65 4034.298
2 66 4600.526
2 67 3510.247
2 68 3168.497
2 69 7049.199
2 70 6268.017
2 71 6709.828
2 72 758.697
2 73 2325.523
2 74 5349.103
2 75 5556.583
2 76 3083.834
2 77 3916.959
2 78 4653.818
2 79 1206.936
2 80 812.918
2 81 4946.252
2 82 4210.303
2 83 4274.272
2 84 5605.365
2 85 2597.724
2 86 1815.594
2 87 4077.566
2 88 5038.699
2 89 4365.771
2 90 3454.823
2 91 5731.663
2 92 4587.069
2 93 4632.315
2 94 5881.886
2 95 5877.084
2 96 1788.447
2 97 5036.933
2 98 3397.557
2 99 5261.004
2 100 5906.102
3 0 5378.698
3 1 2554.736
3 2 6853.580
3 3 0.000
3 4 6304.712
3 5 5553.371
3 6 4063.000
3 7 6338.337
3 8 5958.959
3 9 8050.259
3 10 5767.341
3 11 6349.716
3 12 723.570
3 13 8592.415
3 14 3616.410
3 15 7220.358
3 16 5837.542
3 17 7111.402
3 18 4882.519
3 19 6545.696
3 20 5964.666
3 21 2871.987
3 22 7280.504
3 23 645.317
3 24 4468.724
3 25 6446.502
3 26 3497.656
3 27 7106.517
3 28 4810.983
3 29 7329.571
3 30 4772.467
3 31 6806.620
3 32 2757.980
3 33 1212.889
3 34 5685.237
3 35 5407.973
3 36 3636.403
3 37 6707.570
3 38 7306.744
3 39 8772.583
3 40 5106.868
3 41 6634.608
3 42 5160.830
3 43 6764.099
3 44 4376.411
3 45 4948.295
3 46 5746.136
3 47 6550.110
3 48 8023.085
3 49 5349.279
3 50 5649.318
3 51 1711.397
3 52 8849.983
3 53 1206.999
3 54 4615.078
3 55 5768.762
3 56 8118.156
3 57 1876.046
3 58 7573.003
3 59 6507.393
3 60 5093.608
3 61 7202.955
3 62 5484.385
3 63 8124.345
3 64 6006.893
3 65 7202.521
3 66 6262.740
3 67 3397.093
3 68 4625.525
3 69 7561.470
3 70 9111.724
3 71 8032.342
3 72 6508.351
3 73 5643.040
3 74 4139.212
3 75 8232.580
3 76 4026.554
3 77 3413.229
3 78 7138.583
3 79 7110.276
3 80 7472.696
3 81 5273.054
3 82 3545.911
3 83 4048.425
3 84 8392.457
3 85 4265.827
3 86 5885.743
3 87 3430.988
3 88 8655.547
3 89 7733.904
3 90 4109.290
3 91 6659.587
3 92 7654.055
3 93 2460.632
3 94 1054.456
3 95 1381.893
3 96 5305.047
3 97 4636.245
3 98 7780.522
3 99 1708.276
3 100 1843.446
4 0 4123.204
4 1 4916.888
4 2 4299.909
4 3 6304.712
4 4 0.000
4 5 6328.860
4 6 4352.801
4 7 8468.395
4 8 5951.879
4 9 6517.716
4 10 8173.534
4 11 4785.483
4 12 6623.141
4 13 6436.614
4 14 3652.777
4 15 5551.548
4 16 7357.309
4 17 7963.974
4 18 8376.089
4 19 7776.138
4 20 597.686
4 21 3447.555
4 22 1415.139
4 23 6580.604
4 24 6956.472
4 25 9629.169
4 26 6312.927
4 27 2146.876
4 28 6243.369
4 29 9128.788
4 30 2220.832
4 31 8479.453
4 32 7011.688
4 33 5092.363
4 34 3426.428
4 35 2820.234
4 36 7432.783
4 37 639.934
4 38 9486.564
4 39 2691.071
4 40 2389.418
4 41 538.346
4 42 1146.023
4 43 2864.239
4 44 3230.624
4 45 4969.165
4 46 563.471
4 47 1989.912
4 48 6105.046
4 49 8344.074
4 50 8952.550
4 51 5532.640
4 52 2554.990
4 53 7181.506
4 54 1801.488
4 55 5231.847
4 56 8607.722
4 57 4720.902
4 58 4296.239
4 59 6498.918
4 60 3844.839
4 61 6182.905
4 62 7609.921
4 63 9633.887
4 64 6925.977
4 65 1049.181
4 66 7961.042
4 67 4590.090
4 68 5728.284
4 69 10351.800
4 70 2901.986
4 71 10273.454
4 72 3543.529
4 73 2124.397
4 74 7489.626
4 75 1996.694
4 76 4922.963
4 77 3151.622
4 78 840.929
4 79 3356.498
4 80 5064.650
4 81 1310.034
4 82 2822.274
4 83 6453.550
4 84 9532.811
4 85 3758.627
4 86 2563.957
4 87 5722.366
4 88 9140.168
4 89 1498.691
4 90 2568.424
4 91 1434.255
4 92 8487.948
4 93 5438.863
4 94 5830.932
4 95 6182.958
4 96 4662.002
4 97 1891.065
4 98 2078.222
4 99 5542.516
4 100 6570.411
5 0 2259.417
5 1 3209.359
5 2 3092.591
5 3 5553.371
5 4 6328.860
5 5 0.000
5 6 2277.519
5 7 2200.776
5 8 739.509
5 9 2852.908
5 10 2069.679
5 11 2183.024
5 12 5108.402
5 13 3589.843
5 14 3266.541
5 15 2447.402
5 16 1063.997
5 17 1809.532
5 18 2946.138
5 19 1468.597
5 20 6511.276
5 21 4802.558
5 22 7743.723
5 23 6197.807
5 24 1644.706
5 25 3603.600
5 26 2191.598
5 27 5248.749
5 28 779.506
5 29 2801.903
5 30 6732.310
5 31 2150.732
5 32 3407.581
5 33 5173.402
5 34 3048.993
5 35 3541.988
5 36 2938.507
5 37 6968.694
5 38 3167.275
5 39 7289.341
5 40 3942.225
5 41 6199.615
5 42 5754.503
5 43 4281.101
5 44 3234.169
5 45 1370.715
5 46 5943.350
5 47 4861.998
5 48 3056.609
5 49 2545.748
5 50 3154.264
5 51 6581.360
5 52 8303.940
5 53 5238.988
5 54 4960.072
5 55 1301.806
5 56 2726.301
5 57 4200.064
5 58 3879.206
5 59 1011.722
5 60 2488.402
5 61 1993.985
5 62 1530.980
5 63 3364.562
5 64 625.122
5 65 6492.408
5 66 1645.593
5 67 2590.176
5 68 970.291
5 69 4099.427
5 70 8875.779
5 71 3945.924
5 72 3457.616
5 73 4254.974
5 74 2510.571
5 75 8048.563
5 76 1856.391
5 77 4174.529
5 78 6956.050
5 79 4182.199
5 80 3125.063
5 81 6381.156
5 82 4682.242
5 83 1692.256
5 84 3373.604
5 85 2734.656
5 86 3941.806
5 87 2122.407
5 88 3298.861
5 89 6948.638
5 90 4224.060
5 91 7607.319
5 92 2390.895
5 93 3114.294
5 94 4504.301
5 95 4229.670
5 96 1695.874
5 97 6147.234
5 98 6193.412
5 99 3868.067
5 100 3977.610
6 0 1336.766
6 1 1520.491
6 2 2834.542
6 3 4063.000
6 4 4352.801
6 5 2277.519
6 6 0.000
6 7 4209.462
6 8 2277.134
6 9 4087.907
6 10 3854.670
6 11 2289.105
6 12 3874.799
6 13 4558.515
6 14 990.399
6 15 3187.406
6 16 3165.238
6 17 4083.980
6 18 4049.262
6 19 3721.892
6 20 4422.742
6 21 2570.683
6 22 5747.808
6 23 4659.711
6 24 2604.723
6 25 5280.071
6 26 2079.041
6 27 3895.272
6 28 1951.478
6 29 4990.280
6 30 4467.561
6 31 4335.948
6 32 3102.462
6 33 3314.378
6 34 1847.981
6 35 1918.780
6 36 3251.640
6 37 4977.427
6 38 5268.383
6 39 5921.245
6 40 2045.440
6 41 4349.624
6 42 3599.452
6 43 3172.161
6 44 1122.883
6 45 1058.274
6 46 3889.697
6 47 3376.945
6 48 3996.215
6 49 3991.286
6 50 4600.968
6 51 4655.502
6 52 6629.416
6 53 4232.019
6 54 2776.049
6 55 1830.431
6 56 4959.314
6 57 2314.175
6 58 3609.481
6 59 2910.693
6 60 1125.367
6 61 3298.809
6 62 3302.941
6 63 5617.742
6 64 2899.801
6 65 4761.342
6 66 3771.325
6 67 676.861
6 68 1446.240
6 69 6051.666
6 70 7126.546
6 71 6074.454
6 72 2643.278
6 73 2527.369
6 74 3197.459
6 75 6244.663
6 76 570.202
6 77 1899.114
6 78 5086.438
6 79 3358.398
6 80 3411.592
6 81 4185.148
6 82 2404.731
6 83 2116.529
6 84 5650.555
6 85 602.305
6 86 2451.191
6 87 1501.575
6 88 5533.535
6 89 5278.990
6 90 1992.129
6 91 5501.035
6 92 4662.942
6 93 1807.931
6 94 3061.034
6 95 3043.517
6 96 1267.323
6 97 3895.406
6 98 4796.133
6 99 2429.681
6 100 3106.646
7 0 4454.785
7 1 4580.528
7 2 5202.203
7 3 6338.337
7 4 8468.395
7 5 2200.776
7 6 4209.462
7 7 0.000
7 8 2803.125
7 9 4272.317
7 10 580.695
7 11 4304.734
7 12 5716.860
7 13 5071.809
7 14 5134.511
7 15 4297.694
7 16 1136.813
7 17 1557.474
7 18 1864.680
7 19 1103.701
7 20 8604.241
7 21 6478.952
7 22 9882.104
7 23 6958.637
7 24 1943.069
7 25 1558.265
7 26 2958.415
7 27 7447.657
7 28 2258.023
7 29 992.381
7 30 8628.394
7 31 625.083
7 32 3638.359
7 33 6362.151
7 34 5248.292
7 35 5720.089
7 36 2799.197
7 37 9105.980
7 38 1075.577
7 39 9481.999
7 40 6080.719
7 41 8370.869
7 42 7803.036
7 43 6472.615
7 44 5285.157
7 45 3508.600
7 46 8050.979
7 47 7062.034
7 48 4658.882
7 49 1216.060
7 50 1495.599
7 51 7729.625
7 52 10502.525
7 53 5617.822
7 54 6983.807
7 55 3479.784
7 56 2332.316
7 57 5531.913
7 58 5935.996
7 59 2584.653
7 60 4658.857
7 61 3615.906
7 62 949.136
7 63 1794.134
7 64 1716.476
7 65 8682.809
7 66 608.414
7 67 4270.336
7 68 2767.936
7 69 1900.268
7 70 11069.669
7 71 1883.652
7 72 5638.183
7 73 6430.824
7 74 2244.619
7 75 10234.303
7 76 3670.354
7 77 6001.342
7 78 9126.758
7 79 6343.987
7 80 5064.474
7 81 8394.522
7 82 6523.014
7 83 2473.582
7 84 2136.489
7 85 4759.204
7 86 6137.288
7 87 3321.200
7 88 2695.896
7 89 9145.538
7 90 6199.974
7 91 9693.160
7 92 1782.929
7 93 4255.034
7 94 5402.663
7 95 4964.445
7 96 3890.257
7 97 8081.223
7 98 8391.406
7 99 4892.405
7 100 4508.883
8 0 1829.079
8 1 3489.895
8 2 2406.008
8 3 5958.959
8 4 5951.879
8 5 739.509
8 6 2277.134
8 7 2803.125
8 8 0.000
8 9 2201.249
8 10 2755.678
8 11 1502.702
8 12 5577.813
8 13 2900.109
8 14 3243.712
8 15 1710.653
8 16 1696.356
8 17 2012.455
8 18 3685.446
8 19 1882.253
8 20 6192.702
8 21 4846.246
8 22 7358.012
8 23 6596.574
8 24 2359.460
8 25 4276.316
8 26 2771.811
8 27 4687.288
8 28 1411.484
8 29 3245.195
8 30 6588.556
8 31 2626.149
8 32 4023.530
8 33 5445.059
8 34 2563.275
8 35 3131.979
8 36 3629.013
8 37 6589.713
8 38 3678.107
8 39 6697.803
8 40 3602.304
8 41 5769.936
8 42 5493.575
8 43 3693.306
8 44 3038.015
8 45 1225.176
8 46 5613.421
8 47 4345.621
8 48 2351.462
8 49 3272.305
8 50 3872.059
8 51 6835.811
8 52 7785.028
8 53 5764.683
8 54 4738.314
8 55 727.140
8 56 2749.408
8 57 4445.230
8 58 3169.453
8 59 635.343
8 60 2136.384
8 61 1325.365
8 62 2241.399
8 63 3686.120
8 64 1088.743
8 65 6013.997
8 66 2208.330
8 67 2752.830
8 68 1360.599
8 69 4673.668
8 70 8376.792
8 71 4416.297
8 72 2847.510
8 73 3836.709
8 74 3228.612
8 75 7576.500
8 76 2014.434
8 77 4140.640
8 78 6522.368
8 79 3541.899
8 80 2388.019
8 81 6145.613
8 82 4621.158
8 83 2325.985
8 84 3589.238
8 85 2597.972
8 86 3465.703
8 87 2576.249
8 88 3316.140
8 89 6443.199
8 90 4067.110
8 91 7287.021
8 92 2549.325
8 93 3498.480
8 94 4904.678
8 95 4691.358
8 96 1312.622
8 97 5982.995
8 98 5623.552
8 99 4251.705
8 100 4504.455
9 0 3001.746
9 1 5513.473
9 2 2217.923
9 3 8050.259
9 4 6517.716
9 5 2852.908
9 6 4087.907
9 7 4272.317
9 8 2201.249
9 9 0.000
9 10 4474.472
9 11 1962.827
9 12 7724.184
9 13 799.920
9 14 4899.750
9 15 1017.166
9 16 3442.468
9 17 2820.498
9 18 5650.871
9 19 3168.762
9 20 6923.198
9 21 6489.449
9 22 7806.410
9 23 8675.163
9 24 4490.702
9 25 5828.161
9 26 4972.934
9 27 4669.120
9 28 3599.183
9 29 4219.576
9 30 7761.267
9 31 3814.019
9 32 6223.992
9 33 7399.633
9 34 3301.692
9 35 3959.773
9 36 5791.171
9 37 7104.772
9 38 4765.885
9 39 6340.920
9 40 4542.605
9 41 6171.383
9 42 6437.292
9 43 3712.432
9 44 4410.864
9 45 3107.136
9 46 6352.323
9 47 4574.627
9 48 513.818
9 49 5125.581
9 50 5647.204
9 51 8739.915
9 52 7706.606
9 53 7943.705
9 54 5845.644
9 55 2285.788
9 56 2772.574
9 57 6395.734
9 58 2455.005
9 59 1889.070
9 60 3382.206
9 61 876.427
9 62 4093.758
9 63 4247.104
9 64 2824.207
9 65 6213.863
9 66 3693.493
9 67 4698.909
9 68 3545.924
9 69 5848.422
9 70 8354.893
9 71 5291.938
9 72 2974.647
9 73 4504.768
9 74 5347.948
9 75 7700.435
9 76 4024.869
9 77 5695.050
9 78 6852.977
9 79 3299.951
9 80 1497.984
9 81 7112.391
9 82 6088.446
9 83 4519.910
9 84 3878.856
9 85 4155.894
9 86 4004.791
9 87 4747.692
9 88 3120.307
9 89 6501.572
9 90 5387.883
9 91 7948.882
9 92 3007.488
9 93 5610.155
9 94 7003.918
9 95 6839.469
9 96 2827.307
9 97 7138.856
9 98 5460.317
9 99 6347.292
9 100 6688.703
10 0 4257.595
10 1 4086.875
10 2 5154.588
10 3 5767.341
10 4 8173.534
10 5 2069.679
10 6 3854.670
10 7 580.695
10 8 2755.678
10 9 4474.472
10 10 0.000
10 11 4245.731
10 12 5140.280
10 13 5271.708
10 14 4740.000
10 15 4368.093
10 16 1076.833
10 17 1941.515
10 18 1349.663
10 19 1381.243
10 20 8275.148
10 21 6017.976
10 22 9581.549
10 23 6384.837
10 24 1427.782
10 25 1535.362
10 26 2429.417
10 27 7283.610
10 28 1930.858
10 29 1570.315
10 30 8212.440
10 31 1155.222
10 32 3058.796
10 33 5823.569
10 34 5058.068
10 35 5480.828
10 36 2218.716
10 37 8806.888
10 38 1575.014
10 39 9336.343
10 40 5798.529
10 41 8108.758
10 42 7452.893
10 43 6334.475
10 44 4957.892
10 45 3266.637
10 46 7733.850
10 47 6867.789
10 48 4817.217
10 49 713.301
10 50 1172.967
10 51 7180.145
10 52 10291.241
10 53 5037.174
10 54 6626.873
10 55 3371.135
10 56 2819.509
10 57 5018.644
10 58 5925.001
10 59 2669.646
10 60 4421.018
10 61 3743.982
10 62 568.788
10 63 2373.854
10 64 1725.100
10 65 8450.434
10 66 841.951
10 67 3843.817
10 68 2445.397
10 69 2199.516
10 70 10840.757
10 71 2361.146
10 72 5521.766
10 73 6183.667
10 74 1663.981
10 75 9988.859
10 76 3297.096
10 77 5583.078
10 78 8861.510
10 79 6251.118
10 80 5108.245
10 81 8024.565
10 82 6103.595
10 83 1976.832
10 84 2712.241
10 85 4427.918
10 86 5927.482
10 87 2836.252
10 88 3226.039
10 89 8929.782
10 90 5829.346
10 91 9355.658
10 92 2270.655
10 93 3734.314
10 94 4843.389
10 95 4396.966
10 96 3697.970
10 97 7681.064
10 98 8229.807
10 99 4348.837
10 100 3933.989
11 0 1056.294
11 1 3798.254
11 2 909.606
11 3 6349.716
11 4 4785.483
11 5 2183.024
11 6 2289.105
11 7 4304.734
11 8 1502.702
11 9 1962.827
11 10 4245.731
11 11 0.000
11 12 6124.746
11 13 2295.802
11 14 2986.349
11 15 960.880
11 16 3197.001
11 17 3351.201
11 18 5071.298
11 19 3344.134
11 20 5121.837
11 21 4547.916
11 22 6150.561
11 23 6948.816
11 24 3636.100
11 25 5773.510
11 26 3732.298
11 27 3262.694
11 28 2637.199
11 29 4687.715
11 30 5829.375
11 31 4094.417
11 32 4973.549
11 33 5575.433
11 34 1397.646
11 35 2058.142
11 36 4783.731
11 37 5405.968
11 38 5149.531
11 39 5228.307
11 40 2626.570
11 41 4519.966
11 42 4552.409
11 43 2250.951
11 44 2452.037
11 45 1528.287
11 46 4539.743
11 47 2991.714
11 48 1753.329
11 49 4720.683
11 50 5334.930
11 51 6869.091
11 52 6385.567
11 53 6432.302
11 54 3912.293
11 55 914.060
11 56 3855.169
11 57 4587.665
11 58 1709.658
11 59 1851.321
11 60 1429.293
11 61 1412.461
11 62 3713.939
11 63 5035.738
11 64 2588.549
11 65 4684.425
11 66 3706.676
11 67 2953.154
11 68 2322.007
11 69 6165.268
11 70 6998.151
11 71 5860.170
11 72 1395.304
11 73 2681.239
11 74 4481.743
11 75 6238.381
11 76 2401.274
11 77 3744.718
11 78 5252.316
11 79 2048.304
11 80 1158.333
11 81 5227.705
11 82 4127.221
11 83 3431.144
11 84 4847.611
11 85 2237.899
11 86 2221.771
11 87 3332.463
11 88 4369.325
11 89 5070.703
11 90 3425.771
11 91 6188.558
11 92 3810.128
11 93 4007.255
11 94 5335.347
11 95 5264.540
11 96 1062.782
11 97 5206.597
11 98 4179.962
11 99 4691.167
11 100 5229.014
12 0 5211.161
12 1 2361.489
12 2 6707.015
12 3 723.570
12 4 6623.141
12 5 5108.402
12 6 3874.799
12 7 5716.860
12 8 5577.813
12 9 7724.184
12 10 5140.280
12 11 6124.746
12 12 0.000
12 13 8311.871
12 14 3602.790
12 15 6949.315
12 16 5292.326
12 17 6579.301
12 18 4196.183
12 19 5998.450
12 20 6334.395
12 21 3180.789
12 22 7687.121
12 23 1260.999
12 24 3896.407
12 25 5751.078
12 26 2971.907
12 27 7219.116
12 28 4343.813
12 29 6709.200
12 30 5267.203
12 31 6210.046
12 32 2093.942
12 33 1651.940
12 34 5611.369
12 35 5414.975
12 36 2968.676
12 37 7071.648
12 38 6658.855
12 39 8986.092
12 40 5185.280
12 41 6908.998
12 42 5493.897
12 43 6779.916
12 44 4368.426
12 45 4658.831
12 46 6059.867
12 47 6658.718
12 48 7739.780
12 49 4686.902
12 50 4959.201
12 51 2425.924
12 52 9178.124
12 53 580.016
12 54 4870.830
12 55 5467.338
12 56 7588.265
12 57 1959.314
12 58 7464.189
12 59 6091.389
12 60 4963.742
12 61 6860.733
12 62 4894.328
12 63 7509.533
12 64 5516.841
12 65 7464.585
12 66 5681.861
12 67 3197.994
12 68 4221.531
12 69 6872.894
12 70 9481.110
12 71 7368.897
12 72 6436.640
12 73 5735.449
12 74 3490.973
12 75 8588.826
12 76 3740.189
12 77 3582.169
12 78 7463.547
12 79 7084.300
12 80 7270.809
12 81 5681.907
12 82 3809.103
12 83 3522.009
12 84 7800.853
12 85 4172.574
12 86 5920.342
12 87 3005.349
12 88 8112.541
12 89 8004.432
12 90 4272.257
12 91 7104.262
12 92 7106.322
12 93 2126.359
12 94 862.617
12 95 886.555
12 96 5064.162
12 97 5063.262
12 98 7952.802
12 99 1446.042
12 100 1211.889
13 0 3346.956
13 1 6039.036
13 2 2225.910
13 3 8592.415
13 4 6436.614
13 5 3589.843
13 6 4558.515
13 7 5071.809
13 8 2900.109
13 9 799.920
13 10 5271.708
13 11 2295.802
13 12 8311.871
13 13 0.000
13 14 5280.178
13 15 1372.990
13 16 4233.313
13 17 3608.193
13 18 6433.784
13 19 3968.380
13 20 6891.501
13 21 6822.206
13 22 7651.968
13 23 9204.749
13 24 5234.369
13 25 6627.092
13 26 5651.803
13 27 4449.913
13 28 4311.333
13 29 4995.155
13 30 7878.748
13 31 4607.375
13 32 6911.324
13 33 7864.025
13 34 3468.428
13 35 4095.381
13 36 6523.320
13 37 6989.738
13 38 5544.842
13 39 5937.753
13 40 4678.844
13 41 6041.172
13 42 6497.811
13 43 3574.655
13 44 4708.235
13 45 3654.562
13 46 6339.465
13 47 4451.641
13 48 572.187
13 49 5917.748
13 50 6444.636
13 51 9164.881
13 52 7368.994
13 53 8565.473
13 54 5985.544
13 55 2845.672
13 56 3476.166
13 57 6870.172
13 58 2176.265
13 59 2660.609
13 60 3709.301
13 61 1597.168
13 62 4881.906
13 63 4976.577
13 64 3607.608
13 65 6009.762
13 66 4493.369
13 67 5203.632
13 68 4204.540
13 69 6626.710
13 70 8025.532
13 71 6044.580
13 72 2962.739
13 73 4545.662
13 74 6098.156
13 75 7432.914
13 76 4576.786
13 77 6010.649
13 78 6677.667
13 79 3102.372
13 80 1413.473
13 81 7164.236
13 82 6358.870
13 83 5225.043
13 84 4577.305
13 85 4532.214
13 86 4034.074
13 87 5378.974
13 88 3760.522
13 89 6238.712
13 90 5623.609
13 91 7869.378
13 92 3760.145
13 93 6186.337
13 94 7558.769
13 95 7433.478
13 96 3294.822
13 97 7262.277
13 98 5152.324
13 99 6905.188
13 100 7322.215
14 0 1933.407
14 1 1379.603
14 2 3307.986
14 3 3616.410
14 4 3652.777
14 5 3266.541
14 6 990.399
14 7 5134.511
14 8 3243.712
14 9 4899.750
14 10 4740.000
14 11 2986.349
14 12 3602.790
14 13 5280.178
14 14 0.000
14 15 3937.763
14 16 4125.720
14 17 5074.053
14 18 4755.612
14 19 4702.972
14 20 3626.109
14 21 1615.949
14 22 4998.325
14 23 4148.239
14 24 3403.488
14 25 6100.113
14 26 2668.384
14 27 3671.413
14 28 2889.391
14 29 5950.328
14 30 3500.784
14 31 5298.796
14 32 3408.437
14 33 2659.682
14 34 2079.639
14 35 1812.325
14 36 3780.214
14 37 4247.222
14 38 6203.558
14 39 5576.727
14 40 1636.615
14 41 3749.277
14 42 2760.990
14 43 3177.282
14 44 766.626
14 45 2018.641
14 46 3139.499
14 47 3114.657
14 48 4738.978
14 49 4792.433
14 50 5377.007
14 51 3891.875
14 52 6078.985
14 53 4060.488
14 54 1933.105
14 55 2726.146
14 56 5946.874
14 57 1744.103
14 58 3978.269
14 59 3879.047
14 60 1581.552
14 61 4166.079
14 62 4206.112
14 63 6595.098
14 64 3887.450
14 65 4230.314
14 66 4726.735
14 67 947.591
14 68 2402.796
14 69 6938.068
14 70 6519.633
14 71 7012.168
14 72 2897.110
14 73 2189.683
14 74 3852.975
14 75 5619.299
14 76 1469.510
14 77 908.715
14 78 4444.641
14 79 3497.699
14 80 4007.972
14 81 3293.680
14 82 1417.312
14 83 2868.022
14 84 6638.231
14 85 748.518
14 86 2320.992
14 87 2083.457
14 88 6520.810
14 89 4769.724
14 90 1118.642
14 91 4670.968
14 92 5653.267
14 93 1867.229
14 94 2741.244
14 95 2895.223
14 96 2098.434
14 97 2946.761
14 98 4483.474
14 99 2217.984
14 100 3133.373
15 0 2014.789
15 1 4666.485
15 2 1282.420
15 3 7220.358
15 4 5551.548
15 5 2447.402
15 6 3187.406
15 7 4297.694
15 8 1710.653
15 9 1017.166
15 10 4368.093
15 11 960.880
15 12 6949.315
15 13 1372.990
15 14 3937.763
15 15 0.000
15 16 3291.659
15 17 3063.060
15 18 5387.088
15 19 3230.841
15 20 5936.606
15 21 5507.859
15 22 6869.876
15 23 7831.855
15 24 4063.872
15 25 5838.915
15 26 4362.459
15 27 3802.392
15 28 3090.623
15 29 4476.090
15 30 6744.746
15 31 3958.313
15 32 5623.836
15 33 6496.932
15 34 2285.536
15 35 2944.931
15 36 5310.472
15 37 6151.347
15 38 4988.981
15 39 5611.431
15 40 3526.757
15 41 5230.702
15 42 5428.224
15 43 2809.102
15 44 3412.307
15 45 2290.681
15 46 5361.417
15 47 3645.472
15 48 809.089
15 49 4942.552
15 50 5521.321
15 51 7809.572
15 52 6899.560
15 53 7217.293
15 54 4828.749
15 55 1496.865
15 56 3328.268
15 57 5500.592
15 58 1751.239
15 59 1714.121
15 60 2389.961
15 61 768.482
15 62 3897.865
15 63 4676.924
15 64 2643.011
15 65 5316.702
15 66 3690.259
15 67 3830.644
15 68 2908.719
15 69 6053.643
15 70 7536.176
15 71 5621.695
15 72 2016.638
15 73 3505.880
15 74 4932.624
15 75 6836.535
15 76 3210.231
15 77 4705.546
15 78 5933.084
15 79 2455.489
15 80 785.275
15 81 6103.893
15 82 5085.690
15 83 3976.606
15 84 4399.131
15 85 3189.595
15 86 3012.821
15 87 4046.617
15 88 3779.405
15 89 5643.495
15 90 4376.866
15 91 6976.849
15 92 3412.035
15 93 4822.961
15 94 6188.764
15 95 6074.251
15 96 1922.258
15 97 6122.223
15 98 4652.118
15 99 5536.216
15 100 5983.631
16 0 3319.486
16 1 3770.791
16 2 4102.242
16 3 5837.542
16 4 7357.309
16 5 1063.997
16 6 3165.238
16 7 1136.813
16 8 1696.356
16 9 3442.468
16 10 1076.833
16 11 3197.001
16 12 5292.326
16 13 4233.313
16 14 4125.720
16 15 3291.659
16 16 0.000
16 17 1292.290
16 18 2220.877
16 19 708.161
16 20 7513.578
16 21 5563.696
16 22 8772.254
16 23 6478.317
16 24 1412.803
16 25 2581.036
16 26 2340.147
16 27 6311.914
16 28 1248.970
16 29 1825.523
16 30 7625.505
16 31 1173.104
16 32 3338.825
16 33 5667.999
16 34 4111.849
16 35 4591.457
16 36 2647.022
16 37 7996.239
16 38 2130.361
16 39 8349.384
16 40 4967.898
16 41 7246.114
16 42 6730.686
16 43 5340.204
16 44 4204.719
16 45 2388.769
16 46 6953.359
16 47 5925.399
16 48 3760.432
16 49 1684.723
16 50 2234.911
16 51 7069.369
16 52 9366.463
16 53 5306.809
16 54 5920.347
16 55 2350.261
16 56 2299.336
16 57 4759.357
16 58 4859.977
16 59 1600.323
16 60 3532.078
16 61 2680.779
16 62 655.784
16 63 2492.792
16 64 648.838
16 65 7550.034
16 66 608.990
16 67 3323.654
16 68 1723.427
16 69 3036.157
16 70 9935.572
16 71 2925.764
16 72 4510.183
16 73 5303.439
16 74 2111.070
16 75 9103.663
16 76 2658.202
16 77 5017.039
16 78 8002.448
16 79 5224.392
16 80 4032.107
16 81 7338.668
16 82 5536.172
16 83 1791.011
16 84 2627.087
16 85 3686.002
16 86 5002.234
16 87 2534.688
16 88 2821.010
16 89 8010.121
16 90 5153.993
16 91 8606.658
16 92 1816.818
16 93 3537.926
16 94 4829.946
16 95 4460.435
16 96 2755.065
16 97 7059.872
16 98 7256.142
16 99 4247.963
16 100 4091.850
17 0 3841.525
17 1 4939.921
17 2 4170.338
17 3 7111.402
17 4 7963.974
17 5 1809.532
17 6 4083.980
17 7 1557.474
17 8 2012.455
17 9 2820.498
17 10 1941.515
17 11 3351.201
17 12 6579.301
17 13 3608.193
17 14 5074.053
17 15 3063.060
17 16 1292.290
17 17 0.000
17 18 3281.266
17 19 609.446
17 20 8201.619
17 21 6609.059
17 22 9368.798
17 23 7754.253
17 24 2704.759
17 25 3064.648
17 26 3616.074
17 27 6612.933
17 28 2374.406
17 29 1420.536
17 30 8522.620
17 31 1011.112
17 32 4628.251
17 33 6878.380
17 34 4562.722
17 35 5143.810
17 36 3909.844
17 37 8601.468
17 38 1953.854
17 39 8565.385
17 40 5611.413
17 41 7773.635
17 42 7486.702
17 43 5602.083
17 44 4993.291
17 45 3121.716
17 46 7623.547
17 47 6314.015
17 48 3258.682
17 49 2654.611
17 50 3041.913
17 51 8286.592
17 52 9733.178
17 53 6599.063
17 54 6713.633
17 55 2733.347
17 56 1008.965
17 57 5936.112
17 58 4799.162
17 59 1502.650
17 60 4142.436
17 61 2310.035
17 62 1822.125
17 63 1688.484
17 64 1200.714
17 65 7997.187
17 66 1104.081
17 67 4384.368
17 68 2743.169
17 69 3034.767
17 70 10339.434
17 71 2559.042
17 72 4746.350
17 73 5846.523
17 74 3359.229
17 75 9558.788
17 76 3660.462
17 77 5982.542
17 78 8523.557
17 79 5371.121
17 80 3848.123
17 81 8129.942
17 82 6487.987
17 83 3064.306
17 84 1586.211
17 85 4514.069
17 86 5461.877
17 87 3748.662
17 88 1548.890
17 89 8407.460
17 90 6004.417
17 91 9296.852
17 92 582.680
17 93 4762.307
17 94 6091.629
17 95 5739.219
17 96 3316.973
17 97 7929.547
17 98 7530.392
17 99 5492.048
17 100 5382.032
18 0 4818.774
18 1 3761.057
18 2 5967.597
18 3 4882.519
18 4 8376.089
18 5 2946.138
18 6 4049.262
18 7 1864.680
18 8 3685.446
18 9 5650.871
18 10 1349.663
18 11 5071.298
18 12 4196.183
18 13 6433.784
18 14 4755.612
18 15 5387.088
18 16 2220.877
18 17 3281.266
18 18 0.000
18 19 2699.335
18 20 8381.556
18 21 5742.838
18 22 9747.217
18 23 5456.809
18 24 1497.372
18 25 1575.542
18 26 2103.594
18 27 7817.880
18 28 2456.215
18 29 2768.401
18 30 8050.395
18 31 2482.254
18 32 2134.072
18 33 5185.512
18 34 5597.521
18 35 5892.764
18 36 1269.304
18 37 8987.555
18 38 2566.208
18 39 9878.595
18 40 6092.933
18 41 8397.702
18 42 7514.397
18 43 6944.253
18 44 5165.079
18 45 3798.463
18 46 7884.038
18 47 7344.128
18 48 5938.364
18 49 648.970
18 50 769.585
18 51 6445.187
18 52 10674.317
18 53 3982.412
18 54 6688.273
18 55 4157.781
18 56 4167.790
18 57 4547.578
18 58 6780.923
18 59 3775.308
18 60 4882.771
18 61 4854.526
18 62 1565.125
18 63 3558.692
18 64 2826.937
18 65 8807.262
18 66 2177.207
18 67 3808.099
18 68 2884.438
18 69 2678.954
18 70 11175.787
18 71 3204.698
18 72 6197.123
18 73 6553.709
18 74 923.609
18 75 10292.432
18 76 3486.010
18 77 5480.998
18 78 9130.173
18 79 6952.719
18 80 6069.642
18 81 8014.802
18 82 5979.409
18 83 1932.893
18 84 3968.793
18 85 4651.561
18 86 6393.247
18 87 2674.085
18 88 4558.596
18 89 9319.176
18 90 5873.836
18 91 9421.090
18 92 3618.145
18 93 3296.882
18 94 4092.499
18 95 3588.518
18 96 4303.132
18 97 7581.958
18 98 8752.787
18 99 3734.173
18 100 3055.636
19 0 3668.907
19 1 4447.383
19 2 4216.529
19 3 6545.696
19 4 7776.138
19 5 1468.597
19 6 3721.892
19 7 1103.701
19 8 1882.253
19 9 3168.762
19 10 1381.243
19 11 3344.134
19 12 5998.450
19 13 3968.380
19 14 4702.972
19 15 3230.841
19 16 708.161
19 17 609.446
19 18 2699.335
19 19 0.000
19 20 7973.814
19 21 6190.809
19 22 9189.305
19 23 7186.460
19 24 2110.238
19 25 2661.122
19 26 3048.235
19 27 6568.199
19 28 1890.060
19 29 1364.958
19 30 8187.919
19 31 750.368
19 32 4027.244
19 33 6361.784
19 34 4432.472
19 35 4969.798
19 36 3300.876
19 37 8415.985
19 38 1805.413
19 39 8568.177
19 40 5396.059
19 41 7624.198
19 42 7222.741
19 43 5570.203
19 44 4702.637
19 45 2837.214
19 46 7403.151
19 47 6225.976
19 48 3557.949
19 49 2087.380
19 50 2525.713
19 51 7765.934
19 52 9666.879
19 53 6003.687
19 54 6428.440
19 55 2603.171
19 56 1602.009
19 57 5440.437
19 58 4912.188
19 59 1536.110
19 60 3931.419
19 61 2526.383
19 62 1213.434
19 63 1898.450
19 64 851.987
19 65 7887.588
19 66 544.330
19 67 3951.048
19 68 2315.812
19 69 2838.131
19 70 10256.372
19 71 2534.266
19 72 4719.769
19 73 5681.483
19 74 2749.793
19 75 9449.274
19 76 3252.835
19 77 5605.909
19 78 8379.379
19 79 5391.899
19 80 4007.992
19 81 7849.579
19 82 6120.046
19 83 2498.700
19 84 1958.295
19 85 4200.510
19 86 5334.762
19 87 3226.019
19 88 2114.096
19 89 8323.161
19 90 5687.598
19 91 9070.299
19 92 1108.809
19 93 4234.570
19 94 5536.867
19 95 5168.500
19 96 3116.945
19 97 7608.180
19 98 7502.216
19 99 4950.956
19 100 4795.922
20 0 4370.464
20 1 4799.853
20 2 4714.126
20 3 5964.666
20 4 597.686
20 5 6511.276
20 6 4422.742
20 7 8604.241
20 8 6192.702
20 9 6923.198
20 10 8275.148
20 11 5121.837
20 12 6334.395
20 13 6891.501
20 14 3626.109
20 15 5936.606
20 16 7513.578
20 17 8201.619
20 18 8381.556
20 19 7973.814
20 20 0.000
20 21 3158.601
20 22 1397.060
20 23 6195.526
20 24 7003.424
20 25 9695.175
20 26 6291.644
20 27 2704.434
20 28 6355.645
20 29 9311.317
20 30 1649.072
20 31 8657.395
20 32 6893.477
20 33 4753.942
20 34 3733.549
20 35 3092.330
20 36 7376.621
20 37 743.272
20 38 9642.543
20 39 3242.317
20 40 2590.458
20 41 1135.983
20 42 887.703
20 43 3341.729
20 44 3320.471
20 45 5141.048
20 46 583.712
20 47 2484.209
20 48 6531.578
20 49 8395.802
20 50 8991.751
20 51 5076.420
20 52 2908.425
20 53 6903.288
20 54 1696.003
20 55 5485.612
20 56 8893.658
20 57 4487.534
20 58 4782.282
20 59 6765.287
20 60 4059.320
20 61 6531.863
20 62 7718.751
20 63 9852.759
20 64 7121.873
20 65 1624.849
20 66 8121.581
20 67 4573.700
20 68 5841.070
20 69 10468.382
20 70 3149.557
20 71 10438.991
20 72 3955.707
20 73 2441.541
20 74 7478.062
20 75 2268.611
20 76 4987.428
20 77 2999.401
20 78 1245.897
20 79 3847.564
20 80 5499.779
20 81 769.027
20 82 2597.293
20 83 6481.553
20 84 9781.921
20 85 3849.075
20 86 2923.986
20 87 5709.311
20 88 9437.690
20 89 2023.744
20 90 2508.965
20 91 1096.615
20 92 8741.115
20 93 5323.279
20 94 5575.075
20 95 5962.103
20 96 4884.712
20 97 1400.985
20 98 2675.627
20 99 5346.594
20 100 6384.206
21 0 3493.258
21 1 1983.718
21 2 4734.296
21 3 2871.987
21 4 3447.555
21 5 4802.558
21 6 2570.683
21 7 6478.952
21 8 4846.246
21 9 6489.449
21 10 6017.976
21 11 4547.916
21 12 3180.789
21 13 6822.206
21 14 1615.949
21 15 5507.859
21 16 5563.696
21 17 6609.059
21 18 5742.838
21 19 6190.809
21 20 3158.601
21 21 0.000
21 22 4528.046
21 23 3216.666
21 24 4602.899
21 25 7227.754
21 26 3677.363
21 27 4352.814
21 28 4315.714
21 29 7363.903
21 30 2336.475
21 31 6726.472
21 32 3935.642
21 33 1669.955
21 34 3441.221
21 35 2954.275
21 36 4575.975
21 37 3892.731
21 38 7553.984
21 39 5910.845
21 40 2496.135
21 41 3762.840
21 42 2313.405
21 43 4202.010
21 44 2117.614
21 45 3622.521
21 46 2885.435
21 47 3814.313
21 48 6297.470
21 49 5927.117
21 50 6449.815
21 51 2511.288
21 52 6001.318
21 53 3746.193
21 54 1749.417
21 55 4341.993
21 56 7515.905
21 57 1365.110
21 58 5293.852
21 59 5480.654
21 60 3119.103
21 61 5775.990
21 62 5530.445
21 63 8056.157
21 64 5409.961
21 65 4330.607
21 66 6143.435
21 67 2241.329
21 68 3877.133
21 69 8175.203
21 70 6301.511
21 71 8359.772
21 72 4186.279
21 73 2968.197
21 74 4820.808
21 75 5408.106
21 76 2948.743
21 77 817.575
21 78 4286.559
21 79 4631.936
21 80 5491.984
21 81 2542.426
21 82 693.204
21 83 4047.598
21 84 8145.893
21 85 2339.826
21 86 3324.800
21 87 3187.380
21 88 8090.348
21 89 4862.168
21 90 1394.589
21 91 3992.836
21 92 7191.530
21 93 2455.623
21 94 2419.547
21 95 2831.268
21 96 3710.795
21 97 1968.587
21 98 4949.307
21 99 2264.219
21 100 3295.844
22 0 5531.036
22 1 6195.659
22 2 5596.884
22 3 7280.504
22 4 1415.139
22 5 7743.723
22 6 5747.808
22 7 9882.104
22 8 7358.012
22 9 7806.410
22 10 9581.549
22 11 6150.561
22 12 7687.121
22 13 7651.968
22 14 4998.325
22 15 6869.876
22 16 8772.254
22 17 9368.798
22 18 9747.217
22 19 9189.305
22 20 1397.060
22 21 4528.046
22 22 0.000
22 23 7463.060
22 24 8346.284
22 25 11027.787
22 26 7666.708
22 27 3214.712
22 28 7652.570
22 29 10543.147
22 30 2645.118
22 31 9894.207
22 32 8290.090
22 33 6078.886
22 34 4816.760
22 35 4226.571
22 36 8763.661
22 37 776.154
22 38 10901.643
22 39 2788.436
22 40 3804.440
22 41 1639.278
22 42 2284.588
22 43 4098.462
22 44 4629.179
22 45 6384.259
22 46 1863.688
22 47 3231.846
22 48 7368.319
22 49 9736.813
22 50 10340.481
22 51 6248.350
22 52 1847.983
22 53 8260.681
22 54 3080.835
22 55 6635.489
22 56 9992.191
22 57 5871.635
22 58 5478.761
22 59 7895.773
22 60 5258.592
22 61 7531.401
22 62 9019.214
22 63 11042.539
22 64 8339.660
22 65 1678.094
22 66 9376.146
22 67 5944.347
22 68 7137.195
22 69 11763.387
22 70 1883.725
22 71 11688.541
22 72 4853.367
22 73 3522.503
22 74 8850.413
22 75 1132.631
22 76 6317.074
22 77 4396.225
22 78 984.343
22 79 4550.346
22 80 6324.976
22 81 2008.667
22 82 3990.093
22 83 7834.520
22 84 10932.598
22 85 5158.938
22 86 3934.617
22 87 7080.484
22 88 10517.362
22 89 1680.246
22 90 3887.562
22 91 762.033
22 92 9887.175
22 93 6719.233
22 94 6947.564
22 95 7346.811
22 96 6073.722
22 97 2645.406
22 98 2746.114
22 99 6738.433
22 100 7776.817
23 0 5961.109
23 1 3166.842
23 2 7422.272
23 3 645.317
23 4 6580.604
23 5 6197.807
23 6 4659.711
23 7 6958.637
23 8 6596.574
23 9 8675.163
23 10 6384.837
23 11 6948.816
23 12 1260.999
23 13 9204.749
23 14 4148.239
23 15 7831.855
23 16 6478.317
23 17 7754.253
23 18 5456.809
23 19 7186.460
23 20 6195.526
23 21 3216.666
23 22 7463.060
23 23 0.000
23 24 5103.497
23 25 7008.811
23 26 4139.225
23 27 7535.902
23 28 5456.276
23 29 7950.749
23 30 4880.483
23 31 7436.397
23 32 3351.296
23 33 1566.001
23 34 6227.096
23 35 5911.259
23 36 4227.871
23 37 6937.362
23 38 7913.570
23 39 9121.379
23 40 5572.132
23 41 6946.182
23 42 5435.445
23 43 7254.339
23 44 4896.407
23 45 5569.657
23 46 6031.500
23 47 6985.371
23 48 8636.912
23 49 5945.598
23 50 6218.958
23 51 1460.252
23 52 9100.998
23 53 1586.242
23 54 4963.159
23 55 6391.023
23 56 8761.438
23 57 2407.493
23 58 8123.219
23 59 7149.079
23 60 5662.940
23 61 7832.309
23 62 6115.416
23 63 8748.089
23 64 6652.102
23 65 7520.435
23 66 6896.709
23 67 4002.069
23 68 5267.340
23 69 8132.659
23 70 9322.100
23 71 8628.353
23 72 7045.176
23 73 6095.079
23 74 4744.354
23 75 8460.062
23 76 4650.313
23 77 3846.047
23 78 7402.109
23 79 7621.641
23 80 8061.120
23 81 5472.081
23 82 3907.885
23 83 4690.490
23 84 9024.287
23 85 4825.933
23 86 6370.446
23 87 4075.544
23 88 9297.444
23 89 8041.534
23 90 4533.059
23 91 6805.482
23 92 8295.084
23 93 3099.875
23 94 1695.493
23 95 2018.612
23 96 5912.227
23 97 4825.145
23 98 8164.962
23 99 2344.970
23 100 2451.316
24 0 3322.786
24 1 2659.785
24 2 4516.178
24 3 4468.724
24 4 6956.472
24 5 1644.706
24 6 2604.723
24 7 1943.069
24 8 2359.460
24 9 4490.702
24 10 1427.782
24 11 3636.100
24 12 3896.407
24 13 5234.369
24 14 3403.488
24 15 4063.872
24 16 1412.803
24 17 2704.759
24 18 1497.372
24 19 2110.238
24 20 7003.424
24 21 4602.899
24 22 8346.284
24 23 5103.497
24 24 0.000
24 25 2696.838
24 26 1016.747
24 27 6321.778
24 28 999.336
24 29 2909.361
24 30 6830.340
24 31 2346.513
24 32 1928.724
24 33 4421.228
24 34 4100.149
24 35 4406.094
24 36 1311.165
24 37 7578.446
24 38 2996.109
24 39 8383.244
24 40 4633.129
24 41 6948.060
24 42 6155.286
24 43 5447.907
24 44 3727.595
24 45 2304.244
24 46 6484.292
24 47 5852.264
24 48 4700.243
24 49 1392.395
24 50 1996.270
24 51 5796.577
24 52 9203.751
24 53 3894.522
24 54 5325.424
24 55 2724.882
24 56 3710.145
24 57 3593.638
24 58 5339.151
24 59 2614.943
24 60 3387.314
24 61 3637.894
24 62 1025.896
24 63 3683.960
24 64 1783.143
24 65 7339.791
24 66 1794.119
24 67 2475.106
24 68 1389.445
24 69 3575.619
24 70 9718.131
24 71 3788.400
24 72 4708.910
24 73 5077.065
24 74 869.197
24 75 8842.495
24 76 2034.722
24 77 4208.209
24 78 7688.882
24 79 5466.267
24 80 4690.898
24 81 6696.499
24 82 4724.731
24 83 555.540
24 84 3925.441
24 85 3203.692
24 86 4900.845
24 87 1415.637
24 88 4221.469
24 89 7845.126
24 90 4515.056
24 91 8066.160
24 92 3214.179
24 93 2312.860
24 94 3492.313
24 95 3086.849
24 96 2814.270
24 97 6317.308
24 98 7258.112
24 99 2956.538
24 100 2689.161
25 0 5782.972
25 1 5246.929
25 2 6680.878
25 3 6446.502
25 4 9629.169
25 5 3603.600
25 6 5280.071
25 7 1558.265
25 8 4276.316
25 9 5828.161
25 10 1535.362
25 11 5773.510
25 12 5751.078
25 13 6627.092
25 14 6100.113
25 15 5838.915
25 16 2581.036
25 17 3064.648
25 18 1575.542
25 19 2661.122
25 20 9695.175
25 21 7227.754
25 22 11027.787
25 23 7008.811
25 24 2696.838
25 25 0.000
25 26 3550.485
25 27 8812.831
25 28 3420.064
25 29 1932.893
25 30 9500.760
25 31 2056.359
25 32 3707.497
25 33 6755.652
25 34 6583.477
25 35 6985.361
25 36 2844.618
25 37 10256.644
25 38 1476.119
25 39 10868.134
25 40 7274.195
25 41 9591.293
25 42 8851.141
25 43 7868.531
25 44 6399.509
25 45 4781.046
25 46 9169.211
25 47 8388.752
25 48 6217.079
25 49 1310.840
25 50 807.675
25 51 8020.589
25 52 11800.913
25 53 5499.633
25 54 8021.349
25 55 4905.393
25 56 3662.150
25 57 6085.187
25 58 7440.639
25 59 4125.203
25 60 5930.596
25 61 5170.442
25 62 2093.930
25 63 2557.775
25 64 3215.232
25 65 9951.377
25 66 2155.592
25 67 5167.581
25 68 3925.390
25 69 1138.997
25 70 12340.411
25 71 1834.634
25 72 7057.128
25 73 7681.417
25 74 2443.662
25 75 11479.312
25 76 4711.355
25 77 6891.502
25 78 10339.996
25 79 7785.725
25 80 6596.742
25 81 9392.430
25 82 7403.577
25 83 3236.405
25 84 3070.718
25 85 5870.659
25 86 7444.314
25 87 4070.242
25 88 3878.489
25 89 10438.805
25 90 7211.698
25 91 10761.666
25 92 3147.180
25 93 4813.141
25 94 5667.876
25 95 5163.759
25 96 5226.241
25 97 9002.379
25 98 9758.914
25 99 5295.909
25 100 4628.215
26 0 3138.780
26 1 1699.239
26 2 4528.405
26 3 3497.656
26 4 6312.927
26 5 2191.598
26 6 2079.041
26 7 2958.415
26 8 2771.811
26 9 4972.934
26 10 2429.417
26 11 3732.298
26 12 2971.907
26 13 5651.803
26 14 2668.384
26 15 4362.459
26 16 2340.147
26 17 3616.074
26 18 2103.594
26 19 3048.235
26 20 6291.644
26 21 3677.363
26 22 7666.708
26 23 4139.225
26 24 1016.747
26 25 3550.485
26 26 0.000
26 27 5967.134
26 28 1412.152
26 29 3925.763
26 30 5960.500
26 31 3354.271
26 32 1261.784
26 33 3404.528
26 34 3833.749
26 35 3994.140
26 36 1173.556
26 37 6914.078
26 38 4003.672
26 39 7999.914
26 40 4103.106
26 41 6370.328
26 42 5418.982
26 43 5192.749
26 44 3149.050
26 45 2223.132
26 46 5807.015
26 47 5454.733
26 48 5089.441
26 49 2251.678
26 50 2778.241
26 51 4781.533
26 52 8678.155
26 53 3054.426
26 54 4596.000
26 55 2888.249
26 56 4624.219
26 57 2593.190
26 58 5356.664
26 59 3200.463
26 60 3086.355
26 61 4096.705
26 62 2039.644
26 63 4696.920
26 64 2549.161
26 65 6811.629
26 66 2790.219
26 67 1723.617
26 68 1453.913
26 69 4517.734
26 70 9151.825
26 71 4788.455
26 72 4554.780
26 73 4602.479
26 74 1187.942
26 75 8258.497
26 76 1569.534
26 77 3377.735
26 78 7087.913
26 79 5306.304
26 80 4870.789
26 81 5911.587
26 82 3878.520
26 83 551.855
26 84 4921.848
26 85 2665.677
26 86 4522.047
26 87 592.964
26 88 5158.219
26 89 7337.566
26 90 3782.770
26 91 7322.287
26 92 4156.423
26 93 1306.251
26 94 2494.803
26 95 2123.146
26 96 2740.490
26 97 5481.394
26 98 6874.236
26 99 1941.432
26 100 1799.219
27 0 3032.156
27 1 5044.640
27 2 2525.999
27 3 7106.517
27 4 2146.876
27 5 5248.749
27 6 3895.272
27 7 7447.657
27 8 4687.288
27 9 4669.120
27 10 7283.610
27 11 3262.694
27 12 7219.116
27 13 4449.913
27 14 3671.413
27 15 3802.392
27 16 6311.914
27 17 6612.933
27 18 7817.880
27 19 6568.199
27 20 2704.434
27 21 4352.814
27 22 3214.712
27 23 7535.902
27 24 6321.778
27 25 8812.831
27 26 5967.134
27 27 0.000
27 28 5421.785
27 29 7927.129
27 30 4125.501
27 31 7313.437
27 32 6967.011
27 33 5969.911
27 34 2233.798
27 35 1977.040
27 36 7140.554
27 37 2605.403
27 38 8364.709
27 39 2062.911
27 40 2040.888
27 41 1663.561
27 42 2702.307
27 43 1013.829
27 44 2948.388
27 45 4047.633
27 46 2274.973
27 47 560.474
27 48 4204.290
27 49 7622.921
27 50 8252.359
27 51 6809.071
27 52 3124.646
27 53 7709.309
27 54 2701.710
27 55 3977.067
27 56 7079.052
27 57 5272.137
27 58 2273.681
27 59 5111.061
27 60 2935.276
27 61 4526.636
27 62 6719.532
27 63 8298.395
27 64 5762.920
27 65 1559.886
27 66 6874.081
27 67 4406.692
27 68 4946.671
27 69 9341.673
27 70 3746.246
27 71 9099.972
27 72 1867.717
27 73 1486.823
27 74 7034.190
27 75 3036.420
27 76 4403.536
27 77 3695.775
27 78 2233.441
27 79 1369.536
27 80 3171.478
27 81 3234.365
27 82 3664.337
27 83 5920.192
27 84 8101.222
27 85 3338.903
27 86 1445.118
27 87 5396.461
27 88 7562.969
27 89 1841.183
27 90 3003.530
27 91 3522.440
27 92 7068.946
27 93 5505.412
27 94 6359.697
27 95 6561.363
27 96 3586.592
27 97 3612.970
27 98 946.198
27 99 5882.639
27 100 6798.273
28 0 2393.327
28 1 2566.689
28 2 3521.137
28 3 4810.983
28 4 6243.369
28 5 779.506
28 6 1951.478
28 7 2258.023
28 8 1411.484
28 9 3599.183
28 10 1930.858
28 11 2637.199
28 12 4343.813
28 13 4311.333
28 14 2889.391
28 15 3090.623
28 16 1248.970
28 17 2374.406
28 18 2456.215
28 19 1890.060
28 20 6355.645
28 21 4315.714
28 22 7652.570
28 23 5456.276
28 24 999.336
28 25 3420.064
28 26 1412.152
28 27 5421.785
28 28 0.000
28 29 3065.355
28 30 6389.894
28 31 2418.344
28 32 2634.548
28 33 4506.131
28 34 3188.170
28 35 3565.414
28 36 2221.887
28 37 6877.476
28 38 3318.847
28 39 7483.974
28 40 3867.982
28 41 6180.160
28 42 5546.627
28 43 4512.713
28 44 3035.270
28 45 1374.157
28 46 5808.889
28 47 4978.882
28 48 3762.281
28 49 2201.208
28 50 2830.693
28 51 5915.212
28 52 8381.223
28 53 4461.801
28 54 4726.108
28 55 1725.550
28 56 3356.535
28 57 3562.549
28 58 4341.968
28 59 1789.791
28 60 2513.102
28 61 2728.156
28 62 1366.658
28 63 3740.520
28 64 1205.697
28 65 6531.678
28 66 1840.488
28 67 2074.986
28 68 515.466
28 69 4113.713
28 70 8921.195
28 71 4126.241
28 72 3746.102
28 73 4262.068
28 74 1855.777
28 75 8063.636
28 76 1420.018
28 77 3773.398
28 78 6932.030
28 79 4499.522
28 80 3696.795
28 81 6136.613
28 82 4293.704
28 83 921.766
28 84 3847.612
28 85 2506.757
28 86 4030.581
28 87 1391.362
28 88 3916.717
28 89 7019.107
28 90 3942.641
28 91 7441.223
28 92 2949.300
28 93 2402.609
28 94 3769.162
28 95 3470.267
28 96 1857.453
28 97 5832.599
28 98 6365.360
28 99 3146.511
28 100 3201.500
29 0 5030.857
29 1 5508.952
29 2 5541.541
29 3 7329.571
29 4 9128.788
29 5 2801.903
29 6 4990.280
29 7 992.381
29 8 3245.195
29 9 4219.576
29 10 1570.315
29 11 4687.715
29 12 6709.200
29 13 4995.155
29 14 5950.328
29 15 4476.090
29 16 1825.523
29 17 1420.536
29 18 2768.401
29 19 1364.958
29 20 9311.317
29 21 7363.903
29 22 10543.147
29 23 7950.749
29 24 2909.361
29 25 1932.893
29 26 3925.763
29 27 7927.129
29 28 3065.355
29 29 0.000
29 30 9450.635
29 31 655.877
29 32 4629.067
29 33 7329.275
29 34 5797.259
29 35 6329.329
29 36 3783.673
29 37 9768.716
29 38 554.947
29 39 9916.004
29 40 6743.732
29 41 8985.582
29 42 8542.974
29 43 6925.500
29 44 6016.812
29 45 4170.536
29 46 8744.795
29 47 7590.292
29 48 4671.526
29 49 2137.489
29 50 2233.970
29 51 8705.458
29 52 11030.167
29 53 6605.034
29 54 7737.816
29 55 3967.765
29 56 1754.407
29 57 6476.300
29 58 6201.099
29 59 2847.390
29 60 5284.809
29 61 3728.612
29 62 1888.289
29 63 805.242
29 64 2205.666
29 65 9252.457
29 66 1224.879
29 67 5131.272
29 68 3548.780
29 69 1632.234
29 70 11621.005
29 71 1173.162
29 72 6072.604
29 73 7041.747
29 74 3232.783
29 75 10814.029
29 76 4481.704
29 77 6838.602
29 78 9741.203
29 79 6730.258
29 80 5261.305
29 81 9157.765
29 82 7358.599
29 83 3420.926
29 84 1209.377
29 85 5503.107
29 86 6699.407
29 87 4249.889
29 88 1947.331
29 89 9687.660
29 90 6977.286
29 91 10406.801
29 92 1283.355
29 93 5210.261
29 94 6387.433
29 95 5954.300
29 96 4475.865
29 97 8885.283
29 98 8858.178
29 99 5865.717
29 100 5501.229
30 0 4889.386
30 1 4293.670
30 2 5652.914
30 3 4772.467
30 4 2220.832
30 5 6732.310
30 6 4467.561
30 7 8628.394
30 8 6588.556
30 9 7761.267
30 10 8212.440
30 11 5829.375
30 12 5267.203
30 13 7878.748
30 14 3500.784
30 15 6744.746
30 16 7625.505
30 17 8522.620
30 18 8050.395
30 19 8187.919
30 20 1649.072
30 21 2336.475
30 22 2645.118
30 23 4880.483
30 24 6830.340
30 25 9500.760
30 26 5960.500
30 27 4125.501
30 28 6389.894
30 29 9450.635
30 30 0.000
30 31 8798.343
30 32 6270.089
30 33 3616.866
30 34 4459.619
30 35 3804.042
30 36 6906.293
30 37 2292.398
30 38 9700.251
30 39 4891.266
30 40 3219.408
30 41 2743.207
30 42 1447.249
30 43 4521.138
30 44 3550.936
30 45 5404.345
30 46 1871.667
30 47 3764.768
30 48 7441.877
30 49 8191.651
30 50 8738.342
30 51 3610.612
30 52 4422.649
30 53 5847.173
30 54 1917.381
30 55 5950.316
30 56 9337.334
30 57 3673.255
30 58 5919.498
30 59 7210.087
30 60 4520.031
30 61 7217.493
30 62 7692.235
30 63 10084.937
30 64 7357.301
30 65 3267.312
30 66 8227.414
30 67 4368.626
30 68 5902.091
30 69 10400.453
30 70 4528.825
30 71 10509.237
30 72 4930.224
30 73 3351.411
30 74 7126.786
30 75 3728.314
30 76 4970.249
30 77 2629.611
30 78 2865.850
30 79 5035.760
30 80 6465.722
30 81 919.844
30 82 2108.849
30 83 6277.724
30 84 10102.221
30 85 4009.264
30 86 3860.415
30 87 5431.319
30 88 9904.661
30 89 3670.074
30 90 2522.659
30 91 1939.262
30 92 9093.666
30 93 4783.547
30 94 4627.818
30 95 5094.132
30 96 5301.389
30 97 622.859
30 98 4273.406
30 99 4579.505
30 100 5593.940
31 0 4390.510
31 1 4894.882
31 2 4966.037
31 3 6806.620
31 4 8479.453
31 5 2150.732
31 6 4335.948
31 7 625.083
31 8 2626.149
31 9 3814.019
31 10 1155.222
31 11 4094.417
31 12 6210.046
31 13 4607.375
31 14 5298.796
31 15 3958.313
31 16 1173.104
31 17 1011.112
31 18 2482.254
31 19 750.368
31 20 8657.395
31 21 6726.472
31 22 9894.207
31 23 7436.397
31 24 2346.513
31 25 2056.359
31 26 3354.271
31 27 7313.437
31 28 2418.344
31 29 655.877
31 30 8798.343
31 31 0.000
31 32 4156.902
31 33 6746.211
31 34 5163.659
31 35 5685.412
31 36 3346.030
31 37 9119.318
31 38 1055.128
31 39 9317.461
31 40 6092.888
31 41 8342.899
31 42 7887.311
31 43 6317.652
31 44 5361.069
31 45 3517.327
31 46 8091.790
31 47 6963.911
31 48 4233.763
31 49 1833.433
31 50 2109.246
31 51 8133.587
31 52 10406.735
31 53 6145.914
31 54 7081.939
31 55 3342.106
31 56 1708.685
31 57 5871.537
31 58 5655.078
31 59 2280.092
31 60 4637.099
31 61 3234.731
31 62 1322.973
31 63 1349.706
31 64 1564.883
31 65 8618.431
31 66 584.535
31 67 4489.612
31 68 2896.289
31 69 2096.647
31 70 10992.294
31 71 1800.234
31 72 5468.297
31 73 6398.289
31 74 2784.788
31 75 10178.817
31 76 3831.213
31 77 6189.687
31 78 9098.962
31 79 6142.257
31 80 4739.696
31 81 8501.906
31 82 6709.059
31 83 2831.321
31 84 1591.360
31 85 4847.235
31 86 6064.517
31 87 3640.367
31 88 2076.586
31 89 9059.960
31 90 6321.982
31 91 9752.608
31 92 1160.565
31 93 4618.462
31 94 5838.808
31 95 5425.625
31 96 3832.617
31 97 8231.261
31 98 8249.042
31 99 5294.669
31 100 4998.193
32 0 4304.010
32 1 2096.912
32 2 5741.142
32 3 2757.980
32 4 7011.688
32 5 3407.581
32 6 3102.462
32 7 3638.359
32 8 4023.530
32 9 6223.992
32 10 3058.796
32 11 4973.549
32 12 2093.942
32 13 6911.324
32 14 3408.437
32 15 5623.836
32 16 3338.825
32 17 4628.251
32 18 2134.072
32 19 4027.244
32 20 6893.477
32 21 3935.642
32 22 8290.090
32 23 3351.296
32 24 1928.724
32 25 3707.497
32 26 1261.784
32 27 6967.011
32 28 2634.548
32 29 4629.067
32 30 6270.089
32 31 4156.902
32 32 0.000
32 33 3099.104
32 34 4938.121
32 35 4996.179
32 36 878.456
32 37 7572.236
32 38 4565.157
32 39 8949.843
32 40 4997.540
32 41 7149.840
32 42 6005.777
32 43 6274.473
32 44 4041.463
32 45 3450.549
32 46 6471.664
32 47 6429.947
32 48 6350.130
32 49 2594.461
32 50 2903.537
32 51 4315.674
32 52 9482.523
32 53 1989.993
32 54 5223.005
32 55 4145.472
32 56 5629.239
32 57 2613.531
32 58 6563.717
32 59 4418.891
32 60 4195.661
32 61 5348.780
32 62 2863.064
32 63 5432.440
32 64 3681.582
32 65 7638.569
32 66 3655.666
32 67 2563.611
32 68 2715.607
32 69 4810.179
32 70 9904.594
32 71 5277.623
32 72 5702.379
32 73 5532.372
32 74 1399.712
32 75 9000.321
32 76 2687.859
32 77 3894.155
32 78 7826.227
32 79 6439.858
32 80 6119.954
32 81 6400.483
32 82 4328.371
32 83 1715.327
32 84 5746.742
32 85 3629.345
32 86 5533.649
32 87 1666.772
32 88 6126.471
32 89 8178.153
32 90 4444.500
32 91 7851.394
32 92 5120.615
32 93 1573.558
32 94 1974.612
32 95 1459.749
32 96 3955.855
32 97 5882.446
32 98 7837.123
32 99 1722.398
32 100 921.745
33 0 4548.605
33 1 1966.884
33 2 5966.134
33 3 1212.889
33 4 5092.363
33 5 5173.402
33 6 3314.378
33 7 6362.151
33 8 5445.059
33 9 7399.633
33 10 5823.569
33 11 5575.433
33 12 1651.940
33 13 7864.025
33 14 2659.682
33 15 6496.932
33 16 5667.999
33 17 6878.380
33 18 5185.512
33 19 6361.784
33 20 4753.942
33 21 1669.955
33 22 6078.886
33 23 1566.001
33 24 4421.228
33 25 6755.652
33 26 3404.528
33 27 5969.911
33 28 4506.131
33 29 7329.275
33 30 3616.866
33 31 6746.211
33 32 3099.104
33 33 0.000
33 34 4731.876
33 35 4374.384
33 36 3920.211
33 37 5496.505
33 38 7397.995
33 39 7580.252
33 40 4013.552
33 41 5428.076
33 42 3948.108
33 43 5704.818
33 44 3382.293
33 45 4312.937
33 46 4534.424
33 47 5419.499
33 48 7305.985
33 49 5538.599
33 50 5948.311
33 51 1409.556
33 52 7637.100
33 53 2231.426
33 54 3418.881
33 55 5124.638
33 56 7861.845
33 57 1005.978
33 58 6631.546
33 59 6043.344
33 60 4222.235
33 61 6592.630
33 62 5441.448
33 63 8093.917
33 64 5706.050
33 65 5998.031
33 66 6172.018
33 67 2712.246
33 68 4204.906
33 69 7816.923
33 70 7902.296
33 71 8170.533
33 72 5538.876
33 73 4531.815
33 74 4326.886
33 75 7021.152
33 76 3433.279
33 77 2281.725
33 78 5925.777
33 79 6086.504
33 80 6647.409
33 81 4070.254
33 82 2354.400
33 83 3914.935
33 84 8290.247
33 85 3376.758
33 86 4819.411
33 87 3135.792
33 88 8422.811
33 89 6527.022
33 90 2967.131
33 91 5472.779
33 92 7448.443
33 93 2131.311
33 94 1149.877
33 95 1676.084
33 96 4581.238
33 97 3438.937
33 98 6607.383
33 99 1477.858
33 100 2234.657
34 0 800.596
34 1 3265.206
34 2 1296.707
34 3 5685.237
34 4 3426.428
34 5 3048.993
34 6 1847.981
34 7 5248.292
34 8 2563.275
34 9 3301.692
34 10 5058.068
34 11 1397.646
34 12 5611.369
34 13 3468.428
34 14 2079.639
34 15 2285.536
34 16 4111.849
34 17 4562.722
34 18 5597.521
34 19 4432.472
34 20 3733.549
34 21 3441.221
34 22 4816.760
34 23 6227.096
34 24 4100.149
34 25 6583.477
34 26 3833.749
34 27 2233.798
34 28 3188.170
34 29 5797.259
34 30 4459.619
34 31 5163.659
34 32 4938.121
34 33 4731.876
34 34 0.000
34 35 662.536
34 36 4996.497
34 37 4057.402
34 38 6202.956
34 39 4295.811
34 40 1241.278
34 41 3211.039
34 42 3156.573
34 43 1362.208
34 44 1357.171
34 45 1814.117
34 46 3150.218
34 47 1814.162
34 48 2996.179
34 49 5389.374
34 50 6018.848
34 51 5899.642
34 52 5254.958
34 53 6018.302
34 54 2544.933
34 55 1836.136
34 56 5181.307
34 57 3820.642
34 58 1899.814
34 59 3079.893
34 60 747.814
34 61 2809.737
34 62 4491.993
34 63 6245.694
34 64 3599.294
34 65 3455.282
34 66 4690.922
34 67 2478.309
34 68 2717.643
34 69 7147.998
34 70 5830.560
34 71 6962.879
34 72 825.856
34 73 1303.432
34 74 4841.360
34 75 5016.803
34 76 2269.626
34 77 2624.779
34 78 3961.105
34 79 1510.912
34 80 2081.347
34 81 3832.307
34 82 2914.941
34 83 3724.770
34 84 6117.595
34 85 1439.026
34 86 902.745
34 87 3295.637
34 88 5715.668
34 89 3900.736
34 90 2163.713
34 91 4809.550
34 92 5072.077
34 93 3630.899
34 94 4762.312
34 95 4827.796
34 96 1361.789
34 97 3837.317
34 98 3178.325
34 99 4176.516
34 100 4941.233
35 0 1304.565
35 1 3137.223
35 2 1883.774
35 3 5407.973
35 4 2820.234
35 5 3541.988
35 6 1918.780
35 7 5720.089
35 8 3131.979
35 9 3959.773
35 10 5480.828
35 11 2058.142
35 12 5414.975
35 13 4095.381
35 14 1812.325
35 15 2944.931
35 16 4591.457
35 17 5143.810
35 18 5892.764
35 19 4969.798
35 20 3092.330
35 21 2954.275
35 22 4226.571
35 23 5911.259
35 24 4406.094
35 25 6985.361
35 26 3994.140
35 27 1977.040
35 28 3565.414
35 29 6329.329
35 30 3804.042
35 31 5685.412
35 32 4996.179
35 33 4374.384
35 34 662.536
35 35 0.000
35 36 5167.657
35 37 3457.744
35 38 6709.250
35 39 4008.256
35 40 585.613
35 41 2657.887
35 42 2494.526
35 43 1364.963
35 44 1046.802
35 45 2217.040
35 46 2508.710
35 47 1462.036
35 48 3640.635
35 49 5748.226
35 50 6374.337
35 51 5454.261
35 52 4815.920
35 53 5865.454
35 54 1894.386
35 55 2411.764
35 56 5803.785
35 57 3532.394
35 58 2345.575
35 59 3682.830
35 60 1062.073
35 61 3468.937
35 62 4912.047
35 63 6815.977
35 64 4123.663
35 65 2969.702
35 66 5186.062
35 67 2444.296
35 68 3065.046
35 69 7618.079
35 70 5360.009
35 71 7484.740
35 72 1243.096
35 73 713.058
35 74 5081.359
35 75 4514.760
35 76 2437.644
35 77 2156.317
35 78 3414.236
35 79 1712.155
35 80 2691.123
35 81 3170.108
35 82 2369.093
35 83 3974.129
35 84 6713.481
35 85 1367.309
35 86 537.716
35 87 3420.316
35 88 6345.694
35 89 3453.835
35 90 1602.194
35 91 4177.027
35 92 5669.074
35 93 3568.170
35 94 4553.568
35 95 4689.346
35 96 1853.466
35 97 3182.636
35 98 2881.336
35 99 4017.126
35 100 4875.866
36 0 4281.319
36 1 2623.114
36 2 5620.863
36 3 3636.403
36 4 7432.783
36 5 2938.507
36 6 3251.640
36 7 2799.197
36 8 3629.013
36 9 5791.171
36 10 2218.716
36 11 4783.731
36 12 2968.676
36 13 6523.320
36 14 3780.214
36 15 5310.472
36 16 2647.022
36 17 3909.844
36 18 1269.304
36 19 3300.876
36 20 7376.621
36 21 4575.975
36 22 8763.661
36 23 4227.871
36 24 1311.165
36 25 2844.618
36 26 1173.556
36 27 7140.554
36 28 2221.887
36 29 3783.673
36 30 6906.293
36 31 3346.030
36 32 878.456
36 33 3920.211
36 34 4996.497
36 35 5167.657
36 36 0.000
36 37 8021.791
36 38 3695.610
36 39 9172.870
36 40 5266.194
36 41 7514.011
36 42 6494.502
36 43 6357.687
36 44 4308.199
36 45 3322.013
36 46 6913.715
36 47 6628.029
36 48 5980.109
36 49 1718.298
36 50 2037.601
36 51 5177.173
36 52 9831.143
36 53 2822.279
36 54 5683.161
36 55 3896.923
36 56 4892.244
36 57 3324.082
36 58 6451.306
36 59 3923.320
36 60 4250.618
36 61 4930.712
36 62 2097.817
36 63 4588.821
36 64 3086.951
36 65 7967.250
36 66 2880.147
36 67 2853.061
36 68 2461.748
36 69 3936.807
36 70 10292.696
36 71 4400.485
36 72 5698.885
36 73 5771.721
36 74 561.962
36 75 9395.256
36 76 2740.290
36 77 4406.780
36 78 8221.732
36 79 6454.460
36 80 5889.841
36 81 6947.058
36 82 4881.551
36 83 1352.797
36 84 4926.518
36 85 3834.439
36 86 5695.502
36 87 1754.754
36 88 5363.788
36 89 8496.615
36 90 4877.575
36 91 8380.595
36 92 4366.235
36 93 2122.783
36 94 2823.261
36 95 2321.566
36 96 3846.559
36 97 6472.494
36 98 8047.468
36 99 2481.641
36 100 1797.372
37 0 4761.474
37 1 5475.357
37 2 4888.214
37 3 6707.570
37 4 639.934
37 5 6968.694
37 6 4977.427
37 7 9105.980
37 8 6589.713
37 9 7104.772
37 10 8806.888
37 11 5405.968
37 12 7071.648
37 13 6989.738
37 14 4247.222
37 15 6151.347
37 16 7996.239
37 17 8601.468
37 18 8987.555
37 19 8415.985
37 20 743.272
37 21 3892.731
37 22 776.154
37 23 6937.362
37 24 7578.446
37 25 10256.644
37 26 6914.078
37 27 2605.403
37 28 6877.476
37 29 9768.716
37 30 2292.398
37 31 9119.318
37 32 7572.236
37 33 5496.505
37 34 4057.402
37 35 3457.744
37 36 8021.791
37 37 0.000
37 38 10125.742
37 39 2669.032
37 40 3028.545
37 41 951.065
37 42 1592.183
37 43 3417.219
37 44 3857.192
37 45 5608.408
37 46 1108.157
37 47 2541.010
37 48 6680.004
37 49 8967.945
37 50 9573.664
37 51 5802.107
37 52 2172.372
37 53 7638.851
37 54 2349.636
37 55 5868.731
37 56 9237.523
37 57 5209.759
37 58 4829.302
37 59 7133.373
37 60 4484.736
37 61 6796.747
37 62 8244.133
37 63 10272.657
37 64 7565.884
37 65 1197.615
37 66 8600.294
37 67 5190.527
37 68 6362.167
37 69 10987.693
37 70 2409.600
37 71 10913.096
37 72 4136.617
37 73 2758.036
37 74 8095.105
37 75 1525.348
37 76 5547.170
37 77 3686.599
37 78 599.718
37 79 3891.475
37 80 5636.827
37 81 1483.628
37 82 3311.722
37 83 7070.240
37 84 10168.597
37 85 4386.505
37 86 3184.946
37 87 6325.695
37 88 9767.081
37 89 1443.707
37 90 3144.944
37 91 925.499
37 92 9123.473
37 93 5998.916
37 94 6304.801
37 95 6682.158
37 96 5301.506
37 97 2129.079
37 98 2320.425
37 99 6057.404
37 100 7092.477
38 0 5422.420
38 1 5647.572
38 2 6019.411
38 3 7306.744
38 4 9486.564
38 5 3167.275
38 6 5268.383
38 7 1075.577
38 8 3678.107
38 9 4765.885
38 10 1575.014
38 11 5149.531
38 12 6658.855
38 13 5544.842
38 14 6203.558
38 15 4988.981
38 16 2130.361
38 17 1953.854
38 18 2566.208
38 19 1805.413
38 20 9642.543
38 21 7553.984
38 22 10901.643
38 23 7913.570
38 24 2996.109
38 25 1476.119
38 26 4003.672
38 27 8364.709
38 28 3318.847
38 29 554.947
38 30 9700.251
38 31 1055.128
38 32 4565.157
38 33 7397.995
38 34 6202.956
38 35 6709.250
38 36 3695.610
38 37 10125.742
38 38 0.000
38 39 10372.098
38 40 7097.210
38 41 9366.744
38 42 8852.981
38 43 7370.961
38 44 6329.305
38 45 4517.402
38 46 9083.445
38 47 8008.346
38 48 5211.887
38 49 1985.089
38 50 1928.157
38 51 8749.930
38 52 11452.205
38 53 6507.682
38 54 8037.838
38 55 4389.968
38 56 2292.543
38 57 6589.736
38 58 6700.081
38 59 3329.461
38 60 5654.004
38 61 4250.538
38 62 2023.547
38 63 1084.739
38 64 2605.897
38 65 9654.960
38 66 1525.643
38 67 5345.286
38 68 3822.787
38 69 1082.542
38 70 12033.473
38 71 809.053
38 72 6522.502
38 73 7422.210
38 74 3169.259
38 75 11213.323
38 76 4736.569
38 77 7074.549
38 78 10123.199
38 79 7197.290
38 80 5773.107
38 81 9452.417
38 82 7596.192
38 83 3537.007
38 84 1595.082
38 85 5806.930
38 86 7101.583
38 87 4390.140
38 88 2431.442
38 89 10102.541
38 90 7260.455
38 91 10734.714
38 92 1836.637
38 93 5307.360
38 94 6406.082
38 95 5947.680
38 96 4860.926
38 97 9149.525
38 98 9301.659
38 99 5922.413
38 100 5464.816
39 0 5092.560
39 1 6954.190
39 2 4399.781
39 3 8772.583
39 4 2691.071
39 5 7289.341
39 6 5921.245
39 7 9481.999
39 8 6697.803
39 9 6340.920
39 10 9336.343
39 11 5228.307
39 12 8986.092
39 13 5937.753
39 14 5576.727
39 15 5611.431
39 16 8349.384
39 17 8565.385
39 18 9878.595
39 19 8568.177
39 20 3242.317
39 21 5910.845
39 22 2788.436
39 23 9121.379
39 24 8383.244
39 25 10868.134
39 26 7999.914
39 27 2062.911
39 28 7483.974
39 29 9916.004
39 30 4891.266
39 31 9317.461
39 32 8949.843
39 33 7580.252
39 34 4295.811
39 35 4008.256
39 36 9172.870
39 37 2669.032
39 38 10372.098
39 39 0.000
39 40 3954.267
39 41 2220.483
39 42 3762.183
39 43 3009.390
39 44 4908.415
39 45 6109.917
39 46 3168.244
39 47 2546.226
39 48 5837.535
39 49 9685.181
39 50 10314.658
39 51 8176.318
39 52 1535.113
39 53 9511.038
39 54 4161.458
39 55 6002.637
39 56 8938.979
39 57 7028.437
39 58 3895.634
39 59 7075.144
39 60 4995.983
39 61 6371.464
39 62 8774.218
39 63 10236.826
39 64 7782.761
39 65 1649.982
39 66 8899.851
39 67 6388.049
39 68 7009.541
39 69 11368.569
39 70 2181.346
39 71 11088.457
39 72 3850.371
39 73 3418.084
39 74 9086.040
39 75 1914.601
39 76 6445.733
39 77 5403.951
39 78 2069.321
39 79 3194.775
39 80 4883.825
39 81 3995.892
39 82 5227.685
39 83 7974.534
39 84 9998.506
39 85 5345.244
39 86 3490.334
39 87 7421.057
39 88 9384.641
39 89 1229.104
39 90 4716.951
39 91 3453.345
39 92 8986.052
39 93 7441.691
39 94 8145.036
39 95 8409.749
39 96 5643.453
39 97 4579.070
39 98 1127.577
39 99 7735.342
39 100 8702.472
40 0 1784.028
40 1 3015.338
40 2 2461.968
40 3 5106.868
40 4 2389.418
40 5 3942.225
40 6 2045.440
40 7 6080.719
40 8 3602.304
40 9 4542.605
40 10 5798.529
40 11 2626.570
40 12 5185.280
40 13 4678.844
40 14 1636.615
40 15 3526.757
40 16 4967.898
40 17 5611.413
40 18 6092.933
40 19 5396.059
40 20 2590.458
40 21 2496.135
40 22 3804.440
40 23 5572.132
40 24 4633.129
40 25 7274.195
40 26 4103.106
40 27 2040.888
40 28 3867.982
40 29 6743.732
40 30 3219.408
40 31 6092.888
40 32 4997.540
40 33 4013.552
40 34 1241.278
40 35 585.613
40 36 5266.194
40 37 3028.545
40 38 7097.210
40 39 3954.267
40 40 0.000
40 41 2317.963
40 42 1933.228
40 43 1707.474
40 44 961.031
40 45 2579.866
40 46 2012.391
40 47 1481.564
40 48 4226.247
40 49 6006.377
40 50 6624.644
40 51 5007.405
40 52 4584.069
40 53 5669.578
40 54 1308.823
40 55 2898.040
40 56 6313.320
40 57 3249.896
40 58 2870.415
40 59 4179.610
40 60 1469.943
40 61 4032.011
40 62 5232.417
40 63 7266.836
40 64 4544.504
40 65 2715.935
40 66 5571.749
40 67 2440.611
40 68 3354.894
40 69 7967.846
40 70 5085.458
40 71 7885.040
40 72 1788.865
40 73 554.483
40 74 5241.447
40 75 4210.422
40 76 2607.095
40 77 1739.710
40 78 3065.932
40 79 2140.559
40 80 3272.015
40 81 2605.931
40 82 1865.064
40 83 4160.126
40 84 7191.488
40 85 1444.457
40 86 829.167
40 87 3513.141
40 88 6863.181
40 89 3235.958
40 90 1104.948
40 91 3685.445
40 92 6151.042
40 93 3491.601
40 94 4324.123
40 95 4520.851
40 96 2294.859
40 97 2597.625
40 98 2850.823
40 99 3842.071
40 100 4769.691
41 0 3955.293
41 1 5071.182
41 2 3959.015
41 3 6634.608
41 4 538.346
41 5 6199.615
41 6 4349.624
41 7 8370.869
41 8 5769.936
41 9 6171.383
41 10 8108.758
41 11 4519.966
41 12 6908.998
41 13 6041.172
41 14 3749.277
41 15 5230.702
41 16 7246.114
41 17 7773.635
41 18 8397.702
41 19 7624.198
41 20 1135.983
41 21 3762.840
41 22 1639.278
41 23 6946.182
41 24 6948.060
41 25 9591.293
41 26 6370.328
41 27 1663.561
41 28 6180.160
41 29 8985.582
41 30 2743.207
41 31 8342.899
41 32 7149.840
41 33 5428.076
41 34 3211.039
41 35 2657.887
41 36 7514.011
41 37 951.065
41 38 9366.744
41 39 2220.483
41 40 2317.963
41 41 0.000
41 42 1542.912
41 43 2471.805
41 44 3233.308
41 45 4862.414
41 46 947.831
41 47 1598.393
41 48 5739.447
41 49 8324.038
41 50 8941.381
41 51 5959.228
41 52 2333.255
41 53 7455.919
41 54 2038.482
41 55 5043.625
41 56 8369.292
41 57 4974.898
41 58 3878.532
41 59 6288.696
41 60 3714.090
41 61 5894.201
41 62 7541.244
41 63 9455.272
41 64 6780.163
41 65 577.047
41 66 7842.874
41 67 4660.991
41 68 5668.939
41 69 10265.598
41 70 2781.784
41 71 10142.480
41 72 3214.132
41 73 1944.833
41 74 7530.821
41 75 1895.051
41 76 4916.705
41 77 3365.798
41 78 756.464
41 79 2941.262
41 80 4695.799
41 81 1825.442
41 82 3102.452
41 83 6465.704
41 84 9326.226
41 85 3747.612
41 86 2315.763
41 87 5777.365
41 88 8889.118
41 89 1099.329
41 90 2725.863
41 91 1859.660
41 92 8280.920
41 93 5586.428
41 94 6094.020
41 95 6414.361
41 96 4510.339
41 97 2371.111
41 98 1540.906
41 99 5757.619
41 100 6769.929
42 0 3702.207
42 1 3912.431
42 2 4276.745
42 3 5160.830
42 4 1146.023
42 5 5754.503
42 6 3599.452
42 7 7803.036
42 8 5493.575
42 9 6437.292
42 10 7452.893
42 11 4552.409
42 12 5493.897
42 13 6497.811
42 14 2760.990
42 15 5428.224
42 16 6730.686
42 17 7486.702
42 18 7514.397
42 19 7222.741
42 20 887.703
42 21 2313.405
42 22 2284.588
42 23 5435.445
42 24 6155.286
42 25 8851.141
42 26 5418.982
42 27 2702.307
42 28 5546.627
42 29 8542.974
42 30 1447.249
42 31 7887.311
42 32 6005.777
42 33 3948.108
42 34 3156.573
42 35 2494.526
42 36 6494.502
42 37 1592.183
42 38 8852.981
42 39 3762.183
42 40 1933.228
42 41 1542.912
42 42 0.000
42 43 3078.978
42 44 2526.472
42 45 4386.234
42 46 600.424
42 47 2319.257
42 48 6087.019
42 49 7547.010
42 50 8136.569
42 51 4416.496
42 52 3691.056
42 53 6057.148
42 54 829.866
42 55 4807.519
42 56 8227.040
42 57 3617.952
42 58 4489.965
42 59 6088.977
42 60 3361.715
42 61 5961.854
42 62 6902.388
42 63 9114.088
42 64 6373.271
42 65 2118.676
42 66 7339.676
42 67 3707.237
42 68 5035.105
42 69 9650.879
42 70 3993.549
42 71 9654.771
42 72 3535.851
42 73 1952.180
42 74 6606.560
42 75 3096.441
42 76 4156.547
42 77 2111.704
42 78 1977.898
42 79 3594.618
42 80 5085.625
42 81 675.970
42 82 1719.626
42 83 5626.268
42 84 9072.431
42 85 3046.058
42 86 2463.745
42 87 4840.405
42 88 8782.230
42 89 2618.500
42 90 1642.718
42 91 1911.075
42 92 8039.548
42 93 4435.775
42 94 4716.385
42 95 5089.983
42 96 4181.272
42 97 911.567
42 98 2970.869
42 99 4466.862
42 100 5503.137
43 0 2125.547
43 1 4490.356
43 2 1527.017
43 3 6764.099
43 4 2864.239
43 5 4281.101
43 6 3172.161
43 7 6472.615
43 8 3693.306
43 9 3712.432
43 10 6334.475
43 11 2250.951
43 12 6779.916
43 13 3574.655
43 14 3177.282
43 15 2809.102
43 16 5340.204
43 17 5602.083
43 18 6944.253
43 19 5570.203
43 20 3341.729
43 21 4202.010
43 22 4098.462
43 23 7254.339
43 24 5447.907
43 25 7868.531
43 26 5192.749
43 27 1013.829
43 28 4512.713
43 29 6925.500
43 30 4521.138
43 31 6317.652
43 32 6274.473
43 33 5704.818
43 34 1362.208
43 35 1364.963
43 36 6357.687
43 37 3417.219
43 38 7370.961
43 39 3009.390
43 40 1707.474
43 41 2471.805
43 42 3078.978
43 43 0.000
43 44 2411.562
43 45 3147.111
43 46 2814.561
43 47 877.037
43 48 3269.904
43 49 6709.052
43 50 7337.916
43 51 6712.675
43 52 4138.461
43 53 7227.607
43 54 2792.290
43 55 2993.475
43 56 6067.375
43 57 4890.528
43 58 1440.729
43 59 4101.163
43 60 2107.104
43 61 3520.832
43 62 5775.348
43 63 7286.437
43 64 4775.546
43 65 2508.931
43 66 5891.442
43 67 3760.733
43 68 4059.913
43 69 8360.305
43 70 4758.734
43 71 8098.654
43 72 855.753
43 73 1269.039
43 74 6201.234
43 75 4031.071
43 76 3625.285
43 77 3443.471
43 78 3140.564
43 79 516.185
43 80 2226.517
43 81 3708.577
43 82 3556.594
43 83 5084.976
43 84 7087.404
43 85 2682.845
43 86 885.745
43 87 4647.009
43 88 6555.298
43 89 2843.916
43 90 2808.003
43 91 4295.424
43 92 6055.299
43 93 4903.138
43 94 5918.526
43 95 6048.198
43 96 2657.197
43 97 3940.245
43 98 1932.696
43 99 5378.339
43 100 6215.529
44 0 1413.636
44 1 2103.972
44 2 2631.182
44 3 4376.411
44 4 3230.624
44 5 3234.169
44 6 1122.883
44 7 5285.157
44 8 3038.015
44 9 4410.864
44 10 4957.892
44 11 2452.037
44 12 4368.426
44 13 4708.235
44 14 766.626
44 15 3412.307
44 16 4204.719
44 17 4993.291
44 18 5165.079
44 19 4702.637
44 20 3320.471
44 21 2117.614
44 22 4629.179
44 23 4896.407
44 24 3727.595
44 25 6399.509
44 26 3149.050
44 27 2948.388
44 28 3035.270
44 29 6016.812
44 30 3550.936
44 31 5361.069
44 32 4041.463
44 33 3382.293
44 34 1357.171
44 35 1046.802
44 36 4308.199
44 37 3857.192
44 38 6329.305
44 39 4908.415
44 40 961.031
44 41 3233.308
44 42 2526.472
44 43 2411.562
44 44 0.000
44 45 1873.698
44 46 2776.097
44 47 2399.517
44 48 4190.964
44 49 5113.659
44 50 5723.849
44 51 4545.659
44 52 5529.738
44 53 4819.949
44 54 1725.982
44 55 2408.484
44 56 5787.289
44 57 2500.930
44 58 3252.708
44 59 3659.433
44 60 1030.912
44 61 3753.963
44 62 4399.363
44 63 6598.100
44 64 3856.157
44 65 3662.676
44 66 4813.683
44 67 1480.745
44 68 2520.600
44 69 7148.550
44 70 6013.685
44 71 7129.648
44 72 2156.593
44 73 1491.191
44 74 4299.137
44 75 5127.563
44 76 1693.023
44 77 1302.865
44 78 3965.879
44 79 2734.144
44 80 3375.858
44 81 3146.990
44 82 1679.225
44 83 3234.276
44 84 6578.563
44 85 530.176
44 86 1563.384
44 87 2557.441
44 88 6353.913
44 89 4189.073
44 90 1033.445
44 91 4408.003
44 92 5557.476
44 93 2557.025
44 94 3507.334
44 95 3647.004
44 96 1756.440
44 97 2945.380
44 98 3797.122
44 99 2972.844
44 100 3853.458
45 0 1022.280
45 1 2406.337
45 2 2306.466
45 3 4948.295
45 4 4969.165
45 5 1370.715
45 6 1058.274
45 7 3508.600
45 8 1225.176
45 9 3107.136
45 10 3266.637
45 11 1528.287
45 12 4658.831
45 13 3654.562
45 14 2018.641
45 15 2290.681
45 16 2388.769
45 17 3121.716
45 18 3798.463
45 19 2837.214
45 20 5141.048
45 21 3622.521
45 22 6384.259
45 23 5569.657
45 24 2304.244
45 25 4781.046
45 26 2223.132
45 27 4047.633
45 28 1374.157
45 29 4170.536
45 30 5404.345
45 31 3517.327
45 32 3450.549
45 33 4312.937
45 34 1814.117
45 35 2217.040
45 36 3322.013
45 37 5608.408
45 38 4517.402
45 39 6109.917
45 40 2579.866
45 41 4862.414
45 42 4386.234
45 43 3147.111
45 44 1873.698
45 45 0.000
45 46 4574.466
45 47 3608.576
45 48 3082.897
45 49 3575.304
45 50 4204.763
45 51 5680.943
45 52 7024.644
45 53 4933.033
45 54 3598.263
45 55 821.538
45 56 3946.039
45 57 3306.966
45 58 3135.944
45 59 1860.468
45 60 1155.355
45 61 2280.923
45 62 2698.010
45 63 4728.194
45 64 1987.055
45 65 5186.204
45 66 2991.890
45 67 1601.088
45 68 914.806
45 69 5403.707
45 70 7576.275
45 71 5305.888
45 72 2408.960
45 73 2924.737
45 74 3089.147
45 75 6730.909
45 76 923.144
45 77 2917.650
45 78 5618.194
45 79 3167.611
45 80 2683.942
45 81 5018.140
45 82 3403.741
45 83 1987.473
45 84 4705.901
45 85 1395.560
45 86 2663.300
45 87 1804.184
45 88 4517.970
45 89 5663.145
45 90 2883.579
45 91 6236.895
45 92 3689.795
45 93 2532.570
45 94 3907.711
45 95 3783.798
45 96 524.843
45 97 4808.353
45 98 4991.283
45 99 3252.614
45 100 3712.514
46 0 3789.298
46 1 4375.043
46 2 4148.805
46 3 5746.136
46 4 563.471
46 5 5943.350
46 6 3889.697
46 7 8050.979
46 8 5613.421
46 9 6352.323
46 10 7733.850
46 11 4539.743
46 12 6059.867
46 13 6339.465
46 14 3139.499
46 15 5361.417
46 16 6953.359
46 17 7623.547
46 18 7884.038
46 19 7403.151
46 20 583.712
46 21 2885.435
46 22 1863.688
46 23 6031.500
46 24 6484.292
46 25 9169.211
46 26 5807.015
46 27 2274.973
46 28 5808.889
46 29 8744.795
46 30 1871.667
46 31 8091.790
46 32 6471.664
46 33 4534.424
46 34 3150.218
46 35 2508.710
46 36 6913.715
46 37 1108.157
46 38 9083.445
46 39 3168.244
46 40 2012.391
46 41 947.831
46 42 600.424
46 43 2814.561
46 44 2776.097
46 45 4574.466
46 46 0.000
46 47 1981.019
46 48 5967.853
46 49 7875.520
46 50 8477.672
46 51 5014.935
46 52 3118.345
46 53 6618.036
46 54 1250.464
46 55 4904.442
46 56 8310.668
46 57 4158.532
46 58 4253.397
46 59 6183.362
46 60 3482.267
46 61 5950.435
46 62 7174.384
46 63 9278.345
46 64 6551.182
46 65 1521.146
46 66 7560.472
46 67 4083.686
46 68 5293.570
46 69 9922.563
46 70 3457.508
46 71 9877.396
46 72 3391.651
46 73 1860.946
46 74 6989.094
46 75 2553.374
46 76 4457.862
46 77 2597.835
46 78 1404.375
46 79 3326.851
46 80 4940.858
46 81 962.648
46 82 2259.178
46 83 5970.976
46 84 9202.586
46 85 3306.233
46 86 2348.907
46 87 5219.342
46 88 8854.221
46 89 2018.105
46 90 2037.462
46 91 1673.632
46 92 8161.053
46 93 4898.115
46 94 5267.735
46 95 5622.284
46 96 4307.242
46 97 1437.229
46 98 2422.381
46 99 4984.620
46 100 6014.660
47 0 2612.110
47 1 4490.062
47 2 2367.310
47 3 6550.110
47 4 1989.912
47 5 4861.998
47 6 3376.945
47 7 7062.034
47 8 4345.621
47 9 4574.627
47 10 6867.789
47 11 2991.714
47 12 6658.718
47 13 4451.641
47 14 3114.657
47 15 3645.472
47 16 5925.399
47 17 6314.015
47 18 7344.128
47 19 6225.976
47 20 2484.209
47 21 3814.313
47 22 3231.846
47 23 6985.371
47 24 5852.264
47 25 8388.752
47 26 5454.733
47 27 560.474
47 28 4978.882
47 29 7590.292
47 30 3764.768
47 31 6963.911
47 32 6429.947
47 33 5419.499
47 34 1814.162
47 35 1462.036
47 36 6628.029
47 37 2541.010
47 38 8008.346
47 39 2546.226
47 40 1481.564
47 41 1598.393
47 42 2319.257
47 43 877.037
47 44 2399.517
47 45 3608.576
47 46 1981.019
47 47 0.000
47 48 4141.121
47 49 7175.712
47 50 7804.165
47 51 6287.321
47 52 3444.049
47 53 7149.035
47 54 2205.048
47 55 3622.870
47 56 6844.563
47 57 4712.493
47 58 2306.818
47 59 4813.369
47 60 2469.985
47 61 4329.912
47 62 6300.543
47 63 8002.472
47 64 5402.525
47 65 1692.923
47 66 6501.490
47 67 3866.906
47 68 4491.324
47 69 8961.396
47 70 4031.295
47 71 8759.975
47 72 1635.229
47 73 927.150
47 74 6541.716
47 75 3248.208
47 76 3899.606
47 77 3141.861
47 78 2287.671
47 79 1367.688
47 80 3097.504
47 81 2909.892
47 82 3130.024
47 83 5432.158
47 84 7835.921
47 85 2807.949
47 86 951.556
47 87 4877.984
47 88 7349.314
47 89 2097.615
47 90 2452.391
47 91 3419.216
47 92 6794.938
47 93 4955.477
47 94 5799.231
47 95 6002.412
47 96 3175.361
47 97 3215.708
47 98 1419.567
47 99 5323.634
47 100 6244.342
48 0 2809.355
48 1 5470.541
48 2 1819.311
48 3 8023.085
48 4 6105.046
48 5 3056.609
48 6 3996.215
48 7 4658.882
48 8 2351.462
48 9 513.818
48 10 4817.217
48 11 1753.329
48 12 7739.780
48 13 572.187
48 14 4738.978
48 15 809.089
48 16 3760.432
48 17 3258.682
48 18 5938.364
48 19 3557.949
48 20 6531.578
48 21 6297.470
48 22 7368.319
48 23 8636.912
48 24 4700.243
48 25 6217.079
48 26 5089.441
48 27 4204.290
48 28 3762.281
48 29 4671.526
48 30 7441.877
48 31 4233.763
48 32 6350.130
48 33 7305.985
48 34 2996.179
48 35 3640.635
48 36 5980.109
48 37 6680.004
48 38 5211.887
48 39 5837.535
48 40 4226.247
48 41 5739.447
48 42 6087.019
48 43 3269.904
48 44 4190.964
48 45 3082.897
48 46 5967.853
48 47 4141.121
48 48 0.000
48 49 5443.137
48 50 5988.488
48 51 8616.193
48 52 7216.355
48 53 7993.885
48 54 5534.969
48 55 2273.495
48 56 3274.661
48 57 6309.619
48 58 1963.453
48 59 2166.216
48 60 3178.786
48 61 1084.014
48 62 4400.179
48 63 4735.579
48 64 3122.351
48 65 5757.095
48 66 4066.478
48 67 4637.044
48 68 3639.538
48 69 6293.396
48 70 7866.924
48 71 5764.270
48 72 2576.379
48 73 4139.767
48 74 5567.142
48 75 7227.178
48 76 4005.394
48 77 5490.256
48 78 6406.511
48 79 2835.666
48 80 1043.665
48 81 6759.080
48 82 5854.850
48 83 4671.297
48 84 4380.058
48 85 3990.460
48 86 3632.108
48 87 4808.859
48 88 3632.806
48 89 6028.175
48 90 5131.302
48 91 7538.968
48 92 3485.523
48 93 5614.361
48 94 6988.130
48 95 6861.293
48 96 2730.341
48 97 6821.727
48 98 4974.038
48 99 6334.195
48 100 6751.637
49 0 4593.950
49 1 3950.893
49 2 5628.187
49 3 5349.279
49 4 8344.074
49 5 2545.748
49 6 3991.286
49 7 1216.060
49 8 3272.305
49 9 5125.581
49 10 713.301
49 11 4720.683
49 12 4686.902
49 13 5917.748
49 14 4792.433
49 15 4942.552
49 16 1684.723
49 17 2654.611
49 18 648.970
49 19 2087.380
49 20 8395.802
49 21 5927.117
49 22 9736.813
49 23 5945.598
49 24 1392.395
49 25 1310.840
49 26 2251.678
49 27 7622.921
49 28 2201.208
49 29 2137.489
49 30 8191.651
49 31 1833.433
49 32 2594.461
49 33 5538.599
49 34 5389.374
49 35 5748.226
49 36 1718.298
49 37 8967.945
49 38 1985.089
49 39 9685.181
49 40 6006.377
49 41 8324.038
49 42 7547.010
49 43 6709.052
49 44 5113.659
49 45 3575.304
49 46 7875.520
49 47 7175.712
49 48 5443.137
49 49 0.000
49 50 629.498
49 51 6849.154
49 52 10560.558
49 53 4522.779
49 54 6717.150
49 55 3818.157
49 56 3523.097
49 57 4816.534
49 58 6423.486
49 59 3278.618
49 60 4706.353
49 61 4361.360
49 62 1046.356
49 63 2935.562
49 64 2321.737
49 65 8701.923
49 66 1553.081
49 67 3857.616
49 68 2685.277
49 69 2283.217
49 70 11086.369
49 71 2683.359
49 72 5926.418
49 73 6433.258
49 74 1220.455
49 75 10216.600
49 76 3421.170
49 77 5580.706
49 78 9068.480
49 79 6672.452
49 80 5656.787
49 81 8083.420
49 82 6093.099
49 83 1926.319
49 84 3330.070
49 85 4587.207
49 86 6225.594
49 87 2760.437
49 88 3909.656
49 89 9199.365
49 90 5906.039
49 91 9458.005
49 92 2972.955
49 93 3534.163
49 94 4491.559
49 95 4010.771
49 96 4051.864
49 97 7691.581
49 98 8566.186
49 99 4064.247
49 100 3506.274
50 0 5223.426
50 1 4466.386
50 2 6243.685
50 3 5649.318
50 4 8952.550
50 5 3154.264
50 6 4600.968
50 7 1495.599
50 8 3872.059
50 9 5647.204
50 10 1172.967
50 11 5334.930
50 12 4959.201
50 13 6444.636
50 14 5377.007
50 15 5521.321
50 16 2234.911
50 17 3041.913
50 18 769.585
50 19 2525.713
50 20 8991.751
50 21 6449.815
50 22 10340.481
50 23 6218.958
50 24 1996.270
50 25 807.675
50 26 2778.241
50 27 8252.359
50 28 2830.693
50 29 2233.970
50 30 8738.342
50 31 2109.246
50 32 2903.537
50 33 5948.311
50 34 6018.848
50 35 6374.337
50 36 2037.601
50 37 9573.664
50 38 1928.157
50 39 10314.658
50 40 6624.644
50 41 8941.381
50 42 8136.569
50 43 7337.916
50 44 5723.849
50 45 4204.763
50 46 8477.672
50 47 7804.165
50 48 5988.488
50 49 629.498
50 50 0.000
50 51 7214.399
50 52 11184.795
50 53 4727.845
50 54 7307.166
50 55 4436.803
50 56 3814.815
50 57 5287.147
50 58 7033.319
50 59 3834.737
50 60 5334.503
50 61 4912.846
50 62 1631.071
50 63 2981.714
50 64 2882.618
50 65 9324.575
50 66 1981.730
50 67 4435.311
50 68 3313.125
50 69 1913.715
50 70 11707.286
50 71 2489.125
50 72 6552.966
50 73 7056.994
50 74 1643.981
50 75 10835.018
50 76 4030.904
50 77 6142.958
50 78 9683.837
50 79 7297.537
50 80 6248.484
50 81 8660.772
50 82 6650.158
50 83 2510.595
50 84 3441.023
50 85 5199.458
50 86 6853.773
50 87 3318.769
50 88 4133.684
50 89 9824.036
50 90 6494.015
50 91 10047.395
50 92 3269.045
50 93 4021.282
50 94 4860.722
50 95 4357.914
50 96 4680.797
50 97 8252.141
50 98 9195.521
50 99 4490.281
50 100 3824.985
51 0 5822.209
51 1 3372.653
51 2 7174.776
51 3 1711.397
51 4 5532.640
51 5 6581.360
51 6 4655.502
51 7 7729.625
51 8 6835.811
51 9 8739.915
51 10 7180.145
51 11 6869.091
51 12 2425.924
51 13 9164.881
51 14 3891.875
51 15 7809.572
51 16 7069.369
51 17 8286.592
51 18 6445.187
51 19 7765.934
51 20 5076.420
51 21 2511.288
51 22 6248.350
51 23 1460.252
51 24 5796.577
51 25 8020.589
51 26 4781.533
51 27 6809.071
51 28 5915.212
51 29 8705.458
51 30 3610.612
51 31 8133.587
51 32 4315.674
51 33 1409.556
51 34 5899.642
51 35 5454.261
51 36 5177.173
51 37 5802.107
51 38 8749.930
51 39 8176.318
51 40 5007.405
51 41 5959.228
51 42 4416.496
51 43 6712.675
51 44 4545.659
51 45 5680.943
51 46 5014.935
51 47 6287.321
51 48 8616.193
51 49 6849.154
51 50 7214.399
51 51 0.000
51 52 7973.079
51 53 2909.793
51 54 4119.184
51 55 6482.284
51 56 9271.222
51 57 2392.018
51 58 7780.122
51 59 7440.709
51 60 5473.259
51 61 7952.158
51 62 6821.115
51 63 9478.262
51 64 7115.582
51 65 6535.163
51 66 7563.367
51 67 4088.146
51 68 5612.138
51 69 9109.898
51 70 8129.244
51 71 9509.535
51 72 6673.223
51 73 5470.915
51 74 5629.043
51 75 7300.875
51 76 4821.391
51 77 3298.170
51 78 6316.445
51 79 7142.134
51 80 7896.971
51 81 4318.506
51 82 3167.457
51 83 5304.134
51 84 9687.375
51 85 4636.197
51 86 5836.073
51 87 4541.064
51 88 9831.729
51 89 7027.526
51 90 3904.675
51 91 5549.360
51 92 8855.512
51 93 3531.655
51 94 2358.392
51 95 2856.965
51 96 5912.748
51 97 3675.713
51 98 7313.304
51 99 2840.168
51 100 3400.210
52 0 6048.144
52 1 7404.106
52 2 5637.159
52 3 8849.983
52 4 2554.990
52 5 8303.940
52 6 6629.416
52 7 10502.525
52 8 7785.028
52 9 7706.606
52 10 10291.241
52 11 6385.567
52 12 9178.124
52 13 7368.994
52 14 6078.985
52 15 6899.560
52 16 9366.463
52 17 9733.178
52 18 10674.317
52 19 9666.879
52 20 2908.425
52 21 6001.318
52 22 1847.983
52 23 9100.998
52 24 9203.751
52 25 11800.913
52 26 8678.155
52 27 3124.646
52 28 8381.223
52 29 11030.167
52 30 4422.649
52 31 10406.735
52 32 9482.523
52 33 7637.100
52 34 5254.958
52 35 4815.920
52 36 9831.143
52 37 2172.372
52 38 11452.205
52 39 1535.113
52 40 4584.069
52 41 2333.255
52 42 3691.056
52 43 4138.461
52 44 5529.738
52 45 7024.644
52 46 3118.345
52 47 3444.049
52 48 7216.355
52 49 10560.558
52 50 11184.795
52 51 7973.079
52 52 0.000
52 53 9736.122
52 54 4335.916
52 55 7064.764
52 56 10198.910
52 57 7270.434
52 58 5253.288
52 59 8230.580
52 60 5871.288
52 61 7638.609
52 62 9722.653
52 63 11420.115
52 64 8846.319
52 65 1868.186
52 66 9945.064
52 67 6980.703
52 68 7880.280
52 69 12402.571
52 70 659.166
52 71 12201.142
52 72 4991.651
52 73 4127.922
52 74 9825.119
52 75 715.417
52 76 7188.741
52 77 5680.936
52 78 1714.811
52 79 4444.071
52 80 6218.787
52 81 3655.401
52 82 5375.230
52 83 8742.302
52 84 11225.742
52 85 6028.449
52 86 4367.102
52 87 8085.832
52 88 10674.536
52 89 1362.118
52 90 5055.935
52 91 2609.730
52 92 10193.453
52 93 7919.677
52 94 8383.511
52 95 8725.474
52 96 6612.615
52 97 4301.449
52 98 2249.821
52 99 8076.261
52 100 9095.311
53 0 5565.170
53 1 2753.347
53 2 7063.545
53 3 1206.999
53 4 7181.506
53 5 5238.988
53 6 4232.019
53 7 5617.822
53 8 5764.683
53 9 7943.705
53 10 5037.174
53 11 6432.302
53 12 580.016
53 13 8565.473
53 14 4060.488
53 15 7217.293
53 16 5306.809
53 17 6599.063
53 18 3982.412
53 19 6003.687
53 20 6903.288
53 21 3746.193
53 22 8260.681
53 23 1586.242
53 24 3894.522
53 25 5499.633
53 26 3054.426
53 27 7709.309
53 28 4461.801
53 29 6605.034
53 30 5847.173
53 31 6145.914
53 32 1989.993
53 33 2231.426
53 34 6018.302
53 35 5865.454
53 36 2822.279
53 37 7638.851
53 38 6507.682
53 39 9511.038
53 40 5669.578
53 41 7455.919
53 42 6057.148
53 43 7227.607
53 44 4819.949
53 45 4933.033
53 46 6618.036
53 47 7149.035
53 48 7993.885
53 49 4522.779
53 50 4727.845
53 51 2909.793
53 52 9736.122
53 53 0.000
53 54 5417.644
53 55 5723.024
53 56 7604.567
53 57 2486.280
53 58 7840.389
53 59 6240.923
53 60 5343.542
53 61 7071.600
53 62 4852.029
53 63 7409.928
53 64 5594.821
53 65 8007.140
53 66 5644.680
53 67 3561.405
53 68 4404.761
53 69 6634.165
53 70 10047.685
53 71 7184.354
53 72 6839.652
53 73 6222.737
53 74 3373.203
53 75 9153.356
53 76 4031.391
53 77 4110.895
53 78 8022.354
53 79 7509.282
53 80 7587.459
53 81 6256.988
53 82 4362.103
53 83 3588.334
53 84 7734.705
53 85 4582.205
53 86 6381.077
53 87 3196.013
53 88 8110.069
53 89 8548.633
53 90 4794.100
53 91 7682.183
53 92 7103.144
53 93 2433.202
53 94 1366.522
53 95 1191.401
53 96 5369.771
53 97 5640.634
53 98 8464.747
53 99 1849.678
53 100 1262.681
54 0 2989.242
54 1 3126.102
54 2 3764.278
54 3 4615.078
54 4 1801.488
54 5 4960.072
54 6 2776.049
54 7 6983.807
54 8 4738.314
54 9 5845.644
54 10 6626.873
54 11 3912.293
54 12 4870.830
54 13 5985.544
54 14 1933.105
54 15 4828.749
54 16 5920.347
54 17 6713.633
54 18 6688.273
54 19 6428.440
54 20 1696.003
54 21 1749.417
54 22 3080.835
54 23 4963.159
54 24 5325.424
54 25 8021.349
54 26 4596.000
54 27 2701.710
54 28 4726.108
54 29 7737.816
54 30 1917.381
54 31 7081.939
54 32 5223.005
54 33 3418.881
54 34 2544.933
54 35 1894.386
54 36 5683.161
54 37 2349.636
54 38 8037.838
54 39 4161.458
54 40 1308.823
54 41 2038.482
54 42 829.866
54 43 2792.290
54 44 1725.982
54 45 3598.263
54 46 1250.464
54 47 2205.048
54 48 5534.969
54 49 6717.150
54 50 7307.166
54 51 4119.184
54 52 4335.916
54 53 5417.644
54 54 0.000
54 55 4072.777
54 56 7484.100
54 57 2939.002
54 58 4108.965
54 59 5347.106
54 60 2628.986
54 61 5304.017
54 62 6078.299
54 63 8324.078
54 64 5582.118
54 65 2595.447
54 66 6529.120
54 67 2880.263
54 68 4216.476
54 69 8825.591
54 70 4703.431
54 71 8841.459
54 72 3065.857
54 73 1536.212
54 74 5782.821
54 75 3798.181
54 76 3329.845
54 77 1350.224
54 78 2634.825
54 79 3286.825
54 80 4576.218
54 81 1421.189
54 82 1069.940
54 83 4796.731
54 84 8299.692
54 85 2234.832
54 86 2019.706
54 87 4014.892
54 88 8045.526
54 89 3133.846
54 90 814.496
54 91 2740.886
54 92 7273.753
54 93 3649.530
54 94 4056.811
54 95 4389.569
54 96 3432.494
54 97 1294.522
54 98 3214.491
54 99 3743.320
54 100 4769.258
55 0 1115.166
55 1 3227.767
55 2 1812.929
55 3 5768.762
55 4 5231.847
55 5 1301.806
55 6 1830.431
55 7 3479.784
55 8 727.140
55 9 2285.788
55 10 3371.135
55 11 914.060
55 12 5467.338
55 13 2845.672
55 14 2726.146
55 15 1496.865
55 16 2350.261
55 17 2733.347
55 18 4157.781
55 19 2603.171
55 20 5485.612
55 21 4341.993
55 22 6635.489
55 23 6391.023
55 24 2724.882
55 25 4905.393
55 26 2888.249
55 27 3977.067
55 28 1725.550
55 29 3967.765
55 30 5950.316
55 31 3342.106
55 32 4145.472
55 33 5124.638
55 34 1836.136
55 35 2411.764
55 36 3896.923
55 37 5868.731
55 38 4389.968
55 39 6002.637
55 40 2898.040
55 41 5043.625
55 42 4807.519
55 43 2993.475
55 44 2408.484
55 45 821.538
55 46 4904.442
55 47 3622.870
55 48 2273.495
55 49 3818.157
55 50 4436.803
55 51 6482.284
55 52 7064.764
55 53 5723.024
55 54 4072.777
55 55 0.000
55 56 3419.571
55 57 4119.013
55 58 2623.280
55 59 1282.294
55 60 1446.987
55 61 1469.911
55 62 2826.642
55 63 4411.728
55 64 1785.941
55 65 5287.663
55 66 2898.558
55 67 2416.416
55 68 1445.040
55 69 5367.317
55 70 7653.250
55 71 5137.109
55 72 2159.927
55 73 3113.178
55 74 3575.667
55 75 6850.067
55 76 1742.292
55 77 3592.276
55 78 5795.646
55 79 2880.405
55 80 1993.964
55 81 5467.068
55 82 4046.787
55 83 2545.500
55 84 4302.137
55 85 2022.190
55 86 2738.586
55 87 2550.321
55 88 3975.821
55 89 5719.991
55 90 3441.638
55 91 6577.722
55 92 3258.398
55 93 3343.227
55 94 4726.257
55 95 4587.942
55 96 652.488
55 97 5337.388
55 98 4917.502
55 99 4070.417
55 100 4486.898
56 0 4529.683
56 1 5911.767
56 2 4563.364
56 3 8118.156
56 4 8607.722
56 5 2726.301
56 6 4959.314
56 7 2332.316
56 8 2749.408
56 9 2772.574
56 10 2819.509
56 11 3855.169
56 12 7588.265
56 13 3476.166
56 14 5946.874
56 15 3328.268
56 16 2299.336
56 17 1008.965
56 18 4167.790
56 19 1602.009
56 20 8893.658
56 21 7515.905
56 22 9992.191
56 23 8761.438
56 24 3710.145
56 25 3662.150
56 26 4624.219
56 27 7079.052
56 28 3356.535
56 29 1754.407
56 30 9337.334
56 31 1708.685
56 32 5629.239
56 33 7861.845
56 34 5181.307
56 35 5803.785
56 36 4892.244
56 37 9237.523
56 38 2292.543
56 39 8938.979
56 40 6313.320
56 41 8369.292
56 42 8227.040
56 43 6067.375
56 44 5787.289
56 45 3946.039
56 46 8310.668
56 47 6844.563
56 48 3274.661
56 49 3523.097
56 50 3814.815
56 51 9271.222
56 52 10198.910
56 53 7604.567
56 54 7484.100
56 55 3419.571
56 56 0.000
56 57 6907.399
56 58 5068.076
56 59 2138.437
56 60 4865.711
56 61 2568.461
56 62 2794.802
56 63 1514.422
56 64 2157.002
56 65 8537.422
56 66 2027.376
56 67 5316.206
56 68 3688.417
56 69 3320.953
56 70 10825.291
56 71 2622.430
56 72 5224.342
56 73 6484.178
56 74 4335.952
56 75 10086.734
56 76 4579.088
56 77 6853.769
56 78 9106.040
56 79 5765.650
56 80 4078.671
56 81 8885.285
56 82 7347.616
56 83 4072.377
56 84 1106.334
56 85 5337.928
56 86 6057.808
56 87 4741.319
56 88 574.482
56 89 8909.010
56 90 6815.165
56 91 9980.788
56 92 550.463
56 93 5755.197
56 94 7095.216
56 95 6747.309
56 96 4051.886
56 97 8732.399
56 98 7960.752
56 99 6490.411
56 100 6390.548
57 0 3574.141
57 1 996.251
57 2 5019.409
57 3 1876.046
57 4 4720.902
57 5 4200.064
57 6 2314.175
57 7 5531.913
57 8 4445.230
57 9 6395.734
57 10 5018.644
57 11 4587.665
57 12 1959.314
57 13 6870.172
57 14 1744.103
57 15 5500.592
57 16 4759.357
57 17 5936.112
57 18 4547.578
57 19 5440.437
57 20 4487.534
57 21 1365.110
57 22 5871.635
57 23 2407.493
57 24 3593.638
57 25 6085.187
57 26 2593.190
57 27 5272.137
57 28 3562.549
57 29 6476.300
57 30 3673.255
57 31 5871.537
57 32 2613.531
57 33 1005.978
57 34 3820.642
57 35 3532.394
57 36 3324.082
57 37 5209.759
57 38 6589.736
57 39 7028.437
57 40 3249.896
57 41 4974.898
57 42 3617.952
57 43 4890.528
57 44 2500.930
57 45 3306.966
57 46 4158.532
57 47 4712.493
57 48 6309.619
57 49 4816.534
57 50 5287.147
57 51 2392.018
57 52 7270.434
57 53 2486.280
57 54 2939.002
57 55 4119.013
57 56 6907.399
57 57 0.000
57 58 5715.795
57 59 5048.691
57 60 3262.892
57 61 5586.721
57 62 4592.549
57 63 7221.037
57 64 4750.732
57 65 5522.596
57 66 5290.317
57 67 1706.417
57 68 3229.773
57 69 7097.155
57 70 7608.846
57 71 7379.521
57 72 4640.619
57 73 3794.381
57 74 3643.208
57 75 6707.958
57 76 2431.405
57 77 1625.260
57 78 5561.056
57 79 5234.400
57 80 5676.646
57 81 3901.839
57 82 1901.010
57 83 3059.106
57 84 7386.364
57 85 2421.694
57 86 4014.946
57 87 2231.499
57 88 7473.121
57 89 6064.889
57 90 2313.080
57 91 5355.080
57 92 6511.847
57 93 1287.635
57 94 1120.443
57 95 1475.184
57 96 3581.478
57 97 3333.506
57 98 5993.863
57 99 906.251
57 100 1931.179
58 0 2287.466
58 1 5103.531
58 2 830.456
58 3 7573.003
58 4 4296.239
58 5 3879.206
58 6 3609.481
58 7 5935.996
58 8 3169.453
58 9 2455.005
58 10 5925.001
58 11 1709.658
58 12 7464.189
58 13 2176.265
58 14 3978.269
58 15 1751.239
58 16 4859.977
58 17 4799.162
58 18 6780.923
58 19 4912.188
58 20 4782.282
58 21 5293.852
58 22 5478.761
58 23 8123.219
58 24 5339.151
58 25 7440.639
58 26 5356.664
58 27 2273.681
58 28 4341.968
58 29 6201.099
58 30 5919.498
58 31 5655.078
58 32 6563.717
58 33 6631.546
58 34 1899.814
58 35 2345.575
58 36 6451.306
58 37 4829.302
58 38 6700.081
58 39 3895.634
58 40 2870.415
58 41 3878.532
58 42 4489.965
58 43 1440.729
58 44 3252.708
58 45 3135.944
58 46 4253.397
58 47 2306.818
58 48 1963.453
58 49 6423.486
58 50 7033.319
58 51 7780.122
58 52 5253.288
58 53 7840.389
58 54 4108.965
58 55 2623.280
58 56 5068.076
58 57 5715.795
58 58 0.000
58 59 3376.141
58 60 2500.710
58 61 2519.698
58 62 5406.163
58 63 6427.441
58 64 4228.643
58 65 3833.559
58 66 5329.242
58 67 4279.198
58 68 3997.894
58 69 7749.978
58 70 5903.481
58 71 7357.137
58 72 1107.795
58 73 2581.702
58 74 6176.276
58 75 5272.813
58 76 3894.933
58 77 4486.356
58 78 4502.429
58 79 939.930
58 80 991.502
58 81 5133.691
58 82 4713.486
58 83 5104.366
58 84 6147.427
58 85 3308.354
58 86 2089.449
58 87 4898.206
58 88 5495.801
58 89 4075.000
58 90 3945.975
58 91 5722.058
58 92 5163.033
58 93 5416.333
58 94 6626.834
58 95 6650.324
58 96 2616.173
58 97 5322.996
58 98 3010.891
58 99 6019.758
58 100 6703.227
59 0 2395.736
59 1 4080.113
59 2 2694.270
59 3 6507.393
59 4 6498.918
59 5 1011.722
59 6 2910.693
59 7 2584.653
59 8 635.343
59 9 1889.070
59 10 2669.646
59 11 1851.321
59 12 6091.389
59 13 2660.609
59 14 3879.047
59 15 1714.121
59 16 1600.323
59 17 1502.650
59 18 3775.308
59 19 1536.110
59 20 6765.287
59 21 5480.654
59 22 7895.773
59 23 7149.079
59 24 2614.943
59 25 4125.203
59 26 3200.463
59 27 5111.061
59 28 1789.791
59 29 2847.390
59 30 7210.087
59 31 2280.092
59 32 4418.891
59 33 6043.344
59 34 3079.893
59 35 3682.830
59 36 3923.320
59 37 7133.373
59 38 3329.461
59 39 7075.144
59 40 4179.610
59 41 6288.696
59 42 6088.977
59 43 4101.163
59 44 3659.433
59 45 1860.468
59 46 6183.362
59 47 4813.369
59 48 2166.216
59 49 3278.618
59 50 3834.737
59 51 7440.709
59 52 8230.580
59 53 6240.923
59 54 5347.106
59 55 1282.294
59 56 2138.437
59 57 5048.691
59 58 3376.141
59 59 0.000
59 60 2727.397
59 61 1082.980
59 62 2234.352
59 63 3190.537
59 64 956.889
59 65 6499.148
59 66 1976.707
59 67 3368.384
59 68 1881.868
59 69 4373.878
59 70 8837.074
59 71 4016.884
59 72 3245.450
59 73 4375.345
59 74 3464.340
59 75 8059.823
59 76 2624.896
59 77 4775.655
59 78 7035.335
59 79 3884.777
59 80 2480.682
59 81 6746.853
59 82 5254.671
59 83 2703.670
59 84 3037.797
59 85 3229.316
59 86 3973.426
59 87 3088.722
59 88 2698.505
59 89 6905.474
59 90 4691.093
59 91 7855.907
59 92 1992.329
59 93 4050.410
59 94 5453.708
59 95 5207.986
59 96 1914.656
59 97 6601.596
59 98 6031.243
59 99 4806.658
59 100 4978.421
60 0 382.846
60 1 2602.828
60 2 1760.233
60 3 5093.608
60 4 3844.839
60 5 2488.402
60 6 1125.367
60 7 4658.857
60 8 2136.384
60 9 3382.206
60 10 4421.018
60 11 1429.293
60 12 4963.742
60 13 3709.301
60 14 1581.552
60 15 2389.961
60 16 3532.078
60 17 4142.436
60 18 4882.771
60 19 3931.419
60 20 4059.320
60 21 3119.103
60 22 5258.592
60 23 5662.940
60 24 3387.314
60 25 5930.596
60 26 3086.355
60 27 2935.276
60 28 2513.102
60 29 5284.809
60 30 4520.031
60 31 4637.099
60 32 4195.661
60 33 4222.235
60 34 747.814
60 35 1062.073
60 36 4250.618
60 37 4484.736
60 38 5654.004
60 39 4995.983
60 40 1469.943
60 41 3714.090
60 42 3361.715
60 43 2107.104
60 44 1030.912
60 45 1155.355
60 46 3482.267
60 47 2469.985
60 48 3178.786
60 49 4706.353
60 50 5334.503
60 51 5473.259
60 52 5871.288
60 53 5343.542
60 54 2628.986
60 55 1446.987
60 56 4865.711
60 57 3262.892
60 58 2500.710
60 59 2727.397
60 60 0.000
60 61 2728.150
60 62 3852.258
60 63 5797.296
60 64 3081.155
60 65 4030.850
60 66 4129.324
60 67 1783.092
60 68 2021.440
60 69 6556.300
60 70 6420.933
60 71 6434.194
60 72 1518.967
60 73 1771.982
60 74 4107.222
60 75 5576.734
60 76 1521.922
60 77 2315.704
60 78 4470.475
60 79 2244.782
60 80 2428.173
60 81 4020.105
60 82 2710.126
60 83 2990.944
60 84 5724.149
60 85 845.491
60 86 1519.271
60 87 2548.598
60 88 5422.807
60 89 4509.411
60 90 2039.555
60 91 5154.956
60 92 4685.637
60 93 2929.794
60 94 4129.548
60 95 4152.517
60 96 825.469
60 97 3902.983
60 98 3870.883
60 99 3519.054
60 100 4231.871
61 0 2346.995
61 1 4680.236
61 2 2002.004
61 3 7202.955
61 4 6182.905
61 5 1993.985
61 6 3298.809
61 7 3615.906
61 8 1325.365
61 9 876.427
61 10 3743.982
61 11 1412.461
61 12 6860.733
61 13 1597.168
61 14 4166.079
61 15 768.482
61 16 2680.779
61 17 2310.035
61 18 4854.526
61 19 2526.383
61 20 6531.863
61 21 5775.990
61 22 7531.401
61 23 7832.309
61 24 3637.894
61 25 5170.442
61 26 4096.705
61 27 4526.636
61 28 2728.156
61 29 3728.612
61 30 7217.493
61 31 3234.731
61 32 5348.780
61 33 6592.630
61 34 2809.737
61 35 3468.937
61 36 4930.712
61 37 6796.747
61 38 4250.538
61 39 6371.464
61 40 4032.011
61 41 5894.201
61 42 5961.854
61 43 3520.832
61 44 3753.963
61 45 2280.923
61 46 5950.435
61 47 4329.912
61 48 1084.014
61 49 4361.360
61 50 4912.846
61 51 7952.158
61 52 7638.609
61 53 7071.600
61 54 5304.017
61 55 1469.911
61 56 2568.461
61 57 5586.721
61 58 2519.698
61 59 1082.980
61 60 2728.150
61 61 0.000
61 62 3317.332
61 63 3909.286
61 64 2039.758
61 65 6016.020
61 66 3014.901
61 67 3881.763
61 68 2670.783
61 69 5322.795
61 70 8270.004
61 71 4865.011
61 72 2695.333
61 73 4090.387
61 74 4501.047
61 75 7551.273
61 76 3186.222
61 77 5002.592
61 78 6612.938
61 79 3199.080
61 80 1545.983
61 81 6636.518
61 82 5428.414
61 83 3647.479
61 84 3632.287
61 85 3437.353
61 86 3620.711
61 87 3875.973
61 88 3036.724
61 89 6364.298
61 90 4766.837
61 91 7593.875
61 92 2643.989
61 93 4753.777
61 94 6153.097
61 95 5974.992
61 96 2068.012
61 97 6595.684
61 98 5395.891
61 99 5496.523
61 100 5815.085
62 0 3691.407
62 1 3634.496
62 2 4623.531
62 3 5484.385
62 4 7609.921
62 5 1530.980
62 6 3302.941
62 7 949.136
62 8 2241.399
62 9 4093.758
62 10 568.788
62 11 3713.939
62 12 4894.328
62 13 4881.906
62 14 4206.112
62 15 3897.865
62 16 655.784
62 17 1822.125
62 18 1565.125
62 19 1213.434
62 20 7718.751
62 21 5530.445
62 22 9019.214
62 23 6115.416
62 24 1025.896
62 25 2093.930
62 26 2039.644
62 27 6719.532
62 28 1366.658
62 29 1888.289
62 30 7692.235
62 31 1322.973
62 32 2863.064
62 33 5441.448
62 34 4491.993
62 35 4912.047
62 36 2097.817
62 37 8244.133
62 38 2023.547
62 39 8774.218
62 40 5232.417
62 41 7541.244
62 42 6902.388
62 43 5775.348
62 44 4399.363
62 45 2698.010
62 46 7174.384
62 47 6300.543
62 48 4400.179
62 49 1046.356
62 50 1631.071
62 51 6821.115
62 52 9722.653
62 53 4852.029
62 54 6078.299
62 55 2826.642
62 56 2794.802
62 57 4592.549
62 58 5406.163
62 59 2234.352
62 60 3852.258
62 61 3317.332
62 62 0.000
62 63 2658.149
62 64 1277.834
62 65 7881.667
62 66 792.656
62 67 3328.068
62 68 1882.024
62 69 2749.770
62 70 10271.991
62 71 2829.884
62 72 4968.440
62 73 5615.083
62 74 1541.318
62 75 9420.510
62 76 2751.381
62 77 5063.243
62 78 8294.358
62 79 5702.862
62 80 4618.453
62 81 7481.489
62 82 5584.753
62 83 1534.092
62 84 2908.911
62 85 3869.914
62 86 5359.408
62 87 2374.443
62 88 3270.232
62 89 8361.132
62 90 5285.468
62 91 8801.871
62 92 2269.291
62 93 3322.449
62 94 4516.970
62 95 4103.067
62 96 3133.078
62 97 7151.796
62 98 7665.691
62 99 3980.953
62 100 3682.706
63 0 5511.519
63 1 6242.927
63 2 5837.224
63 3 8124.345
63 4 9633.887
63 5 3364.562
63 6 5617.742
63 7 1794.134
63 8 3686.120
63 9 4247.104
63 10 2373.854
63 11 5035.738
63 12 7509.533
63 13 4976.577
63 14 6595.098
63 15 4676.924
63 16 2492.792
63 17 1688.484
63 18 3558.692
63 19 1898.450
63 20 9852.759
63 21 8056.157
63 22 11042.539
63 23 8748.089
63 24 3683.960
63 25 2557.775
63 26 4696.920
63 27 8298.395
63 28 3740.520
63 29 805.242
63 30 10084.937
63 31 1349.706
63 32 5432.440
63 33 8093.917
63 34 6245.694
63 35 6815.977
63 36 4588.821
63 37 10272.657
63 38 1084.739
63 39 10236.826
63 40 7266.836
63 41 9455.272
63 42 9114.088
63 43 7286.437
63 44 6598.100
63 45 4728.194
63 46 9278.345
63 47 8002.472
63 48 4735.579
63 49 2935.562
63 50 2981.714
63 51 9478.262
63 52 11420.115
63 53 7409.928
63 54 8324.078
63 55 4411.728
63 56 1514.422
63 57 7221.037
63 58 6427.441
63 59 3190.537
63 60 5797.296
63 61 3909.286
63 62 2658.149
63 63 0.000
63 64 2742.003
63 65 9684.962
63 66 1931.282
63 67 5815.456
63 68 4197.435
63 69 1916.174
63 70 12027.610
63 71 1127.948
63 72 6430.983
63 73 7522.500
63 74 4037.267
63 75 11246.802
63 76 5136.419
63 77 7494.716
63 78 10206.688
63 79 7042.352
63 80 5453.891
63 81 9744.936
63 82 8011.026
63 83 4179.159
63 84 540.232
63 85 6098.441
63 86 7146.390
63 87 4989.697
63 88 1461.312
63 89 10095.846
63 90 7586.023
63 91 10949.275
63 92 1265.989
63 93 5967.431
63 94 7172.277
63 95 6746.701
63 96 4974.317
63 97 9506.476
63 98 9212.007
63 99 6638.325
63 100 6300.270
64 0 2826.225
64 1 3754.906
64 2 3486.098
64 3 6006.893
64 4 6925.977
64 5 625.122
64 6 2899.801
64 7 1716.476
64 8 1088.743
64 9 2824.207
64 10 1725.100
64 11 2588.549
64 12 5516.841
64 13 3607.608
64 14 3887.450
64 15 2643.011
64 16 648.838
64 17 1200.714
64 18 2826.937
64 19 851.987
64 20 7121.873
64 21 5409.961
64 22 8339.660
64 23 6652.102
64 24 1783.143
64 25 3215.232
64 26 2549.161
64 27 5762.920
64 28 1205.697
64 29 2205.666
64 30 7357.301
64 31 1564.883
64 32 3681.582
64 33 5706.050
64 34 3599.294
64 35 4123.663
64 36 3086.951
64 37 7565.884
64 38 2605.897
64 39 7782.761
64 40 4544.504
64 41 6780.163
64 42 6373.271
64 43 4775.546
64 44 3856.157
64 45 1987.055
64 46 6551.182
64 47 5402.525
64 48 3122.351
64 49 2321.737
64 50 2882.618
64 51 7115.582
64 52 8846.319
64 53 5594.821
64 54 5582.118
64 55 1785.941
64 56 2157.002
64 57 4750.732
64 58 4228.643
64 59 956.889
64 60 3081.155
64 61 2039.758
64 62 1277.834
64 63 2742.003
64 64 0.000
64 65 7053.701
64 66 1119.596
64 67 3183.666
64 68 1542.990
64 69 3586.299
64 70 9428.972
64 71 3364.989
64 72 3933.458
64 73 4836.124
64 74 2589.242
64 75 8613.948
64 76 2461.247
64 77 4794.583
64 78 7535.940
64 79 4630.580
64 80 3386.647
64 81 7002.935
64 82 5304.060
64 83 2006.887
64 84 2750.859
64 85 3359.151
64 86 4499.764
64 87 2596.672
64 88 2722.734
64 89 7497.317
64 90 4848.951
64 91 8218.378
64 92 1783.323
64 93 3608.291
64 94 4969.889
64 95 4653.451
64 96 2270.202
64 97 6772.317
64 98 6702.616
64 99 4351.374
64 100 4346.854
65 0 4233.325
65 1 5575.143
65 2 4034.298
65 3 7202.521
65 4 1049.181
65 5 6492.408
65 6 4761.342
65 7 8682.809
65 8 6013.997
65 9 6213.863
65 10 8450.434
65 11 4684.425
65 12 7464.585
65 13 6009.762
65 14 4230.314
65 15 5316.702
65 16 7550.034
65 17 7997.187
65 18 8807.262
65 19 7887.588
65 20 1624.849
65 21 4330.607
65 22 1678.094
65 23 7520.435
65 24 7339.791
65 25 9951.377
65 26 6811.629
65 27 1559.886
65 28 6531.678
65 29 9252.457
65 30 3267.312
65 31 8618.431
65 32 7638.569
65 33 5998.031
65 34 3455.282
65 35 2969.702
65 36 7967.250
65 37 1197.615
65 38 9654.960
65 39 1649.982
65 40 2715.935
65 41 577.047
65 42 2118.676
65 43 2508.931
65 44 3662.676
65 45 5186.204
65 46 1521.146
65 47 1692.923
65 48 5757.095
65 49 8701.923
65 50 9324.575
65 51 6535.163
65 52 1868.186
65 53 8007.140
65 54 2595.447
65 55 5287.663
65 56 8537.422
65 57 5522.596
65 58 3833.559
65 59 6499.148
65 60 4030.850
65 61 6016.020
65 62 7881.667
65 63 9684.962
65 64 7053.701
65 65 0.000
65 66 8137.777
65 67 5119.834
65 68 6026.809
65 69 10582.481
65 70 2390.325
65 71 10417.992
65 72 3321.331
65 73 2270.153
65 74 7956.949
65 75 1562.574
65 76 5321.365
65 77 3904.927
65 78 696.694
65 79 2922.118
65 80 4719.180
65 81 2359.175
65 82 3663.794
65 83 6874.893
65 84 9526.557
65 85 4160.274
65 86 2553.938
65 87 6219.652
65 88 9040.624
65 89 544.590
65 90 3247.523
65 91 2109.892
65 92 8484.478
65 93 6084.895
65 94 6642.870
65 95 6950.477
65 96 4796.546
65 97 2930.332
65 98 1123.041
65 99 6288.170
65 100 7291.282
66 0 3904.511
66 1 4311.724
66 2 4600.526
66 3 6262.740
66 4 7961.042
66 5 1645.593
66 6 3771.325
66 7 608.414
66 8 2208.330
66 9 3693.493
66 10 841.951
66 11 3706.676
66 12 5681.861
66 13 4493.369
66 14 4726.735
66 15 3690.259
66 16 608.990
66 17 1104.081
66 18 2177.207
66 19 544.330
66 20 8121.581
66 21 6143.435
66 22 9376.146
66 23 6896.709
66 24 1794.119
66 25 2155.592
66 26 2790.219
66 27 6874.081
66 28 1840.488
66 29 1224.879
66 30 8227.414
66 31 584.535
66 32 3655.666
66 33 6172.018
66 34 4690.922
66 35 5186.062
66 36 2880.147
66 37 8600.294
66 38 1525.643
66 39 8899.851
66 40 5571.749
66 41 7842.874
66 42 7339.676
66 43 5891.442
66 44 4813.683
66 45 2991.890
66 46 7560.472
66 47 6501.490
66 48 4066.478
66 49 1553.081
66 50 1981.730
66 51 7563.367
66 52 9945.064
66 53 5644.680
66 54 6529.120
66 55 2898.558
66 56 2027.376
66 57 5290.317
66 58 5329.242
66 59 1976.707
66 60 4129.324
66 61 3014.901
66 62 792.656
66 63 1931.282
66 64 1119.596
66 65 8137.777
66 66 0.000
66 67 3908.052
66 68 2327.011
66 69 2468.866
66 70 10520.119
66 71 2317.418
66 72 5051.726
66 73 5898.798
66 74 2319.779
66 75 9694.155
66 76 3257.633
66 77 5613.810
66 78 8599.334
66 79 5750.075
66 80 4456.151
66 81 7947.169
66 82 6133.924
66 83 2259.238
66 84 2132.596
66 85 4294.907
66 86 5586.260
66 87 3058.828
66 88 2483.654
66 89 8591.611
66 90 5761.329
66 91 9214.986
66 92 1490.171
66 93 4042.257
66 94 5281.825
66 95 4880.848
66 96 3341.369
66 97 7664.622
66 98 7815.719
66 99 4726.895
66 100 4470.931
67 0 2013.263
67 1 846.130
67 2 3510.247
67 3 3397.093
67 4 4590.090
67 5 2590.176
67 6 676.861
67 7 4270.336
67 8 2752.830
67 9 4698.909
67 10 3843.817
67 11 2953.154
67 12 3197.994
67 13 5203.632
67 14 947.591
67 15 3830.644
67 16 3323.654
67 17 4384.368
67 18 3808.099
67 19 3951.048
67 20 4573.700
67 21 2241.329
67 22 5944.347
67 23 4002.069
67 24 2475.106
67 25 5167.581
67 26 1723.617
67 27 4406.692
67 28 2074.986
67 29 5131.272
67 30 4368.626
67 31 4489.612
67 32 2563.611
67 33 2712.246
67 34 2478.309
67 35 2444.296
67 36 2853.061
67 37 5190.527
67 38 5345.286
67 39 6388.049
67 40 2440.611
67 41 4660.991
67 42 3707.237
67 43 3760.733
67 44 1480.745
67 45 1601.088
67 46 4083.686
67 47 3866.906
67 48 4637.044
67 49 3857.616
67 50 4435.311
67 51 4088.146
67 52 6980.703
67 53 3561.405
67 54 2880.263
67 55 2416.416
67 56 5316.206
67 57 1706.417
67 58 4279.198
67 59 3368.384
67 60 1783.092
67 61 3881.763
67 62 3328.068
67 63 5815.456
67 64 3183.666
67 65 5119.834
67 66 3908.052
67 67 0.000
67 68 1642.475
67 69 6033.915
67 70 7439.860
67 71 6153.919
67 72 3290.209
67 73 2969.981
67 74 2906.119
67 75 6543.271
67 76 745.704
67 77 1739.499
67 78 5370.602
67 79 3986.157
67 80 4084.435
67 81 4226.598
67 82 2259.778
67 83 1931.303
67 84 5907.786
67 85 1080.502
67 86 2981.689
67 87 1136.240
67 88 5889.022
67 89 5652.887
67 90 2065.783
67 91 5616.054
67 92 4966.916
67 93 1152.591
67 94 2386.383
67 95 2371.133
67 96 1910.158
67 97 3843.958
67 98 5273.703
67 99 1752.833
67 100 2463.909
68 0 1934.377
68 1 2239.649
68 2 3168.497
68 3 4625.525
68 4 5728.284
68 5 970.291
68 6 1446.240
68 7 2767.936
68 8 1360.599
68 9 3545.924
68 10 2445.397
68 11 2322.007
68 12 4221.531
68 13 4204.540
68 14 2402.796
68 15 2908.719
68 16 1723.427
68 17 2743.169
68 18 2884.438
68 19 2315.812
68 20 5841.070
68 21 3877.133
68 22 7137.195
68 23 5267.340
68 24 1389.445
68 25 3925.390
68 26 1453.913
68 27 4946.671
68 28 515.466
68 29 3548.780
68 30 5902.091
68 31 2896.289
68 32 2715.607
68 33 4204.906
68 34 2717.643
68 35 3065.046
68 36 2461.748
68 37 6362.167
68 38 3822.787
68 39 7009.541
68 40 3354.894
68 41 5668.939
68 42 5035.105
68 43 4059.913
68 44 2520.600
68 45 914.806
68 46 5293.570
68 47 4491.324
68 48 3639.538
68 49 2685.277
68 50 3313.125
68 51 5612.138
68 52 7880.280
68 53 4404.761
68 54 4216.476
68 55 1445.040
68 56 3688.417
68 57 3229.773
68 58 3997.894
68 59 1881.868
68 60 2021.440
68 61 2670.783
68 62 1882.024
68 63 4197.435
68 64 1542.990
68 65 6026.809
68 66 2327.011
68 67 1642.475
68 68 0.000
68 69 4628.994
68 70 8415.247
68 71 4628.378
68 72 3321.527
68 73 3756.658
68 74 2186.462
68 75 7554.565
68 76 938.990
68 77 3297.922
68 78 6419.943
68 79 4079.649
68 80 3437.828
68 81 5629.684
68 82 3815.575
68 83 1109.438
68 84 4268.835
68 85 1992.698
68 86 3540.688
68 87 1216.905
68 88 4258.723
68 89 6518.385
68 90 3438.254
68 91 6927.481
68 92 3325.439
68 93 2169.742
68 94 3571.906
68 95 3335.708
68 96 1428.352
68 97 5337.614
68 98 5887.219
68 99 2926.064
68 100 3145.659
69 0 6355.026
69 1 6212.968
69 2 7049.199
69 3 7561.470
69 4 10351.800
69 5 4099.427
69 6 6051.666
69 7 1900.268
69 8 4673.668
69 9 5848.422
69 10 2199.516
69 11 6165.268
69 12 6872.894
69 13 6626.710
69 14 6938.068
69 15 6053.643
69 16 3036.157
69 17 3034.767
69 18 2678.954
69 19 2838.131
69 20 10468.382
69 21 8175.203
69 22 11763.387
69 23 8132.659
69 24 3575.619
69 25 1138.997
69 26 4517.734
69 27 9341.673
69 28 4113.713
69 29 1632.234
69 30 10400.453
69 31 2096.647
69 32 4810.179
69 33 7816.923
69 34 7147.998
69 35 7618.079
69 36 3936.807
69 37 10987.693
69 38 1082.542
69 39 11368.569
69 40 7967.846
69 41 10265.598
69 42 9650.879
69 43 8360.305
69 44 7148.550
69 45 5403.707
69 46 9922.563
69 47 8961.396
69 48 6293.396
69 49 2283.217
69 50 1913.715
69 51 9109.898
69 52 12402.571
69 53 6634.165
69 54 8825.591
69 55 5367.317
69 56 3320.953
69 57 7097.155
69 58 7749.978
69 59 4373.878
69 60 6556.300
69 61 5322.795
69 62 2749.770
69 63 1916.174
69 64 3586.299
69 65 10582.481
69 66 2468.866
69 67 6033.915
69 68 4628.994
69 69 0.000
69 70 12969.767
69 71 876.860
69 72 7519.744
69 73 8327.898
69 74 3490.280
69 75 12132.775
69 76 5496.148
69 77 7773.079
69 78 11020.943
69 79 8212.393
69 80 6835.859
69 81 10224.066
69 82 8292.278
69 83 4130.944
69 84 2455.140
69 85 6619.377
69 86 8037.556
69 87 4988.902
69 88 3371.149
69 89 11045.790
69 90 8028.845
69 91 11551.554
69 92 2900.548
69 93 5812.240
69 94 6752.105
69 95 6257.478
69 96 5790.502
69 97 9875.865
69 98 10284.008
69 99 6345.142
69 100 5731.839
70 0 6616.518
70 1 7813.315
70 2 6268.017
70 3 9111.724
70 4 2901.986
70 5 8875.779
70 6 7126.546
70 7 11069.669
70 8 8376.792
70 9 8354.893
70 10 10840.757
70 11 6998.151
70 12 9481.110
70 13 8025.532
70 14 6519.633
70 15 7536.176
70 16 9935.572
70 17 10339.434
70 18 11175.787
70 19 10256.372
70 20 3149.557
70 21 6301.511
70 22 1883.725
70 23 9322.100
70 24 9718.131
70 25 12340.411
70 26 9151.825
70 27 3746.246
70 28 8921.195
70 29 11621.005
70 30 4528.825
70 31 10992.294
70 32 9904.594
70 33 7902.296
70 34 5830.560
70 35 5360.009
70 36 10292.696
70 37 2409.600
70 38 12033.473
70 39 2181.346
70 40 5085.458
70 41 2781.784
70 42 3993.549
70 43 4758.734
70 44 6013.685
70 45 7576.275
70 46 3457.508
70 47 4031.295
70 48 7866.924
70 49 11086.369
70 50 11707.286
70 51 8129.244
70 52 659.166
70 53 10047.685
70 54 4703.431
70 55 7653.250
70 56 10825.291
70 57 7608.846
70 58 5903.481
70 59 8837.074
70 60 6420.933
70 61 8270.004
70 62 10271.991
70 63 12027.610
70 64 9428.972
70 65 2390.325
70 66 10520.119
70 67 7439.860
70 68 8415.247
70 69 12969.767
70 70 0.000
70 71 12789.849
70 72 5607.855
70 73 4659.134
70 74 10312.222
70 75 905.487
70 76 7691.518
70 77 6053.430
70 78 2078.375
70 79 5081.747
70 80 6864.259
70 81 3850.197
70 82 5707.936
70 83 9243.059
70 84 11843.796
70 85 6524.241
70 86 4933.985
70 87 8558.874
70 88 11306.716
70 89 1933.709
70 90 5460.802
70 91 2617.714
70 92 10808.220
70 93 8333.802
70 94 8709.934
70 95 9077.180
70 96 7180.679
70 97 4497.010
70 98 2894.740
70 99 8442.098
70 100 9471.758
71 0 6190.731
71 1 6445.366
71 2 6709.828
71 3 8032.342
71 4 10273.454
71 5 3945.924
71 6 6074.454
71 7 1883.652
71 8 4416.297
71 9 5291.938
71 10 2361.146
71 11 5860.170
71 12 7368.897
71 13 6044.580
71 14 7012.168
71 15 5621.695
71 16 2925.764
71 17 2559.042
71 18 3204.698
71 19 2534.266
71 20 10438.991
71 21 8359.772
71 22 11688.541
71 23 8628.353
71 24 3788.400
71 25 1834.634
71 26 4788.455
71 27 9099.972
71 28 4126.241
71 29 1173.162
71 30 10509.237
71 31 1800.234
71 32 5277.623
71 33 8170.533
71 34 6962.879
71 35 7484.740
71 36 4400.485
71 37 10913.096
71 38 809.053
71 39 11088.457
71 40 7885.040
71 41 10142.480
71 42 9654.771
71 43 8098.654
71 44 7129.648
71 45 5305.888
71 46 9877.396
71 47 8759.975
71 48 5764.270
71 49 2683.359
71 50 2489.125
71 51 9509.535
71 52 12201.142
71 53 7184.354
71 54 8841.459
71 55 5137.109
71 56 2622.430
71 57 7379.521
71 58 7357.137
71 59 4016.884
71 60 6434.194
71 61 4865.011
71 62 2829.884
71 63 1127.948
71 64 3364.989
71 65 10417.992
71 66 2317.418
71 67 6153.919
71 68 4628.378
71 69 876.860
71 70 12789.849
71 71 0.000
71 72 7245.743
71 73 8197.723
71 74 3896.404
71 75 11978.706
71 76 5544.721
71 77 7883.596
71 78 10898.653
71 79 7901.234
71 80 6406.496
71 81 10257.293
71 82 8405.241
71 83 4334.103
71 84 1647.186
71 85 6608.933
71 86 7864.186
71 87 5190.273
71 88 2583.167
71 89 10856.907
71 90 8066.574
71 91 11532.363
71 92 2285.544
71 93 6094.325
71 94 7157.657
71 95 6687.273
71 96 5632.446
71 97 9957.850
71 98 10031.328
71 99 6692.992
71 100 6189.058
72 0 1417.678
72 1 4087.562
72 2 758.697
72 3 6508.351
72 4 3543.529
72 5 3457.616
72 6 2643.278
72 7 5638.183
72 8 2847.510
72 9 2974.647
72 10 5521.766
72 11 1395.304
72 12 6436.640
72 13 2962.739
72 14 2897.110
72 15 2016.638
72 16 4510.183
72 17 4746.350
72 18 6197.123
72 19 4719.769
72 20 3955.707
72 21 4186.279
72 22 4853.367
72 23 7045.176
72 24 4708.910
72 25 7057.128
72 26 4554.780
72 27 1867.717
72 28 3746.102
72 29 6072.604
72 30 4930.224
72 31 5468.297
72 32 5702.379
72 33 5538.876
72 34 825.856
72 35 1243.096
72 36 5698.885
72 37 4136.617
72 38 6522.502
72 39 3850.371
72 40 1788.865
72 41 3214.132
72 42 3535.851
72 43 855.753
72 44 2156.593
72 45 2408.960
72 46 3391.651
72 47 1635.229
72 48 2576.379
72 49 5926.418
72 50 6552.966
72 51 6673.223
72 52 4991.651
72 53 6839.652
72 54 3065.857
72 55 2159.927
72 56 5224.342
72 57 4640.619
72 58 1107.795
72 59 3245.450
72 60 1518.967
72 61 2695.333
72 62 4968.440
72 63 6430.983
72 64 3933.458
72 65 3321.331
72 66 5051.726
72 67 3290.209
72 68 3321.527
72 69 7519.744
72 70 5607.855
72 71 7245.743
72 72 0.000
72 73 1584.452
72 74 5496.085
72 75 4863.328
72 76 3015.776
72 77 3378.613
72 78 3921.376
72 79 758.840
72 80 1553.300
72 81 4201.497
72 82 3612.046
72 83 4387.479
72 84 6236.013
72 85 2264.066
72 86 1072.704
72 87 4043.194
72 88 5720.752
72 89 3685.380
72 90 2845.289
72 91 4974.234
72 92 5201.933
72 93 4441.667
72 94 5588.127
72 95 5648.578
72 96 1894.726
72 97 4319.394
72 98 2786.921
72 99 5000.308
72 100 5748.041
73 0 2013.679
73 1 3567.248
73 2 2325.523
73 3 5643.040
73 4 2124.397
73 5 4254.974
73 6 2527.369
73 7 6430.824
73 8 3836.709
73 9 4504.768
73 10 6183.667
73 11 2681.239
73 12 5735.449
73 13 4545.662
73 14 2189.683
73 15 3505.880
73 16 5303.439
73 17 5846.523
73 18 6553.709
73 19 5681.483
73 20 2441.541
73 21 2968.197
73 22 3522.503
73 23 6095.079
73 24 5077.065
73 25 7681.417
73 26 4602.479
73 27 1486.823
73 28 4262.068
73 29 7041.747
73 30 3351.411
73 31 6398.289
73 32 5532.372
73 33 4531.815
73 34 1303.432
73 35 713.058
73 36 5771.721
73 37 2758.036
73 38 7422.210
73 39 3418.084
73 40 554.483
73 41 1944.833
73 42 1952.180
73 43 1269.039
73 44 1491.191
73 45 2924.737
73 46 1860.946
73 47 927.150
73 48 4139.767
73 49 6433.258
73 50 7056.994
73 51 5470.915
73 52 4127.922
73 53 6222.737
73 54 1536.212
73 55 3113.178
73 56 6484.178
73 57 3794.381
73 58 2581.702
73 59 4375.345
73 60 1771.982
73 61 4090.387
73 62 5615.083
73 63 7522.500
73 64 4836.124
73 65 2270.153
73 66 5898.798
73 67 2969.981
73 68 3756.658
73 69 8327.898
73 70 4659.134
73 71 8197.723
73 72 1584.452
73 73 0.000
73 74 5721.126
73 75 3806.489
73 76 3074.358
73 77 2250.254
73 78 2701.179
73 79 1752.754
73 80 3133.498
73 81 2620.731
73 82 2304.740
73 83 4625.210
73 84 7410.871
73 85 1937.291
73 86 511.783
73 87 4017.004
73 88 7019.081
73 89 2768.139
73 90 1578.409
73 91 3509.025
73 92 6365.626
73 93 4039.017
73 94 4875.029
73 95 5075.310
73 96 2565.980
73 97 2746.427
73 98 2306.241
73 99 4396.523
73 100 5321.785
74 0 4088.831
74 1 2838.185
74 2 5349.103
74 3 4139.212
74 4 7489.626
74 5 2510.571
74 6 3197.459
74 7 2244.619
74 8 3228.612
74 9 5347.948
74 10 1663.981
74 11 4481.743
74 12 3490.973
74 13 6098.156
74 14 3852.975
74 15 4932.624
74 16 2111.070
74 17 3359.229
74 18 923.609
74 19 2749.793
74 20 7478.062
74 21 4820.808
74 22 8850.413
74 23 4744.354
74 24 869.197
74 25 2443.662
74 26 1187.942
74 27 7034.190
74 28 1855.777
74 29 3232.783
74 30 7126.786
74 31 2784.788
74 32 1399.712
74 33 4326.886
74 34 4841.360
74 35 5081.359
74 36 561.962
74 37 8095.105
74 38 3169.259
74 39 9086.040
74 40 5241.447
74 41 7530.821
74 42 6606.560
74 43 6201.234
74 44 4299.137
74 45 3089.147
74 46 6989.094
74 47 6541.716
74 48 5567.142
74 49 1220.455
74 50 1643.981
74 51 5629.043
74 52 9825.119
74 53 3373.203
74 54 5782.821
74 55 3575.667
74 56 4335.952
74 57 3643.208
74 58 6176.276
74 59 3464.340
74 60 4107.222
74 61 4501.047
74 62 1541.318
74 63 4037.267
74 64 2589.242
74 65 7956.949
74 66 2319.779
74 67 2906.119
74 68 2186.462
74 69 3490.280
74 70 10312.222
74 71 3896.404
74 72 5496.085
74 73 5721.126
74 74 0.000
74 75 9423.107
74 76 2647.764
74 77 4561.359
74 78 8255.781
74 79 6254.916
74 80 5552.547
74 81 7098.064
74 82 5057.616
74 83 1116.657
74 84 4367.234
74 85 3797.029
74 86 5595.847
74 87 1769.929
74 88 4803.350
74 89 8476.344
74 90 4969.105
74 91 8510.229
74 92 3807.409
74 93 2380.142
74 94 3271.196
74 95 2791.760
74 96 3610.564
74 97 6659.819
74 98 7958.468
74 99 2857.855
74 100 2296.195
75 0 5790.903
75 1 6908.349
75 2 5556.583
75 3 8232.580
75 4 1996.694
75 5 8048.563
75 6 6244.663
75 7 10234.303
75 8 7576.500
75 9 7700.435
75 10 9988.859
75 11 6238.381
75 12 8588.826
75 13 7432.914
75 14 5619.299
75 15 6836.535
75 16 9103.663
75 17 9558.788
75 18 10292.432
75 19 9449.274
75 20 2268.611
75 21 5408.106
75 22 1132.631
75 23 8460.062
75 24 8842.495
75 25 11479.312
75 26 8258.497
75 27 3036.420
75 28 8063.636
75 29 10814.029
75 30 3728.314
75 31 10178.817
75 32 9000.321
75 33 7021.152
75 34 5016.803
75 35 4514.760
75 36 9395.256
75 37 1525.348
75 38 11213.323
75 39 1914.601
75 40 4210.422
75 41 1895.051
75 42 3096.441
75 43 4031.071
75 44 5127.563
75 45 6730.909
75 46 2553.374
75 47 3248.208
75 48 7227.178
75 49 10216.600
75 50 10835.018
75 51 7300.875
75 52 715.417
75 53 9153.356
75 54 3798.181
75 55 6850.067
75 56 10086.734
75 57 6707.958
75 58 5272.813
75 59 8059.823
75 60 5576.734
75 61 7551.273
75 62 9420.510
75 63 11246.802
75 64 8613.948
75 65 1562.574
75 66 9694.155
75 67 6543.271
75 68 7554.565
75 69 12132.775
75 70 905.487
75 71 11978.706
75 72 4863.328
75 73 3806.489
75 74 9423.107
75 75 0.000
75 76 6811.703
75 77 5148.281
75 78 1175.052
75 79 4401.791
75 80 6202.580
75 81 2993.223
75 82 4806.968
75 83 8360.642
75 84 11084.073
75 85 5642.663
75 86 4114.699
75 87 7665.710
75 88 10583.216
75 89 1199.071
75 90 4556.123
75 91 1894.511
75 92 10043.101
75 93 7429.092
75 94 7811.725
75 95 8174.717
75 96 6352.979
75 97 3641.592
75 98 2290.194
75 99 7537.888
75 100 8566.873
76 0 1618.357
76 1 1494.594
76 2 3083.834
76 3 4026.554
76 4 4922.963
76 5 1856.391
76 6 570.202
76 7 3670.354
76 8 2014.434
76 9 4024.869
76 10 3297.096
76 11 2401.274
76 12 3740.189
76 13 4576.786
76 14 1469.510
76 15 3210.231
76 16 2658.202
76 17 3660.462
76 18 3486.010
76 19 3252.835
76 20 4987.428
76 21 2948.743
76 22 6317.074
76 23 4650.313
76 24 2034.722
76 25 4711.355
76 26 1569.534
76 27 4403.536
76 28 1420.018
76 29 4481.704
76 30 4970.249
76 31 3831.213
76 32 2687.859
76 33 3433.279
76 34 2269.626
76 35 2437.644
76 36 2740.290
76 37 5547.170
76 38 4736.569
76 39 6445.733
76 40 2607.095
76 41 4916.705
76 42 4156.547
76 43 3625.285
76 44 1693.023
76 45 923.144
76 46 4457.862
76 47 3899.606
76 48 4005.394
76 49 3421.170
76 50 4030.904
76 51 4821.391
76 52 7188.741
76 53 4031.391
76 54 3329.845
76 55 1742.292
76 56 4579.088
76 57 2431.405
76 58 3894.933
76 59 2624.896
76 60 1521.922
76 61 3186.222
76 62 2751.381
76 63 5136.419
76 64 2461.247
76 65 5321.365
76 66 3257.633
76 67 745.704
76 68 938.990
76 69 5496.148
76 70 7691.518
76 71 5544.721
76 72 3015.776
76 73 3074.358
76 74 2647.764
76 75 6811.703
76 76 0.000
76 77 2359.543
76 78 5655.202
76 79 3758.168
76 80 3557.870
76 81 4730.109
76 82 2878.064
76 83 1553.562
76 84 5202.062
76 85 1169.626
76 86 2959.544
76 87 1028.462
76 88 5152.732
76 89 5835.158
76 90 2534.092
76 91 6062.092
76 92 4243.020
76 93 1614.366
76 94 2984.640
76 95 2869.780
76 96 1339.572
76 97 4413.183
76 98 5318.527
76 99 2329.473
76 100 2833.787
77 0 2693.826
77 1 1803.123
77 2 3916.959
77 3 3413.229
77 4 3151.622
77 5 4174.529
77 6 1899.114
77 7 6001.342
77 8 4140.640
77 9 5695.050
77 10 5583.078
77 11 3744.718
77 12 3582.169
77 13 6010.649
77 14 908.715
77 15 4705.546
77 16 5017.039
77 17 5982.542
77 18 5480.998
77 19 5605.909
77 20 2999.401
77 21 817.575
77 22 4396.225
77 23 3846.047
77 24 4208.209
77 25 6891.502
77 26 3377.735
77 27 3695.775
77 28 3773.398
77 29 6838.602
77 30 2629.611
77 31 6189.687
77 32 3894.155
77 33 2281.725
77 34 2624.779
77 35 2156.317
77 36 4406.780
77 37 3686.599
77 38 7074.549
77 39 5403.951
77 40 1739.710
77 41 3365.798
77 42 2111.704
77 43 3443.471
77 44 1302.865
77 45 2917.650
77 46 2597.835
77 47 3141.861
77 48 5490.256
77 49 5580.706
77 50 6142.958
77 51 3298.170
77 52 5680.936
77 53 4110.895
77 54 1350.224
77 55 3592.276
77 56 6853.769
77 57 1625.260
77 58 4486.356
77 59 4775.655
77 60 2315.704
77 61 5002.592
77 62 5063.243
77 63 7494.716
77 64 4794.583
77 65 3904.927
77 66 5613.810
77 67 1739.499
77 68 3297.922
77 69 7773.079
77 70 6053.430
77 71 7883.596
77 72 3378.613
77 73 2250.254
77 74 4561.359
77 75 5148.281
77 76 2359.543
77 77 0.000
77 78 3984.454
77 79 3852.688
77 80 4675.025
77 81 2541.715
77 82 521.672
77 83 3658.520
77 84 7545.009
77 85 1571.061
77 86 2558.842
77 87 2824.454
77 88 7427.459
77 89 4448.583
77 90 696.783
77 91 3975.251
77 92 6561.921
77 93 2325.604
77 94 2744.422
77 95 3048.568
77 96 2949.181
77 97 2110.877
77 98 4378.892
77 99 2395.342
77 100 3419.085
78 0 4710.544
78 1 5735.509
78 2 4653.818
78 3 7138.583
78 4 840.929
78 5 6956.050
78 6 5086.438
78 7 9126.758
78 8 6522.368
78 9 6852.977
78 10 8861.510
78 11 5252.316
78 12 7463.547
78 13 6677.667
78 14 4444.641
78 15 5933.084
78 16 8002.448
78 17 8523.557
78 18 9130.173
78 19 8379.379
78 20 1245.897
78 21 4286.559
78 22 984.343
78 23 7402.109
78 24 7688.882
78 25 10339.996
78 26 7087.913
78 27 2233.441
78 28 6932.030
78 29 9741.203
78 30 2865.850
78 31 9098.962
78 32 7826.227
78 33 5925.777
78 34 3961.105
78 35 3414.236
78 36 8221.732
78 37 599.718
78 38 10123.199
78 39 2069.321
78 40 3065.932
78 41 756.464
78 42 1977.898
78 43 3140.564
78 44 3965.879
78 45 5618.194
78 46 1404.375
78 47 2287.671
78 48 6406.511
78 49 9068.480
78 50 9683.837
78 51 6316.445
78 52 1714.811
78 53 8022.354
78 54 2634.825
78 55 5795.646
78 56 9106.040
78 57 5561.056
78 58 4502.429
78 59 7035.335
78 60 4470.475
78 61 6612.938
78 62 8294.358
78 63 10206.688
78 64 7535.940
78 65 696.694
78 66 8599.334
78 67 5370.602
78 68 6419.943
78 69 11020.943
78 70 2078.375
78 71 10898.653
78 72 3921.376
78 73 2701.179
78 74 8255.781
78 75 1175.052
78 76 5655.202
78 77 3984.454
78 78 0.000
78 79 3579.169
78 80 5364.630
78 81 2014.364
78 82 3663.067
78 83 7200.137
78 84 10071.876
78 85 4485.592
78 86 3062.256
78 87 6495.390
78 88 9620.811
78 89 845.461
78 90 3382.727
78 91 1449.025
78 92 9026.963
78 93 6255.656
78 94 6671.748
78 95 7021.343
78 96 5266.349
78 97 2644.127
78 98 1795.697
78 99 6378.073
78 100 7403.362
79 0 2173.546
79 1 4757.456
79 2 1206.936
79 3 7110.276
79 4 3356.498
79 5 4182.199
79 6 3358.398
79 7 6343.987
79 8 3541.899
79 9 3299.951
79 10 6251.118
79 11 2048.304
79 12 7084.300
79 13 3102.372
79 14 3497.699
79 15 2455.489
79 16 5224.392
79 17 5371.121
79 18 6952.719
79 19 5391.899
79 20 3847.564
79 21 4631.936
79 22 4550.346
79 23 7621.641
79 24 5466.267
79 25 7785.725
79 26 5306.304
79 27 1369.536
79 28 4499.522
79 29 6730.258
79 30 5035.760
79 31 6142.257
79 32 6439.858
79 33 6086.504
79 34 1510.912
79 35 1712.155
79 36 6454.460
79 37 3891.475
79 38 7197.290
79 39 3194.775
79 40 2140.559
79 41 2941.262
79 42 3594.618
79 43 516.185
79 44 2734.144
79 45 3167.611
79 46 3326.851
79 47 1367.688
79 48 2835.666
79 49 6672.452
79 50 7297.537
79 51 7142.134
79 52 4444.071
79 53 7509.282
79 54 3286.825
79 55 2880.405
79 56 5765.650
79 57 5234.400
79 58 939.930
79 59 3884.777
79 60 2244.782
79 61 3199.080
79 62 5702.862
79 63 7042.352
79 64 4630.580
79 65 2922.118
79 66 5750.075
79 67 3986.157
79 68 4079.649
79 69 8212.393
79 70 5081.747
79 71 7901.234
79 72 758.840
79 73 1752.754
79 74 6254.916
79 75 4401.791
79 76 3758.168
79 77 3852.688
79 78 3579.169
79 79 0.000
79 80 1802.092
79 81 4224.641
79 82 4004.737
79 83 5145.980
79 84 6811.985
79 85 2929.178
79 86 1313.133
79 87 4786.618
79 88 6232.232
79 89 3203.620
79 90 3245.128
79 91 4782.233
79 92 5793.783
79 93 5138.289
79 94 6227.618
79 95 6321.458
79 96 2652.052
79 97 4452.249
79 98 2197.456
79 99 5661.621
79 100 6450.000
80 0 2102.578
80 1 4930.478
80 2 812.918
80 3 7472.696
80 4 5064.650
80 5 3125.063
80 6 3411.592
80 7 5064.474
80 8 2388.019
80 9 1497.984
80 10 5108.245
80 11 1158.333
80 12 7270.809
80 13 1413.473
80 14 4007.972
80 15 785.275
80 16 4032.107
80 17 3848.123
80 18 6069.642
80 19 4007.992
80 20 5499.779
80 21 5491.984
80 22 6324.976
80 23 8061.120
80 24 4690.898
80 25 6596.742
80 26 4870.789
80 27 3171.478
80 28 3696.795
80 29 5261.305
80 30 6465.722
80 31 4739.696
80 32 6119.954
80 33 6647.409
80 34 2081.347
80 35 2691.123
80 36 5889.841
80 37 5636.827
80 38 5773.107
80 39 4883.825
80 40 3272.015
80 41 4695.799
80 42 5085.625
80 43 2226.517
80 44 3375.858
80 45 2683.942
80 46 4940.858
80 47 3097.504
80 48 1043.665
80 49 5656.787
80 50 6248.484
80 51 7896.971
80 52 6218.787
80 53 7587.459
80 54 4576.218
80 55 1993.964
80 56 4078.671
80 57 5676.646
80 58 991.502
80 59 2480.682
80 60 2428.173
80 61 1545.983
80 62 4618.453
80 63 5453.891
80 64 3386.647
80 65 4719.180
80 66 4456.151
80 67 4084.435
80 68 3437.828
80 69 6835.859
80 70 6864.259
80 71 6406.496
80 72 1553.300
80 73 3133.498
80 74 5552.547
80 75 6202.580
80 76 3557.870
80 77 4675.025
80 78 5364.630
80 79 1802.092
80 80 0.000
80 81 5753.363
80 82 4992.899
80 83 4539.230
80 84 5162.048
80 85 3272.639
80 86 2622.256
80 87 4487.483
80 88 4504.423
80 89 5003.805
80 90 4244.984
80 91 6498.859
80 92 4188.042
80 93 5159.158
80 94 6470.770
80 95 6415.923
80 96 2218.325
80 97 5849.850
80 98 3969.819
80 99 5832.018
80 100 6387.247
81 0 4366.688
81 1 4332.107
81 2 4946.252
81 3 5273.054
81 4 1310.034
81 5 6381.156
81 6 4185.148
81 7 8394.522
81 8 6145.613
81 9 7112.391
81 10 8024.565
81 11 5227.705
81 12 5681.907
81 13 7164.236
81 14 3293.680
81 15 6103.893
81 16 7338.668
81 17 8129.942
81 18 8014.802
81 19 7849.579
81 20 769.027
81 21 2542.426
81 22 2008.667
81 23 5472.081
81 24 6696.499
81 25 9392.430
81 26 5911.587
81 27 3234.365
81 28 6136.613
81 29 9157.765
81 30 919.844
81 31 8501.906
81 32 6400.483
81 33 4070.254
81 34 3832.307
81 35 3170.108
81 36 6947.058
81 37 1483.628
81 38 9452.417
81 39 3995.892
81 40 2605.931
81 41 1825.442
81 42 675.970
81 43 3708.577
81 44 3146.990
81 45 5018.140
81 46 962.648
81 47 2909.892
81 48 6759.080
81 49 8083.420
81 50 8660.772
81 51 4318.506
81 52 3655.401
81 53 6256.988
81 54 1421.189
81 55 5467.068
81 56 8885.285
81 57 3901.839
81 58 5133.691
81 59 6746.853
81 60 4020.105
81 61 6636.518
81 62 7481.489
81 63 9744.936
81 64 7002.935
81 65 2359.175
81 66 7947.169
81 67 4226.598
81 68 5629.684
81 69 10224.066
81 70 3850.197
81 71 10257.293
81 72 4201.497
81 73 2620.731
81 74 7098.064
81 75 2993.223
81 76 4730.109
81 77 2541.715
81 78 2014.364
81 79 4224.641
81 80 5753.363
81 81 0.000
81 82 2073.468
81 83 6157.316
81 84 9716.153
81 85 3654.740
81 86 3131.248
81 87 5346.114
81 88 9442.879
81 89 2785.598
81 90 2196.023
81 91 1455.509
81 92 8687.192
81 93 4849.167
81 94 4956.312
81 95 5373.076
81 96 4835.068
81 97 648.399
81 98 3353.564
81 99 4787.709
81 100 5825.612
82 0 3092.786
82 1 2261.179
82 2 4210.303
82 3 3545.911
82 4 2822.274
82 5 4682.242
82 6 2404.731
82 7 6523.014
82 8 4621.158
82 9 6088.446
82 10 6103.595
82 11 4127.221
82 12 3809.103
82 13 6358.870
82 14 1417.312
82 15 5085.690
82 16 5536.172
82 17 6487.987
82 18 5979.409
82 19 6120.046
82 20 2597.293
82 21 693.204
82 22 3990.093
82 23 3907.885
82 24 4724.731
82 25 7403.577
82 26 3878.520
82 27 3664.337
82 28 4293.704
82 29 7358.599
82 30 2108.849
82 31 6709.059
82 32 4328.371
82 33 2354.400
82 34 2914.941
82 35 2369.093
82 36 4881.551
82 37 3311.722
82 38 7596.192
82 39 5227.685
82 40 1865.064
82 41 3102.452
82 42 1719.626
82 43 3556.594
82 44 1679.225
82 45 3403.741
82 46 2259.178
82 47 3130.024
82 48 5854.850
82 49 6093.099
82 50 6650.158
82 51 3167.457
82 52 5375.230
82 53 4362.103
82 54 1069.940
82 55 4046.787
82 56 7347.616
82 57 1901.010
82 58 4713.486
82 59 5254.671
82 60 2710.126
82 61 5428.414
82 62 5584.753
82 63 8011.026
82 64 5304.060
82 65 3663.794
82 66 6133.924
82 67 2259.778
82 68 3815.575
82 69 8292.278
82 70 5707.936
82 71 8405.241
82 72 3612.046
82 73 2304.740
82 74 5057.616
82 75 4806.968
82 76 2878.064
82 77 521.672
82 78 3663.067
82 79 4004.737
82 80 4992.899
82 81 2073.468
82 82 0.000
82 83 4173.639
82 84 8054.918
82 85 2028.988
82 86 2691.754
82 87 3333.923
82 88 7920.463
82 89 4200.295
82 90 767.583
82 91 3523.043
82 92 7065.996
82 93 2776.259
82 94 3008.682
82 95 3370.779
82 96 3397.214
82 97 1602.874
82 98 4257.160
82 99 2749.301
82 100 3787.080
83 0 2976.051
83 1 2111.268
83 2 4274.272
83 3 4048.425
83 4 6453.550
83 5 1692.256
83 6 2116.529
83 7 2473.582
83 8 2325.985
83 9 4519.910
83 10 1976.832
83 11 3431.144
83 12 3522.009
83 13 5225.043
83 14 2868.022
83 15 3976.606
83 16 1791.011
83 17 3064.306
83 18 1932.893
83 19 2498.700
83 20 6481.553
83 21 4047.598
83 22 7834.520
83 23 4690.490
83 24 555.540
83 25 3236.405
83 26 551.855
83 27 5920.192
83 28 921.766
83 29 3420.926
83 30 6277.724
83 31 2831.321
83 32 1715.327
83 33 3914.935
83 34 3724.770
83 35 3974.129
83 36 1352.797
83 37 7070.240
83 38 3537.007
83 39 7974.534
83 40 4160.126
83 41 6465.704
83 42 5626.268
83 43 5084.976
83 44 3234.276
83 45 1987.473
83 46 5970.976
83 47 5432.158
83 48 4671.297
83 49 1926.319
83 50 2510.595
83 51 5304.134
83 52 8742.302
83 53 3588.334
83 54 4796.731
83 55 2545.500
83 56 4072.377
83 57 3059.106
83 58 5104.366
83 59 2703.670
83 60 2990.944
83 61 3647.479
83 62 1534.092
83 63 4179.159
83 64 2006.887
83 65 6874.893
83 66 2259.238
83 67 1931.303
83 68 1109.438
83 69 4130.944
83 70 9243.059
83 71 4334.103
83 72 4387.479
83 73 4625.210
83 74 1116.657
83 75 8360.642
83 76 1553.562
83 77 3658.520
83 78 7200.137
83 79 5145.980
83 80 4539.230
83 81 6157.316
83 82 4173.639
83 83 0.000
83 84 4386.361
83 85 2718.830
83 86 4484.294
83 87 860.764
83 88 4607.129
83 89 7388.339
83 90 3983.939
83 91 7537.236
83 92 3606.243
83 93 1789.682
83 94 3039.520
83 95 2674.951
83 96 2511.796
83 97 5768.802
83 98 6847.110
83 99 2468.751
83 100 2340.953
84 0 5415.462
84 1 6396.709
84 2 5605.365
84 3 8392.457
84 4 9532.811
84 5 3373.604
84 6 5650.555
84 7 2136.489
84 8 3589.238
84 9 3878.856
84 10 2712.241
84 11 4847.611
84 12 7800.853
84 13 4577.305
84 14 6638.231
84 15 4399.131
84 16 2627.087
84 17 1586.211
84 18 3968.793
84 19 1958.295
84 20 9781.921
84 21 8145.893
84 22 10932.598
84 23 9024.287
84 24 3925.441
84 25 3070.718
84 26 4921.848
84 27 8101.222
84 28 3847.612
84 29 1209.377
84 30 10102.221
84 31 1591.360
84 32 5746.742
84 33 8290.247
84 34 6117.595
84 35 6713.481
84 36 4926.518
84 37 10168.597
84 38 1595.082
84 39 9998.506
84 40 7191.488
84 41 9326.226
84 42 9072.431
84 43 7087.404
84 44 6578.563
84 45 4705.901
84 46 9202.586
84 47 7835.921
84 48 4380.058
84 49 3330.070
84 50 3441.023
84 51 9687.375
84 52 11225.742
84 53 7734.705
84 54 8299.692
84 55 4302.137
84 56 1106.334
84 57 7386.364
84 58 6147.427
84 59 3037.797
84 60 5724.149
84 61 3632.287
84 62 2908.911
84 63 540.232
84 64 2750.859
84 65 9526.557
84 66 2132.596
84 67 5907.786
84 68 4268.835
84 69 2455.140
84 70 11843.796
84 71 1647.186
84 72 6236.013
84 73 7410.871
84 74 4367.234
84 75 11084.073
84 76 5202.062
84 77 7545.009
84 78 10071.876
84 79 6811.985
84 80 5162.048
84 81 9716.153
84 82 8054.918
84 83 4386.361
84 84 0.000
84 85 6095.813
84 86 7010.655
84 87 5160.716
84 88 938.211
84 89 9918.165
84 90 7586.763
84 91 10876.207
84 92 1045.523
84 93 6158.956
84 94 7414.382
84 95 7010.742
84 96 4898.892
84 97 9511.911
84 98 8999.070
84 99 6855.088
84 100 6588.964
85 0 1186.219
85 1 1829.055
85 2 2597.724
85 3 4265.827
85 4 3758.627
85 5 2734.656
85 6 602.305
85 7 4759.204
85 8 2597.972
85 9 4155.894
85 10 4427.918
85 11 2237.899
85 12 4172.574
85 13 4532.214
85 14 748.518
85 15 3189.595
85 16 3686.002
85 17 4514.069
85 18 4651.561
85 19 4200.510
85 20 3849.075
85 21 2339.826
85 22 5158.938
85 23 4825.933
85 24 3203.692
85 25 5870.659
85 26 2665.677
85 27 3338.903
85 28 2506.757
85 29 5503.107
85 30 4009.264
85 31 4847.235
85 32 3629.345
85 33 3376.758
85 34 1439.026
85 35 1367.309
85 36 3834.439
85 37 4386.505
85 38 5806.930
85 39 5345.244
85 40 1444.457
85 41 3747.612
85 42 3046.058
85 43 2682.845
85 44 530.176
85 45 1395.560
85 46 3306.233
85 47 2807.949
85 48 3990.460
85 49 4587.207
85 50 5199.458
85 51 4636.197
85 52 6028.449
85 53 4582.205
85 54 2234.832
85 55 2022.190
85 56 5337.928
85 57 2421.694
85 58 3308.354
85 59 3229.316
85 60 845.491
85 61 3437.353
85 62 3869.914
85 63 6098.441
85 64 3359.151
85 65 4160.274
85 66 4294.907
85 67 1080.502
85 68 1992.698
85 69 6619.377
85 70 6524.241
85 71 6608.933
85 72 2264.066
85 73 1937.291
85 74 3797.029
85 75 5642.663
85 76 1169.626
85 77 1571.061
85 78 4485.592
85 79 2929.178
85 80 3272.639
85 81 3654.740
85 82 2028.988
85 83 2718.830
85 84 6095.813
85 85 0.000
85 86 1905.008
85 87 2079.755
85 88 5908.494
85 89 4679.664
85 90 1491.045
85 91 4934.789
85 92 5084.403
85 93 2220.716
85 94 3325.367
85 95 3392.996
85 96 1378.214
85 97 3416.107
85 98 4223.550
85 99 2738.003
85 100 3533.642
86 0 1682.764
86 1 3664.467
86 2 1815.594
86 3 5885.743
86 4 2563.957
86 5 3941.806
86 6 2451.191
86 7 6137.288
86 8 3465.703
86 9 4004.791
86 10 5927.482
86 11 2221.771
86 12 5920.342
86 13 4034.074
86 14 2320.992
86 15 3012.821
86 16 5002.234
86 17 5461.877
86 18 6393.247
86 19 5334.762
86 20 2923.986
86 21 3324.800
86 22 3934.617
86 23 6370.446
86 24 4900.845
86 25 7444.314
86 26 4522.047
86 27 1445.118
86 28 4030.581
86 29 6699.407
86 30 3860.415
86 31 6064.517
86 32 5533.649
86 33 4819.411
86 34 902.745
86 35 537.716
86 36 5695.502
86 37 3184.946
86 38 7101.583
86 39 3490.334
86 40 829.167
86 41 2315.763
86 42 2463.745
86 43 885.745
86 44 1563.384
86 45 2663.300
86 46 2348.907
86 47 951.556
86 48 3632.108
86 49 6225.594
86 50 6853.773
86 51 5836.073
86 52 4367.102
86 53 6381.077
86 54 2019.706
86 55 2738.586
86 56 6057.808
86 57 4014.946
86 58 2089.449
86 59 3973.426
86 60 1519.271
86 61 3620.711
86 62 5359.408
86 63 7146.390
86 64 4499.764
86 65 2553.938
86 66 5586.260
86 67 2981.689
86 68 3540.688
86 69 8037.556
86 70 4933.985
86 71 7864.186
86 72 1072.704
86 73 511.783
86 74 5595.847
86 75 4114.699
86 76 2959.544
86 77 2558.842
86 78 3062.256
86 79 1313.133
86 80 2622.256
86 81 3131.248
86 82 2691.754
86 83 4484.294
86 84 7010.655
86 85 1905.008
86 86 0.000
86 87 3951.848
86 88 6583.381
86 89 3008.388
86 90 1934.034
86 91 3974.220
86 92 5965.453
86 93 4102.246
86 94 5057.856
86 95 5210.310
86 96 2247.179
86 97 3252.643
86 98 2362.837
86 99 4535.562
86 100 5407.878
87 0 2638.742
87 1 1260.223
87 2 4077.566
87 3 3430.988
87 4 5722.366
87 5 2122.407
87 6 1501.575
87 7 3321.200
87 8 2576.249
87 9 4747.692
87 10 2836.252
87 11 3332.463
87 12 3005.349
87 13 5378.974
87 14 2083.457
87 15 4046.617
87 16 2534.688
87 17 3748.662
87 18 2674.085
87 19 3226.019
87 20 5709.311
87 21 3187.380
87 22 7080.484
87 23 4075.544
87 24 1415.637
87 25 4070.242
87 26 592.964
87 27 5396.461
87 28 1391.362
87 29 4249.889
87 30 5431.319
87 31 3640.367
87 32 1666.772
87 33 3135.792
87 34 3295.637
87 35 3420.316
87 36 1754.754
87 37 6325.695
87 38 4390.140
87 39 7421.057
87 40 3513.141
87 41 5777.365
87 42 4840.405
87 43 4647.009
87 44 2557.441
87 45 1804.184
87 46 5219.342
87 47 4877.984
87 48 4808.859
87 49 2760.437
87 50 3318.769
87 51 4541.064
87 52 8085.832
87 53 3196.013
87 54 4014.892
87 55 2550.321
87 56 4741.319
87 57 2231.499
87 58 4898.206
87 59 3088.722
87 60 2548.598
87 61 3875.973
87 62 2374.443
87 63 4989.697
87 64 2596.672
87 65 6219.652
87 66 3058.828
87 67 1136.240
87 68 1216.905
87 69 4988.902
87 70 8558.874
87 71 5190.273
87 72 4043.194
87 73 4017.004
87 74 1769.929
87 75 7665.710
87 76 1028.462
87 77 2824.454
87 78 6495.390
87 79 4786.618
87 80 4487.483
87 81 5346.114
87 82 3333.923
87 83 860.764
87 84 5160.716
87 85 2079.755
87 86 3951.848
87 87 0.000
87 88 5296.414
87 89 6746.422
87 90 3200.669
87 91 6747.146
87 92 4314.941
87 93 1013.966
87 94 2383.147
87 95 2120.236
87 96 2297.057
87 97 4934.533
87 98 6296.780
87 99 1755.251
87 100 1943.964
88 0 5081.381
88 1 6477.071
88 2 5038.699
88 3 8655.547
88 4 9140.168
88 5 3298.861
88 6 5533.535
88 7 2695.896
88 8 3316.140
88 9 3120.307
88 10 3226.039
88 11 4369.325
88 12 8112.541
88 13 3760.522
88 14 6520.810
88 15 3779.405
88 16 2821.010
88 17 1548.890
88 18 4558.596
88 19 2114.096
88 20 9437.690
88 21 8090.348
88 22 10517.362
88 23 9297.444
88 24 4221.469
88 25 3878.489
88 26 5158.219
88 27 7562.969
88 28 3916.717
88 29 1947.331
88 30 9904.661
88 31 2076.586
88 32 6126.471
88 33 8422.811
88 34 5715.668
88 35 6345.694
88 36 5363.788
88 37 9767.081
88 38 2431.442
88 39 9384.641
88 40 6863.181
88 41 8889.118
88 42 8782.230
88 43 6555.298
88 44 6353.913
88 45 4517.970
88 46 8854.221
88 47 7349.314
88 48 3632.806
88 49 3909.656
88 50 4133.684
88 51 9831.729
88 52 10674.536
88 53 8110.069
88 54 8045.526
88 55 3975.821
88 56 574.482
88 57 7473.121
88 58 5495.801
88 59 2698.505
88 60 5422.807
88 61 3036.724
88 62 3270.232
88 63 1461.312
88 64 2722.734
88 65 9040.624
88 66 2483.654
88 67 5889.022
88 68 4258.723
88 69 3371.149
88 70 11306.716
88 71 2583.167
88 72 5720.752
88 73 7019.081
88 74 4803.350
88 75 10583.216
88 76 5152.732
88 77 7427.459
88 78 9620.811
88 79 6232.232
88 80 4504.423
88 81 9442.879
88 82 7920.463
88 83 4607.129
88 84 938.211
88 85 5908.494
88 86 6583.381
88 87 5296.414
88 88 0.000
88 89 9399.214
88 90 7383.168
88 91 10521.808
88 92 1007.350
88 93 6310.284
88 94 7639.233
88 95 7280.464
88 96 4613.151
88 97 9298.247
88 98 8429.686
88 99 7040.937
88 100 6909.327
89 0 4690.768
89 1 6118.015
89 2 4365.771
89 3 7733.904
89 4 1498.691
89 5 6948.638
89 6 5278.990
89 7 9145.538
89 8 6443.199
89 9 6501.572
89 10 8929.782
89 11 5070.703
89 12 8004.432
89 13 6238.712
89 14 4769.724
89 15 5643.495
89 16 8010.121
89 17 8407.460
89 18 9319.176
89 19 8323.161
89 20 2023.744
89 21 4862.168
89 22 1680.246
89 23 8041.534
89 24 7845.126
89 25 10438.805
89 26 7337.566
89 27 1841.183
89 28 7019.107
89 29 9687.660
89 30 3670.074
89 31 9059.960
89 32 8178.153
89 33 6527.022
89 34 3900.736
89 35 3453.835
89 36 8496.615
89 37 1443.707
89 38 10102.541
89 39 1229.104
89 40 3235.958
89 41 1099.329
89 42 2618.500
89 43 2843.916
89 44 4189.073
89 45 5663.145
89 46 2018.105
89 47 2097.615
89 48 6028.175
89 49 9199.365
89 50 9824.036
89 51 7027.526
89 52 1362.118
89 53 8548.633
89 54 3133.846
89 55 5719.991
89 56 8909.010
89 57 6064.889
89 58 4075.000
89 59 6905.474
89 60 4509.411
89 61 6364.298
89 62 8361.132
89 63 10095.846
89 64 7497.317
89 65 544.590
89 66 8591.611
89 67 5652.887
89 68 6518.385
89 69 11045.790
89 70 1933.709
89 71 10856.907
89 72 3685.380
89 73 2768.139
89 74 8476.344
89 75 1199.071
89 76 5835.158
89 77 4448.583
89 78 845.461
89 79 3203.620
89 80 5003.805
89 81 2785.598
89 82 4200.295
89 83 7388.339
89 84 9918.165
89 85 4679.664
89 86 3008.388
89 87 6746.422
89 88 9399.214
89 89 0.000
89 90 3792.111
89 91 2269.632
89 92 8880.432
89 93 6626.791
89 94 7184.969
89 95 7494.731
89 96 5255.288
89 97 3387.448
89 98 1122.343
89 99 6832.711
89 100 7835.701
90 0 2419.855
90 1 2352.916
90 2 3454.823
90 3 4109.290
90 4 2568.424
90 5 4224.060
90 6 1992.129
90 7 6199.974
90 8 4067.110
90 9 5387.883
90 10 5829.346
90 11 3425.771
90 12 4272.257
90 13 5623.609
90 14 1118.642
90 15 4376.866
90 16 5153.993
90 17 6004.417
90 18 5873.836
90 19 5687.598
90 20 2508.965
90 21 1394.589
90 22 3887.562
90 23 4533.059
90 24 4515.056
90 25 7211.698
90 26 3782.770
90 27 3003.530
90 28 3942.641
90 29 6977.286
90 30 2522.659
90 31 6321.982
90 32 4444.500
90 33 2967.131
90 34 2163.713
90 35 1602.194
90 36 4877.575
90 37 3144.944
90 38 7260.455
90 39 4716.951
90 40 1104.948
90 41 2725.863
90 42 1642.718
90 43 2808.003
90 44 1033.445
90 45 2883.579
90 46 2037.462
90 47 2452.391
90 48 5131.302
90 49 5906.039
90 50 6494.015
90 51 3904.675
90 52 5055.935
90 53 4794.100
90 54 814.496
90 55 3441.638
90 56 6815.165
90 57 2313.080
90 58 3945.975
90 59 4691.093
90 60 2039.555
90 61 4766.837
90 62 5285.468
90 63 7586.023
90 64 4848.951
90 65 3247.523
90 66 5761.329
90 67 2065.783
90 68 3438.254
90 69 8028.845
90 70 5460.802
90 71 8066.574
90 72 2845.289
90 73 1578.409
90 74 4969.105
90 75 4556.123
90 76 2534.092
90 77 696.783
90 78 3382.727
90 79 3245.128
90 80 4244.984
90 81 2196.023
90 82 767.583
90 83 3983.939
90 84 7586.763
90 85 1491.045
90 86 1934.034
90 87 3200.669
90 88 7383.168
90 89 3792.111
90 90 0.000
90 91 3553.380
90 92 6573.360
90 93 2873.002
90 94 3428.124
90 95 3707.545
90 96 2789.794
90 97 1925.190
90 98 3683.601
90 99 3041.542
90 100 4045.392
91 0 5462.645
91 1 5774.781
91 2 5731.663
91 3 6659.587
91 4 1434.255
91 5 7607.319
91 6 5501.035
91 7 9693.160
91 8 7287.021
91 9 7948.882
91 10 9355.658
91 11 6188.558
91 12 7104.262
91 13 7869.378
91 14 4670.968
91 15 6976.849
91 16 8606.658
91 17 9296.852
91 18 9421.090
91 19 9070.299
91 20 1096.615
91 21 3992.836
91 22 762.033
91 23 6805.482
91 24 8066.160
91 25 10761.666
91 26 7322.287
91 27 3522.440
91 28 7441.223
91 29 10406.801
91 30 1939.262
91 31 9752.608
91 32 7851.394
91 33 5472.779
91 34 4809.550
91 35 4177.027
91 36 8380.595
91 37 925.499
91 38 10734.714
91 39 3453.345
91 40 3685.445
91 41 1859.660
91 42 1911.075
91 43 4295.424
91 44 4408.003
91 45 6236.895
91 46 1673.632
91 47 3419.216
91 48 7538.968
91 49 9458.005
91 50 10047.395
91 51 5549.360
91 52 2609.730
91 53 7682.183
91 54 2740.886
91 55 6577.722
91 56 9980.788
91 57 5355.080
91 58 5722.058
91 59 7855.907
91 60 5154.956
91 61 7593.875
91 62 8801.871
91 63 10949.275
91 64 8218.378
91 65 2109.892
91 66 9214.986
91 67 5616.054
91 68 6927.481
91 69 11551.554
91 70 2617.714
91 71 11532.363
91 72 4974.234
91 73 3509.025
91 74 8510.229
91 75 1894.511
91 76 6062.092
91 77 3975.251
91 78 1449.025
91 79 4782.233
91 80 6498.859
91 81 1455.509
91 82 3523.043
91 83 7537.236
91 84 10876.207
91 85 4934.789
91 86 3974.220
91 87 6747.146
91 88 10521.808
91 89 2269.632
91 90 3553.380
91 91 0.000
91 92 9834.654
91 93 6294.420
91 94 6398.907
91 95 6824.054
91 96 5980.199
91 97 2042.359
91 98 3231.140
91 99 6242.967
91 100 7280.598
92 0 4372.600
92 1 5515.948
92 2 4587.069
92 3 7654.055
92 4 8487.948
92 5 2390.895
92 6 4662.942
92 7 1782.929
92 8 2549.325
92 9 3007.488
92 10 2270.655
92 11 3810.128
92 12 7106.322
92 13 3760.145
92 14 5653.267
92 15 3412.035
92 16 1816.818
92 17 582.680
92 18 3618.145
92 19 1108.809
92 20 8741.115
92 21 7191.530
92 22 9887.175
92 23 8295.084
92 24 3214.179
92 25 3147.180
92 26 4156.423
92 27 7068.946
92 28 2949.300
92 29 1283.355
92 30 9093.666
92 31 1160.565
92 32 5120.615
92 33 7448.443
92 34 5072.077
92 35 5669.074
92 36 4366.235
92 37 9123.473
92 38 1836.637
92 39 8986.052
92 40 6151.042
92 41 8280.920
92 42 8039.548
92 43 6055.299
92 44 5557.476
92 45 3689.795
92 46 8161.053
92 47 6794.938
92 48 3485.523
92 49 2972.955
92 50 3269.045
92 51 8855.512
92 52 10193.453
92 53 7103.144
92 54 7273.753
92 55 3258.398
92 56 550.463
92 57 6511.847
92 58 5163.033
92 59 1992.329
92 60 4685.637
92 61 2643.989
92 62 2269.291
92 63 1265.989
92 64 1783.323
92 65 8484.478
92 66 1490.171
92 67 4966.916
92 68 3325.439
92 69 2900.548
92 70 10808.220
92 71 2285.544
92 72 5201.933
92 73 6365.626
92 74 3807.409
92 75 10043.101
92 76 4243.020
92 77 6561.921
92 78 9026.963
92 79 5793.783
92 80 4188.042
92 81 8687.192
92 82 7065.996
92 83 3606.243
92 84 1045.523
92 85 5084.403
92 86 5965.453
92 87 4314.941
92 88 1007.350
92 89 8880.432
92 90 6573.360
92 91 9834.654
92 92 0.000
92 93 5327.305
92 94 6642.588
92 95 6277.252
92 96 3861.151
92 97 8497.921
92 98 7973.435
92 99 6051.091
92 100 5902.346
93 0 3134.809
93 1 523.715
93 2 4632.315
93 3 2460.632
93 4 5438.863
93 5 3114.294
93 6 1807.931
93 7 4255.034
93 8 3498.480
93 9 5610.155
93 10 3734.314
93 11 4007.255
93 12 2126.359
93 13 6186.337
93 14 1867.229
93 15 4822.961
93 16 3537.926
93 17 4762.307
93 18 3296.882
93 19 4234.570
93 20 5323.279
93 21 2455.623
93 22 6719.233
93 23 3099.875
93 24 2312.860
93 25 4813.141
93 26 1306.251
93 27 5505.412
93 28 2402.609
93 29 5210.261
93 30 4783.547
93 31 4618.462
93 32 1573.558
93 33 2131.311
93 34 3630.899
93 35 3568.170
93 36 2122.783
93 37 5998.916
93 38 5307.360
93 39 7441.691
93 40 3491.601
93 41 5586.428
93 42 4435.775
93 43 4903.138
93 44 2557.025
93 45 2532.570
93 46 4898.115
93 47 4955.477
93 48 5614.361
93 49 3534.163
93 50 4021.282
93 51 3531.655
93 52 7919.677
93 53 2433.202
93 54 3649.530
93 55 3343.227
93 56 5755.197
93 57 1287.635
93 58 5416.333
93 59 4050.410
93 60 2929.794
93 61 4753.777
93 62 3322.449
93 63 5967.431
93 64 3608.291
93 65 6084.895
93 66 4042.257
93 67 1152.591
93 68 2169.742
93 69 5812.240
93 70 8333.802
93 71 6094.325
93 72 4441.667
93 73 4039.017
93 74 2380.142
93 75 7429.092
93 76 1614.366
93 77 2325.604
93 78 6255.656
93 79 5138.289
93 80 5159.158
93 81 4849.167
93 82 2776.259
93 83 1789.682
93 84 6158.956
93 85 2220.716
93 86 4102.246
93 87 1013.966
93 88 6310.284
93 89 6626.791
93 90 2873.002
93 91 6294.420
93 92 5327.305
93 93 0.000
93 94 1406.235
93 95 1257.301
93 96 2944.743
93 97 4355.770
93 98 6342.420
93 99 756.333
93 100 1313.169
94 0 4392.004
94 1 1540.623
94 2 5881.886
94 3 1054.456
94 4 5830.932
94 5 4504.301
94 6 3061.034
94 7 5402.663
94 8 4904.678
94 9 7003.918
94 10 4843.389
94 11 5335.347
94 12 862.617
94 13 7558.769
94 14 2741.244
94 15 6188.764
94 16 4829.946
94 17 6091.629
94 18 4092.499
94 19 5536.867
94 20 5575.075
94 21 2419.547
94 22 6947.564
94 23 1695.493
94 24 3492.313
94 25 5667.876
94 26 2494.803
94 27 6359.697
94 28 3769.162
94 29 6387.433
94 30 4627.818
94 31 5838.808
94 32 1974.612
94 33 1149.877
94 34 4762.312
94 35 4553.568
94 36 2823.261
94 37 6304.801
94 38 6406.082
94 39 8145.036
94 40 4324.123
94 41 6094.020
94 42 4716.385
94 43 5918.526
94 44 3507.334
94 45 3907.711
94 46 5267.735
94 47 5799.231
94 48 6988.130
94 49 4491.559
94 50 4860.722
94 51 2358.392
94 52 8383.511
94 53 1366.522
94 54 4056.811
94 55 4726.257
94 56 7095.216
94 57 1120.443
94 58 6626.834
94 59 5453.708
94 60 4129.548
94 61 6153.097
94 62 4516.970
94 63 7172.277
94 64 4969.889
94 65 6642.870
94 66 5281.825
94 67 2386.383
94 68 3571.906
94 69 6752.105
94 70 8709.934
94 71 7157.657
94 72 5588.127
94 73 4875.029
94 74 3271.196
94 75 7811.725
94 76 2984.640
94 77 2744.422
94 78 6671.748
94 79 6227.618
94 80 6470.770
94 81 4956.312
94 82 3008.682
94 83 3039.520
94 84 7414.382
94 85 3325.367
94 86 5057.856
94 87 2383.147
94 88 7639.233
94 89 7184.969
94 90 3428.124
94 91 6398.907
94 92 6642.588
94 93 1406.235
94 94 0.000
94 95 527.303
94 96 4281.993
94 97 4359.304
94 98 7102.490
94 99 656.696
94 100 1087.254
95 0 4378.542
95 1 1564.037
95 2 5877.084
95 3 1381.893
95 4 6182.958
95 5 4229.670
95 6 3043.517
95 7 4964.445
95 8 4691.358
95 9 6839.469
95 10 4396.966
95 11 5264.540
95 12 886.555
95 13 7433.478
95 14 2895.223
95 15 6074.251
95 16 4460.435
95 17 5739.219
95 18 3588.518
95 19 5168.500
95 20 5962.103
95 21 2831.268
95 22 7346.811
95 23 2018.612
95 24 3086.849
95 25 5163.759
95 26 2123.146
95 27 6561.363
95 28 3470.267
95 29 5954.300
95 30 5094.132
95 31 5425.625
95 32 1459.749
95 33 1676.084
95 34 4827.796
95 35 4689.346
95 36 2321.566
95 37 6682.158
95 38 5947.680
95 39 8409.749
95 40 4520.851
95 41 6414.361
95 42 5089.983
95 43 6048.198
95 44 3647.004
95 45 3783.798
95 46 5622.284
95 47 6002.412
95 48 6861.293
95 49 4010.771
95 50 4357.914
95 51 2856.965
95 52 8725.474
95 53 1191.401
95 54 4389.569
95 55 4587.942
95 56 6747.309
95 57 1475.184
95 58 6650.324
95 59 5207.986
95 60 4152.517
95 61 5974.992
95 62 4103.067
95 63 6746.701
95 64 4653.451
95 65 6950.477
95 66 4880.848
95 67 2371.133
95 68 3335.708
95 69 6257.478
95 70 9077.180
95 71 6687.273
95 72 5648.578
95 73 5075.310
95 74 2791.760
95 75 8174.717
95 76 2869.780
95 77 3048.568
95 78 7021.343
95 79 6321.458
95 80 6415.923
95 81 5373.076
95 82 3370.779
95 83 2674.951
95 84 7010.742
95 85 3392.996
95 86 5210.310
95 87 2120.236
95 88 7280.464
95 89 7494.731
95 90 3707.545
95 91 6824.054
95 92 6277.252
95 93 1257.301
95 94 527.303
95 95 0.000
95 96 4202.043
95 97 4793.497
95 98 7343.372
95 99 678.800
95 100 560.085
96 0 564.530
96 1 2750.386
96 2 1788.447
96 3 5305.047
96 4 4662.002
96 5 1695.874
96 6 1267.323
96 7 3890.257
96 8 1312.622
96 9 2827.307
96 10 3697.970
96 11 1062.782
96 12 5064.162
96 13 3294.822
96 14 2098.434
96 15 1922.258
96 16 2755.065
96 17 3316.973
96 18 4303.132
96 19 3116.945
96 20 4884.712
96 21 3710.795
96 22 6073.722
96 23 5912.227
96 24 2814.270
96 25 5226.241
96 26 2740.490
96 27 3586.592
96 28 1857.453
96 29 4475.865
96 30 5301.389
96 31 3832.617
96 32 3955.855
96 33 4581.238
96 34 1361.789
96 35 1853.466
96 36 3846.559
96 37 5301.506
96 38 4860.926
96 39 5643.453
96 40 2294.859
96 41 4510.339
96 42 4181.272
96 43 2657.197
96 44 1756.440
96 45 524.843
96 46 4307.242
96 47 3175.361
96 48 2730.341
96 49 4051.864
96 50 4680.797
96 51 5912.748
96 52 6612.615
96 53 5369.771
96 54 3432.494
96 55 652.488
96 56 4051.886
96 57 3581.478
96 58 2616.173
96 59 1914.656
96 60 825.469
96 61 2068.012
96 62 3133.078
96 63 4974.317
96 64 2270.202
96 65 4796.546
96 66 3341.369
96 67 1910.158
96 68 1428.352
96 69 5790.502
96 70 7180.679
96 71 5632.446
96 72 1894.726
96 73 2565.980
96 74 3610.564
96 75 6352.979
96 76 1339.572
96 77 2949.181
96 78 5266.349
96 79 2652.052
96 80 2218.325
96 81 4835.068
96 82 3397.214
96 83 2511.796
96 84 4898.892
96 85 1378.214
96 86 2247.179
96 87 2297.057
96 88 4613.151
96 89 5255.288
96 90 2789.794
96 91 5980.199
96 92 3861.151
96 93 2944.743
96 94 4281.993
96 95 4202.043
96 96 0.000
96 97 4690.092
96 98 4532.698
96 99 3634.424
96 100 4171.146
97 0 4270.497
97 1 3849.410
97 2 5036.933
97 3 4636.245
97 4 1891.065
97 5 6147.234
97 6 3895.406
97 7 8081.223
97 8 5982.995
97 9 7138.856
97 10 7681.064
97 11 5206.597
97 12 5063.262
97 13 7262.277
97 14 2946.761
97 15 6122.223
97 16 7059.872
97 17 7929.547
97 18 7581.958
97 19 7608.180
97 20 1400.985
97 21 1968.587
97 22 2645.406
97 23 4825.145
97 24 6317.308
97 25 9002.379
97 26 5481.394
97 27 3612.970
97 28 5832.599
97 29 8885.283
97 30 622.859
97 31 8231.261
97 32 5882.446
97 33 3438.937
97 34 3837.317
97 35 3182.636
97 36 6472.494
97 37 2129.079
97 38 9149.525
97 39 4579.070
97 40 2597.625
97 41 2371.111
97 42 911.567
97 43 3940.245
97 44 2945.380
97 45 4808.353
97 46 1437.229
97 47 3215.708
97 48 6821.727
97 49 7691.581
97 50 8252.141
97 51 3675.713
97 52 4301.449
97 53 5640.634
97 54 1294.522
97 55 5337.388
97 56 8732.399
97 57 3333.506
97 58 5322.996
97 59 6601.596
97 60 3902.983
97 61 6595.684
97 62 7151.796
97 63 9506.476
97 64 6772.317
97 65 2930.332
97 66 7664.622
97 67 3843.958
97 68 5337.614
97 69 9875.865
97 70 4497.010
97 71 9957.850
97 72 4319.394
97 73 2746.427
97 74 6659.819
97 75 3641.592
97 76 4413.183
97 77 2110.877
97 78 2644.127
97 79 4452.249
97 80 5849.850
97 81 648.399
97 82 1602.874
97 83 5768.802
97 84 9511.911
97 85 3416.107
97 86 3252.643
97 87 4934.533
97 88 9298.247
97 89 3387.448
97 90 1925.190
97 91 2042.359
97 92 8497.921
97 93 4355.770
97 94 4359.304
97 95 4793.497
97 96 4690.092
97 97 0.000
97 98 3857.061
97 99 4231.839
97 100 5264.428
98 0 3977.526
98 1 5863.051
98 2 3397.557
98 3 7780.522
98 4 2078.222
98 5 6193.412
98 6 4796.133
98 7 8391.406
98 8 5623.552
98 9 5460.317
98 10 8229.807
98 11 4179.962
98 12 7952.802
98 13 5152.324
98 14 4483.474
98 15 4652.118
98 16 7256.142
98 17 7530.392
98 18 8752.787
98 19 7502.216
98 20 2675.627
98 21 4949.307
98 22 2746.114
98 23 8164.962
98 24 7258.112
98 25 9758.914
98 26 6874.236
98 27 946.198
98 28 6365.360
98 29 8858.178
98 30 4273.406
98 31 8249.042
98 32 7837.123
98 33 6607.383
98 34 3178.325
98 35 2881.336
98 36 8047.468
98 37 2320.425
98 38 9301.659
98 39 1127.577
98 40 2850.823
98 41 1540.906
98 42 2970.869
98 43 1932.696
98 44 3797.122
98 45 4991.283
98 46 2422.381
98 47 1419.567
98 48 4974.038
98 49 8566.186
98 50 9195.521
98 51 7313.304
98 52 2249.821
98 53 8464.747
98 54 3214.491
98 55 4917.502
98 56 7960.752
98 57 5993.863
98 58 3010.891
98 59 6031.243
98 60 3870.883
98 61 5395.891
98 62 7665.691
98 63 9212.007
98 64 6702.616
98 65 1123.041
98 66 7815.719
98 67 5273.703
98 68 5887.219
98 69 10284.008
98 70 2894.740
98 71 10031.328
98 72 2786.921
98 73 2306.241
98 74 7958.468
98 75 2290.194
98 76 5318.527
98 77 4378.892
98 78 1795.697
98 79 2197.456
98 80 3969.819
98 81 3353.564
98 82 4257.160
98 83 6847.110
98 84 8999.070
98 85 4223.550
98 86 2362.837
98 87 6296.780
98 88 8429.686
98 89 1122.343
98 90 3683.601
98 91 3231.140
98 92 7973.435
98 93 6342.420
98 94 7102.490
98 95 7343.372
98 96 4532.698
98 97 3857.061
98 98 0.000
98 99 6666.033
98 100 7615.903
99 0 3765.560
99 1 916.228
99 2 5261.004
99 3 1708.276
99 4 5542.516
99 5 3868.067
99 6 2429.681
99 7 4892.405
99 8 4251.705
99 9 6347.292
99 10 4348.837
99 11 4691.167
99 12 1446.042
99 13 6905.188
99 14 2217.984
99 15 5536.216
99 16 4247.963
99 17 5492.048
99 18 3734.173
99 19 4950.956
99 20 5346.594
99 21 2264.219
99 22 6738.433
99 23 2344.970
99 24 2956.538
99 25 5295.909
99 26 1941.432
99 27 5882.639
99 28 3146.511
99 29 5865.717
99 30 4579.505
99 31 5294.669
99 32 1722.398
99 33 1477.858
99 34 4176.516
99 35 4017.126
99 36 2481.641
99 37 6057.404
99 38 5922.413
99 39 7735.342
99 40 3842.071
99 41 5757.619
99 42 4466.862
99 43 5378.339
99 44 2972.844
99 45 3252.614
99 46 4984.620
99 47 5323.634
99 48 6334.195
99 49 4064.247
99 50 4490.281
99 51 2840.168
99 52 8076.261
99 53 1849.678
99 54 3743.320
99 55 4070.417
99 56 6490.411
99 57 906.251
99 58 6019.758
99 59 4806.658
99 60 3519.054
99 61 5496.523
99 62 3980.953
99 63 6638.325
99 64 4351.374
99 65 6288.170
99 66 4726.895
99 67 1752.833
99 68 2926.064
99 69 6345.142
99 70 8442.098
99 71 6692.992
99 72 5000.308
99 73 4396.523
99 74 2857.855
99 75 7537.888
99 76 2329.473
99 77 2395.342
99 78 6378.073
99 79 5661.621
99 80 5832.018
99 81 4787.709
99 82 2749.301
99 83 2468.751
99 84 6855.088
99 85 2738.003
99 86 4535.562
99 87 1755.251
99 88 7040.937
99 89 6832.711
99 90 3041.542
99 91 6242.967
99 92 6051.091
99 93 756.333
99 94 656.696
99 95 678.800
99 96 3634.424
99 97 4231.839
99 98 6666.033
99 99 0.000
99 100 1038.938
100 0 4415.988
100 1 1754.540
100 2 5906.102
100 3 1843.446
100 4 6570.411
100 5 3977.610
100 6 3106.646
100 7 4508.883
100 8 4504.455
100 9 6688.703
100 10 3933.989
100 11 5229.014
100 12 1211.889
100 13 7322.215
100 14 3133.373
100 15 5983.631
100 16 4091.850
100 17 5382.032
100 18 3055.636
100 19 4795.922
100 20 6384.206
100 21 3295.844
100 22 7776.817
100 23 2451.316
100 24 2689.161
100 25 4628.215
100 26 1799.219
100 27 6798.273
100 28 3201.500
100 29 5501.229
100 30 5593.940
100 31 4998.193
100 32 921.745
100 33 2234.657
100 34 4941.233
100 35 4875.866
100 36 1797.372
100 37 7092.477
100 38 5464.816
100 39 8702.472
100 40 4769.691
100 41 6769.929
100 42 5503.137
100 43 6215.529
100 44 3853.458
100 45 3712.514
100 46 6014.660
100 47 6244.342
100 48 6751.637
100 49 3506.274
100 50 3824.985
100 51 3400.210
100 52 9095.311
100 53 1262.681
100 54 4769.258
100 55 4486.898
100 56 6390.548
100 57 1931.179
100 58 6703.227
100 59 4978.421
100 60 4231.871
100 61 5815.085
100 62 3682.706
100 63 6300.270
100 64 4346.854
100 65 7291.282
100 66 4470.931
100 67 2463.909
100 68 3145.659
100 69 5731.839
100 70 9471.758
100 71 6189.058
100 72 5748.041
100 73 5321.785
100 74 2296.195
100 75 8566.873
100 76 2833.787
100 77 3419.085
100 78 7403.362
100 79 6450.000
100 80 6387.247
100 81 5825.612
100 82 3787.080
100 83 2340.953
100 84 6588.964
100 85 3533.642
100 86 5407.878
100 87 1943.964
100 88 6909.327
100 89 7835.701
100 90 4045.392
100 91 7280.598
100 92 5902.346
100 93 1313.169
100 94 1087.254
100 95 560.085
100 96 4171.146
100 97 5264.428
100 98 7615.903
100 99 1038.938
100 100 0.000
