# i j distance_m; Euclidean drone distance; depot 0 + customers 1..100
0 0 0.000
0 1 5026.833
0 2 2201.783
0 3 5407.743
0 4 2379.490
0 5 4537.934
0 6 4123.204
0 7 6073.889
0 8 8147.703
0 9 6215.676
0 10 5961.109
0 11 7164.830
0 12 2259.417
0 13 5565.170
0 14 5357.169
0 15 6675.983
0 16 7482.718
0 17 3095.906
0 18 5866.783
0 19 4612.313
0 20 5252.438
0 21 9461.742
0 22 7197.323
0 23 3534.751
0 24 7655.528
0 25 6907.899
0 26 5575.659
0 27 7467.210
0 28 1350.567
0 29 4415.988
0 30 6178.405
0 31 3322.786
0 32 4576.591
0 33 3092.786
0 34 6365.432
0 35 3602.406
0 36 2361.175
0 37 3691.407
0 38 6980.482
0 39 4481.571
0 40 9321.146
0 41 3338.581
0 42 3202.281
0 43 5759.824
0 44 7923.013
0 45 8577.957
0 46 4258.828
0 47 7219.081
0 48 7069.212
0 49 6901.979
0 50 4378.542
0 51 1709.008
0 52 1895.859
0 53 7441.642
0 54 2932.961
0 55 8963.446
0 56 2014.789
0 57 2116.499
0 58 6438.731
0 59 9615.635
0 60 1622.729
0 61 2151.993
0 62 1893.157
0 63 6744.690
0 64 2455.286
0 65 3789.298
0 66 5223.426
0 67 3172.390
0 68 5526.365
0 69 6846.157
0 70 3468.795
0 71 8792.760
0 72 6943.095
0 73 350.089
0 74 5428.051
0 75 4233.325
0 76 1615.489
0 77 7275.716
0 78 8410.520
0 79 3787.343
0 80 7373.818
0 81 3668.907
0 82 2419.855
0 83 3721.706
0 84 8836.778
0 85 6499.914
0 86 4304.010
0 87 6250.712
0 88 5635.877
0 89 5077.673
0 90 6956.548
0 91 8877.788
0 92 5030.857
0 93 4054.765
0 94 7395.284
0 95 6574.545
0 96 2768.557
0 97 5551.605
0 98 6428.910
0 99 7181.816
0 100 3708.619
1 0 5026.833
1 1 0.000
1 2 5692.286
1 3 7865.450
1 4 4738.034
1 5 3815.335
1 6 5336.925
1 7 7588.684
1 8 10350.920
1 9 9725.658
1 10 1243.824
1 11 8592.321
1 12 5648.300
1 13 2257.967
1 14 2631.896
1 15 2004.662
1 16 2580.937
1 17 8083.236
1 18 6071.238
1 19 7072.244
1 20 1261.019
1 21 4478.775
1 22 2581.503
1 23 8444.072
1 24 10640.517
1 25 7353.168
1 26 8180.285
1 27 11119.481
1 28 6228.080
1 29 2512.490
1 30 9192.557
1 31 4844.150
1 32 553.874
1 33 2688.796
1 34 7406.473
1 35 1542.088
1 36 2710.565
1 37 5868.299
1 38 8095.883
1 39 1208.015
1 40 4405.720
1 41 7005.170
1 42 8016.000
1 43 9760.100
1 44 3118.691
1 45 10574.602
1 46 7181.089
1 47 2875.796
1 48 9199.261
1 49 3439.204
1 50 1956.432
1 51 4873.150
1 52 3254.156
1 53 10827.224
1 54 3780.203
1 55 10096.463
1 56 6981.807
1 57 4165.407
1 58 6674.732
1 59 11541.666
1 60 5039.479
1 61 6703.324
1 62 3854.765
1 63 2681.830
1 64 6258.248
1 65 4787.707
1 66 6297.885
1 67 6306.933
1 68 8912.833
1 69 8718.443
1 70 4044.995
1 71 10976.972
1 72 9043.539
1 73 5123.497
1 74 1869.451
1 75 6278.667
1 76 5984.610
1 77 10442.507
1 78 9157.687
1 79 1799.091
1 80 10000.525
1 81 6815.148
1 82 3351.254
1 83 5948.866
1 84 9912.561
1 85 10289.746
1 86 3413.076
1 87 9438.293
1 88 1325.215
1 89 5504.789
1 90 2063.455
1 91 11340.520
1 92 7753.336
1 93 5612.077
1 94 3401.607
1 95 10458.573
1 96 2703.455
1 97 8954.214
1 98 3801.659
1 99 10027.203
1 100 4021.946
2 0 2201.783
2 1 5692.286
2 2 0.000
2 3 3207.889
2 4 4542.962
2 5 3520.996
2 6 2332.473
2 7 8275.018
2 8 5957.267
2 9 4286.986
2 10 6853.291
2 11 9363.069
2 12 4444.945
2 13 6929.499
2 14 6863.011
2 15 6831.382
2 16 8273.112
2 17 3973.679
2 18 7999.581
2 19 6790.398
2 20 6345.731
2 21 10119.773
2 22 8191.941
2 23 4576.507
2 24 9650.222
2 25 9084.874
2 26 7709.906
2 27 5635.031
2 28 1771.473
2 29 5979.329
2 30 8217.467
2 31 5468.521
2 32 5405.206
2 33 3070.275
2 34 8563.405
2 35 4651.064
2 36 3164.529
2 37 5892.990
2 38 9182.014
2 39 5598.782
2 40 10088.705
2 41 5381.931
2 42 4486.719
2 43 4109.172
2 44 8051.614
2 45 10723.197
2 46 2074.755
2 47 7101.820
2 48 4868.774
2 49 8342.294
2 50 5766.647
2 51 859.305
2 52 2628.232
2 53 9327.610
2 54 4892.902
2 55 11161.762
2 56 3246.916
2 57 1534.215
2 58 8590.892
2 59 11755.068
2 60 3823.307
2 61 1421.593
2 62 3832.119
2 63 7968.496
2 64 572.013
2 65 2246.249
2 66 7409.034
2 67 5335.782
2 68 3523.139
2 69 4647.977
2 70 2382.733
2 71 10911.656
2 72 9103.482
2 73 1855.938
2 74 5333.467
2 75 2114.236
2 76 961.900
2 77 5243.326
2 78 10610.859
2 79 3991.831
2 80 5219.711
2 81 5802.948
2 82 2345.660
2 83 1627.174
2 84 6672.738
2 85 8271.060
2 86 6119.316
2 87 4199.195
2 88 5803.907
2 89 3353.866
2 90 7754.869
2 91 10951.830
2 92 7167.033
2 93 6240.535
2 94 8679.804
2 95 4857.749
2 96 4290.186
2 97 7517.573
2 98 8073.002
2 99 9223.284
2 100 5698.407
3 0 5407.743
3 1 7865.450
3 2 3207.889
3 3 0.000
3 4 7744.803
3 5 4360.763
3 6 2565.340
3 7 11476.363
3 8 2763.786
3 9 2321.455
3 10 9107.939
3 11 12558.045
3 12 7634.358
3 13 9583.490
3 14 9630.326
3 15 8329.553
3 16 10317.095
3 17 6409.937
3 18 11178.261
3 19 9964.883
3 20 8819.370
3 21 11905.231
3 22 10444.476
3 23 7027.227
3 24 12626.264
3 25 12285.824
3 26 10838.587
3 27 3595.138
3 28 4691.949
3 29 8830.908
3 30 11253.388
3 31 8661.613
3 32 7756.561
3 33 5250.822
3 34 11771.278
3 35 7265.393
3 36 5885.390
3 37 9098.895
3 38 12387.886
3 39 8157.857
3 40 11997.882
3 41 8466.626
3 42 7127.318
3 43 3069.174
3 44 9376.204
3 45 13849.710
3 46 1180.063
3 47 8233.999
3 48 1661.590
3 49 10993.992
3 50 8510.259
3 51 3888.364
3 52 5451.659
3 53 12200.912
3 54 8012.120
3 55 14356.013
3 56 6052.023
3 57 4134.478
3 58 11779.253
3 59 14871.601
3 60 7030.257
3 61 3886.399
3 62 6972.416
3 63 10447.153
3 64 3031.280
3 65 3088.483
3 66 10614.409
3 67 8504.424
3 68 1657.695
3 69 1517.269
3 70 3820.617
3 71 14007.856
3 72 12252.151
3 73 5059.947
3 74 6792.822
3 75 1589.438
3 76 3949.022
3 77 2644.658
3 78 13818.145
3 79 6073.455
3 80 2162.359
3 81 8945.865
3 82 4802.822
3 83 1988.498
3 84 3678.886
3 85 11058.986
3 86 9128.036
3 87 1772.505
3 88 7468.317
3 89 2886.095
3 90 9845.281
3 91 13998.753
3 92 10300.990
3 93 9446.483
3 94 11179.266
3 95 3341.191
3 96 7226.298
3 97 10498.819
3 98 10902.485
3 99 12250.418
3 100 8816.368
4 0 2379.490
4 1 4738.034
4 2 4542.962
4 3 7744.803
4 4 0.000
4 5 5974.098
4 6 6136.102
4 7 3851.609
4 8 10499.910
4 9 8575.607
4 10 5223.388
4 11 4967.142
4 12 996.222
4 13 4243.321
4 14 3854.522
4 15 6708.218
4 16 6695.749
4 17 4193.252
4 18 3489.739
4 19 2655.617
4 20 4363.908
4 21 8687.538
4 22 6185.140
4 23 4311.061
4 24 6140.166
4 25 4541.975
4 26 3762.438
4 27 9794.327
4 28 3535.780
4 29 2981.591
4 30 4637.395
4 31 947.633
4 32 4187.295
4 33 4114.410
4 34 4054.301
4 35 3224.780
4 36 2964.484
4 37 1494.355
4 38 4704.764
4 39 3725.546
4 40 8427.947
4 41 2274.458
4 42 3782.949
4 43 8049.843
4 44 7856.685
4 45 6609.426
4 46 6616.104
4 47 7482.206
4 48 9401.693
4 49 5335.995
4 50 3240.552
4 51 3896.578
4 52 2930.478
4 53 6188.234
4 54 1104.471
4 55 6748.063
4 56 3229.080
4 57 3964.206
4 58 4059.551
4 59 7647.555
4 60 859.947
4 61 4438.747
4 62 1089.661
4 63 5480.539
4 64 4833.901
4 65 5689.544
4 66 2872.391
4 67 1578.974
4 68 7900.947
4 69 9143.169
4 70 5150.091
4 71 6904.095
4 72 4958.586
4 73 2727.527
4 74 5902.467
4 75 6458.637
4 76 3984.430
4 77 9650.457
4 78 6109.307
4 79 4345.199
4 80 9746.945
4 81 2110.270
4 82 3791.694
4 83 5946.861
4 84 11052.236
4 85 5561.812
4 86 2443.427
4 87 8628.667
4 88 5801.667
4 89 6971.827
4 90 6211.995
4 91 7113.996
4 92 3253.775
4 93 1709.218
4 94 5996.939
4 95 8873.292
4 96 2053.395
4 97 4270.929
4 98 4619.426
4 99 5570.479
4 100 1593.680
5 0 4537.934
5 1 3815.335
5 2 3520.996
5 3 4360.763
5 4 5974.098
5 5 0.000
5 6 1838.797
5 7 9728.328
5 8 6614.321
5 9 6518.116
5 10 5030.775
5 11 10838.648
5 12 6444.242
5 13 5898.057
5 14 6113.651
5 15 3970.061
5 16 6062.517
5 17 7292.818
5 18 8751.345
5 19 8624.609
5 20 4973.530
5 21 7556.040
5 22 6304.588
5 23 7847.162
5 24 12004.256
5 25 10023.717
5 26 9714.644
5 27 7884.285
5 28 5013.219
5 29 5553.345
5 30 10496.956
5 31 6627.882
5 32 3890.020
5 33 1913.349
5 34 9785.078
5 35 3827.014
5 36 3065.200
5 37 7460.040
5 38 10480.201
5 39 4490.430
5 40 7671.808
5 41 7745.570
5 42 7627.774
5 43 6871.687
5 44 5030.510
5 45 12577.679
5 46 4022.936
5 47 3917.539
5 48 5487.781
5 49 7212.597
5 50 5075.328
5 51 3140.447
5 52 3051.088
5 53 11894.876
5 54 5616.360
5 55 12561.421
5 56 6361.463
5 57 2456.853
5 58 9394.263
5 59 13612.755
5 60 5679.804
5 61 4931.517
5 62 4896.985
5 63 6496.823
5 64 4016.277
5 65 1455.902
5 66 8562.910
5 67 7358.676
5 68 5722.602
5 69 4973.291
5 70 1157.974
5 71 12878.192
5 72 10929.787
5 73 4359.558
5 74 2446.248
5 75 2887.961
5 76 4337.443
5 77 7005.411
5 78 11779.645
5 79 2239.462
5 80 6385.402
5 81 7906.972
5 82 2220.227
5 83 2771.995
5 84 6105.533
5 85 11015.679
5 86 6182.931
5 87 6087.227
5 88 3152.565
5 89 1700.984
5 90 5626.680
5 91 13074.984
5 92 9188.466
5 93 7524.804
5 94 7216.428
5 95 7418.922
5 96 4418.207
5 97 9969.838
5 98 7395.854
5 99 11473.414
5 100 6288.416
6 0 4123.204
6 1 5336.925
6 2 2332.473
6 3 2565.340
6 4 6136.102
6 5 1838.797
6 6 0.000
6 7 9987.444
6 8 5038.805
6 9 4679.353
6 10 6580.604
6 11 11102.135
6 12 6328.860
6 13 7181.506
6 14 7290.782
6 15 5783.485
6 16 7755.995
6 17 6305.554
6 18 9341.419
6 19 8659.728
6 20 6355.599
6 21 9345.921
6 22 7906.454
6 23 6908.925
6 24 11775.093
6 25 10547.475
6 26 9672.374
6 27 6047.833
6 28 4084.143
6 29 6570.411
6 30 10301.551
6 31 6956.472
6 32 5273.947
6 33 2822.274
6 34 10164.311
6 35 4906.444
6 36 3681.520
6 37 7609.921
6 38 10831.138
6 39 5742.385
6 40 9433.069
6 41 7459.694
6 42 6806.500
6 43 5063.971
6 44 6867.453
6 45 12651.966
6 46 2202.608
6 47 5755.272
6 48 3878.002
6 49 8570.247
6 50 6182.958
6 51 2422.950
6 52 3379.074
6 53 11525.702
6 54 6108.614
6 55 12883.796
6 56 5551.548
6 57 2172.745
6 58 9972.611
6 59 13693.052
6 60 5605.402
6 61 3701.139
6 62 5171.715
6 63 7963.004
6 64 2660.281
6 65 563.471
6 66 8952.550
6 67 7260.035
6 68 3884.548
6 69 3430.630
6 70 1322.269
6 71 12890.395
6 72 11003.928
6 73 3836.305
6 74 4237.689
6 75 1049.181
6 76 3288.532
6 77 5200.268
6 78 12212.914
6 79 3566.159
6 80 4668.160
6 81 7776.138
6 82 2568.424
6 83 1017.250
6 84 5008.854
6 85 10518.461
6 86 7011.688
6 87 4258.649
6 88 4904.269
6 89 1021.430
6 90 7289.259
6 91 12995.803
6 92 9128.788
6 93 7821.952
6 94 8694.762
6 95 5586.297
6 96 5106.937
6 97 9661.218
6 98 8581.647
6 99 11304.991
6 100 6878.564
7 0 6073.889
7 1 7588.684
7 2 8275.018
7 3 11476.363
7 4 3851.609
7 5 9728.328
7 6 9987.444
7 7 0.000
7 8 14198.487
7 9 11995.650
7 10 7500.921
7 11 1117.070
7 12 3850.682
7 13 5991.075
7 14 5452.746
7 15 9557.119
7 16 8627.162
7 17 6455.086
7 18 1927.694
7 19 1662.810
7 20 6677.644
7 21 10366.433
7 22 7886.867
7 23 6185.873
7 24 3524.597
7 25 1544.033
7 26 1613.471
7 27 13075.817
7 28 6934.335
7 29 5117.049
7 30 2561.447
7 31 3100.602
7 32 7068.017
7 33 7823.228
7 34 668.048
7 35 6370.241
7 36 6664.084
7 37 2392.190
7 38 954.337
7 39 6383.966
7 40 9959.224
7 41 3424.445
7 42 5678.663
7 43 11280.770
7 44 10492.829
7 45 2986.461
7 46 10315.639
7 47 10461.752
7 48 13137.709
7 49 6270.895
7 50 5650.455
7 51 7707.748
7 52 6735.139
7 53 4116.510
7 54 4142.288
7 55 2900.540
7 56 5979.779
7 57 7815.808
7 58 1750.742
7 59 3971.891
7 60 4458.106
7 61 7850.459
7 62 4864.733
7 63 6941.855
7 64 8474.884
7 65 9539.015
7 66 1292.585
7 67 3050.243
7 68 11408.760
7 69 12919.486
7 70 8979.537
7 71 3394.489
7 72 1530.501
7 73 6419.123
7 74 9184.209
7 75 10273.843
7 76 7569.276
7 77 13135.358
7 78 2388.299
7 79 7842.295
7 80 13378.894
7 81 2755.118
7 82 7604.005
7 83 9760.348
7 84 14879.138
7 85 4343.796
7 86 4195.824
7 87 12157.561
7 88 8868.899
7 89 10816.497
7 90 8283.199
7 91 3810.858
7 92 1793.112
7 93 2204.060
7 94 7088.483
7 95 12099.257
7 96 5398.615
7 97 3037.695
7 98 5243.391
7 99 2904.443
7 100 3616.046
8 0 8147.703
8 1 10350.920
8 2 5957.267
8 3 2763.786
8 4 10499.910
8 5 6614.321
8 6 5038.805
8 7 14198.487
8 8 0.000
8 9 2995.411
8 10 11590.811
8 11 15268.706
8 12 10348.595
8 13 12212.562
8 14 12298.176
8 15 10498.049
8 16 12676.698
8 17 8753.475
8 18 13941.342
8 19 12656.633
8 20 11394.243
8 21 14094.480
8 22 12897.289
8 23 9343.522
8 24 15140.891
8 25 15041.881
8 26 13485.488
8 27 3273.343
8 28 7324.421
8 29 11531.646
8 30 13824.282
8 31 11421.233
8 32 10311.207
8 33 7850.630
8 34 14512.520
8 35 9916.546
8 36 8589.881
8 37 11832.925
8 38 15119.114
8 39 10775.072
8 40 14250.829
8 41 11096.428
8 42 9536.792
8 43 4139.661
8 44 11402.484
8 45 16483.014
8 46 3888.886
8 47 10218.494
8 48 1164.256
8 49 13607.095
8 50 11181.712
8 51 6652.079
8 52 8182.579
8 53 14643.251
8 54 10773.933
8 55 17063.518
8 56 8583.450
8 57 6865.816
8 58 14540.759
8 59 17492.298
8 60 9769.556
8 61 6453.393
8 62 9736.052
8 63 12997.155
8 64 5723.926
8 65 5600.856
8 66 13365.818
8 67 11196.202
8 68 3106.462
8 69 1641.031
8 70 6359.866
8 71 16612.862
8 72 14911.568
8 73 7798.192
8 74 9036.449
8 75 4241.162
8 76 6633.933
8 77 2074.020
8 78 16553.824
8 79 8600.487
8 80 1032.026
8 81 11614.230
8 82 7486.565
8 83 4703.565
8 84 2206.268
8 85 13456.602
8 86 11868.668
8 87 2435.461
8 88 9760.542
8 89 4928.511
8 90 12238.371
8 91 16561.270
8 92 12954.923
8 93 12197.085
8 94 13728.105
8 95 3797.476
8 96 9959.835
8 97 13036.796
8 98 13582.151
8 99 14807.285
8 100 11577.465
9 0 6215.676
9 1 9725.658
9 2 4286.986
9 3 2321.455
9 4 8575.607
9 5 6518.116
9 6 4679.353
9 7 11995.650
9 8 2995.411
9 9 0.000
9 10 10945.499
9 11 13007.246
9 12 8199.015
9 13 11184.853
9 14 11142.158
9 15 10440.848
9 16 12263.089
9 17 6039.443
9 18 12062.207
9 19 10373.389
9 20 10534.876
9 21 13962.772
9 22 12295.167
9 23 6589.483
9 24 12492.720
9 25 13031.508
9 26 11072.997
9 27 1394.668
9 28 5091.942
9 29 10265.515
9 30 11267.874
9 31 9523.233
9 32 9528.084
9 33 7038.833
9 34 12398.056
9 35 8876.540
9 36 7405.314
9 37 9729.060
9 38 12943.669
9 39 9814.330
9 40 14011.015
9 41 8693.770
9 42 6862.085
9 43 1144.695
9 44 11545.440
9 45 14006.349
9 46 2557.683
9 47 10433.030
9 48 2650.554
9 49 12602.712
9 50 10037.775
9 51 5135.567
9 52 6891.081
9 53 11920.574
9 54 9103.504
9 55 14771.502
9 56 6092.498
9 57 5658.069
9 58 12612.084
9 59 14982.798
9 60 7755.909
9 61 4168.768
9 62 8038.134
9 63 12171.593
9 64 3831.878
9 65 5124.088
9 66 11339.377
9 67 8945.413
9 68 814.348
9 69 3021.684
9 70 5774.162
9 71 14082.516
9 72 12508.037
9 73 5878.701
9 74 8886.896
9 75 3630.306
9 76 4600.195
9 77 1182.773
9 78 14383.373
9 79 7933.787
9 80 1964.595
9 81 9287.823
9 82 6440.859
9 83 3827.260
9 84 4927.396
9 85 10704.123
9 86 10386.475
9 87 677.648
9 88 9515.558
9 89 5174.361
9 90 11766.911
9 91 13964.303
9 92 10566.880
9 93 10187.630
9 94 12894.533
9 95 1044.995
9 96 8576.910
9 97 10443.307
9 98 12359.642
9 99 12218.517
9 100 9899.460
10 0 5961.109
10 1 1243.824
10 2 6853.291
10 3 9107.939
10 4 5223.388
10 5 5030.775
10 6 6580.604
10 7 7500.921
10 8 11590.811
10 9 10945.499
10 10 0.000
10 11 8417.084
10 12 6197.807
10 13 1586.242
10 14 2103.547
10 15 2293.564
10 16 1527.844
10 17 8930.267
10 18 5791.423
10 19 7258.080
10 20 875.481
10 21 3528.973
10 22 1349.703
10 23 9234.182
10 24 10766.981
10 25 7015.556
10 26 8321.031
10 27 12337.882
10 28 7231.592
10 29 2451.316
10 30 9382.806
10 31 5103.497
10 32 1450.572
10 33 3907.885
10 34 7214.641
10 35 2359.273
10 36 3762.752
10 37 6115.416
10 38 7873.573
10 39 1532.726
10 40 3360.353
10 41 7483.823
10 42 8769.420
10 43 10945.547
10 44 3010.014
10 45 10450.014
10 46 8408.169
10 47 3246.924
10 48 10440.650
10 49 2390.741
10 50 2018.612
10 51 6015.901
10 52 4320.180
10 53 11055.740
10 54 4155.358
10 55 9777.489
10 56 7831.855
10 57 5342.754
10 58 6340.731
10 59 11367.507
10 60 5689.493
10 61 7781.626
10 62 4519.123
10 63 1518.057
10 64 7412.082
10 65 6031.500
10 66 6218.958
10 67 6723.671
10 68 10134.113
10 69 9956.630
10 70 5287.914
10 71 10885.541
10 72 9010.628
10 73 6104.881
10 74 2872.750
10 75 7520.435
10 76 7068.526
10 77 11678.931
10 78 8785.850
10 79 3036.902
10 80 11244.279
10 81 7186.460
10 82 4533.059
10 83 7184.353
10 84 11107.549
10 85 10647.938
10 86 3351.296
10 87 10670.616
10 88 2166.729
10 89 6727.720
10 90 1009.941
10 91 11308.465
10 92 7950.749
10 93 5744.456
10 94 2205.531
10 95 11658.189
10 96 3350.543
10 97 9255.740
10 98 2991.421
10 99 10139.075
10 100 4156.181
11 0 7164.830
11 1 8592.321
11 2 9363.069
11 3 12558.045
11 4 4967.142
11 5 10838.648
11 6 11102.135
11 7 1117.070
11 8 15268.706
11 9 13007.246
11 10 8417.084
11 11 0.000
11 12 4923.872
11 13 6868.512
11 14 6332.029
11 15 10535.859
11 16 9454.758
11 17 7324.553
11 18 2653.393
11 19 2634.554
11 20 7621.044
11 21 11107.855
11 22 8688.274
11 23 6995.552
11 24 3195.943
11 25 1685.618
11 26 2143.432
11 27 14052.108
11 28 7976.510
11 29 6093.299
11 30 2726.959
11 31 4212.900
11 32 8084.159
11 33 8931.205
11 34 1202.510
11 35 7429.524
11 36 7773.611
11 37 3498.843
11 38 609.657
11 39 7384.340
11 40 10676.046
11 41 4347.435
11 42 6517.841
11 43 12255.371
11 44 11424.392
11 45 2048.939
11 46 11392.314
11 47 11454.633
11 48 14218.367
11 49 6979.623
11 50 6639.992
11 51 8811.970
11 52 7851.323
11 53 3971.349
11 54 5240.367
11 55 1798.706
11 56 6945.825
11 57 8931.062
11 58 2226.147
11 59 2955.655
11 60 5556.101
11 61 8885.411
11 62 5981.305
11 63 7727.524
11 64 9545.618
11 65 10655.512
11 66 2324.808
11 67 4081.742
11 68 12441.570
11 69 14010.436
11 70 10096.375
11 71 2517.812
11 72 1134.248
11 73 7507.729
11 74 10233.981
11 75 11376.634
11 76 8634.971
11 77 14157.441
11 78 1490.822
11 79 8927.820
11 80 14434.305
11 81 3721.120
11 82 8720.254
11 83 10863.079
11 84 15983.390
11 85 4510.237
11 86 5180.389
11 87 13192.454
11 88 9889.248
11 89 11933.501
11 90 9144.937
11 91 3044.356
11 92 2534.359
11 93 3317.664
11 94 7792.462
11 95 13068.006
11 96 6489.629
11 97 3430.650
11 98 5950.939
11 99 2659.822
11 100 4676.264
12 0 2259.417
12 1 5648.300
12 2 4444.945
12 3 7634.358
12 4 996.222
12 5 6444.242
12 6 6328.860
12 7 3850.682
12 8 10348.595
12 9 8199.015
12 10 6197.807
12 11 4923.872
12 12 0.000
12 13 5238.988
12 14 4844.135
12 15 7586.727
12 16 7680.943
12 17 3309.187
12 18 3978.120
12 19 2353.025
12 20 5344.941
12 21 9676.377
12 22 7179.724
12 23 3363.879
12 24 5560.183
12 25 4840.412
12 26 3344.423
12 27 9342.991
12 28 3109.368
12 29 3977.610
12 30 4053.963
12 31 1644.706
12 32 5104.152
12 33 4682.242
12 34 4204.430
12 35 4113.174
12 36 3592.428
12 37 1530.980
12 38 4779.637
12 39 4685.985
12 40 9421.595
12 41 1388.187
12 42 2824.360
12 43 7563.826
12 44 8761.830
12 45 6329.247
12 46 6468.760
12 47 8321.481
12 48 9294.509
12 49 6310.512
12 50 4229.670
12 51 3950.105
12 52 3417.941
12 53 5487.169
12 54 2100.694
12 55 6721.657
12 56 2447.402
12 57 4208.921
12 58 4467.658
12 59 7369.094
12 60 764.633
12 61 4032.146
12 62 1824.017
12 63 6475.624
12 64 4624.689
12 65 5943.350
12 66 3154.264
12 67 933.329
12 68 7581.637
12 69 9092.592
12 70 5502.501
12 71 6561.635
12 72 4688.195
12 73 2594.662
12 74 6673.971
12 75 6492.408
12 76 3718.778
12 77 9319.480
12 78 6219.546
12 79 5059.197
12 80 9530.365
12 81 1468.597
12 82 4224.060
12 83 5980.380
12 84 11096.106
12 85 4740.077
12 86 3407.581
12 87 8326.680
12 88 6642.666
12 89 7241.020
12 90 7192.367
12 91 6685.225
12 92 2801.903
12 93 2038.913
12 94 6984.488
12 95 8389.413
12 96 2944.847
12 97 3552.131
12 98 5557.781
12 99 5037.871
12 100 2517.215
13 0 5565.170
13 1 2257.967
13 2 6929.499
13 3 9583.490
13 4 4243.321
13 5 5898.057
13 6 7181.506
13 7 5991.075
13 8 12212.562
13 9 11184.853
13 10 1586.242
13 11 6868.512
13 12 5238.988
13 13 0.000
13 14 538.508
13 15 3851.639
13 16 2666.498
13 17 8281.599
13 18 4227.145
13 19 5915.841
13 20 998.313
13 21 4556.437
13 22 2006.795
13 23 8492.904
13 24 9344.729
13 25 5435.069
13 26 6930.045
13 27 12554.127
13 28 6908.529
13 29 1262.681
13 30 8013.586
13 31 3894.522
13 32 2017.870
13 33 4362.103
13 34 5666.921
13 35 2323.646
13 36 3779.539
13 37 4852.029
13 38 6313.603
13 39 1439.455
13 40 4238.909
13 41 6400.534
13 42 7986.243
13 43 11021.428
13 44 4584.963
13 45 8910.443
13 46 8731.602
13 47 4805.725
13 48 11048.709
13 49 1419.105
13 50 1191.401
13 51 6070.364
13 52 4301.922
13 53 9698.630
13 54 3139.848
13 55 8195.509
13 56 7217.293
13 57 5538.033
13 58 4762.478
13 59 9810.657
13 60 4881.584
13 61 7602.775
13 62 3821.168
13 63 1239.286
13 64 7447.654
13 65 6618.036
13 66 4727.845
13 67 5599.199
13 68 10392.411
13 69 10612.091
13 70 5859.717
13 71 9356.274
13 72 7514.410
13 73 5787.505
13 74 4125.334
13 75 8007.140
13 76 6926.416
13 77 12037.412
13 78 7200.407
13 79 3681.922
13 80 11745.752
13 81 6003.687
13 82 4794.100
13 83 7600.250
13 84 11988.597
13 85 9395.963
13 86 1989.993
13 87 11000.814
13 88 3519.864
13 89 7529.967
13 90 2292.905
13 91 9801.402
13 92 6605.034
13 93 4399.415
13 94 1832.460
13 95 11785.239
13 96 2797.367
13 97 7972.464
13 98 1544.362
13 99 8712.328
13 100 2893.883
14 0 5357.169
14 1 2631.896
14 2 6863.011
14 3 9630.326
14 4 3854.522
14 5 6113.651
14 6 7290.782
14 7 5452.746
14 8 12298.176
14 9 11142.158
14 10 2103.547
14 11 6332.029
14 12 4844.135
14 13 538.508
14 14 0.000
14 15 4338.506
14 16 3195.502
14 17 7962.434
14 18 3693.850
14 19 5404.514
14 20 1413.800
14 21 5056.938
14 22 2509.888
14 23 8143.376
14 24 8814.415
14 25 4912.082
14 26 6406.699
14 27 12498.014
14 28 6707.421
14 29 943.852
14 30 7493.271
14 31 3432.241
14 32 2303.957
14 33 4471.785
14 34 5130.119
14 35 2384.681
14 36 3762.404
14 37 4365.174
14 38 5779.443
14 39 1627.963
14 40 4720.231
14 41 5957.635
14 42 7626.342
14 43 10924.281
14 44 5110.900
14 45 8373.023
14 46 8731.962
14 47 5289.653
14 48 11134.137
14 49 1547.202
14 50 1120.143
14 51 6008.240
14 52 4253.983
14 53 9179.228
14 54 2762.834
14 55 7674.236
14 56 6916.541
14 57 5532.956
14 58 4237.224
14 59 9276.088
14 60 4542.425
14 61 7443.044
14 62 3544.344
14 63 1664.383
14 64 7361.660
14 65 6728.821
14 66 4191.091
14 67 5148.713
14 68 10360.064
14 69 10716.234
14 70 5976.135
14 71 8818.114
14 72 6976.531
14 73 5602.899
14 74 4496.386
14 75 8069.310
14 76 6786.068
14 77 12031.838
14 78 6686.213
14 79 3875.966
14 80 11790.872
14 81 5533.817
14 82 4827.547
14 83 7641.928
14 84 12168.520
14 85 8899.389
14 86 1506.590
14 87 10989.987
14 88 3933.624
14 89 7705.504
14 90 2830.748
14 91 9262.969
14 92 6091.490
14 93 3892.435
14 94 2143.370
14 95 11701.949
14 96 2621.509
14 97 7470.736
14 98 1293.357
14 99 8181.628
14 100 2427.988
15 0 6675.983
15 1 2004.662
15 2 6831.382
15 3 8329.553
15 4 6708.218
15 5 3970.061
15 6 5783.485
15 7 9557.119
15 8 10498.049
15 9 10440.848
15 10 2293.564
15 11 10535.859
15 12 7586.727
15 13 3851.639
15 14 4338.506
15 15 0.000
15 16 2435.301
15 17 9771.850
15 18 7962.317
15 19 9076.902
15 20 2946.096
15 21 3599.308
15 22 3002.875
15 23 10188.133
15 24 12644.923
15 25 9220.822
15 26 10184.515
15 27 11821.894
15 28 7735.096
15 29 4444.347
15 30 11196.675
15 31 6848.385
15 32 2555.340
15 33 3802.821
15 34 9340.538
15 35 3483.765
15 36 4320.194
15 37 7872.006
15 38 10020.094
15 39 3182.822
15 40 3763.422
15 41 8960.047
15 42 9798.987
15 43 10680.286
15 44 1250.882
15 45 12538.462
15 46 7899.772
15 47 954.649
15 48 9404.534
15 49 4606.786
15 50 3906.768
15 51 6114.608
15 52 4791.120
15 53 12828.056
15 54 5779.396
15 55 11980.803
15 56 8684.263
15 57 5329.627
15 58 8541.687
15 59 13490.842
15 60 6937.581
15 61 8045.790
15 62 5769.065
15 63 3661.816
15 64 7400.052
15 65 5316.770
15 66 8264.542
15 67 8284.508
15 68 9633.676
15 69 8866.416
15 70 4698.816
15 71 12950.614
15 72 11028.106
15 73 6702.388
15 74 1555.085
15 75 6823.406
15 76 7336.928
15 77 10973.802
15 78 11011.349
15 79 2934.591
15 80 10340.914
15 81 8801.019
15 82 4568.820
15 83 6624.195
15 84 9641.282
15 85 12269.212
15 86 5362.974
15 87 10041.976
15 88 1050.922
15 89 5585.760
15 90 2194.292
15 91 13328.043
15 92 9757.701
15 93 7613.677
15 94 4216.296
15 95 11293.397
15 96 4656.788
15 97 10947.726
15 98 5283.367
15 99 12030.965
15 100 6019.068
16 0 7482.718
16 1 2580.937
16 2 8273.112
16 3 10317.095
16 4 6695.749
16 5 6062.517
16 6 7755.995
16 7 8627.162
16 8 12676.698
16 9 12263.089
16 10 1527.844
16 11 9454.758
16 12 7680.943
16 13 2666.498
16 14 3195.502
16 15 2435.301
16 16 0.000
16 17 10457.876
16 18 6801.431
16 19 8573.463
16 20 2339.116
16 21 2005.760
16 22 810.229
16 23 10757.951
16 24 12009.838
16 25 7933.413
16 26 9596.062
16 27 13657.734
16 28 8741.002
16 29 3802.789
16 30 10677.996
16 31 6491.919
16 32 2928.846
16 33 5249.774
16 34 8261.517
16 35 3880.622
16 36 5247.053
16 37 7480.251
16 38 8879.707
16 39 3054.405
16 40 1842.387
16 41 8935.593
16 42 10289.115
16 43 12332.915
16 44 2440.736
16 45 11503.540
16 46 9708.503
16 47 3216.573
16 48 11548.063
16 49 2672.312
16 50 3456.857
16 51 7452.861
16 52 5801.135
16 53 12362.128
16 54 5608.171
16 55 10658.505
16 56 9359.655
16 57 6744.942
16 58 7281.953
16 59 12367.681
16 60 7199.065
16 61 9263.096
16 62 6036.475
16 63 1764.314
16 64 8839.178
16 65 7229.939
16 66 7379.904
16 67 8157.474
16 68 11448.843
16 69 11035.683
16 70 6517.322
16 71 11962.609
16 72 10155.866
16 73 7618.211
16 74 3665.128
16 75 8746.339
16 76 8546.345
16 77 12930.612
16 78 9629.075
16 79 4336.254
16 80 12414.967
16 81 8597.007
16 82 5930.721
16 83 8455.242
16 84 11983.428
16 85 12028.923
16 86 4636.722
16 87 11945.144
16 88 2924.960
16 89 7753.185
16 90 527.852
16 91 12430.142
16 92 9264.348
16 93 7054.664
16 94 2031.411
16 95 13021.255
16 96 4872.565
16 97 10615.570
16 98 3606.578
16 99 11377.109
16 100 5509.717
17 0 3095.906
17 1 8083.236
17 2 3973.679
17 3 6409.937
17 4 4193.252
17 5 7292.818
17 6 6305.554
17 7 6455.086
17 8 8753.475
17 9 6039.443
17 10 8930.267
17 11 7324.553
17 12 3309.187
17 13 8281.599
17 14 7962.434
17 15 9771.850
17 16 10457.876
17 17 0.000
17 18 7142.515
17 19 4797.522
17 20 8156.260
17 21 12457.245
17 22 10088.642
17 23 623.018
17 24 6453.596
17 25 7772.504
17 26 5240.367
17 27 6878.871
17 28 2282.698
17 29 7037.521
17 30 5271.733
17 31 4953.890
17 32 7605.081
17 33 6130.235
17 34 6990.121
17 35 6601.115
17 36 5454.635
17 37 4617.587
17 38 7399.527
17 39 7408.313
17 40 12277.657
17 41 3038.530
17 42 838.250
17 43 5109.568
17 44 11018.491
17 45 8046.508
17 46 5293.626
17 47 10302.578
17 48 7915.350
17 49 9485.388
17 50 7151.512
17 51 4153.006
17 52 4987.507
17 53 5897.983
17 54 5221.000
17 55 8997.494
17 56 1102.049
17 57 4867.425
17 58 7540.558
17 59 8991.593
17 60 3424.353
17 61 2660.866
17 62 4472.888
17 63 9512.450
17 64 3711.391
17 65 6186.691
17 66 6190.139
17 67 3611.522
17 68 5667.550
17 69 7915.707
17 70 6141.149
17 71 8083.011
17 72 6645.739
17 73 3100.556
17 74 8502.325
17 75 5920.048
17 76 3027.850
17 77 7222.168
17 78 8789.040
17 79 6875.268
17 80 7780.070
17 81 3729.426
17 82 5401.917
17 83 5505.718
17 84 10088.162
17 85 4703.150
17 86 6625.647
17 87 6396.153
17 88 8731.445
17 89 7326.636
17 90 9938.397
17 91 7933.630
17 92 4792.656
17 93 5223.328
17 94 10094.668
17 95 5882.092
17 96 5599.692
17 97 4429.201
17 98 8810.552
17 99 6196.216
17 100 5784.314
18 0 5866.783
18 1 6071.238
18 2 7999.581
18 3 11178.261
18 4 3489.739
18 5 8751.345
18 6 9341.419
18 7 1927.694
18 8 13941.342
18 9 12062.207
18 10 5791.423
18 11 2653.393
18 12 3978.120
18 13 4227.145
18 14 3693.850
18 15 7962.317
18 16 6801.431
18 17 7142.515
18 18 0.000
18 19 2738.785
18 20 5022.868
18 21 8478.196
18 22 6037.209
18 23 7029.912
18 24 5450.813
18 25 1296.754
18 26 3321.668
18 27 13264.192
18 28 6996.331
18 29 3560.363
18 30 4384.083
18 31 2544.026
18 32 5594.601
18 33 6849.516
18 34 1464.152
18 35 5079.037
18 36 5745.840
18 37 2526.490
18 38 2086.919
18 39 4871.939
18 40 8058.786
18 41 4222.406
18 42 6482.517
18 43 11503.280
18 44 8801.408
18 45 4702.109
18 46 10073.493
18 47 8897.041
18 48 12823.596
18 49 4362.221
18 50 4119.606
18 51 7293.464
18 52 5965.781
18 53 6007.497
18 54 3232.838
18 55 4025.797
18 56 6406.355
18 57 7204.770
18 58 642.924
18 59 5584.087
18 60 4309.558
18 61 7911.009
18 62 4218.883
18 63 5078.790
18 64 8317.457
18 65 8836.109
18 66 1047.313
18 67 3535.971
18 68 11390.654
18 69 12529.574
18 70 8185.621
18 71 5163.941
18 72 3434.443
18 73 6213.113
18 74 7807.066
18 75 9811.163
18 76 7474.168
18 77 13140.176
18 78 3101.583
18 79 6666.339
18 80 13217.442
18 81 3542.518
18 82 6808.724
18 83 9308.584
18 84 14340.613
18 85 6088.042
18 86 2692.732
18 87 12117.416
18 88 7390.153
18 89 10051.013
18 90 6494.538
18 91 5653.163
18 92 3253.089
18 93 1943.392
18 94 5179.449
18 95 12328.878
18 96 4337.626
18 97 4683.889
18 98 3331.778
18 99 4827.511
18 100 2478.751
19 0 4612.313
19 1 7072.244
19 2 6790.398
19 3 9964.883
19 4 2655.617
19 5 8624.609
19 6 8659.728
19 7 1662.810
19 8 12656.633
19 9 10373.389
19 10 7258.080
19 11 2634.554
19 12 2353.025
19 13 5915.841
19 14 5404.514
19 15 9076.902
19 16 8573.463
19 17 4797.522
19 18 2738.785
19 19 0.000
19 20 6387.898
19 21 10460.734
19 22 7914.315
19 23 4551.092
19 24 3572.335
19 25 3025.322
19 26 1124.707
19 27 11430.346
19 28 5348.287
19 29 4808.430
19 30 2128.775
19 31 2231.926
19 32 6522.632
19 33 6769.813
19 34 2202.403
19 35 5668.065
19 36 5617.263
19 37 1223.197
19 38 2614.909
19 39 5922.274
19 40 10111.014
19 41 1762.411
19 42 4032.913
19 43 9634.065
19 44 10135.843
19 45 3994.337
19 46 8792.465
19 47 9920.226
19 48 11621.550
19 49 6555.835
19 50 5263.026
19 51 6299.657
19 52 5575.122
19 53 3797.928
19 54 3324.155
19 55 4414.278
19 56 4326.643
19 57 6513.692
19 58 2934.346
19 59 5035.850
19 60 3054.357
19 61 6253.489
19 62 3743.750
19 63 7038.223
19 64 6940.342
19 65 8252.705
19 66 1692.589
19 67 1461.100
19 68 9808.104
19 69 11434.733
19 70 7762.845
19 71 4260.352
19 72 2344.246
19 73 4945.710
19 74 8452.457
19 75 8845.432
19 76 6025.190
19 77 11522.887
19 78 4034.976
19 79 6957.931
19 80 11809.557
19 81 1096.093
19 82 6427.256
19 83 8333.381
19 84 13448.624
19 85 3532.783
19 86 3937.448
19 87 10559.306
19 88 8260.135
19 89 9547.687
19 90 8157.525
19 91 4458.877
19 92 692.809
19 93 1519.247
19 94 7346.775
19 95 10450.114
19 96 4556.024
19 97 2090.753
19 98 5590.150
19 99 2969.663
19 100 3104.548
20 0 5252.438
20 1 1261.019
20 2 6345.731
20 3 8819.370
20 4 4363.908
20 5 4973.530
20 6 6355.599
20 7 6677.644
20 8 11394.243
20 9 10534.876
20 10 875.481
20 11 7621.044
20 12 5344.941
20 13 998.313
20 14 1413.800
20 15 2946.096
20 16 2339.116
20 17 8156.260
20 18 5022.868
20 19 6387.898
20 20 0.000
20 21 4342.159
20 22 1945.702
20 23 8435.797
20 24 9906.727
20 25 6275.341
20 26 7456.608
20 27 11918.695
20 28 6557.750
20 29 1587.859
20 30 8514.168
20 31 4228.046
20 32 1090.497
20 33 3568.561
20 34 6420.708
20 35 1709.836
20 36 3189.526
20 37 5240.662
20 38 7091.720
20 39 774.044
20 40 4126.147
20 41 6617.288
20 42 7959.421
20 43 10454.850
20 44 3815.407
20 45 9642.402
20 46 8033.141
20 47 3891.156
20 48 10233.490
20 49 2240.305
20 50 1143.686
20 51 5491.751
20 52 3741.945
20 53 10184.840
20 54 3287.121
20 55 9036.295
20 56 7063.992
20 57 4880.769
20 58 5596.450
20 59 10576.102
20 60 4862.297
20 61 7167.069
20 62 3707.494
20 63 1637.922
20 64 6888.963
20 65 5794.389
20 66 5389.523
20 67 5852.421
20 68 9730.983
20 69 9777.349
20 70 5036.205
20 71 10069.338
20 72 8177.227
20 73 5425.542
20 74 3127.089
20 75 7232.112
20 76 6465.132
20 77 11332.307
20 78 8065.363
20 79 2801.613
20 80 10976.115
20 81 6312.144
20 82 4095.142
20 83 6854.072
20 84 11077.794
20 85 9772.505
20 86 2499.965
20 87 10306.536
20 88 2529.158
20 89 6633.529
20 90 1848.100
20 91 10477.946
20 92 7080.320
20 93 4876.832
20 94 2366.038
20 95 11193.616
20 96 2556.691
20 97 8380.637
20 98 2540.864
20 99 9280.324
20 100 3284.236
21 0 9461.742
21 1 4478.775
21 2 10119.773
21 3 11905.231
21 4 8687.538
21 5 7556.040
21 6 9345.921
21 7 10366.433
21 8 14094.480
21 9 13962.772
21 10 3528.973
21 11 11107.855
21 12 9676.377
21 13 4556.437
21 14 5056.938
21 15 3599.308
21 16 2005.760
21 17 12457.245
21 18 8478.196
21 19 10460.734
21 20 4342.159
21 21 0.000
21 22 2549.847
21 23 12762.635
21 24 13820.548
21 25 9507.219
21 26 11446.473
21 27 15352.599
21 28 10698.063
21 29 5758.013
21 30 12538.518
21 31 8439.870
21 32 4887.584
21 33 7055.801
21 34 9939.877
21 35 5866.100
21 36 7185.402
21 37 9408.084
21 38 10513.284
21 39 5059.208
21 40 519.403
21 41 10913.151
21 42 12294.821
21 43 14118.447
21 44 2823.428
21 45 13148.620
21 46 11407.305
21 47 3982.716
21 48 13003.793
21 49 4129.866
21 50 5447.151
21 51 9324.593
21 52 7732.287
21 53 14224.942
21 54 7593.594
21 55 12150.329
21 56 11357.737
21 57 8585.585
21 58 8890.868
21 59 13954.741
21 60 9203.912
21 61 11179.905
21 62 8042.232
21 63 3439.885
21 64 10690.691
21 65 8854.688
21 66 9163.372
21 67 10125.957
21 68 13150.313
21 69 12464.710
21 70 8189.024
21 71 13625.548
21 72 11895.054
21 73 9583.242
21 74 5113.150
21 75 10373.482
21 76 10460.767
21 77 14545.795
21 78 11101.058
21 79 6131.807
21 80 13936.667
21 81 10549.896
21 82 7776.664
21 83 10135.525
21 84 13159.666
21 85 13952.133
21 86 6546.399
21 87 13594.912
21 88 4449.188
21 89 9185.031
21 90 2519.421
21 91 14130.735
21 92 11146.318
21 93 8949.289
21 94 3323.698
21 95 14773.231
21 96 6877.643
21 97 12526.589
21 98 5156.978
21 99 13186.960
21 100 7445.017
22 0 7197.323
22 1 2581.503
22 2 8191.941
22 3 10444.476
22 4 6185.140
22 5 6304.588
22 6 7906.454
22 7 7886.867
22 8 12897.289
22 9 12295.167
22 10 1349.703
22 11 8688.274
22 12 7179.724
22 13 2006.795
22 14 2509.888
22 15 3002.875
22 16 810.229
22 17 10088.642
22 18 6037.209
22 19 7914.315
22 20 1945.702
22 21 2549.847
22 22 0.000
22 23 10350.748
22 24 11303.959
22 25 7147.338
22 26 8911.282
22 27 13687.584
22 28 8496.964
22 29 3224.334
22 30 10000.368
22 31 5895.702
22 32 2787.386
22 33 5257.206
22 34 7500.411
22 35 3626.567
22 36 5075.223
22 37 6858.785
22 38 8107.597
22 39 2715.916
22 40 2245.157
22 41 8385.059
22 42 9863.348
22 43 12289.592
22 44 3205.304
22 45 10737.019
22 46 9756.888
22 47 3866.779
22 48 11752.672
22 49 1862.186
22 50 2963.560
22 51 7349.675
22 52 5632.793
22 53 11686.705
22 54 5083.278
22 55 9862.857
22 56 9000.307
22 57 6687.525
22 58 6501.720
22 59 11588.731
22 60 6754.039
22 61 9083.950
22 62 5623.835
22 63 966.747
22 64 8747.688
22 65 7362.047
22 66 6656.393
22 67 7590.885
22 68 11483.697
22 69 11259.310
22 70 6623.963
22 71 11201.147
22 72 9417.265
22 73 7365.324
22 74 4011.190
22 75 8858.889
22 76 8375.574
22 77 13023.774
22 78 8830.222
22 79 4380.191
22 80 12573.885
22 81 8005.886
22 82 5879.577
22 83 8529.713
22 84 12332.600
22 85 11402.287
22 86 3996.638
22 87 12017.798
22 88 3266.831
22 89 8005.572
22 90 809.051
22 91 11680.104
22 92 8601.351
22 93 6400.963
22 94 1256.670
22 95 13005.707
22 96 4491.815
22 97 9977.205
22 98 2804.762
22 99 10670.418
22 100 4898.040
23 0 3534.751
23 1 8444.072
23 2 4576.507
23 3 7027.227
23 4 4311.061
23 5 7847.162
23 6 6908.925
23 7 6185.873
23 8 9343.522
23 9 6589.483
23 10 9234.182
23 11 6995.552
23 12 3363.879
23 13 8492.904
23 14 8143.376
23 15 10188.133
23 16 10757.951
23 17 623.018
23 18 7029.912
23 19 4551.092
23 20 8435.797
23 21 12762.635
23 22 10350.748
23 23 0.000
23 24 5923.354
23 25 7565.310
23 26 4876.062
23 27 7371.680
23 28 2856.600
23 29 7236.012
23 30 4806.763
23 31 4988.985
23 32 7948.990
23 33 6611.071
23 34 6753.442
23 35 6936.076
23 36 5869.253
23 37 4529.297
23 38 7115.811
23 39 7703.582
23 40 12561.849
23 41 2830.856
23 42 551.997
23 43 5624.032
23 44 11429.033
23 45 7592.524
23 46 5915.016
23 47 10752.984
23 48 8521.674
23 49 9644.153
23 50 7393.948
23 51 4713.995
23 52 5429.149
23 53 5331.368
23 54 5382.029
23 55 8622.263
23 56 1525.386
23 57 5405.753
23 58 7384.361
23 59 8514.529
23 60 3611.512
23 61 3281.025
23 62 4729.287
23 63 9730.539
23 64 4329.043
23 65 6774.907
23 66 6041.338
23 67 3502.395
23 68 6248.564
23 69 8530.560
23 70 6701.239
23 71 7602.318
23 72 6250.904
23 73 3583.400
23 74 8962.581
23 75 6540.023
23 76 3623.741
23 77 7770.671
23 78 8475.597
23 79 7320.844
23 80 8361.930
23 81 3528.323
23 82 5899.830
23 83 6121.840
23 84 10704.518
23 85 4121.497
23 86 6754.022
23 87 6969.694
23 88 9156.175
23 89 7930.346
23 90 10244.118
23 91 7421.857
23 92 4464.104
23 93 5151.674
23 94 10285.332
23 95 6376.358
23 96 5885.486
23 97 3952.706
23 98 8919.334
23 99 5700.054
23 100 5878.794
24 0 7655.528
24 1 10640.517
24 2 9650.222
24 3 12626.264
24 4 6140.166
24 5 12004.256
24 6 11775.093
24 7 3524.597
24 8 15140.891
24 9 12492.720
24 10 10766.981
24 11 3195.943
24 12 5560.183
24 13 9344.729
24 14 8814.415
24 15 12644.923
24 16 12009.838
24 17 6453.596
24 18 5450.813
24 19 3572.335
24 20 9906.727
24 21 13820.548
24 22 11303.959
24 23 5923.354
24 24 0.000
24 25 4819.862
24 26 2460.813
24 27 13290.547
24 28 7959.314
24 29 8318.998
24 30 1509.527
24 31 5804.192
24 32 10092.263
24 33 10215.150
24 34 4086.296
24 35 9238.447
24 36 9087.355
24 37 4790.686
24 38 3762.452
24 39 9479.705
24 40 13431.833
24 41 4317.007
24 42 5633.000
24 43 11547.160
24 44 13686.737
24 45 2149.592
24 46 11453.492
24 47 13492.406
24 48 14223.851
24 49 9764.498
24 50 8800.676
24 51 9352.802
24 52 8968.899
24 53 928.143
24 54 6894.902
24 55 3783.595
24 56 6578.014
24 57 9727.951
24 58 5226.484
24 59 2780.344
24 60 6324.476
24 61 8741.451
24 62 7221.731
24 63 10381.453
24 64 9644.047
24 65 11439.831
24 66 4658.562
24 67 4650.264
24 68 12092.341
24 69 14141.406
24 70 11048.141
24 71 1908.766
24 72 2100.254
24 73 7939.570
24 74 12011.017
24 75 11764.426
24 76 8749.796
24 77 13675.490
24 78 4310.596
24 79 10483.976
24 80 14195.423
24 81 4099.376
24 82 9784.167
24 83 11271.253
24 84 16264.403
24 85 2024.620
24 86 7417.045
24 87 12831.355
24 88 11832.049
24 89 12732.054
24 90 11625.602
24 91 1535.636
24 92 2906.427
24 93 5041.524
24 94 10580.042
24 95 12296.685
24 96 8114.920
24 97 2134.346
24 98 8743.784
24 99 633.656
24 100 6643.980
25 0 6907.899
25 1 7353.168
25 2 9084.874
25 3 12285.824
25 4 4541.975
25 5 10023.717
25 6 10547.475
25 7 1544.033
25 8 15041.881
25 9 13031.508
25 10 7015.556
25 11 1685.618
25 12 4840.412
25 13 5435.069
25 14 4912.082
25 15 9220.822
25 16 7933.413
25 17 7772.504
25 18 1296.754
25 19 3025.322
25 20 6275.341
25 21 9507.219
25 22 7147.338
25 23 7565.310
25 24 4819.862
25 25 0.000
25 26 3157.284
25 27 14182.825
25 28 7939.854
25 29 4846.810
25 30 4063.261
25 31 3629.921
25 32 6883.997
25 33 8116.216
25 34 878.409
25 35 6374.684
25 36 6997.372
25 37 3310.733
25 38 1078.817
25 39 6158.657
25 40 9061.425
25 41 4743.331
25 42 7037.489
25 43 12400.714
25 44 10020.032
25 45 3663.948
25 46 11157.409
25 47 10161.481
25 48 13941.163
25 49 5380.449
25 50 5406.798
25 51 8421.566
25 52 7185.928
25 53 5522.632
25 54 4454.238
25 55 2762.699
25 56 7170.753
25 57 8391.873
25 58 679.554
25 59 4449.811
25 60 5300.831
25 61 8862.837
25 62 5385.768
25 63 6180.779
25 64 9361.054
25 65 10054.593
25 66 1692.797
25 67 4205.567
25 68 12393.315
25 69 13671.224
25 70 9422.694
25 71 4156.583
25 72 2719.615
25 73 7257.844
25 74 9101.412
25 75 10967.368
25 76 8487.430
25 77 14138.658
25 78 1807.107
25 79 7957.560
25 80 14281.707
25 81 4046.708
25 82 8040.135
25 83 10459.470
25 84 15529.815
25 85 5863.234
25 86 3988.528
25 87 13131.424
25 88 8674.934
25 89 11287.438
25 90 7663.197
25 91 4716.087
25 92 3304.685
25 93 2855.646
25 94 6183.676
25 95 13225.702
25 96 5605.609
25 97 4580.933
25 98 4363.113
25 99 4241.108
25 100 3736.317
26 0 5575.659
26 1 8180.285
26 2 7709.906
26 3 10838.587
26 4 3762.438
26 5 9714.644
26 6 9672.374
26 7 1613.471
26 8 13485.488
26 9 11072.997
26 10 8321.031
26 11 2143.432
26 12 3344.423
26 13 6930.045
26 14 6406.699
26 15 10184.515
26 16 9596.062
26 17 5240.367
26 18 3321.668
26 19 1124.707
26 20 7456.608
26 21 11446.473
26 22 8911.282
26 23 4876.062
26 24 2460.813
26 25 3157.284
26 26 0.000
26 27 12052.752
26 28 6162.909
26 29 5870.236
26 30 1097.418
26 31 3349.617
26 32 7632.605
26 33 7874.681
26 34 2281.129
26 35 6789.400
26 36 6726.922
26 37 2347.738
26 38 2385.383
26 39 7019.229
26 40 11077.296
26 41 2392.832
26 42 4417.921
26 43 10259.704
26 44 11227.905
26 45 3014.098
26 46 9659.521
26 47 11035.343
26 48 12483.703
26 49 7457.571
26 50 6344.081
26 51 7281.278
26 52 6663.596
26 53 2780.390
26 54 4445.895
26 55 3757.129
26 56 4980.570
26 57 7549.592
26 58 3306.053
26 59 4045.434
26 60 4084.627
26 61 7037.430
26 62 4852.099
26 63 8009.252
26 64 7807.637
26 65 9286.211
26 66 2368.615
26 67 2412.345
26 68 10557.852
26 69 12329.101
26 70 8824.667
26 71 3218.709
26 72 1435.444
26 73 5894.858
26 74 9576.918
26 75 9796.747
26 76 6890.239
26 77 12240.599
26 78 3634.227
26 79 8080.189
26 80 12603.686
26 81 1909.168
26 82 7507.007
26 83 9288.400
26 84 14382.624
26 85 2773.495
26 86 4977.367
26 87 11310.036
26 88 9379.005
26 89 10583.695
26 90 9197.108
26 91 3360.700
26 92 544.802
26 93 2583.366
26 94 8263.905
26 95 11060.822
26 96 5680.675
26 97 1424.655
26 98 6458.916
26 99 1849.002
26 100 4185.511
27 0 7467.210
27 1 11119.481
27 2 5635.031
27 3 3595.138
27 4 9794.327
27 5 7884.285
27 6 6047.833
27 7 13075.817
27 8 3273.343
27 9 1394.668
27 10 12337.882
27 11 14052.108
27 12 9342.991
27 13 12554.127
27 14 12498.014
27 15 11821.894
27 16 13657.734
27 17 6878.871
27 18 13264.192
27 19 11430.346
27 20 11918.695
27 21 15352.599
27 22 13687.584
27 23 7371.680
27 24 13290.547
27 25 14182.825
27 26 12052.752
27 27 0.000
27 28 6267.861
27 29 11611.094
27 30 12150.595
27 31 10739.844
27 32 10917.719
27 33 8432.065
27 34 13513.305
27 35 10252.598
27 36 8775.967
27 37 10872.115
27 38 14029.080
27 39 11193.271
27 40 15404.070
27 41 9708.265
27 42 7716.710
27 43 1796.738
27 44 12914.690
27 45 14922.122
27 46 3951.232
27 47 11792.269
27 48 3415.347
27 49 13970.385
27 50 11399.305
27 51 6490.577
27 52 8254.408
27 53 12653.204
27 54 10384.351
27 55 15789.731
27 56 7106.376
27 57 7038.739
27 58 13794.554
27 59 15870.287
27 60 8956.586
27 61 5355.943
27 62 9323.105
27 63 13554.300
27 64 5151.664
27 65 6506.381
27 66 12496.816
27 67 10034.949
27 68 2208.899
27 69 3914.437
27 70 7165.394
27 71 14961.065
27 72 13480.276
27 73 7140.269
27 74 10269.298
27 75 5001.303
27 76 5860.638
27 77 1254.514
27 78 15461.941
27 79 9328.243
27 80 2405.112
27 81 10335.627
27 82 7827.119
27 83 5217.825
27 84 5447.664
27 85 11417.532
27 86 11696.768
27 87 1822.634
27 88 10904.280
27 89 6480.500
27 90 13161.528
27 91 14793.532
27 92 11566.068
27 93 11361.206
27 94 14275.492
27 95 996.784
27 96 9915.704
27 97 11306.678
27 98 13702.630
27 99 13067.744
27 100 11171.958
28 0 1350.567
28 1 6228.080
28 2 1771.473
28 3 4691.949
28 4 3535.780
28 5 5013.219
28 6 4084.143
28 7 6934.335
28 8 7324.421
28 9 5091.942
28 10 7231.592
28 11 7976.510
28 12 3109.368
28 13 6908.529
28 14 6707.421
28 15 7735.096
28 16 8741.002
28 17 2282.698
28 18 6996.331
28 19 5348.287
28 20 6557.750
28 21 10698.063
28 22 8496.964
28 23 2856.600
28 24 7959.314
28 25 7939.854
28 26 6162.909
28 27 6267.861
28 28 0.000
28 29 5766.508
28 30 6564.883
28 31 4477.291
28 32 5815.113
28 33 3978.032
28 34 7312.883
28 35 4877.177
28 36 3517.976
28 37 4637.953
28 38 7874.992
28 39 5783.973
28 40 10583.270
28 41 3779.361
28 42 2722.362
28 43 4514.353
28 44 8985.455
28 45 9167.287
28 46 3512.340
28 47 8179.874
28 48 6325.465
28 49 8251.717
28 50 5719.460
28 51 1872.858
28 52 2984.597
28 53 7592.288
28 54 4238.726
28 55 9762.482
28 56 1475.477
28 57 2610.109
28 58 7530.806
28 59 10184.551
28 60 2690.229
28 61 923.256
28 62 3226.036
28 63 8077.604
28 64 1684.755
28 65 3921.258
28 66 6248.122
28 67 3894.855
28 68 4475.893
28 69 6198.313
28 70 3859.601
28 71 9316.945
28 72 7587.241
28 73 1132.275
28 74 6370.429
28 75 3851.170
28 76 814.342
28 77 6210.510
28 78 9316.190
28 79 4801.133
28 80 6461.833
28 81 4292.066
28 82 3220.640
28 83 3384.901
28 84 8305.891
28 85 6512.699
28 86 5633.918
28 87 5223.583
28 88 6684.314
28 89 5103.248
28 90 8213.225
28 91 9310.000
28 92 5630.785
28 93 5100.503
28 94 8736.262
28 95 5338.378
28 96 4111.250
28 97 5825.885
28 98 7773.984
28 99 7564.824
28 100 4988.648
29 0 4415.988
29 1 2512.490
29 2 5979.329
29 3 8830.908
29 4 2981.591
29 5 5553.345
29 6 6570.411
29 7 5117.049
29 8 11531.646
29 9 10265.515
29 10 2451.316
29 11 6093.299
29 12 3977.610
29 13 1262.681
29 14 943.852
29 15 4444.347
29 16 3802.789
29 17 7037.521
29 18 3560.363
29 19 4808.430
29 20 1587.859
29 21 5758.013
29 22 3224.334
29 23 7236.012
29 24 8318.998
29 25 4846.810
29 26 5870.236
29 27 11611.094
29 28 5766.508
29 29 0.000
29 30 6931.820
29 31 2689.161
29 32 2038.364
29 33 3787.080
29 34 4901.323
29 35 1726.895
29 36 2945.870
29 37 3682.706
29 38 5587.037
29 39 1311.925
29 40 5469.067
29 41 5160.730
29 42 6726.425
29 43 10015.552
29 44 5390.887
29 45 8095.011
29 46 7892.958
29 47 5361.737
29 48 10370.091
29 49 2491.045
29 50 560.085
29 51 5130.969
29 52 3401.211
29 53 8606.357
29 54 1877.576
29 55 7584.562
29 56 5983.631
29 57 4705.010
29 58 4170.046
29 59 9047.374
29 60 3626.446
29 61 6511.669
29 62 2602.580
29 63 2501.623
29 64 6464.273
29 65 6014.660
29 66 3824.985
29 67 4368.485
29 68 9491.831
29 69 9974.064
29 70 5276.424
29 71 8511.537
29 72 6603.702
29 73 4666.387
29 74 4268.368
29 75 7291.282
29 76 5862.618
29 77 11181.241
29 78 6653.311
29 79 3332.108
29 80 10984.631
29 81 4795.922
29 82 4045.392
29 83 6845.067
29 84 11517.043
29 85 8229.155
29 86 921.745
29 87 10136.865
29 88 3829.790
29 89 7068.804
29 90 3360.624
29 91 8905.453
29 92 5501.229
29 93 3293.345
29 94 3057.154
29 95 10799.817
29 96 1701.819
29 97 6822.863
29 98 2094.737
29 99 7692.468
29 100 1713.343
30 0 6178.405
30 1 9192.557
30 2 8217.467
30 3 11253.388
30 4 4637.395
30 5 10496.956
30 6 10301.551
30 7 2561.447
30 8 13824.282
30 9 11267.874
30 10 9382.806
30 11 2726.959
30 12 4053.963
30 13 8013.586
30 14 7493.271
30 15 11196.675
30 16 10677.996
30 17 5271.733
30 18 4384.083
30 19 2128.775
30 20 8514.168
30 21 12538.518
30 22 10000.368
30 23 4806.763
30 24 1509.527
30 25 4063.261
30 26 1097.418
30 27 12150.595
30 28 6564.883
30 29 6931.820
30 30 0.000
30 31 4348.415
30 32 8641.379
30 33 8705.719
30 34 3215.250
30 35 7765.173
30 36 7579.233
30 37 3325.076
30 38 3141.084
30 39 8049.495
30 40 12172.184
30 41 2845.843
30 42 4433.953
30 43 10377.346
30 44 12263.673
30 45 2786.651
30 46 10075.194
30 47 12029.472
30 48 12872.250
30 49 8554.917
30 50 7391.486
30 51 7882.645
30 52 7459.771
30 53 1686.473
30 54 5426.173
30 55 3991.904
30 56 5241.167
30 57 8234.997
30 58 4306.997
30 59 3720.778
30 60 4817.698
30 61 7384.299
30 62 5715.906
30 63 9102.806
30 64 8244.731
30 65 9954.005
30 66 3459.017
30 67 3141.011
30 68 10817.119
30 69 12762.762
30 70 9548.707
30 71 2815.429
30 72 1666.701
30 73 6471.801
30 74 10521.712
30 75 10328.725
30 76 7338.920
30 77 12447.879
30 78 4148.794
30 79 8982.549
30 80 12902.637
30 81 2590.588
30 82 8277.154
30 83 9829.915
30 84 14864.147
30 85 1806.570
30 86 6049.681
30 87 11564.110
30 88 10361.952
30 89 11248.725
30 90 10272.077
30 91 2745.385
30 92 1440.230
30 93 3638.488
30 94 9361.310
30 95 11153.820
30 96 6629.622
30 97 858.970
30 98 7555.208
30 99 1006.344
30 100 5232.368
31 0 3322.786
31 1 4844.150
31 2 5468.521
31 3 8661.613
31 4 947.633
31 5 6627.882
31 6 6956.472
31 7 3100.602
31 8 11421.233
31 9 9523.233
31 10 5103.497
31 11 4212.900
31 12 1644.706
31 13 3894.522
31 14 3432.241
31 15 6848.385
31 16 6491.919
31 17 4953.890
31 18 2544.026
31 19 2231.926
31 20 4228.046
31 21 8439.870
31 22 5895.702
31 23 4988.985
31 24 5804.192
31 25 3629.921
31 26 3349.617
31 27 10739.844
31 28 4477.291
31 29 2689.161
31 30 4348.415
31 31 0.000
31 32 4293.206
31 33 4724.731
31 34 3210.143
31 35 3441.156
31 36 3564.401
31 37 1025.896
31 38 3886.915
31 39 3710.270
31 40 8133.344
31 41 2536.649
31 42 4442.476
31 43 8991.534
31 44 7923.606
31 45 5991.179
31 46 7543.242
31 47 7688.301
31 48 10314.436
31 49 4802.173
31 50 3086.849
31 51 4791.712
31 52 3646.579
31 53 5991.083
31 54 1101.713
31 55 5958.852
31 56 4063.872
31 57 4787.698
31 58 3122.894
31 59 7014.811
31 60 1788.967
31 61 5383.916
31 62 1787.827
31 63 5096.317
31 64 5774.589
31 65 6484.292
31 66 1996.270
31 67 1721.213
31 68 8847.085
31 69 10041.303
31 70 5896.513
31 71 6331.162
31 72 4366.726
31 73 3669.402
31 74 6240.452
31 75 7339.791
31 76 4930.976
31 77 10596.624
31 78 5256.442
31 79 4796.419
31 80 10681.114
31 81 2110.238
31 82 4515.056
31 83 6830.931
31 84 11914.514
31 85 5545.937
31 86 1928.724
31 87 9573.390
31 88 6029.441
31 89 7746.700
31 90 6044.129
31 91 6612.243
31 92 2909.361
31 93 897.012
31 94 5527.257
31 95 9815.666
31 96 2358.468
31 97 4154.622
31 98 3977.077
31 99 5198.457
31 100 1004.257
32 0 4576.591
32 1 553.874
32 2 5405.206
32 3 7756.561
32 4 4187.295
32 5 3890.020
32 6 5273.947
32 7 7068.017
32 8 10311.207
32 9 9528.084
32 10 1450.572
32 11 8084.159
32 12 5104.152
32 13 2017.870
32 14 2303.957
32 15 2555.340
32 16 2928.846
32 17 7605.081
32 18 5594.601
32 19 6522.632
32 20 1090.497
32 21 4887.584
32 22 2787.386
32 23 7948.990
32 24 10092.263
32 25 6883.997
32 26 7632.605
32 27 10917.719
32 28 5815.113
32 29 2038.364
32 30 8641.379
32 31 4293.206
32 32 0.000
32 33 2512.143
32 34 6904.703
32 35 1016.713
32 36 2320.110
32 37 5316.666
32 38 7598.062
32 39 731.552
32 40 4770.904
32 41 6456.501
32 42 7510.721
32 43 9502.515
32 44 3669.893
32 45 10054.467
32 46 7004.893
32 47 3410.987
32 48 9151.718
32 49 3329.479
32 50 1478.445
32 51 4565.790
32 52 2876.046
32 53 10274.205
32 54 3226.622
32 55 9614.636
32 56 6503.046
32 57 3901.413
32 58 6207.917
32 59 11028.516
32 60 4507.280
32 61 6339.181
32 62 3320.856
32 63 2692.273
32 64 5962.605
32 65 4714.253
32 66 5779.723
32 67 5754.440
32 68 8719.342
32 69 8691.256
32 70 3957.697
32 71 10451.381
32 72 8512.286
32 73 4696.442
32 74 2239.444
32 75 6167.444
32 76 5624.201
32 77 10293.455
32 78 8690.863
32 79 1713.024
32 80 9908.705
32 81 6261.632
32 82 3096.258
32 83 5803.907
32 84 9991.494
32 85 9736.664
32 86 2915.103
32 87 9275.003
32 88 1805.303
32 89 5543.853
32 90 2401.127
32 91 10806.701
32 92 7202.566
32 93 5068.768
32 94 3424.641
32 95 10222.015
32 96 2160.502
32 97 8400.346
32 98 3545.416
32 99 9480.287
32 100 3484.596
33 0 3092.786
33 1 2688.796
33 2 3070.275
33 3 5250.822
33 4 4114.410
33 5 1913.349
33 6 2822.274
33 7 7823.228
33 8 7850.630
33 9 7038.833
33 10 3907.885
33 11 8931.205
33 12 4682.242
33 13 4362.103
33 14 4471.785
33 15 3802.821
33 16 5249.774
33 17 6130.235
33 18 6849.516
33 19 6769.813
33 20 3568.561
33 21 7055.801
33 22 5257.206
33 23 6611.071
33 24 10215.150
33 25 8116.216
33 26 7874.681
33 27 8432.065
33 28 3978.032
33 29 3787.080
33 30 8705.719
33 31 4724.731
33 32 2512.143
33 33 0.000
33 34 7871.998
33 35 2090.737
33 36 1161.780
33 37 5584.753
33 38 8567.587
33 39 2924.541
33 40 7042.611
33 41 6035.562
33 42 6294.984
33 43 7084.671
33 44 5044.201
33 45 10694.625
33 46 4500.953
33 47 4201.843
33 48 6686.948
33 49 5758.978
33 50 3370.779
33 51 2315.093
33 52 1282.057
33 53 10168.844
33 54 3703.363
33 55 10648.895
33 56 5085.690
33 57 1541.376
33 58 7492.141
33 59 11726.175
33 60 3923.612
33 61 4242.971
33 62 3026.360
33 63 5197.952
33 64 3642.264
33 65 2259.178
33 66 6650.158
33 67 5567.796
33 68 6226.803
33 69 6252.258
33 70 1504.399
33 71 11007.948
33 72 9051.895
33 73 3031.552
33 74 2392.397
33 75 3663.794
33 76 3535.201
33 77 7782.344
33 78 9867.398
33 79 924.016
33 80 7408.051
33 81 6120.046
33 82 767.583
33 83 3291.781
33 84 7729.992
33 85 9367.413
33 86 4328.371
33 87 6767.015
33 88 2758.553
33 89 3287.368
33 90 4742.534
33 91 11228.404
33 92 7358.599
33 93 5621.591
33 94 5929.668
33 95 7772.864
33 96 2512.052
33 97 8234.102
33 98 5764.190
33 99 9664.427
33 100 4379.911
34 0 6365.432
34 1 7406.473
34 2 8563.405
34 3 11771.278
34 4 4054.301
34 5 9785.078
34 6 10164.311
34 7 668.048
34 8 14512.520
34 9 12398.056
34 10 7214.641
34 11 1202.510
34 12 4204.430
34 13 5666.921
34 14 5130.119
34 15 9340.538
34 16 8261.517
34 17 6990.121
34 18 1464.152
34 19 2202.403
34 20 6420.708
34 21 9939.877
34 22 7500.411
34 23 6753.442
34 24 4086.296
34 25 878.409
34 26 2281.129
34 27 13513.305
34 28 7312.883
34 29 4901.323
34 30 3215.250
34 31 3210.143
34 32 6904.703
34 33 7871.998
34 34 0.000
34 35 6283.224
34 36 6724.923
34 37 2685.531
34 38 702.490
34 39 6198.692
34 40 9516.748
34 41 3951.726
34 42 6234.400
34 43 11722.910
34 44 10222.228
34 45 3245.072
34 46 10623.743
34 47 10262.868
34 48 13432.064
34 49 5818.670
34 50 5451.396
34 51 7949.028
34 52 6849.907
34 53 4731.097
34 54 4168.720
34 55 2779.515
34 56 6448.310
34 57 7993.326
34 58 1140.190
34 59 4155.507
34 60 4743.034
34 61 8234.897
34 62 4997.957
34 63 6542.772
34 64 8800.064
34 65 9694.435
34 66 1223.833
34 67 3484.065
34 68 11786.033
34 69 13189.641
34 70 9100.383
34 71 3701.325
34 72 2012.408
34 73 6714.594
34 74 9073.742
34 75 10512.744
34 76 7907.295
34 77 13523.391
34 78 2055.007
34 79 7812.331
34 80 13719.820
34 81 3262.692
34 82 7716.438
34 83 10000.708
34 84 15105.231
34 85 5005.870
34 86 3993.473
34 87 12530.644
34 88 8709.859
34 89 10954.804
34 90 7945.830
34 91 4190.899
34 92 2432.446
34 93 2347.549
34 94 6634.793
34 95 12545.314
34 96 5392.821
34 97 3705.575
34 98 4787.989
34 99 3482.299
34 100 3545.030
35 0 3602.406
35 1 1542.088
35 2 4651.064
35 3 7265.393
35 4 3224.780
35 5 3827.014
35 6 4906.444
35 7 6370.241
35 8 9916.546
35 9 8876.540
35 10 2359.273
35 11 7429.524
35 12 4113.174
35 13 2323.646
35 14 2384.681
35 15 3483.765
35 16 3880.622
35 17 6601.115
35 18 5079.037
35 19 5668.065
35 20 1709.836
35 21 5866.100
35 22 3626.567
35 23 6936.076
35 24 9238.447
35 25 6374.684
35 26 6789.400
35 27 10252.598
35 28 4877.177
35 29 1726.895
35 30 7765.173
35 31 3441.156
35 32 1016.713
35 33 2090.737
35 34 6283.224
35 35 0.000
35 36 1486.988
35 37 4447.763
35 38 6985.012
35 39 948.548
35 40 5718.813
35 41 5479.157
35 42 6494.827
35 43 8758.879
35 44 4648.748
35 45 9343.604
35 46 6409.298
35 47 4270.745
35 48 8752.327
35 49 3741.277
35 50 1280.322
35 51 3793.767
35 52 2034.702
35 53 9372.350
35 54 2343.912
35 55 9043.032
35 56 5499.553
35 57 3220.888
35 58 5714.949
35 59 10341.835
35 60 3497.427
35 61 5461.041
35 62 2312.804
35 63 3318.056
35 64 5187.704
35 65 4344.864
35 66 5104.939
35 67 4802.178
35 68 8079.547
35 69 8331.638
35 70 3593.939
35 71 9716.526
35 72 7759.044
35 73 3748.074
35 74 2817.833
35 75 5694.864
35 76 4756.732
35 77 9715.210
35 78 8172.554
35 79 1618.875
35 80 9427.689
35 81 5323.031
35 82 2470.570
35 83 5279.731
35 84 9810.734
35 85 8786.422
35 86 2410.986
35 87 8679.959
35 88 2597.198
35 89 5353.806
35 90 3355.015
35 91 10033.915
35 92 6334.391
35 93 4272.205
35 94 4029.282
35 95 9506.631
35 96 1173.320
35 97 7476.415
35 98 3675.268
35 99 8637.417
35 100 2755.282
36 0 2361.175
36 1 2710.565
36 2 3164.529
36 3 5885.390
36 4 2964.484
36 5 3065.200
36 6 3681.520
36 7 6664.084
36 8 8589.881
36 9 7405.314
36 10 3762.752
36 11 7773.611
36 12 3592.428
36 13 3779.539
36 14 3762.404
36 15 4320.194
36 16 5247.053
36 17 5454.635
36 18 5745.840
36 19 5617.263
36 20 3189.526
36 21 7185.402
36 22 5075.223
36 23 5869.253
36 24 9087.355
36 25 6997.372
36 26 6726.922
36 27 8775.967
36 28 3517.976
36 29 2945.870
36 30 7579.233
36 31 3564.401
36 32 2320.110
36 33 1161.780
36 34 6724.923
36 35 1486.988
36 36 0.000
36 37 4426.122
36 38 7418.053
36 39 2435.347
36 40 7087.863
36 41 4968.232
36 42 5491.727
36 43 7271.904
36 44 5564.641
36 45 9533.341
36 46 4969.778
36 47 4906.750
36 48 7429.955
36 49 5197.634
36 50 2645.560
36 51 2306.829
36 52 557.823
36 53 9073.160
36 54 2558.606
36 55 9498.787
36 56 4364.375
36 57 1770.553
36 58 6386.435
36 59 10564.535
36 60 2849.646
36 61 4019.536
36 62 1874.823
36 63 4805.031
36 64 3701.132
36 65 3143.091
36 66 5501.641
36 67 4451.507
36 68 6613.749
36 69 7046.524
36 70 2451.245
36 71 9848.868
36 72 7891.544
36 73 2422.566
36 74 3156.178
36 75 4348.719
36 76 3305.775
36 77 8271.527
36 78 8732.581
36 79 1501.529
36 80 8040.850
36 81 5003.382
36 82 1116.117
36 83 3899.198
36 84 8681.386
36 85 8318.323
36 86 3330.184
36 87 7231.146
36 88 3287.300
36 89 4312.101
36 90 4719.777
36 91 10076.036
36 92 6215.884
36 93 4461.400
36 94 5515.277
36 95 8021.215
36 96 1432.488
36 97 7138.587
36 98 5021.202
36 99 8528.118
36 100 3267.345
37 0 3691.407
37 1 5868.299
37 2 5892.990
37 3 9098.895
37 4 1494.355
37 5 7460.040
37 6 7609.921
37 7 2392.190
37 8 11832.925
37 9 9729.060
37 10 6115.416
37 11 3498.843
37 12 1530.980
37 13 4852.029
37 14 4365.174
37 15 7872.006
37 16 7480.251
37 17 4617.587
37 18 2526.490
37 19 1223.197
37 20 5240.662
37 21 9408.084
37 22 6858.785
37 23 4529.297
37 24 4790.686
37 25 3310.733
37 26 2347.738
37 27 10872.115
37 28 4637.953
37 29 3682.706
37 30 3325.076
37 31 1025.896
37 32 5316.666
37 33 5584.753
37 34 2685.531
37 35 4447.763
37 36 4426.122
37 37 0.000
37 38 3289.076
37 39 4735.699
37 40 9084.485
37 41 1796.150
37 42 3978.436
37 43 9090.427
37 44 8949.394
37 45 5118.277
37 46 7945.201
37 47 8706.084
37 48 10760.445
37 49 5645.170
37 50 4103.067
37 51 5315.574
37 52 4422.567
37 53 4965.294
37 54 2104.462
37 55 5291.900
37 56 3897.865
37 57 5442.393
37 58 2964.952
37 59 6155.150
37 60 2070.329
37 61 5561.133
37 62 2563.381
37 63 6025.009
37 64 6116.046
37 65 7174.384
37 66 1631.071
37 67 1028.564
37 68 9105.543
37 69 10532.631
37 70 6643.988
37 71 5423.201
37 72 3469.836
37 73 4038.960
37 74 7229.262
37 75 7881.667
37 76 5221.777
37 77 10846.106
37 78 4720.956
37 79 5741.421
37 80 11034.580
37 81 1213.434
37 82 5285.468
37 83 7368.181
37 84 12487.045
37 85 4548.820
37 86 2863.064
37 87 9848.569
37 88 7042.093
37 89 8460.609
37 90 7043.301
37 91 5660.478
37 92 1888.289
37 93 629.118
37 94 6404.485
37 95 9915.616
37 96 3332.962
37 97 3141.182
37 98 4745.298
37 99 4192.057
37 100 1970.744
38 0 6980.482
38 1 8095.883
38 2 9182.014
38 3 12387.886
38 4 4704.764
38 5 10480.201
38 6 10831.138
38 7 954.337
38 8 15119.114
38 9 12943.669
38 10 7873.573
38 11 609.657
38 12 4779.637
38 13 6313.603
38 14 5779.443
38 15 10020.094
38 16 8879.707
38 17 7399.527
38 18 2086.919
38 19 2614.909
38 20 7091.720
38 21 10513.284
38 22 8107.597
38 23 7115.811
38 24 3762.452
38 25 1078.817
38 26 2385.383
38 27 14029.080
38 28 7874.992
38 29 5587.037
38 30 3141.084
38 31 3886.915
38 32 7598.062
38 33 8567.587
38 34 702.490
38 35 6985.012
38 36 7418.053
38 37 3289.076
38 38 0.000
38 39 6888.758
38 40 10078.050
38 41 4374.443
38 42 6615.605
38 43 12234.303
38 44 10883.326
38 45 2635.521
38 46 11232.636
38 47 10946.428
38 48 14049.455
38 49 6383.746
38 50 6139.722
38 51 8589.835
38 52 7532.272
38 53 4500.807
38 54 4864.385
38 55 2081.340
38 56 6934.101
38 57 8658.684
38 58 1624.180
38 59 3497.193
38 60 5358.938
38 61 8793.198
38 62 5673.295
38 63 7144.623
38 64 9398.150
38 65 10367.749
38 66 1917.509
38 67 3999.536
38 68 12350.711
38 69 13819.462
38 70 9782.732
38 71 3114.791
38 72 1667.725
38 73 7327.941
38 74 9773.040
38 75 11156.095
38 76 8496.981
38 77 14080.381
38 78 1441.198
38 79 8514.555
38 80 14309.797
38 81 3708.788
38 82 8400.010
38 83 10643.186
38 84 15755.408
38 85 4945.974
38 86 4684.277
38 87 13098.513
38 88 9402.712
38 89 11633.460
38 90 8580.229
38 91 3652.279
38 92 2675.375
38 93 3009.364
38 94 7194.889
38 95 13053.104
38 96 6093.108
38 97 3764.267
38 98 5356.705
38 99 3201.168
38 100 4247.427
39 0 4481.571
39 1 1208.015
39 2 5598.782
39 3 8157.857
39 4 3725.546
39 5 4490.430
39 6 5742.385
39 7 6383.966
39 8 10775.072
39 9 9814.330
39 10 1532.726
39 11 7384.340
39 12 4685.985
39 13 1439.455
39 14 1627.963
39 15 3182.822
39 16 3054.405
39 17 7408.313
39 18 4871.939
39 19 5922.274
39 20 774.044
39 21 5059.208
39 22 2715.916
39 23 7703.582
39 24 9479.705
39 25 6158.657
39 26 7019.229
39 27 11193.271
39 28 5783.973
39 29 1311.925
39 30 8049.495
39 31 3710.270
39 32 731.552
39 33 2924.541
39 34 6198.692
39 35 948.548
39 36 2435.347
39 37 4735.699
39 38 6888.758
39 39 0.000
39 40 4869.664
39 41 5997.517
39 42 7236.903
39 43 9707.058
39 44 4214.556
39 45 9369.157
39 46 7332.528
39 47 4077.799
39 48 9611.468
39 49 2836.978
39 50 752.340
39 51 4741.929
39 52 2982.848
39 53 9700.849
39 54 2691.567
39 55 8895.155
39 56 6312.523
39 57 4156.298
39 58 5481.634
39 59 10334.121
39 60 4159.117
39 61 6395.570
39 62 2986.484
39 63 2369.787
39 64 6136.239
39 65 5178.931
39 66 5092.378
39 67 5258.814
39 68 9014.625
39 69 9172.883
39 70 4420.443
39 71 9774.478
39 72 7846.418
39 73 4651.820
39 74 2970.593
39 75 6577.280
39 76 5695.455
39 77 10637.198
39 78 7965.005
39 79 2257.816
39 80 10319.284
39 81 5743.798
39 82 3388.028
39 83 6179.356
39 84 10563.484
39 85 9220.022
39 86 2205.221
39 87 9605.477
39 88 2518.602
39 89 6101.535
39 90 2542.056
39 91 10145.687
39 92 6609.373
39 93 4440.124
39 94 3083.625
39 95 10453.198
39 96 1818.476
39 97 7854.823
39 98 2905.437
39 99 8861.407
39 100 2840.340
40 0 9321.146
40 1 4405.720
40 2 10088.705
40 3 11997.882
40 4 8427.947
40 5 7671.808
40 6 9433.069
40 7 9959.224
40 8 14250.829
40 9 14011.015
40 10 3360.353
40 11 10676.046
40 12 9421.595
40 13 4238.909
40 14 4720.231
40 15 3763.422
40 16 1842.387
40 17 12277.657
40 18 8058.786
40 19 10111.014
40 20 4126.147
40 21 519.403
40 22 2245.157
40 23 12561.849
40 24 13431.833
40 25 9061.425
40 26 11077.296
40 27 15404.070
40 28 10583.270
40 29 5469.067
40 30 12172.184
40 31 8133.344
40 32 4770.904
40 33 7042.611
40 34 9516.748
40 35 5718.813
40 36 7087.863
40 37 9084.485
40 38 10078.050
40 39 4869.664
40 40 0.000
40 41 10629.579
40 42 12083.139
40 43 14124.736
40 44 3131.502
40 45 12711.833
40 46 11453.333
40 47 4249.849
40 48 13145.987
40 49 3698.208
40 50 5197.043
40 51 9277.264
40 52 7641.023
40 53 13857.595
40 54 7327.196
40 55 11684.788
40 56 11182.179
40 57 8556.394
40 58 8454.097
40 59 13504.422
40 60 8979.431
40 61 11101.486
40 62 7833.006
40 63 3072.888
40 64 10657.145
40 65 8927.112
40 66 8773.375
40 67 9833.738
40 68 13197.034
40 69 12615.045
40 70 8240.648
40 71 13192.441
40 72 11484.954
40 73 9459.911
40 74 5226.544
40 75 10448.255
40 76 10384.004
40 77 14630.762
40 78 10633.840
40 79 6120.994
40 80 14056.869
40 81 10242.568
40 82 7743.210
40 83 10187.795
40 84 13386.885
40 85 13618.234
40 86 6222.102
40 87 13664.678
40 88 4530.158
40 89 9327.205
40 90 2370.236
40 91 13706.691
40 92 10792.564
40 93 8607.095
40 94 2883.607
40 95 14797.183
40 96 6680.805
40 97 12186.726
40 98 4728.783
40 99 12798.699
40 100 7132.567
41 0 3338.581
41 1 7005.170
41 2 5381.931
41 3 8466.626
41 4 2274.458
41 5 7745.570
41 6 7459.694
41 7 3424.445
41 8 11096.428
41 9 8693.770
41 10 7483.823
41 11 4347.435
41 12 1388.187
41 13 6400.534
41 14 5957.635
41 15 8960.047
41 16 8935.593
41 17 3038.530
41 18 4222.406
41 19 1762.411
41 20 6617.288
41 21 10913.151
41 22 8385.059
41 23 2830.856
41 24 4317.007
41 25 4743.331
41 26 2392.832
41 27 9708.265
41 28 3779.361
41 29 5160.730
41 30 2845.843
41 31 2536.649
41 32 6456.501
41 33 6035.562
41 34 3951.726
41 35 5479.157
41 36 4968.232
41 37 1796.150
41 38 4374.443
41 39 5997.517
41 40 10629.579
41 41 0.000
41 42 2295.849
41 43 7911.772
41 44 10123.183
41 45 5388.349
41 46 7286.587
41 47 9705.615
41 48 10104.681
41 49 7336.481
41 50 5481.198
41 51 5038.741
41 52 4759.237
41 53 4149.466
41 54 3330.345
41 55 6084.721
41 56 2606.530
41 57 5419.260
41 58 4554.938
41 59 6405.599
41 60 2119.145
41 61 4645.643
41 62 3209.256
41 63 7618.241
41 64 5440.218
41 65 7123.861
41 66 3216.204
41 67 818.398
41 68 8167.041
41 69 9965.802
41 70 6751.103
41 71 5542.954
41 72 3826.124
41 73 3626.743
41 74 8061.975
41 75 7489.187
41 76 4525.995
41 77 9856.868
41 78 5783.661
41 79 6443.726
41 80 10210.996
41 81 697.975
41 82 5531.568
41 83 6988.045
41 84 12044.509
41 85 3353.421
41 86 4461.238
41 87 8919.366
41 88 8025.757
41 89 8415.228
41 90 8462.608
41 91 5570.480
41 92 1874.427
41 93 2422.802
41 94 8063.549
41 95 8722.160
41 96 4306.340
41 97 2227.841
41 98 6484.431
41 99 3851.743
41 100 3535.139
42 0 3202.281
42 1 8016.000
42 2 4486.719
42 3 7127.318
42 4 3782.949
42 5 7627.774
42 6 6806.500
42 7 5678.663
42 8 9536.792
42 9 6862.085
42 10 8769.420
42 11 6517.841
42 12 2824.360
42 13 7986.243
42 14 7626.342
42 15 9798.987
42 16 10289.115
42 17 838.250
42 18 6482.517
42 19 4032.913
42 20 7959.421
42 21 12294.821
42 22 9863.348
42 23 551.997
42 24 5633.000
42 25 7037.489
42 26 4417.921
42 27 7716.710
42 28 2722.362
42 29 6726.425
42 30 4433.953
42 31 4442.476
42 32 7510.721
42 33 6294.984
42 34 6234.400
42 35 6494.827
42 36 5491.727
42 37 3978.436
42 38 6615.605
42 39 7236.903
42 40 12083.139
42 41 2295.849
42 42 0.000
42 43 5945.161
42 44 11033.276
42 45 7208.294
42 46 5985.921
42 47 10393.762
42 48 8668.282
42 49 9118.843
42 50 6901.881
42 51 4524.449
42 52 5078.920
42 53 5106.828
42 54 4863.518
42 55 8173.797
42 56 1271.549
42 57 5172.296
42 58 6844.071
42 59 8154.186
42 60 3111.239
42 61 3287.735
42 62 4252.904
42 63 9225.089
42 64 4305.057
42 65 6629.513
42 66 5498.837
42 67 2952.230
42 68 6466.257
42 69 8641.272
42 70 6496.646
42 71 7246.130
42 72 5815.433
42 73 3296.960
42 74 8616.630
42 75 6519.283
42 76 3524.823
42 77 8044.742
42 78 7990.436
42 79 6965.140
42 80 8575.102
42 81 2993.794
42 82 5607.586
42 83 6076.690
42 84 10804.227
42 85 3935.815
42 86 6223.315
42 87 7201.465
42 88 8776.247
42 89 7825.465
42 90 9778.958
42 91 7103.859
42 92 3983.497
42 93 4600.200
42 94 9769.489
42 95 6719.952
42 96 5418.995
42 97 3593.155
42 98 8382.061
42 99 5362.835
42 100 5341.343
43 0 5759.824
43 1 9760.100
43 2 4109.172
43 3 3069.174
43 4 8049.843
43 5 6871.687
43 6 5063.971
43 7 11280.770
43 8 4139.661
43 9 1144.695
43 10 10945.547
43 11 12255.371
43 12 7563.826
43 13 11021.428
43 14 10924.281
43 15 10680.286
43 16 12332.915
43 17 5109.568
43 18 11503.280
43 19 9634.065
43 20 10454.850
43 21 14118.447
43 22 12289.592
43 23 5624.032
43 24 11547.160
43 25 12400.714
43 26 10259.704
43 27 1796.738
43 28 4514.353
43 29 10015.552
43 30 10377.346
43 31 8991.534
43 32 9502.515
43 33 7084.671
43 34 11722.910
43 35 8758.879
43 36 7271.904
43 37 9090.427
43 38 12234.303
43 39 9707.058
43 40 14124.736
43 41 7911.772
43 42 5945.161
43 43 0.000
43 44 11838.079
43 45 13142.072
43 46 2862.374
43 47 10772.292
43 48 3742.366
43 49 12427.046
43 50 9846.392
43 51 4965.134
43 52 6729.700
43 53 10937.379
43 54 8691.436
43 55 13993.965
43 56 5309.656
43 57 5602.802
43 58 12023.919
43 59 14098.119
43 60 7203.625
43 61 3618.609
43 62 7639.613
43 63 12076.841
43 64 3574.768
43 65 5424.209
43 66 10717.968
43 67 8242.302
43 68 1424.455
43 69 4055.325
43 70 5983.014
43 71 13190.996
43 72 11688.752
43 73 5445.526
43 74 9129.765
43 75 4043.178
43 76 4179.828
43 77 2232.005
43 78 13666.318
43 79 8004.170
43 80 3109.236
43 81 8539.156
43 82 6413.855
43 83 4100.798
43 84 6044.191
43 85 9709.295
43 86 10036.742
43 87 1769.797
43 88 9705.232
43 89 5728.941
43 90 11821.899
43 91 13039.510
43 92 9770.898
43 93 9589.685
43 94 12786.068
43 95 825.926
43 96 8313.747
43 97 9538.265
43 98 12094.116
43 99 11305.496
43 100 9467.466
44 0 7923.013
44 1 3118.691
44 2 8051.614
44 3 9376.204
44 4 7856.685
44 5 5030.510
44 6 6867.453
44 7 10492.829
44 8 11402.484
44 9 11545.440
44 10 3010.014
44 11 11424.392
44 12 8761.830
44 13 4584.963
44 14 5110.900
44 15 1250.882
44 16 2440.736
44 17 11018.491
44 18 8801.408
44 19 10135.843
44 20 3815.407
44 21 2823.428
44 22 3205.304
44 23 11429.033
44 24 13686.737
44 25 10020.032
44 26 11227.905
44 27 12914.690
44 28 8985.455
44 29 5390.887
44 30 12263.673
44 31 7923.606
44 32 3669.893
44 33 5044.201
44 34 10222.228
44 35 4648.748
44 36 5564.641
44 37 8949.394
44 38 10883.326
44 39 4214.556
44 40 3131.502
44 41 10123.183
44 42 11033.276
44 43 11838.079
44 44 0.000
44 45 13453.161
44 46 9025.850
44 47 1188.110
44 48 10345.049
44 49 5023.500
44 50 4888.264
44 51 7350.892
44 52 6040.787
44 53 13914.680
44 54 6882.950
44 55 12780.070
44 56 9928.915
44 57 6562.423
44 58 9347.007
44 59 14376.344
44 60 8134.013
44 61 9285.858
44 62 6955.873
44 63 4067.930
44 64 8617.652
44 65 6433.813
44 66 9204.909
44 67 9424.023
44 68 10745.404
44 69 9791.481
44 70 5859.490
44 71 13883.473
44 72 11991.622
44 73 7952.684
44 74 2726.283
44 75 7915.696
44 76 8579.402
44 77 12017.468
44 78 11780.064
44 79 4184.485
44 80 11322.663
44 81 9928.267
44 82 5811.369
44 83 7754.454
44 84 10365.440
44 85 13404.872
44 86 6310.306
44 87 11115.983
44 88 2301.191
44 89 6556.156
44 90 2468.960
44 91 14292.773
44 92 10823.672
44 93 8645.252
44 94 4458.512
44 95 12426.555
44 96 5818.505
44 97 12058.585
44 98 5855.012
44 99 13065.168
44 100 7042.776
45 0 8577.957
45 1 10574.602
45 2 10723.197
45 3 13849.710
45 4 6609.426
45 5 12577.679
45 6 12651.966
45 7 2986.461
45 8 16483.014
45 9 14006.349
45 10 10450.014
45 11 2048.939
45 12 6329.247
45 13 8910.443
45 14 8373.023
45 15 12538.462
45 16 11503.540
45 17 8046.508
45 18 4702.109
45 19 3994.337
45 20 9642.402
45 21 13148.620
45 22 10737.019
45 23 7592.524
45 24 2149.592
45 25 3663.948
45 26 3014.098
45 27 14922.122
45 28 9167.287
45 29 8095.011
45 30 2786.651
45 31 5991.179
45 32 10054.467
45 33 10694.625
45 34 3245.072
45 35 9343.604
45 36 9533.341
45 37 5118.277
45 38 2635.521
45 39 9369.157
45 40 12711.833
45 41 5388.349
45 42 7208.294
45 43 13142.072
45 44 13453.161
45 45 0.000
45 46 12670.147
45 47 13446.659
45 48 15491.803
45 49 9018.908
45 50 8633.017
45 51 10278.267
45 52 9539.802
45 53 3077.481
45 54 7072.239
45 55 1722.646
45 56 7932.518
45 57 10507.984
45 58 4258.119
45 59 1041.518
45 60 7047.111
45 61 10029.978
45 62 7680.704
45 63 9775.808
45 64 10819.496
45 65 12246.977
45 66 4276.810
45 67 5405.882
45 68 13523.666
45 69 15342.399
45 70 11748.872
45 71 508.309
45 72 1653.015
45 73 8901.793
45 74 12160.666
45 75 12805.777
45 76 9902.505
45 77 15182.165
45 78 2502.972
45 79 10781.645
45 80 15587.778
45 81 4920.481
45 82 10400.383
45 83 12296.274
45 84 17395.686
45 85 4090.783
45 86 7175.490
45 87 14274.354
45 88 11854.948
45 89 13541.647
45 90 11190.901
45 91 1150.328
45 92 3556.188
45 93 5105.544
45 94 9829.240
45 95 13925.691
45 96 8336.147
45 97 3644.224
45 98 7992.206
45 99 2003.936
45 100 6594.750
46 0 4258.828
46 1 7181.089
46 2 2074.755
46 3 1180.063
46 4 6616.104
46 5 4022.936
46 6 2202.608
46 7 10315.639
46 8 3888.886
46 9 2557.683
46 10 8408.169
46 11 11392.314
46 12 6468.760
46 13 8731.602
46 14 8731.962
46 15 7899.772
46 16 9708.503
46 17 5293.626
46 18 10073.493
46 19 8792.465
46 20 8033.141
46 21 11407.305
46 22 9756.888
46 23 5915.016
46 24 11453.492
46 25 11157.409
46 26 9659.521
46 27 3951.232
46 28 3512.340
46 29 7892.958
46 30 10075.194
46 31 7543.242
46 32 7004.893
46 33 4500.953
46 34 10623.743
46 35 6409.298
46 36 4969.778
46 37 7945.201
46 38 11232.636
46 39 7332.528
46 40 11453.333
46 41 7286.587
46 42 5985.921
46 43 2862.374
46 44 9025.850
46 45 12670.147
46 46 0.000
46 47 7936.477
46 48 2829.194
46 49 10150.203
46 50 7615.195
46 51 2823.416
46 52 4491.782
46 53 11040.194
46 54 6945.352
46 55 13189.380
46 56 4884.578
46 57 3199.457
46 58 10665.645
46 59 13691.661
46 60 5880.728
46 61 2720.526
46 62 5891.605
46 63 9670.876
46 64 1853.758
46 65 2592.067
46 66 9478.549
46 67 7331.514
46 68 1743.819
46 69 2688.631
46 70 3218.337
46 71 12827.824
46 72 11074.473
46 73 3909.308
46 74 6344.698
46 75 1187.157
46 76 2771.367
46 77 3305.913
46 78 12666.134
46 79 5384.993
46 80 3152.495
46 81 7768.601
46 82 3944.514
46 83 1275.676
46 84 4825.228
46 85 9909.128
46 86 8120.654
46 87 2273.605
46 88 6962.093
46 89 2911.951
46 90 9214.870
46 91 12820.574
46 92 9122.408
46 93 8309.666
46 94 10398.677
46 95 3400.946
46 96 6243.266
46 97 9324.256
46 98 9982.439
46 99 11073.102
46 100 7751.576
47 0 7219.081
47 1 2875.796
47 2 7101.820
47 3 8233.999
47 4 7482.206
47 5 3917.539
47 6 5755.272
47 7 10461.752
47 8 10218.494
47 9 10433.030
47 10 3246.924
47 11 11454.633
47 12 8321.481
47 13 4805.725
47 14 5289.653
47 15 954.649
47 16 3216.573
47 17 10302.578
47 18 8897.041
47 19 9920.226
47 20 3891.156
47 21 3982.716
47 22 3866.779
47 23 10752.984
47 24 13492.406
47 25 10161.481
47 26 11035.343
47 27 11792.269
47 28 8179.874
47 29 5361.737
47 30 12029.472
47 31 7688.301
47 32 3410.987
47 33 4201.843
47 34 10262.868
47 35 4270.745
47 36 4906.750
47 37 8706.084
47 38 10946.428
47 39 4077.799
47 40 4249.849
47 41 9705.615
47 42 10393.762
47 43 10772.292
47 44 1188.110
47 45 13446.659
47 46 7936.477
47 47 0.000
47 48 9167.191
47 49 5537.212
47 50 4815.644
47 51 6456.368
47 52 5323.840
47 53 13642.989
47 54 6603.304
47 55 12919.248
47 56 9233.508
47 57 5662.011
47 58 9482.032
47 59 14407.613
47 60 7641.236
47 61 8395.605
47 62 6497.482
47 63 4584.905
47 64 7658.119
47 65 5349.602
47 66 9170.011
47 67 9061.050
47 68 9639.772
47 69 8611.308
47 70 4825.529
47 71 13851.831
47 72 11919.293
47 73 7205.242
47 74 1809.446
47 75 6804.255
47 76 7704.983
47 77 10869.705
47 78 11955.355
47 79 3432.155
47 80 10153.544
47 81 9588.594
47 82 4962.425
47 83 6674.005
47 84 9184.101
47 85 13039.067
47 86 6275.279
47 87 9984.824
47 88 1681.058
47 89 5392.105
47 90 3061.884
47 91 14215.816
47 92 10594.369
47 93 8478.667
47 94 5105.688
47 95 11335.318
47 96 5431.360
47 97 11745.216
47 98 6234.735
47 99 12884.135
47 100 6895.053
48 0 7069.212
48 1 9199.261
48 2 4868.774
48 3 1661.590
48 4 9401.693
48 5 5487.781
48 6 3878.002
48 7 13137.709
48 8 1164.256
48 9 2650.554
48 10 10440.650
48 11 14218.367
48 12 9294.509
48 13 11048.709
48 14 11134.137
48 15 9404.534
48 16 11548.063
48 17 7915.350
48 18 12823.596
48 19 11621.550
48 20 10233.490
48 21 13003.793
48 22 11752.672
48 23 8521.674
48 24 14223.851
48 25 13941.163
48 26 12483.703
48 27 3415.347
48 28 6325.465
48 29 10370.091
48 30 12872.250
48 31 10314.436
48 32 9151.718
48 33 6686.948
48 34 13432.064
48 35 8752.327
48 36 7429.955
48 37 10760.445
48 38 14049.455
48 39 9611.468
48 40 13145.987
48 41 10104.681
48 42 8668.282
48 43 3742.366
48 44 10345.049
48 45 15491.803
48 46 2829.194
48 47 9167.191
48 48 0.000
48 49 12444.153
48 50 10017.898
48 51 5530.139
48 52 7029.022
48 53 13767.145
48 54 9640.768
48 55 16016.068
48 56 7646.530
48 57 5713.875
48 58 13428.530
48 59 16510.015
48 60 8691.628
48 61 5488.666
48 62 8610.443
48 63 11839.439
48 64 4682.537
48 65 4439.247
48 66 12272.584
48 67 10160.651
48 68 2455.650
48 69 574.539
48 70 5197.972
48 71 15640.709
48 72 13901.455
48 73 6721.514
48 74 7922.721
48 75 3082.036
48 76 5599.708
48 77 2173.281
48 78 15479.470
48 79 7442.261
48 80 1095.729
48 81 10596.354
48 82 6324.724
48 83 3552.350
48 84 2317.086
48 85 12603.447
48 86 10716.668
48 87 1981.045
48 88 8639.544
48 89 3819.757
48 90 11103.114
48 91 15616.217
48 92 11947.975
48 93 11105.165
48 94 12570.801
48 95 3634.732
48 96 8805.938
48 97 12103.969
48 98 12418.483
48 99 13864.620
48 100 10442.411
49 0 6901.979
49 1 3439.204
49 2 8342.294
49 3 10993.992
49 4 5335.995
49 5 7212.597
49 6 8570.247
49 7 6270.895
49 8 13607.095
49 9 12602.712
49 10 2390.741
49 11 6979.623
49 12 6310.512
49 13 1419.105
49 14 1547.202
49 15 4606.786
49 16 2672.312
49 17 9485.388
49 18 4362.221
49 19 6555.835
49 20 2240.305
49 21 4129.866
49 22 1862.186
49 23 9644.153
49 24 9764.498
49 25 5380.449
49 26 7457.571
49 27 13970.385
49 28 8251.717
49 29 2491.045
49 30 8554.917
49 31 4802.173
49 32 3329.479
49 33 5758.978
49 34 5818.670
49 35 3741.277
49 36 5197.634
49 37 5645.170
49 38 6383.746
49 39 2836.978
49 40 3698.208
49 41 7336.481
49 42 9118.843
49 43 12427.046
49 44 5023.500
49 45 9018.908
49 46 10150.203
49 47 5537.212
49 48 12444.153
49 49 0.000
49 50 2580.770
49 51 7483.617
49 52 5716.435
49 53 10232.355
49 54 4267.157
49 55 8054.166
49 56 8450.122
49 57 6957.138
49 58 4761.017
49 59 9829.928
49 60 6061.154
49 61 8976.424
49 62 5089.464
49 63 960.106
49 64 8855.540
49 65 8007.253
49 66 5115.790
49 67 6518.657
49 68 11811.059
49 69 11998.562
49 70 7248.108
49 71 9496.904
49 72 7792.689
49 73 7142.949
49 74 5235.968
49 75 9414.229
49 76 8310.991
49 77 13456.082
49 78 7012.312
49 79 5034.884
49 80 13155.753
49 81 6849.853
49 82 6210.887
49 83 9013.247
49 84 13317.595
49 85 10088.373
49 86 2904.808
49 87 12419.790
49 88 4550.853
49 89 8873.328
49 90 2555.407
49 91 10008.487
49 92 7218.375
49 93 5100.768
49 94 817.676
49 95 13195.384
49 96 4153.527
49 97 8646.553
49 98 1030.733
49 99 9133.078
49 100 3818.322
50 0 4378.542
50 1 1956.432
50 2 5766.647
50 3 8510.259
50 4 3240.552
50 5 5075.328
50 6 6182.958
50 7 5650.455
50 8 11181.712
50 9 10037.775
50 10 2018.612
50 11 6639.992
50 12 4229.670
50 13 1191.401
50 14 1120.143
50 15 3906.768
50 16 3456.857
50 17 7151.512
50 18 4119.606
50 19 5263.026
50 20 1143.686
50 21 5447.151
50 22 2963.560
50 23 7393.948
50 24 8800.676
50 25 5406.798
50 26 6344.081
50 27 11399.305
50 28 5719.460
50 29 560.085
50 30 7391.486
50 31 3086.849
50 32 1478.445
50 33 3370.779
50 34 5451.396
50 35 1280.322
50 36 2645.560
50 37 4103.067
50 38 6139.722
50 39 752.340
50 40 5197.043
50 41 5481.198
50 42 6901.881
50 43 9846.392
50 44 4888.264
50 45 8633.017
50 46 7615.195
50 47 4815.644
50 48 10017.898
50 49 2580.770
50 50 0.000
50 51 4909.137
50 52 3146.695
50 53 9056.377
50 54 2151.751
50 55 8142.945
50 56 6074.251
50 57 4415.758
50 58 4730.122
50 59 9592.089
50 60 3791.336
50 61 6411.893
50 62 2678.640
50 63 2376.353
50 64 6275.733
50 65 5622.284
50 66 4357.914
50 67 4711.134
50 68 9251.889
50 69 9604.393
50 70 4873.154
50 71 9043.854
50 72 7125.159
50 73 4596.860
50 74 3710.916
50 75 6950.477
50 76 5737.677
50 77 10916.918
50 78 7213.362
50 79 2839.697
50 80 10670.733
50 81 5168.500
50 82 3707.545
50 83 6521.834
50 84 11089.000
50 85 8629.679
50 86 1459.749
50 87 9876.029
50 88 3270.853
50 89 6629.682
50 90 2981.947
50 91 9426.414
50 92 5954.300
50 93 3760.752
50 94 3017.015
50 95 10616.267
50 96 1610.081
50 97 7240.996
50 98 2401.023
50 99 8177.767
50 100 2159.773
51 0 1709.008
51 1 4873.150
51 2 859.305
51 3 3888.364
51 4 3896.578
51 5 3140.447
51 6 2422.950
51 7 7707.748
51 8 6652.079
51 9 5135.567
51 10 6015.901
51 11 8811.970
51 12 3950.105
51 13 6070.364
51 14 6008.240
51 15 6114.608
51 16 7452.861
51 17 4153.006
51 18 7293.464
51 19 6299.657
51 20 5491.751
51 21 9324.593
51 22 7349.675
51 23 4713.995
51 24 9352.802
51 25 8421.566
51 26 7281.278
51 27 6490.577
51 28 1872.858
51 29 5130.969
51 30 7882.645
51 31 4791.712
51 32 4565.790
51 33 2315.093
51 34 7949.028
51 35 3793.767
51 36 2306.829
51 37 5315.574
51 38 8589.835
51 39 4741.929
51 40 9277.264
51 41 5038.741
51 42 4524.449
51 43 4965.134
51 44 7350.892
51 45 10278.267
51 46 2823.416
51 47 6456.368
51 48 5530.139
51 49 7483.617
51 50 4909.137
51 51 0.000
51 52 1768.928
51 53 9107.553
51 54 4128.235
51 55 10607.173
51 56 3252.902
51 57 794.358
51 58 7899.502
51 59 11317.292
51 60 3260.068
51 61 1940.020
51 62 3084.090
51 63 7111.708
51 64 1398.826
51 65 2136.977
51 66 6766.907
51 67 4873.175
51 68 4361.618
51 69 5249.959
51 70 1988.419
51 71 10499.406
51 72 8638.253
51 73 1413.413
51 74 4659.665
51 75 2566.670
51 76 1254.728
51 77 6065.001
51 78 10003.615
51 79 3220.566
51 80 5972.794
51 81 5376.414
51 82 1558.423
51 83 2053.471
51 84 7171.607
51 85 8118.863
51 86 5304.080
51 87 5019.453
51 88 5073.028
51 89 3400.223
51 90 6931.584
51 91 10586.593
51 92 6736.573
51 93 5605.792
51 94 7821.756
51 95 5716.924
51 96 3449.931
51 97 7238.343
51 98 7225.592
51 99 8887.158
51 100 4933.898
52 0 1895.859
52 1 3254.156
52 2 2628.232
52 3 5451.659
52 4 2930.478
52 5 3051.088
52 6 3379.074
52 7 6735.139
52 8 8182.579
52 9 6891.081
52 10 4320.180
52 11 7851.323
52 12 3417.941
52 13 4301.922
52 14 4253.983
52 15 4791.120
52 16 5801.135
52 17 4987.507
52 18 5965.781
52 19 5575.122
52 20 3741.945
52 21 7732.287
52 22 5632.793
52 23 5429.149
52 24 8968.899
52 25 7185.928
52 26 6663.596
52 27 8254.408
52 28 2984.597
52 29 3401.211
52 30 7459.771
52 31 3646.579
52 32 2876.046
52 33 1282.057
52 34 6849.907
52 35 2034.702
52 36 557.823
52 37 4422.567
52 38 7532.272
52 39 2982.848
52 40 7641.023
52 41 4759.237
52 42 5078.920
52 43 6729.700
52 44 6040.787
52 45 9539.802
52 46 4491.782
52 47 5323.840
52 48 7029.022
52 49 5716.435
52 50 3146.695
52 51 1768.928
52 52 0.000
52 53 8899.292
52 54 2734.985
52 55 9605.402
52 56 3910.648
52 57 1317.815
52 58 6599.595
52 59 10577.528
52 60 2655.174
52 61 3463.143
52 62 1871.266
52 63 5350.798
52 64 3155.788
52 65 2870.782
52 66 5628.166
52 67 4318.771
52 68 6106.310
52 69 6670.524
52 70 2250.583
52 71 9831.868
52 72 7889.043
52 73 1913.455
52 74 3537.981
52 75 3950.587
52 76 2748.542
52 77 7782.670
52 78 8883.301
52 79 1891.743
52 80 7595.347
52 81 4869.581
52 82 868.980
52 83 3479.120
52 84 8386.237
52 85 8086.188
52 86 3688.069
52 87 6739.256
52 88 3746.366
52 89 4107.714
52 90 5274.193
52 91 10023.897
52 92 6138.219
52 93 4535.798
52 94 6056.740
52 95 7485.642
52 96 1777.257
52 97 6965.859
52 98 5492.178
52 99 8429.380
52 100 3499.494
53 0 7441.642
53 1 10827.224
53 2 9327.610
53 3 12200.912
53 4 6188.234
53 5 11894.876
53 6 11525.702
53 7 4116.510
53 8 14643.251
53 9 11920.574
53 10 11055.740
53 11 3971.349
53 12 5487.169
53 13 9698.630
53 14 9179.228
53 15 12828.056
53 16 12362.128
53 17 5897.983
53 18 6007.497
53 19 3797.928
53 20 10184.840
53 21 14224.942
53 22 11686.705
53 23 5331.368
53 24 928.143
53 25 5522.632
53 26 2780.390
53 27 12653.204
53 28 7592.288
53 29 8606.357
53 30 1686.473
53 31 5991.083
53 32 10274.205
53 33 10168.844
53 34 4731.097
53 35 9372.350
53 36 9073.160
53 37 4965.294
53 38 4500.807
53 39 9700.849
53 40 13857.595
53 41 4149.466
53 42 5106.828
53 43 10937.379
53 44 13914.680
53 45 3077.481
53 46 11040.194
53 47 13642.989
53 48 13767.145
53 49 10232.355
53 50 9056.377
53 51 9107.553
53 52 8899.292
53 53 0.000
53 54 7048.705
53 55 4701.785
53 56 6158.969
53 57 9547.976
53 58 5860.940
53 59 3661.426
53 60 6245.610
53 61 8319.712
53 62 7240.987
53 63 10788.872
53 64 9269.569
53 65 11226.868
53 66 5123.700
53 67 4630.379
53 68 11565.084
53 69 13718.108
53 70 10889.475
53 71 2817.510
53 72 2840.714
53 73 7699.800
53 74 12090.655
53 75 11435.532
53 76 8398.913
53 77 13101.256
53 78 5181.109
53 79 10515.824
53 80 13676.857
53 81 4083.467
53 82 9680.785
53 83 10954.781
53 84 15864.882
53 85 1241.951
53 86 7730.643
53 87 12293.854
53 88 11967.988
53 89 12506.453
53 90 11952.824
53 91 2370.535
53 92 3105.136
53 93 5315.098
53 94 11040.900
53 95 11664.955
53 96 8219.428
53 97 1935.152
53 98 9227.297
53 99 1314.543
53 100 6900.676
54 0 2932.961
54 1 3780.203
54 2 4892.902
54 3 8012.120
54 4 1104.471
54 5 5616.360
54 6 6108.614
54 7 4142.288
54 8 10773.933
54 9 9103.504
54 10 4155.358
54 11 5240.367
54 12 2100.694
54 13 3139.848
54 14 2762.834
54 15 5779.396
54 16 5608.171
54 17 5221.000
54 18 3232.838
54 19 3324.155
54 20 3287.121
54 21 7593.594
54 22 5083.278
54 23 5382.029
54 24 6894.902
54 25 4454.238
54 26 4445.895
54 27 10384.351
54 28 4238.726
54 29 1877.576
54 30 5426.173
54 31 1101.713
54 32 3226.622
54 33 3703.363
54 34 4168.720
54 35 2343.912
54 36 2558.606
54 37 2104.462
54 38 4864.385
54 39 2691.567
54 40 7327.196
54 41 3330.345
54 42 4863.518
54 43 8691.436
54 44 6882.950
54 45 7072.239
54 46 6945.352
54 47 6603.304
54 48 9640.768
54 49 4267.157
54 50 2151.751
54 51 4128.235
54 52 2734.985
54 53 7048.705
54 54 0.000
54 55 6945.724
54 56 4203.384
54 57 3977.716
54 58 3864.906
54 59 8089.058
54 60 1797.797
54 61 5083.857
54 62 1066.028
54 63 4377.896
54 64 5280.715
54 65 5605.734
54 66 2946.887
54 67 2571.110
54 68 8380.603
54 69 9324.737
54 70 4968.636
54 71 7422.393
54 72 5458.407
54 73 3247.542
54 74 5138.754
54 75 6599.752
54 76 4524.249
54 77 10120.407
54 78 6174.942
54 79 3709.492
54 80 10097.658
54 81 3052.518
54 82 3585.934
54 83 6103.191
54 84 11108.900
54 85 6529.611
54 86 1426.675
54 87 9080.751
54 88 4937.659
54 89 6833.206
54 90 5132.369
54 91 7712.426
54 92 3992.224
54 93 1967.128
54 94 4906.083
54 95 9503.941
54 96 1264.123
54 97 5176.109
54 98 3615.215
54 99 6293.588
54 100 806.237
55 0 8963.446
55 1 10096.463
55 2 11161.762
55 3 14356.013
55 4 6748.063
55 5 12561.421
55 6 12883.796
55 7 2900.540
55 8 17063.518
55 9 14771.502
55 10 9777.489
55 11 1798.706
55 12 6721.657
55 13 8195.509
55 14 7674.236
55 15 11980.803
55 16 10658.505
55 17 8997.494
55 18 4025.797
55 19 4414.278
55 20 9036.295
55 21 12150.329
55 22 9862.857
55 23 8622.263
55 24 3783.595
55 25 2762.699
55 26 3757.129
55 27 15789.731
55 28 9762.482
55 29 7584.562
55 30 3991.904
55 31 5958.852
55 32 9614.636
55 33 10648.895
55 34 2779.515
55 35 9043.032
55 36 9498.787
55 37 5291.900
55 38 2081.340
55 39 8895.155
55 40 11684.788
55 41 6084.721
55 42 8173.797
55 43 13993.965
55 44 12780.070
55 45 1722.646
55 46 13189.380
55 47 12919.248
55 48 16016.068
55 49 8054.166
55 50 8142.945
55 51 10607.173
55 52 9605.402
55 53 4701.785
55 54 6945.724
55 55 0.000
55 56 8691.172
55 57 10711.327
55 58 3440.312
55 59 1979.060
55 60 7353.441
55 61 10667.073
55 62 7741.152
55 63 8897.066
55 64 11341.466
55 65 12429.308
55 66 3998.847
55 67 5870.355
55 68 14219.426
55 69 15809.137
55 70 11854.952
55 71 2174.730
55 72 2381.978
55 73 9306.433
55 74 11812.906
55 75 13172.696
55 76 10429.598
55 77 15927.775
55 78 1053.477
55 79 10587.223
55 80 16223.255
55 81 5486.512
55 82 10473.901
55 83 12659.151
55 84 17778.772
55 85 5579.048
55 86 6702.346
55 87 14971.104
55 88 11413.757
55 89 13700.997
55 90 10407.800
55 91 2835.914
55 92 4224.857
55 93 5072.484
55 94 8836.908
55 95 14800.948
55 96 8172.210
55 97 4817.942
55 98 7060.348
55 99 3482.755
55 100 6319.790
56 0 2014.789
56 1 6981.807
56 2 3246.916
56 3 6052.023
56 4 3229.080
56 5 6361.463
56 6 5551.548
56 7 5979.779
56 8 8583.450
56 9 6092.498
56 10 7831.855
56 11 6945.825
56 12 2447.402
56 13 7217.293
56 14 6916.541
56 15 8684.263
56 16 9359.655
56 17 1102.049
56 18 6406.355
56 19 4326.643
56 20 7063.992
56 21 11357.737
56 22 9000.307
56 23 1525.386
56 24 6578.014
56 25 7170.753
56 26 4980.570
56 27 7106.376
56 28 1475.477
56 29 5983.631
56 30 5241.167
56 31 4063.872
56 32 6503.046
56 33 5085.690
56 34 6448.310
56 35 5499.553
56 36 4364.375
56 37 3897.865
56 38 6934.101
56 39 6312.523
56 40 11182.179
56 41 2606.530
56 42 1271.549
56 43 5309.656
56 44 9928.915
56 45 7932.518
56 46 4884.578
56 47 9233.508
56 48 7646.530
56 49 8450.122
56 50 6074.251
56 51 3252.902
56 52 3910.648
56 53 6158.969
56 54 4203.384
56 55 8691.172
56 56 0.000
56 57 3908.499
56 58 6862.521
56 59 8926.344
56 60 2411.495
56 61 2165.640
56 62 3398.147
56 63 8442.695
56 64 3120.171
56 65 5361.417
56 66 5521.321
56 67 2968.301
56 68 5591.205
56 69 7568.725
56 70 5226.893
56 71 8037.960
56 72 6415.762
56 73 2059.532
56 74 7439.965
56 75 5316.702
56 76 2288.519
56 77 7260.661
56 78 8361.205
56 79 5802.049
56 80 7664.422
56 81 3230.841
56 82 4376.866
56 83 4857.336
56 84 9707.282
56 85 5052.809
56 86 5623.836
56 87 6341.848
56 88 7647.315
56 89 6567.966
56 90 8839.355
56 91 7978.501
56 92 4476.090
56 93 4463.221
56 94 9038.547
56 95 6123.931
56 96 4508.810
56 97 4458.427
56 98 7814.529
56 99 6224.780
56 100 4819.527
57 0 2116.499
57 1 4165.407
57 2 1534.215
57 3 4134.478
57 4 3964.206
57 5 2456.853
57 6 2172.745
57 7 7815.808
57 8 6865.816
57 9 5658.069
57 10 5342.754
57 11 8931.062
57 12 4208.921
57 13 5538.033
57 14 5532.956
57 15 5329.627
57 16 6744.942
57 17 4867.425
57 18 7204.770
57 19 6513.692
57 20 4880.769
57 21 8585.585
57 22 6687.525
57 23 5405.753
57 24 9727.951
57 25 8391.873
57 26 7549.592
57 27 7038.739
57 28 2610.109
57 29 4705.010
57 30 8234.997
57 31 4787.698
57 32 3901.413
57 33 1541.376
57 34 7993.326
57 35 3220.888
57 36 1770.553
57 37 5442.393
57 38 8658.684
57 39 4156.298
57 40 8556.394
57 41 5419.260
57 42 5172.296
57 43 5602.802
57 44 6562.423
57 45 10507.984
57 46 3199.457
57 47 5662.011
57 48 5713.875
57 49 6957.138
57 50 4415.758
57 51 794.358
57 52 1317.815
57 53 9547.976
57 54 3977.716
57 55 10711.327
57 56 3908.499
57 57 0.000
57 58 7829.926
57 59 11549.501
57 60 3466.179
57 61 2734.053
57 62 3007.519
57 63 6515.622
57 64 2105.235
57 65 1739.024
57 66 6783.934
57 67 5142.104
57 68 4858.994
57 69 5365.092
57 70 1353.616
57 71 10761.422
57 72 8856.683
57 73 1909.124
57 74 3866.097
57 75 2640.008
57 76 2046.334
57 77 6502.674
57 78 10043.503
57 79 2459.578
57 80 6281.559
57 81 5672.398
57 82 814.227
57 83 2162.304
57 84 7139.101
57 85 8616.390
57 86 5003.075
57 87 5463.795
57 88 4292.007
57 89 3035.082
57 90 6228.856
57 91 10893.901
57 92 7008.951
57 93 5649.706
57 94 7237.027
57 95 6321.678
57 96 3094.596
57 97 7644.466
57 98 6788.574
57 99 9230.932
57 100 4765.643
58 0 6438.731
58 1 6674.732
58 2 8590.892
58 3 11779.253
58 4 4059.551
58 5 9394.263
58 6 9972.611
58 7 1750.742
58 8 14540.759
58 9 12612.084
58 10 6340.731
58 11 2226.147
58 12 4467.658
58 13 4762.478
58 14 4237.224
58 15 8541.687
58 16 7281.953
58 17 7540.558
58 18 642.924
58 19 2934.346
58 20 5596.450
58 21 8890.868
58 22 6501.720
58 23 7384.361
58 24 5226.484
58 25 679.554
58 26 3306.053
58 27 13794.554
58 28 7530.806
58 29 4170.046
58 30 4306.997
58 31 3122.894
58 32 6207.917
58 33 7492.141
58 34 1140.190
58 35 5714.949
58 36 6386.435
58 37 2964.952
58 38 1624.180
58 39 5481.634
58 40 8454.097
58 41 4554.938
58 42 6844.071
58 43 12023.919
58 44 9347.007
58 45 4258.119
58 46 10665.645
58 47 9482.032
58 48 13428.530
58 49 4761.017
58 50 4730.122
58 51 7899.502
58 52 6599.595
58 53 5860.940
58 54 3864.906
58 55 3440.312
58 56 6862.521
58 57 7829.926
58 58 0.000
58 59 5087.019
58 60 4857.118
58 61 8450.283
58 62 4834.940
58 63 5536.361
58 64 8893.451
58 65 9470.356
58 66 1350.604
58 67 3932.557
58 68 11953.149
58 69 13142.386
58 70 8823.945
58 71 4738.966
58 72 3147.568
58 73 6787.054
58 74 8428.600
58 75 10427.848
58 76 8037.516
58 77 13701.933
58 78 2483.431
58 79 7306.204
58 80 13803.813
58 81 3859.805
58 82 7445.546
58 83 9923.377
58 84 14968.069
58 85 6072.428
58 86 3319.488
58 87 12684.643
58 88 7997.015
58 89 10689.450
58 90 7001.260
58 91 5268.700
58 92 3343.202
58 93 2434.235
58 94 5571.184
58 95 12849.842
58 96 4980.164
58 97 4717.923
58 98 3735.603
58 99 4621.459
58 100 3119.092
59 0 9615.635
59 1 11541.666
59 2 11755.068
59 3 14871.601
59 4 7647.555
59 5 13612.755
59 6 13693.052
59 7 3971.891
59 8 17492.298
59 9 14982.798
59 10 11367.507
59 11 2955.655
59 12 7369.094
59 13 9810.657
59 14 9276.088
59 15 13490.842
59 16 12367.681
59 17 8991.593
59 18 5584.087
59 19 5035.850
59 20 10576.102
59 21 13954.741
59 22 11588.731
59 23 8514.529
59 24 2780.344
59 25 4449.811
59 26 4045.434
59 27 15870.287
59 28 10184.551
59 29 9047.374
59 30 3720.778
59 31 7014.811
59 32 11028.516
59 33 11726.175
59 34 4155.507
59 35 10341.835
59 36 10564.535
59 37 6155.150
59 38 3497.193
59 39 10334.121
59 40 13504.422
59 41 6405.599
59 42 8154.186
59 43 14098.119
59 44 14376.344
59 45 1041.518
59 46 13691.661
59 47 14407.613
59 48 16510.015
59 49 9829.928
59 50 9592.089
59 51 11317.292
59 52 10577.528
59 53 3661.426
59 54 8089.058
59 55 1979.060
59 56 8926.344
59 57 11549.501
59 58 5087.019
59 59 0.000
59 60 8088.414
59 61 11039.151
59 62 8716.184
59 63 10623.219
59 64 11842.993
59 65 13288.494
59 66 5250.671
59 67 6444.291
59 68 14515.885
59 69 16367.638
59 70 12789.230
59 71 913.778
59 72 2693.959
59 73 9938.058
59 74 13156.081
59 75 13841.307
59 76 10926.810
59 77 16161.331
59 78 2985.613
59 79 11797.968
59 80 16588.715
59 81 5954.114
59 82 11439.037
59 83 13332.359
59 84 18427.800
59 85 4802.851
59 86 8132.367
59 87 15265.269
59 88 12832.292
59 89 14583.131
59 90 12075.818
59 91 1312.190
59 92 4589.164
59 93 6124.878
59 94 10631.090
59 95 14873.505
59 96 9351.823
59 97 4564.623
59 98 8812.580
59 99 2828.208
59 100 7587.937
60 0 1622.729
60 1 5039.479
60 2 3823.307
60 3 7030.257
60 4 859.947
60 5 5679.804
60 6 5605.402
60 7 4458.106
60 8 9769.556
60 9 7755.909
60 10 5689.493
60 11 5556.101
60 12 764.633
60 13 4881.584
60 14 4542.425
60 15 6937.581
60 16 7199.065
60 17 3424.353
60 18 4309.558
60 19 3054.357
60 20 4862.297
60 21 9203.912
60 22 6754.039
60 23 3611.512
60 24 6324.476
60 25 5300.831
60 26 4084.627
60 27 8956.586
60 28 2690.229
60 29 3626.446
60 30 4817.698
60 31 1788.967
60 32 4507.280
60 33 3923.612
60 34 4743.034
60 35 3497.427
60 36 2849.646
60 37 2070.329
60 38 5358.938
60 39 4159.117
60 40 8979.431
60 41 2119.145
60 42 3111.239
60 43 7203.625
60 44 8134.013
60 45 7047.111
60 46 5880.728
60 47 7641.236
60 48 8691.628
60 49 6061.154
60 50 3791.336
60 51 3260.068
60 52 2655.174
60 53 6245.610
60 54 1797.797
60 55 7353.441
60 56 2411.495
60 57 3466.179
60 58 4857.118
60 59 8088.414
60 60 0.000
60 61 3601.750
60 62 1186.695
60 63 6119.029
60 64 4063.874
60 65 5204.328
60 66 3611.024
60 67 1686.198
60 68 7098.292
60 69 8462.600
60 70 4745.866
60 71 7295.282
60 72 5398.528
60 73 1971.595
60 74 5962.164
60 75 5821.524
60 76 3186.955
60 77 8846.245
60 78 6787.894
60 79 4331.576
60 80 8986.310
60 81 2229.597
60 82 3459.692
60 83 5308.026
60 84 10428.873
60 85 5468.907
60 86 3213.053
60 87 7833.150
60 88 5968.884
60 89 6501.170
60 90 6695.793
60 91 7435.693
60 92 3545.596
60 93 2445.263
60 94 6680.385
60 95 8028.163
60 96 2358.229
60 97 4311.359
60 98 5403.471
60 99 5799.213
60 100 2419.772
61 0 2151.993
61 1 6703.324
61 2 1421.593
61 3 3886.399
61 4 4438.747
61 5 4931.517
61 6 3701.139
61 7 7850.459
61 8 6453.393
61 9 4168.768
61 10 7781.626
61 11 8885.411
61 12 4032.146
61 13 7602.775
61 14 7443.044
61 15 8045.790
61 16 9263.096
61 17 2660.866
61 18 7911.009
61 19 6253.489
61 20 7167.069
61 21 11179.905
61 22 9083.950
61 23 3281.025
61 24 8741.451
61 25 8862.837
61 26 7037.430
61 27 5355.943
61 28 923.256
61 29 6511.669
61 30 7384.299
61 31 5383.916
61 32 6339.181
61 33 4242.971
61 34 8234.897
61 35 5461.041
61 36 4019.536
61 37 5561.133
61 38 8793.198
61 39 6395.570
61 40 11101.486
61 41 4645.643
61 42 3287.735
61 43 3618.609
61 44 9285.858
61 45 10029.978
61 46 2720.526
61 47 8395.605
61 48 5488.666
61 49 8976.424
61 50 6411.893
61 51 1940.020
61 52 3463.143
61 53 8319.712
61 54 5083.857
61 55 10667.073
61 56 2165.640
61 57 2734.053
61 58 8450.283
61 59 11039.151
61 60 3601.750
61 61 0.000
61 62 4043.472
61 63 8734.945
61 64 1056.417
61 65 3663.241
61 66 7170.908
61 67 4805.816
61 68 3558.388
61 69 5403.099
61 70 3782.532
61 71 10161.908
61 72 8467.691
61 73 1856.720
61 74 6599.655
61 75 3259.198
61 76 719.353
61 77 5288.971
61 78 10234.315
61 79 5131.538
61 80 5567.862
61 81 5186.577
61 82 3477.621
61 83 2851.448
61 84 7545.300
61 85 7194.061
61 86 6452.583
61 87 4307.972
61 88 7000.328
61 89 4714.613
61 90 8736.551
61 91 10127.703
61 92 6511.166
61 93 6021.644
61 94 9415.205
61 95 4438.930
61 96 4823.326
61 97 6617.030
61 98 8557.507
61 99 8375.954
61 100 5852.565
62 0 1893.157
62 1 3854.765
62 2 3832.119
62 3 6972.416
62 4 1089.661
62 5 4896.985
62 6 5171.715
62 7 4864.733
62 8 9736.052
62 9 8038.134
62 10 4519.123
62 11 5981.305
62 12 1824.017
62 13 3821.168
62 14 3544.344
62 15 5769.065
62 16 6036.475
62 17 4472.888
62 18 4218.883
62 19 3743.750
62 20 3707.494
62 21 8042.232
62 22 5623.835
62 23 4729.287
62 24 7221.731
62 25 5385.768
62 26 4852.099
62 27 9323.105
62 28 3226.036
62 29 2602.580
62 30 5715.906
62 31 1787.827
62 32 3320.856
62 33 3026.360
62 34 4997.957
62 35 2312.804
62 36 1874.823
62 37 2563.381
62 38 5673.295
62 39 2986.484
62 40 7833.006
62 41 3209.256
62 42 4252.904
62 43 7639.613
62 44 6955.873
62 45 7680.704
62 46 5891.605
62 47 6497.482
62 48 8610.443
62 49 5089.464
62 50 2678.640
62 51 3084.090
62 52 1871.266
62 53 7240.987
62 54 1066.028
62 55 7741.152
62 56 3398.147
62 57 3007.519
62 58 4834.940
62 59 8716.184
62 60 1186.695
62 61 4043.472
62 62 0.000
62 63 5044.553
62 64 4214.704
62 65 4696.493
62 66 3782.026
62 67 2610.845
62 68 7314.635
62 69 8310.736
62 70 4115.510
62 71 7984.915
62 72 6033.204
62 73 2194.466
62 74 4863.596
62 75 5593.153
62 76 3465.367
62 77 9054.913
62 78 7042.552
62 79 3275.318
62 80 9043.952
62 81 3158.162
62 82 2739.698
62 83 5089.773
62 84 10144.072
62 85 6553.643
62 86 2411.070
62 87 8015.764
62 88 4818.724
62 89 5960.521
62 90 5527.884
62 91 8202.588
62 92 4342.152
62 93 2668.808
62 94 5647.242
62 95 8449.126
62 96 1174.493
62 97 5312.440
62 98 4552.748
62 99 6656.857
62 100 1868.159
63 0 6744.690
63 1 2681.830
63 2 7968.496
63 3 10447.153
63 4 5480.539
63 5 6496.823
63 6 7963.004
63 7 6941.855
63 8 12997.155
63 9 12171.593
63 10 1518.057
63 11 7727.524
63 12 6475.624
63 13 1239.286
63 14 1664.383
63 15 3661.816
63 16 1764.314
63 17 9512.450
63 18 5078.790
63 19 7038.223
63 20 1637.922
63 21 3439.885
63 22 966.747
63 23 9730.539
63 24 10381.453
63 25 6180.779
63 26 8009.252
63 27 13554.300
63 28 8077.604
63 29 2501.623
63 30 9102.806
63 31 5096.317
63 32 2692.273
63 33 5197.952
63 34 6542.772
63 35 3318.056
63 36 4805.031
63 37 6025.009
63 38 7144.623
63 39 2369.787
63 40 3072.888
63 41 7618.241
63 42 9225.089
63 43 12076.841
63 44 4067.930
63 45 9775.808
63 46 9670.876
63 47 4584.905
63 48 11839.439
63 49 960.106
63 50 2376.353
63 51 7111.708
63 52 5350.798
63 53 10788.872
63 54 4377.896
63 55 8897.066
63 56 8442.695
63 57 6515.622
63 58 5536.361
63 59 10623.219
63 60 6119.029
63 61 8734.945
63 62 5044.553
63 63 0.000
63 64 8505.534
63 65 7404.633
63 66 5725.750
63 67 6811.277
63 68 11368.340
63 69 11372.270
63 70 6649.124
63 71 10242.140
63 72 8472.217
63 73 6948.932
63 74 4390.794
63 75 8858.475
63 76 8043.763
63 77 12969.156
63 78 7865.737
63 79 4397.205
63 80 12600.669
63 81 7197.933
63 82 5732.758
63 83 8487.524
63 84 12593.382
63 85 10548.980
63 86 3170.736
63 87 11944.175
63 88 3680.090
63 89 8182.926
63 90 1598.978
63 91 10726.974
63 92 7719.735
63 93 5536.318
63 94 732.371
63 95 12821.939
63 96 3980.995
63 97 9115.589
63 98 1842.284
63 99 9747.819
63 100 4092.077
64 0 2455.286
64 1 6258.248
64 2 572.013
64 3 3031.280
64 4 4833.901
64 5 4016.277
64 6 2660.281
64 7 8474.884
64 8 5723.926
64 9 3831.878
64 10 7412.082
64 11 9545.618
64 12 4624.689
64 13 7447.654
64 14 7361.660
64 15 7400.052
64 16 8839.178
64 17 3711.391
64 18 8317.457
64 19 6940.342
64 20 6888.963
64 21 10690.691
64 22 8747.688
64 23 4329.043
64 24 9644.047
64 25 9361.054
64 26 7807.637
64 27 5151.664
64 28 1684.755
64 29 6464.273
64 30 8244.731
64 31 5774.589
64 32 5962.605
64 33 3642.264
64 34 8800.064
64 35 5187.704
64 36 3701.132
64 37 6116.046
64 38 9398.150
64 39 6136.239
64 40 10657.145
64 41 5440.218
64 42 4305.057
64 43 3574.768
64 44 8617.652
64 45 10819.496
64 46 1853.758
64 47 7658.119
64 48 4682.537
64 49 8855.540
64 50 6275.733
64 51 1398.826
64 52 3155.788
64 53 9269.569
64 54 5280.715
64 55 11341.466
64 56 3120.171
64 57 2105.235
64 58 8893.451
64 59 11842.993
64 60 4063.874
64 61 1056.417
64 62 4214.704
64 63 8505.534
64 64 0.000
64 65 2671.560
64 66 7673.835
64 67 5479.251
64 68 3100.058
64 69 4525.585
64 70 2900.010
64 71 10983.109
64 72 9221.040
64 73 2106.436
64 74 5896.958
64 75 2215.814
64 76 917.774
64 77 4843.113
64 78 10834.953
64 79 4563.629
64 80 4922.438
64 81 5914.966
64 82 2915.163
64 83 1795.641
64 84 6621.821
64 85 8172.954
64 86 6555.016
64 87 3808.415
64 88 6374.356
64 89 3667.172
64 90 8319.928
64 91 10988.919
64 92 7269.747
64 93 6506.182
64 94 9212.525
64 95 4340.961
64 96 4765.889
64 97 7510.498
64 98 8553.181
64 99 9246.253
64 100 6081.162
65 0 3789.298
65 1 4787.707
65 2 2246.249
65 3 3088.483
65 4 5689.544
65 5 1455.902
65 6 563.471
65 7 9539.015
65 8 5600.856
65 9 5124.088
65 10 6031.500
65 11 10655.512
65 12 5943.350
65 13 6618.036
65 14 6728.821
65 15 5316.770
65 16 7229.939
65 17 6186.691
65 18 8836.109
65 19 8252.705
65 20 5794.389
65 21 8854.688
65 22 7362.047
65 23 6774.907
65 24 11439.831
65 25 10054.593
65 26 9286.211
65 27 6506.381
65 28 3921.258
65 29 6014.660
65 30 9954.005
65 31 6484.292
65 32 4714.253
65 33 2259.178
65 34 9694.435
65 35 4344.864
65 36 3143.091
65 37 7174.384
65 38 10367.749
65 39 5178.931
65 40 8927.112
65 41 7123.861
65 42 6629.513
65 43 5424.209
65 44 6433.813
65 45 12246.977
65 46 2592.067
65 47 5349.602
65 48 4439.247
65 49 8007.253
65 50 5622.284
65 51 2136.977
65 52 2870.782
65 53 11226.868
65 54 5605.734
65 55 12429.308
65 56 5361.417
65 57 1739.024
65 58 9470.356
65 59 13288.494
65 60 5204.328
65 61 3663.241
65 62 4696.493
65 63 7404.633
65 64 2671.560
65 65 0.000
65 66 8477.672
65 67 6876.665
65 68 4317.780
65 69 3994.098
65 70 759.152
65 71 12499.530
65 72 10595.561
65 73 3528.840
65 74 3763.156
65 75 1521.146
65 76 3161.031
65 77 5705.614
65 78 11737.663
65 79 3009.263
65 80 5212.868
65 81 7403.151
65 82 2037.462
65 83 1324.403
65 84 5538.339
65 85 10253.236
65 86 6471.664
65 87 4740.531
65 88 4406.123
65 89 1297.684
65 90 6756.800
65 91 12626.177
65 92 8744.795
65 93 7359.319
65 94 8136.643
65 95 5992.941
65 96 4573.285
65 97 9340.836
65 98 8020.129
65 99 10953.396
65 100 6365.723
66 0 5223.426
66 1 6297.885
66 2 7409.034
66 3 10614.409
66 4 2872.391
66 5 8562.910
66 6 8952.550
66 7 1292.585
66 8 13365.818
66 9 11339.377
66 10 6218.958
66 11 2324.808
66 12 3154.264
66 13 4727.845
66 14 4191.091
66 15 8264.542
66 16 7379.904
66 17 6190.139
66 18 1047.313
66 19 1692.589
66 20 5389.523
66 21 9163.372
66 22 6656.393
66 23 6041.338
66 24 4658.562
66 25 1692.797
66 26 2368.615
66 27 12496.816
66 28 6248.122
66 29 3824.985
66 30 3459.017
66 31 1996.270
66 32 5779.723
66 33 6650.158
66 34 1223.833
66 35 5104.939
66 36 5501.641
66 37 1631.071
66 38 1917.509
66 39 5092.378
66 40 8773.375
66 41 3216.204
66 42 5498.837
66 43 10717.968
66 44 9204.909
66 45 4276.810
66 46 9478.549
66 47 9170.011
66 48 12272.584
66 49 5115.790
66 50 4357.914
66 51 6766.907
66 52 5628.166
66 53 5123.700
66 54 2946.887
66 55 3998.847
66 56 5521.321
66 57 6783.934
66 58 1350.604
66 59 5250.671
66 60 3611.024
66 61 7170.908
66 62 3782.026
66 63 5725.750
66 64 7673.835
66 65 8477.672
66 66 0.000
66 67 2582.163
66 68 10700.700
66 69 12015.188
66 70 7878.331
66 71 4686.785
66 72 2792.078
66 73 5573.515
66 74 7911.944
66 75 9324.575
66 76 6796.493
66 77 12445.880
66 78 3260.561
66 79 6609.408
66 80 12595.836
66 81 2525.713
66 82 6494.015
66 83 8813.993
66 84 13907.453
66 85 5101.585
66 86 2903.537
66 87 11439.237
66 88 7582.386
66 89 9734.399
66 90 7020.417
66 91 5089.842
66 92 2233.970
66 93 1168.915
66 94 5928.557
66 95 11543.470
66 96 4179.364
66 97 3678.527
66 98 4104.691
66 99 4025.335
66 100 2351.552
67 0 3172.390
67 1 6306.933
67 2 5335.782
67 3 8504.424
67 4 1578.974
67 5 7358.676
67 6 7260.035
67 7 3050.243
67 8 11196.202
67 9 8945.413
67 10 6723.671
67 11 4081.742
67 12 933.329
67 13 5599.199
67 14 5148.713
67 15 8284.508
67 16 8157.474
67 17 3611.522
67 18 3535.971
67 19 1461.100
67 20 5852.421
67 21 10125.957
67 22 7590.885
67 23 3502.395
67 24 4650.264
67 25 4205.567
67 26 2412.345
67 27 10034.949
67 28 3894.855
67 29 4368.485
67 30 3141.011
67 31 1721.213
67 32 5754.440
67 33 5567.796
67 34 3484.065
67 35 4802.178
67 36 4451.507
67 37 1028.564
67 38 3999.536
67 39 5258.814
67 40 9833.738
67 41 818.398
67 42 2952.230
67 43 8242.302
67 44 9424.023
67 45 5405.882
67 46 7331.514
67 47 9061.050
67 48 10160.651
67 49 6518.657
67 50 4711.134
67 51 4873.175
67 52 4318.771
67 53 4630.379
67 54 2571.110
67 55 5870.355
67 56 2968.301
67 57 5142.104
67 58 3932.557
67 59 6444.291
67 60 1686.198
67 61 4805.816
67 62 2610.845
67 63 6811.277
67 64 5479.251
67 65 6876.665
67 66 2582.163
67 67 0.000
67 68 8363.726
67 69 9976.917
67 70 6431.651
67 71 5630.598
67 72 3771.928
67 73 3499.177
67 74 7468.000
67 75 7403.344
67 76 4564.147
67 77 10086.560
67 78 5438.210
67 79 5885.445
67 80 10353.356
67 81 552.355
67 82 5140.104
67 83 6892.732
67 84 12001.250
67 85 3984.747
67 86 3648.631
67 87 9113.760
67 88 7380.382
67 89 8174.339
67 90 7692.207
67 91 5752.497
67 92 1869.111
67 93 1655.476
67 94 7248.358
67 95 9063.576
67 96 3632.010
67 97 2702.171
67 98 5667.147
67 99 4115.283
67 100 2722.707
68 0 5526.365
68 1 8912.833
68 2 3523.139
68 3 1657.695
68 4 7900.947
68 5 5722.602
68 6 3884.548
68 7 11408.760
68 8 3106.462
68 9 814.348
68 10 10134.113
68 11 12441.570
68 12 7581.637
68 13 10392.411
68 14 10360.064
68 15 9633.676
68 16 11448.843
68 17 5667.550
68 18 11390.654
68 19 9808.104
68 20 9730.983
68 21 13150.313
68 22 11483.697
68 23 6248.564
68 24 12092.341
68 25 12393.315
68 26 10557.852
68 27 2208.899
68 28 4475.893
68 29 9491.831
68 30 10817.119
68 31 8847.085
68 32 8719.342
68 33 6226.803
68 34 11786.033
68 35 8079.547
68 36 6613.749
68 37 9105.543
68 38 12350.711
68 39 9014.625
68 40 13197.034
68 41 8167.041
68 42 6466.257
68 43 1424.455
68 44 10745.404
68 45 13523.666
68 46 1743.819
68 47 9639.772
68 48 2455.650
68 49 11811.059
68 50 9251.889
68 51 4361.618
68 52 6106.310
68 53 11565.084
68 54 8380.603
68 55 14219.426
68 56 5591.205
68 57 4858.994
68 58 11953.149
68 59 14515.885
68 60 7098.292
68 61 3558.388
68 62 7314.635
68 63 11368.340
68 64 3100.058
68 65 4317.780
68 66 10700.700
68 67 8363.726
68 68 0.000
68 69 2687.712
68 70 4961.350
68 71 13623.926
68 72 11992.603
68 73 5183.199
68 74 8079.146
68 75 2835.912
68 76 3916.669
68 77 1749.539
68 78 13791.899
68 79 7120.172
68 80 2113.381
68 81 8734.033
68 82 5635.947
68 83 3015.323
68 84 4770.877
68 85 10367.894
68 86 9639.341
68 87 752.389
68 88 8703.889
68 89 4428.953
68 90 10952.965
68 91 13538.101
68 92 10040.668
68 93 9540.705
68 94 12092.564
68 95 1724.527
68 96 7810.179
68 97 10009.743
68 98 11586.568
68 99 11785.697
68 100 9181.205
69 0 6846.157
69 1 8718.443
69 2 4647.977
69 3 1517.269
69 4 9143.169
69 5 4973.291
69 6 3430.630
69 7 12919.486
69 8 1641.031
69 9 3021.684
69 10 9956.630
69 11 14010.436
69 12 9092.592
69 13 10612.091
69 14 10716.234
69 15 8866.416
69 16 11035.683
69 17 7915.707
69 18 12529.574
69 19 11434.733
69 20 9777.349
69 21 12464.710
69 22 11259.310
69 23 8530.560
69 24 14141.406
69 25 13671.224
69 26 12329.101
69 27 3914.437
69 28 6198.313
69 29 9974.064
69 30 12762.762
69 31 10041.303
69 32 8691.256
69 33 6252.258
69 34 13189.641
69 35 8331.638
69 36 7046.524
69 37 10532.631
69 38 13819.462
69 39 9172.883
69 40 12615.045
69 41 9965.802
69 42 8641.272
69 43 4055.325
69 44 9791.481
69 45 15342.399
69 46 2688.631
69 47 8611.308
69 48 574.539
69 49 11998.562
69 50 9604.393
69 51 5249.959
69 52 6670.524
69 53 13718.108
69 54 9324.737
69 55 15809.137
69 56 7568.725
69 57 5365.092
69 58 13142.386
69 59 16367.638
69 60 8462.600
69 61 5403.099
69 62 8310.736
69 63 11372.270
69 64 4525.585
69 65 3994.098
69 66 12015.188
69 67 9976.917
69 68 2687.712
69 69 0.000
69 70 4752.453
69 71 15508.677
69 72 13736.126
69 73 6502.714
69 74 7397.345
69 75 2726.673
69 76 5440.886
69 77 2692.986
69 78 15242.129
69 79 6978.644
69 80 1660.443
69 81 10430.055
69 82 5933.631
69 83 3222.171
69 84 2178.075
69 85 12574.419
69 86 10355.986
69 87 2344.231
69 88 8120.098
69 89 3289.372
69 90 10597.705
69 91 15508.063
69 92 11789.419
69 93 10851.563
69 94 12102.277
69 95 4042.700
69 96 8442.413
69 97 12012.752
69 98 12005.056
69 99 13761.329
69 100 10121.280
70 0 3468.795
70 1 4044.995
70 2 2382.733
70 3 3820.617
70 4 5150.091
70 5 1157.974
70 6 1322.269
70 7 8979.537
70 8 6359.866
70 9 5774.162
70 10 5287.914
70 11 10096.375
70 12 5502.501
70 13 5859.717
70 14 5976.135
70 15 4698.816
70 16 6517.322
70 17 6141.149
70 18 8185.621
70 19 7762.845
70 20 5036.205
70 21 8189.024
70 22 6623.963
70 23 6701.239
70 24 11048.141
70 25 9422.694
70 26 8824.667
70 27 7165.394
70 28 3859.601
70 29 5276.424
70 30 9548.707
70 31 5896.513
70 32 3957.697
70 33 1504.399
70 34 9100.383
70 35 3593.939
70 36 2451.245
70 37 6643.988
70 38 9782.732
70 39 4420.443
70 40 8240.648
70 41 6751.103
70 42 6496.646
70 43 5983.014
70 44 5859.490
70 45 11748.872
70 46 3218.337
70 47 4825.529
70 48 5197.972
70 49 7248.108
70 50 4873.154
70 51 1988.419
70 52 2250.583
70 53 10889.475
70 54 4968.636
70 55 11854.952
70 56 5226.893
70 57 1353.616
70 58 8823.945
70 59 12789.230
70 60 4745.866
70 61 3782.532
70 62 4115.510
70 63 6649.124
70 64 2900.010
70 65 759.152
70 66 7878.331
70 67 6431.651
70 68 4961.350
70 69 4752.453
70 70 0.000
70 71 12022.290
70 72 10095.903
70 73 3259.954
70 74 3146.830
70 75 2235.787
70 76 3179.830
70 77 6414.500
70 78 11131.695
70 79 2257.373
70 80 5959.089
70 81 6970.982
70 82 1384.912
70 83 1947.637
70 84 6250.167
70 85 9968.395
70 86 5763.975
70 87 5429.338
70 88 3744.531
70 89 1865.516
70 90 6035.700
70 91 12180.525
70 92 8288.711
70 93 6783.713
70 94 7381.331
70 95 6598.500
70 96 3882.844
70 97 8978.679
70 98 7268.373
70 99 10538.783
70 100 5707.869
71 0 8792.760
71 1 10976.972
71 2 10911.656
71 3 14007.856
71 4 6904.095
71 5 12878.192
71 6 12890.395
71 7 3394.489
71 8 16612.862
71 9 14082.516
71 10 10885.541
71 11 2517.812
71 12 6561.635
71 13 9356.274
71 14 8818.114
71 15 12950.614
71 16 11962.609
71 17 8083.011
71 18 5163.941
71 19 4260.352
71 20 10069.338
71 21 13625.548
71 22 11201.147
71 23 7602.318
71 24 1908.766
71 25 4156.583
71 26 3218.709
71 27 14961.065
71 28 9316.945
71 29 8511.537
71 30 2815.429
71 31 6331.162
71 32 10451.381
71 33 11007.948
71 34 3701.325
71 35 9716.526
71 36 9848.868
71 37 5423.201
71 38 3114.791
71 39 9774.478
71 40 13192.441
71 41 5542.954
71 42 7246.130
71 43 13190.996
71 44 13883.473
71 45 508.309
71 46 12827.824
71 47 13851.831
71 48 15640.709
71 49 9496.904
71 50 9043.854
71 51 10499.406
71 52 9831.868
71 53 2817.510
71 54 7422.393
71 55 2174.730
71 56 8037.960
71 57 10761.422
71 58 4738.966
71 59 913.778
71 60 7295.282
71 61 10161.908
71 62 7984.915
71 63 10242.140
71 64 10983.109
71 65 12499.530
71 66 4686.785
71 67 5630.598
71 68 13623.926
71 69 15508.677
71 70 12022.290
71 71 0.000
71 72 1964.453
71 73 9109.201
71 74 12534.258
71 75 13007.071
71 76 10068.837
71 77 15262.038
71 78 3003.194
71 79 11127.540
71 80 15702.304
71 81 5123.995
71 82 10686.728
71 83 12500.287
71 84 17582.188
71 85 3917.608
71 86 7590.267
71 87 14372.327
71 88 12247.313
71 89 13796.450
71 90 11641.702
71 91 661.749
71 92 3763.118
71 93 5456.725
71 94 10309.039
71 95 13964.316
71 96 8686.003
71 97 3654.424
71 98 8468.581
71 99 1914.862
71 100 6978.070
72 0 6943.095
72 1 9043.539
72 2 9103.482
72 3 12252.151
72 4 4958.586
72 5 10929.787
72 6 11003.928
72 7 1530.501
72 8 14911.568
72 9 12508.037
72 10 9010.628
72 11 1134.248
72 12 4688.195
72 13 7514.410
72 14 6976.531
72 15 11028.106
72 16 10155.866
72 17 6645.739
72 18 3434.443
72 19 2344.246
72 20 8177.227
72 21 11895.054
72 22 9417.265
72 23 6250.904
72 24 2100.254
72 25 2719.615
72 26 1435.444
72 27 13480.276
72 28 7587.241
72 29 6603.702
72 30 1666.701
72 31 4366.726
72 32 8512.286
72 33 9051.895
72 34 2012.408
72 35 7759.044
72 36 7891.544
72 37 3469.836
72 38 1667.725
72 39 7846.418
72 40 11484.954
72 41 3826.124
72 42 5815.433
72 43 11688.752
72 44 11991.622
72 45 1653.015
72 46 11074.473
72 47 11919.293
72 48 13901.455
72 49 7792.689
72 50 7125.159
72 51 8638.253
72 52 7889.043
72 53 2840.714
72 54 5458.407
72 55 2381.978
72 56 6415.762
72 57 8856.683
72 58 3147.568
72 59 2693.959
72 60 5398.528
72 61 8467.691
72 62 6033.204
72 63 8472.217
72 64 9221.040
72 65 10595.561
72 66 2792.078
72 67 3771.928
72 68 11992.603
72 69 13736.126
72 70 10095.903
72 71 1964.453
72 72 0.000
72 73 7271.104
72 74 10576.031
72 75 11175.182
72 76 8303.269
72 77 13675.991
72 78 2486.445
72 79 9163.088
72 80 14035.103
72 81 3306.516
72 82 8748.600
72 83 10664.342
72 84 15772.422
72 85 3405.369
72 86 5682.511
72 87 12744.848
72 88 10302.220
72 89 11889.723
72 90 9807.249
72 91 2301.775
72 92 1956.881
72 93 3493.709
72 94 8610.343
72 95 12487.175
72 96 6721.807
72 97 2453.421
72 98 6763.386
72 99 1534.442
72 100 5030.783
73 0 350.089
73 1 5123.497
73 2 1855.938
73 3 5059.947
73 4 2727.527
73 5 4359.558
73 6 3836.305
73 7 6419.123
73 8 7798.192
73 9 5878.701
73 10 6104.881
73 11 7507.729
73 12 2594.662
73 13 5787.505
73 14 5602.899
73 15 6702.388
73 16 7618.211
73 17 3100.556
73 18 6213.113
73 19 4945.710
73 20 5425.542
73 21 9583.242
73 22 7365.324
73 23 3583.400
73 24 7939.570
73 25 7257.844
73 26 5894.858
73 27 7140.269
73 28 1132.275
73 29 4666.387
73 30 6471.801
73 31 3669.402
73 32 4696.442
73 33 3031.552
73 34 6714.594
73 35 3748.074
73 36 2422.566
73 37 4038.960
73 38 7327.941
73 39 4651.820
73 40 9459.911
73 41 3626.743
73 42 3296.960
73 43 5445.526
73 44 7952.684
73 45 8901.793
73 46 3909.308
73 47 7205.242
73 48 6721.514
73 49 7142.949
73 50 4596.860
73 51 1413.413
73 52 1913.455
73 53 7699.800
73 54 3247.542
73 55 9306.433
73 56 2059.532
73 57 1909.124
73 58 6787.054
73 59 9938.058
73 60 1971.595
73 61 1856.720
73 62 2194.466
73 63 6948.932
73 64 2106.436
73 65 3528.840
73 66 5573.515
73 67 3499.177
73 68 5183.199
73 69 6502.714
73 70 3259.954
73 71 9109.201
73 72 7271.104
73 73 0.000
73 74 5402.618
73 75 3904.405
73 76 1280.806
73 77 6932.160
73 78 8758.851
73 79 3784.785
73 80 7023.915
73 81 3986.039
73 82 2317.418
73 83 3394.482
73 84 8503.371
73 85 6729.995
73 86 4598.875
73 87 5905.253
73 88 5655.417
73 89 4807.038
73 90 7090.691
73 91 9182.444
73 92 5350.224
73 93 4404.847
73 94 7612.151
73 95 6256.589
73 96 2992.785
73 97 5825.303
73 98 6702.129
73 99 7476.961
73 100 4031.708
74 0 5428.051
74 1 1869.451
74 2 5333.467
74 3 6792.822
74 4 5902.467
74 5 2446.248
74 6 4237.689
74 7 9184.209
74 8 9036.449
74 9 8886.896
74 10 2872.750
74 11 10233.981
74 12 6673.971
74 13 4125.334
74 14 4496.386
74 15 1555.085
74 16 3665.128
74 17 8502.325
74 18 7807.066
74 19 8452.457
74 20 3127.089
74 21 5113.150
74 22 4011.190
74 23 8962.581
74 24 12011.017
74 25 9101.412
74 26 9576.918
74 27 10269.298
74 28 6370.429
74 29 4268.368
74 30 10521.712
74 31 6240.452
74 32 2239.444
74 33 2392.397
74 34 9073.742
74 35 2817.833
74 36 3156.178
74 37 7229.262
74 38 9773.040
74 39 2970.593
74 40 5226.544
74 41 8061.975
74 42 8616.630
74 43 9129.765
74 44 2726.283
74 45 12160.666
74 46 6344.698
74 47 1809.446
74 48 7922.721
74 49 5235.968
74 50 3710.916
74 51 4659.665
74 52 3537.981
74 53 12090.655
74 54 5138.754
74 55 11812.906
74 56 7439.965
74 57 3866.097
74 58 8428.600
74 59 13156.081
74 60 5962.164
74 61 6599.655
74 62 4863.596
74 63 4390.794
74 64 5896.958
74 65 3763.156
74 66 7911.944
74 67 7468.000
74 68 8079.146
74 69 7397.345
74 70 3146.830
74 71 12534.258
74 72 10576.031
74 73 5402.618
74 74 0.000
74 75 5273.450
74 76 5903.723
74 77 9434.923
74 78 10908.179
74 79 1657.157
74 80 8831.571
74 81 8009.536
74 82 3153.693
74 83 5069.112
74 84 8331.892
74 85 11413.400
74 86 5115.081
74 87 8494.126
74 88 746.772
74 89 4108.054
74 90 3270.680
74 91 12846.604
74 92 9104.983
74 93 7086.266
74 94 5065.510
74 95 9738.689
74 96 3897.043
74 97 10169.436
74 98 5667.164
74 99 11419.929
74 100 5568.193
75 0 4233.325
75 1 6278.667
75 2 2114.236
75 3 1589.438
75 4 6458.637
75 5 2887.961
75 6 1049.181
75 7 10273.843
75 8 4241.162
75 9 3630.306
75 10 7520.435
75 11 11376.634
75 12 6492.408
75 13 8007.140
75 14 8069.310
75 15 6823.406
75 16 8746.339
75 17 5920.048
75 18 9811.163
75 19 8845.432
75 20 7232.112
75 21 10373.482
75 22 8858.889
75 23 6540.023
75 24 11764.426
75 25 10967.368
75 26 9796.747
75 27 5001.303
75 28 3851.170
75 29 7291.282
75 30 10328.725
75 31 7339.791
75 32 6167.444
75 33 3663.794
75 34 10512.744
75 35 5694.864
75 36 4348.719
75 37 7881.667
75 38 11156.095
75 39 6577.280
75 40 10448.255
75 41 7489.187
75 42 6519.283
75 43 4043.178
75 44 7915.696
75 45 12805.777
75 46 1187.157
75 47 6804.255
75 48 3082.036
75 49 9414.229
75 50 6950.477
75 51 2566.670
75 52 3950.587
75 53 11435.532
75 54 6599.752
75 55 13172.696
75 56 5316.702
75 57 2640.008
75 58 10427.848
75 59 13841.307
75 60 5821.524
75 61 3259.198
75 62 5593.153
75 63 8858.475
75 64 2215.814
75 65 1521.146
75 66 9324.575
75 67 7403.344
75 68 2835.912
75 69 2726.673
75 70 2235.787
75 71 13007.071
75 72 11175.182
75 73 3904.405
75 74 5273.450
75 75 0.000
75 76 3039.088
75 77 4185.481
75 78 12567.678
75 79 4484.893
75 80 3744.313
75 81 7887.588
75 82 3247.523
75 83 513.556
75 84 4607.415
75 85 10363.780
75 86 7638.569
75 87 3221.765
75 88 5925.951
75 89 1741.076
75 90 8268.952
75 91 13059.601
75 92 9252.457
75 93 8167.312
75 94 9590.677
75 95 4542.056
75 96 5726.301
75 97 9631.797
75 98 9348.581
75 99 11334.844
75 100 7395.131
76 0 1615.489
76 1 5984.610
76 2 961.900
76 3 3949.022
76 4 3984.430
76 5 4337.443
76 6 3288.532
76 7 7569.276
76 8 6633.933
76 9 4600.195
76 10 7068.526
76 11 8634.971
76 12 3718.778
76 13 6926.416
76 14 6786.068
76 15 7336.928
76 16 8546.345
76 17 3027.850
76 18 7474.168
76 19 6025.190
76 20 6465.132
76 21 10460.767
76 22 8375.574
76 23 3623.741
76 24 8749.796
76 25 8487.430
76 26 6890.239
76 27 5860.638
76 28 814.342
76 29 5862.618
76 30 7338.920
76 31 4930.976
76 32 5624.201
76 33 3535.201
76 34 7907.295
76 35 4756.732
76 36 3305.775
76 37 5221.777
76 38 8496.981
76 39 5695.455
76 40 10384.004
76 41 4525.995
76 42 3524.823
76 43 4179.828
76 44 8579.402
76 45 9902.505
76 46 2771.367
76 47 7704.983
76 48 5599.708
76 49 8310.991
76 50 5737.677
76 51 1254.728
76 52 2748.542
76 53 8398.913
76 54 4524.249
76 55 10429.598
76 56 2288.519
76 57 2046.334
76 58 8037.516
76 59 10926.810
76 60 3186.955
76 61 719.353
76 62 3465.367
76 63 8043.763
76 64 917.774
76 65 3161.031
76 66 6796.493
76 67 4564.147
76 68 3916.669
76 69 5440.886
76 70 3179.830
76 71 10068.837
76 72 8303.269
76 73 1280.806
76 74 5903.723
76 75 3039.088
76 76 0.000
76 77 5666.112
76 78 9935.621
76 79 4417.195
76 80 5813.597
76 81 4997.246
76 82 2768.249
76 83 2570.582
76 84 7525.287
76 85 7325.840
76 86 5857.012
76 87 4647.414
76 88 6289.846
76 89 4309.655
76 90 8020.083
76 91 10081.490
76 92 6352.098
76 93 5632.101
76 94 8730.354
76 95 4985.126
76 96 4164.841
76 97 6615.454
76 98 7926.995
76 99 8342.088
76 100 5311.628
77 0 7275.716
77 1 10442.507
77 2 5243.326
77 3 2644.658
77 4 9650.457
77 5 7005.411
77 6 5200.268
77 7 13135.358
77 8 2074.020
77 9 1182.773
77 10 11678.931
77 11 14157.441
77 12 9319.480
77 13 12037.412
77 14 12031.838
77 15 10973.802
77 16 12930.612
77 17 7222.168
77 18 13140.176
77 19 11522.887
77 20 11332.307
77 21 14545.795
77 22 13023.774
77 23 7770.671
77 24 13675.490
77 25 14138.658
77 26 12240.599
77 27 1254.514
77 28 6210.510
77 29 11181.241
77 30 12447.879
77 31 10596.624
77 32 10293.455
77 33 7782.344
77 34 13523.391
77 35 9715.210
77 36 8271.527
77 37 10846.106
77 38 14080.381
77 39 10637.198
77 40 14630.762
77 41 9856.868
77 42 8044.742
77 43 2232.005
77 44 12017.468
77 45 15182.165
77 46 3305.913
77 47 10869.705
77 48 2173.281
77 49 13456.082
77 50 10916.918
77 51 6065.001
77 52 7782.670
77 53 13101.256
77 54 10120.407
77 55 15927.775
77 56 7260.661
77 57 6502.674
77 58 13701.933
77 59 16161.331
77 60 8846.245
77 61 5288.971
77 62 9054.913
77 63 12969.156
77 64 4843.113
77 65 5705.614
77 66 12445.880
77 67 10086.560
77 68 1749.539
77 69 2692.986
77 70 6414.500
77 71 15262.038
77 72 13675.991
77 73 6932.160
77 74 9434.923
77 75 4185.481
77 76 5666.112
77 77 0.000
77 78 15521.208
77 79 8643.585
77 80 1152.288
77 81 10441.622
77 82 7249.333
77 83 4494.623
77 84 4210.564
77 85 11883.094
77 86 11361.990
77 87 1045.551
77 88 10103.876
77 89 5492.351
77 90 12450.122
77 91 15146.560
77 92 11731.037
77 93 11287.413
77 94 13698.343
77 95 1746.006
77 96 9513.179
77 97 11624.766
77 98 13274.317
77 99 13400.256
77 100 10922.621
78 0 8410.520
78 1 9157.687
78 2 10610.859
78 3 13818.145
78 4 6109.307
78 5 11779.645
78 6 12212.914
78 7 2388.299
78 8 16553.824
78 9 14383.373
78 10 8785.850
78 11 1490.822
78 12 6219.546
78 13 7200.407
78 14 6686.213
78 15 11011.349
78 16 9629.075
78 17 8789.040
78 18 3101.583
78 19 4034.976
78 20 8065.363
78 21 11101.058
78 22 8830.222
78 23 8475.597
78 24 4310.596
78 25 1807.107
78 26 3634.227
78 27 15461.941
78 28 9316.190
78 29 6653.311
78 30 4148.794
78 31 5256.442
78 32 8690.863
78 33 9867.398
78 34 2055.007
78 35 8172.554
78 36 8732.581
78 37 4720.956
78 38 1441.198
78 39 7965.005
78 40 10633.840
78 41 5783.661
78 42 7990.436
78 43 13666.318
78 44 11780.064
78 45 2502.972
78 46 12666.134
78 47 11955.355
78 48 15479.470
78 49 7012.312
78 50 7213.362
78 51 10003.615
78 52 8883.301
78 53 5181.109
78 54 6174.942
78 55 1053.477
78 56 8361.205
78 57 10043.503
78 58 2483.431
78 59 2985.613
78 60 6787.894
78 61 10234.315
78 62 7042.552
78 63 7865.737
78 64 10834.953
78 65 11737.663
78 66 3260.561
78 67 5438.210
78 68 13791.899
78 69 15242.129
78 70 11131.695
78 71 3003.194
78 72 2486.445
78 73 8758.851
78 74 10908.179
78 75 12567.678
78 76 9935.621
78 77 15521.208
78 78 0.000
78 79 9745.308
78 80 15748.957
78 81 5131.069
78 82 9746.793
78 83 12055.570
78 84 17159.868
78 85 5882.655
78 86 5794.313
78 87 14539.706
78 88 10480.334
78 89 12990.908
78 90 9389.947
78 91 3653.219
78 92 4011.505
78 93 4402.119
78 94 7790.740
78 95 14483.685
78 96 7365.596
78 97 4896.851
78 98 6025.735
78 99 3883.018
78 100 5496.640
79 0 3787.343
79 1 1799.091
79 2 3991.831
79 3 6073.455
79 4 4345.199
79 5 2239.462
79 6 3566.159
79 7 7842.295
79 8 8600.487
79 9 7933.787
79 10 3036.902
79 11 8927.820
79 12 5059.197
79 13 3681.922
79 14 3875.966
79 15 2934.591
79 16 4336.254
79 17 6875.268
79 18 6666.339
79 19 6957.931
79 20 2801.613
79 21 6131.807
79 22 4380.191
79 23 7320.844
79 24 10483.976
79 25 7957.560
79 26 8080.189
79 27 9328.243
79 28 4801.133
79 29 3332.108
79 30 8982.549
79 31 4796.419
79 32 1713.024
79 33 924.016
79 34 7812.331
79 35 1618.875
79 36 1501.529
79 37 5741.421
79 38 8514.555
79 39 2257.816
79 40 6120.994
79 41 6443.726
79 42 6965.140
79 43 8004.170
79 44 4184.485
79 45 10781.645
79 46 5384.993
79 47 3432.155
79 48 7442.261
79 49 5034.884
79 50 2839.697
79 51 3220.566
79 52 1891.743
79 53 10515.824
79 54 3709.492
79 55 10587.223
79 56 5802.049
79 57 2459.578
79 58 7306.204
79 59 11797.968
79 60 4331.576
79 61 5131.538
79 62 3275.318
79 63 4397.205
79 64 4563.629
79 65 3009.263
79 66 6609.408
79 67 5885.445
79 68 7120.172
79 69 6978.644
79 70 2257.373
79 71 11127.540
79 72 9163.088
79 73 3784.785
79 74 1657.157
79 75 4484.893
79 76 4417.195
79 77 8643.585
79 78 9745.308
79 79 0.000
79 80 8216.329
79 81 6433.456
79 82 1662.144
79 83 4149.776
79 84 8307.568
79 85 9797.068
79 86 4022.534
79 87 7639.518
79 88 1883.670
79 89 3848.074
79 90 3834.315
79 91 11398.109
79 92 7587.868
79 93 5676.178
79 94 5128.750
79 95 8685.423
79 96 2446.145
79 97 8585.574
79 98 5161.592
79 99 9907.773
79 100 4267.691
80 0 7373.818
80 1 10000.525
80 2 5219.711
80 3 2162.359
80 4 9746.945
80 5 6385.402
80 6 4668.160
80 7 13378.894
80 8 1032.026
80 9 1964.595
80 10 11244.279
80 11 14434.305
80 12 9530.365
80 13 11745.752
80 14 11790.872
80 15 10340.914
80 16 12414.967
80 17 7780.070
80 18 13217.442
80 19 11809.557
80 20 10976.115
80 21 13936.667
80 22 12573.885
80 23 8361.930
80 24 14195.423
80 25 14281.707
80 26 12603.686
80 27 2405.112
80 28 6461.833
80 29 10984.631
80 30 12902.637
80 31 10681.114
80 32 9908.705
80 33 7408.051
80 34 13719.820
80 35 9427.689
80 36 8040.850
80 37 11034.580
80 38 14309.797
80 39 10319.284
80 40 14056.869
80 41 10210.996
80 42 8575.102
80 43 3109.236
80 44 11322.663
80 45 15587.778
80 46 3152.495
80 47 10153.544
80 48 1095.729
80 49 13155.753
80 50 10670.733
80 51 5972.794
80 52 7595.347
80 53 13676.857
80 54 10097.658
80 55 16223.255
80 56 7664.422
80 57 6281.559
80 58 13803.813
80 59 16588.715
80 60 8986.310
80 61 5567.862
80 62 9043.952
80 63 12600.669
80 64 4922.438
80 65 5212.868
80 66 12595.836
80 67 10353.356
80 68 2113.381
80 69 1660.443
80 70 5959.089
80 71 15702.304
80 72 14035.103
80 73 7023.915
80 74 8831.571
80 75 3744.313
80 76 5813.597
80 77 1152.288
80 78 15748.957
80 79 8216.329
80 80 0.000
80 81 10751.674
80 82 6963.845
80 83 4149.334
80 84 3068.726
80 85 12481.144
80 86 11256.544
80 87 1412.751
80 88 9531.564
80 89 4767.848
80 90 11954.326
80 91 15631.622
80 92 12078.835
80 93 11427.762
80 94 13333.002
80 95 2805.164
80 96 9364.430
80 97 12103.645
80 98 13060.664
80 99 13877.994
80 100 10903.857
81 0 3668.907
81 1 6815.148
81 2 5802.948
81 3 8945.865
81 4 2110.270
81 5 7906.972
81 6 7776.138
81 7 2755.118
81 8 11614.230
81 9 9287.823
81 10 7186.460
81 11 3721.120
81 12 1468.597
81 13 6003.687
81 14 5533.817
81 15 8801.019
81 16 8597.007
81 17 3729.426
81 18 3542.518
81 19 1096.093
81 20 6312.144
81 21 10549.896
81 22 8005.886
81 23 3528.323
81 24 4099.376
81 25 4046.708
81 26 1909.168
81 27 10335.627
81 28 4292.066
81 29 4795.922
81 30 2590.588
81 31 2110.238
81 32 6261.632
81 33 6120.046
81 34 3262.692
81 35 5323.031
81 36 5003.382
81 37 1213.434
81 38 3708.788
81 39 5743.798
81 40 10242.568
81 41 697.975
81 42 2993.794
81 43 8539.156
81 44 9928.267
81 45 4920.481
81 46 7768.601
81 47 9588.594
81 48 10596.354
81 49 6849.853
81 50 5168.500
81 51 5376.414
81 52 4869.581
81 53 4083.467
81 54 3052.518
81 55 5486.512
81 56 3230.841
81 57 5672.398
81 58 3859.805
81 59 5954.114
81 60 2229.597
81 61 5186.577
81 62 3158.162
81 63 7197.933
81 64 5914.966
81 65 7403.151
81 66 2525.713
81 67 552.355
81 68 8734.033
81 69 10430.055
81 70 6970.982
81 71 5123.995
81 72 3306.516
81 73 3986.039
81 74 8009.536
81 75 7887.588
81 76 4997.246
81 77 10441.622
81 78 5131.069
81 79 6433.456
81 80 10751.674
81 81 0.000
81 82 5687.598
81 83 7379.262
81 84 12475.234
81 85 3477.720
81 86 4027.244
81 87 9486.005
81 88 7908.930
81 89 8700.631
81 90 8142.145
81 91 5223.137
81 92 1364.958
81 93 1815.221
81 94 7600.884
81 95 9354.612
81 96 4157.239
81 97 2160.781
81 98 5958.131
81 99 3569.715
81 100 3110.171
82 0 2419.855
82 1 3351.254
82 2 2345.660
82 3 4802.822
82 4 3791.694
82 5 2220.227
82 6 2568.424
82 7 7604.005
82 8 7486.565
82 9 6440.859
82 10 4533.059
82 11 8720.254
82 12 4224.060
82 13 4794.100
82 14 4827.547
82 15 4568.820
82 16 5930.721
82 17 5401.917
82 18 6808.724
82 19 6427.256
82 20 4095.142
82 21 7776.664
82 22 5879.577
82 23 5899.830
82 24 9784.167
82 25 8040.135
82 26 7507.007
82 27 7827.119
82 28 3220.640
82 29 4045.392
82 30 8277.154
82 31 4515.056
82 32 3096.258
82 33 767.583
82 34 7716.438
82 35 2470.570
82 36 1116.117
82 37 5285.468
82 38 8400.010
82 39 3388.028
82 40 7743.210
82 41 5531.568
82 42 5607.586
82 43 6413.855
82 44 5811.369
82 45 10400.383
82 46 3944.514
82 47 4962.425
82 48 6324.724
82 49 6210.887
82 50 3707.545
82 51 1558.423
82 52 868.980
82 53 9680.785
82 54 3585.934
82 55 10473.901
82 56 4376.866
82 57 814.227
82 58 7445.546
82 59 11439.037
82 60 3459.692
82 61 3477.621
82 62 2739.698
82 63 5732.758
82 64 2915.163
82 65 2037.462
82 66 6494.015
82 67 5140.104
82 68 5635.947
82 69 5933.631
82 70 1384.912
82 71 10686.728
82 72 8748.600
82 73 2317.418
82 74 3153.693
82 75 3247.523
82 76 2768.249
82 77 7249.333
82 78 9746.793
82 79 1662.144
82 80 6963.845
82 81 5687.598
82 82 0.000
82 83 2814.564
82 84 7573.652
82 85 8824.074
82 86 4444.500
82 87 6217.645
82 88 3522.707
82 89 3247.534
82 90 5414.709
82 91 10867.574
82 92 6977.286
82 93 5404.749
82 94 6458.209
82 95 7126.353
82 96 2538.609
82 97 7753.028
82 98 6102.507
82 99 9255.341
82 100 4333.681
83 0 3721.706
83 1 5948.866
83 2 1627.174
83 3 1988.498
83 4 5946.861
83 5 2771.995
83 6 1017.250
83 7 9760.348
83 8 4703.565
83 9 3827.260
83 10 7184.353
83 11 10863.079
83 12 5980.380
83 13 7600.250
83 14 7641.928
83 15 6624.195
83 16 8455.242
83 17 5505.718
83 18 9308.584
83 19 8333.381
83 20 6854.072
83 21 10135.525
83 22 8529.713
83 23 6121.840
83 24 11271.253
83 25 10459.470
83 26 9288.400
83 27 5217.825
83 28 3384.901
83 29 6845.067
83 30 9829.915
83 31 6830.931
83 32 5803.907
83 33 3291.781
83 34 10000.708
83 35 5279.731
83 36 3899.198
83 37 7368.181
83 38 10643.186
83 39 6179.356
83 40 10187.795
83 41 6988.045
83 42 6076.690
83 43 4100.798
83 44 7754.454
83 45 12296.274
83 46 1275.676
83 47 6674.005
83 48 3552.350
83 49 9013.247
83 50 6521.834
83 51 2053.471
83 52 3479.120
83 53 10954.781
83 54 6103.191
83 55 12659.151
83 56 4857.336
83 57 2162.304
83 58 9923.377
83 59 13332.359
83 60 5308.026
83 61 2851.448
83 62 5089.773
83 63 8487.524
83 64 1795.641
83 65 1324.403
83 66 8813.993
83 67 6892.732
83 68 3015.323
83 69 3222.171
83 70 1947.637
83 71 12500.287
83 72 10664.342
83 73 3394.482
83 74 5069.112
83 75 513.556
83 76 2570.582
83 77 4494.623
83 78 12055.570
83 79 4149.776
83 80 4149.334
83 81 7379.262
83 82 2814.564
83 83 0.000
83 84 5120.864
83 85 9894.697
83 86 7165.346
83 87 3491.862
83 88 5688.575
83 89 1934.345
83 90 7967.155
83 91 12557.780
83 92 8743.942
83 93 7655.772
83 94 9218.544
83 95 4672.874
83 96 5256.363
83 97 9140.034
83 98 8914.221
83 99 10836.213
83 100 6901.065
84 0 8836.778
84 1 9912.561
84 2 6672.738
84 3 3678.886
84 4 11052.236
84 5 6105.533
84 6 5008.854
84 7 14879.138
84 8 2206.268
84 9 4927.396
84 10 11107.549
84 11 15983.390
84 12 11096.106
84 13 11988.597
84 14 12168.520
84 15 9641.282
84 16 11983.428
84 17 10088.162
84 18 14340.613
84 19 13448.624
84 20 11077.794
84 21 13159.666
84 22 12332.600
84 23 10704.518
84 24 16264.403
84 25 15529.815
84 26 14382.624
84 27 5447.664
84 28 8305.891
84 29 11517.043
84 30 14864.147
84 31 11914.514
84 32 9991.494
84 33 7729.992
84 34 15105.231
84 35 9810.734
84 36 8681.386
84 37 12487.045
84 38 15755.408
84 39 10563.484
84 40 13386.885
84 41 12044.509
84 42 10804.227
84 43 6044.191
84 44 10365.440
84 45 17395.686
84 46 4825.228
84 47 9184.101
84 48 2317.086
84 49 13317.595
84 50 11089.000
84 51 7171.607
84 52 8386.237
84 53 15864.882
84 54 11108.900
84 55 17778.772
84 56 9707.282
84 57 7139.101
84 58 14968.069
84 59 18427.800
84 60 10428.873
84 61 7545.300
84 62 10144.072
84 63 12593.382
84 64 6621.821
84 65 5538.339
84 66 13907.453
84 67 12001.250
84 68 4770.877
84 69 2178.075
84 70 6250.167
84 71 17582.188
84 72 15772.422
84 73 8503.371
84 74 8331.892
84 75 4607.415
84 76 7525.287
84 77 4210.564
84 78 17159.868
84 79 8307.568
84 80 3068.726
84 81 12475.234
84 82 7573.652
84 83 5120.864
84 84 0.000
84 85 14732.785
84 86 12008.698
84 87 4274.688
84 88 9078.583
84 89 4463.157
84 90 11602.568
84 91 17606.611
84 92 13839.615
84 93 12757.771
84 94 13306.913
84 95 5856.020
84 96 10111.351
84 97 14131.581
84 98 13460.198
84 99 15866.876
84 100 11884.860
85 0 6499.914
85 1 10289.746
85 2 8271.060
85 3 11058.986
85 4 5561.812
85 5 11015.679
85 6 10518.461
85 7 4343.796
85 8 13456.602
85 9 10704.123
85 10 10647.938
85 11 4510.237
85 12 4740.077
85 13 9395.963
85 14 8899.389
85 15 12269.212
85 16 12028.923
85 17 4703.150
85 18 6088.042
85 19 3532.783
85 20 9772.505
85 21 13952.133
85 22 11402.287
85 23 4121.497
85 24 2024.620
85 25 5863.234
85 26 2773.495
85 27 11417.532
85 28 6512.699
85 29 8229.155
85 30 1806.570
85 31 5545.937
85 32 9736.664
85 33 9367.413
85 34 5005.870
85 35 8786.422
85 36 8318.323
85 37 4548.820
85 38 4945.974
85 39 9220.022
85 40 13618.234
85 41 3353.421
85 42 3935.815
85 43 9709.295
85 44 13404.872
85 45 4090.783
85 46 9909.128
85 47 13039.067
85 48 12603.447
85 49 10088.373
85 50 8629.679
85 51 8118.863
85 52 8086.188
85 53 1241.951
85 54 6529.611
85 55 5579.048
85 56 5052.809
85 57 8616.390
85 58 6072.428
85 59 4802.851
85 60 5468.907
85 61 7194.061
85 62 6553.643
85 63 10548.980
85 64 8172.954
85 65 10253.236
85 66 5101.585
85 67 3984.747
85 68 10367.894
85 69 12574.419
85 70 9968.395
85 71 3917.608
85 72 3405.369
85 73 6729.995
85 74 11413.400
85 75 10363.780
85 76 7325.840
85 77 11883.094
85 78 5882.655
85 79 9797.068
85 80 12481.144
85 81 3477.720
85 82 8824.074
85 83 9894.697
85 84 14732.785
85 85 0.000
85 86 7406.023
85 87 11091.081
85 88 11358.013
85 89 11515.497
85 90 11588.522
85 91 3551.540
85 92 2885.108
85 93 5013.139
85 94 10877.197
85 95 10430.840
85 96 7615.075
85 97 1442.193
85 98 9120.748
85 99 2107.947
85 100 6519.208
86 0 4304.010
86 1 3413.076
86 2 6119.316
86 3 9128.036
86 4 2443.427
86 5 6182.931
86 6 7011.688
86 7 4195.824
86 8 11868.668
86 9 10386.475
86 10 3351.296
86 11 5180.389
86 12 3407.581
86 13 1989.993
86 14 1506.590
86 15 5362.974
86 16 4636.722
86 17 6625.647
86 18 2692.732
86 19 3937.448
86 20 2499.965
86 21 6546.399
86 22 3996.638
86 23 6754.022
86 24 7417.045
86 25 3988.528
86 26 4977.367
86 27 11696.768
86 28 5633.918
86 29 921.745
86 30 6049.681
86 31 1928.724
86 32 2915.103
86 33 4328.371
86 34 3993.473
86 35 2410.986
86 36 3330.184
86 37 2863.064
86 38 4684.277
86 39 2205.221
86 40 6222.102
86 41 4461.238
86 42 6223.315
86 43 10036.742
86 44 6310.306
86 45 7175.490
86 46 8120.654
86 47 6275.279
86 48 10716.668
86 49 2904.808
86 50 1459.749
86 51 5304.080
86 52 3688.069
86 53 7730.643
86 54 1426.675
86 55 6702.346
86 56 5623.836
86 57 5003.075
86 58 3319.488
86 59 8132.367
86 60 3213.053
86 61 6452.583
86 62 2411.070
86 63 3170.736
86 64 6555.016
86 65 6471.664
86 66 2903.537
86 67 3648.631
86 68 9639.341
86 69 10355.986
86 70 5763.975
86 71 7590.267
86 72 5682.511
86 73 4598.875
86 74 5115.081
86 75 7638.569
86 76 5857.012
86 77 11361.990
86 78 5794.313
86 79 4022.534
86 80 11256.544
86 81 4027.244
86 82 4444.500
86 83 7165.346
86 84 12008.698
86 85 7406.023
86 86 0.000
86 87 10317.147
86 88 4718.809
86 89 7605.553
86 90 4222.442
86 91 7984.195
86 92 4629.067
86 93 2418.281
86 94 3605.097
86 95 10840.825
86 96 1913.640
86 97 5983.937
86 98 2190.758
86 99 6788.380
86 100 926.122
87 0 6250.712
87 1 9438.293
87 2 4199.195
87 3 1772.505
87 4 8628.667
87 5 6087.227
87 6 4258.649
87 7 12157.561
87 8 2435.461
87 9 677.648
87 10 10670.616
87 11 13192.454
87 12 8326.680
87 13 11000.814
87 14 10989.987
87 15 10041.976
87 16 11945.144
87 17 6396.153
87 18 12117.416
87 19 10559.306
87 20 10306.536
87 21 13594.912
87 22 12017.798
87 23 6969.694
87 24 12831.355
87 25 13131.424
87 26 11310.036
87 27 1822.634
87 28 5223.583
87 29 10136.865
87 30 11564.110
87 31 9573.390
87 32 9275.003
87 33 6767.015
87 34 12530.644
87 35 8679.959
87 36 7231.146
87 37 9848.569
87 38 13098.513
87 39 9605.477
87 40 13664.678
87 41 8919.366
87 42 7201.465
87 43 1769.797
87 44 11115.983
87 45 14274.354
87 46 2273.605
87 47 9984.824
87 48 1981.045
87 49 12419.790
87 50 9876.029
87 51 5019.453
87 52 6739.256
87 53 12293.854
87 54 9080.751
87 55 14971.104
87 56 6341.848
87 57 5463.795
87 58 12684.643
87 59 15265.269
87 60 7833.150
87 61 4307.972
87 62 8015.764
87 63 11944.175
87 64 3808.415
87 65 4740.531
87 66 11439.237
87 67 9113.760
87 68 752.389
87 69 2344.231
87 70 5429.338
87 71 14372.327
87 72 12744.848
87 73 5905.253
87 74 8494.126
87 75 3221.765
87 76 4647.414
87 77 1045.551
87 78 14539.706
87 79 7639.518
87 80 1412.751
87 81 9486.005
87 82 6217.645
87 83 3491.862
87 84 4274.688
87 85 11091.081
87 86 10317.147
87 87 0.000
87 88 9146.649
87 89 4658.070
87 90 11458.731
87 91 14282.038
87 92 10793.037
87 93 10277.315
87 94 12672.187
87 95 1707.689
87 96 8467.719
87 97 10754.047
87 98 12230.299
87 99 12530.338
87 100 9883.838
88 0 5635.877
88 1 1325.215
88 2 5803.907
88 3 7468.317
88 4 5801.667
88 5 3152.565
88 6 4904.269
88 7 8868.899
88 8 9760.542
88 9 9515.558
88 10 2166.729
88 11 9889.248
88 12 6642.666
88 13 3519.864
88 14 3933.624
88 15 1050.922
88 16 2924.960
88 17 8731.445
88 18 7390.153
88 19 8260.135
88 20 2529.158
88 21 4449.188
88 22 3266.831
88 23 9156.175
88 24 11832.049
88 25 8674.934
88 26 9379.005
88 27 10904.280
88 28 6684.314
88 29 3829.790
88 30 10361.952
88 31 6029.441
88 32 1805.303
88 33 2758.553
88 34 8709.859
88 35 2597.198
88 36 3287.300
88 37 7042.093
88 38 9402.712
88 39 2518.602
88 40 4530.158
88 41 8025.757
88 42 8776.247
88 43 9705.232
88 44 2301.191
88 45 11854.948
88 46 6962.093
88 47 1681.058
88 48 8639.544
88 49 4550.853
88 50 3270.853
88 51 5073.028
88 52 3746.366
88 53 11967.988
88 54 4937.659
88 55 11413.757
88 56 7647.315
88 57 4292.007
88 58 7997.015
88 59 12832.292
88 60 5968.884
88 61 7000.328
88 62 4818.724
88 63 3680.090
88 64 6374.356
88 65 4406.123
88 66 7582.386
88 67 7380.382
88 68 8703.889
88 69 8120.098
88 70 3744.531
88 71 12247.313
88 72 10302.220
88 73 5655.417
88 74 746.772
88 75 5925.951
88 76 6289.846
88 77 10103.876
88 78 10480.334
88 79 1883.670
88 80 9531.564
88 81 7908.930
88 82 3522.707
88 83 5688.575
88 84 9078.583
88 85 11358.013
88 86 4718.809
88 87 9146.649
88 88 0.000
88 89 4833.125
88 90 2524.055
88 91 12591.506
88 92 8929.788
88 93 6837.822
88 94 4340.643
88 95 10339.858
88 96 3752.053
88 97 10066.572
88 98 5046.484
88 99 11227.897
88 100 5271.471
89 0 5077.673
89 1 5504.789
89 2 3353.866
89 3 2886.095
89 4 6971.827
89 5 1700.984
89 6 1021.430
89 7 10816.497
89 8 4928.511
89 9 5174.361
89 10 6727.720
89 11 11933.501
89 12 7241.020
89 13 7529.967
89 14 7705.504
89 15 5585.760
89 16 7753.185
89 17 7326.636
89 18 10051.013
89 19 9547.687
89 20 6633.529
89 21 9185.031
89 22 8005.572
89 23 7930.346
89 24 12732.054
89 25 11287.438
89 26 10583.695
89 27 6480.500
89 28 5103.248
89 29 7068.804
89 30 11248.725
89 31 7746.700
89 32 5543.853
89 33 3287.368
89 34 10954.804
89 35 5353.806
89 36 4312.101
89 37 8460.609
89 38 11633.460
89 39 6101.535
89 40 9327.205
89 41 8415.228
89 42 7825.465
89 43 5728.941
89 44 6556.156
89 45 13541.647
89 46 2911.951
89 47 5392.105
89 48 3819.757
89 49 8873.328
89 50 6629.682
89 51 3400.223
89 52 4107.714
89 53 12506.453
89 54 6833.206
89 55 13700.997
89 56 6567.966
89 57 3035.082
89 58 10689.450
89 59 14583.131
89 60 6501.170
89 61 4714.613
89 62 5960.521
89 63 8182.926
89 64 3667.172
89 65 1297.684
89 66 9734.399
89 67 8174.339
89 68 4428.953
89 69 3289.372
89 70 1865.516
89 71 13796.450
89 72 11889.723
89 73 4807.038
89 74 4108.054
89 75 1741.076
89 76 4309.655
89 77 5492.351
89 78 12990.908
89 79 3848.074
89 80 4767.848
89 81 8700.631
89 82 3247.534
89 83 1934.345
89 84 4463.157
89 85 11515.497
89 86 7605.553
89 87 4658.070
89 88 4833.125
89 89 0.000
89 90 7324.120
89 91 13923.716
89 92 10042.397
89 93 8628.589
89 94 8906.008
89 95 6153.370
89 96 5740.716
89 97 10628.261
89 98 8997.046
89 99 12248.953
89 100 7573.010
90 0 6956.548
90 1 2063.455
90 2 7754.869
90 3 9845.281
90 4 6211.995
90 5 5626.680
90 6 7289.259
90 7 8283.199
90 8 12238.371
90 9 11766.911
90 10 1009.941
90 11 9144.937
90 12 7192.367
90 13 2292.905
90 14 2830.748
90 15 2194.292
90 16 527.852
90 17 9938.397
90 18 6494.538
90 19 8157.525
90 20 1848.100
90 21 2519.421
90 22 809.051
90 23 10244.118
90 24 11625.602
90 25 7663.197
90 26 9197.108
90 27 13161.528
90 28 8213.225
90 29 3360.624
90 30 10272.077
90 31 6044.129
90 32 2401.127
90 33 4742.534
90 34 7945.830
90 35 3355.015
90 36 4719.777
90 37 7043.301
90 38 8580.229
90 39 2542.056
90 40 2370.236
90 41 8462.608
90 42 9778.958
90 43 11821.899
90 44 2468.960
90 45 11190.901
90 46 9214.870
90 47 3061.884
90 48 11103.114
90 49 2555.407
90 50 2981.947
90 51 6931.584
90 52 5274.193
90 53 11952.824
90 54 5132.369
90 55 10407.800
90 56 8839.355
90 57 6228.856
90 58 7001.260
90 59 12075.818
90 60 6695.793
90 61 8736.551
90 62 5527.884
90 63 1598.978
90 64 8319.928
90 65 6756.800
90 66 7020.417
90 67 7692.207
90 68 10952.965
90 69 10597.705
90 70 6035.700
90 71 11641.702
90 72 9807.249
90 73 7090.691
90 74 3270.680
90 75 8268.952
90 76 8020.083
90 77 12450.122
90 78 9389.947
90 79 3834.315
90 80 11954.326
90 81 8142.145
90 82 5414.709
90 83 7967.155
90 84 11602.568
90 85 11588.522
90 86 4222.442
90 87 11458.731
90 88 2524.055
90 89 7324.120
90 90 0.000
90 91 12092.895
90 92 8849.857
90 93 6638.542
90 94 2045.930
90 95 12515.398
90 96 4360.275
90 97 10183.370
90 98 3404.632
90 99 10994.268
90 100 5073.652
91 0 8877.788
91 1 11340.520
91 2 10951.830
91 3 13998.753
91 4 7113.996
91 5 13074.984
91 6 12995.803
91 7 3810.858
91 8 16561.270
91 9 13964.303
91 10 11308.465
91 11 3044.356
91 12 6685.225
91 13 9801.402
91 14 9262.969
91 15 13328.043
91 16 12430.142
91 17 7933.630
91 18 5653.163
91 19 4458.877
91 20 10477.946
91 21 14130.735
91 22 11680.104
91 23 7421.857
91 24 1535.636
91 25 4716.087
91 26 3360.700
91 27 14793.532
91 28 9310.000
91 29 8905.453
91 30 2745.385
91 31 6612.243
91 32 10806.701
91 33 11228.404
91 34 4190.899
91 35 10033.915
91 36 10076.036
91 37 5660.478
91 38 3652.279
91 39 10145.687
91 40 13706.691
91 41 5570.480
91 42 7103.859
91 43 13039.510
91 44 14292.773
91 45 1150.328
91 46 12820.574
91 47 14215.816
91 48 15616.217
91 49 10008.487
91 50 9426.414
91 51 10586.593
91 52 10023.897
91 53 2370.535
91 54 7712.426
91 55 2835.914
91 56 7978.501
91 57 10893.901
91 58 5268.700
91 59 1312.190
91 60 7435.693
91 61 10127.703
91 62 8202.588
91 63 10726.974
91 64 10988.919
91 65 12626.177
91 66 5089.842
91 67 5752.497
91 68 13538.101
91 69 15508.063
91 70 12180.525
91 71 661.749
91 72 2301.775
91 73 9182.444
91 74 12846.604
91 75 13059.601
91 76 10081.490
91 77 15146.560
91 78 3653.219
91 79 11398.109
91 80 15631.622
91 81 5223.137
91 82 10867.574
91 83 12557.780
91 84 17606.611
91 85 3551.540
91 86 7984.195
91 87 14282.038
91 88 12591.506
91 89 13923.716
91 90 12092.895
91 91 0.000
91 92 3892.275
91 93 5761.722
91 94 10823.846
91 95 13798.148
91 96 8970.046
91 97 3528.435
91 98 8978.021
91 99 1754.039
91 100 7322.553
92 0 5030.857
92 1 7753.336
92 2 7167.033
92 3 10300.990
92 4 3253.775
92 5 9188.466
92 6 9128.788
92 7 1793.112
92 8 12954.923
92 9 10566.880
92 10 7950.749
92 11 2534.359
92 12 2801.903
92 13 6605.034
92 14 6091.490
92 15 9757.701
92 16 9264.348
92 17 4792.656
92 18 3253.089
92 19 692.809
92 20 7080.320
92 21 11146.318
92 22 8601.351
92 23 4464.104
92 24 2906.427
92 25 3304.685
92 26 544.802
92 27 11566.068
92 28 5630.785
92 29 5501.229
92 30 1440.230
92 31 2909.361
92 32 7202.566
92 33 7358.599
92 34 2432.446
92 35 6334.391
92 36 6215.884
92 37 1888.289
92 38 2675.375
92 39 6609.373
92 40 10792.564
92 41 1874.427
92 42 3983.497
92 43 9770.898
92 44 10823.672
92 45 3556.188
92 46 9122.408
92 47 10594.369
92 48 11947.975
92 49 7218.375
92 50 5954.300
92 51 6736.573
92 52 6138.219
92 53 3105.136
92 54 3992.224
92 55 4224.857
92 56 4476.090
92 57 7008.951
92 58 3343.202
92 59 4589.164
92 60 3545.596
92 61 6511.166
92 62 4342.152
92 63 7719.735
92 64 7269.747
92 65 8744.795
92 66 2233.970
92 67 1869.111
92 68 10040.668
92 69 11789.419
92 70 8288.711
92 71 3763.118
92 72 1956.881
92 73 5350.224
92 74 9104.983
92 75 9252.457
92 76 6352.098
92 77 11731.037
92 78 4011.505
92 79 7587.868
92 80 12078.835
92 81 1364.958
92 82 6977.286
92 83 8743.942
92 84 13839.615
92 85 2885.108
92 86 4629.067
92 87 10793.037
92 88 8929.788
92 89 10042.397
92 90 8849.857
92 91 3892.275
92 92 0.000
92 93 2211.324
92 94 8014.559
92 95 10576.525
92 96 5208.565
92 97 1449.088
92 98 6240.813
92 99 2319.945
92 100 3796.582
93 0 4054.765
93 1 5612.077
93 2 6240.535
93 3 9446.483
93 4 1709.218
93 5 7524.804
93 6 7821.952
93 7 2204.060
93 8 12197.085
93 9 10187.630
93 10 5744.456
93 11 3317.664
93 12 2038.913
93 13 4399.415
93 14 3892.435
93 15 7613.677
93 16 7054.664
93 17 5223.328
93 18 1943.392
93 19 1519.247
93 20 4876.832
93 21 8949.289
93 22 6400.963
93 23 5151.674
93 24 5041.524
93 25 2855.646
93 26 2583.366
93 27 11361.206
93 28 5100.503
93 29 3293.345
93 30 3638.488
93 31 897.012
93 32 5068.768
93 33 5621.591
93 34 2347.549
93 35 4272.205
93 36 4461.400
93 37 629.118
93 38 3009.364
93 39 4440.124
93 40 8607.095
93 41 2422.802
93 42 4600.200
93 43 9589.685
93 44 8645.252
93 45 5105.544
93 46 8309.666
93 47 8478.667
93 48 11105.165
93 49 5100.768
93 50 3760.752
93 51 5605.792
93 52 4535.798
93 53 5315.098
93 54 1967.128
93 55 5072.484
93 56 4463.221
93 57 5649.706
93 58 2434.235
93 59 6124.878
93 60 2445.263
93 61 6021.644
93 62 2668.808
93 63 5536.318
93 64 6506.182
93 65 7359.319
93 66 1168.915
93 67 1655.476
93 68 9540.705
93 69 10851.563
93 70 6783.713
93 71 5456.725
93 72 3493.709
93 73 4404.847
93 74 7086.266
93 75 8167.312
93 76 5632.101
93 77 11287.413
93 78 4402.119
93 79 5676.178
93 80 11427.762
93 81 1815.221
93 82 5404.749
93 83 7655.772
93 84 12757.771
93 85 5013.139
93 86 2418.281
93 87 10277.315
93 88 6837.822
93 89 8628.589
93 90 6638.542
93 91 5761.722
93 92 2211.324
93 93 0.000
93 94 5876.203
93 95 10415.608
93 96 3231.250
93 97 3579.635
93 98 4172.809
93 99 4421.468
93 100 1602.476
94 0 7395.284
94 1 3401.607
94 2 8679.804
94 3 11179.266
94 4 5996.939
94 5 7216.428
94 6 8694.762
94 7 7088.483
94 8 13728.105
94 9 12894.533
94 10 2205.531
94 11 7792.462
94 12 6984.488
94 13 1832.460
94 14 2143.370
94 15 4216.296
94 16 2031.411
94 17 10094.668
94 18 5179.449
94 19 7346.775
94 20 2366.038
94 21 3323.698
94 22 1256.670
94 23 10285.332
94 24 10580.042
94 25 6183.676
94 26 8263.905
94 27 14275.492
94 28 8736.262
94 29 3057.154
94 30 9361.310
94 31 5527.257
94 32 3424.641
94 33 5929.668
94 34 6634.793
94 35 4029.282
94 36 5515.277
94 37 6404.485
94 38 7194.889
94 39 3083.625
94 40 2883.607
94 41 8063.549
94 42 9769.489
94 43 12786.068
94 44 4458.512
94 45 9829.240
94 46 10398.677
94 47 5105.688
94 48 12570.801
94 49 817.676
94 50 3017.015
94 51 7821.756
94 52 6056.740
94 53 11040.900
94 54 4906.083
94 55 8836.908
94 56 9038.547
94 57 7237.027
94 58 5571.184
94 59 10631.090
94 60 6680.385
94 61 9415.205
94 62 5647.242
94 63 732.371
94 64 9212.525
94 65 8136.643
94 66 5928.557
94 67 7248.358
94 68 12092.564
94 69 12102.277
94 70 7381.331
94 71 10309.039
94 72 8610.343
94 73 7612.151
94 74 5065.510
94 75 9590.677
94 76 8730.354
94 77 13698.343
94 78 7790.740
94 79 5128.750
94 80 13333.002
94 81 7600.884
94 82 6458.209
94 83 9218.544
94 84 13306.913
94 85 10877.197
94 86 3605.097
94 87 12672.187
94 88 4340.643
94 89 8906.008
94 90 2045.930
94 91 10823.846
94 92 8014.559
94 93 5876.203
94 94 0.000
94 95 13535.913
94 96 4626.737
94 97 9436.442
94 98 1847.673
94 99 9948.303
94 100 4529.933
95 0 6574.545
95 1 10458.573
95 2 4857.749
95 3 3341.191
95 4 8873.292
95 5 7418.922
95 6 5586.297
95 7 12099.257
95 8 3797.476
95 9 1044.995
95 10 11658.189
95 11 13068.006
95 12 8389.413
95 13 11785.239
95 14 11701.949
95 15 11293.397
95 16 13021.255
95 17 5882.092
95 18 12328.878
95 19 10450.114
95 20 11193.616
95 21 14773.231
95 22 13005.707
95 23 6376.358
95 24 12296.685
95 25 13225.702
95 26 11060.822
95 27 996.784
95 28 5338.378
95 29 10799.817
95 30 11153.820
95 31 9815.666
95 32 10222.015
95 33 7772.864
95 34 12545.314
95 35 9506.631
95 36 8021.215
95 37 9915.616
95 38 13053.104
95 39 10453.198
95 40 14797.183
95 41 8722.160
95 42 6719.952
95 43 825.926
95 44 12426.555
95 45 13925.691
95 46 3400.946
95 47 11335.318
95 48 3634.732
95 49 13195.384
95 50 10616.267
95 51 5716.924
95 52 7485.642
95 53 11664.955
95 54 9503.941
95 55 14800.948
95 56 6123.931
95 57 6321.678
95 58 12849.842
95 59 14873.505
95 60 8028.163
95 61 4438.930
95 62 8449.126
95 63 12821.939
95 64 4340.961
95 65 5992.941
95 66 11543.470
95 67 9063.576
95 68 1724.527
95 69 4042.700
95 70 6598.500
95 71 13964.316
95 72 12487.175
95 73 6256.589
95 74 9738.689
95 75 4542.056
95 76 4985.126
95 77 1746.006
95 78 14483.685
95 79 8685.423
95 80 2805.164
95 81 9354.612
95 82 7126.353
95 83 4672.874
95 84 5856.020
95 85 10430.840
95 86 10840.825
95 87 1707.689
95 88 10339.858
95 89 6153.370
95 90 12515.398
95 91 13798.148
95 92 10576.525
95 93 10415.608
95 94 13535.913
95 95 0.000
95 96 9098.825
95 97 10309.943
95 98 12883.597
95 99 12071.403
95 100 10283.099
96 0 2768.557
96 1 2703.455
96 2 4290.186
96 3 7226.298
96 4 2053.395
96 5 4418.207
96 6 5106.937
96 7 5398.615
96 8 9959.835
96 9 8576.910
96 10 3350.543
96 11 6489.629
96 12 2944.847
96 13 2797.367
96 14 2621.509
96 15 4656.788
96 16 4872.565
96 17 5599.692
96 18 4337.626
96 19 4556.024
96 20 2556.691
96 21 6877.643
96 22 4491.815
96 23 5885.486
96 24 8114.920
96 25 5605.609
96 26 5680.675
96 27 9915.704
96 28 4111.250
96 29 1701.819
96 30 6629.622
96 31 2358.468
96 32 2160.502
96 33 2512.052
96 34 5392.821
96 35 1173.320
96 36 1432.488
96 37 3332.962
96 38 6093.108
96 39 1818.476
96 40 6680.805
96 41 4306.340
96 42 5418.995
96 43 8313.747
96 44 5818.505
96 45 8336.147
96 46 6243.266
96 47 5431.360
96 48 8805.938
96 49 4153.527
96 50 1610.081
96 51 3449.931
96 52 1777.257
96 53 8219.428
96 54 1264.123
96 55 8172.210
96 56 4508.810
96 57 3094.596
96 58 4980.164
96 59 9351.823
96 60 2358.229
96 61 4823.326
96 62 1174.493
96 63 3980.995
96 64 4765.889
96 65 4573.285
96 66 4179.364
96 67 3632.010
96 68 7810.179
96 69 8442.413
96 70 3882.844
96 71 8686.003
96 72 6721.807
96 73 2992.785
96 74 3897.043
96 75 5726.301
96 76 4164.841
96 77 9513.179
96 78 7365.596
96 79 2446.145
96 80 9364.430
96 81 4157.239
96 82 2538.609
96 83 5256.363
96 84 10111.351
96 85 7615.075
96 86 1913.640
96 87 8467.719
96 88 3752.053
96 89 5740.716
96 90 4360.275
96 91 8970.046
96 92 5208.565
96 93 3231.250
96 94 4626.737
96 95 9098.825
96 96 0.000
96 97 6314.546
96 98 3787.305
96 99 7522.891
96 100 1870.474
97 0 5551.605
97 1 8954.214
97 2 7517.573
97 3 10498.819
97 4 4270.929
97 5 9969.838
97 6 9661.218
97 7 3037.695
97 8 13036.796
97 9 10443.307
97 10 9255.740
97 11 3430.650
97 12 3552.131
97 13 7972.464
97 14 7470.736
97 15 10947.726
97 16 10615.570
97 17 4429.201
97 18 4683.889
97 19 2090.753
97 20 8380.637
97 21 12526.589
97 22 9977.205
97 23 3952.706
97 24 2134.346
97 25 4580.933
97 26 1424.655
97 27 11306.678
97 28 5825.885
97 29 6822.863
97 30 858.970
97 31 4154.622
97 32 8400.346
97 33 8234.102
97 34 3705.575
97 35 7476.415
97 36 7138.587
97 37 3141.182
97 38 3764.267
97 39 7854.823
97 40 12186.726
97 41 2227.841
97 42 3593.155
97 43 9538.265
97 44 12058.585
97 45 3644.224
97 46 9324.256
97 47 11745.216
97 48 12103.969
97 49 8646.553
97 50 7240.996
97 51 7238.343
97 52 6965.859
97 53 1935.152
97 54 5176.109
97 55 4817.942
97 56 4458.427
97 57 7644.466
97 58 4717.923
97 59 4564.623
97 60 4311.359
97 61 6617.030
97 62 5312.440
97 63 9115.589
97 64 7510.498
97 65 9340.836
97 66 3678.527
97 67 2702.171
97 68 10009.743
97 69 12012.752
97 70 8978.679
97 71 3654.424
97 72 2453.421
97 73 5825.303
97 74 10169.436
97 75 9631.797
97 76 6615.454
97 77 11624.766
97 78 4896.851
97 79 8585.574
97 80 12103.645
97 81 2160.781
97 82 7753.028
97 83 9140.034
97 84 14131.581
97 85 1442.193
97 86 5983.937
97 87 10754.047
97 88 10066.572
97 89 10628.261
97 90 10183.370
97 91 3528.435
97 92 1449.088
97 93 3579.635
97 94 9436.442
97 95 10309.943
97 96 6314.546
97 97 0.000
97 98 7678.774
97 99 1776.483
97 100 5109.724
98 0 6428.910
98 1 3801.659
98 2 8073.002
98 3 10902.485
98 4 4619.426
98 5 7395.854
98 6 8581.647
98 7 5243.391
98 8 13582.151
98 9 12359.642
98 10 2991.421
98 11 5950.939
98 12 5557.781
98 13 1544.362
98 14 1293.357
98 15 5283.367
98 16 3606.578
98 17 8810.552
98 18 3331.778
98 19 5590.150
98 20 2540.864
98 21 5156.978
98 22 2804.762
98 23 8919.334
98 24 8743.784
98 25 4363.113
98 26 6458.916
98 27 13702.630
98 28 7773.984
98 29 2094.737
98 30 7555.208
98 31 3977.077
98 32 3545.416
98 33 5764.190
98 34 4787.989
98 35 3675.268
98 36 5021.202
98 37 4745.298
98 38 5356.705
98 39 2905.437
98 40 4728.783
98 41 6484.431
98 42 8382.061
98 43 12094.116
98 44 5855.012
98 45 7992.206
98 46 9982.439
98 47 6234.735
98 48 12418.483
98 49 1030.733
98 50 2401.023
98 51 7225.592
98 52 5492.178
98 53 9227.297
98 54 3615.215
98 55 7060.348
98 56 7814.529
98 57 6788.574
98 58 3735.603
98 59 8812.580
98 60 5403.471
98 61 8557.507
98 62 4552.748
98 63 1842.284
98 64 8553.181
98 65 8020.129
98 66 4104.691
98 67 5667.147
98 68 11586.568
98 69 12005.056
98 70 7268.373
98 71 8468.581
98 72 6763.386
98 73 6702.129
98 74 5667.164
98 75 9348.581
98 76 7926.995
98 77 13274.317
98 78 6025.735
98 79 5161.592
98 80 13060.664
98 81 5958.131
98 82 6102.507
98 83 8914.221
98 84 13460.198
98 85 9120.748
98 86 2190.758
98 87 12230.299
98 88 5046.484
98 89 8997.046
98 90 3404.632
98 91 8978.021
98 92 6240.813
98 93 4172.809
98 94 1847.673
98 95 12883.597
98 96 3787.305
98 97 7678.774
98 98 0.000
98 99 8113.324
98 100 3040.770
99 0 7181.816
99 1 10027.203
99 2 9223.284
99 3 12250.418
99 4 5570.479
99 5 11473.414
99 6 11304.991
99 7 2904.443
99 8 14807.285
99 9 12218.517
99 10 10139.075
99 11 2659.822
99 12 5037.871
99 13 8712.328
99 14 8181.628
99 15 12030.965
99 16 11377.109
99 17 6196.216
99 18 4827.511
99 19 2969.663
99 20 9280.324
99 21 13186.960
99 22 10670.418
99 23 5700.054
99 24 633.656
99 25 4241.108
99 26 1849.002
99 27 13067.744
99 28 7564.824
99 29 7692.468
99 30 1006.344
99 31 5198.457
99 32 9480.287
99 33 9664.427
99 34 3482.299
99 35 8637.417
99 36 8528.118
99 37 4192.057
99 38 3201.168
99 39 8861.407
99 40 12798.699
99 41 3851.743
99 42 5362.835
99 43 11305.496
99 44 13065.168
99 45 2003.936
99 46 11073.102
99 47 12884.135
99 48 13864.620
99 49 9133.078
99 50 8177.767
99 51 8887.158
99 52 8429.380
99 53 1314.543
99 54 6293.588
99 55 3482.755
99 56 6224.780
99 57 9230.932
99 58 4621.459
99 59 2828.208
99 60 5799.213
99 61 8375.954
99 62 6656.857
99 63 9747.819
99 64 9246.253
99 65 10953.396
99 66 4025.335
99 67 4115.283
99 68 11785.697
99 69 13761.329
99 70 10538.783
99 71 1914.862
99 72 1534.442
99 73 7476.961
99 74 11419.929
99 75 11334.844
99 76 8342.088
99 77 13400.256
99 78 3883.018
99 79 9907.773
99 80 13877.994
99 81 3569.715
99 82 9255.341
99 83 10836.213
99 84 15866.876
99 85 2107.947
99 86 6788.380
99 87 12530.338
99 88 11227.897
99 89 12248.953
99 90 10994.268
99 91 1754.039
99 92 2319.945
99 93 4421.468
99 94 9948.303
99 95 12071.403
99 96 7522.891
99 97 1776.483
99 98 8113.324
99 99 0.000
99 100 6023.287
100 0 3708.619
100 1 4021.946
100 2 5698.407
100 3 8816.368
100 4 1593.680
100 5 6288.416
100 6 6878.564
100 7 3616.046
100 8 11577.465
100 9 9899.460
100 10 4156.181
100 11 4676.264
100 12 2517.215
100 13 2893.883
100 14 2427.988
100 15 6019.068
100 16 5509.717
100 17 5784.314
100 18 2478.751
100 19 3104.548
100 20 3284.236
100 21 7445.017
100 22 4898.040
100 23 5878.794
100 24 6643.980
100 25 3736.317
100 26 4185.511
100 27 11171.958
100 28 4988.648
100 29 1713.343
100 30 5232.368
100 31 1004.257
100 32 3484.596
100 33 4379.911
100 34 3545.030
100 35 2755.282
100 36 3267.345
100 37 1970.744
100 38 4247.427
100 39 2840.340
100 40 7132.567
100 41 3535.139
100 42 5341.343
100 43 9467.466
100 44 7042.776
100 45 6594.750
100 46 7751.576
100 47 6895.053
100 48 10442.411
100 49 3818.322
100 50 2159.773
100 51 4933.898
100 52 3499.494
100 53 6900.676
100 54 806.237
100 55 6319.790
100 56 4819.527
100 57 4765.643
100 58 3119.092
100 59 7587.937
100 60 2419.772
100 61 5852.565
100 62 1868.159
100 63 4092.077
100 64 6081.162
100 65 6365.723
100 66 2351.552
100 67 2722.707
100 68 9181.205
100 69 10121.280
100 70 5707.869
100 71 6978.070
100 72 5030.783
100 73 4031.708
100 74 5568.193
100 75 7395.131
100 76 5311.628
100 77 10922.621
100 78 5496.640
100 79 4267.691
100 80 10903.857
100 81 3110.171
100 82 4333.681
100 83 6901.065
100 84 11884.860
100 85 6519.208
100 86 926.122
100 87 9883.838
100 88 5271.471
100 89 7573.010
100 90 5073.652
100 91 7322.553
100 92 3796.582
100 93 1602.476
100 94 4529.933
100 95 10283.099
100 96 1870.474
100 97 5109.724
100 98 3040.770
100 99 6023.287
100 100 0.000
