trucks_count 3
drones_count 3
customers 125
depot 0.0000 0.0000
Coordinate X         Coordinate Y         Dronable Demand
X	Y	Dronable	Demand	Drone_service	Truck_service	Lw
0.0000	0.0000	1.0	1.1214	124.2	124.2	4200.0
0.0000	0.0000	1.0	0.7253	105.8	105.8	2400.0
0.0000	0.0000	1.0	1.9078	113.3	113.3	2400.0
0.0000	0.0000	1.0	1.8423	111.7	111.7	4800.0
0.0000	0.0000	1.0	1.7812	127.1	127.1	2400.0
0.0000	0.0000	1.0	1.0998	125.3	125.3	2400.0
0.0000	0.0000	1.0	0.7753	131.8	131.8	3600.0
0.0000	0.0000	1.0	1.8414	107.6	107.6	4200.0
0.0000	0.0000	1.0	1.9310	117.7	117.7	3600.0
0.0000	0.0000	1.0	0.8113	105.9	105.9	4200.0
0.0000	0.0000	1.0	1.3318	111.6	111.6	2400.0
0.0000	0.0000	1.0	0.7900	120.2	120.2	3600.0
0.0000	0.0000	1.0	1.6888	105.8	105.8	4200.0
0.0000	0.0000	1.0	1.6956	111.0	111.0	4200.0
0.0000	0.0000	1.0	0.8669	124.5	124.5	3600.0
0.0000	0.0000	1.0	1.3179	121.3	121.3	4800.0
0.0000	0.0000	1.0	1.4147	111.6	111.6	4200.0
0.0000	0.0000	1.0	1.0446	122.7	122.7	2400.0
0.0000	0.0000	1.0	1.8342	129.3	129.3	4200.0
0.0000	0.0000	1.0	1.2501	105.2	105.2	2400.0
0.0000	0.0000	1.0	0.9753	129.2	129.2	3600.0
0.0000	0.0000	1.0	1.4011	125.9	125.9	4200.0
0.0000	0.0000	1.0	1.6489	115.2	115.2	2400.0
0.0000	0.0000	1.0	0.9615	109.7	109.7	2400.0
0.0000	0.0000	1.0	1.1052	133.7	133.7	3600.0
0.0000	0.0000	1.0	1.9937	115.1	115.1	4200.0
0.0000	0.0000	1.0	1.5448	107.8	107.8	4200.0
0.0000	0.0000	1.0	1.2695	107.9	107.9	3600.0
0.0000	0.0000	1.0	1.3728	130.4	130.4	4200.0
0.0000	0.0000	1.0	0.8573	123.1	123.1	3600.0
0.0000	0.0000	1.0	0.9921	129.2	129.2	4200.0
0.0000	0.0000	1.0	1.1395	126.9	126.9	4800.0
0.0000	0.0000	1.0	1.4648	121.1	121.1	4200.0
0.0000	0.0000	1.0	0.9991	134.2	134.2	2400.0
0.0000	0.0000	1.0	0.9863	116.4	116.4	2400.0
0.0000	0.0000	1.0	0.7923	121.6	121.6	4800.0
0.0000	0.0000	1.0	1.5204	129.9	129.9	4200.0
0.0000	0.0000	1.0	0.9976	123.6	123.6	2400.0
0.0000	0.0000	1.0	1.8770	130.9	130.9	2400.0
0.0000	0.0000	1.0	1.8175	122.3	122.3	4200.0
0.0000	0.0000	1.0	0.7921	126.1	126.1	3600.0
0.0000	0.0000	1.0	1.0094	106.4	106.4	4200.0
0.0000	0.0000	1.0	1.5697	111.8	111.8	3600.0
0.0000	0.0000	1.0	0.9785	113.7	113.7	4800.0
0.0000	0.0000	1.0	0.8720	107.4	107.4	4800.0
0.0000	0.0000	1.0	1.9162	112.0	112.0	2400.0
0.0000	0.0000	1.0	1.4424	108.0	108.0	2400.0
0.0000	0.0000	1.0	1.3145	113.3	113.3	2400.0
0.0000	0.0000	1.0	1.7200	124.1	124.1	3600.0
0.0000	0.0000	1.0	1.7497	115.9	115.9	2400.0
0.0000	0.0000	1.0	0.9475	116.1	116.1	4200.0
0.0000	0.0000	1.0	0.8260	111.3	111.3	3600.0
0.0000	0.0000	1.0	1.2604	113.0	113.0	4800.0
0.0000	0.0000	1.0	1.2507	133.1	133.1	3600.0
0.0000	0.0000	1.0	1.3071	124.4	124.4	2400.0
0.0000	0.0000	1.0	1.6478	123.3	123.3	4200.0
0.0000	0.0000	1.0	1.5754	110.1	110.1	4200.0
0.0000	0.0000	1.0	1.9794	126.9	126.9	2400.0
0.0000	0.0000	1.0	0.8279	109.9	109.9	4200.0
0.0000	0.0000	1.0	1.2234	116.4	116.4	3600.0
0.0000	0.0000	1.0	1.1411	134.7	134.7	3600.0
0.0000	0.0000	1.0	1.8202	124.2	124.2	2400.0
0.0000	0.0000	1.0	1.0233	121.7	121.7	4200.0
0.0000	0.0000	1.0	0.9473	125.5	125.5	4800.0
0.0000	0.0000	1.0	1.2832	130.3	130.3	3600.0
0.0000	0.0000	1.0	1.2484	128.3	128.3	3600.0
0.0000	0.0000	1.0	1.0621	111.9	111.9	3600.0
0.0000	0.0000	1.0	1.0247	106.0	106.0	3600.0
0.0000	0.0000	1.0	1.9002	114.5	114.5	4800.0
0.0000	0.0000	1.0	1.2761	113.0	113.0	2400.0
0.0000	0.0000	1.0	1.8198	111.3	111.3	3600.0
0.0000	0.0000	1.0	1.4154	133.3	133.3	4200.0
0.0000	0.0000	1.0	0.7658	131.3	131.3	4800.0
0.0000	0.0000	1.0	1.9991	114.4	114.4	3600.0
0.0000	0.0000	1.0	1.7868	124.7	124.7	4200.0
0.0000	0.0000	1.0	1.9597	116.9	116.9	3600.0
0.0000	0.0000	1.0	1.9043	132.4	132.4	2400.0
0.0000	0.0000	1.0	1.8033	118.8	118.8	4800.0
0.0000	0.0000	1.0	0.9162	112.9	112.9	2400.0
0.0000	0.0000	1.0	1.3313	112.4	112.4	4800.0
0.0000	0.0000	1.0	0.9779	121.8	121.8	3600.0
0.0000	0.0000	1.0	1.2214	112.9	112.9	3600.0
0.0000	0.0000	1.0	0.7762	122.5	122.5	4800.0
0.0000	0.0000	1.0	1.1927	131.9	131.9	4200.0
0.0000	0.0000	1.0	1.9809	117.0	117.0	4200.0
0.0000	0.0000	1.0	1.0448	111.6	111.6	3600.0
0.0000	0.0000	1.0	1.7193	134.9	134.9	3600.0
0.0000	0.0000	1.0	1.2915	120.3	120.3	2400.0
0.0000	0.0000	1.0	1.2499	107.7	107.7	3600.0
0.0000	0.0000	1.0	1.9445	106.4	106.4	4800.0
0.0000	0.0000	1.0	1.9940	108.3	108.3	4200.0
0.0000	0.0000	1.0	1.4225	123.8	123.8	4200.0
0.0000	0.0000	1.0	1.6339	128.8	128.8	2400.0
0.0000	0.0000	1.0	0.9012	117.7	117.7	4200.0
0.0000	0.0000	1.0	1.0857	106.9	106.9	4200.0
0.0000	0.0000	1.0	1.9593	116.4	116.4	4800.0
0.0000	0.0000	1.0	1.4529	134.9	134.9	4200.0
0.0000	0.0000	1.0	1.4049	120.9	120.9	2400.0
0.0000	0.0000	1.0	1.6724	134.1	134.1	2400.0
0.0000	0.0000	1.0	0.7743	130.8	130.8	4200.0
0.0000	0.0000	1.0	1.4594	105.3	105.3	3600.0
0.0000	0.0000	1.0	1.3537	126.6	126.6	4200.0
0.0000	0.0000	1.0	1.8085	125.5	125.5	2400.0
0.0000	0.0000	1.0	0.9047	121.1	121.1	2400.0
0.0000	0.0000	1.0	1.9490	113.0	113.0	4800.0
0.0000	0.0000	1.0	0.8041	124.2	124.2	4200.0
0.0000	0.0000	1.0	0.9416	108.3	108.3	4200.0
0.0000	0.0000	1.0	1.4735	118.0	118.0	4800.0
0.0000	0.0000	1.0	1.5778	118.6	118.6	2400.0
0.0000	0.0000	1.0	1.0058	133.6	133.6	4800.0
0.0000	0.0000	1.0	0.8559	131.3	131.3	3600.0
0.0000	0.0000	1.0	1.8574	112.9	112.9	4200.0
0.0000	0.0000	1.0	1.0201	120.0	120.0	2400.0
0.0000	0.0000	1.0	1.4729	110.4	110.4	4800.0
0.0000	0.0000	1.0	1.5052	132.4	132.4	2400.0
0.0000	0.0000	1.0	1.2450	131.1	131.1	3600.0
0.0000	0.0000	1.0	1.4588	114.0	114.0	4200.0
0.0000	0.0000	1.0	1.3796	124.2	124.2	4800.0
0.0000	0.0000	1.0	1.9151	123.3	123.3	2400.0
0.0000	0.0000	1.0	0.9655	109.6	109.6	4200.0
0.0000	0.0000	1.0	1.6310	127.9	127.9	4200.0
0.0000	0.0000	1.0	1.0103	121.2	121.2	2400.0
0.0000	0.0000	1.0	1.2145	128.4	128.4	4200.0
0.0000	0.0000	1.0	1.5732	120.9	120.9	4200.0
0.0000	0.0000	1.0	1.0900	105.0	105.0	4800.0
arc_sigma_start
0 1 1.0015 0.9147 0.9480 0.9994 1.0192 0.9902 0.8915 0.9501
0 2 0.8843 0.8002 0.8237 0.8706 0.8922 0.8650 0.7687 0.8152
0 3 1.0207 0.9234 0.9497 1.0032 1.0278 0.9966 0.8857 0.9383
0 4 0.8286 0.7489 0.7705 0.8154 0.8365 0.8123 0.7229 0.7661
0 5 1.0201 0.9225 0.9487 1.0025 1.0275 0.9973 0.8874 0.9400
0 6 0.6279 0.5681 0.5840 0.6165 0.6314 0.6109 0.5412 0.5725
0 7 1.1489 1.0382 1.0681 1.1302 1.1595 1.1260 1.0022 1.0618
0 8 1.0140 0.9173 0.9430 0.9958 1.0202 0.9900 0.8808 0.9326
0 9 0.9282 0.8391 0.8630 0.9123 0.9353 0.9081 0.8081 0.8559
0 10 0.9686 0.8763 0.9007 0.9509 0.9741 0.9453 0.8411 0.8905
0 11 0.7882 0.7132 0.7331 0.7736 0.7922 0.7672 0.6807 0.7201
0 12 1.0066 0.9104 0.9360 0.9887 1.0132 0.9834 0.8751 0.9265
0 13 0.9314 0.8428 0.8662 0.9140 0.9360 0.9056 0.8026 0.8487
0 14 1.0305 0.9319 0.9582 1.0125 1.0378 1.0074 0.8965 0.9492
0 15 0.9129 0.8258 0.8489 0.8965 0.9184 0.8913 0.7931 0.8397
0 16 1.1511 1.0416 1.0706 1.1297 1.1569 1.1225 0.9987 1.0571
0 17 1.0310 0.9328 0.9588 1.0122 1.0368 1.0060 0.8952 0.9476
0 18 0.8688 0.7863 0.8081 0.8526 0.8730 0.8449 0.7491 0.7922
0 19 0.8449 0.7646 0.7858 0.8291 0.8490 0.8219 0.7291 0.7710
0 20 1.1425 1.0339 1.0626 1.1211 1.1479 1.1135 0.9905 1.0482
0 21 0.7615 0.6892 0.7083 0.7473 0.7652 0.7401 0.6558 0.6933
0 22 0.7544 0.6827 0.7016 0.7402 0.7579 0.7328 0.6490 0.6860
0 23 1.1109 1.0049 1.0331 1.0911 1.1179 1.0848 0.9654 1.0219
0 24 1.1075 1.0018 1.0299 1.0875 1.1141 1.0811 0.9620 1.0183
0 25 1.0059 0.9104 0.9357 0.9871 1.0107 0.9802 0.8718 0.9225
0 26 0.9847 0.8895 0.9153 0.9694 0.9950 0.9667 0.8607 0.9119
0 27 1.1366 1.0287 1.0572 1.1154 1.1420 1.1050 0.9796 1.0357
0 28 1.2014 1.0870 1.1174 1.1794 1.2078 1.1719 1.0428 1.1036
0 29 1.0414 0.9425 0.9687 1.0219 1.0463 1.0149 0.9028 0.9554
0 30 0.9554 0.8639 0.8884 0.9389 0.9624 0.9342 0.8315 0.8804
0 31 0.7997 0.7238 0.7439 0.7847 0.8034 0.7773 0.6890 0.7285
0 32 1.1338 1.0262 1.0547 1.1126 1.1391 1.1023 0.9774 1.0335
0 33 0.9500 0.8595 0.8836 0.9328 0.9554 0.9271 0.8250 0.8732
0 34 1.1098 1.0044 1.0324 1.0891 1.1150 1.0791 0.9570 1.0119
0 35 1.1100 1.0045 1.0325 1.0894 1.1154 1.0821 0.9628 1.0189
0 36 0.9460 0.8559 0.8798 0.9288 0.9513 0.9231 0.8214 0.8694
0 37 0.7789 0.7048 0.7245 0.7646 0.7830 0.7597 0.6760 0.7154
0 38 1.0720 0.9701 0.9971 1.0520 1.0772 1.0450 0.9298 0.9840
0 39 0.8603 0.7786 0.8002 0.8442 0.8643 0.8361 0.7412 0.7836
0 40 1.0750 0.9730 1.0000 1.0549 1.0800 1.0470 0.9308 0.9848
0 41 0.9213 0.8339 0.8570 0.9041 0.9256 0.8971 0.7973 0.8435
0 42 0.9476 0.8573 0.8813 0.9304 0.9529 0.9246 0.8228 0.8709
0 43 1.1234 1.0168 1.0450 1.1024 1.1286 1.0914 0.9670 1.0222
0 44 0.7958 0.7203 0.7403 0.7809 0.7995 0.7726 0.6838 0.7226
0 45 1.0024 0.9073 0.9325 0.9837 1.0070 0.9764 0.8683 0.9186
0 46 0.9558 0.8651 0.8891 0.9379 0.9602 0.9306 0.8270 0.8748
0 47 1.1875 1.0748 1.1046 1.1653 1.1929 1.1553 1.0256 1.0846
0 48 0.9767 0.8840 0.9085 0.9584 0.9811 0.9501 0.8433 0.8918
0 49 0.8971 0.8120 0.8345 0.8803 0.9012 0.8737 0.7768 0.8219
0 50 1.1809 1.0685 1.0984 1.1595 1.1875 1.1521 1.0253 1.0851
0 51 1.1146 1.0088 1.0368 1.0937 1.1197 1.0852 0.9646 1.0204
0 52 0.7673 0.6945 0.7138 0.7530 0.7708 0.7439 0.6573 0.6943
0 53 1.0348 0.9366 0.9626 1.0154 1.0395 1.0072 0.8948 0.9465
0 54 1.1318 1.0244 1.0529 1.1107 1.1370 1.1008 0.9770 1.0331
0 55 1.0680 0.9667 0.9936 1.0481 1.0729 1.0286 0.9004 0.9488
0 56 1.0455 0.9463 0.9726 1.0260 1.0503 1.0179 0.9047 0.9570
0 57 1.0602 0.9596 0.9863 1.0404 1.0651 1.0240 0.8999 0.9492
0 58 0.8998 0.8144 0.8371 0.8830 0.9039 0.8759 0.7782 0.8231
0 59 0.8827 0.7985 0.8210 0.8670 0.8882 0.8618 0.7669 0.8117
0 60 1.2795 1.1581 1.1903 1.2556 1.2853 1.2444 1.1043 1.1676
0 61 0.9694 0.8774 0.9018 0.9513 0.9738 0.9441 0.8395 0.8880
0 62 1.2119 1.0961 1.1271 1.1908 1.2201 1.1842 1.0539 1.1155
0 63 1.0768 0.9746 1.0017 1.0566 1.0816 1.0487 0.9324 0.9864
0 64 1.1306 1.0233 1.0517 1.1094 1.1357 1.1000 0.9767 1.0329
0 65 1.0093 0.9126 0.9386 0.9920 1.0168 0.9870 0.8786 0.9300
0 66 1.0623 0.9605 0.9879 1.0445 1.0707 1.0395 0.9253 0.9796
0 67 1.1302 1.0224 1.0512 1.1100 1.1371 1.1033 0.9819 1.0392
0 68 1.0169 0.9187 0.9454 1.0010 1.0272 0.9978 0.8885 0.9411
0 69 0.8402 0.7604 0.7816 0.8245 0.8440 0.8156 0.7219 0.7628
0 70 0.9055 0.8196 0.8424 0.8886 0.9097 0.8786 0.7772 0.8211
0 71 1.2076 1.0922 1.1231 1.1866 1.2159 1.1801 1.0503 1.1118
0 72 1.1965 1.0830 1.1131 1.1742 1.2020 1.1574 1.0193 1.0757
0 73 1.2262 1.1098 1.1407 1.2033 1.2317 1.1882 1.0491 1.1079
0 74 1.1652 1.0547 1.0840 1.1435 1.1706 1.1351 1.0095 1.0680
0 75 1.1256 1.0188 1.0472 1.1046 1.1307 1.0963 0.9748 1.0312
0 76 1.1513 1.0412 1.0707 1.1313 1.1593 1.1252 1.0014 1.0600
0 77 1.1029 0.9982 1.0260 1.0823 1.1079 1.0742 0.9552 1.0105
0 78 0.9454 0.8557 0.8795 0.9277 0.9497 0.9207 0.8186 0.8659
0 79 0.9769 0.8843 0.9089 0.9587 0.9814 0.9515 0.8462 0.8951
0 80 1.2800 1.1580 1.1906 1.2572 1.2878 1.2496 1.1121 1.1769
0 81 1.2402 1.1221 1.1537 1.2178 1.2473 1.2101 1.0769 1.1396
0 82 1.2731 1.1515 1.1841 1.2509 1.2817 1.2439 1.1071 1.1718
0 83 1.0536 0.9537 0.9802 1.0340 1.0584 1.0243 0.9085 0.9605
0 84 0.9180 0.8309 0.8540 0.9009 0.9222 0.8929 0.7926 0.8381
0 85 1.2736 1.1528 1.1849 1.2498 1.2794 1.2343 1.0900 1.1510
0 86 1.2124 1.0967 1.1277 1.1910 1.2201 1.1840 1.0537 1.1152
0 87 0.9593 0.8678 0.8923 0.9423 0.9654 0.9368 0.8337 0.8824
0 88 1.0917 0.9882 1.0157 1.0713 1.0967 1.0483 0.9140 0.9620
0 89 1.2431 1.1248 1.1563 1.2206 1.2500 1.2127 1.0791 1.1419
0 90 1.1502 1.0411 1.0701 1.1288 1.1554 1.1189 0.9934 1.0504
0 91 1.2465 1.1272 1.1593 1.2251 1.2556 1.2187 1.0847 1.1482
0 92 1.2290 1.1124 1.1434 1.2060 1.2346 1.1972 1.0648 1.1264
0 93 1.2142 1.0984 1.1294 1.1928 1.2220 1.1858 1.0553 1.1169
0 94 0.9264 0.8386 0.8619 0.9091 0.9306 0.9021 0.8018 0.8481
0 95 1.1818 1.0676 1.0988 1.1636 1.1941 1.1600 1.0330 1.0941
0 96 1.1762 1.0631 1.0937 1.1571 1.1866 1.1523 1.0259 1.0862
0 97 1.2080 1.0934 1.1238 1.1855 1.2135 1.1768 1.0468 1.1074
0 98 1.1150 1.0093 1.0374 1.0942 1.1201 1.0763 0.9452 0.9967
0 99 1.2605 1.1398 1.1723 1.2389 1.2698 1.2325 1.0970 1.1613
0 100 1.1623 1.0516 1.0812 1.1415 1.1692 1.1345 1.0095 1.0683
0 101 1.2587 1.1393 1.1710 1.2352 1.2644 1.1610 0.9608 0.9927
0 102 1.1645 1.0528 1.0830 1.1451 1.1739 1.1396 1.0144 1.0738
0 103 1.1535 1.0429 1.0728 1.1342 1.1628 1.1288 1.0047 1.0636
0 104 1.1692 1.0574 1.0875 1.1491 1.1776 1.1429 1.0172 1.0766
0 105 1.1870 1.0732 1.1039 1.1670 1.1963 1.1613 1.0336 1.0941
0 106 1.1945 1.0803 1.1110 1.1738 1.2029 1.1674 1.0390 1.0996
0 107 1.2639 1.1428 1.1755 1.2427 1.2739 1.2366 1.1007 1.1651
0 108 1.0565 0.9563 0.9829 1.0368 1.0613 1.0270 0.9108 0.9627
0 109 0.9485 0.8582 0.8823 0.9315 0.9540 0.9256 0.8237 0.8715
0 110 1.2424 1.1235 1.1555 1.2213 1.2517 1.2149 1.0813 1.1445
0 111 1.2550 1.1346 1.1671 1.2341 1.2653 1.2283 1.0934 1.1575
0 112 1.2200 1.1028 1.1345 1.2001 1.2307 1.1950 1.0638 1.1263
0 113 1.1863 1.0729 1.1034 1.1658 1.1947 1.1595 1.0320 1.0923
0 114 1.2922 1.1683 1.2017 1.2706 1.3027 1.2646 1.1257 1.1917
0 115 1.1671 1.0550 1.0853 1.1481 1.1774 1.1432 1.0177 1.0775
0 116 1.2830 1.1597 1.1931 1.2622 1.2945 1.2570 1.1191 1.1849
0 117 1.1312 1.0229 1.0521 1.1120 1.1397 1.1063 0.9847 1.0424
0 118 1.1348 1.0271 1.0557 1.1136 1.1400 1.1053 0.9830 1.0398
0 119 1.2548 1.1351 1.1672 1.2326 1.2627 1.2253 1.0905 1.1540
0 120 1.1529 1.0436 1.0727 1.1315 1.1583 1.1198 0.9917 1.0480
0 121 1.2434 1.1247 1.1566 1.2217 1.2517 1.2148 1.0811 1.1442
0 122 1.0785 0.9762 1.0034 1.0584 1.0835 1.0451 0.9228 0.9744
0 123 1.2099 1.0950 1.1256 1.1878 1.2162 1.1798 1.0498 1.1107
0 124 1.0948 0.9910 1.0186 1.0744 1.0999 1.0623 0.9397 0.9926
0 125 1.2355 1.1171 1.1491 1.2146 1.2451 1.2086 1.0758 1.1388
1 0 1.1625 1.0629 1.1007 1.1579 1.1791 1.1428 1.0262 1.0923
1 2 0.9952 0.9005 0.9261 0.9780 1.0018 0.9693 0.8591 0.9090
1 3 1.1357 1.0276 1.0565 1.1153 1.1422 1.1054 0.9800 1.0364
1 4 1.2410 1.1229 1.1544 1.2185 1.2479 1.2104 1.0764 1.1392
1 5 1.0627 0.9616 0.9885 1.0432 1.0682 1.0352 0.9195 0.9727
1 6 0.6810 0.6162 0.6334 0.6684 0.6844 0.6608 0.5840 0.6169
1 7 1.3643 1.2343 1.2689 1.3394 1.3717 1.3306 1.1834 1.2521
1 8 1.0893 0.9857 1.0132 1.0691 1.0945 1.0603 0.9415 0.9956
1 9 1.0280 0.9302 0.9562 1.0088 1.0329 1.0014 0.8902 0.9417
1 10 1.1027 0.9979 1.0257 1.0822 1.1079 1.0732 0.9529 1.0076
1 11 1.1803 1.0682 1.0979 1.1583 1.1859 1.1461 1.0145 1.0719
1 12 1.1182 1.0120 1.0401 1.0973 1.1234 1.0886 0.9672 1.0228
1 13 1.0442 0.9450 0.9713 1.0247 1.0491 1.0130 0.8956 0.9459
1 14 1.1414 1.0330 1.0618 1.1201 1.1467 1.1115 0.9878 1.0447
1 15 0.9798 0.8867 0.9114 0.9614 0.9843 0.9536 0.8470 0.8956
1 16 1.2951 1.1721 1.2047 1.2708 1.3009 1.2598 1.1183 1.1823
1 17 1.1357 1.0278 1.0564 1.1144 1.1408 1.1051 0.9813 1.0376
1 18 0.9230 0.8354 0.8586 0.9058 0.9272 0.8956 0.7922 0.8367
1 19 1.1711 1.0599 1.0894 1.1492 1.1764 1.1366 1.0059 1.0625
1 20 1.3310 1.2046 1.2381 1.3061 1.3370 1.2944 1.1487 1.2142
1 21 1.3189 1.1936 1.2268 1.2942 1.3248 1.2789 1.1305 1.1937
1 22 1.0091 0.9133 0.9387 0.9902 1.0137 0.9782 0.8642 0.9124
1 23 1.2110 1.0961 1.1265 1.1883 1.2164 1.1787 1.0472 1.1071
1 24 1.1447 1.0360 1.0648 1.1233 1.1498 1.1140 0.9895 1.0462
1 25 1.0917 0.9881 1.0155 1.0712 1.0965 1.0615 0.9418 0.9954
1 26 1.0907 0.9864 1.0144 1.0718 1.0983 1.0657 0.9483 1.0034
1 27 1.2390 1.1214 1.1526 1.2158 1.2445 1.2019 1.0629 1.1225
1 28 1.3209 1.1955 1.2287 1.2961 1.3267 1.2850 1.1411 1.2063
1 29 1.1261 1.0192 1.0476 1.1050 1.1311 1.0951 0.9719 1.0273
1 30 1.0199 0.9231 0.9488 1.0008 1.0245 0.9932 0.8830 0.9338
1 31 1.1989 1.0851 1.1153 1.1765 1.2042 1.1629 1.0283 1.0859
1 32 1.2105 1.0957 1.1261 1.1879 1.2159 1.1744 1.0388 1.0971
1 33 1.0013 0.9063 0.9315 0.9825 1.0057 0.9743 0.8653 0.9148
1 34 1.1877 1.0750 1.1049 1.1654 1.1929 1.1524 1.0195 1.0767
1 35 1.2345 1.1174 1.1485 1.2114 1.2400 1.2008 1.0660 1.1268
1 36 1.0056 0.9102 0.9355 0.9868 1.0101 0.9785 0.8690 0.9187
1 37 0.9967 0.9021 0.9272 0.9780 1.0011 0.9696 0.8610 0.9102
1 38 1.1432 1.0347 1.0635 1.1218 1.1483 1.1119 0.9871 1.0434
1 39 1.1279 1.0209 1.0493 1.1068 1.1329 1.0939 0.9674 1.0215
1 40 1.3379 1.2110 1.2447 1.3128 1.3438 1.3004 1.1533 1.2187
1 41 1.2841 1.1623 1.1946 1.2601 1.2898 1.2478 1.1063 1.1689
1 42 1.0073 0.9117 0.9371 0.9884 1.0117 0.9801 0.8705 0.9203
1 43 1.2165 1.1011 1.1317 1.1937 1.2218 1.1794 1.0424 1.1005
1 44 1.0656 0.9645 0.9913 1.0456 1.0702 1.0323 0.9114 0.9620
1 45 1.0677 0.9664 0.9933 1.0477 1.0724 1.0379 0.9207 0.9729
1 46 1.2893 1.1670 1.1994 1.2651 1.2949 1.2527 1.1106 1.1734
1 47 1.2617 1.1420 1.1738 1.2381 1.2672 1.2250 1.0849 1.1459
1 48 1.0261 0.9288 0.9546 1.0069 1.0306 0.9962 0.8821 0.9317
1 49 0.9288 0.8407 0.8641 0.9114 0.9329 0.9028 0.8007 0.8461
1 50 1.3231 1.1976 1.2309 1.2983 1.3289 1.2873 1.1433 1.2086
1 51 1.2075 1.0930 1.1234 1.1849 1.2128 1.1734 1.0404 1.0993
1 52 1.0136 0.9175 0.9430 0.9947 1.0181 0.9808 0.8645 0.9120
1 53 1.0097 0.9139 0.9393 0.9908 1.0141 0.9808 0.8692 0.9183
1 54 1.2361 1.1189 1.1500 1.2130 1.2416 1.1999 1.0623 1.1220
1 55 1.1280 1.0210 1.0495 1.1069 1.1330 1.0843 0.9469 0.9965
1 56 1.1020 0.9975 1.0253 1.0814 1.1069 1.0708 0.9494 1.0031
1 57 1.1201 1.0138 1.0420 1.0991 1.1250 1.0796 0.9465 0.9971
1 58 1.1998 1.0860 1.1162 1.1773 1.2050 1.1656 1.0331 1.0914
1 59 1.0969 0.9929 1.0205 1.0764 1.1018 1.0675 0.9485 1.0026
1 60 1.3859 1.2544 1.2894 1.3600 1.3920 1.3452 1.1909 1.2577
1 61 1.0132 0.9171 0.9426 0.9942 1.0176 0.9848 0.8736 0.9230
1 62 1.3414 1.2142 1.2480 1.3163 1.3473 1.3058 1.1607 1.2270
1 63 1.0549 0.9549 0.9815 1.0352 1.0595 1.0254 0.9095 0.9610
1 64 1.2111 1.0963 1.1268 1.1885 1.2165 1.1761 1.0418 1.1004
1 65 1.2773 1.1562 1.1883 1.2534 1.2829 1.2438 1.1060 1.1694
1 66 1.1639 1.0535 1.0828 1.1421 1.1690 1.1336 1.0083 1.0661
1 67 1.5244 1.3798 1.4183 1.4959 1.5311 1.4834 1.3180 1.3932
1 68 1.0863 0.9825 1.0104 1.0674 1.0936 1.0611 0.9441 0.9987
1 69 1.1293 1.0222 1.0507 1.1082 1.1342 1.0941 0.9661 1.0196
1 70 1.0805 0.9781 1.0053 1.0603 1.0853 1.0463 0.9233 0.9743
1 71 1.2923 1.1697 1.2023 1.2681 1.2979 1.2580 1.1183 1.1822
1 72 1.2641 1.1442 1.1761 1.2404 1.2696 1.2203 1.0721 1.1300
1 73 1.3113 1.1870 1.2200 1.2868 1.3171 1.2682 1.1171 1.1782
1 74 1.2687 1.1484 1.1804 1.2450 1.2743 1.2334 1.0943 1.1563
1 75 1.1978 1.0842 1.1144 1.1754 1.2031 1.1643 1.0327 1.0912
1 76 1.5040 1.3614 1.3993 1.4759 1.5106 1.4642 1.3016 1.3760
1 77 1.3173 1.1924 1.2256 1.2927 1.3231 1.2805 1.1360 1.2003
1 78 0.9144 0.8277 0.8508 0.8973 0.9184 0.8888 0.7883 0.8329
1 79 1.0105 0.9147 0.9402 0.9916 1.0150 0.9823 0.8714 0.9208
1 80 1.3975 1.2650 1.3002 1.3714 1.4036 1.3600 1.2083 1.2772
1 81 1.3434 1.2160 1.2499 1.3183 1.3493 1.3070 1.1609 1.2271
1 82 1.4257 1.2905 1.3265 1.3991 1.4320 1.3878 1.2335 1.3040
1 83 1.3066 1.1827 1.2156 1.2822 1.3123 1.2677 1.1217 1.1844
1 84 1.0388 0.9403 0.9665 1.0193 1.0433 1.0084 0.8929 0.9430
1 85 1.3568 1.2281 1.2623 1.3314 1.3627 1.3122 1.1560 1.2193
1 86 1.3121 1.1877 1.2207 1.2876 1.3178 1.2770 1.1347 1.1995
1 87 1.0919 0.9884 1.0159 1.0715 1.0967 1.0627 0.9443 0.9982
1 88 1.1446 1.0361 1.0649 1.1232 1.1496 1.0970 0.9542 1.0031
1 89 1.3355 1.2089 1.2426 1.3106 1.3414 1.2993 1.1540 1.2196
1 90 1.2103 1.0956 1.1261 1.1877 1.2156 1.1751 1.0407 1.0991
1 91 1.3548 1.2263 1.2605 1.3295 1.3607 1.3191 1.1728 1.2399
1 92 1.3116 1.1873 1.2203 1.2871 1.3174 1.2751 1.1314 1.1955
1 93 1.2966 1.1737 1.2064 1.2724 1.3023 1.2619 1.1214 1.1853
1 94 1.0536 0.9537 0.9803 1.0339 1.0582 1.0238 0.9079 0.9592
1 95 1.2453 1.1263 1.1583 1.2238 1.2539 1.2167 1.0826 1.1452
1 96 1.2384 1.1206 1.1521 1.2160 1.2451 1.2077 1.0743 1.1361
1 97 1.2866 1.1646 1.1970 1.2625 1.2922 1.2508 1.1099 1.1728
1 98 1.1704 1.0595 1.0890 1.1486 1.1756 1.1275 0.9878 1.0404
1 99 1.3654 1.2359 1.2704 1.3399 1.3714 1.3295 1.1821 1.2498
1 100 1.2251 1.1089 1.1398 1.2022 1.2304 1.1920 1.0589 1.1192
1 101 1.3316 1.2053 1.2389 1.3067 1.3374 1.2277 1.0157 1.0486
1 102 1.2180 1.1024 1.1332 1.1954 1.2236 1.1865 1.0552 1.1156
1 103 1.2147 1.0995 1.1302 1.1921 1.2202 1.1832 1.0524 1.1126
1 104 1.2402 1.1226 1.1539 1.2171 1.2457 1.2074 1.0734 1.1346
1 105 1.2559 1.1368 1.1685 1.2324 1.2614 1.2230 1.0878 1.1499
1 106 1.2619 1.1423 1.1741 1.2384 1.2675 1.2284 1.0920 1.1542
1 107 1.3681 1.2384 1.2729 1.3426 1.3741 1.3324 1.1850 1.2527
1 108 1.1054 1.0006 1.0285 1.0847 1.1102 1.0723 0.9487 1.0016
1 109 0.9731 0.8809 0.9054 0.9550 0.9774 0.9468 0.8410 0.8888
1 110 1.3298 1.2037 1.2372 1.3049 1.3356 1.2948 1.1512 1.2170
1 111 1.3301 1.2039 1.2376 1.3055 1.3363 1.2958 1.1526 1.2186
1 112 1.2900 1.1674 1.2001 1.2665 1.2968 1.2576 1.1187 1.1829
1 113 1.2474 1.1292 1.1607 1.2242 1.2529 1.2144 1.0796 1.1412
1 114 1.3817 1.2507 1.2856 1.3561 1.3881 1.3460 1.1972 1.2658
1 115 1.1052 1.0002 1.0282 1.0851 1.1111 1.0776 0.9585 1.0136
1 116 1.3692 1.2390 1.2738 1.3444 1.3766 1.3352 1.1877 1.2560
1 117 1.1839 1.0717 1.1015 1.1618 1.1891 1.1528 1.0251 1.0838
1 118 1.1742 1.0629 1.0925 1.1523 1.1794 1.1414 1.0126 1.0699
1 119 1.3368 1.2100 1.2438 1.3118 1.3426 1.3009 1.1559 1.2218
1 120 1.1743 1.0630 1.0926 1.1524 1.1795 1.1381 1.0056 1.0614
1 121 1.3145 1.1899 1.2231 1.2900 1.3203 1.2795 1.1371 1.2020
1 122 1.0950 0.9912 1.0188 1.0746 1.0998 1.0589 0.9328 0.9838
1 123 1.2697 1.1494 1.1814 1.2460 1.2753 1.2350 1.0966 1.1588
1 124 1.1116 1.0062 1.0342 1.0908 1.1164 1.0763 0.9498 1.0021
1 125 1.2992 1.1760 1.2088 1.2749 1.3049 1.2652 1.1252 1.1896
2 0 0.8973 0.8115 0.8357 0.8842 0.9065 0.8796 0.7824 0.8294
2 1 0.9296 0.8395 0.8645 0.9164 0.9412 0.9146 0.8142 0.8637
2 3 0.8872 0.8025 0.8247 0.8706 0.8920 0.8656 0.7700 0.8149
2 4 0.7358 0.6645 0.6836 0.7240 0.7432 0.7222 0.6431 0.6814
2 5 0.9194 0.8310 0.8546 0.9038 0.9270 0.9003 0.8014 0.8489
2 6 0.8337 0.7544 0.7752 0.8179 0.8377 0.8111 0.7196 0.7609
2 7 0.9961 0.8996 0.9257 0.9805 1.0067 0.9783 0.8713 0.9233
2 8 0.9257 0.8370 0.8606 0.9097 0.9327 0.9057 0.8062 0.8539
2 9 1.0154 0.9175 0.9438 0.9989 1.0249 0.9957 0.8866 0.9394
2 10 0.8607 0.7783 0.8003 0.8458 0.8671 0.8419 0.7495 0.7938
2 11 1.0121 0.9159 0.9413 0.9931 1.0170 0.9858 0.8760 0.9269
2 12 0.9119 0.8243 0.8478 0.8966 0.9195 0.8930 0.7951 0.8423
2 13 0.8413 0.7613 0.7825 0.8255 0.8453 0.8186 0.7266 0.7686
2 14 0.9419 0.8513 0.8757 0.9264 0.9503 0.9231 0.8220 0.8708
2 15 1.0644 0.9623 0.9897 1.0464 1.0729 1.0419 0.9277 0.9827
2 16 1.0409 0.9414 0.9680 1.0227 1.0482 1.0177 0.9060 0.9594
2 17 0.9432 0.8528 0.8770 0.9270 0.9503 0.9228 0.8216 0.8702
2 18 0.8139 0.7367 0.7571 0.7988 0.8179 0.7923 0.7036 0.7443
2 19 1.0315 0.9336 0.9595 1.0123 1.0365 1.0044 0.8924 0.9442
2 20 1.0419 0.9424 0.9690 1.0234 1.0486 1.0179 0.9061 0.9595
2 21 0.9517 0.8613 0.8852 0.9339 0.9562 0.9258 0.8216 0.8690
2 22 0.9147 0.8279 0.8509 0.8976 0.9191 0.8895 0.7890 0.8344
2 23 1.0284 0.9297 0.9563 1.0112 1.0369 1.0070 0.8966 0.9497
2 24 1.0376 0.9381 0.9648 1.0201 1.0459 1.0156 0.9043 0.9578
2 25 0.9326 0.8437 0.8674 0.9160 0.9384 0.9109 0.8108 0.8585
2 26 1.0677 0.9639 0.9923 1.0524 1.0812 1.0511 0.9366 0.9929
2 27 1.0566 0.9563 0.9829 1.0369 1.0617 1.0283 0.9131 0.9659
2 28 1.1091 1.0030 1.0315 1.0901 1.1174 1.0849 0.9660 1.0230
2 29 0.9690 0.8765 0.9013 0.9519 0.9754 0.9468 0.8429 0.8925
2 30 0.8834 0.7984 0.8214 0.8693 0.8918 0.8663 0.7715 0.8175
2 31 0.9722 0.8800 0.9045 0.9542 0.9769 0.9462 0.8400 0.8886
2 32 0.8254 0.7471 0.7679 0.8101 0.8294 0.8034 0.7135 0.7548
2 33 1.0548 0.9538 0.9810 1.0370 1.0631 1.0323 0.9191 0.9735
2 34 0.7877 0.7129 0.7328 0.7730 0.7915 0.7668 0.6811 0.7206
2 35 1.0315 0.9329 0.9594 1.0136 1.0388 1.0084 0.8978 0.9507
2 36 1.0682 0.9659 0.9934 1.0501 1.0765 1.0453 0.9307 0.9858
2 37 0.9128 0.8255 0.8489 0.8971 0.9196 0.8928 0.7949 0.8419
2 38 1.0081 0.9118 0.9377 0.9907 1.0152 0.9856 0.8775 0.9292
2 39 0.8543 0.7733 0.7948 0.8385 0.8585 0.8314 0.7381 0.7808
2 40 1.0026 0.9073 0.9327 0.9844 1.0082 0.9783 0.8708 0.9219
2 41 1.0958 0.9918 1.0195 1.0756 1.1013 1.0686 0.9511 1.0068
2 42 1.0197 0.9221 0.9484 1.0025 1.0278 0.9979 0.8886 0.9412
2 43 1.0528 0.9529 0.9795 1.0333 1.0579 1.0241 0.9087 0.9612
2 44 0.9205 0.8332 0.8563 0.9034 0.9249 0.8947 0.7931 0.8386
2 45 0.9459 0.8559 0.8800 0.9290 0.9515 0.9234 0.8220 0.8702
2 46 1.1151 1.0094 1.0375 1.0945 1.1206 1.0873 0.9677 1.0243
2 47 0.9173 0.8303 0.8534 0.9003 0.9217 0.8936 0.7945 0.8408
2 48 1.0737 0.9719 0.9989 1.0538 1.0788 1.0458 0.9297 0.9838
2 49 1.0312 0.9331 0.9593 1.0125 1.0370 1.0063 0.8958 0.9483
2 50 1.1045 0.9988 1.0273 1.0858 1.1131 1.0807 0.9623 1.0191
2 51 1.0536 0.9536 0.9802 1.0342 1.0590 1.0275 0.9145 0.9681
2 52 0.8853 0.8014 0.8237 0.8689 0.8896 0.8595 0.7606 0.8038
2 53 0.9866 0.8931 0.9180 0.9683 0.9913 0.9616 0.8556 0.9056
2 54 1.0692 0.9678 0.9948 1.0494 1.0743 1.0413 0.9255 0.9793
2 55 1.0171 0.9207 0.9463 0.9983 1.0220 0.9808 0.8598 0.9065
2 56 0.9962 0.9017 0.9269 0.9779 1.0013 0.9715 0.8646 0.9152
2 57 0.8138 0.7366 0.7571 0.7987 0.8177 0.7869 0.6926 0.7310
2 58 0.8594 0.7779 0.7995 0.8434 0.8634 0.8376 0.7454 0.7889
2 59 0.9947 0.8993 0.9251 0.9782 1.0030 0.9740 0.8673 0.9185
2 60 1.2033 1.0893 1.1196 1.1810 1.2091 1.1719 1.0416 1.1020
2 61 1.0566 0.9561 0.9830 1.0377 1.0628 1.0313 0.9180 0.9717
2 62 1.1432 1.0334 1.0632 1.1247 1.1535 1.1203 0.9976 1.0568
2 63 1.0280 0.9302 0.9563 1.0095 1.0339 1.0033 0.8930 0.9454
2 64 1.0775 0.9754 1.0025 1.0575 1.0826 1.0498 0.9336 0.9879
2 65 0.9634 0.8706 0.8959 0.9482 0.9728 0.9450 0.8416 0.8916
2 66 1.0035 0.9067 0.9331 0.9879 1.0136 0.9848 0.8771 0.9293
2 67 1.2852 1.1620 1.1953 1.2639 1.2958 1.2583 1.1204 1.1867
2 68 1.1086 1.0009 1.0306 1.0928 1.1224 1.0911 0.9721 1.0305
2 69 0.9560 0.8654 0.8895 0.9383 0.9606 0.9293 0.8238 0.8711
2 70 0.9391 0.8501 0.8738 0.9217 0.9436 0.9124 0.8083 0.8545
2 71 1.1544 1.0435 1.0736 1.1358 1.1650 1.1315 1.0076 1.0674
2 72 1.1425 1.0342 1.0630 1.1213 1.1480 1.1065 0.9760 1.0307
2 73 1.1625 1.0523 1.0816 1.1410 1.1681 1.1280 0.9975 1.0540
2 74 1.1032 0.9981 1.0262 1.0836 1.1100 1.0773 0.9589 1.0152
2 75 1.0748 0.9725 0.9999 1.0555 1.0811 1.0490 0.9338 0.9885
2 76 1.2892 1.1653 1.1990 1.2686 1.3011 1.2637 1.1254 1.1921
2 77 1.1976 1.0837 1.1142 1.1762 1.2048 1.1691 1.0407 1.1017
2 78 0.9088 0.8224 0.8455 0.8925 0.9140 0.8869 0.7894 0.8357
2 79 1.0415 0.9424 0.9689 1.0229 1.0478 1.0168 0.9051 0.9581
2 80 1.2181 1.1013 1.1329 1.1979 1.2283 1.1927 1.0620 1.1248
2 81 1.1812 1.0682 1.0987 1.1614 1.1906 1.1560 1.0293 1.0900
2 82 1.2017 1.0863 1.1176 1.1823 1.2126 1.1777 1.0487 1.1109
2 83 1.1719 1.0608 1.0904 1.1502 1.1775 1.1409 1.0135 1.0722
2 84 0.9391 0.8501 0.8738 0.9217 0.9436 0.9147 0.8131 0.8604
2 85 1.2117 1.0969 1.1275 1.1893 1.2176 1.1759 1.0400 1.0990
2 86 1.1549 1.0441 1.0741 1.1360 1.1649 1.1312 1.0073 1.0669
2 87 0.9832 0.8889 0.9144 0.9671 0.9917 0.9630 0.8575 0.9083
2 88 1.0476 0.9483 0.9748 1.0283 1.0527 1.0073 0.8794 0.9262
2 89 1.1881 1.0744 1.1051 1.1681 1.1974 1.1625 1.0350 1.0961
2 90 1.1082 1.0031 1.0311 1.0877 1.1135 1.0795 0.9599 1.0157
2 91 1.1884 1.0741 1.1052 1.1696 1.1998 1.1654 1.0379 1.0995
2 92 1.1776 1.0654 1.0955 1.1568 1.1850 1.1500 1.0237 1.0838
2 93 1.1632 1.0516 1.0818 1.1442 1.1732 1.1393 1.0145 1.0745
2 94 0.9489 0.8588 0.8829 0.9317 0.9540 0.9256 0.8238 0.8720
2 95 1.1391 1.0284 1.0589 1.1230 1.1536 1.1214 0.9992 1.0591
2 96 1.1335 1.0239 1.0540 1.1166 1.1462 1.1138 0.9922 1.0514
2 97 1.1576 1.0474 1.0770 1.1373 1.1651 1.1307 1.0066 1.0656
2 98 1.0700 0.9686 0.9956 1.0503 1.0752 1.0342 0.9096 0.9598
2 99 1.2042 1.0884 1.1199 1.1852 1.2159 1.1811 1.0519 1.1143
2 100 1.1172 1.0102 1.0391 1.0986 1.1263 1.0937 0.9738 1.0313
2 101 1.2035 1.0894 1.1198 1.1813 1.2093 1.1105 0.9191 0.9496
2 102 1.1258 1.0172 1.0468 1.1084 1.1375 1.1050 0.9841 1.0426
2 103 1.1110 1.0039 1.0331 1.0939 1.1225 1.0905 0.9712 1.0289
2 104 1.1226 1.0147 1.0440 1.1048 1.1332 1.1007 0.9801 1.0382
2 105 1.1427 1.0326 1.0626 1.1250 1.1543 1.1213 0.9986 1.0579
2 106 1.1501 1.0396 1.0696 1.1317 1.1608 1.1274 1.0039 1.0633
2 107 1.2090 1.0925 1.1243 1.1902 1.2213 1.1864 1.0566 1.1193
2 108 1.0171 0.9207 0.9464 0.9984 1.0221 0.9901 0.8794 0.9302
2 109 1.0174 0.9200 0.9463 1.0005 1.0257 0.9958 0.8866 0.9389
2 110 1.1925 1.0778 1.1090 1.1737 1.2041 1.1696 1.0416 1.1033
2 111 1.2098 1.0931 1.1250 1.1913 1.2225 1.1877 1.0578 1.1207
2 112 1.1761 1.0624 1.0936 1.1584 1.1891 1.1554 1.0292 1.0905
2 113 1.1446 1.0346 1.0645 1.1264 1.1554 1.1222 0.9993 1.0585
2 114 1.2431 1.1233 1.1560 1.2240 1.2561 1.2203 1.0869 1.1515
2 115 1.1295 1.0203 1.0502 1.1126 1.1421 1.1097 0.9885 1.0474
2 116 1.2349 1.1155 1.1483 1.2165 1.2488 1.2135 1.0810 1.1454
2 117 1.0925 0.9873 1.0160 1.0754 1.1033 1.0717 0.9545 1.0111
2 118 1.1004 0.9957 1.0237 1.0809 1.1072 1.0745 0.9564 1.0124
2 119 1.2061 1.0904 1.1218 1.1864 1.2165 1.1813 1.0519 1.1141
2 120 1.1282 1.0213 1.0498 1.1074 1.1338 1.0973 0.9733 1.0293
2 121 1.1989 1.0838 1.1151 1.1796 1.2097 1.1748 1.0462 1.1081
2 122 1.0575 0.9573 0.9840 1.0381 1.0628 1.0263 0.9076 0.9590
2 123 1.1675 1.0560 1.0860 1.1477 1.1762 1.1419 1.0166 1.0764
2 124 1.0736 0.9718 0.9989 1.0538 1.0788 1.0432 0.9241 0.9769
2 125 1.1948 1.0797 1.1111 1.1762 1.2068 1.1724 1.0441 1.1061
3 0 1.0411 0.9415 0.9686 1.0239 1.0495 1.0185 0.9060 0.9598
3 1 1.1061 0.9992 1.0284 1.0895 1.1185 1.0869 0.9677 1.0262
3 2 0.8515 0.7704 0.7916 0.8353 0.8556 0.8299 0.7379 0.7808
3 4 0.9860 0.8908 0.9163 0.9700 0.9954 0.9671 0.8611 0.9124
3 5 0.9400 0.8498 0.8739 0.9237 0.9470 0.9196 0.8186 0.8670
3 6 0.9830 0.8895 0.9141 0.9644 0.9875 0.9558 0.8476 0.8962
3 7 0.8188 0.7397 0.7611 0.8058 0.8270 0.8036 0.7156 0.7583
3 8 0.9483 0.8576 0.8818 0.9316 0.9548 0.9269 0.8251 0.8737
3 9 1.0496 0.9487 0.9758 1.0322 1.0587 1.0283 0.9157 0.9701
3 10 0.8461 0.7652 0.7868 0.8311 0.8517 0.8269 0.7361 0.7795
3 11 1.1295 1.0222 1.0506 1.1083 1.1348 1.0996 0.9768 1.0334
3 12 0.9426 0.8523 0.8765 0.9265 0.9498 0.9223 0.8212 0.8697
3 13 0.5953 0.5388 0.5537 0.5841 0.5981 0.5790 0.5137 0.5433
3 14 0.9738 0.8803 0.9054 0.9575 0.9818 0.9535 0.8490 0.8993
3 15 1.0173 0.9200 0.9461 0.9998 1.0248 0.9950 0.8858 0.9381
3 16 0.9697 0.8772 0.9019 0.9524 0.9758 0.9471 0.8431 0.8927
3 17 0.9768 0.8835 0.9085 0.9598 0.9836 0.9548 0.8500 0.9002
3 18 0.8217 0.7438 0.7644 0.8064 0.8256 0.7995 0.7097 0.7507
3 19 1.1280 1.0210 1.0493 1.1070 1.1333 1.0979 0.9750 1.0314
3 20 1.0970 0.9926 1.0204 1.0772 1.1034 1.0708 0.9532 1.0091
3 21 1.2129 1.0978 1.1283 1.1903 1.2186 1.1794 1.0462 1.1064
3 22 1.0313 0.9334 0.9594 1.0121 1.0361 1.0025 0.8888 0.9398
3 23 1.0688 0.9665 0.9940 1.0506 1.0770 1.0457 0.9310 0.9860
3 24 1.0687 0.9665 0.9940 1.0504 1.0766 1.0453 0.9306 0.9855
3 25 0.9603 0.8690 0.8933 0.9429 0.9657 0.9371 0.8341 0.8830
3 26 1.0694 0.9656 0.9941 1.0538 1.0822 1.0519 0.9372 0.9934
3 27 1.0148 0.9185 0.9441 0.9959 1.0196 0.9872 0.8762 0.9267
3 28 1.0892 0.9852 1.0131 1.0702 1.0966 1.0645 0.9477 1.0035
3 29 0.9999 0.9047 0.9301 0.9820 1.0058 0.9761 0.8689 0.9199
3 30 1.0261 0.9275 0.9542 1.0093 1.0351 1.0054 0.8953 0.9484
3 31 1.1473 1.0385 1.0674 1.1260 1.1528 1.1160 0.9904 1.0475
3 32 1.0421 0.9433 0.9696 1.0228 1.0471 1.0140 0.9001 0.9521
3 33 0.9735 0.8805 0.9055 0.9568 0.9806 0.9519 0.8475 0.8975
3 34 1.0110 0.9152 0.9407 0.9923 1.0158 0.9838 0.8735 0.9240
3 35 1.0730 0.9708 0.9982 1.0541 1.0799 1.0481 0.9331 0.9879
3 36 1.0208 0.9233 0.9495 1.0033 1.0282 0.9981 0.8886 0.9410
3 37 1.0144 0.9176 0.9436 0.9968 1.0213 0.9914 0.8826 0.9346
3 38 1.0373 0.9384 0.9649 1.0190 1.0439 1.0132 0.9019 0.9550
3 39 1.1058 1.0010 1.0289 1.0853 1.1111 1.0757 0.9546 1.0097
3 40 1.0081 0.9125 0.9379 0.9895 1.0130 0.9828 0.8747 0.9258
3 41 1.1975 1.0840 1.1142 1.1753 1.2032 1.1671 1.0384 1.0990
3 42 1.0217 0.9241 0.9503 1.0041 1.0291 0.9990 0.8894 0.9419
3 43 1.0164 0.9200 0.9457 0.9976 1.0212 0.9883 0.8766 0.9270
3 44 1.0633 0.9625 0.9893 1.0436 1.0683 1.0331 0.9154 0.9678
3 45 0.9689 0.8769 0.9015 0.9512 0.9740 0.9450 0.8411 0.8903
3 46 1.2062 1.0918 1.1223 1.1838 1.2119 1.1754 1.0458 1.1067
3 47 1.1175 1.0115 1.0397 1.0967 1.1227 1.0881 0.9671 1.0232
3 48 0.9495 0.8595 0.8835 0.9319 0.9540 0.9245 0.8216 0.8692
3 49 0.9659 0.8742 0.8986 0.9481 0.9707 0.9418 0.8382 0.8872
3 50 1.1527 1.0426 1.0722 1.1328 1.1609 1.1269 1.0033 1.0624
3 51 1.0876 0.9845 1.0119 1.0674 1.0927 1.0599 0.9432 0.9982
3 52 1.0265 0.9292 0.9551 1.0075 1.0313 0.9961 0.8811 0.9310
3 53 1.0075 0.9120 0.9374 0.9888 1.0122 0.9815 0.8730 0.9238
3 54 1.1058 1.0010 1.0289 1.0853 1.1110 1.0765 0.9564 1.0118
3 55 0.9861 0.8926 0.9175 0.9678 0.9907 0.9505 0.8329 0.8779
3 56 1.0190 0.9224 0.9481 1.0001 1.0237 0.9930 0.8836 0.9350
3 57 0.9768 0.8843 0.9089 0.9587 0.9814 0.9442 0.8307 0.8765
3 58 0.8698 0.7874 0.8093 0.8537 0.8739 0.8475 0.7539 0.7977
3 59 1.0790 0.9758 1.0037 1.0609 1.0874 1.0557 0.9399 0.9953
3 60 1.2188 1.1033 1.1340 1.1962 1.2245 1.1864 1.0541 1.1150
3 61 1.0232 0.9261 0.9520 1.0045 1.0285 0.9978 0.8880 0.9399
3 62 1.1885 1.0745 1.1054 1.1689 1.1984 1.1637 1.0361 1.0973
3 63 1.0520 0.9521 0.9788 1.0328 1.0574 1.0259 0.9130 0.9663
3 64 1.1075 1.0025 1.0305 1.0870 1.1127 1.0786 0.9588 1.0144
3 65 0.9817 0.8874 0.9130 0.9659 0.9906 0.9621 0.8567 0.9075
3 66 1.0088 0.9117 0.9381 0.9928 1.0184 0.9891 0.8809 0.9331
3 67 1.3479 1.2190 1.2538 1.3251 1.3582 1.3186 1.1740 1.2432
3 68 0.9450 0.8534 0.8786 0.9312 0.9562 0.9293 0.8279 0.8774
3 69 1.1093 1.0041 1.0321 1.0887 1.1145 1.0778 0.9551 1.0097
3 70 1.1946 1.0814 1.1115 1.1725 1.2002 1.1602 1.0274 1.0859
3 71 1.1859 1.0722 1.1030 1.1665 1.1960 1.1614 1.0341 1.0952
3 72 1.1391 1.0312 1.0600 1.1181 1.1445 1.1028 0.9724 1.0266
3 73 1.1641 1.0537 1.0831 1.1425 1.1696 1.1290 0.9980 1.0544
3 74 1.1422 1.0336 1.0627 1.1216 1.1486 1.1144 0.9919 1.0498
3 75 1.1034 0.9986 1.0266 1.0832 1.1091 1.0760 0.9577 1.0136
3 76 1.3453 1.2163 1.2512 1.3233 1.3568 1.3176 1.1732 1.2425
3 77 1.2495 1.1308 1.1626 1.2268 1.2561 1.2187 1.0847 1.1480
3 78 0.9210 0.8336 0.8569 0.9041 0.9257 0.8980 0.7993 0.8459
3 79 1.1398 1.0316 1.0605 1.1191 1.1459 1.1118 0.9895 1.0473
3 80 1.2616 1.1409 1.1735 1.2403 1.2713 1.2343 1.0989 1.1636
3 81 1.2204 1.1038 1.1353 1.1996 1.2293 1.1933 1.0624 1.1249
3 82 1.2550 1.1347 1.1673 1.2343 1.2655 1.2288 1.0941 1.1587
3 83 1.2350 1.1179 1.1491 1.2121 1.2408 1.2017 1.0671 1.1287
3 84 1.0295 0.9320 0.9580 1.0105 1.0344 1.0024 0.8907 0.9423
3 85 1.2260 1.1098 1.1408 1.2034 1.2318 1.1893 1.0514 1.1108
3 86 1.1920 1.0779 1.1088 1.1721 1.2015 1.1666 1.0387 1.0999
3 87 1.0880 0.9839 1.0121 1.0699 1.0967 1.0648 0.9480 1.0039
3 88 1.0279 0.9305 0.9565 1.0089 1.0328 0.9879 0.8622 0.9078
3 89 1.2241 1.1072 1.1387 1.2032 1.2329 1.1968 1.0654 1.1280
3 90 1.1320 1.0247 1.0533 1.1111 1.1374 1.1023 0.9797 1.0365
3 91 1.2281 1.1102 1.1422 1.2082 1.2390 1.2032 1.0715 1.1348
3 92 1.2110 1.0960 1.1268 1.1893 1.2179 1.1817 1.0517 1.1132
3 93 1.1948 1.0805 1.1114 1.1749 1.2044 1.1693 1.0411 1.1025
3 94 1.0453 0.9463 0.9727 1.0260 1.0503 1.0188 0.9067 0.9595
3 95 1.1624 1.0497 1.0808 1.1457 1.1765 1.1435 1.0187 1.0796
3 96 1.1568 1.0452 1.0757 1.1391 1.1689 1.1357 1.0115 1.0717
3 97 1.1895 1.0765 1.1067 1.1682 1.1964 1.1609 1.0333 1.0937
3 98 1.0542 0.9543 0.9809 1.0347 1.0592 1.0185 0.8954 0.9446
3 99 1.2428 1.1235 1.1559 1.2228 1.2540 1.2179 1.0845 1.1486
3 100 1.1423 1.0331 1.0626 1.1229 1.1509 1.1172 0.9947 1.0532
3 101 1.2143 1.0992 1.1299 1.1919 1.2201 1.1202 0.9270 0.9577
3 102 1.1456 1.0354 1.0654 1.1276 1.1568 1.1236 1.0006 1.0597
3 103 1.1339 1.0248 1.0546 1.1161 1.1449 1.1120 0.9903 1.0488
3 104 1.1495 1.0392 1.0692 1.1309 1.1596 1.1261 1.0026 1.0618
3 105 1.1682 1.0558 1.0864 1.1497 1.1793 1.1453 1.0199 1.0802
3 106 1.1759 1.0631 1.0937 1.1567 1.1860 1.1517 1.0254 1.0859
3 107 1.2469 1.1270 1.1597 1.2272 1.2588 1.2226 1.0887 1.1531
3 108 1.0366 0.9384 0.9646 1.0175 1.0416 1.0087 0.8955 0.9471
3 109 1.0759 0.9731 1.0009 1.0577 1.0840 1.0522 0.9367 0.9917
3 110 1.2252 1.1076 1.1395 1.2055 1.2363 1.2006 1.0691 1.1323
3 111 1.2379 1.1187 1.1512 1.2185 1.2500 1.2142 1.0813 1.1453
3 112 1.2022 1.0863 1.1180 1.1838 1.2148 1.1801 1.0510 1.1134
3 113 1.1679 1.0559 1.0863 1.1489 1.1781 1.1440 1.0186 1.0787
3 114 1.2763 1.1535 1.1870 1.2563 1.2888 1.2518 1.1148 1.1808
3 115 1.1490 1.0382 1.0685 1.1314 1.1611 1.1280 1.0046 1.0643
3 116 1.2669 1.1447 1.1781 1.2476 1.2803 1.2439 1.1079 1.1737
3 117 1.1123 1.0055 1.0346 1.0945 1.1226 1.0902 0.9709 1.0283
3 118 1.1179 1.0117 1.0401 1.0977 1.1240 1.0906 0.9706 1.0273
3 119 1.2381 1.1196 1.1516 1.2174 1.2479 1.2116 1.0787 1.1422
3 120 1.1258 1.0191 1.0476 1.1051 1.1313 1.0945 0.9705 1.0260
3 121 1.2267 1.1092 1.1411 1.2065 1.2370 1.2010 1.0694 1.1324
3 122 1.0515 0.9519 0.9784 1.0321 1.0566 1.0200 0.9016 0.9525
3 123 1.1924 1.0787 1.1093 1.1717 1.2005 1.1652 1.0372 1.0981
3 124 1.0684 0.9672 0.9942 1.0488 1.0736 1.0378 0.9190 0.9712
3 125 1.2188 1.1017 1.1336 1.1995 1.2303 1.1949 1.0641 1.1271
4 0 1.0693 0.9675 0.9947 1.0503 1.0758 1.0421 0.9249 0.9788
4 1 1.1690 1.0577 1.0873 1.1480 1.1761 1.1414 1.0156 1.0757
4 2 0.7560 0.6841 0.7029 0.7416 0.7594 0.7348 0.6513 0.6885
4 3 0.9242 0.8363 0.8594 0.9066 0.9282 0.8983 0.7966 0.8421
4 5 0.9819 0.8886 0.9132 0.9633 0.9863 0.9559 0.8493 0.8984
4 6 0.8504 0.7696 0.7909 0.8343 0.8540 0.8245 0.7288 0.7695
4 7 1.2952 1.1720 1.2046 1.2712 1.3017 1.2629 1.1237 1.1890
4 8 0.9901 0.8961 0.9210 0.9715 0.9945 0.9634 0.8557 0.9049
4 9 1.1116 1.0061 1.0340 1.0907 1.1166 1.0827 0.9628 1.0185
4 10 0.8905 0.8060 0.8284 0.8737 0.8944 0.8664 0.7694 0.8137
4 11 1.1869 1.0743 1.1041 1.1646 1.1920 1.1521 1.0200 1.0776
4 12 1.0001 0.9052 0.9304 0.9813 1.0045 0.9735 0.8651 0.9149
4 13 0.8563 0.7751 0.7966 0.8402 0.8600 0.8304 0.7343 0.7754
4 14 1.0323 0.9344 0.9603 1.0129 1.0368 1.0051 0.8935 0.9450
4 15 1.0641 0.9632 0.9899 1.0441 1.0687 1.0355 0.9200 0.9729
4 16 1.2338 1.1168 1.1478 1.2106 1.2391 1.2000 1.0655 1.1265
4 17 1.0348 0.9367 0.9627 1.0154 1.0393 1.0068 0.8943 0.9456
4 18 0.8376 0.7581 0.7792 0.8218 0.8412 0.8125 0.7188 0.7592
4 19 1.1782 1.0665 1.0961 1.1561 1.1833 1.1433 1.0119 1.0689
4 20 1.1865 1.0740 1.1039 1.1643 1.1917 1.1538 1.0241 1.0826
4 21 1.2725 1.1519 1.1839 1.2487 1.2780 1.2338 1.0907 1.1517
4 22 1.0671 0.9660 0.9928 1.0471 1.0717 1.0343 0.9139 0.9648
4 23 1.1353 1.0277 1.0563 1.1141 1.1403 1.1049 0.9819 1.0382
4 24 1.1190 1.0129 1.0411 1.0981 1.1239 1.0890 0.9675 1.0230
4 25 1.0046 0.9093 0.9346 0.9858 1.0089 0.9767 0.8668 0.9162
4 26 1.1257 1.0182 1.0471 1.1062 1.1335 1.1000 0.9790 1.0361
4 27 1.1838 1.0716 1.1014 1.1617 1.1890 1.1482 1.0156 1.0726
4 28 1.2889 1.1667 1.1992 1.2648 1.2946 1.2539 1.1137 1.1774
4 29 1.0483 0.9489 0.9754 1.0287 1.0529 1.0194 0.9049 0.9565
4 30 1.0671 0.9659 0.9928 1.0471 1.0718 1.0391 0.9241 0.9773
4 31 1.1962 1.0828 1.1130 1.1738 1.2014 1.1601 1.0260 1.0835
4 32 1.1624 1.0523 1.0816 1.1407 1.1675 1.1276 0.9976 1.0536
4 33 1.0048 0.9095 0.9349 0.9860 1.0092 0.9777 0.8685 0.9183
4 34 1.1341 1.0267 1.0553 1.1130 1.1391 1.1003 0.9736 1.0283
4 35 1.1374 1.0296 1.0582 1.1161 1.1423 1.1062 0.9822 1.0383
4 36 1.0586 0.9583 0.9850 1.0389 1.0633 1.0301 0.9150 0.9674
4 37 1.0496 0.9501 0.9766 1.0300 1.0542 1.0211 0.9069 0.9587
4 38 1.0821 0.9795 1.0068 1.0619 1.0868 1.0524 0.9345 0.9878
4 39 0.8595 0.7781 0.7997 0.8435 0.8633 0.8336 0.7372 0.7785
4 40 1.0570 0.9569 0.9835 1.0373 1.0616 1.0274 0.9113 0.9631
4 41 1.2538 1.1350 1.1666 1.2304 1.2593 1.2183 1.0803 1.1416
4 42 1.0590 0.9586 0.9853 1.0392 1.0636 1.0304 0.9154 0.9678
4 43 1.1660 1.0555 1.0849 1.1442 1.1711 1.1304 0.9992 1.0550
4 44 1.0945 0.9908 1.0184 1.0740 1.0993 1.0603 0.9362 0.9882
4 45 1.0026 0.9076 0.9329 0.9839 1.0070 0.9746 0.8647 0.9138
4 46 1.2587 1.1395 1.1712 1.2353 1.2642 1.2230 1.0844 1.1459
4 47 1.2301 1.1135 1.1446 1.2071 1.2355 1.1943 1.0578 1.1174
4 48 0.9738 0.8815 0.9061 0.9556 0.9780 0.9453 0.8372 0.8843
4 49 0.9893 0.8956 0.9205 0.9709 0.9937 0.9616 0.8531 0.9015
4 50 1.2265 1.1103 1.1413 1.2037 1.2319 1.1934 1.0601 1.1207
4 51 1.1349 1.0273 1.0560 1.1137 1.1398 1.1028 0.9779 1.0334
4 52 1.0536 0.9538 0.9804 1.0340 1.0582 1.0194 0.8986 0.9481
4 53 1.0376 0.9393 0.9655 1.0183 1.0422 1.0080 0.8934 0.9440
4 54 1.1582 1.0485 1.0777 1.1366 1.1633 1.1242 0.9954 1.0514
4 55 1.0786 0.9764 1.0037 1.0585 1.0833 1.0367 0.9054 0.9528
4 56 1.0502 0.9507 0.9772 1.0307 1.0548 1.0205 0.9049 0.9562
4 57 1.0696 0.9682 0.9952 1.0496 1.0743 1.0309 0.9039 0.9522
4 58 0.8867 0.8027 0.8251 0.8702 0.8906 0.8614 0.7636 0.8068
4 59 1.1172 1.0113 1.0395 1.0964 1.1221 1.0873 0.9662 1.0214
4 60 1.3837 1.2526 1.2876 1.3579 1.3898 1.3431 1.1892 1.2559
4 61 1.0482 0.9489 0.9754 1.0287 1.0528 1.0189 0.9039 0.9551
4 62 1.2585 1.1393 1.1711 1.2351 1.2641 1.2252 1.0892 1.1515
4 63 1.0848 0.9820 1.0094 1.0646 1.0895 1.0544 0.9354 0.9884
4 64 1.1492 1.0403 1.0694 1.1278 1.1543 1.1159 0.9886 1.0443
4 65 1.0151 0.9189 0.9445 0.9962 1.0196 0.9885 0.8792 0.9296
4 66 1.0558 0.9557 0.9824 1.0362 1.0605 1.0284 0.9148 0.9674
4 67 1.4224 1.2877 1.3236 1.3960 1.4287 1.3843 1.2300 1.3003
4 68 0.9754 0.8823 0.9074 0.9585 0.9820 0.9529 0.8479 0.8971
4 69 1.1418 1.0336 1.0625 1.1206 1.1468 1.1062 0.9769 1.0311
4 70 1.2719 1.1514 1.1835 1.2482 1.2775 1.2316 1.0869 1.1470
4 71 1.2359 1.1188 1.1500 1.2129 1.2414 1.2032 1.0697 1.1310
4 72 1.2388 1.1214 1.1527 1.2157 1.2442 1.1959 1.0508 1.1075
4 73 1.2929 1.1704 1.2031 1.2689 1.2986 1.2504 1.1015 1.1618
4 74 1.1964 1.0830 1.1132 1.1741 1.2016 1.1631 1.0321 1.0907
4 75 1.1424 1.0342 1.0630 1.1211 1.1474 1.1104 0.9851 1.0410
4 76 1.4165 1.2823 1.3181 1.3902 1.4228 1.3791 1.2261 1.2964
4 77 1.2887 1.1666 1.1991 1.2647 1.2943 1.2527 1.1114 1.1744
4 78 0.9386 0.8497 0.8734 0.9212 0.9428 0.9123 0.8093 0.8551
4 79 1.1674 1.0568 1.0863 1.1457 1.1725 1.1348 1.0069 1.0640
4 80 1.3262 1.2006 1.2341 1.3016 1.3321 1.2907 1.1469 1.2124
4 81 1.2776 1.1566 1.1889 1.2539 1.2833 1.2431 1.1043 1.1673
4 82 1.3363 1.2097 1.2435 1.3115 1.3423 1.3009 1.1564 1.2226
4 83 1.2781 1.1570 1.1893 1.2543 1.2837 1.2401 1.0974 1.1588
4 84 1.0782 0.9761 1.0033 1.0582 1.0830 1.0467 0.9269 0.9790
4 85 1.3489 1.2211 1.2552 1.3238 1.3549 1.3047 1.1495 1.2125
4 86 1.2484 1.1301 1.1617 1.2252 1.2539 1.2151 1.0799 1.1416
4 87 1.1522 1.0430 1.0722 1.1308 1.1573 1.1214 0.9966 1.0536
4 88 1.1070 1.0021 1.0301 1.0864 1.1119 1.0610 0.9228 0.9701
4 89 1.2763 1.1554 1.1876 1.2526 1.2819 1.2417 1.1030 1.1658
4 90 1.1645 1.0542 1.0836 1.1429 1.1697 1.1307 1.0015 1.0578
4 91 1.2897 1.1675 1.2001 1.2657 1.2954 1.2558 1.1167 1.1807
4 92 1.2561 1.1371 1.1689 1.2328 1.2617 1.2212 1.0837 1.1452
4 93 1.2434 1.1256 1.1570 1.2203 1.2489 1.2102 1.0755 1.1370
4 94 1.0969 0.9930 1.0207 1.0765 1.1018 1.0660 0.9454 0.9988
4 95 1.2036 1.0887 1.1197 1.1829 1.2120 1.1761 1.0466 1.1072
4 96 1.1973 1.0835 1.1140 1.1757 1.2039 1.1677 1.0389 1.0988
4 97 1.2330 1.1162 1.1474 1.2101 1.2385 1.1988 1.0639 1.1243
4 98 1.1366 1.0290 1.0577 1.1155 1.1417 1.0950 0.9593 1.0104
4 99 1.3035 1.1800 1.2130 1.2793 1.3093 1.2693 1.1288 1.1935
4 100 1.1806 1.0687 1.0986 1.1586 1.1858 1.1488 1.0206 1.0789
4 101 1.3201 1.1951 1.2284 1.2956 1.3260 1.2170 1.0067 1.0389
4 102 1.1818 1.0697 1.0997 1.1600 1.1873 1.1513 1.0241 1.0828
4 103 1.1737 1.0625 1.0922 1.1520 1.1791 1.1434 1.0170 1.0753
4 104 1.1934 1.0804 1.1106 1.1713 1.1988 1.1620 1.0331 1.0921
4 105 1.2121 1.0972 1.1279 1.1895 1.2174 1.1805 1.0500 1.1101
4 106 1.2181 1.1027 1.1335 1.1955 1.2235 1.1859 1.0543 1.1145
4 107 1.3081 1.1842 1.2172 1.2838 1.3139 1.2740 1.1332 1.1981
4 108 1.0638 0.9630 0.9899 1.0440 1.0685 1.0320 0.9131 0.9641
4 109 1.1003 0.9961 1.0239 1.0798 1.1052 1.0706 0.9511 1.0052
4 110 1.2774 1.1564 1.1887 1.2537 1.2831 1.2439 1.1061 1.1694
4 111 1.2853 1.1635 1.1960 1.2616 1.2914 1.2523 1.1140 1.1779
4 112 1.2470 1.1285 1.1603 1.2244 1.2536 1.2158 1.0816 1.1438
4 113 1.2071 1.0928 1.1233 1.1847 1.2125 1.1753 1.0449 1.1046
4 114 1.3308 1.2047 1.2384 1.3063 1.3370 1.2965 1.1533 1.2195
4 115 1.1842 1.0717 1.1018 1.1628 1.1905 1.1546 1.0272 1.0863
4 116 1.3197 1.1943 1.2279 1.2959 1.3269 1.2870 1.1450 1.2109
4 117 1.1478 1.0390 1.0681 1.1265 1.1529 1.1177 0.9940 1.0510
4 118 1.1420 1.0338 1.0627 1.1208 1.1471 1.1102 0.9850 1.0408
4 119 1.2867 1.1648 1.1973 1.2628 1.2924 1.2523 1.1128 1.1764
4 120 1.1569 1.0473 1.0766 1.1354 1.1620 1.1213 0.9908 1.0458
4 121 1.2705 1.1502 1.1823 1.2470 1.2762 1.2368 1.0993 1.1621
4 122 1.0766 0.9747 1.0019 1.0566 1.0814 1.0412 0.9172 0.9674
4 123 1.2288 1.1124 1.1435 1.2060 1.2343 1.1953 1.0614 1.1218
4 124 1.0936 0.9900 1.0177 1.0733 1.0985 1.0590 0.9345 0.9861
4 125 1.2604 1.1410 1.1729 1.2370 1.2660 1.2275 1.0918 1.1544
5 0 1.0341 0.9356 0.9619 1.0154 1.0399 1.0082 0.8959 0.9482
5 1 1.0292 0.9306 0.9571 1.0116 1.0371 1.0070 0.8962 0.9496
5 2 1.0029 0.9075 0.9326 0.9838 1.0073 0.9756 0.8659 0.9155
5 3 1.0504 0.9506 0.9768 1.0304 1.0549 1.0220 0.9075 0.9596
5 4 0.9691 0.8764 0.9010 0.9518 0.9754 0.9469 0.8428 0.8923
5 6 0.8610 0.7792 0.8008 0.8447 0.8647 0.8356 0.7396 0.7813
5 7 1.2024 1.0874 1.1181 1.1815 1.2109 1.1755 1.0463 1.1079
5 8 0.9146 0.8278 0.8508 0.8975 0.9187 0.8910 0.7924 0.8384
5 9 1.0156 0.9189 0.9447 0.9972 1.0214 0.9911 0.8821 0.9337
5 10 1.0097 0.9139 0.9393 0.9907 1.0142 0.9834 0.8746 0.9254
5 11 1.0697 0.9683 0.9952 1.0497 1.0744 1.0395 0.9216 0.9741
5 12 0.9626 0.8712 0.8954 0.9446 0.9670 0.9381 0.8347 0.8833
5 13 0.9784 0.8856 0.9103 0.9601 0.9827 0.9499 0.8411 0.8887
5 14 0.9977 0.9028 0.9281 0.9794 1.0029 0.9730 0.8659 0.9164
5 15 0.9078 0.8217 0.8445 0.8908 0.9118 0.8844 0.7869 0.8326
5 16 1.1935 1.0803 1.1104 1.1712 1.1988 1.1622 1.0333 1.0932
5 17 0.9256 0.8378 0.8611 0.9083 0.9297 0.9015 0.8019 0.8484
5 18 0.7507 0.6795 0.6984 0.7366 0.7540 0.7290 0.6458 0.6825
5 19 0.9270 0.8391 0.8624 0.9096 0.9311 0.9005 0.7982 0.8436
5 20 1.0972 0.9932 1.0208 1.0767 1.1020 1.0681 0.9494 1.0042
5 21 1.2049 1.0907 1.1210 1.1824 1.2102 1.1695 1.0353 1.0939
5 22 0.9564 0.8657 0.8898 0.9385 0.9606 0.9279 0.8211 0.8673
5 23 1.0828 0.9801 1.0074 1.0627 1.0878 1.0551 0.9389 0.9933
5 24 1.0974 0.9934 1.0211 1.0770 1.1023 1.0691 0.9512 1.0064
5 25 0.9120 0.8255 0.8485 0.8949 0.9160 0.8876 0.7889 0.8343
5 26 1.1089 1.0024 1.0313 1.0910 1.1189 1.0866 0.9675 1.0246
5 27 1.1699 1.0590 1.0885 1.1481 1.1751 1.1360 1.0062 1.0632
5 28 1.2318 1.1150 1.1461 1.2088 1.2373 1.1997 1.0670 1.1288
5 29 0.9759 0.8834 0.9080 0.9577 0.9803 0.9501 0.8445 0.8933
5 30 1.0102 0.9140 0.9398 0.9921 1.0160 0.9858 0.8773 0.9285
5 31 1.1173 1.0114 1.0396 1.0964 1.1222 1.0848 0.9608 1.0152
5 32 1.1571 1.0474 1.0766 1.1355 1.1623 1.1237 0.9956 1.0520
5 33 0.9901 0.8963 0.9213 0.9717 0.9946 0.9645 0.8581 0.9078
5 34 1.1374 1.0296 1.0583 1.1162 1.1424 1.1047 0.9789 1.0344
5 35 1.0447 0.9457 0.9720 1.0252 1.0493 1.0172 0.9045 0.9568
5 36 0.9977 0.9032 0.9283 0.9791 1.0022 0.9719 0.8646 0.9147
5 37 1.0114 0.9156 0.9411 0.9926 1.0159 0.9850 0.8761 0.9268
5 38 0.9176 0.8306 0.8538 0.9005 0.9217 0.8934 0.7944 0.8403
5 39 1.0728 0.9711 0.9982 1.0528 1.0776 1.0416 0.9225 0.9748
5 40 1.1297 1.0227 1.0512 1.1087 1.1347 1.0992 0.9764 1.0326
5 41 1.1878 1.0753 1.1052 1.1657 1.1931 1.1555 1.0261 1.0850
5 42 1.0013 0.9064 0.9317 0.9826 1.0057 0.9753 0.8677 0.9180
5 43 1.1584 1.0486 1.0778 1.1368 1.1635 1.1242 0.9952 1.0514
5 44 1.0199 0.9233 0.9490 1.0009 1.0244 0.9891 0.8747 0.9238
5 45 0.9410 0.8519 0.8756 0.9235 0.9452 0.9158 0.8136 0.8605
5 46 1.2008 1.0870 1.1173 1.1785 1.2061 1.1680 1.0371 1.0966
5 47 1.2061 1.0918 1.1223 1.1836 1.2114 1.1723 1.0398 1.0991
5 48 0.9756 0.8832 0.9078 0.9575 0.9800 0.9482 0.8409 0.8888
5 49 0.9094 0.8233 0.8462 0.8925 0.9135 0.8849 0.7862 0.8313
5 50 1.1206 1.0145 1.0428 1.0998 1.1256 1.0915 0.9710 1.0272
5 51 0.9441 0.8546 0.8785 0.9265 0.9483 0.9184 0.8156 0.8624
5 52 0.9767 0.8842 0.9089 0.9586 0.9811 0.9461 0.8351 0.8816
5 53 1.0937 0.9900 1.0177 1.0733 1.0985 1.0636 0.9441 0.9981
5 54 1.0784 0.9762 1.0035 1.0584 1.0832 1.0479 0.9292 0.9821
5 55 1.0944 0.9908 1.0184 1.0741 1.0993 1.0530 0.9209 0.9696
5 56 0.9204 0.8332 0.8565 0.9033 0.9245 0.8954 0.7951 0.8406
5 57 1.0878 0.9847 1.0122 1.0675 1.0926 1.0496 0.9215 0.9714
5 58 0.8248 0.7467 0.7675 0.8095 0.8285 0.8022 0.7122 0.7529
5 59 1.0504 0.9508 0.9774 1.0311 1.0555 1.0237 0.9108 0.9635
5 60 1.3000 1.1768 1.2097 1.2758 1.3058 1.2632 1.1201 1.1837
5 61 1.0077 0.9122 0.9376 0.9889 1.0121 0.9805 0.8711 0.9211
5 62 1.0320 0.9339 0.9602 1.0133 1.0375 1.0064 0.8956 0.9475
5 63 1.1352 1.0276 1.0563 1.1141 1.1402 1.1046 0.9814 1.0377
5 64 1.0308 0.9332 0.9592 1.0117 1.0354 1.0021 0.8891 0.9397
5 65 0.8975 0.8120 0.8350 0.8816 0.9030 0.8761 0.7797 0.8250
5 66 1.0417 0.9424 0.9691 1.0235 1.0485 1.0174 0.9055 0.9582
5 67 1.4047 1.2715 1.3071 1.3788 1.4112 1.3687 1.2179 1.2883
5 68 1.0894 0.9848 1.0132 1.0718 1.0990 1.0671 0.9500 1.0058
5 69 1.0820 0.9795 1.0069 1.0619 1.0869 1.0494 0.9281 0.9802
5 70 1.0456 0.9465 0.9729 1.0262 1.0503 1.0136 0.8958 0.9459
5 71 0.9313 0.8428 0.8666 0.9146 0.9365 0.9084 0.8084 0.8553
5 72 1.2143 1.0993 1.1300 1.1918 1.2198 1.1735 1.0326 1.0891
5 73 1.2477 1.1295 1.1610 1.2245 1.2532 1.2079 1.0656 1.1247
5 74 1.0356 0.9375 0.9636 1.0163 1.0402 1.0079 0.8957 0.9471
5 75 0.9362 0.8475 0.8711 0.9188 0.9404 0.9110 0.8094 0.8558
5 76 1.3968 1.2640 1.2996 1.3717 1.4046 1.3626 1.2125 1.2829
5 77 1.2584 1.1392 1.1710 1.2350 1.2640 1.2246 1.0881 1.1505
5 78 0.9298 0.8417 0.8652 0.9125 0.9339 0.9047 0.8037 0.8498
5 79 1.0043 0.9092 0.9346 0.9857 1.0088 0.9774 0.8684 0.9183
5 80 1.1476 1.0388 1.0678 1.1264 1.1530 1.1182 0.9950 1.0525
5 81 1.1054 1.0007 1.0286 1.0849 1.1104 1.0767 0.9579 1.0132
5 82 1.2175 1.1018 1.1328 1.1955 1.2240 1.1873 1.0565 1.1178
5 83 1.2399 1.1225 1.1538 1.2169 1.2455 1.2044 1.0673 1.1278
5 84 1.0140 0.9179 0.9435 0.9951 1.0185 0.9854 0.8739 0.9236
5 85 1.2902 1.1680 1.2006 1.2663 1.2960 1.2493 1.1022 1.1634
5 86 1.0746 0.9726 0.9999 1.0549 1.0799 1.0474 0.9320 0.9859
5 87 1.0599 0.9594 0.9862 1.0405 1.0651 1.0331 0.9193 0.9725
5 88 1.1141 1.0085 1.0367 1.0934 1.1190 1.0688 0.9309 0.9792
5 89 1.1223 1.0160 1.0444 1.1015 1.1274 1.0932 0.9724 1.0285
5 90 1.0338 0.9359 0.9620 1.0146 1.0384 1.0048 0.8913 0.9420
5 91 1.1174 1.0111 1.0397 1.0976 1.1240 1.0905 0.9704 1.0268
5 92 1.1094 1.0044 1.0324 1.0889 1.1144 1.0798 0.9596 1.0147
5 93 1.1004 0.9960 1.0239 1.0803 1.1058 1.0726 0.9544 1.0096
5 94 1.0278 0.9305 0.9564 1.0088 1.0324 0.9999 0.8881 0.9389
5 95 1.0367 0.9371 0.9643 1.0201 1.0461 1.0158 0.9044 0.9575
5 96 0.9031 0.8167 0.8401 0.8878 0.9098 0.8831 0.7861 0.8320
5 97 1.0286 0.9311 0.9571 1.0095 1.0332 1.0012 0.8898 0.9409
5 98 1.1372 1.0294 1.0582 1.1161 1.1423 1.0967 0.9622 1.0140
5 99 1.1415 1.0329 1.0621 1.1213 1.1484 1.1141 0.9915 1.0491
5 100 1.0571 0.9570 0.9837 1.0375 1.0619 1.0298 0.9162 0.9692
5 101 1.2745 1.1538 1.1860 1.2509 1.2803 1.1751 0.9722 1.0035
5 102 0.9491 0.8586 0.8830 0.9327 0.9555 0.9271 0.8251 0.8730
5 103 1.0093 0.9130 0.9390 0.9918 1.0160 0.9858 0.8773 0.9283
5 104 1.0603 0.9595 0.9865 1.0414 1.0664 1.0345 0.9206 0.9738
5 105 1.0303 0.9321 0.9585 1.0123 1.0369 1.0061 0.8953 0.9473
5 106 1.0462 0.9468 0.9734 1.0274 1.0521 1.0205 0.9081 0.9606
5 107 1.1500 1.0404 1.0699 1.1299 1.1574 1.1230 0.9994 1.0574
5 108 1.0739 0.9721 0.9993 1.0540 1.0787 1.0430 0.9242 0.9764
5 109 0.9650 0.8736 0.8980 0.9471 0.9694 0.9400 0.8363 0.8845
5 110 1.1390 1.0306 1.0597 1.1188 1.1459 1.1117 0.9893 1.0466
5 111 1.1704 1.0588 1.0889 1.1502 1.1783 1.1434 1.0176 1.0768
5 112 1.0787 0.9756 1.0035 1.0604 1.0866 1.0546 0.9386 0.9933
5 113 1.0440 0.9447 0.9714 1.0253 1.0499 1.0185 0.9063 0.9588
5 114 1.2029 1.0882 1.1191 1.1821 1.2110 1.1751 1.0458 1.1066
5 115 1.1019 0.9966 1.0251 1.0832 1.1100 1.0773 0.9589 1.0148
5 116 1.1955 1.0812 1.1121 1.1753 1.2045 1.1690 1.0406 1.1013
5 117 1.0428 0.9436 0.9703 1.0245 1.0492 1.0180 0.9059 0.9585
5 118 1.0073 0.9119 0.9374 0.9887 1.0119 0.9804 0.8711 0.9211
5 119 1.1578 1.0480 1.0773 1.1366 1.1635 1.1284 1.0040 1.0621
5 120 1.1545 1.0451 1.0743 1.1331 1.1597 1.1203 0.9913 1.0470
5 121 1.1571 1.0473 1.0767 1.1362 1.1632 1.1283 1.0040 1.0621
5 122 1.0804 0.9781 1.0054 1.0604 1.0853 1.0461 0.9228 0.9739
5 123 1.1213 1.0151 1.0435 1.1005 1.1264 1.0920 0.9711 1.0270
5 124 1.0962 0.9924 1.0201 1.0759 1.1012 1.0627 0.9392 0.9916
5 125 1.1598 1.0494 1.0791 1.1395 1.1672 1.1325 1.0079 1.0664
6 0 0.6223 0.5619 0.5784 0.6131 0.6297 0.6118 0.5447 0.5772
6 1 1.3409 1.2093 1.2458 1.3238 1.3618 1.3250 1.1808 1.2531
6 2 0.7982 0.7213 0.7419 0.7851 0.8055 0.7824 0.6965 0.7377
6 3 1.1677 1.0549 1.0853 1.1489 1.1790 1.1455 1.0199 1.0805
6 4 1.2529 1.1301 1.1639 1.2364 1.2716 1.2373 1.1029 1.1701
6 5 1.0455 0.9437 0.9715 1.0305 1.0590 1.0298 0.9177 0.9731
6 7 1.3147 1.1858 1.2215 1.2979 1.3352 1.2994 1.1585 1.2293
6 8 1.1266 1.0172 1.0471 1.1102 1.1405 1.1090 0.9882 1.0479
6 9 1.0436 0.9417 0.9698 1.0296 1.0586 1.0298 0.9180 0.9739
6 10 1.1559 1.0438 1.0744 1.1391 1.1701 1.1378 1.0139 1.0752
6 11 1.0950 0.9903 1.0183 1.0761 1.1032 1.0712 0.9538 1.0103
6 12 1.0973 0.9906 1.0199 1.0820 1.1120 1.0815 0.9640 1.0225
6 13 1.1244 1.0176 1.0460 1.1040 1.1308 1.0975 0.9770 1.0344
6 14 1.1723 1.0581 1.0896 1.1564 1.1887 1.1564 1.0308 1.0935
6 15 1.1295 1.0197 1.0499 1.1135 1.1442 1.1128 0.9918 1.0520
6 16 1.2779 1.1542 1.1880 1.2592 1.2933 1.2574 1.1206 1.1883
6 17 1.1602 1.0476 1.0785 1.1436 1.1749 1.1425 1.0183 1.0800
6 18 0.9390 0.8497 0.8735 0.9224 0.9451 0.9175 0.8169 0.8652
6 19 1.1116 1.0056 1.0340 1.0923 1.1196 1.0871 0.9680 1.0254
6 20 1.3078 1.1814 1.2159 1.2883 1.3229 1.2860 1.1460 1.2152
6 21 0.9405 0.8513 0.8750 0.9233 0.9456 0.9177 0.8169 0.8650
6 22 0.8707 0.7881 0.8101 0.8548 0.8754 0.8493 0.7556 0.8000
6 23 1.2077 1.0903 1.1226 1.1909 1.2239 1.1903 1.0610 1.1255
6 24 1.0149 0.9163 0.9435 1.0007 1.0283 1.0000 0.8914 0.9455
6 25 1.1249 1.0163 1.0460 1.1080 1.1376 1.1059 0.9854 1.0449
6 26 1.1486 1.0355 1.0672 1.1356 1.1692 1.1386 1.0156 1.0784
6 27 1.2477 1.1291 1.1607 1.2254 1.2554 1.2187 1.0851 1.1493
6 28 1.2923 1.1670 1.2015 1.2739 1.3086 1.2725 1.1342 1.2029
6 29 1.1477 1.0368 1.0671 1.1307 1.1611 1.1288 1.0060 1.0668
6 30 0.8305 0.7495 0.7719 0.8195 0.8426 0.8199 0.7310 0.7756
6 31 0.9857 0.8921 0.9171 0.9680 0.9917 0.9626 0.8571 0.9078
6 32 0.8604 0.7785 0.8004 0.8452 0.8660 0.8407 0.7486 0.7930
6 33 1.0990 0.9923 1.0217 1.0836 1.1133 1.0827 0.9651 1.0237
6 34 0.8279 0.7491 0.7702 0.8134 0.8335 0.8093 0.7207 0.7634
6 35 1.2367 1.1169 1.1498 1.2187 1.2517 1.2170 1.0847 1.1504
6 36 1.1370 1.0267 1.0571 1.1210 1.1518 1.1201 0.9984 1.0591
6 37 0.8759 0.7910 0.8143 0.8633 0.8869 0.8624 0.7687 0.8153
6 38 1.0445 0.9434 0.9712 1.0294 1.0573 1.0280 0.9162 0.9717
6 39 0.9681 0.8761 0.9007 0.9507 0.9739 0.9454 0.8418 0.8917
6 40 1.3117 1.1853 1.2198 1.2916 1.3257 1.2884 1.1481 1.2172
6 41 1.2276 1.1095 1.1417 1.2084 1.2401 1.2051 1.0737 1.1383
6 42 1.0439 0.9426 0.9705 1.0292 1.0575 1.0284 0.9167 0.9725
6 43 1.2319 1.1151 1.1462 1.2095 1.2387 1.2021 1.0701 1.1333
6 44 0.8967 0.8117 0.8344 0.8804 0.9017 0.8744 0.7776 0.8233
6 45 1.0952 0.9896 1.0184 1.0786 1.1072 1.0762 0.9590 1.0169
6 46 1.2393 1.1201 1.1526 1.2199 1.2517 1.2163 1.0837 1.1489
6 47 0.9626 0.8706 0.8954 0.9467 0.9707 0.9429 0.8398 0.8900
6 48 1.1187 1.0117 1.0406 1.1000 1.1278 1.0954 0.9757 1.0339
6 49 1.0501 0.9488 0.9765 1.0341 1.0614 1.0316 0.9192 0.9747
6 50 1.2963 1.1705 1.2052 1.2780 1.3130 1.2769 1.1382 1.2074
6 51 1.2134 1.0966 1.1284 1.1945 1.2258 1.1912 1.0614 1.1253
6 52 0.8451 0.7650 0.7864 0.8298 0.8498 0.8230 0.7306 0.7732
6 53 1.0885 0.9840 1.0124 1.0711 1.0989 1.0677 0.9512 1.0083
6 54 1.2429 1.1242 1.1562 1.2219 1.2527 1.2166 1.0836 1.1482
6 55 1.1505 1.0414 1.0705 1.1296 1.1568 1.1128 0.9785 1.0329
6 56 1.0219 0.9236 0.9504 1.0060 1.0323 1.0032 0.8938 0.9475
6 57 0.8445 0.7645 0.7858 0.8292 0.8491 0.8192 0.7233 0.7643
6 58 1.1959 1.0810 1.1122 1.1770 1.2076 1.1733 1.0453 1.1080
6 59 1.0066 0.9087 0.9358 0.9928 1.0203 0.9923 0.8846 0.9383
6 60 1.3548 1.2254 1.2603 1.3319 1.3654 1.3260 1.1810 1.2514
6 61 1.0861 0.9813 1.0100 1.0696 1.0980 1.0671 0.9509 1.0082
6 62 1.3049 1.1778 1.2130 1.2875 1.3235 1.2875 1.1477 1.2177
6 63 1.1322 1.0230 1.0529 1.1151 1.1446 1.1125 0.9913 1.0510
6 64 1.2152 1.0988 1.1304 1.1954 1.2259 1.1908 1.0608 1.1242
6 65 1.0874 0.9813 1.0108 1.0734 1.1037 1.0739 0.9575 1.0160
6 66 1.1636 1.0499 1.0816 1.1489 1.1816 1.1498 1.0252 1.0879
6 67 1.5521 1.4013 1.4430 1.5308 1.5731 1.5300 1.3639 1.4469
6 68 1.1730 1.0575 1.0900 1.1596 1.1938 1.1624 1.0369 1.1009
6 69 0.9543 0.8638 0.8880 0.9370 0.9596 0.9306 0.8277 0.8764
6 70 0.9756 0.8831 0.9078 0.9579 0.9810 0.9509 0.8452 0.8947
6 71 1.1304 1.0203 1.0508 1.1154 1.1467 1.1155 0.9945 1.0552
6 72 1.2623 1.1427 1.1746 1.2394 1.2693 1.2265 1.0853 1.1476
6 73 1.3035 1.1800 1.2129 1.2799 1.3108 1.2689 1.1257 1.1911
6 74 1.2577 1.1363 1.1695 1.2389 1.2720 1.2364 1.1018 1.1683
6 75 1.1970 1.0815 1.1131 1.1789 1.2101 1.1762 1.0481 1.1112
6 76 1.5106 1.3634 1.4042 1.4907 1.5324 1.4908 1.3291 1.4102
6 77 1.2798 1.1564 1.1901 1.2606 1.2941 1.2578 1.1208 1.1884
6 78 0.9516 0.8599 0.8850 0.9372 0.9620 0.9349 0.8331 0.8833
6 79 1.0530 0.9515 0.9793 1.0372 1.0648 1.0350 0.9223 0.9779
6 80 1.3492 1.2180 1.2543 1.3307 1.3675 1.3301 1.1856 1.2578
6 81 1.3081 1.1812 1.2162 1.2899 1.3253 1.2889 1.1489 1.2187
6 82 1.3682 1.2349 1.2719 1.3499 1.3876 1.3499 1.2034 1.2768
6 83 1.2783 1.1565 1.1893 1.2562 1.2873 1.2499 1.1132 1.1794
6 84 0.9548 0.8635 0.8882 0.9389 0.9626 0.9349 0.8328 0.8825
6 85 1.3390 1.2121 1.2460 1.3148 1.3465 1.3036 1.1567 1.2240
6 86 1.2820 1.1573 1.1918 1.2646 1.2997 1.2642 1.1270 1.1956
6 87 1.0271 0.9272 0.9549 1.0132 1.0413 1.0128 0.9029 0.9579
6 88 1.1605 1.0505 1.0799 1.1395 1.1670 1.1193 0.9802 1.0337
6 89 1.3016 1.1753 1.2102 1.2834 1.3186 1.2823 1.1430 1.2123
6 90 1.0505 0.9500 0.9772 1.0332 1.0595 1.0291 0.9167 0.9714
6 91 1.3130 1.1850 1.2206 1.2960 1.3325 1.2964 1.1558 1.2264
6 92 1.2861 1.1620 1.1960 1.2670 1.3009 1.2645 1.1269 1.1949
6 93 1.2674 1.1441 1.1783 1.2503 1.2850 1.2499 1.1142 1.1820
6 94 0.9642 0.8714 0.8967 0.9494 0.9744 0.9469 0.8437 0.8945
6 95 1.0731 0.9674 0.9972 1.0611 1.0925 1.0638 0.9489 1.0075
6 96 0.9425 0.8501 0.8760 0.9311 0.9580 0.9325 0.8316 0.8827
6 97 1.2653 1.1432 1.1767 1.2466 1.2800 1.2443 1.1089 1.1759
6 98 1.1832 1.0711 1.1010 1.1618 1.1899 1.1473 1.0123 1.0696
6 99 1.3211 1.1922 1.2281 1.3040 1.3408 1.3046 1.1631 1.2342
6 100 1.0579 0.9552 0.9835 1.0433 1.0721 1.0426 0.9294 0.9859
6 101 1.1054 1.0006 1.0286 1.0854 1.1116 1.0210 0.8451 0.8734
6 102 0.9799 0.8841 0.9108 0.9676 0.9952 0.9684 0.8635 0.9162
6 103 1.0490 0.9465 0.9751 1.0358 1.0654 1.0367 0.9243 0.9808
6 104 1.2179 1.0991 1.1321 1.2020 1.2358 1.2023 1.0718 1.1371
6 105 1.0724 0.9676 0.9968 1.0588 1.0890 1.0596 0.9447 1.0024
6 106 1.0865 0.9806 1.0100 1.0722 1.1023 1.0723 0.9560 1.0142
6 107 1.3220 1.1929 1.2289 1.3053 1.3424 1.3062 1.1646 1.2358
6 108 1.1252 1.0181 1.0469 1.1057 1.1331 1.1002 0.9797 1.0378
6 109 1.0173 0.9185 0.9458 1.0032 1.0309 1.0026 0.8936 0.9478
6 110 1.2915 1.1655 1.2005 1.2748 1.3109 1.2754 1.1371 1.2064
6 111 1.0626 0.9587 0.9877 1.0493 1.0794 1.0504 0.9365 0.9938
6 112 1.1160 1.0066 1.0372 1.1024 1.1342 1.1040 0.9844 1.0448
6 113 1.0793 0.9742 1.0034 1.0652 1.0952 1.0655 0.9499 1.0078
6 114 1.3324 1.2021 1.2385 1.3157 1.3534 1.3170 1.1743 1.2461
6 115 1.1539 1.0408 1.0725 1.1399 1.1729 1.1416 1.0180 1.0804
6 116 1.1499 1.0372 1.0687 1.1360 1.1689 1.1378 1.0146 1.0769
6 117 1.0459 0.9438 0.9722 1.0325 1.0617 1.0331 0.9211 0.9773
6 118 1.0360 0.9360 0.9634 1.0205 1.0478 1.0185 0.9075 0.9623
6 119 1.2997 1.1733 1.2083 1.2821 1.3178 1.2818 1.1426 1.2121
6 120 1.1728 1.0617 1.0913 1.1517 1.1796 1.1445 1.0185 1.0786
6 121 1.0931 0.9867 1.0162 1.0785 1.1086 1.0785 0.9614 1.0200
6 122 1.0950 0.9912 1.0189 1.0752 1.1013 1.0661 0.9459 1.0009
6 123 1.2451 1.1245 1.1577 1.2274 1.2609 1.2261 1.0928 1.1590
6 124 1.1104 1.0052 1.0333 1.0904 1.1168 1.0825 0.9622 1.0186
6 125 1.0747 0.9697 0.9990 1.0611 1.0912 1.0618 0.9467 1.0046
7 0 1.1353 1.0272 1.0559 1.1145 1.1415 1.1055 0.9810 1.0378
7 1 1.2452 1.1267 1.1582 1.2225 1.2523 1.2151 1.0810 1.1448
7 2 0.9729 0.8805 0.9048 0.9545 0.9772 0.9454 0.8379 0.8856
7 3 0.8388 0.7591 0.7801 0.8229 0.8425 0.8152 0.7228 0.7640
7 4 1.2243 1.1080 1.1387 1.2013 1.2301 1.1932 1.0615 1.1235
7 5 1.0642 0.9632 0.9899 1.0442 1.0690 1.0359 0.9203 0.9736
7 6 1.0729 0.9711 0.9980 1.0527 1.0775 1.0400 0.9190 0.9703
7 8 1.0680 0.9667 0.9936 1.0480 1.0728 1.0392 0.9228 0.9759
7 9 1.1853 1.0729 1.1027 1.1632 1.1908 1.1544 1.0264 1.0859
7 10 1.0286 0.9310 0.9569 1.0093 1.0332 1.0007 0.8885 0.9396
7 11 1.2497 1.1312 1.1627 1.2263 1.2552 1.2128 1.0735 1.1340
7 12 1.1051 1.0003 1.0282 1.0845 1.1101 1.0756 0.9557 1.0108
7 13 0.7247 0.6560 0.6742 0.7111 0.7278 0.7026 0.6211 0.6559
7 14 1.1233 1.0168 1.0451 1.1023 1.1284 1.0936 0.9721 1.0281
7 15 1.1268 1.0200 1.0484 1.1058 1.1319 1.0965 0.9740 1.0300
7 16 1.1718 1.0607 1.0903 1.1499 1.1770 1.1397 1.0117 1.0697
7 17 1.1286 1.0216 1.0501 1.1076 1.1337 1.0980 0.9751 1.0310
7 18 0.8991 0.8139 0.8366 0.8823 0.9030 0.8720 0.7712 0.8145
7 19 1.2325 1.1157 1.1467 1.2094 1.2379 1.1958 1.0581 1.1176
7 20 1.2875 1.1655 1.1980 1.2635 1.2932 1.2519 1.1109 1.1743
7 21 1.3241 1.1987 1.2321 1.2994 1.3299 1.2836 1.1344 1.1977
7 22 1.1190 1.0129 1.0411 1.0981 1.1239 1.0843 0.9578 1.0111
7 23 1.2112 1.0964 1.1270 1.1886 1.2166 1.1787 1.0472 1.1073
7 24 1.1754 1.0640 1.0937 1.1536 1.1807 1.1438 1.0160 1.0742
7 25 1.0835 0.9809 1.0082 1.0634 1.0883 1.0534 0.9346 0.9878
7 26 1.1826 1.0699 1.1002 1.1620 1.1905 1.1552 1.0282 1.0881
7 27 1.1324 1.0251 1.0537 1.1113 1.1374 1.0982 0.9711 1.0254
7 28 1.2889 1.1668 1.1993 1.2649 1.2947 1.2538 1.1133 1.1770
7 29 1.1215 1.0152 1.0435 1.1006 1.1265 1.0904 0.9677 1.0229
7 30 1.1132 1.0077 1.0358 1.0925 1.1183 1.0840 0.9637 1.0192
7 31 1.2458 1.1277 1.1592 1.2226 1.2513 1.2080 1.0681 1.1278
7 32 1.1236 1.0171 1.0455 1.1027 1.1286 1.0898 0.9638 1.0178
7 33 1.0495 0.9501 0.9766 1.0300 1.0542 1.0211 0.9069 0.9588
7 34 1.0852 0.9824 1.0098 1.0650 1.0900 1.0527 0.9312 0.9834
7 35 1.2131 1.0981 1.1288 1.1905 1.2185 1.1798 1.0472 1.1070
7 36 1.1059 1.0011 1.0291 1.0854 1.1109 1.0759 0.9556 1.0102
7 37 1.0953 0.9916 1.0192 1.0750 1.1002 1.0654 0.9460 1.0001
7 38 1.1392 1.0312 1.0600 1.1180 1.1442 1.1079 0.9834 1.0395
7 39 1.1809 1.0690 1.0988 1.1589 1.1861 1.1451 1.0124 1.0690
7 40 1.1323 1.0250 1.0536 1.1113 1.1373 1.1004 0.9758 1.0312
7 41 1.3038 1.1803 1.2132 1.2796 1.3096 1.2667 1.1229 1.1866
7 42 1.1055 1.0008 1.0287 1.0850 1.1105 1.0756 0.9553 1.0099
7 43 1.1172 1.0114 1.0396 1.0964 1.1221 1.0829 0.9569 1.0103
7 44 1.1342 1.0267 1.0554 1.1131 1.1392 1.0985 0.9697 1.0234
7 45 1.0606 0.9602 0.9870 1.0409 1.0654 1.0309 0.9144 0.9663
7 46 1.3047 1.1811 1.2141 1.2805 1.3105 1.2675 1.1235 1.1871
7 47 1.2144 1.0993 1.1300 1.1918 1.2197 1.1788 1.0438 1.1026
7 48 1.0197 0.9231 0.9488 1.0007 1.0242 0.9897 0.8763 0.9255
7 49 1.0296 0.9320 0.9581 1.0104 1.0341 1.0006 0.8874 0.9377
7 50 1.2941 1.1715 1.2042 1.2701 1.2999 1.2589 1.1180 1.1819
7 51 1.1921 1.0791 1.1093 1.1699 1.1974 1.1582 1.0268 1.0849
7 52 1.0922 0.9888 1.0164 1.0719 1.0971 1.0566 0.9311 0.9822
7 53 1.0842 0.9815 1.0089 1.0640 1.0890 1.0530 0.9331 0.9858
7 54 1.2183 1.1029 1.1336 1.1956 1.2237 1.1823 1.0466 1.1053
7 55 1.0323 0.9346 0.9606 1.0132 1.0369 0.9920 0.8660 0.9111
7 56 1.0968 0.9929 1.0206 1.0764 1.1017 1.0656 0.9446 0.9980
7 57 1.0210 0.9243 0.9501 1.0021 1.0256 0.9839 0.8624 0.9083
7 58 0.9328 0.8444 0.8680 0.9154 0.9369 0.9060 0.8030 0.8483
7 59 1.1550 1.0456 1.0747 1.1335 1.1601 1.1239 0.9984 1.0554
7 60 1.4247 1.2898 1.3258 1.3982 1.4310 1.3826 1.2238 1.2924
7 61 1.0830 0.9804 1.0078 1.0629 1.0878 1.0525 0.9335 0.9863
7 62 1.3140 1.1895 1.2227 1.2896 1.3199 1.2790 1.1367 1.2017
7 63 1.1269 1.0202 1.0487 1.1060 1.1320 1.0952 0.9713 1.0263
7 64 1.1966 1.0833 1.1136 1.1744 1.2020 1.1618 1.0290 1.0868
7 65 1.0555 0.9555 0.9822 1.0359 1.0602 1.0278 0.9138 0.9662
7 66 1.1118 1.0065 1.0346 1.0912 1.1168 1.0828 0.9630 1.0183
7 67 1.4638 1.3252 1.3622 1.4367 1.4704 1.4244 1.2653 1.3375
7 68 1.0152 0.9185 0.9445 0.9975 1.0217 0.9913 0.8821 0.9332
7 69 1.1782 1.0666 1.0964 1.1564 1.1835 1.1413 1.0075 1.0633
7 70 1.2686 1.1485 1.1805 1.2451 1.2742 1.2282 1.0836 1.1433
7 71 1.2724 1.1519 1.1841 1.2488 1.2782 1.2386 1.1009 1.1639
7 72 1.2282 1.1119 1.1429 1.2054 1.2337 1.1854 1.0412 1.0973
7 73 1.2955 1.1728 1.2056 1.2715 1.3013 1.2526 1.1031 1.1633
7 74 1.2501 1.1317 1.1633 1.2269 1.2557 1.2152 1.0780 1.1391
7 75 1.1853 1.0731 1.1030 1.1633 1.1906 1.1520 1.0217 1.0795
7 76 1.4539 1.3162 1.3530 1.4270 1.4605 1.4153 1.2580 1.3299
7 77 1.3173 1.1926 1.2259 1.2929 1.3232 1.2804 1.1356 1.1999
7 78 0.9739 0.8816 0.9063 0.9558 0.9782 0.9464 0.8393 0.8868
7 79 1.1931 1.0801 1.1103 1.1710 1.1984 1.1596 1.0286 1.0868
7 80 1.3693 1.2396 1.2742 1.3439 1.3754 1.3324 1.1836 1.2511
7 81 1.3199 1.1949 1.2282 1.2954 1.3258 1.2840 1.1403 1.2053
7 82 1.3915 1.2597 1.2949 1.3657 1.3977 1.3544 1.2036 1.2725
7 83 1.3128 1.1884 1.2216 1.2884 1.3186 1.2735 1.1266 1.1896
7 84 1.0562 0.9562 0.9829 1.0366 1.0609 1.0252 0.9076 0.9585
7 85 1.3667 1.2373 1.2719 1.3414 1.3728 1.3217 1.1641 1.2277
7 86 1.2915 1.1691 1.2018 1.2675 1.2973 1.2568 1.1166 1.1803
7 87 1.1356 1.0281 1.0568 1.1146 1.1407 1.1051 0.9818 1.0379
7 88 1.0752 0.9734 1.0006 1.0553 1.0800 1.0303 0.8958 0.9415
7 89 1.3142 1.1898 1.2230 1.2899 1.3201 1.2784 1.1353 1.1999
7 90 1.1979 1.0844 1.1147 1.1757 1.2032 1.1628 1.0297 1.0874
7 91 1.3313 1.2052 1.2389 1.3066 1.3373 1.2961 1.1522 1.2181
7 92 1.2925 1.1701 1.2028 1.2686 1.2983 1.2564 1.1146 1.1777
7 93 1.2787 1.1576 1.1899 1.2550 1.2844 1.2443 1.1055 1.1686
7 94 1.0759 0.9740 1.0013 1.0560 1.0807 1.0454 0.9268 0.9792
7 95 1.2314 1.1140 1.1457 1.2101 1.2396 1.2027 1.0702 1.1321
7 96 1.2256 1.1093 1.1404 1.2032 1.2318 1.1946 1.0628 1.1239
7 97 1.2695 1.1493 1.1814 1.2460 1.2752 1.2341 1.0949 1.1569
7 98 1.1094 1.0043 1.0324 1.0888 1.1143 1.0685 0.9358 0.9855
7 99 1.3422 1.2151 1.2490 1.3173 1.3482 1.3068 1.1618 1.2282
7 100 1.2121 1.0973 1.1280 1.1896 1.2175 1.1793 1.0474 1.1071
7 101 1.3284 1.2026 1.2362 1.3038 1.3344 1.2245 1.0128 1.0447
7 102 1.2059 1.0917 1.1222 1.1835 1.2113 1.1744 1.0445 1.1042
7 103 1.2028 1.0889 1.1193 1.1805 1.2082 1.1714 1.0418 1.1014
7 104 1.2266 1.1104 1.1415 1.2039 1.2321 1.1940 1.0613 1.1219
7 105 1.2414 1.1239 1.1553 1.2184 1.2470 1.2089 1.0750 1.1365
7 106 1.2473 1.1291 1.1607 1.2242 1.2529 1.2141 1.0790 1.1406
7 107 1.3454 1.2180 1.2520 1.3205 1.3515 1.3101 1.1650 1.2317
7 108 1.1005 0.9963 1.0241 1.0801 1.1054 1.0675 0.9442 0.9968
7 109 1.1211 1.0149 1.0433 1.1003 1.1261 1.0906 0.9686 1.0237
7 110 1.3109 1.1868 1.2199 1.2867 1.3168 1.2763 1.1346 1.1995
7 111 1.3130 1.1886 1.2218 1.2886 1.3189 1.2787 1.1373 1.2024
7 112 1.2754 1.1544 1.1868 1.2520 1.2816 1.2428 1.1056 1.1691
7 113 1.2341 1.1172 1.1484 1.2112 1.2396 1.2013 1.0677 1.1287
7 114 1.3608 1.2320 1.2664 1.3356 1.3670 1.3253 1.1787 1.2462
7 115 1.2069 1.0924 1.1230 1.1848 1.2128 1.1761 1.0463 1.1064
7 116 1.3499 1.2219 1.2561 1.3253 1.3568 1.3158 1.1705 1.2378
7 117 1.1739 1.0627 1.0924 1.1522 1.1792 1.1430 1.0162 1.0743
7 118 1.1647 1.0544 1.0839 1.1431 1.1699 1.1320 1.0041 1.0609
7 119 1.3182 1.1934 1.2267 1.2938 1.3241 1.2827 1.1396 1.2045
7 120 1.1485 1.0397 1.0687 1.1272 1.1536 1.1129 0.9831 1.0375
7 121 1.2979 1.1750 1.2078 1.2739 1.3037 1.2632 1.1224 1.1865
7 122 1.0658 0.9649 0.9918 1.0460 1.0705 1.0305 0.9075 0.9570
7 123 1.2558 1.1369 1.1687 1.2326 1.2614 1.2213 1.0842 1.1458
7 124 1.0837 0.9811 1.0085 1.0636 1.0885 1.0492 0.9256 0.9765
7 125 1.2841 1.1624 1.1949 1.2603 1.2898 1.2503 1.1118 1.1754
8 0 0.9395 0.8500 0.8737 0.9221 0.9444 0.9159 0.8143 0.8618
8 1 1.0691 0.9666 0.9941 1.0510 1.0778 1.0466 0.9318 0.9873
8 2 0.8834 0.7995 0.8216 0.8667 0.8873 0.8596 0.7634 0.8073
8 3 0.9281 0.8400 0.8632 0.9106 0.9322 0.9033 0.8026 0.8488
8 4 0.8167 0.7385 0.7594 0.8026 0.8227 0.7988 0.7112 0.7532
8 5 0.8439 0.7636 0.7849 0.8284 0.8483 0.8232 0.7326 0.7755
8 6 0.9483 0.8583 0.8821 0.9304 0.9524 0.9206 0.8152 0.8612
8 7 1.1122 1.0057 1.0343 1.0934 1.1209 1.0885 0.9691 1.0265
8 9 1.0566 0.9558 0.9827 1.0379 1.0634 1.0321 0.9188 0.9728
8 10 0.9026 0.8170 0.8397 0.8858 0.9068 0.8796 0.7827 0.8283
8 11 1.1563 1.0467 1.0758 1.1347 1.1615 1.1240 0.9970 1.0540
8 12 0.8315 0.7525 0.7736 0.8164 0.8360 0.8112 0.7220 0.7642
8 13 0.8762 0.7931 0.8152 0.8598 0.8801 0.8510 0.7538 0.7966
8 14 0.8355 0.7559 0.7772 0.8206 0.8405 0.8156 0.7260 0.7686
8 15 0.9765 0.8838 0.9085 0.9586 0.9814 0.9522 0.8474 0.8969
8 16 1.1317 1.0244 1.0529 1.1106 1.1368 1.1025 0.9808 1.0378
8 17 0.9435 0.8540 0.8778 0.9259 0.9478 0.9195 0.8183 0.8659
8 18 0.7073 0.6403 0.6581 0.6941 0.7105 0.6872 0.6090 0.6437
8 19 1.1528 1.0436 1.0726 1.1314 1.1580 1.1204 0.9935 1.0502
8 20 0.9939 0.8997 0.9248 0.9754 0.9984 0.9680 0.8609 0.9108
8 21 1.2665 1.1464 1.1784 1.2429 1.2722 1.2297 1.0892 1.1509
8 22 1.0254 0.9282 0.9541 1.0063 1.0300 0.9953 0.8810 0.9308
8 23 1.1508 1.0414 1.0707 1.1299 1.1570 1.1225 0.9990 1.0573
8 24 1.1183 1.0122 1.0405 1.0979 1.1240 1.0905 0.9705 1.0270
8 25 0.9198 0.8326 0.8558 0.9027 0.9240 0.8957 0.7964 0.8425
8 26 1.0977 0.9920 1.0208 1.0804 1.1084 1.0767 0.9589 1.0159
8 27 1.1211 1.0149 1.0432 1.1003 1.1262 1.0891 0.9651 1.0200
8 28 1.1932 1.0801 1.1102 1.1710 1.1987 1.1627 1.0346 1.0948
8 29 1.0026 0.9076 0.9330 0.9840 1.0072 0.9766 0.8685 0.9188
8 30 1.0279 0.9299 0.9563 1.0099 1.0346 1.0041 0.8938 0.9462
8 31 1.1779 1.0663 1.0960 1.1560 1.1832 1.1441 1.0138 1.0714
8 32 1.1177 1.0118 1.0401 1.0970 1.1228 1.0860 0.9625 1.0174
8 33 0.9659 0.8743 0.8988 0.9482 0.9707 0.9416 0.8380 0.8868
8 34 1.0937 0.9901 1.0177 1.0734 1.0986 1.0627 0.9421 0.9958
8 35 1.0000 0.9053 0.9305 0.9815 1.0046 0.9742 0.8667 0.9170
8 36 1.0205 0.9237 0.9496 1.0018 1.0255 0.9948 0.8853 0.9368
8 37 1.0126 0.9167 0.9423 0.9939 1.0173 0.9867 0.8780 0.9290
8 38 1.0667 0.9656 0.9926 1.0469 1.0716 1.0391 0.9244 0.9781
8 39 1.1198 1.0137 1.0420 1.0990 1.1249 1.0877 0.9638 1.0186
8 40 1.1315 1.0243 1.0529 1.1105 1.1366 1.1014 0.9789 1.0354
8 41 1.2466 1.1285 1.1600 1.2235 1.2523 1.2132 1.0778 1.1400
8 42 1.0225 0.9255 0.9514 1.0037 1.0275 0.9967 0.8870 0.9387
8 43 1.1127 1.0073 1.0354 1.0920 1.1177 1.0803 0.9568 1.0110
8 44 1.0678 0.9667 0.9937 1.0480 1.0727 1.0360 0.9166 0.9682
8 45 0.9515 0.8614 0.8855 0.9339 0.9559 0.9264 0.8235 0.8711
8 46 1.2532 1.1345 1.1661 1.2299 1.2589 1.2195 1.0834 1.1458
8 47 1.1774 1.0658 1.0956 1.1556 1.1827 1.1449 1.0160 1.0742
8 48 0.9272 0.8394 0.8628 0.9100 0.9314 0.9015 0.7999 0.8457
8 49 0.9448 0.8553 0.8792 0.9273 0.9491 0.9198 0.8175 0.8647
8 50 1.1177 1.0117 1.0400 1.0971 1.1231 1.0894 0.9694 1.0258
8 51 1.0365 0.9384 0.9646 1.0173 1.0412 1.0088 0.8963 0.9480
8 52 1.0238 0.9268 0.9527 1.0048 1.0284 0.9920 0.8761 0.9250
8 53 1.0113 0.9155 0.9411 0.9926 1.0159 0.9839 0.8738 0.9240
8 54 1.0569 0.9568 0.9835 1.0374 1.0617 1.0275 0.9115 0.9636
8 55 1.0546 0.9547 0.9814 1.0351 1.0594 1.0150 0.8880 0.9351
8 56 1.0281 0.9308 0.9567 1.0091 1.0328 1.0006 0.8890 0.9401
8 57 1.0468 0.9477 0.9741 1.0274 1.0515 1.0104 0.8875 0.9357
8 58 0.8161 0.7388 0.7594 0.8010 0.8198 0.7940 0.7052 0.7457
8 59 1.0931 0.9893 1.0171 1.0734 1.0991 1.0663 0.9489 1.0041
8 60 1.2819 1.1605 1.1929 1.2582 1.2877 1.2462 1.1055 1.1685
8 61 0.8553 0.7743 0.7959 0.8394 0.8592 0.8326 0.7401 0.7827
8 62 1.0579 0.9572 0.9843 1.0393 1.0644 1.0328 0.9192 0.9727
8 63 1.0758 0.9739 1.0011 1.0558 1.0806 1.0473 0.9309 0.9845
8 64 1.0707 0.9692 0.9963 1.0508 1.0755 1.0412 0.9242 0.9771
8 65 0.9825 0.8888 0.9141 0.9656 0.9892 0.9600 0.8545 0.9045
8 66 1.0127 0.9160 0.9421 0.9955 1.0200 0.9900 0.8813 0.9329
8 67 1.4428 1.3058 1.3425 1.4167 1.4506 1.4072 1.2523 1.3251
8 68 0.9345 0.8446 0.8691 0.9197 0.9434 0.9162 0.8159 0.8641
8 69 1.1237 1.0172 1.0457 1.1029 1.1288 1.0903 0.9647 1.0190
8 70 1.2293 1.1129 1.1440 1.2066 1.2349 1.1922 1.0542 1.1134
8 71 1.1072 1.0018 1.0301 1.0877 1.1140 1.0810 0.9621 1.0182
8 72 1.1906 1.0778 1.1079 1.1686 1.1960 1.1510 1.0132 1.0688
8 73 1.2243 1.1084 1.1393 1.2017 1.2299 1.1858 1.0466 1.1048
8 74 1.1113 1.0060 1.0341 1.0907 1.1163 1.0821 0.9620 1.0175
8 75 1.0712 0.9698 0.9968 1.0514 1.0761 1.0429 0.9270 0.9804
8 76 1.4303 1.2941 1.3308 1.4052 1.4393 1.3966 1.2430 1.3155
8 77 1.2874 1.1654 1.1980 1.2635 1.2932 1.2534 1.1142 1.1784
8 78 0.8984 0.8133 0.8360 0.8818 0.9025 0.8746 0.7773 0.8221
8 79 0.9091 0.8230 0.8460 0.8923 0.9132 0.8851 0.7868 0.8322
8 80 1.1834 1.0710 1.1011 1.1621 1.1898 1.1543 1.0272 1.0869
8 81 1.1340 1.0265 1.0552 1.1133 1.1397 1.1055 0.9837 1.0408
8 82 1.2603 1.1403 1.1726 1.2380 1.2679 1.2302 1.0949 1.1587
8 83 1.2763 1.1554 1.1877 1.2527 1.2821 1.2402 1.0996 1.1622
8 84 1.0638 0.9630 0.9899 1.0441 1.0686 1.0343 0.9177 0.9701
8 85 1.2746 1.1539 1.1861 1.2510 1.2804 1.2347 1.0898 1.1505
8 86 1.0986 0.9942 1.0222 1.0790 1.1048 1.0719 0.9539 1.0094
8 87 1.0852 0.9820 1.0097 1.0657 1.0913 1.0587 0.9422 0.9970
8 88 1.0825 0.9800 1.0074 1.0625 1.0874 1.0389 0.9052 0.9523
8 89 1.1496 1.0406 1.0697 1.1285 1.1552 1.1205 0.9970 1.0548
8 90 1.0478 0.9485 0.9750 1.0284 1.0525 1.0188 0.9042 0.9558
8 91 1.1471 1.0378 1.0672 1.1272 1.1547 1.1205 0.9973 1.0555
8 92 1.1342 1.0268 1.0555 1.1132 1.1394 1.1044 0.9819 1.0385
8 93 1.1218 1.0152 1.0438 1.1018 1.1282 1.0945 0.9741 1.0307
8 94 1.0804 0.9781 1.0054 1.0604 1.0854 1.0516 0.9344 0.9881
8 95 1.1060 0.9995 1.0286 1.0887 1.1168 1.0846 0.9659 1.0229
8 96 1.0988 0.9936 1.0222 1.0807 1.1079 1.0755 0.9575 1.0137
8 97 1.0442 0.9453 0.9717 1.0249 1.0490 1.0168 0.9041 0.9563
8 98 1.1078 1.0028 1.0309 1.0873 1.1128 1.0687 0.9381 0.9888
8 99 1.1719 1.0602 1.0903 1.1516 1.1797 1.1448 1.0190 1.0785
8 100 1.0709 0.9693 0.9965 1.0515 1.0765 1.0442 0.9292 0.9832
8 101 1.2586 1.1394 1.1713 1.2354 1.2644 1.1604 0.9599 0.9906
8 102 1.0947 0.9901 1.0184 1.0762 1.1028 1.0703 0.9527 1.0083
8 103 1.0693 0.9672 0.9948 1.0512 1.0772 1.0455 0.9306 0.9849
8 104 1.0756 0.9732 1.0008 1.0569 1.0826 1.0505 0.9349 0.9893
8 105 1.1063 1.0007 1.0292 1.0874 1.1142 1.0813 0.9625 1.0186
8 106 1.1153 1.0091 1.0377 1.0958 1.1224 1.0890 0.9692 1.0256
8 107 1.1805 1.0678 1.0982 1.1603 1.1889 1.1539 1.0270 1.0870
8 108 0.9997 0.9050 0.9303 0.9813 1.0043 0.9714 0.8611 0.9100
8 109 1.0259 0.9286 0.9547 1.0073 1.0312 1.0003 0.8901 0.9416
8 110 1.1636 1.0526 1.0826 1.1435 1.1714 1.1367 1.0118 1.0707
8 111 1.1919 1.0780 1.1088 1.1717 1.2008 1.1655 1.0374 1.0980
8 112 1.1509 1.0407 1.0706 1.1319 1.1602 1.1262 1.0026 1.0613
8 113 1.1127 1.0067 1.0352 1.0932 1.1198 1.0865 0.9670 1.0233
8 114 1.2312 1.1136 1.1454 1.2104 1.2403 1.2038 1.0716 1.1342
8 115 1.1041 0.9984 1.0271 1.0858 1.1131 1.0805 0.9619 1.0183
8 116 1.2221 1.1050 1.1368 1.2020 1.2322 1.1962 1.0649 1.1274
8 117 1.0524 0.9521 0.9792 1.0343 1.0597 1.0283 0.9153 0.9687
8 118 1.0628 0.9622 0.9890 1.0432 1.0677 1.0348 0.9199 0.9729
8 119 1.1824 1.0701 1.1002 1.1612 1.1891 1.1535 1.0266 1.0862
8 120 1.1428 1.0346 1.0635 1.1217 1.1481 1.1094 0.9822 1.0376
8 121 1.1778 1.0658 1.0959 1.1570 1.1849 1.1496 1.0231 1.0826
8 122 1.0679 0.9668 0.9938 1.0482 1.0729 1.0344 0.9130 0.9637
8 123 1.1394 1.0315 1.0603 1.1184 1.1447 1.1101 0.9877 1.0448
8 124 1.0842 0.9815 1.0089 1.0642 1.0892 1.0515 0.9297 0.9819
8 125 1.1772 1.0649 1.0952 1.1571 1.1856 1.1506 1.0241 1.0839
9 0 0.9877 0.8937 0.9186 0.9694 0.9927 0.9619 0.8543 0.9038
9 1 0.9895 0.8951 0.9203 0.9718 0.9957 0.9665 0.8602 0.9112
9 2 0.9550 0.8642 0.8882 0.9369 0.9592 0.9284 0.8235 0.8706
9 3 1.1215 1.0150 1.0431 1.1003 1.1264 1.0906 0.9678 1.0232
9 4 1.0849 0.9816 1.0090 1.0651 1.0909 1.0587 0.9423 0.9976
9 5 1.0120 0.9159 0.9414 0.9930 1.0166 0.9857 0.8765 0.9274
9 6 0.7842 0.7098 0.7295 0.7694 0.7875 0.7606 0.6727 0.7104
9 7 1.2692 1.1483 1.1805 1.2465 1.2769 1.2392 1.1031 1.1678
9 8 1.0303 0.9326 0.9585 1.0110 1.0349 1.0031 0.8916 0.9432
9 10 1.0380 0.9396 0.9657 1.0186 1.0427 1.0105 0.8981 0.9500
9 11 1.0952 0.9913 1.0189 1.0747 1.1000 1.0635 0.9422 0.9956
9 12 1.1792 1.0674 1.0971 1.1572 1.1846 1.1486 1.0214 1.0807
9 13 1.0064 0.9110 0.9363 0.9876 1.0108 0.9764 0.8639 0.9125
9 14 1.0661 0.9650 0.9919 1.0462 1.0709 1.0386 0.9240 0.9777
9 15 0.7393 0.6692 0.6879 0.7256 0.7427 0.7199 0.6401 0.6772
9 16 1.2460 1.1279 1.1593 1.2228 1.2516 1.2127 1.0775 1.1396
9 17 1.0674 0.9663 0.9932 1.0475 1.0722 1.0392 0.9237 0.9771
9 18 0.8675 0.7853 0.8072 0.8514 0.8714 0.8420 0.7453 0.7874
9 19 0.8855 0.8016 0.8240 0.8690 0.8894 0.8598 0.7615 0.8045
9 20 1.1732 1.0620 1.0916 1.1513 1.1784 1.1415 1.0139 1.0722
9 21 1.2820 1.1606 1.1929 1.2581 1.2877 1.2436 1.1001 1.1619
9 22 0.9343 0.8458 0.8694 0.9169 0.9384 0.9060 0.8010 0.8459
9 23 1.1738 1.0626 1.0922 1.1520 1.1791 1.1431 1.0165 1.0753
9 24 0.8835 0.7998 0.8221 0.8671 0.8875 0.8603 0.7649 0.8091
9 25 1.0277 0.9303 0.9563 1.0086 1.0323 0.9998 0.8879 0.9388
9 26 1.2110 1.0951 1.1264 1.1908 1.2207 1.1851 1.0551 1.1171
9 27 1.2139 1.0989 1.1295 1.1913 1.2193 1.1780 1.0426 1.1013
9 28 1.2717 1.1512 1.1833 1.2480 1.2774 1.2379 1.1002 1.1636
9 29 1.0748 0.9730 1.0001 1.0548 1.0796 1.0458 0.9289 0.9823
9 30 1.0112 0.9153 0.9409 0.9925 1.0160 0.9855 0.8769 0.9278
9 31 1.1530 1.0438 1.0729 1.1316 1.1581 1.1188 0.9901 1.0459
9 32 1.0147 0.9185 0.9442 0.9958 1.0192 0.9848 0.8718 0.9210
9 33 0.9809 0.8879 0.9127 0.9627 0.9853 0.9550 0.8490 0.8979
9 34 1.1759 1.0645 1.0942 1.1541 1.1812 1.1415 1.0107 1.0677
9 35 1.1392 1.0312 1.0600 1.1180 1.1443 1.1086 0.9850 1.0417
9 36 0.9902 0.8963 0.9214 0.9718 0.9946 0.9640 0.8569 0.9063
9 37 1.0097 0.9140 0.9396 0.9910 1.0142 0.9828 0.8735 0.9238
9 38 1.0141 0.9180 0.9436 0.9953 1.0186 0.9869 0.8769 0.9273
9 39 1.0858 0.9830 1.0104 1.0657 1.0907 1.0536 0.9324 0.9849
9 40 1.2137 1.0987 1.1294 1.1911 1.2191 1.1803 1.0476 1.1075
9 41 1.2532 1.1345 1.1662 1.2300 1.2589 1.2184 1.0812 1.1429
9 42 0.9958 0.9014 0.9266 0.9773 1.0002 0.9695 0.8618 0.9115
9 43 1.2005 1.0868 1.1171 1.1782 1.2058 1.1644 1.0299 1.0877
9 44 1.0206 0.9239 0.9497 1.0017 1.0252 0.9892 0.8740 0.9228
9 45 1.0188 0.9223 0.9480 0.9999 1.0234 0.9909 0.8797 0.9301
9 46 1.2619 1.1424 1.1743 1.2385 1.2676 1.2268 1.0885 1.1506
9 47 1.0656 0.9647 0.9916 1.0458 1.0704 1.0351 0.9174 0.9695
9 48 1.0233 0.9264 0.9523 1.0044 1.0279 0.9940 0.8809 0.9308
9 49 0.8780 0.7948 0.8170 0.8617 0.8819 0.8539 0.7580 0.8013
9 50 1.2050 1.0909 1.1214 1.1827 1.2105 1.1731 1.0428 1.1028
9 51 1.0052 0.9100 0.9354 0.9865 1.0097 0.9773 0.8672 0.9167
9 52 0.9682 0.8765 0.9009 0.9502 0.9725 0.9372 0.8266 0.8723
9 53 0.9997 0.9051 0.9303 0.9812 1.0042 0.9717 0.8619 0.9109
9 54 1.1547 1.0453 1.0745 1.1333 1.1598 1.1214 0.9936 1.0498
9 55 1.1295 1.0225 1.0511 1.1086 1.1345 1.0861 0.9490 0.9987
9 56 0.9931 0.8990 0.9241 0.9746 0.9975 0.9655 0.8567 0.9055
9 57 1.1236 1.0172 1.0456 1.1027 1.1286 1.0835 0.9505 1.0014
9 58 0.8916 0.8072 0.8297 0.8751 0.8956 0.8667 0.7688 0.8125
9 59 1.0587 0.9584 0.9852 1.0391 1.0634 1.0309 0.9167 0.9695
9 60 1.3289 1.2030 1.2366 1.3042 1.3348 1.2905 1.1434 1.2080
9 61 1.0061 0.9108 0.9363 0.9875 1.0106 0.9785 0.8686 0.9182
9 62 1.0965 0.9926 1.0203 1.0761 1.1014 1.0680 0.9501 1.0049
9 63 1.0647 0.9639 0.9908 1.0450 1.0695 1.0355 0.9192 0.9717
9 64 1.0796 0.9774 1.0047 1.0596 1.0845 1.0489 0.9299 0.9826
9 65 1.0375 0.9391 0.9654 1.0186 1.0427 1.0113 0.8999 0.9519
9 66 1.1089 1.0036 1.0318 1.0889 1.1149 1.0815 0.9623 1.0181
9 67 1.5320 1.3869 1.4256 1.5036 1.5389 1.4917 1.3264 1.4027
9 68 1.1153 1.0086 1.0375 1.0966 1.1239 1.0909 0.9711 1.0278
9 69 1.0960 0.9922 1.0199 1.0756 1.1009 1.0623 0.9387 0.9911
9 70 1.0498 0.9504 0.9769 1.0304 1.0545 1.0171 0.8982 0.9481
9 71 1.0993 0.9952 1.0230 1.0790 1.1043 1.0709 0.9527 1.0076
9 72 1.2414 1.1238 1.1552 1.2184 1.2469 1.1989 1.0541 1.1113
9 73 1.2772 1.1562 1.1886 1.2535 1.2829 1.2358 1.0893 1.1492
9 74 1.1848 1.0726 1.1026 1.1629 1.1902 1.1525 1.0234 1.0818
9 75 0.9860 0.8926 0.9176 0.9677 0.9904 0.9590 0.8513 0.8999
9 76 1.5063 1.3636 1.4017 1.4784 1.5131 1.4673 1.3054 1.3807
9 77 1.3000 1.1769 1.2098 1.2759 1.3058 1.2644 1.1226 1.1866
9 78 0.8800 0.7967 0.8189 0.8637 0.8839 0.8558 0.7597 0.8030
9 79 1.0024 0.9075 0.9328 0.9838 1.0069 0.9750 0.8656 0.9150
9 80 1.1892 1.0766 1.1066 1.1672 1.1946 1.1580 1.0296 1.0889
9 81 1.1485 1.0397 1.0687 1.1272 1.1536 1.1181 0.9939 1.0510
9 82 1.2915 1.1692 1.2018 1.2676 1.2973 1.2580 1.1190 1.1835
9 83 1.2889 1.1669 1.1995 1.2651 1.2947 1.2512 1.1080 1.1704
9 84 1.0133 0.9173 0.9430 0.9945 1.0178 0.9842 0.8721 0.9214
9 85 1.3147 1.1902 1.2235 1.2904 1.3206 1.2722 1.1216 1.1833
9 86 1.1210 1.0149 1.0432 1.1003 1.1261 1.0917 0.9709 1.0268
9 87 1.0661 0.9651 0.9921 1.0464 1.0709 1.0382 0.9233 0.9764
9 88 1.1438 1.0355 1.0644 1.1226 1.1489 1.0967 0.9544 1.0034
9 89 1.1597 1.0498 1.0792 1.1382 1.1649 1.1289 1.0034 1.0610
9 90 1.0020 0.9071 0.9324 0.9834 1.0065 0.9733 0.8627 0.9115
9 91 1.1609 1.0509 1.0803 1.1396 1.1665 1.1313 1.0066 1.0646
9 92 1.1459 1.0374 1.0664 1.1247 1.1511 1.1147 0.9898 1.0463
9 93 1.1374 1.0297 1.0585 1.1164 1.1425 1.1076 0.9850 1.0417
9 94 1.0286 0.9312 0.9572 1.0096 1.0332 1.0001 0.8875 0.9381
9 95 1.0431 0.9433 0.9704 1.0258 1.0514 1.0206 0.9085 0.9615
9 96 0.8895 0.8048 0.8276 0.8740 0.8952 0.8686 0.7730 0.8179
9 97 1.0708 0.9694 0.9965 1.0510 1.0756 1.0417 0.9251 0.9779
9 98 1.1663 1.0558 1.0853 1.1447 1.1715 1.1241 0.9854 1.0381
9 99 1.1810 1.0690 1.0990 1.1594 1.1868 1.1510 1.0241 1.0832
9 100 1.0200 0.9234 0.9492 1.0011 1.0246 0.9931 0.8829 0.9336
9 101 1.2979 1.1750 1.2078 1.2739 1.3037 1.1963 0.9895 1.0206
9 102 0.9436 0.8539 0.8780 0.9267 0.9489 0.9204 0.8189 0.8662
9 103 1.0117 0.9156 0.9414 0.9936 1.0173 0.9868 0.8780 0.9286
9 104 1.0979 0.9939 1.0217 1.0777 1.1030 1.0697 0.9516 1.0064
9 105 1.0358 0.9374 0.9638 1.0171 1.0413 1.0100 0.8986 0.9504
9 106 1.0537 0.9539 0.9806 1.0342 1.0585 1.0264 0.9131 0.9656
9 107 1.1876 1.0749 1.1051 1.1662 1.1940 1.1580 1.0304 1.0898
9 108 1.1058 1.0010 1.0290 1.0853 1.1107 1.0733 0.9503 1.0036
9 109 0.9593 0.8685 0.8927 0.9416 0.9636 0.9339 0.8302 0.8778
9 110 1.1733 1.0620 1.0918 1.1518 1.1790 1.1434 1.0173 1.0759
9 111 1.0341 0.9358 0.9622 1.0156 1.0399 1.0087 0.8976 0.9494
9 112 1.0912 0.9873 1.0153 1.0721 1.0980 1.0653 0.9480 1.0028
9 113 1.0510 0.9515 0.9781 1.0316 1.0558 1.0238 0.9109 0.9633
9 114 1.2307 1.1138 1.1452 1.2087 1.2376 1.2005 1.0682 1.1299
9 115 1.1150 1.0088 1.0374 1.0954 1.1219 1.0885 0.9686 1.0247
9 116 1.1350 1.0269 1.0560 1.1152 1.1423 1.1083 0.9862 1.0434
9 117 1.0220 0.9251 0.9511 1.0034 1.0272 0.9962 0.8864 0.9375
9 118 1.0064 0.9111 0.9365 0.9878 1.0109 0.9789 0.8690 0.9186
9 119 1.1877 1.0752 1.1053 1.1657 1.1931 1.1566 1.0285 1.0875
9 120 1.1655 1.0551 1.0846 1.1439 1.1708 1.1302 0.9993 1.0551
9 121 1.0711 0.9697 0.9968 1.0513 1.0760 1.0432 0.9279 0.9812
9 122 1.0910 0.9877 1.0153 1.0709 1.0960 1.0557 0.9306 0.9817
9 123 1.0402 0.9417 0.9680 1.0210 1.0449 1.0124 0.8996 0.9511
9 124 1.1066 1.0018 1.0298 1.0861 1.1116 1.0721 0.9467 0.9992
9 125 1.0566 0.9563 0.9832 1.0374 1.0621 1.0301 0.9166 0.9695
10 0 1.0293 0.9313 0.9573 1.0101 1.0344 1.0032 0.8921 0.9440
10 1 1.1236 1.0159 1.0448 1.1047 1.1328 1.1001 0.9794 1.0378
10 2 0.8937 0.8088 0.8312 0.8768 0.8976 0.8696 0.7724 0.8167
10 3 0.8958 0.8108 0.8333 0.8789 0.8998 0.8720 0.7748 0.8194
10 4 1.0544 0.9534 0.9805 1.0363 1.0623 1.0315 0.9184 0.9727
10 5 0.9709 0.8785 0.9031 0.9532 0.9761 0.9472 0.8430 0.8924
10 6 1.0040 0.9087 0.9340 0.9851 1.0084 0.9748 0.8633 0.9119
10 7 1.0840 0.9802 1.0081 1.0658 1.0928 1.0612 0.9449 1.0009
10 8 0.7247 0.6559 0.6742 0.7112 0.7281 0.7064 0.6286 0.6653
10 9 1.0934 0.9891 1.0170 1.0742 1.1006 1.0684 0.9511 1.0071
10 11 1.1710 1.0600 1.0895 1.1492 1.1763 1.1384 1.0099 1.0676
10 12 0.9922 0.8979 0.9231 0.9743 0.9978 0.9682 0.8618 0.9122
10 13 0.6804 0.6159 0.6330 0.6677 0.6834 0.6608 0.5855 0.6187
10 14 0.5797 0.5244 0.5392 0.5694 0.5833 0.5661 0.5039 0.5334
10 15 1.0536 0.9536 0.9803 1.0344 1.0591 1.0276 0.9146 0.9681
10 16 0.8488 0.7683 0.7897 0.8330 0.8527 0.8270 0.7358 0.7786
10 17 1.0271 0.9297 0.9556 1.0081 1.0320 1.0012 0.8910 0.9430
10 18 0.8383 0.7589 0.7800 0.8227 0.8421 0.8145 0.7220 0.7631
10 19 1.1653 1.0549 1.0843 1.1436 1.1706 1.1326 1.0045 1.0618
10 20 0.8064 0.7300 0.7503 0.7914 0.8101 0.7855 0.6986 0.7392
10 21 1.2565 1.1374 1.1691 1.2331 1.2621 1.2201 1.0808 1.1420
10 22 1.0596 0.9592 0.9859 1.0399 1.0643 1.0285 0.9106 0.9620
10 23 1.1212 1.0146 1.0432 1.1010 1.1275 1.0940 0.9737 1.0305
10 24 1.1077 1.0025 1.0306 1.0876 1.1136 1.0804 0.9615 1.0177
10 25 0.9999 0.9051 0.9304 0.9813 1.0044 0.9738 0.8659 0.9161
10 26 1.1087 1.0019 1.0310 1.0914 1.1198 1.0878 0.9689 1.0265
10 27 1.1084 1.0034 1.0313 1.0878 1.1134 1.0768 0.9543 1.0086
10 28 1.1822 1.0702 1.1001 1.1604 1.1878 1.1522 1.0254 1.0851
10 29 1.0418 0.9431 0.9694 1.0225 1.0466 1.0148 0.9027 0.9550
10 30 1.0556 0.9549 0.9820 1.0372 1.0627 1.0314 0.9182 0.9721
10 31 1.1845 1.0723 1.1022 1.1625 1.1899 1.1507 1.0197 1.0777
10 32 1.1079 1.0029 1.0309 1.0874 1.1129 1.0765 0.9543 1.0086
10 33 0.9990 0.9042 0.9295 0.9808 1.0041 0.9741 0.8669 0.9174
10 34 1.0832 0.9806 1.0079 1.0631 1.0881 1.0526 0.9333 0.9865
10 35 0.7631 0.6908 0.7101 0.7489 0.7666 0.7435 0.6615 0.6999
10 36 1.0514 0.9517 0.9783 1.0322 1.0568 1.0252 0.9124 0.9655
10 37 1.0435 0.9447 0.9710 1.0243 1.0484 1.0170 0.9050 0.9577
10 38 1.0749 0.9731 1.0002 1.0550 1.0798 1.0473 0.9318 0.9859
10 39 1.1329 1.0255 1.0542 1.1119 1.1380 1.1005 0.9752 1.0307
10 40 0.8374 0.7581 0.7793 0.8219 0.8413 0.8153 0.7247 0.7665
10 41 1.2405 1.1230 1.1543 1.2175 1.2461 1.2074 1.0728 1.1347
10 42 1.0520 0.9522 0.9789 1.0329 1.0574 1.0258 0.9130 0.9662
10 43 1.1013 0.9970 1.0249 1.0809 1.1063 1.0694 0.9472 1.0009
10 44 1.0880 0.9849 1.0124 1.0678 1.0929 1.0557 0.9341 0.9867
10 45 0.9990 0.9044 0.9297 0.9805 1.0036 0.9728 0.8648 0.9149
10 46 1.2462 1.1281 1.1596 1.2231 1.2519 1.2128 1.0776 1.1397
10 47 1.1702 1.0594 1.0890 1.1485 1.1755 1.1380 1.0100 1.0679
10 48 0.9708 0.8788 0.9034 0.9528 0.9752 0.9440 0.8377 0.8857
10 49 0.9858 0.8924 0.9174 0.9676 0.9903 0.9598 0.8532 0.9025
10 50 0.9001 0.8147 0.8376 0.8837 0.9046 0.8775 0.7810 0.8264
10 51 0.8681 0.7859 0.8079 0.8521 0.8721 0.8450 0.7509 0.7942
10 52 1.0487 0.9493 0.9758 1.0292 1.0534 1.0162 0.8976 0.9477
10 53 1.0332 0.9353 0.9614 1.0140 1.0379 1.0053 0.8929 0.9443
10 54 0.8301 0.7515 0.7725 0.8147 0.8339 0.8071 0.7161 0.7570
10 55 1.0453 0.9463 0.9727 1.0259 1.0500 1.0061 0.8803 0.9269
10 56 1.0454 0.9464 0.9728 1.0260 1.0501 1.0175 0.9041 0.9561
10 57 1.0375 0.9392 0.9655 1.0183 1.0422 1.0015 0.8798 0.9275
10 58 0.9855 0.8921 0.9171 0.9672 0.9900 0.9590 0.8519 0.9008
10 59 1.1082 1.0029 1.0312 1.0884 1.1145 1.0813 0.9623 1.0184
10 60 1.2762 1.1553 1.1876 1.2525 1.2820 1.2407 1.1008 1.1636
10 61 1.0437 0.9449 0.9713 1.0244 1.0485 1.0162 0.9034 0.9555
10 62 0.9984 0.9033 0.9289 0.9809 1.0047 0.9749 0.8677 0.9184
10 63 1.0790 0.9768 1.0041 1.0591 1.0839 1.0506 0.9339 0.9878
10 64 0.9333 0.8449 0.8685 0.9161 0.9376 0.9078 0.8059 0.8521
10 65 1.0658 0.9641 0.9915 1.0475 1.0733 1.0417 0.9273 0.9815
10 66 1.0073 0.9110 0.9371 0.9902 1.0147 0.9850 0.8768 0.9282
10 67 1.4023 1.2691 1.3049 1.3772 1.4102 1.3681 1.2176 1.2885
10 68 0.9671 0.8740 0.8994 0.9519 0.9765 0.9484 0.8446 0.8946
10 69 1.1348 1.0274 1.0561 1.1138 1.1400 1.1012 0.9745 1.0294
10 70 1.2251 1.1091 1.1400 1.2024 1.2307 1.1882 1.0507 1.1098
10 71 1.0676 0.9659 0.9933 1.0489 1.0744 1.0426 0.9280 0.9822
10 72 1.1845 1.0723 1.1023 1.1626 1.1899 1.1452 1.0083 1.0636
10 73 1.2180 1.1026 1.1334 1.1955 1.2235 1.1798 1.0414 1.0993
10 74 0.9494 0.8595 0.8835 0.9318 0.9537 0.9245 0.8221 0.8696
10 75 0.9487 0.8588 0.8828 0.9311 0.9530 0.9237 0.8211 0.8685
10 76 1.3951 1.2622 1.2980 1.3708 1.4042 1.3626 1.2128 1.2836
10 77 1.2787 1.1576 1.1899 1.2550 1.2845 1.2451 1.1069 1.1708
10 78 1.0381 0.9398 0.9661 1.0190 1.0429 1.0107 0.8984 0.9503
10 79 1.0518 0.9522 0.9788 1.0324 1.0567 1.0242 0.9106 0.9631
10 80 1.1305 1.0231 1.0519 1.1103 1.1369 1.1030 0.9816 1.0387
10 81 1.0860 0.9830 1.0106 1.0663 1.0916 1.0589 0.9424 0.9971
10 82 1.0785 0.9758 1.0034 1.0596 1.0852 1.0530 0.9373 0.9920
10 83 1.2676 1.1476 1.1796 1.2442 1.2734 1.2319 1.0924 1.1546
10 84 1.0587 0.9585 0.9852 1.0392 1.0636 1.0295 0.9135 0.9658
10 85 1.2699 1.1496 1.1818 1.2464 1.2757 1.2302 1.0861 1.1466
10 86 1.0521 0.9521 0.9790 1.0334 1.0583 1.0268 0.9138 0.9671
10 87 1.1217 1.0151 1.0437 1.1018 1.1283 1.0947 0.9743 1.0310
10 88 1.0752 0.9733 1.0005 1.0553 1.0801 1.0320 0.8992 0.9459
10 89 1.1062 1.0013 1.0294 1.0861 1.1118 1.0785 0.9597 1.0154
10 90 1.0158 0.9196 0.9453 0.9970 1.0204 0.9879 0.8768 0.9269
10 91 1.0990 0.9942 1.0225 1.0801 1.1065 1.0738 0.9558 1.0117
10 92 1.0943 0.9906 1.0183 1.0740 1.0993 1.0656 0.9476 1.0023
10 93 1.0835 0.9804 1.0081 1.0642 1.0898 1.0574 0.9411 0.9958
10 94 1.0752 0.9733 1.0006 1.0553 1.0801 1.0466 0.9301 0.9836
10 95 1.0773 0.9735 1.0019 1.0606 1.0881 1.0568 0.9411 0.9968
10 96 1.0703 0.9678 0.9956 1.0528 1.0794 1.0479 0.9330 0.9879
10 97 1.0706 0.9692 0.9963 1.0508 1.0755 1.0427 0.9272 0.9808
10 98 1.1009 0.9966 1.0245 1.0805 1.1059 1.0622 0.9324 0.9829
10 99 1.1261 1.0187 1.0477 1.1068 1.1339 1.1004 0.9795 1.0368
10 100 1.0395 0.9408 0.9673 1.0208 1.0451 1.0139 0.9023 0.9547
10 101 1.2540 1.1352 1.1670 1.2308 1.2598 1.1561 0.9563 0.9865
10 102 1.0704 0.9680 0.9957 1.0524 1.0785 1.0468 0.9318 0.9863
10 103 1.0411 0.9416 0.9685 1.0236 1.0490 1.0181 0.9063 0.9593
10 104 1.0422 0.9429 0.9697 1.0242 1.0492 1.0181 0.9062 0.9590
10 105 1.0754 0.9727 1.0005 1.0572 1.0834 1.0515 0.9359 0.9906
10 106 1.0840 0.9807 1.0086 1.0651 1.0911 1.0587 0.9423 0.9971
10 107 1.1355 1.0270 1.0564 1.1162 1.1438 1.1102 0.9882 1.0459
10 108 0.9013 0.8160 0.8388 0.8847 0.9055 0.8759 0.7766 0.8207
10 109 1.0069 0.9114 0.9370 0.9887 1.0123 0.9820 0.8738 0.9245
10 110 1.1251 1.0177 1.0467 1.1057 1.1329 1.0994 0.9786 1.0357
10 111 1.1601 1.0491 1.0792 1.1406 1.1690 1.1347 1.0101 1.0692
10 112 1.1203 1.0130 1.0422 1.1019 1.1296 1.0966 0.9763 1.0335
10 113 1.0843 0.9810 1.0089 1.0655 1.0915 1.0592 0.9427 0.9977
10 114 1.1938 1.0797 1.1106 1.1738 1.2029 1.1676 1.0394 1.1002
10 115 1.0816 0.9780 1.0062 1.0639 1.0906 1.0588 0.9426 0.9979
10 116 1.1862 1.0725 1.1034 1.1668 1.1962 1.1614 1.0340 1.0947
10 117 1.0274 0.9294 0.9559 1.0099 1.0347 1.0042 0.8939 0.9461
10 118 1.0414 0.9427 0.9691 1.0222 1.0462 1.0141 0.9016 0.9536
10 119 1.1457 1.0368 1.0660 1.1253 1.1524 1.1180 0.9950 1.0529
10 120 1.1401 1.0322 1.0610 1.1191 1.1454 1.1069 0.9801 1.0355
10 121 1.1462 1.0371 1.0665 1.1261 1.1533 1.1190 0.9960 1.0539
10 122 1.0650 0.9642 0.9911 1.0454 1.0700 1.0318 0.9107 0.9614
10 123 1.1107 1.0055 1.0336 1.0902 1.1159 1.0823 0.9630 1.0188
10 124 1.0815 0.9791 1.0065 1.0616 1.0866 1.0491 0.9277 0.9797
10 125 1.1501 1.0403 1.0700 1.1305 1.1585 1.1243 1.0008 1.0593
11 0 1.1818 1.0679 1.0986 1.1625 1.1925 1.1581 1.0308 1.0918
11 1 1.2587 1.1362 1.1698 1.2408 1.2750 1.2398 1.1046 1.1715
11 2 1.1088 1.0027 1.0310 1.0892 1.1162 1.0834 0.9641 1.0205
11 3 1.1647 1.0532 1.0831 1.1446 1.1733 1.1390 1.0138 1.0733
11 4 1.2208 1.1021 1.1346 1.2032 1.2361 1.2019 1.0710 1.1356
11 5 1.0847 0.9800 1.0084 1.0679 1.0960 1.0650 0.9487 1.0054
11 6 1.2259 1.1096 1.1404 1.2030 1.2316 1.1934 1.0602 1.1211
11 7 1.2678 1.1445 1.1784 1.2501 1.2845 1.2491 1.1132 1.1806
11 8 1.0603 0.9582 0.9859 1.0436 1.0707 1.0403 0.9266 0.9818
11 9 1.1196 1.0112 1.0409 1.1031 1.1328 1.1012 0.9812 1.0403
11 10 1.1560 1.0447 1.0749 1.1377 1.1672 1.1340 1.0101 1.0703
11 12 1.1378 1.0280 1.0580 1.1205 1.1501 1.1176 0.9957 1.0554
11 13 1.1315 1.0242 1.0528 1.1106 1.1371 1.1022 0.9797 1.0364
11 14 1.1681 1.0552 1.0861 1.1507 1.1814 1.1483 1.0232 1.0847
11 15 0.9497 0.8582 0.8831 0.9351 0.9596 0.9325 0.8307 0.8805
11 16 1.2514 1.1311 1.1638 1.2314 1.2631 1.2271 1.0930 1.1581
11 17 1.0830 0.9787 1.0071 1.0660 1.0938 1.0628 0.9467 1.0034
11 18 0.9582 0.8674 0.8916 0.9406 0.9630 0.9338 0.8304 0.8788
11 19 0.7810 0.7069 0.7266 0.7666 0.7849 0.7613 0.6774 0.7170
11 20 1.2712 1.1492 1.1823 1.2505 1.2825 1.2457 1.1095 1.1755
11 21 1.1190 1.0130 1.0412 1.0985 1.1246 1.0900 0.9687 1.0248
11 22 0.7533 0.6819 0.7009 0.7394 0.7571 0.7334 0.6515 0.6892
11 23 1.1394 1.0295 1.0595 1.1221 1.1517 1.1192 0.9972 1.0569
11 24 0.8860 0.8005 0.8239 0.8724 0.8953 0.8700 0.7751 0.8215
11 25 1.0578 0.9564 0.9839 1.0405 1.0670 1.0363 0.9229 0.9778
11 26 0.9785 0.8828 0.9095 0.9661 0.9936 0.9668 0.8619 0.9146
11 27 1.2316 1.1149 1.1460 1.2090 1.2379 1.2002 1.0673 1.1295
11 28 1.2671 1.1452 1.1784 1.2473 1.2797 1.2434 1.1076 1.1739
11 29 1.0837 0.9797 1.0079 1.0662 1.0935 1.0621 0.9460 1.0024
11 30 0.6467 0.5841 0.6013 0.6373 0.6544 0.6362 0.5670 0.6011
11 31 0.9735 0.8813 0.9059 0.9557 0.9785 0.9487 0.8435 0.8926
11 32 1.0141 0.9180 0.9437 0.9956 1.0193 0.9884 0.8792 0.9305
11 33 0.9728 0.8791 0.9047 0.9578 0.9829 0.9551 0.8509 0.9019
11 34 1.0436 0.9447 0.9711 1.0245 1.0490 1.0173 0.9050 0.9579
11 35 1.2218 1.1044 1.1363 1.2024 1.2335 1.1983 1.0674 1.1311
11 36 0.9820 0.8874 0.9133 0.9669 0.9922 0.9641 0.8589 0.9103
11 37 0.7952 0.7187 0.7396 0.7828 0.8032 0.7803 0.6952 0.7367
11 38 0.9456 0.8548 0.8795 0.9306 0.9547 0.9274 0.8262 0.8755
11 39 1.0802 0.9778 1.0051 1.0604 1.0857 1.0526 0.9360 0.9906
11 40 1.2839 1.1611 1.1943 1.2624 1.2941 1.2567 1.1192 1.1856
11 41 1.0989 0.9940 1.0223 1.0802 1.1071 1.0749 0.9572 1.0139
11 42 0.9184 0.8300 0.8541 0.9043 0.9280 0.9017 0.8034 0.8515
11 43 1.2187 1.1032 1.1340 1.1964 1.2249 1.1871 1.0550 1.1164
11 44 0.9564 0.8657 0.8899 0.9389 0.9612 0.9309 0.8264 0.8742
11 45 1.0434 0.9435 0.9706 1.0262 1.0521 1.0218 0.9100 0.9641
11 46 1.1302 1.0223 1.0514 1.1109 1.1385 1.1054 0.9843 1.0426
11 47 1.0601 0.9595 0.9864 1.0411 1.0662 1.0347 0.9212 0.9754
11 48 1.0183 0.9217 0.9476 1.0000 1.0240 0.9937 0.8846 0.9366
11 49 0.9545 0.8632 0.8879 0.9387 0.9624 0.9345 0.8323 0.8817
11 50 1.2705 1.1481 1.1816 1.2509 1.2836 1.2472 1.1111 1.1776
11 51 1.2072 1.0919 1.1230 1.1867 1.2163 1.1810 1.0517 1.1140
11 52 0.9047 0.8189 0.8418 0.8881 0.9093 0.8794 0.7794 0.8241
11 53 0.9945 0.8997 0.9252 0.9773 1.0013 0.9721 0.8655 0.9167
11 54 1.2317 1.1150 1.1462 1.2093 1.2382 1.2015 1.0695 1.1323
11 55 1.1517 1.0426 1.0717 1.1306 1.1575 1.1119 0.9761 1.0293
11 56 0.9427 0.8527 0.8770 0.9268 0.9499 0.9222 0.8212 0.8698
11 57 0.9683 0.8766 0.9011 0.9506 0.9733 0.9376 0.8265 0.8725
11 58 0.9450 0.8549 0.8792 0.9288 0.9518 0.9240 0.8228 0.8714
11 59 0.9494 0.8578 0.8829 0.9351 0.9598 0.9328 0.8310 0.8808
11 60 1.3246 1.1990 1.2326 1.3005 1.3316 1.2921 1.1501 1.2176
11 61 0.9971 0.9017 0.9275 0.9806 1.0054 0.9763 0.8695 0.9211
11 62 1.2809 1.1570 1.1911 1.2621 1.2957 1.2594 1.1222 1.1896
11 63 1.0495 0.9491 0.9763 1.0322 1.0583 1.0277 0.9152 0.9696
11 64 1.2107 1.0956 1.1265 1.1893 1.2182 1.1823 1.0526 1.1145
11 65 1.0182 0.9196 0.9468 1.0037 1.0308 1.0021 0.8930 0.9468
11 66 1.1641 1.0512 1.0824 1.1478 1.1790 1.1463 1.0215 1.0832
11 67 1.4284 1.2906 1.3284 1.4068 1.4439 1.4032 1.2501 1.3251
11 68 1.0851 0.9790 1.0086 1.0713 1.1015 1.0717 0.9554 1.0136
11 69 1.0049 0.9097 0.9351 0.9865 1.0101 0.9782 0.8686 0.9189
11 70 1.0464 0.9473 0.9737 1.0273 1.0518 1.0181 0.9034 0.9556
11 71 1.0752 0.9713 0.9999 1.0595 1.0879 1.0574 0.9422 0.9989
11 72 1.2484 1.1301 1.1617 1.2256 1.2548 1.2108 1.0697 1.1300
11 73 1.2806 1.1593 1.1917 1.2573 1.2872 1.2444 1.1022 1.1652
11 74 1.2439 1.1247 1.1570 1.2236 1.2548 1.2187 1.0854 1.1499
11 75 1.1950 1.0806 1.1117 1.1754 1.2051 1.1702 1.0422 1.1041
11 76 1.4105 1.2741 1.3116 1.3900 1.4272 1.3873 1.2361 1.3105
11 77 1.2294 1.1117 1.1436 1.2092 1.2398 1.2041 1.0724 1.1361
11 78 0.8804 0.7962 0.8190 0.8658 0.8877 0.8620 0.7677 0.8132
11 79 0.9926 0.8976 0.9234 0.9764 1.0011 0.9722 0.8659 0.9173
11 80 1.3235 1.1958 1.2308 1.3036 1.3380 1.3003 1.1585 1.2279
11 81 1.0618 0.9595 0.9875 1.0455 1.0729 1.0425 0.9288 0.9844
11 82 1.3324 1.2036 1.2390 1.3128 1.3478 1.3101 1.1673 1.2375
11 83 1.2101 1.0954 1.1261 1.1880 1.2163 1.1798 1.0498 1.1112
11 84 0.9851 0.8917 0.9167 0.9674 0.9907 0.9614 0.8558 0.9061
11 85 1.3120 1.1877 1.2209 1.2881 1.3188 1.2751 1.1295 1.1942
11 86 1.2668 1.1445 1.1781 1.2479 1.2810 1.2449 1.1092 1.1758
11 87 0.9985 0.9022 0.9286 0.9836 1.0097 0.9813 0.8743 0.9268
11 88 1.1608 1.0509 1.0803 1.1397 1.1668 1.1176 0.9771 1.0294
11 89 1.0668 0.9640 0.9921 1.0504 1.0779 1.0473 0.9330 0.9888
11 90 0.9970 0.9024 0.9277 0.9793 1.0030 0.9734 0.8665 0.9175
11 91 1.0688 0.9653 0.9939 1.0535 1.0818 1.0516 0.9371 0.9935
11 92 1.2738 1.1517 1.1849 1.2531 1.2850 1.2481 1.1116 1.1777
11 93 1.0315 0.9319 0.9592 1.0161 1.0430 1.0137 0.9032 0.9573
11 94 0.9944 0.8994 0.9251 0.9778 1.0022 0.9732 0.8666 0.9180
11 95 1.0228 0.9228 0.9508 1.0100 1.0386 1.0105 0.9009 0.9558
11 96 0.8811 0.7954 0.8192 0.8693 0.8933 0.8688 0.7744 0.8213
11 97 1.2557 1.1354 1.1681 1.2354 1.2670 1.2306 1.0961 1.1613
11 98 1.1805 1.0687 1.0985 1.1590 1.1866 1.1427 1.0065 1.0625
11 99 1.3014 1.1753 1.2101 1.2827 1.3173 1.2806 1.1412 1.2099
11 100 1.0043 0.9075 0.9340 0.9890 1.0151 0.9864 0.8788 0.9314
11 101 1.1505 1.0415 1.0706 1.1295 1.1565 1.0617 0.8784 0.9068
11 102 0.9306 0.8402 0.8652 0.9176 0.9427 0.9165 0.8168 0.8659
11 103 0.9940 0.8975 0.9242 0.9801 1.0069 0.9789 0.8724 0.9249
11 104 1.0665 0.9633 0.9917 1.0511 1.0794 1.0492 0.9349 0.9910
11 105 1.0162 0.9176 0.9448 1.0019 1.0292 1.0005 0.8916 0.9453
11 106 1.0330 0.9331 0.9606 1.0180 1.0453 1.0160 0.9053 0.9596
11 107 1.3027 1.1763 1.2112 1.2844 1.3193 1.2826 1.1430 1.2118
11 108 1.1325 1.0252 1.0539 1.1119 1.1385 1.1042 0.9823 1.0397
11 109 0.9759 0.8818 0.9076 0.9611 0.9863 0.9584 0.8538 0.9048
11 110 1.1002 0.9936 1.0230 1.0845 1.1138 1.0827 0.9648 1.0228
11 111 1.0144 0.9159 0.9432 1.0003 1.0277 0.9992 0.8905 0.9442
11 112 1.0670 0.9632 0.9920 1.0526 1.0816 1.0519 0.9375 0.9941
11 113 1.0300 0.9304 0.9578 1.0151 1.0424 1.0132 0.9028 0.9571
11 114 1.1488 1.0373 1.0681 1.1328 1.1638 1.1315 1.0084 1.0692
11 115 1.1184 1.0096 1.0398 1.1033 1.1338 1.1026 0.9827 1.0421
11 116 1.1078 1.0000 1.0299 1.0929 1.1232 1.0923 0.9736 1.0325
11 117 1.0031 0.9059 0.9327 0.9888 1.0156 0.9873 0.8798 0.9328
11 118 0.9951 0.8998 0.9257 0.9789 1.0038 0.9749 0.8682 0.9198
11 119 1.2872 1.1630 1.1971 1.2680 1.3017 1.2650 1.1271 1.1946
11 120 1.1889 1.0762 1.1063 1.1672 1.1952 1.1581 1.0289 1.0887
11 121 1.0498 0.9484 0.9763 1.0344 1.0620 1.0322 0.9197 0.9749
11 122 1.1122 1.0069 1.0350 1.0920 1.1182 1.0810 0.9575 1.0123
11 123 1.0242 0.9257 0.9526 1.0083 1.0345 1.0051 0.8953 0.9487
11 124 1.1270 1.0203 1.0488 1.1065 1.1330 1.0968 0.9732 1.0294
11 125 1.0353 0.9350 0.9627 1.0208 1.0485 1.0194 0.9084 0.9631
12 0 1.0326 0.9344 0.9604 1.0134 1.0377 1.0060 0.8941 0.9460
12 1 1.0669 0.9649 0.9922 1.0484 1.0746 1.0434 0.9288 0.9840
12 2 0.9435 0.8539 0.8776 0.9257 0.9477 0.9177 0.8146 0.8613
12 3 0.9960 0.9015 0.9265 0.9773 1.0004 0.9691 0.8606 0.9101
12 4 0.8917 0.8066 0.8293 0.8760 0.8976 0.8714 0.7758 0.8216
12 5 0.8701 0.7875 0.8094 0.8538 0.8741 0.8480 0.7546 0.7987
12 6 0.9244 0.8367 0.8600 0.9070 0.9284 0.8970 0.7939 0.8385
12 7 1.1800 1.0673 1.0975 1.1596 1.1885 1.1538 1.0273 1.0880
12 8 0.8240 0.7459 0.7666 0.8087 0.8278 0.8028 0.7140 0.7556
12 9 1.1224 1.0156 1.0441 1.1021 1.1288 1.0954 0.9751 1.0323
12 10 0.9645 0.8731 0.8974 0.9466 0.9690 0.9396 0.8356 0.8842
12 11 1.1081 1.0031 1.0310 1.0874 1.1131 1.0767 0.9545 1.0089
12 13 0.9344 0.8459 0.8695 0.9170 0.9386 0.9071 0.8031 0.8485
12 14 0.9568 0.8660 0.8902 0.9394 0.9619 0.9332 0.8306 0.8792
12 15 1.0037 0.9086 0.9339 0.9851 1.0084 0.9780 0.8702 0.9208
12 16 1.1777 1.0661 1.0958 1.1559 1.1831 1.1469 1.0198 1.0789
12 17 0.8400 0.7604 0.7816 0.8245 0.8439 0.8183 0.7279 0.7702
12 18 0.6467 0.5854 0.6017 0.6347 0.6496 0.6280 0.5563 0.5878
12 19 0.9824 0.8893 0.9141 0.9641 0.9868 0.9543 0.8458 0.8939
12 20 1.0680 0.9668 0.9938 1.0482 1.0728 1.0398 0.9242 0.9776
12 21 1.2165 1.1013 1.1320 1.1939 1.2219 1.1807 1.0452 1.1041
12 22 0.9997 0.9049 0.9302 0.9811 1.0041 0.9699 0.8581 0.9063
12 23 1.0605 0.9600 0.9868 1.0409 1.0654 1.0335 0.9197 0.9732
12 24 1.2079 1.0934 1.1240 1.1855 1.2134 1.1769 1.0471 1.1080
12 25 0.8481 0.7678 0.7892 0.8324 0.8520 0.8256 0.7337 0.7760
12 26 1.1478 1.0375 1.0675 1.1293 1.1582 1.1248 1.0017 1.0610
12 27 1.1559 1.0464 1.0756 1.1345 1.1611 1.1224 0.9941 1.0504
12 28 1.2252 1.1091 1.1401 1.2025 1.2308 1.1934 1.0614 1.1230
12 29 0.9322 0.8439 0.8675 0.9149 0.9365 0.9076 0.8067 0.8534
12 30 1.0535 0.9533 0.9802 1.0346 1.0595 1.0281 0.9151 0.9685
12 31 1.1400 1.0320 1.0608 1.1188 1.1451 1.1068 0.9802 1.0357
12 32 1.1443 1.0359 1.0648 1.1231 1.1495 1.1113 0.9844 1.0402
12 33 0.8357 0.7565 0.7777 0.8202 0.8395 0.8141 0.7243 0.7663
12 34 1.1227 1.0163 1.0447 1.1018 1.1277 1.0904 0.9661 1.0209
12 35 1.0265 0.9292 0.9552 1.0075 1.0312 0.9996 0.8888 0.9402
12 36 1.0445 0.9455 0.9719 1.0251 1.0492 1.0175 0.9052 0.9577
12 37 1.0458 0.9468 0.9732 1.0265 1.0506 1.0186 0.9060 0.9584
12 38 0.8949 0.8101 0.8327 0.8783 0.8990 0.8714 0.7748 0.8197
12 39 1.0940 0.9904 1.0181 1.0738 1.0990 1.0622 0.9407 0.9939
12 40 1.1238 1.0174 1.0458 1.1030 1.1289 1.0936 0.9714 1.0272
12 41 1.2018 1.0880 1.1184 1.1796 1.2073 1.1691 1.0382 1.0978
12 42 1.0462 0.9471 0.9735 1.0268 1.0510 1.0192 0.9067 0.9593
12 43 1.1453 1.0368 1.0657 1.1240 1.1504 1.1115 0.9838 1.0393
12 44 1.0460 0.9469 0.9734 1.0266 1.0507 1.0144 0.8969 0.9472
12 45 0.9060 0.8202 0.8431 0.8892 0.9101 0.8817 0.7834 0.8285
12 46 1.2115 1.0968 1.1274 1.1891 1.2170 1.1785 1.0464 1.1064
12 47 1.1992 1.0856 1.1160 1.1770 1.2046 1.1656 1.0338 1.0928
12 48 0.7877 0.7131 0.7330 0.7731 0.7913 0.7656 0.6789 0.7176
12 49 0.9550 0.8645 0.8887 0.9373 0.9593 0.9293 0.8255 0.8730
12 50 1.1140 1.0085 1.0367 1.0934 1.1191 1.0851 0.9653 1.0212
12 51 0.9179 0.8310 0.8542 0.9009 0.9221 0.8930 0.7930 0.8385
12 52 1.0053 0.9101 0.9355 0.9867 1.0098 0.9737 0.8594 0.9071
12 53 0.8855 0.8017 0.8241 0.8691 0.8895 0.8612 0.7644 0.8081
12 54 1.0678 0.9667 0.9937 1.0480 1.0726 1.0376 0.9200 0.9723
12 55 1.0794 0.9772 1.0045 1.0595 1.0843 1.0384 0.9079 0.9557
12 56 0.9063 0.8205 0.8434 0.8896 0.9104 0.8817 0.7829 0.8278
12 57 1.0724 0.9708 0.9979 1.0525 1.0772 1.0346 0.9083 0.9572
12 58 0.7888 0.7141 0.7340 0.7742 0.7923 0.7671 0.6810 0.7200
12 59 1.0725 0.9709 0.9981 1.0528 1.0776 1.0452 0.9300 0.9839
12 60 1.3036 1.1801 1.2131 1.2794 1.3094 1.2667 1.1231 1.1869
12 61 0.7500 0.6790 0.6980 0.7361 0.7534 0.7299 0.6484 0.6856
12 62 1.0135 0.9172 0.9430 0.9951 1.0189 0.9884 0.8795 0.9306
12 63 0.9815 0.8885 0.9134 0.9633 0.9859 0.9551 0.8485 0.8972
12 64 1.0162 0.9200 0.9457 0.9974 1.0208 0.9879 0.8764 0.9263
12 65 0.8817 0.7978 0.8204 0.8661 0.8871 0.8607 0.7660 0.8106
12 66 1.0302 0.9321 0.9585 1.0122 1.0368 1.0061 0.8955 0.9477
12 67 1.3900 1.2583 1.2935 1.3643 1.3964 1.3543 1.2051 1.2749
12 68 0.8321 0.7523 0.7740 0.8186 0.8394 0.8151 0.7257 0.7684
12 69 1.1005 0.9962 1.0241 1.0801 1.1054 1.0673 0.9438 0.9967
12 70 1.2426 1.1249 1.1563 1.2196 1.2482 1.2045 1.0644 1.1239
12 71 0.9247 0.8369 0.8605 0.9081 0.9297 0.9019 0.8026 0.8493
12 72 1.2095 1.0949 1.1255 1.1871 1.2149 1.1687 1.0282 1.0843
12 73 1.2457 1.1278 1.1593 1.2227 1.2514 1.2060 1.0638 1.1226
12 74 1.0218 0.9250 0.9509 1.0029 1.0264 0.9945 0.8837 0.9345
12 75 0.9152 0.8286 0.8517 0.8983 0.9194 0.8907 0.7912 0.8367
12 76 1.3840 1.2525 1.2878 1.3591 1.3916 1.3500 1.2014 1.2711
12 77 1.2596 1.1403 1.1722 1.2363 1.2654 1.2259 1.0891 1.1517
12 78 0.8045 0.7283 0.7486 0.7896 0.8081 0.7828 0.6954 0.7353
12 79 0.8389 0.7594 0.7807 0.8234 0.8427 0.8164 0.7253 0.7670
12 80 1.1457 1.0372 1.0662 1.1246 1.1510 1.1164 0.9933 1.0508
12 81 1.0987 0.9947 1.0225 1.0784 1.1037 1.0703 0.9521 1.0071
12 82 1.2234 1.1073 1.1384 1.2012 1.2298 1.1930 1.0616 1.1232
12 83 1.2442 1.1264 1.1579 1.2212 1.2499 1.2085 1.0709 1.1316
12 84 1.0772 0.9752 1.0025 1.0573 1.0821 1.0469 0.9284 0.9812
12 85 1.2921 1.1698 1.2025 1.2682 1.2980 1.2511 1.1037 1.1648
12 86 1.0651 0.9641 0.9912 1.0456 1.0703 1.0381 0.9237 0.9772
12 87 1.1418 1.0336 1.0625 1.1209 1.1474 1.1128 0.9902 1.0476
12 88 1.1030 0.9985 1.0264 1.0826 1.1080 1.0581 0.9214 0.9689
12 89 1.1179 1.0120 1.0403 1.0972 1.1230 1.0888 0.9685 1.0244
12 90 1.0231 0.9263 0.9521 1.0042 1.0278 0.9945 0.8820 0.9322
12 91 1.1128 1.0070 1.0354 1.0930 1.1193 1.0859 0.9664 1.0225
12 92 1.1039 0.9994 1.0273 1.0835 1.1089 1.0745 0.9548 1.0096
12 93 1.0947 0.9909 1.0187 1.0747 1.1000 1.0669 0.9494 1.0044
12 94 1.0942 0.9905 1.0182 1.0739 1.0991 1.0645 0.9453 0.9995
12 95 0.8900 0.8046 0.8279 0.8758 0.8981 0.8720 0.7764 0.8221
12 96 0.7485 0.6770 0.6963 0.7358 0.7540 0.7319 0.6515 0.6896
12 97 1.0163 0.9201 0.9458 0.9976 1.0210 0.9893 0.8792 0.9297
12 98 1.1276 1.0208 1.0493 1.1067 1.1327 1.0873 0.9538 1.0051
12 99 1.1395 1.0312 1.0603 1.1193 1.1463 1.1121 0.9897 1.0472
12 100 1.0485 0.9492 0.9758 1.0291 1.0533 1.0215 0.9088 0.9613
12 101 1.2749 1.1542 1.1864 1.2513 1.2807 1.1751 0.9719 1.0022
12 102 0.8170 0.7391 0.7601 0.8028 0.8224 0.7980 0.7102 0.7515
12 103 0.8550 0.7736 0.7955 0.8402 0.8607 0.8351 0.7432 0.7864
12 104 1.0520 0.9521 0.9789 1.0333 1.0580 1.0264 0.9133 0.9663
12 105 0.8699 0.7871 0.8094 0.8547 0.8755 0.8494 0.7560 0.7999
12 106 1.0937 0.9898 1.0177 1.0740 1.0997 1.0668 0.9493 1.0042
12 107 1.1489 1.0395 1.0690 1.1288 1.1563 1.1219 0.9984 1.0564
12 108 1.0669 0.9658 0.9928 1.0471 1.0717 1.0362 0.9180 0.9699
12 109 0.8731 0.7904 0.8125 0.8570 0.8771 0.8505 0.7566 0.8002
12 110 1.1369 1.0288 1.0579 1.1168 1.1437 1.1095 0.9874 1.0447
12 111 1.1703 1.0588 1.0889 1.1501 1.1782 1.1432 1.0175 1.0767
12 112 0.9290 0.8403 0.8643 0.9132 0.9358 0.9082 0.8083 0.8555
12 113 0.8995 0.8141 0.8370 0.8834 0.9045 0.8775 0.7808 0.8261
12 114 1.2058 1.0909 1.1219 1.1849 1.2138 1.1778 1.0482 1.1092
12 115 1.0035 0.9077 0.9336 0.9865 1.0108 0.9810 0.8732 0.9242
12 116 1.1977 1.0832 1.1142 1.1774 1.2066 1.1711 1.0424 1.1033
12 117 1.0352 0.9367 0.9632 1.0169 1.0415 1.0105 0.8993 0.9515
12 118 0.8890 0.8048 0.8273 0.8726 0.8931 0.8652 0.7687 0.8128
12 119 1.1572 1.0475 1.0769 1.1360 1.1628 1.1278 1.0035 1.0615
12 120 1.1498 1.0409 1.0700 1.1285 1.1550 1.1156 0.9871 1.0426
12 121 1.1563 1.0466 1.0760 1.1354 1.1623 1.1274 1.0032 1.0613
12 122 1.0745 0.9727 0.9999 1.0546 1.0794 1.0403 0.9176 0.9683
12 123 1.1180 1.0121 1.0404 1.0974 1.1231 1.0888 0.9681 1.0239
12 124 1.0907 0.9874 1.0150 1.0706 1.0957 1.0573 0.9343 0.9865
12 125 1.1590 1.0487 1.0784 1.1387 1.1663 1.1316 1.0071 1.0656
13 0 0.9329 0.8425 0.8671 0.9186 0.9431 0.9164 0.8159 0.8645
13 1 1.0015 0.9035 0.9306 0.9884 1.0164 0.9889 0.8813 0.9351
13 2 0.8125 0.7344 0.7554 0.7990 0.8195 0.7958 0.7085 0.7502
13 3 0.5648 0.5104 0.5251 0.5557 0.5701 0.5537 0.4930 0.5222
13 4 0.9037 0.8154 0.8398 0.8917 0.9169 0.8920 0.7951 0.8435
13 5 0.8836 0.7977 0.8213 0.8708 0.8945 0.8697 0.7750 0.8217
13 6 0.9415 0.8522 0.8759 0.9240 0.9460 0.9174 0.8161 0.8632
13 7 0.6899 0.6224 0.6412 0.6811 0.7004 0.6816 0.6076 0.6447
13 8 0.8967 0.8099 0.8337 0.8836 0.9074 0.8821 0.7859 0.8332
13 9 0.9906 0.8941 0.9208 0.9772 1.0043 0.9769 0.8708 0.9237
13 10 0.6370 0.5753 0.5922 0.6276 0.6445 0.6265 0.5582 0.5919
13 11 1.0767 0.9740 1.0016 1.0580 1.0842 1.0524 0.9369 0.9920
13 12 0.8864 0.8003 0.8240 0.8739 0.8978 0.8730 0.7780 0.8251
13 14 0.6795 0.6134 0.6316 0.6701 0.6886 0.6697 0.5970 0.6332
13 15 0.9687 0.8748 0.9006 0.9549 0.9808 0.9537 0.8499 0.9013
13 16 0.6662 0.6018 0.6194 0.6563 0.6738 0.6550 0.5836 0.6188
13 17 0.9220 0.8327 0.8572 0.9087 0.9332 0.9073 0.8085 0.8573
13 18 0.7945 0.7191 0.7392 0.7803 0.7992 0.7756 0.6904 0.7309
13 19 1.0831 0.9800 1.0076 1.0641 1.0902 1.0583 0.9422 0.9976
13 20 0.7675 0.6934 0.7137 0.7559 0.7759 0.7541 0.6719 0.7123
13 21 1.1673 1.0566 1.0861 1.1459 1.1734 1.1383 1.0129 1.0721
13 22 0.9970 0.9025 0.9277 0.9788 1.0022 0.9719 0.8644 0.9148
13 23 1.0129 0.9146 0.9417 0.9987 1.0260 0.9977 0.8892 0.9431
13 24 1.0208 0.9218 0.9491 1.0063 1.0337 1.0051 0.8958 0.9500
13 25 0.9132 0.8251 0.8492 0.8993 0.9230 0.8970 0.7992 0.8472
13 26 1.0201 0.9198 0.9479 1.0084 1.0380 1.0107 0.9015 0.9571
13 27 0.8687 0.7863 0.8083 0.8530 0.8736 0.8478 0.7547 0.7991
13 28 0.9143 0.8258 0.8501 0.9011 0.9254 0.8996 0.8017 0.8502
13 29 0.9517 0.8598 0.8850 0.9374 0.9623 0.9353 0.8334 0.8836
13 30 0.9852 0.8892 0.9158 0.9720 0.9992 0.9720 0.8665 0.9193
13 31 1.1080 1.0029 1.0310 1.0879 1.1141 1.0811 0.9625 1.0190
13 32 0.9296 0.8413 0.8649 0.9130 0.9352 0.9077 0.8081 0.8557
13 33 0.9369 0.8461 0.8711 0.9236 0.9487 0.9224 0.8221 0.8718
13 34 0.8972 0.8119 0.8347 0.8813 0.9028 0.8763 0.7802 0.8262
13 35 0.9677 0.8741 0.8998 0.9534 0.9790 0.9516 0.8480 0.8992
13 36 0.9810 0.8860 0.9121 0.9670 0.9933 0.9658 0.8607 0.9128
13 37 0.9757 0.8813 0.9072 0.9616 0.9875 0.9601 0.8556 0.9073
13 38 0.9929 0.8969 0.9232 0.9783 1.0045 0.9765 0.8702 0.9227
13 39 1.0741 0.9722 0.9994 1.0546 1.0800 1.0481 0.9331 0.9880
13 40 0.9300 0.8406 0.8650 0.9156 0.9395 0.9129 0.8133 0.8621
13 41 1.1462 1.0361 1.0661 1.1280 1.1572 1.1243 1.0016 1.0616
13 42 0.9821 0.8870 0.9132 0.9682 0.9945 0.9670 0.8618 0.9140
13 43 0.8855 0.8016 0.8240 0.8694 0.8903 0.8637 0.7686 0.8137
13 44 1.0343 0.9362 0.9624 1.0154 1.0398 1.0080 0.8960 0.9484
13 45 0.9293 0.8398 0.8642 0.9150 0.9390 0.9125 0.8130 0.8619
13 46 1.1569 1.0458 1.0760 1.1385 1.1679 1.1346 1.0108 1.0713
13 47 1.0053 0.9093 0.9352 0.9884 1.0132 0.9839 0.8763 0.9284
13 48 0.9195 0.8317 0.8554 0.9039 0.9265 0.8997 0.8012 0.8488
13 49 0.9326 0.8428 0.8673 0.9182 0.9422 0.9156 0.8158 0.8647
13 50 1.0317 0.9317 0.9593 1.0170 1.0445 1.0156 0.9052 0.9599
13 51 0.9370 0.8469 0.8715 0.9222 0.9461 0.9192 0.8189 0.8680
13 52 0.9999 0.9052 0.9305 0.9817 1.0053 0.9733 0.8637 0.9137
13 53 0.9715 0.8784 0.9037 0.9559 0.9803 0.9523 0.8483 0.8990
13 54 0.9067 0.8203 0.8436 0.8913 0.9134 0.8869 0.7898 0.8367
13 55 0.8989 0.8137 0.8365 0.8825 0.9037 0.8689 0.7638 0.8057
13 56 0.9811 0.8869 0.9126 0.9657 0.9907 0.9625 0.8575 0.9088
13 57 0.8898 0.8055 0.8280 0.8736 0.8946 0.8627 0.7614 0.8042
13 58 0.8413 0.7606 0.7826 0.8279 0.8492 0.8249 0.7348 0.7787
13 59 1.0410 0.9399 0.9679 1.0266 1.0547 1.0256 0.9142 0.9696
13 60 1.0646 0.9631 0.9905 1.0465 1.0725 1.0414 0.9274 0.9823
13 61 0.9893 0.8940 0.9201 0.9741 0.9997 0.9714 0.8655 0.9174
13 62 1.1073 0.9996 1.0294 1.0923 1.1226 1.0918 0.9733 1.0324
13 63 1.0137 0.9161 0.9428 0.9981 1.0243 0.9954 0.8868 0.9401
13 64 1.0206 0.9230 0.9494 1.0037 1.0291 0.9994 0.8901 0.9431
13 65 1.1176 1.0087 1.0390 1.1030 1.1339 1.1031 0.9834 1.0434
13 66 0.9503 0.8575 0.8833 0.9380 0.9645 0.9384 0.8366 0.8877
13 67 1.2911 1.1658 1.2004 1.2731 1.3079 1.2719 1.1337 1.2024
13 68 0.9126 0.8229 0.8481 0.9021 0.9285 0.9040 0.8063 0.8559
13 69 1.0806 0.9782 1.0055 1.0610 1.0864 1.0533 0.9365 0.9913
13 70 1.1148 1.0092 1.0374 1.0946 1.1209 1.0861 0.9650 1.0213
13 71 1.1246 1.0152 1.0456 1.1095 1.1403 1.1091 0.9887 1.0489
13 72 1.0423 0.9436 0.9700 1.0234 1.0480 1.0123 0.8954 0.9464
13 73 1.0440 0.9450 0.9715 1.0250 1.0496 1.0158 0.9009 0.9529
13 74 1.0422 0.9417 0.9693 1.0265 1.0536 1.0240 0.9124 0.9672
13 75 1.0198 0.9216 0.9485 1.0042 1.0306 1.0015 0.8923 0.9459
13 76 1.2918 1.1661 1.2009 1.2745 1.3099 1.2741 1.1358 1.2049
13 77 1.2076 1.0913 1.1231 1.1892 1.2205 1.1861 1.0568 1.1203
13 78 1.0873 0.9826 1.0112 1.0706 1.0986 1.0676 0.9512 1.0083
13 79 1.0905 0.9854 1.0142 1.0739 1.1022 1.0711 0.9544 1.0117
13 80 1.1939 1.0780 1.1101 1.1774 1.2096 1.1763 1.0485 1.1121
13 81 1.1533 1.0415 1.0723 1.1370 1.1679 1.1356 1.0121 1.0734
13 82 1.1497 1.0379 1.0689 1.1342 1.1656 1.1337 1.0106 1.0720
13 83 1.1990 1.0849 1.1156 1.1780 1.2069 1.1716 1.0433 1.1050
13 84 0.9734 0.8805 0.9056 0.9570 0.9810 0.9526 0.8484 0.8988
13 85 1.1086 1.0036 1.0316 1.0885 1.1147 1.0788 0.9570 1.0123
13 86 1.1244 1.0152 1.0454 1.1090 1.1395 1.1081 0.9878 1.0477
13 87 1.0186 0.9197 0.9470 1.0046 1.0322 1.0038 0.8948 0.9491
13 88 0.9511 0.8609 0.8850 0.9338 0.9562 0.9168 0.8026 0.8459
13 89 1.1619 1.0493 1.0804 1.1454 1.1765 1.1439 1.0195 1.0812
13 90 1.0791 0.9760 1.0039 1.0611 1.0878 1.0564 0.9409 0.9969
13 91 1.1622 1.0489 1.0804 1.1468 1.1789 1.1468 1.0223 1.0846
13 92 1.1504 1.0395 1.0699 1.1331 1.1631 1.1304 1.0072 1.0678
13 93 1.1354 1.0252 1.0557 1.1199 1.1507 1.1191 0.9975 1.0580
13 94 0.9821 0.8877 0.9135 0.9668 0.9920 0.9639 0.8588 0.9102
13 95 1.1116 1.0023 1.0331 1.0990 1.1313 1.1014 0.9824 1.0429
13 96 1.1059 0.9977 1.0279 1.0923 1.1237 1.0936 0.9752 1.0349
13 97 1.1290 1.0202 1.0500 1.1121 1.1416 1.1096 0.9887 1.0483
13 98 0.9744 0.8821 0.9068 0.9568 0.9798 0.9444 0.8330 0.8798
13 99 1.1801 1.0652 1.0971 1.1647 1.1973 1.1647 1.0383 1.1016
13 100 1.0873 0.9818 1.0110 1.0721 1.1014 1.0710 0.9546 1.0124
13 101 1.1113 1.0060 1.0342 1.0912 1.1174 1.0259 0.8488 0.8762
13 102 1.0988 0.9915 1.0214 1.0848 1.1155 1.0853 0.9676 1.0266
13 103 1.0820 0.9764 1.0058 1.0683 1.0985 1.0687 0.9528 1.0109
13 104 1.0928 0.9864 1.0160 1.0784 1.1085 1.0782 0.9611 1.0195
13 105 1.1152 1.0064 1.0367 1.1009 1.1320 1.1013 0.9818 1.0416
13 106 1.1231 1.0138 1.0441 1.1081 1.1389 1.1078 0.9875 1.0475
13 107 1.1856 1.0699 1.1021 1.1704 1.2034 1.1708 1.0438 1.1074
13 108 0.9713 0.8789 0.9037 0.9543 0.9776 0.9490 0.8450 0.8949
13 109 1.0333 0.9331 0.9608 1.0189 1.0467 1.0177 0.9071 0.9619
13 110 1.1680 1.0542 1.0858 1.1527 1.1850 1.1527 1.0276 1.0901
13 111 1.1874 1.0714 1.1038 1.1723 1.2056 1.1730 1.0458 1.1096
13 112 1.1515 1.0388 1.0703 1.1373 1.1699 1.1384 1.0151 1.0772
13 113 1.1180 1.0092 1.0394 1.1032 1.1339 1.1030 0.9832 1.0430
13 114 1.2229 1.1035 1.1368 1.2074 1.2416 1.2081 1.0771 1.1428
13 115 1.1046 0.9965 1.0268 1.0910 1.1223 1.0922 0.9739 1.0335
13 116 1.2143 1.0954 1.1287 1.1995 1.2339 1.2009 1.0708 1.1364
13 117 1.0634 0.9598 0.9886 1.0496 1.0791 1.0498 0.9359 0.9929
13 118 1.0725 0.9692 0.9974 1.0563 1.0842 1.0537 0.9389 0.9953
13 119 1.1829 1.0680 1.0998 1.1667 1.1988 1.1659 1.0392 1.1022
13 120 1.0890 0.9858 1.0134 1.0694 1.0952 1.0623 0.9451 1.0006
13 121 1.1756 1.0614 1.0930 1.1598 1.1919 1.1593 1.0334 1.0961
13 122 1.0214 0.9246 0.9505 1.0029 1.0271 0.9941 0.8817 0.9327
13 123 1.1424 1.0319 1.0623 1.1260 1.1564 1.1243 1.0020 1.0625
13 124 1.0380 0.9396 0.9659 1.0192 1.0438 1.0115 0.8988 0.9512
13 125 1.1718 1.0575 1.0893 1.1567 1.1893 1.1571 1.0316 1.0945
14 0 1.0503 0.9504 0.9768 1.0307 1.0555 1.0230 0.9089 0.9616
14 1 1.1763 1.0640 1.0939 1.1554 1.1841 1.1495 1.0233 1.0840
14 2 0.9797 0.8867 0.9113 0.9613 0.9841 0.9527 0.8454 0.8938
14 3 1.0363 0.9380 0.9640 1.0169 1.0410 1.0081 0.8949 0.9463
14 4 1.0413 0.9421 0.9685 1.0227 1.0477 1.0169 0.9053 0.9587
14 5 0.9483 0.8583 0.8822 0.9306 0.9528 0.9240 0.8220 0.8699
14 6 1.0248 0.9276 0.9534 1.0056 1.0292 0.9942 0.8796 0.9289
14 7 1.2227 1.1061 1.1373 1.2012 1.2308 1.1948 1.0637 1.1265
14 8 0.7958 0.7203 0.7404 0.7810 0.7995 0.7751 0.6892 0.7292
14 9 1.1411 1.0328 1.0617 1.1202 1.1471 1.1130 0.9907 1.0487
14 10 0.7260 0.6572 0.6755 0.7125 0.7294 0.7071 0.6286 0.6651
14 11 1.2208 1.1051 1.1359 1.1980 1.2262 1.1858 1.0509 1.1106
14 12 0.9723 0.8801 0.9047 0.9543 0.9769 0.9474 0.8428 0.8920
14 13 0.7331 0.6636 0.6821 0.7194 0.7364 0.7114 0.6296 0.6651
14 15 1.0859 0.9830 1.0104 1.0658 1.0909 1.0578 0.9408 0.9955
14 16 1.2080 1.0935 1.1240 1.1856 1.2135 1.1761 1.0453 1.1058
14 17 1.0157 0.9195 0.9451 0.9969 1.0204 0.9892 0.8796 0.9306
14 18 0.8090 0.7323 0.7528 0.7939 0.8126 0.7853 0.6954 0.7347
14 19 1.2072 1.0928 1.1233 1.1848 1.2126 1.1724 1.0387 1.0975
14 20 0.8488 0.7684 0.7898 0.8331 0.8527 0.8262 0.7341 0.7764
14 21 1.3093 1.1853 1.2184 1.2850 1.3152 1.2704 1.1241 1.1874
14 22 1.0854 0.9826 1.0100 1.0652 1.0902 1.0527 0.9310 0.9832
14 23 1.1306 1.0235 1.0521 1.1097 1.1359 1.1015 0.9799 1.0367
14 24 1.1124 1.0070 1.0351 1.0918 1.1175 1.0835 0.9637 1.0196
14 25 0.9860 0.8926 0.9175 0.9677 0.9905 0.9595 0.8524 0.9015
14 26 1.1485 1.0385 1.0683 1.1297 1.1584 1.1248 1.0016 1.0609
14 27 1.1793 1.0676 1.0974 1.1574 1.1846 1.1447 1.0135 1.0707
14 28 1.2477 1.1295 1.1610 1.2246 1.2534 1.2150 1.0802 1.1427
14 29 0.7918 0.7168 0.7368 0.7772 0.7955 0.7707 0.6848 0.7243
14 30 1.0816 0.9790 1.0064 1.0620 1.0873 1.0548 0.9388 0.9935
14 31 1.2249 1.1089 1.1399 1.2022 1.2304 1.1889 1.0525 1.1119
14 32 1.1626 1.0525 1.0819 1.1410 1.1678 1.1287 0.9995 1.0560
14 33 0.9921 0.8981 0.9232 0.9738 0.9967 0.9663 0.8593 0.9090
14 34 1.1421 1.0340 1.0628 1.1210 1.1473 1.1090 0.9822 1.0378
14 35 0.9157 0.8290 0.8521 0.8988 0.9199 0.8915 0.7924 0.8381
14 36 1.0750 0.9732 1.0004 1.0551 1.0800 1.0470 0.9310 0.9849
14 37 1.0648 0.9639 0.9909 1.0451 1.0697 1.0368 0.9218 0.9750
14 38 1.0743 0.9726 0.9997 1.0544 1.0792 1.0459 0.9296 0.9832
14 39 1.1597 1.0499 1.0792 1.1382 1.1649 1.1256 0.9964 1.0526
14 40 1.0793 0.9770 1.0043 1.0593 1.0842 1.0499 0.9322 0.9857
14 41 1.2890 1.1669 1.1995 1.2651 1.2948 1.2536 1.1127 1.1764
14 42 1.0756 0.9737 1.0009 1.0557 1.0806 1.0476 0.9316 0.9855
14 43 1.1671 1.0566 1.0861 1.1455 1.1724 1.1323 1.0018 1.0582
14 44 1.1103 1.0051 1.0332 1.0897 1.1153 1.0764 0.9513 1.0045
14 45 0.8067 0.7303 0.7507 0.7917 0.8103 0.7848 0.6970 0.7370
14 46 1.2912 1.1690 1.2016 1.2674 1.2971 1.2557 1.1145 1.1782
14 47 1.2147 1.0997 1.1304 1.1922 1.2202 1.1803 1.0464 1.1060
14 48 0.9608 0.8698 0.8941 0.9430 0.9651 0.9335 0.8275 0.8745
14 49 0.9992 0.9046 0.9299 0.9807 1.0038 0.9721 0.8632 0.9127
14 50 1.0641 0.9633 0.9903 1.0444 1.0690 1.0363 0.9214 0.9747
14 51 0.9847 0.8915 0.9164 0.9665 0.9892 0.9577 0.8501 0.8988
14 52 1.0668 0.9658 0.9928 1.0471 1.0716 1.0329 0.9113 0.9618
14 53 1.0287 0.9313 0.9573 1.0097 1.0333 1.0001 0.8873 0.9380
14 54 1.0043 0.9092 0.9346 0.9857 1.0088 0.9756 0.8647 0.9137
14 55 1.0962 0.9924 1.0202 1.0760 1.1012 1.0543 0.9213 0.9696
14 56 1.0420 0.9434 0.9697 1.0228 1.0468 1.0134 0.8995 0.9509
14 57 1.0892 0.9860 1.0136 1.0690 1.0941 1.0505 0.9218 0.9712
14 58 1.0620 0.9614 0.9883 1.0424 1.0668 1.0326 0.9163 0.9685
14 59 1.1337 1.0264 1.0551 1.1128 1.1389 1.1044 0.9824 1.0391
14 60 1.3207 1.1957 1.2291 1.2963 1.3267 1.2830 1.1370 1.2015
14 61 1.0595 0.9592 0.9860 1.0399 1.0643 1.0307 0.9153 0.9677
14 62 1.1420 1.0338 1.0627 1.1210 1.1475 1.1129 0.9903 1.0476
14 63 1.0790 0.9768 1.0041 1.0590 1.0839 1.0497 0.9321 0.9855
14 64 1.0333 0.9354 0.9615 1.0141 1.0379 1.0041 0.8905 0.9411
14 65 1.1504 1.0411 1.0705 1.1297 1.1567 1.1221 0.9986 1.0566
14 66 0.9711 0.8788 0.9036 0.9539 0.9768 0.9477 0.8434 0.8925
14 67 1.4660 1.3272 1.3643 1.4389 1.4727 1.4279 1.2701 1.3435
14 68 0.9621 0.8700 0.8950 0.9463 0.9700 0.9417 0.8384 0.8876
14 69 1.1594 1.0496 1.0790 1.1380 1.1646 1.1241 0.9936 1.0491
14 70 1.2529 1.1342 1.1659 1.2297 1.2585 1.2141 1.0725 1.1322
14 71 1.1601 1.0501 1.0796 1.1388 1.1657 1.1307 1.0061 1.0644
14 72 1.2233 1.1074 1.1384 1.2006 1.2288 1.1817 1.0392 1.0957
14 73 1.2616 1.1422 1.1741 1.2383 1.2673 1.2210 1.0766 1.1359
14 74 1.0719 0.9704 0.9975 1.0520 1.0767 1.0429 0.9264 0.9795
14 75 1.0381 0.9398 0.9661 1.0190 1.0429 1.0100 0.8969 0.9482
14 76 1.4538 1.3160 1.3529 1.4273 1.4610 1.4171 1.2609 1.3339
14 77 1.3092 1.1852 1.2183 1.2850 1.3151 1.2737 1.1312 1.1959
14 78 1.1043 0.9998 1.0277 1.0839 1.1094 1.0743 0.9539 1.0085
14 79 1.1087 1.0037 1.0318 1.0882 1.1138 1.0787 0.9580 1.0129
14 80 1.2540 1.1353 1.1670 1.2309 1.2598 1.2215 1.0865 1.1492
14 81 1.1976 1.0842 1.1145 1.1755 1.2031 1.1662 1.0370 1.0968
14 82 1.2418 1.1242 1.1556 1.2189 1.2476 1.2100 1.0767 1.1390
14 83 1.3032 1.1798 1.2127 1.2791 1.3091 1.2654 1.1208 1.1841
14 84 1.0867 0.9838 1.0113 1.0666 1.0916 1.0557 0.9358 0.9889
14 85 1.3059 1.1823 1.2153 1.2818 1.3118 1.2640 1.1147 1.1762
14 86 1.1616 1.0516 1.0810 1.1402 1.1669 1.1316 1.0067 1.0648
14 87 1.1123 1.0070 1.0351 1.0918 1.1174 1.0836 0.9639 1.0196
14 88 1.1169 1.0111 1.0394 1.0962 1.1219 1.0711 0.9323 0.9801
14 89 1.2056 1.0914 1.1219 1.1833 1.2111 1.1739 1.0438 1.1039
14 90 1.0884 0.9853 1.0129 1.0683 1.0933 1.0576 0.9376 0.9908
14 91 1.2123 1.0973 1.1281 1.1904 1.2187 1.1821 1.0519 1.1128
14 92 1.1856 1.0734 1.1034 1.1637 1.1910 1.1536 1.0247 1.0834
14 93 1.1731 1.0620 1.0917 1.1515 1.1785 1.1428 1.0166 1.0753
14 94 1.1036 0.9991 1.0270 1.0832 1.1086 1.0733 0.9528 1.0072
14 95 1.1436 1.0341 1.0638 1.1250 1.1533 1.1196 0.9968 1.0552
14 96 1.1363 1.0279 1.0572 1.1167 1.1441 1.1102 0.9882 1.0458
14 97 1.1590 1.0492 1.0786 1.1376 1.1643 1.1278 1.0018 1.0592
14 98 1.1415 1.0334 1.0623 1.1204 1.1467 1.1004 0.9649 1.0165
14 99 1.2340 1.1169 1.1483 1.2117 1.2406 1.2034 1.0708 1.1329
14 100 1.1114 1.0062 1.0343 1.0909 1.1165 1.0824 0.9626 1.0181
14 101 1.2879 1.1659 1.1985 1.2641 1.2937 1.1869 0.9815 1.0118
14 102 1.1270 1.0198 1.0486 1.1071 1.1338 1.0999 0.9788 1.0355
14 103 1.1074 1.0020 1.0304 1.0878 1.1140 1.0807 0.9617 1.0175
14 104 1.1208 1.0145 1.0429 1.1004 1.1265 1.0926 0.9721 1.0283
14 105 1.1477 1.0386 1.0679 1.1272 1.1543 1.1198 0.9964 1.0542
14 106 1.1569 1.0472 1.0766 1.1357 1.1626 1.1276 1.0032 1.0612
14 107 1.2408 1.1229 1.1546 1.2187 1.2480 1.2107 1.0773 1.1397
14 108 0.9686 0.8769 0.9014 0.9507 0.9730 0.9404 0.8328 0.8798
14 109 1.0494 0.9501 0.9766 1.0301 1.0543 1.0220 0.9088 0.9610
14 110 1.2150 1.0996 1.1306 1.1930 1.2215 1.1848 1.0542 1.1152
14 111 1.2342 1.1168 1.1484 1.2124 1.2417 1.2046 1.0720 1.1342
14 112 1.1914 1.0779 1.1085 1.1708 1.1994 1.1638 1.0358 1.0960
14 113 1.1503 1.0413 1.0705 1.1294 1.1561 1.1213 0.9977 1.0553
14 114 1.2806 1.1588 1.1915 1.2580 1.2883 1.2499 1.1123 1.1768
14 115 1.1339 1.0259 1.0550 1.1144 1.1416 1.1077 0.9859 1.0432
14 116 1.2695 1.1485 1.1812 1.2477 1.2783 1.2404 1.1040 1.1682
14 117 1.0861 0.9829 1.0106 1.0665 1.0920 1.0593 0.9426 0.9972
14 118 1.0895 0.9864 1.0140 1.0694 1.0945 1.0600 0.9414 0.9953
14 119 1.2309 1.1143 1.1455 1.2081 1.2365 1.1990 1.0665 1.1280
14 120 1.1552 1.0458 1.0750 1.1338 1.1604 1.1205 0.9910 1.0465
14 121 1.2201 1.1046 1.1355 1.1976 1.2257 1.1887 1.0576 1.1186
14 122 1.0794 0.9772 1.0045 1.0595 1.0843 1.0447 0.9211 0.9719
14 123 1.1754 1.0641 1.0938 1.1537 1.1808 1.1443 1.0171 1.0755
14 124 1.0954 0.9917 1.0194 1.0752 1.1004 1.0616 0.9377 0.9898
14 125 1.2135 1.0982 1.1291 1.1918 1.2203 1.1838 1.0535 1.1145
15 0 0.9193 0.8319 0.8550 0.9022 0.9238 0.8957 0.7963 0.8426
15 1 0.8935 0.8080 0.8309 0.8781 0.9002 0.8741 0.7782 0.8245
15 2 0.9067 0.8206 0.8433 0.8896 0.9107 0.8821 0.7831 0.8281
15 3 1.0356 0.9373 0.9633 1.0161 1.0402 1.0078 0.8952 0.9468
15 4 0.9942 0.8993 0.9247 0.9770 1.0013 0.9721 0.8656 0.9168
15 5 0.8634 0.7814 0.8032 0.8474 0.8676 0.8418 0.7492 0.7931
15 6 0.7695 0.6966 0.7160 0.7551 0.7729 0.7469 0.6612 0.6984
15 7 1.1309 1.0227 1.0518 1.1116 1.1395 1.1064 0.9852 1.0436
15 8 0.9510 0.8609 0.8848 0.9334 0.9555 0.9267 0.8245 0.8726
15 9 0.7361 0.6660 0.6848 0.7230 0.7406 0.7188 0.6399 0.6776
15 10 0.9760 0.8835 0.9081 0.9579 0.9806 0.9510 0.8460 0.8953
15 11 0.8813 0.7977 0.8200 0.8649 0.8852 0.8565 0.7594 0.8027
15 12 0.9978 0.9031 0.9284 0.9795 1.0028 0.9730 0.8660 0.9167
15 13 0.9548 0.8643 0.8884 0.9370 0.9591 0.9270 0.8210 0.8674
15 14 1.0000 0.9049 0.9303 0.9820 1.0056 0.9758 0.8686 0.9196
15 16 1.1398 1.0318 1.0605 1.1186 1.1450 1.1102 0.9874 1.0448
15 17 0.9654 0.8739 0.8983 0.9475 0.9698 0.9406 0.8369 0.8857
15 18 0.8324 0.7536 0.7746 0.8170 0.8362 0.8085 0.7164 0.7570
15 19 0.7296 0.6605 0.6789 0.7160 0.7329 0.7089 0.6284 0.6642
15 20 1.0807 0.9783 1.0056 1.0607 1.0857 1.0524 0.9357 0.9899
15 21 1.1269 1.0201 1.0486 1.1059 1.1319 1.0939 0.9685 1.0233
15 22 0.9156 0.8289 0.8520 0.8986 0.9197 0.8885 0.7863 0.8306
15 23 1.0581 0.9577 0.9846 1.0387 1.0634 1.0317 0.9182 0.9717
15 24 0.7605 0.6884 0.7076 0.7464 0.7641 0.7412 0.6596 0.6981
15 25 0.9500 0.8600 0.8840 0.9324 0.9543 0.9249 0.8222 0.8698
15 26 0.9595 0.8672 0.8923 0.9443 0.9686 0.9409 0.8380 0.8878
15 27 1.1313 1.0241 1.0527 1.1103 1.1364 1.0987 0.9733 1.0285
15 28 1.1752 1.0639 1.0936 1.1535 1.1807 1.1450 1.0187 1.0779
15 29 0.9902 0.8964 0.9214 0.9718 0.9947 0.9642 0.8573 0.9070
15 30 0.8725 0.7894 0.8117 0.8571 0.8778 0.8519 0.7583 0.8028
15 31 1.0472 0.9480 0.9745 1.0278 1.0519 1.0169 0.9008 0.9519
15 32 1.0844 0.9816 1.0091 1.0643 1.0893 1.0533 0.9333 0.9863
15 33 0.8740 0.7912 0.8133 0.8578 0.8780 0.8516 0.7578 0.8019
15 34 1.1117 1.0064 1.0345 1.0911 1.1167 1.0799 0.9571 1.0115
15 35 1.0681 0.9669 0.9939 1.0483 1.0730 1.0403 0.9253 0.9789
15 36 0.8445 0.7645 0.7859 0.8289 0.8484 0.8229 0.7322 0.7748
15 37 0.9178 0.8309 0.8541 0.9008 0.9220 0.8941 0.7954 0.8416
15 38 0.8731 0.7904 0.8125 0.8570 0.8771 0.8504 0.7564 0.8002
15 39 1.0201 0.9234 0.9492 1.0012 1.0247 0.9906 0.8775 0.9272
15 40 1.1331 1.0258 1.0544 1.1121 1.1383 1.1028 0.9798 1.0363
15 41 1.1163 1.0106 1.0388 1.0957 1.1214 1.0862 0.9648 1.0203
15 42 0.8596 0.7782 0.7999 0.8437 0.8636 0.8376 0.7453 0.7887
15 43 1.1251 1.0185 1.0470 1.1042 1.1302 1.0921 0.9669 1.0215
15 44 0.9686 0.8769 0.9014 0.9507 0.9730 0.9395 0.8309 0.8776
15 45 0.9611 0.8701 0.8944 0.9433 0.9655 0.9356 0.8314 0.8794
15 46 1.1366 1.0289 1.0577 1.1155 1.1418 1.1058 0.9821 1.0386
15 47 1.1429 1.0347 1.0636 1.1217 1.1481 1.1111 0.9857 1.0421
15 48 0.9465 0.8568 0.8808 0.9290 0.9508 0.9201 0.8161 0.8627
15 49 0.7779 0.7042 0.7239 0.7635 0.7815 0.7571 0.6728 0.7116
15 50 1.1261 1.0194 1.0479 1.1053 1.1313 1.0972 0.9763 1.0330
15 51 0.9595 0.8687 0.8929 0.9418 0.9639 0.9337 0.8293 0.8770
15 52 0.9280 0.8402 0.8636 0.9109 0.9322 0.8990 0.7937 0.8378
15 53 0.9286 0.8406 0.8641 0.9114 0.9328 0.9032 0.8019 0.8479
15 54 1.0907 0.9875 1.0150 1.0706 1.0957 1.0601 0.9402 0.9938
15 55 1.0794 0.9772 1.0045 1.0594 1.0843 1.0385 0.9082 0.9560
15 56 0.8861 0.8022 0.8246 0.8697 0.8902 0.8622 0.7658 0.8098
15 57 1.0737 0.9721 0.9992 1.0539 1.0786 1.0361 0.9097 0.9588
15 58 0.8642 0.7824 0.8043 0.8483 0.8682 0.8407 0.7465 0.7893
15 59 0.7563 0.6845 0.7037 0.7425 0.7601 0.7373 0.6562 0.6943
15 60 1.2343 1.1174 1.1486 1.2114 1.2399 1.1996 1.0639 1.1244
15 61 0.9394 0.8505 0.8742 0.9221 0.9437 0.9144 0.8125 0.8593
15 62 1.0266 0.9290 0.9552 1.0083 1.0325 1.0017 0.8915 0.9434
15 63 1.0047 0.9096 0.9350 0.9862 1.0093 0.9779 0.8690 0.9190
15 64 1.0271 0.9299 0.9558 1.0081 1.0318 0.9987 0.8862 0.9368
15 65 0.9851 0.8913 0.9165 0.9679 0.9915 0.9621 0.8564 0.9064
15 66 1.0564 0.9557 0.9829 1.0382 1.0637 1.0323 0.9189 0.9726
15 67 1.3446 1.2171 1.2512 1.3200 1.3513 1.3107 1.1664 1.2342
15 68 1.0483 0.9477 0.9751 1.0316 1.0580 1.0274 0.9149 0.9689
15 69 1.0363 0.9381 0.9644 1.0171 1.0410 1.0052 0.8891 0.9391
15 70 1.1097 1.0046 1.0327 1.0892 1.1148 1.0759 0.9510 1.0043
15 71 1.0586 0.9579 0.9850 1.0397 1.0647 1.0330 0.9194 0.9729
15 72 1.1785 1.0669 1.0967 1.1567 1.1838 1.1390 1.0023 1.0570
15 73 1.2001 1.0864 1.1168 1.1779 1.2055 1.1620 1.0252 1.0820
15 74 1.1203 1.0142 1.0426 1.0996 1.1255 1.0907 0.9694 1.0253
15 75 0.9502 0.8602 0.8842 0.9326 0.9545 0.9249 0.8218 0.8691
15 76 1.3433 1.2156 1.2499 1.3195 1.3513 1.3110 1.1668 1.2348
15 77 0.8836 0.8000 0.8223 0.8673 0.8877 0.8602 0.7644 0.8084
15 78 0.8269 0.7486 0.7696 0.8117 0.8307 0.8049 0.7151 0.7563
15 79 0.9591 0.8683 0.8926 0.9414 0.9636 0.9337 0.8298 0.8775
15 80 1.1179 1.0119 1.0403 1.0975 1.1235 1.0898 0.9698 1.0261
15 81 1.0859 0.9830 1.0105 1.0658 1.0909 1.0580 0.9414 0.9960
15 82 1.2041 1.0897 1.1204 1.1825 1.2109 1.1747 1.0455 1.1063
15 83 1.1946 1.0815 1.1118 1.1726 1.2001 1.1606 1.0287 1.0871
15 84 1.0556 0.9557 0.9824 1.0361 1.0604 1.0261 0.9102 0.9621
15 85 1.2360 1.1190 1.1503 1.2132 1.2416 1.1970 1.0562 1.1148
15 86 1.0609 0.9602 0.9872 1.0417 1.0665 1.0345 0.9206 0.9741
15 87 1.1212 1.0148 1.0434 1.1009 1.1271 1.0933 0.9730 1.0295
15 88 1.0977 0.9937 1.0215 1.0774 1.1027 1.0532 0.9172 0.9645
15 89 1.0500 0.9505 0.9771 1.0306 1.0548 1.0229 0.9101 0.9628
15 90 0.9639 0.8727 0.8971 0.9461 0.9683 0.9371 0.8314 0.8788
15 91 1.0946 0.9904 1.0185 1.0754 1.1014 1.0687 0.9511 1.0066
15 92 1.0914 0.9880 1.0156 1.0712 1.0964 1.0625 0.9444 0.9988
15 93 1.0148 0.9185 0.9443 0.9964 1.0201 0.9896 0.8806 0.9318
15 94 1.0725 0.9710 0.9981 1.0527 1.0775 1.0437 0.9271 0.9803
15 95 1.0049 0.9083 0.9347 0.9890 1.0144 0.9851 0.8772 0.9289
15 96 0.8418 0.7613 0.7831 0.8278 0.8484 0.8236 0.7332 0.7762
15 97 1.0254 0.9283 0.9543 1.0065 1.0302 0.9984 0.8875 0.9386
15 98 1.1694 1.0587 1.0883 1.1478 1.1748 1.1279 0.9896 1.0429
15 99 1.1148 1.0087 1.0373 1.0953 1.1219 1.0885 0.9688 1.0253
15 100 0.9815 0.8885 0.9134 0.9635 0.9862 0.9566 0.8512 0.9005
15 101 1.2667 1.1468 1.1788 1.2433 1.2725 1.1675 0.9654 0.9953
15 102 0.9053 0.8190 0.8423 0.8898 0.9117 0.8847 0.7875 0.8334
15 103 0.9694 0.8770 0.9019 0.9528 0.9762 0.9473 0.8432 0.8923
15 104 1.0557 0.9553 0.9823 1.0371 1.0621 1.0305 0.9171 0.9704
15 105 0.9932 0.8985 0.9240 0.9760 0.9999 0.9703 0.8636 0.9139
15 106 1.0132 0.9169 0.9428 0.9952 1.0192 0.9888 0.8800 0.9311
15 107 1.1222 1.0152 1.0441 1.1028 1.1298 1.0963 0.9758 1.0326
15 108 1.0641 0.9634 0.9903 1.0445 1.0690 1.0337 0.9161 0.9680
15 109 0.9276 0.8398 0.8633 0.9106 0.9320 0.9039 0.8043 0.8508
15 110 1.0944 0.9902 1.0183 1.0753 1.1013 1.0686 0.9511 1.0064
15 111 0.9968 0.9017 0.9274 0.9798 1.0039 0.9742 0.8672 0.9178
15 112 1.0542 0.9534 0.9807 1.0365 1.0623 1.0311 0.9179 0.9715
15 113 1.0134 0.9170 0.9430 0.9955 1.0195 0.9891 0.8802 0.9314
15 114 1.1501 1.0404 1.0700 1.1304 1.1582 1.1240 1.0004 1.0588
15 115 1.0856 0.9819 1.0100 1.0675 1.0940 1.0619 0.9453 1.0006
15 116 1.1028 0.9973 1.0260 1.0845 1.1115 1.0789 0.9605 1.0167
15 117 0.9887 0.8946 0.9199 0.9715 0.9951 0.9656 0.8594 0.9095
15 118 0.9771 0.8846 0.9094 0.9591 0.9817 0.9512 0.8453 0.8940
15 119 1.1329 1.0255 1.0543 1.1124 1.1388 1.1047 0.9830 1.0400
15 120 1.1779 1.0664 1.0962 1.1562 1.1833 1.1432 1.0118 1.0687
15 121 1.0385 0.9399 0.9663 1.0199 1.0443 1.0130 0.9015 0.9539
15 122 1.1019 0.9976 1.0255 1.0816 1.1070 1.0671 0.9415 0.9936
15 123 1.0114 0.9156 0.9412 0.9928 1.0161 0.9852 0.8763 0.9269
15 124 1.1170 1.0112 1.0395 1.0964 1.1222 1.0831 0.9573 1.0108
15 125 1.0257 0.9280 0.9543 1.0079 1.0325 1.0019 0.8918 0.9438
16 0 1.1613 1.0509 1.0801 1.1396 1.1669 1.1320 1.0070 1.0657
16 1 1.2597 1.1388 1.1713 1.2387 1.2703 1.2339 1.0987 1.1643
16 2 1.0335 0.9354 0.9613 1.0141 1.0381 1.0059 0.8937 0.9452
16 3 0.9662 0.8745 0.8988 0.9480 0.9705 0.9407 0.8361 0.8845
16 4 1.2716 1.1497 1.1825 1.2502 1.2819 1.2449 1.1086 1.1745
16 5 1.1062 1.0009 1.0291 1.0864 1.1128 1.0800 0.9613 1.0179
16 6 1.1048 1.0000 1.0279 1.0841 1.1097 1.0728 0.9504 1.0040
16 7 1.0586 0.9570 0.9845 1.0412 1.0677 1.0370 0.9236 0.9785
16 8 1.1095 1.0041 1.0322 1.0893 1.1154 1.0822 0.9632 1.0196
16 9 1.2120 1.0963 1.1274 1.1912 1.2207 1.1851 1.0552 1.1176
16 10 0.8197 0.7419 0.7627 0.8047 0.8239 0.7994 0.7115 0.7531
16 11 1.2740 1.1532 1.1854 1.2503 1.2797 1.2388 1.0992 1.1621
16 12 1.1554 1.0454 1.0749 1.1349 1.1625 1.1282 1.0043 1.0634
16 13 0.7055 0.6386 0.6564 0.6924 0.7087 0.6853 0.6073 0.6418
16 14 1.1642 1.0532 1.0830 1.1439 1.1720 1.1376 1.0128 1.0725
16 15 1.1562 1.0463 1.0757 1.1354 1.1628 1.1284 1.0044 1.0633
16 17 1.1742 1.0627 1.0925 1.1529 1.1804 1.1453 1.0194 1.0791
16 18 0.9421 0.8528 0.8766 0.9246 0.9464 0.9155 0.8117 0.8580
16 19 1.2548 1.1359 1.1676 1.2315 1.2605 1.2199 1.0821 1.1440
16 20 1.3237 1.1982 1.2317 1.2992 1.3298 1.2897 1.1475 1.2143
16 21 1.3405 1.2135 1.2474 1.3157 1.3466 1.3020 1.1536 1.2191
16 22 1.1464 1.0378 1.0668 1.1251 1.1516 1.1131 0.9857 1.0414
16 23 1.2408 1.1227 1.1544 1.2188 1.2483 1.2114 1.0784 1.1416
16 24 1.1991 1.0851 1.1156 1.1776 1.2060 1.1703 1.0417 1.1027
16 25 1.1267 1.0200 1.0484 1.1059 1.1319 1.0976 0.9764 1.0331
16 26 1.1987 1.0831 1.1147 1.1804 1.2114 1.1771 1.0486 1.1113
16 27 0.9427 0.8534 0.8773 0.9253 0.9471 0.9161 0.8121 0.8584
16 28 1.0702 0.9687 0.9958 1.0507 1.0758 1.0437 0.9290 0.9832
16 29 1.1595 1.0497 1.0790 1.1381 1.1650 1.1298 1.0053 1.0638
16 30 1.1318 1.0237 1.0529 1.1124 1.1399 1.1066 0.9853 1.0433
16 31 1.2659 1.1460 1.1780 1.2425 1.2717 1.2300 1.0903 1.1524
16 32 1.0079 0.9124 0.9379 0.9893 1.0125 0.9796 0.8686 0.9181
16 33 1.0740 0.9720 0.9993 1.0547 1.0800 1.0479 0.9327 0.9873
16 34 0.9628 0.8716 0.8960 0.9450 0.9672 0.9359 0.8300 0.8774
16 35 1.2457 1.1277 1.1592 1.2228 1.2517 1.2142 1.0806 1.1436
16 36 1.1294 1.0221 1.0509 1.1091 1.1356 1.1019 0.9808 1.0381
16 37 1.1193 1.0131 1.0415 1.0989 1.1251 1.0915 0.9715 1.0282
16 38 1.1681 1.0574 1.0870 1.1466 1.1736 1.1385 1.0132 1.0723
16 39 1.1996 1.0860 1.1163 1.1774 1.2051 1.1656 1.0332 1.0921
16 40 1.0025 0.9075 0.9329 0.9840 1.0071 0.9763 0.8680 0.9183
16 41 1.3211 1.1960 1.2294 1.2967 1.3272 1.2862 1.1432 1.2094
16 42 1.1287 1.0215 1.0502 1.1084 1.1350 1.1012 0.9802 1.0375
16 43 0.9598 0.8689 0.8931 0.9420 0.9642 0.9322 0.8259 0.8728
16 44 1.1549 1.0455 1.0747 1.1335 1.1602 1.1208 0.9920 1.0480
16 45 1.0943 0.9907 1.0183 1.0741 1.0994 1.0659 0.9479 1.0029
16 46 1.3206 1.1955 1.2289 1.2962 1.3267 1.2856 1.1426 1.2087
16 47 1.1149 1.0093 1.0375 1.0943 1.1200 1.0845 0.9628 1.0181
16 48 1.0481 0.9488 0.9753 1.0287 1.0529 1.0194 0.9049 0.9569
16 49 1.0540 0.9541 0.9808 1.0345 1.0588 1.0264 0.9127 0.9656
16 50 1.3166 1.1916 1.2251 1.2929 1.3238 1.2844 1.1432 1.2099
16 51 1.2185 1.1031 1.1339 1.1960 1.2242 1.1864 1.0545 1.1155
16 52 1.1141 1.0086 1.0367 1.0935 1.1192 1.0798 0.9540 1.0074
16 53 1.1104 1.0052 1.0333 1.0899 1.1155 1.0807 0.9602 1.0156
16 54 0.9665 0.8750 0.8994 0.9487 0.9710 0.9399 0.8342 0.8820
16 55 0.9456 0.8561 0.8800 0.9282 0.9500 0.9104 0.7966 0.8388
16 56 1.1226 1.0163 1.0447 1.1019 1.1278 1.0929 0.9714 1.0275
16 57 0.9335 0.8451 0.8687 0.9162 0.9378 0.9013 0.7919 0.8348
16 58 0.9645 0.8731 0.8975 0.9467 0.9689 0.9388 0.8342 0.8823
16 59 1.1700 1.0587 1.0886 1.1494 1.1772 1.1423 1.0168 1.0762
16 60 1.2757 1.1549 1.1872 1.2522 1.2816 1.2406 1.1010 1.1641
16 61 1.1026 0.9982 1.0261 1.0823 1.1077 1.0739 0.9549 1.0102
16 62 1.3271 1.2006 1.2347 1.3042 1.3361 1.2967 1.1543 1.2219
16 63 1.1493 1.0404 1.0695 1.1280 1.1546 1.1193 0.9953 1.0529
16 64 1.2188 1.1034 1.1343 1.1963 1.2245 1.1858 1.0530 1.1135
16 65 1.0729 0.9704 0.9982 1.0548 1.0810 1.0493 0.9342 0.9891
16 66 1.0076 0.9112 0.9374 0.9908 1.0156 0.9859 0.8778 0.9295
16 67 1.4663 1.3269 1.3644 1.4404 1.4752 1.4314 1.2741 1.3485
16 68 1.0314 0.9320 0.9593 1.0156 1.0420 1.0123 0.9016 0.9552
16 69 1.1954 1.0822 1.1124 1.1733 1.2009 1.1603 1.0270 1.0850
16 70 1.2084 1.0939 1.1245 1.1861 1.2139 1.1723 1.0369 1.0953
16 71 1.2804 1.1583 1.1913 1.2584 1.2892 1.2513 1.1139 1.1792
16 72 1.1444 1.0360 1.0650 1.1233 1.1497 1.1067 0.9745 1.0281
16 73 1.1832 1.0711 1.1011 1.1613 1.1886 1.1463 1.0121 1.0685
16 74 1.2721 1.1517 1.1839 1.2487 1.2781 1.2392 1.1022 1.1661
16 75 1.2057 1.0915 1.1220 1.1835 1.2113 1.1743 1.0442 1.1046
16 76 1.4532 1.3146 1.3520 1.4283 1.4634 1.4203 1.2643 1.3384
16 77 1.3264 1.2008 1.2344 1.3020 1.3326 1.2919 1.1489 1.2154
16 78 0.9970 0.9026 0.9278 0.9786 1.0017 0.9710 0.8634 0.9133
16 79 1.2044 1.0904 1.1209 1.1822 1.2100 1.1731 1.0433 1.1037
16 80 1.3773 1.2462 1.2815 1.3530 1.3857 1.3445 1.1967 1.2666
16 81 1.3315 1.2050 1.2390 1.3076 1.3390 1.2991 1.1562 1.2236
16 82 1.4001 1.2667 1.3027 1.3759 1.4096 1.3680 1.2177 1.2890
16 83 1.3243 1.1989 1.2325 1.2999 1.3305 1.2874 1.1419 1.2071
16 84 1.0158 0.9196 0.9453 0.9971 1.0205 0.9880 0.8770 0.9273
16 85 1.2663 1.1464 1.1784 1.2429 1.2721 1.2270 1.0835 1.1439
16 86 1.3028 1.1788 1.2122 1.2800 1.3111 1.2722 1.1324 1.1986
16 87 1.0858 0.9824 1.0102 1.0667 1.0926 1.0602 0.9437 0.9989
16 88 1.0062 0.9110 0.9364 0.9877 1.0109 0.9660 0.8419 0.8856
16 89 1.3246 1.1988 1.2326 1.3008 1.3319 1.2922 1.1500 1.2170
16 90 1.2133 1.0984 1.1292 1.1910 1.2190 1.1803 1.0479 1.1080
16 91 1.3375 1.2098 1.2444 1.3148 1.3473 1.3077 1.1642 1.2324
16 92 1.3056 1.1819 1.2150 1.2815 1.3117 1.2718 1.1313 1.1968
16 93 1.2874 1.1648 1.1978 1.2648 1.2955 1.2571 1.1190 1.1844
16 94 1.0334 0.9356 0.9617 1.0144 1.0382 1.0062 0.8945 0.9461
16 95 1.2331 1.1142 1.1468 1.2143 1.2461 1.2105 1.0781 1.1421
16 96 1.2277 1.1099 1.1420 1.2079 1.2386 1.2028 1.0710 1.1342
16 97 1.2835 1.1620 1.1945 1.2599 1.2895 1.2504 1.1123 1.1768
16 98 1.0385 0.9402 0.9665 1.0194 1.0433 1.0022 0.8800 0.9276
16 99 1.3465 1.2180 1.2528 1.3238 1.3565 1.3167 1.1722 1.2409
16 100 1.2231 1.1069 1.1381 1.2014 1.2303 1.1937 1.0624 1.1244
16 101 1.2442 1.1264 1.1579 1.2212 1.2500 1.1468 0.9484 0.9777
16 102 1.2078 1.0922 1.1235 1.1878 1.2176 1.1820 1.0523 1.1140
16 103 1.2074 1.0919 1.1232 1.1874 1.2171 1.1815 1.0519 1.1136
16 104 1.2345 1.1167 1.1486 1.2135 1.2434 1.2067 1.0742 1.1370
16 105 1.2454 1.1263 1.1586 1.2247 1.2552 1.2185 1.0847 1.1483
16 106 1.2532 1.1337 1.1659 1.2317 1.2619 1.2247 1.0902 1.1539
16 107 1.3480 1.2191 1.2541 1.3255 1.3586 1.3188 1.1741 1.2429
16 108 1.1208 1.0147 1.0431 1.1002 1.1261 1.0895 0.9662 1.0213
16 109 1.1288 1.0215 1.0504 1.1087 1.1354 1.1015 0.9803 1.0374
16 110 1.3145 1.1890 1.2230 1.2923 1.3243 1.2854 1.1442 1.2112
16 111 1.3120 1.1864 1.2205 1.2904 1.3227 1.2841 1.1433 1.2104
16 112 1.2756 1.1533 1.1866 1.2550 1.2868 1.2494 1.1125 1.1779
16 113 1.2389 1.1208 1.1527 1.2178 1.2477 1.2109 1.0779 1.1410
16 114 1.3591 1.2290 1.2643 1.3366 1.3701 1.3301 1.1842 1.2538
16 115 1.2066 1.0909 1.1224 1.1871 1.2172 1.1819 1.0524 1.1143
16 116 1.3474 1.2182 1.2534 1.3258 1.3595 1.3201 1.1755 1.2447
16 117 1.1790 1.0664 1.0968 1.1591 1.1879 1.1530 1.0265 1.0867
16 118 1.1749 1.0637 1.0934 1.1533 1.1805 1.1445 1.0178 1.0767
16 119 1.3238 1.1978 1.2317 1.3006 1.3321 1.2926 1.1505 1.2177
16 120 1.1245 1.0180 1.0465 1.1038 1.1298 1.0920 0.9672 1.0219
16 121 1.3018 1.1778 1.2112 1.2792 1.3104 1.2717 1.1320 1.1981
16 122 1.0455 0.9465 0.9730 1.0263 1.0504 1.0131 0.8945 0.9443
16 123 1.2648 1.1449 1.1770 1.2418 1.2713 1.2332 1.0974 1.1612
16 124 1.0636 0.9629 0.9898 1.0440 1.0686 1.0320 0.9128 0.9641
16 125 1.2840 1.1613 1.1945 1.2625 1.2940 1.2561 1.1182 1.1838
17 0 1.0275 0.9298 0.9556 1.0083 1.0324 1.0012 0.8903 0.9421
17 1 1.0679 0.9656 0.9931 1.0498 1.0763 1.0453 0.9307 0.9861
17 2 0.9508 0.8605 0.8844 0.9329 0.9550 0.9251 0.8216 0.8689
17 3 0.9980 0.9033 0.9284 0.9793 1.0024 0.9714 0.8631 0.9129
17 4 0.9096 0.8226 0.8460 0.8941 0.9165 0.8899 0.7924 0.8394
17 5 0.9185 0.8312 0.8545 0.9017 0.9234 0.8960 0.7975 0.8443
17 6 0.9437 0.8542 0.8780 0.9260 0.9478 0.9161 0.8112 0.8569
17 7 1.1481 1.0382 1.0678 1.1289 1.1574 1.1239 1.0009 1.0603
17 8 0.8582 0.7768 0.7984 0.8422 0.8622 0.8364 0.7444 0.7879
17 9 1.1170 1.0106 1.0391 1.0975 1.1244 1.0914 0.9717 1.0290
17 10 0.9700 0.8780 0.9025 0.9520 0.9745 0.9453 0.8412 0.8903
17 11 1.1074 1.0024 1.0304 1.0868 1.1124 1.0764 0.9548 1.0093
17 12 0.8651 0.7829 0.8049 0.8495 0.8699 0.8441 0.7513 0.7954
17 13 0.9430 0.8536 0.8774 0.9254 0.9472 0.9157 0.8112 0.8571
17 14 0.9608 0.8693 0.8939 0.9437 0.9667 0.9381 0.8352 0.8842
17 15 1.0195 0.9228 0.9486 1.0009 1.0247 0.9942 0.8849 0.9367
17 16 1.1561 1.0466 1.0758 1.1347 1.1615 1.1264 1.0021 1.0605
17 18 0.7170 0.6491 0.6672 0.7037 0.7202 0.6965 0.6173 0.6524
17 19 0.9957 0.9014 0.9265 0.9772 1.0002 0.9677 0.8581 0.9070
17 20 1.0610 0.9605 0.9873 1.0414 1.0659 1.0335 0.9191 0.9725
17 21 1.2044 1.0903 1.1207 1.1820 1.2098 1.1694 1.0357 1.0943
17 22 1.0093 0.9137 0.9392 0.9906 1.0139 0.9797 0.8672 0.9161
17 23 0.9699 0.8778 0.9025 0.9524 0.9753 0.9462 0.8422 0.8915
17 24 1.1463 1.0375 1.0666 1.1254 1.1522 1.1178 0.9949 1.0530
17 25 0.5799 0.5250 0.5396 0.5692 0.5826 0.5648 0.5022 0.5313
17 26 1.1372 1.0278 1.0576 1.1195 1.1486 1.1159 0.9940 1.0532
17 27 1.1412 1.0331 1.0620 1.1201 1.1464 1.1086 0.9824 1.0382
17 28 1.2021 1.0883 1.1187 1.1799 1.2078 1.1715 1.0426 1.1033
17 29 0.7744 0.7010 0.7206 0.7601 0.7780 0.7543 0.6709 0.7098
17 30 1.0566 0.9559 0.9830 1.0382 1.0636 1.0323 0.9190 0.9730
17 31 1.1361 1.0285 1.0572 1.1151 1.1413 1.1035 0.9778 1.0333
17 32 1.1334 1.0261 1.0548 1.1125 1.1386 1.1012 0.9760 1.0316
17 33 0.8263 0.7479 0.7689 0.8112 0.8304 0.8056 0.7170 0.7588
17 34 1.1132 1.0078 1.0360 1.0926 1.1183 1.0817 0.9590 1.0136
17 35 0.9850 0.8917 0.9166 0.9668 0.9896 0.9597 0.8538 0.9034
17 36 1.0503 0.9508 0.9774 1.0311 1.0555 1.0239 0.9113 0.9644
17 37 1.0507 0.9511 0.9777 1.0313 1.0556 1.0238 0.9111 0.9641
17 38 0.8658 0.7838 0.8057 0.8498 0.8698 0.8435 0.7504 0.7940
17 39 1.0943 0.9907 1.0184 1.0741 1.0993 1.0629 0.9418 0.9953
17 40 1.0882 0.9851 1.0127 1.0681 1.0932 1.0594 0.9415 0.9959
17 41 1.1915 1.0786 1.1088 1.1694 1.1969 1.1596 1.0303 1.0897
17 42 1.0516 0.9519 0.9785 1.0323 1.0568 1.0252 0.9124 0.9656
17 43 1.1327 1.0255 1.0541 1.1118 1.1379 1.0998 0.9740 1.0291
17 44 1.0499 0.9504 0.9770 1.0304 1.0546 1.0186 0.9011 0.9518
17 45 0.8051 0.7289 0.7492 0.7903 0.8088 0.7839 0.6969 0.7372
17 46 1.2012 1.0875 1.1179 1.1790 1.2067 1.1690 1.0385 1.0984
17 47 1.1850 1.0728 1.1028 1.1631 1.1904 1.1523 1.0226 1.0812
17 48 0.7882 0.7136 0.7335 0.7736 0.7918 0.7664 0.6800 0.7189
17 49 0.9678 0.8761 0.9006 0.9499 0.9723 0.9422 0.8375 0.8859
17 50 1.0780 0.9758 1.0031 1.0582 1.0832 1.0507 0.9351 0.9896
17 51 0.8810 0.7976 0.8199 0.8648 0.8851 0.8575 0.7619 0.8058
17 52 1.0119 0.9160 0.9417 0.9932 1.0165 0.9805 0.8658 0.9141
17 53 0.8666 0.7845 0.8065 0.8506 0.8706 0.8432 0.7488 0.7919
17 54 1.0359 0.9378 0.9640 1.0168 1.0407 1.0071 0.8934 0.9445
17 55 1.0746 0.9728 1.0000 1.0547 1.0795 1.0341 0.9045 0.9522
17 56 0.8830 0.7994 0.8217 0.8667 0.8871 0.8594 0.7635 0.8075
17 57 1.0680 0.9669 0.9939 1.0483 1.0729 1.0308 0.9053 0.9542
17 58 0.7082 0.6411 0.6590 0.6951 0.7114 0.6891 0.6120 0.6472
17 59 1.0724 0.9706 0.9979 1.0532 1.0784 1.0462 0.9311 0.9854
17 60 1.2766 1.1557 1.1880 1.2530 1.2824 1.2410 1.1009 1.1638
17 61 0.7552 0.6837 0.7028 0.7413 0.7587 0.7353 0.6536 0.6913
17 62 0.9438 0.8540 0.8781 0.9272 0.9496 0.9214 0.8201 0.8680
17 63 0.9469 0.8573 0.8812 0.9295 0.9513 0.9219 0.8195 0.8667
17 64 0.9686 0.8769 0.9014 0.9507 0.9731 0.9421 0.8362 0.8841
17 65 0.8648 0.7823 0.8045 0.8499 0.8707 0.8451 0.7523 0.7963
17 66 1.0020 0.9063 0.9322 0.9849 1.0093 0.9796 0.8721 0.9233
17 67 1.3613 1.2320 1.2667 1.3368 1.3687 1.3278 1.1817 1.2505
17 68 0.8230 0.7439 0.7655 0.8101 0.8310 0.8071 0.7188 0.7614
17 69 1.1003 0.9961 1.0239 1.0799 1.1053 1.0676 0.9445 0.9977
17 70 1.2299 1.1135 1.1446 1.2072 1.2356 1.1928 1.0546 1.1138
17 71 1.0454 0.9459 0.9727 1.0271 1.0520 1.0208 0.9086 0.9617
17 72 1.1962 1.0829 1.1132 1.1741 1.2016 1.1563 1.0178 1.0735
17 73 1.2270 1.1109 1.1419 1.2044 1.2327 1.1884 1.0488 1.1070
17 74 0.9756 0.8832 0.9079 0.9576 0.9801 0.9500 0.8447 0.8935
17 75 0.8634 0.7816 0.8035 0.8475 0.8674 0.8406 0.7472 0.7903
17 76 1.3579 1.2286 1.2634 1.3341 1.3665 1.3260 1.1803 1.2492
17 77 1.2497 1.1314 1.1630 1.2267 1.2555 1.2168 1.0817 1.1441
17 78 0.8022 0.7263 0.7466 0.7874 0.8059 0.7810 0.6942 0.7342
17 79 0.8336 0.7547 0.7758 0.8182 0.8374 0.8116 0.7215 0.7632
17 80 1.1128 1.0072 1.0355 1.0928 1.1189 1.0855 0.9661 1.0223
17 81 1.0616 0.9610 0.9879 1.0423 1.0670 1.0350 0.9211 0.9746
17 82 1.1924 1.0790 1.1095 1.1714 1.1997 1.1640 1.0361 1.0965
17 83 1.2337 1.1169 1.1481 1.2109 1.2394 1.1989 1.0629 1.1235
17 84 1.0741 0.9724 0.9995 1.0542 1.0790 1.0443 0.9266 0.9795
17 85 1.2709 1.1506 1.1827 1.2474 1.2767 1.2310 1.0866 1.1470
17 86 1.0225 0.9253 0.9514 1.0043 1.0283 0.9977 0.8880 0.9397
17 87 1.1340 1.0263 1.0552 1.1138 1.1405 1.1065 0.9848 1.0421
17 88 1.0973 0.9934 1.0211 1.0770 1.1023 1.0530 0.9174 0.9647
17 89 1.0880 0.9848 1.0124 1.0681 1.0933 1.0605 0.9437 0.9985
17 90 0.9901 0.8963 0.9214 0.9718 0.9946 0.9628 0.8544 0.9033
17 91 1.0780 0.9752 1.0030 1.0593 1.0852 1.0531 0.9374 0.9921
17 92 1.0749 0.9732 1.0004 1.0551 1.0799 1.0468 0.9307 0.9844
17 93 1.0643 0.9632 0.9903 1.0453 1.0704 1.0385 0.9242 0.9781
17 94 1.0901 0.9868 1.0144 1.0699 1.0951 1.0610 0.9428 0.9970
17 95 1.0633 0.9610 0.9890 1.0468 1.0739 1.0430 0.9289 0.9838
17 96 1.0555 0.9544 0.9819 1.0382 1.0643 1.0333 0.9200 0.9741
17 97 0.9772 0.8847 0.9094 0.9592 0.9818 0.9517 0.8462 0.8951
17 98 1.1205 1.0144 1.0427 1.0998 1.1256 1.0809 0.9487 0.9998
17 99 1.1107 1.0048 1.0334 1.0915 1.1182 1.0851 0.9659 1.0224
17 100 1.0186 0.9220 0.9479 1.0002 1.0239 0.9933 0.8840 0.9353
17 101 1.2570 1.1379 1.1698 1.2338 1.2628 1.1585 0.9579 0.9874
17 102 1.0577 0.9567 0.9840 1.0399 1.0656 1.0343 0.9207 0.9745
17 103 1.0227 0.9250 0.9515 1.0054 1.0303 1.0000 0.8902 0.9422
17 104 1.0207 0.9234 0.9497 1.0029 1.0273 0.9969 0.8873 0.9390
17 105 1.0596 0.9584 0.9858 1.0416 1.0673 1.0358 0.9220 0.9759
17 106 1.0691 0.9673 0.9948 1.0504 1.0759 1.0440 0.9292 0.9833
17 107 1.1224 1.0152 1.0442 1.1033 1.1305 1.0972 0.9766 1.0337
17 108 1.0410 0.9424 0.9688 1.0218 1.0458 1.0115 0.8967 0.9476
17 109 0.9921 0.8980 0.9232 0.9741 0.9973 0.9674 0.8608 0.9107
17 110 1.1125 1.0064 1.0350 1.0933 1.1200 1.0869 0.9674 1.0239
17 111 1.1534 1.0432 1.0731 1.1340 1.1621 1.1280 1.0041 1.0629
17 112 1.1102 1.0040 1.0328 1.0919 1.1193 1.0866 0.9674 1.0241
17 113 1.0709 0.9689 0.9964 1.0522 1.0778 1.0458 0.9308 0.9851
17 114 1.1902 1.0765 1.1073 1.1701 1.1991 1.1638 1.0361 1.0967
17 115 1.0709 0.9684 0.9962 1.0533 1.0797 1.0481 0.9331 0.9879
17 116 1.1818 1.0686 1.0994 1.1624 1.1917 1.1569 1.0300 1.0905
17 117 1.0103 0.9140 0.9400 0.9930 1.0173 0.9873 0.8788 0.9302
17 118 1.0267 0.9295 0.9555 1.0078 1.0315 0.9997 0.8887 0.9399
17 119 1.1357 1.0278 1.0568 1.1154 1.1422 1.1081 0.9861 1.0435
17 120 1.1456 1.0372 1.0662 1.1245 1.1510 1.1122 0.9846 1.0402
17 121 1.1379 1.0297 1.0588 1.1178 1.1447 1.1107 0.9885 1.0461
17 122 1.0725 0.9709 0.9981 1.0527 1.0775 1.0388 0.9168 0.9678
17 123 1.0988 0.9947 1.0225 1.0785 1.1039 1.0706 0.9525 1.0077
17 124 1.0883 0.9852 1.0128 1.0682 1.0933 1.0555 0.9332 0.9855
17 125 1.1436 1.0344 1.0639 1.1240 1.1517 1.1178 0.9950 1.0531
18 0 0.9111 0.8230 0.8469 0.8968 0.9203 0.8941 0.7961 0.8434
18 1 0.9256 0.8352 0.8601 0.9131 0.9387 0.9131 0.8137 0.8633
18 2 0.8510 0.7693 0.7913 0.8366 0.8577 0.8328 0.7413 0.7848
18 3 0.8700 0.7864 0.8090 0.8557 0.8775 0.8521 0.7587 0.8034
18 4 0.7940 0.7166 0.7380 0.7832 0.8051 0.7831 0.6980 0.7404
18 5 0.7150 0.6457 0.6647 0.7045 0.7234 0.7032 0.6265 0.6642
18 6 0.8593 0.7778 0.7995 0.8433 0.8633 0.8369 0.7441 0.7869
18 7 0.9296 0.8388 0.8640 0.9173 0.9431 0.9175 0.8179 0.8677
18 8 0.7594 0.6860 0.7060 0.7479 0.7678 0.7462 0.6648 0.7047
18 9 0.8904 0.8039 0.8277 0.8780 0.9021 0.8773 0.7819 0.8292
18 10 0.8534 0.7709 0.7935 0.8405 0.8628 0.8385 0.7470 0.7918
18 11 0.9613 0.8698 0.8943 0.9442 0.9672 0.9386 0.8355 0.8844
18 12 0.6394 0.5774 0.5945 0.6301 0.6471 0.6291 0.5606 0.5944
18 13 0.8509 0.7702 0.7917 0.8352 0.8551 0.8292 0.7376 0.7804
18 14 0.8527 0.7699 0.7927 0.8406 0.8635 0.8396 0.7483 0.7936
18 15 0.8671 0.7832 0.8062 0.8544 0.8773 0.8528 0.7599 0.8056
18 16 0.9702 0.8766 0.9022 0.9554 0.9806 0.9529 0.8489 0.8998
18 17 0.6724 0.6075 0.6253 0.6624 0.6801 0.6610 0.5890 0.6244
18 19 0.8926 0.8078 0.8305 0.8766 0.8978 0.8712 0.7755 0.8209
18 20 0.9131 0.8252 0.8491 0.8989 0.9224 0.8963 0.7984 0.8462
18 21 1.0478 0.9485 0.9750 1.0286 1.0531 1.0212 0.9082 0.9610
18 22 0.9138 0.8272 0.8503 0.8971 0.9184 0.8903 0.7914 0.8373
18 23 0.7810 0.7053 0.7262 0.7697 0.7905 0.7685 0.6848 0.7261
18 24 0.7861 0.7100 0.7309 0.7746 0.7954 0.7732 0.6890 0.7306
18 25 0.6654 0.6014 0.6188 0.6550 0.6720 0.6529 0.5817 0.6164
18 26 0.9460 0.8532 0.8792 0.9348 0.9620 0.9364 0.8351 0.8865
18 27 0.9986 0.9040 0.9293 0.9804 1.0038 0.9738 0.8666 0.9172
18 28 1.0221 0.9234 0.9505 1.0069 1.0337 1.0047 0.8952 0.9491
18 29 0.7459 0.6741 0.6937 0.7345 0.7537 0.7323 0.6525 0.6915
18 30 0.9237 0.8339 0.8588 0.9110 0.9361 0.9104 0.8115 0.8607
18 31 1.0062 0.9108 0.9363 0.9878 1.0114 0.9811 0.8730 0.9240
18 32 1.0151 0.9189 0.9445 0.9965 1.0203 0.9900 0.8812 0.9328
18 33 0.6875 0.6210 0.6393 0.6774 0.6955 0.6761 0.6025 0.6388
18 34 0.9967 0.9021 0.9274 0.9786 1.0021 0.9724 0.8656 0.9164
18 35 0.8926 0.8065 0.8301 0.8791 0.9023 0.8769 0.7813 0.8282
18 36 0.6386 0.5769 0.5938 0.6292 0.6461 0.6280 0.5596 0.5934
18 37 0.9353 0.8450 0.8698 0.9214 0.9459 0.9194 0.8192 0.8685
18 38 0.6629 0.5990 0.6165 0.6529 0.6701 0.6513 0.5803 0.6152
18 39 0.9945 0.9002 0.9254 0.9763 0.9996 0.9697 0.8629 0.9135
18 40 0.9651 0.8725 0.8977 0.9497 0.9741 0.9463 0.8430 0.8933
18 41 1.0358 0.9365 0.9635 1.0190 1.0449 1.0149 0.9040 0.9579
18 42 0.9211 0.8320 0.8565 0.9076 0.9319 0.9059 0.8073 0.8560
18 43 0.9995 0.9048 0.9301 0.9813 1.0047 0.9743 0.8666 0.9172
18 44 0.9613 0.8702 0.8945 0.9437 0.9663 0.9363 0.8319 0.8802
18 45 0.7240 0.6544 0.6733 0.7126 0.7310 0.7102 0.6326 0.6705
18 46 1.0516 0.9508 0.9782 1.0345 1.0608 1.0303 0.9177 0.9723
18 47 1.0571 0.9564 0.9835 1.0389 1.0646 1.0335 0.9203 0.9748
18 48 0.6539 0.5916 0.6084 0.6426 0.6584 0.6392 0.5691 0.6028
18 49 0.8789 0.7945 0.8174 0.8649 0.8872 0.8619 0.7678 0.8137
18 50 0.9543 0.8621 0.8874 0.9403 0.9654 0.9385 0.8363 0.8867
18 51 0.8359 0.7557 0.7775 0.8224 0.8434 0.8192 0.7297 0.7732
18 52 0.9342 0.8457 0.8693 0.9172 0.9391 0.9088 0.8060 0.8524
18 53 0.7277 0.6580 0.6769 0.7156 0.7337 0.7125 0.6346 0.6723
18 54 0.9451 0.8552 0.8794 0.9286 0.9514 0.9235 0.8222 0.8708
18 55 0.9826 0.8895 0.9143 0.9646 0.9877 0.9492 0.8338 0.8793
18 56 0.7431 0.6719 0.6913 0.7311 0.7498 0.7283 0.6487 0.6873
18 57 0.9767 0.8842 0.9089 0.9589 0.9818 0.9464 0.8348 0.8814
18 58 0.6821 0.6168 0.6345 0.6709 0.6879 0.6681 0.5950 0.6304
18 59 0.9700 0.8760 0.9019 0.9561 0.9820 0.9547 0.8508 0.9021
18 60 1.1014 0.9966 1.0248 1.0822 1.1087 1.0762 0.9582 1.0147
18 61 0.6551 0.5922 0.6093 0.6448 0.6615 0.6426 0.5725 0.6066
18 62 0.7970 0.7196 0.7410 0.7859 0.8073 0.7850 0.6997 0.7420
18 63 0.8244 0.7452 0.7668 0.8114 0.8324 0.8087 0.7204 0.7634
18 64 0.8443 0.7638 0.7855 0.8300 0.8507 0.8260 0.7355 0.7791
18 65 0.7482 0.6755 0.6956 0.7382 0.7586 0.7378 0.6576 0.6975
18 66 0.9214 0.8317 0.8566 0.9092 0.9345 0.9090 0.8103 0.8596
18 67 1.1655 1.0527 1.0838 1.1489 1.1799 1.1471 1.0222 1.0839
18 68 0.7115 0.6417 0.6613 0.7030 0.7234 0.7041 0.6279 0.6664
18 69 1.0063 0.9109 0.9364 0.9879 1.0116 0.9803 0.8711 0.9218
18 70 1.1252 1.0186 1.0471 1.1047 1.1311 1.0957 0.9730 1.0294
18 71 0.8064 0.7281 0.7498 0.7953 0.8170 0.7945 0.7081 0.7510
18 72 1.0784 0.9762 1.0035 1.0588 1.0841 1.0467 0.9254 0.9778
18 73 1.0849 0.9821 1.0096 1.0651 1.0906 1.0550 0.9351 0.9888
18 74 0.8450 0.7637 0.7860 0.8319 0.8536 0.8294 0.7389 0.7831
18 75 0.7840 0.7086 0.7292 0.7717 0.7916 0.7691 0.6851 0.7261
18 76 1.1752 1.0611 1.0927 1.1590 1.1908 1.1579 1.0321 1.0946
18 77 1.1280 1.0196 1.0492 1.1104 1.1392 1.1067 0.9859 1.0449
18 78 0.7070 0.6391 0.6576 0.6959 0.7138 0.6935 0.6178 0.6547
18 79 0.7579 0.6851 0.7049 0.7461 0.7655 0.7437 0.6625 0.7021
18 80 0.9179 0.8290 0.8535 0.9048 0.9292 0.9034 0.8051 0.8537
18 81 0.8260 0.7462 0.7681 0.8140 0.8359 0.8125 0.7241 0.7677
18 82 1.0377 0.9370 0.9649 1.0233 1.0512 1.0222 0.9111 0.9662
18 83 1.1093 1.0040 1.0322 1.0895 1.1158 1.0829 0.9641 1.0208
18 84 1.0106 0.9144 0.9403 0.9932 1.0177 0.9879 0.8797 0.9318
18 85 1.1242 1.0177 1.0461 1.1037 1.1301 1.0933 0.9693 1.0251
18 86 0.8687 0.7845 0.8078 0.8565 0.8797 0.8553 0.7623 0.8083
18 87 1.0463 0.9449 0.9728 1.0315 1.0594 1.0301 0.9180 0.9735
18 88 1.0100 0.9143 0.9399 0.9917 1.0154 0.9731 0.8513 0.8969
18 89 0.7909 0.7144 0.7355 0.7794 0.8002 0.7779 0.6932 0.7349
18 90 0.7654 0.6924 0.7121 0.7523 0.7710 0.7485 0.6666 0.7060
18 91 0.8382 0.7567 0.7793 0.8268 0.8496 0.8263 0.7365 0.7811
18 92 0.9225 0.8337 0.8580 0.9082 0.9319 0.9055 0.8067 0.8550
18 93 0.7885 0.7121 0.7332 0.7774 0.7985 0.7764 0.6919 0.7337
18 94 1.0176 0.9200 0.9465 1.0013 1.0270 0.9976 0.8887 0.9417
18 95 0.8080 0.7287 0.7510 0.7985 0.8217 0.7998 0.7133 0.7570
18 96 0.6752 0.6092 0.6276 0.6666 0.6855 0.6670 0.5947 0.6309
18 97 0.8589 0.7763 0.7988 0.8457 0.8678 0.8432 0.7513 0.7963
18 98 1.0272 0.9298 0.9559 1.0085 1.0326 0.9950 0.8771 0.9261
18 99 0.9317 0.8411 0.8662 0.9190 0.9444 0.9185 0.8187 0.8684
18 100 0.7916 0.7150 0.7361 0.7802 0.8013 0.7790 0.6942 0.7361
18 101 1.1244 1.0178 1.0463 1.1040 1.1304 1.0375 0.8581 0.8852
18 102 0.7468 0.6740 0.6943 0.7370 0.7576 0.7369 0.6569 0.6968
18 103 0.7727 0.6974 0.7184 0.7626 0.7839 0.7625 0.6797 0.7209
18 104 0.7882 0.7116 0.7329 0.7775 0.7989 0.7769 0.6924 0.7343
18 105 0.7836 0.7073 0.7285 0.7733 0.7948 0.7730 0.6891 0.7309
18 106 0.8044 0.7263 0.7479 0.7933 0.8151 0.7926 0.7064 0.7491
18 107 0.8848 0.7987 0.8226 0.8731 0.8974 0.8729 0.7781 0.8253
18 108 0.9294 0.8412 0.8648 0.9127 0.9348 0.9071 0.8076 0.8550
18 109 0.8067 0.7287 0.7502 0.7951 0.8165 0.7938 0.7073 0.7499
18 110 0.9528 0.8601 0.8858 0.9399 0.9659 0.9394 0.8373 0.8880
18 111 0.8097 0.7308 0.7528 0.7991 0.8215 0.7991 0.7124 0.7556
18 112 0.8422 0.7600 0.7829 0.8315 0.8550 0.8318 0.7416 0.7867
18 113 0.8177 0.7382 0.7602 0.8065 0.8287 0.8058 0.7182 0.7617
18 114 1.0161 0.9171 0.9446 1.0028 1.0309 1.0028 0.8939 0.9482
18 115 0.9263 0.8358 0.8610 0.9145 0.9404 0.9149 0.8157 0.8654
18 116 0.8956 0.8081 0.8325 0.8843 0.9094 0.8848 0.7888 0.8369
18 117 0.8217 0.7417 0.7639 0.8106 0.8331 0.8103 0.7223 0.7661
18 118 0.8232 0.7441 0.7657 0.8105 0.8316 0.8080 0.7198 0.7629
18 119 0.9751 0.8807 0.9067 0.9614 0.9875 0.9601 0.8557 0.9073
18 120 1.0977 0.9937 1.0216 1.0779 1.1038 1.0702 0.9517 1.0073
18 121 0.8527 0.7700 0.7929 0.8409 0.8638 0.8400 0.7486 0.7939
18 122 1.0365 0.9383 0.9646 1.0178 1.0422 1.0082 0.8938 0.9452
18 123 0.9695 0.8759 0.9016 0.9552 0.9806 0.9531 0.8493 0.9003
18 124 1.0513 0.9517 0.9783 1.0323 1.0570 1.0239 0.9093 0.9621
18 125 0.8564 0.7730 0.7962 0.8450 0.8685 0.8448 0.7530 0.7988
19 0 1.1475 1.0368 1.0667 1.1290 1.1583 1.1251 1.0017 1.0611
19 1 1.2000 1.0831 1.1152 1.1833 1.2161 1.1827 1.0540 1.1180
19 2 1.0927 0.9881 1.0161 1.0738 1.1005 1.0683 0.9509 1.0066
19 3 1.1425 1.0330 1.0625 1.1232 1.1515 1.1180 0.9953 1.0538
19 4 1.1842 1.0690 1.1007 1.1677 1.1998 1.1668 1.0399 1.1030
19 5 0.9471 0.8555 0.8805 0.9327 0.9574 0.9305 0.8290 0.8787
19 6 1.1885 1.0758 1.1058 1.1664 1.1940 1.1571 1.0283 1.0873
19 7 1.2273 1.1078 1.1408 1.2105 1.2442 1.2102 1.0787 1.1442
19 8 0.9739 0.8800 0.9056 0.9588 0.9840 0.9561 0.8517 0.9026
19 9 0.9221 0.8327 0.8573 0.9088 0.9335 0.9076 0.8088 0.8577
19 10 1.1355 1.0261 1.0559 1.1178 1.1471 1.1145 0.9929 1.0522
19 11 0.6798 0.6152 0.6325 0.6674 0.6834 0.6630 0.5901 0.6245
19 12 1.0135 0.9155 0.9423 0.9983 1.0249 0.9961 0.8875 0.9409
19 13 1.1180 1.0120 1.0403 1.0974 1.1234 1.0891 0.9683 1.0243
19 14 1.1464 1.0354 1.0659 1.1297 1.1601 1.1278 1.0050 1.0655
19 15 0.7981 0.7210 0.7421 0.7860 0.8068 0.7841 0.6986 0.7405
19 16 1.2207 1.1032 1.1352 1.2015 1.2327 1.1977 1.0669 1.1306
19 17 0.9862 0.8912 0.9171 0.9711 0.9966 0.9684 0.8628 0.9145
19 18 0.8906 0.8062 0.8287 0.8742 0.8950 0.8680 0.7721 0.8170
19 20 1.2360 1.1172 1.1495 1.2163 1.2476 1.2119 1.0795 1.1438
19 21 1.0962 0.9923 1.0200 1.0761 1.1016 1.0678 0.9492 1.0042
19 22 0.8169 0.7395 0.7601 0.8019 0.8209 0.7954 0.7067 0.7476
19 23 1.0471 0.9460 0.9737 1.0316 1.0590 1.0293 0.9171 0.9722
19 24 0.7879 0.7118 0.7326 0.7760 0.7966 0.7742 0.6898 0.7312
19 25 0.9737 0.8803 0.9057 0.9581 0.9827 0.9545 0.8502 0.9008
19 26 0.6184 0.5578 0.5747 0.6108 0.6283 0.6115 0.5453 0.5787
19 27 1.2098 1.0952 1.1258 1.1876 1.2159 1.1791 1.0487 1.1098
19 28 1.2381 1.1188 1.1514 1.2191 1.2511 1.2157 1.0831 1.1480
19 29 1.0007 0.9045 0.9307 0.9848 1.0102 0.9814 0.8742 0.9264
19 30 0.5104 0.4609 0.4746 0.5032 0.5168 0.5025 0.4479 0.4749
19 31 0.9840 0.8907 0.9156 0.9660 0.9890 0.9590 0.8529 0.9026
19 32 1.0146 0.9184 0.9441 0.9960 1.0197 0.9890 0.8799 0.9312
19 33 0.8586 0.7757 0.7984 0.8456 0.8679 0.8435 0.7515 0.7966
19 34 1.0410 0.9424 0.9687 1.0220 1.0463 1.0150 0.9032 0.9560
19 35 1.1968 1.0817 1.1131 1.1782 1.2089 1.1745 1.0463 1.1089
19 36 0.8408 0.7597 0.7819 0.8281 0.8499 0.8259 0.7359 0.7801
19 37 0.6230 0.5630 0.5794 0.6134 0.6295 0.6117 0.5450 0.5777
19 38 0.8597 0.7770 0.7996 0.8463 0.8683 0.8437 0.7516 0.7966
19 39 1.0725 0.9709 0.9981 1.0529 1.0780 1.0453 0.9297 0.9840
19 40 1.2534 1.1334 1.1659 1.2328 1.2640 1.2276 1.0933 1.1584
19 41 1.0799 0.9767 1.0046 1.0619 1.0885 1.0570 0.9413 0.9972
19 42 0.5427 0.4904 0.5047 0.5345 0.5486 0.5332 0.4751 0.5036
19 43 1.1993 1.0857 1.1160 1.1774 1.2054 1.1684 1.0387 1.0991
19 44 0.9656 0.8741 0.8986 0.9479 0.9705 0.9400 0.8347 0.8830
19 45 0.9758 0.8823 0.9077 0.9600 0.9845 0.9562 0.8517 0.9024
19 46 1.1071 1.0013 1.0299 1.0885 1.1158 1.0834 0.9649 1.0221
19 47 1.0545 0.9543 0.9812 1.0359 1.0611 1.0299 0.9169 0.9709
19 48 0.9196 0.8322 0.8557 0.9033 0.9252 0.8979 0.7994 0.8464
19 49 0.5481 0.4956 0.5098 0.5391 0.5528 0.5369 0.4782 0.5067
19 50 1.2411 1.1214 1.1542 1.2223 1.2545 1.2191 1.0862 1.1514
19 51 1.1876 1.0740 1.1048 1.1679 1.1972 1.1626 1.0354 1.0969
19 52 0.9200 0.8329 0.8562 0.9032 0.9247 0.8945 0.7930 0.8384
19 53 0.9053 0.8189 0.8422 0.8899 0.9120 0.8854 0.7885 0.8351
19 54 1.2099 1.0950 1.1258 1.1882 1.2168 1.1809 1.0512 1.1131
19 55 1.1413 1.0332 1.0621 1.1204 1.1471 1.1020 0.9675 1.0200
19 56 0.8733 0.7898 0.8124 0.8588 0.8804 0.8549 0.7614 0.8065
19 57 0.9721 0.8800 0.9046 0.9543 0.9770 0.9414 0.8299 0.8760
19 58 0.8948 0.8093 0.8324 0.8797 0.9016 0.8754 0.7796 0.8257
19 59 0.9563 0.8639 0.8893 0.9422 0.9673 0.9402 0.8377 0.8881
19 60 1.2938 1.1710 1.2039 1.2707 1.3013 1.2628 1.1242 1.1902
19 61 0.9114 0.8240 0.8478 0.8966 0.9195 0.8930 0.7954 0.8427
19 62 1.0202 0.9215 0.9487 1.0056 1.0326 1.0038 0.8945 0.9484
19 63 0.9608 0.8687 0.8937 0.9452 0.9692 0.9414 0.8384 0.8883
19 64 1.1931 1.0795 1.1101 1.1723 1.2010 1.1658 1.0380 1.0992
19 65 0.9458 0.8540 0.8794 0.9326 0.9580 0.9315 0.8302 0.8803
19 66 1.1487 1.0371 1.0680 1.1329 1.1640 1.1319 1.0089 1.0700
19 67 1.3451 1.2151 1.2508 1.3252 1.3604 1.3222 1.1782 1.2490
19 68 0.9814 0.8854 0.9122 0.9692 0.9969 0.9700 0.8649 0.9178
19 69 1.0070 0.9116 0.9371 0.9887 1.0122 0.9805 0.8709 0.9213
19 70 1.0439 0.9450 0.9714 1.0248 1.0492 1.0159 0.9017 0.9537
19 71 1.0093 0.9116 0.9385 0.9948 1.0217 0.9932 0.8851 0.9385
19 72 1.2306 1.1140 1.1452 1.2082 1.2370 1.1938 1.0548 1.1143
19 73 1.2580 1.1388 1.1706 1.2350 1.2644 1.2226 1.0832 1.1451
19 74 1.2212 1.1040 1.1359 1.2017 1.2325 1.1972 1.0664 1.1300
19 75 1.1791 1.0661 1.0968 1.1601 1.1896 1.1554 1.0291 1.0904
19 76 1.3409 1.2110 1.2468 1.3218 1.3575 1.3197 1.1761 1.2470
19 77 1.2045 1.0890 1.1204 1.1851 1.2153 1.1805 1.0514 1.1140
19 78 0.8243 0.7453 0.7668 0.8109 0.8315 0.8076 0.7193 0.7621
19 79 0.9324 0.8430 0.8673 0.9174 0.9409 0.9139 0.8140 0.8625
19 80 1.0916 0.9861 1.0151 1.0755 1.1041 1.0732 0.9562 1.0137
19 81 1.0036 0.9068 0.9334 0.9886 1.0147 0.9861 0.8786 0.9313
19 82 1.2988 1.1731 1.2077 1.2801 1.3146 1.2779 1.1388 1.2075
19 83 1.1845 1.0723 1.1023 1.1629 1.1906 1.1551 1.0281 1.0884
19 84 0.9857 0.8921 0.9172 0.9682 0.9917 0.9625 0.8569 0.9074
19 85 1.2875 1.1656 1.1982 1.2641 1.2942 1.2515 1.1090 1.1725
19 86 1.0461 0.9450 0.9728 1.0309 1.0584 1.0288 0.9167 0.9719
19 87 0.9977 0.9013 0.9278 0.9831 1.0094 0.9812 0.8743 0.9269
19 88 1.1506 1.0416 1.0708 1.1296 1.1566 1.1079 0.9688 1.0204
19 89 1.0039 0.9071 0.9336 0.9888 1.0148 0.9862 0.8787 0.9314
19 90 0.9429 0.8532 0.8773 0.9264 0.9490 0.9211 0.8201 0.8684
19 91 1.0108 0.9128 0.9399 0.9966 1.0237 0.9953 0.8870 0.9406
19 92 1.0747 0.9716 0.9997 1.0576 1.0848 1.0537 0.9386 0.9945
19 93 0.9772 0.8827 0.9087 0.9629 0.9887 0.9610 0.8563 0.9078
19 94 0.9942 0.8991 0.9249 0.9778 1.0026 0.9736 0.8671 0.9186
19 95 0.9665 0.8719 0.8984 0.9547 0.9820 0.9556 0.8521 0.9041
19 96 0.8310 0.7500 0.7725 0.8200 0.8429 0.8199 0.7309 0.7753
19 97 1.0201 0.9222 0.9489 1.0039 1.0298 1.0004 0.8911 0.9443
19 98 1.1689 1.0582 1.0878 1.1476 1.1750 1.1316 0.9970 1.0524
19 99 1.0892 0.9835 1.0127 1.0739 1.1032 1.0726 0.9559 1.0136
19 100 0.9480 0.8565 0.8816 0.9339 0.9587 0.9317 0.8302 0.8800
19 101 1.1401 1.0321 1.0610 1.1194 1.1461 1.0518 0.8699 0.8971
19 102 0.8848 0.7988 0.8227 0.8728 0.8968 0.8721 0.7773 0.8242
19 103 0.9369 0.8459 0.8711 0.9242 0.9496 0.9234 0.8230 0.8727
19 104 1.0120 0.9139 0.9410 0.9977 1.0248 0.9963 0.8878 0.9413
19 105 0.9557 0.8629 0.8886 0.9426 0.9684 0.9417 0.8393 0.8899
19 106 0.9731 0.8788 0.9049 0.9593 0.9852 0.9578 0.8535 0.9049
19 107 1.0343 0.9339 0.9617 1.0201 1.0481 1.0192 0.9083 0.9632
19 108 1.1242 1.0177 1.0462 1.1038 1.1302 1.0964 0.9757 1.0328
19 109 0.8345 0.7540 0.7761 0.8221 0.8439 0.8201 0.7307 0.7745
19 110 1.0452 0.9438 0.9718 1.0306 1.0587 1.0293 0.9173 0.9726
19 111 0.9615 0.8680 0.8939 0.9484 0.9746 0.9478 0.8447 0.8958
19 112 1.0072 0.9091 0.9364 0.9939 1.0216 0.9936 0.8857 0.9394
19 113 0.9748 0.8803 0.9064 0.9610 0.9870 0.9596 0.8551 0.9066
19 114 1.0933 0.9870 1.0165 1.0784 1.1082 1.0777 0.9605 1.0186
19 115 0.9709 0.8763 0.9026 0.9581 0.9848 0.9579 0.8539 0.9056
19 116 1.0506 0.9483 0.9767 1.0369 1.0659 1.0368 0.9242 0.9803
19 117 0.9565 0.8637 0.8894 0.9433 0.9690 0.9422 0.8397 0.8904
19 118 0.9516 0.8603 0.8852 0.9364 0.9604 0.9329 0.8309 0.8804
19 119 0.9918 0.8960 0.9224 0.9774 1.0035 0.9755 0.8692 0.9214
19 120 1.1824 1.0704 1.1003 1.1609 1.1887 1.1521 1.0239 1.0835
19 121 0.9982 0.9016 0.9282 0.9838 1.0103 0.9821 0.8752 0.9278
19 122 1.1089 1.0038 1.0319 1.0887 1.1148 1.0780 0.9551 1.0098
19 123 0.9782 0.8840 0.9098 0.9633 0.9886 0.9606 0.8558 0.9070
19 124 1.1234 1.0170 1.0454 1.1030 1.1294 1.0936 0.9706 1.0268
19 125 0.9890 0.8930 0.9196 0.9754 1.0021 0.9745 0.8685 0.9210
20 0 1.0182 0.9213 0.9469 0.9993 1.0234 0.9929 0.8835 0.9351
20 1 1.1133 1.0063 1.0352 1.0951 1.1233 1.0912 0.9718 1.0300
20 2 0.9258 0.8379 0.8612 0.9084 0.9299 0.9013 0.8011 0.8473
20 3 0.9328 0.8443 0.8678 0.9153 0.9370 0.9084 0.8078 0.8546
20 4 0.9924 0.8972 0.9229 0.9761 1.0010 0.9723 0.8660 0.9177
20 5 0.9302 0.8415 0.8653 0.9138 0.9362 0.9087 0.8090 0.8568
20 6 1.0046 0.9094 0.9347 0.9859 1.0091 0.9758 0.8647 0.9136
20 7 1.0743 0.9711 0.9991 1.0570 1.0842 1.0533 0.9382 0.9943
20 8 0.8064 0.7297 0.7502 0.7919 0.8111 0.7871 0.7007 0.7418
20 9 1.0932 0.9887 1.0169 1.0748 1.1017 1.0698 0.9526 1.0092
20 10 0.8361 0.7566 0.7779 0.8210 0.8408 0.8159 0.7263 0.7689
20 11 1.1729 1.0617 1.0914 1.1511 1.1783 1.1408 1.0126 1.0707
20 12 0.9461 0.8559 0.8802 0.9296 0.9524 0.9245 0.8231 0.8717
20 13 0.7947 0.7194 0.7395 0.7800 0.7983 0.7722 0.6846 0.7235
20 14 0.6560 0.5933 0.6102 0.6447 0.6607 0.6415 0.5712 0.6050
20 15 1.0538 0.9535 0.9804 1.0353 1.0605 1.0292 0.9163 0.9702
20 16 0.8988 0.8135 0.8363 0.8824 0.9035 0.8766 0.7803 0.8260
20 17 0.9855 0.8918 0.9169 0.9678 0.9912 0.9619 0.8563 0.9066
20 18 0.8129 0.7359 0.7565 0.7979 0.8167 0.7902 0.7009 0.7409
20 19 1.1675 1.0569 1.0864 1.1459 1.1729 1.1354 1.0075 1.0653
20 21 1.2581 1.1390 1.1708 1.2349 1.2639 1.2224 1.0834 1.1450
20 22 1.0617 0.9611 0.9880 1.0420 1.0666 1.0311 0.9134 0.9652
20 23 1.1155 1.0092 1.0378 1.0961 1.1229 1.0899 0.9703 1.0274
20 24 1.0794 0.9766 1.0043 1.0605 1.0863 1.0543 0.9386 0.9937
20 25 0.9666 0.8750 0.8994 0.9487 0.9711 0.9420 0.8382 0.8871
20 26 1.1080 1.0010 1.0303 1.0915 1.1204 1.0889 0.9702 1.0284
20 27 1.1010 0.9967 1.0246 1.0807 1.1061 1.0702 0.9491 1.0033
20 28 1.2339 1.1167 1.1481 1.2118 1.2410 1.2042 1.0720 1.1348
20 29 1.1393 1.0314 1.0602 1.1184 1.1448 1.1106 0.9884 1.0462
20 30 1.0549 0.9541 0.9814 1.0373 1.0632 1.0323 0.9192 0.9736
20 31 1.1866 1.0742 1.1043 1.1647 1.1922 1.1533 1.0227 1.0811
20 32 1.1017 0.9973 1.0252 1.0813 1.1068 1.0710 0.9500 1.0043
20 33 0.9768 0.8839 0.9088 0.9595 0.9828 0.9538 0.8491 0.8989
20 34 1.0799 0.9776 1.0049 1.0599 1.0849 1.0500 0.9315 0.9848
20 35 0.8693 0.7868 0.8089 0.8536 0.8739 0.8479 0.7547 0.7989
20 36 1.0514 0.9514 0.9782 1.0328 1.0578 1.0265 0.9138 0.9674
20 37 1.0436 0.9444 0.9710 1.0249 1.0495 1.0184 0.9065 0.9596
20 38 1.0481 0.9487 0.9753 1.0292 1.0537 1.0223 0.9099 0.9632
20 39 1.1344 1.0270 1.0557 1.1135 1.1397 1.1026 0.9777 1.0335
20 40 0.8393 0.7598 0.7811 0.8239 0.8433 0.8176 0.7272 0.7695
20 41 1.2425 1.1248 1.1563 1.2196 1.2484 1.2101 1.0759 1.1383
20 42 1.0521 0.9520 0.9790 1.0336 1.0586 1.0273 0.9145 0.9682
20 43 1.0956 0.9919 1.0196 1.0754 1.1007 1.0645 0.9434 0.9971
20 44 1.0896 0.9864 1.0139 1.0694 1.0946 1.0577 0.9364 0.9894
20 45 1.0347 0.9367 0.9629 1.0157 1.0396 1.0082 0.8969 0.9491
20 46 1.2481 1.1299 1.1615 1.2251 1.2540 1.2155 1.0806 1.1432
20 47 1.1571 1.0476 1.0768 1.1358 1.1625 1.1260 1.0000 1.0576
20 48 0.9510 0.8610 0.8850 0.9335 0.9555 0.9253 0.8216 0.8689
20 49 0.9875 0.8940 0.9190 0.9693 0.9922 0.9620 0.8558 0.9055
20 50 1.0778 0.9753 1.0029 1.0587 1.0843 1.0522 0.9367 0.9916
20 51 0.9752 0.8828 0.9075 0.9572 0.9798 0.9498 0.8445 0.8935
20 52 1.0502 0.9508 0.9774 1.0309 1.0551 1.0183 0.8999 0.9503
20 53 1.0126 0.9167 0.9423 0.9939 1.0173 0.9859 0.8762 0.9269
20 54 0.9994 0.9048 0.9301 0.9810 1.0041 0.9722 0.8632 0.9128
20 55 1.0464 0.9473 0.9738 1.0271 1.0513 1.0076 0.8820 0.9287
20 56 1.0248 0.9277 0.9537 1.0059 1.0296 0.9980 0.8874 0.9388
20 57 1.0394 0.9410 0.9673 1.0203 1.0442 1.0038 0.8823 0.9301
20 58 1.0666 0.9656 0.9926 1.0469 1.0716 1.0385 0.9231 0.9765
20 59 1.1075 1.0020 1.0304 1.0883 1.1149 1.0821 0.9633 1.0198
20 60 1.2448 1.1269 1.1584 1.2219 1.2506 1.2109 1.0750 1.1368
20 61 1.0448 0.9459 0.9723 1.0256 1.0497 1.0179 0.9055 0.9580
20 62 1.1688 1.0572 1.0874 1.1489 1.1773 1.1428 1.0175 1.0773
20 63 1.2057 1.0915 1.1220 1.1835 1.2113 1.1746 1.0449 1.1055
20 64 1.0351 0.9371 0.9633 1.0160 1.0400 1.0074 0.8949 0.9464
20 65 1.1606 1.0496 1.0797 1.1414 1.1700 1.1359 1.0114 1.0711
20 66 0.9566 0.8650 0.8899 0.9410 0.9648 0.9368 0.8342 0.8834
20 67 1.4015 1.2680 1.3040 1.3771 1.4107 1.3691 1.2188 1.2902
20 68 0.9480 0.8565 0.8816 0.9338 0.9583 0.9312 0.8295 0.8789
20 69 1.1365 1.0288 1.0576 1.1155 1.1418 1.1034 0.9770 1.0323
20 70 1.2105 1.0959 1.1265 1.1882 1.2162 1.1747 1.0394 1.0980
20 71 1.1735 1.0615 1.0918 1.1537 1.1822 1.1476 1.0218 1.0819
20 72 1.1712 1.0603 1.0899 1.1496 1.1767 1.1329 0.9980 1.0529
20 73 1.1981 1.0847 1.1150 1.1760 1.2037 1.1612 1.0255 1.0828
20 74 1.0838 0.9812 1.0086 1.0638 1.0889 1.0561 0.9397 0.9943
20 75 1.0404 0.9419 0.9682 1.0213 1.0453 1.0136 0.9017 0.9540
20 76 1.3938 1.2607 1.2967 1.3703 1.4043 1.3632 1.2137 1.2851
20 77 1.2792 1.1581 1.1904 1.2556 1.2852 1.2463 1.1088 1.1732
20 78 1.1121 1.0068 1.0349 1.0916 1.1173 1.0834 0.9637 1.0196
20 79 1.1153 1.0097 1.0379 1.0948 1.1206 1.0867 0.9668 1.0229
20 80 1.2930 1.1698 1.2030 1.2706 1.3016 1.2632 1.1245 1.1904
20 81 1.2250 1.1085 1.1398 1.2035 1.2326 1.1961 1.0647 1.1270
20 82 1.2988 1.1749 1.2084 1.2767 1.3083 1.2699 1.1306 1.1970
20 83 1.2689 1.1487 1.1808 1.2455 1.2748 1.2338 1.0948 1.1575
20 84 1.0578 0.9576 0.9844 1.0383 1.0627 1.0292 0.9139 0.9664
20 85 1.2450 1.1271 1.1586 1.2220 1.2508 1.2067 1.0659 1.1255
20 86 1.1813 1.0687 1.0991 1.1610 1.1894 1.1544 1.0277 1.0880
20 87 1.1143 1.0081 1.0368 1.0951 1.1220 1.0889 0.9694 1.0263
20 88 1.1785 1.0669 1.0967 1.1568 1.1840 1.1316 0.9865 1.0377
20 89 1.2297 1.1128 1.1443 1.2080 1.2372 1.2005 1.0686 1.1310
20 90 1.0957 0.9920 1.0197 1.0756 1.1009 1.0662 0.9470 1.0014
20 91 1.2397 1.1212 1.1533 1.2190 1.2494 1.2129 1.0799 1.1435
20 92 1.2083 1.0939 1.1245 1.1861 1.2140 1.1774 1.0477 1.1085
20 93 1.1879 1.0746 1.1052 1.1674 1.1960 1.1608 1.0334 1.0940
20 94 1.0733 0.9716 0.9988 1.0535 1.0783 1.0454 0.9296 0.9834
20 95 1.1493 1.0383 1.0688 1.1321 1.1620 1.1291 1.0058 1.0657
20 96 1.1409 1.0313 1.0612 1.1229 1.1517 1.1186 0.9962 1.0552
20 97 1.1777 1.0662 1.0960 1.1560 1.1833 1.1477 1.0213 1.0807
20 98 1.0967 0.9929 1.0207 1.0766 1.1019 1.0587 0.9299 0.9803
20 99 1.2619 1.1412 1.1739 1.2409 1.2719 1.2348 1.0994 1.1641
20 100 1.1168 1.0105 1.0391 1.0972 1.1239 1.0907 0.9709 1.0277
20 101 1.2334 1.1166 1.1478 1.2107 1.2392 1.1368 0.9399 0.9686
20 102 1.1288 1.0206 1.0500 1.1104 1.1385 1.1055 0.9843 1.0423
20 103 1.1097 1.0034 1.0323 1.0917 1.1193 1.0868 0.9677 1.0246
20 104 1.1266 1.0189 1.0481 1.1077 1.1352 1.1020 0.9811 1.0386
20 105 1.1546 1.0440 1.0741 1.1357 1.1643 1.1304 1.0065 1.0657
20 106 1.1645 1.0533 1.0834 1.1449 1.1733 1.1389 1.0139 1.0734
20 107 1.2683 1.1468 1.1798 1.2475 1.2789 1.2417 1.1056 1.1707
20 108 0.9612 0.8702 0.8945 0.9435 0.9657 0.9346 0.8291 0.8765
20 109 1.0466 0.9470 0.9739 1.0283 1.0533 1.0221 0.9097 0.9629
20 110 1.2330 1.1150 1.1470 1.2125 1.2428 1.2065 1.0742 1.1373
20 111 1.2483 1.1286 1.1612 1.2280 1.2592 1.2226 1.0887 1.1528
20 112 1.2014 1.0860 1.1175 1.1823 1.2126 1.1776 1.0487 1.1106
20 113 1.1556 1.0452 1.0751 1.1362 1.1644 1.1303 1.0063 1.0654
20 114 1.3033 1.1784 1.2124 1.2822 1.3146 1.2764 1.1366 1.2036
20 115 1.1355 1.0264 1.0562 1.1175 1.1461 1.1131 0.9912 1.0498
20 116 1.2904 1.1664 1.2002 1.2700 1.3026 1.2651 1.1267 1.1933
20 117 1.0852 0.9814 1.0096 1.0673 1.0940 1.0621 0.9457 1.0013
20 118 1.0931 0.9896 1.0173 1.0731 1.0984 1.0652 0.9476 1.0026
20 119 1.2499 1.1308 1.1630 1.2284 1.2585 1.2214 1.0873 1.1509
20 120 1.1358 1.0282 1.0570 1.1149 1.1412 1.1033 0.9775 1.0330
20 121 1.2329 1.1152 1.1470 1.2118 1.2417 1.2052 1.0729 1.1358
20 122 1.0636 0.9629 0.9898 1.0441 1.0687 1.0309 0.9105 0.9614
20 123 1.1867 1.0741 1.1043 1.1655 1.1935 1.1579 1.0306 1.0906
20 124 1.0796 0.9774 1.0047 1.0598 1.0847 1.0478 0.9271 0.9794
20 125 1.2224 1.1054 1.1371 1.2023 1.2325 1.1967 1.0655 1.1282
21 0 1.1975 1.0814 1.1130 1.1794 1.2110 1.1768 1.0480 1.1106
21 1 1.3466 1.2147 1.2512 1.3292 1.3672 1.3304 1.1859 1.2584
21 2 1.1152 1.0079 1.0369 1.0970 1.1252 1.0928 0.9730 1.0304
21 3 1.1820 1.0681 1.0990 1.1633 1.1935 1.1593 1.0324 1.0936
21 4 1.2657 1.1419 1.1762 1.2494 1.2849 1.2502 1.1146 1.1826
21 5 1.0792 0.9743 1.0032 1.0640 1.0931 1.0629 0.9472 1.0045
21 6 1.0920 0.9885 1.0160 1.0718 1.0972 1.0642 0.9468 1.0015
21 7 1.3212 1.1918 1.2278 1.3046 1.3420 1.3060 1.1645 1.2358
21 8 1.1460 1.0349 1.0654 1.1295 1.1601 1.1278 1.0050 1.0656
21 9 1.0957 0.9889 1.0185 1.0811 1.1114 1.0811 0.9638 1.0225
21 10 1.1794 1.0651 1.0965 1.1624 1.1938 1.1606 1.0342 1.0965
21 11 1.1100 1.0041 1.0326 1.0910 1.1180 1.0853 0.9662 1.0230
21 12 1.1250 1.0157 1.0459 1.1094 1.1399 1.1086 0.9881 1.0479
21 13 1.1520 1.0427 1.0719 1.1311 1.1582 1.1237 1.0000 1.0583
21 14 1.1929 1.0767 1.1089 1.1768 1.2095 1.1765 1.0487 1.1125
21 15 1.0426 0.9414 0.9693 1.0280 1.0561 1.0269 0.9153 0.9707
21 16 1.2909 1.1660 1.2003 1.2721 1.3062 1.2698 1.1315 1.1997
21 17 1.1796 1.0652 1.0967 1.1628 1.1944 1.1612 1.0349 1.0975
21 18 0.9680 0.8759 0.9006 0.9508 0.9739 0.9452 0.8414 0.8907
21 19 1.1161 1.0097 1.0383 1.0967 1.1238 1.0908 0.9712 1.0283
21 20 1.3214 1.1937 1.2287 1.3018 1.3365 1.2990 1.1575 1.2271
21 22 0.9643 0.8730 0.8973 0.9467 0.9693 0.9400 0.8362 0.8849
21 23 1.2218 1.1031 1.1359 1.2050 1.2381 1.2041 1.0733 1.1383
21 24 1.0326 0.9324 0.9600 1.0182 1.0461 1.0173 0.9067 0.9616
21 25 1.1455 1.0349 1.0652 1.1283 1.1583 1.1257 1.0031 1.0633
21 26 1.1097 1.0004 1.0312 1.0973 1.1298 1.1002 0.9814 1.0422
21 27 1.2625 1.1425 1.1747 1.2400 1.2700 1.2325 1.0972 1.1617
21 28 1.3028 1.1765 1.2113 1.2842 1.3191 1.2825 1.1430 1.2121
21 29 1.1660 1.0534 1.0843 1.1488 1.1795 1.1465 1.0217 1.0832
21 30 0.8947 0.8075 0.8317 0.8830 0.9078 0.8832 0.7874 0.8355
21 31 0.8638 0.7818 0.8037 0.8483 0.8688 0.8431 0.7506 0.7947
21 32 0.9301 0.8417 0.8654 0.9137 0.9360 0.9085 0.8088 0.8565
21 33 1.0997 0.9930 1.0225 1.0843 1.1139 1.0832 0.9655 1.0240
21 34 0.9659 0.8740 0.8987 0.9490 0.9723 0.9438 0.8403 0.8899
21 35 1.2530 1.1317 1.1651 1.2349 1.2681 1.2328 1.0987 1.1651
21 36 1.1287 1.0192 1.0494 1.1129 1.1432 1.1117 0.9909 1.0509
21 37 0.9458 0.8541 0.8794 0.9323 0.9576 0.9311 0.8298 0.8800
21 38 1.0550 0.9529 0.9810 1.0397 1.0677 1.0380 0.9251 0.9810
21 39 0.9747 0.8822 0.9070 0.9573 0.9805 0.9516 0.8471 0.8970
21 40 1.3224 1.1951 1.2299 1.3022 1.3364 1.2986 1.1571 1.2265
21 41 0.9355 0.8455 0.8701 0.9209 0.9449 0.9180 0.8179 0.8669
21 42 1.0382 0.9374 0.9652 1.0237 1.0516 1.0226 0.9115 0.9668
21 43 1.2476 1.1294 1.1610 1.2249 1.2543 1.2169 1.0831 1.1467
21 44 0.8131 0.7360 0.7566 0.7983 0.8174 0.7925 0.7046 0.7457
21 45 1.1139 1.0065 1.0359 1.0971 1.1261 1.0944 0.9751 1.0338
21 46 1.0003 0.9042 0.9304 0.9847 1.0102 0.9816 0.8744 0.9268
21 47 0.9678 0.8752 0.9003 0.9517 0.9758 0.9476 0.8440 0.8942
21 48 1.1178 1.0110 1.0398 1.0991 1.1268 1.0942 0.9745 1.0324
21 49 0.8971 0.8107 0.8343 0.8835 0.9067 0.8812 0.7851 0.8323
21 50 1.3078 1.1810 1.2160 1.2895 1.3247 1.2881 1.1481 1.2177
21 51 1.2287 1.1105 1.1428 1.2096 1.2412 1.2060 1.0745 1.1389
21 52 0.7551 0.6835 0.7026 0.7413 0.7591 0.7350 0.6524 0.6901
21 53 1.0923 0.9874 1.0160 1.0749 1.1026 1.0711 0.9542 1.0112
21 54 1.2578 1.1377 1.1702 1.2367 1.2676 1.2309 1.0962 1.1613
21 55 1.1660 1.0555 1.0850 1.1448 1.1722 1.1271 0.9908 1.0450
21 56 1.0347 0.9352 0.9624 1.0187 1.0452 1.0156 0.9048 0.9590
21 57 0.8964 0.8114 0.8341 0.8801 0.9011 0.8691 0.7671 0.8101
21 58 1.2069 1.0909 1.1225 1.1879 1.2186 1.1839 1.0546 1.1177
21 59 0.8528 0.7699 0.7929 0.8412 0.8644 0.8407 0.7494 0.7949
21 60 1.3622 1.2322 1.2673 1.3393 1.3729 1.3331 1.1872 1.2576
21 61 1.0897 0.9846 1.0134 1.0732 1.1015 1.0705 0.9538 1.0111
21 62 1.3138 1.1858 1.2214 1.2963 1.3325 1.2961 1.1555 1.2258
21 63 1.1280 1.0193 1.0490 1.1109 1.1403 1.1082 0.9874 1.0467
21 64 1.2285 1.1108 1.1428 1.2084 1.2392 1.2036 1.0720 1.1359
21 65 1.0881 0.9819 1.0115 1.0741 1.1045 1.0746 0.9581 1.0166
21 66 1.1784 1.0632 1.0953 1.1635 1.1966 1.1643 1.0382 1.1017
21 67 1.3575 1.2256 1.2621 1.3389 1.3758 1.3381 1.1928 1.2652
21 68 1.1568 1.0429 1.0750 1.1438 1.1775 1.1466 1.0227 1.0859
21 69 0.9014 0.8160 0.8388 0.8850 0.9063 0.8787 0.7814 0.8271
21 70 0.9788 0.8861 0.9109 0.9611 0.9841 0.9538 0.8476 0.8970
21 71 1.2697 1.1460 1.1804 1.2530 1.2880 1.2529 1.1170 1.1851
21 72 1.2726 1.1520 1.1842 1.2495 1.2795 1.2360 1.0935 1.1557
21 73 1.3135 1.1891 1.2223 1.2897 1.3206 1.2782 1.1338 1.1992
21 74 1.2698 1.1473 1.1809 1.2510 1.2843 1.2483 1.1123 1.1793
21 75 1.2098 1.0931 1.1251 1.1915 1.2230 1.1886 1.0591 1.1228
21 76 1.1234 1.0140 1.0444 1.1087 1.1397 1.1087 0.9884 1.0486
21 77 1.1755 1.0622 1.0932 1.1579 1.1886 1.1552 1.0293 1.0913
21 78 0.9717 0.8781 0.9037 0.9570 0.9823 0.9546 0.8506 0.9017
21 79 1.0593 0.9571 0.9851 1.0434 1.0711 1.0410 0.9276 0.9834
21 80 1.3544 1.2228 1.2593 1.3360 1.3728 1.3352 1.1902 1.2625
21 81 1.3154 1.1878 1.2230 1.2971 1.3327 1.2960 1.1551 1.2252
21 82 1.3735 1.2398 1.2770 1.3553 1.3931 1.3552 1.2081 1.2817
21 83 1.0388 0.9399 0.9665 1.0208 1.0461 1.0155 0.9043 0.9579
21 84 0.8994 0.8134 0.8367 0.8844 0.9067 0.8806 0.7843 0.8309
21 85 1.3468 1.2192 1.2533 1.3224 1.3541 1.3108 1.1630 1.2302
21 86 1.2904 1.1649 1.1997 1.2730 1.3082 1.2724 1.1343 1.2033
21 87 0.8904 0.8038 0.8278 0.8784 0.9027 0.8780 0.7827 0.8303
21 88 1.1739 1.0626 1.0924 1.1526 1.1803 1.1317 0.9908 1.0440
21 89 1.3086 1.1816 1.2167 1.2903 1.3256 1.2891 1.1490 1.2186
21 90 1.2180 1.1015 1.1331 1.1980 1.2284 1.1930 1.0626 1.1259
21 91 1.3195 1.1908 1.2266 1.3024 1.3391 1.3028 1.1615 1.2324
21 92 1.2937 1.1689 1.2031 1.2746 1.3086 1.2719 1.1334 1.2017
21 93 1.2750 1.1510 1.1854 1.2579 1.2927 1.2574 1.1209 1.1890
21 94 0.9056 0.8185 0.8423 0.8918 0.9151 0.8893 0.7923 0.8399
21 95 1.0742 0.9684 0.9982 1.0622 1.0937 1.0650 0.9500 1.0086
21 96 0.9601 0.8660 0.8924 0.9486 0.9760 0.9500 0.8472 0.8992
21 97 1.2737 1.1508 1.1845 1.2550 1.2885 1.2525 1.1161 1.1834
21 98 1.1957 1.0824 1.1127 1.1741 1.2023 1.1591 1.0225 1.0799
21 99 1.3267 1.1973 1.2334 1.3097 1.3466 1.3101 1.1681 1.2394
21 100 1.0624 0.9592 0.9878 1.0478 1.0766 1.0470 0.9333 0.9899
21 101 1.1030 0.9985 1.0265 1.0831 1.1091 1.0179 0.8419 0.8682
21 102 1.2167 1.0978 1.1310 1.2016 1.2358 1.2026 1.0722 1.1377
21 103 1.0542 0.9511 0.9799 1.0410 1.0707 1.0418 0.9289 0.9856
21 104 1.2267 1.1072 1.1404 1.2108 1.2448 1.2110 1.0796 1.1453
21 105 1.0749 0.9699 0.9992 1.0613 1.0915 1.0621 0.9469 1.0047
21 106 1.0875 0.9815 1.0110 1.0732 1.1033 1.0733 0.9568 1.0150
21 107 1.3275 1.1978 1.2340 1.3108 1.3480 1.3117 1.1695 1.2409
21 108 1.1398 1.0313 1.0605 1.1201 1.1477 1.1142 0.9921 1.0508
21 109 1.1930 1.0772 1.1092 1.1766 1.2090 1.1757 1.0479 1.1114
21 110 1.2978 1.1712 1.2064 1.2811 1.3173 1.2816 1.1426 1.2123
21 111 1.0656 0.9614 0.9905 1.0523 1.0824 1.0533 0.9392 0.9966
21 112 1.1127 1.0037 1.0342 1.0993 1.1310 1.1008 0.9816 1.0417
21 113 1.0811 0.9757 1.0050 1.0670 1.0970 1.0672 0.9514 1.0093
21 114 1.3361 1.2055 1.2420 1.3195 1.3572 1.3207 1.1776 1.2496
21 115 1.3393 1.2080 1.2448 1.3231 1.3614 1.3250 1.1816 1.2540
21 116 1.3255 1.1955 1.2320 1.3096 1.3475 1.3116 1.1697 1.2414
21 117 1.0501 0.9476 0.9762 1.0367 1.0661 1.0373 0.9248 0.9813
21 118 1.0422 0.9416 0.9692 1.0267 1.0540 1.0245 0.9129 0.9678
21 119 1.3055 1.1786 1.2138 1.2880 1.3237 1.2875 1.1477 1.2175
21 120 1.1703 1.0594 1.0890 1.1492 1.1769 1.1418 1.0160 1.0757
21 121 1.2851 1.1600 1.1947 1.2680 1.3034 1.2679 1.1303 1.1991
21 122 1.0937 0.9900 1.0177 1.0739 1.0998 1.0646 0.9444 0.9991
21 123 1.2519 1.1306 1.1641 1.2342 1.2678 1.2327 1.0987 1.1651
21 124 1.1089 1.0038 1.0319 1.0889 1.1151 1.0808 0.9606 1.0167
21 125 1.0762 0.9711 1.0005 1.0626 1.0928 1.0634 0.9481 1.0060
22 0 1.0306 0.9305 0.9578 1.0155 1.0431 1.0139 0.9030 0.9571
22 1 1.0500 0.9469 0.9756 1.0369 1.0669 1.0384 0.9258 0.9826
22 2 0.9980 0.9017 0.9278 0.9822 1.0078 0.9790 0.8717 0.9234
22 3 1.0554 0.9534 0.9812 1.0391 1.0665 1.0362 0.9229 0.9778
22 4 1.0810 0.9750 1.0045 1.0675 1.0983 1.0689 0.9531 1.0115
22 5 1.0319 0.9313 0.9591 1.0178 1.0460 1.0173 0.9067 0.9617
22 6 1.0654 0.9641 0.9912 1.0461 1.0713 1.0393 0.9248 0.9784
22 7 1.1314 1.0204 1.0514 1.1178 1.1502 1.1196 0.9985 1.0598
22 8 1.0381 0.9372 0.9650 1.0236 1.0517 1.0227 0.9115 0.9666
22 9 1.0386 0.9371 0.9653 1.0253 1.0543 1.0259 0.9147 0.9705
22 10 1.0480 0.9462 0.9742 1.0333 1.0616 1.0323 0.9200 0.9757
22 11 0.7857 0.7105 0.7308 0.7725 0.7920 0.7690 0.6847 0.7251
22 12 1.0731 0.9685 0.9975 1.0587 1.0882 1.0585 0.9436 1.0010
22 13 1.0374 0.9387 0.9652 1.0190 1.0438 1.0129 0.9016 0.9543
22 14 1.0630 0.9592 0.9880 1.0491 1.0787 1.0494 0.9356 0.9927
22 15 0.9413 0.8497 0.8750 0.9285 0.9543 0.9282 0.8273 0.8776
22 16 1.1379 1.0275 1.0579 1.1218 1.1523 1.1204 0.9986 1.0590
22 17 1.0405 0.9394 0.9673 1.0261 1.0544 1.0254 0.9140 0.9695
22 18 0.9526 0.8618 0.8862 0.9361 0.9592 0.9311 0.8290 0.8778
22 19 0.8689 0.7859 0.8083 0.8543 0.8756 0.8502 0.7570 0.8018
22 20 1.1461 1.0351 1.0656 1.1296 1.1601 1.1279 1.0051 1.0658
22 21 0.9254 0.8375 0.8610 0.9089 0.9309 0.9033 0.8041 0.8512
22 23 1.0859 0.9802 1.0095 1.0715 1.1014 1.0714 0.9551 1.0132
22 24 0.8959 0.8087 0.8329 0.8839 0.9084 0.8836 0.7877 0.8356
22 25 1.0250 0.9258 0.9531 1.0101 1.0373 1.0084 0.8987 0.9529
22 26 0.8546 0.7702 0.7940 0.8454 0.8708 0.8482 0.7567 0.8037
22 27 1.1402 1.0316 1.0608 1.1203 1.1479 1.1143 0.9921 1.0506
22 28 1.1643 1.0512 1.0825 1.1483 1.1799 1.1474 1.0228 1.0849
22 29 1.0454 0.9442 0.9720 1.0305 1.0584 1.0291 0.9171 0.9726
22 30 0.7680 0.6929 0.7138 0.7583 0.7799 0.7589 0.6767 0.7182
22 31 0.8425 0.7624 0.7839 0.8278 0.8482 0.8233 0.7330 0.7762
22 32 0.9453 0.8552 0.8794 0.9290 0.9520 0.9242 0.8230 0.8716
22 33 0.9564 0.8634 0.8891 0.9434 0.9696 0.9431 0.8407 0.8918
22 34 0.9735 0.8807 0.9057 0.9570 0.9808 0.9523 0.8480 0.8982
22 35 1.1191 1.0105 1.0405 1.1034 1.1336 1.1023 0.9825 1.0421
22 36 0.9612 0.8677 0.8936 0.9481 0.9744 0.9478 0.8449 0.8963
22 37 0.6806 0.6145 0.6328 0.6713 0.6897 0.6708 0.5980 0.6343
22 38 0.9377 0.8468 0.8719 0.9246 0.9499 0.9237 0.8234 0.8733
22 39 0.9837 0.8901 0.9153 0.9666 0.9904 0.9614 0.8560 0.9066
22 40 1.1787 1.0649 1.0961 1.1612 1.1921 1.1587 1.0326 1.0948
22 41 0.9213 0.8325 0.8568 0.9073 0.9313 0.9051 0.8065 0.8550
22 42 0.7518 0.6787 0.6989 0.7416 0.7622 0.7414 0.6609 0.7012
22 43 1.1350 1.0273 1.0562 1.1147 1.1418 1.1081 0.9865 1.0446
22 44 0.8667 0.7845 0.8065 0.8509 0.8713 0.8451 0.7518 0.7958
22 45 1.0169 0.9186 0.9456 1.0020 1.0289 1.0002 0.8913 0.9451
22 46 0.9679 0.8746 0.9002 0.9532 0.9783 0.9508 0.8472 0.8981
22 47 0.9755 0.8820 0.9074 0.9598 0.9844 0.9562 0.8518 0.9027
22 48 0.9931 0.8980 0.9238 0.9770 1.0019 0.9732 0.8669 0.9186
22 49 0.7053 0.6372 0.6559 0.6949 0.7135 0.6935 0.6180 0.6553
22 50 1.1666 1.0532 1.0846 1.1508 1.1826 1.1503 1.0255 1.0879
22 51 1.1201 1.0121 1.0417 1.1032 1.1324 1.1006 0.9807 1.0398
22 52 0.8267 0.7483 0.7693 0.8117 0.8312 0.8051 0.7150 0.7565
22 53 0.9756 0.8817 0.9073 0.9605 0.9856 0.9578 0.8533 0.9046
22 54 1.1402 1.0310 1.0606 1.1215 1.1500 1.1170 0.9949 1.0542
22 55 1.0904 0.9871 1.0147 1.0707 1.0964 1.0546 0.9275 0.9784
22 56 0.9362 0.8459 0.8706 0.9221 0.9465 0.9199 0.8196 0.8690
22 57 0.9161 0.8293 0.8525 0.8994 0.9210 0.8886 0.7848 0.8289
22 58 0.9376 0.8473 0.8720 0.9233 0.9475 0.9208 0.8204 0.8696
22 59 0.8592 0.7755 0.7988 0.8480 0.8717 0.8480 0.7560 0.8021
22 60 1.2255 1.1082 1.1400 1.2055 1.2361 1.2006 1.0694 1.1331
22 61 0.9772 0.8828 0.9087 0.9629 0.9887 0.9611 0.8565 0.9082
22 62 1.1852 1.0695 1.1017 1.1700 1.2031 1.1706 1.0438 1.1076
22 63 1.0170 0.9188 0.9458 1.0021 1.0290 1.0003 0.8914 0.9452
22 64 1.1320 1.0233 1.0529 1.1140 1.1428 1.1103 0.9891 1.0483
22 65 0.9933 0.8961 0.9232 0.9810 1.0091 0.9820 0.8757 0.9294
22 66 1.0872 0.9807 1.0106 1.0741 1.1050 1.0755 0.9592 1.0181
22 67 1.2157 1.0973 1.1302 1.1997 1.2332 1.1997 1.0696 1.1348
22 68 1.0363 0.9340 0.9629 1.0251 1.0558 1.0283 0.9174 0.9743
22 69 0.9176 0.8306 0.8539 0.9010 0.9226 0.8950 0.7963 0.8431
22 70 0.9848 0.8915 0.9164 0.9670 0.9902 0.9601 0.8537 0.9036
22 71 1.0419 0.9402 0.9685 1.0286 1.0578 1.0293 0.9178 0.9739
22 72 1.1806 1.0687 1.0987 1.1592 1.1871 1.1473 1.0155 1.0735
22 73 1.2014 1.0876 1.1180 1.1797 1.2080 1.1697 1.0381 1.0983
22 74 1.1553 1.0435 1.0743 1.1387 1.1694 1.1369 1.0133 1.0745
22 75 1.1217 1.0133 1.0431 1.1053 1.1350 1.1034 0.9833 1.0427
22 76 1.2286 1.1086 1.1420 1.2130 1.2474 1.2138 1.0823 1.1486
22 77 1.1275 1.0185 1.0484 1.1111 1.1410 1.1092 0.9885 1.0483
22 78 0.8849 0.7994 0.8229 0.8719 0.8953 0.8703 0.7756 0.8224
22 79 0.9759 0.8816 0.9075 0.9618 0.9877 0.9602 0.8557 0.9075
22 80 1.2352 1.1149 1.1483 1.2189 1.2530 1.2190 1.0868 1.1531
22 81 1.2059 1.0886 1.1211 1.1897 1.2228 1.1894 1.0604 1.1249
22 82 1.2302 1.1101 1.1436 1.2144 1.2488 1.2151 1.0835 1.1497
22 83 1.0900 0.9859 1.0140 1.0717 1.0985 1.0668 0.9501 1.0066
22 84 0.9377 0.8479 0.8722 0.9225 0.9461 0.9191 0.8187 0.8677
22 85 1.2333 1.1165 1.1477 1.2110 1.2402 1.2010 1.0661 1.1280
22 86 1.1849 1.0694 1.1016 1.1695 1.2024 1.1698 1.0430 1.1067
22 87 0.9390 0.8475 0.8730 0.9268 0.9529 0.9270 0.8265 0.8770
22 88 1.1046 0.9999 1.0279 1.0846 1.1108 1.0654 0.9332 0.9836
22 89 1.0361 0.9354 0.9633 1.0222 1.0505 1.0218 0.9109 0.9664
22 90 0.9811 0.8870 0.9126 0.9654 0.9903 0.9620 0.8570 0.9083
22 91 1.2099 1.0916 1.1246 1.1948 1.2289 1.1959 1.0664 1.1318
22 92 1.1988 1.0828 1.1147 1.1816 1.2135 1.1799 1.0516 1.1152
22 93 1.1846 1.0691 1.1012 1.1692 1.2021 1.1695 1.0427 1.1064
22 94 0.9441 0.8531 0.8780 0.9301 0.9549 0.9282 0.8271 0.8770
22 95 0.9989 0.9002 0.9281 0.9882 1.0179 0.9915 0.8846 0.9394
22 96 0.8821 0.7955 0.8198 0.8720 0.8975 0.8738 0.7794 0.8275
22 97 1.1825 1.0680 1.0996 1.1656 1.1972 1.1641 1.0375 1.1003
22 98 1.1223 1.0160 1.0444 1.1021 1.1286 1.0885 0.9607 1.0148
22 99 1.2203 1.1010 1.1343 1.2052 1.2397 1.2065 1.0758 1.1418
22 100 0.9850 0.8892 0.9158 0.9720 0.9991 0.9719 0.8665 0.9193
22 101 1.0881 0.9850 1.0125 1.0684 1.0942 1.0042 0.8306 0.8566
22 102 0.9228 0.8324 0.8577 0.9117 0.9381 0.9131 0.8143 0.8642
22 103 0.9754 0.8798 0.9066 0.9637 0.9916 0.9651 0.8607 0.9135
22 104 1.0376 0.9362 0.9645 1.0246 1.0538 1.0255 0.9143 0.9702
22 105 0.9933 0.8961 0.9233 0.9813 1.0096 0.9826 0.8762 0.9300
22 106 1.0078 0.9094 0.9368 0.9951 1.0234 0.9958 0.8879 0.9422
22 107 1.2228 1.1030 1.1365 1.2079 1.2428 1.2096 1.0787 1.1448
22 108 1.0733 0.9709 0.9986 1.0552 1.0817 1.0504 0.9355 0.9910
22 109 0.8559 0.7726 0.7957 0.8445 0.8681 0.8444 0.7528 0.7986
22 110 1.2064 1.0884 1.1214 1.1915 1.2256 1.1927 1.0636 1.1287
22 111 0.9931 0.8958 0.9231 0.9813 1.0097 0.9828 0.8765 0.9303
22 112 1.0357 0.9340 0.9626 1.0237 1.0537 1.0258 0.9149 0.9712
22 113 1.0064 0.9081 0.9355 0.9938 1.0221 0.9946 0.8869 0.9411
22 114 1.1079 0.9993 1.0297 1.0946 1.1263 1.0964 0.9777 1.0378
22 115 0.9808 0.8844 0.9115 0.9694 0.9978 0.9714 0.8664 0.9198
22 116 1.0713 0.9661 0.9957 1.0590 1.0901 1.0614 0.9467 1.0050
22 117 0.9849 0.8885 0.9155 0.9728 1.0007 0.9739 0.8685 0.9218
22 118 0.9796 0.8849 0.9110 0.9655 0.9916 0.9641 0.8592 0.9112
22 119 1.2167 1.0981 1.1311 1.2009 1.2347 1.2013 1.0710 1.1364
22 120 1.1583 1.0486 1.0779 1.1375 1.1651 1.1308 1.0068 1.0662
22 121 1.0242 0.9243 0.9521 1.0111 1.0397 1.0117 0.9020 0.9572
22 122 1.0881 0.9850 1.0126 1.0686 1.0944 1.0598 0.9407 0.9953
22 123 1.0041 0.9066 0.9336 0.9904 1.0178 0.9899 0.8824 0.9360
22 124 1.1026 0.9982 1.0261 1.0828 1.1090 1.0753 0.9562 1.0123
22 125 1.0128 0.9136 0.9414 1.0004 1.0293 1.0018 0.8934 0.9482
23 0 1.2246 1.1082 1.1390 1.2018 1.2306 1.1931 1.0606 1.1223
23 1 1.3150 1.1894 1.2229 1.2921 1.3245 1.2861 1.1452 1.2134
23 2 1.0117 0.9157 0.9412 0.9928 1.0163 0.9843 0.8738 0.9240
23 3 1.0569 0.9567 0.9833 1.0372 1.0618 1.0286 0.9136 0.9663
23 4 1.2721 1.1508 1.1833 1.2500 1.2810 1.2437 1.1075 1.1732
23 5 1.0417 0.9429 0.9692 1.0224 1.0468 1.0156 0.9039 0.9569
23 6 0.9973 0.9028 0.9280 0.9787 1.0017 0.9679 0.8567 0.9048
23 7 1.1804 1.0677 1.0980 1.1602 1.1892 1.1547 1.0283 1.0894
23 8 0.9648 0.8734 0.8977 0.9470 0.9695 0.9402 0.8364 0.8853
23 9 1.1641 1.0534 1.0830 1.1433 1.1710 1.1365 1.0118 1.0715
23 10 1.0180 0.9215 0.9472 0.9992 1.0229 0.9919 0.8823 0.9338
23 11 1.1383 1.0304 1.0592 1.1171 1.1434 1.1061 0.9806 1.0365
23 12 1.0513 0.9516 0.9782 1.0319 1.0564 1.0249 0.9123 0.9657
23 13 1.1080 1.0030 1.0310 1.0874 1.1130 1.0756 0.9524 1.0062
23 14 1.1362 1.0283 1.0572 1.1156 1.1424 1.1086 0.9868 1.0448
23 15 1.0780 0.9758 1.0031 1.0581 1.0832 1.0507 0.9350 0.9896
23 16 1.1804 1.0686 1.0984 1.1586 1.1860 1.1498 1.0225 1.0820
23 17 0.9887 0.8950 0.9200 0.9704 0.9934 0.9634 0.8570 0.9070
23 18 0.8328 0.7540 0.7750 0.8174 0.8366 0.8088 0.7165 0.7571
23 19 1.0411 0.9425 0.9688 1.0218 1.0458 1.0114 0.8964 0.9475
23 20 1.1301 1.0231 1.0516 1.1093 1.1354 1.1005 0.9783 1.0350
23 21 1.2161 1.1010 1.1317 1.1936 1.2216 1.1804 1.0449 1.1039
23 22 1.0479 0.9487 0.9752 1.0285 1.0526 1.0167 0.8995 0.9501
23 24 1.1766 1.0651 1.0949 1.1549 1.1822 1.1467 1.0204 1.0799
23 25 1.0040 0.9089 0.9343 0.9855 1.0087 0.9775 0.8688 0.9191
23 26 1.1649 1.0530 1.0835 1.1463 1.1758 1.1422 1.0174 1.0780
23 27 1.1636 1.0534 1.0829 1.1421 1.1689 1.1299 1.0008 1.0575
23 28 1.3197 1.1947 1.2281 1.2954 1.3260 1.2858 1.1437 1.2102
23 29 1.0860 0.9832 1.0107 1.0660 1.0912 1.0576 0.9402 0.9947
23 30 1.0930 0.9891 1.0170 1.0736 1.0996 1.0670 0.9499 1.0056
23 31 1.1567 1.0472 1.0764 1.1353 1.1620 1.1231 0.9946 1.0510
23 32 1.1524 1.0433 1.0724 1.1311 1.1577 1.1192 0.9915 1.0478
23 33 1.0009 0.9061 0.9314 0.9825 1.0056 0.9753 0.8678 0.9183
23 34 1.1353 1.0278 1.0565 1.1143 1.1405 1.1027 0.9771 1.0326
23 35 0.9968 0.9024 0.9276 0.9785 1.0015 0.9709 0.8634 0.9135
23 36 1.0881 0.9851 1.0126 1.0681 1.0933 1.0603 0.9433 0.9982
23 37 1.0817 0.9792 1.0066 1.0617 1.0868 1.0538 0.9373 0.9918
23 38 1.0985 0.9944 1.0222 1.0782 1.1036 1.0699 0.9514 1.0066
23 39 1.1157 1.0101 1.0383 1.0951 1.1208 1.0833 0.9594 1.0137
23 40 1.1760 1.0647 1.0944 1.1543 1.1815 1.1445 1.0167 1.0753
23 41 1.2044 1.0904 1.1208 1.1822 1.2100 1.1718 1.0406 1.1005
23 42 1.0884 0.9853 1.0128 1.0683 1.0935 1.0605 0.9435 0.9984
23 43 1.1546 1.0453 1.0745 1.1333 1.1599 1.1206 0.9919 1.0479
23 44 1.0758 0.9739 1.0012 1.0559 1.0807 1.0433 0.9225 0.9742
23 45 0.9967 0.9023 0.9275 0.9783 1.0013 0.9701 0.8620 0.9117
23 46 1.2117 1.0969 1.1276 1.1893 1.2173 1.1788 1.0467 1.1069
23 47 1.1963 1.0830 1.1133 1.1742 1.2018 1.1629 1.0314 1.0904
23 48 0.9672 0.8756 0.9001 0.9493 0.9716 0.9400 0.8337 0.8813
23 49 1.0087 0.9132 0.9387 0.9901 1.0134 0.9817 0.8721 0.9224
23 50 1.1593 1.0495 1.0788 1.1379 1.1647 1.1295 1.0048 1.0632
23 51 0.8219 0.7441 0.7649 0.8068 0.8257 0.7997 0.7102 0.7510
23 52 1.0409 0.9423 0.9687 1.0217 1.0456 1.0082 0.8898 0.9392
23 53 1.0422 0.9435 0.9699 1.0229 1.0470 1.0136 0.8998 0.9514
23 54 1.0744 0.9726 0.9998 1.0545 1.0793 1.0441 0.9258 0.9785
23 55 1.1082 1.0033 1.0313 1.0877 1.1133 1.0660 0.9319 0.9806
23 56 1.0571 0.9570 0.9838 1.0376 1.0620 1.0285 0.9134 0.9658
23 57 1.0914 0.9881 1.0157 1.0713 1.0964 1.0530 0.9243 0.9738
23 58 0.8341 0.7552 0.7763 0.8188 0.8380 0.8114 0.7203 0.7616
23 59 1.0960 0.9922 1.0199 1.0759 1.1013 1.0682 0.9506 1.0059
23 60 1.2875 1.1656 1.1982 1.2637 1.2934 1.2512 1.1093 1.1725
23 61 0.8911 0.8067 0.8293 0.8747 0.8953 0.8673 0.7706 0.8149
23 62 1.1469 1.0380 1.0672 1.1262 1.1531 1.1187 0.9956 1.0536
23 63 1.0962 0.9924 1.0201 1.0759 1.1012 1.0668 0.9478 1.0024
23 64 1.0754 0.9736 1.0008 1.0556 1.0804 1.0456 0.9276 0.9806
23 65 1.1526 1.0429 1.0725 1.1323 1.1597 1.1254 1.0017 1.0602
23 66 1.0191 0.9220 0.9482 1.0014 1.0258 0.9955 0.8862 0.9380
23 67 1.3515 1.2235 1.2577 1.3266 1.3578 1.3170 1.1720 1.2401
23 68 0.9662 0.8735 0.8988 0.9507 0.9749 0.9467 0.8431 0.8929
23 69 1.1194 1.0134 1.0417 1.0987 1.1245 1.0856 0.9600 1.0138
23 70 1.2452 1.1273 1.1589 1.2222 1.2509 1.2071 1.0667 1.1263
23 71 1.1649 1.0543 1.0840 1.1440 1.1714 1.1365 1.0115 1.0704
23 72 1.2182 1.1029 1.1337 1.1957 1.2238 1.1772 1.0356 1.0920
23 73 1.2498 1.1315 1.1631 1.2267 1.2555 1.2100 1.0672 1.1262
23 74 1.1378 1.0301 1.0589 1.1169 1.1431 1.1076 0.9843 1.0410
23 75 0.8326 0.7537 0.7748 0.8172 0.8364 0.8103 0.7199 0.7613
23 76 1.3490 1.2209 1.2553 1.3249 1.3566 1.3162 1.1714 1.2396
23 77 1.2520 1.1335 1.1652 1.2290 1.2579 1.2186 1.0828 1.1451
23 78 1.0998 0.9956 1.0235 1.0795 1.1049 1.0703 0.9508 1.0055
23 79 1.1053 1.0006 1.0286 1.0849 1.1104 1.0758 0.9559 1.0109
23 80 1.2900 1.1678 1.2005 1.2663 1.2961 1.2572 1.1187 1.1837
23 81 1.2160 1.1008 1.1316 1.1936 1.2217 1.1847 1.0539 1.1150
23 82 1.3307 1.2044 1.2383 1.3067 1.3378 1.2978 1.1550 1.2223
23 83 1.2386 1.1213 1.1527 1.2157 1.2443 1.2031 1.0662 1.1266
23 84 1.0876 0.9846 1.0121 1.0675 1.0926 1.0570 0.9374 0.9908
23 85 1.2881 1.1662 1.1988 1.2643 1.2940 1.2472 1.1002 1.1611
23 86 1.1699 1.0590 1.0887 1.1485 1.1757 1.1404 1.0149 1.0738
23 87 1.1458 1.0372 1.0663 1.1249 1.1515 1.1169 0.9939 1.0517
23 88 1.2226 1.1068 1.1378 1.2000 1.2282 1.1727 1.0210 1.0734
23 89 1.2229 1.1071 1.1380 1.2003 1.2286 1.1913 1.0597 1.1211
23 90 1.0810 0.9786 1.0060 1.0610 1.0860 1.0508 0.9320 0.9851
23 91 1.2334 1.1162 1.1477 1.2115 1.2407 1.2038 1.0714 1.1338
23 92 1.1973 1.0839 1.1142 1.1752 1.2028 1.1655 1.0357 1.0953
23 93 1.1809 1.0690 1.0990 1.1594 1.1868 1.1512 1.0244 1.0839
23 94 1.1031 0.9986 1.0266 1.0827 1.1082 1.0733 0.9532 1.0079
23 95 1.1445 1.0346 1.0646 1.1262 1.1550 1.1216 0.9987 1.0577
23 96 1.1359 1.0274 1.0568 1.1168 1.1445 1.1109 0.9890 1.0470
23 97 1.1651 1.0548 1.0843 1.1436 1.1705 1.1342 1.0080 1.0661
23 98 1.1467 1.0381 1.0671 1.1255 1.1519 1.1057 0.9699 1.0219
23 99 1.2583 1.1387 1.1708 1.2360 1.2659 1.2282 1.0931 1.1568
23 100 1.1080 1.0031 1.0311 1.0876 1.1132 1.0796 0.9605 1.0162
23 101 1.2738 1.1532 1.1855 1.2503 1.2797 1.1737 0.9702 0.9993
23 102 1.1249 1.0177 1.0466 1.1054 1.1325 1.0989 0.9781 1.0351
23 103 1.1028 0.9977 1.0261 1.0837 1.1102 1.0773 0.9589 1.0148
23 104 1.1178 1.0116 1.0402 1.0979 1.1243 1.0907 0.9707 1.0271
23 105 1.1493 1.0398 1.0693 1.1292 1.1567 1.1224 0.9990 1.0572
23 106 1.1595 1.0494 1.0789 1.1387 1.1660 1.1311 1.0066 1.0650
23 107 1.2657 1.1452 1.1777 1.2437 1.2739 1.2361 1.1002 1.1643
23 108 1.0011 0.9063 0.9317 0.9826 1.0057 0.9723 0.8615 0.9102
23 109 1.0413 0.9427 0.9690 1.0221 1.0461 1.0145 0.9025 0.9547
23 110 1.2298 1.1129 1.1444 1.2081 1.2373 1.2004 1.0684 1.1305
23 111 1.2478 1.1289 1.1610 1.2262 1.2562 1.2191 1.0851 1.1484
23 112 1.1989 1.0844 1.1154 1.1786 1.2077 1.1722 1.0435 1.1045
23 113 1.1513 1.0420 1.0713 1.1308 1.1579 1.1233 0.9996 1.0577
23 114 1.3047 1.1804 1.2139 1.2821 1.3135 1.2746 1.1345 1.2007
23 115 1.1328 1.0246 1.0539 1.1136 1.1412 1.1076 0.9860 1.0437
23 116 1.2913 1.1679 1.2013 1.2695 1.3010 1.2628 1.1242 1.1900
23 117 1.0788 0.9762 1.0039 1.0599 1.0855 1.0532 0.9374 0.9920
23 118 1.0847 0.9820 1.0094 1.0647 1.0897 1.0557 0.9380 0.9919
23 119 1.2482 1.1299 1.1616 1.2253 1.2543 1.2166 1.0826 1.1453
23 120 1.1559 1.0465 1.0758 1.1346 1.1613 1.1217 0.9925 1.0483
23 121 1.2315 1.1147 1.1460 1.2092 1.2380 1.2008 1.0686 1.1306
23 122 1.0830 0.9805 1.0079 1.0631 1.0881 1.0486 0.9249 0.9761
23 123 1.1813 1.0694 1.0993 1.1595 1.1868 1.1505 1.0231 1.0822
23 124 1.0984 0.9944 1.0222 1.0781 1.1034 1.0648 0.9409 0.9934
23 125 1.2217 1.1054 1.1367 1.2003 1.2294 1.1929 1.0618 1.1236
24 0 1.1031 0.9983 1.0260 1.0826 1.1085 1.0748 0.9556 1.0112
24 1 1.1305 1.0224 1.0514 1.1110 1.1390 1.1061 0.9849 1.0435
24 2 1.0623 0.9615 0.9882 1.0424 1.0671 1.0336 0.9177 0.9705
24 3 1.1050 1.0002 1.0280 1.0844 1.1101 1.0755 0.9554 1.0106
24 4 1.0602 0.9590 0.9861 1.0419 1.0679 1.0369 0.9233 0.9782
24 5 1.1030 0.9984 1.0262 1.0827 1.1085 1.0756 0.9574 1.0136
24 6 1.0102 0.9145 0.9400 0.9914 1.0147 0.9805 0.8680 0.9168
24 7 1.2101 1.0944 1.1255 1.1896 1.2194 1.1842 1.0546 1.1173
24 8 1.0376 0.9393 0.9655 1.0185 1.0426 1.0113 0.8998 0.9524
24 9 1.2122 1.0969 1.1278 1.1908 1.2198 1.1840 1.0541 1.1163
24 10 1.0747 0.9728 1.0000 1.0548 1.0798 1.0473 0.9317 0.9862
24 11 0.8530 0.7721 0.7937 0.8371 0.8568 0.8290 0.7351 0.7770
24 12 1.1351 1.0274 1.0562 1.1143 1.1409 1.1070 0.9854 1.0432
24 13 1.0497 0.9503 0.9768 1.0302 1.0545 1.0192 0.9026 0.9536
24 14 1.0601 0.9594 0.9864 1.0411 1.0663 1.0347 0.9212 0.9753
24 15 0.7327 0.6633 0.6818 0.7192 0.7363 0.7143 0.6357 0.6729
24 16 1.2065 1.0922 1.1227 1.1843 1.2123 1.1754 1.0454 1.1063
24 17 1.0669 0.9659 0.9928 1.0473 1.0721 1.0398 0.9252 0.9792
24 18 0.8306 0.7519 0.7729 0.8152 0.8344 0.8068 0.7148 0.7554
24 19 0.7648 0.6923 0.7117 0.7506 0.7682 0.7431 0.6587 0.6962
24 20 1.1390 1.0311 1.0599 1.1180 1.1444 1.1093 0.9863 1.0436
24 21 1.2451 1.1272 1.1586 1.2220 1.2507 1.2086 1.0701 1.1305
24 22 0.8841 0.8003 0.8227 0.8677 0.8881 0.8579 0.7591 0.8019
24 23 1.1446 1.0361 1.0651 1.1237 1.1505 1.1162 0.9935 1.0516
24 25 0.8858 0.8019 0.8243 0.8694 0.8899 0.8625 0.7667 0.8112
24 26 0.8499 0.7682 0.7904 0.8365 0.8581 0.8336 0.7426 0.7869
24 27 1.1872 1.0748 1.1048 1.1652 1.1926 1.1530 1.0214 1.0793
24 28 1.2326 1.1159 1.1470 1.2099 1.2385 1.2011 1.0686 1.1308
24 29 1.0722 0.9706 0.9978 1.0524 1.0773 1.0443 0.9285 0.9824
24 30 0.8417 0.7617 0.7832 0.8269 0.8470 0.8220 0.7318 0.7748
24 31 1.1794 1.0677 1.0975 1.1576 1.1848 1.1453 1.0144 1.0719
24 32 1.1732 1.0621 1.0918 1.1515 1.1786 1.1396 1.0097 1.0671
24 33 0.8974 0.8124 0.8351 0.8809 0.9017 0.8746 0.7783 0.8237
24 34 1.1584 1.0487 1.0780 1.1370 1.1637 1.1253 0.9973 1.0540
24 35 1.0959 0.9921 1.0198 1.0757 1.1011 1.0676 0.9495 1.0047
24 36 0.7438 0.6733 0.6921 0.7301 0.7473 0.7248 0.6450 0.6826
24 37 0.8783 0.7951 0.8173 0.8621 0.8825 0.8558 0.7613 0.8056
24 38 1.0089 0.9133 0.9389 0.9903 1.0136 0.9828 0.8741 0.9249
24 39 1.1314 1.0243 1.0529 1.1105 1.1366 1.0987 0.9732 1.0284
24 40 1.1566 1.0471 1.0764 1.1353 1.1620 1.1258 1.0002 1.0580
24 41 1.2310 1.1144 1.1456 1.2083 1.2367 1.1979 1.0639 1.1252
24 42 0.8363 0.7571 0.7782 0.8209 0.8402 0.8150 0.7252 0.7675
24 43 1.1780 1.0664 1.0963 1.1562 1.1834 1.1434 1.0123 1.0695
24 44 1.0892 0.9860 1.0136 1.0690 1.0941 1.0564 0.9342 0.9867
24 45 1.0275 0.9302 0.9562 1.0085 1.0322 1.0002 0.8889 0.9403
24 46 1.2371 1.1200 1.1513 1.2143 1.2428 1.2037 1.0690 1.1306
24 47 1.0698 0.9685 0.9955 1.0500 1.0747 1.0400 0.9227 0.9754
24 48 0.8179 0.7404 0.7611 0.8028 0.8216 0.7951 0.7052 0.7455
24 49 0.7877 0.7131 0.7330 0.7731 0.7913 0.7667 0.6813 0.7206
24 50 1.1501 1.0412 1.0703 1.1289 1.1555 1.1207 0.9972 1.0552
24 51 1.0139 0.9179 0.9436 0.9952 1.0186 0.9867 0.8764 0.9269
24 52 1.0519 0.9523 0.9790 1.0325 1.0567 1.0190 0.8995 0.9495
24 53 1.0379 0.9396 0.9659 1.0187 1.0427 1.0096 0.8964 0.9478
24 54 1.1147 1.0091 1.0374 1.0941 1.1198 1.0834 0.9608 1.0157
24 55 1.1204 1.0143 1.0427 1.0997 1.1255 1.0779 0.9424 0.9918
24 56 0.9748 0.8825 0.9072 0.9568 0.9793 0.9486 0.8425 0.8910
24 57 1.1153 1.0097 1.0379 1.0947 1.1203 1.0761 0.9447 0.9955
24 58 1.0396 0.9412 0.9675 1.0204 1.0444 1.0114 0.8981 0.9496
24 59 0.7668 0.6941 0.7136 0.7529 0.7708 0.7477 0.6654 0.7041
24 60 1.2855 1.1638 1.1963 1.2618 1.2914 1.2494 1.1080 1.1711
24 61 0.7524 0.6812 0.7002 0.7385 0.7559 0.7324 0.6508 0.6883
24 62 1.1519 1.0425 1.0719 1.1313 1.1585 1.1240 1.0004 1.0588
24 63 1.1276 1.0209 1.0494 1.1068 1.1329 1.0976 0.9753 1.0316
24 64 1.0770 0.9750 1.0023 1.0571 1.0819 1.0472 0.9292 0.9824
24 65 1.0614 0.9604 0.9876 1.0429 1.0683 1.0367 0.9228 0.9768
24 66 1.0783 0.9755 1.0032 1.0597 1.0857 1.0537 0.9380 0.9930
24 67 1.3844 1.2532 1.2884 1.3592 1.3913 1.3496 1.2011 1.2710
24 68 0.8743 0.7903 0.8132 0.8604 0.8824 0.8570 0.7632 0.8084
24 69 1.1339 1.0265 1.0552 1.1129 1.1391 1.0999 0.9728 1.0274
24 70 1.0565 0.9565 0.9832 1.0370 1.0613 1.0243 0.9054 0.9560
24 71 1.1447 1.0360 1.0652 1.1244 1.1514 1.1171 0.9943 1.0524
24 72 1.2183 1.1030 1.1338 1.1958 1.2239 1.1774 1.0360 1.0925
24 73 1.2460 1.1280 1.1595 1.2230 1.2517 1.2064 1.0643 1.1232
24 74 1.0802 0.9779 1.0052 1.0603 1.0852 1.0516 0.9347 0.9886
24 75 1.1275 1.0208 1.0493 1.1068 1.1328 1.0976 0.9753 1.0315
24 76 1.3792 1.2481 1.2833 1.3547 1.3873 1.3461 1.1981 1.2680
24 77 0.8793 0.7961 0.8183 0.8631 0.8834 0.8560 0.7607 0.8045
24 78 0.8253 0.7471 0.7680 0.8100 0.8291 0.8033 0.7137 0.7548
24 79 0.8614 0.7799 0.8017 0.8456 0.8654 0.8386 0.7453 0.7882
24 80 1.1565 1.0469 1.0763 1.1355 1.1623 1.1275 1.0034 1.0617
24 81 1.1140 1.0085 1.0367 1.0934 1.1192 1.0855 0.9659 1.0219
24 82 1.2216 1.1056 1.1368 1.1998 1.2286 1.1919 1.0609 1.1227
24 83 1.2596 1.1403 1.1722 1.2364 1.2654 1.2237 1.0846 1.1462
24 84 1.0234 0.9265 0.9524 1.0045 1.0281 0.9948 0.8824 0.9327
24 85 1.2796 1.1585 1.1909 1.2560 1.2855 1.2391 1.0934 1.1539
24 86 1.0859 0.9829 1.0105 1.0662 1.0916 1.0589 0.9424 0.9972
24 87 1.0757 0.9737 1.0011 1.0563 1.0814 1.0490 0.9336 0.9879
24 88 1.1342 1.0268 1.0555 1.1133 1.1394 1.0881 0.9475 0.9961
24 89 1.0526 0.9530 0.9796 1.0332 1.0576 1.0256 0.9125 0.9654
24 90 0.9592 0.8684 0.8927 0.9415 0.9636 0.9326 0.8273 0.8745
24 91 1.1260 1.0188 1.0477 1.1062 1.1330 1.0993 0.9785 1.0356
24 92 1.1177 1.0119 1.0402 1.0972 1.1229 1.0882 0.9672 1.0230
24 93 1.0084 0.9127 0.9384 0.9902 1.0137 0.9834 0.8751 0.9260
24 94 1.0366 0.9384 0.9647 1.0175 1.0414 1.0087 0.8960 0.9475
24 95 0.9209 0.8324 0.8566 0.9063 0.9296 0.9028 0.8040 0.8515
24 96 0.7495 0.6779 0.6973 0.7370 0.7554 0.7333 0.6529 0.6912
24 97 1.0965 0.9927 1.0204 1.0763 1.1016 1.0676 0.9490 1.0037
24 98 1.1537 1.0445 1.0737 1.1324 1.1590 1.1127 0.9762 1.0286
24 99 1.0655 0.9641 0.9914 1.0469 1.0722 1.0404 0.9261 0.9801
24 100 0.9912 0.8974 0.9225 0.9730 0.9960 0.9660 0.8596 0.9095
24 101 1.2676 1.1476 1.1797 1.2443 1.2735 1.1680 0.9655 0.9943
24 102 0.8300 0.7508 0.7722 0.8158 0.8358 0.8111 0.7220 0.7642
24 103 0.8795 0.7956 0.8183 0.8644 0.8856 0.8595 0.7650 0.8097
24 104 0.9899 0.8957 0.9211 0.9724 0.9959 0.9662 0.8599 0.9100
24 105 0.8992 0.8135 0.8367 0.8837 0.9053 0.8785 0.7820 0.8276
24 106 0.9231 0.8354 0.8590 0.9067 0.9285 0.9009 0.8017 0.8484
24 107 1.1496 1.0401 1.0696 1.1298 1.1574 1.1232 0.9997 1.0581
24 108 1.0815 0.9791 1.0065 1.0616 1.0865 1.0506 0.9310 0.9838
24 109 0.8922 0.8077 0.8303 0.8758 0.8964 0.8694 0.7736 0.8184
24 110 1.0376 0.9388 0.9654 1.0194 1.0441 1.0131 0.9017 0.9543
24 111 0.9175 0.8300 0.8537 0.9018 0.9240 0.8968 0.7983 0.8449
24 112 0.9691 0.8765 0.9016 0.9529 0.9766 0.9479 0.8439 0.8933
24 113 0.9310 0.8425 0.8663 0.9145 0.9365 0.9086 0.8087 0.8558
24 114 1.0813 0.9781 1.0060 1.0627 1.0889 1.0567 0.9406 0.9956
24 115 1.0446 0.9448 0.9718 1.0271 1.0527 1.0218 0.9097 0.9630
24 116 1.0272 0.9290 0.9556 1.0101 1.0353 1.0050 0.8947 0.9472
24 117 0.9196 0.8320 0.8556 0.9035 0.9255 0.8981 0.7993 0.8460
24 118 0.9119 0.8256 0.8487 0.8951 0.9162 0.8878 0.7889 0.8343
24 119 1.1118 1.0063 1.0346 1.0916 1.1175 1.0840 0.9647 1.0207
24 120 1.1586 1.0489 1.0782 1.1372 1.1639 1.1244 0.9951 1.0511
24 121 0.9653 0.8737 0.8983 0.9480 0.9706 0.9416 0.8380 0.8867
24 122 1.0880 0.9850 1.0126 1.0680 1.0930 1.0536 0.9295 0.9809
24 123 0.9447 0.8553 0.8792 0.9274 0.9492 0.9203 0.8185 0.8659
24 124 1.1028 0.9984 1.0264 1.0825 1.1080 1.0693 0.9451 0.9979
24 125 0.9600 0.8686 0.8933 0.9434 0.9664 0.9378 0.8347 0.8835
25 0 1.0067 0.9109 0.9363 0.9882 1.0121 0.9821 0.8739 0.9251
25 1 1.0381 0.9383 0.9652 1.0212 1.0477 1.0179 0.9066 0.9610
25 2 0.9420 0.8526 0.8763 0.9243 0.9463 0.9173 0.8154 0.8626
25 3 0.9817 0.8886 0.9133 0.9634 0.9862 0.9563 0.8505 0.8999
25 4 0.9021 0.8155 0.8389 0.8874 0.9102 0.8842 0.7876 0.8347
25 5 0.9096 0.8228 0.8461 0.8937 0.9158 0.8890 0.7916 0.8383
25 6 0.9370 0.8482 0.8718 0.9195 0.9412 0.9103 0.8068 0.8524
25 7 1.0963 0.9909 1.0195 1.0788 1.1068 1.0753 0.9579 1.0153
25 8 0.8615 0.7795 0.8015 0.8462 0.8668 0.8413 0.7490 0.7931
25 9 1.0655 0.9635 0.9911 1.0477 1.0741 1.0431 0.9290 0.9842
25 10 0.9563 0.8653 0.8897 0.9392 0.9620 0.9336 0.8311 0.8800
25 11 1.0797 0.9774 1.0046 1.0597 1.0847 1.0503 0.9324 0.9860
25 12 0.8725 0.7893 0.8117 0.8575 0.8786 0.8529 0.7595 0.8044
25 13 0.9361 0.8474 0.8711 0.9188 0.9404 0.9098 0.8066 0.8525
25 14 0.9482 0.8576 0.8821 0.9322 0.9555 0.9277 0.8262 0.8751
25 15 0.9954 0.9006 0.9261 0.9781 1.0020 0.9726 0.8660 0.9171
25 16 1.1159 1.0099 1.0383 1.0957 1.1220 1.0888 0.9692 1.0261
25 17 0.7792 0.7051 0.7250 0.7655 0.7841 0.7609 0.6775 0.7173
25 18 0.5743 0.5199 0.5344 0.5637 0.5769 0.5583 0.4953 0.5236
25 19 0.9831 0.8899 0.9148 0.9649 0.9876 0.9561 0.8486 0.8973
25 20 1.0365 0.9382 0.9645 1.0175 1.0417 1.0107 0.8996 0.9522
25 21 1.1694 1.0586 1.0882 1.1478 1.1748 1.1363 1.0073 1.0646
25 22 0.9969 0.9025 0.9277 0.9785 1.0015 0.9683 0.8579 0.9066
25 23 0.9016 0.8156 0.8388 0.8860 0.9079 0.8813 0.7847 0.8309
25 24 1.1018 0.9968 1.0251 1.0827 1.1092 1.0766 0.9585 1.0150
25 26 1.0945 0.9887 1.0177 1.0784 1.1072 1.0762 0.9590 1.0167
25 27 1.1125 1.0071 1.0353 1.0920 1.1177 1.0815 0.9593 1.0141
25 28 1.1610 1.0506 1.0802 1.1404 1.1680 1.1335 1.0091 1.0684
25 29 0.7744 0.7010 0.7206 0.7603 0.7784 0.7552 0.6722 0.7115
25 30 1.0334 0.9346 0.9613 1.0163 1.0419 1.0117 0.9010 0.9544
25 31 1.1105 1.0053 1.0334 1.0900 1.1157 1.0795 0.9573 1.0121
25 32 1.1106 1.0054 1.0335 1.0901 1.1158 1.0799 0.9580 1.0129
25 33 0.7424 0.6717 0.6907 0.7294 0.7472 0.7252 0.6456 0.6836
25 34 1.0918 0.9884 1.0161 1.0717 1.0970 1.0618 0.9421 0.9962
25 35 0.9970 0.9023 0.9277 0.9791 1.0026 0.9728 0.8660 0.9168
25 36 1.0283 0.9305 0.9568 1.0103 1.0349 1.0044 0.8942 0.9468
25 37 1.0317 0.9336 0.9600 1.0134 1.0379 1.0072 0.8967 0.9493
25 38 0.7438 0.6732 0.6921 0.7304 0.7479 0.7257 0.6460 0.6839
25 39 1.0769 0.9749 1.0022 1.0571 1.0820 1.0469 0.9285 0.9816
25 40 1.0785 0.9763 1.0036 1.0586 1.0836 1.0508 0.9348 0.9893
25 41 1.1593 1.0495 1.0789 1.1380 1.1648 1.1293 1.0043 1.0627
25 42 1.0296 0.9316 0.9580 1.0116 1.0363 1.0057 0.8954 0.9481
25 43 1.1068 1.0019 1.0300 1.0864 1.1119 1.0754 0.9533 1.0076
25 44 1.0364 0.9382 0.9645 1.0173 1.0412 1.0063 0.8910 0.9415
25 45 0.7498 0.6788 0.6978 0.7360 0.7534 0.7307 0.6502 0.6881
25 46 1.1701 1.0593 1.0889 1.1486 1.1756 1.1397 1.0135 1.0723
25 47 1.1591 1.0493 1.0787 1.1378 1.1646 1.1281 1.0020 1.0598
25 48 0.7052 0.6384 0.6562 0.6922 0.7085 0.6862 0.6095 0.6446
25 49 0.9598 0.8689 0.8932 0.9422 0.9644 0.9353 0.8321 0.8806
25 50 1.0674 0.9658 0.9932 1.0487 1.0742 1.0425 0.9280 0.9826
25 51 0.8647 0.7828 0.8047 0.8488 0.8688 0.8423 0.7491 0.7926
25 52 1.0020 0.9071 0.9325 0.9835 1.0067 0.9716 0.8588 0.9069
25 53 0.7830 0.7088 0.7287 0.7686 0.7867 0.7625 0.6778 0.7171
25 54 1.0373 0.9391 0.9653 1.0182 1.0422 1.0093 0.8962 0.9478
25 55 1.0598 0.9594 0.9862 1.0402 1.0647 1.0206 0.8934 0.9406
25 56 0.7998 0.7241 0.7444 0.7851 0.8036 0.7791 0.6929 0.7331
25 57 1.0534 0.9537 0.9804 1.0340 1.0584 1.0175 0.8944 0.9429
25 58 0.6852 0.6203 0.6377 0.6726 0.6884 0.6673 0.5933 0.6276
25 59 1.0546 0.9540 0.9812 1.0365 1.0620 1.0308 0.9177 0.9717
25 60 1.2354 1.1184 1.1497 1.2127 1.2412 1.2020 1.0673 1.1287
25 61 0.6957 0.6299 0.6475 0.6829 0.6990 0.6780 0.6032 0.6383
25 62 0.8603 0.7781 0.8003 0.8458 0.8669 0.8415 0.7493 0.7935
25 63 0.8762 0.7933 0.8155 0.8601 0.8804 0.8538 0.7597 0.8039
25 64 0.9042 0.8186 0.8415 0.8876 0.9085 0.8802 0.7820 0.8272
25 65 0.7960 0.7197 0.7405 0.7829 0.8027 0.7794 0.6940 0.7351
25 66 1.0044 0.9081 0.9343 0.9881 1.0132 0.9839 0.8762 0.9281
25 67 1.3115 1.1865 1.2202 1.2889 1.3205 1.2817 1.1411 1.2082
25 68 0.7567 0.6836 0.7037 0.7455 0.7652 0.7436 0.6625 0.7021
25 69 1.0841 0.9814 1.0089 1.0641 1.0891 1.0527 0.9322 0.9851
25 70 1.2075 1.0932 1.1238 1.1853 1.2132 1.1720 1.0372 1.0957
25 71 0.8479 0.7669 0.7888 0.8337 0.8545 0.8295 0.7386 0.7822
25 72 1.1717 1.0608 1.0904 1.1501 1.1772 1.1336 0.9987 1.0536
25 73 1.1956 1.0824 1.1127 1.1736 1.2012 1.1589 1.0237 1.0809
25 74 0.9107 0.8245 0.8475 0.8940 0.9151 0.8876 0.7899 0.8359
25 75 0.8221 0.7443 0.7651 0.8070 0.8260 0.8011 0.7128 0.7542
25 76 1.3121 1.1867 1.2207 1.2902 1.3224 1.2838 1.1431 1.2105
25 77 1.2250 1.1090 1.1400 1.2025 1.2308 1.1938 1.0622 1.1240
25 78 0.7465 0.6758 0.6947 0.7328 0.7500 0.7274 0.6471 0.6847
25 79 0.7910 0.7161 0.7361 0.7764 0.7948 0.7708 0.6859 0.7258
25 80 1.0169 0.9199 0.9461 0.9994 1.0240 0.9938 0.8848 0.9368
25 81 0.9783 0.8852 0.9103 0.9613 0.9847 0.9556 0.8507 0.9006
25 82 1.1596 1.0488 1.0788 1.1401 1.1684 1.1342 1.0099 1.0694
25 83 1.2069 1.0926 1.1232 1.1847 1.2126 1.1738 1.0417 1.1014
25 84 1.0646 0.9638 0.9907 1.0450 1.0696 1.0360 0.9201 0.9731
25 85 1.2371 1.1200 1.1513 1.2143 1.2429 1.1993 1.0595 1.1188
25 86 0.9457 0.8555 0.8799 0.9296 0.9525 0.9245 0.8231 0.8715
25 87 1.1172 1.0106 1.0394 1.0981 1.1252 1.0921 0.9723 1.0295
25 88 1.0825 0.9800 1.0074 1.0626 1.0876 1.0396 0.9064 0.9533
25 89 1.0099 0.9138 0.9397 0.9922 1.0163 0.9863 0.8780 0.9294
25 90 0.9397 0.8507 0.8745 0.9224 0.9441 0.9145 0.8124 0.8592
25 91 0.9927 0.8977 0.9235 0.9763 1.0008 0.9717 0.8652 0.9163
25 92 1.0050 0.9098 0.9353 0.9866 1.0098 0.9796 0.8718 0.9225
25 93 0.9956 0.9007 0.9263 0.9787 1.0028 0.9734 0.8666 0.9175
25 94 1.0793 0.9771 1.0045 1.0595 1.0845 1.0515 0.9352 0.9895
25 95 1.0103 0.9127 0.9395 0.9954 1.0218 0.9930 0.8846 0.9375
25 96 0.7065 0.6385 0.6571 0.6955 0.7134 0.6930 0.6172 0.6538
25 97 0.9212 0.8340 0.8573 0.9044 0.9258 0.8980 0.7992 0.8458
25 98 1.1038 0.9993 1.0273 1.0835 1.1090 1.0657 0.9361 0.9869
25 99 1.0258 0.9276 0.9543 1.0089 1.0342 1.0042 0.8942 0.9469
25 100 0.9647 0.8728 0.8976 0.9480 0.9711 0.9425 0.8390 0.8883
25 101 1.2274 1.1112 1.1423 1.2048 1.2332 1.1311 0.9350 0.9631
25 102 0.7757 0.7013 0.7216 0.7633 0.7827 0.7600 0.6768 0.7167
25 103 0.9728 0.8795 0.9049 0.9571 0.9814 0.9530 0.8487 0.8987
25 104 0.9631 0.8710 0.8960 0.9471 0.9708 0.9425 0.8391 0.8885
25 105 1.0030 0.9069 0.9331 0.9868 1.0118 0.9824 0.8748 0.9264
25 106 1.0120 0.9153 0.9415 0.9951 1.0199 0.9901 0.8816 0.9334
25 107 1.0382 0.9387 0.9658 1.0214 1.0472 1.0169 0.9055 0.9589
25 108 0.9892 0.8955 0.9206 0.9710 0.9939 0.9620 0.8536 0.9024
25 109 0.8337 0.7543 0.7757 0.8192 0.8392 0.8144 0.7250 0.7674
25 110 1.0402 0.9407 0.9677 1.0231 1.0489 1.0183 0.9067 0.9601
25 111 1.0896 0.9851 1.0135 1.0721 1.0994 1.0677 0.9508 1.0069
25 112 1.0512 0.9502 0.9778 1.0347 1.0614 1.0309 0.9181 0.9724
25 113 1.0186 0.9212 0.9476 1.0017 1.0267 0.9967 0.8874 0.9397
25 114 1.1142 1.0074 1.0365 1.0963 1.1242 1.0917 0.9722 1.0296
25 115 1.0277 0.9289 0.9559 1.0116 1.0376 1.0078 0.8976 0.9507
25 116 1.1087 1.0021 1.0313 1.0914 1.1196 1.0875 0.9686 1.0260
25 117 0.9664 0.8739 0.8990 0.9506 0.9745 0.9462 0.8426 0.8922
25 118 0.9896 0.8959 0.9210 0.9714 0.9944 0.9645 0.8582 0.9081
25 119 1.0647 0.9631 0.9906 1.0465 1.0723 1.0408 0.9266 0.9810
25 120 1.1370 1.0294 1.0582 1.1162 1.1425 1.1047 0.9789 1.0346
25 121 1.0756 0.9729 1.0007 1.0575 1.0837 1.0520 0.9366 0.9916
25 122 1.0668 0.9658 0.9928 1.0472 1.0719 1.0342 0.9135 0.9646
25 123 1.0437 0.9445 0.9712 1.0252 1.0499 1.0187 0.9068 0.9597
25 124 1.0821 0.9796 1.0070 1.0622 1.0872 1.0503 0.9295 0.9820
25 125 1.0887 0.9844 1.0128 1.0710 1.0981 1.0663 0.9495 1.0055
26 0 1.0680 0.9665 0.9933 1.0480 1.0731 1.0383 0.9205 0.9734
26 1 1.1157 1.0098 1.0379 1.0953 1.1218 1.0875 0.9666 1.0233
26 2 1.0255 0.9282 0.9540 1.0063 1.0302 0.9957 0.8815 0.9315
26 3 1.0913 0.9878 1.0153 1.0710 1.0963 1.0599 0.9388 0.9922
26 4 1.1407 1.0325 1.0612 1.1197 1.1466 1.1114 0.9878 1.0456
26 5 1.0877 0.9846 1.0120 1.0676 1.0930 1.0583 0.9393 0.9936
26 6 0.9381 0.8492 0.8728 0.9206 0.9422 0.9085 0.8019 0.8463
26 7 1.1995 1.0858 1.1161 1.1775 1.2058 1.1690 1.0393 1.1001
26 8 1.0602 0.9597 0.9865 1.0406 1.0652 1.0310 0.9146 0.9672
26 9 1.1619 1.0518 1.0811 1.1406 1.1677 1.1313 1.0048 1.0632
26 10 1.0919 0.9884 1.0160 1.0717 1.0971 1.0617 0.9417 0.9958
26 11 1.1462 1.0376 1.0665 1.1249 1.1513 1.1115 0.9826 1.0377
26 12 1.1672 1.0566 1.0861 1.1457 1.1729 1.1356 1.0080 1.0661
26 13 1.0632 0.9625 0.9894 1.0435 1.0680 1.0300 0.9094 0.9599
26 14 1.1121 1.0067 1.0348 1.0917 1.1176 1.0823 0.9611 1.0166
26 15 0.8700 0.7876 0.8096 0.8540 0.8742 0.8462 0.7509 0.7941
26 16 1.1928 1.0798 1.1100 1.1708 1.1984 1.1595 1.0282 1.0870
26 17 1.0926 0.9891 1.0167 1.0724 1.0977 1.0624 0.9424 0.9965
26 18 0.9324 0.8441 0.8677 0.9151 0.9366 0.9036 0.7982 0.8426
26 19 0.9881 0.8945 0.9195 0.9698 0.9926 0.9579 0.8466 0.8939
26 20 1.2054 1.0912 1.1217 1.1831 1.2110 1.1713 1.0383 1.0975
26 21 1.3625 1.2334 1.2679 1.3372 1.3686 1.3196 1.1648 1.2293
26 22 1.0664 0.9654 0.9924 1.0467 1.0712 1.0325 0.9109 0.9611
26 23 1.1655 1.0551 1.0846 1.1440 1.1711 1.1337 1.0062 1.0639
26 24 0.7759 0.7024 0.7221 0.7616 0.7796 0.7546 0.6696 0.7080
26 25 1.0598 0.9594 0.9862 1.0402 1.0647 1.0296 0.9125 0.9644
26 27 1.1762 1.0648 1.0946 1.1544 1.1815 1.1397 1.0065 1.0625
26 28 1.2207 1.1051 1.1360 1.1982 1.2265 1.1868 1.0526 1.1127
26 29 1.0931 0.9895 1.0172 1.0729 1.0982 1.0621 0.9415 0.9950
26 30 0.8165 0.7392 0.7598 0.8015 0.8205 0.7947 0.7058 0.7464
26 31 1.1989 1.0854 1.1157 1.1767 1.2043 1.1615 1.0257 1.0826
26 32 1.1853 1.0730 1.1030 1.1634 1.1906 1.1486 1.0146 1.0710
26 33 0.8831 0.7995 0.8218 0.8669 0.8873 0.8587 0.7618 0.8053
26 34 1.2126 1.0977 1.1284 1.1901 1.2180 1.1752 1.0383 1.0961
26 35 1.1712 1.0602 1.0899 1.1496 1.1766 1.1383 1.0093 1.0667
26 36 0.8570 0.7759 0.7975 0.8412 0.8611 0.8333 0.7392 0.7814
26 37 0.8991 0.8140 0.8367 0.8825 0.9033 0.8740 0.7752 0.8194
26 38 0.8792 0.7959 0.8182 0.8630 0.8833 0.8545 0.7576 0.8007
26 39 1.1302 1.0232 1.0518 1.1093 1.1353 1.0950 0.9669 1.0205
26 40 1.2333 1.1165 1.1477 1.2105 1.2390 1.1976 1.0608 1.1207
26 41 1.3298 1.2038 1.2375 1.3052 1.3359 1.2910 1.1431 1.2075
26 42 0.7944 0.7191 0.7392 0.7797 0.7981 0.7724 0.6852 0.7243
26 43 1.1677 1.0572 1.0867 1.1461 1.1730 1.1309 0.9980 1.0532
26 44 1.1198 1.0138 1.0421 1.0991 1.1249 1.0836 0.9553 1.0077
26 45 1.0451 0.9461 0.9726 1.0258 1.0499 1.0150 0.8992 0.9501
26 46 1.3280 1.2022 1.2358 1.3034 1.3340 1.2891 1.1413 1.2056
26 47 1.2724 1.1519 1.1841 1.2489 1.2782 1.2341 1.0914 1.1525
26 48 0.9547 0.8643 0.8884 0.9370 0.9590 0.9259 0.8187 0.8645
26 49 0.7193 0.6512 0.6694 0.7060 0.7226 0.6985 0.6187 0.6537
26 50 1.2260 1.1099 1.1409 1.2034 1.2317 1.1919 1.0572 1.1174
26 51 1.1633 1.0531 1.0826 1.1418 1.1686 1.1294 1.0000 1.0563
26 52 1.0642 0.9634 0.9904 1.0445 1.0690 1.0285 0.9051 0.9542
26 53 0.9354 0.8468 0.8705 0.9181 0.9396 0.9078 0.8034 0.8485
26 54 1.1806 1.0688 1.0987 1.1588 1.1860 1.1449 1.0121 1.0686
26 55 1.1127 1.0073 1.0355 1.0921 1.1177 1.0681 0.9310 0.9785
26 56 0.8907 0.8063 0.8289 0.8742 0.8947 0.8647 0.7656 0.8086
26 57 1.0148 0.9187 0.9444 0.9961 1.0194 0.9770 0.8550 0.8998
26 58 0.9322 0.8440 0.8676 0.9150 0.9365 0.9048 0.8009 0.8458
26 59 0.7251 0.6564 0.6748 0.7117 0.7285 0.7051 0.6257 0.6613
26 60 1.2746 1.1539 1.1862 1.2510 1.2804 1.2359 1.0926 1.1534
26 61 0.9460 0.8564 0.8804 0.9286 0.9504 0.9187 0.8138 0.8597
26 62 1.1056 1.0009 1.0289 1.0853 1.1108 1.0755 0.9547 1.0092
26 63 1.0119 0.9161 0.9417 0.9933 1.0166 0.9827 0.8705 0.9195
26 64 1.0899 0.9867 1.0143 1.0698 1.0949 1.0573 0.9353 0.9875
26 65 0.9937 0.8996 0.9248 0.9755 0.9985 0.9671 0.8589 0.9080
26 66 1.1373 1.0296 1.0584 1.1164 1.1427 1.1070 0.9834 1.0396
26 67 1.5731 1.4241 1.4639 1.5441 1.5804 1.5296 1.3572 1.4344
26 68 1.0669 0.9659 0.9929 1.0474 1.0721 1.0398 0.9251 0.9785
26 69 1.1483 1.0396 1.0687 1.1271 1.1535 1.1113 0.9798 1.0335
26 70 1.2017 1.0880 1.1184 1.1795 1.2072 1.1624 1.0242 1.0801
26 71 1.0658 0.9649 0.9918 1.0462 1.0708 1.0368 0.9204 0.9729
26 72 1.3601 1.2314 1.2658 1.3350 1.3663 1.3114 1.1503 1.2114
26 73 1.2368 1.1197 1.1510 1.2139 1.2423 1.1947 1.0507 1.1074
26 74 1.2051 1.0910 1.1215 1.1829 1.2107 1.1706 1.0371 1.0956
26 75 1.0082 0.9128 0.9383 0.9896 1.0129 0.9791 0.8673 0.9161
26 76 1.5434 1.3972 1.4363 1.5149 1.5506 1.5014 1.3329 1.4088
26 77 0.8728 0.7902 0.8123 0.8567 0.8768 0.8477 0.7509 0.7932
26 78 0.8304 0.7517 0.7728 0.8150 0.8342 0.8063 0.7142 0.7543
26 79 0.9634 0.8722 0.8966 0.9456 0.9678 0.9356 0.8289 0.8755
26 80 1.1812 1.0694 1.0993 1.1595 1.1867 1.1486 1.0191 1.0770
26 81 1.0511 0.9516 0.9782 1.0317 1.0560 1.0218 0.9064 0.9577
26 82 1.2985 1.1756 1.2084 1.2746 1.3046 1.2630 1.1211 1.1849
26 83 1.3317 1.2056 1.2393 1.3071 1.3377 1.2907 1.1404 1.2036
26 84 1.1119 1.0066 1.0348 1.0914 1.1170 1.0783 0.9534 1.0065
26 85 1.3304 1.2044 1.2381 1.3058 1.3364 1.2853 1.1305 1.1915
26 86 1.1245 1.0180 1.0465 1.1038 1.1297 1.0935 0.9704 1.0255
26 87 1.1934 1.0804 1.1107 1.1715 1.1990 1.1606 1.0299 1.0883
26 88 1.1861 1.0738 1.1038 1.1642 1.1914 1.1353 0.9856 1.0348
26 89 1.0548 0.9549 0.9816 1.0353 1.0596 1.0253 0.9093 0.9608
26 90 0.9678 0.8762 0.9007 0.9500 0.9722 0.9387 0.8302 0.8764
26 91 1.0635 0.9628 0.9897 1.0439 1.0685 1.0347 0.9187 0.9710
26 92 1.1452 1.0368 1.0658 1.1241 1.1505 1.1123 0.9856 1.0410
26 93 1.0198 0.9232 0.9491 1.0010 1.0245 0.9917 0.8800 0.9299
26 94 1.1332 1.0259 1.0546 1.1123 1.1384 1.1002 0.9742 1.0288
26 95 1.0177 0.9213 0.9471 0.9991 1.0227 0.9919 0.8825 0.9333
26 96 0.8499 0.7694 0.7910 0.8343 0.8539 0.8276 0.7356 0.7777
26 97 1.0809 0.9785 1.0059 1.0609 1.0858 1.0499 0.9303 0.9826
26 98 1.2472 1.1292 1.1607 1.2242 1.2529 1.2001 1.0495 1.1044
26 99 1.1755 1.0642 1.0939 1.1538 1.1810 1.1437 1.0155 1.0733
26 100 0.9857 0.8924 0.9173 0.9675 0.9903 0.9583 0.8501 0.8982
26 101 1.3707 1.2410 1.2757 1.3454 1.3769 1.2625 1.0433 1.0736
26 102 0.9122 0.8258 0.8489 0.8954 0.9165 0.8878 0.7886 0.8336
26 103 0.9779 0.8853 0.9101 0.9599 0.9825 0.9517 0.8454 0.8935
26 104 1.0627 0.9621 0.9890 1.0432 1.0677 1.0338 0.9178 0.9699
26 105 1.0016 0.9067 0.9321 0.9831 1.0063 0.9746 0.8656 0.9149
26 106 1.0203 0.9237 0.9495 1.0015 1.0250 0.9924 0.8809 0.9309
26 107 1.1823 1.0703 1.1003 1.1605 1.1878 1.1505 1.0218 1.0800
26 108 1.0996 0.9955 1.0233 1.0793 1.1046 1.0656 0.9413 0.9933
26 109 0.9239 0.8364 0.8598 0.9069 0.9282 0.8981 0.7966 0.8417
26 110 1.1023 0.9979 1.0259 1.0820 1.1075 1.0724 0.9522 1.0064
26 111 1.0054 0.9102 0.9357 0.9869 1.0102 0.9785 0.8693 0.9188
26 112 1.0649 0.9641 0.9911 1.0453 1.0699 1.0368 0.9214 0.9740
26 113 1.0200 0.9234 0.9493 1.0012 1.0247 0.9922 0.8808 0.9308
26 114 1.1597 1.0499 1.0793 1.1384 1.1651 1.1286 1.0026 1.0597
26 115 1.1027 0.9983 1.0262 1.0824 1.1079 1.0736 0.9541 1.0086
26 116 1.1143 1.0088 1.0370 1.0938 1.1195 1.0849 0.9643 1.0194
26 117 0.9955 0.9013 0.9265 0.9772 1.0002 0.9686 0.8601 0.9090
26 118 0.9802 0.8874 0.9122 0.9621 0.9847 0.9519 0.8432 0.8906
26 119 1.0331 0.9353 0.9614 1.0140 1.0379 1.0045 0.8913 0.9417
26 120 1.2126 1.0978 1.1285 1.1902 1.2181 1.1740 1.0356 1.0925
26 121 1.0444 0.9455 0.9720 1.0251 1.0492 1.0157 0.9014 0.9525
26 122 1.1281 1.0213 1.0498 1.1072 1.1332 1.0897 0.9583 1.0100
26 123 1.0146 0.9186 0.9443 0.9959 1.0193 0.9860 0.8742 0.9235
26 124 1.1438 1.0355 1.0645 1.1227 1.1490 1.1064 0.9747 1.0278
26 125 1.0331 0.9353 0.9614 1.0140 1.0379 1.0052 0.8927 0.9435
27 0 1.1062 0.9992 1.0282 1.0890 1.1177 1.0860 0.9671 1.0247
27 1 1.1710 1.0566 1.0882 1.1554 1.1880 1.1557 1.0301 1.0930
27 2 1.0153 0.9179 0.9442 0.9984 1.0237 0.9940 0.8849 0.9370
27 3 0.9701 0.8769 0.9021 0.9543 0.9787 0.9505 0.8464 0.8964
27 4 1.1569 1.0440 1.0752 1.1414 1.1734 1.1415 1.0176 1.0796
27 5 1.0636 0.9605 0.9888 1.0482 1.0765 1.0465 0.9325 0.9887
27 6 1.2961 1.1732 1.2059 1.2720 1.3021 1.2624 1.1226 1.1872
27 7 1.0091 0.9105 0.9379 0.9960 1.0242 0.9965 0.8885 0.9427
27 8 1.0675 0.9643 0.9926 1.0517 1.0798 1.0495 0.9351 0.9912
27 9 1.1430 1.0318 1.0625 1.1273 1.1584 1.1266 1.0042 1.0651
27 10 1.0542 0.9523 0.9803 1.0385 1.0662 1.0362 0.9233 0.9787
27 11 1.2075 1.0926 1.1234 1.1863 1.2152 1.1793 1.0497 1.1111
27 12 1.0940 0.9879 1.0171 1.0783 1.1075 1.0768 0.9596 1.0175
27 13 0.8347 0.7556 0.7767 0.8193 0.8388 0.8135 0.7237 0.7656
27 14 1.1031 0.9959 1.0255 1.0877 1.1175 1.0867 0.9686 1.0272
27 15 1.1063 0.9991 1.0286 1.0902 1.1196 1.0884 0.9699 1.0284
27 16 0.9289 0.8393 0.8638 0.9149 0.9391 0.9127 0.8132 0.8620
27 17 1.1102 1.0029 1.0324 1.0939 1.1231 1.0917 0.9728 1.0314
27 18 0.9488 0.8588 0.8828 0.9315 0.9537 0.9253 0.8235 0.8715
27 19 1.1991 1.0851 1.1157 1.1777 1.2063 1.1706 1.0420 1.1030
27 20 1.2119 1.0951 1.1270 1.1933 1.2246 1.1899 1.0601 1.1236
27 21 1.2703 1.1499 1.1821 1.2470 1.2766 1.2380 1.1012 1.1651
27 22 1.1165 1.0107 1.0390 1.0960 1.1220 1.0877 0.9670 1.0230
27 23 1.1643 1.0514 1.0825 1.1477 1.1788 1.1461 1.0214 1.0831
27 24 1.1419 1.0314 1.0618 1.1255 1.1559 1.1237 1.0014 1.0618
27 25 1.0818 0.9776 1.0061 1.0651 1.0929 1.0619 0.9460 1.0026
27 26 1.1384 1.0265 1.0579 1.1251 1.1580 1.1274 1.0056 1.0676
27 28 0.8454 0.7637 0.7861 0.8330 0.8552 0.8313 0.7407 0.7853
27 29 1.1069 1.0003 1.0294 1.0901 1.1187 1.0871 0.9686 1.0267
27 30 1.0914 0.9852 1.0146 1.0766 1.1064 1.0761 0.9593 1.0176
27 31 1.2130 1.0980 1.1287 1.1908 1.2192 1.1827 1.0526 1.1140
27 32 0.8679 0.7856 0.8076 0.8522 0.8726 0.8466 0.7536 0.7977
27 33 1.0451 0.9440 0.9718 1.0300 1.0576 1.0282 0.9163 0.9716
27 34 0.8168 0.7392 0.7600 0.8021 0.8214 0.7971 0.7095 0.7511
27 35 1.1688 1.0560 1.0870 1.1514 1.1819 1.1487 1.0235 1.0850
27 36 1.0899 0.9845 1.0135 1.0741 1.1030 1.0723 0.9556 1.0132
27 37 1.0823 0.9777 1.0064 1.0664 1.0948 1.0642 0.9483 1.0055
27 38 1.1177 1.0098 1.0394 1.1010 1.1302 1.0984 0.9788 1.0376
27 39 1.1208 1.0146 1.0430 1.1004 1.1266 1.0930 0.9727 1.0296
27 40 1.0873 0.9829 1.0113 1.0701 1.0978 1.0664 0.9500 1.0067
27 41 1.2465 1.1270 1.1595 1.2265 1.2578 1.2218 1.0883 1.1531
27 42 1.0893 0.9839 1.0129 1.0736 1.1025 1.0718 0.9552 1.0128
27 43 0.5165 0.4676 0.4806 0.5071 0.5192 0.5035 0.4478 0.4740
27 44 1.1275 1.0207 1.0492 1.1069 1.1333 1.0982 0.9758 1.0324
27 45 1.0617 0.9596 0.9875 1.0451 1.0723 1.0418 0.9281 0.9836
27 46 1.2497 1.1299 1.1625 1.2295 1.2609 1.2247 1.0909 1.1559
27 47 0.9842 0.8903 0.9157 0.9674 0.9914 0.9625 0.8571 0.9078
27 48 1.0321 0.9337 0.9603 1.0144 1.0394 1.0091 0.8985 0.9516
27 49 1.0321 0.9329 0.9600 1.0159 1.0422 1.0125 0.9020 0.9559
27 50 1.2246 1.1062 1.1388 1.2069 1.2393 1.2047 1.0736 1.1384
27 51 1.1615 1.0501 1.0804 1.1430 1.1723 1.1387 1.0143 1.0748
27 52 1.0932 0.9897 1.0174 1.0733 1.0989 1.0635 0.9433 0.9975
27 53 1.0806 0.9772 1.0053 1.0629 1.0898 1.0584 0.9427 0.9988
27 54 1.0477 0.9479 0.9748 1.0295 1.0548 1.0239 0.9117 0.9655
27 55 0.7735 0.7002 0.7198 0.7594 0.7775 0.7472 0.6563 0.6919
27 56 1.0891 0.9847 1.0131 1.0717 1.0992 1.0677 0.9510 1.0077
27 57 0.8294 0.7509 0.7719 0.8143 0.8337 0.8037 0.7089 0.7484
27 58 0.9584 0.8665 0.8915 0.9428 0.9668 0.9390 0.8363 0.8860
27 59 1.1270 1.0178 1.0479 1.1111 1.1413 1.1097 0.9890 1.0487
27 60 1.0200 0.9228 0.9490 1.0023 1.0270 0.9969 0.8876 0.9400
27 61 1.0742 0.9709 0.9991 1.0575 1.0849 1.0540 0.9390 0.9951
27 62 1.2409 1.1204 1.1538 1.2239 1.2575 1.2229 1.0900 1.1560
27 63 1.1108 1.0040 1.0332 1.0935 1.1218 1.0899 0.9710 1.0290
27 64 1.1702 1.0585 1.0887 1.1506 1.1794 1.1451 1.0198 1.0802
27 65 1.0441 0.9424 0.9707 1.0302 1.0588 1.0299 0.9181 0.9739
27 66 1.0456 0.9437 0.9720 1.0319 1.0608 1.0319 0.9199 0.9760
27 67 1.3625 1.2305 1.2669 1.3432 1.3796 1.3414 1.1955 1.2677
27 68 1.0081 0.9091 0.9369 0.9963 1.0253 0.9980 0.8901 0.9448
27 69 1.1631 1.0529 1.0824 1.1419 1.1692 1.1331 1.0071 1.0656
27 70 1.1208 1.0146 1.0430 1.1004 1.1266 1.0914 0.9693 1.0254
27 71 1.2188 1.1004 1.1332 1.2021 1.2352 1.2012 1.0707 1.1357
27 72 1.0062 0.9109 0.9364 0.9879 1.0115 0.9766 0.8635 0.9123
27 73 0.9923 0.8983 0.9234 0.9743 0.9975 0.9650 0.8555 0.9045
27 74 1.2027 1.0869 1.1186 1.1842 1.2152 1.1808 1.0520 1.1150
27 75 1.1568 1.0456 1.0760 1.1389 1.1685 1.1353 1.0114 1.0718
27 76 1.3573 1.2254 1.2620 1.3388 1.3757 1.3379 1.1926 1.2649
27 77 1.2677 1.1458 1.1791 1.2481 1.2806 1.2443 1.1085 1.1749
27 78 0.9832 0.8887 0.9145 0.9678 0.9929 0.9647 0.8594 0.9108
27 79 1.1657 1.0535 1.0842 1.1477 1.1776 1.1442 1.0193 1.0804
27 80 1.2911 1.1660 1.2006 1.2729 1.3075 1.2713 1.1330 1.2015
27 81 1.2557 1.1341 1.1676 1.2376 1.2710 1.2356 1.1011 1.1676
27 82 1.2958 1.1700 1.2048 1.2780 1.3131 1.2770 1.1382 1.2072
27 83 1.2705 1.1498 1.1822 1.2480 1.2782 1.2405 1.1045 1.1695
27 84 0.9612 0.8696 0.8943 0.9448 0.9682 0.9399 0.8370 0.8865
27 85 1.1158 1.0101 1.0384 1.0955 1.1217 1.0853 0.9623 1.0176
27 86 1.2318 1.1124 1.1454 1.2146 1.2477 1.2132 1.0813 1.1468
27 87 1.0144 0.9161 0.9433 1.0003 1.0275 0.9991 0.8905 0.9444
27 88 0.8803 0.7969 0.8192 0.8643 0.8850 0.8481 0.7420 0.7815
27 89 1.2543 1.1330 1.1664 1.2363 1.2695 1.2341 1.0998 1.1661
27 90 1.1744 1.0624 1.0926 1.1545 1.1833 1.1489 1.0231 1.0837
27 91 1.2604 1.1378 1.1718 1.2435 1.2780 1.2430 1.1080 1.1753
27 92 1.2423 1.1227 1.1555 1.2233 1.2554 1.2199 1.0868 1.1520
27 93 1.2258 1.1069 1.1398 1.2087 1.2417 1.2074 1.0761 1.1412
27 94 0.9713 0.8781 0.9035 0.9560 0.9806 0.9526 0.8486 0.8993
27 95 1.1848 1.0684 1.1011 1.1710 1.2052 1.1733 1.0464 1.1107
27 96 1.1806 1.0652 1.0974 1.1659 1.1991 1.1668 1.0403 1.1039
27 97 1.2237 1.1059 1.1381 1.2051 1.2367 1.2018 1.0708 1.1350
27 98 0.9128 0.8263 0.8494 0.8962 0.9177 0.8842 0.7795 0.8229
27 99 1.2703 1.1467 1.1810 1.2533 1.2881 1.2529 1.1168 1.1847
27 100 1.1749 1.0611 1.0925 1.1582 1.1895 1.1565 1.0307 1.0929
27 101 1.1190 1.0130 1.0414 1.0987 1.1250 1.0322 0.8534 0.8795
27 102 1.1662 1.0525 1.0842 1.1511 1.1835 1.1513 1.0263 1.0887
27 103 1.1624 1.0491 1.0807 1.1474 1.1796 1.1475 1.0229 1.0851
27 104 1.1828 1.0678 1.0997 1.1669 1.1992 1.1662 1.0395 1.1025
27 105 1.1944 1.0780 1.1104 1.1787 1.2117 1.1787 1.0507 1.1146
27 106 1.2015 1.0848 1.1171 1.1852 1.2179 1.1844 1.0557 1.1197
27 107 1.2725 1.1485 1.1830 1.2558 1.2910 1.2558 1.1195 1.1875
27 108 1.0974 0.9932 1.0211 1.0779 1.1040 1.0714 0.9538 1.0099
27 109 1.0986 0.9923 1.0216 1.0830 1.1123 1.0813 0.9637 1.0218
27 110 1.2495 1.1279 1.1617 1.2329 1.2672 1.2325 1.0986 1.1653
27 111 1.2534 1.1311 1.1652 1.2372 1.2720 1.2375 1.1032 1.1703
27 112 1.2216 1.1022 1.1356 1.2063 1.2405 1.2070 1.0762 1.1418
27 113 1.1911 1.0753 1.1074 1.1750 1.2074 1.1743 1.0467 1.1101
27 114 1.2903 1.1645 1.1995 1.2736 1.3094 1.2738 1.1356 1.2047
27 115 1.1662 1.0522 1.0840 1.1515 1.1843 1.1523 1.0274 1.0901
27 116 1.2808 1.1556 1.1906 1.2649 1.3009 1.2659 1.1287 1.1976
27 117 1.1395 1.0286 1.0594 1.1244 1.1558 1.1242 1.0021 1.0630
27 118 1.1410 1.0312 1.0612 1.1234 1.1529 1.1202 0.9980 1.0578
27 119 1.2594 1.1372 1.1710 1.2418 1.2757 1.2404 1.1056 1.1724
27 120 1.0881 0.9850 1.0126 1.0684 1.0940 1.0609 0.9435 0.9986
27 121 1.2445 1.1237 1.1572 1.2274 1.2611 1.2264 1.0931 1.1593
27 122 1.0130 0.9170 0.9427 0.9947 1.0185 0.9854 0.8737 0.9239
27 123 1.2139 1.0966 1.1289 1.1962 1.2282 1.1938 1.0638 1.1279
27 124 1.0315 0.9337 0.9599 1.0128 1.0371 1.0047 0.8924 0.9442
27 125 1.2327 1.1127 1.1460 1.2165 1.2506 1.2165 1.0845 1.1504
28 0 1.1981 1.0843 1.1144 1.1757 1.2039 1.1676 1.0385 1.0990
28 1 1.2807 1.1580 1.1909 1.2590 1.2910 1.2538 1.1166 1.1832
28 2 1.1022 0.9976 1.0253 1.0816 1.1072 1.0726 0.9528 1.0077
28 3 1.0851 0.9822 1.0095 1.0649 1.0901 1.0564 0.9388 0.9931
28 4 1.3008 1.1764 1.2099 1.2788 1.3110 1.2732 1.1339 1.2014
28 5 1.1542 1.0446 1.0738 1.1333 1.1607 1.1264 1.0027 1.0617
28 6 1.4350 1.2990 1.3352 1.4082 1.4413 1.3931 1.2337 1.3032
28 7 1.1954 1.0810 1.1119 1.1756 1.2054 1.1708 1.0428 1.1049
28 8 1.1553 1.0458 1.0750 1.1340 1.1609 1.1264 1.0026 1.0613
28 9 1.2399 1.1217 1.1535 1.2184 1.2484 1.2119 1.0792 1.1430
28 10 1.1712 1.0602 1.0898 1.1496 1.1768 1.1417 1.0161 1.0756
28 11 1.2912 1.1688 1.2015 1.2672 1.2971 1.2552 1.1135 1.1771
28 12 1.2028 1.0885 1.1191 1.1812 1.2097 1.1740 1.0451 1.1066
28 13 0.9188 0.8318 0.8550 0.9018 0.9230 0.8923 0.7905 0.8353
28 14 1.2053 1.0906 1.1214 1.1841 1.2130 1.1774 1.0482 1.1100
28 15 1.1891 1.0763 1.1064 1.1676 1.1955 1.1600 1.0326 1.0932
28 16 1.1441 1.0357 1.0646 1.1230 1.1496 1.1150 0.9921 1.0500
28 17 1.2153 1.1001 1.1309 1.1930 1.2213 1.1848 1.0546 1.1164
28 18 0.9989 0.9043 0.9296 0.9804 1.0035 0.9705 0.8602 0.9091
28 19 1.2726 1.1521 1.1843 1.2491 1.2785 1.2369 1.0969 1.1595
28 20 1.1593 1.0495 1.0788 1.1379 1.1648 1.1294 1.0046 1.0631
28 21 1.3461 1.2186 1.2527 1.3212 1.3523 1.3071 1.1577 1.2232
28 22 1.1761 1.0648 1.0945 1.1544 1.1815 1.1416 1.0106 1.0676
28 23 1.2873 1.1650 1.1978 1.2642 1.2946 1.2563 1.1183 1.1839
28 24 1.2244 1.1082 1.1393 1.2023 1.2311 1.1945 1.0632 1.1255
28 25 1.1697 1.0589 1.0885 1.1482 1.1753 1.1394 1.0133 1.0722
28 26 1.2214 1.1038 1.1359 1.2026 1.2340 1.1991 1.0683 1.1322
28 27 0.8834 0.7997 0.8221 0.8671 0.8875 0.8582 0.7606 0.8038
28 29 1.1954 1.0822 1.1125 1.1734 1.2011 1.1647 1.0360 1.0963
28 30 1.1594 1.0489 1.0787 1.1394 1.1674 1.1332 1.0090 1.0685
28 31 1.3339 1.2075 1.2413 1.3092 1.3400 1.2957 1.1481 1.2134
28 32 1.0234 0.9265 0.9524 1.0045 1.0281 0.9944 0.8814 0.9316
28 33 1.1073 1.0023 1.0304 1.0872 1.1131 1.0799 0.9612 1.0174
28 34 0.9701 0.8782 0.9027 0.9521 0.9745 0.9427 0.8358 0.8834
28 35 1.2228 1.1070 1.1379 1.2003 1.2286 1.1916 1.0603 1.1221
28 36 1.1588 1.0489 1.0783 1.1377 1.1648 1.1300 1.0058 1.0646
28 37 1.1490 1.0402 1.0692 1.1279 1.1545 1.1199 0.9967 1.0549
28 38 1.1969 1.0835 1.1138 1.1749 1.2026 1.1663 1.0378 1.0982
28 39 1.2074 1.0930 1.1236 1.1851 1.2129 1.1728 1.0393 1.0983
28 40 1.2102 1.0956 1.1262 1.1879 1.2158 1.1783 1.0473 1.1080
28 41 1.3298 1.2039 1.2375 1.3053 1.3360 1.2945 1.1502 1.2167
28 42 1.1578 1.0480 1.0774 1.1367 1.1638 1.1291 1.0050 1.0637
28 43 0.9170 0.8302 0.8534 0.9001 0.9212 0.8904 0.7886 0.8333
28 44 1.2193 1.1038 1.1347 1.1968 1.2249 1.1830 1.0466 1.1055
28 45 1.1960 1.0827 1.1130 1.1740 1.2016 1.1647 1.0355 1.0955
28 46 1.3287 1.2029 1.2365 1.3042 1.3349 1.2933 1.1491 1.2154
28 47 1.1457 1.0372 1.0662 1.1246 1.1510 1.1142 0.9889 1.0456
28 48 1.0837 0.9811 1.0085 1.0637 1.0887 1.0538 0.9351 0.9887
28 49 1.0854 0.9826 1.0101 1.0654 1.0905 1.0569 0.9395 0.9939
28 50 1.2687 1.1485 1.1807 1.2456 1.2751 1.2370 1.1010 1.1653
28 51 1.1282 1.0213 1.0499 1.1074 1.1334 1.0982 0.9759 1.0322
28 52 1.1793 1.0676 1.0975 1.1575 1.1847 1.1427 1.0091 1.0653
28 53 1.1408 1.0327 1.0616 1.1197 1.1461 1.1101 0.9859 1.0427
28 54 1.1249 1.0184 1.0469 1.1042 1.1301 1.0937 0.9703 1.0259
28 55 0.9228 0.8354 0.8588 0.9057 0.9270 0.8880 0.7767 0.8174
28 56 1.1515 1.0425 1.0716 1.1303 1.1569 1.1209 0.9960 1.0534
28 57 0.9341 0.8457 0.8693 0.9169 0.9384 0.9016 0.7918 0.8344
28 58 1.1885 1.0759 1.1060 1.1666 1.1940 1.1566 1.0274 1.0866
28 59 1.1909 1.0778 1.1082 1.1697 1.1978 1.1622 1.0344 1.0948
28 60 1.3029 1.1795 1.2125 1.2788 1.3089 1.2667 1.1238 1.1880
28 61 1.1267 1.0200 1.0486 1.1060 1.1320 1.0971 0.9754 1.0317
28 62 1.3146 1.1895 1.2232 1.2916 1.3230 1.2839 1.1429 1.2098
28 63 1.1736 1.0624 1.0922 1.1519 1.1790 1.1427 1.0159 1.0746
28 64 1.1821 1.0702 1.1002 1.1604 1.1876 1.1499 1.0208 1.0793
28 65 1.2538 1.1342 1.1665 1.2323 1.2627 1.2256 1.0911 1.1552
28 66 1.1359 1.0274 1.0568 1.1168 1.1445 1.1110 0.9892 1.0474
28 67 1.4579 1.3194 1.3566 1.4318 1.4661 1.4224 1.2660 1.3400
28 68 1.0632 0.9609 0.9889 1.0466 1.0737 1.0430 0.9290 0.9842
28 69 1.2286 1.1123 1.1434 1.2059 1.2343 1.1922 1.0548 1.1142
28 70 1.0737 0.9721 0.9993 1.0539 1.0787 1.0414 0.9208 0.9724
28 71 1.2704 1.1495 1.1820 1.2482 1.2786 1.2408 1.1046 1.1693
28 72 1.1429 1.0346 1.0636 1.1218 1.1481 1.1048 0.9725 1.0256
28 73 1.1877 1.0752 1.1053 1.1658 1.1931 1.1503 1.0152 1.0715
28 74 1.2321 1.1155 1.1467 1.2095 1.2379 1.2000 1.0671 1.1288
28 75 1.1721 1.0611 1.0908 1.1505 1.1776 1.1413 1.0146 1.0732
28 76 1.4467 1.3089 1.3460 1.4215 1.4561 1.4131 1.2579 1.3316
28 77 1.3312 1.2051 1.2388 1.3067 1.3374 1.2963 1.1525 1.2191
28 78 1.2043 1.0902 1.1208 1.1821 1.2099 1.1726 1.0423 1.1025
28 79 1.1945 1.0814 1.1116 1.1725 1.2001 1.1632 1.0342 1.0940
28 80 1.3690 1.2390 1.2739 1.3445 1.3768 1.3358 1.1889 1.2583
28 81 1.3219 1.1965 1.2302 1.2979 1.3288 1.2890 1.1472 1.2141
28 82 1.3613 1.2318 1.2667 1.3375 1.3699 1.3293 1.1833 1.2526
28 83 1.3306 1.2046 1.2383 1.3060 1.3367 1.2931 1.1466 1.2119
28 84 1.0204 0.9238 0.9496 1.0016 1.0251 0.9922 0.8805 0.9309
28 85 1.2814 1.1601 1.1926 1.2578 1.2873 1.2413 1.0957 1.1566
28 86 1.2921 1.1693 1.2023 1.2692 1.2997 1.2611 1.1225 1.1880
28 87 1.0971 0.9928 1.0209 1.0776 1.1035 1.0707 0.9530 1.0087
28 88 0.9933 0.8993 0.9245 0.9750 0.9979 0.9532 0.8304 0.8730
28 89 1.3158 1.1911 1.2245 1.2919 1.3225 1.2829 1.1417 1.2081
28 90 1.2013 1.0876 1.1180 1.1792 1.2069 1.1683 1.0369 1.0963
28 91 1.3284 1.2018 1.2360 1.3055 1.3375 1.2981 1.1556 1.2233
28 92 1.2952 1.1726 1.2054 1.2714 1.3013 1.2614 1.1217 1.1866
28 93 1.2781 1.1567 1.1893 1.2554 1.2857 1.2474 1.1103 1.1751
28 94 1.0394 0.9410 0.9673 1.0202 1.0442 1.0118 0.8992 0.9510
28 95 1.2242 1.1064 1.1387 1.2054 1.2366 1.2013 1.0699 1.1334
28 96 1.2187 1.1020 1.1337 1.1989 1.2291 1.1934 1.0627 1.1253
28 97 1.2725 1.1520 1.1843 1.2491 1.2785 1.2394 1.1022 1.1660
28 98 1.0284 0.9310 0.9571 1.0095 1.0332 0.9921 0.8708 0.9176
28 99 1.3384 1.2108 1.2453 1.3155 1.3477 1.3080 1.1644 1.2326
28 100 1.2131 1.0980 1.1289 1.1912 1.2197 1.1832 1.0531 1.1144
28 101 1.2541 1.1354 1.1672 1.2310 1.2599 1.1554 0.9550 0.9832
28 102 1.1996 1.0850 1.1161 1.1795 1.2089 1.1734 1.0446 1.1059
28 103 1.1979 1.0835 1.1145 1.1778 1.2071 1.1716 1.0431 1.1042
28 104 1.2244 1.1078 1.1393 1.2033 1.2327 1.1962 1.0648 1.1270
28 105 1.2364 1.1184 1.1504 1.2155 1.2456 1.2090 1.0763 1.1394
28 106 1.2445 1.1260 1.1580 1.2229 1.2526 1.2156 1.0820 1.1451
28 107 1.3402 1.2122 1.2469 1.3175 1.3501 1.3105 1.1666 1.2350
28 108 1.0919 0.9885 1.0162 1.0718 1.0970 1.0611 0.9407 0.9942
28 109 1.1207 1.0144 1.0429 1.1005 1.1267 1.0930 0.9727 1.0292
28 110 1.3068 1.1822 1.2158 1.2844 1.3159 1.2771 1.1368 1.2033
28 111 1.3054 1.1806 1.2144 1.2835 1.3155 1.2769 1.1368 1.2035
28 112 1.2680 1.1466 1.1796 1.2472 1.2786 1.2413 1.1052 1.1702
28 113 1.2308 1.1136 1.1452 1.2094 1.2389 1.2023 1.0702 1.1327
28 114 1.3534 1.2241 1.2591 1.3307 1.3638 1.3238 1.1786 1.2477
28 115 1.1995 1.0846 1.1159 1.1798 1.2095 1.1743 1.0456 1.1071
28 116 1.3415 1.2130 1.2479 1.3196 1.3529 1.3136 1.1696 1.2385
28 117 1.1699 1.0583 1.0885 1.1499 1.1782 1.1435 1.0180 1.0776
28 118 1.1658 1.0555 1.0850 1.1444 1.1714 1.1354 1.0094 1.0677
28 119 1.3167 1.1916 1.2252 1.2933 1.3244 1.2849 1.1436 1.2103
28 120 1.1233 1.0169 1.0454 1.1026 1.1285 1.0905 0.9655 1.0200
28 121 1.2951 1.1719 1.2051 1.2723 1.3031 1.2644 1.1255 1.1911
28 122 1.0428 0.9440 0.9704 1.0236 1.0476 1.0101 0.8915 0.9410
28 123 1.2570 1.1380 1.1699 1.2339 1.2630 1.2250 1.0900 1.1532
28 124 1.0611 0.9606 0.9875 1.0415 1.0660 1.0292 0.9100 0.9610
28 125 1.2778 1.1558 1.1888 1.2561 1.2871 1.2493 1.1121 1.1773
29 0 0.8771 0.7937 0.8158 0.8608 0.8815 0.8552 0.7610 0.8055
29 1 0.9323 0.8428 0.8670 0.9171 0.9407 0.9138 0.8139 0.8626
29 2 0.9826 0.8894 0.9141 0.9642 0.9871 0.9567 0.8503 0.8994
29 3 1.0224 0.9254 0.9512 1.0033 1.0271 0.9958 0.8854 0.9368
29 4 0.8106 0.7329 0.7539 0.7973 0.8177 0.7943 0.7075 0.7497
29 5 0.9866 0.8926 0.9178 0.9693 0.9930 0.9639 0.8582 0.9089
29 6 0.9728 0.8807 0.9052 0.9547 0.9772 0.9449 0.8373 0.8846
29 7 1.1279 1.0196 1.0490 1.1098 1.1384 1.1059 0.9852 1.0441
29 8 0.9276 0.8394 0.8630 0.9110 0.9330 0.9054 0.8060 0.8534
29 9 1.1068 1.0010 1.0296 1.0882 1.1155 1.0832 0.9646 1.0219
29 10 1.0693 0.9677 0.9949 1.0501 1.0754 1.0435 0.9290 0.9835
29 11 1.1051 1.0004 1.0283 1.0846 1.1101 1.0748 0.9540 1.0087
29 12 0.9801 0.8867 0.9119 0.9631 0.9867 0.9578 0.8528 0.9031
29 13 1.1341 1.0266 1.0553 1.1131 1.1392 1.1019 0.9768 1.0323
29 14 1.1630 1.0520 1.0819 1.1431 1.1715 1.1374 1.0128 1.0728
29 15 1.0373 0.9386 0.9651 1.0191 1.0439 1.0132 0.9020 0.9552
29 16 1.1405 1.0323 1.0612 1.1198 1.1465 1.1124 0.9902 1.0482
29 17 0.8363 0.7568 0.7781 0.8213 0.8411 0.8163 0.7267 0.7694
29 18 0.8101 0.7334 0.7539 0.7951 0.8138 0.7875 0.6984 0.7382
29 19 1.0149 0.9188 0.9444 0.9961 1.0196 0.9869 0.8757 0.9259
29 20 1.1689 1.0582 1.0878 1.1474 1.1745 1.1394 1.0141 1.0733
29 21 1.1840 1.0719 1.1018 1.1621 1.1895 1.1503 1.0194 1.0773
29 22 1.0241 0.9271 0.9530 1.0052 1.0288 0.9945 0.8810 0.9308
29 23 1.0811 0.9782 1.0059 1.0623 1.0883 1.0564 0.9405 0.9959
29 24 1.1304 1.0228 1.0517 1.1105 1.1376 1.1041 0.9829 1.0408
29 25 0.7488 0.6779 0.6968 0.7350 0.7524 0.7298 0.6494 0.6873
29 26 1.1205 1.0123 1.0420 1.1039 1.1332 1.1014 0.9814 1.0404
29 27 1.1325 1.0253 1.0539 1.1116 1.1378 1.1008 0.9761 1.0318
29 28 1.3035 1.1796 1.2129 1.2802 1.3110 1.2721 1.1324 1.1989
29 30 1.0603 0.9589 0.9864 1.0425 1.0686 1.0376 0.9240 0.9787
29 31 1.1289 1.0220 1.0506 1.1081 1.1341 1.0972 0.9728 1.0283
29 32 1.1272 1.0204 1.0490 1.1064 1.1324 1.0957 0.9719 1.0274
29 33 0.7896 0.7145 0.7347 0.7757 0.7945 0.7710 0.6864 0.7267
29 34 1.1100 1.0049 1.0330 1.0896 1.1152 1.0793 0.9574 1.0122
29 35 1.0774 0.9752 1.0026 1.0579 1.0831 1.0509 0.9354 0.9901
29 36 1.0565 0.9561 0.9831 1.0379 1.0630 1.0316 0.9183 0.9723
29 37 1.0555 0.9553 0.9822 1.0366 1.0615 1.0301 0.9169 0.9707
29 38 0.8120 0.7350 0.7557 0.7973 0.8163 0.7920 0.7050 0.7462
29 39 1.0938 0.9902 1.0179 1.0736 1.0989 1.0630 0.9426 0.9964
29 40 1.1967 1.0834 1.1137 1.1747 1.2024 1.1658 1.0369 1.0972
29 41 1.1738 1.0626 1.0923 1.1522 1.1793 1.1432 1.0164 1.0754
29 42 1.0574 0.9568 0.9839 1.0387 1.0639 1.0324 0.9191 0.9731
29 43 1.1259 1.0193 1.0478 1.1052 1.1312 1.0938 0.9693 1.0245
29 44 1.0555 0.9556 0.9823 1.0361 1.0604 1.0247 0.9071 0.9583
29 45 0.7149 0.6472 0.6653 0.7017 0.7183 0.6965 0.6196 0.6557
29 46 1.1829 1.0709 1.1009 1.1612 1.1885 1.1520 1.0242 1.0835
29 47 1.1713 1.0604 1.0900 1.1497 1.1768 1.1397 1.0121 1.0704
29 48 0.7564 0.6848 0.7039 0.7425 0.7599 0.7359 0.6535 0.6911
29 49 0.9878 0.8942 0.9193 0.9696 0.9925 0.9623 0.8560 0.9058
29 50 1.1815 1.0692 1.0994 1.1606 1.1886 1.1534 1.0268 1.0870
29 51 0.9277 0.8398 0.8633 0.9106 0.9321 0.9035 0.8034 0.8500
29 52 1.0226 0.9257 0.9516 1.0037 1.0273 0.9914 0.8760 0.9250
29 53 0.8279 0.7495 0.7705 0.8127 0.8318 0.8061 0.7164 0.7578
29 54 1.1161 1.0105 1.0387 1.0956 1.1214 1.0858 0.9639 1.0193
29 55 1.0771 0.9751 1.0024 1.0572 1.0821 1.0370 0.9075 0.9553
29 56 0.8429 0.7631 0.7844 0.8274 0.8469 0.8209 0.7299 0.7722
29 57 1.0712 0.9698 0.9969 1.0515 1.0762 1.0344 0.9091 0.9581
29 58 0.6206 0.5618 0.5775 0.6092 0.6235 0.6043 0.5371 0.5682
29 59 1.0722 0.9700 0.9976 1.0536 1.0793 1.0475 0.9326 0.9873
29 60 1.2437 1.1259 1.1574 1.2208 1.2495 1.2098 1.0740 1.1356
29 61 0.7333 0.6638 0.6824 0.7198 0.7367 0.7144 0.6355 0.6724
29 62 0.9876 0.8933 0.9188 0.9708 0.9948 0.9657 0.8598 0.9104
29 63 1.1492 1.0404 1.0695 1.1281 1.1547 1.1196 0.9960 1.0538
29 64 1.0035 0.9085 0.9339 0.9850 1.0082 0.9766 0.8675 0.9175
29 65 1.0912 0.9868 1.0151 1.0731 1.1000 1.0680 0.9510 1.0071
29 66 1.0573 0.9560 0.9835 1.0400 1.0662 1.0353 0.9220 0.9765
29 67 1.3135 1.1884 1.2221 1.2907 1.3221 1.2831 1.1423 1.2093
29 68 0.7927 0.7163 0.7372 0.7808 0.8014 0.7787 0.6937 0.7351
29 69 1.0991 0.9950 1.0229 1.0788 1.1042 1.0671 0.9447 0.9982
29 70 1.2142 1.0992 1.1300 1.1918 1.2199 1.1782 1.0424 1.1012
29 71 1.0976 0.9928 1.0212 1.0791 1.1058 1.0734 0.9557 1.0120
29 72 1.1819 1.0700 1.0999 1.1601 1.1874 1.1432 1.0069 1.0621
29 73 1.2060 1.0918 1.1223 1.1838 1.2116 1.1687 1.0321 1.0896
29 74 1.0132 0.9172 0.9429 0.9945 1.0180 0.9873 0.8785 0.9295
29 75 0.8522 0.7715 0.7931 0.8366 0.8563 0.8303 0.7386 0.7815
29 76 1.3137 1.1882 1.2222 1.2915 1.3235 1.2848 1.1439 1.2113
29 77 1.2309 1.1144 1.1456 1.2083 1.2368 1.1993 1.0670 1.1289
29 78 1.0473 0.9481 0.9746 1.0280 1.0522 1.0202 0.9075 0.9601
29 79 1.0630 0.9623 0.9893 1.0435 1.0680 1.0357 0.9214 0.9749
29 80 1.2249 1.1082 1.1397 1.2036 1.2330 1.1966 1.0653 1.1277
29 81 1.1398 1.0314 1.0606 1.1197 1.1468 1.1128 0.9906 1.0486
29 82 1.3046 1.1801 1.2138 1.2824 1.3141 1.2755 1.1356 1.2024
29 83 1.2147 1.0997 1.1305 1.1924 1.2204 1.1812 1.0480 1.1080
29 84 1.0750 0.9732 1.0004 1.0552 1.0800 1.0459 0.9287 0.9820
29 85 1.2440 1.1262 1.1578 1.2211 1.2499 1.2057 1.0650 1.1244
29 86 1.0826 0.9795 1.0073 1.0640 1.0901 1.0580 0.9419 0.9971
29 87 1.1268 1.0194 1.0484 1.1073 1.1345 1.1011 0.9802 1.0378
29 88 1.0966 0.9928 1.0206 1.0765 1.1018 1.0529 0.9177 0.9651
29 89 1.1612 1.0508 1.0805 1.1407 1.1682 1.1336 1.0090 1.0680
29 90 1.0176 0.9212 0.9470 0.9989 1.0224 0.9902 0.8794 0.9299
29 91 1.1628 1.0516 1.0818 1.1434 1.1719 1.1377 1.0130 1.0726
29 92 1.1391 1.0312 1.0601 1.1181 1.1445 1.1100 0.9876 1.0450
29 93 1.1195 1.0128 1.0416 1.1002 1.1271 1.0940 0.9739 1.0310
29 94 1.0895 0.9863 1.0139 1.0695 1.0947 1.0612 0.9436 0.9983
29 95 1.0998 0.9936 1.0228 1.0834 1.1120 1.0805 0.9625 1.0199
29 96 1.0897 0.9851 1.0136 1.0725 1.1001 1.0685 0.9516 1.0080
29 97 1.0065 0.9112 0.9367 0.9880 1.0113 0.9809 0.8728 0.9236
29 98 1.1168 1.0111 1.0394 1.0963 1.1221 1.0780 0.9467 0.9978
29 99 1.1995 1.0849 1.1160 1.1796 1.2090 1.1738 1.0451 1.1067
29 100 1.0496 0.9497 0.9766 1.0312 1.0562 1.0250 0.9124 0.9659
29 101 1.2341 1.1173 1.1485 1.2114 1.2399 1.1371 0.9398 0.9676
29 102 1.0850 0.9810 1.0093 1.0673 1.0943 1.0626 0.9462 1.0019
29 103 1.0510 0.9503 0.9777 1.0339 1.0601 1.0293 0.9165 0.9705
29 104 1.0558 0.9549 0.9822 1.0381 1.0639 1.0328 0.9195 0.9735
29 105 1.0991 0.9938 1.0224 1.0811 1.1083 1.0760 0.9581 1.0145
29 106 1.1103 1.0043 1.0330 1.0916 1.1186 1.0859 0.9667 1.0235
29 107 1.2113 1.0953 1.1268 1.1915 1.2215 1.1859 1.0560 1.1182
29 108 1.0780 0.9759 1.0032 1.0582 1.0831 1.0481 0.9298 0.9829
29 109 1.0033 0.9079 0.9336 0.9857 1.0097 0.9797 0.8721 0.9230
29 110 1.1797 1.0669 1.0975 1.1601 1.1891 1.1543 1.0278 1.0882
29 111 1.2113 1.0953 1.1268 1.1917 1.2219 1.1865 1.0565 1.1188
29 112 1.1579 1.0467 1.0770 1.1395 1.1687 1.1350 1.0107 1.0705
29 113 1.1070 1.0013 1.0299 1.0884 1.1154 1.0827 0.9640 1.0206
29 114 1.2698 1.1481 1.1812 1.2492 1.2808 1.2437 1.1074 1.1727
29 115 1.0973 0.9920 1.0207 1.0799 1.1076 1.0757 0.9580 1.0146
29 116 1.2562 1.1355 1.1685 1.2364 1.2682 1.2317 1.0969 1.1618
29 117 1.0314 0.9328 0.9595 1.0143 1.0398 1.0095 0.8988 0.9517
29 118 1.0478 0.9486 0.9751 1.0285 1.0528 1.0210 0.9083 0.9610
29 119 1.2036 1.0889 1.1198 1.1828 1.2118 1.1760 1.0469 1.1083
29 120 1.1419 1.0338 1.0627 1.1210 1.1474 1.1093 0.9827 1.0385
29 121 1.1925 1.0788 1.1095 1.1722 1.2011 1.1658 1.0378 1.0987
29 122 1.0724 0.9708 0.9980 1.0527 1.0775 1.0394 0.9179 0.9691
29 123 1.1413 1.0329 1.0620 1.1209 1.1477 1.1135 0.9911 1.0488
29 124 1.0874 0.9845 1.0120 1.0675 1.0926 1.0553 0.9337 0.9863
29 125 1.1885 1.0748 1.1057 1.1690 1.1984 1.1635 1.0360 1.0970
30 0 1.0205 0.9235 0.9492 1.0014 1.0254 0.9936 0.8826 0.9338
30 1 1.0361 0.9375 0.9637 1.0175 1.0424 1.0119 0.9009 0.9543
30 2 0.9923 0.8982 0.9232 0.9738 0.9968 0.9648 0.8559 0.9050
30 3 1.0474 0.9481 0.9745 1.0279 1.0522 1.0187 0.9042 0.9561
30 4 1.0743 0.9722 0.9994 1.0549 1.0806 1.0488 0.9338 0.9890
30 5 1.0082 0.9126 0.9381 0.9896 1.0131 0.9824 0.8737 0.9248
30 6 0.9168 0.8299 0.8530 0.8997 0.9208 0.8892 0.7864 0.8304
30 7 1.1228 1.0160 1.0446 1.1030 1.1300 1.0969 0.9767 1.0345
30 8 1.0165 0.9201 0.9458 0.9977 1.0213 0.9900 0.8801 0.9313
30 9 1.0079 0.9124 0.9378 0.9894 1.0130 0.9828 0.8748 0.9261
30 10 1.0461 0.9470 0.9735 1.0268 1.0511 1.0188 0.9056 0.9582
30 11 1.0245 0.9274 0.9533 1.0055 1.0291 0.9949 0.8814 0.9314
30 12 1.0743 0.9725 0.9997 1.0545 1.0795 1.0468 0.9311 0.9854
30 13 1.0253 0.9282 0.9541 1.0063 1.0299 0.9948 0.8801 0.9296
30 14 1.0642 0.9633 0.9902 1.0446 1.0694 1.0373 0.9230 0.9770
30 15 0.8620 0.7804 0.8022 0.8462 0.8662 0.8398 0.7467 0.7902
30 16 1.1305 1.0234 1.0520 1.1096 1.1358 1.1006 0.9780 1.0347
30 17 1.0354 0.9373 0.9635 1.0163 1.0404 1.0084 0.8964 0.9485
30 18 0.9173 0.8304 0.8536 0.9003 0.9215 0.8903 0.7881 0.8325
30 19 0.5172 0.4682 0.4813 0.5076 0.5196 0.5022 0.4448 0.4699
30 20 1.1352 1.0277 1.0564 1.1143 1.1406 1.1049 0.9815 1.0381
30 21 1.2145 1.0995 1.1302 1.1920 1.2200 1.1781 1.0421 1.1006
30 22 0.7876 0.7130 0.7329 0.7730 0.7911 0.7637 0.6752 0.7129
30 23 1.0980 0.9939 1.0217 1.0778 1.1032 1.0697 0.9514 1.0067
30 24 0.7978 0.7223 0.7424 0.7831 0.8016 0.7772 0.6911 0.7312
30 25 1.0160 0.9198 0.9455 0.9973 1.0208 0.9887 0.8781 0.9287
30 26 0.8444 0.7636 0.7855 0.8305 0.8515 0.8269 0.7364 0.7801
30 27 1.1254 1.0189 1.0473 1.1046 1.1305 1.0922 0.9666 1.0211
30 28 1.1604 1.0504 1.0798 1.1390 1.1659 1.1299 1.0043 1.0625
30 29 1.0439 0.9451 0.9715 1.0247 1.0488 1.0160 0.9025 0.9546
30 31 1.1130 1.0076 1.0358 1.0924 1.1181 1.0800 0.9557 1.0096
30 32 1.1301 1.0231 1.0517 1.1092 1.1353 1.0969 0.9710 1.0258
30 33 0.8729 0.7902 0.8123 0.8568 0.8771 0.8502 0.7558 0.7997
30 34 1.1546 1.0453 1.0745 1.1333 1.1599 1.1208 0.9924 1.0484
30 35 1.1165 1.0107 1.0390 1.0959 1.1217 1.0868 0.9658 1.0215
30 36 0.8547 0.7738 0.7954 0.8390 0.8588 0.8324 0.7400 0.7829
30 37 0.7347 0.6652 0.6838 0.7212 0.7382 0.7154 0.6358 0.6726
30 38 0.8723 0.7897 0.8117 0.8562 0.8764 0.8491 0.7545 0.7981
30 39 1.0800 0.9778 1.0051 1.0601 1.0849 1.0480 0.9274 0.9796
30 40 1.1702 1.0594 1.0890 1.1487 1.1757 1.1382 1.0104 1.0683
30 41 1.1996 1.0860 1.1163 1.1774 1.2051 1.1664 1.0350 1.0943
30 42 0.5674 0.5137 0.5280 0.5570 0.5701 0.5526 0.4913 0.5197
30 43 1.1206 1.0145 1.0428 1.0998 1.1256 1.0869 0.9613 1.0152
30 44 1.0687 0.9675 0.9946 1.0490 1.0736 1.0358 0.9151 0.9661
30 45 1.0119 0.9161 0.9417 0.9932 1.0166 0.9844 0.8740 0.9242
30 46 0.6812 0.6167 0.6340 0.6687 0.6844 0.6624 0.5877 0.6213
30 47 1.1922 1.0793 1.1095 1.1702 1.1976 1.1582 1.0265 1.0848
30 48 0.9280 0.8402 0.8637 0.9109 0.9323 0.9015 0.7989 0.8442
30 49 0.5606 0.5075 0.5217 0.5503 0.5632 0.5453 0.4841 0.5118
30 50 1.1641 1.0539 1.0834 1.1427 1.1696 1.1336 1.0078 1.0660
30 51 1.1177 1.0119 1.0402 1.0971 1.1229 1.0869 0.9645 1.0197
30 52 1.0260 0.9288 0.9548 1.0070 1.0306 0.9931 0.8758 0.9241
30 53 0.9153 0.8286 0.8518 0.8984 0.9195 0.8897 0.7891 0.8342
30 54 1.1309 1.0239 1.0525 1.1101 1.1361 1.0984 0.9732 1.0284
30 55 1.0816 0.9792 1.0066 1.0617 1.0865 1.0398 0.9082 0.9552
30 56 0.8829 0.7993 0.8216 0.8666 0.8869 0.8585 0.7618 0.8053
30 57 0.9933 0.8993 0.9244 0.9750 0.9978 0.9577 0.8400 0.8846
30 58 0.9210 0.8338 0.8571 0.9040 0.9252 0.8953 0.7942 0.8395
30 59 0.6507 0.5891 0.6056 0.6387 0.6538 0.6338 0.5637 0.5963
30 60 1.2114 1.0967 1.1274 1.1890 1.2169 1.1765 1.0424 1.1014
30 61 0.9243 0.8368 0.8602 0.9072 0.9286 0.8991 0.7982 0.8439
30 62 1.0641 0.9633 0.9902 1.0445 1.0691 1.0368 0.9224 0.9758
30 63 0.9758 0.8834 0.9081 0.9578 0.9803 0.9492 0.8426 0.8909
30 64 1.0573 0.9572 0.9839 1.0378 1.0621 1.0273 0.9107 0.9624
30 65 0.9662 0.8746 0.8991 0.9486 0.9711 0.9420 0.8383 0.8871
30 66 1.0975 0.9934 1.0213 1.0778 1.1036 1.0707 0.9529 1.0084
30 67 1.3965 1.2643 1.2996 1.3708 1.4031 1.3601 1.2095 1.2794
30 68 1.0056 0.9094 0.9355 0.9888 1.0136 0.9840 0.8761 0.9276
30 69 1.0959 0.9921 1.0199 1.0756 1.1009 1.0622 0.9386 0.9909
30 70 1.1497 1.0409 1.0700 1.1285 1.1550 1.1139 0.9836 1.0381
30 71 1.0312 0.9335 0.9597 1.0122 1.0361 1.0048 0.8940 0.9458
30 72 1.2941 1.1716 1.2044 1.2703 1.3000 1.2498 1.0985 1.1579
30 73 1.1845 1.0724 1.1024 1.1627 1.1899 1.1461 1.0101 1.0655
30 74 1.1545 1.0452 1.0744 1.1332 1.1599 1.1232 0.9974 1.0546
30 75 0.9886 0.8950 0.9200 0.9704 0.9932 0.9616 0.8537 0.9025
30 76 1.3919 1.2601 1.2953 1.3663 1.3985 1.3563 1.2067 1.2766
30 77 0.8391 0.7596 0.7809 0.8236 0.8430 0.8162 0.7247 0.7661
30 78 0.8335 0.7546 0.7757 0.8181 0.8374 0.8107 0.7197 0.7608
30 79 0.9456 0.8561 0.8800 0.9282 0.9500 0.9198 0.8167 0.8634
30 80 1.1343 1.0269 1.0557 1.1135 1.1397 1.1048 0.9824 1.0392
30 81 1.0226 0.9258 0.9517 1.0038 1.0274 0.9957 0.8852 0.9362
30 82 1.2304 1.1139 1.1451 1.2078 1.2362 1.1988 1.0665 1.1282
30 83 1.2442 1.1264 1.1579 1.2212 1.2498 1.2078 1.0695 1.1298
30 84 1.0848 0.9821 1.0096 1.0648 1.0898 1.0537 0.9337 0.9866
30 85 1.2654 1.1456 1.1776 1.2420 1.2711 1.2244 1.0793 1.1386
30 86 1.0867 0.9838 1.0113 1.0667 1.0918 1.0585 0.9414 0.9958
30 87 1.1533 1.0441 1.0733 1.1320 1.1587 1.1233 0.9991 1.0568
30 88 1.1483 1.0396 1.0687 1.1271 1.1535 1.1008 0.9576 1.0062
30 89 1.0233 0.9264 0.9523 1.0044 1.0280 0.9963 0.8856 0.9366
30 90 0.9513 0.8612 0.8853 0.9337 0.9556 0.9241 0.8191 0.8655
30 91 1.0333 0.9354 0.9616 1.0144 1.0383 1.0071 0.8961 0.9480
30 92 1.1091 1.0041 1.0322 1.0886 1.1142 1.0790 0.9581 1.0130
30 93 0.9966 0.9023 0.9275 0.9783 1.0013 0.9708 0.8634 0.9132
30 94 1.1024 0.9980 1.0260 1.0821 1.1075 1.0720 0.9513 1.0056
30 95 0.9874 0.8929 0.9186 0.9711 0.9954 0.9663 0.8603 0.9108
30 96 0.8468 0.7662 0.7880 0.8321 0.8523 0.8271 0.7362 0.7791
30 97 1.0526 0.9529 0.9796 1.0332 1.0574 1.0241 0.9094 0.9615
30 98 1.1997 1.0861 1.1165 1.1775 1.2051 1.1561 1.0132 1.0671
30 99 1.1323 1.0250 1.0537 1.1116 1.1378 1.1036 0.9821 1.0390
30 100 0.9660 0.8746 0.8990 0.9482 0.9705 0.9407 0.8363 0.8846
30 101 1.2980 1.1752 1.2080 1.2741 1.3040 1.1956 0.9880 1.0167
30 102 0.9326 0.8440 0.8678 0.9159 0.9379 0.9098 0.8096 0.8566
30 103 0.9570 0.8661 0.8905 0.9399 0.9624 0.9335 0.8307 0.8789
30 104 1.0346 0.9367 0.9629 1.0156 1.0395 1.0081 0.8970 0.9488
30 105 0.9769 0.8842 0.9090 0.9593 0.9821 0.9527 0.8477 0.8969
30 106 0.9945 0.9004 0.9256 0.9762 0.9992 0.9690 0.8621 0.9118
30 107 1.1381 1.0301 1.0591 1.1176 1.1442 1.1099 0.9876 1.0449
30 108 1.0727 0.9712 0.9983 1.0529 1.0776 1.0413 0.9219 0.9737
30 109 0.8961 0.8113 0.8340 0.8796 0.9003 0.8726 0.7757 0.8203
30 110 1.0691 0.9678 0.9949 1.0496 1.0744 1.0420 0.9272 0.9808
30 111 0.9825 0.8891 0.9142 0.9649 0.9880 0.9585 0.8530 0.9025
30 112 1.0304 0.9324 0.9588 1.0124 1.0369 1.0061 0.8954 0.9475
30 113 0.9963 0.9020 0.9272 0.9780 1.0010 0.9708 0.8637 0.9136
30 114 1.1191 1.0129 1.0414 1.0991 1.1254 1.0918 0.9716 1.0279
30 115 1.0597 0.9588 0.9860 1.0411 1.0664 1.0347 0.9209 0.9744
30 116 1.0753 0.9729 1.0005 1.0565 1.0822 1.0501 0.9346 0.9890
30 117 0.9772 0.8846 0.9094 0.9594 0.9822 0.9526 0.8477 0.8968
30 118 0.9654 0.8740 0.8984 0.9476 0.9698 0.9391 0.8337 0.8814
30 119 1.0119 0.9161 0.9418 0.9933 1.0167 0.9856 0.8765 0.9270
30 120 1.1917 1.0788 1.1090 1.1697 1.1971 1.1556 1.0217 1.0788
30 121 1.0195 0.9230 0.9488 1.0008 1.0243 0.9932 0.8834 0.9344
30 122 1.1144 1.0089 1.0371 1.0938 1.1195 1.0782 0.9503 1.0025
30 123 0.9956 0.9014 0.9266 0.9773 1.0002 0.9691 0.8611 0.9106
30 124 1.1294 1.0225 1.0511 1.1086 1.1346 1.0942 0.9662 1.0197
30 125 1.0108 0.9150 0.9407 0.9926 1.0162 0.9857 0.8771 0.9279
31 0 1.1276 1.0185 1.0481 1.1102 1.1396 1.1073 0.9861 1.0448
31 1 1.1934 1.0768 1.1090 1.1777 1.2109 1.1781 1.0502 1.1143
31 2 0.9406 0.8502 0.8746 0.9250 0.9485 0.9210 0.8200 0.8683
31 3 1.1328 1.0239 1.0534 1.1146 1.1432 1.1103 0.9886 1.0471
31 4 1.1816 1.0663 1.0982 1.1660 1.1988 1.1663 1.0397 1.1031
31 5 1.0449 0.9436 0.9714 1.0299 1.0577 1.0283 0.9163 0.9716
31 6 1.1285 1.0215 1.0500 1.1076 1.1337 1.0992 0.9776 1.0338
31 7 1.2308 1.1105 1.1440 1.2150 1.2495 1.2158 1.0840 1.1503
31 8 1.1074 1.0002 1.0296 1.0911 1.1203 1.0889 0.9703 1.0286
31 9 1.0475 0.9455 0.9737 1.0332 1.0618 1.0327 0.9205 0.9764
31 10 1.1290 1.0199 1.0498 1.1124 1.1420 1.1100 0.9891 1.0485
31 11 1.1699 1.0585 1.0884 1.1495 1.1776 1.1428 1.0173 1.0768
31 12 1.0857 0.9804 1.0094 1.0703 1.0994 1.0689 0.9526 1.0102
31 13 1.1122 1.0068 1.0349 1.0917 1.1176 1.0839 0.9644 1.0203
31 14 1.1419 1.0309 1.0616 1.1261 1.1570 1.1252 1.0029 1.0637
31 15 1.0148 0.9165 0.9435 1.0002 1.0272 0.9986 0.8899 0.9437
31 16 1.2231 1.1050 1.1374 1.2049 1.2368 1.2020 1.0710 1.1353
31 17 1.1371 1.0271 1.0573 1.1205 1.1505 1.1184 0.9966 1.0567
31 18 0.9630 0.8716 0.8961 0.9456 0.9682 0.9394 0.8360 0.8848
31 19 1.1640 1.0533 1.0830 1.1434 1.1712 1.1366 1.0117 1.0710
31 20 1.2409 1.1212 1.1540 1.2220 1.2541 1.2187 1.0858 1.1508
31 21 0.8342 0.7552 0.7763 0.8189 0.8384 0.8130 0.7233 0.7653
31 22 0.9556 0.8651 0.8893 0.9381 0.9603 0.9310 0.8278 0.8757
31 23 1.1764 1.0623 1.0938 1.1598 1.1913 1.1583 1.0323 1.0947
31 24 1.0721 0.9682 0.9969 1.0568 1.0854 1.0553 0.9404 0.9972
31 25 1.1125 1.0053 1.0346 1.0955 1.1241 1.0923 0.9731 1.0314
31 26 1.0680 0.9630 0.9925 1.0557 1.0867 1.0581 0.9438 1.0020
31 27 1.2127 1.0977 1.1285 1.1906 1.2191 1.1827 1.0527 1.1142
31 28 1.2417 1.1216 1.1547 1.2236 1.2564 1.2213 1.0883 1.1539
31 29 1.1312 1.0221 1.0520 1.1141 1.1435 1.1112 0.9901 1.0495
31 30 0.9602 0.8668 0.8927 0.9473 0.9736 0.9470 0.8442 0.8956
31 32 0.9565 0.8658 0.8901 0.9393 0.9619 0.9333 0.8308 0.8794
31 33 1.1309 1.0214 1.0516 1.1147 1.1448 1.1129 0.9918 1.0517
31 34 0.9896 0.8956 0.9208 0.9719 0.9954 0.9660 0.8599 0.9103
31 35 1.1974 1.0817 1.1135 1.1796 1.2110 1.1770 1.0488 1.1119
31 36 1.1591 1.0469 1.0778 1.1424 1.1732 1.1406 1.0165 1.0778
31 37 0.9399 0.8491 0.8740 0.9262 0.9510 0.9245 0.8238 0.8735
31 38 1.0873 0.9823 1.0111 1.0712 1.0997 1.0688 0.9524 1.0097
31 39 1.0083 0.9128 0.9383 0.9899 1.0135 0.9833 0.8752 0.9264
31 40 1.2585 1.1375 1.1705 1.2388 1.2708 1.2346 1.0998 1.1656
31 41 0.7224 0.6531 0.6720 0.7109 0.7291 0.7083 0.6309 0.6685
31 42 1.0186 0.9200 0.9472 1.0040 1.0311 1.0024 0.8934 0.9474
31 43 1.2019 1.0880 1.1185 1.1800 1.2081 1.1717 1.0423 1.1031
31 44 0.6732 0.6094 0.6265 0.6609 0.6767 0.6558 0.5828 0.6165
31 45 1.0908 0.9859 1.0146 1.0740 1.1020 1.0707 0.9539 1.0110
31 46 0.8085 0.7310 0.7521 0.7956 0.8160 0.7926 0.7060 0.7481
31 47 0.9956 0.9006 0.9263 0.9788 1.0031 0.9739 0.8672 0.9186
31 48 1.1452 1.0360 1.0654 1.1256 1.1535 1.1199 0.9972 1.0562
31 49 0.8107 0.7328 0.7541 0.7981 0.8189 0.7956 0.7088 0.7512
31 50 1.2456 1.1250 1.1582 1.2276 1.2607 1.2256 1.0923 1.1582
31 51 1.1866 1.0727 1.1037 1.1677 1.1978 1.1635 1.0365 1.0983
31 52 0.6229 0.5639 0.5797 0.6116 0.6262 0.6060 0.5376 0.5685
31 53 1.1209 1.0136 1.0427 1.1027 1.1307 1.0982 0.9781 1.0363
31 54 1.2103 1.0950 1.1261 1.1895 1.2188 1.1832 1.0536 1.1158
31 55 1.1396 1.0316 1.0605 1.1188 1.1454 1.1009 0.9671 1.0194
31 56 1.0656 0.9633 0.9911 1.0486 1.0756 1.0448 0.9307 0.9862
31 57 0.9191 0.8321 0.8554 0.9024 0.9239 0.8906 0.7857 0.8293
31 58 1.1787 1.0657 1.0965 1.1597 1.1893 1.1552 1.0289 1.0901
31 59 1.1596 1.0471 1.0782 1.1434 1.1745 1.1420 1.0178 1.0794
31 60 1.3007 1.1767 1.2101 1.2783 1.3098 1.2715 1.1322 1.1990
31 61 1.1171 1.0096 1.0390 1.0998 1.1285 1.0964 0.9768 1.0352
31 62 1.2574 1.1352 1.1691 1.2403 1.2745 1.2394 1.1048 1.1718
31 63 1.1507 1.0400 1.0702 1.1329 1.1624 1.1294 1.0061 1.0663
31 64 1.1919 1.0780 1.1088 1.1720 1.2014 1.1666 1.0389 1.1005
31 65 1.1110 1.0028 1.0329 1.0964 1.1269 1.0962 0.9773 1.0367
31 66 1.1453 1.0336 1.0647 1.1305 1.1622 1.1307 1.0080 1.0695
31 67 1.0783 0.9738 1.0027 1.0632 1.0921 1.0619 0.9464 1.0037
31 68 1.1747 1.0593 1.0918 1.1611 1.1950 1.1633 1.0376 1.1014
31 69 0.8028 0.7268 0.7471 0.7882 0.8070 0.7822 0.6953 0.7357
31 70 0.9992 0.9045 0.9298 0.9810 1.0044 0.9730 0.8643 0.9144
31 71 1.2325 1.1127 1.1459 1.2158 1.2494 1.2151 1.0832 1.1489
31 72 1.2662 1.1463 1.1784 1.2432 1.2729 1.2291 1.0868 1.1482
31 73 1.2642 1.1444 1.1764 1.2412 1.2708 1.2294 1.0900 1.1525
31 74 1.2228 1.1050 1.1373 1.2042 1.2358 1.2009 1.0699 1.1340
31 75 1.1772 1.0640 1.0949 1.1591 1.1893 1.1556 1.0295 1.0911
31 76 1.0563 0.9536 0.9821 1.0421 1.0709 1.0415 0.9284 0.9848
31 77 1.0496 0.9486 0.9762 1.0335 1.0605 1.0305 0.9181 0.9730
31 78 1.0053 0.9086 0.9350 0.9897 1.0154 0.9866 0.8789 0.9315
31 79 1.0836 0.9793 1.0078 1.0669 1.0949 1.0638 0.9478 1.0046
31 80 1.3011 1.1749 1.2098 1.2829 1.3178 1.2814 1.1421 1.2112
31 81 1.2683 1.1455 1.1794 1.2503 1.2841 1.2484 1.1126 1.1798
31 82 1.3071 1.1801 1.2153 1.2893 1.3248 1.2884 1.1485 1.2181
31 83 0.9738 0.8813 0.9061 0.9566 0.9799 0.9511 0.8468 0.8967
31 84 0.8709 0.7879 0.8103 0.8561 0.8774 0.8519 0.7586 0.8035
31 85 1.2955 1.1728 1.2056 1.2720 1.3023 1.2602 1.1175 1.1817
31 86 1.2463 1.1253 1.1588 1.2290 1.2627 1.2278 1.0944 1.1607
31 87 0.8519 0.7692 0.7921 0.8401 0.8630 0.8392 0.7480 0.7933
31 88 1.1495 1.0406 1.0697 1.1286 1.1556 1.1075 0.9690 1.0205
31 89 1.2661 1.1435 1.1773 1.2480 1.2817 1.2461 1.1105 1.1775
31 90 1.1908 1.0771 1.1078 1.1708 1.2000 1.1652 1.0377 1.0992
31 91 1.2721 1.1483 1.1827 1.2552 1.2901 1.2549 1.1186 1.1866
31 92 1.2549 1.1340 1.1671 1.2358 1.2683 1.2325 1.0981 1.1640
31 93 1.2385 1.1183 1.1516 1.2214 1.2548 1.2202 1.0876 1.1534
31 94 0.8762 0.7920 0.8150 0.8624 0.8847 0.8595 0.7657 0.8115
31 95 1.0933 0.9858 1.0161 1.0808 1.1125 1.0830 0.9660 1.0254
31 96 0.9901 0.8933 0.9203 0.9779 1.0058 0.9788 0.8728 0.9262
31 97 1.2374 1.1182 1.1509 1.2187 1.2508 1.2156 1.0831 1.1481
31 98 1.1703 1.0594 1.0891 1.1490 1.1765 1.1337 0.9996 1.0552
31 99 1.2808 1.1561 1.1908 1.2639 1.2991 1.2636 1.1265 1.1950
31 100 1.0843 0.9792 1.0082 1.0690 1.0980 1.0676 0.9515 1.0090
31 101 1.1150 1.0093 1.0376 1.0947 1.1209 1.0283 0.8501 0.8757
31 102 1.1532 1.0407 1.0721 1.1385 1.1706 1.1388 1.0152 1.0770
31 103 1.0765 0.9715 1.0008 1.0627 1.0927 1.0630 0.9477 1.0053
31 104 1.1973 1.0808 1.1131 1.1813 1.2141 1.1808 1.0526 1.1164
31 105 1.0962 0.9893 1.0191 1.0820 1.1124 1.0821 0.9647 1.0233
31 106 1.1073 0.9996 1.0295 1.0924 1.1226 1.0918 0.9732 1.0322
31 107 1.2823 1.1573 1.1921 1.2657 1.3013 1.2659 1.1285 1.1972
31 108 1.1198 1.0135 1.0420 1.1001 1.1268 1.0936 0.9736 1.0309
31 109 1.1291 1.0198 1.0500 1.1132 1.1434 1.1117 0.9907 1.0505
31 110 1.2598 1.1372 1.1713 1.2432 1.2779 1.2430 1.1081 1.1754
31 111 1.0855 0.9796 1.0091 1.0716 1.1019 1.0720 0.9558 1.0140
31 112 1.1295 1.0190 1.0499 1.1154 1.1472 1.1163 0.9954 1.0561
31 113 1.1005 0.9934 1.0231 1.0857 1.1158 1.0853 0.9674 1.0261
31 114 1.2971 1.1706 1.2059 1.2805 1.3167 1.2810 1.1421 1.2116
31 115 1.2700 1.1459 1.1806 1.2543 1.2901 1.2554 1.1193 1.1877
31 116 1.2881 1.1621 1.1973 1.2722 1.3086 1.2735 1.1355 1.2049
31 117 1.1895 1.0737 1.1059 1.1739 1.2068 1.1739 1.0465 1.1101
31 118 1.1616 1.0497 1.0803 1.1439 1.1739 1.1407 1.0163 1.0772
31 119 1.2688 1.1457 1.1798 1.2513 1.2856 1.2501 1.1142 1.1817
31 120 1.1740 1.0628 1.0925 1.1528 1.1804 1.1448 1.0182 1.0778
31 121 1.2540 1.1322 1.1659 1.2369 1.2710 1.2361 1.1018 1.1685
31 122 1.0983 0.9942 1.0221 1.0784 1.1043 1.0685 0.9474 1.0019
31 123 1.2250 1.1066 1.1392 1.2073 1.2397 1.2051 1.0739 1.1386
31 124 1.1133 1.0078 1.0360 1.0931 1.1194 1.0845 0.9634 1.0193
31 125 1.2097 1.0918 1.1247 1.1940 1.2275 1.1942 1.0646 1.1294
32 0 1.3718 1.2393 1.2752 1.3503 1.3857 1.3463 1.1989 1.2703
32 1 1.4854 1.3405 1.3805 1.4654 1.5065 1.4655 1.3062 1.3859
32 2 1.1354 1.0266 1.0559 1.1163 1.1444 1.1111 0.9892 1.0474
32 3 0.9476 0.8566 0.8812 0.9320 0.9558 0.9281 0.8264 0.8752
32 4 1.3890 1.2537 1.2911 1.3703 1.4086 1.3702 1.2214 1.2958
32 5 1.2560 1.1344 1.1677 1.2376 1.2708 1.2353 1.1007 1.1670
32 6 1.4387 1.3023 1.3387 1.4120 1.4453 1.4010 1.2456 1.3172
32 7 0.9576 0.8642 0.8901 0.9451 0.9717 0.9454 0.8428 0.8943
32 8 1.2743 1.1512 1.1849 1.2552 1.2885 1.2523 1.1157 1.1827
32 9 1.2992 1.1730 1.2078 1.2811 1.3163 1.2801 1.1410 1.2101
32 10 1.0049 0.9078 0.9344 0.9897 1.0159 0.9873 0.8796 0.9324
32 11 1.4311 1.2950 1.3315 1.4057 1.4397 1.3971 1.2435 1.3161
32 12 1.0367 0.9363 0.9640 1.0217 1.0493 1.0201 0.9090 0.9639
32 13 0.8584 0.7771 0.7988 0.8426 0.8626 0.8364 0.7439 0.7870
32 14 1.3155 1.1878 1.2230 1.2969 1.3323 1.2954 1.1545 1.2244
32 15 1.3268 1.1984 1.2337 1.3073 1.3423 1.3048 1.1627 1.2328
32 16 0.9124 0.8244 0.8485 0.8985 0.9221 0.8961 0.7983 0.8462
32 17 1.0516 0.9500 0.9779 1.0360 1.0635 1.0336 0.9210 0.9764
32 18 0.9400 0.8510 0.8748 0.9228 0.9447 0.9164 0.8155 0.8630
32 19 1.3819 1.2507 1.2858 1.3571 1.3897 1.3484 1.2002 1.2703
32 20 1.4151 1.2788 1.3160 1.3932 1.4295 1.3889 1.2373 1.3112
32 21 1.3120 1.1877 1.2209 1.2879 1.3184 1.2783 1.1368 1.2027
32 22 1.2214 1.1057 1.1366 1.1989 1.2274 1.1895 1.0573 1.1184
32 23 1.0958 0.9897 1.0189 1.0800 1.1091 1.0782 0.9609 1.0188
32 24 1.2132 1.0958 1.1281 1.1955 1.2276 1.1933 1.0634 1.1275
32 25 1.0358 0.9362 0.9634 1.0197 1.0461 1.0164 0.9054 0.9595
32 26 1.3288 1.1983 1.2349 1.3130 1.3513 1.3155 1.1733 1.2456
32 27 0.8531 0.7723 0.7939 0.8375 0.8574 0.8317 0.7401 0.7832
32 28 0.9416 0.8507 0.8757 0.9276 0.9522 0.9255 0.8246 0.8742
32 29 1.0561 0.9544 0.9822 1.0398 1.0670 1.0367 0.9236 0.9789
32 30 1.1216 1.0126 1.0428 1.1062 1.1366 1.1054 0.9854 1.0452
32 31 1.2981 1.1751 1.2080 1.2743 1.3046 1.2654 1.1259 1.1915
32 33 1.2755 1.1522 1.1861 1.2568 1.2904 1.2543 1.1178 1.1851
32 34 0.5275 0.4775 0.4908 0.5179 0.5303 0.5145 0.4580 0.4848
32 35 1.0925 0.9871 1.0160 1.0760 1.1043 1.0732 0.9562 1.0136
32 36 1.3213 1.1936 1.2287 1.3019 1.3367 1.2993 1.1578 1.2276
32 37 1.1652 1.0527 1.0836 1.1478 1.1783 1.1452 1.0204 1.0818
32 38 1.2112 1.0945 1.1264 1.1929 1.2244 1.1898 1.0601 1.1238
32 39 1.1272 1.0204 1.0489 1.1066 1.1329 1.0989 0.9778 1.0348
32 40 1.0817 0.9779 1.0062 1.0645 1.0918 1.0605 0.9446 1.0010
32 41 1.4105 1.2754 1.3121 1.3875 1.4228 1.3819 1.2308 1.3040
32 42 1.2343 1.1150 1.1478 1.2162 1.2488 1.2139 1.0817 1.1469
32 43 0.8726 0.7899 0.8120 0.8566 0.8770 0.8504 0.7562 0.8003
32 44 1.1587 1.0489 1.0782 1.1375 1.1645 1.1283 1.0023 1.0603
32 45 1.0274 0.9287 0.9556 1.0112 1.0373 1.0077 0.8977 0.9513
32 46 1.4013 1.2671 1.3035 1.3784 1.4134 1.3727 1.2226 1.2953
32 47 0.7618 0.6892 0.7087 0.7486 0.7671 0.7446 0.6630 0.7021
32 48 1.2744 1.1531 1.1858 1.2523 1.2830 1.2454 1.1089 1.1743
32 49 1.2138 1.0973 1.1290 1.1945 1.2253 1.1903 1.0603 1.1235
32 50 1.1232 1.0147 1.0445 1.1067 1.1363 1.1045 0.9842 1.0435
32 51 1.0548 0.9537 0.9812 1.0377 1.0641 1.0336 0.9206 0.9754
32 52 1.1110 1.0057 1.0339 1.0907 1.1167 1.0805 0.9582 1.0130
32 53 1.2440 1.1250 1.1573 1.2234 1.2542 1.2179 1.0846 1.1490
32 54 1.0512 0.9512 0.9781 1.0328 1.0580 1.0269 0.9143 0.9681
32 55 0.8912 0.8068 0.8294 0.8749 0.8957 0.8607 0.7558 0.7966
32 56 1.1735 1.0610 1.0916 1.1545 1.1839 1.1498 1.0241 1.0850
32 57 0.6249 0.5657 0.5815 0.6135 0.6281 0.6053 0.5338 0.5634
32 58 0.9480 0.8572 0.8819 0.9324 0.9560 0.9284 0.8268 0.8759
32 59 1.2034 1.0868 1.1190 1.1862 1.2182 1.1843 1.0555 1.1191
32 60 1.0655 0.9641 0.9914 1.0469 1.0724 1.0409 0.9267 0.9813
32 61 1.2361 1.1174 1.1498 1.2166 1.2480 1.2124 1.0800 1.1444
32 62 1.1613 1.0486 1.0798 1.1451 1.1764 1.1439 1.0195 1.0812
32 63 1.2672 1.1455 1.1787 1.2473 1.2794 1.2429 1.1071 1.1732
32 64 1.1004 0.9954 1.0237 1.0817 1.1085 1.0762 0.9584 1.0150
32 65 1.2135 1.0955 1.1283 1.1972 1.2303 1.1965 1.0666 1.1313
32 66 1.0461 0.9443 0.9726 1.0323 1.0610 1.0320 0.9200 0.9759
32 67 1.5626 1.4113 1.4531 1.5402 1.5818 1.5377 1.3704 1.4531
32 68 1.2979 1.1706 1.2063 1.2824 1.3195 1.2844 1.1454 1.2158
32 69 1.1749 1.0636 1.0933 1.1535 1.1809 1.1443 1.0168 1.0757
32 70 0.9049 0.8192 0.8421 0.8884 0.9096 0.8809 0.7822 0.8274
32 71 1.2341 1.1143 1.1475 1.2170 1.2503 1.2158 1.0836 1.1492
32 72 1.0411 0.9425 0.9688 1.0221 1.0465 1.0102 0.8929 0.9432
32 73 1.0425 0.9437 0.9701 1.0235 1.0479 1.0135 0.8982 0.9496
32 74 1.1192 1.0116 1.0410 1.1019 1.1305 1.0984 0.9785 1.0370
32 75 1.0928 0.9878 1.0165 1.0756 1.1034 1.0719 0.9549 1.0119
32 76 1.5358 1.3867 1.4280 1.5147 1.5562 1.5132 1.3488 1.4304
32 77 1.3685 1.2370 1.2729 1.3471 1.3820 1.3426 1.1960 1.2675
32 78 1.2317 1.1134 1.1457 1.2122 1.2434 1.2079 1.0760 1.1402
32 79 1.1764 1.0633 1.0942 1.1580 1.1880 1.1541 1.0281 1.0896
32 80 1.2138 1.0963 1.1287 1.1965 1.2288 1.1946 1.0646 1.1289
32 81 1.1860 1.0714 1.1029 1.1688 1.2001 1.1665 1.0395 1.1022
32 82 1.1884 1.0731 1.1050 1.1718 1.2038 1.1705 1.0433 1.1064
32 83 1.3891 1.2573 1.2926 1.3642 1.3970 1.3557 1.2069 1.2778
32 84 0.9145 0.8274 0.8509 0.8987 0.9208 0.8938 0.7959 0.8428
32 85 1.1109 1.0057 1.0339 1.0907 1.1167 1.0803 0.9576 1.0125
32 86 1.1657 1.0527 1.0839 1.1492 1.1803 1.1476 1.0228 1.0845
32 87 0.9844 0.8890 0.9153 0.9704 0.9967 0.9691 0.8637 0.9158
32 88 0.9469 0.8572 0.8812 0.9297 0.9518 0.9120 0.7976 0.8399
32 89 1.1900 1.0749 1.1066 1.1726 1.2040 1.1703 1.0428 1.1056
32 90 1.1995 1.0852 1.1160 1.1790 1.2082 1.1729 1.0444 1.1061
32 91 1.1904 1.0747 1.1067 1.1742 1.2065 1.1734 1.0459 1.1093
32 92 1.1822 1.0685 1.0995 1.1639 1.1942 1.1602 1.0336 1.0955
32 93 1.1686 1.0554 1.0866 1.1521 1.1833 1.1505 1.0254 1.0873
32 94 0.9267 0.8378 0.8620 0.9118 0.9352 0.9084 0.8091 0.8574
32 95 1.2109 1.0921 1.1255 1.1967 1.2314 1.1987 1.0690 1.1346
32 96 1.1594 1.0462 1.0778 1.1447 1.1771 1.1453 1.0211 1.0835
32 97 1.1663 1.0541 1.0848 1.1483 1.1783 1.1449 1.0200 1.0811
32 98 1.0159 0.9196 0.9454 0.9974 1.0212 0.9838 0.8670 0.9152
32 99 1.2016 1.0848 1.1172 1.1854 1.2181 1.1846 1.0560 1.1200
32 100 1.2051 1.0885 1.1207 1.1878 1.2197 1.1857 1.0567 1.1204
32 101 1.1251 1.0185 1.0470 1.1046 1.1310 1.0375 0.8576 0.8833
32 102 1.0944 0.9878 1.0175 1.0801 1.1103 1.0799 0.9627 1.0211
32 103 1.1991 1.0823 1.1147 1.1833 1.2163 1.1831 1.0546 1.1186
32 104 1.1343 1.0241 1.0547 1.1188 1.1496 1.1179 0.9964 1.0567
32 105 1.2226 1.1036 1.1367 1.2064 1.2400 1.2061 1.0751 1.1403
32 106 1.2315 1.1119 1.1450 1.2145 1.2479 1.2134 1.0815 1.1469
32 107 1.2046 1.0874 1.1200 1.1887 1.2217 1.1883 1.0593 1.1235
32 108 1.0507 0.9511 0.9778 1.0318 1.0567 1.0254 0.9128 0.9663
32 109 1.1168 1.0087 1.0385 1.1006 1.1302 1.0987 0.9791 1.0380
32 110 1.1907 1.0749 1.1071 1.1746 1.2071 1.1739 1.0464 1.1097
32 111 1.1992 1.0823 1.1148 1.1835 1.2166 1.1834 1.0549 1.1190
32 112 1.2500 1.1280 1.1621 1.2341 1.2690 1.2346 1.1007 1.1677
32 113 1.2171 1.0990 1.1317 1.2005 1.2335 1.1995 1.0691 1.1338
32 114 1.2297 1.1100 1.1433 1.2136 1.2476 1.2135 1.0818 1.1475
32 115 1.2299 1.1098 1.1433 1.2142 1.2486 1.2148 1.0830 1.1490
32 116 1.3301 1.2002 1.2365 1.3133 1.3506 1.3140 1.1716 1.2430
32 117 1.2238 1.1048 1.1379 1.2074 1.2409 1.2069 1.0758 1.1410
32 118 1.1609 1.0493 1.0798 1.1428 1.1726 1.1392 1.0149 1.0755
32 119 1.2018 1.0854 1.1176 1.1848 1.2170 1.1832 1.0545 1.1182
32 120 1.0955 0.9917 1.0195 1.0757 1.1014 1.0678 0.9495 1.0049
32 121 1.2753 1.1516 1.1858 1.2575 1.2918 1.2561 1.1195 1.1872
32 122 1.0246 0.9275 0.9535 1.0060 1.0301 0.9965 0.8832 0.9339
32 123 1.2379 1.1184 1.1512 1.2196 1.2520 1.2169 1.0843 1.1494
32 124 1.0417 0.9430 0.9694 1.0228 1.0473 1.0144 0.9008 0.9529
32 125 1.2443 1.1232 1.1568 1.2277 1.2619 1.2273 1.0941 1.1605
33 0 0.9976 0.9028 0.9279 0.9790 1.0024 0.9720 0.8644 0.9147
33 1 1.0006 0.9049 0.9306 0.9835 1.0083 0.9792 0.8720 0.9240
33 2 0.9753 0.8828 0.9073 0.9571 0.9797 0.9490 0.8428 0.8913
33 3 0.9960 0.9016 0.9267 0.9775 1.0006 0.9696 0.8614 0.9112
33 4 0.9485 0.8579 0.8823 0.9323 0.9557 0.9280 0.8264 0.8756
33 5 1.0436 0.9446 0.9710 1.0245 1.0491 1.0180 0.9062 0.9594
33 6 0.9060 0.8201 0.8430 0.8891 0.9100 0.8794 0.7786 0.8224
33 7 1.0605 0.9591 0.9865 1.0428 1.0691 1.0383 0.9247 0.9798
33 8 0.9286 0.8406 0.8640 0.9115 0.9331 0.9052 0.8055 0.8527
33 9 0.9632 0.8715 0.8961 0.9463 0.9695 0.9411 0.8380 0.8875
33 10 0.9781 0.8854 0.9101 0.9601 0.9829 0.9533 0.8483 0.8979
33 11 0.9922 0.8982 0.9233 0.9738 0.9967 0.9644 0.8553 0.9041
33 12 0.8284 0.7498 0.7709 0.8134 0.8329 0.8082 0.7195 0.7618
33 13 0.9626 0.8715 0.8958 0.9448 0.9670 0.9347 0.8279 0.8747
33 14 1.2012 1.0870 1.1176 1.1798 1.2084 1.1728 1.0442 1.1057
33 15 0.8566 0.7754 0.7971 0.8409 0.8609 0.8352 0.7435 0.7871
33 16 1.0797 0.9774 1.0048 1.0599 1.0849 1.0521 0.9359 0.9905
33 17 0.9064 0.8206 0.8435 0.8898 0.9108 0.8835 0.7863 0.8323
33 18 0.7105 0.6432 0.6611 0.6973 0.7137 0.6901 0.6115 0.6462
33 19 0.9092 0.8231 0.8461 0.8924 0.9134 0.8835 0.7833 0.8280
33 20 1.0288 0.9313 0.9574 1.0098 1.0337 1.0021 0.8912 0.9430
33 21 1.1602 1.0504 1.0797 1.1388 1.1655 1.1264 0.9974 1.0537
33 22 0.9864 0.8930 0.9179 0.9681 0.9908 0.9572 0.8472 0.8948
33 23 0.9521 0.8618 0.8860 0.9349 0.9572 0.9288 0.8268 0.8752
33 24 0.8947 0.8099 0.8326 0.8783 0.8992 0.8724 0.7765 0.8220
33 25 0.7562 0.6846 0.7037 0.7422 0.7598 0.7365 0.6548 0.6928
33 26 0.8675 0.7841 0.8068 0.8540 0.8762 0.8513 0.7584 0.8038
33 27 1.0819 0.9795 1.0068 1.0619 1.0869 1.0508 0.9310 0.9838
33 28 1.1146 1.0090 1.0372 1.0941 1.1199 1.0863 0.9666 1.0230
33 29 0.8078 0.7313 0.7518 0.7930 0.8117 0.7869 0.6998 0.7405
33 30 0.8531 0.7719 0.7938 0.8382 0.8587 0.8335 0.7421 0.7858
33 31 1.0793 0.9771 1.0044 1.0593 1.0842 1.0482 0.9285 0.9812
33 32 1.1047 1.0001 1.0281 1.0843 1.1098 1.0732 0.9510 1.0051
33 34 1.1276 1.0208 1.0493 1.1068 1.1328 1.0955 0.9710 1.0263
33 35 1.1659 1.0555 1.0850 1.1445 1.1715 1.1360 1.0105 1.0694
33 36 0.5379 0.4870 0.5006 0.5280 0.5405 0.5243 0.4667 0.4939
33 37 0.8875 0.8034 0.8259 0.8711 0.8917 0.8649 0.7696 0.8144
33 38 0.7227 0.6543 0.6726 0.7094 0.7262 0.7042 0.6264 0.6629
33 39 1.0542 0.9544 0.9811 1.0348 1.0591 1.0238 0.9070 0.9585
33 40 1.2174 1.1021 1.1330 1.1950 1.2232 1.1852 1.0532 1.1141
33 41 1.1502 1.0413 1.0704 1.1290 1.1556 1.1194 0.9944 1.0518
33 42 0.7763 0.7028 0.7225 0.7621 0.7801 0.7567 0.6735 0.7128
33 43 1.0794 0.9772 1.0045 1.0595 1.0844 1.0479 0.9278 0.9803
33 44 1.0469 0.9478 0.9743 1.0276 1.0517 1.0155 0.8982 0.9486
33 45 0.7855 0.7111 0.7310 0.7710 0.7892 0.7648 0.6798 0.7191
33 46 1.1628 1.0527 1.0822 1.1414 1.1683 1.1316 1.0052 1.0631
33 47 1.1568 1.0472 1.0765 1.1355 1.1621 1.1248 0.9980 1.0551
33 48 0.6299 0.5703 0.5862 0.6183 0.6329 0.6124 0.5433 0.5744
33 49 0.8379 0.7586 0.7798 0.8225 0.8418 0.8157 0.7250 0.7669
33 50 1.2113 1.0966 1.1273 1.1890 1.2171 1.1806 1.0507 1.1119
33 51 1.0638 0.9631 0.9900 1.0442 1.0688 1.0353 0.9198 0.9728
33 52 1.0095 0.9139 0.9395 0.9909 1.0141 0.9780 0.8634 0.9114
33 53 0.8484 0.7681 0.7896 0.8328 0.8524 0.8254 0.7330 0.7751
33 54 1.1741 1.0629 1.0927 1.1525 1.1795 1.1413 1.0123 1.0702
33 55 1.0489 0.9496 0.9762 1.0296 1.0537 1.0092 0.8823 0.9284
33 56 0.8075 0.7310 0.7515 0.7926 0.8112 0.7859 0.6981 0.7383
33 57 0.9834 0.8903 0.9152 0.9653 0.9879 0.9489 0.8331 0.8778
33 58 0.9932 0.8991 0.9243 0.9749 0.9978 0.9664 0.8582 0.9076
33 59 1.0439 0.9448 0.9714 1.0250 1.0495 1.0182 0.9062 0.9591
33 60 1.1693 1.0586 1.0882 1.1478 1.1747 1.1367 1.0082 1.0657
33 61 0.7410 0.6708 0.6896 0.7273 0.7444 0.7214 0.6412 0.6782
33 62 1.1086 1.0032 1.0315 1.0889 1.1152 1.0821 0.9632 1.0196
33 63 1.0150 0.9189 0.9446 0.9963 1.0197 0.9882 0.8782 0.9289
33 64 1.0981 0.9941 1.0219 1.0779 1.1032 1.0679 0.9478 1.0020
33 65 0.9801 0.8867 0.9119 0.9632 0.9868 0.9577 0.8526 0.9026
33 66 1.1311 1.0232 1.0523 1.1118 1.1392 1.1057 0.9844 1.0423
33 67 1.3232 1.1977 1.2314 1.2993 1.3302 1.2904 1.1485 1.2155
33 68 0.7638 0.6904 0.7104 0.7517 0.7711 0.7490 0.6671 0.7067
33 69 1.0724 0.9709 0.9980 1.0526 1.0773 1.0404 0.9203 0.9720
33 70 1.1251 1.0186 1.0471 1.1043 1.1303 1.0910 0.9644 1.0183
33 71 1.0906 0.9869 1.0148 1.0713 1.0972 1.0647 0.9477 1.0032
33 72 1.2613 1.1419 1.1738 1.2380 1.2671 1.2191 1.0727 1.1311
33 73 1.1466 1.0381 1.0671 1.1255 1.1519 1.1103 0.9797 1.0339
33 74 1.1012 0.9970 1.0249 1.0810 1.1064 1.0723 0.9533 1.0084
33 75 1.0927 0.9892 1.0169 1.0726 1.0978 1.0638 0.9455 1.0000
33 76 1.3234 1.1975 1.2314 1.3001 1.3316 1.2921 1.1502 1.2174
33 77 0.9084 0.8224 0.8454 0.8917 0.9127 0.8845 0.7862 0.8316
33 78 0.7375 0.6677 0.6863 0.7239 0.7409 0.7180 0.6380 0.6748
33 79 0.8038 0.7277 0.7481 0.7890 0.8076 0.7826 0.6956 0.7358
33 80 1.1142 1.0085 1.0368 1.0940 1.1201 1.0866 0.9671 1.0234
33 81 1.0675 0.9664 0.9935 1.0480 1.0727 1.0405 0.9260 0.9798
33 82 1.2713 1.1505 1.1830 1.2488 1.2789 1.2409 1.1045 1.1690
33 83 1.2046 1.0905 1.1211 1.1824 1.2102 1.1704 1.0375 1.0966
33 84 1.0708 0.9694 0.9966 1.0511 1.0758 1.0411 0.9236 0.9763
33 85 1.1792 1.0675 1.0974 1.1574 1.1846 1.1420 1.0077 1.0636
33 86 1.0409 0.9421 0.9686 1.0222 1.0466 1.0154 0.9038 0.9565
33 87 1.1312 1.0238 1.0527 1.1109 1.1374 1.1035 0.9822 1.0394
33 88 1.0679 0.9668 0.9939 1.0483 1.0729 1.0246 0.8922 0.9378
33 89 0.9965 0.9021 0.9274 0.9782 1.0012 0.9711 0.8642 0.9144
33 90 0.9093 0.8232 0.8462 0.8925 0.9135 0.8841 0.7845 0.8293
33 91 1.0812 0.9783 1.0060 1.0624 1.0882 1.0560 0.9400 0.9950
33 92 1.0818 0.9794 1.0068 1.0619 1.0869 1.0534 0.9365 0.9905
33 93 0.9589 0.8678 0.8923 0.9417 0.9642 0.9354 0.8325 0.8810
33 94 1.0870 0.9841 1.0116 1.0670 1.0921 1.0579 0.9399 0.9940
33 95 0.8745 0.7904 0.8134 0.8608 0.8830 0.8577 0.7638 0.8091
33 96 0.6906 0.6245 0.6424 0.6792 0.6962 0.6759 0.6018 0.6373
33 97 1.0596 0.9593 0.9861 1.0401 1.0646 1.0319 0.9174 0.9704
33 98 1.1756 1.0643 1.0941 1.1540 1.1811 1.1339 0.9949 1.0482
33 99 1.0248 0.9272 0.9535 1.0070 1.0315 1.0010 0.8911 0.9432
33 100 0.9459 0.8562 0.8803 0.9287 0.9507 0.9222 0.8207 0.8684
33 101 1.2624 1.1428 1.1748 1.2391 1.2682 1.1628 0.9609 0.9887
33 102 0.7849 0.7100 0.7303 0.7716 0.7907 0.7674 0.6832 0.7232
33 103 0.8275 0.7485 0.7699 0.8134 0.8335 0.8089 0.7201 0.7623
33 104 0.9439 0.8541 0.8783 0.9274 0.9499 0.9217 0.8204 0.8682
33 105 0.8453 0.7647 0.7865 0.8309 0.8513 0.8262 0.7355 0.7785
33 106 0.8726 0.7896 0.8119 0.8572 0.8780 0.8519 0.7582 0.8024
33 107 1.1125 1.0064 1.0351 1.0935 1.1203 1.0873 0.9679 1.0245
33 108 1.0510 0.9515 0.9781 1.0317 1.0559 1.0211 0.9050 0.9564
33 109 0.8943 0.8095 0.8322 0.8779 0.8987 0.8717 0.7757 0.8207
33 110 0.9985 0.9034 0.9291 0.9812 1.0051 0.9754 0.8682 0.9189
33 111 0.8733 0.7900 0.8125 0.8585 0.8798 0.8539 0.7602 0.8047
33 112 0.9237 0.8354 0.8594 0.9084 0.9311 0.9039 0.8048 0.8520
33 113 0.8858 0.8015 0.8242 0.8702 0.8913 0.8648 0.7698 0.8147
33 114 1.0479 0.9479 0.9750 1.0302 1.0556 1.0246 0.9121 0.9655
33 115 1.0553 0.9544 0.9818 1.0378 1.0638 1.0327 0.9194 0.9735
33 116 0.9896 0.8949 0.9206 0.9733 0.9977 0.9686 0.8624 0.9131
33 117 0.8816 0.7976 0.8203 0.8663 0.8875 0.8613 0.7667 0.8115
33 118 0.8764 0.7934 0.8156 0.8603 0.8805 0.8533 0.7584 0.8022
33 119 1.0802 0.9777 1.0052 1.0608 1.0861 1.0537 0.9377 0.9923
33 120 1.1795 1.0679 1.0978 1.1578 1.1850 1.1449 1.0134 1.0705
33 121 0.9265 0.8385 0.8622 0.9100 0.9319 0.9041 0.8047 0.8516
33 122 1.1065 1.0017 1.0298 1.0861 1.1116 1.0716 0.9455 0.9979
33 123 0.9094 0.8233 0.8463 0.8927 0.9137 0.8860 0.7882 0.8338
33 124 1.1211 1.0149 1.0433 1.1005 1.1263 1.0871 0.9610 1.0147
33 125 0.9253 0.8371 0.8609 0.9094 0.9317 0.9042 0.8049 0.8520
34 0 0.8170 0.7382 0.7595 0.8041 0.8251 0.8015 0.7138 0.7562
34 1 1.3973 1.2611 1.2986 1.3782 1.4167 1.3781 1.2283 1.3031
34 2 0.7734 0.6993 0.7193 0.7603 0.7793 0.7566 0.6735 0.7131
34 3 0.9542 0.8627 0.8874 0.9384 0.9622 0.9343 0.8319 0.8810
34 4 1.0845 0.9789 1.0081 1.0698 1.0995 1.0695 0.9533 1.0113
34 5 1.0301 0.9304 0.9577 1.0148 1.0419 1.0127 0.9024 0.9566
34 6 1.3436 1.2162 1.2502 1.3186 1.3497 1.3082 1.1629 1.2296
34 7 0.9684 0.8740 0.9001 0.9555 0.9823 0.9556 0.8519 0.9039
34 8 1.0342 0.9344 0.9617 1.0185 1.0454 1.0159 0.9051 0.9594
34 9 1.2518 1.1303 1.1638 1.2342 1.2679 1.2330 1.0989 1.1655
34 10 1.0154 0.9174 0.9442 0.9999 1.0262 0.9973 0.8885 0.9417
34 11 1.3482 1.2201 1.2544 1.3240 1.3559 1.3156 1.1709 1.2392
34 12 1.0486 0.9472 0.9750 1.0333 1.0610 1.0314 0.9191 0.9744
34 13 0.8584 0.7771 0.7988 0.8426 0.8625 0.8362 0.7436 0.7866
34 14 1.0579 0.9553 0.9836 1.0428 1.0711 1.0414 0.9281 0.9842
34 15 1.2799 1.1562 1.1902 1.2610 1.2946 1.2583 1.1212 1.1887
34 16 0.9195 0.8309 0.8551 0.9053 0.9290 0.9027 0.8042 0.8523
34 17 1.0636 0.9609 0.9891 1.0476 1.0753 1.0450 0.9311 0.9870
34 18 0.9435 0.8542 0.8780 0.9262 0.9482 0.9196 0.8182 0.8658
34 19 1.3184 1.1933 1.2268 1.2945 1.3254 1.2859 1.1445 1.2113
34 20 1.1373 1.0279 1.0578 1.1195 1.1485 1.1158 0.9940 1.0534
34 21 1.2584 1.1392 1.1710 1.2353 1.2645 1.2258 1.0899 1.1530
34 22 1.1868 1.0744 1.1044 1.1650 1.1926 1.1557 1.0270 1.0862
34 23 1.1094 1.0021 1.0316 1.0932 1.1225 1.0912 0.9724 1.0310
34 24 1.1868 1.0721 1.1036 1.1694 1.2006 1.1669 1.0398 1.1024
34 25 1.0461 0.9455 0.9730 1.0296 1.0561 1.0260 0.9139 0.9684
34 26 1.2801 1.1545 1.1897 1.2647 1.3014 1.2668 1.1298 1.1993
34 27 0.8530 0.7722 0.7938 0.8373 0.8572 0.8314 0.7396 0.7827
34 28 0.9552 0.8631 0.8883 0.9408 0.9657 0.9385 0.8362 0.8864
34 29 1.0670 0.9644 0.9924 1.0504 1.0777 1.0470 0.9327 0.9885
34 30 1.1026 0.9956 1.0251 1.0873 1.1171 1.0863 0.9682 1.0270
34 31 1.2507 1.1322 1.1639 1.2278 1.2569 1.2189 1.0843 1.1474
34 32 0.5578 0.5050 0.5191 0.5476 0.5606 0.5438 0.4839 0.5121
34 33 1.2412 1.1214 1.1543 1.2229 1.2554 1.2202 1.0872 1.1527
34 35 1.1066 1.0000 1.0292 1.0897 1.1183 1.0867 0.9681 1.0262
34 36 1.2775 1.1541 1.1880 1.2585 1.2920 1.2557 1.1189 1.1863
34 37 1.1407 1.0307 1.0608 1.1235 1.1532 1.1207 0.9986 1.0585
34 38 1.0810 0.9768 1.0053 1.0644 1.0923 1.0614 0.9457 1.0024
34 39 1.1057 1.0010 1.0290 1.0855 1.1113 1.0778 0.9588 1.0147
34 40 1.0960 0.9909 1.0195 1.0783 1.1058 1.0740 0.9566 1.0136
34 41 1.3463 1.2174 1.2524 1.3242 1.3576 1.3184 1.1742 1.2440
34 42 1.2053 1.0889 1.1209 1.1875 1.2191 1.1849 1.0559 1.1194
34 43 0.8745 0.7917 0.8138 0.8586 0.8790 0.8521 0.7576 0.8017
34 44 1.1379 1.0302 1.0590 1.1171 1.1437 1.1079 0.9840 1.0408
34 45 1.0357 0.9363 0.9633 1.0192 1.0453 1.0154 0.9045 0.9584
34 46 1.3433 1.2148 1.2496 1.3212 1.3545 1.3153 1.1715 1.2410
34 47 0.6083 0.5504 0.5660 0.5977 0.6123 0.5944 0.5292 0.5604
34 48 1.2450 1.1266 1.1585 1.2232 1.2531 1.2162 1.0828 1.1465
34 49 1.1912 1.0769 1.1080 1.1721 1.2021 1.1676 1.0400 1.1020
34 50 1.1384 1.0284 1.0586 1.1215 1.1512 1.1189 0.9970 1.0570
34 51 1.0647 0.9627 0.9904 1.0473 1.0738 1.0428 0.9288 0.9840
34 52 1.0963 0.9925 1.0202 1.0763 1.1019 1.0660 0.9451 0.9992
34 53 1.2184 1.1020 1.1335 1.1980 1.2279 1.1923 1.0618 1.1247
34 54 1.0621 0.9611 0.9882 1.0433 1.0686 1.0371 0.9233 0.9776
34 55 0.8936 0.8090 0.8316 0.8773 0.8982 0.8628 0.7576 0.7983
34 56 1.0625 0.9608 0.9884 1.0452 1.0716 1.0407 0.9269 0.9819
34 57 0.6086 0.5509 0.5663 0.5974 0.6116 0.5893 0.5196 0.5483
34 58 0.9521 0.8610 0.8857 0.9363 0.9598 0.9320 0.8300 0.8792
34 59 1.1784 1.0644 1.0958 1.1614 1.1926 1.1593 1.0331 1.0953
34 60 1.0884 0.9850 1.0128 1.0692 1.0951 1.0628 0.9462 1.0018
34 61 1.2117 1.0954 1.1271 1.1924 1.2230 1.1880 1.0582 1.1212
34 62 1.1771 1.0630 1.0945 1.1605 1.1920 1.1589 1.0329 1.0953
34 63 1.2404 1.1213 1.1538 1.2206 1.2519 1.2160 1.0831 1.1477
34 64 1.1113 1.0054 1.0340 1.0922 1.1192 1.0865 0.9674 1.0245
34 65 1.1932 1.0772 1.1094 1.1769 1.2092 1.1760 1.0482 1.1117
34 66 1.0573 0.9544 0.9830 1.0431 1.0720 1.0426 0.9294 0.9858
34 67 1.4827 1.3393 1.3788 1.4612 1.5004 1.4585 1.2997 1.3780
34 68 1.2643 1.1404 1.1752 1.2491 1.2850 1.2507 1.1153 1.1837
34 69 1.1540 1.0447 1.0739 1.1330 1.1599 1.1238 0.9983 1.0561
34 70 0.9161 0.8294 0.8526 0.8994 0.9208 0.8917 0.7916 0.8373
34 71 1.1734 1.0597 1.0911 1.1570 1.1885 1.1556 1.0299 1.0922
34 72 0.7967 0.7212 0.7414 0.7822 0.8008 0.7729 0.6830 0.7214
34 73 1.0584 0.9581 0.9850 1.0391 1.0638 1.0288 0.9116 0.9636
34 74 1.1324 1.0236 1.0533 1.1146 1.1434 1.1108 0.9895 1.0486
34 75 1.1030 0.9971 1.0260 1.0854 1.1133 1.0814 0.9633 1.0207
34 76 1.4661 1.3239 1.3632 1.4456 1.4850 1.4439 1.2869 1.3647
34 77 1.3333 1.2053 1.2402 1.3122 1.3459 1.3075 1.1646 1.2341
34 78 1.2121 1.0959 1.1275 1.1928 1.2233 1.1883 1.0584 1.1215
34 79 1.1616 1.0501 1.0805 1.1433 1.1727 1.1392 1.0148 1.0753
34 80 1.2300 1.1110 1.1438 1.2122 1.2447 1.2100 1.0783 1.1432
34 81 1.2006 1.0846 1.1165 1.1829 1.2144 1.1804 1.0518 1.1151
34 82 1.2058 1.0890 1.1212 1.1888 1.2211 1.1872 1.0581 1.1221
34 83 1.3464 1.2188 1.2530 1.3221 1.3537 1.3135 1.1692 1.2378
34 84 0.9202 0.8327 0.8563 0.9042 0.9263 0.8991 0.8005 0.8477
34 85 1.1308 1.0237 1.0524 1.1102 1.1367 1.0994 0.9743 1.0300
34 86 1.1795 1.0653 1.0968 1.1626 1.1940 1.1607 1.0344 1.0968
34 87 0.9814 0.8864 0.9126 0.9674 0.9934 0.9658 0.8607 0.9126
34 88 0.9522 0.8620 0.8861 0.9348 0.9571 0.9168 0.8017 0.8441
34 89 1.2036 1.0874 1.1193 1.1858 1.2174 1.1832 1.0543 1.1176
34 90 1.1384 1.0300 1.0592 1.1187 1.1463 1.1127 0.9907 1.0492
34 91 1.2051 1.0881 1.1205 1.1885 1.2210 1.1874 1.0583 1.1224
34 92 1.1949 1.0801 1.1115 1.1762 1.2067 1.1723 1.0443 1.1067
34 93 1.1808 1.0665 1.0981 1.1640 1.1953 1.1621 1.0356 1.0981
34 94 0.9308 0.8416 0.8659 0.9157 0.9391 0.9121 0.8124 0.8607
34 95 1.1934 1.0764 1.1093 1.1792 1.2133 1.1809 1.0531 1.1177
34 96 1.1455 1.0337 1.0649 1.1308 1.1626 1.1311 1.0084 1.0699
34 97 1.1786 1.0653 1.0963 1.1603 1.1904 1.1565 1.0303 1.0919
34 98 0.9777 0.8851 0.9099 0.9599 0.9828 0.9466 0.8341 0.8803
34 99 1.2161 1.0980 1.1308 1.1995 1.2324 1.1984 1.0682 1.1329
34 100 1.1394 1.0293 1.0596 1.1228 1.1529 1.1206 0.9986 1.0587
34 101 1.1309 1.0238 1.0524 1.1103 1.1368 1.0427 0.8618 0.8874
34 102 1.0864 0.9806 1.0100 1.0719 1.1017 1.0715 0.9551 1.0130
34 103 1.1822 1.0672 1.0991 1.1665 1.1989 1.1660 1.0393 1.1023
34 104 1.1447 1.0336 1.0644 1.1289 1.1598 1.1277 1.0050 1.0657
34 105 1.2038 1.0867 1.1192 1.1876 1.2205 1.1870 1.0580 1.1220
34 106 1.2124 1.0948 1.1273 1.1955 1.2281 1.1941 1.0642 1.1284
34 107 1.2191 1.1006 1.1335 1.2027 1.2360 1.2021 1.0715 1.1364
34 108 1.0580 0.9578 0.9846 1.0388 1.0637 1.0320 0.9187 0.9725
34 109 1.1085 1.0014 1.0308 1.0923 1.1215 1.0901 0.9713 1.0297
34 110 1.2034 1.0865 1.1189 1.1869 1.2196 1.1859 1.0570 1.1209
34 111 1.2136 1.0955 1.1283 1.1975 1.2309 1.1972 1.0672 1.1319
34 112 1.2299 1.1099 1.1433 1.2140 1.2481 1.2142 1.0824 1.1483
34 113 1.2001 1.0837 1.1159 1.1834 1.2158 1.1822 1.0536 1.1172
34 114 1.2431 1.1221 1.1558 1.2266 1.2607 1.2262 1.0931 1.1594
34 115 1.2145 1.0960 1.1290 1.1988 1.2325 1.1991 1.0690 1.1340
34 116 1.2355 1.1150 1.1486 1.2197 1.2541 1.2201 1.0877 1.1540
34 117 1.2077 1.0904 1.1229 1.1913 1.2241 1.1905 1.0611 1.1253
34 118 1.1503 1.0399 1.0700 1.1322 1.1615 1.1284 1.0052 1.0651
34 119 1.2144 1.0968 1.1292 1.1970 1.2293 1.1951 1.0650 1.1292
34 120 1.0946 0.9909 1.0187 1.0748 1.1005 1.0667 0.9483 1.0035
34 121 1.2057 1.0889 1.1211 1.1887 1.2210 1.1871 1.0579 1.1218
34 122 1.0241 0.9271 0.9531 1.0056 1.0296 0.9958 0.8825 0.9330
34 123 1.1790 1.0654 1.0965 1.1614 1.1921 1.1585 1.0322 1.0941
34 124 1.0412 0.9426 0.9690 1.0223 1.0468 1.0137 0.9000 0.9520
34 125 1.2273 1.1080 1.1411 1.2107 1.2442 1.2101 1.0786 1.1440
35 0 1.1618 1.0515 1.0807 1.1402 1.1674 1.1325 1.0076 1.0665
35 1 1.2736 1.1515 1.1843 1.2524 1.2844 1.2476 1.1111 1.1776
35 2 1.0851 0.9821 1.0095 1.0648 1.0900 1.0562 0.9385 0.9927
35 3 1.1500 1.0410 1.0700 1.1286 1.1553 1.1199 0.9955 1.0532
35 4 1.2175 1.1010 1.1324 1.1973 1.2277 1.1924 1.0621 1.1254
35 5 1.0785 0.9759 1.0033 1.0593 1.0850 1.0531 0.9376 0.9929
35 6 1.1132 1.0077 1.0358 1.0925 1.1181 1.0810 0.9576 1.0116
35 7 1.3232 1.1963 1.2307 1.3016 1.3349 1.2968 1.1551 1.2242
35 8 1.0099 0.9140 0.9397 0.9916 1.0153 0.9852 0.8770 0.9285
35 9 1.2308 1.1133 1.1450 1.2098 1.2398 1.2038 1.0720 1.1356
35 10 0.8525 0.7717 0.7933 0.8370 0.8570 0.8315 0.7402 0.7836
35 11 1.2952 1.1725 1.2052 1.2712 1.3011 1.2594 1.1175 1.1815
35 12 1.1302 1.0227 1.0516 1.1103 1.1373 1.1038 0.9828 1.0407
35 13 1.0122 0.9163 0.9419 0.9934 1.0168 0.9832 0.8713 0.9207
35 14 0.9917 0.8972 0.9227 0.9746 0.9986 0.9694 0.8632 0.9142
35 15 1.1693 1.0582 1.0880 1.1484 1.1761 1.1414 1.0161 1.0759
35 16 1.2924 1.1700 1.2027 1.2686 1.2987 1.2599 1.1213 1.1870
35 17 1.1533 1.0438 1.0731 1.1324 1.1595 1.1251 1.0015 1.0603
35 18 0.9164 0.8296 0.8527 0.8994 0.9206 0.8905 0.7895 0.8345
35 19 1.2727 1.1521 1.1843 1.2492 1.2785 1.2373 1.0975 1.1603
35 20 0.8711 0.7886 0.8107 0.8551 0.8753 0.8490 0.7554 0.7994
35 21 1.3629 1.2339 1.2683 1.3377 1.3692 1.3237 1.1728 1.2392
35 22 1.1577 1.0481 1.0774 1.1363 1.1630 1.1240 0.9953 1.0515
35 23 1.1155 1.0094 1.0380 1.0959 1.1225 1.0894 0.9699 1.0269
35 24 1.1862 1.0734 1.1037 1.1650 1.1932 1.1579 1.0308 1.0914
35 25 1.1059 1.0011 1.0291 1.0855 1.1112 1.0775 0.9585 1.0144
35 26 1.2127 1.0958 1.1278 1.1944 1.2259 1.1914 1.0616 1.1254
35 27 1.2489 1.1306 1.1622 1.2258 1.2547 1.2135 1.0758 1.1370
35 28 1.2718 1.1512 1.1835 1.2488 1.2785 1.2405 1.1042 1.1689
35 29 1.1427 1.0345 1.0634 1.1217 1.1482 1.1136 0.9909 1.0487
35 30 1.1403 1.0315 1.0609 1.1209 1.1487 1.1152 0.9931 1.0518
35 31 1.2834 1.1618 1.1943 1.2597 1.2893 1.2469 1.1052 1.1681
35 32 1.1650 1.0547 1.0842 1.1435 1.1704 1.1322 1.0039 1.0611
35 33 1.0587 0.9582 0.9851 1.0397 1.0647 1.0331 0.9197 0.9737
35 34 1.1465 1.0379 1.0670 1.1254 1.1518 1.1144 0.9883 1.0447
35 36 1.1386 1.0305 1.0595 1.1182 1.1450 1.1110 0.9890 1.0470
35 37 1.1277 1.0208 1.0494 1.1073 1.1336 1.0999 0.9790 1.0363
35 38 1.1545 1.0451 1.0744 1.1333 1.1600 1.1253 1.0016 1.0601
35 39 1.2106 1.0960 1.1267 1.1883 1.2162 1.1763 1.0426 1.1020
35 40 1.0552 0.9553 0.9820 1.0358 1.0602 1.0277 0.9138 0.9668
35 41 1.3419 1.2149 1.2488 1.3172 1.3483 1.3066 1.1613 1.2286
35 42 1.1379 1.0298 1.0588 1.1175 1.1443 1.1104 0.9884 1.0464
35 43 1.2330 1.1163 1.1475 1.2103 1.2387 1.1975 1.0609 1.1211
35 44 1.1640 1.0538 1.0833 1.1426 1.1694 1.1297 0.9997 1.0560
35 45 1.0175 0.9211 0.9469 0.9987 1.0223 0.9911 0.8814 0.9327
35 46 1.3397 1.2128 1.2468 1.3151 1.3460 1.3044 1.1592 1.2263
35 47 1.2126 1.0978 1.1285 1.1902 1.2182 1.1796 1.0472 1.1074
35 48 1.0325 0.9347 0.9608 1.0134 1.0373 1.0042 0.8914 0.9426
35 49 1.0592 0.9589 0.9857 1.0397 1.0642 1.0317 0.9174 0.9706
35 50 1.0250 0.9277 0.9538 1.0066 1.0307 1.0000 0.8902 0.9423
35 51 0.9163 0.8295 0.8527 0.8994 0.9206 0.8922 0.7931 0.8390
35 52 1.1216 1.0154 1.0438 1.1009 1.1267 1.0870 0.9602 1.0137
35 53 1.1607 1.0508 1.0802 1.1394 1.1662 1.1298 1.0038 1.0617
35 54 0.9398 0.8508 0.8746 0.9225 0.9441 0.9139 0.8111 0.8576
35 55 1.0602 0.9598 0.9867 1.0407 1.0651 1.0204 0.8927 0.9394
35 56 1.1487 1.0400 1.0691 1.1276 1.1542 1.1185 0.9942 1.0517
35 57 1.0969 0.9930 1.0208 1.0766 1.1019 1.0588 0.9301 0.9802
35 58 1.0588 0.9585 0.9853 1.0393 1.0637 1.0306 0.9158 0.9687
35 59 1.1792 1.0670 1.0972 1.1584 1.1865 1.1514 1.0250 1.0850
35 60 1.2497 1.1314 1.1630 1.2267 1.2555 1.2154 1.0786 1.1404
35 61 1.1309 1.0238 1.0525 1.1101 1.1363 1.1015 0.9796 1.0363
35 62 1.1881 1.0749 1.1054 1.1676 1.1963 1.1611 1.0337 1.0944
35 63 1.2158 1.1006 1.1314 1.1934 1.2215 1.1842 1.0530 1.1141
35 64 1.0035 0.9085 0.9339 0.9851 1.0082 0.9764 0.8670 0.9169
35 65 1.1676 1.0561 1.0863 1.1480 1.1765 1.1422 1.0170 1.0769
35 66 0.9123 0.8251 0.8488 0.8972 0.9197 0.8929 0.7951 0.8420
35 67 1.4917 1.3499 1.3881 1.4654 1.5008 1.4564 1.2964 1.3724
35 68 1.0959 0.9903 1.0192 1.0792 1.1074 1.0759 0.9584 1.0156
35 69 1.2057 1.0916 1.1221 1.1835 1.2113 1.1702 1.0357 1.0941
35 70 1.2194 1.1039 1.1348 1.1969 1.2251 1.1829 1.0462 1.1050
35 71 1.1833 1.0705 1.1009 1.1629 1.1915 1.1565 1.0296 1.0901
35 72 1.1831 1.0711 1.1011 1.1613 1.1886 1.1440 1.0073 1.0623
35 73 1.2121 1.0974 1.1281 1.1898 1.2178 1.1743 1.0367 1.0943
35 74 1.0542 0.9544 0.9811 1.0348 1.0592 1.0270 0.9135 0.9666
35 75 1.0146 0.9185 0.9442 0.9960 1.0194 0.9883 0.8788 0.9298
35 76 1.4758 1.3351 1.3731 1.4505 1.4862 1.4425 1.2843 1.3597
35 77 1.3385 1.2118 1.2457 1.3139 1.3449 1.3038 1.1596 1.2268
35 78 1.1108 1.0056 1.0338 1.0904 1.1161 1.0819 0.9620 1.0177
35 79 1.1143 1.0088 1.0370 1.0938 1.1195 1.0854 0.9653 1.0213
35 80 1.3323 1.2056 1.2397 1.3088 1.3405 1.3008 1.1579 1.2257
35 81 1.2478 1.1293 1.1611 1.2255 1.2548 1.2175 1.0837 1.1470
35 82 1.3279 1.2014 1.2355 1.3049 1.3369 1.2975 1.1551 1.2229
35 83 1.3392 1.2124 1.2463 1.3145 1.3454 1.3018 1.1547 1.2206
35 84 1.0899 0.9867 1.0143 1.0699 1.0950 1.0601 0.9410 0.9950
35 85 1.2574 1.1383 1.1702 1.2342 1.2632 1.2183 1.0757 1.1355
35 86 1.1957 1.0819 1.1126 1.1748 1.2033 1.1677 1.0395 1.1004
35 87 1.1488 1.0395 1.0690 1.1287 1.1561 1.1219 0.9987 1.0572
35 88 1.1938 1.0807 1.1110 1.1718 1.1993 1.1458 0.9983 1.0495
35 89 1.2496 1.1310 1.1628 1.2272 1.2565 1.2191 1.0851 1.1484
35 90 1.0926 0.9892 1.0168 1.0725 1.0977 1.0629 0.9436 0.9978
35 91 1.2653 1.1445 1.1772 1.2438 1.2746 1.2372 1.1015 1.1663
35 92 1.2216 1.1060 1.1369 1.1992 1.2274 1.1902 1.0586 1.1200
35 93 1.1993 1.0852 1.1159 1.1783 1.2070 1.1713 1.0426 1.1037
35 94 1.1063 1.0015 1.0295 1.0859 1.1115 1.0772 0.9576 1.0130
35 95 1.1538 1.0425 1.0730 1.1363 1.1660 1.1329 1.0091 1.0692
35 96 1.1444 1.0347 1.0646 1.1261 1.1548 1.1214 0.9987 1.0578
35 97 1.1862 1.0739 1.1040 1.1645 1.1919 1.1557 1.0281 1.0878
35 98 1.1082 1.0033 1.0313 1.0878 1.1133 1.0693 0.9387 0.9892
35 99 1.2889 1.1659 1.1992 1.2671 1.2985 1.2605 1.1222 1.1882
35 100 1.1179 1.0117 1.0402 1.0981 1.1245 1.0911 0.9712 1.0279
35 101 1.2445 1.1267 1.1582 1.2216 1.2503 1.1464 0.9473 0.9747
35 102 1.1308 1.0226 1.0520 1.1122 1.1401 1.1068 0.9855 1.0435
35 103 1.1104 1.0042 1.0331 1.0921 1.1195 1.0868 0.9677 1.0246
35 104 1.1290 1.0213 1.0504 1.1098 1.1371 1.1037 0.9825 1.0401
35 105 1.1602 1.0493 1.0794 1.1409 1.1694 1.1352 1.0107 1.0701
35 106 1.1709 1.0593 1.0894 1.1508 1.1791 1.1444 1.0188 1.0785
35 107 1.2953 1.1715 1.2051 1.2738 1.3056 1.2674 1.1284 1.1948
35 108 0.9337 0.8453 0.8690 0.9166 0.9381 0.9076 0.8049 0.8508
35 109 1.0430 0.9439 0.9705 1.0244 1.0491 1.0178 0.9059 0.9587
35 110 1.2504 1.1310 1.1634 1.2293 1.2598 1.2228 1.0886 1.1525
35 111 1.2631 1.1422 1.1751 1.2423 1.2735 1.2364 1.1009 1.1657
35 112 1.2113 1.0952 1.1268 1.1918 1.2220 1.1866 1.0567 1.1190
35 113 1.1605 1.0498 1.0797 1.1406 1.1687 1.1343 1.0098 1.0690
35 114 1.3271 1.2002 1.2347 1.3053 1.3380 1.2990 1.1566 1.2247
35 115 1.1379 1.0288 1.0585 1.1195 1.1480 1.1148 0.9927 1.0513
35 116 1.3118 1.1860 1.2203 1.2908 1.3237 1.2854 1.1447 1.2123
35 117 1.0836 0.9801 1.0081 1.0654 1.0918 1.0599 0.9436 0.9991
35 118 1.0910 0.9877 1.0154 1.0710 1.0962 1.0628 0.9452 0.9999
35 119 1.2681 1.1475 1.1799 1.2459 1.2761 1.2383 1.1023 1.1667
35 120 1.1401 1.0321 1.0610 1.1191 1.1455 1.1072 0.9805 1.0360
35 121 1.2461 1.1274 1.1595 1.2245 1.2544 1.2174 1.0837 1.1472
35 122 1.0673 0.9662 0.9933 1.0477 1.0723 1.0341 0.9129 0.9637
35 123 1.1946 1.0814 1.1117 1.1729 1.2007 1.1648 1.0366 1.0969
35 124 1.0830 0.9805 1.0079 1.0631 1.0882 1.0507 0.9293 0.9816
35 125 1.2323 1.1145 1.1465 1.2117 1.2419 1.2056 1.0734 1.1365
36 0 1.0267 0.9292 0.9550 1.0075 1.0316 1.0004 0.8896 0.9415
36 1 1.0339 0.9350 0.9615 1.0162 1.0419 1.0118 0.9010 0.9548
36 2 1.0014 0.9064 0.9316 0.9827 1.0060 0.9744 0.8654 0.9152
36 3 1.0451 0.9460 0.9724 1.0257 1.0500 1.0174 0.9039 0.9562
36 4 1.0608 0.9595 0.9867 1.0427 1.0688 1.0379 0.9244 0.9794
36 5 1.0148 0.9185 0.9442 0.9963 1.0202 0.9899 0.8812 0.9331
36 6 0.9456 0.8560 0.8799 0.9280 0.9498 0.9179 0.8127 0.8584
36 7 1.0987 0.9936 1.0220 1.0803 1.1076 1.0757 0.9581 1.0152
36 8 1.0192 0.9226 0.9484 1.0005 1.0242 0.9936 0.8842 0.9360
36 9 1.0137 0.9172 0.9431 0.9959 1.0204 0.9905 0.8820 0.9341
36 10 1.0429 0.9441 0.9704 1.0237 1.0480 1.0165 0.9046 0.9575
36 11 1.0338 0.9359 0.9620 1.0147 1.0386 1.0049 0.8912 0.9421
36 12 1.0614 0.9607 0.9876 1.0422 1.0672 1.0356 0.9219 0.9761
36 13 1.0264 0.9292 0.9552 1.0074 1.0311 0.9967 0.8828 0.9327
36 14 1.0549 0.9546 0.9815 1.0362 1.0614 1.0301 0.9171 0.9712
36 15 0.9217 0.8344 0.8577 0.9049 0.9264 0.8988 0.8001 0.8470
36 16 1.1117 1.0064 1.0345 1.0913 1.1171 1.0833 0.9637 1.0200
36 17 1.0339 0.9360 0.9621 1.0149 1.0390 1.0079 0.8969 0.9494
36 18 0.7489 0.6780 0.6969 0.7351 0.7523 0.7275 0.6447 0.6813
36 19 0.9704 0.8785 0.9031 0.9525 0.9749 0.9430 0.8361 0.8837
36 20 1.1142 1.0087 1.0369 1.0937 1.1196 1.0854 0.9653 1.0214
36 21 1.1716 1.0607 1.0903 1.1500 1.1769 1.1375 1.0072 1.0641
36 22 1.0180 0.9216 0.9474 0.9992 1.0227 0.9880 0.8744 0.9236
36 23 1.0821 0.9794 1.0069 1.0625 1.0880 1.0557 0.9397 0.9948
36 24 0.8586 0.7772 0.7990 0.8430 0.8630 0.8373 0.7453 0.7890
36 25 0.7799 0.7060 0.7258 0.7656 0.7836 0.7596 0.6754 0.7146
36 26 0.9500 0.8587 0.8836 0.9353 0.9597 0.9324 0.8307 0.8805
36 27 1.1098 1.0047 1.0328 1.0893 1.1149 1.0780 0.9551 1.0093
36 28 1.1380 1.0302 1.0590 1.1171 1.1435 1.1091 0.9870 1.0446
36 29 0.8123 0.7354 0.7559 0.7974 0.8162 0.7913 0.7037 0.7446
36 30 0.9157 0.8285 0.8520 0.8997 0.9217 0.8946 0.7965 0.8435
36 31 1.0981 0.9942 1.0220 1.0779 1.1032 1.0665 0.9448 0.9984
36 32 1.1162 1.0105 1.0387 1.0956 1.1213 1.0843 0.9609 1.0155
36 33 0.6605 0.5979 0.6147 0.6484 0.6637 0.6439 0.5731 0.6066
36 34 1.1372 1.0295 1.0583 1.1162 1.1424 1.1048 0.9793 1.0350
36 35 1.1009 0.9967 1.0245 1.0807 1.1062 1.0727 0.9543 1.0099
36 37 0.9346 0.8461 0.8698 0.9174 0.9391 0.9108 0.8105 0.8578
36 38 0.7778 0.7042 0.7239 0.7635 0.7815 0.7579 0.6742 0.7135
36 39 1.0708 0.9694 0.9965 1.0510 1.0757 1.0399 0.9213 0.9736
36 40 1.1462 1.0376 1.0666 1.1251 1.1516 1.1158 0.9916 1.0490
36 41 1.1618 1.0518 1.0812 1.1404 1.1672 1.1307 1.0045 1.0625
36 42 0.8529 0.7721 0.7937 0.8372 0.8570 0.8314 0.7400 0.7832
36 43 1.1062 1.0015 1.0295 1.0858 1.1113 1.0739 0.9509 1.0046
36 44 1.0648 0.9640 0.9910 1.0452 1.0697 1.0329 0.9136 0.9649
36 45 1.0253 0.9282 0.9542 1.0064 1.0301 0.9983 0.8874 0.9388
36 46 1.1724 1.0614 1.0910 1.1508 1.1779 1.1409 1.0135 1.0719
36 47 1.1650 1.0546 1.0841 1.1435 1.1704 1.1328 1.0051 1.0627
36 48 0.8574 0.7762 0.7979 0.8416 0.8613 0.8336 0.7395 0.7819
36 49 0.8962 0.8114 0.8341 0.8797 0.9004 0.8726 0.7755 0.8204
36 50 1.1410 1.0329 1.0618 1.1200 1.1465 1.1121 0.9898 1.0475
36 51 1.0796 0.9774 1.0047 1.0597 1.0847 1.0508 0.9335 0.9874
36 52 1.0298 0.9323 0.9584 1.0108 1.0345 0.9977 0.8808 0.9297
36 53 0.8228 0.7449 0.7657 0.8076 0.8266 0.8005 0.7108 0.7517
36 54 1.1147 1.0092 1.0374 1.0942 1.1199 1.0836 0.9612 1.0161
36 55 1.0748 0.9730 1.0002 1.0550 1.0797 1.0340 0.9041 0.9512
36 56 0.8134 0.7364 0.7570 0.7984 0.8172 0.7916 0.7033 0.7438
36 57 1.0007 0.9059 0.9313 0.9822 1.0053 0.9656 0.8478 0.8932
36 58 0.9404 0.8513 0.8751 0.9230 0.9447 0.9150 0.8126 0.8594
36 59 1.0612 0.9605 0.9875 1.0421 1.0670 1.0351 0.9213 0.9751
36 60 1.1829 1.0709 1.1008 1.1611 1.1883 1.1498 1.0199 1.0781
36 61 0.8666 0.7846 0.8065 0.8507 0.8707 0.8437 0.7499 0.7932
36 62 1.0206 0.9235 0.9496 1.0026 1.0268 0.9963 0.8869 0.9388
36 63 0.9011 0.8158 0.8386 0.8846 0.9054 0.8773 0.7798 0.8248
36 64 1.1084 1.0034 1.0315 1.0880 1.1135 1.0779 0.9567 1.0115
36 65 0.9027 0.8167 0.8399 0.8871 0.9089 0.8821 0.7853 0.8314
36 66 1.0834 0.9800 1.0080 1.0650 1.0913 1.0593 0.9431 0.9985
36 67 1.3147 1.1900 1.2235 1.2910 1.3217 1.2823 1.1413 1.2079
36 68 1.0216 0.9234 0.9502 1.0055 1.0315 1.0019 0.8924 0.9454
36 69 1.0871 0.9842 1.0117 1.0671 1.0921 1.0547 0.9329 0.9854
36 70 1.1340 1.0266 1.0554 1.1131 1.1392 1.0996 0.9720 1.0264
36 71 0.9934 0.8989 0.9244 0.9759 0.9995 0.9699 0.8634 0.9139
36 72 1.2604 1.1411 1.1730 1.2372 1.2662 1.2183 1.0720 1.1304
36 73 1.1623 1.0522 1.0817 1.1408 1.1676 1.1255 0.9931 1.0480
36 74 1.1108 1.0056 1.0338 1.0904 1.1160 1.0817 0.9617 1.0172
36 75 1.1046 1.0000 1.0280 1.0843 1.1098 1.0754 0.9558 1.0110
36 76 1.3154 1.1903 1.2239 1.2923 1.3236 1.2844 1.1433 1.2102
36 77 0.9296 0.8416 0.8652 0.9125 0.9340 0.9052 0.8046 0.8510
36 78 0.9478 0.8580 0.8820 0.9303 0.9522 0.9227 0.8200 0.8673
36 79 0.9231 0.8357 0.8591 0.9062 0.9275 0.8988 0.7990 0.8451
36 80 1.1229 1.0164 1.0450 1.1027 1.1289 1.0952 0.9748 1.0316
36 81 0.9901 0.8963 0.9214 0.9719 0.9949 0.9651 0.8589 0.9088
36 82 1.1951 1.0815 1.1121 1.1740 1.2023 1.1666 1.0384 1.0991
36 83 1.2084 1.0940 1.1246 1.1861 1.2140 1.1742 1.0409 1.1001
36 84 1.0802 0.9779 1.0053 1.0603 1.0852 1.0502 0.9317 0.9849
36 85 1.2342 1.1174 1.1487 1.2115 1.2399 1.1953 1.0549 1.1133
36 86 1.0654 0.9642 0.9914 1.0463 1.0713 1.0394 0.9251 0.9791
36 87 1.1376 1.0296 1.0586 1.1172 1.1440 1.1099 0.9878 1.0455
36 88 1.1358 1.0283 1.0570 1.1149 1.1410 1.0897 0.9489 0.9973
36 89 1.0357 0.9376 0.9638 1.0167 1.0406 1.0094 0.8982 0.9504
36 90 0.9344 0.8460 0.8696 0.9172 0.9388 0.9086 0.8062 0.8523
36 91 1.0003 0.9050 0.9307 0.9829 1.0068 0.9771 0.8698 0.9207
36 92 1.0958 0.9920 1.0198 1.0756 1.1009 1.0671 0.9486 1.0035
36 93 0.9959 0.9013 0.9267 0.9780 1.0014 0.9716 0.8647 0.9152
36 94 1.0956 0.9919 1.0197 1.0755 1.1008 1.0664 0.9475 1.0020
36 95 0.9842 0.8896 0.9155 0.9689 0.9939 0.9654 0.8598 0.9108
36 96 0.7852 0.7100 0.7304 0.7722 0.7916 0.7686 0.6843 0.7247
36 97 1.0778 0.9757 1.0031 1.0580 1.0829 1.0496 0.9332 0.9872
36 98 1.1799 1.0682 1.0981 1.1582 1.1854 1.1380 0.9985 1.0520
36 99 1.1298 1.0222 1.0512 1.1102 1.1373 1.1037 0.9825 1.0400
36 100 0.9538 0.8634 0.8876 0.9364 0.9586 0.9299 0.8276 0.8757
36 101 1.2613 1.1419 1.1738 1.2381 1.2671 1.1617 0.9599 0.9874
36 102 0.8698 0.7868 0.8092 0.8551 0.8762 0.8505 0.7571 0.8014
36 103 0.9393 0.8496 0.8739 0.9233 0.9461 0.9183 0.8175 0.8654
36 104 1.0453 0.9458 0.9726 1.0270 1.0520 1.0208 0.9086 0.9616
36 105 0.9664 0.8743 0.8992 0.9499 0.9733 0.9446 0.8409 0.8901
36 106 0.9918 0.8975 0.9229 0.9744 0.9980 0.9684 0.8619 0.9122
36 107 1.1246 1.0174 1.0464 1.1054 1.1326 1.0993 0.9786 1.0359
36 108 1.1214 1.0152 1.0436 1.1008 1.1266 1.0895 0.9657 1.0205
36 109 0.9520 0.8617 0.8859 0.9346 0.9567 0.9280 0.8259 0.8738
36 110 1.0913 0.9873 1.0154 1.0724 1.0986 1.0661 0.9490 1.0044
36 111 0.9754 0.8823 0.9075 0.9589 0.9826 0.9538 0.8491 0.8989
36 112 1.0429 0.9432 0.9703 1.0256 1.0513 1.0206 0.9087 0.9621
36 113 0.9939 0.8994 0.9248 0.9765 1.0002 0.9705 0.8638 0.9143
36 114 1.1564 1.0461 1.0759 1.1368 1.1650 1.1307 1.0066 1.0656
36 115 1.1333 1.0249 1.0543 1.1145 1.1424 1.1091 0.9875 1.0455
36 116 1.1018 0.9964 1.0250 1.0837 1.1109 1.0785 0.9603 1.0168
36 117 0.9688 0.8765 0.9014 0.9521 0.9754 0.9466 0.8426 0.8919
36 118 0.9567 0.8661 0.8903 0.9391 0.9612 0.9315 0.8280 0.8758
36 119 1.0152 0.9188 0.9447 0.9969 1.0208 0.9903 0.8813 0.9326
36 120 1.1817 1.0698 1.0998 1.1600 1.1872 1.1471 1.0153 1.0725
36 121 1.0255 0.9281 0.9543 1.0073 1.0315 1.0008 0.8908 0.9427
36 122 1.1101 1.0050 1.0331 1.0896 1.1152 1.0751 0.9486 1.0011
36 123 0.9955 0.9012 0.9264 0.9772 1.0002 0.9699 0.8629 0.9129
36 124 1.1242 1.0178 1.0463 1.1035 1.1294 1.0902 0.9637 1.0176
36 125 1.0124 0.9159 0.9420 0.9951 1.0195 0.9894 0.8808 0.9324
37 0 1.0282 0.9305 0.9564 1.0090 1.0331 1.0020 0.8913 0.9433
37 1 1.0415 0.9417 0.9685 1.0239 1.0499 1.0197 0.9081 0.9623
37 2 1.0005 0.9056 0.9308 0.9818 1.0050 0.9737 0.8650 0.9148
37 3 1.0529 0.9531 0.9796 1.0333 1.0578 1.0251 0.9111 0.9638
37 4 1.0752 0.9724 1.0000 1.0571 1.0837 1.0525 0.9374 0.9932
37 5 0.9825 0.8892 0.9141 0.9648 0.9881 0.9589 0.8536 0.9039
37 6 1.0490 0.9496 0.9761 1.0294 1.0536 1.0184 0.9019 0.9527
37 7 1.1211 1.0137 1.0428 1.1026 1.1306 1.0981 0.9781 1.0365
37 8 0.9980 0.9034 0.9286 0.9797 1.0030 0.9731 0.8662 0.9170
37 9 0.9721 0.8794 0.9043 0.9553 0.9788 0.9503 0.8462 0.8963
37 10 1.0519 0.9522 0.9788 1.0325 1.0570 1.0255 0.9127 0.9662
37 11 0.8371 0.7578 0.7790 0.8216 0.8410 0.8138 0.7220 0.7632
37 12 1.0364 0.9379 0.9643 1.0178 1.0424 1.0116 0.9006 0.9537
37 13 1.0319 0.9342 0.9603 1.0128 1.0366 1.0022 0.8878 0.9381
37 14 1.0658 0.9644 0.9916 1.0471 1.0727 1.0413 0.9271 0.9819
37 15 0.8736 0.7907 0.8129 0.8578 0.8784 0.8523 0.7587 0.8033
37 16 1.1330 1.0257 1.0543 1.1121 1.1385 1.1042 0.9826 1.0400
37 17 1.0116 0.9157 0.9413 0.9930 1.0166 0.9863 0.8779 0.9294
37 18 0.9156 0.8289 0.8521 0.8987 0.9198 0.8896 0.7885 0.8333
37 19 0.9173 0.8304 0.8536 0.9003 0.9215 0.8916 0.7907 0.8358
37 20 1.1378 1.0301 1.0588 1.1169 1.1433 1.1086 0.9861 1.0436
37 21 0.9368 0.8481 0.8718 0.9195 0.9411 0.9097 0.8057 0.8513
37 22 0.7326 0.6632 0.6817 0.7190 0.7359 0.7111 0.6295 0.6650
37 23 1.0638 0.9628 0.9899 1.0448 1.0700 1.0383 0.9243 0.9786
37 24 0.8192 0.7415 0.7623 0.8044 0.8237 0.7993 0.7115 0.7532
37 25 0.9977 0.9032 0.9284 0.9793 1.0024 0.9719 0.8643 0.9146
37 26 0.8665 0.7831 0.8059 0.8532 0.8756 0.8509 0.7581 0.8036
37 27 1.1278 1.0210 1.0496 1.1070 1.1330 1.0957 0.9710 1.0262
37 28 1.1615 1.0514 1.0809 1.1401 1.1671 1.1323 1.0078 1.0667
37 29 1.0218 0.9251 0.9509 1.0030 1.0267 0.9956 0.8856 0.9372
37 30 0.7306 0.6610 0.6797 0.7180 0.7357 0.7142 0.6359 0.6735
37 31 0.8694 0.7871 0.8091 0.8533 0.8734 0.8445 0.7483 0.7909
37 32 0.9530 0.8627 0.8868 0.9354 0.9573 0.9259 0.8208 0.8675
37 33 0.8792 0.7958 0.8182 0.8633 0.8839 0.8575 0.7633 0.8080
37 34 0.9791 0.8864 0.9111 0.9610 0.9836 0.9514 0.8435 0.8916
37 35 1.1194 1.0134 1.0417 1.0988 1.1247 1.0909 0.9707 1.0273
37 36 0.8672 0.7850 0.8070 0.8514 0.8717 0.8457 0.7528 0.7969
37 38 0.8777 0.7946 0.8168 0.8616 0.8819 0.8554 0.7611 0.8055
37 39 0.9866 0.8932 0.9181 0.9684 0.9911 0.9584 0.8492 0.8975
37 40 1.1713 1.0604 1.0901 1.1498 1.1769 1.1406 1.0138 1.0726
37 41 0.9405 0.8514 0.8752 0.9232 0.9449 0.9155 0.8135 0.8606
37 42 0.7156 0.6478 0.6660 0.7027 0.7194 0.6980 0.6213 0.6576
37 43 1.1230 1.0167 1.0451 1.1023 1.1282 1.0905 0.9658 1.0204
37 44 0.8831 0.7995 0.8219 0.8668 0.8872 0.8568 0.7580 0.8007
37 45 0.9971 0.9027 0.9279 0.9788 1.0018 0.9711 0.8634 0.9135
37 46 0.6310 0.5713 0.5873 0.6194 0.6340 0.6142 0.5458 0.5773
37 47 0.9838 0.8906 0.9155 0.9656 0.9883 0.9568 0.8492 0.8979
37 48 0.9237 0.8362 0.8596 0.9066 0.9279 0.8982 0.7971 0.8428
37 49 0.6606 0.5981 0.6148 0.6485 0.6637 0.6433 0.5719 0.6050
37 50 1.1644 1.0541 1.0836 1.1433 1.1704 1.1355 1.0107 1.0697
37 51 1.1201 1.0140 1.0424 1.0995 1.1254 1.0904 0.9690 1.0250
37 52 0.8477 0.7674 0.7889 0.8320 0.8516 0.8214 0.7254 0.7657
37 53 0.9134 0.8269 0.8501 0.8966 0.9177 0.8889 0.7895 0.8350
37 54 1.1332 1.0259 1.0546 1.1123 1.1384 1.1018 0.9775 1.0335
37 55 1.0844 0.9817 1.0092 1.0644 1.0894 1.0435 0.9126 0.9602
37 56 0.8859 0.8020 0.8245 0.8696 0.8901 0.8624 0.7663 0.8106
37 57 0.9233 0.8359 0.8592 0.9062 0.9275 0.8911 0.7825 0.8245
37 58 0.9187 0.8317 0.8550 0.9018 0.9230 0.8941 0.7943 0.8400
37 59 0.6042 0.5468 0.5622 0.5934 0.6077 0.5897 0.5249 0.5556
37 60 1.2113 1.0966 1.1273 1.1890 1.2169 1.1777 1.0449 1.1046
37 61 0.9208 0.8336 0.8569 0.9039 0.9251 0.8967 0.7972 0.8433
37 62 1.1840 1.0713 1.1017 1.1633 1.1916 1.1565 1.0295 1.0899
37 63 0.9635 0.8722 0.8966 0.9457 0.9680 0.9382 0.8341 0.8823
37 64 1.1301 1.0231 1.0517 1.1093 1.1353 1.0993 0.9759 1.0319
37 65 0.9529 0.8620 0.8866 0.9367 0.9598 0.9316 0.8295 0.8783
37 66 1.0954 0.9907 1.0191 1.0770 1.1037 1.0715 0.9540 1.0103
37 67 1.1880 1.0751 1.1054 1.1667 1.1947 1.1592 1.0318 1.0921
37 68 0.9808 0.8864 0.9122 0.9656 0.9907 0.9624 0.8572 0.9083
37 69 0.9271 0.8393 0.8628 0.9100 0.9314 0.8996 0.7960 0.8408
37 70 0.9870 0.8935 0.9185 0.9688 0.9915 0.9572 0.8464 0.8938
37 71 1.0110 0.9148 0.9407 0.9934 1.0176 0.9876 0.8792 0.9308
37 72 1.1684 1.0578 1.0874 1.1469 1.1738 1.1295 0.9942 1.0484
37 73 1.1851 1.0729 1.1029 1.1633 1.1906 1.1478 1.0130 1.0692
37 74 1.1557 1.0462 1.0755 1.1344 1.1611 1.1256 1.0010 1.0589
37 75 1.1263 1.0196 1.0481 1.1055 1.1316 1.0968 0.9751 1.0315
37 76 1.2048 1.0900 1.1210 1.1839 1.2128 1.1770 1.0478 1.1092
37 77 0.6496 0.5881 0.6046 0.6377 0.6527 0.6326 0.5625 0.5950
37 78 0.8424 0.7626 0.7839 0.8269 0.8463 0.8202 0.7292 0.7713
37 79 0.9400 0.8510 0.8748 0.9227 0.9444 0.9154 0.8139 0.8610
37 80 1.2342 1.1169 1.1484 1.2122 1.2412 1.2043 1.0720 1.1346
37 81 1.0075 0.9120 0.9376 0.9893 1.0128 0.9826 0.8745 0.9255
37 82 1.2255 1.1089 1.1403 1.2041 1.2333 1.1968 1.0654 1.1278
37 83 1.0818 0.9794 1.0068 1.0619 1.0868 1.0514 0.9323 0.9854
37 84 0.9497 0.8598 0.8838 0.9322 0.9541 0.9235 0.8195 0.8664
37 85 1.2155 1.1004 1.1312 1.1931 1.2211 1.1775 1.0393 1.0970
37 86 1.1882 1.0752 1.1056 1.1671 1.1953 1.1598 1.0323 1.0927
37 87 0.9583 0.8673 0.8917 0.9414 0.9640 0.9354 0.8326 0.8813
37 88 1.0997 0.9956 1.0234 1.0794 1.1048 1.0552 0.9191 0.9661
37 89 1.0072 0.9117 0.9373 0.9889 1.0124 0.9821 0.8741 0.9250
37 90 0.9457 0.8561 0.8801 0.9283 0.9501 0.9197 0.8163 0.8631
37 91 1.0139 0.9173 0.9434 0.9965 1.0210 0.9909 0.8822 0.9339
37 92 1.2011 1.0874 1.1178 1.1791 1.2068 1.1699 1.0403 1.1006
37 93 0.9837 0.8902 0.9153 0.9663 0.9895 0.9602 0.8546 0.9046
37 94 0.9601 0.8692 0.8935 0.9424 0.9646 0.9347 0.8306 0.8786
37 95 0.9726 0.8789 0.9046 0.9576 0.9825 0.9545 0.8502 0.9007
37 96 0.8491 0.7677 0.7898 0.8352 0.8564 0.8315 0.7405 0.7842
37 97 1.1864 1.0741 1.1041 1.1646 1.1920 1.1556 1.0277 1.0872
37 98 1.1700 1.0592 1.0889 1.1485 1.1754 1.1287 0.9906 1.0437
37 99 1.2224 1.1059 1.1374 1.2015 1.2310 1.1948 1.0637 1.1261
37 100 0.9569 0.8661 0.8904 0.9397 0.9621 0.9334 0.8308 0.8792
37 101 1.2530 1.1344 1.1661 1.2299 1.2588 1.1541 0.9536 0.9809
37 102 0.9031 0.8168 0.8402 0.8880 0.9101 0.8835 0.7866 0.8327
37 103 0.9462 0.8558 0.8803 0.9304 0.9536 0.9256 0.8241 0.8725
37 104 1.0157 0.9189 0.9451 0.9982 1.0226 0.9924 0.8834 0.9351
37 105 0.9632 0.8713 0.8962 0.9470 0.9705 0.9420 0.8386 0.8878
37 106 0.9794 0.8861 0.9113 0.9624 0.9859 0.9567 0.8516 0.9014
37 107 1.2255 1.1085 1.1401 1.2048 1.2347 1.1984 1.0669 1.1295
37 108 1.0751 0.9733 1.0005 1.0553 1.0801 1.0448 0.9263 0.9789
37 109 0.8729 0.7901 0.8123 0.8571 0.8776 0.8514 0.7577 0.8018
37 110 1.0467 0.9469 0.9739 1.0288 1.0541 1.0230 0.9107 0.9641
37 111 0.9690 0.8764 0.9015 0.9528 0.9766 0.9480 0.8440 0.8936
37 112 1.0105 0.9137 0.9400 0.9939 1.0190 0.9894 0.8809 0.9328
37 113 0.9815 0.8880 0.9132 0.9645 0.9880 0.9588 0.8535 0.9035
37 114 1.0918 0.9875 1.0158 1.0736 1.1003 1.0681 0.9509 1.0068
37 115 1.0147 0.9175 0.9440 0.9981 1.0233 0.9936 0.8847 0.9368
37 116 1.0511 0.9504 0.9778 1.0341 1.0602 1.0294 0.9167 0.9707
37 117 0.9654 0.8733 0.8982 0.9489 0.9723 0.9437 0.8401 0.8894
37 118 0.9591 0.8683 0.8926 0.9415 0.9636 0.9341 0.8305 0.8785
37 119 0.9987 0.9039 0.9294 0.9810 1.0046 0.9748 0.8676 0.9182
37 120 1.1767 1.0653 1.0951 1.1550 1.1822 1.1424 1.0114 1.0686
37 121 1.0040 0.9085 0.9342 0.9864 1.0103 0.9803 0.8726 0.9236
37 122 1.1048 1.0002 1.0282 1.0845 1.1099 1.0702 0.9445 0.9969
37 123 0.9860 0.8927 0.9177 0.9679 0.9908 0.9610 0.8551 0.9048
37 124 1.1191 1.0132 1.0415 1.0986 1.1244 1.0855 0.9598 1.0136
37 125 0.9958 0.9008 0.9265 0.9790 1.0032 0.9737 0.8669 0.9177
38 0 1.0666 0.9653 0.9922 1.0467 1.0717 1.0397 0.9250 0.9790
38 1 1.0956 0.9906 1.0189 1.0774 1.1049 1.0733 0.9559 1.0131
38 2 1.0167 0.9203 0.9459 0.9978 1.0214 0.9897 0.8794 0.9302
38 3 1.0572 0.9570 0.9836 1.0375 1.0621 1.0295 0.9152 0.9682
38 4 1.0038 0.9077 0.9336 0.9871 1.0121 0.9831 0.8756 0.9279
38 5 1.0444 0.9450 0.9716 1.0258 1.0507 1.0198 0.9079 0.9615
38 6 1.0042 0.9090 0.9344 0.9855 1.0087 0.9751 0.8638 0.9125
38 7 1.1571 1.0462 1.0763 1.1383 1.1674 1.1340 1.0102 1.0706
38 8 0.9796 0.8867 0.9115 0.9619 0.9849 0.9557 0.8508 0.9007
38 9 1.1428 1.0337 1.0631 1.1233 1.1512 1.1177 0.9954 1.0545
38 10 1.0309 0.9331 0.9592 1.0121 1.0362 1.0054 0.8950 0.9475
38 11 0.9500 0.8600 0.8840 0.9324 0.9544 0.9237 0.8197 0.8666
38 12 0.8614 0.7794 0.8014 0.8462 0.8668 0.8413 0.7490 0.7932
38 13 1.0090 0.9134 0.9389 0.9903 1.0135 0.9801 0.8685 0.9177
38 14 1.0176 0.9207 0.9468 1.0000 1.0247 0.9947 0.8857 0.9381
38 15 0.8758 0.7926 0.8149 0.8602 0.8809 0.8549 0.7611 0.8059
38 16 1.1652 1.0548 1.0843 1.1437 1.1708 1.1358 1.0109 1.0701
38 17 0.9686 0.8767 0.9013 0.9511 0.9738 0.9449 0.8412 0.8906
38 18 0.6764 0.6123 0.6295 0.6639 0.6795 0.6573 0.5828 0.6159
38 19 0.8862 0.8023 0.8247 0.8699 0.8903 0.8616 0.7643 0.8079
38 20 1.0975 0.9936 1.0213 1.0773 1.1028 1.0696 0.9516 1.0072
38 21 1.0918 0.9884 1.0161 1.0716 1.0968 1.0604 0.9395 0.9927
38 22 0.9548 0.8644 0.8885 0.9371 0.9591 0.9270 0.8208 0.8671
38 23 1.0151 0.9186 0.9445 0.9972 1.0215 0.9913 0.8826 0.9345
38 24 0.9722 0.8798 0.9046 0.9549 0.9780 0.9491 0.8449 0.8945
38 25 0.7456 0.6750 0.6939 0.7319 0.7492 0.7265 0.6463 0.6839
38 26 0.8480 0.7663 0.7887 0.8352 0.8573 0.8332 0.7424 0.7870
38 27 1.1528 1.0436 1.0728 1.1315 1.1581 1.1201 0.9930 1.0495
38 28 1.1963 1.0829 1.1132 1.1746 1.2026 1.1669 1.0387 1.0995
38 29 0.8230 0.7451 0.7659 0.8079 0.8270 0.8021 0.7137 0.7553
38 30 0.8439 0.7633 0.7851 0.8295 0.8501 0.8253 0.7350 0.7784
38 31 1.0328 0.9350 0.9612 1.0138 1.0376 1.0035 0.8895 0.9400
38 32 1.1442 1.0359 1.0648 1.1231 1.1495 1.1120 0.9860 1.0422
38 33 0.7364 0.6665 0.6853 0.7233 0.7406 0.7187 0.6398 0.6773
38 34 1.1287 1.0219 1.0504 1.1079 1.1340 1.0971 0.9730 1.0285
38 35 1.0937 0.9901 1.0178 1.0736 1.0990 1.0661 0.9489 1.0043
38 36 0.6306 0.5707 0.5868 0.6193 0.6342 0.6153 0.5478 0.5799
38 37 0.8736 0.7907 0.8129 0.8577 0.8782 0.8520 0.7584 0.8028
38 39 1.1111 1.0059 1.0341 1.0906 1.1163 1.0796 0.9569 1.0114
38 40 1.1570 1.0475 1.0768 1.1357 1.1625 1.1269 1.0020 1.0601
38 41 1.0863 0.9834 1.0110 1.0663 1.0915 1.0577 0.9401 0.9946
38 42 0.7879 0.7131 0.7332 0.7738 0.7924 0.7689 0.6844 0.7246
38 43 1.1456 1.0371 1.0662 1.1245 1.1509 1.1126 0.9857 1.0416
38 44 1.0133 0.9173 0.9430 0.9946 1.0179 0.9833 0.8702 0.9192
38 45 0.7895 0.7148 0.7348 0.7750 0.7933 0.7691 0.6840 0.7237
38 46 1.1008 0.9966 1.0245 1.0806 1.1060 1.0718 0.9526 1.0077
38 47 1.1849 1.0727 1.1027 1.1630 1.1904 1.1526 1.0233 1.0821
38 48 0.6380 0.5776 0.5938 0.6263 0.6410 0.6206 0.5509 0.5825
38 49 0.8350 0.7559 0.7771 0.8196 0.8390 0.8133 0.7232 0.7652
38 50 1.1485 1.0395 1.0688 1.1279 1.1549 1.1206 0.9975 1.0559
38 51 0.8803 0.7969 0.8192 0.8641 0.8844 0.8571 0.7619 0.8060
38 52 0.9826 0.8896 0.9145 0.9645 0.9872 0.9524 0.8413 0.8881
38 53 0.8444 0.7644 0.7858 0.8288 0.8483 0.8219 0.7302 0.7724
38 54 1.1138 1.0083 1.0365 1.0932 1.1189 1.0832 0.9613 1.0164
38 55 1.0945 0.9909 1.0186 1.0743 1.0995 1.0534 0.9215 0.9696
38 56 0.9255 0.8378 0.8613 0.9085 0.9298 0.9011 0.8010 0.8473
38 57 1.0891 0.9860 1.0136 1.0690 1.0941 1.0514 0.9236 0.9732
38 58 0.7652 0.6927 0.7121 0.7511 0.7688 0.7449 0.6619 0.7001
38 59 1.0098 0.9137 0.9396 0.9921 1.0161 0.9860 0.8778 0.9292
38 60 1.2554 1.1366 1.1684 1.2323 1.2613 1.2209 1.0835 1.1456
38 61 0.6569 0.5947 0.6114 0.6449 0.6600 0.6399 0.5690 0.6020
38 62 0.9975 0.9024 0.9281 0.9803 1.0044 0.9748 0.8679 0.9189
38 63 1.0512 0.9517 0.9783 1.0319 1.0562 1.0239 0.9105 0.9633
38 64 0.9167 0.8299 0.8531 0.8998 0.9210 0.8919 0.7920 0.8375
38 65 0.8672 0.7843 0.8068 0.8526 0.8738 0.8483 0.7553 0.7999
38 66 1.0734 0.9707 0.9985 1.0556 1.0820 1.0505 0.9355 0.9907
38 67 1.2303 1.1133 1.1448 1.2086 1.2378 1.2012 1.0692 1.1319
38 68 0.7744 0.6998 0.7202 0.7626 0.7825 0.7603 0.6773 0.7177
38 69 1.0369 0.9388 0.9650 1.0178 1.0418 1.0064 0.8907 0.9410
38 70 1.0875 0.9846 1.0121 1.0675 1.0926 1.0550 0.9331 0.9855
38 71 0.9413 0.8515 0.8758 0.9251 0.9478 0.9200 0.8191 0.8672
38 72 1.1942 1.0811 1.1114 1.1722 1.1997 1.1547 1.0167 1.0722
38 73 1.2186 1.1032 1.1341 1.1961 1.2242 1.1805 1.0422 1.1000
38 74 0.9225 0.8351 0.8585 0.9055 0.9268 0.8987 0.7994 0.8458
38 75 1.0303 0.9328 0.9589 1.0114 1.0352 1.0036 0.8925 0.9442
38 76 1.2371 1.1191 1.1510 1.2159 1.2458 1.2092 1.0766 1.1398
38 77 0.8960 0.8112 0.8339 0.8795 0.9003 0.8728 0.7762 0.8212
38 78 0.7451 0.6745 0.6934 0.7314 0.7486 0.7257 0.6453 0.6826
38 79 0.8104 0.7337 0.7542 0.7955 0.8143 0.7895 0.7021 0.7428
38 80 1.0342 0.9358 0.9623 1.0160 1.0406 1.0097 0.8988 0.9515
38 81 0.9454 0.8557 0.8798 0.9286 0.9508 0.9225 0.8212 0.8692
38 82 1.2220 1.1055 1.1370 1.2009 1.2303 1.1941 1.0631 1.1255
38 83 1.1489 1.0401 1.0692 1.1278 1.1543 1.1169 0.9906 1.0472
38 84 1.0479 0.9487 0.9752 1.0286 1.0528 1.0192 0.9047 0.9566
38 85 1.2541 1.1353 1.1671 1.2310 1.2599 1.2151 1.0728 1.1325
38 86 0.9571 0.8660 0.8906 0.9404 0.9633 0.9348 0.8321 0.8809
38 87 1.0974 0.9930 1.0211 1.0782 1.1044 1.0717 0.9541 1.0100
38 88 1.1113 1.0061 1.0343 1.0909 1.1165 1.0666 0.9293 0.9769
38 89 0.8894 0.8049 0.8276 0.8734 0.8943 0.8677 0.7723 0.8174
38 90 0.8205 0.7428 0.7636 0.8054 0.8244 0.7982 0.7087 0.7493
38 91 0.9652 0.8731 0.8980 0.9489 0.9723 0.9438 0.8403 0.8897
38 92 1.0166 0.9204 0.9461 0.9980 1.0215 0.9904 0.8810 0.9321
38 93 0.8690 0.7863 0.8086 0.8539 0.8746 0.8488 0.7555 0.7998
38 94 1.0615 0.9610 0.9879 1.0419 1.0665 1.0336 0.9188 0.9720
38 95 0.8803 0.7954 0.8187 0.8669 0.8897 0.8644 0.7700 0.8158
38 96 0.6929 0.6265 0.6446 0.6818 0.6992 0.6790 0.6047 0.6405
38 97 0.9933 0.8993 0.9244 0.9751 0.9980 0.9678 0.8609 0.9109
38 98 1.1308 1.0238 1.0524 1.1100 1.1361 1.0912 0.9579 1.0094
38 99 0.9735 0.8805 0.9057 0.9570 0.9807 0.9520 0.8476 0.8975
38 100 0.8653 0.7831 0.8052 0.8499 0.8704 0.8445 0.7517 0.7957
38 101 1.2440 1.1262 1.1577 1.2211 1.2498 1.1458 0.9467 0.9738
38 102 0.7881 0.7127 0.7331 0.7751 0.7945 0.7714 0.6868 0.7272
38 103 0.8325 0.7529 0.7745 0.8188 0.8393 0.8149 0.7255 0.7682
38 104 0.8623 0.7800 0.8023 0.8476 0.8685 0.8430 0.7505 0.7945
38 105 0.8515 0.7701 0.7922 0.8374 0.8583 0.8332 0.7419 0.7855
38 106 0.8788 0.7950 0.8176 0.8637 0.8850 0.8589 0.7646 0.8094
38 107 1.0205 0.9229 0.9494 1.0035 1.0286 0.9986 0.8891 0.9414
38 108 0.9977 0.9032 0.9285 0.9793 1.0024 0.9698 0.8600 0.9090
38 109 0.8602 0.7785 0.8005 0.8449 0.8652 0.8395 0.7472 0.7908
38 110 1.0062 0.9102 0.9362 0.9893 1.0138 0.9841 0.8761 0.9275
38 111 0.8785 0.7944 0.8173 0.8641 0.8858 0.8600 0.7657 0.8108
38 112 0.9306 0.8414 0.8657 0.9156 0.9389 0.9117 0.8119 0.8598
38 113 0.8915 0.8064 0.8294 0.8762 0.8978 0.8714 0.7758 0.8213
38 114 0.9883 0.8938 0.9194 0.9720 0.9964 0.9674 0.8614 0.9121
38 115 1.0201 0.9223 0.9489 1.0037 1.0292 0.9994 0.8900 0.9425
38 116 0.8866 0.8015 0.8247 0.8724 0.8946 0.8688 0.7737 0.8194
38 117 0.8858 0.8012 0.8242 0.8710 0.8926 0.8665 0.7714 0.8168
38 118 0.8815 0.7980 0.8204 0.8653 0.8857 0.8587 0.7637 0.8079
38 119 1.0051 0.9095 0.9353 0.9875 1.0115 0.9815 0.8737 0.9248
38 120 1.1477 1.0390 1.0681 1.1266 1.1531 1.1145 0.9871 1.0429
38 121 0.9321 0.8433 0.8673 0.9160 0.9384 0.9107 0.8107 0.8581
38 122 1.0784 0.9763 1.0036 1.0585 1.0834 1.0448 0.9224 0.9737
38 123 0.9940 0.8998 0.9250 0.9759 0.9991 0.9692 0.8626 0.9127
38 124 1.0932 0.9897 1.0174 1.0731 1.0983 1.0606 0.9380 0.9908
38 125 0.9301 0.8412 0.8653 0.9146 0.9374 0.9100 0.8102 0.8578
39 0 1.2915 1.1666 1.2006 1.2716 1.3052 1.2682 1.1295 1.1969
39 1 1.3740 1.2398 1.2769 1.3559 1.3942 1.3565 1.2092 1.2830
39 2 1.0711 0.9683 0.9961 1.0535 1.0802 1.0489 0.9339 0.9889
39 3 1.0088 0.9118 0.9381 0.9925 1.0180 0.9887 0.8804 0.9325
39 4 1.3131 1.1850 1.2205 1.2959 1.3323 1.2962 1.1556 1.2261
39 5 1.1958 1.0799 1.1117 1.1786 1.2105 1.1769 1.0487 1.1120
39 6 1.3124 1.1881 1.2212 1.2881 1.3185 1.2783 1.1369 1.2023
39 7 1.0221 0.9222 0.9500 1.0090 1.0377 1.0097 0.9003 0.9554
39 8 1.2227 1.1044 1.1369 1.2048 1.2370 1.2023 1.0713 1.1357
39 9 1.2247 1.1055 1.1385 1.2080 1.2414 1.2074 1.0763 1.1417
39 10 1.2539 1.1326 1.1659 1.2354 1.2683 1.2327 1.0984 1.1644
39 11 1.3207 1.1949 1.2287 1.2976 1.3293 1.2900 1.1483 1.2155
39 12 1.2149 1.0971 1.1296 1.1977 1.2303 1.1962 1.0660 1.1305
39 13 0.9385 0.8496 0.8733 0.9212 0.9430 0.9146 0.8137 0.8609
39 14 1.2576 1.1354 1.1692 1.2402 1.2743 1.2392 1.1046 1.1716
39 15 1.2568 1.1350 1.1686 1.2387 1.2722 1.2368 1.1022 1.1687
39 16 0.9979 0.9015 0.9280 0.9830 1.0090 0.9806 0.8737 0.9262
39 17 1.2441 1.1237 1.1568 1.2259 1.2587 1.2236 1.0903 1.1560
39 18 1.0815 0.9789 1.0064 1.0620 1.0873 1.0549 0.9388 0.9935
39 19 1.2922 1.1693 1.2024 1.2694 1.3002 1.2617 1.1230 1.1888
39 20 1.3472 1.2173 1.2529 1.3267 1.3616 1.3231 1.1788 1.2494
39 21 1.2282 1.1119 1.1429 1.2057 1.2342 1.1969 1.0647 1.1265
39 22 1.1550 1.0456 1.0749 1.1338 1.1607 1.1252 1.0004 1.0582
39 23 1.2690 1.1459 1.1799 1.2511 1.2850 1.2494 1.1135 1.1809
39 24 1.1623 1.0497 1.0807 1.1457 1.1767 1.1440 1.0195 1.0811
39 25 1.2160 1.0989 1.1309 1.1974 1.2287 1.1939 1.0636 1.1273
39 26 1.2580 1.1343 1.1691 1.2435 1.2801 1.2464 1.1117 1.1804
39 27 0.9673 0.8756 0.9001 0.9497 0.9723 0.9433 0.8395 0.8885
39 28 1.0338 0.9338 0.9613 1.0187 1.0459 1.0167 0.9060 0.9606
39 29 1.2289 1.1104 1.1429 1.2103 1.2422 1.2071 1.0755 1.1400
39 30 1.0707 0.9665 0.9954 1.0564 1.0857 1.0560 0.9414 0.9987
39 31 1.2226 1.1068 1.1378 1.2003 1.2288 1.1921 1.0610 1.1229
39 32 0.7536 0.6821 0.7013 0.7401 0.7578 0.7353 0.6545 0.6927
39 33 1.2191 1.1011 1.1336 1.2016 1.2340 1.1997 1.0691 1.1337
39 34 0.8412 0.7613 0.7828 0.8262 0.8461 0.8210 0.7309 0.7737
39 35 1.2963 1.1711 1.2055 1.2771 1.3110 1.2742 1.1354 1.2037
39 36 1.2553 1.1338 1.1673 1.2373 1.2706 1.2352 1.1008 1.1673
39 37 1.1099 1.0026 1.0321 1.0937 1.1229 1.0916 0.9727 1.0314
39 38 1.1661 1.0535 1.0844 1.1488 1.1794 1.1463 1.0214 1.0829
39 40 1.3445 1.2153 1.2506 1.3234 1.3577 1.3190 1.1749 1.2451
39 41 1.3253 1.1981 1.2327 1.3041 1.3375 1.2992 1.1572 1.2262
39 42 1.1819 1.0675 1.0990 1.1650 1.1964 1.1631 1.0366 1.0992
39 43 0.9724 0.8803 0.9049 0.9546 0.9773 0.9478 0.8432 0.8923
39 44 1.1100 1.0048 1.0329 1.0897 1.1156 1.0811 0.9607 1.0162
39 45 1.1826 1.0688 1.0999 1.1643 1.1946 1.1606 1.0340 1.0959
39 46 1.3234 1.1965 1.2311 1.3022 1.3356 1.2972 1.1555 1.2243
39 47 0.7760 0.7019 0.7219 0.7628 0.7818 0.7590 0.6759 0.7158
39 48 1.2244 1.1076 1.1392 1.2035 1.2333 1.1973 1.0661 1.1290
39 49 1.1695 1.0571 1.0878 1.1513 1.1812 1.1476 1.0224 1.0835
39 50 1.3320 1.2031 1.2386 1.3128 1.3482 1.3106 1.1680 1.2386
39 51 1.2746 1.1522 1.1856 1.2543 1.2865 1.2497 1.1132 1.1796
39 52 1.0672 0.9661 0.9931 1.0477 1.0726 1.0381 0.9208 0.9736
39 53 1.1976 1.0829 1.1140 1.1781 1.2080 1.1732 1.0449 1.1070
39 54 1.2988 1.1751 1.2084 1.2765 1.3079 1.2696 1.1305 1.1972
39 55 0.9585 0.8677 0.8920 0.9411 0.9634 0.9259 0.8133 0.8571
39 56 1.1359 1.0269 1.0566 1.1178 1.1465 1.1137 0.9921 1.0512
39 57 0.6449 0.5838 0.6001 0.6331 0.6482 0.6248 0.5511 0.5816
39 58 1.2473 1.1277 1.1602 1.2272 1.2585 1.2223 1.0887 1.1534
39 59 1.1541 1.0421 1.0731 1.1379 1.1689 1.1366 1.0130 1.0743
39 60 1.1127 1.0067 1.0353 1.0936 1.1206 1.0877 0.9685 1.0256
39 61 1.1914 1.0768 1.1081 1.1730 1.2035 1.1693 1.0417 1.1040
39 62 1.3328 1.2033 1.2392 1.3147 1.3509 1.3138 1.1710 1.2421
39 63 1.2216 1.1041 1.1362 1.2027 1.2339 1.1989 1.0680 1.1319
39 64 1.2712 1.1498 1.1827 1.2500 1.2813 1.2442 1.1080 1.1736
39 65 1.1747 1.0603 1.0921 1.1592 1.1916 1.1591 1.0333 1.0962
39 66 1.0724 0.9678 0.9970 1.0585 1.0883 1.0587 0.9439 1.0014
39 67 1.4741 1.3312 1.3707 1.4534 1.4930 1.4516 1.2938 1.3720
39 68 1.2464 1.1239 1.1583 1.2319 1.2679 1.2344 1.1009 1.1687
39 69 1.1290 1.0220 1.0506 1.1084 1.1348 1.0999 0.9776 1.0343
39 70 0.8859 0.8020 0.8244 0.8697 0.8905 0.8626 0.7662 0.8105
39 71 1.1984 1.0819 1.1142 1.1822 1.2148 1.1815 1.0532 1.1171
39 72 1.1513 1.0423 1.0714 1.1304 1.1573 1.1174 0.9880 1.0436
39 73 1.0896 0.9864 1.0140 1.0698 1.0952 1.0596 0.9393 0.9931
39 74 1.3027 1.1773 1.2116 1.2829 1.3166 1.2793 1.1398 1.2081
39 75 1.2525 1.1320 1.1649 1.2331 1.2653 1.2293 1.0952 1.1607
39 76 1.4570 1.3154 1.3547 1.4374 1.4771 1.4366 1.2806 1.3583
39 77 1.3193 1.1923 1.2271 1.2990 1.3330 1.2952 1.1539 1.2230
39 78 1.1952 1.0803 1.1117 1.1767 1.2073 1.1730 1.0450 1.1075
39 79 1.1434 1.0334 1.0635 1.1259 1.1553 1.1226 1.0001 1.0600
39 80 1.3621 1.2300 1.2665 1.3430 1.3796 1.3415 1.1956 1.2679
39 81 1.3327 1.2036 1.2392 1.3137 1.3492 1.3117 1.1690 1.2396
39 82 1.3759 1.2422 1.2793 1.3572 1.3946 1.3563 1.2089 1.2823
39 83 1.3303 1.2039 1.2379 1.3068 1.3386 1.2992 1.1566 1.2247
39 84 0.9041 0.8179 0.8411 0.8887 0.9108 0.8842 0.7874 0.8340
39 85 1.0921 0.9887 1.0163 1.0723 1.0978 1.0622 0.9419 0.9959
39 86 1.3130 1.1856 1.2208 1.2948 1.3302 1.2935 1.1529 1.2228
39 87 0.9730 0.8786 0.9047 0.9595 0.9857 0.9585 0.8543 0.9061
39 88 0.9605 0.8695 0.8938 0.9430 0.9655 0.9252 0.8094 0.8523
39 89 1.3264 1.1980 1.2334 1.3074 1.3427 1.3053 1.1633 1.2335
39 90 1.1676 1.0561 1.0863 1.1479 1.1766 1.1424 1.0173 1.0776
39 91 1.3343 1.2044 1.2405 1.3165 1.3532 1.3162 1.1733 1.2446
39 92 1.3154 1.1887 1.2234 1.2954 1.3295 1.2919 1.1510 1.2200
39 93 1.2986 1.1726 1.2074 1.2806 1.3157 1.2794 1.1403 1.2094
39 94 0.9156 0.8276 0.8516 0.9012 0.9245 0.8981 0.8001 0.8479
39 95 1.1779 1.0621 1.0947 1.1644 1.1985 1.1669 1.0407 1.1048
39 96 1.1280 1.0176 1.0485 1.1140 1.1459 1.1151 0.9943 1.0552
39 97 1.2995 1.1743 1.2086 1.2799 1.3136 1.2765 1.1374 1.2056
39 98 1.0068 0.9114 0.9369 0.9885 1.0121 0.9752 0.8597 0.9075
39 99 1.3393 1.2090 1.2452 1.3216 1.3585 1.3214 1.1780 1.2496
39 100 1.1722 1.0587 1.0900 1.1557 1.1871 1.1542 1.0287 1.0909
39 101 1.1150 1.0094 1.0377 1.0948 1.1209 1.0280 0.8496 0.8745
39 102 1.0686 0.9643 0.9934 1.0549 1.0846 1.0552 0.9407 0.9979
39 103 1.1653 1.0516 1.0833 1.1504 1.1828 1.1507 1.0258 1.0882
39 104 1.2057 1.0884 1.1210 1.1896 1.2226 1.1891 1.0600 1.1243
39 105 1.1873 1.0715 1.1038 1.1719 1.2048 1.1720 1.0449 1.1084
39 106 1.1965 1.0802 1.1125 1.1805 1.2131 1.1799 1.0517 1.1154
39 107 1.3392 1.2086 1.2450 1.3218 1.3590 1.3220 1.1786 1.2503
39 108 1.1944 1.0809 1.1114 1.1733 1.2018 1.1663 1.0383 1.0994
39 109 1.0924 0.9866 1.0158 1.0770 1.1062 1.0755 0.9585 1.0163
39 110 1.3150 1.1870 1.2225 1.2976 1.3338 1.2974 1.1566 1.2268
39 111 1.1677 1.0537 1.0855 1.1528 1.1853 1.1532 1.0281 1.0908
39 112 1.2149 1.0961 1.1293 1.1998 1.2340 1.2008 1.0707 1.1361
39 113 1.1845 1.0693 1.1013 1.1686 1.2010 1.1681 1.0413 1.1044
39 114 1.3157 1.1873 1.2231 1.2989 1.3355 1.2993 1.1584 1.2290
39 115 1.2013 1.0838 1.1167 1.1864 1.2203 1.1875 1.0588 1.1235
39 116 1.2930 1.1665 1.2019 1.2771 1.3137 1.2784 1.1399 1.2096
39 117 1.1935 1.0772 1.1095 1.1778 1.2108 1.1778 1.0499 1.1138
39 118 1.1348 1.0256 1.0555 1.1175 1.1469 1.1144 0.9929 1.0524
39 119 1.3217 1.1934 1.2289 1.3034 1.3391 1.3021 1.1606 1.2308
39 120 1.0924 0.9889 1.0166 1.0726 1.0983 1.0651 0.9473 1.0027
39 121 1.2416 1.1210 1.1544 1.2247 1.2584 1.2238 1.0909 1.1570
39 122 1.0215 0.9247 0.9506 1.0030 1.0270 0.9937 0.8811 0.9317
39 123 1.2079 1.0912 1.1233 1.1904 1.2224 1.1882 1.0589 1.1227
39 124 1.0388 0.9404 0.9667 1.0200 1.0444 1.0119 0.8988 0.9509
39 125 1.2139 1.0956 1.1285 1.1981 1.2317 1.1982 1.0682 1.1333
40 0 1.1371 1.0287 1.0576 1.1167 1.1440 1.1102 0.9881 1.0462
40 1 1.2181 1.1008 1.1326 1.1989 1.2303 1.1956 1.0650 1.1291
40 2 1.0030 0.9079 0.9332 0.9843 1.0076 0.9771 0.8691 0.9195
40 3 1.0165 0.9201 0.9457 0.9976 1.0212 0.9906 0.8814 0.9327
40 4 1.1619 1.0502 1.0805 1.1436 1.1734 1.1402 1.0158 1.0768
40 5 1.0663 0.9643 0.9918 1.0482 1.0744 1.0432 0.9290 0.9841
40 6 1.1015 0.9971 1.0249 1.0810 1.1064 1.0704 0.9491 1.0029
40 7 1.1303 1.0214 1.0511 1.1129 1.1421 1.1100 0.9890 1.0485
40 8 1.0129 0.9163 0.9423 0.9954 1.0199 0.9901 0.8816 0.9337
40 9 1.1885 1.0745 1.1055 1.1693 1.1992 1.1648 1.0376 1.0995
40 10 0.8336 0.7542 0.7756 0.8192 0.8393 0.8147 0.7254 0.7682
40 11 1.2501 1.1317 1.1633 1.2270 1.2559 1.2166 1.0806 1.1427
40 12 1.1034 0.9979 1.0264 1.0848 1.1120 1.0798 0.9616 1.0187
40 13 0.9390 0.8500 0.8738 0.9216 0.9433 0.9128 0.8097 0.8558
40 14 1.0020 0.9061 0.9321 0.9856 1.0105 0.9814 0.8741 0.9262
40 15 1.1430 1.0339 1.0633 1.1236 1.1515 1.1180 0.9955 1.0545
40 16 0.9922 0.8977 0.9231 0.9747 0.9985 0.9691 0.8628 0.9136
40 17 1.1231 1.0160 1.0448 1.1037 1.1309 1.0978 0.9775 1.0353
40 18 0.9332 0.8448 0.8684 0.9160 0.9376 0.9076 0.8055 0.8516
40 19 1.2361 1.1190 1.1503 1.2133 1.2419 1.2026 1.0679 1.1293
40 20 0.8601 0.7783 0.8003 0.8447 0.8651 0.8395 0.7473 0.7912
40 21 1.3126 1.1883 1.2215 1.2884 1.3187 1.2759 1.1315 1.1960
40 22 1.1403 1.0323 1.0611 1.1192 1.1456 1.1080 0.9821 1.0378
40 23 1.1545 1.0441 1.0740 1.1351 1.1635 1.1297 1.0060 1.0657
40 24 1.1584 1.0478 1.0777 1.1388 1.1671 1.1331 1.0090 1.0687
40 25 1.0903 0.9868 1.0145 1.0707 1.0964 1.0639 0.9470 1.0025
40 26 1.1786 1.0644 1.0959 1.1619 1.1934 1.1604 1.0343 1.0969
40 27 1.1085 1.0035 1.0316 1.0881 1.1137 1.0780 0.9566 1.0114
40 28 1.2026 1.0880 1.1189 1.1819 1.2109 1.1754 1.0466 1.1083
40 29 1.1655 1.0547 1.0845 1.1448 1.1724 1.1377 1.0128 1.0723
40 30 1.1218 1.0143 1.0435 1.1038 1.1320 1.0995 0.9794 1.0377
40 31 1.2475 1.1293 1.1609 1.2245 1.2533 1.2131 1.0763 1.1379
40 32 1.1262 1.0195 1.0480 1.1054 1.1315 1.0954 0.9722 1.0280
40 33 1.0515 0.9511 0.9782 1.0336 1.0591 1.0282 0.9156 0.9697
40 34 1.1060 1.0013 1.0293 1.0857 1.1113 1.0760 0.9552 1.0101
40 35 0.9752 0.8824 0.9074 0.9582 0.9815 0.9526 0.8481 0.8981
40 36 1.1207 1.0138 1.0426 1.1016 1.1288 1.0958 0.9758 1.0334
40 37 1.1119 1.0060 1.0345 1.0927 1.1195 1.0867 0.9676 1.0246
40 38 1.1321 1.0244 1.0534 1.1123 1.1394 1.1058 0.9845 1.0425
40 39 1.1896 1.0769 1.1071 1.1677 1.1952 1.1568 1.0264 1.0852
40 41 1.2962 1.1734 1.2062 1.2724 1.3024 1.2632 1.1239 1.1895
40 42 1.1204 1.0135 1.0424 1.1013 1.1285 1.0956 0.9755 1.0332
40 43 1.0358 0.9377 0.9640 1.0168 1.0407 1.0069 0.8929 0.9439
40 44 1.1488 1.0400 1.0691 1.1277 1.1542 1.1159 0.9885 1.0445
40 45 1.0642 0.9633 0.9903 1.0448 1.0697 1.0378 0.9238 0.9778
40 46 1.2972 1.1744 1.2072 1.2734 1.3035 1.2641 1.1247 1.1902
40 47 1.1771 1.0657 1.0955 1.1555 1.1828 1.1461 1.0185 1.0775
40 48 1.0320 0.9342 0.9604 1.0130 1.0369 1.0046 0.8927 0.9443
40 49 1.0552 0.9553 0.9820 1.0360 1.0605 1.0289 0.9158 0.9693
40 50 0.9281 0.8396 0.8635 0.9123 0.9348 0.9074 0.8080 0.8557
40 51 0.8560 0.7750 0.7967 0.8403 0.8602 0.8343 0.7424 0.7857
40 52 1.1115 1.0062 1.0344 1.0910 1.1167 1.0782 0.9534 1.0069
40 53 1.1722 1.0612 1.0909 1.1507 1.1778 1.1420 1.0157 1.0747
40 54 0.8085 0.7320 0.7524 0.7937 0.8124 0.7870 0.6992 0.7396
40 55 1.0245 0.9274 0.9534 1.0056 1.0293 0.9868 0.8641 0.9096
40 56 1.1630 1.0529 1.0823 1.1416 1.1686 1.1334 1.0085 1.0672
40 57 1.0627 0.9621 0.9890 1.0432 1.0677 1.0267 0.9028 0.9517
40 58 1.0879 0.9849 1.0125 1.0679 1.0931 1.0600 0.9429 0.9977
40 59 1.1588 1.0480 1.0780 1.1394 1.1679 1.1339 1.0097 1.0694
40 60 1.2036 1.0897 1.1201 1.1815 1.2093 1.1716 1.0408 1.1009
40 61 1.1423 1.0340 1.0630 1.1215 1.1482 1.1139 0.9915 1.0494
40 62 1.2054 1.0899 1.1213 1.1857 1.2156 1.1805 1.0513 1.1136
40 63 1.2213 1.1055 1.1365 1.1991 1.2276 1.1909 1.0600 1.1219
40 64 0.9643 0.8730 0.8975 0.9466 0.9689 0.9391 0.8348 0.8831
40 65 1.1764 1.0635 1.0943 1.1577 1.1873 1.1532 1.0272 1.0882
40 66 0.6948 0.6280 0.6462 0.6839 0.7015 0.6814 0.6070 0.6431
40 67 1.4243 1.2882 1.3250 1.4004 1.4353 1.3935 1.2408 1.3141
40 68 1.1070 0.9998 1.0294 1.0911 1.1205 1.0892 0.9706 1.0289
40 69 1.1868 1.0744 1.1044 1.1649 1.1924 1.1529 1.0214 1.0794
40 70 1.1925 1.0796 1.1098 1.1706 1.1982 1.1579 1.0252 1.0832
40 71 1.1911 1.0770 1.1080 1.1717 1.2013 1.1666 1.0390 1.1005
40 72 1.1489 1.0401 1.0692 1.1278 1.1543 1.1119 0.9800 1.0339
40 73 1.1718 1.0609 1.0906 1.1503 1.1774 1.1363 1.0042 1.0603
40 74 1.0033 0.9081 0.9336 0.9853 1.0089 0.9789 0.8713 0.9223
40 75 0.9812 0.8881 0.9131 0.9634 0.9863 0.9568 0.8516 0.9014
40 76 1.4149 1.2793 1.3162 1.3919 1.4272 1.3860 1.2343 1.3075
40 77 1.3080 1.1840 1.2172 1.2844 1.3149 1.2757 1.1355 1.2019
40 78 1.1276 1.0207 1.0493 1.1070 1.1333 1.0994 0.9785 1.0356
40 79 1.1271 1.0202 1.0489 1.1067 1.1331 1.0994 0.9785 1.0357
40 80 1.3147 1.1891 1.2231 1.2927 1.3249 1.2863 1.1454 1.2131
40 81 1.2473 1.1283 1.1605 1.2261 1.2564 1.2197 1.0860 1.1500
40 82 1.2790 1.1565 1.1898 1.2580 1.2898 1.2524 1.1154 1.1814
40 83 1.3055 1.1819 1.2149 1.2815 1.3117 1.2702 1.1278 1.1927
40 84 1.0699 0.9686 0.9957 1.0502 1.0750 1.0416 0.9255 0.9790
40 85 1.2198 1.1043 1.1352 1.1974 1.2256 1.1830 1.0456 1.1042
40 86 1.2046 1.0894 1.1207 1.1846 1.2143 1.1790 1.0499 1.1119
40 87 1.1236 1.0162 1.0453 1.1050 1.1326 1.0997 0.9793 1.0371
40 88 1.1655 1.0551 1.0847 1.1441 1.1710 1.1195 0.9764 1.0268
40 89 1.2482 1.1291 1.1613 1.2269 1.2572 1.2203 1.0865 1.1505
40 90 1.1145 1.0089 1.0372 1.0940 1.1198 1.0852 0.9644 1.0202
40 91 1.2605 1.1396 1.1726 1.2403 1.2719 1.2352 1.1001 1.1654
40 92 1.0312 0.9333 0.9596 1.0127 1.0370 1.0061 0.8956 0.9480
40 93 1.2045 1.0893 1.1206 1.1845 1.2142 1.1789 1.0497 1.1118
40 94 1.0854 0.9827 1.0102 1.0655 1.0907 1.0579 0.9415 0.9963
40 95 1.1595 1.0472 1.0782 1.1430 1.1739 1.1411 1.0168 1.0779
40 96 1.1517 1.0407 1.0712 1.1343 1.1641 1.1311 1.0076 1.0678
40 97 0.9317 0.8432 0.8670 0.9150 0.9370 0.9092 0.8093 0.8567
40 98 1.0772 0.9752 1.0025 1.0574 1.0823 1.0403 0.9142 0.9637
40 99 1.2799 1.1571 1.1906 1.2594 1.2915 1.2544 1.1172 1.1834
40 100 1.1315 1.0234 1.0527 1.1124 1.1400 1.1067 0.9854 1.0435
40 101 1.2108 1.0962 1.1268 1.1886 1.2166 1.1154 0.9216 0.9480
40 102 1.1375 1.0281 1.0580 1.1198 1.1487 1.1158 0.9938 1.0528
40 103 1.1220 1.0142 1.0436 1.1045 1.1330 1.1006 0.9802 1.0384
40 104 1.1419 1.0325 1.0623 1.1235 1.1521 1.1188 0.9963 1.0552
40 105 1.1670 1.0549 1.0855 1.1486 1.1782 1.1444 1.0192 1.0797
40 106 1.1768 1.0640 1.0947 1.1577 1.1870 1.1527 1.0265 1.0871
40 107 1.2850 1.1616 1.1953 1.2648 1.2974 1.2601 1.1223 1.1889
40 108 0.9079 0.8219 0.8449 0.8913 0.9123 0.8833 0.7842 0.8292
40 109 1.0545 0.9538 0.9811 1.0367 1.0624 1.0313 0.9182 0.9722
40 110 1.2474 1.1278 1.1604 1.2275 1.2589 1.2226 1.0888 1.1533
40 111 1.2580 1.1370 1.1701 1.2384 1.2704 1.2341 1.0992 1.1645
40 112 1.2116 1.0949 1.1269 1.1932 1.2244 1.1896 1.0597 1.1228
40 113 1.1663 1.0546 1.0850 1.1475 1.1766 1.1426 1.0175 1.0777
40 114 1.3142 1.1878 1.2224 1.2937 1.3271 1.2892 1.1482 1.2165
40 115 1.1428 1.0327 1.0629 1.1255 1.1549 1.1221 0.9995 1.0591
40 116 1.3007 1.1753 1.2097 1.2810 1.3147 1.2773 1.1379 1.2057
40 117 1.0959 0.9908 1.0194 1.0785 1.1061 1.0743 0.9568 1.0135
40 118 1.1030 0.9983 1.0264 1.0831 1.1090 1.0759 0.9577 1.0136
40 119 1.2630 1.1422 1.1750 1.2420 1.2731 1.2360 1.1006 1.1655
40 120 1.1270 1.0203 1.0488 1.1063 1.1325 1.0955 0.9712 1.0266
40 121 1.2434 1.1244 1.1567 1.2230 1.2538 1.2174 1.0841 1.1481
40 122 1.0561 0.9561 0.9829 1.0368 1.0612 1.0242 0.9052 0.9560
40 123 1.1974 1.0834 1.1141 1.1767 1.2056 1.1701 1.0417 1.1028
40 124 1.0721 0.9706 0.9977 1.0524 1.0773 1.0411 0.9218 0.9740
40 125 1.2302 1.1121 1.1443 1.2108 1.2419 1.2063 1.0743 1.1381
41 0 1.2619 1.1414 1.1735 1.2396 1.2701 1.2329 1.0974 1.1619
41 1 1.3683 1.2363 1.2722 1.3471 1.3828 1.3439 1.1973 1.2694
41 2 1.1882 1.0755 1.1054 1.1660 1.1936 1.1577 1.0300 1.0899
41 3 1.2359 1.1186 1.1499 1.2132 1.2421 1.2051 1.0725 1.1350
41 4 1.3029 1.1774 1.2116 1.2828 1.3165 1.2794 1.1399 1.2085
41 5 1.1601 1.0491 1.0791 1.1408 1.1696 1.1358 1.0115 1.0716
41 6 1.3330 1.2067 1.2403 1.3082 1.3389 1.2957 1.1493 1.2145
41 7 1.3422 1.2127 1.2481 1.3219 1.3569 1.3189 1.1752 1.2461
41 8 1.2010 1.0863 1.1172 1.1806 1.2100 1.1748 1.0461 1.1080
41 9 1.1887 1.0745 1.1056 1.1698 1.2000 1.1658 1.0385 1.1007
41 10 1.2345 1.1167 1.1485 1.2134 1.2435 1.2072 1.0750 1.1386
41 11 1.2141 1.0991 1.1298 1.1917 1.2198 1.1818 1.0500 1.1105
41 12 1.1895 1.0756 1.1064 1.1698 1.1994 1.1648 1.0374 1.0991
41 13 1.2051 1.0909 1.1214 1.1828 1.2106 1.1718 1.0398 1.0991
41 14 1.2418 1.1227 1.1551 1.2218 1.2530 1.2171 1.0842 1.1488
41 15 1.1372 1.0285 1.0579 1.1182 1.1463 1.1131 0.9913 1.0501
41 16 1.3215 1.1955 1.2294 1.2986 1.3306 1.2916 1.1500 1.2179
41 17 1.2284 1.1111 1.1428 1.2076 1.2376 1.2016 1.0700 1.1334
41 18 1.0370 0.9387 0.9650 1.0178 1.0418 1.0088 0.8956 0.9470
41 19 1.2012 1.0875 1.1179 1.1791 1.2069 1.1691 1.0384 1.0983
41 20 1.3476 1.2193 1.2538 1.3239 1.3562 1.3162 1.1719 1.2408
41 21 1.1153 1.0097 1.0379 1.0947 1.1205 1.0844 0.9620 1.0169
41 22 1.0773 0.9753 1.0026 1.0575 1.0824 1.0471 0.9284 0.9813
41 23 1.2604 1.1397 1.1725 1.2397 1.2709 1.2342 1.0992 1.1645
41 24 1.1067 1.0009 1.0296 1.0883 1.1156 1.0833 0.9648 1.0220
41 25 1.1980 1.0841 1.1147 1.1768 1.2053 1.1697 1.0414 1.1026
41 26 1.1787 1.0643 1.0959 1.1623 1.1942 1.1613 1.0352 1.0980
41 27 1.2897 1.1675 1.2002 1.2659 1.2957 1.2545 1.1136 1.1775
41 28 1.3292 1.2023 1.2366 1.3066 1.3391 1.3000 1.1576 1.2261
41 29 1.2142 1.0987 1.1298 1.1930 1.2221 1.1861 1.0560 1.1182
41 30 0.7033 0.6358 0.6542 0.6922 0.7101 0.6898 0.6145 0.6512
41 31 0.8273 0.7489 0.7699 0.8121 0.8312 0.8047 0.7142 0.7552
41 32 1.0821 0.9796 1.0070 1.0622 1.0872 1.0528 0.9348 0.9885
41 33 1.1645 1.0532 1.0833 1.1450 1.1736 1.1395 1.0148 1.0749
41 34 1.1077 1.0028 1.0308 1.0873 1.1129 1.0779 0.9572 1.0123
41 35 1.2906 1.1675 1.2007 1.2684 1.2996 1.2615 1.1232 1.1895
41 36 1.1946 1.0805 1.1114 1.1746 1.2039 1.1690 1.0410 1.1027
41 37 0.6885 0.6227 0.6405 0.6768 0.6935 0.6733 0.5996 0.6350
41 38 1.1191 1.0125 1.0412 1.0999 1.1269 1.0939 0.9740 1.0315
41 39 1.1673 1.0567 1.0863 1.1458 1.1728 1.1355 1.0078 1.0657
41 40 1.3475 1.2197 1.2540 1.3232 1.3548 1.3145 1.1701 1.2386
41 42 0.8162 0.7382 0.7594 0.8026 0.8226 0.7987 0.7113 0.7534
41 43 1.2750 1.1543 1.1866 1.2516 1.2811 1.2398 1.0998 1.1627
41 44 0.7393 0.6693 0.6881 0.7257 0.7429 0.7183 0.6366 0.6727
41 45 1.1654 1.0547 1.0844 1.1445 1.1721 1.1373 1.0124 1.0718
41 46 0.7892 0.7145 0.7344 0.7747 0.7930 0.7693 0.6847 0.7246
41 47 1.1368 1.0291 1.0579 1.1159 1.1422 1.1071 0.9842 1.0413
41 48 1.1725 1.0615 1.0912 1.1510 1.1781 1.1418 1.0149 1.0737
41 49 0.8208 0.7429 0.7638 0.8061 0.8254 0.8009 0.7129 0.7547
41 50 1.3343 1.2068 1.2413 1.3119 1.3446 1.3055 1.1625 1.2313
41 51 1.2679 1.1478 1.1800 1.2448 1.2742 1.2362 1.1003 1.1646
41 52 0.6968 0.6308 0.6484 0.6839 0.7001 0.6761 0.5980 0.6317
41 53 1.1513 1.0423 1.0714 1.1302 1.1568 1.1219 0.9982 1.0564
41 54 1.2888 1.1668 1.1994 1.2651 1.2950 1.2549 1.1152 1.1798
41 55 1.1991 1.0856 1.1159 1.1771 1.2048 1.1554 1.0120 1.0654
41 56 1.0957 0.9919 1.0197 1.0757 1.1012 1.0682 0.9508 1.0063
41 57 1.0277 0.9304 0.9564 1.0088 1.0325 0.9932 0.8736 0.9210
41 58 1.2416 1.1240 1.1555 1.2188 1.2476 1.2101 1.0768 1.1395
41 59 0.7269 0.6573 0.6762 0.7150 0.7330 0.7118 0.6339 0.6715
41 60 1.3759 1.2456 1.2804 1.3506 1.3824 1.3396 1.1905 1.2594
41 61 1.1480 1.0390 1.0683 1.1275 1.1546 1.1203 0.9973 1.0556
41 62 1.3375 1.2092 1.2442 1.3161 1.3496 1.3108 1.1675 1.2368
41 63 1.1804 1.0684 1.0985 1.1593 1.1871 1.1519 1.0254 1.0854
41 64 1.2627 1.1431 1.1751 1.2395 1.2688 1.2300 1.0938 1.1573
41 65 1.1389 1.0294 1.0593 1.1211 1.1501 1.1172 0.9952 1.0545
41 66 1.2196 1.1022 1.1343 1.2008 1.2321 1.1970 1.0664 1.1300
41 67 0.7325 0.6624 0.6814 0.7204 0.7386 0.7172 0.6387 0.6765
41 68 1.2039 1.0872 1.1195 1.1870 1.2193 1.1854 1.0564 1.1202
41 69 0.8262 0.7480 0.7689 0.8110 0.8302 0.8029 0.7116 0.7521
41 70 1.1062 1.0015 1.0295 1.0859 1.1115 1.0744 0.9516 1.0056
41 71 1.2965 1.1721 1.2060 1.2758 1.3084 1.2708 1.1319 1.1992
41 72 1.2919 1.1695 1.2023 1.2681 1.2980 1.2506 1.1026 1.1634
41 73 1.3287 1.2029 1.2366 1.3043 1.3351 1.2888 1.1393 1.2032
41 74 1.3020 1.1782 1.2115 1.2790 1.3100 1.2712 1.1316 1.1980
41 75 1.2473 1.1288 1.1606 1.2250 1.2544 1.2172 1.0835 1.1469
41 76 1.2870 1.1635 1.1972 1.2665 1.2989 1.2616 1.1237 1.1905
41 77 1.1338 1.0261 1.0551 1.1137 1.1405 1.1067 0.9851 1.0429
41 78 1.0352 0.9370 0.9633 1.0167 1.0410 1.0101 0.8991 0.9517
41 79 1.1111 1.0055 1.0339 1.0914 1.1176 1.0845 0.9654 1.0220
41 80 1.3723 1.2410 1.2766 1.3498 1.3838 1.3437 1.1966 1.2675
41 81 1.3387 1.2108 1.2454 1.3164 1.3492 1.3100 1.1665 1.2355
41 82 1.3880 1.2549 1.2911 1.3657 1.4005 1.3602 1.2114 1.2834
41 83 1.0681 0.9669 0.9940 1.0485 1.0732 1.0395 0.9233 0.9766
41 84 0.9143 0.8277 0.8509 0.8976 0.9187 0.8904 0.7915 0.8373
41 85 1.3572 1.2286 1.2630 1.3322 1.3637 1.3165 1.1641 1.2295
41 86 1.3168 1.1907 1.2250 1.2954 1.3281 1.2897 1.1486 1.2167
41 87 0.9109 0.8237 0.8474 0.8961 0.9187 0.8922 0.7945 0.8416
41 88 1.2034 1.0895 1.1200 1.1813 1.2092 1.1563 1.0088 1.0609
41 89 1.3324 1.2051 1.2396 1.3101 1.3428 1.3036 1.1608 1.2294
41 90 1.2483 1.1301 1.1617 1.2254 1.2543 1.2158 1.0810 1.1436
41 91 1.3414 1.2125 1.2477 1.3203 1.3543 1.3155 1.1717 1.2414
41 92 1.3198 1.1943 1.2281 1.2965 1.3279 1.2886 1.1472 1.2145
41 93 1.3019 1.1772 1.2111 1.2808 1.3131 1.2752 1.1356 1.2029
41 94 0.9249 0.8373 0.8608 0.9082 0.9298 0.9020 0.8029 0.8498
41 95 1.1186 1.0101 1.0401 1.1030 1.1330 1.1016 0.9817 1.0409
41 96 1.0181 0.9198 0.9468 1.0030 1.0296 1.0006 0.8915 0.9448
41 97 1.3022 1.1784 1.2117 1.2794 1.3104 1.2717 1.1321 1.1986
41 98 1.2233 1.1074 1.1384 1.2008 1.2292 1.1818 1.0389 1.0953
41 99 1.3476 1.2181 1.2535 1.3265 1.3607 1.3217 1.1773 1.2473
41 100 1.1109 1.0046 1.0335 1.0925 1.1199 1.0873 0.9683 1.0255
41 101 1.1998 1.0862 1.1166 1.1778 1.2056 1.1053 0.9132 0.9394
41 102 1.2069 1.0907 1.1226 1.1885 1.2195 1.1848 1.0554 1.1182
41 103 1.1031 0.9969 1.0260 1.0862 1.1146 1.0828 0.9645 1.0220
41 104 1.2581 1.1373 1.1702 1.2382 1.2699 1.2335 1.0986 1.1637
41 105 1.1228 1.0148 1.0443 1.1055 1.1342 1.1019 0.9815 1.0398
41 106 1.1339 1.0251 1.0547 1.1158 1.1444 1.1115 0.9899 1.0486
41 107 1.3481 1.2184 1.2539 1.3273 1.3618 1.3229 1.1784 1.2485
41 108 1.1765 1.0651 1.0949 1.1550 1.1822 1.1451 1.0169 1.0755
41 109 1.1819 1.0689 1.0996 1.1623 1.1914 1.1567 1.0300 1.0908
41 110 1.3216 1.1946 1.2293 1.3009 1.3345 1.2962 1.1545 1.2231
41 111 1.1112 1.0041 1.0335 1.0942 1.1228 1.0909 0.9718 1.0297
41 112 1.1549 1.0435 1.0741 1.1377 1.1677 1.1347 1.0109 1.0713
41 113 1.1262 1.0181 1.0476 1.1083 1.1368 1.1041 0.9833 1.0417
41 114 1.3554 1.2249 1.2606 1.3347 1.3695 1.3306 1.1853 1.2559
41 115 1.3345 1.2057 1.2411 1.3147 1.3494 1.3113 1.1682 1.2380
41 116 1.3453 1.2154 1.2511 1.3253 1.3605 1.3221 1.1779 1.2483
41 117 1.0942 0.9890 1.0178 1.0771 1.1050 1.0734 0.9561 1.0129
41 118 1.2105 1.0955 1.1264 1.1891 1.2178 1.1817 1.0519 1.1135
41 119 1.3290 1.2017 1.2363 1.3073 1.3404 1.3016 1.1591 1.2277
41 120 1.2095 1.0950 1.1256 1.1874 1.2155 1.1761 1.0430 1.1027
41 121 1.3096 1.1841 1.2182 1.2885 1.3213 1.2832 1.1428 1.2105
41 122 1.1310 1.0239 1.0526 1.1103 1.1366 1.0972 0.9701 1.0246
41 123 1.2799 1.1578 1.1908 1.2581 1.2893 1.2515 1.1143 1.1799
41 124 1.1456 1.0371 1.0661 1.1246 1.1512 1.1128 0.9857 1.0416
41 125 1.1173 1.0098 1.0392 1.1000 1.1285 1.0963 0.9765 1.0346
42 0 0.9746 0.8820 0.9066 0.9564 0.9793 0.9496 0.8444 0.8937
42 1 0.9748 0.8816 0.9066 0.9582 0.9823 0.9540 0.8496 0.9002
42 2 0.9568 0.8660 0.8901 0.9389 0.9611 0.9310 0.8268 0.8744
42 3 1.0114 0.9155 0.9410 0.9926 1.0160 0.9845 0.8747 0.9253
42 4 1.0265 0.9285 0.9548 1.0090 1.0342 1.0043 0.8944 0.9477
42 5 0.9494 0.8593 0.8833 0.9320 0.9543 0.9261 0.8244 0.8729
42 6 0.8779 0.7948 0.8169 0.8616 0.8818 0.8522 0.7545 0.7969
42 7 1.0746 0.9719 0.9996 1.0566 1.0833 1.0521 0.9371 0.9930
42 8 0.9784 0.8857 0.9104 0.9604 0.9832 0.9537 0.8488 0.8985
42 9 0.9244 0.8364 0.8600 0.9082 0.9305 0.9032 0.8043 0.8519
42 10 1.0100 0.9143 0.9399 0.9914 1.0149 0.9845 0.8760 0.9273
42 11 0.9542 0.8638 0.8880 0.9366 0.9586 0.9275 0.8225 0.8695
42 12 1.0178 0.9212 0.9470 0.9993 1.0233 0.9930 0.8840 0.9360
42 13 0.9927 0.8987 0.9238 0.9744 0.9972 0.9639 0.8537 0.9020
42 14 1.0264 0.9288 0.9550 1.0082 1.0326 1.0022 0.8923 0.9450
42 15 0.8048 0.7286 0.7489 0.7901 0.8089 0.7848 0.6986 0.7396
42 16 1.0920 0.9885 1.0162 1.0719 1.0973 1.0641 0.9466 1.0018
42 17 0.9924 0.8984 0.9235 0.9742 0.9972 0.9673 0.8609 0.9113
42 18 0.8889 0.8047 0.8272 0.8725 0.8930 0.8634 0.7651 0.8085
42 19 0.8527 0.7719 0.7935 0.8369 0.8566 0.8286 0.7346 0.7764
42 20 1.0936 0.9900 1.0177 1.0735 1.0989 1.0653 0.9474 1.0025
42 21 1.1499 1.0410 1.0701 1.1286 1.1551 1.1163 0.9885 1.0443
42 22 0.7778 0.7041 0.7238 0.7634 0.7813 0.7548 0.6680 0.7055
42 23 1.0541 0.9541 0.9809 1.0351 1.0598 1.0284 0.9154 0.9691
42 24 0.7380 0.6680 0.6868 0.7245 0.7418 0.7197 0.6406 0.6781
42 25 0.9786 0.8859 0.9107 0.9606 0.9833 0.9531 0.8474 0.8967
42 26 0.7330 0.6625 0.6817 0.7216 0.7404 0.7194 0.6409 0.6794
42 27 1.0928 0.9893 1.0170 1.0726 1.0978 1.0614 0.9404 0.9937
42 28 1.1246 1.0181 1.0465 1.1039 1.1300 1.0961 0.9753 1.0323
42 29 1.0063 0.9110 0.9365 0.9878 1.0111 0.9803 0.8718 0.9225
42 30 0.5529 0.5002 0.5144 0.5432 0.5565 0.5402 0.4809 0.5093
42 31 1.0637 0.9630 0.9899 1.0441 1.0686 1.0330 0.9151 0.9670
42 32 1.0954 0.9917 1.0195 1.0752 1.1005 1.0641 0.9430 0.9966
42 33 0.7756 0.7021 0.7218 0.7614 0.7794 0.7561 0.6730 0.7123
42 34 1.1199 1.0139 1.0422 1.0993 1.1251 1.0881 0.9644 1.0193
42 35 1.0813 0.9789 1.0063 1.0615 1.0865 1.0536 0.9373 0.9919
42 36 0.7060 0.6391 0.6570 0.6930 0.7094 0.6882 0.6125 0.6483
42 37 0.7302 0.6610 0.6795 0.7168 0.7337 0.7116 0.6332 0.6702
42 38 0.7999 0.7241 0.7444 0.7852 0.8037 0.7793 0.6933 0.7337
42 39 1.0450 0.9461 0.9725 1.0257 1.0498 1.0149 0.8990 0.9500
42 40 1.1340 1.0267 1.0554 1.1132 1.1394 1.1040 0.9811 1.0378
42 41 1.1397 1.0318 1.0606 1.1187 1.1451 1.1092 0.9854 1.0422
42 43 1.0897 0.9865 1.0141 1.0696 1.0947 1.0579 0.9366 0.9895
42 44 1.0323 0.9346 0.9607 1.0133 1.0371 1.0014 0.8856 0.9353
42 45 0.9817 0.8887 0.9136 0.9636 0.9863 0.9558 0.8496 0.8988
42 46 0.7899 0.7151 0.7351 0.7754 0.7936 0.7687 0.6828 0.7222
42 47 1.1498 1.0410 1.0701 1.1287 1.1552 1.1180 0.9920 1.0488
42 48 0.8395 0.7600 0.7813 0.8241 0.8434 0.8162 0.7241 0.7655
42 49 0.6656 0.6026 0.6195 0.6534 0.6688 0.6480 0.5759 0.6093
42 50 1.1281 1.0213 1.0499 1.1074 1.1336 1.0996 0.9786 1.0357
42 51 1.0875 0.9845 1.0121 1.0675 1.0926 1.0584 0.9403 0.9946
42 52 0.9936 0.8995 0.9247 0.9753 0.9982 0.9626 0.8498 0.8969
42 53 0.8474 0.7672 0.7886 0.8318 0.8514 0.8245 0.7321 0.7742
42 54 1.0992 0.9951 1.0230 1.0789 1.1043 1.0685 0.9477 1.0019
42 55 1.0579 0.9577 0.9845 1.0384 1.0627 1.0177 0.8897 0.9359
42 56 0.8267 0.7484 0.7693 0.8114 0.8305 0.8045 0.7147 0.7559
42 57 0.9706 0.8787 0.9032 0.9526 0.9750 0.9365 0.8221 0.8661
42 58 0.9448 0.8553 0.8793 0.9274 0.9492 0.9193 0.8164 0.8634
42 59 0.7544 0.6828 0.7020 0.7408 0.7585 0.7359 0.6550 0.6932
42 60 1.1768 1.0654 1.0952 1.1551 1.1823 1.1439 1.0146 1.0725
42 61 0.8469 0.7667 0.7882 0.8313 0.8509 0.8246 0.7329 0.7752
42 62 1.0300 0.9321 0.9585 1.0118 1.0363 1.0056 0.8951 0.9475
42 63 0.9172 0.8303 0.8536 0.9003 0.9215 0.8930 0.7936 0.8395
42 64 1.0309 0.9333 0.9594 1.0119 1.0357 1.0026 0.8898 0.9407
42 65 0.9145 0.8273 0.8509 0.8987 0.9207 0.8936 0.7956 0.8423
42 66 1.0667 0.9650 0.9925 1.0486 1.0744 1.0430 0.9286 0.9832
42 67 1.3286 1.2026 1.2364 1.3046 1.3356 1.2958 1.1533 1.2206
42 68 0.9221 0.8335 0.8577 0.9076 0.9311 0.9044 0.8055 0.8534
42 69 1.0607 0.9603 0.9872 1.0412 1.0656 1.0290 0.9102 0.9613
42 70 1.1178 1.0120 1.0403 1.0972 1.1229 1.0839 0.9581 1.0116
42 71 0.9906 0.8965 0.9218 0.9732 0.9967 0.9672 0.8610 0.9114
42 72 1.2612 1.1418 1.1737 1.2379 1.2670 1.2189 1.0725 1.1308
42 73 1.1542 1.0449 1.0741 1.1329 1.1595 1.1176 0.9861 1.0405
42 74 1.1233 1.0170 1.0454 1.1027 1.1286 1.0939 0.9725 1.0287
42 75 1.0195 0.9230 0.9488 1.0007 1.0243 0.9926 0.8822 0.9331
42 76 1.3283 1.2019 1.2360 1.3049 1.3365 1.2970 1.1545 1.2221
42 77 0.8576 0.7764 0.7981 0.8418 0.8616 0.8350 0.7422 0.7850
42 78 0.7827 0.7086 0.7284 0.7683 0.7864 0.7620 0.6772 0.7162
42 79 0.8937 0.8091 0.8318 0.8773 0.8979 0.8702 0.7735 0.8182
42 80 1.0202 0.9234 0.9494 1.0017 1.0256 0.9950 0.8856 0.9372
42 81 0.9885 0.8949 0.9200 0.9704 0.9933 0.9635 0.8575 0.9074
42 82 1.1916 1.0784 1.1089 1.1705 1.1988 1.1632 1.0354 1.0959
42 83 1.2010 1.0873 1.1177 1.1789 1.2065 1.1669 1.0344 1.0933
42 84 1.0638 0.9631 0.9900 1.0442 1.0687 1.0342 0.9175 0.9699
42 85 1.2320 1.1153 1.1465 1.2092 1.2376 1.1931 1.0528 1.1111
42 86 0.9742 0.8818 0.9066 0.9568 0.9797 0.9505 0.8460 0.8953
42 87 1.1256 1.0188 1.0475 1.1054 1.1319 1.0981 0.9774 1.0344
42 88 1.1238 1.0174 1.0459 1.1031 1.1290 1.0781 0.9387 0.9865
42 89 0.9761 0.8837 0.9084 0.9582 0.9808 0.9513 0.8466 0.8958
42 90 0.9055 0.8198 0.8427 0.8888 0.9097 0.8805 0.7812 0.8259
42 91 0.9968 0.9019 0.9275 0.9795 1.0034 0.9737 0.8668 0.9175
42 92 1.0105 0.9148 0.9404 0.9919 1.0152 0.9840 0.8748 0.9253
42 93 0.9527 0.8622 0.8865 0.9356 0.9580 0.9294 0.8272 0.8755
42 94 1.0799 0.9777 1.0050 1.0600 1.0850 1.0511 0.9338 0.9876
42 95 0.9399 0.8495 0.8742 0.9253 0.9492 0.9220 0.8211 0.8699
42 96 0.7923 0.7165 0.7371 0.7793 0.7988 0.7756 0.6906 0.7313
42 97 0.9955 0.9013 0.9265 0.9772 1.0002 0.9695 0.8619 0.9118
42 98 1.1718 1.0609 1.0906 1.1503 1.1773 1.1302 0.9916 1.0446
42 99 0.9682 0.8760 0.9009 0.9514 0.9746 0.9458 0.8420 0.8913
42 100 0.9189 0.8318 0.8551 0.9022 0.9235 0.8959 0.7973 0.8437
42 101 1.2623 1.1428 1.1747 1.2390 1.2681 1.1624 0.9603 0.9873
42 102 0.9560 0.8648 0.8895 0.9398 0.9631 0.9348 0.8322 0.8810
42 103 0.9061 0.8197 0.8430 0.8907 0.9127 0.8859 0.7887 0.8349
42 104 0.9913 0.8970 0.9224 0.9740 0.9976 0.9680 0.8617 0.9120
42 105 0.9243 0.8361 0.8600 0.9085 0.9308 0.9034 0.8042 0.8513
42 106 0.9445 0.8547 0.8789 0.9279 0.9504 0.9222 0.8208 0.8687
42 107 1.0255 0.9277 0.9541 1.0080 1.0328 1.0023 0.8923 0.9446
42 108 0.9983 0.9038 0.9291 0.9799 1.0030 0.9699 0.8597 0.9084
42 109 0.9171 0.8302 0.8535 0.9004 0.9217 0.8940 0.7956 0.8418
42 110 1.0278 0.9300 0.9564 1.0100 1.0347 1.0041 0.8938 0.9460
42 111 0.9367 0.8473 0.8715 0.9209 0.9437 0.9160 0.8154 0.8633
42 112 0.9831 0.8891 0.9146 0.9668 0.9910 0.9621 0.8566 0.9069
42 113 0.9499 0.8595 0.8838 0.9332 0.9558 0.9275 0.8255 0.8737
42 114 1.0809 0.9777 1.0056 1.0625 1.0888 1.0568 0.9408 0.9960
42 115 1.1054 0.9997 1.0284 1.0871 1.1143 1.0818 0.9632 1.0198
42 116 1.0330 0.9342 0.9610 1.0160 1.0415 1.0112 0.9003 0.9533
42 117 0.9363 0.8471 0.8712 0.9202 0.9427 0.9148 0.8144 0.8620
42 118 0.9955 0.9012 0.9264 0.9772 1.0002 0.9693 0.8615 0.9112
42 119 0.9752 0.8827 0.9075 0.9577 0.9806 0.9513 0.8467 0.8960
42 120 1.1779 1.0663 1.0962 1.1562 1.1833 1.1433 1.0119 1.0689
42 121 0.9787 0.8857 0.9107 0.9613 0.9844 0.9551 0.8501 0.8996
42 122 1.1037 0.9992 1.0271 1.0833 1.1088 1.0688 0.9430 0.9952
42 123 0.9594 0.8685 0.8928 0.9418 0.9639 0.9347 0.8316 0.8798
42 124 1.1185 1.0126 1.0409 1.0979 1.1237 1.0846 0.9587 1.0123
42 125 0.9721 0.8795 0.9045 0.9554 0.9789 0.9500 0.8457 0.8953
43 0 1.1258 1.0166 1.0464 1.1090 1.1387 1.1067 0.9857 1.0447
43 1 1.1891 1.0727 1.1050 1.1740 1.2076 1.1752 1.0477 1.1119
43 2 1.0460 0.9453 0.9727 1.0292 1.0557 1.0253 0.9130 0.9670
43 3 1.0167 0.9187 0.9454 1.0008 1.0268 0.9975 0.8883 0.9411
43 4 1.1871 1.0710 1.1033 1.1721 1.2055 1.1731 1.0460 1.1100
43 5 1.0886 0.9828 1.0120 1.0735 1.1030 1.0725 0.9559 1.0138
43 6 1.3130 1.1885 1.2217 1.2888 1.3194 1.2796 1.1385 1.2042
43 7 1.0693 0.9645 0.9938 1.0561 1.0865 1.0575 0.9430 1.0009
43 8 1.0919 0.9860 1.0152 1.0763 1.1055 1.0748 0.9578 1.0156
43 9 1.1634 1.0499 1.0815 1.1482 1.1804 1.1483 1.0238 1.0862
43 10 1.0896 0.9840 1.0131 1.0741 1.1031 1.0724 0.9557 1.0133
43 11 1.2253 1.1083 1.1399 1.2044 1.2343 1.1981 1.0666 1.1292
43 12 1.1225 1.0133 1.0435 1.1071 1.1376 1.1063 0.9861 1.0459
43 13 0.8918 0.8071 0.8298 0.8756 0.8966 0.8698 0.7740 0.8190
43 14 1.1285 1.0186 1.0491 1.1135 1.1445 1.1133 0.9924 1.0528
43 15 1.1259 1.0165 1.0467 1.1102 1.1406 1.1092 0.9886 1.0485
43 16 1.0148 0.9166 0.9436 1.0001 1.0270 0.9983 0.8896 0.9432
43 17 1.1364 1.0262 1.0566 1.1204 1.1508 1.1189 0.9972 1.0575
43 18 0.9734 0.8808 0.9057 0.9562 0.9794 0.9504 0.8459 0.8954
43 19 1.2152 1.0994 1.1306 1.1943 1.2237 1.1878 1.0574 1.1195
43 20 1.2359 1.1165 1.1493 1.2177 1.2502 1.2151 1.0827 1.1478
43 21 1.2864 1.1644 1.1970 1.2629 1.2930 1.2543 1.1163 1.1812
43 22 1.1368 1.0291 1.0579 1.1159 1.1424 1.1078 0.9855 1.0426
43 23 1.1849 1.0697 1.1016 1.1688 1.2010 1.1680 1.0411 1.1043
43 24 1.1591 1.0465 1.0777 1.1432 1.1745 1.1422 1.0180 1.0797
43 25 1.1062 0.9993 1.0287 1.0897 1.1187 1.0872 0.9687 1.0269
43 26 1.1543 1.0405 1.0726 1.1416 1.1756 1.1449 1.0214 1.0848
43 27 0.5582 0.5052 0.5194 0.5483 0.5616 0.5450 0.4851 0.5135
43 28 0.9602 0.8671 0.8928 0.9466 0.9724 0.9454 0.8426 0.8935
43 29 1.1292 1.0200 1.0500 1.1127 1.1424 1.1104 0.9895 1.0491
43 30 1.1065 0.9985 1.0286 1.0922 1.1230 1.0925 0.9741 1.0336
43 31 1.2285 1.1118 1.1431 1.2066 1.2357 1.1991 1.0674 1.1298
43 32 0.9247 0.8368 0.8604 0.9085 0.9306 0.9032 0.8040 0.8512
43 33 1.0614 0.9584 0.9869 1.0467 1.0753 1.0456 0.9320 0.9885
43 34 0.8801 0.7963 0.8189 0.8648 0.8860 0.8600 0.7656 0.8106
43 35 1.0688 0.9653 0.9938 1.0535 1.0819 1.0518 0.9373 0.9939
43 36 1.1059 0.9986 1.0283 1.0906 1.1204 1.0895 0.9711 1.0299
43 37 1.0981 0.9917 1.0211 1.0826 1.1121 1.0813 0.9637 1.0220
43 38 1.1360 1.0260 1.0564 1.1197 1.1499 1.1180 0.9963 1.0565
43 39 1.1380 1.0299 1.0589 1.1177 1.1447 1.1109 0.9889 1.0468
43 40 1.0533 0.9518 0.9796 1.0373 1.0645 1.0344 0.9216 0.9769
43 41 1.2599 1.1387 1.1718 1.2404 1.2727 1.2365 1.1016 1.1675
43 42 1.1051 0.9978 1.0275 1.0898 1.1197 1.0888 0.9705 1.0294
43 44 1.1437 1.0354 1.0644 1.1229 1.1496 1.1145 0.9909 1.0484
43 45 1.0817 0.9774 1.0060 1.0655 1.0937 1.0629 0.9470 1.0039
43 46 1.2622 1.1409 1.1740 1.2426 1.2749 1.2386 1.1035 1.1694
43 47 1.0268 0.9286 0.9552 1.0099 1.0354 1.0055 0.8954 0.9486
43 48 1.0495 0.9492 0.9764 1.0321 1.0581 1.0274 0.9150 0.9692
43 49 1.0474 0.9465 0.9741 1.0316 1.0588 1.0290 0.9168 0.9718
43 50 1.2419 1.1214 1.1547 1.2246 1.2581 1.2234 1.0905 1.1566
43 51 1.1789 1.0654 1.0965 1.1607 1.1910 1.1572 1.0310 1.0927
43 52 1.1097 1.0046 1.0327 1.0895 1.1155 1.0800 0.9585 1.0136
43 53 1.0971 0.9918 1.0205 1.0798 1.1076 1.0760 0.9585 1.0157
43 54 1.0195 0.9221 0.9485 1.0025 1.0275 0.9977 0.8885 0.9411
43 55 0.7207 0.6524 0.6707 0.7076 0.7244 0.6964 0.6121 0.6451
43 56 1.1053 0.9989 1.0280 1.0883 1.1167 1.0850 0.9666 1.0244
43 57 0.8762 0.7932 0.8154 0.8602 0.8807 0.8492 0.7495 0.7911
43 58 0.9770 0.8831 0.9087 0.9617 0.9866 0.9585 0.8538 0.9048
43 59 1.1392 1.0284 1.0592 1.1239 1.1550 1.1233 1.0013 1.0621
43 60 0.9454 0.8551 0.8796 0.9296 0.9529 0.9253 0.8239 0.8727
43 61 1.0867 0.9818 1.0106 1.0704 1.0987 1.0677 0.9514 1.0085
43 62 1.1538 1.0413 1.0726 1.1386 1.1705 1.1386 1.0151 1.0769
43 63 1.1252 1.0167 1.0465 1.1083 1.1376 1.1056 0.9851 1.0442
43 64 1.1849 1.0714 1.1023 1.1657 1.1954 1.1610 1.0341 1.0956
43 65 1.0583 0.9550 0.9838 1.0449 1.0745 1.0455 0.9322 0.9892
43 66 1.0175 0.9180 0.9458 1.0048 1.0335 1.0057 0.8968 0.9517
43 67 1.3703 1.2371 1.2741 1.3518 1.3892 1.3511 1.2044 1.2775
43 68 1.0221 0.9214 0.9498 1.0107 1.0407 1.0135 0.9041 0.9600
43 69 1.1776 1.0661 1.0959 1.1562 1.1838 1.1478 1.0208 1.0802
43 70 1.1078 1.0029 1.0310 1.0877 1.1137 1.0793 0.9591 1.0148
43 71 1.1546 1.0421 1.0734 1.1396 1.1715 1.1397 1.0161 1.0780
43 72 0.9758 0.8833 0.9080 0.9580 0.9809 0.9475 0.8382 0.8855
43 73 0.9436 0.8542 0.8782 0.9265 0.9486 0.9181 0.8143 0.8611
43 74 1.2177 1.1001 1.1324 1.1998 1.2317 1.1972 1.0668 1.1310
43 75 1.1702 1.0574 1.0883 1.1527 1.1833 1.1500 1.0247 1.0862
43 76 1.3642 1.2312 1.2682 1.3465 1.3843 1.3467 1.2006 1.2738
43 77 1.2748 1.1518 1.1856 1.2559 1.2892 1.2530 1.1165 1.1836
43 78 0.9975 0.9013 0.9277 0.9825 1.0085 0.9801 0.8733 0.9257
43 79 1.1183 1.0104 1.0400 1.1017 1.1309 1.0992 0.9794 1.0383
43 80 1.2148 1.0967 1.1295 1.1984 1.2316 1.1978 1.0678 1.1327
43 81 1.1826 1.0678 1.0996 1.1663 1.1984 1.1654 1.0388 1.1018
43 82 1.3079 1.1805 1.2159 1.2908 1.3269 1.2908 1.1508 1.2209
43 83 1.2798 1.1578 1.1907 1.2578 1.2889 1.2512 1.1141 1.1800
43 84 0.9772 0.8838 0.9091 0.9611 0.9853 0.9568 0.8522 0.9028
43 85 1.0894 0.9862 1.0139 1.0697 1.0952 1.0601 0.9406 0.9947
43 86 1.1593 1.0465 1.0778 1.1438 1.1756 1.1435 1.0194 1.0814
43 87 1.0309 0.9306 0.9584 1.0171 1.0453 1.0168 0.9064 0.9616
43 88 0.8481 0.7678 0.7893 0.8327 0.8526 0.8174 0.7154 0.7534
43 89 1.1867 1.0716 1.1034 1.1704 1.2024 1.1693 1.0422 1.1054
43 90 1.1170 1.0101 1.0391 1.0988 1.1267 1.0942 0.9746 1.0325
43 91 1.1879 1.0719 1.1043 1.1727 1.2058 1.1732 1.0460 1.1098
43 92 1.1774 1.0637 1.0950 1.1601 1.1911 1.1578 1.0317 1.0938
43 93 1.1629 1.0497 1.0812 1.1474 1.1793 1.1471 1.0226 1.0847
43 94 0.9878 0.8927 0.9187 0.9727 0.9983 0.9701 0.8643 0.9162
43 95 1.1341 1.0224 1.0539 1.1217 1.1551 1.1249 1.0035 1.0656
43 96 1.1303 1.0194 1.0505 1.1169 1.1493 1.1187 0.9977 1.0591
43 97 1.1598 1.0478 1.0786 1.1428 1.1734 1.1406 1.0165 1.0777
43 98 0.8817 0.7982 0.8205 0.8657 0.8865 0.8545 0.7537 0.7957
43 99 1.2007 1.0835 1.1162 1.1854 1.2189 1.1860 1.0575 1.1220
43 100 1.1198 1.0110 1.0412 1.1046 1.1351 1.1039 0.9840 1.0438
43 101 1.0987 0.9946 1.0224 1.0788 1.1046 1.0130 0.8371 0.8614
43 102 1.1214 1.0117 1.0424 1.1076 1.1393 1.1087 0.9886 1.0490
43 103 1.1113 1.0026 1.0330 1.0976 1.1290 1.0986 0.9796 1.0395
43 104 1.1250 1.0153 1.0459 1.1106 1.1419 1.1109 0.9904 1.0508
43 105 1.1406 1.0291 1.0603 1.1264 1.1586 1.1274 1.0052 1.0666
43 106 1.1478 1.0359 1.0670 1.1329 1.1648 1.1331 1.0102 1.0717
43 107 1.2040 1.0864 1.1192 1.1891 1.2230 1.1901 1.0611 1.1259
43 108 1.1105 1.0048 1.0333 1.0914 1.1184 1.0857 0.9667 1.0238
43 109 1.0611 0.9580 0.9866 1.0466 1.0755 1.0459 0.9323 0.9888
43 110 1.1879 1.0720 1.1043 1.1729 1.2061 1.1735 1.0463 1.1101
43 111 1.2004 1.0829 1.1158 1.1856 1.2196 1.1869 1.0584 1.1232
43 112 1.1696 1.0549 1.0871 1.1557 1.1891 1.1574 1.0322 1.0955
43 113 1.1414 1.0301 1.0611 1.1267 1.1584 1.1270 1.0048 1.0660
43 114 1.2315 1.1110 1.1447 1.2164 1.2512 1.2177 1.0858 1.1523
43 115 1.1243 1.0140 1.0450 1.1109 1.1431 1.1127 0.9923 1.0532
43 116 1.2234 1.1035 1.1371 1.2090 1.2442 1.2111 1.0801 1.1464
43 117 1.0930 0.9862 1.0160 1.0792 1.1099 1.0799 0.9629 1.0217
43 118 1.0992 0.9931 1.0222 1.0830 1.1119 1.0807 0.9630 1.0210
43 119 1.2000 1.0833 1.1157 1.1840 1.2170 1.1837 1.0552 1.1194
43 120 1.0829 0.9803 1.0078 1.0634 1.0889 1.0564 0.9402 0.9953
43 121 1.1916 1.0755 1.1078 1.1759 1.2089 1.1760 1.0484 1.1122
43 122 1.0075 0.9120 0.9376 0.9893 1.0130 0.9806 0.8699 0.9200
43 123 1.1635 1.0508 1.0819 1.1472 1.1785 1.1459 1.0214 1.0832
43 124 1.0264 0.9291 0.9552 1.0078 1.0320 1.0003 0.8890 0.9408
43 125 1.1855 1.0696 1.1020 1.1707 1.2040 1.1716 1.0447 1.1086
44 0 1.0796 0.9744 1.0033 1.0645 1.0938 1.0635 0.9475 1.0045
44 1 1.1103 1.0010 1.0315 1.0972 1.1294 1.0995 0.9805 1.0409
44 2 0.9019 0.8147 0.8385 0.8883 0.9118 0.8859 0.7891 0.8360
44 3 1.0922 0.9864 1.0155 1.0761 1.1049 1.0738 0.9566 1.0137
44 4 1.1195 1.0094 1.0402 1.1063 1.1387 1.1086 0.9887 1.0496
44 5 1.0181 0.9186 0.9463 1.0049 1.0332 1.0051 0.8961 0.9506
44 6 1.0154 0.9186 0.9446 0.9976 1.0220 0.9916 0.8825 0.9337
44 7 1.1602 1.0460 1.0780 1.1470 1.1808 1.1498 1.0256 1.0890
44 8 1.0731 0.9685 0.9975 1.0588 1.0883 1.0586 0.9436 1.0009
44 9 1.0151 0.9156 0.9434 1.0027 1.0316 1.0041 0.8954 0.9503
44 10 1.0870 0.9811 1.0105 1.0725 1.1023 1.0721 0.9557 1.0137
44 11 1.0215 0.9235 0.9501 1.0050 1.0307 1.0009 0.8913 0.9439
44 12 1.0524 0.9495 0.9782 1.0389 1.0683 1.0395 0.9268 0.9833
44 13 1.0785 0.9756 1.0033 1.0600 1.0861 1.0541 0.9383 0.9932
44 14 1.0975 0.9900 1.0201 1.0839 1.1149 1.0850 0.9675 1.0268
44 15 0.9934 0.8964 0.9234 0.9806 1.0081 0.9808 0.8744 0.9277
44 16 1.1645 1.0512 1.0826 1.1488 1.1805 1.1481 1.0234 1.0855
44 17 1.0977 0.9907 1.0205 1.0833 1.1135 1.0832 0.9656 1.0244
44 18 0.9568 0.8654 0.8901 0.9408 0.9644 0.9362 0.8336 0.8826
44 19 1.0359 0.9367 0.9636 1.0190 1.0449 1.0147 0.9035 0.9570
44 20 1.1744 1.0603 1.0919 1.1582 1.1900 1.1572 1.0314 1.0938
44 21 0.8152 0.7376 0.7585 0.8011 0.8208 0.7966 0.7091 0.7507
44 22 0.9532 0.8626 0.8869 0.9363 0.9590 0.9305 0.8282 0.8765
44 23 1.1322 1.0216 1.0524 1.1179 1.1495 1.1185 0.9973 1.0582
44 24 0.9962 0.8989 0.9260 0.9834 1.0111 0.9838 0.8771 0.9306
44 25 1.0802 0.9753 1.0043 1.0652 1.0943 1.0640 0.9483 1.0057
44 26 1.0333 0.9310 0.9600 1.0229 1.0542 1.0273 0.9167 0.9740
44 27 1.1649 1.0536 1.0837 1.1453 1.1739 1.1397 1.0148 1.0746
44 28 1.1847 1.0692 1.1013 1.1691 1.2018 1.1690 1.0422 1.1057
44 29 1.0962 0.9897 1.0192 1.0812 1.1110 1.0804 0.9630 1.0214
44 30 0.8987 0.8105 0.8352 0.8879 0.9136 0.8893 0.7932 0.8419
44 31 0.7078 0.6403 0.6585 0.6959 0.7132 0.6924 0.6165 0.6528
44 32 0.9234 0.8351 0.8590 0.9080 0.9309 0.9038 0.8049 0.8524
44 33 1.0414 0.9398 0.9681 1.0280 1.0569 1.0283 0.9168 0.9728
44 34 0.9509 0.8599 0.8846 0.9353 0.9589 0.9312 0.8292 0.8784
44 35 1.1460 1.0345 1.0654 1.1307 1.1621 1.1303 1.0076 1.0689
44 36 1.0544 0.9516 0.9802 1.0408 1.0701 1.0411 0.9282 0.9849
44 37 0.9345 0.8435 0.8688 0.9222 0.9480 0.9222 0.8222 0.8723
44 38 1.0162 0.9173 0.9447 1.0026 1.0304 1.0023 0.8935 0.9479
44 39 0.9536 0.8626 0.8872 0.9375 0.9609 0.9329 0.8307 0.8798
44 40 1.1987 1.0826 1.1146 1.1816 1.2136 1.1799 1.0515 1.1151
44 41 0.5672 0.5124 0.5275 0.5590 0.5740 0.5580 0.4972 0.5272
44 42 0.9994 0.9019 0.9291 0.9866 1.0144 0.9869 0.8799 0.9337
44 43 1.1594 1.0490 1.0787 1.1393 1.1673 1.1331 1.0088 1.0682
44 45 1.0647 0.9615 0.9900 1.0498 1.0784 1.0485 0.9345 0.9911
44 46 0.8454 0.7637 0.7861 0.8330 0.8554 0.8315 0.7409 0.7856
44 47 0.9493 0.8580 0.8829 0.9346 0.9589 0.9317 0.8300 0.8796
44 48 1.0628 0.9607 0.9886 1.0462 1.0734 1.0428 0.9290 0.9845
44 49 0.8294 0.7491 0.7712 0.8177 0.8399 0.8167 0.7279 0.7719
44 50 1.1868 1.0710 1.1032 1.1714 1.2044 1.1718 1.0448 1.1086
44 51 1.1436 1.0330 1.0634 1.1271 1.1574 1.1252 1.0027 1.0632
44 52 0.5169 0.4679 0.4810 0.5075 0.5196 0.5035 0.4474 0.4733
44 53 1.0455 0.9446 0.9723 1.0300 1.0573 1.0277 0.9157 0.9708
44 54 1.1633 1.0516 1.0820 1.1449 1.1745 1.1410 1.0164 1.0770
44 55 1.1155 1.0098 1.0380 1.0952 1.1214 1.0790 0.9492 1.0008
44 56 1.0060 0.9087 0.9355 0.9915 1.0182 0.9898 0.8821 0.9353
44 57 0.9000 0.8147 0.8375 0.8837 0.9048 0.8732 0.7715 0.8146
44 58 1.1451 1.0345 1.0649 1.1283 1.1585 1.1260 1.0034 1.0638
44 59 1.0389 0.9373 0.9657 1.0259 1.0551 1.0267 0.9155 0.9716
44 60 1.2395 1.1205 1.1529 1.2199 1.2515 1.2158 1.0830 1.1476
44 61 1.0436 0.9424 0.9703 1.0289 1.0570 1.0278 0.9160 0.9714
44 62 1.2007 1.0831 1.1161 1.1862 1.2203 1.1877 1.0592 1.1242
44 63 1.0724 0.9684 0.9971 1.0573 1.0862 1.0561 0.9413 0.9983
44 64 1.1520 1.0411 1.0714 1.1344 1.1642 1.1314 1.0080 1.0684
44 65 1.0447 0.9422 0.9710 1.0325 1.0626 1.0345 0.9227 0.9795
44 66 1.1092 1.0002 1.0309 1.0965 1.1287 1.0989 0.9802 1.0407
44 67 0.8989 0.8111 0.8356 0.8876 0.9129 0.8883 0.7921 0.8406
44 68 1.0848 0.9774 1.0079 1.0738 1.1066 1.0782 0.9621 1.0221
44 69 0.6782 0.6139 0.6311 0.6660 0.6820 0.6618 0.5892 0.6237
44 70 0.9655 0.8740 0.8985 0.9480 0.9708 0.9416 0.8377 0.8866
44 71 1.1896 1.0730 1.1057 1.1752 1.2091 1.1769 1.0496 1.1141
44 72 1.1982 1.0847 1.1150 1.1765 1.2047 1.1647 1.0315 1.0901
44 73 1.2195 1.1039 1.1348 1.1974 1.2261 1.1876 1.0546 1.1156
44 74 1.1743 1.0603 1.0918 1.1581 1.1899 1.1572 1.0315 1.0941
44 75 1.1404 1.0298 1.0604 1.1244 1.1551 1.1232 1.0012 1.0618
44 76 0.8683 0.7832 0.8071 0.8579 0.8827 0.8592 0.7662 0.8133
44 77 0.9563 0.8636 0.8892 0.9430 0.9688 0.9421 0.8397 0.8906
44 78 0.9581 0.8653 0.8909 0.9447 0.9704 0.9436 0.8410 0.8920
44 79 1.0277 0.9281 0.9556 1.0135 1.0412 1.0125 0.9025 0.9572
44 80 1.2440 1.1225 1.1564 1.2285 1.2635 1.2296 1.0964 1.1636
44 81 1.2172 1.0984 1.1315 1.2017 1.2357 1.2023 1.0720 1.1376
44 82 1.2414 1.1199 1.1539 1.2264 1.2617 1.2280 1.0952 1.1625
44 83 0.8375 0.7573 0.7791 0.8240 0.8450 0.8208 0.7311 0.7747
44 84 0.8211 0.7422 0.7637 0.8083 0.8294 0.8059 0.7179 0.7609
44 85 1.2479 1.1296 1.1613 1.2253 1.2548 1.2156 1.0797 1.1422
44 86 1.1980 1.0808 1.1136 1.1832 1.2170 1.1844 1.0562 1.1210
44 87 0.7886 0.7115 0.7331 0.7789 0.8012 0.7797 0.6953 0.7379
44 88 1.1261 1.0194 1.0480 1.1058 1.1323 1.0864 0.9519 1.0028
44 89 1.2181 1.0993 1.1324 1.2025 1.2365 1.2031 1.0727 1.1382
44 90 1.1571 1.0458 1.0762 1.1394 1.1692 1.1362 1.0123 1.0730
44 91 1.2202 1.1005 1.1341 1.2058 1.2409 1.2080 1.0774 1.1437
44 92 1.2099 1.0924 1.1250 1.1933 1.2262 1.1925 1.0630 1.1275
44 93 1.1959 1.0789 1.1116 1.1811 1.2149 1.1824 1.0544 1.1191
44 94 0.8237 0.7440 0.7660 0.8120 0.8340 0.8109 0.7227 0.7664
44 95 1.0382 0.9354 0.9646 1.0279 1.0594 1.0322 0.9211 0.9786
44 96 0.9465 0.8532 0.8795 0.9362 0.9642 0.9391 0.8378 0.8897
44 97 1.1948 1.0788 1.1109 1.1785 1.2110 1.1778 1.0499 1.1138
44 98 1.1216 1.0154 1.0438 1.1014 1.1279 1.0882 0.9609 1.0148
44 99 1.2293 1.1087 1.1425 1.2149 1.2503 1.2171 1.0856 1.1525
44 100 1.0307 0.9301 0.9581 1.0177 1.0466 1.0185 0.9082 0.9638
44 101 1.0676 0.9664 0.9935 1.0483 1.0735 0.9846 0.8136 0.8373
44 102 1.0956 0.9879 1.0182 1.0832 1.1152 1.0858 0.9685 1.0282
44 103 1.0224 0.9219 0.9502 1.0108 1.0406 1.0132 0.9037 0.9594
44 104 1.1610 1.0471 1.0791 1.1472 1.1805 1.1491 1.0248 1.0878
44 105 1.0383 0.9363 0.9650 1.0264 1.0565 1.0287 0.9175 0.9740
44 106 1.0493 0.9465 0.9753 1.0367 1.0668 1.0384 0.9260 0.9829
44 107 1.2310 1.1100 1.1441 1.2169 1.2526 1.2196 1.0878 1.1548
44 108 1.0939 0.9892 1.0176 1.0761 1.1036 1.0719 0.9548 1.0116
44 109 1.0723 0.9676 0.9968 1.0588 1.0888 1.0595 0.9447 1.0024
44 110 1.2150 1.0957 1.1292 1.2007 1.2358 1.2030 1.0730 1.1390
44 111 1.0333 0.9317 0.9603 1.0216 1.0518 1.0242 0.9136 0.9699
44 112 1.0695 0.9642 0.9939 1.0579 1.0894 1.0610 0.9465 1.0050
44 113 1.0456 0.9432 0.9719 1.0332 1.0632 1.0349 0.9230 0.9797
44 114 1.2497 1.1268 1.1614 1.2356 1.2721 1.2386 1.1049 1.1731
44 115 1.2042 1.0855 1.1190 1.1911 1.2266 1.1946 1.0657 1.1317
44 116 1.2421 1.1196 1.1542 1.2287 1.2654 1.2325 1.0995 1.1676
44 117 1.0229 0.9225 0.9507 1.0111 1.0406 1.0131 0.9037 0.9593
44 118 1.1098 1.0022 1.0319 1.0945 1.1247 1.0938 0.9750 1.0342
44 119 1.2245 1.1048 1.1383 1.2094 1.2441 1.2108 1.0797 1.1459
44 120 1.1457 1.0368 1.0661 1.1258 1.1536 1.1199 0.9972 1.0562
44 121 1.2143 1.0954 1.1287 1.1996 1.2342 1.2012 1.0713 1.1371
44 122 1.0803 0.9779 1.0053 1.0609 1.0865 1.0526 0.9348 0.9892
44 123 1.1896 1.0737 1.1060 1.1742 1.2072 1.1745 1.0471 1.1110
44 124 1.0946 0.9908 1.0186 1.0749 1.1009 1.0679 0.9502 1.0059
44 125 1.0451 0.9424 0.9713 1.0331 1.0634 1.0354 0.9235 0.9805
45 0 1.1423 1.0336 1.0625 1.1216 1.1489 1.1149 0.9923 1.0505
45 1 1.2022 1.0865 1.1178 1.1830 1.2138 1.1795 1.0507 1.1138
45 2 0.9565 0.8658 0.8899 0.9387 0.9609 0.9317 0.8285 0.8765
45 3 0.9861 0.8926 0.9175 0.9678 0.9907 0.9609 0.8548 0.9046
45 4 1.1550 1.0440 1.0741 1.1366 1.1661 1.1330 1.0094 1.0699
45 5 0.9440 0.8539 0.8782 0.9279 0.9509 0.9233 0.8222 0.8709
45 6 1.1091 1.0040 1.0321 1.0885 1.1141 1.0776 0.9554 1.0095
45 7 1.0569 0.9552 0.9829 1.0405 1.0677 1.0375 0.9244 0.9800
45 8 1.0443 0.9448 0.9715 1.0260 1.0512 1.0204 0.9085 0.9621
45 9 1.0358 0.9366 0.9634 1.0188 1.0447 1.0147 0.9039 0.9578
45 10 0.9744 0.8816 0.9066 0.9573 0.9807 0.9519 0.8475 0.8975
45 11 1.2308 1.1142 1.1454 1.2081 1.2366 1.1976 1.0635 1.1246
45 12 0.9315 0.8425 0.8665 0.9157 0.9385 0.9112 0.8114 0.8596
45 13 1.0562 0.9562 0.9829 1.0367 1.0610 1.0266 0.9104 0.9623
45 14 1.0439 0.9441 0.9711 1.0266 1.0525 1.0221 0.9103 0.9645
45 15 0.9933 0.8986 0.9241 0.9762 1.0004 0.9712 0.8648 0.9160
45 16 1.0798 0.9771 1.0047 1.0606 1.0863 1.0542 0.9385 0.9938
45 17 0.8385 0.7586 0.7801 0.8239 0.8441 0.8193 0.7295 0.7726
45 18 0.7431 0.6727 0.6915 0.7294 0.7465 0.7226 0.6411 0.6778
45 19 0.9862 0.8928 0.9178 0.9680 0.9908 0.9594 0.8517 0.9006
45 20 1.0321 0.9342 0.9604 1.0135 1.0378 1.0070 0.8964 0.9490
45 21 1.2847 1.1630 1.1955 1.2610 1.2906 1.2485 1.1070 1.1700
45 22 1.1408 1.0328 1.0616 1.1197 1.1461 1.1082 0.9821 1.0378
45 23 1.0383 0.9392 0.9660 1.0207 1.0461 1.0156 0.9044 0.9580
45 24 1.0662 0.9645 0.9920 1.0480 1.0739 1.0425 0.9283 0.9832
45 25 0.7755 0.7019 0.7216 0.7614 0.7795 0.7563 0.6732 0.7127
45 26 1.0584 0.9560 0.9842 1.0432 1.0714 1.0417 0.9284 0.9846
45 27 1.0844 0.9817 1.0092 1.0644 1.0895 1.0544 0.9354 0.9889
45 28 1.2172 1.1013 1.1325 1.1959 1.2251 1.1891 1.0588 1.1212
45 29 0.7663 0.6936 0.7131 0.7525 0.7706 0.7477 0.6656 0.7047
45 30 1.0206 0.9228 0.9494 1.0040 1.0295 0.9999 0.8906 0.9436
45 31 1.2313 1.1147 1.1459 1.2086 1.2370 1.1971 1.0619 1.1226
45 32 1.1566 1.0471 1.0764 1.1353 1.1621 1.1248 0.9981 1.0553
45 33 0.7954 0.7196 0.7401 0.7817 0.8010 0.7775 0.6923 0.7332
45 34 1.1425 1.0344 1.0633 1.1215 1.1479 1.1113 0.9863 1.0429
45 35 0.9468 0.8568 0.8810 0.9300 0.9525 0.9244 0.8230 0.8714
45 36 1.0180 0.9210 0.9471 1.0004 1.0250 0.9950 0.8859 0.9382
45 37 1.0221 0.9248 0.9510 1.0042 1.0287 0.9985 0.8890 0.9414
45 38 0.8163 0.7387 0.7595 0.8018 0.8212 0.7970 0.7095 0.7513
45 39 1.1834 1.0714 1.1013 1.1617 1.1890 1.1506 1.0207 1.0791
45 40 1.0749 0.9731 1.0003 1.0552 1.0801 1.0476 0.9322 0.9867
45 41 1.2716 1.1512 1.1834 1.2483 1.2777 1.2390 1.1022 1.1664
45 42 1.0191 0.9220 0.9482 1.0016 1.0262 0.9961 0.8869 0.9393
45 43 1.0815 0.9791 1.0065 1.0616 1.0866 1.0510 0.9318 0.9850
45 44 1.1481 1.0394 1.0685 1.1270 1.1535 1.1149 0.9874 1.0433
45 46 1.2738 1.1532 1.1855 1.2505 1.2800 1.2411 1.1039 1.1682
45 47 1.1935 1.0805 1.1107 1.1715 1.1991 1.1618 1.0322 1.0919
45 48 0.7691 0.6962 0.7157 0.7549 0.7727 0.7486 0.6650 0.7034
45 49 0.9667 0.8751 0.8996 0.9489 0.9714 0.9422 0.8385 0.8875
45 50 1.0592 0.9583 0.9855 1.0409 1.0664 1.0351 0.9216 0.9760
45 51 0.8214 0.7436 0.7644 0.8063 0.8253 0.8004 0.7120 0.7535
45 52 1.1152 1.0096 1.0378 1.0946 1.1204 1.0815 0.9561 1.0096
45 53 0.8296 0.7510 0.7720 0.8143 0.8335 0.8080 0.7185 0.7602
45 54 1.0167 0.9204 0.9462 0.9980 1.0215 0.9894 0.8788 0.9295
45 55 1.0757 0.9738 1.0011 1.0559 1.0807 1.0359 0.9068 0.9544
45 56 0.6234 0.5644 0.5801 0.6119 0.6264 0.6074 0.5403 0.5718
45 57 1.1040 0.9994 1.0274 1.0836 1.1091 1.0663 0.9374 0.9880
45 58 0.5406 0.4895 0.5031 0.5307 0.5432 0.5267 0.4684 0.4956
45 59 1.1563 1.0459 1.0758 1.1368 1.1650 1.1310 1.0071 1.0665
45 60 1.2158 1.1007 1.1315 1.1935 1.2216 1.1832 1.0509 1.1114
45 61 0.7452 0.6746 0.6935 0.7315 0.7488 0.7263 0.6465 0.6842
45 62 0.7800 0.7054 0.7257 0.7671 0.7864 0.7636 0.6800 0.7202
45 63 1.0675 0.9665 0.9935 1.0480 1.0727 1.0405 0.9261 0.9801
45 64 0.8829 0.7993 0.8216 0.8666 0.8871 0.8596 0.7639 0.8081
45 65 1.0028 0.9067 0.9329 0.9867 1.0118 0.9827 0.8752 0.9272
45 66 0.9787 0.8847 0.9104 0.9632 0.9879 0.9595 0.8546 0.9055
45 67 1.3819 1.2500 1.2857 1.3585 1.3921 1.3514 1.2033 1.2743
45 68 0.7952 0.7183 0.7395 0.7837 0.8047 0.7821 0.6969 0.7388
45 69 1.1814 1.0695 1.0995 1.1597 1.1870 1.1474 1.0163 1.0740
45 70 1.2025 1.0886 1.1191 1.1804 1.2082 1.1673 1.0333 1.0916
45 71 0.9982 0.9027 0.9286 0.9818 1.0065 0.9773 0.8703 0.9219
45 72 1.1711 1.0603 1.0899 1.1496 1.1767 1.1332 0.9984 1.0532
45 73 1.1913 1.0785 1.1087 1.1694 1.1969 1.1549 1.0203 1.0773
45 74 0.8932 0.8085 0.8312 0.8770 0.8979 0.8711 0.7753 0.8206
45 75 0.7637 0.6914 0.7107 0.7497 0.7674 0.7444 0.6626 0.7012
45 76 1.3765 1.2448 1.2806 1.3539 1.3880 1.3478 1.2003 1.2713
45 77 1.2905 1.1683 1.2010 1.2669 1.2969 1.2581 1.1197 1.1851
45 78 0.9794 0.8867 0.9115 0.9615 0.9842 0.9546 0.8495 0.8991
45 79 1.0067 0.9113 0.9368 0.9883 1.0117 0.9814 0.8735 0.9245
45 80 1.0763 0.9735 1.0013 1.0581 1.0843 1.0526 0.9372 0.9925
45 81 1.0070 0.9110 0.9370 0.9897 1.0140 0.9842 0.8763 0.9279
45 82 1.1941 1.0799 1.1109 1.1743 1.2037 1.1688 1.0408 1.1024
45 83 1.2853 1.1636 1.1962 1.2617 1.2914 1.2503 1.1099 1.1736
45 84 1.0948 0.9912 1.0189 1.0747 1.1001 1.0657 0.9467 1.0013
45 85 1.2261 1.1100 1.1411 1.2036 1.2319 1.1888 1.0504 1.1092
45 86 0.9538 0.8627 0.8874 0.9378 0.9611 0.9331 0.8309 0.8799
45 87 1.1420 1.0329 1.0625 1.1228 1.1507 1.1172 0.9948 1.0535
45 88 1.1813 1.0694 1.0994 1.1596 1.1869 1.1344 0.9891 1.0399
45 89 1.0503 0.9502 0.9772 1.0322 1.0575 1.0264 0.9138 0.9675
45 90 0.9404 0.8513 0.8752 0.9231 0.9449 0.9155 0.8134 0.8604
45 91 1.0321 0.9332 0.9601 1.0154 1.0411 1.0110 0.9003 0.9537
45 92 1.0383 0.9399 0.9663 1.0195 1.0438 1.0126 0.9013 0.9540
45 93 1.0247 0.9268 0.9533 1.0075 1.0325 1.0024 0.8926 0.9452
45 94 1.1090 1.0040 1.0321 1.0887 1.1144 1.0807 0.9615 1.0174
45 95 1.0355 0.9354 0.9630 1.0206 1.0480 1.0186 0.9076 0.9621
45 96 1.0260 0.9272 0.9542 1.0103 1.0366 1.0071 0.8971 0.9507
45 97 0.9128 0.8263 0.8495 0.8963 0.9177 0.8904 0.7925 0.8388
45 98 1.1122 1.0069 1.0351 1.0918 1.1175 1.0739 0.9434 0.9944
45 99 1.0801 0.9766 1.0047 1.0626 1.0895 1.0581 0.9423 0.9981
45 100 0.9754 0.8824 0.9076 0.9588 0.9824 0.9536 0.8491 0.8991
45 101 1.2185 1.1031 1.1340 1.1961 1.2243 1.1223 0.9271 0.9532
45 102 1.0322 0.9331 0.9601 1.0159 1.0420 1.0121 0.9014 0.9548
45 103 0.9857 0.8911 0.9169 0.9702 0.9951 0.9665 0.8607 0.9118
45 104 0.9753 0.8819 0.9073 0.9594 0.9836 0.9551 0.8505 0.9007
45 105 1.0279 0.9293 0.9562 1.0115 1.0374 1.0075 0.8973 0.9505
45 106 1.0391 0.9397 0.9667 1.0220 1.0478 1.0173 0.9059 0.9594
45 107 1.0970 0.9917 1.0204 1.0795 1.1071 1.0752 0.9576 1.0143
45 108 1.0080 0.9126 0.9381 0.9895 1.0128 0.9805 0.8703 0.9202
45 109 0.9628 0.8710 0.8958 0.9463 0.9696 0.9411 0.8379 0.8871
45 110 1.0879 0.9836 1.0120 1.0703 1.0974 1.0657 0.9491 1.0052
45 111 1.1413 1.0317 1.0616 1.1233 1.1522 1.1191 0.9968 1.0559
45 112 1.0901 0.9852 1.0139 1.0733 1.1012 1.0697 0.9529 1.0095
45 113 1.0443 0.9444 0.9715 1.0272 1.0531 1.0226 0.9106 0.9644
45 114 1.1854 1.0716 1.1026 1.1667 1.1967 1.1623 1.0352 1.0966
45 115 1.0494 0.9484 0.9760 1.0332 1.0601 1.0299 0.9174 0.9720
45 116 1.1756 1.0624 1.0934 1.1576 1.1878 1.1539 1.0279 1.0891
45 117 0.9754 0.8819 0.9074 0.9597 0.9841 0.9557 0.8511 0.9015
45 118 1.0014 0.9066 0.9320 0.9832 1.0065 0.9764 0.8690 0.9197
45 119 1.1176 1.0109 1.0398 1.0988 1.1261 1.0932 0.9734 1.0307
45 120 1.1382 1.0304 1.0593 1.1173 1.1437 1.1061 0.9804 1.0362
45 121 1.1223 1.0150 1.0441 1.1036 1.1312 1.0983 0.9779 1.0356
45 122 1.0715 0.9700 0.9972 1.0518 1.0766 1.0389 0.9179 0.9693
45 123 1.0768 0.9744 1.0020 1.0580 1.0838 1.0517 0.9363 0.9912
45 124 1.0860 0.9832 1.0107 1.0661 1.0913 1.0544 0.9333 0.9861
45 125 1.1305 1.0221 1.0516 1.1124 1.1408 1.1080 0.9867 1.0452
46 0 1.2514 1.1319 1.1639 1.2294 1.2598 1.2229 1.0886 1.1527
46 1 1.3383 1.2092 1.2443 1.3177 1.3526 1.3147 1.1713 1.2419
46 2 1.1861 1.0736 1.1035 1.1640 1.1915 1.1558 1.0284 1.0882
46 3 1.2295 1.1128 1.1439 1.2070 1.2358 1.1990 1.0671 1.1294
46 4 1.2867 1.1627 1.1965 1.2669 1.3003 1.2638 1.1260 1.1938
46 5 1.1590 1.0480 1.0780 1.1398 1.1686 1.1349 1.0108 1.0709
46 6 1.3129 1.1886 1.2217 1.2886 1.3188 1.2763 1.1322 1.1965
46 7 1.3229 1.1953 1.2302 1.3030 1.3377 1.3003 1.1587 1.2286
46 8 1.1970 1.0826 1.1135 1.1767 1.2061 1.1711 1.0428 1.1047
46 9 1.1837 1.0700 1.1009 1.1650 1.1951 1.1611 1.0344 1.0964
46 10 1.2273 1.1101 1.1417 1.2064 1.2364 1.2004 1.0690 1.1323
46 11 1.2076 1.0932 1.1237 1.1853 1.2132 1.1755 1.0445 1.1048
46 12 1.1857 1.0722 1.1030 1.1663 1.1958 1.1614 1.0344 1.0960
46 13 1.2016 1.0878 1.1182 1.1794 1.2072 1.1685 1.0370 1.0962
46 14 1.2339 1.1155 1.1477 1.2141 1.2453 1.2096 1.0775 1.1419
46 15 1.1378 1.0289 1.0584 1.1189 1.1470 1.1138 0.9920 1.0510
46 16 1.3076 1.1829 1.2165 1.2851 1.3168 1.2783 1.1382 1.2055
46 17 1.2224 1.1057 1.1372 1.2018 1.2318 1.1960 1.0651 1.1283
46 18 1.0438 0.9450 0.9714 1.0246 1.0487 1.0155 0.9016 0.9534
46 19 1.1969 1.0835 1.1138 1.1748 1.2025 1.1649 1.0348 1.0945
46 20 1.3305 1.2039 1.2379 1.3073 1.3392 1.2998 1.1573 1.2255
46 21 1.1243 1.0178 1.0463 1.1035 1.1295 1.0932 0.9699 1.0253
46 22 0.7135 0.6459 0.6640 0.7003 0.7168 0.6935 0.6149 0.6499
46 23 1.2524 1.1325 1.1650 1.2319 1.2630 1.2266 1.0925 1.1575
46 24 0.7649 0.6917 0.7115 0.7522 0.7712 0.7489 0.6669 0.7065
46 25 1.1947 1.0811 1.1117 1.1737 1.2022 1.1668 1.0388 1.0999
46 26 0.7530 0.6799 0.7001 0.7426 0.7630 0.7420 0.6615 0.7017
46 27 1.2807 1.1594 1.1919 1.2571 1.2868 1.2459 1.1061 1.1696
46 28 1.3164 1.1907 1.2246 1.2941 1.3263 1.2877 1.1467 1.2146
46 29 1.2098 1.0946 1.1256 1.1888 1.2178 1.1820 1.0524 1.1145
46 30 0.6808 0.6154 0.6332 0.6701 0.6874 0.6679 0.5950 0.6306
46 31 0.8819 0.7983 0.8207 0.8656 0.8860 0.8578 0.7614 0.8051
46 32 1.0867 0.9838 1.0113 1.0667 1.0918 1.0573 0.9389 0.9929
46 33 0.8636 0.7811 0.8034 0.8493 0.8705 0.8453 0.7528 0.7975
46 34 1.1106 1.0054 1.0336 1.0902 1.1159 1.0808 0.9599 1.0152
46 35 1.2799 1.1578 1.1908 1.2580 1.2890 1.2513 1.1142 1.1800
46 36 0.7888 0.7134 0.7338 0.7756 0.7950 0.7720 0.6875 0.7283
46 37 0.6525 0.5902 0.6071 0.6415 0.6575 0.6383 0.5684 0.6021
46 38 0.8652 0.7827 0.8049 0.8503 0.8713 0.8458 0.7531 0.7976
46 39 1.1665 1.0561 1.0856 1.1451 1.1721 1.1348 1.0073 1.0652
46 40 1.3334 1.2069 1.2408 1.3094 1.3407 1.3009 1.1580 1.2259
46 41 0.7970 0.7215 0.7417 0.7824 0.8010 0.7770 0.6916 0.7321
46 42 0.7996 0.7232 0.7439 0.7863 0.8060 0.7826 0.6970 0.7383
46 43 1.2676 1.1475 1.1796 1.2443 1.2736 1.2326 1.0935 1.1561
46 44 0.7909 0.7160 0.7361 0.7764 0.7947 0.7685 0.6810 0.7198
46 45 1.1643 1.0537 1.0834 1.1436 1.1711 1.1365 1.0117 1.0711
46 47 1.1381 1.0303 1.0591 1.1172 1.1436 1.1085 0.9855 1.0427
46 48 0.8502 0.7697 0.7912 0.8346 0.8543 0.8280 0.7360 0.7787
46 49 0.7991 0.7233 0.7436 0.7848 0.8037 0.7798 0.6942 0.7349
46 50 1.3206 1.1944 1.2286 1.2986 1.3310 1.2923 1.1509 1.2191
46 51 1.2606 1.1411 1.1731 1.2376 1.2670 1.2292 1.0941 1.1582
46 52 0.7490 0.6781 0.6971 0.7353 0.7526 0.7268 0.6430 0.6791
46 53 0.8958 0.8110 0.8336 0.8794 0.9001 0.8730 0.7768 0.8221
46 54 1.2801 1.1589 1.1913 1.2566 1.2863 1.2465 1.1079 1.1720
46 55 1.1968 1.0835 1.1138 1.1748 1.2025 1.1532 1.0101 1.0633
46 56 0.8761 0.7930 0.8153 0.8601 0.8805 0.8542 0.7603 0.8048
46 57 1.0347 0.9367 0.9629 1.0157 1.0396 1.0000 0.8796 0.9273
46 58 1.2373 1.1202 1.1515 1.2146 1.2433 1.2060 1.0733 1.1358
46 59 0.6655 0.6018 0.6191 0.6547 0.6712 0.6519 0.5805 0.6150
46 60 1.3619 1.2329 1.2674 1.3369 1.3684 1.3261 1.1786 1.2468
46 61 0.8517 0.7708 0.7925 0.8365 0.8567 0.8313 0.7400 0.7834
46 62 1.3248 1.1976 1.2323 1.3036 1.3370 1.2986 1.1566 1.2254
46 63 0.9331 0.8445 0.8683 0.9165 0.9385 0.9107 0.8107 0.8582
46 64 1.2568 1.1378 1.1696 1.2337 1.2629 1.2244 1.0888 1.1521
46 65 0.9237 0.8349 0.8591 0.9093 0.9329 0.9063 0.8074 0.8556
46 66 1.2147 1.0977 1.1297 1.1961 1.2273 1.1925 1.0624 1.1259
46 67 1.2505 1.1308 1.1634 1.2301 1.2611 1.2246 1.0906 1.1553
46 68 0.8862 0.8002 0.8240 0.8738 0.8976 0.8728 0.7778 0.8248
46 69 0.8627 0.7810 0.8029 0.8468 0.8668 0.8383 0.7431 0.7854
46 70 1.1091 1.0040 1.0321 1.0887 1.1144 1.0772 0.9541 1.0083
46 71 1.2886 1.1650 1.1987 1.2681 1.3006 1.2633 1.1253 1.1922
46 72 1.2849 1.1632 1.1958 1.2613 1.2911 1.2439 1.0968 1.1573
46 73 1.3190 1.1941 1.2275 1.2948 1.3253 1.2794 1.1311 1.1945
46 74 1.2926 1.1696 1.2027 1.2699 1.3006 1.2622 1.1237 1.1897
46 75 1.2418 1.1239 1.1556 1.2197 1.2491 1.2121 1.0790 1.1422
46 76 1.2649 1.1435 1.1766 1.2449 1.2768 1.2402 1.1047 1.1704
46 77 0.7030 0.6362 0.6542 0.6905 0.7072 0.6863 0.6109 0.6467
46 78 0.8403 0.7605 0.7819 0.8253 0.8451 0.8200 0.7299 0.7727
46 79 0.9610 0.8697 0.8943 0.9440 0.9668 0.9382 0.8352 0.8842
46 80 1.3591 1.2290 1.2644 1.3369 1.3707 1.3310 1.1854 1.2557
46 81 1.3279 1.2009 1.2353 1.3058 1.3385 1.2996 1.1573 1.2258
46 82 1.3718 1.2402 1.2761 1.3499 1.3844 1.3446 1.1976 1.2688
46 83 1.0783 0.9762 1.0035 1.0585 1.0835 1.0495 0.9323 0.9861
46 84 0.9255 0.8378 0.8613 0.9085 0.9299 0.9013 0.8012 0.8477
46 85 1.3460 1.2186 1.2527 1.3213 1.3525 1.3058 1.1546 1.2195
46 86 1.3071 1.1819 1.2160 1.2859 1.3185 1.2805 1.1404 1.2081
46 87 0.9249 0.8363 0.8604 0.9099 0.9329 0.9060 0.8069 0.8548
46 88 1.2011 1.0874 1.1178 1.1791 1.2069 1.1541 1.0069 1.0589
46 89 1.3225 1.1961 1.2304 1.3005 1.3330 1.2942 1.1525 1.2206
46 90 1.2441 1.1263 1.1578 1.2213 1.2501 1.2118 1.0775 1.1400
46 91 1.3303 1.2025 1.2374 1.3095 1.3433 1.3049 1.1623 1.2315
46 92 1.3111 1.1864 1.2199 1.2881 1.3193 1.2804 1.1398 1.2067
46 93 1.2941 1.1701 1.2039 1.2731 1.3054 1.2677 1.1291 1.1960
46 94 0.9356 0.8469 0.8707 0.9187 0.9406 0.9126 0.8123 0.8598
46 95 1.1563 1.0441 1.0751 1.1403 1.1714 1.1390 1.0151 1.0763
46 96 1.1520 1.0407 1.0713 1.1350 1.1652 1.1324 1.0089 1.0694
46 97 1.2947 1.1715 1.2047 1.2721 1.3030 1.2645 1.1258 1.1919
46 98 1.2200 1.1045 1.1354 1.1977 1.2259 1.1787 1.0362 1.0925
46 99 1.3366 1.2081 1.2432 1.3157 1.3497 1.3111 1.1679 1.2374
46 100 0.8958 0.8101 0.8333 0.8810 0.9032 0.8770 0.7810 0.8272
46 101 1.1975 1.0841 1.1144 1.1755 1.2033 1.1030 0.9112 0.9369
46 102 1.0344 0.9348 0.9621 1.0187 1.0454 1.0157 0.9048 0.9587
46 103 0.8851 0.7999 0.8232 0.8717 0.8945 0.8690 0.7741 0.8203
46 104 1.2523 1.1320 1.1649 1.2326 1.2643 1.2281 1.0938 1.1588
46 105 0.8974 0.8110 0.8347 0.8836 0.9067 0.8808 0.7846 0.8314
46 106 0.9122 0.8246 0.8485 0.8978 0.9208 0.8943 0.7965 0.8438
46 107 1.3373 1.2085 1.2438 1.3167 1.3511 1.3126 1.1692 1.2389
46 108 1.1753 1.0640 1.0938 1.1538 1.1811 1.1440 1.0160 1.0746
46 109 1.0031 0.9072 0.9332 0.9866 1.0113 0.9819 0.8744 0.9260
46 110 1.3129 1.1867 1.2211 1.2924 1.3258 1.2879 1.1471 1.2154
46 111 0.9079 0.8204 0.8444 0.8941 0.9176 0.8915 0.7942 0.8416
46 112 1.1312 1.0220 1.0520 1.1144 1.1439 1.1116 0.9904 1.0496
46 113 0.9172 0.8291 0.8532 0.9027 0.9259 0.8994 0.8010 0.8486
46 114 1.3455 1.2159 1.2514 1.3250 1.3597 1.3211 1.1769 1.2471
46 115 1.1666 1.0540 1.0849 1.1493 1.1798 1.1465 1.0215 1.0826
46 116 1.3360 1.2070 1.2425 1.3163 1.3513 1.3133 1.1701 1.2401
46 117 0.9097 0.8222 0.8462 0.8956 0.9188 0.8926 0.7951 0.8424
46 118 1.0613 0.9604 0.9875 1.0425 1.0678 1.0362 0.9224 0.9765
46 119 1.3205 1.1940 1.2284 1.2991 1.3320 1.2935 1.1520 1.2202
46 120 1.2081 1.0937 1.1243 1.1860 1.2141 1.1748 1.0420 1.1016
46 121 1.3025 1.1776 1.2116 1.2816 1.3143 1.2764 1.1368 1.2043
46 122 1.1315 1.0243 1.0530 1.1108 1.1371 1.0978 0.9706 1.0252
46 123 1.2744 1.1528 1.1857 1.2529 1.2839 1.2464 1.1098 1.1752
46 124 1.1456 1.0371 1.0662 1.1246 1.1512 1.1129 0.9858 1.0418
46 125 0.9368 0.8466 0.8713 0.9223 0.9463 0.9193 0.8189 0.8677
47 0 1.4243 1.2875 1.3244 1.4005 1.4361 1.3946 1.2417 1.3152
47 1 1.5739 1.4213 1.4631 1.5511 1.5934 1.5493 1.3807 1.4644
47 2 1.1729 1.0611 1.0910 1.1520 1.1801 1.1452 1.0193 1.0789
47 3 1.0685 0.9666 0.9939 1.0499 1.0758 1.0442 0.9295 0.9841
47 4 1.4468 1.3066 1.3451 1.4259 1.4646 1.4240 1.2691 1.3460
47 5 1.2978 1.1729 1.2069 1.2775 1.3107 1.2735 1.1345 1.2024
47 6 1.5469 1.4003 1.4394 1.5182 1.5539 1.5049 1.3364 1.4127
47 7 1.1016 0.9948 1.0242 1.0861 1.1158 1.0851 0.9672 1.0259
47 8 1.3110 1.1851 1.2193 1.2900 1.3231 1.2853 1.1448 1.2131
47 9 1.3552 1.2243 1.2602 1.3350 1.3706 1.3322 1.1871 1.2587
47 10 1.3583 1.2280 1.2634 1.3365 1.3707 1.3314 1.1859 1.2566
47 11 1.5253 1.3808 1.4194 1.4972 1.5326 1.4861 1.3219 1.3986
47 12 1.3114 1.1852 1.2196 1.2911 1.3248 1.2872 1.1468 1.2156
47 13 0.9793 0.8866 0.9113 0.9613 0.9839 0.9532 0.8467 0.8954
47 14 1.3589 1.2278 1.2637 1.3384 1.3737 1.3350 1.1895 1.2611
47 15 1.3812 1.2484 1.2846 1.3596 1.3948 1.3551 1.2072 1.2794
47 16 1.0790 0.9756 1.0037 1.0614 1.0884 1.0571 0.9415 0.9975
47 17 1.1451 1.0351 1.0650 1.1268 1.1558 1.1227 1.0001 1.0598
47 18 1.1347 1.0272 1.0559 1.1138 1.1401 1.1049 0.9820 1.0387
47 19 1.4532 1.3156 1.3524 1.4265 1.4602 1.4156 1.2589 1.3319
47 20 1.4708 1.3300 1.3682 1.4465 1.4829 1.4400 1.2824 1.3585
47 21 1.3746 1.2444 1.2792 1.3493 1.3811 1.3377 1.1882 1.2564
47 22 1.2654 1.1456 1.1776 1.2421 1.2714 1.2310 1.0928 1.1553
47 23 1.1814 1.0677 1.0988 1.1632 1.1935 1.1597 1.0331 1.0950
47 24 1.2491 1.1290 1.1618 1.2297 1.2615 1.2256 1.0919 1.1572
47 25 1.1228 1.0154 1.0445 1.1040 1.1317 1.0989 0.9786 1.0366
47 26 1.3839 1.2489 1.2864 1.3661 1.4048 1.3669 1.2188 1.2934
47 27 1.0409 0.9423 0.9686 1.0217 1.0459 1.0135 0.9007 0.9527
47 28 1.1487 1.0385 1.0685 1.1304 1.1594 1.1262 1.0032 1.0630
47 29 1.1401 1.0310 1.0606 1.1213 1.1496 1.1163 0.9942 1.0533
47 30 1.1544 1.0429 1.0735 1.1374 1.1677 1.1350 1.0114 1.0723
47 31 1.3531 1.2250 1.2592 1.3283 1.3597 1.3175 1.1707 1.2383
47 32 0.7702 0.6973 0.7168 0.7561 0.7739 0.7501 0.6668 0.7054
47 33 1.3180 1.1914 1.2259 1.2973 1.3308 1.2929 1.1517 1.2206
47 34 0.9055 0.8197 0.8427 0.8889 0.9099 0.8820 0.7842 0.8296
47 35 1.3966 1.2627 1.2991 1.3740 1.4089 1.3684 1.2188 1.2914
47 36 1.3735 1.2415 1.2775 1.3519 1.3868 1.3472 1.2001 1.2719
47 37 1.2031 1.0877 1.1191 1.1840 1.2143 1.1795 1.0507 1.1133
47 38 1.2435 1.1243 1.1567 1.2234 1.2545 1.2184 1.0853 1.1499
47 39 1.1626 1.0525 1.0819 1.1413 1.1682 1.1320 1.0059 1.0641
47 40 1.1786 1.0662 1.0965 1.1585 1.1871 1.1524 1.0262 1.0868
47 41 1.4832 1.3420 1.3800 1.4575 1.4932 1.4493 1.2904 1.3665
47 42 1.2728 1.1505 1.1839 1.2528 1.2852 1.2485 1.1123 1.1787
47 43 1.0403 0.9418 0.9681 1.0212 1.0453 1.0125 0.8993 0.9511
47 44 1.1886 1.0761 1.1062 1.1668 1.1944 1.1560 1.0256 1.0843
47 45 1.1019 0.9967 1.0252 1.0834 1.1103 1.0780 0.9599 1.0167
47 46 1.4669 1.3273 1.3649 1.4414 1.4766 1.4332 1.2761 1.3512
47 48 1.3123 1.1880 1.2212 1.2882 1.3187 1.2792 1.1384 1.2049
47 49 1.2461 1.1272 1.1593 1.2250 1.2553 1.2187 1.0852 1.1494
47 50 1.4335 1.2958 1.3334 1.4109 1.4473 1.4060 1.2525 1.3272
47 51 1.3583 1.2289 1.2638 1.3349 1.3676 1.3275 1.1820 1.2517
47 52 1.1362 1.0286 1.0574 1.1154 1.1417 1.1036 0.9773 1.0327
47 53 1.2787 1.1572 1.1899 1.2562 1.2866 1.2486 1.1115 1.1769
47 54 1.1375 1.0297 1.0586 1.1166 1.1431 1.1086 0.9865 1.0440
47 55 1.0013 0.9065 0.9318 0.9829 1.0062 0.9657 0.8468 0.8918
47 56 1.2000 1.0857 1.1165 1.1793 1.2082 1.1727 1.0441 1.1056
47 57 0.5575 0.5047 0.5188 0.5473 0.5602 0.5393 0.4750 0.5009
47 58 1.3096 1.1850 1.2185 1.2866 1.3179 1.2791 1.1387 1.2057
47 59 1.2390 1.1197 1.1524 1.2200 1.2518 1.2162 1.0835 1.1483
47 60 1.2258 1.1097 1.1408 1.2034 1.2319 1.1948 1.0631 1.1250
47 61 1.2696 1.1484 1.1812 1.2482 1.2792 1.2419 1.1059 1.1712
47 62 1.4250 1.2876 1.3253 1.4037 1.4407 1.4001 1.2474 1.3222
47 63 1.3023 1.1779 1.2116 1.2803 1.3121 1.2739 1.1343 1.2014
47 64 1.3466 1.2189 1.2532 1.3223 1.3539 1.3136 1.1693 1.2377
47 65 1.2417 1.1217 1.1547 1.2236 1.2563 1.2212 1.0882 1.1537
47 66 1.1299 1.0206 1.0507 1.1137 1.1437 1.1118 0.9908 1.0506
47 67 1.6432 1.4851 1.5284 1.6179 1.6600 1.6128 1.4368 1.5228
47 68 1.3378 1.2073 1.2436 1.3204 1.3574 1.3206 1.1773 1.2490
47 69 1.2038 1.0898 1.1203 1.1818 1.2097 1.1710 1.0391 1.0987
47 70 0.9250 0.8374 0.8608 0.9081 0.9295 0.8993 0.7975 0.8430
47 71 1.2612 1.1395 1.1729 1.2424 1.2752 1.2393 1.1042 1.1705
47 72 1.1922 1.0793 1.1095 1.1704 1.1980 1.1553 1.0198 1.0764
47 73 1.1730 1.0619 1.0916 1.1515 1.1787 1.1389 1.0080 1.0649
47 74 1.3885 1.2558 1.2918 1.3655 1.3997 1.3590 1.2103 1.2819
47 75 1.3222 1.1959 1.2301 1.2999 1.3323 1.2935 1.1518 1.2199
47 76 1.6061 1.4511 1.4937 1.5822 1.6241 1.5783 1.4063 1.4907
47 77 1.4092 1.2746 1.3111 1.3856 1.4202 1.3788 1.2278 1.3005
47 78 1.2596 1.1394 1.1719 1.2383 1.2691 1.2320 1.0971 1.1619
47 79 1.2006 1.0859 1.1170 1.1805 1.2099 1.1747 1.0461 1.1080
47 80 1.4469 1.3077 1.3458 1.4247 1.4618 1.4203 1.2653 1.3409
47 81 1.4126 1.2769 1.3140 1.3905 1.4265 1.3858 1.2345 1.3081
47 82 1.4754 1.3331 1.3721 1.4532 1.4915 1.4494 1.2914 1.3688
47 83 1.4342 1.2984 1.3348 1.4080 1.4414 1.3974 1.2427 1.3150
47 84 0.9286 0.8406 0.8642 0.9116 0.9332 0.9053 0.8057 0.8527
47 85 1.1328 1.0255 1.0542 1.1121 1.1384 1.1000 0.9738 1.0289
47 86 1.3911 1.2572 1.2939 1.3699 1.4058 1.3659 1.2169 1.2897
47 87 1.0075 0.9105 0.9371 0.9921 1.0181 0.9892 0.8813 0.9341
47 88 0.9843 0.8911 0.9160 0.9663 0.9892 0.9467 0.8268 0.8699
47 89 1.4007 1.2661 1.3028 1.3787 1.4143 1.3738 1.2238 1.2967
47 90 1.2237 1.1077 1.1388 1.2014 1.2300 1.1933 1.0621 1.1242
47 91 1.4140 1.2774 1.3150 1.3932 1.4303 1.3902 1.2387 1.3131
47 92 1.3863 1.2538 1.2897 1.3633 1.3975 1.3570 1.2084 1.2800
47 93 1.3667 1.2351 1.2711 1.3459 1.3811 1.3420 1.1955 1.2671
47 94 0.9430 0.8531 0.8774 0.9269 0.9497 0.9219 0.8209 0.8693
47 95 1.2357 1.1151 1.1487 1.2198 1.2541 1.2200 1.0877 1.1539
47 96 1.1819 1.0671 1.0989 1.1656 1.1976 1.1645 1.0379 1.1007
47 97 1.3690 1.2381 1.2736 1.3464 1.3802 1.3402 1.1936 1.2643
47 98 1.0351 0.9371 0.9633 1.0162 1.0403 1.0011 0.8810 0.9293
47 99 1.4167 1.2798 1.3175 1.3960 1.4332 1.3930 1.2412 1.3158
47 100 1.2304 1.1121 1.1444 1.2113 1.2427 1.2073 1.0755 1.1398
47 101 1.1630 1.0529 1.0824 1.1418 1.1688 1.0715 0.8853 0.9103
47 102 1.1120 1.0044 1.0341 1.0962 1.1258 1.0944 0.9753 1.0339
47 103 1.2240 1.1055 1.1382 1.2065 1.2391 1.2045 1.0734 1.1379
47 104 1.2630 1.1410 1.1745 1.2443 1.2774 1.2414 1.1061 1.1723
47 105 1.2498 1.1288 1.1622 1.2318 1.2649 1.2296 1.0957 1.1615
47 106 1.2584 1.1369 1.1703 1.2397 1.2725 1.2366 1.1018 1.1677
47 107 1.4152 1.2782 1.3160 1.3948 1.4323 1.3923 1.2407 1.3152
47 108 1.2475 1.1294 1.1610 1.2247 1.2538 1.2155 1.0808 1.1435
47 109 1.1344 1.0253 1.0551 1.1167 1.1457 1.1130 0.9915 1.0505
47 110 1.3832 1.2495 1.2863 1.3630 1.3993 1.3601 1.2118 1.2846
47 111 1.2228 1.1044 1.1371 1.2054 1.2380 1.2036 1.0725 1.1371
47 112 1.2773 1.1533 1.1876 1.2596 1.2940 1.2582 1.1213 1.1890
47 113 1.2422 1.1223 1.1552 1.2238 1.2563 1.2209 1.0878 1.1530
47 114 1.3813 1.2476 1.2845 1.3617 1.3985 1.3595 1.2115 1.2844
47 115 1.2523 1.1307 1.1644 1.2350 1.2687 1.2336 1.0994 1.1658
47 116 1.3607 1.2286 1.2652 1.3420 1.3788 1.3407 1.1949 1.2671
47 117 1.2478 1.1271 1.1604 1.2296 1.2625 1.2272 1.0935 1.1591
47 118 1.1808 1.0680 1.0986 1.1611 1.1902 1.1556 1.0291 1.0899
47 119 1.3882 1.2545 1.2911 1.3670 1.4028 1.3630 1.2143 1.2868
47 120 1.1053 1.0007 1.0287 1.0852 1.1110 1.0760 0.9554 1.0106
47 121 1.3025 1.1770 1.2114 1.2829 1.3167 1.2795 1.1400 1.2082
47 122 1.0313 0.9337 0.9598 1.0125 1.0366 1.0016 0.8866 0.9369
47 123 1.2620 1.1409 1.1739 1.2419 1.2737 1.2372 1.1020 1.1675
47 124 1.0489 0.9495 0.9761 1.0298 1.0542 1.0200 0.9046 0.9564
47 125 1.2683 1.1456 1.1795 1.2500 1.2836 1.2477 1.1118 1.1786
48 0 0.9434 0.8528 0.8772 0.9278 0.9514 0.9240 0.8227 0.8715
48 1 0.9337 0.8431 0.8679 0.9202 0.9454 0.9193 0.8193 0.8690
48 2 0.9431 0.8532 0.8773 0.9265 0.9491 0.9211 0.8199 0.8679
48 3 0.9669 0.8746 0.8994 0.9502 0.9737 0.9451 0.8414 0.8909
48 4 0.9128 0.8244 0.8487 0.8998 0.9243 0.8987 0.8010 0.8496
48 5 0.9978 0.9017 0.9279 0.9823 1.0080 0.9794 0.8725 0.9248
48 6 0.8748 0.7919 0.8140 0.8585 0.8787 0.8511 0.7559 0.7991
48 7 1.0231 0.9238 0.9512 1.0088 1.0365 1.0080 0.8985 0.9532
48 8 0.8934 0.8075 0.8309 0.8792 0.9019 0.8761 0.7804 0.8270
48 9 0.8900 0.8040 0.8276 0.8769 0.9003 0.8751 0.7799 0.8269
48 10 0.9473 0.8564 0.8811 0.9322 0.9562 0.9288 0.8274 0.8767
48 11 0.9268 0.8390 0.8625 0.9097 0.9312 0.9031 0.8034 0.8500
48 12 0.7817 0.7064 0.7270 0.7697 0.7898 0.7675 0.6838 0.7248
48 13 0.9416 0.8524 0.8762 0.9242 0.9460 0.9165 0.8143 0.8611
48 14 1.1754 1.0620 1.0930 1.1578 1.1884 1.1551 1.0292 1.0912
48 15 0.8040 0.7266 0.7478 0.7915 0.8121 0.7890 0.7029 0.7450
48 16 1.0478 0.9473 0.9746 1.0309 1.0572 1.0268 0.9146 0.9691
48 17 0.8653 0.7821 0.8048 0.8516 0.8736 0.8486 0.7560 0.8012
48 18 0.6754 0.6114 0.6285 0.6630 0.6786 0.6577 0.5847 0.6185
48 19 0.8617 0.7801 0.8019 0.8458 0.8658 0.8395 0.7467 0.7900
48 20 1.1837 1.0704 1.1011 1.1643 1.1937 1.1593 1.0324 1.0938
48 21 1.0719 0.9704 0.9975 1.0522 1.0770 1.0433 0.9267 0.9800
48 22 0.9365 0.8478 0.8715 0.9193 0.9409 0.9111 0.8089 0.8553
48 23 0.9154 0.8272 0.8513 0.9014 0.9250 0.8988 0.8008 0.8488
48 24 0.8219 0.7428 0.7644 0.8092 0.8303 0.8067 0.7187 0.7617
48 25 0.7136 0.6453 0.6638 0.7018 0.7194 0.6986 0.6221 0.6590
48 26 0.8119 0.7326 0.7547 0.8016 0.8243 0.8022 0.7153 0.7591
48 27 1.0614 0.9609 0.9878 1.0419 1.0665 1.0336 0.9187 0.9718
48 28 1.0834 0.9793 1.0077 1.0662 1.0937 1.0624 0.9464 1.0029
48 29 0.7709 0.6971 0.7171 0.7583 0.7775 0.7551 0.6725 0.7125
48 30 0.8148 0.7361 0.7577 0.8029 0.8244 0.8014 0.7141 0.7572
48 31 1.0149 0.9188 0.9445 0.9962 1.0198 0.9882 0.8783 0.9291
48 32 1.0670 0.9659 0.9929 1.0474 1.0721 1.0392 0.9239 0.9774
48 33 0.6739 0.6091 0.6268 0.6634 0.6806 0.6612 0.5891 0.6243
48 34 1.0524 0.9527 0.9794 1.0331 1.0575 1.0252 0.9116 0.9645
48 35 1.1399 1.0306 1.0603 1.1216 1.1502 1.1172 0.9952 1.0544
48 36 0.7821 0.7069 0.7274 0.7699 0.7898 0.7674 0.6836 0.7245
48 37 0.8475 0.7661 0.7883 0.8341 0.8555 0.8311 0.7403 0.7845
48 38 0.6349 0.5740 0.5905 0.6247 0.6406 0.6222 0.5542 0.5873
48 39 1.0065 0.9112 0.9366 0.9880 1.0114 0.9801 0.8711 0.9215
48 40 1.1976 1.0833 1.1142 1.1773 1.2065 1.1713 1.0430 1.1047
48 41 1.0625 0.9613 0.9886 1.0442 1.0699 1.0385 0.9247 0.9793
48 42 0.7598 0.6868 0.7067 0.7480 0.7674 0.7456 0.6642 0.7039
48 43 1.0596 0.9593 0.9861 1.0402 1.0648 1.0315 0.9162 0.9691
48 44 0.9982 0.9037 0.9290 0.9799 1.0031 0.9709 0.8615 0.9109
48 45 0.7552 0.6831 0.7026 0.7426 0.7612 0.7391 0.6582 0.6971
48 46 1.0781 0.9754 1.0031 1.0594 1.0854 1.0536 0.9381 0.9934
48 47 1.0904 0.9871 1.0148 1.0706 1.0960 1.0634 0.9465 1.0019
48 49 0.8105 0.7331 0.7541 0.7969 0.8167 0.7930 0.7061 0.7479
48 50 1.1854 1.0714 1.1025 1.1669 1.1970 1.1629 1.0360 1.0979
48 51 1.0405 0.9413 0.9681 1.0227 1.0478 1.0172 0.9057 0.9592
48 52 0.9683 0.8766 0.9012 0.9506 0.9731 0.9406 0.8331 0.8804
48 53 0.7263 0.6572 0.6758 0.7136 0.7309 0.7094 0.6316 0.6687
48 54 1.1596 1.0498 1.0791 1.1384 1.1653 1.1303 1.0059 1.0646
48 55 1.0327 0.9349 0.9611 1.0138 1.0377 0.9961 0.8736 0.9200
48 56 0.7552 0.6832 0.7027 0.7423 0.7605 0.7383 0.6573 0.6961
48 57 1.0278 0.9305 0.9565 1.0090 1.0328 0.9944 0.8758 0.9237
48 58 0.9627 0.8710 0.8957 0.9459 0.9690 0.9405 0.8374 0.8866
48 59 1.0927 0.9875 1.0163 1.0761 1.1043 1.0730 0.9560 1.0132
48 60 1.1490 1.0402 1.0693 1.1280 1.1547 1.1200 0.9967 1.0549
48 61 0.6158 0.5570 0.5729 0.6055 0.6206 0.6026 0.5366 0.5683
48 62 1.0737 0.9701 0.9985 1.0577 1.0858 1.0552 0.9402 0.9967
48 63 0.9339 0.8447 0.8689 0.9183 0.9412 0.9138 0.8138 0.8619
48 64 1.0784 0.9760 1.0035 1.0590 1.0844 1.0522 0.9366 0.9915
48 65 0.9203 0.8313 0.8558 0.9070 0.9314 0.9054 0.8068 0.8554
48 66 1.1058 0.9987 1.0283 1.0901 1.1196 1.0884 0.9700 1.0286
48 67 1.2006 1.0850 1.1166 1.1822 1.2131 1.1787 1.0502 1.1130
48 68 0.7626 0.6882 0.7089 0.7528 0.7740 0.7530 0.6714 0.7123
48 69 1.0224 0.9255 0.9515 1.0037 1.0274 0.9946 0.8827 0.9334
48 70 1.0742 0.9725 0.9997 1.0546 1.0795 1.0446 0.9264 0.9794
48 71 1.0494 0.9481 0.9760 1.0339 1.0613 1.0315 0.9191 0.9743
48 72 1.1175 1.0117 1.0400 1.0970 1.1230 1.0830 0.9561 1.0093
48 73 1.1281 1.0213 1.0499 1.1075 1.1337 1.0955 0.9697 1.0246
48 74 1.0762 0.9733 1.0012 1.0585 1.0851 1.0537 0.9384 0.9940
48 75 1.0667 0.9648 0.9924 1.0489 1.0751 1.0439 0.9296 0.9846
48 76 1.2083 1.0916 1.1237 1.1905 1.2221 1.1878 1.0584 1.1220
48 77 1.0296 0.9312 0.9579 1.0125 1.0378 1.0077 0.8974 0.9505
48 78 0.6769 0.6122 0.6297 0.6655 0.6821 0.6622 0.5897 0.6246
48 79 0.8101 0.7326 0.7536 0.7966 0.8166 0.7929 0.7061 0.7479
48 80 1.0800 0.9760 1.0045 1.0636 1.0914 1.0605 0.9448 1.0013
48 81 1.0305 0.9314 0.9585 1.0146 1.0409 1.0112 0.9009 0.9547
48 82 1.2472 1.1269 1.1599 1.2286 1.2612 1.2257 1.0921 1.1576
48 83 1.1327 1.0255 1.0542 1.1120 1.1384 1.1038 0.9817 1.0389
48 84 1.0375 0.9392 0.9655 1.0185 1.0427 1.0116 0.9004 0.9530
48 85 1.1609 1.0509 1.0804 1.1397 1.1667 1.1275 0.9982 1.0548
48 86 1.0049 0.9080 0.9346 0.9897 1.0157 0.9870 0.8793 0.9320
48 87 1.0769 0.9731 1.0016 1.0606 1.0885 1.0577 0.9423 0.9988
48 88 1.0527 0.9530 0.9797 1.0334 1.0579 1.0126 0.8845 0.9306
48 89 0.9535 0.8618 0.8869 0.9386 0.9629 0.9355 0.8334 0.8831
48 90 0.8454 0.7653 0.7867 0.8301 0.8499 0.8247 0.7340 0.7770
48 91 1.0452 0.9442 0.9720 1.0300 1.0575 1.0279 0.9160 0.9710
48 92 1.0539 0.9531 0.9805 1.0366 1.0627 1.0319 0.9190 0.9735
48 93 0.9204 0.8317 0.8560 0.9065 0.9303 0.9040 0.8054 0.8536
48 94 1.0457 0.9459 0.9729 1.0279 1.0533 1.0226 0.9105 0.9643
48 95 0.8951 0.8077 0.8321 0.8837 0.9086 0.8840 0.7882 0.8362
48 96 0.6633 0.5989 0.6167 0.6543 0.6723 0.6538 0.5827 0.6180
48 97 1.0310 0.9323 0.9591 1.0141 1.0397 1.0096 0.8992 0.9526
48 98 1.0686 0.9674 0.9944 1.0490 1.0739 1.0335 0.9097 0.9596
48 99 0.9913 0.8954 0.9218 0.9769 1.0030 0.9750 0.8688 0.9211
48 100 0.8558 0.7734 0.7960 0.8426 0.8646 0.8400 0.7483 0.7931
48 101 1.1587 1.0490 1.0783 1.1375 1.1645 1.0676 0.8820 0.9068
48 102 0.7808 0.7052 0.7261 0.7698 0.7907 0.7687 0.6850 0.7263
48 103 0.8367 0.7556 0.7780 0.8249 0.8472 0.8236 0.7340 0.7782
48 104 0.9698 0.8761 0.9019 0.9556 0.9811 0.9535 0.8496 0.9005
48 105 0.8612 0.7778 0.8008 0.8489 0.8718 0.8475 0.7552 0.8007
48 106 0.8943 0.8080 0.8317 0.8811 0.9046 0.8791 0.7833 0.8303
48 107 1.0804 0.9758 1.0047 1.0651 1.0938 1.0633 0.9475 1.0046
48 108 1.0327 0.9349 0.9611 1.0139 1.0379 1.0063 0.8949 0.9469
48 109 0.8823 0.7974 0.8206 0.8687 0.8913 0.8659 0.7714 0.8174
48 110 1.0231 0.9242 0.9514 1.0083 1.0353 1.0063 0.8967 0.9505
48 111 0.8903 0.8040 0.8278 0.8777 0.9016 0.8765 0.7811 0.8282
48 112 0.9577 0.8647 0.8904 0.9445 0.9704 0.9436 0.8410 0.8918
48 113 0.9068 0.8192 0.8433 0.8935 0.9173 0.8915 0.7943 0.8420
48 114 1.0983 0.9919 1.0213 1.0828 1.1122 1.0813 0.9636 1.0217
48 115 1.0775 0.9728 1.0018 1.0627 1.0919 1.0618 0.9463 1.0035
48 116 1.0326 0.9322 0.9600 1.0185 1.0465 1.0177 0.9071 0.9619
48 117 0.8950 0.8084 0.8323 0.8821 0.9058 0.8805 0.7846 0.8318
48 118 0.8895 0.8045 0.8276 0.8748 0.8968 0.8708 0.7755 0.8214
48 119 0.9487 0.8573 0.8823 0.9343 0.9589 0.9317 0.8301 0.8798
48 120 1.1147 1.0091 1.0373 1.0943 1.1204 1.0852 0.9637 1.0194
48 121 0.9516 0.8598 0.8850 0.9374 0.9622 0.9350 0.8331 0.8830
48 122 1.0538 0.9540 0.9807 1.0346 1.0592 1.0236 0.9062 0.9576
48 123 0.9273 0.8383 0.8626 0.9126 0.9361 0.9093 0.8100 0.8582
48 124 1.0679 0.9668 0.9939 1.0485 1.0734 1.0387 0.9212 0.9741
48 125 0.9455 0.8540 0.8793 0.9320 0.9572 0.9305 0.8292 0.8791
49 0 0.9433 0.8535 0.8774 0.9263 0.9489 0.9209 0.8197 0.8678
49 1 0.9335 0.8437 0.8680 0.9187 0.9428 0.9161 0.8161 0.8652
49 2 0.9332 0.8447 0.8682 0.9158 0.9375 0.9090 0.8085 0.8554
49 3 0.9824 0.8892 0.9140 0.9641 0.9870 0.9573 0.8518 0.9014
49 4 0.9848 0.8901 0.9158 0.9692 0.9944 0.9663 0.8609 0.9126
49 5 0.9104 0.8234 0.8468 0.8949 0.9172 0.8905 0.7931 0.8401
49 6 0.8616 0.7800 0.8018 0.8456 0.8655 0.8372 0.7423 0.7844
49 7 1.0278 0.9288 0.9558 1.0119 1.0384 1.0092 0.8992 0.9533
49 8 0.9467 0.8565 0.8807 0.9303 0.9531 0.9252 0.8238 0.8725
49 9 0.8807 0.7962 0.8191 0.8663 0.8884 0.8630 0.7687 0.8147
49 10 0.9767 0.8837 0.9087 0.9597 0.9832 0.9544 0.8498 0.9000
49 11 0.9132 0.8267 0.8498 0.8963 0.9175 0.8886 0.7892 0.8346
49 12 0.9698 0.8772 0.9022 0.9534 0.9773 0.9489 0.8451 0.8953
49 13 0.9664 0.8749 0.8993 0.9485 0.9708 0.9394 0.8332 0.8807
49 14 0.9906 0.8958 0.9215 0.9743 0.9989 0.9702 0.8641 0.9156
49 15 0.7933 0.7176 0.7381 0.7798 0.7991 0.7759 0.6909 0.7319
49 16 1.0504 0.9505 0.9773 1.0318 1.0569 1.0258 0.9133 0.9671
49 17 0.9556 0.8645 0.8890 0.9390 0.9621 0.9339 0.8316 0.8808
49 18 0.8745 0.7917 0.8138 0.8584 0.8786 0.8504 0.7546 0.7978
49 19 0.8325 0.7536 0.7747 0.8171 0.8363 0.8099 0.7191 0.7604
49 20 1.0500 0.9503 0.9771 1.0312 1.0560 1.0247 0.9122 0.9658
49 21 1.0839 0.9813 1.0087 1.0639 1.0889 1.0535 0.9342 0.9874
49 22 0.7482 0.6773 0.6962 0.7343 0.7516 0.7269 0.6442 0.6808
49 23 1.0102 0.9137 0.9398 0.9932 1.0180 0.9884 0.8802 0.9324
49 24 0.7878 0.7126 0.7329 0.7744 0.7936 0.7705 0.6861 0.7267
49 25 0.9492 0.8592 0.8833 0.9321 0.9544 0.9260 0.8243 0.8727
49 26 0.7406 0.6689 0.6887 0.7301 0.7499 0.7292 0.6499 0.6893
49 27 1.0585 0.9582 0.9850 1.0390 1.0634 1.0293 0.9132 0.9655
49 28 1.0815 0.9785 1.0063 1.0628 1.0888 1.0569 0.9411 0.9966
49 29 0.9732 0.8808 0.9056 0.9558 0.9788 0.9498 0.8456 0.8953
49 30 0.5735 0.5185 0.5334 0.5642 0.5786 0.5620 0.5006 0.5304
49 31 0.8402 0.7606 0.7819 0.8247 0.8442 0.8170 0.7248 0.7662
49 32 1.0592 0.9589 0.9857 1.0397 1.0642 1.0302 0.9142 0.9667
49 33 0.8291 0.7500 0.7714 0.8149 0.8350 0.8106 0.7218 0.7645
49 34 1.0818 0.9794 1.0068 1.0619 1.0869 1.0523 0.9341 0.9877
49 35 1.0428 0.9436 0.9703 1.0245 1.0494 1.0184 0.9067 0.9601
49 36 0.7864 0.7114 0.7317 0.7729 0.7920 0.7688 0.6846 0.7251
49 37 0.6957 0.6294 0.6473 0.6836 0.7003 0.6798 0.6053 0.6410
49 38 0.8384 0.7587 0.7801 0.8237 0.8437 0.8188 0.7290 0.7719
49 39 1.0120 0.9162 0.9418 0.9934 1.0168 0.9840 0.8730 0.9230
49 40 1.0934 0.9899 1.0176 1.0734 1.0988 1.0658 0.9486 1.0040
49 41 0.8114 0.7346 0.7551 0.7965 0.8153 0.7907 0.7035 0.7445
49 42 0.7203 0.6516 0.6701 0.7079 0.7254 0.7042 0.6271 0.6641
49 43 1.0572 0.9571 0.9839 1.0377 1.0622 1.0275 0.9111 0.9631
49 44 0.7943 0.7191 0.7393 0.7797 0.7981 0.7715 0.6833 0.7220
49 45 0.9569 0.8662 0.8905 0.9394 0.9617 0.9330 0.8305 0.8791
49 46 0.7784 0.7047 0.7245 0.7642 0.7822 0.7585 0.6748 0.7141
49 47 1.1024 0.9980 1.0259 1.0821 1.1076 1.0732 0.9537 1.0088
49 48 0.8770 0.7940 0.8162 0.8609 0.8812 0.8537 0.7585 0.8023
49 50 1.0837 0.9804 1.0083 1.0651 1.0913 1.0593 0.9433 0.9989
49 51 1.0556 0.9556 0.9824 1.0362 1.0607 1.0287 0.9152 0.9686
49 52 0.7694 0.6965 0.7160 0.7552 0.7730 0.7462 0.6598 0.6967
49 53 0.8814 0.7979 0.8202 0.8652 0.8856 0.8586 0.7635 0.8079
49 54 1.0653 0.9644 0.9914 1.0457 1.0703 1.0368 0.9210 0.9741
49 55 1.0338 0.9359 0.9621 1.0147 1.0386 0.9956 0.8716 0.9173
49 56 0.8567 0.7756 0.7973 0.8410 0.8608 0.8348 0.7427 0.7860
49 57 0.9521 0.8620 0.8861 0.9346 0.9566 0.9197 0.8086 0.8522
49 58 0.9557 0.8652 0.8894 0.9382 0.9603 0.9311 0.8282 0.8763
49 59 0.7330 0.6630 0.6820 0.7207 0.7387 0.7172 0.6386 0.6764
49 60 1.1354 1.0279 1.0567 1.1145 1.1408 1.1051 0.9816 1.0382
49 61 0.8787 0.7954 0.8177 0.8627 0.8831 0.8567 0.7625 0.8070
49 62 0.9966 0.9012 0.9271 0.9802 1.0049 0.9759 0.8691 0.9206
49 63 0.9394 0.8504 0.8742 0.9223 0.9441 0.9159 0.8152 0.8628
49 64 1.0061 0.9108 0.9363 0.9876 1.0109 0.9796 0.8707 0.9211
49 65 0.9287 0.8396 0.8639 0.9139 0.9372 0.9103 0.8108 0.8590
49 66 1.0340 0.9347 0.9618 1.0177 1.0439 1.0140 0.9032 0.9571
49 67 1.0049 0.9090 0.9349 0.9880 1.0126 0.9830 0.8753 0.9271
49 68 0.9401 0.8492 0.8743 0.9266 0.9515 0.9249 0.8242 0.8738
49 69 0.8367 0.7575 0.7787 0.8213 0.8407 0.8127 0.7200 0.7608
49 70 1.0825 0.9800 1.0074 1.0626 1.0876 1.0509 0.9303 0.9829
49 71 0.9946 0.8994 0.9253 0.9783 1.0030 0.9740 0.8675 0.9189
49 72 1.2169 1.1017 1.1325 1.1945 1.2226 1.1775 1.0376 1.0946
49 73 1.1181 1.0122 1.0406 1.0976 1.1234 1.0840 0.9578 1.0113
49 74 1.0871 0.9840 1.0117 1.0675 1.0930 1.0604 0.9439 0.9991
49 75 1.0234 0.9264 0.9524 1.0047 1.0285 0.9978 0.8881 0.9399
49 76 1.0346 0.9355 0.9625 1.0177 1.0435 1.0133 0.9024 0.9559
49 77 0.7913 0.7163 0.7364 0.7770 0.7954 0.7717 0.6868 0.7270
49 78 0.8128 0.7359 0.7565 0.7980 0.8168 0.7924 0.7052 0.7464
49 79 0.9110 0.8246 0.8478 0.8944 0.9157 0.8883 0.7907 0.8369
49 80 1.0206 0.9231 0.9495 1.0034 1.0284 0.9984 0.8890 0.9415
49 81 0.9921 0.8975 0.9231 0.9752 0.9992 0.9700 0.8636 0.9145
49 82 1.1423 1.0330 1.0627 1.1235 1.1518 1.1184 0.9960 1.0550
49 83 0.9620 0.8709 0.8953 0.9444 0.9666 0.9359 0.8309 0.8787
49 84 1.0416 0.9430 0.9694 1.0225 1.0466 1.0140 0.9009 0.9529
49 85 1.1884 1.0758 1.1060 1.1665 1.1940 1.1523 1.0183 1.0753
49 86 0.9783 0.8848 0.9102 0.9620 0.9860 0.9573 0.8525 0.9029
49 87 0.8900 0.8049 0.8280 0.8751 0.8970 0.8709 0.7755 0.8213
49 88 1.0951 0.9914 1.0192 1.0750 1.1003 1.0517 0.9170 0.9641
49 89 0.9814 0.8879 0.9132 0.9646 0.9884 0.9594 0.8542 0.9045
49 90 0.9205 0.8334 0.8567 0.9037 0.9250 0.8963 0.7965 0.8425
49 91 0.9991 0.9033 0.9294 0.9830 1.0080 0.9789 0.8718 0.9235
49 92 1.0144 0.9182 0.9440 0.9961 1.0199 0.9896 0.8808 0.9323
49 93 0.9587 0.8671 0.8919 0.9427 0.9662 0.9381 0.8354 0.8847
49 94 1.0555 0.9556 0.9823 1.0362 1.0607 1.0287 0.9154 0.9687
49 95 0.9466 0.8550 0.8803 0.9331 0.9582 0.9314 0.8300 0.8799
49 96 0.8135 0.7351 0.7566 0.8011 0.8221 0.7987 0.7116 0.7541
49 97 1.0002 0.9053 0.9308 0.9823 1.0058 0.9758 0.8686 0.9195
49 98 1.1377 1.0300 1.0588 1.1168 1.1432 1.0986 0.9653 1.0174
49 99 0.9720 0.8788 0.9042 0.9563 0.9807 0.9524 0.8482 0.8986
49 100 0.9288 0.8402 0.8641 0.9130 0.9356 0.9083 0.8087 0.8564
49 101 1.2146 1.0996 1.1304 1.1923 1.2204 1.1186 0.9240 0.9497
49 102 0.9529 0.8614 0.8864 0.9380 0.9622 0.9346 0.8324 0.8819
49 103 0.9170 0.8289 0.8530 0.9026 0.9259 0.8993 0.8010 0.8486
49 104 0.9935 0.8983 0.9242 0.9774 1.0022 0.9732 0.8667 0.9179
49 105 0.9342 0.8445 0.8689 0.9194 0.9430 0.9159 0.8157 0.8641
49 106 0.9523 0.8611 0.8859 0.9368 0.9604 0.9326 0.8305 0.8796
49 107 1.0245 0.9261 0.9530 1.0083 1.0342 1.0045 0.8946 0.9477
49 108 1.0032 0.9082 0.9336 0.9848 1.0080 0.9760 0.8663 0.9160
49 109 0.9136 0.8264 0.8500 0.8981 0.9203 0.8933 0.7953 0.8421
49 110 1.0268 0.9284 0.9552 1.0103 1.0361 1.0062 0.8961 0.9492
49 111 0.9435 0.8529 0.8776 0.9288 0.9528 0.9255 0.8243 0.8733
49 112 1.0704 0.9673 0.9955 1.0540 1.0815 1.0507 0.9359 0.9917
49 113 0.9559 0.8644 0.8893 0.9404 0.9642 0.9363 0.8338 0.8831
49 114 1.0751 0.9718 1.0000 1.0583 1.0856 1.0545 0.9392 0.9950
49 115 1.1041 0.9978 1.0269 1.0872 1.1156 1.0839 0.9655 1.0230
49 116 1.0312 0.9318 0.9591 1.0155 1.0421 1.0125 0.9020 0.9557
49 117 0.9420 0.8516 0.8763 0.9269 0.9506 0.9232 0.8222 0.8710
49 118 0.9958 0.9014 0.9267 0.9778 1.0010 0.9712 0.8644 0.9149
49 119 0.9775 0.8841 0.9094 0.9612 0.9852 0.9565 0.8517 0.9019
49 120 1.1595 1.0497 1.0791 1.1383 1.1651 1.1270 0.9990 1.0559
49 121 0.9816 0.8877 0.9132 0.9654 0.9896 0.9609 0.8556 0.9062
49 122 1.0907 0.9875 1.0151 1.0708 1.0960 1.0577 0.9346 0.9869
49 123 0.9641 0.8724 0.8971 0.9474 0.9705 0.9419 0.8385 0.8877
49 124 1.1049 1.0002 1.0283 1.0846 1.1102 1.0728 0.9497 1.0034
49 125 0.9746 0.8810 0.9065 0.9591 0.9837 0.9554 0.8509 0.9014
50 0 1.2096 1.0948 1.1252 1.1871 1.2154 1.1787 1.0483 1.1095
50 1 1.3100 1.1847 1.2183 1.2877 1.3202 1.2822 1.1419 1.2101
50 2 1.1341 1.0266 1.0552 1.1130 1.1393 1.1037 0.9803 1.0368
50 3 1.1979 1.0844 1.1146 1.1757 1.2035 1.1662 1.0363 1.0963
50 4 1.2752 1.1534 1.1862 1.2536 1.2851 1.2480 1.1115 1.1778
50 5 1.1376 1.0297 1.0585 1.1170 1.1438 1.1100 0.9881 1.0463
50 6 1.1546 1.0452 1.0744 1.1331 1.1597 1.1208 0.9924 1.0482
50 7 1.3544 1.2249 1.2598 1.3319 1.3656 1.3264 1.1814 1.2520
50 8 1.0974 0.9934 1.0211 1.0772 1.1028 1.0699 0.9522 1.0081
50 9 1.2679 1.1472 1.1796 1.2458 1.2764 1.2392 1.1035 1.1689
50 10 0.9622 0.8711 0.8954 0.9445 0.9670 0.9380 0.8347 0.8837
50 11 1.3218 1.1966 1.2301 1.2974 1.3279 1.2849 1.1396 1.2046
50 12 1.1933 1.0801 1.1104 1.1718 1.2000 1.1645 1.0367 1.0978
50 13 1.0721 0.9705 0.9976 1.0522 1.0769 1.0410 0.9221 0.9742
50 14 1.1245 1.0176 1.0463 1.1047 1.1316 1.0983 0.9779 1.0357
50 15 1.2078 1.0933 1.1239 1.1858 1.2141 1.1780 1.0487 1.1103
50 16 1.3214 1.1963 1.2297 1.2972 1.3279 1.2878 1.1457 1.2127
50 17 1.2081 1.0936 1.1242 1.1859 1.2141 1.1778 1.0483 1.1097
50 18 0.9731 0.8810 0.9056 0.9551 0.9776 0.9453 0.8377 0.8853
50 19 1.2980 1.1751 1.2080 1.2741 1.3040 1.2614 1.1185 1.1822
50 20 1.0541 0.9543 0.9810 1.0348 1.0592 1.0270 0.9134 0.9666
50 21 1.3800 1.2493 1.2842 1.3545 1.3863 1.3398 1.1864 1.2534
50 22 1.1910 1.0782 1.1083 1.1689 1.1964 1.1558 1.0230 1.0805
50 23 1.1886 1.0758 1.1061 1.1672 1.1952 1.1598 1.0325 1.0932
50 24 1.2207 1.1050 1.1359 1.1985 1.2271 1.1906 1.0599 1.1221
50 25 1.1579 1.0482 1.0775 1.1366 1.1634 1.1278 1.0029 1.0612
50 26 1.2424 1.1229 1.1556 1.2233 1.2553 1.2198 1.0868 1.1522
50 27 1.2768 1.1559 1.1882 1.2532 1.2827 1.2402 1.0988 1.1612
50 28 1.2968 1.1740 1.2068 1.2730 1.3032 1.2641 1.1250 1.1908
50 29 0.9424 0.8531 0.8770 0.9251 0.9469 0.9181 0.8166 0.8641
50 30 1.1716 1.0600 1.0901 1.1513 1.1795 1.1449 1.0195 1.0797
50 31 1.3060 1.1823 1.2154 1.2819 1.3120 1.2684 1.1237 1.1874
50 32 1.1886 1.0760 1.1061 1.1667 1.1941 1.1547 1.0233 1.0815
50 33 1.0952 0.9915 1.0192 1.0752 1.1007 1.0679 0.9506 1.0062
50 34 1.1722 1.0612 1.0909 1.1506 1.1776 1.1389 1.0095 1.0670
50 35 1.0804 0.9781 1.0055 1.0606 1.0857 1.0529 0.9367 0.9914
50 36 1.1713 1.0604 1.0900 1.1499 1.1771 1.1420 1.0165 1.0760
50 37 1.1595 1.0497 1.0791 1.1382 1.1651 1.1302 1.0057 1.0645
50 38 1.1903 1.0775 1.1077 1.1684 1.1960 1.1599 1.0319 1.0921
50 39 1.2338 1.1170 1.1482 1.2111 1.2395 1.1983 1.0616 1.1219
50 40 1.1704 1.0595 1.0892 1.1488 1.1759 1.1395 1.0127 1.0714
50 41 1.3598 1.2310 1.2654 1.3348 1.3662 1.3235 1.1758 1.2438
50 42 1.1699 1.0591 1.0887 1.1485 1.1757 1.1406 1.0153 1.0747
50 43 1.2604 1.1411 1.1730 1.2372 1.2662 1.2236 1.0835 1.1447
50 44 1.1899 1.0772 1.1074 1.1679 1.1953 1.1542 1.0209 1.0782
50 45 0.8436 0.7638 0.7851 0.8281 0.8477 0.8215 0.7303 0.7726
50 46 1.3564 1.2280 1.2624 1.3315 1.3628 1.3202 1.1728 1.2405
50 47 1.2311 1.1145 1.1457 1.2084 1.2368 1.1971 1.0623 1.1232
50 48 1.0698 0.9686 0.9957 1.0501 1.0748 1.0402 0.9229 0.9758
50 49 1.0906 0.9874 1.0150 1.0706 1.0958 1.0619 0.9439 0.9985
50 51 0.7526 0.6813 0.7004 0.7387 0.7561 0.7325 0.6508 0.6885
50 52 1.1490 1.0402 1.0694 1.1278 1.1543 1.1132 0.9828 1.0373
50 53 1.1841 1.0720 1.1020 1.1623 1.1896 1.1521 1.0231 1.0821
50 54 0.9139 0.8274 0.8505 0.8970 0.9181 0.8884 0.7881 0.8331
50 55 1.0889 0.9858 1.0134 1.0688 1.0939 1.0475 0.9158 0.9633
50 56 1.1753 1.0641 1.0938 1.1537 1.1809 1.1440 1.0164 1.0750
50 57 1.1220 1.0158 1.0442 1.1013 1.1272 1.0827 0.9505 1.0013
50 58 1.0993 0.9953 1.0231 1.0791 1.1045 1.0698 0.9502 1.0049
50 59 1.2038 1.0896 1.1202 1.1822 1.2105 1.1745 1.0455 1.1066
50 60 1.2699 1.1497 1.1818 1.2465 1.2758 1.2345 1.0951 1.1576
50 61 1.1519 1.0429 1.0720 1.1307 1.1574 1.1216 0.9970 1.0547
50 62 1.2446 1.1262 1.1581 1.2227 1.2523 1.2153 1.0818 1.1453
50 63 1.2374 1.1203 1.1516 1.2147 1.2433 1.2049 1.0710 1.1329
50 64 0.7965 0.7211 0.7413 0.7818 0.8002 0.7747 0.6876 0.7270
50 65 1.1965 1.0824 1.1132 1.1759 1.2048 1.1694 1.0412 1.1025
50 66 0.7954 0.7195 0.7400 0.7819 0.8012 0.7778 0.6925 0.7334
50 67 1.4970 1.3550 1.3931 1.4701 1.5052 1.4603 1.2999 1.3759
50 68 1.1206 1.0129 1.0423 1.1031 1.1316 1.0993 0.9792 1.0376
50 69 1.2272 1.1110 1.1421 1.2046 1.2329 1.1906 1.0532 1.1124
50 70 1.2332 1.1165 1.1477 1.2105 1.2389 1.1958 1.0571 1.1162
50 71 1.2137 1.0982 1.1293 1.1924 1.2213 1.1852 1.0551 1.1170
50 72 1.2028 1.0889 1.1194 1.1806 1.2083 1.1625 1.0230 1.0785
50 73 1.2329 1.1162 1.1475 1.2102 1.2386 1.1940 1.0535 1.1117
50 74 0.9158 0.8291 0.8523 0.8990 0.9202 0.8919 0.7930 0.8389
50 75 0.7775 0.7039 0.7236 0.7632 0.7812 0.7571 0.6729 0.7118
50 76 1.4815 1.3406 1.3785 1.4556 1.4910 1.4469 1.2881 1.3636
50 77 1.3495 1.2218 1.2560 1.3248 1.3559 1.3141 1.1682 1.2358
50 78 1.1387 1.0308 1.0597 1.1177 1.1440 1.1086 0.9853 1.0423
50 79 1.1370 1.0293 1.0581 1.1161 1.1424 1.1072 0.9842 1.0411
50 80 0.9389 0.8498 0.8737 0.9220 0.9440 0.9159 0.8152 0.8629
50 81 1.2778 1.1568 1.1892 1.2545 1.2842 1.2458 1.1088 1.1734
50 82 1.1935 1.0801 1.1106 1.1725 1.2008 1.1653 1.0373 1.0981
50 83 1.3525 1.2245 1.2587 1.3276 1.3588 1.3143 1.1651 1.2314
50 84 1.1052 1.0005 1.0285 1.0848 1.1103 1.0745 0.9533 1.0078
50 85 1.2736 1.1530 1.1853 1.2501 1.2795 1.2335 1.0885 1.1488
50 86 0.9652 0.8736 0.8982 0.9480 0.9707 0.9419 0.8384 0.8874
50 87 1.1642 1.0536 1.0833 1.1433 1.1708 1.1359 1.0111 1.0702
50 88 1.2095 1.0950 1.1257 1.1872 1.2151 1.1603 1.0103 1.0616
50 89 1.2753 1.1545 1.1869 1.2520 1.2815 1.2431 1.1063 1.1707
50 90 1.1262 1.0195 1.0481 1.1054 1.1314 1.0951 0.9718 1.0274
50 91 1.2914 1.1685 1.2016 1.2691 1.3001 1.2618 1.1233 1.1892
50 92 0.9535 0.8632 0.8874 0.9360 0.9580 0.9286 0.8256 0.8734
50 93 1.2272 1.1107 1.1420 1.2053 1.2342 1.1975 1.0659 1.1281
50 94 1.1214 1.0153 1.0437 1.1008 1.1267 1.0916 0.9699 1.0259
50 95 1.1755 1.0624 1.0933 1.1572 1.1872 1.1533 1.0273 1.0884
50 96 1.1673 1.0556 1.0859 1.1482 1.1771 1.1429 1.0177 1.0779
50 97 0.9339 0.8455 0.8692 0.9168 0.9384 0.9096 0.8088 0.8556
50 98 1.1307 1.0237 1.0523 1.1099 1.1359 1.0906 0.9568 1.0079
50 99 0.9627 0.8710 0.8957 0.9460 0.9692 0.9406 0.8374 0.8865
50 100 1.1481 1.0393 1.0685 1.1273 1.1541 1.1196 0.9965 1.0546
50 101 1.2600 1.1408 1.1727 1.2369 1.2659 1.1601 0.9582 0.9846
50 102 1.1511 1.0412 1.0709 1.1317 1.1597 1.1257 1.0022 1.0611
50 103 1.1371 1.0286 1.0580 1.1179 1.1456 1.1120 0.9900 1.0482
50 104 1.1600 1.0496 1.0793 1.1398 1.1676 1.1330 1.0086 1.0676
50 105 1.1847 1.0717 1.1022 1.1645 1.1932 1.1582 1.0311 1.0916
50 106 1.1948 1.0812 1.1118 1.1739 1.2024 1.1668 1.0386 1.0993
50 107 1.3146 1.1892 1.2231 1.2922 1.3241 1.2852 1.1442 1.2113
50 108 0.8663 0.7843 0.8063 0.8504 0.8704 0.8418 0.7461 0.7885
50 109 1.0644 0.9636 0.9906 1.0451 1.0699 1.0378 0.9236 0.9774
50 110 1.2714 1.1503 1.1830 1.2494 1.2800 1.2422 1.1059 1.1706
50 111 1.2782 1.1562 1.1892 1.2567 1.2879 1.2501 1.1130 1.1784
50 112 1.2300 1.1124 1.1443 1.2097 1.2401 1.2040 1.0720 1.1352
50 113 1.1826 1.0701 1.1004 1.1619 1.1901 1.1549 1.0281 1.0882
50 114 1.3389 1.2111 1.2457 1.3163 1.3489 1.3094 1.1658 1.2343
50 115 1.1561 1.0455 1.0755 1.1370 1.1656 1.1316 1.0076 1.0670
50 116 1.3242 1.1974 1.2319 1.3024 1.3352 1.2964 1.1544 1.2224
50 117 1.1093 1.0036 1.0321 1.0902 1.1170 1.0841 0.9651 1.0216
50 118 1.1114 1.0061 1.0343 1.0910 1.1167 1.0822 0.9620 1.0176
50 119 1.2865 1.1644 1.1972 1.2635 1.2937 1.2552 1.1172 1.1823
50 120 1.1485 1.0398 1.0689 1.1274 1.1539 1.1149 0.9869 1.0425
50 121 1.2633 1.1433 1.1756 1.2410 1.2709 1.2331 1.0976 1.1617
50 122 1.0760 0.9741 1.0014 1.0562 1.0810 1.0421 0.9195 0.9704
50 123 1.2140 1.0990 1.1298 1.1917 1.2198 1.1830 1.0525 1.1135
50 124 1.0915 0.9882 1.0158 1.0714 1.0966 1.0585 0.9357 0.9881
50 125 1.2473 1.1284 1.1605 1.2260 1.2562 1.2192 1.0854 1.1491
51 0 1.1242 1.0170 1.0456 1.1043 1.1315 1.0983 0.9776 1.0352
51 1 1.1931 1.0781 1.1094 1.1746 1.2056 1.1718 1.0440 1.1069
51 2 1.0734 0.9716 0.9987 1.0534 1.0784 1.0459 0.9305 0.9846
51 3 1.1181 1.0121 1.0403 1.0976 1.1237 1.0901 0.9702 1.0268
51 4 1.1406 1.0307 1.0606 1.1229 1.1524 1.1200 0.9979 1.0580
51 5 1.0611 0.9596 0.9870 1.0434 1.0697 1.0388 0.9251 0.9802
51 6 1.0957 0.9919 1.0196 1.0754 1.1007 1.0650 0.9446 0.9983
51 7 1.2194 1.1018 1.1340 1.2010 1.2328 1.1982 1.0678 1.1322
51 8 1.0148 0.9180 0.9441 0.9976 1.0223 0.9926 0.8839 0.9362
51 9 1.1697 1.0574 1.0880 1.1511 1.1808 1.1471 1.0219 1.0831
51 10 0.9091 0.8224 0.8457 0.8935 0.9156 0.8889 0.7916 0.8384
51 11 1.2292 1.1128 1.1439 1.2065 1.2349 1.1964 1.0630 1.1242
51 12 1.0930 0.9884 1.0167 1.0749 1.1021 1.0703 0.9532 1.0100
51 13 1.0130 0.9171 0.9427 0.9943 1.0177 0.9850 0.8739 0.9238
51 14 1.0064 0.9099 0.9361 0.9901 1.0154 0.9863 0.8786 0.9310
51 15 1.1313 1.0231 1.0524 1.1124 1.1402 1.1072 0.9860 1.0446
51 16 1.2168 1.1009 1.1321 1.1958 1.2251 1.1892 1.0589 1.1214
51 17 0.8795 0.7956 0.8182 0.8646 0.8861 0.8603 0.7661 0.8115
51 18 0.9422 0.8530 0.8768 0.9248 0.9466 0.9165 0.8136 0.8603
51 19 1.2186 1.1032 1.1341 1.1962 1.2243 1.1859 1.0533 1.1140
51 20 0.9471 0.8570 0.8812 0.9304 0.9531 0.9250 0.8235 0.8720
51 21 1.2884 1.1664 1.1990 1.2647 1.2944 1.2526 1.1112 1.1746
51 22 1.1320 1.0248 1.0535 1.1112 1.1373 1.1001 0.9754 1.0308
51 23 0.8182 0.7399 0.7612 0.8047 0.8250 0.8012 0.7135 0.7560
51 24 1.1459 1.0363 1.0660 1.1268 1.1550 1.1215 0.9988 1.0581
51 25 1.0834 0.9804 1.0081 1.0642 1.0899 1.0577 0.9416 0.9970
51 26 1.1627 1.0500 1.0811 1.1466 1.1780 1.1456 1.0212 1.0833
51 27 1.2001 1.0865 1.1168 1.1780 1.2058 1.1673 1.0361 1.0955
51 28 1.1887 1.0753 1.1059 1.1685 1.1975 1.1625 1.0352 1.0965
51 29 0.8452 0.7648 0.7865 0.8304 0.8506 0.8256 0.7350 0.7783
51 30 1.1134 1.0065 1.0357 1.0958 1.1241 1.0920 0.9728 1.0309
51 31 1.2304 1.1139 1.1450 1.2077 1.2362 1.1967 1.0621 1.1229
51 32 1.1349 1.0274 1.0562 1.1140 1.1403 1.1041 0.9802 1.0365
51 33 1.0489 0.9487 0.9758 1.0313 1.0570 1.0263 0.9140 0.9682
51 34 1.1194 1.0134 1.0418 1.0988 1.1247 1.0892 0.9672 1.0229
51 35 0.9200 0.8323 0.8560 0.9041 0.9263 0.8992 0.8006 0.8479
51 36 1.1129 1.0066 1.0354 1.0942 1.1215 1.0889 0.9697 1.0272
51 37 1.1049 0.9995 1.0280 1.0861 1.1130 1.0805 0.9622 1.0191
51 38 1.1223 1.0154 1.0442 1.1030 1.1300 1.0969 0.9767 1.0344
51 39 1.1793 1.0676 1.0975 1.1576 1.1849 1.1470 1.0180 1.0764
51 40 1.0324 0.9345 0.9607 1.0137 1.0378 1.0070 0.8963 0.9488
51 41 1.2744 1.1537 1.1860 1.2510 1.2806 1.2422 1.1056 1.1702
51 42 1.1124 1.0062 1.0349 1.0938 1.1210 1.0885 0.9693 1.0268
51 43 1.1901 1.0774 1.1075 1.1682 1.1957 1.1571 1.0264 1.0850
51 44 1.1414 1.0333 1.0622 1.1204 1.1468 1.1089 0.9825 1.0383
51 45 0.7485 0.6774 0.6965 0.7351 0.7527 0.7304 0.6502 0.6883
51 46 1.2766 1.1557 1.1880 1.2532 1.2828 1.2443 1.1074 1.1720
51 47 1.1752 1.0639 1.0937 1.1536 1.1808 1.1445 1.0174 1.0763
51 48 1.0424 0.9437 0.9701 1.0232 1.0474 1.0150 0.9022 0.9544
51 49 1.0529 0.9530 0.9798 1.0339 1.0586 1.0272 0.9144 0.9679
51 50 0.7475 0.6761 0.6954 0.7349 0.7532 0.7313 0.6512 0.6898
51 52 1.1066 1.0018 1.0299 1.0863 1.1119 1.0737 0.9496 1.0029
51 53 1.0397 0.9413 0.9676 1.0206 1.0447 1.0131 0.9013 0.9539
51 54 0.8610 0.7795 0.8013 0.8452 0.8651 0.8383 0.7449 0.7880
51 55 1.0514 0.9519 0.9785 1.0321 1.0564 1.0129 0.8871 0.9337
51 56 1.0183 0.9218 0.9476 0.9996 1.0232 0.9926 0.8834 0.9350
51 57 1.0818 0.9793 1.0067 1.0619 1.0869 1.0453 0.9194 0.9691
51 58 0.6851 0.6202 0.6375 0.6725 0.6884 0.6676 0.5940 0.6287
51 59 1.1492 1.0392 1.0691 1.1303 1.1588 1.1252 1.0021 1.0615
51 60 1.1947 1.0816 1.1119 1.1728 1.2005 1.1632 1.0337 1.0934
51 61 1.0327 0.9347 0.9610 1.0142 1.0385 1.0077 0.8970 0.9495
51 62 0.8749 0.7910 0.8138 0.8608 0.8827 0.8574 0.7636 0.8090
51 63 1.0688 0.9674 0.9946 1.0497 1.0748 1.0429 0.9283 0.9827
51 64 0.7143 0.6466 0.6647 0.7012 0.7177 0.6957 0.6186 0.6545
51 65 1.0129 0.9156 0.9422 0.9971 1.0228 0.9936 0.8851 0.9379
51 66 0.7788 0.7039 0.7244 0.7668 0.7867 0.7644 0.6809 0.7216
51 67 1.3918 1.2586 1.2948 1.3688 1.4032 1.3625 1.2134 1.2853
51 68 0.9905 0.8945 0.9210 0.9765 1.0030 0.9752 0.8691 0.9216
51 69 1.1775 1.0660 1.0958 1.1558 1.1831 1.1441 1.0139 1.0716
51 70 1.1884 1.0758 1.1060 1.1665 1.1940 1.1541 1.0221 1.0799
51 71 1.0107 0.9137 0.9401 0.9945 1.0198 0.9905 0.8822 0.9347
51 72 1.1524 1.0433 1.0725 1.1312 1.1579 1.1155 0.9833 1.0374
51 73 1.1709 1.0601 1.0897 1.1494 1.1765 1.1356 1.0038 1.0600
51 74 0.7318 0.6623 0.6810 0.7189 0.7362 0.7144 0.6360 0.6733
51 75 0.7037 0.6369 0.6549 0.6911 0.7077 0.6867 0.6112 0.6470
51 76 1.3852 1.2523 1.2885 1.3631 1.3979 1.3577 1.2093 1.2812
51 77 1.2915 1.1689 1.2018 1.2684 1.2989 1.2604 1.1219 1.1877
51 78 0.9919 0.8978 0.9231 0.9741 0.9974 0.9677 0.8614 0.9118
51 79 1.0137 0.9175 0.9433 0.9957 1.0196 0.9893 0.8807 0.9323
51 80 0.8080 0.7307 0.7517 0.7947 0.8147 0.7911 0.7045 0.7462
51 81 1.0220 0.9244 0.9508 1.0049 1.0300 1.0000 0.8905 0.9431
51 82 1.0316 0.9327 0.9596 1.0150 1.0408 1.0108 0.9003 0.9538
51 83 1.2882 1.1662 1.1989 1.2646 1.2944 1.2537 1.1135 1.1777
51 84 1.0807 0.9784 1.0058 1.0609 1.0859 1.0524 0.9354 0.9896
51 85 1.2089 1.0944 1.1251 1.1867 1.2147 1.1726 1.0367 1.0948
51 86 0.8643 0.7816 0.8041 0.8502 0.8717 0.8465 0.7538 0.7985
51 87 1.1268 1.0189 1.0482 1.1084 1.1363 1.1035 0.9827 1.0410
51 88 1.1657 1.0554 1.0849 1.1443 1.1713 1.1199 0.9768 1.0271
51 89 1.0546 0.9539 0.9812 1.0369 1.0627 1.0317 0.9187 0.9730
51 90 0.9620 0.8709 0.8953 0.9444 0.9667 0.9369 0.8329 0.8812
51 91 1.0403 0.9404 0.9677 1.0239 1.0502 1.0201 0.9086 0.9627
51 92 0.8605 0.7787 0.8007 0.8453 0.8657 0.8401 0.7479 0.7917
51 93 1.0322 0.9334 0.9602 1.0154 1.0410 1.0109 0.9003 0.9536
51 94 1.0944 0.9907 1.0185 1.0745 1.1000 1.0671 0.9498 1.0053
51 95 1.0376 0.9370 0.9648 1.0231 1.0510 1.0218 0.9106 0.9655
51 96 1.0297 0.9303 0.9576 1.0144 1.0413 1.0119 0.9016 0.9556
51 97 0.8399 0.7601 0.7815 0.8251 0.8451 0.8201 0.7301 0.7729
51 98 1.0922 0.9888 1.0165 1.0722 1.0975 1.0551 0.9273 0.9776
51 99 0.8761 0.7919 0.8149 0.8623 0.8845 0.8592 0.7653 0.8108
51 100 0.9884 0.8939 0.9195 0.9720 0.9963 0.9673 0.8614 0.9124
51 101 1.2022 1.0884 1.1188 1.1802 1.2080 1.1072 0.9145 0.9399
51 102 1.0346 0.9350 0.9623 1.0187 1.0453 1.0155 0.9046 0.9585
51 103 0.9951 0.8993 0.9255 0.9798 1.0053 0.9767 0.8700 0.9218
51 104 0.9889 0.8939 0.9198 0.9732 0.9981 0.9694 0.8634 0.9146
51 105 1.0324 0.9331 0.9602 1.0164 1.0428 1.0130 0.9024 0.9561
51 106 1.0424 0.9424 0.9697 1.0258 1.0520 1.0217 0.9100 0.9639
51 107 1.0914 0.9864 1.0152 1.0745 1.1024 1.0710 0.9540 1.0107
51 108 0.7827 0.7086 0.7284 0.7684 0.7865 0.7617 0.6764 0.7153
51 109 0.9704 0.8777 0.9028 0.9543 0.9781 0.9497 0.8456 0.8955
51 110 1.0844 0.9803 1.0087 1.0674 1.0949 1.0635 0.9473 1.0035
51 111 1.1311 1.0222 1.0520 1.1138 1.1429 1.1104 0.9891 1.0481
51 112 1.0861 0.9813 1.0101 1.0699 1.0981 1.0671 0.9506 1.0074
51 113 1.0463 0.9459 0.9732 1.0296 1.0560 1.0256 0.9134 0.9676
51 114 1.1204 1.0126 1.0421 1.1032 1.1320 1.0998 0.9797 1.0381
51 115 1.0496 0.9484 0.9762 1.0340 1.0613 1.0313 0.9188 0.9737
51 116 1.1137 1.0062 1.0357 1.0971 1.1262 1.0944 0.9750 1.0333
51 117 0.9843 0.8897 0.9156 0.9689 0.9939 0.9655 0.8600 0.9111
51 118 1.0073 0.9116 0.9373 0.9894 1.0132 0.9832 0.8752 0.9264
51 119 1.0588 0.9574 0.9850 1.0414 1.0677 1.0368 0.9233 0.9779
51 120 1.1298 1.0228 1.0514 1.1091 1.1353 1.0984 0.9741 1.0298
51 121 1.0722 0.9694 0.9974 1.0548 1.0816 1.0504 0.9355 0.9909
51 122 1.0626 0.9620 0.9889 1.0432 1.0678 1.0308 0.9112 0.9623
51 123 1.0339 0.9353 0.9619 1.0163 1.0414 1.0109 0.9000 0.9530
51 124 1.0776 0.9756 1.0029 1.0579 1.0829 1.0467 0.9270 0.9796
51 125 1.0876 0.9830 1.0116 1.0707 1.0984 1.0671 0.9505 1.0070
52 0 1.0749 0.9693 0.9987 1.0614 1.0919 1.0624 0.9470 1.0045
52 1 1.1007 0.9915 1.0223 1.0894 1.1227 1.0938 0.9758 1.0366
52 2 0.8381 0.7564 0.7790 0.8267 0.8496 0.8261 0.7361 0.7803
52 3 1.0861 0.9800 1.0095 1.0717 1.1017 1.0715 0.9549 1.0125
52 4 1.1091 0.9991 1.0303 1.0978 1.1313 1.1022 0.9834 1.0446
52 5 1.0176 0.9174 0.9455 1.0060 1.0356 1.0082 0.8992 0.9545
52 6 0.9149 0.8270 0.8509 0.9003 0.9233 0.8966 0.7982 0.8450
52 7 1.1458 1.0320 1.0644 1.1346 1.1695 1.1396 1.0170 1.0804
52 8 1.0676 0.9627 0.9921 1.0551 1.0858 1.0569 0.9425 1.0003
52 9 1.0155 0.9151 0.9435 1.0047 1.0349 1.0081 0.8993 0.9551
52 10 1.0804 0.9742 1.0040 1.0676 1.0986 1.0693 0.9536 1.0121
52 11 1.0242 0.9251 0.9523 1.0092 1.0362 1.0070 0.8971 0.9506
52 12 1.0483 0.9450 0.9741 1.0366 1.0672 1.0392 0.9269 0.9841
52 13 1.0742 0.9708 0.9991 1.0574 1.0848 1.0536 0.9382 0.9937
52 14 1.0895 0.9819 1.0123 1.0777 1.1099 1.0810 0.9644 1.0241
52 15 0.9954 0.8974 0.9250 0.9841 1.0130 0.9863 0.8797 0.9339
52 16 1.1515 1.0385 1.0702 1.1377 1.1706 1.1393 1.0160 1.0783
52 17 1.0900 0.9829 1.0130 1.0774 1.1088 1.0795 0.9627 1.0220
52 18 0.9594 0.8669 0.8923 0.9448 0.9696 0.9421 0.8391 0.8890
52 19 1.0359 0.9358 0.9633 1.0206 1.0478 1.0182 0.9071 0.9613
52 20 1.1601 1.0465 1.0783 1.1460 1.1788 1.1472 1.0230 1.0855
52 21 0.7176 0.6487 0.6675 0.7063 0.7245 0.7037 0.6267 0.6638
52 22 0.9608 0.8687 0.8937 0.9452 0.9693 0.9413 0.8381 0.8875
52 23 1.1218 1.0113 1.0424 1.1094 1.1423 1.1123 0.9922 1.0535
52 24 0.9957 0.8977 0.9253 0.9845 1.0136 0.9869 0.8803 0.9346
52 25 1.0739 0.9688 0.9982 1.0607 1.0910 1.0617 0.9467 1.0046
52 26 1.0295 0.9267 0.9562 1.0209 1.0535 1.0274 0.9173 0.9752
52 27 1.1534 1.0423 1.0727 1.1358 1.1656 1.1325 1.0088 1.0689
52 28 1.1701 1.0551 1.0874 1.1566 1.1904 1.1589 1.0336 1.0973
52 29 1.0886 0.9819 1.0118 1.0754 1.1064 1.0769 0.9603 1.0192
52 30 0.9063 0.8167 0.8421 0.8969 0.9241 0.9002 0.8033 0.8532
52 31 0.6163 0.5570 0.5732 0.6068 0.6227 0.6050 0.5389 0.5711
52 32 0.8708 0.7868 0.8099 0.8577 0.8803 0.8555 0.7621 0.8076
52 33 1.0376 0.9355 0.9643 1.0259 1.0561 1.0283 0.9173 0.9739
52 34 0.8973 0.8107 0.8344 0.8839 0.9074 0.8818 0.7856 0.8327
52 35 1.1343 1.0230 1.0542 1.1209 1.1535 1.1229 1.0015 1.0631
52 36 1.0498 0.9465 0.9756 1.0379 1.0685 1.0404 0.9281 0.9854
52 37 0.9399 0.8476 0.8735 0.9291 0.9563 0.9311 0.8305 0.8817
52 38 1.0139 0.9144 0.9423 1.0019 1.0311 1.0037 0.8952 0.9503
52 39 0.8842 0.7991 0.8224 0.8707 0.8936 0.8682 0.7735 0.8196
52 40 1.1833 1.0677 1.0999 1.1683 1.2014 1.1690 1.0423 1.1060
52 41 0.8271 0.7464 0.7689 0.8164 0.8393 0.8166 0.7280 0.7724
52 42 0.9984 0.9002 0.9279 0.9872 1.0164 0.9897 0.8828 0.9374
52 43 1.1481 1.0378 1.0679 1.1300 1.1593 1.1262 1.0031 1.0628
52 44 0.5259 0.4756 0.4892 0.5172 0.5302 0.5148 0.4584 0.4855
52 45 1.0591 0.9555 0.9845 1.0459 1.0758 1.0469 0.9335 0.9907
52 46 0.8689 0.7842 0.8078 0.8576 0.8817 0.8578 0.7648 0.8114
52 47 0.8881 0.8020 0.8258 0.8757 0.8997 0.8749 0.7797 0.8269
52 48 1.0577 0.9552 0.9835 1.0429 1.0713 1.0417 0.9284 0.9845
52 49 0.8428 0.7604 0.7834 0.8322 0.8559 0.8329 0.7427 0.7882
52 50 1.1715 1.0563 1.0887 1.1583 1.1925 1.1612 1.0358 1.0998
52 51 1.1324 1.0219 1.0527 1.1179 1.1494 1.1183 0.9971 1.0580
52 53 1.0413 0.9400 0.9681 1.0275 1.0562 1.0274 0.9160 0.9717
52 54 1.1511 1.0396 1.0703 1.1347 1.1656 1.1332 1.0100 1.0710
52 55 1.1135 1.0080 1.0362 1.0933 1.1197 1.0787 0.9506 1.0027
52 56 1.0037 0.9058 0.9330 0.9908 1.0188 0.9912 0.8838 0.9377
52 57 0.8607 0.7791 0.8009 0.8451 0.8655 0.8364 0.7402 0.7820
52 58 1.1346 1.0240 1.0548 1.1198 1.1512 1.1199 0.9984 1.0592
52 59 0.9484 0.8549 0.8814 0.9381 0.9661 0.9410 0.8395 0.8915
52 60 1.2219 1.1036 1.1362 1.2046 1.2374 1.2031 1.0722 1.1370
52 61 1.0391 0.9375 0.9659 1.0262 1.0555 1.0272 0.9160 0.9721
52 62 1.1846 1.0676 1.1007 1.1722 1.2075 1.1763 1.0495 1.1148
52 63 1.0659 0.9616 0.9908 1.0526 1.0827 1.0537 0.9396 0.9972
52 64 1.1407 1.0299 1.0606 1.1251 1.1562 1.1245 1.0023 1.0632
52 65 1.0390 0.9361 0.9654 1.0286 1.0600 1.0328 0.9217 0.9792
52 66 1.0994 0.9904 1.0214 1.0886 1.1221 1.0935 0.9759 1.0369
52 67 0.7604 0.6855 0.7067 0.7521 0.7746 0.7544 0.6730 0.7148
52 68 1.0759 0.9685 0.9993 1.0669 1.1009 1.0736 0.9585 1.0190
52 69 0.5149 0.4657 0.4790 0.5065 0.5193 0.5044 0.4492 0.4759
52 70 0.9152 0.8280 0.8515 0.8997 0.9221 0.8953 0.7972 0.8443
52 71 1.1756 1.0595 1.0924 1.1634 1.1986 1.1676 1.0419 1.1067
52 72 1.1915 1.0786 1.1088 1.1700 1.1983 1.1600 1.0292 1.0883
52 73 1.2111 1.0963 1.1270 1.1893 1.2180 1.1814 1.0510 1.1124
52 74 1.1606 1.0470 1.0788 1.1465 1.1796 1.1481 1.0239 1.0868
52 75 1.1296 1.0192 1.0501 1.1157 1.1477 1.1169 0.9961 1.0572
52 76 0.7218 0.6505 0.6707 0.7143 0.7360 0.7170 0.6398 0.6796
52 77 0.8807 0.7946 0.8186 0.8699 0.8949 0.8710 0.7767 0.8244
52 78 0.9577 0.8641 0.8902 0.9458 0.9729 0.9468 0.8443 0.8961
52 79 1.0234 0.9233 0.9513 1.0109 1.0399 1.0121 0.9026 0.9581
52 80 1.2261 1.1052 1.1394 1.2128 1.2490 1.2165 1.0854 1.1527
52 81 1.2013 1.0830 1.1164 1.1879 1.2231 1.1912 1.0627 1.1285
52 82 1.2221 1.1014 1.1356 1.2093 1.2458 1.2137 1.0829 1.1503
52 83 0.7222 0.6524 0.6716 0.7116 0.7308 0.7104 0.6331 0.6713
52 84 0.7744 0.6994 0.7201 0.7636 0.7846 0.7630 0.6801 0.7213
52 85 1.2377 1.1204 1.1518 1.2155 1.2449 1.2077 1.0746 1.1375
52 86 1.1828 1.0661 1.0991 1.1701 1.2052 1.1740 1.0475 1.1125
52 87 0.7295 0.6576 0.6779 0.7217 0.7434 0.7241 0.6460 0.6862
52 88 1.1231 1.0166 1.0451 1.1029 1.1296 1.0852 0.9525 1.0039
52 89 1.2024 1.0840 1.1174 1.1889 1.2242 1.1921 1.0635 1.1293
52 90 1.1460 1.0348 1.0655 1.1302 1.1614 1.1295 1.0069 1.0681
52 91 1.2036 1.0846 1.1183 1.1914 1.2278 1.1963 1.0675 1.1341
52 92 1.1951 1.0781 1.1108 1.1807 1.2148 1.1825 1.0546 1.1195
52 93 1.1815 1.0650 1.0979 1.1689 1.2040 1.1728 1.0464 1.1114
52 94 0.7747 0.6990 0.7201 0.7649 0.7867 0.7655 0.6826 0.7245
52 95 1.0317 0.9286 0.9583 1.0232 1.0560 1.0299 0.9196 0.9777
52 96 0.9452 0.8512 0.8781 0.9365 0.9658 0.9415 0.8404 0.8932
52 97 1.1807 1.0651 1.0975 1.1666 1.2004 1.1685 1.0422 1.1064
52 98 1.0741 0.9723 0.9995 1.0548 1.0804 1.0437 0.9233 0.9757
52 99 1.2121 1.0922 1.1262 1.1999 1.2366 1.2049 1.0753 1.1424
52 100 1.0254 0.9244 0.9529 1.0142 1.0444 1.0172 0.9075 0.9638
52 101 1.0173 0.9209 0.9467 0.9991 1.0233 0.9384 0.7754 0.7976
52 102 1.0507 0.9465 0.9761 1.0405 1.0727 1.0454 0.9330 0.9913
52 103 1.0172 0.9164 0.9451 1.0074 1.0385 1.0121 0.9032 0.9597
52 104 1.1486 1.0350 1.0672 1.1368 1.1715 1.1414 1.0185 1.0819
52 105 1.0323 0.9300 0.9591 1.0222 1.0537 1.0268 0.9164 0.9736
52 106 1.0428 0.9398 0.9690 1.0321 1.0635 1.0361 0.9245 0.9820
52 107 1.2140 1.0937 1.1279 1.2021 1.2391 1.2075 1.0776 1.1450
52 108 1.0862 0.9814 1.0102 1.0703 1.0991 1.0685 0.9523 1.0097
52 109 1.0271 0.9260 0.9545 1.0159 1.0462 1.0189 0.9090 0.9653
52 110 1.1994 1.0807 1.1144 1.1874 1.2237 1.1924 1.0640 1.1304
52 111 1.0275 0.9256 0.9546 1.0177 1.0492 1.0225 0.9126 0.9697
52 112 1.1263 1.0144 1.0463 1.1159 1.1508 1.1217 1.0013 1.0641
52 113 1.0394 0.9366 0.9658 1.0288 1.0601 1.0328 0.9216 0.9791
52 114 1.2325 1.1103 1.1451 1.2206 1.2584 1.2265 1.0946 1.1631
52 115 1.1561 1.0412 1.0740 1.1454 1.1813 1.1515 1.0278 1.0923
52 116 1.2253 1.1035 1.1383 1.2141 1.2522 1.2207 1.0896 1.1581
52 117 1.0175 0.9167 0.9453 1.0074 1.0383 1.0118 0.9029 0.9593
52 118 1.0692 0.9646 0.9939 1.0563 1.0868 1.0579 0.9435 1.0016
52 119 1.2086 1.0894 1.1231 1.1957 1.2317 1.1998 1.0705 1.1371
52 120 1.1134 1.0066 1.0357 1.0959 1.1244 1.0925 0.9733 1.0317
52 121 1.1996 1.0811 1.1147 1.1870 1.2229 1.1914 1.0631 1.1293
52 122 1.0591 0.9587 0.9856 1.0402 1.0655 1.0337 0.9198 0.9738
52 123 1.1765 1.0609 1.0934 1.1631 1.1975 1.1661 1.0402 1.1046
52 124 1.0693 0.9673 0.9948 1.0512 1.0777 1.0465 0.9320 0.9874
52 125 1.0385 0.9356 0.9649 1.0283 1.0600 1.0330 0.9219 0.9795
53 0 0.9878 0.8933 0.9186 0.9707 0.9948 0.9658 0.8598 0.9106
53 1 0.9861 0.8909 0.9168 0.9712 0.9972 0.9694 0.8637 0.9159
53 2 0.9811 0.8880 0.9128 0.9631 0.9860 0.9566 0.8513 0.9009
53 3 1.0089 0.9130 0.9386 0.9907 1.0146 0.9845 0.8763 0.9276
53 4 0.9573 0.8649 0.8901 0.9429 0.9679 0.9409 0.8384 0.8890
53 5 1.0858 0.9817 1.0099 1.0681 1.0953 1.0639 0.9476 1.0042
53 6 0.9200 0.8329 0.8561 0.9029 0.9242 0.8946 0.7938 0.8390
53 7 1.0717 0.9681 0.9965 1.0559 1.0842 1.0541 0.9394 0.9963
53 8 0.9394 0.8495 0.8739 0.9238 0.9470 0.9197 0.8191 0.8677
53 9 0.9587 0.8665 0.8917 0.9438 0.9685 0.9411 0.8385 0.8888
53 10 0.9864 0.8921 0.9176 0.9700 0.9943 0.9655 0.8598 0.9109
53 11 0.9884 0.8948 0.9198 0.9701 0.9930 0.9624 0.8554 0.9048
53 12 0.8460 0.7649 0.7869 0.8324 0.8537 0.8292 0.7386 0.7827
53 13 0.9764 0.8840 0.9087 0.9584 0.9810 0.9498 0.8431 0.8913
53 14 1.2101 1.0938 1.1255 1.1910 1.2218 1.1871 1.0575 1.1209
53 15 0.8793 0.7951 0.8179 0.8650 0.8869 0.8614 0.7672 0.8130
53 16 1.0910 0.9869 1.0150 1.0726 1.0992 1.0673 0.9504 1.0067
53 17 0.9222 0.8340 0.8579 0.9069 0.9297 0.9029 0.8041 0.8519
53 18 0.7284 0.6594 0.6779 0.7150 0.7319 0.7089 0.6296 0.6658
53 19 0.9291 0.8411 0.8646 0.9120 0.9335 0.9045 0.8038 0.8502
53 20 1.2221 1.1056 1.1370 1.2011 1.2307 1.1947 1.0638 1.1266
53 21 1.1208 1.0147 1.0430 1.1002 1.1261 1.0901 0.9674 1.0228
53 22 0.9842 0.8910 0.9159 0.9661 0.9888 0.9569 0.8488 0.8971
53 23 1.2461 1.1266 1.1591 1.2260 1.2573 1.2213 1.0878 1.1527
53 24 0.9753 0.8818 0.9072 0.9594 0.9838 0.9555 0.8511 0.9017
53 25 0.7740 0.7003 0.7202 0.7606 0.7793 0.7564 0.6735 0.7132
53 26 0.8947 0.8077 0.8318 0.8826 0.9071 0.8824 0.7866 0.8346
53 27 1.0965 0.9926 1.0204 1.0763 1.1017 1.0669 0.9474 1.0019
53 28 1.1231 1.0157 1.0448 1.1044 1.1322 1.0994 0.9791 1.0372
53 29 0.8221 0.7437 0.7648 0.8080 0.8279 0.8037 0.7157 0.7580
53 30 0.8778 0.7934 0.8164 0.8643 0.8869 0.8617 0.7678 0.8138
53 31 1.0590 0.9587 0.9855 1.0395 1.0640 1.0304 0.9149 0.9675
53 32 1.0972 0.9933 1.0210 1.0770 1.1024 1.0678 0.9485 1.0031
53 33 0.8481 0.7669 0.7889 0.8342 0.8553 0.8306 0.7398 0.7838
53 34 1.0828 0.9803 1.0077 1.0629 1.0880 1.0541 0.9364 0.9905
53 35 1.1711 1.0593 1.0895 1.1514 1.1801 1.1457 1.0203 1.0807
53 36 0.6834 0.6180 0.6358 0.6722 0.6892 0.6693 0.5961 0.6316
53 37 0.9008 0.8147 0.8381 0.8859 0.9081 0.8818 0.7853 0.8319
53 38 0.7667 0.6935 0.7133 0.7538 0.7725 0.7501 0.6679 0.7075
53 39 1.0414 0.9427 0.9691 1.0222 1.0464 1.0133 0.8997 0.9515
53 40 1.2359 1.1184 1.1500 1.2140 1.2433 1.2066 1.0741 1.1373
53 41 1.1125 1.0070 1.0353 1.0925 1.1186 1.0854 0.9662 1.0228
53 42 0.8237 0.7449 0.7663 0.8102 0.8307 0.8068 0.7186 0.7613
53 43 1.0930 0.9895 1.0172 1.0729 1.0982 1.0631 0.9434 0.9975
53 44 1.0348 0.9368 0.9630 1.0158 1.0398 1.0057 0.8915 0.9423
53 45 1.0952 0.9910 1.0191 1.0761 1.1022 1.0698 0.9524 1.0085
53 46 1.1251 1.0184 1.0470 1.1048 1.1312 1.0975 0.9770 1.0342
53 47 1.1272 1.0205 1.0490 1.1065 1.1327 1.0982 0.9767 1.0335
53 48 0.7154 0.6477 0.6658 0.7023 0.7189 0.6969 0.6197 0.6557
53 49 0.8680 0.7855 0.8077 0.8528 0.8734 0.8476 0.7546 0.7990
53 50 1.2228 1.1058 1.1375 1.2027 1.2330 1.1974 1.0665 1.1298
53 51 1.0528 0.9529 0.9797 1.0339 1.0587 1.0273 0.9145 0.9681
53 52 1.0036 0.9085 0.9340 0.9851 1.0084 0.9741 0.8619 0.9105
53 54 1.1851 1.0729 1.1029 1.1634 1.1908 1.1543 1.0262 1.0858
53 55 1.0592 0.9589 0.9857 1.0397 1.0642 1.0208 0.8944 0.9415
53 56 0.8795 0.7960 0.8184 0.8637 0.8844 0.8581 0.7639 0.8087
53 57 1.0545 0.9547 0.9814 1.0351 1.0595 1.0194 0.8970 0.9456
53 58 0.9615 0.8704 0.8948 0.9441 0.9665 0.9377 0.8346 0.8834
53 59 1.0247 0.9264 0.9532 1.0083 1.0340 1.0043 0.8946 0.9478
53 60 1.1843 1.0722 1.1022 1.1626 1.1900 1.1535 1.0255 1.0850
53 61 0.6898 0.6242 0.6419 0.6777 0.6942 0.6737 0.5998 0.6350
53 62 1.1013 0.9955 1.0244 1.0841 1.1121 1.0803 0.9624 1.0198
53 63 0.8838 0.7997 0.8224 0.8683 0.8894 0.8631 0.7684 0.8136
53 64 1.0953 0.9916 1.0193 1.0752 1.1006 1.0673 0.9495 1.0048
53 65 0.8678 0.7842 0.8071 0.8546 0.8769 0.8521 0.7592 0.8046
53 66 1.1261 1.0175 1.0473 1.1092 1.1385 1.1064 0.9858 1.0449
53 67 1.2471 1.1275 1.1601 1.2270 1.2583 1.2221 1.0885 1.1532
53 68 0.6079 0.5489 0.5652 0.5996 0.6161 0.5992 0.5341 0.5664
53 69 1.0570 0.9569 0.9837 1.0376 1.0621 1.0274 0.9110 0.9629
53 70 1.1045 0.9999 1.0279 1.0842 1.1098 1.0731 0.9508 1.0048
53 71 1.0777 0.9741 1.0024 1.0609 1.0884 1.0573 0.9419 0.9981
53 72 1.1452 1.0368 1.0658 1.1242 1.1508 1.1090 0.9781 1.0321
53 73 1.1598 1.0500 1.0794 1.1386 1.1654 1.1253 0.9952 1.0510
53 74 1.0949 0.9907 1.0188 1.0760 1.1024 1.0700 0.9526 1.0087
53 75 1.0854 0.9822 1.0100 1.0664 1.0924 1.0602 0.9438 0.9993
53 76 1.2516 1.1312 1.1641 1.2321 1.2640 1.2280 1.0939 1.1592
53 77 0.9146 0.8275 0.8510 0.8986 0.9205 0.8934 0.7954 0.8422
53 78 0.6075 0.5497 0.5653 0.5968 0.6113 0.5932 0.5281 0.5592
53 79 0.7504 0.6790 0.6983 0.7374 0.7553 0.7331 0.6527 0.6911
53 80 1.1083 1.0021 1.0310 1.0905 1.1183 1.0862 0.9674 1.0250
53 81 1.0475 0.9472 0.9744 1.0304 1.0564 1.0259 0.9137 0.9679
53 82 1.2914 1.1673 1.2012 1.2711 1.3039 1.2666 1.1283 1.1956
53 83 1.1684 1.0577 1.0874 1.1470 1.1741 1.1376 1.0108 1.0693
53 84 1.0601 0.9597 0.9866 1.0407 1.0653 1.0327 0.9184 0.9717
53 85 1.1920 1.0791 1.1093 1.1701 1.1977 1.1567 1.0231 1.0806
53 86 1.0150 0.9176 0.9442 0.9989 1.0244 0.9950 0.8863 0.9390
53 87 1.1047 0.9987 1.0276 1.0871 1.1149 1.0829 0.9646 1.0220
53 88 1.0770 0.9750 1.0023 1.0573 1.0822 1.0351 0.9032 0.9499
53 89 0.9506 0.8597 0.8844 0.9351 0.9587 0.9309 0.8291 0.8782
53 90 0.8583 0.7770 0.7988 0.8426 0.8625 0.8363 0.7438 0.7871
53 91 1.0663 0.9636 0.9917 1.0499 1.0772 1.0466 0.9324 0.9880
53 92 1.0710 0.9690 0.9966 1.0526 1.0783 1.0467 0.9319 0.9868
53 93 0.9119 0.8244 0.8483 0.8974 0.9204 0.8940 0.7963 0.8436
53 94 1.0720 0.9702 0.9976 1.0530 1.0783 1.0464 0.9315 0.9861
53 95 0.8421 0.7602 0.7829 0.8307 0.8536 0.8301 0.7399 0.7847
53 96 0.6169 0.5572 0.5737 0.6080 0.6243 0.6069 0.5408 0.5733
53 97 1.0437 0.9443 0.9711 1.0258 1.0509 1.0201 0.9083 0.9618
53 98 1.0936 0.9901 1.0178 1.0736 1.0990 1.0568 0.9293 0.9798
53 99 0.9984 0.9023 0.9286 0.9831 1.0088 0.9801 0.8732 0.9253
53 100 0.9011 0.8148 0.8383 0.8865 0.9090 0.8828 0.7863 0.8329
53 101 1.1876 1.0751 1.1052 1.1658 1.1934 1.0938 0.9034 0.9284
53 102 0.7409 0.6695 0.6891 0.7299 0.7492 0.7280 0.6486 0.6874
53 103 0.7819 0.7065 0.7272 0.7702 0.7906 0.7682 0.6844 0.7253
53 104 0.8984 0.8120 0.8356 0.8845 0.9075 0.8816 0.7853 0.8321
53 105 0.8014 0.7242 0.7454 0.7894 0.8101 0.7872 0.7013 0.7432
53 106 0.8360 0.7556 0.7776 0.8230 0.8443 0.8202 0.7306 0.7741
53 107 1.1060 0.9994 1.0286 1.0894 1.1180 1.0864 0.9678 1.0257
53 108 1.0399 0.9414 0.9678 1.0209 1.0451 1.0125 0.8995 0.9515
53 109 0.8724 0.7888 0.8116 0.8582 0.8800 0.8546 0.7611 0.8062
53 110 0.9682 0.8750 0.9005 0.9534 0.9783 0.9505 0.8467 0.8972
53 111 0.8417 0.7604 0.7828 0.8291 0.8511 0.8271 0.7369 0.7810
53 112 0.9000 0.8130 0.8370 0.8869 0.9106 0.8851 0.7886 0.8360
53 113 0.8549 0.7727 0.7952 0.8417 0.8635 0.8389 0.7473 0.7918
53 114 1.0287 0.9295 0.9567 1.0134 1.0402 1.0108 0.9006 0.9545
53 115 0.9147 0.8262 0.8506 0.9014 0.9255 0.8996 0.8016 0.8497
53 116 0.9798 0.8850 0.9111 0.9656 0.9915 0.9638 0.8588 0.9104
53 117 0.8548 0.7725 0.7951 0.8418 0.8639 0.8393 0.7477 0.7924
53 118 0.8530 0.7718 0.7937 0.8382 0.8587 0.8334 0.7420 0.7856
53 119 1.0663 0.9641 0.9919 1.0493 1.0762 1.0453 0.9310 0.9863
53 120 1.1276 1.0208 1.0494 1.1070 1.1332 1.0968 0.9731 1.0289
53 121 0.9054 0.8184 0.8422 0.8911 0.9141 0.8879 0.7909 0.8379
53 122 1.0646 0.9638 0.9908 1.0452 1.0699 1.0332 0.9138 0.9652
53 123 0.8880 0.8031 0.8261 0.8732 0.8951 0.8691 0.7739 0.8197
53 124 1.0785 0.9764 1.0037 1.0588 1.0839 1.0480 0.9286 0.9815
53 125 0.9058 0.8185 0.8425 0.8921 0.9156 0.8897 0.7926 0.8399
54 0 1.0973 0.9918 1.0203 1.0793 1.1070 1.0752 0.9574 1.0142
54 1 1.1599 1.0472 1.0781 1.1434 1.1748 1.1425 1.0183 1.0802
54 2 0.9576 0.8663 0.8908 0.9409 0.9640 0.9356 0.8329 0.8817
54 3 0.9642 0.8721 0.8969 0.9478 0.9713 0.9429 0.8395 0.8889
54 4 1.1054 0.9981 1.0277 1.0898 1.1196 1.0888 0.9704 1.0294
54 5 1.0371 0.9371 0.9644 1.0211 1.0479 1.0183 0.9073 0.9617
54 6 1.0791 0.9769 1.0041 1.0591 1.0840 1.0501 0.9328 0.9862
54 7 1.0409 0.9398 0.9677 1.0266 1.0549 1.0260 0.9146 0.9704
54 8 0.9894 0.8943 0.9202 0.9739 0.9991 0.9707 0.8647 0.9164
54 9 1.1406 1.0302 1.0605 1.1239 1.1541 1.1220 0.9999 1.0603
54 10 0.8088 0.7311 0.7522 0.7960 0.8166 0.7933 0.7067 0.7489
54 11 1.2052 1.0911 1.1215 1.1830 1.2110 1.1745 1.0451 1.1058
54 12 1.0639 0.9614 0.9894 1.0478 1.0754 1.0451 0.9312 0.9871
54 13 0.9004 0.8151 0.8379 0.8837 0.9046 0.8765 0.7789 0.8237
54 14 0.9750 0.8809 0.9067 0.9606 0.9862 0.9586 0.8542 0.9057
54 15 1.1068 1.0002 1.0293 1.0898 1.1183 1.0866 0.9681 1.0262
54 16 0.9415 0.8511 0.8757 0.9264 0.9502 0.9230 0.8221 0.8712
54 17 1.0822 0.9781 1.0065 1.0653 1.0929 1.0618 0.9460 1.0026
54 18 0.9315 0.8433 0.8669 0.9144 0.9360 0.9073 0.8067 0.8533
54 19 1.1973 1.0839 1.1143 1.1753 1.2031 1.1667 1.0378 1.0981
54 20 0.8184 0.7400 0.7613 0.8051 0.8256 0.8018 0.7141 0.7566
54 21 1.2645 1.1448 1.1768 1.2413 1.2706 1.2310 1.0936 1.1566
54 22 1.1152 1.0096 1.0379 1.0947 1.1205 1.0852 0.9637 1.0189
54 23 1.0335 0.9339 0.9612 1.0179 1.0446 1.0152 0.9045 0.9588
54 24 1.1217 1.0136 1.0432 1.1045 1.1334 1.1013 0.9812 1.0401
54 25 1.0588 0.9574 0.9849 1.0414 1.0678 1.0369 0.9235 0.9784
54 26 1.1371 1.0260 1.0570 1.1229 1.1549 1.1240 1.0024 1.0639
54 27 1.0505 0.9510 0.9776 1.0312 1.0556 1.0231 0.9095 0.9622
54 28 1.0966 0.9912 1.0199 1.0794 1.1073 1.0758 0.9584 1.0157
54 29 1.0697 0.9672 0.9951 1.0524 1.0792 1.0482 0.9336 0.9892
54 30 1.0928 0.9871 1.0162 1.0770 1.1059 1.0752 0.9582 1.0161
54 31 1.2096 1.0951 1.1257 1.1874 1.2155 1.1781 1.0472 1.1077
54 32 1.0751 0.9732 1.0005 1.0553 1.0803 1.0473 0.9312 0.9852
54 33 1.0313 0.9320 0.9592 1.0154 1.0419 1.0123 0.9019 0.9560
54 34 1.0568 0.9567 0.9835 1.0374 1.0620 1.0296 0.9157 0.9689
54 35 0.8855 0.8005 0.8236 0.8714 0.8938 0.8682 0.7734 0.8195
54 36 1.0922 0.9871 1.0159 1.0754 1.1034 1.0721 0.9551 1.0124
54 37 1.0849 0.9806 1.0091 1.0679 1.0955 1.0643 0.9482 1.0049
54 38 1.0990 0.9935 1.0222 1.0815 1.1093 1.0776 0.9599 1.0172
54 39 1.1634 1.0532 1.0827 1.1420 1.1691 1.1331 1.0072 1.0656
54 40 0.7606 0.6880 0.7076 0.7479 0.7665 0.7442 0.6628 0.7020
54 41 1.2458 1.1270 1.1591 1.2246 1.2548 1.2182 1.0847 1.1488
54 42 1.0921 0.9870 1.0157 1.0752 1.1033 1.0720 0.9551 1.0123
54 43 0.9924 0.8985 0.9236 0.9743 0.9973 0.9662 0.8584 0.9080
54 44 1.1269 1.0202 1.0487 1.1062 1.1324 1.0962 0.9729 1.0286
54 45 0.9911 0.8963 0.9220 0.9747 0.9992 0.9702 0.8641 0.9153
54 46 1.2496 1.1305 1.1627 1.2283 1.2585 1.2217 1.0878 1.1521
54 47 1.1210 1.0147 1.0432 1.1008 1.1271 1.0936 0.9735 1.0305
54 48 1.0194 0.9228 0.9487 1.0009 1.0248 0.9942 0.8850 0.9368
54 49 1.0363 0.9373 0.9641 1.0191 1.0446 1.0142 0.9032 0.9568
54 50 0.8421 0.7611 0.7832 0.8291 0.8507 0.8265 0.7363 0.7804
54 51 0.8148 0.7370 0.7580 0.8009 0.8207 0.7968 0.7095 0.7515
54 52 1.0937 0.9902 1.0179 1.0737 1.0991 1.0626 0.9413 0.9947
54 53 1.1123 1.0064 1.0349 1.0929 1.1196 1.0867 0.9676 1.0246
54 55 0.9913 0.8974 0.9225 0.9731 0.9961 0.9562 0.8388 0.8833
54 56 1.0984 0.9936 1.0219 1.0797 1.1064 1.0741 0.9564 1.0129
54 57 1.0258 0.9286 0.9546 1.0070 1.0308 0.9925 0.8743 0.9221
54 58 1.0276 0.9297 0.9561 1.0099 1.0347 1.0044 0.8943 0.9470
54 59 1.1292 1.0203 1.0502 1.1122 1.1415 1.1093 0.9883 1.0476
54 60 1.1295 1.0225 1.0511 1.1088 1.1351 1.1012 0.9801 1.0374
54 61 1.0916 0.9872 1.0156 1.0736 1.1005 1.0686 0.9516 1.0080
54 62 1.0718 0.9682 0.9967 1.0560 1.0841 1.0537 0.9390 0.9955
54 63 1.1452 1.0357 1.0654 1.1262 1.1545 1.1210 0.9983 1.0575
54 64 0.8547 0.7736 0.7954 0.8395 0.8598 0.8343 0.7427 0.7863
54 65 1.1008 0.9942 1.0236 1.0851 1.1144 1.0834 0.9655 1.0238
54 66 0.6629 0.5986 0.6164 0.6536 0.6713 0.6527 0.5818 0.6169
54 67 1.3595 1.2285 1.2644 1.3390 1.3742 1.3353 1.1898 1.2611
54 68 1.0555 0.9525 0.9812 1.0422 1.0717 1.0428 0.9298 0.9866
54 69 1.1624 1.0524 1.0818 1.1412 1.1682 1.1311 1.0040 1.0617
54 70 1.1476 1.0390 1.0680 1.1267 1.1533 1.1161 0.9900 1.0467
54 71 1.1075 1.0005 1.0300 1.0913 1.1205 1.0891 0.9705 1.0289
54 72 1.0999 0.9957 1.0236 1.0798 1.1054 1.0661 0.9414 0.9937
54 73 1.1110 1.0058 1.0340 1.0907 1.1165 1.0790 0.9553 1.0094
54 74 0.8550 0.7732 0.7954 0.8411 0.8623 0.8374 0.7458 0.7901
54 75 0.8833 0.7988 0.8217 0.8687 0.8905 0.8647 0.7701 0.8157
54 76 1.3548 1.2238 1.2599 1.3350 1.3707 1.3323 1.1872 1.2587
54 77 1.2689 1.1475 1.1805 1.2480 1.2794 1.2424 1.1065 1.1721
54 78 1.0698 0.9675 0.9952 1.0520 1.0783 1.0471 0.9325 0.9877
54 79 1.0766 0.9736 1.0016 1.0589 1.0856 1.0542 0.9389 0.9946
54 80 0.9897 0.8943 0.9204 0.9748 1.0004 0.9722 0.8662 0.9181
54 81 1.1383 1.0287 1.0587 1.1208 1.1501 1.1174 0.9955 1.0551
54 82 1.0101 0.9125 0.9393 0.9952 1.0217 0.9930 0.8849 0.9381
54 83 1.2697 1.1494 1.1816 1.2465 1.2760 1.2374 1.1008 1.1650
54 84 1.0454 0.9463 0.9729 1.0265 1.0510 1.0197 0.9077 0.9609
54 85 1.1551 1.0457 1.0750 1.1340 1.1609 1.1220 0.9936 1.0499
54 86 1.1037 0.9973 1.0265 1.0873 1.1160 1.0845 0.9663 1.0243
54 87 1.0862 0.9814 1.0102 1.0699 1.0982 1.0672 0.9509 1.0080
54 88 1.1453 1.0368 1.0659 1.1244 1.1510 1.1018 0.9625 1.0126
54 89 1.1508 1.0401 1.0704 1.1331 1.1626 1.1296 1.0063 1.0665
54 90 1.0573 0.9570 0.9839 1.0384 1.0633 1.0317 0.9184 0.9723
54 91 1.1500 1.0387 1.0694 1.1334 1.1639 1.1314 1.0083 1.0690
54 92 0.9430 0.8527 0.8773 0.9277 0.9512 0.9237 0.8227 0.8716
54 93 1.1219 1.0136 1.0434 1.1051 1.1343 1.1024 0.9822 1.0411
54 94 1.0540 0.9534 0.9806 1.0363 1.0620 1.0311 0.9182 0.9725
54 95 1.0999 0.9925 1.0225 1.0861 1.1170 1.0869 0.9691 1.0283
54 96 1.0935 0.9872 1.0167 1.0788 1.1086 1.0782 0.9611 1.0194
54 97 0.9776 0.8839 0.9094 0.9617 0.9861 0.9577 0.8530 0.9037
54 98 1.0408 0.9422 0.9686 1.0218 1.0460 1.0068 0.8864 0.9349
54 99 1.1728 1.0593 1.0906 1.1560 1.1871 1.1540 1.0284 1.0904
54 100 1.0697 0.9666 0.9949 1.0534 1.0810 1.0504 0.9358 0.9919
54 101 1.1529 1.0437 1.0730 1.1319 1.1587 1.0621 0.8773 0.9017
54 102 1.0880 0.9825 1.0117 1.0729 1.1021 1.0716 0.9550 1.0126
54 103 1.0658 0.9625 0.9910 1.0509 1.0796 1.0497 0.9355 0.9919
54 104 1.0748 0.9709 0.9995 1.0593 1.0877 1.0573 0.9421 0.9987
54 105 1.1027 0.9958 1.0253 1.0872 1.1167 1.0857 0.9675 1.0258
54 106 1.1117 1.0042 1.0338 1.0955 1.1248 1.0933 0.9741 1.0327
54 107 1.1800 1.0656 1.0972 1.1634 1.1950 1.1618 1.0354 1.0978
54 108 0.8421 0.7624 0.7837 0.8268 0.8464 0.8208 0.7301 0.7725
54 109 1.0195 0.9214 0.9483 1.0040 1.0303 1.0011 0.8918 0.9451
54 110 1.1610 1.0487 1.0797 1.1444 1.1753 1.1425 1.0181 1.0794
54 111 1.1854 1.0704 1.1022 1.1690 1.2009 1.1676 1.0406 1.1035
54 112 1.1449 1.0336 1.0645 1.1294 1.1606 1.1287 1.0060 1.0669
54 113 1.1076 1.0006 1.0301 1.0916 1.1208 1.0894 0.9708 1.0291
54 114 1.2252 1.1064 1.1393 1.2082 1.2412 1.2068 1.0755 1.1405
54 115 1.0961 0.9896 1.0192 1.0813 1.1112 1.0806 0.9632 1.0216
54 116 1.2158 1.0975 1.1304 1.1994 1.2327 1.1988 1.0686 1.1333
54 117 1.0480 0.9465 0.9746 1.0331 1.0610 1.0315 0.9192 0.9746
54 118 1.0605 0.9590 0.9866 1.0431 1.0695 1.0386 0.9249 0.9798
54 119 1.1790 1.0653 1.0965 1.1614 1.1921 1.1585 1.0322 1.0941
54 120 1.1572 1.0476 1.0769 1.1361 1.1631 1.1267 1.0008 1.0587
54 121 1.1724 1.0592 1.0903 1.1551 1.1858 1.1525 1.0269 1.0886
54 122 1.0827 0.9802 1.0076 1.0630 1.0883 1.0519 0.9314 0.9842
54 123 1.1350 1.0259 1.0557 1.1172 1.1462 1.1135 0.9919 1.0510
54 124 1.0982 0.9942 1.0220 1.0782 1.1038 1.0683 0.9477 1.0021
54 125 1.1694 1.0561 1.0874 1.1529 1.1842 1.1513 1.0260 1.0879
55 0 1.0076 0.9041 0.9346 1.0035 1.0389 1.0148 0.9064 0.9642
55 1 1.0420 0.9338 0.9662 1.0401 1.0788 1.0551 0.9433 1.0049
55 2 0.9490 0.8522 0.8806 0.9441 0.9764 0.9531 0.8511 0.9049
55 3 0.9179 0.8241 0.8517 0.9136 0.9451 0.9228 0.8242 0.8765
55 4 1.0185 0.9129 0.9445 1.0168 1.0547 1.0316 0.9224 0.9827
55 5 0.9777 0.8769 0.9069 0.9749 1.0101 0.9873 0.8825 0.9396
55 6 1.3262 1.1927 1.2313 1.3161 1.3586 1.3245 1.1818 1.2549
55 7 0.9252 0.8291 0.8580 0.9241 0.9588 0.9381 0.8390 0.8941
55 8 0.9812 0.8803 0.9103 0.9781 1.0132 0.9903 0.8851 0.9422
55 9 1.0287 0.9223 0.9541 1.0267 1.0645 1.0411 0.9309 0.9917
55 10 0.9641 0.8649 0.8944 0.9610 0.9955 0.9729 0.8696 0.9258
55 11 1.3185 1.1849 1.2239 1.3105 1.3545 1.3217 1.1802 1.2545
55 12 0.9907 0.8885 0.9190 0.9882 1.0242 1.0014 0.8953 0.9535
55 13 0.8427 0.7578 0.7824 0.8367 0.8641 0.8428 0.7522 0.7992
55 14 0.9982 0.8950 0.9259 0.9961 1.0327 1.0100 0.9031 0.9621
55 15 1.0091 0.9051 0.9361 1.0064 1.0430 1.0197 0.9117 0.9710
55 16 0.8900 0.7986 0.8257 0.8871 0.9189 0.8981 0.8028 0.8548
55 17 1.0026 0.8995 0.9301 0.9997 1.0359 1.0127 0.9054 0.9642
55 18 0.9054 0.8140 0.8406 0.8994 0.9293 0.9067 0.8096 0.8605
55 19 1.2951 1.1640 1.2022 1.2872 1.3304 1.2984 1.1595 1.2328
55 20 1.0617 0.9528 0.9851 1.0580 1.0958 1.0710 0.9573 1.0193
55 21 1.2624 1.1354 1.1722 1.2534 1.2946 1.2628 1.1273 1.1980
55 22 1.2138 1.0920 1.1271 1.2046 1.2438 1.2130 1.0827 1.1504
55 23 1.0400 0.9327 0.9647 1.0376 1.0757 1.0521 0.9408 1.0023
55 24 1.0343 0.9277 0.9595 1.0318 1.0696 1.0460 0.9353 0.9964
55 25 0.9879 0.8867 0.9166 0.9844 1.0196 0.9965 0.8908 0.9485
55 26 1.0273 0.9199 0.9525 1.0278 1.0680 1.0461 0.9362 0.9988
55 27 0.7167 0.6444 0.6654 0.7120 0.7358 0.7180 0.6411 0.6817
55 28 0.8555 0.7674 0.7936 0.8531 0.8842 0.8646 0.7731 0.8236
55 29 1.0050 0.9018 0.9324 1.0017 1.0377 1.0145 0.9069 0.9659
55 30 1.1334 1.0160 1.0512 1.1317 1.1742 1.1489 1.0277 1.0955
55 31 1.2502 1.1242 1.1607 1.2420 1.2834 1.2525 1.1185 1.1893
55 32 0.8574 0.7708 0.7960 0.8520 0.8807 0.8596 0.7677 0.8165
55 33 1.2253 1.0991 1.1367 1.2223 1.2672 1.2394 1.1084 1.1810
55 34 0.8303 0.7463 0.7708 0.8252 0.8531 0.8328 0.7438 0.7912
55 35 0.9713 0.8714 0.9011 0.9685 1.0037 0.9814 0.8775 0.9349
55 36 1.2520 1.1230 1.1614 1.2490 1.2949 1.2665 1.1327 1.2070
55 37 1.1617 1.0422 1.0777 1.1587 1.2011 1.1747 1.0504 1.1193
55 38 1.0161 0.9117 0.9427 1.0132 1.0501 1.0269 0.9182 0.9783
55 39 1.1543 1.0379 1.0717 1.1468 1.1853 1.1569 1.0333 1.0990
55 40 0.9578 0.8598 0.8887 0.9542 0.9883 0.9660 0.8635 0.9197
55 41 1.3019 1.1689 1.2081 1.2966 1.3426 1.3121 1.1729 1.2490
55 42 0.9998 0.8968 0.9275 0.9975 1.0344 1.0118 0.9049 0.9644
55 43 0.6364 0.5724 0.5909 0.6320 0.6530 0.6373 0.5691 0.6053
55 44 1.1671 1.0503 1.0839 1.1580 1.1957 1.1663 1.0413 1.1069
55 45 0.9775 0.8774 0.9070 0.9741 1.0091 0.9866 0.8820 0.9396
55 46 1.2978 1.1652 1.2043 1.2925 1.3384 1.3081 1.1693 1.2453
55 47 1.1245 1.0102 1.0437 1.1188 1.1577 1.1309 1.0107 1.0758
55 48 0.9610 0.8634 0.8920 0.9561 0.9892 0.9663 0.8635 0.9192
55 49 1.1837 1.0625 1.0983 1.1795 1.2219 1.1945 1.0680 1.1377
55 50 0.9988 0.8959 0.9266 0.9966 1.0334 1.0109 0.9042 0.9638
55 51 0.9465 0.8498 0.8783 0.9429 0.9765 0.9546 0.8534 0.9089
55 52 1.1405 1.0273 1.0595 1.1299 1.1655 1.1361 1.0139 1.0772
55 53 0.9945 0.8931 0.9229 0.9903 1.0253 1.0020 0.8957 0.9539
55 54 0.9383 0.8431 0.8710 0.9334 0.9657 0.9434 0.8430 0.8974
55 56 1.0000 0.8978 0.9280 0.9962 1.0318 1.0086 0.9017 0.9604
55 57 0.9551 0.8627 0.8881 0.9417 0.9679 0.9413 0.8388 0.8893
55 58 0.9054 0.8130 0.8402 0.9017 0.9338 0.9127 0.8159 0.8690
55 59 1.1757 1.0543 1.0905 1.1735 1.2174 1.1913 1.0657 1.1361
55 60 0.6333 0.5690 0.5878 0.6300 0.6519 0.6368 0.5691 0.6058
55 61 1.1962 1.0737 1.1099 1.1922 1.2352 1.2078 1.0800 1.1506
55 62 1.0363 0.9291 0.9612 1.0349 1.0739 1.0511 0.9404 1.0028
55 63 1.0167 0.9125 0.9433 1.0132 1.0499 1.0265 0.9179 0.9780
55 64 0.9913 0.8905 0.9201 0.9868 1.0214 0.9981 0.8922 0.9501
55 65 0.9662 0.8660 0.8961 0.9653 1.0021 0.9811 0.8779 0.9363
55 66 0.9326 0.8358 0.8649 0.9320 0.9677 0.9475 0.8479 0.9045
55 67 1.3797 1.2373 1.2798 1.3772 1.4288 1.3982 1.2508 1.3337
55 68 1.2281 1.0997 1.1386 1.2290 1.2776 1.2518 1.1207 1.1962
55 69 1.1703 1.0531 1.0868 1.1616 1.1998 1.1708 1.0457 1.1122
55 70 0.8698 0.7829 0.8079 0.8628 0.8908 0.8690 0.7760 0.8252
55 71 1.0495 0.9409 0.9734 1.0482 1.0879 1.0649 0.9528 1.0162
55 72 0.6659 0.6008 0.6189 0.6579 0.6773 0.6595 0.5881 0.6243
55 73 0.4952 0.4461 0.4600 0.4904 0.5057 0.4929 0.4400 0.4675
55 74 1.0022 0.8994 0.9299 0.9992 1.0356 1.0128 0.9058 0.9653
55 75 0.9866 0.8855 0.9154 0.9834 1.0191 0.9966 0.8912 0.9497
55 76 1.3684 1.2267 1.2691 1.3667 1.4186 1.3887 1.2426 1.3253
55 77 1.2800 1.1488 1.1876 1.2759 1.3224 1.2932 1.1566 1.2326
55 78 1.0289 0.9235 0.9547 1.0255 1.0627 1.0392 0.9293 0.9904
55 79 1.1483 1.0306 1.0655 1.1447 1.1864 1.1603 1.0377 1.1059
55 80 1.0885 0.9761 1.0096 1.0866 1.1275 1.1034 0.9873 1.0528
55 81 1.0655 0.9557 0.9884 1.0634 1.1032 1.0795 0.9658 1.0298
55 82 1.0575 0.9481 0.9809 1.0561 1.0962 1.0731 0.9602 1.0241
55 83 1.2938 1.1628 1.2010 1.2866 1.3311 1.3003 1.1621 1.2373
55 84 0.9834 0.8835 0.9128 0.9787 1.0130 0.9899 0.8849 0.9425
55 85 0.6737 0.6069 0.6259 0.6673 0.6883 0.6711 0.5991 0.6368
55 86 1.0472 0.9390 0.9713 1.0456 1.0850 1.0620 0.9503 1.0135
55 87 1.0395 0.9321 0.9642 1.0379 1.0771 1.0543 0.9434 1.0061
55 88 0.6255 0.5661 0.5820 0.6147 0.6303 0.6102 0.5410 0.5722
55 89 1.0722 0.9617 0.9946 1.0701 1.1100 1.0863 0.9719 1.0363
55 90 1.0241 0.9200 0.9505 1.0194 1.0554 1.0314 0.9221 0.9822
55 91 1.0687 0.9580 0.9912 1.0677 1.1086 1.0854 0.9714 1.0363
55 92 1.0672 0.9577 0.9901 1.0641 1.1030 1.0790 0.9651 1.0287
55 93 1.0558 0.9467 0.9793 1.0542 1.0940 1.0709 0.9583 1.0221
55 94 0.9949 0.8931 0.9232 0.9915 1.0274 1.0047 0.8985 0.9576
55 95 1.0391 0.9304 0.9633 1.0401 1.0815 1.0600 0.9492 1.0134
55 96 1.0363 0.9284 0.9609 1.0364 1.0769 1.0549 0.9444 1.0079
55 97 1.0531 0.9450 0.9771 1.0501 1.0887 1.0650 0.9527 1.0156
55 98 0.6420 0.5801 0.5970 0.6328 0.6503 0.6325 0.5638 0.5981
55 99 1.0804 0.9684 1.0020 1.0795 1.1209 1.0976 0.9823 1.0481
55 100 1.0252 0.9195 0.9510 1.0235 1.0619 1.0394 0.9300 0.9919
55 101 0.7812 0.7070 0.7269 0.7678 0.7873 0.7226 0.5973 0.6152
55 102 1.0326 0.9253 0.9576 1.0322 1.0721 1.0500 0.9398 1.0027
55 103 1.0199 0.9140 0.9459 1.0195 1.0589 1.0371 0.9282 0.9904
55 104 1.0275 0.9211 0.9530 1.0265 1.0658 1.0435 0.9339 0.9962
55 105 1.0425 0.9343 0.9668 1.0420 1.0822 1.0598 0.9485 1.0121
55 106 1.0485 0.9400 0.9725 1.0474 1.0874 1.0647 0.9528 1.0164
55 107 1.0837 0.9712 1.0050 1.0831 1.1249 1.1017 0.9861 1.0521
55 108 0.9531 0.8567 0.8848 0.9479 0.9807 0.9582 0.8564 0.9120
55 109 0.9856 0.8839 0.9143 0.9839 1.0209 0.9993 0.8941 0.9535
55 110 1.0755 0.9640 0.9974 1.0746 1.1159 1.0928 0.9780 1.0435
55 111 1.0920 0.9785 1.0126 1.0916 1.1339 1.1107 0.9942 1.0609
55 112 1.0668 0.9558 0.9892 1.0669 1.1086 1.0860 0.9722 1.0376
55 113 1.0453 0.9371 0.9695 1.0443 1.0843 1.0617 0.9502 1.0137
55 114 1.1127 0.9972 1.0319 1.1124 1.1555 1.1318 1.0131 1.0811
55 115 1.0361 0.9282 0.9607 1.0361 1.0767 1.0548 0.9443 1.0079
55 116 1.1070 0.9917 1.0265 1.1072 1.1506 1.1273 1.0092 1.0772
55 117 1.0069 0.9025 0.9338 1.0062 1.0450 1.0234 0.9160 0.9774
55 118 1.0156 0.9115 0.9423 1.0127 1.0499 1.0271 0.9188 0.9795
55 119 1.0867 0.9744 1.0080 1.0852 1.1264 1.1027 0.9868 1.0527
55 120 0.9668 0.8696 0.8977 0.9604 0.9929 0.9695 0.8663 0.9222
55 121 1.0844 0.9723 1.0058 1.0832 1.1245 1.1010 0.9853 1.0512
55 122 0.9168 0.8260 0.8517 0.9082 0.9370 0.9137 0.8158 0.8675
55 123 1.0630 0.9536 0.9862 1.0608 1.1005 1.0771 0.9637 1.0277
55 124 0.9296 0.8367 0.8633 0.9223 0.9527 0.9299 0.8306 0.8838
55 125 1.0834 0.9710 1.0048 1.0829 1.1248 1.1016 0.9861 1.0523
56 0 1.2274 1.1103 1.1415 1.2057 1.2355 1.1993 1.0676 1.1305
56 1 1.2745 1.1516 1.1850 1.2548 1.2880 1.2519 1.1154 1.1828
56 2 0.9989 0.9042 0.9294 0.9803 1.0036 0.9734 0.8661 0.9165
56 3 1.0294 0.9318 0.9578 1.0105 1.0346 1.0038 0.8934 0.9456
56 4 0.9791 0.8848 0.9104 0.9640 0.9894 0.9616 0.8568 0.9085
56 5 1.0061 0.9099 0.9359 0.9894 1.0144 0.9852 0.8774 0.9297
56 6 0.9902 0.8964 0.9215 0.9719 0.9948 0.9626 0.8538 0.9024
56 7 1.0961 0.9904 1.0192 1.0795 1.1082 1.0773 0.9600 1.0180
56 8 0.9619 0.8701 0.8948 0.9456 0.9691 0.9410 0.8380 0.8877
56 9 1.0815 0.9777 1.0059 1.0643 1.0918 1.0608 0.9451 1.0018
56 10 1.1127 1.0065 1.0352 1.0937 1.1209 1.0882 0.9691 1.0266
56 11 0.9441 0.8546 0.8785 0.9267 0.9485 0.9190 0.8165 0.8637
56 12 0.8778 0.7938 0.8166 0.8634 0.8852 0.8597 0.7658 0.8114
56 13 1.1598 1.0499 1.0793 1.1384 1.1652 1.1278 1.0007 1.0579
56 14 1.1817 1.0684 1.0992 1.1627 1.1925 1.1584 1.0319 1.0936
56 15 0.8822 0.7978 0.8207 0.8675 0.8892 0.8635 0.7691 0.8149
56 16 1.1124 1.0064 1.0349 1.0932 1.1200 1.0873 0.9682 1.0255
56 17 0.9503 0.8596 0.8841 0.9342 0.9575 0.9296 0.8279 0.8770
56 18 0.7535 0.6822 0.7012 0.7397 0.7571 0.7331 0.6508 0.6882
56 19 0.8938 0.8092 0.8318 0.8774 0.8981 0.8699 0.7727 0.8172
56 20 1.1917 1.0783 1.1088 1.1707 1.1993 1.1640 1.0364 1.0975
56 21 1.0627 0.9621 0.9890 1.0431 1.0677 1.0333 0.9166 0.9690
56 22 0.9489 0.8591 0.8831 0.9315 0.9534 0.9223 0.8178 0.8643
56 23 1.2176 1.1011 1.1327 1.1975 1.2278 1.1924 1.0621 1.1253
56 24 0.9470 0.8564 0.8810 0.9312 0.9546 0.9270 0.8257 0.8747
56 25 0.8035 0.7271 0.7476 0.7893 0.8084 0.7846 0.6985 0.7396
56 26 0.8587 0.7754 0.7984 0.8468 0.8701 0.8462 0.7543 0.8003
56 27 1.1138 1.0084 1.0366 1.0934 1.1192 1.0835 0.9618 1.0170
56 28 1.2832 1.1608 1.1939 1.2615 1.2928 1.2552 1.1178 1.1840
56 29 1.1345 1.0266 1.0556 1.1147 1.1419 1.1083 0.9868 1.0450
56 30 0.8539 0.7719 0.7943 0.8405 0.8622 0.8376 0.7462 0.7909
56 31 1.0149 0.9188 0.9445 0.9963 1.0198 0.9873 0.8762 0.9265
56 32 1.1118 1.0065 1.0347 1.0914 1.1171 1.0817 0.9604 1.0156
56 33 0.8108 0.7333 0.7543 0.7972 0.8171 0.7934 0.7066 0.7486
56 34 1.0979 0.9940 1.0218 1.0778 1.1032 1.0684 0.9488 1.0034
56 35 1.1313 1.0235 1.0526 1.1119 1.1392 1.1059 0.9847 1.0430
56 36 0.7012 0.6342 0.6524 0.6895 0.7067 0.6862 0.6111 0.6474
56 37 0.8772 0.7935 0.8161 0.8623 0.8837 0.8579 0.7640 0.8092
56 38 0.9200 0.8323 0.8560 0.9041 0.9264 0.8993 0.8008 0.8481
56 39 1.0855 0.9827 1.0102 1.0656 1.0907 1.0559 0.9372 0.9910
56 40 1.2104 1.0957 1.1264 1.1885 1.2169 1.1807 1.0511 1.1127
56 41 1.0584 0.9582 0.9850 1.0390 1.0636 1.0318 0.9184 0.9721
56 42 0.8108 0.7334 0.7543 0.7973 0.8172 0.7935 0.7067 0.7486
56 43 1.1095 1.0045 1.0326 1.0892 1.1148 1.0788 0.9570 1.0118
56 44 1.0004 0.9057 0.9310 0.9820 1.0052 0.9719 0.8612 0.9101
56 45 1.0297 0.9319 0.9582 1.0113 1.0356 1.0049 0.8946 0.9471
56 46 1.0720 0.9705 0.9977 1.0524 1.0773 1.0450 0.9300 0.9844
56 47 1.1484 1.0396 1.0687 1.1273 1.1540 1.1185 0.9943 1.0520
56 48 0.7563 0.6847 0.7039 0.7425 0.7600 0.7366 0.6547 0.6926
56 49 0.8494 0.7688 0.7904 0.8341 0.8541 0.8287 0.7377 0.7810
56 50 1.1961 1.0819 1.1128 1.1760 1.2053 1.1703 1.0422 1.1040
56 51 1.0258 0.9287 0.9546 1.0070 1.0308 1.0001 0.8902 0.9423
56 52 0.9743 0.8821 0.9067 0.9564 0.9789 0.9453 0.8361 0.8831
56 53 0.8277 0.7493 0.7702 0.8125 0.8317 0.8066 0.7176 0.7595
56 54 1.1523 1.0432 1.0724 1.1312 1.1579 1.1220 0.9971 1.0548
56 55 1.0723 0.9708 0.9979 1.0526 1.0773 1.0330 0.9047 0.9522
56 57 1.0673 0.9662 0.9933 1.0477 1.0723 1.0313 0.9071 0.9561
56 58 0.6782 0.6140 0.6312 0.6658 0.6815 0.6610 0.5882 0.6225
56 59 0.9928 0.8978 0.9236 0.9765 1.0012 0.9723 0.8659 0.9173
56 60 1.2018 1.0880 1.1185 1.1798 1.2076 1.1702 1.0399 1.1001
56 61 0.7223 0.6538 0.6722 0.7094 0.7264 0.7049 0.6275 0.6642
56 62 1.0218 0.9239 0.9505 1.0054 1.0311 1.0015 0.8921 0.9452
56 63 0.8299 0.7511 0.7722 0.8150 0.8345 0.8098 0.7208 0.7631
56 64 1.0614 0.9609 0.9878 1.0419 1.0665 1.0339 0.9194 0.9728
56 65 0.8012 0.7242 0.7453 0.7887 0.8091 0.7861 0.7003 0.7421
56 66 1.0947 0.9894 1.0182 1.0779 1.1060 1.0746 0.9574 1.0146
56 67 1.1764 1.0639 1.0944 1.1570 1.1862 1.1518 1.0258 1.0867
56 68 0.7656 0.6914 0.7119 0.7549 0.7754 0.7539 0.6720 0.7126
56 69 1.0217 0.9250 0.9509 1.0030 1.0267 0.9928 0.8799 0.9300
56 70 1.0683 0.9672 0.9943 1.0487 1.0735 1.0376 0.9189 0.9710
56 71 0.9481 0.8571 0.8819 0.9329 0.9568 0.9293 0.8277 0.8770
56 72 1.1589 1.0492 1.0786 1.1377 1.1645 1.1218 0.9890 1.0434
56 73 1.1754 1.0641 1.0939 1.1538 1.1810 1.1400 1.0077 1.0641
56 74 1.0635 0.9625 0.9896 1.0447 1.0700 1.0384 0.9244 0.9787
56 75 1.0526 0.9527 0.9795 1.0338 1.0586 1.0272 0.9144 0.9680
56 76 1.1850 1.0713 1.1023 1.1661 1.1960 1.1617 1.0347 1.0963
56 77 0.8966 0.8114 0.8343 0.8806 0.9018 0.8751 0.7790 0.8247
56 78 0.6749 0.6108 0.6280 0.6628 0.6786 0.6585 0.5861 0.6205
56 79 0.9154 0.8285 0.8519 0.8992 0.9208 0.8935 0.7954 0.8421
56 80 1.0665 0.9645 0.9922 1.0490 1.0754 1.0443 0.9300 0.9852
56 81 0.9492 0.8585 0.8831 0.9333 0.9566 0.9288 0.8271 0.8761
56 82 1.2799 1.1572 1.1906 1.2593 1.2914 1.2543 1.1172 1.1836
56 83 1.1188 1.0129 1.0412 1.0983 1.1242 1.0889 0.9671 1.0230
56 84 1.0360 0.9379 0.9642 1.0170 1.0411 1.0089 0.8968 0.9488
56 85 1.2073 1.0930 1.1236 1.1852 1.2131 1.1711 1.0354 1.0935
56 86 0.9630 0.8708 0.8959 0.9473 0.9713 0.9432 0.8401 0.8899
56 87 1.0749 0.9720 1.0000 1.0574 1.0841 1.0528 0.9376 0.9933
56 88 1.0890 0.9859 1.0135 1.0690 1.0942 1.0462 0.9125 0.9594
56 89 0.8697 0.7867 0.8092 0.8552 0.8765 0.8509 0.7578 0.8025
56 90 0.7888 0.7141 0.7341 0.7744 0.7927 0.7683 0.6831 0.7227
56 91 0.9776 0.8837 0.9093 0.9622 0.9869 0.9587 0.8540 0.9048
56 92 1.0358 0.9373 0.9638 1.0175 1.0421 1.0113 0.9003 0.9531
56 93 0.8476 0.7665 0.7886 0.8338 0.8549 0.8302 0.7394 0.7833
56 94 1.0473 0.9481 0.9747 1.0283 1.0527 1.0213 0.9091 0.9622
56 95 0.9430 0.8515 0.8768 0.9298 0.9552 0.9287 0.8277 0.8777
56 96 0.9311 0.8412 0.8659 0.9173 0.9416 0.9151 0.8154 0.8643
56 97 1.0061 0.9105 0.9362 0.9884 1.0124 0.9825 0.8747 0.9261
56 98 1.1058 1.0011 1.0291 1.0855 1.1111 1.0682 0.9389 0.9897
56 99 0.9828 0.8884 0.9142 0.9674 0.9923 0.9639 0.8586 0.9098
56 100 0.8453 0.7645 0.7864 0.8313 0.8521 0.8274 0.7368 0.7804
56 101 1.2019 1.0881 1.1186 1.1799 1.2077 1.1068 0.9141 0.9391
56 102 0.9564 0.8644 0.8896 0.9418 0.9664 0.9389 0.8364 0.8863
56 103 0.8778 0.7933 0.8165 0.8644 0.8869 0.8617 0.7676 0.8134
56 104 0.8416 0.7608 0.7828 0.8283 0.8495 0.8252 0.7349 0.7786
56 105 0.9192 0.8308 0.8550 0.9050 0.9285 0.9021 0.8035 0.8514
56 106 0.8396 0.7591 0.7810 0.8262 0.8474 0.8230 0.7330 0.7766
56 107 1.0462 0.9455 0.9731 1.0300 1.0568 1.0267 0.9145 0.9690
56 108 1.0099 0.9143 0.9399 0.9914 1.0149 0.9829 0.8728 0.9231
56 109 0.8954 0.8098 0.8331 0.8806 0.9026 0.8764 0.7804 0.8265
56 110 1.0217 0.9236 0.9504 1.0057 1.0317 1.0021 0.8926 0.9457
56 111 0.9221 0.8333 0.8577 0.9080 0.9318 0.9053 0.8065 0.8546
56 112 1.0030 0.9063 0.9328 0.9881 1.0142 0.9855 0.8780 0.9306
56 113 0.9535 0.8620 0.8870 0.9384 0.9624 0.9348 0.8326 0.8821
56 114 0.9972 0.9012 0.9275 0.9819 1.0076 0.9790 0.8721 0.9241
56 115 0.9844 0.8894 0.9155 0.9697 0.9954 0.9673 0.8618 0.9134
56 116 0.8750 0.7905 0.8137 0.8620 0.8849 0.8599 0.7662 0.8121
56 117 0.7894 0.7135 0.7343 0.7771 0.7972 0.7744 0.6898 0.7309
56 118 0.9271 0.8391 0.8628 0.9107 0.9327 0.9050 0.8056 0.8529
56 119 1.0175 0.9202 0.9466 1.0009 1.0262 0.9965 0.8875 0.9401
56 120 1.1335 1.0262 1.0549 1.1128 1.1391 1.1021 0.9774 1.0333
56 121 0.9073 0.8204 0.8440 0.8927 0.9154 0.8890 0.7918 0.8387
56 122 1.0694 0.9682 0.9953 1.0499 1.0747 1.0374 0.9171 0.9686
56 123 1.0004 0.9050 0.9308 0.9834 1.0077 0.9782 0.8710 0.9224
56 124 1.0835 0.9809 1.0084 1.0637 1.0888 1.0525 0.9321 0.9850
56 125 0.9684 0.8753 0.9008 0.9534 0.9782 0.9503 0.8465 0.8969
57 0 1.3313 1.1971 1.2357 1.3210 1.3639 1.3301 1.1870 1.2613
57 1 1.4205 1.2759 1.3181 1.4128 1.4614 1.4270 1.2747 1.3563
57 2 1.1405 1.0264 1.0591 1.1305 1.1660 1.1363 1.0138 1.0766
57 3 0.9140 0.8224 0.8487 0.9063 0.9350 0.9115 0.8133 0.8639
57 4 1.3446 1.2078 1.2479 1.3375 1.3834 1.3509 1.2069 1.2842
57 5 1.2336 1.1089 1.1451 1.2255 1.2663 1.2356 1.1034 1.1734
57 6 1.3941 1.2566 1.2954 1.3785 1.4190 1.3810 1.2311 1.3056
57 7 0.9180 0.8245 0.8519 0.9135 0.9452 0.9232 0.8249 0.8780
57 8 1.2469 1.1211 1.1576 1.2384 1.2792 1.2481 1.1145 1.1850
57 9 1.2708 1.1419 1.1795 1.2636 1.3065 1.2756 1.1395 1.2123
57 10 0.9611 0.8642 0.8923 0.9545 0.9859 0.9619 0.8590 0.9133
57 11 1.3836 1.2462 1.2853 1.3701 1.4120 1.3755 1.2270 1.3026
57 12 0.9885 0.8886 0.9177 0.9823 1.0153 0.9909 0.8851 0.9414
57 13 0.8419 0.7588 0.7823 0.8328 0.8576 0.8349 0.7445 0.7900
57 14 1.2813 1.1514 1.1893 1.2738 1.3169 1.2857 1.1485 1.2219
57 15 1.2931 1.1624 1.2005 1.2848 1.3277 1.2958 1.1573 1.2310
57 16 0.8828 0.7939 0.8197 0.8766 0.9054 0.8834 0.7888 0.8388
57 17 1.0013 0.9003 0.9296 0.9947 1.0277 1.0029 0.8957 0.9526
57 18 0.9086 0.8187 0.8442 0.8992 0.9264 0.9022 0.8047 0.8542
57 19 1.3427 1.2095 1.2474 1.3295 1.3701 1.3347 1.1907 1.2643
57 20 1.3671 1.2297 1.2694 1.3572 1.4016 1.3674 1.2210 1.2982
57 21 1.2895 1.1623 1.1982 1.2754 1.3134 1.2788 1.1404 1.2102
57 22 1.2141 1.0946 1.1282 1.2003 1.2357 1.2029 1.0725 1.1380
57 23 1.0395 0.9343 0.9650 1.0331 1.0680 1.0425 0.9313 0.9908
57 24 1.1925 1.0720 1.1071 1.1850 1.2248 1.1956 1.0680 1.1361
57 25 0.9888 0.8894 0.9182 0.9815 1.0136 0.9888 0.8830 0.9388
57 26 1.2893 1.1572 1.1963 1.2850 1.3313 1.3016 1.1638 1.2398
57 27 0.8396 0.7566 0.7801 0.8309 0.8560 0.8338 0.7438 0.7897
57 28 0.9028 0.8117 0.8382 0.8969 0.9268 0.9046 0.8079 0.8594
57 29 1.0059 0.9047 0.9340 0.9988 1.0316 1.0066 0.8989 0.9560
57 30 1.1148 1.0016 1.0347 1.1088 1.1470 1.1203 1.0010 1.0655
57 31 1.2736 1.1477 1.1833 1.2603 1.2984 1.2647 1.1282 1.1979
57 32 0.9262 0.8345 0.8606 0.9169 0.9448 0.9204 0.8212 0.8720
57 33 1.2451 1.1193 1.1559 1.2372 1.2788 1.2484 1.1152 1.1865
57 34 0.5935 0.5347 0.5514 0.5876 0.6056 0.5901 0.5265 0.5592
57 35 1.0349 0.9306 0.9609 1.0279 1.0621 1.0365 0.9258 0.9848
57 36 1.2850 1.1552 1.1929 1.2769 1.3198 1.2885 1.1510 1.2247
57 37 1.1534 1.0371 1.0709 1.1459 1.1843 1.1560 1.0326 1.0986
57 38 1.1873 1.0677 1.1024 1.1793 1.2186 1.1893 1.0623 1.1301
57 39 1.1301 1.0184 1.0500 1.1184 1.1524 1.1226 1.0016 1.0636
57 40 1.0247 0.9220 0.9516 1.0169 1.0500 1.0243 0.9147 0.9726
57 41 1.3610 1.2247 1.2639 1.3502 1.3938 1.3595 1.2139 1.2906
57 42 1.2085 1.0864 1.1219 1.2010 1.2415 1.2121 1.0829 1.1523
57 43 0.8539 0.7697 0.7935 0.8447 0.8701 0.8474 0.7560 0.8027
57 44 1.1548 1.0415 1.0732 1.1413 1.1748 1.1437 1.0199 1.0824
57 45 0.9814 0.8829 0.9113 0.9742 1.0061 0.9816 0.8766 0.9323
57 46 1.3527 1.2173 1.2562 1.3419 1.3853 1.3512 1.2065 1.2828
57 47 1.0154 0.9143 0.9432 1.0064 1.0381 1.0121 0.9034 0.9602
57 48 1.2436 1.1199 1.1552 1.2324 1.2712 1.2393 1.1062 1.1756
57 49 1.1888 1.0695 1.1039 1.1799 1.2185 1.1889 1.0618 1.1292
57 50 1.0605 0.9534 0.9846 1.0540 1.0896 1.0638 0.9504 1.0113
57 51 1.0043 0.9037 0.9326 0.9965 1.0288 1.0036 0.8962 0.9531
57 52 1.1174 1.0087 1.0388 1.1027 1.1338 1.1030 0.9833 1.0430
57 53 1.2154 1.0939 1.1288 1.2055 1.2442 1.2135 1.0835 1.1520
57 54 1.0005 0.9010 0.9294 0.9914 1.0225 0.9968 0.8897 0.9456
57 55 0.7282 0.6591 0.6776 0.7152 0.7328 0.7090 0.6283 0.6640
57 56 1.1511 1.0358 1.0690 1.1422 1.1793 1.1504 1.0273 1.0925
57 58 0.9119 0.8207 0.8469 0.9046 0.9338 0.9109 0.8133 0.8648
57 59 1.1800 1.0605 1.0954 1.1732 1.2132 1.1848 1.0587 1.1268
57 60 1.0008 0.9013 0.9297 0.9917 1.0228 0.9971 0.8901 0.9459
57 61 1.2071 1.0859 1.1209 1.1983 1.2377 1.2077 1.0787 1.1473
57 62 1.0942 0.9833 1.0157 1.0884 1.1259 1.0997 0.9828 1.0462
57 63 1.2339 1.1100 1.1458 1.2249 1.2651 1.2345 1.1026 1.1728
57 64 1.0452 0.9410 0.9708 1.0363 1.0693 1.0428 0.9310 0.9897
57 65 1.1832 1.0630 1.0982 1.1775 1.2185 1.1905 1.0641 1.1330
57 66 0.9932 0.8921 0.9218 0.9886 1.0233 0.9999 0.8937 0.9518
57 67 1.4822 1.3322 1.3760 1.4737 1.5240 1.4883 1.3299 1.4156
57 68 1.2576 1.1287 1.1668 1.2535 1.2989 1.2702 1.1359 1.2103
57 69 1.1641 1.0498 1.0819 1.1509 1.1850 1.1539 1.0293 1.0930
57 70 0.9476 0.8548 0.8808 0.9362 0.9636 0.9380 0.8366 0.8881
57 71 1.2002 1.0784 1.1141 1.1939 1.2352 1.2066 1.0784 1.1481
57 72 0.7765 0.7021 0.7223 0.7642 0.7842 0.7619 0.6787 0.7192
57 73 0.7989 0.7214 0.7428 0.7881 0.8101 0.7880 0.7025 0.7452
57 74 1.0592 0.9527 0.9835 1.0518 1.0866 1.0606 0.9473 1.0079
57 75 1.0385 0.9343 0.9644 1.0310 1.0651 1.0394 0.9284 0.9876
57 76 1.4607 1.3125 1.3559 1.4532 1.5035 1.4688 1.3127 1.3977
57 77 1.3213 1.1885 1.2269 1.3118 1.3552 1.3226 1.1814 1.2568
57 78 1.1993 1.0789 1.1137 1.1906 1.2298 1.2001 1.0720 1.1404
57 79 1.1495 1.0340 1.0674 1.1413 1.1791 1.1507 1.0279 1.0936
57 80 1.1424 1.0268 1.0605 1.1359 1.1748 1.1474 1.0254 1.0916
57 81 1.1187 1.0057 1.0386 1.1121 1.1499 1.1229 1.0034 1.0681
57 82 1.1164 1.0032 1.0363 1.1105 1.1489 1.1223 1.0031 1.0680
57 83 1.3404 1.2075 1.2453 1.3277 1.3691 1.3347 1.1914 1.2662
57 84 0.9182 0.8268 0.8529 0.9101 0.9390 0.9156 0.8175 0.8691
57 85 0.7492 0.6764 0.6965 0.7392 0.7600 0.7394 0.6592 0.6994
57 86 1.1003 0.9889 1.0214 1.0943 1.1319 1.1056 0.9881 1.0520
57 87 0.9812 0.8819 0.9109 0.9758 1.0094 0.9859 0.8811 0.9381
57 88 0.7344 0.6647 0.6833 0.7215 0.7394 0.7134 0.6297 0.6650
57 89 1.1233 1.0098 1.0428 1.1166 1.1546 1.1275 1.0075 1.0724
57 90 1.1696 1.0530 1.0864 1.1595 1.1965 1.1669 1.0419 1.1078
57 91 1.1216 1.0077 1.0410 1.1161 1.1550 1.1285 1.0087 1.0742
57 92 1.1173 1.0050 1.0375 1.1096 1.1465 1.1191 0.9998 1.0638
57 93 1.1051 0.9931 1.0258 1.0990 1.1368 1.1105 0.9924 1.0566
57 94 0.9298 0.8366 0.8635 0.9229 0.9532 0.9302 0.8309 0.8839
57 95 1.1760 1.0554 1.0911 1.1725 1.2152 1.1885 1.0629 1.1329
57 96 1.1308 1.0154 1.0494 1.1264 1.1666 1.1404 1.0197 1.0863
57 97 1.1033 0.9923 1.0245 1.0958 1.1324 1.1054 0.9875 1.0509
57 98 0.7555 0.6838 0.7030 0.7422 0.7607 0.7382 0.6567 0.6954
57 99 1.1321 1.0171 1.0508 1.1266 1.1660 1.1394 1.0185 1.0847
57 100 1.1729 1.0543 1.0888 1.1661 1.2060 1.1780 1.0527 1.1207
57 101 0.8760 0.7929 0.8151 0.8606 0.8821 0.8092 0.6687 0.6882
57 102 1.0706 0.9615 0.9936 1.0658 1.1035 1.0784 0.9641 1.0268
57 103 1.1666 1.0478 1.0827 1.1614 1.2024 1.1751 1.0505 1.1188
57 104 1.0751 0.9660 0.9979 1.0698 1.1071 1.0817 0.9668 1.0295
57 105 1.1881 1.0672 1.1027 1.1827 1.2243 1.1965 1.0696 1.1391
57 106 1.1958 1.0745 1.1100 1.1898 1.2312 1.2029 1.0751 1.1448
57 107 1.1347 1.0192 1.0531 1.1295 1.1693 1.1427 1.0215 1.0880
57 108 1.0019 0.9026 0.9308 0.9924 1.0235 0.9978 0.8907 0.9467
57 109 1.0897 0.9795 1.0116 1.0834 1.1205 1.0944 0.9780 1.0412
57 110 1.1242 1.0100 1.0435 1.1188 1.1580 1.1316 1.0115 1.0772
57 111 1.1654 1.0467 1.0816 1.1603 1.2014 1.1742 1.0497 1.1181
57 112 1.2111 1.0875 1.1239 1.2063 1.2493 1.2213 1.0919 1.1633
57 113 1.1819 1.0619 1.0971 1.1760 1.2170 1.1891 1.0629 1.1319
57 114 1.1598 1.0417 1.0764 1.1547 1.1956 1.1686 1.0447 1.1128
57 115 1.1911 1.0696 1.1054 1.1864 1.2288 1.2013 1.0741 1.1443
57 116 1.2820 1.1511 1.1897 1.2770 1.3228 1.2932 1.1563 1.2319
57 117 1.1868 1.0661 1.1015 1.1812 1.2227 1.1949 1.0681 1.1377
57 118 1.1303 1.0167 1.0496 1.1225 1.1599 1.1323 1.0116 1.0765
57 119 1.1347 1.0198 1.0533 1.1285 1.1675 1.1405 1.0193 1.0854
57 120 0.9919 0.8942 0.9217 0.9814 1.0112 0.9853 0.8793 0.9343
57 121 1.2336 1.1085 1.1451 1.2271 1.2697 1.2405 1.1088 1.1807
57 122 0.9434 0.8518 0.8771 0.9308 0.9571 0.9314 0.8305 0.8814
57 123 1.1998 1.0787 1.1139 1.1925 1.2330 1.2041 1.0760 1.1454
57 124 0.9551 0.8616 0.8877 0.9438 0.9717 0.9463 0.8442 0.8966
57 125 1.2043 1.0818 1.1178 1.1989 1.2411 1.2130 1.0844 1.1551
58 0 1.1113 1.0051 1.0335 1.0920 1.1191 1.0865 0.9673 1.0244
58 1 1.1594 1.0475 1.0779 1.1418 1.1723 1.1395 1.0154 1.0768
58 2 1.0715 0.9699 0.9969 1.0517 1.0767 1.0446 0.9296 0.9839
58 3 1.1051 1.0001 1.0281 1.0851 1.1111 1.0782 0.9597 1.0159
58 4 1.1141 1.0067 1.0360 1.0972 1.1264 1.0949 0.9757 1.0346
58 5 0.8242 0.7452 0.7666 0.8107 0.8313 0.8075 0.7193 0.7622
58 6 1.0894 0.9862 1.0137 1.0692 1.0944 1.0593 0.9399 0.9934
58 7 1.1749 1.0615 1.0925 1.1575 1.1885 1.1555 1.0298 1.0922
58 8 1.0237 0.9258 0.9523 1.0066 1.0319 1.0020 0.8924 0.9455
58 9 0.8986 0.8122 0.8358 0.8846 0.9076 0.8820 0.7858 0.8331
58 10 0.9644 0.8722 0.8971 0.9482 0.9719 0.9437 0.8405 0.8904
58 11 1.1952 1.0820 1.1122 1.1732 1.2009 1.1638 1.0343 1.0941
58 12 0.8004 0.7237 0.7445 0.7874 0.8075 0.7844 0.6987 0.7404
58 13 1.0395 0.9410 0.9673 1.0203 1.0444 1.0111 0.8974 0.9488
58 14 1.0187 0.9209 0.9475 1.0025 1.0284 0.9991 0.8901 0.9435
58 15 0.8836 0.7990 0.8220 0.8691 0.8911 0.8655 0.7709 0.8169
58 16 1.1809 1.0683 1.0987 1.1608 1.1896 1.1550 1.0285 1.0895
58 17 0.7248 0.6555 0.6743 0.7127 0.7306 0.7095 0.6319 0.6695
58 18 0.7282 0.6592 0.6777 0.7148 0.7317 0.7086 0.6293 0.6655
58 19 1.1894 1.0767 1.1068 1.1675 1.1951 1.1579 1.0288 1.0882
58 20 1.0083 0.9122 0.9381 0.9908 1.0152 0.9855 0.8775 0.9294
58 21 1.2464 1.1284 1.1599 1.2235 1.2524 1.2122 1.0757 1.1372
58 22 1.1192 1.0132 1.0416 1.0986 1.1245 1.0881 0.9650 1.0200
58 23 1.0082 0.9116 0.9378 0.9918 1.0171 0.9879 0.8800 0.9325
58 24 0.8313 0.7517 0.7733 0.8177 0.8384 0.8143 0.7253 0.7685
58 25 0.7048 0.6378 0.6558 0.6926 0.7095 0.6887 0.6132 0.6493
58 26 0.9354 0.8446 0.8697 0.9227 0.9483 0.9224 0.8224 0.8726
58 27 1.1257 1.0191 1.0476 1.1051 1.1312 1.0954 0.9726 1.0285
58 28 1.1751 1.0628 1.0932 1.1555 1.1844 1.1501 1.0243 1.0851
58 29 0.6406 0.5796 0.5960 0.6296 0.6451 0.6262 0.5576 0.5906
58 30 0.9234 0.8346 0.8588 0.9090 0.9327 0.9063 0.8075 0.8560
58 31 1.2003 1.0866 1.1170 1.1783 1.2061 1.1679 1.0368 1.0964
58 32 1.1350 1.0276 1.0563 1.1142 1.1405 1.1047 0.9810 1.0376
58 33 0.7521 0.6801 0.6996 0.7397 0.7583 0.7364 0.6559 0.6950
58 34 1.1219 1.0156 1.0441 1.1013 1.1273 1.0920 0.9700 1.0260
58 35 0.9404 0.8506 0.8749 0.9244 0.9474 0.9198 0.8191 0.8676
58 36 0.6934 0.6271 0.6451 0.6820 0.6992 0.6790 0.6047 0.6407
58 37 1.0949 0.9903 1.0187 1.0766 1.1035 1.0716 0.9543 1.0110
58 38 0.7636 0.6907 0.7104 0.7506 0.7693 0.7469 0.6651 0.7045
58 39 1.1611 1.0512 1.0806 1.1398 1.1667 1.1298 1.0030 1.0607
58 40 1.0456 0.9463 0.9729 1.0269 1.0516 1.0205 0.9085 0.9619
58 41 1.2349 1.1178 1.1492 1.2125 1.2414 1.2045 1.0722 1.1351
58 42 0.9231 0.8348 0.8588 0.9079 0.9308 0.9039 0.8051 0.8530
58 43 1.0778 0.9758 1.0031 1.0581 1.0831 1.0483 0.9302 0.9835
58 44 1.1291 1.0222 1.0508 1.1084 1.1346 1.0973 0.9726 1.0280
58 45 0.5441 0.4924 0.5063 0.5345 0.5475 0.5313 0.4731 0.5009
58 46 1.2390 1.1216 1.1530 1.2165 1.2454 1.2083 1.0756 1.1386
58 47 1.1692 1.0585 1.0881 1.1478 1.1750 1.1391 1.0129 1.0718
58 48 0.7245 0.6559 0.6743 0.7113 0.7281 0.7058 0.6275 0.6640
58 49 0.8921 0.8073 0.8301 0.8762 0.8974 0.8709 0.7753 0.8209
58 50 1.0314 0.9328 0.9595 1.0143 1.0398 1.0098 0.8993 0.9528
58 51 0.8501 0.7695 0.7911 0.8348 0.8547 0.8293 0.7382 0.7816
58 52 1.0996 0.9955 1.0233 1.0794 1.1049 1.0672 0.9442 0.9973
58 53 0.7412 0.6710 0.6898 0.7276 0.7449 0.7225 0.6430 0.6806
58 54 1.0025 0.9075 0.9329 0.9841 1.0074 0.9764 0.8679 0.9183
58 55 1.0630 0.9623 0.9893 1.0434 1.0680 1.0243 0.8973 0.9445
58 56 0.6827 0.6179 0.6353 0.6703 0.6863 0.6659 0.5928 0.6275
58 57 1.0891 0.9859 1.0135 1.0691 1.0942 1.0526 0.9261 0.9762
58 59 1.1337 1.0250 1.0546 1.1154 1.1438 1.1109 0.9894 1.0483
58 60 1.1847 1.0725 1.1025 1.1630 1.1905 1.1538 1.0256 1.0851
58 61 0.7088 0.6414 0.6595 0.6962 0.7131 0.6920 0.6161 0.6523
58 62 0.6839 0.6182 0.6361 0.6731 0.6904 0.6707 0.5975 0.6331
58 63 0.8060 0.7294 0.7500 0.7918 0.8109 0.7869 0.7006 0.7418
58 64 0.8875 0.8035 0.8260 0.8713 0.8919 0.8648 0.7692 0.8140
58 65 0.7112 0.6428 0.6615 0.7003 0.7186 0.6982 0.6221 0.6593
58 66 0.9677 0.8744 0.9000 0.9530 0.9781 0.9504 0.8468 0.8976
58 67 1.3334 1.2056 1.2404 1.3117 1.3450 1.3063 1.1635 1.2327
58 68 0.7148 0.6455 0.6647 0.7050 0.7243 0.7044 0.6279 0.6659
58 69 1.1606 1.0507 1.0801 1.1393 1.1662 1.1280 1.0000 1.0570
58 70 1.1821 1.0702 1.1002 1.1605 1.1879 1.1484 1.0173 1.0751
58 71 0.7269 0.6571 0.6762 0.7155 0.7339 0.7130 0.6351 0.6731
58 72 1.1500 1.0411 1.0703 1.1289 1.1556 1.1135 0.9819 1.0360
58 73 1.1655 1.0551 1.0847 1.1441 1.1711 1.1307 0.9997 1.0558
58 74 0.8922 0.8073 0.8302 0.8767 0.8981 0.8716 0.7761 0.8217
58 75 0.9777 0.8848 0.9098 0.9605 0.9837 0.9547 0.8499 0.8999
58 76 1.3308 1.2029 1.2378 1.3099 1.3437 1.3054 1.1628 1.2323
58 77 1.2606 1.1407 1.1730 1.2385 1.2685 1.2311 1.0960 1.1605
58 78 0.9253 0.8374 0.8610 0.9089 0.9309 0.9033 0.8042 0.8514
58 79 0.9591 0.8679 0.8925 0.9423 0.9651 0.9367 0.8339 0.8830
58 80 0.9624 0.8702 0.8953 0.9468 0.9708 0.9429 0.8398 0.8897
58 81 0.9105 0.8234 0.8471 0.8956 0.9181 0.8916 0.7940 0.8411
58 82 1.1458 1.0359 1.0659 1.1277 1.1567 1.1236 1.0009 1.0606
58 83 1.2557 1.1368 1.1686 1.2327 1.2618 1.2225 1.0861 1.1489
58 84 1.0849 0.9822 1.0097 1.0650 1.0902 1.0568 0.9396 0.9942
58 85 1.1979 1.0844 1.1148 1.1759 1.2037 1.1622 1.0278 1.0856
58 86 0.8650 0.7821 0.8047 0.8511 0.8728 0.8478 0.7551 0.8000
58 87 1.1252 1.0173 1.0467 1.1071 1.1353 1.1027 0.9822 1.0406
58 88 1.1621 1.0520 1.0815 1.1408 1.1677 1.1166 0.9742 1.0244
58 89 0.9626 0.8706 0.8956 0.9468 0.9705 0.9424 0.8393 0.8890
58 90 0.8850 0.8012 0.8237 0.8688 0.8894 0.8623 0.7668 0.8114
58 91 0.9335 0.8438 0.8683 0.9191 0.9429 0.9161 0.8161 0.8648
58 92 0.9584 0.8672 0.8918 0.9417 0.9647 0.9363 0.8336 0.8827
58 93 0.9496 0.8585 0.8833 0.9343 0.9582 0.9306 0.8289 0.8782
58 94 1.0965 0.9924 1.0203 1.0768 1.1026 1.0699 0.9524 1.0082
58 95 0.9808 0.8855 0.9119 0.9674 0.9940 0.9666 0.8616 0.9137
58 96 0.9723 0.8784 0.9042 0.9582 0.9838 0.9562 0.8521 0.9034
58 97 0.9299 0.8414 0.8653 0.9138 0.9362 0.9087 0.8090 0.8567
58 98 1.0976 0.9937 1.0215 1.0775 1.1029 1.0605 0.9324 0.9830
58 99 0.9838 0.8892 0.9151 0.9686 0.9938 0.9655 0.8601 0.9115
58 100 0.9179 0.8301 0.8540 0.9030 0.9258 0.8990 0.8007 0.8482
58 101 1.1932 1.0802 1.1104 1.1713 1.1990 1.0988 0.9074 0.9322
58 102 0.9865 0.8914 0.9175 0.9717 0.9973 0.9691 0.8633 0.9150
58 103 0.9334 0.8434 0.8681 0.9193 0.9435 0.9168 0.8168 0.8656
58 104 0.9133 0.8255 0.8495 0.8991 0.9224 0.8960 0.7982 0.8457
58 105 0.9687 0.8754 0.9010 0.9540 0.9790 0.9513 0.8475 0.8981
58 106 0.9791 0.8851 0.9108 0.9638 0.9887 0.9604 0.8555 0.9064
58 107 1.0025 0.9060 0.9324 0.9873 1.0132 0.9845 0.8770 0.9295
58 108 0.9526 0.8624 0.8865 0.9352 0.9573 0.9274 0.8238 0.8713
58 109 0.9290 0.8401 0.8642 0.9138 0.9368 0.9097 0.8102 0.8582
58 110 1.0099 0.9128 0.9394 0.9943 1.0202 0.9912 0.8829 0.9356
58 111 1.0762 0.9725 1.0009 1.0601 1.0880 1.0573 0.9420 0.9983
58 112 1.0298 0.9303 0.9577 1.0147 1.0417 1.0125 0.9021 0.9563
58 113 0.9903 0.8952 0.9212 0.9748 1.0000 0.9715 0.8653 0.9169
58 114 1.1062 0.9996 1.0288 1.0896 1.1183 1.0867 0.9681 1.0261
58 115 1.0066 0.9094 0.9361 0.9919 1.0183 0.9897 0.8819 0.9348
58 116 1.0997 0.9934 1.0227 1.0837 1.1127 1.0815 0.9636 1.0215
58 117 0.9299 0.8404 0.8649 0.9156 0.9395 0.9128 0.8132 0.8617
58 118 0.9613 0.8699 0.8945 0.9445 0.9674 0.9389 0.8359 0.8850
58 119 1.0422 0.9423 0.9695 1.0254 1.0515 1.0213 0.9096 0.9637
58 120 1.1293 1.0224 1.0510 1.1087 1.1350 1.0984 0.9743 1.0302
58 121 1.0585 0.9570 0.9847 1.0417 1.0684 1.0378 0.9244 0.9794
58 122 1.0658 0.9649 0.9919 1.0463 1.0711 1.0342 0.9145 0.9659
58 123 1.0199 0.9225 0.9489 1.0028 1.0278 0.9979 0.8886 0.9411
58 124 1.0798 0.9776 1.0050 1.0601 1.0852 1.0492 0.9295 0.9824
58 125 1.0762 0.9726 1.0010 1.0598 1.0875 1.0567 0.9413 0.9976
59 0 1.3826 1.2514 1.2862 1.3570 1.3895 1.3472 1.1978 1.2677
59 1 1.4706 1.3302 1.3678 1.4451 1.4813 1.4386 1.2812 1.3577
59 2 1.3072 1.1832 1.2162 1.2829 1.3134 1.2720 1.1294 1.1945
59 3 1.3356 1.2090 1.2427 1.3109 1.3420 1.3001 1.1548 1.2217
59 4 1.3995 1.2661 1.3020 1.3754 1.4097 1.3689 1.2192 1.2919
59 5 1.2914 1.1690 1.2016 1.2678 1.2981 1.2596 1.1211 1.1872
59 6 1.4334 1.2976 1.3339 1.4069 1.4400 1.3913 1.2315 1.3008
59 7 1.4220 1.2863 1.3229 1.3979 1.4331 1.3918 1.2397 1.3138
59 8 1.3034 1.1798 1.2128 1.2795 1.3100 1.2706 1.1305 1.1968
59 9 1.3297 1.2034 1.2372 1.3061 1.3380 1.2988 1.1566 1.2251
59 10 1.3382 1.2114 1.2452 1.3137 1.3450 1.3044 1.1604 1.2284
59 11 1.3579 1.2293 1.2636 1.3328 1.3643 1.3197 1.1700 1.2368
59 12 1.3037 1.1802 1.2132 1.2799 1.3105 1.2716 1.1320 1.1987
59 13 1.3091 1.1851 1.2182 1.2849 1.3152 1.2710 1.1253 1.1889
59 14 1.3413 1.2140 1.2481 1.3172 1.3490 1.3093 1.1657 1.2346
59 15 0.7426 0.6723 0.6911 0.7291 0.7464 0.7241 0.6445 0.6823
59 16 1.3987 1.2662 1.3016 1.3731 1.4057 1.3630 1.2121 1.2830
59 17 1.3225 1.1972 1.2307 1.2983 1.3292 1.2892 1.1470 1.2142
59 18 1.1523 1.0431 1.0723 1.1310 1.1576 1.1191 0.9913 1.0476
59 19 1.3326 1.2064 1.2401 1.3081 1.3389 1.2948 1.1476 1.2130
59 20 1.4220 1.2873 1.3233 1.3960 1.4291 1.3853 1.2315 1.3033
59 21 1.3618 1.2329 1.2674 1.3367 1.3682 1.3219 1.1701 1.2362
59 22 0.6642 0.6013 0.6181 0.6520 0.6673 0.6445 0.5702 0.6022
59 23 1.3434 1.2161 1.2502 1.3189 1.3503 1.3102 1.1662 1.2348
59 24 0.7304 0.6612 0.6797 0.7171 0.7341 0.7122 0.6338 0.6710
59 25 1.2904 1.1682 1.2009 1.2668 1.2968 1.2568 1.1171 1.1821
59 26 0.6986 0.6316 0.6498 0.6876 0.7055 0.6855 0.6108 0.6475
59 27 1.3623 1.2333 1.2678 1.3372 1.3687 1.3230 1.1718 1.2382
59 28 1.3989 1.2664 1.3018 1.3733 1.4060 1.3635 1.2130 1.2839
59 29 1.3017 1.1784 1.2114 1.2779 1.3081 1.2680 1.1273 1.1930
59 30 0.6387 0.5780 0.5943 0.6275 0.6427 0.6238 0.5555 0.5883
59 31 1.1776 1.0661 1.0959 1.1559 1.1831 1.1435 1.0126 1.0700
59 32 1.1969 1.0836 1.1139 1.1749 1.2025 1.1626 1.0299 1.0884
59 33 0.8231 0.7451 0.7660 0.8080 0.8273 0.8024 0.7140 0.7558
59 34 1.2144 1.0994 1.1302 1.1921 1.2201 1.1797 1.0453 1.1047
59 35 1.3714 1.2415 1.2763 1.3463 1.3782 1.3363 1.1884 1.2577
59 36 0.8008 0.7250 0.7453 0.7862 0.8049 0.7807 0.6946 0.7353
59 37 0.6076 0.5501 0.5655 0.5965 0.6107 0.5922 0.5268 0.5576
59 38 0.8294 0.7508 0.7718 0.8142 0.8335 0.8081 0.7186 0.7606
59 39 1.2883 1.1663 1.1990 1.2646 1.2943 1.2510 1.1078 1.1706
59 40 1.4101 1.2765 1.3123 1.3842 1.4169 1.3727 1.2194 1.2900
59 41 0.7249 0.6563 0.6747 0.7116 0.7284 0.7055 0.6265 0.6627
59 42 0.7434 0.6730 0.6918 0.7298 0.7471 0.7246 0.6448 0.6825
59 43 1.3479 1.2203 1.2544 1.3231 1.3542 1.3083 1.1579 1.2233
59 44 1.0413 0.9427 0.9691 1.0221 1.0461 1.0099 0.8928 0.9429
59 45 1.2520 1.1335 1.1652 1.2291 1.2581 1.2190 1.0832 1.1460
59 46 0.6515 0.5898 0.6063 0.6395 0.6546 0.6339 0.5629 0.5954
59 47 1.2510 1.1325 1.1642 1.2280 1.2569 1.2162 1.0788 1.1406
59 48 1.0991 0.9951 1.0229 1.0789 1.1044 1.0685 0.9476 1.0018
59 49 0.7243 0.6557 0.6740 0.7110 0.7278 0.7051 0.6265 0.6627
59 50 1.4039 1.2710 1.3066 1.3783 1.4109 1.3684 1.2175 1.2886
59 51 1.3408 1.2138 1.2478 1.3162 1.3472 1.3048 1.1588 1.2258
59 52 0.9860 0.8927 0.9176 0.9678 0.9906 0.9550 0.8428 0.8894
59 53 0.8543 0.7734 0.7950 0.8386 0.8584 0.8311 0.7377 0.7802
59 54 1.3592 1.2305 1.2650 1.3342 1.3657 1.3211 1.1714 1.2383
59 55 1.2729 1.1524 1.1847 1.2495 1.2788 1.2242 1.0697 1.1250
59 56 0.8414 0.7617 0.7830 0.8260 0.8454 0.8188 0.7272 0.7691
59 57 1.1380 1.0303 1.0591 1.1171 1.1433 1.0978 0.9633 1.0146
59 58 1.3029 1.1795 1.2125 1.2790 1.3091 1.2676 1.1254 1.1901
59 60 1.4269 1.2918 1.3279 1.4006 1.4336 1.3868 1.2296 1.2998
59 61 1.1630 1.0529 1.0824 1.1417 1.1686 1.1322 1.0060 1.0641
59 62 1.4022 1.2691 1.3048 1.3770 1.4101 1.3682 1.2180 1.2894
59 63 0.8910 0.8066 0.8292 0.8747 0.8953 0.8674 0.7707 0.8152
59 64 1.3301 1.2042 1.2379 1.3057 1.3364 1.2934 1.1475 1.2133
59 65 0.8912 0.8064 0.8293 0.8756 0.8969 0.8705 0.7750 0.8206
59 66 1.3006 1.1768 1.2101 1.2781 1.3095 1.2711 1.1317 1.1983
59 67 1.1661 1.0557 1.0852 1.1448 1.1719 1.1368 1.0118 1.0709
59 68 1.1793 1.0662 1.0970 1.1605 1.1903 1.1562 1.0298 1.0911
59 69 1.0132 0.9173 0.9429 0.9945 1.0179 0.9827 0.8689 0.9176
59 70 1.2068 1.0925 1.1231 1.1846 1.2124 1.1699 1.0337 1.0914
59 71 0.9411 0.8518 0.8757 0.9243 0.9465 0.9184 0.8175 0.8654
59 72 1.3490 1.2213 1.2555 1.3242 1.3553 1.3035 1.1465 1.2086
59 73 1.3853 1.2542 1.2893 1.3598 1.3918 1.3412 1.1828 1.2480
59 74 1.3686 1.2390 1.2737 1.3435 1.3752 1.3326 1.1843 1.2529
59 75 1.3152 1.1907 1.2240 1.2911 1.3216 1.2804 1.1376 1.2033
59 76 1.1987 1.0849 1.1155 1.1773 1.2057 1.1699 1.0414 1.1024
59 77 0.6960 0.6301 0.6478 0.6833 0.6994 0.6776 0.6021 0.6369
59 78 1.1093 1.0043 1.0324 1.0890 1.1147 1.0799 0.9594 1.0147
59 79 1.0008 0.9061 0.9314 0.9825 1.0057 0.9744 0.8658 0.9159
59 80 1.4251 1.2901 1.3262 1.3990 1.4321 1.3893 1.2364 1.3086
59 81 1.3959 1.2637 1.2991 1.3704 1.4028 1.3605 1.2105 1.2810
59 82 1.4433 1.3064 1.3431 1.4173 1.4513 1.4081 1.2534 1.3268
59 83 1.0861 0.9832 1.0108 1.0661 1.0912 1.0551 0.9350 0.9881
59 84 0.9355 0.8469 0.8707 0.9183 0.9399 0.9094 0.8065 0.8525
59 85 1.4063 1.2731 1.3088 1.3804 1.4128 1.3616 1.2010 1.2673
59 86 1.3789 1.2483 1.2833 1.3539 1.3860 1.3446 1.1968 1.2666
59 87 0.9438 0.8544 0.8783 0.9266 0.9486 0.9203 0.8191 0.8669
59 88 1.2701 1.1499 1.1820 1.2467 1.2759 1.2180 1.0600 1.1135
59 89 1.1473 1.0387 1.0678 1.1263 1.1530 1.1181 0.9947 1.0526
59 90 1.0872 0.9843 1.0118 1.0673 1.0924 1.0570 0.9376 0.9911
59 91 1.3980 1.2652 1.3009 1.3734 1.4066 1.3649 1.2151 1.2862
59 92 1.3725 1.2425 1.2773 1.3473 1.3791 1.3363 1.1876 1.2563
59 93 1.1163 1.0106 1.0389 1.0960 1.1220 1.0885 0.9688 1.0253
59 94 0.9465 0.8569 0.8809 0.9291 0.9510 0.9211 0.8181 0.8652
59 95 1.2304 1.1123 1.1445 1.2109 1.2421 1.2064 1.0745 1.1384
59 96 1.2251 1.1081 1.1398 1.2046 1.2346 1.1987 1.0673 1.1303
59 97 1.3580 1.2294 1.2638 1.3331 1.3645 1.3223 1.1752 1.2432
59 98 1.2877 1.1658 1.1984 1.2640 1.2937 1.2416 1.0888 1.1467
59 99 1.4017 1.2685 1.3043 1.3770 1.4104 1.3686 1.2183 1.2897
59 100 1.1002 0.9960 1.0239 1.0800 1.1056 1.0723 0.9542 1.0097
59 101 1.2747 1.1540 1.1864 1.2513 1.2806 1.1734 0.9689 0.9949
59 102 1.0977 0.9932 1.0214 1.0789 1.1053 1.0728 0.9551 1.0111
59 103 1.0928 0.9887 1.0168 1.0740 1.1003 1.0679 0.9507 1.0064
59 104 1.1401 1.0318 1.0609 1.1199 1.1469 1.1128 0.9905 1.0484
59 105 1.1115 1.0057 1.0343 1.0922 1.1189 1.0859 0.9667 1.0233
59 106 1.1225 1.0160 1.0446 1.1025 1.1290 1.0954 0.9750 1.0319
59 107 1.4009 1.2676 1.3035 1.3766 1.4102 1.3686 1.2183 1.2897
59 108 1.2475 1.1294 1.1610 1.2246 1.2534 1.2118 1.0736 1.1345
59 109 1.0601 0.9597 0.9866 1.0407 1.0653 1.0332 0.9192 0.9726
59 110 1.3757 1.2450 1.2802 1.3515 1.3843 1.3432 1.1957 1.2656
59 111 1.1817 1.0691 1.0995 1.1614 1.1899 1.1549 1.0282 1.0885
59 112 1.2088 1.0934 1.1247 1.1885 1.2180 1.1824 1.0527 1.1146
59 113 1.1551 1.0455 1.0749 1.1345 1.1618 1.1273 1.0034 1.0620
59 114 1.1977 1.0837 1.1145 1.1771 1.2060 1.1705 1.0420 1.1032
59 115 1.2605 1.1402 1.1727 1.2393 1.2701 1.2329 1.0978 1.1624
59 116 1.1690 1.0573 1.0876 1.1494 1.1781 1.1437 1.0183 1.0783
59 117 1.0874 0.9840 1.0118 1.0683 1.0942 1.0618 0.9452 1.0006
59 118 1.1137 1.0083 1.0365 1.0933 1.1191 1.0843 0.9634 1.0190
59 119 1.3816 1.2507 1.2858 1.3563 1.3885 1.3469 1.1987 1.2685
59 120 1.2444 1.1266 1.1581 1.2215 1.2503 1.2076 1.0684 1.1286
59 121 1.1264 1.0196 1.0482 1.1061 1.1324 1.0986 0.9778 1.0348
59 122 1.1669 1.0564 1.0860 1.1454 1.1723 1.1297 0.9964 1.0514
59 123 1.1016 0.9973 1.0253 1.0815 1.1070 1.0732 0.9544 1.0098
59 124 1.1803 1.0685 1.0985 1.1586 1.1858 1.1442 1.0110 1.0675
59 125 1.1100 1.0044 1.0328 1.0906 1.1172 1.0842 0.9651 1.0217
60 0 1.2452 1.1256 1.1579 1.2249 1.2564 1.2203 1.0867 1.1514
60 1 1.3165 1.1886 1.2237 1.2979 1.3336 1.2971 1.1561 1.2265
60 2 1.1793 1.0668 1.0970 1.1588 1.1873 1.1524 1.0259 1.0861
60 3 1.1949 1.0807 1.1115 1.1745 1.2037 1.1686 1.0405 1.1019
60 4 1.3528 1.2215 1.2577 1.3337 1.3703 1.3327 1.1879 1.2602
60 5 1.2085 1.0920 1.1238 1.1900 1.2213 1.1869 1.0575 1.1211
60 6 1.4219 1.2872 1.3231 1.3956 1.4285 1.3838 1.2293 1.2998
60 7 1.3077 1.1806 1.2157 1.2897 1.3254 1.2892 1.1493 1.2194
60 8 1.2075 1.0914 1.1230 1.1886 1.2195 1.1849 1.0556 1.1188
60 9 1.2791 1.1554 1.1893 1.2605 1.2944 1.2585 1.1216 1.1895
60 10 1.2446 1.1250 1.1576 1.2250 1.2567 1.2210 1.0877 1.1528
60 11 1.3349 1.2084 1.2422 1.3103 1.3413 1.3010 1.1577 1.2251
60 12 1.2595 1.1381 1.1713 1.2404 1.2732 1.2374 1.1025 1.1689
60 13 1.0647 0.9638 0.9908 1.0451 1.0698 1.0366 0.9212 0.9743
60 14 1.2558 1.1345 1.1678 1.2372 1.2703 1.2348 1.1004 1.1668
60 15 1.2289 1.1106 1.1429 1.2101 1.2418 1.2067 1.0751 1.1397
60 16 1.3085 1.1829 1.2171 1.2877 1.3207 1.2830 1.1429 1.2111
60 17 1.2669 1.1451 1.1783 1.2471 1.2795 1.2432 1.1076 1.1740
60 18 1.0665 0.9654 0.9924 1.0469 1.0716 1.0388 0.9236 0.9771
60 19 1.3132 1.1889 1.2221 1.2891 1.3197 1.2798 1.1385 1.2046
60 20 1.3783 1.2462 1.2821 1.3560 1.3905 1.3505 1.2029 1.2746
60 21 1.3800 1.2493 1.2842 1.3546 1.3867 1.3435 1.1936 1.2624
60 22 1.2236 1.1077 1.1387 1.2011 1.2295 1.1908 1.0574 1.1181
60 23 1.3031 1.1775 1.2119 1.2834 1.3173 1.2802 1.1407 1.2093
60 24 1.2568 1.1357 1.1689 1.2376 1.2700 1.2342 1.0996 1.1657
60 25 1.2232 1.1060 1.1378 1.2032 1.2336 1.1981 1.0671 1.1305
60 26 1.2509 1.1286 1.1627 1.2352 1.2706 1.2367 1.1029 1.1707
60 27 0.9989 0.9043 0.9296 0.9806 1.0038 0.9729 0.8650 0.9151
60 28 1.3135 1.1872 1.2217 1.2930 1.3265 1.2888 1.1482 1.2170
60 29 1.2424 1.1233 1.1557 1.2223 1.2535 1.2175 1.0845 1.1491
60 30 1.1902 1.0750 1.1067 1.1730 1.2046 1.1711 1.0438 1.1070
60 31 1.3181 1.1933 1.2266 1.2939 1.3246 1.2838 1.1412 1.2073
60 32 1.1078 1.0029 1.0309 1.0875 1.1133 1.0793 0.9597 1.0154
60 33 1.1420 1.0321 1.0622 1.1245 1.1539 1.1212 0.9989 1.0589
60 34 1.0726 0.9710 0.9982 1.0530 1.0779 1.0452 0.9296 0.9836
60 35 1.2131 1.0966 1.1284 1.1938 1.2246 1.1896 1.0597 1.1230
60 36 1.1913 1.0766 1.1080 1.1729 1.2035 1.1694 1.0419 1.1044
60 37 1.1811 1.0676 1.0986 1.1626 1.1927 1.1588 1.0324 1.0942
60 38 1.2336 1.1152 1.1474 1.2140 1.2452 1.2096 1.0776 1.1420
60 39 1.2232 1.1073 1.1383 1.2008 1.2292 1.1914 1.0591 1.1205
60 40 1.2087 1.0933 1.1245 1.1885 1.2182 1.1828 1.0534 1.1158
60 41 1.3559 1.2266 1.2616 1.3328 1.3658 1.3260 1.1807 1.2506
60 42 1.1895 1.0750 1.1063 1.1712 1.2018 1.1678 1.0405 1.1029
60 43 0.8268 0.7485 0.7694 0.8117 0.8309 0.8050 0.7152 0.7565
60 44 1.2157 1.1006 1.1314 1.1935 1.2217 1.1827 1.0496 1.1098
60 45 1.1779 1.0653 1.0958 1.1584 1.1876 1.1532 1.0271 1.0881
60 46 1.3533 1.2243 1.2592 1.3302 1.3630 1.3232 1.1783 1.2479
60 47 1.1917 1.0787 1.1090 1.1702 1.1982 1.1626 1.0349 1.0956
60 48 1.1314 1.0241 1.0529 1.1109 1.1373 1.1035 0.9823 1.0398
60 49 1.1222 1.0150 1.0440 1.1035 1.1312 1.0984 0.9782 1.0363
60 50 1.2448 1.1251 1.1578 1.2256 1.2576 1.2219 1.0887 1.1539
60 51 1.1436 1.0345 1.0640 1.1242 1.1521 1.1185 0.9960 1.0550
60 52 1.1794 1.0677 1.0976 1.1578 1.1852 1.1459 1.0151 1.0727
60 53 1.1816 1.0691 1.0994 1.1611 1.1895 1.1545 1.0280 1.0886
60 54 1.1501 1.0412 1.0703 1.1291 1.1559 1.1214 0.9981 1.0565
60 55 0.6701 0.6066 0.6236 0.6578 0.6733 0.6464 0.5669 0.5970
60 56 1.1899 1.0764 1.1071 1.1697 1.1987 1.1637 1.0363 1.0975
60 57 1.2400 1.1226 1.1540 1.2173 1.2460 1.1998 1.0569 1.1146
60 58 1.0564 0.9557 0.9829 1.0382 1.0637 1.0325 0.9194 0.9736
60 59 1.2135 1.0965 1.1286 1.1953 1.2268 1.1922 1.0623 1.1261
60 61 1.1556 1.0451 1.0751 1.1365 1.1651 1.1313 1.0076 1.0673
60 62 1.2796 1.1560 1.1900 1.2608 1.2945 1.2582 1.1212 1.1887
60 63 1.2053 1.0901 1.1213 1.1853 1.2151 1.1799 1.0508 1.1131
60 64 1.1876 1.0748 1.1051 1.1665 1.1947 1.1593 1.0321 1.0927
60 65 1.1328 1.0232 1.0534 1.1167 1.1469 1.1151 0.9938 1.0538
60 66 1.2459 1.1251 1.1585 1.2285 1.2619 1.2270 1.0936 1.1599
60 67 1.4602 1.3194 1.3580 1.4381 1.4760 1.4343 1.2780 1.3547
60 68 1.0935 0.9867 1.0165 1.0796 1.1103 1.0804 0.9633 1.0223
60 69 1.2459 1.1280 1.1595 1.2232 1.2522 1.2124 1.0761 1.1380
60 70 1.1402 1.0322 1.0611 1.1194 1.1459 1.1089 0.9836 1.0400
60 71 1.2478 1.1272 1.1604 1.2296 1.2624 1.2271 1.0935 1.1594
60 72 0.9938 0.8997 0.9249 0.9756 0.9987 0.9633 0.8505 0.8978
60 73 0.9593 0.8684 0.8927 0.9417 0.9640 0.9316 0.8248 0.8715
60 74 1.2210 1.1041 1.1359 1.2011 1.2315 1.1960 1.0652 1.1285
60 75 1.1728 1.0607 1.0911 1.1535 1.1825 1.1482 1.0226 1.0833
60 76 1.4479 1.3079 1.3465 1.4268 1.4650 1.4240 1.2690 1.3455
60 77 1.3422 1.2138 1.2487 1.3202 1.3534 1.3143 1.1705 1.2400
60 78 1.1979 1.0834 1.1145 1.1781 1.2076 1.1726 1.0443 1.1062
60 79 1.1880 1.0743 1.1052 1.1685 1.1979 1.1633 1.0361 1.0976
60 80 1.3258 1.1980 1.2331 1.3059 1.3403 1.3025 1.1605 1.2302
60 81 1.2890 1.1650 1.1989 1.2693 1.3025 1.2655 1.1275 1.1951
60 82 1.3147 1.1877 1.2226 1.2953 1.3299 1.2926 1.1519 1.2212
60 83 1.3540 1.2258 1.2601 1.3293 1.3608 1.3197 1.1740 1.2425
60 84 1.1633 1.0531 1.0826 1.1423 1.1696 1.1348 1.0101 1.0693
60 85 1.1607 1.0508 1.0802 1.1395 1.1665 1.1275 0.9984 1.0550
60 86 1.2648 1.1428 1.1763 1.2459 1.2789 1.2429 1.1074 1.1740
60 87 1.2502 1.1296 1.1627 1.2315 1.2641 1.2285 1.0946 1.1604
60 88 0.8371 0.7578 0.7790 0.8218 0.8413 0.8052 0.7034 0.7400
60 89 1.2854 1.1617 1.1955 1.2656 1.2986 1.2617 1.1241 1.1914
60 90 1.2017 1.0877 1.1183 1.1802 1.2085 1.1727 1.0439 1.1052
60 91 1.2933 1.1681 1.2026 1.2747 1.3090 1.2725 1.1340 1.2024
60 92 1.2726 1.1508 1.1839 1.2519 1.2836 1.2466 1.1103 1.1763
60 93 1.2546 1.1335 1.1668 1.2359 1.2686 1.2329 1.0985 1.1645
60 94 1.1851 1.0719 1.1026 1.1651 1.1942 1.1594 1.0325 1.0936
60 95 1.2073 1.0893 1.1223 1.1922 1.2261 1.1931 1.0638 1.1289
60 96 1.2033 1.0863 1.1188 1.1872 1.2201 1.1866 1.0578 1.1221
60 97 1.2536 1.1335 1.1662 1.2332 1.2646 1.2282 1.0939 1.1590
60 98 0.8770 0.7940 0.8162 0.8610 0.8814 0.8484 0.7469 0.7878
60 99 1.3022 1.1762 1.2109 1.2835 1.3181 1.2814 1.1420 1.2109
60 100 1.2005 1.0849 1.1166 1.1823 1.2133 1.1790 1.0504 1.1134
60 101 1.1531 1.0439 1.0732 1.1321 1.1589 1.0622 0.8772 0.9012
60 102 1.1867 1.0716 1.1035 1.1702 1.2022 1.1689 1.0418 1.1047
60 103 1.1859 1.0709 1.1027 1.1694 1.2013 1.1680 1.0410 1.1039
60 104 1.2093 1.0924 1.1246 1.1919 1.2239 1.1897 1.0601 1.1239
60 105 1.2192 1.1010 1.1337 1.2021 1.2347 1.2005 1.0699 1.1344
60 106 1.2264 1.1079 1.1405 1.2085 1.2409 1.2062 1.0748 1.1394
60 107 1.3037 1.1774 1.2123 1.2854 1.3204 1.2837 1.1441 1.2131
60 108 1.1101 1.0050 1.0332 1.0899 1.1159 1.0820 0.9624 1.0185
60 109 1.1168 1.0093 1.0388 1.0998 1.1286 1.0967 0.9770 1.0355
60 110 1.2777 1.1540 1.1881 1.2594 1.2934 1.2574 1.1205 1.1880
60 111 1.2779 1.1540 1.1883 1.2602 1.2947 1.2589 1.1220 1.1898
60 112 1.2455 1.1244 1.1580 1.2286 1.2626 1.2279 1.0945 1.1608
60 113 1.2146 1.0972 1.1295 1.1970 1.2291 1.1947 1.0646 1.1287
60 114 1.3173 1.1895 1.2249 1.2990 1.3345 1.2976 1.1565 1.2264
60 115 1.1858 1.0706 1.1026 1.1698 1.2022 1.1692 1.0422 1.1053
60 116 1.3072 1.1801 1.2154 1.2897 1.3254 1.2891 1.1491 1.2188
60 117 1.1615 1.0490 1.0801 1.1450 1.1759 1.1432 1.0188 1.0803
60 118 1.1617 1.0505 1.0807 1.1427 1.1716 1.1377 1.0133 1.0734
60 119 1.2871 1.1630 1.1970 1.2679 1.3014 1.2647 1.1269 1.1945
60 120 1.0925 0.9890 1.0167 1.0726 1.0981 1.0638 0.9449 0.9996
60 121 1.2696 1.1471 1.1808 1.2509 1.2842 1.2482 1.1122 1.1790
60 122 1.0126 0.9167 0.9424 0.9942 1.0178 0.9837 0.8710 0.9205
60 123 1.2383 1.1194 1.1519 1.2190 1.2506 1.2149 1.0823 1.1469
60 124 1.0322 0.9344 0.9606 1.0134 1.0375 1.0041 0.8907 0.9419
60 125 1.2550 1.1335 1.1670 1.2373 1.2709 1.2356 1.1012 1.1677
61 0 0.9607 0.8693 0.8936 0.9434 0.9664 0.9379 0.8349 0.8840
61 1 0.9549 0.8630 0.8879 0.9398 0.9644 0.9372 0.8349 0.8853
61 2 0.9490 0.8590 0.8830 0.9314 0.9535 0.9246 0.8223 0.8701
61 3 0.9943 0.9000 0.9251 0.9759 0.9991 0.9691 0.8622 0.9126
61 4 0.9980 0.9021 0.9281 0.9822 1.0078 0.9793 0.8726 0.9251
61 5 0.9361 0.8467 0.8708 0.9201 0.9431 0.9157 0.8155 0.8640
61 6 0.8868 0.8028 0.8252 0.8704 0.8909 0.8618 0.7641 0.8074
61 7 1.0374 0.9376 0.9648 1.0214 1.0482 1.0188 0.9078 0.9626
61 8 0.9624 0.8707 0.8954 0.9457 0.9689 0.9406 0.8376 0.8872
61 9 0.9163 0.8285 0.8523 0.9014 0.9244 0.8980 0.7999 0.8478
61 10 0.9895 0.8953 0.9206 0.9722 0.9960 0.9669 0.8609 0.9119
61 11 0.9489 0.8590 0.8830 0.9314 0.9534 0.9234 0.8201 0.8673
61 12 0.9880 0.8937 0.9192 0.9714 0.9957 0.9668 0.8611 0.9123
61 13 0.9796 0.8868 0.9116 0.9615 0.9842 0.9523 0.8446 0.8927
61 14 1.0017 0.9059 0.9318 0.9852 1.0101 0.9810 0.8738 0.9260
61 15 0.8363 0.7566 0.7781 0.8221 0.8424 0.8179 0.7284 0.7717
61 16 1.0586 0.9580 0.9850 1.0399 1.0652 1.0338 0.9205 0.9748
61 17 0.7845 0.7098 0.7299 0.7709 0.7898 0.7667 0.6828 0.7232
61 18 0.6552 0.5931 0.6097 0.6431 0.6583 0.6372 0.5654 0.5978
61 19 0.8804 0.7970 0.8193 0.8642 0.8846 0.8566 0.7605 0.8042
61 20 1.0591 0.9586 0.9855 1.0401 1.0651 1.0336 0.9202 0.9743
61 21 1.0990 0.9949 1.0227 1.0788 1.1042 1.0682 0.9472 1.0011
61 22 0.9541 0.8638 0.8879 0.9366 0.9586 0.9270 0.8215 0.8682
61 23 1.0221 0.9245 0.9509 1.0049 1.0300 1.0001 0.8907 0.9436
61 24 0.7195 0.6509 0.6694 0.7073 0.7248 0.7037 0.6267 0.6639
61 25 0.6800 0.6155 0.6327 0.6677 0.6836 0.6633 0.5905 0.6252
61 26 0.8359 0.7550 0.7773 0.8240 0.8464 0.8231 0.7337 0.7782
61 27 1.0657 0.9648 0.9918 1.0461 1.0708 1.0363 0.9194 0.9721
61 28 1.0873 0.9838 1.0117 1.0684 1.0946 1.0626 0.9461 1.0021
61 29 0.7236 0.6549 0.6734 0.7107 0.7278 0.7063 0.6288 0.6657
61 30 0.8332 0.7534 0.7750 0.8197 0.8406 0.8165 0.7273 0.7708
61 31 1.0360 0.9379 0.9641 1.0169 1.0409 1.0073 0.8936 0.9448
61 32 1.0697 0.9684 0.9955 1.0501 1.0748 1.0404 0.9233 0.9763
61 33 0.6410 0.5799 0.5964 0.6300 0.6456 0.6267 0.5581 0.5911
61 34 1.0911 0.9878 1.0154 1.0711 1.0964 1.0614 0.9421 0.9962
61 35 1.0411 0.9421 0.9687 1.0228 1.0476 1.0168 0.9053 0.9587
61 36 0.7111 0.6433 0.6616 0.6989 0.7161 0.6952 0.6191 0.6557
61 37 0.8659 0.7834 0.8056 0.8508 0.8716 0.8461 0.7534 0.7979
61 38 0.6247 0.5653 0.5813 0.6137 0.6286 0.6101 0.5432 0.5752
61 39 1.0228 0.9260 0.9519 1.0041 1.0277 0.9946 0.8823 0.9329
61 40 1.0936 0.9900 1.0177 1.0736 1.0990 1.0661 0.9487 1.0042
61 41 1.0926 0.9891 1.0168 1.0726 1.0980 1.0648 0.9472 1.0025
61 42 0.7734 0.6997 0.7196 0.7602 0.7789 0.7562 0.6733 0.7132
61 43 1.0641 0.9633 0.9903 1.0445 1.0691 1.0342 0.9170 0.9693
61 44 1.0150 0.9189 0.9446 0.9963 1.0198 0.9857 0.8730 0.9225
61 45 0.9778 0.8852 0.9100 0.9600 0.9827 0.9534 0.8487 0.8984
61 46 1.1072 1.0023 1.0304 1.0869 1.1126 1.0789 0.9597 1.0157
61 47 1.1119 1.0067 1.0348 1.0916 1.1173 1.0826 0.9619 1.0176
61 48 0.5976 0.5410 0.5561 0.5866 0.6005 0.5817 0.5168 0.5467
61 49 0.8269 0.7486 0.7696 0.8118 0.8310 0.8062 0.7175 0.7595
61 50 1.0838 0.9806 1.0084 1.0652 1.0914 1.0595 0.9434 0.9992
61 51 1.0431 0.9443 0.9708 1.0240 1.0482 1.0166 0.9044 0.9572
61 52 0.9834 0.8903 0.9152 0.9653 0.9880 0.9538 0.8432 0.8904
61 53 0.6868 0.6218 0.6392 0.6742 0.6901 0.6691 0.5950 0.6296
61 54 1.0652 0.9643 0.9913 1.0456 1.0703 1.0367 0.9209 0.9741
61 55 1.0406 0.9421 0.9685 1.0215 1.0455 1.0021 0.8771 0.9230
61 56 0.8395 0.7600 0.7813 0.8242 0.8436 0.8181 0.7279 0.7703
61 57 0.9654 0.8740 0.8985 0.9476 0.9699 0.9325 0.8197 0.8639
61 58 0.8834 0.7997 0.8221 0.8672 0.8877 0.8607 0.7655 0.8100
61 59 1.1221 1.0150 1.0440 1.1033 1.1307 1.0978 0.9776 1.0355
61 60 1.1385 1.0307 1.0596 1.1176 1.1440 1.1081 0.9843 1.0411
61 62 0.9630 0.8709 0.8959 0.9472 0.9710 0.9430 0.8398 0.8897
61 63 0.7726 0.6995 0.7190 0.7585 0.7764 0.7532 0.6704 0.7096
61 64 1.0730 0.9714 0.9986 1.0533 1.0781 1.0448 0.9286 0.9824
61 65 0.8041 0.7270 0.7480 0.7913 0.8115 0.7882 0.7021 0.7439
61 66 1.0334 0.9342 0.9613 1.0171 1.0433 1.0135 0.9028 0.9567
61 67 1.2397 1.1214 1.1534 1.2188 1.2491 1.2127 1.0799 1.1438
61 68 0.8215 0.7420 0.7639 0.8096 0.8314 0.8082 0.7203 0.7637
61 69 1.0396 0.9412 0.9676 1.0206 1.0446 1.0098 0.8945 0.9452
61 70 1.0913 0.9880 1.0157 1.0713 1.0965 1.0595 0.9378 0.9908
61 71 0.9232 0.8348 0.8588 0.9080 0.9310 0.9041 0.8052 0.8530
61 72 1.2193 1.1039 1.1348 1.1969 1.2251 1.1798 1.0395 1.0965
61 73 1.1219 1.0157 1.0441 1.1013 1.1273 1.0877 0.9610 1.0146
61 74 1.0748 0.9729 1.0002 1.0554 1.0805 1.0484 0.9332 0.9878
61 75 1.0664 0.9654 0.9925 1.0469 1.0717 1.0397 0.9254 0.9795
61 76 1.2457 1.1264 1.1588 1.2253 1.2563 1.2200 1.0865 1.1510
61 77 1.0536 0.9538 0.9805 1.0344 1.0590 1.0274 0.9144 0.9679
61 78 0.8595 0.7781 0.7999 0.8438 0.8637 0.8379 0.7457 0.7893
61 79 0.5958 0.5394 0.5545 0.5850 0.5989 0.5810 0.5172 0.5474
61 80 1.0745 0.9719 0.9997 1.0564 1.0827 1.0511 0.9360 0.9913
61 81 0.9289 0.8404 0.8643 0.9130 0.9355 0.9081 0.8086 0.8563
61 82 1.1434 1.0341 1.0637 1.1246 1.1529 1.1195 0.9970 1.0561
61 83 1.1557 1.0463 1.0756 1.1345 1.1613 1.1244 0.9981 1.0556
61 84 1.0493 0.9499 0.9765 1.0300 1.0544 1.0214 0.9074 0.9599
61 85 1.1922 1.0793 1.1095 1.1703 1.1978 1.1559 1.0214 1.0785
61 86 1.0132 0.9164 0.9426 0.9962 1.0211 0.9914 0.8829 0.9351
61 87 1.0972 0.9924 1.0208 1.0788 1.1057 1.0736 0.9560 1.0126
61 88 1.1019 0.9976 1.0255 1.0817 1.1071 1.0581 0.9224 0.9696
61 89 0.9620 0.8704 0.8951 0.9455 0.9688 0.9403 0.8373 0.8866
61 90 0.8618 0.7802 0.8021 0.8460 0.8660 0.8391 0.7456 0.7887
61 91 0.9413 0.8511 0.8757 0.9261 0.9497 0.9223 0.8214 0.8702
61 92 1.0556 0.9555 0.9823 1.0365 1.0612 1.0296 0.9165 0.9702
61 93 0.9299 0.8410 0.8651 0.9143 0.9371 0.9099 0.8102 0.8582
61 94 1.0629 0.9623 0.9892 1.0435 1.0681 1.0359 0.9217 0.9754
61 95 0.9142 0.8257 0.8501 0.9011 0.9254 0.8996 0.8016 0.8499
61 96 0.6872 0.6210 0.6391 0.6767 0.6944 0.6747 0.6011 0.6371
61 97 1.0361 0.9378 0.9642 1.0174 1.0417 1.0108 0.8997 0.9524
61 98 1.1431 1.0349 1.0638 1.1221 1.1485 1.1037 0.9696 1.0219
61 99 1.0879 0.9837 1.0121 1.0704 1.0976 1.0660 0.9494 1.0058
61 100 0.8767 0.7931 0.8157 0.8618 0.8831 0.8573 0.7634 0.8084
61 101 1.2176 1.1024 1.1332 1.1953 1.2235 1.1211 0.9257 0.9507
61 102 0.6770 0.6120 0.6298 0.6664 0.6836 0.6640 0.5914 0.6266
61 103 0.8583 0.7759 0.7984 0.8448 0.8665 0.8417 0.7497 0.7943
61 104 0.9872 0.8927 0.9184 0.9712 0.9958 0.9670 0.8612 0.9122
61 105 0.8837 0.7988 0.8220 0.8696 0.8920 0.8664 0.7716 0.8175
61 106 0.9155 0.8279 0.8517 0.9005 0.9233 0.8965 0.7984 0.8457
61 107 1.0775 0.9741 1.0023 1.0604 1.0876 1.0564 0.9409 0.9968
61 108 1.0899 0.9867 1.0144 1.0700 1.0952 1.0603 0.9411 0.9951
61 109 0.8894 0.8046 0.8276 0.8743 0.8959 0.8696 0.7743 0.8199
61 110 1.0396 0.9399 0.9671 1.0228 1.0489 1.0186 0.9072 0.9610
61 111 0.9089 0.8216 0.8454 0.8946 0.9177 0.8914 0.7940 0.8413
61 112 0.9769 0.8828 0.9086 0.9619 0.9870 0.9589 0.8542 0.9052
61 113 0.9261 0.8374 0.8615 0.9110 0.9340 0.9070 0.8077 0.8556
61 114 1.1134 1.0065 1.0357 1.0959 1.1242 1.0920 0.9727 1.0305
61 115 1.1105 1.0036 1.0329 1.0935 1.1220 1.0901 0.9711 1.0291
61 116 1.0493 0.9483 0.9759 1.0333 1.0604 1.0303 0.9178 0.9726
61 117 0.9117 0.8243 0.8481 0.8970 0.9199 0.8935 0.7958 0.8430
61 118 0.9057 0.8199 0.8429 0.8893 0.9104 0.8833 0.7862 0.8321
61 119 0.9642 0.8721 0.8971 0.9480 0.9717 0.9434 0.8400 0.8896
61 120 1.1615 1.0515 1.0810 1.1402 1.1671 1.1288 1.0006 1.0576
61 121 0.9687 0.8761 0.9012 0.9527 0.9766 0.9482 0.8444 0.8943
61 122 1.0935 0.9900 1.0177 1.0735 1.0988 1.0603 0.9368 0.9892
61 123 0.9432 0.8535 0.8777 0.9268 0.9494 0.9214 0.8203 0.8685
61 124 1.1073 1.0025 1.0306 1.0871 1.1127 1.0752 0.9517 1.0055
61 125 0.9612 0.8690 0.8942 0.9459 0.9701 0.9423 0.8392 0.8891
62 0 1.2589 1.1394 1.1711 1.2356 1.2652 1.2263 1.0899 1.1534
62 1 1.3185 1.1929 1.2264 1.2952 1.3273 1.2888 1.1477 1.2161
62 2 1.2011 1.0872 1.1175 1.1788 1.2067 1.1684 1.0370 1.0967
62 3 1.2457 1.1276 1.1590 1.2227 1.2517 1.2122 1.0764 1.1386
62 4 1.2958 1.1726 1.2056 1.2731 1.3044 1.2665 1.1279 1.1950
62 5 1.1188 1.0128 1.0410 1.0984 1.1246 1.0909 0.9706 1.0277
62 6 1.2088 1.0943 1.1248 1.1864 1.2143 1.1729 1.0378 1.0960
62 7 1.3381 1.2107 1.2449 1.3150 1.3477 1.3087 1.1656 1.2351
62 8 1.1958 1.0824 1.1127 1.1739 1.2019 1.1654 1.0364 1.0971
62 9 1.1703 1.0593 1.0889 1.1491 1.1768 1.1422 1.0170 1.0772
62 10 1.1451 1.0366 1.0655 1.1241 1.1509 1.1158 0.9922 1.0503
62 11 1.3218 1.1966 1.2300 1.2974 1.3280 1.2843 1.1381 1.2030
62 12 1.1312 1.0240 1.0526 1.1106 1.1371 1.1030 0.9815 1.0392
62 13 1.1856 1.0733 1.1033 1.1637 1.1911 1.1507 1.0184 1.0759
62 14 1.2299 1.1133 1.1445 1.2075 1.2364 1.1997 1.0680 1.1309
62 15 1.1228 1.0164 1.0448 1.1023 1.1286 1.0945 0.9737 1.0308
62 16 1.3200 1.1950 1.2284 1.2959 1.3267 1.2859 1.1432 1.2099
62 17 1.1027 0.9983 1.0262 1.0826 1.1083 1.0747 0.9557 1.0117
62 18 0.9323 0.8440 0.8676 0.9151 0.9366 0.9052 0.8015 0.8469
62 19 1.3050 1.1814 1.2144 1.2809 1.3111 1.2676 1.1230 1.1869
62 20 1.2393 1.1219 1.1533 1.2166 1.2455 1.2069 1.0725 1.1349
62 21 1.3611 1.2322 1.2667 1.3360 1.3674 1.3208 1.1687 1.2345
62 22 1.2292 1.1128 1.1439 1.2065 1.2349 1.1923 1.0545 1.1136
62 23 1.2813 1.1599 1.1923 1.2579 1.2879 1.2492 1.1115 1.1767
62 24 1.1115 1.0062 1.0344 1.0912 1.1172 1.0835 0.9639 1.0203
62 25 1.0071 0.9117 0.9372 0.9887 1.0121 0.9806 0.8712 0.9218
62 26 1.1640 1.0525 1.0827 1.1453 1.1747 1.1413 1.0167 1.0777
62 27 1.2435 1.1257 1.1572 1.2206 1.2493 1.2072 1.0688 1.1292
62 28 1.3247 1.1993 1.2328 1.3005 1.3314 1.2908 1.1479 1.2149
62 29 1.1865 1.0741 1.1042 1.1648 1.1924 1.1555 1.0268 1.0865
62 30 1.1239 1.0173 1.0458 1.1036 1.1302 1.0968 0.9765 1.0340
62 31 1.3098 1.1858 1.2190 1.2857 1.3159 1.2715 1.1255 1.1892
62 32 1.2378 1.1206 1.1519 1.2150 1.2436 1.2019 1.0643 1.1246
62 33 1.0909 0.9876 1.0152 1.0710 1.0964 1.0632 0.9457 1.0009
62 34 1.2267 1.1106 1.1416 1.2041 1.2325 1.1913 1.0551 1.1150
62 35 1.1740 1.0628 1.0926 1.1526 1.1799 1.1436 1.0166 1.0758
62 36 1.0603 0.9599 0.9868 1.0410 1.0657 1.0333 0.9191 0.9728
62 37 1.2016 1.0878 1.1182 1.1796 1.2076 1.1707 1.0410 1.1017
62 38 1.0081 0.9127 0.9382 0.9897 1.0131 0.9820 0.8729 0.9237
62 39 1.2554 1.1365 1.1683 1.2323 1.2612 1.2186 1.0787 1.1397
62 40 1.2539 1.1351 1.1669 1.2309 1.2600 1.2202 1.0836 1.1462
62 41 1.3468 1.2192 1.2534 1.3220 1.3532 1.3102 1.1631 1.2301
62 42 1.1212 1.0150 1.0434 1.1007 1.1268 1.0926 0.9718 1.0285
62 43 1.1915 1.0787 1.1089 1.1696 1.1971 1.1562 1.0229 1.0805
62 44 1.2222 1.1065 1.1375 1.1997 1.2279 1.1850 1.0472 1.1057
62 45 1.0641 0.9634 0.9903 1.0446 1.0693 1.0358 0.9200 0.9732
62 46 1.3451 1.2177 1.2518 1.3204 1.3516 1.3085 1.1615 1.2283
62 47 1.2667 1.1468 1.1789 1.2435 1.2727 1.2312 1.0916 1.1540
62 48 1.0639 0.9632 0.9901 1.0444 1.0689 1.0339 0.9166 0.9689
62 49 1.0086 0.9131 0.9386 0.9901 1.0134 0.9816 0.8717 0.9221
62 50 1.0714 0.9700 0.9971 1.0519 1.0768 1.0440 0.9285 0.9826
62 51 1.0550 0.9552 0.9819 1.0357 1.0601 1.0265 0.9112 0.9637
62 52 1.1899 1.0772 1.1074 1.1680 1.1954 1.1521 1.0163 1.0724
62 53 1.0640 0.9633 0.9902 1.0445 1.0691 1.0348 0.9182 0.9709
62 54 1.1385 1.0308 1.0596 1.1176 1.1439 1.1063 0.9805 1.0364
62 55 1.1583 1.0487 1.0780 1.1370 1.1636 1.1136 0.9727 1.0227
62 56 1.0340 0.9361 0.9623 1.0150 1.0389 1.0059 0.8930 0.9443
62 57 1.1819 1.0700 1.1000 1.1601 1.1873 1.1397 0.9997 1.0527
62 58 0.8667 0.7847 0.8066 0.8508 0.8709 0.8430 0.7481 0.7911
62 59 1.2318 1.1151 1.1463 1.2093 1.2379 1.2006 1.0682 1.1305
62 60 1.3012 1.1780 1.2110 1.2773 1.3073 1.2643 1.1206 1.1843
62 61 1.0506 0.9512 0.9778 1.0314 1.0557 1.0225 0.9081 0.9605
62 63 1.1201 1.0141 1.0425 1.0996 1.1255 1.0901 0.9682 1.0240
62 64 1.1269 1.0202 1.0488 1.1062 1.1322 1.0954 0.9715 1.0270
62 65 1.0440 0.9449 0.9715 1.0254 1.0501 1.0189 0.9071 0.9602
62 66 1.0508 0.9510 0.9778 1.0323 1.0574 1.0262 0.9135 0.9672
62 67 1.4457 1.3088 1.3454 1.4193 1.4529 1.4090 1.2535 1.3265
62 68 1.0049 0.9087 0.9348 0.9885 1.0136 0.9844 0.8768 0.9288
62 69 1.2488 1.1305 1.1622 1.2258 1.2546 1.2108 1.0702 1.1300
62 70 1.2620 1.1425 1.1745 1.2388 1.2679 1.2230 1.0802 1.1404
62 71 1.0435 0.9447 0.9711 1.0245 1.0489 1.0176 0.9057 0.9586
62 72 1.2445 1.1267 1.1582 1.2216 1.2502 1.2021 1.0568 1.1139
62 73 1.2718 1.1514 1.1836 1.2484 1.2777 1.2308 1.0850 1.1447
62 74 1.1333 1.0260 1.0547 1.1125 1.1388 1.1032 0.9800 1.0366
62 75 1.1204 1.0144 1.0428 1.0999 1.1258 1.0904 0.9684 1.0242
62 76 1.4390 1.3027 1.3392 1.4129 1.4465 1.4034 1.2491 1.3221
62 77 1.3423 1.2152 1.2492 1.3177 1.3488 1.3064 1.1604 1.2272
62 78 0.9947 0.9005 0.9257 0.9764 0.9995 0.9680 0.8596 0.9091
62 79 1.0256 0.9285 0.9545 1.0068 1.0306 0.9982 0.8867 0.9378
62 80 1.2276 1.1114 1.1425 1.2052 1.2337 1.1964 1.0644 1.1263
62 81 1.0783 0.9762 1.0035 1.0586 1.0836 1.0506 0.9344 0.9887
62 82 1.2655 1.1457 1.1777 1.2424 1.2718 1.2338 1.0981 1.1621
62 83 1.3441 1.2168 1.2509 1.3194 1.3504 1.3053 1.1562 1.2218
62 84 1.1467 1.0381 1.0672 1.1256 1.1521 1.1143 0.9878 1.0440
62 85 1.3001 1.1771 1.2100 1.2762 1.3062 1.2584 1.1095 1.1706
62 86 0.9827 0.8896 0.9145 0.9647 0.9876 0.9578 0.8522 0.9018
62 87 1.2007 1.0870 1.1174 1.1788 1.2067 1.1703 1.0413 1.1019
62 88 1.2444 1.1266 1.1581 1.2215 1.2501 1.1930 1.0378 1.0900
62 89 1.1288 1.0220 1.0506 1.1082 1.1344 1.0997 0.9780 1.0347
62 90 0.9443 0.8549 0.8788 0.9269 0.9487 0.9178 0.8137 0.8601
62 91 1.1258 1.0190 1.0477 1.1056 1.1320 1.0983 0.9776 1.0347
62 92 1.0964 0.9926 1.0204 1.0763 1.1017 1.0672 0.9481 1.0027
62 93 1.0783 0.9762 1.0035 1.0586 1.0836 1.0510 0.9351 0.9895
62 94 1.1617 1.0517 1.0812 1.1404 1.1673 1.1302 1.0034 1.0610
62 95 1.0752 0.9722 1.0002 1.0578 1.0847 1.0534 0.9381 0.9937
62 96 1.0619 0.9607 0.9880 1.0438 1.0695 1.0382 0.9243 0.9787
62 97 1.0447 0.9458 0.9723 1.0255 1.0497 1.0169 0.9034 0.9556
62 98 1.1848 1.0727 1.1027 1.1630 1.1903 1.1420 1.0010 1.0541
62 99 1.1912 1.0782 1.1086 1.1699 1.1979 1.1622 1.0345 1.0949
62 100 0.9972 0.9028 0.9280 0.9789 1.0021 0.9716 0.8642 0.9144
62 101 1.2882 1.1663 1.1989 1.2645 1.2942 1.1857 0.9789 1.0049
62 102 1.0628 0.9618 0.9890 1.0442 1.0696 1.0379 0.9239 0.9779
62 103 1.0108 0.9147 0.9406 0.9931 1.0171 0.9870 0.8786 0.9300
62 104 1.0021 0.9071 0.9325 0.9839 1.0074 0.9773 0.8698 0.9205
62 105 1.0686 0.9670 0.9943 1.0496 1.0750 1.0431 0.9285 0.9827
62 106 1.0830 0.9804 1.0078 1.0633 1.0885 1.0560 0.9398 0.9945
62 107 1.2112 1.0962 1.1271 1.1898 1.2185 1.1824 1.0524 1.1139
62 108 1.0337 0.9358 0.9620 1.0147 1.0386 1.0038 0.8890 0.9392
62 109 0.9729 0.8808 0.9054 0.9551 0.9776 0.9479 0.8430 0.8918
62 110 1.1681 1.0573 1.0870 1.1471 1.1746 1.1396 1.0143 1.0734
62 111 1.2138 1.0984 1.1295 1.1926 1.2215 1.1854 1.0552 1.1169
62 112 1.1467 1.0375 1.0670 1.1270 1.1547 1.1207 0.9977 1.0563
62 113 1.0839 0.9812 1.0088 1.0643 1.0896 1.0570 0.9407 0.9955
62 114 1.2910 1.1683 1.2014 1.2684 1.2992 1.2607 1.1222 1.1879
62 115 1.0810 0.9780 1.0058 1.0624 1.0885 1.0565 0.9406 0.9958
62 116 1.2729 1.1516 1.1843 1.2511 1.2820 1.2443 1.1078 1.1728
62 117 0.9947 0.9003 0.9257 0.9769 1.0004 0.9706 0.8639 0.9143
62 118 1.0161 0.9199 0.9457 0.9975 1.0210 0.9889 0.8783 0.9288
62 119 1.2002 1.0865 1.1169 1.1782 1.2061 1.1696 1.0405 1.1010
62 120 1.1722 1.0613 1.0910 1.1507 1.1777 1.1372 1.0057 1.0621
62 121 1.1889 1.0764 1.1065 1.1672 1.1948 1.1589 1.0312 1.0912
62 122 1.1030 0.9986 1.0266 1.0827 1.1082 1.0676 0.9411 0.9929
62 123 1.1216 1.0154 1.0439 1.1011 1.1271 1.0924 0.9710 1.0272
62 124 1.1169 1.0112 1.0395 1.0964 1.1221 1.0824 0.9560 1.0092
62 125 1.1866 1.0740 1.1043 1.1656 1.1936 1.1582 1.0309 1.0910
63 0 1.2886 1.1660 1.1986 1.2654 1.2963 1.2581 1.1199 1.1858
63 1 1.0403 0.9402 0.9673 1.0238 1.0506 1.0210 0.9096 0.9645
63 2 1.0336 0.9356 0.9616 1.0144 1.0385 1.0070 0.8956 0.9476
63 3 1.0651 0.9642 0.9910 1.0454 1.0703 1.0381 0.9237 0.9776
63 4 1.3200 1.1932 1.2276 1.2992 1.3330 1.2954 1.1542 1.2236
63 5 1.1410 1.0321 1.0614 1.1216 1.1496 1.1163 0.9941 1.0532
63 6 0.9699 0.8781 0.9026 0.9520 0.9744 0.9426 0.8357 0.8831
63 7 1.1297 1.0210 1.0506 1.1122 1.1414 1.1094 0.9885 1.0482
63 8 1.0081 0.9120 0.9379 0.9906 1.0150 0.9853 0.8774 0.9293
63 9 1.0309 0.9322 0.9590 1.0142 1.0401 1.0104 0.9001 0.9539
63 10 1.1868 1.0739 1.1042 1.1661 1.1947 1.1598 1.0327 1.0938
63 11 1.0521 0.9524 0.9790 1.0327 1.0570 1.0238 0.9092 0.9616
63 12 0.9550 0.8638 0.8884 0.9389 0.9624 0.9345 0.8323 0.8818
63 13 1.2215 1.1058 1.1367 1.1990 1.2272 1.1874 1.0531 1.1132
63 14 1.2655 1.1444 1.1772 1.2446 1.2761 1.2394 1.1040 1.1699
63 15 0.9553 0.8641 0.8887 0.9390 0.9623 0.9343 0.8320 0.8814
63 16 1.1418 1.0332 1.0624 1.1216 1.1489 1.1151 0.9928 1.0514
63 17 1.0088 0.9127 0.9386 0.9913 1.0157 0.9860 0.8780 0.9300
63 18 0.8374 0.7581 0.7793 0.8220 0.8414 0.8144 0.7227 0.7641
63 19 1.0022 0.9073 0.9327 0.9838 1.0070 0.9751 0.8657 0.9155
63 20 1.2846 1.1627 1.1954 1.2616 1.2920 1.2537 1.1162 1.1818
63 21 1.1665 1.0560 1.0856 1.1450 1.1720 1.1338 1.0054 1.0626
63 22 1.0342 0.9363 0.9624 1.0151 1.0390 1.0048 0.8905 0.9410
63 23 1.3232 1.1969 1.2310 1.3010 1.3334 1.2948 1.1531 1.2216
63 24 1.0941 0.9898 1.0179 1.0755 1.1022 1.0702 0.9530 1.0096
63 25 0.8885 0.8042 0.8268 0.8724 0.8933 0.8668 0.7716 0.8169
63 26 0.9844 0.8891 0.9153 0.9704 0.9968 0.9693 0.8640 0.9165
63 27 1.1383 1.0305 1.0593 1.1174 1.1437 1.1069 0.9821 1.0383
63 28 1.3454 1.2173 1.2518 1.3221 1.3545 1.3148 1.1708 1.2400
63 29 1.2497 1.1310 1.1629 1.2273 1.2569 1.2197 1.0859 1.1497
63 30 0.9485 0.8577 0.8824 0.9332 0.9570 0.9296 0.8281 0.8776
63 31 1.1025 0.9981 1.0260 1.0822 1.1078 1.0720 0.9510 1.0054
63 32 1.1330 1.0257 1.0544 1.1122 1.1384 1.1020 0.9779 1.0340
63 33 1.0323 0.9339 0.9605 1.0146 1.0397 1.0093 0.8988 0.9520
63 34 1.1201 1.0140 1.0424 1.0995 1.1255 1.0896 0.9671 1.0227
63 35 1.2251 1.1086 1.1399 1.2035 1.2328 1.1965 1.0653 1.1281
63 36 0.7901 0.7148 0.7351 0.7766 0.7957 0.7725 0.6879 0.7286
63 37 0.9601 0.8687 0.8934 0.9435 0.9666 0.9382 0.8354 0.8848
63 38 1.0013 0.9061 0.9317 0.9836 1.0075 0.9779 0.8706 0.9220
63 39 1.0766 0.9747 1.0019 1.0568 1.0818 1.0469 0.9287 0.9819
63 40 1.2956 1.1729 1.2057 1.2718 1.3020 1.2629 1.1239 1.1897
63 41 1.1577 1.0481 1.0774 1.1365 1.1634 1.1282 1.0037 1.0623
63 42 0.8985 0.8128 0.8360 0.8831 0.9049 0.8785 0.7823 0.8286
63 43 1.1331 1.0258 1.0545 1.1123 1.1385 1.1014 0.9765 1.0322
63 44 1.0718 0.9703 0.9974 1.0521 1.0769 1.0409 0.9219 0.9741
63 45 1.1419 1.0338 1.0627 1.1211 1.1477 1.1134 0.9911 1.0492
63 46 1.1671 1.0566 1.0862 1.1458 1.1729 1.1373 1.0117 1.0707
63 47 1.1613 1.0513 1.0808 1.1400 1.1669 1.1306 1.0046 1.0628
63 48 0.9426 0.8533 0.8772 0.9253 0.9472 0.9176 0.8152 0.8624
63 49 0.9337 0.8453 0.8689 0.9166 0.9383 0.9102 0.8101 0.8575
63 50 1.2815 1.1594 1.1924 1.2595 1.2905 1.2528 1.1155 1.1815
63 51 1.0795 0.9772 1.0046 1.0597 1.0848 1.0520 0.9360 0.9906
63 52 1.0402 0.9417 0.9680 1.0210 1.0451 1.0088 0.8919 0.9418
63 53 0.8246 0.7465 0.7674 0.8095 0.8286 0.8033 0.7144 0.7559
63 54 1.2278 1.1115 1.1427 1.2053 1.2337 1.1950 1.0615 1.1228
63 55 1.0932 0.9897 1.0174 1.0731 1.0983 1.0528 0.9215 0.9696
63 56 0.9852 0.8919 0.9169 0.9672 0.9900 0.9601 0.8542 0.9040
63 57 1.0885 0.9854 1.0130 1.0685 1.0936 1.0514 0.9242 0.9740
63 58 0.9788 0.8861 0.9109 0.9609 0.9836 0.9537 0.8482 0.8975
63 59 1.0629 0.9614 0.9889 1.0450 1.0711 1.0399 0.9261 0.9809
63 60 1.2201 1.1046 1.1355 1.1977 1.2259 1.1875 1.0548 1.1157
63 61 0.8032 0.7271 0.7475 0.7885 0.8071 0.7830 0.6970 0.7377
63 62 1.1635 1.0522 1.0824 1.1444 1.1733 1.1393 1.0147 1.0750
63 64 1.1288 1.0219 1.0505 1.1081 1.1342 1.0992 0.9769 1.0335
63 65 0.9171 0.8292 0.8531 0.9025 0.9255 0.8990 0.8008 0.8485
63 66 1.1593 1.0480 1.0784 1.1410 1.1704 1.1370 1.0128 1.0733
63 67 1.2857 1.1630 1.1962 1.2640 1.2954 1.2577 1.1200 1.1862
63 68 0.7836 0.7078 0.7287 0.7723 0.7931 0.7710 0.6871 0.7285
63 69 1.0915 0.9882 1.0158 1.0715 1.0967 1.0602 0.9391 0.9924
63 70 1.1335 1.0262 1.0549 1.1127 1.1389 1.1004 0.9741 1.0291
63 71 1.1588 1.0479 1.0780 1.1398 1.1686 1.1348 1.0107 1.0707
63 72 1.1757 1.0644 1.0942 1.1541 1.1813 1.1376 1.0024 1.0573
63 73 1.1935 1.0805 1.1108 1.1716 1.1992 1.1571 1.0223 1.0793
63 74 1.1316 1.0243 1.0531 1.1112 1.1377 1.1038 0.9825 1.0401
63 75 1.1244 1.0180 1.0465 1.1039 1.1300 1.0963 0.9758 1.0328
63 76 1.2874 1.1641 1.1976 1.2663 1.2984 1.2609 1.1230 1.1896
63 77 0.9568 0.8662 0.8905 0.9394 0.9617 0.9330 0.8305 0.8790
63 78 0.5854 0.5300 0.5448 0.5747 0.5883 0.5707 0.5079 0.5376
63 79 0.8193 0.7417 0.7625 0.8044 0.8235 0.7990 0.7112 0.7527
63 80 1.1701 1.0584 1.0887 1.1505 1.1791 1.1447 1.0193 1.0796
63 81 1.0956 0.9912 1.0194 1.0769 1.1034 1.0711 0.9537 1.0100
63 82 1.3552 1.2255 1.2607 1.3329 1.3664 1.3268 1.1817 1.2517
63 83 1.2002 1.0866 1.1170 1.1782 1.2060 1.1677 1.0366 1.0962
63 84 1.0826 0.9801 1.0075 1.0628 1.0879 1.0539 0.9363 0.9904
63 85 1.2232 1.1074 1.1384 1.2007 1.2290 1.1860 1.0480 1.1066
63 86 1.0503 0.9500 0.9772 1.0328 1.0586 1.0278 0.9153 0.9695
63 87 1.1311 1.0231 1.0523 1.1122 1.1400 1.1068 0.9856 1.0440
63 88 1.2620 1.1425 1.1745 1.2388 1.2680 1.2118 1.0564 1.1104
63 89 0.9760 0.8830 0.9081 0.9593 0.9829 0.9541 0.8495 0.8995
63 90 0.8523 0.7716 0.7932 0.8367 0.8565 0.8299 0.7374 0.7801
63 91 1.1191 1.0119 1.0410 1.1010 1.1290 1.0965 0.9766 1.0346
63 92 1.1087 1.0036 1.0318 1.0887 1.1147 1.0815 0.9627 1.0190
63 93 0.9224 0.8343 0.8582 0.9070 0.9297 0.9026 0.8038 0.8513
63 94 1.0969 0.9931 1.0209 1.0769 1.1023 1.0691 0.9512 1.0067
63 95 0.9986 0.9019 0.9286 0.9843 1.0108 0.9826 0.8757 0.9284
63 96 0.6791 0.6137 0.6316 0.6688 0.6863 0.6668 0.5941 0.6296
63 97 1.0760 0.9739 1.0013 1.0566 1.0819 1.0497 0.9344 0.9892
63 98 1.1236 1.0172 1.0457 1.1030 1.1290 1.0849 0.9531 1.0045
63 99 1.0250 0.9267 0.9535 1.0085 1.0342 1.0044 0.8946 0.9477
63 100 0.9080 0.8214 0.8448 0.8926 0.9146 0.8879 0.7906 0.8373
63 101 1.2169 1.1017 1.1326 1.1946 1.2227 1.1204 0.9251 0.9499
63 102 0.7896 0.7138 0.7345 0.7773 0.7973 0.7745 0.6898 0.7309
63 103 0.9326 0.8431 0.8675 0.9180 0.9416 0.9147 0.8147 0.8632
63 104 0.9054 0.8187 0.8423 0.8907 0.9133 0.8869 0.7899 0.8367
63 105 0.9816 0.8874 0.9131 0.9661 0.9909 0.9625 0.8573 0.9082
63 106 0.8954 0.8097 0.8330 0.8808 0.9031 0.8769 0.7810 0.8272
63 107 1.1576 1.0465 1.0768 1.1393 1.1685 1.1350 1.0109 1.0710
63 108 1.0607 0.9603 0.9872 1.0413 1.0659 1.0319 0.9160 0.9685
63 109 0.9278 0.8393 0.8633 0.9120 0.9346 0.9072 0.8077 0.8553
63 110 0.9870 0.8924 0.9181 0.9711 0.9958 0.9671 0.8613 0.9124
63 111 0.9720 0.8786 0.9041 0.9567 0.9814 0.9534 0.8492 0.8997
63 112 1.0646 0.9621 0.9902 1.0482 1.0756 1.0450 0.9309 0.9865
63 113 1.0086 0.9121 0.9383 0.9922 1.0173 0.9879 0.8798 0.9319
63 114 1.0552 0.9538 0.9815 1.0386 1.0654 1.0349 0.9218 0.9767
63 115 1.0251 0.9264 0.9535 1.0094 1.0358 1.0064 0.8965 0.9500
63 116 0.9262 0.8370 0.8615 0.9121 0.9360 0.9095 0.8102 0.8586
63 117 0.8258 0.7467 0.7682 0.8126 0.8334 0.8094 0.7209 0.7637
63 118 0.9665 0.8749 0.8995 0.9490 0.9715 0.9425 0.8389 0.8879
63 119 1.0975 0.9927 1.0211 1.0791 1.1060 1.0738 0.9562 1.0127
63 120 1.1418 1.0337 1.0626 1.1209 1.1474 1.1097 0.9836 1.0397
63 121 0.9530 0.8619 0.8866 0.9372 0.9608 0.9329 0.8307 0.8799
63 122 1.0778 0.9757 1.0030 1.0580 1.0830 1.0450 0.9234 0.9750
63 123 0.9452 0.8553 0.8795 0.9288 0.9514 0.9234 0.8221 0.8704
63 124 1.0916 0.9882 1.0159 1.0716 1.0969 1.0599 0.9382 0.9913
63 125 1.0104 0.9135 0.9399 0.9943 1.0198 0.9905 0.8822 0.9346
64 0 1.0808 0.9772 1.0051 1.0626 1.0895 1.0580 0.9420 0.9979
64 1 1.1377 1.0275 1.0576 1.1210 1.1514 1.1196 0.9978 1.0583
64 2 1.0408 0.9418 0.9682 1.0221 1.0468 1.0158 0.9042 0.9571
64 3 1.0772 0.9746 1.0021 1.0583 1.0842 1.0524 0.9368 0.9919
64 4 1.0836 0.9788 1.0075 1.0678 1.0967 1.0663 0.9503 1.0080
64 5 1.0186 0.9207 0.9473 1.0024 1.0284 0.9992 0.8901 0.9435
64 6 1.0662 0.9652 0.9921 1.0465 1.0711 1.0372 0.9209 0.9735
64 7 1.1586 1.0464 1.0772 1.1421 1.1732 1.1409 1.0170 1.0788
64 8 0.9785 0.8846 0.9101 0.9627 0.9873 0.9590 0.8542 0.9052
64 9 1.1227 1.0144 1.0440 1.1058 1.1351 1.1033 0.9831 1.0425
64 10 0.8862 0.8012 0.8243 0.8718 0.8940 0.8683 0.7734 0.8196
64 11 1.1842 1.0720 1.1020 1.1624 1.1899 1.1536 1.0259 1.0854
64 12 1.0199 0.9219 0.9486 1.0040 1.0300 1.0008 0.8916 0.9451
64 13 0.9858 0.8924 0.9173 0.9676 0.9904 0.9593 0.8520 0.9009
64 14 0.9620 0.8693 0.8947 0.9473 0.9722 0.9448 0.8418 0.8925
64 15 1.0932 0.9882 1.0168 1.0759 1.1036 1.0722 0.9551 1.0123
64 16 1.1658 1.0542 1.0844 1.1466 1.1755 1.1416 1.0168 1.0773
64 17 0.9738 0.8804 0.9058 0.9581 0.9826 0.9544 0.8502 0.9010
64 18 0.8450 0.7649 0.7863 0.8294 0.8490 0.8227 0.7310 0.7732
64 19 1.1789 1.0672 1.0971 1.1572 1.1846 1.1482 1.0209 1.0800
64 20 0.9101 0.8232 0.8467 0.8949 0.9173 0.8907 0.7932 0.8403
64 21 1.2426 1.1249 1.1564 1.2198 1.2485 1.2091 1.0736 1.1353
64 22 1.1020 0.9976 1.0255 1.0817 1.1072 1.0719 0.9513 1.0056
64 23 1.1142 1.0071 1.0363 1.0968 1.1252 1.0933 0.9740 1.0324
64 24 1.0984 0.9929 1.0217 1.0811 1.1090 1.0774 0.9598 1.0172
64 25 0.8970 0.8114 0.8345 0.8819 0.9038 0.8775 0.7815 0.8278
64 26 1.1221 1.0128 1.0431 1.1075 1.1387 1.1080 0.9880 1.0486
64 27 1.1616 1.0516 1.0810 1.1403 1.1672 1.1309 1.0048 1.0627
64 28 1.1379 1.0288 1.0585 1.1195 1.1481 1.1151 0.9933 1.0526
64 29 1.0140 0.9171 0.9434 0.9971 1.0221 0.9925 0.8839 0.9364
64 30 1.0826 0.9782 1.0068 1.0665 1.0947 1.0640 0.9482 1.0054
64 31 1.1918 1.0790 1.1092 1.1700 1.1976 1.1602 1.0307 1.0902
64 32 1.1069 1.0021 1.0301 1.0866 1.1123 1.0778 0.9578 1.0132
64 33 0.8796 0.7952 0.8182 0.8656 0.8879 0.8625 0.7684 0.8143
64 34 1.0919 0.9885 1.0162 1.0719 1.0972 1.0634 0.9452 0.9999
64 35 0.8793 0.7951 0.8180 0.8649 0.8868 0.8612 0.7671 0.8127
64 36 1.0824 0.9786 1.0068 1.0652 1.0925 1.0613 0.9454 1.0019
64 37 1.0758 0.9727 1.0007 1.0584 1.0854 1.0542 0.9391 0.9951
64 38 0.9192 0.8312 0.8551 0.9041 0.9270 0.9003 0.8018 0.8496
64 39 1.1503 1.0414 1.0705 1.1292 1.1559 1.1199 0.9949 1.0523
64 40 0.9658 0.8738 0.8987 0.9492 0.9725 0.9440 0.8405 0.8902
64 41 1.2279 1.1111 1.1425 1.2063 1.2356 1.1992 1.0677 1.1306
64 42 1.0823 0.9785 1.0068 1.0651 1.0925 1.0613 0.9454 1.0019
64 43 1.1544 1.0451 1.0743 1.1332 1.1600 1.1234 0.9974 1.0548
64 44 1.1155 1.0099 1.0382 1.0951 1.1210 1.0847 0.9620 1.0170
64 45 0.8781 0.7943 0.8170 0.8631 0.8844 0.8586 0.7646 0.8098
64 46 1.2324 1.1152 1.1468 1.2107 1.2401 1.2035 1.0715 1.1345
64 47 1.1455 1.0370 1.0660 1.1245 1.1511 1.1165 0.9935 1.0515
64 48 0.8630 0.7813 0.8032 0.8472 0.8673 0.8411 0.7483 0.7920
64 49 1.0305 0.9323 0.9588 1.0129 1.0378 1.0074 0.8971 0.9501
64 50 0.7493 0.6774 0.6970 0.7373 0.7562 0.7346 0.6544 0.6934
64 51 0.6649 0.6016 0.6187 0.6533 0.6692 0.6495 0.5783 0.6123
64 52 1.0841 0.9815 1.0089 1.0643 1.0894 1.0527 0.9320 0.9846
64 53 1.0856 0.9826 1.0102 1.0662 1.0918 1.0595 0.9432 0.9985
64 54 0.9639 0.8726 0.8971 0.9463 0.9687 0.9393 0.8356 0.8842
64 55 1.0318 0.9341 0.9602 1.0128 1.0367 0.9947 0.8719 0.9179
64 56 1.0653 0.9639 0.9912 1.0467 1.0721 1.0406 0.9264 0.9810
64 57 1.0606 0.9602 0.9871 1.0412 1.0657 1.0257 0.9029 0.9520
64 58 0.7546 0.6829 0.7022 0.7413 0.7592 0.7367 0.6558 0.6944
64 59 1.1196 1.0120 1.0414 1.1022 1.1308 1.0987 0.9788 1.0373
64 60 1.1572 1.0476 1.0769 1.1360 1.1629 1.1276 1.0031 1.0615
64 61 1.0671 0.9654 0.9929 1.0489 1.0748 1.0434 0.9291 0.9839
64 62 0.9657 0.8726 0.8981 0.9510 0.9759 0.9484 0.8450 0.8956
64 63 1.1252 1.0179 1.0469 1.1060 1.1333 1.1001 0.9796 1.0374
64 65 1.0675 0.9644 0.9927 1.0517 1.0797 1.0494 0.9351 0.9914
64 66 0.8562 0.7735 0.7962 0.8438 0.8664 0.8422 0.7505 0.7958
64 67 1.3374 1.2088 1.2439 1.3165 1.3505 1.3121 1.1689 1.2387
64 68 1.0246 0.9248 0.9525 1.0111 1.0393 1.0111 0.9014 0.9563
64 69 1.1506 1.0417 1.0708 1.1296 1.1563 1.1190 0.9926 1.0495
64 70 1.1638 1.0536 1.0831 1.1425 1.1696 1.1313 1.0028 1.0600
64 71 1.0779 0.9741 1.0025 1.0616 1.0895 1.0587 0.9433 0.9999
64 72 1.1257 1.0191 1.0476 1.1051 1.1312 1.0905 0.9623 1.0155
64 73 1.1388 1.0310 1.0599 1.1180 1.1444 1.1054 0.9781 1.0332
64 74 0.7867 0.7116 0.7320 0.7735 0.7927 0.7696 0.6854 0.7259
64 75 0.7266 0.6573 0.6760 0.7142 0.7318 0.7104 0.6326 0.6700
64 76 1.3345 1.2059 1.2411 1.3143 1.3489 1.3109 1.1680 1.2380
64 77 1.2568 1.1369 1.1693 1.2355 1.2660 1.2291 1.0944 1.1591
64 78 1.0324 0.9340 0.9606 1.0148 1.0398 1.0093 0.8987 0.9518
64 79 1.0479 0.9479 0.9750 1.0301 1.0556 1.0248 0.9126 0.9665
64 80 0.9869 0.8921 0.9180 0.9716 0.9967 0.9683 0.8626 0.9142
64 81 1.1127 1.0059 1.0350 1.0950 1.1231 1.0910 0.9718 1.0298
64 82 1.0958 0.9903 1.0192 1.0791 1.1074 1.0761 0.9587 1.0162
64 83 1.2535 1.1348 1.1666 1.2306 1.2597 1.2210 1.0855 1.1486
64 84 1.0664 0.9654 0.9924 1.0469 1.0717 1.0394 0.9248 0.9787
64 85 1.1753 1.0640 1.0938 1.1538 1.1811 1.1410 1.0098 1.0668
64 86 1.0044 0.9078 0.9343 0.9889 1.0146 0.9858 0.8782 0.9308
64 87 1.1054 0.9991 1.0281 1.0883 1.1166 1.0848 0.9664 1.0243
64 88 1.1472 1.0386 1.0676 1.1262 1.1528 1.1029 0.9628 1.0126
64 89 1.1287 1.0204 1.0499 1.1107 1.1392 1.1065 0.9856 1.0444
64 90 1.0082 0.9127 0.9383 0.9898 1.0132 0.9828 0.8746 0.9257
64 91 1.1327 1.0234 1.0534 1.1158 1.1453 1.1131 0.9918 1.0513
64 92 0.7729 0.6991 0.7191 0.7599 0.7788 0.7561 0.6733 0.7132
64 93 1.0986 0.9929 1.0218 1.0816 1.1098 1.0782 0.9605 1.0180
64 94 1.0757 0.9733 1.0009 1.0571 1.0829 1.0511 0.9359 0.9910
64 95 1.0785 0.9734 1.0027 1.0644 1.0942 1.0645 0.9490 1.0068
64 96 1.0696 0.9659 0.9945 1.0546 1.0834 1.0534 0.9389 0.9956
64 97 0.9628 0.8708 0.8957 0.9466 0.9703 0.9421 0.8389 0.8886
64 98 1.0714 0.9699 0.9971 1.0518 1.0767 1.0358 0.9112 0.9609
64 99 0.9927 0.8969 0.9232 0.9779 1.0038 0.9756 0.8693 0.9215
64 100 1.0315 0.9324 0.9594 1.0152 1.0414 1.0117 0.9012 0.9550
64 101 1.1718 1.0608 1.0905 1.1503 1.1776 1.0791 0.8910 0.9151
64 102 1.0670 0.9639 0.9923 1.0516 1.0799 1.0497 0.9354 0.9916
64 103 1.0332 0.9333 0.9608 1.0183 1.0456 1.0163 0.9056 0.9601
64 104 1.0175 0.9194 0.9464 1.0023 1.0288 0.9997 0.8907 0.9441
64 105 1.0774 0.9733 1.0020 1.0617 1.0901 1.0595 0.9441 1.0008
64 106 1.0723 0.9689 0.9973 1.0561 1.0839 1.0532 0.9384 0.9945
64 107 1.1724 1.0591 1.0903 1.1553 1.1862 1.1530 1.0274 1.0891
64 108 0.8143 0.7372 0.7578 0.7994 0.8184 0.7932 0.7051 0.7459
64 109 0.9914 0.8962 0.9222 0.9757 1.0009 0.9722 0.8660 0.9176
64 110 1.1286 1.0197 1.0496 1.1119 1.1414 1.1093 0.9883 1.0476
64 111 1.1681 1.0551 1.0863 1.1513 1.1822 1.1492 1.0241 1.0857
64 112 1.1330 1.0232 1.0535 1.1171 1.1474 1.1156 0.9942 1.0542
64 113 1.0866 0.9818 1.0106 1.0702 1.0984 1.0674 0.9510 1.0080
64 114 1.2230 1.1048 1.1374 1.2054 1.2378 1.2032 1.0722 1.1367
64 115 1.0794 0.9748 1.0037 1.0642 1.0932 1.0629 0.9472 1.0044
64 116 1.2110 1.0936 1.1261 1.1942 1.2267 1.1927 1.0630 1.1272
64 117 1.1030 0.9965 1.0258 1.0867 1.1156 1.0843 0.9661 1.0241
64 118 1.0344 0.9358 0.9625 1.0170 1.0422 1.0118 0.9010 0.9542
64 119 1.1576 1.0463 1.0768 1.1397 1.1694 1.1361 1.0121 1.0725
64 120 1.1574 1.0478 1.0771 1.1363 1.1632 1.1263 0.9998 1.0574
64 121 1.1535 1.0425 1.0729 1.1359 1.1656 1.1326 1.0090 1.0693
64 122 1.0869 0.9840 1.0116 1.0671 1.0924 1.0553 0.9338 0.9866
64 123 1.1057 0.9998 1.0286 1.0878 1.1155 1.0834 0.9649 1.0223
64 124 1.1014 0.9971 1.0251 1.0814 1.1070 1.0708 0.9493 1.0036
64 125 1.1544 1.0429 1.0736 1.1375 1.1679 1.1352 1.0115 1.0723
65 0 1.2819 1.1602 1.1925 1.2581 1.2883 1.2483 1.1089 1.1733
65 1 1.3465 1.2185 1.2526 1.3222 1.3545 1.3150 1.1709 1.2405
65 2 1.2211 1.1054 1.1362 1.1985 1.2269 1.1875 1.0534 1.1140
65 3 1.2683 1.1481 1.1801 1.2449 1.2744 1.2338 1.0951 1.1582
65 4 1.3278 1.2018 1.2354 1.3040 1.3357 1.2966 1.1546 1.2231
65 5 0.9735 0.8812 0.9058 0.9557 0.9786 0.9489 0.8439 0.8934
65 6 1.2275 1.1113 1.1423 1.2048 1.2331 1.1907 1.0530 1.1120
65 7 1.3681 1.2381 1.2729 1.3439 1.3769 1.3368 1.1905 1.2613
65 8 1.2214 1.1057 1.1366 1.1991 1.2276 1.1900 1.0578 1.1196
65 9 0.9824 0.8893 0.9141 0.9645 0.9877 0.9583 0.8530 0.9033
65 10 1.1707 1.0598 1.0894 1.1493 1.1767 1.1404 1.0137 1.0728
65 11 0.9982 0.9036 0.9289 0.9797 1.0028 0.9695 0.8588 0.9076
65 12 0.8656 0.7836 0.8055 0.8498 0.8701 0.8438 0.7505 0.7945
65 13 1.2081 1.0937 1.1243 1.1858 1.2137 1.1721 1.0369 1.0952
65 14 1.2627 1.1430 1.1750 1.2397 1.2693 1.2313 1.0956 1.1600
65 15 0.9008 0.8154 0.8382 0.8843 0.9054 0.8778 0.7805 0.8262
65 16 1.3441 1.2168 1.2508 1.3195 1.3508 1.3089 1.1630 1.2307
65 17 1.1312 1.0240 1.0527 1.1105 1.1369 1.1020 0.9796 1.0368
65 18 0.7653 0.6928 0.7122 0.7512 0.7688 0.7428 0.6574 0.6945
65 19 0.9548 0.8644 0.8885 0.9372 0.9592 0.9271 0.8210 0.8675
65 20 1.2764 1.1555 1.1878 1.2530 1.2827 1.2425 1.1037 1.1677
65 21 1.1029 0.9984 1.0263 1.0825 1.1080 1.0698 0.9461 0.9993
65 22 0.9930 0.8990 0.9241 0.9747 0.9976 0.9629 0.8511 0.8987
65 23 1.3271 1.2013 1.2350 1.3029 1.3339 1.2934 1.1503 1.2176
65 24 0.9628 0.8716 0.8960 0.9452 0.9677 0.9382 0.8342 0.8830
65 25 0.8059 0.7296 0.7500 0.7911 0.8099 0.7844 0.6966 0.7369
65 26 0.9373 0.8477 0.8719 0.9218 0.9453 0.9182 0.8179 0.8668
65 27 1.2630 1.1434 1.1754 1.2397 1.2689 1.2257 1.0846 1.1458
65 28 1.3506 1.2227 1.2569 1.3260 1.3574 1.3156 1.1693 1.2374
65 29 1.2317 1.1150 1.1462 1.2091 1.2378 1.1990 1.0650 1.1268
65 30 0.9195 0.8324 0.8557 0.9028 0.9243 0.8968 0.7982 0.8451
65 31 1.3293 1.2035 1.2371 1.3048 1.3355 1.2899 1.1413 1.2056
65 32 1.2545 1.1357 1.1675 1.2314 1.2603 1.2176 1.0777 1.1386
65 33 0.9349 0.8463 0.8700 0.9178 0.9396 0.9108 0.8097 0.8569
65 34 1.2436 1.1259 1.1574 1.2208 1.2495 1.2073 1.0688 1.1292
65 35 1.2090 1.0945 1.1251 1.1869 1.2150 1.1772 1.0460 1.1067
65 36 0.7881 0.7134 0.7334 0.7737 0.7920 0.7677 0.6825 0.7223
65 37 0.9311 0.8429 0.8665 0.9141 0.9357 0.9068 0.8060 0.8528
65 38 0.8696 0.7873 0.8093 0.8537 0.8739 0.8468 0.7524 0.7960
65 39 1.2709 1.1506 1.1828 1.2475 1.2768 1.2333 1.0912 1.1527
65 40 1.2884 1.1664 1.1990 1.2648 1.2946 1.2534 1.1125 1.1766
65 41 1.0974 0.9935 1.0213 1.0772 1.1027 1.0672 0.9469 1.0013
65 42 0.8767 0.7936 0.8159 0.8607 0.8811 0.8540 0.7592 0.8035
65 43 1.2092 1.0947 1.1253 1.1869 1.2148 1.1729 1.0371 1.0953
65 44 1.0343 0.9364 0.9626 1.0153 1.0391 1.0025 0.8855 0.9348
65 45 1.1017 0.9974 1.0253 1.0815 1.1070 1.0719 0.9516 1.0065
65 46 1.1085 1.0035 1.0316 1.0881 1.1138 1.0779 0.9563 1.0112
65 47 1.2832 1.1617 1.1942 1.2596 1.2893 1.2467 1.1049 1.1678
65 48 0.8727 0.7900 0.8121 0.8566 0.8768 0.8478 0.7512 0.7939
65 49 0.9050 0.8193 0.8422 0.8884 0.9094 0.8805 0.7816 0.8266
65 50 1.2782 1.1571 1.1895 1.2548 1.2845 1.2450 1.1067 1.1710
65 51 1.0741 0.9724 0.9996 1.0543 1.0792 1.0446 0.9269 0.9801
65 52 1.0078 0.9124 0.9379 0.9893 1.0125 0.9755 0.8600 0.9073
65 53 0.8554 0.7744 0.7961 0.8397 0.8595 0.8316 0.7376 0.7798
65 54 1.2127 1.0979 1.1287 1.1904 1.2184 1.1779 1.0435 1.1028
65 55 1.1725 1.0615 1.0912 1.1509 1.1779 1.1268 0.9837 1.0341
65 56 0.8071 0.7307 0.7511 0.7923 0.8110 0.7849 0.6964 0.7364
65 57 1.1960 1.0828 1.1131 1.1740 1.2015 1.1529 1.0108 1.0642
65 58 0.8985 0.8134 0.8362 0.8820 0.9028 0.8736 0.7749 0.8192
65 59 1.0320 0.9343 0.9604 1.0132 1.0372 1.0056 0.8942 0.9462
65 60 1.3216 1.1965 1.2300 1.2973 1.3278 1.2837 1.1372 1.2017
65 61 0.7956 0.7202 0.7404 0.7810 0.7994 0.7740 0.6871 0.7266
65 62 1.1245 1.0180 1.0465 1.1040 1.1302 1.0960 0.9751 1.0319
65 63 1.0393 0.9409 0.9672 1.0202 1.0443 1.0111 0.8975 0.9491
65 64 1.1153 1.0097 1.0380 1.0948 1.1206 1.0838 0.9607 1.0154
65 66 1.1503 1.0412 1.0704 1.1296 1.1566 1.1222 0.9990 1.0575
65 67 1.2156 1.1005 1.1313 1.1934 1.2216 1.1843 1.0531 1.1143
65 68 0.7800 0.7055 0.7256 0.7670 0.7862 0.7634 0.6798 0.7201
65 69 1.0533 0.9536 0.9803 1.0339 1.0582 1.0210 0.9019 0.9522
65 70 1.2752 1.1545 1.1868 1.2518 1.2812 1.2354 1.0906 1.1511
65 71 1.0855 0.9827 1.0103 1.0657 1.0910 1.0581 0.9414 0.9962
65 72 1.2598 1.1406 1.1725 1.2366 1.2656 1.2164 1.0689 1.1264
65 73 1.2899 1.1678 1.2005 1.2661 1.2959 1.2479 1.0995 1.1597
65 74 1.1199 1.0139 1.0422 1.0994 1.1253 1.0897 0.9676 1.0232
65 75 1.0612 0.9607 0.9876 1.0417 1.0663 1.0324 0.9164 0.9691
65 76 1.2239 1.1080 1.1390 1.2016 1.2301 1.1930 1.0614 1.1232
65 77 0.9346 0.8462 0.8698 0.9175 0.9391 0.9093 0.8073 0.8537
65 78 0.6651 0.6021 0.6190 0.6529 0.6683 0.6470 0.5742 0.6072
65 79 0.9059 0.8201 0.8431 0.8893 0.9103 0.8814 0.7825 0.8274
65 80 1.0881 0.9850 1.0126 1.0682 1.0934 1.0600 0.9426 0.9973
65 81 1.0332 0.9353 0.9615 1.0143 1.0382 1.0063 0.8945 0.9463
65 82 1.3671 1.2376 1.2723 1.3421 1.3739 1.3323 1.1852 1.2541
65 83 1.1480 1.0393 1.0684 1.1269 1.1534 1.1145 0.9867 1.0424
65 84 1.0577 0.9576 0.9844 1.0383 1.0627 1.0275 0.9103 0.9620
65 85 1.3178 1.1930 1.2264 1.2935 1.3239 1.2750 1.1236 1.1852
65 86 0.9605 0.8695 0.8939 0.9429 0.9652 0.9358 0.8322 0.8806
65 87 1.1047 1.0001 1.0281 1.0845 1.1101 1.0763 0.9572 1.0127
65 88 1.2579 1.1388 1.1707 1.2347 1.2637 1.2054 1.0481 1.1006
65 89 0.8318 0.7530 0.7741 0.8166 0.8359 0.8101 0.7200 0.7617
65 90 0.7455 0.6749 0.6938 0.7318 0.7490 0.7243 0.6418 0.6783
65 91 1.0702 0.9689 0.9960 1.0507 1.0756 1.0433 0.9284 0.9825
65 92 1.0427 0.9440 0.9704 1.0236 1.0477 1.0146 0.9009 0.9526
65 93 0.8202 0.7426 0.7634 0.8052 0.8243 0.7992 0.7107 0.7519
65 94 1.0698 0.9685 0.9956 1.0502 1.0749 1.0404 0.9232 0.9760
65 95 0.9448 0.8545 0.8790 0.9292 0.9525 0.9248 0.8235 0.8721
65 96 0.9308 0.8423 0.8661 0.9146 0.9369 0.9092 0.8094 0.8568
65 97 1.0086 0.9131 0.9387 0.9901 1.0134 0.9814 0.8715 0.9216
65 98 1.1981 1.0847 1.1150 1.1760 1.2036 1.1543 1.0113 1.0647
65 99 1.0492 0.9498 0.9764 1.0300 1.0544 1.0228 0.9102 0.9632
65 100 0.8224 0.7446 0.7654 0.8074 0.8265 0.8011 0.7122 0.7534
65 101 1.3045 1.1810 1.2141 1.2805 1.3105 1.2005 0.9911 1.0172
65 102 0.9611 0.8699 0.8944 0.9438 0.9665 0.9377 0.8345 0.8832
65 103 0.8685 0.7862 0.8083 0.8529 0.8734 0.8473 0.7541 0.7981
65 104 0.8200 0.7423 0.7631 0.8050 0.8241 0.7992 0.7111 0.7523
65 105 0.9150 0.8283 0.8515 0.8984 0.9198 0.8924 0.7942 0.8404
65 106 0.8214 0.7436 0.7645 0.8064 0.8255 0.8005 0.7122 0.7535
65 107 1.1321 1.0248 1.0535 1.1116 1.1381 1.1041 0.9826 1.0398
65 108 1.0104 0.9147 0.9403 0.9918 1.0151 0.9808 0.8681 0.9170
65 109 0.8926 0.8081 0.8307 0.8762 0.8969 0.8693 0.7727 0.8174
65 110 1.0860 0.9831 1.0107 1.0661 1.0914 1.0586 0.9420 0.9967
65 111 0.9215 0.8341 0.8576 0.9050 0.9267 0.8991 0.8002 0.8469
65 112 1.0134 0.9171 0.9430 0.9956 1.0198 0.9895 0.8808 0.9323
65 113 0.9556 0.8651 0.8893 0.9381 0.9603 0.9313 0.8286 0.8766
65 114 1.0067 0.9112 0.9368 0.9886 1.0123 0.9821 0.8741 0.9250
65 115 0.9931 0.8987 0.9241 0.9756 0.9993 0.9697 0.8632 0.9136
65 116 0.8668 0.7844 0.8066 0.8517 0.8724 0.8466 0.7536 0.7977
65 117 0.7752 0.7018 0.7214 0.7610 0.7791 0.7557 0.6725 0.7116
65 118 0.9217 0.8344 0.8578 0.9048 0.9261 0.8967 0.7960 0.8416
65 119 1.0720 0.9705 0.9977 1.0524 1.0773 1.0443 0.9286 0.9824
65 120 1.1786 1.0670 1.0969 1.1569 1.1841 1.1429 1.0103 1.0667
65 121 0.9039 0.8183 0.8412 0.8874 0.9083 0.8807 0.7833 0.8287
65 122 1.1080 1.0031 1.0312 1.0876 1.1131 1.0719 0.9445 0.9963
65 123 1.0395 0.9411 0.9674 1.0205 1.0445 1.0120 0.8992 0.9510
65 124 1.1221 1.0159 1.0443 1.1014 1.1273 1.0870 0.9596 1.0128
65 125 0.9752 0.8828 0.9075 0.9575 0.9802 0.9509 0.8462 0.8955
66 0 1.1400 1.0318 1.0605 1.1189 1.1457 1.1099 0.9857 1.0429
66 1 1.2090 1.0943 1.1248 1.1870 1.2159 1.1802 1.0508 1.1132
66 2 1.0891 0.9858 1.0133 1.0689 1.0942 1.0589 0.9391 0.9930
66 3 1.1318 1.0245 1.0531 1.1108 1.1372 1.1008 0.9767 1.0330
66 4 1.1645 1.0541 1.0835 1.1434 1.1710 1.1366 1.0120 1.0720
66 5 1.0857 0.9828 1.0102 1.0658 1.0913 1.0580 0.9407 0.9958
66 6 1.1087 1.0036 1.0316 1.0881 1.1137 1.0752 0.9506 1.0038
66 7 1.2334 1.1163 1.1476 1.2114 1.2409 1.2046 1.0727 1.1364
66 8 1.0476 0.9483 0.9748 1.0284 1.0529 1.0204 0.9069 0.9598
66 9 1.1862 1.0738 1.1038 1.1646 1.1926 1.1569 1.0295 1.0902
66 10 0.9550 0.8645 0.8887 0.9375 0.9598 0.9301 0.8265 0.8747
66 11 1.2320 1.1153 1.1465 1.2093 1.2378 1.1964 1.0595 1.1196
66 12 1.1172 1.0114 1.0397 1.0969 1.1231 1.0888 0.9682 1.0249
66 13 0.9071 0.8212 0.8441 0.8903 0.9112 0.8799 0.7782 0.8219
66 14 1.0506 0.9511 0.9777 1.0315 1.0562 1.0243 0.9112 0.9647
66 15 1.1473 1.0386 1.0676 1.1263 1.1532 1.1178 0.9937 1.0518
66 16 1.2247 1.1087 1.1397 1.2023 1.2308 1.1924 1.0593 1.1208
66 17 1.1314 1.0243 1.0529 1.1108 1.1372 1.1020 0.9794 1.0365
66 18 0.9664 0.8749 0.8993 0.9486 0.9709 0.9378 0.8298 0.8766
66 19 1.2220 1.1063 1.1373 1.1995 1.2278 1.1864 1.0503 1.1098
66 20 1.0026 0.9076 0.9330 0.9842 1.0076 0.9759 0.8666 0.9168
66 21 1.2865 1.1647 1.1973 1.2628 1.2925 1.2478 1.1032 1.1651
66 22 1.1416 1.0335 1.0624 1.1206 1.1469 1.1068 0.9781 1.0327
66 23 1.0983 0.9943 1.0221 1.0783 1.1040 1.0703 0.9516 1.0072
66 24 1.1608 1.0508 1.0802 1.1396 1.1667 1.1309 1.0054 1.0640
66 25 1.1024 0.9980 1.0259 1.0822 1.1078 1.0727 0.9524 1.0075
66 26 1.1797 1.0671 1.0975 1.1601 1.1893 1.1551 1.0289 1.0903
66 27 1.0474 0.9482 0.9747 1.0281 1.0523 1.0163 0.8991 0.9497
66 28 1.0943 0.9906 1.0184 1.0743 1.0998 1.0657 0.9470 1.0020
66 29 1.0378 0.9395 0.9658 1.0188 1.0429 1.0101 0.8970 0.9489
66 30 1.1318 1.0246 1.0533 1.1112 1.1378 1.1036 0.9820 1.0397
66 31 1.2330 1.1163 1.1475 1.2103 1.2388 1.1963 1.0582 1.1177
66 32 1.0703 0.9689 0.9960 1.0506 1.0753 1.0386 0.9190 0.9709
66 33 1.0675 0.9664 0.9935 1.0480 1.0729 1.0398 0.9242 0.9780
66 34 1.0537 0.9539 0.9806 1.0343 1.0586 1.0227 0.9051 0.9562
66 35 0.9980 0.9035 0.9288 0.9798 1.0030 0.9716 0.8631 0.9131
66 36 1.1282 1.0213 1.0499 1.1076 1.1339 1.0988 0.9766 1.0334
66 37 1.1198 1.0138 1.0421 1.0993 1.1254 1.0904 0.9689 1.0252
66 38 1.1372 1.0295 1.0583 1.1163 1.1428 1.1070 0.9834 1.0404
66 39 1.1849 1.0727 1.1027 1.1631 1.1904 1.1496 1.0168 1.0741
66 40 0.7680 0.6952 0.7147 0.7539 0.7717 0.7469 0.6628 0.7009
66 41 1.2735 1.1530 1.1852 1.2502 1.2797 1.2383 1.0984 1.1615
66 42 1.1279 1.0211 1.0496 1.1073 1.1335 1.0985 0.9764 1.0331
66 43 1.0466 0.9475 0.9740 1.0273 1.0515 1.0150 0.8973 0.9475
66 44 1.1492 1.0404 1.0695 1.1280 1.1545 1.1136 0.9833 1.0380
66 45 0.9574 0.8667 0.8910 0.9398 0.9620 0.9313 0.8266 0.8742
66 46 1.2758 1.1550 1.1873 1.2524 1.2819 1.2404 1.1002 1.1633
66 47 1.1138 1.0083 1.0365 1.0933 1.1190 1.0819 0.9585 1.0130
66 48 1.0473 0.9481 0.9746 1.0280 1.0522 1.0172 0.9010 0.9522
66 49 1.0665 0.9655 0.9925 1.0469 1.0717 1.0374 0.9206 0.9735
66 50 0.8848 0.8010 0.8235 0.8687 0.8892 0.8617 0.7658 0.8102
66 51 0.8447 0.7647 0.7861 0.8292 0.8487 0.8213 0.7286 0.7704
66 52 1.1162 1.0105 1.0388 1.0956 1.1213 1.0801 0.9521 1.0043
66 53 1.1405 1.0325 1.0614 1.1196 1.1460 1.1086 0.9829 1.0391
66 54 0.5995 0.5428 0.5580 0.5885 0.6024 0.5822 0.5156 0.5449
66 55 0.9853 0.8920 0.9170 0.9671 0.9898 0.9467 0.8263 0.8685
66 56 1.1301 1.0231 1.0518 1.1094 1.1355 1.0989 0.9748 1.0306
66 57 1.0263 0.9291 0.9551 1.0073 1.0310 0.9891 0.8669 0.9126
66 58 0.8526 0.7719 0.7935 0.8370 0.8567 0.8288 0.7350 0.7770
66 59 1.1628 1.0527 1.0821 1.1415 1.1686 1.1328 1.0071 1.0656
66 60 1.2391 1.1218 1.1532 1.2163 1.2449 1.2033 1.0657 1.1260
66 61 1.1197 1.0137 1.0421 1.0992 1.1251 1.0891 0.9666 1.0221
66 62 1.1358 1.0283 1.0571 1.1151 1.1416 1.1069 0.9845 1.0418
66 63 1.1781 1.0665 1.0964 1.1565 1.1837 1.1459 1.0169 1.0753
66 64 0.8761 0.7932 0.8154 0.8600 0.8803 0.8512 0.7543 0.7972
66 65 1.1449 1.0365 1.0655 1.1240 1.1508 1.1162 0.9933 1.0512
66 67 1.3911 1.2593 1.2946 1.3656 1.3980 1.3550 1.2046 1.2744
66 68 1.0942 0.9898 1.0180 1.0757 1.1025 1.0704 0.9531 1.0095
66 69 1.1830 1.0710 1.1010 1.1612 1.1884 1.1464 1.0124 1.0688
66 70 1.2908 1.1686 1.2013 1.2670 1.2968 1.2503 1.1034 1.1645
66 71 1.1529 1.0437 1.0729 1.1319 1.1587 1.1235 0.9993 1.0575
66 72 1.0848 0.9821 1.0096 1.0648 1.0898 1.0472 0.9200 0.9693
66 73 1.0919 0.9885 1.0162 1.0718 1.0969 1.0561 0.9303 0.9812
66 74 0.8881 0.8040 0.8265 0.8718 0.8923 0.8640 0.7669 0.8110
66 75 0.9090 0.8229 0.8460 0.8923 0.9134 0.8841 0.7846 0.8296
66 76 1.3880 1.2565 1.2917 1.3626 1.3949 1.3527 1.2032 1.2731
66 77 1.2925 1.1702 1.2029 1.2688 1.2988 1.2573 1.1159 1.1799
66 78 1.1027 0.9983 1.0262 1.0824 1.1080 1.0724 0.9517 1.0062
66 79 1.1063 1.0016 1.0296 1.0860 1.1116 1.0761 0.9551 1.0099
66 80 1.0298 0.9322 0.9583 1.0109 1.0348 1.0030 0.8917 0.9433
66 81 1.1855 1.0733 1.1033 1.1638 1.1913 1.1544 1.0259 1.0853
66 82 1.0876 0.9846 1.0121 1.0677 1.0930 1.0597 0.9424 0.9972
66 83 1.2874 1.1655 1.1981 1.2637 1.2934 1.2495 1.1060 1.1683
66 84 1.0461 0.9471 0.9736 1.0269 1.0511 1.0160 0.9000 0.9510
66 85 1.1328 1.0256 1.0543 1.1119 1.1380 1.0958 0.9654 1.0183
66 86 1.0345 0.9366 0.9628 1.0156 1.0397 1.0078 0.8960 0.9480
66 87 1.0959 0.9921 1.0199 1.0758 1.1013 1.0675 0.9491 1.0041
66 88 1.1204 1.0143 1.0427 1.0998 1.1255 1.0735 0.9331 0.9797
66 89 1.1937 1.0807 1.1109 1.1718 1.1995 1.1623 1.0328 1.0924
66 90 1.0889 0.9859 1.0134 1.0689 1.0941 1.0577 0.9371 0.9902
66 91 1.1996 1.0860 1.1164 1.1777 1.2056 1.1692 1.0401 1.1006
66 92 0.9723 0.8803 0.9049 0.9545 0.9770 0.9459 0.8397 0.8878
66 93 1.1649 1.0546 1.0841 1.1436 1.1706 1.1347 1.0089 1.0673
66 94 1.0589 0.9587 0.9855 1.0395 1.0640 1.0296 0.9134 0.9656
66 95 1.1393 1.0306 1.0600 1.1202 1.1482 1.1147 0.9925 1.0510
66 96 1.1332 1.0256 1.0545 1.1132 1.1401 1.1064 0.9848 1.0425
66 97 1.0070 0.9116 0.9372 0.9885 1.0118 0.9797 0.8697 0.9196
66 98 1.1775 1.0660 1.0959 1.1558 1.1829 1.1343 0.9935 1.0458
66 99 1.0263 0.9291 0.9551 1.0075 1.0314 1.0003 0.8899 0.9416
66 100 1.1090 1.0040 1.0321 1.0887 1.1145 1.0800 0.9599 1.0153
66 101 1.3131 1.1888 1.2221 1.2889 1.3191 1.2084 0.9976 1.0237
66 102 1.1251 1.0185 1.0470 1.1047 1.1309 1.0971 0.9764 1.0332
66 103 1.1072 1.0023 1.0304 1.0870 1.1129 1.0796 0.9608 1.0166
66 104 1.1185 1.0126 1.0409 1.0980 1.1240 1.0899 0.9695 1.0257
66 105 1.1443 1.0360 1.0650 1.1234 1.1501 1.1156 0.9927 1.0504
66 106 1.1514 1.0424 1.0716 1.1304 1.1571 1.1219 0.9978 1.0556
66 107 1.2274 1.1111 1.1423 1.2050 1.2335 1.1965 1.0647 1.1266
66 108 0.8544 0.7735 0.7952 0.8387 0.8584 0.8292 0.7338 0.7751
66 109 1.0500 0.9506 0.9772 1.0308 1.0551 1.0224 0.9086 0.9610
66 110 1.2044 1.0904 1.1209 1.1824 1.2104 1.1739 1.0443 1.1049
66 111 1.2246 1.1086 1.1397 1.2024 1.2311 1.1942 1.0628 1.1247
66 112 1.1848 1.0724 1.1026 1.1638 1.1918 1.1563 1.0292 1.0893
66 113 1.1456 1.0371 1.0662 1.1247 1.1513 1.1163 0.9928 1.0504
66 114 1.1901 1.0774 1.1076 1.1685 1.1963 1.1605 1.0328 1.0929
66 115 1.1317 1.0242 1.0531 1.1115 1.1383 1.1045 0.9831 1.0404
66 116 1.1823 1.0700 1.1002 1.1614 1.1894 1.1541 1.0273 1.0872
66 117 1.0866 0.9837 1.0113 1.0668 1.0920 1.0591 0.9423 0.9970
66 118 1.0887 0.9856 1.0132 1.0687 1.0939 1.0589 0.9398 0.9936
66 119 1.1389 1.0311 1.0600 1.1181 1.1445 1.1093 0.9861 1.0431
66 120 1.1485 1.0398 1.0689 1.1274 1.1538 1.1135 0.9840 1.0389
66 121 1.1409 1.0329 1.0618 1.1200 1.1465 1.1114 0.9882 1.0454
66 122 1.0760 0.9742 1.0015 1.0562 1.0810 1.0408 0.9169 0.9670
66 123 1.1028 0.9983 1.0263 1.0825 1.1081 1.0734 0.9534 1.0083
66 124 1.0915 0.9882 1.0159 1.0714 1.0966 1.0572 0.9330 0.9847
66 125 1.1477 1.0390 1.0681 1.1267 1.1534 1.1187 0.9954 1.0532
67 0 1.4114 1.2774 1.3130 1.3853 1.4184 1.3753 1.2228 1.2942
67 1 1.5753 1.4249 1.4652 1.5481 1.5869 1.5411 1.3725 1.4545
67 2 1.3084 1.1844 1.2174 1.2842 1.3146 1.2732 1.1305 1.1957
67 3 1.3480 1.2202 1.2542 1.3231 1.3544 1.3122 1.1657 1.2332
67 4 1.4471 1.3091 1.3462 1.4223 1.4577 1.4156 1.2608 1.3360
67 5 1.2909 1.1686 1.2012 1.2673 1.2976 1.2591 1.1208 1.1869
67 6 1.5054 1.3628 1.4009 1.4775 1.5123 1.4612 1.2934 1.3662
67 7 1.4772 1.3361 1.3742 1.4523 1.4888 1.4460 1.2880 1.3650
67 8 1.3070 1.1831 1.2162 1.2830 1.3136 1.2742 1.1337 1.2002
67 9 1.3498 1.2215 1.2559 1.3260 1.3584 1.3186 1.1742 1.2439
67 10 1.3548 1.2264 1.2607 1.3300 1.3617 1.3206 1.1749 1.2438
67 11 1.3929 1.2610 1.2963 1.3673 1.3995 1.3538 1.2004 1.2689
67 12 1.3088 1.1848 1.2179 1.2849 1.3156 1.2766 1.1365 1.2034
67 13 1.3142 1.1897 1.2230 1.2899 1.3203 1.2760 1.1298 1.1936
67 14 1.3592 1.2302 1.2648 1.3349 1.3672 1.3269 1.1815 1.2513
67 15 1.2744 1.1536 1.1859 1.2511 1.2809 1.2427 1.1061 1.1711
67 16 1.4353 1.2993 1.3357 1.4090 1.4425 1.3987 1.2440 1.3167
67 17 1.3324 1.2062 1.2400 1.3081 1.3392 1.2990 1.1558 1.2235
67 18 1.1186 1.0127 1.0410 1.0980 1.1239 1.0865 0.9625 1.0171
67 19 1.3512 1.2233 1.2575 1.3264 1.3576 1.3130 1.1638 1.2301
67 20 1.4710 1.3317 1.3689 1.4440 1.4783 1.4330 1.2741 1.3483
67 21 1.4271 1.2920 1.3281 1.4008 1.4338 1.3854 1.2264 1.2956
67 22 1.2128 1.0980 1.1287 1.1904 1.2184 1.1768 1.0412 1.0997
67 23 1.3587 1.2300 1.2644 1.3339 1.3657 1.3251 1.1797 1.2490
67 24 1.2098 1.0952 1.1258 1.1877 1.2160 1.1797 1.0500 1.1116
67 25 1.2909 1.1687 1.2014 1.2673 1.2973 1.2574 1.1177 1.1827
67 26 1.3055 1.1801 1.2142 1.2850 1.3185 1.2812 1.1416 1.2102
67 27 1.3826 1.2517 1.2867 1.3571 1.3891 1.3427 1.1893 1.2567
67 28 1.4316 1.2960 1.3323 1.4054 1.4388 1.3954 1.2415 1.3141
67 29 1.3052 1.1816 1.2147 1.2813 1.3117 1.2715 1.1305 1.1964
67 30 1.1173 1.0111 1.0396 1.0976 1.1244 1.0914 0.9718 1.0292
67 31 1.0923 0.9889 1.0165 1.0722 1.0974 1.0607 0.9394 0.9926
67 32 1.1720 1.0610 1.0907 1.1504 1.1775 1.1384 1.0085 1.0658
67 33 1.2714 1.1510 1.1832 1.2482 1.2778 1.2395 1.1030 1.1677
67 34 1.1948 1.0817 1.1119 1.1728 1.2004 1.1607 1.0285 1.0870
67 35 1.3972 1.2649 1.3002 1.3716 1.4041 1.3614 1.2109 1.2815
67 36 1.3147 1.1901 1.2234 1.2906 1.3213 1.2816 1.1405 1.2073
67 37 1.1718 1.0608 1.0905 1.1504 1.1777 1.1421 1.0160 1.0754
67 38 1.2088 1.0943 1.1250 1.1867 1.2148 1.1779 1.0476 1.1087
67 39 1.2877 1.1658 1.1984 1.2640 1.2938 1.2505 1.1075 1.1702
67 40 1.4463 1.3094 1.3460 1.4198 1.4533 1.4080 1.2509 1.3234
67 41 0.7342 0.6646 0.6832 0.7207 0.7377 0.7145 0.6346 0.6712
67 42 1.2190 1.1035 1.1344 1.1967 1.2251 1.1883 1.0575 1.1194
67 43 1.3635 1.2344 1.2690 1.3384 1.3699 1.3235 1.1715 1.2376
67 44 0.8979 0.8129 0.8356 0.8813 0.9020 0.8708 0.7699 0.8131
67 45 1.2438 1.1260 1.1576 1.2210 1.2499 1.2111 1.0763 1.1387
67 46 0.8794 0.7962 0.8184 0.8633 0.8837 0.8558 0.7600 0.8039
67 47 1.2393 1.1220 1.1534 1.2165 1.2452 1.2049 1.0688 1.1301
67 48 1.2623 1.1428 1.1747 1.2391 1.2682 1.2271 1.0884 1.1507
67 49 0.8604 0.7790 0.8008 0.8447 0.8646 0.8377 0.7443 0.7874
67 50 1.4387 1.3025 1.3389 1.4124 1.4459 1.4024 1.2479 1.3208
67 51 1.3543 1.2261 1.2604 1.3295 1.3608 1.3181 1.1707 1.2383
67 52 0.7923 0.7173 0.7373 0.7777 0.7959 0.7674 0.6772 0.7147
67 53 1.2364 1.1193 1.1506 1.2137 1.2423 1.2028 1.0678 1.1293
67 54 1.3784 1.2479 1.2828 1.3531 1.3849 1.3398 1.1881 1.2559
67 55 1.2693 1.1492 1.1813 1.2460 1.2752 1.2207 1.0667 1.1217
67 56 1.1699 1.0591 1.0888 1.1484 1.1755 1.1386 1.0112 1.0695
67 57 1.1041 0.9996 1.0275 1.0837 1.1092 1.0650 0.9346 0.9843
67 58 1.3056 1.1819 1.2150 1.2816 1.3118 1.2703 1.1279 1.1928
67 59 1.2077 1.0933 1.1240 1.1858 1.2140 1.1778 1.0483 1.1097
67 60 1.4636 1.3251 1.3621 1.4367 1.4705 1.4226 1.2615 1.3335
67 61 1.2326 1.1159 1.1472 1.2100 1.2386 1.2001 1.0664 1.1281
67 62 1.4328 1.2968 1.3333 1.4072 1.4411 1.3984 1.2448 1.3179
67 63 1.2639 1.1442 1.1762 1.2407 1.2700 1.2305 1.0934 1.1566
67 64 1.3396 1.2127 1.2467 1.3149 1.3459 1.3026 1.1558 1.2220
67 65 1.2174 1.1015 1.1327 1.1961 1.2254 1.1893 1.0589 1.1212
67 66 1.3044 1.1802 1.2137 1.2820 1.3135 1.2750 1.1353 1.2022
67 68 1.2982 1.1736 1.2076 1.2776 1.3105 1.2730 1.1340 1.2016
67 69 0.8408 0.7612 0.7826 0.8254 0.8448 0.8156 0.7212 0.7616
67 70 1.1872 1.0748 1.1049 1.1654 1.1928 1.1510 1.0171 1.0738
67 71 1.3708 1.2406 1.2756 1.3464 1.3788 1.3379 1.1910 1.2609
67 72 1.3617 1.2328 1.2673 1.3366 1.3680 1.3157 1.1573 1.2199
67 73 1.4082 1.2749 1.3106 1.3823 1.4147 1.3633 1.2024 1.2687
67 74 1.3893 1.2578 1.2930 1.3639 1.3961 1.3529 1.2025 1.2721
67 75 1.3211 1.1961 1.2295 1.2969 1.3275 1.2862 1.1429 1.2090
67 76 1.0782 0.9758 1.0033 1.0590 1.0846 1.0524 0.9369 0.9918
67 77 0.9996 0.9050 0.9303 0.9813 1.0044 0.9733 0.8649 0.9149
67 78 1.1034 0.9990 1.0269 1.0832 1.1087 1.0742 0.9544 1.0095
67 79 1.0844 0.9817 1.0092 1.0645 1.0896 1.0558 0.9382 0.9925
67 80 1.4569 1.3189 1.3559 1.4303 1.4642 1.4205 1.2643 1.3381
67 81 1.4203 1.2858 1.3218 1.3943 1.4273 1.3843 1.2318 1.3036
67 82 1.4857 1.3447 1.3826 1.4591 1.4941 1.4498 1.2905 1.3661
67 83 0.9444 0.8550 0.8789 0.9270 0.9488 0.9175 0.8131 0.8593
67 84 0.8602 0.7787 0.8005 0.8443 0.8642 0.8362 0.7416 0.7839
67 85 1.4333 1.2976 1.3339 1.4069 1.4399 1.3878 1.2242 1.2918
67 86 1.3992 1.2666 1.3022 1.3739 1.4066 1.3646 1.2146 1.2856
67 87 0.8426 0.7627 0.7841 0.8273 0.8470 0.8217 0.7314 0.7741
67 88 1.2665 1.1466 1.1787 1.2432 1.2724 1.2146 1.0570 1.1103
67 89 1.4083 1.2750 1.3107 1.3826 1.4152 1.3726 1.2212 1.2923
67 90 1.3096 1.1856 1.2188 1.2855 1.3158 1.2733 1.1295 1.1940
67 91 1.4231 1.2878 1.3242 1.3981 1.4320 1.3897 1.2371 1.3097
67 92 1.3895 1.2579 1.2931 1.3640 1.3962 1.3530 1.2025 1.2721
67 93 1.3752 1.2448 1.2798 1.3503 1.3824 1.3411 1.1937 1.2634
67 94 0.8693 0.7870 0.8090 0.8533 0.8734 0.8460 0.7515 0.7948
67 95 1.2921 1.1680 1.2019 1.2717 1.3045 1.2672 1.1287 1.1958
67 96 1.2875 1.1645 1.1978 1.2661 1.2977 1.2600 1.1220 1.1883
67 97 1.3720 1.2421 1.2769 1.3468 1.3786 1.3360 1.1875 1.2563
67 98 1.2874 1.1655 1.1981 1.2637 1.2933 1.2413 1.0886 1.1464
67 99 1.4265 1.2909 1.3274 1.4015 1.4355 1.3931 1.2402 1.3129
67 100 1.1780 1.0665 1.0964 1.1565 1.1838 1.1483 1.0219 1.0814
67 101 1.2718 1.1514 1.1837 1.2484 1.2777 1.1705 0.9663 0.9918
67 102 1.1807 1.0681 1.0985 1.1604 1.1890 1.1541 1.0274 1.0878
67 103 1.1713 1.0597 1.0899 1.1512 1.1796 1.1449 1.0193 1.0791
67 104 1.3268 1.2008 1.2347 1.3034 1.3349 1.2953 1.1530 1.2204
67 105 1.1931 1.0795 1.1101 1.1725 1.2012 1.1658 1.0379 1.0988
67 106 1.2029 1.0887 1.1194 1.1815 1.2100 1.1740 1.0450 1.1061
67 107 1.4254 1.2897 1.3263 1.4008 1.4351 1.3928 1.2400 1.3127
67 108 1.2398 1.1224 1.1538 1.2170 1.2456 1.2044 1.0671 1.1277
67 109 1.1482 1.0394 1.0685 1.1271 1.1538 1.1191 0.9958 1.0537
67 110 1.3927 1.2603 1.2960 1.3683 1.4015 1.3601 1.2107 1.2816
67 111 1.1750 1.0630 1.0933 1.1549 1.1833 1.1486 1.0226 1.0826
67 112 1.2793 1.1572 1.1903 1.2579 1.2892 1.2516 1.1144 1.1800
67 113 1.2165 1.1010 1.1321 1.1950 1.2238 1.1875 1.0570 1.1188
67 114 1.4227 1.2872 1.3238 1.3983 1.4327 1.3906 1.2381 1.3108
67 115 1.3356 1.2080 1.2426 1.3132 1.3459 1.3067 1.1634 1.2320
67 116 1.4114 1.2766 1.3131 1.3879 1.4226 1.3811 1.2298 1.3023
67 117 1.1531 1.0434 1.0730 1.1330 1.1605 1.1263 1.0026 1.0614
67 118 1.1835 1.0715 1.1015 1.1619 1.1893 1.1523 1.0240 1.0831
67 119 1.3986 1.2661 1.3016 1.3732 1.4058 1.3638 1.2138 1.2845
67 120 1.2404 1.1230 1.1544 1.2176 1.2462 1.2037 1.0651 1.1251
67 121 1.3730 1.2428 1.2777 1.3483 1.3806 1.3394 1.1922 1.2617
67 122 1.1575 1.0479 1.0773 1.1362 1.1629 1.1207 0.9885 1.0431
67 123 1.3392 1.2124 1.2464 1.3147 1.3458 1.3048 1.1605 1.2278
67 124 1.1721 1.0611 1.0908 1.1505 1.1776 1.1363 1.0041 1.0602
67 125 1.1750 1.0632 1.0933 1.1546 1.1828 1.1479 1.0219 1.0818
68 0 1.0573 0.9569 0.9836 1.0377 1.0625 1.0283 0.9119 0.9644
68 1 1.0709 0.9693 0.9963 1.0514 1.0769 1.0442 0.9284 0.9831
68 2 1.0340 0.9360 0.9620 1.0148 1.0389 1.0042 0.8893 0.9400
68 3 1.2219 1.1061 1.1370 1.1994 1.2278 1.1872 1.0519 1.1120
68 4 1.2531 1.1342 1.1659 1.2303 1.2600 1.2217 1.0862 1.1501
68 5 1.0568 0.9567 0.9834 1.0375 1.0623 1.0288 0.9134 0.9665
68 6 0.9988 0.9042 0.9294 0.9803 1.0033 0.9676 0.8542 0.9016
68 7 1.2869 1.1649 1.1975 1.2636 1.2942 1.2551 1.1162 1.1820
68 8 1.1817 1.0697 1.0996 1.1601 1.1877 1.1498 1.0204 1.0794
68 9 1.0656 0.9646 0.9915 1.0462 1.0713 1.0381 0.9224 0.9763
68 10 1.1454 1.0369 1.0659 1.1245 1.1512 1.1144 0.9888 1.0460
68 11 1.0760 0.9741 1.0013 1.0561 1.0810 1.0437 0.9229 0.9749
68 12 1.0885 0.9854 1.0129 1.0687 1.0942 1.0597 0.9409 0.9956
68 13 1.1760 1.0646 1.0944 1.1543 1.1814 1.1395 1.0063 1.0623
68 14 1.2018 1.0879 1.1184 1.1799 1.2081 1.1704 1.0396 1.1002
68 15 0.9983 0.9037 0.9290 0.9801 1.0034 0.9716 0.8624 0.9124
68 16 1.2766 1.1557 1.1880 1.2533 1.2830 1.2416 1.1013 1.1648
68 17 1.1166 1.0108 1.0391 1.0962 1.1223 1.0864 0.9640 1.0198
68 18 0.7437 0.6732 0.6921 0.7299 0.7471 0.7209 0.6369 0.6725
68 19 1.0365 0.9383 0.9646 1.0174 1.0413 1.0052 0.8885 0.9384
68 20 1.2061 1.0919 1.1224 1.1840 1.2121 1.1727 1.0398 1.0995
68 21 1.1718 1.0608 1.0905 1.1502 1.1772 1.1353 1.0022 1.0579
68 22 1.0559 0.9559 0.9827 1.0364 1.0608 1.0226 0.9023 0.9522
68 23 1.2278 1.1115 1.1426 1.2054 1.2341 1.1951 1.0610 1.1225
68 24 0.8232 0.7452 0.7661 0.8082 0.8274 0.8011 0.7111 0.7522
68 25 0.7677 0.6950 0.7144 0.7536 0.7714 0.7462 0.6615 0.6994
68 26 1.0364 0.9381 0.9644 1.0178 1.0424 1.0118 0.9009 0.9542
68 27 1.2219 1.1062 1.1372 1.1994 1.2276 1.1843 1.0461 1.1045
68 28 1.2775 1.1565 1.1889 1.2542 1.2839 1.2427 1.1026 1.1662
68 29 1.1696 1.0589 1.0885 1.1482 1.1754 1.1371 1.0083 1.0661
68 30 0.9938 0.8997 0.9248 0.9757 0.9990 0.9680 0.8600 0.9100
68 31 1.1149 1.0094 1.0376 1.0944 1.1201 1.0805 0.9543 1.0075
68 32 1.2582 1.1391 1.1710 1.2350 1.2641 1.2197 1.0776 1.1378
68 33 0.7742 0.7009 0.7205 0.7601 0.7781 0.7533 0.6685 0.7071
68 34 1.2724 1.1520 1.1842 1.2490 1.2784 1.2337 1.0902 1.1511
68 35 1.1639 1.0537 1.0832 1.1426 1.1696 1.1318 1.0039 1.0616
68 36 0.9636 0.8723 0.8968 0.9460 0.9684 0.9375 0.8320 0.8799
68 37 0.9955 0.9012 0.9264 0.9773 1.0005 0.9683 0.8591 0.9085
68 38 0.7618 0.6896 0.7089 0.7478 0.7655 0.7408 0.6570 0.6947
68 39 1.0893 0.9862 1.0138 1.0693 1.0944 1.0557 0.9324 0.9843
68 40 1.2178 1.1025 1.1333 1.1954 1.2237 1.1831 1.0483 1.1080
68 41 1.1640 1.0537 1.0832 1.1426 1.1695 1.1305 1.0013 1.0582
68 42 0.9494 0.8595 0.8836 0.9321 0.9542 0.9237 0.8197 0.8669
68 43 1.1818 1.0700 1.0999 1.1601 1.1873 1.1449 1.0105 1.0666
68 44 1.0856 0.9829 1.0104 1.0656 1.0907 1.0508 0.9265 0.9775
68 45 1.0964 0.9926 1.0204 1.0763 1.1017 1.0654 0.9441 0.9980
68 46 1.1718 1.0608 1.0905 1.1503 1.1774 1.1380 1.0078 1.0650
68 47 1.3120 1.1878 1.2210 1.2879 1.3182 1.2730 1.1261 1.1895
68 48 0.8036 0.7275 0.7479 0.7888 0.8074 0.7796 0.6896 0.7284
68 49 0.9725 0.8804 0.9050 0.9546 0.9772 0.9448 0.8372 0.8849
68 50 1.2111 1.0964 1.1271 1.1889 1.2171 1.1781 1.0454 1.1055
68 51 1.0936 0.9900 1.0177 1.0735 1.0988 1.0622 0.9408 0.9942
68 52 1.0563 0.9563 0.9831 1.0369 1.0612 1.0211 0.8986 0.9475
68 53 0.8274 0.7491 0.7701 0.8122 0.8314 0.8033 0.7112 0.7514
68 54 1.1731 1.0621 1.0918 1.1516 1.1786 1.1380 1.0063 1.0628
68 55 1.1563 1.0468 1.0761 1.1350 1.1616 1.1098 0.9672 1.0161
68 56 1.0131 0.9172 0.9429 0.9945 1.0180 0.9840 0.8715 0.9209
68 57 1.1369 1.0293 1.0581 1.1160 1.1421 1.0945 0.9579 1.0078
68 58 0.9833 0.8902 0.9152 0.9653 0.9880 0.9548 0.8454 0.8932
68 59 1.1439 1.0355 1.0645 1.1230 1.1496 1.1131 0.9881 1.0449
68 60 1.2665 1.1466 1.1787 1.2432 1.2724 1.2285 1.0863 1.1472
68 61 0.9019 0.8165 0.8394 0.8854 0.9063 0.8763 0.7765 0.8206
68 62 1.1063 1.0015 1.0295 1.0861 1.1118 1.0769 0.9563 1.0114
68 63 1.0884 0.9854 1.0130 1.0685 1.0937 1.0575 0.9370 0.9903
68 64 1.1334 1.0261 1.0548 1.1126 1.1388 1.0999 0.9732 1.0280
68 65 1.0189 0.9224 0.9482 1.0003 1.0241 0.9922 0.8816 0.9325
68 66 1.0834 0.9808 1.0083 1.0637 1.0890 1.0553 0.9379 0.9922
68 67 1.2823 1.1609 1.1934 1.2589 1.2887 1.2477 1.1074 1.1710
68 69 1.1028 0.9984 1.0263 1.0825 1.1079 1.0675 0.9413 0.9931
68 70 1.2626 1.1430 1.1750 1.2393 1.2684 1.2215 1.0764 1.1353
68 71 1.0870 0.9841 1.0116 1.0672 1.0925 1.0581 0.9397 0.9938
68 72 1.2260 1.1100 1.1410 1.2035 1.2317 1.1823 1.0370 1.0920
68 73 1.2459 1.1280 1.1595 1.2230 1.2516 1.2038 1.0587 1.1159
68 74 1.1364 1.0288 1.0576 1.1156 1.1419 1.1043 0.9788 1.0344
68 75 1.1303 1.0233 1.0519 1.1095 1.1357 1.0981 0.9730 1.0282
68 76 1.2867 1.1648 1.1975 1.2632 1.2931 1.2525 1.1124 1.1764
68 77 1.0874 0.9844 1.0120 1.0674 1.0926 1.0565 0.9362 0.9894
68 78 0.8752 0.7924 0.8145 0.8592 0.8794 0.8503 0.7533 0.7960
68 79 0.8349 0.7558 0.7770 0.8195 0.8389 0.8112 0.7188 0.7596
68 80 1.1682 1.0576 1.0872 1.1469 1.1740 1.1366 1.0088 1.0667
68 81 1.0608 0.9603 0.9872 1.0414 1.0660 1.0318 0.9155 0.9679
68 82 1.2128 1.0980 1.1287 1.1906 1.2188 1.1804 1.0481 1.1084
68 83 1.2014 1.0877 1.1181 1.1793 1.2070 1.1648 1.0293 1.0867
68 84 1.1841 1.0720 1.1020 1.1623 1.1896 1.1487 1.0159 1.0728
68 85 1.2692 1.1490 1.1812 1.2458 1.2750 1.2264 1.0788 1.1371
68 86 1.0818 0.9794 1.0068 1.0620 1.0872 1.0526 0.9344 0.9880
68 87 1.2455 1.1275 1.1591 1.2227 1.2516 1.2119 1.0758 1.1374
68 88 1.2280 1.1118 1.1429 1.2054 1.2337 1.1754 1.0202 1.0704
68 89 1.0368 0.9386 0.9649 1.0178 1.0418 1.0083 0.8946 0.9457
68 90 0.8742 0.7914 0.8136 0.8581 0.8783 0.8481 0.7502 0.7923
68 91 1.0789 0.9767 1.0041 1.0592 1.0843 1.0503 0.9329 0.9866
68 92 1.1192 1.0133 1.0416 1.0987 1.1246 1.0876 0.9639 1.0186
68 93 0.9763 0.8838 0.9086 0.9584 0.9811 0.9499 0.8432 0.8916
68 94 1.2014 1.0877 1.1182 1.1794 1.2072 1.1669 1.0335 1.0920
68 95 0.9684 0.8766 0.9012 0.9509 0.9737 0.9446 0.8407 0.8897
68 96 0.6294 0.5698 0.5857 0.6179 0.6326 0.6133 0.5453 0.5769
68 97 1.0939 0.9903 1.0181 1.0738 1.0991 1.0630 0.9422 0.9957
68 98 1.2840 1.1624 1.1950 1.2603 1.2899 1.2355 1.0804 1.1367
68 99 1.1740 1.0628 1.0925 1.1525 1.1798 1.1429 1.0152 1.0736
68 100 0.9031 0.8176 0.8405 0.8865 0.9075 0.8784 0.7795 0.8241
68 101 1.3660 1.2367 1.2714 1.3409 1.3723 1.2570 1.0375 1.0643
68 102 0.7982 0.7226 0.7429 0.7837 0.8022 0.7774 0.6908 0.7306
68 103 0.8824 0.7989 0.8212 0.8663 0.8869 0.8594 0.7637 0.8076
68 104 1.0558 0.9559 0.9826 1.0365 1.0611 1.0277 0.9127 0.9650
68 105 0.9232 0.8358 0.8592 0.9064 0.9279 0.8990 0.7988 0.8447
68 106 0.9668 0.8753 0.8998 0.9491 0.9716 0.9410 0.8356 0.8834
68 107 1.1756 1.0643 1.0941 1.1542 1.1815 1.1447 1.0171 1.0756
68 108 1.1483 1.0396 1.0687 1.1272 1.1537 1.1132 0.9836 1.0382
68 109 0.8915 0.8071 0.8297 0.8752 0.8958 0.8671 0.7694 0.8132
68 110 1.1256 1.0190 1.0476 1.1051 1.1312 1.0958 0.9733 1.0292
68 111 0.9509 0.8609 0.8850 0.9335 0.9557 0.9261 0.8230 0.8703
68 112 1.0594 0.9591 0.9859 1.0401 1.0647 1.0321 0.9175 0.9705
68 113 0.9749 0.8826 0.9073 0.9571 0.9797 0.9488 0.8426 0.8909
68 114 1.2213 1.1057 1.1366 1.1990 1.2275 1.1894 1.0569 1.1178
68 115 1.0161 0.9199 0.9457 0.9976 1.0213 0.9899 0.8801 0.9309
68 116 1.1490 1.0402 1.0693 1.1281 1.1549 1.1195 0.9954 1.0529
68 117 0.9460 0.8565 0.8804 0.9287 0.9507 0.9210 0.8181 0.8651
68 118 0.9269 0.8391 0.8626 0.9099 0.9313 0.9005 0.7979 0.8431
68 119 1.0094 0.9138 0.9394 0.9909 1.0143 0.9820 0.8716 0.9214
68 120 1.2376 1.1204 1.1518 1.2148 1.2433 1.1985 1.0574 1.1157
68 121 1.0246 0.9276 0.9535 1.0058 1.0296 0.9969 0.8851 0.9357
68 122 1.1626 1.0525 1.0820 1.1412 1.1679 1.1232 0.9879 1.0413
68 123 0.9799 0.8871 0.9120 0.9619 0.9846 0.9527 0.8449 0.8929
68 124 1.1757 1.0644 1.0942 1.1541 1.1812 1.1375 1.0023 1.0571
68 125 1.0094 0.9138 0.9394 0.9910 1.0144 0.9828 0.8731 0.9233
69 0 1.1035 0.9961 1.0257 1.0880 1.1179 1.0870 0.9686 1.0270
69 1 1.1352 1.0236 1.0548 1.1218 1.1547 1.1242 1.0026 1.0645
69 2 0.9259 0.8364 0.8609 0.9119 0.9360 0.9094 0.8101 0.8583
69 3 1.1115 1.0040 1.0335 1.0951 1.1244 1.0927 0.9735 1.0317
69 4 1.1375 1.0258 1.0571 1.1242 1.1571 1.1265 1.0047 1.0667
69 5 1.0455 0.9434 0.9718 1.0319 1.0609 1.0321 0.9202 0.9763
69 6 1.0313 0.9331 0.9595 1.0133 1.0379 1.0071 0.8962 0.9482
69 7 1.1730 1.0576 1.0901 1.1597 1.1939 1.1626 1.0370 1.1012
69 8 1.0918 0.9855 1.0150 1.0773 1.1072 1.0770 0.9600 1.0184
69 9 1.0473 0.9447 0.9734 1.0346 1.0643 1.0359 0.9238 0.9806
69 10 1.1070 0.9992 1.0291 1.0921 1.1224 1.0917 0.9731 1.0322
69 11 1.0603 0.9586 0.9863 1.0431 1.0696 1.0387 0.9249 0.9795
69 12 1.0748 0.9699 0.9991 1.0611 1.0910 1.0615 0.9465 1.0043
69 13 1.1009 0.9960 1.0243 1.0819 1.1085 1.0758 0.9576 1.0135
69 14 1.1154 1.0062 1.0367 1.1015 1.1330 1.1026 0.9832 1.0435
69 15 1.0248 0.9248 0.9527 1.0115 1.0399 1.0117 0.9019 0.9569
69 16 1.1774 1.0629 1.0947 1.1614 1.1934 1.1606 1.0345 1.0973
69 17 1.1147 1.0061 1.0363 1.1000 1.1306 1.0998 0.9804 1.0401
69 18 0.9824 0.8885 0.9139 0.9658 0.9899 0.9609 0.8555 0.9057
69 19 1.0688 0.9664 0.9942 1.0512 1.0778 1.0465 0.9319 0.9868
69 20 1.1878 1.0725 1.1044 1.1713 1.2034 1.1701 1.0429 1.1060
69 21 0.8848 0.8006 0.8233 0.8694 0.8907 0.8644 0.7694 0.8143
69 22 0.9926 0.8983 0.9236 0.9749 0.9984 0.9687 0.8621 0.9122
69 23 1.1453 1.0335 1.0647 1.1308 1.1627 1.1313 1.0087 1.0704
69 24 1.0206 0.9210 0.9488 1.0075 1.0358 1.0077 0.8985 0.9533
69 25 1.0977 0.9912 1.0207 1.0824 1.1118 1.0811 0.9635 1.0217
69 26 1.0575 0.9528 0.9825 1.0468 1.0788 1.0513 0.9382 0.9968
69 27 1.1782 1.0658 1.0962 1.1583 1.1871 1.1523 1.0259 1.0863
69 28 1.1947 1.0784 1.1107 1.1789 1.2118 1.1787 1.0508 1.1148
69 29 1.1122 1.0042 1.0341 1.0969 1.1270 1.0959 0.9768 1.0360
69 30 0.9332 0.8418 0.8674 0.9220 0.9487 0.9234 0.8236 0.8742
69 31 0.8236 0.7450 0.7662 0.8096 0.8296 0.8053 0.7170 0.7591
69 32 0.9412 0.8513 0.8756 0.9254 0.9486 0.9209 0.8200 0.8683
69 33 1.0634 0.9597 0.9886 1.0496 1.0791 1.0498 0.9360 0.9931
69 34 0.9658 0.8734 0.8984 0.9498 0.9736 0.9454 0.8418 0.8915
69 35 1.1602 1.0474 1.0787 1.1446 1.1763 1.1440 1.0198 1.0818
69 36 1.0776 0.9726 1.0018 1.0636 1.0935 1.0638 0.9484 1.0063
69 37 0.9687 0.8744 0.9006 0.9559 0.9826 0.9558 0.8521 0.9040
69 38 1.0375 0.9366 0.9646 1.0236 1.0519 1.0231 0.9120 0.9675
69 39 0.9729 0.8801 0.9052 0.9564 0.9801 0.9515 0.8471 0.8970
69 40 1.2088 1.0918 1.1240 1.1914 1.2235 1.1894 1.0600 1.1239
69 41 0.8726 0.7883 0.8115 0.8598 0.8828 0.8581 0.7646 0.8106
69 42 1.0243 0.9244 0.9522 1.0110 1.0394 1.0113 0.9016 0.9567
69 43 1.1729 1.0613 1.0913 1.1524 1.1806 1.1458 1.0201 1.0799
69 44 0.6910 0.6256 0.6431 0.6785 0.6946 0.6738 0.5996 0.6345
69 45 1.0814 0.9766 1.0055 1.0661 1.0950 1.0646 0.9488 1.0062
69 46 0.9105 0.8226 0.8468 0.8971 0.9211 0.8952 0.7977 0.8457
69 47 0.9662 0.8734 0.8987 0.9511 0.9758 0.9479 0.8444 0.8948
69 48 1.0828 0.9788 1.0072 1.0658 1.0933 1.0620 0.9460 1.0024
69 49 0.8710 0.7866 0.8099 0.8586 0.8818 0.8573 0.7640 0.8102
69 50 1.1970 1.0803 1.1128 1.1814 1.2146 1.1816 1.0535 1.1178
69 51 1.1568 1.0450 1.0758 1.1400 1.1705 1.1378 1.0139 1.0750
69 52 0.5135 0.4648 0.4779 0.5041 0.5162 0.5001 0.4442 0.4698
69 53 1.0654 0.9626 0.9908 1.0494 1.0772 1.0469 0.9328 0.9888
69 54 1.1760 1.0632 1.0939 1.1573 1.1871 1.1530 1.0270 1.0882
69 55 1.1293 1.0224 1.0510 1.1088 1.1352 1.0919 0.9602 1.0119
69 56 1.0261 0.9269 0.9542 1.0111 1.0382 1.0092 0.8993 0.9534
69 57 0.9181 0.8311 0.8544 0.9014 0.9229 0.8904 0.7865 0.8301
69 58 1.1554 1.0439 1.0746 1.1384 1.1686 1.1358 1.0120 1.0728
69 59 0.9964 0.8991 0.9263 0.9839 1.0118 0.9845 0.8779 0.9316
69 60 1.2466 1.1270 1.1596 1.2268 1.2583 1.2223 1.0887 1.1535
69 61 1.0629 0.9599 0.9883 1.0479 1.0763 1.0464 0.9326 0.9890
69 62 1.2086 1.0903 1.1235 1.1939 1.2281 1.1953 1.0659 1.1313
69 63 1.0897 0.9841 1.0133 1.0743 1.1034 1.0728 0.9561 1.0139
69 64 1.1638 1.0519 1.0825 1.1460 1.1759 1.1426 1.0179 1.0788
69 65 1.0607 0.9566 0.9858 1.0482 1.0787 1.0501 0.9366 0.9942
69 66 1.1220 1.0118 1.0427 1.1090 1.1415 1.1113 0.9913 1.0524
69 67 0.8290 0.7480 0.7706 0.8185 0.8417 0.8190 0.7303 0.7750
69 68 1.0998 0.9910 1.0219 1.0887 1.1218 1.0930 0.9754 1.0362
69 70 0.9787 0.8860 0.9108 0.9609 0.9839 0.9541 0.8487 0.8980
69 71 1.1965 1.0793 1.1121 1.1819 1.2159 1.1834 1.0554 1.1202
69 72 1.2072 1.0928 1.1234 1.1853 1.2136 1.1729 1.0385 1.0972
69 73 1.2281 1.1118 1.1429 1.2059 1.2347 1.1957 1.0615 1.1225
69 74 1.1848 1.0699 1.1017 1.1683 1.2003 1.1672 1.0403 1.1033
69 75 1.1519 1.0403 1.0711 1.1356 1.1665 1.1342 1.0108 1.0720
69 76 0.6832 0.6163 0.6351 0.6750 0.6944 0.6759 0.6028 0.6398
69 77 0.9209 0.8316 0.8563 0.9080 0.9327 0.9069 0.8083 0.8572
69 78 0.9789 0.8841 0.9103 0.9651 0.9912 0.9637 0.8589 0.9109
69 79 1.0442 0.9430 0.9710 1.0296 1.0576 1.0284 0.9166 0.9721
69 80 1.2486 1.1267 1.1607 1.2329 1.2679 1.2338 1.1001 1.1675
69 81 1.2237 1.1044 1.1376 1.2080 1.2420 1.2084 1.0774 1.1432
69 82 1.2466 1.1247 1.1588 1.2314 1.2668 1.2329 1.0995 1.1670
69 83 0.5970 0.5398 0.5554 0.5872 0.6021 0.5848 0.5208 0.5518
69 84 0.7657 0.6922 0.7122 0.7537 0.7732 0.7512 0.6692 0.7092
69 85 1.2543 1.1355 1.1673 1.2316 1.2610 1.2214 1.0846 1.1471
69 86 1.2053 1.0875 1.1204 1.1903 1.2242 1.1914 1.0624 1.1275
69 87 0.7112 0.6417 0.6611 0.7023 0.7224 0.7030 0.6269 0.6653
69 88 1.1382 1.0304 1.0592 1.1176 1.1443 1.0975 0.9613 1.0120
69 89 1.2240 1.1047 1.1379 1.2082 1.2422 1.2085 1.0775 1.1433
69 90 1.1667 1.0545 1.0851 1.1486 1.1785 1.1451 1.0201 1.0811
69 91 1.2258 1.1057 1.1394 1.2113 1.2464 1.2133 1.0821 1.1486
69 92 1.2167 1.0986 1.1313 1.1999 1.2327 1.1988 1.0685 1.1333
69 93 1.2026 1.0850 1.1179 1.1876 1.2215 1.1887 1.0600 1.1249
69 94 0.7658 0.6917 0.7121 0.7548 0.7752 0.7536 0.6716 0.7122
69 95 1.0513 0.9472 0.9768 1.0408 1.0726 1.0451 0.9326 0.9908
69 96 0.9652 0.8701 0.8970 0.9546 0.9831 0.9574 0.8542 0.9071
69 97 1.2023 1.0856 1.1179 1.1857 1.2183 1.1848 1.0561 1.1202
69 98 1.1540 1.0447 1.0740 1.1331 1.1603 1.1191 0.9879 1.0429
69 99 1.2341 1.1131 1.1470 1.2195 1.2549 1.2216 1.0895 1.1566
69 100 1.0456 0.9436 0.9720 1.0323 1.0616 1.0329 0.9210 0.9773
69 101 1.0713 0.9699 0.9970 1.0520 1.0772 0.9872 0.8153 0.8373
69 102 1.0772 0.9713 1.0011 1.0649 1.0962 1.0673 0.9520 1.0107
69 103 1.0375 0.9355 0.9642 1.0256 1.0557 1.0279 0.9168 0.9733
69 104 1.1690 1.0544 1.0866 1.1550 1.1884 1.1568 1.0316 1.0950
69 105 1.0530 0.9496 0.9786 1.0408 1.0713 1.0430 0.9302 0.9875
69 106 1.0634 0.9593 0.9884 1.0506 1.0809 1.0521 0.9382 0.9958
69 107 1.2356 1.1142 1.1483 1.2213 1.2571 1.2238 1.0916 1.1588
69 108 1.1074 1.0015 1.0302 1.0893 1.1169 1.0847 0.9661 1.0235
69 109 1.0538 0.9510 0.9797 1.0404 1.0698 1.0409 0.9281 0.9848
69 110 1.2203 1.1006 1.1342 1.2059 1.2410 1.2080 1.0774 1.1436
69 111 1.0470 0.9441 0.9731 1.0351 1.0656 1.0376 0.9255 0.9826
69 112 1.1530 1.0395 1.0715 1.1403 1.1742 1.1435 1.0201 1.0832
69 113 1.0591 0.9554 0.9845 1.0464 1.0767 1.0480 0.9346 0.9920
69 114 1.2527 1.1296 1.1643 1.2385 1.2749 1.2413 1.1073 1.1756
69 115 1.1851 1.0684 1.1013 1.1721 1.2070 1.1754 1.0486 1.1135
69 116 1.2452 1.1225 1.1572 1.2316 1.2684 1.2353 1.1021 1.1703
69 117 1.0362 0.9345 0.9631 1.0240 1.0539 1.0260 0.9151 0.9714
69 118 1.0940 0.9880 1.0173 1.0788 1.1084 1.0778 0.9607 1.0189
69 119 1.2294 1.1093 1.1428 1.2141 1.2488 1.2152 1.0837 1.1500
69 120 1.1452 1.0364 1.0656 1.1251 1.1527 1.1189 0.9962 1.0549
69 121 1.2194 1.1001 1.1334 1.2044 1.2390 1.2059 1.0754 1.1414
69 122 1.0817 0.9792 1.0067 1.0622 1.0878 1.0536 0.9355 0.9896
69 123 1.1960 1.0796 1.1119 1.1803 1.2133 1.1804 1.0523 1.1165
69 124 1.0955 0.9917 1.0195 1.0757 1.1016 1.0685 0.9505 1.0060
69 125 1.0569 0.9532 0.9824 1.0447 1.0753 1.0468 0.9337 0.9913
70 0 1.3756 1.2413 1.2784 1.3571 1.3950 1.3568 1.2092 1.2823
70 1 1.4664 1.3217 1.3623 1.4499 1.4931 1.4541 1.2970 1.3773
70 2 1.1915 1.0760 1.1077 1.1741 1.2057 1.1718 1.0439 1.1063
70 3 1.1008 0.9939 1.0234 1.0852 1.1147 1.0836 0.9655 1.0235
70 4 1.3891 1.2521 1.2907 1.3736 1.4144 1.3774 1.2287 1.3048
70 5 1.2788 1.1535 1.1885 1.2629 1.2991 1.2642 1.1272 1.1962
70 6 1.4494 1.3109 1.3483 1.4248 1.4601 1.4171 1.2613 1.3348
70 7 1.1246 1.0136 1.0450 1.1125 1.1458 1.1161 0.9958 1.0576
70 8 1.2898 1.1638 1.1989 1.2734 1.3094 1.2740 1.1358 1.2051
70 9 1.3193 1.1896 1.2260 1.3040 1.3421 1.3067 1.1654 1.2373
70 10 1.3266 1.1971 1.2332 1.3096 1.3466 1.3101 1.1680 1.2392
70 11 1.4369 1.2987 1.3364 1.4145 1.4511 1.4095 1.2553 1.3297
70 12 1.2891 1.1628 1.1981 1.2733 1.3099 1.2749 1.1369 1.2066
70 13 1.0403 0.9408 0.9678 1.0230 1.0486 1.0180 0.9062 0.9594
70 14 1.3259 1.1957 1.2322 1.3102 1.3483 1.3125 1.1706 1.2426
70 15 1.3409 1.2097 1.2464 1.3243 1.3621 1.3256 1.1820 1.2544
70 16 1.1161 1.0072 1.0375 1.1016 1.1325 1.1017 0.9821 1.0419
70 17 1.3080 1.1802 1.2158 1.2914 1.3281 1.2922 1.1522 1.2226
70 18 1.1494 1.0393 1.0692 1.1308 1.1595 1.1259 1.0025 1.0616
70 19 1.3954 1.2613 1.2979 1.3733 1.4087 1.3682 1.2185 1.2907
70 20 1.4136 1.2759 1.3142 1.3949 1.4337 1.3945 1.2431 1.3186
70 21 1.3443 1.2159 1.2506 1.3217 1.3546 1.3149 1.1706 1.2393
70 22 1.2673 1.1465 1.1791 1.2455 1.2761 1.2384 1.1024 1.1668
70 23 1.3255 1.1957 1.2320 1.3094 1.3471 1.3111 1.1692 1.2410
70 24 1.2392 1.1179 1.1518 1.2240 1.2590 1.2253 1.0926 1.1596
70 25 1.2776 1.1533 1.1878 1.2605 1.2954 1.2599 1.1231 1.1913
70 26 1.3378 1.2049 1.2428 1.3251 1.3663 1.3318 1.1888 1.2634
70 27 1.1033 0.9976 1.0263 1.0853 1.1127 1.0805 0.9621 1.0190
70 28 1.1662 1.0523 1.0841 1.1515 1.1842 1.1522 1.0274 1.0902
70 29 1.2875 1.1621 1.1969 1.2705 1.3060 1.2704 1.1325 1.2014
70 30 1.1648 1.0502 1.0825 1.1515 1.1853 1.1541 1.0295 1.0931
70 31 1.3278 1.2007 1.2352 1.3060 1.3390 1.3001 1.1577 1.2261
70 32 1.0092 0.9125 0.9388 0.9929 1.0182 0.9888 0.8806 0.9328
70 33 1.2933 1.1668 1.2022 1.2773 1.3138 1.2785 1.1401 1.2100
70 34 1.0623 0.9604 0.9882 1.0453 1.0721 1.0413 0.9274 0.9824
70 35 1.3574 1.2250 1.2619 1.3400 1.3777 1.3404 1.1951 1.2680
70 36 1.3350 1.2045 1.2410 1.3185 1.3561 1.3197 1.1768 1.2490
70 37 1.2047 1.0870 1.1198 1.1895 1.2232 1.1902 1.0613 1.1262
70 38 1.2339 1.1135 1.1470 1.2180 1.2523 1.2184 1.0863 1.1527
70 39 1.1862 1.0727 1.1035 1.1668 1.1963 1.1617 1.0345 1.0957
70 40 1.3997 1.2638 1.3014 1.3804 1.4183 1.3792 1.2294 1.3038
70 41 1.4140 1.2769 1.3148 1.3941 1.4321 1.3924 1.2410 1.3160
70 42 1.2575 1.1345 1.1689 1.2420 1.2775 1.2432 1.1087 1.1766
70 43 1.0347 0.9360 0.9627 1.0173 1.0427 1.0123 0.9013 0.9545
70 44 1.2063 1.0917 1.1225 1.1850 1.2137 1.1777 1.0483 1.1096
70 45 1.2371 1.1169 1.1502 1.2204 1.2541 1.2197 1.0873 1.1533
70 46 1.4053 1.2692 1.3068 1.3855 1.4232 1.3837 1.2332 1.3077
70 47 1.1139 1.0065 1.0360 1.0972 1.1261 1.0943 0.9750 1.0334
70 48 1.2924 1.1679 1.2020 1.2728 1.3063 1.2694 1.1309 1.1986
70 49 1.2365 1.1164 1.1497 1.2197 1.2533 1.2188 1.0865 1.1524
70 50 1.3867 1.2511 1.2890 1.3695 1.4087 1.3709 1.2225 1.2974
70 51 1.3290 1.2001 1.2357 1.3104 1.3462 1.3090 1.1667 1.2373
70 52 1.1647 1.0543 1.0839 1.1435 1.1708 1.1349 1.0088 1.0671
70 53 1.2635 1.1413 1.1750 1.2454 1.2790 1.2434 1.1081 1.1749
70 54 1.3543 1.2240 1.2596 1.3336 1.3685 1.3297 1.1847 1.2555
70 55 0.8849 0.8011 0.8235 0.8689 0.8896 0.8561 0.7534 0.7941
70 56 1.1972 1.0811 1.1132 1.1805 1.2127 1.1792 1.0510 1.1145
70 57 1.1550 1.0456 1.0749 1.1340 1.1611 1.1208 0.9907 1.0458
70 58 1.2891 1.1642 1.1987 1.2708 1.3052 1.2689 1.1309 1.1991
70 59 1.2296 1.1091 1.1429 1.2149 1.2500 1.2167 1.0851 1.1518
70 60 1.1133 1.0061 1.0355 1.0963 1.1250 1.0932 0.9739 1.0321
70 61 1.2551 1.1331 1.1669 1.2381 1.2724 1.2375 1.1031 1.1701
70 62 1.3809 1.2453 1.2834 1.3649 1.4048 1.3677 1.2199 1.2951
70 63 1.2820 1.1574 1.1920 1.2647 1.2996 1.2640 1.1268 1.1952
70 64 1.3202 1.1928 1.2278 1.3008 1.3354 1.2980 1.1566 1.2261
70 65 1.2290 1.1080 1.1421 1.2152 1.2512 1.2184 1.0869 1.1542
70 66 1.2672 1.1423 1.1776 1.2534 1.2907 1.2570 1.1215 1.1910
70 67 1.5338 1.3835 1.4256 1.5153 1.5591 1.5175 1.3534 1.4366
70 68 1.3056 1.1760 1.2129 1.2932 1.3332 1.2994 1.1598 1.2324
70 69 1.2157 1.1002 1.1312 1.1944 1.2236 1.1875 1.0572 1.1193
70 71 1.2450 1.1227 1.1571 1.2307 1.2667 1.2333 1.1001 1.1680
70 72 1.1266 1.0199 1.0485 1.1062 1.1327 1.0954 0.9705 1.0255
70 73 1.0472 0.9480 0.9745 1.0282 1.0528 1.0201 0.9063 0.9586
70 74 1.3528 1.2211 1.2577 1.3349 1.3720 1.3346 1.1898 1.2622
70 75 1.2988 1.1725 1.2075 1.2813 1.3167 1.2807 1.1416 1.2110
70 76 1.5116 1.3630 1.4048 1.4942 1.5380 1.4975 1.3358 1.4182
70 77 1.3697 1.2365 1.2735 1.3514 1.3889 1.3509 1.2043 1.2775
70 78 1.2457 1.1246 1.1582 1.2288 1.2627 1.2281 1.0948 1.1613
70 79 1.1947 1.0785 1.1108 1.1787 1.2114 1.1783 1.0505 1.1144
70 80 1.4018 1.2644 1.3029 1.3850 1.4250 1.3871 1.2371 1.3132
70 81 1.3734 1.2391 1.2767 1.3566 1.3956 1.3582 1.2113 1.2856
70 82 1.4213 1.2818 1.3210 1.4049 1.4459 1.4077 1.2557 1.3331
70 83 1.3918 1.2582 1.2946 1.3699 1.4054 1.3654 1.2163 1.2889
70 84 1.0140 0.9163 0.9430 0.9987 1.0251 0.9962 0.8876 0.9409
70 85 1.0256 0.9284 0.9544 1.0070 1.0312 0.9993 0.8880 0.9394
70 86 1.3550 1.2222 1.2595 1.3390 1.3779 1.3413 1.1963 1.2700
70 87 1.1239 1.0137 1.0446 1.1106 1.1428 1.1125 0.9922 1.0533
70 88 0.8625 0.7808 0.8026 0.8469 0.8672 0.8322 0.7294 0.7681
70 89 1.3645 1.2310 1.2683 1.3477 1.3863 1.3492 1.2032 1.2770
70 90 1.2151 1.0979 1.1300 1.1970 1.2288 1.1943 1.0642 1.1282
70 91 1.3738 1.2387 1.2767 1.3583 1.3984 1.3617 1.2147 1.2898
70 92 1.3534 1.2216 1.2582 1.3355 1.3728 1.3354 1.1906 1.2631
70 93 1.3356 1.2046 1.2414 1.3198 1.3581 1.3221 1.1792 1.2518
70 94 1.0372 0.9366 0.9644 1.0230 1.0511 1.0222 0.9112 0.9665
70 95 1.2208 1.0995 1.1341 1.2093 1.2469 1.2154 1.0848 1.1528
70 96 1.1754 1.0592 1.0922 1.1633 1.1986 1.1677 1.0420 1.1069
70 97 1.3382 1.2079 1.2442 1.3207 1.3576 1.3207 1.1775 1.2493
70 98 0.9174 0.8305 0.8537 0.9008 0.9225 0.8902 0.7864 0.8304
70 99 1.3765 1.2411 1.2793 1.3611 1.4013 1.3646 1.2173 1.2926
70 100 1.2186 1.0993 1.1327 1.2039 1.2386 1.2056 1.0752 1.1413
70 101 1.0520 0.9523 0.9790 1.0330 1.0578 0.9695 0.8006 0.8223
70 102 1.1135 1.0037 1.0347 1.1015 1.1344 1.1049 0.9857 1.0468
70 103 1.2122 1.0927 1.1265 1.1991 1.2350 1.2028 1.0731 1.1395
70 104 1.2455 1.1231 1.1576 1.2314 1.2677 1.2344 1.1011 1.1690
70 105 1.2342 1.1127 1.1470 1.2208 1.2572 1.2244 1.0923 1.1599
70 106 1.2421 1.1201 1.1544 1.2279 1.2640 1.2307 1.0978 1.1655
70 107 1.3753 1.2398 1.2780 1.3603 1.4008 1.3643 1.2171 1.2924
70 108 1.2388 1.1199 1.1523 1.2193 1.2509 1.2152 1.0825 1.1471
70 109 1.1323 1.0215 1.0525 1.1186 1.1508 1.1201 0.9989 1.0602
70 110 1.3492 1.2164 1.2538 1.3341 1.3736 1.3376 1.1932 1.2670
70 111 1.2105 1.0911 1.1248 1.1975 1.2334 1.2013 1.0718 1.1382
70 112 1.2570 1.1328 1.1680 1.2440 1.2816 1.2486 1.1140 1.1833
70 113 1.2279 1.1072 1.1412 1.2139 1.2497 1.2168 1.0854 1.1524
70 114 1.3476 1.2148 1.2523 1.3331 1.3731 1.3374 1.1932 1.2672
70 115 1.2350 1.1130 1.1476 1.2223 1.2593 1.2268 1.0947 1.1627
70 116 1.3285 1.1972 1.2344 1.3149 1.3548 1.3199 1.1778 1.2511
70 117 1.2319 1.1106 1.1448 1.2182 1.2544 1.2216 1.0898 1.1572
70 118 1.1743 1.0601 1.0918 1.1587 1.1911 1.1586 1.0329 1.0958
70 119 1.3542 1.2215 1.2587 1.3382 1.3772 1.3407 1.1957 1.2694
70 120 1.0730 0.9707 0.9983 1.0549 1.0812 1.0499 0.9349 0.9903
70 121 1.2798 1.1542 1.1895 1.2649 1.3020 1.2676 1.1306 1.2003
70 122 1.0017 0.9068 0.9322 0.9837 1.0074 0.9763 0.8675 0.9179
70 123 1.2452 1.1236 1.1576 1.2297 1.2647 1.2308 1.0975 1.1648
70 124 1.0208 0.9240 0.9499 1.0024 1.0266 0.9963 0.8869 0.9389
70 125 1.2496 1.1265 1.1612 1.2359 1.2727 1.2395 1.1058 1.1743
71 0 1.2482 1.1297 1.1612 1.2251 1.2544 1.2158 1.0805 1.1434
71 1 1.3247 1.1986 1.2323 1.3013 1.3335 1.2947 1.1530 1.2216
71 2 1.1837 1.0715 1.1013 1.1618 1.1893 1.1514 1.0219 1.0807
71 3 1.2367 1.1195 1.1507 1.2138 1.2426 1.2034 1.0685 1.1302
71 4 1.3020 1.1782 1.2114 1.2791 1.3106 1.2724 1.1331 1.2005
71 5 1.0792 0.9769 1.0042 1.0595 1.0849 1.0523 0.9362 0.9912
71 6 1.1955 1.0822 1.1124 1.1733 1.2009 1.1599 1.0262 1.0838
71 7 1.3548 1.2258 1.2605 1.3314 1.3644 1.3249 1.1800 1.2503
71 8 1.1741 1.0629 1.0926 1.1527 1.1802 1.1443 1.0176 1.0772
71 9 1.1471 1.0383 1.0674 1.1263 1.1534 1.1195 0.9967 1.0557
71 10 1.1085 1.0034 1.0315 1.0882 1.1141 1.0801 0.9604 1.0166
71 11 1.3297 1.2038 1.2374 1.3052 1.3360 1.2919 1.1449 1.2100
71 12 1.0905 0.9872 1.0148 1.0706 1.0962 1.0633 0.9461 1.0017
71 13 1.1648 1.0545 1.0840 1.1433 1.1702 1.1305 1.0005 1.0568
71 14 1.2146 1.0995 1.1303 1.1925 1.2211 1.1848 1.0547 1.1168
71 15 1.0935 0.9899 1.0175 1.0735 1.0991 1.0659 0.9482 1.0038
71 16 1.3291 1.2032 1.2369 1.3048 1.3358 1.2948 1.1509 1.2181
71 17 1.0454 0.9464 0.9729 1.0263 1.0507 1.0188 0.9060 0.9590
71 18 0.8684 0.7862 0.8082 0.8524 0.8725 0.8432 0.7465 0.7888
71 19 1.3095 1.1855 1.2187 1.2854 1.3157 1.2720 1.1268 1.1908
71 20 1.2248 1.1088 1.1398 1.2024 1.2309 1.1928 1.0599 1.1215
71 21 1.3755 1.2452 1.2801 1.3501 1.3818 1.3347 1.1809 1.2473
71 22 1.2213 1.1057 1.1366 1.1988 1.2270 1.1846 1.0476 1.1062
71 23 1.2851 1.1633 1.1959 1.2616 1.2917 1.2529 1.1148 1.1801
71 24 1.1570 1.0474 1.0767 1.1359 1.1629 1.1278 1.0033 1.0620
71 25 0.9401 0.8511 0.8749 0.9229 0.9448 0.9153 0.8132 0.8604
71 26 1.1461 1.0363 1.0661 1.1276 1.1566 1.1236 1.0010 1.0611
71 27 1.2377 1.1205 1.1518 1.2149 1.2435 1.2015 1.0637 1.1238
71 28 1.3360 1.2094 1.2433 1.3116 1.3427 1.3017 1.1575 1.2250
71 29 1.1376 1.0298 1.0586 1.1167 1.1432 1.1078 0.9844 1.0416
71 30 1.1008 0.9965 1.0244 1.0810 1.1070 1.0742 0.9564 1.0128
71 31 1.3152 1.1906 1.2240 1.2909 1.3213 1.2766 1.1300 1.1938
71 32 1.2320 1.1153 1.1465 1.2093 1.2378 1.1962 1.0592 1.1191
71 33 0.9138 0.8273 0.8504 0.8971 0.9184 0.8906 0.7921 0.8384
71 34 1.2191 1.1036 1.1345 1.1966 1.2248 1.1838 1.0484 1.1079
71 35 1.1348 1.0274 1.0561 1.1141 1.1405 1.1054 0.9826 1.0398
71 36 1.0973 0.9934 1.0212 1.0773 1.1029 1.0694 0.9511 1.0066
71 37 1.1908 1.0781 1.1082 1.1691 1.1968 1.1602 1.0316 1.0918
71 38 0.9646 0.8733 0.8977 0.9470 0.9694 0.9396 0.8352 0.8838
71 39 1.2524 1.1338 1.1655 1.2293 1.2582 1.2157 1.0761 1.1368
71 40 1.2467 1.1286 1.1602 1.2238 1.2527 1.2132 1.0773 1.1395
71 41 1.3585 1.2299 1.2643 1.3336 1.3651 1.3217 1.1732 1.2407
71 42 1.0975 0.9936 1.0214 1.0775 1.1030 1.0695 0.9512 1.0068
71 43 1.1775 1.0660 1.0958 1.1558 1.1829 1.1425 1.0107 1.0675
71 44 1.2149 1.0999 1.1307 1.1925 1.2205 1.1778 1.0408 1.0989
71 45 0.9564 0.8659 0.8901 0.9389 0.9611 0.9309 0.8268 0.8746
71 46 1.3559 1.2276 1.2619 1.3311 1.3625 1.3190 1.1707 1.2381
71 47 1.2654 1.1456 1.1776 1.2421 1.2714 1.2298 1.0903 1.1526
71 48 1.0814 0.9790 1.0064 1.0615 1.0865 1.0508 0.9315 0.9846
71 49 1.0366 0.9385 0.9647 1.0176 1.0417 1.0088 0.8959 0.9476
71 50 1.2339 1.1170 1.1483 1.2114 1.2401 1.2023 1.0692 1.1315
71 51 0.9775 0.8849 0.9097 0.9595 0.9822 0.9510 0.8442 0.8928
71 52 1.1789 1.0673 1.0971 1.1572 1.1843 1.1413 1.0067 1.0622
71 53 1.0842 0.9816 1.0090 1.0643 1.0894 1.0544 0.9355 0.9892
71 54 1.1583 1.0486 1.0780 1.1370 1.1638 1.1254 0.9974 1.0542
71 55 1.1424 1.0343 1.0632 1.1214 1.1477 1.0982 0.9591 1.0083
71 56 1.0623 0.9617 0.9886 1.0428 1.0674 1.0334 0.9173 0.9701
71 57 1.1695 1.0588 1.0884 1.1479 1.1748 1.1276 0.9890 1.0413
71 58 0.6256 0.5664 0.5822 0.6141 0.6286 0.6085 0.5400 0.5709
71 59 1.2262 1.1100 1.1411 1.2038 1.2323 1.1951 1.0633 1.1253
71 60 1.3057 1.1820 1.2151 1.2817 1.3118 1.2686 1.1243 1.1882
71 61 1.0680 0.9669 0.9940 1.0485 1.0732 1.0394 0.9231 0.9763
71 62 0.9091 0.8230 0.8460 0.8925 0.9137 0.8864 0.7890 0.8351
71 63 1.1322 1.0250 1.0537 1.1114 1.1377 1.1018 0.9785 1.0349
71 64 1.0277 0.9304 0.9565 1.0089 1.0326 0.9990 0.8859 0.9365
71 65 1.0741 0.9722 0.9995 1.0549 1.0803 1.0483 0.9332 0.9879
71 66 1.0943 0.9903 1.0183 1.0750 1.1011 1.0686 0.9513 1.0072
71 67 1.4724 1.3330 1.3703 1.4455 1.4798 1.4350 1.2766 1.3510
71 68 1.0292 0.9307 0.9575 1.0124 1.0381 1.0082 0.8980 0.9513
71 69 1.2454 1.1275 1.1591 1.2225 1.2512 1.2075 1.0672 1.1268
71 70 1.2605 1.1412 1.1731 1.2373 1.2663 1.2215 1.0788 1.1388
71 72 1.2402 1.1228 1.1542 1.2174 1.2459 1.1978 1.0530 1.1098
71 73 1.2712 1.1508 1.1831 1.2478 1.2771 1.2302 1.0844 1.1439
71 74 1.0354 0.9373 0.9636 1.0164 1.0404 1.0078 0.8953 0.9469
71 75 1.1351 1.0276 1.0564 1.1142 1.1405 1.1046 0.9810 1.0375
71 76 1.4632 1.3246 1.3617 1.4366 1.4708 1.4269 1.2700 1.3442
71 77 1.3499 1.2221 1.2563 1.3252 1.3564 1.3138 1.1669 1.2341
71 78 1.0276 0.9303 0.9564 1.0088 1.0326 1.0000 0.8880 0.9391
71 79 1.0475 0.9483 0.9748 1.0283 1.0525 1.0195 0.9055 0.9576
71 80 1.2075 1.0931 1.1237 1.1854 1.2135 1.1768 1.0468 1.1078
71 81 1.1142 1.0087 1.0369 1.0938 1.1197 1.0856 0.9654 1.0215
71 82 1.3526 1.2246 1.2588 1.3279 1.3594 1.3187 1.1736 1.2421
71 83 1.3527 1.2246 1.2589 1.3278 1.3590 1.3137 1.1635 1.2294
71 84 1.1358 1.0283 1.0571 1.1150 1.1412 1.1037 0.9783 1.0340
71 85 1.3037 1.1803 1.2133 1.2797 1.3098 1.2618 1.1124 1.1736
71 86 1.0528 0.9531 0.9798 1.0336 1.0581 1.0262 0.9130 0.9662
71 87 1.1937 1.0807 1.1110 1.1719 1.1997 1.1635 1.0352 1.0955
71 88 1.2408 1.1233 1.1548 1.2179 1.2465 1.1894 1.0345 1.0864
71 89 1.1427 1.0345 1.0635 1.1218 1.1483 1.1133 0.9900 1.0474
71 90 0.9935 0.8994 0.9246 0.9753 0.9982 0.9656 0.8560 0.9048
71 91 1.1433 1.0349 1.0640 1.1227 1.1495 1.1153 0.9927 1.0507
71 92 1.1178 1.0119 1.0403 1.0973 1.1232 1.0880 0.9665 1.0222
71 93 1.1028 0.9984 1.0263 1.0827 1.1083 1.0749 0.9563 1.0120
71 94 1.1518 1.0428 1.0720 1.1307 1.1573 1.1206 0.9948 1.0519
71 95 1.0897 0.9853 1.0137 1.0720 1.0993 1.0676 0.9507 1.0071
71 96 1.0793 0.9764 1.0042 1.0608 1.0870 1.0551 0.9394 0.9947
71 97 1.0790 0.9768 1.0042 1.0592 1.0842 1.0503 0.9331 0.9869
71 98 1.1738 1.0627 1.0925 1.1522 1.1792 1.1313 0.9916 1.0440
71 99 1.1865 1.0740 1.1042 1.1652 1.1931 1.1576 1.0303 1.0905
71 100 1.0319 0.9342 0.9604 1.0131 1.0370 1.0055 0.8943 0.9462
71 101 1.2900 1.1678 1.2005 1.2662 1.2959 1.1871 0.9799 1.0053
71 102 1.0773 0.9749 1.0024 1.0583 1.0840 1.0519 0.9364 0.9912
71 103 1.0382 0.9395 0.9661 1.0199 1.0446 1.0137 0.9023 0.9551
71 104 1.0390 0.9405 0.9669 1.0202 1.0445 1.0133 0.9018 0.9543
71 105 1.0876 0.9843 1.0121 1.0683 1.0941 1.0617 0.9450 1.0002
71 106 1.0998 0.9956 1.0235 1.0797 1.1054 1.0723 0.9543 1.0099
71 107 1.2005 1.0865 1.1172 1.1792 1.2077 1.1718 1.0431 1.1040
71 108 1.0602 0.9599 0.9867 1.0407 1.0652 1.0295 0.9117 0.9632
71 109 0.9935 0.8994 0.9246 0.9753 0.9984 0.9680 0.8608 0.9107
71 110 1.1696 1.0587 1.0885 1.1486 1.1761 1.1410 1.0156 1.0748
71 111 1.2070 1.0923 1.1232 1.1859 1.2146 1.1787 1.0492 1.1106
71 112 1.1507 1.0412 1.0707 1.1309 1.1587 1.1246 1.0012 1.0600
71 113 1.0982 0.9942 1.0221 1.0783 1.1039 1.0708 0.9530 1.0086
71 114 1.2674 1.1470 1.1794 1.2451 1.2753 1.2375 1.1016 1.1661
71 115 1.0912 0.9873 1.0154 1.0725 1.0988 1.0665 0.9495 1.0052
71 116 1.2534 1.1340 1.1662 1.2320 1.2623 1.2252 1.0908 1.1549
71 117 1.0203 0.9235 0.9495 1.0020 1.0260 0.9955 0.8861 0.9378
71 118 1.0349 0.9369 0.9632 1.0159 1.0399 1.0072 0.8945 0.9460
71 119 1.1951 1.0819 1.1122 1.1732 1.2010 1.1646 1.0361 1.0962
71 120 1.1666 1.0561 1.0857 1.1451 1.1720 1.1316 1.0007 1.0568
71 121 1.1868 1.0745 1.1045 1.1651 1.1927 1.1568 1.0294 1.0892
71 122 1.0948 0.9912 1.0189 1.0747 1.0999 1.0596 0.9340 0.9854
71 123 1.1302 1.0232 1.0519 1.1095 1.1357 1.1007 0.9784 1.0350
71 124 1.1096 1.0046 1.0327 1.0892 1.1148 1.0753 0.9497 1.0025
71 125 1.1850 1.0725 1.1027 1.1639 1.1919 1.1564 1.0293 1.0894
72 0 1.4884 1.3399 1.3821 1.4741 1.5198 1.4808 1.3210 1.4028
72 1 1.6132 1.4507 1.4976 1.6014 1.6540 1.6137 1.4408 1.5321
72 2 1.3050 1.1758 1.2123 1.2910 1.3297 1.2947 1.1545 1.2252
72 3 1.0805 0.9734 1.0038 1.0694 1.1017 1.0730 0.9570 1.0159
72 4 1.1768 1.0583 1.0926 1.1683 1.2067 1.1773 1.0513 1.1179
72 5 1.3708 1.2336 1.2730 1.3592 1.4023 1.3671 1.2203 1.2967
72 6 1.6302 1.4710 1.5153 1.6088 1.6536 1.6079 1.4326 1.5181
72 7 1.1160 1.0035 1.0361 1.1084 1.1451 1.1174 0.9980 1.0615
72 8 1.1081 0.9975 1.0292 1.0984 1.1329 1.1043 0.9856 1.0471
72 9 1.4308 1.2872 1.3287 1.4199 1.4659 1.4299 1.2767 1.3573
72 10 1.1158 1.0045 1.0364 1.1060 1.1407 1.1118 0.9923 1.0543
72 11 1.5926 1.4361 1.4801 1.5740 1.6196 1.5762 1.4052 1.4906
72 12 1.1324 1.0191 1.0517 1.1231 1.1589 1.1300 1.0088 1.0722
72 13 1.0044 0.9062 0.9336 0.9915 1.0195 0.9916 0.8837 0.9368
72 14 1.1338 1.0201 1.0529 1.1250 1.1613 1.1326 1.0112 1.0750
72 15 1.4426 1.2983 1.3398 1.4304 1.4759 1.4390 1.2845 1.3652
72 16 1.1018 0.9920 1.0234 1.0919 1.1260 1.0975 0.9795 1.0407
72 17 1.1409 1.0270 1.0597 1.1310 1.1668 1.1375 1.0153 1.0789
72 18 1.0170 0.9175 0.9453 1.0045 1.0332 1.0052 0.8961 0.9503
72 19 1.5249 1.3753 1.4173 1.5069 1.5504 1.5088 1.3452 1.4271
72 20 1.2097 1.0893 1.1237 1.1985 1.2357 1.2043 1.0747 1.1417
72 21 1.4744 1.3305 1.3706 1.4554 1.4963 1.4553 1.2970 1.3752
72 22 1.3774 1.2432 1.2805 1.3590 1.3968 1.3582 1.2103 1.2830
72 23 1.1715 1.0542 1.0880 1.1620 1.1992 1.1695 1.0441 1.1099
72 24 1.3174 1.1856 1.2235 1.3065 1.3482 1.3146 1.1736 1.2475
72 25 1.1177 1.0066 1.0383 1.1072 1.1415 1.1125 0.9928 1.0547
72 26 1.4376 1.2918 1.3344 1.4299 1.4790 1.4445 1.2908 1.3740
72 27 0.9526 0.8594 0.8854 0.9408 0.9677 0.9415 0.8393 0.8903
72 28 1.0855 0.9772 1.0083 1.0762 1.1103 1.0825 0.9663 1.0270
72 29 1.1325 1.0198 1.0520 1.1222 1.1572 1.1279 1.0066 1.0696
72 30 1.2503 1.1247 1.1610 1.2411 1.2817 1.2505 1.1168 1.1876
72 31 1.4445 1.3032 1.3427 1.4265 1.4672 1.4275 1.2726 1.3499
72 32 1.1982 1.0809 1.1137 1.1837 1.2177 1.1850 1.0565 1.1209
72 33 1.3751 1.2376 1.2771 1.3636 1.4071 1.3722 1.2250 1.3022
72 34 1.2403 1.1187 1.1528 1.2254 1.2609 1.2271 1.0941 1.1609
72 35 1.1076 0.9971 1.0288 1.0978 1.1324 1.1040 0.9854 1.0473
72 36 1.4293 1.2864 1.3275 1.4174 1.4626 1.4262 1.2733 1.3535
72 37 1.2950 1.1657 1.2028 1.2839 1.3247 1.2916 1.1530 1.2256
72 38 1.3004 1.1707 1.2079 1.2890 1.3296 1.2963 1.1571 1.2298
72 39 1.2919 1.1655 1.2008 1.2759 1.3124 1.2770 1.1385 1.2079
72 40 1.1011 0.9919 1.0230 1.0905 1.1241 1.0953 0.9775 1.0384
72 41 1.5309 1.3793 1.4223 1.5156 1.5619 1.5218 1.3579 1.4424
72 42 1.3352 1.2017 1.2401 1.3242 1.3665 1.3326 1.1898 1.2649
72 43 0.8812 0.7952 0.8192 0.8699 0.8945 0.8702 0.7757 0.8228
72 44 1.2888 1.1637 1.1983 1.2711 1.3062 1.2701 1.1319 1.2001
72 45 1.0928 0.9842 1.0152 1.0825 1.1160 1.0877 0.9707 1.0314
72 46 1.5113 1.3617 1.4042 1.4962 1.5419 1.5023 1.3405 1.4239
72 47 1.3860 1.2494 1.2880 1.3708 1.4116 1.3746 1.2262 1.3019
72 48 1.3634 1.2291 1.2670 1.3482 1.3883 1.3519 1.2058 1.2802
72 49 1.3013 1.1721 1.2089 1.2889 1.3288 1.2950 1.1557 1.2279
72 50 1.1315 1.0184 1.0509 1.1222 1.1581 1.1294 1.0083 1.0720
72 51 1.0670 0.9613 0.9913 1.0565 1.0889 1.0611 0.9469 1.0059
72 52 1.2463 1.1263 1.1591 1.2274 1.2598 1.2241 1.0904 1.1553
72 53 1.3297 1.1982 1.2355 1.3161 1.3560 1.3211 1.1787 1.2520
72 54 1.0686 0.9635 0.9931 1.0566 1.0879 1.0593 0.9449 1.0031
72 55 0.6663 0.6031 0.6200 0.6543 0.6702 0.6471 0.5721 0.6039
72 56 1.2519 1.1279 1.1631 1.2396 1.2776 1.2450 1.1110 1.1802
72 57 0.9739 0.8816 0.9063 0.9564 0.9796 0.9490 0.8426 0.8908
72 58 1.0057 0.9062 0.9344 0.9956 1.0259 0.9996 0.8919 0.9474
72 59 1.3035 1.1729 1.2105 1.2933 1.3351 1.3023 1.1629 1.2365
72 60 0.9642 0.8693 0.8960 0.9534 0.9816 0.9559 0.8526 0.9052
72 61 1.3184 1.1874 1.2248 1.3060 1.3466 1.3125 1.1714 1.2447
72 62 1.1615 1.0449 1.0786 1.1528 1.1905 1.1615 1.0373 1.1032
72 63 1.3445 1.2110 1.2491 1.3319 1.3733 1.3385 1.1946 1.2694
72 64 1.1045 0.9955 1.0263 1.0927 1.1256 1.0964 0.9782 1.0388
72 65 1.2812 1.1524 1.1897 1.2723 1.3144 1.2827 1.1457 1.2187
72 66 1.0596 0.9529 0.9838 1.0524 1.0875 1.0614 0.9481 1.0087
72 67 1.6389 1.4748 1.5220 1.6260 1.6785 1.6374 1.4621 1.5548
72 68 1.3737 1.2343 1.2751 1.3664 1.4134 1.3806 1.2338 1.3134
72 69 1.2898 1.1645 1.1992 1.2724 1.3078 1.2720 1.1338 1.2026
72 70 1.0002 0.9033 0.9300 0.9861 1.0131 0.9851 0.8779 0.9309
72 71 1.1538 1.0380 1.0714 1.1453 1.1828 1.1541 1.0308 1.0964
72 73 0.7890 0.7133 0.7339 0.7767 0.7970 0.7743 0.6897 0.7308
72 74 1.1231 1.0114 1.0433 1.1129 1.1477 1.1189 0.9987 1.0615
72 75 1.0945 0.9858 1.0168 1.0843 1.1181 1.0899 0.9728 1.0338
72 76 1.6044 1.4433 1.4899 1.5927 1.6450 1.6052 1.4336 1.5249
72 77 1.4303 1.2882 1.3287 1.4171 1.4613 1.4245 1.2715 1.3513
72 78 1.2933 1.1648 1.2014 1.2811 1.3210 1.2876 1.1493 1.2213
72 79 1.2393 1.1161 1.1513 1.2279 1.2663 1.2344 1.1018 1.1710
72 80 1.2051 1.0844 1.1192 1.1957 1.2345 1.2043 1.0754 1.1437
72 81 1.1793 1.0613 1.0953 1.1697 1.2074 1.1777 1.0516 1.1183
72 82 1.1852 1.0662 1.1006 1.1764 1.2149 1.1854 1.0587 1.1261
72 83 1.4674 1.3234 1.3638 1.4504 1.4930 1.4536 1.2966 1.3766
72 84 1.0347 0.9328 0.9615 1.0234 1.0540 1.0266 0.9159 0.9726
72 85 0.6622 0.5986 0.6159 0.6520 0.6691 0.6502 0.5792 0.6138
72 86 1.1602 1.0440 1.0775 1.1514 1.1888 1.1599 1.0358 1.1017
72 87 1.1175 1.0055 1.0378 1.1089 1.1450 1.1171 0.9977 1.0611
72 88 0.6774 0.6132 0.6304 0.6654 0.6816 0.6564 0.5779 0.6096
72 89 1.1809 1.0628 1.0968 1.1713 1.2090 1.1793 1.0530 1.1197
72 90 1.2560 1.1322 1.1672 1.2426 1.2799 1.2468 1.1124 1.1815
72 91 1.1818 1.0630 1.0974 1.1735 1.2122 1.1831 1.0567 1.1242
72 92 1.1736 1.0568 1.0902 1.1630 1.1995 1.1695 1.0440 1.1097
72 93 1.1595 1.0433 1.0769 1.1507 1.1882 1.1593 1.0353 1.1012
72 94 1.0531 0.9486 0.9783 1.0430 1.0753 1.0481 0.9355 0.9941
72 95 1.2609 1.1329 1.1704 1.2544 1.2979 1.2679 1.1332 1.2065
72 96 1.2161 1.0933 1.1291 1.2088 1.2497 1.2203 1.0903 1.1604
72 97 1.1586 1.0433 1.0763 1.1483 1.1845 1.1549 1.0310 1.0959
72 98 0.7107 0.6433 0.6613 0.6981 0.7152 0.6926 0.6147 0.6502
72 99 1.1910 1.0712 1.1059 1.1827 1.2218 1.1925 1.0652 1.1332
72 100 1.2601 1.1340 1.1703 1.2501 1.2906 1.2590 1.1243 1.1957
72 101 0.9308 0.8426 0.8662 0.9143 0.9367 0.8588 0.7093 0.7289
72 102 1.1472 1.0316 1.0652 1.1397 1.1778 1.1498 1.0271 1.0928
72 103 1.2545 1.1281 1.1648 1.2463 1.2880 1.2572 1.1231 1.1949
72 104 1.1262 1.0131 1.0458 1.1182 1.1552 1.1273 1.0069 1.0711
72 105 1.2787 1.1500 1.1873 1.2702 1.3126 1.2812 1.1445 1.2177
72 106 1.2850 1.1560 1.1933 1.2758 1.3178 1.2860 1.1486 1.2218
72 107 1.1929 1.0728 1.1076 1.1849 1.2245 1.1952 1.0677 1.1360
72 108 1.0519 0.9488 0.9777 1.0397 1.0703 1.0422 0.9296 0.9870
72 109 1.1614 1.0452 1.0786 1.1522 1.1895 1.1604 1.0362 1.1019
72 110 1.1783 1.0598 1.0941 1.1701 1.2089 1.1799 1.0539 1.1212
72 111 1.2481 1.1223 1.1588 1.2400 1.2816 1.2511 1.1177 1.1893
72 112 1.2981 1.1670 1.2052 1.2901 1.3338 1.3023 1.1636 1.2383
72 113 1.2671 1.1398 1.1766 1.2580 1.2996 1.2683 1.1328 1.2051
72 114 1.2124 1.0902 1.1257 1.2045 1.2449 1.2153 1.0857 1.1552
72 115 1.2652 1.1375 1.1746 1.2575 1.3001 1.2695 1.1342 1.2071
72 116 1.3683 1.2301 1.2704 1.3601 1.4063 1.3732 1.2270 1.3059
72 117 1.2664 1.1390 1.1759 1.2577 1.2996 1.2685 1.1331 1.2056
72 118 1.2046 1.0848 1.1190 1.1937 1.2313 1.2005 1.0717 1.1392
72 119 1.1878 1.0688 1.1031 1.1788 1.2173 1.1877 1.0608 1.1283
72 120 1.0318 0.9312 0.9592 1.0186 1.0477 1.0196 0.9092 0.9649
72 121 1.3172 1.1851 1.2232 1.3075 1.3505 1.3178 1.1770 1.2520
72 122 0.9694 0.8764 0.9017 0.9545 0.9797 0.9521 0.8483 0.8993
72 123 1.2784 1.1507 1.1874 1.2678 1.3085 1.2763 1.1396 1.2118
72 124 0.9834 0.8882 0.9144 0.9698 0.9966 0.9693 0.8641 0.9166
72 125 1.2824 1.1533 1.1908 1.2738 1.3164 1.2850 1.1479 1.2214
73 0 1.1864 1.0695 1.1022 1.1723 1.2066 1.1744 1.0470 1.1110
73 1 1.2419 1.1183 1.1534 1.2299 1.2681 1.2359 1.1029 1.1719
73 2 1.1283 1.0179 1.0486 1.1136 1.1450 1.1137 0.9926 1.0525
73 3 1.1317 1.0209 1.0518 1.1175 1.1493 1.1181 0.9967 1.0571
73 4 1.2578 1.1327 1.1683 1.2458 1.2845 1.2519 1.1172 1.1871
73 5 1.1541 1.0401 1.0723 1.1417 1.1758 1.1451 1.0215 1.0847
73 6 1.6172 1.4613 1.5040 1.5923 1.6338 1.5869 1.4130 1.4963
73 7 1.1993 1.0799 1.1140 1.1883 1.2255 1.1946 1.0663 1.1332
73 8 1.1542 1.0404 1.0725 1.1414 1.1751 1.1442 1.0206 1.0835
73 9 1.2145 1.0941 1.1283 1.2023 1.2391 1.2073 1.0773 1.1444
73 10 1.1750 1.0592 1.0918 1.1618 1.1961 1.1646 1.0388 1.1028
73 11 1.5877 1.4336 1.4762 1.5654 1.6080 1.5631 1.3927 1.4762
73 12 1.1916 1.0738 1.1072 1.1790 1.2144 1.1829 1.0553 1.1207
73 13 1.0323 0.9327 0.9600 1.0167 1.0435 1.0138 0.9029 0.9565
73 14 1.1908 1.0729 1.1063 1.1787 1.2145 1.1832 1.0557 1.1214
73 15 1.1755 1.0594 1.0923 1.1628 1.1976 1.1664 1.0405 1.1049
73 16 1.1884 1.0714 1.1044 1.1749 1.2094 1.1774 1.0502 1.1148
73 17 1.1998 1.0815 1.1149 1.1866 1.2218 1.1898 1.0613 1.1269
73 18 1.0398 0.9392 0.9669 1.0245 1.0519 1.0222 0.9106 0.9650
73 19 1.5348 1.3861 1.4271 1.5130 1.5540 1.5105 1.3459 1.4265
73 20 1.2889 1.1622 1.1978 1.2739 1.3111 1.2763 1.1382 1.2081
73 21 1.4949 1.3509 1.3903 1.4722 1.5108 1.4677 1.3072 1.3848
73 22 1.4136 1.2777 1.3148 1.3915 1.4275 1.3865 1.2348 1.3077
73 23 1.2335 1.1116 1.1461 1.2206 1.2573 1.2247 1.0927 1.1605
73 24 1.2007 1.0821 1.1157 1.1879 1.2236 1.1917 1.0632 1.1291
73 25 1.1667 1.0521 1.0843 1.1530 1.1865 1.1550 1.0300 1.0933
73 26 1.4549 1.3091 1.3511 1.4435 1.4904 1.4539 1.2984 1.3808
73 27 0.9716 0.8778 0.9036 0.9573 0.9828 0.9551 0.8509 0.9018
73 28 1.1767 1.0607 1.0935 1.1638 1.1984 1.1670 1.0411 1.1054
73 29 1.1838 1.0674 1.1002 1.1701 1.2044 1.1725 1.0458 1.1102
73 30 1.2961 1.1675 1.2041 1.2835 1.3230 1.2892 1.1506 1.2225
73 31 1.4693 1.3275 1.3664 1.4476 1.4861 1.4442 1.2866 1.3635
73 32 1.0630 0.9602 0.9885 1.0475 1.0757 1.0455 0.9315 0.9873
73 33 1.4034 1.2649 1.3041 1.3884 1.4300 1.3928 1.2426 1.3196
73 34 1.0334 0.9333 0.9609 1.0185 1.0460 1.0168 0.9060 0.9604
73 35 1.1583 1.0443 1.0764 1.1453 1.1791 1.1482 1.0242 1.0874
73 36 1.4511 1.3079 1.3484 1.4355 1.4785 1.4400 1.2847 1.3644
73 37 1.3367 1.2050 1.2422 1.3221 1.3614 1.3259 1.1828 1.2560
73 38 1.1800 1.0638 1.0966 1.1668 1.2013 1.1697 1.0434 1.1079
73 39 1.3414 1.2119 1.2475 1.3216 1.3568 1.3187 1.1749 1.2452
73 40 1.1528 1.0399 1.0715 1.1388 1.1717 1.1404 1.0169 1.0793
73 41 1.5382 1.3877 1.4298 1.5191 1.5625 1.5205 1.3558 1.4388
73 42 1.3685 1.2334 1.2716 1.3538 1.3945 1.3582 1.2118 1.2870
73 43 0.8618 0.7788 0.8016 0.8487 0.8711 0.8464 0.7540 0.7990
73 44 1.3339 1.2061 1.2408 1.3124 1.3460 1.3072 1.1642 1.2331
73 45 1.1318 1.0208 1.0520 1.1184 1.1508 1.1202 0.9991 1.0605
73 46 1.5224 1.3736 1.4152 1.5035 1.5464 1.5049 1.3418 1.4239
73 47 1.4365 1.2968 1.3356 1.4173 1.4567 1.4168 1.2629 1.3396
73 48 1.0946 0.9882 1.0177 1.0798 1.1097 1.0793 0.9621 1.0204
73 49 1.3373 1.2062 1.2430 1.3213 1.3596 1.3234 1.1802 1.2527
73 50 1.1862 1.0692 1.1022 1.1735 1.2087 1.1773 1.0504 1.1156
73 51 1.1033 0.9953 1.0255 1.0897 1.1210 1.0910 0.9729 1.0325
73 52 1.2968 1.1736 1.2067 1.2741 1.3052 1.2667 1.1275 1.1935
73 53 1.1380 1.0269 1.0579 1.1235 1.1554 1.1242 1.0024 1.0636
73 54 1.1074 0.9998 1.0296 1.0923 1.1224 1.0916 0.9729 1.0319
73 55 0.5149 0.4662 0.4792 0.5056 0.5178 0.4990 0.4399 0.4640
73 56 1.1452 1.0331 1.0645 1.1311 1.1635 1.1324 1.0098 1.0716
73 57 1.1726 1.0615 1.0912 1.1514 1.1791 1.1398 1.0093 1.0662
73 58 1.0270 0.9267 0.9547 1.0142 1.0431 1.0150 0.9050 0.9604
73 59 1.3405 1.2079 1.2455 1.3267 1.3669 1.3317 1.1883 1.2622
73 60 1.0104 0.9122 0.9394 0.9966 1.0241 0.9960 0.8878 0.9416
73 61 1.3523 1.2197 1.2569 1.3363 1.3752 1.3386 1.1939 1.2673
73 62 1.2188 1.0980 1.1323 1.2067 1.2437 1.2119 1.0815 1.1490
73 63 1.1595 1.0458 1.0777 1.1458 1.1791 1.1478 1.0237 1.0866
73 64 1.1440 1.0325 1.0635 1.1290 1.1607 1.1291 1.0066 1.0679
73 65 1.0947 0.9860 1.0170 1.0843 1.1180 1.0897 0.9726 1.0335
73 66 1.0993 0.9900 1.0212 1.0892 1.1232 1.0949 0.9773 1.0387
73 67 1.6277 1.4668 1.5124 1.6109 1.6597 1.6170 1.4428 1.5327
73 68 1.3991 1.2590 1.2994 1.3882 1.4332 1.3981 1.2485 1.3278
73 69 1.3329 1.2051 1.2399 1.3117 1.3456 1.3071 1.1642 1.2335
73 70 1.0547 0.9539 0.9812 1.0373 1.0636 1.0329 0.9198 0.9743
73 71 1.1989 1.0801 1.1139 1.1871 1.2236 1.1924 1.0641 1.1307
73 72 0.7990 0.7233 0.7435 0.7846 0.8035 0.7781 0.6907 0.7304
73 74 1.1702 1.0553 1.0876 1.1566 1.1905 1.1591 1.0339 1.0976
73 75 1.1315 1.0205 1.0516 1.1181 1.1507 1.1202 0.9991 1.0606
73 76 1.5999 1.4413 1.4865 1.5843 1.6331 1.5915 1.4203 1.5092
73 77 1.4516 1.3092 1.3492 1.4346 1.4765 1.4374 1.2821 1.3611
73 78 1.1580 1.0445 1.0763 1.1443 1.1775 1.1463 1.0224 1.0853
73 79 1.2765 1.1512 1.1864 1.2616 1.2984 1.2641 1.1275 1.1970
73 80 1.2639 1.1390 1.1744 1.2509 1.2889 1.2558 1.1206 1.1904
73 81 1.2325 1.1108 1.1453 1.2195 1.2563 1.2238 1.0920 1.1599
73 82 1.2482 1.1246 1.1597 1.2359 1.2738 1.2413 1.1078 1.1770
73 83 1.4866 1.3426 1.3824 1.4657 1.5058 1.4642 1.3050 1.3840
73 84 1.1096 1.0018 1.0317 1.0948 1.1252 1.0945 0.9758 1.0352
73 85 0.9187 0.8316 0.8549 0.9023 0.9242 0.8969 0.7984 0.8452
73 86 1.2106 1.0909 1.1248 1.1984 1.2349 1.2032 1.0738 1.1408
73 87 1.1983 1.0798 1.1134 1.1862 1.2223 1.1910 1.0628 1.1291
73 88 0.5162 0.4673 0.4804 0.5069 0.5192 0.4989 0.4381 0.4616
73 89 1.2314 1.1099 1.1443 1.2184 1.2550 1.2226 1.0908 1.1587
73 90 1.1602 1.0473 1.0787 1.1449 1.1770 1.1450 1.0208 1.0830
73 91 1.2357 1.1131 1.1481 1.2239 1.2618 1.2299 1.0977 1.1665
73 92 1.2210 1.1011 1.1348 1.2070 1.2424 1.2097 1.0791 1.1457
73 93 1.2051 1.0859 1.1197 1.1929 1.2293 1.1978 1.0689 1.1357
73 94 1.1309 1.0202 1.0512 1.1173 1.1496 1.1190 0.9980 1.0594
73 95 1.1653 1.0486 1.0822 1.1564 1.1941 1.1650 1.0404 1.1065
73 96 1.1622 1.0463 1.0795 1.1522 1.1888 1.1593 1.0350 1.1003
73 97 1.2040 1.0857 1.1190 1.1902 1.2253 1.1931 1.0643 1.1301
73 98 0.7173 0.6494 0.6676 0.7045 0.7215 0.6973 0.6171 0.6521
73 99 1.2447 1.1211 1.1563 1.2329 1.2711 1.2390 1.1059 1.1752
73 100 1.1585 1.0440 1.0765 1.1465 1.1812 1.1508 1.0269 1.0909
73 101 1.0006 0.9058 0.9312 0.9827 1.0065 0.9226 0.7619 0.7826
73 102 1.1487 1.0345 1.0671 1.1383 1.1741 1.1446 1.0217 1.0858
73 103 1.1459 1.0319 1.0645 1.1355 1.1711 1.1417 1.0191 1.0831
73 104 1.1652 1.0497 1.0826 1.1541 1.1898 1.1595 1.0349 1.0996
73 105 1.1753 1.0585 1.0918 1.1645 1.2009 1.1707 1.0449 1.1105
73 106 1.1823 1.0651 1.0985 1.1709 1.2070 1.1763 1.0498 1.1154
73 107 1.2462 1.1223 1.1577 1.2348 1.2734 1.2413 1.1080 1.1775
73 108 1.0794 0.9749 1.0037 1.0642 1.0933 1.0631 0.9475 1.0049
73 109 1.1989 1.0805 1.1140 1.1865 1.2224 1.1909 1.0626 1.1287
73 110 1.2257 1.1041 1.1387 1.2142 1.2519 1.2202 1.0891 1.1574
73 111 1.2293 1.1070 1.1419 1.2182 1.2565 1.2250 1.0935 1.1623
73 112 1.1999 1.0803 1.1146 1.1896 1.2273 1.1968 1.0684 1.1358
73 113 1.1724 1.0561 1.0892 1.1611 1.1970 1.1666 1.0412 1.1063
73 114 1.2629 1.1372 1.1731 1.2515 1.2908 1.2584 1.1233 1.1940
73 115 1.1481 1.0337 1.0665 1.1382 1.1744 1.1452 1.0224 1.0869
73 116 1.2540 1.1289 1.1648 1.2433 1.2829 1.2510 1.1169 1.1874
73 117 1.1245 1.0128 1.0447 1.1140 1.1487 1.1197 0.9994 1.0621
73 118 1.1265 1.0160 1.0470 1.1135 1.1462 1.1160 0.9955 1.0570
73 119 1.2351 1.1130 1.1476 1.2227 1.2600 1.2278 1.0957 1.1641
73 120 1.0556 0.9540 0.9818 1.0395 1.0670 1.0370 0.9240 0.9795
73 121 1.2218 1.1008 1.1352 1.2097 1.2469 1.2151 1.0845 1.1523
73 122 0.9880 0.8944 0.9194 0.9704 0.9940 0.9648 0.8589 0.9094
73 123 1.1943 1.0766 1.1098 1.1814 1.2169 1.1853 1.0576 1.1233
73 124 1.0027 0.9068 0.9328 0.9863 1.0115 0.9825 0.8751 0.9273
73 125 1.2104 1.0901 1.1244 1.1992 1.2367 1.2056 1.0761 1.1437
74 0 1.1640 1.0533 1.0828 1.1428 1.1705 1.1359 1.0111 1.0705
74 1 1.2319 1.1136 1.1456 1.2122 1.2437 1.2085 1.0767 1.1415
74 2 1.1097 1.0045 1.0325 1.0891 1.1150 1.0810 0.9611 1.0170
74 3 1.1573 1.0476 1.0768 1.1359 1.1629 1.1278 1.0032 1.0617
74 4 1.1924 1.0780 1.1090 1.1734 1.2038 1.1697 1.0421 1.1048
74 5 1.1051 0.9997 1.0281 1.0861 1.1130 1.0807 0.9624 1.0196
74 6 1.1288 1.0219 1.0504 1.1080 1.1340 1.0968 0.9722 1.0273
74 7 1.2605 1.1394 1.1724 1.2408 1.2732 1.2373 1.1025 1.1690
74 8 1.0711 0.9692 0.9965 1.0523 1.0780 1.0464 0.9318 0.9869
74 9 1.2072 1.0917 1.1230 1.1873 1.2175 1.1826 1.0534 1.1164
74 10 0.9733 0.8808 0.9056 0.9562 0.9795 0.9507 0.8465 0.8965
74 11 1.2605 1.1411 1.1730 1.2373 1.2666 1.2265 1.0890 1.1516
74 12 1.1421 1.0332 1.0626 1.1226 1.1505 1.1171 0.9949 1.0540
74 13 1.0588 0.9585 0.9853 1.0393 1.0638 1.0291 0.9125 0.9644
74 14 1.0800 0.9768 1.0047 1.0620 1.0887 1.0573 0.9417 0.9979
74 15 1.1661 1.0550 1.0849 1.1460 1.1742 1.1400 1.0152 1.0754
74 16 1.2531 1.1341 1.1660 1.2307 1.2604 1.2232 1.0891 1.1533
74 17 1.0130 0.9166 0.9425 0.9952 1.0195 0.9897 0.8812 0.9333
74 18 0.9791 0.8864 0.9112 0.9611 0.9838 0.9521 0.8446 0.8929
74 19 1.2471 1.1290 1.1605 1.2241 1.2530 1.2131 1.0768 1.1386
74 20 1.0369 0.9386 0.9649 1.0181 1.0424 1.0115 0.9004 0.9533
74 21 1.3144 1.1899 1.2232 1.2902 1.3206 1.2773 1.1323 1.1967
74 22 1.1613 1.0513 1.0807 1.1399 1.1667 1.1281 0.9995 1.0561
74 23 1.1527 1.0428 1.0724 1.1330 1.1611 1.1274 1.0040 1.0636
74 24 1.1786 1.0663 1.0966 1.1583 1.1869 1.1523 1.0261 1.0869
74 25 1.1259 1.0193 1.0478 1.1054 1.1316 1.0979 0.9773 1.0347
74 26 1.1934 1.0780 1.1098 1.1762 1.2080 1.1746 1.0470 1.1106
74 27 1.2295 1.1131 1.1442 1.2069 1.2354 1.1954 1.0603 1.1209
74 28 1.2286 1.1118 1.1432 1.2071 1.2365 1.2001 1.0686 1.1317
74 29 1.0665 0.9653 0.9924 1.0472 1.0722 1.0404 0.9262 0.9806
74 30 1.1419 1.0327 1.0623 1.1232 1.1517 1.1186 0.9964 1.0559
74 31 1.2566 1.1376 1.1695 1.2335 1.2626 1.2217 1.0834 1.1453
74 32 1.1614 1.0515 1.0809 1.1401 1.1670 1.1294 1.0020 1.0594
74 33 0.9084 0.8219 0.8452 0.8927 0.9146 0.8878 0.7905 0.8373
74 34 1.1471 1.0385 1.0676 1.1261 1.1526 1.1157 0.9900 1.0468
74 35 1.0428 0.9438 0.9704 1.0243 1.0490 1.0180 0.9063 0.9597
74 36 1.1420 1.0333 1.0626 1.1222 1.1497 1.1160 0.9938 1.0525
74 37 1.1336 1.0258 1.0548 1.1137 1.1408 1.1072 0.9859 1.0440
74 38 0.9525 0.8620 0.8863 0.9355 0.9581 0.9298 0.8278 0.8765
74 39 1.2024 1.0886 1.1191 1.1804 1.2082 1.1690 1.0368 1.0960
74 40 0.9189 0.8319 0.8551 0.9021 0.9235 0.8956 0.7968 0.8434
74 41 1.2997 1.1766 1.2095 1.2759 1.3061 1.2664 1.1263 1.1920
74 42 1.1413 1.0327 1.0620 1.1216 1.1491 1.1154 0.9932 1.0519
74 43 1.2182 1.1028 1.1337 1.1958 1.2240 1.1838 1.0493 1.1091
74 44 1.1655 1.0551 1.0847 1.1441 1.1710 1.1316 1.0020 1.0586
74 45 0.9395 0.8506 0.8744 0.9224 0.9442 0.9159 0.8151 0.8628
74 46 1.3003 1.1772 1.2102 1.2766 1.3068 1.2669 1.1267 1.1923
74 47 1.1989 1.0854 1.1158 1.1770 1.2048 1.1671 1.0367 1.0967
74 48 0.8886 0.8045 0.8270 0.8723 0.8929 0.8649 0.7682 0.8125
74 49 1.0792 0.9770 1.0043 1.0594 1.0845 1.0519 0.9360 0.9907
74 50 0.9196 0.8321 0.8556 0.9036 0.9257 0.8985 0.8000 0.8473
74 51 0.7281 0.6592 0.6776 0.7148 0.7317 0.7095 0.6311 0.6679
74 52 1.1307 1.0236 1.0523 1.1099 1.1360 1.0964 0.9689 1.0230
74 53 1.1057 1.0010 1.0290 1.0854 1.1111 1.0770 0.9575 1.0131
74 54 0.8932 0.8086 0.8313 0.8768 0.8975 0.8692 0.7719 0.8164
74 55 1.0783 0.9762 1.0035 1.0585 1.0833 1.0381 0.9084 0.9556
74 56 1.0895 0.9864 1.0140 1.0696 1.0949 1.0616 0.9442 0.9992
74 57 1.1072 1.0024 1.0304 1.0868 1.1124 1.0692 0.9396 0.9900
74 58 0.8021 0.7261 0.7465 0.7874 0.8060 0.7813 0.6947 0.7351
74 59 1.1736 1.0617 1.0919 1.1537 1.1822 1.1477 1.0220 1.0825
74 60 1.2242 1.1083 1.1393 1.2017 1.2301 1.1913 1.0579 1.1188
74 61 1.0874 0.9845 1.0120 1.0675 1.0928 1.0600 0.9432 0.9983
74 62 1.0344 0.9355 0.9623 1.0171 1.0426 1.0124 0.9016 0.9551
74 63 1.1490 1.0402 1.0693 1.1279 1.1546 1.1199 0.9966 1.0548
74 64 0.8057 0.7294 0.7498 0.7909 0.8096 0.7844 0.6970 0.7373
74 65 1.0960 0.9910 1.0196 1.0782 1.1056 1.0738 0.9565 1.0134
74 66 0.7937 0.7176 0.7384 0.7810 0.8010 0.7781 0.6931 0.7344
74 67 1.4140 1.2792 1.3157 1.3899 1.4242 1.3826 1.2311 1.3039
74 68 1.0474 0.9463 0.9741 1.0321 1.0597 1.0301 0.9180 0.9733
74 69 1.1991 1.0856 1.1160 1.1771 1.2048 1.1645 1.0312 1.0895
74 70 1.2075 1.0932 1.1238 1.1853 1.2133 1.1720 1.0371 1.0956
74 71 1.1087 1.0028 1.0315 1.0903 1.1177 1.0853 0.9665 1.0239
74 72 1.1766 1.0652 1.0951 1.1550 1.1822 1.1382 1.0026 1.0573
74 73 1.1981 1.0847 1.1150 1.1761 1.2038 1.1612 1.0256 1.0827
74 75 0.8537 0.7729 0.7945 0.8381 0.8579 0.8321 0.7405 0.7837
74 76 1.4060 1.2716 1.3081 1.3828 1.4175 1.3765 1.2258 1.2985
74 77 1.3100 1.1859 1.2191 1.2860 1.3165 1.2770 1.1364 1.2028
74 78 1.0578 0.9577 0.9845 1.0385 1.0630 1.0310 0.9174 0.9709
74 79 1.0700 0.9687 0.9958 1.0504 1.0753 1.0431 0.9283 0.9825
74 80 1.0593 0.9583 0.9856 1.0412 1.0669 1.0358 0.9223 0.9768
74 81 1.1482 1.0389 1.0684 1.1284 1.1560 1.1220 0.9990 1.0579
74 82 1.0708 0.9685 0.9962 1.0529 1.0792 1.0479 0.9332 0.9885
74 83 1.3074 1.1836 1.2168 1.2834 1.3137 1.2717 1.1286 1.1934
74 84 1.0961 0.9923 1.0201 1.0760 1.1014 1.0668 0.9475 1.0022
74 85 1.2338 1.1170 1.1482 1.2111 1.2396 1.1960 1.0565 1.1154
74 86 1.0571 0.9562 0.9835 1.0392 1.0650 1.0339 0.9207 0.9751
74 87 1.1448 1.0356 1.0651 1.1254 1.1533 1.1197 0.9970 1.0560
74 88 1.1442 1.0359 1.0649 1.1232 1.1496 1.0985 0.9573 1.0059
74 89 1.1586 1.0484 1.0781 1.1385 1.1663 1.1320 1.0079 1.0672
74 90 1.0339 0.9360 0.9622 1.0150 1.0389 1.0064 0.8941 0.9457
74 91 1.1658 1.0542 1.0845 1.1467 1.1757 1.1417 1.0168 1.0771
74 92 0.9307 0.8426 0.8662 0.9137 0.9354 0.9074 0.8077 0.8549
74 93 1.1274 1.0199 1.0490 1.1084 1.1359 1.1027 0.9819 1.0399
74 94 1.1106 1.0054 1.0336 1.0902 1.1160 1.0822 0.9626 1.0187
74 95 1.1003 0.9940 1.0232 1.0843 1.1134 1.0823 0.9644 1.0225
74 96 1.0919 0.9869 1.0156 1.0751 1.1031 1.0717 0.9547 1.0118
74 97 1.0167 0.9204 0.9462 0.9982 1.0219 0.9914 0.8825 0.9341
74 98 1.1961 1.0829 1.1132 1.1741 1.2018 1.1546 1.0140 1.0684
74 99 1.0381 0.9388 0.9658 1.0212 1.0470 1.0168 0.9055 0.9593
74 100 1.0594 0.9584 0.9857 1.0411 1.0667 1.0354 0.9219 0.9763
74 101 1.2257 1.1097 1.1408 1.2032 1.2315 1.1282 0.9313 0.9556
74 102 1.0870 0.9827 1.0111 1.0697 1.0971 1.0656 0.9491 1.0055
74 103 1.0580 0.9565 0.9842 1.0411 1.0678 1.0371 0.9237 0.9786
74 104 1.0476 0.9474 0.9746 1.0304 1.0563 1.0257 0.9134 0.9675
74 105 1.1018 0.9962 1.0250 1.0841 1.1118 1.0798 0.9617 1.0188
74 106 1.0969 0.9921 1.0205 1.0788 1.1059 1.0737 0.9562 1.0127
74 107 1.1992 1.0843 1.1156 1.1800 1.2101 1.1752 1.0467 1.1089
74 108 0.7581 0.6863 0.7055 0.7442 0.7617 0.7373 0.6543 0.6918
74 109 1.0106 0.9143 0.9403 0.9932 1.0175 0.9876 0.8793 0.9310
74 110 1.1546 1.0440 1.0741 1.1357 1.1645 1.1308 1.0071 1.0667
74 111 1.1878 1.0738 1.1049 1.1689 1.1989 1.1645 1.0372 1.0989
74 112 1.1538 1.0429 1.0732 1.1359 1.1654 1.1321 1.0085 1.0686
74 113 1.1086 1.0026 1.0314 1.0903 1.1177 1.0853 0.9665 1.0237
74 114 1.2429 1.1237 1.1562 1.2231 1.2545 1.2185 1.0853 1.1498
74 115 1.0977 0.9921 1.0210 1.0806 1.1087 1.0771 0.9595 1.0167
74 116 1.2308 1.1124 1.1448 1.2118 1.2433 1.2080 1.0761 1.1403
74 117 1.1234 1.0158 1.0451 1.1051 1.1332 1.1004 0.9801 1.0382
74 118 1.0546 0.9547 0.9815 1.0353 1.0599 1.0281 0.9149 0.9683
74 119 1.1819 1.0692 1.0996 1.1618 1.1906 1.1558 1.0291 1.0898
74 120 1.1570 1.0475 1.0768 1.1358 1.1626 1.1242 0.9962 1.0529
74 121 1.1747 1.0626 1.0929 1.1550 1.1838 1.1493 1.0234 1.0839
74 122 1.0854 0.9826 1.0102 1.0655 1.0906 1.0522 0.9294 0.9812
74 123 1.1283 1.0211 1.0499 1.1084 1.1352 1.1017 0.9807 1.0383
74 124 1.1004 0.9962 1.0241 1.0802 1.1057 1.0681 0.9452 0.9986
74 125 1.1731 1.0607 1.0913 1.1542 1.1835 1.1494 1.0237 1.0845
75 0 1.1456 1.0365 1.0656 1.1249 1.1524 1.1184 0.9956 1.0542
75 1 1.1970 1.0819 1.1131 1.1781 1.2089 1.1748 1.0467 1.1098
75 2 1.1012 0.9968 1.0246 1.0808 1.1065 1.0729 0.9542 1.0097
75 3 1.1395 1.0315 1.0603 1.1185 1.1450 1.1106 0.9882 1.0459
75 4 1.1586 1.0473 1.0776 1.1403 1.1701 1.1370 1.0131 1.0741
75 5 1.0024 0.9067 0.9325 0.9853 1.0099 0.9807 0.8734 0.9253
75 6 1.1176 1.0117 1.0400 1.0969 1.1228 1.0861 0.9630 1.0176
75 7 1.2162 1.0992 1.1311 1.1974 1.2289 1.1944 1.0643 1.1286
75 8 1.0649 0.9635 0.9908 1.0464 1.0722 1.0409 0.9269 0.9818
75 9 1.0626 0.9608 0.9884 1.0454 1.0721 1.0414 0.9278 0.9833
75 10 1.0065 0.9107 0.9365 0.9890 1.0132 0.9836 0.8758 0.9277
75 11 1.2275 1.1112 1.1423 1.2049 1.2334 1.1946 1.0609 1.1219
75 12 1.0014 0.9058 0.9316 0.9845 1.0091 0.9799 0.8728 0.9247
75 13 1.0741 0.9723 0.9995 1.0543 1.0791 1.0441 0.9260 0.9788
75 14 1.0690 0.9668 0.9945 1.0514 1.0780 1.0471 0.9327 0.9884
75 15 1.0280 0.9300 0.9564 1.0105 1.0356 1.0055 0.8954 0.9486
75 16 1.2174 1.1017 1.1328 1.1959 1.2250 1.1890 1.0586 1.1211
75 17 0.9554 0.8644 0.8889 0.9389 0.9620 0.9339 0.8316 0.8808
75 18 0.8375 0.7582 0.7794 0.8221 0.8415 0.8145 0.7227 0.7641
75 19 1.2187 1.1033 1.1341 1.1963 1.2245 1.1857 1.0527 1.1132
75 20 1.0650 0.9639 0.9910 1.0459 1.0710 1.0394 0.9253 0.9798
75 21 1.2765 1.1556 1.1879 1.2530 1.2825 1.2407 1.1001 1.1628
75 22 1.1461 1.0376 1.0666 1.1250 1.1515 1.1136 0.9868 1.0428
75 23 1.0746 0.9720 0.9998 1.0566 1.0829 1.0516 0.9365 0.9922
75 24 1.0832 0.9799 1.0078 1.0648 1.0912 1.0595 0.9436 0.9996
75 25 0.8876 0.8035 0.8260 0.8716 0.8924 0.8660 0.7709 0.8162
75 26 1.0724 0.9686 0.9972 1.0571 1.0859 1.0560 0.9413 0.9986
75 27 1.1548 1.0454 1.0747 1.1336 1.1603 1.1230 0.9963 1.0533
75 28 1.2143 1.0987 1.1298 1.1932 1.2225 1.1867 1.0567 1.1192
75 29 0.9812 0.8881 0.9131 0.9637 0.9869 0.9577 0.8526 0.9028
75 30 1.0423 0.9425 0.9696 1.0255 1.0517 1.0216 0.9100 0.9644
75 31 1.2285 1.1121 1.1433 1.2059 1.2343 1.1945 1.0596 1.1203
75 32 1.1604 1.0505 1.0799 1.1391 1.1660 1.1286 1.0015 1.0590
75 33 1.0940 0.9897 1.0179 1.0753 1.1019 1.0697 0.9526 1.0090
75 34 1.1475 1.0388 1.0679 1.1264 1.1530 1.1163 0.9908 1.0477
75 35 1.0067 0.9110 0.9367 0.9889 1.0130 0.9832 0.8754 0.9270
75 36 1.0418 0.9425 0.9693 1.0239 1.0492 1.0186 0.9070 0.9608
75 37 1.1216 1.0149 1.0436 1.1021 1.1291 1.0960 0.9759 1.0336
75 38 0.9097 0.8232 0.8465 0.8937 0.9154 0.8884 0.7910 0.8377
75 39 1.1847 1.0725 1.1026 1.1630 1.1904 1.1520 1.0219 1.0804
75 40 0.9290 0.8410 0.8645 0.9120 0.9336 0.9056 0.8059 0.8531
75 41 1.2646 1.1449 1.1769 1.2415 1.2709 1.2325 1.0964 1.1604
75 42 1.0425 0.9431 0.9700 1.0247 1.0499 1.0193 0.9077 0.9615
75 43 1.1054 1.0008 1.0288 1.0851 1.1107 1.0745 0.9526 1.0069
75 44 1.1522 1.0431 1.0723 1.1310 1.1576 1.1189 0.9909 1.0470
75 45 0.8610 0.7795 0.8013 0.8453 0.8653 0.8395 0.7473 0.7911
75 46 1.2671 1.1471 1.1792 1.2439 1.2734 1.2348 1.0984 1.1625
75 47 1.1937 1.0807 1.1110 1.1719 1.1996 1.1622 1.0327 1.0925
75 48 1.0780 0.9759 1.0032 1.0582 1.0832 1.0494 0.9323 0.9862
75 49 0.9974 0.9029 0.9282 0.9791 1.0023 0.9724 0.8654 0.9161
75 50 0.8117 0.7343 0.7552 0.7977 0.8174 0.7935 0.7066 0.7484
75 51 0.7762 0.7027 0.7224 0.7620 0.7801 0.7565 0.6730 0.7123
75 52 1.1215 1.0153 1.0438 1.1009 1.1268 1.0877 0.9615 1.0153
75 53 1.0801 0.9778 1.0052 1.0604 1.0854 1.0523 0.9357 0.9902
75 54 0.9163 0.8295 0.8528 0.8995 0.9207 0.8919 0.7922 0.8379
75 55 1.0859 0.9831 1.0106 1.0659 1.0909 1.0456 0.9151 0.9627
75 56 1.0598 0.9595 0.9863 1.0404 1.0650 1.0329 0.9189 0.9725
75 57 1.1115 1.0063 1.0344 1.0911 1.1167 1.0735 0.9436 0.9943
75 58 0.9425 0.8533 0.8772 0.9253 0.9472 0.9183 0.8168 0.8643
75 59 1.1581 1.0475 1.0775 1.1387 1.1671 1.1332 1.0091 1.0689
75 60 1.2146 1.0996 1.1303 1.1923 1.2204 1.1822 1.0500 1.1106
75 61 1.0658 0.9649 0.9919 1.0463 1.0711 1.0391 0.9249 0.9790
75 62 0.9297 0.8407 0.8649 0.9144 0.9375 0.9104 0.8108 0.8590
75 63 1.1227 1.0164 1.0448 1.1022 1.1283 1.0946 0.9742 1.0312
75 64 0.8845 0.8008 0.8232 0.8683 0.8888 0.8614 0.7656 0.8099
75 65 1.0627 0.9608 0.9886 1.0457 1.0725 1.0418 0.9280 0.9833
75 66 0.8400 0.7594 0.7814 0.8268 0.8481 0.8239 0.7339 0.7778
75 67 1.3645 1.2343 1.2695 1.3415 1.3749 1.3349 1.1887 1.2591
75 68 1.0219 0.9231 0.9503 1.0072 1.0343 1.0056 0.8962 0.9503
75 69 1.1828 1.0708 1.1008 1.1611 1.1884 1.1488 1.0176 1.0753
75 70 1.2025 1.0887 1.1192 1.1805 1.2083 1.1674 1.0333 1.0916
75 71 1.0664 0.9644 0.9921 1.0490 1.0755 1.0444 0.9302 0.9855
75 72 1.1737 1.0626 1.0924 1.1522 1.1793 1.1356 1.0005 1.0553
75 73 1.1924 1.0795 1.1097 1.1705 1.1981 1.1560 1.0212 1.0781
75 74 0.7336 0.6640 0.6827 0.7203 0.7375 0.7156 0.6370 0.6743
75 76 1.3603 1.2301 1.2655 1.3381 1.3719 1.3323 1.1866 1.2572
75 77 1.2841 1.1625 1.1950 1.2607 1.2906 1.2521 1.1145 1.1797
75 78 1.0281 0.9307 0.9568 1.0093 1.0332 1.0023 0.8920 0.9441
75 79 1.0460 0.9469 0.9734 1.0270 1.0513 1.0200 0.9079 0.9610
75 80 0.9273 0.8387 0.8627 0.9116 0.9343 0.9071 0.8078 0.8556
75 81 1.0977 0.9931 1.0214 1.0790 1.1056 1.0732 0.9556 1.0121
75 82 1.0168 0.9195 0.9459 1.0000 1.0252 0.9956 0.8866 0.9393
75 83 1.2790 1.1579 1.1903 1.2556 1.2852 1.2444 1.1046 1.1682
75 84 1.0996 0.9955 1.0234 1.0795 1.1050 1.0705 0.9510 1.0060
75 85 1.2244 1.1085 1.1395 1.2019 1.2302 1.1871 1.0489 1.1075
75 86 0.9764 0.8831 0.9084 0.9601 0.9841 0.9555 0.8509 0.9013
75 87 1.1438 1.0346 1.0642 1.1247 1.1528 1.1193 0.9967 1.0558
75 88 1.1207 1.0146 1.0430 1.1001 1.1260 1.0761 0.9380 0.9857
75 89 1.1245 1.0173 1.0463 1.1052 1.1324 1.0992 0.9787 1.0364
75 90 0.9977 0.9032 0.9285 0.9794 1.0025 0.9714 0.8632 0.9131
75 91 1.1196 1.0123 1.0415 1.1015 1.1295 1.0970 0.9771 1.0351
75 92 0.7110 0.6436 0.6617 0.6982 0.7149 0.6936 0.6174 0.6535
75 93 1.0890 0.9850 1.0132 1.0708 1.0976 1.0657 0.9490 1.0052
75 94 1.1132 1.0078 1.0360 1.0928 1.1187 1.0850 0.9654 1.0217
75 95 1.0773 0.9730 1.0018 1.0618 1.0905 1.0601 0.9448 1.0017
75 96 1.0681 0.9653 0.9934 1.0518 1.0794 1.0489 0.9345 0.9904
75 97 0.8504 0.7697 0.7914 0.8351 0.8550 0.8296 0.7385 0.7818
75 98 1.1188 1.0129 1.0413 1.0983 1.1242 1.0802 0.9489 0.9999
75 99 0.9203 0.8321 0.8561 0.9054 0.9285 0.9018 0.8032 0.8510
75 100 1.0274 0.9294 0.9559 1.0099 1.0349 1.0047 0.8946 0.9474
75 101 1.2177 1.1024 1.1333 1.1953 1.2235 1.1208 0.9252 0.9493
75 102 1.0668 0.9643 0.9923 1.0500 1.0771 1.0463 0.9320 0.9875
75 103 1.0305 0.9315 0.9585 1.0143 1.0404 1.0107 0.9002 0.9538
75 104 1.0228 0.9249 0.9515 1.0062 1.0317 1.0019 0.8923 0.9452
75 105 1.0754 0.9722 1.0004 1.0584 1.0856 1.0544 0.9392 0.9951
75 106 1.0790 0.9757 1.0038 1.0614 1.0882 1.0567 0.9411 0.9968
75 107 1.1585 1.0474 1.0777 1.1402 1.1695 1.1359 1.0118 1.0720
75 108 0.8124 0.7354 0.7560 0.7975 0.8163 0.7903 0.7015 0.7417
75 109 0.9906 0.8961 0.9217 0.9737 0.9978 0.9686 0.8624 0.9132
75 110 1.1377 1.0287 1.0584 1.1194 1.1479 1.1149 0.9929 1.0519
75 111 1.1771 1.0640 1.0949 1.1587 1.1886 1.1546 1.0285 1.0898
75 112 1.1334 1.0243 1.0542 1.1160 1.1452 1.1126 0.9912 1.0504
75 113 1.0858 0.9819 1.0102 1.0681 1.0952 1.0635 0.9472 1.0033
75 114 1.1827 1.0691 1.1002 1.1642 1.1942 1.1601 1.0333 1.0949
75 115 1.0800 0.9760 1.0045 1.0635 1.0913 1.0603 0.9446 1.0010
75 116 1.1728 1.0599 1.0908 1.1550 1.1852 1.1516 1.0260 1.0873
75 117 1.0080 0.9114 0.9377 0.9918 1.0172 0.9879 0.8799 0.9322
75 118 1.0340 0.9360 0.9623 1.0152 1.0394 1.0083 0.8975 0.9500
75 119 1.1146 1.0082 1.0370 1.0959 1.1233 1.0906 0.9711 1.0285
75 120 1.1448 1.0364 1.0654 1.1238 1.1504 1.1126 0.9862 1.0424
75 121 1.1195 1.0124 1.0415 1.1009 1.1286 1.0958 0.9759 1.0336
75 122 1.0785 0.9764 1.0038 1.0588 1.0837 1.0457 0.9239 0.9756
75 123 1.0738 0.9717 0.9992 1.0551 1.0809 1.0490 0.9339 0.9888
75 124 1.0928 0.9893 1.0170 1.0728 1.0981 1.0610 0.9392 0.9922
75 125 1.1280 1.0198 1.0493 1.1101 1.1385 1.1059 0.9850 1.0435
76 0 1.4485 1.3111 1.3475 1.4217 1.4558 1.4110 1.2539 1.3269
76 1 1.6210 1.4667 1.5079 1.5923 1.6316 1.5842 1.4108 1.4948
76 2 1.3412 1.2140 1.2479 1.3164 1.3476 1.3047 1.1578 1.2245
76 3 1.3773 1.2467 1.2815 1.3519 1.3840 1.3403 1.1900 1.2587
76 4 1.4829 1.3419 1.3797 1.4567 1.4925 1.4491 1.2905 1.3673
76 5 1.3247 1.1991 1.2326 1.3005 1.3317 1.2916 1.1491 1.2167
76 6 1.5453 1.3989 1.4380 1.5167 1.5524 1.4994 1.3265 1.4009
76 7 1.5098 1.3661 1.4047 1.4836 1.5204 1.4764 1.3149 1.3934
76 8 1.3343 1.2079 1.2417 1.3100 1.3412 1.3004 1.1564 1.2242
76 9 1.3921 1.2601 1.2954 1.3668 1.3997 1.3585 1.2096 1.2811
76 10 1.3848 1.2536 1.2886 1.3595 1.3919 1.3494 1.1998 1.2700
76 11 1.4378 1.3016 1.3380 1.4113 1.4446 1.3969 1.2378 1.3083
76 12 1.3389 1.2121 1.2460 1.3146 1.3460 1.3056 1.1617 1.2300
76 13 1.3438 1.2166 1.2506 1.3191 1.3501 1.3042 1.1542 1.2192
76 14 1.3890 1.2574 1.2926 1.3638 1.3965 1.3550 1.2061 1.2772
76 15 1.3102 1.1861 1.2192 1.2863 1.3170 1.2772 1.1361 1.2028
76 16 1.4621 1.3236 1.3606 1.4353 1.4695 1.4243 1.2661 1.3399
76 17 1.3585 1.2298 1.2642 1.3337 1.3655 1.3239 1.1773 1.2462
76 18 1.1435 1.0352 1.0642 1.1224 1.1489 1.1102 0.9830 1.0386
76 19 1.3903 1.2587 1.2939 1.3648 1.3969 1.3505 1.1963 1.2643
76 20 1.4996 1.3576 1.3956 1.4722 1.5071 1.4604 1.2977 1.3732
76 21 1.5007 1.3586 1.3966 1.4730 1.5077 1.4562 1.2883 1.3608
76 22 1.2514 1.1329 1.1646 1.2284 1.2572 1.2138 1.0733 1.1334
76 23 1.3824 1.2515 1.2865 1.3573 1.3896 1.3479 1.1992 1.2696
76 24 1.2376 1.1203 1.1517 1.2150 1.2440 1.2064 1.0731 1.1360
76 25 1.3155 1.1909 1.2243 1.2915 1.3221 1.2809 1.1379 1.2040
76 26 1.3396 1.2114 1.2462 1.3180 1.3519 1.3134 1.1701 1.2404
76 27 1.4067 1.2735 1.3091 1.3808 1.4133 1.3656 1.2089 1.2772
76 28 1.4554 1.3175 1.3544 1.4288 1.4628 1.4181 1.2609 1.3346
76 29 1.3289 1.2031 1.2367 1.3046 1.3356 1.2941 1.1500 1.2168
76 30 1.1519 1.0427 1.0719 1.1311 1.1583 1.1240 1.0007 1.0597
76 31 1.0643 0.9636 0.9905 1.0448 1.0693 1.0331 0.9144 0.9661
76 32 1.1987 1.0852 1.1156 1.1767 1.2044 1.1639 1.0305 1.0889
76 33 1.2992 1.1761 1.2090 1.2755 1.3058 1.2662 1.1261 1.1920
76 34 1.2201 1.1046 1.1355 1.1977 1.2259 1.1849 1.0493 1.1088
76 35 1.4229 1.2881 1.3242 1.3969 1.4300 1.3860 1.2320 1.3037
76 36 1.3450 1.2176 1.2517 1.3205 1.3518 1.3108 1.1657 1.2338
76 37 1.2057 1.0915 1.1221 1.1837 1.2118 1.1747 1.0445 1.1054
76 38 1.2335 1.1167 1.1479 1.2109 1.2397 1.2015 1.0680 1.1301
76 39 1.3207 1.1957 1.2291 1.2964 1.3269 1.2820 1.1347 1.1988
76 40 1.4702 1.3310 1.3683 1.4433 1.4774 1.4308 1.2704 1.3438
76 41 1.2682 1.1482 1.1803 1.2450 1.2744 1.2338 1.0952 1.1583
76 42 1.2470 1.1289 1.1605 1.2243 1.2534 1.2153 1.0808 1.1440
76 43 1.3866 1.2553 1.2904 1.3610 1.3930 1.3453 1.1901 1.2570
76 44 0.8619 0.7803 0.8022 0.8461 0.8660 0.8356 0.7384 0.7796
76 45 1.2653 1.1455 1.1775 1.2421 1.2715 1.2316 1.0938 1.1570
76 46 1.2740 1.1534 1.1857 1.2507 1.2802 1.2393 1.1000 1.1633
76 47 1.2683 1.1482 1.1803 1.2450 1.2743 1.2326 1.0928 1.1552
76 48 1.2873 1.1654 1.1980 1.2637 1.2934 1.2510 1.1089 1.1721
76 49 1.0639 0.9631 0.9901 1.0444 1.0691 1.0354 0.9194 0.9725
76 50 1.4626 1.3240 1.3611 1.4359 1.4699 1.4251 1.2674 1.3412
76 51 1.3769 1.2466 1.2815 1.3517 1.3836 1.3396 1.1891 1.2576
76 52 0.7450 0.6745 0.6934 0.7313 0.7485 0.7213 0.6362 0.6713
76 53 1.2604 1.1411 1.1730 1.2373 1.2665 1.2258 1.0876 1.1500
76 54 1.4013 1.2686 1.3042 1.3756 1.4080 1.3616 1.2066 1.2754
76 55 1.2889 1.1669 1.1995 1.2651 1.2948 1.2389 1.0819 1.1374
76 56 1.1919 1.0790 1.1092 1.1700 1.1977 1.1595 1.0292 1.0884
76 57 1.1276 1.0208 1.0494 1.1068 1.1328 1.0872 0.9535 1.0039
76 58 1.3229 1.1976 1.2312 1.2986 1.3293 1.2867 1.1418 1.2073
76 59 1.2040 1.0900 1.1205 1.1820 1.2101 1.1736 1.0441 1.1050
76 60 1.4849 1.3443 1.3820 1.4576 1.4919 1.4427 1.2786 1.3513
76 61 1.2560 1.1371 1.1689 1.2330 1.2621 1.2224 1.0855 1.1482
76 62 1.4561 1.3182 1.3551 1.4296 1.4636 1.4199 1.2637 1.3376
76 63 1.2865 1.1647 1.1973 1.2630 1.2928 1.2521 1.1119 1.1760
76 64 1.3599 1.2312 1.2656 1.3350 1.3664 1.3220 1.1722 1.2392
76 65 1.2399 1.1223 1.1539 1.2178 1.2470 1.2101 1.0772 1.1405
76 66 1.3276 1.2014 1.2353 1.3041 1.3357 1.2963 1.1540 1.2219
76 67 1.0481 0.9489 0.9755 1.0290 1.0534 1.0216 0.9087 0.9617
76 68 1.3239 1.1972 1.2316 1.3023 1.3353 1.2969 1.1551 1.2237
76 69 0.7132 0.6457 0.6638 0.7001 0.7165 0.6915 0.6111 0.6452
76 70 1.2109 1.0963 1.1269 1.1886 1.2165 1.1734 1.0363 1.0939
76 71 1.3899 1.2583 1.2935 1.3646 1.3970 1.3553 1.2063 1.2768
76 72 1.3799 1.2492 1.2842 1.3545 1.3862 1.3327 1.1715 1.2346
76 73 1.4284 1.2932 1.3294 1.4021 1.4350 1.3823 1.2184 1.2853
76 74 1.4108 1.2772 1.3130 1.3850 1.4177 1.3733 1.2199 1.2903
76 75 1.3403 1.2134 1.2474 1.3158 1.3469 1.3044 1.1584 1.2252
76 77 1.0358 0.9378 0.9640 1.0169 1.0409 1.0081 0.8954 0.9470
76 78 1.1239 1.0175 1.0460 1.1033 1.1293 1.0937 0.9712 1.0271
76 79 1.0921 0.9887 1.0164 1.0721 1.0974 1.0629 0.9440 0.9984
76 80 1.4752 1.3355 1.3729 1.4483 1.4826 1.4377 1.2789 1.3534
76 81 1.4387 1.3025 1.3389 1.4124 1.4458 1.4018 1.2466 1.3190
76 82 1.5088 1.3659 1.4041 1.4813 1.5164 1.4710 1.3091 1.3855
76 83 0.7803 0.7065 0.7262 0.7660 0.7840 0.7578 0.6712 0.7092
76 84 0.8140 0.7370 0.7576 0.7991 0.8179 0.7910 0.7011 0.7410
76 85 1.4523 1.3148 1.3516 1.4256 1.4591 1.4056 1.2391 1.3072
76 86 1.4186 1.2843 1.3203 1.3928 1.4258 1.3828 1.2302 1.3019
76 87 0.7733 0.7001 0.7197 0.7592 0.7772 0.7537 0.6706 0.7096
76 88 1.2842 1.1627 1.1952 1.2606 1.2901 1.2310 1.0706 1.1242
76 89 1.4256 1.2906 1.3267 1.3995 1.4327 1.3889 1.2350 1.3067
76 90 1.3259 1.2004 1.2340 1.3016 1.3322 1.2886 1.1424 1.2075
76 91 1.4438 1.3069 1.3436 1.4177 1.4516 1.4083 1.2536 1.3268
76 92 1.4066 1.2734 1.3091 1.3808 1.4134 1.3692 1.2162 1.2863
76 93 1.3925 1.2607 1.2960 1.3671 1.3995 1.3573 1.2075 1.2778
76 94 0.8211 0.7434 0.7642 0.8060 0.8250 0.7988 0.7091 0.7498
76 95 1.2860 1.1628 1.1963 1.2651 1.2972 1.2598 1.1220 1.1885
76 96 1.2821 1.1600 1.1929 1.2601 1.2912 1.2534 1.1159 1.1817
76 97 1.3891 1.2576 1.2928 1.3637 1.3959 1.3522 1.2012 1.2705
76 98 1.3051 1.1815 1.2146 1.2811 1.3111 1.2578 1.1023 1.1606
76 99 1.4463 1.3092 1.3459 1.4202 1.4542 1.4109 1.2558 1.3293
76 100 1.1957 1.0824 1.1128 1.1738 1.2016 1.1650 1.0361 1.0963
76 101 1.2919 1.1696 1.2023 1.2681 1.2978 1.1887 0.9811 1.0063
76 102 1.1828 1.0704 1.1006 1.1619 1.1901 1.1549 1.0280 1.0882
76 103 1.1912 1.0780 1.1085 1.1702 1.1985 1.1630 1.0353 1.0959
76 104 1.3454 1.2179 1.2521 1.3210 1.3524 1.3120 1.1677 1.2358
76 105 1.2135 1.0983 1.1292 1.1919 1.2207 1.1845 1.0543 1.1160
76 106 1.2229 1.1071 1.1381 1.2006 1.2290 1.1923 1.0611 1.1229
76 107 1.4448 1.3076 1.3445 1.4191 1.4533 1.4102 1.2552 1.3286
76 108 1.2576 1.1385 1.1704 1.2345 1.2635 1.2211 1.0814 1.1425
76 109 1.1515 1.0425 1.0716 1.1304 1.1572 1.1219 0.9977 1.0555
76 110 1.4111 1.2773 1.3132 1.3857 1.4189 1.3766 1.2252 1.2967
76 111 1.1937 1.0803 1.1108 1.1727 1.2012 1.1656 1.0376 1.0984
76 112 1.2740 1.1527 1.1854 1.2520 1.2828 1.2450 1.1084 1.1735
76 113 1.2109 1.0962 1.1270 1.1889 1.2171 1.1807 1.0508 1.1120
76 114 1.4398 1.3030 1.3398 1.4144 1.4487 1.4058 1.2514 1.3246
76 115 1.3246 1.1985 1.2325 1.3018 1.3337 1.2945 1.1525 1.2201
76 116 1.4282 1.2921 1.3289 1.4037 1.4382 1.3960 1.2429 1.3159
76 117 1.1705 1.0595 1.0893 1.1495 1.1771 1.1420 1.0165 1.0758
76 118 1.1840 1.0719 1.1019 1.1623 1.1897 1.1522 1.0233 1.0822
76 119 1.4145 1.2805 1.3164 1.3886 1.4215 1.3785 1.2262 1.2975
76 120 1.2490 1.1308 1.1625 1.2261 1.2549 1.2116 1.0714 1.1315
76 121 1.3884 1.2569 1.2921 1.3630 1.3953 1.3533 1.2042 1.2742
76 122 1.1653 1.0550 1.0846 1.1439 1.1708 1.1278 0.9941 1.0487
76 123 1.3532 1.2251 1.2594 1.3285 1.3598 1.3179 1.1714 1.2392
76 124 1.1796 1.0680 1.0979 1.1579 1.1851 1.1431 1.0095 1.0656
76 125 1.1917 1.0786 1.1090 1.1705 1.1986 1.1630 1.0352 1.0957
77 0 1.2740 1.1528 1.1851 1.2510 1.2814 1.2437 1.1070 1.1722
77 1 1.3235 1.1962 1.2307 1.3024 1.3364 1.2987 1.1571 1.2268
77 2 1.2231 1.1071 1.1380 1.2004 1.2289 1.1915 1.0596 1.1212
77 3 1.2522 1.1335 1.1652 1.2291 1.2583 1.2204 1.0858 1.1492
77 4 1.2893 1.1655 1.1991 1.2689 1.3019 1.2651 1.1272 1.1950
77 5 1.2029 1.0881 1.1190 1.1823 1.2118 1.1766 1.0479 1.1102
77 6 1.3122 1.1879 1.2211 1.2880 1.3183 1.2752 1.1305 1.1946
77 7 1.3131 1.1868 1.2213 1.2928 1.3267 1.2894 1.1489 1.2183
77 8 1.2255 1.1089 1.1402 1.2042 1.2338 1.1977 1.0665 1.1297
77 9 1.2233 1.1062 1.1379 1.2033 1.2340 1.1987 1.0678 1.1318
77 10 1.2499 1.1310 1.1629 1.2280 1.2581 1.2212 1.0874 1.1517
77 11 1.2458 1.1278 1.1593 1.2229 1.2518 1.2123 1.0765 1.1385
77 12 1.2187 1.1023 1.1338 1.1980 1.2279 1.1924 1.0619 1.1251
77 13 1.2311 1.1145 1.1456 1.2084 1.2369 1.1967 1.0613 1.1217
77 14 1.2521 1.1324 1.1648 1.2314 1.2625 1.2262 1.0922 1.1574
77 15 1.1896 1.0762 1.1068 1.1693 1.1982 1.1633 1.0360 1.0975
77 16 1.3074 1.1832 1.2165 1.2842 1.3154 1.2766 1.1367 1.2037
77 17 1.2439 1.1254 1.1573 1.2222 1.2522 1.2156 1.0825 1.1466
77 18 1.1028 0.9983 1.0262 1.0825 1.1080 1.0724 0.9515 1.0059
77 19 1.2347 1.1178 1.1490 1.2120 1.2406 1.2012 1.0664 1.1277
77 20 1.3239 1.1983 1.2319 1.3001 1.3313 1.2918 1.1501 1.2177
77 21 1.2155 1.1004 1.1312 1.1931 1.2212 1.1813 1.0474 1.1070
77 22 0.6908 0.6254 0.6429 0.6781 0.6941 0.6712 0.5947 0.6285
77 23 1.2646 1.1439 1.1765 1.2432 1.2742 1.2372 1.1019 1.1673
77 24 0.7946 0.7188 0.7393 0.7810 0.8004 0.7771 0.6920 0.7331
77 25 1.2230 1.1070 1.1381 1.2008 1.2295 1.1929 1.0620 1.1243
77 26 0.7868 0.7106 0.7316 0.7755 0.7966 0.7746 0.6905 0.7325
77 27 1.2872 1.1653 1.1979 1.2636 1.2934 1.2517 1.1104 1.1739
77 28 1.3135 1.1885 1.2222 1.2907 1.3222 1.2835 1.1428 1.2104
77 29 1.2337 1.1166 1.1480 1.2116 1.2407 1.2040 1.0718 1.1349
77 30 0.7413 0.6703 0.6896 0.7293 0.7479 0.7264 0.6471 0.6858
77 31 1.0748 0.9730 1.0002 1.0550 1.0799 1.0450 0.9269 0.9799
77 32 1.1398 1.0319 1.0608 1.1189 1.1453 1.1085 0.9836 1.0400
77 33 0.8256 0.7470 0.7682 0.8114 0.8314 0.8072 0.7188 0.7613
77 34 1.1568 1.0473 1.0766 1.1356 1.1624 1.1252 0.9986 1.0560
77 35 1.2872 1.1649 1.1978 1.2645 1.2951 1.2570 1.1191 1.1851
77 36 0.8047 0.7280 0.7487 0.7908 0.8103 0.7866 0.7005 0.7420
77 37 0.6550 0.5927 0.6095 0.6436 0.6594 0.6400 0.5699 0.6035
77 38 0.8321 0.7530 0.7743 0.8174 0.8372 0.8125 0.7234 0.7661
77 39 1.2082 1.0938 1.1244 1.1860 1.2139 1.1747 1.0420 1.1016
77 40 1.3270 1.2013 1.2349 1.3027 1.3336 1.2935 1.1511 1.2184
77 41 0.7374 0.6676 0.6863 0.7240 0.7411 0.7186 0.6393 0.6766
77 42 0.7861 0.7112 0.7314 0.7726 0.7916 0.7685 0.6843 0.7248
77 43 1.2770 1.1561 1.1884 1.2535 1.2831 1.2411 1.1003 1.1630
77 44 0.9719 0.8798 0.9045 0.9540 0.9765 0.9438 0.8358 0.8830
77 45 1.1960 1.0827 1.1130 1.1741 1.2019 1.1660 1.0379 1.0986
77 46 0.7076 0.6406 0.6585 0.6946 0.7111 0.6895 0.6133 0.6490
77 47 1.1827 1.0707 1.1007 1.1610 1.1884 1.1514 1.0230 1.0821
77 48 1.0157 0.9195 0.9453 0.9971 1.0206 0.9887 0.8783 0.9291
77 49 0.7960 0.7207 0.7408 0.7815 0.8000 0.7760 0.6906 0.7310
77 50 1.3168 1.1914 1.2252 1.2941 1.3259 1.2871 1.1461 1.2138
77 51 1.2714 1.1510 1.1833 1.2482 1.2777 1.2391 1.1023 1.1666
77 52 0.9218 0.8345 0.8579 0.9048 0.9261 0.8939 0.7902 0.8343
77 53 1.0077 0.9123 0.9378 0.9892 1.0126 0.9816 0.8729 0.9236
77 54 1.2865 1.1647 1.1973 1.2629 1.2927 1.2521 1.1121 1.1762
77 55 1.2194 1.1040 1.1349 1.1970 1.2251 1.1741 1.0275 1.0809
77 56 0.8452 0.7652 0.7866 0.8298 0.8494 0.8237 0.7327 0.7754
77 57 1.0925 0.9891 1.0168 1.0724 1.0976 1.0551 0.9274 0.9771
77 58 1.0190 0.9225 0.9483 1.0003 1.0240 0.9928 0.8829 0.9342
77 59 0.6904 0.6245 0.6424 0.6788 0.6957 0.6755 0.6015 0.6371
77 60 1.3483 1.2206 1.2548 1.3235 1.3548 1.3122 1.1654 1.2326
77 61 1.0702 0.9689 0.9960 1.0507 1.0755 1.0434 0.9286 0.9829
77 62 1.3190 1.1929 1.2271 1.2973 1.3299 1.2915 1.1502 1.2185
77 63 1.0357 0.9377 0.9639 1.0168 1.0409 1.0097 0.8986 0.9512
77 64 1.2671 1.1471 1.1793 1.2439 1.2733 1.2338 1.0965 1.1600
77 65 1.0139 0.9167 0.9432 0.9976 1.0231 0.9938 0.8852 0.9379
77 66 1.2328 1.1145 1.1468 1.2133 1.2445 1.2090 1.0769 1.1412
77 67 0.9939 0.8991 0.9247 0.9771 1.0013 0.9722 0.8657 0.9169
77 68 1.0898 0.9844 1.0134 1.0740 1.1029 1.0722 0.9555 1.0132
77 69 0.9451 0.8557 0.8796 0.9278 0.9497 0.9179 0.8130 0.8591
77 70 1.1532 1.0440 1.0733 1.1321 1.1587 1.1195 0.9908 1.0467
77 71 1.0532 0.9524 0.9798 1.0358 1.0620 1.0313 0.9185 0.9730
77 72 1.2896 1.1675 1.2002 1.2659 1.2957 1.2477 1.0991 1.1592
77 73 1.3164 1.1918 1.2251 1.2922 1.3226 1.2761 1.1273 1.1900
77 74 1.2969 1.1740 1.2069 1.2734 1.3037 1.2649 1.1259 1.1918
77 75 1.2565 1.1375 1.1694 1.2336 1.2628 1.2250 1.0902 1.1540
77 76 1.0569 0.9557 0.9832 1.0395 1.0658 1.0350 0.9218 0.9765
77 78 1.0434 0.9446 0.9711 1.0243 1.0486 1.0171 0.9052 0.9580
77 79 0.9158 0.8291 0.8523 0.8991 0.9203 0.8929 0.7947 0.8412
77 80 1.3474 1.2188 1.2536 1.3246 1.3575 1.3179 1.1736 1.2430
77 81 1.3235 1.1974 1.2315 1.3008 1.3328 1.2938 1.1520 1.2200
77 82 1.3548 1.2252 1.2604 1.3324 1.3658 1.3263 1.1812 1.2512
77 83 1.0019 0.9071 0.9325 0.9836 1.0068 0.9747 0.8652 0.9149
77 84 0.9071 0.8212 0.8442 0.8904 0.9115 0.8830 0.7844 0.8297
77 85 1.3377 1.2111 1.2450 1.3131 1.3440 1.2969 1.1459 1.2098
77 86 1.3064 1.1817 1.2155 1.2845 1.3165 1.2782 1.1383 1.2056
77 87 0.9024 0.8162 0.8396 0.8873 0.9094 0.8829 0.7862 0.8328
77 88 1.2208 1.1053 1.1362 1.1984 1.2266 1.1721 1.0216 1.0736
77 89 1.0815 0.9784 1.0063 1.0628 1.0889 1.0570 0.9411 0.9966
77 90 1.0267 0.9294 0.9555 1.0079 1.0316 0.9995 0.8881 0.9394
77 91 1.3243 1.1974 1.2319 1.3028 1.3359 1.2974 1.1555 1.2242
77 92 1.3117 1.1874 1.2207 1.2879 1.3186 1.2793 1.1387 1.2054
77 93 1.0532 0.9526 0.9798 1.0355 1.0613 1.0304 0.9176 0.9719
77 94 0.9159 0.8292 0.8524 0.8991 0.9204 0.8926 0.7941 0.8404
77 95 1.1588 1.0467 1.0776 1.1421 1.1729 1.1402 1.0161 1.0773
77 96 1.1529 1.0419 1.0723 1.1353 1.1650 1.1320 1.0085 1.0689
77 97 1.2983 1.1753 1.2083 1.2749 1.3053 1.2665 1.1273 1.1933
77 98 1.2365 1.1195 1.1508 1.2138 1.2424 1.1938 1.0485 1.1049
77 99 1.3295 1.2021 1.2368 1.3080 1.3412 1.3026 1.1602 1.2291
77 100 1.0343 0.9357 0.9623 1.0167 1.0418 1.0113 0.9005 0.9536
77 101 1.2201 1.1046 1.1355 1.1977 1.2259 1.1229 0.9269 0.9509
77 102 1.0052 0.9087 0.9351 0.9894 1.0149 0.9858 0.8781 0.9303
77 103 1.0253 0.9268 0.9537 1.0091 1.0350 1.0054 0.8955 0.9488
77 104 1.0791 0.9758 1.0039 1.0615 1.0883 1.0569 0.9412 0.9970
77 105 1.0425 0.9425 0.9697 1.0259 1.0522 1.0220 0.9103 0.9644
77 106 1.0552 0.9542 0.9816 1.0378 1.0640 1.0332 0.9201 0.9746
77 107 1.1233 1.0156 1.0449 1.1055 1.1338 1.1013 0.9809 1.0392
77 108 1.1994 1.0858 1.1162 1.1774 1.2052 1.1667 1.0355 1.0949
77 109 0.9644 0.8725 0.8973 0.9479 0.9713 0.9428 0.8395 0.8889
77 110 1.1045 0.9987 1.0275 1.0867 1.1143 1.0822 0.9638 1.0210
77 111 1.1165 1.0093 1.0386 1.0990 1.1273 1.0950 0.9754 1.0335
77 112 1.1275 1.0190 1.0487 1.1101 1.1391 1.1067 0.9859 1.0447
77 113 1.0861 0.9822 1.0104 1.0684 1.0953 1.0636 0.9472 1.0034
77 114 1.1416 1.0320 1.0619 1.1236 1.1525 1.1195 0.9972 1.0566
77 115 1.1719 1.0592 1.0900 1.1539 1.1840 1.1504 1.0248 1.0860
77 116 1.1091 1.0024 1.0316 1.0922 1.1207 1.0889 0.9701 1.0281
77 117 1.0289 0.9303 0.9571 1.0123 1.0381 1.0083 0.8980 0.9513
77 118 1.0417 0.9430 0.9694 1.0227 1.0470 1.0157 0.9040 0.9568
77 119 1.0572 0.9563 0.9836 1.0394 1.0653 1.0342 0.9210 0.9753
77 120 1.2178 1.1025 1.1333 1.1955 1.2237 1.1834 1.0489 1.1086
77 121 1.0667 0.9648 0.9924 1.0490 1.0752 1.0440 0.9297 0.9847
77 122 1.1464 1.0379 1.0669 1.1254 1.1519 1.1115 0.9819 1.0367
77 123 1.0471 0.9476 0.9744 1.0288 1.0539 1.0228 0.9106 0.9640
77 124 1.1595 1.0497 1.0791 1.1383 1.1651 1.1257 0.9964 1.0526
77 125 1.0539 0.9528 0.9803 1.0370 1.0635 1.0330 0.9201 0.9747
78 0 1.1634 1.0526 1.0822 1.1426 1.1705 1.1360 1.0113 1.0708
78 1 1.1980 1.0827 1.1140 1.1791 1.2100 1.1759 1.0477 1.1109
78 2 1.1265 1.0197 1.0481 1.1056 1.1319 1.0976 0.9762 1.0330
78 3 1.1564 1.0468 1.0760 1.1350 1.1620 1.1272 1.0030 1.0616
78 4 1.1678 1.0556 1.0861 1.1495 1.1795 1.1462 1.0213 1.0829
78 5 0.9288 0.8401 0.8640 0.9131 0.9359 0.9088 0.8094 0.8576
78 6 0.8546 0.7736 0.7952 0.8388 0.8585 0.8306 0.7364 0.7782
78 7 1.2082 1.0920 1.1237 1.1897 1.2210 1.1868 1.0575 1.1214
78 8 1.1018 0.9968 1.0250 1.0827 1.1094 1.0771 0.9591 1.0160
78 9 0.8580 0.7758 0.7981 0.8442 0.8658 0.8411 0.7493 0.7942
78 10 1.0612 0.9601 0.9873 1.0428 1.0684 1.0372 0.9236 0.9782
78 11 0.8856 0.8017 0.8241 0.8693 0.8898 0.8619 0.7655 0.8095
78 12 0.7867 0.7115 0.7318 0.7735 0.7929 0.7699 0.6857 0.7266
78 13 1.1068 1.0019 1.0300 1.0864 1.1120 1.0760 0.9544 1.0088
78 14 1.1085 1.0024 1.0311 1.0903 1.1179 1.0858 0.9672 1.0250
78 15 0.8014 0.7249 0.7456 0.7878 0.8074 0.7840 0.6982 0.7397
78 16 1.2127 1.0973 1.1283 1.1913 1.2204 1.1845 1.0547 1.1170
78 17 1.0215 0.9242 0.9504 1.0039 1.0287 0.9987 0.8893 0.9420
78 18 0.7170 0.6491 0.6673 0.7039 0.7205 0.6974 0.6189 0.6543
78 19 0.8393 0.7599 0.7811 0.8239 0.8434 0.8167 0.7251 0.7668
78 20 1.1116 1.0060 1.0344 1.0917 1.1181 1.0850 0.9660 1.0229
78 21 0.9982 0.9037 0.9290 0.9799 1.0030 0.9703 0.8604 0.9094
78 22 0.8999 0.8147 0.8375 0.8833 0.9041 0.8744 0.7749 0.8189
78 23 1.1205 1.0135 1.0425 1.1018 1.1294 1.0967 0.9767 1.0348
78 24 0.8077 0.7306 0.7515 0.7941 0.8138 0.7902 0.7037 0.7455
78 25 0.7449 0.6742 0.6931 0.7315 0.7490 0.7268 0.6470 0.6851
78 26 0.8015 0.7239 0.7453 0.7902 0.8118 0.7894 0.7037 0.7466
78 27 1.1649 1.0546 1.0841 1.1435 1.1705 1.1329 1.0052 1.0628
78 28 1.2095 1.0943 1.1254 1.1886 1.2178 1.1822 1.0527 1.1150
78 29 1.0560 0.9557 0.9827 1.0372 1.0623 1.0309 0.9178 0.9718
78 30 0.8083 0.7308 0.7519 0.7953 0.8157 0.7924 0.7059 0.7481
78 31 0.9609 0.8699 0.8943 0.9433 0.9655 0.9344 0.8290 0.8764
78 32 1.1685 1.0578 1.0874 1.1470 1.1741 1.1366 1.0087 1.0665
78 33 0.7404 0.6698 0.6889 0.7278 0.7458 0.7241 0.6448 0.6830
78 34 1.1581 1.0485 1.0778 1.1369 1.1637 1.1267 1.0001 1.0575
78 35 1.0650 0.9637 0.9909 1.0463 1.0718 1.0403 0.9263 0.9809
78 36 0.6732 0.6090 0.6263 0.6617 0.6781 0.6583 0.5862 0.6210
78 37 0.8347 0.7552 0.7767 0.8203 0.8404 0.8158 0.7265 0.7694
78 38 0.7246 0.6557 0.6742 0.7119 0.7292 0.7078 0.6302 0.6674
78 39 0.9634 0.8721 0.8966 0.9457 0.9680 0.9368 0.8311 0.8787
78 40 1.1313 1.0242 1.0528 1.1106 1.1369 1.1029 0.9816 1.0391
78 41 0.9965 0.9021 0.9274 0.9783 1.0014 0.9712 0.8641 0.9145
78 42 0.7716 0.6980 0.7179 0.7585 0.7772 0.7546 0.6720 0.7118
78 43 1.1253 1.0188 1.0473 1.1047 1.1307 1.0939 0.9699 1.0252
78 44 0.9556 0.8651 0.8893 0.9380 0.9601 0.9281 0.8220 0.8685
78 45 0.9818 0.8887 0.9136 0.9639 0.9868 0.9574 0.8523 0.9022
78 46 1.0115 0.9157 0.9414 0.9930 1.0165 0.9858 0.8770 0.9281
78 47 1.0283 0.9310 0.9570 1.0095 1.0334 1.0013 0.8898 0.9413
78 48 0.6817 0.6171 0.6344 0.6692 0.6850 0.6636 0.5896 0.6237
78 49 0.8085 0.7319 0.7524 0.7937 0.8125 0.7883 0.7016 0.7427
78 50 1.1196 1.0129 1.0417 1.1004 1.1276 1.0947 0.9748 1.0325
78 51 0.9973 0.9028 0.9281 0.9790 1.0022 0.9720 0.8649 0.9154
78 52 0.9333 0.8449 0.8686 0.9162 0.9377 0.9052 0.8003 0.8450
78 53 0.5788 0.5240 0.5387 0.5682 0.5817 0.5639 0.5015 0.5307
78 54 1.0916 0.9882 1.0159 1.0716 1.0969 1.0626 0.9439 0.9984
78 55 1.1064 1.0017 1.0297 1.0861 1.1116 1.0655 0.9326 0.9811
78 56 0.7232 0.6547 0.6730 0.7100 0.7268 0.7048 0.6271 0.6637
78 57 1.1275 1.0207 1.0493 1.1067 1.1327 1.0890 0.9573 1.0087
78 58 0.8518 0.7711 0.7927 0.8362 0.8559 0.8300 0.7382 0.7812
78 59 0.9501 0.8594 0.8839 0.9342 0.9576 0.9298 0.8280 0.8771
78 60 1.2118 1.0970 1.1277 1.1895 1.2176 1.1795 1.0478 1.1082
78 61 0.6782 0.6139 0.6311 0.6658 0.6816 0.6613 0.5886 0.6231
78 62 0.9645 0.8722 0.8973 0.9487 0.9727 0.9447 0.8414 0.8914
78 63 0.5597 0.5067 0.5209 0.5495 0.5626 0.5458 0.4858 0.5142
78 64 1.0355 0.9374 0.9637 1.0165 1.0405 1.0084 0.8963 0.9483
78 65 0.8188 0.7402 0.7616 0.8058 0.8264 0.8028 0.7151 0.7578
78 66 0.9986 0.9027 0.9289 0.9829 1.0083 0.9796 0.8727 0.9248
78 67 1.1053 0.9998 1.0284 1.0868 1.1139 1.0815 0.9631 1.0202
78 68 0.6033 0.5449 0.5610 0.5946 0.6107 0.5937 0.5292 0.5611
78 69 0.9768 0.8843 0.9091 0.9589 0.9815 0.9488 0.8405 0.8882
78 70 1.0243 0.9274 0.9533 1.0056 1.0292 0.9945 0.8803 0.9300
78 71 0.9031 0.8167 0.8402 0.8884 0.9109 0.8847 0.7879 0.8348
78 72 1.1788 1.0672 1.0971 1.1571 1.1844 1.1406 1.0050 1.0600
78 73 1.1944 1.0814 1.1116 1.1725 1.2001 1.1580 1.0231 1.0802
78 74 1.0384 0.9400 0.9664 1.0198 1.0442 1.0131 0.9019 0.9547
78 75 1.0231 0.9262 0.9522 1.0045 1.0284 0.9977 0.8881 0.9400
78 76 1.1170 1.0101 1.0392 1.0989 1.1268 1.0943 0.9747 1.0326
78 77 0.8633 0.7815 0.8034 0.8476 0.8678 0.8419 0.7494 0.7933
78 79 0.8595 0.7781 0.7999 0.8439 0.8640 0.8383 0.7462 0.7899
78 80 1.0238 0.9260 0.9525 1.0066 1.0317 1.0017 0.8921 0.9449
78 81 0.9148 0.8276 0.8512 0.8993 0.9215 0.8946 0.7966 0.8436
78 82 1.1253 1.0176 1.0468 1.1068 1.1348 1.1020 0.9815 1.0398
78 83 1.0637 0.9630 0.9899 1.0442 1.0688 1.0349 0.9188 0.9716
78 84 1.0038 0.9087 0.9342 0.9854 1.0086 0.9772 0.8682 0.9184
78 85 1.2199 1.1044 1.1354 1.1975 1.2257 1.1829 1.0453 1.1037
78 86 0.9363 0.8468 0.8711 0.9207 0.9438 0.9164 0.8161 0.8645
78 87 1.0375 0.9383 0.9652 1.0202 1.0458 1.0154 0.9043 0.9579
78 88 1.1858 1.0735 1.1036 1.1640 1.1914 1.1386 0.9925 1.0431
78 89 0.7905 0.7151 0.7355 0.7770 0.7961 0.7728 0.6881 0.7288
78 90 0.6618 0.5991 0.6159 0.6497 0.6650 0.6444 0.5726 0.6058
78 91 0.9339 0.8444 0.8688 0.9189 0.9423 0.9153 0.8152 0.8637
78 92 1.0073 0.9117 0.9374 0.9892 1.0128 0.9827 0.8748 0.9261
78 93 0.7892 0.7138 0.7342 0.7761 0.7955 0.7724 0.6879 0.7286
78 94 1.0134 0.9175 0.9432 0.9949 1.0185 0.9878 0.8790 0.9303
78 95 0.8873 0.8014 0.8251 0.8747 0.8984 0.8734 0.7784 0.8253
78 96 0.8729 0.7888 0.8119 0.8597 0.8823 0.8573 0.7639 0.8096
78 97 0.9811 0.8880 0.9130 0.9635 0.9866 0.9573 0.8522 0.9022
78 98 1.1324 1.0252 1.0539 1.1117 1.1378 1.0934 0.9606 1.0122
78 99 0.9323 0.8429 0.8673 0.9174 0.9408 0.9138 0.8139 0.8623
78 100 0.7482 0.6768 0.6961 0.7355 0.7538 0.7318 0.6516 0.6901
78 101 1.2146 1.0996 1.1304 1.1923 1.2204 1.1179 0.9228 0.9466
78 102 0.9151 0.8272 0.8512 0.9008 0.9242 0.8978 0.7997 0.8474
78 103 0.8054 0.7280 0.7491 0.7928 0.8133 0.7900 0.7037 0.7457
78 104 0.7913 0.7155 0.7361 0.7785 0.7983 0.7753 0.6905 0.7314
78 105 0.8476 0.7663 0.7885 0.8343 0.8558 0.8313 0.7405 0.7845
78 106 0.7533 0.6811 0.7007 0.7410 0.7598 0.7378 0.6571 0.6961
78 107 0.8595 0.7770 0.7996 0.8460 0.8678 0.8430 0.7508 0.7955
78 108 0.9894 0.8957 0.9208 0.9713 0.9942 0.9626 0.8545 0.9035
78 109 0.8577 0.7759 0.7980 0.8432 0.8641 0.8388 0.7469 0.7910
78 110 0.8870 0.8020 0.8251 0.8728 0.8951 0.8694 0.7743 0.8203
78 111 0.8680 0.7846 0.8074 0.8545 0.8767 0.8516 0.7586 0.8039
78 112 0.9554 0.8634 0.8886 0.9409 0.9655 0.9381 0.8358 0.8857
78 113 0.9003 0.8141 0.8376 0.8857 0.9082 0.8820 0.7855 0.8321
78 114 0.9672 0.8743 0.8997 0.9521 0.9767 0.9489 0.8452 0.8956
78 115 0.9521 0.8604 0.8856 0.9376 0.9622 0.9349 0.8329 0.8827
78 116 0.8609 0.7780 0.8007 0.8479 0.8701 0.8455 0.7533 0.7984
78 117 0.7263 0.6566 0.6756 0.7147 0.7330 0.7120 0.6341 0.6719
78 118 0.8853 0.8014 0.8239 0.8693 0.8900 0.8635 0.7686 0.8136
78 119 0.8109 0.7334 0.7544 0.7974 0.8173 0.7936 0.7067 0.7485
78 120 1.1450 1.0366 1.0656 1.1240 1.1506 1.1129 0.9865 1.0427
78 121 0.8022 0.7255 0.7463 0.7890 0.8089 0.7854 0.6995 0.7409
78 122 1.0838 0.9812 1.0087 1.0639 1.0891 1.0509 0.9286 0.9805
78 123 0.8089 0.7320 0.7527 0.7949 0.8144 0.7904 0.7037 0.7451
78 124 1.0969 0.9931 1.0209 1.0768 1.1022 1.0651 0.9429 0.9962
78 125 0.9323 0.8428 0.8672 0.9175 0.9411 0.9141 0.8142 0.8627
79 0 1.0018 0.9065 0.9319 0.9837 1.0076 0.9779 0.8705 0.9217
79 1 1.0019 0.9056 0.9317 0.9859 1.0117 0.9831 0.8759 0.9286
79 2 0.9865 0.8930 0.9178 0.9682 0.9912 0.9610 0.8546 0.9043
79 3 1.0246 0.9275 0.9534 1.0057 1.0296 0.9986 0.8884 0.9403
79 4 1.0299 0.9310 0.9578 1.0136 1.0399 1.0105 0.9003 0.9545
79 5 0.9896 0.8952 0.9206 0.9727 0.9969 0.9680 0.8621 0.9133
79 6 0.9407 0.8516 0.8754 0.9233 0.9451 0.9142 0.8104 0.8564
79 7 1.0625 0.9604 0.9882 1.0460 1.0735 1.0433 0.9296 0.9857
79 8 0.9988 0.9037 0.9293 0.9814 1.0055 0.9761 0.8692 0.9206
79 9 0.9842 0.8900 0.9156 0.9682 0.9928 0.9644 0.8591 0.9106
79 10 1.0202 0.9231 0.9492 1.0023 1.0268 0.9967 0.8875 0.9400
79 11 1.0075 0.9121 0.9376 0.9890 1.0123 0.9804 0.8706 0.9207
79 12 1.0286 0.9304 0.9569 1.0112 1.0364 1.0064 0.8963 0.9496
79 13 1.0109 0.9151 0.9407 0.9922 1.0156 0.9826 0.8714 0.9210
79 14 1.0820 0.9785 1.0065 1.0640 1.0909 1.0595 0.9437 1.0000
79 15 0.9174 0.8299 0.8535 0.9017 0.9240 0.8971 0.7989 0.8463
79 16 1.0805 0.9778 1.0054 1.0613 1.0870 1.0550 0.9393 0.9947
79 17 0.7805 0.7062 0.7262 0.7669 0.7857 0.7627 0.6792 0.7194
79 18 0.6674 0.6042 0.6211 0.6551 0.6706 0.6490 0.5758 0.6088
79 19 0.9584 0.8676 0.8919 0.9408 0.9630 0.9324 0.8277 0.8752
79 20 1.0845 0.9816 1.0092 1.0650 1.0905 1.0582 0.9421 0.9975
79 21 1.1231 1.0168 1.0452 1.1024 1.1284 1.0915 0.9677 1.0228
79 22 0.9999 0.9052 0.9306 0.9815 1.0046 0.9714 0.8608 0.9096
79 23 1.0867 0.9830 1.0110 1.0683 1.0949 1.0631 0.9468 1.0030
79 24 0.7248 0.6557 0.6743 0.7124 0.7301 0.7088 0.6312 0.6686
79 25 0.6895 0.6242 0.6417 0.6770 0.6932 0.6726 0.5987 0.6339
79 26 0.9332 0.8429 0.8678 0.9198 0.9448 0.9188 0.8190 0.8688
79 27 1.0848 0.9820 1.0095 1.0648 1.0899 1.0548 0.9357 0.9892
79 28 1.1041 0.9991 1.0273 1.0849 1.1114 1.0788 0.9606 1.0174
79 29 1.0442 0.9451 0.9717 1.0254 1.0500 1.0190 0.9071 0.9605
79 30 0.9118 0.8245 0.8482 0.8970 0.9199 0.8935 0.7959 0.8435
79 31 1.0669 0.9659 0.9929 1.0473 1.0720 1.0373 0.9201 0.9727
79 32 1.0895 0.9863 1.0139 1.0695 1.0947 1.0596 0.9402 0.9940
79 33 0.6616 0.5986 0.6156 0.6502 0.6662 0.6468 0.5759 0.6100
79 34 1.1079 1.0030 1.0311 1.0876 1.1132 1.0776 0.9564 1.0113
79 35 1.0513 0.9514 0.9783 1.0327 1.0577 1.0266 0.9140 0.9679
79 36 0.8534 0.7721 0.7940 0.8387 0.8593 0.8342 0.7428 0.7868
79 37 0.9284 0.8401 0.8639 0.9122 0.9345 0.9071 0.8077 0.8554
79 38 0.6486 0.5870 0.6035 0.6371 0.6525 0.6333 0.5639 0.5971
79 39 1.0489 0.9496 0.9762 1.0297 1.0540 1.0199 0.9046 0.9564
79 40 1.0994 0.9953 1.0232 1.0793 1.1049 1.0717 0.9536 1.0094
79 41 1.1163 1.0106 1.0388 1.0958 1.1218 1.0878 0.9676 1.0240
79 42 0.8656 0.7832 0.8054 0.8507 0.8717 0.8462 0.7535 0.7981
79 43 1.0828 0.9803 1.0077 1.0629 1.0879 1.0523 0.9329 0.9860
79 44 1.0433 0.9445 0.9709 1.0241 1.0482 1.0131 0.8971 0.9478
79 45 0.9948 0.9006 0.9258 0.9767 0.9998 0.9699 0.8633 0.9138
79 46 1.1276 1.0208 1.0494 1.1069 1.1331 1.0987 0.9773 1.0342
79 47 1.1283 1.0214 1.0500 1.1076 1.1337 1.0984 0.9758 1.0323
79 48 0.6419 0.5811 0.5974 0.6301 0.6450 0.6248 0.5550 0.5871
79 49 0.9016 0.8162 0.8391 0.8851 0.9061 0.8789 0.7822 0.8279
79 50 1.0903 0.9865 1.0145 1.0715 1.0978 1.0657 0.9489 1.0050
79 51 1.0043 0.9092 0.9346 0.9859 1.0092 0.9787 0.8706 0.9214
79 52 1.0143 0.9182 0.9439 0.9956 1.0190 0.9836 0.8694 0.9179
79 53 0.7018 0.6354 0.6532 0.6890 0.7053 0.6837 0.6079 0.6432
79 54 1.0727 0.9711 0.9983 1.0530 1.0779 1.0440 0.9272 0.9807
79 55 1.0583 0.9581 0.9849 1.0388 1.0632 1.0189 0.8917 0.9380
79 56 0.8256 0.7474 0.7683 0.8105 0.8296 0.8045 0.7157 0.7574
79 57 0.9915 0.8976 0.9227 0.9732 0.9961 0.9575 0.8415 0.8867
79 58 0.9097 0.8236 0.8466 0.8931 0.9142 0.8863 0.7882 0.8340
79 59 1.0991 0.9942 1.0226 1.0806 1.1074 1.0752 0.9575 1.0142
79 60 1.1495 1.0407 1.0698 1.1285 1.1551 1.1188 0.9936 1.0509
79 61 0.7272 0.6584 0.6768 0.7139 0.7308 0.7090 0.6310 0.6678
79 62 0.9828 0.8888 0.9143 0.9666 0.9909 0.9622 0.8570 0.9078
79 63 0.7684 0.6957 0.7151 0.7544 0.7722 0.7491 0.6667 0.7056
79 64 1.0312 0.9335 0.9597 1.0123 1.0362 1.0041 0.8923 0.9439
79 65 0.7943 0.7182 0.7389 0.7815 0.8015 0.7785 0.6934 0.7347
79 66 1.0020 0.9058 0.9320 0.9861 1.0114 0.9825 0.8752 0.9275
79 67 1.2400 1.1217 1.1537 1.2190 1.2492 1.2128 1.0800 1.1439
79 68 0.7931 0.7164 0.7375 0.7816 0.8026 0.7803 0.6954 0.7373
79 69 1.0635 0.9628 0.9898 1.0440 1.0686 1.0329 0.9148 0.9666
79 70 1.1074 1.0025 1.0306 1.0870 1.1126 1.0749 0.9514 1.0050
79 71 0.9508 0.8598 0.8845 0.9351 0.9587 0.9310 0.8292 0.8784
79 72 1.2222 1.1065 1.1375 1.1998 1.2280 1.1824 1.0416 1.0985
79 73 1.1341 1.0267 1.0554 1.1132 1.1394 1.0993 0.9711 1.0251
79 74 1.0333 0.9354 0.9617 1.0146 1.0387 1.0078 0.8970 0.9495
79 75 1.0226 0.9258 0.9517 1.0039 1.0277 0.9969 0.8872 0.9391
79 76 1.2447 1.1257 1.1580 1.2243 1.2552 1.2189 1.0856 1.1501
79 77 1.0413 0.9427 0.9691 1.0222 1.0464 1.0152 0.9036 0.9564
79 78 0.8076 0.7311 0.7516 0.7929 0.8116 0.7873 0.7006 0.7415
79 80 1.0207 0.9234 0.9497 1.0035 1.0284 0.9984 0.8890 0.9416
79 81 0.9527 0.8620 0.8865 0.9364 0.9594 0.9313 0.8292 0.8782
79 82 1.0954 0.9907 1.0191 1.0773 1.1044 1.0724 0.9550 1.0117
79 83 1.1666 1.0561 1.0857 1.1452 1.1722 1.1348 1.0073 1.0652
79 84 1.0643 0.9635 0.9905 1.0448 1.0694 1.0360 0.9203 0.9734
79 85 1.1976 1.0842 1.1145 1.1756 1.2033 1.1610 1.0258 1.0830
79 86 0.9659 0.8737 0.8986 0.9497 0.9733 0.9450 0.8415 0.8913
79 87 1.1092 1.0033 1.0320 1.0906 1.1177 1.0852 0.9664 1.0236
79 88 1.1138 1.0084 1.0366 1.0934 1.1191 1.0694 0.9320 0.9793
79 89 0.9036 0.8176 0.8408 0.8881 0.9099 0.8832 0.7863 0.8327
79 90 0.8192 0.7417 0.7625 0.8042 0.8232 0.7976 0.7087 0.7496
79 91 0.9630 0.8707 0.8958 0.9473 0.9714 0.9434 0.8402 0.8901
79 92 1.0116 0.9158 0.9415 0.9933 1.0169 0.9866 0.8782 0.9296
79 93 0.8835 0.7992 0.8220 0.8687 0.8903 0.8644 0.7698 0.8153
79 94 1.0774 0.9754 1.0027 1.0577 1.0827 1.0500 0.9342 0.9886
79 95 0.7868 0.7107 0.7317 0.7755 0.7964 0.7742 0.6899 0.7315
79 96 0.6735 0.6087 0.6264 0.6632 0.6805 0.6612 0.5891 0.6244
79 97 0.9940 0.8998 0.9250 0.9760 0.9993 0.9695 0.8630 0.9136
79 98 1.1522 1.0432 1.0724 1.1311 1.1577 1.1124 0.9770 1.0295
79 99 0.9593 0.8674 0.8924 0.9438 0.9677 0.9399 0.8371 0.8868
79 100 0.8189 0.7408 0.7619 0.8049 0.8248 0.8006 0.7129 0.7550
79 101 1.2208 1.1052 1.1362 1.1984 1.2266 1.1235 0.9274 0.9513
79 102 0.6547 0.5918 0.6090 0.6444 0.6609 0.6420 0.5719 0.6059
79 103 0.7999 0.7232 0.7441 0.7873 0.8076 0.7844 0.6987 0.7403
79 104 0.9263 0.8376 0.8617 0.9112 0.9342 0.9072 0.8079 0.8558
79 105 0.8393 0.7588 0.7807 0.8259 0.8471 0.8228 0.7328 0.7764
79 106 0.8502 0.7689 0.7909 0.8362 0.8573 0.8325 0.7414 0.7853
79 107 1.0125 0.9154 0.9418 0.9964 1.0219 0.9926 0.8840 0.9366
79 108 1.0416 0.9429 0.9694 1.0225 1.0466 1.0132 0.8992 0.9508
79 109 0.6886 0.6230 0.6407 0.6768 0.6935 0.6732 0.5994 0.6347
79 110 0.9757 0.8822 0.9076 0.9599 0.9843 0.9559 0.8513 0.9019
79 111 0.8535 0.7716 0.7939 0.8401 0.8617 0.8371 0.7456 0.7900
79 112 0.8011 0.7240 0.7451 0.7887 0.8093 0.7863 0.7004 0.7422
79 113 0.8874 0.8025 0.8256 0.8729 0.8949 0.8690 0.7739 0.8198
79 114 1.0468 0.9464 0.9738 1.0303 1.0569 1.0266 0.9144 0.9688
79 115 0.7418 0.6704 0.6899 0.7304 0.7494 0.7281 0.6486 0.6873
79 116 0.9819 0.8874 0.9133 0.9669 0.9921 0.9640 0.8588 0.9101
79 117 0.8648 0.7819 0.8045 0.8509 0.8725 0.8474 0.7547 0.7996
79 118 0.7823 0.7082 0.7281 0.7680 0.7862 0.7627 0.6789 0.7185
79 119 0.9156 0.8282 0.8519 0.9002 0.9226 0.8957 0.7976 0.8447
79 120 1.1653 1.0549 1.0845 1.1439 1.1709 1.1324 1.0036 1.0607
79 121 0.9128 0.8256 0.8492 0.8976 0.9201 0.8934 0.7956 0.8426
79 122 1.0994 0.9953 1.0232 1.0793 1.1047 1.0659 0.9416 0.9942
79 123 0.8960 0.8108 0.8337 0.8803 0.9017 0.8751 0.7791 0.8248
79 124 1.1130 1.0076 1.0359 1.0926 1.1184 1.0805 0.9563 1.0103
79 125 0.9125 0.8250 0.8489 0.8979 0.9209 0.8944 0.7966 0.8440
80 0 1.2247 1.1085 1.1394 1.2021 1.2309 1.1934 1.0611 1.1231
80 1 1.2908 1.1676 1.2006 1.2685 1.3003 1.2628 1.1247 1.1919
80 2 1.1671 1.0564 1.0859 1.1455 1.1726 1.1357 1.0084 1.0666
80 3 1.2149 1.0997 1.1304 1.1924 1.2207 1.1827 1.0506 1.1115
80 4 1.2647 1.1442 1.1766 1.2430 1.2740 1.2372 1.1019 1.1677
80 5 1.0811 0.9786 1.0060 1.0614 1.0868 1.0545 0.9387 0.9940
80 6 1.1795 1.0678 1.0976 1.1577 1.1849 1.1449 1.0134 1.0704
80 7 1.3167 1.1910 1.2249 1.2945 1.3271 1.2889 1.1481 1.2168
80 8 1.1531 1.0439 1.0730 1.1320 1.1591 1.1243 1.0003 1.0590
80 9 1.1419 1.0334 1.0625 1.1218 1.1492 1.1156 0.9934 1.0524
80 10 1.0926 0.9891 1.0167 1.0726 1.0982 1.0651 0.9476 1.0032
80 11 1.3031 1.1797 1.2127 1.2791 1.3093 1.2666 1.1230 1.1871
80 12 1.0916 0.9881 1.0158 1.0717 1.0973 1.0648 0.9479 1.0038
80 13 1.1474 1.0387 1.0678 1.1262 1.1527 1.1140 0.9864 1.0421
80 14 1.1823 1.0701 1.1001 1.1611 1.1892 1.1542 1.0277 1.0885
80 15 1.0938 0.9902 1.0179 1.0739 1.0995 1.0667 0.9494 1.0053
80 16 1.3007 1.1775 1.2104 1.2770 1.3073 1.2676 1.1274 1.1934
80 17 1.0514 0.9518 0.9784 1.0322 1.0568 1.0250 0.9120 0.9656
80 18 0.8827 0.7991 0.8215 0.8665 0.8869 0.8574 0.7595 0.8026
80 19 1.2867 1.1649 1.1975 1.2631 1.2928 1.2504 1.1082 1.1714
80 20 1.1882 1.0756 1.1057 1.1665 1.1941 1.1576 1.0292 1.0892
80 21 1.3485 1.2208 1.2550 1.3237 1.3548 1.3091 1.1588 1.2242
80 22 1.2051 1.0910 1.1215 1.1829 1.2107 1.1694 1.0346 1.0927
80 23 1.2308 1.1142 1.1454 1.2084 1.2372 1.2005 1.0687 1.1316
80 24 1.1535 1.0442 1.0734 1.1325 1.1594 1.1249 1.0012 1.0600
80 25 0.9534 0.8631 0.8873 0.9360 0.9582 0.9287 0.8255 0.8736
80 26 1.1406 1.0311 1.0609 1.1228 1.1520 1.1195 0.9975 1.0576
80 27 1.2192 1.1037 1.1346 1.1967 1.2249 1.1840 1.0487 1.1082
80 28 1.3048 1.1812 1.2143 1.2810 1.3115 1.2719 1.1316 1.1979
80 29 1.1325 1.0252 1.0539 1.1118 1.1382 1.1033 0.9810 1.0381
80 30 1.0991 0.9946 1.0227 1.0798 1.1061 1.0737 0.9560 1.0126
80 31 1.2934 1.1709 1.2037 1.2696 1.2995 1.2560 1.1123 1.1753
80 32 1.2163 1.1011 1.1319 1.1939 1.2220 1.1814 1.0466 1.1061
80 33 0.9250 0.8374 0.8608 0.9081 0.9297 0.9018 0.8026 0.8496
80 34 1.2038 1.0898 1.1203 1.1817 1.2095 1.1695 1.0363 1.0952
80 35 1.0038 0.9088 0.9342 0.9855 1.0089 0.9782 0.8700 0.9208
80 36 1.0976 0.9936 1.0214 1.0775 1.1032 1.0701 0.9522 1.0080
80 37 1.1776 1.0661 1.0959 1.1561 1.1836 1.1478 1.0212 1.0809
80 38 0.9751 0.8827 0.9075 0.9573 0.9800 0.9502 0.8451 0.8944
80 39 1.2372 1.1200 1.1514 1.2144 1.2430 1.2014 1.0640 1.1242
80 40 1.2112 1.0966 1.1272 1.1891 1.2172 1.1792 1.0477 1.1084
80 41 1.3337 1.2074 1.2412 1.3093 1.3402 1.2981 1.1529 1.2195
80 42 1.0977 0.9938 1.0216 1.0777 1.1033 1.0702 0.9524 1.0082
80 43 1.1637 1.0535 1.0830 1.1423 1.1691 1.1295 0.9997 1.0562
80 44 1.2018 1.0880 1.1185 1.1797 1.2074 1.1656 1.0305 1.0882
80 45 0.9793 0.8865 0.9113 0.9613 0.9841 0.9535 0.8474 0.8965
80 46 1.3326 1.2064 1.2401 1.3081 1.3390 1.2968 1.1516 1.2181
80 47 1.2487 1.1305 1.1621 1.2258 1.2547 1.2141 1.0770 1.1387
80 48 0.9007 0.8154 0.8383 0.8842 0.9050 0.8757 0.7766 0.8211
80 49 1.0395 0.9411 0.9674 1.0205 1.0446 1.0121 0.8993 0.9514
80 50 0.9713 0.8793 0.9039 0.9535 0.9762 0.9468 0.8425 0.8918
80 51 0.9352 0.8467 0.8704 0.9181 0.9398 0.9102 0.8085 0.8552
80 52 1.1679 1.0574 1.0869 1.1464 1.1733 1.1312 0.9983 1.0535
80 53 1.1357 1.0282 1.0570 1.1149 1.1412 1.1050 0.9809 1.0374
80 54 1.0942 0.9906 1.0183 1.0741 1.0994 1.0636 0.9431 0.9970
80 55 1.1327 1.0255 1.0542 1.1118 1.1379 1.0892 0.9517 1.0006
80 56 1.1212 1.0150 1.0434 1.1006 1.1266 1.0912 0.9692 1.0251
80 57 1.1586 1.0489 1.0783 1.1372 1.1639 1.1175 0.9806 1.0326
80 58 0.8123 0.7354 0.7560 0.7974 0.8162 0.7904 0.7018 0.7422
80 59 1.2125 1.0977 1.1284 1.1904 1.2188 1.1825 1.0525 1.1142
80 60 1.2830 1.1615 1.1940 1.2594 1.2891 1.2471 1.1058 1.1689
80 61 1.1103 1.0052 1.0333 1.0900 1.1157 1.0810 0.9606 1.0162
80 62 1.1176 1.0115 1.0400 1.0977 1.1241 1.0908 0.9711 1.0281
80 63 1.1878 1.0754 1.1055 1.1661 1.1936 1.1565 1.0276 1.0871
80 64 1.0455 0.9465 0.9730 1.0263 1.0505 1.0167 0.9021 0.9538
80 65 1.1388 1.0305 1.0597 1.1190 1.1463 1.1126 0.9906 1.0490
80 66 0.9830 0.8893 0.9146 0.9661 0.9898 0.9609 0.8556 0.9061
80 67 1.4424 1.3058 1.3424 1.4161 1.4497 1.4064 1.2518 1.3251
80 68 1.0749 0.9718 0.9999 1.0579 1.0851 1.0541 0.9390 0.9951
80 69 1.2316 1.1150 1.1462 1.2089 1.2374 1.1946 1.0563 1.1155
80 70 1.2472 1.1291 1.1607 1.2242 1.2530 1.2091 1.0684 1.1280
80 71 1.1513 1.0420 1.0713 1.1308 1.1580 1.1238 1.0004 1.0592
80 72 1.2256 1.1096 1.1406 1.2030 1.2313 1.1842 1.0415 1.0978
80 73 1.2528 1.1342 1.1660 1.2298 1.2586 1.2129 1.0697 1.1286
80 74 1.0598 0.9594 0.9863 1.0404 1.0650 1.0320 0.9173 0.9704
80 75 0.8166 0.7392 0.7599 0.8016 0.8205 0.7950 0.7064 0.7473
80 76 1.4333 1.2972 1.3338 1.4079 1.4419 1.3992 1.2456 1.3188
80 77 1.3328 1.2066 1.2404 1.3084 1.3393 1.2977 1.1532 1.2199
80 78 1.0849 0.9822 1.0097 1.0650 1.0902 1.0562 0.9384 0.9927
80 79 1.0927 0.9892 1.0169 1.0727 1.0980 1.0640 0.9455 1.0002
80 81 1.2070 1.0927 1.1233 1.1849 1.2130 1.1765 1.0469 1.1079
80 82 1.2060 1.0916 1.1223 1.1845 1.2129 1.1769 1.0477 1.1091
80 83 1.3335 1.2073 1.2411 1.3090 1.3398 1.2956 1.1481 1.2134
80 84 1.1297 1.0227 1.0514 1.1090 1.1351 1.0982 0.9740 1.0296
80 85 1.2844 1.1628 1.1954 1.2608 1.2904 1.2436 1.0970 1.1575
80 86 1.0625 0.9618 0.9888 1.0433 1.0681 1.0363 0.9224 0.9764
80 87 1.1844 1.0722 1.1022 1.1629 1.1906 1.1551 1.0282 1.0883
80 88 1.1749 1.0637 1.0935 1.1533 1.1804 1.1266 0.9804 1.0296
80 89 1.2156 1.1005 1.1313 1.1934 1.2216 1.1848 1.0542 1.1156
80 90 1.0629 0.9623 0.9892 1.0434 1.0680 1.0334 0.9167 0.9692
80 91 1.2271 1.1104 1.1418 1.2055 1.2348 1.1983 1.0668 1.1294
80 92 1.0375 0.9393 0.9656 1.0185 1.0426 1.0103 0.8980 0.9499
80 93 1.1700 1.0591 1.0888 1.1488 1.1762 1.1411 1.0157 1.0751
80 94 1.1449 1.0365 1.0656 1.1239 1.1505 1.1144 0.9898 1.0469
80 95 1.1329 1.0242 1.0538 1.1151 1.1439 1.1112 0.9898 1.0487
80 96 1.1239 1.0166 1.0457 1.1052 1.1329 1.1000 0.9795 1.0375
80 97 1.0122 0.9163 0.9420 0.9936 1.0171 0.9857 0.8761 0.9269
80 98 1.1633 1.0532 1.0827 1.1419 1.1687 1.1216 0.9836 1.0358
80 99 1.0417 0.9426 0.9693 1.0234 1.0483 1.0173 0.9057 0.9589
80 100 1.0926 0.9891 1.0168 1.0726 1.0980 1.0651 0.9478 1.0031
80 101 1.2727 1.1523 1.1845 1.2493 1.2786 1.1711 0.9665 0.9912
80 102 1.1140 1.0079 1.0365 1.0949 1.1219 1.0890 0.9695 1.0266
80 103 1.0886 0.9849 1.0129 1.0699 1.0962 1.0641 0.9473 1.0030
80 104 1.1022 0.9975 1.0257 1.0828 1.1089 1.0761 0.9579 1.0140
80 105 1.1375 1.0292 1.0584 1.1178 1.1452 1.1116 0.9896 1.0477
80 106 1.1489 1.0398 1.0691 1.1284 1.1556 1.1213 0.9981 1.0565
80 107 1.2638 1.1434 1.1759 1.2419 1.2723 1.2349 1.0994 1.1640
80 108 0.9978 0.9033 0.9286 0.9795 1.0025 0.9693 0.8589 0.9076
80 109 1.0285 0.9311 0.9572 1.0097 1.0336 1.0025 0.8920 0.9439
80 110 1.2240 1.1076 1.1390 1.2026 1.2318 1.1954 1.0641 1.1265
80 111 1.2437 1.1252 1.1572 1.2224 1.2526 1.2158 1.0825 1.1462
80 112 1.1914 1.0776 1.1084 1.1714 1.2006 1.1656 1.0379 1.0991
80 113 1.1410 1.0327 1.0618 1.1208 1.1478 1.1138 0.9914 1.0495
80 114 1.2621 1.1418 1.1743 1.2404 1.2710 1.2337 1.0984 1.1630
80 115 1.1230 1.0158 1.0448 1.1042 1.1317 1.0988 0.9784 1.0361
80 116 1.2487 1.1295 1.1618 1.2279 1.2587 1.2220 1.0881 1.1524
80 117 1.0648 0.9635 0.9908 1.0462 1.0717 1.0400 0.9259 0.9802
80 118 1.0731 0.9715 0.9988 1.0535 1.0784 1.0449 0.9285 0.9821
80 119 1.1967 1.0834 1.1137 1.1750 1.2029 1.1669 1.0386 1.0992
80 120 1.1615 1.0516 1.0810 1.1402 1.1670 1.1272 0.9974 1.0535
80 121 1.1877 1.0750 1.1053 1.1663 1.1942 1.1586 1.0313 1.0916
80 122 1.0919 0.9886 1.0163 1.0719 1.0971 1.0572 0.9324 0.9839
80 123 1.1355 1.0280 1.0568 1.1147 1.1411 1.1064 0.9840 1.0411
80 124 1.1062 1.0015 1.0296 1.0859 1.1114 1.0725 0.9477 1.0006
80 125 1.1846 1.0719 1.1023 1.1641 1.1925 1.1574 1.0304 1.0908
81 0 1.2164 1.1009 1.1316 1.1939 1.2224 1.1855 1.0544 1.1160
81 1 1.2725 1.1509 1.1836 1.2509 1.2825 1.2456 1.1095 1.1758
81 2 1.1640 1.0536 1.0830 1.1424 1.1695 1.1329 1.0062 1.0644
81 3 1.2064 1.0921 1.1225 1.1842 1.2123 1.1747 1.0438 1.1044
81 4 1.2458 1.1269 1.1589 1.2247 1.2555 1.2193 1.0861 1.1510
81 5 1.0732 0.9714 0.9986 1.0537 1.0791 1.0472 0.9323 0.9874
81 6 1.1753 1.0639 1.0936 1.1535 1.1807 1.1410 1.0103 1.0672
81 7 1.2934 1.1698 1.2032 1.2719 1.3042 1.2668 1.1285 1.1961
81 8 1.1496 1.0407 1.0698 1.1286 1.1555 1.1211 0.9978 1.0564
81 9 1.1270 1.0198 1.0486 1.1074 1.1347 1.1016 0.9811 1.0394
81 10 1.0963 0.9924 1.0202 1.0763 1.1019 1.0689 0.9512 1.0071
81 11 1.2873 1.1654 1.1979 1.2636 1.2934 1.2515 1.1099 1.1733
81 12 1.0806 0.9781 1.0055 1.0611 1.0867 1.0546 0.9390 0.9944
81 13 1.1453 1.0368 1.0658 1.1242 1.1506 1.1122 0.9851 1.0408
81 14 1.1724 1.0610 1.0909 1.1517 1.1798 1.1452 1.0198 1.0802
81 15 0.9831 0.8900 0.9149 0.9652 0.9882 0.9590 0.8537 0.9040
81 16 1.2838 1.1622 1.1947 1.2603 1.2903 1.2514 1.1133 1.1785
81 17 1.0461 0.9470 0.9735 1.0270 1.0514 1.0201 0.9079 0.9612
81 18 0.8205 0.7428 0.7636 0.8054 0.8244 0.7971 0.7063 0.7465
81 19 1.0117 0.9159 0.9415 0.9931 1.0165 0.9833 0.8718 0.9216
81 20 1.1780 1.0664 1.0962 1.1564 1.1839 1.1479 1.0208 1.0805
81 21 1.3304 1.2044 1.2381 1.3059 1.3366 1.2917 1.1438 1.2084
81 22 1.1990 1.0855 1.1159 1.1770 1.2046 1.1637 1.0299 1.0879
81 23 1.2094 1.0947 1.1255 1.1877 1.2162 1.1803 1.0508 1.1128
81 24 1.0625 0.9618 0.9887 1.0432 1.0681 1.0364 0.9227 0.9770
81 25 0.9603 0.8694 0.8937 0.9428 0.9651 0.9356 0.8319 0.8804
81 26 0.9980 0.9020 0.9282 0.9826 1.0084 0.9801 0.8733 0.9261
81 27 1.2112 1.0965 1.1272 1.1890 1.2169 1.1766 1.0424 1.1016
81 28 1.2861 1.1642 1.1968 1.2626 1.2926 1.2539 1.1159 1.1814
81 29 1.1074 1.0026 1.0306 1.0872 1.1130 1.0791 0.9598 1.0158
81 30 0.9753 0.8824 0.9074 0.9584 0.9819 0.9532 0.8489 0.8992
81 31 1.2803 1.1591 1.1916 1.2568 1.2864 1.2436 1.1017 1.1642
81 32 1.2095 1.0950 1.1256 1.1872 1.2152 1.1751 1.0413 1.1006
81 33 1.0311 0.9335 0.9596 1.0123 1.0364 1.0056 0.8951 0.9477
81 34 1.1980 1.0845 1.1149 1.1760 1.2036 1.1641 1.0318 1.0906
81 35 1.1117 1.0064 1.0346 1.0914 1.1173 1.0835 0.9640 1.0204
81 36 1.0115 0.9157 0.9413 0.9930 1.0166 0.9863 0.8780 0.9295
81 37 0.9818 0.8888 0.9137 0.9639 0.9868 0.9572 0.8518 0.9017
81 38 0.9156 0.8289 0.8521 0.8989 0.9202 0.8924 0.7939 0.8404
81 39 1.2297 1.1133 1.1444 1.2071 1.2355 1.1944 1.0581 1.1181
81 40 1.1985 1.0850 1.1153 1.1765 1.2043 1.1670 1.0372 1.0974
81 41 1.3170 1.1923 1.2257 1.2929 1.3234 1.2821 1.1390 1.2049
81 42 0.9432 0.8538 0.8777 0.9260 0.9480 0.9197 0.8187 0.8667
81 43 1.1604 1.0505 1.0799 1.1390 1.1658 1.1266 0.9974 1.0538
81 44 1.1967 1.0834 1.1137 1.1746 1.2022 1.1609 1.0266 1.0842
81 45 0.9862 0.8928 0.9178 0.9681 0.9910 0.9605 0.8538 0.9034
81 46 1.3168 1.1921 1.2254 1.2926 1.3231 1.2817 1.1386 1.2045
81 47 1.2401 1.1227 1.1541 1.2173 1.2460 1.2060 1.0701 1.1315
81 48 0.9929 0.8989 0.9241 0.9747 0.9977 0.9655 0.8566 0.9057
81 49 0.9626 0.8714 0.8958 0.9450 0.9673 0.9374 0.8332 0.8815
81 50 1.1885 1.0759 1.1060 1.1668 1.1945 1.1588 1.0314 1.0919
81 51 1.0070 0.9116 0.9371 0.9885 1.0119 0.9803 0.8709 0.9214
81 52 1.1651 1.0548 1.0843 1.1436 1.1705 1.1287 0.9964 1.0516
81 53 0.9747 0.8824 0.9071 0.9568 0.9794 0.9485 0.8423 0.8909
81 54 1.1352 1.0277 1.0565 1.1143 1.1406 1.1037 0.9790 1.0350
81 55 1.1322 1.0250 1.0537 1.1113 1.1374 1.0890 0.9518 1.0008
81 56 0.9127 0.8263 0.8494 0.8960 0.9171 0.8885 0.7894 0.8350
81 57 1.1564 1.0470 1.0763 1.1351 1.1618 1.1157 0.9793 1.0314
81 58 0.7752 0.7018 0.7215 0.7610 0.7790 0.7545 0.6701 0.7088
81 59 1.2056 1.0912 1.1219 1.1840 1.2124 1.1764 1.0472 1.1087
81 60 1.2700 1.1497 1.1819 1.2467 1.2760 1.2347 1.0952 1.1578
81 61 0.9857 0.8923 0.9173 0.9676 0.9905 0.9599 0.8532 0.9027
81 62 0.9668 0.8749 0.8997 0.9498 0.9729 0.9442 0.8406 0.8901
81 63 1.0278 0.9305 0.9565 1.0090 1.0328 1.0009 0.8896 0.9412
81 64 1.0635 0.9628 0.9898 1.0440 1.0686 1.0345 0.9181 0.9709
81 65 0.8845 0.8002 0.8229 0.8693 0.8907 0.8646 0.7699 0.8154
81 66 1.0140 0.9173 0.9434 0.9968 1.0216 0.9918 0.8832 0.9355
81 67 1.4174 1.2830 1.3190 1.3919 1.4251 1.3828 1.2309 1.3031
81 68 0.9188 0.8305 0.8546 0.9045 0.9280 0.9016 0.8032 0.8513
81 69 1.2248 1.1089 1.1399 1.2023 1.2306 1.1883 1.0511 1.1101
81 70 1.2404 1.1230 1.1544 1.2176 1.2462 1.2028 1.0631 1.1226
81 71 0.8266 0.7480 0.7692 0.8121 0.8318 0.8073 0.7188 0.7611
81 72 1.2188 1.1034 1.1343 1.1964 1.2245 1.1779 1.0363 1.0924
81 73 1.2433 1.1256 1.1571 1.2204 1.2490 1.2039 1.0621 1.1207
81 74 1.0697 0.9684 0.9955 1.0501 1.0749 1.0419 0.9263 0.9801
81 75 1.0494 0.9501 0.9767 1.0302 1.0545 1.0220 0.9084 0.9610
81 76 1.4101 1.2760 1.3121 1.3854 1.4191 1.3773 1.2262 1.2984
81 77 1.0952 0.9915 1.0193 1.0751 1.1005 1.0666 0.9481 1.0031
81 78 0.8758 0.7929 0.8151 0.8598 0.8801 0.8528 0.7580 0.8019
81 79 0.9498 0.8599 0.8840 0.9324 0.9544 0.9250 0.8223 0.8700
81 80 1.0766 0.9745 1.0019 1.0572 1.0825 1.0504 0.9350 0.9898
81 82 1.1913 1.0781 1.1085 1.1703 1.1986 1.1632 1.0355 1.0964
81 83 1.3202 1.1952 1.2287 1.2960 1.3265 1.2830 1.1373 1.2021
81 84 1.1294 1.0225 1.0511 1.1087 1.1348 1.0982 0.9742 1.0300
81 85 1.2727 1.1522 1.1845 1.2493 1.2787 1.2326 1.0876 1.1477
81 86 0.9158 0.8289 0.8522 0.8994 0.9210 0.8937 0.7955 0.8422
81 87 1.1803 1.0683 1.0983 1.1592 1.1870 1.1518 1.0253 1.0854
81 88 1.2221 1.1064 1.1374 1.1996 1.2278 1.1722 1.0203 1.0716
81 89 0.9421 0.8529 0.8767 0.9249 0.9468 0.9184 0.8174 0.8651
81 90 0.7608 0.6888 0.7081 0.7469 0.7644 0.7399 0.6565 0.6942
81 91 0.9141 0.8271 0.8506 0.8983 0.9203 0.8932 0.7953 0.8421
81 92 1.0273 0.9300 0.9560 1.0084 1.0323 1.0006 0.8896 0.9412
81 93 0.5070 0.4588 0.4718 0.4979 0.5099 0.4947 0.4404 0.4662
81 94 1.1439 1.0356 1.0646 1.1230 1.1495 1.1136 0.9895 1.0466
81 95 1.0038 0.9073 0.9336 0.9882 1.0139 0.9851 0.8775 0.9299
81 96 0.9854 0.8911 0.9167 0.9692 0.9937 0.9649 0.8593 0.9103
81 97 0.9871 0.8936 0.9187 0.9690 0.9919 0.9615 0.8549 0.9045
81 98 1.1609 1.0511 1.0805 1.1396 1.1664 1.1196 0.9821 1.0343
81 99 0.9172 0.8298 0.8534 0.9013 0.9234 0.8963 0.7980 0.8449
81 100 0.8631 0.7814 0.8033 0.8475 0.8676 0.8417 0.7492 0.7930
81 101 1.2627 1.1431 1.1752 1.2394 1.2685 1.1618 0.9589 0.9833
81 102 1.0055 0.9096 0.9355 0.9886 1.0131 0.9835 0.8757 0.9273
81 103 0.9102 0.8233 0.8468 0.8948 0.9170 0.8902 0.7926 0.8393
81 104 0.8591 0.7774 0.7994 0.8441 0.8647 0.8392 0.7471 0.7910
81 105 0.9771 0.8840 0.9091 0.9605 0.9842 0.9554 0.8507 0.9007
81 106 0.8537 0.7725 0.7944 0.8387 0.8591 0.8337 0.7422 0.7857
81 107 0.7401 0.6695 0.6886 0.7275 0.7455 0.7236 0.6443 0.6822
81 108 0.9954 0.9012 0.9264 0.9771 1.0001 0.9672 0.8573 0.9060
81 109 0.9171 0.8303 0.8535 0.9004 0.9218 0.8943 0.7959 0.8424
81 110 0.9846 0.8909 0.9161 0.9676 0.9913 0.9621 0.8566 0.9069
81 111 0.9670 0.8747 0.8997 0.9507 0.9743 0.9459 0.8422 0.8919
81 112 1.0937 0.9892 1.0175 1.0757 1.1027 1.0707 0.9535 1.0098
81 113 1.0147 0.9182 0.9442 0.9970 1.0212 0.9911 0.8823 0.9341
81 114 1.0791 0.9762 1.0040 1.0609 1.0872 1.0555 0.9398 0.9952
81 115 1.0353 0.9363 0.9632 1.0182 1.0438 1.0136 0.9026 0.9560
81 116 0.9043 0.8178 0.8413 0.8895 0.9119 0.8855 0.7886 0.8352
81 117 0.7846 0.7099 0.7301 0.7711 0.7900 0.7668 0.6827 0.7229
81 118 0.9571 0.8665 0.8908 0.9396 0.9618 0.9321 0.8286 0.8765
81 119 0.8569 0.7756 0.7974 0.8415 0.8617 0.8361 0.7442 0.7877
81 120 1.1605 1.0506 1.0800 1.1392 1.1660 1.1265 0.9970 1.0533
81 121 0.9425 0.8530 0.8771 0.9258 0.9482 0.9200 0.8190 0.8670
81 122 1.0925 0.9891 1.0168 1.0725 1.0977 1.0580 0.9334 0.9851
81 123 0.9327 0.8444 0.8681 0.9157 0.9374 0.9090 0.8088 0.8558
81 124 1.1066 1.0018 1.0299 1.0863 1.1118 1.0731 0.9485 1.0016
81 125 1.0170 0.9201 0.9463 0.9996 1.0242 0.9942 0.8852 0.9373
82 0 1.2601 1.1405 1.1722 1.2367 1.2663 1.2275 1.0910 1.1545
82 1 1.3481 1.2198 1.2541 1.3244 1.3572 1.3179 1.1736 1.2436
82 2 1.1896 1.0769 1.1069 1.1676 1.1953 1.1573 1.0272 1.0864
82 3 1.2497 1.1313 1.1629 1.2267 1.2558 1.2163 1.0800 1.1424
82 4 1.3305 1.2039 1.2379 1.3072 1.3394 1.3005 1.1582 1.2272
82 5 1.2009 1.0870 1.1174 1.1789 1.2071 1.1710 1.0419 1.1032
82 6 1.2025 1.0886 1.1190 1.1803 1.2080 1.1669 1.0324 1.0904
82 7 1.3865 1.2544 1.2899 1.3627 1.3966 1.3562 1.2079 1.2800
82 8 1.1835 1.0714 1.1013 1.1619 1.1896 1.1535 1.0259 1.0861
82 9 1.3092 1.1850 1.2182 1.2856 1.3167 1.2779 1.1379 1.2052
82 10 1.0803 0.9780 1.0053 1.0606 1.0859 1.0528 0.9363 0.9911
82 11 1.3510 1.2230 1.2572 1.3261 1.3574 1.3127 1.1634 1.2297
82 12 1.2569 1.1378 1.1696 1.2340 1.2635 1.2257 1.0908 1.1549
82 13 1.1474 1.0387 1.0678 1.1262 1.1527 1.1137 0.9857 1.0413
82 14 1.2353 1.1183 1.1496 1.2129 1.2419 1.2052 1.0729 1.1362
82 15 1.2504 1.1319 1.1636 1.2276 1.2569 1.2190 1.0845 1.1482
82 16 1.3524 1.2243 1.2586 1.3277 1.3593 1.3176 1.1714 1.2398
82 17 1.2642 1.1445 1.1765 1.2412 1.2707 1.2322 1.0959 1.1600
82 18 1.0411 0.9425 0.9688 1.0219 1.0459 1.0109 0.8951 0.9458
82 19 1.3269 1.2013 1.2349 1.3025 1.3332 1.2890 1.1420 1.2069
82 20 1.2031 1.0891 1.1196 1.1810 1.2091 1.1717 1.0413 1.1019
82 21 1.3985 1.2660 1.3015 1.3727 1.4050 1.3571 1.2008 1.2684
82 22 1.2302 1.1137 1.1449 1.2075 1.2359 1.1934 1.0554 1.1145
82 23 1.2700 1.1497 1.1818 1.2468 1.2765 1.2383 1.1019 1.1666
82 24 1.2593 1.1400 1.1719 1.2363 1.2658 1.2277 1.0922 1.1563
82 25 1.2150 1.0999 1.1307 1.1928 1.2210 1.1831 1.0512 1.1123
82 26 1.2775 1.1551 1.1883 1.2570 1.2895 1.2529 1.1162 1.1833
82 27 1.3087 1.1848 1.2180 1.2847 1.3149 1.2706 1.1250 1.1886
82 28 1.3343 1.2079 1.2417 1.3099 1.3411 1.3003 1.1563 1.2239
82 29 1.1156 1.0100 1.0382 1.0952 1.1212 1.0865 0.9657 1.0218
82 30 1.2104 1.0956 1.1264 1.1887 1.2174 1.1815 1.0519 1.1140
82 31 1.3319 1.2058 1.2396 1.3074 1.3382 1.2930 1.1446 1.2093
82 32 1.2246 1.1087 1.1397 1.2021 1.2304 1.1892 1.0531 1.1127
82 33 1.1383 1.0305 1.0594 1.1176 1.1442 1.1095 0.9870 1.0447
82 34 1.2108 1.0962 1.1269 1.1886 1.2165 1.1759 1.0415 1.1006
82 35 1.2789 1.1578 1.1902 1.2555 1.2853 1.2459 1.1076 1.1721
82 36 1.2087 1.0942 1.1248 1.1866 1.2148 1.1780 1.0479 1.1091
82 37 1.1969 1.0835 1.1139 1.1750 1.2029 1.1663 1.0371 1.0976
82 38 1.2321 1.1154 1.1466 1.2096 1.2382 1.2002 1.0670 1.1292
82 39 1.2620 1.1425 1.1745 1.2388 1.2679 1.2251 1.0845 1.1458
82 40 1.0527 0.9530 0.9796 1.0334 1.0578 1.0245 0.9098 0.9624
82 41 1.3794 1.2488 1.2838 1.3541 1.3861 1.3421 1.1915 1.2602
82 42 1.2072 1.0929 1.1235 1.1852 1.2133 1.1766 1.0466 1.1078
82 43 1.2924 1.1700 1.2028 1.2686 1.2984 1.2541 1.1095 1.1720
82 44 1.2220 1.1063 1.1373 1.1995 1.2277 1.1848 1.0471 1.1056
82 45 1.0224 0.9256 0.9515 1.0037 1.0274 0.9952 0.8840 0.9352
82 46 1.3752 1.2450 1.2799 1.3500 1.3819 1.3379 1.1877 1.2561
82 47 1.2604 1.1410 1.1730 1.2372 1.2664 1.2251 1.0862 1.1483
82 48 1.1160 1.0104 1.0387 1.0955 1.1213 1.0847 0.9616 1.0165
82 49 1.1301 1.0231 1.0517 1.1094 1.1356 1.0999 0.9769 1.0334
82 50 1.1916 1.0787 1.1089 1.1698 1.1976 1.1612 1.0328 1.0931
82 51 1.0186 0.9222 0.9480 1.0000 1.0236 0.9911 0.8799 0.9306
82 52 1.1835 1.0715 1.1014 1.1617 1.1890 1.1459 1.0108 1.0666
82 53 1.2194 1.1040 1.1349 1.1970 1.2253 1.1860 1.0524 1.1129
82 54 1.0815 0.9791 1.0065 1.0616 1.0866 1.0509 0.9315 0.9846
82 55 1.1313 1.0242 1.0529 1.1105 1.1365 1.0876 0.9499 0.9985
82 56 1.2148 1.0998 1.1306 1.1925 1.2207 1.1820 1.0493 1.1097
82 57 1.1600 1.0502 1.0796 1.1386 1.1653 1.1186 0.9811 1.0330
82 58 0.8906 0.8063 0.8289 0.8743 0.8949 0.8663 0.7689 0.8131
82 59 1.2338 1.1170 1.1482 1.2113 1.2400 1.2028 1.0702 1.1327
82 60 1.3023 1.1790 1.2120 1.2784 1.3085 1.2654 1.1216 1.1855
82 61 1.1837 1.0717 1.1017 1.1621 1.1895 1.1522 1.0234 1.0825
82 62 1.3130 1.1886 1.2219 1.2891 1.3198 1.2805 1.1398 1.2066
82 63 1.2713 1.1509 1.1831 1.2480 1.2774 1.2373 1.0990 1.1624
82 64 0.9751 0.8828 0.9075 0.9572 0.9798 0.9480 0.8408 0.8888
82 65 1.2395 1.1218 1.1534 1.2175 1.2469 1.2100 1.0772 1.1405
82 66 0.8883 0.8039 0.8266 0.8727 0.8940 0.8677 0.7725 0.8180
82 67 1.5006 1.3585 1.3965 1.4732 1.5081 1.4627 1.3014 1.3773
82 68 1.1580 1.0472 1.0773 1.1393 1.1684 1.1348 1.0108 1.0709
82 69 1.2539 1.1352 1.1670 1.2308 1.2598 1.2159 1.0747 1.1347
82 70 1.2563 1.1374 1.1692 1.2332 1.2621 1.2175 1.0754 1.1352
82 71 1.2588 1.1396 1.1715 1.2360 1.2655 1.2278 1.0929 1.1569
82 72 1.2342 1.1174 1.1487 1.2115 1.2399 1.1921 1.0481 1.1045
82 73 1.2661 1.1463 1.1783 1.2428 1.2720 1.2253 1.0802 1.1395
82 74 0.7799 0.7061 0.7259 0.7657 0.7837 0.7593 0.6746 0.7135
82 75 0.9942 0.9001 0.9253 0.9760 0.9990 0.9677 0.8595 0.9091
82 76 1.4879 1.3469 1.3847 1.4610 1.4958 1.4513 1.2918 1.3675
82 77 1.3630 1.2339 1.2685 1.3380 1.3696 1.3267 1.1784 1.2464
82 78 1.1797 1.0680 1.0979 1.1581 1.1854 1.1481 1.0196 1.0784
82 79 1.1717 1.0608 1.0905 1.1503 1.1774 1.1405 1.0131 1.0716
82 80 1.1240 1.0176 1.0460 1.1035 1.1296 1.0956 0.9747 1.0316
82 81 1.3199 1.1950 1.2284 1.2958 1.3265 1.2862 1.1440 1.2106
82 83 1.3681 1.2386 1.2733 1.3430 1.3746 1.3288 1.1770 1.2438
82 84 1.1288 1.0220 1.0506 1.1081 1.1342 1.0970 0.9725 1.0279
82 85 1.3007 1.1776 1.2105 1.2768 1.3067 1.2590 1.1100 1.1711
82 86 1.1116 1.0064 1.0346 1.0914 1.1172 1.0837 0.9643 1.0205
82 87 1.1880 1.0755 1.1056 1.1663 1.1939 1.1581 1.0305 1.0906
82 88 1.1780 1.0665 1.0964 1.1563 1.1834 1.1292 0.9822 1.0313
82 89 1.3122 1.1879 1.2212 1.2882 1.3187 1.2785 1.1371 1.2031
82 90 1.1739 1.0628 1.0925 1.1524 1.1795 1.1410 1.0117 1.0694
82 91 1.3324 1.2060 1.2399 1.3085 1.3399 1.3001 1.1573 1.2250
82 92 1.0512 0.9517 0.9784 1.0320 1.0563 1.0234 0.9092 0.9617
82 93 1.2683 1.1482 1.1803 1.2451 1.2746 1.2363 1.1001 1.1642
82 94 1.1450 1.0366 1.0656 1.1240 1.1505 1.1141 0.9891 1.0460
82 95 1.2095 1.0936 1.1252 1.1901 1.2205 1.1854 1.0557 1.1184
82 96 1.2029 1.0882 1.1192 1.1825 1.2118 1.1763 1.0474 1.1092
82 97 1.0771 0.9751 1.0024 1.0573 1.0823 1.0486 0.9316 0.9854
82 98 1.1653 1.0550 1.0845 1.1438 1.1707 1.1231 0.9845 1.0365
82 99 1.0915 0.9880 1.0158 1.0720 1.0977 1.0651 0.9481 1.0036
82 100 1.1908 1.0780 1.1082 1.1690 1.1967 1.1604 1.0322 1.0922
82 101 1.2865 1.1647 1.1973 1.2628 1.2924 1.1837 0.9768 1.0016
82 102 1.1832 1.0707 1.1010 1.1626 1.1909 1.1557 1.0288 1.0892
82 103 1.1776 1.0656 1.0958 1.1570 1.1852 1.1502 1.0239 1.0839
82 104 1.2056 1.0913 1.1219 1.1838 1.2121 1.1760 1.0467 1.1078
82 105 1.2223 1.1061 1.1374 1.2007 1.2298 1.1934 1.0623 1.1246
82 106 1.2317 1.1150 1.1463 1.2094 1.2382 1.2012 1.0692 1.1315
82 107 1.3475 1.2195 1.2539 1.3238 1.3558 1.3157 1.1712 1.2398
82 108 0.9066 0.8208 0.8438 0.8900 0.9109 0.8805 0.7798 0.8239
82 109 1.0957 0.9919 1.0197 1.0756 1.1011 1.0676 0.9496 1.0047
82 110 1.3055 1.1816 1.2149 1.2822 1.3130 1.2739 1.1339 1.2002
82 111 1.3044 1.1803 1.2137 1.2816 1.3128 1.2741 1.1342 1.2007
82 112 1.2606 1.1405 1.1729 1.2390 1.2696 1.2323 1.0972 1.1617
82 113 1.2172 1.1018 1.1328 1.1952 1.2237 1.1872 1.0566 1.1183
82 114 1.3620 1.2325 1.2673 1.3381 1.3707 1.3302 1.1842 1.2536
82 115 1.1848 1.0719 1.1024 1.1645 1.1933 1.1583 1.0312 1.0919
82 116 1.3477 1.2192 1.2540 1.3248 1.3576 1.3178 1.1733 1.2424
82 117 1.1479 1.0390 1.0683 1.1275 1.1546 1.1203 0.9972 1.0556
82 118 1.1429 1.0347 1.0637 1.1220 1.1485 1.1125 0.9881 1.0451
82 119 1.3163 1.1917 1.2250 1.2923 1.3229 1.2830 1.1415 1.2079
82 120 1.1728 1.0618 1.0915 1.1512 1.1783 1.1377 1.0063 1.0627
82 121 1.2919 1.1695 1.2023 1.2683 1.2983 1.2594 1.1208 1.1860
82 122 1.0981 0.9941 1.0220 1.0779 1.1032 1.0628 0.9370 0.9885
82 123 1.2437 1.1260 1.1575 1.2210 1.2498 1.2114 1.0770 1.1393
82 124 1.1131 1.0077 1.0359 1.0926 1.1183 1.0788 0.9528 1.0058
82 125 1.2730 1.1521 1.1846 1.2504 1.2806 1.2427 1.1062 1.1709
83 0 1.2643 1.1425 1.1755 1.2443 1.2767 1.2404 1.1047 1.1706
83 1 1.3349 1.2049 1.2408 1.3167 1.3535 1.3166 1.1737 1.2454
83 2 1.2079 1.0924 1.1235 1.1875 1.2172 1.1817 1.0521 1.1141
83 3 1.2425 1.1234 1.1557 1.2219 1.2528 1.2165 1.0833 1.1474
83 4 1.2905 1.1649 1.1996 1.2730 1.3084 1.2727 1.1347 1.2039
83 5 1.1835 1.0691 1.1005 1.1660 1.1972 1.1637 1.0370 1.0995
83 6 1.3275 1.2018 1.2353 1.3030 1.3337 1.2925 1.1489 1.2148
83 7 1.3196 1.1911 1.2267 1.3022 1.3387 1.3025 1.1613 1.2324
83 8 1.2115 1.0947 1.1266 1.1931 1.2246 1.1901 1.0604 1.1241
83 9 1.2089 1.0917 1.1241 1.1920 1.2246 1.1908 1.0615 1.1260
83 10 1.2401 1.1206 1.1533 1.2213 1.2534 1.2180 1.0852 1.1503
83 11 1.2419 1.1240 1.1556 1.2195 1.2487 1.2115 1.0783 1.1412
83 12 1.2036 1.0873 1.1193 1.1860 1.2178 1.1838 1.0550 1.1187
83 13 1.2265 1.1103 1.1414 1.2039 1.2323 1.1946 1.0622 1.1235
83 14 1.2440 1.1235 1.1567 1.2263 1.2595 1.2246 1.0915 1.1577
83 15 1.1675 1.0547 1.0857 1.1502 1.1807 1.1477 1.0227 1.0843
83 16 1.3082 1.1823 1.2167 1.2880 1.3216 1.2842 1.1441 1.2126
83 17 1.2330 1.1141 1.1467 1.2144 1.2465 1.2114 1.0794 1.1443
83 18 1.0798 0.9775 1.0049 1.0600 1.0850 1.0522 0.9360 0.9903
83 19 1.2294 1.1129 1.1441 1.2070 1.2357 1.1988 1.0669 1.1290
83 20 1.3286 1.2010 1.2358 1.3078 1.3416 1.3033 1.1610 1.2304
83 21 1.2005 1.0868 1.1172 1.1785 1.2063 1.1692 1.0394 1.0993
83 22 1.1335 1.0262 1.0549 1.1127 1.1390 1.1035 0.9805 1.0368
83 23 1.2576 1.1360 1.1695 1.2393 1.2724 1.2369 1.1023 1.1689
83 24 1.1340 1.0245 1.0546 1.1173 1.1470 1.1149 0.9935 1.0534
83 25 1.2081 1.0921 1.1237 1.1890 1.2195 1.1847 1.0553 1.1183
83 26 1.1925 1.0756 1.1083 1.1782 1.2125 1.1804 1.0529 1.1180
83 27 1.2925 1.1701 1.2028 1.2688 1.2988 1.2594 1.1202 1.1852
83 28 1.3142 1.1875 1.2223 1.2944 1.3285 1.2910 1.1503 1.2194
83 29 1.2207 1.1034 1.1354 1.2016 1.2327 1.1976 1.0669 1.1307
83 30 1.0534 0.9512 0.9795 1.0388 1.0672 1.0378 0.9251 0.9813
83 31 0.9930 0.8990 0.9241 0.9748 0.9979 0.9676 0.8605 0.9104
83 32 1.1208 1.0146 1.0430 1.1003 1.1263 1.0923 0.9718 1.0283
83 33 1.1818 1.0677 1.0990 1.1642 1.1951 1.1615 1.0350 1.0974
83 34 1.1410 1.0329 1.0618 1.1201 1.1466 1.1122 0.9897 1.0474
83 35 1.2834 1.1599 1.1937 1.2637 1.2968 1.2600 1.1226 1.1899
83 36 1.2083 1.0917 1.1237 1.1903 1.2218 1.1875 1.0582 1.1219
83 37 1.0964 0.9908 1.0197 1.0799 1.1083 1.0770 0.9597 1.0173
83 38 1.1412 1.0314 1.0614 1.1237 1.1530 1.1204 0.9982 1.0581
83 39 1.1984 1.0849 1.1153 1.1765 1.2044 1.1678 1.0386 1.0989
83 40 1.3304 1.2030 1.2376 1.3088 1.3421 1.3034 1.1609 1.2300
83 41 1.0805 0.9771 1.0052 1.0626 1.0893 1.0578 0.9420 0.9979
83 42 1.1403 1.0302 1.0605 1.1234 1.1532 1.1208 0.9988 1.0589
83 43 1.2803 1.1590 1.1915 1.2569 1.2866 1.2470 1.1085 1.1726
83 44 0.8419 0.7622 0.7835 0.8265 0.8460 0.8193 0.7275 0.7693
83 45 1.1780 1.0650 1.0958 1.1591 1.1887 1.1546 1.0285 1.0898
83 46 1.1011 0.9958 1.0243 1.0828 1.1100 1.0778 0.9598 1.0168
83 47 1.1660 1.0551 1.0849 1.1456 1.1734 1.1388 1.0139 1.0735
83 48 1.1926 1.0792 1.1097 1.1716 1.2000 1.1645 1.0367 1.0976
83 49 0.9898 0.8949 0.9207 0.9738 0.9986 0.9699 0.8639 0.9153
83 50 1.3179 1.1907 1.2256 1.2982 1.3326 1.2952 1.1541 1.2236
83 51 1.2656 1.1445 1.1774 1.2447 1.2761 1.2392 1.1037 1.1692
83 52 0.7482 0.6774 0.6963 0.7345 0.7519 0.7272 0.6446 0.6811
83 53 1.1704 1.0587 1.0889 1.1507 1.1793 1.1449 1.0196 1.0799
83 54 1.2890 1.1666 1.1995 1.2661 1.2966 1.2582 1.1200 1.1857
83 55 1.2138 1.0989 1.1296 1.1916 1.2197 1.1712 1.0277 1.0820
83 56 1.1187 1.0117 1.0408 1.1003 1.1280 1.0954 0.9756 1.0334
83 57 1.0692 0.9680 0.9951 1.0496 1.0745 1.0349 0.9120 0.9618
83 58 1.2418 1.1232 1.1553 1.2211 1.2516 1.2153 1.0822 1.1463
83 59 1.0870 0.9819 1.0108 1.0712 1.0999 1.0692 0.9529 1.0103
83 60 1.3606 1.2314 1.2661 1.3364 1.3687 1.3281 1.1823 1.2516
83 61 1.1651 1.0534 1.0838 1.1465 1.1757 1.1420 1.0172 1.0777
83 62 1.3198 1.1920 1.2273 1.3012 1.3365 1.2994 1.1581 1.2282
83 63 1.1917 1.0775 1.1086 1.1726 1.2026 1.1680 1.0404 1.1023
83 64 1.2637 1.1434 1.1759 1.2420 1.2724 1.2351 1.0997 1.1644
83 65 1.1515 1.0397 1.0707 1.1357 1.1669 1.1349 1.0116 1.0730
83 66 1.2209 1.1022 1.1351 1.2044 1.2378 1.2039 1.0732 1.1385
83 67 0.9558 0.8634 0.8888 0.9419 0.9671 0.9400 0.8377 0.8882
83 68 1.2074 1.0891 1.1222 1.1928 1.2272 1.1945 1.0654 1.1309
83 69 0.5911 0.5351 0.5501 0.5803 0.5940 0.5754 0.5110 0.5404
83 70 1.0418 0.9431 0.9695 1.0227 1.0470 1.0136 0.8995 0.9511
83 71 1.2858 1.1612 1.1956 1.2677 1.3022 1.2661 1.1285 1.1968
83 72 1.2932 1.1707 1.2035 1.2695 1.2996 1.2539 1.1077 1.1693
83 73 1.3247 1.1993 1.2329 1.3006 1.3314 1.2871 1.1401 1.2047
83 74 1.2926 1.1685 1.2024 1.2722 1.3050 1.2677 1.1292 1.1966
83 75 1.2460 1.1265 1.1591 1.2261 1.2574 1.2214 1.0879 1.1527
83 76 0.7568 0.6834 0.7037 0.7462 0.7665 0.7453 0.6643 0.7045
83 77 0.9919 0.8968 0.9227 0.9761 1.0011 0.9724 0.8662 0.9178
83 78 1.0631 0.9612 0.9889 1.0460 1.0727 1.0419 0.9280 0.9832
83 79 1.1275 1.0193 1.0488 1.1095 1.1380 1.1054 0.9846 1.0433
83 80 1.3499 1.2194 1.2554 1.3303 1.3659 1.3278 1.1833 1.2546
83 81 1.3222 1.1946 1.2296 1.3026 1.3372 1.2997 1.1581 1.2278
83 82 1.3610 1.2292 1.2655 1.3417 1.3781 1.3398 1.1941 1.2664
83 84 0.7251 0.6562 0.6747 0.7123 0.7296 0.7081 0.6304 0.6675
83 85 1.3486 1.2209 1.2551 1.3240 1.3554 1.3105 1.1611 1.2270
83 86 1.3033 1.1772 1.2120 1.2846 1.3191 1.2824 1.1428 1.2118
83 87 0.6283 0.5675 0.5843 0.6193 0.6359 0.6182 0.5509 0.5842
83 88 1.2157 1.1006 1.1314 1.1935 1.2218 1.1698 1.0223 1.0752
83 89 1.3171 1.1900 1.2250 1.2976 1.3320 1.2946 1.1535 1.2229
83 90 1.2504 1.1314 1.1635 1.2286 1.2586 1.2216 1.0876 1.1517
83 91 1.3236 1.1952 1.2307 1.3053 1.3410 1.3040 1.1623 1.2328
83 92 1.3074 1.1819 1.2162 1.2868 1.3200 1.2823 1.1423 1.2104
83 93 1.2906 1.1658 1.2002 1.2721 1.3063 1.2699 1.1317 1.2000
83 94 0.7230 0.6538 0.6726 0.7112 0.7292 0.7082 0.6308 0.6682
83 95 1.2151 1.0960 1.1294 1.2006 1.2353 1.2025 1.0724 1.1383
83 96 1.0426 0.9409 0.9693 1.0292 1.0582 1.0295 0.9179 0.9740
83 97 1.2923 1.1682 1.2020 1.2720 1.3048 1.2676 1.1292 1.1967
83 98 1.0714 0.9700 0.9971 1.0519 1.0768 1.0368 0.9131 0.9631
83 99 1.3288 1.1999 1.2356 1.3105 1.3464 1.3093 1.1671 1.2378
83 100 1.1246 1.0160 1.0459 1.1081 1.1377 1.1058 0.9854 1.0448
83 101 1.1349 1.0275 1.0562 1.1143 1.1407 1.0450 0.8626 0.8849
83 102 1.1235 1.0143 1.0446 1.1086 1.1393 1.1081 0.9878 1.0478
83 103 1.1171 1.0084 1.0386 1.1021 1.1327 1.1017 0.9821 1.0417
83 104 1.2519 1.1305 1.1641 1.2345 1.2682 1.2332 1.0991 1.1655
83 105 1.1350 1.0247 1.0553 1.1197 1.1507 1.1191 0.9975 1.0580
83 106 1.1444 1.0335 1.0642 1.1284 1.1591 1.1270 1.0045 1.0651
83 107 1.3291 1.2000 1.2358 1.3112 1.3475 1.3105 1.1681 1.2390
83 108 1.1914 1.0786 1.1088 1.1698 1.1976 1.1618 1.0340 1.0944
83 109 1.1000 0.9938 1.0230 1.0838 1.1127 1.0815 0.9637 1.0216
83 110 1.3069 1.1800 1.2152 1.2889 1.3243 1.2878 1.1478 1.2173
83 111 1.1225 1.0133 1.0437 1.1076 1.1384 1.1072 0.9870 1.0470
83 112 1.2012 1.0841 1.1167 1.1856 1.2189 1.1858 1.0572 1.1216
83 113 1.1366 1.0264 1.0568 1.1207 1.1513 1.1194 0.9977 1.0580
83 114 1.3358 1.2059 1.2420 1.3180 1.3546 1.3176 1.1745 1.2459
83 115 1.2381 1.1174 1.1510 1.2221 1.2564 1.2223 1.0898 1.1562
83 116 1.3267 1.1974 1.2334 1.3097 1.3466 1.3101 1.1681 1.2393
83 117 1.1061 0.9987 1.0284 1.0909 1.1210 1.0901 0.9717 1.0306
83 118 1.1367 1.0277 1.0574 1.1187 1.1475 1.1147 0.9929 1.0521
83 119 1.3139 1.1869 1.2219 1.2950 1.3299 1.2928 1.1521 1.2215
83 120 1.1059 1.0011 1.0292 1.0858 1.1116 1.0774 0.9575 1.0130
83 121 1.2969 1.1714 1.2060 1.2785 1.3131 1.2767 1.1378 1.2065
83 122 1.0466 0.9475 0.9741 1.0276 1.0521 1.0172 0.9012 0.9524
83 123 1.2716 1.1491 1.1827 1.2524 1.2854 1.2492 1.1130 1.1797
83 124 1.0606 0.9602 0.9871 1.0414 1.0662 1.0323 0.9162 0.9689
83 125 1.1257 1.0163 1.0467 1.1104 1.1411 1.1098 0.9892 1.0492
84 0 1.2476 1.1278 1.1602 1.2271 1.2584 1.2223 1.0884 1.1531
84 1 1.2742 1.1506 1.1846 1.2561 1.2905 1.2550 1.1186 1.1866
84 2 1.1308 1.0230 1.0519 1.1109 1.1381 1.1046 0.9833 1.0410
84 3 1.0792 0.9762 1.0040 1.0607 1.0870 1.0552 0.9395 0.9948
84 4 1.2525 1.1311 1.1645 1.2347 1.2685 1.2335 1.0995 1.1664
84 5 1.1911 1.0764 1.1077 1.1727 1.2034 1.1694 1.0419 1.1045
84 6 1.2470 1.1289 1.1604 1.2240 1.2528 1.2135 1.0778 1.1395
84 7 1.0839 0.9787 1.0078 1.0689 1.0983 1.0683 0.9523 1.0104
84 8 1.2090 1.0929 1.1245 1.1900 1.2207 1.1860 1.0565 1.1197
84 9 1.2036 1.0873 1.1192 1.1859 1.2177 1.1838 1.0550 1.1188
84 10 1.2268 1.1090 1.1411 1.2073 1.2384 1.2031 1.0717 1.1358
84 11 1.2556 1.1366 1.1684 1.2325 1.2616 1.2235 1.0885 1.1517
84 12 1.2024 1.0866 1.1182 1.1840 1.2151 1.1808 1.0521 1.1154
84 13 1.0372 0.9389 0.9652 1.0181 1.0421 1.0096 0.8971 0.9486
84 14 1.2276 1.1091 1.1416 1.2093 1.2414 1.2067 1.0753 1.1402
84 15 1.2250 1.1072 1.1394 1.2061 1.2375 1.2025 1.0713 1.1356
84 16 1.0803 0.9767 1.0049 1.0629 1.0901 1.0589 0.9432 0.9995
84 17 1.2230 1.1055 1.1375 1.2037 1.2349 1.1997 1.0688 1.1328
84 18 1.1192 1.0132 1.0415 1.0986 1.1246 1.0900 0.9689 1.0249
84 19 1.2455 1.1275 1.1591 1.2226 1.2516 1.2135 1.0793 1.1419
84 20 1.2822 1.1595 1.1928 1.2613 1.2932 1.2559 1.1186 1.1851
84 21 1.2116 1.0969 1.1276 1.1894 1.2175 1.1793 1.0476 1.1078
84 22 1.1736 1.0625 1.0922 1.1521 1.1793 1.1419 1.0138 1.0718
84 23 1.2390 1.1196 1.1523 1.2201 1.2521 1.2168 1.0841 1.1493
84 24 1.1711 1.0584 1.0892 1.1531 1.1832 1.1497 1.0243 1.0858
84 25 1.2076 1.0921 1.1235 1.1877 1.2177 1.1825 1.0531 1.1157
84 26 1.2178 1.0989 1.1320 1.2024 1.2368 1.2037 1.0735 1.1395
84 27 1.0723 0.9708 0.9980 1.0527 1.0776 1.0443 0.9282 0.9818
84 28 1.1039 0.9979 1.0268 1.0865 1.1145 1.0827 0.9646 1.0223
84 29 1.2159 1.0995 1.1311 1.1961 1.2265 1.1911 1.0609 1.1241
84 30 1.1158 1.0080 1.0376 1.0996 1.1291 1.0976 0.9782 1.0374
84 31 1.2092 1.0947 1.1253 1.1870 1.2151 1.1775 1.0464 1.1069
84 32 1.0166 0.9203 0.9461 0.9979 1.0215 0.9902 0.8803 0.9312
84 33 1.2058 1.0899 1.1215 1.1871 1.2179 1.1834 1.0543 1.1175
84 34 1.0437 0.9449 0.9713 1.0246 1.0489 1.0168 0.9041 0.9566
84 35 1.2559 1.1355 1.1683 1.2359 1.2675 1.2312 1.0967 1.1621
84 36 1.2255 1.1077 1.1399 1.2065 1.2378 1.2026 1.0715 1.1357
84 37 1.1425 1.0328 1.0628 1.1245 1.1535 1.1206 0.9983 1.0580
84 38 1.1746 1.0620 1.0927 1.1558 1.1854 1.1514 1.0257 1.0869
84 39 1.1260 1.0194 1.0479 1.1054 1.1316 1.0965 0.9745 1.0309
84 40 1.2892 1.1662 1.1994 1.2674 1.2989 1.2611 1.1230 1.1895
84 41 1.2633 1.1429 1.1754 1.2416 1.2721 1.2349 1.0995 1.1644
84 42 1.1837 1.0699 1.1010 1.1654 1.1957 1.1617 1.0350 1.0971
84 43 1.0702 0.9688 0.9959 1.0506 1.0754 1.0417 0.9253 0.9786
84 44 1.1442 1.0358 1.0648 1.1232 1.1497 1.1128 0.9874 1.0438
84 45 1.1868 1.0734 1.1041 1.1670 1.1962 1.1615 1.0344 1.0957
84 46 1.2653 1.1448 1.1773 1.2435 1.2740 1.2366 1.1011 1.1661
84 47 1.0608 0.9602 0.9872 1.0415 1.0663 1.0345 0.9208 0.9746
84 48 1.2161 1.1009 1.1317 1.1939 1.2221 1.1856 1.0553 1.1169
84 49 1.1785 1.0660 1.0964 1.1587 1.1876 1.1531 1.0268 1.0877
84 50 1.2785 1.1556 1.1892 1.2586 1.2913 1.2546 1.1177 1.1846
84 51 1.2482 1.1292 1.1613 1.2268 1.2571 1.2203 1.0866 1.1508
84 52 0.7286 0.6596 0.6781 0.7152 0.7321 0.7077 0.6267 0.6621
84 53 1.1982 1.0842 1.1149 1.1772 1.2058 1.1703 1.0419 1.1033
84 54 1.2648 1.1451 1.1771 1.2417 1.2711 1.2330 1.0972 1.1613
84 55 1.0398 0.9414 0.9677 1.0208 1.0448 1.0027 0.8792 0.9254
84 56 1.1562 1.0460 1.0758 1.1365 1.1645 1.1304 1.0065 1.0659
84 57 0.8653 0.7834 0.8053 0.8495 0.8695 0.8370 0.7371 0.7771
84 58 1.2343 1.1168 1.1485 1.2129 1.2426 1.2060 1.0738 1.1370
84 59 1.1660 1.0536 1.0844 1.1483 1.1784 1.1451 1.0203 1.0815
84 60 1.1722 1.0612 1.0909 1.1507 1.1780 1.1426 1.0168 1.0761
84 61 1.1926 1.0787 1.1096 1.1727 1.2020 1.1671 1.0394 1.1009
84 62 1.2814 1.1577 1.1917 1.2624 1.2959 1.2596 1.1224 1.1900
84 63 1.2124 1.0966 1.1280 1.1922 1.2219 1.1864 1.0566 1.1191
84 64 1.2494 1.1308 1.1626 1.2270 1.2564 1.2191 1.0852 1.1488
84 65 1.1774 1.0635 1.0949 1.1605 1.1917 1.1585 1.0325 1.0949
84 66 1.1040 0.9971 1.0266 1.0884 1.1180 1.0870 0.9688 1.0274
84 67 1.3442 1.2147 1.2502 1.3237 1.3584 1.3200 1.1761 1.2466
84 68 1.2188 1.0999 1.1330 1.2032 1.2373 1.2039 1.0735 1.1392
84 69 0.7154 0.6476 0.6658 0.7023 0.7189 0.6959 0.6176 0.6530
84 70 1.0325 0.9347 0.9609 1.0136 1.0376 1.0039 0.8903 0.9410
84 71 1.1949 1.0795 1.1112 1.1773 1.2086 1.1747 1.0468 1.1098
84 72 1.1780 1.0665 1.0963 1.1564 1.1838 1.1415 1.0076 1.0633
84 73 1.1413 1.0333 1.0622 1.1204 1.1469 1.1082 0.9808 1.0361
84 74 1.2661 1.1450 1.1779 1.2452 1.2766 1.2397 1.1041 1.1696
84 75 1.2356 1.1176 1.1496 1.2151 1.2454 1.2093 1.0769 1.1407
84 76 0.7504 0.6780 0.6979 0.7394 0.7591 0.7378 0.6575 0.6971
84 77 1.2764 1.1544 1.1875 1.2552 1.2867 1.2494 1.1126 1.1786
84 78 1.1959 1.0817 1.1127 1.1759 1.2053 1.1702 1.0421 1.1038
84 79 1.1593 1.0485 1.0786 1.1401 1.1687 1.1348 1.0106 1.0705
84 80 1.3066 1.1807 1.2152 1.2867 1.3205 1.2831 1.1432 1.2118
84 81 1.2879 1.1640 1.1979 1.2679 1.3009 1.2639 1.1260 1.1934
84 82 1.3088 1.1825 1.2172 1.2894 1.3236 1.2865 1.1463 1.2153
84 83 0.7180 0.6500 0.6682 0.7049 0.7216 0.6996 0.6222 0.6584
84 85 1.1401 1.0321 1.0610 1.1192 1.1457 1.1071 0.9801 1.0355
84 86 1.2738 1.1511 1.1847 1.2546 1.2877 1.2513 1.1150 1.1819
84 87 0.5433 0.4909 0.5053 0.5351 0.5492 0.5337 0.4755 0.5041
84 88 1.0358 0.9377 0.9640 1.0168 1.0409 0.9960 0.8697 0.9145
84 89 1.2860 1.1624 1.1962 1.2661 1.2989 1.2620 1.1242 1.1915
84 90 1.1785 1.0668 1.0968 1.1572 1.1849 1.1496 1.0233 1.0832
84 91 1.2879 1.1634 1.1977 1.2692 1.3032 1.2668 1.1289 1.1970
84 92 1.2808 1.1583 1.1915 1.2597 1.2915 1.2542 1.1170 1.1833
84 93 1.2673 1.1452 1.1787 1.2482 1.2811 1.2449 1.1092 1.1758
84 94 0.4850 0.4388 0.4513 0.4768 0.4886 0.4744 0.4224 0.4474
84 95 1.1771 1.0622 1.0943 1.1623 1.1953 1.1630 1.0370 1.1004
84 96 1.1431 1.0321 1.0629 1.1276 1.1587 1.1269 1.0046 1.0656
84 97 1.2698 1.1483 1.1813 1.2490 1.2805 1.2436 1.1076 1.1733
84 98 1.0734 0.9718 0.9990 1.0538 1.0787 1.0380 0.9135 0.9632
84 99 1.2927 1.1677 1.2022 1.2740 1.3082 1.2717 1.1333 1.2016
84 100 1.1779 1.0645 1.0956 1.1598 1.1901 1.1563 1.0302 1.0919
84 101 1.1585 1.0488 1.0781 1.1373 1.1642 1.0664 0.8802 0.9029
84 102 1.0992 0.9927 1.0221 1.0838 1.1133 1.0824 0.9647 1.0229
84 103 1.1707 1.0573 1.0886 1.1543 1.1856 1.1527 1.0273 1.0894
84 104 1.2008 1.0848 1.1167 1.1833 1.2149 1.1809 1.0523 1.1156
84 105 1.1865 1.0716 1.1033 1.1697 1.2013 1.1679 1.0409 1.1036
84 106 1.1940 1.0787 1.1104 1.1764 1.2078 1.1739 1.0460 1.1089
84 107 1.2929 1.1677 1.2023 1.2746 1.3091 1.2727 1.1342 1.2026
84 108 1.1958 1.0826 1.1129 1.1740 1.2019 1.1653 1.0363 1.0965
84 109 1.1175 1.0100 1.0394 1.1003 1.1290 1.0970 0.9773 1.0357
84 110 1.2790 1.1553 1.1894 1.2605 1.2944 1.2582 1.1212 1.1888
84 111 1.1726 1.0589 1.0903 1.1561 1.1876 1.1547 1.0291 1.0913
84 112 1.2055 1.0885 1.1209 1.1891 1.2218 1.1882 1.0591 1.1232
84 113 1.1856 1.0711 1.1026 1.1683 1.1995 1.1658 1.0389 1.1013
84 114 1.2799 1.1559 1.1902 1.2620 1.2963 1.2604 1.1233 1.1911
84 115 1.1972 1.0809 1.1132 1.1809 1.2134 1.1800 1.0518 1.1156
84 116 1.2612 1.1386 1.1726 1.2441 1.2784 1.2433 1.1083 1.1755
84 117 1.1919 1.0766 1.1084 1.1748 1.2064 1.1728 1.0451 1.1081
84 118 1.1515 1.0414 1.0713 1.1325 1.1610 1.1273 1.0040 1.0635
84 119 1.2860 1.1621 1.1961 1.2666 1.3000 1.2633 1.1255 1.1930
84 120 1.1114 1.0062 1.0343 1.0912 1.1171 1.0820 0.9609 1.0163
84 121 1.2275 1.1091 1.1416 1.2092 1.2413 1.2063 1.0749 1.1394
84 122 1.0457 0.9466 0.9732 1.0266 1.0510 1.0156 0.8990 0.9498
84 123 1.2048 1.0892 1.1207 1.1858 1.2164 1.1816 1.0526 1.1153
84 124 1.0608 0.9604 0.9873 1.0415 1.0662 1.0317 0.9150 0.9673
84 125 1.2070 1.0902 1.1224 1.1898 1.2220 1.1880 1.0587 1.1226
85 0 1.5438 1.3919 1.4343 1.5254 1.5697 1.5278 1.3621 1.4453
85 1 1.6768 1.5101 1.5574 1.6605 1.7119 1.6683 1.4887 1.5818
85 2 1.3658 1.2324 1.2695 1.3480 1.3858 1.3478 1.2012 1.2737
85 3 1.1690 1.0546 1.0865 1.1542 1.1868 1.1546 1.0292 1.0915
85 4 1.2812 1.1539 1.1901 1.2689 1.3081 1.2748 1.1376 1.2087
85 5 1.1792 1.0628 1.0956 1.1663 1.2011 1.1697 1.0433 1.1078
85 6 1.7074 1.5429 1.5879 1.6809 1.7245 1.6749 1.4913 1.5790
85 7 1.2358 1.1129 1.1480 1.2244 1.2625 1.2306 1.0984 1.1673
85 8 1.1788 1.0626 1.0954 1.1655 1.1999 1.1682 1.0420 1.1061
85 9 1.4889 1.3414 1.3833 1.4739 1.5187 1.4797 1.3203 1.4025
85 10 1.2046 1.0860 1.1194 1.1910 1.2260 1.1936 1.0646 1.1301
85 11 1.6634 1.5021 1.5466 1.6399 1.6843 1.6371 1.4586 1.5458
85 12 1.2169 1.0967 1.1307 1.2039 1.2399 1.2076 1.0773 1.1440
85 13 1.0786 0.9746 1.0031 1.0622 1.0900 1.0589 0.9430 0.9988
85 14 1.2145 1.0943 1.1284 1.2020 1.2384 1.2064 1.0764 1.1433
85 15 1.4982 1.3504 1.3921 1.4819 1.5260 1.4860 1.3256 1.4076
85 16 1.2331 1.1119 1.1460 1.2189 1.2546 1.2214 1.0893 1.1563
85 17 1.2237 1.1032 1.1372 1.2101 1.2459 1.2131 1.0821 1.1489
85 18 1.0673 0.9642 0.9925 1.0515 1.0794 1.0489 0.9343 0.9900
85 19 1.5895 1.4356 1.4781 1.5668 1.6089 1.5638 1.3932 1.4766
85 20 1.3085 1.1800 1.2161 1.2931 1.3307 1.2952 1.1551 1.2259
85 21 1.5409 1.3925 1.4331 1.5172 1.5568 1.5123 1.3469 1.4266
85 22 1.4387 1.3005 1.3382 1.4160 1.4525 1.4107 1.2562 1.3302
85 23 1.2534 1.1296 1.1646 1.2401 1.2773 1.2441 1.1099 1.1787
85 24 1.3668 1.2319 1.2701 1.3521 1.3925 1.3561 1.2098 1.2847
85 25 1.1909 1.0740 1.1068 1.1767 1.2108 1.1784 1.0509 1.1153
85 26 1.4925 1.3431 1.3861 1.4807 1.5286 1.4911 1.3316 1.4160
85 27 1.0577 0.9556 0.9837 1.0420 1.0696 1.0394 0.9259 0.9811
85 28 1.2280 1.1071 1.1412 1.2144 1.2503 1.2175 1.0860 1.1531
85 29 1.2064 1.0879 1.1212 1.1923 1.2270 1.1945 1.0653 1.1308
85 30 1.3037 1.1745 1.2112 1.2908 1.3304 1.2963 1.1568 1.2291
85 31 1.5076 1.3621 1.4021 1.4851 1.5243 1.4812 1.3195 1.3981
85 32 1.2970 1.1717 1.2061 1.2780 1.3121 1.2752 1.1361 1.2040
85 33 1.4261 1.2854 1.3252 1.4106 1.4526 1.4147 1.2621 1.3402
85 34 1.3326 1.2038 1.2393 1.3134 1.3486 1.3108 1.1679 1.2378
85 35 1.1845 1.0680 1.1008 1.1710 1.2055 1.1737 1.0469 1.1114
85 36 1.4843 1.3380 1.3793 1.4682 1.5119 1.4725 1.3136 1.3949
85 37 1.3506 1.2176 1.2552 1.3357 1.3752 1.3392 1.1946 1.2684
85 38 1.1999 1.0819 1.1151 1.1863 1.2212 1.1890 1.0606 1.1260
85 39 1.3543 1.2236 1.2595 1.3341 1.3695 1.3308 1.1856 1.2564
85 40 1.1814 1.0658 1.0982 1.1670 1.2004 1.1682 1.0417 1.1055
85 41 1.5929 1.4372 1.4807 1.5730 1.6177 1.5740 1.4034 1.4891
85 42 1.3858 1.2491 1.2877 1.3708 1.4117 1.3749 1.2266 1.3026
85 43 0.9700 0.8766 0.9022 0.9551 0.9801 0.9522 0.8482 0.8987
85 44 1.3427 1.2142 1.2491 1.3209 1.3546 1.3154 1.1713 1.2404
85 45 1.1541 1.0410 1.0727 1.1403 1.1732 1.1419 1.0183 1.0808
85 46 1.5704 1.4170 1.4598 1.5507 1.5947 1.5517 1.3835 1.4680
85 47 1.5092 1.3625 1.4032 1.4888 1.5299 1.4879 1.3262 1.4065
85 48 1.4121 1.2750 1.3130 1.3929 1.4312 1.3918 1.2405 1.3155
85 49 1.3478 1.2158 1.2528 1.3315 1.3699 1.3332 1.1889 1.2618
85 50 1.2090 1.0898 1.1235 1.1959 1.2316 1.1995 1.0701 1.1364
85 51 1.1286 1.0182 1.0491 1.1146 1.1464 1.1155 0.9947 1.0555
85 52 1.2991 1.1757 1.2089 1.2761 1.3071 1.2684 1.1289 1.1947
85 53 1.3768 1.2425 1.2799 1.3591 1.3975 1.3596 1.2122 1.2860
85 54 1.1356 1.0254 1.0559 1.1199 1.1506 1.1189 0.9972 1.0575
85 55 0.6777 0.6135 0.6307 0.6655 0.6814 0.6565 0.5787 0.6101
85 56 1.1644 1.0505 1.0824 1.1499 1.1827 1.1509 1.0262 1.0890
85 57 1.1177 1.0119 1.0402 1.0975 1.1238 1.0862 0.9616 1.0155
85 58 1.0503 0.9477 0.9763 1.0370 1.0664 1.0375 0.9251 0.9815
85 59 1.3535 1.2198 1.2577 1.3394 1.3798 1.3441 1.1993 1.2738
85 60 1.1414 1.0306 1.0613 1.1257 1.1566 1.1247 1.0024 1.0630
85 61 1.3647 1.2310 1.2685 1.3484 1.3873 1.3503 1.2042 1.2782
85 62 1.2375 1.1150 1.1498 1.2251 1.2624 1.2301 1.0977 1.1661
85 63 1.3906 1.2543 1.2925 1.3739 1.4136 1.3759 1.2270 1.3024
85 64 1.1651 1.0517 1.0832 1.1497 1.1818 1.1495 1.0247 1.0870
85 65 1.3232 1.1919 1.2293 1.3105 1.3510 1.3166 1.1751 1.2486
85 66 1.1257 1.0138 1.0458 1.1152 1.1498 1.1207 1.0003 1.0631
85 67 1.6964 1.5289 1.5763 1.6787 1.7293 1.6846 1.5031 1.5965
85 68 1.4209 1.2787 1.3197 1.4097 1.4552 1.4195 1.2675 1.3479
85 69 1.3415 1.2129 1.2479 1.3199 1.3538 1.3149 1.1711 1.2406
85 70 1.0712 0.9689 0.9966 1.0534 1.0800 1.0486 0.9337 0.9889
85 71 1.2141 1.0938 1.1280 1.2020 1.2387 1.2070 1.0771 1.1444
85 72 0.9781 0.8855 0.9103 0.9605 0.9836 0.9523 0.8451 0.8935
85 73 0.9202 0.8330 0.8563 0.9036 0.9253 0.8977 0.7989 0.8454
85 74 1.1912 1.0743 1.1071 1.1772 1.2115 1.1794 1.0519 1.1167
85 75 1.1514 1.0385 1.0702 1.1376 1.1706 1.1394 1.0162 1.0786
85 76 1.6586 1.4943 1.5410 1.6421 1.6924 1.6491 1.4717 1.5636
85 77 1.4761 1.3313 1.3719 1.4586 1.5009 1.4610 1.3030 1.3832
85 78 1.3344 1.2037 1.2403 1.3184 1.3565 1.3203 1.1775 1.2499
85 79 1.2794 1.1539 1.1891 1.2642 1.3009 1.2664 1.1295 1.1990
85 80 1.2783 1.1521 1.1878 1.2650 1.3032 1.2696 1.1328 1.2033
85 81 1.2481 1.1250 1.1598 1.2347 1.2718 1.2388 1.1052 1.1739
85 82 1.2653 1.1400 1.1756 1.2526 1.2908 1.2577 1.1224 1.1924
85 83 1.5184 1.3715 1.4120 1.4969 1.5375 1.4949 1.3322 1.4127
85 84 1.1229 1.0138 1.0440 1.1077 1.1383 1.1071 0.9869 1.0468
85 86 1.2273 1.1059 1.1403 1.2147 1.2515 1.2193 1.0880 1.1558
85 87 1.2255 1.1043 1.1387 1.2129 1.2497 1.2175 1.0864 1.1541
85 88 0.6126 0.5546 0.5701 0.6016 0.6161 0.5919 0.5196 0.5473
85 89 1.2461 1.1232 1.1579 1.2327 1.2696 1.2367 1.1033 1.1718
85 90 1.1767 1.0622 1.0940 1.1610 1.1933 1.1607 1.0348 1.0977
85 91 1.2507 1.1267 1.1620 1.2386 1.2768 1.2443 1.1105 1.1800
85 92 1.2361 1.1148 1.1489 1.2217 1.2574 1.2241 1.0919 1.1592
85 93 1.2197 1.0991 1.1334 1.2072 1.2439 1.2119 1.0814 1.1488
85 94 1.1477 1.0354 1.0669 1.1337 1.1664 1.1352 1.0124 1.0745
85 95 1.2992 1.1691 1.2066 1.2891 1.3309 1.2983 1.1594 1.2330
85 96 1.2548 1.1297 1.1656 1.2439 1.2832 1.2512 1.1171 1.1875
85 97 1.2195 1.0998 1.1334 1.2054 1.2406 1.2079 1.0774 1.1439
85 98 0.6231 0.5640 0.5798 0.6119 0.6267 0.6055 0.5358 0.5660
85 99 1.2586 1.1337 1.1693 1.2465 1.2850 1.2523 1.1177 1.1877
85 100 1.1738 1.0579 1.0907 1.1614 1.1965 1.1655 1.0400 1.1046
85 101 1.0047 0.9095 0.9350 0.9866 1.0104 0.9259 0.7644 0.7846
85 102 1.1830 1.0654 1.0990 1.1721 1.2088 1.1783 1.0517 1.1176
85 103 1.2940 1.1654 1.2021 1.2821 1.3221 1.2888 1.1503 1.2224
85 104 1.1807 1.0637 1.0970 1.1692 1.2052 1.1745 1.0481 1.1136
85 105 1.3190 1.1880 1.2254 1.3067 1.3474 1.3133 1.1722 1.2457
85 106 1.3251 1.1938 1.2312 1.3121 1.3523 1.3178 1.1760 1.2494
85 107 1.2599 1.1347 1.1704 1.2481 1.2870 1.2545 1.1197 1.1898
85 108 1.0995 0.9931 1.0224 1.0839 1.1133 1.0825 0.9647 1.0230
85 109 1.1957 1.0777 1.1111 1.1831 1.2188 1.1872 1.0593 1.1251
85 110 1.2392 1.1163 1.1513 1.2273 1.2653 1.2332 1.1006 1.1695
85 111 1.2407 1.1173 1.1526 1.2294 1.2679 1.2359 1.1032 1.1725
85 112 1.3373 1.2041 1.2422 1.3256 1.3675 1.3333 1.1902 1.2652
85 113 1.3057 1.1763 1.2131 1.2929 1.3327 1.2987 1.1591 1.2315
85 114 1.2739 1.1472 1.1834 1.2622 1.3017 1.2689 1.1327 1.2037
85 115 1.3003 1.1708 1.2079 1.2890 1.3297 1.2965 1.1574 1.2303
85 116 1.2649 1.1389 1.1750 1.2540 1.2937 1.2615 1.1262 1.1972
85 117 1.3033 1.1739 1.2108 1.2909 1.3309 1.2972 1.1578 1.2304
85 118 1.2398 1.1182 1.1523 1.2253 1.2611 1.2277 1.0951 1.1626
85 119 1.2480 1.1247 1.1597 1.2353 1.2729 1.2401 1.1066 1.1756
85 120 1.0603 0.9584 0.9862 1.0440 1.0714 1.0412 0.9276 0.9832
85 121 1.2338 1.1117 1.1464 1.2214 1.2588 1.2266 1.0946 1.1629
85 122 0.9884 0.8947 0.9198 0.9707 0.9943 0.9648 0.8588 0.9091
85 123 1.2070 1.0882 1.1217 1.1938 1.2295 1.1975 1.0683 1.1346
85 124 1.0041 0.9082 0.9342 0.9876 1.0127 0.9835 0.8759 0.9279
85 125 1.3189 1.1880 1.2253 1.3066 1.3473 1.3132 1.1722 1.2457
86 0 1.2402 1.1225 1.1538 1.2173 1.2464 1.2084 1.0743 1.1370
86 1 1.2970 1.1733 1.2064 1.2745 1.3063 1.2685 1.1298 1.1972
86 2 1.1871 1.0746 1.1045 1.1652 1.1928 1.1551 1.0255 1.0847
86 3 1.2300 1.1134 1.1445 1.2073 1.2360 1.1973 1.0635 1.1250
86 4 1.2745 1.1531 1.1857 1.2525 1.2836 1.2465 1.1102 1.1764
86 5 1.1051 1.0004 1.0283 1.0850 1.1110 1.0779 0.9593 1.0159
86 6 1.1965 1.0831 1.1134 1.1743 1.2020 1.1612 1.0277 1.0855
86 7 1.3176 1.1919 1.2257 1.2952 1.3277 1.2894 1.1486 1.2172
86 8 1.1795 1.0677 1.0976 1.1579 1.1856 1.1499 1.0229 1.0830
86 9 1.1553 1.0456 1.0750 1.1348 1.1624 1.1284 1.0048 1.0644
86 10 1.1296 1.0226 1.0512 1.1090 1.1355 1.1011 0.9795 1.0369
86 11 1.3066 1.1829 1.2160 1.2826 1.3128 1.2699 1.1257 1.1899
86 12 1.1161 1.0103 1.0386 1.0958 1.1220 1.0886 0.9690 1.0261
86 13 1.1721 1.0611 1.0908 1.1505 1.1776 1.1379 1.0074 1.0642
86 14 1.2089 1.0942 1.1249 1.1871 1.2157 1.1799 1.0505 1.1126
86 15 1.1117 1.0064 1.0345 1.0914 1.1175 1.0840 0.9647 1.0214
86 16 1.3039 1.1804 1.2134 1.2801 1.3106 1.2707 1.1299 1.1960
86 17 1.0869 0.9839 1.0114 1.0670 1.0925 1.0595 0.9426 0.9979
86 18 0.9253 0.8377 0.8611 0.9083 0.9297 0.8987 0.7960 0.8411
86 19 1.2915 1.1692 1.2019 1.2677 1.2976 1.2548 1.1120 1.1753
86 20 1.2169 1.1017 1.1325 1.1947 1.2230 1.1855 1.0538 1.1152
86 21 1.3468 1.2192 1.2533 1.3220 1.3531 1.3072 1.1570 1.2222
86 22 1.2180 1.1027 1.1335 1.1956 1.2237 1.1818 1.0454 1.1041
86 23 1.2537 1.1349 1.1667 1.2309 1.2602 1.2227 1.0883 1.1523
86 24 1.1063 1.0015 1.0295 1.0861 1.1120 1.0788 0.9600 1.0164
86 25 0.9966 0.9022 0.9274 0.9783 1.0015 0.9706 0.8627 0.9129
86 26 1.1506 1.0402 1.0703 1.1325 1.1619 1.1291 1.0060 1.0666
86 27 1.2313 1.1148 1.1459 1.2087 1.2371 1.1957 1.0589 1.1189
86 28 1.3076 1.1838 1.2169 1.2838 1.3143 1.2745 1.1338 1.2001
86 29 1.1610 1.0511 1.0805 1.1398 1.1668 1.1310 1.0054 1.0640
86 30 1.1132 1.0075 1.0359 1.0935 1.1201 1.0872 0.9680 1.0253
86 31 1.2972 1.1744 1.2072 1.2733 1.3033 1.2596 1.1153 1.1784
86 32 1.2270 1.1109 1.1419 1.2045 1.2328 1.1918 1.0556 1.1155
86 33 1.0858 0.9830 1.0105 1.0660 1.0914 1.0586 0.9419 0.9971
86 34 1.2160 1.1009 1.1317 1.1936 1.2217 1.1812 1.0465 1.1060
86 35 1.1541 1.0448 1.0740 1.1330 1.1599 1.1246 1.0000 1.0584
86 36 1.0567 0.9566 0.9834 1.0374 1.0621 1.0301 0.9165 0.9702
86 37 1.1913 1.0785 1.1087 1.1696 1.1973 1.1611 1.0328 1.0932
86 38 1.0048 0.9096 0.9351 0.9864 1.0098 0.9790 0.8706 0.9214
86 39 1.2452 1.1273 1.1588 1.2223 1.2510 1.2090 1.0706 1.1312
86 40 1.2331 1.1163 1.1476 1.2105 1.2391 1.2004 1.0663 1.1280
86 41 1.3331 1.2069 1.2406 1.3087 1.3396 1.2973 1.1520 1.2186
86 42 0.9928 0.8987 0.9239 0.9747 0.9978 0.9678 0.8611 0.9115
86 43 1.1809 1.0691 1.0991 1.1592 1.1865 1.1462 1.0143 1.0715
86 44 1.2128 1.0980 1.1288 1.1905 1.2185 1.1762 1.0397 1.0979
86 45 1.0451 0.9461 0.9726 1.0260 1.0502 1.0176 0.9041 0.9565
86 46 1.3319 1.2058 1.2396 1.3075 1.3384 1.2961 1.1508 1.2172
86 47 1.2560 1.1371 1.1689 1.2330 1.2620 1.2211 1.0830 1.1450
86 48 1.0596 0.9593 0.9861 1.0401 1.0646 1.0300 0.9134 0.9656
86 49 1.0065 0.9112 0.9367 0.9881 1.0114 0.9798 0.8705 0.9209
86 50 0.9644 0.8731 0.8975 0.9468 0.9693 0.9400 0.8363 0.8852
86 51 0.9409 0.8518 0.8756 0.9236 0.9455 0.9157 0.8132 0.8601
86 52 1.1815 1.0697 1.0996 1.1598 1.1870 1.1442 1.0096 1.0654
86 53 1.0589 0.9587 0.9855 1.0395 1.0641 1.0302 0.9144 0.9670
86 54 1.0552 0.9553 0.9820 1.0358 1.0602 1.0256 0.9093 0.9612
86 55 1.1500 1.0412 1.0703 1.1288 1.1553 1.1058 0.9660 1.0155
86 56 1.0291 0.9317 0.9578 1.0103 1.0341 1.0015 0.8893 0.9406
86 57 1.1734 1.0623 1.0920 1.1517 1.1788 1.1317 0.9928 1.0454
86 58 0.8546 0.7737 0.7953 0.8389 0.8587 0.8315 0.7381 0.7806
86 59 1.2222 1.1064 1.1374 1.1999 1.2284 1.1917 1.0607 1.1228
86 60 1.2880 1.1660 1.1987 1.2643 1.2941 1.2518 1.1098 1.1731
86 61 1.0469 0.9478 0.9743 1.0278 1.0520 1.0192 0.9055 0.9579
86 62 1.0468 0.9475 0.9741 1.0280 1.0526 1.0214 0.9093 0.9626
86 63 1.1122 1.0069 1.0351 1.0918 1.1176 1.0828 0.9620 1.0176
86 64 1.0097 0.9141 0.9397 0.9912 1.0145 0.9818 0.8710 0.9209
86 65 1.0365 0.9380 0.9645 1.0184 1.0431 1.0124 0.9014 0.9545
86 66 0.9749 0.8821 0.9071 0.9580 0.9816 0.9528 0.8484 0.8984
86 67 1.4309 1.2954 1.3316 1.4048 1.4381 1.3950 1.2415 1.3142
86 68 1.0002 0.9043 0.9304 0.9843 1.0096 0.9807 0.8736 0.9257
86 69 1.2396 1.1223 1.1537 1.2168 1.2454 1.2023 1.0629 1.1224
86 70 1.2534 1.1347 1.1665 1.2303 1.2592 1.2150 1.0734 1.1332
86 71 1.0352 0.9370 0.9634 1.0167 1.0411 1.0102 0.8993 0.9521
86 72 1.2348 1.1179 1.1492 1.2121 1.2405 1.1929 1.0490 1.1056
86 73 1.2604 1.1411 1.1731 1.2372 1.2663 1.2201 1.0759 1.1350
86 74 1.0189 0.9224 0.9482 1.0002 1.0239 0.9921 0.8817 0.9327
86 75 0.9801 0.8873 0.9122 0.9622 0.9849 0.9542 0.8477 0.8967
86 76 1.4236 1.2885 1.3248 1.3982 1.4318 1.3894 1.2368 1.3094
86 77 1.3324 1.2062 1.2400 1.3080 1.3389 1.2972 1.1526 1.2192
86 78 0.9915 0.8976 0.9227 0.9733 0.9963 0.9652 0.8574 0.9069
86 79 1.0222 0.9254 0.9513 1.0035 1.0272 0.9952 0.8843 0.9354
86 80 0.9507 0.8607 0.8848 0.9334 0.9555 0.9269 0.8249 0.8731
86 81 1.0654 0.9646 0.9916 1.0460 1.0708 1.0385 0.9239 0.9778
86 82 1.1845 1.0722 1.1023 1.1631 1.1909 1.1556 1.0286 1.0889
86 83 1.3332 1.2070 1.2408 1.3087 1.3395 1.2951 1.1475 1.2127
86 84 1.1409 1.0329 1.0619 1.1200 1.1464 1.1090 0.9834 1.0396
86 85 1.2885 1.1666 1.1992 1.2648 1.2945 1.2474 1.1002 1.1608
86 87 1.1935 1.0805 1.1107 1.1717 1.1995 1.1637 1.0358 1.0963
86 88 1.2358 1.1189 1.1502 1.2131 1.2415 1.1849 1.0309 1.0825
86 89 1.1164 1.0107 1.0390 1.0960 1.1220 1.0880 0.9679 1.0243
86 90 0.9421 0.8530 0.8768 0.9249 0.9466 0.9159 0.8124 0.8588
86 91 1.1091 1.0037 1.0321 1.0894 1.1158 1.0828 0.9639 1.0205
86 92 0.9446 0.8551 0.8791 0.9273 0.9492 0.9197 0.8173 0.8646
86 93 1.0702 0.9689 0.9960 1.0507 1.0756 1.0435 0.9288 0.9831
86 94 1.1555 1.0461 1.0754 1.1343 1.1610 1.1245 0.9987 1.0562
86 95 1.0684 0.9659 0.9938 1.0514 1.0785 1.0476 0.9331 0.9887
86 96 1.0560 0.9552 0.9825 1.0383 1.0642 1.0332 0.9201 0.9745
86 97 0.8426 0.7629 0.7842 0.8272 0.8468 0.8205 0.7292 0.7714
86 98 1.1767 1.0654 1.0952 1.1551 1.1822 1.1344 0.9946 1.0473
86 99 0.7576 0.6856 0.7049 0.7442 0.7622 0.7397 0.6585 0.6971
86 100 0.9934 0.8994 0.9245 0.9753 0.9984 0.9683 0.8616 0.9118
86 101 1.2778 1.1568 1.1892 1.2543 1.2837 1.1756 0.9701 0.9946
86 102 1.0579 0.9572 0.9844 1.0397 1.0652 1.0339 0.9205 0.9746
86 103 1.0062 0.9104 0.9363 0.9888 1.0131 0.9833 0.8754 0.9268
86 104 0.8187 0.7410 0.7618 0.8041 0.8235 0.7990 0.7113 0.7529
86 105 1.0620 0.9610 0.9882 1.0435 1.0690 1.0375 0.9237 0.9779
86 106 0.9335 0.8450 0.8688 0.9168 0.9388 0.9109 0.8108 0.8583
86 107 0.9305 0.8420 0.8658 0.9143 0.9366 0.9090 0.8092 0.8567
86 108 0.7812 0.7072 0.7270 0.7668 0.7849 0.7588 0.6722 0.7103
86 109 0.9712 0.8793 0.9039 0.9535 0.9761 0.9466 0.8422 0.8912
86 110 0.9642 0.8726 0.8972 0.9472 0.9701 0.9414 0.8380 0.8871
86 111 1.0769 0.9744 1.0020 1.0584 1.0844 1.0525 0.9370 0.9921
86 112 1.1384 1.0298 1.0591 1.1191 1.1469 1.1135 0.9914 1.0499
86 113 1.0777 0.9754 1.0029 1.0584 1.0839 1.0517 0.9361 0.9909
86 114 1.1208 1.0141 1.0429 1.1015 1.1285 1.0953 0.9752 1.0325
86 115 1.0757 0.9731 1.0009 1.0576 1.0839 1.0522 0.9369 0.9922
86 116 1.1119 1.0058 1.0345 1.0932 1.1205 1.0878 0.9686 1.0258
86 117 0.8809 0.7972 0.8197 0.8654 0.8864 0.8602 0.7657 0.8106
86 118 1.0133 0.9174 0.9431 0.9948 1.0183 0.9866 0.8765 0.9271
86 119 1.0188 0.9224 0.9482 1.0002 1.0239 0.9933 0.8840 0.9355
86 120 1.1682 1.0576 1.0872 1.1467 1.1737 1.1335 1.0028 1.0592
86 121 1.0503 0.9508 0.9775 1.0313 1.0559 1.0244 0.9118 0.9650
86 122 1.0998 0.9957 1.0236 1.0796 1.1049 1.0647 0.9389 0.9906
86 123 0.9940 0.8999 0.9251 0.9759 0.9989 0.9685 0.8612 0.9112
86 124 1.1136 1.0082 1.0364 1.0932 1.1188 1.0795 0.9537 1.0069
86 125 1.0787 0.9762 1.0038 1.0599 1.0857 1.0536 0.9380 0.9930
87 0 1.3517 1.2234 1.2575 1.3267 1.3584 1.3170 1.1709 1.2392
87 1 1.4047 1.2707 1.3066 1.3803 1.4148 1.3739 1.2236 1.2966
87 2 1.2149 1.0997 1.1304 1.1924 1.2207 1.1821 1.0495 1.1100
87 3 1.1463 1.0377 1.0666 1.1252 1.1519 1.1159 0.9911 1.0485
87 4 1.3615 1.2318 1.2667 1.3380 1.3712 1.3315 1.1859 1.2567
87 5 1.2835 1.1619 1.1943 1.2601 1.2903 1.2519 1.1142 1.1799
87 6 1.3699 1.2401 1.2748 1.3445 1.3762 1.3296 1.1767 1.2429
87 7 1.1681 1.0567 1.0867 1.1483 1.1771 1.1432 1.0183 1.0792
87 8 1.2938 1.1712 1.2039 1.2701 1.3004 1.2613 1.1221 1.1879
87 9 1.3098 1.1854 1.2188 1.2866 1.3179 1.2793 1.1392 1.2067
87 10 1.3197 1.1946 1.2280 1.2956 1.3264 1.2864 1.1443 1.2113
87 11 1.3719 1.2420 1.2767 1.3466 1.3784 1.3333 1.1820 1.2494
87 12 1.2932 1.1706 1.2034 1.2696 1.3000 1.2614 1.1228 1.1889
87 13 1.0936 0.9900 1.0177 1.0734 1.0987 1.0617 0.9399 0.9929
87 14 1.3221 1.1967 1.2303 1.2983 1.3296 1.2904 1.1490 1.2169
87 15 1.3279 1.2021 1.2357 1.3037 1.3348 1.2948 1.1523 1.2200
87 16 1.1638 1.0536 1.0831 1.1426 1.1697 1.1341 1.0085 1.0675
87 17 1.3089 1.1849 1.2180 1.2850 1.3156 1.2759 1.1351 1.2017
87 18 1.1730 1.0619 1.0916 1.1514 1.1785 1.1392 1.0090 1.0662
87 19 1.3502 1.2223 1.2565 1.3253 1.3565 1.3118 1.1626 1.2288
87 20 1.3830 1.2520 1.2870 1.3577 1.3899 1.3472 1.1976 1.2675
87 21 1.3117 1.1875 1.2207 1.2875 1.3178 1.2732 1.1269 1.1904
87 22 1.2595 1.1403 1.1722 1.2363 1.2654 1.2221 1.0810 1.1417
87 23 1.3259 1.2003 1.2339 1.3017 1.3328 1.2931 1.1510 1.2187
87 24 1.2558 1.1368 1.1686 1.2329 1.2623 1.2245 1.0897 1.1537
87 25 1.2842 1.1626 1.1951 1.2607 1.2906 1.2508 1.1117 1.1764
87 26 1.3231 1.1962 1.2307 1.3023 1.3361 1.2984 1.1569 1.2265
87 27 1.1485 1.0398 1.0689 1.1274 1.1539 1.1153 0.9877 1.0437
87 28 1.2016 1.0878 1.1183 1.1797 1.2078 1.1713 1.0419 1.1029
87 29 1.2932 1.1707 1.2035 1.2696 1.2997 1.2598 1.1199 1.1852
87 30 1.1992 1.0853 1.1159 1.1780 1.2066 1.1712 1.0428 1.1045
87 31 1.3039 1.1805 1.2135 1.2799 1.3101 1.2661 1.1211 1.1845
87 32 1.1039 0.9994 1.0274 1.0836 1.1091 1.0722 0.9497 1.0036
87 33 1.2970 1.1742 1.2070 1.2734 1.3037 1.2645 1.1251 1.1911
87 34 1.1335 1.0261 1.0549 1.1126 1.1388 1.1010 0.9755 1.0309
87 35 1.3469 1.2193 1.2535 1.3223 1.3537 1.3124 1.1671 1.2352
87 36 1.3259 1.2003 1.2339 1.3018 1.3327 1.2926 1.1501 1.2175
87 37 1.2286 1.1122 1.1433 1.2061 1.2348 1.1974 1.0651 1.1274
87 38 1.2515 1.1330 1.1647 1.2286 1.2578 1.2194 1.0844 1.1477
87 39 1.2048 1.0908 1.1213 1.1827 1.2105 1.1699 1.0359 1.0945
87 40 1.3780 1.2475 1.2825 1.3528 1.3848 1.3415 1.1917 1.2607
87 41 1.3722 1.2423 1.2771 1.3471 1.3789 1.3354 1.1859 1.2544
87 42 1.2703 1.1500 1.1822 1.2472 1.2768 1.2384 1.1019 1.1664
87 43 1.1432 1.0349 1.0639 1.1221 1.1485 1.1095 0.9819 1.0372
87 44 0.7083 0.6413 0.6592 0.6953 0.7116 0.6869 0.6072 0.6412
87 45 1.2535 1.1348 1.1665 1.2305 1.2596 1.2205 1.0844 1.1473
87 46 1.3692 1.2396 1.2743 1.3441 1.3759 1.3324 1.1831 1.2513
87 47 1.1751 1.0639 1.0937 1.1536 1.1808 1.1425 1.0133 1.0713
87 48 1.2897 1.1676 1.2002 1.2660 1.2958 1.2537 1.1117 1.1753
87 49 1.2517 1.1332 1.1649 1.2288 1.2578 1.2186 1.0826 1.1453
87 50 1.3729 1.2429 1.2777 1.3479 1.3799 1.3383 1.1906 1.2603
87 51 1.3248 1.1994 1.2330 1.3006 1.3313 1.2893 1.1450 1.2111
87 52 0.6673 0.6041 0.6210 0.6550 0.6704 0.6462 0.5702 0.6017
87 53 1.2706 1.1503 1.1825 1.2473 1.2768 1.2361 1.0972 1.1604
87 54 1.3397 1.2129 1.2468 1.3151 1.3461 1.3021 1.1545 1.2204
87 55 1.1029 0.9985 1.0265 1.0826 1.1080 1.0605 0.9265 0.9739
87 56 1.2197 1.1042 1.1351 1.1974 1.2256 1.1870 1.0541 1.1149
87 57 0.9127 0.8263 0.8494 0.8959 0.9169 0.8803 0.7723 0.8132
87 58 1.2960 1.1733 1.2062 1.2723 1.3023 1.2610 1.1194 1.1839
87 59 1.2506 1.1322 1.1639 1.2278 1.2570 1.2195 1.0854 1.1489
87 60 1.2643 1.1446 1.1767 1.2411 1.2704 1.2288 1.0895 1.1516
87 61 1.2673 1.1473 1.1795 1.2441 1.2735 1.2338 1.0962 1.1596
87 62 1.3731 1.2429 1.2778 1.3484 1.3808 1.3399 1.1928 1.2628
87 63 1.2886 1.1666 1.1993 1.2650 1.2949 1.2545 1.1146 1.1790
87 64 1.3173 1.1926 1.2260 1.2932 1.3236 1.2810 1.1364 1.2015
87 65 1.2516 1.1326 1.1646 1.2296 1.2596 1.2225 1.0885 1.1526
87 66 1.1729 1.0613 1.0914 1.1527 1.1809 1.1463 1.0207 1.0809
87 67 0.7292 0.6601 0.6786 0.7159 0.7329 0.7110 0.6327 0.6697
87 68 1.3085 1.1831 1.2172 1.2877 1.3208 1.2830 1.1429 1.2111
87 69 0.6406 0.5799 0.5962 0.6288 0.6436 0.6213 0.5493 0.5800
87 70 1.1419 1.0338 1.0627 1.1209 1.1472 1.1069 0.9779 1.0324
87 71 1.2663 1.1462 1.1784 1.2436 1.2735 1.2358 1.1001 1.1647
87 72 1.2825 1.1611 1.1936 1.2589 1.2885 1.2391 1.0896 1.1484
87 73 1.2365 1.1195 1.1508 1.2138 1.2423 1.1970 1.0555 1.1135
87 74 1.3476 1.2200 1.2541 1.3229 1.3542 1.3122 1.1661 1.2336
87 75 1.3056 1.1820 1.2151 1.2817 1.3120 1.2711 1.1293 1.1946
87 76 0.6894 0.6240 0.6415 0.6771 0.6934 0.6728 0.5989 0.6341
87 77 0.8079 0.7314 0.7518 0.7931 0.8118 0.7865 0.6988 0.7393
87 78 1.2614 1.1420 1.1740 1.2383 1.2676 1.2279 1.0909 1.1539
87 79 1.2201 1.1046 1.1355 1.1978 1.2261 1.1879 1.0555 1.1166
87 80 1.3943 1.2623 1.2976 1.3689 1.4014 1.3594 1.2098 1.2805
87 81 1.3710 1.2412 1.2760 1.3460 1.3779 1.3363 1.1889 1.2583
87 82 1.4057 1.2724 1.3082 1.3804 1.4134 1.3715 1.2208 1.2924
87 83 0.6148 0.5566 0.5722 0.6035 0.6177 0.5973 0.5292 0.5593
87 84 0.5508 0.4986 0.5126 0.5407 0.5534 0.5354 0.4748 0.5019
87 85 1.2443 1.1265 1.1580 1.2214 1.2500 1.2046 1.0624 1.1209
87 86 1.3574 1.2289 1.2633 1.3327 1.3643 1.3236 1.1781 1.2470
87 88 1.1026 0.9982 1.0261 1.0823 1.1077 1.0571 0.9197 0.9657
87 89 1.3653 1.2361 1.2707 1.3404 1.3721 1.3306 1.1838 1.2527
87 90 1.2323 1.1157 1.1469 1.2097 1.2382 1.1981 1.0626 1.1233
87 91 1.3727 1.2423 1.2774 1.3485 1.3811 1.3402 1.1931 1.2631
87 92 1.3538 1.2256 1.2599 1.3290 1.3604 1.3182 1.1714 1.2392
87 93 1.3442 1.2169 1.2510 1.3197 1.3510 1.3107 1.1666 1.2348
87 94 0.5246 0.4749 0.4882 0.5150 0.5271 0.5105 0.4534 0.4795
87 95 1.2451 1.1256 1.1582 1.2253 1.2569 1.2209 1.0875 1.1523
87 96 1.2078 1.0925 1.1237 1.1876 1.2172 1.1818 1.0524 1.1146
87 97 1.3416 1.2146 1.2486 1.3171 1.3482 1.3064 1.1611 1.2283
87 98 1.1515 1.0425 1.0717 1.1303 1.1568 1.1101 0.9733 1.0248
87 99 1.3762 1.2454 1.2806 1.3519 1.3846 1.3437 1.1962 1.2664
87 100 1.2449 1.1270 1.1585 1.2221 1.2511 1.2134 1.0797 1.1426
87 101 1.2773 1.1564 1.1888 1.2538 1.2832 1.1751 0.9697 0.9941
87 102 1.1548 1.0449 1.0745 1.1349 1.1628 1.1286 1.0048 1.0639
87 103 1.2395 1.1215 1.1533 1.2181 1.2480 1.2113 1.0784 1.1417
87 104 1.2689 1.1485 1.1808 1.2464 1.2764 1.2385 1.1025 1.1670
87 105 1.2581 1.1384 1.1706 1.2362 1.2664 1.2291 1.0942 1.1584
87 106 1.2653 1.1453 1.1775 1.2427 1.2725 1.2347 1.0990 1.1633
87 107 1.3758 1.2449 1.2802 1.3519 1.3849 1.3441 1.1966 1.2669
87 108 1.2495 1.1312 1.1629 1.2265 1.2554 1.2137 1.0752 1.1362
87 109 0.9446 0.8552 0.8791 0.9274 0.9493 0.9207 0.8191 0.8668
87 110 1.3565 1.2276 1.2623 1.3326 1.3648 1.3245 1.1790 1.2481
87 111 1.2385 1.1206 1.1524 1.2172 1.2471 1.2105 1.0777 1.1410
87 112 1.2774 1.1555 1.1885 1.2559 1.2871 1.2495 1.1125 1.1781
87 113 1.2538 1.1348 1.1668 1.2314 1.2610 1.2236 1.0891 1.1528
87 114 1.3559 1.2268 1.2616 1.3325 1.3652 1.3251 1.1797 1.2491
87 115 1.0304 0.9321 0.9587 1.0130 1.0382 1.0079 0.8975 0.9504
87 116 1.3380 1.2103 1.2448 1.3155 1.3483 1.3090 1.1656 1.2344
87 117 1.2576 1.1381 1.1703 1.2355 1.2655 1.2281 1.0933 1.1574
87 118 1.2036 1.0896 1.1201 1.1815 1.2094 1.1718 1.0411 1.1012
87 119 1.3622 1.2333 1.2678 1.3374 1.3691 1.3281 1.1820 1.2509
87 120 1.1473 1.0387 1.0678 1.1263 1.1527 1.1133 0.9849 1.0403
87 121 1.2987 1.1756 1.2086 1.2752 1.3056 1.2667 1.1274 1.1933
87 122 1.0722 0.9707 0.9979 1.0525 1.0773 1.0380 0.9154 0.9658
87 123 1.2675 1.1475 1.1796 1.2443 1.2737 1.2349 1.0981 1.1619
87 124 1.0881 0.9851 1.0127 1.0681 1.0932 1.0548 0.9319 0.9839
87 125 1.2732 1.1521 1.1848 1.2510 1.2815 1.2436 1.1071 1.1721
88 0 1.2317 1.1027 1.1417 1.2315 1.2786 1.2510 1.1186 1.1915
88 1 1.2743 1.1395 1.1808 1.2770 1.3282 1.3013 1.1645 1.2422
88 2 1.1010 0.9865 1.0209 1.0996 1.1405 1.1152 0.9968 1.0612
88 3 0.9550 0.8555 0.8855 0.9542 0.9900 0.9683 0.8657 0.9218
88 4 1.0356 0.9261 0.9597 1.0379 1.0796 1.0578 0.9467 1.0099
88 5 0.9953 0.8907 0.9226 0.9963 1.0352 1.0136 0.9068 0.9667
88 6 1.2536 1.1250 1.1632 1.2489 1.2929 1.2626 1.1276 1.1988
88 7 0.9661 0.8638 0.8952 0.9686 1.0078 0.9877 0.8842 0.9435
88 8 0.9978 0.8931 0.9250 0.9984 1.0372 1.0154 0.9084 0.9683
88 9 1.1846 1.0597 1.0979 1.1867 1.2340 1.2088 1.0819 1.1540
88 10 0.9895 0.8858 0.9174 0.9901 1.0285 1.0069 0.9008 0.9603
88 11 1.2516 1.1222 1.1609 1.2487 1.2942 1.2651 1.1306 1.2032
88 12 1.0091 0.9030 0.9354 1.0104 1.0501 1.0285 0.9203 0.9814
88 13 0.8933 0.8015 0.8288 0.8903 0.9220 0.9007 0.8047 0.8559
88 14 1.0139 0.9071 0.9398 1.0156 1.0560 1.0345 0.9258 0.9875
88 15 1.2033 1.0769 1.1155 1.2047 1.2520 1.2261 1.0971 1.1700
88 16 0.9450 0.8460 0.8761 0.9455 0.9821 0.9615 0.8602 0.9170
88 17 1.0186 0.9118 0.9443 1.0196 1.0594 1.0374 0.9283 0.9898
88 18 0.9285 0.8329 0.8614 0.9259 0.9593 0.9375 0.8377 0.8915
88 19 1.2328 1.1055 1.1436 1.2299 1.2747 1.2461 1.1137 1.1855
88 20 1.0713 0.9593 0.9933 1.0717 1.1131 1.0896 0.9748 1.0392
88 21 1.1984 1.0754 1.1119 1.1943 1.2369 1.2085 1.0797 1.1488
88 22 1.1519 1.0339 1.0689 1.1475 1.1881 1.1605 1.0368 1.1028
88 23 1.0488 0.9385 0.9722 1.0504 1.0920 1.0698 0.9575 1.0213
88 24 1.1355 1.0162 1.0526 1.1370 1.1820 1.1578 1.0362 1.1053
88 25 1.0043 0.8993 0.9312 1.0045 1.0433 1.0214 0.9138 0.9742
88 26 1.1951 1.0678 1.1072 1.2002 1.2507 1.2271 1.0993 1.1742
88 27 0.8201 0.7357 0.7609 0.8178 0.8475 0.8283 0.7403 0.7880
88 28 0.9223 0.8255 0.8550 0.9232 0.9595 0.9398 0.8411 0.8971
88 29 1.0181 0.9116 0.9439 1.0186 1.0582 1.0362 0.9272 0.9886
88 30 1.0762 0.9626 0.9974 1.0787 1.1223 1.1000 0.9848 1.0511
88 31 1.1889 1.0667 1.1031 1.1856 1.2285 1.2008 1.0733 1.1425
88 32 0.9737 0.8734 0.9033 0.9712 1.0066 0.9841 0.8797 0.9366
88 33 1.1724 1.0493 1.0868 1.1741 1.2206 1.1958 1.0703 1.1418
88 34 1.0046 0.9010 0.9320 1.0023 1.0390 1.0159 0.9082 0.9671
88 35 1.0742 0.9616 0.9959 1.0752 1.1174 1.0944 0.9794 1.0447
88 36 1.1971 1.0714 1.1097 1.1988 1.2464 1.2211 1.0930 1.1661
88 37 1.1042 0.9884 1.0236 1.1055 1.1492 1.1257 1.0076 1.0749
88 38 1.0252 0.9178 0.9504 1.0261 1.0665 1.0446 0.9349 0.9973
88 39 1.0914 0.9791 1.0125 1.0884 1.1280 1.1028 0.9858 1.0496
88 40 1.0695 0.9579 0.9917 1.0695 1.1108 1.0876 0.9731 1.0376
88 41 1.2436 1.1140 1.1531 1.2432 1.2909 1.2637 1.1306 1.2053
88 42 1.1455 1.0251 1.0618 1.1472 1.1928 1.1688 1.0463 1.1164
88 43 0.7620 0.6838 0.7070 0.7596 0.7870 0.7693 0.6876 0.7320
88 44 1.1111 0.9976 1.0311 1.1066 1.1458 1.1194 1.0002 1.0644
88 45 0.9907 0.8872 0.9185 0.9910 1.0295 1.0081 0.9021 0.9621
88 46 1.2417 1.1124 1.1514 1.2413 1.2890 1.2619 1.1290 1.2038
88 47 1.0271 0.9207 0.9526 1.0258 1.0645 1.0415 0.9316 0.9928
88 48 1.1756 1.0539 1.0904 1.1740 1.2181 1.1919 1.0660 1.1360
88 49 1.1343 1.0159 1.0517 1.1346 1.1786 1.1542 1.0328 1.1015
88 50 1.0672 0.9551 0.9893 1.0689 1.1115 1.0892 0.9751 1.0406
88 51 1.0391 0.9308 0.9635 1.0390 1.0792 1.0566 0.9454 1.0082
88 52 1.0849 0.9750 1.0071 1.0789 1.1159 1.0896 0.9732 1.0350
88 53 1.1545 1.0344 1.0706 1.1539 1.1981 1.1729 1.0494 1.1188
88 54 1.0192 0.9137 0.9453 1.0177 1.0560 1.0332 0.9241 0.9848
88 55 0.6142 0.5547 0.5711 0.6057 0.6225 0.6052 0.5390 0.5708
88 56 1.0084 0.9033 0.9351 1.0084 1.0474 1.0255 0.9177 0.9786
88 57 0.8357 0.7531 0.7764 0.8271 0.8524 0.8302 0.7404 0.7856
88 58 0.9221 0.8262 0.8551 0.9219 0.9574 0.9373 0.8387 0.8943
88 59 1.1232 1.0049 1.0411 1.1255 1.1709 1.1477 1.0277 1.0970
88 60 0.7935 0.7113 0.7359 0.7924 0.8222 0.8045 0.7196 0.7669
88 61 1.1473 1.0274 1.0637 1.1478 1.1927 1.1681 1.0455 1.1152
88 62 1.1139 0.9964 1.0324 1.1167 1.1621 1.1394 1.0203 1.0894
88 63 1.1678 1.0458 1.0828 1.1683 1.2140 1.1891 1.0642 1.1353
88 64 1.0494 0.9405 0.9732 1.0486 1.0885 1.0655 0.9532 1.0163
88 65 1.1006 0.9842 1.0199 1.1038 1.1491 1.1270 1.0094 1.0780
88 66 1.0397 0.9296 0.9634 1.0430 1.0861 1.0652 0.9542 1.0192
88 67 1.3272 1.1875 1.2302 1.3299 1.3837 1.3564 1.2146 1.2967
88 68 1.1790 1.0533 1.0922 1.1844 1.2348 1.2120 1.0862 1.1609
88 69 1.1165 1.0023 1.0360 1.1123 1.1523 1.1263 1.0067 1.0720
88 70 0.8166 0.7334 0.7579 0.8131 0.8419 0.8227 0.7352 0.7827
88 71 1.1072 0.9903 1.0261 1.1100 1.1554 1.1329 1.0147 1.0836
88 72 0.6903 0.6214 0.6411 0.6846 0.7068 0.6893 0.6152 0.6537
88 73 0.6561 0.5898 0.6091 0.6522 0.6746 0.6586 0.5883 0.6258
88 74 1.0643 0.9530 0.9868 1.0652 1.1072 1.0847 0.9710 1.0362
88 75 1.0400 0.9314 0.9643 1.0406 1.0815 1.0595 0.9483 1.0119
88 76 1.3178 1.1787 1.2213 1.3213 1.3754 1.3488 1.2081 1.2902
88 77 1.2339 1.1049 1.1440 1.2347 1.2833 1.2572 1.1254 1.2009
88 78 1.1436 1.0241 1.0603 1.1442 1.1891 1.1649 1.0427 1.1126
88 79 1.1044 0.9889 1.0239 1.1052 1.1487 1.1254 1.0074 1.0750
88 80 1.1490 1.0280 1.0650 1.1515 1.1982 1.1748 1.0521 1.1234
88 81 1.1279 1.0093 1.0455 1.1301 1.1757 1.1525 1.0321 1.1020
88 82 1.1051 0.9885 1.0242 1.1079 1.1533 1.1309 1.0130 1.0818
88 83 1.2436 1.1152 1.1536 1.2415 1.2881 1.2605 1.1275 1.2020
88 84 0.9537 0.8549 0.8845 0.9527 0.9890 0.9681 0.8662 0.9237
88 85 0.5696 0.5120 0.5288 0.5664 0.5859 0.5722 0.5112 0.5440
88 86 1.1115 0.9943 1.0301 1.1141 1.1595 1.1369 1.0183 1.0875
88 87 1.0093 0.9030 0.9355 1.0117 1.0530 1.0325 0.9248 0.9876
88 89 1.1291 1.0104 1.0466 1.1312 1.1769 1.1538 1.0332 1.1032
88 90 1.0820 0.9697 1.0034 1.0811 1.1225 1.0990 0.9834 1.0488
88 91 1.1288 1.0095 1.0461 1.1322 1.1789 1.1563 1.0359 1.1065
88 92 1.0475 0.9379 0.9712 1.0485 1.0901 1.0682 0.9564 1.0208
88 93 1.1109 0.9939 1.0297 1.1136 1.1591 1.1366 1.0180 1.0873
88 94 0.9649 0.8643 0.8947 0.9654 1.0032 0.9828 0.8798 0.9388
88 95 1.1221 1.0025 1.0395 1.1277 1.1760 1.1547 1.0350 1.1066
88 96 1.0864 0.9710 1.0066 1.0907 1.1367 1.1155 0.9996 1.0683
88 97 1.0509 0.9409 0.9743 1.0520 1.0939 1.0720 0.9598 1.0245
88 98 0.5292 0.4771 0.4918 0.5236 0.5396 0.5257 0.4690 0.4980
88 99 1.1361 1.0160 1.0529 1.1396 1.1868 1.1642 1.0430 1.1143
88 100 1.0782 0.9648 0.9994 1.0806 1.1245 1.1026 0.9876 1.0547
88 101 0.6973 0.6311 0.6488 0.6853 0.7028 0.6446 0.5325 0.5473
88 102 1.0382 0.9282 0.9621 1.0419 1.0854 1.0649 0.9541 1.0194
88 103 1.1149 0.9969 1.0332 1.1188 1.1655 1.1436 1.0246 1.0947
88 104 1.0818 0.9676 1.0026 1.0850 1.1299 1.1083 0.9928 1.0605
88 105 1.1315 1.0117 1.0485 1.1353 1.1826 1.1603 1.0396 1.1107
88 106 1.0962 0.9805 1.0159 1.0994 1.1447 1.1228 1.0058 1.0744
88 107 1.1372 1.0168 1.0538 1.1410 1.1886 1.1662 1.0448 1.1164
88 108 1.0010 0.8977 0.9285 0.9994 1.0371 1.0150 0.9081 0.9682
88 109 1.0545 0.9436 0.9775 1.0568 1.0998 1.0784 0.9659 1.0315
88 110 1.1253 1.0064 1.0429 1.1289 1.1757 1.1534 1.0333 1.1040
88 111 1.1321 1.0121 1.0490 1.1362 1.1837 1.1616 1.0408 1.1122
88 112 1.1497 1.0277 1.0653 1.1543 1.2030 1.1807 1.0580 1.1308
88 113 1.1278 1.0087 1.0452 1.1311 1.1779 1.1555 1.0352 1.1059
88 114 1.1542 1.0320 1.0696 1.1584 1.2069 1.1843 1.0612 1.1340
88 115 1.1366 1.0160 1.0532 1.1412 1.1894 1.1674 1.0461 1.1181
88 116 1.1479 1.0260 1.0636 1.1526 1.2014 1.1792 1.0568 1.1295
88 117 1.0525 0.9412 0.9753 1.0559 1.0999 1.0791 0.9669 1.0331
88 118 1.0885 0.9747 1.0092 1.0896 1.1330 1.1104 0.9943 1.0614
88 119 1.1333 1.0139 1.0504 1.1362 1.1828 1.1601 1.0392 1.1101
88 120 0.9429 0.8461 0.8748 0.9403 0.9750 0.9538 0.8530 0.9092
88 121 1.1261 1.0073 1.0437 1.1292 1.1758 1.1533 1.0332 1.1038
88 122 0.8946 0.8042 0.8305 0.8896 0.9206 0.8993 0.8037 0.8556
88 123 1.1061 0.9900 1.0253 1.1081 1.1530 1.1305 1.0125 1.0813
88 124 0.9074 0.8149 0.8421 0.9039 0.9364 0.9156 0.8186 0.8721
88 125 1.1193 1.0009 1.0372 1.1232 1.1701 1.1481 1.0288 1.0994
89 0 1.2197 1.1040 1.1347 1.1972 1.2259 1.1889 1.0575 1.1194
89 1 1.2671 1.1460 1.1785 1.2457 1.2772 1.2406 1.1050 1.1712
89 2 1.1719 1.0608 1.0904 1.1502 1.1775 1.1408 1.0133 1.0719
89 3 1.2099 1.0952 1.1258 1.1876 1.2159 1.1783 1.0471 1.1079
89 4 1.2428 1.1241 1.1561 1.2219 1.2527 1.2167 1.0838 1.1487
89 5 1.0936 0.9898 1.0176 1.0738 1.0997 1.0674 0.9503 1.0065
89 6 1.1816 1.0697 1.0995 1.1598 1.1871 1.1473 1.0159 1.0732
89 7 1.2840 1.1612 1.1944 1.2628 1.2949 1.2579 1.1206 1.1879
89 8 1.1610 1.0510 1.0803 1.1398 1.1670 1.1323 1.0079 1.0672
89 9 1.0549 0.9545 0.9815 1.0366 1.0622 1.0313 0.9185 0.9732
89 10 1.1153 1.0097 1.0379 1.0950 1.1211 1.0877 0.9680 1.0249
89 11 1.0680 0.9668 0.9938 1.0483 1.0731 1.0384 0.9210 0.9737
89 12 1.1017 0.9972 1.0252 1.0820 1.1081 1.0755 0.9576 1.0142
89 13 1.1561 1.0466 1.0759 1.1348 1.1616 1.1229 0.9946 1.0509
89 14 1.1812 1.0689 1.0991 1.1605 1.1888 1.1541 1.0277 1.0887
89 15 0.9703 0.8784 0.9030 0.9528 0.9756 0.9467 0.8429 0.8926
89 16 1.2778 1.1567 1.1891 1.2544 1.2843 1.2457 1.1083 1.1734
89 17 1.0753 0.9735 1.0007 1.0558 1.0809 1.0488 0.9335 0.9884
89 18 0.8122 0.7353 0.7559 0.7973 0.8161 0.7892 0.6994 0.7392
89 19 1.0359 0.9378 0.9640 1.0168 1.0408 1.0069 0.8928 0.9438
89 20 1.1878 1.0753 1.1053 1.1661 1.1938 1.1576 1.0296 1.0898
89 21 1.3208 1.1957 1.2292 1.2965 1.3270 1.2826 1.1358 1.2000
89 22 1.0522 0.9525 0.9792 1.0328 1.0571 1.0213 0.9039 0.9548
89 23 1.2136 1.0985 1.1294 1.1919 1.2207 1.1847 1.0548 1.1170
89 24 1.0414 0.9427 0.9691 1.0226 1.0471 1.0161 0.9046 0.9579
89 25 0.8425 0.7627 0.7840 0.8271 0.8467 0.8209 0.7300 0.7726
89 26 1.0243 0.9257 0.9526 1.0086 1.0352 1.0062 0.8966 0.9508
89 27 1.2135 1.0986 1.1294 1.1912 1.2193 1.1790 1.0446 1.1040
89 28 1.2796 1.1584 1.1908 1.2563 1.2862 1.2478 1.1106 1.1758
89 29 1.1344 1.0270 1.0557 1.1137 1.1402 1.1056 0.9834 1.0409
89 30 0.9971 0.9022 0.9277 0.9799 1.0041 0.9748 0.8681 0.9197
89 31 1.2759 1.1551 1.1874 1.2525 1.2820 1.2394 1.0980 1.1604
89 32 1.2115 1.0968 1.1275 1.1893 1.2173 1.1772 1.0433 1.1027
89 33 1.0095 0.9139 0.9395 0.9912 1.0148 0.9847 0.8766 0.9282
89 34 1.2010 1.0873 1.1177 1.1789 1.2067 1.1671 1.0346 1.0936
89 35 1.1329 1.0256 1.0543 1.1122 1.1386 1.1044 0.9826 1.0402
89 36 0.9800 0.8872 0.9120 0.9621 0.9850 0.9558 0.8508 0.9009
89 37 1.0012 0.9064 0.9318 0.9830 1.0064 0.9763 0.8689 0.9198
89 38 0.8975 0.8125 0.8353 0.8812 0.9021 0.8750 0.7785 0.8241
89 39 1.2299 1.1135 1.1446 1.2073 1.2358 1.1948 1.0585 1.1186
89 40 1.2042 1.0901 1.1206 1.1821 1.2101 1.1728 1.0423 1.1029
89 41 1.3088 1.1848 1.2180 1.2848 1.3152 1.2743 1.1321 1.1978
89 42 0.9651 0.8737 0.8981 0.9475 0.9701 0.9413 0.8379 0.8872
89 43 1.1673 1.0568 1.0864 1.1459 1.1729 1.1335 1.0036 1.0604
89 44 1.1997 1.0861 1.1165 1.1777 1.2054 1.1639 1.0295 1.0872
89 45 1.0366 0.9385 0.9647 1.0177 1.0418 1.0098 0.8977 0.9499
89 46 1.3088 1.1848 1.2180 1.2848 1.3152 1.2741 1.1319 1.1975
89 47 1.2723 1.1518 1.1840 1.2489 1.2784 1.2375 1.0981 1.1612
89 48 0.9724 0.8803 0.9049 0.9545 0.9770 0.9457 0.8390 0.8872
89 49 0.9830 0.8899 0.9148 0.9650 0.9879 0.9574 0.8510 0.9005
89 50 1.1955 1.0823 1.1126 1.1737 1.2016 1.1659 1.0378 1.0987
89 51 1.0445 0.9456 0.9721 1.0254 1.0496 1.0170 0.9036 0.9560
89 52 1.1705 1.0597 1.0894 1.1490 1.1760 1.1341 1.0012 1.0567
89 53 0.9502 0.8602 0.8843 0.9328 0.9549 0.9248 0.8213 0.8688
89 54 1.1496 1.0407 1.0698 1.1285 1.1551 1.1178 0.9916 1.0484
89 55 1.1405 1.0326 1.0615 1.1195 1.1458 1.0971 0.9589 1.0082
89 56 0.8878 0.8037 0.8262 0.8715 0.8921 0.8644 0.7680 0.8124
89 57 1.1626 1.0526 1.0820 1.1412 1.1680 1.1218 0.9847 1.0370
89 58 0.8761 0.7931 0.8153 0.8600 0.8803 0.8528 0.7574 0.8012
89 59 1.1267 1.0198 1.0485 1.1066 1.1332 1.0997 0.9790 1.0366
89 60 1.2662 1.1464 1.1784 1.2430 1.2723 1.2312 1.0922 1.1547
89 61 0.9431 0.8538 0.8777 0.9259 0.9478 0.9186 0.8166 0.8640
89 62 1.0339 0.9356 0.9621 1.0158 1.0406 1.0100 0.8992 0.9522
89 63 0.9912 0.8974 0.9225 0.9731 0.9961 0.9654 0.8582 0.9080
89 64 1.0934 0.9899 1.0176 1.0734 1.0987 1.0637 0.9442 0.9985
89 65 0.8534 0.7721 0.7941 0.8389 0.8596 0.8345 0.7431 0.7871
89 66 1.0397 0.9405 0.9673 1.0222 1.0476 1.0172 0.9058 0.9595
89 67 1.3996 1.2668 1.3025 1.3745 1.4075 1.3657 1.2158 1.2872
89 68 0.9813 0.8870 0.9128 0.9661 0.9913 0.9632 0.8582 0.9096
89 69 1.2253 1.1093 1.1404 1.2028 1.2311 1.1889 1.0517 1.1108
89 70 1.2309 1.1144 1.1456 1.2083 1.2368 1.1938 1.0552 1.1143
89 71 0.9735 0.8809 0.9059 0.9565 0.9799 0.9510 0.8468 0.8967
89 72 1.2201 1.1046 1.1355 1.1976 1.2258 1.1792 1.0375 1.0937
89 73 1.2424 1.1248 1.1563 1.2196 1.2482 1.2032 1.0615 1.1201
89 74 1.0979 0.9939 1.0218 1.0778 1.1033 1.0696 0.9510 1.0063
89 75 1.0851 0.9823 1.0098 1.0652 1.0904 1.0568 0.9394 0.9940
89 76 1.3937 1.2611 1.2968 1.3694 1.4028 1.3616 1.2123 1.2838
89 77 1.0790 0.9768 1.0042 1.0593 1.0843 1.0510 0.9343 0.9886
89 78 0.7974 0.7219 0.7422 0.7829 0.8014 0.7766 0.6903 0.7303
89 79 0.9015 0.8161 0.8390 0.8850 0.9060 0.8781 0.7807 0.8260
89 80 1.1205 1.0142 1.0427 1.1004 1.1268 1.0934 0.9733 1.0305
89 81 0.9689 0.8771 0.9017 0.9513 0.9739 0.9449 0.8411 0.8903
89 82 1.1965 1.0827 1.1134 1.1755 1.2040 1.1685 1.0404 1.1016
89 83 1.3135 1.1891 1.2224 1.2894 1.3198 1.2766 1.1317 1.1963
89 84 1.1621 1.0521 1.0815 1.1408 1.1677 1.1301 1.0027 1.0601
89 85 1.2694 1.1492 1.1814 1.2460 1.2753 1.2294 1.0849 1.1449
89 86 0.9980 0.9033 0.9287 0.9803 1.0039 0.9742 0.8672 0.9182
89 87 1.2169 1.1014 1.1324 1.1952 1.2240 1.1878 1.0574 1.1195
89 88 1.2231 1.1073 1.1383 1.2006 1.2288 1.1731 1.0212 1.0724
89 90 0.6364 0.5762 0.5923 0.6248 0.6395 0.6190 0.5493 0.5808
89 91 0.9315 0.8428 0.8667 0.9154 0.9379 0.9104 0.8106 0.8583
89 92 1.0687 0.9675 0.9946 1.0492 1.0740 1.0411 0.9257 0.9794
89 93 0.7931 0.7178 0.7380 0.7789 0.7977 0.7741 0.6891 0.7296
89 94 1.1779 1.0664 1.0963 1.1564 1.1837 1.1469 1.0191 1.0781
89 95 0.9527 0.8611 0.8862 0.9380 0.9625 0.9352 0.8332 0.8830
89 96 0.9326 0.8433 0.8676 0.9174 0.9406 0.9135 0.8136 0.8619
89 97 0.9307 0.8426 0.8662 0.9137 0.9353 0.9067 0.8063 0.8531
89 98 1.1664 1.0560 1.0856 1.1450 1.1719 1.1250 0.9868 1.0393
89 99 0.9057 0.8195 0.8427 0.8901 0.9120 0.8853 0.7882 0.8347
89 100 0.7138 0.6461 0.6643 0.7009 0.7176 0.6962 0.6197 0.6560
89 101 1.2603 1.1410 1.1730 1.2372 1.2662 1.1595 0.9569 0.9809
89 102 0.9685 0.8761 0.9011 0.9522 0.9760 0.9475 0.8437 0.8935
89 103 0.8456 0.7649 0.7868 0.8314 0.8521 0.8273 0.7366 0.7801
89 104 0.7420 0.6714 0.6904 0.7291 0.7470 0.7250 0.6454 0.6834
89 105 0.9102 0.8234 0.8469 0.8948 0.9170 0.8902 0.7926 0.8394
89 106 0.7264 0.6573 0.6759 0.7137 0.7311 0.7096 0.6317 0.6688
89 107 0.9427 0.8528 0.8771 0.9267 0.9497 0.9219 0.8209 0.8693
89 108 0.9869 0.8935 0.9185 0.9688 0.9917 0.9591 0.8502 0.8985
89 109 0.8865 0.8025 0.8250 0.8704 0.8912 0.8646 0.7696 0.8145
89 110 0.9430 0.8532 0.8774 0.9267 0.9495 0.9217 0.8206 0.8689
89 111 0.9753 0.8822 0.9074 0.9589 0.9828 0.9542 0.8497 0.8999
89 112 1.0475 0.9473 0.9745 1.0303 1.0563 1.0257 0.9135 0.9676
89 113 0.9659 0.8740 0.8988 0.9491 0.9722 0.9436 0.8401 0.8894
89 114 1.0740 0.9715 0.9992 1.0560 1.0823 1.0507 0.9356 0.9909
89 115 1.0057 0.9095 0.9356 0.9892 1.0141 0.9848 0.8770 0.9290
89 116 0.8489 0.7676 0.7897 0.8350 0.8562 0.8314 0.7404 0.7843
89 117 0.7578 0.6856 0.7051 0.7449 0.7632 0.7408 0.6596 0.6985
89 118 0.9220 0.8347 0.8581 0.9052 0.9266 0.8981 0.7984 0.8446
89 119 0.8003 0.7243 0.7447 0.7860 0.8049 0.7810 0.6952 0.7359
89 120 1.1629 1.0528 1.0823 1.1415 1.1684 1.1289 0.9993 1.0557
89 121 0.9069 0.8207 0.8439 0.8909 0.9124 0.8854 0.7882 0.8345
89 122 1.0968 0.9930 1.0208 1.0767 1.1020 1.0623 0.9373 0.9891
89 123 0.9000 0.8148 0.8376 0.8835 0.9045 0.8772 0.7805 0.8260
89 124 1.1104 1.0053 1.0334 1.0900 1.1157 1.0769 0.9519 1.0052
89 125 0.9772 0.8841 0.9092 0.9606 0.9843 0.9555 0.8508 0.9009
90 0 1.0990 0.9936 1.0220 1.0807 1.1082 1.0763 0.9584 1.0154
90 1 1.1256 1.0165 1.0464 1.1093 1.1396 1.1082 0.9877 1.0478
90 2 1.0721 0.9700 0.9974 1.0531 1.0788 1.0470 0.9320 0.9867
90 3 1.0944 0.9900 1.0181 1.0754 1.1019 1.0696 0.9523 1.0084
90 4 1.0930 0.9871 1.0162 1.0773 1.1066 1.0760 0.9591 1.0175
90 5 0.9912 0.8958 0.9218 0.9757 1.0012 0.9728 0.8667 0.9188
90 6 0.9607 0.8697 0.8940 0.9430 0.9652 0.9348 0.8302 0.8776
90 7 1.1328 1.0229 1.0532 1.1169 1.1475 1.1161 0.9949 1.0556
90 8 1.0388 0.9391 0.9662 1.0222 1.0485 1.0186 0.9074 0.9617
90 9 0.9826 0.8878 0.9138 0.9680 0.9939 0.9662 0.8610 0.9131
90 10 1.0019 0.9058 0.9319 0.9858 1.0111 0.9822 0.8749 0.9272
90 11 1.0063 0.9110 0.9364 0.9878 1.0112 0.9805 0.8722 0.9228
90 12 0.9894 0.8942 0.9202 0.9741 0.9996 0.9714 0.8655 0.9175
90 13 1.0533 0.9535 0.9802 1.0339 1.0583 1.0252 0.9107 0.9631
90 14 1.0361 0.9362 0.9636 1.0205 1.0475 1.0181 0.9072 0.9620
90 15 0.9419 0.8513 0.8760 0.9271 0.9512 0.9242 0.8234 0.8728
90 16 1.1438 1.0342 1.0640 1.1252 1.1538 1.1207 0.9982 1.0578
90 17 0.9627 0.8703 0.8955 0.9474 0.9718 0.9441 0.8410 0.8914
90 18 0.7865 0.7120 0.7320 0.7721 0.7904 0.7659 0.6807 0.7200
90 19 0.9755 0.8831 0.9078 0.9576 0.9803 0.9503 0.8451 0.8941
90 20 1.0349 0.9359 0.9628 1.0178 1.0435 1.0133 0.9025 0.9562
90 21 1.0847 0.9820 1.0094 1.0648 1.0899 1.0557 0.9375 0.9914
90 22 1.0008 0.9060 0.9314 0.9824 1.0056 0.9736 0.8642 0.9136
90 23 1.0350 0.9354 0.9626 1.0190 1.0456 1.0161 0.9053 0.9597
90 24 0.9338 0.8440 0.8685 0.9192 0.9431 0.9164 0.8164 0.8654
90 25 0.8036 0.7268 0.7476 0.7902 0.8100 0.7865 0.7005 0.7421
90 26 0.9489 0.8564 0.8821 0.9368 0.9635 0.9376 0.8362 0.8876
90 27 1.1126 1.0072 1.0354 1.0922 1.1180 1.0834 0.9627 1.0183
90 28 1.1377 1.0285 1.0583 1.1196 1.1483 1.1155 0.9937 1.0532
90 29 0.9792 0.8855 0.9109 0.9631 0.9874 0.9589 0.8540 0.9048
90 30 0.9358 0.8454 0.8702 0.9220 0.9466 0.9202 0.8201 0.8697
90 31 1.0472 0.9480 0.9746 1.0280 1.0524 1.0196 0.9060 0.9583
90 32 1.1627 1.0526 1.0820 1.1414 1.1684 1.1324 1.0065 1.0647
90 33 0.9050 0.8181 0.8418 0.8908 0.9139 0.8879 0.7910 0.8384
90 34 1.1106 1.0055 1.0336 1.0903 1.1161 1.0818 0.9618 1.0175
90 35 0.9955 0.9001 0.9260 0.9794 1.0043 0.9755 0.8689 0.9207
90 36 0.9113 0.8237 0.8476 0.8969 0.9201 0.8939 0.7964 0.8441
90 37 0.9456 0.8549 0.8796 0.9305 0.9544 0.9271 0.8259 0.8752
90 38 0.8256 0.7465 0.7680 0.8122 0.8329 0.8090 0.7206 0.7636
90 39 1.1158 1.0101 1.0384 1.0954 1.1213 1.0865 0.9654 1.0211
90 40 1.0557 0.9550 0.9822 1.0377 1.0633 1.0323 0.9192 0.9736
90 41 1.0765 0.9741 1.0017 1.0579 1.0837 1.0519 0.9366 0.9919
90 42 0.9083 0.8210 0.8448 0.8940 0.9172 0.8911 0.7939 0.8414
90 43 1.0783 0.9762 1.0035 1.0585 1.0836 1.0495 0.9320 0.9856
90 44 1.0321 0.9344 0.9605 1.0132 1.0371 1.0037 0.8903 0.9412
90 45 0.9199 0.8321 0.8558 0.9044 0.9269 0.8999 0.8014 0.8489
90 46 1.0859 0.9826 1.0104 1.0670 1.0931 1.0609 0.9446 1.0003
90 47 1.2000 1.0864 1.1168 1.1781 1.2060 1.1700 1.0413 1.1021
90 48 0.8213 0.7435 0.7643 0.8062 0.8254 0.8006 0.7124 0.7540
90 49 0.9308 0.8420 0.8660 0.9150 0.9377 0.9104 0.8107 0.8587
90 50 1.0447 0.9444 0.9718 1.0283 1.0548 1.0248 0.9129 0.9676
90 51 0.9419 0.8522 0.8764 0.9256 0.9483 0.9205 0.8196 0.8680
90 52 1.0107 0.9150 0.9406 0.9922 1.0157 0.9816 0.8691 0.9182
90 53 0.8557 0.7744 0.7962 0.8405 0.8609 0.8355 0.7438 0.7875
90 54 1.0316 0.9339 0.9600 1.0127 1.0367 1.0054 0.8946 0.9467
90 55 1.0671 0.9661 0.9931 1.0475 1.0722 1.0288 0.9019 0.9491
90 56 0.8078 0.7309 0.7516 0.7938 0.8133 0.7894 0.7029 0.7443
90 57 1.0869 0.9840 1.0115 1.0670 1.0921 1.0512 0.9254 0.9756
90 58 0.8125 0.7352 0.7560 0.7982 0.8176 0.7935 0.7065 0.7480
90 59 1.0651 0.9626 0.9907 1.0488 1.0762 1.0457 0.9317 0.9876
90 60 1.1543 1.0450 1.0743 1.1333 1.1601 1.1251 1.0010 1.0594
90 61 0.8717 0.7885 0.8110 0.8570 0.8783 0.8528 0.7594 0.8043
90 62 0.8961 0.8097 0.8334 0.8827 0.9060 0.8806 0.7846 0.8318
90 63 0.8593 0.7773 0.7995 0.8448 0.8658 0.8406 0.7485 0.7928
90 64 0.9748 0.8824 0.9072 0.9572 0.9800 0.9509 0.8464 0.8960
90 65 0.7705 0.6960 0.7165 0.7593 0.7796 0.7579 0.6754 0.7162
90 66 0.9508 0.8588 0.8842 0.9372 0.9625 0.9358 0.8340 0.8845
90 67 1.1607 1.0490 1.0796 1.1428 1.1726 1.1393 1.0151 1.0759
90 68 0.8948 0.8076 0.8319 0.8833 0.9081 0.8836 0.7878 0.8360
90 69 1.0473 0.9482 0.9747 1.0282 1.0525 1.0187 0.9038 0.9556
90 70 1.1724 1.0614 1.0911 1.1509 1.1781 1.1397 1.0105 1.0681
90 71 0.8358 0.7552 0.7773 0.8233 0.8451 0.8214 0.7319 0.7759
90 72 1.1330 1.0257 1.0544 1.1123 1.1385 1.0977 0.9687 1.0222
90 73 1.1426 1.0344 1.0634 1.1217 1.1482 1.1092 0.9816 1.0368
90 74 0.9739 0.8808 0.9060 0.9577 0.9817 0.9532 0.8489 0.8992
90 75 0.9563 0.8650 0.8897 0.9402 0.9636 0.9355 0.8331 0.8824
90 76 1.1668 1.0543 1.0852 1.1495 1.1800 1.1468 1.0219 1.0834
90 77 1.0236 0.9259 0.9523 1.0064 1.0315 1.0015 0.8919 0.9447
90 78 0.7490 0.6776 0.6969 0.7364 0.7546 0.7326 0.6524 0.6910
90 79 0.8355 0.7557 0.7773 0.8215 0.8419 0.8175 0.7280 0.7711
90 80 0.9391 0.8488 0.8735 0.9247 0.9488 0.9219 0.8213 0.8706
90 81 1.0626 0.9605 0.9884 1.0459 1.0730 1.0424 0.9287 0.9842
90 82 1.0540 0.9524 0.9803 1.0382 1.0656 1.0356 0.9228 0.9782
90 83 1.1233 1.0169 1.0454 1.1028 1.1289 1.0944 0.9732 1.0297
90 84 1.1205 1.0144 1.0428 1.1001 1.1262 1.0924 0.9722 1.0289
90 85 1.1670 1.0566 1.0861 1.1457 1.1728 1.1331 1.0029 1.0595
90 86 0.9746 0.8808 0.9065 0.9598 0.9849 0.9571 0.8527 0.9039
90 87 1.1568 1.0454 1.0759 1.1391 1.1689 1.1359 1.0120 1.0727
90 88 1.1439 1.0356 1.0646 1.1230 1.1495 1.0998 0.9601 1.0094
90 89 0.6492 0.5868 0.6038 0.6390 0.6555 0.6368 0.5672 0.6011
90 91 0.9960 0.8998 0.9263 0.9814 1.0076 0.9794 0.8727 0.9253
90 92 0.9414 0.8514 0.8758 0.9258 0.9490 0.9215 0.8206 0.8693
90 93 0.6881 0.6218 0.6400 0.6776 0.6954 0.6757 0.6020 0.6381
90 94 1.1294 1.0218 1.0508 1.1100 1.1374 1.1041 0.9831 1.0411
90 95 0.8438 0.7615 0.7845 0.8330 0.8566 0.8334 0.7431 0.7885
90 96 0.8301 0.7495 0.7719 0.8187 0.8412 0.8181 0.7292 0.7734
90 97 1.0010 0.9053 0.9313 0.9845 1.0092 0.9800 0.8728 0.9245
90 98 1.0930 0.9895 1.0173 1.0731 1.0984 1.0568 0.9298 0.9803
90 99 1.0048 0.9078 0.9345 0.9901 1.0166 0.9881 0.8806 0.9336
90 100 0.5635 0.5093 0.5241 0.5548 0.5692 0.5530 0.4926 0.5221
90 101 1.1652 1.0549 1.0844 1.1439 1.1710 1.0725 0.8852 0.9077
90 102 0.8795 0.7944 0.8179 0.8670 0.8905 0.8657 0.7715 0.8181
90 103 0.6308 0.5697 0.5866 0.6218 0.6386 0.6208 0.5533 0.5867
90 104 0.7272 0.6570 0.6763 0.7165 0.7355 0.7149 0.6370 0.6753
90 105 0.7990 0.7217 0.7430 0.7875 0.8088 0.7862 0.7006 0.7429
90 106 0.6107 0.5518 0.5680 0.6016 0.6176 0.6002 0.5348 0.5669
90 107 0.9699 0.8761 0.9020 0.9560 0.9817 0.9544 0.8505 0.9018
90 108 1.0290 0.9316 0.9577 1.0103 1.0343 1.0026 0.8914 0.9431
90 109 0.8308 0.7510 0.7728 0.8179 0.8391 0.8152 0.7262 0.7696
90 110 0.8946 0.8082 0.8320 0.8815 0.9051 0.8797 0.7839 0.8311
90 111 0.7513 0.6786 0.6986 0.7406 0.7607 0.7396 0.6591 0.6989
90 112 0.9084 0.8203 0.8447 0.8959 0.9204 0.8950 0.7977 0.8460
90 113 0.8577 0.7749 0.7977 0.8450 0.8674 0.8430 0.7512 0.7963
90 114 1.0008 0.9039 0.9307 0.9866 1.0133 0.9851 0.8780 0.9310
90 115 0.9197 0.8304 0.8551 0.9070 0.9318 0.9061 0.8076 0.8565
90 116 0.8151 0.7360 0.7579 0.8040 0.8260 0.8033 0.7160 0.7594
90 117 0.6392 0.5774 0.5944 0.6299 0.6467 0.6287 0.5602 0.5940
90 118 0.8538 0.7722 0.7943 0.8395 0.8605 0.8355 0.7440 0.7881
90 119 0.7920 0.7158 0.7367 0.7799 0.8004 0.7777 0.6929 0.7344
90 120 1.1224 1.0162 1.0446 1.1020 1.1282 1.0925 0.9700 1.0259
90 121 0.7355 0.6646 0.6840 0.7244 0.7435 0.7225 0.6437 0.6823
90 122 1.0664 0.9655 0.9925 1.0470 1.0718 1.0356 0.9165 0.9682
90 123 0.7523 0.6801 0.6998 0.7403 0.7593 0.7375 0.6569 0.6960
90 124 1.0791 0.9769 1.0042 1.0594 1.0845 1.0492 0.9303 0.9835
90 125 0.8353 0.7545 0.7768 0.8232 0.8453 0.8218 0.7323 0.7764
91 0 1.2653 1.1453 1.1771 1.2420 1.2717 1.2324 1.0950 1.1588
91 1 1.3349 1.2080 1.2418 1.3110 1.3433 1.3041 1.1613 1.2305
91 2 1.2049 1.0907 1.1211 1.1827 1.2107 1.1720 1.0399 1.0998
91 3 1.2548 1.1359 1.1676 1.2317 1.2610 1.2210 1.0839 1.1465
91 4 1.3171 1.1920 1.2254 1.2936 1.3253 1.2866 1.1458 1.2140
91 5 1.1174 1.0115 1.0398 1.0971 1.1234 1.0895 0.9691 1.0261
91 6 1.2142 1.0992 1.1299 1.1917 1.2198 1.1780 1.0419 1.1004
91 7 1.3619 1.2324 1.2671 1.3381 1.3712 1.3314 1.1858 1.2565
91 8 1.2034 1.0894 1.1198 1.1814 1.2097 1.1727 1.0427 1.1037
91 9 1.1752 1.0638 1.0936 1.1539 1.1816 1.1467 1.0208 1.0812
91 10 1.1476 1.0388 1.0679 1.1266 1.1535 1.1182 0.9941 1.0522
91 11 1.3380 1.2113 1.2452 1.3134 1.3444 1.2999 1.1516 1.2172
91 12 1.1324 1.0251 1.0538 1.1118 1.1384 1.1041 0.9822 1.0400
91 13 1.1915 1.0786 1.1088 1.1695 1.1971 1.1563 1.0230 1.0806
91 14 1.2452 1.1272 1.1588 1.2226 1.2520 1.2146 1.0810 1.1447
91 15 1.1227 1.0163 1.0447 1.1022 1.1286 1.0943 0.9733 1.0304
91 16 1.3378 1.2111 1.2450 1.3134 1.3447 1.3031 1.1582 1.2257
91 17 1.1006 0.9964 1.0242 1.0806 1.1063 1.0725 0.9536 1.0094
91 18 0.9165 0.8297 0.8529 0.8996 0.9208 0.8897 0.7876 0.8321
91 19 1.3187 1.1938 1.2272 1.2945 1.3250 1.2808 1.1343 1.1987
91 20 1.2585 1.1393 1.1711 1.2355 1.2648 1.2254 1.0887 1.1520
91 21 1.3791 1.2485 1.2834 1.3537 1.3856 1.3381 1.1836 1.2501
91 22 1.2367 1.1196 1.1509 1.2139 1.2425 1.1994 1.0604 1.1197
91 23 1.3132 1.1888 1.2221 1.2893 1.3201 1.2803 1.1389 1.2057
91 24 1.0814 0.9790 1.0064 1.0618 1.0871 1.0541 0.9375 0.9924
91 25 0.9951 0.9009 0.9261 0.9769 1.0001 0.9688 0.8606 0.9105
91 26 1.1686 1.0568 1.0871 1.1496 1.1790 1.1454 1.0205 1.0817
91 27 1.2528 1.1342 1.1659 1.2298 1.2588 1.2161 1.0763 1.1371
91 28 1.3445 1.2171 1.2512 1.3200 1.3514 1.3100 1.1646 1.2326
91 29 1.2016 1.0878 1.1183 1.1797 1.2077 1.1701 1.0396 1.1000
91 30 1.1244 1.0178 1.0463 1.1040 1.1304 1.0969 0.9765 1.0341
91 31 1.3233 1.1980 1.2315 1.2990 1.3296 1.2844 1.1366 1.2007
91 32 1.2453 1.1274 1.1589 1.2224 1.2512 1.2090 1.0702 1.1308
91 33 1.0582 0.9580 0.9848 1.0389 1.0637 1.0313 0.9170 0.9706
91 34 1.2335 1.1167 1.1480 1.2109 1.2394 1.1978 1.0605 1.1206
91 35 1.1834 1.0713 1.1013 1.1618 1.1894 1.1527 1.0244 1.0840
91 36 1.0351 0.9371 0.9633 1.0162 1.0404 1.0087 0.8969 0.9493
91 37 1.2065 1.0922 1.1228 1.1845 1.2126 1.1754 1.0449 1.1058
91 38 0.9719 0.8798 0.9045 0.9542 0.9768 0.9466 0.8413 0.8902
91 39 1.2634 1.1438 1.1758 1.2402 1.2694 1.2262 1.0851 1.1464
91 40 1.2737 1.1531 1.1854 1.2504 1.2800 1.2394 1.1003 1.1639
91 41 1.3633 1.2342 1.2688 1.3384 1.3700 1.3262 1.1769 1.2447
91 42 1.1208 1.0147 1.0431 1.1004 1.1266 1.0922 0.9712 1.0279
91 43 1.1967 1.0834 1.1137 1.1747 1.2023 1.1610 1.0268 1.0845
91 44 1.2281 1.1118 1.1430 1.2055 1.2339 1.1905 1.0517 1.1103
91 45 1.0543 0.9545 0.9812 1.0350 1.0595 1.0261 0.9112 0.9638
91 46 1.3605 1.2317 1.2662 1.3356 1.3672 1.3234 1.1743 1.2419
91 47 1.2756 1.1548 1.1872 1.2522 1.2818 1.2397 1.0988 1.1615
91 48 1.0301 0.9326 0.9587 1.0112 1.0351 1.0010 0.8871 0.9377
91 49 0.9879 0.8944 0.9194 0.9699 0.9928 0.9614 0.8536 0.9029
91 50 1.2625 1.1429 1.1749 1.2394 1.2689 1.2301 1.0937 1.1575
91 51 1.0395 0.9411 0.9674 1.0205 1.0446 1.0112 0.8975 0.9491
91 52 1.1938 1.0808 1.1110 1.1718 1.1994 1.1556 1.0191 1.0751
91 53 1.0237 0.9268 0.9527 1.0050 1.0287 0.9955 0.8831 0.9337
91 54 1.1932 1.0802 1.1105 1.1713 1.1989 1.1592 1.0272 1.0856
91 55 1.1608 1.0509 1.0803 1.1394 1.1661 1.1156 0.9740 1.0237
91 56 0.9874 0.8939 0.9189 0.9693 0.9922 0.9605 0.8524 0.9015
91 57 1.1855 1.0732 1.1033 1.1636 1.1909 1.1428 1.0020 1.0549
91 58 0.8127 0.7358 0.7564 0.7978 0.8167 0.7904 0.7012 0.7415
91 59 1.2376 1.1204 1.1517 1.2150 1.2439 1.2063 1.0730 1.1356
91 60 1.3152 1.1907 1.2241 1.2911 1.3215 1.2778 1.1322 1.1965
91 61 1.0200 0.9235 0.9493 1.0014 1.0251 0.9927 0.8814 0.9322
91 62 1.0627 0.9620 0.9890 1.0433 1.0682 1.0362 0.9220 0.9760
91 63 1.0712 0.9698 0.9969 1.0516 1.0765 1.0424 0.9255 0.9789
91 64 1.0843 0.9816 1.0091 1.0644 1.0895 1.0539 0.9344 0.9877
91 65 0.9878 0.8942 0.9193 0.9700 0.9933 0.9638 0.8580 0.9083
91 66 1.1290 1.0218 1.0506 1.1088 1.1356 1.1021 0.9811 1.0388
91 67 1.4680 1.3289 1.3661 1.4412 1.4754 1.4306 1.2724 1.3466
91 68 0.9713 0.8784 0.9036 0.9553 0.9795 0.9512 0.8472 0.8976
91 69 1.2561 1.1372 1.1690 1.2330 1.2620 1.2177 1.0759 1.1359
91 70 1.2691 1.1490 1.1811 1.2458 1.2751 1.2297 1.0857 1.1460
91 71 0.9753 0.8829 0.9076 0.9575 0.9803 0.9509 0.8462 0.8957
91 72 1.2520 1.1335 1.1652 1.2290 1.2578 1.2090 1.0625 1.1196
91 73 1.2827 1.1613 1.1938 1.2591 1.2887 1.2411 1.0937 1.1536
91 74 1.0899 0.9867 1.0144 1.0700 1.0953 1.0609 0.9422 0.9966
91 75 1.0091 0.9135 0.9391 0.9906 1.0140 0.9820 0.8719 0.9221
91 76 1.4597 1.3214 1.3584 1.4331 1.4672 1.4233 1.2666 1.3407
91 77 1.3532 1.2250 1.2593 1.3284 1.3598 1.3169 1.1693 1.2367
91 78 0.9524 0.8622 0.8864 0.9350 0.9571 0.9267 0.8227 0.8701
91 79 0.9933 0.8992 0.9244 0.9751 0.9981 0.9667 0.8584 0.9078
91 80 1.0795 0.9773 1.0047 1.0599 1.0850 1.0521 0.9357 0.9902
91 81 0.9708 0.8789 0.9035 0.9531 0.9757 0.9459 0.8410 0.8899
91 82 1.3614 1.2325 1.2670 1.3366 1.3684 1.3273 1.1810 1.2500
91 83 1.3568 1.2283 1.2627 1.3319 1.3632 1.3175 1.1666 1.2327
91 84 1.1472 1.0386 1.0677 1.1262 1.1527 1.1147 0.9878 1.0440
91 85 1.3122 1.1880 1.2212 1.2881 1.3183 1.2698 1.1192 1.1806
91 86 0.8598 0.7784 0.8002 0.8442 0.8642 0.8380 0.7455 0.7889
91 87 1.2034 1.0894 1.1200 1.1815 1.2095 1.1729 1.0433 1.1041
91 88 1.2511 1.1327 1.1644 1.2281 1.2569 1.1990 1.0425 1.0944
91 89 0.8958 0.8109 0.8336 0.8794 0.9002 0.8726 0.7758 0.8208
91 90 0.8919 0.8075 0.8301 0.8756 0.8962 0.8668 0.7683 0.8120
91 92 0.9874 0.8939 0.9190 0.9693 0.9923 0.9610 0.8535 0.9027
91 93 0.8606 0.7791 0.8009 0.8449 0.8649 0.8387 0.7461 0.7895
91 94 1.1629 1.0528 1.0823 1.1416 1.1685 1.1312 1.0040 1.0617
91 95 1.0403 0.9408 0.9678 1.0233 1.0492 1.0189 0.9074 0.9613
91 96 1.0271 0.9293 0.9557 1.0093 1.0341 1.0038 0.8937 0.9464
91 97 0.9133 0.8268 0.8500 0.8966 0.9178 0.8889 0.7895 0.8351
91 98 1.1884 1.0760 1.1061 1.1666 1.1940 1.1452 1.0034 1.0563
91 99 0.8665 0.7844 0.8064 0.8507 0.8710 0.8450 0.7522 0.7961
91 100 1.0048 0.9096 0.9351 0.9865 1.0098 0.9790 0.8705 0.9211
91 101 1.2988 1.1759 1.2088 1.2749 1.3048 1.1948 0.9859 1.0104
91 102 1.0357 0.9374 0.9638 1.0173 1.0419 1.0110 0.8999 0.9526
91 103 1.1138 1.0081 1.0365 1.0940 1.1204 1.0871 0.9677 1.0244
91 104 0.7750 0.7016 0.7212 0.7608 0.7789 0.7556 0.6724 0.7116
91 105 1.0283 0.9307 0.9569 1.0098 1.0341 1.0034 0.8931 0.9453
91 106 0.9414 0.8523 0.8762 0.9243 0.9462 0.9178 0.8167 0.8643
91 107 1.0500 0.9504 0.9771 1.0312 1.0559 1.0246 0.9120 0.9653
91 108 1.0302 0.9327 0.9588 1.0113 1.0351 1.0003 0.8856 0.9356
91 109 0.9507 0.8607 0.8848 0.9333 0.9554 0.9262 0.8235 0.8713
91 110 0.9940 0.8999 0.9251 0.9760 0.9992 0.9694 0.8628 0.9131
91 111 1.1309 1.0235 1.0523 1.1108 1.1376 1.1039 0.9827 1.0402
91 112 1.1115 1.0058 1.0342 1.0921 1.1188 1.0859 0.9667 1.0235
91 113 1.0392 0.9408 0.9671 1.0203 1.0445 1.0131 0.9016 0.9541
91 114 1.1301 1.0228 1.0517 1.1100 1.1368 1.1031 0.9819 1.0394
91 115 1.0573 0.9567 0.9838 1.0389 1.0643 1.0330 0.9196 0.9736
91 116 1.0076 0.9117 0.9376 0.9902 1.0145 0.9847 0.8766 0.9282
91 117 0.8743 0.7915 0.8137 0.8585 0.8790 0.8528 0.7590 0.8033
91 118 0.9903 0.8966 0.9217 0.9722 0.9951 0.9637 0.8557 0.9049
91 119 0.9896 0.8959 0.9210 0.9715 0.9945 0.9643 0.8577 0.9075
91 120 1.1732 1.0621 1.0919 1.1516 1.1787 1.1379 1.0060 1.0623
91 121 1.0382 0.9399 0.9662 1.0193 1.0435 1.0119 0.9002 0.9526
91 122 1.1023 0.9979 1.0259 1.0820 1.1074 1.0666 0.9399 0.9915
91 123 0.9699 0.8780 0.9026 0.9521 0.9747 0.9445 0.8394 0.8879
91 124 1.1165 1.0108 1.0391 1.0960 1.1218 1.0818 0.9552 1.0082
91 125 1.0771 0.9750 1.0024 1.0578 1.0831 1.0508 0.9353 0.9900
92 0 1.1657 1.0549 1.0844 1.1445 1.1722 1.1376 1.0126 1.0721
92 1 1.2114 1.0951 1.1266 1.1920 1.2230 1.1884 1.0588 1.1225
92 2 1.1229 1.0165 1.0448 1.1022 1.1283 1.0939 0.9726 1.0292
92 3 1.1590 1.0492 1.0784 1.1377 1.1647 1.1295 1.0048 1.0634
92 4 1.1795 1.0663 1.0971 1.1607 1.1907 1.1570 1.0309 1.0929
92 5 1.0390 0.9400 0.9666 1.0212 1.0465 1.0161 0.9049 0.9587
92 6 1.1365 1.0289 1.0576 1.1155 1.1418 1.1044 0.9789 1.0343
92 7 1.2285 1.1105 1.1426 1.2093 1.2409 1.2060 1.0746 1.1394
92 8 1.0965 0.9922 1.0202 1.0772 1.1036 1.0712 0.9539 1.0103
92 9 1.0905 0.9862 1.0145 1.0726 1.0998 1.0683 0.9517 1.0086
92 10 1.0465 0.9470 0.9737 1.0280 1.0531 1.0221 0.9101 0.9639
92 11 1.2377 1.1205 1.1518 1.2150 1.2437 1.2043 1.0693 1.1308
92 12 1.0424 0.9430 0.9698 1.0246 1.0500 1.0196 0.9080 0.9620
92 13 1.1012 0.9969 1.0248 1.0809 1.1064 1.0703 0.9490 1.0030
92 14 1.1056 1.0000 1.0286 1.0872 1.1145 1.0824 0.9641 1.0216
92 15 1.0564 0.9558 0.9829 1.0382 1.0638 1.0328 0.9197 0.9743
92 16 1.2298 1.1131 1.1444 1.2079 1.2370 1.2005 1.0688 1.1319
92 17 1.0078 0.9120 0.9378 0.9902 1.0144 0.9847 0.8768 0.9287
92 18 0.8815 0.7980 0.8203 0.8653 0.8857 0.8571 0.7603 0.8038
92 19 1.2289 1.1125 1.1436 1.2063 1.2348 1.1954 1.0610 1.1219
92 20 1.1074 1.0025 1.0306 1.0874 1.1133 1.0803 0.9617 1.0183
92 21 1.2820 1.1606 1.1931 1.2585 1.2881 1.2459 1.1044 1.1672
92 22 1.1615 1.0515 1.0809 1.1401 1.1670 1.1283 0.9996 1.0562
92 23 1.1208 1.0139 1.0428 1.1017 1.1290 1.0962 0.9763 1.0342
92 24 1.1156 1.0093 1.0380 1.0964 1.1234 1.0907 0.9713 1.0289
92 25 0.9381 0.8493 0.8731 0.9210 0.9429 0.9148 0.8144 0.8621
92 26 1.0942 0.9885 1.0176 1.0785 1.1077 1.0771 0.9601 1.0185
92 27 1.1704 1.0596 1.0892 1.1489 1.1760 1.1379 1.0093 1.0670
92 28 1.2274 1.1107 1.1421 1.2059 1.2352 1.1990 1.0676 1.1307
92 29 1.0496 0.9501 0.9768 1.0306 1.0553 1.0240 0.9116 0.9652
92 30 1.0647 0.9628 0.9904 1.0472 1.0738 1.0430 0.9291 0.9846
92 31 1.2374 1.1202 1.1516 1.2147 1.2433 1.2030 1.0668 1.1277
92 32 1.1735 1.0624 1.0921 1.1520 1.1792 1.1412 1.0124 1.0703
92 33 1.0991 0.9944 1.0226 1.0800 1.1065 1.0741 0.9565 1.0131
92 34 1.1620 1.0520 1.0814 1.1407 1.1676 1.1302 1.0028 1.0603
92 35 0.9145 0.8277 0.8510 0.8982 0.9199 0.8927 0.7948 0.8416
92 36 1.0692 0.9674 0.9948 1.0506 1.0764 1.0449 0.9304 0.9855
92 37 1.1378 1.0296 1.0587 1.1178 1.1450 1.1113 0.9895 1.0479
92 38 1.0318 0.9338 0.9601 1.0134 1.0378 1.0072 0.8967 0.9496
92 39 1.1953 1.0821 1.1124 1.1734 1.2010 1.1621 1.0306 1.0895
92 40 0.8609 0.7794 0.8012 0.8452 0.8652 0.8391 0.7466 0.7902
92 41 1.2707 1.1504 1.1826 1.2475 1.2770 1.2382 1.1012 1.1654
92 42 1.0651 0.9637 0.9910 1.0466 1.0723 1.0409 0.9269 0.9817
92 43 1.1242 1.0177 1.0462 1.1035 1.1296 1.0924 0.9683 1.0234
92 44 1.1646 1.0544 1.0839 1.1433 1.1702 1.1308 1.0012 1.0577
92 45 0.9473 0.8576 0.8816 0.9300 0.9520 0.9235 0.8218 0.8699
92 46 1.2725 1.1520 1.1843 1.2493 1.2789 1.2399 1.1026 1.1669
92 47 1.2041 1.0901 1.1206 1.1820 1.2100 1.1721 1.0412 1.1014
92 48 1.0805 0.9782 1.0056 1.0607 1.0857 1.0517 0.9341 0.9880
92 49 1.0232 0.9263 0.9523 1.0045 1.0283 0.9974 0.8875 0.9394
92 50 0.9360 0.8470 0.8710 0.9198 0.9423 0.9146 0.8144 0.8625
92 51 0.9139 0.8274 0.8505 0.8972 0.9185 0.8906 0.7921 0.8383
92 52 1.1359 1.0284 1.0572 1.1150 1.1413 1.1014 0.9734 1.0276
92 53 1.0833 0.9807 1.0082 1.0635 1.0886 1.0552 0.9381 0.9926
92 54 0.8397 0.7602 0.7814 0.8243 0.8437 0.8171 0.7256 0.7674
92 55 1.1031 0.9987 1.0267 1.0828 1.1083 1.0619 0.9291 0.9772
92 56 1.0609 0.9604 0.9873 1.0415 1.0661 1.0337 0.9194 0.9730
92 57 1.1269 1.0202 1.0487 1.1062 1.1321 1.0881 0.9561 1.0073
92 58 0.9270 0.8392 0.8627 0.9100 0.9316 0.9031 0.8030 0.8496
92 59 1.1701 1.0585 1.0887 1.1502 1.1787 1.1444 1.0191 1.0794
92 60 1.2252 1.1092 1.1402 1.2027 1.2311 1.1923 1.0587 1.1197
92 61 1.0669 0.9659 0.9929 1.0474 1.0722 1.0400 0.9255 0.9795
92 62 1.0203 0.9228 0.9493 1.0034 1.0285 0.9987 0.8895 0.9423
92 63 1.1321 1.0249 1.0536 1.1114 1.1377 1.1036 0.9820 1.0394
92 64 0.9804 0.8876 0.9124 0.9624 0.9852 0.9545 0.8481 0.8972
92 65 1.0668 0.9646 0.9924 1.0495 1.0762 1.0453 0.9310 0.9865
92 66 0.7906 0.7148 0.7354 0.7779 0.7979 0.7750 0.6904 0.7316
92 67 1.3631 1.2331 1.2682 1.3398 1.3729 1.3328 1.1868 1.2570
92 68 1.0214 0.9228 0.9499 1.0065 1.0335 1.0047 0.8953 0.9494
92 69 1.1930 1.0800 1.1103 1.1711 1.1987 1.1585 1.0259 1.0839
92 70 1.2104 1.0958 1.1265 1.1882 1.2162 1.1748 1.0396 1.0981
92 71 1.0712 0.9689 0.9966 1.0535 1.0799 1.0487 0.9340 0.9894
92 72 1.1852 1.0730 1.1030 1.1634 1.1908 1.1464 1.0097 1.0647
92 73 1.2040 1.0901 1.1206 1.1819 1.2098 1.1670 1.0307 1.0879
92 74 0.6907 0.6253 0.6428 0.6781 0.6941 0.6734 0.5994 0.6345
92 75 0.6290 0.5694 0.5854 0.6175 0.6321 0.6131 0.5456 0.5775
92 76 1.3588 1.2289 1.2641 1.3363 1.3699 1.3303 1.1848 1.2551
92 77 1.2875 1.1656 1.1983 1.2640 1.2940 1.2552 1.1170 1.1823
92 78 1.0258 0.9286 0.9546 1.0070 1.0309 0.9998 0.8896 0.9415
92 79 1.0460 0.9470 0.9735 1.0269 1.0512 1.0197 0.9075 0.9605
92 80 0.8704 0.7874 0.8098 0.8556 0.8767 0.8511 0.7579 0.8027
92 81 1.1105 1.0048 1.0333 1.0913 1.1180 1.0852 0.9662 1.0232
92 82 0.9860 0.8918 0.9173 0.9695 0.9938 0.9650 0.8594 0.9103
92 83 1.2830 1.1615 1.1940 1.2595 1.2892 1.2480 1.1075 1.1711
92 84 1.1101 1.0050 1.0331 1.0898 1.1155 1.0804 0.9596 1.0150
92 85 1.2330 1.1163 1.1476 1.2104 1.2389 1.1952 1.0558 1.1146
92 86 0.9575 0.8662 0.8909 0.9413 0.9647 0.9366 0.8340 0.8834
92 87 1.1536 1.0435 1.0733 1.1340 1.1622 1.1283 1.0047 1.0642
92 88 1.0751 0.9733 1.0006 1.0554 1.0802 1.0320 0.8992 0.9447
92 89 1.1396 1.0311 1.0604 1.1198 1.1471 1.1134 0.9913 1.0497
92 90 0.9910 0.8972 0.9223 0.9729 0.9958 0.9647 0.8570 0.9065
92 91 1.1375 1.0286 1.0582 1.1189 1.1472 1.1141 0.9922 1.0511
92 93 1.0969 0.9922 1.0206 1.0783 1.1051 1.0729 0.9554 1.0119
92 94 1.1234 1.0170 1.0455 1.1028 1.1289 1.0947 0.9738 1.0305
92 95 1.0821 0.9775 1.0063 1.0664 1.0950 1.0644 0.9486 1.0058
92 96 1.0717 0.9686 0.9968 1.0551 1.0826 1.0519 0.9371 0.9932
92 97 0.7868 0.7123 0.7323 0.7725 0.7908 0.7673 0.6829 0.7229
92 98 1.1327 1.0254 1.0541 1.1119 1.1380 1.0933 0.9600 1.0114
92 99 0.8947 0.8091 0.8324 0.8801 0.9024 0.8764 0.7805 0.8269
92 100 1.0263 0.9285 0.9549 1.0086 1.0334 1.0031 0.8932 0.9459
92 101 1.2263 1.1102 1.1413 1.2038 1.2321 1.1283 0.9311 0.9544
92 102 1.0695 0.9669 0.9949 1.0525 1.0795 1.0486 0.9340 0.9895
92 103 1.0302 0.9314 0.9584 1.0138 1.0398 1.0100 0.8996 0.9531
92 104 1.0212 0.9236 0.9501 1.0044 1.0297 0.9999 0.8905 0.9432
92 105 1.0802 0.9767 1.0049 1.0629 1.0900 1.0587 0.9430 0.9990
92 106 1.0839 0.9803 1.0084 1.0659 1.0927 1.0610 0.9449 1.0008
92 107 1.1806 1.0675 1.0983 1.1617 1.1913 1.1571 1.0306 1.0918
92 108 0.6961 0.6302 0.6478 0.6833 0.6995 0.6770 0.6008 0.6352
92 109 0.9881 0.8941 0.9194 0.9711 0.9949 0.9657 0.8598 0.9105
92 110 1.1520 1.0418 1.0717 1.1332 1.1619 1.1284 1.0049 1.0645
92 111 1.1918 1.0775 1.1087 1.1729 1.2030 1.1686 1.0409 1.1028
92 112 1.1437 1.0337 1.0638 1.1259 1.1551 1.1222 0.9997 1.0594
92 113 1.0908 0.9865 1.0148 1.0727 1.0997 1.0678 0.9510 1.0073
92 114 1.2016 1.0863 1.1177 1.1825 1.2128 1.1780 1.0493 1.1117
92 115 1.0834 0.9793 1.0077 1.0666 1.0943 1.0632 0.9471 1.0036
92 116 1.1897 1.0753 1.1066 1.1714 1.2019 1.1677 1.0403 1.1024
92 117 1.0060 0.9097 0.9358 0.9896 1.0148 0.9855 0.8777 0.9298
92 118 1.0332 0.9354 0.9616 1.0144 1.0384 1.0073 0.8964 0.9487
92 119 1.1249 1.0176 1.0466 1.1058 1.1332 1.1001 0.9796 1.0374
92 120 1.1459 1.0374 1.0664 1.1249 1.1514 1.1134 0.9866 1.0427
92 121 1.1286 1.0208 1.0500 1.1097 1.1373 1.1042 0.9833 1.0414
92 122 1.0815 0.9791 1.0065 1.0617 1.0867 1.0483 0.9260 0.9775
92 123 1.0775 0.9751 1.0026 1.0585 1.0841 1.0521 0.9366 0.9916
92 124 1.0953 0.9916 1.0193 1.0752 1.1006 1.0632 0.9408 0.9938
92 125 1.1362 1.0273 1.0569 1.1178 1.1463 1.1133 0.9916 1.0505
93 0 1.2430 1.1251 1.1564 1.2200 1.2493 1.2112 1.0768 1.1397
93 1 1.2957 1.1722 1.2053 1.2732 1.3050 1.2673 1.1287 1.1961
93 2 1.1922 1.0792 1.1093 1.1702 1.1980 1.1601 1.0300 1.0894
93 3 1.2331 1.1162 1.1474 1.2104 1.2391 1.2004 1.0662 1.1279
93 4 1.2746 1.1532 1.1858 1.2526 1.2837 1.2466 1.1103 1.1766
93 5 1.1158 1.0100 1.0383 1.0954 1.1217 1.0883 0.9686 1.0257
93 6 1.2006 1.0869 1.1172 1.1784 1.2062 1.1653 1.0313 1.0893
93 7 1.3147 1.1893 1.2231 1.2924 1.3248 1.2867 1.1461 1.2147
93 8 1.1862 1.0738 1.1038 1.1646 1.1924 1.1565 1.0288 1.0892
93 9 1.1625 1.0521 1.0817 1.1419 1.1697 1.1354 1.0111 1.0711
93 10 1.1399 1.0319 1.0607 1.1191 1.1458 1.1112 0.9884 1.0464
93 11 1.3052 1.1816 1.2146 1.2812 1.3115 1.2686 1.1246 1.1888
93 12 1.1273 1.0204 1.0490 1.1068 1.1332 1.0996 0.9788 1.0365
93 13 1.1784 1.0668 1.0966 1.1567 1.1840 1.1441 1.0129 1.0700
93 14 1.2143 1.0991 1.1299 1.1924 1.2211 1.1852 1.0553 1.1177
93 15 1.1201 1.0140 1.0423 1.0997 1.1260 1.0923 0.9720 1.0292
93 16 1.3028 1.1794 1.2124 1.2790 1.3095 1.2696 1.1290 1.1951
93 17 1.1018 0.9974 1.0253 1.0817 1.1075 1.0741 0.9556 1.0116
93 18 0.8127 0.7358 0.7564 0.7978 0.8166 0.7894 0.6992 0.7388
93 19 1.0088 0.9132 0.9388 0.9902 1.0136 0.9802 0.8686 0.9181
93 20 1.2225 1.1067 1.1377 1.2002 1.2287 1.1910 1.0587 1.1205
93 21 1.3435 1.2163 1.2504 1.3188 1.3499 1.3042 1.1543 1.2193
93 22 1.2209 1.1053 1.1362 1.1984 1.2266 1.1846 1.0479 1.1067
93 23 1.2563 1.1373 1.1691 1.2334 1.2629 1.2253 1.0907 1.1548
93 24 1.0049 0.9097 0.9351 0.9866 1.0101 0.9799 0.8721 0.9233
93 25 1.0143 0.9182 0.9439 0.9958 1.0194 0.9879 0.8781 0.9292
93 26 0.9952 0.8997 0.9257 0.9796 1.0050 0.9767 0.8702 0.9227
93 27 1.2338 1.1169 1.1482 1.2111 1.2396 1.1981 1.0610 1.1212
93 28 1.3060 1.1823 1.2154 1.2822 1.3128 1.2731 1.1325 1.1988
93 29 1.1738 1.0627 1.0924 1.1524 1.1798 1.1435 1.0166 1.0759
93 30 0.9766 0.8838 0.9087 0.9593 0.9826 0.9538 0.8493 0.8995
93 31 1.2964 1.1736 1.2065 1.2725 1.3025 1.2588 1.1146 1.1777
93 32 1.2292 1.1128 1.1440 1.2066 1.2351 1.1939 1.0576 1.1176
93 33 0.9752 0.8828 0.9075 0.9574 0.9802 0.9507 0.8460 0.8956
93 34 1.2186 1.1033 1.1341 1.1963 1.2245 1.1838 1.0488 1.1084
93 35 1.1648 1.0545 1.0840 1.1436 1.1708 1.1351 1.0094 1.0684
93 36 0.9560 0.8654 0.8897 0.9386 0.9609 0.9320 0.8292 0.8778
93 37 0.9816 0.8886 0.9135 0.9637 0.9866 0.9568 0.8511 0.9008
93 38 0.8814 0.7979 0.8203 0.8653 0.8859 0.8589 0.7638 0.8084
93 39 1.2467 1.1286 1.1602 1.2238 1.2526 1.2105 1.0719 1.1326
93 40 1.2369 1.1197 1.1511 1.2142 1.2430 1.2041 1.0696 1.1316
93 41 1.3306 1.2046 1.2383 1.3063 1.3372 1.2950 1.1499 1.2164
93 42 0.9471 0.8574 0.8814 0.9299 0.9520 0.9234 0.8216 0.8697
93 43 1.1855 1.0732 1.1033 1.1637 1.1911 1.1506 1.0183 1.0757
93 44 1.2153 1.1002 1.1310 1.1930 1.2210 1.1786 1.0419 1.1001
93 45 1.0689 0.9676 0.9947 1.0493 1.0742 1.0408 0.9247 0.9784
93 46 1.3297 1.2038 1.2375 1.3053 1.3362 1.2940 1.1489 1.2153
93 47 1.2570 1.1380 1.1699 1.2340 1.2631 1.2222 1.0840 1.1460
93 48 0.9435 0.8541 0.8780 0.9262 0.9480 0.9172 0.8133 0.8599
93 49 0.9643 0.8730 0.8974 0.9467 0.9691 0.9388 0.8341 0.8824
93 50 1.2280 1.1117 1.1428 1.2056 1.2342 1.1970 1.0650 1.1273
93 51 1.0040 0.9090 0.9344 0.9857 1.0090 0.9772 0.8678 0.9179
93 52 1.1852 1.0730 1.1030 1.1634 1.1907 1.1478 1.0128 1.0687
93 53 0.9206 0.8335 0.8568 0.9038 0.9251 0.8957 0.7950 0.8408
93 54 1.1765 1.0651 1.0949 1.1549 1.1821 1.1435 1.0138 1.0718
93 55 1.1552 1.0458 1.0751 1.1339 1.1605 1.1107 0.9703 1.0200
93 56 0.8693 0.7870 0.8090 0.8534 0.8736 0.8460 0.7513 0.7947
93 57 1.1773 1.0658 1.0957 1.1556 1.1827 1.1355 0.9962 1.0489
93 58 0.9009 0.8156 0.8384 0.8844 0.9053 0.8766 0.7782 0.8230
93 59 1.2241 1.1082 1.1392 1.2018 1.2304 1.1937 1.0625 1.1247
93 60 1.2876 1.1657 1.1984 1.2640 1.2938 1.2515 1.1096 1.1729
93 61 0.9200 0.8329 0.8562 0.9032 0.9246 0.8957 0.7958 0.8419
93 62 1.0765 0.9744 1.0018 1.0572 1.0825 1.0505 0.9351 0.9901
93 63 0.9434 0.8541 0.8780 0.9261 0.9480 0.9185 0.8160 0.8632
93 64 1.0520 0.9524 0.9791 1.0328 1.0571 1.0230 0.9076 0.9596
93 65 0.8408 0.7608 0.7823 0.8260 0.8462 0.8213 0.7312 0.7743
93 66 1.1227 1.0158 1.0446 1.1032 1.1303 1.0972 0.9770 1.0347
93 67 1.4242 1.2893 1.3254 1.3982 1.4315 1.3886 1.2358 1.3082
93 68 0.9504 0.8593 0.8841 0.9353 0.9593 0.9319 0.8302 0.8798
93 69 1.2409 1.1235 1.1549 1.2181 1.2468 1.2036 1.0641 1.1237
93 70 1.2542 1.1355 1.1673 1.2312 1.2601 1.2158 1.0742 1.1340
93 71 0.9264 0.8385 0.8621 0.9098 0.9317 0.9041 0.8048 0.8521
93 72 1.2366 1.1196 1.1509 1.2139 1.2424 1.1947 1.0506 1.1073
93 73 1.2615 1.1421 1.1741 1.2383 1.2674 1.2212 1.0768 1.1360
93 74 1.0573 0.9571 0.9839 1.0379 1.0625 1.0295 0.9149 0.9679
93 75 1.0002 0.9055 0.9309 0.9819 1.0051 0.9738 0.8652 0.9152
93 76 1.4176 1.2831 1.3192 1.3923 1.4258 1.3836 1.2317 1.3041
93 77 1.0552 0.9553 0.9821 1.0359 1.0604 1.0274 0.9129 0.9657
93 78 0.8014 0.7256 0.7459 0.7868 0.8054 0.7802 0.6931 0.7332
93 79 0.8849 0.8011 0.8236 0.8687 0.8893 0.8616 0.7656 0.8099
93 80 1.0547 0.9549 0.9816 1.0355 1.0601 1.0284 0.9152 0.9687
93 81 1.0420 0.9433 0.9698 1.0230 1.0473 1.0157 0.9037 0.9564
93 82 1.3102 1.1860 1.2193 1.2866 1.3174 1.2783 1.1379 1.2047
93 83 1.3312 1.2052 1.2389 1.3068 1.3376 1.2933 1.1459 1.2110
93 84 1.1444 1.0360 1.0650 1.1234 1.1498 1.1124 0.9864 1.0428
93 85 1.2882 1.1663 1.1989 1.2646 1.2943 1.2472 1.0999 1.1605
93 86 0.8706 0.7882 0.8103 0.8548 0.8751 0.8490 0.7557 0.7999
93 87 1.1957 1.0825 1.1128 1.1739 1.2018 1.1659 1.0378 1.0985
93 88 1.2376 1.1204 1.1518 1.2148 1.2433 1.1865 1.0323 1.0839
93 89 0.8120 0.7351 0.7557 0.7972 0.8161 0.7914 0.7040 0.7451
93 90 0.6923 0.6268 0.6443 0.6796 0.6956 0.6731 0.5970 0.6311
93 91 0.9049 0.8189 0.8420 0.8889 0.9104 0.8835 0.7865 0.8327
93 92 0.9806 0.8878 0.9127 0.9627 0.9855 0.9549 0.8486 0.8977
93 94 1.1586 1.0489 1.0783 1.1374 1.1643 1.1276 1.0015 1.0592
93 95 0.9220 0.8335 0.8577 0.9074 0.9308 0.9041 0.8054 0.8534
93 96 0.9070 0.8204 0.8439 0.8918 0.9141 0.8875 0.7903 0.8371
93 97 0.9148 0.8282 0.8514 0.8981 0.9193 0.8909 0.7918 0.8376
93 98 1.1805 1.0687 1.0987 1.1588 1.1860 1.1380 0.9977 1.0505
93 99 0.8777 0.7943 0.8168 0.8622 0.8831 0.8570 0.7630 0.8078
93 100 0.7293 0.6603 0.6787 0.7160 0.7330 0.7109 0.6326 0.6695
93 101 1.2779 1.1569 1.1893 1.2544 1.2838 1.1755 0.9700 0.9941
93 102 0.9439 0.8540 0.8782 0.9276 0.9504 0.9225 0.8213 0.8696
93 103 0.8068 0.7300 0.7507 0.7928 0.8123 0.7884 0.7019 0.7432
93 104 0.7582 0.6862 0.7056 0.7447 0.7627 0.7401 0.6588 0.6974
93 105 0.8857 0.8015 0.8242 0.8703 0.8916 0.8653 0.7704 0.8157
93 106 0.7387 0.6686 0.6874 0.7255 0.7429 0.7208 0.6416 0.6792
93 107 0.9263 0.8382 0.8619 0.9102 0.9324 0.9050 0.8057 0.8530
93 108 0.9866 0.8932 0.9182 0.9685 0.9913 0.9584 0.8490 0.8972
93 109 0.8780 0.7949 0.8171 0.8620 0.8824 0.8558 0.7614 0.8057
93 110 0.9510 0.8607 0.8850 0.9342 0.9569 0.9286 0.8266 0.8751
93 111 0.9806 0.8872 0.9124 0.9637 0.9874 0.9584 0.8533 0.9035
93 112 0.9950 0.9001 0.9258 0.9782 1.0026 0.9733 0.8667 0.9178
93 113 0.9350 0.8463 0.8701 0.9183 0.9404 0.9125 0.8122 0.8598
93 114 1.0784 0.9757 1.0034 1.0598 1.0858 1.0539 0.9383 0.9935
93 115 0.9791 0.8857 0.9110 0.9626 0.9865 0.9578 0.8528 0.9031
93 116 0.8572 0.7754 0.7975 0.8428 0.8639 0.8387 0.7468 0.7909
93 117 0.7647 0.6920 0.7116 0.7512 0.7695 0.7467 0.6648 0.7038
93 118 0.9062 0.8204 0.8434 0.8896 0.9106 0.8823 0.7839 0.8292
93 119 0.9388 0.8499 0.8737 0.9217 0.9435 0.9153 0.8146 0.8621
93 120 1.1700 1.0592 1.0889 1.1485 1.1755 1.1353 1.0044 1.0609
93 121 0.9131 0.8265 0.8497 0.8965 0.9179 0.8905 0.7927 0.8390
93 122 1.1023 0.9980 1.0259 1.0821 1.1075 1.0672 0.9411 0.9929
93 123 0.9041 0.8185 0.8414 0.8875 0.9085 0.8808 0.7833 0.8288
93 124 1.1159 1.0103 1.0386 1.0954 1.1212 1.0818 0.9557 1.0090
93 125 0.9814 0.8881 0.9132 0.9643 0.9878 0.9586 0.8534 0.9035
94 0 1.2909 1.1678 1.2007 1.2681 1.2993 1.2612 1.1228 1.1890
94 1 1.3262 1.1984 1.2331 1.3056 1.3401 1.3025 1.1605 1.2307
94 2 1.1667 1.0561 1.0855 1.1451 1.1723 1.1370 1.0116 1.0705
94 3 1.1088 1.0037 1.0317 1.0884 1.1143 1.0811 0.9622 1.0185
94 4 1.2967 1.1719 1.2059 1.2766 1.3102 1.2734 1.1347 1.2032
94 5 1.2291 1.1116 1.1433 1.2086 1.2390 1.2033 1.0718 1.1357
94 6 1.2963 1.1735 1.2063 1.2724 1.3024 1.2602 1.1177 1.1812
94 7 1.1176 1.0099 1.0393 1.1007 1.1299 1.0983 0.9788 1.0381
94 8 1.2450 1.1262 1.1582 1.2238 1.2542 1.2178 1.0845 1.1489
94 9 1.2467 1.1271 1.1596 1.2268 1.2585 1.2227 1.0894 1.1548
94 10 1.2661 1.1454 1.1779 1.2444 1.2753 1.2381 1.1026 1.1680
94 11 1.3026 1.1792 1.2122 1.2787 1.3089 1.2681 1.1265 1.1915
94 12 1.2399 1.1214 1.1535 1.2194 1.2502 1.2143 1.0816 1.1461
94 13 1.0597 0.9594 0.9862 1.0402 1.0648 1.0305 0.9143 0.9664
94 14 1.2661 1.1448 1.1778 1.2457 1.2775 1.2410 1.1056 1.1717
94 15 1.2676 1.1465 1.1793 1.2464 1.2777 1.2407 1.1051 1.1709
94 16 1.1153 1.0091 1.0377 1.0959 1.1228 1.0900 0.9706 1.0280
94 17 1.2594 1.1393 1.1717 1.2380 1.2688 1.2319 1.0971 1.1623
94 18 1.1414 1.0333 1.0622 1.1204 1.1468 1.1103 0.9856 1.0421
94 19 1.2883 1.1663 1.1989 1.2647 1.2945 1.2539 1.1136 1.1777
94 20 1.3260 1.2000 1.2339 1.3027 1.3343 1.2951 1.1531 1.2211
94 21 1.2524 1.1338 1.1656 1.2294 1.2584 1.2177 1.0801 1.1417
94 22 1.2086 1.0942 1.1248 1.1864 1.2144 1.1747 1.0413 1.1005
94 23 1.2750 1.1531 1.1862 1.2540 1.2856 1.2486 1.1121 1.1784
94 24 1.2063 1.0910 1.1222 1.1861 1.2159 1.1807 1.0516 1.1142
94 25 1.2417 1.1238 1.1555 1.2197 1.2492 1.2123 1.0793 1.1429
94 26 1.2608 1.1386 1.1723 1.2433 1.2775 1.2426 1.1078 1.1754
94 27 1.1028 0.9984 1.0263 1.0825 1.1081 1.0727 0.9520 1.0066
94 28 1.1441 1.0350 1.0645 1.1246 1.1525 1.1190 0.9965 1.0556
94 29 1.2501 1.1313 1.1632 1.2282 1.2580 1.2211 1.0872 1.1513
94 30 1.1497 1.0394 1.0695 1.1315 1.1607 1.1277 1.0047 1.0649
94 31 1.2481 1.1299 1.1615 1.2252 1.2541 1.2139 1.0772 1.1389
94 32 1.0505 0.9510 0.9777 1.0313 1.0556 1.0221 0.9073 0.9594
94 33 1.2440 1.1252 1.1574 1.2231 1.2537 1.2173 1.0841 1.1486
94 34 1.0789 0.9767 1.0040 1.0591 1.0841 1.0498 0.9321 0.9857
94 35 1.2952 1.1718 1.2051 1.2728 1.3041 1.2659 1.1272 1.1939
94 36 1.2675 1.1466 1.1793 1.2462 1.2773 1.2402 1.1046 1.1702
94 37 1.1787 1.0663 1.0967 1.1586 1.1873 1.1527 1.0265 1.0874
94 38 1.2078 1.0928 1.1238 1.1869 1.2160 1.1805 1.0511 1.1133
94 39 1.1580 1.0484 1.0777 1.1368 1.1636 1.1264 0.9995 1.0568
94 40 1.3295 1.2035 1.2373 1.3054 1.3364 1.2967 1.1543 1.2220
94 41 1.3110 1.1868 1.2201 1.2870 1.3175 1.2781 1.1374 1.2039
94 42 1.2199 1.1035 1.1350 1.1994 1.2294 1.1937 1.0631 1.1263
94 43 1.0996 0.9955 1.0234 1.0795 1.1049 1.0691 0.9482 1.0024
94 44 1.1732 1.0621 1.0919 1.1517 1.1788 1.1397 1.0097 1.0669
94 45 1.2172 1.1017 1.1327 1.1953 1.2240 1.1877 1.0573 1.1194
94 46 1.3110 1.1868 1.2200 1.2870 1.3175 1.2779 1.1372 1.2037
94 47 1.1052 1.0006 1.0286 1.0850 1.1107 1.0764 0.9568 1.0123
94 48 1.2467 1.1287 1.1603 1.2239 1.2529 1.2141 1.0790 1.1415
94 49 1.2116 1.0968 1.1276 1.1898 1.2182 1.1820 1.0522 1.1139
94 50 1.3187 1.1928 1.2269 1.2965 1.3287 1.2901 1.1489 1.2171
94 51 1.2833 1.1617 1.1943 1.2598 1.2897 1.2511 1.1135 1.1786
94 52 0.7344 0.6649 0.6835 0.7209 0.7379 0.7125 0.6300 0.6653
94 53 1.2303 1.1138 1.1450 1.2078 1.2364 1.1990 1.0666 1.1288
94 54 1.2963 1.1735 1.2064 1.2725 1.3026 1.2621 1.1215 1.1863
94 55 1.0654 0.9645 0.9915 1.0458 1.0704 1.0260 0.8983 0.9449
94 56 1.1854 1.0732 1.1032 1.1638 1.1913 1.1556 1.0285 1.0886
94 57 0.8833 0.7997 0.8221 0.8671 0.8875 0.8534 0.7503 0.7906
94 58 1.2626 1.1431 1.1751 1.2395 1.2689 1.2306 1.0949 1.1588
94 59 1.2010 1.0861 1.1173 1.1812 1.2110 1.1760 1.0474 1.1097
94 60 1.2099 1.0953 1.1260 1.1877 1.2158 1.1780 1.0467 1.1072
94 61 1.2264 1.1101 1.1413 1.2044 1.2332 1.1966 1.0652 1.1277
94 62 1.3197 1.1932 1.2276 1.2984 1.3316 1.2934 1.1521 1.2207
94 63 1.2470 1.1287 1.1605 1.2246 1.2539 1.2166 1.0830 1.1466
94 64 1.2790 1.1579 1.1903 1.2556 1.2853 1.2459 1.1077 1.1720
94 65 1.2080 1.0920 1.1237 1.1891 1.2199 1.1851 1.0558 1.1190
94 66 1.1322 1.0234 1.0531 1.1148 1.1438 1.1114 0.9902 1.0496
94 67 1.3967 1.2632 1.2994 1.3736 1.4082 1.3674 1.2179 1.2902
94 68 1.2560 1.1343 1.1679 1.2383 1.2721 1.2369 1.1025 1.1694
94 69 0.7213 0.6530 0.6713 0.7081 0.7248 0.7008 0.6209 0.6562
94 70 1.0747 0.9729 1.0002 1.0550 1.0799 1.0436 0.9241 0.9763
94 71 1.2246 1.1072 1.1392 1.2050 1.2357 1.2003 1.0692 1.1329
94 72 1.2203 1.1048 1.1357 1.1979 1.2262 1.1810 1.0408 1.0978
94 73 1.1799 1.0682 1.0981 1.1583 1.1856 1.1442 1.0112 1.0675
94 74 1.3026 1.1789 1.2122 1.2795 1.3104 1.2716 1.1320 1.1985
94 75 1.2679 1.1476 1.1799 1.2451 1.2750 1.2371 1.1013 1.1658
94 76 0.7631 0.6899 0.7098 0.7509 0.7701 0.7480 0.6663 0.7060
94 77 1.3142 1.1895 1.2230 1.2907 1.3217 1.2825 1.1417 1.2087
94 78 1.2262 1.1100 1.1411 1.2041 1.2329 1.1962 1.0648 1.1272
94 79 1.1873 1.0746 1.1049 1.1661 1.1941 1.1587 1.0315 1.0920
94 80 1.3437 1.2152 1.2501 1.3215 1.3547 1.3155 1.1716 1.2412
94 81 1.3235 1.1972 1.2314 1.3014 1.3338 1.2950 1.1533 1.2216
94 82 1.3494 1.2201 1.2553 1.3276 1.3614 1.3223 1.1778 1.2479
94 83 0.7260 0.6573 0.6757 0.7127 0.7296 0.7066 0.6275 0.6636
94 84 0.4998 0.4525 0.4652 0.4907 0.5023 0.4867 0.4326 0.4576
94 85 1.1820 1.0701 1.1001 1.1603 1.1877 1.1464 1.0133 1.0699
94 86 1.3089 1.1837 1.2177 1.2875 1.3200 1.2819 1.1417 1.2096
94 87 0.5309 0.4801 0.4939 0.5222 0.5354 0.5199 0.4631 0.4906
94 88 1.0630 0.9624 0.9893 1.0435 1.0681 1.0209 0.8900 0.9352
94 89 1.3204 1.1944 1.2285 1.2982 1.3305 1.2917 1.1503 1.2184
94 90 1.2018 1.0880 1.1184 1.1798 1.2077 1.1705 1.0405 1.1008
94 91 1.3232 1.1962 1.2309 1.3023 1.3358 1.2976 1.1559 1.2249
94 92 1.3141 1.1893 1.2229 1.2908 1.3220 1.2829 1.1421 1.2091
94 93 1.2997 1.1753 1.2091 1.2784 1.3107 1.2729 1.1337 1.2010
94 95 1.2053 1.0884 1.1207 1.1885 1.2209 1.1872 1.0582 1.1222
94 96 1.1701 1.0572 1.0882 1.1527 1.1833 1.1500 1.0247 1.0863
94 97 1.3026 1.1789 1.2122 1.2796 1.3105 1.2718 1.1323 1.1988
94 98 1.1050 1.0004 1.0284 1.0847 1.1103 1.0671 0.9377 0.9881
94 99 1.3277 1.2003 1.2351 1.3068 1.3404 1.3022 1.1600 1.2292
94 100 1.2062 1.0910 1.1223 1.1862 1.2158 1.1806 1.0513 1.1136
94 101 1.2060 1.0918 1.1224 1.1839 1.2118 1.1097 0.9157 0.9387
94 102 1.1222 1.0143 1.0438 1.1050 1.1338 1.1017 0.9814 1.0401
94 103 1.1994 1.0840 1.1156 1.1809 1.2117 1.1773 1.0488 1.1115
94 104 1.2292 1.1113 1.1435 1.2097 1.2407 1.2051 1.0734 1.1373
94 105 1.2162 1.0993 1.1312 1.1973 1.2284 1.1935 1.0632 1.1267
94 106 1.2235 1.1062 1.1382 1.2040 1.2347 1.1993 1.0682 1.1317
94 107 1.3277 1.2001 1.2350 1.3072 1.3411 1.3029 1.1607 1.2300
94 108 1.2187 1.1033 1.1342 1.1964 1.2247 1.1860 1.0531 1.1136
94 109 1.1401 1.0312 1.0608 1.1211 1.1491 1.1157 0.9936 1.0523
94 110 1.3115 1.1856 1.2200 1.2908 1.3241 1.2862 1.1457 1.2140
94 111 1.1999 1.0844 1.1161 1.1815 1.2124 1.1780 1.0495 1.1122
94 112 1.2355 1.1164 1.1491 1.2170 1.2492 1.2140 1.0816 1.1465
94 113 1.2141 1.0977 1.1294 1.1947 1.2253 1.1901 1.0601 1.1231
94 114 1.3118 1.1856 1.2201 1.2916 1.3253 1.2877 1.1472 1.2158
94 115 1.2235 1.1056 1.1379 1.2052 1.2371 1.2022 1.0712 1.1354
94 116 1.2935 1.1688 1.2030 1.2743 1.3081 1.2713 1.1327 1.2007
94 117 1.2195 1.1024 1.1343 1.2003 1.2313 1.1962 1.0655 1.1291
94 118 1.1759 1.0643 1.0943 1.1549 1.1827 1.1476 1.0216 1.0815
94 119 1.3181 1.1920 1.2263 1.2965 1.3292 1.2908 1.1495 1.2177
94 120 1.1267 1.0200 1.0486 1.1061 1.1323 1.0954 0.9712 1.0267
94 121 1.2574 1.1370 1.1698 1.2370 1.2684 1.2319 1.0972 1.1624
94 122 1.0568 0.9567 0.9835 1.0375 1.0620 1.0250 0.9059 0.9566
94 123 1.2325 1.1150 1.1467 1.2114 1.2413 1.2049 1.0729 1.1362
94 124 1.0724 0.9709 0.9981 1.0528 1.0777 1.0416 0.9223 0.9745
94 125 1.2349 1.1162 1.1487 1.2157 1.2472 1.2116 1.0793 1.1438
95 0 1.2249 1.1087 1.1396 1.2023 1.2311 1.1913 1.0564 1.1173
95 1 1.0784 0.9761 1.0033 1.0588 1.0845 1.0515 0.9348 0.9899
95 2 1.1807 1.0688 1.0986 1.1589 1.1864 1.1468 1.0155 1.0734
95 3 1.2153 1.1002 1.1309 1.1930 1.2213 1.1809 1.0461 1.1060
95 4 1.2494 1.1310 1.1626 1.2268 1.2565 1.2182 1.0830 1.1468
95 5 1.0671 0.9660 0.9929 1.0476 1.0727 1.0388 0.9222 0.9759
95 6 1.0100 0.9143 0.9399 0.9913 1.0147 0.9785 0.8637 0.9116
95 7 1.2870 1.1650 1.1976 1.2638 1.2944 1.2553 1.1163 1.1822
95 8 1.1721 1.0610 1.0907 1.1507 1.1782 1.1405 1.0120 1.0707
95 9 1.0776 0.9755 1.0027 1.0580 1.0835 1.0499 0.9328 0.9874
95 10 1.1325 1.0252 1.0539 1.1118 1.1384 1.1019 0.9776 1.0342
95 11 1.0873 0.9843 1.0118 1.0673 1.0925 1.0547 0.9325 0.9850
95 12 1.1215 1.0153 1.0437 1.1011 1.1275 1.0919 0.9694 1.0258
95 13 1.1671 1.0566 1.0861 1.1456 1.1726 1.1309 0.9986 1.0542
95 14 1.1935 1.0804 1.1106 1.1718 1.1999 1.1624 1.0324 1.0927
95 15 1.0132 0.9172 0.9429 0.9948 1.0185 0.9862 0.8753 0.9261
95 16 1.2760 1.1551 1.1875 1.2527 1.2825 1.2411 1.1008 1.1643
95 17 1.0997 0.9955 1.0234 1.0797 1.1054 1.0700 0.9494 1.0044
95 18 0.8608 0.7793 0.8011 0.8450 0.8649 0.8344 0.7371 0.7783
95 19 1.0506 0.9511 0.9777 1.0312 1.0556 1.0188 0.9005 0.9511
95 20 1.1981 1.0846 1.1149 1.1762 1.2041 1.1649 1.0328 1.0922
95 21 1.1775 1.0660 1.0958 1.1558 1.1830 1.1408 1.0070 1.0629
95 22 1.0659 0.9650 0.9920 1.0463 1.0709 1.0323 0.9107 0.9611
95 23 1.2216 1.1059 1.1369 1.1994 1.2281 1.1892 1.0557 1.1170
95 24 1.0718 0.9702 0.9974 1.0522 1.0773 1.0431 0.9258 0.9795
95 25 0.8893 0.8051 0.8276 0.8731 0.8938 0.8645 0.7664 0.8103
95 26 1.0521 0.9524 0.9791 1.0333 1.0584 1.0273 0.9147 0.9690
95 27 1.2178 1.1025 1.1334 1.1955 1.2236 1.1804 1.0425 1.1007
95 28 1.2772 1.1563 1.1886 1.2539 1.2838 1.2426 1.1024 1.1660
95 29 1.1556 1.0462 1.0755 1.1345 1.1615 1.1236 0.9962 1.0535
95 30 1.0084 0.9129 0.9385 0.9902 1.0139 0.9824 0.8728 0.9237
95 31 1.1221 1.0159 1.0443 1.1015 1.1274 1.0875 0.9604 1.0139
95 32 1.2562 1.1373 1.1691 1.2331 1.2622 1.2178 1.0758 1.1359
95 33 1.0472 0.9480 0.9745 1.0281 1.0526 1.0190 0.9042 0.9565
95 34 1.2714 1.1510 1.1832 1.2480 1.2774 1.2326 1.0891 1.1501
95 35 1.1511 1.0421 1.0712 1.1301 1.1569 1.1195 0.9928 1.0500
95 36 0.9854 0.8921 0.9171 0.9675 0.9905 0.9588 0.8508 0.9000
95 37 1.0083 0.9128 0.9383 0.9899 1.0134 0.9808 0.8701 0.9203
95 38 0.9571 0.8665 0.8907 0.9397 0.9620 0.9308 0.8255 0.8730
95 39 1.1937 1.0807 1.1109 1.1718 1.1993 1.1568 1.0216 1.0785
95 40 1.2115 1.0968 1.1275 1.1893 1.2175 1.1771 1.0428 1.1024
95 41 1.1693 1.0586 1.0883 1.1479 1.1751 1.1358 1.0059 1.0631
95 42 0.9666 0.8751 0.8996 0.9490 0.9716 0.9405 0.8346 0.8828
95 43 1.1754 1.0641 1.0939 1.1538 1.1809 1.1386 1.0049 1.0607
95 44 1.0925 0.9891 1.0168 1.0724 1.0977 1.0575 0.9323 0.9836
95 45 1.0731 0.9715 0.9987 1.0535 1.0784 1.0428 0.9241 0.9769
95 46 1.1767 1.0653 1.0951 1.1552 1.1825 1.1429 1.0121 1.0696
95 47 1.3139 1.1895 1.2228 1.2898 1.3202 1.2749 1.1277 1.1913
95 48 0.8428 0.7630 0.7843 0.8273 0.8468 0.8177 0.7231 0.7639
95 49 0.9873 0.8938 0.9188 0.9692 0.9922 0.9593 0.8500 0.8984
95 50 1.2040 1.0900 1.1205 1.1820 1.2101 1.1713 1.0393 1.0992
95 51 1.0738 0.9721 0.9994 1.0542 1.0791 1.0430 0.9238 0.9763
95 52 1.0640 0.9633 0.9903 1.0445 1.0690 1.0285 0.9050 0.9541
95 53 1.0087 0.9132 0.9388 0.9902 1.0136 0.9794 0.8670 0.9161
95 54 1.1632 1.0530 1.0825 1.1418 1.1687 1.1283 0.9977 1.0537
95 55 1.1495 1.0407 1.0698 1.1283 1.1547 1.1031 0.9611 1.0094
95 56 0.9687 0.8770 0.9015 0.9510 0.9734 0.9409 0.8333 0.8806
95 57 1.1285 1.0216 1.0502 1.1077 1.1337 1.0863 0.9505 0.9999
95 58 0.9431 0.8538 0.8777 0.9258 0.9477 0.9158 0.8108 0.8567
95 59 1.1486 1.0398 1.0690 1.1277 1.1545 1.1178 0.9922 1.0494
95 60 1.2657 1.1459 1.1780 1.2425 1.2718 1.2278 1.0856 1.1465
95 61 0.9384 0.8495 0.8733 0.9212 0.9430 0.9118 0.8079 0.8539
95 62 1.0803 0.9780 1.0053 1.0606 1.0859 1.0517 0.9339 0.9879
95 63 1.0543 0.9545 0.9812 1.0351 1.0595 1.0245 0.9077 0.9594
95 64 1.1172 1.0114 1.0398 1.0967 1.1226 1.0843 0.9593 1.0133
95 65 0.9650 0.8736 0.8980 0.9474 0.9700 0.9399 0.8350 0.8834
95 66 1.0671 0.9660 0.9930 1.0477 1.0727 1.0396 0.9238 0.9775
95 67 1.2828 1.1613 1.1938 1.2594 1.2893 1.2483 1.1079 1.1717
95 68 1.0029 0.9079 0.9334 0.9848 1.0085 0.9785 0.8710 0.9220
95 69 1.1090 1.0040 1.0321 1.0886 1.1142 1.0735 0.9465 0.9985
95 70 1.2611 1.1417 1.1737 1.2379 1.2670 1.2200 1.0749 1.1338
95 71 1.0493 0.9499 0.9765 1.0302 1.0547 1.0215 0.9072 0.9595
95 72 1.2231 1.1073 1.1383 1.2006 1.2288 1.1793 1.0342 1.0890
95 73 1.2441 1.1263 1.1578 1.2212 1.2498 1.2019 1.0569 1.1140
95 74 1.1208 1.0147 1.0431 1.1003 1.1263 1.0892 0.9653 1.0203
95 75 1.1126 1.0073 1.0355 1.0922 1.1180 1.0810 0.9578 1.0123
95 76 1.2866 1.1648 1.1974 1.2632 1.2933 1.2526 1.1124 1.1766
95 77 1.0945 0.9909 1.0186 1.0745 1.0998 1.0635 0.9424 0.9960
95 78 0.7469 0.6762 0.6951 0.7332 0.7506 0.7257 0.6429 0.6794
95 79 0.8816 0.7981 0.8204 0.8654 0.8859 0.8566 0.7590 0.8022
95 80 1.1508 1.0418 1.0710 1.1298 1.1566 1.1198 0.9939 1.0510
95 81 1.0273 0.9301 0.9561 1.0086 1.0325 0.9994 0.8867 0.9376
95 82 1.2066 1.0924 1.1230 1.1847 1.2128 1.1745 1.0429 1.1030
95 83 1.2045 1.0904 1.1210 1.1823 1.2102 1.1678 1.0319 1.0895
95 84 1.1790 1.0674 1.0973 1.1574 1.1846 1.1438 1.0115 1.0682
95 85 1.2687 1.1486 1.1808 1.2454 1.2746 1.2258 1.0781 1.1364
95 86 1.0515 0.9520 0.9786 1.0324 1.0569 1.0233 0.9084 0.9606
95 87 1.2428 1.1251 1.1566 1.2201 1.2491 1.2094 1.0735 1.1352
95 88 1.2257 1.1097 1.1407 1.2031 1.2313 1.1729 1.0177 1.0676
95 89 0.9721 0.8801 0.9047 0.9544 0.9770 0.9456 0.8389 0.8869
95 90 0.7899 0.7151 0.7351 0.7754 0.7937 0.7664 0.6779 0.7159
95 91 1.0485 0.9492 0.9758 1.0295 1.0539 1.0209 0.9068 0.9591
95 92 1.0995 0.9954 1.0233 1.0794 1.1049 1.0685 0.9469 1.0008
95 93 0.9189 0.8319 0.8551 0.9021 0.9235 0.8942 0.7937 0.8393
95 94 1.1970 1.0836 1.1140 1.1750 1.2028 1.1626 1.0297 1.0880
95 96 0.8932 0.8086 0.8312 0.8770 0.8979 0.8705 0.7740 0.8190
95 97 1.0712 0.9698 0.9969 1.0516 1.0764 1.0410 0.9226 0.9751
95 98 1.2840 1.1625 1.1950 1.2604 1.2900 1.2354 1.0802 1.1362
95 99 1.0321 0.9344 0.9606 1.0133 1.0374 1.0050 0.8927 0.9441
95 100 0.7951 0.7198 0.7400 0.7806 0.7991 0.7735 0.6863 0.7257
95 101 1.3710 1.2412 1.2760 1.3458 1.3773 1.2610 1.0403 1.0657
95 102 0.9514 0.8613 0.8854 0.9341 0.9563 0.9267 0.8235 0.8710
95 103 0.7629 0.6906 0.7100 0.7490 0.7668 0.7431 0.6603 0.6984
95 104 0.9941 0.9000 0.9252 0.9760 0.9992 0.9678 0.8594 0.9089
95 105 0.8404 0.7608 0.7821 0.8251 0.8447 0.8184 0.7272 0.7691
95 106 0.8611 0.7795 0.8014 0.8454 0.8654 0.8382 0.7442 0.7870
95 107 1.1364 1.0288 1.0576 1.1157 1.1422 1.1067 0.9833 1.0400
95 108 1.1216 1.0154 1.0439 1.1010 1.1269 1.0873 0.9606 1.0140
95 109 0.8594 0.7781 0.7998 0.8437 0.8637 0.8360 0.7417 0.7841
95 110 1.0775 0.9754 1.0028 1.0578 1.0830 1.0491 0.9318 0.9854
95 111 0.8696 0.7873 0.8093 0.8538 0.8741 0.8471 0.7527 0.7962
95 112 1.0481 0.9489 0.9755 1.0291 1.0536 1.0213 0.9079 0.9605
95 113 0.9350 0.8465 0.8702 0.9180 0.9398 0.9102 0.8082 0.8547
95 114 1.1901 1.0774 1.1076 1.1685 1.1963 1.1592 1.0300 1.0895
95 115 1.0015 0.9066 0.9320 0.9833 1.0067 0.9758 0.8675 0.9178
95 116 1.1010 0.9967 1.0246 1.0810 1.1067 1.0729 0.9539 1.0091
95 117 0.8838 0.8001 0.8225 0.8677 0.8883 0.8605 0.7643 0.8084
95 118 0.8935 0.8089 0.8315 0.8771 0.8978 0.8681 0.7692 0.8128
95 119 0.9589 0.8681 0.8924 0.9414 0.9637 0.9330 0.8280 0.8755
95 120 1.2358 1.1189 1.1502 1.2131 1.2416 1.1968 1.0558 1.1141
95 121 0.9641 0.8728 0.8973 0.9465 0.9690 0.9382 0.8329 0.8807
95 122 1.1591 1.0494 1.0788 1.1378 1.1645 1.1199 0.9848 1.0380
95 123 0.9253 0.8377 0.8612 0.9084 0.9299 0.8997 0.7979 0.8433
95 124 1.1727 1.0617 1.0914 1.1512 1.1782 1.1345 0.9995 1.0542
95 125 0.9584 0.8676 0.8919 0.9409 0.9633 0.9332 0.8291 0.8768
96 0 0.9714 0.8792 0.9037 0.9534 0.9762 0.9454 0.8391 0.8877
96 1 0.9717 0.8795 0.9040 0.9540 0.9772 0.9482 0.8437 0.8937
96 2 1.1587 1.0489 1.0781 1.1373 1.1643 1.1262 0.9983 1.0554
96 3 1.1878 1.0753 1.1053 1.1660 1.1936 1.1549 1.0242 1.0831
96 4 1.2117 1.0968 1.1275 1.1898 1.2186 1.1823 1.0521 1.1144
96 5 0.9569 0.8663 0.8905 0.9395 0.9620 0.9323 0.8284 0.8769
96 6 0.9183 0.8313 0.8545 0.9013 0.9225 0.8902 0.7866 0.8305
96 7 1.2469 1.1287 1.1602 1.2244 1.2540 1.2170 1.0833 1.1476
96 8 1.1461 1.0375 1.0666 1.1252 1.1521 1.1161 0.9913 1.0490
96 9 0.9483 0.8585 0.8825 0.9311 0.9535 0.9246 0.8223 0.8707
96 10 1.1107 1.0055 1.0336 1.0905 1.1165 1.0815 0.9604 1.0163
96 11 0.9649 0.8735 0.8979 0.9472 0.9695 0.9367 0.8290 0.8759
96 12 1.1009 0.9966 1.0245 1.0809 1.1068 1.0726 0.9532 1.0090
96 13 1.1441 1.0357 1.0647 1.1230 1.1494 1.1094 0.9806 1.0354
96 14 1.1602 1.0503 1.0796 1.1391 1.1664 1.1308 1.0053 1.0643
96 15 0.8962 0.8113 0.8340 0.8798 0.9008 0.8729 0.7755 0.8207
96 16 1.2413 1.1237 1.1551 1.2186 1.2476 1.2082 1.0726 1.1349
96 17 1.0805 0.9782 1.0055 1.0608 1.0861 1.0521 0.9345 0.9888
96 18 0.6933 0.6276 0.6452 0.6805 0.6966 0.6725 0.5947 0.6281
96 19 0.9244 0.8368 0.8602 0.9074 0.9288 0.8971 0.7937 0.8385
96 20 1.1619 1.0519 1.0813 1.1407 1.1678 1.1306 1.0034 1.0614
96 21 1.0650 0.9641 0.9911 1.0454 1.0700 1.0325 0.9123 0.9633
96 22 0.9657 0.8742 0.8987 0.9479 0.9702 0.9359 0.8265 0.8725
96 23 1.1777 1.0662 1.0960 1.1563 1.1839 1.1473 1.0195 1.0790
96 24 0.7463 0.6757 0.6946 0.7328 0.7502 0.7269 0.6459 0.6835
96 25 0.7122 0.6448 0.6628 0.6992 0.7158 0.6929 0.6148 0.6503
96 26 0.9059 0.8197 0.8429 0.8904 0.9125 0.8862 0.7893 0.8364
96 27 1.1926 1.0796 1.1099 1.1706 1.1982 1.1567 1.0227 1.0801
96 28 1.2407 1.1232 1.1546 1.2180 1.2470 1.2079 1.0727 1.1350
96 29 1.1218 1.0156 1.0440 1.1014 1.1275 1.0916 0.9688 1.0247
96 30 0.8941 0.8094 0.8321 0.8779 0.8989 0.8716 0.7752 0.8206
96 31 1.0231 0.9262 0.9522 1.0043 1.0280 0.9923 0.8771 0.9263
96 32 1.2272 1.1110 1.1421 1.2047 1.2331 1.1905 1.0528 1.1120
96 33 0.6998 0.6335 0.6513 0.6871 0.7034 0.6814 0.6053 0.6405
96 34 1.2415 1.1239 1.1554 1.2187 1.2474 1.2045 1.0654 1.1253
96 35 1.1221 1.0159 1.0443 1.1017 1.1278 1.0921 0.9696 1.0257
96 36 0.8434 0.7635 0.7849 0.8281 0.8478 0.8213 0.7295 0.7719
96 37 0.9079 0.8219 0.8449 0.8913 0.9125 0.8838 0.7849 0.8304
96 38 0.9590 0.8682 0.8925 0.9415 0.9638 0.9333 0.8286 0.8765
96 39 1.0152 0.9191 0.9448 0.9965 1.0200 0.9846 0.8704 0.9192
96 40 1.1754 1.0641 1.0939 1.1539 1.1812 1.1429 1.0135 1.0717
96 41 1.0612 0.9607 0.9876 1.0418 1.0664 1.0315 0.9145 0.9668
96 42 0.8559 0.7748 0.7965 0.8403 0.8602 0.8334 0.7403 0.7832
96 43 1.1552 1.0458 1.0751 1.1340 1.1606 1.1199 0.9894 1.0446
96 44 1.0091 0.9135 0.9391 0.9905 1.0138 0.9774 0.8626 0.9103
96 45 1.0548 0.9549 0.9817 1.0355 1.0600 1.0258 0.9099 0.9622
96 46 1.0730 0.9714 0.9986 1.0533 1.0782 1.0429 0.9245 0.9773
96 47 1.2757 1.1549 1.1872 1.2523 1.2818 1.2388 1.0968 1.1590
96 48 0.6977 0.6317 0.6494 0.6849 0.7011 0.6775 0.5998 0.6337
96 49 0.8831 0.7995 0.8219 0.8670 0.8875 0.8587 0.7616 0.8053
96 50 1.1688 1.0582 1.0878 1.1475 1.1748 1.1380 1.0108 1.0693
96 51 1.0581 0.9579 0.9847 1.0387 1.0632 1.0285 0.9118 0.9640
96 52 0.9854 0.8922 0.9171 0.9673 0.9900 0.9532 0.8396 0.8855
96 53 1.0008 0.9061 0.9314 0.9825 1.0057 0.9725 0.8617 0.9109
96 54 1.1365 1.0289 1.0577 1.1156 1.1419 1.1033 0.9765 1.0317
96 55 1.1339 1.0266 1.0553 1.1130 1.1391 1.0890 0.9497 0.9978
96 56 0.9685 0.8768 0.9013 0.9507 0.9732 0.9414 0.8346 0.8822
96 57 1.1148 1.0092 1.0375 1.0942 1.1199 1.0739 0.9406 0.9897
96 58 0.9477 0.8580 0.8820 0.9304 0.9523 0.9210 0.8162 0.8628
96 59 1.0670 0.9660 0.9930 1.0476 1.0725 1.0392 0.9234 0.9769
96 60 1.2356 1.1186 1.1499 1.2129 1.2415 1.1995 1.0616 1.1216
96 61 0.7583 0.6865 0.7057 0.7444 0.7620 0.7374 0.6540 0.6915
96 62 1.0572 0.9570 0.9838 1.0379 1.0626 1.0300 0.9156 0.9688
96 63 1.0342 0.9363 0.9625 1.0153 1.0393 1.0056 0.8919 0.9430
96 64 1.0941 0.9905 1.0182 1.0740 1.0993 1.0626 0.9411 0.9944
96 65 0.9652 0.8738 0.8983 0.9477 0.9703 0.9408 0.8367 0.8855
96 66 1.0548 0.9549 0.9817 1.0357 1.0604 1.0284 0.9149 0.9683
96 67 1.1714 1.0604 1.0901 1.1500 1.1773 1.1407 1.0135 1.0722
96 68 0.8030 0.7266 0.7472 0.7891 0.8085 0.7848 0.6988 0.7401
96 69 1.0281 0.9308 0.9569 1.0092 1.0329 0.9959 0.8790 0.9277
96 70 1.2337 1.1169 1.1482 1.2110 1.2395 1.1945 1.0535 1.1115
96 71 1.0285 0.9311 0.9571 1.0097 1.0338 1.0020 0.8908 0.9425
96 72 1.2015 1.0878 1.1182 1.1794 1.2071 1.1594 1.0178 1.0720
96 73 1.2181 1.1028 1.1337 1.1957 1.2238 1.1777 1.0367 1.0930
96 74 1.0972 0.9933 1.0211 1.0771 1.1026 1.0671 0.9467 1.0010
96 75 1.0883 0.9852 1.0128 1.0684 1.0936 1.0582 0.9386 0.9923
96 76 1.1815 1.0696 1.0995 1.1600 1.1876 1.1511 1.0233 1.0828
96 77 1.0028 0.9079 0.9333 0.9845 1.0077 0.9752 0.8650 0.9145
96 78 0.8233 0.7453 0.7662 0.8082 0.8273 0.8005 0.7099 0.7505
96 79 0.6665 0.6034 0.6203 0.6543 0.6698 0.6482 0.5749 0.6079
96 80 1.1110 1.0058 1.0340 1.0908 1.1167 1.0819 0.9612 1.0169
96 81 1.0148 0.9187 0.9445 0.9963 1.0199 0.9879 0.8775 0.9282
96 82 1.1733 1.0622 1.0920 1.1520 1.1793 1.1430 1.0159 1.0749
96 83 1.1155 1.0099 1.0382 1.0950 1.1208 1.0823 0.9574 1.0112
96 84 1.1639 1.0537 1.0833 1.1426 1.1695 1.1300 1.0003 1.0568
96 85 1.2411 1.1236 1.1551 1.2183 1.2469 1.2001 1.0566 1.1141
96 86 1.0342 0.9363 0.9625 1.0153 1.0394 1.0072 0.8950 0.9468
96 87 1.2210 1.1054 1.1364 1.1988 1.2272 1.1891 1.0566 1.1178
96 88 1.2060 1.0918 1.1224 1.1838 1.2115 1.1548 1.0030 1.0525
96 89 0.9707 0.8788 0.9034 0.9530 0.9756 0.9449 0.8392 0.8876
96 90 0.8357 0.7566 0.7778 0.8204 0.8397 0.8115 0.7185 0.7591
96 91 1.0319 0.9342 0.9603 1.0131 1.0372 1.0055 0.8940 0.9459
96 92 1.0768 0.9748 1.0021 1.0571 1.0821 1.0472 0.9290 0.9822
96 93 0.9304 0.8423 0.8659 0.9134 0.9351 0.9061 0.8051 0.8517
96 94 1.1798 1.0681 1.0980 1.1582 1.1855 1.1468 1.0167 1.0747
96 95 0.8168 0.7390 0.7600 0.8027 0.8225 0.7984 0.7108 0.7527
96 97 1.0536 0.9538 0.9805 1.0343 1.0587 1.0247 0.9091 0.9612
96 98 1.2585 1.1394 1.1713 1.2353 1.2643 1.2117 1.0605 1.1160
96 99 1.0203 0.9237 0.9496 1.0018 1.0256 0.9942 0.8840 0.9354
96 100 0.8411 0.7615 0.7828 0.8258 0.8453 0.8189 0.7274 0.7693
96 101 1.3348 1.2085 1.2423 1.3103 1.3410 1.2278 1.0129 1.0377
96 102 0.7157 0.6479 0.6661 0.7027 0.7194 0.6977 0.6206 0.6567
96 103 0.8199 0.7423 0.7631 0.8050 0.8242 0.7992 0.7109 0.7523
96 104 0.9881 0.8945 0.9196 0.9701 0.9931 0.9627 0.8558 0.9053
96 105 0.8847 0.8009 0.8234 0.8686 0.8893 0.8623 0.7669 0.8115
96 106 0.8916 0.8071 0.8298 0.8753 0.8961 0.8685 0.7720 0.8167
96 107 1.1012 0.9970 1.0249 1.0812 1.1069 1.0733 0.9546 1.0100
96 108 1.1003 0.9961 1.0240 1.0801 1.1055 1.0674 0.9440 0.9969
96 109 0.7183 0.6503 0.6685 0.7052 0.7219 0.6993 0.6211 0.6568
96 110 1.0537 0.9539 0.9806 1.0345 1.0590 1.0266 0.9128 0.9657
96 111 0.8920 0.8076 0.8302 0.8758 0.8966 0.8695 0.7735 0.8185
96 112 1.0234 0.9265 0.9524 1.0048 1.0288 0.9980 0.8881 0.9399
96 113 0.9438 0.8544 0.8784 0.9266 0.9486 0.9194 0.8173 0.8646
96 114 1.1453 1.0368 1.0659 1.1244 1.1512 1.1164 0.9930 1.0508
96 115 0.7881 0.7134 0.7334 0.7737 0.7922 0.7685 0.6839 0.7238
96 116 1.0702 0.9689 0.9960 1.0508 1.0758 1.0437 0.9289 0.9831
96 117 0.8992 0.8141 0.8369 0.8828 0.9038 0.8762 0.7791 0.8243
96 118 0.9069 0.8210 0.8440 0.8903 0.9113 0.8818 0.7821 0.8268
96 119 0.9603 0.8694 0.8937 0.9428 0.9651 0.9350 0.8307 0.8787
96 120 1.2240 1.1081 1.1392 1.2015 1.2298 1.1862 1.0476 1.1058
96 121 0.9648 0.8734 0.8979 0.9472 0.9696 0.9396 0.8350 0.8832
96 122 1.1519 1.0429 1.0721 1.1308 1.1573 1.1137 0.9804 1.0338
96 123 0.9327 0.8444 0.8681 0.9157 0.9373 0.9076 0.8057 0.8519
96 124 1.1648 1.0546 1.0841 1.1434 1.1703 1.1277 0.9946 1.0494
96 125 0.9598 0.8689 0.8932 0.9423 0.9647 0.9353 0.8318 0.8800
97 0 1.1690 1.0579 1.0875 1.1476 1.1753 1.1406 1.0152 1.0749
97 1 1.2143 1.0977 1.1293 1.1948 1.2257 1.1910 1.0611 1.1249
97 2 1.1260 1.0192 1.0477 1.1052 1.1314 1.0968 0.9752 1.0318
97 3 1.1624 1.0522 1.0816 1.1410 1.1681 1.1327 1.0075 1.0663
97 4 1.1833 1.0698 1.1006 1.1644 1.1945 1.1606 1.0340 1.0962
97 5 1.0440 0.9445 0.9713 1.0260 1.0514 1.0208 0.9091 0.9630
97 6 1.1395 1.0315 1.0603 1.1184 1.1448 1.1071 0.9813 1.0368
97 7 1.2315 1.1132 1.1454 1.2122 1.2438 1.2087 1.0770 1.1419
97 8 1.1013 0.9965 1.0247 1.0819 1.1083 1.0758 0.9579 1.0145
97 9 1.0946 0.9900 1.0183 1.0766 1.1038 1.0722 0.9551 1.0122
97 10 1.0518 0.9518 0.9786 1.0331 1.0582 1.0271 0.9145 0.9686
97 11 1.2400 1.1226 1.1540 1.2172 1.2460 1.2065 1.0711 1.1326
97 12 1.0479 0.9480 0.9749 1.0299 1.0555 1.0248 0.9127 0.9669
97 13 1.1051 1.0004 1.0284 1.0847 1.1103 1.0740 0.9522 1.0064
97 14 1.1111 1.0050 1.0337 1.0925 1.1199 1.0876 0.9687 1.0265
97 15 1.0603 0.9594 0.9865 1.0419 1.0676 1.0364 0.9229 0.9776
97 16 1.2326 1.1156 1.1470 1.2105 1.2397 1.2031 1.0711 1.1342
97 17 1.0145 0.9181 0.9440 0.9967 1.0210 0.9910 0.8824 0.9346
97 18 0.8866 0.8026 0.8251 0.8703 0.8908 0.8620 0.7646 0.8083
97 19 1.2312 1.1146 1.1458 1.2086 1.2371 1.1976 1.0629 1.1239
97 20 1.1135 1.0080 1.0362 1.0932 1.1193 1.0860 0.9668 1.0236
97 21 1.2839 1.1623 1.1948 1.2603 1.2900 1.2476 1.1059 1.1687
97 22 1.1640 1.0538 1.0833 1.1426 1.1695 1.1307 1.0017 1.0583
97 23 1.1272 1.0198 1.0488 1.1080 1.1354 1.1024 0.9817 1.0400
97 24 1.1195 1.0129 1.0416 1.1002 1.1273 1.0944 0.9745 1.0323
97 25 0.9442 0.8548 0.8787 0.9270 0.9490 0.9207 0.8195 0.8675
97 26 1.0976 0.9916 1.0207 1.0817 1.1110 1.0803 0.9629 1.0215
97 27 1.1732 1.0621 1.0918 1.1517 1.1788 1.1406 1.0116 1.0693
97 28 1.2304 1.1135 1.1449 1.2088 1.2382 1.2018 1.0700 1.1332
97 29 1.0579 0.9577 0.9845 1.0388 1.0635 1.0319 0.9187 0.9726
97 30 1.0679 0.9657 0.9934 1.0503 1.0769 1.0460 0.9317 0.9873
97 31 1.2395 1.1221 1.1535 1.2167 1.2454 1.2049 1.0685 1.1294
97 32 1.1761 1.0647 1.0945 1.1545 1.1817 1.1436 1.0145 1.0725
97 33 1.1032 0.9982 1.0265 1.0840 1.1106 1.0781 0.9600 1.0167
97 34 1.1646 1.0543 1.0838 1.1432 1.1702 1.1326 1.0049 1.0625
97 35 0.9764 0.8837 0.9086 0.9589 0.9820 0.9530 0.8484 0.8984
97 36 1.0726 0.9706 0.9981 1.0540 1.0797 1.0481 0.9333 0.9884
97 37 1.1403 1.0320 1.0611 1.1202 1.1474 1.1136 0.9916 1.0501
97 38 1.0369 0.9385 0.9649 1.0183 1.0428 1.0120 0.9010 0.9540
97 39 1.1974 1.0841 1.1144 1.1755 1.2032 1.1641 1.0323 1.0912
97 40 1.1366 1.0289 1.0577 1.1158 1.1422 1.1077 0.9855 1.0430
97 41 1.2726 1.1521 1.1844 1.2494 1.2789 1.2400 1.1027 1.1670
97 42 1.0685 0.9669 0.9942 1.0500 1.0756 1.0441 0.9297 0.9847
97 43 1.1272 1.0205 1.0491 1.1065 1.1326 1.0953 0.9708 1.0260
97 44 1.1670 1.0565 1.0861 1.1456 1.1725 1.1330 1.0031 1.0596
97 45 0.9566 0.8660 0.8902 0.9391 0.9614 0.9325 0.8298 0.8783
97 46 1.2745 1.1538 1.1861 1.2512 1.2808 1.2417 1.1041 1.1684
97 47 1.2062 1.0920 1.1226 1.1841 1.2121 1.1741 1.0429 1.1031
97 48 1.0849 0.9822 1.0097 1.0651 1.0902 1.0559 0.9378 0.9919
97 49 1.0263 0.9291 0.9551 1.0075 1.0314 1.0003 0.8900 0.9420
97 50 0.9466 0.8566 0.8808 0.9301 0.9528 0.9248 0.8235 0.8721
97 51 0.9253 0.8377 0.8611 0.9084 0.9299 0.9016 0.8019 0.8486
97 52 1.1380 1.0303 1.0591 1.1171 1.1434 1.1034 0.9750 1.0293
97 53 1.0882 0.9852 1.0128 1.0683 1.0936 1.0599 0.9422 0.9969
97 54 1.0414 0.9428 0.9692 1.0223 1.0464 1.0134 0.8998 0.9516
97 55 1.1059 1.0012 1.0293 1.0856 1.1111 1.0645 0.9313 0.9794
97 56 1.0670 0.9659 0.9930 1.0475 1.0722 1.0396 0.9246 0.9784
97 57 1.1292 1.0223 1.0509 1.1085 1.1345 1.0903 0.9580 1.0091
97 58 0.9111 0.8248 0.8479 0.8944 0.9156 0.8875 0.7891 0.8349
97 59 1.1722 1.0605 1.0907 1.1522 1.1807 1.1463 1.0207 1.0811
97 60 1.2275 1.1113 1.1424 1.2050 1.2335 1.1945 1.0606 1.1217
97 61 1.0711 0.9697 0.9968 1.0515 1.0764 1.0440 0.9290 0.9832
97 62 1.0304 0.9320 0.9587 1.0132 1.0386 1.0085 0.8981 0.9514
97 63 1.1375 1.0298 1.0586 1.1167 1.1431 1.1087 0.9865 1.0441
97 64 0.9916 0.8977 0.9228 0.9734 0.9964 0.9653 0.8577 0.9073
97 65 1.0737 0.9709 0.9988 1.0562 1.0830 1.0519 0.9369 0.9927
97 66 0.9596 0.8676 0.8927 0.9442 0.9684 0.9406 0.8379 0.8879
97 67 1.3643 1.2343 1.2694 1.3409 1.3740 1.3338 1.1877 1.2579
97 68 1.0262 0.9271 0.9543 1.0111 1.0382 1.0092 0.8994 0.9537
97 69 1.1949 1.0818 1.1121 1.1730 1.2006 1.1603 1.0273 1.0854
97 70 1.2121 1.0973 1.1281 1.1899 1.2179 1.1764 1.0409 1.0994
97 71 1.0791 0.9760 1.0039 1.0611 1.0877 1.0562 0.9406 0.9964
97 72 1.1875 1.0751 1.1052 1.1657 1.1931 1.1486 1.0116 1.0666
97 73 1.2062 1.0920 1.1226 1.1840 1.2119 1.1690 1.0323 1.0896
97 74 1.0009 0.9061 0.9315 0.9826 1.0059 0.9758 0.8685 0.9193
97 75 0.8916 0.8072 0.8298 0.8753 0.8960 0.8691 0.7733 0.8184
97 76 1.3602 1.2302 1.2655 1.3377 1.3712 1.3315 1.1858 1.2562
97 77 1.2888 1.1667 1.1994 1.2652 1.2952 1.2563 1.1179 1.1832
97 78 1.0316 0.9339 0.9601 1.0127 1.0367 1.0054 0.8946 0.9467
97 79 1.0505 0.9510 0.9776 1.0313 1.0557 1.0240 0.9113 0.9645
97 80 0.9040 0.8178 0.8411 0.8885 0.9104 0.8838 0.7870 0.8335
97 81 1.1204 1.0138 1.0425 1.1010 1.1279 1.0948 0.9747 1.0322
97 82 1.1170 1.0103 1.0392 1.0983 1.1257 1.0930 0.9734 1.0311
97 83 1.2844 1.1628 1.1954 1.2609 1.2906 1.2493 1.1086 1.1722
97 84 1.1120 1.0067 1.0349 1.0916 1.1174 1.0822 0.9611 1.0165
97 85 1.2352 1.1182 1.1496 1.2125 1.2410 1.1972 1.0575 1.1163
97 86 0.8068 0.7299 0.7507 0.7931 0.8128 0.7891 0.7026 0.7442
97 87 1.1554 1.0452 1.0750 1.1358 1.1639 1.1300 1.0062 1.0657
97 88 1.1465 1.0380 1.0670 1.1254 1.1519 1.1004 0.9587 1.0071
97 89 1.1470 1.0379 1.0673 1.1270 1.1545 1.1205 0.9976 1.0564
97 90 0.9982 0.9037 0.9290 0.9800 1.0031 0.9717 0.8631 0.9129
97 91 0.9748 0.8815 0.9068 0.9588 0.9830 0.9546 0.8501 0.9006
97 92 0.8521 0.7714 0.7930 0.8365 0.8563 0.8307 0.7394 0.7826
97 93 0.9586 0.8672 0.8919 0.9424 0.9657 0.9375 0.8348 0.8842
97 94 1.1251 1.0185 1.0471 1.1045 1.1306 1.0963 0.9751 1.0319
97 95 1.0866 0.9816 1.0105 1.0708 1.0995 1.0688 0.9524 1.0098
97 96 1.0762 0.9728 1.0010 1.0596 1.0871 1.0563 0.9410 0.9973
97 98 1.1350 1.0276 1.0564 1.1142 1.1404 1.0955 0.9619 1.0133
97 99 0.7318 0.6618 0.6808 0.7198 0.7380 0.7167 0.6383 0.6762
97 100 0.9993 0.9042 0.9299 0.9821 1.0062 0.9767 0.8696 0.9209
97 101 1.2282 1.1119 1.1430 1.2056 1.2340 1.1299 0.9323 0.9555
97 102 1.0734 0.9705 0.9985 1.0563 1.0833 1.0522 0.9372 0.9930
97 103 1.0783 0.9749 1.0031 1.0611 1.0882 1.0570 0.9415 0.9974
97 104 0.8431 0.7625 0.7843 0.8292 0.8500 0.8254 0.7350 0.7785
97 105 1.0855 0.9815 1.0098 1.0680 1.0952 1.0637 0.9474 1.0037
97 106 0.9509 0.8600 0.8847 0.9351 0.9585 0.9307 0.8288 0.8779
97 107 0.9672 0.8746 0.8998 0.9517 0.9759 0.9478 0.8442 0.8943
97 108 0.6630 0.6003 0.6171 0.6509 0.6663 0.6449 0.5722 0.6049
97 109 0.9916 0.8972 0.9227 0.9745 0.9983 0.9690 0.8627 0.9135
97 110 0.9889 0.8943 0.9200 0.9727 0.9973 0.9685 0.8625 0.9137
97 111 1.0902 0.9856 1.0141 1.0728 1.1003 1.0687 0.9519 1.0086
97 112 1.1478 1.0375 1.0676 1.1299 1.1592 1.1262 1.0032 1.0630
97 113 1.0249 0.9269 0.9535 1.0079 1.0332 1.0032 0.8934 0.9463
97 114 1.1478 1.0377 1.0677 1.1295 1.1584 1.1251 1.0022 1.0618
97 115 1.0868 0.9824 1.0109 1.0699 1.0977 1.0664 0.9500 1.0066
97 116 1.1369 1.0276 1.0575 1.1194 1.1485 1.1158 0.9940 1.0533
97 117 0.8933 0.8078 0.8311 0.8788 0.9011 0.8750 0.7793 0.8256
97 118 1.0370 0.9388 0.9651 1.0181 1.0422 1.0109 0.8996 0.9520
97 119 1.0469 0.9471 0.9741 1.0291 1.0546 1.0237 0.9116 0.9653
97 120 1.1471 1.0385 1.0676 1.1261 1.1527 1.1145 0.9875 1.0436
97 121 1.0704 0.9683 0.9959 1.0525 1.0786 1.0472 0.9325 0.9876
97 122 1.0827 0.9802 1.0077 1.0629 1.0879 1.0495 0.9269 0.9784
97 123 1.0143 0.9180 0.9439 0.9964 1.0204 0.9902 0.8815 0.9333
97 124 1.0963 0.9925 1.0203 1.0762 1.1016 1.0641 0.9415 0.9945
97 125 1.0931 0.9884 1.0169 1.0754 1.1027 1.0710 0.9538 1.0105
98 0 1.4400 1.2944 1.3366 1.4301 1.4773 1.4412 1.2865 1.3674
98 1 1.5265 1.3706 1.4164 1.5195 1.5725 1.5361 1.3724 1.4607
98 2 1.2938 1.1639 1.2013 1.2835 1.3245 1.2912 1.1523 1.2239
98 3 1.0881 0.9787 1.0103 1.0798 1.1147 1.0870 0.9701 1.0307
98 4 1.1730 1.0533 1.0885 1.1677 1.2085 1.1805 1.0548 1.1227
98 5 1.3453 1.2088 1.2487 1.3375 1.3827 1.3497 1.2055 1.2822
98 6 1.5365 1.3844 1.4275 1.5204 1.5659 1.5244 1.3591 1.4416
98 7 1.1208 1.0062 1.0400 1.1161 1.1554 1.1289 1.0089 1.0741
98 8 1.1087 0.9964 1.0292 1.1019 1.1388 1.1114 0.9926 1.0556
98 9 1.3905 1.2490 1.2906 1.3836 1.4313 1.3979 1.2489 1.3291
98 10 1.1182 1.0051 1.0381 1.1113 1.1485 1.1208 1.0010 1.0645
98 11 1.5129 1.3620 1.4053 1.4992 1.5458 1.5061 1.3437 1.4266
98 12 1.1321 1.0172 1.0509 1.1259 1.1641 1.1365 1.0152 1.0801
98 13 1.0204 0.9193 0.9480 1.0101 1.0406 1.0133 0.9037 0.9589
98 14 1.1326 1.0175 1.0513 1.1268 1.1655 1.1382 1.0169 1.0820
98 15 1.4025 1.2603 1.3019 1.3945 1.4417 1.4074 1.2572 1.3374
98 16 1.1117 0.9994 1.0321 1.1047 1.1415 1.1140 0.9949 1.0580
98 17 1.1398 1.0244 1.0581 1.1330 1.1711 1.1431 1.0210 1.0860
98 18 1.0233 0.9217 0.9507 1.0134 1.0445 1.0174 0.9075 0.9633
98 19 1.4665 1.3205 1.3623 1.4530 1.4981 1.4596 1.3022 1.3827
98 20 1.2033 1.0819 1.1172 1.1954 1.2350 1.2051 1.0762 1.1443
98 21 1.4278 1.2865 1.3266 1.4132 1.4558 1.4177 1.2643 1.3417
98 22 1.3536 1.2199 1.2577 1.3391 1.3791 1.3427 1.1972 1.2702
98 23 1.1669 1.0484 1.0831 1.1606 1.2002 1.1719 1.0469 1.1140
98 24 1.3007 1.1688 1.2074 1.2935 1.3374 1.3058 1.1665 1.2411
98 25 1.1175 1.0048 1.0376 1.1101 1.1468 1.1190 0.9993 1.0625
98 26 1.3945 1.2510 1.2937 1.3908 1.4415 1.4097 1.2606 1.3432
98 27 0.9873 0.8893 0.9172 0.9777 1.0076 0.9816 0.8756 0.9296
98 28 1.0988 0.9876 1.0201 1.0923 1.1292 1.1023 0.9847 1.0475
98 29 1.1311 1.0169 1.0501 1.1238 1.1612 1.1332 1.0121 1.0764
98 30 1.2441 1.1174 1.1547 1.2383 1.2815 1.2518 1.1187 1.1909
98 31 1.4052 1.2658 1.3055 1.3915 1.4341 1.3970 1.2462 1.3230
98 32 1.2194 1.0982 1.1328 1.2078 1.2451 1.2131 1.0823 1.1492
98 33 1.3488 1.2120 1.2520 1.3412 1.3868 1.3540 1.2097 1.2871
98 34 1.2478 1.1237 1.1591 1.2361 1.2745 1.2419 1.1081 1.1767
98 35 1.1085 0.9964 1.0291 1.1017 1.1387 1.1115 0.9929 1.0562
98 36 1.3918 1.2507 1.2920 1.3840 1.4311 1.3973 1.2483 1.3282
98 37 1.2821 1.1523 1.1902 1.2746 1.3177 1.2864 1.1492 1.2227
98 38 1.1303 1.0160 1.0494 1.1234 1.1612 1.1335 1.0125 1.0772
98 39 1.2834 1.1561 1.1923 1.2709 1.3100 1.2762 1.1386 1.2090
98 40 1.1037 0.9927 1.0249 1.0960 1.1321 1.1046 0.9864 1.0488
98 41 1.4709 1.3231 1.3659 1.4601 1.5079 1.4710 1.3134 1.3964
98 42 1.3153 1.1820 1.2210 1.3081 1.3527 1.3208 1.1801 1.2558
98 43 0.9277 0.8359 0.8619 0.9182 0.9462 0.9216 0.8221 0.8728
98 44 1.2811 1.1549 1.1905 1.2669 1.3045 1.2700 1.1325 1.2018
98 45 1.0927 0.9826 1.0146 1.0853 1.1213 1.0942 0.9772 1.0393
98 46 1.4576 1.3112 1.3536 1.4469 1.4942 1.4577 1.3016 1.3839
98 47 1.3441 1.2098 1.2484 1.3330 1.3755 1.3412 1.1972 1.2723
98 48 1.3415 1.2075 1.2460 1.3302 1.3726 1.3382 1.1945 1.2694
98 49 1.2878 1.1581 1.1957 1.2790 1.3213 1.2893 1.1515 1.2246
98 50 1.1297 1.0152 1.0487 1.1234 1.1618 1.1345 1.0136 1.0787
98 51 1.0694 0.9619 0.9930 1.0617 1.0966 1.0699 0.9554 1.0159
98 52 1.2460 1.1243 1.1582 1.2303 1.2655 1.2311 1.0973 1.1637
98 53 1.3125 1.1809 1.2189 1.3026 1.3450 1.3120 1.1714 1.2454
98 54 1.0726 0.9655 0.9962 1.0634 1.0972 1.0697 0.9548 1.0146
98 55 0.7532 0.6818 0.7009 0.7397 0.7577 0.7332 0.6500 0.6865
98 56 1.1049 0.9939 1.0260 1.0970 1.1331 1.1055 0.9872 1.0498
98 57 1.1079 1.0025 1.0309 1.0889 1.1160 1.0830 0.9638 1.0196
98 58 1.0091 0.9078 0.9371 1.0016 1.0343 1.0091 0.9010 0.9580
98 59 1.2878 1.1570 1.1954 1.2813 1.3255 1.2947 1.1569 1.2314
98 60 1.0110 0.9101 0.9390 1.0024 1.0342 1.0084 0.9001 0.9565
98 61 1.3021 1.1709 1.2090 1.2934 1.3363 1.3042 1.1648 1.2390
98 62 1.1562 1.0385 1.0731 1.1508 1.1909 1.1634 1.0398 1.1070
98 63 1.3244 1.1909 1.2297 1.3155 1.3593 1.3266 1.1848 1.2603
98 64 1.1033 0.9928 1.0246 1.0945 1.1298 1.1019 0.9838 1.0458
98 65 1.2680 1.1387 1.1768 1.2627 1.3072 1.2774 1.1418 1.2159
98 66 1.1144 1.0006 1.0342 1.1100 1.1494 1.1233 1.0042 1.0694
98 67 1.5582 1.3999 1.4463 1.5502 1.6037 1.5664 1.3998 1.4901
98 68 1.3450 1.2066 1.2478 1.3416 1.3908 1.3603 1.2166 1.2966
98 69 1.2808 1.1546 1.1902 1.2669 1.3049 1.2708 1.1335 1.2033
98 70 0.9603 0.8659 0.8924 0.9493 0.9773 0.9515 0.8486 0.9006
98 71 1.1472 1.0304 1.0647 1.1419 1.1818 1.1547 1.0321 1.0989
98 72 1.0342 0.9347 0.9619 1.0184 1.0454 1.0157 0.9046 0.9582
98 73 0.8949 0.8078 0.8320 0.8833 0.9083 0.8836 0.7876 0.8352
98 74 1.1207 1.0076 1.0405 1.1136 1.1509 1.1234 1.0035 1.0677
98 75 1.0927 0.9826 1.0146 1.0855 1.1217 1.0948 0.9779 1.0403
98 76 1.5336 1.3774 1.4233 1.5266 1.5801 1.5439 1.3800 1.4694
98 77 1.3980 1.2570 1.2980 1.3889 1.4353 1.4010 1.2514 1.3313
98 78 1.2800 1.1511 1.1885 1.2715 1.3138 1.2823 1.1454 1.2185
98 79 1.2323 1.1081 1.1442 1.2243 1.2653 1.2351 1.1033 1.1737
98 80 1.1959 1.0744 1.1100 1.1898 1.2311 1.2026 1.0747 1.1441
98 81 1.1719 1.0530 1.0878 1.1657 1.2058 1.1777 1.0524 1.1202
98 82 1.1778 1.0580 1.0932 1.1724 1.2134 1.1855 1.0596 1.1283
98 83 1.4281 1.2860 1.3266 1.4154 1.4601 1.4235 1.2706 1.3503
98 84 1.0530 0.9478 0.9780 1.0444 1.0779 1.0512 0.9385 0.9977
98 85 0.8161 0.7366 0.7587 0.8056 0.8286 0.8062 0.7186 0.7623
98 86 1.1538 1.0365 1.0709 1.1482 1.1881 1.1607 1.0374 1.1045
98 87 1.1314 1.0164 1.0502 1.1259 1.1651 1.1382 1.0173 1.0831
98 88 0.5692 0.5153 0.5297 0.5592 0.5729 0.5528 0.4881 0.5151
98 89 1.1730 1.0540 1.0888 1.1667 1.2068 1.1787 1.0533 1.1212
98 90 1.1188 1.0069 1.0391 1.1099 1.1457 1.1175 0.9978 1.0608
98 91 1.1737 1.0540 1.0893 1.1687 1.2099 1.1824 1.0570 1.1256
98 92 1.1660 1.0483 1.0826 1.1587 1.1977 1.1693 1.0446 1.1115
98 93 1.1524 1.0352 1.0696 1.1468 1.1868 1.1595 1.0363 1.1034
98 94 1.0709 0.9631 0.9944 1.0636 1.0989 1.0725 0.9580 1.0191
98 95 1.2483 1.1198 1.1580 1.2454 1.2914 1.2633 1.1299 1.2044
98 96 1.2092 1.0853 1.1220 1.2052 1.2488 1.2210 1.0918 1.1633
98 97 1.1521 1.0358 1.0696 1.1449 1.1836 1.1555 1.0324 1.0986
98 99 1.1818 1.0613 1.0968 1.1769 1.2185 1.1909 1.0646 1.1338
98 100 1.1160 1.0028 1.0359 1.1103 1.1488 1.1222 1.0029 1.0678
98 101 0.8587 0.7773 0.7991 0.8436 0.8644 0.7922 0.6540 0.6712
98 102 1.1471 1.0299 1.0645 1.1428 1.1837 1.1571 1.0344 1.1018
98 103 1.2435 1.1164 1.1539 1.2388 1.2830 1.2542 1.1212 1.1943
98 104 1.1204 1.0062 1.0398 1.1155 1.1549 1.1286 1.0089 1.0744
98 105 1.2648 1.1356 1.1738 1.2599 1.3048 1.2754 1.1402 1.2144
98 106 1.2709 1.1415 1.1795 1.2653 1.3098 1.2800 1.1441 1.2184
98 107 1.1834 1.0625 1.0982 1.1788 1.2208 1.1933 1.0668 1.1363
98 108 1.0517 0.9471 0.9770 1.0424 1.0754 1.0485 0.9359 0.9947
98 109 1.1596 1.0419 1.0764 1.1536 1.1936 1.1660 1.0420 1.1093
98 110 1.1694 1.0501 1.0852 1.1645 1.2058 1.1785 1.0535 1.1221
98 111 1.2375 1.1110 1.1483 1.2329 1.2771 1.2484 1.1162 1.1890
98 112 1.2816 1.1504 1.1892 1.2774 1.3235 1.2941 1.1571 1.2329
98 113 1.2548 1.1269 1.1646 1.2493 1.2934 1.2640 1.1299 1.2033
98 114 1.2012 1.0785 1.1147 1.1968 1.2396 1.2119 1.0835 1.1542
98 115 1.2521 1.1239 1.1618 1.2480 1.2931 1.2644 1.1307 1.2047
98 116 1.1940 1.0717 1.1079 1.1902 1.2334 1.2060 1.0785 1.1491
98 117 1.2538 1.1259 1.1636 1.2488 1.2932 1.2640 1.1300 1.2036
98 118 1.1991 1.0782 1.1133 1.1916 1.2318 1.2026 1.0744 1.1433
98 119 1.1784 1.0586 1.0937 1.1727 1.2137 1.1859 1.0599 1.1287
98 120 1.0135 0.9133 0.9417 1.0033 1.0342 1.0078 0.8993 0.9554
98 121 1.2993 1.1671 1.2059 1.2934 1.3388 1.3082 1.1694 1.2453
98 122 0.9523 0.8595 0.8853 0.9401 0.9670 0.9411 0.8391 0.8903
98 123 1.1472 1.0311 1.0650 1.1409 1.1802 1.1527 1.0301 1.0966
98 124 0.9663 0.8713 0.8980 0.9555 0.9840 0.9584 0.8549 0.9078
98 125 1.2678 1.1384 1.1765 1.2629 1.3079 1.2785 1.1431 1.2177
99 0 1.2720 1.1513 1.1834 1.2485 1.2784 1.2389 1.1007 1.1648
99 1 1.3337 1.2070 1.2408 1.3099 1.3420 1.3029 1.1602 1.2293
99 2 1.2160 1.1008 1.1315 1.1936 1.2219 1.1828 1.0494 1.1098
99 3 1.2618 1.1422 1.1741 1.2386 1.2680 1.2278 1.0898 1.1528
99 4 1.3171 1.1920 1.2255 1.2936 1.3252 1.2865 1.1457 1.2138
99 5 1.1398 1.0318 1.0607 1.1191 1.1459 1.1113 0.9884 1.0465
99 6 1.2236 1.1077 1.1386 1.2010 1.2293 1.1871 1.0499 1.1088
99 7 1.3567 1.2277 1.2623 1.3330 1.3658 1.3261 1.1811 1.2515
99 8 1.2170 1.1017 1.1325 1.1948 1.2234 1.1860 1.0544 1.1161
99 9 1.1897 1.0770 1.1071 1.1682 1.1963 1.1608 1.0334 1.0945
99 10 1.1686 1.0579 1.0875 1.1473 1.1747 1.1387 1.0122 1.0714
99 11 1.3366 1.2100 1.2438 1.3120 1.3430 1.2984 1.1503 1.2157
99 12 1.1555 1.0460 1.0753 1.1345 1.1617 1.1266 1.0022 1.0611
99 13 1.2049 1.0908 1.1213 1.1827 1.2106 1.1693 1.0345 1.0927
99 14 1.2554 1.1364 1.1682 1.2326 1.2622 1.2245 1.0897 1.1540
99 15 1.1403 1.0322 1.0611 1.1195 1.1463 1.1114 0.9885 1.0464
99 16 1.3359 1.2094 1.2432 1.3116 1.3428 1.3013 1.1565 1.2239
99 17 1.1312 1.0240 1.0527 1.1106 1.1371 1.1023 0.9800 1.0373
99 18 0.9523 0.8621 0.8862 0.9348 0.9568 0.9245 0.8183 0.8645
99 19 1.3187 1.1938 1.2272 1.2945 1.3250 1.2807 1.1342 1.1986
99 20 1.2682 1.1481 1.1802 1.2450 1.2746 1.2349 1.0971 1.1608
99 21 1.3745 1.2443 1.2791 1.3492 1.3809 1.3335 1.1795 1.2457
99 22 1.2432 1.1255 1.1570 1.2203 1.2491 1.2057 1.0659 1.1255
99 23 1.3141 1.1896 1.2229 1.2902 1.3210 1.2811 1.1396 1.2064
99 24 1.1125 1.0071 1.0353 1.0922 1.1183 1.0843 0.9644 1.0208
99 25 1.0315 0.9338 0.9600 1.0127 1.0367 1.0043 0.8920 0.9437
99 26 1.1806 1.0677 1.0983 1.1614 1.1911 1.1571 1.0309 1.0928
99 27 1.2586 1.1395 1.1714 1.2355 1.2646 1.2217 1.0812 1.1423
99 28 1.3417 1.2146 1.2486 1.3173 1.3486 1.3072 1.1621 1.2299
99 29 1.2251 1.1090 1.1401 1.2027 1.2313 1.1929 1.0598 1.1213
99 30 1.1389 1.0310 1.0599 1.1183 1.1451 1.1111 0.9892 1.0475
99 31 1.3231 1.1978 1.2314 1.2988 1.3294 1.2842 1.1363 1.2004
99 32 1.2509 1.1324 1.1641 1.2279 1.2569 1.2144 1.0750 1.1357
99 33 1.0939 0.9903 1.0180 1.0740 1.0995 1.0660 0.9479 1.0033
99 34 1.2401 1.1227 1.1541 1.2173 1.2460 1.2041 1.0660 1.1264
99 35 1.2047 1.0906 1.1212 1.1828 1.2109 1.1734 1.0428 1.1035
99 36 1.0645 0.9637 0.9907 1.0451 1.0700 1.0373 0.9224 0.9762
99 37 1.2144 1.0994 1.1301 1.1922 1.2206 1.1831 1.0517 1.1130
99 38 1.0199 0.9233 0.9491 1.0013 1.0250 0.9933 0.8827 0.9341
99 39 1.2672 1.1472 1.1793 1.2439 1.2732 1.2299 1.0883 1.1497
99 40 1.2803 1.1590 1.1915 1.2568 1.2866 1.2458 1.1059 1.1697
99 41 1.3596 1.2309 1.2654 1.3348 1.3663 1.3226 1.1737 1.2413
99 42 1.1357 1.0281 1.0569 1.1150 1.1415 1.1067 0.9840 1.0415
99 43 1.2067 1.0924 1.1230 1.1845 1.2124 1.1707 1.0353 1.0934
99 44 1.2342 1.1174 1.1486 1.2115 1.2400 1.1964 1.0568 1.1157
99 45 1.1046 1.0000 1.0280 1.0844 1.1101 1.0751 0.9546 1.0098
99 46 1.3573 1.2288 1.2632 1.3325 1.3640 1.3202 1.1715 1.2389
99 47 1.2787 1.1576 1.1900 1.2552 1.2849 1.2426 1.1014 1.1642
99 48 1.0703 0.9690 0.9961 1.0507 1.0754 1.0400 0.9216 0.9741
99 49 1.0149 0.9188 0.9445 0.9963 1.0199 0.9876 0.8768 0.9274
99 50 1.0102 0.9146 0.9402 0.9918 1.0154 0.9843 0.8751 0.9262
99 51 0.9907 0.8969 0.9220 0.9726 0.9956 0.9638 0.8553 0.9046
99 52 1.2020 1.0882 1.1187 1.1799 1.2076 1.1636 1.0260 1.0823
99 53 1.0715 0.9700 0.9972 1.0519 1.0767 1.0419 0.9242 0.9772
99 54 1.0888 0.9857 1.0133 1.0689 1.0941 1.0578 0.9372 0.9905
99 55 1.1719 1.0609 1.0906 1.1503 1.1772 1.1262 0.9831 1.0332
99 56 1.0461 0.9470 0.9735 1.0269 1.0512 1.0176 0.9030 0.9549
99 57 1.1944 1.0814 1.1116 1.1724 1.1999 1.1514 1.0095 1.0626
99 58 0.9172 0.8304 0.8536 0.9004 0.9217 0.8920 0.7914 0.8368
99 59 1.2427 1.1250 1.1565 1.2201 1.2491 1.2112 1.0774 1.1402
99 60 1.3155 1.1910 1.2243 1.2914 1.3218 1.2780 1.1323 1.1967
99 61 1.0572 0.9571 0.9839 1.0378 1.0624 1.0288 0.9134 0.9661
99 62 1.1263 1.0196 1.0481 1.1058 1.1321 1.0982 0.9772 1.0344
99 63 1.1220 1.0157 1.0442 1.1014 1.1275 1.0918 0.9694 1.0252
99 64 1.0589 0.9586 0.9855 1.0395 1.0640 1.0292 0.9124 0.9645
99 65 1.0575 0.9573 0.9842 1.0384 1.0633 1.0317 0.9184 0.9724
99 66 1.0083 0.9126 0.9383 0.9903 1.0142 0.9842 0.8762 0.9277
99 67 1.4564 1.3185 1.3554 1.4299 1.4638 1.4194 1.2623 1.3360
99 68 1.0159 0.9188 0.9451 0.9992 1.0244 0.9949 0.8861 0.9388
99 69 1.2601 1.1408 1.1727 1.2369 1.2660 1.2216 1.0792 1.1394
99 70 1.2720 1.1516 1.1838 1.2486 1.2780 1.2324 1.0881 1.1485
99 71 1.0585 0.9583 0.9851 1.0393 1.0640 1.0321 0.9184 0.9722
99 72 1.2568 1.1378 1.1697 1.2336 1.2626 1.2136 1.0664 1.1237
99 73 1.2856 1.1639 1.1965 1.2619 1.2916 1.2439 1.0961 1.1560
99 74 1.0667 0.9657 0.9927 1.0472 1.0719 1.0382 0.9220 0.9752
99 75 0.9821 0.8891 0.9140 0.9641 0.9869 0.9557 0.8485 0.8974
99 76 1.4493 1.3120 1.3487 1.4229 1.4568 1.4131 1.2575 1.3311
99 77 1.3511 1.2232 1.2574 1.3264 1.3578 1.3149 1.1675 1.2348
99 78 1.0099 0.9143 0.9399 0.9914 1.0148 0.9827 0.8724 0.9226
99 79 1.0346 0.9366 0.9628 1.0156 1.0397 1.0068 0.8940 0.9455
99 80 1.0757 0.9738 1.0011 1.0561 1.0811 1.0483 0.9323 0.9866
99 81 1.0926 0.9891 1.0168 1.0726 1.0981 1.0644 0.9464 1.0014
99 82 1.1689 1.0582 1.0879 1.1477 1.1749 1.1396 1.0140 1.0732
99 83 1.3543 1.2261 1.2604 1.3294 1.3607 1.3150 1.1644 1.2303
99 84 1.1547 1.0454 1.0747 1.1335 1.1602 1.1219 0.9942 1.0507
99 85 1.3128 1.1885 1.2218 1.2886 1.3189 1.2703 1.1195 1.1809
99 86 0.7767 0.7032 0.7228 0.7626 0.7807 0.7570 0.6734 0.7126
99 87 1.2088 1.0943 1.1249 1.1867 1.2149 1.1781 1.0479 1.1090
99 88 1.2552 1.1364 1.1682 1.2321 1.2610 1.2028 1.0457 1.0977
99 89 1.1301 1.0231 1.0518 1.1095 1.1358 1.1009 0.9787 1.0355
99 90 0.9692 0.8774 0.9020 0.9514 0.9738 0.9418 0.8347 0.8823
99 91 1.0333 0.9354 0.9616 1.0145 1.0386 1.0076 0.8969 0.9493
99 92 0.9514 0.8613 0.8855 0.9340 0.9561 0.9260 0.8224 0.8698
99 93 0.9892 0.8955 0.9206 0.9711 0.9942 0.9641 0.8575 0.9075
99 94 1.1699 1.0591 1.0888 1.1485 1.1756 1.1380 1.0100 1.0680
99 95 1.0799 0.9766 1.0046 1.0622 1.0890 1.0576 0.9419 0.9978
99 96 1.0687 0.9670 0.9944 1.0502 1.0760 1.0444 0.9299 0.9847
99 97 0.7656 0.6931 0.7125 0.7516 0.7693 0.7451 0.6618 0.7000
99 98 1.1967 1.0835 1.1138 1.1747 1.2023 1.1531 1.0102 1.0634
99 100 1.0331 0.9353 0.9615 1.0142 1.0383 1.0065 0.8950 0.9470
99 101 1.3004 1.1773 1.2103 1.2764 1.3064 1.1961 0.9868 1.0109
99 102 1.0684 0.9670 0.9942 1.0494 1.0747 1.0429 0.9283 0.9827
99 103 1.1280 1.0210 1.0497 1.1079 1.1346 1.1010 0.9801 1.0374
99 104 0.8363 0.7571 0.7783 0.8211 0.8406 0.8154 0.7256 0.7679
99 105 1.0762 0.9742 1.0015 1.0569 1.0823 1.0501 0.9347 0.9894
99 106 0.9736 0.8814 0.9061 0.9559 0.9786 0.9492 0.8446 0.8938
99 107 1.0250 0.9278 0.9539 1.0066 1.0308 1.0001 0.8902 0.9423
99 108 0.9287 0.8408 0.8643 0.9117 0.9331 0.9017 0.7983 0.8433
99 109 0.9820 0.8890 0.9139 0.9641 0.9869 0.9567 0.8506 0.8999
99 110 1.0354 0.9373 0.9636 1.0165 1.0407 1.0096 0.8986 0.9511
99 111 1.1442 1.0356 1.0648 1.1239 1.1510 1.1169 0.9942 1.0524
99 112 1.1455 1.0366 1.0659 1.1256 1.1530 1.1191 0.9963 1.0548
99 113 1.0550 0.9551 0.9818 1.0358 1.0604 1.0285 0.9152 0.9686
99 114 1.2210 1.1051 1.1362 1.1992 1.2281 1.1917 1.0608 1.1229
99 115 1.0844 0.9813 1.0091 1.0655 1.0916 1.0594 0.9432 0.9986
99 116 1.2035 1.0890 1.1199 1.1827 1.2116 1.1760 1.0470 1.1085
99 117 0.9020 0.8166 0.8395 0.8857 0.9068 0.8797 0.7830 0.8288
99 118 1.1547 1.0454 1.0746 1.1336 1.1603 1.1236 0.9977 1.0551
99 119 1.0939 0.9903 1.0181 1.0740 1.0994 1.0660 0.9481 1.0032
99 120 1.1777 1.0662 1.0961 1.1561 1.1832 1.1422 1.0098 1.0663
99 121 1.1109 1.0057 1.0339 1.0906 1.1165 1.0827 0.9632 1.0192
99 122 1.1077 1.0029 1.0310 1.0874 1.1129 1.0718 0.9445 0.9963
99 123 1.0375 0.9393 0.9656 1.0185 1.0426 1.0103 0.8979 0.9498
99 124 1.1215 1.0153 1.0438 1.1009 1.1268 1.0866 0.9594 1.0126
99 125 1.1300 1.0229 1.0516 1.1096 1.1362 1.1023 0.9812 1.0385
100 0 1.2360 1.1187 1.1499 1.2132 1.2422 1.2046 1.0713 1.1339
100 1 1.2758 1.1540 1.1867 1.2540 1.2856 1.2486 1.1121 1.1786
100 2 1.1924 1.0794 1.1095 1.1704 1.1982 1.1606 1.0307 1.0903
100 3 1.2261 1.1099 1.1409 1.2036 1.2322 1.1939 1.0608 1.1223
100 4 1.2550 1.1353 1.1675 1.2337 1.2646 1.2282 1.0940 1.1594
100 5 1.1289 1.0219 1.0504 1.1083 1.1349 1.1014 0.9806 1.0384
100 6 1.1993 1.0857 1.1161 1.1772 1.2049 1.1644 1.0308 1.0889
100 7 1.2887 1.1656 1.1989 1.2672 1.2993 1.2621 1.1243 1.1917
100 8 1.1864 1.0740 1.1040 1.1647 1.1926 1.1569 1.0296 1.0901
100 9 1.0525 0.9524 0.9793 1.0341 1.0595 1.0286 0.9160 0.9705
100 10 1.1491 1.0403 1.0693 1.1282 1.1551 1.1205 0.9970 1.0556
100 11 1.0642 0.9634 0.9904 1.0447 1.0693 1.0346 0.9174 0.9699
100 12 1.1384 1.0305 1.0594 1.1178 1.1447 1.1109 0.9891 1.0475
100 13 1.1802 1.0685 1.0984 1.1585 1.1858 1.1462 1.0150 1.0724
100 14 1.2066 1.0920 1.1227 1.1852 1.2140 1.1784 1.0494 1.1115
100 15 1.0067 0.9114 0.9369 0.9884 1.0120 0.9820 0.8742 0.9257
100 16 1.2838 1.1622 1.1947 1.2604 1.2904 1.2514 1.1132 1.1784
100 17 1.1198 1.0137 1.0421 1.0994 1.1256 1.0920 0.9718 1.0289
100 18 0.7996 0.7239 0.7441 0.7849 0.8034 0.7768 0.6882 0.7273
100 19 1.0352 0.9372 0.9634 1.0162 1.0402 1.0061 0.8919 0.9428
100 20 1.2142 1.0992 1.1300 1.1920 1.2204 1.1832 1.0521 1.1136
100 21 1.1392 1.0313 1.0601 1.1182 1.1446 1.1060 0.9792 1.0345
100 22 1.0504 0.9509 0.9775 1.0310 1.0553 1.0194 0.9021 0.9528
100 23 1.2373 1.1200 1.1514 1.2149 1.2440 1.2073 1.0748 1.1382
100 24 0.9813 0.8884 0.9132 0.9635 0.9865 0.9572 0.8521 0.9023
100 25 0.8243 0.7462 0.7671 0.8093 0.8285 0.8031 0.7140 0.7556
100 26 1.0237 0.9253 0.9521 1.0078 1.0343 1.0052 0.8958 0.9499
100 27 1.2270 1.1109 1.1419 1.2045 1.2329 1.1919 1.0559 1.1158
100 28 1.2854 1.1637 1.1963 1.2620 1.2921 1.2533 1.1153 1.1807
100 29 1.1773 1.0658 1.0957 1.1558 1.1833 1.1472 1.0202 1.0798
100 30 1.0001 0.9049 0.9305 0.9826 1.0068 0.9773 0.8703 0.9220
100 31 1.0968 0.9929 1.0207 1.0767 1.1020 1.0653 0.9436 0.9971
100 32 1.2239 1.1080 1.1390 1.2014 1.2298 1.1891 1.0536 1.1135
100 33 0.9507 0.8607 0.8847 0.9334 0.9556 0.9271 0.8252 0.8737
100 34 1.2145 1.0995 1.1303 1.1922 1.2203 1.1801 1.0459 1.1054
100 35 1.1697 1.0589 1.0886 1.1484 1.1757 1.1401 1.0142 1.0736
100 36 0.9854 0.8921 0.9170 0.9674 0.9905 0.9609 0.8553 0.9055
100 37 1.0034 0.9084 0.9338 0.9851 1.0085 0.9782 0.8705 0.9215
100 38 0.8590 0.7777 0.7995 0.8434 0.8634 0.8373 0.7448 0.7884
100 39 1.2393 1.1219 1.1533 1.2165 1.2452 1.2037 1.0662 1.1266
100 40 1.2258 1.1097 1.1408 1.2034 1.2319 1.1936 1.0607 1.1222
100 41 1.1334 1.0261 1.0548 1.1126 1.1390 1.1033 0.9801 1.0368
100 42 0.9708 0.8788 0.9034 0.9531 0.9758 0.9467 0.8426 0.8921
100 43 1.1858 1.0735 1.1035 1.1640 1.1914 1.1512 1.0191 1.0766
100 44 1.0751 0.9733 1.0006 1.0554 1.0802 1.0429 0.9222 0.9739
100 45 1.0999 0.9958 1.0236 1.0798 1.1054 1.0713 0.9522 1.0075
100 46 1.1408 1.0328 1.0617 1.1199 1.1464 1.1104 0.9863 1.0434
100 47 1.2543 1.1355 1.1673 1.2313 1.2604 1.2198 1.0822 1.1443
100 48 0.9194 0.8324 0.8557 0.9026 0.9239 0.8941 0.7931 0.8386
100 49 0.9870 0.8936 0.9186 0.9690 0.9919 0.9612 0.8542 0.9038
100 50 1.1045 0.9999 1.0279 1.0844 1.1102 1.0769 0.9585 1.0147
100 51 1.0965 0.9926 1.0204 1.0764 1.1019 1.0674 0.9482 1.0031
100 52 1.0518 0.9522 0.9788 1.0324 1.0567 1.0188 0.8993 0.9490
100 53 0.8934 0.8088 0.8314 0.8770 0.8978 0.8694 0.7719 0.8165
100 54 1.1786 1.0670 1.0969 1.1570 1.1843 1.1459 1.0163 1.0744
100 55 1.1593 1.0495 1.0789 1.1379 1.1646 1.1149 0.9742 1.0241
100 56 0.8414 0.7617 0.7830 0.8260 0.8455 0.8191 0.7276 0.7697
100 57 1.1786 1.0670 1.0969 1.1569 1.1840 1.1370 0.9978 1.0506
100 58 0.9808 0.8880 0.9128 0.9629 0.9856 0.9546 0.8477 0.8966
100 59 1.1205 1.0143 1.0428 1.1003 1.1267 1.0933 0.9732 1.0304
100 60 1.2731 1.1525 1.1848 1.2497 1.2792 1.2377 1.0977 1.1604
100 61 0.9555 0.8650 0.8893 0.9380 0.9602 0.9305 0.8270 0.8750
100 62 1.1091 1.0038 1.0321 1.0895 1.1159 1.0830 0.9642 1.0210
100 63 0.9088 0.8227 0.8457 0.8921 0.9132 0.8850 0.7865 0.8321
100 64 1.1392 1.0313 1.0602 1.1183 1.1447 1.1081 0.9833 1.0398
100 65 0.8078 0.7309 0.7516 0.7938 0.8134 0.7896 0.7031 0.7446
100 66 1.0801 0.9772 1.0050 1.0618 1.0881 1.0564 0.9407 0.9964
100 67 1.2265 1.1103 1.1414 1.2043 1.2330 1.1964 1.0650 1.1275
100 68 0.9867 0.8920 0.9178 0.9713 0.9965 0.9682 0.8626 0.9142
100 69 1.0895 0.9863 1.0140 1.0695 1.0946 1.0569 0.9347 0.9872
100 70 1.2183 1.1030 1.1339 1.1960 1.2241 1.1814 1.0440 1.1023
100 71 0.8889 0.8044 0.8271 0.8732 0.8944 0.8680 0.7728 0.8183
100 72 1.2307 1.1142 1.1454 1.2081 1.2364 1.1893 1.0461 1.1026
100 73 1.2514 1.1329 1.1646 1.2284 1.2572 1.2117 1.0688 1.1276
100 74 1.1422 1.0341 1.0630 1.1213 1.1479 1.1126 0.9891 1.0465
100 75 1.0079 0.9125 0.9380 0.9895 1.0129 0.9815 0.8724 0.9229
100 76 1.2304 1.1134 1.1449 1.2087 1.2381 1.2016 1.0698 1.1328
100 77 1.0752 0.9734 1.0006 1.0555 1.0805 1.0471 0.9307 0.9847
100 78 0.8450 0.7650 0.7864 0.8296 0.8492 0.8229 0.7313 0.7736
100 79 0.9209 0.8337 0.8570 0.9040 0.9254 0.8968 0.7971 0.8434
100 80 1.1797 1.0679 1.0979 1.1584 1.1860 1.1507 1.0244 1.0844
100 81 1.0915 0.9882 1.0158 1.0716 1.0970 1.0642 0.9472 1.0026
100 82 1.1153 1.0094 1.0379 1.0956 1.1221 1.0889 0.9694 1.0264
100 83 1.1691 1.0585 1.0881 1.1477 1.1747 1.1361 1.0070 1.0643
100 84 1.1555 1.0461 1.0754 1.1343 1.1611 1.1235 0.9966 1.0537
100 85 1.2751 1.1544 1.1867 1.2516 1.2811 1.2348 1.0893 1.1494
100 86 0.9802 0.8873 0.9122 0.9626 0.9857 0.9565 0.8514 0.9014
100 87 1.2073 1.0928 1.1235 1.1856 1.2140 1.1780 1.0486 1.1101
100 88 1.2321 1.1155 1.1467 1.2095 1.2378 1.1815 1.0282 1.0796
100 89 0.6488 0.5874 0.6038 0.6370 0.6521 0.6325 0.5629 0.5958
100 90 0.6697 0.6063 0.6233 0.6575 0.6730 0.6513 0.5779 0.6110
100 91 1.0091 0.9131 0.9389 0.9915 1.0157 0.9859 0.8777 0.9294
100 92 0.9929 0.8989 0.9241 0.9748 0.9978 0.9672 0.8598 0.9097
100 93 0.6957 0.6298 0.6475 0.6833 0.6996 0.6789 0.6043 0.6397
100 94 1.1702 1.0594 1.0891 1.1488 1.1759 1.1392 1.0121 1.0706
100 95 0.9451 0.8543 0.8791 0.9304 0.9545 0.9274 0.8262 0.8756
100 96 0.9293 0.8404 0.8645 0.9140 0.9370 0.9099 0.8104 0.8585
100 97 1.0093 0.9137 0.9393 0.9908 1.0143 0.9831 0.8740 0.9248
100 98 1.1813 1.0695 1.0994 1.1596 1.1868 1.1391 0.9989 1.0519
100 99 1.0208 0.9237 0.9499 1.0031 1.0277 0.9975 0.8881 0.9404
100 101 1.2668 1.1469 1.1790 1.2435 1.2727 1.1653 0.9614 0.9850
100 102 0.9613 0.8697 0.8945 0.9450 0.9685 0.9402 0.8372 0.8865
100 103 0.7577 0.6855 0.7050 0.7448 0.7633 0.7410 0.6598 0.6987
100 104 0.7149 0.6469 0.6652 0.7024 0.7195 0.6983 0.6216 0.6581
100 105 0.9118 0.8249 0.8484 0.8962 0.9183 0.8914 0.7937 0.8405
100 106 0.6015 0.5444 0.5598 0.5909 0.6053 0.5874 0.5229 0.5536
100 107 0.9723 0.8797 0.9047 0.9557 0.9793 0.9506 0.8464 0.8962
100 108 1.0362 0.9381 0.9644 1.0172 1.0412 1.0068 0.8923 0.9430
100 109 0.8905 0.8062 0.8288 0.8743 0.8950 0.8682 0.7727 0.8178
100 110 0.9512 0.8607 0.8851 0.9347 0.9576 0.9294 0.8275 0.8761
100 111 0.7713 0.6978 0.7177 0.7583 0.7771 0.7544 0.6717 0.7114
100 112 1.0216 0.9240 0.9504 1.0046 1.0299 1.0000 0.8905 0.9432
100 113 0.7752 0.7016 0.7214 0.7616 0.7801 0.7571 0.6740 0.7136
100 114 1.0945 0.9901 1.0184 1.0759 1.1026 1.0704 0.9531 1.0093
100 115 0.9949 0.8998 0.9256 0.9784 1.0030 0.9739 0.8672 0.9186
100 116 0.8492 0.7681 0.7901 0.8352 0.8563 0.8315 0.7405 0.7843
100 117 0.6267 0.5671 0.5832 0.6159 0.6310 0.6125 0.5453 0.5774
100 118 0.9217 0.8345 0.8578 0.9049 0.9263 0.8977 0.7979 0.8440
100 119 0.7935 0.7183 0.7385 0.7792 0.7979 0.7741 0.6891 0.7294
100 120 1.1707 1.0599 1.0896 1.1492 1.1763 1.1363 1.0056 1.0623
100 121 0.7437 0.6731 0.6921 0.7305 0.7481 0.7259 0.6462 0.6840
100 122 1.1065 1.0018 1.0298 1.0862 1.1118 1.0715 0.9452 0.9974
100 123 0.7623 0.6902 0.7095 0.7484 0.7661 0.7430 0.6609 0.6994
100 124 1.1194 1.0134 1.0418 1.0989 1.1247 1.0855 0.9593 1.0129
100 125 0.8663 0.7838 0.8061 0.8514 0.8723 0.8468 0.7539 0.7983
101 0 1.2153 1.0503 1.1151 1.2948 1.4031 1.4073 1.2751 1.3820
101 1 1.3147 1.1362 1.2063 1.4014 1.5194 1.5248 1.3821 1.4994
101 2 1.0821 0.9352 0.9930 1.1531 1.2497 1.2535 1.1357 1.2310
101 3 0.9135 0.7895 0.8383 0.9736 1.0553 1.0587 0.9594 1.0402
101 4 0.9976 0.8621 0.9154 1.0638 1.1537 1.1582 1.0502 1.1397
101 5 0.9239 0.7985 0.8478 0.9852 1.0683 1.0723 0.9722 1.0549
101 6 1.3055 1.1283 1.1980 1.3917 1.5088 1.5135 1.3713 1.4861
101 7 0.9614 0.8308 0.8822 1.0256 1.1128 1.1175 1.0136 1.1005
101 8 0.9200 0.7951 0.8443 0.9813 1.0645 1.0688 0.9692 1.0518
101 9 1.1709 1.0119 1.0745 1.2492 1.3556 1.3614 1.2348 1.3407
101 10 0.9354 0.8084 0.8584 0.9979 1.0827 1.0873 0.9861 1.0704
101 11 1.2759 1.1027 1.1709 1.3610 1.4765 1.4823 1.3439 1.4579
101 12 0.9443 0.8161 0.8666 1.0077 1.0937 1.0986 0.9966 1.0823
101 13 0.8369 0.7233 0.7680 0.8929 0.9689 0.9727 0.8818 0.9566
101 14 0.9423 0.8143 0.8647 1.0058 1.0920 1.0972 0.9955 1.0814
101 15 1.1688 1.0100 1.0725 1.2475 1.3544 1.3609 1.2347 1.3413
101 16 0.9455 0.8171 0.8677 1.0093 1.0958 1.1010 0.9990 1.0851
101 17 0.9442 0.8160 0.8665 1.0080 1.0946 1.1000 0.9981 1.0844
101 18 0.8239 0.7120 0.7561 0.8794 0.9548 0.9591 0.8699 0.9444
101 19 1.2169 1.0516 1.1166 1.2990 1.4105 1.4171 1.2855 1.3958
101 20 0.9983 0.8626 0.9160 1.0659 1.1578 1.1637 1.0560 1.1475
101 21 1.1775 1.0175 1.0805 1.2571 1.3653 1.3718 1.2443 1.3511
101 22 1.1040 0.9540 1.0130 1.1788 1.2803 1.2864 1.1669 1.2670
101 23 0.9624 0.8316 0.8831 1.0279 1.1170 1.1232 1.0196 1.1086
101 24 1.0660 0.9211 0.9782 1.1387 1.2375 1.2444 1.1297 1.2283
101 25 0.9140 0.7898 0.8387 0.9763 1.0610 1.0669 0.9684 1.0528
101 26 1.1641 1.0058 1.0681 1.2441 1.3529 1.3614 1.2364 1.3455
101 27 0.8195 0.7081 0.7519 0.8753 0.9513 0.9563 0.8679 0.9430
101 28 0.9332 0.8063 0.8562 0.9971 1.0839 1.0903 0.9900 1.0767
101 29 0.9229 0.7974 0.8468 0.9861 1.0720 1.0783 0.9791 1.0649
101 30 1.0199 0.8812 0.9357 1.0900 1.1854 1.1927 1.0833 1.1788
101 31 1.1475 0.9915 1.0529 1.2261 1.3329 1.3404 1.2167 1.3226
101 32 1.0118 0.8742 0.9283 1.0812 1.1755 1.1822 1.0732 1.1668
101 33 1.1017 0.9519 1.0108 1.1776 1.2808 1.2888 1.1706 1.2739
101 34 1.0329 0.8924 0.9477 1.1039 1.2004 1.2075 1.0963 1.1922
101 35 0.9043 0.7813 0.8297 0.9667 1.0515 1.0582 0.9612 1.0461
101 36 1.1411 0.9859 1.0470 1.2199 1.3272 1.3358 1.2135 1.3208
101 37 1.0452 0.9030 0.9590 1.1175 1.2158 1.2238 1.1117 1.2101
101 38 0.9141 0.7898 0.8387 0.9774 1.0634 1.0704 0.9724 1.0585
101 39 1.0358 0.8949 0.9504 1.1074 1.2047 1.2122 1.1009 1.1976
101 40 0.8968 0.7748 0.8228 0.9589 1.0434 1.0503 0.9542 1.0387
101 41 1.2072 1.0430 1.1076 1.2909 1.4047 1.4141 1.2846 1.3984
101 42 1.0667 0.9215 0.9786 1.1408 1.2417 1.2503 1.1361 1.2373
101 43 0.7574 0.6544 0.6949 0.8100 0.8814 0.8872 0.8058 0.8768
101 44 1.0179 0.8795 0.9340 1.0886 1.1847 1.1924 1.0829 1.1782
101 45 0.8764 0.7572 0.8041 0.9374 1.0204 1.0276 0.9337 1.0168
101 46 1.1882 1.0265 1.0901 1.2710 1.3836 1.3932 1.2660 1.3786
101 47 1.1435 0.9880 1.0492 1.2232 1.3316 1.3409 1.2184 1.3266
101 48 1.0718 0.9259 0.9833 1.1465 1.2482 1.2569 1.1421 1.2437
101 49 1.0304 0.8902 0.9453 1.1024 1.2004 1.2090 1.0988 1.1970
101 50 0.9146 0.7901 0.8391 0.9786 1.0658 1.0737 0.9760 1.0635
101 51 0.8546 0.7383 0.7840 0.9144 0.9957 1.0030 0.9116 0.9932
101 52 0.9777 0.8447 0.8970 1.0461 1.1391 1.1469 1.0419 1.1340
101 53 1.0464 0.9040 0.9600 1.1198 1.2196 1.2286 1.1167 1.2166
101 54 0.8544 0.7381 0.7839 0.9143 0.9958 1.0032 0.9117 0.9932
101 55 0.5739 0.4958 0.5265 0.6141 0.6688 0.6731 0.6110 0.6641
101 56 0.8771 0.7577 0.8047 0.9388 1.0227 1.0305 0.9368 1.0209
101 57 0.8905 0.7693 0.8170 0.9530 1.0380 1.0451 0.9491 1.0325
101 58 0.7954 0.6871 0.7297 0.8513 0.9275 0.9347 0.8497 0.9261
101 59 1.0348 0.8940 0.9494 1.1079 1.2074 1.2170 1.1067 1.2068
101 60 0.8561 0.7396 0.7854 0.9164 0.9985 1.0062 0.9147 0.9969
101 61 1.0358 0.8948 0.9503 1.1089 1.2085 1.2181 1.1076 1.2076
101 62 0.9308 0.8041 0.8539 0.9967 1.0864 1.0954 0.9963 1.0866
101 63 1.0531 0.9097 0.9661 1.1275 1.2288 1.2387 1.1265 1.2283
101 64 0.8717 0.7530 0.7997 0.9333 1.0172 1.0254 0.9324 1.0165
101 65 1.0107 0.8730 0.9272 1.0824 1.1802 1.1901 1.0826 1.1811
101 66 0.9857 0.8515 0.9043 1.0558 1.1512 1.1610 1.0562 1.1523
101 67 1.2692 1.0964 1.1644 1.3593 1.4821 1.4946 1.3595 1.4832
101 68 1.0852 0.9374 0.9955 1.1626 1.2681 1.2792 1.1639 1.2703
101 69 1.0036 0.8669 0.9207 1.0747 1.1715 1.1809 1.0737 1.1704
101 70 0.7665 0.6621 0.7032 0.8208 0.8948 0.9020 0.8201 0.8939
101 71 0.9123 0.7881 0.8369 0.9773 1.0659 1.0751 0.9782 1.0675
101 72 0.8692 0.7508 0.7974 0.9309 1.0149 1.0228 0.9297 1.0129
101 73 0.7431 0.6419 0.6817 0.7959 0.8678 0.8748 0.7953 0.8669
101 74 0.8895 0.7683 0.8160 0.9529 1.0392 1.0482 0.9536 1.0405
101 75 0.8613 0.7440 0.7902 0.9227 1.0064 1.0151 0.9235 1.0077
101 76 1.2408 1.0718 1.1383 1.3295 1.4504 1.4633 1.3316 1.4535
101 77 1.1067 0.9559 1.0152 1.1857 1.2933 1.3046 1.1870 1.2954
101 78 1.0050 0.8681 0.9219 1.0767 1.1745 1.1849 1.0780 1.1765
101 79 0.9657 0.8341 0.8859 1.0347 1.1287 1.1387 1.0361 1.1309
101 80 0.9515 0.8218 0.8728 1.0196 1.1125 1.1226 1.0216 1.1153
101 81 0.9296 0.8029 0.8527 0.9962 1.0869 1.0968 0.9981 1.0897
101 82 0.9417 0.8134 0.8639 1.0093 1.1014 1.1115 1.0116 1.1046
101 83 1.1253 0.9720 1.0323 1.2058 1.3155 1.3272 1.2075 1.3178
101 84 0.8276 0.7148 0.7592 0.8868 0.9676 0.9763 0.8883 0.9696
101 85 0.6858 0.5923 0.6291 0.7349 0.8017 0.8087 0.7356 0.8023
101 86 0.9143 0.7897 0.8387 0.9800 1.0696 1.0796 0.9827 1.0732
101 87 0.9175 0.7924 0.8416 0.9834 1.0734 1.0835 0.9862 1.0771
101 88 0.5263 0.4546 0.4828 0.5640 0.6154 0.6203 0.5637 0.6140
101 89 0.9254 0.7993 0.8489 0.9920 1.0828 1.0930 0.9949 1.0866
101 90 0.8698 0.7513 0.7979 0.9324 1.0176 1.0269 0.9346 1.0205
101 91 0.9305 0.8037 0.8536 0.9976 1.0892 1.0996 1.0011 1.0937
101 92 0.9149 0.7902 0.8393 0.9808 1.0706 1.0808 0.9838 1.0745
101 93 0.9073 0.7837 0.8323 0.9728 1.0621 1.0723 0.9762 1.0665
101 94 0.8474 0.7319 0.7774 0.9085 0.9918 1.0012 0.9114 0.9955
101 95 0.9850 0.8507 0.9035 1.0564 1.1538 1.1653 1.0612 1.1598
101 96 0.9503 0.8208 0.8717 1.0191 1.1130 1.1240 1.0235 1.1186
101 97 0.9022 0.7792 0.8276 0.9673 1.0561 1.0663 0.9708 1.0606
101 98 0.5710 0.4932 0.5238 0.6122 0.6683 0.6743 0.6133 0.6690
101 99 0.9337 0.8064 0.8565 1.0014 1.0936 1.1045 1.0057 1.0991
101 100 0.8725 0.7536 0.8003 0.9357 1.0218 1.0319 0.9396 1.0268
101 102 0.8953 0.7732 0.8212 0.9602 1.0488 1.0593 0.9646 1.0543
101 103 0.9754 0.8425 0.8948 1.0462 1.1427 1.1542 1.0511 1.1489
101 104 0.8786 0.7588 0.8059 0.9423 1.0292 1.0395 0.9467 1.0347
101 105 0.9923 0.8570 0.9102 1.0644 1.1626 1.1744 1.0695 1.1691
101 106 0.9947 0.8591 0.9125 1.0669 1.1654 1.1772 1.0721 1.1719
101 107 0.9335 0.8062 0.8563 1.0014 1.0939 1.1050 1.0064 1.1002
101 108 0.8093 0.6990 0.7424 0.8679 0.9479 0.9572 0.8714 0.9521
101 109 0.8978 0.7754 0.8236 0.9631 1.0520 1.0627 0.9678 1.0579
101 110 0.9181 0.7929 0.8422 0.9849 1.0760 1.0871 0.9901 1.0825
101 111 0.9669 0.8351 0.8869 1.0374 1.1334 1.1451 1.0431 1.1405
101 112 1.0046 0.8676 0.9215 1.0779 1.1778 1.1900 1.0840 1.1854
101 113 0.9786 0.8451 0.8976 1.0499 1.1471 1.1589 1.0556 1.1543
101 114 0.9427 0.8142 0.8647 1.0115 1.1053 1.1168 1.0173 1.1125
101 115 0.9762 0.8431 0.8954 1.0475 1.1447 1.1567 1.0537 1.1524
101 116 0.9373 0.8095 0.8598 1.0058 1.0992 1.1108 1.0119 1.1068
101 117 0.9760 0.8429 0.8953 1.0472 1.1444 1.1565 1.0535 1.1522
101 118 0.9236 0.7977 0.8472 0.9909 1.0827 1.0939 0.9964 1.0895
101 119 0.9200 0.7946 0.8439 0.9872 1.0788 1.0901 0.9931 1.0861
101 120 0.7767 0.6708 0.7125 0.8333 0.9105 0.9197 0.8375 0.9154
101 121 0.9107 0.7865 0.8354 0.9772 1.0680 1.0793 0.9833 1.0755
101 122 0.7160 0.6183 0.6567 0.7681 0.8393 0.8478 0.7719 0.8434
101 123 0.8889 0.7677 0.8154 0.9539 1.0425 1.0535 0.9598 1.0497
101 124 0.7307 0.6310 0.6702 0.7840 0.8567 0.8654 0.7881 0.8614
101 125 0.9850 0.8506 0.9035 1.0571 1.1556 1.1680 1.0642 1.1642
102 0 0.9997 0.9048 0.9300 0.9813 1.0050 0.9737 0.8648 0.9151
102 1 1.0039 0.9087 0.9340 0.9858 1.0099 0.9803 0.8729 0.9248
102 2 0.9857 0.8923 0.9172 0.9676 0.9907 0.9588 0.8504 0.8993
102 3 1.1768 1.0653 1.0950 1.1553 1.1829 1.1451 1.0161 1.0748
102 4 1.1962 1.0828 1.1131 1.1747 1.2033 1.1680 1.0400 1.1019
102 5 0.9909 0.8969 0.9220 0.9729 0.9963 0.9660 0.8589 0.9094
102 6 0.9496 0.8596 0.8836 0.9321 0.9542 0.9213 0.8145 0.8602
102 7 1.2281 1.1115 1.1427 1.2062 1.2357 1.1997 1.0685 1.1321
102 8 1.1379 1.0301 1.0589 1.1173 1.1441 1.1089 0.9855 1.0432
102 9 0.9880 0.8944 0.9194 0.9702 0.9936 0.9640 0.8578 0.9086
102 10 1.1061 1.0013 1.0293 1.0860 1.1120 1.0777 0.9577 1.0137
102 11 1.0019 0.9070 0.9324 0.9836 1.0069 0.9733 0.8619 0.9110
102 12 1.0217 0.9249 0.9507 1.0032 1.0273 0.9961 0.8857 0.9378
102 13 1.1368 1.0291 1.0579 1.1160 1.1424 1.1032 0.9756 1.0305
102 14 1.1495 1.0406 1.0697 1.1287 1.1559 1.1212 0.9974 1.0562
102 15 0.9366 0.8479 0.8716 0.9197 0.9417 0.9129 0.8116 0.8592
102 16 1.2252 1.1091 1.1401 1.2029 1.2317 1.1933 1.0601 1.1219
102 17 1.0789 0.9767 1.0041 1.0594 1.0848 1.0513 0.9343 0.9890
102 18 0.7323 0.6629 0.6815 0.7189 0.7359 0.7109 0.6290 0.6645
102 19 0.9654 0.8739 0.8984 0.9477 0.9702 0.9376 0.8300 0.8771
102 20 1.1506 1.0416 1.0707 1.1296 1.1566 1.1203 0.9949 1.0527
102 21 1.0931 0.9896 1.0172 1.0730 1.0984 1.0605 0.9376 0.9903
102 22 0.9967 0.9023 0.9276 0.9785 1.0016 0.9666 0.8542 0.9019
102 23 1.1631 1.0529 1.0824 1.1421 1.1695 1.1339 1.0082 1.0673
102 24 0.7937 0.7185 0.7386 0.7793 0.7980 0.7736 0.6877 0.7280
102 25 0.7520 0.6808 0.6999 0.7384 0.7560 0.7321 0.6500 0.6877
102 26 0.9510 0.8602 0.8847 0.9352 0.9589 0.9315 0.8298 0.8796
102 27 1.1821 1.0701 1.1001 1.1604 1.1879 1.1473 1.0150 1.0723
102 28 1.2239 1.1080 1.1390 1.2017 1.2304 1.1924 1.0596 1.1214
102 29 1.1145 1.0089 1.0372 1.0942 1.1203 1.0851 0.9637 1.0197
102 30 0.9339 0.8454 0.8691 0.9170 0.9391 0.9110 0.8107 0.8585
102 31 1.0501 0.9507 0.9773 1.0309 1.0553 1.0192 0.9015 0.9523
102 32 1.2139 1.0990 1.1298 1.1917 1.2200 1.1785 1.0427 1.1017
102 33 0.7528 0.6815 0.7006 0.7391 0.7568 0.7335 0.6520 0.6901
102 34 1.2272 1.1110 1.1421 1.2048 1.2333 1.1915 1.0545 1.1142
102 35 1.1157 1.0100 1.0383 1.0954 1.1216 1.0866 0.9653 1.0215
102 36 0.8962 0.8113 0.8341 0.8800 0.9010 0.8733 0.7762 0.8215
102 37 0.9424 0.8531 0.8770 0.9253 0.9474 0.9180 0.8158 0.8633
102 38 0.7429 0.6726 0.6914 0.7294 0.7468 0.7235 0.6427 0.6801
102 39 1.0378 0.9396 0.9659 1.0189 1.0430 1.0072 0.8909 0.9411
102 40 1.1629 1.0528 1.0822 1.1417 1.1689 1.1315 1.0041 1.0620
102 41 1.0884 0.9853 1.0129 1.0685 1.0939 1.0587 0.9391 0.9932
102 42 0.8976 0.8126 0.8353 0.8813 0.9023 0.8746 0.7774 0.8227
102 43 1.1478 1.0392 1.0682 1.1268 1.1535 1.1135 0.9843 1.0396
102 44 1.0329 0.9351 0.9613 1.0140 1.0380 1.0012 0.8841 0.9333
102 45 1.0568 0.9567 0.9835 1.0376 1.0623 1.0285 0.9129 0.9656
102 46 1.0472 0.9481 0.9746 1.0281 1.0525 1.0185 0.9034 0.9554
102 47 1.2571 1.1380 1.1699 1.2341 1.2633 1.2215 1.0822 1.1439
102 48 0.7684 0.6957 0.7151 0.7544 0.7723 0.7466 0.6614 0.6990
102 49 0.9207 0.8335 0.8569 0.9039 0.9254 0.8959 0.7951 0.8409
102 50 1.1571 1.0475 1.0768 1.1361 1.1632 1.1273 1.0019 1.0603
102 51 1.0592 0.9589 0.9857 1.0398 1.0645 1.0302 0.9139 0.9665
102 52 1.0091 0.9136 0.9391 0.9906 1.0140 0.9767 0.8609 0.9082
102 53 0.7915 0.7166 0.7366 0.7771 0.7955 0.7696 0.6824 0.7215
102 54 1.1292 1.0223 1.0509 1.1085 1.1348 1.0969 0.9715 1.0267
102 55 1.1290 1.0221 1.0507 1.1083 1.1344 1.0849 0.9467 0.9949
102 56 0.9852 0.8919 0.9169 0.9672 0.9902 0.9582 0.8500 0.8989
102 57 1.1113 1.0061 1.0342 1.0909 1.1166 1.0712 0.9387 0.9881
102 58 0.9649 0.8736 0.8980 0.9473 0.9698 0.9383 0.8321 0.8798
102 59 1.0993 0.9951 1.0230 1.0793 1.1051 1.0713 0.9525 1.0081
102 60 1.2215 1.1058 1.1368 1.1992 1.2275 1.1865 1.0508 1.1105
102 61 0.8333 0.7544 0.7755 0.8181 0.8375 0.8108 0.7196 0.7611
102 62 1.0589 0.9586 0.9855 1.0398 1.0646 1.0324 0.9183 0.9720
102 63 1.0407 0.9421 0.9685 1.0217 1.0460 1.0126 0.8987 0.9504
102 64 1.0910 0.9877 1.0153 1.0710 1.0964 1.0603 0.9396 0.9932
102 65 0.9846 0.8914 0.9163 0.9668 0.9900 0.9604 0.8547 0.9048
102 66 1.0557 0.9557 0.9825 1.0366 1.0615 1.0299 0.9168 0.9707
102 67 1.1839 1.0718 1.1018 1.1624 1.1901 1.1537 1.0256 1.0854
102 68 0.8751 0.7916 0.8142 0.8604 0.8819 0.8564 0.7627 0.8081
102 69 1.0504 0.9509 0.9776 1.0311 1.0555 1.0181 0.8991 0.9492
102 70 1.2208 1.1052 1.1362 1.1984 1.2267 1.1827 1.0438 1.1016
102 71 1.0361 0.9379 0.9642 1.0173 1.0416 1.0101 0.8985 0.9510
102 72 1.1917 1.0789 1.1091 1.1698 1.1974 1.1506 1.0107 1.0649
102 73 1.2061 1.0919 1.1225 1.1840 1.2119 1.1669 1.0278 1.0840
102 74 1.0936 0.9901 1.0178 1.0737 1.0992 1.0643 0.9448 0.9993
102 75 1.0857 0.9829 1.0104 1.0659 1.0912 1.0564 0.9375 0.9915
102 76 1.1933 1.0803 1.1105 1.1717 1.1996 1.1634 1.0349 1.0954
102 77 1.0283 0.9309 0.9570 1.0096 1.0335 1.0006 0.8881 0.9392
102 78 0.8813 0.7979 0.8202 0.8653 0.8858 0.8575 0.7609 0.8047
102 79 0.6559 0.5938 0.6104 0.6439 0.6592 0.6382 0.5664 0.5991
102 80 1.1045 0.9999 1.0279 1.0844 1.1103 1.0762 0.9568 1.0125
102 81 1.0234 0.9265 0.9525 1.0048 1.0287 0.9970 0.8860 0.9375
102 82 1.1619 1.0518 1.0813 1.1408 1.1680 1.1326 1.0073 1.0661
102 83 1.1467 1.0381 1.0672 1.1257 1.1523 1.1133 0.9854 1.0411
102 84 1.1576 1.0480 1.0773 1.1364 1.1633 1.1246 0.9961 1.0527
102 85 1.2280 1.1117 1.1429 1.2055 1.2339 1.1881 1.0467 1.1040
102 86 1.0395 0.9411 0.9674 1.0206 1.0450 1.0130 0.9007 0.9532
102 87 1.2105 1.0958 1.1265 1.1885 1.2168 1.1796 1.0488 1.1099
102 88 1.1969 1.0836 1.1139 1.1749 1.2026 1.1468 0.9966 1.0460
102 89 0.9926 0.8986 0.9237 0.9745 0.9977 0.9668 0.8591 0.9090
102 90 0.8792 0.7960 0.8183 0.8632 0.8836 0.8543 0.7569 0.7999
102 91 1.0377 0.9394 0.9657 1.0189 1.0432 1.0118 0.9002 0.9528
102 92 1.0759 0.9740 1.0013 1.0562 1.0813 1.0470 0.9294 0.9829
102 93 0.9550 0.8646 0.8888 0.9377 0.9600 0.9307 0.8275 0.8756
102 94 1.1726 1.0615 1.0913 1.1512 1.1784 1.1405 1.0117 1.0698
102 95 0.9095 0.8227 0.8462 0.8943 0.9167 0.8902 0.7927 0.8397
102 96 0.6881 0.6228 0.6403 0.6760 0.6924 0.6720 0.5983 0.6335
102 97 1.0557 0.9557 0.9825 1.0364 1.0610 1.0274 0.9121 0.9646
102 98 1.2457 1.1278 1.1594 1.2228 1.2516 1.2001 1.0510 1.1062
102 99 1.0268 0.9296 0.9556 1.0082 1.0323 1.0012 0.8908 0.9428
102 100 0.8850 0.8012 0.8237 0.8689 0.8896 0.8622 0.7663 0.8108
102 101 1.3161 1.1915 1.2249 1.2919 1.3222 1.2105 0.9987 1.0230
102 103 0.8696 0.7872 0.8093 0.8538 0.8742 0.8482 0.7550 0.7991
102 104 1.0016 0.9067 0.9321 0.9834 1.0069 0.9764 0.8686 0.9192
102 105 0.9286 0.8406 0.8642 0.9117 0.9335 0.9056 0.8059 0.8530
102 106 0.9280 0.8401 0.8637 0.9112 0.9329 0.9046 0.8046 0.8514
102 107 1.0964 0.9925 1.0203 1.0765 1.1022 1.0692 0.9516 1.0071
102 108 1.0968 0.9930 1.0208 1.0767 1.1022 1.0647 0.9422 0.9953
102 109 0.6626 0.5999 0.6167 0.6505 0.6660 0.6454 0.5736 0.6068
102 110 1.0562 0.9562 0.9830 1.0371 1.0618 1.0298 0.9162 0.9696
102 111 0.9219 0.8346 0.8580 0.9052 0.9269 0.8993 0.8005 0.8473
102 112 0.8796 0.7961 0.8185 0.8639 0.8848 0.8587 0.7644 0.8092
102 113 0.7366 0.6668 0.6855 0.7232 0.7404 0.7180 0.6387 0.6758
102 114 1.1339 1.0265 1.0553 1.1133 1.1399 1.1060 0.9844 1.0420
102 115 0.7659 0.6932 0.7127 0.7523 0.7705 0.7477 0.6656 0.7047
102 116 1.0683 0.9669 0.9941 1.0494 1.0749 1.0432 0.9286 0.9832
102 117 0.9230 0.8356 0.8590 0.9062 0.9278 0.8999 0.8007 0.8474
102 118 0.8047 0.7285 0.7489 0.7900 0.8087 0.7829 0.6949 0.7348
102 119 0.9748 0.8825 0.9072 0.9570 0.9798 0.9497 0.8443 0.8933
102 120 1.2174 1.1022 1.1331 1.1951 1.2233 1.1806 1.0433 1.1016
102 121 0.9809 0.8880 0.9129 0.9630 0.9860 0.9559 0.8500 0.8994
102 122 1.1485 1.0398 1.0689 1.1274 1.1540 1.1111 0.9787 1.0322
102 123 0.9509 0.8609 0.8850 0.9336 0.9557 0.9259 0.8225 0.8699
102 124 1.1609 1.0510 1.0804 1.1396 1.1665 1.1246 0.9924 1.0474
102 125 0.9745 0.8822 0.9069 0.9568 0.9796 0.9502 0.8455 0.8949
103 0 1.1510 1.0418 1.0708 1.1299 1.1571 1.1211 0.9957 1.0537
103 1 1.0218 0.9249 0.9507 1.0034 1.0279 0.9978 0.8885 0.9414
103 2 1.1157 1.0100 1.0381 1.0952 1.1214 1.0852 0.9625 1.0179
103 3 1.1436 1.0352 1.0641 1.1226 1.1494 1.1128 0.9874 1.0444
103 4 1.1616 1.0514 1.0808 1.1407 1.1684 1.1342 1.0099 1.0700
103 5 1.0092 0.9135 0.9390 0.9909 1.0147 0.9839 0.8748 0.9262
103 6 0.9637 0.8724 0.8968 0.9460 0.9684 0.9350 0.8267 0.8730
103 7 1.2010 1.0870 1.1175 1.1796 1.2085 1.1733 1.0450 1.1072
103 8 1.0954 0.9916 1.0193 1.0755 1.1013 1.0674 0.9487 1.0042
103 9 1.0090 0.9134 0.9390 0.9908 1.0148 0.9845 0.8761 0.9280
103 10 1.0573 0.9571 0.9839 1.0381 1.0630 1.0302 0.9154 0.9690
103 11 1.0221 0.9253 0.9511 1.0034 1.0272 0.9929 0.8793 0.9294
103 12 1.0464 0.9473 0.9738 1.0275 1.0522 1.0202 0.9072 0.9606
103 13 1.0976 0.9937 1.0215 1.0775 1.1030 1.0652 0.9420 0.9950
103 14 1.1033 0.9988 1.0267 1.0834 1.1095 1.0762 0.9574 1.0138
103 15 0.9542 0.8638 0.8880 0.9369 0.9594 0.9301 0.8269 0.8754
103 16 1.2000 1.0863 1.1167 1.1782 1.2064 1.1688 1.0384 1.0989
103 17 1.0205 0.9238 0.9497 1.0020 1.0260 0.9944 0.8837 0.9354
103 18 0.8169 0.7395 0.7602 0.8019 0.8209 0.7930 0.7017 0.7413
103 19 0.9853 0.8920 0.9169 0.9673 0.9902 0.9569 0.8472 0.8953
103 20 1.1008 0.9966 1.0245 1.0808 1.1066 1.0719 0.9519 1.0073
103 21 1.1142 1.0086 1.0369 1.0937 1.1196 1.0810 0.9558 1.0094
103 22 1.0132 0.9172 0.9429 0.9946 1.0181 0.9826 0.8683 0.9169
103 23 1.1114 1.0061 1.0343 1.0913 1.1175 1.0835 0.9634 1.0199
103 24 0.9926 0.8986 0.9237 0.9746 0.9980 0.9675 0.8601 0.9105
103 25 0.8409 0.7612 0.7825 0.8256 0.8452 0.8186 0.7268 0.7690
103 26 0.9729 0.8800 0.9051 0.9567 0.9810 0.9530 0.8490 0.8999
103 27 1.1538 1.0446 1.0738 1.1327 1.1595 1.1199 0.9908 1.0467
103 28 1.1976 1.0841 1.1145 1.1759 1.2040 1.1668 1.0369 1.0974
103 29 1.0493 0.9499 0.9765 1.0302 1.0548 1.0217 0.9074 0.9601
103 30 0.9510 0.8609 0.8850 0.9338 0.9563 0.9277 0.8256 0.8742
103 31 1.0680 0.9668 0.9939 1.0484 1.0732 1.0365 0.9168 0.9685
103 32 1.1996 1.0860 1.1164 1.1777 1.2055 1.1646 1.0305 1.0887
103 33 0.9648 0.8734 0.8979 0.9473 0.9700 0.9402 0.8357 0.8846
103 34 1.2150 1.0999 1.1307 1.1928 1.2210 1.1797 1.0440 1.1031
103 35 1.0596 0.9592 0.9861 1.0403 1.0651 1.0320 0.9168 0.9701
103 36 0.9156 0.8289 0.8521 0.8990 0.9205 0.8922 0.7930 0.8394
103 37 0.9577 0.8669 0.8912 0.9403 0.9627 0.9329 0.8290 0.8773
103 38 0.8804 0.7971 0.8194 0.8644 0.8851 0.8575 0.7617 0.8061
103 39 1.1439 1.0356 1.0646 1.1230 1.1495 1.1102 0.9820 1.0374
103 40 1.1183 1.0124 1.0407 1.0979 1.1240 1.0881 0.9656 1.0213
103 41 1.1088 1.0038 1.0319 1.0885 1.1144 1.0785 0.9567 1.0118
103 42 0.9128 0.8264 0.8495 0.8963 0.9177 0.8895 0.7906 0.8368
103 43 1.1168 1.0111 1.0394 1.0964 1.1223 1.0834 0.9578 1.0116
103 44 1.0477 0.9485 0.9751 1.0286 1.0528 1.0155 0.8968 0.9467
103 45 0.9812 0.8883 0.9132 0.9634 0.9863 0.9549 0.8476 0.8966
103 46 1.1185 1.0126 1.0409 1.0981 1.1241 1.0879 0.9649 1.0204
103 47 1.2476 1.1295 1.1611 1.2248 1.2538 1.2123 1.0741 1.1354
103 48 0.7816 0.7076 0.7274 0.7673 0.7855 0.7594 0.6728 0.7111
103 49 0.9360 0.8473 0.8711 0.9189 0.9408 0.9108 0.8083 0.8549
103 50 1.1116 1.0063 1.0345 1.0914 1.1175 1.0830 0.9625 1.0186
103 51 0.9953 0.9011 0.9263 0.9772 1.0004 0.9682 0.8589 0.9083
103 52 1.0225 0.9257 0.9517 1.0038 1.0275 0.9898 0.8724 0.9203
103 53 0.9150 0.8284 0.8516 0.8983 0.9196 0.8897 0.7889 0.8341
103 54 1.0827 0.9802 1.0076 1.0629 1.0880 1.0518 0.9315 0.9845
103 55 1.1003 0.9961 1.0240 1.0801 1.1055 1.0574 0.9227 0.9696
103 56 0.8700 0.7876 0.8097 0.8541 0.8744 0.8462 0.7507 0.7938
103 57 1.0881 0.9851 1.0127 1.0682 1.0933 1.0489 0.9192 0.9676
103 58 0.8646 0.7827 0.8046 0.8488 0.8689 0.8407 0.7456 0.7883
103 59 1.0995 0.9954 1.0232 1.0796 1.1053 1.0716 0.9528 1.0084
103 60 1.1984 1.0849 1.1153 1.1764 1.2043 1.1641 1.0310 1.0896
103 61 0.8536 0.7728 0.7944 0.8381 0.8580 0.8306 0.7372 0.7797
103 62 0.9715 0.8795 0.9041 0.9539 0.9767 0.9471 0.8425 0.8918
103 63 0.9336 0.8452 0.8689 0.9166 0.9384 0.9085 0.8063 0.8527
103 64 1.0304 0.9328 0.9589 1.0115 1.0355 1.0014 0.8874 0.9381
103 65 0.8478 0.7675 0.7890 0.8325 0.8524 0.8270 0.7359 0.7791
103 66 1.0049 0.9098 0.9352 0.9868 1.0104 0.9805 0.8728 0.9241
103 67 1.2167 1.1015 1.1323 1.1946 1.2231 1.1857 1.0541 1.1155
103 68 0.9002 0.8144 0.8376 0.8851 0.9073 0.8811 0.7847 0.8314
103 69 1.0650 0.9641 0.9911 1.0455 1.0701 1.0323 0.9117 0.9625
103 70 1.2085 1.0941 1.1248 1.1864 1.2144 1.1709 1.0333 1.0906
103 71 0.9193 0.8322 0.8555 0.9026 0.9242 0.8962 0.7972 0.8439
103 72 1.1692 1.0585 1.0882 1.1478 1.1748 1.1289 0.9917 1.0449
103 73 1.1830 1.0710 1.1010 1.1613 1.1887 1.1445 1.0081 1.0632
103 74 1.0340 0.9361 0.9623 1.0152 1.0393 1.0063 0.8934 0.9449
103 75 1.0191 0.9226 0.9485 1.0005 1.0243 0.9916 0.8801 0.9307
103 76 1.2243 1.1083 1.1393 1.2020 1.2308 1.1936 1.0618 1.1239
103 77 1.0461 0.9471 0.9736 1.0270 1.0514 1.0180 0.9035 0.9556
103 78 0.6464 0.5852 0.6016 0.6347 0.6497 0.6289 0.5581 0.5903
103 79 0.8004 0.7246 0.7449 0.7858 0.8044 0.7788 0.6913 0.7311
103 80 1.0230 0.9261 0.9520 1.0044 1.0283 0.9968 0.8862 0.9378
103 81 0.9257 0.8380 0.8615 0.9089 0.9305 0.9018 0.8015 0.8480
103 82 1.1206 1.0144 1.0429 1.1002 1.1265 1.0923 0.9715 1.0282
103 83 1.1536 1.0444 1.0737 1.1325 1.1593 1.1201 0.9914 1.0474
103 84 1.1426 1.0344 1.0634 1.1217 1.1482 1.1100 0.9832 1.0391
103 85 1.2079 1.0935 1.1241 1.1857 1.2137 1.1687 1.0296 1.0860
103 86 0.9460 0.8564 0.8804 0.9288 0.9509 0.9219 0.8197 0.8675
103 87 1.1994 1.0858 1.1162 1.1776 1.2056 1.1688 1.0393 1.0998
103 88 1.1772 1.0658 1.0956 1.1556 1.1828 1.1280 0.9803 1.0289
103 89 0.8274 0.7490 0.7700 0.8123 0.8316 0.8059 0.7162 0.7577
103 90 0.7085 0.6415 0.6594 0.6956 0.7120 0.6884 0.6100 0.6446
103 91 1.0444 0.9455 0.9720 1.0255 1.0499 1.0184 0.9061 0.9590
103 92 1.0054 0.9102 0.9357 0.9870 1.0104 0.9784 0.8686 0.9186
103 93 0.8190 0.7415 0.7622 0.8041 0.8233 0.7981 0.7097 0.7510
103 94 1.1582 1.0486 1.0779 1.1371 1.1640 1.1266 0.9994 1.0568
103 95 0.8211 0.7428 0.7640 0.8074 0.8277 0.8037 0.7157 0.7582
103 96 0.7984 0.7225 0.7429 0.7843 0.8034 0.7797 0.6942 0.7350
103 97 0.9820 0.8890 0.9139 0.9641 0.9869 0.9557 0.8484 0.8973
103 98 1.2376 1.1204 1.1518 1.2149 1.2435 1.1923 1.0442 1.0991
103 99 1.0492 0.9499 0.9765 1.0302 1.0548 1.0231 0.9103 0.9635
103 100 0.6884 0.6232 0.6407 0.6759 0.6920 0.6707 0.5961 0.6307
103 101 1.3149 1.1905 1.2238 1.2907 1.3210 1.2094 0.9978 1.0221
103 102 0.8792 0.7959 0.8182 0.8633 0.8839 0.8576 0.7634 0.8080
103 104 0.8885 0.8043 0.8269 0.8723 0.8931 0.8662 0.7705 0.8154
103 105 0.7321 0.6628 0.6814 0.7189 0.7360 0.7140 0.6355 0.6726
103 106 0.7355 0.6658 0.6845 0.7221 0.7393 0.7169 0.6377 0.6748
103 107 1.0278 0.9305 0.9566 1.0092 1.0333 1.0024 0.8921 0.9442
103 108 1.0524 0.9528 0.9795 1.0331 1.0575 1.0216 0.9041 0.9551
103 109 0.8169 0.7396 0.7603 0.8021 0.8211 0.7958 0.7072 0.7482
103 110 0.9692 0.8774 0.9020 0.9516 0.9743 0.9450 0.8408 0.8898
103 111 0.7721 0.6989 0.7185 0.7581 0.7763 0.7532 0.6704 0.7096
103 112 0.9182 0.8310 0.8544 0.9019 0.9237 0.8964 0.7980 0.8448
103 113 0.5198 0.4706 0.4837 0.5103 0.5225 0.5067 0.4507 0.4769
103 114 1.0808 0.9784 1.0058 1.0612 1.0865 1.0542 0.9383 0.9932
103 115 0.9350 0.8462 0.8700 0.9184 0.9406 0.9128 0.8126 0.8603
103 116 0.9816 0.8884 0.9135 0.9643 0.9877 0.9586 0.8533 0.9034
103 117 0.8073 0.7309 0.7513 0.7927 0.8116 0.7872 0.7004 0.7413
103 118 0.8371 0.7578 0.7790 0.8218 0.8412 0.8144 0.7229 0.7644
103 119 0.8821 0.7986 0.8210 0.8661 0.8867 0.8595 0.7641 0.8085
103 120 1.2114 1.0967 1.1275 1.1892 1.2173 1.1748 1.0382 1.0962
103 121 0.8705 0.7881 0.8101 0.8547 0.8750 0.8483 0.7544 0.7982
103 122 1.1401 1.0322 1.0611 1.1193 1.1456 1.1030 0.9716 1.0248
103 123 0.8500 0.7695 0.7910 0.8345 0.8543 0.8276 0.7352 0.7776
103 124 1.1532 1.0441 1.0733 1.1321 1.1588 1.1172 0.9860 1.0406
103 125 0.8812 0.7977 0.8201 0.8652 0.8858 0.8593 0.7647 0.8093
104 0 1.2688 1.1484 1.1804 1.2455 1.2755 1.2362 1.0986 1.1627
104 1 1.3203 1.1947 1.2282 1.2969 1.3290 1.2904 1.1492 1.2179
104 2 1.2189 1.1034 1.1342 1.1965 1.2251 1.1861 1.0526 1.1133
104 3 1.2587 1.1394 1.1712 1.2356 1.2651 1.2252 1.0878 1.1508
104 4 1.3035 1.1797 1.2128 1.2806 1.3121 1.2740 1.1346 1.2023
104 5 1.1532 1.0439 1.0731 1.1323 1.1595 1.1247 1.0006 1.0596
104 6 1.2249 1.1089 1.1399 1.2024 1.2309 1.1889 1.0517 1.1109
104 7 1.3379 1.2106 1.2448 1.3147 1.3474 1.3085 1.1655 1.2352
104 8 1.2196 1.1041 1.1349 1.1975 1.2262 1.1890 1.0573 1.1194
104 9 1.1954 1.0821 1.1124 1.1738 1.2022 1.1669 1.0390 1.1006
104 10 1.1787 1.0670 1.0969 1.1573 1.1851 1.1490 1.0216 1.0815
104 11 1.3244 1.1990 1.2325 1.3002 1.3310 1.2872 1.1405 1.2056
104 12 1.1677 1.0571 1.0867 1.1466 1.1742 1.1390 1.0134 1.0731
104 13 1.2091 1.0946 1.1252 1.1870 1.2151 1.1739 1.0388 1.0974
104 14 1.2518 1.1332 1.1649 1.2292 1.2588 1.2215 1.0873 1.1515
104 15 1.0704 0.9690 0.9961 1.0510 1.0763 1.0438 0.9285 0.9831
104 16 1.3230 1.1976 1.2312 1.2989 1.3300 1.2892 1.1459 1.2129
104 17 1.1490 1.0401 1.0692 1.1281 1.1552 1.1201 0.9960 1.0544
104 18 0.9846 0.8914 0.9163 0.9666 0.9895 0.9562 0.8466 0.8946
104 19 1.1011 0.9968 1.0247 1.0810 1.1066 1.0698 0.9477 1.0016
104 20 1.2623 1.1427 1.1747 1.2393 1.2689 1.2296 1.0926 1.1563
104 21 1.3588 1.2302 1.2646 1.3340 1.3655 1.3189 1.1668 1.2325
104 22 1.2421 1.1245 1.1559 1.2193 1.2482 1.2051 1.0656 1.1253
104 23 1.2973 1.1744 1.2073 1.2738 1.3044 1.2652 1.1257 1.1919
104 24 0.9631 0.8718 0.8962 0.9456 0.9683 0.9390 0.8353 0.8844
104 25 1.0603 0.9599 0.9867 1.0410 1.0658 1.0327 0.9174 0.9708
104 26 1.0985 0.9933 1.0218 1.0808 1.1086 1.0772 0.9598 1.0176
104 27 1.2557 1.1368 1.1686 1.2327 1.2619 1.2193 1.0793 1.1404
104 28 1.3272 1.2015 1.2351 1.3031 1.3343 1.2936 1.1502 1.2175
104 29 1.2278 1.1115 1.1426 1.2054 1.2342 1.1960 1.0627 1.1246
104 30 1.0653 0.9644 0.9914 1.0461 1.0713 1.0397 0.9258 0.9805
104 31 1.3136 1.1892 1.2225 1.2896 1.3201 1.2755 1.1289 1.1927
104 32 1.2489 1.1306 1.1623 1.2261 1.2551 1.2129 1.0739 1.1348
104 33 0.9343 0.8458 0.8695 0.9174 0.9393 0.9109 0.8101 0.8576
104 34 1.2393 1.1219 1.1533 1.2166 1.2454 1.2037 1.0660 1.1265
104 35 1.2105 1.0958 1.1265 1.1885 1.2168 1.1794 1.0484 1.1096
104 36 1.0625 0.9619 0.9888 1.0433 1.0682 1.0358 0.9212 0.9752
104 37 1.0598 0.9594 0.9862 1.0405 1.0654 1.0328 0.9183 0.9720
104 38 0.8518 0.7711 0.7927 0.8363 0.8562 0.8299 0.7377 0.7807
104 39 1.2638 1.1441 1.1762 1.2407 1.2700 1.2270 1.0860 1.1474
104 40 1.2725 1.1520 1.1843 1.2493 1.2790 1.2387 1.0998 1.1635
104 41 1.3460 1.2186 1.2527 1.3215 1.3529 1.3099 1.1626 1.2298
104 42 1.0348 0.9368 0.9630 1.0160 1.0403 1.0087 0.8971 0.9497
104 43 1.2094 1.0949 1.1255 1.1873 1.2153 1.1737 1.0382 1.0967
104 44 1.2339 1.1171 1.1483 1.2113 1.2399 1.1965 1.0572 1.1162
104 45 1.1334 1.0260 1.0548 1.1127 1.1392 1.1034 0.9800 1.0368
104 46 1.3444 1.2171 1.2512 1.3199 1.3512 1.3082 1.1610 1.2280
104 47 1.2742 1.1535 1.1858 1.2509 1.2805 1.2387 1.0981 1.1609
104 48 0.9801 0.8873 0.9122 0.9622 0.9850 0.9527 0.8445 0.8927
104 49 1.0465 0.9474 0.9739 1.0274 1.0518 1.0187 0.9046 0.9570
104 50 1.1321 1.0249 1.0536 1.1116 1.1381 1.1035 0.9813 1.0387
104 51 1.1237 1.0173 1.0457 1.1032 1.1294 1.0935 0.9706 1.0267
104 52 1.2045 1.0905 1.1210 1.1825 1.2104 1.1664 1.0287 1.0854
104 53 0.8812 0.7978 0.8201 0.8652 0.8857 0.8572 0.7606 0.8043
104 54 1.2136 1.0987 1.1295 1.1915 1.2197 1.1795 1.0452 1.1049
104 55 1.1772 1.0657 1.0956 1.1556 1.1828 1.1317 0.9881 1.0386
104 56 0.8351 0.7560 0.7772 0.8198 0.8393 0.8126 0.7213 0.7629
104 57 1.1976 1.0843 1.1146 1.1757 1.2034 1.1549 1.0127 1.0662
104 58 0.9918 0.8978 0.9230 0.9737 0.9967 0.9648 0.8562 0.9054
104 59 1.2415 1.1239 1.1554 1.2190 1.2481 1.2105 1.0769 1.1400
104 60 1.3064 1.1827 1.2158 1.2825 1.3129 1.2696 1.1251 1.1892
104 61 1.0529 0.9532 0.9799 1.0337 1.0583 1.0250 0.9103 0.9629
104 62 1.1559 1.0464 1.0757 1.1350 1.1621 1.1274 1.0035 1.0623
104 63 0.8922 0.8077 0.8304 0.8760 0.8968 0.8685 0.7713 0.8159
104 64 1.1749 1.0637 1.0935 1.1535 1.1808 1.1424 1.0130 1.0710
104 65 0.8075 0.7309 0.7515 0.7931 0.8122 0.7882 0.7017 0.7431
104 66 1.1020 0.9974 1.0255 1.0825 1.1089 1.0762 0.9582 1.0148
104 67 1.4333 1.2976 1.3339 1.4073 1.4409 1.3973 1.2430 1.3157
104 68 1.0871 0.9831 1.0113 1.0693 1.0966 1.0651 0.9488 1.0054
104 69 1.2575 1.1384 1.1703 1.2345 1.2636 1.2195 1.0776 1.1379
104 70 1.2578 1.1387 1.1706 1.2348 1.2639 1.2191 1.0765 1.1364
104 71 0.8756 0.7927 0.8149 0.8597 0.8803 0.8541 0.7602 0.8048
104 72 1.2544 1.1357 1.1675 1.2314 1.2604 1.2117 1.0650 1.1223
104 73 1.2802 1.1590 1.1914 1.2567 1.2864 1.2390 1.0920 1.1520
104 74 1.1785 1.0669 1.0968 1.1570 1.1845 1.1474 1.0192 1.0782
104 75 1.1361 1.0285 1.0573 1.1154 1.1418 1.1059 0.9821 1.0388
104 76 1.4281 1.2928 1.3290 1.4022 1.4357 1.3929 1.2398 1.3126
104 77 1.1222 1.0159 1.0444 1.1017 1.1278 1.0924 0.9702 1.0263
104 78 0.9782 0.8856 0.9104 0.9604 0.9831 0.9521 0.8455 0.8943
104 79 1.0253 0.9282 0.9542 1.0066 1.0305 0.9981 0.8865 0.9377
104 80 1.2495 1.1312 1.1629 1.2268 1.2561 1.2181 1.0836 1.1469
104 81 1.1361 1.0286 1.0574 1.1155 1.1420 1.1073 0.9847 1.0421
104 82 1.2321 1.1154 1.1466 1.2097 1.2386 1.2015 1.0693 1.1319
104 83 1.3436 1.2164 1.2504 1.3190 1.3501 1.3050 1.1558 1.2214
104 84 1.1869 1.0746 1.1047 1.1652 1.1928 1.1536 1.0225 1.0808
104 85 1.3050 1.1815 1.2146 1.2811 1.3113 1.2632 1.1136 1.1748
104 86 0.9966 0.9022 0.9275 0.9785 1.0018 0.9716 0.8644 0.9150
104 87 1.2421 1.1245 1.1560 1.2195 1.2486 1.2110 1.0774 1.1403
104 88 1.2531 1.1345 1.1663 1.2301 1.2591 1.2012 1.0445 1.0965
104 89 0.6957 0.6298 0.6474 0.6830 0.6992 0.6779 0.6028 0.6379
104 90 0.6916 0.6261 0.6437 0.6790 0.6950 0.6723 0.5960 0.6300
104 91 1.0501 0.9506 0.9772 1.0311 1.0558 1.0244 0.9119 0.9654
104 92 1.1225 1.0163 1.0447 1.1021 1.1282 1.0929 0.9708 1.0269
104 93 0.8966 0.8117 0.8344 0.8803 0.9013 0.8741 0.7777 0.8231
104 94 1.2026 1.0887 1.1192 1.1806 1.2086 1.1702 1.0388 1.0986
104 95 1.0630 0.9613 0.9889 1.0458 1.0725 1.0417 0.9278 0.9830
104 96 1.0479 0.9481 0.9751 1.0300 1.0554 1.0246 0.9124 0.9663
104 97 1.0321 0.9344 0.9605 1.0133 1.0373 1.0049 0.8927 0.9443
104 98 1.1996 1.0860 1.1164 1.1776 1.2053 1.1562 1.0132 1.0666
104 99 1.0596 0.9592 0.9861 1.0405 1.0654 1.0338 0.9203 0.9742
104 100 0.6734 0.6096 0.6267 0.6612 0.6769 0.6563 0.5837 0.6177
104 101 1.2950 1.1724 1.2052 1.2711 1.3010 1.1911 0.9826 1.0066
104 102 1.0518 0.9519 0.9787 1.0332 1.0584 1.0271 0.9144 0.9681
104 103 0.9623 0.8709 0.8955 0.9453 0.9683 0.9397 0.8365 0.8857
104 105 1.0531 0.9532 0.9800 1.0344 1.0594 1.0281 0.9152 0.9689
104 106 0.6680 0.6047 0.6217 0.6559 0.6715 0.6514 0.5798 0.6137
104 107 1.0041 0.9088 0.9344 0.9862 1.0101 0.9802 0.8726 0.9238
104 108 1.0597 0.9594 0.9863 1.0404 1.0649 1.0292 0.9114 0.9630
104 109 0.9574 0.8667 0.8910 0.9399 0.9623 0.9330 0.8297 0.8779
104 110 0.9119 0.8255 0.8487 0.8955 0.9169 0.8897 0.7920 0.8383
104 111 0.9773 0.8845 0.9094 0.9601 0.9835 0.9544 0.8497 0.8996
104 112 1.1433 1.0345 1.0638 1.1236 1.1512 1.1175 0.9950 1.0536
104 113 0.9121 0.8257 0.8488 0.8955 0.9168 0.8895 0.7916 0.8379
104 114 1.1394 1.0312 1.0603 1.1193 1.1465 1.1127 0.9905 1.0487
104 115 1.0726 0.9705 0.9981 1.0541 1.0801 1.0484 0.9335 0.9885
104 116 0.7708 0.6974 0.7173 0.7576 0.7763 0.7536 0.6710 0.7106
104 117 0.6874 0.6223 0.6398 0.6751 0.6913 0.6708 0.5971 0.6321
104 118 1.0871 0.9842 1.0118 1.0673 1.0926 1.0582 0.9398 0.9940
104 119 0.7204 0.6522 0.6705 0.7073 0.7241 0.7022 0.6247 0.6611
104 120 1.1792 1.0676 1.0975 1.1576 1.1849 1.1440 1.0116 1.0684
104 121 0.8771 0.7941 0.8163 0.8612 0.8817 0.8552 0.7609 0.8053
104 122 1.1116 1.0064 1.0346 1.0912 1.1170 1.0759 0.9483 1.0004
104 123 0.8712 0.7887 0.8108 0.8553 0.8756 0.8486 0.7543 0.7980
104 124 1.1249 1.0184 1.0470 1.1043 1.1304 1.0903 0.9628 1.0163
104 125 0.9798 0.8868 0.9118 0.9623 0.9855 0.9563 0.8512 0.9011
105 0 1.1648 1.0542 1.0836 1.1433 1.1709 1.1345 1.0077 1.0665
105 1 1.0324 0.9345 0.9605 1.0138 1.0386 1.0083 0.8978 0.9513
105 2 1.1297 1.0226 1.0511 1.1089 1.1354 1.0989 0.9748 1.0309
105 3 1.1570 1.0474 1.0766 1.1358 1.1630 1.1259 0.9992 1.0570
105 4 1.1759 1.0644 1.0941 1.1547 1.1828 1.1482 1.0225 1.0834
105 5 1.0208 0.9240 0.9498 1.0022 1.0264 0.9952 0.8850 0.9371
105 6 0.9767 0.8842 0.9089 0.9588 0.9815 0.9477 0.8380 0.8850
105 7 1.2121 1.0970 1.1278 1.1906 1.2199 1.1844 1.0549 1.1178
105 8 1.1125 1.0071 1.0353 1.0923 1.1185 1.0842 0.9637 1.0202
105 9 1.0222 0.9253 0.9512 1.0038 1.0280 0.9975 0.8878 0.9403
105 10 1.0767 0.9747 1.0020 1.0572 1.0825 1.0492 0.9325 0.9870
105 11 1.0339 0.9360 0.9622 1.0150 1.0391 1.0045 0.8897 0.9403
105 12 1.0668 0.9657 0.9927 1.0475 1.0726 1.0402 0.9251 0.9795
105 13 1.1132 1.0077 1.0359 1.0928 1.1186 1.0803 0.9556 1.0094
105 14 1.1221 1.0157 1.0442 1.1018 1.1283 1.0945 0.9738 1.0313
105 15 0.9706 0.8787 0.9033 0.9530 0.9759 0.9462 0.8413 0.8906
105 16 1.2104 1.0957 1.1264 1.1884 1.2168 1.1791 1.0476 1.1087
105 17 1.0439 0.9450 0.9714 1.0249 1.0495 1.0172 0.9042 0.9571
105 18 0.8458 0.7657 0.7871 0.8303 0.8500 0.8212 0.7267 0.7678
105 19 1.0004 0.9056 0.9310 0.9821 1.0053 0.9716 0.8603 0.9091
105 20 1.1212 1.0150 1.0434 1.1008 1.1271 1.0918 0.9697 1.0261
105 21 1.1193 1.0133 1.0416 1.0988 1.1248 1.0860 0.9603 1.0143
105 22 1.0236 0.9267 0.9526 1.0048 1.0286 0.9928 0.8774 0.9265
105 23 1.1331 1.0258 1.0545 1.1126 1.1393 1.1047 0.9825 1.0401
105 24 1.0183 0.9218 0.9476 0.9998 1.0238 0.9926 0.8826 0.9343
105 25 0.8698 0.7874 0.8094 0.8539 0.8743 0.8468 0.7520 0.7956
105 26 0.9894 0.8949 0.9205 0.9731 0.9979 0.9694 0.8637 0.9155
105 27 1.1652 1.0548 1.0844 1.1439 1.1709 1.1311 1.0008 1.0573
105 28 1.2087 1.0942 1.1248 1.1868 1.2151 1.1777 1.0467 1.1078
105 29 1.0761 0.9742 1.0015 1.0566 1.0818 1.0479 0.9308 0.9849
105 30 0.9671 0.8755 0.9000 0.9497 0.9725 0.9436 0.8398 0.8893
105 31 1.0749 0.9731 1.0004 1.0553 1.0802 1.0433 0.9230 0.9751
105 32 1.1998 1.0862 1.1166 1.1779 1.2058 1.1649 1.0309 1.0892
105 33 0.9942 0.9000 0.9252 0.9762 0.9995 0.9689 0.8613 0.9117
105 34 1.2145 1.0995 1.1303 1.1923 1.2205 1.1793 1.0439 1.1030
105 35 1.0822 0.9797 1.0072 1.0626 1.0879 1.0541 0.9366 0.9911
105 36 0.9388 0.8499 0.8736 0.9217 0.9438 0.9148 0.8132 0.8608
105 37 0.9718 0.8797 0.9044 0.9541 0.9769 0.9468 0.8414 0.8905
105 38 0.9174 0.8305 0.8538 0.9008 0.9222 0.8936 0.7939 0.8401
105 39 1.1464 1.0379 1.0669 1.1255 1.1521 1.1127 0.9844 1.0399
105 40 1.1366 1.0289 1.0577 1.1159 1.1424 1.1060 0.9816 1.0383
105 41 1.1139 1.0084 1.0366 1.0936 1.1195 1.0836 0.9613 1.0167
105 42 0.9318 0.8435 0.8672 0.9149 0.9367 0.9080 0.8072 0.8544
105 43 1.1291 1.0222 1.0508 1.1084 1.1346 1.0954 0.9685 1.0229
105 44 1.0547 0.9548 0.9816 1.0354 1.0598 1.0224 0.9029 0.9532
105 45 1.0118 0.9160 0.9416 0.9933 1.0170 0.9847 0.8742 0.9247
105 46 1.1227 1.0163 1.0448 1.1022 1.1283 1.0920 0.9687 1.0245
105 47 1.2453 1.1274 1.1589 1.2225 1.2515 1.2102 1.0724 1.1336
105 48 0.8217 0.7439 0.7647 0.8067 0.8258 0.7984 0.7074 0.7477
105 49 0.9519 0.8618 0.8859 0.9346 0.9568 0.9264 0.8223 0.8697
105 50 1.1303 1.0233 1.0519 1.1098 1.1363 1.1013 0.9790 1.0361
105 51 1.0208 0.9241 0.9500 1.0022 1.0260 0.9930 0.8811 0.9318
105 52 1.0304 0.9329 0.9590 1.0115 1.0354 0.9975 0.8793 0.9276
105 53 0.9539 0.8636 0.8878 0.9365 0.9587 0.9276 0.8226 0.8698
105 54 1.1014 0.9971 1.0251 1.0813 1.1069 1.0701 0.9479 1.0018
105 55 1.1114 1.0062 1.0344 1.0910 1.1167 1.0681 0.9322 0.9797
105 56 0.9170 0.8301 0.8534 0.9002 0.9216 0.8920 0.7914 0.8369
105 57 1.0925 0.9891 1.0168 1.0725 1.0977 1.0532 0.9231 0.9717
105 58 0.9046 0.8189 0.8419 0.8881 0.9091 0.8797 0.7803 0.8251
105 59 1.1884 1.0759 1.1060 1.1669 1.1947 1.1584 1.0301 1.0902
105 60 1.2079 1.0935 1.1241 1.1858 1.2138 1.1734 1.0394 1.0985
105 61 0.8904 0.8061 0.8287 0.8742 0.8949 0.8665 0.7692 0.8135
105 62 1.0073 0.9119 0.9374 0.9890 1.0127 0.9821 0.8737 0.9249
105 63 0.9780 0.8854 0.9102 0.9602 0.9830 0.9518 0.8448 0.8935
105 64 1.0547 0.9548 0.9815 1.0354 1.0599 1.0251 0.9086 0.9604
105 65 0.9051 0.8193 0.8423 0.8887 0.9100 0.8829 0.7858 0.8319
105 66 1.0246 0.9276 0.9536 1.0062 1.0303 0.9998 0.8901 0.9424
105 67 1.2158 1.1007 1.1315 1.1937 1.2222 1.1849 1.0536 1.1150
105 68 0.9315 0.8426 0.8667 0.9160 0.9390 0.9119 0.8122 0.8605
105 69 1.0710 0.9696 0.9967 1.0514 1.0762 1.0382 0.9170 0.9682
105 70 1.2083 1.0939 1.1246 1.1862 1.2142 1.1708 1.0334 1.0907
105 71 0.9682 0.8765 0.9011 0.9507 0.9734 0.9441 0.8399 0.8890
105 72 1.1783 1.0667 1.0966 1.1567 1.1839 1.1378 0.9996 1.0532
105 73 1.1925 1.0796 1.1098 1.1706 1.1982 1.1538 1.0164 1.0720
105 74 1.0581 0.9579 0.9847 1.0388 1.0634 1.0298 0.9144 0.9671
105 75 1.0462 0.9471 0.9736 1.0271 1.0515 1.0180 0.9037 0.9557
105 76 1.2231 1.1073 1.1383 1.2009 1.2296 1.1926 1.0611 1.1231
105 77 1.1358 1.0283 1.0571 1.1151 1.1416 1.1054 0.9812 1.0378
105 78 0.7482 0.6773 0.6963 0.7345 0.7520 0.7280 0.6461 0.6833
105 79 0.6758 0.6118 0.6289 0.6634 0.6792 0.6576 0.5838 0.6175
105 80 1.0572 0.9571 0.9839 1.0380 1.0627 1.0302 0.9161 0.9694
105 81 0.9655 0.8740 0.8985 0.9479 0.9705 0.9406 0.8361 0.8847
105 82 1.1374 1.0297 1.0586 1.1168 1.1434 1.1089 0.9864 1.0440
105 83 1.1557 1.0463 1.0756 1.1346 1.1614 1.1222 0.9934 1.0496
105 84 1.1447 1.0363 1.0653 1.1237 1.1503 1.1121 0.9853 1.0413
105 85 1.2162 1.1011 1.1319 1.1939 1.2221 1.1769 1.0369 1.0937
105 86 0.9844 0.8911 0.9161 0.9665 0.9895 0.9594 0.8532 0.9029
105 87 1.1994 1.0858 1.1162 1.1776 1.2057 1.1689 1.0395 1.1001
105 88 1.1851 1.0729 1.1029 1.1633 1.1907 1.1356 0.9870 1.0360
105 89 0.8986 0.8135 0.8362 0.8822 0.9032 0.8753 0.7780 0.8231
105 90 0.7789 0.7051 0.7249 0.7646 0.7827 0.7569 0.6706 0.7088
105 91 0.9830 0.8899 0.9148 0.9652 0.9882 0.9586 0.8530 0.9029
105 92 1.0340 0.9361 0.9624 1.0152 1.0393 1.0064 0.8935 0.9450
105 93 0.8749 0.7921 0.8143 0.8590 0.8795 0.8527 0.7583 0.8024
105 94 1.1599 1.0500 1.0795 1.1387 1.1657 1.1283 1.0011 1.0585
105 95 0.6734 0.6091 0.6265 0.6622 0.6789 0.6593 0.5871 0.6220
105 96 0.6275 0.5678 0.5839 0.6165 0.6315 0.6130 0.5458 0.5779
105 97 1.0118 0.9160 0.9416 0.9933 1.0169 0.9848 0.8744 0.9248
105 98 1.2364 1.1194 1.1508 1.2138 1.2423 1.1913 1.0435 1.0983
105 99 0.9770 0.8845 0.9093 0.9593 0.9822 0.9527 0.8478 0.8974
105 100 0.7820 0.7080 0.7278 0.7678 0.7860 0.7619 0.6773 0.7167
105 101 1.3103 1.1863 1.2195 1.2862 1.3164 1.2052 0.9942 1.0183
105 102 0.8263 0.7479 0.7689 0.8114 0.8309 0.8062 0.7176 0.7596
105 103 0.7583 0.6864 0.7057 0.7446 0.7625 0.7398 0.6586 0.6971
105 104 0.9349 0.8464 0.8701 0.9179 0.9398 0.9115 0.8110 0.8582
105 106 0.8264 0.7482 0.7691 0.8114 0.8308 0.8057 0.7167 0.7585
105 107 1.0498 0.9504 0.9770 1.0307 1.0553 1.0239 0.9114 0.9647
105 108 1.0651 0.9643 0.9913 1.0456 1.0703 1.0341 0.9153 0.9669
105 109 0.7661 0.6936 0.7130 0.7522 0.7700 0.7463 0.6634 0.7019
105 110 1.0013 0.9065 0.9319 0.9831 1.0066 0.9764 0.8688 0.9195
105 111 0.6076 0.5500 0.5654 0.5966 0.6110 0.5928 0.5277 0.5586
105 112 0.8487 0.7681 0.7898 0.8338 0.8540 0.8288 0.7379 0.7812
105 113 0.5048 0.4570 0.4698 0.4956 0.5074 0.4921 0.4378 0.4633
105 114 1.0940 0.9903 1.0181 1.0743 1.1000 1.0673 0.9501 1.0057
105 115 0.9162 0.8291 0.8525 0.9000 0.9219 0.8947 0.7965 0.8433
105 116 1.0125 0.9163 0.9422 0.9948 1.0190 0.9890 0.8805 0.9322
105 117 0.8565 0.7754 0.7971 0.8410 0.8610 0.8352 0.7433 0.7867
105 118 0.7767 0.7032 0.7229 0.7626 0.7806 0.7558 0.6709 0.7095
105 119 0.9191 0.8321 0.8554 0.9024 0.9238 0.8956 0.7963 0.8426
105 120 1.2112 1.0965 1.1273 1.1890 1.2171 1.1747 1.0382 1.0963
105 121 0.9160 0.8293 0.8525 0.8993 0.9207 0.8927 0.7940 0.8402
105 122 1.1413 1.0333 1.0622 1.1204 1.1468 1.1043 0.9728 1.0261
105 123 0.8916 0.8071 0.8297 0.8753 0.8961 0.8682 0.7713 0.8159
105 124 1.1542 1.0449 1.0742 1.1330 1.1597 1.1182 0.9870 1.0417
105 125 0.9186 0.8316 0.8549 0.9019 0.9234 0.8958 0.7973 0.8439
106 0 1.2670 1.1468 1.1787 1.2437 1.2736 1.2346 1.0972 1.1613
106 1 1.3123 1.1874 1.2208 1.2892 1.3211 1.2829 1.1425 1.2108
106 2 1.2207 1.1050 1.1358 1.1983 1.2269 1.1879 1.0543 1.1152
106 3 1.2570 1.1378 1.1696 1.2340 1.2634 1.2237 1.0865 1.1495
106 4 1.2955 1.1723 1.2053 1.2728 1.3042 1.2664 1.1279 1.1952
106 5 1.1611 1.0510 1.0804 1.1400 1.1674 1.1325 1.0076 1.0670
106 6 0.9995 0.9048 0.9301 0.9811 1.0043 0.9701 0.8583 0.9066
106 7 1.3267 1.2004 1.2343 1.3038 1.3363 1.2977 1.1559 1.2251
106 8 1.2210 1.1053 1.1362 1.1989 1.2276 1.1904 1.0587 1.1209
106 9 1.0491 0.9497 0.9763 1.0302 1.0551 1.0242 0.9120 0.9661
106 10 1.1843 1.0721 1.1021 1.1628 1.1907 1.1545 1.0266 1.0868
106 11 1.0592 0.9588 0.9856 1.0398 1.0644 1.0294 0.9123 0.9643
106 12 1.1745 1.0632 1.0929 1.1532 1.1809 1.1456 1.0194 1.0795
106 13 1.2115 1.0967 1.1274 1.1893 1.2174 1.1762 1.0409 1.0997
106 14 1.2493 1.1309 1.1626 1.2267 1.2563 1.2191 1.0853 1.1495
106 15 0.9988 0.9042 0.9295 0.9807 1.0043 0.9740 0.8665 0.9175
106 16 1.3151 1.1906 1.2239 1.2912 1.3221 1.2816 1.1393 1.2060
106 17 1.1585 1.0487 1.0781 1.1375 1.1647 1.1294 1.0044 1.0634
106 18 0.8064 0.7300 0.7505 0.7916 0.8104 0.7832 0.6935 0.7328
106 19 1.0286 0.9312 0.9573 1.0098 1.0337 0.9995 0.8854 0.9358
106 20 1.2586 1.1394 1.1713 1.2357 1.2652 1.2261 1.0896 1.1531
106 21 1.1378 1.0300 1.0588 1.1169 1.1434 1.1044 0.9772 1.0322
106 22 1.0454 0.9464 0.9728 1.0262 1.0505 1.0143 0.8969 0.9473
106 23 1.2881 1.1661 1.1987 1.2648 1.2951 1.2563 1.1179 1.1837
106 24 0.9631 0.8718 0.8962 0.9456 0.9683 0.9391 0.8355 0.8846
106 25 1.0772 0.9752 1.0025 1.0576 1.0828 1.0492 0.9322 0.9865
106 26 1.0188 0.9212 0.9477 1.0025 1.0284 0.9993 0.8904 0.9441
106 27 1.2541 1.1353 1.1671 1.2311 1.2603 1.2179 1.0781 1.1392
106 28 1.3184 1.1936 1.2270 1.2945 1.3255 1.2851 1.1428 1.2098
106 29 1.2285 1.1121 1.1432 1.2061 1.2349 1.1967 1.0635 1.1255
106 30 0.9947 0.9004 0.9256 0.9768 1.0004 0.9710 0.8645 0.9157
106 31 1.0939 0.9903 1.0180 1.0739 1.0993 1.0622 0.9402 0.9934
106 32 1.2480 1.1298 1.1614 1.2251 1.2541 1.2121 1.0733 1.1342
106 33 0.9360 0.8473 0.8710 0.9190 0.9410 0.9125 0.8117 0.8593
106 34 1.2388 1.1215 1.1529 1.2161 1.2449 1.2034 1.0658 1.1263
106 35 1.2133 1.0983 1.1291 1.1912 1.2196 1.1822 1.0510 1.1124
106 36 0.9750 0.8827 0.9074 0.9573 0.9802 0.9505 0.8455 0.8950
106 37 0.9965 0.9021 0.9274 0.9784 1.0017 0.9712 0.8636 0.9142
106 38 0.8587 0.7774 0.7992 0.8431 0.8632 0.8367 0.7438 0.7873
106 39 1.1601 1.0502 1.0796 1.1389 1.1658 1.1264 0.9971 1.0535
106 40 1.2677 1.1476 1.1797 1.2446 1.2742 1.2341 1.0959 1.1593
106 41 1.1319 1.0247 1.0534 1.1112 1.1376 1.1015 0.9778 1.0343
106 42 0.9616 0.8705 0.8949 0.9441 0.9667 0.9374 0.8338 0.8827
106 43 1.2113 1.0966 1.1273 1.1891 1.2172 1.1756 1.0400 1.0986
106 44 1.0718 0.9703 0.9975 1.0522 1.0770 1.0394 0.9185 0.9698
106 45 1.1472 1.0386 1.0677 1.1263 1.1531 1.1170 0.9922 1.0497
106 46 1.1397 1.0318 1.0607 1.1190 1.1455 1.1091 0.9845 1.0413
106 47 1.2575 1.1385 1.1703 1.2346 1.2638 1.2226 1.0840 1.1460
106 48 0.8709 0.7885 0.8105 0.8550 0.8753 0.8466 0.7505 0.7934
106 49 0.9790 0.8863 0.9111 0.9611 0.9840 0.9531 0.8464 0.8955
106 50 1.1437 1.0354 1.0644 1.1229 1.1497 1.1148 0.9915 1.0495
106 51 1.1366 1.0290 1.0578 1.1159 1.1424 1.1062 0.9820 1.0387
106 52 1.0478 0.9486 0.9751 1.0286 1.0528 1.0147 0.8950 0.9443
106 53 0.8868 0.8028 0.8253 0.8706 0.8913 0.8627 0.7655 0.8096
106 54 1.2157 1.1006 1.1314 1.1935 1.2218 1.1816 1.0472 1.1070
106 55 1.1809 1.0691 1.0990 1.1592 1.1865 1.1353 0.9914 1.0420
106 56 0.8448 0.7648 0.7862 0.8294 0.8491 0.8221 0.7298 0.7719
106 57 1.2000 1.0864 1.1168 1.1780 1.2057 1.1572 1.0149 1.0685
106 58 1.0281 0.9307 0.9568 1.0093 1.0332 1.0003 0.8877 0.9388
106 59 1.1196 1.0136 1.0420 1.0993 1.1255 1.0917 0.9714 1.0283
106 60 1.3008 1.1777 1.2107 1.2771 1.3073 1.2643 1.1205 1.1844
106 61 0.9401 0.8511 0.8749 0.9230 0.9449 0.9152 0.8129 0.8599
106 62 1.1684 1.0577 1.0874 1.1472 1.1746 1.1397 1.0145 1.0741
106 63 0.8978 0.8128 0.8355 0.8814 0.9023 0.8740 0.7763 0.8212
106 64 1.1824 1.0704 1.1004 1.1608 1.1882 1.1497 1.0196 1.0780
106 65 0.8206 0.7428 0.7636 0.8060 0.8255 0.8012 0.7133 0.7553
106 66 1.1136 1.0078 1.0363 1.0941 1.1207 1.0878 0.9686 1.0258
106 67 1.2294 1.1130 1.1441 1.2071 1.2359 1.1986 1.0664 1.1288
106 68 0.9768 0.8833 0.9087 0.9610 0.9855 0.9573 0.8528 0.9037
106 69 1.0867 0.9838 1.0114 1.0668 1.0920 1.0539 0.9314 0.9835
106 70 1.2199 1.1044 1.1353 1.1975 1.2258 1.1824 1.0443 1.1024
106 71 0.8830 0.7994 0.8218 0.8670 0.8877 0.8613 0.7667 0.8118
106 72 1.2530 1.1344 1.1662 1.2300 1.2590 1.2104 1.0640 1.1213
106 73 1.2767 1.1558 1.1882 1.2533 1.2829 1.2358 1.0893 1.1491
106 74 1.1852 1.0730 1.1030 1.1636 1.1912 1.1540 1.0252 1.0846
106 75 1.1490 1.0402 1.0694 1.1281 1.1548 1.1186 0.9935 1.0509
106 76 1.2355 1.1185 1.1498 1.2131 1.2421 1.2052 1.0729 1.1359
106 77 1.0720 0.9705 0.9977 1.0525 1.0774 1.0437 0.9270 0.9806
106 78 0.8124 0.7355 0.7561 0.7976 0.8165 0.7909 0.7023 0.7429
106 79 0.9018 0.8165 0.8393 0.8854 0.9064 0.8780 0.7799 0.8250
106 80 1.2461 1.1281 1.1597 1.2235 1.2526 1.2149 1.0808 1.1440
106 81 1.1537 1.0445 1.0737 1.1327 1.1597 1.1245 1.0001 1.0585
106 82 1.2319 1.1152 1.1464 1.2095 1.2383 1.2014 1.0693 1.1320
106 83 1.1691 1.0584 1.0881 1.1477 1.1748 1.1357 1.0059 1.0630
106 84 1.1548 1.0455 1.0747 1.1337 1.1605 1.1225 0.9950 1.0518
106 85 1.3000 1.1769 1.2099 1.2761 1.3062 1.2584 1.1094 1.1704
106 86 1.0412 0.9426 0.9690 1.0222 1.0466 1.0152 0.9033 0.9561
106 87 1.2093 1.0948 1.1255 1.1873 1.2156 1.1791 1.0491 1.1105
106 88 1.2522 1.1337 1.1654 1.2292 1.2581 1.2004 1.0439 1.0959
106 89 0.7366 0.6668 0.6855 0.7232 0.7404 0.7178 0.6384 0.6756
106 90 0.7159 0.6481 0.6663 0.7028 0.7195 0.6960 0.6171 0.6523
106 91 1.0984 0.9943 1.0222 1.0787 1.1046 1.0718 0.9541 1.0102
106 92 1.1378 1.0301 1.0589 1.1171 1.1436 1.1079 0.9842 1.0411
106 93 0.9823 0.8893 0.9142 0.9645 0.9874 0.9577 0.8522 0.9020
106 94 1.1700 1.0592 1.0889 1.1486 1.1759 1.1386 1.0108 1.0691
106 95 0.9288 0.8398 0.8640 0.9138 0.9372 0.9103 0.8108 0.8591
106 96 0.9113 0.8245 0.8479 0.8958 0.9180 0.8912 0.7936 0.8406
106 97 1.0695 0.9683 0.9954 1.0500 1.0749 1.0414 0.9252 0.9788
106 98 1.2017 1.0879 1.1184 1.1796 1.2074 1.1583 1.0151 1.0687
106 99 1.0994 0.9951 1.0231 1.0797 1.1056 1.0729 0.9551 1.0111
106 100 0.6226 0.5636 0.5794 0.6113 0.6258 0.6068 0.5398 0.5712
106 101 1.2910 1.1688 1.2015 1.2673 1.2970 1.1874 0.9796 1.0034
106 102 0.9505 0.8602 0.8845 0.9339 0.9567 0.9285 0.8266 0.8752
106 103 0.6939 0.6280 0.6457 0.6817 0.6983 0.6777 0.6034 0.6388
106 104 0.7928 0.7177 0.7378 0.7785 0.7971 0.7734 0.6884 0.7287
106 105 0.8873 0.8031 0.8257 0.8717 0.8928 0.8664 0.7713 0.8166
106 107 1.0758 0.9737 1.0011 1.0568 1.0825 1.0505 0.9352 0.9901
106 108 1.0864 0.9835 1.0111 1.0665 1.0917 1.0552 0.9344 0.9874
106 109 0.8770 0.7939 0.8162 0.8610 0.8815 0.8547 0.7602 0.8044
106 110 0.9637 0.8724 0.8969 0.9465 0.9692 0.9405 0.8372 0.8862
106 111 0.6620 0.5991 0.6160 0.6504 0.6663 0.6466 0.5757 0.6095
106 112 1.0119 0.9155 0.9415 0.9945 1.0190 0.9892 0.8808 0.9327
106 113 0.7085 0.6414 0.6594 0.6957 0.7123 0.6911 0.6151 0.6511
106 114 1.1058 1.0008 1.0290 1.0865 1.1129 1.0801 0.9616 1.0181
106 115 0.9881 0.8940 0.9194 0.9712 0.9951 0.9660 0.8601 0.9109
106 116 0.7988 0.7227 0.7433 0.7852 0.8047 0.7811 0.6955 0.7366
106 117 0.5714 0.5172 0.5318 0.5612 0.5747 0.5577 0.4965 0.5256
106 118 0.9789 0.8862 0.9111 0.9611 0.9838 0.9530 0.8464 0.8953
106 119 0.7992 0.7235 0.7438 0.7846 0.8033 0.7791 0.6931 0.7335
106 120 1.1810 1.0692 1.0992 1.1594 1.1868 1.1459 1.0134 1.0703
106 121 0.6905 0.6251 0.6427 0.6780 0.6941 0.6733 0.5992 0.6341
106 122 1.1148 1.0093 1.0376 1.0944 1.1202 1.0791 0.9512 1.0035
106 123 0.7198 0.6516 0.6699 0.7067 0.7235 0.7012 0.6234 0.6595
106 124 1.1279 1.0212 1.0498 1.1073 1.1334 1.0933 0.9655 1.0193
106 125 0.8266 0.7482 0.7692 0.8119 0.8316 0.8069 0.7184 0.7605
107 0 1.2857 1.1637 1.1961 1.2621 1.2924 1.2523 1.1124 1.1772
107 1 1.3485 1.2205 1.2546 1.3241 1.3564 1.3169 1.1726 1.2425
107 2 1.2291 1.1126 1.1436 1.2065 1.2353 1.1956 1.0605 1.1216
107 3 1.2754 1.1545 1.1867 1.2520 1.2819 1.2411 1.1014 1.1650
107 4 1.3347 1.2081 1.2419 1.3106 1.3425 1.3033 1.1606 1.2297
107 5 1.1576 1.0479 1.0772 1.1366 1.1640 1.1287 1.0037 1.0627
107 6 1.2356 1.1185 1.1498 1.2129 1.2416 1.1988 1.0601 1.1195
107 7 1.3716 1.2413 1.2762 1.3473 1.3804 1.3402 1.1936 1.2648
107 8 1.2343 1.1173 1.1486 1.2118 1.2409 1.2028 1.0692 1.1318
107 9 1.2054 1.0912 1.1217 1.1837 1.2122 1.1762 1.0468 1.1088
107 10 1.1876 1.0750 1.1051 1.1660 1.1939 1.1572 1.0284 1.0886
107 11 1.3481 1.2204 1.2545 1.3234 1.3548 1.3097 1.1600 1.2260
107 12 1.1752 1.0638 1.0936 1.1539 1.1816 1.1458 1.0191 1.0790
107 13 1.2203 1.1047 1.1356 1.1979 1.2263 1.1843 1.0475 1.1065
107 14 1.2757 1.1548 1.1871 1.2526 1.2828 1.2443 1.1071 1.1724
107 15 1.1546 1.0452 1.0745 1.1337 1.1609 1.1255 1.0007 1.0594
107 16 1.3483 1.2205 1.2547 1.3238 1.3554 1.3133 1.1669 1.2350
107 17 1.1541 1.0448 1.0740 1.1332 1.1603 1.1247 0.9997 1.0582
107 18 0.9686 0.8769 0.9014 0.9509 0.9734 0.9404 0.8322 0.8792
107 19 1.3296 1.2037 1.2373 1.3053 1.3362 1.2914 1.1434 1.2083
107 20 1.2908 1.1685 1.2012 1.2673 1.2975 1.2569 1.1164 1.1813
107 21 1.3844 1.2533 1.2883 1.3590 1.3912 1.3432 1.1878 1.2545
107 22 1.2542 1.1354 1.1672 1.2312 1.2603 1.2164 1.0751 1.1352
107 23 1.3390 1.2121 1.2461 1.3147 1.3462 1.3054 1.1609 1.2291
107 24 1.1288 1.0218 1.0504 1.1083 1.1348 1.1002 0.9783 1.0356
107 25 1.0516 0.9520 0.9786 1.0324 1.0570 1.0238 0.9091 0.9619
107 26 1.1714 1.0595 1.0898 1.1521 1.1814 1.1477 1.0225 1.0839
107 27 1.2703 1.1500 1.1822 1.2471 1.2766 1.2331 1.0911 1.1527
107 28 1.3548 1.2264 1.2608 1.3302 1.3620 1.3200 1.1732 1.2417
107 29 1.2546 1.1358 1.1676 1.2318 1.2612 1.2217 1.0851 1.1482
107 30 1.1298 1.0228 1.0514 1.1094 1.1361 1.1023 0.9810 1.0389
107 31 1.3331 1.2069 1.2407 1.3087 1.3397 1.2939 1.1447 1.2093
107 32 1.2610 1.1416 1.1735 1.2379 1.2672 1.2242 1.0834 1.1447
107 33 1.1118 1.0065 1.0347 1.0916 1.1177 1.0835 0.9632 1.0195
107 34 1.2507 1.1322 1.1639 1.2278 1.2568 1.2144 1.0749 1.1358
107 35 1.2288 1.1124 1.1436 1.2065 1.2352 1.1969 1.0634 1.1253
107 36 1.1402 1.0322 1.0611 1.1195 1.1463 1.1111 0.9878 1.0455
107 37 1.2246 1.1086 1.1396 1.2023 1.2310 1.1930 1.0603 1.1221
107 38 1.0404 0.9419 0.9682 1.0215 1.0458 1.0133 0.9003 0.9527
107 39 1.2763 1.1555 1.1878 1.2530 1.2826 1.2388 1.0959 1.1577
107 40 1.3006 1.1774 1.2104 1.2769 1.3072 1.2655 1.1232 1.1880
107 41 1.3697 1.2400 1.2747 1.3447 1.3766 1.3324 1.1821 1.2502
107 42 1.1011 0.9969 1.0248 1.0812 1.1070 1.0730 0.9539 1.0096
107 43 1.2185 1.1031 1.1340 1.1962 1.2244 1.1821 1.0452 1.1039
107 44 1.2434 1.1257 1.1572 1.2206 1.2495 1.2053 1.0645 1.1238
107 45 1.1362 1.0286 1.0574 1.1155 1.1420 1.1058 0.9817 1.0384
107 46 1.3667 1.2373 1.2719 1.3418 1.3736 1.3294 1.1793 1.2472
107 47 1.2881 1.1661 1.1988 1.2646 1.2945 1.2518 1.1092 1.1725
107 48 1.0892 0.9860 1.0137 1.0693 1.0946 1.0583 0.9377 0.9911
107 49 1.1083 1.0033 1.0314 1.0881 1.1139 1.0785 0.9573 1.0126
107 50 1.2909 1.1687 1.2014 1.2675 1.2977 1.2578 1.1181 1.1833
107 51 1.1103 1.0052 1.0333 1.0901 1.1159 1.0801 0.9583 1.0135
107 52 1.2113 1.0966 1.1273 1.1891 1.2171 1.1725 1.0336 1.0904
107 53 1.0939 0.9903 1.0180 1.0739 1.0994 1.0637 0.9433 0.9974
107 54 1.2285 1.1122 1.1433 1.2060 1.2346 1.1935 1.0572 1.1173
107 55 1.1818 1.0700 1.0999 1.1602 1.1875 1.1358 0.9913 1.0417
107 56 1.0719 0.9704 0.9976 1.0524 1.0773 1.0427 0.9251 0.9783
107 57 1.2042 1.0902 1.1207 1.1821 1.2099 1.1608 1.0175 1.0710
107 58 0.9578 0.8671 0.8914 0.9403 0.9626 0.9315 0.8262 0.8736
107 59 1.2518 1.1332 1.1649 1.2290 1.2584 1.2201 1.0850 1.1483
107 60 1.3266 1.2010 1.2346 1.3023 1.3331 1.2888 1.1416 1.2064
107 61 1.1496 1.0408 1.0699 1.1287 1.1555 1.1188 0.9931 1.0503
107 62 1.1673 1.0567 1.0863 1.1461 1.1735 1.1382 1.0125 1.0718
107 63 1.1478 1.0391 1.0682 1.1268 1.1536 1.1169 0.9914 1.0486
107 64 1.1704 1.0595 1.0892 1.1490 1.1762 1.1376 1.0082 1.0658
107 65 1.0883 0.9852 1.0128 1.0686 1.0942 1.0616 0.9449 1.0004
107 66 1.0918 0.9883 1.0160 1.0721 1.0978 1.0653 0.9484 1.0042
107 67 1.4646 1.3259 1.3630 1.4380 1.4723 1.4273 1.2691 1.3432
107 68 1.1832 1.0703 1.1009 1.1635 1.1928 1.1584 1.0317 1.0931
107 69 1.2684 1.1484 1.1805 1.2452 1.2746 1.2296 1.0861 1.1466
107 70 1.2796 1.1585 1.1909 1.2562 1.2858 1.2398 1.0943 1.1550
107 71 1.0941 0.9905 1.0182 1.0742 1.0999 1.0668 0.9491 1.0046
107 72 1.2660 1.1462 1.1783 1.2428 1.2721 1.2225 1.0740 1.1316
107 73 1.2957 1.1731 1.2059 1.2720 1.3020 1.2537 1.1044 1.1648
107 74 1.1746 1.0634 1.0932 1.1532 1.1806 1.1433 1.0151 1.0736
107 75 1.1234 1.0170 1.0455 1.1029 1.1291 1.0932 0.9704 1.0263
107 76 1.4570 1.3190 1.3560 1.4306 1.4648 1.4207 1.2640 1.3379
107 77 1.1698 1.0591 1.0887 1.1485 1.1758 1.1384 1.0106 1.0689
107 78 1.1103 1.0052 1.0333 1.0900 1.1159 1.0803 0.9588 1.0140
107 79 1.1291 1.0222 1.0509 1.1086 1.1348 1.0989 0.9755 1.0317
107 80 1.2672 1.1472 1.1793 1.2441 1.2738 1.2349 1.0980 1.1620
107 81 1.1420 1.0339 1.0628 1.1212 1.1479 1.1126 0.9890 1.0465
107 82 1.3723 1.2423 1.2771 1.3474 1.3795 1.3378 1.1901 1.2596
107 83 1.3621 1.2332 1.2677 1.3372 1.3688 1.3226 1.1708 1.2371
107 84 1.1611 1.0512 1.0806 1.1399 1.1668 1.1281 0.9994 1.0563
107 85 1.3225 1.1973 1.2308 1.2982 1.3288 1.2797 1.1275 1.1893
107 86 0.9497 0.8598 0.8839 0.9325 0.9547 0.9256 0.8232 0.8711
107 87 1.2154 1.1003 1.1311 1.1933 1.2217 1.1845 1.0534 1.1147
107 88 1.2631 1.1436 1.1756 1.2399 1.2691 1.2104 1.0520 1.1042
107 89 0.9656 0.8741 0.8986 0.9480 0.9705 0.9406 0.8360 0.8845
107 90 0.9991 0.9045 0.9298 0.9808 1.0040 0.9709 0.8603 0.9092
107 91 1.0985 0.9944 1.0223 1.0785 1.1043 1.0712 0.9532 1.0089
107 92 1.1064 1.0017 1.0297 1.0862 1.1120 1.0768 0.9561 1.0112
107 93 0.9660 0.8745 0.8990 0.9484 0.9710 0.9414 0.8372 0.8859
107 94 1.1763 1.0649 1.0948 1.1548 1.1822 1.1442 1.0153 1.0736
107 95 1.1755 1.0632 1.0936 1.1560 1.1851 1.1508 1.0249 1.0857
107 96 1.1619 1.0515 1.0812 1.1416 1.1695 1.1351 1.0106 1.0702
107 97 0.9989 0.9043 0.9296 0.9806 1.0039 0.9722 0.8632 0.9130
107 98 1.2059 1.0917 1.1223 1.1838 1.2117 1.1619 1.0177 1.0712
107 99 0.9902 0.8964 0.9215 0.9722 0.9954 0.9656 0.8593 0.9095
107 100 1.0258 0.9286 0.9546 1.0071 1.0310 0.9994 0.8884 0.9400
107 101 1.3101 1.1861 1.2193 1.2860 1.3161 1.2049 0.9940 1.0180
107 102 1.1411 1.0330 1.0620 1.1206 1.1475 1.1134 0.9911 1.0491
107 103 1.1523 1.0431 1.0724 1.1316 1.1587 1.1243 1.0008 1.0594
107 104 0.7239 0.6553 0.6737 0.7107 0.7277 0.7058 0.6279 0.6645
107 105 1.1862 1.0738 1.1039 1.1647 1.1925 1.1570 1.0298 1.0900
107 106 0.9456 0.8561 0.8801 0.9284 0.9506 0.9219 0.8201 0.8679
107 108 1.0249 0.9279 0.9539 1.0061 1.0299 0.9950 0.8807 0.9304
107 109 1.0291 0.9316 0.9577 1.0103 1.0343 1.0025 0.8911 0.9428
107 110 1.0258 0.9287 0.9547 1.0072 1.0312 1.0003 0.8901 0.9420
107 111 1.1750 1.0636 1.0935 1.1539 1.1816 1.1465 1.0205 1.0803
107 112 1.2541 1.1350 1.1670 1.2320 1.2619 1.2247 1.0903 1.1543
107 113 1.0553 0.9554 0.9821 1.0361 1.0608 1.0288 0.9152 0.9686
107 114 1.1765 1.0650 1.0949 1.1554 1.1831 1.1479 1.0218 1.0816
107 115 1.1497 1.0405 1.0698 1.1294 1.1569 1.1228 0.9995 1.0582
107 116 1.1555 1.0457 1.0752 1.1352 1.1629 1.1287 1.0048 1.0639
107 117 0.9842 0.8910 0.9160 0.9663 0.9894 0.9597 0.8541 0.9040
107 118 1.1686 1.0579 1.0876 1.1473 1.1744 1.1371 1.0094 1.0674
107 119 0.9475 0.8578 0.8819 0.9303 0.9524 0.9233 0.8210 0.8687
107 120 1.1816 1.0697 1.0997 1.1600 1.1873 1.1460 1.0128 1.0695
107 121 1.0320 0.9342 0.9604 1.0132 1.0373 1.0058 0.8945 0.9465
107 122 1.1115 1.0063 1.0344 1.0911 1.1168 1.0754 0.9474 0.9993
107 123 0.9413 0.8521 0.8760 0.9241 0.9460 0.9166 0.8143 0.8614
107 124 1.1253 1.0187 1.0473 1.1046 1.1307 1.0902 0.9623 1.0156
107 125 1.0839 0.9813 1.0088 1.0642 1.0896 1.0571 0.9408 0.9958
108 0 1.0449 0.9442 0.9715 1.0286 1.0556 1.0257 0.9137 0.9683
108 1 1.0794 0.9742 1.0033 1.0649 1.0948 1.0651 0.9496 1.0078
108 2 1.0189 0.9214 0.9477 1.0019 1.0271 0.9973 0.8881 0.9405
108 3 1.0435 0.9434 0.9705 1.0264 1.0526 1.0223 0.9104 0.9644
108 4 1.0373 0.9364 0.9643 1.0235 1.0521 1.0236 0.9127 0.9686
108 5 1.0036 0.9066 0.9332 0.9890 1.0156 0.9874 0.8799 0.9332
108 6 1.0438 0.9449 0.9713 1.0246 1.0489 1.0167 0.9039 0.9559
108 7 1.0908 0.9845 1.0140 1.0766 1.1070 1.0772 0.9606 1.0196
108 8 0.9715 0.8778 0.9035 0.9570 0.9824 0.9549 0.8509 0.9021
108 9 1.0727 0.9686 0.9974 1.0579 1.0870 1.0572 0.9425 0.9999
108 10 0.9104 0.8226 0.8466 0.8967 0.9204 0.8946 0.7971 0.8451
108 11 1.1265 1.0195 1.0482 1.1064 1.1331 1.0995 0.9787 1.0359
108 12 1.0179 0.9195 0.9466 1.0032 1.0303 1.0017 0.8928 0.9468
108 13 0.9834 0.8903 0.9152 0.9654 0.9884 0.9583 0.8522 0.9014
108 14 0.9595 0.8665 0.8921 0.9460 0.9718 0.9450 0.8424 0.8936
108 15 1.0557 0.9537 0.9818 1.0403 1.0681 1.0384 0.9254 0.9813
108 16 1.1058 0.9993 1.0285 1.0890 1.1176 1.0860 0.9677 1.0258
108 17 0.9805 0.8859 0.9118 0.9659 0.9915 0.9637 0.8588 0.9106
108 18 0.9385 0.8496 0.8734 0.9214 0.9433 0.9149 0.8140 0.8613
108 19 1.1275 1.0206 1.0492 1.1071 1.1337 1.0999 0.9790 1.0361
108 20 0.9317 0.8422 0.8666 0.9173 0.9412 0.9144 0.8147 0.8635
108 21 1.1763 1.0649 1.0947 1.1548 1.1822 1.1460 1.0189 1.0778
108 22 1.0721 0.9706 0.9978 1.0525 1.0775 1.0441 0.9278 0.9812
108 23 1.0562 0.9541 0.9822 1.0410 1.0691 1.0394 0.9264 0.9824
108 24 1.0713 0.9678 0.9962 1.0557 1.0840 1.0538 0.9392 0.9959
108 25 0.9284 0.8392 0.8635 0.9138 0.9375 0.9108 0.8114 0.8600
108 26 1.0747 0.9693 0.9989 1.0621 1.0932 1.0644 0.9496 1.0084
108 27 1.1153 1.0096 1.0379 1.0949 1.1210 1.0871 0.9671 1.0233
108 28 1.0834 0.9789 1.0076 1.0673 1.0956 1.0648 0.9489 1.0060
108 29 1.0051 0.9085 0.9349 0.9896 1.0154 0.9866 0.8790 0.9317
108 30 1.0511 0.9491 0.9773 1.0367 1.0652 1.0361 0.9236 0.9799
108 31 1.1404 1.0324 1.0613 1.1196 1.1463 1.1116 0.9887 1.0462
108 32 1.0776 0.9756 1.0029 1.0580 1.0832 1.0506 0.9349 0.9893
108 33 1.0559 0.9540 0.9820 1.0404 1.0682 1.0384 0.9254 0.9812
108 34 1.0657 0.9647 0.9917 1.0463 1.0712 1.0392 0.9248 0.9788
108 35 0.9190 0.8305 0.8547 0.9050 0.9288 0.9026 0.8043 0.8526
108 36 1.0366 0.9365 0.9640 1.0213 1.0486 1.0193 0.9084 0.9632
108 37 1.0473 0.9463 0.9741 1.0317 1.0590 1.0293 0.9172 0.9725
108 38 1.0013 0.9049 0.9313 0.9861 1.0121 0.9835 0.8763 0.9290
108 39 1.1139 1.0084 1.0366 1.0936 1.1196 1.0857 0.9658 1.0219
108 40 0.8695 0.7862 0.8089 0.8556 0.8774 0.8523 0.7591 0.8044
108 41 1.1613 1.0502 1.0804 1.1423 1.1712 1.1375 1.0131 1.0733
108 42 1.0520 0.9504 0.9784 1.0366 1.0642 1.0345 0.9220 0.9776
108 43 1.1115 1.0062 1.0344 1.0912 1.1172 1.0830 0.9628 1.0185
108 44 1.0869 0.9840 1.0115 1.0671 1.0924 1.0581 0.9396 0.9936
108 45 0.9351 0.8454 0.8699 0.9203 0.9440 0.9170 0.8169 0.8657
108 46 1.1675 1.0558 1.0861 1.1483 1.1773 1.1433 1.0183 1.0788
108 47 1.1059 1.0006 1.0290 1.0867 1.1133 1.0806 0.9621 1.0188
108 48 1.0478 0.9482 0.9750 1.0295 1.0546 1.0236 0.9113 0.9649
108 49 1.0140 0.9168 0.9433 0.9979 1.0234 0.9942 0.8856 0.9384
108 50 0.8587 0.7758 0.7986 0.8460 0.8686 0.8443 0.7524 0.7978
108 51 0.9137 0.8262 0.8500 0.8988 0.9216 0.8951 0.7972 0.8447
108 52 1.0623 0.9617 0.9886 1.0429 1.0677 1.0328 0.9155 0.9674
108 53 1.0435 0.9439 0.9709 1.0261 1.0518 1.0213 0.9095 0.9635
108 54 0.8574 0.7759 0.7978 0.8423 0.8627 0.8373 0.7454 0.7892
108 55 1.0201 0.9235 0.9494 1.0015 1.0252 0.9845 0.8639 0.9094
108 56 1.0224 0.9246 0.9512 1.0058 1.0313 1.0016 0.8921 0.9451
108 57 1.0436 0.9448 0.9712 1.0245 1.0488 1.0103 0.8904 0.9389
108 58 0.8920 0.8068 0.8299 0.8773 0.8994 0.8733 0.7778 0.8239
108 59 1.0838 0.9790 1.0079 1.0683 1.0971 1.0666 0.9506 1.0081
108 60 1.1098 1.0043 1.0327 1.0902 1.1167 1.0837 0.9648 1.0214
108 61 1.0328 0.9337 0.9607 1.0164 1.0425 1.0127 0.9021 0.9559
108 62 0.9794 0.8845 0.9107 0.9657 0.9921 0.9647 0.8599 0.9121
108 63 1.0719 0.9691 0.9971 1.0549 1.0820 1.0511 0.9363 0.9922
108 64 0.8233 0.7448 0.7660 0.8092 0.8292 0.8049 0.7167 0.7590
108 65 1.0178 0.9190 0.9464 1.0041 1.0318 1.0036 0.8947 0.9492
108 66 0.8018 0.7238 0.7455 0.7912 0.8132 0.7911 0.7053 0.7483
108 67 1.2462 1.1257 1.1589 1.2283 1.2614 1.2263 1.0929 1.1590
108 68 0.9908 0.8938 0.9210 0.9791 1.0075 0.9808 0.8749 0.9289
108 69 1.1161 1.0104 1.0387 1.0958 1.1219 1.0868 0.9653 1.0209
108 70 1.1298 1.0228 1.0515 1.1092 1.1356 1.0995 0.9759 1.0319
108 71 1.0176 0.9189 0.9462 1.0034 1.0309 1.0025 0.8936 0.9478
108 72 1.0949 0.9912 1.0190 1.0750 1.1005 1.0619 0.9381 0.9902
108 73 1.1017 0.9974 1.0253 1.0817 1.1074 1.0707 0.9485 1.0022
108 74 0.7246 0.6550 0.6740 0.7133 0.7317 0.7109 0.6333 0.6712
108 75 0.7749 0.7005 0.7208 0.7626 0.7822 0.7599 0.6769 0.7173
108 76 1.2478 1.1268 1.1603 1.2305 1.2642 1.2294 1.0959 1.1624
108 77 1.2001 1.0849 1.1163 1.1811 1.2116 1.1770 1.0485 1.1111
108 78 0.9958 0.9003 0.9263 0.9799 1.0051 0.9763 0.8697 0.9216
108 79 1.0146 0.9172 0.9438 0.9986 1.0244 0.9951 0.8865 0.9395
108 80 0.8964 0.8097 0.8336 0.8836 0.9074 0.8821 0.7862 0.8337
108 81 1.0329 0.9332 0.9606 1.0178 1.0450 1.0158 0.9053 0.9599
108 82 0.8830 0.7974 0.8210 0.8706 0.8943 0.8696 0.7751 0.8222
108 83 1.1975 1.0840 1.1144 1.1759 1.2040 1.1682 1.0398 1.1007
108 84 1.0499 0.9501 0.9770 1.0316 1.0568 1.0258 0.9133 0.9670
108 85 1.1310 1.0239 1.0525 1.1104 1.1368 1.0993 0.9740 1.0293
108 86 0.8186 0.7394 0.7612 0.8069 0.8288 0.8058 0.7182 0.7616
108 87 1.0787 0.9743 1.0031 1.0634 1.0921 1.0618 0.9464 1.0037
108 88 1.0742 0.9724 0.9997 1.0546 1.0796 1.0337 0.9033 0.9499
108 89 1.0614 0.9589 0.9871 1.0458 1.0737 1.0436 0.9300 0.9861
108 90 0.9722 0.8797 0.9046 0.9555 0.9790 0.9503 0.8461 0.8960
108 91 0.9223 0.8328 0.8576 0.9097 0.9347 0.9091 0.8104 0.8596
108 92 0.7138 0.6452 0.6640 0.7027 0.7209 0.7004 0.6239 0.6613
108 93 0.9183 0.8294 0.8539 0.9052 0.9297 0.9040 0.8057 0.8544
108 94 1.0558 0.9547 0.9822 1.0387 1.0652 1.0346 0.9215 0.9764
108 95 1.0372 0.9355 0.9641 1.0250 1.0549 1.0270 0.9160 0.9725
108 96 1.0298 0.9294 0.9574 1.0167 1.0456 1.0174 0.9072 0.9628
108 97 0.6978 0.6307 0.6490 0.6869 0.7048 0.6848 0.6100 0.6466
108 98 1.1155 1.0099 1.0382 1.0952 1.1213 1.0796 0.9509 1.0029
108 99 0.7873 0.7109 0.7321 0.7766 0.7980 0.7761 0.6919 0.7339
108 100 0.9650 0.8718 0.8974 0.9510 0.9765 0.9493 0.8460 0.8971
108 101 1.1317 1.0246 1.0533 1.1111 1.1374 1.0416 0.8594 0.8807
108 102 1.0331 0.9325 0.9605 1.0194 1.0479 1.0194 0.9088 0.9641
108 103 1.0311 0.9308 0.9587 1.0175 1.0459 1.0174 0.9070 0.9622
108 104 0.8426 0.7608 0.7835 0.8310 0.8538 0.8303 0.7401 0.7850
108 105 1.0339 0.9333 0.9613 1.0201 1.0484 1.0198 0.9091 0.9644
108 106 0.9269 0.8370 0.8619 0.9141 0.9391 0.9132 0.8140 0.8633
108 107 0.9140 0.8252 0.8498 0.9019 0.9269 0.9016 0.8038 0.8527
108 109 0.9691 0.8755 0.9013 0.9550 0.9806 0.9532 0.8495 0.9007
108 110 0.9513 0.8589 0.8845 0.9383 0.9642 0.9378 0.8359 0.8867
108 111 1.0396 0.9384 0.9665 1.0259 1.0546 1.0259 0.9146 0.9703
108 112 1.0850 0.9792 1.0087 1.0711 1.1014 1.0716 0.9555 1.0138
108 113 0.9920 0.8958 0.9224 0.9783 1.0051 0.9774 0.8712 0.9240
108 114 1.0249 0.9252 0.9529 1.0114 1.0397 1.0114 0.9017 0.9566
108 115 1.0466 0.9446 0.9730 1.0333 1.0625 1.0338 0.9218 0.9781
108 116 1.0207 0.9211 0.9489 1.0078 1.0363 1.0084 0.8991 0.9541
108 117 0.8813 0.7957 0.8194 0.8693 0.8934 0.8689 0.7746 0.8217
108 118 1.0879 0.9835 1.0120 1.0708 1.0985 1.0672 0.9507 1.0075
108 119 0.9430 0.8518 0.8769 0.9296 0.9547 0.9282 0.8272 0.8772
108 120 1.1300 1.0230 1.0516 1.1095 1.1360 1.1011 0.9787 1.0355
108 121 0.9799 0.8850 0.9112 0.9661 0.9924 0.9650 0.8601 0.9122
108 122 1.0683 0.9672 0.9942 1.0489 1.0740 1.0385 0.9201 0.9725
108 123 0.9394 0.8489 0.8737 0.9254 0.9499 0.9232 0.8226 0.8721
108 124 1.0818 0.9794 1.0068 1.0622 1.0876 1.0531 0.9348 0.9886
108 125 1.0140 0.9154 0.9428 1.0004 1.0282 1.0001 0.8915 0.9458
109 0 1.1410 1.0327 1.0615 1.1200 1.1469 1.1123 0.9893 1.0473
109 1 0.9362 0.8468 0.8709 0.9204 0.9436 0.9166 0.8164 0.8654
109 2 1.1125 1.0070 1.0351 1.0921 1.1181 1.0832 0.9621 1.0178
109 3 1.1332 1.0258 1.0544 1.1124 1.1390 1.1038 0.9808 1.0378
109 4 1.1388 1.0302 1.0594 1.1196 1.1478 1.1149 0.9931 1.0526
109 5 0.9270 0.8391 0.8626 0.9102 0.9321 0.9047 0.8055 0.8532
109 6 0.9011 0.8158 0.8386 0.8846 0.9055 0.8752 0.7749 0.8186
109 7 1.1681 1.0565 1.0866 1.1487 1.1779 1.1443 1.0195 1.0807
109 8 1.0953 0.9915 1.0192 1.0754 1.1012 1.0684 0.9509 1.0069
109 9 0.9149 0.8278 0.8512 0.8990 0.9212 0.8944 0.7966 0.8440
109 10 1.0672 0.9661 0.9931 1.0478 1.0729 1.0408 0.9263 0.9808
109 11 0.9314 0.8431 0.8667 0.9143 0.9360 0.9057 0.8032 0.8492
109 12 1.0583 0.9580 0.9848 1.0393 1.0644 1.0331 0.9199 0.9743
109 13 1.0975 0.9936 1.0214 1.0774 1.1029 1.0662 0.9443 0.9978
109 14 1.0985 0.9941 1.0221 1.0791 1.1055 1.0732 0.9557 1.0125
109 15 0.8811 0.7977 0.8200 0.8652 0.8859 0.8597 0.7654 0.8106
109 16 1.1752 1.0638 1.0936 1.1538 1.1814 1.1458 1.0194 1.0793
109 17 1.0412 0.9426 0.9690 1.0224 1.0468 1.0156 0.9039 0.9572
109 18 0.8859 0.8020 0.8244 0.8696 0.8902 0.8609 0.7628 0.8062
109 19 0.9012 0.8158 0.8386 0.8847 0.9056 0.8761 0.7767 0.8211
109 20 1.0987 0.9946 1.0225 1.0787 1.1045 1.0709 0.9524 1.0082
109 21 1.2105 1.0958 1.1265 1.1883 1.2164 1.1756 1.0410 1.0998
109 22 0.9359 0.8473 0.8710 0.9188 0.9405 0.9086 0.8041 0.8494
109 23 1.1048 1.0000 1.0281 1.0849 1.1111 1.0783 0.9601 1.0168
109 24 1.0219 0.9251 0.9510 1.0034 1.0274 0.9971 0.8877 0.9401
109 25 0.9053 0.8196 0.8425 0.8889 0.9100 0.8823 0.7845 0.8303
109 26 0.8784 0.7940 0.8170 0.8649 0.8878 0.8629 0.7690 0.8156
109 27 1.1415 1.0334 1.0623 1.1206 1.1471 1.1091 0.9826 1.0385
109 28 1.1723 1.0613 1.0910 1.1511 1.1786 1.1434 1.0175 1.0774
109 29 1.0640 0.9633 0.9902 1.0447 1.0696 1.0371 0.9224 0.9764
109 30 0.8257 0.7471 0.7683 0.8114 0.8314 0.8072 0.7189 0.7616
109 31 1.1401 1.0322 1.0611 1.1193 1.1458 1.1077 0.9812 1.0370
109 32 1.1697 1.0589 1.0885 1.1483 1.1754 1.1367 1.0073 1.0646
109 33 1.0041 0.9089 0.9344 0.9858 1.0094 0.9794 0.8719 0.9232
109 34 1.1823 1.0703 1.1003 1.1606 1.1881 1.1491 1.0185 1.0766
109 35 1.0697 0.9684 0.9955 1.0502 1.0753 1.0429 0.9278 0.9822
109 36 0.8438 0.7638 0.7852 0.8285 0.8483 0.8230 0.7326 0.7757
109 37 0.8432 0.7634 0.7847 0.8279 0.8477 0.8223 0.7318 0.7748
109 38 0.9492 0.8593 0.8834 0.9320 0.9542 0.9255 0.8233 0.8716
109 39 1.2066 1.0923 1.1229 1.1845 1.2125 1.1722 1.0384 1.0974
109 40 1.1113 1.0060 1.0342 1.0910 1.1170 1.0824 0.9620 1.0179
109 41 0.9824 0.8894 0.9143 0.9645 0.9874 0.9566 0.8498 0.8991
109 42 0.8689 0.7866 0.8086 0.8531 0.8735 0.8476 0.7545 0.7989
109 43 1.1124 1.0070 1.0352 1.0920 1.1178 1.0802 0.9564 1.0105
109 44 1.0808 0.9784 1.0058 1.0610 1.0861 1.0487 0.9274 0.9794
109 45 1.0177 0.9213 0.9471 0.9992 1.0229 0.9915 0.8813 0.9327
109 46 0.9947 0.9005 0.9257 0.9765 0.9997 0.9685 0.8603 0.9102
109 47 1.2040 1.0900 1.1205 1.1820 1.2100 1.1712 1.0392 1.0990
109 48 0.7529 0.6816 0.7007 0.7391 0.7566 0.7323 0.6497 0.6870
109 49 0.8777 0.7945 0.8168 0.8617 0.8821 0.8549 0.7599 0.8041
109 50 1.1062 1.0015 1.0295 1.0861 1.1121 1.0789 0.9603 1.0167
109 51 1.0240 0.9270 0.9529 1.0053 1.0291 0.9971 0.8859 0.9372
109 52 1.0577 0.9575 0.9843 1.0383 1.0628 1.0248 0.9046 0.9547
109 53 0.9777 0.8851 0.9099 0.9598 0.9826 0.9516 0.8451 0.8939
109 54 1.0859 0.9830 1.0106 1.0660 1.0912 1.0560 0.9366 0.9903
109 55 1.0993 0.9952 1.0231 1.0791 1.1045 1.0575 0.9241 0.9715
109 56 0.9546 0.8642 0.8884 0.9372 0.9594 0.9295 0.8258 0.8736
109 57 1.0834 0.9808 1.0083 1.0635 1.0886 1.0454 0.9175 0.9662
109 58 0.9415 0.8524 0.8762 0.9243 0.9463 0.9166 0.8141 0.8611
109 59 1.0367 0.9384 0.9648 1.0181 1.0426 1.0118 0.9008 0.9538
109 60 1.1761 1.0647 1.0945 1.1546 1.1819 1.1437 1.0144 1.0725
109 61 0.8864 0.8025 0.8249 0.8703 0.8909 0.8635 0.7675 0.8121
109 62 1.0128 0.9166 0.9424 0.9950 1.0192 0.9893 0.8808 0.9328
109 63 0.9967 0.9023 0.9276 0.9785 1.0017 0.9709 0.8629 0.9131
109 64 1.0495 0.9501 0.9767 1.0303 1.0547 1.0211 0.9062 0.9584
109 65 0.9469 0.8568 0.8811 0.9307 0.9537 0.9259 0.8245 0.8734
109 66 1.0218 0.9244 0.9507 1.0045 1.0295 0.9996 0.8902 0.9431
109 67 1.1255 1.0188 1.0474 1.1052 1.1317 1.0982 0.9776 1.0351
109 68 0.8132 0.7351 0.7564 0.8006 0.8215 0.7982 0.7112 0.7539
109 69 1.0688 0.9676 0.9947 1.0492 1.0740 1.0371 0.9173 0.9689
109 70 1.1786 1.0670 1.0969 1.1570 1.1843 1.1431 1.0103 1.0668
109 71 0.9884 0.8944 0.9197 0.9710 0.9947 0.9655 0.8597 0.9104
109 72 1.1555 1.0461 1.0754 1.1343 1.1610 1.1168 0.9825 1.0356
109 73 1.1653 1.0549 1.0845 1.1439 1.1709 1.1286 0.9956 1.0505
109 74 1.0517 0.9521 0.9788 1.0325 1.0571 1.0247 0.9110 0.9640
109 75 1.0426 0.9439 0.9703 1.0236 1.0479 1.0156 0.9027 0.9551
109 76 1.1388 1.0305 1.0597 1.1189 1.1462 1.1125 0.9906 1.0490
109 77 0.9619 0.8708 0.8952 0.9443 0.9667 0.9370 0.8329 0.8813
109 78 0.8697 0.7873 0.8094 0.8538 0.8741 0.8471 0.7529 0.7966
109 79 0.6891 0.6238 0.6413 0.6765 0.6926 0.6713 0.5967 0.6314
109 80 1.0483 0.9489 0.9756 1.0294 1.0541 1.0229 0.9106 0.9641
109 81 0.9861 0.8927 0.9177 0.9682 0.9913 0.9617 0.8560 0.9062
109 82 1.1107 1.0052 1.0336 1.0912 1.1176 1.0847 0.9658 1.0227
109 83 1.1015 0.9972 1.0251 1.0813 1.1069 1.0706 0.9490 1.0031
109 84 0.9997 0.9051 0.9304 0.9814 1.0047 0.9723 0.8626 0.9120
109 85 1.1855 1.0733 1.1033 1.1638 1.1912 1.1483 1.0131 1.0691
109 86 0.9979 0.9032 0.9286 0.9801 1.0037 0.9740 0.8671 0.9181
109 87 1.0134 0.9173 0.9431 0.9953 1.0193 0.9891 0.8806 0.9323
109 88 1.1632 1.0531 1.0825 1.1418 1.1687 1.1156 0.9709 1.0195
109 89 0.9523 0.8621 0.8862 0.9349 0.9572 0.9286 0.8265 0.8748
109 90 0.8699 0.7875 0.8096 0.8540 0.8742 0.8462 0.7508 0.7939
109 91 0.9949 0.9002 0.9257 0.9777 1.0017 0.9723 0.8657 0.9168
109 92 1.0337 0.9358 0.9620 1.0148 1.0389 1.0071 0.8953 0.9474
109 93 0.9278 0.8398 0.8634 0.9112 0.9332 0.9055 0.8062 0.8535
109 94 1.0083 0.9128 0.9384 0.9899 1.0133 0.9818 0.8723 0.9228
109 95 0.8760 0.7918 0.8148 0.8625 0.8850 0.8599 0.7661 0.8120
109 96 0.8584 0.7763 0.7986 0.8443 0.8657 0.8408 0.7488 0.7934
109 97 1.0174 0.9211 0.9469 0.9989 1.0226 0.9913 0.8814 0.9326
109 98 1.2059 1.0918 1.1224 1.1838 1.2117 1.1631 1.0201 1.0742
109 99 1.1323 1.0246 1.0536 1.1128 1.1401 1.1067 0.9854 1.0436
109 100 0.8737 0.7909 0.8131 0.8578 0.8783 0.8521 0.7585 0.8030
109 101 1.2649 1.1452 1.1772 1.2417 1.2708 1.1634 0.9598 0.9831
109 102 0.6827 0.6175 0.6352 0.6712 0.6879 0.6678 0.5947 0.6299
109 103 0.8578 0.7760 0.7981 0.8433 0.8643 0.8391 0.7472 0.7914
109 104 1.0570 0.9565 0.9836 1.0386 1.0640 1.0327 0.9194 0.9736
109 105 0.8994 0.8137 0.8368 0.8841 0.9060 0.8795 0.7832 0.8294
109 106 0.9031 0.8173 0.8404 0.8873 0.9089 0.8822 0.7854 0.8316
109 107 1.1283 1.0208 1.0498 1.1091 1.1366 1.1034 0.9825 1.0405
109 108 1.1246 1.0181 1.0466 1.1040 1.1301 1.0930 0.9687 1.0238
109 110 1.0985 0.9939 1.0221 1.0795 1.1060 1.0736 0.9559 1.0122
109 111 0.9750 0.8820 0.9071 0.9586 0.9824 0.9538 0.8494 0.8996
109 112 0.6974 0.6307 0.6488 0.6859 0.7032 0.6828 0.6081 0.6442
109 113 0.9037 0.8178 0.8409 0.8879 0.9095 0.8827 0.7859 0.8322
109 114 1.0702 0.9681 0.9957 1.0521 1.0783 1.0469 0.9323 0.9874
109 115 0.5607 0.5071 0.5216 0.5514 0.5653 0.5490 0.4889 0.5179
109 116 1.0134 0.9165 0.9428 0.9968 1.0220 0.9925 0.8840 0.9364
109 117 0.9038 0.8177 0.8409 0.8882 0.9101 0.8834 0.7866 0.8330
109 118 0.7425 0.6722 0.6911 0.7290 0.7463 0.7233 0.6430 0.6803
109 119 0.9492 0.8592 0.8833 0.9322 0.9545 0.9262 0.8245 0.8728
109 120 1.1952 1.0820 1.1123 1.1733 1.2010 1.1603 1.0269 1.0849
109 121 0.9505 0.8602 0.8845 0.9336 0.9562 0.9279 0.8261 0.8746
109 122 1.1327 1.0255 1.0542 1.1119 1.1382 1.0971 0.9678 1.0213
109 123 0.9306 0.8425 0.8661 0.9136 0.9353 0.9071 0.8071 0.8541
109 124 1.1444 1.0360 1.0651 1.1234 1.1499 1.1099 0.9810 1.0359
109 125 0.9459 0.8558 0.8801 0.9297 0.9527 0.9248 0.8235 0.8721
110 0 1.2789 1.1575 1.1897 1.2553 1.2855 1.2458 1.1069 1.1715
110 1 1.3276 1.2014 1.2351 1.3039 1.3360 1.2971 1.1551 1.2240
110 2 1.2304 1.1137 1.1448 1.2078 1.2366 1.1971 1.0621 1.1233
110 3 1.2687 1.1485 1.1806 1.2455 1.2752 1.2348 1.0962 1.1596
110 4 1.3125 1.1878 1.2212 1.2891 1.3207 1.2822 1.1419 1.2100
110 5 1.1708 1.0598 1.0894 1.1495 1.1772 1.1417 1.0155 1.0753
110 6 1.2355 1.1185 1.1497 1.2128 1.2415 1.1990 1.0605 1.1201
110 7 1.3436 1.2159 1.2502 1.3202 1.3528 1.3136 1.1700 1.2399
110 8 1.2333 1.1164 1.1477 1.2109 1.2399 1.2021 1.0688 1.1315
110 9 1.2091 1.0945 1.1251 1.1872 1.2159 1.1800 1.0505 1.1127
110 10 1.1956 1.0823 1.1126 1.1739 1.2020 1.1652 1.0359 1.0966
110 11 1.1468 1.0382 1.0672 1.1258 1.1525 1.1144 0.9873 1.0435
110 12 1.1856 1.0732 1.1033 1.1641 1.1920 1.1562 1.0285 1.0891
110 13 1.2221 1.1064 1.1373 1.1997 1.2281 1.1863 1.0496 1.1087
110 14 1.2650 1.1452 1.1772 1.2422 1.2721 1.2342 1.0984 1.1632
110 15 1.0938 0.9902 1.0179 1.0740 1.0997 1.0664 0.9485 1.0042
110 16 1.3288 1.2029 1.2366 1.3046 1.3358 1.2946 1.1506 1.2178
110 17 1.1703 1.0594 1.0891 1.1491 1.1766 1.1406 1.0141 1.0736
110 18 1.0080 0.9126 0.9381 0.9896 1.0130 0.9788 0.8664 0.9155
110 19 1.1239 1.0174 1.0459 1.1033 1.1294 1.0918 0.9669 1.0219
110 20 1.2759 1.1551 1.1874 1.2527 1.2826 1.2427 1.1041 1.1683
110 21 1.3623 1.2333 1.2678 1.3374 1.3690 1.3221 1.1694 1.2352
110 22 1.2512 1.1327 1.1644 1.2282 1.2573 1.2137 1.0730 1.1331
110 23 1.3092 1.1851 1.2183 1.2854 1.3162 1.2766 1.1356 1.2023
110 24 1.0227 0.9258 0.9517 1.0042 1.0282 0.9970 0.8868 0.9388
110 25 1.0842 0.9815 1.0089 1.0644 1.0898 1.0557 0.9378 0.9922
110 26 1.1232 1.0158 1.0449 1.1050 1.1333 1.1011 0.9811 1.0401
110 27 1.2645 1.1448 1.1768 1.2414 1.2708 1.2277 1.0866 1.1480
110 28 1.3330 1.2068 1.2405 1.3088 1.3401 1.2991 1.1549 1.2224
110 29 1.2472 1.1291 1.1607 1.2245 1.2537 1.2147 1.0792 1.1420
110 30 1.0885 0.9854 1.0130 1.0688 1.0945 1.0622 0.9456 1.0014
110 31 1.3190 1.1941 1.2275 1.2949 1.3255 1.2805 1.1331 1.1971
110 32 1.2570 1.1380 1.1699 1.2340 1.2632 1.2207 1.0805 1.1417
110 33 0.9998 0.9051 0.9304 0.9816 1.0051 0.9745 0.8666 0.9173
110 34 1.2479 1.1297 1.1613 1.2250 1.2540 1.2119 1.0730 1.1339
110 35 1.2285 1.1122 1.1433 1.2062 1.2350 1.1969 1.0637 1.1257
110 36 1.0905 0.9873 1.0149 1.0708 1.0963 1.0629 0.9452 1.0005
110 37 1.0808 0.9785 1.0059 1.0612 1.0865 1.0532 0.9363 0.9910
110 38 0.9269 0.8391 0.8626 0.9101 0.9318 0.9030 0.8025 0.8493
110 39 1.2708 1.1505 1.1827 1.2475 1.2770 1.2336 1.0917 1.1533
110 40 1.2846 1.1629 1.1955 1.2612 1.2911 1.2502 1.1099 1.1741
110 41 1.3498 1.2220 1.2562 1.3252 1.3566 1.3133 1.1655 1.2327
110 42 1.0593 0.9590 0.9858 1.0401 1.0649 1.0325 0.9181 0.9718
110 43 1.2201 1.1046 1.1355 1.1978 1.2261 1.1839 1.0471 1.1059
110 44 1.2418 1.1242 1.1557 1.2190 1.2478 1.2040 1.0636 1.1229
110 45 1.1611 1.0512 1.0806 1.1400 1.1671 1.1303 1.0037 1.0618
110 46 1.3482 1.2205 1.2547 1.3236 1.3550 1.3116 1.1639 1.2309
110 47 1.2809 1.1596 1.1921 1.2575 1.2873 1.2451 1.1036 1.1666
110 48 1.0167 0.9205 0.9462 0.9982 1.0218 0.9882 0.8757 0.9257
110 49 1.0690 0.9677 0.9948 1.0495 1.0744 1.0404 0.9238 0.9772
110 50 1.1551 1.0457 1.0750 1.1341 1.1611 1.1257 1.0009 1.0593
110 51 1.1480 1.0393 1.0684 1.1271 1.1538 1.1170 0.9913 1.0485
110 52 1.2136 1.0987 1.1295 1.1914 1.2195 1.1750 1.0361 1.0931
110 53 0.9627 0.8715 0.8959 0.9451 0.9675 0.9363 0.8306 0.8783
110 54 1.2287 1.1124 1.1435 1.2063 1.2348 1.1940 1.0579 1.1182
110 55 1.1876 1.0752 1.1053 1.1658 1.1933 1.1416 0.9966 1.0473
110 56 0.9290 0.8410 0.8646 0.9121 0.9337 0.9039 0.8022 0.8484
110 57 1.2072 1.0929 1.1235 1.1850 1.2129 1.1639 1.0205 1.0742
110 58 1.0362 0.9381 0.9644 1.0173 1.0414 1.0079 0.8942 0.9456
110 59 1.2487 1.1305 1.1621 1.2261 1.2553 1.2174 1.0829 1.1462
110 60 1.3125 1.1882 1.2215 1.2885 1.3189 1.2753 1.1300 1.1943
110 61 1.0883 0.9853 1.0129 1.0685 1.0938 1.0593 0.9406 0.9949
110 62 1.1867 1.0743 1.1044 1.1651 1.1930 1.1573 1.0298 1.0902
110 63 0.9871 0.8936 0.9186 0.9691 0.9921 0.9607 0.8530 0.9023
110 64 1.1965 1.0832 1.1135 1.1746 1.2024 1.1632 1.0313 1.0902
110 65 0.9191 0.8320 0.8554 0.9026 0.9242 0.8969 0.7984 0.8454
110 66 1.1226 1.0161 1.0447 1.1026 1.1293 1.0960 0.9758 1.0333
110 67 1.4329 1.2972 1.3335 1.4069 1.4404 1.3968 1.2423 1.3149
110 68 1.1206 1.0135 1.0425 1.1021 1.1301 1.0976 0.9777 1.0359
110 69 1.2643 1.1446 1.1766 1.2411 1.2704 1.2258 1.0830 1.1435
110 70 1.2683 1.1482 1.1804 1.2450 1.2744 1.2291 1.0852 1.1454
110 71 0.9784 0.8857 0.9105 0.9606 0.9836 0.9542 0.8491 0.8989
110 72 1.2616 1.1422 1.1742 1.2385 1.2677 1.2185 1.0708 1.1283
110 73 1.2869 1.1651 1.1977 1.2634 1.2931 1.2454 1.0975 1.1576
110 74 1.1993 1.0858 1.1162 1.1775 1.2054 1.1676 1.0369 1.0969
110 75 1.1625 1.0524 1.0819 1.1413 1.1683 1.1314 1.0046 1.0626
110 76 1.4279 1.2927 1.3289 1.4020 1.4355 1.3926 1.2393 1.3119
110 77 1.1381 1.0304 1.0592 1.1174 1.1439 1.1078 0.9837 1.0405
110 78 1.0300 0.9325 0.9586 1.0112 1.0352 1.0024 0.8900 0.9413
110 79 1.0642 0.9634 0.9904 1.0448 1.0695 1.0358 0.9198 0.9729
110 80 1.2718 1.1513 1.1836 1.2486 1.2784 1.2396 1.1025 1.1669
110 81 1.1729 1.0619 1.0916 1.1516 1.1790 1.1430 1.0162 1.0754
110 82 1.2457 1.1278 1.1593 1.2231 1.2523 1.2147 1.0808 1.1441
110 83 1.3469 1.2193 1.2535 1.3222 1.3534 1.3081 1.1582 1.2239
110 84 1.1967 1.0834 1.1138 1.1748 1.2026 1.1629 1.0306 1.0893
110 85 1.3104 1.1864 1.2196 1.2864 1.3167 1.2683 1.1178 1.1791
110 86 1.0525 0.9528 0.9795 1.0334 1.0580 1.0260 0.9127 0.9660
110 87 1.2511 1.1327 1.1644 1.2284 1.2577 1.2196 1.0849 1.1482
110 88 1.2596 1.1404 1.1723 1.2365 1.2656 1.2073 1.0496 1.1017
110 89 0.9085 0.8225 0.8455 0.8920 0.9132 0.8852 0.7870 0.8327
110 90 0.8161 0.7388 0.7595 0.8012 0.8201 0.7932 0.7031 0.7431
110 91 1.1220 1.0157 1.0442 1.1016 1.1279 1.0943 0.9741 1.0311
110 92 1.1508 1.0418 1.0710 1.1298 1.1566 1.1202 0.9949 1.0524
110 93 0.9925 0.8985 0.9237 0.9744 0.9976 0.9675 0.8606 0.9108
110 94 1.2124 1.0976 1.1283 1.1902 1.2184 1.1796 1.0469 1.1071
110 95 1.1032 0.9977 1.0263 1.0851 1.1127 1.0806 0.9625 1.0197
110 96 1.0896 0.9859 1.0139 1.0708 1.0972 1.0650 0.9483 1.0043
110 97 1.0830 0.9804 1.0079 1.0632 1.0884 1.0543 0.9364 0.9905
110 98 1.2084 1.0940 1.1247 1.1863 1.2142 1.1645 1.0203 1.0740
110 99 1.1201 1.0140 1.0424 1.0998 1.1260 1.0925 0.9725 1.0295
110 100 0.9218 0.8345 0.8579 0.9050 0.9265 0.8983 0.7988 0.8452
110 101 1.3005 1.1774 1.2104 1.2766 1.3066 1.1961 0.9867 1.0104
110 102 1.0843 0.9814 1.0091 1.0651 1.0909 1.0586 0.9424 0.9977
110 103 1.0381 0.9396 0.9661 1.0197 1.0443 1.0134 0.9022 0.9551
110 104 0.8250 0.7468 0.7678 0.8100 0.8293 0.8045 0.7160 0.7578
110 105 1.1016 0.9972 1.0252 1.0819 1.1080 1.0751 0.9570 1.0131
110 106 0.8017 0.7258 0.7461 0.7872 0.8059 0.7817 0.6956 0.7362
110 107 0.9728 0.8805 0.9053 0.9553 0.9783 0.9493 0.8451 0.8946
110 108 1.0982 0.9942 1.0221 1.0781 1.1036 1.0664 0.9441 0.9975
110 109 0.9858 0.8925 0.9175 0.9679 0.9909 0.9606 0.8541 0.9037
110 111 1.0552 0.9551 0.9820 1.0365 1.0616 1.0302 0.9171 0.9709
110 112 1.1796 1.0674 1.0976 1.1590 1.1874 1.1525 1.0261 1.0865
110 113 0.9712 0.8792 0.9039 0.9536 0.9763 0.9470 0.8427 0.8919
110 114 0.8251 0.7468 0.7679 0.8105 0.8301 0.8055 0.7171 0.7591
110 115 1.0999 0.9953 1.0234 1.0808 1.1072 1.0747 0.9568 1.0132
110 116 0.7337 0.6639 0.6828 0.7211 0.7388 0.7171 0.6385 0.6761
110 117 0.6190 0.5604 0.5761 0.6078 0.6223 0.6038 0.5375 0.5689
110 118 1.1156 1.0100 1.0383 1.0952 1.1212 1.0858 0.9641 1.0196
110 119 0.6419 0.5811 0.5974 0.6302 0.6452 0.6256 0.5564 0.5888
110 120 1.2419 1.1244 1.1559 1.2192 1.2480 1.2047 1.0651 1.1248
110 121 0.8441 0.7642 0.7856 0.8288 0.8485 0.8229 0.7321 0.7747
110 122 1.1665 1.0561 1.0857 1.1451 1.1721 1.1289 0.9948 1.0494
110 123 0.8444 0.7644 0.7859 0.8290 0.8487 0.8224 0.7309 0.7732
110 124 1.1794 1.0677 1.0976 1.1578 1.1850 1.1429 1.0090 1.0651
110 125 0.9768 0.8842 0.9091 0.9593 0.9823 0.9531 0.8484 0.8980
111 0 1.3046 1.1808 1.2137 1.2806 1.3114 1.2705 1.1283 1.1940
111 1 1.3504 1.2223 1.2564 1.3260 1.3583 1.3185 1.1739 1.2437
111 2 1.2572 1.1380 1.1697 1.2340 1.2635 1.2227 1.0843 1.1467
111 3 1.2936 1.1710 1.2037 1.2699 1.3002 1.2586 1.1167 1.1812
111 4 1.3380 1.2111 1.2450 1.3138 1.3457 1.3062 1.1630 1.2321
111 5 1.2060 1.0917 1.1222 1.1841 1.2126 1.1756 1.0452 1.1066
111 6 1.0385 0.9401 0.9664 1.0194 1.0435 1.0074 0.8907 0.9405
111 7 1.3652 1.2357 1.2703 1.3408 1.3735 1.3335 1.1876 1.2583
111 8 1.2641 1.1443 1.1763 1.2411 1.2709 1.2317 1.0946 1.1586
111 9 1.1015 0.9971 1.0250 1.0816 1.1077 1.0746 0.9562 1.0127
111 10 1.2311 1.1144 1.1456 1.2087 1.2376 1.1993 1.0657 1.1280
111 11 1.1086 1.0036 1.0316 1.0883 1.1141 1.0768 0.9536 1.0078
111 12 1.2221 1.1063 1.1373 1.2000 1.2288 1.1914 1.0594 1.1216
111 13 1.2516 1.1331 1.1648 1.2287 1.2577 1.2145 1.0740 1.1344
111 14 1.2969 1.1740 1.2069 1.2735 1.3041 1.2648 1.1252 1.1914
111 15 1.0476 0.9484 0.9749 1.0286 1.0533 1.0210 0.9077 0.9608
111 16 1.3480 1.2203 1.2545 1.3235 1.3552 1.3129 1.1663 1.2342
111 17 1.2117 1.0969 1.1276 1.1897 1.2182 1.1806 1.0492 1.1105
111 18 0.9033 0.8178 0.8406 0.8868 0.9077 0.8768 0.7758 0.8196
111 19 1.0801 0.9778 1.0052 1.0603 1.0854 1.0489 0.9285 0.9811
111 20 1.3090 1.1851 1.2182 1.2852 1.3159 1.2745 1.1318 1.1975
111 21 1.1823 1.0703 1.1003 1.1606 1.1881 1.1470 1.0140 1.0709
111 22 1.0869 0.9840 1.0115 1.0670 1.0922 1.0540 0.9313 0.9833
111 23 1.3415 1.2144 1.2484 1.3172 1.3488 1.3077 1.1627 1.2309
111 24 1.0842 0.9815 1.0089 1.0645 1.0900 1.0566 0.9393 0.9943
111 25 1.1272 1.0204 1.0490 1.1067 1.1330 1.0973 0.9742 1.0306
111 26 1.0786 0.9757 1.0035 1.0607 1.0875 1.0564 0.9411 0.9976
111 27 1.2866 1.1647 1.1973 1.2630 1.2929 1.2487 1.1046 1.1669
111 28 1.3529 1.2248 1.2591 1.3284 1.3601 1.3180 1.1712 1.2395
111 29 1.2893 1.1672 1.1999 1.2659 1.2960 1.2553 1.1147 1.1794
111 30 1.0426 0.9439 0.9703 1.0238 1.0484 1.0170 0.9050 0.9583
111 31 1.1342 1.0268 1.0556 1.1135 1.1398 1.1007 0.9736 1.0284
111 32 1.2504 1.1320 1.1636 1.2275 1.2565 1.2137 1.0739 1.1345
111 33 1.0654 0.9645 0.9915 1.0461 1.0711 1.0381 0.9227 0.9766
111 34 1.2639 1.1442 1.1762 1.2408 1.2701 1.2270 1.0859 1.1473
111 35 1.2669 1.1469 1.1791 1.2439 1.2736 1.2338 1.0960 1.1597
111 36 1.0335 0.9356 0.9618 1.0148 1.0390 1.0070 0.8950 0.9472
111 37 1.0388 0.9404 0.9668 1.0199 1.0443 1.0119 0.8991 0.9515
111 38 0.9963 0.9019 0.9272 0.9782 1.0015 0.9702 0.8618 0.9119
111 39 1.1953 1.0822 1.1124 1.1735 1.2012 1.1600 1.0260 1.0838
111 40 1.3149 1.1904 1.2237 1.2909 1.3216 1.2793 1.1352 1.2006
111 41 1.1750 1.0637 1.0935 1.1535 1.1809 1.1428 1.0137 1.0720
111 42 1.0085 0.9130 0.9386 0.9902 1.0139 0.9826 0.8733 0.9243
111 43 1.2444 1.1266 1.1582 1.2217 1.2505 1.2071 1.0670 1.1269
111 44 1.1064 1.0016 1.0297 1.0861 1.1117 1.0723 0.9468 0.9995
111 45 1.2127 1.0979 1.1286 1.1906 1.2189 1.1801 1.0474 1.1079
111 46 1.1810 1.0691 1.0991 1.1594 1.1869 1.1486 1.0187 1.0772
111 47 1.2999 1.1769 1.2098 1.2762 1.3064 1.2631 1.1190 1.1828
111 48 0.9346 0.8461 0.8698 0.9175 0.9393 0.9080 0.8043 0.8501
111 49 1.0232 0.9263 0.9522 1.0045 1.0284 0.9956 0.8835 0.9344
111 50 1.1990 1.0854 1.1158 1.1772 1.2053 1.1680 1.0381 1.0985
111 51 1.1940 1.0810 1.1112 1.1723 1.2001 1.1614 1.0302 1.0895
111 52 1.0807 0.9784 1.0058 1.0609 1.0859 1.0460 0.9219 0.9724
111 53 1.0402 0.9417 0.9681 1.0212 1.0454 1.0114 0.8967 0.9481
111 54 1.2618 1.1424 1.1743 1.2388 1.2681 1.2257 1.0855 1.1472
111 55 1.2106 1.0960 1.1267 1.1884 1.2163 1.1632 1.0150 1.0665
111 56 1.0144 0.9183 0.9440 0.9959 1.0195 0.9866 0.8751 0.9254
111 57 1.2285 1.1122 1.1433 1.2060 1.2344 1.1841 1.0376 1.0921
111 58 1.1070 1.0022 1.0302 1.0868 1.1126 1.0764 0.9545 1.0092
111 59 1.1555 1.0460 1.0753 1.1345 1.1616 1.1260 1.0011 1.0595
111 60 1.3310 1.2050 1.2387 1.3067 1.3376 1.2929 1.1449 1.2099
111 61 1.0139 0.9179 0.9436 0.9954 1.0190 0.9865 0.8755 0.9259
111 62 1.2433 1.1255 1.1570 1.2207 1.2499 1.2120 1.0780 1.1411
111 63 1.0786 0.9765 1.0039 1.0590 1.0841 1.0495 0.9314 0.9850
111 64 1.2391 1.1218 1.1532 1.2164 1.2452 1.2042 1.0671 1.1279
111 65 1.0191 0.9226 0.9484 1.0006 1.0246 0.9939 0.8845 0.9364
111 66 1.1617 1.0516 1.0811 1.1406 1.1680 1.1333 1.0087 1.0680
111 67 1.2724 1.1519 1.1842 1.2493 1.2791 1.2399 1.1022 1.1664
111 68 1.0566 0.9559 0.9831 1.0388 1.0648 1.0340 0.9209 0.9756
111 69 1.1203 1.0143 1.0427 1.0998 1.1258 1.0859 0.9589 1.0123
111 70 1.2551 1.1363 1.1681 1.2321 1.2612 1.2159 1.0730 1.1324
111 71 1.0763 0.9744 1.0017 1.0568 1.0820 1.0493 0.9333 0.9879
111 72 1.2802 1.1590 1.1914 1.2567 1.2863 1.2360 1.0856 1.1437
111 73 1.3060 1.1823 1.2154 1.2820 1.3122 1.2634 1.1127 1.1735
111 74 1.2410 1.1235 1.1549 1.2183 1.2473 1.2077 1.0720 1.1338
111 75 1.2115 1.0968 1.1275 1.1894 1.2176 1.1788 1.0461 1.1063
111 76 1.2763 1.1554 1.1878 1.2531 1.2830 1.2442 1.1068 1.1714
111 77 1.1091 1.0040 1.0322 1.0888 1.1146 1.0791 0.9577 1.0129
111 78 0.9075 0.8216 0.8446 0.8910 0.9121 0.8829 0.7834 0.8285
111 79 0.9789 0.8862 0.9110 0.9610 0.9838 0.9525 0.8454 0.8940
111 80 1.3198 1.1949 1.2283 1.2959 1.3267 1.2860 1.1432 1.2098
111 81 1.2367 1.1196 1.1510 1.2142 1.2431 1.2047 1.0706 1.1328
111 82 1.2772 1.1562 1.1886 1.2540 1.2839 1.2449 1.1072 1.1718
111 83 1.2048 1.0908 1.1213 1.1828 1.2107 1.1697 1.0352 1.0937
111 84 1.1812 1.0694 1.0994 1.1596 1.1871 1.1475 1.0164 1.0741
111 85 1.3274 1.2017 1.2354 1.3030 1.3337 1.2842 1.1313 1.1931
111 86 1.1373 1.0296 1.0584 1.1166 1.1432 1.1083 0.9854 1.0427
111 87 1.2389 1.1216 1.1530 1.2164 1.2454 1.2073 1.0734 1.1359
111 88 1.2763 1.1555 1.1879 1.2529 1.2824 1.2229 1.0626 1.1152
111 89 1.0273 0.9300 0.9560 1.0086 1.0326 1.0006 0.8891 0.9407
111 90 0.8987 0.8136 0.8364 0.8823 0.9031 0.8732 0.7736 0.8175
111 91 1.2220 1.1063 1.1372 1.1998 1.2284 1.1914 1.0600 1.1219
111 92 1.2026 1.0887 1.1192 1.1807 1.2087 1.1703 1.0388 1.0986
111 93 1.1156 1.0100 1.0383 1.0953 1.1214 1.0871 0.9665 1.0228
111 94 1.1976 1.0842 1.1146 1.1757 1.2036 1.1648 1.0333 1.0925
111 95 1.0213 0.9238 0.9502 1.0042 1.0293 0.9995 0.8901 0.9429
111 96 1.0026 0.9074 0.9330 0.9849 1.0088 0.9790 0.8716 0.9229
111 97 1.1623 1.0523 1.0817 1.1411 1.1682 1.1311 1.0041 1.0620
111 98 1.2286 1.1123 1.1435 1.2061 1.2345 1.1836 1.0364 1.0908
111 99 1.2093 1.0948 1.1254 1.1873 1.2157 1.1791 1.0490 1.1103
111 100 0.9128 0.8264 0.8495 0.8962 0.9175 0.8892 0.7903 0.8362
111 101 1.3170 1.1924 1.2258 1.2928 1.3231 1.2112 0.9991 1.0231
111 102 1.0194 0.9228 0.9487 1.0009 1.0248 0.9943 0.8850 0.9368
111 103 0.8415 0.7618 0.7831 0.8262 0.8460 0.8207 0.7305 0.7732
111 104 1.0176 0.9212 0.9470 0.9991 1.0229 0.9920 0.8824 0.9338
111 105 0.9967 0.9023 0.9276 0.9786 1.0020 0.9720 0.8650 0.9155
111 106 0.7754 0.7020 0.7217 0.7613 0.7795 0.7558 0.6722 0.7114
111 107 1.2234 1.1075 1.1385 1.2012 1.2299 1.1931 1.0617 1.1237
111 108 1.1626 1.0525 1.0820 1.1413 1.1682 1.1285 0.9986 1.0549
111 109 0.9228 0.8354 0.8588 0.9060 0.9275 0.8988 0.7988 0.8450
111 110 1.1410 1.0330 1.0619 1.1203 1.1470 1.1124 0.9897 1.0474
111 112 1.1147 1.0090 1.0373 1.0949 1.1213 1.0882 0.9687 1.0255
111 113 0.6237 0.5647 0.5805 0.6124 0.6270 0.6080 0.5407 0.5722
111 114 1.2293 1.1129 1.1440 1.2070 1.2358 1.1990 1.0671 1.1295
111 115 1.0483 0.9488 0.9755 1.0296 1.0545 1.0233 0.9110 0.9644
111 116 1.0398 0.9411 0.9677 1.0215 1.0462 1.0153 0.9039 0.9569
111 117 0.7817 0.7077 0.7275 0.7675 0.7858 0.7622 0.6781 0.7177
111 118 0.9377 0.8489 0.8727 0.9205 0.9423 0.9123 0.8096 0.8561
111 119 0.9312 0.8430 0.8666 0.9142 0.9359 0.9072 0.8065 0.8533
111 120 1.2337 1.1169 1.1482 1.2111 1.2397 1.1963 1.0571 1.1161
111 121 0.8682 0.7860 0.8080 0.8524 0.8727 0.8460 0.7523 0.7960
111 122 1.1608 1.0509 1.0803 1.1395 1.1664 1.1229 0.9891 1.0431
111 123 0.8410 0.7613 0.7827 0.8256 0.8452 0.8188 0.7273 0.7693
111 124 1.1736 1.0625 1.0923 1.1521 1.1793 1.1369 1.0033 1.0588
111 125 0.8835 0.7999 0.8223 0.8675 0.8882 0.8615 0.7666 0.8113
112 0 1.1983 1.0846 1.1148 1.1762 1.2045 1.1666 1.0357 1.0958
112 1 1.0756 0.9735 1.0007 1.0561 1.0818 1.0498 0.9343 0.9898
112 2 1.1621 1.0519 1.0813 1.1407 1.1679 1.1299 1.0017 1.0592
112 3 1.1899 1.0771 1.1072 1.1681 1.1960 1.1574 1.0265 1.0857
112 4 1.2125 1.0975 1.1282 1.1906 1.2195 1.1833 1.0532 1.1157
112 5 1.0659 0.9649 0.9918 1.0465 1.0717 1.0387 0.9232 0.9773
112 6 1.0192 0.9226 0.9484 1.0004 1.0241 0.9884 0.8735 0.9224
112 7 1.2454 1.1273 1.1588 1.2230 1.2527 1.2159 1.0825 1.1469
112 8 1.1514 1.0423 1.0715 1.1305 1.1576 1.1216 0.9963 1.0545
112 9 1.0736 0.9718 0.9990 1.0542 1.0796 1.0471 0.9314 0.9863
112 10 1.1186 1.0126 1.0410 1.0983 1.1246 1.0895 0.9677 1.0242
112 11 1.0821 0.9796 1.0070 1.0623 1.0875 1.0509 0.9302 0.9830
112 12 1.1096 1.0044 1.0325 1.0895 1.1156 1.0814 0.9612 1.0175
112 13 1.1491 1.0403 1.0694 1.1280 1.1547 1.1147 0.9854 1.0407
112 14 1.1653 1.0549 1.0844 1.1442 1.1718 1.1362 1.0103 1.0697
112 15 1.0232 0.9262 0.9521 1.0046 1.0287 0.9969 0.8859 0.9377
112 16 1.2400 1.1226 1.1540 1.2175 1.2466 1.2074 1.0721 1.1345
112 17 1.0915 0.9881 1.0158 1.0717 1.0973 1.0632 0.9445 0.9996
112 18 0.8964 0.8115 0.8342 0.8799 0.9008 0.8698 0.7693 0.8126
112 19 1.0532 0.9535 0.9801 1.0339 1.0584 1.0225 0.9048 0.9560
112 20 1.1673 1.0567 1.0863 1.1460 1.1734 1.1362 1.0085 1.0670
112 21 1.1566 1.0471 1.0764 1.1354 1.1622 1.1217 0.9913 1.0468
112 22 1.0651 0.9642 0.9912 1.0456 1.0703 1.0326 0.9121 0.9629
112 23 1.1824 1.0704 1.1004 1.1610 1.1888 1.1522 1.0241 1.0840
112 24 1.0692 0.9679 0.9950 1.0498 1.0749 1.0417 0.9257 0.9797
112 25 0.9207 0.8335 0.8568 0.9039 0.9255 0.8960 0.7952 0.8411
112 26 1.0497 0.9497 0.9766 1.0318 1.0577 1.0273 0.9151 0.9698
112 27 1.1942 1.0811 1.1114 1.1723 1.2000 1.1587 1.0246 1.0822
112 28 1.2397 1.1223 1.1537 1.2172 1.2463 1.2074 1.0724 1.1349
112 29 1.1317 1.0245 1.0532 1.1111 1.1376 1.1015 0.9778 1.0344
112 30 1.0189 0.9224 0.9482 1.0005 1.0245 0.9936 0.8838 0.9357
112 31 1.1118 1.0065 1.0347 1.0914 1.1172 1.0786 0.9536 1.0072
112 32 1.2270 1.1108 1.1419 1.2045 1.2330 1.1907 1.0531 1.1124
112 33 1.0502 0.9507 0.9773 1.0311 1.0557 1.0230 0.9089 0.9618
112 34 1.2405 1.1230 1.1545 1.2178 1.2466 1.2040 1.0651 1.1252
112 35 1.1308 1.0237 1.0524 1.1103 1.1367 1.1010 0.9776 1.0343
112 36 1.0047 0.9095 0.9350 0.9864 1.0100 0.9786 0.8694 0.9200
112 37 1.0178 0.9214 0.9472 0.9993 1.0232 0.9911 0.8803 0.9315
112 38 0.9829 0.8898 0.9147 0.9650 0.9880 0.9569 0.8497 0.8990
112 39 1.1745 1.0633 1.0931 1.1530 1.1803 1.1395 1.0074 1.0640
112 40 1.1794 1.0677 1.0976 1.1579 1.1854 1.1472 1.0175 1.0761
112 41 1.1502 1.0413 1.0705 1.1292 1.1561 1.1184 0.9917 1.0486
112 42 0.9861 0.8927 0.9177 0.9682 0.9913 0.9605 0.8534 0.9031
112 43 1.1586 1.0489 1.0782 1.1373 1.1642 1.1235 0.9927 1.0483
112 44 1.0878 0.9849 1.0124 1.0679 1.0931 1.0540 0.9303 0.9819
112 45 1.0703 0.9690 0.9961 1.0508 1.0758 1.0412 0.9238 0.9770
112 46 1.1771 1.0656 1.0954 1.1556 1.1830 1.1444 1.0146 1.0728
112 47 1.2729 1.1524 1.1846 1.2496 1.2792 1.2364 1.0950 1.1572
112 48 0.9076 0.8216 0.8446 0.8910 0.9121 0.8815 0.7805 0.8248
112 49 1.0843 0.9816 1.0091 1.0645 1.0898 1.0547 0.9356 0.9894
112 50 1.1734 1.0622 1.0920 1.1520 1.1795 1.1428 1.0152 1.0742
112 51 1.0710 0.9696 0.9968 1.0515 1.0764 1.0414 0.9235 0.9764
112 52 1.2095 1.0950 1.1256 1.1873 1.2153 1.1703 1.0310 1.0874
112 53 1.0233 0.9264 0.9524 1.0047 1.0285 0.9947 0.8816 0.9319
112 54 1.1431 1.0349 1.0639 1.1222 1.1488 1.1101 0.9827 1.0384
112 55 1.1381 1.0303 1.0592 1.1172 1.1435 1.0933 0.9536 1.0018
112 56 0.9970 0.9026 0.9279 0.9788 1.0021 0.9694 0.8596 0.9088
112 57 1.1197 1.0137 1.0420 1.0991 1.1250 1.0789 0.9451 0.9945
112 58 0.9740 0.8818 0.9065 0.9562 0.9789 0.9468 0.8393 0.8873
112 59 1.2518 1.1332 1.1650 1.2291 1.2584 1.2196 1.0839 1.1469
112 60 1.2350 1.1181 1.1494 1.2124 1.2411 1.1992 1.0616 1.1217
112 61 0.9788 0.8861 0.9109 0.9609 0.9837 0.9521 0.8446 0.8931
112 62 1.0747 0.9730 1.0002 1.0553 1.0805 1.0474 0.9313 0.9856
112 63 1.0572 0.9571 0.9839 1.0379 1.0625 1.0283 0.9122 0.9646
112 64 1.1049 1.0003 1.0283 1.0847 1.1104 1.0735 0.9509 1.0049
112 65 0.9986 0.9040 0.9293 0.9805 1.0040 0.9736 0.8661 0.9168
112 66 1.0652 0.9643 0.9913 1.0460 1.0710 1.0389 0.9244 0.9786
112 67 1.3254 1.1998 1.2334 1.3013 1.3323 1.2911 1.1473 1.2140
112 68 1.0184 0.9214 0.9475 1.0009 1.0257 0.9958 0.8868 0.9394
112 69 1.2199 1.1044 1.1353 1.1975 1.2258 1.1820 1.0434 1.1013
112 70 1.2331 1.1164 1.1477 1.2105 1.2391 1.1943 1.0535 1.1116
112 71 1.0533 0.9535 0.9802 1.0341 1.0588 1.0265 0.9127 0.9659
112 72 1.2024 1.0886 1.1191 1.1804 1.2082 1.1605 1.0189 1.0733
112 73 1.2182 1.1029 1.1338 1.1959 1.2241 1.1782 1.0373 1.0938
112 74 1.1076 1.0027 1.0308 1.0874 1.1132 1.0776 0.9562 1.0111
112 75 1.1003 0.9961 1.0240 1.0803 1.1059 1.0703 0.9494 1.0039
112 76 1.3204 1.1953 1.2288 1.2964 1.3274 1.2869 1.1442 1.2109
112 77 1.1939 1.0809 1.1111 1.1721 1.1999 1.1614 1.0303 1.0895
112 78 0.8893 0.8051 0.8276 0.8730 0.8937 0.8649 0.7672 0.8112
112 79 0.7412 0.6710 0.6898 0.7277 0.7450 0.7210 0.6397 0.6764
112 80 1.1240 1.0176 1.0461 1.1036 1.1298 1.0949 0.9729 1.0294
112 81 1.0371 0.9389 0.9652 1.0183 1.0425 1.0100 0.8972 0.9492
112 82 1.1772 1.0657 1.0956 1.1558 1.1834 1.1471 1.0198 1.0792
112 83 1.2574 1.1383 1.1702 1.2344 1.2635 1.2203 1.0796 1.1405
112 84 1.1660 1.0556 1.0852 1.1447 1.1717 1.1324 1.0026 1.0594
112 85 1.2403 1.1229 1.1544 1.2176 1.2463 1.1997 1.0564 1.1140
112 86 1.0544 0.9545 0.9813 1.0352 1.0599 1.0272 0.9129 0.9659
112 87 1.2207 1.1051 1.1361 1.1985 1.2271 1.1892 1.0569 1.1182
112 88 1.2064 1.0922 1.1228 1.1843 1.2121 1.1556 1.0038 1.0532
112 89 1.0095 0.9139 0.9395 0.9911 1.0147 0.9830 0.8731 0.9236
112 90 0.8851 0.8013 0.8237 0.8689 0.8894 0.8597 0.7613 0.8045
112 91 1.0521 0.9524 0.9791 1.0330 1.0576 1.0255 0.9120 0.9651
112 92 1.0903 0.9870 1.0147 1.0704 1.0958 1.0606 0.9411 0.9952
112 93 0.9660 0.8745 0.8990 0.9484 0.9710 0.9410 0.8363 0.8848
112 94 1.1814 1.0696 1.0995 1.1598 1.1873 1.1487 1.0186 1.0769
112 95 0.9295 0.8410 0.8648 0.9136 0.9363 0.9090 0.8094 0.8572
112 96 0.8931 0.8084 0.8311 0.8770 0.8981 0.8715 0.7758 0.8213
112 97 1.0689 0.9677 0.9948 1.0494 1.0743 1.0399 0.9228 0.9758
112 98 1.2571 1.1381 1.1700 1.2341 1.2631 1.2107 1.0598 1.1152
112 99 1.0392 0.9408 0.9671 1.0203 1.0446 1.0129 0.9008 0.9533
112 100 0.8916 0.8071 0.8298 0.8753 0.8961 0.8682 0.7714 0.8160
112 101 1.3305 1.2046 1.2383 1.3060 1.3367 1.2236 1.0093 1.0334
112 102 0.8055 0.7292 0.7496 0.7909 0.8098 0.7854 0.6988 0.7396
112 103 0.8752 0.7923 0.8145 0.8593 0.8799 0.8534 0.7592 0.8035
112 104 1.0148 0.9187 0.9445 0.9964 1.0201 0.9890 0.8794 0.9305
112 105 0.9411 0.8520 0.8758 0.9240 0.9461 0.9175 0.8162 0.8637
112 106 0.9385 0.8496 0.8734 0.9214 0.9434 0.9145 0.8130 0.8602
112 107 1.1147 1.0091 1.0374 1.0945 1.1206 1.0867 0.9667 1.0230
112 108 1.1096 1.0046 1.0327 1.0893 1.1150 1.0768 0.9525 1.0060
112 109 0.7331 0.6637 0.6823 0.7198 0.7369 0.7139 0.6342 0.6708
112 110 1.0725 0.9709 0.9981 1.0530 1.0781 1.0453 0.9296 0.9836
112 111 1.1847 1.0725 1.1026 1.1632 1.1910 1.1552 1.0278 1.0878
112 113 0.7300 0.6608 0.6794 0.7167 0.7338 0.7113 0.6324 0.6691
112 114 1.1538 1.0446 1.0738 1.1329 1.1599 1.1250 1.0010 1.0593
112 115 0.9559 0.8653 0.8896 0.9386 0.9610 0.9324 0.8300 0.8785
112 116 1.0879 0.9848 1.0125 1.0683 1.0939 1.0614 0.9448 1.0001
112 117 0.9297 0.8417 0.8653 0.9129 0.9346 0.9062 0.8060 0.8529
112 118 0.7310 0.6618 0.6803 0.7177 0.7347 0.7110 0.6307 0.6669
112 119 0.9841 0.8909 0.9159 0.9662 0.9891 0.9585 0.8517 0.9010
112 120 1.2233 1.1075 1.1385 1.2009 1.2292 1.1859 1.0475 1.1058
112 121 0.9923 0.8983 0.9235 0.9742 0.9974 0.9667 0.8592 0.9090
112 122 1.1530 1.0438 1.0731 1.1318 1.1585 1.1150 0.9817 1.0352
112 123 0.9591 0.8683 0.8926 0.9416 0.9639 0.9335 0.8289 0.8766
112 124 1.1656 1.0552 1.0848 1.1442 1.1712 1.1288 0.9957 1.0506
112 125 0.9835 0.8904 0.9153 0.9657 0.9887 0.9587 0.8528 0.9024
113 0 1.2500 1.1314 1.1629 1.2270 1.2565 1.2179 1.0824 1.1455
113 1 1.0461 0.9466 0.9732 1.0277 1.0531 1.0225 0.9106 0.9650
113 2 1.2119 1.0970 1.1276 1.1896 1.2180 1.1792 1.0465 1.1069
113 3 1.2403 1.1228 1.1541 1.2176 1.2466 1.2074 1.0720 1.1341
113 4 1.2663 1.1460 1.1782 1.2441 1.2747 1.2377 1.1023 1.1680
113 5 1.0376 0.9393 0.9655 1.0188 1.0433 1.0120 0.9004 0.9534
113 6 0.9980 0.9035 0.9287 0.9797 1.0029 0.9687 0.8570 0.9051
113 7 1.2923 1.1693 1.2024 1.2700 1.3016 1.2640 1.1259 1.1932
113 8 1.2092 1.0947 1.1253 1.1873 1.2157 1.1788 1.0483 1.1099
113 9 1.0408 0.9421 0.9685 1.0220 1.0466 1.0159 0.9046 0.9582
113 10 1.1799 1.0681 1.0980 1.1585 1.1862 1.1501 1.0227 1.0826
113 11 1.0503 0.9509 0.9774 1.0311 1.0556 1.0208 0.9046 0.9561
113 12 1.1720 1.0609 1.0906 1.1507 1.1784 1.1431 1.0171 1.0770
113 13 1.2029 1.0889 1.1194 1.1808 1.2088 1.1678 1.0334 1.0917
113 14 1.2288 1.1124 1.1435 1.2066 1.2356 1.1990 1.0673 1.1304
113 15 0.9966 0.9021 0.9274 0.9785 1.0019 0.9717 0.8644 0.9153
113 16 1.2867 1.1648 1.1974 1.2634 1.2935 1.2538 1.1146 1.1797
113 17 1.1597 1.0498 1.0792 1.1386 1.1659 1.1305 1.0053 1.0643
113 18 0.8852 0.8014 0.8238 0.8690 0.8896 0.8597 0.7612 0.8043
113 19 1.0228 0.9260 0.9519 1.0041 1.0279 0.9938 0.8804 0.9304
113 20 1.2348 1.1178 1.1491 1.2123 1.2413 1.2028 1.0689 1.1312
113 21 1.1218 1.0156 1.0440 1.1012 1.1273 1.0888 0.9633 1.0175
113 22 1.0391 0.9407 0.9670 1.0201 1.0442 1.0082 0.8915 0.9414
113 23 1.2542 1.1354 1.1672 1.2315 1.2610 1.2232 1.0884 1.1524
113 24 1.0373 0.9390 0.9653 1.0185 1.0429 1.0114 0.8998 0.9526
113 25 1.0948 0.9911 1.0189 1.0749 1.1005 1.0663 0.9473 1.0024
113 26 1.0121 0.9152 0.9415 0.9958 1.0215 0.9926 0.8844 0.9377
113 27 1.2391 1.1217 1.1531 1.2164 1.2452 1.2032 1.0651 1.1254
113 28 1.2882 1.1662 1.1989 1.2648 1.2951 1.2556 1.1165 1.1819
113 29 1.2103 1.0956 1.1263 1.1882 1.2166 1.1789 1.0476 1.1087
113 30 0.9928 0.8987 0.9239 0.9749 0.9984 0.9690 0.8628 0.9138
113 31 1.0830 0.9805 1.0079 1.0632 1.0884 1.0516 0.9307 0.9834
113 32 1.1924 1.0795 1.1098 1.1706 1.1983 1.1581 1.0254 1.0835
113 33 1.0183 0.9218 0.9476 0.9998 1.0237 0.9927 0.8829 0.9347
113 34 1.2057 1.0916 1.1221 1.1837 1.2117 1.1712 1.0372 1.0961
113 35 1.2008 1.0871 1.1175 1.1790 1.2071 1.1700 1.0401 1.1008
113 36 0.9755 0.8831 0.9079 0.9578 0.9807 0.9510 0.8458 0.8954
113 37 0.9947 0.9005 0.9257 0.9766 0.9999 0.9694 0.8620 0.9124
113 38 0.9572 0.8666 0.8908 0.9398 0.9622 0.9326 0.8290 0.8774
113 39 1.1453 1.0369 1.0659 1.1243 1.1509 1.1120 0.9843 1.0399
113 40 1.2430 1.1253 1.1568 1.2203 1.2493 1.2099 1.0744 1.1366
113 41 1.1167 1.0109 1.0392 1.0963 1.1223 1.0867 0.9646 1.0203
113 42 0.9637 0.8724 0.8969 0.9462 0.9688 0.9394 0.8356 0.8845
113 43 1.2037 1.0897 1.1202 1.1816 1.2096 1.1682 1.0334 1.0915
113 44 1.0642 0.9634 0.9904 1.0447 1.0694 1.0319 0.9118 0.9627
113 45 1.1517 1.0426 1.0718 1.1307 1.1576 1.1213 0.9959 1.0536
113 46 1.1243 1.0178 1.0463 1.1038 1.1300 1.0940 0.9710 1.0270
113 47 1.2317 1.1150 1.1463 1.2092 1.2378 1.1974 1.0615 1.1223
113 48 0.8883 0.8042 0.8267 0.8721 0.8927 0.8635 0.7654 0.8092
113 49 0.9790 0.8863 0.9111 0.9612 0.9840 0.9531 0.8464 0.8954
113 50 1.1482 1.0394 1.0685 1.1273 1.1542 1.1191 0.9953 1.0535
113 51 1.1434 1.0351 1.0641 1.1225 1.1492 1.1127 0.9877 1.0448
113 52 1.0422 0.9436 0.9700 1.0231 1.0473 1.0093 0.8901 0.9392
113 53 0.9902 0.8965 0.9216 0.9722 0.9952 0.9633 0.8547 0.9038
113 54 1.2044 1.0904 1.1209 1.1824 1.2104 1.1706 1.0374 1.0966
113 55 1.1786 1.0670 1.0969 1.1570 1.1842 1.1331 0.9893 1.0398
113 56 0.9646 0.8733 0.8977 0.9470 0.9695 0.9387 0.8333 0.8813
113 57 1.1951 1.0820 1.1123 1.1732 1.2008 1.1525 1.0107 1.0639
113 58 1.0667 0.9657 0.9928 1.0473 1.0721 1.0378 0.9210 0.9739
113 59 1.1813 1.0694 1.0994 1.1599 1.1876 1.1518 1.0248 1.0848
113 60 1.2778 1.1568 1.1892 1.2544 1.2841 1.2418 1.1005 1.1632
113 61 0.9471 0.8574 0.8814 0.9298 0.9519 0.9220 0.8188 0.8662
113 62 1.1664 1.0559 1.0855 1.1452 1.1726 1.1377 1.0126 1.0721
113 63 1.0139 0.9179 0.9436 0.9954 1.0190 0.9870 0.8766 0.9272
113 64 1.1778 1.0663 1.0961 1.1562 1.1836 1.1452 1.0155 1.0736
113 65 0.9605 0.8694 0.8938 0.9433 0.9661 0.9376 0.8348 0.8839
113 66 1.1228 1.0161 1.0448 1.1030 1.1299 1.0967 0.9764 1.0341
113 67 1.2054 1.0913 1.1218 1.1835 1.2118 1.1752 1.0455 1.1067
113 68 0.9758 0.8824 0.9078 0.9599 0.9844 0.9562 0.8518 0.9027
113 69 1.0782 0.9761 1.0034 1.0584 1.0834 1.0456 0.9240 0.9756
113 70 1.2007 1.0870 1.1175 1.1787 1.2065 1.1638 1.0277 1.0849
113 71 1.0082 0.9127 0.9383 0.9899 1.0135 0.9834 0.8753 0.9267
113 72 1.2403 1.1229 1.1544 1.2176 1.2463 1.1981 1.0531 1.1097
113 73 1.2592 1.1400 1.1719 1.2361 1.2652 1.2187 1.0742 1.1331
113 74 1.1797 1.0680 1.0979 1.1582 1.1857 1.1486 1.0204 1.0794
113 75 1.1530 1.0438 1.0731 1.1320 1.1588 1.1224 0.9968 1.0544
113 76 1.2121 1.0973 1.1280 1.1901 1.2185 1.1823 1.0524 1.1142
113 77 1.1356 1.0281 1.0569 1.1149 1.1414 1.1055 0.9819 1.0387
113 78 0.8654 0.7835 0.8054 0.8496 0.8698 0.8424 0.7480 0.7912
113 79 0.8052 0.7290 0.7494 0.7906 0.8093 0.7839 0.6963 0.7365
113 80 1.2184 1.1030 1.1339 1.1963 1.2248 1.1878 1.0567 1.1185
113 81 1.1568 1.0472 1.0766 1.1357 1.1627 1.1274 1.0027 1.0611
113 82 1.2164 1.1012 1.1321 1.1943 1.2228 1.1863 1.0558 1.1177
113 83 1.1537 1.0444 1.0737 1.1326 1.1593 1.1206 0.9925 1.0488
113 84 1.1437 1.0355 1.0645 1.1228 1.1494 1.1117 0.9854 1.0416
113 85 1.2792 1.1581 1.1905 1.2557 1.2853 1.2382 1.0915 1.1515
113 86 1.0816 0.9792 1.0066 1.0620 1.0872 1.0546 0.9383 0.9932
113 87 1.1934 1.0804 1.1107 1.1717 1.1996 1.1635 1.0353 1.0958
113 88 1.2407 1.1232 1.1547 1.2179 1.2465 1.1892 1.0341 1.0855
113 89 0.9947 0.9005 0.9257 0.9766 0.9998 0.9693 0.8620 0.9122
113 90 0.8665 0.7845 0.8065 0.8507 0.8708 0.8424 0.7468 0.7894
113 91 1.1246 1.0180 1.0466 1.1044 1.1309 1.0973 0.9768 1.0342
113 92 1.1446 1.0362 1.0652 1.1237 1.1503 1.1144 0.9899 1.0472
113 93 1.0551 0.9552 0.9819 1.0359 1.0606 1.0287 0.9153 0.9687
113 94 1.1576 1.0480 1.0773 1.1364 1.1633 1.1264 1.0000 1.0576
113 95 0.8774 0.7934 0.8162 0.8632 0.8852 0.8598 0.7659 0.8115
113 96 0.8531 0.7718 0.7937 0.8385 0.8593 0.8342 0.7428 0.7867
113 97 1.1008 0.9966 1.0245 1.0807 1.1063 1.0718 0.9522 1.0073
113 98 1.1966 1.0833 1.1137 1.1747 1.2023 1.1534 1.0107 1.0640
113 99 1.1231 1.0166 1.0452 1.1029 1.1294 1.0959 0.9756 1.0328
113 100 0.9165 0.8297 0.8529 0.8998 0.9212 0.8932 0.7945 0.8408
113 101 1.2924 1.1701 1.2029 1.2687 1.2984 1.1886 0.9805 1.0040
113 102 0.9191 0.8318 0.8553 0.9030 0.9250 0.8977 0.7992 0.8462
113 103 0.8739 0.7909 0.8132 0.8585 0.8794 0.8535 0.7598 0.8045
113 104 0.9799 0.8871 0.9120 0.9622 0.9852 0.9559 0.8508 0.9006
113 105 0.5028 0.4551 0.4679 0.4939 0.5059 0.4910 0.4371 0.4627
113 106 0.8475 0.7672 0.7887 0.8321 0.8519 0.8265 0.7356 0.7786
113 107 1.1145 1.0087 1.0371 1.0948 1.1213 1.0881 0.9687 1.0255
113 108 1.1091 1.0041 1.0322 1.0888 1.1145 1.0772 0.9539 1.0079
113 109 0.8437 0.7638 0.7852 0.8284 0.8481 0.8223 0.7313 0.7738
113 110 1.0587 0.9583 0.9853 1.0397 1.0646 1.0330 0.9196 0.9734
113 111 0.7293 0.6600 0.6787 0.7165 0.7340 0.7124 0.6342 0.6715
113 112 0.9846 0.8909 0.9162 0.9677 0.9916 0.9625 0.8570 0.9075
113 114 1.1281 1.0209 1.0498 1.1083 1.1353 1.1018 0.9809 1.0385
113 115 0.9694 0.8771 0.9020 0.9527 0.9762 0.9476 0.8438 0.8935
113 116 0.9932 0.8986 0.9241 0.9762 1.0003 0.9711 0.8647 0.9157
113 117 0.8218 0.7438 0.7648 0.8071 0.8265 0.8020 0.7139 0.7557
113 118 0.9473 0.8576 0.8816 0.9300 0.9520 0.9221 0.8190 0.8663
113 119 0.9286 0.8406 0.8642 0.9117 0.9333 0.9052 0.8053 0.8522
113 120 1.2072 1.0929 1.1236 1.1851 1.2131 1.1713 1.0357 1.0939
113 121 0.8859 0.8021 0.8245 0.8698 0.8905 0.8638 0.7686 0.8135
113 122 1.1410 1.0330 1.0620 1.1201 1.1465 1.1044 0.9735 1.0269
113 123 0.8636 0.7818 0.8037 0.8478 0.8679 0.8412 0.7478 0.7912
113 124 1.1532 1.0440 1.0733 1.1321 1.1588 1.1177 0.9870 1.0419
113 125 0.8927 0.8080 0.8307 0.8768 0.8979 0.8714 0.7757 0.8212
114 0 1.2962 1.1732 1.2059 1.2723 1.3029 1.2623 1.1211 1.1863
114 1 1.3545 1.2260 1.2602 1.3300 1.3624 1.3225 1.1775 1.2475
114 2 1.2424 1.1246 1.1560 1.2196 1.2486 1.2083 1.0717 1.1333
114 3 1.2859 1.1640 1.1965 1.2623 1.2924 1.2511 1.1101 1.1742
114 4 1.3419 1.2147 1.2487 1.3177 1.3497 1.3101 1.1665 1.2358
114 5 1.1785 1.0668 1.0966 1.1570 1.1849 1.1488 1.0214 1.0814
114 6 1.2474 1.1292 1.1607 1.2244 1.2534 1.2101 1.0698 1.1297
114 7 1.3757 1.2452 1.2801 1.3512 1.3842 1.3438 1.1968 1.2681
114 8 1.2496 1.1312 1.1628 1.2268 1.2562 1.2175 1.0820 1.1453
114 9 1.2212 1.1055 1.1364 1.1991 1.2280 1.1914 1.0602 1.1228
114 10 1.2077 1.0933 1.1239 1.1858 1.2142 1.1766 1.0455 1.1066
114 11 1.3530 1.2248 1.2591 1.3282 1.3597 1.3142 1.1638 1.2299
114 12 1.1965 1.0831 1.1134 1.1748 1.2030 1.1664 1.0372 1.0981
114 13 1.2351 1.1182 1.1494 1.2125 1.2412 1.1985 1.0599 1.1195
114 14 1.2898 1.1676 1.2003 1.2665 1.2970 1.2579 1.1190 1.1849
114 15 1.1722 1.0612 1.0909 1.1510 1.1786 1.1425 1.0157 1.0752
114 16 1.3532 1.2250 1.2593 1.3286 1.3603 1.3179 1.1708 1.2390
114 17 1.1798 1.0681 1.0980 1.1584 1.1861 1.1495 1.0216 1.0813
114 18 0.9976 0.9031 0.9284 0.9794 1.0025 0.9684 0.8568 0.9052
114 19 1.3352 1.2087 1.2425 1.3107 1.3418 1.2966 1.1478 1.2129
114 20 1.3047 1.1811 1.2142 1.2809 1.3115 1.2703 1.1280 1.1936
114 21 1.3867 1.2554 1.2905 1.3613 1.3935 1.3453 1.1894 1.2561
114 22 1.2639 1.1442 1.1763 1.2408 1.2701 1.2257 1.0831 1.1436
114 23 1.3487 1.2210 1.2552 1.3243 1.3560 1.3147 1.1690 1.2375
114 24 1.1494 1.0405 1.0696 1.1285 1.1555 1.1202 0.9958 1.0541
114 25 1.0810 0.9786 1.0060 1.0613 1.0866 1.0523 0.9343 0.9884
114 26 1.1775 1.0651 1.0955 1.1579 1.1872 1.1533 1.0274 1.0891
114 27 1.2796 1.1585 1.1909 1.2562 1.2859 1.2420 1.0987 1.1606
114 28 1.3597 1.2309 1.2654 1.3350 1.3669 1.3246 1.1771 1.2457
114 29 1.2764 1.1555 1.1879 1.2532 1.2831 1.2427 1.1036 1.1677
114 30 1.1378 1.0300 1.0588 1.1172 1.1440 1.1098 0.9876 1.0458
114 31 1.3383 1.2116 1.2455 1.3138 1.3448 1.2987 1.1487 1.2134
114 32 1.2696 1.1494 1.1816 1.2464 1.2758 1.2324 1.0905 1.1520
114 33 1.1352 1.0277 1.0565 1.1146 1.1412 1.1061 0.9832 1.0406
114 34 1.2600 1.1407 1.1726 1.2369 1.2662 1.2233 1.0826 1.1438
114 35 1.2492 1.1309 1.1625 1.2265 1.2557 1.2165 1.0807 1.1435
114 36 1.1491 1.0402 1.0694 1.1282 1.1551 1.1196 0.9951 1.0532
114 37 1.2350 1.1181 1.1494 1.2126 1.2415 1.2030 1.0690 1.1313
114 38 1.0714 0.9699 0.9971 1.0519 1.0770 1.0434 0.9269 0.9807
114 39 1.2836 1.1620 1.1946 1.2601 1.2899 1.2456 1.1018 1.1638
114 40 1.3124 1.1881 1.2214 1.2885 1.3191 1.2769 1.1331 1.1984
114 41 1.3725 1.2425 1.2773 1.3475 1.3795 1.3350 1.1842 1.2523
114 42 1.1109 1.0057 1.0339 1.0907 1.1168 1.0824 0.9620 1.0182
114 43 1.2303 1.1138 1.1450 1.2078 1.2363 1.1934 1.0550 1.1142
114 44 1.2523 1.1337 1.1654 1.2293 1.2583 1.2137 1.0717 1.1313
114 45 1.1718 1.0609 1.0906 1.1505 1.1778 1.1403 1.0121 1.0706
114 46 1.3697 1.2400 1.2748 1.3447 1.3766 1.3322 1.1816 1.2495
114 47 1.2949 1.1723 1.2051 1.2712 1.3013 1.2582 1.1147 1.1782
114 48 1.1154 1.0098 1.0380 1.0950 1.1209 1.0836 0.9599 1.0145
114 49 1.1171 1.0113 1.0396 1.0967 1.1228 1.0869 0.9646 1.0202
114 50 1.1441 1.0357 1.0647 1.1233 1.1500 1.1145 0.9905 1.0482
114 51 1.1351 1.0276 1.0564 1.1144 1.1408 1.1041 0.9794 1.0357
114 52 1.2213 1.1057 1.1366 1.1989 1.2272 1.1820 1.0418 1.0989
114 53 1.1235 1.0171 1.0456 1.1030 1.1291 1.0924 0.9686 1.0240
114 54 1.1878 1.0753 1.1055 1.1661 1.1937 1.1538 1.0219 1.0799
114 55 1.1939 1.0809 1.1112 1.1720 1.1996 1.1472 1.0010 1.0518
114 56 1.1069 1.0021 1.0302 1.0867 1.1125 1.0766 0.9550 1.0099
114 57 1.2146 1.0996 1.1304 1.1923 1.2204 1.1707 1.0259 1.0798
114 58 1.0208 0.9241 0.9500 1.0021 1.0259 0.9926 0.8802 0.9306
114 59 1.2597 1.1404 1.1723 1.2368 1.2663 1.2276 1.0915 1.1551
114 60 1.3322 1.2060 1.2398 1.3078 1.3387 1.2940 1.1460 1.2111
114 61 1.1596 1.0498 1.0792 1.1385 1.1655 1.1283 1.0014 1.0591
114 62 1.2071 1.0927 1.1233 1.1852 1.2135 1.1768 1.0467 1.1079
114 63 1.1767 1.0653 1.0951 1.1553 1.1827 1.1449 1.0161 1.0746
114 64 1.1924 1.0795 1.1097 1.1706 1.1983 1.1588 1.0269 1.0854
114 65 1.1271 1.0204 1.0490 1.1067 1.1332 1.0993 0.9783 1.0357
114 66 1.1112 1.0059 1.0341 1.0911 1.1172 1.0840 0.9649 1.0216
114 67 1.4619 1.3234 1.3605 1.4353 1.4695 1.4245 1.2664 1.3402
114 68 1.1898 1.0763 1.1070 1.1698 1.1991 1.1644 1.0370 1.0987
114 69 1.2757 1.1549 1.1872 1.2523 1.2818 1.2365 1.0919 1.1527
114 70 1.2857 1.1640 1.1966 1.2621 1.2919 1.2455 1.0992 1.1600
114 71 1.1373 1.0296 1.0584 1.1167 1.1433 1.1088 0.9863 1.0439
114 72 1.2737 1.1531 1.1854 1.2504 1.2798 1.2297 1.0802 1.1380
114 73 1.3027 1.1794 1.2124 1.2789 1.3090 1.2603 1.1100 1.1706
114 74 1.1959 1.0827 1.1130 1.1741 1.2020 1.1638 1.0332 1.0927
114 75 1.1507 1.0418 1.0710 1.1298 1.1565 1.1196 0.9937 1.0508
114 76 1.4548 1.3170 1.3539 1.4284 1.4625 1.4183 1.2616 1.3354
114 77 1.1743 1.0631 1.0929 1.1529 1.1802 1.1426 1.0141 1.0725
114 78 1.1270 1.0203 1.0488 1.1064 1.1326 1.0964 0.9730 1.0289
114 79 1.1414 1.0334 1.0623 1.1206 1.1472 1.1107 0.9858 1.0426
114 80 1.2915 1.1692 1.2019 1.2680 1.2982 1.2584 1.1187 1.1838
114 81 1.1917 1.0789 1.1091 1.1700 1.1979 1.1609 1.0317 1.0916
114 82 1.2511 1.1326 1.1644 1.2284 1.2577 1.2195 1.0846 1.1479
114 83 1.3650 1.2357 1.2704 1.3400 1.3716 1.3252 1.1729 1.2391
114 84 1.1697 1.0590 1.0886 1.1483 1.1754 1.1363 1.0065 1.0637
114 85 1.3278 1.2021 1.2358 1.3035 1.3342 1.2847 1.1317 1.1936
114 86 1.0366 0.9385 0.9647 1.0178 1.0420 1.0102 0.8982 0.9505
114 87 1.2226 1.1068 1.1378 1.2004 1.2289 1.1914 1.0593 1.1210
114 88 1.2701 1.1499 1.1821 1.2468 1.2761 1.2169 1.0575 1.1097
114 89 1.0231 0.9263 0.9522 1.0045 1.0284 0.9966 0.8856 0.9369
114 90 1.0445 0.9456 0.9721 1.0254 1.0496 1.0148 0.8991 0.9502
114 91 1.1558 1.0463 1.0756 1.1348 1.1619 1.1269 1.0026 1.0612
114 92 1.1363 1.0287 1.0575 1.1156 1.1420 1.1058 0.9816 1.0381
114 93 1.0427 0.9439 0.9704 1.0237 1.0481 1.0160 0.9034 0.9560
114 94 1.1847 1.0725 1.1025 1.1630 1.1906 1.1522 1.0222 1.0808
114 95 1.1836 1.0706 1.1012 1.1638 1.1930 1.1584 1.0316 1.0928
114 96 1.1722 1.0609 1.0908 1.1515 1.1795 1.1448 1.0192 1.0792
114 97 1.0759 0.9740 1.0013 1.0563 1.0813 1.0470 0.9295 0.9830
114 98 1.2157 1.1006 1.1314 1.1934 1.2215 1.1711 1.0256 1.0794
114 99 1.0990 0.9949 1.0228 1.0790 1.1047 1.0715 0.9534 1.0091
114 100 1.0699 0.9686 0.9958 1.0505 1.0754 1.0423 0.9264 0.9802
114 101 1.3157 1.1911 1.2245 1.2915 1.3218 1.2099 0.9980 1.0218
114 102 1.1514 1.0423 1.0715 1.1305 1.1575 1.1231 0.9997 1.0581
114 103 1.1690 1.0583 1.0880 1.1478 1.1752 1.1402 1.0149 1.0742
114 104 0.8502 0.7697 0.7913 0.8348 0.8547 0.8288 0.7373 0.7802
114 105 1.1948 1.0816 1.1119 1.1731 1.2011 1.1652 1.0370 1.0976
114 106 1.0006 0.9059 0.9312 0.9824 1.0058 0.9753 0.8675 0.9180
114 107 1.2608 1.1414 1.1734 1.2379 1.2675 1.2296 1.0943 1.1582
114 108 1.0312 0.9336 0.9597 1.0123 1.0362 1.0010 0.8858 0.9357
114 109 1.0434 0.9446 0.9711 1.0244 1.0488 1.0163 0.9033 0.9556
114 110 1.0143 0.9182 0.9440 0.9959 1.0196 0.9889 0.8798 0.9311
114 111 1.1887 1.0761 1.1063 1.1672 1.1951 1.1595 1.0321 1.0925
114 112 1.2552 1.1361 1.1681 1.2329 1.2627 1.2254 1.0908 1.1548
114 113 1.0787 0.9765 1.0039 1.0591 1.0843 1.0514 0.9352 0.9897
114 115 1.1579 1.0480 1.0775 1.1373 1.1648 1.1304 1.0063 1.0653
114 116 1.0409 0.9421 0.9686 1.0225 1.0473 1.0164 0.9048 0.9580
114 117 0.9104 0.8241 0.8472 0.8938 0.9151 0.8876 0.7898 0.8358
114 118 1.1758 1.0645 1.0943 1.1543 1.1817 1.1440 1.0153 1.0736
114 119 0.7069 0.6399 0.6579 0.6940 0.7105 0.6887 0.6123 0.6478
114 120 1.2536 1.1349 1.1667 1.2307 1.2597 1.2156 1.0742 1.1342
114 121 0.9264 0.8387 0.8622 0.9096 0.9312 0.9028 0.8028 0.8495
114 122 1.1738 1.0627 1.0924 1.1523 1.1794 1.1355 1.0002 1.0548
114 123 0.8364 0.7572 0.7784 0.8211 0.8406 0.8143 0.7234 0.7651
114 124 1.1871 1.0747 1.1048 1.1653 1.1928 1.1500 1.0148 1.0710
114 125 1.0242 0.9272 0.9532 1.0056 1.0295 0.9987 0.8887 0.9405
115 0 1.2068 1.0922 1.1227 1.1846 1.2130 1.1748 1.0429 1.1035
115 1 1.0916 0.9880 1.0156 1.0718 1.0979 1.0654 0.9482 1.0044
115 2 1.1716 1.0605 1.0901 1.1500 1.1774 1.1391 1.0098 1.0677
115 3 1.1982 1.0847 1.1150 1.1763 1.2043 1.1654 1.0336 1.0932
115 4 1.2204 1.1047 1.1355 1.1983 1.2274 1.1910 1.0600 1.1229
115 5 1.0826 0.9800 1.0074 1.0629 1.0885 1.0550 0.9376 0.9925
115 6 1.0368 0.9386 0.9648 1.0178 1.0418 1.0055 0.8886 0.9382
115 7 1.2507 1.1322 1.1639 1.2282 1.2581 1.2211 1.0871 1.1517
115 8 1.1625 1.0524 1.0818 1.1414 1.1688 1.1324 1.0059 1.0646
115 9 1.0919 0.9884 1.0160 1.0721 1.0980 1.0649 0.9472 1.0030
115 10 1.1321 1.0248 1.0535 1.1115 1.1381 1.1026 0.9793 1.0364
115 11 1.0993 0.9952 1.0230 1.0792 1.1047 1.0675 0.9449 0.9985
115 12 1.1237 1.0172 1.0457 1.1033 1.1298 1.0951 0.9734 1.0304
115 13 1.1598 1.0499 1.0793 1.1385 1.1654 1.1250 0.9945 1.0502
115 14 1.1767 1.0652 1.0950 1.1554 1.1832 1.1472 1.0201 1.0800
115 15 1.0442 0.9453 0.9717 1.0253 1.0498 1.0174 0.9040 0.9569
115 16 1.2454 1.1274 1.1590 1.2228 1.2520 1.2126 1.0767 1.1393
115 17 1.1077 1.0028 1.0309 1.0876 1.1136 1.0789 0.9584 1.0143
115 18 0.9214 0.8341 0.8575 0.9045 0.9259 0.8941 0.7907 0.8353
115 19 1.0731 0.9715 0.9987 1.0535 1.0785 1.0418 0.9219 0.9740
115 20 1.1796 1.0678 1.0977 1.1581 1.1857 1.1481 1.0191 1.0781
115 21 1.3580 1.2294 1.2638 1.3331 1.3646 1.3170 1.1639 1.2290
115 22 1.0806 0.9783 1.0057 1.0608 1.0859 1.0476 0.9253 0.9768
115 23 1.1942 1.0811 1.1114 1.1726 1.2007 1.1637 1.0343 1.0948
115 24 1.0877 0.9847 1.0122 1.0680 1.0935 1.0597 0.9417 0.9966
115 25 0.9450 0.8555 0.8794 0.9278 0.9499 0.9196 0.8161 0.8633
115 26 1.0711 0.9691 0.9966 1.0529 1.0792 1.0482 0.9337 0.9895
115 27 1.2014 1.0876 1.1180 1.1794 1.2073 1.1656 1.0307 1.0886
115 28 1.2451 1.1272 1.1587 1.2225 1.2517 1.2126 1.0770 1.1397
115 29 1.1481 1.0394 1.0685 1.1272 1.1541 1.1175 0.9919 1.0494
115 30 1.0397 0.9412 0.9676 1.0209 1.0454 1.0139 0.9018 0.9548
115 31 1.2767 1.1558 1.1882 1.2533 1.2829 1.2386 1.0950 1.1565
115 32 1.2326 1.1159 1.1471 1.2100 1.2386 1.1961 1.0578 1.1174
115 33 1.0710 0.9696 0.9967 1.0516 1.0767 1.0432 0.9268 0.9808
115 34 1.2454 1.1275 1.1590 1.2226 1.2515 1.2087 1.0692 1.1295
115 35 1.1454 1.0370 1.0660 1.1246 1.1514 1.1151 0.9902 1.0476
115 36 1.0313 0.9336 0.9597 1.0125 1.0367 1.0045 0.8924 0.9443
115 37 1.0366 0.9384 0.9647 1.0177 1.0420 1.0094 0.8965 0.9486
115 38 1.0102 0.9145 0.9401 0.9918 1.0155 0.9834 0.8732 0.9239
115 39 1.1822 1.0702 1.1002 1.1605 1.1880 1.1469 1.0139 1.0709
115 40 1.1903 1.0776 1.1078 1.1686 1.1964 1.1577 1.0269 1.0859
115 41 1.1158 1.0101 1.0384 1.0954 1.1214 1.0849 0.9619 1.0171
115 42 1.0224 0.9256 0.9515 1.0039 1.0278 0.9959 0.8848 0.9362
115 43 1.1671 1.0566 1.0862 1.1458 1.1728 1.1318 1.0000 1.0560
115 44 1.2039 1.0899 1.1204 1.1818 1.2097 1.1664 1.0295 1.0866
115 45 1.0912 0.9878 1.0155 1.0713 1.0967 1.0615 0.9417 0.9959
115 46 1.1436 1.0353 1.0643 1.1227 1.1493 1.1118 0.9857 1.0422
115 47 1.2764 1.1555 1.1879 1.2531 1.2827 1.2398 1.0979 1.1603
115 48 0.9465 0.8568 0.8808 0.9292 0.9511 0.9192 0.8139 0.8601
115 49 1.0397 0.9412 0.9676 1.0207 1.0449 1.0112 0.8970 0.9486
115 50 1.1845 1.0723 1.1024 1.1630 1.1907 1.1536 1.0248 1.0843
115 51 1.0893 0.9862 1.0138 1.0694 1.0948 1.0592 0.9392 0.9930
115 52 1.1833 1.0713 1.1013 1.1616 1.1890 1.1449 1.0086 1.0638
115 53 1.0502 0.9508 0.9774 1.0310 1.0555 1.0207 0.9047 0.9563
115 54 1.1554 1.0460 1.0753 1.1343 1.1611 1.1220 0.9932 1.0495
115 55 1.1464 1.0379 1.0670 1.1254 1.1519 1.1013 0.9605 1.0091
115 56 1.0287 0.9313 0.9574 1.0100 1.0339 1.0003 0.8869 0.9377
115 57 1.1287 1.0218 1.0505 1.1080 1.1341 1.0876 0.9526 1.0025
115 58 1.0034 0.9084 0.9338 0.9851 1.0084 0.9754 0.8646 0.9140
115 59 1.2172 1.1019 1.1328 1.1951 1.2236 1.1858 1.0538 1.1151
115 60 1.2401 1.1227 1.1541 1.2174 1.2462 1.2042 1.0660 1.1263
115 61 1.0144 0.9184 0.9441 0.9959 1.0195 0.9867 0.8753 0.9256
115 62 1.0976 0.9937 1.0215 1.0777 1.1035 1.0697 0.9511 1.0065
115 63 1.0847 0.9820 1.0095 1.0649 1.0902 1.0550 0.9359 0.9897
115 64 1.1214 1.0152 1.0436 1.1009 1.1269 1.0894 0.9650 1.0198
115 65 1.0344 0.9364 0.9626 1.0157 1.0400 1.0085 0.8971 0.9496
115 66 1.0805 0.9782 1.0056 1.0610 1.0864 1.0538 0.9376 0.9925
115 67 1.2979 1.1750 1.2079 1.2743 1.3047 1.2643 1.1235 1.1888
115 68 1.0499 0.9500 0.9769 1.0319 1.0574 1.0266 0.9142 0.9684
115 69 1.1944 1.0814 1.1116 1.1726 1.2002 1.1573 1.0216 1.0783
115 70 1.2380 1.1208 1.1522 1.2153 1.2440 1.1990 1.0576 1.1160
115 71 1.0828 0.9803 1.0078 1.0632 1.0886 1.0553 0.9383 0.9930
115 72 1.2082 1.0938 1.1245 1.1861 1.2140 1.1661 1.0238 1.0784
115 73 1.2238 1.1080 1.1390 1.2014 1.2297 1.1835 1.0420 1.0987
115 74 1.1238 1.0174 1.0459 1.1033 1.1295 1.0933 0.9701 1.0259
115 75 1.1182 1.0123 1.0406 1.0978 1.1238 1.0876 0.9648 1.0201
115 76 1.2957 1.1730 1.2059 1.2722 1.3026 1.2628 1.1228 1.1883
115 77 1.1516 1.0426 1.0718 1.1306 1.1574 1.1202 0.9938 1.0508
115 78 0.9485 0.8587 0.8827 0.9312 0.9532 0.9225 0.8182 0.8651
115 79 0.7581 0.6863 0.7056 0.7443 0.7619 0.7374 0.6542 0.6918
115 80 1.1439 1.0356 1.0646 1.1231 1.1498 1.1142 0.9901 1.0476
115 81 1.0637 0.9630 0.9900 1.0444 1.0692 1.0358 0.9202 0.9735
115 82 1.1874 1.0750 1.1051 1.1659 1.1936 1.1570 1.0286 1.0885
115 83 1.2329 1.1161 1.1474 1.2103 1.2389 1.1965 1.0585 1.1182
115 84 1.1720 1.0611 1.0908 1.1506 1.1778 1.1382 1.0077 1.0648
115 85 1.2448 1.1269 1.1585 1.2219 1.2507 1.2039 1.0601 1.1178
115 86 1.0794 0.9772 1.0045 1.0598 1.0850 1.0515 0.9345 0.9888
115 87 1.1069 1.0021 1.0301 1.0868 1.1126 1.0783 0.9583 1.0139
115 88 1.2115 1.0969 1.1276 1.1893 1.2173 1.1604 1.0079 1.0576
115 89 1.0497 0.9503 0.9770 1.0306 1.0551 1.0221 0.9079 0.9604
115 90 0.9328 0.8444 0.8681 0.9157 0.9373 0.9060 0.8023 0.8477
115 91 1.0768 0.9748 1.0022 1.0573 1.0825 1.0496 0.9334 0.9878
115 92 1.1093 1.0042 1.0324 1.0890 1.1148 1.0791 0.9575 1.0124
115 93 1.0032 0.9082 0.9336 0.9850 1.0084 0.9772 0.8685 0.9189
115 94 1.1872 1.0748 1.1049 1.1656 1.1931 1.1543 1.0236 1.0821
115 95 1.0122 0.9158 0.9419 0.9949 1.0196 0.9899 0.8814 0.9335
115 96 0.9838 0.8906 0.9155 0.9661 0.9893 0.9599 0.8545 0.9046
115 97 1.0893 0.9862 1.0138 1.0694 1.0948 1.0597 0.9404 0.9944
115 98 1.2604 1.1411 1.1730 1.2373 1.2664 1.2138 1.0624 1.1180
115 99 1.2338 1.1170 1.1483 1.2114 1.2403 1.2026 1.0695 1.1318
115 100 0.9401 0.8511 0.8749 0.9230 0.9449 0.9155 0.8133 0.8604
115 101 1.3312 1.2052 1.2390 1.3067 1.3374 1.2242 1.0097 1.0337
115 102 0.8272 0.7489 0.7698 0.8122 0.8316 0.8066 0.7176 0.7595
115 103 0.9274 0.8396 0.8631 0.9106 0.9323 0.9042 0.8045 0.8514
115 104 1.1610 1.0511 1.0805 1.1400 1.1671 1.1314 1.0060 1.0645
115 105 0.9940 0.8999 0.9251 0.9760 0.9992 0.9690 0.8620 0.9122
115 106 0.9845 0.8913 0.9162 0.9666 0.9896 0.9593 0.8528 0.9023
115 107 1.2433 1.1256 1.1571 1.2207 1.2499 1.2121 1.0782 1.1410
115 108 1.2020 1.0882 1.1186 1.1800 1.2078 1.1664 1.0317 1.0896
115 109 0.5772 0.5225 0.5372 0.5667 0.5801 0.5620 0.4992 0.5281
115 110 1.2087 1.0943 1.1249 1.1868 1.2151 1.1781 1.0477 1.1086
115 111 1.0931 0.9896 1.0173 1.0733 1.0989 1.0659 0.9483 1.0036
115 112 0.7642 0.6918 0.7112 0.7504 0.7683 0.7454 0.6635 0.7023
115 113 1.0053 0.9101 0.9356 0.9870 1.0105 0.9795 0.8709 0.9215
115 114 1.1698 1.0590 1.0887 1.1486 1.1760 1.1406 1.0148 1.0739
115 116 1.1118 1.0064 1.0347 1.0917 1.1179 1.0847 0.9655 1.0220
115 117 0.9628 0.8716 0.8960 0.9453 0.9678 0.9384 0.8346 0.8831
115 118 0.7941 0.7190 0.7391 0.7796 0.7981 0.7724 0.6852 0.7244
115 119 1.0111 0.9154 0.9410 0.9927 1.0163 0.9848 0.8751 0.9258
115 120 1.2261 1.1101 1.1411 1.2037 1.2320 1.1886 1.0498 1.1083
115 121 1.0228 0.9260 0.9519 1.0042 1.0281 0.9964 0.8856 0.9369
115 122 1.1564 1.0470 1.0763 1.1353 1.1620 1.1184 0.9846 1.0383
115 123 0.9885 0.8949 0.9200 0.9704 0.9935 0.9621 0.8542 0.9034
115 124 1.1688 1.0582 1.0878 1.1474 1.1745 1.1319 0.9984 1.0535
115 125 1.0108 0.9151 0.9407 0.9924 1.0161 0.9853 0.8764 0.9274
116 0 1.3258 1.2000 1.2335 1.3014 1.3327 1.2906 1.1456 1.2121
116 1 1.3787 1.2479 1.2827 1.3537 1.3867 1.3455 1.1974 1.2684
116 2 1.2733 1.1526 1.1848 1.2499 1.2797 1.2379 1.0973 1.1602
116 3 1.3149 1.1903 1.2235 1.2908 1.3216 1.2788 1.1341 1.1994
116 4 1.3692 1.2394 1.2741 1.3445 1.3771 1.3362 1.1891 1.2596
116 5 1.2206 1.1049 1.1358 1.1984 1.2272 1.1894 1.0569 1.1188
116 6 1.2757 1.1548 1.1871 1.2522 1.2819 1.2371 1.0931 1.1541
116 7 1.3977 1.2652 1.3006 1.3726 1.4059 1.3645 1.2147 1.2868
116 8 1.2859 1.1641 1.1966 1.2625 1.2928 1.2524 1.1125 1.1774
116 9 1.2563 1.1373 1.1691 1.2336 1.2634 1.2252 1.0896 1.1539
116 10 1.2499 1.1314 1.1631 1.2271 1.2565 1.2172 1.0810 1.1440
116 11 1.3738 1.2437 1.2785 1.3487 1.3806 1.3340 1.1807 1.2476
116 12 1.2402 1.1227 1.1541 1.2177 1.2470 1.2086 1.0741 1.1370
116 13 1.2695 1.1492 1.1814 1.2462 1.2757 1.2313 1.0883 1.1493
116 14 1.3266 1.2009 1.2345 1.3026 1.3339 1.2933 1.1498 1.2174
116 15 1.2083 1.0939 1.1245 1.1864 1.2148 1.1772 1.0459 1.1070
116 16 1.3747 1.2445 1.2793 1.3497 1.3819 1.3384 1.1883 1.2573
116 17 1.2303 1.1137 1.1449 1.2079 1.2368 1.1982 1.0643 1.1263
116 18 1.0479 0.9487 0.9752 1.0287 1.0531 1.0168 0.8992 0.9498
116 19 1.1378 1.0300 1.0589 1.1170 1.1434 1.1045 0.9772 1.0325
116 20 1.3429 1.2157 1.2497 1.3184 1.3499 1.3069 1.1600 1.2271
116 21 1.4032 1.2703 1.3058 1.3774 1.4100 1.3607 1.2024 1.2696
116 22 1.2890 1.1669 1.1996 1.2653 1.2952 1.2495 1.1035 1.1649
116 23 1.3848 1.2536 1.2887 1.3597 1.3923 1.3493 1.1992 1.2692
116 24 1.0413 0.9426 0.9690 1.0224 1.0468 1.0144 0.9013 0.9539
116 25 1.1337 1.0264 1.0551 1.1131 1.1396 1.1032 0.9789 1.0355
116 26 1.1414 1.0327 1.0620 1.1219 1.1499 1.1167 0.9947 1.0542
116 27 1.3049 1.1813 1.2144 1.2810 1.3113 1.2660 1.1193 1.1822
116 28 1.3817 1.2508 1.2858 1.3566 1.3890 1.3455 1.1950 1.2645
116 29 1.3262 1.2006 1.2342 1.3020 1.3331 1.2907 1.1455 1.2118
116 30 1.1025 0.9981 1.0260 1.0826 1.1086 1.0750 0.9561 1.0122
116 31 1.3577 1.2292 1.2636 1.3329 1.3644 1.3171 1.1644 1.2297
116 32 1.2928 1.1704 1.2031 1.2691 1.2991 1.2544 1.1093 1.1718
116 33 1.0204 0.9238 0.9496 1.0019 1.0258 0.9939 0.8829 0.9343
116 34 1.2843 1.1627 1.1952 1.2608 1.2906 1.2464 1.1024 1.1646
116 35 1.2948 1.1721 1.2050 1.2712 1.3015 1.2604 1.1191 1.1839
116 36 1.1073 1.0024 1.0305 1.0872 1.1131 1.0784 0.9580 1.0138
116 37 1.0937 0.9901 1.0178 1.0738 1.0994 1.0649 0.9457 1.0006
116 38 0.9517 0.8616 0.8857 0.9344 0.9567 0.9265 0.8225 0.8702
116 39 1.3042 1.1807 1.2138 1.2803 1.3106 1.2651 1.1184 1.1812
116 40 1.3474 1.2198 1.2539 1.3228 1.3542 1.3104 1.1621 1.2289
116 41 1.3894 1.2579 1.2931 1.3641 1.3965 1.3509 1.1976 1.2663
116 42 1.0742 0.9725 0.9997 1.0547 1.0799 1.0462 0.9294 0.9834
116 43 1.2586 1.1394 1.1713 1.2356 1.2647 1.2204 1.0782 1.1385
116 44 1.2747 1.1541 1.1864 1.2514 1.2809 1.2350 1.0899 1.1503
116 45 1.2359 1.1189 1.1502 1.2134 1.2422 1.2022 1.0665 1.1278
116 46 1.3862 1.2549 1.2901 1.3609 1.3932 1.3476 1.1946 1.2630
116 47 1.3155 1.1909 1.2243 1.2915 1.3220 1.2777 1.1314 1.1956
116 48 1.0386 0.9402 0.9666 1.0196 1.0437 1.0086 0.8930 0.9436
116 49 1.0829 0.9804 1.0078 1.0632 1.0884 1.0532 0.9342 0.9879
116 50 1.2023 1.0884 1.1189 1.1805 1.2086 1.1708 1.0400 1.1004
116 51 1.1964 1.0831 1.1135 1.1746 1.2024 1.1632 1.0313 1.0904
116 52 1.2452 1.1273 1.1588 1.2223 1.2511 1.2047 1.0612 1.1191
116 53 0.9884 0.8949 0.9199 0.9704 0.9934 0.9607 0.8513 0.8999
116 54 1.2346 1.1177 1.1490 1.2120 1.2407 1.1988 1.0611 1.1212
116 55 1.2206 1.1050 1.1360 1.1982 1.2264 1.1724 1.0225 1.0741
116 56 0.9589 0.8681 0.8924 0.9414 0.9637 0.9323 0.8265 0.8738
116 57 1.2394 1.1221 1.1535 1.2167 1.2453 1.1942 1.0459 1.1006
116 58 1.1138 1.0083 1.0365 1.0934 1.1193 1.0826 0.9595 1.0143
116 59 1.2807 1.1594 1.1919 1.2575 1.2875 1.2476 1.1087 1.1731
116 60 1.3530 1.2249 1.2592 1.3283 1.3597 1.3138 1.1629 1.2286
116 61 1.1090 1.0040 1.0321 1.0888 1.1146 1.0786 0.9568 1.0117
116 62 1.2775 1.1565 1.1889 1.2544 1.2843 1.2449 1.1067 1.1713
116 63 1.0158 0.9196 0.9454 0.9973 1.0209 0.9880 0.8763 0.9266
116 64 1.2491 1.1308 1.1625 1.2263 1.2553 1.2134 1.0747 1.1357
116 65 0.9543 0.8639 0.8881 0.9370 0.9595 0.9304 0.8275 0.8759
116 66 1.1599 1.0500 1.0794 1.1389 1.1662 1.1311 1.0063 1.0652
116 67 1.4712 1.3319 1.3692 1.4444 1.4789 1.4330 1.2732 1.3472
116 68 1.1430 1.0343 1.0636 1.1233 1.1510 1.1175 0.9951 1.0540
116 69 1.2956 1.1729 1.2058 1.2719 1.3019 1.2553 1.1079 1.1694
116 70 1.2816 1.1602 1.1927 1.2581 1.2877 1.2410 1.0946 1.1550
116 71 1.2099 1.0953 1.1259 1.1879 1.2162 1.1790 1.0482 1.1092
116 72 1.2950 1.1725 1.2053 1.2713 1.3012 1.2498 1.0972 1.1557
116 73 1.3243 1.1989 1.2325 1.3000 1.3306 1.2806 1.1273 1.1886
116 74 1.2514 1.1330 1.1647 1.2286 1.2578 1.2174 1.0801 1.1421
116 75 1.2174 1.1021 1.1330 1.1952 1.2235 1.1840 1.0502 1.1104
116 76 1.4641 1.3254 1.3625 1.4375 1.4718 1.4268 1.2685 1.3424
116 77 1.1482 1.0395 1.0686 1.1272 1.1540 1.1168 0.9906 1.0475
116 78 1.0595 0.9592 0.9860 1.0402 1.0648 1.0303 0.9138 0.9662
116 79 1.0869 0.9840 1.0116 1.0671 1.0924 1.0572 0.9378 0.9916
116 80 1.3569 1.2284 1.2628 1.3322 1.3639 1.3216 1.1743 1.2424
116 81 1.2733 1.1527 1.1850 1.2501 1.2799 1.2398 1.1013 1.1650
116 82 1.2916 1.1693 1.2020 1.2681 1.2984 1.2584 1.1186 1.1837
116 83 1.3793 1.2488 1.2837 1.3541 1.3861 1.3386 1.1841 1.2507
116 84 1.2081 1.0938 1.1244 1.1860 1.2141 1.1732 1.0386 1.0973
116 85 1.3469 1.2194 1.2535 1.3222 1.3533 1.3026 1.1468 1.2093
116 86 1.1528 1.0437 1.0729 1.1319 1.1588 1.1230 0.9979 1.0558
116 87 1.2630 1.1434 1.1755 1.2401 1.2696 1.2303 1.0933 1.1567
116 88 1.2894 1.1673 1.2000 1.2657 1.2955 1.2349 1.0725 1.1253
116 89 0.9684 0.8767 0.9013 0.9508 0.9734 0.9429 0.8374 0.8858
116 90 0.8576 0.7764 0.7981 0.8419 0.8618 0.8329 0.7375 0.7793
116 91 1.2054 1.0913 1.1219 1.1836 1.2118 1.1748 1.0447 1.1055
116 92 1.2071 1.0928 1.1234 1.1850 1.2131 1.1741 1.0417 1.1015
116 93 1.0439 0.9450 0.9715 1.0249 1.0493 1.0168 0.9036 0.9559
116 94 1.2240 1.1081 1.1392 1.2017 1.2301 1.1900 1.0551 1.1154
116 95 1.1293 1.0218 1.0507 1.1099 1.1373 1.1041 0.9831 1.0412
116 96 1.1165 1.0107 1.0391 1.0963 1.1225 1.0892 0.9696 1.0264
116 97 1.1830 1.0710 1.1009 1.1614 1.1889 1.1507 1.0210 1.0796
116 98 1.2391 1.1218 1.1532 1.2164 1.2450 1.1932 1.0443 1.0989
116 99 1.2267 1.1105 1.1416 1.2044 1.2331 1.1956 1.0631 1.1250
116 100 0.9886 0.8950 0.9201 0.9707 0.9937 0.9627 0.8552 0.9046
116 101 1.3345 1.2082 1.2420 1.3099 1.3406 1.2272 1.0122 1.0362
116 102 1.1046 1.0000 1.0280 1.0846 1.1105 1.0770 0.9581 1.0140
116 103 1.0797 0.9775 1.0049 1.0602 1.0855 1.0527 0.9365 0.9911
116 104 0.9255 0.8379 0.8613 0.9087 0.9304 0.9019 0.8018 0.8484
116 105 1.1297 1.0227 1.0514 1.1092 1.1357 1.1013 0.9796 1.0366
116 106 0.8704 0.7880 0.8101 0.8546 0.8749 0.8481 0.7539 0.7976
116 107 1.2766 1.1557 1.1880 1.2534 1.2833 1.2444 1.1069 1.1713
116 108 1.1265 1.0199 1.0485 1.1059 1.1320 1.0931 0.9668 1.0210
116 109 1.0030 0.9081 0.9335 0.9848 1.0081 0.9766 0.8675 0.9175
116 110 0.9398 0.8508 0.8746 0.9227 0.9447 0.9159 0.8144 0.8617
116 111 1.0978 0.9938 1.0216 1.0778 1.1036 1.0703 0.9522 1.0077
116 112 1.2031 1.0891 1.1197 1.1813 1.2095 1.1734 1.0443 1.1054
116 113 1.0048 0.9097 0.9351 0.9865 1.0100 0.9790 0.8704 0.9209
116 114 1.2654 1.1455 1.1776 1.2424 1.2721 1.2337 1.0975 1.1614
116 115 1.1191 1.0131 1.0415 1.0988 1.1251 1.0915 0.9715 1.0282
116 117 0.4479 0.4055 0.4169 0.4398 0.4503 0.4366 0.3882 0.4108
116 118 1.1328 1.0256 1.0543 1.1122 1.1385 1.1017 0.9773 1.0332
116 119 0.5748 0.5203 0.5349 0.5643 0.5777 0.5598 0.4974 0.5261
116 120 1.2648 1.1450 1.1771 1.2416 1.2709 1.2259 1.0827 1.1430
116 121 0.7747 0.7014 0.7210 0.7606 0.7787 0.7547 0.6707 0.7095
116 122 1.1854 1.0732 1.1032 1.1637 1.1911 1.1463 1.0091 1.0640
116 123 0.7927 0.7177 0.7378 0.7783 0.7967 0.7715 0.6850 0.7244
116 124 1.1985 1.0850 1.1154 1.1765 1.2042 1.1605 1.0235 1.0800
116 125 0.9455 0.8559 0.8799 0.9283 0.9504 0.9215 0.8196 0.8673
117 0 1.2868 1.1647 1.1972 1.2632 1.2935 1.2535 1.1136 1.1785
117 1 1.3276 1.2015 1.2352 1.3039 1.3358 1.2969 1.1549 1.2237
117 2 1.2432 1.1254 1.1568 1.2204 1.2495 1.2094 1.0730 1.1348
117 3 1.2765 1.1556 1.1878 1.2531 1.2830 1.2423 1.1027 1.1664
117 4 1.3135 1.1889 1.2222 1.2901 1.3216 1.2830 1.1426 1.2106
117 5 1.1933 1.0802 1.1104 1.1716 1.1997 1.1635 1.0348 1.0957
117 6 1.2798 1.1586 1.1910 1.2563 1.2860 1.2419 1.0983 1.1599
117 7 1.3397 1.2124 1.2465 1.3162 1.3486 1.3095 1.1663 1.2359
117 8 1.2470 1.1289 1.1604 1.2244 1.2537 1.2153 1.0805 1.1438
117 9 1.0907 0.9874 1.0150 1.0710 1.0968 1.0643 0.9474 1.0035
117 10 1.2156 1.1004 1.1312 1.1935 1.2221 1.1846 1.0530 1.1146
117 11 1.0981 0.9941 1.0219 1.0780 1.1036 1.0669 0.9452 0.9990
117 12 1.2072 1.0928 1.1234 1.1853 1.2137 1.1771 1.0471 1.1086
117 13 1.2365 1.1194 1.1507 1.2138 1.2425 1.2001 1.0617 1.1215
117 14 1.2744 1.1537 1.1859 1.2513 1.2814 1.2432 1.1063 1.1716
117 15 1.0426 0.9438 0.9703 1.0237 1.0482 1.0164 0.9039 0.9569
117 16 1.3275 1.2018 1.2354 1.3034 1.3345 1.2932 1.1492 1.2163
117 17 1.1963 1.0830 1.1133 1.1746 1.2027 1.1658 1.0365 1.0971
117 18 0.9114 0.8251 0.8482 0.8947 0.9159 0.8849 0.7832 0.8275
117 19 1.0718 0.9703 0.9974 1.0521 1.0770 1.0411 0.9219 0.9743
117 20 1.2841 1.1625 1.1950 1.2608 1.2908 1.2506 1.1109 1.1756
117 21 1.1666 1.0561 1.0856 1.1452 1.1722 1.1320 1.0012 1.0574
117 22 1.0795 0.9772 1.0046 1.0597 1.0847 1.0471 0.9256 0.9773
117 23 1.3111 1.1869 1.2202 1.2874 1.3182 1.2784 1.1371 1.2039
117 24 1.0752 0.9734 1.0006 1.0557 1.0810 1.0482 0.9322 0.9868
117 25 1.1196 1.0136 1.0420 1.0992 1.1254 1.0902 0.9682 1.0244
117 26 1.0669 0.9649 0.9925 1.0494 1.0763 1.0456 0.9316 0.9876
117 27 1.2715 1.1511 1.1833 1.2483 1.2778 1.2344 1.0924 1.1541
117 28 1.3311 1.2050 1.2387 1.3069 1.3381 1.2970 1.1530 1.2203
117 29 1.2628 1.1432 1.1752 1.2398 1.2694 1.2298 1.0925 1.1560
117 30 1.0381 0.9398 0.9661 1.0194 1.0438 1.0129 0.9016 0.9549
117 31 1.1234 1.0170 1.0455 1.1028 1.1289 1.0905 0.9649 1.0193
117 32 1.2564 1.1374 1.1693 1.2334 1.2626 1.2199 1.0798 1.1409
117 33 1.0581 0.9579 0.9847 1.0389 1.0637 1.0312 0.9169 0.9706
117 34 1.2690 1.1488 1.1810 1.2458 1.2752 1.2323 1.0910 1.1528
117 35 1.2455 1.1276 1.1591 1.2229 1.2520 1.2133 1.0782 1.1410
117 36 1.0292 0.9317 0.9578 1.0105 1.0346 1.0030 0.8918 0.9440
117 37 1.0352 0.9371 0.9634 1.0164 1.0406 1.0086 0.8966 0.9489
117 38 0.9963 0.9020 0.9272 0.9782 1.0015 0.9705 0.8624 0.9127
117 39 1.2039 1.0899 1.1204 1.1819 1.2098 1.1686 1.0340 1.0924
117 40 1.2907 1.1685 1.2012 1.2671 1.2972 1.2561 1.1150 1.1794
117 41 1.1602 1.0503 1.0797 1.1390 1.1661 1.1288 1.0016 1.0593
117 42 1.0074 0.9120 0.9376 0.9891 1.0127 0.9818 0.8730 0.9240
117 43 1.2322 1.1155 1.1468 1.2096 1.2382 1.1956 1.0572 1.1166
117 44 1.0990 0.9949 1.0228 1.0788 1.1043 1.0654 0.9411 0.9935
117 45 1.1943 1.0812 1.1115 1.1725 1.2004 1.1625 1.0322 1.0919
117 46 1.1664 1.0560 1.0856 1.1452 1.1723 1.1347 1.0068 1.0648
117 47 1.3035 1.1800 1.2131 1.2796 1.3099 1.2668 1.1228 1.1869
117 48 0.9432 0.8539 0.8778 0.9260 0.9479 0.9166 0.8123 0.8586
117 49 1.0207 0.9240 0.9499 1.0021 1.0259 0.9934 0.8819 0.9329
117 50 1.1723 1.0612 1.0910 1.1510 1.1784 1.1423 1.0156 1.0749
117 51 1.1670 1.0565 1.0861 1.1457 1.1729 1.1354 1.0076 1.0656
117 52 1.0752 0.9734 1.0006 1.0555 1.0803 1.0409 0.9177 0.9681
117 53 1.0349 0.9369 0.9632 1.0160 1.0401 1.0065 0.8928 0.9440
117 54 1.2019 1.0881 1.1186 1.1800 1.2079 1.1678 1.0347 1.0935
117 55 1.2016 1.0878 1.1183 1.1795 1.2073 1.1549 1.0080 1.0593
117 56 1.0121 0.9163 0.9419 0.9936 1.0172 0.9846 0.8738 0.9240
117 57 1.2188 1.1034 1.1343 1.1964 1.2246 1.1750 1.0301 1.0842
117 58 1.0983 0.9943 1.0221 1.0782 1.1037 1.0682 0.9476 1.0020
117 59 1.1442 1.0359 1.0649 1.1234 1.1502 1.1154 0.9921 1.0500
117 60 1.3134 1.1891 1.2224 1.2894 1.3199 1.2762 1.1306 1.1949
117 61 1.0116 0.9158 0.9415 0.9932 1.0167 0.9846 0.8742 0.9246
117 62 1.2184 1.1030 1.1339 1.1963 1.2249 1.1881 1.0572 1.1191
117 63 1.0669 0.9659 0.9929 1.0474 1.0723 1.0383 0.9219 0.9750
117 64 1.2077 1.0933 1.1239 1.1856 1.2136 1.1740 1.0407 1.1001
117 65 1.0154 0.9192 0.9450 0.9970 1.0209 0.9906 0.8819 0.9337
117 66 1.1407 1.0326 1.0616 1.1203 1.1474 1.1135 0.9914 1.0497
117 67 1.2506 1.1321 1.1638 1.2278 1.2571 1.2189 1.0840 1.1473
117 68 1.0453 0.9454 0.9725 1.0280 1.0540 1.0237 0.9118 0.9661
117 69 1.1120 1.0067 1.0349 1.0916 1.1174 1.0781 0.9525 1.0056
117 70 1.2605 1.1411 1.1731 1.2374 1.2665 1.2214 1.0783 1.1381
117 71 1.0641 0.9634 0.9903 1.0448 1.0698 1.0377 0.9234 0.9775
117 72 1.2679 1.1479 1.1800 1.2447 1.2740 1.2245 1.0759 1.1336
117 73 1.2909 1.1687 1.2014 1.2673 1.2971 1.2492 1.1007 1.1609
117 74 1.2098 1.0953 1.1259 1.1878 1.2159 1.1777 1.0458 1.1062
117 75 1.1806 1.0688 1.0987 1.1591 1.1865 1.1490 1.0201 1.0789
117 76 1.2551 1.1362 1.1681 1.2323 1.2617 1.2239 1.0892 1.1529
117 77 1.1008 0.9965 1.0245 1.0807 1.1063 1.0714 0.9512 1.0061
117 78 0.9251 0.8375 0.8610 0.9082 0.9298 0.9003 0.7992 0.8452
117 79 0.9819 0.8890 0.9139 0.9640 0.9869 0.9557 0.8486 0.8975
117 80 1.2689 1.1487 1.1809 1.2458 1.2755 1.2367 1.0998 1.1640
117 81 1.2107 1.0960 1.1267 1.1886 1.2169 1.1796 1.0488 1.1098
117 82 1.2477 1.1295 1.1612 1.2250 1.2542 1.2165 1.0824 1.1456
117 83 1.1907 1.0780 1.1082 1.1689 1.1965 1.1563 1.0238 1.0818
117 84 1.1882 1.0757 1.1059 1.1665 1.1940 1.1546 1.0231 1.0813
117 85 1.3116 1.1875 1.2207 1.2876 1.3179 1.2693 1.1186 1.1799
117 86 1.1228 1.0165 1.0449 1.1024 1.1286 1.0944 0.9735 1.0303
117 87 1.2441 1.1263 1.1578 1.2215 1.2505 1.2126 1.0786 1.1415
117 88 1.2655 1.1457 1.1778 1.2423 1.2715 1.2127 1.0542 1.1064
117 89 0.9936 0.8995 0.9247 0.9755 0.9987 0.9680 0.8606 0.9106
117 90 0.9142 0.8277 0.8509 0.8975 0.9187 0.8885 0.7875 0.8323
117 91 1.1489 1.0401 1.0692 1.1280 1.1549 1.1205 0.9972 1.0556
117 92 1.1714 1.0605 1.0902 1.1501 1.1773 1.1403 1.0126 1.0710
117 93 1.0441 0.9452 0.9717 1.0251 1.0495 1.0177 0.9052 0.9580
117 94 1.2043 1.0903 1.1208 1.1823 1.2103 1.1717 1.0398 1.0996
117 95 1.0143 0.9173 0.9437 0.9977 1.0229 0.9934 0.8848 0.9374
117 96 0.9998 0.9047 0.9303 0.9824 1.0065 0.9770 0.8700 0.9213
117 97 1.1450 1.0366 1.0656 1.1241 1.1508 1.1146 0.9899 1.0470
117 98 1.2194 1.1039 1.1349 1.1970 1.2252 1.1750 1.0293 1.0834
117 99 1.1676 1.0570 1.0866 1.1464 1.1737 1.1387 1.0135 1.0729
117 100 0.6790 0.6147 0.6319 0.6667 0.6825 0.6616 0.5883 0.6225
117 101 1.3029 1.1796 1.2126 1.2789 1.3089 1.1982 0.9883 1.0118
117 102 1.0150 0.9187 0.9446 0.9970 1.0210 0.9908 0.8820 0.9337
117 103 0.8851 0.8012 0.8237 0.8693 0.8903 0.8639 0.7691 0.8141
117 104 0.9754 0.8830 0.9077 0.9577 0.9805 0.9511 0.8464 0.8958
117 105 0.9959 0.9015 0.9268 0.9780 1.0014 0.9717 0.8650 0.9156
117 106 0.7852 0.7108 0.7307 0.7709 0.7893 0.7655 0.6812 0.7209
117 107 1.1659 1.0554 1.0850 1.1450 1.1724 1.1376 1.0127 1.0720
117 108 1.1075 1.0027 1.0308 1.0873 1.1129 1.0754 0.9520 1.0058
117 109 0.9302 0.8421 0.8657 0.9133 0.9350 0.9063 0.8058 0.8526
117 110 0.9991 0.9045 0.9298 0.9809 1.0043 0.9743 0.8672 0.9179
117 111 0.8313 0.7524 0.7736 0.8165 0.8362 0.8114 0.7223 0.7647
117 112 1.0910 0.9873 1.0153 1.0720 1.0982 1.0659 0.9490 1.0048
117 113 0.8161 0.7388 0.7595 0.8013 0.8203 0.7957 0.7080 0.7494
117 114 1.1343 1.0267 1.0556 1.1141 1.1410 1.1072 0.9856 1.0434
117 115 1.0406 0.9416 0.9683 1.0224 1.0474 1.0166 0.9051 0.9583
117 116 0.9277 0.8394 0.8632 0.9116 0.9339 0.9065 0.8071 0.8546
117 118 1.0193 0.9228 0.9486 1.0007 1.0244 0.9920 0.8807 0.9314
117 119 0.7799 0.7060 0.7258 0.7657 0.7839 0.7600 0.6759 0.7153
117 120 1.2367 1.1196 1.1510 1.2141 1.2427 1.1995 1.0604 1.1198
117 121 0.7107 0.6434 0.6614 0.6978 0.7144 0.6928 0.6163 0.6522
117 122 1.1652 1.0549 1.0844 1.1438 1.1708 1.1275 0.9935 1.0479
117 123 0.7217 0.6534 0.6717 0.7086 0.7254 0.7029 0.6246 0.6608
117 124 1.1776 1.0661 1.0960 1.1560 1.1832 1.1411 1.0073 1.0632
117 125 0.7773 0.7036 0.7234 0.7632 0.7815 0.7582 0.6749 0.7144
118 0 1.2685 1.1478 1.1800 1.2456 1.2760 1.2384 1.1024 1.1674
118 1 0.9789 0.8849 0.9104 0.9634 0.9886 0.9607 0.8559 0.9076
118 2 1.2343 1.1173 1.1485 1.2116 1.2405 1.2028 1.0697 1.1319
118 3 1.2602 1.1408 1.1726 1.2371 1.2666 1.2285 1.0930 1.1569
118 4 1.2756 1.1531 1.1864 1.2554 1.2881 1.2517 1.1153 1.1826
118 5 0.9717 0.8790 0.9040 0.9551 0.9790 0.9506 0.8466 0.8970
118 6 0.9468 0.8571 0.8810 0.9294 0.9514 0.9203 0.8159 0.8622
118 7 1.2965 1.1719 1.2059 1.2765 1.3100 1.2732 1.1346 1.2032
118 8 1.2305 1.1134 1.1449 1.2091 1.2389 1.2027 1.0710 1.1345
118 9 0.9651 0.8728 0.8978 0.9494 0.9737 0.9459 0.8427 0.8932
118 10 1.2065 1.0917 1.1226 1.1854 1.2145 1.1790 1.0498 1.1120
118 11 0.9827 0.8896 0.9145 0.9647 0.9876 0.9565 0.8494 0.8983
118 12 1.1974 1.0832 1.1140 1.1772 1.2066 1.1717 1.0436 1.1058
118 13 1.2273 1.1110 1.1421 1.2048 1.2333 1.1933 1.0582 1.1185
118 14 1.2461 1.1269 1.1592 1.2255 1.2565 1.2204 1.0871 1.1521
118 15 0.9321 0.8432 0.8672 0.9162 0.9389 0.9116 0.8119 0.8601
118 16 1.2974 1.1741 1.2072 1.2744 1.3054 1.2670 1.1282 1.1948
118 17 1.1906 1.0773 1.1078 1.1700 1.1988 1.1638 1.0364 1.0978
118 18 0.8463 0.7662 0.7876 0.8309 0.8505 0.8232 0.7304 0.7722
118 19 0.9564 0.8658 0.8901 0.9389 0.9612 0.9307 0.8262 0.8737
118 20 1.2587 1.1393 1.1713 1.2361 1.2658 1.2284 1.0936 1.1580
118 21 1.0521 0.9524 0.9791 1.0328 1.0573 1.0228 0.9067 0.9583
118 22 0.9810 0.8881 0.9129 0.9630 0.9858 0.9533 0.8447 0.8925
118 23 1.2713 1.1500 1.1828 1.2499 1.2811 1.2440 1.1080 1.1739
118 24 0.9651 0.8731 0.8979 0.9487 0.9722 0.9440 0.8407 0.8906
118 25 1.1339 1.0265 1.0552 1.1134 1.1401 1.1063 0.9848 1.0427
118 26 0.9343 0.8439 0.8688 0.9210 0.9461 0.9201 0.8202 0.8702
118 27 1.2564 1.1374 1.1692 1.2334 1.2626 1.2219 1.0840 1.1459
118 28 1.2977 1.1742 1.2075 1.2752 1.3064 1.2682 1.1293 1.1962
118 29 1.2404 1.1227 1.1543 1.2182 1.2475 1.2107 1.0778 1.1413
118 30 0.9268 0.8381 0.8622 0.9118 0.9351 0.9084 0.8092 0.8577
118 31 1.2286 1.1123 1.1434 1.2061 1.2347 1.1948 1.0598 1.1203
118 32 1.1252 1.0187 1.0472 1.1047 1.1308 1.0946 0.9712 1.0269
118 33 0.9460 0.8559 0.8802 0.9298 0.9528 0.9250 0.8238 0.8726
118 34 1.1381 1.0303 1.0591 1.1173 1.1437 1.1072 0.9826 1.0390
118 35 1.2281 1.1114 1.1428 1.2065 1.2358 1.1995 1.0680 1.1310
118 36 0.9054 0.8191 0.8424 0.8898 0.9118 0.8852 0.7883 0.8350
118 37 0.9371 0.8479 0.8719 0.9208 0.9433 0.9157 0.8154 0.8637
118 38 0.8931 0.8082 0.8310 0.8773 0.8986 0.8722 0.7766 0.8224
118 39 1.0853 0.9825 1.0100 1.0654 1.0906 1.0554 0.9361 0.9897
118 40 1.2655 1.1457 1.1778 1.2425 1.2720 1.2339 1.0980 1.1622
118 41 1.0932 0.9897 1.0174 1.0733 1.0988 1.0656 0.9479 1.0032
118 42 1.0111 0.9147 0.9407 0.9937 1.0183 0.9886 0.8804 0.9326
118 43 1.2244 1.1084 1.1395 1.2020 1.2304 1.1902 1.0551 1.1152
118 44 1.1699 1.0591 1.0888 1.1485 1.1756 1.1363 1.0062 1.0630
118 45 1.1923 1.0794 1.1096 1.1706 1.1984 1.1627 1.0349 1.0955
118 46 1.1138 1.0083 1.0366 1.0935 1.1195 1.0855 0.9656 1.0219
118 47 1.1550 1.0456 1.0749 1.1339 1.1608 1.1246 0.9992 1.0570
118 48 0.8305 0.7518 0.7729 0.8153 0.8346 0.8086 0.7183 0.7598
118 49 1.0282 0.9309 0.9569 1.0095 1.0335 1.0026 0.8923 0.9445
118 50 1.1807 1.0683 1.0986 1.1604 1.1890 1.1543 1.0279 1.0887
118 51 1.1814 1.0696 1.0995 1.1599 1.1875 1.1516 1.0245 1.0843
118 52 1.1519 1.0428 1.0720 1.1308 1.1575 1.1172 0.9875 1.0425
118 53 0.9173 0.8305 0.8537 0.9006 0.9220 0.8938 0.7948 0.8410
118 54 1.2309 1.1144 1.1456 1.2084 1.2371 1.1982 1.0642 1.1256
118 55 1.1995 1.0860 1.1164 1.1775 1.2053 1.1550 1.0106 1.0627
118 56 0.8913 0.8069 0.8295 0.8751 0.8958 0.8687 0.7728 0.8179
118 57 1.2140 1.0991 1.1298 1.1917 1.2198 1.1725 1.0304 1.0854
118 58 1.1238 1.0174 1.0459 1.1033 1.1295 1.0951 0.9739 1.0306
118 59 1.1613 1.0505 1.0805 1.1418 1.1703 1.1363 1.0120 1.0720
118 60 1.2906 1.1684 1.2011 1.2670 1.2970 1.2563 1.1158 1.1801
118 61 0.8735 0.7908 0.8130 0.8576 0.8780 0.8518 0.7581 0.8025
118 62 1.2010 1.0862 1.1173 1.1813 1.2111 1.1762 1.0476 1.1099
118 63 0.9281 0.8402 0.8637 0.9112 0.9328 0.9049 0.8054 0.8525
118 64 1.2116 1.0969 1.1276 1.1895 1.2177 1.1800 1.0487 1.1094
118 65 0.8740 0.7903 0.8131 0.8600 0.8821 0.8568 0.7633 0.8089
118 66 1.1492 1.0390 1.0690 1.1311 1.1603 1.1272 1.0042 1.0643
118 67 1.2290 1.1117 1.1434 1.2082 1.2383 1.2023 1.0707 1.1342
118 68 0.8882 0.8023 0.8260 0.8754 0.8990 0.8741 0.7790 0.8262
118 69 1.1611 1.0511 1.0806 1.1398 1.1668 1.1278 0.9988 1.0554
118 70 1.1361 1.0286 1.0574 1.1154 1.1417 1.1030 0.9762 1.0312
118 71 0.9135 0.8262 0.8499 0.8986 0.9213 0.8947 0.7969 0.8444
118 72 1.2551 1.1363 1.1681 1.2321 1.2612 1.2144 1.0697 1.1279
118 73 1.2730 1.1525 1.1848 1.2497 1.2792 1.2342 1.0901 1.1507
118 74 1.2123 1.0974 1.1282 1.1903 1.2187 1.1825 1.0526 1.1143
118 75 1.1921 1.0792 1.1094 1.1704 1.1982 1.1624 1.0346 1.0951
118 76 1.2303 1.1126 1.1446 1.2102 1.2408 1.2051 1.0733 1.1372
118 77 1.1130 1.0076 1.0358 1.0927 1.1187 1.0853 0.9661 1.0226
118 78 0.7944 0.7191 0.7393 0.7799 0.7984 0.7745 0.6893 0.7296
118 79 0.7058 0.6390 0.6569 0.6929 0.7094 0.6883 0.6126 0.6485
118 80 1.2465 1.1276 1.1598 1.2255 1.2560 1.2195 1.0860 1.1504
118 81 1.1984 1.0843 1.1151 1.1779 1.2070 1.1717 1.0434 1.1050
118 82 1.2336 1.1156 1.1476 1.2132 1.2438 1.2078 1.0758 1.1397
118 83 1.1923 1.0794 1.1096 1.1705 1.1982 1.1600 1.0297 1.0889
118 84 1.0963 0.9925 1.0203 1.0763 1.1018 1.0673 0.9481 1.0029
118 85 1.2907 1.1685 1.2012 1.2670 1.2970 1.2514 1.1056 1.1671
118 86 1.1374 1.0288 1.0582 1.1184 1.1463 1.1131 0.9913 1.0501
118 87 1.0858 0.9821 1.0102 1.0676 1.0943 1.0625 0.9462 1.0024
118 88 1.2540 1.1353 1.1671 1.2310 1.2600 1.2039 1.0490 1.1018
118 89 1.0823 0.9792 1.0070 1.0637 1.0899 1.0580 0.9420 0.9977
118 90 0.8060 0.7297 0.7502 0.7913 0.8101 0.7849 0.6974 0.7377
118 91 1.1797 1.0667 1.0974 1.1606 1.1901 1.1559 1.0296 1.0909
118 92 1.1851 1.0728 1.1029 1.1637 1.1914 1.1560 1.0290 1.0893
118 93 1.1271 1.0195 1.0486 1.1082 1.1359 1.1029 0.9822 1.0405
118 94 1.1076 1.0027 1.0308 1.0874 1.1132 1.0796 0.9605 1.0166
118 95 0.7717 0.6970 0.7176 0.7606 0.7812 0.7595 0.6769 0.7179
118 96 0.7565 0.6837 0.7037 0.7450 0.7646 0.7430 0.6620 0.7017
118 97 1.1577 1.0480 1.0774 1.1369 1.1640 1.1294 1.0054 1.0644
118 98 1.2143 1.0993 1.1301 1.1921 1.2202 1.1723 1.0295 1.0846
118 99 1.1746 1.0621 1.0927 1.1557 1.1851 1.1511 1.0253 1.0864
118 100 1.0423 0.9430 0.9698 1.0246 1.0500 1.0193 0.9077 0.9614
118 101 1.2209 1.1053 1.1363 1.1985 1.2267 1.1230 0.9263 0.9486
118 102 0.7062 0.6384 0.6569 0.6951 0.7131 0.6927 0.6171 0.6539
118 103 1.0169 0.9193 0.9459 1.0009 1.0267 0.9974 0.8885 0.9415
118 104 1.0849 0.9811 1.0093 1.0673 1.0943 1.0628 0.9466 1.0028
118 105 0.9064 0.8195 0.8432 0.8920 0.9150 0.8888 0.7917 0.8389
118 106 1.0157 0.9185 0.9449 0.9990 1.0243 0.9947 0.8859 0.9385
118 107 1.1764 1.0636 1.0944 1.1578 1.1875 1.1535 1.0275 1.0888
118 108 1.1591 1.0493 1.0787 1.1379 1.1648 1.1277 1.0008 1.0582
118 109 0.8005 0.7242 0.7449 0.7869 0.8063 0.7827 0.6970 0.7381
118 110 1.1383 1.0293 1.0589 1.1199 1.1485 1.1155 0.9935 1.0526
118 111 0.9789 0.8849 0.9106 0.9635 0.9884 0.9602 0.8554 0.9065
118 112 0.5952 0.5380 0.5536 0.5861 0.6014 0.5844 0.5206 0.5518
118 113 0.8696 0.7864 0.8090 0.8554 0.8771 0.8518 0.7586 0.8037
118 114 1.1814 1.0680 1.0989 1.1628 1.1928 1.1588 1.0323 1.0939
118 115 0.8652 0.7820 0.8048 0.8520 0.8742 0.8495 0.7568 0.8021
118 116 1.0885 0.9838 1.0125 1.0719 1.1001 1.0689 0.9524 1.0094
118 117 0.9402 0.8502 0.8747 0.9252 0.9488 0.9215 0.8208 0.8697
118 119 1.0200 0.9227 0.9490 1.0029 1.0279 0.9980 0.8888 0.9414
118 120 1.1719 1.0610 1.0907 1.1505 1.1778 1.1390 1.0094 1.0669
118 121 1.0024 0.9067 0.9326 0.9858 1.0106 0.9813 0.8739 0.9257
118 122 1.1134 1.0080 1.0362 1.0931 1.1189 1.0795 0.9536 1.0068
118 123 0.9719 0.8795 0.9044 0.9550 0.9782 0.9495 0.8453 0.8951
118 124 1.1251 1.0186 1.0471 1.1045 1.1307 1.0924 0.9668 1.0213
118 125 0.9897 0.8948 0.9207 0.9739 0.9989 0.9703 0.8643 0.9158
119 0 1.2464 1.1281 1.1595 1.2234 1.2528 1.2147 1.0800 1.1432
119 1 1.2867 1.1640 1.1969 1.2645 1.2961 1.2588 1.1211 1.1882
119 2 1.2034 1.0893 1.1197 1.1812 1.2094 1.1713 1.0400 1.1001
119 3 1.2372 1.1200 1.1512 1.2145 1.2435 1.2047 1.0701 1.1322
119 4 1.2686 1.1477 1.1802 1.2468 1.2779 1.2410 1.1053 1.1714
119 5 1.1442 1.0357 1.0647 1.1234 1.1503 1.1162 0.9936 1.0522
119 6 1.2096 1.0950 1.1256 1.1874 1.2155 1.1744 1.0395 1.0980
119 7 1.3001 1.1761 1.2095 1.2782 1.3103 1.2727 1.1337 1.2017
119 8 1.2005 1.0867 1.1171 1.1786 1.2069 1.1706 1.0416 1.1028
119 9 1.1790 1.0670 1.0970 1.1582 1.1865 1.1518 1.0257 1.0867
119 10 1.1649 1.0545 1.0840 1.1437 1.1711 1.1358 1.0104 1.0698
119 11 1.2961 1.1733 1.2061 1.2723 1.3025 1.2600 1.1171 1.1809
119 12 1.1554 1.0459 1.0752 1.1344 1.1616 1.1272 1.0035 1.0627
119 13 1.1933 1.0803 1.1105 1.1714 1.1992 1.1589 1.0261 1.0840
119 14 1.2233 1.1073 1.1384 1.2015 1.2305 1.1944 1.0635 1.1265
119 15 1.1434 1.0350 1.0640 1.1226 1.1495 1.1152 0.9926 1.0510
119 16 1.2935 1.1710 1.2037 1.2700 1.3003 1.2608 1.1213 1.1870
119 17 1.1385 1.0306 1.0595 1.1178 1.1445 1.1101 0.9877 1.0458
119 18 0.9964 0.9021 0.9273 0.9782 1.0013 0.9680 0.8575 0.9061
119 19 1.0648 0.9639 0.9909 1.0453 1.0700 1.0349 0.9172 0.9695
119 20 1.2309 1.1143 1.1455 1.2085 1.2373 1.1994 1.0664 1.1286
119 21 1.3287 1.2029 1.2366 1.3044 1.3352 1.2901 1.1419 1.2063
119 22 1.2259 1.1098 1.1409 1.2034 1.2319 1.1898 1.0526 1.1117
119 23 1.2557 1.1367 1.1685 1.2329 1.2624 1.2250 1.0905 1.1548
119 24 0.9625 0.8713 0.8957 0.9450 0.9676 0.9388 0.8355 0.8847
119 25 1.0639 0.9631 0.9901 1.0445 1.0694 1.0365 0.9213 0.9750
119 26 1.0555 0.9542 0.9818 1.0390 1.0662 1.0361 0.9233 0.9791
119 27 1.2370 1.1198 1.1512 1.2143 1.2431 1.2016 1.0642 1.1245
119 28 1.2954 1.1727 1.2056 1.2719 1.3023 1.2631 1.1237 1.1896
119 29 1.1985 1.0850 1.1154 1.1767 1.2047 1.1679 1.0383 1.0989
119 30 1.0332 0.9351 0.9614 1.0151 1.0398 1.0094 0.8989 0.9522
119 31 1.2896 1.1675 1.2002 1.2660 1.2959 1.2525 1.1092 1.1720
119 32 1.2327 1.1160 1.1472 1.2102 1.2388 1.1976 1.0609 1.1212
119 33 0.9388 0.8499 0.8737 0.9218 0.9438 0.9155 0.8147 0.8626
119 34 1.2238 1.1079 1.1389 1.2014 1.2298 1.1891 1.0536 1.1135
119 35 1.1884 1.0758 1.1060 1.1668 1.1946 1.1583 1.0302 1.0904
119 36 1.0271 0.9298 0.9558 1.0084 1.0325 1.0016 0.8912 0.9436
119 37 1.0331 0.9352 0.9614 1.0143 1.0385 1.0072 0.8960 0.9485
119 38 0.8722 0.7896 0.8117 0.8563 0.8767 0.8501 0.7560 0.8003
119 39 1.2472 1.1291 1.1607 1.2243 1.2533 1.2113 1.0727 1.1335
119 40 1.2414 1.1238 1.1553 1.2188 1.2477 1.2088 1.0739 1.1362
119 41 1.3179 1.1931 1.2265 1.2939 1.3246 1.2829 1.1394 1.2053
119 42 1.0086 0.9130 0.9386 0.9902 1.0139 0.9835 0.8752 0.9266
119 43 1.1963 1.0830 1.1133 1.1744 1.2021 1.1614 1.0279 1.0859
119 44 1.2203 1.1047 1.1357 1.1979 1.2262 1.1837 1.0464 1.1050
119 45 1.1237 1.0173 1.0458 1.1033 1.1295 1.0945 0.9726 1.0291
119 46 1.3177 1.1929 1.2263 1.2936 1.3243 1.2826 1.1390 1.2048
119 47 1.2562 1.1373 1.1691 1.2333 1.2624 1.2217 1.0836 1.1457
119 48 0.9557 0.8652 0.8894 0.9382 0.9604 0.9293 0.8241 0.8713
119 49 1.0202 0.9236 0.9495 1.0016 1.0254 0.9935 0.8827 0.9340
119 50 1.1098 1.0047 1.0329 1.0897 1.1156 1.0821 0.9629 1.0193
119 51 1.1020 0.9977 1.0256 1.0819 1.1076 1.0728 0.9528 1.0079
119 52 1.1939 1.0809 1.1111 1.1720 1.1997 1.1565 1.0205 1.0769
119 53 0.8975 0.8125 0.8353 0.8811 0.9020 0.8734 0.7753 0.8200
119 54 1.1484 1.0397 1.0688 1.1274 1.1541 1.1165 0.9900 1.0466
119 55 1.1689 1.0582 1.0878 1.1474 1.1744 1.1241 0.9819 1.0321
119 56 0.8631 0.7814 0.8033 0.8474 0.8675 0.8402 0.7462 0.7893
119 57 1.1877 1.0753 1.1054 1.1659 1.1934 1.1457 1.0052 1.0583
119 58 1.0115 0.9157 0.9414 0.9930 1.0165 0.9844 0.8740 0.9244
119 59 1.2273 1.1111 1.1422 1.2050 1.2338 1.1971 1.0656 1.1282
119 60 1.2819 1.1606 1.1931 1.2585 1.2883 1.2463 1.1051 1.1682
119 61 1.0125 0.9167 0.9423 0.9941 1.0177 0.9861 0.8762 0.9270
119 62 1.1377 1.0298 1.0587 1.1174 1.1444 1.1106 0.9887 1.0470
119 63 0.9080 0.8220 0.8451 0.8915 0.9126 0.8842 0.7857 0.8312
119 64 1.1442 1.0359 1.0649 1.1233 1.1499 1.1130 0.9875 1.0441
119 65 0.8441 0.7639 0.7855 0.8294 0.8497 0.8248 0.7345 0.7779
119 66 1.0854 0.9821 1.0100 1.0668 1.0931 1.0612 0.9450 1.0009
119 67 1.3974 1.2651 1.3005 1.3720 1.4047 1.3628 1.2130 1.2842
119 68 1.0357 0.9364 0.9635 1.0194 1.0457 1.0160 0.9051 0.9594
119 69 1.2423 1.1247 1.1562 1.2195 1.2483 1.2051 1.0655 1.1252
119 70 1.2384 1.1212 1.1526 1.2157 1.2444 1.2008 1.0609 1.1201
119 71 1.0946 0.9907 1.0186 1.0751 1.1011 1.0686 0.9513 1.0074
119 72 1.2387 1.1214 1.1528 1.2160 1.2446 1.1969 1.0526 1.1093
119 73 1.2601 1.1408 1.1727 1.2370 1.2661 1.2200 1.0759 1.1350
119 74 1.1473 1.0387 1.0678 1.1264 1.1531 1.1175 0.9932 1.0509
119 75 1.1100 1.0049 1.0331 1.0898 1.1156 1.0809 0.9605 1.0161
119 76 1.3925 1.2603 1.2958 1.3678 1.4008 1.3595 1.2104 1.2816
119 77 1.0924 0.9890 1.0167 1.0725 1.0979 1.0638 0.9454 1.0002
119 78 0.9457 0.8561 0.8801 0.9284 0.9504 0.9208 0.8181 0.8655
119 79 0.9883 0.8948 0.9198 0.9703 0.9933 0.9625 0.8553 0.9049
119 80 1.1873 1.0748 1.1049 1.1657 1.1934 1.1578 1.0306 1.0910
119 81 1.1228 1.0165 1.0450 1.1024 1.1286 1.0947 0.9741 1.0310
119 82 1.1964 1.0829 1.1133 1.1750 1.2032 1.1676 1.0395 1.1006
119 83 1.3205 1.1955 1.2289 1.2963 1.3269 1.2831 1.1370 1.2017
119 84 1.1759 1.0646 1.0944 1.1544 1.1817 1.1433 1.0139 1.0719
119 85 1.2831 1.1616 1.1942 1.2596 1.2893 1.2425 1.0958 1.1562
119 86 1.0191 0.9225 0.9484 1.0006 1.0245 0.9940 0.8848 0.9367
119 87 1.2260 1.1099 1.1410 1.2038 1.2325 1.1959 1.0645 1.1269
119 88 1.2392 1.1219 1.1533 1.2165 1.2451 1.1883 1.0337 1.0852
119 89 0.7990 0.7233 0.7436 0.7844 0.8031 0.7789 0.6930 0.7335
119 90 0.7613 0.6892 0.7085 0.7474 0.7650 0.7403 0.6567 0.6943
119 91 1.0172 0.9205 0.9465 0.9993 1.0236 0.9934 0.8845 0.9366
119 92 1.0981 0.9941 1.0220 1.0781 1.1036 1.0695 0.9506 1.0057
119 93 0.8614 0.7798 0.8016 0.8457 0.8659 0.8402 0.7479 0.7917
119 94 1.1902 1.0775 1.1076 1.1684 1.1961 1.1586 1.0291 1.0885
119 95 1.0103 0.9134 0.9398 0.9945 1.0202 0.9911 0.8830 0.9358
119 96 0.9995 0.9041 0.9299 0.9829 1.0075 0.9784 0.8713 0.9230
119 97 1.0455 0.9465 0.9730 1.0265 1.0508 1.0184 0.9052 0.9577
119 98 1.1896 1.0770 1.1072 1.1678 1.1953 1.1470 1.0056 1.0588
119 99 1.0504 0.9506 0.9774 1.0320 1.0571 1.0260 0.9134 0.9672
119 100 0.7970 0.7216 0.7418 0.7825 0.8011 0.7771 0.6915 0.7320
119 101 1.2752 1.1545 1.1869 1.2518 1.2812 1.1727 0.9673 0.9903
119 102 1.0122 0.9158 0.9418 0.9949 1.0194 0.9896 0.8811 0.9331
119 103 0.9210 0.8333 0.8570 0.9052 0.9276 0.9004 0.8017 0.8490
119 104 0.7074 0.6402 0.6582 0.6949 0.7117 0.6907 0.6148 0.6510
119 105 0.9977 0.9027 0.9283 0.9804 1.0045 0.9750 0.8681 0.9193
119 106 0.7217 0.6532 0.6716 0.7089 0.7260 0.7045 0.6272 0.6640
119 107 0.9795 0.8863 0.9114 0.9626 0.9862 0.9573 0.8523 0.9025
119 108 1.0195 0.9230 0.9488 1.0008 1.0245 0.9905 0.8776 0.9274
119 109 0.9412 0.8521 0.8759 0.9241 0.9460 0.9176 0.8165 0.8641
119 110 0.6129 0.5547 0.5704 0.6022 0.6169 0.5987 0.5330 0.5643
119 111 0.9176 0.8302 0.8538 0.9019 0.9242 0.8972 0.7988 0.8460
119 112 1.0715 0.9692 0.9969 1.0535 1.0798 1.0484 0.9336 0.9889
119 113 0.8846 0.8006 0.8232 0.8689 0.8899 0.8636 0.7688 0.8139
119 114 0.8750 0.7917 0.8142 0.8600 0.8812 0.8554 0.7617 0.8066
119 115 1.0337 0.9351 0.9618 1.0164 1.0418 1.0115 0.9008 0.9541
119 116 0.6343 0.5737 0.5901 0.6237 0.6393 0.6208 0.5528 0.5856
119 117 0.7212 0.6527 0.6711 0.7086 0.7259 0.7045 0.6272 0.6642
119 118 1.0381 0.9398 0.9661 1.0191 1.0433 1.0109 0.8983 0.9503
119 120 1.2374 1.1203 1.1517 1.2148 1.2435 1.2010 1.0626 1.1224
119 121 0.6395 0.5789 0.5951 0.6280 0.6430 0.6239 0.5554 0.5879
119 122 1.1641 1.0539 1.0834 1.1428 1.1697 1.1272 0.9940 1.0488
119 123 0.6706 0.6071 0.6241 0.6583 0.6740 0.6535 0.5812 0.6150
119 124 1.1767 1.0653 1.0952 1.1552 1.1824 1.1409 1.0081 1.0643
119 125 0.8360 0.7565 0.7779 0.8215 0.8416 0.8169 0.7273 0.7701
120 0 1.2598 1.1376 1.1711 1.2416 1.2753 1.2398 1.1047 1.1713
120 1 1.2656 1.1416 1.1762 1.2501 1.2863 1.2521 1.1167 1.1855
120 2 1.2005 1.0849 1.1164 1.1819 1.2127 1.1782 1.0494 1.1118
120 3 1.1209 1.0127 1.0423 1.1039 1.1330 1.1009 0.9807 1.0393
120 4 1.1408 1.0291 1.0603 1.1269 1.1595 1.1287 1.0066 1.0687
120 5 1.2210 1.1021 1.1351 1.2046 1.2381 1.2043 1.0736 1.1389
120 6 1.2693 1.1488 1.1811 1.2465 1.2765 1.2383 1.1019 1.1656
120 7 1.1178 1.0081 1.0389 1.1045 1.1367 1.1067 0.9872 1.0482
120 8 1.1235 1.0144 1.0446 1.1081 1.1385 1.1072 0.9869 1.0467
120 9 1.2267 1.1069 1.1403 1.2111 1.2456 1.2121 1.0808 1.1471
120 10 1.1262 1.0169 1.0471 1.1106 1.1410 1.1095 0.9889 1.0489
120 11 1.2653 1.1443 1.1771 1.2443 1.2755 1.2383 1.1025 1.1674
120 12 1.1302 1.0202 1.0508 1.1153 1.1464 1.1151 0.9942 1.0548
120 13 1.1016 0.9969 1.0250 1.0821 1.1083 1.0754 0.9570 1.0127
120 14 1.1300 1.0198 1.0505 1.1155 1.1469 1.1159 0.9950 1.0559
120 15 1.2385 1.1181 1.1515 1.2219 1.2557 1.2214 1.0888 1.1551
120 16 1.1218 1.0130 1.0431 1.1060 1.1361 1.1046 0.9845 1.0440
120 17 1.1351 1.0249 1.0554 1.1195 1.1503 1.1187 0.9972 1.0577
120 18 1.0938 0.9897 1.0178 1.0749 1.1013 1.0688 0.9514 1.0070
120 19 1.2603 1.1400 1.1725 1.2390 1.2698 1.2327 1.0975 1.1619
120 20 1.1610 1.0487 1.0797 1.1444 1.1753 1.1425 1.0182 1.0796
120 21 1.2484 1.1299 1.1617 1.2261 1.2556 1.2181 1.0841 1.1471
120 22 1.2291 1.1127 1.1438 1.2067 1.2353 1.1982 1.0661 1.1278
120 23 1.1462 1.0346 1.0656 1.1310 1.1626 1.1309 1.0082 1.0697
120 24 1.2071 1.0897 1.1222 1.1909 1.2240 1.1905 1.0613 1.1259
120 25 1.1293 1.0200 1.0501 1.1129 1.1428 1.1109 0.9899 1.0496
120 26 1.2262 1.1051 1.1394 1.2132 1.2499 1.2177 1.0867 1.1545
120 27 1.0974 0.9930 1.0211 1.0783 1.1047 1.0720 0.9543 1.0101
120 28 1.1163 1.0080 1.0380 1.1010 1.1313 1.1001 0.9806 1.0401
120 29 1.1346 1.0247 1.0550 1.1184 1.1486 1.1167 0.9952 1.0553
120 30 1.1764 1.0615 1.0935 1.1616 1.1947 1.1627 1.0368 1.1005
120 31 1.2440 1.1257 1.1576 1.2222 1.2520 1.2150 1.0815 1.1447
120 32 1.1629 1.0522 1.0820 1.1429 1.1710 1.1365 1.0118 1.0711
120 33 1.2264 1.1072 1.1403 1.2099 1.2433 1.2093 1.0780 1.1436
120 34 1.1722 1.0605 1.0906 1.1522 1.1807 1.1461 1.0203 1.0803
120 35 1.1236 1.0146 1.0448 1.1079 1.1381 1.1066 0.9863 1.0461
120 36 1.2380 1.1177 1.1510 1.2212 1.2550 1.2206 1.0881 1.1543
120 37 1.1946 1.0786 1.1107 1.1782 1.2105 1.1772 1.0493 1.1130
120 38 1.1350 1.0250 1.0554 1.1192 1.1497 1.1179 0.9964 1.0567
120 39 1.2003 1.0862 1.1169 1.1793 1.2081 1.1724 1.0436 1.1047
120 40 1.1239 1.0155 1.0453 1.1072 1.1365 1.1046 0.9842 1.0433
120 41 1.2623 1.1407 1.1740 1.2431 1.2758 1.2397 1.1045 1.1706
120 42 1.2137 1.0958 1.1285 1.1974 1.2305 1.1968 1.0669 1.1319
120 43 1.0835 0.9807 1.0083 1.0641 1.0896 1.0572 0.9409 0.9957
120 44 1.2081 1.0937 1.1243 1.1861 1.2143 1.1773 1.0469 1.1074
120 45 1.1198 1.0117 1.0414 1.1034 1.1329 1.1012 0.9812 1.0403
120 46 1.2631 1.1415 1.1748 1.2439 1.2765 1.2404 1.1051 1.1712
120 47 1.1849 1.0714 1.1023 1.1658 1.1955 1.1610 1.0340 1.0954
120 48 1.2371 1.1187 1.1508 1.2170 1.2478 1.2118 1.0792 1.1432
120 49 1.2117 1.0947 1.1268 1.1938 1.2255 1.1911 1.0614 1.1252
120 50 1.1320 1.0220 1.0525 1.1167 1.1475 1.1161 0.9949 1.0554
120 51 1.1104 1.0034 1.0328 1.0937 1.1225 1.0908 0.9718 1.0301
120 52 1.1920 1.0791 1.1093 1.1703 1.1981 1.1601 1.0297 1.0885
120 53 1.2244 1.1067 1.1389 1.2055 1.2368 1.2016 1.0705 1.1344
120 54 1.1155 1.0088 1.0378 1.0972 1.1249 1.0923 0.9728 1.0304
120 55 1.0324 0.9346 0.9608 1.0135 1.0376 0.9974 0.8763 0.9227
120 56 1.1275 1.0189 1.0487 1.1105 1.1397 1.1075 0.9868 1.0459
120 57 1.1265 1.0199 1.0484 1.1060 1.1323 1.0918 0.9635 1.0163
120 58 1.0798 0.9759 1.0044 1.0633 1.0911 1.0601 0.9445 1.0009
120 59 1.2026 1.0855 1.1181 1.1869 1.2200 1.1869 1.0582 1.1227
120 60 1.1050 0.9993 1.0280 1.0869 1.1143 1.0821 0.9636 1.0207
120 61 1.2191 1.1014 1.1338 1.2013 1.2333 1.1988 1.0682 1.1325
120 62 1.1430 1.0315 1.0626 1.1284 1.1603 1.1290 1.0067 1.0683
120 63 1.2301 1.1113 1.1440 1.2120 1.2444 1.2095 1.0778 1.1426
120 64 1.1283 1.0201 1.0496 1.1104 1.1389 1.1063 0.9854 1.0440
120 65 1.2030 1.0854 1.1183 1.1882 1.2223 1.1896 1.0608 1.1260
120 66 1.1467 1.0344 1.0659 1.1329 1.1656 1.1345 1.0119 1.0741
120 67 1.2983 1.1719 1.2071 1.2812 1.3170 1.2811 1.1422 1.2118
120 68 1.2250 1.1042 1.1384 1.2120 1.2484 1.2161 1.0851 1.1527
120 69 1.2113 1.0966 1.1273 1.1894 1.2177 1.1808 1.0502 1.1112
120 70 1.0939 0.9903 1.0180 1.0740 1.0996 1.0657 0.9472 1.0019
120 71 1.1436 1.0320 1.0631 1.1291 1.1611 1.1298 1.0074 1.0691
120 72 1.1162 1.0105 1.0388 1.0960 1.1221 1.0838 0.9588 1.0123
120 73 1.0914 0.9880 1.0157 1.0716 1.0971 1.0618 0.9419 0.9956
120 74 1.1322 1.0228 1.0529 1.1159 1.1459 1.1140 0.9927 1.0526
120 75 1.1207 1.0124 1.0422 1.1043 1.1338 1.1020 0.9820 1.0411
120 76 1.2958 1.1693 1.2046 1.2795 1.3158 1.2803 1.1417 1.2116
120 77 1.2665 1.1441 1.1778 1.2481 1.2815 1.2457 1.1100 1.1769
120 78 1.2180 1.1004 1.1327 1.2001 1.2321 1.1975 1.0671 1.1313
120 79 1.1946 1.0792 1.1110 1.1773 1.2088 1.1750 1.0471 1.1102
120 80 1.1656 1.0521 1.0837 1.1503 1.1825 1.1503 1.0256 1.0881
120 81 1.1556 1.0432 1.0744 1.1401 1.1717 1.1396 1.0160 1.0778
120 82 1.1527 1.0402 1.0716 1.1380 1.1701 1.1385 1.0152 1.0773
120 83 1.2749 1.1533 1.1862 1.2534 1.2846 1.2472 1.1105 1.1761
120 84 1.1065 1.0006 1.0294 1.0886 1.1162 1.0841 0.9655 1.0229
120 85 1.0882 0.9852 1.0128 1.0685 1.0940 1.0589 0.9396 0.9933
120 86 1.1461 1.0344 1.0655 1.1312 1.1629 1.1314 1.0087 1.0703
120 87 1.1305 1.0204 1.0510 1.1158 1.1471 1.1160 0.9950 1.0557
120 88 0.9778 0.8852 0.9100 0.9601 0.9830 0.9420 0.8243 0.8670
120 89 1.1580 1.0455 1.0767 1.1424 1.1740 1.1419 1.0179 1.0798
120 90 1.1381 1.0291 1.0587 1.1199 1.1485 1.1156 0.9936 1.0527
120 91 1.1543 1.0415 1.0731 1.1400 1.1725 1.1411 1.0175 1.0799
120 92 1.1783 1.0644 1.0958 1.1614 1.1927 1.1595 1.0333 1.0956
120 93 1.1480 1.0361 1.0673 1.1331 1.1649 1.1333 1.0104 1.0721
120 94 1.1115 1.0043 1.0337 1.0949 1.1239 1.0923 0.9733 1.0317
120 95 1.1961 1.0780 1.1115 1.1835 1.2192 1.1877 1.0598 1.1257
120 96 1.1773 1.0617 1.0942 1.1639 1.1980 1.1665 1.0405 1.1048
120 97 1.1506 1.0393 1.0700 1.1341 1.1647 1.1323 1.0091 1.0701
120 98 1.0247 0.9277 0.9536 1.0061 1.0301 0.9929 0.8757 0.9238
120 99 1.1593 1.0460 1.0777 1.1450 1.1777 1.1462 1.0221 1.0848
120 100 1.1313 1.0212 1.0518 1.1162 1.1473 1.1160 0.9950 1.0555
120 101 1.0903 0.9870 1.0147 1.0704 1.0959 1.0035 0.8279 0.8480
120 102 1.1475 1.0351 1.0666 1.1338 1.1667 1.1356 1.0128 1.0750
120 103 1.1958 1.0787 1.1116 1.1815 1.2157 1.1833 1.0553 1.1202
120 104 1.1314 1.0209 1.0518 1.1173 1.1491 1.1182 0.9971 1.0581
120 105 1.2061 1.0880 1.1211 1.1915 1.2258 1.1931 1.0640 1.1294
120 106 1.2114 1.0931 1.1261 1.1961 1.2300 1.1969 1.0672 1.1325
120 107 1.1601 1.0465 1.0783 1.1460 1.1791 1.1476 1.0234 1.0863
120 108 1.1658 1.0546 1.0847 1.1460 1.1746 1.1403 1.0153 1.0752
120 109 1.1593 1.0465 1.0778 1.1439 1.1757 1.1436 1.0195 1.0815
120 110 1.1558 1.0428 1.0744 1.1416 1.1742 1.1427 1.0190 1.0815
120 111 1.1956 1.0784 1.1113 1.1813 1.2156 1.1832 1.0553 1.1202
120 112 1.2160 1.0966 1.1302 1.2019 1.2371 1.2045 1.0743 1.1406
120 113 1.2053 1.0876 1.1205 1.1902 1.2240 1.1911 1.0621 1.1270
120 114 1.1733 1.0584 1.0906 1.1593 1.1929 1.1612 1.0356 1.0993
120 115 1.2086 1.0899 1.1233 1.1947 1.2297 1.1972 1.0679 1.1338
120 116 1.1690 1.0542 1.0865 1.1556 1.1896 1.1583 1.0332 1.0969
120 117 1.2076 1.0895 1.1225 1.1927 1.2270 1.1941 1.0649 1.1302
120 118 1.1841 1.0697 1.1012 1.1670 1.1984 1.1649 1.0381 1.1007
120 119 1.1632 1.0499 1.0815 1.1481 1.1803 1.1483 1.0238 1.0863
120 121 1.2316 1.1115 1.1450 1.2159 1.2502 1.2164 1.0846 1.1509
120 122 0.6632 0.6004 0.6172 0.6512 0.6668 0.6455 0.5727 0.6055
120 123 1.1508 1.0391 1.0700 1.1350 1.1663 1.1342 1.0110 1.0723
120 124 0.6382 0.5778 0.5940 0.6267 0.6417 0.6220 0.5529 0.5850
120 125 1.2168 1.0978 1.1311 1.2020 1.2366 1.2036 1.0734 1.1393
121 0 1.2588 1.1394 1.1711 1.2357 1.2653 1.2267 1.0904 1.1541
121 1 1.2976 1.1740 1.2071 1.2750 1.3067 1.2689 1.1301 1.1976
121 2 1.2170 1.1016 1.1324 1.1946 1.2231 1.1844 1.0514 1.1121
121 3 1.2497 1.1312 1.1628 1.2268 1.2560 1.2167 1.0805 1.1431
121 4 1.2811 1.1592 1.1919 1.2589 1.2901 1.2527 1.1157 1.1824
121 5 1.1626 1.0524 1.0819 1.1415 1.1689 1.1341 1.0092 1.0687
121 6 1.2219 1.1062 1.1371 1.1994 1.2278 1.1862 1.0496 1.1087
121 7 1.3099 1.1850 1.2187 1.2875 1.3198 1.2817 1.1417 1.2101
121 8 1.2164 1.1011 1.1319 1.1943 1.2229 1.1860 1.0550 1.1169
121 9 1.0858 0.9828 1.0104 1.0664 1.0923 1.0603 0.9442 1.0003
121 10 1.1834 1.0713 1.1012 1.1619 1.1897 1.1536 1.0261 1.0863
121 11 1.0939 0.9903 1.0180 1.0739 1.0993 1.0633 0.9425 0.9962
121 12 1.1745 1.0632 1.0930 1.1532 1.1809 1.1457 1.0197 1.0799
121 13 1.2082 1.0937 1.1243 1.1860 1.2141 1.1731 1.0384 1.0970
121 14 1.2403 1.1228 1.1542 1.2179 1.2472 1.2104 1.0778 1.1415
121 15 1.0430 0.9442 0.9706 1.0241 1.0486 1.0172 0.9051 0.9584
121 16 1.3022 1.1789 1.2119 1.2786 1.3091 1.2692 1.1285 1.1945
121 17 1.1604 1.0505 1.0799 1.1393 1.1666 1.1313 1.0064 1.0654
121 18 1.0194 0.9228 0.9487 1.0007 1.0244 0.9902 0.8769 0.9266
121 19 1.0699 0.9685 0.9956 1.0503 1.0751 1.0396 0.9212 0.9737
121 20 1.2480 1.1298 1.1614 1.2253 1.2545 1.2159 1.0807 1.1438
121 21 1.1577 1.0481 1.0774 1.1365 1.1634 1.1239 0.9946 1.0506
121 22 1.0774 0.9753 1.0026 1.0576 1.0826 1.0455 0.9247 0.9765
121 23 1.2720 1.1515 1.1838 1.2490 1.2789 1.2408 1.1043 1.1693
121 24 1.0091 0.9135 0.9391 0.9908 1.0145 0.9841 0.8757 0.9272
121 25 1.0872 0.9842 1.0118 1.0674 1.0928 1.0590 0.9411 0.9959
121 26 1.0619 0.9601 0.9878 1.0451 1.0722 1.0420 0.9285 0.9845
121 27 1.2476 1.1295 1.1611 1.2248 1.2538 1.2117 1.0729 1.1337
121 28 1.3047 1.1811 1.2142 1.2810 1.3115 1.2718 1.1312 1.1975
121 29 1.2207 1.1051 1.1360 1.1985 1.2270 1.1893 1.0571 1.1188
121 30 1.0376 0.9391 0.9655 1.0192 1.0439 1.0132 0.9022 0.9557
121 31 1.2975 1.1746 1.2075 1.2737 1.3038 1.2600 1.1155 1.1786
121 32 1.2427 1.1250 1.1565 1.2200 1.2488 1.2071 1.0691 1.1297
121 33 0.9894 0.8957 0.9208 0.9714 0.9946 0.9647 0.8583 0.9087
121 34 1.2342 1.1174 1.1486 1.2116 1.2403 1.1991 1.0622 1.1225
121 35 1.2082 1.0938 1.1244 1.1863 1.2145 1.1775 1.0470 1.1082
121 36 1.0310 0.9333 0.9595 1.0123 1.0364 1.0052 0.8943 0.9467
121 37 1.0361 0.9379 0.9642 1.0172 1.0415 1.0099 0.8982 0.9508
121 38 0.9293 0.8413 0.8648 0.9124 0.9341 0.9056 0.8052 0.8522
121 39 1.2560 1.1371 1.1689 1.2330 1.2621 1.2197 1.0798 1.1409
121 40 1.2566 1.1376 1.1695 1.2337 1.2630 1.2235 1.0867 1.1497
121 41 1.1518 1.0428 1.0720 1.1308 1.1577 1.1211 0.9954 1.0529
121 42 1.0109 0.9151 0.9407 0.9925 1.0162 0.9856 0.8768 0.9282
121 43 1.2085 1.0941 1.1248 1.1864 1.2144 1.1731 1.0380 1.0965
121 44 1.0957 0.9920 1.0197 1.0756 1.1010 1.0627 0.9392 0.9917
121 45 1.1512 1.0422 1.0714 1.1303 1.1571 1.1211 0.9960 1.0538
121 46 1.1578 1.0482 1.0776 1.1367 1.1637 1.1268 1.0004 1.0582
121 47 1.2856 1.1639 1.1965 1.2621 1.2920 1.2500 1.1085 1.1720
121 48 0.9557 0.8652 0.8894 0.9382 0.9604 0.9291 0.8238 0.8709
121 49 1.0230 0.9261 0.9520 1.0043 1.0282 0.9960 0.8848 0.9361
121 50 1.1345 1.0271 1.0559 1.1139 1.1405 1.1060 0.9839 1.0415
121 51 1.1281 1.0213 1.0499 1.1076 1.1338 1.0981 0.9750 1.0314
121 52 1.0737 0.9721 0.9993 1.0541 1.0789 1.0400 0.9174 0.9680
121 53 0.9583 0.8676 0.8919 0.9408 0.9631 0.9324 0.8275 0.8752
121 54 1.1686 1.0579 1.0876 1.1472 1.1743 1.1359 1.0070 1.0645
121 55 1.1807 1.0689 1.0988 1.1590 1.1863 1.1352 0.9915 1.0420
121 56 0.9313 0.8432 0.8668 0.9143 0.9360 0.9065 0.8049 0.8513
121 57 1.1984 1.0849 1.1153 1.1764 1.2041 1.1558 1.0138 1.0673
121 58 1.0501 0.9507 0.9773 1.0309 1.0554 1.0218 0.9070 0.9593
121 59 1.1379 1.0302 1.0590 1.1173 1.1439 1.1097 0.9876 1.0455
121 60 1.2905 1.1683 1.2010 1.2669 1.2969 1.2544 1.1120 1.1754
121 61 1.0162 0.9200 0.9458 0.9977 1.0214 0.9895 0.8790 0.9299
121 62 1.1689 1.0582 1.0878 1.1479 1.1754 1.1406 1.0154 1.0751
121 63 0.9764 0.8840 0.9087 0.9586 0.9814 0.9507 0.8446 0.8935
121 64 1.1683 1.0577 1.0873 1.1469 1.1741 1.1362 1.0078 1.0656
121 65 0.9223 0.8347 0.8583 0.9061 0.9281 0.9009 0.8021 0.8494
121 66 1.1076 1.0022 1.0306 1.0883 1.1150 1.0824 0.9638 1.0208
121 67 1.2359 1.1189 1.1502 1.2135 1.2424 1.2052 1.0725 1.1353
121 68 1.0424 0.9425 0.9697 1.0257 1.0520 1.0220 0.9105 0.9649
121 69 1.1083 1.0033 1.0314 1.0880 1.1136 1.0750 0.9502 1.0034
121 70 1.2475 1.1294 1.1610 1.2246 1.2535 1.2093 1.0682 1.1277
121 71 1.1262 1.0195 1.0481 1.1060 1.1325 1.0990 0.9784 1.0359
121 72 1.2477 1.1296 1.1612 1.2249 1.2537 1.2055 1.0598 1.1169
121 73 1.2691 1.1490 1.1811 1.2459 1.2752 1.2286 1.0832 1.1426
121 74 1.1709 1.0600 1.0897 1.1496 1.1768 1.1403 1.0132 1.0720
121 75 1.1382 1.0304 1.0593 1.1175 1.1439 1.1082 0.9845 1.0415
121 76 1.2400 1.1224 1.1540 1.2178 1.2470 1.2101 1.0773 1.1406
121 77 1.0972 0.9933 1.0212 1.0772 1.1028 1.0684 0.9492 1.0041
121 78 0.9447 0.8553 0.8792 0.9275 0.9495 0.9198 0.8170 0.8642
121 79 0.9907 0.8969 0.9220 0.9726 0.9956 0.9646 0.8570 0.9066
121 80 1.2161 1.1009 1.1318 1.1940 1.2224 1.1858 1.0552 1.1170
121 81 1.1575 1.0479 1.0772 1.1364 1.1634 1.1283 1.0037 1.0624
121 82 1.2143 1.0992 1.1300 1.1923 1.2208 1.1845 1.0545 1.1164
121 83 1.1819 1.0700 1.1000 1.1603 1.1877 1.1483 1.0173 1.0751
121 84 1.1814 1.0696 1.0996 1.1598 1.1873 1.1485 1.0183 1.0765
121 85 1.2908 1.1686 1.2013 1.2671 1.2969 1.2497 1.1019 1.1625
121 86 1.0652 0.9643 0.9913 1.0459 1.0708 1.0388 0.9245 0.9787
121 87 1.2336 1.1168 1.1481 1.2112 1.2400 1.2030 1.0706 1.1333
121 88 1.2474 1.1293 1.1609 1.2245 1.2533 1.1959 1.0401 1.0918
121 89 0.9194 0.8323 0.8556 0.9026 0.9241 0.8961 0.7971 0.8436
121 90 0.8469 0.7667 0.7882 0.8314 0.8510 0.8234 0.7302 0.7720
121 91 1.0759 0.9738 1.0013 1.0568 1.0824 1.0504 0.9351 0.9901
121 92 1.1279 1.0211 1.0497 1.1073 1.1336 1.0984 0.9760 1.0325
121 93 0.9733 0.8812 0.9058 0.9556 0.9784 0.9491 0.8447 0.8942
121 94 1.1964 1.0831 1.1135 1.1746 1.2024 1.1645 1.0340 1.0937
121 95 1.0160 0.9186 0.9452 0.9999 1.0256 0.9963 0.8875 0.9405
121 96 1.0041 0.9083 0.9342 0.9872 1.0118 0.9824 0.8749 0.9267
121 97 1.0888 0.9857 1.0133 1.0689 1.0942 1.0603 0.9422 0.9968
121 98 1.2001 1.0865 1.1169 1.1781 1.2058 1.1569 1.0141 1.0675
121 99 1.1007 0.9962 1.0243 1.0812 1.1073 1.0746 0.9567 1.0129
121 100 0.7580 0.6862 0.7054 0.7442 0.7619 0.7389 0.6574 0.6958
121 101 1.2829 1.1615 1.1940 1.2593 1.2889 1.1798 0.9731 0.9961
121 102 1.0166 0.9199 0.9459 0.9990 1.0235 0.9934 0.8845 0.9366
121 103 0.9184 0.8311 0.8546 0.9025 0.9246 0.8975 0.7991 0.8461
121 104 0.8771 0.7939 0.8163 0.8615 0.8822 0.8560 0.7620 0.8067
121 105 1.0025 0.9072 0.9329 0.9850 1.0090 0.9793 0.8719 0.9232
121 106 0.6486 0.5871 0.6036 0.6370 0.6522 0.6329 0.5634 0.5964
121 107 1.0668 0.9654 0.9927 1.0481 1.0737 1.0421 0.9278 0.9824
121 108 1.0586 0.9584 0.9852 1.0393 1.0638 1.0284 0.9109 0.9626
121 109 0.9405 0.8515 0.8753 0.9234 0.9453 0.9168 0.8156 0.8631
121 110 0.8653 0.7832 0.8052 0.8500 0.8705 0.8448 0.7521 0.7962
121 111 0.8762 0.7928 0.8153 0.8610 0.8821 0.8562 0.7624 0.8073
121 112 1.0818 0.9787 1.0066 1.0635 1.0899 1.0581 0.9422 0.9979
121 113 0.8520 0.7712 0.7929 0.8367 0.8568 0.8314 0.7401 0.7834
121 114 1.0081 0.9122 0.9381 0.9907 1.0149 0.9851 0.8771 0.9288
121 115 1.0390 0.9400 0.9667 1.0214 1.0468 1.0163 0.9050 0.9584
121 116 0.7275 0.6581 0.6769 0.7152 0.7330 0.7117 0.6338 0.6712
121 117 0.5166 0.4676 0.4808 0.5075 0.5198 0.5045 0.4491 0.4755
121 118 1.0224 0.9256 0.9515 1.0037 1.0275 0.9955 0.8844 0.9355
121 119 0.7188 0.6507 0.6690 0.7057 0.7225 0.7008 0.6237 0.6601
121 120 1.2421 1.1246 1.1560 1.2194 1.2482 1.2054 1.0662 1.1261
121 122 1.1692 1.0586 1.0882 1.1478 1.1749 1.1319 0.9980 1.0529
121 123 0.4568 0.4136 0.4252 0.4485 0.4591 0.4451 0.3958 0.4188
121 124 1.1819 1.0700 1.0999 1.1602 1.1876 1.1457 1.0121 1.0684
121 125 0.6274 0.5678 0.5839 0.6164 0.6314 0.6128 0.5456 0.5776
122 0 1.1518 1.0384 1.0702 1.1383 1.1717 1.1405 1.0169 1.0791
122 1 1.1499 1.0355 1.0680 1.1389 1.1743 1.1446 1.0214 1.0854
122 2 1.1021 0.9944 1.0243 1.0880 1.1187 1.0882 0.9699 1.0285
122 3 1.0346 0.9333 0.9616 1.0217 1.0508 1.0224 0.9114 0.9668
122 4 1.0496 0.9453 0.9750 1.0397 1.0720 1.0448 0.9325 0.9909
122 5 1.1215 1.0107 1.0421 1.1096 1.1428 1.1130 0.9929 1.0543
122 6 1.1510 1.0401 1.0705 1.1334 1.1631 1.1297 1.0060 1.0652
122 7 1.0263 0.9241 0.9533 1.0169 1.0488 1.0224 0.9126 0.9700
122 8 1.0418 0.9391 0.9681 1.0303 1.0609 1.0330 0.9214 0.9782
122 9 1.1214 1.0102 1.0419 1.1103 1.1443 1.1149 0.9949 1.0570
122 10 1.0394 0.9370 0.9659 1.0279 1.0582 1.0304 0.9191 0.9757
122 11 1.1494 1.0379 1.0687 1.1334 1.1642 1.1318 1.0084 1.0688
122 12 1.0441 0.9409 0.9701 1.0331 1.0641 1.0365 0.9247 0.9821
122 13 1.0199 0.9215 0.9485 1.0046 1.0311 1.0017 0.8921 0.9449
122 14 1.0446 0.9412 0.9705 1.0340 1.0654 1.0380 0.9262 0.9838
122 15 1.1334 1.0215 1.0531 1.1212 1.1547 1.1246 1.0033 1.0654
122 16 1.0285 0.9273 0.9558 1.0169 1.0468 1.0191 0.9090 0.9649
122 17 1.0491 0.9456 0.9748 1.0376 1.0684 1.0404 0.9280 0.9854
122 18 1.0220 0.9232 0.9504 1.0071 1.0340 1.0048 0.8951 0.9484
122 19 1.1483 1.0370 1.0677 1.1320 1.1626 1.1301 1.0069 1.0671
122 20 1.0690 0.9640 0.9935 1.0567 1.0875 1.0586 0.9441 1.0021
122 21 1.1386 1.0289 1.0590 1.1213 1.1508 1.1179 0.9956 1.0546
122 22 1.1261 1.0179 1.0474 1.1086 1.1373 1.1046 0.9836 1.0416
122 23 1.0593 0.9546 0.9843 1.0482 1.0798 1.0518 0.9384 0.9967
122 24 1.1116 1.0019 1.0330 1.0998 1.1328 1.1033 0.9843 1.0454
122 25 1.0462 0.9435 0.9724 1.0339 1.0640 1.0357 0.9236 0.9803
122 26 1.1209 1.0086 1.0410 1.1123 1.1484 1.1203 1.0005 1.0641
122 27 1.0086 0.9112 0.9380 0.9938 1.0203 0.9915 0.8832 0.9359
122 28 1.0219 0.9212 0.9496 1.0107 1.0407 1.0134 0.9040 0.9599
122 29 1.0510 0.9477 0.9768 1.0389 1.0693 1.0410 0.9284 0.9855
122 30 1.0834 0.9760 1.0066 1.0729 1.1059 1.0777 0.9618 1.0219
122 31 1.1365 1.0267 1.0569 1.1197 1.1494 1.1169 0.9950 1.0542
122 32 1.0618 0.9591 0.9874 1.0464 1.0744 1.0442 0.9303 0.9859
122 33 1.1267 1.0155 1.0470 1.1146 1.1480 1.1181 0.9975 1.0593
122 34 1.0700 0.9665 0.9950 1.0547 1.0831 1.0528 0.9380 0.9942
122 35 1.0398 0.9375 0.9663 1.0282 1.0585 1.0307 0.9194 0.9761
122 36 1.1333 1.0215 1.0531 1.1212 1.1547 1.1246 1.0033 1.0655
122 37 1.0979 0.9897 1.0203 1.0859 1.1182 1.0889 0.9714 1.0315
122 38 1.0538 0.9501 0.9793 1.0420 1.0727 1.0445 0.9317 0.9892
122 39 1.1017 0.9954 1.0246 1.0855 1.1144 1.0829 0.9647 1.0223
122 40 1.0391 0.9373 0.9658 1.0265 1.0561 1.0278 0.9165 0.9726
122 41 1.1499 1.0374 1.0689 1.1356 1.1680 1.1366 1.0134 1.0753
122 42 1.1166 1.0064 1.0376 1.1047 1.1378 1.1082 0.9887 1.0500
122 43 0.9969 0.9009 0.9272 0.9817 1.0075 0.9789 0.8719 0.9237
122 44 1.1155 1.0086 1.0377 1.0975 1.1256 1.0930 0.9732 1.0306
122 45 1.0416 0.9394 0.9681 1.0292 1.0590 1.0308 0.9193 0.9757
122 46 1.1523 1.0397 1.0712 1.1380 1.1705 1.1389 1.0155 1.0775
122 47 1.0738 0.9693 0.9983 1.0594 1.0888 1.0589 0.9438 1.0009
122 48 1.1391 1.0284 1.0591 1.1238 1.1548 1.1231 1.0010 1.0615
122 49 1.1187 1.0091 1.0398 1.1053 1.1373 1.1069 0.9871 1.0476
122 50 1.0470 0.9437 0.9729 1.0358 1.0668 1.0390 0.9270 0.9844
122 51 1.0324 0.9314 0.9597 1.0198 1.0490 1.0208 0.9102 0.9659
122 52 1.1091 1.0037 1.0321 1.0897 1.1162 1.0831 0.9640 1.0200
122 53 1.1295 1.0192 1.0500 1.1151 1.1467 1.1157 0.9947 1.0553
122 54 1.0351 0.9346 0.9624 1.0210 1.0491 1.0202 0.9092 0.9641
122 55 0.9652 0.8738 0.8983 0.9477 0.9704 0.9349 0.8241 0.8686
122 56 1.0506 0.9479 0.9766 1.0377 1.0675 1.0388 0.9262 0.9829
122 57 1.0380 0.9397 0.9660 1.0192 1.0436 1.0087 0.8930 0.9428
122 58 1.0120 0.9131 0.9408 0.9994 1.0278 1.0000 0.8916 0.9460
122 59 1.1075 0.9980 1.0290 1.0961 1.1293 1.1001 0.9816 1.0427
122 60 1.0083 0.9104 0.9375 0.9946 1.0220 0.9938 0.8857 0.9392
122 61 1.1251 1.0147 1.0457 1.1117 1.1440 1.1135 0.9931 1.0540
122 62 1.0575 0.9527 0.9825 1.0470 1.0791 1.0514 0.9383 0.9968
122 63 1.1347 1.0234 1.0547 1.1212 1.1538 1.1230 1.0015 1.0630
122 64 1.0498 0.9475 0.9760 1.0360 1.0650 1.0360 0.9235 0.9796
122 65 1.1138 1.0032 1.0347 1.1033 1.1375 1.1086 0.9895 1.0514
122 66 1.0584 0.9532 0.9833 1.0487 1.0814 1.0541 0.9409 0.9999
122 67 1.1797 1.0631 1.0962 1.1675 1.2028 1.1718 1.0455 1.1106
122 68 1.1261 1.0133 1.0458 1.1173 1.1535 1.1253 1.0049 1.0687
122 69 1.1190 1.0117 1.0409 1.1012 1.1296 1.0971 0.9770 1.0349
122 70 1.0074 0.9111 0.9372 0.9908 1.0159 0.9864 0.8782 0.9300
122 71 1.0642 0.9588 0.9888 1.0538 1.0861 1.0583 0.9445 1.0035
122 72 1.0234 0.9264 0.9524 1.0049 1.0291 0.9964 0.8842 0.9346
122 73 1.0050 0.9098 0.9353 0.9869 1.0106 0.9805 0.8725 0.9232
122 74 1.0505 0.9474 0.9764 1.0383 1.0687 1.0404 0.9279 0.9851
122 75 1.0442 0.9418 0.9705 1.0318 1.0618 1.0336 0.9218 0.9784
122 76 1.1798 1.0629 1.0962 1.1683 1.2042 1.1735 1.0473 1.1127
122 77 1.1654 1.0510 1.0831 1.1517 1.1852 1.1538 1.0290 1.0923
122 78 1.1293 1.0186 1.0496 1.1159 1.1482 1.1177 0.9968 1.0580
122 79 1.1105 1.0015 1.0321 1.0975 1.1295 1.0995 0.9806 1.0410
122 80 1.0793 0.9726 1.0028 1.0682 1.1005 1.0722 0.9567 1.0162
122 81 1.0717 0.9659 0.9959 1.0604 1.0923 1.0640 0.9493 1.0083
122 82 1.0650 0.9595 0.9895 1.0544 1.0867 1.0589 0.9450 1.0040
122 83 1.1688 1.0556 1.0868 1.1523 1.1837 1.1509 1.0256 1.0875
122 84 1.0283 0.9284 0.9561 1.0145 1.0427 1.0141 0.9040 0.9588
122 85 0.9990 0.9043 0.9296 0.9811 1.0048 0.9750 0.8677 0.9183
122 86 1.0635 0.9583 0.9882 1.0527 1.0847 1.0569 0.9431 1.0019
122 87 1.0425 0.9393 0.9686 1.0319 1.0633 1.0360 0.9244 0.9821
122 88 0.9208 0.8336 0.8569 0.9042 0.9260 0.8895 0.7808 0.8221
122 89 1.0755 0.9694 0.9995 1.0641 1.0961 1.0677 0.9526 1.0117
122 90 1.0629 0.9595 0.9882 1.0489 1.0782 1.0488 0.9349 0.9917
122 91 1.0702 0.9640 0.9943 1.0600 1.0927 1.0650 0.9505 1.0100
122 92 1.0927 0.9854 1.0155 1.0801 1.1117 1.0824 0.9654 1.0249
122 93 1.0681 0.9625 0.9925 1.0573 1.0895 1.0616 0.9473 1.0063
122 94 1.0300 0.9292 0.9574 1.0176 1.0469 1.0190 0.9087 0.9645
122 95 1.1113 0.9999 1.0320 1.1028 1.1387 1.1109 0.9921 1.0552
122 96 1.0953 0.9861 1.0174 1.0859 1.1204 1.0925 0.9754 1.0370
122 97 1.0703 0.9652 0.9948 1.0581 1.0891 1.0604 0.9459 1.0042
122 98 0.9516 0.8614 0.8855 0.9344 0.9570 0.9246 0.8181 0.8640
122 99 1.0752 0.9685 0.9990 1.0650 1.0980 1.0702 0.9552 1.0150
122 100 1.0566 0.9522 0.9818 1.0456 1.0772 1.0494 0.9364 0.9946
122 101 1.0015 0.9066 0.9320 0.9834 1.0070 0.9223 0.7610 0.7797
122 102 1.0735 0.9667 0.9972 1.0637 1.0971 1.0695 0.9546 1.0146
122 103 1.1107 1.0003 1.0318 1.1006 1.1351 1.1065 0.9877 1.0497
122 104 1.0554 0.9507 0.9805 1.0452 1.0775 1.0501 0.9372 0.9957
122 105 1.1185 1.0074 1.0391 1.1083 1.1429 1.1140 0.9944 1.0567
122 106 1.1238 1.0124 1.0441 1.1129 1.1472 1.1179 0.9977 1.0600
122 107 1.0762 0.9692 0.9998 1.0663 1.0996 1.0718 0.9567 1.0167
122 108 1.0844 0.9794 1.0084 1.0691 1.0982 1.0678 0.9516 1.0090
122 109 1.0862 0.9789 1.0093 1.0749 1.1074 1.0788 0.9625 1.0223
122 110 1.0752 0.9685 0.9989 1.0651 1.0981 1.0703 0.9552 1.0150
122 111 1.1121 1.0015 1.0331 1.1021 1.1367 1.1082 0.9892 1.0513
122 112 1.1279 1.0155 1.0477 1.1182 1.1536 1.1249 1.0042 1.0675
122 113 1.1202 1.0091 1.0408 1.1094 1.1436 1.1145 0.9947 1.0568
122 114 1.0912 0.9827 1.0137 1.0814 1.1153 1.0873 0.9706 1.0315
122 115 1.1270 1.0147 1.0469 1.1173 1.1528 1.1241 1.0035 1.0668
122 116 1.0879 0.9794 1.0106 1.0787 1.1130 1.0853 0.9689 1.0301
122 117 1.1240 1.0124 1.0442 1.1135 1.1481 1.1191 0.9989 1.0615
122 118 1.1072 0.9986 1.0291 1.0944 1.1264 1.0967 0.9782 1.0385
122 119 1.0822 0.9752 1.0056 1.0713 1.1040 1.0756 0.9599 1.0197
122 120 0.6377 0.5763 0.5931 0.6279 0.6445 0.6263 0.5579 0.5913
122 121 1.1433 1.0301 1.0623 1.1320 1.1667 1.1369 1.0146 1.0780
122 123 1.0756 0.9696 0.9995 1.0639 1.0958 1.0673 0.9522 1.0112
122 124 0.5126 0.4636 0.4769 0.5042 0.5171 0.5022 0.4472 0.4737
122 125 1.1324 1.0199 1.0521 1.1220 1.1570 1.1278 1.0067 1.0699
123 0 1.2173 1.1018 1.1325 1.1950 1.2236 1.1871 1.0563 1.1182
123 1 1.2472 1.1278 1.1600 1.2265 1.2578 1.2219 1.0885 1.1539
123 2 1.1807 1.0688 1.0987 1.1590 1.1867 1.1499 1.0218 1.0810
123 3 1.2089 1.0943 1.1249 1.1867 1.2150 1.1778 1.0470 1.1079
123 4 1.2272 1.1099 1.1416 1.2069 1.2377 1.2023 1.0711 1.1354
123 5 1.1237 1.0169 1.0455 1.1037 1.1306 1.0975 0.9773 1.0352
123 6 1.1872 1.0747 1.1048 1.1654 1.1929 1.1533 1.0215 1.0793
123 7 1.2565 1.1362 1.1688 1.2361 1.2679 1.2319 1.0975 1.1636
123 8 1.1730 1.0618 1.0916 1.1518 1.1795 1.1447 1.0191 1.0793
123 9 1.0504 0.9503 0.9773 1.0326 1.0583 1.0278 0.9154 0.9701
123 10 1.1423 1.0341 1.0630 1.1215 1.1484 1.1144 0.9921 1.0506
123 11 1.0629 0.9623 0.9892 1.0435 1.0682 1.0339 0.9173 0.9699
123 12 1.1313 1.0238 1.0527 1.1114 1.1385 1.1052 0.9842 1.0425
123 13 1.1695 1.0588 1.0884 1.1481 1.1753 1.1364 1.0069 1.0640
123 14 1.1862 1.0733 1.1037 1.1658 1.1946 1.1599 1.0330 1.0945
123 15 1.0132 0.9171 0.9428 0.9952 1.0193 0.9893 0.8809 0.9330
123 16 1.2579 1.1387 1.1706 1.2350 1.2645 1.2268 1.0919 1.1561
123 17 1.1173 1.0114 1.0397 1.0971 1.1235 1.0903 0.9707 1.0280
123 18 0.9975 0.9030 0.9283 0.9792 1.0024 0.9696 0.8595 0.9085
123 19 1.0389 0.9405 0.9668 1.0199 1.0441 1.0103 0.8961 0.9474
123 20 1.1935 1.0804 1.1107 1.1718 1.1997 1.1636 1.0353 1.0960
123 21 1.1270 1.0203 1.0488 1.1063 1.1325 1.0949 0.9698 1.0248
123 22 1.0511 0.9515 0.9781 1.0318 1.0562 1.0207 0.9036 0.9546
123 23 1.2078 1.0931 1.1239 1.1866 1.2155 1.1799 1.0507 1.1129
123 24 1.0408 0.9420 0.9685 1.0223 1.0471 1.0163 0.9049 0.9584
123 25 1.0558 0.9558 0.9826 1.0366 1.0613 1.0292 0.9156 0.9691
123 26 1.0250 0.9263 0.9533 1.0097 1.0366 1.0078 0.8982 0.9527
123 27 1.2111 1.0964 1.1271 1.1889 1.2171 1.1771 1.0433 1.1027
123 28 1.2580 1.1388 1.1707 1.2352 1.2648 1.2273 1.0927 1.1571
123 29 1.1622 1.0522 1.0816 1.1411 1.1683 1.1332 1.0083 1.0674
123 30 1.0065 0.9105 0.9364 0.9895 1.0141 0.9848 0.8771 0.9294
123 31 1.0910 0.9877 1.0153 1.0710 1.0964 1.0603 0.9396 0.9931
123 32 1.2096 1.0951 1.1258 1.1875 1.2156 1.1759 1.0425 1.1019
123 33 1.0245 0.9273 0.9534 1.0062 1.0305 1.0001 0.8904 0.9430
123 34 1.2014 1.0876 1.1181 1.1794 1.2073 1.1681 1.0357 1.0949
123 35 1.1579 1.0482 1.0776 1.1369 1.1640 1.1293 1.0051 1.0641
123 36 0.9976 0.9030 0.9283 0.9797 1.0033 0.9737 0.8669 0.9181
123 37 1.0105 0.9148 0.9404 0.9922 1.0159 0.9858 0.8777 0.9293
123 38 0.9721 0.8800 0.9047 0.9544 0.9772 0.9480 0.8438 0.8933
123 39 1.2243 1.1084 1.1394 1.2019 1.2303 1.1898 1.0545 1.1145
123 40 1.2039 1.0899 1.1204 1.1820 1.2101 1.1730 1.0429 1.1037
123 41 1.1220 1.0158 1.0442 1.1016 1.1277 1.0929 0.9714 1.0278
123 42 0.9834 0.8901 0.9151 0.9658 0.9891 0.9599 0.8546 0.9050
123 43 1.1757 1.0644 1.0942 1.1542 1.1815 1.1421 1.0116 1.0689
123 44 1.0724 0.9709 0.9980 1.0528 1.0776 1.0409 0.9209 0.9726
123 45 1.1020 0.9977 1.0256 1.0820 1.1077 1.0740 0.9551 1.0108
123 46 1.1290 1.0221 1.0507 1.1084 1.1347 1.0996 0.9772 1.0339
123 47 1.2509 1.1325 1.1642 1.2281 1.2572 1.2172 1.0805 1.1427
123 48 0.9250 0.8374 0.8608 0.9081 0.9296 0.9000 0.7988 0.8447
123 49 0.9974 0.9029 0.9282 0.9792 1.0025 0.9718 0.8642 0.9145
123 50 1.0919 0.9883 1.0161 1.0723 1.0981 1.0656 0.9487 1.0046
123 51 1.0861 0.9832 1.0108 1.0663 1.0916 1.0579 0.9403 0.9950
123 52 1.0521 0.9525 0.9791 1.0328 1.0572 1.0197 0.9005 0.9504
123 53 1.0021 0.9072 0.9326 0.9838 1.0072 0.9757 0.8669 0.9171
123 54 1.1274 1.0207 1.0493 1.1068 1.1330 1.0968 0.9732 1.0291
123 55 1.1534 1.0442 1.0735 1.1323 1.1589 1.1099 0.9702 1.0200
123 56 0.9811 0.8882 0.9131 0.9632 0.9861 0.9557 0.8494 0.8987
123 57 1.1707 1.0599 1.0895 1.1492 1.1763 1.1299 0.9921 1.0448
123 58 1.0102 0.9145 0.9401 0.9917 1.0152 0.9837 0.8741 0.9247
123 59 1.1101 1.0046 1.0330 1.0906 1.1172 1.0844 0.9655 1.0225
123 60 1.2512 1.1327 1.1644 1.2283 1.2574 1.2171 1.0800 1.1420
123 61 0.9786 0.8859 0.9107 0.9608 0.9836 0.9536 0.8480 0.8974
123 62 1.1068 1.0014 1.0298 1.0878 1.1146 1.0820 0.9635 1.0206
123 63 1.0241 0.9272 0.9531 1.0055 1.0293 0.9979 0.8874 0.9391
123 64 1.1204 1.0144 1.0428 1.1000 1.1260 1.0905 0.9683 1.0241
123 65 0.9749 0.8819 0.9071 0.9586 0.9826 0.9541 0.8497 0.9002
123 66 1.0712 0.9688 0.9966 1.0535 1.0800 1.0489 0.9342 0.9898
123 67 1.2010 1.0869 1.1176 1.1799 1.2085 1.1729 1.0443 1.1059
123 68 0.9984 0.9023 0.9286 0.9833 1.0092 0.9809 0.8740 0.9267
123 69 1.0852 0.9824 1.0099 1.0653 1.0905 1.0534 0.9321 0.9845
123 70 1.2188 1.1034 1.1343 1.1965 1.2247 1.1824 1.0455 1.1041
123 71 1.0745 0.9722 0.9998 1.0561 1.0822 1.0506 0.9355 0.9909
123 72 1.2167 1.1016 1.1324 1.1944 1.2226 1.1764 1.0353 1.0914
123 73 1.2337 1.1169 1.1482 1.2111 1.2397 1.1952 1.0548 1.1131
123 74 1.1230 1.0167 1.0452 1.1026 1.1288 1.0945 0.9736 1.0304
123 75 1.0911 0.9877 1.0154 1.0712 1.0966 1.0631 0.9454 1.0004
123 76 1.2052 1.0904 1.1214 1.1846 1.2139 1.1784 1.0494 1.1115
123 77 1.0723 0.9707 0.9979 1.0527 1.0777 1.0449 0.9293 0.9834
123 78 0.9050 0.8193 0.8423 0.8885 0.9096 0.8818 0.7840 0.8297
123 79 0.9532 0.8630 0.8871 0.9359 0.9581 0.9289 0.8261 0.8742
123 80 1.1428 1.0343 1.0635 1.1227 1.1500 1.1161 0.9937 1.0523
123 81 1.0950 0.9911 1.0190 1.0754 1.1013 1.0687 0.9514 1.0074
123 82 1.1645 1.0537 1.0836 1.1445 1.1726 1.1383 1.0136 1.0735
123 83 1.1555 1.0461 1.0754 1.1344 1.1612 1.1235 0.9963 1.0533
123 84 1.1606 1.0507 1.0802 1.1394 1.1664 1.1292 1.0022 1.0598
123 85 1.2549 1.1361 1.1679 1.2319 1.2609 1.2159 1.0732 1.1326
123 86 1.0130 0.9167 0.9426 0.9953 1.0196 0.9896 0.8811 0.9331
123 87 1.2063 1.0916 1.1225 1.1852 1.2141 1.1784 1.0492 1.1111
123 88 1.2193 1.1039 1.1348 1.1970 1.2252 1.1698 1.0185 1.0694
123 89 0.8839 0.8000 0.8225 0.8680 0.8889 0.8625 0.7678 0.8129
123 90 0.8300 0.7514 0.7725 0.8149 0.8341 0.8077 0.7170 0.7582
123 91 1.0102 0.9138 0.9399 0.9931 1.0177 0.9881 0.8799 0.9321
123 92 1.0807 0.9784 1.0058 1.0610 1.0862 1.0533 0.9369 0.9915
123 93 0.9282 0.8400 0.8638 0.9120 0.9343 0.9068 0.8074 0.8550
123 94 1.1744 1.0632 1.0930 1.1530 1.1803 1.1439 1.0169 1.0759
123 95 0.9692 0.8758 0.9014 0.9546 0.9798 0.9522 0.8485 0.8995
123 96 0.9589 0.8670 0.8920 0.9436 0.9678 0.9401 0.8374 0.8874
123 97 1.0362 0.9381 0.9644 1.0174 1.0415 1.0100 0.8984 0.9508
123 98 1.1732 1.0622 1.0919 1.1517 1.1788 1.1319 0.9931 1.0458
123 99 1.0350 0.9363 0.9630 1.0176 1.0429 1.0125 0.9017 0.9551
123 100 0.7455 0.6748 0.6938 0.7323 0.7500 0.7278 0.6479 0.6860
123 101 1.2495 1.1312 1.1629 1.2265 1.2553 1.1491 0.9478 0.9703
123 102 0.9784 0.8848 0.9102 0.9623 0.9865 0.9580 0.8532 0.9038
123 103 0.8663 0.7835 0.8060 0.8520 0.8735 0.8482 0.7554 0.8002
123 104 0.8393 0.7593 0.7809 0.8250 0.8454 0.8207 0.7308 0.7740
123 105 0.9517 0.8608 0.8854 0.9359 0.9594 0.9315 0.8296 0.8788
123 106 0.8015 0.7251 0.7457 0.7878 0.8072 0.7836 0.6977 0.7389
123 107 0.9843 0.8903 0.9158 0.9679 0.9922 0.9634 0.8580 0.9088
123 108 1.0165 0.9202 0.9460 0.9979 1.0215 0.9882 0.8763 0.9262
123 109 0.9161 0.8291 0.8525 0.8998 0.9215 0.8942 0.7960 0.8427
123 110 0.8204 0.7421 0.7633 0.8065 0.8266 0.8025 0.7146 0.7569
123 111 0.8299 0.7505 0.7721 0.8162 0.8368 0.8127 0.7238 0.7667
123 112 1.0272 0.9288 0.9555 1.0106 1.0364 1.0067 0.8966 0.9500
123 113 0.8190 0.7410 0.7621 0.8050 0.8249 0.8008 0.7131 0.7552
123 114 0.9254 0.8369 0.8610 0.9102 0.9331 0.9061 0.8070 0.8549
123 115 1.0030 0.9069 0.9331 0.9869 1.0121 0.9830 0.8756 0.9277
123 116 0.7143 0.6458 0.6645 0.7029 0.7209 0.7002 0.6237 0.6608
123 117 0.5562 0.5032 0.5175 0.5469 0.5605 0.5442 0.4846 0.5133
123 118 0.9892 0.8956 0.9206 0.9712 0.9942 0.9640 0.8573 0.9071
123 119 0.6510 0.5891 0.6058 0.6396 0.6551 0.6358 0.5661 0.5994
123 120 1.2258 1.1097 1.1408 1.2034 1.2318 1.1905 1.0541 1.1137
123 121 0.4336 0.3924 0.4035 0.4261 0.4366 0.4237 0.3773 0.3995
123 122 1.1568 1.0473 1.0767 1.1357 1.1625 1.1208 0.9892 1.0440
123 124 1.1692 1.0585 1.0882 1.1478 1.1749 1.1344 1.0031 1.0593
123 125 0.5870 0.5309 0.5461 0.5772 0.5916 0.5744 0.5116 0.5419
124 0 1.1956 1.0789 1.1112 1.1797 1.2128 1.1797 1.0514 1.1152
124 1 1.1947 1.0769 1.1100 1.1815 1.2167 1.1851 1.0571 1.1228
124 2 1.1461 1.0350 1.0656 1.1296 1.1601 1.1276 1.0046 1.0648
124 3 1.0795 0.9747 1.0036 1.0644 1.0934 1.0630 0.9472 1.0042
124 4 1.0936 0.9858 1.0162 1.0815 1.1138 1.0847 0.9677 1.0278
124 5 1.1632 1.0493 1.0811 1.1489 1.1819 1.1503 1.0257 1.0886
124 6 1.1984 1.0839 1.1149 1.1783 1.2076 1.1721 1.0433 1.1041
124 7 1.0723 0.9665 0.9964 1.0609 1.0927 1.0645 0.9498 1.0089
124 8 1.0834 0.9775 1.0070 1.0697 1.1001 1.0704 0.9543 1.0126
124 9 1.1648 1.0503 1.0825 1.1514 1.1852 1.1539 1.0293 1.0929
124 10 1.0833 0.9775 1.0070 1.0695 1.0998 1.0700 0.9540 1.0122
124 11 1.1957 1.0807 1.1121 1.1772 1.2078 1.1732 1.0449 1.1068
124 12 1.0869 0.9805 1.0103 1.0738 1.1047 1.0752 0.9589 1.0177
124 13 1.0652 0.9633 0.9909 1.0475 1.0738 1.0425 0.9280 0.9824
124 14 1.0870 0.9803 1.0103 1.0742 1.1055 1.0762 0.9599 1.0191
124 15 1.1762 1.0611 1.0933 1.1617 1.1950 1.1629 1.0370 1.1006
124 16 1.0761 0.9711 1.0003 1.0622 1.0920 1.0624 0.9472 1.0049
124 17 1.0915 0.9848 1.0146 1.0778 1.1084 1.0785 0.9617 1.0205
124 18 1.0623 0.9605 0.9882 1.0451 1.0717 1.0406 0.9266 0.9812
124 19 1.1934 1.0787 1.1100 1.1746 1.2049 1.1703 1.0422 1.1039
124 20 1.1124 1.0040 1.0342 1.0977 1.1283 1.0975 0.9784 1.0379
124 21 1.1841 1.0710 1.1016 1.1643 1.1933 1.1584 1.0312 1.0916
124 22 1.1704 1.0589 1.0890 1.1504 1.1787 1.1439 1.0182 1.0775
124 23 1.1011 0.9932 1.0235 1.0878 1.1192 1.0893 0.9715 1.0312
124 24 1.1527 1.0398 1.0714 1.1386 1.1713 1.1399 1.0165 1.0789
124 25 1.0882 0.9823 1.0117 1.0737 1.1035 1.0733 0.9567 1.0148
124 26 1.1633 1.0478 1.0807 1.1524 1.1884 1.1584 1.0341 1.0992
124 27 1.0582 0.9568 0.9844 1.0409 1.0673 1.0364 0.9228 0.9772
124 28 1.0704 0.9658 0.9950 1.0569 1.0870 1.0577 0.9431 1.0008
124 29 1.0925 0.9861 1.0157 1.0782 1.1083 1.0781 0.9612 1.0196
124 30 1.1254 1.0147 1.0459 1.1126 1.1454 1.1153 0.9949 1.0564
124 31 1.1813 1.0683 1.0990 1.1620 1.1914 1.1568 1.0300 1.0907
124 32 1.1105 1.0041 1.0330 1.0926 1.1205 1.0882 0.9690 1.0263
124 33 1.1682 1.0539 1.0859 1.1538 1.1868 1.1550 1.0300 1.0931
124 34 1.1184 1.0111 1.0403 1.1006 1.1288 1.0963 0.9764 1.0342
124 35 1.0822 0.9767 1.0061 1.0684 1.0985 1.0688 0.9529 1.0111
124 36 1.1758 1.0608 1.0930 1.1613 1.1945 1.1625 1.0366 1.1002
124 37 1.1405 1.0291 1.0602 1.1262 1.1582 1.1270 1.0049 1.0664
124 38 1.0941 0.9873 1.0171 1.0801 1.1105 1.0805 0.9633 1.0222
124 39 1.1463 1.0366 1.0664 1.1275 1.1561 1.1226 0.9996 1.0586
124 40 1.0824 0.9773 1.0064 1.0676 1.0969 1.0667 0.9507 1.0083
124 41 1.1944 1.0786 1.1106 1.1777 1.2097 1.1762 1.0483 1.1116
124 42 1.1580 1.0447 1.0764 1.1437 1.1765 1.1450 1.0210 1.0837
124 43 1.0469 0.9469 0.9740 1.0293 1.0550 1.0242 0.9118 0.9654
124 44 1.1583 1.0483 1.0778 1.1378 1.1654 1.1308 1.0064 1.0650
124 45 1.0820 0.9768 1.0060 1.0674 1.0969 1.0668 0.9509 1.0086
124 46 1.1963 1.0804 1.1124 1.1795 1.2116 1.1779 1.0498 1.1132
124 47 1.1245 1.0161 1.0458 1.1076 1.1369 1.1048 0.9842 1.0431
124 48 1.1802 1.0665 1.0977 1.1624 1.1930 1.1592 1.0327 1.0944
124 49 1.1590 1.0464 1.0776 1.1433 1.1748 1.1425 1.0184 1.0801
124 50 1.0892 0.9827 1.0124 1.0757 1.1065 1.0768 0.9602 1.0191
124 51 1.0736 0.9695 0.9983 1.0587 1.0876 1.0575 0.9425 0.9995
124 52 1.1474 1.0387 1.0678 1.1265 1.1534 1.1179 0.9936 1.0507
124 53 1.1700 1.0568 1.0880 1.1532 1.1843 1.1513 1.0260 1.0878
124 54 1.0777 0.9739 1.0023 1.0612 1.0890 1.0581 0.9426 0.9989
124 55 1.0105 0.9148 0.9404 0.9921 1.0157 0.9773 0.8598 0.9057
124 56 1.0897 0.9840 1.0133 1.0746 1.1039 1.0733 0.9566 1.0144
124 57 1.0843 0.9816 1.0091 1.0646 1.0899 1.0520 0.9296 0.9809
124 58 1.0504 0.9487 0.9768 1.0356 1.0636 1.0341 0.9216 0.9771
124 59 1.1487 1.0361 1.0677 1.1350 1.1678 1.1368 1.0138 1.0762
124 60 1.0606 0.9585 0.9864 1.0444 1.0718 1.0414 0.9277 0.9831
124 61 1.1653 1.0520 1.0835 1.1496 1.1814 1.1490 1.0242 1.0863
124 62 1.0986 0.9907 1.0211 1.0859 1.1177 1.0882 0.9706 1.0305
124 63 1.1748 1.0606 1.0923 1.1589 1.1910 1.1583 1.0325 1.0952
124 64 1.0902 0.9849 1.0139 1.0741 1.1027 1.0718 0.9550 1.0123
124 65 1.1523 1.0389 1.0709 1.1395 1.1733 1.1426 1.0193 1.0824
124 66 1.1004 0.9919 1.0226 1.0884 1.1209 1.0917 0.9740 1.0344
124 67 1.2235 1.1037 1.1373 1.2089 1.2438 1.2107 1.0797 1.1461
124 68 1.1665 1.0507 1.0837 1.1555 1.1913 1.1612 1.0365 1.1016
124 69 1.1612 1.0508 1.0805 1.1408 1.1687 1.1341 1.0095 1.0686
124 70 1.0586 0.9583 0.9852 1.0395 1.0644 1.0326 0.9190 0.9724
124 71 1.1026 0.9943 1.0247 1.0899 1.1218 1.0923 0.9743 1.0344
124 72 1.0730 0.9714 0.9986 1.0535 1.0787 1.0430 0.9239 0.9759
124 73 1.0542 0.9543 0.9811 1.0351 1.0598 1.0268 0.9120 0.9644
124 74 1.0915 0.9852 1.0148 1.0770 1.1070 1.0768 0.9600 1.0184
124 75 1.0835 0.9782 1.0074 1.0690 1.0986 1.0685 0.9525 1.0103
124 76 1.2228 1.1026 1.1364 1.2088 1.2443 1.2115 1.0807 1.1474
124 77 1.2053 1.0881 1.1207 1.1892 1.2222 1.1888 1.0597 1.1241
124 78 1.1674 1.0540 1.0855 1.1517 1.1835 1.1510 1.0260 1.0883
124 79 1.1483 1.0366 1.0676 1.1330 1.1644 1.1326 1.0096 1.0710
124 80 1.1194 1.0097 1.0405 1.1060 1.1380 1.1078 0.9880 1.0487
124 81 1.1114 1.0026 1.0331 1.0978 1.1293 1.0991 0.9802 1.0403
124 82 1.1065 0.9979 1.0285 1.0937 1.1257 1.0960 0.9776 1.0379
124 83 1.2107 1.0945 1.1262 1.1917 1.2225 1.1876 1.0579 1.1209
124 84 1.0704 0.9673 0.9955 1.0543 1.0821 1.0516 0.9369 0.9930
124 85 1.0502 0.9507 0.9774 1.0312 1.0559 1.0231 0.9090 0.9614
124 86 1.1033 0.9951 1.0255 1.0903 1.1220 1.0922 0.9742 1.0342
124 87 1.0860 0.9795 1.0094 1.0732 1.1044 1.0751 0.9589 1.0179
124 88 0.9667 0.8751 0.8996 0.9492 0.9719 0.9323 0.8168 0.8595
124 89 1.1144 1.0054 1.0359 1.1008 1.1323 1.1020 0.9827 1.0430
124 90 1.1009 0.9947 1.0239 1.0846 1.1134 1.0821 0.9641 1.0220
124 91 1.1100 1.0008 1.0316 1.0976 1.1300 1.1003 0.9816 1.0423
124 92 1.1320 1.0218 1.0525 1.1171 1.1483 1.1170 0.9958 1.0564
124 93 1.1065 0.9980 1.0285 1.0935 1.1252 1.0954 0.9770 1.0372
124 94 1.0729 0.9688 0.9976 1.0582 1.0873 1.0573 0.9424 0.9996
124 95 1.1480 1.0340 1.0665 1.1374 1.1728 1.1432 1.0204 1.0845
124 96 1.1321 1.0202 1.0519 1.1205 1.1545 1.1248 1.0037 1.0663
124 97 1.1091 1.0012 1.0312 1.0946 1.1252 1.0946 0.9759 1.0354
124 98 1.0019 0.9070 0.9324 0.9838 1.0074 0.9719 0.8584 0.9059
124 99 1.1145 1.0049 1.0358 1.1021 1.1347 1.1049 0.9857 1.0467
124 100 1.0939 0.9868 1.0168 1.0807 1.1118 1.0822 0.9651 1.0244
124 101 1.0521 0.9525 0.9792 1.0331 1.0578 0.9686 0.7991 0.8185
124 102 1.1089 0.9995 1.0304 1.0970 1.1298 1.1004 0.9818 1.0426
124 103 1.1480 1.0348 1.0668 1.1356 1.1696 1.1392 1.0163 1.0793
124 104 1.0930 0.9855 1.0158 1.0806 1.1125 1.0833 0.9663 1.0259
124 105 1.1561 1.0422 1.0744 1.1435 1.1776 1.1469 1.0232 1.0866
124 106 1.1612 1.0472 1.0793 1.1480 1.1818 1.1506 1.0264 1.0897
124 107 1.1152 1.0054 1.0364 1.1031 1.1360 1.1064 0.9870 1.0482
124 108 1.1234 1.0156 1.0450 1.1058 1.1344 1.1020 0.9816 1.0400
124 109 1.1210 1.0113 1.0420 1.1075 1.1394 1.1090 0.9890 1.0497
124 110 1.1132 1.0037 1.0346 1.1008 1.1334 1.1037 0.9846 1.0455
124 111 1.1487 1.0355 1.0675 1.1365 1.1706 1.1402 1.0172 1.0804
124 112 1.1649 1.0498 1.0824 1.1528 1.1878 1.1571 1.0325 1.0968
124 113 1.1570 1.0433 1.0753 1.1439 1.1775 1.1466 1.0228 1.0859
124 114 1.1286 1.0174 1.0488 1.1165 1.1500 1.1201 0.9994 1.0614
124 115 1.1620 1.0471 1.0797 1.1500 1.1849 1.1543 1.0300 1.0941
124 116 1.1248 1.0136 1.0452 1.1133 1.1472 1.1177 0.9973 1.0595
124 117 1.1602 1.0460 1.0782 1.1473 1.1814 1.1505 1.0264 1.0899
124 118 1.1424 1.0313 1.0621 1.1272 1.1587 1.1271 1.0048 1.0659
124 119 1.1202 1.0104 1.0412 1.1070 1.1392 1.1090 0.9891 1.0500
124 120 0.6146 0.5560 0.5719 0.6042 0.6193 0.6013 0.5354 0.5670
124 121 1.1800 1.0642 1.0967 1.1663 1.2004 1.1687 1.0424 1.1067
124 122 0.5253 0.4755 0.4888 0.5158 0.5282 0.5118 0.4547 0.4810
124 123 1.1120 1.0034 1.0337 1.0981 1.1294 1.0991 0.9801 1.0401
124 125 1.1682 1.0532 1.0857 1.1555 1.1899 1.1589 1.0339 1.0980
125 0 1.2945 1.1717 1.2043 1.2707 1.3012 1.2608 1.1200 1.1852
125 1 1.3326 1.2061 1.2398 1.3086 1.3405 1.3014 1.1589 1.2279
125 2 1.2531 1.1343 1.1660 1.2301 1.2594 1.2189 1.0813 1.1435
125 3 1.2846 1.1628 1.1953 1.2610 1.2911 1.2500 1.1094 1.1734
125 4 1.3197 1.1945 1.2280 1.2960 1.3275 1.2887 1.1477 1.2159
125 5 1.2081 1.0936 1.1241 1.1861 1.2146 1.1778 1.0474 1.1090
125 6 1.2964 1.1736 1.2064 1.2725 1.3027 1.2578 1.1123 1.1746
125 7 1.3429 1.2154 1.2496 1.3192 1.3516 1.3123 1.1688 1.2385
125 8 1.2579 1.1387 1.1706 1.2350 1.2646 1.2258 1.0897 1.1535
125 9 1.1245 1.0179 1.0464 1.1041 1.1308 1.0972 0.9765 1.0343
125 10 1.2293 1.1128 1.1439 1.2069 1.2358 1.1978 1.0646 1.1269
125 11 1.1302 1.0232 1.0518 1.1095 1.1358 1.0980 0.9726 1.0279
125 12 1.2217 1.1060 1.1369 1.1996 1.2284 1.1912 1.0595 1.1218
125 13 1.2478 1.1296 1.1612 1.2249 1.2538 1.2109 1.0711 1.1314
125 14 1.2841 1.1624 1.1950 1.2609 1.2912 1.2525 1.1145 1.1802
125 15 1.0787 0.9765 1.0039 1.0592 1.0845 1.0515 0.9350 0.9898
125 16 1.3315 1.2054 1.2391 1.3073 1.3385 1.2970 1.1524 1.2197
125 17 1.2128 1.0979 1.1286 1.1907 1.2192 1.1818 1.0505 1.1120
125 18 0.9503 0.8603 0.8843 0.9329 0.9549 0.9226 0.8164 0.8626
125 19 1.1073 1.0025 1.0305 1.0871 1.1128 1.0755 0.9523 1.0063
125 20 1.2937 1.1711 1.2039 1.2701 1.3004 1.2598 1.1190 1.1840
125 21 1.1908 1.0780 1.1082 1.1690 1.1966 1.1554 1.0218 1.0791
125 22 1.1084 1.0034 1.0315 1.0881 1.1138 1.0750 0.9501 1.0032
125 23 1.3183 1.1934 1.2269 1.2944 1.3254 1.2853 1.1431 1.2102
125 24 1.1095 1.0044 1.0325 1.0894 1.1154 1.0815 0.9617 1.0180
125 25 1.1403 1.0323 1.0612 1.1195 1.1462 1.1102 0.9859 1.0431
125 26 1.1052 0.9996 1.0282 1.0871 1.1148 1.0830 0.9649 1.0229
125 27 1.2789 1.1578 1.1902 1.2554 1.2851 1.2414 1.0984 1.1604
125 28 1.3348 1.2084 1.2422 1.3106 1.3419 1.3006 1.1560 1.2235
125 29 1.2758 1.1550 1.1873 1.2526 1.2825 1.2424 1.1035 1.1677
125 30 1.0739 0.9722 0.9994 1.0545 1.0799 1.0477 0.9326 0.9876
125 31 1.1483 1.0396 1.0687 1.1273 1.1539 1.1146 0.9861 1.0416
125 32 1.2721 1.1516 1.1838 1.2488 1.2783 1.2350 1.0930 1.1548
125 33 1.0956 0.9918 1.0196 1.0757 1.1014 1.0677 0.9492 1.0047
125 34 1.2837 1.1622 1.1947 1.2602 1.2900 1.2465 1.1034 1.1659
125 35 1.2585 1.1393 1.1712 1.2356 1.2651 1.2259 1.0892 1.1526
125 36 1.0729 0.9713 0.9985 1.0535 1.0786 1.0456 0.9295 0.9839
125 37 1.0679 0.9667 0.9938 1.0484 1.0735 1.0404 0.9247 0.9786
125 38 1.0413 0.9426 0.9690 1.0223 1.0467 1.0142 0.9011 0.9536
125 39 1.2217 1.1060 1.1370 1.1993 1.2277 1.1858 1.0490 1.1082
125 40 1.2993 1.1763 1.2092 1.2756 1.3059 1.2644 1.1222 1.1870
125 41 1.1839 1.0718 1.1018 1.1623 1.1899 1.1517 1.0219 1.0807
125 42 1.0459 0.9468 0.9733 1.0269 1.0514 1.0192 0.9061 0.9590
125 43 1.2419 1.1243 1.1558 1.2191 1.2479 1.2048 1.0653 1.1251
125 44 1.1223 1.0161 1.0445 1.1018 1.1278 1.0879 0.9609 1.0143
125 45 1.2140 1.0991 1.1299 1.1919 1.2202 1.1816 1.0490 1.1097
125 46 1.1888 1.0762 1.1063 1.1671 1.1948 1.1563 1.0259 1.0849
125 47 1.3179 1.1931 1.2265 1.2938 1.3245 1.2808 1.1350 1.1997
125 48 1.0010 0.9062 0.9316 0.9827 1.0059 0.9727 0.8618 0.9109
125 49 1.0560 0.9560 0.9827 1.0367 1.0613 1.0276 0.9122 0.9649
125 50 1.1915 1.0787 1.1089 1.1699 1.1977 1.1610 1.0321 1.0923
125 51 1.1875 1.0750 1.1052 1.1658 1.1935 1.1552 1.0250 1.0841
125 52 1.0992 0.9952 1.0230 1.0791 1.1045 1.0641 0.9380 0.9895
125 53 1.0804 0.9781 1.0055 1.0607 1.0858 1.0506 0.9318 0.9852
125 54 1.2176 1.1023 1.1332 1.1953 1.2236 1.1829 1.0479 1.1075
125 55 1.2117 1.0970 1.1277 1.1895 1.2175 1.1645 1.0163 1.0678
125 56 1.0638 0.9631 0.9900 1.0444 1.0691 1.0349 0.9182 0.9710
125 57 1.2280 1.1118 1.1429 1.2055 1.2339 1.1838 1.0376 1.0921
125 58 1.1294 1.0224 1.0511 1.1088 1.1350 1.0984 0.9743 1.0302
125 59 1.1653 1.0549 1.0845 1.1441 1.1714 1.1358 1.0101 1.0692
125 60 1.3182 1.1934 1.2268 1.2941 1.3247 1.2807 1.1345 1.1989
125 61 1.0670 0.9660 0.9930 1.0476 1.0724 1.0384 0.9218 0.9750
125 62 1.2378 1.1206 1.1520 1.2154 1.2444 1.2070 1.0739 1.1368
125 63 1.1156 1.0099 1.0382 1.0952 1.1212 1.0856 0.9637 1.0193
125 64 1.2251 1.1091 1.1402 1.2028 1.2312 1.1908 1.0555 1.1158
125 65 1.0730 0.9714 0.9986 1.0536 1.0788 1.0467 0.9317 0.9865
125 66 1.1594 1.0496 1.0790 1.1386 1.1660 1.1315 1.0074 1.0667
125 67 1.2677 1.1477 1.1798 1.2447 1.2743 1.2355 1.0987 1.1628
125 68 1.0972 0.9925 1.0208 1.0790 1.1062 1.0743 0.9569 1.0139
125 69 1.1340 1.0266 1.0554 1.1132 1.1394 1.0993 0.9710 1.0251
125 70 1.2750 1.1543 1.1866 1.2517 1.2812 1.2354 1.0905 1.1509
125 71 1.1152 1.0096 1.0379 1.0950 1.1211 1.0874 0.9675 1.0242
125 72 1.2744 1.1538 1.1861 1.2510 1.2805 1.2306 1.0811 1.1390
125 73 1.2967 1.1739 1.2068 1.2729 1.3029 1.2546 1.1053 1.1657
125 74 1.2268 1.1106 1.1417 1.2044 1.2330 1.1941 1.0603 1.1215
125 75 1.2015 1.0877 1.1182 1.1796 1.2076 1.1692 1.0379 1.0978
125 76 1.2713 1.1509 1.1831 1.2482 1.2780 1.2396 1.1030 1.1676
125 77 1.1254 1.0188 1.0474 1.1049 1.1311 1.0952 0.9723 1.0284
125 78 1.0073 0.9120 0.9375 0.9890 1.0124 0.9802 0.8700 0.9201
125 79 1.0435 0.9447 0.9712 1.0245 1.0488 1.0156 0.9016 0.9536
125 80 1.2837 1.1621 1.1947 1.2604 1.2904 1.2511 1.1125 1.1774
125 81 1.2327 1.1160 1.1472 1.2103 1.2391 1.2010 1.0677 1.1298
125 82 1.2593 1.1400 1.1720 1.2364 1.2659 1.2277 1.0922 1.1561
125 83 1.2089 1.0945 1.1251 1.1868 1.2148 1.1739 1.0392 1.0980
125 84 1.2025 1.0886 1.1191 1.1805 1.2084 1.1683 1.0351 1.0940
125 85 1.3160 1.1914 1.2248 1.2919 1.3223 1.2734 1.1221 1.1835
125 86 1.1561 1.0466 1.0760 1.1351 1.1622 1.1268 1.0022 1.0606
125 87 1.2571 1.1380 1.1699 1.2342 1.2636 1.2252 1.0897 1.1532
125 88 1.2715 1.1511 1.1834 1.2481 1.2775 1.2183 1.0589 1.1112
125 89 1.0514 0.9519 0.9785 1.0323 1.0569 1.0243 0.9105 0.9634
125 90 0.9829 0.8898 0.9147 0.9649 0.9877 0.9551 0.8464 0.8946
125 91 1.1856 1.0733 1.1034 1.1641 1.1919 1.1562 1.0290 1.0892
125 92 1.1937 1.0807 1.1110 1.1720 1.1997 1.1619 1.0317 1.0912
125 93 1.1201 1.0141 1.0425 1.0998 1.1260 1.0917 0.9710 1.0276
125 94 1.2183 1.1030 1.1339 1.1961 1.2244 1.1852 1.0517 1.1121
125 95 1.0775 0.9746 1.0025 1.0597 1.0865 1.0551 0.9397 0.9956
125 96 1.0651 0.9638 0.9911 1.0465 1.0721 1.0407 0.9266 0.9812
125 97 1.1756 1.0643 1.0941 1.1542 1.1815 1.1443 1.0161 1.0748
125 98 1.2279 1.1117 1.1428 1.2054 1.2337 1.1831 1.0362 1.0906
125 99 1.1990 1.0854 1.1159 1.1772 1.2053 1.1693 1.0406 1.1015
125 100 1.0000 0.9053 0.9307 0.9818 1.0052 0.9744 0.8663 0.9166
125 101 1.3075 1.1837 1.2169 1.2834 1.3136 1.2023 0.9916 1.0148
125 102 1.0655 0.9645 0.9916 1.0465 1.0716 1.0399 0.9257 0.9799
125 103 1.0059 0.9106 0.9362 0.9879 1.0116 0.9816 0.8738 0.9250
125 104 1.0623 0.9617 0.9886 1.0430 1.0678 1.0357 0.9216 0.9754
125 105 1.0727 0.9711 0.9983 1.0533 1.0785 1.0465 0.9315 0.9860
125 106 0.9370 0.8483 0.8720 0.9200 0.9419 0.9135 0.8127 0.8601
125 107 1.2096 1.0950 1.1257 1.1877 1.2161 1.1800 1.0503 1.1118
125 108 1.1385 1.0307 1.0595 1.1176 1.1440 1.1053 0.9784 1.0336
125 109 0.9749 0.8826 0.9073 0.9572 0.9799 0.9498 0.8443 0.8933
125 110 1.0887 0.9856 1.0132 1.0689 1.0944 1.0617 0.9448 1.0000
125 111 0.9610 0.8699 0.8944 0.9438 0.9665 0.9379 0.8349 0.8838
125 112 1.1482 1.0391 1.0684 1.1280 1.1555 1.1214 0.9984 1.0571
125 113 0.9120 0.8257 0.8488 0.8955 0.9168 0.8892 0.7911 0.8373
125 114 1.1932 1.0801 1.1104 1.1718 1.1999 1.1643 1.0365 1.0972
125 115 1.0827 0.9798 1.0075 1.0637 1.0896 1.0575 0.9415 0.9969
125 116 1.0625 0.9615 0.9887 1.0440 1.0695 1.0380 0.9242 0.9786
125 117 0.7876 0.7130 0.7330 0.7733 0.7918 0.7681 0.6836 0.7236
125 118 1.0656 0.9647 0.9918 1.0462 1.0710 1.0370 0.9206 0.9736
125 119 0.8019 0.7260 0.7463 0.7874 0.8061 0.7815 0.6949 0.7354
125 120 1.2448 1.1269 1.1585 1.2220 1.2508 1.2072 1.0671 1.1267
125 121 0.6582 0.5959 0.6126 0.6462 0.6616 0.6415 0.5706 0.6038
125 122 1.1735 1.0624 1.0922 1.1520 1.1791 1.1354 1.0003 1.0551
125 123 0.4434 0.4015 0.4127 0.4354 0.4457 0.4318 0.3837 0.4059
125 124 1.1856 1.0734 1.1035 1.1639 1.1914 1.1488 1.0140 1.0702
arc_sigma_end
